/home/rishabh/HPCA2/mosaic_delta_phase1/.scalesim-python -m mosaic_validation.scalesim_smoke_runner -c /home/rishabh/HPCA2/mosaic_delta_phase1/artifacts_phase3a/scalesim/array_64/scale.cfg -t /home/rishabh/HPCA2/mosaic_delta_phase1/artifacts_phase3a/scalesim/array_64/topology.csv -l /home/rishabh/HPCA2/mosaic_delta_phase1/artifacts_phase3a/scalesim/array_64/layout.csv -p /home/rishabh/HPCA2/mosaic_delta_phase1/artifacts_phase3a/scalesim/array_64/reports
====================================================
******************* SCALE SIM **********************
====================================================
Array Size: 	64x64
SRAM IFMAP (kB): 	256
SRAM Filter (kB): 	256
SRAM OFMAP (kB): 	256
Dataflow: 	Weight Stationary
topology file path: 	/home/rishabh/HPCA2/mosaic_delta_phase1/artifacts_phase3a/scalesim/array_64/topology.csv
layout file path: 	/home/rishabh/HPCA2/mosaic_delta_phase1/artifacts_phase3a/scalesim/array_64/layout.csv
Working in ESTIMATE BANDWIDTH mode.
====================================================

Running Layer 0
Total cycles: 453
Compute cycles: 190
Stall cycles: 0
Overall utilization: 0.03%
Mapping efficiency: 6.25%
Average IFMAP SRAM BW: 0.021 words/cycle
Average Filter SRAM BW: 1.347 words/cycle
Average OFMAP SRAM BW: 0.337 words/cycle
Average IFMAP DRAM BW: 0.015 words/cycle
Average Filter DRAM BW: 0.973 words/cycle
Average OFMAP DRAM BW: 64.000 words/cycle

Running Layer 1
Total cycles: 645
Compute cycles: 381
Stall cycles: 0
Overall utilization: 0.03%
Mapping efficiency: 6.25%
Average IFMAP SRAM BW: 0.021 words/cycle
Average Filter SRAM BW: 1.344 words/cycle
Average OFMAP SRAM BW: 0.336 words/cycle
Average IFMAP DRAM BW: 0.015 words/cycle
Average Filter DRAM BW: 1.947 words/cycle
Average OFMAP DRAM BW: 64.000 words/cycle

Running Layer 2
Total cycles: 453
Compute cycles: 190
Stall cycles: 0
Overall utilization: 0.07%
Mapping efficiency: 12.50%
Average IFMAP SRAM BW: 0.042 words/cycle
Average Filter SRAM BW: 2.695 words/cycle
Average OFMAP SRAM BW: 0.337 words/cycle
Average IFMAP DRAM BW: 0.030 words/cycle
Average Filter DRAM BW: 1.947 words/cycle
Average OFMAP DRAM BW: 64.000 words/cycle

Running Layer 3
Total cycles: 645
Compute cycles: 381
Stall cycles: 0
Overall utilization: 0.07%
Mapping efficiency: 12.50%
Average IFMAP SRAM BW: 0.042 words/cycle
Average Filter SRAM BW: 2.688 words/cycle
Average OFMAP SRAM BW: 0.336 words/cycle
Average IFMAP DRAM BW: 0.030 words/cycle
Average Filter DRAM BW: 3.894 words/cycle
Average OFMAP DRAM BW: 64.000 words/cycle

Running Layer 4
Total cycles: 453
Compute cycles: 190
Stall cycles: 0
Overall utilization: 0.13%
Mapping efficiency: 25.00%
Average IFMAP SRAM BW: 0.084 words/cycle
Average Filter SRAM BW: 5.389 words/cycle
Average OFMAP SRAM BW: 0.337 words/cycle
Average IFMAP DRAM BW: 0.061 words/cycle
Average Filter DRAM BW: 3.894 words/cycle
Average OFMAP DRAM BW: 64.000 words/cycle

Running Layer 5
Total cycles: 645
Compute cycles: 381
Stall cycles: 0
Overall utilization: 0.13%
Mapping efficiency: 25.00%
Average IFMAP SRAM BW: 0.084 words/cycle
Average Filter SRAM BW: 5.375 words/cycle
Average OFMAP SRAM BW: 0.336 words/cycle
Average IFMAP DRAM BW: 0.061 words/cycle
Average Filter DRAM BW: 7.787 words/cycle
Average OFMAP DRAM BW: 64.000 words/cycle

Running Layer 6
Total cycles: 453
Compute cycles: 190
Stall cycles: 0
Overall utilization: 0.26%
Mapping efficiency: 50.00%
Average IFMAP SRAM BW: 0.168 words/cycle
Average Filter SRAM BW: 10.779 words/cycle
Average OFMAP SRAM BW: 0.337 words/cycle
Average IFMAP DRAM BW: 0.122 words/cycle
Average Filter DRAM BW: 7.787 words/cycle
Average OFMAP DRAM BW: 64.000 words/cycle

Running Layer 7
Total cycles: 907
Compute cycles: 381
Stall cycles: 0
Overall utilization: 0.26%
Mapping efficiency: 50.00%
Average IFMAP SRAM BW: 0.168 words/cycle
Average Filter SRAM BW: 10.751 words/cycle
Average OFMAP SRAM BW: 0.336 words/cycle
Average IFMAP DRAM BW: 0.122 words/cycle
Average Filter DRAM BW: 7.802 words/cycle
Average OFMAP DRAM BW: 64.000 words/cycle

Running Layer 8
Total cycles: 715
Compute cycles: 190
Stall cycles: 0
Overall utilization: 0.53%
Mapping efficiency: 100.00%
Average IFMAP SRAM BW: 0.337 words/cycle
Average Filter SRAM BW: 21.558 words/cycle
Average OFMAP SRAM BW: 0.337 words/cycle
Average IFMAP DRAM BW: 0.243 words/cycle
Average Filter DRAM BW: 7.802 words/cycle
Average OFMAP DRAM BW: 64.000 words/cycle

Running Layer 9
Total cycles: 1431
Compute cycles: 381
Stall cycles: 0
Overall utilization: 0.52%
Mapping efficiency: 100.00%
Average IFMAP SRAM BW: 0.336 words/cycle
Average Filter SRAM BW: 21.501 words/cycle
Average OFMAP SRAM BW: 0.336 words/cycle
Average IFMAP DRAM BW: 0.243 words/cycle
Average Filter DRAM BW: 7.809 words/cycle
Average OFMAP DRAM BW: 64.000 words/cycle

Running Layer 10
Total cycles: 2601
Compute cycles: 763
Stall cycles: 0
Overall utilization: 0.52%
Mapping efficiency: 100.00%
Average IFMAP SRAM BW: 0.336 words/cycle
Average Filter SRAM BW: 21.473 words/cycle
Average OFMAP SRAM BW: 0.336 words/cycle
Average IFMAP DRAM BW: 0.487 words/cycle
Average Filter DRAM BW: 8.929 words/cycle
Average OFMAP DRAM BW: 64.000 words/cycle

Running Layer 11
Total cycles: 455
Compute cycles: 191
Stall cycles: 0
Overall utilization: 0.07%
Mapping efficiency: 6.25%
Average IFMAP SRAM BW: 0.042 words/cycle
Average Filter SRAM BW: 1.340 words/cycle
Average OFMAP SRAM BW: 0.670 words/cycle
Average IFMAP DRAM BW: 0.030 words/cycle
Average Filter DRAM BW: 0.973 words/cycle
Average OFMAP DRAM BW: 64.000 words/cycle

Running Layer 12
Total cycles: 649
Compute cycles: 383
Stall cycles: 0
Overall utilization: 0.07%
Mapping efficiency: 6.25%
Average IFMAP SRAM BW: 0.042 words/cycle
Average Filter SRAM BW: 1.337 words/cycle
Average OFMAP SRAM BW: 0.668 words/cycle
Average IFMAP DRAM BW: 0.030 words/cycle
Average Filter DRAM BW: 1.947 words/cycle
Average OFMAP DRAM BW: 64.000 words/cycle

Running Layer 13
Total cycles: 455
Compute cycles: 191
Stall cycles: 0
Overall utilization: 0.13%
Mapping efficiency: 12.50%
Average IFMAP SRAM BW: 0.084 words/cycle
Average Filter SRAM BW: 2.681 words/cycle
Average OFMAP SRAM BW: 0.670 words/cycle
Average IFMAP DRAM BW: 0.061 words/cycle
Average Filter DRAM BW: 1.947 words/cycle
Average OFMAP DRAM BW: 64.000 words/cycle

Running Layer 14
Total cycles: 649
Compute cycles: 383
Stall cycles: 0
Overall utilization: 0.13%
Mapping efficiency: 12.50%
Average IFMAP SRAM BW: 0.084 words/cycle
Average Filter SRAM BW: 2.674 words/cycle
Average OFMAP SRAM BW: 0.668 words/cycle
Average IFMAP DRAM BW: 0.061 words/cycle
Average Filter DRAM BW: 3.894 words/cycle
Average OFMAP DRAM BW: 64.000 words/cycle

Running Layer 15
Total cycles: 455
Compute cycles: 191
Stall cycles: 0
Overall utilization: 0.26%
Mapping efficiency: 25.00%
Average IFMAP SRAM BW: 0.168 words/cycle
Average Filter SRAM BW: 5.361 words/cycle
Average OFMAP SRAM BW: 0.670 words/cycle
Average IFMAP DRAM BW: 0.122 words/cycle
Average Filter DRAM BW: 3.894 words/cycle
Average OFMAP DRAM BW: 64.000 words/cycle

Running Layer 16
Total cycles: 649
Compute cycles: 383
Stall cycles: 0
Overall utilization: 0.26%
Mapping efficiency: 25.00%
Average IFMAP SRAM BW: 0.167 words/cycle
Average Filter SRAM BW: 5.347 words/cycle
Average OFMAP SRAM BW: 0.668 words/cycle
Average IFMAP DRAM BW: 0.122 words/cycle
Average Filter DRAM BW: 7.787 words/cycle
Average OFMAP DRAM BW: 64.000 words/cycle

Running Layer 17
Total cycles: 455
Compute cycles: 191
Stall cycles: 0
Overall utilization: 0.52%
Mapping efficiency: 50.00%
Average IFMAP SRAM BW: 0.335 words/cycle
Average Filter SRAM BW: 10.723 words/cycle
Average OFMAP SRAM BW: 0.670 words/cycle
Average IFMAP DRAM BW: 0.243 words/cycle
Average Filter DRAM BW: 7.787 words/cycle
Average OFMAP DRAM BW: 64.000 words/cycle

Running Layer 18
Total cycles: 911
Compute cycles: 383
Stall cycles: 0
Overall utilization: 0.52%
Mapping efficiency: 50.00%
Average IFMAP SRAM BW: 0.334 words/cycle
Average Filter SRAM BW: 10.695 words/cycle
Average OFMAP SRAM BW: 0.668 words/cycle
Average IFMAP DRAM BW: 0.243 words/cycle
Average Filter DRAM BW: 7.802 words/cycle
Average OFMAP DRAM BW: 64.000 words/cycle

Running Layer 19
Total cycles: 717
Compute cycles: 191
Stall cycles: 0
Overall utilization: 1.05%
Mapping efficiency: 100.00%
Average IFMAP SRAM BW: 0.670 words/cycle
Average Filter SRAM BW: 21.445 words/cycle
Average OFMAP SRAM BW: 0.670 words/cycle
Average IFMAP DRAM BW: 0.487 words/cycle
Average Filter DRAM BW: 7.802 words/cycle
Average OFMAP DRAM BW: 64.000 words/cycle

Running Layer 20
Total cycles: 1435
Compute cycles: 383
Stall cycles: 0
Overall utilization: 1.04%
Mapping efficiency: 100.00%
Average IFMAP SRAM BW: 0.668 words/cycle
Average Filter SRAM BW: 21.389 words/cycle
Average OFMAP SRAM BW: 0.668 words/cycle
Average IFMAP DRAM BW: 0.487 words/cycle
Average Filter DRAM BW: 7.809 words/cycle
Average OFMAP DRAM BW: 64.000 words/cycle

Running Layer 21
Total cycles: 2609
Compute cycles: 767
Stall cycles: 0
Overall utilization: 1.04%
Mapping efficiency: 100.00%
Average IFMAP SRAM BW: 0.668 words/cycle
Average Filter SRAM BW: 21.361 words/cycle
Average OFMAP SRAM BW: 0.668 words/cycle
Average IFMAP DRAM BW: 0.973 words/cycle
Average Filter DRAM BW: 8.929 words/cycle
Average OFMAP DRAM BW: 64.000 words/cycle

Running Layer 22
Total cycles: 457
Compute cycles: 192
Stall cycles: 0
Overall utilization: 0.10%
Mapping efficiency: 6.25%
Average IFMAP SRAM BW: 0.062 words/cycle
Average Filter SRAM BW: 1.333 words/cycle
Average OFMAP SRAM BW: 1.000 words/cycle
Average IFMAP DRAM BW: 0.046 words/cycle
Average Filter DRAM BW: 0.973 words/cycle
Average OFMAP DRAM BW: 64.000 words/cycle

Running Layer 23
Total cycles: 653
Compute cycles: 385
Stall cycles: 0
Overall utilization: 0.10%
Mapping efficiency: 6.25%
Average IFMAP SRAM BW: 0.062 words/cycle
Average Filter SRAM BW: 1.330 words/cycle
Average OFMAP SRAM BW: 0.997 words/cycle
Average IFMAP DRAM BW: 0.046 words/cycle
Average Filter DRAM BW: 1.947 words/cycle
Average OFMAP DRAM BW: 64.000 words/cycle

Running Layer 24
Total cycles: 457
Compute cycles: 192
Stall cycles: 0
Overall utilization: 0.20%
Mapping efficiency: 12.50%
Average IFMAP SRAM BW: 0.125 words/cycle
Average Filter SRAM BW: 2.667 words/cycle
Average OFMAP SRAM BW: 1.000 words/cycle
Average IFMAP DRAM BW: 0.091 words/cycle
Average Filter DRAM BW: 1.947 words/cycle
Average OFMAP DRAM BW: 64.000 words/cycle

Running Layer 25
Total cycles: 653
Compute cycles: 385
Stall cycles: 0
Overall utilization: 0.19%
Mapping efficiency: 12.50%
Average IFMAP SRAM BW: 0.125 words/cycle
Average Filter SRAM BW: 2.660 words/cycle
Average OFMAP SRAM BW: 0.997 words/cycle
Average IFMAP DRAM BW: 0.091 words/cycle
Average Filter DRAM BW: 3.894 words/cycle
Average OFMAP DRAM BW: 64.000 words/cycle

Running Layer 26
Total cycles: 457
Compute cycles: 192
Stall cycles: 0
Overall utilization: 0.39%
Mapping efficiency: 25.00%
Average IFMAP SRAM BW: 0.250 words/cycle
Average Filter SRAM BW: 5.333 words/cycle
Average OFMAP SRAM BW: 1.000 words/cycle
Average IFMAP DRAM BW: 0.183 words/cycle
Average Filter DRAM BW: 3.894 words/cycle
Average OFMAP DRAM BW: 64.000 words/cycle

Running Layer 27
Total cycles: 653
Compute cycles: 385
Stall cycles: 0
Overall utilization: 0.39%
Mapping efficiency: 25.00%
Average IFMAP SRAM BW: 0.249 words/cycle
Average Filter SRAM BW: 5.319 words/cycle
Average OFMAP SRAM BW: 0.997 words/cycle
Average IFMAP DRAM BW: 0.183 words/cycle
Average Filter DRAM BW: 7.787 words/cycle
Average OFMAP DRAM BW: 64.000 words/cycle

Running Layer 28
Total cycles: 457
Compute cycles: 192
Stall cycles: 0
Overall utilization: 0.78%
Mapping efficiency: 50.00%
Average IFMAP SRAM BW: 0.500 words/cycle
Average Filter SRAM BW: 10.667 words/cycle
Average OFMAP SRAM BW: 1.000 words/cycle
Average IFMAP DRAM BW: 0.365 words/cycle
Average Filter DRAM BW: 7.787 words/cycle
Average OFMAP DRAM BW: 64.000 words/cycle

Running Layer 29
Total cycles: 915
Compute cycles: 385
Stall cycles: 0
Overall utilization: 0.78%
Mapping efficiency: 50.00%
Average IFMAP SRAM BW: 0.499 words/cycle
Average Filter SRAM BW: 10.639 words/cycle
Average OFMAP SRAM BW: 0.997 words/cycle
Average IFMAP DRAM BW: 0.365 words/cycle
Average Filter DRAM BW: 7.802 words/cycle
Average OFMAP DRAM BW: 64.000 words/cycle

Running Layer 30
Total cycles: 719
Compute cycles: 192
Stall cycles: 0
Overall utilization: 1.56%
Mapping efficiency: 100.00%
Average IFMAP SRAM BW: 1.000 words/cycle
Average Filter SRAM BW: 21.333 words/cycle
Average OFMAP SRAM BW: 1.000 words/cycle
Average IFMAP DRAM BW: 0.730 words/cycle
Average Filter DRAM BW: 7.802 words/cycle
Average OFMAP DRAM BW: 64.000 words/cycle

Running Layer 31
Total cycles: 1439
Compute cycles: 385
Stall cycles: 0
Overall utilization: 1.56%
Mapping efficiency: 100.00%
Average IFMAP SRAM BW: 0.997 words/cycle
Average Filter SRAM BW: 21.278 words/cycle
Average OFMAP SRAM BW: 0.997 words/cycle
Average IFMAP DRAM BW: 0.730 words/cycle
Average Filter DRAM BW: 7.809 words/cycle
Average OFMAP DRAM BW: 64.000 words/cycle

Running Layer 32
Total cycles: 2617
Compute cycles: 771
Stall cycles: 0
Overall utilization: 1.56%
Mapping efficiency: 100.00%
Average IFMAP SRAM BW: 0.996 words/cycle
Average Filter SRAM BW: 21.250 words/cycle
Average OFMAP SRAM BW: 0.996 words/cycle
Average IFMAP DRAM BW: 1.460 words/cycle
Average Filter DRAM BW: 8.929 words/cycle
Average OFMAP DRAM BW: 64.000 words/cycle

Running Layer 33
Total cycles: 459
Compute cycles: 193
Stall cycles: 0
Overall utilization: 0.13%
Mapping efficiency: 6.25%
Average IFMAP SRAM BW: 0.083 words/cycle
Average Filter SRAM BW: 1.326 words/cycle
Average OFMAP SRAM BW: 1.326 words/cycle
Average IFMAP DRAM BW: 0.061 words/cycle
Average Filter DRAM BW: 0.973 words/cycle
Average OFMAP DRAM BW: 64.000 words/cycle

Running Layer 34
Total cycles: 657
Compute cycles: 387
Stall cycles: 0
Overall utilization: 0.13%
Mapping efficiency: 6.25%
Average IFMAP SRAM BW: 0.083 words/cycle
Average Filter SRAM BW: 1.323 words/cycle
Average OFMAP SRAM BW: 1.323 words/cycle
Average IFMAP DRAM BW: 0.061 words/cycle
Average Filter DRAM BW: 1.947 words/cycle
Average OFMAP DRAM BW: 64.000 words/cycle

Running Layer 35
Total cycles: 459
Compute cycles: 193
Stall cycles: 0
Overall utilization: 0.26%
Mapping efficiency: 12.50%
Average IFMAP SRAM BW: 0.166 words/cycle
Average Filter SRAM BW: 2.653 words/cycle
Average OFMAP SRAM BW: 1.326 words/cycle
Average IFMAP DRAM BW: 0.122 words/cycle
Average Filter DRAM BW: 1.947 words/cycle
Average OFMAP DRAM BW: 64.000 words/cycle

Running Layer 36
Total cycles: 657
Compute cycles: 387
Stall cycles: 0
Overall utilization: 0.26%
Mapping efficiency: 12.50%
Average IFMAP SRAM BW: 0.165 words/cycle
Average Filter SRAM BW: 2.646 words/cycle
Average OFMAP SRAM BW: 1.323 words/cycle
Average IFMAP DRAM BW: 0.122 words/cycle
Average Filter DRAM BW: 3.894 words/cycle
Average OFMAP DRAM BW: 64.000 words/cycle

Running Layer 37
Total cycles: 459
Compute cycles: 193
Stall cycles: 0
Overall utilization: 0.52%
Mapping efficiency: 25.00%
Average IFMAP SRAM BW: 0.332 words/cycle
Average Filter SRAM BW: 5.306 words/cycle
Average OFMAP SRAM BW: 1.326 words/cycle
Average IFMAP DRAM BW: 0.243 words/cycle
Average Filter DRAM BW: 3.894 words/cycle
Average OFMAP DRAM BW: 64.000 words/cycle

Running Layer 38
Total cycles: 657
Compute cycles: 387
Stall cycles: 0
Overall utilization: 0.52%
Mapping efficiency: 25.00%
Average IFMAP SRAM BW: 0.331 words/cycle
Average Filter SRAM BW: 5.292 words/cycle
Average OFMAP SRAM BW: 1.323 words/cycle
Average IFMAP DRAM BW: 0.243 words/cycle
Average Filter DRAM BW: 7.787 words/cycle
Average OFMAP DRAM BW: 64.000 words/cycle

Running Layer 39
Total cycles: 459
Compute cycles: 193
Stall cycles: 0
Overall utilization: 1.04%
Mapping efficiency: 50.00%
Average IFMAP SRAM BW: 0.663 words/cycle
Average Filter SRAM BW: 10.611 words/cycle
Average OFMAP SRAM BW: 1.326 words/cycle
Average IFMAP DRAM BW: 0.487 words/cycle
Average Filter DRAM BW: 7.787 words/cycle
Average OFMAP DRAM BW: 64.000 words/cycle

Running Layer 40
Total cycles: 919
Compute cycles: 387
Stall cycles: 0
Overall utilization: 1.03%
Mapping efficiency: 50.00%
Average IFMAP SRAM BW: 0.661 words/cycle
Average Filter SRAM BW: 10.584 words/cycle
Average OFMAP SRAM BW: 1.323 words/cycle
Average IFMAP DRAM BW: 0.487 words/cycle
Average Filter DRAM BW: 7.802 words/cycle
Average OFMAP DRAM BW: 64.000 words/cycle

Running Layer 41
Total cycles: 721
Compute cycles: 193
Stall cycles: 0
Overall utilization: 2.07%
Mapping efficiency: 100.00%
Average IFMAP SRAM BW: 1.326 words/cycle
Average Filter SRAM BW: 21.223 words/cycle
Average OFMAP SRAM BW: 1.326 words/cycle
Average IFMAP DRAM BW: 0.973 words/cycle
Average Filter DRAM BW: 7.802 words/cycle
Average OFMAP DRAM BW: 64.000 words/cycle

Running Layer 42
Total cycles: 1443
Compute cycles: 387
Stall cycles: 0
Overall utilization: 2.07%
Mapping efficiency: 100.00%
Average IFMAP SRAM BW: 1.323 words/cycle
Average Filter SRAM BW: 21.168 words/cycle
Average OFMAP SRAM BW: 1.323 words/cycle
Average IFMAP DRAM BW: 0.973 words/cycle
Average Filter DRAM BW: 7.809 words/cycle
Average OFMAP DRAM BW: 64.000 words/cycle

Running Layer 43
Total cycles: 2625
Compute cycles: 775
Stall cycles: 0
Overall utilization: 2.06%
Mapping efficiency: 100.00%
Average IFMAP SRAM BW: 1.321 words/cycle
Average Filter SRAM BW: 21.141 words/cycle
Average OFMAP SRAM BW: 1.321 words/cycle
Average IFMAP DRAM BW: 1.947 words/cycle
Average Filter DRAM BW: 8.929 words/cycle
Average OFMAP DRAM BW: 64.000 words/cycle

Running Layer 44
Total cycles: 461
Compute cycles: 194
Stall cycles: 0
Overall utilization: 0.16%
Mapping efficiency: 6.25%
Average IFMAP SRAM BW: 0.103 words/cycle
Average Filter SRAM BW: 1.320 words/cycle
Average OFMAP SRAM BW: 1.649 words/cycle
Average IFMAP DRAM BW: 0.076 words/cycle
Average Filter DRAM BW: 0.973 words/cycle
Average OFMAP DRAM BW: 64.000 words/cycle

Running Layer 45
Total cycles: 661
Compute cycles: 389
Stall cycles: 0
Overall utilization: 0.16%
Mapping efficiency: 6.25%
Average IFMAP SRAM BW: 0.103 words/cycle
Average Filter SRAM BW: 1.316 words/cycle
Average OFMAP SRAM BW: 1.645 words/cycle
Average IFMAP DRAM BW: 0.076 words/cycle
Average Filter DRAM BW: 1.947 words/cycle
Average OFMAP DRAM BW: 64.000 words/cycle

Running Layer 46
Total cycles: 461
Compute cycles: 194
Stall cycles: 0
Overall utilization: 0.32%
Mapping efficiency: 12.50%
Average IFMAP SRAM BW: 0.206 words/cycle
Average Filter SRAM BW: 2.639 words/cycle
Average OFMAP SRAM BW: 1.649 words/cycle
Average IFMAP DRAM BW: 0.152 words/cycle
Average Filter DRAM BW: 1.947 words/cycle
Average OFMAP DRAM BW: 64.000 words/cycle

Running Layer 47
Total cycles: 661
Compute cycles: 389
Stall cycles: 0
Overall utilization: 0.32%
Mapping efficiency: 12.50%
Average IFMAP SRAM BW: 0.206 words/cycle
Average Filter SRAM BW: 2.632 words/cycle
Average OFMAP SRAM BW: 1.645 words/cycle
Average IFMAP DRAM BW: 0.152 words/cycle
Average Filter DRAM BW: 3.894 words/cycle
Average OFMAP DRAM BW: 64.000 words/cycle

Running Layer 48
Total cycles: 461
Compute cycles: 194
Stall cycles: 0
Overall utilization: 0.64%
Mapping efficiency: 25.00%
Average IFMAP SRAM BW: 0.412 words/cycle
Average Filter SRAM BW: 5.278 words/cycle
Average OFMAP SRAM BW: 1.649 words/cycle
Average IFMAP DRAM BW: 0.304 words/cycle
Average Filter DRAM BW: 3.894 words/cycle
Average OFMAP DRAM BW: 64.000 words/cycle

Running Layer 49
Total cycles: 661
Compute cycles: 389
Stall cycles: 0
Overall utilization: 0.64%
Mapping efficiency: 25.00%
Average IFMAP SRAM BW: 0.411 words/cycle
Average Filter SRAM BW: 5.265 words/cycle
Average OFMAP SRAM BW: 1.645 words/cycle
Average IFMAP DRAM BW: 0.304 words/cycle
Average Filter DRAM BW: 7.787 words/cycle
Average OFMAP DRAM BW: 64.000 words/cycle

Running Layer 50
Total cycles: 461
Compute cycles: 194
Stall cycles: 0
Overall utilization: 1.29%
Mapping efficiency: 50.00%
Average IFMAP SRAM BW: 0.825 words/cycle
Average Filter SRAM BW: 10.557 words/cycle
Average OFMAP SRAM BW: 1.649 words/cycle
Average IFMAP DRAM BW: 0.608 words/cycle
Average Filter DRAM BW: 7.787 words/cycle
Average OFMAP DRAM BW: 64.000 words/cycle

Running Layer 51
Total cycles: 923
Compute cycles: 389
Stall cycles: 0
Overall utilization: 1.29%
Mapping efficiency: 50.00%
Average IFMAP SRAM BW: 0.823 words/cycle
Average Filter SRAM BW: 10.530 words/cycle
Average OFMAP SRAM BW: 1.645 words/cycle
Average IFMAP DRAM BW: 0.608 words/cycle
Average Filter DRAM BW: 7.802 words/cycle
Average OFMAP DRAM BW: 64.000 words/cycle

Running Layer 52
Total cycles: 723
Compute cycles: 194
Stall cycles: 0
Overall utilization: 2.58%
Mapping efficiency: 100.00%
Average IFMAP SRAM BW: 1.649 words/cycle
Average Filter SRAM BW: 21.113 words/cycle
Average OFMAP SRAM BW: 1.649 words/cycle
Average IFMAP DRAM BW: 1.217 words/cycle
Average Filter DRAM BW: 7.802 words/cycle
Average OFMAP DRAM BW: 64.000 words/cycle

Running Layer 53
Total cycles: 1447
Compute cycles: 389
Stall cycles: 0
Overall utilization: 2.57%
Mapping efficiency: 100.00%
Average IFMAP SRAM BW: 1.645 words/cycle
Average Filter SRAM BW: 21.059 words/cycle
Average OFMAP SRAM BW: 1.645 words/cycle
Average IFMAP DRAM BW: 1.217 words/cycle
Average Filter DRAM BW: 7.809 words/cycle
Average OFMAP DRAM BW: 64.000 words/cycle

Running Layer 54
Total cycles: 2633
Compute cycles: 779
Stall cycles: 0
Overall utilization: 2.57%
Mapping efficiency: 100.00%
Average IFMAP SRAM BW: 1.643 words/cycle
Average Filter SRAM BW: 21.032 words/cycle
Average OFMAP SRAM BW: 1.643 words/cycle
Average IFMAP DRAM BW: 2.433 words/cycle
Average Filter DRAM BW: 8.929 words/cycle
Average OFMAP DRAM BW: 64.000 words/cycle

Running Layer 55
Total cycles: 463
Compute cycles: 195
Stall cycles: 0
Overall utilization: 0.19%
Mapping efficiency: 6.25%
Average IFMAP SRAM BW: 0.123 words/cycle
Average Filter SRAM BW: 1.313 words/cycle
Average OFMAP SRAM BW: 1.969 words/cycle
Average IFMAP DRAM BW: 0.091 words/cycle
Average Filter DRAM BW: 0.973 words/cycle
Average OFMAP DRAM BW: 64.000 words/cycle

Running Layer 56
Total cycles: 665
Compute cycles: 391
Stall cycles: 0
Overall utilization: 0.19%
Mapping efficiency: 6.25%
Average IFMAP SRAM BW: 0.123 words/cycle
Average Filter SRAM BW: 1.309 words/cycle
Average OFMAP SRAM BW: 1.964 words/cycle
Average IFMAP DRAM BW: 0.091 words/cycle
Average Filter DRAM BW: 1.947 words/cycle
Average OFMAP DRAM BW: 64.000 words/cycle

Running Layer 57
Total cycles: 463
Compute cycles: 195
Stall cycles: 0
Overall utilization: 0.38%
Mapping efficiency: 12.50%
Average IFMAP SRAM BW: 0.246 words/cycle
Average Filter SRAM BW: 2.626 words/cycle
Average OFMAP SRAM BW: 1.969 words/cycle
Average IFMAP DRAM BW: 0.183 words/cycle
Average Filter DRAM BW: 1.947 words/cycle
Average OFMAP DRAM BW: 64.000 words/cycle

Running Layer 58
Total cycles: 665
Compute cycles: 391
Stall cycles: 0
Overall utilization: 0.38%
Mapping efficiency: 12.50%
Average IFMAP SRAM BW: 0.246 words/cycle
Average Filter SRAM BW: 2.619 words/cycle
Average OFMAP SRAM BW: 1.964 words/cycle
Average IFMAP DRAM BW: 0.183 words/cycle
Average Filter DRAM BW: 3.894 words/cycle
Average OFMAP DRAM BW: 64.000 words/cycle

Running Layer 59
Total cycles: 463
Compute cycles: 195
Stall cycles: 0
Overall utilization: 0.77%
Mapping efficiency: 25.00%
Average IFMAP SRAM BW: 0.492 words/cycle
Average Filter SRAM BW: 5.251 words/cycle
Average OFMAP SRAM BW: 1.969 words/cycle
Average IFMAP DRAM BW: 0.365 words/cycle
Average Filter DRAM BW: 3.894 words/cycle
Average OFMAP DRAM BW: 64.000 words/cycle

Running Layer 60
Total cycles: 665
Compute cycles: 391
Stall cycles: 0
Overall utilization: 0.77%
Mapping efficiency: 25.00%
Average IFMAP SRAM BW: 0.491 words/cycle
Average Filter SRAM BW: 5.238 words/cycle
Average OFMAP SRAM BW: 1.964 words/cycle
Average IFMAP DRAM BW: 0.365 words/cycle
Average Filter DRAM BW: 7.787 words/cycle
Average OFMAP DRAM BW: 64.000 words/cycle

Running Layer 61
Total cycles: 463
Compute cycles: 195
Stall cycles: 0
Overall utilization: 1.54%
Mapping efficiency: 50.00%
Average IFMAP SRAM BW: 0.985 words/cycle
Average Filter SRAM BW: 10.503 words/cycle
Average OFMAP SRAM BW: 1.969 words/cycle
Average IFMAP DRAM BW: 0.730 words/cycle
Average Filter DRAM BW: 7.787 words/cycle
Average OFMAP DRAM BW: 64.000 words/cycle

Running Layer 62
Total cycles: 927
Compute cycles: 391
Stall cycles: 0
Overall utilization: 1.53%
Mapping efficiency: 50.00%
Average IFMAP SRAM BW: 0.982 words/cycle
Average Filter SRAM BW: 10.476 words/cycle
Average OFMAP SRAM BW: 1.964 words/cycle
Average IFMAP DRAM BW: 0.730 words/cycle
Average Filter DRAM BW: 7.802 words/cycle
Average OFMAP DRAM BW: 64.000 words/cycle

Running Layer 63
Total cycles: 725
Compute cycles: 195
Stall cycles: 0
Overall utilization: 3.08%
Mapping efficiency: 100.00%
Average IFMAP SRAM BW: 1.969 words/cycle
Average Filter SRAM BW: 21.005 words/cycle
Average OFMAP SRAM BW: 1.969 words/cycle
Average IFMAP DRAM BW: 1.460 words/cycle
Average Filter DRAM BW: 7.802 words/cycle
Average OFMAP DRAM BW: 64.000 words/cycle

Running Layer 64
Total cycles: 1451
Compute cycles: 391
Stall cycles: 0
Overall utilization: 3.07%
Mapping efficiency: 100.00%
Average IFMAP SRAM BW: 1.964 words/cycle
Average Filter SRAM BW: 20.951 words/cycle
Average OFMAP SRAM BW: 1.964 words/cycle
Average IFMAP DRAM BW: 1.460 words/cycle
Average Filter DRAM BW: 7.809 words/cycle
Average OFMAP DRAM BW: 64.000 words/cycle

Running Layer 65
Total cycles: 2641
Compute cycles: 783
Stall cycles: 0
Overall utilization: 3.07%
Mapping efficiency: 100.00%
Average IFMAP SRAM BW: 1.962 words/cycle
Average Filter SRAM BW: 20.925 words/cycle
Average OFMAP SRAM BW: 1.962 words/cycle
Average IFMAP DRAM BW: 2.920 words/cycle
Average Filter DRAM BW: 8.929 words/cycle
Average OFMAP DRAM BW: 64.000 words/cycle

Running Layer 66
Total cycles: 465
Compute cycles: 196
Stall cycles: 0
Overall utilization: 0.22%
Mapping efficiency: 6.25%
Average IFMAP SRAM BW: 0.143 words/cycle
Average Filter SRAM BW: 1.306 words/cycle
Average OFMAP SRAM BW: 2.286 words/cycle
Average IFMAP DRAM BW: 0.106 words/cycle
Average Filter DRAM BW: 0.973 words/cycle
Average OFMAP DRAM BW: 64.000 words/cycle

Running Layer 67
Total cycles: 669
Compute cycles: 393
Stall cycles: 0
Overall utilization: 0.22%
Mapping efficiency: 6.25%
Average IFMAP SRAM BW: 0.142 words/cycle
Average Filter SRAM BW: 1.303 words/cycle
Average OFMAP SRAM BW: 2.280 words/cycle
Average IFMAP DRAM BW: 0.106 words/cycle
Average Filter DRAM BW: 1.947 words/cycle
Average OFMAP DRAM BW: 64.000 words/cycle

Running Layer 68
Total cycles: 465
Compute cycles: 196
Stall cycles: 0
Overall utilization: 0.45%
Mapping efficiency: 12.50%
Average IFMAP SRAM BW: 0.286 words/cycle
Average Filter SRAM BW: 2.612 words/cycle
Average OFMAP SRAM BW: 2.286 words/cycle
Average IFMAP DRAM BW: 0.213 words/cycle
Average Filter DRAM BW: 1.947 words/cycle
Average OFMAP DRAM BW: 64.000 words/cycle

Running Layer 69
Total cycles: 669
Compute cycles: 393
Stall cycles: 0
Overall utilization: 0.45%
Mapping efficiency: 12.50%
Average IFMAP SRAM BW: 0.285 words/cycle
Average Filter SRAM BW: 2.606 words/cycle
Average OFMAP SRAM BW: 2.280 words/cycle
Average IFMAP DRAM BW: 0.213 words/cycle
Average Filter DRAM BW: 3.894 words/cycle
Average OFMAP DRAM BW: 64.000 words/cycle

Running Layer 70
Total cycles: 465
Compute cycles: 196
Stall cycles: 0
Overall utilization: 0.89%
Mapping efficiency: 25.00%
Average IFMAP SRAM BW: 0.571 words/cycle
Average Filter SRAM BW: 5.224 words/cycle
Average OFMAP SRAM BW: 2.286 words/cycle
Average IFMAP DRAM BW: 0.426 words/cycle
Average Filter DRAM BW: 3.894 words/cycle
Average OFMAP DRAM BW: 64.000 words/cycle

Running Layer 71
Total cycles: 669
Compute cycles: 393
Stall cycles: 0
Overall utilization: 0.89%
Mapping efficiency: 25.00%
Average IFMAP SRAM BW: 0.570 words/cycle
Average Filter SRAM BW: 5.211 words/cycle
Average OFMAP SRAM BW: 2.280 words/cycle
Average IFMAP DRAM BW: 0.426 words/cycle
Average Filter DRAM BW: 7.787 words/cycle
Average OFMAP DRAM BW: 64.000 words/cycle

Running Layer 72
Total cycles: 465
Compute cycles: 196
Stall cycles: 0
Overall utilization: 1.79%
Mapping efficiency: 50.00%
Average IFMAP SRAM BW: 1.143 words/cycle
Average Filter SRAM BW: 10.449 words/cycle
Average OFMAP SRAM BW: 2.286 words/cycle
Average IFMAP DRAM BW: 0.852 words/cycle
Average Filter DRAM BW: 7.787 words/cycle
Average OFMAP DRAM BW: 64.000 words/cycle

Running Layer 73
Total cycles: 931
Compute cycles: 393
Stall cycles: 0
Overall utilization: 1.78%
Mapping efficiency: 50.00%
Average IFMAP SRAM BW: 1.140 words/cycle
Average Filter SRAM BW: 10.422 words/cycle
Average OFMAP SRAM BW: 2.280 words/cycle
Average IFMAP DRAM BW: 0.852 words/cycle
Average Filter DRAM BW: 7.802 words/cycle
Average OFMAP DRAM BW: 64.000 words/cycle

Running Layer 74
Total cycles: 727
Compute cycles: 196
Stall cycles: 0
Overall utilization: 3.57%
Mapping efficiency: 100.00%
Average IFMAP SRAM BW: 2.286 words/cycle
Average Filter SRAM BW: 20.898 words/cycle
Average OFMAP SRAM BW: 2.286 words/cycle
Average IFMAP DRAM BW: 1.703 words/cycle
Average Filter DRAM BW: 7.802 words/cycle
Average OFMAP DRAM BW: 64.000 words/cycle

Running Layer 75
Total cycles: 1455
Compute cycles: 393
Stall cycles: 0
Overall utilization: 3.56%
Mapping efficiency: 100.00%
Average IFMAP SRAM BW: 2.280 words/cycle
Average Filter SRAM BW: 20.845 words/cycle
Average OFMAP SRAM BW: 2.280 words/cycle
Average IFMAP DRAM BW: 1.703 words/cycle
Average Filter DRAM BW: 7.809 words/cycle
Average OFMAP DRAM BW: 64.000 words/cycle

Running Layer 76
Total cycles: 2649
Compute cycles: 787
Stall cycles: 0
Overall utilization: 3.56%
Mapping efficiency: 100.00%
Average IFMAP SRAM BW: 2.277 words/cycle
Average Filter SRAM BW: 20.818 words/cycle
Average OFMAP SRAM BW: 2.277 words/cycle
Average IFMAP DRAM BW: 3.407 words/cycle
Average Filter DRAM BW: 8.929 words/cycle
Average OFMAP DRAM BW: 64.000 words/cycle

Running Layer 77
Total cycles: 467
Compute cycles: 197
Stall cycles: 0
Overall utilization: 0.25%
Mapping efficiency: 6.25%
Average IFMAP SRAM BW: 0.162 words/cycle
Average Filter SRAM BW: 1.299 words/cycle
Average OFMAP SRAM BW: 2.599 words/cycle
Average IFMAP DRAM BW: 0.122 words/cycle
Average Filter DRAM BW: 0.973 words/cycle
Average OFMAP DRAM BW: 64.000 words/cycle

Running Layer 78
Total cycles: 673
Compute cycles: 395
Stall cycles: 0
Overall utilization: 0.25%
Mapping efficiency: 6.25%
Average IFMAP SRAM BW: 0.162 words/cycle
Average Filter SRAM BW: 1.296 words/cycle
Average OFMAP SRAM BW: 2.592 words/cycle
Average IFMAP DRAM BW: 0.122 words/cycle
Average Filter DRAM BW: 1.947 words/cycle
Average OFMAP DRAM BW: 64.000 words/cycle

Running Layer 79
Total cycles: 467
Compute cycles: 197
Stall cycles: 0
Overall utilization: 0.51%
Mapping efficiency: 12.50%
Average IFMAP SRAM BW: 0.325 words/cycle
Average Filter SRAM BW: 2.599 words/cycle
Average OFMAP SRAM BW: 2.599 words/cycle
Average IFMAP DRAM BW: 0.243 words/cycle
Average Filter DRAM BW: 1.947 words/cycle
Average OFMAP DRAM BW: 64.000 words/cycle

Running Layer 80
Total cycles: 673
Compute cycles: 395
Stall cycles: 0
Overall utilization: 0.51%
Mapping efficiency: 12.50%
Average IFMAP SRAM BW: 0.324 words/cycle
Average Filter SRAM BW: 2.592 words/cycle
Average OFMAP SRAM BW: 2.592 words/cycle
Average IFMAP DRAM BW: 0.243 words/cycle
Average Filter DRAM BW: 3.894 words/cycle
Average OFMAP DRAM BW: 64.000 words/cycle

Running Layer 81
Total cycles: 467
Compute cycles: 197
Stall cycles: 0
Overall utilization: 1.02%
Mapping efficiency: 25.00%
Average IFMAP SRAM BW: 0.650 words/cycle
Average Filter SRAM BW: 5.198 words/cycle
Average OFMAP SRAM BW: 2.599 words/cycle
Average IFMAP DRAM BW: 0.487 words/cycle
Average Filter DRAM BW: 3.894 words/cycle
Average OFMAP DRAM BW: 64.000 words/cycle

Running Layer 82
Total cycles: 673
Compute cycles: 395
Stall cycles: 0
Overall utilization: 1.01%
Mapping efficiency: 25.00%
Average IFMAP SRAM BW: 0.648 words/cycle
Average Filter SRAM BW: 5.185 words/cycle
Average OFMAP SRAM BW: 2.592 words/cycle
Average IFMAP DRAM BW: 0.487 words/cycle
Average Filter DRAM BW: 7.787 words/cycle
Average OFMAP DRAM BW: 64.000 words/cycle

Running Layer 83
Total cycles: 467
Compute cycles: 197
Stall cycles: 0
Overall utilization: 2.03%
Mapping efficiency: 50.00%
Average IFMAP SRAM BW: 1.299 words/cycle
Average Filter SRAM BW: 10.396 words/cycle
Average OFMAP SRAM BW: 2.599 words/cycle
Average IFMAP DRAM BW: 0.973 words/cycle
Average Filter DRAM BW: 7.787 words/cycle
Average OFMAP DRAM BW: 64.000 words/cycle

Running Layer 84
Total cycles: 935
Compute cycles: 395
Stall cycles: 0
Overall utilization: 2.03%
Mapping efficiency: 50.00%
Average IFMAP SRAM BW: 1.296 words/cycle
Average Filter SRAM BW: 10.370 words/cycle
Average OFMAP SRAM BW: 2.592 words/cycle
Average IFMAP DRAM BW: 0.973 words/cycle
Average Filter DRAM BW: 7.802 words/cycle
Average OFMAP DRAM BW: 64.000 words/cycle

Running Layer 85
Total cycles: 729
Compute cycles: 197
Stall cycles: 0
Overall utilization: 4.06%
Mapping efficiency: 100.00%
Average IFMAP SRAM BW: 2.599 words/cycle
Average Filter SRAM BW: 20.792 words/cycle
Average OFMAP SRAM BW: 2.599 words/cycle
Average IFMAP DRAM BW: 1.947 words/cycle
Average Filter DRAM BW: 7.802 words/cycle
Average OFMAP DRAM BW: 64.000 words/cycle

Running Layer 86
Total cycles: 1459
Compute cycles: 395
Stall cycles: 0
Overall utilization: 4.05%
Mapping efficiency: 100.00%
Average IFMAP SRAM BW: 2.592 words/cycle
Average Filter SRAM BW: 20.739 words/cycle
Average OFMAP SRAM BW: 2.592 words/cycle
Average IFMAP DRAM BW: 1.947 words/cycle
Average Filter DRAM BW: 7.809 words/cycle
Average OFMAP DRAM BW: 64.000 words/cycle

Running Layer 87
Total cycles: 2657
Compute cycles: 791
Stall cycles: 0
Overall utilization: 4.05%
Mapping efficiency: 100.00%
Average IFMAP SRAM BW: 2.589 words/cycle
Average Filter SRAM BW: 20.713 words/cycle
Average OFMAP SRAM BW: 2.589 words/cycle
Average IFMAP DRAM BW: 3.894 words/cycle
Average Filter DRAM BW: 8.929 words/cycle
Average OFMAP DRAM BW: 64.000 words/cycle

Running Layer 88
Total cycles: 469
Compute cycles: 198
Stall cycles: 0
Overall utilization: 0.28%
Mapping efficiency: 6.25%
Average IFMAP SRAM BW: 0.182 words/cycle
Average Filter SRAM BW: 1.293 words/cycle
Average OFMAP SRAM BW: 2.909 words/cycle
Average IFMAP DRAM BW: 0.137 words/cycle
Average Filter DRAM BW: 0.973 words/cycle
Average OFMAP DRAM BW: 64.000 words/cycle

Running Layer 89
Total cycles: 677
Compute cycles: 397
Stall cycles: 0
Overall utilization: 0.28%
Mapping efficiency: 6.25%
Average IFMAP SRAM BW: 0.181 words/cycle
Average Filter SRAM BW: 1.290 words/cycle
Average OFMAP SRAM BW: 2.902 words/cycle
Average IFMAP DRAM BW: 0.137 words/cycle
Average Filter DRAM BW: 1.947 words/cycle
Average OFMAP DRAM BW: 64.000 words/cycle

Running Layer 90
Total cycles: 469
Compute cycles: 198
Stall cycles: 0
Overall utilization: 0.57%
Mapping efficiency: 12.50%
Average IFMAP SRAM BW: 0.364 words/cycle
Average Filter SRAM BW: 2.586 words/cycle
Average OFMAP SRAM BW: 2.909 words/cycle
Average IFMAP DRAM BW: 0.274 words/cycle
Average Filter DRAM BW: 1.947 words/cycle
Average OFMAP DRAM BW: 64.000 words/cycle

Running Layer 91
Total cycles: 677
Compute cycles: 397
Stall cycles: 0
Overall utilization: 0.57%
Mapping efficiency: 12.50%
Average IFMAP SRAM BW: 0.363 words/cycle
Average Filter SRAM BW: 2.579 words/cycle
Average OFMAP SRAM BW: 2.902 words/cycle
Average IFMAP DRAM BW: 0.274 words/cycle
Average Filter DRAM BW: 3.894 words/cycle
Average OFMAP DRAM BW: 64.000 words/cycle

Running Layer 92
Total cycles: 469
Compute cycles: 198
Stall cycles: 0
Overall utilization: 1.14%
Mapping efficiency: 25.00%
Average IFMAP SRAM BW: 0.727 words/cycle
Average Filter SRAM BW: 5.172 words/cycle
Average OFMAP SRAM BW: 2.909 words/cycle
Average IFMAP DRAM BW: 0.548 words/cycle
Average Filter DRAM BW: 3.894 words/cycle
Average OFMAP DRAM BW: 64.000 words/cycle

Running Layer 93
Total cycles: 677
Compute cycles: 397
Stall cycles: 0
Overall utilization: 1.13%
Mapping efficiency: 25.00%
Average IFMAP SRAM BW: 0.725 words/cycle
Average Filter SRAM BW: 5.159 words/cycle
Average OFMAP SRAM BW: 2.902 words/cycle
Average IFMAP DRAM BW: 0.548 words/cycle
Average Filter DRAM BW: 7.787 words/cycle
Average OFMAP DRAM BW: 64.000 words/cycle

Running Layer 94
Total cycles: 469
Compute cycles: 198
Stall cycles: 0
Overall utilization: 2.27%
Mapping efficiency: 50.00%
Average IFMAP SRAM BW: 1.455 words/cycle
Average Filter SRAM BW: 10.343 words/cycle
Average OFMAP SRAM BW: 2.909 words/cycle
Average IFMAP DRAM BW: 1.095 words/cycle
Average Filter DRAM BW: 7.787 words/cycle
Average OFMAP DRAM BW: 64.000 words/cycle

Running Layer 95
Total cycles: 939
Compute cycles: 397
Stall cycles: 0
Overall utilization: 2.27%
Mapping efficiency: 50.00%
Average IFMAP SRAM BW: 1.451 words/cycle
Average Filter SRAM BW: 10.317 words/cycle
Average OFMAP SRAM BW: 2.902 words/cycle
Average IFMAP DRAM BW: 1.095 words/cycle
Average Filter DRAM BW: 7.802 words/cycle
Average OFMAP DRAM BW: 64.000 words/cycle

Running Layer 96
Total cycles: 731
Compute cycles: 198
Stall cycles: 0
Overall utilization: 4.55%
Mapping efficiency: 100.00%
Average IFMAP SRAM BW: 2.909 words/cycle
Average Filter SRAM BW: 20.687 words/cycle
Average OFMAP SRAM BW: 2.909 words/cycle
Average IFMAP DRAM BW: 2.190 words/cycle
Average Filter DRAM BW: 7.802 words/cycle
Average OFMAP DRAM BW: 64.000 words/cycle

Running Layer 97
Total cycles: 1463
Compute cycles: 397
Stall cycles: 0
Overall utilization: 4.53%
Mapping efficiency: 100.00%
Average IFMAP SRAM BW: 2.902 words/cycle
Average Filter SRAM BW: 20.635 words/cycle
Average OFMAP SRAM BW: 2.902 words/cycle
Average IFMAP DRAM BW: 2.190 words/cycle
Average Filter DRAM BW: 7.809 words/cycle
Average OFMAP DRAM BW: 64.000 words/cycle

Running Layer 98
Total cycles: 2665
Compute cycles: 795
Stall cycles: 0
Overall utilization: 4.53%
Mapping efficiency: 100.00%
Average IFMAP SRAM BW: 2.898 words/cycle
Average Filter SRAM BW: 20.609 words/cycle
Average OFMAP SRAM BW: 2.898 words/cycle
Average IFMAP DRAM BW: 4.380 words/cycle
Average Filter DRAM BW: 8.929 words/cycle
Average OFMAP DRAM BW: 64.000 words/cycle

Running Layer 99
Total cycles: 471
Compute cycles: 199
Stall cycles: 0
Overall utilization: 0.31%
Mapping efficiency: 6.25%
Average IFMAP SRAM BW: 0.201 words/cycle
Average Filter SRAM BW: 1.286 words/cycle
Average OFMAP SRAM BW: 3.216 words/cycle
Average IFMAP DRAM BW: 0.152 words/cycle
Average Filter DRAM BW: 0.973 words/cycle
Average OFMAP DRAM BW: 64.000 words/cycle

Running Layer 100
Total cycles: 681
Compute cycles: 399
Stall cycles: 0
Overall utilization: 0.31%
Mapping efficiency: 6.25%
Average IFMAP SRAM BW: 0.201 words/cycle
Average Filter SRAM BW: 1.283 words/cycle
Average OFMAP SRAM BW: 3.208 words/cycle
Average IFMAP DRAM BW: 0.152 words/cycle
Average Filter DRAM BW: 1.947 words/cycle
Average OFMAP DRAM BW: 64.000 words/cycle

Running Layer 101
Total cycles: 471
Compute cycles: 199
Stall cycles: 0
Overall utilization: 0.63%
Mapping efficiency: 12.50%
Average IFMAP SRAM BW: 0.402 words/cycle
Average Filter SRAM BW: 2.573 words/cycle
Average OFMAP SRAM BW: 3.216 words/cycle
Average IFMAP DRAM BW: 0.304 words/cycle
Average Filter DRAM BW: 1.947 words/cycle
Average OFMAP DRAM BW: 64.000 words/cycle

Running Layer 102
Total cycles: 681
Compute cycles: 399
Stall cycles: 0
Overall utilization: 0.63%
Mapping efficiency: 12.50%
Average IFMAP SRAM BW: 0.401 words/cycle
Average Filter SRAM BW: 2.566 words/cycle
Average OFMAP SRAM BW: 3.208 words/cycle
Average IFMAP DRAM BW: 0.304 words/cycle
Average Filter DRAM BW: 3.894 words/cycle
Average OFMAP DRAM BW: 64.000 words/cycle

Running Layer 103
Total cycles: 471
Compute cycles: 199
Stall cycles: 0
Overall utilization: 1.26%
Mapping efficiency: 25.00%
Average IFMAP SRAM BW: 0.804 words/cycle
Average Filter SRAM BW: 5.146 words/cycle
Average OFMAP SRAM BW: 3.216 words/cycle
Average IFMAP DRAM BW: 0.608 words/cycle
Average Filter DRAM BW: 3.894 words/cycle
Average OFMAP DRAM BW: 64.000 words/cycle

Running Layer 104
Total cycles: 681
Compute cycles: 399
Stall cycles: 0
Overall utilization: 1.25%
Mapping efficiency: 25.00%
Average IFMAP SRAM BW: 0.802 words/cycle
Average Filter SRAM BW: 5.133 words/cycle
Average OFMAP SRAM BW: 3.208 words/cycle
Average IFMAP DRAM BW: 0.608 words/cycle
Average Filter DRAM BW: 7.787 words/cycle
Average OFMAP DRAM BW: 64.000 words/cycle

Running Layer 105
Total cycles: 471
Compute cycles: 199
Stall cycles: 0
Overall utilization: 2.51%
Mapping efficiency: 50.00%
Average IFMAP SRAM BW: 1.608 words/cycle
Average Filter SRAM BW: 10.291 words/cycle
Average OFMAP SRAM BW: 3.216 words/cycle
Average IFMAP DRAM BW: 1.217 words/cycle
Average Filter DRAM BW: 7.787 words/cycle
Average OFMAP DRAM BW: 64.000 words/cycle

Running Layer 106
Total cycles: 943
Compute cycles: 399
Stall cycles: 0
Overall utilization: 2.51%
Mapping efficiency: 50.00%
Average IFMAP SRAM BW: 1.604 words/cycle
Average Filter SRAM BW: 10.266 words/cycle
Average OFMAP SRAM BW: 3.208 words/cycle
Average IFMAP DRAM BW: 1.217 words/cycle
Average Filter DRAM BW: 7.802 words/cycle
Average OFMAP DRAM BW: 64.000 words/cycle

Running Layer 107
Total cycles: 733
Compute cycles: 199
Stall cycles: 0
Overall utilization: 5.03%
Mapping efficiency: 100.00%
Average IFMAP SRAM BW: 3.216 words/cycle
Average Filter SRAM BW: 20.583 words/cycle
Average OFMAP SRAM BW: 3.216 words/cycle
Average IFMAP DRAM BW: 2.433 words/cycle
Average Filter DRAM BW: 7.802 words/cycle
Average OFMAP DRAM BW: 64.000 words/cycle

Running Layer 108
Total cycles: 1467
Compute cycles: 399
Stall cycles: 0
Overall utilization: 5.01%
Mapping efficiency: 100.00%
Average IFMAP SRAM BW: 3.208 words/cycle
Average Filter SRAM BW: 20.531 words/cycle
Average OFMAP SRAM BW: 3.208 words/cycle
Average IFMAP DRAM BW: 2.433 words/cycle
Average Filter DRAM BW: 7.809 words/cycle
Average OFMAP DRAM BW: 64.000 words/cycle

Running Layer 109
Total cycles: 2673
Compute cycles: 799
Stall cycles: 0
Overall utilization: 5.01%
Mapping efficiency: 100.00%
Average IFMAP SRAM BW: 3.204 words/cycle
Average Filter SRAM BW: 20.506 words/cycle
Average OFMAP SRAM BW: 3.204 words/cycle
Average IFMAP DRAM BW: 4.867 words/cycle
Average Filter DRAM BW: 8.929 words/cycle
Average OFMAP DRAM BW: 64.000 words/cycle

Running Layer 110
Total cycles: 473
Compute cycles: 200
Stall cycles: 0
Overall utilization: 0.34%
Mapping efficiency: 6.25%
Average IFMAP SRAM BW: 0.220 words/cycle
Average Filter SRAM BW: 1.280 words/cycle
Average OFMAP SRAM BW: 3.520 words/cycle
Average IFMAP DRAM BW: 0.167 words/cycle
Average Filter DRAM BW: 0.973 words/cycle
Average OFMAP DRAM BW: 64.000 words/cycle

Running Layer 111
Total cycles: 685
Compute cycles: 401
Stall cycles: 0
Overall utilization: 0.34%
Mapping efficiency: 6.25%
Average IFMAP SRAM BW: 0.219 words/cycle
Average Filter SRAM BW: 1.277 words/cycle
Average OFMAP SRAM BW: 3.511 words/cycle
Average IFMAP DRAM BW: 0.167 words/cycle
Average Filter DRAM BW: 1.947 words/cycle
Average OFMAP DRAM BW: 64.000 words/cycle

Running Layer 112
Total cycles: 473
Compute cycles: 200
Stall cycles: 0
Overall utilization: 0.69%
Mapping efficiency: 12.50%
Average IFMAP SRAM BW: 0.440 words/cycle
Average Filter SRAM BW: 2.560 words/cycle
Average OFMAP SRAM BW: 3.520 words/cycle
Average IFMAP DRAM BW: 0.335 words/cycle
Average Filter DRAM BW: 1.947 words/cycle
Average OFMAP DRAM BW: 64.000 words/cycle

Running Layer 113
Total cycles: 685
Compute cycles: 401
Stall cycles: 0
Overall utilization: 0.69%
Mapping efficiency: 12.50%
Average IFMAP SRAM BW: 0.439 words/cycle
Average Filter SRAM BW: 2.554 words/cycle
Average OFMAP SRAM BW: 3.511 words/cycle
Average IFMAP DRAM BW: 0.335 words/cycle
Average Filter DRAM BW: 3.894 words/cycle
Average OFMAP DRAM BW: 64.000 words/cycle

Running Layer 114
Total cycles: 473
Compute cycles: 200
Stall cycles: 0
Overall utilization: 1.38%
Mapping efficiency: 25.00%
Average IFMAP SRAM BW: 0.880 words/cycle
Average Filter SRAM BW: 5.120 words/cycle
Average OFMAP SRAM BW: 3.520 words/cycle
Average IFMAP DRAM BW: 0.669 words/cycle
Average Filter DRAM BW: 3.894 words/cycle
Average OFMAP DRAM BW: 64.000 words/cycle

Running Layer 115
Total cycles: 685
Compute cycles: 401
Stall cycles: 0
Overall utilization: 1.37%
Mapping efficiency: 25.00%
Average IFMAP SRAM BW: 0.878 words/cycle
Average Filter SRAM BW: 5.107 words/cycle
Average OFMAP SRAM BW: 3.511 words/cycle
Average IFMAP DRAM BW: 0.669 words/cycle
Average Filter DRAM BW: 7.787 words/cycle
Average OFMAP DRAM BW: 64.000 words/cycle

Running Layer 116
Total cycles: 473
Compute cycles: 200
Stall cycles: 0
Overall utilization: 2.75%
Mapping efficiency: 50.00%
Average IFMAP SRAM BW: 1.760 words/cycle
Average Filter SRAM BW: 10.240 words/cycle
Average OFMAP SRAM BW: 3.520 words/cycle
Average IFMAP DRAM BW: 1.338 words/cycle
Average Filter DRAM BW: 7.787 words/cycle
Average OFMAP DRAM BW: 64.000 words/cycle

Running Layer 117
Total cycles: 947
Compute cycles: 401
Stall cycles: 0
Overall utilization: 2.74%
Mapping efficiency: 50.00%
Average IFMAP SRAM BW: 1.756 words/cycle
Average Filter SRAM BW: 10.214 words/cycle
Average OFMAP SRAM BW: 3.511 words/cycle
Average IFMAP DRAM BW: 1.338 words/cycle
Average Filter DRAM BW: 7.802 words/cycle
Average OFMAP DRAM BW: 64.000 words/cycle

Running Layer 118
Total cycles: 735
Compute cycles: 200
Stall cycles: 0
Overall utilization: 5.50%
Mapping efficiency: 100.00%
Average IFMAP SRAM BW: 3.520 words/cycle
Average Filter SRAM BW: 20.480 words/cycle
Average OFMAP SRAM BW: 3.520 words/cycle
Average IFMAP DRAM BW: 2.677 words/cycle
Average Filter DRAM BW: 7.802 words/cycle
Average OFMAP DRAM BW: 64.000 words/cycle

Running Layer 119
Total cycles: 1471
Compute cycles: 401
Stall cycles: 0
Overall utilization: 5.49%
Mapping efficiency: 100.00%
Average IFMAP SRAM BW: 3.511 words/cycle
Average Filter SRAM BW: 20.429 words/cycle
Average OFMAP SRAM BW: 3.511 words/cycle
Average IFMAP DRAM BW: 2.677 words/cycle
Average Filter DRAM BW: 7.809 words/cycle
Average OFMAP DRAM BW: 64.000 words/cycle

Running Layer 120
Total cycles: 2681
Compute cycles: 803
Stall cycles: 0
Overall utilization: 5.48%
Mapping efficiency: 100.00%
Average IFMAP SRAM BW: 3.507 words/cycle
Average Filter SRAM BW: 20.403 words/cycle
Average OFMAP SRAM BW: 3.507 words/cycle
Average IFMAP DRAM BW: 5.354 words/cycle
Average Filter DRAM BW: 8.929 words/cycle
Average OFMAP DRAM BW: 64.000 words/cycle

Running Layer 121
Total cycles: 475
Compute cycles: 201
Stall cycles: 0
Overall utilization: 0.37%
Mapping efficiency: 6.25%
Average IFMAP SRAM BW: 0.239 words/cycle
Average Filter SRAM BW: 1.274 words/cycle
Average OFMAP SRAM BW: 3.821 words/cycle
Average IFMAP DRAM BW: 0.183 words/cycle
Average Filter DRAM BW: 0.973 words/cycle
Average OFMAP DRAM BW: 64.000 words/cycle

Running Layer 122
Total cycles: 689
Compute cycles: 403
Stall cycles: 0
Overall utilization: 0.37%
Mapping efficiency: 6.25%
Average IFMAP SRAM BW: 0.238 words/cycle
Average Filter SRAM BW: 1.270 words/cycle
Average OFMAP SRAM BW: 3.811 words/cycle
Average IFMAP DRAM BW: 0.183 words/cycle
Average Filter DRAM BW: 1.947 words/cycle
Average OFMAP DRAM BW: 64.000 words/cycle

Running Layer 123
Total cycles: 475
Compute cycles: 201
Stall cycles: 0
Overall utilization: 0.75%
Mapping efficiency: 12.50%
Average IFMAP SRAM BW: 0.478 words/cycle
Average Filter SRAM BW: 2.547 words/cycle
Average OFMAP SRAM BW: 3.821 words/cycle
Average IFMAP DRAM BW: 0.365 words/cycle
Average Filter DRAM BW: 1.947 words/cycle
Average OFMAP DRAM BW: 64.000 words/cycle

Running Layer 124
Total cycles: 689
Compute cycles: 403
Stall cycles: 0
Overall utilization: 0.74%
Mapping efficiency: 12.50%
Average IFMAP SRAM BW: 0.476 words/cycle
Average Filter SRAM BW: 2.541 words/cycle
Average OFMAP SRAM BW: 3.811 words/cycle
Average IFMAP DRAM BW: 0.365 words/cycle
Average Filter DRAM BW: 3.894 words/cycle
Average OFMAP DRAM BW: 64.000 words/cycle

Running Layer 125
Total cycles: 475
Compute cycles: 201
Stall cycles: 0
Overall utilization: 1.49%
Mapping efficiency: 25.00%
Average IFMAP SRAM BW: 0.955 words/cycle
Average Filter SRAM BW: 5.095 words/cycle
Average OFMAP SRAM BW: 3.821 words/cycle
Average IFMAP DRAM BW: 0.730 words/cycle
Average Filter DRAM BW: 3.894 words/cycle
Average OFMAP DRAM BW: 64.000 words/cycle

Running Layer 126
Total cycles: 689
Compute cycles: 403
Stall cycles: 0
Overall utilization: 1.49%
Mapping efficiency: 25.00%
Average IFMAP SRAM BW: 0.953 words/cycle
Average Filter SRAM BW: 5.082 words/cycle
Average OFMAP SRAM BW: 3.811 words/cycle
Average IFMAP DRAM BW: 0.730 words/cycle
Average Filter DRAM BW: 7.787 words/cycle
Average OFMAP DRAM BW: 64.000 words/cycle

Running Layer 127
Total cycles: 475
Compute cycles: 201
Stall cycles: 0
Overall utilization: 2.99%
Mapping efficiency: 50.00%
Average IFMAP SRAM BW: 1.910 words/cycle
Average Filter SRAM BW: 10.189 words/cycle
Average OFMAP SRAM BW: 3.821 words/cycle
Average IFMAP DRAM BW: 1.460 words/cycle
Average Filter DRAM BW: 7.787 words/cycle
Average OFMAP DRAM BW: 64.000 words/cycle

Running Layer 128
Total cycles: 951
Compute cycles: 403
Stall cycles: 0
Overall utilization: 2.98%
Mapping efficiency: 50.00%
Average IFMAP SRAM BW: 1.906 words/cycle
Average Filter SRAM BW: 10.164 words/cycle
Average OFMAP SRAM BW: 3.811 words/cycle
Average IFMAP DRAM BW: 1.460 words/cycle
Average Filter DRAM BW: 7.802 words/cycle
Average OFMAP DRAM BW: 64.000 words/cycle

Running Layer 129
Total cycles: 737
Compute cycles: 201
Stall cycles: 0
Overall utilization: 5.97%
Mapping efficiency: 100.00%
Average IFMAP SRAM BW: 3.821 words/cycle
Average Filter SRAM BW: 20.378 words/cycle
Average OFMAP SRAM BW: 3.821 words/cycle
Average IFMAP DRAM BW: 2.920 words/cycle
Average Filter DRAM BW: 7.802 words/cycle
Average OFMAP DRAM BW: 64.000 words/cycle

Running Layer 130
Total cycles: 1475
Compute cycles: 403
Stall cycles: 0
Overall utilization: 5.96%
Mapping efficiency: 100.00%
Average IFMAP SRAM BW: 3.811 words/cycle
Average Filter SRAM BW: 20.328 words/cycle
Average OFMAP SRAM BW: 3.811 words/cycle
Average IFMAP DRAM BW: 2.920 words/cycle
Average Filter DRAM BW: 7.809 words/cycle
Average OFMAP DRAM BW: 64.000 words/cycle

Running Layer 131
Total cycles: 2689
Compute cycles: 807
Stall cycles: 0
Overall utilization: 5.95%
Mapping efficiency: 100.00%
Average IFMAP SRAM BW: 3.807 words/cycle
Average Filter SRAM BW: 20.302 words/cycle
Average OFMAP SRAM BW: 3.807 words/cycle
Average IFMAP DRAM BW: 5.840 words/cycle
Average Filter DRAM BW: 8.929 words/cycle
Average OFMAP DRAM BW: 64.000 words/cycle

Running Layer 132
Total cycles: 477
Compute cycles: 202
Stall cycles: 0
Overall utilization: 0.40%
Mapping efficiency: 6.25%
Average IFMAP SRAM BW: 0.257 words/cycle
Average Filter SRAM BW: 1.267 words/cycle
Average OFMAP SRAM BW: 4.119 words/cycle
Average IFMAP DRAM BW: 0.198 words/cycle
Average Filter DRAM BW: 0.973 words/cycle
Average OFMAP DRAM BW: 64.000 words/cycle

Running Layer 133
Total cycles: 693
Compute cycles: 405
Stall cycles: 0
Overall utilization: 0.40%
Mapping efficiency: 6.25%
Average IFMAP SRAM BW: 0.257 words/cycle
Average Filter SRAM BW: 1.264 words/cycle
Average OFMAP SRAM BW: 4.109 words/cycle
Average IFMAP DRAM BW: 0.198 words/cycle
Average Filter DRAM BW: 1.947 words/cycle
Average OFMAP DRAM BW: 64.000 words/cycle

Running Layer 134
Total cycles: 477
Compute cycles: 202
Stall cycles: 0
Overall utilization: 0.80%
Mapping efficiency: 12.50%
Average IFMAP SRAM BW: 0.515 words/cycle
Average Filter SRAM BW: 2.535 words/cycle
Average OFMAP SRAM BW: 4.119 words/cycle
Average IFMAP DRAM BW: 0.395 words/cycle
Average Filter DRAM BW: 1.947 words/cycle
Average OFMAP DRAM BW: 64.000 words/cycle

Running Layer 135
Total cycles: 693
Compute cycles: 405
Stall cycles: 0
Overall utilization: 0.80%
Mapping efficiency: 12.50%
Average IFMAP SRAM BW: 0.514 words/cycle
Average Filter SRAM BW: 2.528 words/cycle
Average OFMAP SRAM BW: 4.109 words/cycle
Average IFMAP DRAM BW: 0.395 words/cycle
Average Filter DRAM BW: 3.894 words/cycle
Average OFMAP DRAM BW: 64.000 words/cycle

Running Layer 136
Total cycles: 477
Compute cycles: 202
Stall cycles: 0
Overall utilization: 1.61%
Mapping efficiency: 25.00%
Average IFMAP SRAM BW: 1.030 words/cycle
Average Filter SRAM BW: 5.069 words/cycle
Average OFMAP SRAM BW: 4.119 words/cycle
Average IFMAP DRAM BW: 0.791 words/cycle
Average Filter DRAM BW: 3.894 words/cycle
Average OFMAP DRAM BW: 64.000 words/cycle

Running Layer 137
Total cycles: 693
Compute cycles: 405
Stall cycles: 0
Overall utilization: 1.60%
Mapping efficiency: 25.00%
Average IFMAP SRAM BW: 1.027 words/cycle
Average Filter SRAM BW: 5.057 words/cycle
Average OFMAP SRAM BW: 4.109 words/cycle
Average IFMAP DRAM BW: 0.791 words/cycle
Average Filter DRAM BW: 7.787 words/cycle
Average OFMAP DRAM BW: 64.000 words/cycle

Running Layer 138
Total cycles: 477
Compute cycles: 202
Stall cycles: 0
Overall utilization: 3.22%
Mapping efficiency: 50.00%
Average IFMAP SRAM BW: 2.059 words/cycle
Average Filter SRAM BW: 10.139 words/cycle
Average OFMAP SRAM BW: 4.119 words/cycle
Average IFMAP DRAM BW: 1.582 words/cycle
Average Filter DRAM BW: 7.787 words/cycle
Average OFMAP DRAM BW: 64.000 words/cycle

Running Layer 139
Total cycles: 955
Compute cycles: 405
Stall cycles: 0
Overall utilization: 3.21%
Mapping efficiency: 50.00%
Average IFMAP SRAM BW: 2.054 words/cycle
Average Filter SRAM BW: 10.114 words/cycle
Average OFMAP SRAM BW: 4.109 words/cycle
Average IFMAP DRAM BW: 1.582 words/cycle
Average Filter DRAM BW: 7.802 words/cycle
Average OFMAP DRAM BW: 64.000 words/cycle

Running Layer 140
Total cycles: 739
Compute cycles: 202
Stall cycles: 0
Overall utilization: 6.44%
Mapping efficiency: 100.00%
Average IFMAP SRAM BW: 4.119 words/cycle
Average Filter SRAM BW: 20.277 words/cycle
Average OFMAP SRAM BW: 4.119 words/cycle
Average IFMAP DRAM BW: 3.163 words/cycle
Average Filter DRAM BW: 7.802 words/cycle
Average OFMAP DRAM BW: 64.000 words/cycle

Running Layer 141
Total cycles: 1479
Compute cycles: 405
Stall cycles: 0
Overall utilization: 6.42%
Mapping efficiency: 100.00%
Average IFMAP SRAM BW: 4.109 words/cycle
Average Filter SRAM BW: 20.227 words/cycle
Average OFMAP SRAM BW: 4.109 words/cycle
Average IFMAP DRAM BW: 3.163 words/cycle
Average Filter DRAM BW: 7.809 words/cycle
Average OFMAP DRAM BW: 64.000 words/cycle

Running Layer 142
Total cycles: 2697
Compute cycles: 811
Stall cycles: 0
Overall utilization: 6.41%
Mapping efficiency: 100.00%
Average IFMAP SRAM BW: 4.104 words/cycle
Average Filter SRAM BW: 20.202 words/cycle
Average OFMAP SRAM BW: 4.104 words/cycle
Average IFMAP DRAM BW: 6.327 words/cycle
Average Filter DRAM BW: 8.929 words/cycle
Average OFMAP DRAM BW: 64.000 words/cycle

Running Layer 143
Total cycles: 479
Compute cycles: 203
Stall cycles: 0
Overall utilization: 0.43%
Mapping efficiency: 6.25%
Average IFMAP SRAM BW: 0.276 words/cycle
Average Filter SRAM BW: 1.261 words/cycle
Average OFMAP SRAM BW: 4.414 words/cycle
Average IFMAP DRAM BW: 0.213 words/cycle
Average Filter DRAM BW: 0.973 words/cycle
Average OFMAP DRAM BW: 64.000 words/cycle

Running Layer 144
Total cycles: 697
Compute cycles: 407
Stall cycles: 0
Overall utilization: 0.43%
Mapping efficiency: 6.25%
Average IFMAP SRAM BW: 0.275 words/cycle
Average Filter SRAM BW: 1.258 words/cycle
Average OFMAP SRAM BW: 4.403 words/cycle
Average IFMAP DRAM BW: 0.213 words/cycle
Average Filter DRAM BW: 1.947 words/cycle
Average OFMAP DRAM BW: 64.000 words/cycle

Running Layer 145
Total cycles: 479
Compute cycles: 203
Stall cycles: 0
Overall utilization: 0.86%
Mapping efficiency: 12.50%
Average IFMAP SRAM BW: 0.552 words/cycle
Average Filter SRAM BW: 2.522 words/cycle
Average OFMAP SRAM BW: 4.414 words/cycle
Average IFMAP DRAM BW: 0.426 words/cycle
Average Filter DRAM BW: 1.947 words/cycle
Average OFMAP DRAM BW: 64.000 words/cycle

Running Layer 146
Total cycles: 697
Compute cycles: 407
Stall cycles: 0
Overall utilization: 0.86%
Mapping efficiency: 12.50%
Average IFMAP SRAM BW: 0.550 words/cycle
Average Filter SRAM BW: 2.516 words/cycle
Average OFMAP SRAM BW: 4.403 words/cycle
Average IFMAP DRAM BW: 0.426 words/cycle
Average Filter DRAM BW: 3.894 words/cycle
Average OFMAP DRAM BW: 64.000 words/cycle

Running Layer 147
Total cycles: 479
Compute cycles: 203
Stall cycles: 0
Overall utilization: 1.72%
Mapping efficiency: 25.00%
Average IFMAP SRAM BW: 1.103 words/cycle
Average Filter SRAM BW: 5.044 words/cycle
Average OFMAP SRAM BW: 4.414 words/cycle
Average IFMAP DRAM BW: 0.852 words/cycle
Average Filter DRAM BW: 3.894 words/cycle
Average OFMAP DRAM BW: 64.000 words/cycle

Running Layer 148
Total cycles: 697
Compute cycles: 407
Stall cycles: 0
Overall utilization: 1.72%
Mapping efficiency: 25.00%
Average IFMAP SRAM BW: 1.101 words/cycle
Average Filter SRAM BW: 5.032 words/cycle
Average OFMAP SRAM BW: 4.403 words/cycle
Average IFMAP DRAM BW: 0.852 words/cycle
Average Filter DRAM BW: 7.787 words/cycle
Average OFMAP DRAM BW: 64.000 words/cycle

Running Layer 149
Total cycles: 479
Compute cycles: 203
Stall cycles: 0
Overall utilization: 3.45%
Mapping efficiency: 50.00%
Average IFMAP SRAM BW: 2.207 words/cycle
Average Filter SRAM BW: 10.089 words/cycle
Average OFMAP SRAM BW: 4.414 words/cycle
Average IFMAP DRAM BW: 1.703 words/cycle
Average Filter DRAM BW: 7.787 words/cycle
Average OFMAP DRAM BW: 64.000 words/cycle

Running Layer 150
Total cycles: 959
Compute cycles: 407
Stall cycles: 0
Overall utilization: 3.44%
Mapping efficiency: 50.00%
Average IFMAP SRAM BW: 2.201 words/cycle
Average Filter SRAM BW: 10.064 words/cycle
Average OFMAP SRAM BW: 4.403 words/cycle
Average IFMAP DRAM BW: 1.703 words/cycle
Average Filter DRAM BW: 7.802 words/cycle
Average OFMAP DRAM BW: 64.000 words/cycle

Running Layer 151
Total cycles: 741
Compute cycles: 203
Stall cycles: 0
Overall utilization: 6.90%
Mapping efficiency: 100.00%
Average IFMAP SRAM BW: 4.414 words/cycle
Average Filter SRAM BW: 20.177 words/cycle
Average OFMAP SRAM BW: 4.414 words/cycle
Average IFMAP DRAM BW: 3.407 words/cycle
Average Filter DRAM BW: 7.802 words/cycle
Average OFMAP DRAM BW: 64.000 words/cycle

Running Layer 152
Total cycles: 1483
Compute cycles: 407
Stall cycles: 0
Overall utilization: 6.88%
Mapping efficiency: 100.00%
Average IFMAP SRAM BW: 4.403 words/cycle
Average Filter SRAM BW: 20.128 words/cycle
Average OFMAP SRAM BW: 4.403 words/cycle
Average IFMAP DRAM BW: 3.407 words/cycle
Average Filter DRAM BW: 7.809 words/cycle
Average OFMAP DRAM BW: 64.000 words/cycle

Running Layer 153
Total cycles: 2705
Compute cycles: 815
Stall cycles: 0
Overall utilization: 6.87%
Mapping efficiency: 100.00%
Average IFMAP SRAM BW: 4.398 words/cycle
Average Filter SRAM BW: 20.103 words/cycle
Average OFMAP SRAM BW: 4.398 words/cycle
Average IFMAP DRAM BW: 6.814 words/cycle
Average Filter DRAM BW: 8.929 words/cycle
Average OFMAP DRAM BW: 64.000 words/cycle

Running Layer 154
Total cycles: 481
Compute cycles: 204
Stall cycles: 0
Overall utilization: 0.46%
Mapping efficiency: 6.25%
Average IFMAP SRAM BW: 0.294 words/cycle
Average Filter SRAM BW: 1.255 words/cycle
Average OFMAP SRAM BW: 4.706 words/cycle
Average IFMAP DRAM BW: 0.228 words/cycle
Average Filter DRAM BW: 0.973 words/cycle
Average OFMAP DRAM BW: 64.000 words/cycle

Running Layer 155
Total cycles: 701
Compute cycles: 409
Stall cycles: 0
Overall utilization: 0.46%
Mapping efficiency: 6.25%
Average IFMAP SRAM BW: 0.293 words/cycle
Average Filter SRAM BW: 1.252 words/cycle
Average OFMAP SRAM BW: 4.694 words/cycle
Average IFMAP DRAM BW: 0.228 words/cycle
Average Filter DRAM BW: 1.947 words/cycle
Average OFMAP DRAM BW: 64.000 words/cycle

Running Layer 156
Total cycles: 481
Compute cycles: 204
Stall cycles: 0
Overall utilization: 0.92%
Mapping efficiency: 12.50%
Average IFMAP SRAM BW: 0.588 words/cycle
Average Filter SRAM BW: 2.510 words/cycle
Average OFMAP SRAM BW: 4.706 words/cycle
Average IFMAP DRAM BW: 0.456 words/cycle
Average Filter DRAM BW: 1.947 words/cycle
Average OFMAP DRAM BW: 64.000 words/cycle

Running Layer 157
Total cycles: 701
Compute cycles: 409
Stall cycles: 0
Overall utilization: 0.92%
Mapping efficiency: 12.50%
Average IFMAP SRAM BW: 0.587 words/cycle
Average Filter SRAM BW: 2.504 words/cycle
Average OFMAP SRAM BW: 4.694 words/cycle
Average IFMAP DRAM BW: 0.456 words/cycle
Average Filter DRAM BW: 3.894 words/cycle
Average OFMAP DRAM BW: 64.000 words/cycle

Running Layer 158
Total cycles: 481
Compute cycles: 204
Stall cycles: 0
Overall utilization: 1.84%
Mapping efficiency: 25.00%
Average IFMAP SRAM BW: 1.176 words/cycle
Average Filter SRAM BW: 5.020 words/cycle
Average OFMAP SRAM BW: 4.706 words/cycle
Average IFMAP DRAM BW: 0.913 words/cycle
Average Filter DRAM BW: 3.894 words/cycle
Average OFMAP DRAM BW: 64.000 words/cycle

Running Layer 159
Total cycles: 701
Compute cycles: 409
Stall cycles: 0
Overall utilization: 1.83%
Mapping efficiency: 25.00%
Average IFMAP SRAM BW: 1.174 words/cycle
Average Filter SRAM BW: 5.007 words/cycle
Average OFMAP SRAM BW: 4.694 words/cycle
Average IFMAP DRAM BW: 0.913 words/cycle
Average Filter DRAM BW: 7.787 words/cycle
Average OFMAP DRAM BW: 64.000 words/cycle

Running Layer 160
Total cycles: 481
Compute cycles: 204
Stall cycles: 0
Overall utilization: 3.68%
Mapping efficiency: 50.00%
Average IFMAP SRAM BW: 2.353 words/cycle
Average Filter SRAM BW: 10.039 words/cycle
Average OFMAP SRAM BW: 4.706 words/cycle
Average IFMAP DRAM BW: 1.825 words/cycle
Average Filter DRAM BW: 7.787 words/cycle
Average OFMAP DRAM BW: 64.000 words/cycle

Running Layer 161
Total cycles: 963
Compute cycles: 409
Stall cycles: 0
Overall utilization: 3.67%
Mapping efficiency: 50.00%
Average IFMAP SRAM BW: 2.347 words/cycle
Average Filter SRAM BW: 10.015 words/cycle
Average OFMAP SRAM BW: 4.694 words/cycle
Average IFMAP DRAM BW: 1.825 words/cycle
Average Filter DRAM BW: 7.802 words/cycle
Average OFMAP DRAM BW: 64.000 words/cycle

Running Layer 162
Total cycles: 743
Compute cycles: 204
Stall cycles: 0
Overall utilization: 7.35%
Mapping efficiency: 100.00%
Average IFMAP SRAM BW: 4.706 words/cycle
Average Filter SRAM BW: 20.078 words/cycle
Average OFMAP SRAM BW: 4.706 words/cycle
Average IFMAP DRAM BW: 3.650 words/cycle
Average Filter DRAM BW: 7.802 words/cycle
Average OFMAP DRAM BW: 64.000 words/cycle

Running Layer 163
Total cycles: 1487
Compute cycles: 409
Stall cycles: 0
Overall utilization: 7.33%
Mapping efficiency: 100.00%
Average IFMAP SRAM BW: 4.694 words/cycle
Average Filter SRAM BW: 20.029 words/cycle
Average OFMAP SRAM BW: 4.694 words/cycle
Average IFMAP DRAM BW: 3.650 words/cycle
Average Filter DRAM BW: 7.809 words/cycle
Average OFMAP DRAM BW: 64.000 words/cycle

Running Layer 164
Total cycles: 2713
Compute cycles: 819
Stall cycles: 0
Overall utilization: 7.33%
Mapping efficiency: 100.00%
Average IFMAP SRAM BW: 4.689 words/cycle
Average Filter SRAM BW: 20.005 words/cycle
Average OFMAP SRAM BW: 4.689 words/cycle
Average IFMAP DRAM BW: 7.300 words/cycle
Average Filter DRAM BW: 8.929 words/cycle
Average OFMAP DRAM BW: 64.000 words/cycle

Running Layer 165
Total cycles: 483
Compute cycles: 205
Stall cycles: 0
Overall utilization: 0.49%
Mapping efficiency: 6.25%
Average IFMAP SRAM BW: 0.312 words/cycle
Average Filter SRAM BW: 1.249 words/cycle
Average OFMAP SRAM BW: 4.995 words/cycle
Average IFMAP DRAM BW: 0.243 words/cycle
Average Filter DRAM BW: 0.973 words/cycle
Average OFMAP DRAM BW: 64.000 words/cycle

Running Layer 166
Total cycles: 705
Compute cycles: 411
Stall cycles: 0
Overall utilization: 0.49%
Mapping efficiency: 6.25%
Average IFMAP SRAM BW: 0.311 words/cycle
Average Filter SRAM BW: 1.246 words/cycle
Average OFMAP SRAM BW: 4.983 words/cycle
Average IFMAP DRAM BW: 0.243 words/cycle
Average Filter DRAM BW: 1.947 words/cycle
Average OFMAP DRAM BW: 64.000 words/cycle

Running Layer 167
Total cycles: 483
Compute cycles: 205
Stall cycles: 0
Overall utilization: 0.98%
Mapping efficiency: 12.50%
Average IFMAP SRAM BW: 0.624 words/cycle
Average Filter SRAM BW: 2.498 words/cycle
Average OFMAP SRAM BW: 4.995 words/cycle
Average IFMAP DRAM BW: 0.487 words/cycle
Average Filter DRAM BW: 1.947 words/cycle
Average OFMAP DRAM BW: 64.000 words/cycle

Running Layer 168
Total cycles: 705
Compute cycles: 411
Stall cycles: 0
Overall utilization: 0.97%
Mapping efficiency: 12.50%
Average IFMAP SRAM BW: 0.623 words/cycle
Average Filter SRAM BW: 2.491 words/cycle
Average OFMAP SRAM BW: 4.983 words/cycle
Average IFMAP DRAM BW: 0.487 words/cycle
Average Filter DRAM BW: 3.894 words/cycle
Average OFMAP DRAM BW: 64.000 words/cycle

Running Layer 169
Total cycles: 483
Compute cycles: 205
Stall cycles: 0
Overall utilization: 1.95%
Mapping efficiency: 25.00%
Average IFMAP SRAM BW: 1.249 words/cycle
Average Filter SRAM BW: 4.995 words/cycle
Average OFMAP SRAM BW: 4.995 words/cycle
Average IFMAP DRAM BW: 0.973 words/cycle
Average Filter DRAM BW: 3.894 words/cycle
Average OFMAP DRAM BW: 64.000 words/cycle

Running Layer 170
Total cycles: 705
Compute cycles: 411
Stall cycles: 0
Overall utilization: 1.95%
Mapping efficiency: 25.00%
Average IFMAP SRAM BW: 1.246 words/cycle
Average Filter SRAM BW: 4.983 words/cycle
Average OFMAP SRAM BW: 4.983 words/cycle
Average IFMAP DRAM BW: 0.973 words/cycle
Average Filter DRAM BW: 7.787 words/cycle
Average OFMAP DRAM BW: 64.000 words/cycle

Running Layer 171
Total cycles: 483
Compute cycles: 205
Stall cycles: 0
Overall utilization: 3.90%
Mapping efficiency: 50.00%
Average IFMAP SRAM BW: 2.498 words/cycle
Average Filter SRAM BW: 9.990 words/cycle
Average OFMAP SRAM BW: 4.995 words/cycle
Average IFMAP DRAM BW: 1.947 words/cycle
Average Filter DRAM BW: 7.787 words/cycle
Average OFMAP DRAM BW: 64.000 words/cycle

Running Layer 172
Total cycles: 967
Compute cycles: 411
Stall cycles: 0
Overall utilization: 3.89%
Mapping efficiency: 50.00%
Average IFMAP SRAM BW: 2.491 words/cycle
Average Filter SRAM BW: 9.966 words/cycle
Average OFMAP SRAM BW: 4.983 words/cycle
Average IFMAP DRAM BW: 1.947 words/cycle
Average Filter DRAM BW: 7.802 words/cycle
Average OFMAP DRAM BW: 64.000 words/cycle

Running Layer 173
Total cycles: 745
Compute cycles: 205
Stall cycles: 0
Overall utilization: 7.80%
Mapping efficiency: 100.00%
Average IFMAP SRAM BW: 4.995 words/cycle
Average Filter SRAM BW: 19.980 words/cycle
Average OFMAP SRAM BW: 4.995 words/cycle
Average IFMAP DRAM BW: 3.894 words/cycle
Average Filter DRAM BW: 7.802 words/cycle
Average OFMAP DRAM BW: 64.000 words/cycle

Running Layer 174
Total cycles: 1491
Compute cycles: 411
Stall cycles: 0
Overall utilization: 7.79%
Mapping efficiency: 100.00%
Average IFMAP SRAM BW: 4.983 words/cycle
Average Filter SRAM BW: 19.932 words/cycle
Average OFMAP SRAM BW: 4.983 words/cycle
Average IFMAP DRAM BW: 3.894 words/cycle
Average Filter DRAM BW: 7.809 words/cycle
Average OFMAP DRAM BW: 64.000 words/cycle

Running Layer 175
Total cycles: 2721
Compute cycles: 823
Stall cycles: 0
Overall utilization: 7.78%
Mapping efficiency: 100.00%
Average IFMAP SRAM BW: 4.977 words/cycle
Average Filter SRAM BW: 19.908 words/cycle
Average OFMAP SRAM BW: 4.977 words/cycle
Average IFMAP DRAM BW: 7.787 words/cycle
Average Filter DRAM BW: 8.929 words/cycle
Average OFMAP DRAM BW: 64.000 words/cycle

Running Layer 176
Total cycles: 485
Compute cycles: 206
Stall cycles: 0
Overall utilization: 0.52%
Mapping efficiency: 6.25%
Average IFMAP SRAM BW: 0.330 words/cycle
Average Filter SRAM BW: 1.243 words/cycle
Average OFMAP SRAM BW: 5.282 words/cycle
Average IFMAP DRAM BW: 0.259 words/cycle
Average Filter DRAM BW: 0.973 words/cycle
Average OFMAP DRAM BW: 64.000 words/cycle

Running Layer 177
Total cycles: 709
Compute cycles: 413
Stall cycles: 0
Overall utilization: 0.51%
Mapping efficiency: 6.25%
Average IFMAP SRAM BW: 0.329 words/cycle
Average Filter SRAM BW: 1.240 words/cycle
Average OFMAP SRAM BW: 5.269 words/cycle
Average IFMAP DRAM BW: 0.259 words/cycle
Average Filter DRAM BW: 1.947 words/cycle
Average OFMAP DRAM BW: 64.000 words/cycle

Running Layer 178
Total cycles: 485
Compute cycles: 206
Stall cycles: 0
Overall utilization: 1.03%
Mapping efficiency: 12.50%
Average IFMAP SRAM BW: 0.660 words/cycle
Average Filter SRAM BW: 2.485 words/cycle
Average OFMAP SRAM BW: 5.282 words/cycle
Average IFMAP DRAM BW: 0.517 words/cycle
Average Filter DRAM BW: 1.947 words/cycle
Average OFMAP DRAM BW: 64.000 words/cycle

Running Layer 179
Total cycles: 709
Compute cycles: 413
Stall cycles: 0
Overall utilization: 1.03%
Mapping efficiency: 12.50%
Average IFMAP SRAM BW: 0.659 words/cycle
Average Filter SRAM BW: 2.479 words/cycle
Average OFMAP SRAM BW: 5.269 words/cycle
Average IFMAP DRAM BW: 0.517 words/cycle
Average Filter DRAM BW: 3.894 words/cycle
Average OFMAP DRAM BW: 64.000 words/cycle

Running Layer 180
Total cycles: 485
Compute cycles: 206
Stall cycles: 0
Overall utilization: 2.06%
Mapping efficiency: 25.00%
Average IFMAP SRAM BW: 1.320 words/cycle
Average Filter SRAM BW: 4.971 words/cycle
Average OFMAP SRAM BW: 5.282 words/cycle
Average IFMAP DRAM BW: 1.034 words/cycle
Average Filter DRAM BW: 3.894 words/cycle
Average OFMAP DRAM BW: 64.000 words/cycle

Running Layer 181
Total cycles: 709
Compute cycles: 413
Stall cycles: 0
Overall utilization: 2.06%
Mapping efficiency: 25.00%
Average IFMAP SRAM BW: 1.317 words/cycle
Average Filter SRAM BW: 4.959 words/cycle
Average OFMAP SRAM BW: 5.269 words/cycle
Average IFMAP DRAM BW: 1.034 words/cycle
Average Filter DRAM BW: 7.787 words/cycle
Average OFMAP DRAM BW: 64.000 words/cycle

Running Layer 182
Total cycles: 485
Compute cycles: 206
Stall cycles: 0
Overall utilization: 4.13%
Mapping efficiency: 50.00%
Average IFMAP SRAM BW: 2.641 words/cycle
Average Filter SRAM BW: 9.942 words/cycle
Average OFMAP SRAM BW: 5.282 words/cycle
Average IFMAP DRAM BW: 2.068 words/cycle
Average Filter DRAM BW: 7.787 words/cycle
Average OFMAP DRAM BW: 64.000 words/cycle

Running Layer 183
Total cycles: 971
Compute cycles: 413
Stall cycles: 0
Overall utilization: 4.12%
Mapping efficiency: 50.00%
Average IFMAP SRAM BW: 2.634 words/cycle
Average Filter SRAM BW: 9.918 words/cycle
Average OFMAP SRAM BW: 5.269 words/cycle
Average IFMAP DRAM BW: 2.068 words/cycle
Average Filter DRAM BW: 7.802 words/cycle
Average OFMAP DRAM BW: 64.000 words/cycle

Running Layer 184
Total cycles: 747
Compute cycles: 206
Stall cycles: 0
Overall utilization: 8.25%
Mapping efficiency: 100.00%
Average IFMAP SRAM BW: 5.282 words/cycle
Average Filter SRAM BW: 19.883 words/cycle
Average OFMAP SRAM BW: 5.282 words/cycle
Average IFMAP DRAM BW: 4.137 words/cycle
Average Filter DRAM BW: 7.802 words/cycle
Average OFMAP DRAM BW: 64.000 words/cycle

Running Layer 185
Total cycles: 1495
Compute cycles: 413
Stall cycles: 0
Overall utilization: 8.23%
Mapping efficiency: 100.00%
Average IFMAP SRAM BW: 5.269 words/cycle
Average Filter SRAM BW: 19.835 words/cycle
Average OFMAP SRAM BW: 5.269 words/cycle
Average IFMAP DRAM BW: 4.137 words/cycle
Average Filter DRAM BW: 7.809 words/cycle
Average OFMAP DRAM BW: 64.000 words/cycle

Running Layer 186
Total cycles: 2729
Compute cycles: 827
Stall cycles: 0
Overall utilization: 8.22%
Mapping efficiency: 100.00%
Average IFMAP SRAM BW: 5.262 words/cycle
Average Filter SRAM BW: 19.811 words/cycle
Average OFMAP SRAM BW: 5.262 words/cycle
Average IFMAP DRAM BW: 8.274 words/cycle
Average Filter DRAM BW: 8.929 words/cycle
Average OFMAP DRAM BW: 64.000 words/cycle

Running Layer 187
Total cycles: 487
Compute cycles: 207
Stall cycles: 0
Overall utilization: 0.54%
Mapping efficiency: 6.25%
Average IFMAP SRAM BW: 0.348 words/cycle
Average Filter SRAM BW: 1.237 words/cycle
Average OFMAP SRAM BW: 5.565 words/cycle
Average IFMAP DRAM BW: 0.274 words/cycle
Average Filter DRAM BW: 0.973 words/cycle
Average OFMAP DRAM BW: 64.000 words/cycle

Running Layer 188
Total cycles: 713
Compute cycles: 415
Stall cycles: 0
Overall utilization: 0.54%
Mapping efficiency: 6.25%
Average IFMAP SRAM BW: 0.347 words/cycle
Average Filter SRAM BW: 1.234 words/cycle
Average OFMAP SRAM BW: 5.552 words/cycle
Average IFMAP DRAM BW: 0.274 words/cycle
Average Filter DRAM BW: 1.947 words/cycle
Average OFMAP DRAM BW: 64.000 words/cycle

Running Layer 189
Total cycles: 487
Compute cycles: 207
Stall cycles: 0
Overall utilization: 1.09%
Mapping efficiency: 12.50%
Average IFMAP SRAM BW: 0.696 words/cycle
Average Filter SRAM BW: 2.473 words/cycle
Average OFMAP SRAM BW: 5.565 words/cycle
Average IFMAP DRAM BW: 0.548 words/cycle
Average Filter DRAM BW: 1.947 words/cycle
Average OFMAP DRAM BW: 64.000 words/cycle

Running Layer 190
Total cycles: 713
Compute cycles: 415
Stall cycles: 0
Overall utilization: 1.08%
Mapping efficiency: 12.50%
Average IFMAP SRAM BW: 0.694 words/cycle
Average Filter SRAM BW: 2.467 words/cycle
Average OFMAP SRAM BW: 5.552 words/cycle
Average IFMAP DRAM BW: 0.548 words/cycle
Average Filter DRAM BW: 3.894 words/cycle
Average OFMAP DRAM BW: 64.000 words/cycle

Running Layer 191
Total cycles: 487
Compute cycles: 207
Stall cycles: 0
Overall utilization: 2.17%
Mapping efficiency: 25.00%
Average IFMAP SRAM BW: 1.391 words/cycle
Average Filter SRAM BW: 4.947 words/cycle
Average OFMAP SRAM BW: 5.565 words/cycle
Average IFMAP DRAM BW: 1.095 words/cycle
Average Filter DRAM BW: 3.894 words/cycle
Average OFMAP DRAM BW: 64.000 words/cycle

Running Layer 192
Total cycles: 713
Compute cycles: 415
Stall cycles: 0
Overall utilization: 2.17%
Mapping efficiency: 25.00%
Average IFMAP SRAM BW: 1.388 words/cycle
Average Filter SRAM BW: 4.935 words/cycle
Average OFMAP SRAM BW: 5.552 words/cycle
Average IFMAP DRAM BW: 1.095 words/cycle
Average Filter DRAM BW: 7.787 words/cycle
Average OFMAP DRAM BW: 64.000 words/cycle

Running Layer 193
Total cycles: 487
Compute cycles: 207
Stall cycles: 0
Overall utilization: 4.35%
Mapping efficiency: 50.00%
Average IFMAP SRAM BW: 2.783 words/cycle
Average Filter SRAM BW: 9.894 words/cycle
Average OFMAP SRAM BW: 5.565 words/cycle
Average IFMAP DRAM BW: 2.190 words/cycle
Average Filter DRAM BW: 7.787 words/cycle
Average OFMAP DRAM BW: 64.000 words/cycle

Running Layer 194
Total cycles: 975
Compute cycles: 415
Stall cycles: 0
Overall utilization: 4.34%
Mapping efficiency: 50.00%
Average IFMAP SRAM BW: 2.776 words/cycle
Average Filter SRAM BW: 9.870 words/cycle
Average OFMAP SRAM BW: 5.552 words/cycle
Average IFMAP DRAM BW: 2.190 words/cycle
Average Filter DRAM BW: 7.802 words/cycle
Average OFMAP DRAM BW: 64.000 words/cycle

Running Layer 195
Total cycles: 749
Compute cycles: 207
Stall cycles: 0
Overall utilization: 8.70%
Mapping efficiency: 100.00%
Average IFMAP SRAM BW: 5.565 words/cycle
Average Filter SRAM BW: 19.787 words/cycle
Average OFMAP SRAM BW: 5.565 words/cycle
Average IFMAP DRAM BW: 4.380 words/cycle
Average Filter DRAM BW: 7.802 words/cycle
Average OFMAP DRAM BW: 64.000 words/cycle

Running Layer 196
Total cycles: 1499
Compute cycles: 415
Stall cycles: 0
Overall utilization: 8.67%
Mapping efficiency: 100.00%
Average IFMAP SRAM BW: 5.552 words/cycle
Average Filter SRAM BW: 19.740 words/cycle
Average OFMAP SRAM BW: 5.552 words/cycle
Average IFMAP DRAM BW: 4.380 words/cycle
Average Filter DRAM BW: 7.809 words/cycle
Average OFMAP DRAM BW: 64.000 words/cycle

Running Layer 197
Total cycles: 2737
Compute cycles: 831
Stall cycles: 0
Overall utilization: 8.66%
Mapping efficiency: 100.00%
Average IFMAP SRAM BW: 5.545 words/cycle
Average Filter SRAM BW: 19.716 words/cycle
Average OFMAP SRAM BW: 5.545 words/cycle
Average IFMAP DRAM BW: 8.760 words/cycle
Average Filter DRAM BW: 8.929 words/cycle
Average OFMAP DRAM BW: 64.000 words/cycle

Running Layer 198
Total cycles: 489
Compute cycles: 208
Stall cycles: 0
Overall utilization: 0.57%
Mapping efficiency: 6.25%
Average IFMAP SRAM BW: 0.365 words/cycle
Average Filter SRAM BW: 1.231 words/cycle
Average OFMAP SRAM BW: 5.846 words/cycle
Average IFMAP DRAM BW: 0.289 words/cycle
Average Filter DRAM BW: 0.973 words/cycle
Average OFMAP DRAM BW: 64.000 words/cycle

Running Layer 199
Total cycles: 717
Compute cycles: 417
Stall cycles: 0
Overall utilization: 0.57%
Mapping efficiency: 6.25%
Average IFMAP SRAM BW: 0.365 words/cycle
Average Filter SRAM BW: 1.228 words/cycle
Average OFMAP SRAM BW: 5.832 words/cycle
Average IFMAP DRAM BW: 0.289 words/cycle
Average Filter DRAM BW: 1.947 words/cycle
Average OFMAP DRAM BW: 64.000 words/cycle

Running Layer 200
Total cycles: 489
Compute cycles: 208
Stall cycles: 0
Overall utilization: 1.14%
Mapping efficiency: 12.50%
Average IFMAP SRAM BW: 0.731 words/cycle
Average Filter SRAM BW: 2.462 words/cycle
Average OFMAP SRAM BW: 5.846 words/cycle
Average IFMAP DRAM BW: 0.578 words/cycle
Average Filter DRAM BW: 1.947 words/cycle
Average OFMAP DRAM BW: 64.000 words/cycle

Running Layer 201
Total cycles: 717
Compute cycles: 417
Stall cycles: 0
Overall utilization: 1.14%
Mapping efficiency: 12.50%
Average IFMAP SRAM BW: 0.729 words/cycle
Average Filter SRAM BW: 2.456 words/cycle
Average OFMAP SRAM BW: 5.832 words/cycle
Average IFMAP DRAM BW: 0.578 words/cycle
Average Filter DRAM BW: 3.894 words/cycle
Average OFMAP DRAM BW: 64.000 words/cycle

Running Layer 202
Total cycles: 489
Compute cycles: 208
Stall cycles: 0
Overall utilization: 2.28%
Mapping efficiency: 25.00%
Average IFMAP SRAM BW: 1.462 words/cycle
Average Filter SRAM BW: 4.923 words/cycle
Average OFMAP SRAM BW: 5.846 words/cycle
Average IFMAP DRAM BW: 1.156 words/cycle
Average Filter DRAM BW: 3.894 words/cycle
Average OFMAP DRAM BW: 64.000 words/cycle

Running Layer 203
Total cycles: 717
Compute cycles: 417
Stall cycles: 0
Overall utilization: 2.28%
Mapping efficiency: 25.00%
Average IFMAP SRAM BW: 1.458 words/cycle
Average Filter SRAM BW: 4.911 words/cycle
Average OFMAP SRAM BW: 5.832 words/cycle
Average IFMAP DRAM BW: 1.156 words/cycle
Average Filter DRAM BW: 7.787 words/cycle
Average OFMAP DRAM BW: 64.000 words/cycle

Running Layer 204
Total cycles: 489
Compute cycles: 208
Stall cycles: 0
Overall utilization: 4.57%
Mapping efficiency: 50.00%
Average IFMAP SRAM BW: 2.923 words/cycle
Average Filter SRAM BW: 9.846 words/cycle
Average OFMAP SRAM BW: 5.846 words/cycle
Average IFMAP DRAM BW: 2.312 words/cycle
Average Filter DRAM BW: 7.787 words/cycle
Average OFMAP DRAM BW: 64.000 words/cycle

Running Layer 205
Total cycles: 979
Compute cycles: 417
Stall cycles: 0
Overall utilization: 4.56%
Mapping efficiency: 50.00%
Average IFMAP SRAM BW: 2.916 words/cycle
Average Filter SRAM BW: 9.823 words/cycle
Average OFMAP SRAM BW: 5.832 words/cycle
Average IFMAP DRAM BW: 2.312 words/cycle
Average Filter DRAM BW: 7.802 words/cycle
Average OFMAP DRAM BW: 64.000 words/cycle

Running Layer 206
Total cycles: 751
Compute cycles: 208
Stall cycles: 0
Overall utilization: 9.13%
Mapping efficiency: 100.00%
Average IFMAP SRAM BW: 5.846 words/cycle
Average Filter SRAM BW: 19.692 words/cycle
Average OFMAP SRAM BW: 5.846 words/cycle
Average IFMAP DRAM BW: 4.624 words/cycle
Average Filter DRAM BW: 7.802 words/cycle
Average OFMAP DRAM BW: 64.000 words/cycle

Running Layer 207
Total cycles: 1503
Compute cycles: 417
Stall cycles: 0
Overall utilization: 9.11%
Mapping efficiency: 100.00%
Average IFMAP SRAM BW: 5.832 words/cycle
Average Filter SRAM BW: 19.645 words/cycle
Average OFMAP SRAM BW: 5.832 words/cycle
Average IFMAP DRAM BW: 4.624 words/cycle
Average Filter DRAM BW: 7.809 words/cycle
Average OFMAP DRAM BW: 64.000 words/cycle

Running Layer 208
Total cycles: 2745
Compute cycles: 835
Stall cycles: 0
Overall utilization: 9.10%
Mapping efficiency: 100.00%
Average IFMAP SRAM BW: 5.825 words/cycle
Average Filter SRAM BW: 19.622 words/cycle
Average OFMAP SRAM BW: 5.825 words/cycle
Average IFMAP DRAM BW: 9.247 words/cycle
Average Filter DRAM BW: 8.929 words/cycle
Average OFMAP DRAM BW: 64.000 words/cycle

Running Layer 209
Total cycles: 491
Compute cycles: 209
Stall cycles: 0
Overall utilization: 0.60%
Mapping efficiency: 6.25%
Average IFMAP SRAM BW: 0.383 words/cycle
Average Filter SRAM BW: 1.225 words/cycle
Average OFMAP SRAM BW: 6.124 words/cycle
Average IFMAP DRAM BW: 0.304 words/cycle
Average Filter DRAM BW: 0.973 words/cycle
Average OFMAP DRAM BW: 64.000 words/cycle

Running Layer 210
Total cycles: 721
Compute cycles: 419
Stall cycles: 0
Overall utilization: 0.60%
Mapping efficiency: 6.25%
Average IFMAP SRAM BW: 0.382 words/cycle
Average Filter SRAM BW: 1.222 words/cycle
Average OFMAP SRAM BW: 6.110 words/cycle
Average IFMAP DRAM BW: 0.304 words/cycle
Average Filter DRAM BW: 1.947 words/cycle
Average OFMAP DRAM BW: 64.000 words/cycle

Running Layer 211
Total cycles: 491
Compute cycles: 209
Stall cycles: 0
Overall utilization: 1.20%
Mapping efficiency: 12.50%
Average IFMAP SRAM BW: 0.766 words/cycle
Average Filter SRAM BW: 2.450 words/cycle
Average OFMAP SRAM BW: 6.124 words/cycle
Average IFMAP DRAM BW: 0.608 words/cycle
Average Filter DRAM BW: 1.947 words/cycle
Average OFMAP DRAM BW: 64.000 words/cycle

Running Layer 212
Total cycles: 721
Compute cycles: 419
Stall cycles: 0
Overall utilization: 1.19%
Mapping efficiency: 12.50%
Average IFMAP SRAM BW: 0.764 words/cycle
Average Filter SRAM BW: 2.444 words/cycle
Average OFMAP SRAM BW: 6.110 words/cycle
Average IFMAP DRAM BW: 0.608 words/cycle
Average Filter DRAM BW: 3.894 words/cycle
Average OFMAP DRAM BW: 64.000 words/cycle

Running Layer 213
Total cycles: 491
Compute cycles: 209
Stall cycles: 0
Overall utilization: 2.39%
Mapping efficiency: 25.00%
Average IFMAP SRAM BW: 1.531 words/cycle
Average Filter SRAM BW: 4.900 words/cycle
Average OFMAP SRAM BW: 6.124 words/cycle
Average IFMAP DRAM BW: 1.217 words/cycle
Average Filter DRAM BW: 3.894 words/cycle
Average OFMAP DRAM BW: 64.000 words/cycle

Running Layer 214
Total cycles: 721
Compute cycles: 419
Stall cycles: 0
Overall utilization: 2.39%
Mapping efficiency: 25.00%
Average IFMAP SRAM BW: 1.527 words/cycle
Average Filter SRAM BW: 4.888 words/cycle
Average OFMAP SRAM BW: 6.110 words/cycle
Average IFMAP DRAM BW: 1.217 words/cycle
Average Filter DRAM BW: 7.787 words/cycle
Average OFMAP DRAM BW: 64.000 words/cycle

Running Layer 215
Total cycles: 491
Compute cycles: 209
Stall cycles: 0
Overall utilization: 4.78%
Mapping efficiency: 50.00%
Average IFMAP SRAM BW: 3.062 words/cycle
Average Filter SRAM BW: 9.799 words/cycle
Average OFMAP SRAM BW: 6.124 words/cycle
Average IFMAP DRAM BW: 2.433 words/cycle
Average Filter DRAM BW: 7.787 words/cycle
Average OFMAP DRAM BW: 64.000 words/cycle

Running Layer 216
Total cycles: 983
Compute cycles: 419
Stall cycles: 0
Overall utilization: 4.77%
Mapping efficiency: 50.00%
Average IFMAP SRAM BW: 3.055 words/cycle
Average Filter SRAM BW: 9.776 words/cycle
Average OFMAP SRAM BW: 6.110 words/cycle
Average IFMAP DRAM BW: 2.433 words/cycle
Average Filter DRAM BW: 7.802 words/cycle
Average OFMAP DRAM BW: 64.000 words/cycle

Running Layer 217
Total cycles: 753
Compute cycles: 209
Stall cycles: 0
Overall utilization: 9.57%
Mapping efficiency: 100.00%
Average IFMAP SRAM BW: 6.124 words/cycle
Average Filter SRAM BW: 19.598 words/cycle
Average OFMAP SRAM BW: 6.124 words/cycle
Average IFMAP DRAM BW: 4.867 words/cycle
Average Filter DRAM BW: 7.802 words/cycle
Average OFMAP DRAM BW: 64.000 words/cycle

Running Layer 218
Total cycles: 1507
Compute cycles: 419
Stall cycles: 0
Overall utilization: 9.55%
Mapping efficiency: 100.00%
Average IFMAP SRAM BW: 6.110 words/cycle
Average Filter SRAM BW: 19.551 words/cycle
Average OFMAP SRAM BW: 6.110 words/cycle
Average IFMAP DRAM BW: 4.867 words/cycle
Average Filter DRAM BW: 7.809 words/cycle
Average OFMAP DRAM BW: 64.000 words/cycle

Running Layer 219
Total cycles: 2753
Compute cycles: 839
Stall cycles: 0
Overall utilization: 9.54%
Mapping efficiency: 100.00%
Average IFMAP SRAM BW: 6.103 words/cycle
Average Filter SRAM BW: 19.528 words/cycle
Average OFMAP SRAM BW: 6.103 words/cycle
Average IFMAP DRAM BW: 9.734 words/cycle
Average Filter DRAM BW: 8.929 words/cycle
Average OFMAP DRAM BW: 64.000 words/cycle

Running Layer 220
Total cycles: 493
Compute cycles: 210
Stall cycles: 0
Overall utilization: 0.62%
Mapping efficiency: 6.25%
Average IFMAP SRAM BW: 0.400 words/cycle
Average Filter SRAM BW: 1.219 words/cycle
Average OFMAP SRAM BW: 6.400 words/cycle
Average IFMAP DRAM BW: 0.319 words/cycle
Average Filter DRAM BW: 0.973 words/cycle
Average OFMAP DRAM BW: 64.000 words/cycle

Running Layer 221
Total cycles: 725
Compute cycles: 421
Stall cycles: 0
Overall utilization: 0.62%
Mapping efficiency: 6.25%
Average IFMAP SRAM BW: 0.399 words/cycle
Average Filter SRAM BW: 1.216 words/cycle
Average OFMAP SRAM BW: 6.385 words/cycle
Average IFMAP DRAM BW: 0.319 words/cycle
Average Filter DRAM BW: 1.947 words/cycle
Average OFMAP DRAM BW: 64.000 words/cycle

Running Layer 222
Total cycles: 493
Compute cycles: 210
Stall cycles: 0
Overall utilization: 1.25%
Mapping efficiency: 12.50%
Average IFMAP SRAM BW: 0.800 words/cycle
Average Filter SRAM BW: 2.438 words/cycle
Average OFMAP SRAM BW: 6.400 words/cycle
Average IFMAP DRAM BW: 0.639 words/cycle
Average Filter DRAM BW: 1.947 words/cycle
Average OFMAP DRAM BW: 64.000 words/cycle

Running Layer 223
Total cycles: 725
Compute cycles: 421
Stall cycles: 0
Overall utilization: 1.25%
Mapping efficiency: 12.50%
Average IFMAP SRAM BW: 0.798 words/cycle
Average Filter SRAM BW: 2.432 words/cycle
Average OFMAP SRAM BW: 6.385 words/cycle
Average IFMAP DRAM BW: 0.639 words/cycle
Average Filter DRAM BW: 3.894 words/cycle
Average OFMAP DRAM BW: 64.000 words/cycle

Running Layer 224
Total cycles: 493
Compute cycles: 210
Stall cycles: 0
Overall utilization: 2.50%
Mapping efficiency: 25.00%
Average IFMAP SRAM BW: 1.600 words/cycle
Average Filter SRAM BW: 4.876 words/cycle
Average OFMAP SRAM BW: 6.400 words/cycle
Average IFMAP DRAM BW: 1.278 words/cycle
Average Filter DRAM BW: 3.894 words/cycle
Average OFMAP DRAM BW: 64.000 words/cycle

Running Layer 225
Total cycles: 725
Compute cycles: 421
Stall cycles: 0
Overall utilization: 2.49%
Mapping efficiency: 25.00%
Average IFMAP SRAM BW: 1.596 words/cycle
Average Filter SRAM BW: 4.865 words/cycle
Average OFMAP SRAM BW: 6.385 words/cycle
Average IFMAP DRAM BW: 1.278 words/cycle
Average Filter DRAM BW: 7.787 words/cycle
Average OFMAP DRAM BW: 64.000 words/cycle

Running Layer 226
Total cycles: 493
Compute cycles: 210
Stall cycles: 0
Overall utilization: 5.00%
Mapping efficiency: 50.00%
Average IFMAP SRAM BW: 3.200 words/cycle
Average Filter SRAM BW: 9.752 words/cycle
Average OFMAP SRAM BW: 6.400 words/cycle
Average IFMAP DRAM BW: 2.555 words/cycle
Average Filter DRAM BW: 7.787 words/cycle
Average OFMAP DRAM BW: 64.000 words/cycle

Running Layer 227
Total cycles: 987
Compute cycles: 421
Stall cycles: 0
Overall utilization: 4.99%
Mapping efficiency: 50.00%
Average IFMAP SRAM BW: 3.192 words/cycle
Average Filter SRAM BW: 9.729 words/cycle
Average OFMAP SRAM BW: 6.385 words/cycle
Average IFMAP DRAM BW: 2.555 words/cycle
Average Filter DRAM BW: 7.802 words/cycle
Average OFMAP DRAM BW: 64.000 words/cycle

Running Layer 228
Total cycles: 755
Compute cycles: 210
Stall cycles: 0
Overall utilization: 10.00%
Mapping efficiency: 100.00%
Average IFMAP SRAM BW: 6.400 words/cycle
Average Filter SRAM BW: 19.505 words/cycle
Average OFMAP SRAM BW: 6.400 words/cycle
Average IFMAP DRAM BW: 5.110 words/cycle
Average Filter DRAM BW: 7.802 words/cycle
Average OFMAP DRAM BW: 64.000 words/cycle

Running Layer 229
Total cycles: 1511
Compute cycles: 421
Stall cycles: 0
Overall utilization: 9.98%
Mapping efficiency: 100.00%
Average IFMAP SRAM BW: 6.385 words/cycle
Average Filter SRAM BW: 19.458 words/cycle
Average OFMAP SRAM BW: 6.385 words/cycle
Average IFMAP DRAM BW: 5.110 words/cycle
Average Filter DRAM BW: 7.809 words/cycle
Average OFMAP DRAM BW: 64.000 words/cycle

Running Layer 230
Total cycles: 2761
Compute cycles: 843
Stall cycles: 0
Overall utilization: 9.96%
Mapping efficiency: 100.00%
Average IFMAP SRAM BW: 6.377 words/cycle
Average Filter SRAM BW: 19.435 words/cycle
Average OFMAP SRAM BW: 6.377 words/cycle
Average IFMAP DRAM BW: 5.120 words/cycle
Average Filter DRAM BW: 8.929 words/cycle
Average OFMAP DRAM BW: 64.000 words/cycle

Running Layer 231
Total cycles: 495
Compute cycles: 211
Stall cycles: 0
Overall utilization: 0.65%
Mapping efficiency: 6.25%
Average IFMAP SRAM BW: 0.417 words/cycle
Average Filter SRAM BW: 1.213 words/cycle
Average OFMAP SRAM BW: 6.673 words/cycle
Average IFMAP DRAM BW: 0.335 words/cycle
Average Filter DRAM BW: 0.973 words/cycle
Average OFMAP DRAM BW: 64.000 words/cycle

Running Layer 232
Total cycles: 729
Compute cycles: 423
Stall cycles: 0
Overall utilization: 0.65%
Mapping efficiency: 6.25%
Average IFMAP SRAM BW: 0.416 words/cycle
Average Filter SRAM BW: 1.210 words/cycle
Average OFMAP SRAM BW: 6.657 words/cycle
Average IFMAP DRAM BW: 0.335 words/cycle
Average Filter DRAM BW: 1.947 words/cycle
Average OFMAP DRAM BW: 64.000 words/cycle

Running Layer 233
Total cycles: 495
Compute cycles: 211
Stall cycles: 0
Overall utilization: 1.30%
Mapping efficiency: 12.50%
Average IFMAP SRAM BW: 0.834 words/cycle
Average Filter SRAM BW: 2.427 words/cycle
Average OFMAP SRAM BW: 6.673 words/cycle
Average IFMAP DRAM BW: 0.669 words/cycle
Average Filter DRAM BW: 1.947 words/cycle
Average OFMAP DRAM BW: 64.000 words/cycle

Running Layer 234
Total cycles: 729
Compute cycles: 423
Stall cycles: 0
Overall utilization: 1.30%
Mapping efficiency: 12.50%
Average IFMAP SRAM BW: 0.832 words/cycle
Average Filter SRAM BW: 2.421 words/cycle
Average OFMAP SRAM BW: 6.657 words/cycle
Average IFMAP DRAM BW: 0.669 words/cycle
Average Filter DRAM BW: 3.894 words/cycle
Average OFMAP DRAM BW: 64.000 words/cycle

Running Layer 235
Total cycles: 495
Compute cycles: 211
Stall cycles: 0
Overall utilization: 2.61%
Mapping efficiency: 25.00%
Average IFMAP SRAM BW: 1.668 words/cycle
Average Filter SRAM BW: 4.853 words/cycle
Average OFMAP SRAM BW: 6.673 words/cycle
Average IFMAP DRAM BW: 1.338 words/cycle
Average Filter DRAM BW: 3.894 words/cycle
Average OFMAP DRAM BW: 64.000 words/cycle

Running Layer 236
Total cycles: 729
Compute cycles: 423
Stall cycles: 0
Overall utilization: 2.60%
Mapping efficiency: 25.00%
Average IFMAP SRAM BW: 1.664 words/cycle
Average Filter SRAM BW: 4.842 words/cycle
Average OFMAP SRAM BW: 6.657 words/cycle
Average IFMAP DRAM BW: 1.338 words/cycle
Average Filter DRAM BW: 7.787 words/cycle
Average OFMAP DRAM BW: 64.000 words/cycle

Running Layer 237
Total cycles: 495
Compute cycles: 211
Stall cycles: 0
Overall utilization: 5.21%
Mapping efficiency: 50.00%
Average IFMAP SRAM BW: 3.336 words/cycle
Average Filter SRAM BW: 9.706 words/cycle
Average OFMAP SRAM BW: 6.673 words/cycle
Average IFMAP DRAM BW: 2.677 words/cycle
Average Filter DRAM BW: 7.787 words/cycle
Average OFMAP DRAM BW: 64.000 words/cycle

Running Layer 238
Total cycles: 991
Compute cycles: 423
Stall cycles: 0
Overall utilization: 5.20%
Mapping efficiency: 50.00%
Average IFMAP SRAM BW: 3.329 words/cycle
Average Filter SRAM BW: 9.683 words/cycle
Average OFMAP SRAM BW: 6.657 words/cycle
Average IFMAP DRAM BW: 2.677 words/cycle
Average Filter DRAM BW: 7.802 words/cycle
Average OFMAP DRAM BW: 64.000 words/cycle

Running Layer 239
Total cycles: 757
Compute cycles: 211
Stall cycles: 0
Overall utilization: 10.43%
Mapping efficiency: 100.00%
Average IFMAP SRAM BW: 6.673 words/cycle
Average Filter SRAM BW: 19.412 words/cycle
Average OFMAP SRAM BW: 6.673 words/cycle
Average IFMAP DRAM BW: 5.354 words/cycle
Average Filter DRAM BW: 7.802 words/cycle
Average OFMAP DRAM BW: 64.000 words/cycle

Running Layer 240
Total cycles: 1515
Compute cycles: 423
Stall cycles: 0
Overall utilization: 10.40%
Mapping efficiency: 100.00%
Average IFMAP SRAM BW: 6.657 words/cycle
Average Filter SRAM BW: 19.366 words/cycle
Average OFMAP SRAM BW: 6.657 words/cycle
Average IFMAP DRAM BW: 5.354 words/cycle
Average Filter DRAM BW: 7.809 words/cycle
Average OFMAP DRAM BW: 64.000 words/cycle

Running Layer 241
Total cycles: 2769
Compute cycles: 847
Stall cycles: 0
Overall utilization: 10.39%
Mapping efficiency: 100.00%
Average IFMAP SRAM BW: 6.649 words/cycle
Average Filter SRAM BW: 19.344 words/cycle
Average OFMAP SRAM BW: 6.649 words/cycle
Average IFMAP DRAM BW: 5.364 words/cycle
Average Filter DRAM BW: 8.929 words/cycle
Average OFMAP DRAM BW: 64.000 words/cycle

Running Layer 242
Total cycles: 497
Compute cycles: 212
Stall cycles: 0
Overall utilization: 0.68%
Mapping efficiency: 6.25%
Average IFMAP SRAM BW: 0.434 words/cycle
Average Filter SRAM BW: 1.208 words/cycle
Average OFMAP SRAM BW: 6.943 words/cycle
Average IFMAP DRAM BW: 0.350 words/cycle
Average Filter DRAM BW: 0.973 words/cycle
Average OFMAP DRAM BW: 64.000 words/cycle

Running Layer 243
Total cycles: 733
Compute cycles: 425
Stall cycles: 0
Overall utilization: 0.68%
Mapping efficiency: 6.25%
Average IFMAP SRAM BW: 0.433 words/cycle
Average Filter SRAM BW: 1.205 words/cycle
Average OFMAP SRAM BW: 6.927 words/cycle
Average IFMAP DRAM BW: 0.350 words/cycle
Average Filter DRAM BW: 1.947 words/cycle
Average OFMAP DRAM BW: 64.000 words/cycle

Running Layer 244
Total cycles: 497
Compute cycles: 212
Stall cycles: 0
Overall utilization: 1.36%
Mapping efficiency: 12.50%
Average IFMAP SRAM BW: 0.868 words/cycle
Average Filter SRAM BW: 2.415 words/cycle
Average OFMAP SRAM BW: 6.943 words/cycle
Average IFMAP DRAM BW: 0.700 words/cycle
Average Filter DRAM BW: 1.947 words/cycle
Average OFMAP DRAM BW: 64.000 words/cycle

Running Layer 245
Total cycles: 733
Compute cycles: 425
Stall cycles: 0
Overall utilization: 1.35%
Mapping efficiency: 12.50%
Average IFMAP SRAM BW: 0.866 words/cycle
Average Filter SRAM BW: 2.409 words/cycle
Average OFMAP SRAM BW: 6.927 words/cycle
Average IFMAP DRAM BW: 0.700 words/cycle
Average Filter DRAM BW: 3.894 words/cycle
Average OFMAP DRAM BW: 64.000 words/cycle

Running Layer 246
Total cycles: 497
Compute cycles: 212
Stall cycles: 0
Overall utilization: 2.71%
Mapping efficiency: 25.00%
Average IFMAP SRAM BW: 1.736 words/cycle
Average Filter SRAM BW: 4.830 words/cycle
Average OFMAP SRAM BW: 6.943 words/cycle
Average IFMAP DRAM BW: 1.399 words/cycle
Average Filter DRAM BW: 3.894 words/cycle
Average OFMAP DRAM BW: 64.000 words/cycle

Running Layer 247
Total cycles: 733
Compute cycles: 425
Stall cycles: 0
Overall utilization: 2.71%
Mapping efficiency: 25.00%
Average IFMAP SRAM BW: 1.732 words/cycle
Average Filter SRAM BW: 4.819 words/cycle
Average OFMAP SRAM BW: 6.927 words/cycle
Average IFMAP DRAM BW: 1.399 words/cycle
Average Filter DRAM BW: 7.787 words/cycle
Average OFMAP DRAM BW: 64.000 words/cycle

Running Layer 248
Total cycles: 497
Compute cycles: 212
Stall cycles: 0
Overall utilization: 5.42%
Mapping efficiency: 50.00%
Average IFMAP SRAM BW: 3.472 words/cycle
Average Filter SRAM BW: 9.660 words/cycle
Average OFMAP SRAM BW: 6.943 words/cycle
Average IFMAP DRAM BW: 2.798 words/cycle
Average Filter DRAM BW: 7.787 words/cycle
Average OFMAP DRAM BW: 64.000 words/cycle

Running Layer 249
Total cycles: 995
Compute cycles: 425
Stall cycles: 0
Overall utilization: 5.41%
Mapping efficiency: 50.00%
Average IFMAP SRAM BW: 3.464 words/cycle
Average Filter SRAM BW: 9.638 words/cycle
Average OFMAP SRAM BW: 6.927 words/cycle
Average IFMAP DRAM BW: 2.798 words/cycle
Average Filter DRAM BW: 7.802 words/cycle
Average OFMAP DRAM BW: 64.000 words/cycle

Running Layer 250
Total cycles: 759
Compute cycles: 212
Stall cycles: 0
Overall utilization: 10.85%
Mapping efficiency: 100.00%
Average IFMAP SRAM BW: 6.943 words/cycle
Average Filter SRAM BW: 19.321 words/cycle
Average OFMAP SRAM BW: 6.943 words/cycle
Average IFMAP DRAM BW: 5.597 words/cycle
Average Filter DRAM BW: 7.802 words/cycle
Average OFMAP DRAM BW: 64.000 words/cycle

Running Layer 251
Total cycles: 1519
Compute cycles: 425
Stall cycles: 0
Overall utilization: 10.82%
Mapping efficiency: 100.00%
Average IFMAP SRAM BW: 6.927 words/cycle
Average Filter SRAM BW: 19.275 words/cycle
Average OFMAP SRAM BW: 6.927 words/cycle
Average IFMAP DRAM BW: 5.597 words/cycle
Average Filter DRAM BW: 7.809 words/cycle
Average OFMAP DRAM BW: 64.000 words/cycle

Running Layer 252
Total cycles: 2777
Compute cycles: 851
Stall cycles: 0
Overall utilization: 10.81%
Mapping efficiency: 100.00%
Average IFMAP SRAM BW: 6.919 words/cycle
Average Filter SRAM BW: 19.253 words/cycle
Average OFMAP SRAM BW: 6.919 words/cycle
Average IFMAP DRAM BW: 5.608 words/cycle
Average Filter DRAM BW: 8.929 words/cycle
Average OFMAP DRAM BW: 64.000 words/cycle

Running Layer 253
Total cycles: 499
Compute cycles: 213
Stall cycles: 0
Overall utilization: 0.70%
Mapping efficiency: 6.25%
Average IFMAP SRAM BW: 0.451 words/cycle
Average Filter SRAM BW: 1.202 words/cycle
Average OFMAP SRAM BW: 7.211 words/cycle
Average IFMAP DRAM BW: 0.365 words/cycle
Average Filter DRAM BW: 0.973 words/cycle
Average OFMAP DRAM BW: 64.000 words/cycle

Running Layer 254
Total cycles: 737
Compute cycles: 427
Stall cycles: 0
Overall utilization: 0.70%
Mapping efficiency: 6.25%
Average IFMAP SRAM BW: 0.450 words/cycle
Average Filter SRAM BW: 1.199 words/cycle
Average OFMAP SRAM BW: 7.194 words/cycle
Average IFMAP DRAM BW: 0.365 words/cycle
Average Filter DRAM BW: 1.947 words/cycle
Average OFMAP DRAM BW: 64.000 words/cycle

Running Layer 255
Total cycles: 499
Compute cycles: 213
Stall cycles: 0
Overall utilization: 1.41%
Mapping efficiency: 12.50%
Average IFMAP SRAM BW: 0.901 words/cycle
Average Filter SRAM BW: 2.404 words/cycle
Average OFMAP SRAM BW: 7.211 words/cycle
Average IFMAP DRAM BW: 0.730 words/cycle
Average Filter DRAM BW: 1.947 words/cycle
Average OFMAP DRAM BW: 64.000 words/cycle

Running Layer 256
Total cycles: 737
Compute cycles: 427
Stall cycles: 0
Overall utilization: 1.41%
Mapping efficiency: 12.50%
Average IFMAP SRAM BW: 0.899 words/cycle
Average Filter SRAM BW: 2.398 words/cycle
Average OFMAP SRAM BW: 7.194 words/cycle
Average IFMAP DRAM BW: 0.730 words/cycle
Average Filter DRAM BW: 3.894 words/cycle
Average OFMAP DRAM BW: 64.000 words/cycle

Running Layer 257
Total cycles: 499
Compute cycles: 213
Stall cycles: 0
Overall utilization: 2.82%
Mapping efficiency: 25.00%
Average IFMAP SRAM BW: 1.803 words/cycle
Average Filter SRAM BW: 4.808 words/cycle
Average OFMAP SRAM BW: 7.211 words/cycle
Average IFMAP DRAM BW: 1.460 words/cycle
Average Filter DRAM BW: 3.894 words/cycle
Average OFMAP DRAM BW: 64.000 words/cycle

Running Layer 258
Total cycles: 737
Compute cycles: 427
Stall cycles: 0
Overall utilization: 2.81%
Mapping efficiency: 25.00%
Average IFMAP SRAM BW: 1.799 words/cycle
Average Filter SRAM BW: 4.796 words/cycle
Average OFMAP SRAM BW: 7.194 words/cycle
Average IFMAP DRAM BW: 1.460 words/cycle
Average Filter DRAM BW: 7.787 words/cycle
Average OFMAP DRAM BW: 64.000 words/cycle

Running Layer 259
Total cycles: 499
Compute cycles: 213
Stall cycles: 0
Overall utilization: 5.63%
Mapping efficiency: 50.00%
Average IFMAP SRAM BW: 3.606 words/cycle
Average Filter SRAM BW: 9.615 words/cycle
Average OFMAP SRAM BW: 7.211 words/cycle
Average IFMAP DRAM BW: 2.920 words/cycle
Average Filter DRAM BW: 7.787 words/cycle
Average OFMAP DRAM BW: 64.000 words/cycle

Running Layer 260
Total cycles: 999
Compute cycles: 427
Stall cycles: 0
Overall utilization: 5.62%
Mapping efficiency: 50.00%
Average IFMAP SRAM BW: 3.597 words/cycle
Average Filter SRAM BW: 9.593 words/cycle
Average OFMAP SRAM BW: 7.194 words/cycle
Average IFMAP DRAM BW: 2.920 words/cycle
Average Filter DRAM BW: 7.802 words/cycle
Average OFMAP DRAM BW: 64.000 words/cycle

Running Layer 261
Total cycles: 761
Compute cycles: 213
Stall cycles: 0
Overall utilization: 11.27%
Mapping efficiency: 100.00%
Average IFMAP SRAM BW: 7.211 words/cycle
Average Filter SRAM BW: 19.230 words/cycle
Average OFMAP SRAM BW: 7.211 words/cycle
Average IFMAP DRAM BW: 5.840 words/cycle
Average Filter DRAM BW: 7.802 words/cycle
Average OFMAP DRAM BW: 64.000 words/cycle

Running Layer 262
Total cycles: 1523
Compute cycles: 427
Stall cycles: 0
Overall utilization: 11.24%
Mapping efficiency: 100.00%
Average IFMAP SRAM BW: 7.194 words/cycle
Average Filter SRAM BW: 19.185 words/cycle
Average OFMAP SRAM BW: 7.194 words/cycle
Average IFMAP DRAM BW: 5.840 words/cycle
Average Filter DRAM BW: 7.809 words/cycle
Average OFMAP DRAM BW: 64.000 words/cycle

Running Layer 263
Total cycles: 2785
Compute cycles: 855
Stall cycles: 0
Overall utilization: 11.23%
Mapping efficiency: 100.00%
Average IFMAP SRAM BW: 7.186 words/cycle
Average Filter SRAM BW: 19.163 words/cycle
Average OFMAP SRAM BW: 7.186 words/cycle
Average IFMAP DRAM BW: 5.851 words/cycle
Average Filter DRAM BW: 8.929 words/cycle
Average OFMAP DRAM BW: 64.000 words/cycle

Running Layer 264
Total cycles: 501
Compute cycles: 214
Stall cycles: 0
Overall utilization: 0.73%
Mapping efficiency: 6.25%
Average IFMAP SRAM BW: 0.467 words/cycle
Average Filter SRAM BW: 1.196 words/cycle
Average OFMAP SRAM BW: 7.477 words/cycle
Average IFMAP DRAM BW: 0.380 words/cycle
Average Filter DRAM BW: 0.973 words/cycle
Average OFMAP DRAM BW: 64.000 words/cycle

Running Layer 265
Total cycles: 741
Compute cycles: 429
Stall cycles: 0
Overall utilization: 0.73%
Mapping efficiency: 6.25%
Average IFMAP SRAM BW: 0.466 words/cycle
Average Filter SRAM BW: 1.193 words/cycle
Average OFMAP SRAM BW: 7.459 words/cycle
Average IFMAP DRAM BW: 0.380 words/cycle
Average Filter DRAM BW: 1.947 words/cycle
Average OFMAP DRAM BW: 64.000 words/cycle

Running Layer 266
Total cycles: 501
Compute cycles: 214
Stall cycles: 0
Overall utilization: 1.46%
Mapping efficiency: 12.50%
Average IFMAP SRAM BW: 0.935 words/cycle
Average Filter SRAM BW: 2.393 words/cycle
Average OFMAP SRAM BW: 7.477 words/cycle
Average IFMAP DRAM BW: 0.760 words/cycle
Average Filter DRAM BW: 1.947 words/cycle
Average OFMAP DRAM BW: 64.000 words/cycle

Running Layer 267
Total cycles: 741
Compute cycles: 429
Stall cycles: 0
Overall utilization: 1.46%
Mapping efficiency: 12.50%
Average IFMAP SRAM BW: 0.932 words/cycle
Average Filter SRAM BW: 2.387 words/cycle
Average OFMAP SRAM BW: 7.459 words/cycle
Average IFMAP DRAM BW: 0.760 words/cycle
Average Filter DRAM BW: 3.894 words/cycle
Average OFMAP DRAM BW: 64.000 words/cycle

Running Layer 268
Total cycles: 501
Compute cycles: 214
Stall cycles: 0
Overall utilization: 2.92%
Mapping efficiency: 25.00%
Average IFMAP SRAM BW: 1.869 words/cycle
Average Filter SRAM BW: 4.785 words/cycle
Average OFMAP SRAM BW: 7.477 words/cycle
Average IFMAP DRAM BW: 1.521 words/cycle
Average Filter DRAM BW: 3.894 words/cycle
Average OFMAP DRAM BW: 64.000 words/cycle

Running Layer 269
Total cycles: 741
Compute cycles: 429
Stall cycles: 0
Overall utilization: 2.91%
Mapping efficiency: 25.00%
Average IFMAP SRAM BW: 1.865 words/cycle
Average Filter SRAM BW: 4.774 words/cycle
Average OFMAP SRAM BW: 7.459 words/cycle
Average IFMAP DRAM BW: 1.521 words/cycle
Average Filter DRAM BW: 7.787 words/cycle
Average OFMAP DRAM BW: 64.000 words/cycle

Running Layer 270
Total cycles: 501
Compute cycles: 214
Stall cycles: 0
Overall utilization: 5.84%
Mapping efficiency: 50.00%
Average IFMAP SRAM BW: 3.738 words/cycle
Average Filter SRAM BW: 9.570 words/cycle
Average OFMAP SRAM BW: 7.477 words/cycle
Average IFMAP DRAM BW: 3.042 words/cycle
Average Filter DRAM BW: 7.787 words/cycle
Average OFMAP DRAM BW: 64.000 words/cycle

Running Layer 271
Total cycles: 1003
Compute cycles: 429
Stall cycles: 0
Overall utilization: 5.83%
Mapping efficiency: 50.00%
Average IFMAP SRAM BW: 3.730 words/cycle
Average Filter SRAM BW: 9.548 words/cycle
Average OFMAP SRAM BW: 7.459 words/cycle
Average IFMAP DRAM BW: 3.042 words/cycle
Average Filter DRAM BW: 7.802 words/cycle
Average OFMAP DRAM BW: 64.000 words/cycle

Running Layer 272
Total cycles: 763
Compute cycles: 214
Stall cycles: 0
Overall utilization: 11.68%
Mapping efficiency: 100.00%
Average IFMAP SRAM BW: 7.477 words/cycle
Average Filter SRAM BW: 19.140 words/cycle
Average OFMAP SRAM BW: 7.477 words/cycle
Average IFMAP DRAM BW: 6.084 words/cycle
Average Filter DRAM BW: 7.802 words/cycle
Average OFMAP DRAM BW: 64.000 words/cycle

Running Layer 273
Total cycles: 1527
Compute cycles: 429
Stall cycles: 0
Overall utilization: 11.66%
Mapping efficiency: 100.00%
Average IFMAP SRAM BW: 7.459 words/cycle
Average Filter SRAM BW: 19.096 words/cycle
Average OFMAP SRAM BW: 7.459 words/cycle
Average IFMAP DRAM BW: 6.084 words/cycle
Average Filter DRAM BW: 7.809 words/cycle
Average OFMAP DRAM BW: 64.000 words/cycle

Running Layer 274
Total cycles: 2793
Compute cycles: 859
Stall cycles: 0
Overall utilization: 11.64%
Mapping efficiency: 100.00%
Average IFMAP SRAM BW: 7.451 words/cycle
Average Filter SRAM BW: 19.073 words/cycle
Average OFMAP SRAM BW: 7.451 words/cycle
Average IFMAP DRAM BW: 6.095 words/cycle
Average Filter DRAM BW: 8.929 words/cycle
Average OFMAP DRAM BW: 64.000 words/cycle

Running Layer 275
Total cycles: 503
Compute cycles: 215
Stall cycles: 0
Overall utilization: 0.76%
Mapping efficiency: 6.25%
Average IFMAP SRAM BW: 0.484 words/cycle
Average Filter SRAM BW: 1.191 words/cycle
Average OFMAP SRAM BW: 7.740 words/cycle
Average IFMAP DRAM BW: 0.395 words/cycle
Average Filter DRAM BW: 0.973 words/cycle
Average OFMAP DRAM BW: 64.000 words/cycle

Running Layer 276
Total cycles: 745
Compute cycles: 431
Stall cycles: 0
Overall utilization: 0.75%
Mapping efficiency: 6.25%
Average IFMAP SRAM BW: 0.483 words/cycle
Average Filter SRAM BW: 1.188 words/cycle
Average OFMAP SRAM BW: 7.722 words/cycle
Average IFMAP DRAM BW: 0.395 words/cycle
Average Filter DRAM BW: 1.947 words/cycle
Average OFMAP DRAM BW: 64.000 words/cycle

Running Layer 277
Total cycles: 503
Compute cycles: 215
Stall cycles: 0
Overall utilization: 1.51%
Mapping efficiency: 12.50%
Average IFMAP SRAM BW: 0.967 words/cycle
Average Filter SRAM BW: 2.381 words/cycle
Average OFMAP SRAM BW: 7.740 words/cycle
Average IFMAP DRAM BW: 0.791 words/cycle
Average Filter DRAM BW: 1.947 words/cycle
Average OFMAP DRAM BW: 64.000 words/cycle

Running Layer 278
Total cycles: 745
Compute cycles: 431
Stall cycles: 0
Overall utilization: 1.51%
Mapping efficiency: 12.50%
Average IFMAP SRAM BW: 0.965 words/cycle
Average Filter SRAM BW: 2.376 words/cycle
Average OFMAP SRAM BW: 7.722 words/cycle
Average IFMAP DRAM BW: 0.791 words/cycle
Average Filter DRAM BW: 3.894 words/cycle
Average OFMAP DRAM BW: 64.000 words/cycle

Running Layer 279
Total cycles: 503
Compute cycles: 215
Stall cycles: 0
Overall utilization: 3.02%
Mapping efficiency: 25.00%
Average IFMAP SRAM BW: 1.935 words/cycle
Average Filter SRAM BW: 4.763 words/cycle
Average OFMAP SRAM BW: 7.740 words/cycle
Average IFMAP DRAM BW: 1.582 words/cycle
Average Filter DRAM BW: 3.894 words/cycle
Average OFMAP DRAM BW: 64.000 words/cycle

Running Layer 280
Total cycles: 745
Compute cycles: 431
Stall cycles: 0
Overall utilization: 3.02%
Mapping efficiency: 25.00%
Average IFMAP SRAM BW: 1.930 words/cycle
Average Filter SRAM BW: 4.752 words/cycle
Average OFMAP SRAM BW: 7.722 words/cycle
Average IFMAP DRAM BW: 1.582 words/cycle
Average Filter DRAM BW: 7.787 words/cycle
Average OFMAP DRAM BW: 64.000 words/cycle

Running Layer 281
Total cycles: 503
Compute cycles: 215
Stall cycles: 0
Overall utilization: 6.05%
Mapping efficiency: 50.00%
Average IFMAP SRAM BW: 3.870 words/cycle
Average Filter SRAM BW: 9.526 words/cycle
Average OFMAP SRAM BW: 7.740 words/cycle
Average IFMAP DRAM BW: 3.163 words/cycle
Average Filter DRAM BW: 7.787 words/cycle
Average OFMAP DRAM BW: 64.000 words/cycle

Running Layer 282
Total cycles: 1007
Compute cycles: 431
Stall cycles: 0
Overall utilization: 6.03%
Mapping efficiency: 50.00%
Average IFMAP SRAM BW: 3.861 words/cycle
Average Filter SRAM BW: 9.503 words/cycle
Average OFMAP SRAM BW: 7.722 words/cycle
Average IFMAP DRAM BW: 3.163 words/cycle
Average Filter DRAM BW: 7.802 words/cycle
Average OFMAP DRAM BW: 64.000 words/cycle

Running Layer 283
Total cycles: 765
Compute cycles: 215
Stall cycles: 0
Overall utilization: 12.09%
Mapping efficiency: 100.00%
Average IFMAP SRAM BW: 7.740 words/cycle
Average Filter SRAM BW: 19.051 words/cycle
Average OFMAP SRAM BW: 7.740 words/cycle
Average IFMAP DRAM BW: 6.327 words/cycle
Average Filter DRAM BW: 7.802 words/cycle
Average OFMAP DRAM BW: 64.000 words/cycle

Running Layer 284
Total cycles: 1531
Compute cycles: 431
Stall cycles: 0
Overall utilization: 12.06%
Mapping efficiency: 100.00%
Average IFMAP SRAM BW: 7.722 words/cycle
Average Filter SRAM BW: 19.007 words/cycle
Average OFMAP SRAM BW: 7.722 words/cycle
Average IFMAP DRAM BW: 6.327 words/cycle
Average Filter DRAM BW: 7.809 words/cycle
Average OFMAP DRAM BW: 64.000 words/cycle

Running Layer 285
Total cycles: 2801
Compute cycles: 863
Stall cycles: 0
Overall utilization: 12.05%
Mapping efficiency: 100.00%
Average IFMAP SRAM BW: 7.713 words/cycle
Average Filter SRAM BW: 18.985 words/cycle
Average OFMAP SRAM BW: 7.713 words/cycle
Average IFMAP DRAM BW: 6.339 words/cycle
Average Filter DRAM BW: 8.929 words/cycle
Average OFMAP DRAM BW: 64.000 words/cycle

Running Layer 286
Total cycles: 505
Compute cycles: 216
Stall cycles: 0
Overall utilization: 0.78%
Mapping efficiency: 6.25%
Average IFMAP SRAM BW: 0.500 words/cycle
Average Filter SRAM BW: 1.185 words/cycle
Average OFMAP SRAM BW: 8.000 words/cycle
Average IFMAP DRAM BW: 0.411 words/cycle
Average Filter DRAM BW: 0.973 words/cycle
Average OFMAP DRAM BW: 64.000 words/cycle

Running Layer 287
Total cycles: 749
Compute cycles: 433
Stall cycles: 0
Overall utilization: 0.78%
Mapping efficiency: 6.25%
Average IFMAP SRAM BW: 0.499 words/cycle
Average Filter SRAM BW: 1.182 words/cycle
Average OFMAP SRAM BW: 7.982 words/cycle
Average IFMAP DRAM BW: 0.411 words/cycle
Average Filter DRAM BW: 1.947 words/cycle
Average OFMAP DRAM BW: 64.000 words/cycle

Running Layer 288
Total cycles: 505
Compute cycles: 216
Stall cycles: 0
Overall utilization: 1.56%
Mapping efficiency: 12.50%
Average IFMAP SRAM BW: 1.000 words/cycle
Average Filter SRAM BW: 2.370 words/cycle
Average OFMAP SRAM BW: 8.000 words/cycle
Average IFMAP DRAM BW: 0.821 words/cycle
Average Filter DRAM BW: 1.947 words/cycle
Average OFMAP DRAM BW: 64.000 words/cycle

Running Layer 289
Total cycles: 749
Compute cycles: 433
Stall cycles: 0
Overall utilization: 1.56%
Mapping efficiency: 12.50%
Average IFMAP SRAM BW: 0.998 words/cycle
Average Filter SRAM BW: 2.365 words/cycle
Average OFMAP SRAM BW: 7.982 words/cycle
Average IFMAP DRAM BW: 0.821 words/cycle
Average Filter DRAM BW: 3.894 words/cycle
Average OFMAP DRAM BW: 64.000 words/cycle

Running Layer 290
Total cycles: 505
Compute cycles: 216
Stall cycles: 0
Overall utilization: 3.12%
Mapping efficiency: 25.00%
Average IFMAP SRAM BW: 2.000 words/cycle
Average Filter SRAM BW: 4.741 words/cycle
Average OFMAP SRAM BW: 8.000 words/cycle
Average IFMAP DRAM BW: 1.643 words/cycle
Average Filter DRAM BW: 3.894 words/cycle
Average OFMAP DRAM BW: 64.000 words/cycle

Running Layer 291
Total cycles: 749
Compute cycles: 433
Stall cycles: 0
Overall utilization: 3.12%
Mapping efficiency: 25.00%
Average IFMAP SRAM BW: 1.995 words/cycle
Average Filter SRAM BW: 4.730 words/cycle
Average OFMAP SRAM BW: 7.982 words/cycle
Average IFMAP DRAM BW: 1.643 words/cycle
Average Filter DRAM BW: 7.787 words/cycle
Average OFMAP DRAM BW: 64.000 words/cycle

Running Layer 292
Total cycles: 505
Compute cycles: 216
Stall cycles: 0
Overall utilization: 6.25%
Mapping efficiency: 50.00%
Average IFMAP SRAM BW: 4.000 words/cycle
Average Filter SRAM BW: 9.481 words/cycle
Average OFMAP SRAM BW: 8.000 words/cycle
Average IFMAP DRAM BW: 3.285 words/cycle
Average Filter DRAM BW: 7.787 words/cycle
Average OFMAP DRAM BW: 64.000 words/cycle

Running Layer 293
Total cycles: 1011
Compute cycles: 433
Stall cycles: 0
Overall utilization: 6.24%
Mapping efficiency: 50.00%
Average IFMAP SRAM BW: 3.991 words/cycle
Average Filter SRAM BW: 9.460 words/cycle
Average OFMAP SRAM BW: 7.982 words/cycle
Average IFMAP DRAM BW: 3.285 words/cycle
Average Filter DRAM BW: 7.802 words/cycle
Average OFMAP DRAM BW: 64.000 words/cycle

Running Layer 294
Total cycles: 767
Compute cycles: 216
Stall cycles: 0
Overall utilization: 12.50%
Mapping efficiency: 100.00%
Average IFMAP SRAM BW: 8.000 words/cycle
Average Filter SRAM BW: 18.963 words/cycle
Average OFMAP SRAM BW: 8.000 words/cycle
Average IFMAP DRAM BW: 6.570 words/cycle
Average Filter DRAM BW: 7.802 words/cycle
Average OFMAP DRAM BW: 64.000 words/cycle

Running Layer 295
Total cycles: 1535
Compute cycles: 433
Stall cycles: 0
Overall utilization: 12.47%
Mapping efficiency: 100.00%
Average IFMAP SRAM BW: 7.982 words/cycle
Average Filter SRAM BW: 18.919 words/cycle
Average OFMAP SRAM BW: 7.982 words/cycle
Average IFMAP DRAM BW: 6.570 words/cycle
Average Filter DRAM BW: 7.809 words/cycle
Average OFMAP DRAM BW: 64.000 words/cycle

Running Layer 296
Total cycles: 2809
Compute cycles: 867
Stall cycles: 0
Overall utilization: 12.46%
Mapping efficiency: 100.00%
Average IFMAP SRAM BW: 7.972 words/cycle
Average Filter SRAM BW: 18.897 words/cycle
Average OFMAP SRAM BW: 7.972 words/cycle
Average IFMAP DRAM BW: 6.583 words/cycle
Average Filter DRAM BW: 8.929 words/cycle
Average OFMAP DRAM BW: 64.000 words/cycle

Running Layer 297
Total cycles: 507
Compute cycles: 217
Stall cycles: 0
Overall utilization: 0.81%
Mapping efficiency: 6.25%
Average IFMAP SRAM BW: 0.516 words/cycle
Average Filter SRAM BW: 1.180 words/cycle
Average OFMAP SRAM BW: 8.258 words/cycle
Average IFMAP DRAM BW: 0.426 words/cycle
Average Filter DRAM BW: 0.973 words/cycle
Average OFMAP DRAM BW: 64.000 words/cycle

Running Layer 298
Total cycles: 753
Compute cycles: 435
Stall cycles: 0
Overall utilization: 0.80%
Mapping efficiency: 6.25%
Average IFMAP SRAM BW: 0.515 words/cycle
Average Filter SRAM BW: 1.177 words/cycle
Average OFMAP SRAM BW: 8.239 words/cycle
Average IFMAP DRAM BW: 0.426 words/cycle
Average Filter DRAM BW: 1.947 words/cycle
Average OFMAP DRAM BW: 64.000 words/cycle

Running Layer 299
Total cycles: 507
Compute cycles: 217
Stall cycles: 0
Overall utilization: 1.61%
Mapping efficiency: 12.50%
Average IFMAP SRAM BW: 1.032 words/cycle
Average Filter SRAM BW: 2.359 words/cycle
Average OFMAP SRAM BW: 8.258 words/cycle
Average IFMAP DRAM BW: 0.852 words/cycle
Average Filter DRAM BW: 1.947 words/cycle
Average OFMAP DRAM BW: 64.000 words/cycle

Running Layer 300
Total cycles: 753
Compute cycles: 435
Stall cycles: 0
Overall utilization: 1.61%
Mapping efficiency: 12.50%
Average IFMAP SRAM BW: 1.030 words/cycle
Average Filter SRAM BW: 2.354 words/cycle
Average OFMAP SRAM BW: 8.239 words/cycle
Average IFMAP DRAM BW: 0.852 words/cycle
Average Filter DRAM BW: 3.894 words/cycle
Average OFMAP DRAM BW: 64.000 words/cycle

Running Layer 301
Total cycles: 507
Compute cycles: 217
Stall cycles: 0
Overall utilization: 3.23%
Mapping efficiency: 25.00%
Average IFMAP SRAM BW: 2.065 words/cycle
Average Filter SRAM BW: 4.719 words/cycle
Average OFMAP SRAM BW: 8.258 words/cycle
Average IFMAP DRAM BW: 1.703 words/cycle
Average Filter DRAM BW: 3.894 words/cycle
Average OFMAP DRAM BW: 64.000 words/cycle

Running Layer 302
Total cycles: 753
Compute cycles: 435
Stall cycles: 0
Overall utilization: 3.22%
Mapping efficiency: 25.00%
Average IFMAP SRAM BW: 2.060 words/cycle
Average Filter SRAM BW: 4.708 words/cycle
Average OFMAP SRAM BW: 8.239 words/cycle
Average IFMAP DRAM BW: 1.703 words/cycle
Average Filter DRAM BW: 7.787 words/cycle
Average OFMAP DRAM BW: 64.000 words/cycle

Running Layer 303
Total cycles: 507
Compute cycles: 217
Stall cycles: 0
Overall utilization: 6.45%
Mapping efficiency: 50.00%
Average IFMAP SRAM BW: 4.129 words/cycle
Average Filter SRAM BW: 9.438 words/cycle
Average OFMAP SRAM BW: 8.258 words/cycle
Average IFMAP DRAM BW: 3.407 words/cycle
Average Filter DRAM BW: 7.787 words/cycle
Average OFMAP DRAM BW: 64.000 words/cycle

Running Layer 304
Total cycles: 1015
Compute cycles: 435
Stall cycles: 0
Overall utilization: 6.44%
Mapping efficiency: 50.00%
Average IFMAP SRAM BW: 4.120 words/cycle
Average Filter SRAM BW: 9.416 words/cycle
Average OFMAP SRAM BW: 8.239 words/cycle
Average IFMAP DRAM BW: 3.407 words/cycle
Average Filter DRAM BW: 7.802 words/cycle
Average OFMAP DRAM BW: 64.000 words/cycle

Running Layer 305
Total cycles: 769
Compute cycles: 217
Stall cycles: 0
Overall utilization: 12.90%
Mapping efficiency: 100.00%
Average IFMAP SRAM BW: 8.258 words/cycle
Average Filter SRAM BW: 18.876 words/cycle
Average OFMAP SRAM BW: 8.258 words/cycle
Average IFMAP DRAM BW: 6.814 words/cycle
Average Filter DRAM BW: 7.802 words/cycle
Average OFMAP DRAM BW: 64.000 words/cycle

Running Layer 306
Total cycles: 1539
Compute cycles: 435
Stall cycles: 0
Overall utilization: 12.87%
Mapping efficiency: 100.00%
Average IFMAP SRAM BW: 8.239 words/cycle
Average Filter SRAM BW: 18.832 words/cycle
Average OFMAP SRAM BW: 8.239 words/cycle
Average IFMAP DRAM BW: 6.814 words/cycle
Average Filter DRAM BW: 7.809 words/cycle
Average OFMAP DRAM BW: 64.000 words/cycle

Running Layer 307
Total cycles: 2817
Compute cycles: 871
Stall cycles: 0
Overall utilization: 12.86%
Mapping efficiency: 100.00%
Average IFMAP SRAM BW: 8.230 words/cycle
Average Filter SRAM BW: 18.811 words/cycle
Average OFMAP SRAM BW: 8.230 words/cycle
Average IFMAP DRAM BW: 6.827 words/cycle
Average Filter DRAM BW: 8.929 words/cycle
Average OFMAP DRAM BW: 64.000 words/cycle

Running Layer 308
Total cycles: 509
Compute cycles: 218
Stall cycles: 0
Overall utilization: 0.83%
Mapping efficiency: 6.25%
Average IFMAP SRAM BW: 0.532 words/cycle
Average Filter SRAM BW: 1.174 words/cycle
Average OFMAP SRAM BW: 8.514 words/cycle
Average IFMAP DRAM BW: 0.441 words/cycle
Average Filter DRAM BW: 0.973 words/cycle
Average OFMAP DRAM BW: 64.000 words/cycle

Running Layer 309
Total cycles: 757
Compute cycles: 437
Stall cycles: 0
Overall utilization: 0.83%
Mapping efficiency: 6.25%
Average IFMAP SRAM BW: 0.531 words/cycle
Average Filter SRAM BW: 1.172 words/cycle
Average OFMAP SRAM BW: 8.494 words/cycle
Average IFMAP DRAM BW: 0.441 words/cycle
Average Filter DRAM BW: 1.947 words/cycle
Average OFMAP DRAM BW: 64.000 words/cycle

Running Layer 310
Total cycles: 509
Compute cycles: 218
Stall cycles: 0
Overall utilization: 1.66%
Mapping efficiency: 12.50%
Average IFMAP SRAM BW: 1.064 words/cycle
Average Filter SRAM BW: 2.349 words/cycle
Average OFMAP SRAM BW: 8.514 words/cycle
Average IFMAP DRAM BW: 0.882 words/cycle
Average Filter DRAM BW: 1.947 words/cycle
Average OFMAP DRAM BW: 64.000 words/cycle

Running Layer 311
Total cycles: 757
Compute cycles: 437
Stall cycles: 0
Overall utilization: 1.66%
Mapping efficiency: 12.50%
Average IFMAP SRAM BW: 1.062 words/cycle
Average Filter SRAM BW: 2.343 words/cycle
Average OFMAP SRAM BW: 8.494 words/cycle
Average IFMAP DRAM BW: 0.882 words/cycle
Average Filter DRAM BW: 3.894 words/cycle
Average OFMAP DRAM BW: 64.000 words/cycle

Running Layer 312
Total cycles: 509
Compute cycles: 218
Stall cycles: 0
Overall utilization: 3.33%
Mapping efficiency: 25.00%
Average IFMAP SRAM BW: 2.128 words/cycle
Average Filter SRAM BW: 4.697 words/cycle
Average OFMAP SRAM BW: 8.514 words/cycle
Average IFMAP DRAM BW: 1.764 words/cycle
Average Filter DRAM BW: 3.894 words/cycle
Average OFMAP DRAM BW: 64.000 words/cycle

Running Layer 313
Total cycles: 757
Compute cycles: 437
Stall cycles: 0
Overall utilization: 3.32%
Mapping efficiency: 25.00%
Average IFMAP SRAM BW: 2.124 words/cycle
Average Filter SRAM BW: 4.686 words/cycle
Average OFMAP SRAM BW: 8.494 words/cycle
Average IFMAP DRAM BW: 1.764 words/cycle
Average Filter DRAM BW: 7.787 words/cycle
Average OFMAP DRAM BW: 64.000 words/cycle

Running Layer 314
Total cycles: 509
Compute cycles: 218
Stall cycles: 0
Overall utilization: 6.65%
Mapping efficiency: 50.00%
Average IFMAP SRAM BW: 4.257 words/cycle
Average Filter SRAM BW: 9.394 words/cycle
Average OFMAP SRAM BW: 8.514 words/cycle
Average IFMAP DRAM BW: 3.529 words/cycle
Average Filter DRAM BW: 7.787 words/cycle
Average OFMAP DRAM BW: 64.000 words/cycle

Running Layer 315
Total cycles: 1019
Compute cycles: 437
Stall cycles: 0
Overall utilization: 6.64%
Mapping efficiency: 50.00%
Average IFMAP SRAM BW: 4.247 words/cycle
Average Filter SRAM BW: 9.373 words/cycle
Average OFMAP SRAM BW: 8.494 words/cycle
Average IFMAP DRAM BW: 3.529 words/cycle
Average Filter DRAM BW: 7.802 words/cycle
Average OFMAP DRAM BW: 64.000 words/cycle

Running Layer 316
Total cycles: 771
Compute cycles: 218
Stall cycles: 0
Overall utilization: 13.30%
Mapping efficiency: 100.00%
Average IFMAP SRAM BW: 8.514 words/cycle
Average Filter SRAM BW: 18.789 words/cycle
Average OFMAP SRAM BW: 8.514 words/cycle
Average IFMAP DRAM BW: 7.057 words/cycle
Average Filter DRAM BW: 7.802 words/cycle
Average OFMAP DRAM BW: 64.000 words/cycle

Running Layer 317
Total cycles: 1543
Compute cycles: 437
Stall cycles: 0
Overall utilization: 13.27%
Mapping efficiency: 100.00%
Average IFMAP SRAM BW: 8.494 words/cycle
Average Filter SRAM BW: 18.746 words/cycle
Average OFMAP SRAM BW: 8.494 words/cycle
Average IFMAP DRAM BW: 7.057 words/cycle
Average Filter DRAM BW: 7.809 words/cycle
Average OFMAP DRAM BW: 64.000 words/cycle

Running Layer 318
Total cycles: 2825
Compute cycles: 875
Stall cycles: 0
Overall utilization: 13.26%
Mapping efficiency: 100.00%
Average IFMAP SRAM BW: 8.485 words/cycle
Average Filter SRAM BW: 18.725 words/cycle
Average OFMAP SRAM BW: 8.485 words/cycle
Average IFMAP DRAM BW: 7.070 words/cycle
Average Filter DRAM BW: 8.929 words/cycle
Average OFMAP DRAM BW: 64.000 words/cycle

Running Layer 319
Total cycles: 511
Compute cycles: 219
Stall cycles: 0
Overall utilization: 0.86%
Mapping efficiency: 6.25%
Average IFMAP SRAM BW: 0.548 words/cycle
Average Filter SRAM BW: 1.169 words/cycle
Average OFMAP SRAM BW: 8.767 words/cycle
Average IFMAP DRAM BW: 0.456 words/cycle
Average Filter DRAM BW: 0.973 words/cycle
Average OFMAP DRAM BW: 64.000 words/cycle

Running Layer 320
Total cycles: 761
Compute cycles: 439
Stall cycles: 0
Overall utilization: 0.85%
Mapping efficiency: 6.25%
Average IFMAP SRAM BW: 0.547 words/cycle
Average Filter SRAM BW: 1.166 words/cycle
Average OFMAP SRAM BW: 8.747 words/cycle
Average IFMAP DRAM BW: 0.456 words/cycle
Average Filter DRAM BW: 1.947 words/cycle
Average OFMAP DRAM BW: 64.000 words/cycle

Running Layer 321
Total cycles: 511
Compute cycles: 219
Stall cycles: 0
Overall utilization: 1.71%
Mapping efficiency: 12.50%
Average IFMAP SRAM BW: 1.096 words/cycle
Average Filter SRAM BW: 2.338 words/cycle
Average OFMAP SRAM BW: 8.767 words/cycle
Average IFMAP DRAM BW: 0.913 words/cycle
Average Filter DRAM BW: 1.947 words/cycle
Average OFMAP DRAM BW: 64.000 words/cycle

Running Layer 322
Total cycles: 761
Compute cycles: 439
Stall cycles: 0
Overall utilization: 1.71%
Mapping efficiency: 12.50%
Average IFMAP SRAM BW: 1.093 words/cycle
Average Filter SRAM BW: 2.333 words/cycle
Average OFMAP SRAM BW: 8.747 words/cycle
Average IFMAP DRAM BW: 0.913 words/cycle
Average Filter DRAM BW: 3.894 words/cycle
Average OFMAP DRAM BW: 64.000 words/cycle

Running Layer 323
Total cycles: 511
Compute cycles: 219
Stall cycles: 0
Overall utilization: 3.42%
Mapping efficiency: 25.00%
Average IFMAP SRAM BW: 2.192 words/cycle
Average Filter SRAM BW: 4.676 words/cycle
Average OFMAP SRAM BW: 8.767 words/cycle
Average IFMAP DRAM BW: 1.825 words/cycle
Average Filter DRAM BW: 3.894 words/cycle
Average OFMAP DRAM BW: 64.000 words/cycle

Running Layer 324
Total cycles: 761
Compute cycles: 439
Stall cycles: 0
Overall utilization: 3.42%
Mapping efficiency: 25.00%
Average IFMAP SRAM BW: 2.187 words/cycle
Average Filter SRAM BW: 4.665 words/cycle
Average OFMAP SRAM BW: 8.747 words/cycle
Average IFMAP DRAM BW: 1.825 words/cycle
Average Filter DRAM BW: 7.787 words/cycle
Average OFMAP DRAM BW: 64.000 words/cycle

Running Layer 325
Total cycles: 511
Compute cycles: 219
Stall cycles: 0
Overall utilization: 6.85%
Mapping efficiency: 50.00%
Average IFMAP SRAM BW: 4.384 words/cycle
Average Filter SRAM BW: 9.352 words/cycle
Average OFMAP SRAM BW: 8.767 words/cycle
Average IFMAP DRAM BW: 3.650 words/cycle
Average Filter DRAM BW: 7.787 words/cycle
Average OFMAP DRAM BW: 64.000 words/cycle

Running Layer 326
Total cycles: 1023
Compute cycles: 439
Stall cycles: 0
Overall utilization: 6.83%
Mapping efficiency: 50.00%
Average IFMAP SRAM BW: 4.374 words/cycle
Average Filter SRAM BW: 9.330 words/cycle
Average OFMAP SRAM BW: 8.747 words/cycle
Average IFMAP DRAM BW: 3.650 words/cycle
Average Filter DRAM BW: 7.802 words/cycle
Average OFMAP DRAM BW: 64.000 words/cycle

Running Layer 327
Total cycles: 773
Compute cycles: 219
Stall cycles: 0
Overall utilization: 13.70%
Mapping efficiency: 100.00%
Average IFMAP SRAM BW: 8.767 words/cycle
Average Filter SRAM BW: 18.703 words/cycle
Average OFMAP SRAM BW: 8.767 words/cycle
Average IFMAP DRAM BW: 7.300 words/cycle
Average Filter DRAM BW: 7.802 words/cycle
Average OFMAP DRAM BW: 64.000 words/cycle

Running Layer 328
Total cycles: 1547
Compute cycles: 439
Stall cycles: 0
Overall utilization: 13.67%
Mapping efficiency: 100.00%
Average IFMAP SRAM BW: 8.747 words/cycle
Average Filter SRAM BW: 18.661 words/cycle
Average OFMAP SRAM BW: 8.747 words/cycle
Average IFMAP DRAM BW: 7.300 words/cycle
Average Filter DRAM BW: 7.809 words/cycle
Average OFMAP DRAM BW: 64.000 words/cycle

Running Layer 329
Total cycles: 2833
Compute cycles: 879
Stall cycles: 0
Overall utilization: 13.65%
Mapping efficiency: 100.00%
Average IFMAP SRAM BW: 8.737 words/cycle
Average Filter SRAM BW: 18.639 words/cycle
Average OFMAP SRAM BW: 8.737 words/cycle
Average IFMAP DRAM BW: 7.314 words/cycle
Average Filter DRAM BW: 8.929 words/cycle
Average OFMAP DRAM BW: 64.000 words/cycle

Running Layer 330
Total cycles: 513
Compute cycles: 220
Stall cycles: 0
Overall utilization: 0.88%
Mapping efficiency: 6.25%
Average IFMAP SRAM BW: 0.564 words/cycle
Average Filter SRAM BW: 1.164 words/cycle
Average OFMAP SRAM BW: 9.018 words/cycle
Average IFMAP DRAM BW: 0.471 words/cycle
Average Filter DRAM BW: 0.973 words/cycle
Average OFMAP DRAM BW: 64.000 words/cycle

Running Layer 331
Total cycles: 765
Compute cycles: 441
Stall cycles: 0
Overall utilization: 0.88%
Mapping efficiency: 6.25%
Average IFMAP SRAM BW: 0.562 words/cycle
Average Filter SRAM BW: 1.161 words/cycle
Average OFMAP SRAM BW: 8.998 words/cycle
Average IFMAP DRAM BW: 0.471 words/cycle
Average Filter DRAM BW: 1.947 words/cycle
Average OFMAP DRAM BW: 64.000 words/cycle

Running Layer 332
Total cycles: 513
Compute cycles: 220
Stall cycles: 0
Overall utilization: 1.76%
Mapping efficiency: 12.50%
Average IFMAP SRAM BW: 1.127 words/cycle
Average Filter SRAM BW: 2.327 words/cycle
Average OFMAP SRAM BW: 9.018 words/cycle
Average IFMAP DRAM BW: 0.943 words/cycle
Average Filter DRAM BW: 1.947 words/cycle
Average OFMAP DRAM BW: 64.000 words/cycle

Running Layer 333
Total cycles: 765
Compute cycles: 441
Stall cycles: 0
Overall utilization: 1.76%
Mapping efficiency: 12.50%
Average IFMAP SRAM BW: 1.125 words/cycle
Average Filter SRAM BW: 2.322 words/cycle
Average OFMAP SRAM BW: 8.998 words/cycle
Average IFMAP DRAM BW: 0.943 words/cycle
Average Filter DRAM BW: 3.894 words/cycle
Average OFMAP DRAM BW: 64.000 words/cycle

Running Layer 334
Total cycles: 513
Compute cycles: 220
Stall cycles: 0
Overall utilization: 3.52%
Mapping efficiency: 25.00%
Average IFMAP SRAM BW: 2.255 words/cycle
Average Filter SRAM BW: 4.655 words/cycle
Average OFMAP SRAM BW: 9.018 words/cycle
Average IFMAP DRAM BW: 1.886 words/cycle
Average Filter DRAM BW: 3.894 words/cycle
Average OFMAP DRAM BW: 64.000 words/cycle

Running Layer 335
Total cycles: 765
Compute cycles: 441
Stall cycles: 0
Overall utilization: 3.51%
Mapping efficiency: 25.00%
Average IFMAP SRAM BW: 2.249 words/cycle
Average Filter SRAM BW: 4.644 words/cycle
Average OFMAP SRAM BW: 8.998 words/cycle
Average IFMAP DRAM BW: 1.886 words/cycle
Average Filter DRAM BW: 7.787 words/cycle
Average OFMAP DRAM BW: 64.000 words/cycle

Running Layer 336
Total cycles: 513
Compute cycles: 220
Stall cycles: 0
Overall utilization: 7.05%
Mapping efficiency: 50.00%
Average IFMAP SRAM BW: 4.509 words/cycle
Average Filter SRAM BW: 9.309 words/cycle
Average OFMAP SRAM BW: 9.018 words/cycle
Average IFMAP DRAM BW: 3.772 words/cycle
Average Filter DRAM BW: 7.787 words/cycle
Average OFMAP DRAM BW: 64.000 words/cycle

Running Layer 337
Total cycles: 1027
Compute cycles: 441
Stall cycles: 0
Overall utilization: 7.03%
Mapping efficiency: 50.00%
Average IFMAP SRAM BW: 4.499 words/cycle
Average Filter SRAM BW: 9.288 words/cycle
Average OFMAP SRAM BW: 8.998 words/cycle
Average IFMAP DRAM BW: 3.772 words/cycle
Average Filter DRAM BW: 7.802 words/cycle
Average OFMAP DRAM BW: 64.000 words/cycle

Running Layer 338
Total cycles: 775
Compute cycles: 220
Stall cycles: 0
Overall utilization: 14.09%
Mapping efficiency: 100.00%
Average IFMAP SRAM BW: 9.018 words/cycle
Average Filter SRAM BW: 18.618 words/cycle
Average OFMAP SRAM BW: 9.018 words/cycle
Average IFMAP DRAM BW: 7.544 words/cycle
Average Filter DRAM BW: 7.802 words/cycle
Average OFMAP DRAM BW: 64.000 words/cycle

Running Layer 339
Total cycles: 1551
Compute cycles: 441
Stall cycles: 0
Overall utilization: 14.06%
Mapping efficiency: 100.00%
Average IFMAP SRAM BW: 8.998 words/cycle
Average Filter SRAM BW: 18.576 words/cycle
Average OFMAP SRAM BW: 8.998 words/cycle
Average IFMAP DRAM BW: 7.544 words/cycle
Average Filter DRAM BW: 7.809 words/cycle
Average OFMAP DRAM BW: 64.000 words/cycle

Running Layer 340
Total cycles: 2841
Compute cycles: 883
Stall cycles: 0
Overall utilization: 14.04%
Mapping efficiency: 100.00%
Average IFMAP SRAM BW: 8.988 words/cycle
Average Filter SRAM BW: 18.555 words/cycle
Average OFMAP SRAM BW: 8.988 words/cycle
Average IFMAP DRAM BW: 7.558 words/cycle
Average Filter DRAM BW: 8.929 words/cycle
Average OFMAP DRAM BW: 64.000 words/cycle

Running Layer 341
Total cycles: 515
Compute cycles: 221
Stall cycles: 0
Overall utilization: 0.90%
Mapping efficiency: 6.25%
Average IFMAP SRAM BW: 0.579 words/cycle
Average Filter SRAM BW: 1.158 words/cycle
Average OFMAP SRAM BW: 9.267 words/cycle
Average IFMAP DRAM BW: 0.487 words/cycle
Average Filter DRAM BW: 0.973 words/cycle
Average OFMAP DRAM BW: 64.000 words/cycle

Running Layer 342
Total cycles: 769
Compute cycles: 443
Stall cycles: 0
Overall utilization: 0.90%
Mapping efficiency: 6.25%
Average IFMAP SRAM BW: 0.578 words/cycle
Average Filter SRAM BW: 1.156 words/cycle
Average OFMAP SRAM BW: 9.246 words/cycle
Average IFMAP DRAM BW: 0.487 words/cycle
Average Filter DRAM BW: 1.947 words/cycle
Average OFMAP DRAM BW: 64.000 words/cycle

Running Layer 343
Total cycles: 515
Compute cycles: 221
Stall cycles: 0
Overall utilization: 1.81%
Mapping efficiency: 12.50%
Average IFMAP SRAM BW: 1.158 words/cycle
Average Filter SRAM BW: 2.317 words/cycle
Average OFMAP SRAM BW: 9.267 words/cycle
Average IFMAP DRAM BW: 0.973 words/cycle
Average Filter DRAM BW: 1.947 words/cycle
Average OFMAP DRAM BW: 64.000 words/cycle

Running Layer 344
Total cycles: 769
Compute cycles: 443
Stall cycles: 0
Overall utilization: 1.81%
Mapping efficiency: 12.50%
Average IFMAP SRAM BW: 1.156 words/cycle
Average Filter SRAM BW: 2.312 words/cycle
Average OFMAP SRAM BW: 9.246 words/cycle
Average IFMAP DRAM BW: 0.973 words/cycle
Average Filter DRAM BW: 3.894 words/cycle
Average OFMAP DRAM BW: 64.000 words/cycle

Running Layer 345
Total cycles: 515
Compute cycles: 221
Stall cycles: 0
Overall utilization: 3.62%
Mapping efficiency: 25.00%
Average IFMAP SRAM BW: 2.317 words/cycle
Average Filter SRAM BW: 4.633 words/cycle
Average OFMAP SRAM BW: 9.267 words/cycle
Average IFMAP DRAM BW: 1.947 words/cycle
Average Filter DRAM BW: 3.894 words/cycle
Average OFMAP DRAM BW: 64.000 words/cycle

Running Layer 346
Total cycles: 769
Compute cycles: 443
Stall cycles: 0
Overall utilization: 3.61%
Mapping efficiency: 25.00%
Average IFMAP SRAM BW: 2.312 words/cycle
Average Filter SRAM BW: 4.623 words/cycle
Average OFMAP SRAM BW: 9.246 words/cycle
Average IFMAP DRAM BW: 1.947 words/cycle
Average Filter DRAM BW: 7.787 words/cycle
Average OFMAP DRAM BW: 64.000 words/cycle

Running Layer 347
Total cycles: 515
Compute cycles: 221
Stall cycles: 0
Overall utilization: 7.24%
Mapping efficiency: 50.00%
Average IFMAP SRAM BW: 4.633 words/cycle
Average Filter SRAM BW: 9.267 words/cycle
Average OFMAP SRAM BW: 9.267 words/cycle
Average IFMAP DRAM BW: 3.894 words/cycle
Average Filter DRAM BW: 7.787 words/cycle
Average OFMAP DRAM BW: 64.000 words/cycle

Running Layer 348
Total cycles: 1031
Compute cycles: 443
Stall cycles: 0
Overall utilization: 7.22%
Mapping efficiency: 50.00%
Average IFMAP SRAM BW: 4.623 words/cycle
Average Filter SRAM BW: 9.246 words/cycle
Average OFMAP SRAM BW: 9.246 words/cycle
Average IFMAP DRAM BW: 3.894 words/cycle
Average Filter DRAM BW: 7.802 words/cycle
Average OFMAP DRAM BW: 64.000 words/cycle

Running Layer 349
Total cycles: 777
Compute cycles: 221
Stall cycles: 0
Overall utilization: 14.48%
Mapping efficiency: 100.00%
Average IFMAP SRAM BW: 9.267 words/cycle
Average Filter SRAM BW: 18.534 words/cycle
Average OFMAP SRAM BW: 9.267 words/cycle
Average IFMAP DRAM BW: 7.787 words/cycle
Average Filter DRAM BW: 7.802 words/cycle
Average OFMAP DRAM BW: 64.000 words/cycle

Running Layer 350
Total cycles: 1555
Compute cycles: 443
Stall cycles: 0
Overall utilization: 14.45%
Mapping efficiency: 100.00%
Average IFMAP SRAM BW: 9.246 words/cycle
Average Filter SRAM BW: 18.492 words/cycle
Average OFMAP SRAM BW: 9.246 words/cycle
Average IFMAP DRAM BW: 7.787 words/cycle
Average Filter DRAM BW: 7.809 words/cycle
Average OFMAP DRAM BW: 64.000 words/cycle

Running Layer 351
Total cycles: 2849
Compute cycles: 887
Stall cycles: 0
Overall utilization: 14.43%
Mapping efficiency: 100.00%
Average IFMAP SRAM BW: 9.236 words/cycle
Average Filter SRAM BW: 18.471 words/cycle
Average OFMAP SRAM BW: 9.236 words/cycle
Average IFMAP DRAM BW: 7.802 words/cycle
Average Filter DRAM BW: 8.929 words/cycle
Average OFMAP DRAM BW: 64.000 words/cycle

Running Layer 352
Total cycles: 517
Compute cycles: 222
Stall cycles: 0
Overall utilization: 0.93%
Mapping efficiency: 6.25%
Average IFMAP SRAM BW: 0.595 words/cycle
Average Filter SRAM BW: 1.153 words/cycle
Average OFMAP SRAM BW: 9.514 words/cycle
Average IFMAP DRAM BW: 0.502 words/cycle
Average Filter DRAM BW: 0.973 words/cycle
Average OFMAP DRAM BW: 64.000 words/cycle

Running Layer 353
Total cycles: 773
Compute cycles: 445
Stall cycles: 0
Overall utilization: 0.93%
Mapping efficiency: 6.25%
Average IFMAP SRAM BW: 0.593 words/cycle
Average Filter SRAM BW: 1.151 words/cycle
Average OFMAP SRAM BW: 9.492 words/cycle
Average IFMAP DRAM BW: 0.502 words/cycle
Average Filter DRAM BW: 1.947 words/cycle
Average OFMAP DRAM BW: 64.000 words/cycle

Running Layer 354
Total cycles: 517
Compute cycles: 222
Stall cycles: 0
Overall utilization: 1.86%
Mapping efficiency: 12.50%
Average IFMAP SRAM BW: 1.189 words/cycle
Average Filter SRAM BW: 2.306 words/cycle
Average OFMAP SRAM BW: 9.514 words/cycle
Average IFMAP DRAM BW: 1.004 words/cycle
Average Filter DRAM BW: 1.947 words/cycle
Average OFMAP DRAM BW: 64.000 words/cycle

Running Layer 355
Total cycles: 773
Compute cycles: 445
Stall cycles: 0
Overall utilization: 1.85%
Mapping efficiency: 12.50%
Average IFMAP SRAM BW: 1.187 words/cycle
Average Filter SRAM BW: 2.301 words/cycle
Average OFMAP SRAM BW: 9.492 words/cycle
Average IFMAP DRAM BW: 1.004 words/cycle
Average Filter DRAM BW: 3.894 words/cycle
Average OFMAP DRAM BW: 64.000 words/cycle

Running Layer 356
Total cycles: 517
Compute cycles: 222
Stall cycles: 0
Overall utilization: 3.72%
Mapping efficiency: 25.00%
Average IFMAP SRAM BW: 2.378 words/cycle
Average Filter SRAM BW: 4.613 words/cycle
Average OFMAP SRAM BW: 9.514 words/cycle
Average IFMAP DRAM BW: 2.008 words/cycle
Average Filter DRAM BW: 3.894 words/cycle
Average OFMAP DRAM BW: 64.000 words/cycle

Running Layer 357
Total cycles: 773
Compute cycles: 445
Stall cycles: 0
Overall utilization: 3.71%
Mapping efficiency: 25.00%
Average IFMAP SRAM BW: 2.373 words/cycle
Average Filter SRAM BW: 4.602 words/cycle
Average OFMAP SRAM BW: 9.492 words/cycle
Average IFMAP DRAM BW: 2.008 words/cycle
Average Filter DRAM BW: 7.787 words/cycle
Average OFMAP DRAM BW: 64.000 words/cycle

Running Layer 358
Total cycles: 517
Compute cycles: 222
Stall cycles: 0
Overall utilization: 7.43%
Mapping efficiency: 50.00%
Average IFMAP SRAM BW: 4.757 words/cycle
Average Filter SRAM BW: 9.225 words/cycle
Average OFMAP SRAM BW: 9.514 words/cycle
Average IFMAP DRAM BW: 4.015 words/cycle
Average Filter DRAM BW: 7.787 words/cycle
Average OFMAP DRAM BW: 64.000 words/cycle

Running Layer 359
Total cycles: 1035
Compute cycles: 445
Stall cycles: 0
Overall utilization: 7.42%
Mapping efficiency: 50.00%
Average IFMAP SRAM BW: 4.746 words/cycle
Average Filter SRAM BW: 9.204 words/cycle
Average OFMAP SRAM BW: 9.492 words/cycle
Average IFMAP DRAM BW: 4.015 words/cycle
Average Filter DRAM BW: 7.802 words/cycle
Average OFMAP DRAM BW: 64.000 words/cycle

Running Layer 360
Total cycles: 779
Compute cycles: 222
Stall cycles: 0
Overall utilization: 14.86%
Mapping efficiency: 100.00%
Average IFMAP SRAM BW: 9.514 words/cycle
Average Filter SRAM BW: 18.450 words/cycle
Average OFMAP SRAM BW: 9.514 words/cycle
Average IFMAP DRAM BW: 8.030 words/cycle
Average Filter DRAM BW: 7.802 words/cycle
Average OFMAP DRAM BW: 64.000 words/cycle

Running Layer 361
Total cycles: 1559
Compute cycles: 445
Stall cycles: 0
Overall utilization: 14.83%
Mapping efficiency: 100.00%
Average IFMAP SRAM BW: 9.492 words/cycle
Average Filter SRAM BW: 18.409 words/cycle
Average OFMAP SRAM BW: 9.492 words/cycle
Average IFMAP DRAM BW: 8.030 words/cycle
Average Filter DRAM BW: 7.809 words/cycle
Average OFMAP DRAM BW: 64.000 words/cycle

Running Layer 362
Total cycles: 2857
Compute cycles: 891
Stall cycles: 0
Overall utilization: 14.81%
Mapping efficiency: 100.00%
Average IFMAP SRAM BW: 9.481 words/cycle
Average Filter SRAM BW: 18.388 words/cycle
Average OFMAP SRAM BW: 9.481 words/cycle
Average IFMAP DRAM BW: 8.046 words/cycle
Average Filter DRAM BW: 8.929 words/cycle
Average OFMAP DRAM BW: 64.000 words/cycle

Running Layer 363
Total cycles: 519
Compute cycles: 223
Stall cycles: 0
Overall utilization: 0.95%
Mapping efficiency: 6.25%
Average IFMAP SRAM BW: 0.610 words/cycle
Average Filter SRAM BW: 1.148 words/cycle
Average OFMAP SRAM BW: 9.758 words/cycle
Average IFMAP DRAM BW: 0.517 words/cycle
Average Filter DRAM BW: 0.973 words/cycle
Average OFMAP DRAM BW: 64.000 words/cycle

Running Layer 364
Total cycles: 777
Compute cycles: 447
Stall cycles: 0
Overall utilization: 0.95%
Mapping efficiency: 6.25%
Average IFMAP SRAM BW: 0.609 words/cycle
Average Filter SRAM BW: 1.145 words/cycle
Average OFMAP SRAM BW: 9.736 words/cycle
Average IFMAP DRAM BW: 0.517 words/cycle
Average Filter DRAM BW: 1.947 words/cycle
Average OFMAP DRAM BW: 64.000 words/cycle

Running Layer 365
Total cycles: 519
Compute cycles: 223
Stall cycles: 0
Overall utilization: 1.91%
Mapping efficiency: 12.50%
Average IFMAP SRAM BW: 1.220 words/cycle
Average Filter SRAM BW: 2.296 words/cycle
Average OFMAP SRAM BW: 9.758 words/cycle
Average IFMAP DRAM BW: 1.034 words/cycle
Average Filter DRAM BW: 1.947 words/cycle
Average OFMAP DRAM BW: 64.000 words/cycle

Running Layer 366
Total cycles: 777
Compute cycles: 447
Stall cycles: 0
Overall utilization: 1.90%
Mapping efficiency: 12.50%
Average IFMAP SRAM BW: 1.217 words/cycle
Average Filter SRAM BW: 2.291 words/cycle
Average OFMAP SRAM BW: 9.736 words/cycle
Average IFMAP DRAM BW: 1.034 words/cycle
Average Filter DRAM BW: 3.894 words/cycle
Average OFMAP DRAM BW: 64.000 words/cycle

Running Layer 367
Total cycles: 519
Compute cycles: 223
Stall cycles: 0
Overall utilization: 3.81%
Mapping efficiency: 25.00%
Average IFMAP SRAM BW: 2.439 words/cycle
Average Filter SRAM BW: 4.592 words/cycle
Average OFMAP SRAM BW: 9.758 words/cycle
Average IFMAP DRAM BW: 2.068 words/cycle
Average Filter DRAM BW: 3.894 words/cycle
Average OFMAP DRAM BW: 64.000 words/cycle

Running Layer 368
Total cycles: 777
Compute cycles: 447
Stall cycles: 0
Overall utilization: 3.80%
Mapping efficiency: 25.00%
Average IFMAP SRAM BW: 2.434 words/cycle
Average Filter SRAM BW: 4.582 words/cycle
Average OFMAP SRAM BW: 9.736 words/cycle
Average IFMAP DRAM BW: 2.068 words/cycle
Average Filter DRAM BW: 7.787 words/cycle
Average OFMAP DRAM BW: 64.000 words/cycle

Running Layer 369
Total cycles: 519
Compute cycles: 223
Stall cycles: 0
Overall utilization: 7.62%
Mapping efficiency: 50.00%
Average IFMAP SRAM BW: 4.879 words/cycle
Average Filter SRAM BW: 9.184 words/cycle
Average OFMAP SRAM BW: 9.758 words/cycle
Average IFMAP DRAM BW: 4.137 words/cycle
Average Filter DRAM BW: 7.787 words/cycle
Average OFMAP DRAM BW: 64.000 words/cycle

Running Layer 370
Total cycles: 1039
Compute cycles: 447
Stall cycles: 0
Overall utilization: 7.61%
Mapping efficiency: 50.00%
Average IFMAP SRAM BW: 4.868 words/cycle
Average Filter SRAM BW: 9.163 words/cycle
Average OFMAP SRAM BW: 9.736 words/cycle
Average IFMAP DRAM BW: 4.137 words/cycle
Average Filter DRAM BW: 7.802 words/cycle
Average OFMAP DRAM BW: 64.000 words/cycle

Running Layer 371
Total cycles: 781
Compute cycles: 223
Stall cycles: 0
Overall utilization: 15.25%
Mapping efficiency: 100.00%
Average IFMAP SRAM BW: 9.758 words/cycle
Average Filter SRAM BW: 18.368 words/cycle
Average OFMAP SRAM BW: 9.758 words/cycle
Average IFMAP DRAM BW: 8.274 words/cycle
Average Filter DRAM BW: 7.802 words/cycle
Average OFMAP DRAM BW: 64.000 words/cycle

Running Layer 372
Total cycles: 1563
Compute cycles: 447
Stall cycles: 0
Overall utilization: 15.21%
Mapping efficiency: 100.00%
Average IFMAP SRAM BW: 9.736 words/cycle
Average Filter SRAM BW: 18.327 words/cycle
Average OFMAP SRAM BW: 9.736 words/cycle
Average IFMAP DRAM BW: 8.274 words/cycle
Average Filter DRAM BW: 7.809 words/cycle
Average OFMAP DRAM BW: 64.000 words/cycle

Running Layer 373
Total cycles: 2865
Compute cycles: 895
Stall cycles: 0
Overall utilization: 15.20%
Mapping efficiency: 100.00%
Average IFMAP SRAM BW: 9.725 words/cycle
Average Filter SRAM BW: 18.306 words/cycle
Average OFMAP SRAM BW: 9.725 words/cycle
Average IFMAP DRAM BW: 8.290 words/cycle
Average Filter DRAM BW: 8.929 words/cycle
Average OFMAP DRAM BW: 64.000 words/cycle

Running Layer 374
Total cycles: 521
Compute cycles: 224
Stall cycles: 0
Overall utilization: 0.98%
Mapping efficiency: 6.25%
Average IFMAP SRAM BW: 0.625 words/cycle
Average Filter SRAM BW: 1.143 words/cycle
Average OFMAP SRAM BW: 10.000 words/cycle
Average IFMAP DRAM BW: 0.532 words/cycle
Average Filter DRAM BW: 0.973 words/cycle
Average OFMAP DRAM BW: 64.000 words/cycle

Running Layer 375
Total cycles: 781
Compute cycles: 449
Stall cycles: 0
Overall utilization: 0.97%
Mapping efficiency: 6.25%
Average IFMAP SRAM BW: 0.624 words/cycle
Average Filter SRAM BW: 1.140 words/cycle
Average OFMAP SRAM BW: 9.978 words/cycle
Average IFMAP DRAM BW: 0.532 words/cycle
Average Filter DRAM BW: 1.947 words/cycle
Average OFMAP DRAM BW: 64.000 words/cycle

Running Layer 376
Total cycles: 521
Compute cycles: 224
Stall cycles: 0
Overall utilization: 1.95%
Mapping efficiency: 12.50%
Average IFMAP SRAM BW: 1.250 words/cycle
Average Filter SRAM BW: 2.286 words/cycle
Average OFMAP SRAM BW: 10.000 words/cycle
Average IFMAP DRAM BW: 1.065 words/cycle
Average Filter DRAM BW: 1.947 words/cycle
Average OFMAP DRAM BW: 64.000 words/cycle

Running Layer 377
Total cycles: 781
Compute cycles: 449
Stall cycles: 0
Overall utilization: 1.95%
Mapping efficiency: 12.50%
Average IFMAP SRAM BW: 1.247 words/cycle
Average Filter SRAM BW: 2.281 words/cycle
Average OFMAP SRAM BW: 9.978 words/cycle
Average IFMAP DRAM BW: 1.065 words/cycle
Average Filter DRAM BW: 3.894 words/cycle
Average OFMAP DRAM BW: 64.000 words/cycle

Running Layer 378
Total cycles: 521
Compute cycles: 224
Stall cycles: 0
Overall utilization: 3.91%
Mapping efficiency: 25.00%
Average IFMAP SRAM BW: 2.500 words/cycle
Average Filter SRAM BW: 4.571 words/cycle
Average OFMAP SRAM BW: 10.000 words/cycle
Average IFMAP DRAM BW: 2.129 words/cycle
Average Filter DRAM BW: 3.894 words/cycle
Average OFMAP DRAM BW: 64.000 words/cycle

Running Layer 379
Total cycles: 781
Compute cycles: 449
Stall cycles: 0
Overall utilization: 3.90%
Mapping efficiency: 25.00%
Average IFMAP SRAM BW: 2.494 words/cycle
Average Filter SRAM BW: 4.561 words/cycle
Average OFMAP SRAM BW: 9.978 words/cycle
Average IFMAP DRAM BW: 2.129 words/cycle
Average Filter DRAM BW: 7.787 words/cycle
Average OFMAP DRAM BW: 64.000 words/cycle

Running Layer 380
Total cycles: 521
Compute cycles: 224
Stall cycles: 0
Overall utilization: 7.81%
Mapping efficiency: 50.00%
Average IFMAP SRAM BW: 5.000 words/cycle
Average Filter SRAM BW: 9.143 words/cycle
Average OFMAP SRAM BW: 10.000 words/cycle
Average IFMAP DRAM BW: 4.259 words/cycle
Average Filter DRAM BW: 7.787 words/cycle
Average OFMAP DRAM BW: 64.000 words/cycle

Running Layer 381
Total cycles: 1043
Compute cycles: 449
Stall cycles: 0
Overall utilization: 7.80%
Mapping efficiency: 50.00%
Average IFMAP SRAM BW: 4.989 words/cycle
Average Filter SRAM BW: 9.122 words/cycle
Average OFMAP SRAM BW: 9.978 words/cycle
Average IFMAP DRAM BW: 4.259 words/cycle
Average Filter DRAM BW: 7.802 words/cycle
Average OFMAP DRAM BW: 64.000 words/cycle

Running Layer 382
Total cycles: 783
Compute cycles: 224
Stall cycles: 0
Overall utilization: 15.62%
Mapping efficiency: 100.00%
Average IFMAP SRAM BW: 10.000 words/cycle
Average Filter SRAM BW: 18.286 words/cycle
Average OFMAP SRAM BW: 10.000 words/cycle
Average IFMAP DRAM BW: 8.517 words/cycle
Average Filter DRAM BW: 7.802 words/cycle
Average OFMAP DRAM BW: 64.000 words/cycle

Running Layer 383
Total cycles: 1567
Compute cycles: 449
Stall cycles: 0
Overall utilization: 15.59%
Mapping efficiency: 100.00%
Average IFMAP SRAM BW: 9.978 words/cycle
Average Filter SRAM BW: 18.245 words/cycle
Average OFMAP SRAM BW: 9.978 words/cycle
Average IFMAP DRAM BW: 8.517 words/cycle
Average Filter DRAM BW: 7.809 words/cycle
Average OFMAP DRAM BW: 64.000 words/cycle

Running Layer 384
Total cycles: 2873
Compute cycles: 899
Stall cycles: 0
Overall utilization: 15.57%
Mapping efficiency: 100.00%
Average IFMAP SRAM BW: 9.967 words/cycle
Average Filter SRAM BW: 18.225 words/cycle
Average OFMAP SRAM BW: 9.967 words/cycle
Average IFMAP DRAM BW: 8.533 words/cycle
Average Filter DRAM BW: 8.929 words/cycle
Average OFMAP DRAM BW: 64.000 words/cycle

Running Layer 385
Total cycles: 523
Compute cycles: 225
Stall cycles: 0
Overall utilization: 1.00%
Mapping efficiency: 6.25%
Average IFMAP SRAM BW: 0.640 words/cycle
Average Filter SRAM BW: 1.138 words/cycle
Average OFMAP SRAM BW: 10.240 words/cycle
Average IFMAP DRAM BW: 0.548 words/cycle
Average Filter DRAM BW: 0.973 words/cycle
Average OFMAP DRAM BW: 64.000 words/cycle

Running Layer 386
Total cycles: 785
Compute cycles: 451
Stall cycles: 0
Overall utilization: 1.00%
Mapping efficiency: 6.25%
Average IFMAP SRAM BW: 0.639 words/cycle
Average Filter SRAM BW: 1.135 words/cycle
Average OFMAP SRAM BW: 10.217 words/cycle
Average IFMAP DRAM BW: 0.548 words/cycle
Average Filter DRAM BW: 1.947 words/cycle
Average OFMAP DRAM BW: 64.000 words/cycle

Running Layer 387
Total cycles: 523
Compute cycles: 225
Stall cycles: 0
Overall utilization: 2.00%
Mapping efficiency: 12.50%
Average IFMAP SRAM BW: 1.280 words/cycle
Average Filter SRAM BW: 2.276 words/cycle
Average OFMAP SRAM BW: 10.240 words/cycle
Average IFMAP DRAM BW: 1.095 words/cycle
Average Filter DRAM BW: 1.947 words/cycle
Average OFMAP DRAM BW: 64.000 words/cycle

Running Layer 388
Total cycles: 785
Compute cycles: 451
Stall cycles: 0
Overall utilization: 2.00%
Mapping efficiency: 12.50%
Average IFMAP SRAM BW: 1.277 words/cycle
Average Filter SRAM BW: 2.271 words/cycle
Average OFMAP SRAM BW: 10.217 words/cycle
Average IFMAP DRAM BW: 1.095 words/cycle
Average Filter DRAM BW: 3.894 words/cycle
Average OFMAP DRAM BW: 64.000 words/cycle

Running Layer 389
Total cycles: 523
Compute cycles: 225
Stall cycles: 0
Overall utilization: 4.00%
Mapping efficiency: 25.00%
Average IFMAP SRAM BW: 2.560 words/cycle
Average Filter SRAM BW: 4.551 words/cycle
Average OFMAP SRAM BW: 10.240 words/cycle
Average IFMAP DRAM BW: 2.190 words/cycle
Average Filter DRAM BW: 3.894 words/cycle
Average OFMAP DRAM BW: 64.000 words/cycle

Running Layer 390
Total cycles: 785
Compute cycles: 451
Stall cycles: 0
Overall utilization: 3.99%
Mapping efficiency: 25.00%
Average IFMAP SRAM BW: 2.554 words/cycle
Average Filter SRAM BW: 4.541 words/cycle
Average OFMAP SRAM BW: 10.217 words/cycle
Average IFMAP DRAM BW: 2.190 words/cycle
Average Filter DRAM BW: 7.787 words/cycle
Average OFMAP DRAM BW: 64.000 words/cycle

Running Layer 391
Total cycles: 523
Compute cycles: 225
Stall cycles: 0
Overall utilization: 8.00%
Mapping efficiency: 50.00%
Average IFMAP SRAM BW: 5.120 words/cycle
Average Filter SRAM BW: 9.102 words/cycle
Average OFMAP SRAM BW: 10.240 words/cycle
Average IFMAP DRAM BW: 4.380 words/cycle
Average Filter DRAM BW: 7.787 words/cycle
Average OFMAP DRAM BW: 64.000 words/cycle

Running Layer 392
Total cycles: 1047
Compute cycles: 451
Stall cycles: 0
Overall utilization: 7.98%
Mapping efficiency: 50.00%
Average IFMAP SRAM BW: 5.109 words/cycle
Average Filter SRAM BW: 9.082 words/cycle
Average OFMAP SRAM BW: 10.217 words/cycle
Average IFMAP DRAM BW: 4.380 words/cycle
Average Filter DRAM BW: 7.802 words/cycle
Average OFMAP DRAM BW: 64.000 words/cycle

Running Layer 393
Total cycles: 785
Compute cycles: 225
Stall cycles: 0
Overall utilization: 16.00%
Mapping efficiency: 100.00%
Average IFMAP SRAM BW: 10.240 words/cycle
Average Filter SRAM BW: 18.204 words/cycle
Average OFMAP SRAM BW: 10.240 words/cycle
Average IFMAP DRAM BW: 8.760 words/cycle
Average Filter DRAM BW: 7.802 words/cycle
Average OFMAP DRAM BW: 64.000 words/cycle

Running Layer 394
Total cycles: 1571
Compute cycles: 451
Stall cycles: 0
Overall utilization: 15.96%
Mapping efficiency: 100.00%
Average IFMAP SRAM BW: 10.217 words/cycle
Average Filter SRAM BW: 18.164 words/cycle
Average OFMAP SRAM BW: 10.217 words/cycle
Average IFMAP DRAM BW: 8.760 words/cycle
Average Filter DRAM BW: 7.809 words/cycle
Average OFMAP DRAM BW: 64.000 words/cycle

Running Layer 395
Total cycles: 2881
Compute cycles: 903
Stall cycles: 0
Overall utilization: 15.95%
Mapping efficiency: 100.00%
Average IFMAP SRAM BW: 10.206 words/cycle
Average Filter SRAM BW: 18.144 words/cycle
Average OFMAP SRAM BW: 10.206 words/cycle
Average IFMAP DRAM BW: 8.777 words/cycle
Average Filter DRAM BW: 8.929 words/cycle
Average OFMAP DRAM BW: 64.000 words/cycle

Running Layer 396
Total cycles: 525
Compute cycles: 226
Stall cycles: 0
Overall utilization: 1.02%
Mapping efficiency: 6.25%
Average IFMAP SRAM BW: 0.655 words/cycle
Average Filter SRAM BW: 1.133 words/cycle
Average OFMAP SRAM BW: 10.478 words/cycle
Average IFMAP DRAM BW: 0.563 words/cycle
Average Filter DRAM BW: 0.973 words/cycle
Average OFMAP DRAM BW: 64.000 words/cycle

Running Layer 397
Total cycles: 789
Compute cycles: 453
Stall cycles: 0
Overall utilization: 1.02%
Mapping efficiency: 6.25%
Average IFMAP SRAM BW: 0.653 words/cycle
Average Filter SRAM BW: 1.130 words/cycle
Average OFMAP SRAM BW: 10.455 words/cycle
Average IFMAP DRAM BW: 0.563 words/cycle
Average Filter DRAM BW: 1.947 words/cycle
Average OFMAP DRAM BW: 64.000 words/cycle

Running Layer 398
Total cycles: 525
Compute cycles: 226
Stall cycles: 0
Overall utilization: 2.05%
Mapping efficiency: 12.50%
Average IFMAP SRAM BW: 1.310 words/cycle
Average Filter SRAM BW: 2.265 words/cycle
Average OFMAP SRAM BW: 10.478 words/cycle
Average IFMAP DRAM BW: 1.125 words/cycle
Average Filter DRAM BW: 1.947 words/cycle
Average OFMAP DRAM BW: 64.000 words/cycle

Running Layer 399
Total cycles: 789
Compute cycles: 453
Stall cycles: 0
Overall utilization: 2.04%
Mapping efficiency: 12.50%
Average IFMAP SRAM BW: 1.307 words/cycle
Average Filter SRAM BW: 2.260 words/cycle
Average OFMAP SRAM BW: 10.455 words/cycle
Average IFMAP DRAM BW: 1.125 words/cycle
Average Filter DRAM BW: 3.894 words/cycle
Average OFMAP DRAM BW: 64.000 words/cycle

Running Layer 400
Total cycles: 525
Compute cycles: 226
Stall cycles: 0
Overall utilization: 4.09%
Mapping efficiency: 25.00%
Average IFMAP SRAM BW: 2.619 words/cycle
Average Filter SRAM BW: 4.531 words/cycle
Average OFMAP SRAM BW: 10.478 words/cycle
Average IFMAP DRAM BW: 2.251 words/cycle
Average Filter DRAM BW: 3.894 words/cycle
Average OFMAP DRAM BW: 64.000 words/cycle

Running Layer 401
Total cycles: 789
Compute cycles: 453
Stall cycles: 0
Overall utilization: 4.08%
Mapping efficiency: 25.00%
Average IFMAP SRAM BW: 2.614 words/cycle
Average Filter SRAM BW: 4.521 words/cycle
Average OFMAP SRAM BW: 10.455 words/cycle
Average IFMAP DRAM BW: 2.251 words/cycle
Average Filter DRAM BW: 7.787 words/cycle
Average OFMAP DRAM BW: 64.000 words/cycle

Running Layer 402
Total cycles: 525
Compute cycles: 226
Stall cycles: 0
Overall utilization: 8.19%
Mapping efficiency: 50.00%
Average IFMAP SRAM BW: 5.239 words/cycle
Average Filter SRAM BW: 9.062 words/cycle
Average OFMAP SRAM BW: 10.478 words/cycle
Average IFMAP DRAM BW: 4.502 words/cycle
Average Filter DRAM BW: 7.787 words/cycle
Average OFMAP DRAM BW: 64.000 words/cycle

Running Layer 403
Total cycles: 1051
Compute cycles: 453
Stall cycles: 0
Overall utilization: 8.17%
Mapping efficiency: 50.00%
Average IFMAP SRAM BW: 5.227 words/cycle
Average Filter SRAM BW: 9.042 words/cycle
Average OFMAP SRAM BW: 10.455 words/cycle
Average IFMAP DRAM BW: 4.502 words/cycle
Average Filter DRAM BW: 7.802 words/cycle
Average OFMAP DRAM BW: 64.000 words/cycle

Running Layer 404
Total cycles: 787
Compute cycles: 226
Stall cycles: 0
Overall utilization: 16.37%
Mapping efficiency: 100.00%
Average IFMAP SRAM BW: 10.478 words/cycle
Average Filter SRAM BW: 18.124 words/cycle
Average OFMAP SRAM BW: 10.478 words/cycle
Average IFMAP DRAM BW: 9.004 words/cycle
Average Filter DRAM BW: 7.802 words/cycle
Average OFMAP DRAM BW: 64.000 words/cycle

Running Layer 405
Total cycles: 1575
Compute cycles: 453
Stall cycles: 0
Overall utilization: 16.34%
Mapping efficiency: 100.00%
Average IFMAP SRAM BW: 10.455 words/cycle
Average Filter SRAM BW: 18.084 words/cycle
Average OFMAP SRAM BW: 10.455 words/cycle
Average IFMAP DRAM BW: 9.004 words/cycle
Average Filter DRAM BW: 7.809 words/cycle
Average OFMAP DRAM BW: 64.000 words/cycle

Running Layer 406
Total cycles: 2889
Compute cycles: 907
Stall cycles: 0
Overall utilization: 16.32%
Mapping efficiency: 100.00%
Average IFMAP SRAM BW: 10.443 words/cycle
Average Filter SRAM BW: 18.064 words/cycle
Average OFMAP SRAM BW: 10.443 words/cycle
Average IFMAP DRAM BW: 9.021 words/cycle
Average Filter DRAM BW: 8.929 words/cycle
Average OFMAP DRAM BW: 64.000 words/cycle

Running Layer 407
Total cycles: 527
Compute cycles: 227
Stall cycles: 0
Overall utilization: 1.05%
Mapping efficiency: 6.25%
Average IFMAP SRAM BW: 0.670 words/cycle
Average Filter SRAM BW: 1.128 words/cycle
Average OFMAP SRAM BW: 10.714 words/cycle
Average IFMAP DRAM BW: 0.578 words/cycle
Average Filter DRAM BW: 0.973 words/cycle
Average OFMAP DRAM BW: 64.000 words/cycle

Running Layer 408
Total cycles: 793
Compute cycles: 455
Stall cycles: 0
Overall utilization: 1.04%
Mapping efficiency: 6.25%
Average IFMAP SRAM BW: 0.668 words/cycle
Average Filter SRAM BW: 1.125 words/cycle
Average OFMAP SRAM BW: 10.690 words/cycle
Average IFMAP DRAM BW: 0.578 words/cycle
Average Filter DRAM BW: 1.947 words/cycle
Average OFMAP DRAM BW: 64.000 words/cycle

Running Layer 409
Total cycles: 527
Compute cycles: 227
Stall cycles: 0
Overall utilization: 2.09%
Mapping efficiency: 12.50%
Average IFMAP SRAM BW: 1.339 words/cycle
Average Filter SRAM BW: 2.256 words/cycle
Average OFMAP SRAM BW: 10.714 words/cycle
Average IFMAP DRAM BW: 1.156 words/cycle
Average Filter DRAM BW: 1.947 words/cycle
Average OFMAP DRAM BW: 64.000 words/cycle

Running Layer 410
Total cycles: 793
Compute cycles: 455
Stall cycles: 0
Overall utilization: 2.09%
Mapping efficiency: 12.50%
Average IFMAP SRAM BW: 1.336 words/cycle
Average Filter SRAM BW: 2.251 words/cycle
Average OFMAP SRAM BW: 10.690 words/cycle
Average IFMAP DRAM BW: 1.156 words/cycle
Average Filter DRAM BW: 3.894 words/cycle
Average OFMAP DRAM BW: 64.000 words/cycle

Running Layer 411
Total cycles: 527
Compute cycles: 227
Stall cycles: 0
Overall utilization: 4.19%
Mapping efficiency: 25.00%
Average IFMAP SRAM BW: 2.678 words/cycle
Average Filter SRAM BW: 4.511 words/cycle
Average OFMAP SRAM BW: 10.714 words/cycle
Average IFMAP DRAM BW: 2.312 words/cycle
Average Filter DRAM BW: 3.894 words/cycle
Average OFMAP DRAM BW: 64.000 words/cycle

Running Layer 412
Total cycles: 793
Compute cycles: 455
Stall cycles: 0
Overall utilization: 4.18%
Mapping efficiency: 25.00%
Average IFMAP SRAM BW: 2.673 words/cycle
Average Filter SRAM BW: 4.501 words/cycle
Average OFMAP SRAM BW: 10.690 words/cycle
Average IFMAP DRAM BW: 2.312 words/cycle
Average Filter DRAM BW: 7.787 words/cycle
Average OFMAP DRAM BW: 64.000 words/cycle

Running Layer 413
Total cycles: 527
Compute cycles: 227
Stall cycles: 0
Overall utilization: 8.37%
Mapping efficiency: 50.00%
Average IFMAP SRAM BW: 5.357 words/cycle
Average Filter SRAM BW: 9.022 words/cycle
Average OFMAP SRAM BW: 10.714 words/cycle
Average IFMAP DRAM BW: 4.624 words/cycle
Average Filter DRAM BW: 7.787 words/cycle
Average OFMAP DRAM BW: 64.000 words/cycle

Running Layer 414
Total cycles: 1055
Compute cycles: 455
Stall cycles: 0
Overall utilization: 8.35%
Mapping efficiency: 50.00%
Average IFMAP SRAM BW: 5.345 words/cycle
Average Filter SRAM BW: 9.002 words/cycle
Average OFMAP SRAM BW: 10.690 words/cycle
Average IFMAP DRAM BW: 4.624 words/cycle
Average Filter DRAM BW: 7.802 words/cycle
Average OFMAP DRAM BW: 64.000 words/cycle

Running Layer 415
Total cycles: 789
Compute cycles: 227
Stall cycles: 0
Overall utilization: 16.74%
Mapping efficiency: 100.00%
Average IFMAP SRAM BW: 10.714 words/cycle
Average Filter SRAM BW: 18.044 words/cycle
Average OFMAP SRAM BW: 10.714 words/cycle
Average IFMAP DRAM BW: 9.247 words/cycle
Average Filter DRAM BW: 7.802 words/cycle
Average OFMAP DRAM BW: 64.000 words/cycle

Running Layer 416
Total cycles: 1579
Compute cycles: 455
Stall cycles: 0
Overall utilization: 16.70%
Mapping efficiency: 100.00%
Average IFMAP SRAM BW: 10.690 words/cycle
Average Filter SRAM BW: 18.004 words/cycle
Average OFMAP SRAM BW: 10.690 words/cycle
Average IFMAP DRAM BW: 9.247 words/cycle
Average Filter DRAM BW: 7.809 words/cycle
Average OFMAP DRAM BW: 64.000 words/cycle

Running Layer 417
Total cycles: 2897
Compute cycles: 911
Stall cycles: 0
Overall utilization: 16.68%
Mapping efficiency: 100.00%
Average IFMAP SRAM BW: 10.678 words/cycle
Average Filter SRAM BW: 17.985 words/cycle
Average OFMAP SRAM BW: 10.678 words/cycle
Average IFMAP DRAM BW: 9.265 words/cycle
Average Filter DRAM BW: 8.929 words/cycle
Average OFMAP DRAM BW: 64.000 words/cycle

Running Layer 418
Total cycles: 529
Compute cycles: 228
Stall cycles: 0
Overall utilization: 1.07%
Mapping efficiency: 6.25%
Average IFMAP SRAM BW: 0.684 words/cycle
Average Filter SRAM BW: 1.123 words/cycle
Average OFMAP SRAM BW: 10.947 words/cycle
Average IFMAP DRAM BW: 0.593 words/cycle
Average Filter DRAM BW: 0.973 words/cycle
Average OFMAP DRAM BW: 64.000 words/cycle

Running Layer 419
Total cycles: 797
Compute cycles: 457
Stall cycles: 0
Overall utilization: 1.07%
Mapping efficiency: 6.25%
Average IFMAP SRAM BW: 0.683 words/cycle
Average Filter SRAM BW: 1.120 words/cycle
Average OFMAP SRAM BW: 10.923 words/cycle
Average IFMAP DRAM BW: 0.593 words/cycle
Average Filter DRAM BW: 1.947 words/cycle
Average OFMAP DRAM BW: 64.000 words/cycle

Running Layer 420
Total cycles: 529
Compute cycles: 228
Stall cycles: 0
Overall utilization: 2.14%
Mapping efficiency: 12.50%
Average IFMAP SRAM BW: 1.368 words/cycle
Average Filter SRAM BW: 2.246 words/cycle
Average OFMAP SRAM BW: 10.947 words/cycle
Average IFMAP DRAM BW: 1.186 words/cycle
Average Filter DRAM BW: 1.947 words/cycle
Average OFMAP DRAM BW: 64.000 words/cycle

Running Layer 421
Total cycles: 797
Compute cycles: 457
Stall cycles: 0
Overall utilization: 2.13%
Mapping efficiency: 12.50%
Average IFMAP SRAM BW: 1.365 words/cycle
Average Filter SRAM BW: 2.241 words/cycle
Average OFMAP SRAM BW: 10.923 words/cycle
Average IFMAP DRAM BW: 1.186 words/cycle
Average Filter DRAM BW: 3.894 words/cycle
Average OFMAP DRAM BW: 64.000 words/cycle

Running Layer 422
Total cycles: 529
Compute cycles: 228
Stall cycles: 0
Overall utilization: 4.28%
Mapping efficiency: 25.00%
Average IFMAP SRAM BW: 2.737 words/cycle
Average Filter SRAM BW: 4.491 words/cycle
Average OFMAP SRAM BW: 10.947 words/cycle
Average IFMAP DRAM BW: 2.373 words/cycle
Average Filter DRAM BW: 3.894 words/cycle
Average OFMAP DRAM BW: 64.000 words/cycle

Running Layer 423
Total cycles: 797
Compute cycles: 457
Stall cycles: 0
Overall utilization: 4.27%
Mapping efficiency: 25.00%
Average IFMAP SRAM BW: 2.731 words/cycle
Average Filter SRAM BW: 4.481 words/cycle
Average OFMAP SRAM BW: 10.923 words/cycle
Average IFMAP DRAM BW: 2.373 words/cycle
Average Filter DRAM BW: 7.787 words/cycle
Average OFMAP DRAM BW: 64.000 words/cycle

Running Layer 424
Total cycles: 529
Compute cycles: 228
Stall cycles: 0
Overall utilization: 8.55%
Mapping efficiency: 50.00%
Average IFMAP SRAM BW: 5.474 words/cycle
Average Filter SRAM BW: 8.982 words/cycle
Average OFMAP SRAM BW: 10.947 words/cycle
Average IFMAP DRAM BW: 4.745 words/cycle
Average Filter DRAM BW: 7.787 words/cycle
Average OFMAP DRAM BW: 64.000 words/cycle

Running Layer 425
Total cycles: 1059
Compute cycles: 457
Stall cycles: 0
Overall utilization: 8.53%
Mapping efficiency: 50.00%
Average IFMAP SRAM BW: 5.462 words/cycle
Average Filter SRAM BW: 8.963 words/cycle
Average OFMAP SRAM BW: 10.923 words/cycle
Average IFMAP DRAM BW: 4.745 words/cycle
Average Filter DRAM BW: 7.802 words/cycle
Average OFMAP DRAM BW: 64.000 words/cycle

Running Layer 426
Total cycles: 791
Compute cycles: 228
Stall cycles: 0
Overall utilization: 17.11%
Mapping efficiency: 100.00%
Average IFMAP SRAM BW: 10.947 words/cycle
Average Filter SRAM BW: 17.965 words/cycle
Average OFMAP SRAM BW: 10.947 words/cycle
Average IFMAP DRAM BW: 9.490 words/cycle
Average Filter DRAM BW: 7.802 words/cycle
Average OFMAP DRAM BW: 64.000 words/cycle

Running Layer 427
Total cycles: 1583
Compute cycles: 457
Stall cycles: 0
Overall utilization: 17.07%
Mapping efficiency: 100.00%
Average IFMAP SRAM BW: 10.923 words/cycle
Average Filter SRAM BW: 17.926 words/cycle
Average OFMAP SRAM BW: 10.923 words/cycle
Average IFMAP DRAM BW: 9.490 words/cycle
Average Filter DRAM BW: 7.809 words/cycle
Average OFMAP DRAM BW: 64.000 words/cycle

Running Layer 428
Total cycles: 2905
Compute cycles: 915
Stall cycles: 0
Overall utilization: 17.05%
Mapping efficiency: 100.00%
Average IFMAP SRAM BW: 10.911 words/cycle
Average Filter SRAM BW: 17.906 words/cycle
Average OFMAP SRAM BW: 10.911 words/cycle
Average IFMAP DRAM BW: 9.509 words/cycle
Average Filter DRAM BW: 8.929 words/cycle
Average OFMAP DRAM BW: 64.000 words/cycle

Running Layer 429
Total cycles: 531
Compute cycles: 229
Stall cycles: 0
Overall utilization: 1.09%
Mapping efficiency: 6.25%
Average IFMAP SRAM BW: 0.699 words/cycle
Average Filter SRAM BW: 1.118 words/cycle
Average OFMAP SRAM BW: 11.179 words/cycle
Average IFMAP DRAM BW: 0.608 words/cycle
Average Filter DRAM BW: 0.973 words/cycle
Average OFMAP DRAM BW: 64.000 words/cycle

Running Layer 430
Total cycles: 801
Compute cycles: 459
Stall cycles: 0
Overall utilization: 1.09%
Mapping efficiency: 6.25%
Average IFMAP SRAM BW: 0.697 words/cycle
Average Filter SRAM BW: 1.115 words/cycle
Average OFMAP SRAM BW: 11.155 words/cycle
Average IFMAP DRAM BW: 0.608 words/cycle
Average Filter DRAM BW: 1.947 words/cycle
Average OFMAP DRAM BW: 64.000 words/cycle

Running Layer 431
Total cycles: 531
Compute cycles: 229
Stall cycles: 0
Overall utilization: 2.18%
Mapping efficiency: 12.50%
Average IFMAP SRAM BW: 1.397 words/cycle
Average Filter SRAM BW: 2.236 words/cycle
Average OFMAP SRAM BW: 11.179 words/cycle
Average IFMAP DRAM BW: 1.217 words/cycle
Average Filter DRAM BW: 1.947 words/cycle
Average OFMAP DRAM BW: 64.000 words/cycle

Running Layer 432
Total cycles: 801
Compute cycles: 459
Stall cycles: 0
Overall utilization: 2.18%
Mapping efficiency: 12.50%
Average IFMAP SRAM BW: 1.394 words/cycle
Average Filter SRAM BW: 2.231 words/cycle
Average OFMAP SRAM BW: 11.155 words/cycle
Average IFMAP DRAM BW: 1.217 words/cycle
Average Filter DRAM BW: 3.894 words/cycle
Average OFMAP DRAM BW: 64.000 words/cycle

Running Layer 433
Total cycles: 531
Compute cycles: 229
Stall cycles: 0
Overall utilization: 4.37%
Mapping efficiency: 25.00%
Average IFMAP SRAM BW: 2.795 words/cycle
Average Filter SRAM BW: 4.472 words/cycle
Average OFMAP SRAM BW: 11.179 words/cycle
Average IFMAP DRAM BW: 2.433 words/cycle
Average Filter DRAM BW: 3.894 words/cycle
Average OFMAP DRAM BW: 64.000 words/cycle

Running Layer 434
Total cycles: 801
Compute cycles: 459
Stall cycles: 0
Overall utilization: 4.36%
Mapping efficiency: 25.00%
Average IFMAP SRAM BW: 2.789 words/cycle
Average Filter SRAM BW: 4.462 words/cycle
Average OFMAP SRAM BW: 11.155 words/cycle
Average IFMAP DRAM BW: 2.433 words/cycle
Average Filter DRAM BW: 7.787 words/cycle
Average OFMAP DRAM BW: 64.000 words/cycle

Running Layer 435
Total cycles: 531
Compute cycles: 229
Stall cycles: 0
Overall utilization: 8.73%
Mapping efficiency: 50.00%
Average IFMAP SRAM BW: 5.590 words/cycle
Average Filter SRAM BW: 8.943 words/cycle
Average OFMAP SRAM BW: 11.179 words/cycle
Average IFMAP DRAM BW: 4.867 words/cycle
Average Filter DRAM BW: 7.787 words/cycle
Average OFMAP DRAM BW: 64.000 words/cycle

Running Layer 436
Total cycles: 1063
Compute cycles: 459
Stall cycles: 0
Overall utilization: 8.71%
Mapping efficiency: 50.00%
Average IFMAP SRAM BW: 5.577 words/cycle
Average Filter SRAM BW: 8.924 words/cycle
Average OFMAP SRAM BW: 11.155 words/cycle
Average IFMAP DRAM BW: 4.867 words/cycle
Average Filter DRAM BW: 7.802 words/cycle
Average OFMAP DRAM BW: 64.000 words/cycle

Running Layer 437
Total cycles: 793
Compute cycles: 229
Stall cycles: 0
Overall utilization: 17.47%
Mapping efficiency: 100.00%
Average IFMAP SRAM BW: 11.179 words/cycle
Average Filter SRAM BW: 17.886 words/cycle
Average OFMAP SRAM BW: 11.179 words/cycle
Average IFMAP DRAM BW: 9.734 words/cycle
Average Filter DRAM BW: 7.802 words/cycle
Average OFMAP DRAM BW: 64.000 words/cycle

Running Layer 438
Total cycles: 1587
Compute cycles: 459
Stall cycles: 0
Overall utilization: 17.43%
Mapping efficiency: 100.00%
Average IFMAP SRAM BW: 11.155 words/cycle
Average Filter SRAM BW: 17.847 words/cycle
Average OFMAP SRAM BW: 11.155 words/cycle
Average IFMAP DRAM BW: 9.734 words/cycle
Average Filter DRAM BW: 7.809 words/cycle
Average OFMAP DRAM BW: 64.000 words/cycle

Running Layer 439
Total cycles: 2913
Compute cycles: 919
Stall cycles: 0
Overall utilization: 17.41%
Mapping efficiency: 100.00%
Average IFMAP SRAM BW: 11.143 words/cycle
Average Filter SRAM BW: 17.828 words/cycle
Average OFMAP SRAM BW: 11.143 words/cycle
Average IFMAP DRAM BW: 9.752 words/cycle
Average Filter DRAM BW: 8.929 words/cycle
Average OFMAP DRAM BW: 64.000 words/cycle

Running Layer 440
Total cycles: 533
Compute cycles: 230
Stall cycles: 0
Overall utilization: 1.11%
Mapping efficiency: 6.25%
Average IFMAP SRAM BW: 0.713 words/cycle
Average Filter SRAM BW: 1.113 words/cycle
Average OFMAP SRAM BW: 11.409 words/cycle
Average IFMAP DRAM BW: 0.624 words/cycle
Average Filter DRAM BW: 0.973 words/cycle
Average OFMAP DRAM BW: 64.000 words/cycle

Running Layer 441
Total cycles: 805
Compute cycles: 461
Stall cycles: 0
Overall utilization: 1.11%
Mapping efficiency: 6.25%
Average IFMAP SRAM BW: 0.711 words/cycle
Average Filter SRAM BW: 1.111 words/cycle
Average OFMAP SRAM BW: 11.384 words/cycle
Average IFMAP DRAM BW: 0.624 words/cycle
Average Filter DRAM BW: 1.947 words/cycle
Average OFMAP DRAM BW: 64.000 words/cycle

Running Layer 442
Total cycles: 533
Compute cycles: 230
Stall cycles: 0
Overall utilization: 2.23%
Mapping efficiency: 12.50%
Average IFMAP SRAM BW: 1.426 words/cycle
Average Filter SRAM BW: 2.226 words/cycle
Average OFMAP SRAM BW: 11.409 words/cycle
Average IFMAP DRAM BW: 1.247 words/cycle
Average Filter DRAM BW: 1.947 words/cycle
Average OFMAP DRAM BW: 64.000 words/cycle

Running Layer 443
Total cycles: 805
Compute cycles: 461
Stall cycles: 0
Overall utilization: 2.22%
Mapping efficiency: 12.50%
Average IFMAP SRAM BW: 1.423 words/cycle
Average Filter SRAM BW: 2.221 words/cycle
Average OFMAP SRAM BW: 11.384 words/cycle
Average IFMAP DRAM BW: 1.247 words/cycle
Average Filter DRAM BW: 3.894 words/cycle
Average OFMAP DRAM BW: 64.000 words/cycle

Running Layer 444
Total cycles: 533
Compute cycles: 230
Stall cycles: 0
Overall utilization: 4.46%
Mapping efficiency: 25.00%
Average IFMAP SRAM BW: 2.852 words/cycle
Average Filter SRAM BW: 4.452 words/cycle
Average OFMAP SRAM BW: 11.409 words/cycle
Average IFMAP DRAM BW: 2.494 words/cycle
Average Filter DRAM BW: 3.894 words/cycle
Average OFMAP DRAM BW: 64.000 words/cycle

Running Layer 445
Total cycles: 805
Compute cycles: 461
Stall cycles: 0
Overall utilization: 4.45%
Mapping efficiency: 25.00%
Average IFMAP SRAM BW: 2.846 words/cycle
Average Filter SRAM BW: 4.443 words/cycle
Average OFMAP SRAM BW: 11.384 words/cycle
Average IFMAP DRAM BW: 2.494 words/cycle
Average Filter DRAM BW: 7.787 words/cycle
Average OFMAP DRAM BW: 64.000 words/cycle

Running Layer 446
Total cycles: 533
Compute cycles: 230
Stall cycles: 0
Overall utilization: 8.91%
Mapping efficiency: 50.00%
Average IFMAP SRAM BW: 5.704 words/cycle
Average Filter SRAM BW: 8.904 words/cycle
Average OFMAP SRAM BW: 11.409 words/cycle
Average IFMAP DRAM BW: 4.989 words/cycle
Average Filter DRAM BW: 7.787 words/cycle
Average OFMAP DRAM BW: 64.000 words/cycle

Running Layer 447
Total cycles: 1067
Compute cycles: 461
Stall cycles: 0
Overall utilization: 8.89%
Mapping efficiency: 50.00%
Average IFMAP SRAM BW: 5.692 words/cycle
Average Filter SRAM BW: 8.885 words/cycle
Average OFMAP SRAM BW: 11.384 words/cycle
Average IFMAP DRAM BW: 4.989 words/cycle
Average Filter DRAM BW: 7.802 words/cycle
Average OFMAP DRAM BW: 64.000 words/cycle

Running Layer 448
Total cycles: 795
Compute cycles: 230
Stall cycles: 0
Overall utilization: 17.83%
Mapping efficiency: 100.00%
Average IFMAP SRAM BW: 11.409 words/cycle
Average Filter SRAM BW: 17.809 words/cycle
Average OFMAP SRAM BW: 11.409 words/cycle
Average IFMAP DRAM BW: 4.998 words/cycle
Average Filter DRAM BW: 7.802 words/cycle
Average OFMAP DRAM BW: 64.000 words/cycle

Running Layer 449
Total cycles: 1591
Compute cycles: 461
Stall cycles: 0
Overall utilization: 17.79%
Mapping efficiency: 100.00%
Average IFMAP SRAM BW: 11.384 words/cycle
Average Filter SRAM BW: 17.770 words/cycle
Average OFMAP SRAM BW: 11.384 words/cycle
Average IFMAP DRAM BW: 4.998 words/cycle
Average Filter DRAM BW: 7.809 words/cycle
Average OFMAP DRAM BW: 64.000 words/cycle

Running Layer 450
Total cycles: 2921
Compute cycles: 923
Stall cycles: 0
Overall utilization: 17.77%
Mapping efficiency: 100.00%
Average IFMAP SRAM BW: 11.372 words/cycle
Average Filter SRAM BW: 17.751 words/cycle
Average OFMAP SRAM BW: 11.372 words/cycle
Average IFMAP DRAM BW: 6.668 words/cycle
Average Filter DRAM BW: 8.929 words/cycle
Average OFMAP DRAM BW: 64.000 words/cycle

Running Layer 451
Total cycles: 535
Compute cycles: 231
Stall cycles: 0
Overall utilization: 1.14%
Mapping efficiency: 6.25%
Average IFMAP SRAM BW: 0.727 words/cycle
Average Filter SRAM BW: 1.108 words/cycle
Average OFMAP SRAM BW: 11.636 words/cycle
Average IFMAP DRAM BW: 0.639 words/cycle
Average Filter DRAM BW: 0.973 words/cycle
Average OFMAP DRAM BW: 64.000 words/cycle

Running Layer 452
Total cycles: 809
Compute cycles: 463
Stall cycles: 0
Overall utilization: 1.13%
Mapping efficiency: 6.25%
Average IFMAP SRAM BW: 0.726 words/cycle
Average Filter SRAM BW: 1.106 words/cycle
Average OFMAP SRAM BW: 11.611 words/cycle
Average IFMAP DRAM BW: 0.639 words/cycle
Average Filter DRAM BW: 1.947 words/cycle
Average OFMAP DRAM BW: 64.000 words/cycle

Running Layer 453
Total cycles: 535
Compute cycles: 231
Stall cycles: 0
Overall utilization: 2.27%
Mapping efficiency: 12.50%
Average IFMAP SRAM BW: 1.455 words/cycle
Average Filter SRAM BW: 2.216 words/cycle
Average OFMAP SRAM BW: 11.636 words/cycle
Average IFMAP DRAM BW: 1.278 words/cycle
Average Filter DRAM BW: 1.947 words/cycle
Average OFMAP DRAM BW: 64.000 words/cycle

Running Layer 454
Total cycles: 809
Compute cycles: 463
Stall cycles: 0
Overall utilization: 2.27%
Mapping efficiency: 12.50%
Average IFMAP SRAM BW: 1.451 words/cycle
Average Filter SRAM BW: 2.212 words/cycle
Average OFMAP SRAM BW: 11.611 words/cycle
Average IFMAP DRAM BW: 1.278 words/cycle
Average Filter DRAM BW: 3.894 words/cycle
Average OFMAP DRAM BW: 64.000 words/cycle

Running Layer 455
Total cycles: 535
Compute cycles: 231
Stall cycles: 0
Overall utilization: 4.55%
Mapping efficiency: 25.00%
Average IFMAP SRAM BW: 2.909 words/cycle
Average Filter SRAM BW: 4.433 words/cycle
Average OFMAP SRAM BW: 11.636 words/cycle
Average IFMAP DRAM BW: 2.555 words/cycle
Average Filter DRAM BW: 3.894 words/cycle
Average OFMAP DRAM BW: 64.000 words/cycle

Running Layer 456
Total cycles: 809
Compute cycles: 463
Stall cycles: 0
Overall utilization: 4.54%
Mapping efficiency: 25.00%
Average IFMAP SRAM BW: 2.903 words/cycle
Average Filter SRAM BW: 4.423 words/cycle
Average OFMAP SRAM BW: 11.611 words/cycle
Average IFMAP DRAM BW: 2.555 words/cycle
Average Filter DRAM BW: 7.787 words/cycle
Average OFMAP DRAM BW: 64.000 words/cycle

Running Layer 457
Total cycles: 535
Compute cycles: 231
Stall cycles: 0
Overall utilization: 9.09%
Mapping efficiency: 50.00%
Average IFMAP SRAM BW: 5.818 words/cycle
Average Filter SRAM BW: 8.866 words/cycle
Average OFMAP SRAM BW: 11.636 words/cycle
Average IFMAP DRAM BW: 5.110 words/cycle
Average Filter DRAM BW: 7.787 words/cycle
Average OFMAP DRAM BW: 64.000 words/cycle

Running Layer 458
Total cycles: 1071
Compute cycles: 463
Stall cycles: 0
Overall utilization: 9.07%
Mapping efficiency: 50.00%
Average IFMAP SRAM BW: 5.806 words/cycle
Average Filter SRAM BW: 8.847 words/cycle
Average OFMAP SRAM BW: 11.611 words/cycle
Average IFMAP DRAM BW: 5.110 words/cycle
Average Filter DRAM BW: 7.802 words/cycle
Average OFMAP DRAM BW: 64.000 words/cycle

Running Layer 459
Total cycles: 797
Compute cycles: 231
Stall cycles: 0
Overall utilization: 18.18%
Mapping efficiency: 100.00%
Average IFMAP SRAM BW: 11.636 words/cycle
Average Filter SRAM BW: 17.732 words/cycle
Average OFMAP SRAM BW: 11.636 words/cycle
Average IFMAP DRAM BW: 5.120 words/cycle
Average Filter DRAM BW: 7.802 words/cycle
Average OFMAP DRAM BW: 64.000 words/cycle

Running Layer 460
Total cycles: 1595
Compute cycles: 463
Stall cycles: 0
Overall utilization: 18.14%
Mapping efficiency: 100.00%
Average IFMAP SRAM BW: 11.611 words/cycle
Average Filter SRAM BW: 17.693 words/cycle
Average OFMAP SRAM BW: 11.611 words/cycle
Average IFMAP DRAM BW: 5.120 words/cycle
Average Filter DRAM BW: 7.809 words/cycle
Average OFMAP DRAM BW: 64.000 words/cycle

Running Layer 461
Total cycles: 2929
Compute cycles: 927
Stall cycles: 0
Overall utilization: 18.12%
Mapping efficiency: 100.00%
Average IFMAP SRAM BW: 11.599 words/cycle
Average Filter SRAM BW: 17.674 words/cycle
Average OFMAP SRAM BW: 11.599 words/cycle
Average IFMAP DRAM BW: 6.831 words/cycle
Average Filter DRAM BW: 8.929 words/cycle
Average OFMAP DRAM BW: 64.000 words/cycle

Running Layer 462
Total cycles: 537
Compute cycles: 232
Stall cycles: 0
Overall utilization: 1.16%
Mapping efficiency: 6.25%
Average IFMAP SRAM BW: 0.741 words/cycle
Average Filter SRAM BW: 1.103 words/cycle
Average OFMAP SRAM BW: 11.862 words/cycle
Average IFMAP DRAM BW: 0.654 words/cycle
Average Filter DRAM BW: 0.973 words/cycle
Average OFMAP DRAM BW: 64.000 words/cycle

Running Layer 463
Total cycles: 813
Compute cycles: 465
Stall cycles: 0
Overall utilization: 1.16%
Mapping efficiency: 6.25%
Average IFMAP SRAM BW: 0.740 words/cycle
Average Filter SRAM BW: 1.101 words/cycle
Average OFMAP SRAM BW: 11.837 words/cycle
Average IFMAP DRAM BW: 0.654 words/cycle
Average Filter DRAM BW: 1.947 words/cycle
Average OFMAP DRAM BW: 64.000 words/cycle

Running Layer 464
Total cycles: 537
Compute cycles: 232
Stall cycles: 0
Overall utilization: 2.32%
Mapping efficiency: 12.50%
Average IFMAP SRAM BW: 1.483 words/cycle
Average Filter SRAM BW: 2.207 words/cycle
Average OFMAP SRAM BW: 11.862 words/cycle
Average IFMAP DRAM BW: 1.308 words/cycle
Average Filter DRAM BW: 1.947 words/cycle
Average OFMAP DRAM BW: 64.000 words/cycle

Running Layer 465
Total cycles: 813
Compute cycles: 465
Stall cycles: 0
Overall utilization: 2.31%
Mapping efficiency: 12.50%
Average IFMAP SRAM BW: 1.480 words/cycle
Average Filter SRAM BW: 2.202 words/cycle
Average OFMAP SRAM BW: 11.837 words/cycle
Average IFMAP DRAM BW: 1.308 words/cycle
Average Filter DRAM BW: 3.894 words/cycle
Average OFMAP DRAM BW: 64.000 words/cycle

Running Layer 466
Total cycles: 537
Compute cycles: 232
Stall cycles: 0
Overall utilization: 4.63%
Mapping efficiency: 25.00%
Average IFMAP SRAM BW: 2.966 words/cycle
Average Filter SRAM BW: 4.414 words/cycle
Average OFMAP SRAM BW: 11.862 words/cycle
Average IFMAP DRAM BW: 2.616 words/cycle
Average Filter DRAM BW: 3.894 words/cycle
Average OFMAP DRAM BW: 64.000 words/cycle

Running Layer 467
Total cycles: 813
Compute cycles: 465
Stall cycles: 0
Overall utilization: 4.62%
Mapping efficiency: 25.00%
Average IFMAP SRAM BW: 2.959 words/cycle
Average Filter SRAM BW: 4.404 words/cycle
Average OFMAP SRAM BW: 11.837 words/cycle
Average IFMAP DRAM BW: 2.616 words/cycle
Average Filter DRAM BW: 7.787 words/cycle
Average OFMAP DRAM BW: 64.000 words/cycle

Running Layer 468
Total cycles: 537
Compute cycles: 232
Stall cycles: 0
Overall utilization: 9.27%
Mapping efficiency: 50.00%
Average IFMAP SRAM BW: 5.931 words/cycle
Average Filter SRAM BW: 8.828 words/cycle
Average OFMAP SRAM BW: 11.862 words/cycle
Average IFMAP DRAM BW: 5.232 words/cycle
Average Filter DRAM BW: 7.787 words/cycle
Average OFMAP DRAM BW: 64.000 words/cycle

Running Layer 469
Total cycles: 1075
Compute cycles: 465
Stall cycles: 0
Overall utilization: 9.25%
Mapping efficiency: 50.00%
Average IFMAP SRAM BW: 5.918 words/cycle
Average Filter SRAM BW: 8.809 words/cycle
Average OFMAP SRAM BW: 11.837 words/cycle
Average IFMAP DRAM BW: 5.232 words/cycle
Average Filter DRAM BW: 7.802 words/cycle
Average OFMAP DRAM BW: 64.000 words/cycle

Running Layer 470
Total cycles: 799
Compute cycles: 232
Stall cycles: 0
Overall utilization: 18.53%
Mapping efficiency: 100.00%
Average IFMAP SRAM BW: 11.862 words/cycle
Average Filter SRAM BW: 17.655 words/cycle
Average OFMAP SRAM BW: 11.862 words/cycle
Average IFMAP DRAM BW: 5.242 words/cycle
Average Filter DRAM BW: 7.802 words/cycle
Average OFMAP DRAM BW: 64.000 words/cycle

Running Layer 471
Total cycles: 1599
Compute cycles: 465
Stall cycles: 0
Overall utilization: 18.49%
Mapping efficiency: 100.00%
Average IFMAP SRAM BW: 11.837 words/cycle
Average Filter SRAM BW: 17.617 words/cycle
Average OFMAP SRAM BW: 11.837 words/cycle
Average IFMAP DRAM BW: 5.242 words/cycle
Average Filter DRAM BW: 7.809 words/cycle
Average OFMAP DRAM BW: 64.000 words/cycle

Running Layer 472
Total cycles: 2937
Compute cycles: 931
Stall cycles: 0
Overall utilization: 18.47%
Mapping efficiency: 100.00%
Average IFMAP SRAM BW: 11.824 words/cycle
Average Filter SRAM BW: 17.598 words/cycle
Average OFMAP SRAM BW: 11.824 words/cycle
Average IFMAP DRAM BW: 6.994 words/cycle
Average Filter DRAM BW: 8.929 words/cycle
Average OFMAP DRAM BW: 64.000 words/cycle

Running Layer 473
Total cycles: 539
Compute cycles: 233
Stall cycles: 0
Overall utilization: 1.18%
Mapping efficiency: 6.25%
Average IFMAP SRAM BW: 0.755 words/cycle
Average Filter SRAM BW: 1.099 words/cycle
Average OFMAP SRAM BW: 12.086 words/cycle
Average IFMAP DRAM BW: 0.669 words/cycle
Average Filter DRAM BW: 0.973 words/cycle
Average OFMAP DRAM BW: 64.000 words/cycle

Running Layer 474
Total cycles: 817
Compute cycles: 467
Stall cycles: 0
Overall utilization: 1.18%
Mapping efficiency: 6.25%
Average IFMAP SRAM BW: 0.754 words/cycle
Average Filter SRAM BW: 1.096 words/cycle
Average OFMAP SRAM BW: 12.060 words/cycle
Average IFMAP DRAM BW: 0.669 words/cycle
Average Filter DRAM BW: 1.947 words/cycle
Average OFMAP DRAM BW: 64.000 words/cycle

Running Layer 475
Total cycles: 539
Compute cycles: 233
Stall cycles: 0
Overall utilization: 2.36%
Mapping efficiency: 12.50%
Average IFMAP SRAM BW: 1.511 words/cycle
Average Filter SRAM BW: 2.197 words/cycle
Average OFMAP SRAM BW: 12.086 words/cycle
Average IFMAP DRAM BW: 1.338 words/cycle
Average Filter DRAM BW: 1.947 words/cycle
Average OFMAP DRAM BW: 64.000 words/cycle

Running Layer 476
Total cycles: 817
Compute cycles: 467
Stall cycles: 0
Overall utilization: 2.36%
Mapping efficiency: 12.50%
Average IFMAP SRAM BW: 1.507 words/cycle
Average Filter SRAM BW: 2.193 words/cycle
Average OFMAP SRAM BW: 12.060 words/cycle
Average IFMAP DRAM BW: 1.338 words/cycle
Average Filter DRAM BW: 3.894 words/cycle
Average OFMAP DRAM BW: 64.000 words/cycle

Running Layer 477
Total cycles: 539
Compute cycles: 233
Stall cycles: 0
Overall utilization: 4.72%
Mapping efficiency: 25.00%
Average IFMAP SRAM BW: 3.021 words/cycle
Average Filter SRAM BW: 4.395 words/cycle
Average OFMAP SRAM BW: 12.086 words/cycle
Average IFMAP DRAM BW: 2.677 words/cycle
Average Filter DRAM BW: 3.894 words/cycle
Average OFMAP DRAM BW: 64.000 words/cycle

Running Layer 478
Total cycles: 817
Compute cycles: 467
Stall cycles: 0
Overall utilization: 4.71%
Mapping efficiency: 25.00%
Average IFMAP SRAM BW: 3.015 words/cycle
Average Filter SRAM BW: 4.385 words/cycle
Average OFMAP SRAM BW: 12.060 words/cycle
Average IFMAP DRAM BW: 2.677 words/cycle
Average Filter DRAM BW: 7.787 words/cycle
Average OFMAP DRAM BW: 64.000 words/cycle

Running Layer 479
Total cycles: 539
Compute cycles: 233
Stall cycles: 0
Overall utilization: 9.44%
Mapping efficiency: 50.00%
Average IFMAP SRAM BW: 6.043 words/cycle
Average Filter SRAM BW: 8.790 words/cycle
Average OFMAP SRAM BW: 12.086 words/cycle
Average IFMAP DRAM BW: 5.354 words/cycle
Average Filter DRAM BW: 7.787 words/cycle
Average OFMAP DRAM BW: 64.000 words/cycle

Running Layer 480
Total cycles: 1079
Compute cycles: 467
Stall cycles: 0
Overall utilization: 9.42%
Mapping efficiency: 50.00%
Average IFMAP SRAM BW: 6.030 words/cycle
Average Filter SRAM BW: 8.771 words/cycle
Average OFMAP SRAM BW: 12.060 words/cycle
Average IFMAP DRAM BW: 5.354 words/cycle
Average Filter DRAM BW: 7.802 words/cycle
Average OFMAP DRAM BW: 64.000 words/cycle

Running Layer 481
Total cycles: 801
Compute cycles: 233
Stall cycles: 0
Overall utilization: 18.88%
Mapping efficiency: 100.00%
Average IFMAP SRAM BW: 12.086 words/cycle
Average Filter SRAM BW: 17.579 words/cycle
Average OFMAP SRAM BW: 12.086 words/cycle
Average IFMAP DRAM BW: 5.364 words/cycle
Average Filter DRAM BW: 7.802 words/cycle
Average OFMAP DRAM BW: 64.000 words/cycle

Running Layer 482
Total cycles: 1603
Compute cycles: 467
Stall cycles: 0
Overall utilization: 18.84%
Mapping efficiency: 100.00%
Average IFMAP SRAM BW: 12.060 words/cycle
Average Filter SRAM BW: 17.542 words/cycle
Average OFMAP SRAM BW: 12.060 words/cycle
Average IFMAP DRAM BW: 5.364 words/cycle
Average Filter DRAM BW: 7.809 words/cycle
Average OFMAP DRAM BW: 64.000 words/cycle

Running Layer 483
Total cycles: 2945
Compute cycles: 935
Stall cycles: 0
Overall utilization: 18.82%
Mapping efficiency: 100.00%
Average IFMAP SRAM BW: 12.047 words/cycle
Average Filter SRAM BW: 17.523 words/cycle
Average OFMAP SRAM BW: 12.047 words/cycle
Average IFMAP DRAM BW: 7.156 words/cycle
Average Filter DRAM BW: 8.929 words/cycle
Average OFMAP DRAM BW: 64.000 words/cycle

Running Layer 484
Total cycles: 541
Compute cycles: 234
Stall cycles: 0
Overall utilization: 1.20%
Mapping efficiency: 6.25%
Average IFMAP SRAM BW: 0.769 words/cycle
Average Filter SRAM BW: 1.094 words/cycle
Average OFMAP SRAM BW: 12.308 words/cycle
Average IFMAP DRAM BW: 0.684 words/cycle
Average Filter DRAM BW: 0.973 words/cycle
Average OFMAP DRAM BW: 64.000 words/cycle

Running Layer 485
Total cycles: 821
Compute cycles: 469
Stall cycles: 0
Overall utilization: 1.20%
Mapping efficiency: 6.25%
Average IFMAP SRAM BW: 0.768 words/cycle
Average Filter SRAM BW: 1.092 words/cycle
Average OFMAP SRAM BW: 12.281 words/cycle
Average IFMAP DRAM BW: 0.684 words/cycle
Average Filter DRAM BW: 1.947 words/cycle
Average OFMAP DRAM BW: 64.000 words/cycle

Running Layer 486
Total cycles: 541
Compute cycles: 234
Stall cycles: 0
Overall utilization: 2.40%
Mapping efficiency: 12.50%
Average IFMAP SRAM BW: 1.538 words/cycle
Average Filter SRAM BW: 2.188 words/cycle
Average OFMAP SRAM BW: 12.308 words/cycle
Average IFMAP DRAM BW: 1.369 words/cycle
Average Filter DRAM BW: 1.947 words/cycle
Average OFMAP DRAM BW: 64.000 words/cycle

Running Layer 487
Total cycles: 821
Compute cycles: 469
Stall cycles: 0
Overall utilization: 2.40%
Mapping efficiency: 12.50%
Average IFMAP SRAM BW: 1.535 words/cycle
Average Filter SRAM BW: 2.183 words/cycle
Average OFMAP SRAM BW: 12.281 words/cycle
Average IFMAP DRAM BW: 1.369 words/cycle
Average Filter DRAM BW: 3.894 words/cycle
Average OFMAP DRAM BW: 64.000 words/cycle

Running Layer 488
Total cycles: 541
Compute cycles: 234
Stall cycles: 0
Overall utilization: 4.81%
Mapping efficiency: 25.00%
Average IFMAP SRAM BW: 3.077 words/cycle
Average Filter SRAM BW: 4.376 words/cycle
Average OFMAP SRAM BW: 12.308 words/cycle
Average IFMAP DRAM BW: 2.738 words/cycle
Average Filter DRAM BW: 3.894 words/cycle
Average OFMAP DRAM BW: 64.000 words/cycle

Running Layer 489
Total cycles: 821
Compute cycles: 469
Stall cycles: 0
Overall utilization: 4.80%
Mapping efficiency: 25.00%
Average IFMAP SRAM BW: 3.070 words/cycle
Average Filter SRAM BW: 4.367 words/cycle
Average OFMAP SRAM BW: 12.281 words/cycle
Average IFMAP DRAM BW: 2.738 words/cycle
Average Filter DRAM BW: 7.787 words/cycle
Average OFMAP DRAM BW: 64.000 words/cycle

Running Layer 490
Total cycles: 541
Compute cycles: 234
Stall cycles: 0
Overall utilization: 9.62%
Mapping efficiency: 50.00%
Average IFMAP SRAM BW: 6.154 words/cycle
Average Filter SRAM BW: 8.752 words/cycle
Average OFMAP SRAM BW: 12.308 words/cycle
Average IFMAP DRAM BW: 5.475 words/cycle
Average Filter DRAM BW: 7.787 words/cycle
Average OFMAP DRAM BW: 64.000 words/cycle

Running Layer 491
Total cycles: 1083
Compute cycles: 469
Stall cycles: 0
Overall utilization: 9.59%
Mapping efficiency: 50.00%
Average IFMAP SRAM BW: 6.141 words/cycle
Average Filter SRAM BW: 8.733 words/cycle
Average OFMAP SRAM BW: 12.281 words/cycle
Average IFMAP DRAM BW: 5.475 words/cycle
Average Filter DRAM BW: 7.802 words/cycle
Average OFMAP DRAM BW: 64.000 words/cycle

Running Layer 492
Total cycles: 803
Compute cycles: 234
Stall cycles: 0
Overall utilization: 19.23%
Mapping efficiency: 100.00%
Average IFMAP SRAM BW: 12.308 words/cycle
Average Filter SRAM BW: 17.504 words/cycle
Average OFMAP SRAM BW: 12.308 words/cycle
Average IFMAP DRAM BW: 5.486 words/cycle
Average Filter DRAM BW: 7.802 words/cycle
Average OFMAP DRAM BW: 64.000 words/cycle

Running Layer 493
Total cycles: 1607
Compute cycles: 469
Stall cycles: 0
Overall utilization: 19.19%
Mapping efficiency: 100.00%
Average IFMAP SRAM BW: 12.281 words/cycle
Average Filter SRAM BW: 17.467 words/cycle
Average OFMAP SRAM BW: 12.281 words/cycle
Average IFMAP DRAM BW: 5.486 words/cycle
Average Filter DRAM BW: 7.809 words/cycle
Average OFMAP DRAM BW: 64.000 words/cycle

Running Layer 494
Total cycles: 2953
Compute cycles: 939
Stall cycles: 0
Overall utilization: 19.17%
Mapping efficiency: 100.00%
Average IFMAP SRAM BW: 12.268 words/cycle
Average Filter SRAM BW: 17.448 words/cycle
Average OFMAP SRAM BW: 12.268 words/cycle
Average IFMAP DRAM BW: 7.319 words/cycle
Average Filter DRAM BW: 8.929 words/cycle
Average OFMAP DRAM BW: 64.000 words/cycle

Running Layer 495
Total cycles: 543
Compute cycles: 235
Stall cycles: 0
Overall utilization: 1.22%
Mapping efficiency: 6.25%
Average IFMAP SRAM BW: 0.783 words/cycle
Average Filter SRAM BW: 1.089 words/cycle
Average OFMAP SRAM BW: 12.528 words/cycle
Average IFMAP DRAM BW: 0.700 words/cycle
Average Filter DRAM BW: 0.973 words/cycle
Average OFMAP DRAM BW: 64.000 words/cycle

Running Layer 496
Total cycles: 825
Compute cycles: 471
Stall cycles: 0
Overall utilization: 1.22%
Mapping efficiency: 6.25%
Average IFMAP SRAM BW: 0.781 words/cycle
Average Filter SRAM BW: 1.087 words/cycle
Average OFMAP SRAM BW: 12.501 words/cycle
Average IFMAP DRAM BW: 0.700 words/cycle
Average Filter DRAM BW: 1.947 words/cycle
Average OFMAP DRAM BW: 64.000 words/cycle

Running Layer 497
Total cycles: 543
Compute cycles: 235
Stall cycles: 0
Overall utilization: 2.45%
Mapping efficiency: 12.50%
Average IFMAP SRAM BW: 1.566 words/cycle
Average Filter SRAM BW: 2.179 words/cycle
Average OFMAP SRAM BW: 12.528 words/cycle
Average IFMAP DRAM BW: 1.399 words/cycle
Average Filter DRAM BW: 1.947 words/cycle
Average OFMAP DRAM BW: 64.000 words/cycle

Running Layer 498
Total cycles: 825
Compute cycles: 471
Stall cycles: 0
Overall utilization: 2.44%
Mapping efficiency: 12.50%
Average IFMAP SRAM BW: 1.563 words/cycle
Average Filter SRAM BW: 2.174 words/cycle
Average OFMAP SRAM BW: 12.501 words/cycle
Average IFMAP DRAM BW: 1.399 words/cycle
Average Filter DRAM BW: 3.894 words/cycle
Average OFMAP DRAM BW: 64.000 words/cycle

Running Layer 499
Total cycles: 543
Compute cycles: 235
Stall cycles: 0
Overall utilization: 4.89%
Mapping efficiency: 25.00%
Average IFMAP SRAM BW: 3.132 words/cycle
Average Filter SRAM BW: 4.357 words/cycle
Average OFMAP SRAM BW: 12.528 words/cycle
Average IFMAP DRAM BW: 2.798 words/cycle
Average Filter DRAM BW: 3.894 words/cycle
Average OFMAP DRAM BW: 64.000 words/cycle

Running Layer 500
Total cycles: 825
Compute cycles: 471
Stall cycles: 0
Overall utilization: 4.88%
Mapping efficiency: 25.00%
Average IFMAP SRAM BW: 3.125 words/cycle
Average Filter SRAM BW: 4.348 words/cycle
Average OFMAP SRAM BW: 12.501 words/cycle
Average IFMAP DRAM BW: 2.798 words/cycle
Average Filter DRAM BW: 7.787 words/cycle
Average OFMAP DRAM BW: 64.000 words/cycle

Running Layer 501
Total cycles: 543
Compute cycles: 235
Stall cycles: 0
Overall utilization: 9.79%
Mapping efficiency: 50.00%
Average IFMAP SRAM BW: 6.264 words/cycle
Average Filter SRAM BW: 8.715 words/cycle
Average OFMAP SRAM BW: 12.528 words/cycle
Average IFMAP DRAM BW: 5.597 words/cycle
Average Filter DRAM BW: 7.787 words/cycle
Average OFMAP DRAM BW: 64.000 words/cycle

Running Layer 502
Total cycles: 1087
Compute cycles: 471
Stall cycles: 0
Overall utilization: 9.77%
Mapping efficiency: 50.00%
Average IFMAP SRAM BW: 6.251 words/cycle
Average Filter SRAM BW: 8.696 words/cycle
Average OFMAP SRAM BW: 12.501 words/cycle
Average IFMAP DRAM BW: 5.597 words/cycle
Average Filter DRAM BW: 7.802 words/cycle
Average OFMAP DRAM BW: 64.000 words/cycle

Running Layer 503
Total cycles: 805
Compute cycles: 235
Stall cycles: 0
Overall utilization: 19.57%
Mapping efficiency: 100.00%
Average IFMAP SRAM BW: 12.528 words/cycle
Average Filter SRAM BW: 17.430 words/cycle
Average OFMAP SRAM BW: 12.528 words/cycle
Average IFMAP DRAM BW: 5.608 words/cycle
Average Filter DRAM BW: 7.802 words/cycle
Average OFMAP DRAM BW: 64.000 words/cycle

Running Layer 504
Total cycles: 1611
Compute cycles: 471
Stall cycles: 0
Overall utilization: 19.53%
Mapping efficiency: 100.00%
Average IFMAP SRAM BW: 12.501 words/cycle
Average Filter SRAM BW: 17.393 words/cycle
Average OFMAP SRAM BW: 12.501 words/cycle
Average IFMAP DRAM BW: 5.608 words/cycle
Average Filter DRAM BW: 7.809 words/cycle
Average OFMAP DRAM BW: 64.000 words/cycle

Running Layer 505
Total cycles: 2961
Compute cycles: 943
Stall cycles: 0
Overall utilization: 19.51%
Mapping efficiency: 100.00%
Average IFMAP SRAM BW: 12.488 words/cycle
Average Filter SRAM BW: 17.374 words/cycle
Average OFMAP SRAM BW: 12.488 words/cycle
Average IFMAP DRAM BW: 7.482 words/cycle
Average Filter DRAM BW: 8.929 words/cycle
Average OFMAP DRAM BW: 64.000 words/cycle

Running Layer 506
Total cycles: 545
Compute cycles: 236
Stall cycles: 0
Overall utilization: 1.24%
Mapping efficiency: 6.25%
Average IFMAP SRAM BW: 0.797 words/cycle
Average Filter SRAM BW: 1.085 words/cycle
Average OFMAP SRAM BW: 12.746 words/cycle
Average IFMAP DRAM BW: 0.715 words/cycle
Average Filter DRAM BW: 0.973 words/cycle
Average OFMAP DRAM BW: 64.000 words/cycle

Running Layer 507
Total cycles: 829
Compute cycles: 473
Stall cycles: 0
Overall utilization: 1.24%
Mapping efficiency: 6.25%
Average IFMAP SRAM BW: 0.795 words/cycle
Average Filter SRAM BW: 1.082 words/cycle
Average OFMAP SRAM BW: 12.719 words/cycle
Average IFMAP DRAM BW: 0.715 words/cycle
Average Filter DRAM BW: 1.947 words/cycle
Average OFMAP DRAM BW: 64.000 words/cycle

Running Layer 508
Total cycles: 545
Compute cycles: 236
Stall cycles: 0
Overall utilization: 2.49%
Mapping efficiency: 12.50%
Average IFMAP SRAM BW: 1.593 words/cycle
Average Filter SRAM BW: 2.169 words/cycle
Average OFMAP SRAM BW: 12.746 words/cycle
Average IFMAP DRAM BW: 1.430 words/cycle
Average Filter DRAM BW: 1.947 words/cycle
Average OFMAP DRAM BW: 64.000 words/cycle

Running Layer 509
Total cycles: 829
Compute cycles: 473
Stall cycles: 0
Overall utilization: 2.48%
Mapping efficiency: 12.50%
Average IFMAP SRAM BW: 1.590 words/cycle
Average Filter SRAM BW: 2.165 words/cycle
Average OFMAP SRAM BW: 12.719 words/cycle
Average IFMAP DRAM BW: 1.430 words/cycle
Average Filter DRAM BW: 3.894 words/cycle
Average OFMAP DRAM BW: 64.000 words/cycle

Running Layer 510
Total cycles: 545
Compute cycles: 236
Stall cycles: 0
Overall utilization: 4.98%
Mapping efficiency: 25.00%
Average IFMAP SRAM BW: 3.186 words/cycle
Average Filter SRAM BW: 4.339 words/cycle
Average OFMAP SRAM BW: 12.746 words/cycle
Average IFMAP DRAM BW: 2.859 words/cycle
Average Filter DRAM BW: 3.894 words/cycle
Average OFMAP DRAM BW: 64.000 words/cycle

Running Layer 511
Total cycles: 829
Compute cycles: 473
Stall cycles: 0
Overall utilization: 4.97%
Mapping efficiency: 25.00%
Average IFMAP SRAM BW: 3.180 words/cycle
Average Filter SRAM BW: 4.330 words/cycle
Average OFMAP SRAM BW: 12.719 words/cycle
Average IFMAP DRAM BW: 2.859 words/cycle
Average Filter DRAM BW: 7.787 words/cycle
Average OFMAP DRAM BW: 64.000 words/cycle

Running Layer 512
Total cycles: 545
Compute cycles: 236
Stall cycles: 0
Overall utilization: 9.96%
Mapping efficiency: 50.00%
Average IFMAP SRAM BW: 6.373 words/cycle
Average Filter SRAM BW: 8.678 words/cycle
Average OFMAP SRAM BW: 12.746 words/cycle
Average IFMAP DRAM BW: 5.719 words/cycle
Average Filter DRAM BW: 7.787 words/cycle
Average OFMAP DRAM BW: 64.000 words/cycle

Running Layer 513
Total cycles: 1091
Compute cycles: 473
Stall cycles: 0
Overall utilization: 9.94%
Mapping efficiency: 50.00%
Average IFMAP SRAM BW: 6.359 words/cycle
Average Filter SRAM BW: 8.660 words/cycle
Average OFMAP SRAM BW: 12.719 words/cycle
Average IFMAP DRAM BW: 5.719 words/cycle
Average Filter DRAM BW: 7.802 words/cycle
Average OFMAP DRAM BW: 64.000 words/cycle

Running Layer 514
Total cycles: 807
Compute cycles: 236
Stall cycles: 0
Overall utilization: 19.92%
Mapping efficiency: 100.00%
Average IFMAP SRAM BW: 12.746 words/cycle
Average Filter SRAM BW: 17.356 words/cycle
Average OFMAP SRAM BW: 12.746 words/cycle
Average IFMAP DRAM BW: 5.730 words/cycle
Average Filter DRAM BW: 7.802 words/cycle
Average OFMAP DRAM BW: 64.000 words/cycle

Running Layer 515
Total cycles: 1615
Compute cycles: 473
Stall cycles: 0
Overall utilization: 19.87%
Mapping efficiency: 100.00%
Average IFMAP SRAM BW: 12.719 words/cycle
Average Filter SRAM BW: 17.319 words/cycle
Average OFMAP SRAM BW: 12.719 words/cycle
Average IFMAP DRAM BW: 5.730 words/cycle
Average Filter DRAM BW: 7.809 words/cycle
Average OFMAP DRAM BW: 64.000 words/cycle

Running Layer 516
Total cycles: 2969
Compute cycles: 947
Stall cycles: 0
Overall utilization: 19.85%
Mapping efficiency: 100.00%
Average IFMAP SRAM BW: 12.705 words/cycle
Average Filter SRAM BW: 17.301 words/cycle
Average OFMAP SRAM BW: 12.705 words/cycle
Average IFMAP DRAM BW: 7.644 words/cycle
Average Filter DRAM BW: 8.929 words/cycle
Average OFMAP DRAM BW: 64.000 words/cycle

Running Layer 517
Total cycles: 547
Compute cycles: 237
Stall cycles: 0
Overall utilization: 1.27%
Mapping efficiency: 6.25%
Average IFMAP SRAM BW: 0.810 words/cycle
Average Filter SRAM BW: 1.080 words/cycle
Average OFMAP SRAM BW: 12.962 words/cycle
Average IFMAP DRAM BW: 0.730 words/cycle
Average Filter DRAM BW: 0.973 words/cycle
Average OFMAP DRAM BW: 64.000 words/cycle

Running Layer 518
Total cycles: 833
Compute cycles: 475
Stall cycles: 0
Overall utilization: 1.26%
Mapping efficiency: 6.25%
Average IFMAP SRAM BW: 0.808 words/cycle
Average Filter SRAM BW: 1.078 words/cycle
Average OFMAP SRAM BW: 12.935 words/cycle
Average IFMAP DRAM BW: 0.730 words/cycle
Average Filter DRAM BW: 1.947 words/cycle
Average OFMAP DRAM BW: 64.000 words/cycle

Running Layer 519
Total cycles: 547
Compute cycles: 237
Stall cycles: 0
Overall utilization: 2.53%
Mapping efficiency: 12.50%
Average IFMAP SRAM BW: 1.620 words/cycle
Average Filter SRAM BW: 2.160 words/cycle
Average OFMAP SRAM BW: 12.962 words/cycle
Average IFMAP DRAM BW: 1.460 words/cycle
Average Filter DRAM BW: 1.947 words/cycle
Average OFMAP DRAM BW: 64.000 words/cycle

Running Layer 520
Total cycles: 833
Compute cycles: 475
Stall cycles: 0
Overall utilization: 2.53%
Mapping efficiency: 12.50%
Average IFMAP SRAM BW: 1.617 words/cycle
Average Filter SRAM BW: 2.156 words/cycle
Average OFMAP SRAM BW: 12.935 words/cycle
Average IFMAP DRAM BW: 1.460 words/cycle
Average Filter DRAM BW: 3.894 words/cycle
Average OFMAP DRAM BW: 64.000 words/cycle

Running Layer 521
Total cycles: 547
Compute cycles: 237
Stall cycles: 0
Overall utilization: 5.06%
Mapping efficiency: 25.00%
Average IFMAP SRAM BW: 3.241 words/cycle
Average Filter SRAM BW: 4.321 words/cycle
Average OFMAP SRAM BW: 12.962 words/cycle
Average IFMAP DRAM BW: 2.920 words/cycle
Average Filter DRAM BW: 3.894 words/cycle
Average OFMAP DRAM BW: 64.000 words/cycle

Running Layer 522
Total cycles: 833
Compute cycles: 475
Stall cycles: 0
Overall utilization: 5.05%
Mapping efficiency: 25.00%
Average IFMAP SRAM BW: 3.234 words/cycle
Average Filter SRAM BW: 4.312 words/cycle
Average OFMAP SRAM BW: 12.935 words/cycle
Average IFMAP DRAM BW: 2.920 words/cycle
Average Filter DRAM BW: 7.787 words/cycle
Average OFMAP DRAM BW: 64.000 words/cycle

Running Layer 523
Total cycles: 547
Compute cycles: 237
Stall cycles: 0
Overall utilization: 10.13%
Mapping efficiency: 50.00%
Average IFMAP SRAM BW: 6.481 words/cycle
Average Filter SRAM BW: 8.641 words/cycle
Average OFMAP SRAM BW: 12.962 words/cycle
Average IFMAP DRAM BW: 5.840 words/cycle
Average Filter DRAM BW: 7.787 words/cycle
Average OFMAP DRAM BW: 64.000 words/cycle

Running Layer 524
Total cycles: 1095
Compute cycles: 475
Stall cycles: 0
Overall utilization: 10.11%
Mapping efficiency: 50.00%
Average IFMAP SRAM BW: 6.467 words/cycle
Average Filter SRAM BW: 8.623 words/cycle
Average OFMAP SRAM BW: 12.935 words/cycle
Average IFMAP DRAM BW: 5.840 words/cycle
Average Filter DRAM BW: 7.802 words/cycle
Average OFMAP DRAM BW: 64.000 words/cycle

Running Layer 525
Total cycles: 809
Compute cycles: 237
Stall cycles: 0
Overall utilization: 20.25%
Mapping efficiency: 100.00%
Average IFMAP SRAM BW: 12.962 words/cycle
Average Filter SRAM BW: 17.283 words/cycle
Average OFMAP SRAM BW: 12.962 words/cycle
Average IFMAP DRAM BW: 5.851 words/cycle
Average Filter DRAM BW: 7.802 words/cycle
Average OFMAP DRAM BW: 64.000 words/cycle

Running Layer 526
Total cycles: 1619
Compute cycles: 475
Stall cycles: 0
Overall utilization: 20.21%
Mapping efficiency: 100.00%
Average IFMAP SRAM BW: 12.935 words/cycle
Average Filter SRAM BW: 17.246 words/cycle
Average OFMAP SRAM BW: 12.935 words/cycle
Average IFMAP DRAM BW: 5.851 words/cycle
Average Filter DRAM BW: 7.809 words/cycle
Average OFMAP DRAM BW: 64.000 words/cycle

Running Layer 527
Total cycles: 2977
Compute cycles: 951
Stall cycles: 0
Overall utilization: 20.19%
Mapping efficiency: 100.00%
Average IFMAP SRAM BW: 12.921 words/cycle
Average Filter SRAM BW: 17.228 words/cycle
Average OFMAP SRAM BW: 12.921 words/cycle
Average IFMAP DRAM BW: 7.807 words/cycle
Average Filter DRAM BW: 8.929 words/cycle
Average OFMAP DRAM BW: 64.000 words/cycle

Running Layer 528
Total cycles: 549
Compute cycles: 238
Stall cycles: 0
Overall utilization: 1.29%
Mapping efficiency: 6.25%
Average IFMAP SRAM BW: 0.824 words/cycle
Average Filter SRAM BW: 1.076 words/cycle
Average OFMAP SRAM BW: 13.176 words/cycle
Average IFMAP DRAM BW: 0.745 words/cycle
Average Filter DRAM BW: 0.973 words/cycle
Average OFMAP DRAM BW: 64.000 words/cycle

Running Layer 529
Total cycles: 837
Compute cycles: 477
Stall cycles: 0
Overall utilization: 1.28%
Mapping efficiency: 6.25%
Average IFMAP SRAM BW: 0.822 words/cycle
Average Filter SRAM BW: 1.073 words/cycle
Average OFMAP SRAM BW: 13.149 words/cycle
Average IFMAP DRAM BW: 0.745 words/cycle
Average Filter DRAM BW: 1.947 words/cycle
Average OFMAP DRAM BW: 64.000 words/cycle

Running Layer 530
Total cycles: 549
Compute cycles: 238
Stall cycles: 0
Overall utilization: 2.57%
Mapping efficiency: 12.50%
Average IFMAP SRAM BW: 1.647 words/cycle
Average Filter SRAM BW: 2.151 words/cycle
Average OFMAP SRAM BW: 13.176 words/cycle
Average IFMAP DRAM BW: 1.490 words/cycle
Average Filter DRAM BW: 1.947 words/cycle
Average OFMAP DRAM BW: 64.000 words/cycle

Running Layer 531
Total cycles: 837
Compute cycles: 477
Stall cycles: 0
Overall utilization: 2.57%
Mapping efficiency: 12.50%
Average IFMAP SRAM BW: 1.644 words/cycle
Average Filter SRAM BW: 2.147 words/cycle
Average OFMAP SRAM BW: 13.149 words/cycle
Average IFMAP DRAM BW: 1.490 words/cycle
Average Filter DRAM BW: 3.894 words/cycle
Average OFMAP DRAM BW: 64.000 words/cycle

Running Layer 532
Total cycles: 549
Compute cycles: 238
Stall cycles: 0
Overall utilization: 5.15%
Mapping efficiency: 25.00%
Average IFMAP SRAM BW: 3.294 words/cycle
Average Filter SRAM BW: 4.303 words/cycle
Average OFMAP SRAM BW: 13.176 words/cycle
Average IFMAP DRAM BW: 2.981 words/cycle
Average Filter DRAM BW: 3.894 words/cycle
Average OFMAP DRAM BW: 64.000 words/cycle

Running Layer 533
Total cycles: 837
Compute cycles: 477
Stall cycles: 0
Overall utilization: 5.14%
Mapping efficiency: 25.00%
Average IFMAP SRAM BW: 3.287 words/cycle
Average Filter SRAM BW: 4.294 words/cycle
Average OFMAP SRAM BW: 13.149 words/cycle
Average IFMAP DRAM BW: 2.981 words/cycle
Average Filter DRAM BW: 7.787 words/cycle
Average OFMAP DRAM BW: 64.000 words/cycle

Running Layer 534
Total cycles: 549
Compute cycles: 238
Stall cycles: 0
Overall utilization: 10.29%
Mapping efficiency: 50.00%
Average IFMAP SRAM BW: 6.588 words/cycle
Average Filter SRAM BW: 8.605 words/cycle
Average OFMAP SRAM BW: 13.176 words/cycle
Average IFMAP DRAM BW: 5.962 words/cycle
Average Filter DRAM BW: 7.787 words/cycle
Average OFMAP DRAM BW: 64.000 words/cycle

Running Layer 535
Total cycles: 1099
Compute cycles: 477
Stall cycles: 0
Overall utilization: 10.27%
Mapping efficiency: 50.00%
Average IFMAP SRAM BW: 6.574 words/cycle
Average Filter SRAM BW: 8.587 words/cycle
Average OFMAP SRAM BW: 13.149 words/cycle
Average IFMAP DRAM BW: 5.962 words/cycle
Average Filter DRAM BW: 7.802 words/cycle
Average OFMAP DRAM BW: 64.000 words/cycle

Running Layer 536
Total cycles: 811
Compute cycles: 238
Stall cycles: 0
Overall utilization: 20.59%
Mapping efficiency: 100.00%
Average IFMAP SRAM BW: 13.176 words/cycle
Average Filter SRAM BW: 17.210 words/cycle
Average OFMAP SRAM BW: 13.176 words/cycle
Average IFMAP DRAM BW: 5.973 words/cycle
Average Filter DRAM BW: 7.802 words/cycle
Average OFMAP DRAM BW: 64.000 words/cycle

Running Layer 537
Total cycles: 1623
Compute cycles: 477
Stall cycles: 0
Overall utilization: 20.55%
Mapping efficiency: 100.00%
Average IFMAP SRAM BW: 13.149 words/cycle
Average Filter SRAM BW: 17.174 words/cycle
Average OFMAP SRAM BW: 13.149 words/cycle
Average IFMAP DRAM BW: 5.973 words/cycle
Average Filter DRAM BW: 7.809 words/cycle
Average OFMAP DRAM BW: 64.000 words/cycle

Running Layer 538
Total cycles: 2985
Compute cycles: 955
Stall cycles: 0
Overall utilization: 20.52%
Mapping efficiency: 100.00%
Average IFMAP SRAM BW: 13.135 words/cycle
Average Filter SRAM BW: 17.156 words/cycle
Average OFMAP SRAM BW: 13.135 words/cycle
Average IFMAP DRAM BW: 7.970 words/cycle
Average Filter DRAM BW: 8.929 words/cycle
Average OFMAP DRAM BW: 64.000 words/cycle

Running Layer 539
Total cycles: 551
Compute cycles: 239
Stall cycles: 0
Overall utilization: 1.31%
Mapping efficiency: 6.25%
Average IFMAP SRAM BW: 0.837 words/cycle
Average Filter SRAM BW: 1.071 words/cycle
Average OFMAP SRAM BW: 13.389 words/cycle
Average IFMAP DRAM BW: 0.760 words/cycle
Average Filter DRAM BW: 0.973 words/cycle
Average OFMAP DRAM BW: 64.000 words/cycle

Running Layer 540
Total cycles: 841
Compute cycles: 479
Stall cycles: 0
Overall utilization: 1.30%
Mapping efficiency: 6.25%
Average IFMAP SRAM BW: 0.835 words/cycle
Average Filter SRAM BW: 1.069 words/cycle
Average OFMAP SRAM BW: 13.361 words/cycle
Average IFMAP DRAM BW: 0.760 words/cycle
Average Filter DRAM BW: 1.947 words/cycle
Average OFMAP DRAM BW: 64.000 words/cycle

Running Layer 541
Total cycles: 551
Compute cycles: 239
Stall cycles: 0
Overall utilization: 2.62%
Mapping efficiency: 12.50%
Average IFMAP SRAM BW: 1.674 words/cycle
Average Filter SRAM BW: 2.142 words/cycle
Average OFMAP SRAM BW: 13.389 words/cycle
Average IFMAP DRAM BW: 1.521 words/cycle
Average Filter DRAM BW: 1.947 words/cycle
Average OFMAP DRAM BW: 64.000 words/cycle

Running Layer 542
Total cycles: 841
Compute cycles: 479
Stall cycles: 0
Overall utilization: 2.61%
Mapping efficiency: 12.50%
Average IFMAP SRAM BW: 1.670 words/cycle
Average Filter SRAM BW: 2.138 words/cycle
Average OFMAP SRAM BW: 13.361 words/cycle
Average IFMAP DRAM BW: 1.521 words/cycle
Average Filter DRAM BW: 3.894 words/cycle
Average OFMAP DRAM BW: 64.000 words/cycle

Running Layer 543
Total cycles: 551
Compute cycles: 239
Stall cycles: 0
Overall utilization: 5.23%
Mapping efficiency: 25.00%
Average IFMAP SRAM BW: 3.347 words/cycle
Average Filter SRAM BW: 4.285 words/cycle
Average OFMAP SRAM BW: 13.389 words/cycle
Average IFMAP DRAM BW: 3.042 words/cycle
Average Filter DRAM BW: 3.894 words/cycle
Average OFMAP DRAM BW: 64.000 words/cycle

Running Layer 544
Total cycles: 841
Compute cycles: 479
Stall cycles: 0
Overall utilization: 5.22%
Mapping efficiency: 25.00%
Average IFMAP SRAM BW: 3.340 words/cycle
Average Filter SRAM BW: 4.276 words/cycle
Average OFMAP SRAM BW: 13.361 words/cycle
Average IFMAP DRAM BW: 3.042 words/cycle
Average Filter DRAM BW: 7.787 words/cycle
Average OFMAP DRAM BW: 64.000 words/cycle

Running Layer 545
Total cycles: 551
Compute cycles: 239
Stall cycles: 0
Overall utilization: 10.46%
Mapping efficiency: 50.00%
Average IFMAP SRAM BW: 6.695 words/cycle
Average Filter SRAM BW: 8.569 words/cycle
Average OFMAP SRAM BW: 13.389 words/cycle
Average IFMAP DRAM BW: 6.084 words/cycle
Average Filter DRAM BW: 7.787 words/cycle
Average OFMAP DRAM BW: 64.000 words/cycle

Running Layer 546
Total cycles: 1103
Compute cycles: 479
Stall cycles: 0
Overall utilization: 10.44%
Mapping efficiency: 50.00%
Average IFMAP SRAM BW: 6.681 words/cycle
Average Filter SRAM BW: 8.551 words/cycle
Average OFMAP SRAM BW: 13.361 words/cycle
Average IFMAP DRAM BW: 6.084 words/cycle
Average Filter DRAM BW: 7.802 words/cycle
Average OFMAP DRAM BW: 64.000 words/cycle

Running Layer 547
Total cycles: 813
Compute cycles: 239
Stall cycles: 0
Overall utilization: 20.92%
Mapping efficiency: 100.00%
Average IFMAP SRAM BW: 13.389 words/cycle
Average Filter SRAM BW: 17.138 words/cycle
Average OFMAP SRAM BW: 13.389 words/cycle
Average IFMAP DRAM BW: 6.095 words/cycle
Average Filter DRAM BW: 7.802 words/cycle
Average OFMAP DRAM BW: 64.000 words/cycle

Running Layer 548
Total cycles: 1627
Compute cycles: 479
Stall cycles: 0
Overall utilization: 20.88%
Mapping efficiency: 100.00%
Average IFMAP SRAM BW: 13.361 words/cycle
Average Filter SRAM BW: 17.102 words/cycle
Average OFMAP SRAM BW: 13.361 words/cycle
Average IFMAP DRAM BW: 6.095 words/cycle
Average Filter DRAM BW: 7.809 words/cycle
Average OFMAP DRAM BW: 64.000 words/cycle

Running Layer 549
Total cycles: 2993
Compute cycles: 959
Stall cycles: 0
Overall utilization: 20.86%
Mapping efficiency: 100.00%
Average IFMAP SRAM BW: 13.347 words/cycle
Average Filter SRAM BW: 17.084 words/cycle
Average OFMAP SRAM BW: 13.347 words/cycle
Average IFMAP DRAM BW: 8.132 words/cycle
Average Filter DRAM BW: 8.929 words/cycle
Average OFMAP DRAM BW: 64.000 words/cycle

Running Layer 550
Total cycles: 553
Compute cycles: 240
Stall cycles: 0
Overall utilization: 1.33%
Mapping efficiency: 6.25%
Average IFMAP SRAM BW: 0.850 words/cycle
Average Filter SRAM BW: 1.067 words/cycle
Average OFMAP SRAM BW: 13.600 words/cycle
Average IFMAP DRAM BW: 0.776 words/cycle
Average Filter DRAM BW: 0.973 words/cycle
Average OFMAP DRAM BW: 64.000 words/cycle

Running Layer 551
Total cycles: 845
Compute cycles: 481
Stall cycles: 0
Overall utilization: 1.33%
Mapping efficiency: 6.25%
Average IFMAP SRAM BW: 0.848 words/cycle
Average Filter SRAM BW: 1.064 words/cycle
Average OFMAP SRAM BW: 13.572 words/cycle
Average IFMAP DRAM BW: 0.776 words/cycle
Average Filter DRAM BW: 1.947 words/cycle
Average OFMAP DRAM BW: 64.000 words/cycle

Running Layer 552
Total cycles: 553
Compute cycles: 240
Stall cycles: 0
Overall utilization: 2.66%
Mapping efficiency: 12.50%
Average IFMAP SRAM BW: 1.700 words/cycle
Average Filter SRAM BW: 2.133 words/cycle
Average OFMAP SRAM BW: 13.600 words/cycle
Average IFMAP DRAM BW: 1.551 words/cycle
Average Filter DRAM BW: 1.947 words/cycle
Average OFMAP DRAM BW: 64.000 words/cycle

Running Layer 553
Total cycles: 845
Compute cycles: 481
Stall cycles: 0
Overall utilization: 2.65%
Mapping efficiency: 12.50%
Average IFMAP SRAM BW: 1.696 words/cycle
Average Filter SRAM BW: 2.129 words/cycle
Average OFMAP SRAM BW: 13.572 words/cycle
Average IFMAP DRAM BW: 1.551 words/cycle
Average Filter DRAM BW: 3.894 words/cycle
Average OFMAP DRAM BW: 64.000 words/cycle

Running Layer 554
Total cycles: 553
Compute cycles: 240
Stall cycles: 0
Overall utilization: 5.31%
Mapping efficiency: 25.00%
Average IFMAP SRAM BW: 3.400 words/cycle
Average Filter SRAM BW: 4.267 words/cycle
Average OFMAP SRAM BW: 13.600 words/cycle
Average IFMAP DRAM BW: 3.103 words/cycle
Average Filter DRAM BW: 3.894 words/cycle
Average OFMAP DRAM BW: 64.000 words/cycle

Running Layer 555
Total cycles: 845
Compute cycles: 481
Stall cycles: 0
Overall utilization: 5.30%
Mapping efficiency: 25.00%
Average IFMAP SRAM BW: 3.393 words/cycle
Average Filter SRAM BW: 4.258 words/cycle
Average OFMAP SRAM BW: 13.572 words/cycle
Average IFMAP DRAM BW: 3.103 words/cycle
Average Filter DRAM BW: 7.787 words/cycle
Average OFMAP DRAM BW: 64.000 words/cycle

Running Layer 556
Total cycles: 553
Compute cycles: 240
Stall cycles: 0
Overall utilization: 10.62%
Mapping efficiency: 50.00%
Average IFMAP SRAM BW: 6.800 words/cycle
Average Filter SRAM BW: 8.533 words/cycle
Average OFMAP SRAM BW: 13.600 words/cycle
Average IFMAP DRAM BW: 6.205 words/cycle
Average Filter DRAM BW: 7.787 words/cycle
Average OFMAP DRAM BW: 64.000 words/cycle

Running Layer 557
Total cycles: 1107
Compute cycles: 481
Stall cycles: 0
Overall utilization: 10.60%
Mapping efficiency: 50.00%
Average IFMAP SRAM BW: 6.786 words/cycle
Average Filter SRAM BW: 8.516 words/cycle
Average OFMAP SRAM BW: 13.572 words/cycle
Average IFMAP DRAM BW: 6.205 words/cycle
Average Filter DRAM BW: 7.802 words/cycle
Average OFMAP DRAM BW: 64.000 words/cycle

Running Layer 558
Total cycles: 815
Compute cycles: 240
Stall cycles: 0
Overall utilization: 21.25%
Mapping efficiency: 100.00%
Average IFMAP SRAM BW: 13.600 words/cycle
Average Filter SRAM BW: 17.067 words/cycle
Average OFMAP SRAM BW: 13.600 words/cycle
Average IFMAP DRAM BW: 6.217 words/cycle
Average Filter DRAM BW: 7.802 words/cycle
Average OFMAP DRAM BW: 64.000 words/cycle

Running Layer 559
Total cycles: 1631
Compute cycles: 481
Stall cycles: 0
Overall utilization: 21.21%
Mapping efficiency: 100.00%
Average IFMAP SRAM BW: 13.572 words/cycle
Average Filter SRAM BW: 17.031 words/cycle
Average OFMAP SRAM BW: 13.572 words/cycle
Average IFMAP DRAM BW: 6.217 words/cycle
Average Filter DRAM BW: 7.809 words/cycle
Average OFMAP DRAM BW: 64.000 words/cycle

Running Layer 560
Total cycles: 3001
Compute cycles: 963
Stall cycles: 0
Overall utilization: 21.18%
Mapping efficiency: 100.00%
Average IFMAP SRAM BW: 13.558 words/cycle
Average Filter SRAM BW: 17.013 words/cycle
Average OFMAP SRAM BW: 13.558 words/cycle
Average IFMAP DRAM BW: 8.295 words/cycle
Average Filter DRAM BW: 8.929 words/cycle
Average OFMAP DRAM BW: 64.000 words/cycle

Running Layer 561
Total cycles: 555
Compute cycles: 241
Stall cycles: 0
Overall utilization: 1.35%
Mapping efficiency: 6.25%
Average IFMAP SRAM BW: 0.863 words/cycle
Average Filter SRAM BW: 1.062 words/cycle
Average OFMAP SRAM BW: 13.809 words/cycle
Average IFMAP DRAM BW: 0.791 words/cycle
Average Filter DRAM BW: 0.973 words/cycle
Average OFMAP DRAM BW: 64.000 words/cycle

Running Layer 562
Total cycles: 849
Compute cycles: 483
Stall cycles: 0
Overall utilization: 1.35%
Mapping efficiency: 6.25%
Average IFMAP SRAM BW: 0.861 words/cycle
Average Filter SRAM BW: 1.060 words/cycle
Average OFMAP SRAM BW: 13.781 words/cycle
Average IFMAP DRAM BW: 0.791 words/cycle
Average Filter DRAM BW: 1.947 words/cycle
Average OFMAP DRAM BW: 64.000 words/cycle

Running Layer 563
Total cycles: 555
Compute cycles: 241
Stall cycles: 0
Overall utilization: 2.70%
Mapping efficiency: 12.50%
Average IFMAP SRAM BW: 1.726 words/cycle
Average Filter SRAM BW: 2.124 words/cycle
Average OFMAP SRAM BW: 13.809 words/cycle
Average IFMAP DRAM BW: 1.582 words/cycle
Average Filter DRAM BW: 1.947 words/cycle
Average OFMAP DRAM BW: 64.000 words/cycle

Running Layer 564
Total cycles: 849
Compute cycles: 483
Stall cycles: 0
Overall utilization: 2.69%
Mapping efficiency: 12.50%
Average IFMAP SRAM BW: 1.723 words/cycle
Average Filter SRAM BW: 2.120 words/cycle
Average OFMAP SRAM BW: 13.781 words/cycle
Average IFMAP DRAM BW: 1.582 words/cycle
Average Filter DRAM BW: 3.894 words/cycle
Average OFMAP DRAM BW: 64.000 words/cycle

Running Layer 565
Total cycles: 555
Compute cycles: 241
Stall cycles: 0
Overall utilization: 5.39%
Mapping efficiency: 25.00%
Average IFMAP SRAM BW: 3.452 words/cycle
Average Filter SRAM BW: 4.249 words/cycle
Average OFMAP SRAM BW: 13.809 words/cycle
Average IFMAP DRAM BW: 3.163 words/cycle
Average Filter DRAM BW: 3.894 words/cycle
Average OFMAP DRAM BW: 64.000 words/cycle

Running Layer 566
Total cycles: 849
Compute cycles: 483
Stall cycles: 0
Overall utilization: 5.38%
Mapping efficiency: 25.00%
Average IFMAP SRAM BW: 3.445 words/cycle
Average Filter SRAM BW: 4.240 words/cycle
Average OFMAP SRAM BW: 13.781 words/cycle
Average IFMAP DRAM BW: 3.163 words/cycle
Average Filter DRAM BW: 7.787 words/cycle
Average OFMAP DRAM BW: 64.000 words/cycle

Running Layer 567
Total cycles: 555
Compute cycles: 241
Stall cycles: 0
Overall utilization: 10.79%
Mapping efficiency: 50.00%
Average IFMAP SRAM BW: 6.905 words/cycle
Average Filter SRAM BW: 8.498 words/cycle
Average OFMAP SRAM BW: 13.809 words/cycle
Average IFMAP DRAM BW: 6.327 words/cycle
Average Filter DRAM BW: 7.787 words/cycle
Average OFMAP DRAM BW: 64.000 words/cycle

Running Layer 568
Total cycles: 1111
Compute cycles: 483
Stall cycles: 0
Overall utilization: 10.77%
Mapping efficiency: 50.00%
Average IFMAP SRAM BW: 6.890 words/cycle
Average Filter SRAM BW: 8.480 words/cycle
Average OFMAP SRAM BW: 13.781 words/cycle
Average IFMAP DRAM BW: 6.327 words/cycle
Average Filter DRAM BW: 7.802 words/cycle
Average OFMAP DRAM BW: 64.000 words/cycle

Running Layer 569
Total cycles: 817
Compute cycles: 241
Stall cycles: 0
Overall utilization: 21.58%
Mapping efficiency: 100.00%
Average IFMAP SRAM BW: 13.809 words/cycle
Average Filter SRAM BW: 16.996 words/cycle
Average OFMAP SRAM BW: 13.809 words/cycle
Average IFMAP DRAM BW: 6.339 words/cycle
Average Filter DRAM BW: 7.802 words/cycle
Average OFMAP DRAM BW: 64.000 words/cycle

Running Layer 570
Total cycles: 1635
Compute cycles: 483
Stall cycles: 0
Overall utilization: 21.53%
Mapping efficiency: 100.00%
Average IFMAP SRAM BW: 13.781 words/cycle
Average Filter SRAM BW: 16.961 words/cycle
Average OFMAP SRAM BW: 13.781 words/cycle
Average IFMAP DRAM BW: 6.339 words/cycle
Average Filter DRAM BW: 7.809 words/cycle
Average OFMAP DRAM BW: 64.000 words/cycle

Running Layer 571
Total cycles: 3009
Compute cycles: 967
Stall cycles: 0
Overall utilization: 21.51%
Mapping efficiency: 100.00%
Average IFMAP SRAM BW: 13.766 words/cycle
Average Filter SRAM BW: 16.943 words/cycle
Average OFMAP SRAM BW: 13.766 words/cycle
Average IFMAP DRAM BW: 8.457 words/cycle
Average Filter DRAM BW: 8.929 words/cycle
Average OFMAP DRAM BW: 64.000 words/cycle

Running Layer 572
Total cycles: 557
Compute cycles: 242
Stall cycles: 0
Overall utilization: 1.37%
Mapping efficiency: 6.25%
Average IFMAP SRAM BW: 0.876 words/cycle
Average Filter SRAM BW: 1.058 words/cycle
Average OFMAP SRAM BW: 14.017 words/cycle
Average IFMAP DRAM BW: 0.806 words/cycle
Average Filter DRAM BW: 0.973 words/cycle
Average OFMAP DRAM BW: 64.000 words/cycle

Running Layer 573
Total cycles: 853
Compute cycles: 485
Stall cycles: 0
Overall utilization: 1.37%
Mapping efficiency: 6.25%
Average IFMAP SRAM BW: 0.874 words/cycle
Average Filter SRAM BW: 1.056 words/cycle
Average OFMAP SRAM BW: 13.988 words/cycle
Average IFMAP DRAM BW: 0.806 words/cycle
Average Filter DRAM BW: 1.947 words/cycle
Average OFMAP DRAM BW: 64.000 words/cycle

Running Layer 574
Total cycles: 557
Compute cycles: 242
Stall cycles: 0
Overall utilization: 2.74%
Mapping efficiency: 12.50%
Average IFMAP SRAM BW: 1.752 words/cycle
Average Filter SRAM BW: 2.116 words/cycle
Average OFMAP SRAM BW: 14.017 words/cycle
Average IFMAP DRAM BW: 1.612 words/cycle
Average Filter DRAM BW: 1.947 words/cycle
Average OFMAP DRAM BW: 64.000 words/cycle

Running Layer 575
Total cycles: 853
Compute cycles: 485
Stall cycles: 0
Overall utilization: 2.73%
Mapping efficiency: 12.50%
Average IFMAP SRAM BW: 1.748 words/cycle
Average Filter SRAM BW: 2.111 words/cycle
Average OFMAP SRAM BW: 13.988 words/cycle
Average IFMAP DRAM BW: 1.612 words/cycle
Average Filter DRAM BW: 3.894 words/cycle
Average OFMAP DRAM BW: 64.000 words/cycle

Running Layer 576
Total cycles: 557
Compute cycles: 242
Stall cycles: 0
Overall utilization: 5.48%
Mapping efficiency: 25.00%
Average IFMAP SRAM BW: 3.504 words/cycle
Average Filter SRAM BW: 4.231 words/cycle
Average OFMAP SRAM BW: 14.017 words/cycle
Average IFMAP DRAM BW: 3.224 words/cycle
Average Filter DRAM BW: 3.894 words/cycle
Average OFMAP DRAM BW: 64.000 words/cycle

Running Layer 577
Total cycles: 853
Compute cycles: 485
Stall cycles: 0
Overall utilization: 5.46%
Mapping efficiency: 25.00%
Average IFMAP SRAM BW: 3.497 words/cycle
Average Filter SRAM BW: 4.223 words/cycle
Average OFMAP SRAM BW: 13.988 words/cycle
Average IFMAP DRAM BW: 3.224 words/cycle
Average Filter DRAM BW: 7.787 words/cycle
Average OFMAP DRAM BW: 64.000 words/cycle

Running Layer 578
Total cycles: 557
Compute cycles: 242
Stall cycles: 0
Overall utilization: 10.95%
Mapping efficiency: 50.00%
Average IFMAP SRAM BW: 7.008 words/cycle
Average Filter SRAM BW: 8.463 words/cycle
Average OFMAP SRAM BW: 14.017 words/cycle
Average IFMAP DRAM BW: 6.449 words/cycle
Average Filter DRAM BW: 7.787 words/cycle
Average OFMAP DRAM BW: 64.000 words/cycle

Running Layer 579
Total cycles: 1115
Compute cycles: 485
Stall cycles: 0
Overall utilization: 10.93%
Mapping efficiency: 50.00%
Average IFMAP SRAM BW: 6.994 words/cycle
Average Filter SRAM BW: 8.445 words/cycle
Average OFMAP SRAM BW: 13.988 words/cycle
Average IFMAP DRAM BW: 6.449 words/cycle
Average Filter DRAM BW: 7.802 words/cycle
Average OFMAP DRAM BW: 64.000 words/cycle

Running Layer 580
Total cycles: 819
Compute cycles: 242
Stall cycles: 0
Overall utilization: 21.90%
Mapping efficiency: 100.00%
Average IFMAP SRAM BW: 14.017 words/cycle
Average Filter SRAM BW: 16.926 words/cycle
Average OFMAP SRAM BW: 14.017 words/cycle
Average IFMAP DRAM BW: 6.461 words/cycle
Average Filter DRAM BW: 7.802 words/cycle
Average OFMAP DRAM BW: 64.000 words/cycle

Running Layer 581
Total cycles: 1639
Compute cycles: 485
Stall cycles: 0
Overall utilization: 21.86%
Mapping efficiency: 100.00%
Average IFMAP SRAM BW: 13.988 words/cycle
Average Filter SRAM BW: 16.891 words/cycle
Average OFMAP SRAM BW: 13.988 words/cycle
Average IFMAP DRAM BW: 6.461 words/cycle
Average Filter DRAM BW: 7.809 words/cycle
Average OFMAP DRAM BW: 64.000 words/cycle

Running Layer 582
Total cycles: 3017
Compute cycles: 971
Stall cycles: 0
Overall utilization: 21.83%
Mapping efficiency: 100.00%
Average IFMAP SRAM BW: 13.973 words/cycle
Average Filter SRAM BW: 16.873 words/cycle
Average OFMAP SRAM BW: 13.973 words/cycle
Average IFMAP DRAM BW: 8.620 words/cycle
Average Filter DRAM BW: 8.929 words/cycle
Average OFMAP DRAM BW: 64.000 words/cycle

Running Layer 583
Total cycles: 559
Compute cycles: 243
Stall cycles: 0
Overall utilization: 1.39%
Mapping efficiency: 6.25%
Average IFMAP SRAM BW: 0.889 words/cycle
Average Filter SRAM BW: 1.053 words/cycle
Average OFMAP SRAM BW: 14.222 words/cycle
Average IFMAP DRAM BW: 0.821 words/cycle
Average Filter DRAM BW: 0.973 words/cycle
Average OFMAP DRAM BW: 64.000 words/cycle

Running Layer 584
Total cycles: 857
Compute cycles: 487
Stall cycles: 0
Overall utilization: 1.39%
Mapping efficiency: 6.25%
Average IFMAP SRAM BW: 0.887 words/cycle
Average Filter SRAM BW: 1.051 words/cycle
Average OFMAP SRAM BW: 14.193 words/cycle
Average IFMAP DRAM BW: 0.821 words/cycle
Average Filter DRAM BW: 1.947 words/cycle
Average OFMAP DRAM BW: 64.000 words/cycle

Running Layer 585
Total cycles: 559
Compute cycles: 243
Stall cycles: 0
Overall utilization: 2.78%
Mapping efficiency: 12.50%
Average IFMAP SRAM BW: 1.778 words/cycle
Average Filter SRAM BW: 2.107 words/cycle
Average OFMAP SRAM BW: 14.222 words/cycle
Average IFMAP DRAM BW: 1.643 words/cycle
Average Filter DRAM BW: 1.947 words/cycle
Average OFMAP DRAM BW: 64.000 words/cycle

Running Layer 586
Total cycles: 857
Compute cycles: 487
Stall cycles: 0
Overall utilization: 2.77%
Mapping efficiency: 12.50%
Average IFMAP SRAM BW: 1.774 words/cycle
Average Filter SRAM BW: 2.103 words/cycle
Average OFMAP SRAM BW: 14.193 words/cycle
Average IFMAP DRAM BW: 1.643 words/cycle
Average Filter DRAM BW: 3.894 words/cycle
Average OFMAP DRAM BW: 64.000 words/cycle

Running Layer 587
Total cycles: 559
Compute cycles: 243
Stall cycles: 0
Overall utilization: 5.56%
Mapping efficiency: 25.00%
Average IFMAP SRAM BW: 3.556 words/cycle
Average Filter SRAM BW: 4.214 words/cycle
Average OFMAP SRAM BW: 14.222 words/cycle
Average IFMAP DRAM BW: 3.285 words/cycle
Average Filter DRAM BW: 3.894 words/cycle
Average OFMAP DRAM BW: 64.000 words/cycle

Running Layer 588
Total cycles: 857
Compute cycles: 487
Stall cycles: 0
Overall utilization: 5.54%
Mapping efficiency: 25.00%
Average IFMAP SRAM BW: 3.548 words/cycle
Average Filter SRAM BW: 4.205 words/cycle
Average OFMAP SRAM BW: 14.193 words/cycle
Average IFMAP DRAM BW: 3.285 words/cycle
Average Filter DRAM BW: 7.787 words/cycle
Average OFMAP DRAM BW: 64.000 words/cycle

Running Layer 589
Total cycles: 559
Compute cycles: 243
Stall cycles: 0
Overall utilization: 11.11%
Mapping efficiency: 50.00%
Average IFMAP SRAM BW: 7.111 words/cycle
Average Filter SRAM BW: 8.428 words/cycle
Average OFMAP SRAM BW: 14.222 words/cycle
Average IFMAP DRAM BW: 6.570 words/cycle
Average Filter DRAM BW: 7.787 words/cycle
Average OFMAP DRAM BW: 64.000 words/cycle

Running Layer 590
Total cycles: 1119
Compute cycles: 487
Stall cycles: 0
Overall utilization: 11.09%
Mapping efficiency: 50.00%
Average IFMAP SRAM BW: 7.097 words/cycle
Average Filter SRAM BW: 8.411 words/cycle
Average OFMAP SRAM BW: 14.193 words/cycle
Average IFMAP DRAM BW: 6.570 words/cycle
Average Filter DRAM BW: 7.802 words/cycle
Average OFMAP DRAM BW: 64.000 words/cycle

Running Layer 591
Total cycles: 821
Compute cycles: 243
Stall cycles: 0
Overall utilization: 22.22%
Mapping efficiency: 100.00%
Average IFMAP SRAM BW: 14.222 words/cycle
Average Filter SRAM BW: 16.856 words/cycle
Average OFMAP SRAM BW: 14.222 words/cycle
Average IFMAP DRAM BW: 6.583 words/cycle
Average Filter DRAM BW: 7.802 words/cycle
Average OFMAP DRAM BW: 64.000 words/cycle

Running Layer 592
Total cycles: 1643
Compute cycles: 487
Stall cycles: 0
Overall utilization: 22.18%
Mapping efficiency: 100.00%
Average IFMAP SRAM BW: 14.193 words/cycle
Average Filter SRAM BW: 16.821 words/cycle
Average OFMAP SRAM BW: 14.193 words/cycle
Average IFMAP DRAM BW: 6.583 words/cycle
Average Filter DRAM BW: 7.809 words/cycle
Average OFMAP DRAM BW: 64.000 words/cycle

Running Layer 593
Total cycles: 3025
Compute cycles: 975
Stall cycles: 0
Overall utilization: 22.15%
Mapping efficiency: 100.00%
Average IFMAP SRAM BW: 14.178 words/cycle
Average Filter SRAM BW: 16.804 words/cycle
Average OFMAP SRAM BW: 14.178 words/cycle
Average IFMAP DRAM BW: 8.783 words/cycle
Average Filter DRAM BW: 8.929 words/cycle
Average OFMAP DRAM BW: 64.000 words/cycle

Running Layer 594
Total cycles: 561
Compute cycles: 244
Stall cycles: 0
Overall utilization: 1.41%
Mapping efficiency: 6.25%
Average IFMAP SRAM BW: 0.902 words/cycle
Average Filter SRAM BW: 1.049 words/cycle
Average OFMAP SRAM BW: 14.426 words/cycle
Average IFMAP DRAM BW: 0.837 words/cycle
Average Filter DRAM BW: 0.973 words/cycle
Average OFMAP DRAM BW: 64.000 words/cycle

Running Layer 595
Total cycles: 861
Compute cycles: 489
Stall cycles: 0
Overall utilization: 1.41%
Mapping efficiency: 6.25%
Average IFMAP SRAM BW: 0.900 words/cycle
Average Filter SRAM BW: 1.047 words/cycle
Average OFMAP SRAM BW: 14.397 words/cycle
Average IFMAP DRAM BW: 0.837 words/cycle
Average Filter DRAM BW: 1.947 words/cycle
Average OFMAP DRAM BW: 64.000 words/cycle

Running Layer 596
Total cycles: 561
Compute cycles: 244
Stall cycles: 0
Overall utilization: 2.82%
Mapping efficiency: 12.50%
Average IFMAP SRAM BW: 1.803 words/cycle
Average Filter SRAM BW: 2.098 words/cycle
Average OFMAP SRAM BW: 14.426 words/cycle
Average IFMAP DRAM BW: 1.673 words/cycle
Average Filter DRAM BW: 1.947 words/cycle
Average OFMAP DRAM BW: 64.000 words/cycle

Running Layer 597
Total cycles: 861
Compute cycles: 489
Stall cycles: 0
Overall utilization: 2.81%
Mapping efficiency: 12.50%
Average IFMAP SRAM BW: 1.800 words/cycle
Average Filter SRAM BW: 2.094 words/cycle
Average OFMAP SRAM BW: 14.397 words/cycle
Average IFMAP DRAM BW: 1.673 words/cycle
Average Filter DRAM BW: 3.894 words/cycle
Average OFMAP DRAM BW: 64.000 words/cycle

Running Layer 598
Total cycles: 561
Compute cycles: 244
Stall cycles: 0
Overall utilization: 5.64%
Mapping efficiency: 25.00%
Average IFMAP SRAM BW: 3.607 words/cycle
Average Filter SRAM BW: 4.197 words/cycle
Average OFMAP SRAM BW: 14.426 words/cycle
Average IFMAP DRAM BW: 3.346 words/cycle
Average Filter DRAM BW: 3.894 words/cycle
Average OFMAP DRAM BW: 64.000 words/cycle

Running Layer 599
Total cycles: 861
Compute cycles: 489
Stall cycles: 0
Overall utilization: 5.62%
Mapping efficiency: 25.00%
Average IFMAP SRAM BW: 3.599 words/cycle
Average Filter SRAM BW: 4.188 words/cycle
Average OFMAP SRAM BW: 14.397 words/cycle
Average IFMAP DRAM BW: 3.346 words/cycle
Average Filter DRAM BW: 7.787 words/cycle
Average OFMAP DRAM BW: 64.000 words/cycle

Running Layer 600
Total cycles: 561
Compute cycles: 244
Stall cycles: 0
Overall utilization: 11.27%
Mapping efficiency: 50.00%
Average IFMAP SRAM BW: 7.213 words/cycle
Average Filter SRAM BW: 8.393 words/cycle
Average OFMAP SRAM BW: 14.426 words/cycle
Average IFMAP DRAM BW: 6.692 words/cycle
Average Filter DRAM BW: 7.787 words/cycle
Average OFMAP DRAM BW: 64.000 words/cycle

Running Layer 601
Total cycles: 1123
Compute cycles: 489
Stall cycles: 0
Overall utilization: 11.25%
Mapping efficiency: 50.00%
Average IFMAP SRAM BW: 7.198 words/cycle
Average Filter SRAM BW: 8.376 words/cycle
Average OFMAP SRAM BW: 14.397 words/cycle
Average IFMAP DRAM BW: 6.692 words/cycle
Average Filter DRAM BW: 7.802 words/cycle
Average OFMAP DRAM BW: 64.000 words/cycle

Running Layer 602
Total cycles: 823
Compute cycles: 244
Stall cycles: 0
Overall utilization: 22.54%
Mapping efficiency: 100.00%
Average IFMAP SRAM BW: 14.426 words/cycle
Average Filter SRAM BW: 16.787 words/cycle
Average OFMAP SRAM BW: 14.426 words/cycle
Average IFMAP DRAM BW: 6.705 words/cycle
Average Filter DRAM BW: 7.802 words/cycle
Average OFMAP DRAM BW: 64.000 words/cycle

Running Layer 603
Total cycles: 1647
Compute cycles: 489
Stall cycles: 0
Overall utilization: 22.49%
Mapping efficiency: 100.00%
Average IFMAP SRAM BW: 14.397 words/cycle
Average Filter SRAM BW: 16.753 words/cycle
Average OFMAP SRAM BW: 14.397 words/cycle
Average IFMAP DRAM BW: 6.705 words/cycle
Average Filter DRAM BW: 7.809 words/cycle
Average OFMAP DRAM BW: 64.000 words/cycle

Running Layer 604
Total cycles: 3033
Compute cycles: 979
Stall cycles: 0
Overall utilization: 22.47%
Mapping efficiency: 100.00%
Average IFMAP SRAM BW: 14.382 words/cycle
Average Filter SRAM BW: 16.735 words/cycle
Average OFMAP SRAM BW: 14.382 words/cycle
Average IFMAP DRAM BW: 8.945 words/cycle
Average Filter DRAM BW: 8.929 words/cycle
Average OFMAP DRAM BW: 64.000 words/cycle

Running Layer 605
Total cycles: 563
Compute cycles: 245
Stall cycles: 0
Overall utilization: 1.43%
Mapping efficiency: 6.25%
Average IFMAP SRAM BW: 0.914 words/cycle
Average Filter SRAM BW: 1.045 words/cycle
Average OFMAP SRAM BW: 14.629 words/cycle
Average IFMAP DRAM BW: 0.852 words/cycle
Average Filter DRAM BW: 0.973 words/cycle
Average OFMAP DRAM BW: 64.000 words/cycle

Running Layer 606
Total cycles: 865
Compute cycles: 491
Stall cycles: 0
Overall utilization: 1.43%
Mapping efficiency: 6.25%
Average IFMAP SRAM BW: 0.912 words/cycle
Average Filter SRAM BW: 1.043 words/cycle
Average OFMAP SRAM BW: 14.599 words/cycle
Average IFMAP DRAM BW: 0.852 words/cycle
Average Filter DRAM BW: 1.947 words/cycle
Average OFMAP DRAM BW: 64.000 words/cycle

Running Layer 607
Total cycles: 563
Compute cycles: 245
Stall cycles: 0
Overall utilization: 2.86%
Mapping efficiency: 12.50%
Average IFMAP SRAM BW: 1.829 words/cycle
Average Filter SRAM BW: 2.090 words/cycle
Average OFMAP SRAM BW: 14.629 words/cycle
Average IFMAP DRAM BW: 1.703 words/cycle
Average Filter DRAM BW: 1.947 words/cycle
Average OFMAP DRAM BW: 64.000 words/cycle

Running Layer 608
Total cycles: 865
Compute cycles: 491
Stall cycles: 0
Overall utilization: 2.85%
Mapping efficiency: 12.50%
Average IFMAP SRAM BW: 1.825 words/cycle
Average Filter SRAM BW: 2.086 words/cycle
Average OFMAP SRAM BW: 14.599 words/cycle
Average IFMAP DRAM BW: 1.703 words/cycle
Average Filter DRAM BW: 3.894 words/cycle
Average OFMAP DRAM BW: 64.000 words/cycle

Running Layer 609
Total cycles: 563
Compute cycles: 245
Stall cycles: 0
Overall utilization: 5.71%
Mapping efficiency: 25.00%
Average IFMAP SRAM BW: 3.657 words/cycle
Average Filter SRAM BW: 4.180 words/cycle
Average OFMAP SRAM BW: 14.629 words/cycle
Average IFMAP DRAM BW: 3.407 words/cycle
Average Filter DRAM BW: 3.894 words/cycle
Average OFMAP DRAM BW: 64.000 words/cycle

Running Layer 610
Total cycles: 865
Compute cycles: 491
Stall cycles: 0
Overall utilization: 5.70%
Mapping efficiency: 25.00%
Average IFMAP SRAM BW: 3.650 words/cycle
Average Filter SRAM BW: 4.171 words/cycle
Average OFMAP SRAM BW: 14.599 words/cycle
Average IFMAP DRAM BW: 3.407 words/cycle
Average Filter DRAM BW: 7.787 words/cycle
Average OFMAP DRAM BW: 64.000 words/cycle

Running Layer 611
Total cycles: 563
Compute cycles: 245
Stall cycles: 0
Overall utilization: 11.43%
Mapping efficiency: 50.00%
Average IFMAP SRAM BW: 7.314 words/cycle
Average Filter SRAM BW: 8.359 words/cycle
Average OFMAP SRAM BW: 14.629 words/cycle
Average IFMAP DRAM BW: 6.814 words/cycle
Average Filter DRAM BW: 7.787 words/cycle
Average OFMAP DRAM BW: 64.000 words/cycle

Running Layer 612
Total cycles: 1127
Compute cycles: 491
Stall cycles: 0
Overall utilization: 11.41%
Mapping efficiency: 50.00%
Average IFMAP SRAM BW: 7.299 words/cycle
Average Filter SRAM BW: 8.342 words/cycle
Average OFMAP SRAM BW: 14.599 words/cycle
Average IFMAP DRAM BW: 6.814 words/cycle
Average Filter DRAM BW: 7.802 words/cycle
Average OFMAP DRAM BW: 64.000 words/cycle

Running Layer 613
Total cycles: 825
Compute cycles: 245
Stall cycles: 0
Overall utilization: 22.86%
Mapping efficiency: 100.00%
Average IFMAP SRAM BW: 14.629 words/cycle
Average Filter SRAM BW: 16.718 words/cycle
Average OFMAP SRAM BW: 14.629 words/cycle
Average IFMAP DRAM BW: 6.827 words/cycle
Average Filter DRAM BW: 7.802 words/cycle
Average OFMAP DRAM BW: 64.000 words/cycle

Running Layer 614
Total cycles: 1651
Compute cycles: 491
Stall cycles: 0
Overall utilization: 22.81%
Mapping efficiency: 100.00%
Average IFMAP SRAM BW: 14.599 words/cycle
Average Filter SRAM BW: 16.684 words/cycle
Average OFMAP SRAM BW: 14.599 words/cycle
Average IFMAP DRAM BW: 6.827 words/cycle
Average Filter DRAM BW: 7.809 words/cycle
Average OFMAP DRAM BW: 64.000 words/cycle

Running Layer 615
Total cycles: 3041
Compute cycles: 983
Stall cycles: 0
Overall utilization: 22.79%
Mapping efficiency: 100.00%
Average IFMAP SRAM BW: 14.584 words/cycle
Average Filter SRAM BW: 16.667 words/cycle
Average OFMAP SRAM BW: 14.584 words/cycle
Average IFMAP DRAM BW: 9.108 words/cycle
Average Filter DRAM BW: 8.929 words/cycle
Average OFMAP DRAM BW: 64.000 words/cycle

Running Layer 616
Total cycles: 565
Compute cycles: 246
Stall cycles: 0
Overall utilization: 1.45%
Mapping efficiency: 6.25%
Average IFMAP SRAM BW: 0.927 words/cycle
Average Filter SRAM BW: 1.041 words/cycle
Average OFMAP SRAM BW: 14.829 words/cycle
Average IFMAP DRAM BW: 0.867 words/cycle
Average Filter DRAM BW: 0.973 words/cycle
Average OFMAP DRAM BW: 64.000 words/cycle

Running Layer 617
Total cycles: 869
Compute cycles: 493
Stall cycles: 0
Overall utilization: 1.45%
Mapping efficiency: 6.25%
Average IFMAP SRAM BW: 0.925 words/cycle
Average Filter SRAM BW: 1.039 words/cycle
Average OFMAP SRAM BW: 14.799 words/cycle
Average IFMAP DRAM BW: 0.867 words/cycle
Average Filter DRAM BW: 1.947 words/cycle
Average OFMAP DRAM BW: 64.000 words/cycle

Running Layer 618
Total cycles: 565
Compute cycles: 246
Stall cycles: 0
Overall utilization: 2.90%
Mapping efficiency: 12.50%
Average IFMAP SRAM BW: 1.854 words/cycle
Average Filter SRAM BW: 2.081 words/cycle
Average OFMAP SRAM BW: 14.829 words/cycle
Average IFMAP DRAM BW: 1.734 words/cycle
Average Filter DRAM BW: 1.947 words/cycle
Average OFMAP DRAM BW: 64.000 words/cycle

Running Layer 619
Total cycles: 869
Compute cycles: 493
Stall cycles: 0
Overall utilization: 2.89%
Mapping efficiency: 12.50%
Average IFMAP SRAM BW: 1.850 words/cycle
Average Filter SRAM BW: 2.077 words/cycle
Average OFMAP SRAM BW: 14.799 words/cycle
Average IFMAP DRAM BW: 1.734 words/cycle
Average Filter DRAM BW: 3.894 words/cycle
Average OFMAP DRAM BW: 64.000 words/cycle

Running Layer 620
Total cycles: 565
Compute cycles: 246
Stall cycles: 0
Overall utilization: 5.79%
Mapping efficiency: 25.00%
Average IFMAP SRAM BW: 3.707 words/cycle
Average Filter SRAM BW: 4.163 words/cycle
Average OFMAP SRAM BW: 14.829 words/cycle
Average IFMAP DRAM BW: 3.468 words/cycle
Average Filter DRAM BW: 3.894 words/cycle
Average OFMAP DRAM BW: 64.000 words/cycle

Running Layer 621
Total cycles: 869
Compute cycles: 493
Stall cycles: 0
Overall utilization: 5.78%
Mapping efficiency: 25.00%
Average IFMAP SRAM BW: 3.700 words/cycle
Average Filter SRAM BW: 4.154 words/cycle
Average OFMAP SRAM BW: 14.799 words/cycle
Average IFMAP DRAM BW: 3.468 words/cycle
Average Filter DRAM BW: 7.787 words/cycle
Average OFMAP DRAM BW: 64.000 words/cycle

Running Layer 622
Total cycles: 565
Compute cycles: 246
Stall cycles: 0
Overall utilization: 11.59%
Mapping efficiency: 50.00%
Average IFMAP SRAM BW: 7.415 words/cycle
Average Filter SRAM BW: 8.325 words/cycle
Average OFMAP SRAM BW: 14.829 words/cycle
Average IFMAP DRAM BW: 6.935 words/cycle
Average Filter DRAM BW: 7.787 words/cycle
Average OFMAP DRAM BW: 64.000 words/cycle

Running Layer 623
Total cycles: 1131
Compute cycles: 493
Stall cycles: 0
Overall utilization: 11.56%
Mapping efficiency: 50.00%
Average IFMAP SRAM BW: 7.400 words/cycle
Average Filter SRAM BW: 8.308 words/cycle
Average OFMAP SRAM BW: 14.799 words/cycle
Average IFMAP DRAM BW: 6.935 words/cycle
Average Filter DRAM BW: 7.802 words/cycle
Average OFMAP DRAM BW: 64.000 words/cycle

Running Layer 624
Total cycles: 827
Compute cycles: 246
Stall cycles: 0
Overall utilization: 23.17%
Mapping efficiency: 100.00%
Average IFMAP SRAM BW: 14.829 words/cycle
Average Filter SRAM BW: 16.650 words/cycle
Average OFMAP SRAM BW: 14.829 words/cycle
Average IFMAP DRAM BW: 6.949 words/cycle
Average Filter DRAM BW: 7.802 words/cycle
Average OFMAP DRAM BW: 64.000 words/cycle

Running Layer 625
Total cycles: 1655
Compute cycles: 493
Stall cycles: 0
Overall utilization: 23.12%
Mapping efficiency: 100.00%
Average IFMAP SRAM BW: 14.799 words/cycle
Average Filter SRAM BW: 16.617 words/cycle
Average OFMAP SRAM BW: 14.799 words/cycle
Average IFMAP DRAM BW: 6.949 words/cycle
Average Filter DRAM BW: 7.809 words/cycle
Average OFMAP DRAM BW: 64.000 words/cycle

Running Layer 626
Total cycles: 3049
Compute cycles: 987
Stall cycles: 0
Overall utilization: 23.10%
Mapping efficiency: 100.00%
Average IFMAP SRAM BW: 14.784 words/cycle
Average Filter SRAM BW: 16.600 words/cycle
Average OFMAP SRAM BW: 14.784 words/cycle
Average IFMAP DRAM BW: 9.271 words/cycle
Average Filter DRAM BW: 8.929 words/cycle
Average OFMAP DRAM BW: 64.000 words/cycle

Running Layer 627
Total cycles: 567
Compute cycles: 247
Stall cycles: 0
Overall utilization: 1.47%
Mapping efficiency: 6.25%
Average IFMAP SRAM BW: 0.939 words/cycle
Average Filter SRAM BW: 1.036 words/cycle
Average OFMAP SRAM BW: 15.028 words/cycle
Average IFMAP DRAM BW: 0.882 words/cycle
Average Filter DRAM BW: 0.973 words/cycle
Average OFMAP DRAM BW: 64.000 words/cycle

Running Layer 628
Total cycles: 873
Compute cycles: 495
Stall cycles: 0
Overall utilization: 1.46%
Mapping efficiency: 6.25%
Average IFMAP SRAM BW: 0.937 words/cycle
Average Filter SRAM BW: 1.034 words/cycle
Average OFMAP SRAM BW: 14.998 words/cycle
Average IFMAP DRAM BW: 0.882 words/cycle
Average Filter DRAM BW: 1.947 words/cycle
Average OFMAP DRAM BW: 64.000 words/cycle

Running Layer 629
Total cycles: 567
Compute cycles: 247
Stall cycles: 0
Overall utilization: 2.94%
Mapping efficiency: 12.50%
Average IFMAP SRAM BW: 1.879 words/cycle
Average Filter SRAM BW: 2.073 words/cycle
Average OFMAP SRAM BW: 15.028 words/cycle
Average IFMAP DRAM BW: 1.764 words/cycle
Average Filter DRAM BW: 1.947 words/cycle
Average OFMAP DRAM BW: 64.000 words/cycle

Running Layer 630
Total cycles: 873
Compute cycles: 495
Stall cycles: 0
Overall utilization: 2.93%
Mapping efficiency: 12.50%
Average IFMAP SRAM BW: 1.875 words/cycle
Average Filter SRAM BW: 2.069 words/cycle
Average OFMAP SRAM BW: 14.998 words/cycle
Average IFMAP DRAM BW: 1.764 words/cycle
Average Filter DRAM BW: 3.894 words/cycle
Average OFMAP DRAM BW: 64.000 words/cycle

Running Layer 631
Total cycles: 567
Compute cycles: 247
Stall cycles: 0
Overall utilization: 5.87%
Mapping efficiency: 25.00%
Average IFMAP SRAM BW: 3.757 words/cycle
Average Filter SRAM BW: 4.146 words/cycle
Average OFMAP SRAM BW: 15.028 words/cycle
Average IFMAP DRAM BW: 3.529 words/cycle
Average Filter DRAM BW: 3.894 words/cycle
Average OFMAP DRAM BW: 64.000 words/cycle

Running Layer 632
Total cycles: 873
Compute cycles: 495
Stall cycles: 0
Overall utilization: 5.86%
Mapping efficiency: 25.00%
Average IFMAP SRAM BW: 3.749 words/cycle
Average Filter SRAM BW: 4.137 words/cycle
Average OFMAP SRAM BW: 14.998 words/cycle
Average IFMAP DRAM BW: 3.529 words/cycle
Average Filter DRAM BW: 7.787 words/cycle
Average OFMAP DRAM BW: 64.000 words/cycle

Running Layer 633
Total cycles: 567
Compute cycles: 247
Stall cycles: 0
Overall utilization: 11.74%
Mapping efficiency: 50.00%
Average IFMAP SRAM BW: 7.514 words/cycle
Average Filter SRAM BW: 8.291 words/cycle
Average OFMAP SRAM BW: 15.028 words/cycle
Average IFMAP DRAM BW: 7.057 words/cycle
Average Filter DRAM BW: 7.787 words/cycle
Average OFMAP DRAM BW: 64.000 words/cycle

Running Layer 634
Total cycles: 1135
Compute cycles: 495
Stall cycles: 0
Overall utilization: 11.72%
Mapping efficiency: 50.00%
Average IFMAP SRAM BW: 7.499 words/cycle
Average Filter SRAM BW: 8.275 words/cycle
Average OFMAP SRAM BW: 14.998 words/cycle
Average IFMAP DRAM BW: 7.057 words/cycle
Average Filter DRAM BW: 7.802 words/cycle
Average OFMAP DRAM BW: 64.000 words/cycle

Running Layer 635
Total cycles: 829
Compute cycles: 247
Stall cycles: 0
Overall utilization: 23.48%
Mapping efficiency: 100.00%
Average IFMAP SRAM BW: 15.028 words/cycle
Average Filter SRAM BW: 16.583 words/cycle
Average OFMAP SRAM BW: 15.028 words/cycle
Average IFMAP DRAM BW: 7.070 words/cycle
Average Filter DRAM BW: 7.802 words/cycle
Average OFMAP DRAM BW: 64.000 words/cycle

Running Layer 636
Total cycles: 1659
Compute cycles: 495
Stall cycles: 0
Overall utilization: 23.43%
Mapping efficiency: 100.00%
Average IFMAP SRAM BW: 14.998 words/cycle
Average Filter SRAM BW: 16.549 words/cycle
Average OFMAP SRAM BW: 14.998 words/cycle
Average IFMAP DRAM BW: 7.070 words/cycle
Average Filter DRAM BW: 7.809 words/cycle
Average OFMAP DRAM BW: 64.000 words/cycle

Running Layer 637
Total cycles: 3057
Compute cycles: 991
Stall cycles: 0
Overall utilization: 23.41%
Mapping efficiency: 100.00%
Average IFMAP SRAM BW: 14.983 words/cycle
Average Filter SRAM BW: 16.533 words/cycle
Average OFMAP SRAM BW: 14.983 words/cycle
Average IFMAP DRAM BW: 9.433 words/cycle
Average Filter DRAM BW: 8.929 words/cycle
Average OFMAP DRAM BW: 64.000 words/cycle

Running Layer 638
Total cycles: 569
Compute cycles: 248
Stall cycles: 0
Overall utilization: 1.49%
Mapping efficiency: 6.25%
Average IFMAP SRAM BW: 0.952 words/cycle
Average Filter SRAM BW: 1.032 words/cycle
Average OFMAP SRAM BW: 15.226 words/cycle
Average IFMAP DRAM BW: 0.897 words/cycle
Average Filter DRAM BW: 0.973 words/cycle
Average OFMAP DRAM BW: 64.000 words/cycle

Running Layer 639
Total cycles: 877
Compute cycles: 497
Stall cycles: 0
Overall utilization: 1.48%
Mapping efficiency: 6.25%
Average IFMAP SRAM BW: 0.950 words/cycle
Average Filter SRAM BW: 1.030 words/cycle
Average OFMAP SRAM BW: 15.195 words/cycle
Average IFMAP DRAM BW: 0.897 words/cycle
Average Filter DRAM BW: 1.947 words/cycle
Average OFMAP DRAM BW: 64.000 words/cycle

Running Layer 640
Total cycles: 569
Compute cycles: 248
Stall cycles: 0
Overall utilization: 2.97%
Mapping efficiency: 12.50%
Average IFMAP SRAM BW: 1.903 words/cycle
Average Filter SRAM BW: 2.065 words/cycle
Average OFMAP SRAM BW: 15.226 words/cycle
Average IFMAP DRAM BW: 1.795 words/cycle
Average Filter DRAM BW: 1.947 words/cycle
Average OFMAP DRAM BW: 64.000 words/cycle

Running Layer 641
Total cycles: 877
Compute cycles: 497
Stall cycles: 0
Overall utilization: 2.97%
Mapping efficiency: 12.50%
Average IFMAP SRAM BW: 1.899 words/cycle
Average Filter SRAM BW: 2.060 words/cycle
Average OFMAP SRAM BW: 15.195 words/cycle
Average IFMAP DRAM BW: 1.795 words/cycle
Average Filter DRAM BW: 3.894 words/cycle
Average OFMAP DRAM BW: 64.000 words/cycle

Running Layer 642
Total cycles: 569
Compute cycles: 248
Stall cycles: 0
Overall utilization: 5.95%
Mapping efficiency: 25.00%
Average IFMAP SRAM BW: 3.806 words/cycle
Average Filter SRAM BW: 4.129 words/cycle
Average OFMAP SRAM BW: 15.226 words/cycle
Average IFMAP DRAM BW: 3.589 words/cycle
Average Filter DRAM BW: 3.894 words/cycle
Average OFMAP DRAM BW: 64.000 words/cycle

Running Layer 643
Total cycles: 877
Compute cycles: 497
Stall cycles: 0
Overall utilization: 5.94%
Mapping efficiency: 25.00%
Average IFMAP SRAM BW: 3.799 words/cycle
Average Filter SRAM BW: 4.121 words/cycle
Average OFMAP SRAM BW: 15.195 words/cycle
Average IFMAP DRAM BW: 3.589 words/cycle
Average Filter DRAM BW: 7.787 words/cycle
Average OFMAP DRAM BW: 64.000 words/cycle

Running Layer 644
Total cycles: 569
Compute cycles: 248
Stall cycles: 0
Overall utilization: 11.90%
Mapping efficiency: 50.00%
Average IFMAP SRAM BW: 7.613 words/cycle
Average Filter SRAM BW: 8.258 words/cycle
Average OFMAP SRAM BW: 15.226 words/cycle
Average IFMAP DRAM BW: 7.179 words/cycle
Average Filter DRAM BW: 7.787 words/cycle
Average OFMAP DRAM BW: 64.000 words/cycle

Running Layer 645
Total cycles: 1139
Compute cycles: 497
Stall cycles: 0
Overall utilization: 11.87%
Mapping efficiency: 50.00%
Average IFMAP SRAM BW: 7.598 words/cycle
Average Filter SRAM BW: 8.241 words/cycle
Average OFMAP SRAM BW: 15.195 words/cycle
Average IFMAP DRAM BW: 7.179 words/cycle
Average Filter DRAM BW: 7.802 words/cycle
Average OFMAP DRAM BW: 64.000 words/cycle

Running Layer 646
Total cycles: 831
Compute cycles: 248
Stall cycles: 0
Overall utilization: 23.79%
Mapping efficiency: 100.00%
Average IFMAP SRAM BW: 15.226 words/cycle
Average Filter SRAM BW: 16.516 words/cycle
Average OFMAP SRAM BW: 15.226 words/cycle
Average IFMAP DRAM BW: 7.192 words/cycle
Average Filter DRAM BW: 7.802 words/cycle
Average OFMAP DRAM BW: 64.000 words/cycle

Running Layer 647
Total cycles: 1663
Compute cycles: 497
Stall cycles: 0
Overall utilization: 23.74%
Mapping efficiency: 100.00%
Average IFMAP SRAM BW: 15.195 words/cycle
Average Filter SRAM BW: 16.483 words/cycle
Average OFMAP SRAM BW: 15.195 words/cycle
Average IFMAP DRAM BW: 7.192 words/cycle
Average Filter DRAM BW: 7.809 words/cycle
Average OFMAP DRAM BW: 64.000 words/cycle

Running Layer 648
Total cycles: 3065
Compute cycles: 995
Stall cycles: 0
Overall utilization: 23.72%
Mapping efficiency: 100.00%
Average IFMAP SRAM BW: 15.180 words/cycle
Average Filter SRAM BW: 16.466 words/cycle
Average OFMAP SRAM BW: 15.180 words/cycle
Average IFMAP DRAM BW: 9.596 words/cycle
Average Filter DRAM BW: 8.929 words/cycle
Average OFMAP DRAM BW: 64.000 words/cycle

Running Layer 649
Total cycles: 571
Compute cycles: 249
Stall cycles: 0
Overall utilization: 1.51%
Mapping efficiency: 6.25%
Average IFMAP SRAM BW: 0.964 words/cycle
Average Filter SRAM BW: 1.028 words/cycle
Average OFMAP SRAM BW: 15.422 words/cycle
Average IFMAP DRAM BW: 0.913 words/cycle
Average Filter DRAM BW: 0.973 words/cycle
Average OFMAP DRAM BW: 64.000 words/cycle

Running Layer 650
Total cycles: 881
Compute cycles: 499
Stall cycles: 0
Overall utilization: 1.50%
Mapping efficiency: 6.25%
Average IFMAP SRAM BW: 0.962 words/cycle
Average Filter SRAM BW: 1.026 words/cycle
Average OFMAP SRAM BW: 15.391 words/cycle
Average IFMAP DRAM BW: 0.913 words/cycle
Average Filter DRAM BW: 1.947 words/cycle
Average OFMAP DRAM BW: 64.000 words/cycle

Running Layer 651
Total cycles: 571
Compute cycles: 249
Stall cycles: 0
Overall utilization: 3.01%
Mapping efficiency: 12.50%
Average IFMAP SRAM BW: 1.928 words/cycle
Average Filter SRAM BW: 2.056 words/cycle
Average OFMAP SRAM BW: 15.422 words/cycle
Average IFMAP DRAM BW: 1.825 words/cycle
Average Filter DRAM BW: 1.947 words/cycle
Average OFMAP DRAM BW: 64.000 words/cycle

Running Layer 652
Total cycles: 881
Compute cycles: 499
Stall cycles: 0
Overall utilization: 3.01%
Mapping efficiency: 12.50%
Average IFMAP SRAM BW: 1.924 words/cycle
Average Filter SRAM BW: 2.052 words/cycle
Average OFMAP SRAM BW: 15.391 words/cycle
Average IFMAP DRAM BW: 1.825 words/cycle
Average Filter DRAM BW: 3.894 words/cycle
Average OFMAP DRAM BW: 64.000 words/cycle

Running Layer 653
Total cycles: 571
Compute cycles: 249
Stall cycles: 0
Overall utilization: 6.02%
Mapping efficiency: 25.00%
Average IFMAP SRAM BW: 3.855 words/cycle
Average Filter SRAM BW: 4.112 words/cycle
Average OFMAP SRAM BW: 15.422 words/cycle
Average IFMAP DRAM BW: 3.650 words/cycle
Average Filter DRAM BW: 3.894 words/cycle
Average OFMAP DRAM BW: 64.000 words/cycle

Running Layer 654
Total cycles: 881
Compute cycles: 499
Stall cycles: 0
Overall utilization: 6.01%
Mapping efficiency: 25.00%
Average IFMAP SRAM BW: 3.848 words/cycle
Average Filter SRAM BW: 4.104 words/cycle
Average OFMAP SRAM BW: 15.391 words/cycle
Average IFMAP DRAM BW: 3.650 words/cycle
Average Filter DRAM BW: 7.787 words/cycle
Average OFMAP DRAM BW: 64.000 words/cycle

Running Layer 655
Total cycles: 571
Compute cycles: 249
Stall cycles: 0
Overall utilization: 12.05%
Mapping efficiency: 50.00%
Average IFMAP SRAM BW: 7.711 words/cycle
Average Filter SRAM BW: 8.225 words/cycle
Average OFMAP SRAM BW: 15.422 words/cycle
Average IFMAP DRAM BW: 7.300 words/cycle
Average Filter DRAM BW: 7.787 words/cycle
Average OFMAP DRAM BW: 64.000 words/cycle

Running Layer 656
Total cycles: 1143
Compute cycles: 499
Stall cycles: 0
Overall utilization: 12.02%
Mapping efficiency: 50.00%
Average IFMAP SRAM BW: 7.695 words/cycle
Average Filter SRAM BW: 8.208 words/cycle
Average OFMAP SRAM BW: 15.391 words/cycle
Average IFMAP DRAM BW: 7.300 words/cycle
Average Filter DRAM BW: 7.802 words/cycle
Average OFMAP DRAM BW: 64.000 words/cycle

Running Layer 657
Total cycles: 833
Compute cycles: 249
Stall cycles: 0
Overall utilization: 24.10%
Mapping efficiency: 100.00%
Average IFMAP SRAM BW: 15.422 words/cycle
Average Filter SRAM BW: 16.450 words/cycle
Average OFMAP SRAM BW: 15.422 words/cycle
Average IFMAP DRAM BW: 7.314 words/cycle
Average Filter DRAM BW: 7.802 words/cycle
Average OFMAP DRAM BW: 64.000 words/cycle

Running Layer 658
Total cycles: 1667
Compute cycles: 499
Stall cycles: 0
Overall utilization: 24.05%
Mapping efficiency: 100.00%
Average IFMAP SRAM BW: 15.391 words/cycle
Average Filter SRAM BW: 16.417 words/cycle
Average OFMAP SRAM BW: 15.391 words/cycle
Average IFMAP DRAM BW: 7.314 words/cycle
Average Filter DRAM BW: 7.809 words/cycle
Average OFMAP DRAM BW: 64.000 words/cycle

Running Layer 659
Total cycles: 3073
Compute cycles: 999
Stall cycles: 0
Overall utilization: 24.02%
Mapping efficiency: 100.00%
Average IFMAP SRAM BW: 15.375 words/cycle
Average Filter SRAM BW: 16.400 words/cycle
Average OFMAP SRAM BW: 15.375 words/cycle
Average IFMAP DRAM BW: 9.759 words/cycle
Average Filter DRAM BW: 8.929 words/cycle
Average OFMAP DRAM BW: 64.000 words/cycle

Running Layer 660
Total cycles: 573
Compute cycles: 250
Stall cycles: 0
Overall utilization: 1.52%
Mapping efficiency: 6.25%
Average IFMAP SRAM BW: 0.976 words/cycle
Average Filter SRAM BW: 1.024 words/cycle
Average OFMAP SRAM BW: 15.616 words/cycle
Average IFMAP DRAM BW: 0.928 words/cycle
Average Filter DRAM BW: 0.973 words/cycle
Average OFMAP DRAM BW: 64.000 words/cycle

Running Layer 661
Total cycles: 885
Compute cycles: 501
Stall cycles: 0
Overall utilization: 1.52%
Mapping efficiency: 6.25%
Average IFMAP SRAM BW: 0.974 words/cycle
Average Filter SRAM BW: 1.022 words/cycle
Average OFMAP SRAM BW: 15.585 words/cycle
Average IFMAP DRAM BW: 0.928 words/cycle
Average Filter DRAM BW: 1.947 words/cycle
Average OFMAP DRAM BW: 64.000 words/cycle

Running Layer 662
Total cycles: 573
Compute cycles: 250
Stall cycles: 0
Overall utilization: 3.05%
Mapping efficiency: 12.50%
Average IFMAP SRAM BW: 1.952 words/cycle
Average Filter SRAM BW: 2.048 words/cycle
Average OFMAP SRAM BW: 15.616 words/cycle
Average IFMAP DRAM BW: 1.856 words/cycle
Average Filter DRAM BW: 1.947 words/cycle
Average OFMAP DRAM BW: 64.000 words/cycle

Running Layer 663
Total cycles: 885
Compute cycles: 501
Stall cycles: 0
Overall utilization: 3.04%
Mapping efficiency: 12.50%
Average IFMAP SRAM BW: 1.948 words/cycle
Average Filter SRAM BW: 2.044 words/cycle
Average OFMAP SRAM BW: 15.585 words/cycle
Average IFMAP DRAM BW: 1.856 words/cycle
Average Filter DRAM BW: 3.894 words/cycle
Average OFMAP DRAM BW: 64.000 words/cycle

Running Layer 664
Total cycles: 573
Compute cycles: 250
Stall cycles: 0
Overall utilization: 6.10%
Mapping efficiency: 25.00%
Average IFMAP SRAM BW: 3.904 words/cycle
Average Filter SRAM BW: 4.096 words/cycle
Average OFMAP SRAM BW: 15.616 words/cycle
Average IFMAP DRAM BW: 3.711 words/cycle
Average Filter DRAM BW: 3.894 words/cycle
Average OFMAP DRAM BW: 64.000 words/cycle

Running Layer 665
Total cycles: 885
Compute cycles: 501
Stall cycles: 0
Overall utilization: 6.09%
Mapping efficiency: 25.00%
Average IFMAP SRAM BW: 3.896 words/cycle
Average Filter SRAM BW: 4.088 words/cycle
Average OFMAP SRAM BW: 15.585 words/cycle
Average IFMAP DRAM BW: 3.711 words/cycle
Average Filter DRAM BW: 7.787 words/cycle
Average OFMAP DRAM BW: 64.000 words/cycle

Running Layer 666
Total cycles: 573
Compute cycles: 250
Stall cycles: 0
Overall utilization: 12.20%
Mapping efficiency: 50.00%
Average IFMAP SRAM BW: 7.808 words/cycle
Average Filter SRAM BW: 8.192 words/cycle
Average OFMAP SRAM BW: 15.616 words/cycle
Average IFMAP DRAM BW: 7.422 words/cycle
Average Filter DRAM BW: 7.787 words/cycle
Average OFMAP DRAM BW: 64.000 words/cycle

Running Layer 667
Total cycles: 1147
Compute cycles: 501
Stall cycles: 0
Overall utilization: 12.18%
Mapping efficiency: 50.00%
Average IFMAP SRAM BW: 7.792 words/cycle
Average Filter SRAM BW: 8.176 words/cycle
Average OFMAP SRAM BW: 15.585 words/cycle
Average IFMAP DRAM BW: 7.422 words/cycle
Average Filter DRAM BW: 7.802 words/cycle
Average OFMAP DRAM BW: 64.000 words/cycle

Running Layer 668
Total cycles: 835
Compute cycles: 250
Stall cycles: 0
Overall utilization: 24.40%
Mapping efficiency: 100.00%
Average IFMAP SRAM BW: 15.616 words/cycle
Average Filter SRAM BW: 16.384 words/cycle
Average OFMAP SRAM BW: 15.616 words/cycle
Average IFMAP DRAM BW: 7.436 words/cycle
Average Filter DRAM BW: 7.802 words/cycle
Average OFMAP DRAM BW: 64.000 words/cycle

Running Layer 669
Total cycles: 1671
Compute cycles: 501
Stall cycles: 0
Overall utilization: 24.35%
Mapping efficiency: 100.00%
Average IFMAP SRAM BW: 15.585 words/cycle
Average Filter SRAM BW: 16.351 words/cycle
Average OFMAP SRAM BW: 15.585 words/cycle
Average IFMAP DRAM BW: 7.436 words/cycle
Average Filter DRAM BW: 7.809 words/cycle
Average OFMAP DRAM BW: 64.000 words/cycle

Running Layer 670
Total cycles: 3081
Compute cycles: 1003
Stall cycles: 0
Overall utilization: 24.33%
Mapping efficiency: 100.00%
Average IFMAP SRAM BW: 15.569 words/cycle
Average Filter SRAM BW: 16.335 words/cycle
Average OFMAP SRAM BW: 15.569 words/cycle
Average IFMAP DRAM BW: 9.921 words/cycle
Average Filter DRAM BW: 8.929 words/cycle
Average OFMAP DRAM BW: 64.000 words/cycle

Running Layer 671
Total cycles: 575
Compute cycles: 251
Stall cycles: 0
Overall utilization: 1.54%
Mapping efficiency: 6.25%
Average IFMAP SRAM BW: 0.988 words/cycle
Average Filter SRAM BW: 1.020 words/cycle
Average OFMAP SRAM BW: 15.809 words/cycle
Average IFMAP DRAM BW: 0.943 words/cycle
Average Filter DRAM BW: 0.973 words/cycle
Average OFMAP DRAM BW: 64.000 words/cycle

Running Layer 672
Total cycles: 889
Compute cycles: 503
Stall cycles: 0
Overall utilization: 1.54%
Mapping efficiency: 6.25%
Average IFMAP SRAM BW: 0.986 words/cycle
Average Filter SRAM BW: 1.018 words/cycle
Average OFMAP SRAM BW: 15.777 words/cycle
Average IFMAP DRAM BW: 0.943 words/cycle
Average Filter DRAM BW: 1.947 words/cycle
Average OFMAP DRAM BW: 64.000 words/cycle

Running Layer 673
Total cycles: 575
Compute cycles: 251
Stall cycles: 0
Overall utilization: 3.09%
Mapping efficiency: 12.50%
Average IFMAP SRAM BW: 1.976 words/cycle
Average Filter SRAM BW: 2.040 words/cycle
Average OFMAP SRAM BW: 15.809 words/cycle
Average IFMAP DRAM BW: 1.886 words/cycle
Average Filter DRAM BW: 1.947 words/cycle
Average OFMAP DRAM BW: 64.000 words/cycle

Running Layer 674
Total cycles: 889
Compute cycles: 503
Stall cycles: 0
Overall utilization: 3.08%
Mapping efficiency: 12.50%
Average IFMAP SRAM BW: 1.972 words/cycle
Average Filter SRAM BW: 2.036 words/cycle
Average OFMAP SRAM BW: 15.777 words/cycle
Average IFMAP DRAM BW: 1.886 words/cycle
Average Filter DRAM BW: 3.894 words/cycle
Average OFMAP DRAM BW: 64.000 words/cycle

Running Layer 675
Total cycles: 575
Compute cycles: 251
Stall cycles: 0
Overall utilization: 6.18%
Mapping efficiency: 25.00%
Average IFMAP SRAM BW: 3.952 words/cycle
Average Filter SRAM BW: 4.080 words/cycle
Average OFMAP SRAM BW: 15.809 words/cycle
Average IFMAP DRAM BW: 3.772 words/cycle
Average Filter DRAM BW: 3.894 words/cycle
Average OFMAP DRAM BW: 64.000 words/cycle

Running Layer 676
Total cycles: 889
Compute cycles: 503
Stall cycles: 0
Overall utilization: 6.16%
Mapping efficiency: 25.00%
Average IFMAP SRAM BW: 3.944 words/cycle
Average Filter SRAM BW: 4.072 words/cycle
Average OFMAP SRAM BW: 15.777 words/cycle
Average IFMAP DRAM BW: 3.772 words/cycle
Average Filter DRAM BW: 7.787 words/cycle
Average OFMAP DRAM BW: 64.000 words/cycle

Running Layer 677
Total cycles: 575
Compute cycles: 251
Stall cycles: 0
Overall utilization: 12.35%
Mapping efficiency: 50.00%
Average IFMAP SRAM BW: 7.904 words/cycle
Average Filter SRAM BW: 8.159 words/cycle
Average OFMAP SRAM BW: 15.809 words/cycle
Average IFMAP DRAM BW: 7.544 words/cycle
Average Filter DRAM BW: 7.787 words/cycle
Average OFMAP DRAM BW: 64.000 words/cycle

Running Layer 678
Total cycles: 1151
Compute cycles: 503
Stall cycles: 0
Overall utilization: 12.33%
Mapping efficiency: 50.00%
Average IFMAP SRAM BW: 7.889 words/cycle
Average Filter SRAM BW: 8.143 words/cycle
Average OFMAP SRAM BW: 15.777 words/cycle
Average IFMAP DRAM BW: 7.544 words/cycle
Average Filter DRAM BW: 7.802 words/cycle
Average OFMAP DRAM BW: 64.000 words/cycle

Running Layer 679
Total cycles: 837
Compute cycles: 251
Stall cycles: 0
Overall utilization: 24.70%
Mapping efficiency: 100.00%
Average IFMAP SRAM BW: 15.809 words/cycle
Average Filter SRAM BW: 16.319 words/cycle
Average OFMAP SRAM BW: 15.809 words/cycle
Average IFMAP DRAM BW: 7.558 words/cycle
Average Filter DRAM BW: 7.802 words/cycle
Average OFMAP DRAM BW: 64.000 words/cycle

Running Layer 680
Total cycles: 1675
Compute cycles: 503
Stall cycles: 0
Overall utilization: 24.65%
Mapping efficiency: 100.00%
Average IFMAP SRAM BW: 15.777 words/cycle
Average Filter SRAM BW: 16.286 words/cycle
Average OFMAP SRAM BW: 15.777 words/cycle
Average IFMAP DRAM BW: 7.558 words/cycle
Average Filter DRAM BW: 7.809 words/cycle
Average OFMAP DRAM BW: 64.000 words/cycle

Running Layer 681
Total cycles: 3089
Compute cycles: 1007
Stall cycles: 0
Overall utilization: 24.63%
Mapping efficiency: 100.00%
Average IFMAP SRAM BW: 15.762 words/cycle
Average Filter SRAM BW: 16.270 words/cycle
Average OFMAP SRAM BW: 15.762 words/cycle
Average IFMAP DRAM BW: 7.565 words/cycle
Average Filter DRAM BW: 8.929 words/cycle
Average OFMAP DRAM BW: 64.000 words/cycle

Running Layer 682
Total cycles: 577
Compute cycles: 252
Stall cycles: 0
Overall utilization: 1.56%
Mapping efficiency: 6.25%
Average IFMAP SRAM BW: 1.000 words/cycle
Average Filter SRAM BW: 1.016 words/cycle
Average OFMAP SRAM BW: 16.000 words/cycle
Average IFMAP DRAM BW: 0.958 words/cycle
Average Filter DRAM BW: 0.973 words/cycle
Average OFMAP DRAM BW: 64.000 words/cycle

Running Layer 683
Total cycles: 893
Compute cycles: 505
Stall cycles: 0
Overall utilization: 1.56%
Mapping efficiency: 6.25%
Average IFMAP SRAM BW: 0.998 words/cycle
Average Filter SRAM BW: 1.014 words/cycle
Average OFMAP SRAM BW: 15.968 words/cycle
Average IFMAP DRAM BW: 0.958 words/cycle
Average Filter DRAM BW: 1.947 words/cycle
Average OFMAP DRAM BW: 64.000 words/cycle

Running Layer 684
Total cycles: 577
Compute cycles: 252
Stall cycles: 0
Overall utilization: 3.12%
Mapping efficiency: 12.50%
Average IFMAP SRAM BW: 2.000 words/cycle
Average Filter SRAM BW: 2.032 words/cycle
Average OFMAP SRAM BW: 16.000 words/cycle
Average IFMAP DRAM BW: 1.916 words/cycle
Average Filter DRAM BW: 1.947 words/cycle
Average OFMAP DRAM BW: 64.000 words/cycle

Running Layer 685
Total cycles: 893
Compute cycles: 505
Stall cycles: 0
Overall utilization: 3.12%
Mapping efficiency: 12.50%
Average IFMAP SRAM BW: 1.996 words/cycle
Average Filter SRAM BW: 2.028 words/cycle
Average OFMAP SRAM BW: 15.968 words/cycle
Average IFMAP DRAM BW: 1.916 words/cycle
Average Filter DRAM BW: 3.894 words/cycle
Average OFMAP DRAM BW: 64.000 words/cycle

Running Layer 686
Total cycles: 577
Compute cycles: 252
Stall cycles: 0
Overall utilization: 6.25%
Mapping efficiency: 25.00%
Average IFMAP SRAM BW: 4.000 words/cycle
Average Filter SRAM BW: 4.063 words/cycle
Average OFMAP SRAM BW: 16.000 words/cycle
Average IFMAP DRAM BW: 3.833 words/cycle
Average Filter DRAM BW: 3.894 words/cycle
Average OFMAP DRAM BW: 64.000 words/cycle

Running Layer 687
Total cycles: 893
Compute cycles: 505
Stall cycles: 0
Overall utilization: 6.24%
Mapping efficiency: 25.00%
Average IFMAP SRAM BW: 3.992 words/cycle
Average Filter SRAM BW: 4.055 words/cycle
Average OFMAP SRAM BW: 15.968 words/cycle
Average IFMAP DRAM BW: 3.833 words/cycle
Average Filter DRAM BW: 7.787 words/cycle
Average OFMAP DRAM BW: 64.000 words/cycle

Running Layer 688
Total cycles: 577
Compute cycles: 252
Stall cycles: 0
Overall utilization: 12.50%
Mapping efficiency: 50.00%
Average IFMAP SRAM BW: 8.000 words/cycle
Average Filter SRAM BW: 8.127 words/cycle
Average OFMAP SRAM BW: 16.000 words/cycle
Average IFMAP DRAM BW: 7.665 words/cycle
Average Filter DRAM BW: 7.787 words/cycle
Average OFMAP DRAM BW: 64.000 words/cycle

Running Layer 689
Total cycles: 1155
Compute cycles: 505
Stall cycles: 0
Overall utilization: 12.48%
Mapping efficiency: 50.00%
Average IFMAP SRAM BW: 7.984 words/cycle
Average Filter SRAM BW: 8.111 words/cycle
Average OFMAP SRAM BW: 15.968 words/cycle
Average IFMAP DRAM BW: 7.665 words/cycle
Average Filter DRAM BW: 7.802 words/cycle
Average OFMAP DRAM BW: 64.000 words/cycle

Running Layer 690
Total cycles: 839
Compute cycles: 252
Stall cycles: 0
Overall utilization: 25.00%
Mapping efficiency: 100.00%
Average IFMAP SRAM BW: 16.000 words/cycle
Average Filter SRAM BW: 16.254 words/cycle
Average OFMAP SRAM BW: 16.000 words/cycle
Average IFMAP DRAM BW: 7.680 words/cycle
Average Filter DRAM BW: 7.802 words/cycle
Average OFMAP DRAM BW: 64.000 words/cycle

Running Layer 691
Total cycles: 1679
Compute cycles: 505
Stall cycles: 0
Overall utilization: 24.95%
Mapping efficiency: 100.00%
Average IFMAP SRAM BW: 15.968 words/cycle
Average Filter SRAM BW: 16.222 words/cycle
Average OFMAP SRAM BW: 15.968 words/cycle
Average IFMAP DRAM BW: 7.680 words/cycle
Average Filter DRAM BW: 7.809 words/cycle
Average OFMAP DRAM BW: 64.000 words/cycle

Running Layer 692
Total cycles: 3097
Compute cycles: 1011
Stall cycles: 0
Overall utilization: 24.93%
Mapping efficiency: 100.00%
Average IFMAP SRAM BW: 15.953 words/cycle
Average Filter SRAM BW: 16.206 words/cycle
Average OFMAP SRAM BW: 15.953 words/cycle
Average IFMAP DRAM BW: 7.687 words/cycle
Average Filter DRAM BW: 8.929 words/cycle
Average OFMAP DRAM BW: 64.000 words/cycle

Running Layer 693
Total cycles: 579
Compute cycles: 253
Stall cycles: 0
Overall utilization: 1.58%
Mapping efficiency: 6.25%
Average IFMAP SRAM BW: 1.012 words/cycle
Average Filter SRAM BW: 1.012 words/cycle
Average OFMAP SRAM BW: 16.190 words/cycle
Average IFMAP DRAM BW: 0.973 words/cycle
Average Filter DRAM BW: 0.973 words/cycle
Average OFMAP DRAM BW: 64.000 words/cycle

Running Layer 694
Total cycles: 897
Compute cycles: 507
Stall cycles: 0
Overall utilization: 1.58%
Mapping efficiency: 6.25%
Average IFMAP SRAM BW: 1.010 words/cycle
Average Filter SRAM BW: 1.010 words/cycle
Average OFMAP SRAM BW: 16.158 words/cycle
Average IFMAP DRAM BW: 0.973 words/cycle
Average Filter DRAM BW: 1.947 words/cycle
Average OFMAP DRAM BW: 64.000 words/cycle

Running Layer 695
Total cycles: 579
Compute cycles: 253
Stall cycles: 0
Overall utilization: 3.16%
Mapping efficiency: 12.50%
Average IFMAP SRAM BW: 2.024 words/cycle
Average Filter SRAM BW: 2.024 words/cycle
Average OFMAP SRAM BW: 16.190 words/cycle
Average IFMAP DRAM BW: 1.947 words/cycle
Average Filter DRAM BW: 1.947 words/cycle
Average OFMAP DRAM BW: 64.000 words/cycle

Running Layer 696
Total cycles: 897
Compute cycles: 507
Stall cycles: 0
Overall utilization: 3.16%
Mapping efficiency: 12.50%
Average IFMAP SRAM BW: 2.020 words/cycle
Average Filter SRAM BW: 2.020 words/cycle
Average OFMAP SRAM BW: 16.158 words/cycle
Average IFMAP DRAM BW: 1.947 words/cycle
Average Filter DRAM BW: 3.894 words/cycle
Average OFMAP DRAM BW: 64.000 words/cycle

Running Layer 697
Total cycles: 579
Compute cycles: 253
Stall cycles: 0
Overall utilization: 6.32%
Mapping efficiency: 25.00%
Average IFMAP SRAM BW: 4.047 words/cycle
Average Filter SRAM BW: 4.047 words/cycle
Average OFMAP SRAM BW: 16.190 words/cycle
Average IFMAP DRAM BW: 3.894 words/cycle
Average Filter DRAM BW: 3.894 words/cycle
Average OFMAP DRAM BW: 64.000 words/cycle

Running Layer 698
Total cycles: 897
Compute cycles: 507
Stall cycles: 0
Overall utilization: 6.31%
Mapping efficiency: 25.00%
Average IFMAP SRAM BW: 4.039 words/cycle
Average Filter SRAM BW: 4.039 words/cycle
Average OFMAP SRAM BW: 16.158 words/cycle
Average IFMAP DRAM BW: 3.894 words/cycle
Average Filter DRAM BW: 7.787 words/cycle
Average OFMAP DRAM BW: 64.000 words/cycle

Running Layer 699
Total cycles: 579
Compute cycles: 253
Stall cycles: 0
Overall utilization: 12.65%
Mapping efficiency: 50.00%
Average IFMAP SRAM BW: 8.095 words/cycle
Average Filter SRAM BW: 8.095 words/cycle
Average OFMAP SRAM BW: 16.190 words/cycle
Average IFMAP DRAM BW: 7.787 words/cycle
Average Filter DRAM BW: 7.787 words/cycle
Average OFMAP DRAM BW: 64.000 words/cycle

Running Layer 700
Total cycles: 1159
Compute cycles: 507
Stall cycles: 0
Overall utilization: 12.62%
Mapping efficiency: 50.00%
Average IFMAP SRAM BW: 8.079 words/cycle
Average Filter SRAM BW: 8.079 words/cycle
Average OFMAP SRAM BW: 16.158 words/cycle
Average IFMAP DRAM BW: 7.787 words/cycle
Average Filter DRAM BW: 7.802 words/cycle
Average OFMAP DRAM BW: 64.000 words/cycle

Running Layer 701
Total cycles: 841
Compute cycles: 253
Stall cycles: 0
Overall utilization: 25.30%
Mapping efficiency: 100.00%
Average IFMAP SRAM BW: 16.190 words/cycle
Average Filter SRAM BW: 16.190 words/cycle
Average OFMAP SRAM BW: 16.190 words/cycle
Average IFMAP DRAM BW: 7.802 words/cycle
Average Filter DRAM BW: 7.802 words/cycle
Average OFMAP DRAM BW: 64.000 words/cycle

Running Layer 702
Total cycles: 1683
Compute cycles: 507
Stall cycles: 0
Overall utilization: 25.25%
Mapping efficiency: 100.00%
Average IFMAP SRAM BW: 16.158 words/cycle
Average Filter SRAM BW: 16.158 words/cycle
Average OFMAP SRAM BW: 16.158 words/cycle
Average IFMAP DRAM BW: 7.802 words/cycle
Average Filter DRAM BW: 7.809 words/cycle
Average OFMAP DRAM BW: 64.000 words/cycle

Running Layer 703
Total cycles: 3105
Compute cycles: 1015
Stall cycles: 0
Overall utilization: 25.22%
Mapping efficiency: 100.00%
Average IFMAP SRAM BW: 16.142 words/cycle
Average Filter SRAM BW: 16.142 words/cycle
Average OFMAP SRAM BW: 16.142 words/cycle
Average IFMAP DRAM BW: 7.809 words/cycle
Average Filter DRAM BW: 8.929 words/cycle
Average OFMAP DRAM BW: 64.000 words/cycle

Running Layer 704
Total cycles: 581
Compute cycles: 254
Stall cycles: 0
Overall utilization: 1.60%
Mapping efficiency: 6.25%
Average IFMAP SRAM BW: 1.024 words/cycle
Average Filter SRAM BW: 1.008 words/cycle
Average OFMAP SRAM BW: 16.378 words/cycle
Average IFMAP DRAM BW: 0.989 words/cycle
Average Filter DRAM BW: 0.973 words/cycle
Average OFMAP DRAM BW: 64.000 words/cycle

Running Layer 705
Total cycles: 901
Compute cycles: 509
Stall cycles: 0
Overall utilization: 1.60%
Mapping efficiency: 6.25%
Average IFMAP SRAM BW: 1.022 words/cycle
Average Filter SRAM BW: 1.006 words/cycle
Average OFMAP SRAM BW: 16.346 words/cycle
Average IFMAP DRAM BW: 0.989 words/cycle
Average Filter DRAM BW: 1.947 words/cycle
Average OFMAP DRAM BW: 64.000 words/cycle

Running Layer 706
Total cycles: 581
Compute cycles: 254
Stall cycles: 0
Overall utilization: 3.20%
Mapping efficiency: 12.50%
Average IFMAP SRAM BW: 2.047 words/cycle
Average Filter SRAM BW: 2.016 words/cycle
Average OFMAP SRAM BW: 16.378 words/cycle
Average IFMAP DRAM BW: 1.977 words/cycle
Average Filter DRAM BW: 1.947 words/cycle
Average OFMAP DRAM BW: 64.000 words/cycle

Running Layer 707
Total cycles: 901
Compute cycles: 509
Stall cycles: 0
Overall utilization: 3.19%
Mapping efficiency: 12.50%
Average IFMAP SRAM BW: 2.043 words/cycle
Average Filter SRAM BW: 2.012 words/cycle
Average OFMAP SRAM BW: 16.346 words/cycle
Average IFMAP DRAM BW: 1.977 words/cycle
Average Filter DRAM BW: 3.894 words/cycle
Average OFMAP DRAM BW: 64.000 words/cycle

Running Layer 708
Total cycles: 581
Compute cycles: 254
Stall cycles: 0
Overall utilization: 6.40%
Mapping efficiency: 25.00%
Average IFMAP SRAM BW: 4.094 words/cycle
Average Filter SRAM BW: 4.031 words/cycle
Average OFMAP SRAM BW: 16.378 words/cycle
Average IFMAP DRAM BW: 3.954 words/cycle
Average Filter DRAM BW: 3.894 words/cycle
Average OFMAP DRAM BW: 64.000 words/cycle

Running Layer 709
Total cycles: 901
Compute cycles: 509
Stall cycles: 0
Overall utilization: 6.39%
Mapping efficiency: 25.00%
Average IFMAP SRAM BW: 4.086 words/cycle
Average Filter SRAM BW: 4.024 words/cycle
Average OFMAP SRAM BW: 16.346 words/cycle
Average IFMAP DRAM BW: 3.954 words/cycle
Average Filter DRAM BW: 7.787 words/cycle
Average OFMAP DRAM BW: 64.000 words/cycle

Running Layer 710
Total cycles: 581
Compute cycles: 254
Stall cycles: 0
Overall utilization: 12.80%
Mapping efficiency: 50.00%
Average IFMAP SRAM BW: 8.189 words/cycle
Average Filter SRAM BW: 8.063 words/cycle
Average OFMAP SRAM BW: 16.378 words/cycle
Average IFMAP DRAM BW: 7.909 words/cycle
Average Filter DRAM BW: 7.787 words/cycle
Average OFMAP DRAM BW: 64.000 words/cycle

Running Layer 711
Total cycles: 1163
Compute cycles: 509
Stall cycles: 0
Overall utilization: 12.77%
Mapping efficiency: 50.00%
Average IFMAP SRAM BW: 8.173 words/cycle
Average Filter SRAM BW: 8.047 words/cycle
Average OFMAP SRAM BW: 16.346 words/cycle
Average IFMAP DRAM BW: 7.909 words/cycle
Average Filter DRAM BW: 7.802 words/cycle
Average OFMAP DRAM BW: 64.000 words/cycle

Running Layer 712
Total cycles: 843
Compute cycles: 254
Stall cycles: 0
Overall utilization: 25.59%
Mapping efficiency: 100.00%
Average IFMAP SRAM BW: 16.378 words/cycle
Average Filter SRAM BW: 16.126 words/cycle
Average OFMAP SRAM BW: 16.378 words/cycle
Average IFMAP DRAM BW: 7.924 words/cycle
Average Filter DRAM BW: 7.802 words/cycle
Average OFMAP DRAM BW: 64.000 words/cycle

Running Layer 713
Total cycles: 1687
Compute cycles: 509
Stall cycles: 0
Overall utilization: 25.54%
Mapping efficiency: 100.00%
Average IFMAP SRAM BW: 16.346 words/cycle
Average Filter SRAM BW: 16.094 words/cycle
Average OFMAP SRAM BW: 16.346 words/cycle
Average IFMAP DRAM BW: 7.924 words/cycle
Average Filter DRAM BW: 7.809 words/cycle
Average OFMAP DRAM BW: 64.000 words/cycle

Running Layer 714
Total cycles: 3113
Compute cycles: 1019
Stall cycles: 0
Overall utilization: 25.52%
Mapping efficiency: 100.00%
Average IFMAP SRAM BW: 16.330 words/cycle
Average Filter SRAM BW: 16.079 words/cycle
Average OFMAP SRAM BW: 16.330 words/cycle
Average IFMAP DRAM BW: 7.931 words/cycle
Average Filter DRAM BW: 8.929 words/cycle
Average OFMAP DRAM BW: 64.000 words/cycle

Running Layer 715
Total cycles: 583
Compute cycles: 255
Stall cycles: 0
Overall utilization: 1.62%
Mapping efficiency: 6.25%
Average IFMAP SRAM BW: 1.035 words/cycle
Average Filter SRAM BW: 1.004 words/cycle
Average OFMAP SRAM BW: 16.565 words/cycle
Average IFMAP DRAM BW: 1.004 words/cycle
Average Filter DRAM BW: 0.973 words/cycle
Average OFMAP DRAM BW: 64.000 words/cycle

Running Layer 716
Total cycles: 905
Compute cycles: 511
Stall cycles: 0
Overall utilization: 1.61%
Mapping efficiency: 6.25%
Average IFMAP SRAM BW: 1.033 words/cycle
Average Filter SRAM BW: 1.002 words/cycle
Average OFMAP SRAM BW: 16.532 words/cycle
Average IFMAP DRAM BW: 1.004 words/cycle
Average Filter DRAM BW: 1.947 words/cycle
Average OFMAP DRAM BW: 64.000 words/cycle

Running Layer 717
Total cycles: 583
Compute cycles: 255
Stall cycles: 0
Overall utilization: 3.24%
Mapping efficiency: 12.50%
Average IFMAP SRAM BW: 2.071 words/cycle
Average Filter SRAM BW: 2.008 words/cycle
Average OFMAP SRAM BW: 16.565 words/cycle
Average IFMAP DRAM BW: 2.008 words/cycle
Average Filter DRAM BW: 1.947 words/cycle
Average OFMAP DRAM BW: 64.000 words/cycle

Running Layer 718
Total cycles: 905
Compute cycles: 511
Stall cycles: 0
Overall utilization: 3.23%
Mapping efficiency: 12.50%
Average IFMAP SRAM BW: 2.067 words/cycle
Average Filter SRAM BW: 2.004 words/cycle
Average OFMAP SRAM BW: 16.532 words/cycle
Average IFMAP DRAM BW: 2.008 words/cycle
Average Filter DRAM BW: 3.894 words/cycle
Average OFMAP DRAM BW: 64.000 words/cycle

Running Layer 719
Total cycles: 583
Compute cycles: 255
Stall cycles: 0
Overall utilization: 6.47%
Mapping efficiency: 25.00%
Average IFMAP SRAM BW: 4.141 words/cycle
Average Filter SRAM BW: 4.016 words/cycle
Average OFMAP SRAM BW: 16.565 words/cycle
Average IFMAP DRAM BW: 4.015 words/cycle
Average Filter DRAM BW: 3.894 words/cycle
Average OFMAP DRAM BW: 64.000 words/cycle

Running Layer 720
Total cycles: 905
Compute cycles: 511
Stall cycles: 0
Overall utilization: 6.46%
Mapping efficiency: 25.00%
Average IFMAP SRAM BW: 4.133 words/cycle
Average Filter SRAM BW: 4.008 words/cycle
Average OFMAP SRAM BW: 16.532 words/cycle
Average IFMAP DRAM BW: 4.015 words/cycle
Average Filter DRAM BW: 7.787 words/cycle
Average OFMAP DRAM BW: 64.000 words/cycle

Running Layer 721
Total cycles: 583
Compute cycles: 255
Stall cycles: 0
Overall utilization: 12.94%
Mapping efficiency: 50.00%
Average IFMAP SRAM BW: 8.282 words/cycle
Average Filter SRAM BW: 8.031 words/cycle
Average OFMAP SRAM BW: 16.565 words/cycle
Average IFMAP DRAM BW: 8.030 words/cycle
Average Filter DRAM BW: 7.787 words/cycle
Average OFMAP DRAM BW: 64.000 words/cycle

Running Layer 722
Total cycles: 1167
Compute cycles: 511
Stall cycles: 0
Overall utilization: 12.92%
Mapping efficiency: 50.00%
Average IFMAP SRAM BW: 8.266 words/cycle
Average Filter SRAM BW: 8.016 words/cycle
Average OFMAP SRAM BW: 16.532 words/cycle
Average IFMAP DRAM BW: 8.030 words/cycle
Average Filter DRAM BW: 7.802 words/cycle
Average OFMAP DRAM BW: 64.000 words/cycle

Running Layer 723
Total cycles: 845
Compute cycles: 255
Stall cycles: 0
Overall utilization: 25.88%
Mapping efficiency: 100.00%
Average IFMAP SRAM BW: 16.565 words/cycle
Average Filter SRAM BW: 16.063 words/cycle
Average OFMAP SRAM BW: 16.565 words/cycle
Average IFMAP DRAM BW: 8.046 words/cycle
Average Filter DRAM BW: 7.802 words/cycle
Average OFMAP DRAM BW: 64.000 words/cycle

Running Layer 724
Total cycles: 1691
Compute cycles: 511
Stall cycles: 0
Overall utilization: 25.83%
Mapping efficiency: 100.00%
Average IFMAP SRAM BW: 16.532 words/cycle
Average Filter SRAM BW: 16.031 words/cycle
Average OFMAP SRAM BW: 16.532 words/cycle
Average IFMAP DRAM BW: 8.046 words/cycle
Average Filter DRAM BW: 7.809 words/cycle
Average OFMAP DRAM BW: 64.000 words/cycle

Running Layer 725
Total cycles: 3121
Compute cycles: 1023
Stall cycles: 0
Overall utilization: 25.81%
Mapping efficiency: 100.00%
Average IFMAP SRAM BW: 16.516 words/cycle
Average Filter SRAM BW: 16.016 words/cycle
Average OFMAP SRAM BW: 16.516 words/cycle
Average IFMAP DRAM BW: 8.053 words/cycle
Average Filter DRAM BW: 8.929 words/cycle
Average OFMAP DRAM BW: 64.000 words/cycle

Running Layer 726
Total cycles: 585
Compute cycles: 256
Stall cycles: 0
Overall utilization: 1.64%
Mapping efficiency: 6.25%
Average IFMAP SRAM BW: 1.047 words/cycle
Average Filter SRAM BW: 1.000 words/cycle
Average OFMAP SRAM BW: 16.750 words/cycle
Average IFMAP DRAM BW: 1.019 words/cycle
Average Filter DRAM BW: 0.973 words/cycle
Average OFMAP DRAM BW: 64.000 words/cycle

Running Layer 727
Total cycles: 909
Compute cycles: 513
Stall cycles: 0
Overall utilization: 1.63%
Mapping efficiency: 6.25%
Average IFMAP SRAM BW: 1.045 words/cycle
Average Filter SRAM BW: 0.998 words/cycle
Average OFMAP SRAM BW: 16.717 words/cycle
Average IFMAP DRAM BW: 1.019 words/cycle
Average Filter DRAM BW: 1.947 words/cycle
Average OFMAP DRAM BW: 64.000 words/cycle

Running Layer 728
Total cycles: 585
Compute cycles: 256
Stall cycles: 0
Overall utilization: 3.27%
Mapping efficiency: 12.50%
Average IFMAP SRAM BW: 2.094 words/cycle
Average Filter SRAM BW: 2.000 words/cycle
Average OFMAP SRAM BW: 16.750 words/cycle
Average IFMAP DRAM BW: 2.038 words/cycle
Average Filter DRAM BW: 1.947 words/cycle
Average OFMAP DRAM BW: 64.000 words/cycle

Running Layer 729
Total cycles: 909
Compute cycles: 513
Stall cycles: 0
Overall utilization: 3.27%
Mapping efficiency: 12.50%
Average IFMAP SRAM BW: 2.090 words/cycle
Average Filter SRAM BW: 1.996 words/cycle
Average OFMAP SRAM BW: 16.717 words/cycle
Average IFMAP DRAM BW: 2.038 words/cycle
Average Filter DRAM BW: 3.894 words/cycle
Average OFMAP DRAM BW: 64.000 words/cycle

Running Layer 730
Total cycles: 585
Compute cycles: 256
Stall cycles: 0
Overall utilization: 6.54%
Mapping efficiency: 25.00%
Average IFMAP SRAM BW: 4.188 words/cycle
Average Filter SRAM BW: 4.000 words/cycle
Average OFMAP SRAM BW: 16.750 words/cycle
Average IFMAP DRAM BW: 4.076 words/cycle
Average Filter DRAM BW: 3.894 words/cycle
Average OFMAP DRAM BW: 64.000 words/cycle

Running Layer 731
Total cycles: 909
Compute cycles: 513
Stall cycles: 0
Overall utilization: 6.53%
Mapping efficiency: 25.00%
Average IFMAP SRAM BW: 4.179 words/cycle
Average Filter SRAM BW: 3.992 words/cycle
Average OFMAP SRAM BW: 16.717 words/cycle
Average IFMAP DRAM BW: 4.076 words/cycle
Average Filter DRAM BW: 7.787 words/cycle
Average OFMAP DRAM BW: 64.000 words/cycle

Running Layer 732
Total cycles: 585
Compute cycles: 256
Stall cycles: 0
Overall utilization: 13.09%
Mapping efficiency: 50.00%
Average IFMAP SRAM BW: 8.375 words/cycle
Average Filter SRAM BW: 8.000 words/cycle
Average OFMAP SRAM BW: 16.750 words/cycle
Average IFMAP DRAM BW: 8.152 words/cycle
Average Filter DRAM BW: 7.787 words/cycle
Average OFMAP DRAM BW: 64.000 words/cycle

Running Layer 733
Total cycles: 1171
Compute cycles: 513
Stall cycles: 0
Overall utilization: 13.06%
Mapping efficiency: 50.00%
Average IFMAP SRAM BW: 8.359 words/cycle
Average Filter SRAM BW: 7.984 words/cycle
Average OFMAP SRAM BW: 16.717 words/cycle
Average IFMAP DRAM BW: 8.152 words/cycle
Average Filter DRAM BW: 7.802 words/cycle
Average OFMAP DRAM BW: 64.000 words/cycle

Running Layer 734
Total cycles: 847
Compute cycles: 256
Stall cycles: 0
Overall utilization: 26.17%
Mapping efficiency: 100.00%
Average IFMAP SRAM BW: 16.750 words/cycle
Average Filter SRAM BW: 16.000 words/cycle
Average OFMAP SRAM BW: 16.750 words/cycle
Average IFMAP DRAM BW: 8.168 words/cycle
Average Filter DRAM BW: 7.802 words/cycle
Average OFMAP DRAM BW: 64.000 words/cycle

Running Layer 735
Total cycles: 1695
Compute cycles: 513
Stall cycles: 0
Overall utilization: 26.12%
Mapping efficiency: 100.00%
Average IFMAP SRAM BW: 16.717 words/cycle
Average Filter SRAM BW: 15.969 words/cycle
Average OFMAP SRAM BW: 16.717 words/cycle
Average IFMAP DRAM BW: 8.168 words/cycle
Average Filter DRAM BW: 7.809 words/cycle
Average OFMAP DRAM BW: 64.000 words/cycle

Running Layer 736
Total cycles: 3129
Compute cycles: 1027
Stall cycles: 0
Overall utilization: 26.10%
Mapping efficiency: 100.00%
Average IFMAP SRAM BW: 16.701 words/cycle
Average Filter SRAM BW: 15.953 words/cycle
Average OFMAP SRAM BW: 16.701 words/cycle
Average IFMAP DRAM BW: 8.175 words/cycle
Average Filter DRAM BW: 8.929 words/cycle
Average OFMAP DRAM BW: 64.000 words/cycle

Running Layer 737
Total cycles: 587
Compute cycles: 257
Stall cycles: 0
Overall utilization: 1.65%
Mapping efficiency: 6.25%
Average IFMAP SRAM BW: 1.058 words/cycle
Average Filter SRAM BW: 0.996 words/cycle
Average OFMAP SRAM BW: 16.934 words/cycle
Average IFMAP DRAM BW: 1.034 words/cycle
Average Filter DRAM BW: 0.973 words/cycle
Average OFMAP DRAM BW: 64.000 words/cycle

Running Layer 738
Total cycles: 913
Compute cycles: 515
Stall cycles: 0
Overall utilization: 1.65%
Mapping efficiency: 6.25%
Average IFMAP SRAM BW: 1.056 words/cycle
Average Filter SRAM BW: 0.994 words/cycle
Average OFMAP SRAM BW: 16.901 words/cycle
Average IFMAP DRAM BW: 1.034 words/cycle
Average Filter DRAM BW: 1.947 words/cycle
Average OFMAP DRAM BW: 64.000 words/cycle

Running Layer 739
Total cycles: 587
Compute cycles: 257
Stall cycles: 0
Overall utilization: 3.31%
Mapping efficiency: 12.50%
Average IFMAP SRAM BW: 2.117 words/cycle
Average Filter SRAM BW: 1.992 words/cycle
Average OFMAP SRAM BW: 16.934 words/cycle
Average IFMAP DRAM BW: 2.068 words/cycle
Average Filter DRAM BW: 1.947 words/cycle
Average OFMAP DRAM BW: 64.000 words/cycle

Running Layer 740
Total cycles: 913
Compute cycles: 515
Stall cycles: 0
Overall utilization: 3.30%
Mapping efficiency: 12.50%
Average IFMAP SRAM BW: 2.113 words/cycle
Average Filter SRAM BW: 1.988 words/cycle
Average OFMAP SRAM BW: 16.901 words/cycle
Average IFMAP DRAM BW: 2.068 words/cycle
Average Filter DRAM BW: 3.894 words/cycle
Average OFMAP DRAM BW: 64.000 words/cycle

Running Layer 741
Total cycles: 587
Compute cycles: 257
Stall cycles: 0
Overall utilization: 6.61%
Mapping efficiency: 25.00%
Average IFMAP SRAM BW: 4.233 words/cycle
Average Filter SRAM BW: 3.984 words/cycle
Average OFMAP SRAM BW: 16.934 words/cycle
Average IFMAP DRAM BW: 4.137 words/cycle
Average Filter DRAM BW: 3.894 words/cycle
Average OFMAP DRAM BW: 64.000 words/cycle

Running Layer 742
Total cycles: 913
Compute cycles: 515
Stall cycles: 0
Overall utilization: 6.60%
Mapping efficiency: 25.00%
Average IFMAP SRAM BW: 4.225 words/cycle
Average Filter SRAM BW: 3.977 words/cycle
Average OFMAP SRAM BW: 16.901 words/cycle
Average IFMAP DRAM BW: 4.137 words/cycle
Average Filter DRAM BW: 7.787 words/cycle
Average OFMAP DRAM BW: 64.000 words/cycle

Running Layer 743
Total cycles: 587
Compute cycles: 257
Stall cycles: 0
Overall utilization: 13.23%
Mapping efficiency: 50.00%
Average IFMAP SRAM BW: 8.467 words/cycle
Average Filter SRAM BW: 7.969 words/cycle
Average OFMAP SRAM BW: 16.934 words/cycle
Average IFMAP DRAM BW: 8.274 words/cycle
Average Filter DRAM BW: 7.787 words/cycle
Average OFMAP DRAM BW: 64.000 words/cycle

Running Layer 744
Total cycles: 1175
Compute cycles: 515
Stall cycles: 0
Overall utilization: 13.20%
Mapping efficiency: 50.00%
Average IFMAP SRAM BW: 8.450 words/cycle
Average Filter SRAM BW: 7.953 words/cycle
Average OFMAP SRAM BW: 16.901 words/cycle
Average IFMAP DRAM BW: 8.274 words/cycle
Average Filter DRAM BW: 7.802 words/cycle
Average OFMAP DRAM BW: 64.000 words/cycle

Running Layer 745
Total cycles: 849
Compute cycles: 257
Stall cycles: 0
Overall utilization: 26.46%
Mapping efficiency: 100.00%
Average IFMAP SRAM BW: 16.934 words/cycle
Average Filter SRAM BW: 15.938 words/cycle
Average OFMAP SRAM BW: 16.934 words/cycle
Average IFMAP DRAM BW: 8.290 words/cycle
Average Filter DRAM BW: 7.802 words/cycle
Average OFMAP DRAM BW: 64.000 words/cycle

Running Layer 746
Total cycles: 1699
Compute cycles: 515
Stall cycles: 0
Overall utilization: 26.41%
Mapping efficiency: 100.00%
Average IFMAP SRAM BW: 16.901 words/cycle
Average Filter SRAM BW: 15.907 words/cycle
Average OFMAP SRAM BW: 16.901 words/cycle
Average IFMAP DRAM BW: 8.290 words/cycle
Average Filter DRAM BW: 7.809 words/cycle
Average OFMAP DRAM BW: 64.000 words/cycle

Running Layer 747
Total cycles: 3137
Compute cycles: 1031
Stall cycles: 0
Overall utilization: 26.38%
Mapping efficiency: 100.00%
Average IFMAP SRAM BW: 16.885 words/cycle
Average Filter SRAM BW: 15.891 words/cycle
Average OFMAP SRAM BW: 16.885 words/cycle
Average IFMAP DRAM BW: 8.297 words/cycle
Average Filter DRAM BW: 8.929 words/cycle
Average OFMAP DRAM BW: 64.000 words/cycle

Running Layer 748
Total cycles: 589
Compute cycles: 258
Stall cycles: 0
Overall utilization: 1.67%
Mapping efficiency: 6.25%
Average IFMAP SRAM BW: 1.070 words/cycle
Average Filter SRAM BW: 0.992 words/cycle
Average OFMAP SRAM BW: 17.116 words/cycle
Average IFMAP DRAM BW: 1.049 words/cycle
Average Filter DRAM BW: 0.973 words/cycle
Average OFMAP DRAM BW: 64.000 words/cycle

Running Layer 749
Total cycles: 917
Compute cycles: 517
Stall cycles: 0
Overall utilization: 1.67%
Mapping efficiency: 6.25%
Average IFMAP SRAM BW: 1.068 words/cycle
Average Filter SRAM BW: 0.990 words/cycle
Average OFMAP SRAM BW: 17.083 words/cycle
Average IFMAP DRAM BW: 1.049 words/cycle
Average Filter DRAM BW: 1.947 words/cycle
Average OFMAP DRAM BW: 64.000 words/cycle

Running Layer 750
Total cycles: 589
Compute cycles: 258
Stall cycles: 0
Overall utilization: 3.34%
Mapping efficiency: 12.50%
Average IFMAP SRAM BW: 2.140 words/cycle
Average Filter SRAM BW: 1.984 words/cycle
Average OFMAP SRAM BW: 17.116 words/cycle
Average IFMAP DRAM BW: 2.099 words/cycle
Average Filter DRAM BW: 1.947 words/cycle
Average OFMAP DRAM BW: 64.000 words/cycle

Running Layer 751
Total cycles: 917
Compute cycles: 517
Stall cycles: 0
Overall utilization: 3.34%
Mapping efficiency: 12.50%
Average IFMAP SRAM BW: 2.135 words/cycle
Average Filter SRAM BW: 1.981 words/cycle
Average OFMAP SRAM BW: 17.083 words/cycle
Average IFMAP DRAM BW: 2.099 words/cycle
Average Filter DRAM BW: 3.894 words/cycle
Average OFMAP DRAM BW: 64.000 words/cycle

Running Layer 752
Total cycles: 589
Compute cycles: 258
Stall cycles: 0
Overall utilization: 6.69%
Mapping efficiency: 25.00%
Average IFMAP SRAM BW: 4.279 words/cycle
Average Filter SRAM BW: 3.969 words/cycle
Average OFMAP SRAM BW: 17.116 words/cycle
Average IFMAP DRAM BW: 4.198 words/cycle
Average Filter DRAM BW: 3.894 words/cycle
Average OFMAP DRAM BW: 64.000 words/cycle

Running Layer 753
Total cycles: 917
Compute cycles: 517
Stall cycles: 0
Overall utilization: 6.67%
Mapping efficiency: 25.00%
Average IFMAP SRAM BW: 4.271 words/cycle
Average Filter SRAM BW: 3.961 words/cycle
Average OFMAP SRAM BW: 17.083 words/cycle
Average IFMAP DRAM BW: 4.198 words/cycle
Average Filter DRAM BW: 7.787 words/cycle
Average OFMAP DRAM BW: 64.000 words/cycle

Running Layer 754
Total cycles: 589
Compute cycles: 258
Stall cycles: 0
Overall utilization: 13.37%
Mapping efficiency: 50.00%
Average IFMAP SRAM BW: 8.558 words/cycle
Average Filter SRAM BW: 7.938 words/cycle
Average OFMAP SRAM BW: 17.116 words/cycle
Average IFMAP DRAM BW: 8.395 words/cycle
Average Filter DRAM BW: 7.787 words/cycle
Average OFMAP DRAM BW: 64.000 words/cycle

Running Layer 755
Total cycles: 1179
Compute cycles: 517
Stall cycles: 0
Overall utilization: 13.35%
Mapping efficiency: 50.00%
Average IFMAP SRAM BW: 8.542 words/cycle
Average Filter SRAM BW: 7.923 words/cycle
Average OFMAP SRAM BW: 17.083 words/cycle
Average IFMAP DRAM BW: 8.395 words/cycle
Average Filter DRAM BW: 7.802 words/cycle
Average OFMAP DRAM BW: 64.000 words/cycle

Running Layer 756
Total cycles: 851
Compute cycles: 258
Stall cycles: 0
Overall utilization: 26.74%
Mapping efficiency: 100.00%
Average IFMAP SRAM BW: 17.116 words/cycle
Average Filter SRAM BW: 15.876 words/cycle
Average OFMAP SRAM BW: 17.116 words/cycle
Average IFMAP DRAM BW: 8.411 words/cycle
Average Filter DRAM BW: 7.802 words/cycle
Average OFMAP DRAM BW: 64.000 words/cycle

Running Layer 757
Total cycles: 1703
Compute cycles: 517
Stall cycles: 0
Overall utilization: 26.69%
Mapping efficiency: 100.00%
Average IFMAP SRAM BW: 17.083 words/cycle
Average Filter SRAM BW: 15.845 words/cycle
Average OFMAP SRAM BW: 17.083 words/cycle
Average IFMAP DRAM BW: 8.411 words/cycle
Average Filter DRAM BW: 7.809 words/cycle
Average OFMAP DRAM BW: 64.000 words/cycle

Running Layer 758
Total cycles: 3145
Compute cycles: 1035
Stall cycles: 0
Overall utilization: 26.67%
Mapping efficiency: 100.00%
Average IFMAP SRAM BW: 17.067 words/cycle
Average Filter SRAM BW: 15.830 words/cycle
Average OFMAP SRAM BW: 17.067 words/cycle
Average IFMAP DRAM BW: 8.419 words/cycle
Average Filter DRAM BW: 8.929 words/cycle
Average OFMAP DRAM BW: 64.000 words/cycle

Running Layer 759
Total cycles: 591
Compute cycles: 259
Stall cycles: 0
Overall utilization: 1.69%
Mapping efficiency: 6.25%
Average IFMAP SRAM BW: 1.081 words/cycle
Average Filter SRAM BW: 0.988 words/cycle
Average OFMAP SRAM BW: 17.297 words/cycle
Average IFMAP DRAM BW: 1.065 words/cycle
Average Filter DRAM BW: 0.973 words/cycle
Average OFMAP DRAM BW: 64.000 words/cycle

Running Layer 760
Total cycles: 921
Compute cycles: 519
Stall cycles: 0
Overall utilization: 1.69%
Mapping efficiency: 6.25%
Average IFMAP SRAM BW: 1.079 words/cycle
Average Filter SRAM BW: 0.987 words/cycle
Average OFMAP SRAM BW: 17.264 words/cycle
Average IFMAP DRAM BW: 1.065 words/cycle
Average Filter DRAM BW: 1.947 words/cycle
Average OFMAP DRAM BW: 64.000 words/cycle

Running Layer 761
Total cycles: 591
Compute cycles: 259
Stall cycles: 0
Overall utilization: 3.38%
Mapping efficiency: 12.50%
Average IFMAP SRAM BW: 2.162 words/cycle
Average Filter SRAM BW: 1.977 words/cycle
Average OFMAP SRAM BW: 17.297 words/cycle
Average IFMAP DRAM BW: 2.129 words/cycle
Average Filter DRAM BW: 1.947 words/cycle
Average OFMAP DRAM BW: 64.000 words/cycle

Running Layer 762
Total cycles: 921
Compute cycles: 519
Stall cycles: 0
Overall utilization: 3.37%
Mapping efficiency: 12.50%
Average IFMAP SRAM BW: 2.158 words/cycle
Average Filter SRAM BW: 1.973 words/cycle
Average OFMAP SRAM BW: 17.264 words/cycle
Average IFMAP DRAM BW: 2.129 words/cycle
Average Filter DRAM BW: 3.894 words/cycle
Average OFMAP DRAM BW: 64.000 words/cycle

Running Layer 763
Total cycles: 591
Compute cycles: 259
Stall cycles: 0
Overall utilization: 6.76%
Mapping efficiency: 25.00%
Average IFMAP SRAM BW: 4.324 words/cycle
Average Filter SRAM BW: 3.954 words/cycle
Average OFMAP SRAM BW: 17.297 words/cycle
Average IFMAP DRAM BW: 4.259 words/cycle
Average Filter DRAM BW: 3.894 words/cycle
Average OFMAP DRAM BW: 64.000 words/cycle

Running Layer 764
Total cycles: 921
Compute cycles: 519
Stall cycles: 0
Overall utilization: 6.74%
Mapping efficiency: 25.00%
Average IFMAP SRAM BW: 4.316 words/cycle
Average Filter SRAM BW: 3.946 words/cycle
Average OFMAP SRAM BW: 17.264 words/cycle
Average IFMAP DRAM BW: 4.259 words/cycle
Average Filter DRAM BW: 7.787 words/cycle
Average OFMAP DRAM BW: 64.000 words/cycle

Running Layer 765
Total cycles: 591
Compute cycles: 259
Stall cycles: 0
Overall utilization: 13.51%
Mapping efficiency: 50.00%
Average IFMAP SRAM BW: 8.649 words/cycle
Average Filter SRAM BW: 7.907 words/cycle
Average OFMAP SRAM BW: 17.297 words/cycle
Average IFMAP DRAM BW: 8.517 words/cycle
Average Filter DRAM BW: 7.787 words/cycle
Average OFMAP DRAM BW: 64.000 words/cycle

Running Layer 766
Total cycles: 1183
Compute cycles: 519
Stall cycles: 0
Overall utilization: 13.49%
Mapping efficiency: 50.00%
Average IFMAP SRAM BW: 8.632 words/cycle
Average Filter SRAM BW: 7.892 words/cycle
Average OFMAP SRAM BW: 17.264 words/cycle
Average IFMAP DRAM BW: 8.517 words/cycle
Average Filter DRAM BW: 7.802 words/cycle
Average OFMAP DRAM BW: 64.000 words/cycle

Running Layer 767
Total cycles: 853
Compute cycles: 259
Stall cycles: 0
Overall utilization: 27.03%
Mapping efficiency: 100.00%
Average IFMAP SRAM BW: 17.297 words/cycle
Average Filter SRAM BW: 15.815 words/cycle
Average OFMAP SRAM BW: 17.297 words/cycle
Average IFMAP DRAM BW: 8.533 words/cycle
Average Filter DRAM BW: 7.802 words/cycle
Average OFMAP DRAM BW: 64.000 words/cycle

Running Layer 768
Total cycles: 1707
Compute cycles: 519
Stall cycles: 0
Overall utilization: 26.97%
Mapping efficiency: 100.00%
Average IFMAP SRAM BW: 17.264 words/cycle
Average Filter SRAM BW: 15.784 words/cycle
Average OFMAP SRAM BW: 17.264 words/cycle
Average IFMAP DRAM BW: 8.533 words/cycle
Average Filter DRAM BW: 7.809 words/cycle
Average OFMAP DRAM BW: 64.000 words/cycle

Running Layer 769
Total cycles: 3153
Compute cycles: 1039
Stall cycles: 0
Overall utilization: 26.95%
Mapping efficiency: 100.00%
Average IFMAP SRAM BW: 17.247 words/cycle
Average Filter SRAM BW: 15.769 words/cycle
Average OFMAP SRAM BW: 17.247 words/cycle
Average IFMAP DRAM BW: 8.541 words/cycle
Average Filter DRAM BW: 8.929 words/cycle
Average OFMAP DRAM BW: 64.000 words/cycle

Running Layer 770
Total cycles: 593
Compute cycles: 260
Stall cycles: 0
Overall utilization: 1.71%
Mapping efficiency: 6.25%
Average IFMAP SRAM BW: 1.092 words/cycle
Average Filter SRAM BW: 0.985 words/cycle
Average OFMAP SRAM BW: 17.477 words/cycle
Average IFMAP DRAM BW: 1.080 words/cycle
Average Filter DRAM BW: 0.973 words/cycle
Average OFMAP DRAM BW: 64.000 words/cycle

Running Layer 771
Total cycles: 925
Compute cycles: 521
Stall cycles: 0
Overall utilization: 1.70%
Mapping efficiency: 6.25%
Average IFMAP SRAM BW: 1.090 words/cycle
Average Filter SRAM BW: 0.983 words/cycle
Average OFMAP SRAM BW: 17.443 words/cycle
Average IFMAP DRAM BW: 1.080 words/cycle
Average Filter DRAM BW: 1.947 words/cycle
Average OFMAP DRAM BW: 64.000 words/cycle

Running Layer 772
Total cycles: 593
Compute cycles: 260
Stall cycles: 0
Overall utilization: 3.41%
Mapping efficiency: 12.50%
Average IFMAP SRAM BW: 2.185 words/cycle
Average Filter SRAM BW: 1.969 words/cycle
Average OFMAP SRAM BW: 17.477 words/cycle
Average IFMAP DRAM BW: 2.160 words/cycle
Average Filter DRAM BW: 1.947 words/cycle
Average OFMAP DRAM BW: 64.000 words/cycle

Running Layer 773
Total cycles: 925
Compute cycles: 521
Stall cycles: 0
Overall utilization: 3.41%
Mapping efficiency: 12.50%
Average IFMAP SRAM BW: 2.180 words/cycle
Average Filter SRAM BW: 1.965 words/cycle
Average OFMAP SRAM BW: 17.443 words/cycle
Average IFMAP DRAM BW: 2.160 words/cycle
Average Filter DRAM BW: 3.894 words/cycle
Average OFMAP DRAM BW: 64.000 words/cycle

Running Layer 774
Total cycles: 593
Compute cycles: 260
Stall cycles: 0
Overall utilization: 6.83%
Mapping efficiency: 25.00%
Average IFMAP SRAM BW: 4.369 words/cycle
Average Filter SRAM BW: 3.938 words/cycle
Average OFMAP SRAM BW: 17.477 words/cycle
Average IFMAP DRAM BW: 4.319 words/cycle
Average Filter DRAM BW: 3.894 words/cycle
Average OFMAP DRAM BW: 64.000 words/cycle

Running Layer 775
Total cycles: 925
Compute cycles: 521
Stall cycles: 0
Overall utilization: 6.81%
Mapping efficiency: 25.00%
Average IFMAP SRAM BW: 4.361 words/cycle
Average Filter SRAM BW: 3.931 words/cycle
Average OFMAP SRAM BW: 17.443 words/cycle
Average IFMAP DRAM BW: 4.319 words/cycle
Average Filter DRAM BW: 7.787 words/cycle
Average OFMAP DRAM BW: 64.000 words/cycle

Running Layer 776
Total cycles: 593
Compute cycles: 260
Stall cycles: 0
Overall utilization: 13.65%
Mapping efficiency: 50.00%
Average IFMAP SRAM BW: 8.738 words/cycle
Average Filter SRAM BW: 7.877 words/cycle
Average OFMAP SRAM BW: 17.477 words/cycle
Average IFMAP DRAM BW: 8.639 words/cycle
Average Filter DRAM BW: 7.787 words/cycle
Average OFMAP DRAM BW: 64.000 words/cycle

Running Layer 777
Total cycles: 1187
Compute cycles: 521
Stall cycles: 0
Overall utilization: 13.63%
Mapping efficiency: 50.00%
Average IFMAP SRAM BW: 8.722 words/cycle
Average Filter SRAM BW: 7.862 words/cycle
Average OFMAP SRAM BW: 17.443 words/cycle
Average IFMAP DRAM BW: 8.639 words/cycle
Average Filter DRAM BW: 7.802 words/cycle
Average OFMAP DRAM BW: 64.000 words/cycle

Running Layer 778
Total cycles: 855
Compute cycles: 260
Stall cycles: 0
Overall utilization: 27.31%
Mapping efficiency: 100.00%
Average IFMAP SRAM BW: 17.477 words/cycle
Average Filter SRAM BW: 15.754 words/cycle
Average OFMAP SRAM BW: 17.477 words/cycle
Average IFMAP DRAM BW: 8.655 words/cycle
Average Filter DRAM BW: 7.802 words/cycle
Average OFMAP DRAM BW: 64.000 words/cycle

Running Layer 779
Total cycles: 1711
Compute cycles: 521
Stall cycles: 0
Overall utilization: 27.26%
Mapping efficiency: 100.00%
Average IFMAP SRAM BW: 17.443 words/cycle
Average Filter SRAM BW: 15.724 words/cycle
Average OFMAP SRAM BW: 17.443 words/cycle
Average IFMAP DRAM BW: 8.655 words/cycle
Average Filter DRAM BW: 7.809 words/cycle
Average OFMAP DRAM BW: 64.000 words/cycle

Running Layer 780
Total cycles: 3161
Compute cycles: 1043
Stall cycles: 0
Overall utilization: 27.23%
Mapping efficiency: 100.00%
Average IFMAP SRAM BW: 17.427 words/cycle
Average Filter SRAM BW: 15.709 words/cycle
Average OFMAP SRAM BW: 17.427 words/cycle
Average IFMAP DRAM BW: 8.663 words/cycle
Average Filter DRAM BW: 8.929 words/cycle
Average OFMAP DRAM BW: 64.000 words/cycle

Running Layer 781
Total cycles: 595
Compute cycles: 261
Stall cycles: 0
Overall utilization: 1.72%
Mapping efficiency: 6.25%
Average IFMAP SRAM BW: 1.103 words/cycle
Average Filter SRAM BW: 0.981 words/cycle
Average OFMAP SRAM BW: 17.655 words/cycle
Average IFMAP DRAM BW: 1.095 words/cycle
Average Filter DRAM BW: 0.973 words/cycle
Average OFMAP DRAM BW: 64.000 words/cycle

Running Layer 782
Total cycles: 929
Compute cycles: 523
Stall cycles: 0
Overall utilization: 1.72%
Mapping efficiency: 6.25%
Average IFMAP SRAM BW: 1.101 words/cycle
Average Filter SRAM BW: 0.979 words/cycle
Average OFMAP SRAM BW: 17.621 words/cycle
Average IFMAP DRAM BW: 1.095 words/cycle
Average Filter DRAM BW: 1.947 words/cycle
Average OFMAP DRAM BW: 64.000 words/cycle

Running Layer 783
Total cycles: 595
Compute cycles: 261
Stall cycles: 0
Overall utilization: 3.45%
Mapping efficiency: 12.50%
Average IFMAP SRAM BW: 2.207 words/cycle
Average Filter SRAM BW: 1.962 words/cycle
Average OFMAP SRAM BW: 17.655 words/cycle
Average IFMAP DRAM BW: 2.190 words/cycle
Average Filter DRAM BW: 1.947 words/cycle
Average OFMAP DRAM BW: 64.000 words/cycle

Running Layer 784
Total cycles: 929
Compute cycles: 523
Stall cycles: 0
Overall utilization: 3.44%
Mapping efficiency: 12.50%
Average IFMAP SRAM BW: 2.203 words/cycle
Average Filter SRAM BW: 1.958 words/cycle
Average OFMAP SRAM BW: 17.621 words/cycle
Average IFMAP DRAM BW: 2.190 words/cycle
Average Filter DRAM BW: 3.894 words/cycle
Average OFMAP DRAM BW: 64.000 words/cycle

Running Layer 785
Total cycles: 595
Compute cycles: 261
Stall cycles: 0
Overall utilization: 6.90%
Mapping efficiency: 25.00%
Average IFMAP SRAM BW: 4.414 words/cycle
Average Filter SRAM BW: 3.923 words/cycle
Average OFMAP SRAM BW: 17.655 words/cycle
Average IFMAP DRAM BW: 4.380 words/cycle
Average Filter DRAM BW: 3.894 words/cycle
Average OFMAP DRAM BW: 64.000 words/cycle

Running Layer 786
Total cycles: 929
Compute cycles: 523
Stall cycles: 0
Overall utilization: 6.88%
Mapping efficiency: 25.00%
Average IFMAP SRAM BW: 4.405 words/cycle
Average Filter SRAM BW: 3.916 words/cycle
Average OFMAP SRAM BW: 17.621 words/cycle
Average IFMAP DRAM BW: 4.380 words/cycle
Average Filter DRAM BW: 7.787 words/cycle
Average OFMAP DRAM BW: 64.000 words/cycle

Running Layer 787
Total cycles: 595
Compute cycles: 261
Stall cycles: 0
Overall utilization: 13.79%
Mapping efficiency: 50.00%
Average IFMAP SRAM BW: 8.828 words/cycle
Average Filter SRAM BW: 7.847 words/cycle
Average OFMAP SRAM BW: 17.655 words/cycle
Average IFMAP DRAM BW: 8.760 words/cycle
Average Filter DRAM BW: 7.787 words/cycle
Average OFMAP DRAM BW: 64.000 words/cycle

Running Layer 788
Total cycles: 1191
Compute cycles: 523
Stall cycles: 0
Overall utilization: 13.77%
Mapping efficiency: 50.00%
Average IFMAP SRAM BW: 8.811 words/cycle
Average Filter SRAM BW: 7.832 words/cycle
Average OFMAP SRAM BW: 17.621 words/cycle
Average IFMAP DRAM BW: 8.760 words/cycle
Average Filter DRAM BW: 7.802 words/cycle
Average OFMAP DRAM BW: 64.000 words/cycle

Running Layer 789
Total cycles: 857
Compute cycles: 261
Stall cycles: 0
Overall utilization: 27.59%
Mapping efficiency: 100.00%
Average IFMAP SRAM BW: 17.655 words/cycle
Average Filter SRAM BW: 15.693 words/cycle
Average OFMAP SRAM BW: 17.655 words/cycle
Average IFMAP DRAM BW: 8.777 words/cycle
Average Filter DRAM BW: 7.802 words/cycle
Average OFMAP DRAM BW: 64.000 words/cycle

Running Layer 790
Total cycles: 1715
Compute cycles: 523
Stall cycles: 0
Overall utilization: 27.53%
Mapping efficiency: 100.00%
Average IFMAP SRAM BW: 17.621 words/cycle
Average Filter SRAM BW: 15.663 words/cycle
Average OFMAP SRAM BW: 17.621 words/cycle
Average IFMAP DRAM BW: 8.777 words/cycle
Average Filter DRAM BW: 7.809 words/cycle
Average OFMAP DRAM BW: 64.000 words/cycle

Running Layer 791
Total cycles: 3169
Compute cycles: 1047
Stall cycles: 0
Overall utilization: 27.51%
Mapping efficiency: 100.00%
Average IFMAP SRAM BW: 17.605 words/cycle
Average Filter SRAM BW: 15.649 words/cycle
Average OFMAP SRAM BW: 17.605 words/cycle
Average IFMAP DRAM BW: 8.786 words/cycle
Average Filter DRAM BW: 8.929 words/cycle
Average OFMAP DRAM BW: 64.000 words/cycle

Running Layer 792
Total cycles: 597
Compute cycles: 262
Stall cycles: 0
Overall utilization: 1.74%
Mapping efficiency: 6.25%
Average IFMAP SRAM BW: 1.115 words/cycle
Average Filter SRAM BW: 0.977 words/cycle
Average OFMAP SRAM BW: 17.832 words/cycle
Average IFMAP DRAM BW: 1.110 words/cycle
Average Filter DRAM BW: 0.973 words/cycle
Average OFMAP DRAM BW: 64.000 words/cycle

Running Layer 793
Total cycles: 933
Compute cycles: 525
Stall cycles: 0
Overall utilization: 1.74%
Mapping efficiency: 6.25%
Average IFMAP SRAM BW: 1.112 words/cycle
Average Filter SRAM BW: 0.975 words/cycle
Average OFMAP SRAM BW: 17.798 words/cycle
Average IFMAP DRAM BW: 1.110 words/cycle
Average Filter DRAM BW: 1.947 words/cycle
Average OFMAP DRAM BW: 64.000 words/cycle

Running Layer 794
Total cycles: 597
Compute cycles: 262
Stall cycles: 0
Overall utilization: 3.48%
Mapping efficiency: 12.50%
Average IFMAP SRAM BW: 2.229 words/cycle
Average Filter SRAM BW: 1.954 words/cycle
Average OFMAP SRAM BW: 17.832 words/cycle
Average IFMAP DRAM BW: 2.221 words/cycle
Average Filter DRAM BW: 1.947 words/cycle
Average OFMAP DRAM BW: 64.000 words/cycle

Running Layer 795
Total cycles: 933
Compute cycles: 525
Stall cycles: 0
Overall utilization: 3.48%
Mapping efficiency: 12.50%
Average IFMAP SRAM BW: 2.225 words/cycle
Average Filter SRAM BW: 1.950 words/cycle
Average OFMAP SRAM BW: 17.798 words/cycle
Average IFMAP DRAM BW: 2.221 words/cycle
Average Filter DRAM BW: 3.894 words/cycle
Average OFMAP DRAM BW: 64.000 words/cycle

Running Layer 796
Total cycles: 597
Compute cycles: 262
Stall cycles: 0
Overall utilization: 6.97%
Mapping efficiency: 25.00%
Average IFMAP SRAM BW: 4.458 words/cycle
Average Filter SRAM BW: 3.908 words/cycle
Average OFMAP SRAM BW: 17.832 words/cycle
Average IFMAP DRAM BW: 4.441 words/cycle
Average Filter DRAM BW: 3.894 words/cycle
Average OFMAP DRAM BW: 64.000 words/cycle

Running Layer 797
Total cycles: 933
Compute cycles: 525
Stall cycles: 0
Overall utilization: 6.95%
Mapping efficiency: 25.00%
Average IFMAP SRAM BW: 4.450 words/cycle
Average Filter SRAM BW: 3.901 words/cycle
Average OFMAP SRAM BW: 17.798 words/cycle
Average IFMAP DRAM BW: 4.441 words/cycle
Average Filter DRAM BW: 7.787 words/cycle
Average OFMAP DRAM BW: 64.000 words/cycle

Running Layer 798
Total cycles: 597
Compute cycles: 262
Stall cycles: 0
Overall utilization: 13.93%
Mapping efficiency: 50.00%
Average IFMAP SRAM BW: 8.916 words/cycle
Average Filter SRAM BW: 7.817 words/cycle
Average OFMAP SRAM BW: 17.832 words/cycle
Average IFMAP DRAM BW: 8.882 words/cycle
Average Filter DRAM BW: 7.787 words/cycle
Average OFMAP DRAM BW: 64.000 words/cycle

Running Layer 799
Total cycles: 1195
Compute cycles: 525
Stall cycles: 0
Overall utilization: 13.90%
Mapping efficiency: 50.00%
Average IFMAP SRAM BW: 8.899 words/cycle
Average Filter SRAM BW: 7.802 words/cycle
Average OFMAP SRAM BW: 17.798 words/cycle
Average IFMAP DRAM BW: 8.882 words/cycle
Average Filter DRAM BW: 7.802 words/cycle
Average OFMAP DRAM BW: 64.000 words/cycle

Running Layer 800
Total cycles: 859
Compute cycles: 262
Stall cycles: 0
Overall utilization: 27.86%
Mapping efficiency: 100.00%
Average IFMAP SRAM BW: 17.832 words/cycle
Average Filter SRAM BW: 15.634 words/cycle
Average OFMAP SRAM BW: 17.832 words/cycle
Average IFMAP DRAM BW: 8.899 words/cycle
Average Filter DRAM BW: 7.802 words/cycle
Average OFMAP DRAM BW: 64.000 words/cycle

Running Layer 801
Total cycles: 1719
Compute cycles: 525
Stall cycles: 0
Overall utilization: 27.81%
Mapping efficiency: 100.00%
Average IFMAP SRAM BW: 17.798 words/cycle
Average Filter SRAM BW: 15.604 words/cycle
Average OFMAP SRAM BW: 17.798 words/cycle
Average IFMAP DRAM BW: 8.899 words/cycle
Average Filter DRAM BW: 7.809 words/cycle
Average OFMAP DRAM BW: 64.000 words/cycle

Running Layer 802
Total cycles: 3177
Compute cycles: 1051
Stall cycles: 0
Overall utilization: 27.78%
Mapping efficiency: 100.00%
Average IFMAP SRAM BW: 17.781 words/cycle
Average Filter SRAM BW: 15.589 words/cycle
Average OFMAP SRAM BW: 17.781 words/cycle
Average IFMAP DRAM BW: 8.908 words/cycle
Average Filter DRAM BW: 8.929 words/cycle
Average OFMAP DRAM BW: 64.000 words/cycle

Running Layer 803
Total cycles: 599
Compute cycles: 263
Stall cycles: 0
Overall utilization: 1.76%
Mapping efficiency: 6.25%
Average IFMAP SRAM BW: 1.125 words/cycle
Average Filter SRAM BW: 0.973 words/cycle
Average OFMAP SRAM BW: 18.008 words/cycle
Average IFMAP DRAM BW: 1.125 words/cycle
Average Filter DRAM BW: 0.973 words/cycle
Average OFMAP DRAM BW: 64.000 words/cycle

Running Layer 804
Total cycles: 937
Compute cycles: 527
Stall cycles: 0
Overall utilization: 1.76%
Mapping efficiency: 6.25%
Average IFMAP SRAM BW: 1.123 words/cycle
Average Filter SRAM BW: 0.972 words/cycle
Average OFMAP SRAM BW: 17.973 words/cycle
Average IFMAP DRAM BW: 1.125 words/cycle
Average Filter DRAM BW: 1.947 words/cycle
Average OFMAP DRAM BW: 64.000 words/cycle

Running Layer 805
Total cycles: 599
Compute cycles: 263
Stall cycles: 0
Overall utilization: 3.52%
Mapping efficiency: 12.50%
Average IFMAP SRAM BW: 2.251 words/cycle
Average Filter SRAM BW: 1.947 words/cycle
Average OFMAP SRAM BW: 18.008 words/cycle
Average IFMAP DRAM BW: 2.251 words/cycle
Average Filter DRAM BW: 1.947 words/cycle
Average OFMAP DRAM BW: 64.000 words/cycle

Running Layer 806
Total cycles: 937
Compute cycles: 527
Stall cycles: 0
Overall utilization: 3.51%
Mapping efficiency: 12.50%
Average IFMAP SRAM BW: 2.247 words/cycle
Average Filter SRAM BW: 1.943 words/cycle
Average OFMAP SRAM BW: 17.973 words/cycle
Average IFMAP DRAM BW: 2.251 words/cycle
Average Filter DRAM BW: 3.894 words/cycle
Average OFMAP DRAM BW: 64.000 words/cycle

Running Layer 807
Total cycles: 599
Compute cycles: 263
Stall cycles: 0
Overall utilization: 7.03%
Mapping efficiency: 25.00%
Average IFMAP SRAM BW: 4.502 words/cycle
Average Filter SRAM BW: 3.894 words/cycle
Average OFMAP SRAM BW: 18.008 words/cycle
Average IFMAP DRAM BW: 4.502 words/cycle
Average Filter DRAM BW: 3.894 words/cycle
Average OFMAP DRAM BW: 64.000 words/cycle

Running Layer 808
Total cycles: 937
Compute cycles: 527
Stall cycles: 0
Overall utilization: 7.02%
Mapping efficiency: 25.00%
Average IFMAP SRAM BW: 4.493 words/cycle
Average Filter SRAM BW: 3.886 words/cycle
Average OFMAP SRAM BW: 17.973 words/cycle
Average IFMAP DRAM BW: 4.502 words/cycle
Average Filter DRAM BW: 7.787 words/cycle
Average OFMAP DRAM BW: 64.000 words/cycle

Running Layer 809
Total cycles: 599
Compute cycles: 263
Stall cycles: 0
Overall utilization: 14.07%
Mapping efficiency: 50.00%
Average IFMAP SRAM BW: 9.004 words/cycle
Average Filter SRAM BW: 7.787 words/cycle
Average OFMAP SRAM BW: 18.008 words/cycle
Average IFMAP DRAM BW: 9.004 words/cycle
Average Filter DRAM BW: 7.787 words/cycle
Average OFMAP DRAM BW: 64.000 words/cycle

Running Layer 810
Total cycles: 1199
Compute cycles: 527
Stall cycles: 0
Overall utilization: 14.04%
Mapping efficiency: 50.00%
Average IFMAP SRAM BW: 8.987 words/cycle
Average Filter SRAM BW: 7.772 words/cycle
Average OFMAP SRAM BW: 17.973 words/cycle
Average IFMAP DRAM BW: 9.004 words/cycle
Average Filter DRAM BW: 7.802 words/cycle
Average OFMAP DRAM BW: 64.000 words/cycle

Running Layer 811
Total cycles: 861
Compute cycles: 263
Stall cycles: 0
Overall utilization: 28.14%
Mapping efficiency: 100.00%
Average IFMAP SRAM BW: 18.008 words/cycle
Average Filter SRAM BW: 15.574 words/cycle
Average OFMAP SRAM BW: 18.008 words/cycle
Average IFMAP DRAM BW: 9.021 words/cycle
Average Filter DRAM BW: 7.802 words/cycle
Average OFMAP DRAM BW: 64.000 words/cycle

Running Layer 812
Total cycles: 1723
Compute cycles: 527
Stall cycles: 0
Overall utilization: 28.08%
Mapping efficiency: 100.00%
Average IFMAP SRAM BW: 17.973 words/cycle
Average Filter SRAM BW: 15.545 words/cycle
Average OFMAP SRAM BW: 17.973 words/cycle
Average IFMAP DRAM BW: 9.021 words/cycle
Average Filter DRAM BW: 7.809 words/cycle
Average OFMAP DRAM BW: 64.000 words/cycle

Running Layer 813
Total cycles: 3185
Compute cycles: 1055
Stall cycles: 0
Overall utilization: 28.06%
Mapping efficiency: 100.00%
Average IFMAP SRAM BW: 17.956 words/cycle
Average Filter SRAM BW: 15.530 words/cycle
Average OFMAP SRAM BW: 17.956 words/cycle
Average IFMAP DRAM BW: 9.030 words/cycle
Average Filter DRAM BW: 8.929 words/cycle
Average OFMAP DRAM BW: 64.000 words/cycle

Running Layer 814
Total cycles: 601
Compute cycles: 264
Stall cycles: 0
Overall utilization: 1.78%
Mapping efficiency: 6.25%
Average IFMAP SRAM BW: 1.136 words/cycle
Average Filter SRAM BW: 0.970 words/cycle
Average OFMAP SRAM BW: 18.182 words/cycle
Average IFMAP DRAM BW: 1.141 words/cycle
Average Filter DRAM BW: 0.973 words/cycle
Average OFMAP DRAM BW: 64.000 words/cycle

Running Layer 815
Total cycles: 941
Compute cycles: 529
Stall cycles: 0
Overall utilization: 1.77%
Mapping efficiency: 6.25%
Average IFMAP SRAM BW: 1.134 words/cycle
Average Filter SRAM BW: 0.968 words/cycle
Average OFMAP SRAM BW: 18.147 words/cycle
Average IFMAP DRAM BW: 1.141 words/cycle
Average Filter DRAM BW: 1.947 words/cycle
Average OFMAP DRAM BW: 64.000 words/cycle

Running Layer 816
Total cycles: 601
Compute cycles: 264
Stall cycles: 0
Overall utilization: 3.55%
Mapping efficiency: 12.50%
Average IFMAP SRAM BW: 2.273 words/cycle
Average Filter SRAM BW: 1.939 words/cycle
Average OFMAP SRAM BW: 18.182 words/cycle
Average IFMAP DRAM BW: 2.281 words/cycle
Average Filter DRAM BW: 1.947 words/cycle
Average OFMAP DRAM BW: 64.000 words/cycle

Running Layer 817
Total cycles: 941
Compute cycles: 529
Stall cycles: 0
Overall utilization: 3.54%
Mapping efficiency: 12.50%
Average IFMAP SRAM BW: 2.268 words/cycle
Average Filter SRAM BW: 1.936 words/cycle
Average OFMAP SRAM BW: 18.147 words/cycle
Average IFMAP DRAM BW: 2.281 words/cycle
Average Filter DRAM BW: 3.894 words/cycle
Average OFMAP DRAM BW: 64.000 words/cycle

Running Layer 818
Total cycles: 601
Compute cycles: 264
Stall cycles: 0
Overall utilization: 7.10%
Mapping efficiency: 25.00%
Average IFMAP SRAM BW: 4.545 words/cycle
Average Filter SRAM BW: 3.879 words/cycle
Average OFMAP SRAM BW: 18.182 words/cycle
Average IFMAP DRAM BW: 4.563 words/cycle
Average Filter DRAM BW: 3.894 words/cycle
Average OFMAP DRAM BW: 64.000 words/cycle

Running Layer 819
Total cycles: 941
Compute cycles: 529
Stall cycles: 0
Overall utilization: 7.09%
Mapping efficiency: 25.00%
Average IFMAP SRAM BW: 4.537 words/cycle
Average Filter SRAM BW: 3.871 words/cycle
Average OFMAP SRAM BW: 18.147 words/cycle
Average IFMAP DRAM BW: 4.563 words/cycle
Average Filter DRAM BW: 7.787 words/cycle
Average OFMAP DRAM BW: 64.000 words/cycle

Running Layer 820
Total cycles: 601
Compute cycles: 264
Stall cycles: 0
Overall utilization: 14.20%
Mapping efficiency: 50.00%
Average IFMAP SRAM BW: 9.091 words/cycle
Average Filter SRAM BW: 7.758 words/cycle
Average OFMAP SRAM BW: 18.182 words/cycle
Average IFMAP DRAM BW: 9.125 words/cycle
Average Filter DRAM BW: 7.787 words/cycle
Average OFMAP DRAM BW: 64.000 words/cycle

Running Layer 821
Total cycles: 1203
Compute cycles: 529
Stall cycles: 0
Overall utilization: 14.18%
Mapping efficiency: 50.00%
Average IFMAP SRAM BW: 9.074 words/cycle
Average Filter SRAM BW: 7.743 words/cycle
Average OFMAP SRAM BW: 18.147 words/cycle
Average IFMAP DRAM BW: 9.125 words/cycle
Average Filter DRAM BW: 7.802 words/cycle
Average OFMAP DRAM BW: 64.000 words/cycle

Running Layer 822
Total cycles: 863
Compute cycles: 264
Stall cycles: 0
Overall utilization: 28.41%
Mapping efficiency: 100.00%
Average IFMAP SRAM BW: 18.182 words/cycle
Average Filter SRAM BW: 15.515 words/cycle
Average OFMAP SRAM BW: 18.182 words/cycle
Average IFMAP DRAM BW: 9.143 words/cycle
Average Filter DRAM BW: 7.802 words/cycle
Average OFMAP DRAM BW: 64.000 words/cycle

Running Layer 823
Total cycles: 1727
Compute cycles: 529
Stall cycles: 0
Overall utilization: 28.36%
Mapping efficiency: 100.00%
Average IFMAP SRAM BW: 18.147 words/cycle
Average Filter SRAM BW: 15.486 words/cycle
Average OFMAP SRAM BW: 18.147 words/cycle
Average IFMAP DRAM BW: 9.143 words/cycle
Average Filter DRAM BW: 7.809 words/cycle
Average OFMAP DRAM BW: 64.000 words/cycle

Running Layer 824
Total cycles: 3193
Compute cycles: 1059
Stall cycles: 0
Overall utilization: 28.33%
Mapping efficiency: 100.00%
Average IFMAP SRAM BW: 18.130 words/cycle
Average Filter SRAM BW: 15.471 words/cycle
Average OFMAP SRAM BW: 18.130 words/cycle
Average IFMAP DRAM BW: 9.152 words/cycle
Average Filter DRAM BW: 8.929 words/cycle
Average OFMAP DRAM BW: 64.000 words/cycle

Running Layer 825
Total cycles: 603
Compute cycles: 265
Stall cycles: 0
Overall utilization: 1.79%
Mapping efficiency: 6.25%
Average IFMAP SRAM BW: 1.147 words/cycle
Average Filter SRAM BW: 0.966 words/cycle
Average OFMAP SRAM BW: 18.355 words/cycle
Average IFMAP DRAM BW: 1.156 words/cycle
Average Filter DRAM BW: 0.973 words/cycle
Average OFMAP DRAM BW: 64.000 words/cycle

Running Layer 826
Total cycles: 945
Compute cycles: 531
Stall cycles: 0
Overall utilization: 1.79%
Mapping efficiency: 6.25%
Average IFMAP SRAM BW: 1.145 words/cycle
Average Filter SRAM BW: 0.964 words/cycle
Average OFMAP SRAM BW: 18.320 words/cycle
Average IFMAP DRAM BW: 1.156 words/cycle
Average Filter DRAM BW: 1.947 words/cycle
Average OFMAP DRAM BW: 64.000 words/cycle

Running Layer 827
Total cycles: 603
Compute cycles: 265
Stall cycles: 0
Overall utilization: 3.58%
Mapping efficiency: 12.50%
Average IFMAP SRAM BW: 2.294 words/cycle
Average Filter SRAM BW: 1.932 words/cycle
Average OFMAP SRAM BW: 18.355 words/cycle
Average IFMAP DRAM BW: 2.312 words/cycle
Average Filter DRAM BW: 1.947 words/cycle
Average OFMAP DRAM BW: 64.000 words/cycle

Running Layer 828
Total cycles: 945
Compute cycles: 531
Stall cycles: 0
Overall utilization: 3.58%
Mapping efficiency: 12.50%
Average IFMAP SRAM BW: 2.290 words/cycle
Average Filter SRAM BW: 1.928 words/cycle
Average OFMAP SRAM BW: 18.320 words/cycle
Average IFMAP DRAM BW: 2.312 words/cycle
Average Filter DRAM BW: 3.894 words/cycle
Average OFMAP DRAM BW: 64.000 words/cycle

Running Layer 829
Total cycles: 603
Compute cycles: 265
Stall cycles: 0
Overall utilization: 7.17%
Mapping efficiency: 25.00%
Average IFMAP SRAM BW: 4.589 words/cycle
Average Filter SRAM BW: 3.864 words/cycle
Average OFMAP SRAM BW: 18.355 words/cycle
Average IFMAP DRAM BW: 4.624 words/cycle
Average Filter DRAM BW: 3.894 words/cycle
Average OFMAP DRAM BW: 64.000 words/cycle

Running Layer 830
Total cycles: 945
Compute cycles: 531
Stall cycles: 0
Overall utilization: 7.16%
Mapping efficiency: 25.00%
Average IFMAP SRAM BW: 4.580 words/cycle
Average Filter SRAM BW: 3.857 words/cycle
Average OFMAP SRAM BW: 18.320 words/cycle
Average IFMAP DRAM BW: 4.624 words/cycle
Average Filter DRAM BW: 7.787 words/cycle
Average OFMAP DRAM BW: 64.000 words/cycle

Running Layer 831
Total cycles: 603
Compute cycles: 265
Stall cycles: 0
Overall utilization: 14.34%
Mapping efficiency: 50.00%
Average IFMAP SRAM BW: 9.177 words/cycle
Average Filter SRAM BW: 7.728 words/cycle
Average OFMAP SRAM BW: 18.355 words/cycle
Average IFMAP DRAM BW: 9.247 words/cycle
Average Filter DRAM BW: 7.787 words/cycle
Average OFMAP DRAM BW: 64.000 words/cycle

Running Layer 832
Total cycles: 1207
Compute cycles: 531
Stall cycles: 0
Overall utilization: 14.31%
Mapping efficiency: 50.00%
Average IFMAP SRAM BW: 9.160 words/cycle
Average Filter SRAM BW: 7.714 words/cycle
Average OFMAP SRAM BW: 18.320 words/cycle
Average IFMAP DRAM BW: 9.247 words/cycle
Average Filter DRAM BW: 7.802 words/cycle
Average OFMAP DRAM BW: 64.000 words/cycle

Running Layer 833
Total cycles: 865
Compute cycles: 265
Stall cycles: 0
Overall utilization: 28.68%
Mapping efficiency: 100.00%
Average IFMAP SRAM BW: 18.355 words/cycle
Average Filter SRAM BW: 15.457 words/cycle
Average OFMAP SRAM BW: 18.355 words/cycle
Average IFMAP DRAM BW: 9.265 words/cycle
Average Filter DRAM BW: 7.802 words/cycle
Average OFMAP DRAM BW: 64.000 words/cycle

Running Layer 834
Total cycles: 1731
Compute cycles: 531
Stall cycles: 0
Overall utilization: 28.63%
Mapping efficiency: 100.00%
Average IFMAP SRAM BW: 18.320 words/cycle
Average Filter SRAM BW: 15.427 words/cycle
Average OFMAP SRAM BW: 18.320 words/cycle
Average IFMAP DRAM BW: 9.265 words/cycle
Average Filter DRAM BW: 7.809 words/cycle
Average OFMAP DRAM BW: 64.000 words/cycle

Running Layer 835
Total cycles: 3201
Compute cycles: 1063
Stall cycles: 0
Overall utilization: 28.60%
Mapping efficiency: 100.00%
Average IFMAP SRAM BW: 18.303 words/cycle
Average Filter SRAM BW: 15.413 words/cycle
Average OFMAP SRAM BW: 18.303 words/cycle
Average IFMAP DRAM BW: 9.274 words/cycle
Average Filter DRAM BW: 8.929 words/cycle
Average OFMAP DRAM BW: 64.000 words/cycle

Running Layer 836
Total cycles: 605
Compute cycles: 266
Stall cycles: 0
Overall utilization: 1.81%
Mapping efficiency: 6.25%
Average IFMAP SRAM BW: 1.158 words/cycle
Average Filter SRAM BW: 0.962 words/cycle
Average OFMAP SRAM BW: 18.526 words/cycle
Average IFMAP DRAM BW: 1.171 words/cycle
Average Filter DRAM BW: 0.973 words/cycle
Average OFMAP DRAM BW: 64.000 words/cycle

Running Layer 837
Total cycles: 949
Compute cycles: 533
Stall cycles: 0
Overall utilization: 1.81%
Mapping efficiency: 6.25%
Average IFMAP SRAM BW: 1.156 words/cycle
Average Filter SRAM BW: 0.961 words/cycle
Average OFMAP SRAM BW: 18.492 words/cycle
Average IFMAP DRAM BW: 1.171 words/cycle
Average Filter DRAM BW: 1.947 words/cycle
Average OFMAP DRAM BW: 64.000 words/cycle

Running Layer 838
Total cycles: 605
Compute cycles: 266
Stall cycles: 0
Overall utilization: 3.62%
Mapping efficiency: 12.50%
Average IFMAP SRAM BW: 2.316 words/cycle
Average Filter SRAM BW: 1.925 words/cycle
Average OFMAP SRAM BW: 18.526 words/cycle
Average IFMAP DRAM BW: 2.342 words/cycle
Average Filter DRAM BW: 1.947 words/cycle
Average OFMAP DRAM BW: 64.000 words/cycle

Running Layer 839
Total cycles: 949
Compute cycles: 533
Stall cycles: 0
Overall utilization: 3.61%
Mapping efficiency: 12.50%
Average IFMAP SRAM BW: 2.311 words/cycle
Average Filter SRAM BW: 1.921 words/cycle
Average OFMAP SRAM BW: 18.492 words/cycle
Average IFMAP DRAM BW: 2.342 words/cycle
Average Filter DRAM BW: 3.894 words/cycle
Average OFMAP DRAM BW: 64.000 words/cycle

Running Layer 840
Total cycles: 605
Compute cycles: 266
Stall cycles: 0
Overall utilization: 7.24%
Mapping efficiency: 25.00%
Average IFMAP SRAM BW: 4.632 words/cycle
Average Filter SRAM BW: 3.850 words/cycle
Average OFMAP SRAM BW: 18.526 words/cycle
Average IFMAP DRAM BW: 4.684 words/cycle
Average Filter DRAM BW: 3.894 words/cycle
Average OFMAP DRAM BW: 64.000 words/cycle

Running Layer 841
Total cycles: 949
Compute cycles: 533
Stall cycles: 0
Overall utilization: 7.22%
Mapping efficiency: 25.00%
Average IFMAP SRAM BW: 4.623 words/cycle
Average Filter SRAM BW: 3.842 words/cycle
Average OFMAP SRAM BW: 18.492 words/cycle
Average IFMAP DRAM BW: 4.684 words/cycle
Average Filter DRAM BW: 7.787 words/cycle
Average OFMAP DRAM BW: 64.000 words/cycle

Running Layer 842
Total cycles: 605
Compute cycles: 266
Stall cycles: 0
Overall utilization: 14.47%
Mapping efficiency: 50.00%
Average IFMAP SRAM BW: 9.263 words/cycle
Average Filter SRAM BW: 7.699 words/cycle
Average OFMAP SRAM BW: 18.526 words/cycle
Average IFMAP DRAM BW: 9.369 words/cycle
Average Filter DRAM BW: 7.787 words/cycle
Average OFMAP DRAM BW: 64.000 words/cycle

Running Layer 843
Total cycles: 1211
Compute cycles: 533
Stall cycles: 0
Overall utilization: 14.45%
Mapping efficiency: 50.00%
Average IFMAP SRAM BW: 9.246 words/cycle
Average Filter SRAM BW: 7.685 words/cycle
Average OFMAP SRAM BW: 18.492 words/cycle
Average IFMAP DRAM BW: 9.369 words/cycle
Average Filter DRAM BW: 7.802 words/cycle
Average OFMAP DRAM BW: 64.000 words/cycle

Running Layer 844
Total cycles: 867
Compute cycles: 266
Stall cycles: 0
Overall utilization: 28.95%
Mapping efficiency: 100.00%
Average IFMAP SRAM BW: 18.526 words/cycle
Average Filter SRAM BW: 15.398 words/cycle
Average OFMAP SRAM BW: 18.526 words/cycle
Average IFMAP DRAM BW: 9.387 words/cycle
Average Filter DRAM BW: 7.802 words/cycle
Average OFMAP DRAM BW: 64.000 words/cycle

Running Layer 845
Total cycles: 1735
Compute cycles: 533
Stall cycles: 0
Overall utilization: 28.89%
Mapping efficiency: 100.00%
Average IFMAP SRAM BW: 18.492 words/cycle
Average Filter SRAM BW: 15.370 words/cycle
Average OFMAP SRAM BW: 18.492 words/cycle
Average IFMAP DRAM BW: 9.387 words/cycle
Average Filter DRAM BW: 7.809 words/cycle
Average OFMAP DRAM BW: 64.000 words/cycle

Running Layer 846
Total cycles: 3209
Compute cycles: 1067
Stall cycles: 0
Overall utilization: 28.87%
Mapping efficiency: 100.00%
Average IFMAP SRAM BW: 18.474 words/cycle
Average Filter SRAM BW: 15.355 words/cycle
Average OFMAP SRAM BW: 18.474 words/cycle
Average IFMAP DRAM BW: 9.396 words/cycle
Average Filter DRAM BW: 8.929 words/cycle
Average OFMAP DRAM BW: 64.000 words/cycle

Running Layer 847
Total cycles: 607
Compute cycles: 267
Stall cycles: 0
Overall utilization: 1.83%
Mapping efficiency: 6.25%
Average IFMAP SRAM BW: 1.169 words/cycle
Average Filter SRAM BW: 0.959 words/cycle
Average OFMAP SRAM BW: 18.697 words/cycle
Average IFMAP DRAM BW: 1.186 words/cycle
Average Filter DRAM BW: 0.973 words/cycle
Average OFMAP DRAM BW: 64.000 words/cycle

Running Layer 848
Total cycles: 953
Compute cycles: 535
Stall cycles: 0
Overall utilization: 1.82%
Mapping efficiency: 6.25%
Average IFMAP SRAM BW: 1.166 words/cycle
Average Filter SRAM BW: 0.957 words/cycle
Average OFMAP SRAM BW: 18.662 words/cycle
Average IFMAP DRAM BW: 1.186 words/cycle
Average Filter DRAM BW: 1.947 words/cycle
Average OFMAP DRAM BW: 64.000 words/cycle

Running Layer 849
Total cycles: 607
Compute cycles: 267
Stall cycles: 0
Overall utilization: 3.65%
Mapping efficiency: 12.50%
Average IFMAP SRAM BW: 2.337 words/cycle
Average Filter SRAM BW: 1.918 words/cycle
Average OFMAP SRAM BW: 18.697 words/cycle
Average IFMAP DRAM BW: 2.373 words/cycle
Average Filter DRAM BW: 1.947 words/cycle
Average OFMAP DRAM BW: 64.000 words/cycle

Running Layer 850
Total cycles: 953
Compute cycles: 535
Stall cycles: 0
Overall utilization: 3.64%
Mapping efficiency: 12.50%
Average IFMAP SRAM BW: 2.333 words/cycle
Average Filter SRAM BW: 1.914 words/cycle
Average OFMAP SRAM BW: 18.662 words/cycle
Average IFMAP DRAM BW: 2.373 words/cycle
Average Filter DRAM BW: 3.894 words/cycle
Average OFMAP DRAM BW: 64.000 words/cycle

Running Layer 851
Total cycles: 607
Compute cycles: 267
Stall cycles: 0
Overall utilization: 7.30%
Mapping efficiency: 25.00%
Average IFMAP SRAM BW: 4.674 words/cycle
Average Filter SRAM BW: 3.835 words/cycle
Average OFMAP SRAM BW: 18.697 words/cycle
Average IFMAP DRAM BW: 4.745 words/cycle
Average Filter DRAM BW: 3.894 words/cycle
Average OFMAP DRAM BW: 64.000 words/cycle

Running Layer 852
Total cycles: 953
Compute cycles: 535
Stall cycles: 0
Overall utilization: 7.29%
Mapping efficiency: 25.00%
Average IFMAP SRAM BW: 4.665 words/cycle
Average Filter SRAM BW: 3.828 words/cycle
Average OFMAP SRAM BW: 18.662 words/cycle
Average IFMAP DRAM BW: 4.745 words/cycle
Average Filter DRAM BW: 7.787 words/cycle
Average OFMAP DRAM BW: 64.000 words/cycle

Running Layer 853
Total cycles: 607
Compute cycles: 267
Stall cycles: 0
Overall utilization: 14.61%
Mapping efficiency: 50.00%
Average IFMAP SRAM BW: 9.348 words/cycle
Average Filter SRAM BW: 7.670 words/cycle
Average OFMAP SRAM BW: 18.697 words/cycle
Average IFMAP DRAM BW: 9.490 words/cycle
Average Filter DRAM BW: 7.787 words/cycle
Average OFMAP DRAM BW: 64.000 words/cycle

Running Layer 854
Total cycles: 1215
Compute cycles: 535
Stall cycles: 0
Overall utilization: 14.58%
Mapping efficiency: 50.00%
Average IFMAP SRAM BW: 9.331 words/cycle
Average Filter SRAM BW: 7.656 words/cycle
Average OFMAP SRAM BW: 18.662 words/cycle
Average IFMAP DRAM BW: 9.490 words/cycle
Average Filter DRAM BW: 7.802 words/cycle
Average OFMAP DRAM BW: 64.000 words/cycle

Running Layer 855
Total cycles: 869
Compute cycles: 267
Stall cycles: 0
Overall utilization: 29.21%
Mapping efficiency: 100.00%
Average IFMAP SRAM BW: 18.697 words/cycle
Average Filter SRAM BW: 15.341 words/cycle
Average OFMAP SRAM BW: 18.697 words/cycle
Average IFMAP DRAM BW: 9.509 words/cycle
Average Filter DRAM BW: 7.802 words/cycle
Average OFMAP DRAM BW: 64.000 words/cycle

Running Layer 856
Total cycles: 1739
Compute cycles: 535
Stall cycles: 0
Overall utilization: 29.16%
Mapping efficiency: 100.00%
Average IFMAP SRAM BW: 18.662 words/cycle
Average Filter SRAM BW: 15.312 words/cycle
Average OFMAP SRAM BW: 18.662 words/cycle
Average IFMAP DRAM BW: 9.509 words/cycle
Average Filter DRAM BW: 7.809 words/cycle
Average OFMAP DRAM BW: 64.000 words/cycle

Running Layer 857
Total cycles: 3217
Compute cycles: 1071
Stall cycles: 0
Overall utilization: 29.13%
Mapping efficiency: 100.00%
Average IFMAP SRAM BW: 18.644 words/cycle
Average Filter SRAM BW: 15.298 words/cycle
Average OFMAP SRAM BW: 18.644 words/cycle
Average IFMAP DRAM BW: 9.518 words/cycle
Average Filter DRAM BW: 8.929 words/cycle
Average OFMAP DRAM BW: 64.000 words/cycle

Running Layer 858
Total cycles: 609
Compute cycles: 268
Stall cycles: 0
Overall utilization: 1.84%
Mapping efficiency: 6.25%
Average IFMAP SRAM BW: 1.179 words/cycle
Average Filter SRAM BW: 0.955 words/cycle
Average OFMAP SRAM BW: 18.866 words/cycle
Average IFMAP DRAM BW: 1.202 words/cycle
Average Filter DRAM BW: 0.973 words/cycle
Average OFMAP DRAM BW: 64.000 words/cycle

Running Layer 859
Total cycles: 957
Compute cycles: 537
Stall cycles: 0
Overall utilization: 1.84%
Mapping efficiency: 6.25%
Average IFMAP SRAM BW: 1.177 words/cycle
Average Filter SRAM BW: 0.953 words/cycle
Average OFMAP SRAM BW: 18.831 words/cycle
Average IFMAP DRAM BW: 1.202 words/cycle
Average Filter DRAM BW: 1.947 words/cycle
Average OFMAP DRAM BW: 64.000 words/cycle

Running Layer 860
Total cycles: 609
Compute cycles: 268
Stall cycles: 0
Overall utilization: 3.68%
Mapping efficiency: 12.50%
Average IFMAP SRAM BW: 2.358 words/cycle
Average Filter SRAM BW: 1.910 words/cycle
Average OFMAP SRAM BW: 18.866 words/cycle
Average IFMAP DRAM BW: 2.403 words/cycle
Average Filter DRAM BW: 1.947 words/cycle
Average OFMAP DRAM BW: 64.000 words/cycle

Running Layer 861
Total cycles: 957
Compute cycles: 537
Stall cycles: 0
Overall utilization: 3.68%
Mapping efficiency: 12.50%
Average IFMAP SRAM BW: 2.354 words/cycle
Average Filter SRAM BW: 1.907 words/cycle
Average OFMAP SRAM BW: 18.831 words/cycle
Average IFMAP DRAM BW: 2.403 words/cycle
Average Filter DRAM BW: 3.894 words/cycle
Average OFMAP DRAM BW: 64.000 words/cycle

Running Layer 862
Total cycles: 609
Compute cycles: 268
Stall cycles: 0
Overall utilization: 7.37%
Mapping efficiency: 25.00%
Average IFMAP SRAM BW: 4.716 words/cycle
Average Filter SRAM BW: 3.821 words/cycle
Average OFMAP SRAM BW: 18.866 words/cycle
Average IFMAP DRAM BW: 4.806 words/cycle
Average Filter DRAM BW: 3.894 words/cycle
Average OFMAP DRAM BW: 64.000 words/cycle

Running Layer 863
Total cycles: 957
Compute cycles: 537
Stall cycles: 0
Overall utilization: 7.36%
Mapping efficiency: 25.00%
Average IFMAP SRAM BW: 4.708 words/cycle
Average Filter SRAM BW: 3.814 words/cycle
Average OFMAP SRAM BW: 18.831 words/cycle
Average IFMAP DRAM BW: 4.806 words/cycle
Average Filter DRAM BW: 7.787 words/cycle
Average OFMAP DRAM BW: 64.000 words/cycle

Running Layer 864
Total cycles: 609
Compute cycles: 268
Stall cycles: 0
Overall utilization: 14.74%
Mapping efficiency: 50.00%
Average IFMAP SRAM BW: 9.433 words/cycle
Average Filter SRAM BW: 7.642 words/cycle
Average OFMAP SRAM BW: 18.866 words/cycle
Average IFMAP DRAM BW: 9.612 words/cycle
Average Filter DRAM BW: 7.787 words/cycle
Average OFMAP DRAM BW: 64.000 words/cycle

Running Layer 865
Total cycles: 1219
Compute cycles: 537
Stall cycles: 0
Overall utilization: 14.71%
Mapping efficiency: 50.00%
Average IFMAP SRAM BW: 9.415 words/cycle
Average Filter SRAM BW: 7.628 words/cycle
Average OFMAP SRAM BW: 18.831 words/cycle
Average IFMAP DRAM BW: 9.612 words/cycle
Average Filter DRAM BW: 7.802 words/cycle
Average OFMAP DRAM BW: 64.000 words/cycle

Running Layer 866
Total cycles: 871
Compute cycles: 268
Stall cycles: 0
Overall utilization: 29.48%
Mapping efficiency: 100.00%
Average IFMAP SRAM BW: 18.866 words/cycle
Average Filter SRAM BW: 15.284 words/cycle
Average OFMAP SRAM BW: 18.866 words/cycle
Average IFMAP DRAM BW: 9.630 words/cycle
Average Filter DRAM BW: 7.802 words/cycle
Average OFMAP DRAM BW: 64.000 words/cycle

Running Layer 867
Total cycles: 1743
Compute cycles: 537
Stall cycles: 0
Overall utilization: 29.42%
Mapping efficiency: 100.00%
Average IFMAP SRAM BW: 18.831 words/cycle
Average Filter SRAM BW: 15.255 words/cycle
Average OFMAP SRAM BW: 18.831 words/cycle
Average IFMAP DRAM BW: 9.630 words/cycle
Average Filter DRAM BW: 7.809 words/cycle
Average OFMAP DRAM BW: 64.000 words/cycle

Running Layer 868
Total cycles: 3225
Compute cycles: 1075
Stall cycles: 0
Overall utilization: 29.40%
Mapping efficiency: 100.00%
Average IFMAP SRAM BW: 18.813 words/cycle
Average Filter SRAM BW: 15.241 words/cycle
Average OFMAP SRAM BW: 18.813 words/cycle
Average IFMAP DRAM BW: 9.640 words/cycle
Average Filter DRAM BW: 8.929 words/cycle
Average OFMAP DRAM BW: 64.000 words/cycle

Running Layer 869
Total cycles: 611
Compute cycles: 269
Stall cycles: 0
Overall utilization: 1.86%
Mapping efficiency: 6.25%
Average IFMAP SRAM BW: 1.190 words/cycle
Average Filter SRAM BW: 0.952 words/cycle
Average OFMAP SRAM BW: 19.033 words/cycle
Average IFMAP DRAM BW: 1.217 words/cycle
Average Filter DRAM BW: 0.973 words/cycle
Average OFMAP DRAM BW: 64.000 words/cycle

Running Layer 870
Total cycles: 961
Compute cycles: 539
Stall cycles: 0
Overall utilization: 1.86%
Mapping efficiency: 6.25%
Average IFMAP SRAM BW: 1.187 words/cycle
Average Filter SRAM BW: 0.950 words/cycle
Average OFMAP SRAM BW: 18.998 words/cycle
Average IFMAP DRAM BW: 1.217 words/cycle
Average Filter DRAM BW: 1.947 words/cycle
Average OFMAP DRAM BW: 64.000 words/cycle

Running Layer 871
Total cycles: 611
Compute cycles: 269
Stall cycles: 0
Overall utilization: 3.72%
Mapping efficiency: 12.50%
Average IFMAP SRAM BW: 2.379 words/cycle
Average Filter SRAM BW: 1.903 words/cycle
Average OFMAP SRAM BW: 19.033 words/cycle
Average IFMAP DRAM BW: 2.433 words/cycle
Average Filter DRAM BW: 1.947 words/cycle
Average OFMAP DRAM BW: 64.000 words/cycle

Running Layer 872
Total cycles: 961
Compute cycles: 539
Stall cycles: 0
Overall utilization: 3.71%
Mapping efficiency: 12.50%
Average IFMAP SRAM BW: 2.375 words/cycle
Average Filter SRAM BW: 1.900 words/cycle
Average OFMAP SRAM BW: 18.998 words/cycle
Average IFMAP DRAM BW: 2.433 words/cycle
Average Filter DRAM BW: 3.894 words/cycle
Average OFMAP DRAM BW: 64.000 words/cycle

Running Layer 873
Total cycles: 611
Compute cycles: 269
Stall cycles: 0
Overall utilization: 7.43%
Mapping efficiency: 25.00%
Average IFMAP SRAM BW: 4.758 words/cycle
Average Filter SRAM BW: 3.807 words/cycle
Average OFMAP SRAM BW: 19.033 words/cycle
Average IFMAP DRAM BW: 4.867 words/cycle
Average Filter DRAM BW: 3.894 words/cycle
Average OFMAP DRAM BW: 64.000 words/cycle

Running Layer 874
Total cycles: 961
Compute cycles: 539
Stall cycles: 0
Overall utilization: 7.42%
Mapping efficiency: 25.00%
Average IFMAP SRAM BW: 4.750 words/cycle
Average Filter SRAM BW: 3.800 words/cycle
Average OFMAP SRAM BW: 18.998 words/cycle
Average IFMAP DRAM BW: 4.867 words/cycle
Average Filter DRAM BW: 7.787 words/cycle
Average OFMAP DRAM BW: 64.000 words/cycle

Running Layer 875
Total cycles: 611
Compute cycles: 269
Stall cycles: 0
Overall utilization: 14.87%
Mapping efficiency: 50.00%
Average IFMAP SRAM BW: 9.517 words/cycle
Average Filter SRAM BW: 7.613 words/cycle
Average OFMAP SRAM BW: 19.033 words/cycle
Average IFMAP DRAM BW: 9.734 words/cycle
Average Filter DRAM BW: 7.787 words/cycle
Average OFMAP DRAM BW: 64.000 words/cycle

Running Layer 876
Total cycles: 1223
Compute cycles: 539
Stall cycles: 0
Overall utilization: 14.84%
Mapping efficiency: 50.00%
Average IFMAP SRAM BW: 9.499 words/cycle
Average Filter SRAM BW: 7.599 words/cycle
Average OFMAP SRAM BW: 18.998 words/cycle
Average IFMAP DRAM BW: 9.734 words/cycle
Average Filter DRAM BW: 7.802 words/cycle
Average OFMAP DRAM BW: 64.000 words/cycle

Running Layer 877
Total cycles: 873
Compute cycles: 269
Stall cycles: 0
Overall utilization: 29.74%
Mapping efficiency: 100.00%
Average IFMAP SRAM BW: 19.033 words/cycle
Average Filter SRAM BW: 15.227 words/cycle
Average OFMAP SRAM BW: 19.033 words/cycle
Average IFMAP DRAM BW: 9.752 words/cycle
Average Filter DRAM BW: 7.802 words/cycle
Average OFMAP DRAM BW: 64.000 words/cycle

Running Layer 878
Total cycles: 1747
Compute cycles: 539
Stall cycles: 0
Overall utilization: 29.68%
Mapping efficiency: 100.00%
Average IFMAP SRAM BW: 18.998 words/cycle
Average Filter SRAM BW: 15.199 words/cycle
Average OFMAP SRAM BW: 18.998 words/cycle
Average IFMAP DRAM BW: 9.752 words/cycle
Average Filter DRAM BW: 7.809 words/cycle
Average OFMAP DRAM BW: 64.000 words/cycle

Running Layer 879
Total cycles: 3233
Compute cycles: 1079
Stall cycles: 0
Overall utilization: 29.66%
Mapping efficiency: 100.00%
Average IFMAP SRAM BW: 18.981 words/cycle
Average Filter SRAM BW: 15.184 words/cycle
Average OFMAP SRAM BW: 18.981 words/cycle
Average IFMAP DRAM BW: 9.762 words/cycle
Average Filter DRAM BW: 8.929 words/cycle
Average OFMAP DRAM BW: 64.000 words/cycle

Running Layer 880
Total cycles: 613
Compute cycles: 270
Stall cycles: 0
Overall utilization: 1.88%
Mapping efficiency: 6.25%
Average IFMAP SRAM BW: 1.200 words/cycle
Average Filter SRAM BW: 0.948 words/cycle
Average OFMAP SRAM BW: 19.200 words/cycle
Average IFMAP DRAM BW: 1.232 words/cycle
Average Filter DRAM BW: 0.973 words/cycle
Average OFMAP DRAM BW: 64.000 words/cycle

Running Layer 881
Total cycles: 965
Compute cycles: 541
Stall cycles: 0
Overall utilization: 1.87%
Mapping efficiency: 6.25%
Average IFMAP SRAM BW: 1.198 words/cycle
Average Filter SRAM BW: 0.946 words/cycle
Average OFMAP SRAM BW: 19.165 words/cycle
Average IFMAP DRAM BW: 1.232 words/cycle
Average Filter DRAM BW: 1.947 words/cycle
Average OFMAP DRAM BW: 64.000 words/cycle

Running Layer 882
Total cycles: 613
Compute cycles: 270
Stall cycles: 0
Overall utilization: 3.75%
Mapping efficiency: 12.50%
Average IFMAP SRAM BW: 2.400 words/cycle
Average Filter SRAM BW: 1.896 words/cycle
Average OFMAP SRAM BW: 19.200 words/cycle
Average IFMAP DRAM BW: 2.464 words/cycle
Average Filter DRAM BW: 1.947 words/cycle
Average OFMAP DRAM BW: 64.000 words/cycle

Running Layer 883
Total cycles: 965
Compute cycles: 541
Stall cycles: 0
Overall utilization: 3.74%
Mapping efficiency: 12.50%
Average IFMAP SRAM BW: 2.396 words/cycle
Average Filter SRAM BW: 1.893 words/cycle
Average OFMAP SRAM BW: 19.165 words/cycle
Average IFMAP DRAM BW: 2.464 words/cycle
Average Filter DRAM BW: 3.894 words/cycle
Average OFMAP DRAM BW: 64.000 words/cycle

Running Layer 884
Total cycles: 613
Compute cycles: 270
Stall cycles: 0
Overall utilization: 7.50%
Mapping efficiency: 25.00%
Average IFMAP SRAM BW: 4.800 words/cycle
Average Filter SRAM BW: 3.793 words/cycle
Average OFMAP SRAM BW: 19.200 words/cycle
Average IFMAP DRAM BW: 4.928 words/cycle
Average Filter DRAM BW: 3.894 words/cycle
Average OFMAP DRAM BW: 64.000 words/cycle

Running Layer 885
Total cycles: 965
Compute cycles: 541
Stall cycles: 0
Overall utilization: 7.49%
Mapping efficiency: 25.00%
Average IFMAP SRAM BW: 4.791 words/cycle
Average Filter SRAM BW: 3.786 words/cycle
Average OFMAP SRAM BW: 19.165 words/cycle
Average IFMAP DRAM BW: 4.928 words/cycle
Average Filter DRAM BW: 7.787 words/cycle
Average OFMAP DRAM BW: 64.000 words/cycle

Running Layer 886
Total cycles: 613
Compute cycles: 270
Stall cycles: 0
Overall utilization: 15.00%
Mapping efficiency: 50.00%
Average IFMAP SRAM BW: 9.600 words/cycle
Average Filter SRAM BW: 7.585 words/cycle
Average OFMAP SRAM BW: 19.200 words/cycle
Average IFMAP DRAM BW: 9.856 words/cycle
Average Filter DRAM BW: 7.787 words/cycle
Average OFMAP DRAM BW: 64.000 words/cycle

Running Layer 887
Total cycles: 1227
Compute cycles: 541
Stall cycles: 0
Overall utilization: 14.97%
Mapping efficiency: 50.00%
Average IFMAP SRAM BW: 9.582 words/cycle
Average Filter SRAM BW: 7.571 words/cycle
Average OFMAP SRAM BW: 19.165 words/cycle
Average IFMAP DRAM BW: 9.856 words/cycle
Average Filter DRAM BW: 7.802 words/cycle
Average OFMAP DRAM BW: 64.000 words/cycle

Running Layer 888
Total cycles: 875
Compute cycles: 270
Stall cycles: 0
Overall utilization: 30.00%
Mapping efficiency: 100.00%
Average IFMAP SRAM BW: 19.200 words/cycle
Average Filter SRAM BW: 15.170 words/cycle
Average OFMAP SRAM BW: 19.200 words/cycle
Average IFMAP DRAM BW: 9.874 words/cycle
Average Filter DRAM BW: 7.802 words/cycle
Average OFMAP DRAM BW: 64.000 words/cycle

Running Layer 889
Total cycles: 1751
Compute cycles: 541
Stall cycles: 0
Overall utilization: 29.94%
Mapping efficiency: 100.00%
Average IFMAP SRAM BW: 19.165 words/cycle
Average Filter SRAM BW: 15.142 words/cycle
Average OFMAP SRAM BW: 19.165 words/cycle
Average IFMAP DRAM BW: 9.874 words/cycle
Average Filter DRAM BW: 7.809 words/cycle
Average OFMAP DRAM BW: 64.000 words/cycle

Running Layer 890
Total cycles: 3241
Compute cycles: 1083
Stall cycles: 0
Overall utilization: 29.92%
Mapping efficiency: 100.00%
Average IFMAP SRAM BW: 19.147 words/cycle
Average Filter SRAM BW: 15.128 words/cycle
Average OFMAP SRAM BW: 19.147 words/cycle
Average IFMAP DRAM BW: 9.884 words/cycle
Average Filter DRAM BW: 8.929 words/cycle
Average OFMAP DRAM BW: 64.000 words/cycle

Running Layer 891
Total cycles: 615
Compute cycles: 271
Stall cycles: 0
Overall utilization: 1.89%
Mapping efficiency: 6.25%
Average IFMAP SRAM BW: 1.210 words/cycle
Average Filter SRAM BW: 0.945 words/cycle
Average OFMAP SRAM BW: 19.365 words/cycle
Average IFMAP DRAM BW: 1.247 words/cycle
Average Filter DRAM BW: 0.973 words/cycle
Average OFMAP DRAM BW: 64.000 words/cycle

Running Layer 892
Total cycles: 969
Compute cycles: 543
Stall cycles: 0
Overall utilization: 1.89%
Mapping efficiency: 6.25%
Average IFMAP SRAM BW: 1.208 words/cycle
Average Filter SRAM BW: 0.943 words/cycle
Average OFMAP SRAM BW: 19.330 words/cycle
Average IFMAP DRAM BW: 1.247 words/cycle
Average Filter DRAM BW: 1.947 words/cycle
Average OFMAP DRAM BW: 64.000 words/cycle

Running Layer 893
Total cycles: 615
Compute cycles: 271
Stall cycles: 0
Overall utilization: 3.78%
Mapping efficiency: 12.50%
Average IFMAP SRAM BW: 2.421 words/cycle
Average Filter SRAM BW: 1.889 words/cycle
Average OFMAP SRAM BW: 19.365 words/cycle
Average IFMAP DRAM BW: 2.494 words/cycle
Average Filter DRAM BW: 1.947 words/cycle
Average OFMAP DRAM BW: 64.000 words/cycle

Running Layer 894
Total cycles: 969
Compute cycles: 543
Stall cycles: 0
Overall utilization: 3.78%
Mapping efficiency: 12.50%
Average IFMAP SRAM BW: 2.416 words/cycle
Average Filter SRAM BW: 1.886 words/cycle
Average OFMAP SRAM BW: 19.330 words/cycle
Average IFMAP DRAM BW: 2.494 words/cycle
Average Filter DRAM BW: 3.894 words/cycle
Average OFMAP DRAM BW: 64.000 words/cycle

Running Layer 895
Total cycles: 615
Compute cycles: 271
Stall cycles: 0
Overall utilization: 7.56%
Mapping efficiency: 25.00%
Average IFMAP SRAM BW: 4.841 words/cycle
Average Filter SRAM BW: 3.779 words/cycle
Average OFMAP SRAM BW: 19.365 words/cycle
Average IFMAP DRAM BW: 4.989 words/cycle
Average Filter DRAM BW: 3.894 words/cycle
Average OFMAP DRAM BW: 64.000 words/cycle

Running Layer 896
Total cycles: 969
Compute cycles: 543
Stall cycles: 0
Overall utilization: 7.55%
Mapping efficiency: 25.00%
Average IFMAP SRAM BW: 4.832 words/cycle
Average Filter SRAM BW: 3.772 words/cycle
Average OFMAP SRAM BW: 19.330 words/cycle
Average IFMAP DRAM BW: 4.989 words/cycle
Average Filter DRAM BW: 7.787 words/cycle
Average OFMAP DRAM BW: 64.000 words/cycle

Running Layer 897
Total cycles: 877
Compute cycles: 271
Stall cycles: 0
Overall utilization: 15.13%
Mapping efficiency: 50.00%
Average IFMAP SRAM BW: 9.683 words/cycle
Average Filter SRAM BW: 7.557 words/cycle
Average OFMAP SRAM BW: 19.365 words/cycle
Average IFMAP DRAM BW: 4.998 words/cycle
Average Filter DRAM BW: 7.787 words/cycle
Average OFMAP DRAM BW: 64.000 words/cycle

Running Layer 898
Total cycles: 1231
Compute cycles: 543
Stall cycles: 0
Overall utilization: 15.10%
Mapping efficiency: 50.00%
Average IFMAP SRAM BW: 9.665 words/cycle
Average Filter SRAM BW: 7.543 words/cycle
Average OFMAP SRAM BW: 19.330 words/cycle
Average IFMAP DRAM BW: 4.998 words/cycle
Average Filter DRAM BW: 7.802 words/cycle
Average OFMAP DRAM BW: 64.000 words/cycle

Running Layer 899
Total cycles: 1139
Compute cycles: 271
Stall cycles: 0
Overall utilization: 30.26%
Mapping efficiency: 100.00%
Average IFMAP SRAM BW: 19.365 words/cycle
Average Filter SRAM BW: 15.114 words/cycle
Average OFMAP SRAM BW: 19.365 words/cycle
Average IFMAP DRAM BW: 6.668 words/cycle
Average Filter DRAM BW: 7.802 words/cycle
Average OFMAP DRAM BW: 64.000 words/cycle

Running Layer 900
Total cycles: 1755
Compute cycles: 543
Stall cycles: 0
Overall utilization: 30.20%
Mapping efficiency: 100.00%
Average IFMAP SRAM BW: 19.330 words/cycle
Average Filter SRAM BW: 15.087 words/cycle
Average OFMAP SRAM BW: 19.330 words/cycle
Average IFMAP DRAM BW: 6.668 words/cycle
Average Filter DRAM BW: 7.809 words/cycle
Average OFMAP DRAM BW: 64.000 words/cycle

Running Layer 901
Total cycles: 3249
Compute cycles: 1087
Stall cycles: 0
Overall utilization: 30.17%
Mapping efficiency: 100.00%
Average IFMAP SRAM BW: 19.312 words/cycle
Average Filter SRAM BW: 15.073 words/cycle
Average OFMAP SRAM BW: 19.312 words/cycle
Average IFMAP DRAM BW: 8.006 words/cycle
Average Filter DRAM BW: 8.929 words/cycle
Average OFMAP DRAM BW: 64.000 words/cycle

Running Layer 902
Total cycles: 617
Compute cycles: 272
Stall cycles: 0
Overall utilization: 1.91%
Mapping efficiency: 6.25%
Average IFMAP SRAM BW: 1.221 words/cycle
Average Filter SRAM BW: 0.941 words/cycle
Average OFMAP SRAM BW: 19.529 words/cycle
Average IFMAP DRAM BW: 1.262 words/cycle
Average Filter DRAM BW: 0.973 words/cycle
Average OFMAP DRAM BW: 64.000 words/cycle

Running Layer 903
Total cycles: 973
Compute cycles: 545
Stall cycles: 0
Overall utilization: 1.90%
Mapping efficiency: 6.25%
Average IFMAP SRAM BW: 1.218 words/cycle
Average Filter SRAM BW: 0.939 words/cycle
Average OFMAP SRAM BW: 19.494 words/cycle
Average IFMAP DRAM BW: 1.262 words/cycle
Average Filter DRAM BW: 1.947 words/cycle
Average OFMAP DRAM BW: 64.000 words/cycle

Running Layer 904
Total cycles: 617
Compute cycles: 272
Stall cycles: 0
Overall utilization: 3.81%
Mapping efficiency: 12.50%
Average IFMAP SRAM BW: 2.441 words/cycle
Average Filter SRAM BW: 1.882 words/cycle
Average OFMAP SRAM BW: 19.529 words/cycle
Average IFMAP DRAM BW: 2.525 words/cycle
Average Filter DRAM BW: 1.947 words/cycle
Average OFMAP DRAM BW: 64.000 words/cycle

Running Layer 905
Total cycles: 973
Compute cycles: 545
Stall cycles: 0
Overall utilization: 3.81%
Mapping efficiency: 12.50%
Average IFMAP SRAM BW: 2.437 words/cycle
Average Filter SRAM BW: 1.879 words/cycle
Average OFMAP SRAM BW: 19.494 words/cycle
Average IFMAP DRAM BW: 2.525 words/cycle
Average Filter DRAM BW: 3.894 words/cycle
Average OFMAP DRAM BW: 64.000 words/cycle

Running Layer 906
Total cycles: 617
Compute cycles: 272
Stall cycles: 0
Overall utilization: 7.63%
Mapping efficiency: 25.00%
Average IFMAP SRAM BW: 4.882 words/cycle
Average Filter SRAM BW: 3.765 words/cycle
Average OFMAP SRAM BW: 19.529 words/cycle
Average IFMAP DRAM BW: 5.049 words/cycle
Average Filter DRAM BW: 3.894 words/cycle
Average OFMAP DRAM BW: 64.000 words/cycle

Running Layer 907
Total cycles: 973
Compute cycles: 545
Stall cycles: 0
Overall utilization: 7.61%
Mapping efficiency: 25.00%
Average IFMAP SRAM BW: 4.873 words/cycle
Average Filter SRAM BW: 3.758 words/cycle
Average OFMAP SRAM BW: 19.494 words/cycle
Average IFMAP DRAM BW: 5.049 words/cycle
Average Filter DRAM BW: 7.787 words/cycle
Average OFMAP DRAM BW: 64.000 words/cycle

Running Layer 908
Total cycles: 879
Compute cycles: 272
Stall cycles: 0
Overall utilization: 15.26%
Mapping efficiency: 50.00%
Average IFMAP SRAM BW: 9.765 words/cycle
Average Filter SRAM BW: 7.529 words/cycle
Average OFMAP SRAM BW: 19.529 words/cycle
Average IFMAP DRAM BW: 5.059 words/cycle
Average Filter DRAM BW: 7.787 words/cycle
Average OFMAP DRAM BW: 64.000 words/cycle

Running Layer 909
Total cycles: 1235
Compute cycles: 545
Stall cycles: 0
Overall utilization: 15.23%
Mapping efficiency: 50.00%
Average IFMAP SRAM BW: 9.747 words/cycle
Average Filter SRAM BW: 7.516 words/cycle
Average OFMAP SRAM BW: 19.494 words/cycle
Average IFMAP DRAM BW: 5.059 words/cycle
Average Filter DRAM BW: 7.802 words/cycle
Average OFMAP DRAM BW: 64.000 words/cycle

Running Layer 910
Total cycles: 1141
Compute cycles: 272
Stall cycles: 0
Overall utilization: 30.51%
Mapping efficiency: 100.00%
Average IFMAP SRAM BW: 19.529 words/cycle
Average Filter SRAM BW: 15.059 words/cycle
Average OFMAP SRAM BW: 19.529 words/cycle
Average IFMAP DRAM BW: 6.750 words/cycle
Average Filter DRAM BW: 7.802 words/cycle
Average OFMAP DRAM BW: 64.000 words/cycle

Running Layer 911
Total cycles: 1759
Compute cycles: 545
Stall cycles: 0
Overall utilization: 30.46%
Mapping efficiency: 100.00%
Average IFMAP SRAM BW: 19.494 words/cycle
Average Filter SRAM BW: 15.031 words/cycle
Average OFMAP SRAM BW: 19.494 words/cycle
Average IFMAP DRAM BW: 6.750 words/cycle
Average Filter DRAM BW: 7.809 words/cycle
Average OFMAP DRAM BW: 64.000 words/cycle

Running Layer 912
Total cycles: 3257
Compute cycles: 1091
Stall cycles: 0
Overall utilization: 30.43%
Mapping efficiency: 100.00%
Average IFMAP SRAM BW: 19.476 words/cycle
Average Filter SRAM BW: 15.017 words/cycle
Average OFMAP SRAM BW: 19.476 words/cycle
Average IFMAP DRAM BW: 8.104 words/cycle
Average Filter DRAM BW: 8.929 words/cycle
Average OFMAP DRAM BW: 64.000 words/cycle

Running Layer 913
Total cycles: 619
Compute cycles: 273
Stall cycles: 0
Overall utilization: 1.92%
Mapping efficiency: 6.25%
Average IFMAP SRAM BW: 1.231 words/cycle
Average Filter SRAM BW: 0.938 words/cycle
Average OFMAP SRAM BW: 19.692 words/cycle
Average IFMAP DRAM BW: 1.278 words/cycle
Average Filter DRAM BW: 0.973 words/cycle
Average OFMAP DRAM BW: 64.000 words/cycle

Running Layer 914
Total cycles: 977
Compute cycles: 547
Stall cycles: 0
Overall utilization: 1.92%
Mapping efficiency: 6.25%
Average IFMAP SRAM BW: 1.229 words/cycle
Average Filter SRAM BW: 0.936 words/cycle
Average OFMAP SRAM BW: 19.656 words/cycle
Average IFMAP DRAM BW: 1.278 words/cycle
Average Filter DRAM BW: 1.947 words/cycle
Average OFMAP DRAM BW: 64.000 words/cycle

Running Layer 915
Total cycles: 619
Compute cycles: 273
Stall cycles: 0
Overall utilization: 3.85%
Mapping efficiency: 12.50%
Average IFMAP SRAM BW: 2.462 words/cycle
Average Filter SRAM BW: 1.875 words/cycle
Average OFMAP SRAM BW: 19.692 words/cycle
Average IFMAP DRAM BW: 2.555 words/cycle
Average Filter DRAM BW: 1.947 words/cycle
Average OFMAP DRAM BW: 64.000 words/cycle

Running Layer 916
Total cycles: 977
Compute cycles: 547
Stall cycles: 0
Overall utilization: 3.84%
Mapping efficiency: 12.50%
Average IFMAP SRAM BW: 2.457 words/cycle
Average Filter SRAM BW: 1.872 words/cycle
Average OFMAP SRAM BW: 19.656 words/cycle
Average IFMAP DRAM BW: 2.555 words/cycle
Average Filter DRAM BW: 3.894 words/cycle
Average OFMAP DRAM BW: 64.000 words/cycle

Running Layer 917
Total cycles: 619
Compute cycles: 273
Stall cycles: 0
Overall utilization: 7.69%
Mapping efficiency: 25.00%
Average IFMAP SRAM BW: 4.923 words/cycle
Average Filter SRAM BW: 3.751 words/cycle
Average OFMAP SRAM BW: 19.692 words/cycle
Average IFMAP DRAM BW: 5.110 words/cycle
Average Filter DRAM BW: 3.894 words/cycle
Average OFMAP DRAM BW: 64.000 words/cycle

Running Layer 918
Total cycles: 977
Compute cycles: 547
Stall cycles: 0
Overall utilization: 7.68%
Mapping efficiency: 25.00%
Average IFMAP SRAM BW: 4.914 words/cycle
Average Filter SRAM BW: 3.744 words/cycle
Average OFMAP SRAM BW: 19.656 words/cycle
Average IFMAP DRAM BW: 5.110 words/cycle
Average Filter DRAM BW: 7.787 words/cycle
Average OFMAP DRAM BW: 64.000 words/cycle

Running Layer 919
Total cycles: 881
Compute cycles: 273
Stall cycles: 0
Overall utilization: 15.38%
Mapping efficiency: 50.00%
Average IFMAP SRAM BW: 9.846 words/cycle
Average Filter SRAM BW: 7.502 words/cycle
Average OFMAP SRAM BW: 19.692 words/cycle
Average IFMAP DRAM BW: 5.120 words/cycle
Average Filter DRAM BW: 7.787 words/cycle
Average OFMAP DRAM BW: 64.000 words/cycle

Running Layer 920
Total cycles: 1239
Compute cycles: 547
Stall cycles: 0
Overall utilization: 15.36%
Mapping efficiency: 50.00%
Average IFMAP SRAM BW: 9.828 words/cycle
Average Filter SRAM BW: 7.488 words/cycle
Average OFMAP SRAM BW: 19.656 words/cycle
Average IFMAP DRAM BW: 5.120 words/cycle
Average Filter DRAM BW: 7.802 words/cycle
Average OFMAP DRAM BW: 64.000 words/cycle

Running Layer 921
Total cycles: 1143
Compute cycles: 273
Stall cycles: 0
Overall utilization: 30.77%
Mapping efficiency: 100.00%
Average IFMAP SRAM BW: 19.692 words/cycle
Average Filter SRAM BW: 15.004 words/cycle
Average OFMAP SRAM BW: 19.692 words/cycle
Average IFMAP DRAM BW: 6.831 words/cycle
Average Filter DRAM BW: 7.802 words/cycle
Average OFMAP DRAM BW: 64.000 words/cycle

Running Layer 922
Total cycles: 1763
Compute cycles: 547
Stall cycles: 0
Overall utilization: 30.71%
Mapping efficiency: 100.00%
Average IFMAP SRAM BW: 19.656 words/cycle
Average Filter SRAM BW: 14.976 words/cycle
Average OFMAP SRAM BW: 19.656 words/cycle
Average IFMAP DRAM BW: 6.831 words/cycle
Average Filter DRAM BW: 7.809 words/cycle
Average OFMAP DRAM BW: 64.000 words/cycle

Running Layer 923
Total cycles: 3265
Compute cycles: 1095
Stall cycles: 0
Overall utilization: 30.68%
Mapping efficiency: 100.00%
Average IFMAP SRAM BW: 19.638 words/cycle
Average Filter SRAM BW: 14.963 words/cycle
Average OFMAP SRAM BW: 19.638 words/cycle
Average IFMAP DRAM BW: 8.201 words/cycle
Average Filter DRAM BW: 8.929 words/cycle
Average OFMAP DRAM BW: 64.000 words/cycle

Running Layer 924
Total cycles: 621
Compute cycles: 274
Stall cycles: 0
Overall utilization: 1.94%
Mapping efficiency: 6.25%
Average IFMAP SRAM BW: 1.241 words/cycle
Average Filter SRAM BW: 0.934 words/cycle
Average OFMAP SRAM BW: 19.854 words/cycle
Average IFMAP DRAM BW: 1.293 words/cycle
Average Filter DRAM BW: 0.973 words/cycle
Average OFMAP DRAM BW: 64.000 words/cycle

Running Layer 925
Total cycles: 981
Compute cycles: 549
Stall cycles: 0
Overall utilization: 1.94%
Mapping efficiency: 6.25%
Average IFMAP SRAM BW: 1.239 words/cycle
Average Filter SRAM BW: 0.933 words/cycle
Average OFMAP SRAM BW: 19.818 words/cycle
Average IFMAP DRAM BW: 1.293 words/cycle
Average Filter DRAM BW: 1.947 words/cycle
Average OFMAP DRAM BW: 64.000 words/cycle

Running Layer 926
Total cycles: 621
Compute cycles: 274
Stall cycles: 0
Overall utilization: 3.88%
Mapping efficiency: 12.50%
Average IFMAP SRAM BW: 2.482 words/cycle
Average Filter SRAM BW: 1.869 words/cycle
Average OFMAP SRAM BW: 19.854 words/cycle
Average IFMAP DRAM BW: 2.586 words/cycle
Average Filter DRAM BW: 1.947 words/cycle
Average OFMAP DRAM BW: 64.000 words/cycle

Running Layer 927
Total cycles: 981
Compute cycles: 549
Stall cycles: 0
Overall utilization: 3.87%
Mapping efficiency: 12.50%
Average IFMAP SRAM BW: 2.477 words/cycle
Average Filter SRAM BW: 1.865 words/cycle
Average OFMAP SRAM BW: 19.818 words/cycle
Average IFMAP DRAM BW: 2.586 words/cycle
Average Filter DRAM BW: 3.894 words/cycle
Average OFMAP DRAM BW: 64.000 words/cycle

Running Layer 928
Total cycles: 621
Compute cycles: 274
Stall cycles: 0
Overall utilization: 7.76%
Mapping efficiency: 25.00%
Average IFMAP SRAM BW: 4.964 words/cycle
Average Filter SRAM BW: 3.737 words/cycle
Average OFMAP SRAM BW: 19.854 words/cycle
Average IFMAP DRAM BW: 5.171 words/cycle
Average Filter DRAM BW: 3.894 words/cycle
Average OFMAP DRAM BW: 64.000 words/cycle

Running Layer 929
Total cycles: 981
Compute cycles: 549
Stall cycles: 0
Overall utilization: 7.74%
Mapping efficiency: 25.00%
Average IFMAP SRAM BW: 4.954 words/cycle
Average Filter SRAM BW: 3.730 words/cycle
Average OFMAP SRAM BW: 19.818 words/cycle
Average IFMAP DRAM BW: 5.171 words/cycle
Average Filter DRAM BW: 7.787 words/cycle
Average OFMAP DRAM BW: 64.000 words/cycle

Running Layer 930
Total cycles: 883
Compute cycles: 274
Stall cycles: 0
Overall utilization: 15.51%
Mapping efficiency: 50.00%
Average IFMAP SRAM BW: 9.927 words/cycle
Average Filter SRAM BW: 7.474 words/cycle
Average OFMAP SRAM BW: 19.854 words/cycle
Average IFMAP DRAM BW: 5.181 words/cycle
Average Filter DRAM BW: 7.787 words/cycle
Average OFMAP DRAM BW: 64.000 words/cycle

Running Layer 931
Total cycles: 1243
Compute cycles: 549
Stall cycles: 0
Overall utilization: 15.48%
Mapping efficiency: 50.00%
Average IFMAP SRAM BW: 9.909 words/cycle
Average Filter SRAM BW: 7.461 words/cycle
Average OFMAP SRAM BW: 19.818 words/cycle
Average IFMAP DRAM BW: 5.181 words/cycle
Average Filter DRAM BW: 7.802 words/cycle
Average OFMAP DRAM BW: 64.000 words/cycle

Running Layer 932
Total cycles: 1145
Compute cycles: 274
Stall cycles: 0
Overall utilization: 31.02%
Mapping efficiency: 100.00%
Average IFMAP SRAM BW: 19.854 words/cycle
Average Filter SRAM BW: 14.949 words/cycle
Average OFMAP SRAM BW: 19.854 words/cycle
Average IFMAP DRAM BW: 6.912 words/cycle
Average Filter DRAM BW: 7.802 words/cycle
Average OFMAP DRAM BW: 64.000 words/cycle

Running Layer 933
Total cycles: 1767
Compute cycles: 549
Stall cycles: 0
Overall utilization: 30.97%
Mapping efficiency: 100.00%
Average IFMAP SRAM BW: 19.818 words/cycle
Average Filter SRAM BW: 14.922 words/cycle
Average OFMAP SRAM BW: 19.818 words/cycle
Average IFMAP DRAM BW: 6.912 words/cycle
Average Filter DRAM BW: 7.809 words/cycle
Average OFMAP DRAM BW: 64.000 words/cycle

Running Layer 934
Total cycles: 3273
Compute cycles: 1099
Stall cycles: 0
Overall utilization: 30.94%
Mapping efficiency: 100.00%
Average IFMAP SRAM BW: 19.800 words/cycle
Average Filter SRAM BW: 14.908 words/cycle
Average OFMAP SRAM BW: 19.800 words/cycle
Average IFMAP DRAM BW: 8.299 words/cycle
Average Filter DRAM BW: 8.929 words/cycle
Average OFMAP DRAM BW: 64.000 words/cycle

Running Layer 935
Total cycles: 623
Compute cycles: 275
Stall cycles: 0
Overall utilization: 1.95%
Mapping efficiency: 6.25%
Average IFMAP SRAM BW: 1.251 words/cycle
Average Filter SRAM BW: 0.931 words/cycle
Average OFMAP SRAM BW: 20.015 words/cycle
Average IFMAP DRAM BW: 1.308 words/cycle
Average Filter DRAM BW: 0.973 words/cycle
Average OFMAP DRAM BW: 64.000 words/cycle

Running Layer 936
Total cycles: 985
Compute cycles: 551
Stall cycles: 0
Overall utilization: 1.95%
Mapping efficiency: 6.25%
Average IFMAP SRAM BW: 1.249 words/cycle
Average Filter SRAM BW: 0.929 words/cycle
Average OFMAP SRAM BW: 19.978 words/cycle
Average IFMAP DRAM BW: 1.308 words/cycle
Average Filter DRAM BW: 1.947 words/cycle
Average OFMAP DRAM BW: 64.000 words/cycle

Running Layer 937
Total cycles: 623
Compute cycles: 275
Stall cycles: 0
Overall utilization: 3.91%
Mapping efficiency: 12.50%
Average IFMAP SRAM BW: 2.502 words/cycle
Average Filter SRAM BW: 1.862 words/cycle
Average OFMAP SRAM BW: 20.015 words/cycle
Average IFMAP DRAM BW: 2.616 words/cycle
Average Filter DRAM BW: 1.947 words/cycle
Average OFMAP DRAM BW: 64.000 words/cycle

Running Layer 938
Total cycles: 985
Compute cycles: 551
Stall cycles: 0
Overall utilization: 3.90%
Mapping efficiency: 12.50%
Average IFMAP SRAM BW: 2.497 words/cycle
Average Filter SRAM BW: 1.858 words/cycle
Average OFMAP SRAM BW: 19.978 words/cycle
Average IFMAP DRAM BW: 2.616 words/cycle
Average Filter DRAM BW: 3.894 words/cycle
Average OFMAP DRAM BW: 64.000 words/cycle

Running Layer 939
Total cycles: 623
Compute cycles: 275
Stall cycles: 0
Overall utilization: 7.82%
Mapping efficiency: 25.00%
Average IFMAP SRAM BW: 5.004 words/cycle
Average Filter SRAM BW: 3.724 words/cycle
Average OFMAP SRAM BW: 20.015 words/cycle
Average IFMAP DRAM BW: 5.232 words/cycle
Average Filter DRAM BW: 3.894 words/cycle
Average OFMAP DRAM BW: 64.000 words/cycle

Running Layer 940
Total cycles: 985
Compute cycles: 551
Stall cycles: 0
Overall utilization: 7.80%
Mapping efficiency: 25.00%
Average IFMAP SRAM BW: 4.995 words/cycle
Average Filter SRAM BW: 3.717 words/cycle
Average OFMAP SRAM BW: 19.978 words/cycle
Average IFMAP DRAM BW: 5.232 words/cycle
Average Filter DRAM BW: 7.787 words/cycle
Average OFMAP DRAM BW: 64.000 words/cycle

Running Layer 941
Total cycles: 885
Compute cycles: 275
Stall cycles: 0
Overall utilization: 15.64%
Mapping efficiency: 50.00%
Average IFMAP SRAM BW: 10.007 words/cycle
Average Filter SRAM BW: 7.447 words/cycle
Average OFMAP SRAM BW: 20.015 words/cycle
Average IFMAP DRAM BW: 5.242 words/cycle
Average Filter DRAM BW: 7.787 words/cycle
Average OFMAP DRAM BW: 64.000 words/cycle

Running Layer 942
Total cycles: 1247
Compute cycles: 551
Stall cycles: 0
Overall utilization: 15.61%
Mapping efficiency: 50.00%
Average IFMAP SRAM BW: 9.989 words/cycle
Average Filter SRAM BW: 7.434 words/cycle
Average OFMAP SRAM BW: 19.978 words/cycle
Average IFMAP DRAM BW: 5.242 words/cycle
Average Filter DRAM BW: 7.802 words/cycle
Average OFMAP DRAM BW: 64.000 words/cycle

Running Layer 943
Total cycles: 1147
Compute cycles: 275
Stall cycles: 0
Overall utilization: 31.27%
Mapping efficiency: 100.00%
Average IFMAP SRAM BW: 20.015 words/cycle
Average Filter SRAM BW: 14.895 words/cycle
Average OFMAP SRAM BW: 20.015 words/cycle
Average IFMAP DRAM BW: 6.994 words/cycle
Average Filter DRAM BW: 7.802 words/cycle
Average OFMAP DRAM BW: 64.000 words/cycle

Running Layer 944
Total cycles: 1771
Compute cycles: 551
Stall cycles: 0
Overall utilization: 31.22%
Mapping efficiency: 100.00%
Average IFMAP SRAM BW: 19.978 words/cycle
Average Filter SRAM BW: 14.868 words/cycle
Average OFMAP SRAM BW: 19.978 words/cycle
Average IFMAP DRAM BW: 6.994 words/cycle
Average Filter DRAM BW: 7.809 words/cycle
Average OFMAP DRAM BW: 64.000 words/cycle

Running Layer 945
Total cycles: 3281
Compute cycles: 1103
Stall cycles: 0
Overall utilization: 31.19%
Mapping efficiency: 100.00%
Average IFMAP SRAM BW: 19.960 words/cycle
Average Filter SRAM BW: 14.854 words/cycle
Average OFMAP SRAM BW: 19.960 words/cycle
Average IFMAP DRAM BW: 8.397 words/cycle
Average Filter DRAM BW: 8.929 words/cycle
Average OFMAP DRAM BW: 64.000 words/cycle

Running Layer 946
Total cycles: 625
Compute cycles: 276
Stall cycles: 0
Overall utilization: 1.97%
Mapping efficiency: 6.25%
Average IFMAP SRAM BW: 1.261 words/cycle
Average Filter SRAM BW: 0.928 words/cycle
Average OFMAP SRAM BW: 20.174 words/cycle
Average IFMAP DRAM BW: 1.323 words/cycle
Average Filter DRAM BW: 0.973 words/cycle
Average OFMAP DRAM BW: 64.000 words/cycle

Running Layer 947
Total cycles: 989
Compute cycles: 553
Stall cycles: 0
Overall utilization: 1.97%
Mapping efficiency: 6.25%
Average IFMAP SRAM BW: 1.259 words/cycle
Average Filter SRAM BW: 0.926 words/cycle
Average OFMAP SRAM BW: 20.137 words/cycle
Average IFMAP DRAM BW: 1.323 words/cycle
Average Filter DRAM BW: 1.947 words/cycle
Average OFMAP DRAM BW: 64.000 words/cycle

Running Layer 948
Total cycles: 625
Compute cycles: 276
Stall cycles: 0
Overall utilization: 3.94%
Mapping efficiency: 12.50%
Average IFMAP SRAM BW: 2.522 words/cycle
Average Filter SRAM BW: 1.855 words/cycle
Average OFMAP SRAM BW: 20.174 words/cycle
Average IFMAP DRAM BW: 2.646 words/cycle
Average Filter DRAM BW: 1.947 words/cycle
Average OFMAP DRAM BW: 64.000 words/cycle

Running Layer 949
Total cycles: 989
Compute cycles: 553
Stall cycles: 0
Overall utilization: 3.93%
Mapping efficiency: 12.50%
Average IFMAP SRAM BW: 2.517 words/cycle
Average Filter SRAM BW: 1.852 words/cycle
Average OFMAP SRAM BW: 20.137 words/cycle
Average IFMAP DRAM BW: 2.646 words/cycle
Average Filter DRAM BW: 3.894 words/cycle
Average OFMAP DRAM BW: 64.000 words/cycle

Running Layer 950
Total cycles: 625
Compute cycles: 276
Stall cycles: 0
Overall utilization: 7.88%
Mapping efficiency: 25.00%
Average IFMAP SRAM BW: 5.043 words/cycle
Average Filter SRAM BW: 3.710 words/cycle
Average OFMAP SRAM BW: 20.174 words/cycle
Average IFMAP DRAM BW: 5.293 words/cycle
Average Filter DRAM BW: 3.894 words/cycle
Average OFMAP DRAM BW: 64.000 words/cycle

Running Layer 951
Total cycles: 989
Compute cycles: 553
Stall cycles: 0
Overall utilization: 7.87%
Mapping efficiency: 25.00%
Average IFMAP SRAM BW: 5.034 words/cycle
Average Filter SRAM BW: 3.703 words/cycle
Average OFMAP SRAM BW: 20.137 words/cycle
Average IFMAP DRAM BW: 5.293 words/cycle
Average Filter DRAM BW: 7.787 words/cycle
Average OFMAP DRAM BW: 64.000 words/cycle

Running Layer 952
Total cycles: 887
Compute cycles: 276
Stall cycles: 0
Overall utilization: 15.76%
Mapping efficiency: 50.00%
Average IFMAP SRAM BW: 10.087 words/cycle
Average Filter SRAM BW: 7.420 words/cycle
Average OFMAP SRAM BW: 20.174 words/cycle
Average IFMAP DRAM BW: 5.303 words/cycle
Average Filter DRAM BW: 7.787 words/cycle
Average OFMAP DRAM BW: 64.000 words/cycle

Running Layer 953
Total cycles: 1251
Compute cycles: 553
Stall cycles: 0
Overall utilization: 15.73%
Mapping efficiency: 50.00%
Average IFMAP SRAM BW: 10.069 words/cycle
Average Filter SRAM BW: 7.407 words/cycle
Average OFMAP SRAM BW: 20.137 words/cycle
Average IFMAP DRAM BW: 5.303 words/cycle
Average Filter DRAM BW: 7.802 words/cycle
Average OFMAP DRAM BW: 64.000 words/cycle

Running Layer 954
Total cycles: 1149
Compute cycles: 276
Stall cycles: 0
Overall utilization: 31.52%
Mapping efficiency: 100.00%
Average IFMAP SRAM BW: 20.174 words/cycle
Average Filter SRAM BW: 14.841 words/cycle
Average OFMAP SRAM BW: 20.174 words/cycle
Average IFMAP DRAM BW: 7.075 words/cycle
Average Filter DRAM BW: 7.802 words/cycle
Average OFMAP DRAM BW: 64.000 words/cycle

Running Layer 955
Total cycles: 1775
Compute cycles: 553
Stall cycles: 0
Overall utilization: 31.46%
Mapping efficiency: 100.00%
Average IFMAP SRAM BW: 20.137 words/cycle
Average Filter SRAM BW: 14.814 words/cycle
Average OFMAP SRAM BW: 20.137 words/cycle
Average IFMAP DRAM BW: 7.075 words/cycle
Average Filter DRAM BW: 7.809 words/cycle
Average OFMAP DRAM BW: 64.000 words/cycle

Running Layer 956
Total cycles: 3289
Compute cycles: 1107
Stall cycles: 0
Overall utilization: 31.44%
Mapping efficiency: 100.00%
Average IFMAP SRAM BW: 20.119 words/cycle
Average Filter SRAM BW: 14.800 words/cycle
Average OFMAP SRAM BW: 20.119 words/cycle
Average IFMAP DRAM BW: 8.494 words/cycle
Average Filter DRAM BW: 8.929 words/cycle
Average OFMAP DRAM BW: 64.000 words/cycle

Running Layer 957
Total cycles: 627
Compute cycles: 277
Stall cycles: 0
Overall utilization: 1.99%
Mapping efficiency: 6.25%
Average IFMAP SRAM BW: 1.271 words/cycle
Average Filter SRAM BW: 0.924 words/cycle
Average OFMAP SRAM BW: 20.332 words/cycle
Average IFMAP DRAM BW: 1.338 words/cycle
Average Filter DRAM BW: 0.973 words/cycle
Average OFMAP DRAM BW: 64.000 words/cycle

Running Layer 958
Total cycles: 993
Compute cycles: 555
Stall cycles: 0
Overall utilization: 1.98%
Mapping efficiency: 6.25%
Average IFMAP SRAM BW: 1.268 words/cycle
Average Filter SRAM BW: 0.923 words/cycle
Average OFMAP SRAM BW: 20.295 words/cycle
Average IFMAP DRAM BW: 1.338 words/cycle
Average Filter DRAM BW: 1.947 words/cycle
Average OFMAP DRAM BW: 64.000 words/cycle

Running Layer 959
Total cycles: 627
Compute cycles: 277
Stall cycles: 0
Overall utilization: 3.97%
Mapping efficiency: 12.50%
Average IFMAP SRAM BW: 2.542 words/cycle
Average Filter SRAM BW: 1.848 words/cycle
Average OFMAP SRAM BW: 20.332 words/cycle
Average IFMAP DRAM BW: 2.677 words/cycle
Average Filter DRAM BW: 1.947 words/cycle
Average OFMAP DRAM BW: 64.000 words/cycle

Running Layer 960
Total cycles: 993
Compute cycles: 555
Stall cycles: 0
Overall utilization: 3.96%
Mapping efficiency: 12.50%
Average IFMAP SRAM BW: 2.537 words/cycle
Average Filter SRAM BW: 1.845 words/cycle
Average OFMAP SRAM BW: 20.295 words/cycle
Average IFMAP DRAM BW: 2.677 words/cycle
Average Filter DRAM BW: 3.894 words/cycle
Average OFMAP DRAM BW: 64.000 words/cycle

Running Layer 961
Total cycles: 627
Compute cycles: 277
Stall cycles: 0
Overall utilization: 7.94%
Mapping efficiency: 25.00%
Average IFMAP SRAM BW: 5.083 words/cycle
Average Filter SRAM BW: 3.697 words/cycle
Average OFMAP SRAM BW: 20.332 words/cycle
Average IFMAP DRAM BW: 5.354 words/cycle
Average Filter DRAM BW: 3.894 words/cycle
Average OFMAP DRAM BW: 64.000 words/cycle

Running Layer 962
Total cycles: 993
Compute cycles: 555
Stall cycles: 0
Overall utilization: 7.93%
Mapping efficiency: 25.00%
Average IFMAP SRAM BW: 5.074 words/cycle
Average Filter SRAM BW: 3.690 words/cycle
Average OFMAP SRAM BW: 20.295 words/cycle
Average IFMAP DRAM BW: 5.354 words/cycle
Average Filter DRAM BW: 7.787 words/cycle
Average OFMAP DRAM BW: 64.000 words/cycle

Running Layer 963
Total cycles: 889
Compute cycles: 277
Stall cycles: 0
Overall utilization: 15.88%
Mapping efficiency: 50.00%
Average IFMAP SRAM BW: 10.166 words/cycle
Average Filter SRAM BW: 7.394 words/cycle
Average OFMAP SRAM BW: 20.332 words/cycle
Average IFMAP DRAM BW: 5.364 words/cycle
Average Filter DRAM BW: 7.787 words/cycle
Average OFMAP DRAM BW: 64.000 words/cycle

Running Layer 964
Total cycles: 1255
Compute cycles: 555
Stall cycles: 0
Overall utilization: 15.86%
Mapping efficiency: 50.00%
Average IFMAP SRAM BW: 10.148 words/cycle
Average Filter SRAM BW: 7.380 words/cycle
Average OFMAP SRAM BW: 20.295 words/cycle
Average IFMAP DRAM BW: 5.364 words/cycle
Average Filter DRAM BW: 7.802 words/cycle
Average OFMAP DRAM BW: 64.000 words/cycle

Running Layer 965
Total cycles: 1151
Compute cycles: 277
Stall cycles: 0
Overall utilization: 31.77%
Mapping efficiency: 100.00%
Average IFMAP SRAM BW: 20.332 words/cycle
Average Filter SRAM BW: 14.787 words/cycle
Average OFMAP SRAM BW: 20.332 words/cycle
Average IFMAP DRAM BW: 7.156 words/cycle
Average Filter DRAM BW: 7.802 words/cycle
Average OFMAP DRAM BW: 64.000 words/cycle

Running Layer 966
Total cycles: 1779
Compute cycles: 555
Stall cycles: 0
Overall utilization: 31.71%
Mapping efficiency: 100.00%
Average IFMAP SRAM BW: 20.295 words/cycle
Average Filter SRAM BW: 14.760 words/cycle
Average OFMAP SRAM BW: 20.295 words/cycle
Average IFMAP DRAM BW: 7.156 words/cycle
Average Filter DRAM BW: 7.809 words/cycle
Average OFMAP DRAM BW: 64.000 words/cycle

Running Layer 967
Total cycles: 3297
Compute cycles: 1111
Stall cycles: 0
Overall utilization: 31.68%
Mapping efficiency: 100.00%
Average IFMAP SRAM BW: 20.277 words/cycle
Average Filter SRAM BW: 14.747 words/cycle
Average OFMAP SRAM BW: 20.277 words/cycle
Average IFMAP DRAM BW: 8.592 words/cycle
Average Filter DRAM BW: 8.929 words/cycle
Average OFMAP DRAM BW: 64.000 words/cycle

Running Layer 968
Total cycles: 629
Compute cycles: 278
Stall cycles: 0
Overall utilization: 2.00%
Mapping efficiency: 6.25%
Average IFMAP SRAM BW: 1.281 words/cycle
Average Filter SRAM BW: 0.921 words/cycle
Average OFMAP SRAM BW: 20.489 words/cycle
Average IFMAP DRAM BW: 1.354 words/cycle
Average Filter DRAM BW: 0.973 words/cycle
Average OFMAP DRAM BW: 64.000 words/cycle

Running Layer 969
Total cycles: 997
Compute cycles: 557
Stall cycles: 0
Overall utilization: 2.00%
Mapping efficiency: 6.25%
Average IFMAP SRAM BW: 1.278 words/cycle
Average Filter SRAM BW: 0.919 words/cycle
Average OFMAP SRAM BW: 20.452 words/cycle
Average IFMAP DRAM BW: 1.354 words/cycle
Average Filter DRAM BW: 1.947 words/cycle
Average OFMAP DRAM BW: 64.000 words/cycle

Running Layer 970
Total cycles: 629
Compute cycles: 278
Stall cycles: 0
Overall utilization: 4.00%
Mapping efficiency: 12.50%
Average IFMAP SRAM BW: 2.561 words/cycle
Average Filter SRAM BW: 1.842 words/cycle
Average OFMAP SRAM BW: 20.489 words/cycle
Average IFMAP DRAM BW: 2.707 words/cycle
Average Filter DRAM BW: 1.947 words/cycle
Average OFMAP DRAM BW: 64.000 words/cycle

Running Layer 971
Total cycles: 997
Compute cycles: 557
Stall cycles: 0
Overall utilization: 3.99%
Mapping efficiency: 12.50%
Average IFMAP SRAM BW: 2.557 words/cycle
Average Filter SRAM BW: 1.838 words/cycle
Average OFMAP SRAM BW: 20.452 words/cycle
Average IFMAP DRAM BW: 2.707 words/cycle
Average Filter DRAM BW: 3.894 words/cycle
Average OFMAP DRAM BW: 64.000 words/cycle

Running Layer 972
Total cycles: 629
Compute cycles: 278
Stall cycles: 0
Overall utilization: 8.00%
Mapping efficiency: 25.00%
Average IFMAP SRAM BW: 5.122 words/cycle
Average Filter SRAM BW: 3.683 words/cycle
Average OFMAP SRAM BW: 20.489 words/cycle
Average IFMAP DRAM BW: 5.414 words/cycle
Average Filter DRAM BW: 3.894 words/cycle
Average OFMAP DRAM BW: 64.000 words/cycle

Running Layer 973
Total cycles: 997
Compute cycles: 557
Stall cycles: 0
Overall utilization: 7.99%
Mapping efficiency: 25.00%
Average IFMAP SRAM BW: 5.113 words/cycle
Average Filter SRAM BW: 3.677 words/cycle
Average OFMAP SRAM BW: 20.452 words/cycle
Average IFMAP DRAM BW: 5.414 words/cycle
Average Filter DRAM BW: 7.787 words/cycle
Average OFMAP DRAM BW: 64.000 words/cycle

Running Layer 974
Total cycles: 891
Compute cycles: 278
Stall cycles: 0
Overall utilization: 16.01%
Mapping efficiency: 50.00%
Average IFMAP SRAM BW: 10.245 words/cycle
Average Filter SRAM BW: 7.367 words/cycle
Average OFMAP SRAM BW: 20.489 words/cycle
Average IFMAP DRAM BW: 5.425 words/cycle
Average Filter DRAM BW: 7.787 words/cycle
Average OFMAP DRAM BW: 64.000 words/cycle

Running Layer 975
Total cycles: 1259
Compute cycles: 557
Stall cycles: 0
Overall utilization: 15.98%
Mapping efficiency: 50.00%
Average IFMAP SRAM BW: 10.226 words/cycle
Average Filter SRAM BW: 7.354 words/cycle
Average OFMAP SRAM BW: 20.452 words/cycle
Average IFMAP DRAM BW: 5.425 words/cycle
Average Filter DRAM BW: 7.802 words/cycle
Average OFMAP DRAM BW: 64.000 words/cycle

Running Layer 976
Total cycles: 1153
Compute cycles: 278
Stall cycles: 0
Overall utilization: 32.01%
Mapping efficiency: 100.00%
Average IFMAP SRAM BW: 20.489 words/cycle
Average Filter SRAM BW: 14.734 words/cycle
Average OFMAP SRAM BW: 20.489 words/cycle
Average IFMAP DRAM BW: 7.238 words/cycle
Average Filter DRAM BW: 7.802 words/cycle
Average OFMAP DRAM BW: 64.000 words/cycle

Running Layer 977
Total cycles: 1783
Compute cycles: 557
Stall cycles: 0
Overall utilization: 31.96%
Mapping efficiency: 100.00%
Average IFMAP SRAM BW: 20.452 words/cycle
Average Filter SRAM BW: 14.707 words/cycle
Average OFMAP SRAM BW: 20.452 words/cycle
Average IFMAP DRAM BW: 7.238 words/cycle
Average Filter DRAM BW: 7.809 words/cycle
Average OFMAP DRAM BW: 64.000 words/cycle

Running Layer 978
Total cycles: 3305
Compute cycles: 1115
Stall cycles: 0
Overall utilization: 31.93%
Mapping efficiency: 100.00%
Average IFMAP SRAM BW: 20.434 words/cycle
Average Filter SRAM BW: 14.694 words/cycle
Average OFMAP SRAM BW: 20.434 words/cycle
Average IFMAP DRAM BW: 8.690 words/cycle
Average Filter DRAM BW: 8.929 words/cycle
Average OFMAP DRAM BW: 64.000 words/cycle

Running Layer 979
Total cycles: 631
Compute cycles: 279
Stall cycles: 0
Overall utilization: 2.02%
Mapping efficiency: 6.25%
Average IFMAP SRAM BW: 1.290 words/cycle
Average Filter SRAM BW: 0.918 words/cycle
Average OFMAP SRAM BW: 20.645 words/cycle
Average IFMAP DRAM BW: 1.369 words/cycle
Average Filter DRAM BW: 0.973 words/cycle
Average OFMAP DRAM BW: 64.000 words/cycle

Running Layer 980
Total cycles: 1001
Compute cycles: 559
Stall cycles: 0
Overall utilization: 2.01%
Mapping efficiency: 6.25%
Average IFMAP SRAM BW: 1.288 words/cycle
Average Filter SRAM BW: 0.916 words/cycle
Average OFMAP SRAM BW: 20.608 words/cycle
Average IFMAP DRAM BW: 1.369 words/cycle
Average Filter DRAM BW: 1.947 words/cycle
Average OFMAP DRAM BW: 64.000 words/cycle

Running Layer 981
Total cycles: 631
Compute cycles: 279
Stall cycles: 0
Overall utilization: 4.03%
Mapping efficiency: 12.50%
Average IFMAP SRAM BW: 2.581 words/cycle
Average Filter SRAM BW: 1.835 words/cycle
Average OFMAP SRAM BW: 20.645 words/cycle
Average IFMAP DRAM BW: 2.738 words/cycle
Average Filter DRAM BW: 1.947 words/cycle
Average OFMAP DRAM BW: 64.000 words/cycle

Running Layer 982
Total cycles: 1001
Compute cycles: 559
Stall cycles: 0
Overall utilization: 4.03%
Mapping efficiency: 12.50%
Average IFMAP SRAM BW: 2.576 words/cycle
Average Filter SRAM BW: 1.832 words/cycle
Average OFMAP SRAM BW: 20.608 words/cycle
Average IFMAP DRAM BW: 2.738 words/cycle
Average Filter DRAM BW: 3.894 words/cycle
Average OFMAP DRAM BW: 64.000 words/cycle

Running Layer 983
Total cycles: 631
Compute cycles: 279
Stall cycles: 0
Overall utilization: 8.06%
Mapping efficiency: 25.00%
Average IFMAP SRAM BW: 5.161 words/cycle
Average Filter SRAM BW: 3.670 words/cycle
Average OFMAP SRAM BW: 20.645 words/cycle
Average IFMAP DRAM BW: 5.475 words/cycle
Average Filter DRAM BW: 3.894 words/cycle
Average OFMAP DRAM BW: 64.000 words/cycle

Running Layer 984
Total cycles: 1001
Compute cycles: 559
Stall cycles: 0
Overall utilization: 8.05%
Mapping efficiency: 25.00%
Average IFMAP SRAM BW: 5.152 words/cycle
Average Filter SRAM BW: 3.664 words/cycle
Average OFMAP SRAM BW: 20.608 words/cycle
Average IFMAP DRAM BW: 5.475 words/cycle
Average Filter DRAM BW: 7.787 words/cycle
Average OFMAP DRAM BW: 64.000 words/cycle

Running Layer 985
Total cycles: 893
Compute cycles: 279
Stall cycles: 0
Overall utilization: 16.13%
Mapping efficiency: 50.00%
Average IFMAP SRAM BW: 10.323 words/cycle
Average Filter SRAM BW: 7.341 words/cycle
Average OFMAP SRAM BW: 20.645 words/cycle
Average IFMAP DRAM BW: 5.486 words/cycle
Average Filter DRAM BW: 7.787 words/cycle
Average OFMAP DRAM BW: 64.000 words/cycle

Running Layer 986
Total cycles: 1263
Compute cycles: 559
Stall cycles: 0
Overall utilization: 16.10%
Mapping efficiency: 50.00%
Average IFMAP SRAM BW: 10.304 words/cycle
Average Filter SRAM BW: 7.327 words/cycle
Average OFMAP SRAM BW: 20.608 words/cycle
Average IFMAP DRAM BW: 5.486 words/cycle
Average Filter DRAM BW: 7.802 words/cycle
Average OFMAP DRAM BW: 64.000 words/cycle

Running Layer 987
Total cycles: 1155
Compute cycles: 279
Stall cycles: 0
Overall utilization: 32.26%
Mapping efficiency: 100.00%
Average IFMAP SRAM BW: 20.645 words/cycle
Average Filter SRAM BW: 14.681 words/cycle
Average OFMAP SRAM BW: 20.645 words/cycle
Average IFMAP DRAM BW: 7.319 words/cycle
Average Filter DRAM BW: 7.802 words/cycle
Average OFMAP DRAM BW: 64.000 words/cycle

Running Layer 988
Total cycles: 1787
Compute cycles: 559
Stall cycles: 0
Overall utilization: 32.20%
Mapping efficiency: 100.00%
Average IFMAP SRAM BW: 20.608 words/cycle
Average Filter SRAM BW: 14.655 words/cycle
Average OFMAP SRAM BW: 20.608 words/cycle
Average IFMAP DRAM BW: 7.319 words/cycle
Average Filter DRAM BW: 7.809 words/cycle
Average OFMAP DRAM BW: 64.000 words/cycle

Running Layer 989
Total cycles: 3313
Compute cycles: 1119
Stall cycles: 0
Overall utilization: 32.17%
Mapping efficiency: 100.00%
Average IFMAP SRAM BW: 20.590 words/cycle
Average Filter SRAM BW: 14.642 words/cycle
Average OFMAP SRAM BW: 20.590 words/cycle
Average IFMAP DRAM BW: 8.787 words/cycle
Average Filter DRAM BW: 8.929 words/cycle
Average OFMAP DRAM BW: 64.000 words/cycle

Running Layer 990
Total cycles: 633
Compute cycles: 280
Stall cycles: 0
Overall utilization: 2.03%
Mapping efficiency: 6.25%
Average IFMAP SRAM BW: 1.300 words/cycle
Average Filter SRAM BW: 0.914 words/cycle
Average OFMAP SRAM BW: 20.800 words/cycle
Average IFMAP DRAM BW: 1.384 words/cycle
Average Filter DRAM BW: 0.973 words/cycle
Average OFMAP DRAM BW: 64.000 words/cycle

Running Layer 991
Total cycles: 1005
Compute cycles: 561
Stall cycles: 0
Overall utilization: 2.03%
Mapping efficiency: 6.25%
Average IFMAP SRAM BW: 1.298 words/cycle
Average Filter SRAM BW: 0.913 words/cycle
Average OFMAP SRAM BW: 20.763 words/cycle
Average IFMAP DRAM BW: 1.384 words/cycle
Average Filter DRAM BW: 1.947 words/cycle
Average OFMAP DRAM BW: 64.000 words/cycle

Running Layer 992
Total cycles: 633
Compute cycles: 280
Stall cycles: 0
Overall utilization: 4.06%
Mapping efficiency: 12.50%
Average IFMAP SRAM BW: 2.600 words/cycle
Average Filter SRAM BW: 1.829 words/cycle
Average OFMAP SRAM BW: 20.800 words/cycle
Average IFMAP DRAM BW: 2.768 words/cycle
Average Filter DRAM BW: 1.947 words/cycle
Average OFMAP DRAM BW: 64.000 words/cycle

Running Layer 993
Total cycles: 1005
Compute cycles: 561
Stall cycles: 0
Overall utilization: 4.06%
Mapping efficiency: 12.50%
Average IFMAP SRAM BW: 2.595 words/cycle
Average Filter SRAM BW: 1.825 words/cycle
Average OFMAP SRAM BW: 20.763 words/cycle
Average IFMAP DRAM BW: 2.768 words/cycle
Average Filter DRAM BW: 3.894 words/cycle
Average OFMAP DRAM BW: 64.000 words/cycle

Running Layer 994
Total cycles: 633
Compute cycles: 280
Stall cycles: 0
Overall utilization: 8.12%
Mapping efficiency: 25.00%
Average IFMAP SRAM BW: 5.200 words/cycle
Average Filter SRAM BW: 3.657 words/cycle
Average OFMAP SRAM BW: 20.800 words/cycle
Average IFMAP DRAM BW: 5.536 words/cycle
Average Filter DRAM BW: 3.894 words/cycle
Average OFMAP DRAM BW: 64.000 words/cycle

Running Layer 995
Total cycles: 1005
Compute cycles: 561
Stall cycles: 0
Overall utilization: 8.11%
Mapping efficiency: 25.00%
Average IFMAP SRAM BW: 5.191 words/cycle
Average Filter SRAM BW: 3.651 words/cycle
Average OFMAP SRAM BW: 20.763 words/cycle
Average IFMAP DRAM BW: 5.536 words/cycle
Average Filter DRAM BW: 7.787 words/cycle
Average OFMAP DRAM BW: 64.000 words/cycle

Running Layer 996
Total cycles: 895
Compute cycles: 280
Stall cycles: 0
Overall utilization: 16.25%
Mapping efficiency: 50.00%
Average IFMAP SRAM BW: 10.400 words/cycle
Average Filter SRAM BW: 7.314 words/cycle
Average OFMAP SRAM BW: 20.800 words/cycle
Average IFMAP DRAM BW: 5.547 words/cycle
Average Filter DRAM BW: 7.787 words/cycle
Average OFMAP DRAM BW: 64.000 words/cycle

Running Layer 997
Total cycles: 1267
Compute cycles: 561
Stall cycles: 0
Overall utilization: 16.22%
Mapping efficiency: 50.00%
Average IFMAP SRAM BW: 10.381 words/cycle
Average Filter SRAM BW: 7.301 words/cycle
Average OFMAP SRAM BW: 20.763 words/cycle
Average IFMAP DRAM BW: 5.547 words/cycle
Average Filter DRAM BW: 7.802 words/cycle
Average OFMAP DRAM BW: 64.000 words/cycle

Running Layer 998
Total cycles: 1157
Compute cycles: 280
Stall cycles: 0
Overall utilization: 32.50%
Mapping efficiency: 100.00%
Average IFMAP SRAM BW: 20.800 words/cycle
Average Filter SRAM BW: 14.629 words/cycle
Average OFMAP SRAM BW: 20.800 words/cycle
Average IFMAP DRAM BW: 7.400 words/cycle
Average Filter DRAM BW: 7.802 words/cycle
Average OFMAP DRAM BW: 64.000 words/cycle

Running Layer 999
Total cycles: 1791
Compute cycles: 561
Stall cycles: 0
Overall utilization: 32.44%
Mapping efficiency: 100.00%
Average IFMAP SRAM BW: 20.763 words/cycle
Average Filter SRAM BW: 14.602 words/cycle
Average OFMAP SRAM BW: 20.763 words/cycle
Average IFMAP DRAM BW: 7.400 words/cycle
Average Filter DRAM BW: 7.809 words/cycle
Average OFMAP DRAM BW: 64.000 words/cycle

Running Layer 1000
Total cycles: 3321
Compute cycles: 1123
Stall cycles: 0
Overall utilization: 32.41%
Mapping efficiency: 100.00%
Average IFMAP SRAM BW: 20.744 words/cycle
Average Filter SRAM BW: 14.589 words/cycle
Average OFMAP SRAM BW: 20.744 words/cycle
Average IFMAP DRAM BW: 8.885 words/cycle
Average Filter DRAM BW: 8.929 words/cycle
Average OFMAP DRAM BW: 64.000 words/cycle

Running Layer 1001
Total cycles: 635
Compute cycles: 281
Stall cycles: 0
Overall utilization: 2.05%
Mapping efficiency: 6.25%
Average IFMAP SRAM BW: 1.310 words/cycle
Average Filter SRAM BW: 0.911 words/cycle
Average OFMAP SRAM BW: 20.954 words/cycle
Average IFMAP DRAM BW: 1.399 words/cycle
Average Filter DRAM BW: 0.973 words/cycle
Average OFMAP DRAM BW: 64.000 words/cycle

Running Layer 1002
Total cycles: 1009
Compute cycles: 563
Stall cycles: 0
Overall utilization: 2.04%
Mapping efficiency: 6.25%
Average IFMAP SRAM BW: 1.307 words/cycle
Average Filter SRAM BW: 0.909 words/cycle
Average OFMAP SRAM BW: 20.917 words/cycle
Average IFMAP DRAM BW: 1.399 words/cycle
Average Filter DRAM BW: 1.947 words/cycle
Average OFMAP DRAM BW: 64.000 words/cycle

Running Layer 1003
Total cycles: 635
Compute cycles: 281
Stall cycles: 0
Overall utilization: 4.09%
Mapping efficiency: 12.50%
Average IFMAP SRAM BW: 2.619 words/cycle
Average Filter SRAM BW: 1.822 words/cycle
Average OFMAP SRAM BW: 20.954 words/cycle
Average IFMAP DRAM BW: 2.798 words/cycle
Average Filter DRAM BW: 1.947 words/cycle
Average OFMAP DRAM BW: 64.000 words/cycle

Running Layer 1004
Total cycles: 1009
Compute cycles: 563
Stall cycles: 0
Overall utilization: 4.09%
Mapping efficiency: 12.50%
Average IFMAP SRAM BW: 2.615 words/cycle
Average Filter SRAM BW: 1.819 words/cycle
Average OFMAP SRAM BW: 20.917 words/cycle
Average IFMAP DRAM BW: 2.798 words/cycle
Average Filter DRAM BW: 3.894 words/cycle
Average OFMAP DRAM BW: 64.000 words/cycle

Running Layer 1005
Total cycles: 635
Compute cycles: 281
Stall cycles: 0
Overall utilization: 8.19%
Mapping efficiency: 25.00%
Average IFMAP SRAM BW: 5.238 words/cycle
Average Filter SRAM BW: 3.644 words/cycle
Average OFMAP SRAM BW: 20.954 words/cycle
Average IFMAP DRAM BW: 5.597 words/cycle
Average Filter DRAM BW: 3.894 words/cycle
Average OFMAP DRAM BW: 64.000 words/cycle

Running Layer 1006
Total cycles: 1009
Compute cycles: 563
Stall cycles: 0
Overall utilization: 8.17%
Mapping efficiency: 25.00%
Average IFMAP SRAM BW: 5.229 words/cycle
Average Filter SRAM BW: 3.638 words/cycle
Average OFMAP SRAM BW: 20.917 words/cycle
Average IFMAP DRAM BW: 5.597 words/cycle
Average Filter DRAM BW: 7.787 words/cycle
Average OFMAP DRAM BW: 64.000 words/cycle

Running Layer 1007
Total cycles: 897
Compute cycles: 281
Stall cycles: 0
Overall utilization: 16.37%
Mapping efficiency: 50.00%
Average IFMAP SRAM BW: 10.477 words/cycle
Average Filter SRAM BW: 7.288 words/cycle
Average OFMAP SRAM BW: 20.954 words/cycle
Average IFMAP DRAM BW: 5.608 words/cycle
Average Filter DRAM BW: 7.787 words/cycle
Average OFMAP DRAM BW: 64.000 words/cycle

Running Layer 1008
Total cycles: 1271
Compute cycles: 563
Stall cycles: 0
Overall utilization: 16.34%
Mapping efficiency: 50.00%
Average IFMAP SRAM BW: 10.458 words/cycle
Average Filter SRAM BW: 7.275 words/cycle
Average OFMAP SRAM BW: 20.917 words/cycle
Average IFMAP DRAM BW: 5.608 words/cycle
Average Filter DRAM BW: 7.802 words/cycle
Average OFMAP DRAM BW: 64.000 words/cycle

Running Layer 1009
Total cycles: 1159
Compute cycles: 281
Stall cycles: 0
Overall utilization: 32.74%
Mapping efficiency: 100.00%
Average IFMAP SRAM BW: 20.954 words/cycle
Average Filter SRAM BW: 14.577 words/cycle
Average OFMAP SRAM BW: 20.954 words/cycle
Average IFMAP DRAM BW: 7.482 words/cycle
Average Filter DRAM BW: 7.802 words/cycle
Average OFMAP DRAM BW: 64.000 words/cycle

Running Layer 1010
Total cycles: 1795
Compute cycles: 563
Stall cycles: 0
Overall utilization: 32.68%
Mapping efficiency: 100.00%
Average IFMAP SRAM BW: 20.917 words/cycle
Average Filter SRAM BW: 14.551 words/cycle
Average OFMAP SRAM BW: 20.917 words/cycle
Average IFMAP DRAM BW: 7.482 words/cycle
Average Filter DRAM BW: 7.809 words/cycle
Average OFMAP DRAM BW: 64.000 words/cycle

Running Layer 1011
Total cycles: 3329
Compute cycles: 1127
Stall cycles: 0
Overall utilization: 32.65%
Mapping efficiency: 100.00%
Average IFMAP SRAM BW: 20.898 words/cycle
Average Filter SRAM BW: 14.538 words/cycle
Average OFMAP SRAM BW: 20.898 words/cycle
Average IFMAP DRAM BW: 8.982 words/cycle
Average Filter DRAM BW: 8.929 words/cycle
Average OFMAP DRAM BW: 64.000 words/cycle

Running Layer 1012
Total cycles: 637
Compute cycles: 282
Stall cycles: 0
Overall utilization: 2.06%
Mapping efficiency: 6.25%
Average IFMAP SRAM BW: 1.319 words/cycle
Average Filter SRAM BW: 0.908 words/cycle
Average OFMAP SRAM BW: 21.106 words/cycle
Average IFMAP DRAM BW: 1.414 words/cycle
Average Filter DRAM BW: 0.973 words/cycle
Average OFMAP DRAM BW: 64.000 words/cycle

Running Layer 1013
Total cycles: 1013
Compute cycles: 565
Stall cycles: 0
Overall utilization: 2.06%
Mapping efficiency: 6.25%
Average IFMAP SRAM BW: 1.317 words/cycle
Average Filter SRAM BW: 0.906 words/cycle
Average OFMAP SRAM BW: 21.069 words/cycle
Average IFMAP DRAM BW: 1.414 words/cycle
Average Filter DRAM BW: 1.947 words/cycle
Average OFMAP DRAM BW: 64.000 words/cycle

Running Layer 1014
Total cycles: 637
Compute cycles: 282
Stall cycles: 0
Overall utilization: 4.12%
Mapping efficiency: 12.50%
Average IFMAP SRAM BW: 2.638 words/cycle
Average Filter SRAM BW: 1.816 words/cycle
Average OFMAP SRAM BW: 21.106 words/cycle
Average IFMAP DRAM BW: 2.829 words/cycle
Average Filter DRAM BW: 1.947 words/cycle
Average OFMAP DRAM BW: 64.000 words/cycle

Running Layer 1015
Total cycles: 1013
Compute cycles: 565
Stall cycles: 0
Overall utilization: 4.12%
Mapping efficiency: 12.50%
Average IFMAP SRAM BW: 2.634 words/cycle
Average Filter SRAM BW: 1.812 words/cycle
Average OFMAP SRAM BW: 21.069 words/cycle
Average IFMAP DRAM BW: 2.829 words/cycle
Average Filter DRAM BW: 3.894 words/cycle
Average OFMAP DRAM BW: 64.000 words/cycle

Running Layer 1016
Total cycles: 637
Compute cycles: 282
Stall cycles: 0
Overall utilization: 8.24%
Mapping efficiency: 25.00%
Average IFMAP SRAM BW: 5.277 words/cycle
Average Filter SRAM BW: 3.631 words/cycle
Average OFMAP SRAM BW: 21.106 words/cycle
Average IFMAP DRAM BW: 5.658 words/cycle
Average Filter DRAM BW: 3.894 words/cycle
Average OFMAP DRAM BW: 64.000 words/cycle

Running Layer 1017
Total cycles: 1013
Compute cycles: 565
Stall cycles: 0
Overall utilization: 8.23%
Mapping efficiency: 25.00%
Average IFMAP SRAM BW: 5.267 words/cycle
Average Filter SRAM BW: 3.625 words/cycle
Average OFMAP SRAM BW: 21.069 words/cycle
Average IFMAP DRAM BW: 5.658 words/cycle
Average Filter DRAM BW: 7.787 words/cycle
Average OFMAP DRAM BW: 64.000 words/cycle

Running Layer 1018
Total cycles: 899
Compute cycles: 282
Stall cycles: 0
Overall utilization: 16.49%
Mapping efficiency: 50.00%
Average IFMAP SRAM BW: 10.553 words/cycle
Average Filter SRAM BW: 7.262 words/cycle
Average OFMAP SRAM BW: 21.106 words/cycle
Average IFMAP DRAM BW: 5.669 words/cycle
Average Filter DRAM BW: 7.787 words/cycle
Average OFMAP DRAM BW: 64.000 words/cycle

Running Layer 1019
Total cycles: 1275
Compute cycles: 565
Stall cycles: 0
Overall utilization: 16.46%
Mapping efficiency: 50.00%
Average IFMAP SRAM BW: 10.535 words/cycle
Average Filter SRAM BW: 7.250 words/cycle
Average OFMAP SRAM BW: 21.069 words/cycle
Average IFMAP DRAM BW: 5.669 words/cycle
Average Filter DRAM BW: 7.802 words/cycle
Average OFMAP DRAM BW: 64.000 words/cycle

Running Layer 1020
Total cycles: 1161
Compute cycles: 282
Stall cycles: 0
Overall utilization: 32.98%
Mapping efficiency: 100.00%
Average IFMAP SRAM BW: 21.106 words/cycle
Average Filter SRAM BW: 14.525 words/cycle
Average OFMAP SRAM BW: 21.106 words/cycle
Average IFMAP DRAM BW: 7.563 words/cycle
Average Filter DRAM BW: 7.802 words/cycle
Average OFMAP DRAM BW: 64.000 words/cycle

Running Layer 1021
Total cycles: 1799
Compute cycles: 565
Stall cycles: 0
Overall utilization: 32.92%
Mapping efficiency: 100.00%
Average IFMAP SRAM BW: 21.069 words/cycle
Average Filter SRAM BW: 14.499 words/cycle
Average OFMAP SRAM BW: 21.069 words/cycle
Average IFMAP DRAM BW: 7.563 words/cycle
Average Filter DRAM BW: 7.809 words/cycle
Average OFMAP DRAM BW: 64.000 words/cycle

Running Layer 1022
Total cycles: 3337
Compute cycles: 1131
Stall cycles: 0
Overall utilization: 32.89%
Mapping efficiency: 100.00%
Average IFMAP SRAM BW: 21.050 words/cycle
Average Filter SRAM BW: 14.486 words/cycle
Average OFMAP SRAM BW: 21.050 words/cycle
Average IFMAP DRAM BW: 9.080 words/cycle
Average Filter DRAM BW: 8.929 words/cycle
Average OFMAP DRAM BW: 64.000 words/cycle

Running Layer 1023
Total cycles: 639
Compute cycles: 283
Stall cycles: 0
Overall utilization: 2.08%
Mapping efficiency: 6.25%
Average IFMAP SRAM BW: 1.329 words/cycle
Average Filter SRAM BW: 0.905 words/cycle
Average OFMAP SRAM BW: 21.258 words/cycle
Average IFMAP DRAM BW: 1.430 words/cycle
Average Filter DRAM BW: 0.973 words/cycle
Average OFMAP DRAM BW: 64.000 words/cycle

Running Layer 1024
Total cycles: 1017
Compute cycles: 567
Stall cycles: 0
Overall utilization: 2.07%
Mapping efficiency: 6.25%
Average IFMAP SRAM BW: 1.326 words/cycle
Average Filter SRAM BW: 0.903 words/cycle
Average OFMAP SRAM BW: 21.220 words/cycle
Average IFMAP DRAM BW: 1.430 words/cycle
Average Filter DRAM BW: 1.947 words/cycle
Average OFMAP DRAM BW: 64.000 words/cycle

Running Layer 1025
Total cycles: 639
Compute cycles: 283
Stall cycles: 0
Overall utilization: 4.15%
Mapping efficiency: 12.50%
Average IFMAP SRAM BW: 2.657 words/cycle
Average Filter SRAM BW: 1.809 words/cycle
Average OFMAP SRAM BW: 21.258 words/cycle
Average IFMAP DRAM BW: 2.859 words/cycle
Average Filter DRAM BW: 1.947 words/cycle
Average OFMAP DRAM BW: 64.000 words/cycle

Running Layer 1026
Total cycles: 1017
Compute cycles: 567
Stall cycles: 0
Overall utilization: 4.14%
Mapping efficiency: 12.50%
Average IFMAP SRAM BW: 2.653 words/cycle
Average Filter SRAM BW: 1.806 words/cycle
Average OFMAP SRAM BW: 21.220 words/cycle
Average IFMAP DRAM BW: 2.859 words/cycle
Average Filter DRAM BW: 3.894 words/cycle
Average OFMAP DRAM BW: 64.000 words/cycle

Running Layer 1027
Total cycles: 639
Compute cycles: 283
Stall cycles: 0
Overall utilization: 8.30%
Mapping efficiency: 25.00%
Average IFMAP SRAM BW: 5.314 words/cycle
Average Filter SRAM BW: 3.618 words/cycle
Average OFMAP SRAM BW: 21.258 words/cycle
Average IFMAP DRAM BW: 5.719 words/cycle
Average Filter DRAM BW: 3.894 words/cycle
Average OFMAP DRAM BW: 64.000 words/cycle

Running Layer 1028
Total cycles: 1017
Compute cycles: 567
Stall cycles: 0
Overall utilization: 8.29%
Mapping efficiency: 25.00%
Average IFMAP SRAM BW: 5.305 words/cycle
Average Filter SRAM BW: 3.612 words/cycle
Average OFMAP SRAM BW: 21.220 words/cycle
Average IFMAP DRAM BW: 5.719 words/cycle
Average Filter DRAM BW: 7.787 words/cycle
Average OFMAP DRAM BW: 64.000 words/cycle

Running Layer 1029
Total cycles: 901
Compute cycles: 283
Stall cycles: 0
Overall utilization: 16.61%
Mapping efficiency: 50.00%
Average IFMAP SRAM BW: 10.629 words/cycle
Average Filter SRAM BW: 7.237 words/cycle
Average OFMAP SRAM BW: 21.258 words/cycle
Average IFMAP DRAM BW: 5.730 words/cycle
Average Filter DRAM BW: 7.787 words/cycle
Average OFMAP DRAM BW: 64.000 words/cycle

Running Layer 1030
Total cycles: 1279
Compute cycles: 567
Stall cycles: 0
Overall utilization: 16.58%
Mapping efficiency: 50.00%
Average IFMAP SRAM BW: 10.610 words/cycle
Average Filter SRAM BW: 7.224 words/cycle
Average OFMAP SRAM BW: 21.220 words/cycle
Average IFMAP DRAM BW: 5.730 words/cycle
Average Filter DRAM BW: 7.802 words/cycle
Average OFMAP DRAM BW: 64.000 words/cycle

Running Layer 1031
Total cycles: 1163
Compute cycles: 283
Stall cycles: 0
Overall utilization: 33.22%
Mapping efficiency: 100.00%
Average IFMAP SRAM BW: 21.258 words/cycle
Average Filter SRAM BW: 14.473 words/cycle
Average OFMAP SRAM BW: 21.258 words/cycle
Average IFMAP DRAM BW: 7.644 words/cycle
Average Filter DRAM BW: 7.802 words/cycle
Average OFMAP DRAM BW: 64.000 words/cycle

Running Layer 1032
Total cycles: 1803
Compute cycles: 567
Stall cycles: 0
Overall utilization: 33.16%
Mapping efficiency: 100.00%
Average IFMAP SRAM BW: 21.220 words/cycle
Average Filter SRAM BW: 14.448 words/cycle
Average OFMAP SRAM BW: 21.220 words/cycle
Average IFMAP DRAM BW: 7.644 words/cycle
Average Filter DRAM BW: 7.809 words/cycle
Average OFMAP DRAM BW: 64.000 words/cycle

Running Layer 1033
Total cycles: 3345
Compute cycles: 1135
Stall cycles: 0
Overall utilization: 33.13%
Mapping efficiency: 100.00%
Average IFMAP SRAM BW: 21.202 words/cycle
Average Filter SRAM BW: 14.435 words/cycle
Average OFMAP SRAM BW: 21.202 words/cycle
Average IFMAP DRAM BW: 9.178 words/cycle
Average Filter DRAM BW: 8.929 words/cycle
Average OFMAP DRAM BW: 64.000 words/cycle

Running Layer 1034
Total cycles: 641
Compute cycles: 284
Stall cycles: 0
Overall utilization: 2.09%
Mapping efficiency: 6.25%
Average IFMAP SRAM BW: 1.338 words/cycle
Average Filter SRAM BW: 0.901 words/cycle
Average OFMAP SRAM BW: 21.408 words/cycle
Average IFMAP DRAM BW: 1.445 words/cycle
Average Filter DRAM BW: 0.973 words/cycle
Average OFMAP DRAM BW: 64.000 words/cycle

Running Layer 1035
Total cycles: 1021
Compute cycles: 569
Stall cycles: 0
Overall utilization: 2.09%
Mapping efficiency: 6.25%
Average IFMAP SRAM BW: 1.336 words/cycle
Average Filter SRAM BW: 0.900 words/cycle
Average OFMAP SRAM BW: 21.371 words/cycle
Average IFMAP DRAM BW: 1.445 words/cycle
Average Filter DRAM BW: 1.947 words/cycle
Average OFMAP DRAM BW: 64.000 words/cycle

Running Layer 1036
Total cycles: 641
Compute cycles: 284
Stall cycles: 0
Overall utilization: 4.18%
Mapping efficiency: 12.50%
Average IFMAP SRAM BW: 2.676 words/cycle
Average Filter SRAM BW: 1.803 words/cycle
Average OFMAP SRAM BW: 21.408 words/cycle
Average IFMAP DRAM BW: 2.890 words/cycle
Average Filter DRAM BW: 1.947 words/cycle
Average OFMAP DRAM BW: 64.000 words/cycle

Running Layer 1037
Total cycles: 1021
Compute cycles: 569
Stall cycles: 0
Overall utilization: 4.17%
Mapping efficiency: 12.50%
Average IFMAP SRAM BW: 2.671 words/cycle
Average Filter SRAM BW: 1.800 words/cycle
Average OFMAP SRAM BW: 21.371 words/cycle
Average IFMAP DRAM BW: 2.890 words/cycle
Average Filter DRAM BW: 3.894 words/cycle
Average OFMAP DRAM BW: 64.000 words/cycle

Running Layer 1038
Total cycles: 641
Compute cycles: 284
Stall cycles: 0
Overall utilization: 8.36%
Mapping efficiency: 25.00%
Average IFMAP SRAM BW: 5.352 words/cycle
Average Filter SRAM BW: 3.606 words/cycle
Average OFMAP SRAM BW: 21.408 words/cycle
Average IFMAP DRAM BW: 5.779 words/cycle
Average Filter DRAM BW: 3.894 words/cycle
Average OFMAP DRAM BW: 64.000 words/cycle

Running Layer 1039
Total cycles: 1021
Compute cycles: 569
Stall cycles: 0
Overall utilization: 8.35%
Mapping efficiency: 25.00%
Average IFMAP SRAM BW: 5.343 words/cycle
Average Filter SRAM BW: 3.599 words/cycle
Average OFMAP SRAM BW: 21.371 words/cycle
Average IFMAP DRAM BW: 5.779 words/cycle
Average Filter DRAM BW: 7.787 words/cycle
Average OFMAP DRAM BW: 64.000 words/cycle

Running Layer 1040
Total cycles: 903
Compute cycles: 284
Stall cycles: 0
Overall utilization: 16.73%
Mapping efficiency: 50.00%
Average IFMAP SRAM BW: 10.704 words/cycle
Average Filter SRAM BW: 7.211 words/cycle
Average OFMAP SRAM BW: 21.408 words/cycle
Average IFMAP DRAM BW: 5.790 words/cycle
Average Filter DRAM BW: 7.787 words/cycle
Average OFMAP DRAM BW: 64.000 words/cycle

Running Layer 1041
Total cycles: 1283
Compute cycles: 569
Stall cycles: 0
Overall utilization: 16.70%
Mapping efficiency: 50.00%
Average IFMAP SRAM BW: 10.685 words/cycle
Average Filter SRAM BW: 7.199 words/cycle
Average OFMAP SRAM BW: 21.371 words/cycle
Average IFMAP DRAM BW: 5.790 words/cycle
Average Filter DRAM BW: 7.802 words/cycle
Average OFMAP DRAM BW: 64.000 words/cycle

Running Layer 1042
Total cycles: 1165
Compute cycles: 284
Stall cycles: 0
Overall utilization: 33.45%
Mapping efficiency: 100.00%
Average IFMAP SRAM BW: 21.408 words/cycle
Average Filter SRAM BW: 14.423 words/cycle
Average OFMAP SRAM BW: 21.408 words/cycle
Average IFMAP DRAM BW: 7.726 words/cycle
Average Filter DRAM BW: 7.802 words/cycle
Average OFMAP DRAM BW: 64.000 words/cycle

Running Layer 1043
Total cycles: 1807
Compute cycles: 569
Stall cycles: 0
Overall utilization: 33.39%
Mapping efficiency: 100.00%
Average IFMAP SRAM BW: 21.371 words/cycle
Average Filter SRAM BW: 14.397 words/cycle
Average OFMAP SRAM BW: 21.371 words/cycle
Average IFMAP DRAM BW: 7.726 words/cycle
Average Filter DRAM BW: 7.809 words/cycle
Average OFMAP DRAM BW: 64.000 words/cycle

Running Layer 1044
Total cycles: 3353
Compute cycles: 1139
Stall cycles: 0
Overall utilization: 33.36%
Mapping efficiency: 100.00%
Average IFMAP SRAM BW: 21.352 words/cycle
Average Filter SRAM BW: 14.385 words/cycle
Average OFMAP SRAM BW: 21.352 words/cycle
Average IFMAP DRAM BW: 9.275 words/cycle
Average Filter DRAM BW: 8.929 words/cycle
Average OFMAP DRAM BW: 64.000 words/cycle

Running Layer 1045
Total cycles: 643
Compute cycles: 285
Stall cycles: 0
Overall utilization: 2.11%
Mapping efficiency: 6.25%
Average IFMAP SRAM BW: 1.347 words/cycle
Average Filter SRAM BW: 0.898 words/cycle
Average OFMAP SRAM BW: 21.558 words/cycle
Average IFMAP DRAM BW: 1.460 words/cycle
Average Filter DRAM BW: 0.973 words/cycle
Average OFMAP DRAM BW: 64.000 words/cycle

Running Layer 1046
Total cycles: 1025
Compute cycles: 571
Stall cycles: 0
Overall utilization: 2.10%
Mapping efficiency: 6.25%
Average IFMAP SRAM BW: 1.345 words/cycle
Average Filter SRAM BW: 0.897 words/cycle
Average OFMAP SRAM BW: 21.520 words/cycle
Average IFMAP DRAM BW: 1.460 words/cycle
Average Filter DRAM BW: 1.947 words/cycle
Average OFMAP DRAM BW: 64.000 words/cycle

Running Layer 1047
Total cycles: 643
Compute cycles: 285
Stall cycles: 0
Overall utilization: 4.21%
Mapping efficiency: 12.50%
Average IFMAP SRAM BW: 2.695 words/cycle
Average Filter SRAM BW: 1.796 words/cycle
Average OFMAP SRAM BW: 21.558 words/cycle
Average IFMAP DRAM BW: 2.920 words/cycle
Average Filter DRAM BW: 1.947 words/cycle
Average OFMAP DRAM BW: 64.000 words/cycle

Running Layer 1048
Total cycles: 1025
Compute cycles: 571
Stall cycles: 0
Overall utilization: 4.20%
Mapping efficiency: 12.50%
Average IFMAP SRAM BW: 2.690 words/cycle
Average Filter SRAM BW: 1.793 words/cycle
Average OFMAP SRAM BW: 21.520 words/cycle
Average IFMAP DRAM BW: 2.920 words/cycle
Average Filter DRAM BW: 3.894 words/cycle
Average OFMAP DRAM BW: 64.000 words/cycle

Running Layer 1049
Total cycles: 643
Compute cycles: 285
Stall cycles: 0
Overall utilization: 8.42%
Mapping efficiency: 25.00%
Average IFMAP SRAM BW: 5.389 words/cycle
Average Filter SRAM BW: 3.593 words/cycle
Average OFMAP SRAM BW: 21.558 words/cycle
Average IFMAP DRAM BW: 5.840 words/cycle
Average Filter DRAM BW: 3.894 words/cycle
Average OFMAP DRAM BW: 64.000 words/cycle

Running Layer 1050
Total cycles: 1025
Compute cycles: 571
Stall cycles: 0
Overall utilization: 8.41%
Mapping efficiency: 25.00%
Average IFMAP SRAM BW: 5.380 words/cycle
Average Filter SRAM BW: 3.587 words/cycle
Average OFMAP SRAM BW: 21.520 words/cycle
Average IFMAP DRAM BW: 5.840 words/cycle
Average Filter DRAM BW: 7.787 words/cycle
Average OFMAP DRAM BW: 64.000 words/cycle

Running Layer 1051
Total cycles: 905
Compute cycles: 285
Stall cycles: 0
Overall utilization: 16.84%
Mapping efficiency: 50.00%
Average IFMAP SRAM BW: 10.779 words/cycle
Average Filter SRAM BW: 7.186 words/cycle
Average OFMAP SRAM BW: 21.558 words/cycle
Average IFMAP DRAM BW: 5.851 words/cycle
Average Filter DRAM BW: 7.787 words/cycle
Average OFMAP DRAM BW: 64.000 words/cycle

Running Layer 1052
Total cycles: 1287
Compute cycles: 571
Stall cycles: 0
Overall utilization: 16.81%
Mapping efficiency: 50.00%
Average IFMAP SRAM BW: 10.760 words/cycle
Average Filter SRAM BW: 7.173 words/cycle
Average OFMAP SRAM BW: 21.520 words/cycle
Average IFMAP DRAM BW: 5.851 words/cycle
Average Filter DRAM BW: 7.802 words/cycle
Average OFMAP DRAM BW: 64.000 words/cycle

Running Layer 1053
Total cycles: 1167
Compute cycles: 285
Stall cycles: 0
Overall utilization: 33.68%
Mapping efficiency: 100.00%
Average IFMAP SRAM BW: 21.558 words/cycle
Average Filter SRAM BW: 14.372 words/cycle
Average OFMAP SRAM BW: 21.558 words/cycle
Average IFMAP DRAM BW: 7.807 words/cycle
Average Filter DRAM BW: 7.802 words/cycle
Average OFMAP DRAM BW: 64.000 words/cycle

Running Layer 1054
Total cycles: 1811
Compute cycles: 571
Stall cycles: 0
Overall utilization: 33.63%
Mapping efficiency: 100.00%
Average IFMAP SRAM BW: 21.520 words/cycle
Average Filter SRAM BW: 14.347 words/cycle
Average OFMAP SRAM BW: 21.520 words/cycle
Average IFMAP DRAM BW: 7.807 words/cycle
Average Filter DRAM BW: 7.809 words/cycle
Average OFMAP DRAM BW: 64.000 words/cycle

Running Layer 1055
Total cycles: 3361
Compute cycles: 1143
Stall cycles: 0
Overall utilization: 33.60%
Mapping efficiency: 100.00%
Average IFMAP SRAM BW: 21.501 words/cycle
Average Filter SRAM BW: 14.334 words/cycle
Average OFMAP SRAM BW: 21.501 words/cycle
Average IFMAP DRAM BW: 9.373 words/cycle
Average Filter DRAM BW: 8.929 words/cycle
Average OFMAP DRAM BW: 64.000 words/cycle

Running Layer 1056
Total cycles: 645
Compute cycles: 286
Stall cycles: 0
Overall utilization: 2.12%
Mapping efficiency: 6.25%
Average IFMAP SRAM BW: 1.357 words/cycle
Average Filter SRAM BW: 0.895 words/cycle
Average OFMAP SRAM BW: 21.706 words/cycle
Average IFMAP DRAM BW: 1.475 words/cycle
Average Filter DRAM BW: 0.973 words/cycle
Average OFMAP DRAM BW: 64.000 words/cycle

Running Layer 1057
Total cycles: 1029
Compute cycles: 573
Stall cycles: 0
Overall utilization: 2.12%
Mapping efficiency: 6.25%
Average IFMAP SRAM BW: 1.354 words/cycle
Average Filter SRAM BW: 0.894 words/cycle
Average OFMAP SRAM BW: 21.668 words/cycle
Average IFMAP DRAM BW: 1.475 words/cycle
Average Filter DRAM BW: 1.947 words/cycle
Average OFMAP DRAM BW: 64.000 words/cycle

Running Layer 1058
Total cycles: 645
Compute cycles: 286
Stall cycles: 0
Overall utilization: 4.24%
Mapping efficiency: 12.50%
Average IFMAP SRAM BW: 2.713 words/cycle
Average Filter SRAM BW: 1.790 words/cycle
Average OFMAP SRAM BW: 21.706 words/cycle
Average IFMAP DRAM BW: 2.951 words/cycle
Average Filter DRAM BW: 1.947 words/cycle
Average OFMAP DRAM BW: 64.000 words/cycle

Running Layer 1059
Total cycles: 1029
Compute cycles: 573
Stall cycles: 0
Overall utilization: 4.23%
Mapping efficiency: 12.50%
Average IFMAP SRAM BW: 2.709 words/cycle
Average Filter SRAM BW: 1.787 words/cycle
Average OFMAP SRAM BW: 21.668 words/cycle
Average IFMAP DRAM BW: 2.951 words/cycle
Average Filter DRAM BW: 3.894 words/cycle
Average OFMAP DRAM BW: 64.000 words/cycle

Running Layer 1060
Total cycles: 645
Compute cycles: 286
Stall cycles: 0
Overall utilization: 8.48%
Mapping efficiency: 25.00%
Average IFMAP SRAM BW: 5.427 words/cycle
Average Filter SRAM BW: 3.580 words/cycle
Average OFMAP SRAM BW: 21.706 words/cycle
Average IFMAP DRAM BW: 5.901 words/cycle
Average Filter DRAM BW: 3.894 words/cycle
Average OFMAP DRAM BW: 64.000 words/cycle

Running Layer 1061
Total cycles: 1029
Compute cycles: 573
Stall cycles: 0
Overall utilization: 8.46%
Mapping efficiency: 25.00%
Average IFMAP SRAM BW: 5.417 words/cycle
Average Filter SRAM BW: 3.574 words/cycle
Average OFMAP SRAM BW: 21.668 words/cycle
Average IFMAP DRAM BW: 5.901 words/cycle
Average Filter DRAM BW: 7.787 words/cycle
Average OFMAP DRAM BW: 64.000 words/cycle

Running Layer 1062
Total cycles: 907
Compute cycles: 286
Stall cycles: 0
Overall utilization: 16.96%
Mapping efficiency: 50.00%
Average IFMAP SRAM BW: 10.853 words/cycle
Average Filter SRAM BW: 7.161 words/cycle
Average OFMAP SRAM BW: 21.706 words/cycle
Average IFMAP DRAM BW: 5.912 words/cycle
Average Filter DRAM BW: 7.787 words/cycle
Average OFMAP DRAM BW: 64.000 words/cycle

Running Layer 1063
Total cycles: 1291
Compute cycles: 573
Stall cycles: 0
Overall utilization: 16.93%
Mapping efficiency: 50.00%
Average IFMAP SRAM BW: 10.834 words/cycle
Average Filter SRAM BW: 7.148 words/cycle
Average OFMAP SRAM BW: 21.668 words/cycle
Average IFMAP DRAM BW: 5.912 words/cycle
Average Filter DRAM BW: 7.802 words/cycle
Average OFMAP DRAM BW: 64.000 words/cycle

Running Layer 1064
Total cycles: 1169
Compute cycles: 286
Stall cycles: 0
Overall utilization: 33.92%
Mapping efficiency: 100.00%
Average IFMAP SRAM BW: 21.706 words/cycle
Average Filter SRAM BW: 14.322 words/cycle
Average OFMAP SRAM BW: 21.706 words/cycle
Average IFMAP DRAM BW: 7.888 words/cycle
Average Filter DRAM BW: 7.802 words/cycle
Average OFMAP DRAM BW: 64.000 words/cycle

Running Layer 1065
Total cycles: 1815
Compute cycles: 573
Stall cycles: 0
Overall utilization: 33.86%
Mapping efficiency: 100.00%
Average IFMAP SRAM BW: 21.668 words/cycle
Average Filter SRAM BW: 14.297 words/cycle
Average OFMAP SRAM BW: 21.668 words/cycle
Average IFMAP DRAM BW: 7.888 words/cycle
Average Filter DRAM BW: 7.809 words/cycle
Average OFMAP DRAM BW: 64.000 words/cycle

Running Layer 1066
Total cycles: 3369
Compute cycles: 1147
Stall cycles: 0
Overall utilization: 33.83%
Mapping efficiency: 100.00%
Average IFMAP SRAM BW: 21.650 words/cycle
Average Filter SRAM BW: 14.284 words/cycle
Average OFMAP SRAM BW: 21.650 words/cycle
Average IFMAP DRAM BW: 9.471 words/cycle
Average Filter DRAM BW: 8.929 words/cycle
Average OFMAP DRAM BW: 64.000 words/cycle

Running Layer 1067
Total cycles: 647
Compute cycles: 287
Stall cycles: 0
Overall utilization: 2.13%
Mapping efficiency: 6.25%
Average IFMAP SRAM BW: 1.366 words/cycle
Average Filter SRAM BW: 0.892 words/cycle
Average OFMAP SRAM BW: 21.854 words/cycle
Average IFMAP DRAM BW: 1.490 words/cycle
Average Filter DRAM BW: 0.973 words/cycle
Average OFMAP DRAM BW: 64.000 words/cycle

Running Layer 1068
Total cycles: 1033
Compute cycles: 575
Stall cycles: 0
Overall utilization: 2.13%
Mapping efficiency: 6.25%
Average IFMAP SRAM BW: 1.363 words/cycle
Average Filter SRAM BW: 0.890 words/cycle
Average OFMAP SRAM BW: 21.816 words/cycle
Average IFMAP DRAM BW: 1.490 words/cycle
Average Filter DRAM BW: 1.947 words/cycle
Average OFMAP DRAM BW: 64.000 words/cycle

Running Layer 1069
Total cycles: 647
Compute cycles: 287
Stall cycles: 0
Overall utilization: 4.27%
Mapping efficiency: 12.50%
Average IFMAP SRAM BW: 2.732 words/cycle
Average Filter SRAM BW: 1.784 words/cycle
Average OFMAP SRAM BW: 21.854 words/cycle
Average IFMAP DRAM BW: 2.981 words/cycle
Average Filter DRAM BW: 1.947 words/cycle
Average OFMAP DRAM BW: 64.000 words/cycle

Running Layer 1070
Total cycles: 1033
Compute cycles: 575
Stall cycles: 0
Overall utilization: 4.26%
Mapping efficiency: 12.50%
Average IFMAP SRAM BW: 2.727 words/cycle
Average Filter SRAM BW: 1.781 words/cycle
Average OFMAP SRAM BW: 21.816 words/cycle
Average IFMAP DRAM BW: 2.981 words/cycle
Average Filter DRAM BW: 3.894 words/cycle
Average OFMAP DRAM BW: 64.000 words/cycle

Running Layer 1071
Total cycles: 647
Compute cycles: 287
Stall cycles: 0
Overall utilization: 8.54%
Mapping efficiency: 25.00%
Average IFMAP SRAM BW: 5.463 words/cycle
Average Filter SRAM BW: 3.568 words/cycle
Average OFMAP SRAM BW: 21.854 words/cycle
Average IFMAP DRAM BW: 5.962 words/cycle
Average Filter DRAM BW: 3.894 words/cycle
Average OFMAP DRAM BW: 64.000 words/cycle

Running Layer 1072
Total cycles: 1033
Compute cycles: 575
Stall cycles: 0
Overall utilization: 8.52%
Mapping efficiency: 25.00%
Average IFMAP SRAM BW: 5.454 words/cycle
Average Filter SRAM BW: 3.562 words/cycle
Average OFMAP SRAM BW: 21.816 words/cycle
Average IFMAP DRAM BW: 5.962 words/cycle
Average Filter DRAM BW: 7.787 words/cycle
Average OFMAP DRAM BW: 64.000 words/cycle

Running Layer 1073
Total cycles: 909
Compute cycles: 287
Stall cycles: 0
Overall utilization: 17.07%
Mapping efficiency: 50.00%
Average IFMAP SRAM BW: 10.927 words/cycle
Average Filter SRAM BW: 7.136 words/cycle
Average OFMAP SRAM BW: 21.854 words/cycle
Average IFMAP DRAM BW: 5.973 words/cycle
Average Filter DRAM BW: 7.787 words/cycle
Average OFMAP DRAM BW: 64.000 words/cycle

Running Layer 1074
Total cycles: 1295
Compute cycles: 575
Stall cycles: 0
Overall utilization: 17.04%
Mapping efficiency: 50.00%
Average IFMAP SRAM BW: 10.908 words/cycle
Average Filter SRAM BW: 7.123 words/cycle
Average OFMAP SRAM BW: 21.816 words/cycle
Average IFMAP DRAM BW: 5.973 words/cycle
Average Filter DRAM BW: 7.802 words/cycle
Average OFMAP DRAM BW: 64.000 words/cycle

Running Layer 1075
Total cycles: 1171
Compute cycles: 287
Stall cycles: 0
Overall utilization: 34.15%
Mapping efficiency: 100.00%
Average IFMAP SRAM BW: 21.854 words/cycle
Average Filter SRAM BW: 14.272 words/cycle
Average OFMAP SRAM BW: 21.854 words/cycle
Average IFMAP DRAM BW: 7.970 words/cycle
Average Filter DRAM BW: 7.802 words/cycle
Average OFMAP DRAM BW: 64.000 words/cycle

Running Layer 1076
Total cycles: 1819
Compute cycles: 575
Stall cycles: 0
Overall utilization: 34.09%
Mapping efficiency: 100.00%
Average IFMAP SRAM BW: 21.816 words/cycle
Average Filter SRAM BW: 14.247 words/cycle
Average OFMAP SRAM BW: 21.816 words/cycle
Average IFMAP DRAM BW: 7.970 words/cycle
Average Filter DRAM BW: 7.809 words/cycle
Average OFMAP DRAM BW: 64.000 words/cycle

Running Layer 1077
Total cycles: 3377
Compute cycles: 1151
Stall cycles: 0
Overall utilization: 34.06%
Mapping efficiency: 100.00%
Average IFMAP SRAM BW: 21.797 words/cycle
Average Filter SRAM BW: 14.235 words/cycle
Average OFMAP SRAM BW: 21.797 words/cycle
Average IFMAP DRAM BW: 9.568 words/cycle
Average Filter DRAM BW: 8.929 words/cycle
Average OFMAP DRAM BW: 64.000 words/cycle

Running Layer 1078
Total cycles: 649
Compute cycles: 288
Stall cycles: 0
Overall utilization: 2.15%
Mapping efficiency: 6.25%
Average IFMAP SRAM BW: 1.375 words/cycle
Average Filter SRAM BW: 0.889 words/cycle
Average OFMAP SRAM BW: 22.000 words/cycle
Average IFMAP DRAM BW: 1.506 words/cycle
Average Filter DRAM BW: 0.973 words/cycle
Average OFMAP DRAM BW: 64.000 words/cycle

Running Layer 1079
Total cycles: 1037
Compute cycles: 577
Stall cycles: 0
Overall utilization: 2.14%
Mapping efficiency: 6.25%
Average IFMAP SRAM BW: 1.373 words/cycle
Average Filter SRAM BW: 0.887 words/cycle
Average OFMAP SRAM BW: 21.962 words/cycle
Average IFMAP DRAM BW: 1.506 words/cycle
Average Filter DRAM BW: 1.947 words/cycle
Average OFMAP DRAM BW: 64.000 words/cycle

Running Layer 1080
Total cycles: 649
Compute cycles: 288
Stall cycles: 0
Overall utilization: 4.30%
Mapping efficiency: 12.50%
Average IFMAP SRAM BW: 2.750 words/cycle
Average Filter SRAM BW: 1.778 words/cycle
Average OFMAP SRAM BW: 22.000 words/cycle
Average IFMAP DRAM BW: 3.011 words/cycle
Average Filter DRAM BW: 1.947 words/cycle
Average OFMAP DRAM BW: 64.000 words/cycle

Running Layer 1081
Total cycles: 1037
Compute cycles: 577
Stall cycles: 0
Overall utilization: 4.29%
Mapping efficiency: 12.50%
Average IFMAP SRAM BW: 2.745 words/cycle
Average Filter SRAM BW: 1.775 words/cycle
Average OFMAP SRAM BW: 21.962 words/cycle
Average IFMAP DRAM BW: 3.011 words/cycle
Average Filter DRAM BW: 3.894 words/cycle
Average OFMAP DRAM BW: 64.000 words/cycle

Running Layer 1082
Total cycles: 649
Compute cycles: 288
Stall cycles: 0
Overall utilization: 8.59%
Mapping efficiency: 25.00%
Average IFMAP SRAM BW: 5.500 words/cycle
Average Filter SRAM BW: 3.556 words/cycle
Average OFMAP SRAM BW: 22.000 words/cycle
Average IFMAP DRAM BW: 6.023 words/cycle
Average Filter DRAM BW: 3.894 words/cycle
Average OFMAP DRAM BW: 64.000 words/cycle

Running Layer 1083
Total cycles: 1037
Compute cycles: 577
Stall cycles: 0
Overall utilization: 8.58%
Mapping efficiency: 25.00%
Average IFMAP SRAM BW: 5.490 words/cycle
Average Filter SRAM BW: 3.549 words/cycle
Average OFMAP SRAM BW: 21.962 words/cycle
Average IFMAP DRAM BW: 6.023 words/cycle
Average Filter DRAM BW: 7.787 words/cycle
Average OFMAP DRAM BW: 64.000 words/cycle

Running Layer 1084
Total cycles: 911
Compute cycles: 288
Stall cycles: 0
Overall utilization: 17.19%
Mapping efficiency: 50.00%
Average IFMAP SRAM BW: 11.000 words/cycle
Average Filter SRAM BW: 7.111 words/cycle
Average OFMAP SRAM BW: 22.000 words/cycle
Average IFMAP DRAM BW: 6.034 words/cycle
Average Filter DRAM BW: 7.787 words/cycle
Average OFMAP DRAM BW: 64.000 words/cycle

Running Layer 1085
Total cycles: 1299
Compute cycles: 577
Stall cycles: 0
Overall utilization: 17.16%
Mapping efficiency: 50.00%
Average IFMAP SRAM BW: 10.981 words/cycle
Average Filter SRAM BW: 7.099 words/cycle
Average OFMAP SRAM BW: 21.962 words/cycle
Average IFMAP DRAM BW: 6.034 words/cycle
Average Filter DRAM BW: 7.802 words/cycle
Average OFMAP DRAM BW: 64.000 words/cycle

Running Layer 1086
Total cycles: 1173
Compute cycles: 288
Stall cycles: 0
Overall utilization: 34.38%
Mapping efficiency: 100.00%
Average IFMAP SRAM BW: 22.000 words/cycle
Average Filter SRAM BW: 14.222 words/cycle
Average OFMAP SRAM BW: 22.000 words/cycle
Average IFMAP DRAM BW: 8.051 words/cycle
Average Filter DRAM BW: 7.802 words/cycle
Average OFMAP DRAM BW: 64.000 words/cycle

Running Layer 1087
Total cycles: 1823
Compute cycles: 577
Stall cycles: 0
Overall utilization: 34.32%
Mapping efficiency: 100.00%
Average IFMAP SRAM BW: 21.962 words/cycle
Average Filter SRAM BW: 14.198 words/cycle
Average OFMAP SRAM BW: 21.962 words/cycle
Average IFMAP DRAM BW: 8.051 words/cycle
Average Filter DRAM BW: 7.809 words/cycle
Average OFMAP DRAM BW: 64.000 words/cycle

Running Layer 1088
Total cycles: 3385
Compute cycles: 1155
Stall cycles: 0
Overall utilization: 34.29%
Mapping efficiency: 100.00%
Average IFMAP SRAM BW: 21.943 words/cycle
Average Filter SRAM BW: 14.185 words/cycle
Average OFMAP SRAM BW: 21.943 words/cycle
Average IFMAP DRAM BW: 9.666 words/cycle
Average Filter DRAM BW: 8.929 words/cycle
Average OFMAP DRAM BW: 64.000 words/cycle

Running Layer 1089
Total cycles: 651
Compute cycles: 289
Stall cycles: 0
Overall utilization: 2.16%
Mapping efficiency: 6.25%
Average IFMAP SRAM BW: 1.384 words/cycle
Average Filter SRAM BW: 0.886 words/cycle
Average OFMAP SRAM BW: 22.145 words/cycle
Average IFMAP DRAM BW: 1.521 words/cycle
Average Filter DRAM BW: 0.973 words/cycle
Average OFMAP DRAM BW: 64.000 words/cycle

Running Layer 1090
Total cycles: 1041
Compute cycles: 579
Stall cycles: 0
Overall utilization: 2.16%
Mapping efficiency: 6.25%
Average IFMAP SRAM BW: 1.382 words/cycle
Average Filter SRAM BW: 0.884 words/cycle
Average OFMAP SRAM BW: 22.107 words/cycle
Average IFMAP DRAM BW: 1.521 words/cycle
Average Filter DRAM BW: 1.947 words/cycle
Average OFMAP DRAM BW: 64.000 words/cycle

Running Layer 1091
Total cycles: 651
Compute cycles: 289
Stall cycles: 0
Overall utilization: 4.33%
Mapping efficiency: 12.50%
Average IFMAP SRAM BW: 2.768 words/cycle
Average Filter SRAM BW: 1.772 words/cycle
Average OFMAP SRAM BW: 22.145 words/cycle
Average IFMAP DRAM BW: 3.042 words/cycle
Average Filter DRAM BW: 1.947 words/cycle
Average OFMAP DRAM BW: 64.000 words/cycle

Running Layer 1092
Total cycles: 1041
Compute cycles: 579
Stall cycles: 0
Overall utilization: 4.32%
Mapping efficiency: 12.50%
Average IFMAP SRAM BW: 2.763 words/cycle
Average Filter SRAM BW: 1.769 words/cycle
Average OFMAP SRAM BW: 22.107 words/cycle
Average IFMAP DRAM BW: 3.042 words/cycle
Average Filter DRAM BW: 3.894 words/cycle
Average OFMAP DRAM BW: 64.000 words/cycle

Running Layer 1093
Total cycles: 651
Compute cycles: 289
Stall cycles: 0
Overall utilization: 8.65%
Mapping efficiency: 25.00%
Average IFMAP SRAM BW: 5.536 words/cycle
Average Filter SRAM BW: 3.543 words/cycle
Average OFMAP SRAM BW: 22.145 words/cycle
Average IFMAP DRAM BW: 6.084 words/cycle
Average Filter DRAM BW: 3.894 words/cycle
Average OFMAP DRAM BW: 64.000 words/cycle

Running Layer 1094
Total cycles: 1041
Compute cycles: 579
Stall cycles: 0
Overall utilization: 8.64%
Mapping efficiency: 25.00%
Average IFMAP SRAM BW: 5.527 words/cycle
Average Filter SRAM BW: 3.537 words/cycle
Average OFMAP SRAM BW: 22.107 words/cycle
Average IFMAP DRAM BW: 6.084 words/cycle
Average Filter DRAM BW: 7.787 words/cycle
Average OFMAP DRAM BW: 64.000 words/cycle

Running Layer 1095
Total cycles: 913
Compute cycles: 289
Stall cycles: 0
Overall utilization: 17.30%
Mapping efficiency: 50.00%
Average IFMAP SRAM BW: 11.073 words/cycle
Average Filter SRAM BW: 7.087 words/cycle
Average OFMAP SRAM BW: 22.145 words/cycle
Average IFMAP DRAM BW: 6.095 words/cycle
Average Filter DRAM BW: 7.787 words/cycle
Average OFMAP DRAM BW: 64.000 words/cycle

Running Layer 1096
Total cycles: 1303
Compute cycles: 579
Stall cycles: 0
Overall utilization: 17.27%
Mapping efficiency: 50.00%
Average IFMAP SRAM BW: 11.054 words/cycle
Average Filter SRAM BW: 7.074 words/cycle
Average OFMAP SRAM BW: 22.107 words/cycle
Average IFMAP DRAM BW: 6.095 words/cycle
Average Filter DRAM BW: 7.802 words/cycle
Average OFMAP DRAM BW: 64.000 words/cycle

Running Layer 1097
Total cycles: 1175
Compute cycles: 289
Stall cycles: 0
Overall utilization: 34.60%
Mapping efficiency: 100.00%
Average IFMAP SRAM BW: 22.145 words/cycle
Average Filter SRAM BW: 14.173 words/cycle
Average OFMAP SRAM BW: 22.145 words/cycle
Average IFMAP DRAM BW: 8.132 words/cycle
Average Filter DRAM BW: 7.802 words/cycle
Average OFMAP DRAM BW: 64.000 words/cycle

Running Layer 1098
Total cycles: 1827
Compute cycles: 579
Stall cycles: 0
Overall utilization: 34.54%
Mapping efficiency: 100.00%
Average IFMAP SRAM BW: 22.107 words/cycle
Average Filter SRAM BW: 14.149 words/cycle
Average OFMAP SRAM BW: 22.107 words/cycle
Average IFMAP DRAM BW: 8.132 words/cycle
Average Filter DRAM BW: 7.809 words/cycle
Average OFMAP DRAM BW: 64.000 words/cycle

Running Layer 1099
Total cycles: 3393
Compute cycles: 1159
Stall cycles: 0
Overall utilization: 34.51%
Mapping efficiency: 100.00%
Average IFMAP SRAM BW: 22.088 words/cycle
Average Filter SRAM BW: 14.136 words/cycle
Average OFMAP SRAM BW: 22.088 words/cycle
Average IFMAP DRAM BW: 9.764 words/cycle
Average Filter DRAM BW: 8.929 words/cycle
Average OFMAP DRAM BW: 64.000 words/cycle

Running Layer 1100
Total cycles: 653
Compute cycles: 290
Stall cycles: 0
Overall utilization: 2.18%
Mapping efficiency: 6.25%
Average IFMAP SRAM BW: 1.393 words/cycle
Average Filter SRAM BW: 0.883 words/cycle
Average OFMAP SRAM BW: 22.290 words/cycle
Average IFMAP DRAM BW: 1.536 words/cycle
Average Filter DRAM BW: 0.973 words/cycle
Average OFMAP DRAM BW: 64.000 words/cycle

Running Layer 1101
Total cycles: 1045
Compute cycles: 581
Stall cycles: 0
Overall utilization: 2.17%
Mapping efficiency: 6.25%
Average IFMAP SRAM BW: 1.391 words/cycle
Average Filter SRAM BW: 0.881 words/cycle
Average OFMAP SRAM BW: 22.251 words/cycle
Average IFMAP DRAM BW: 1.536 words/cycle
Average Filter DRAM BW: 1.947 words/cycle
Average OFMAP DRAM BW: 64.000 words/cycle

Running Layer 1102
Total cycles: 653
Compute cycles: 290
Stall cycles: 0
Overall utilization: 4.35%
Mapping efficiency: 12.50%
Average IFMAP SRAM BW: 2.786 words/cycle
Average Filter SRAM BW: 1.766 words/cycle
Average OFMAP SRAM BW: 22.290 words/cycle
Average IFMAP DRAM BW: 3.072 words/cycle
Average Filter DRAM BW: 1.947 words/cycle
Average OFMAP DRAM BW: 64.000 words/cycle

Running Layer 1103
Total cycles: 1045
Compute cycles: 581
Stall cycles: 0
Overall utilization: 4.35%
Mapping efficiency: 12.50%
Average IFMAP SRAM BW: 2.781 words/cycle
Average Filter SRAM BW: 1.762 words/cycle
Average OFMAP SRAM BW: 22.251 words/cycle
Average IFMAP DRAM BW: 3.072 words/cycle
Average Filter DRAM BW: 3.894 words/cycle
Average OFMAP DRAM BW: 64.000 words/cycle

Running Layer 1104
Total cycles: 653
Compute cycles: 290
Stall cycles: 0
Overall utilization: 8.71%
Mapping efficiency: 25.00%
Average IFMAP SRAM BW: 5.572 words/cycle
Average Filter SRAM BW: 3.531 words/cycle
Average OFMAP SRAM BW: 22.290 words/cycle
Average IFMAP DRAM BW: 6.144 words/cycle
Average Filter DRAM BW: 3.894 words/cycle
Average OFMAP DRAM BW: 64.000 words/cycle

Running Layer 1105
Total cycles: 1045
Compute cycles: 581
Stall cycles: 0
Overall utilization: 8.69%
Mapping efficiency: 25.00%
Average IFMAP SRAM BW: 5.563 words/cycle
Average Filter SRAM BW: 3.525 words/cycle
Average OFMAP SRAM BW: 22.251 words/cycle
Average IFMAP DRAM BW: 6.144 words/cycle
Average Filter DRAM BW: 7.787 words/cycle
Average OFMAP DRAM BW: 64.000 words/cycle

Running Layer 1106
Total cycles: 915
Compute cycles: 290
Stall cycles: 0
Overall utilization: 17.41%
Mapping efficiency: 50.00%
Average IFMAP SRAM BW: 11.145 words/cycle
Average Filter SRAM BW: 7.062 words/cycle
Average OFMAP SRAM BW: 22.290 words/cycle
Average IFMAP DRAM BW: 6.156 words/cycle
Average Filter DRAM BW: 7.787 words/cycle
Average OFMAP DRAM BW: 64.000 words/cycle

Running Layer 1107
Total cycles: 1307
Compute cycles: 581
Stall cycles: 0
Overall utilization: 17.38%
Mapping efficiency: 50.00%
Average IFMAP SRAM BW: 11.126 words/cycle
Average Filter SRAM BW: 7.050 words/cycle
Average OFMAP SRAM BW: 22.251 words/cycle
Average IFMAP DRAM BW: 6.156 words/cycle
Average Filter DRAM BW: 7.802 words/cycle
Average OFMAP DRAM BW: 64.000 words/cycle

Running Layer 1108
Total cycles: 1177
Compute cycles: 290
Stall cycles: 0
Overall utilization: 34.83%
Mapping efficiency: 100.00%
Average IFMAP SRAM BW: 22.290 words/cycle
Average Filter SRAM BW: 14.124 words/cycle
Average OFMAP SRAM BW: 22.290 words/cycle
Average IFMAP DRAM BW: 8.213 words/cycle
Average Filter DRAM BW: 7.802 words/cycle
Average OFMAP DRAM BW: 64.000 words/cycle

Running Layer 1109
Total cycles: 1831
Compute cycles: 581
Stall cycles: 0
Overall utilization: 34.77%
Mapping efficiency: 100.00%
Average IFMAP SRAM BW: 22.251 words/cycle
Average Filter SRAM BW: 14.100 words/cycle
Average OFMAP SRAM BW: 22.251 words/cycle
Average IFMAP DRAM BW: 8.213 words/cycle
Average Filter DRAM BW: 7.809 words/cycle
Average OFMAP DRAM BW: 64.000 words/cycle

Running Layer 1110
Total cycles: 3401
Compute cycles: 1163
Stall cycles: 0
Overall utilization: 34.74%
Mapping efficiency: 100.00%
Average IFMAP SRAM BW: 22.232 words/cycle
Average Filter SRAM BW: 14.088 words/cycle
Average OFMAP SRAM BW: 22.232 words/cycle
Average IFMAP DRAM BW: 9.861 words/cycle
Average Filter DRAM BW: 8.929 words/cycle
Average OFMAP DRAM BW: 64.000 words/cycle

Running Layer 1111
Total cycles: 655
Compute cycles: 291
Stall cycles: 0
Overall utilization: 2.19%
Mapping efficiency: 6.25%
Average IFMAP SRAM BW: 1.402 words/cycle
Average Filter SRAM BW: 0.880 words/cycle
Average OFMAP SRAM BW: 22.433 words/cycle
Average IFMAP DRAM BW: 1.551 words/cycle
Average Filter DRAM BW: 0.973 words/cycle
Average OFMAP DRAM BW: 64.000 words/cycle

Running Layer 1112
Total cycles: 1049
Compute cycles: 583
Stall cycles: 0
Overall utilization: 2.19%
Mapping efficiency: 6.25%
Average IFMAP SRAM BW: 1.400 words/cycle
Average Filter SRAM BW: 0.878 words/cycle
Average OFMAP SRAM BW: 22.395 words/cycle
Average IFMAP DRAM BW: 1.551 words/cycle
Average Filter DRAM BW: 1.947 words/cycle
Average OFMAP DRAM BW: 64.000 words/cycle

Running Layer 1113
Total cycles: 655
Compute cycles: 291
Stall cycles: 0
Overall utilization: 4.38%
Mapping efficiency: 12.50%
Average IFMAP SRAM BW: 2.804 words/cycle
Average Filter SRAM BW: 1.759 words/cycle
Average OFMAP SRAM BW: 22.433 words/cycle
Average IFMAP DRAM BW: 3.103 words/cycle
Average Filter DRAM BW: 1.947 words/cycle
Average OFMAP DRAM BW: 64.000 words/cycle

Running Layer 1114
Total cycles: 1049
Compute cycles: 583
Stall cycles: 0
Overall utilization: 4.37%
Mapping efficiency: 12.50%
Average IFMAP SRAM BW: 2.799 words/cycle
Average Filter SRAM BW: 1.756 words/cycle
Average OFMAP SRAM BW: 22.395 words/cycle
Average IFMAP DRAM BW: 3.103 words/cycle
Average Filter DRAM BW: 3.894 words/cycle
Average OFMAP DRAM BW: 64.000 words/cycle

Running Layer 1115
Total cycles: 655
Compute cycles: 291
Stall cycles: 0
Overall utilization: 8.76%
Mapping efficiency: 25.00%
Average IFMAP SRAM BW: 5.608 words/cycle
Average Filter SRAM BW: 3.519 words/cycle
Average OFMAP SRAM BW: 22.433 words/cycle
Average IFMAP DRAM BW: 6.205 words/cycle
Average Filter DRAM BW: 3.894 words/cycle
Average OFMAP DRAM BW: 64.000 words/cycle

Running Layer 1116
Total cycles: 1049
Compute cycles: 583
Stall cycles: 0
Overall utilization: 8.75%
Mapping efficiency: 25.00%
Average IFMAP SRAM BW: 5.599 words/cycle
Average Filter SRAM BW: 3.513 words/cycle
Average OFMAP SRAM BW: 22.395 words/cycle
Average IFMAP DRAM BW: 6.205 words/cycle
Average Filter DRAM BW: 7.787 words/cycle
Average OFMAP DRAM BW: 64.000 words/cycle

Running Layer 1117
Total cycles: 917
Compute cycles: 291
Stall cycles: 0
Overall utilization: 17.53%
Mapping efficiency: 50.00%
Average IFMAP SRAM BW: 11.216 words/cycle
Average Filter SRAM BW: 7.038 words/cycle
Average OFMAP SRAM BW: 22.433 words/cycle
Average IFMAP DRAM BW: 6.217 words/cycle
Average Filter DRAM BW: 7.787 words/cycle
Average OFMAP DRAM BW: 64.000 words/cycle

Running Layer 1118
Total cycles: 1311
Compute cycles: 583
Stall cycles: 0
Overall utilization: 17.50%
Mapping efficiency: 50.00%
Average IFMAP SRAM BW: 11.197 words/cycle
Average Filter SRAM BW: 7.026 words/cycle
Average OFMAP SRAM BW: 22.395 words/cycle
Average IFMAP DRAM BW: 6.217 words/cycle
Average Filter DRAM BW: 7.802 words/cycle
Average OFMAP DRAM BW: 64.000 words/cycle

Running Layer 1119
Total cycles: 1179
Compute cycles: 291
Stall cycles: 0
Overall utilization: 35.05%
Mapping efficiency: 100.00%
Average IFMAP SRAM BW: 22.433 words/cycle
Average Filter SRAM BW: 14.076 words/cycle
Average OFMAP SRAM BW: 22.433 words/cycle
Average IFMAP DRAM BW: 8.295 words/cycle
Average Filter DRAM BW: 7.802 words/cycle
Average OFMAP DRAM BW: 64.000 words/cycle

Running Layer 1120
Total cycles: 1835
Compute cycles: 583
Stall cycles: 0
Overall utilization: 34.99%
Mapping efficiency: 100.00%
Average IFMAP SRAM BW: 22.395 words/cycle
Average Filter SRAM BW: 14.051 words/cycle
Average OFMAP SRAM BW: 22.395 words/cycle
Average IFMAP DRAM BW: 8.295 words/cycle
Average Filter DRAM BW: 7.809 words/cycle
Average OFMAP DRAM BW: 64.000 words/cycle

Running Layer 1121
Total cycles: 3409
Compute cycles: 1167
Stall cycles: 0
Overall utilization: 34.96%
Mapping efficiency: 100.00%
Average IFMAP SRAM BW: 22.375 words/cycle
Average Filter SRAM BW: 14.039 words/cycle
Average OFMAP SRAM BW: 22.375 words/cycle
Average IFMAP DRAM BW: 9.959 words/cycle
Average Filter DRAM BW: 8.929 words/cycle
Average OFMAP DRAM BW: 64.000 words/cycle

Running Layer 1122
Total cycles: 657
Compute cycles: 292
Stall cycles: 0
Overall utilization: 2.20%
Mapping efficiency: 6.25%
Average IFMAP SRAM BW: 1.411 words/cycle
Average Filter SRAM BW: 0.877 words/cycle
Average OFMAP SRAM BW: 22.575 words/cycle
Average IFMAP DRAM BW: 1.567 words/cycle
Average Filter DRAM BW: 0.973 words/cycle
Average OFMAP DRAM BW: 64.000 words/cycle

Running Layer 1123
Total cycles: 1053
Compute cycles: 585
Stall cycles: 0
Overall utilization: 2.20%
Mapping efficiency: 6.25%
Average IFMAP SRAM BW: 1.409 words/cycle
Average Filter SRAM BW: 0.875 words/cycle
Average OFMAP SRAM BW: 22.537 words/cycle
Average IFMAP DRAM BW: 1.567 words/cycle
Average Filter DRAM BW: 1.947 words/cycle
Average OFMAP DRAM BW: 64.000 words/cycle

Running Layer 1124
Total cycles: 657
Compute cycles: 292
Stall cycles: 0
Overall utilization: 4.41%
Mapping efficiency: 12.50%
Average IFMAP SRAM BW: 2.822 words/cycle
Average Filter SRAM BW: 1.753 words/cycle
Average OFMAP SRAM BW: 22.575 words/cycle
Average IFMAP DRAM BW: 3.133 words/cycle
Average Filter DRAM BW: 1.947 words/cycle
Average OFMAP DRAM BW: 64.000 words/cycle

Running Layer 1125
Total cycles: 1053
Compute cycles: 585
Stall cycles: 0
Overall utilization: 4.40%
Mapping efficiency: 12.50%
Average IFMAP SRAM BW: 2.817 words/cycle
Average Filter SRAM BW: 1.750 words/cycle
Average OFMAP SRAM BW: 22.537 words/cycle
Average IFMAP DRAM BW: 3.133 words/cycle
Average Filter DRAM BW: 3.894 words/cycle
Average OFMAP DRAM BW: 64.000 words/cycle

Running Layer 1126
Total cycles: 657
Compute cycles: 292
Stall cycles: 0
Overall utilization: 8.82%
Mapping efficiency: 25.00%
Average IFMAP SRAM BW: 5.644 words/cycle
Average Filter SRAM BW: 3.507 words/cycle
Average OFMAP SRAM BW: 22.575 words/cycle
Average IFMAP DRAM BW: 6.266 words/cycle
Average Filter DRAM BW: 3.894 words/cycle
Average OFMAP DRAM BW: 64.000 words/cycle

Running Layer 1127
Total cycles: 1053
Compute cycles: 585
Stall cycles: 0
Overall utilization: 8.80%
Mapping efficiency: 25.00%
Average IFMAP SRAM BW: 5.634 words/cycle
Average Filter SRAM BW: 3.501 words/cycle
Average OFMAP SRAM BW: 22.537 words/cycle
Average IFMAP DRAM BW: 6.266 words/cycle
Average Filter DRAM BW: 7.787 words/cycle
Average OFMAP DRAM BW: 64.000 words/cycle

Running Layer 1128
Total cycles: 919
Compute cycles: 292
Stall cycles: 0
Overall utilization: 17.64%
Mapping efficiency: 50.00%
Average IFMAP SRAM BW: 11.288 words/cycle
Average Filter SRAM BW: 7.014 words/cycle
Average OFMAP SRAM BW: 22.575 words/cycle
Average IFMAP DRAM BW: 6.278 words/cycle
Average Filter DRAM BW: 7.787 words/cycle
Average OFMAP DRAM BW: 64.000 words/cycle

Running Layer 1129
Total cycles: 1315
Compute cycles: 585
Stall cycles: 0
Overall utilization: 17.61%
Mapping efficiency: 50.00%
Average IFMAP SRAM BW: 11.268 words/cycle
Average Filter SRAM BW: 7.002 words/cycle
Average OFMAP SRAM BW: 22.537 words/cycle
Average IFMAP DRAM BW: 6.278 words/cycle
Average Filter DRAM BW: 7.802 words/cycle
Average OFMAP DRAM BW: 64.000 words/cycle

Running Layer 1130
Total cycles: 1181
Compute cycles: 292
Stall cycles: 0
Overall utilization: 35.27%
Mapping efficiency: 100.00%
Average IFMAP SRAM BW: 22.575 words/cycle
Average Filter SRAM BW: 14.027 words/cycle
Average OFMAP SRAM BW: 22.575 words/cycle
Average IFMAP DRAM BW: 8.376 words/cycle
Average Filter DRAM BW: 7.802 words/cycle
Average OFMAP DRAM BW: 64.000 words/cycle

Running Layer 1131
Total cycles: 1839
Compute cycles: 585
Stall cycles: 0
Overall utilization: 35.21%
Mapping efficiency: 100.00%
Average IFMAP SRAM BW: 22.537 words/cycle
Average Filter SRAM BW: 14.003 words/cycle
Average OFMAP SRAM BW: 22.537 words/cycle
Average IFMAP DRAM BW: 8.376 words/cycle
Average Filter DRAM BW: 7.809 words/cycle
Average OFMAP DRAM BW: 64.000 words/cycle

Running Layer 1132
Total cycles: 3417
Compute cycles: 1171
Stall cycles: 0
Overall utilization: 35.18%
Mapping efficiency: 100.00%
Average IFMAP SRAM BW: 22.518 words/cycle
Average Filter SRAM BW: 13.991 words/cycle
Average OFMAP SRAM BW: 22.518 words/cycle
Average IFMAP DRAM BW: 8.381 words/cycle
Average Filter DRAM BW: 8.929 words/cycle
Average OFMAP DRAM BW: 64.000 words/cycle

Running Layer 1133
Total cycles: 659
Compute cycles: 293
Stall cycles: 0
Overall utilization: 2.22%
Mapping efficiency: 6.25%
Average IFMAP SRAM BW: 1.420 words/cycle
Average Filter SRAM BW: 0.874 words/cycle
Average OFMAP SRAM BW: 22.717 words/cycle
Average IFMAP DRAM BW: 1.582 words/cycle
Average Filter DRAM BW: 0.973 words/cycle
Average OFMAP DRAM BW: 64.000 words/cycle

Running Layer 1134
Total cycles: 1057
Compute cycles: 587
Stall cycles: 0
Overall utilization: 2.21%
Mapping efficiency: 6.25%
Average IFMAP SRAM BW: 1.417 words/cycle
Average Filter SRAM BW: 0.872 words/cycle
Average OFMAP SRAM BW: 22.678 words/cycle
Average IFMAP DRAM BW: 1.582 words/cycle
Average Filter DRAM BW: 1.947 words/cycle
Average OFMAP DRAM BW: 64.000 words/cycle

Running Layer 1135
Total cycles: 659
Compute cycles: 293
Stall cycles: 0
Overall utilization: 4.44%
Mapping efficiency: 12.50%
Average IFMAP SRAM BW: 2.840 words/cycle
Average Filter SRAM BW: 1.747 words/cycle
Average OFMAP SRAM BW: 22.717 words/cycle
Average IFMAP DRAM BW: 3.163 words/cycle
Average Filter DRAM BW: 1.947 words/cycle
Average OFMAP DRAM BW: 64.000 words/cycle

Running Layer 1136
Total cycles: 1057
Compute cycles: 587
Stall cycles: 0
Overall utilization: 4.43%
Mapping efficiency: 12.50%
Average IFMAP SRAM BW: 2.835 words/cycle
Average Filter SRAM BW: 1.744 words/cycle
Average OFMAP SRAM BW: 22.678 words/cycle
Average IFMAP DRAM BW: 3.163 words/cycle
Average Filter DRAM BW: 3.894 words/cycle
Average OFMAP DRAM BW: 64.000 words/cycle

Running Layer 1137
Total cycles: 659
Compute cycles: 293
Stall cycles: 0
Overall utilization: 8.87%
Mapping efficiency: 25.00%
Average IFMAP SRAM BW: 5.679 words/cycle
Average Filter SRAM BW: 3.495 words/cycle
Average OFMAP SRAM BW: 22.717 words/cycle
Average IFMAP DRAM BW: 6.327 words/cycle
Average Filter DRAM BW: 3.894 words/cycle
Average OFMAP DRAM BW: 64.000 words/cycle

Running Layer 1138
Total cycles: 1057
Compute cycles: 587
Stall cycles: 0
Overall utilization: 8.86%
Mapping efficiency: 25.00%
Average IFMAP SRAM BW: 5.670 words/cycle
Average Filter SRAM BW: 3.489 words/cycle
Average OFMAP SRAM BW: 22.678 words/cycle
Average IFMAP DRAM BW: 6.327 words/cycle
Average Filter DRAM BW: 7.787 words/cycle
Average OFMAP DRAM BW: 64.000 words/cycle

Running Layer 1139
Total cycles: 921
Compute cycles: 293
Stall cycles: 0
Overall utilization: 17.75%
Mapping efficiency: 50.00%
Average IFMAP SRAM BW: 11.358 words/cycle
Average Filter SRAM BW: 6.990 words/cycle
Average OFMAP SRAM BW: 22.717 words/cycle
Average IFMAP DRAM BW: 6.339 words/cycle
Average Filter DRAM BW: 7.787 words/cycle
Average OFMAP DRAM BW: 64.000 words/cycle

Running Layer 1140
Total cycles: 1319
Compute cycles: 587
Stall cycles: 0
Overall utilization: 17.72%
Mapping efficiency: 50.00%
Average IFMAP SRAM BW: 11.339 words/cycle
Average Filter SRAM BW: 6.978 words/cycle
Average OFMAP SRAM BW: 22.678 words/cycle
Average IFMAP DRAM BW: 6.339 words/cycle
Average Filter DRAM BW: 7.802 words/cycle
Average OFMAP DRAM BW: 64.000 words/cycle

Running Layer 1141
Total cycles: 1183
Compute cycles: 293
Stall cycles: 0
Overall utilization: 35.49%
Mapping efficiency: 100.00%
Average IFMAP SRAM BW: 22.717 words/cycle
Average Filter SRAM BW: 13.980 words/cycle
Average OFMAP SRAM BW: 22.717 words/cycle
Average IFMAP DRAM BW: 8.457 words/cycle
Average Filter DRAM BW: 7.802 words/cycle
Average OFMAP DRAM BW: 64.000 words/cycle

Running Layer 1142
Total cycles: 1843
Compute cycles: 587
Stall cycles: 0
Overall utilization: 35.43%
Mapping efficiency: 100.00%
Average IFMAP SRAM BW: 22.678 words/cycle
Average Filter SRAM BW: 13.956 words/cycle
Average OFMAP SRAM BW: 22.678 words/cycle
Average IFMAP DRAM BW: 8.457 words/cycle
Average Filter DRAM BW: 7.809 words/cycle
Average OFMAP DRAM BW: 64.000 words/cycle

Running Layer 1143
Total cycles: 3425
Compute cycles: 1175
Stall cycles: 0
Overall utilization: 35.40%
Mapping efficiency: 100.00%
Average IFMAP SRAM BW: 22.659 words/cycle
Average Filter SRAM BW: 13.944 words/cycle
Average OFMAP SRAM BW: 22.659 words/cycle
Average IFMAP DRAM BW: 8.463 words/cycle
Average Filter DRAM BW: 8.929 words/cycle
Average OFMAP DRAM BW: 64.000 words/cycle

Running Layer 1144
Total cycles: 661
Compute cycles: 294
Stall cycles: 0
Overall utilization: 2.23%
Mapping efficiency: 6.25%
Average IFMAP SRAM BW: 1.429 words/cycle
Average Filter SRAM BW: 0.871 words/cycle
Average OFMAP SRAM BW: 22.857 words/cycle
Average IFMAP DRAM BW: 1.597 words/cycle
Average Filter DRAM BW: 0.973 words/cycle
Average OFMAP DRAM BW: 64.000 words/cycle

Running Layer 1145
Total cycles: 1061
Compute cycles: 589
Stall cycles: 0
Overall utilization: 2.23%
Mapping efficiency: 6.25%
Average IFMAP SRAM BW: 1.426 words/cycle
Average Filter SRAM BW: 0.869 words/cycle
Average OFMAP SRAM BW: 22.818 words/cycle
Average IFMAP DRAM BW: 1.597 words/cycle
Average Filter DRAM BW: 1.947 words/cycle
Average OFMAP DRAM BW: 64.000 words/cycle

Running Layer 1146
Total cycles: 661
Compute cycles: 294
Stall cycles: 0
Overall utilization: 4.46%
Mapping efficiency: 12.50%
Average IFMAP SRAM BW: 2.857 words/cycle
Average Filter SRAM BW: 1.741 words/cycle
Average OFMAP SRAM BW: 22.857 words/cycle
Average IFMAP DRAM BW: 3.194 words/cycle
Average Filter DRAM BW: 1.947 words/cycle
Average OFMAP DRAM BW: 64.000 words/cycle

Running Layer 1147
Total cycles: 1061
Compute cycles: 589
Stall cycles: 0
Overall utilization: 4.46%
Mapping efficiency: 12.50%
Average IFMAP SRAM BW: 2.852 words/cycle
Average Filter SRAM BW: 1.739 words/cycle
Average OFMAP SRAM BW: 22.818 words/cycle
Average IFMAP DRAM BW: 3.194 words/cycle
Average Filter DRAM BW: 3.894 words/cycle
Average OFMAP DRAM BW: 64.000 words/cycle

Running Layer 1148
Total cycles: 661
Compute cycles: 294
Stall cycles: 0
Overall utilization: 8.93%
Mapping efficiency: 25.00%
Average IFMAP SRAM BW: 5.714 words/cycle
Average Filter SRAM BW: 3.483 words/cycle
Average OFMAP SRAM BW: 22.857 words/cycle
Average IFMAP DRAM BW: 6.388 words/cycle
Average Filter DRAM BW: 3.894 words/cycle
Average OFMAP DRAM BW: 64.000 words/cycle

Running Layer 1149
Total cycles: 1061
Compute cycles: 589
Stall cycles: 0
Overall utilization: 8.91%
Mapping efficiency: 25.00%
Average IFMAP SRAM BW: 5.705 words/cycle
Average Filter SRAM BW: 3.477 words/cycle
Average OFMAP SRAM BW: 22.818 words/cycle
Average IFMAP DRAM BW: 6.388 words/cycle
Average Filter DRAM BW: 7.787 words/cycle
Average OFMAP DRAM BW: 64.000 words/cycle

Running Layer 1150
Total cycles: 923
Compute cycles: 294
Stall cycles: 0
Overall utilization: 17.86%
Mapping efficiency: 50.00%
Average IFMAP SRAM BW: 11.429 words/cycle
Average Filter SRAM BW: 6.966 words/cycle
Average OFMAP SRAM BW: 22.857 words/cycle
Average IFMAP DRAM BW: 6.400 words/cycle
Average Filter DRAM BW: 7.787 words/cycle
Average OFMAP DRAM BW: 64.000 words/cycle

Running Layer 1151
Total cycles: 1323
Compute cycles: 589
Stall cycles: 0
Overall utilization: 17.83%
Mapping efficiency: 50.00%
Average IFMAP SRAM BW: 11.409 words/cycle
Average Filter SRAM BW: 6.954 words/cycle
Average OFMAP SRAM BW: 22.818 words/cycle
Average IFMAP DRAM BW: 6.400 words/cycle
Average Filter DRAM BW: 7.802 words/cycle
Average OFMAP DRAM BW: 64.000 words/cycle

Running Layer 1152
Total cycles: 1185
Compute cycles: 294
Stall cycles: 0
Overall utilization: 35.71%
Mapping efficiency: 100.00%
Average IFMAP SRAM BW: 22.857 words/cycle
Average Filter SRAM BW: 13.932 words/cycle
Average OFMAP SRAM BW: 22.857 words/cycle
Average IFMAP DRAM BW: 8.539 words/cycle
Average Filter DRAM BW: 7.802 words/cycle
Average OFMAP DRAM BW: 64.000 words/cycle

Running Layer 1153
Total cycles: 1847
Compute cycles: 589
Stall cycles: 0
Overall utilization: 35.65%
Mapping efficiency: 100.00%
Average IFMAP SRAM BW: 22.818 words/cycle
Average Filter SRAM BW: 13.908 words/cycle
Average OFMAP SRAM BW: 22.818 words/cycle
Average IFMAP DRAM BW: 8.539 words/cycle
Average Filter DRAM BW: 7.809 words/cycle
Average OFMAP DRAM BW: 64.000 words/cycle

Running Layer 1154
Total cycles: 3433
Compute cycles: 1179
Stall cycles: 0
Overall utilization: 35.62%
Mapping efficiency: 100.00%
Average IFMAP SRAM BW: 22.799 words/cycle
Average Filter SRAM BW: 13.897 words/cycle
Average OFMAP SRAM BW: 22.799 words/cycle
Average IFMAP DRAM BW: 8.544 words/cycle
Average Filter DRAM BW: 8.929 words/cycle
Average OFMAP DRAM BW: 64.000 words/cycle

Running Layer 1155
Total cycles: 663
Compute cycles: 295
Stall cycles: 0
Overall utilization: 2.25%
Mapping efficiency: 6.25%
Average IFMAP SRAM BW: 1.437 words/cycle
Average Filter SRAM BW: 0.868 words/cycle
Average OFMAP SRAM BW: 22.997 words/cycle
Average IFMAP DRAM BW: 1.612 words/cycle
Average Filter DRAM BW: 0.973 words/cycle
Average OFMAP DRAM BW: 64.000 words/cycle

Running Layer 1156
Total cycles: 1065
Compute cycles: 591
Stall cycles: 0
Overall utilization: 2.24%
Mapping efficiency: 6.25%
Average IFMAP SRAM BW: 1.435 words/cycle
Average Filter SRAM BW: 0.866 words/cycle
Average OFMAP SRAM BW: 22.958 words/cycle
Average IFMAP DRAM BW: 1.612 words/cycle
Average Filter DRAM BW: 1.947 words/cycle
Average OFMAP DRAM BW: 64.000 words/cycle

Running Layer 1157
Total cycles: 663
Compute cycles: 295
Stall cycles: 0
Overall utilization: 4.49%
Mapping efficiency: 12.50%
Average IFMAP SRAM BW: 2.875 words/cycle
Average Filter SRAM BW: 1.736 words/cycle
Average OFMAP SRAM BW: 22.997 words/cycle
Average IFMAP DRAM BW: 3.224 words/cycle
Average Filter DRAM BW: 1.947 words/cycle
Average OFMAP DRAM BW: 64.000 words/cycle

Running Layer 1158
Total cycles: 1065
Compute cycles: 591
Stall cycles: 0
Overall utilization: 4.48%
Mapping efficiency: 12.50%
Average IFMAP SRAM BW: 2.870 words/cycle
Average Filter SRAM BW: 1.733 words/cycle
Average OFMAP SRAM BW: 22.958 words/cycle
Average IFMAP DRAM BW: 3.224 words/cycle
Average Filter DRAM BW: 3.894 words/cycle
Average OFMAP DRAM BW: 64.000 words/cycle

Running Layer 1159
Total cycles: 663
Compute cycles: 295
Stall cycles: 0
Overall utilization: 8.98%
Mapping efficiency: 25.00%
Average IFMAP SRAM BW: 5.749 words/cycle
Average Filter SRAM BW: 3.471 words/cycle
Average OFMAP SRAM BW: 22.997 words/cycle
Average IFMAP DRAM BW: 6.449 words/cycle
Average Filter DRAM BW: 3.894 words/cycle
Average OFMAP DRAM BW: 64.000 words/cycle

Running Layer 1160
Total cycles: 1065
Compute cycles: 591
Stall cycles: 0
Overall utilization: 8.97%
Mapping efficiency: 25.00%
Average IFMAP SRAM BW: 5.739 words/cycle
Average Filter SRAM BW: 3.465 words/cycle
Average OFMAP SRAM BW: 22.958 words/cycle
Average IFMAP DRAM BW: 6.449 words/cycle
Average Filter DRAM BW: 7.787 words/cycle
Average OFMAP DRAM BW: 64.000 words/cycle

Running Layer 1161
Total cycles: 925
Compute cycles: 295
Stall cycles: 0
Overall utilization: 17.97%
Mapping efficiency: 50.00%
Average IFMAP SRAM BW: 11.498 words/cycle
Average Filter SRAM BW: 6.942 words/cycle
Average OFMAP SRAM BW: 22.997 words/cycle
Average IFMAP DRAM BW: 6.461 words/cycle
Average Filter DRAM BW: 7.787 words/cycle
Average OFMAP DRAM BW: 64.000 words/cycle

Running Layer 1162
Total cycles: 1327
Compute cycles: 591
Stall cycles: 0
Overall utilization: 17.94%
Mapping efficiency: 50.00%
Average IFMAP SRAM BW: 11.479 words/cycle
Average Filter SRAM BW: 6.931 words/cycle
Average OFMAP SRAM BW: 22.958 words/cycle
Average IFMAP DRAM BW: 6.461 words/cycle
Average Filter DRAM BW: 7.802 words/cycle
Average OFMAP DRAM BW: 64.000 words/cycle

Running Layer 1163
Total cycles: 1187
Compute cycles: 295
Stall cycles: 0
Overall utilization: 35.93%
Mapping efficiency: 100.00%
Average IFMAP SRAM BW: 22.997 words/cycle
Average Filter SRAM BW: 13.885 words/cycle
Average OFMAP SRAM BW: 22.997 words/cycle
Average IFMAP DRAM BW: 8.620 words/cycle
Average Filter DRAM BW: 7.802 words/cycle
Average OFMAP DRAM BW: 64.000 words/cycle

Running Layer 1164
Total cycles: 1851
Compute cycles: 591
Stall cycles: 0
Overall utilization: 35.87%
Mapping efficiency: 100.00%
Average IFMAP SRAM BW: 22.958 words/cycle
Average Filter SRAM BW: 13.861 words/cycle
Average OFMAP SRAM BW: 22.958 words/cycle
Average IFMAP DRAM BW: 8.620 words/cycle
Average Filter DRAM BW: 7.809 words/cycle
Average OFMAP DRAM BW: 64.000 words/cycle

Running Layer 1165
Total cycles: 3441
Compute cycles: 1183
Stall cycles: 0
Overall utilization: 35.84%
Mapping efficiency: 100.00%
Average IFMAP SRAM BW: 22.938 words/cycle
Average Filter SRAM BW: 13.850 words/cycle
Average OFMAP SRAM BW: 22.938 words/cycle
Average IFMAP DRAM BW: 8.626 words/cycle
Average Filter DRAM BW: 8.929 words/cycle
Average OFMAP DRAM BW: 64.000 words/cycle

Running Layer 1166
Total cycles: 665
Compute cycles: 296
Stall cycles: 0
Overall utilization: 2.26%
Mapping efficiency: 6.25%
Average IFMAP SRAM BW: 1.446 words/cycle
Average Filter SRAM BW: 0.865 words/cycle
Average OFMAP SRAM BW: 23.135 words/cycle
Average IFMAP DRAM BW: 1.627 words/cycle
Average Filter DRAM BW: 0.973 words/cycle
Average OFMAP DRAM BW: 64.000 words/cycle

Running Layer 1167
Total cycles: 1069
Compute cycles: 593
Stall cycles: 0
Overall utilization: 2.26%
Mapping efficiency: 6.25%
Average IFMAP SRAM BW: 1.444 words/cycle
Average Filter SRAM BW: 0.863 words/cycle
Average OFMAP SRAM BW: 23.096 words/cycle
Average IFMAP DRAM BW: 1.627 words/cycle
Average Filter DRAM BW: 1.947 words/cycle
Average OFMAP DRAM BW: 64.000 words/cycle

Running Layer 1168
Total cycles: 665
Compute cycles: 296
Stall cycles: 0
Overall utilization: 4.52%
Mapping efficiency: 12.50%
Average IFMAP SRAM BW: 2.892 words/cycle
Average Filter SRAM BW: 1.730 words/cycle
Average OFMAP SRAM BW: 23.135 words/cycle
Average IFMAP DRAM BW: 3.255 words/cycle
Average Filter DRAM BW: 1.947 words/cycle
Average OFMAP DRAM BW: 64.000 words/cycle

Running Layer 1169
Total cycles: 1069
Compute cycles: 593
Stall cycles: 0
Overall utilization: 4.51%
Mapping efficiency: 12.50%
Average IFMAP SRAM BW: 2.887 words/cycle
Average Filter SRAM BW: 1.727 words/cycle
Average OFMAP SRAM BW: 23.096 words/cycle
Average IFMAP DRAM BW: 3.255 words/cycle
Average Filter DRAM BW: 3.894 words/cycle
Average OFMAP DRAM BW: 64.000 words/cycle

Running Layer 1170
Total cycles: 665
Compute cycles: 296
Stall cycles: 0
Overall utilization: 9.04%
Mapping efficiency: 25.00%
Average IFMAP SRAM BW: 5.784 words/cycle
Average Filter SRAM BW: 3.459 words/cycle
Average OFMAP SRAM BW: 23.135 words/cycle
Average IFMAP DRAM BW: 6.510 words/cycle
Average Filter DRAM BW: 3.894 words/cycle
Average OFMAP DRAM BW: 64.000 words/cycle

Running Layer 1171
Total cycles: 1069
Compute cycles: 593
Stall cycles: 0
Overall utilization: 9.02%
Mapping efficiency: 25.00%
Average IFMAP SRAM BW: 5.774 words/cycle
Average Filter SRAM BW: 3.454 words/cycle
Average OFMAP SRAM BW: 23.096 words/cycle
Average IFMAP DRAM BW: 6.510 words/cycle
Average Filter DRAM BW: 7.787 words/cycle
Average OFMAP DRAM BW: 64.000 words/cycle

Running Layer 1172
Total cycles: 927
Compute cycles: 296
Stall cycles: 0
Overall utilization: 18.07%
Mapping efficiency: 50.00%
Average IFMAP SRAM BW: 11.568 words/cycle
Average Filter SRAM BW: 6.919 words/cycle
Average OFMAP SRAM BW: 23.135 words/cycle
Average IFMAP DRAM BW: 6.522 words/cycle
Average Filter DRAM BW: 7.787 words/cycle
Average OFMAP DRAM BW: 64.000 words/cycle

Running Layer 1173
Total cycles: 1331
Compute cycles: 593
Stall cycles: 0
Overall utilization: 18.04%
Mapping efficiency: 50.00%
Average IFMAP SRAM BW: 11.548 words/cycle
Average Filter SRAM BW: 6.907 words/cycle
Average OFMAP SRAM BW: 23.096 words/cycle
Average IFMAP DRAM BW: 6.522 words/cycle
Average Filter DRAM BW: 7.802 words/cycle
Average OFMAP DRAM BW: 64.000 words/cycle

Running Layer 1174
Total cycles: 1189
Compute cycles: 296
Stall cycles: 0
Overall utilization: 36.15%
Mapping efficiency: 100.00%
Average IFMAP SRAM BW: 23.135 words/cycle
Average Filter SRAM BW: 13.838 words/cycle
Average OFMAP SRAM BW: 23.135 words/cycle
Average IFMAP DRAM BW: 8.701 words/cycle
Average Filter DRAM BW: 7.802 words/cycle
Average OFMAP DRAM BW: 64.000 words/cycle

Running Layer 1175
Total cycles: 1855
Compute cycles: 593
Stall cycles: 0
Overall utilization: 36.09%
Mapping efficiency: 100.00%
Average IFMAP SRAM BW: 23.096 words/cycle
Average Filter SRAM BW: 13.815 words/cycle
Average OFMAP SRAM BW: 23.096 words/cycle
Average IFMAP DRAM BW: 8.701 words/cycle
Average Filter DRAM BW: 7.809 words/cycle
Average OFMAP DRAM BW: 64.000 words/cycle

Running Layer 1176
Total cycles: 3449
Compute cycles: 1187
Stall cycles: 0
Overall utilization: 36.06%
Mapping efficiency: 100.00%
Average IFMAP SRAM BW: 23.077 words/cycle
Average Filter SRAM BW: 13.803 words/cycle
Average OFMAP SRAM BW: 23.077 words/cycle
Average IFMAP DRAM BW: 8.707 words/cycle
Average Filter DRAM BW: 8.929 words/cycle
Average OFMAP DRAM BW: 64.000 words/cycle

Running Layer 1177
Total cycles: 667
Compute cycles: 297
Stall cycles: 0
Overall utilization: 2.27%
Mapping efficiency: 6.25%
Average IFMAP SRAM BW: 1.455 words/cycle
Average Filter SRAM BW: 0.862 words/cycle
Average OFMAP SRAM BW: 23.273 words/cycle
Average IFMAP DRAM BW: 1.643 words/cycle
Average Filter DRAM BW: 0.973 words/cycle
Average OFMAP DRAM BW: 64.000 words/cycle

Running Layer 1178
Total cycles: 1073
Compute cycles: 595
Stall cycles: 0
Overall utilization: 2.27%
Mapping efficiency: 6.25%
Average IFMAP SRAM BW: 1.452 words/cycle
Average Filter SRAM BW: 0.861 words/cycle
Average OFMAP SRAM BW: 23.234 words/cycle
Average IFMAP DRAM BW: 1.643 words/cycle
Average Filter DRAM BW: 1.947 words/cycle
Average OFMAP DRAM BW: 64.000 words/cycle

Running Layer 1179
Total cycles: 667
Compute cycles: 297
Stall cycles: 0
Overall utilization: 4.55%
Mapping efficiency: 12.50%
Average IFMAP SRAM BW: 2.909 words/cycle
Average Filter SRAM BW: 1.724 words/cycle
Average OFMAP SRAM BW: 23.273 words/cycle
Average IFMAP DRAM BW: 3.285 words/cycle
Average Filter DRAM BW: 1.947 words/cycle
Average OFMAP DRAM BW: 64.000 words/cycle

Running Layer 1180
Total cycles: 1073
Compute cycles: 595
Stall cycles: 0
Overall utilization: 4.54%
Mapping efficiency: 12.50%
Average IFMAP SRAM BW: 2.904 words/cycle
Average Filter SRAM BW: 1.721 words/cycle
Average OFMAP SRAM BW: 23.234 words/cycle
Average IFMAP DRAM BW: 3.285 words/cycle
Average Filter DRAM BW: 3.894 words/cycle
Average OFMAP DRAM BW: 64.000 words/cycle

Running Layer 1181
Total cycles: 667
Compute cycles: 297
Stall cycles: 0
Overall utilization: 9.09%
Mapping efficiency: 25.00%
Average IFMAP SRAM BW: 5.818 words/cycle
Average Filter SRAM BW: 3.448 words/cycle
Average OFMAP SRAM BW: 23.273 words/cycle
Average IFMAP DRAM BW: 6.570 words/cycle
Average Filter DRAM BW: 3.894 words/cycle
Average OFMAP DRAM BW: 64.000 words/cycle

Running Layer 1182
Total cycles: 1073
Compute cycles: 595
Stall cycles: 0
Overall utilization: 9.08%
Mapping efficiency: 25.00%
Average IFMAP SRAM BW: 5.808 words/cycle
Average Filter SRAM BW: 3.442 words/cycle
Average OFMAP SRAM BW: 23.234 words/cycle
Average IFMAP DRAM BW: 6.570 words/cycle
Average Filter DRAM BW: 7.787 words/cycle
Average OFMAP DRAM BW: 64.000 words/cycle

Running Layer 1183
Total cycles: 929
Compute cycles: 297
Stall cycles: 0
Overall utilization: 18.18%
Mapping efficiency: 50.00%
Average IFMAP SRAM BW: 11.636 words/cycle
Average Filter SRAM BW: 6.896 words/cycle
Average OFMAP SRAM BW: 23.273 words/cycle
Average IFMAP DRAM BW: 6.583 words/cycle
Average Filter DRAM BW: 7.787 words/cycle
Average OFMAP DRAM BW: 64.000 words/cycle

Running Layer 1184
Total cycles: 1335
Compute cycles: 595
Stall cycles: 0
Overall utilization: 18.15%
Mapping efficiency: 50.00%
Average IFMAP SRAM BW: 11.617 words/cycle
Average Filter SRAM BW: 6.884 words/cycle
Average OFMAP SRAM BW: 23.234 words/cycle
Average IFMAP DRAM BW: 6.583 words/cycle
Average Filter DRAM BW: 7.802 words/cycle
Average OFMAP DRAM BW: 64.000 words/cycle

Running Layer 1185
Total cycles: 1191
Compute cycles: 297
Stall cycles: 0
Overall utilization: 36.36%
Mapping efficiency: 100.00%
Average IFMAP SRAM BW: 23.273 words/cycle
Average Filter SRAM BW: 13.791 words/cycle
Average OFMAP SRAM BW: 23.273 words/cycle
Average IFMAP DRAM BW: 8.783 words/cycle
Average Filter DRAM BW: 7.802 words/cycle
Average OFMAP DRAM BW: 64.000 words/cycle

Running Layer 1186
Total cycles: 1859
Compute cycles: 595
Stall cycles: 0
Overall utilization: 36.30%
Mapping efficiency: 100.00%
Average IFMAP SRAM BW: 23.234 words/cycle
Average Filter SRAM BW: 13.768 words/cycle
Average OFMAP SRAM BW: 23.234 words/cycle
Average IFMAP DRAM BW: 8.783 words/cycle
Average Filter DRAM BW: 7.809 words/cycle
Average OFMAP DRAM BW: 64.000 words/cycle

Running Layer 1187
Total cycles: 3457
Compute cycles: 1191
Stall cycles: 0
Overall utilization: 36.27%
Mapping efficiency: 100.00%
Average IFMAP SRAM BW: 23.214 words/cycle
Average Filter SRAM BW: 13.757 words/cycle
Average OFMAP SRAM BW: 23.214 words/cycle
Average IFMAP DRAM BW: 8.788 words/cycle
Average Filter DRAM BW: 8.929 words/cycle
Average OFMAP DRAM BW: 64.000 words/cycle

Running Layer 1188
Total cycles: 669
Compute cycles: 298
Stall cycles: 0
Overall utilization: 2.29%
Mapping efficiency: 6.25%
Average IFMAP SRAM BW: 1.463 words/cycle
Average Filter SRAM BW: 0.859 words/cycle
Average OFMAP SRAM BW: 23.409 words/cycle
Average IFMAP DRAM BW: 1.658 words/cycle
Average Filter DRAM BW: 0.973 words/cycle
Average OFMAP DRAM BW: 64.000 words/cycle

Running Layer 1189
Total cycles: 1077
Compute cycles: 597
Stall cycles: 0
Overall utilization: 2.28%
Mapping efficiency: 6.25%
Average IFMAP SRAM BW: 1.461 words/cycle
Average Filter SRAM BW: 0.858 words/cycle
Average OFMAP SRAM BW: 23.370 words/cycle
Average IFMAP DRAM BW: 1.658 words/cycle
Average Filter DRAM BW: 1.947 words/cycle
Average OFMAP DRAM BW: 64.000 words/cycle

Running Layer 1190
Total cycles: 669
Compute cycles: 298
Stall cycles: 0
Overall utilization: 4.57%
Mapping efficiency: 12.50%
Average IFMAP SRAM BW: 2.926 words/cycle
Average Filter SRAM BW: 1.718 words/cycle
Average OFMAP SRAM BW: 23.409 words/cycle
Average IFMAP DRAM BW: 3.316 words/cycle
Average Filter DRAM BW: 1.947 words/cycle
Average OFMAP DRAM BW: 64.000 words/cycle

Running Layer 1191
Total cycles: 1077
Compute cycles: 597
Stall cycles: 0
Overall utilization: 4.56%
Mapping efficiency: 12.50%
Average IFMAP SRAM BW: 2.921 words/cycle
Average Filter SRAM BW: 1.715 words/cycle
Average OFMAP SRAM BW: 23.370 words/cycle
Average IFMAP DRAM BW: 3.316 words/cycle
Average Filter DRAM BW: 3.894 words/cycle
Average OFMAP DRAM BW: 64.000 words/cycle

Running Layer 1192
Total cycles: 669
Compute cycles: 298
Stall cycles: 0
Overall utilization: 9.14%
Mapping efficiency: 25.00%
Average IFMAP SRAM BW: 5.852 words/cycle
Average Filter SRAM BW: 3.436 words/cycle
Average OFMAP SRAM BW: 23.409 words/cycle
Average IFMAP DRAM BW: 6.631 words/cycle
Average Filter DRAM BW: 3.894 words/cycle
Average OFMAP DRAM BW: 64.000 words/cycle

Running Layer 1193
Total cycles: 1077
Compute cycles: 597
Stall cycles: 0
Overall utilization: 9.13%
Mapping efficiency: 25.00%
Average IFMAP SRAM BW: 5.843 words/cycle
Average Filter SRAM BW: 3.430 words/cycle
Average OFMAP SRAM BW: 23.370 words/cycle
Average IFMAP DRAM BW: 6.631 words/cycle
Average Filter DRAM BW: 7.787 words/cycle
Average OFMAP DRAM BW: 64.000 words/cycle

Running Layer 1194
Total cycles: 931
Compute cycles: 298
Stall cycles: 0
Overall utilization: 18.29%
Mapping efficiency: 50.00%
Average IFMAP SRAM BW: 11.705 words/cycle
Average Filter SRAM BW: 6.872 words/cycle
Average OFMAP SRAM BW: 23.409 words/cycle
Average IFMAP DRAM BW: 6.644 words/cycle
Average Filter DRAM BW: 7.787 words/cycle
Average OFMAP DRAM BW: 64.000 words/cycle

Running Layer 1195
Total cycles: 1339
Compute cycles: 597
Stall cycles: 0
Overall utilization: 18.26%
Mapping efficiency: 50.00%
Average IFMAP SRAM BW: 11.685 words/cycle
Average Filter SRAM BW: 6.861 words/cycle
Average OFMAP SRAM BW: 23.370 words/cycle
Average IFMAP DRAM BW: 6.644 words/cycle
Average Filter DRAM BW: 7.802 words/cycle
Average OFMAP DRAM BW: 64.000 words/cycle

Running Layer 1196
Total cycles: 1193
Compute cycles: 298
Stall cycles: 0
Overall utilization: 36.58%
Mapping efficiency: 100.00%
Average IFMAP SRAM BW: 23.409 words/cycle
Average Filter SRAM BW: 13.745 words/cycle
Average OFMAP SRAM BW: 23.409 words/cycle
Average IFMAP DRAM BW: 8.864 words/cycle
Average Filter DRAM BW: 7.802 words/cycle
Average OFMAP DRAM BW: 64.000 words/cycle

Running Layer 1197
Total cycles: 1863
Compute cycles: 597
Stall cycles: 0
Overall utilization: 36.52%
Mapping efficiency: 100.00%
Average IFMAP SRAM BW: 23.370 words/cycle
Average Filter SRAM BW: 13.722 words/cycle
Average OFMAP SRAM BW: 23.370 words/cycle
Average IFMAP DRAM BW: 8.864 words/cycle
Average Filter DRAM BW: 7.809 words/cycle
Average OFMAP DRAM BW: 64.000 words/cycle

Running Layer 1198
Total cycles: 3465
Compute cycles: 1195
Stall cycles: 0
Overall utilization: 36.49%
Mapping efficiency: 100.00%
Average IFMAP SRAM BW: 23.351 words/cycle
Average Filter SRAM BW: 13.710 words/cycle
Average OFMAP SRAM BW: 23.351 words/cycle
Average IFMAP DRAM BW: 8.870 words/cycle
Average Filter DRAM BW: 8.929 words/cycle
Average OFMAP DRAM BW: 64.000 words/cycle

Running Layer 1199
Total cycles: 671
Compute cycles: 299
Stall cycles: 0
Overall utilization: 2.30%
Mapping efficiency: 6.25%
Average IFMAP SRAM BW: 1.472 words/cycle
Average Filter SRAM BW: 0.856 words/cycle
Average OFMAP SRAM BW: 23.545 words/cycle
Average IFMAP DRAM BW: 1.673 words/cycle
Average Filter DRAM BW: 0.973 words/cycle
Average OFMAP DRAM BW: 64.000 words/cycle

Running Layer 1200
Total cycles: 1081
Compute cycles: 599
Stall cycles: 0
Overall utilization: 2.30%
Mapping efficiency: 6.25%
Average IFMAP SRAM BW: 1.469 words/cycle
Average Filter SRAM BW: 0.855 words/cycle
Average OFMAP SRAM BW: 23.506 words/cycle
Average IFMAP DRAM BW: 1.673 words/cycle
Average Filter DRAM BW: 1.947 words/cycle
Average OFMAP DRAM BW: 64.000 words/cycle

Running Layer 1201
Total cycles: 671
Compute cycles: 299
Stall cycles: 0
Overall utilization: 4.60%
Mapping efficiency: 12.50%
Average IFMAP SRAM BW: 2.943 words/cycle
Average Filter SRAM BW: 1.712 words/cycle
Average OFMAP SRAM BW: 23.545 words/cycle
Average IFMAP DRAM BW: 3.346 words/cycle
Average Filter DRAM BW: 1.947 words/cycle
Average OFMAP DRAM BW: 64.000 words/cycle

Running Layer 1202
Total cycles: 1081
Compute cycles: 599
Stall cycles: 0
Overall utilization: 4.59%
Mapping efficiency: 12.50%
Average IFMAP SRAM BW: 2.938 words/cycle
Average Filter SRAM BW: 1.710 words/cycle
Average OFMAP SRAM BW: 23.506 words/cycle
Average IFMAP DRAM BW: 3.346 words/cycle
Average Filter DRAM BW: 3.894 words/cycle
Average OFMAP DRAM BW: 64.000 words/cycle

Running Layer 1203
Total cycles: 671
Compute cycles: 299
Stall cycles: 0
Overall utilization: 9.20%
Mapping efficiency: 25.00%
Average IFMAP SRAM BW: 5.886 words/cycle
Average Filter SRAM BW: 3.425 words/cycle
Average OFMAP SRAM BW: 23.545 words/cycle
Average IFMAP DRAM BW: 6.692 words/cycle
Average Filter DRAM BW: 3.894 words/cycle
Average OFMAP DRAM BW: 64.000 words/cycle

Running Layer 1204
Total cycles: 1081
Compute cycles: 599
Stall cycles: 0
Overall utilization: 9.18%
Mapping efficiency: 25.00%
Average IFMAP SRAM BW: 5.876 words/cycle
Average Filter SRAM BW: 3.419 words/cycle
Average OFMAP SRAM BW: 23.506 words/cycle
Average IFMAP DRAM BW: 6.692 words/cycle
Average Filter DRAM BW: 7.787 words/cycle
Average OFMAP DRAM BW: 64.000 words/cycle

Running Layer 1205
Total cycles: 933
Compute cycles: 299
Stall cycles: 0
Overall utilization: 18.39%
Mapping efficiency: 50.00%
Average IFMAP SRAM BW: 11.773 words/cycle
Average Filter SRAM BW: 6.849 words/cycle
Average OFMAP SRAM BW: 23.545 words/cycle
Average IFMAP DRAM BW: 6.705 words/cycle
Average Filter DRAM BW: 7.787 words/cycle
Average OFMAP DRAM BW: 64.000 words/cycle

Running Layer 1206
Total cycles: 1343
Compute cycles: 599
Stall cycles: 0
Overall utilization: 18.36%
Mapping efficiency: 50.00%
Average IFMAP SRAM BW: 11.753 words/cycle
Average Filter SRAM BW: 6.838 words/cycle
Average OFMAP SRAM BW: 23.506 words/cycle
Average IFMAP DRAM BW: 6.705 words/cycle
Average Filter DRAM BW: 7.802 words/cycle
Average OFMAP DRAM BW: 64.000 words/cycle

Running Layer 1207
Total cycles: 1195
Compute cycles: 299
Stall cycles: 0
Overall utilization: 36.79%
Mapping efficiency: 100.00%
Average IFMAP SRAM BW: 23.545 words/cycle
Average Filter SRAM BW: 13.699 words/cycle
Average OFMAP SRAM BW: 23.545 words/cycle
Average IFMAP DRAM BW: 8.945 words/cycle
Average Filter DRAM BW: 7.802 words/cycle
Average OFMAP DRAM BW: 64.000 words/cycle

Running Layer 1208
Total cycles: 1867
Compute cycles: 599
Stall cycles: 0
Overall utilization: 36.73%
Mapping efficiency: 100.00%
Average IFMAP SRAM BW: 23.506 words/cycle
Average Filter SRAM BW: 13.676 words/cycle
Average OFMAP SRAM BW: 23.506 words/cycle
Average IFMAP DRAM BW: 8.945 words/cycle
Average Filter DRAM BW: 7.809 words/cycle
Average OFMAP DRAM BW: 64.000 words/cycle

Running Layer 1209
Total cycles: 3473
Compute cycles: 1199
Stall cycles: 0
Overall utilization: 36.70%
Mapping efficiency: 100.00%
Average IFMAP SRAM BW: 23.486 words/cycle
Average Filter SRAM BW: 13.665 words/cycle
Average OFMAP SRAM BW: 23.486 words/cycle
Average IFMAP DRAM BW: 8.951 words/cycle
Average Filter DRAM BW: 8.929 words/cycle
Average OFMAP DRAM BW: 64.000 words/cycle

Running Layer 1210
Total cycles: 673
Compute cycles: 300
Stall cycles: 0
Overall utilization: 2.31%
Mapping efficiency: 6.25%
Average IFMAP SRAM BW: 1.480 words/cycle
Average Filter SRAM BW: 0.853 words/cycle
Average OFMAP SRAM BW: 23.680 words/cycle
Average IFMAP DRAM BW: 1.688 words/cycle
Average Filter DRAM BW: 0.973 words/cycle
Average OFMAP DRAM BW: 64.000 words/cycle

Running Layer 1211
Total cycles: 1085
Compute cycles: 601
Stall cycles: 0
Overall utilization: 2.31%
Mapping efficiency: 6.25%
Average IFMAP SRAM BW: 1.478 words/cycle
Average Filter SRAM BW: 0.852 words/cycle
Average OFMAP SRAM BW: 23.641 words/cycle
Average IFMAP DRAM BW: 1.688 words/cycle
Average Filter DRAM BW: 1.947 words/cycle
Average OFMAP DRAM BW: 64.000 words/cycle

Running Layer 1212
Total cycles: 673
Compute cycles: 300
Stall cycles: 0
Overall utilization: 4.62%
Mapping efficiency: 12.50%
Average IFMAP SRAM BW: 2.960 words/cycle
Average Filter SRAM BW: 1.707 words/cycle
Average OFMAP SRAM BW: 23.680 words/cycle
Average IFMAP DRAM BW: 3.376 words/cycle
Average Filter DRAM BW: 1.947 words/cycle
Average OFMAP DRAM BW: 64.000 words/cycle

Running Layer 1213
Total cycles: 1085
Compute cycles: 601
Stall cycles: 0
Overall utilization: 4.62%
Mapping efficiency: 12.50%
Average IFMAP SRAM BW: 2.955 words/cycle
Average Filter SRAM BW: 1.704 words/cycle
Average OFMAP SRAM BW: 23.641 words/cycle
Average IFMAP DRAM BW: 3.376 words/cycle
Average Filter DRAM BW: 3.894 words/cycle
Average OFMAP DRAM BW: 64.000 words/cycle

Running Layer 1214
Total cycles: 673
Compute cycles: 300
Stall cycles: 0
Overall utilization: 9.25%
Mapping efficiency: 25.00%
Average IFMAP SRAM BW: 5.920 words/cycle
Average Filter SRAM BW: 3.413 words/cycle
Average OFMAP SRAM BW: 23.680 words/cycle
Average IFMAP DRAM BW: 6.753 words/cycle
Average Filter DRAM BW: 3.894 words/cycle
Average OFMAP DRAM BW: 64.000 words/cycle

Running Layer 1215
Total cycles: 1085
Compute cycles: 601
Stall cycles: 0
Overall utilization: 9.23%
Mapping efficiency: 25.00%
Average IFMAP SRAM BW: 5.910 words/cycle
Average Filter SRAM BW: 3.408 words/cycle
Average OFMAP SRAM BW: 23.641 words/cycle
Average IFMAP DRAM BW: 6.753 words/cycle
Average Filter DRAM BW: 7.787 words/cycle
Average OFMAP DRAM BW: 64.000 words/cycle

Running Layer 1216
Total cycles: 935
Compute cycles: 300
Stall cycles: 0
Overall utilization: 18.50%
Mapping efficiency: 50.00%
Average IFMAP SRAM BW: 11.840 words/cycle
Average Filter SRAM BW: 6.827 words/cycle
Average OFMAP SRAM BW: 23.680 words/cycle
Average IFMAP DRAM BW: 6.766 words/cycle
Average Filter DRAM BW: 7.787 words/cycle
Average OFMAP DRAM BW: 64.000 words/cycle

Running Layer 1217
Total cycles: 1347
Compute cycles: 601
Stall cycles: 0
Overall utilization: 18.47%
Mapping efficiency: 50.00%
Average IFMAP SRAM BW: 11.820 words/cycle
Average Filter SRAM BW: 6.815 words/cycle
Average OFMAP SRAM BW: 23.641 words/cycle
Average IFMAP DRAM BW: 6.766 words/cycle
Average Filter DRAM BW: 7.802 words/cycle
Average OFMAP DRAM BW: 64.000 words/cycle

Running Layer 1218
Total cycles: 1197
Compute cycles: 300
Stall cycles: 0
Overall utilization: 37.00%
Mapping efficiency: 100.00%
Average IFMAP SRAM BW: 23.680 words/cycle
Average Filter SRAM BW: 13.653 words/cycle
Average OFMAP SRAM BW: 23.680 words/cycle
Average IFMAP DRAM BW: 9.027 words/cycle
Average Filter DRAM BW: 7.802 words/cycle
Average OFMAP DRAM BW: 64.000 words/cycle

Running Layer 1219
Total cycles: 1871
Compute cycles: 601
Stall cycles: 0
Overall utilization: 36.94%
Mapping efficiency: 100.00%
Average IFMAP SRAM BW: 23.641 words/cycle
Average Filter SRAM BW: 13.631 words/cycle
Average OFMAP SRAM BW: 23.641 words/cycle
Average IFMAP DRAM BW: 9.027 words/cycle
Average Filter DRAM BW: 7.809 words/cycle
Average OFMAP DRAM BW: 64.000 words/cycle

Running Layer 1220
Total cycles: 3481
Compute cycles: 1203
Stall cycles: 0
Overall utilization: 36.91%
Mapping efficiency: 100.00%
Average IFMAP SRAM BW: 23.621 words/cycle
Average Filter SRAM BW: 13.619 words/cycle
Average OFMAP SRAM BW: 23.621 words/cycle
Average IFMAP DRAM BW: 9.032 words/cycle
Average Filter DRAM BW: 8.929 words/cycle
Average OFMAP DRAM BW: 64.000 words/cycle

Running Layer 1221
Total cycles: 675
Compute cycles: 301
Stall cycles: 0
Overall utilization: 2.33%
Mapping efficiency: 6.25%
Average IFMAP SRAM BW: 1.488 words/cycle
Average Filter SRAM BW: 0.850 words/cycle
Average OFMAP SRAM BW: 23.814 words/cycle
Average IFMAP DRAM BW: 1.703 words/cycle
Average Filter DRAM BW: 0.973 words/cycle
Average OFMAP DRAM BW: 64.000 words/cycle

Running Layer 1222
Total cycles: 1089
Compute cycles: 603
Stall cycles: 0
Overall utilization: 2.32%
Mapping efficiency: 6.25%
Average IFMAP SRAM BW: 1.486 words/cycle
Average Filter SRAM BW: 0.849 words/cycle
Average OFMAP SRAM BW: 23.774 words/cycle
Average IFMAP DRAM BW: 1.703 words/cycle
Average Filter DRAM BW: 1.947 words/cycle
Average OFMAP DRAM BW: 64.000 words/cycle

Running Layer 1223
Total cycles: 675
Compute cycles: 301
Stall cycles: 0
Overall utilization: 4.65%
Mapping efficiency: 12.50%
Average IFMAP SRAM BW: 2.977 words/cycle
Average Filter SRAM BW: 1.701 words/cycle
Average OFMAP SRAM BW: 23.814 words/cycle
Average IFMAP DRAM BW: 3.407 words/cycle
Average Filter DRAM BW: 1.947 words/cycle
Average OFMAP DRAM BW: 64.000 words/cycle

Running Layer 1224
Total cycles: 1089
Compute cycles: 603
Stall cycles: 0
Overall utilization: 4.64%
Mapping efficiency: 12.50%
Average IFMAP SRAM BW: 2.972 words/cycle
Average Filter SRAM BW: 1.698 words/cycle
Average OFMAP SRAM BW: 23.774 words/cycle
Average IFMAP DRAM BW: 3.407 words/cycle
Average Filter DRAM BW: 3.894 words/cycle
Average OFMAP DRAM BW: 64.000 words/cycle

Running Layer 1225
Total cycles: 675
Compute cycles: 301
Stall cycles: 0
Overall utilization: 9.30%
Mapping efficiency: 25.00%
Average IFMAP SRAM BW: 5.953 words/cycle
Average Filter SRAM BW: 3.402 words/cycle
Average OFMAP SRAM BW: 23.814 words/cycle
Average IFMAP DRAM BW: 6.814 words/cycle
Average Filter DRAM BW: 3.894 words/cycle
Average OFMAP DRAM BW: 64.000 words/cycle

Running Layer 1226
Total cycles: 1089
Compute cycles: 603
Stall cycles: 0
Overall utilization: 9.29%
Mapping efficiency: 25.00%
Average IFMAP SRAM BW: 5.944 words/cycle
Average Filter SRAM BW: 3.396 words/cycle
Average OFMAP SRAM BW: 23.774 words/cycle
Average IFMAP DRAM BW: 6.814 words/cycle
Average Filter DRAM BW: 7.787 words/cycle
Average OFMAP DRAM BW: 64.000 words/cycle

Running Layer 1227
Total cycles: 937
Compute cycles: 301
Stall cycles: 0
Overall utilization: 18.60%
Mapping efficiency: 50.00%
Average IFMAP SRAM BW: 11.907 words/cycle
Average Filter SRAM BW: 6.804 words/cycle
Average OFMAP SRAM BW: 23.814 words/cycle
Average IFMAP DRAM BW: 6.827 words/cycle
Average Filter DRAM BW: 7.787 words/cycle
Average OFMAP DRAM BW: 64.000 words/cycle

Running Layer 1228
Total cycles: 1351
Compute cycles: 603
Stall cycles: 0
Overall utilization: 18.57%
Mapping efficiency: 50.00%
Average IFMAP SRAM BW: 11.887 words/cycle
Average Filter SRAM BW: 6.793 words/cycle
Average OFMAP SRAM BW: 23.774 words/cycle
Average IFMAP DRAM BW: 6.827 words/cycle
Average Filter DRAM BW: 7.802 words/cycle
Average OFMAP DRAM BW: 64.000 words/cycle

Running Layer 1229
Total cycles: 1199
Compute cycles: 301
Stall cycles: 0
Overall utilization: 37.21%
Mapping efficiency: 100.00%
Average IFMAP SRAM BW: 23.814 words/cycle
Average Filter SRAM BW: 13.608 words/cycle
Average OFMAP SRAM BW: 23.814 words/cycle
Average IFMAP DRAM BW: 9.108 words/cycle
Average Filter DRAM BW: 7.802 words/cycle
Average OFMAP DRAM BW: 64.000 words/cycle

Running Layer 1230
Total cycles: 1875
Compute cycles: 603
Stall cycles: 0
Overall utilization: 37.15%
Mapping efficiency: 100.00%
Average IFMAP SRAM BW: 23.774 words/cycle
Average Filter SRAM BW: 13.585 words/cycle
Average OFMAP SRAM BW: 23.774 words/cycle
Average IFMAP DRAM BW: 9.108 words/cycle
Average Filter DRAM BW: 7.809 words/cycle
Average OFMAP DRAM BW: 64.000 words/cycle

Running Layer 1231
Total cycles: 3489
Compute cycles: 1207
Stall cycles: 0
Overall utilization: 37.12%
Mapping efficiency: 100.00%
Average IFMAP SRAM BW: 23.755 words/cycle
Average Filter SRAM BW: 13.574 words/cycle
Average OFMAP SRAM BW: 23.755 words/cycle
Average IFMAP DRAM BW: 9.114 words/cycle
Average Filter DRAM BW: 8.929 words/cycle
Average OFMAP DRAM BW: 64.000 words/cycle

Running Layer 1232
Total cycles: 677
Compute cycles: 302
Stall cycles: 0
Overall utilization: 2.34%
Mapping efficiency: 6.25%
Average IFMAP SRAM BW: 1.497 words/cycle
Average Filter SRAM BW: 0.848 words/cycle
Average OFMAP SRAM BW: 23.947 words/cycle
Average IFMAP DRAM BW: 1.719 words/cycle
Average Filter DRAM BW: 0.973 words/cycle
Average OFMAP DRAM BW: 64.000 words/cycle

Running Layer 1233
Total cycles: 1093
Compute cycles: 605
Stall cycles: 0
Overall utilization: 2.33%
Mapping efficiency: 6.25%
Average IFMAP SRAM BW: 1.494 words/cycle
Average Filter SRAM BW: 0.846 words/cycle
Average OFMAP SRAM BW: 23.907 words/cycle
Average IFMAP DRAM BW: 1.719 words/cycle
Average Filter DRAM BW: 1.947 words/cycle
Average OFMAP DRAM BW: 64.000 words/cycle

Running Layer 1234
Total cycles: 677
Compute cycles: 302
Stall cycles: 0
Overall utilization: 4.68%
Mapping efficiency: 12.50%
Average IFMAP SRAM BW: 2.993 words/cycle
Average Filter SRAM BW: 1.695 words/cycle
Average OFMAP SRAM BW: 23.947 words/cycle
Average IFMAP DRAM BW: 3.437 words/cycle
Average Filter DRAM BW: 1.947 words/cycle
Average OFMAP DRAM BW: 64.000 words/cycle

Running Layer 1235
Total cycles: 1093
Compute cycles: 605
Stall cycles: 0
Overall utilization: 4.67%
Mapping efficiency: 12.50%
Average IFMAP SRAM BW: 2.988 words/cycle
Average Filter SRAM BW: 1.693 words/cycle
Average OFMAP SRAM BW: 23.907 words/cycle
Average IFMAP DRAM BW: 3.437 words/cycle
Average Filter DRAM BW: 3.894 words/cycle
Average OFMAP DRAM BW: 64.000 words/cycle

Running Layer 1236
Total cycles: 677
Compute cycles: 302
Stall cycles: 0
Overall utilization: 9.35%
Mapping efficiency: 25.00%
Average IFMAP SRAM BW: 5.987 words/cycle
Average Filter SRAM BW: 3.391 words/cycle
Average OFMAP SRAM BW: 23.947 words/cycle
Average IFMAP DRAM BW: 6.875 words/cycle
Average Filter DRAM BW: 3.894 words/cycle
Average OFMAP DRAM BW: 64.000 words/cycle

Running Layer 1237
Total cycles: 1093
Compute cycles: 605
Stall cycles: 0
Overall utilization: 9.34%
Mapping efficiency: 25.00%
Average IFMAP SRAM BW: 5.977 words/cycle
Average Filter SRAM BW: 3.385 words/cycle
Average OFMAP SRAM BW: 23.907 words/cycle
Average IFMAP DRAM BW: 6.875 words/cycle
Average Filter DRAM BW: 7.787 words/cycle
Average OFMAP DRAM BW: 64.000 words/cycle

Running Layer 1238
Total cycles: 939
Compute cycles: 302
Stall cycles: 0
Overall utilization: 18.71%
Mapping efficiency: 50.00%
Average IFMAP SRAM BW: 11.974 words/cycle
Average Filter SRAM BW: 6.781 words/cycle
Average OFMAP SRAM BW: 23.947 words/cycle
Average IFMAP DRAM BW: 6.888 words/cycle
Average Filter DRAM BW: 7.787 words/cycle
Average OFMAP DRAM BW: 64.000 words/cycle

Running Layer 1239
Total cycles: 1355
Compute cycles: 605
Stall cycles: 0
Overall utilization: 18.68%
Mapping efficiency: 50.00%
Average IFMAP SRAM BW: 11.954 words/cycle
Average Filter SRAM BW: 6.770 words/cycle
Average OFMAP SRAM BW: 23.907 words/cycle
Average IFMAP DRAM BW: 6.888 words/cycle
Average Filter DRAM BW: 7.802 words/cycle
Average OFMAP DRAM BW: 64.000 words/cycle

Running Layer 1240
Total cycles: 1201
Compute cycles: 302
Stall cycles: 0
Overall utilization: 37.42%
Mapping efficiency: 100.00%
Average IFMAP SRAM BW: 23.947 words/cycle
Average Filter SRAM BW: 13.563 words/cycle
Average OFMAP SRAM BW: 23.947 words/cycle
Average IFMAP DRAM BW: 9.189 words/cycle
Average Filter DRAM BW: 7.802 words/cycle
Average OFMAP DRAM BW: 64.000 words/cycle

Running Layer 1241
Total cycles: 1879
Compute cycles: 605
Stall cycles: 0
Overall utilization: 37.36%
Mapping efficiency: 100.00%
Average IFMAP SRAM BW: 23.907 words/cycle
Average Filter SRAM BW: 13.540 words/cycle
Average OFMAP SRAM BW: 23.907 words/cycle
Average IFMAP DRAM BW: 9.189 words/cycle
Average Filter DRAM BW: 7.809 words/cycle
Average OFMAP DRAM BW: 64.000 words/cycle

Running Layer 1242
Total cycles: 3497
Compute cycles: 1211
Stall cycles: 0
Overall utilization: 37.32%
Mapping efficiency: 100.00%
Average IFMAP SRAM BW: 23.888 words/cycle
Average Filter SRAM BW: 13.529 words/cycle
Average OFMAP SRAM BW: 23.888 words/cycle
Average IFMAP DRAM BW: 9.195 words/cycle
Average Filter DRAM BW: 8.929 words/cycle
Average OFMAP DRAM BW: 64.000 words/cycle

Running Layer 1243
Total cycles: 679
Compute cycles: 303
Stall cycles: 0
Overall utilization: 2.35%
Mapping efficiency: 6.25%
Average IFMAP SRAM BW: 1.505 words/cycle
Average Filter SRAM BW: 0.845 words/cycle
Average OFMAP SRAM BW: 24.079 words/cycle
Average IFMAP DRAM BW: 1.734 words/cycle
Average Filter DRAM BW: 0.973 words/cycle
Average OFMAP DRAM BW: 64.000 words/cycle

Running Layer 1244
Total cycles: 1097
Compute cycles: 607
Stall cycles: 0
Overall utilization: 2.35%
Mapping efficiency: 6.25%
Average IFMAP SRAM BW: 1.502 words/cycle
Average Filter SRAM BW: 0.843 words/cycle
Average OFMAP SRAM BW: 24.040 words/cycle
Average IFMAP DRAM BW: 1.734 words/cycle
Average Filter DRAM BW: 1.947 words/cycle
Average OFMAP DRAM BW: 64.000 words/cycle

Running Layer 1245
Total cycles: 679
Compute cycles: 303
Stall cycles: 0
Overall utilization: 4.70%
Mapping efficiency: 12.50%
Average IFMAP SRAM BW: 3.010 words/cycle
Average Filter SRAM BW: 1.690 words/cycle
Average OFMAP SRAM BW: 24.079 words/cycle
Average IFMAP DRAM BW: 3.468 words/cycle
Average Filter DRAM BW: 1.947 words/cycle
Average OFMAP DRAM BW: 64.000 words/cycle

Running Layer 1246
Total cycles: 1097
Compute cycles: 607
Stall cycles: 0
Overall utilization: 4.70%
Mapping efficiency: 12.50%
Average IFMAP SRAM BW: 3.005 words/cycle
Average Filter SRAM BW: 1.687 words/cycle
Average OFMAP SRAM BW: 24.040 words/cycle
Average IFMAP DRAM BW: 3.468 words/cycle
Average Filter DRAM BW: 3.894 words/cycle
Average OFMAP DRAM BW: 64.000 words/cycle

Running Layer 1247
Total cycles: 679
Compute cycles: 303
Stall cycles: 0
Overall utilization: 9.41%
Mapping efficiency: 25.00%
Average IFMAP SRAM BW: 6.020 words/cycle
Average Filter SRAM BW: 3.380 words/cycle
Average OFMAP SRAM BW: 24.079 words/cycle
Average IFMAP DRAM BW: 6.935 words/cycle
Average Filter DRAM BW: 3.894 words/cycle
Average OFMAP DRAM BW: 64.000 words/cycle

Running Layer 1248
Total cycles: 1097
Compute cycles: 607
Stall cycles: 0
Overall utilization: 9.39%
Mapping efficiency: 25.00%
Average IFMAP SRAM BW: 6.010 words/cycle
Average Filter SRAM BW: 3.374 words/cycle
Average OFMAP SRAM BW: 24.040 words/cycle
Average IFMAP DRAM BW: 6.935 words/cycle
Average Filter DRAM BW: 7.787 words/cycle
Average OFMAP DRAM BW: 64.000 words/cycle

Running Layer 1249
Total cycles: 941
Compute cycles: 303
Stall cycles: 0
Overall utilization: 18.81%
Mapping efficiency: 50.00%
Average IFMAP SRAM BW: 12.040 words/cycle
Average Filter SRAM BW: 6.759 words/cycle
Average OFMAP SRAM BW: 24.079 words/cycle
Average IFMAP DRAM BW: 6.949 words/cycle
Average Filter DRAM BW: 7.787 words/cycle
Average OFMAP DRAM BW: 64.000 words/cycle

Running Layer 1250
Total cycles: 1359
Compute cycles: 607
Stall cycles: 0
Overall utilization: 18.78%
Mapping efficiency: 50.00%
Average IFMAP SRAM BW: 12.020 words/cycle
Average Filter SRAM BW: 6.748 words/cycle
Average OFMAP SRAM BW: 24.040 words/cycle
Average IFMAP DRAM BW: 6.949 words/cycle
Average Filter DRAM BW: 7.802 words/cycle
Average OFMAP DRAM BW: 64.000 words/cycle

Running Layer 1251
Total cycles: 1203
Compute cycles: 303
Stall cycles: 0
Overall utilization: 37.62%
Mapping efficiency: 100.00%
Average IFMAP SRAM BW: 24.079 words/cycle
Average Filter SRAM BW: 13.518 words/cycle
Average OFMAP SRAM BW: 24.079 words/cycle
Average IFMAP DRAM BW: 9.271 words/cycle
Average Filter DRAM BW: 7.802 words/cycle
Average OFMAP DRAM BW: 64.000 words/cycle

Running Layer 1252
Total cycles: 1883
Compute cycles: 607
Stall cycles: 0
Overall utilization: 37.56%
Mapping efficiency: 100.00%
Average IFMAP SRAM BW: 24.040 words/cycle
Average Filter SRAM BW: 13.496 words/cycle
Average OFMAP SRAM BW: 24.040 words/cycle
Average IFMAP DRAM BW: 9.271 words/cycle
Average Filter DRAM BW: 7.809 words/cycle
Average OFMAP DRAM BW: 64.000 words/cycle

Running Layer 1253
Total cycles: 3505
Compute cycles: 1215
Stall cycles: 0
Overall utilization: 37.53%
Mapping efficiency: 100.00%
Average IFMAP SRAM BW: 24.020 words/cycle
Average Filter SRAM BW: 13.485 words/cycle
Average OFMAP SRAM BW: 24.020 words/cycle
Average IFMAP DRAM BW: 9.277 words/cycle
Average Filter DRAM BW: 8.929 words/cycle
Average OFMAP DRAM BW: 64.000 words/cycle

Running Layer 1254
Total cycles: 681
Compute cycles: 304
Stall cycles: 0
Overall utilization: 2.36%
Mapping efficiency: 6.25%
Average IFMAP SRAM BW: 1.513 words/cycle
Average Filter SRAM BW: 0.842 words/cycle
Average OFMAP SRAM BW: 24.211 words/cycle
Average IFMAP DRAM BW: 1.749 words/cycle
Average Filter DRAM BW: 0.973 words/cycle
Average OFMAP DRAM BW: 64.000 words/cycle

Running Layer 1255
Total cycles: 1101
Compute cycles: 609
Stall cycles: 0
Overall utilization: 2.36%
Mapping efficiency: 6.25%
Average IFMAP SRAM BW: 1.511 words/cycle
Average Filter SRAM BW: 0.841 words/cycle
Average OFMAP SRAM BW: 24.171 words/cycle
Average IFMAP DRAM BW: 1.749 words/cycle
Average Filter DRAM BW: 1.947 words/cycle
Average OFMAP DRAM BW: 64.000 words/cycle

Running Layer 1256
Total cycles: 681
Compute cycles: 304
Stall cycles: 0
Overall utilization: 4.73%
Mapping efficiency: 12.50%
Average IFMAP SRAM BW: 3.026 words/cycle
Average Filter SRAM BW: 1.684 words/cycle
Average OFMAP SRAM BW: 24.211 words/cycle
Average IFMAP DRAM BW: 3.498 words/cycle
Average Filter DRAM BW: 1.947 words/cycle
Average OFMAP DRAM BW: 64.000 words/cycle

Running Layer 1257
Total cycles: 1101
Compute cycles: 609
Stall cycles: 0
Overall utilization: 4.72%
Mapping efficiency: 12.50%
Average IFMAP SRAM BW: 3.021 words/cycle
Average Filter SRAM BW: 1.681 words/cycle
Average OFMAP SRAM BW: 24.171 words/cycle
Average IFMAP DRAM BW: 3.498 words/cycle
Average Filter DRAM BW: 3.894 words/cycle
Average OFMAP DRAM BW: 64.000 words/cycle

Running Layer 1258
Total cycles: 681
Compute cycles: 304
Stall cycles: 0
Overall utilization: 9.46%
Mapping efficiency: 25.00%
Average IFMAP SRAM BW: 6.053 words/cycle
Average Filter SRAM BW: 3.368 words/cycle
Average OFMAP SRAM BW: 24.211 words/cycle
Average IFMAP DRAM BW: 6.996 words/cycle
Average Filter DRAM BW: 3.894 words/cycle
Average OFMAP DRAM BW: 64.000 words/cycle

Running Layer 1259
Total cycles: 1101
Compute cycles: 609
Stall cycles: 0
Overall utilization: 9.44%
Mapping efficiency: 25.00%
Average IFMAP SRAM BW: 6.043 words/cycle
Average Filter SRAM BW: 3.363 words/cycle
Average OFMAP SRAM BW: 24.171 words/cycle
Average IFMAP DRAM BW: 6.996 words/cycle
Average Filter DRAM BW: 7.787 words/cycle
Average OFMAP DRAM BW: 64.000 words/cycle

Running Layer 1260
Total cycles: 943
Compute cycles: 304
Stall cycles: 0
Overall utilization: 18.91%
Mapping efficiency: 50.00%
Average IFMAP SRAM BW: 12.105 words/cycle
Average Filter SRAM BW: 6.737 words/cycle
Average OFMAP SRAM BW: 24.211 words/cycle
Average IFMAP DRAM BW: 7.010 words/cycle
Average Filter DRAM BW: 7.787 words/cycle
Average OFMAP DRAM BW: 64.000 words/cycle

Running Layer 1261
Total cycles: 1363
Compute cycles: 609
Stall cycles: 0
Overall utilization: 18.88%
Mapping efficiency: 50.00%
Average IFMAP SRAM BW: 12.085 words/cycle
Average Filter SRAM BW: 6.726 words/cycle
Average OFMAP SRAM BW: 24.171 words/cycle
Average IFMAP DRAM BW: 7.010 words/cycle
Average Filter DRAM BW: 7.802 words/cycle
Average OFMAP DRAM BW: 64.000 words/cycle

Running Layer 1262
Total cycles: 1205
Compute cycles: 304
Stall cycles: 0
Overall utilization: 37.83%
Mapping efficiency: 100.00%
Average IFMAP SRAM BW: 24.211 words/cycle
Average Filter SRAM BW: 13.474 words/cycle
Average OFMAP SRAM BW: 24.211 words/cycle
Average IFMAP DRAM BW: 9.352 words/cycle
Average Filter DRAM BW: 7.802 words/cycle
Average OFMAP DRAM BW: 64.000 words/cycle

Running Layer 1263
Total cycles: 1887
Compute cycles: 609
Stall cycles: 0
Overall utilization: 37.77%
Mapping efficiency: 100.00%
Average IFMAP SRAM BW: 24.171 words/cycle
Average Filter SRAM BW: 13.452 words/cycle
Average OFMAP SRAM BW: 24.171 words/cycle
Average IFMAP DRAM BW: 9.352 words/cycle
Average Filter DRAM BW: 7.809 words/cycle
Average OFMAP DRAM BW: 64.000 words/cycle

Running Layer 1264
Total cycles: 3513
Compute cycles: 1219
Stall cycles: 0
Overall utilization: 37.74%
Mapping efficiency: 100.00%
Average IFMAP SRAM BW: 24.151 words/cycle
Average Filter SRAM BW: 13.441 words/cycle
Average OFMAP SRAM BW: 24.151 words/cycle
Average IFMAP DRAM BW: 9.358 words/cycle
Average Filter DRAM BW: 8.929 words/cycle
Average OFMAP DRAM BW: 64.000 words/cycle

Running Layer 1265
Total cycles: 683
Compute cycles: 305
Stall cycles: 0
Overall utilization: 2.38%
Mapping efficiency: 6.25%
Average IFMAP SRAM BW: 1.521 words/cycle
Average Filter SRAM BW: 0.839 words/cycle
Average OFMAP SRAM BW: 24.341 words/cycle
Average IFMAP DRAM BW: 1.764 words/cycle
Average Filter DRAM BW: 0.973 words/cycle
Average OFMAP DRAM BW: 64.000 words/cycle

Running Layer 1266
Total cycles: 1105
Compute cycles: 611
Stall cycles: 0
Overall utilization: 2.37%
Mapping efficiency: 6.25%
Average IFMAP SRAM BW: 1.519 words/cycle
Average Filter SRAM BW: 0.838 words/cycle
Average OFMAP SRAM BW: 24.301 words/cycle
Average IFMAP DRAM BW: 1.764 words/cycle
Average Filter DRAM BW: 1.947 words/cycle
Average OFMAP DRAM BW: 64.000 words/cycle

Running Layer 1267
Total cycles: 683
Compute cycles: 305
Stall cycles: 0
Overall utilization: 4.75%
Mapping efficiency: 12.50%
Average IFMAP SRAM BW: 3.043 words/cycle
Average Filter SRAM BW: 1.679 words/cycle
Average OFMAP SRAM BW: 24.341 words/cycle
Average IFMAP DRAM BW: 3.529 words/cycle
Average Filter DRAM BW: 1.947 words/cycle
Average OFMAP DRAM BW: 64.000 words/cycle

Running Layer 1268
Total cycles: 1105
Compute cycles: 611
Stall cycles: 0
Overall utilization: 4.75%
Mapping efficiency: 12.50%
Average IFMAP SRAM BW: 3.038 words/cycle
Average Filter SRAM BW: 1.676 words/cycle
Average OFMAP SRAM BW: 24.301 words/cycle
Average IFMAP DRAM BW: 3.529 words/cycle
Average Filter DRAM BW: 3.894 words/cycle
Average OFMAP DRAM BW: 64.000 words/cycle

Running Layer 1269
Total cycles: 683
Compute cycles: 305
Stall cycles: 0
Overall utilization: 9.51%
Mapping efficiency: 25.00%
Average IFMAP SRAM BW: 6.085 words/cycle
Average Filter SRAM BW: 3.357 words/cycle
Average OFMAP SRAM BW: 24.341 words/cycle
Average IFMAP DRAM BW: 7.057 words/cycle
Average Filter DRAM BW: 3.894 words/cycle
Average OFMAP DRAM BW: 64.000 words/cycle

Running Layer 1270
Total cycles: 1105
Compute cycles: 611
Stall cycles: 0
Overall utilization: 9.49%
Mapping efficiency: 25.00%
Average IFMAP SRAM BW: 6.075 words/cycle
Average Filter SRAM BW: 3.352 words/cycle
Average OFMAP SRAM BW: 24.301 words/cycle
Average IFMAP DRAM BW: 7.057 words/cycle
Average Filter DRAM BW: 7.787 words/cycle
Average OFMAP DRAM BW: 64.000 words/cycle

Running Layer 1271
Total cycles: 945
Compute cycles: 305
Stall cycles: 0
Overall utilization: 19.02%
Mapping efficiency: 50.00%
Average IFMAP SRAM BW: 12.170 words/cycle
Average Filter SRAM BW: 6.715 words/cycle
Average OFMAP SRAM BW: 24.341 words/cycle
Average IFMAP DRAM BW: 7.070 words/cycle
Average Filter DRAM BW: 7.787 words/cycle
Average OFMAP DRAM BW: 64.000 words/cycle

Running Layer 1272
Total cycles: 1367
Compute cycles: 611
Stall cycles: 0
Overall utilization: 18.99%
Mapping efficiency: 50.00%
Average IFMAP SRAM BW: 12.151 words/cycle
Average Filter SRAM BW: 6.704 words/cycle
Average OFMAP SRAM BW: 24.301 words/cycle
Average IFMAP DRAM BW: 7.070 words/cycle
Average Filter DRAM BW: 7.802 words/cycle
Average OFMAP DRAM BW: 64.000 words/cycle

Running Layer 1273
Total cycles: 1207
Compute cycles: 305
Stall cycles: 0
Overall utilization: 38.03%
Mapping efficiency: 100.00%
Average IFMAP SRAM BW: 24.341 words/cycle
Average Filter SRAM BW: 13.430 words/cycle
Average OFMAP SRAM BW: 24.341 words/cycle
Average IFMAP DRAM BW: 9.433 words/cycle
Average Filter DRAM BW: 7.802 words/cycle
Average OFMAP DRAM BW: 64.000 words/cycle

Running Layer 1274
Total cycles: 1891
Compute cycles: 611
Stall cycles: 0
Overall utilization: 37.97%
Mapping efficiency: 100.00%
Average IFMAP SRAM BW: 24.301 words/cycle
Average Filter SRAM BW: 13.408 words/cycle
Average OFMAP SRAM BW: 24.301 words/cycle
Average IFMAP DRAM BW: 9.433 words/cycle
Average Filter DRAM BW: 7.809 words/cycle
Average OFMAP DRAM BW: 64.000 words/cycle

Running Layer 1275
Total cycles: 3521
Compute cycles: 1223
Stall cycles: 0
Overall utilization: 37.94%
Mapping efficiency: 100.00%
Average IFMAP SRAM BW: 24.281 words/cycle
Average Filter SRAM BW: 13.397 words/cycle
Average OFMAP SRAM BW: 24.281 words/cycle
Average IFMAP DRAM BW: 9.439 words/cycle
Average Filter DRAM BW: 8.929 words/cycle
Average OFMAP DRAM BW: 64.000 words/cycle

Running Layer 1276
Total cycles: 685
Compute cycles: 306
Stall cycles: 0
Overall utilization: 2.39%
Mapping efficiency: 6.25%
Average IFMAP SRAM BW: 1.529 words/cycle
Average Filter SRAM BW: 0.837 words/cycle
Average OFMAP SRAM BW: 24.471 words/cycle
Average IFMAP DRAM BW: 1.779 words/cycle
Average Filter DRAM BW: 0.973 words/cycle
Average OFMAP DRAM BW: 64.000 words/cycle

Running Layer 1277
Total cycles: 1109
Compute cycles: 613
Stall cycles: 0
Overall utilization: 2.39%
Mapping efficiency: 6.25%
Average IFMAP SRAM BW: 1.527 words/cycle
Average Filter SRAM BW: 0.835 words/cycle
Average OFMAP SRAM BW: 24.431 words/cycle
Average IFMAP DRAM BW: 1.779 words/cycle
Average Filter DRAM BW: 1.947 words/cycle
Average OFMAP DRAM BW: 64.000 words/cycle

Running Layer 1278
Total cycles: 685
Compute cycles: 306
Stall cycles: 0
Overall utilization: 4.78%
Mapping efficiency: 12.50%
Average IFMAP SRAM BW: 3.059 words/cycle
Average Filter SRAM BW: 1.673 words/cycle
Average OFMAP SRAM BW: 24.471 words/cycle
Average IFMAP DRAM BW: 3.559 words/cycle
Average Filter DRAM BW: 1.947 words/cycle
Average OFMAP DRAM BW: 64.000 words/cycle

Running Layer 1279
Total cycles: 1109
Compute cycles: 613
Stall cycles: 0
Overall utilization: 4.77%
Mapping efficiency: 12.50%
Average IFMAP SRAM BW: 3.054 words/cycle
Average Filter SRAM BW: 1.670 words/cycle
Average OFMAP SRAM BW: 24.431 words/cycle
Average IFMAP DRAM BW: 3.559 words/cycle
Average Filter DRAM BW: 3.894 words/cycle
Average OFMAP DRAM BW: 64.000 words/cycle

Running Layer 1280
Total cycles: 685
Compute cycles: 306
Stall cycles: 0
Overall utilization: 9.56%
Mapping efficiency: 25.00%
Average IFMAP SRAM BW: 6.118 words/cycle
Average Filter SRAM BW: 3.346 words/cycle
Average OFMAP SRAM BW: 24.471 words/cycle
Average IFMAP DRAM BW: 7.118 words/cycle
Average Filter DRAM BW: 3.894 words/cycle
Average OFMAP DRAM BW: 64.000 words/cycle

Running Layer 1281
Total cycles: 1109
Compute cycles: 613
Stall cycles: 0
Overall utilization: 9.54%
Mapping efficiency: 25.00%
Average IFMAP SRAM BW: 6.108 words/cycle
Average Filter SRAM BW: 3.341 words/cycle
Average OFMAP SRAM BW: 24.431 words/cycle
Average IFMAP DRAM BW: 7.118 words/cycle
Average Filter DRAM BW: 7.787 words/cycle
Average OFMAP DRAM BW: 64.000 words/cycle

Running Layer 1282
Total cycles: 947
Compute cycles: 306
Stall cycles: 0
Overall utilization: 19.12%
Mapping efficiency: 50.00%
Average IFMAP SRAM BW: 12.235 words/cycle
Average Filter SRAM BW: 6.693 words/cycle
Average OFMAP SRAM BW: 24.471 words/cycle
Average IFMAP DRAM BW: 7.131 words/cycle
Average Filter DRAM BW: 7.787 words/cycle
Average OFMAP DRAM BW: 64.000 words/cycle

Running Layer 1283
Total cycles: 1371
Compute cycles: 613
Stall cycles: 0
Overall utilization: 19.09%
Mapping efficiency: 50.00%
Average IFMAP SRAM BW: 12.215 words/cycle
Average Filter SRAM BW: 6.682 words/cycle
Average OFMAP SRAM BW: 24.431 words/cycle
Average IFMAP DRAM BW: 7.131 words/cycle
Average Filter DRAM BW: 7.802 words/cycle
Average OFMAP DRAM BW: 64.000 words/cycle

Running Layer 1284
Total cycles: 1209
Compute cycles: 306
Stall cycles: 0
Overall utilization: 38.24%
Mapping efficiency: 100.00%
Average IFMAP SRAM BW: 24.471 words/cycle
Average Filter SRAM BW: 13.386 words/cycle
Average OFMAP SRAM BW: 24.471 words/cycle
Average IFMAP DRAM BW: 9.515 words/cycle
Average Filter DRAM BW: 7.802 words/cycle
Average OFMAP DRAM BW: 64.000 words/cycle

Running Layer 1285
Total cycles: 1895
Compute cycles: 613
Stall cycles: 0
Overall utilization: 38.17%
Mapping efficiency: 100.00%
Average IFMAP SRAM BW: 24.431 words/cycle
Average Filter SRAM BW: 13.364 words/cycle
Average OFMAP SRAM BW: 24.431 words/cycle
Average IFMAP DRAM BW: 9.515 words/cycle
Average Filter DRAM BW: 7.809 words/cycle
Average OFMAP DRAM BW: 64.000 words/cycle

Running Layer 1286
Total cycles: 3529
Compute cycles: 1227
Stall cycles: 0
Overall utilization: 38.14%
Mapping efficiency: 100.00%
Average IFMAP SRAM BW: 24.411 words/cycle
Average Filter SRAM BW: 13.353 words/cycle
Average OFMAP SRAM BW: 24.411 words/cycle
Average IFMAP DRAM BW: 9.521 words/cycle
Average Filter DRAM BW: 8.929 words/cycle
Average OFMAP DRAM BW: 64.000 words/cycle

Running Layer 1287
Total cycles: 687
Compute cycles: 307
Stall cycles: 0
Overall utilization: 2.40%
Mapping efficiency: 6.25%
Average IFMAP SRAM BW: 1.537 words/cycle
Average Filter SRAM BW: 0.834 words/cycle
Average OFMAP SRAM BW: 24.599 words/cycle
Average IFMAP DRAM BW: 1.795 words/cycle
Average Filter DRAM BW: 0.973 words/cycle
Average OFMAP DRAM BW: 64.000 words/cycle

Running Layer 1288
Total cycles: 1113
Compute cycles: 615
Stall cycles: 0
Overall utilization: 2.40%
Mapping efficiency: 6.25%
Average IFMAP SRAM BW: 1.535 words/cycle
Average Filter SRAM BW: 0.833 words/cycle
Average OFMAP SRAM BW: 24.559 words/cycle
Average IFMAP DRAM BW: 1.795 words/cycle
Average Filter DRAM BW: 1.947 words/cycle
Average OFMAP DRAM BW: 64.000 words/cycle

Running Layer 1289
Total cycles: 687
Compute cycles: 307
Stall cycles: 0
Overall utilization: 4.80%
Mapping efficiency: 12.50%
Average IFMAP SRAM BW: 3.075 words/cycle
Average Filter SRAM BW: 1.668 words/cycle
Average OFMAP SRAM BW: 24.599 words/cycle
Average IFMAP DRAM BW: 3.589 words/cycle
Average Filter DRAM BW: 1.947 words/cycle
Average OFMAP DRAM BW: 64.000 words/cycle

Running Layer 1290
Total cycles: 1113
Compute cycles: 615
Stall cycles: 0
Overall utilization: 4.80%
Mapping efficiency: 12.50%
Average IFMAP SRAM BW: 3.070 words/cycle
Average Filter SRAM BW: 1.665 words/cycle
Average OFMAP SRAM BW: 24.559 words/cycle
Average IFMAP DRAM BW: 3.589 words/cycle
Average Filter DRAM BW: 3.894 words/cycle
Average OFMAP DRAM BW: 64.000 words/cycle

Running Layer 1291
Total cycles: 687
Compute cycles: 307
Stall cycles: 0
Overall utilization: 9.61%
Mapping efficiency: 25.00%
Average IFMAP SRAM BW: 6.150 words/cycle
Average Filter SRAM BW: 3.336 words/cycle
Average OFMAP SRAM BW: 24.599 words/cycle
Average IFMAP DRAM BW: 7.179 words/cycle
Average Filter DRAM BW: 3.894 words/cycle
Average OFMAP DRAM BW: 64.000 words/cycle

Running Layer 1292
Total cycles: 1113
Compute cycles: 615
Stall cycles: 0
Overall utilization: 9.59%
Mapping efficiency: 25.00%
Average IFMAP SRAM BW: 6.140 words/cycle
Average Filter SRAM BW: 3.330 words/cycle
Average OFMAP SRAM BW: 24.559 words/cycle
Average IFMAP DRAM BW: 7.179 words/cycle
Average Filter DRAM BW: 7.787 words/cycle
Average OFMAP DRAM BW: 64.000 words/cycle

Running Layer 1293
Total cycles: 949
Compute cycles: 307
Stall cycles: 0
Overall utilization: 19.22%
Mapping efficiency: 50.00%
Average IFMAP SRAM BW: 12.300 words/cycle
Average Filter SRAM BW: 6.671 words/cycle
Average OFMAP SRAM BW: 24.599 words/cycle
Average IFMAP DRAM BW: 7.192 words/cycle
Average Filter DRAM BW: 7.787 words/cycle
Average OFMAP DRAM BW: 64.000 words/cycle

Running Layer 1294
Total cycles: 1375
Compute cycles: 615
Stall cycles: 0
Overall utilization: 19.19%
Mapping efficiency: 50.00%
Average IFMAP SRAM BW: 12.280 words/cycle
Average Filter SRAM BW: 6.660 words/cycle
Average OFMAP SRAM BW: 24.559 words/cycle
Average IFMAP DRAM BW: 7.192 words/cycle
Average Filter DRAM BW: 7.802 words/cycle
Average OFMAP DRAM BW: 64.000 words/cycle

Running Layer 1295
Total cycles: 1211
Compute cycles: 307
Stall cycles: 0
Overall utilization: 38.44%
Mapping efficiency: 100.00%
Average IFMAP SRAM BW: 24.599 words/cycle
Average Filter SRAM BW: 13.342 words/cycle
Average OFMAP SRAM BW: 24.599 words/cycle
Average IFMAP DRAM BW: 9.596 words/cycle
Average Filter DRAM BW: 7.802 words/cycle
Average OFMAP DRAM BW: 64.000 words/cycle

Running Layer 1296
Total cycles: 1899
Compute cycles: 615
Stall cycles: 0
Overall utilization: 38.37%
Mapping efficiency: 100.00%
Average IFMAP SRAM BW: 24.559 words/cycle
Average Filter SRAM BW: 13.320 words/cycle
Average OFMAP SRAM BW: 24.559 words/cycle
Average IFMAP DRAM BW: 9.596 words/cycle
Average Filter DRAM BW: 7.809 words/cycle
Average OFMAP DRAM BW: 64.000 words/cycle

Running Layer 1297
Total cycles: 3537
Compute cycles: 1231
Stall cycles: 0
Overall utilization: 38.34%
Mapping efficiency: 100.00%
Average IFMAP SRAM BW: 24.539 words/cycle
Average Filter SRAM BW: 13.310 words/cycle
Average OFMAP SRAM BW: 24.539 words/cycle
Average IFMAP DRAM BW: 9.602 words/cycle
Average Filter DRAM BW: 8.929 words/cycle
Average OFMAP DRAM BW: 64.000 words/cycle

Running Layer 1298
Total cycles: 689
Compute cycles: 308
Stall cycles: 0
Overall utilization: 2.41%
Mapping efficiency: 6.25%
Average IFMAP SRAM BW: 1.545 words/cycle
Average Filter SRAM BW: 0.831 words/cycle
Average OFMAP SRAM BW: 24.727 words/cycle
Average IFMAP DRAM BW: 1.810 words/cycle
Average Filter DRAM BW: 0.973 words/cycle
Average OFMAP DRAM BW: 64.000 words/cycle

Running Layer 1299
Total cycles: 1117
Compute cycles: 617
Stall cycles: 0
Overall utilization: 2.41%
Mapping efficiency: 6.25%
Average IFMAP SRAM BW: 1.543 words/cycle
Average Filter SRAM BW: 0.830 words/cycle
Average OFMAP SRAM BW: 24.687 words/cycle
Average IFMAP DRAM BW: 1.810 words/cycle
Average Filter DRAM BW: 1.947 words/cycle
Average OFMAP DRAM BW: 64.000 words/cycle

Running Layer 1300
Total cycles: 689
Compute cycles: 308
Stall cycles: 0
Overall utilization: 4.83%
Mapping efficiency: 12.50%
Average IFMAP SRAM BW: 3.091 words/cycle
Average Filter SRAM BW: 1.662 words/cycle
Average OFMAP SRAM BW: 24.727 words/cycle
Average IFMAP DRAM BW: 3.620 words/cycle
Average Filter DRAM BW: 1.947 words/cycle
Average OFMAP DRAM BW: 64.000 words/cycle

Running Layer 1301
Total cycles: 1117
Compute cycles: 617
Stall cycles: 0
Overall utilization: 4.82%
Mapping efficiency: 12.50%
Average IFMAP SRAM BW: 3.086 words/cycle
Average Filter SRAM BW: 1.660 words/cycle
Average OFMAP SRAM BW: 24.687 words/cycle
Average IFMAP DRAM BW: 3.620 words/cycle
Average Filter DRAM BW: 3.894 words/cycle
Average OFMAP DRAM BW: 64.000 words/cycle

Running Layer 1302
Total cycles: 689
Compute cycles: 308
Stall cycles: 0
Overall utilization: 9.66%
Mapping efficiency: 25.00%
Average IFMAP SRAM BW: 6.182 words/cycle
Average Filter SRAM BW: 3.325 words/cycle
Average OFMAP SRAM BW: 24.727 words/cycle
Average IFMAP DRAM BW: 7.240 words/cycle
Average Filter DRAM BW: 3.894 words/cycle
Average OFMAP DRAM BW: 64.000 words/cycle

Running Layer 1303
Total cycles: 1117
Compute cycles: 617
Stall cycles: 0
Overall utilization: 9.64%
Mapping efficiency: 25.00%
Average IFMAP SRAM BW: 6.172 words/cycle
Average Filter SRAM BW: 3.319 words/cycle
Average OFMAP SRAM BW: 24.687 words/cycle
Average IFMAP DRAM BW: 7.240 words/cycle
Average Filter DRAM BW: 7.787 words/cycle
Average OFMAP DRAM BW: 64.000 words/cycle

Running Layer 1304
Total cycles: 951
Compute cycles: 308
Stall cycles: 0
Overall utilization: 19.32%
Mapping efficiency: 50.00%
Average IFMAP SRAM BW: 12.364 words/cycle
Average Filter SRAM BW: 6.649 words/cycle
Average OFMAP SRAM BW: 24.727 words/cycle
Average IFMAP DRAM BW: 7.253 words/cycle
Average Filter DRAM BW: 7.787 words/cycle
Average OFMAP DRAM BW: 64.000 words/cycle

Running Layer 1305
Total cycles: 1379
Compute cycles: 617
Stall cycles: 0
Overall utilization: 19.29%
Mapping efficiency: 50.00%
Average IFMAP SRAM BW: 12.344 words/cycle
Average Filter SRAM BW: 6.639 words/cycle
Average OFMAP SRAM BW: 24.687 words/cycle
Average IFMAP DRAM BW: 7.253 words/cycle
Average Filter DRAM BW: 7.802 words/cycle
Average OFMAP DRAM BW: 64.000 words/cycle

Running Layer 1306
Total cycles: 1213
Compute cycles: 308
Stall cycles: 0
Overall utilization: 38.64%
Mapping efficiency: 100.00%
Average IFMAP SRAM BW: 24.727 words/cycle
Average Filter SRAM BW: 13.299 words/cycle
Average OFMAP SRAM BW: 24.727 words/cycle
Average IFMAP DRAM BW: 9.677 words/cycle
Average Filter DRAM BW: 7.802 words/cycle
Average OFMAP DRAM BW: 64.000 words/cycle

Running Layer 1307
Total cycles: 1903
Compute cycles: 617
Stall cycles: 0
Overall utilization: 38.57%
Mapping efficiency: 100.00%
Average IFMAP SRAM BW: 24.687 words/cycle
Average Filter SRAM BW: 13.277 words/cycle
Average OFMAP SRAM BW: 24.687 words/cycle
Average IFMAP DRAM BW: 9.677 words/cycle
Average Filter DRAM BW: 7.809 words/cycle
Average OFMAP DRAM BW: 64.000 words/cycle

Running Layer 1308
Total cycles: 3545
Compute cycles: 1235
Stall cycles: 0
Overall utilization: 38.54%
Mapping efficiency: 100.00%
Average IFMAP SRAM BW: 24.667 words/cycle
Average Filter SRAM BW: 13.266 words/cycle
Average OFMAP SRAM BW: 24.667 words/cycle
Average IFMAP DRAM BW: 9.683 words/cycle
Average Filter DRAM BW: 8.929 words/cycle
Average OFMAP DRAM BW: 64.000 words/cycle

Running Layer 1309
Total cycles: 691
Compute cycles: 309
Stall cycles: 0
Overall utilization: 2.43%
Mapping efficiency: 6.25%
Average IFMAP SRAM BW: 1.553 words/cycle
Average Filter SRAM BW: 0.828 words/cycle
Average OFMAP SRAM BW: 24.854 words/cycle
Average IFMAP DRAM BW: 1.825 words/cycle
Average Filter DRAM BW: 0.973 words/cycle
Average OFMAP DRAM BW: 64.000 words/cycle

Running Layer 1310
Total cycles: 1121
Compute cycles: 619
Stall cycles: 0
Overall utilization: 2.42%
Mapping efficiency: 6.25%
Average IFMAP SRAM BW: 1.551 words/cycle
Average Filter SRAM BW: 0.827 words/cycle
Average OFMAP SRAM BW: 24.814 words/cycle
Average IFMAP DRAM BW: 1.825 words/cycle
Average Filter DRAM BW: 1.947 words/cycle
Average OFMAP DRAM BW: 64.000 words/cycle

Running Layer 1311
Total cycles: 691
Compute cycles: 309
Stall cycles: 0
Overall utilization: 4.85%
Mapping efficiency: 12.50%
Average IFMAP SRAM BW: 3.107 words/cycle
Average Filter SRAM BW: 1.657 words/cycle
Average OFMAP SRAM BW: 24.854 words/cycle
Average IFMAP DRAM BW: 3.650 words/cycle
Average Filter DRAM BW: 1.947 words/cycle
Average OFMAP DRAM BW: 64.000 words/cycle

Running Layer 1312
Total cycles: 1121
Compute cycles: 619
Stall cycles: 0
Overall utilization: 4.85%
Mapping efficiency: 12.50%
Average IFMAP SRAM BW: 3.102 words/cycle
Average Filter SRAM BW: 1.654 words/cycle
Average OFMAP SRAM BW: 24.814 words/cycle
Average IFMAP DRAM BW: 3.650 words/cycle
Average Filter DRAM BW: 3.894 words/cycle
Average OFMAP DRAM BW: 64.000 words/cycle

Running Layer 1313
Total cycles: 691
Compute cycles: 309
Stall cycles: 0
Overall utilization: 9.71%
Mapping efficiency: 25.00%
Average IFMAP SRAM BW: 6.214 words/cycle
Average Filter SRAM BW: 3.314 words/cycle
Average OFMAP SRAM BW: 24.854 words/cycle
Average IFMAP DRAM BW: 7.300 words/cycle
Average Filter DRAM BW: 3.894 words/cycle
Average OFMAP DRAM BW: 64.000 words/cycle

Running Layer 1314
Total cycles: 1121
Compute cycles: 619
Stall cycles: 0
Overall utilization: 9.69%
Mapping efficiency: 25.00%
Average IFMAP SRAM BW: 6.204 words/cycle
Average Filter SRAM BW: 3.309 words/cycle
Average OFMAP SRAM BW: 24.814 words/cycle
Average IFMAP DRAM BW: 7.300 words/cycle
Average Filter DRAM BW: 7.787 words/cycle
Average OFMAP DRAM BW: 64.000 words/cycle

Running Layer 1315
Total cycles: 953
Compute cycles: 309
Stall cycles: 0
Overall utilization: 19.42%
Mapping efficiency: 50.00%
Average IFMAP SRAM BW: 12.427 words/cycle
Average Filter SRAM BW: 6.628 words/cycle
Average OFMAP SRAM BW: 24.854 words/cycle
Average IFMAP DRAM BW: 7.314 words/cycle
Average Filter DRAM BW: 7.787 words/cycle
Average OFMAP DRAM BW: 64.000 words/cycle

Running Layer 1316
Total cycles: 1383
Compute cycles: 619
Stall cycles: 0
Overall utilization: 19.39%
Mapping efficiency: 50.00%
Average IFMAP SRAM BW: 12.407 words/cycle
Average Filter SRAM BW: 6.617 words/cycle
Average OFMAP SRAM BW: 24.814 words/cycle
Average IFMAP DRAM BW: 7.314 words/cycle
Average Filter DRAM BW: 7.802 words/cycle
Average OFMAP DRAM BW: 64.000 words/cycle

Running Layer 1317
Total cycles: 1215
Compute cycles: 309
Stall cycles: 0
Overall utilization: 38.83%
Mapping efficiency: 100.00%
Average IFMAP SRAM BW: 24.854 words/cycle
Average Filter SRAM BW: 13.256 words/cycle
Average OFMAP SRAM BW: 24.854 words/cycle
Average IFMAP DRAM BW: 9.759 words/cycle
Average Filter DRAM BW: 7.802 words/cycle
Average OFMAP DRAM BW: 64.000 words/cycle

Running Layer 1318
Total cycles: 1907
Compute cycles: 619
Stall cycles: 0
Overall utilization: 38.77%
Mapping efficiency: 100.00%
Average IFMAP SRAM BW: 24.814 words/cycle
Average Filter SRAM BW: 13.234 words/cycle
Average OFMAP SRAM BW: 24.814 words/cycle
Average IFMAP DRAM BW: 9.759 words/cycle
Average Filter DRAM BW: 7.809 words/cycle
Average OFMAP DRAM BW: 64.000 words/cycle

Running Layer 1319
Total cycles: 3553
Compute cycles: 1239
Stall cycles: 0
Overall utilization: 38.74%
Mapping efficiency: 100.00%
Average IFMAP SRAM BW: 24.794 words/cycle
Average Filter SRAM BW: 13.224 words/cycle
Average OFMAP SRAM BW: 24.794 words/cycle
Average IFMAP DRAM BW: 9.765 words/cycle
Average Filter DRAM BW: 8.929 words/cycle
Average OFMAP DRAM BW: 64.000 words/cycle

Running Layer 1320
Total cycles: 693
Compute cycles: 310
Stall cycles: 0
Overall utilization: 2.44%
Mapping efficiency: 6.25%
Average IFMAP SRAM BW: 1.561 words/cycle
Average Filter SRAM BW: 0.826 words/cycle
Average OFMAP SRAM BW: 24.981 words/cycle
Average IFMAP DRAM BW: 1.840 words/cycle
Average Filter DRAM BW: 0.973 words/cycle
Average OFMAP DRAM BW: 64.000 words/cycle

Running Layer 1321
Total cycles: 1125
Compute cycles: 621
Stall cycles: 0
Overall utilization: 2.44%
Mapping efficiency: 6.25%
Average IFMAP SRAM BW: 1.559 words/cycle
Average Filter SRAM BW: 0.824 words/cycle
Average OFMAP SRAM BW: 24.940 words/cycle
Average IFMAP DRAM BW: 1.840 words/cycle
Average Filter DRAM BW: 1.947 words/cycle
Average OFMAP DRAM BW: 64.000 words/cycle

Running Layer 1322
Total cycles: 693
Compute cycles: 310
Stall cycles: 0
Overall utilization: 4.88%
Mapping efficiency: 12.50%
Average IFMAP SRAM BW: 3.123 words/cycle
Average Filter SRAM BW: 1.652 words/cycle
Average OFMAP SRAM BW: 24.981 words/cycle
Average IFMAP DRAM BW: 3.681 words/cycle
Average Filter DRAM BW: 1.947 words/cycle
Average OFMAP DRAM BW: 64.000 words/cycle

Running Layer 1323
Total cycles: 1125
Compute cycles: 621
Stall cycles: 0
Overall utilization: 4.87%
Mapping efficiency: 12.50%
Average IFMAP SRAM BW: 3.118 words/cycle
Average Filter SRAM BW: 1.649 words/cycle
Average OFMAP SRAM BW: 24.940 words/cycle
Average IFMAP DRAM BW: 3.681 words/cycle
Average Filter DRAM BW: 3.894 words/cycle
Average OFMAP DRAM BW: 64.000 words/cycle

Running Layer 1324
Total cycles: 693
Compute cycles: 310
Stall cycles: 0
Overall utilization: 9.76%
Mapping efficiency: 25.00%
Average IFMAP SRAM BW: 6.245 words/cycle
Average Filter SRAM BW: 3.303 words/cycle
Average OFMAP SRAM BW: 24.981 words/cycle
Average IFMAP DRAM BW: 7.361 words/cycle
Average Filter DRAM BW: 3.894 words/cycle
Average OFMAP DRAM BW: 64.000 words/cycle

Running Layer 1325
Total cycles: 1125
Compute cycles: 621
Stall cycles: 0
Overall utilization: 9.74%
Mapping efficiency: 25.00%
Average IFMAP SRAM BW: 6.235 words/cycle
Average Filter SRAM BW: 3.298 words/cycle
Average OFMAP SRAM BW: 24.940 words/cycle
Average IFMAP DRAM BW: 7.361 words/cycle
Average Filter DRAM BW: 7.787 words/cycle
Average OFMAP DRAM BW: 64.000 words/cycle

Running Layer 1326
Total cycles: 955
Compute cycles: 310
Stall cycles: 0
Overall utilization: 19.52%
Mapping efficiency: 50.00%
Average IFMAP SRAM BW: 12.490 words/cycle
Average Filter SRAM BW: 6.606 words/cycle
Average OFMAP SRAM BW: 24.981 words/cycle
Average IFMAP DRAM BW: 7.375 words/cycle
Average Filter DRAM BW: 7.787 words/cycle
Average OFMAP DRAM BW: 64.000 words/cycle

Running Layer 1327
Total cycles: 1387
Compute cycles: 621
Stall cycles: 0
Overall utilization: 19.48%
Mapping efficiency: 50.00%
Average IFMAP SRAM BW: 12.470 words/cycle
Average Filter SRAM BW: 6.596 words/cycle
Average OFMAP SRAM BW: 24.940 words/cycle
Average IFMAP DRAM BW: 7.375 words/cycle
Average Filter DRAM BW: 7.802 words/cycle
Average OFMAP DRAM BW: 64.000 words/cycle

Running Layer 1328
Total cycles: 1217
Compute cycles: 310
Stall cycles: 0
Overall utilization: 39.03%
Mapping efficiency: 100.00%
Average IFMAP SRAM BW: 24.981 words/cycle
Average Filter SRAM BW: 13.213 words/cycle
Average OFMAP SRAM BW: 24.981 words/cycle
Average IFMAP DRAM BW: 9.840 words/cycle
Average Filter DRAM BW: 7.802 words/cycle
Average OFMAP DRAM BW: 64.000 words/cycle

Running Layer 1329
Total cycles: 1911
Compute cycles: 621
Stall cycles: 0
Overall utilization: 38.97%
Mapping efficiency: 100.00%
Average IFMAP SRAM BW: 24.940 words/cycle
Average Filter SRAM BW: 13.192 words/cycle
Average OFMAP SRAM BW: 24.940 words/cycle
Average IFMAP DRAM BW: 9.840 words/cycle
Average Filter DRAM BW: 7.809 words/cycle
Average OFMAP DRAM BW: 64.000 words/cycle

Running Layer 1330
Total cycles: 3561
Compute cycles: 1243
Stall cycles: 0
Overall utilization: 38.94%
Mapping efficiency: 100.00%
Average IFMAP SRAM BW: 24.920 words/cycle
Average Filter SRAM BW: 13.181 words/cycle
Average OFMAP SRAM BW: 24.920 words/cycle
Average IFMAP DRAM BW: 9.846 words/cycle
Average Filter DRAM BW: 8.929 words/cycle
Average OFMAP DRAM BW: 64.000 words/cycle

Running Layer 1331
Total cycles: 695
Compute cycles: 311
Stall cycles: 0
Overall utilization: 2.45%
Mapping efficiency: 6.25%
Average IFMAP SRAM BW: 1.569 words/cycle
Average Filter SRAM BW: 0.823 words/cycle
Average OFMAP SRAM BW: 25.106 words/cycle
Average IFMAP DRAM BW: 1.856 words/cycle
Average Filter DRAM BW: 0.973 words/cycle
Average OFMAP DRAM BW: 64.000 words/cycle

Running Layer 1332
Total cycles: 1129
Compute cycles: 623
Stall cycles: 0
Overall utilization: 2.45%
Mapping efficiency: 6.25%
Average IFMAP SRAM BW: 1.567 words/cycle
Average Filter SRAM BW: 0.822 words/cycle
Average OFMAP SRAM BW: 25.066 words/cycle
Average IFMAP DRAM BW: 1.856 words/cycle
Average Filter DRAM BW: 1.947 words/cycle
Average OFMAP DRAM BW: 64.000 words/cycle

Running Layer 1333
Total cycles: 695
Compute cycles: 311
Stall cycles: 0
Overall utilization: 4.90%
Mapping efficiency: 12.50%
Average IFMAP SRAM BW: 3.138 words/cycle
Average Filter SRAM BW: 1.646 words/cycle
Average OFMAP SRAM BW: 25.106 words/cycle
Average IFMAP DRAM BW: 3.711 words/cycle
Average Filter DRAM BW: 1.947 words/cycle
Average OFMAP DRAM BW: 64.000 words/cycle

Running Layer 1334
Total cycles: 1129
Compute cycles: 623
Stall cycles: 0
Overall utilization: 4.90%
Mapping efficiency: 12.50%
Average IFMAP SRAM BW: 3.133 words/cycle
Average Filter SRAM BW: 1.644 words/cycle
Average OFMAP SRAM BW: 25.066 words/cycle
Average IFMAP DRAM BW: 3.711 words/cycle
Average Filter DRAM BW: 3.894 words/cycle
Average OFMAP DRAM BW: 64.000 words/cycle

Running Layer 1335
Total cycles: 695
Compute cycles: 311
Stall cycles: 0
Overall utilization: 9.81%
Mapping efficiency: 25.00%
Average IFMAP SRAM BW: 6.277 words/cycle
Average Filter SRAM BW: 3.293 words/cycle
Average OFMAP SRAM BW: 25.106 words/cycle
Average IFMAP DRAM BW: 7.422 words/cycle
Average Filter DRAM BW: 3.894 words/cycle
Average OFMAP DRAM BW: 64.000 words/cycle

Running Layer 1336
Total cycles: 1129
Compute cycles: 623
Stall cycles: 0
Overall utilization: 9.79%
Mapping efficiency: 25.00%
Average IFMAP SRAM BW: 6.266 words/cycle
Average Filter SRAM BW: 3.287 words/cycle
Average OFMAP SRAM BW: 25.066 words/cycle
Average IFMAP DRAM BW: 7.422 words/cycle
Average Filter DRAM BW: 7.787 words/cycle
Average OFMAP DRAM BW: 64.000 words/cycle

Running Layer 1337
Total cycles: 957
Compute cycles: 311
Stall cycles: 0
Overall utilization: 19.61%
Mapping efficiency: 50.00%
Average IFMAP SRAM BW: 12.553 words/cycle
Average Filter SRAM BW: 6.585 words/cycle
Average OFMAP SRAM BW: 25.106 words/cycle
Average IFMAP DRAM BW: 7.436 words/cycle
Average Filter DRAM BW: 7.787 words/cycle
Average OFMAP DRAM BW: 64.000 words/cycle

Running Layer 1338
Total cycles: 1391
Compute cycles: 623
Stall cycles: 0
Overall utilization: 19.58%
Mapping efficiency: 50.00%
Average IFMAP SRAM BW: 12.533 words/cycle
Average Filter SRAM BW: 6.575 words/cycle
Average OFMAP SRAM BW: 25.066 words/cycle
Average IFMAP DRAM BW: 7.436 words/cycle
Average Filter DRAM BW: 7.802 words/cycle
Average OFMAP DRAM BW: 64.000 words/cycle

Running Layer 1339
Total cycles: 1219
Compute cycles: 311
Stall cycles: 0
Overall utilization: 39.23%
Mapping efficiency: 100.00%
Average IFMAP SRAM BW: 25.106 words/cycle
Average Filter SRAM BW: 13.170 words/cycle
Average OFMAP SRAM BW: 25.106 words/cycle
Average IFMAP DRAM BW: 9.921 words/cycle
Average Filter DRAM BW: 7.802 words/cycle
Average OFMAP DRAM BW: 64.000 words/cycle

Running Layer 1340
Total cycles: 1915
Compute cycles: 623
Stall cycles: 0
Overall utilization: 39.17%
Mapping efficiency: 100.00%
Average IFMAP SRAM BW: 25.066 words/cycle
Average Filter SRAM BW: 13.149 words/cycle
Average OFMAP SRAM BW: 25.066 words/cycle
Average IFMAP DRAM BW: 9.921 words/cycle
Average Filter DRAM BW: 7.809 words/cycle
Average OFMAP DRAM BW: 64.000 words/cycle

Running Layer 1341
Total cycles: 3569
Compute cycles: 1247
Stall cycles: 0
Overall utilization: 39.13%
Mapping efficiency: 100.00%
Average IFMAP SRAM BW: 25.046 words/cycle
Average Filter SRAM BW: 13.139 words/cycle
Average OFMAP SRAM BW: 25.046 words/cycle
Average IFMAP DRAM BW: 9.928 words/cycle
Average Filter DRAM BW: 8.929 words/cycle
Average OFMAP DRAM BW: 64.000 words/cycle

Running Layer 1342
Total cycles: 697
Compute cycles: 312
Stall cycles: 0
Overall utilization: 2.46%
Mapping efficiency: 6.25%
Average IFMAP SRAM BW: 1.577 words/cycle
Average Filter SRAM BW: 0.821 words/cycle
Average OFMAP SRAM BW: 25.231 words/cycle
Average IFMAP DRAM BW: 1.871 words/cycle
Average Filter DRAM BW: 0.973 words/cycle
Average OFMAP DRAM BW: 64.000 words/cycle

Running Layer 1343
Total cycles: 1133
Compute cycles: 625
Stall cycles: 0
Overall utilization: 2.46%
Mapping efficiency: 6.25%
Average IFMAP SRAM BW: 1.574 words/cycle
Average Filter SRAM BW: 0.819 words/cycle
Average OFMAP SRAM BW: 25.190 words/cycle
Average IFMAP DRAM BW: 1.871 words/cycle
Average Filter DRAM BW: 1.947 words/cycle
Average OFMAP DRAM BW: 64.000 words/cycle

Running Layer 1344
Total cycles: 697
Compute cycles: 312
Stall cycles: 0
Overall utilization: 4.93%
Mapping efficiency: 12.50%
Average IFMAP SRAM BW: 3.154 words/cycle
Average Filter SRAM BW: 1.641 words/cycle
Average OFMAP SRAM BW: 25.231 words/cycle
Average IFMAP DRAM BW: 3.741 words/cycle
Average Filter DRAM BW: 1.947 words/cycle
Average OFMAP DRAM BW: 64.000 words/cycle

Running Layer 1345
Total cycles: 1133
Compute cycles: 625
Stall cycles: 0
Overall utilization: 4.92%
Mapping efficiency: 12.50%
Average IFMAP SRAM BW: 3.149 words/cycle
Average Filter SRAM BW: 1.638 words/cycle
Average OFMAP SRAM BW: 25.190 words/cycle
Average IFMAP DRAM BW: 3.741 words/cycle
Average Filter DRAM BW: 3.894 words/cycle
Average OFMAP DRAM BW: 64.000 words/cycle

Running Layer 1346
Total cycles: 697
Compute cycles: 312
Stall cycles: 0
Overall utilization: 9.86%
Mapping efficiency: 25.00%
Average IFMAP SRAM BW: 6.308 words/cycle
Average Filter SRAM BW: 3.282 words/cycle
Average OFMAP SRAM BW: 25.231 words/cycle
Average IFMAP DRAM BW: 7.483 words/cycle
Average Filter DRAM BW: 3.894 words/cycle
Average OFMAP DRAM BW: 64.000 words/cycle

Running Layer 1347
Total cycles: 1133
Compute cycles: 625
Stall cycles: 0
Overall utilization: 9.84%
Mapping efficiency: 25.00%
Average IFMAP SRAM BW: 6.298 words/cycle
Average Filter SRAM BW: 3.277 words/cycle
Average OFMAP SRAM BW: 25.190 words/cycle
Average IFMAP DRAM BW: 7.483 words/cycle
Average Filter DRAM BW: 7.787 words/cycle
Average OFMAP DRAM BW: 64.000 words/cycle

Running Layer 1348
Total cycles: 959
Compute cycles: 312
Stall cycles: 0
Overall utilization: 19.71%
Mapping efficiency: 50.00%
Average IFMAP SRAM BW: 12.615 words/cycle
Average Filter SRAM BW: 6.564 words/cycle
Average OFMAP SRAM BW: 25.231 words/cycle
Average IFMAP DRAM BW: 7.497 words/cycle
Average Filter DRAM BW: 7.787 words/cycle
Average OFMAP DRAM BW: 64.000 words/cycle

Running Layer 1349
Total cycles: 1395
Compute cycles: 625
Stall cycles: 0
Overall utilization: 19.68%
Mapping efficiency: 50.00%
Average IFMAP SRAM BW: 12.595 words/cycle
Average Filter SRAM BW: 6.554 words/cycle
Average OFMAP SRAM BW: 25.190 words/cycle
Average IFMAP DRAM BW: 7.497 words/cycle
Average Filter DRAM BW: 7.802 words/cycle
Average OFMAP DRAM BW: 64.000 words/cycle

Running Layer 1350
Total cycles: 1483
Compute cycles: 312
Stall cycles: 0
Overall utilization: 39.42%
Mapping efficiency: 100.00%
Average IFMAP SRAM BW: 25.231 words/cycle
Average Filter SRAM BW: 13.128 words/cycle
Average OFMAP SRAM BW: 25.231 words/cycle
Average IFMAP DRAM BW: 7.504 words/cycle
Average Filter DRAM BW: 7.802 words/cycle
Average OFMAP DRAM BW: 64.000 words/cycle

Running Layer 1351
Total cycles: 1919
Compute cycles: 625
Stall cycles: 0
Overall utilization: 39.36%
Mapping efficiency: 100.00%
Average IFMAP SRAM BW: 25.190 words/cycle
Average Filter SRAM BW: 13.107 words/cycle
Average OFMAP SRAM BW: 25.190 words/cycle
Average IFMAP DRAM BW: 7.504 words/cycle
Average Filter DRAM BW: 7.809 words/cycle
Average OFMAP DRAM BW: 64.000 words/cycle

Running Layer 1352
Total cycles: 3577
Compute cycles: 1251
Stall cycles: 0
Overall utilization: 39.33%
Mapping efficiency: 100.00%
Average IFMAP SRAM BW: 25.170 words/cycle
Average Filter SRAM BW: 13.097 words/cycle
Average OFMAP SRAM BW: 25.170 words/cycle
Average IFMAP DRAM BW: 8.580 words/cycle
Average Filter DRAM BW: 8.929 words/cycle
Average OFMAP DRAM BW: 64.000 words/cycle

Running Layer 1353
Total cycles: 699
Compute cycles: 313
Stall cycles: 0
Overall utilization: 2.48%
Mapping efficiency: 6.25%
Average IFMAP SRAM BW: 1.585 words/cycle
Average Filter SRAM BW: 0.818 words/cycle
Average OFMAP SRAM BW: 25.355 words/cycle
Average IFMAP DRAM BW: 1.886 words/cycle
Average Filter DRAM BW: 0.973 words/cycle
Average OFMAP DRAM BW: 64.000 words/cycle

Running Layer 1354
Total cycles: 1137
Compute cycles: 627
Stall cycles: 0
Overall utilization: 2.47%
Mapping efficiency: 6.25%
Average IFMAP SRAM BW: 1.582 words/cycle
Average Filter SRAM BW: 0.817 words/cycle
Average OFMAP SRAM BW: 25.314 words/cycle
Average IFMAP DRAM BW: 1.886 words/cycle
Average Filter DRAM BW: 1.947 words/cycle
Average OFMAP DRAM BW: 64.000 words/cycle

Running Layer 1355
Total cycles: 699
Compute cycles: 313
Stall cycles: 0
Overall utilization: 4.95%
Mapping efficiency: 12.50%
Average IFMAP SRAM BW: 3.169 words/cycle
Average Filter SRAM BW: 1.636 words/cycle
Average OFMAP SRAM BW: 25.355 words/cycle
Average IFMAP DRAM BW: 3.772 words/cycle
Average Filter DRAM BW: 1.947 words/cycle
Average OFMAP DRAM BW: 64.000 words/cycle

Running Layer 1356
Total cycles: 1137
Compute cycles: 627
Stall cycles: 0
Overall utilization: 4.94%
Mapping efficiency: 12.50%
Average IFMAP SRAM BW: 3.164 words/cycle
Average Filter SRAM BW: 1.633 words/cycle
Average OFMAP SRAM BW: 25.314 words/cycle
Average IFMAP DRAM BW: 3.772 words/cycle
Average Filter DRAM BW: 3.894 words/cycle
Average OFMAP DRAM BW: 64.000 words/cycle

Running Layer 1357
Total cycles: 699
Compute cycles: 313
Stall cycles: 0
Overall utilization: 9.90%
Mapping efficiency: 25.00%
Average IFMAP SRAM BW: 6.339 words/cycle
Average Filter SRAM BW: 3.272 words/cycle
Average OFMAP SRAM BW: 25.355 words/cycle
Average IFMAP DRAM BW: 7.544 words/cycle
Average Filter DRAM BW: 3.894 words/cycle
Average OFMAP DRAM BW: 64.000 words/cycle

Running Layer 1358
Total cycles: 1137
Compute cycles: 627
Stall cycles: 0
Overall utilization: 9.89%
Mapping efficiency: 25.00%
Average IFMAP SRAM BW: 6.329 words/cycle
Average Filter SRAM BW: 3.266 words/cycle
Average OFMAP SRAM BW: 25.314 words/cycle
Average IFMAP DRAM BW: 7.544 words/cycle
Average Filter DRAM BW: 7.787 words/cycle
Average OFMAP DRAM BW: 64.000 words/cycle

Running Layer 1359
Total cycles: 961
Compute cycles: 313
Stall cycles: 0
Overall utilization: 19.81%
Mapping efficiency: 50.00%
Average IFMAP SRAM BW: 12.677 words/cycle
Average Filter SRAM BW: 6.543 words/cycle
Average OFMAP SRAM BW: 25.355 words/cycle
Average IFMAP DRAM BW: 7.558 words/cycle
Average Filter DRAM BW: 7.787 words/cycle
Average OFMAP DRAM BW: 64.000 words/cycle

Running Layer 1360
Total cycles: 1399
Compute cycles: 627
Stall cycles: 0
Overall utilization: 19.78%
Mapping efficiency: 50.00%
Average IFMAP SRAM BW: 12.657 words/cycle
Average Filter SRAM BW: 6.533 words/cycle
Average OFMAP SRAM BW: 25.314 words/cycle
Average IFMAP DRAM BW: 7.558 words/cycle
Average Filter DRAM BW: 7.802 words/cycle
Average OFMAP DRAM BW: 64.000 words/cycle

Running Layer 1361
Total cycles: 1485
Compute cycles: 313
Stall cycles: 0
Overall utilization: 39.62%
Mapping efficiency: 100.00%
Average IFMAP SRAM BW: 25.355 words/cycle
Average Filter SRAM BW: 13.086 words/cycle
Average OFMAP SRAM BW: 25.355 words/cycle
Average IFMAP DRAM BW: 7.565 words/cycle
Average Filter DRAM BW: 7.802 words/cycle
Average OFMAP DRAM BW: 64.000 words/cycle

Running Layer 1362
Total cycles: 1923
Compute cycles: 627
Stall cycles: 0
Overall utilization: 39.55%
Mapping efficiency: 100.00%
Average IFMAP SRAM BW: 25.314 words/cycle
Average Filter SRAM BW: 13.065 words/cycle
Average OFMAP SRAM BW: 25.314 words/cycle
Average IFMAP DRAM BW: 7.565 words/cycle
Average Filter DRAM BW: 7.809 words/cycle
Average OFMAP DRAM BW: 64.000 words/cycle

Running Layer 1363
Total cycles: 3585
Compute cycles: 1255
Stall cycles: 0
Overall utilization: 39.52%
Mapping efficiency: 100.00%
Average IFMAP SRAM BW: 25.294 words/cycle
Average Filter SRAM BW: 13.055 words/cycle
Average OFMAP SRAM BW: 25.294 words/cycle
Average IFMAP DRAM BW: 8.650 words/cycle
Average Filter DRAM BW: 8.929 words/cycle
Average OFMAP DRAM BW: 64.000 words/cycle

Running Layer 1364
Total cycles: 701
Compute cycles: 314
Stall cycles: 0
Overall utilization: 2.49%
Mapping efficiency: 6.25%
Average IFMAP SRAM BW: 1.592 words/cycle
Average Filter SRAM BW: 0.815 words/cycle
Average OFMAP SRAM BW: 25.478 words/cycle
Average IFMAP DRAM BW: 1.901 words/cycle
Average Filter DRAM BW: 0.973 words/cycle
Average OFMAP DRAM BW: 64.000 words/cycle

Running Layer 1365
Total cycles: 1141
Compute cycles: 629
Stall cycles: 0
Overall utilization: 2.48%
Mapping efficiency: 6.25%
Average IFMAP SRAM BW: 1.590 words/cycle
Average Filter SRAM BW: 0.814 words/cycle
Average OFMAP SRAM BW: 25.437 words/cycle
Average IFMAP DRAM BW: 1.901 words/cycle
Average Filter DRAM BW: 1.947 words/cycle
Average OFMAP DRAM BW: 64.000 words/cycle

Running Layer 1366
Total cycles: 701
Compute cycles: 314
Stall cycles: 0
Overall utilization: 4.98%
Mapping efficiency: 12.50%
Average IFMAP SRAM BW: 3.185 words/cycle
Average Filter SRAM BW: 1.631 words/cycle
Average OFMAP SRAM BW: 25.478 words/cycle
Average IFMAP DRAM BW: 3.802 words/cycle
Average Filter DRAM BW: 1.947 words/cycle
Average OFMAP DRAM BW: 64.000 words/cycle

Running Layer 1367
Total cycles: 1141
Compute cycles: 629
Stall cycles: 0
Overall utilization: 4.97%
Mapping efficiency: 12.50%
Average IFMAP SRAM BW: 3.180 words/cycle
Average Filter SRAM BW: 1.628 words/cycle
Average OFMAP SRAM BW: 25.437 words/cycle
Average IFMAP DRAM BW: 3.802 words/cycle
Average Filter DRAM BW: 3.894 words/cycle
Average OFMAP DRAM BW: 64.000 words/cycle

Running Layer 1368
Total cycles: 701
Compute cycles: 314
Stall cycles: 0
Overall utilization: 9.95%
Mapping efficiency: 25.00%
Average IFMAP SRAM BW: 6.369 words/cycle
Average Filter SRAM BW: 3.261 words/cycle
Average OFMAP SRAM BW: 25.478 words/cycle
Average IFMAP DRAM BW: 7.605 words/cycle
Average Filter DRAM BW: 3.894 words/cycle
Average OFMAP DRAM BW: 64.000 words/cycle

Running Layer 1369
Total cycles: 1141
Compute cycles: 629
Stall cycles: 0
Overall utilization: 9.94%
Mapping efficiency: 25.00%
Average IFMAP SRAM BW: 6.359 words/cycle
Average Filter SRAM BW: 3.256 words/cycle
Average OFMAP SRAM BW: 25.437 words/cycle
Average IFMAP DRAM BW: 7.605 words/cycle
Average Filter DRAM BW: 7.787 words/cycle
Average OFMAP DRAM BW: 64.000 words/cycle

Running Layer 1370
Total cycles: 963
Compute cycles: 314
Stall cycles: 0
Overall utilization: 19.90%
Mapping efficiency: 50.00%
Average IFMAP SRAM BW: 12.739 words/cycle
Average Filter SRAM BW: 6.522 words/cycle
Average OFMAP SRAM BW: 25.478 words/cycle
Average IFMAP DRAM BW: 7.619 words/cycle
Average Filter DRAM BW: 7.787 words/cycle
Average OFMAP DRAM BW: 64.000 words/cycle

Running Layer 1371
Total cycles: 1403
Compute cycles: 629
Stall cycles: 0
Overall utilization: 19.87%
Mapping efficiency: 50.00%
Average IFMAP SRAM BW: 12.719 words/cycle
Average Filter SRAM BW: 6.512 words/cycle
Average OFMAP SRAM BW: 25.437 words/cycle
Average IFMAP DRAM BW: 7.619 words/cycle
Average Filter DRAM BW: 7.802 words/cycle
Average OFMAP DRAM BW: 64.000 words/cycle

Running Layer 1372
Total cycles: 1487
Compute cycles: 314
Stall cycles: 0
Overall utilization: 39.81%
Mapping efficiency: 100.00%
Average IFMAP SRAM BW: 25.478 words/cycle
Average Filter SRAM BW: 13.045 words/cycle
Average OFMAP SRAM BW: 25.478 words/cycle
Average IFMAP DRAM BW: 7.626 words/cycle
Average Filter DRAM BW: 7.802 words/cycle
Average OFMAP DRAM BW: 64.000 words/cycle

Running Layer 1373
Total cycles: 1927
Compute cycles: 629
Stall cycles: 0
Overall utilization: 39.75%
Mapping efficiency: 100.00%
Average IFMAP SRAM BW: 25.437 words/cycle
Average Filter SRAM BW: 13.024 words/cycle
Average OFMAP SRAM BW: 25.437 words/cycle
Average IFMAP DRAM BW: 7.626 words/cycle
Average Filter DRAM BW: 7.809 words/cycle
Average OFMAP DRAM BW: 64.000 words/cycle

Running Layer 1374
Total cycles: 3593
Compute cycles: 1259
Stall cycles: 0
Overall utilization: 39.71%
Mapping efficiency: 100.00%
Average IFMAP SRAM BW: 25.417 words/cycle
Average Filter SRAM BW: 13.014 words/cycle
Average OFMAP SRAM BW: 25.417 words/cycle
Average IFMAP DRAM BW: 8.719 words/cycle
Average Filter DRAM BW: 8.929 words/cycle
Average OFMAP DRAM BW: 64.000 words/cycle

Running Layer 1375
Total cycles: 703
Compute cycles: 315
Stall cycles: 0
Overall utilization: 2.50%
Mapping efficiency: 6.25%
Average IFMAP SRAM BW: 1.600 words/cycle
Average Filter SRAM BW: 0.813 words/cycle
Average OFMAP SRAM BW: 25.600 words/cycle
Average IFMAP DRAM BW: 1.916 words/cycle
Average Filter DRAM BW: 0.973 words/cycle
Average OFMAP DRAM BW: 64.000 words/cycle

Running Layer 1376
Total cycles: 1145
Compute cycles: 631
Stall cycles: 0
Overall utilization: 2.50%
Mapping efficiency: 6.25%
Average IFMAP SRAM BW: 1.597 words/cycle
Average Filter SRAM BW: 0.811 words/cycle
Average OFMAP SRAM BW: 25.559 words/cycle
Average IFMAP DRAM BW: 1.916 words/cycle
Average Filter DRAM BW: 1.947 words/cycle
Average OFMAP DRAM BW: 64.000 words/cycle

Running Layer 1377
Total cycles: 703
Compute cycles: 315
Stall cycles: 0
Overall utilization: 5.00%
Mapping efficiency: 12.50%
Average IFMAP SRAM BW: 3.200 words/cycle
Average Filter SRAM BW: 1.625 words/cycle
Average OFMAP SRAM BW: 25.600 words/cycle
Average IFMAP DRAM BW: 3.833 words/cycle
Average Filter DRAM BW: 1.947 words/cycle
Average OFMAP DRAM BW: 64.000 words/cycle

Running Layer 1378
Total cycles: 1145
Compute cycles: 631
Stall cycles: 0
Overall utilization: 4.99%
Mapping efficiency: 12.50%
Average IFMAP SRAM BW: 3.195 words/cycle
Average Filter SRAM BW: 1.623 words/cycle
Average OFMAP SRAM BW: 25.559 words/cycle
Average IFMAP DRAM BW: 3.833 words/cycle
Average Filter DRAM BW: 3.894 words/cycle
Average OFMAP DRAM BW: 64.000 words/cycle

Running Layer 1379
Total cycles: 703
Compute cycles: 315
Stall cycles: 0
Overall utilization: 10.00%
Mapping efficiency: 25.00%
Average IFMAP SRAM BW: 6.400 words/cycle
Average Filter SRAM BW: 3.251 words/cycle
Average OFMAP SRAM BW: 25.600 words/cycle
Average IFMAP DRAM BW: 7.665 words/cycle
Average Filter DRAM BW: 3.894 words/cycle
Average OFMAP DRAM BW: 64.000 words/cycle

Running Layer 1380
Total cycles: 1145
Compute cycles: 631
Stall cycles: 0
Overall utilization: 9.98%
Mapping efficiency: 25.00%
Average IFMAP SRAM BW: 6.390 words/cycle
Average Filter SRAM BW: 3.246 words/cycle
Average OFMAP SRAM BW: 25.559 words/cycle
Average IFMAP DRAM BW: 7.665 words/cycle
Average Filter DRAM BW: 7.787 words/cycle
Average OFMAP DRAM BW: 64.000 words/cycle

Running Layer 1381
Total cycles: 965
Compute cycles: 315
Stall cycles: 0
Overall utilization: 20.00%
Mapping efficiency: 50.00%
Average IFMAP SRAM BW: 12.800 words/cycle
Average Filter SRAM BW: 6.502 words/cycle
Average OFMAP SRAM BW: 25.600 words/cycle
Average IFMAP DRAM BW: 7.680 words/cycle
Average Filter DRAM BW: 7.787 words/cycle
Average OFMAP DRAM BW: 64.000 words/cycle

Running Layer 1382
Total cycles: 1407
Compute cycles: 631
Stall cycles: 0
Overall utilization: 19.97%
Mapping efficiency: 50.00%
Average IFMAP SRAM BW: 12.780 words/cycle
Average Filter SRAM BW: 6.491 words/cycle
Average OFMAP SRAM BW: 25.559 words/cycle
Average IFMAP DRAM BW: 7.680 words/cycle
Average Filter DRAM BW: 7.802 words/cycle
Average OFMAP DRAM BW: 64.000 words/cycle

Running Layer 1383
Total cycles: 1489
Compute cycles: 315
Stall cycles: 0
Overall utilization: 40.00%
Mapping efficiency: 100.00%
Average IFMAP SRAM BW: 25.600 words/cycle
Average Filter SRAM BW: 13.003 words/cycle
Average OFMAP SRAM BW: 25.600 words/cycle
Average IFMAP DRAM BW: 7.687 words/cycle
Average Filter DRAM BW: 7.802 words/cycle
Average OFMAP DRAM BW: 64.000 words/cycle

Running Layer 1384
Total cycles: 1931
Compute cycles: 631
Stall cycles: 0
Overall utilization: 39.94%
Mapping efficiency: 100.00%
Average IFMAP SRAM BW: 25.559 words/cycle
Average Filter SRAM BW: 12.983 words/cycle
Average OFMAP SRAM BW: 25.559 words/cycle
Average IFMAP DRAM BW: 7.687 words/cycle
Average Filter DRAM BW: 7.809 words/cycle
Average OFMAP DRAM BW: 64.000 words/cycle

Running Layer 1385
Total cycles: 3601
Compute cycles: 1263
Stall cycles: 0
Overall utilization: 39.90%
Mapping efficiency: 100.00%
Average IFMAP SRAM BW: 25.539 words/cycle
Average Filter SRAM BW: 12.972 words/cycle
Average OFMAP SRAM BW: 25.539 words/cycle
Average IFMAP DRAM BW: 8.789 words/cycle
Average Filter DRAM BW: 8.929 words/cycle
Average OFMAP DRAM BW: 64.000 words/cycle

Running Layer 1386
Total cycles: 705
Compute cycles: 316
Stall cycles: 0
Overall utilization: 2.51%
Mapping efficiency: 6.25%
Average IFMAP SRAM BW: 1.608 words/cycle
Average Filter SRAM BW: 0.810 words/cycle
Average OFMAP SRAM BW: 25.722 words/cycle
Average IFMAP DRAM BW: 1.932 words/cycle
Average Filter DRAM BW: 0.973 words/cycle
Average OFMAP DRAM BW: 64.000 words/cycle

Running Layer 1387
Total cycles: 1149
Compute cycles: 633
Stall cycles: 0
Overall utilization: 2.51%
Mapping efficiency: 6.25%
Average IFMAP SRAM BW: 1.605 words/cycle
Average Filter SRAM BW: 0.809 words/cycle
Average OFMAP SRAM BW: 25.681 words/cycle
Average IFMAP DRAM BW: 1.932 words/cycle
Average Filter DRAM BW: 1.947 words/cycle
Average OFMAP DRAM BW: 64.000 words/cycle

Running Layer 1388
Total cycles: 705
Compute cycles: 316
Stall cycles: 0
Overall utilization: 5.02%
Mapping efficiency: 12.50%
Average IFMAP SRAM BW: 3.215 words/cycle
Average Filter SRAM BW: 1.620 words/cycle
Average OFMAP SRAM BW: 25.722 words/cycle
Average IFMAP DRAM BW: 3.863 words/cycle
Average Filter DRAM BW: 1.947 words/cycle
Average OFMAP DRAM BW: 64.000 words/cycle

Running Layer 1389
Total cycles: 1149
Compute cycles: 633
Stall cycles: 0
Overall utilization: 5.02%
Mapping efficiency: 12.50%
Average IFMAP SRAM BW: 3.210 words/cycle
Average Filter SRAM BW: 1.618 words/cycle
Average OFMAP SRAM BW: 25.681 words/cycle
Average IFMAP DRAM BW: 3.863 words/cycle
Average Filter DRAM BW: 3.894 words/cycle
Average OFMAP DRAM BW: 64.000 words/cycle

Running Layer 1390
Total cycles: 705
Compute cycles: 316
Stall cycles: 0
Overall utilization: 10.05%
Mapping efficiency: 25.00%
Average IFMAP SRAM BW: 6.430 words/cycle
Average Filter SRAM BW: 3.241 words/cycle
Average OFMAP SRAM BW: 25.722 words/cycle
Average IFMAP DRAM BW: 7.726 words/cycle
Average Filter DRAM BW: 3.894 words/cycle
Average OFMAP DRAM BW: 64.000 words/cycle

Running Layer 1391
Total cycles: 1149
Compute cycles: 633
Stall cycles: 0
Overall utilization: 10.03%
Mapping efficiency: 25.00%
Average IFMAP SRAM BW: 6.420 words/cycle
Average Filter SRAM BW: 3.235 words/cycle
Average OFMAP SRAM BW: 25.681 words/cycle
Average IFMAP DRAM BW: 7.726 words/cycle
Average Filter DRAM BW: 7.787 words/cycle
Average OFMAP DRAM BW: 64.000 words/cycle

Running Layer 1392
Total cycles: 967
Compute cycles: 316
Stall cycles: 0
Overall utilization: 20.09%
Mapping efficiency: 50.00%
Average IFMAP SRAM BW: 12.861 words/cycle
Average Filter SRAM BW: 6.481 words/cycle
Average OFMAP SRAM BW: 25.722 words/cycle
Average IFMAP DRAM BW: 7.741 words/cycle
Average Filter DRAM BW: 7.787 words/cycle
Average OFMAP DRAM BW: 64.000 words/cycle

Running Layer 1393
Total cycles: 1411
Compute cycles: 633
Stall cycles: 0
Overall utilization: 20.06%
Mapping efficiency: 50.00%
Average IFMAP SRAM BW: 12.840 words/cycle
Average Filter SRAM BW: 6.471 words/cycle
Average OFMAP SRAM BW: 25.681 words/cycle
Average IFMAP DRAM BW: 7.741 words/cycle
Average Filter DRAM BW: 7.802 words/cycle
Average OFMAP DRAM BW: 64.000 words/cycle

Running Layer 1394
Total cycles: 1491
Compute cycles: 316
Stall cycles: 0
Overall utilization: 40.19%
Mapping efficiency: 100.00%
Average IFMAP SRAM BW: 25.722 words/cycle
Average Filter SRAM BW: 12.962 words/cycle
Average OFMAP SRAM BW: 25.722 words/cycle
Average IFMAP DRAM BW: 7.748 words/cycle
Average Filter DRAM BW: 7.802 words/cycle
Average OFMAP DRAM BW: 64.000 words/cycle

Running Layer 1395
Total cycles: 1935
Compute cycles: 633
Stall cycles: 0
Overall utilization: 40.13%
Mapping efficiency: 100.00%
Average IFMAP SRAM BW: 25.681 words/cycle
Average Filter SRAM BW: 12.942 words/cycle
Average OFMAP SRAM BW: 25.681 words/cycle
Average IFMAP DRAM BW: 7.748 words/cycle
Average Filter DRAM BW: 7.809 words/cycle
Average OFMAP DRAM BW: 64.000 words/cycle

Running Layer 1396
Total cycles: 3609
Compute cycles: 1267
Stall cycles: 0
Overall utilization: 40.09%
Mapping efficiency: 100.00%
Average IFMAP SRAM BW: 25.661 words/cycle
Average Filter SRAM BW: 12.931 words/cycle
Average OFMAP SRAM BW: 25.661 words/cycle
Average IFMAP DRAM BW: 8.859 words/cycle
Average Filter DRAM BW: 8.929 words/cycle
Average OFMAP DRAM BW: 64.000 words/cycle

Running Layer 1397
Total cycles: 707
Compute cycles: 317
Stall cycles: 0
Overall utilization: 2.52%
Mapping efficiency: 6.25%
Average IFMAP SRAM BW: 1.615 words/cycle
Average Filter SRAM BW: 0.808 words/cycle
Average OFMAP SRAM BW: 25.842 words/cycle
Average IFMAP DRAM BW: 1.947 words/cycle
Average Filter DRAM BW: 0.973 words/cycle
Average OFMAP DRAM BW: 64.000 words/cycle

Running Layer 1398
Total cycles: 1153
Compute cycles: 635
Stall cycles: 0
Overall utilization: 2.52%
Mapping efficiency: 6.25%
Average IFMAP SRAM BW: 1.613 words/cycle
Average Filter SRAM BW: 0.806 words/cycle
Average OFMAP SRAM BW: 25.802 words/cycle
Average IFMAP DRAM BW: 1.947 words/cycle
Average Filter DRAM BW: 1.947 words/cycle
Average OFMAP DRAM BW: 64.000 words/cycle

Running Layer 1399
Total cycles: 707
Compute cycles: 317
Stall cycles: 0
Overall utilization: 5.05%
Mapping efficiency: 12.50%
Average IFMAP SRAM BW: 3.230 words/cycle
Average Filter SRAM BW: 1.615 words/cycle
Average OFMAP SRAM BW: 25.842 words/cycle
Average IFMAP DRAM BW: 3.894 words/cycle
Average Filter DRAM BW: 1.947 words/cycle
Average OFMAP DRAM BW: 64.000 words/cycle

Running Layer 1400
Total cycles: 1153
Compute cycles: 635
Stall cycles: 0
Overall utilization: 5.04%
Mapping efficiency: 12.50%
Average IFMAP SRAM BW: 3.225 words/cycle
Average Filter SRAM BW: 1.613 words/cycle
Average OFMAP SRAM BW: 25.802 words/cycle
Average IFMAP DRAM BW: 3.894 words/cycle
Average Filter DRAM BW: 3.894 words/cycle
Average OFMAP DRAM BW: 64.000 words/cycle

Running Layer 1401
Total cycles: 707
Compute cycles: 317
Stall cycles: 0
Overall utilization: 10.09%
Mapping efficiency: 25.00%
Average IFMAP SRAM BW: 6.461 words/cycle
Average Filter SRAM BW: 3.230 words/cycle
Average OFMAP SRAM BW: 25.842 words/cycle
Average IFMAP DRAM BW: 7.787 words/cycle
Average Filter DRAM BW: 3.894 words/cycle
Average OFMAP DRAM BW: 64.000 words/cycle

Running Layer 1402
Total cycles: 1153
Compute cycles: 635
Stall cycles: 0
Overall utilization: 10.08%
Mapping efficiency: 25.00%
Average IFMAP SRAM BW: 6.450 words/cycle
Average Filter SRAM BW: 3.225 words/cycle
Average OFMAP SRAM BW: 25.802 words/cycle
Average IFMAP DRAM BW: 7.787 words/cycle
Average Filter DRAM BW: 7.787 words/cycle
Average OFMAP DRAM BW: 64.000 words/cycle

Running Layer 1403
Total cycles: 969
Compute cycles: 317
Stall cycles: 0
Overall utilization: 20.19%
Mapping efficiency: 50.00%
Average IFMAP SRAM BW: 12.921 words/cycle
Average Filter SRAM BW: 6.461 words/cycle
Average OFMAP SRAM BW: 25.842 words/cycle
Average IFMAP DRAM BW: 7.802 words/cycle
Average Filter DRAM BW: 7.787 words/cycle
Average OFMAP DRAM BW: 64.000 words/cycle

Running Layer 1404
Total cycles: 1415
Compute cycles: 635
Stall cycles: 0
Overall utilization: 20.16%
Mapping efficiency: 50.00%
Average IFMAP SRAM BW: 12.901 words/cycle
Average Filter SRAM BW: 6.450 words/cycle
Average OFMAP SRAM BW: 25.802 words/cycle
Average IFMAP DRAM BW: 7.802 words/cycle
Average Filter DRAM BW: 7.802 words/cycle
Average OFMAP DRAM BW: 64.000 words/cycle

Running Layer 1405
Total cycles: 1493
Compute cycles: 317
Stall cycles: 0
Overall utilization: 40.38%
Mapping efficiency: 100.00%
Average IFMAP SRAM BW: 25.842 words/cycle
Average Filter SRAM BW: 12.921 words/cycle
Average OFMAP SRAM BW: 25.842 words/cycle
Average IFMAP DRAM BW: 7.809 words/cycle
Average Filter DRAM BW: 7.802 words/cycle
Average OFMAP DRAM BW: 64.000 words/cycle

Running Layer 1406
Total cycles: 1939
Compute cycles: 635
Stall cycles: 0
Overall utilization: 40.31%
Mapping efficiency: 100.00%
Average IFMAP SRAM BW: 25.802 words/cycle
Average Filter SRAM BW: 12.901 words/cycle
Average OFMAP SRAM BW: 25.802 words/cycle
Average IFMAP DRAM BW: 7.809 words/cycle
Average Filter DRAM BW: 7.809 words/cycle
Average OFMAP DRAM BW: 64.000 words/cycle

Running Layer 1407
Total cycles: 3617
Compute cycles: 1271
Stall cycles: 0
Overall utilization: 40.28%
Mapping efficiency: 100.00%
Average IFMAP SRAM BW: 25.781 words/cycle
Average Filter SRAM BW: 12.891 words/cycle
Average OFMAP SRAM BW: 25.781 words/cycle
Average IFMAP DRAM BW: 8.929 words/cycle
Average Filter DRAM BW: 8.929 words/cycle
Average OFMAP DRAM BW: 64.000 words/cycle
************ SCALE SIM Run Complete ****************

  0%|          | 0/191 [00:00<?, ?it/s]
100%|██████████| 191/191 [00:00<00:00, 17412.45it/s]

  0%|          | 0/382 [00:00<?, ?it/s]
100%|██████████| 382/382 [00:00<00:00, 18087.47it/s]

  0%|          | 0/191 [00:00<?, ?it/s]
100%|██████████| 191/191 [00:00<00:00, 14926.35it/s]

  0%|          | 0/382 [00:00<?, ?it/s]
100%|██████████| 382/382 [00:00<00:00, 15633.59it/s]

  0%|          | 0/191 [00:00<?, ?it/s]
100%|██████████| 191/191 [00:00<00:00, 16425.66it/s]

  0%|          | 0/382 [00:00<?, ?it/s]
100%|██████████| 382/382 [00:00<00:00, 15914.66it/s]

  0%|          | 0/191 [00:00<?, ?it/s]
100%|██████████| 191/191 [00:00<00:00, 12867.82it/s]

  0%|          | 0/382 [00:00<?, ?it/s]
100%|██████████| 382/382 [00:00<00:00, 16040.21it/s]

  0%|          | 0/191 [00:00<?, ?it/s]
100%|██████████| 191/191 [00:00<00:00, 13563.23it/s]

  0%|          | 0/382 [00:00<?, ?it/s]
100%|██████████| 382/382 [00:00<00:00, 13069.99it/s]

  0%|          | 0/764 [00:00<?, ?it/s]
100%|██████████| 764/764 [00:00<00:00, 8409.15it/s]

  0%|          | 0/192 [00:00<?, ?it/s]
100%|██████████| 192/192 [00:00<00:00, 14144.06it/s]

  0%|          | 0/384 [00:00<?, ?it/s]
100%|██████████| 384/384 [00:00<00:00, 5779.16it/s]

  0%|          | 0/192 [00:00<?, ?it/s]
100%|██████████| 192/192 [00:00<00:00, 11641.58it/s]

  0%|          | 0/384 [00:00<?, ?it/s]
100%|██████████| 384/384 [00:00<00:00, 9006.89it/s]

  0%|          | 0/192 [00:00<?, ?it/s]
100%|██████████| 192/192 [00:00<00:00, 17304.65it/s]

  0%|          | 0/384 [00:00<?, ?it/s]
100%|██████████| 384/384 [00:00<00:00, 16940.09it/s]

  0%|          | 0/192 [00:00<?, ?it/s]
100%|██████████| 192/192 [00:00<00:00, 14030.46it/s]

  0%|          | 0/384 [00:00<?, ?it/s]
100%|██████████| 384/384 [00:00<00:00, 11263.66it/s]

  0%|          | 0/192 [00:00<?, ?it/s]
100%|██████████| 192/192 [00:00<00:00, 11240.23it/s]

  0%|          | 0/384 [00:00<?, ?it/s]
100%|██████████| 384/384 [00:00<00:00, 10629.56it/s]

  0%|          | 0/768 [00:00<?, ?it/s]
100%|██████████| 768/768 [00:00<00:00, 11435.11it/s]

  0%|          | 0/193 [00:00<?, ?it/s]
100%|██████████| 193/193 [00:00<00:00, 16371.74it/s]

  0%|          | 0/386 [00:00<?, ?it/s]
100%|██████████| 386/386 [00:00<00:00, 15135.95it/s]

  0%|          | 0/193 [00:00<?, ?it/s]
100%|██████████| 193/193 [00:00<00:00, 12406.52it/s]

  0%|          | 0/386 [00:00<?, ?it/s]
100%|██████████| 386/386 [00:00<00:00, 14570.90it/s]

  0%|          | 0/193 [00:00<?, ?it/s]
100%|██████████| 193/193 [00:00<00:00, 12231.99it/s]

  0%|          | 0/386 [00:00<?, ?it/s]
100%|██████████| 386/386 [00:00<00:00, 14105.99it/s]

  0%|          | 0/193 [00:00<?, ?it/s]
100%|██████████| 193/193 [00:00<00:00, 11480.98it/s]

  0%|          | 0/386 [00:00<?, ?it/s]
100%|██████████| 386/386 [00:00<00:00, 12186.50it/s]

  0%|          | 0/193 [00:00<?, ?it/s]
100%|██████████| 193/193 [00:00<00:00, 14092.00it/s]

  0%|          | 0/386 [00:00<?, ?it/s]
100%|██████████| 386/386 [00:00<00:00, 11673.61it/s]

  0%|          | 0/772 [00:00<?, ?it/s]
100%|██████████| 772/772 [00:00<00:00, 10564.72it/s]

  0%|          | 0/194 [00:00<?, ?it/s]
100%|██████████| 194/194 [00:00<00:00, 15795.61it/s]

  0%|          | 0/388 [00:00<?, ?it/s]
100%|██████████| 388/388 [00:00<00:00, 16344.67it/s]

  0%|          | 0/194 [00:00<?, ?it/s]
100%|██████████| 194/194 [00:00<00:00, 13981.01it/s]

  0%|          | 0/388 [00:00<?, ?it/s]
100%|██████████| 388/388 [00:00<00:00, 17816.06it/s]

  0%|          | 0/194 [00:00<?, ?it/s]
100%|██████████| 194/194 [00:00<00:00, 12102.97it/s]

  0%|          | 0/388 [00:00<?, ?it/s]
100%|██████████| 388/388 [00:00<00:00, 16376.75it/s]

  0%|          | 0/194 [00:00<?, ?it/s]
100%|██████████| 194/194 [00:00<00:00, 15408.56it/s]

  0%|          | 0/388 [00:00<?, ?it/s]
100%|██████████| 388/388 [00:00<00:00, 13692.46it/s]

  0%|          | 0/194 [00:00<?, ?it/s]
100%|██████████| 194/194 [00:00<00:00, 14510.06it/s]

  0%|          | 0/388 [00:00<?, ?it/s]
100%|██████████| 388/388 [00:00<00:00, 13555.14it/s]

  0%|          | 0/776 [00:00<?, ?it/s]
100%|██████████| 776/776 [00:00<00:00, 10991.90it/s]

  0%|          | 0/195 [00:00<?, ?it/s]
100%|██████████| 195/195 [00:00<00:00, 17946.40it/s]

  0%|          | 0/390 [00:00<?, ?it/s]
100%|██████████| 390/390 [00:00<00:00, 16244.56it/s]

  0%|          | 0/195 [00:00<?, ?it/s]
100%|██████████| 195/195 [00:00<00:00, 14185.18it/s]

  0%|          | 0/390 [00:00<?, ?it/s]
100%|██████████| 390/390 [00:00<00:00, 17296.28it/s]

  0%|          | 0/195 [00:00<?, ?it/s]
100%|██████████| 195/195 [00:00<00:00, 16472.77it/s]

  0%|          | 0/390 [00:00<?, ?it/s]
100%|██████████| 390/390 [00:00<00:00, 13786.01it/s]

  0%|          | 0/195 [00:00<?, ?it/s]
100%|██████████| 195/195 [00:00<00:00, 15895.85it/s]

  0%|          | 0/390 [00:00<?, ?it/s]
100%|██████████| 390/390 [00:00<00:00, 11281.23it/s]

  0%|          | 0/195 [00:00<?, ?it/s]
100%|██████████| 195/195 [00:00<00:00, 13543.68it/s]

  0%|          | 0/390 [00:00<?, ?it/s]
100%|██████████| 390/390 [00:00<00:00, 11582.54it/s]

  0%|          | 0/780 [00:00<?, ?it/s]
100%|██████████| 780/780 [00:00<00:00, 12607.25it/s]

  0%|          | 0/196 [00:00<?, ?it/s]
100%|██████████| 196/196 [00:00<00:00, 18193.73it/s]

  0%|          | 0/392 [00:00<?, ?it/s]
100%|██████████| 392/392 [00:00<00:00, 15734.86it/s]

  0%|          | 0/196 [00:00<?, ?it/s]
100%|██████████| 196/196 [00:00<00:00, 13911.46it/s]

  0%|          | 0/392 [00:00<?, ?it/s]
100%|██████████| 392/392 [00:00<00:00, 16149.53it/s]

  0%|          | 0/196 [00:00<?, ?it/s]
100%|██████████| 196/196 [00:00<00:00, 11970.81it/s]

  0%|          | 0/392 [00:00<?, ?it/s]
100%|██████████| 392/392 [00:00<00:00, 12967.13it/s]

  0%|          | 0/196 [00:00<?, ?it/s]
100%|██████████| 196/196 [00:00<00:00, 11615.78it/s]

  0%|          | 0/392 [00:00<?, ?it/s]
100%|██████████| 392/392 [00:00<00:00, 14460.95it/s]

  0%|          | 0/196 [00:00<?, ?it/s]
100%|██████████| 196/196 [00:00<00:00, 13888.19it/s]

  0%|          | 0/392 [00:00<?, ?it/s]
100%|██████████| 392/392 [00:00<00:00, 9979.16it/s]

  0%|          | 0/784 [00:00<?, ?it/s]
100%|██████████| 784/784 [00:00<00:00, 10928.73it/s]

  0%|          | 0/197 [00:00<?, ?it/s]
100%|██████████| 197/197 [00:00<00:00, 11369.02it/s]

  0%|          | 0/394 [00:00<?, ?it/s]
100%|██████████| 394/394 [00:00<00:00, 14231.33it/s]

  0%|          | 0/197 [00:00<?, ?it/s]
100%|██████████| 197/197 [00:00<00:00, 17065.16it/s]

  0%|          | 0/394 [00:00<?, ?it/s]
100%|██████████| 394/394 [00:00<00:00, 14114.03it/s]

  0%|          | 0/197 [00:00<?, ?it/s]
100%|██████████| 197/197 [00:00<00:00, 17496.62it/s]

  0%|          | 0/394 [00:00<?, ?it/s]
100%|██████████| 394/394 [00:00<00:00, 15867.23it/s]

  0%|          | 0/197 [00:00<?, ?it/s]
100%|██████████| 197/197 [00:00<00:00, 12195.08it/s]

  0%|          | 0/394 [00:00<?, ?it/s]
100%|██████████| 394/394 [00:00<00:00, 14469.70it/s]

  0%|          | 0/197 [00:00<?, ?it/s]
100%|██████████| 197/197 [00:00<00:00, 12001.31it/s]

  0%|          | 0/394 [00:00<?, ?it/s]
100%|██████████| 394/394 [00:00<00:00, 11043.17it/s]

  0%|          | 0/788 [00:00<?, ?it/s]
100%|██████████| 788/788 [00:00<00:00, 9125.23it/s]

  0%|          | 0/198 [00:00<?, ?it/s]
100%|██████████| 198/198 [00:00<00:00, 14135.22it/s]

  0%|          | 0/396 [00:00<?, ?it/s]
100%|██████████| 396/396 [00:00<00:00, 13352.93it/s]

  0%|          | 0/198 [00:00<?, ?it/s]
100%|██████████| 198/198 [00:00<00:00, 14029.43it/s]

  0%|          | 0/396 [00:00<?, ?it/s]
100%|██████████| 396/396 [00:00<00:00, 17587.48it/s]

  0%|          | 0/198 [00:00<?, ?it/s]
100%|██████████| 198/198 [00:00<00:00, 11725.20it/s]

  0%|          | 0/396 [00:00<?, ?it/s]
100%|██████████| 396/396 [00:00<00:00, 16833.50it/s]

  0%|          | 0/198 [00:00<?, ?it/s]
100%|██████████| 198/198 [00:00<00:00, 15935.07it/s]

  0%|          | 0/396 [00:00<?, ?it/s]
100%|██████████| 396/396 [00:00<00:00, 15505.02it/s]

  0%|          | 0/198 [00:00<?, ?it/s]
100%|██████████| 198/198 [00:00<00:00, 12949.22it/s]

  0%|          | 0/396 [00:00<?, ?it/s]
100%|██████████| 396/396 [00:00<00:00, 12684.58it/s]

  0%|          | 0/792 [00:00<?, ?it/s]
100%|██████████| 792/792 [00:00<00:00, 11286.50it/s]

  0%|          | 0/199 [00:00<?, ?it/s]
100%|██████████| 199/199 [00:00<00:00, 13936.66it/s]

  0%|          | 0/398 [00:00<?, ?it/s]
100%|██████████| 398/398 [00:00<00:00, 13111.42it/s]

  0%|          | 0/199 [00:00<?, ?it/s]
100%|██████████| 199/199 [00:00<00:00, 15550.38it/s]

  0%|          | 0/398 [00:00<?, ?it/s]
100%|██████████| 398/398 [00:00<00:00, 18706.53it/s]

  0%|          | 0/199 [00:00<?, ?it/s]
100%|██████████| 199/199 [00:00<00:00, 17866.44it/s]

  0%|          | 0/398 [00:00<?, ?it/s]
100%|██████████| 398/398 [00:00<00:00, 13614.54it/s]

  0%|          | 0/199 [00:00<?, ?it/s]
100%|██████████| 199/199 [00:00<00:00, 15445.35it/s]

  0%|          | 0/398 [00:00<?, ?it/s]
100%|██████████| 398/398 [00:00<00:00, 11414.48it/s]

  0%|          | 0/199 [00:00<?, ?it/s]
100%|██████████| 199/199 [00:00<00:00, 12890.01it/s]

  0%|          | 0/398 [00:00<?, ?it/s]
100%|██████████| 398/398 [00:00<00:00, 12812.74it/s]

  0%|          | 0/796 [00:00<?, ?it/s]
100%|██████████| 796/796 [00:00<00:00, 9236.25it/s]

  0%|          | 0/200 [00:00<?, ?it/s]
100%|██████████| 200/200 [00:00<00:00, 17084.74it/s]

  0%|          | 0/400 [00:00<?, ?it/s]
100%|██████████| 400/400 [00:00<00:00, 17492.30it/s]

  0%|          | 0/200 [00:00<?, ?it/s]
100%|██████████| 200/200 [00:00<00:00, 12472.65it/s]

  0%|          | 0/400 [00:00<?, ?it/s]
100%|██████████| 400/400 [00:00<00:00, 16154.46it/s]

  0%|          | 0/200 [00:00<?, ?it/s]
100%|██████████| 200/200 [00:00<00:00, 15924.61it/s]

  0%|          | 0/400 [00:00<?, ?it/s]
100%|██████████| 400/400 [00:00<00:00, 16733.37it/s]

  0%|          | 0/200 [00:00<?, ?it/s]
100%|██████████| 200/200 [00:00<00:00, 15496.58it/s]

  0%|          | 0/400 [00:00<?, ?it/s]
100%|██████████| 400/400 [00:00<00:00, 15057.09it/s]

  0%|          | 0/200 [00:00<?, ?it/s]
100%|██████████| 200/200 [00:00<00:00, 14816.15it/s]

  0%|          | 0/400 [00:00<?, ?it/s]
100%|██████████| 400/400 [00:00<00:00, 11925.46it/s]

  0%|          | 0/800 [00:00<?, ?it/s]
100%|██████████| 800/800 [00:00<00:00, 10378.63it/s]

  0%|          | 0/201 [00:00<?, ?it/s]
100%|██████████| 201/201 [00:00<00:00, 12376.21it/s]

  0%|          | 0/402 [00:00<?, ?it/s]
100%|██████████| 402/402 [00:00<00:00, 12796.25it/s]

  0%|          | 0/201 [00:00<?, ?it/s]
100%|██████████| 201/201 [00:00<00:00, 10579.58it/s]

  0%|          | 0/402 [00:00<?, ?it/s]
100%|██████████| 402/402 [00:00<00:00, 13467.66it/s]

  0%|          | 0/201 [00:00<?, ?it/s]
100%|██████████| 201/201 [00:00<00:00, 12050.36it/s]

  0%|          | 0/402 [00:00<?, ?it/s]
100%|██████████| 402/402 [00:00<00:00, 13242.78it/s]

  0%|          | 0/201 [00:00<?, ?it/s]
100%|██████████| 201/201 [00:00<00:00, 10719.75it/s]

  0%|          | 0/402 [00:00<?, ?it/s]
100%|██████████| 402/402 [00:00<00:00, 14037.00it/s]

  0%|          | 0/201 [00:00<?, ?it/s]
100%|██████████| 201/201 [00:00<00:00, 9729.88it/s]

  0%|          | 0/402 [00:00<?, ?it/s]
100%|██████████| 402/402 [00:00<00:00, 11927.86it/s]

  0%|          | 0/804 [00:00<?, ?it/s]
100%|██████████| 804/804 [00:00<00:00, 11387.37it/s]

  0%|          | 0/202 [00:00<?, ?it/s]
100%|██████████| 202/202 [00:00<00:00, 15454.83it/s]

  0%|          | 0/404 [00:00<?, ?it/s]
100%|██████████| 404/404 [00:00<00:00, 11776.27it/s]

  0%|          | 0/202 [00:00<?, ?it/s]
100%|██████████| 202/202 [00:00<00:00, 10380.29it/s]

  0%|          | 0/404 [00:00<?, ?it/s]
100%|██████████| 404/404 [00:00<00:00, 12996.82it/s]

  0%|          | 0/202 [00:00<?, ?it/s]
100%|██████████| 202/202 [00:00<00:00, 14073.44it/s]

  0%|          | 0/404 [00:00<?, ?it/s]
100%|██████████| 404/404 [00:00<00:00, 14384.05it/s]

  0%|          | 0/202 [00:00<?, ?it/s]
100%|██████████| 202/202 [00:00<00:00, 11976.78it/s]

  0%|          | 0/404 [00:00<?, ?it/s]
100%|██████████| 404/404 [00:00<00:00, 12214.72it/s]

  0%|          | 0/202 [00:00<?, ?it/s]
100%|██████████| 202/202 [00:00<00:00, 10259.12it/s]

  0%|          | 0/404 [00:00<?, ?it/s]
100%|██████████| 404/404 [00:00<00:00, 12031.55it/s]

  0%|          | 0/808 [00:00<?, ?it/s]
100%|██████████| 808/808 [00:00<00:00, 10383.91it/s]

  0%|          | 0/203 [00:00<?, ?it/s]
100%|██████████| 203/203 [00:00<00:00, 17072.92it/s]

  0%|          | 0/406 [00:00<?, ?it/s]
100%|██████████| 406/406 [00:00<00:00, 16527.11it/s]

  0%|          | 0/203 [00:00<?, ?it/s]
100%|██████████| 203/203 [00:00<00:00, 13019.02it/s]

  0%|          | 0/406 [00:00<?, ?it/s]
100%|██████████| 406/406 [00:00<00:00, 17070.36it/s]

  0%|          | 0/203 [00:00<?, ?it/s]
100%|██████████| 203/203 [00:00<00:00, 14704.66it/s]

  0%|          | 0/406 [00:00<?, ?it/s]
100%|██████████| 406/406 [00:00<00:00, 13904.64it/s]

  0%|          | 0/203 [00:00<?, ?it/s]
100%|██████████| 203/203 [00:00<00:00, 15016.11it/s]

  0%|          | 0/406 [00:00<?, ?it/s]
100%|██████████| 406/406 [00:00<00:00, 12542.44it/s]

  0%|          | 0/203 [00:00<?, ?it/s]
100%|██████████| 203/203 [00:00<00:00, 11923.65it/s]

  0%|          | 0/406 [00:00<?, ?it/s]
100%|██████████| 406/406 [00:00<00:00, 11436.99it/s]

  0%|          | 0/812 [00:00<?, ?it/s]
100%|██████████| 812/812 [00:00<00:00, 12294.68it/s]

  0%|          | 0/204 [00:00<?, ?it/s]
100%|██████████| 204/204 [00:00<00:00, 17218.48it/s]

  0%|          | 0/408 [00:00<?, ?it/s]
100%|██████████| 408/408 [00:00<00:00, 18339.69it/s]

  0%|          | 0/204 [00:00<?, ?it/s]
100%|██████████| 204/204 [00:00<00:00, 18283.25it/s]

  0%|          | 0/408 [00:00<?, ?it/s]
100%|██████████| 408/408 [00:00<00:00, 19396.72it/s]

  0%|          | 0/204 [00:00<?, ?it/s]
100%|██████████| 204/204 [00:00<00:00, 12397.14it/s]

  0%|          | 0/408 [00:00<?, ?it/s]
100%|██████████| 408/408 [00:00<00:00, 15740.50it/s]

  0%|          | 0/204 [00:00<?, ?it/s]
100%|██████████| 204/204 [00:00<00:00, 10531.32it/s]

  0%|          | 0/408 [00:00<?, ?it/s]
100%|██████████| 408/408 [00:00<00:00, 11072.71it/s]

  0%|          | 0/204 [00:00<?, ?it/s]
100%|██████████| 204/204 [00:00<00:00, 13454.27it/s]

  0%|          | 0/408 [00:00<?, ?it/s]
100%|██████████| 408/408 [00:00<00:00, 11303.68it/s]

  0%|          | 0/816 [00:00<?, ?it/s]
100%|██████████| 816/816 [00:00<00:00, 10271.52it/s]

  0%|          | 0/205 [00:00<?, ?it/s]
100%|██████████| 205/205 [00:00<00:00, 15566.80it/s]

  0%|          | 0/410 [00:00<?, ?it/s]
100%|██████████| 410/410 [00:00<00:00, 14359.50it/s]

  0%|          | 0/205 [00:00<?, ?it/s]
100%|██████████| 205/205 [00:00<00:00, 17764.40it/s]

  0%|          | 0/410 [00:00<?, ?it/s]
100%|██████████| 410/410 [00:00<00:00, 13968.29it/s]

  0%|          | 0/205 [00:00<?, ?it/s]
100%|██████████| 205/205 [00:00<00:00, 15771.53it/s]

  0%|          | 0/410 [00:00<?, ?it/s]
100%|██████████| 410/410 [00:00<00:00, 12047.70it/s]

  0%|          | 0/205 [00:00<?, ?it/s]
100%|██████████| 205/205 [00:00<00:00, 10241.34it/s]

  0%|          | 0/410 [00:00<?, ?it/s]
100%|██████████| 410/410 [00:00<00:00, 12693.50it/s]

  0%|          | 0/205 [00:00<?, ?it/s]
100%|██████████| 205/205 [00:00<00:00, 13835.24it/s]

  0%|          | 0/410 [00:00<?, ?it/s]
100%|██████████| 410/410 [00:00<00:00, 8832.74it/s]

  0%|          | 0/820 [00:00<?, ?it/s]
100%|██████████| 820/820 [00:00<00:00, 9930.79it/s]

  0%|          | 0/206 [00:00<?, ?it/s]
100%|██████████| 206/206 [00:00<00:00, 15815.68it/s]

  0%|          | 0/412 [00:00<?, ?it/s]
100%|██████████| 412/412 [00:00<00:00, 15474.36it/s]

  0%|          | 0/206 [00:00<?, ?it/s]
100%|██████████| 206/206 [00:00<00:00, 10538.45it/s]

  0%|          | 0/412 [00:00<?, ?it/s]
100%|██████████| 412/412 [00:00<00:00, 14539.66it/s]

  0%|          | 0/206 [00:00<?, ?it/s]
100%|██████████| 206/206 [00:00<00:00, 12246.66it/s]

  0%|          | 0/412 [00:00<?, ?it/s]
100%|██████████| 412/412 [00:00<00:00, 14438.71it/s]

  0%|          | 0/206 [00:00<?, ?it/s]
100%|██████████| 206/206 [00:00<00:00, 13230.43it/s]

  0%|          | 0/412 [00:00<?, ?it/s]
100%|██████████| 412/412 [00:00<00:00, 13897.69it/s]

  0%|          | 0/206 [00:00<?, ?it/s]
100%|██████████| 206/206 [00:00<00:00, 11175.26it/s]

  0%|          | 0/412 [00:00<?, ?it/s]
100%|██████████| 412/412 [00:00<00:00, 10774.81it/s]

  0%|          | 0/824 [00:00<?, ?it/s]
 60%|█████▉    | 492/824 [00:02<00:02, 165.14it/s]
100%|██████████| 824/824 [00:03<00:00, 273.77it/s]

  0%|          | 0/207 [00:00<?, ?it/s]
100%|██████████| 207/207 [00:00<00:00, 15215.40it/s]

  0%|          | 0/414 [00:00<?, ?it/s]
100%|██████████| 414/414 [00:00<00:00, 11640.38it/s]

  0%|          | 0/207 [00:00<?, ?it/s]
100%|██████████| 207/207 [00:00<00:00, 12327.78it/s]

  0%|          | 0/414 [00:00<?, ?it/s]
100%|██████████| 414/414 [00:00<00:00, 13110.66it/s]

  0%|          | 0/207 [00:00<?, ?it/s]
100%|██████████| 207/207 [00:00<00:00, 11925.46it/s]

  0%|          | 0/414 [00:00<?, ?it/s]
100%|██████████| 414/414 [00:00<00:00, 16586.04it/s]

  0%|          | 0/207 [00:00<?, ?it/s]
100%|██████████| 207/207 [00:00<00:00, 10466.42it/s]

  0%|          | 0/414 [00:00<?, ?it/s]
100%|██████████| 414/414 [00:00<00:00, 15942.65it/s]

  0%|          | 0/207 [00:00<?, ?it/s]
100%|██████████| 207/207 [00:00<00:00, 9746.09it/s]

  0%|          | 0/414 [00:00<?, ?it/s]
100%|██████████| 414/414 [00:00<00:00, 8647.10it/s]

  0%|          | 0/828 [00:00<?, ?it/s]
100%|██████████| 828/828 [00:00<00:00, 8442.96it/s]

  0%|          | 0/208 [00:00<?, ?it/s]
100%|██████████| 208/208 [00:00<00:00, 17706.82it/s]

  0%|          | 0/416 [00:00<?, ?it/s]
100%|██████████| 416/416 [00:00<00:00, 14733.26it/s]

  0%|          | 0/208 [00:00<?, ?it/s]
100%|██████████| 208/208 [00:00<00:00, 16841.34it/s]

  0%|          | 0/416 [00:00<?, ?it/s]
100%|██████████| 416/416 [00:00<00:00, 14290.18it/s]

  0%|          | 0/208 [00:00<?, ?it/s]
100%|██████████| 208/208 [00:00<00:00, 18029.21it/s]

  0%|          | 0/416 [00:00<?, ?it/s]
100%|██████████| 416/416 [00:00<00:00, 14838.89it/s]

  0%|          | 0/208 [00:00<?, ?it/s]
100%|██████████| 208/208 [00:00<00:00, 14691.58it/s]

  0%|          | 0/416 [00:00<?, ?it/s]
100%|██████████| 416/416 [00:00<00:00, 12104.69it/s]

  0%|          | 0/208 [00:00<?, ?it/s]
100%|██████████| 208/208 [00:00<00:00, 11373.20it/s]

  0%|          | 0/416 [00:00<?, ?it/s]
100%|██████████| 416/416 [00:00<00:00, 13330.92it/s]

  0%|          | 0/832 [00:00<?, ?it/s]
100%|██████████| 832/832 [00:00<00:00, 10959.41it/s]

  0%|          | 0/209 [00:00<?, ?it/s]
100%|██████████| 209/209 [00:00<00:00, 15898.18it/s]

  0%|          | 0/418 [00:00<?, ?it/s]
100%|██████████| 418/418 [00:00<00:00, 13131.65it/s]

  0%|          | 0/209 [00:00<?, ?it/s]
100%|██████████| 209/209 [00:00<00:00, 14687.02it/s]

  0%|          | 0/418 [00:00<?, ?it/s]
100%|██████████| 418/418 [00:00<00:00, 13342.92it/s]

  0%|          | 0/209 [00:00<?, ?it/s]
100%|██████████| 209/209 [00:00<00:00, 11150.10it/s]

  0%|          | 0/418 [00:00<?, ?it/s]
100%|██████████| 418/418 [00:00<00:00, 13206.03it/s]

  0%|          | 0/209 [00:00<?, ?it/s]
100%|██████████| 209/209 [00:00<00:00, 9035.54it/s]

  0%|          | 0/418 [00:00<?, ?it/s]
100%|██████████| 418/418 [00:00<00:00, 13218.27it/s]

  0%|          | 0/209 [00:00<?, ?it/s]
100%|██████████| 209/209 [00:00<00:00, 9681.80it/s]

  0%|          | 0/418 [00:00<?, ?it/s]
100%|██████████| 418/418 [00:00<00:00, 12089.75it/s]

  0%|          | 0/836 [00:00<?, ?it/s]
100%|██████████| 836/836 [00:00<00:00, 11399.12it/s]

  0%|          | 0/210 [00:00<?, ?it/s]
100%|██████████| 210/210 [00:00<00:00, 17120.27it/s]

  0%|          | 0/420 [00:00<?, ?it/s]
100%|██████████| 420/420 [00:00<00:00, 10645.63it/s]

  0%|          | 0/210 [00:00<?, ?it/s]
100%|██████████| 210/210 [00:00<00:00, 15102.95it/s]

  0%|          | 0/420 [00:00<?, ?it/s]
100%|██████████| 420/420 [00:00<00:00, 14198.50it/s]

  0%|          | 0/210 [00:00<?, ?it/s]
100%|██████████| 210/210 [00:00<00:00, 13844.55it/s]

  0%|          | 0/420 [00:00<?, ?it/s]
100%|██████████| 420/420 [00:00<00:00, 12048.81it/s]

  0%|          | 0/210 [00:00<?, ?it/s]
100%|██████████| 210/210 [00:00<00:00, 15157.00it/s]

  0%|          | 0/420 [00:00<?, ?it/s]
100%|██████████| 420/420 [00:00<00:00, 13703.78it/s]

  0%|          | 0/210 [00:00<?, ?it/s]
100%|██████████| 210/210 [00:00<00:00, 12794.57it/s]

  0%|          | 0/420 [00:00<?, ?it/s]
100%|██████████| 420/420 [00:00<00:00, 11709.16it/s]

  0%|          | 0/840 [00:00<?, ?it/s]
100%|██████████| 840/840 [00:00<00:00, 10464.92it/s]

  0%|          | 0/211 [00:00<?, ?it/s]
100%|██████████| 211/211 [00:00<00:00, 14941.22it/s]

  0%|          | 0/422 [00:00<?, ?it/s]
100%|██████████| 422/422 [00:00<00:00, 15965.04it/s]

  0%|          | 0/211 [00:00<?, ?it/s]
100%|██████████| 211/211 [00:00<00:00, 13681.45it/s]

  0%|          | 0/422 [00:00<?, ?it/s]
100%|██████████| 422/422 [00:00<00:00, 14783.85it/s]

  0%|          | 0/211 [00:00<?, ?it/s]
100%|██████████| 211/211 [00:00<00:00, 15647.62it/s]

  0%|          | 0/422 [00:00<?, ?it/s]
100%|██████████| 422/422 [00:00<00:00, 14749.23it/s]

  0%|          | 0/211 [00:00<?, ?it/s]
100%|██████████| 211/211 [00:00<00:00, 16457.43it/s]

  0%|          | 0/422 [00:00<?, ?it/s]
100%|██████████| 422/422 [00:00<00:00, 14713.80it/s]

  0%|          | 0/211 [00:00<?, ?it/s]
100%|██████████| 211/211 [00:00<00:00, 12442.33it/s]

  0%|          | 0/422 [00:00<?, ?it/s]
100%|██████████| 422/422 [00:00<00:00, 10023.88it/s]

  0%|          | 0/844 [00:00<?, ?it/s]
100%|██████████| 844/844 [00:00<00:00, 10467.96it/s]

  0%|          | 0/212 [00:00<?, ?it/s]
100%|██████████| 212/212 [00:00<00:00, 15477.68it/s]

  0%|          | 0/424 [00:00<?, ?it/s]
100%|██████████| 424/424 [00:00<00:00, 12509.57it/s]

  0%|          | 0/212 [00:00<?, ?it/s]
100%|██████████| 212/212 [00:00<00:00, 11254.46it/s]

  0%|          | 0/424 [00:00<?, ?it/s]
100%|██████████| 424/424 [00:00<00:00, 13506.17it/s]

  0%|          | 0/212 [00:00<?, ?it/s]
100%|██████████| 212/212 [00:00<00:00, 15107.68it/s]

  0%|          | 0/424 [00:00<?, ?it/s]
100%|██████████| 424/424 [00:00<00:00, 12270.73it/s]

  0%|          | 0/212 [00:00<?, ?it/s]
100%|██████████| 212/212 [00:00<00:00, 13589.15it/s]

  0%|          | 0/424 [00:00<?, ?it/s]
100%|██████████| 424/424 [00:00<00:00, 11102.48it/s]

  0%|          | 0/212 [00:00<?, ?it/s]
100%|██████████| 212/212 [00:00<00:00, 11817.61it/s]

  0%|          | 0/424 [00:00<?, ?it/s]
100%|██████████| 424/424 [00:00<00:00, 11829.79it/s]

  0%|          | 0/848 [00:00<?, ?it/s]
100%|██████████| 848/848 [00:00<00:00, 10673.33it/s]

  0%|          | 0/213 [00:00<?, ?it/s]
100%|██████████| 213/213 [00:00<00:00, 13506.69it/s]

  0%|          | 0/426 [00:00<?, ?it/s]
100%|██████████| 426/426 [00:00<00:00, 14938.58it/s]

  0%|          | 0/213 [00:00<?, ?it/s]
100%|██████████| 213/213 [00:00<00:00, 13007.58it/s]

  0%|          | 0/426 [00:00<?, ?it/s]
100%|██████████| 426/426 [00:00<00:00, 14793.01it/s]

  0%|          | 0/213 [00:00<?, ?it/s]
100%|██████████| 213/213 [00:00<00:00, 14200.80it/s]

  0%|          | 0/426 [00:00<?, ?it/s]
100%|██████████| 426/426 [00:00<00:00, 14697.85it/s]

  0%|          | 0/213 [00:00<?, ?it/s]
100%|██████████| 213/213 [00:00<00:00, 11594.29it/s]

  0%|          | 0/426 [00:00<?, ?it/s]
100%|██████████| 426/426 [00:00<00:00, 13402.64it/s]

  0%|          | 0/213 [00:00<?, ?it/s]
100%|██████████| 213/213 [00:00<00:00, 11005.96it/s]

  0%|          | 0/426 [00:00<?, ?it/s]
100%|██████████| 426/426 [00:00<00:00, 9852.14it/s]

  0%|          | 0/852 [00:00<?, ?it/s]
100%|██████████| 852/852 [00:00<00:00, 10878.44it/s]

  0%|          | 0/214 [00:00<?, ?it/s]
100%|██████████| 214/214 [00:00<00:00, 15021.02it/s]

  0%|          | 0/428 [00:00<?, ?it/s]
100%|██████████| 428/428 [00:00<00:00, 15419.04it/s]

  0%|          | 0/214 [00:00<?, ?it/s]
100%|██████████| 214/214 [00:00<00:00, 15682.11it/s]

  0%|          | 0/428 [00:00<?, ?it/s]
100%|██████████| 428/428 [00:00<00:00, 16629.42it/s]

  0%|          | 0/214 [00:00<?, ?it/s]
100%|██████████| 214/214 [00:00<00:00, 15525.86it/s]

  0%|          | 0/428 [00:00<?, ?it/s]
100%|██████████| 428/428 [00:00<00:00, 16483.90it/s]

  0%|          | 0/214 [00:00<?, ?it/s]
100%|██████████| 214/214 [00:00<00:00, 14627.64it/s]

  0%|          | 0/428 [00:00<?, ?it/s]
100%|██████████| 428/428 [00:00<00:00, 14022.84it/s]

  0%|          | 0/214 [00:00<?, ?it/s]
100%|██████████| 214/214 [00:00<00:00, 11167.42it/s]

  0%|          | 0/428 [00:00<?, ?it/s]
100%|██████████| 428/428 [00:00<00:00, 9765.29it/s]

  0%|          | 0/856 [00:00<?, ?it/s]
100%|██████████| 856/856 [00:00<00:00, 9242.93it/s]

  0%|          | 0/215 [00:00<?, ?it/s]
100%|██████████| 215/215 [00:00<00:00, 14084.52it/s]

  0%|          | 0/430 [00:00<?, ?it/s]
100%|██████████| 430/430 [00:00<00:00, 16620.44it/s]

  0%|          | 0/215 [00:00<?, ?it/s]
100%|██████████| 215/215 [00:00<00:00, 11166.39it/s]

  0%|          | 0/430 [00:00<?, ?it/s]
100%|██████████| 430/430 [00:00<00:00, 11585.58it/s]

  0%|          | 0/215 [00:00<?, ?it/s]
100%|██████████| 215/215 [00:00<00:00, 12821.15it/s]

  0%|          | 0/430 [00:00<?, ?it/s]
100%|██████████| 430/430 [00:00<00:00, 14616.31it/s]

  0%|          | 0/215 [00:00<?, ?it/s]
100%|██████████| 215/215 [00:00<00:00, 11828.27it/s]

  0%|          | 0/430 [00:00<?, ?it/s]
100%|██████████| 430/430 [00:00<00:00, 13423.87it/s]

  0%|          | 0/215 [00:00<?, ?it/s]
100%|██████████| 215/215 [00:00<00:00, 11404.20it/s]

  0%|          | 0/430 [00:00<?, ?it/s]
100%|██████████| 430/430 [00:00<00:00, 12237.50it/s]

  0%|          | 0/860 [00:00<?, ?it/s]
100%|██████████| 860/860 [00:00<00:00, 10329.32it/s]

  0%|          | 0/216 [00:00<?, ?it/s]
100%|██████████| 216/216 [00:00<00:00, 14467.51it/s]

  0%|          | 0/432 [00:00<?, ?it/s]
100%|██████████| 432/432 [00:00<00:00, 14174.82it/s]

  0%|          | 0/216 [00:00<?, ?it/s]
100%|██████████| 216/216 [00:00<00:00, 16254.66it/s]

  0%|          | 0/432 [00:00<?, ?it/s]
100%|██████████| 432/432 [00:00<00:00, 13779.43it/s]

  0%|          | 0/216 [00:00<?, ?it/s]
100%|██████████| 216/216 [00:00<00:00, 10516.68it/s]

  0%|          | 0/432 [00:00<?, ?it/s]
100%|██████████| 432/432 [00:00<00:00, 13237.04it/s]

  0%|          | 0/216 [00:00<?, ?it/s]
100%|██████████| 216/216 [00:00<00:00, 11745.86it/s]

  0%|          | 0/432 [00:00<?, ?it/s]
100%|██████████| 432/432 [00:00<00:00, 12628.96it/s]

  0%|          | 0/216 [00:00<?, ?it/s]
100%|██████████| 216/216 [00:00<00:00, 9604.56it/s]

  0%|          | 0/432 [00:00<?, ?it/s]
100%|██████████| 432/432 [00:00<00:00, 10633.57it/s]

  0%|          | 0/864 [00:00<?, ?it/s]
100%|██████████| 864/864 [00:00<00:00, 9823.31it/s]

  0%|          | 0/217 [00:00<?, ?it/s]
100%|██████████| 217/217 [00:00<00:00, 17262.15it/s]

  0%|          | 0/434 [00:00<?, ?it/s]
100%|██████████| 434/434 [00:00<00:00, 13948.12it/s]

  0%|          | 0/217 [00:00<?, ?it/s]
100%|██████████| 217/217 [00:00<00:00, 15433.57it/s]

  0%|          | 0/434 [00:00<?, ?it/s]
100%|██████████| 434/434 [00:00<00:00, 16850.36it/s]

  0%|          | 0/217 [00:00<?, ?it/s]
100%|██████████| 217/217 [00:00<00:00, 16257.86it/s]

  0%|          | 0/434 [00:00<?, ?it/s]
100%|██████████| 434/434 [00:00<00:00, 11032.02it/s]

  0%|          | 0/217 [00:00<?, ?it/s]
100%|██████████| 217/217 [00:00<00:00, 13458.79it/s]

  0%|          | 0/434 [00:00<?, ?it/s]
100%|██████████| 434/434 [00:00<00:00, 13002.81it/s]

  0%|          | 0/217 [00:00<?, ?it/s]
100%|██████████| 217/217 [00:00<00:00, 11894.61it/s]

  0%|          | 0/434 [00:00<?, ?it/s]
100%|██████████| 434/434 [00:00<00:00, 11192.44it/s]

  0%|          | 0/868 [00:00<?, ?it/s]
100%|██████████| 868/868 [00:00<00:00, 11189.45it/s]

  0%|          | 0/218 [00:00<?, ?it/s]
100%|██████████| 218/218 [00:00<00:00, 16249.48it/s]

  0%|          | 0/436 [00:00<?, ?it/s]
100%|██████████| 436/436 [00:00<00:00, 13092.19it/s]

  0%|          | 0/218 [00:00<?, ?it/s]
100%|██████████| 218/218 [00:00<00:00, 12626.82it/s]

  0%|          | 0/436 [00:00<?, ?it/s]
100%|██████████| 436/436 [00:00<00:00, 16308.75it/s]

  0%|          | 0/218 [00:00<?, ?it/s]
100%|██████████| 218/218 [00:00<00:00, 13965.85it/s]

  0%|          | 0/436 [00:00<?, ?it/s]
100%|██████████| 436/436 [00:00<00:00, 14752.12it/s]

  0%|          | 0/218 [00:00<?, ?it/s]
100%|██████████| 218/218 [00:00<00:00, 14096.33it/s]

  0%|          | 0/436 [00:00<?, ?it/s]
100%|██████████| 436/436 [00:00<00:00, 14884.80it/s]

  0%|          | 0/218 [00:00<?, ?it/s]
100%|██████████| 218/218 [00:00<00:00, 10031.25it/s]

  0%|          | 0/436 [00:00<?, ?it/s]
100%|██████████| 436/436 [00:00<00:00, 8487.97it/s]

  0%|          | 0/872 [00:00<?, ?it/s]
100%|██████████| 872/872 [00:00<00:00, 10096.55it/s]

  0%|          | 0/219 [00:00<?, ?it/s]
100%|██████████| 219/219 [00:00<00:00, 15214.63it/s]

  0%|          | 0/438 [00:00<?, ?it/s]
100%|██████████| 438/438 [00:00<00:00, 12439.52it/s]

  0%|          | 0/219 [00:00<?, ?it/s]
100%|██████████| 219/219 [00:00<00:00, 14789.84it/s]

  0%|          | 0/438 [00:00<?, ?it/s]
100%|██████████| 438/438 [00:00<00:00, 12196.55it/s]

  0%|          | 0/219 [00:00<?, ?it/s]
100%|██████████| 219/219 [00:00<00:00, 10341.96it/s]

  0%|          | 0/438 [00:00<?, ?it/s]
100%|██████████| 438/438 [00:00<00:00, 14968.79it/s]

  0%|          | 0/219 [00:00<?, ?it/s]
100%|██████████| 219/219 [00:00<00:00, 12629.97it/s]

  0%|          | 0/438 [00:00<?, ?it/s]
100%|██████████| 438/438 [00:00<00:00, 11980.13it/s]

  0%|          | 0/219 [00:00<?, ?it/s]
100%|██████████| 219/219 [00:00<00:00, 10189.04it/s]

  0%|          | 0/438 [00:00<?, ?it/s]
100%|██████████| 438/438 [00:00<00:00, 9138.42it/s]

  0%|          | 0/876 [00:00<?, ?it/s]
100%|██████████| 876/876 [00:00<00:00, 9170.81it/s]

  0%|          | 0/220 [00:00<?, ?it/s]
100%|██████████| 220/220 [00:00<00:00, 12398.68it/s]

  0%|          | 0/440 [00:00<?, ?it/s]
100%|██████████| 440/440 [00:00<00:00, 14697.99it/s]

  0%|          | 0/220 [00:00<?, ?it/s]
100%|██████████| 220/220 [00:00<00:00, 12901.40it/s]

  0%|          | 0/440 [00:00<?, ?it/s]
100%|██████████| 440/440 [00:00<00:00, 14808.61it/s]

  0%|          | 0/220 [00:00<?, ?it/s]
100%|██████████| 220/220 [00:00<00:00, 11729.63it/s]

  0%|          | 0/440 [00:00<?, ?it/s]
100%|██████████| 440/440 [00:00<00:00, 14610.02it/s]

  0%|          | 0/220 [00:00<?, ?it/s]
100%|██████████| 220/220 [00:00<00:00, 14827.05it/s]

  0%|          | 0/440 [00:00<?, ?it/s]
100%|██████████| 440/440 [00:00<00:00, 13318.81it/s]

  0%|          | 0/220 [00:00<?, ?it/s]
100%|██████████| 220/220 [00:00<00:00, 13721.14it/s]

  0%|          | 0/440 [00:00<?, ?it/s]
100%|██████████| 440/440 [00:00<00:00, 12405.26it/s]

  0%|          | 0/880 [00:00<?, ?it/s]
100%|██████████| 880/880 [00:00<00:00, 11690.96it/s]

  0%|          | 0/221 [00:00<?, ?it/s]
100%|██████████| 221/221 [00:00<00:00, 12850.27it/s]

  0%|          | 0/442 [00:00<?, ?it/s]
100%|██████████| 442/442 [00:00<00:00, 15953.83it/s]

  0%|          | 0/221 [00:00<?, ?it/s]
100%|██████████| 221/221 [00:00<00:00, 13943.79it/s]

  0%|          | 0/442 [00:00<?, ?it/s]
100%|██████████| 442/442 [00:00<00:00, 12630.43it/s]

  0%|          | 0/221 [00:00<?, ?it/s]
100%|██████████| 221/221 [00:00<00:00, 15647.75it/s]

  0%|          | 0/442 [00:00<?, ?it/s]
100%|██████████| 442/442 [00:00<00:00, 13338.63it/s]

  0%|          | 0/221 [00:00<?, ?it/s]
100%|██████████| 221/221 [00:00<00:00, 11903.40it/s]

  0%|          | 0/442 [00:00<?, ?it/s]
100%|██████████| 442/442 [00:00<00:00, 11833.95it/s]

  0%|          | 0/221 [00:00<?, ?it/s]
100%|██████████| 221/221 [00:00<00:00, 9790.77it/s]

  0%|          | 0/442 [00:00<?, ?it/s]
100%|██████████| 442/442 [00:00<00:00, 9384.89it/s]

  0%|          | 0/884 [00:00<?, ?it/s]
100%|██████████| 884/884 [00:00<00:00, 10032.10it/s]

  0%|          | 0/222 [00:00<?, ?it/s]
100%|██████████| 222/222 [00:00<00:00, 11645.89it/s]

  0%|          | 0/444 [00:00<?, ?it/s]
100%|██████████| 444/444 [00:00<00:00, 13219.03it/s]

  0%|          | 0/222 [00:00<?, ?it/s]
100%|██████████| 222/222 [00:00<00:00, 16112.68it/s]

  0%|          | 0/444 [00:00<?, ?it/s]
100%|██████████| 444/444 [00:00<00:00, 13378.77it/s]

  0%|          | 0/222 [00:00<?, ?it/s]
100%|██████████| 222/222 [00:00<00:00, 15235.79it/s]

  0%|          | 0/444 [00:00<?, ?it/s]
100%|██████████| 444/444 [00:00<00:00, 12505.35it/s]

  0%|          | 0/222 [00:00<?, ?it/s]
100%|██████████| 222/222 [00:00<00:00, 11178.90it/s]

  0%|          | 0/444 [00:00<?, ?it/s]
100%|██████████| 444/444 [00:00<00:00, 12205.21it/s]

  0%|          | 0/222 [00:00<?, ?it/s]
100%|██████████| 222/222 [00:00<00:00, 8800.99it/s]

  0%|          | 0/444 [00:00<?, ?it/s]
100%|██████████| 444/444 [00:00<00:00, 11055.01it/s]

  0%|          | 0/888 [00:00<?, ?it/s]
100%|██████████| 888/888 [00:00<00:00, 9067.33it/s]

  0%|          | 0/223 [00:00<?, ?it/s]
100%|██████████| 223/223 [00:00<00:00, 13280.28it/s]

  0%|          | 0/446 [00:00<?, ?it/s]
100%|██████████| 446/446 [00:00<00:00, 13245.48it/s]

  0%|          | 0/223 [00:00<?, ?it/s]
100%|██████████| 223/223 [00:00<00:00, 12367.67it/s]

  0%|          | 0/446 [00:00<?, ?it/s]
100%|██████████| 446/446 [00:00<00:00, 11969.85it/s]

  0%|          | 0/223 [00:00<?, ?it/s]
100%|██████████| 223/223 [00:00<00:00, 11814.49it/s]

  0%|          | 0/446 [00:00<?, ?it/s]
100%|██████████| 446/446 [00:00<00:00, 12287.00it/s]

  0%|          | 0/223 [00:00<?, ?it/s]
100%|██████████| 223/223 [00:00<00:00, 10538.45it/s]

  0%|          | 0/446 [00:00<?, ?it/s]
100%|██████████| 446/446 [00:00<00:00, 10818.94it/s]

  0%|          | 0/223 [00:00<?, ?it/s]
100%|██████████| 223/223 [00:00<00:00, 11460.27it/s]

  0%|          | 0/446 [00:00<?, ?it/s]
100%|██████████| 446/446 [00:00<00:00, 11634.25it/s]

  0%|          | 0/892 [00:00<?, ?it/s]
100%|██████████| 892/892 [00:00<00:00, 11473.80it/s]

  0%|          | 0/224 [00:00<?, ?it/s]
100%|██████████| 224/224 [00:00<00:00, 16035.84it/s]

  0%|          | 0/448 [00:00<?, ?it/s]
100%|██████████| 448/448 [00:00<00:00, 15727.67it/s]

  0%|          | 0/224 [00:00<?, ?it/s]
100%|██████████| 224/224 [00:00<00:00, 10494.54it/s]

  0%|          | 0/448 [00:00<?, ?it/s]
100%|██████████| 448/448 [00:00<00:00, 14803.23it/s]

  0%|          | 0/224 [00:00<?, ?it/s]
100%|██████████| 224/224 [00:00<00:00, 12507.98it/s]

  0%|          | 0/448 [00:00<?, ?it/s]
100%|██████████| 448/448 [00:00<00:00, 9920.06it/s]

  0%|          | 0/224 [00:00<?, ?it/s]
100%|██████████| 224/224 [00:00<00:00, 13654.68it/s]

  0%|          | 0/448 [00:00<?, ?it/s]
100%|██████████| 448/448 [00:00<00:00, 11894.59it/s]

  0%|          | 0/224 [00:00<?, ?it/s]
100%|██████████| 224/224 [00:00<00:00, 12956.63it/s]

  0%|          | 0/448 [00:00<?, ?it/s]
100%|██████████| 448/448 [00:00<00:00, 10695.07it/s]

  0%|          | 0/896 [00:00<?, ?it/s]
100%|██████████| 896/896 [00:00<00:00, 9244.53it/s]

  0%|          | 0/225 [00:00<?, ?it/s]
100%|██████████| 225/225 [00:00<00:00, 13895.99it/s]

  0%|          | 0/450 [00:00<?, ?it/s]
100%|██████████| 450/450 [00:00<00:00, 14273.57it/s]

  0%|          | 0/225 [00:00<?, ?it/s]
100%|██████████| 225/225 [00:00<00:00, 12442.23it/s]

  0%|          | 0/450 [00:00<?, ?it/s]
100%|██████████| 450/450 [00:00<00:00, 15109.04it/s]

  0%|          | 0/225 [00:00<?, ?it/s]
100%|██████████| 225/225 [00:00<00:00, 12322.66it/s]

  0%|          | 0/450 [00:00<?, ?it/s]
100%|██████████| 450/450 [00:00<00:00, 13822.01it/s]

  0%|          | 0/225 [00:00<?, ?it/s]
100%|██████████| 225/225 [00:00<00:00, 11269.36it/s]

  0%|          | 0/450 [00:00<?, ?it/s]
100%|██████████| 450/450 [00:00<00:00, 10460.07it/s]

  0%|          | 0/225 [00:00<?, ?it/s]
100%|██████████| 225/225 [00:00<00:00, 7832.66it/s]

  0%|          | 0/450 [00:00<?, ?it/s]
100%|██████████| 450/450 [00:00<00:00, 10369.62it/s]

  0%|          | 0/900 [00:00<?, ?it/s]
100%|██████████| 900/900 [00:00<00:00, 9028.31it/s]

  0%|          | 0/226 [00:00<?, ?it/s]
100%|██████████| 226/226 [00:00<00:00, 11025.32it/s]

  0%|          | 0/452 [00:00<?, ?it/s]
100%|██████████| 452/452 [00:00<00:00, 14097.35it/s]

  0%|          | 0/226 [00:00<?, ?it/s]
100%|██████████| 226/226 [00:00<00:00, 14633.93it/s]

  0%|          | 0/452 [00:00<?, ?it/s]
100%|██████████| 452/452 [00:00<00:00, 13079.71it/s]

  0%|          | 0/226 [00:00<?, ?it/s]
100%|██████████| 226/226 [00:00<00:00, 15030.25it/s]

  0%|          | 0/452 [00:00<?, ?it/s]
100%|██████████| 452/452 [00:00<00:00, 11195.11it/s]

  0%|          | 0/226 [00:00<?, ?it/s]
100%|██████████| 226/226 [00:00<00:00, 11428.21it/s]

  0%|          | 0/452 [00:00<?, ?it/s]
100%|██████████| 452/452 [00:00<00:00, 10799.84it/s]

  0%|          | 0/226 [00:00<?, ?it/s]
100%|██████████| 226/226 [00:00<00:00, 9123.23it/s]

  0%|          | 0/452 [00:00<?, ?it/s]
100%|██████████| 452/452 [00:00<00:00, 8636.62it/s]

  0%|          | 0/904 [00:00<?, ?it/s]
 95%|█████████▌| 861/904 [00:00<00:00, 8603.44it/s]
100%|██████████| 904/904 [00:00<00:00, 8639.50it/s]

  0%|          | 0/227 [00:00<?, ?it/s]
100%|██████████| 227/227 [00:00<00:00, 12620.22it/s]

  0%|          | 0/454 [00:00<?, ?it/s]
100%|██████████| 454/454 [00:00<00:00, 11431.23it/s]

  0%|          | 0/227 [00:00<?, ?it/s]
100%|██████████| 227/227 [00:00<00:00, 10666.67it/s]

  0%|          | 0/454 [00:00<?, ?it/s]
100%|██████████| 454/454 [00:00<00:00, 13601.43it/s]

  0%|          | 0/227 [00:00<?, ?it/s]
100%|██████████| 227/227 [00:00<00:00, 16277.84it/s]

  0%|          | 0/454 [00:00<?, ?it/s]
100%|██████████| 454/454 [00:00<00:00, 12479.61it/s]

  0%|          | 0/227 [00:00<?, ?it/s]
100%|██████████| 227/227 [00:00<00:00, 13936.60it/s]

  0%|          | 0/454 [00:00<?, ?it/s]
100%|██████████| 454/454 [00:00<00:00, 11281.36it/s]

  0%|          | 0/227 [00:00<?, ?it/s]
100%|██████████| 227/227 [00:00<00:00, 8989.94it/s]

  0%|          | 0/454 [00:00<?, ?it/s]
100%|██████████| 454/454 [00:00<00:00, 11071.59it/s]

  0%|          | 0/908 [00:00<?, ?it/s]
100%|██████████| 908/908 [00:00<00:00, 9077.76it/s]

  0%|          | 0/228 [00:00<?, ?it/s]
100%|██████████| 228/228 [00:00<00:00, 11696.44it/s]

  0%|          | 0/456 [00:00<?, ?it/s]
100%|██████████| 456/456 [00:00<00:00, 12745.33it/s]

  0%|          | 0/228 [00:00<?, ?it/s]
100%|██████████| 228/228 [00:00<00:00, 10077.26it/s]

  0%|          | 0/456 [00:00<?, ?it/s]
100%|██████████| 456/456 [00:00<00:00, 14008.15it/s]

  0%|          | 0/228 [00:00<?, ?it/s]
100%|██████████| 228/228 [00:00<00:00, 14452.84it/s]

  0%|          | 0/456 [00:00<?, ?it/s]
100%|██████████| 456/456 [00:00<00:00, 10895.85it/s]

  0%|          | 0/228 [00:00<?, ?it/s]
100%|██████████| 228/228 [00:00<00:00, 11084.98it/s]

  0%|          | 0/456 [00:00<?, ?it/s]
100%|██████████| 456/456 [00:00<00:00, 11031.47it/s]

  0%|          | 0/228 [00:00<?, ?it/s]
100%|██████████| 228/228 [00:00<00:00, 10003.88it/s]

  0%|          | 0/456 [00:00<?, ?it/s]
100%|██████████| 456/456 [00:00<00:00, 9226.17it/s]

  0%|          | 0/912 [00:00<?, ?it/s]
100%|██████████| 912/912 [00:00<00:00, 9440.10it/s]

  0%|          | 0/229 [00:00<?, ?it/s]
100%|██████████| 229/229 [00:00<00:00, 11609.72it/s]

  0%|          | 0/458 [00:00<?, ?it/s]
100%|██████████| 458/458 [00:00<00:00, 15655.75it/s]

  0%|          | 0/229 [00:00<?, ?it/s]
100%|██████████| 229/229 [00:00<00:00, 14777.77it/s]

  0%|          | 0/458 [00:00<?, ?it/s]
100%|██████████| 458/458 [00:00<00:00, 12957.69it/s]

  0%|          | 0/229 [00:00<?, ?it/s]
100%|██████████| 229/229 [00:00<00:00, 13968.20it/s]

  0%|          | 0/458 [00:00<?, ?it/s]
100%|██████████| 458/458 [00:00<00:00, 11425.49it/s]

  0%|          | 0/229 [00:00<?, ?it/s]
100%|██████████| 229/229 [00:00<00:00, 9373.98it/s]

  0%|          | 0/458 [00:00<?, ?it/s]
100%|██████████| 458/458 [00:00<00:00, 10956.99it/s]

  0%|          | 0/229 [00:00<?, ?it/s]
100%|██████████| 229/229 [00:00<00:00, 12234.83it/s]

  0%|          | 0/458 [00:00<?, ?it/s]
100%|██████████| 458/458 [00:00<00:00, 10302.15it/s]

  0%|          | 0/916 [00:00<?, ?it/s]
100%|██████████| 916/916 [00:00<00:00, 9354.69it/s]

  0%|          | 0/230 [00:00<?, ?it/s]
100%|██████████| 230/230 [00:00<00:00, 16220.36it/s]

  0%|          | 0/460 [00:00<?, ?it/s]
100%|██████████| 460/460 [00:00<00:00, 11245.44it/s]

  0%|          | 0/230 [00:00<?, ?it/s]
100%|██████████| 230/230 [00:00<00:00, 12837.88it/s]

  0%|          | 0/460 [00:00<?, ?it/s]
100%|██████████| 460/460 [00:00<00:00, 14071.15it/s]

  0%|          | 0/230 [00:00<?, ?it/s]
100%|██████████| 230/230 [00:00<00:00, 10031.82it/s]

  0%|          | 0/460 [00:00<?, ?it/s]
100%|██████████| 460/460 [00:00<00:00, 12872.40it/s]

  0%|          | 0/230 [00:00<?, ?it/s]
100%|██████████| 230/230 [00:00<00:00, 10626.56it/s]

  0%|          | 0/460 [00:00<?, ?it/s]
100%|██████████| 460/460 [00:00<00:00, 10337.55it/s]

  0%|          | 0/230 [00:00<?, ?it/s]
100%|██████████| 230/230 [00:00<00:00, 10003.42it/s]

  0%|          | 0/460 [00:00<?, ?it/s]
100%|██████████| 460/460 [00:00<00:00, 9895.57it/s]

  0%|          | 0/920 [00:00<?, ?it/s]
 98%|█████████▊| 898/920 [00:00<00:00, 8978.55it/s]
100%|██████████| 920/920 [00:00<00:00, 9058.59it/s]

  0%|          | 0/231 [00:00<?, ?it/s]
100%|██████████| 231/231 [00:00<00:00, 13353.79it/s]

  0%|          | 0/462 [00:00<?, ?it/s]
100%|██████████| 462/462 [00:00<00:00, 14236.68it/s]

  0%|          | 0/231 [00:00<?, ?it/s]
100%|██████████| 231/231 [00:00<00:00, 12832.05it/s]

  0%|          | 0/462 [00:00<?, ?it/s]
100%|██████████| 462/462 [00:00<00:00, 12849.07it/s]

  0%|          | 0/231 [00:00<?, ?it/s]
100%|██████████| 231/231 [00:00<00:00, 12185.08it/s]

  0%|          | 0/462 [00:00<?, ?it/s]
100%|██████████| 462/462 [00:00<00:00, 13398.48it/s]

  0%|          | 0/231 [00:00<?, ?it/s]
100%|██████████| 231/231 [00:00<00:00, 12227.21it/s]

  0%|          | 0/462 [00:00<?, ?it/s]
100%|██████████| 462/462 [00:00<00:00, 11716.71it/s]

  0%|          | 0/231 [00:00<?, ?it/s]
100%|██████████| 231/231 [00:00<00:00, 11740.07it/s]

  0%|          | 0/462 [00:00<?, ?it/s]
100%|██████████| 462/462 [00:00<00:00, 9238.07it/s]

  0%|          | 0/924 [00:00<?, ?it/s]
 84%|████████▍ | 778/924 [00:00<00:00, 7777.34it/s]
100%|██████████| 924/924 [00:00<00:00, 8275.42it/s]

  0%|          | 0/232 [00:00<?, ?it/s]
100%|██████████| 232/232 [00:00<00:00, 13124.35it/s]

  0%|          | 0/464 [00:00<?, ?it/s]
100%|██████████| 464/464 [00:00<00:00, 13072.25it/s]

  0%|          | 0/232 [00:00<?, ?it/s]
100%|██████████| 232/232 [00:00<00:00, 11503.06it/s]

  0%|          | 0/464 [00:00<?, ?it/s]
100%|██████████| 464/464 [00:00<00:00, 11184.87it/s]

  0%|          | 0/232 [00:00<?, ?it/s]
100%|██████████| 232/232 [00:00<00:00, 12690.45it/s]

  0%|          | 0/464 [00:00<?, ?it/s]
100%|██████████| 464/464 [00:00<00:00, 12945.81it/s]

  0%|          | 0/232 [00:00<?, ?it/s]
100%|██████████| 232/232 [00:00<00:00, 11793.46it/s]

  0%|          | 0/464 [00:00<?, ?it/s]
100%|██████████| 464/464 [00:00<00:00, 11841.68it/s]

  0%|          | 0/232 [00:00<?, ?it/s]
100%|██████████| 232/232 [00:00<00:00, 11818.38it/s]

  0%|          | 0/464 [00:00<?, ?it/s]
100%|██████████| 464/464 [00:00<00:00, 10356.42it/s]

  0%|          | 0/928 [00:00<?, ?it/s]
 96%|█████████▌| 893/928 [00:00<00:00, 8923.69it/s]
100%|██████████| 928/928 [00:00<00:00, 8938.38it/s]

  0%|          | 0/233 [00:00<?, ?it/s]
100%|██████████| 233/233 [00:00<00:00, 14016.91it/s]

  0%|          | 0/466 [00:00<?, ?it/s]
100%|██████████| 466/466 [00:00<00:00, 13233.66it/s]

  0%|          | 0/233 [00:00<?, ?it/s]
100%|██████████| 233/233 [00:00<00:00, 12471.90it/s]

  0%|          | 0/466 [00:00<?, ?it/s]
100%|██████████| 466/466 [00:00<00:00, 12259.43it/s]

  0%|          | 0/233 [00:00<?, ?it/s]
100%|██████████| 233/233 [00:00<00:00, 12578.65it/s]

  0%|          | 0/466 [00:00<?, ?it/s]
100%|██████████| 466/466 [00:00<00:00, 11645.43it/s]

  0%|          | 0/233 [00:00<?, ?it/s]
100%|██████████| 233/233 [00:00<00:00, 12638.84it/s]

  0%|          | 0/466 [00:00<?, ?it/s]
100%|██████████| 466/466 [00:00<00:00, 12779.32it/s]

  0%|          | 0/233 [00:00<?, ?it/s]
100%|██████████| 233/233 [00:00<00:00, 9383.41it/s]

  0%|          | 0/466 [00:00<?, ?it/s]
100%|██████████| 466/466 [00:00<00:00, 10126.34it/s]

  0%|          | 0/932 [00:00<?, ?it/s]
100%|██████████| 932/932 [00:00<00:00, 9693.12it/s]

  0%|          | 0/234 [00:00<?, ?it/s]
100%|██████████| 234/234 [00:00<00:00, 15026.21it/s]

  0%|          | 0/468 [00:00<?, ?it/s]
100%|██████████| 468/468 [00:00<00:00, 12398.84it/s]

  0%|          | 0/234 [00:00<?, ?it/s]
100%|██████████| 234/234 [00:00<00:00, 13659.38it/s]

  0%|          | 0/468 [00:00<?, ?it/s]
100%|██████████| 468/468 [00:00<00:00, 11794.42it/s]

  0%|          | 0/234 [00:00<?, ?it/s]
100%|██████████| 234/234 [00:00<00:00, 11916.07it/s]

  0%|          | 0/468 [00:00<?, ?it/s]
100%|██████████| 468/468 [00:00<00:00, 12153.04it/s]

  0%|          | 0/234 [00:00<?, ?it/s]
100%|██████████| 234/234 [00:00<00:00, 11939.99it/s]

  0%|          | 0/468 [00:00<?, ?it/s]
100%|██████████| 468/468 [00:00<00:00, 13436.38it/s]

  0%|          | 0/234 [00:00<?, ?it/s]
100%|██████████| 234/234 [00:00<00:00, 12391.32it/s]

  0%|          | 0/468 [00:00<?, ?it/s]
100%|██████████| 468/468 [00:00<00:00, 11538.39it/s]

  0%|          | 0/936 [00:00<?, ?it/s]
100%|██████████| 936/936 [00:00<00:00, 11134.09it/s]

  0%|          | 0/235 [00:00<?, ?it/s]
100%|██████████| 235/235 [00:00<00:00, 16364.69it/s]

  0%|          | 0/470 [00:00<?, ?it/s]
100%|██████████| 470/470 [00:00<00:00, 15571.02it/s]

  0%|          | 0/235 [00:00<?, ?it/s]
100%|██████████| 235/235 [00:00<00:00, 15350.59it/s]

  0%|          | 0/470 [00:00<?, ?it/s]
100%|██████████| 470/470 [00:00<00:00, 13152.06it/s]

  0%|          | 0/235 [00:00<?, ?it/s]
100%|██████████| 235/235 [00:00<00:00, 12561.00it/s]

  0%|          | 0/470 [00:00<?, ?it/s]
100%|██████████| 470/470 [00:00<00:00, 13425.79it/s]

  0%|          | 0/235 [00:00<?, ?it/s]
100%|██████████| 235/235 [00:00<00:00, 13531.13it/s]

  0%|          | 0/470 [00:00<?, ?it/s]
100%|██████████| 470/470 [00:00<00:00, 11734.83it/s]

  0%|          | 0/235 [00:00<?, ?it/s]
100%|██████████| 235/235 [00:00<00:00, 9352.87it/s]

  0%|          | 0/470 [00:00<?, ?it/s]
100%|██████████| 470/470 [00:00<00:00, 8650.90it/s]

  0%|          | 0/940 [00:00<?, ?it/s]
 91%|█████████▏| 860/940 [00:00<00:00, 8597.79it/s]
100%|██████████| 940/940 [00:00<00:00, 8854.84it/s]

  0%|          | 0/236 [00:00<?, ?it/s]
100%|██████████| 236/236 [00:00<00:00, 13716.56it/s]

  0%|          | 0/472 [00:00<?, ?it/s]
100%|██████████| 472/472 [00:00<00:00, 11666.36it/s]

  0%|          | 0/236 [00:00<?, ?it/s]
100%|██████████| 236/236 [00:00<00:00, 12603.37it/s]

  0%|          | 0/472 [00:00<?, ?it/s]
100%|██████████| 472/472 [00:00<00:00, 10554.97it/s]

  0%|          | 0/236 [00:00<?, ?it/s]
100%|██████████| 236/236 [00:00<00:00, 12389.61it/s]

  0%|          | 0/472 [00:00<?, ?it/s]
100%|██████████| 472/472 [00:00<00:00, 11459.58it/s]

  0%|          | 0/236 [00:00<?, ?it/s]
100%|██████████| 236/236 [00:00<00:00, 11361.46it/s]

  0%|          | 0/472 [00:00<?, ?it/s]
100%|██████████| 472/472 [00:00<00:00, 11488.84it/s]

  0%|          | 0/236 [00:00<?, ?it/s]
100%|██████████| 236/236 [00:00<00:00, 8600.26it/s]

  0%|          | 0/472 [00:00<?, ?it/s]
100%|██████████| 472/472 [00:00<00:00, 10501.39it/s]

  0%|          | 0/944 [00:00<?, ?it/s]
100%|██████████| 944/944 [00:00<00:00, 10584.99it/s]

  0%|          | 0/237 [00:00<?, ?it/s]
100%|██████████| 237/237 [00:00<00:00, 11539.94it/s]

  0%|          | 0/474 [00:00<?, ?it/s]
100%|██████████| 474/474 [00:00<00:00, 17011.65it/s]

  0%|          | 0/237 [00:00<?, ?it/s]
100%|██████████| 237/237 [00:00<00:00, 15752.57it/s]

  0%|          | 0/474 [00:00<?, ?it/s]
100%|██████████| 474/474 [00:00<00:00, 13867.11it/s]

  0%|          | 0/237 [00:00<?, ?it/s]
100%|██████████| 237/237 [00:00<00:00, 11623.46it/s]

  0%|          | 0/474 [00:00<?, ?it/s]
100%|██████████| 474/474 [00:00<00:00, 12774.28it/s]

  0%|          | 0/237 [00:00<?, ?it/s]
100%|██████████| 237/237 [00:00<00:00, 14366.96it/s]

  0%|          | 0/474 [00:00<?, ?it/s]
100%|██████████| 474/474 [00:00<00:00, 14004.35it/s]

  0%|          | 0/237 [00:00<?, ?it/s]
100%|██████████| 237/237 [00:00<00:00, 9974.81it/s]

  0%|          | 0/474 [00:00<?, ?it/s]
100%|██████████| 474/474 [00:00<00:00, 10077.45it/s]

  0%|          | 0/948 [00:00<?, ?it/s]
 91%|█████████ | 860/948 [00:00<00:00, 8593.88it/s]
100%|██████████| 948/948 [00:00<00:00, 8731.47it/s]

  0%|          | 0/238 [00:00<?, ?it/s]
100%|██████████| 238/238 [00:00<00:00, 13671.02it/s]

  0%|          | 0/476 [00:00<?, ?it/s]
100%|██████████| 476/476 [00:00<00:00, 13607.66it/s]

  0%|          | 0/238 [00:00<?, ?it/s]
100%|██████████| 238/238 [00:00<00:00, 13503.84it/s]

  0%|          | 0/476 [00:00<?, ?it/s]
100%|██████████| 476/476 [00:00<00:00, 13638.34it/s]

  0%|          | 0/238 [00:00<?, ?it/s]
100%|██████████| 238/238 [00:00<00:00, 12852.71it/s]

  0%|          | 0/476 [00:00<?, ?it/s]
100%|██████████| 476/476 [00:00<00:00, 10716.07it/s]

  0%|          | 0/238 [00:00<?, ?it/s]
100%|██████████| 238/238 [00:00<00:00, 12630.73it/s]

  0%|          | 0/476 [00:00<?, ?it/s]
100%|██████████| 476/476 [00:00<00:00, 11847.47it/s]

  0%|          | 0/238 [00:00<?, ?it/s]
100%|██████████| 238/238 [00:00<00:00, 10538.34it/s]

  0%|          | 0/476 [00:00<?, ?it/s]
100%|██████████| 476/476 [00:00<00:00, 9200.41it/s]

  0%|          | 0/952 [00:00<?, ?it/s]
100%|██████████| 952/952 [00:00<00:00, 9999.62it/s]

  0%|          | 0/239 [00:00<?, ?it/s]
100%|██████████| 239/239 [00:00<00:00, 11902.76it/s]

  0%|          | 0/478 [00:00<?, ?it/s]
100%|██████████| 478/478 [00:00<00:00, 13638.16it/s]

  0%|          | 0/239 [00:00<?, ?it/s]
100%|██████████| 239/239 [00:00<00:00, 12883.66it/s]

  0%|          | 0/478 [00:00<?, ?it/s]
100%|██████████| 478/478 [00:00<00:00, 11804.78it/s]

  0%|          | 0/239 [00:00<?, ?it/s]
100%|██████████| 239/239 [00:00<00:00, 9902.10it/s]

  0%|          | 0/478 [00:00<?, ?it/s]
100%|██████████| 478/478 [00:00<00:00, 13190.76it/s]

  0%|          | 0/239 [00:00<?, ?it/s]
100%|██████████| 239/239 [00:00<00:00, 12167.29it/s]

  0%|          | 0/478 [00:00<?, ?it/s]
100%|██████████| 478/478 [00:00<00:00, 11045.06it/s]

  0%|          | 0/239 [00:00<?, ?it/s]
100%|██████████| 239/239 [00:00<00:00, 12554.18it/s]

  0%|          | 0/478 [00:00<?, ?it/s]
100%|██████████| 478/478 [00:00<00:00, 9380.99it/s]

  0%|          | 0/956 [00:00<?, ?it/s]
 95%|█████████▍| 907/956 [00:00<00:00, 9053.82it/s]
100%|██████████| 956/956 [00:00<00:00, 9204.05it/s]

  0%|          | 0/240 [00:00<?, ?it/s]
100%|██████████| 240/240 [00:00<00:00, 10717.07it/s]

  0%|          | 0/480 [00:00<?, ?it/s]
100%|██████████| 480/480 [00:00<00:00, 13640.11it/s]

  0%|          | 0/240 [00:00<?, ?it/s]
100%|██████████| 240/240 [00:00<00:00, 13017.20it/s]

  0%|          | 0/480 [00:00<?, ?it/s]
100%|██████████| 480/480 [00:00<00:00, 13114.88it/s]

  0%|          | 0/240 [00:00<?, ?it/s]
100%|██████████| 240/240 [00:00<00:00, 11578.35it/s]

  0%|          | 0/480 [00:00<?, ?it/s]
100%|██████████| 480/480 [00:00<00:00, 10796.96it/s]

  0%|          | 0/240 [00:00<?, ?it/s]
100%|██████████| 240/240 [00:00<00:00, 12013.04it/s]

  0%|          | 0/480 [00:00<?, ?it/s]
100%|██████████| 480/480 [00:00<00:00, 11724.39it/s]

  0%|          | 0/240 [00:00<?, ?it/s]
100%|██████████| 240/240 [00:00<00:00, 9124.50it/s]

  0%|          | 0/480 [00:00<?, ?it/s]
100%|██████████| 480/480 [00:00<00:00, 8637.55it/s]

  0%|          | 0/960 [00:00<?, ?it/s]
 96%|█████████▌| 923/960 [00:00<00:00, 9229.41it/s]
100%|██████████| 960/960 [00:00<00:00, 9224.97it/s]

  0%|          | 0/241 [00:00<?, ?it/s]
100%|██████████| 241/241 [00:00<00:00, 11232.54it/s]

  0%|          | 0/482 [00:00<?, ?it/s]
100%|██████████| 482/482 [00:00<00:00, 13931.97it/s]

  0%|          | 0/241 [00:00<?, ?it/s]
100%|██████████| 241/241 [00:00<00:00, 10398.60it/s]

  0%|          | 0/482 [00:00<?, ?it/s]
100%|██████████| 482/482 [00:00<00:00, 14842.84it/s]

  0%|          | 0/241 [00:00<?, ?it/s]
100%|██████████| 241/241 [00:00<00:00, 13698.15it/s]

  0%|          | 0/482 [00:00<?, ?it/s]
100%|██████████| 482/482 [00:00<00:00, 11506.02it/s]

  0%|          | 0/241 [00:00<?, ?it/s]
100%|██████████| 241/241 [00:00<00:00, 11822.26it/s]

  0%|          | 0/482 [00:00<?, ?it/s]
100%|██████████| 482/482 [00:00<00:00, 9765.83it/s]

  0%|          | 0/241 [00:00<?, ?it/s]
100%|██████████| 241/241 [00:00<00:00, 9394.48it/s]

  0%|          | 0/482 [00:00<?, ?it/s]
100%|██████████| 482/482 [00:00<00:00, 9311.83it/s]

  0%|          | 0/964 [00:00<?, ?it/s]
 94%|█████████▍| 910/964 [00:00<00:00, 9097.43it/s]
100%|██████████| 964/964 [00:00<00:00, 9157.54it/s]

  0%|          | 0/242 [00:00<?, ?it/s]
100%|██████████| 242/242 [00:00<00:00, 14746.36it/s]

  0%|          | 0/484 [00:00<?, ?it/s]
100%|██████████| 484/484 [00:00<00:00, 14844.05it/s]

  0%|          | 0/242 [00:00<?, ?it/s]
100%|██████████| 242/242 [00:00<00:00, 14813.08it/s]

  0%|          | 0/484 [00:00<?, ?it/s]
100%|██████████| 484/484 [00:00<00:00, 13752.56it/s]

  0%|          | 0/242 [00:00<?, ?it/s]
100%|██████████| 242/242 [00:00<00:00, 15527.81it/s]

  0%|          | 0/484 [00:00<?, ?it/s]
100%|██████████| 484/484 [00:00<00:00, 14384.51it/s]

  0%|          | 0/242 [00:00<?, ?it/s]
100%|██████████| 242/242 [00:00<00:00, 11788.59it/s]

  0%|          | 0/484 [00:00<?, ?it/s]
100%|██████████| 484/484 [00:00<00:00, 13507.33it/s]

  0%|          | 0/242 [00:00<?, ?it/s]
100%|██████████| 242/242 [00:00<00:00, 10245.50it/s]

  0%|          | 0/484 [00:00<?, ?it/s]
100%|██████████| 484/484 [00:00<00:00, 9395.65it/s]

  0%|          | 0/968 [00:00<?, ?it/s]
100%|██████████| 968/968 [00:00<00:00, 10016.99it/s]

  0%|          | 0/243 [00:00<?, ?it/s]
100%|██████████| 243/243 [00:00<00:00, 13226.61it/s]

  0%|          | 0/486 [00:00<?, ?it/s]
100%|██████████| 486/486 [00:00<00:00, 12207.42it/s]

  0%|          | 0/243 [00:00<?, ?it/s]
100%|██████████| 243/243 [00:00<00:00, 10969.45it/s]

  0%|          | 0/486 [00:00<?, ?it/s]
100%|██████████| 486/486 [00:00<00:00, 10551.38it/s]

  0%|          | 0/243 [00:00<?, ?it/s]
100%|██████████| 243/243 [00:00<00:00, 13791.27it/s]

  0%|          | 0/486 [00:00<?, ?it/s]
100%|██████████| 486/486 [00:00<00:00, 12122.91it/s]

  0%|          | 0/243 [00:00<?, ?it/s]
100%|██████████| 243/243 [00:00<00:00, 10835.69it/s]

  0%|          | 0/486 [00:00<?, ?it/s]
100%|██████████| 486/486 [00:00<00:00, 10498.72it/s]

  0%|          | 0/243 [00:00<?, ?it/s]
100%|██████████| 243/243 [00:00<00:00, 9237.55it/s]

  0%|          | 0/486 [00:00<?, ?it/s]
100%|██████████| 486/486 [00:00<00:00, 11009.80it/s]

  0%|          | 0/972 [00:00<?, ?it/s]
 92%|█████████▏| 894/972 [00:00<00:00, 8929.58it/s]
100%|██████████| 972/972 [00:00<00:00, 9105.63it/s]

  0%|          | 0/244 [00:00<?, ?it/s]
100%|██████████| 244/244 [00:00<00:00, 11156.28it/s]

  0%|          | 0/488 [00:00<?, ?it/s]
100%|██████████| 488/488 [00:00<00:00, 14090.35it/s]

  0%|          | 0/244 [00:00<?, ?it/s]
100%|██████████| 244/244 [00:00<00:00, 11040.62it/s]

  0%|          | 0/488 [00:00<?, ?it/s]
100%|██████████| 488/488 [00:00<00:00, 11221.48it/s]

  0%|          | 0/244 [00:00<?, ?it/s]
100%|██████████| 244/244 [00:00<00:00, 11185.42it/s]

  0%|          | 0/488 [00:00<?, ?it/s]
100%|██████████| 488/488 [00:00<00:00, 9364.81it/s]

  0%|          | 0/244 [00:00<?, ?it/s]
100%|██████████| 244/244 [00:00<00:00, 14748.24it/s]

  0%|          | 0/488 [00:00<?, ?it/s]
100%|██████████| 488/488 [00:00<00:00, 14417.68it/s]

  0%|          | 0/244 [00:00<?, ?it/s]
100%|██████████| 244/244 [00:00<00:00, 11581.10it/s]

  0%|          | 0/488 [00:00<?, ?it/s]
100%|██████████| 488/488 [00:00<00:00, 8606.23it/s]

  0%|          | 0/976 [00:00<?, ?it/s]
 92%|█████████▏| 895/976 [00:00<00:00, 8946.17it/s]
100%|██████████| 976/976 [00:00<00:00, 8955.33it/s]

  0%|          | 0/245 [00:00<?, ?it/s]
100%|██████████| 245/245 [00:00<00:00, 14116.61it/s]

  0%|          | 0/490 [00:00<?, ?it/s]
100%|██████████| 490/490 [00:00<00:00, 13104.86it/s]

  0%|          | 0/245 [00:00<?, ?it/s]
100%|██████████| 245/245 [00:00<00:00, 11612.01it/s]

  0%|          | 0/490 [00:00<?, ?it/s]
100%|██████████| 490/490 [00:00<00:00, 12951.34it/s]

  0%|          | 0/245 [00:00<?, ?it/s]
100%|██████████| 245/245 [00:00<00:00, 12744.69it/s]

  0%|          | 0/490 [00:00<?, ?it/s]
100%|██████████| 490/490 [00:00<00:00, 12548.90it/s]

  0%|          | 0/245 [00:00<?, ?it/s]
100%|██████████| 245/245 [00:00<00:00, 10515.91it/s]

  0%|          | 0/490 [00:00<?, ?it/s]
100%|██████████| 490/490 [00:00<00:00, 10356.51it/s]

  0%|          | 0/245 [00:00<?, ?it/s]
100%|██████████| 245/245 [00:00<00:00, 12013.29it/s]

  0%|          | 0/490 [00:00<?, ?it/s]
100%|██████████| 490/490 [00:00<00:00, 9861.56it/s]

  0%|          | 0/980 [00:00<?, ?it/s]
 95%|█████████▍| 929/980 [00:00<00:00, 9285.89it/s]
100%|██████████| 980/980 [00:00<00:00, 9382.25it/s]

  0%|          | 0/246 [00:00<?, ?it/s]
100%|██████████| 246/246 [00:00<00:00, 15194.07it/s]

  0%|          | 0/492 [00:00<?, ?it/s]
100%|██████████| 492/492 [00:00<00:00, 12005.90it/s]

  0%|          | 0/246 [00:00<?, ?it/s]
100%|██████████| 246/246 [00:00<00:00, 13848.16it/s]

  0%|          | 0/492 [00:00<?, ?it/s]
100%|██████████| 492/492 [00:00<00:00, 11811.56it/s]

  0%|          | 0/246 [00:00<?, ?it/s]
100%|██████████| 246/246 [00:00<00:00, 11281.54it/s]

  0%|          | 0/492 [00:00<?, ?it/s]
100%|██████████| 492/492 [00:00<00:00, 10237.88it/s]

  0%|          | 0/246 [00:00<?, ?it/s]
100%|██████████| 246/246 [00:00<00:00, 10683.14it/s]

  0%|          | 0/492 [00:00<?, ?it/s]
100%|██████████| 492/492 [00:00<00:00, 10738.84it/s]

  0%|          | 0/246 [00:00<?, ?it/s]
100%|██████████| 246/246 [00:00<00:00, 9016.46it/s]

  0%|          | 0/492 [00:00<?, ?it/s]
100%|██████████| 492/492 [00:00<00:00, 8671.20it/s]

  0%|          | 0/984 [00:00<?, ?it/s]
 95%|█████████▍| 932/984 [00:00<00:00, 9313.06it/s]
100%|██████████| 984/984 [00:00<00:00, 9504.69it/s]

  0%|          | 0/247 [00:00<?, ?it/s]
100%|██████████| 247/247 [00:00<00:00, 15739.31it/s]

  0%|          | 0/494 [00:00<?, ?it/s]
100%|██████████| 494/494 [00:00<00:00, 14940.88it/s]

  0%|          | 0/247 [00:00<?, ?it/s]
100%|██████████| 247/247 [00:00<00:00, 10484.91it/s]

  0%|          | 0/494 [00:00<?, ?it/s]
100%|██████████| 494/494 [00:00<00:00, 11938.22it/s]

  0%|          | 0/247 [00:00<?, ?it/s]
100%|██████████| 247/247 [00:00<00:00, 13508.84it/s]

  0%|          | 0/494 [00:00<?, ?it/s]
100%|██████████| 494/494 [00:00<00:00, 12494.94it/s]

  0%|          | 0/247 [00:00<?, ?it/s]
100%|██████████| 247/247 [00:00<00:00, 10751.28it/s]

  0%|          | 0/494 [00:00<?, ?it/s]
100%|██████████| 494/494 [00:00<00:00, 10927.79it/s]

  0%|          | 0/247 [00:00<?, ?it/s]
100%|██████████| 247/247 [00:00<00:00, 8150.69it/s]

  0%|          | 0/494 [00:00<?, ?it/s]
100%|██████████| 494/494 [00:00<00:00, 8613.86it/s]

  0%|          | 0/988 [00:00<?, ?it/s]
 91%|█████████ | 898/988 [00:00<00:00, 8971.82it/s]
100%|██████████| 988/988 [00:00<00:00, 8968.36it/s]

  0%|          | 0/248 [00:00<?, ?it/s]
100%|██████████| 248/248 [00:00<00:00, 11885.14it/s]

  0%|          | 0/496 [00:00<?, ?it/s]
100%|██████████| 496/496 [00:00<00:00, 10927.77it/s]

  0%|          | 0/248 [00:00<?, ?it/s]
100%|██████████| 248/248 [00:00<00:00, 10591.14it/s]

  0%|          | 0/496 [00:00<?, ?it/s]
100%|██████████| 496/496 [00:00<00:00, 13215.27it/s]

  0%|          | 0/248 [00:00<?, ?it/s]
100%|██████████| 248/248 [00:00<00:00, 11819.37it/s]

  0%|          | 0/496 [00:00<?, ?it/s]
100%|██████████| 496/496 [00:00<00:00, 12205.55it/s]

  0%|          | 0/248 [00:00<?, ?it/s]
100%|██████████| 248/248 [00:00<00:00, 10215.74it/s]

  0%|          | 0/496 [00:00<?, ?it/s]
100%|██████████| 496/496 [00:00<00:00, 12985.54it/s]

  0%|          | 0/248 [00:00<?, ?it/s]
100%|██████████| 248/248 [00:00<00:00, 12103.36it/s]

  0%|          | 0/496 [00:00<?, ?it/s]
100%|██████████| 496/496 [00:00<00:00, 11255.67it/s]

  0%|          | 0/992 [00:00<?, ?it/s]
 95%|█████████▍| 938/992 [00:00<00:00, 9375.38it/s]
100%|██████████| 992/992 [00:00<00:00, 9349.41it/s]

  0%|          | 0/249 [00:00<?, ?it/s]
100%|██████████| 249/249 [00:00<00:00, 13241.98it/s]

  0%|          | 0/498 [00:00<?, ?it/s]
100%|██████████| 498/498 [00:00<00:00, 15338.82it/s]

  0%|          | 0/249 [00:00<?, ?it/s]
100%|██████████| 249/249 [00:00<00:00, 15515.30it/s]

  0%|          | 0/498 [00:00<?, ?it/s]
100%|██████████| 498/498 [00:00<00:00, 10323.34it/s]

  0%|          | 0/249 [00:00<?, ?it/s]
100%|██████████| 249/249 [00:00<00:00, 12536.84it/s]

  0%|          | 0/498 [00:00<?, ?it/s]
100%|██████████| 498/498 [00:00<00:00, 10730.10it/s]

  0%|          | 0/249 [00:00<?, ?it/s]
100%|██████████| 249/249 [00:00<00:00, 10770.04it/s]

  0%|          | 0/498 [00:00<?, ?it/s]
100%|██████████| 498/498 [00:00<00:00, 11212.43it/s]

  0%|          | 0/249 [00:00<?, ?it/s]
100%|██████████| 249/249 [00:00<00:00, 8204.42it/s]

  0%|          | 0/498 [00:00<?, ?it/s]
100%|██████████| 498/498 [00:00<00:00, 10747.82it/s]

  0%|          | 0/996 [00:00<?, ?it/s]
 91%|█████████▏| 910/996 [00:00<00:00, 9090.30it/s]
100%|██████████| 996/996 [00:00<00:00, 9174.06it/s]

  0%|          | 0/250 [00:00<?, ?it/s]
100%|██████████| 250/250 [00:00<00:00, 12909.36it/s]

  0%|          | 0/500 [00:00<?, ?it/s]
100%|██████████| 500/500 [00:00<00:00, 12725.98it/s]

  0%|          | 0/250 [00:00<?, ?it/s]
100%|██████████| 250/250 [00:00<00:00, 11706.65it/s]

  0%|          | 0/500 [00:00<?, ?it/s]
100%|██████████| 500/500 [00:00<00:00, 13354.34it/s]

  0%|          | 0/250 [00:00<?, ?it/s]
100%|██████████| 250/250 [00:00<00:00, 13140.05it/s]

  0%|          | 0/500 [00:00<?, ?it/s]
100%|██████████| 500/500 [00:00<00:00, 13903.62it/s]

  0%|          | 0/250 [00:00<?, ?it/s]
100%|██████████| 250/250 [00:00<00:00, 14106.47it/s]

  0%|          | 0/500 [00:00<?, ?it/s]
100%|██████████| 500/500 [00:00<00:00, 13289.26it/s]

  0%|          | 0/250 [00:00<?, ?it/s]
100%|██████████| 250/250 [00:00<00:00, 7558.39it/s]

  0%|          | 0/500 [00:00<?, ?it/s]
100%|██████████| 500/500 [00:00<00:00, 9868.25it/s]

  0%|          | 0/1000 [00:00<?, ?it/s]
 81%|████████▏ | 813/1000 [00:00<00:00, 8125.53it/s]
100%|██████████| 1000/1000 [00:00<00:00, 8573.52it/s]

  0%|          | 0/251 [00:00<?, ?it/s]
100%|██████████| 251/251 [00:00<00:00, 15691.21it/s]

  0%|          | 0/502 [00:00<?, ?it/s]
100%|██████████| 502/502 [00:00<00:00, 15141.78it/s]

  0%|          | 0/251 [00:00<?, ?it/s]
100%|██████████| 251/251 [00:00<00:00, 9286.47it/s]

  0%|          | 0/502 [00:00<?, ?it/s]
100%|██████████| 502/502 [00:00<00:00, 11197.84it/s]

  0%|          | 0/251 [00:00<?, ?it/s]
100%|██████████| 251/251 [00:00<00:00, 11517.52it/s]

  0%|          | 0/502 [00:00<?, ?it/s]
100%|██████████| 502/502 [00:00<00:00, 12875.80it/s]

  0%|          | 0/251 [00:00<?, ?it/s]
100%|██████████| 251/251 [00:00<00:00, 11459.22it/s]

  0%|          | 0/502 [00:00<?, ?it/s]
100%|██████████| 502/502 [00:00<00:00, 12715.77it/s]

  0%|          | 0/251 [00:00<?, ?it/s]
100%|██████████| 251/251 [00:00<00:00, 9056.40it/s]

  0%|          | 0/502 [00:00<?, ?it/s]
100%|██████████| 502/502 [00:00<00:00, 9252.44it/s]

  0%|          | 0/1004 [00:00<?, ?it/s]
 91%|█████████ | 909/1004 [00:00<00:00, 9087.15it/s]
100%|██████████| 1004/1004 [00:00<00:00, 9239.67it/s]

  0%|          | 0/252 [00:00<?, ?it/s]
100%|██████████| 252/252 [00:00<00:00, 12774.38it/s]

  0%|          | 0/504 [00:00<?, ?it/s]
100%|██████████| 504/504 [00:00<00:00, 13371.77it/s]

  0%|          | 0/252 [00:00<?, ?it/s]
100%|██████████| 252/252 [00:00<00:00, 9868.49it/s]

  0%|          | 0/504 [00:00<?, ?it/s]
100%|██████████| 504/504 [00:00<00:00, 12835.81it/s]

  0%|          | 0/252 [00:00<?, ?it/s]
100%|██████████| 252/252 [00:00<00:00, 11900.61it/s]

  0%|          | 0/504 [00:00<?, ?it/s]
100%|██████████| 504/504 [00:00<00:00, 10283.76it/s]

  0%|          | 0/252 [00:00<?, ?it/s]
100%|██████████| 252/252 [00:00<00:00, 11147.06it/s]

  0%|          | 0/504 [00:00<?, ?it/s]
100%|██████████| 504/504 [00:00<00:00, 11269.66it/s]

  0%|          | 0/252 [00:00<?, ?it/s]
100%|██████████| 252/252 [00:00<00:00, 8797.70it/s]

  0%|          | 0/504 [00:00<?, ?it/s]
100%|██████████| 504/504 [00:00<00:00, 10810.17it/s]

  0%|          | 0/1008 [00:00<?, ?it/s]
 89%|████████▉ | 898/1008 [00:00<00:00, 8979.13it/s]
100%|██████████| 1008/1008 [00:00<00:00, 9235.77it/s]

  0%|          | 0/253 [00:00<?, ?it/s]
100%|██████████| 253/253 [00:00<00:00, 15528.55it/s]

  0%|          | 0/506 [00:00<?, ?it/s]
100%|██████████| 506/506 [00:00<00:00, 14307.99it/s]

  0%|          | 0/253 [00:00<?, ?it/s]
100%|██████████| 253/253 [00:00<00:00, 9275.46it/s]

  0%|          | 0/506 [00:00<?, ?it/s]
100%|██████████| 506/506 [00:00<00:00, 14664.69it/s]

  0%|          | 0/253 [00:00<?, ?it/s]
100%|██████████| 253/253 [00:00<00:00, 14558.16it/s]

  0%|          | 0/506 [00:00<?, ?it/s]
100%|██████████| 506/506 [00:00<00:00, 11538.35it/s]

  0%|          | 0/253 [00:00<?, ?it/s]
100%|██████████| 253/253 [00:00<00:00, 12246.07it/s]

  0%|          | 0/506 [00:00<?, ?it/s]
100%|██████████| 506/506 [00:00<00:00, 12344.58it/s]

  0%|          | 0/253 [00:00<?, ?it/s]
100%|██████████| 253/253 [00:00<00:00, 11445.63it/s]

  0%|          | 0/506 [00:00<?, ?it/s]
100%|██████████| 506/506 [00:00<00:00, 9784.55it/s]

  0%|          | 0/1012 [00:00<?, ?it/s]
 92%|█████████▏| 929/1012 [00:00<00:00, 9286.29it/s]
100%|██████████| 1012/1012 [00:00<00:00, 9335.78it/s]

  0%|          | 0/254 [00:00<?, ?it/s]
100%|██████████| 254/254 [00:00<00:00, 13828.03it/s]

  0%|          | 0/508 [00:00<?, ?it/s]
100%|██████████| 508/508 [00:00<00:00, 11923.04it/s]

  0%|          | 0/254 [00:00<?, ?it/s]
100%|██████████| 254/254 [00:00<00:00, 9745.45it/s]

  0%|          | 0/508 [00:00<?, ?it/s]
100%|██████████| 508/508 [00:00<00:00, 12552.54it/s]

  0%|          | 0/254 [00:00<?, ?it/s]
100%|██████████| 254/254 [00:00<00:00, 14480.42it/s]

  0%|          | 0/508 [00:00<?, ?it/s]
100%|██████████| 508/508 [00:00<00:00, 10789.48it/s]

  0%|          | 0/254 [00:00<?, ?it/s]
100%|██████████| 254/254 [00:00<00:00, 10870.06it/s]

  0%|          | 0/508 [00:00<?, ?it/s]
100%|██████████| 508/508 [00:00<00:00, 11887.05it/s]

  0%|          | 0/254 [00:00<?, ?it/s]
100%|██████████| 254/254 [00:00<00:00, 11114.80it/s]

  0%|          | 0/508 [00:00<?, ?it/s]
100%|██████████| 508/508 [00:00<00:00, 8415.34it/s]

  0%|          | 0/1016 [00:00<?, ?it/s]
 94%|█████████▍| 958/1016 [00:00<00:00, 9566.26it/s]
100%|██████████| 1016/1016 [00:00<00:00, 9551.72it/s]

  0%|          | 0/255 [00:00<?, ?it/s]
100%|██████████| 255/255 [00:00<00:00, 13609.38it/s]

  0%|          | 0/510 [00:00<?, ?it/s]
100%|██████████| 510/510 [00:00<00:00, 14970.01it/s]

  0%|          | 0/255 [00:00<?, ?it/s]
100%|██████████| 255/255 [00:00<00:00, 12861.32it/s]

  0%|          | 0/510 [00:00<?, ?it/s]
100%|██████████| 510/510 [00:00<00:00, 12962.17it/s]

  0%|          | 0/255 [00:00<?, ?it/s]
100%|██████████| 255/255 [00:00<00:00, 12011.85it/s]

  0%|          | 0/510 [00:00<?, ?it/s]
100%|██████████| 510/510 [00:00<00:00, 10948.33it/s]

  0%|          | 0/255 [00:00<?, ?it/s]
100%|██████████| 255/255 [00:00<00:00, 10709.29it/s]

  0%|          | 0/510 [00:00<?, ?it/s]
100%|██████████| 510/510 [00:00<00:00, 13036.66it/s]

  0%|          | 0/255 [00:00<?, ?it/s]
100%|██████████| 255/255 [00:00<00:00, 11970.85it/s]

  0%|          | 0/510 [00:00<?, ?it/s]
100%|██████████| 510/510 [00:00<00:00, 9691.53it/s]

  0%|          | 0/1020 [00:00<?, ?it/s]
 93%|█████████▎| 951/1020 [00:00<00:00, 9495.02it/s]
100%|██████████| 1020/1020 [00:00<00:00, 9639.80it/s]

  0%|          | 0/256 [00:00<?, ?it/s]
100%|██████████| 256/256 [00:00<00:00, 13729.31it/s]

  0%|          | 0/512 [00:00<?, ?it/s]
100%|██████████| 512/512 [00:00<00:00, 13011.82it/s]

  0%|          | 0/256 [00:00<?, ?it/s]
100%|██████████| 256/256 [00:00<00:00, 10860.03it/s]

  0%|          | 0/512 [00:00<?, ?it/s]
100%|██████████| 512/512 [00:00<00:00, 13546.06it/s]

  0%|          | 0/256 [00:00<?, ?it/s]
100%|██████████| 256/256 [00:00<00:00, 10516.57it/s]

  0%|          | 0/512 [00:00<?, ?it/s]
100%|██████████| 512/512 [00:00<00:00, 13074.56it/s]

  0%|          | 0/256 [00:00<?, ?it/s]
100%|██████████| 256/256 [00:00<00:00, 11268.86it/s]

  0%|          | 0/512 [00:00<?, ?it/s]
100%|██████████| 512/512 [00:00<00:00, 11861.86it/s]

  0%|          | 0/256 [00:00<?, ?it/s]
100%|██████████| 256/256 [00:00<00:00, 10696.56it/s]

  0%|          | 0/512 [00:00<?, ?it/s]
100%|██████████| 512/512 [00:00<00:00, 9266.14it/s]

  0%|          | 0/1024 [00:00<?, ?it/s]
 94%|█████████▎| 958/1024 [00:00<00:00, 9570.74it/s]
100%|██████████| 1024/1024 [00:00<00:00, 9381.04it/s]

  0%|          | 0/257 [00:00<?, ?it/s]
100%|██████████| 257/257 [00:00<00:00, 15288.57it/s]

  0%|          | 0/514 [00:00<?, ?it/s]
100%|██████████| 514/514 [00:00<00:00, 15553.40it/s]

  0%|          | 0/257 [00:00<?, ?it/s]
100%|██████████| 257/257 [00:00<00:00, 13393.17it/s]

  0%|          | 0/514 [00:00<?, ?it/s]
100%|██████████| 514/514 [00:00<00:00, 14033.16it/s]

  0%|          | 0/257 [00:00<?, ?it/s]
100%|██████████| 257/257 [00:00<00:00, 13414.84it/s]

  0%|          | 0/514 [00:00<?, ?it/s]
100%|██████████| 514/514 [00:00<00:00, 11327.50it/s]

  0%|          | 0/257 [00:00<?, ?it/s]
100%|██████████| 257/257 [00:00<00:00, 11204.46it/s]

  0%|          | 0/514 [00:00<?, ?it/s]
100%|██████████| 514/514 [00:00<00:00, 10963.99it/s]

  0%|          | 0/257 [00:00<?, ?it/s]
100%|██████████| 257/257 [00:00<00:00, 10098.61it/s]

  0%|          | 0/514 [00:00<?, ?it/s]
100%|██████████| 514/514 [00:00<00:00, 10388.14it/s]

  0%|          | 0/1028 [00:00<?, ?it/s]
 93%|█████████▎| 959/1028 [00:00<00:00, 9586.63it/s]
100%|██████████| 1028/1028 [00:00<00:00, 9778.93it/s]

  0%|          | 0/258 [00:00<?, ?it/s]
100%|██████████| 258/258 [00:00<00:00, 10067.64it/s]

  0%|          | 0/516 [00:00<?, ?it/s]
100%|██████████| 516/516 [00:00<00:00, 15698.63it/s]

  0%|          | 0/258 [00:00<?, ?it/s]
100%|██████████| 258/258 [00:00<00:00, 14244.37it/s]

  0%|          | 0/516 [00:00<?, ?it/s]
100%|██████████| 516/516 [00:00<00:00, 12535.90it/s]

  0%|          | 0/258 [00:00<?, ?it/s]
100%|██████████| 258/258 [00:00<00:00, 11706.17it/s]

  0%|          | 0/516 [00:00<?, ?it/s]
100%|██████████| 516/516 [00:00<00:00, 13375.57it/s]

  0%|          | 0/258 [00:00<?, ?it/s]
100%|██████████| 258/258 [00:00<00:00, 13275.72it/s]

  0%|          | 0/516 [00:00<?, ?it/s]
100%|██████████| 516/516 [00:00<00:00, 10609.49it/s]

  0%|          | 0/258 [00:00<?, ?it/s]
100%|██████████| 258/258 [00:00<00:00, 7822.93it/s]

  0%|          | 0/516 [00:00<?, ?it/s]
100%|██████████| 516/516 [00:00<00:00, 8584.11it/s]

  0%|          | 0/1032 [00:00<?, ?it/s]
 87%|████████▋ | 902/1032 [00:00<00:00, 9014.14it/s]
100%|██████████| 1032/1032 [00:00<00:00, 8859.05it/s]

  0%|          | 0/259 [00:00<?, ?it/s]
100%|██████████| 259/259 [00:00<00:00, 12080.07it/s]

  0%|          | 0/518 [00:00<?, ?it/s]
100%|██████████| 518/518 [00:00<00:00, 12730.64it/s]

  0%|          | 0/259 [00:00<?, ?it/s]
100%|██████████| 259/259 [00:00<00:00, 12839.05it/s]

  0%|          | 0/518 [00:00<?, ?it/s]
100%|██████████| 518/518 [00:00<00:00, 12451.43it/s]

  0%|          | 0/259 [00:00<?, ?it/s]
100%|██████████| 259/259 [00:00<00:00, 10626.59it/s]

  0%|          | 0/518 [00:00<?, ?it/s]
100%|██████████| 518/518 [00:00<00:00, 10758.30it/s]

  0%|          | 0/259 [00:00<?, ?it/s]
100%|██████████| 259/259 [00:00<00:00, 7359.52it/s]

  0%|          | 0/518 [00:00<?, ?it/s]
100%|██████████| 518/518 [00:00<00:00, 9632.16it/s]

  0%|          | 0/259 [00:00<?, ?it/s]
100%|██████████| 259/259 [00:00<00:00, 7529.75it/s]

  0%|          | 0/518 [00:00<?, ?it/s]
100%|██████████| 518/518 [00:00<00:00, 7048.56it/s]

  0%|          | 0/1036 [00:00<?, ?it/s]
 73%|███████▎  | 758/1036 [00:00<00:00, 7575.82it/s]
100%|██████████| 1036/1036 [00:00<00:00, 7640.58it/s]

  0%|          | 0/260 [00:00<?, ?it/s]
100%|██████████| 260/260 [00:00<00:00, 11503.00it/s]

  0%|          | 0/520 [00:00<?, ?it/s]
100%|██████████| 520/520 [00:00<00:00, 11150.05it/s]

  0%|          | 0/260 [00:00<?, ?it/s]
100%|██████████| 260/260 [00:00<00:00, 11164.20it/s]

  0%|          | 0/520 [00:00<?, ?it/s]
100%|██████████| 520/520 [00:00<00:00, 8537.52it/s]

  0%|          | 0/260 [00:00<?, ?it/s]
100%|██████████| 260/260 [00:00<00:00, 8077.14it/s]

  0%|          | 0/520 [00:00<?, ?it/s]
100%|██████████| 520/520 [00:00<00:00, 11136.38it/s]

  0%|          | 0/260 [00:00<?, ?it/s]
100%|██████████| 260/260 [00:00<00:00, 8388.74it/s]

  0%|          | 0/520 [00:00<?, ?it/s]
100%|██████████| 520/520 [00:00<00:00, 10196.44it/s]

  0%|          | 0/260 [00:00<?, ?it/s]
100%|██████████| 260/260 [00:00<00:00, 7904.37it/s]

  0%|          | 0/520 [00:00<?, ?it/s]
100%|██████████| 520/520 [00:00<00:00, 7567.69it/s]

  0%|          | 0/1040 [00:00<?, ?it/s]
 78%|███████▊  | 813/1040 [00:00<00:00, 8127.16it/s]
100%|██████████| 1040/1040 [00:00<00:00, 7929.74it/s]

  0%|          | 0/261 [00:00<?, ?it/s]
100%|██████████| 261/261 [00:00<00:00, 10059.39it/s]

  0%|          | 0/522 [00:00<?, ?it/s]
100%|██████████| 522/522 [00:00<00:00, 8293.50it/s]

  0%|          | 0/261 [00:00<?, ?it/s]
100%|██████████| 261/261 [00:00<00:00, 8182.69it/s]

  0%|          | 0/522 [00:00<?, ?it/s]
100%|██████████| 522/522 [00:00<00:00, 7734.52it/s]

  0%|          | 0/261 [00:00<?, ?it/s]
100%|██████████| 261/261 [00:00<00:00, 8729.28it/s]

  0%|          | 0/522 [00:00<?, ?it/s]
100%|██████████| 522/522 [00:00<00:00, 9255.00it/s]

  0%|          | 0/261 [00:00<?, ?it/s]
100%|██████████| 261/261 [00:00<00:00, 7778.38it/s]

  0%|          | 0/522 [00:00<?, ?it/s]
100%|██████████| 522/522 [00:00<00:00, 8342.93it/s]

  0%|          | 0/261 [00:00<?, ?it/s]
100%|██████████| 261/261 [00:00<00:00, 7075.81it/s]

  0%|          | 0/522 [00:00<?, ?it/s]
100%|██████████| 522/522 [00:00<00:00, 6207.11it/s]

  0%|          | 0/1044 [00:00<?, ?it/s]
 61%|██████▏   | 640/1044 [00:00<00:00, 6391.31it/s]
100%|██████████| 1044/1044 [00:00<00:00, 6629.77it/s]

  0%|          | 0/262 [00:00<?, ?it/s]
100%|██████████| 262/262 [00:00<00:00, 8261.84it/s]

  0%|          | 0/524 [00:00<?, ?it/s]
100%|██████████| 524/524 [00:00<00:00, 8497.42it/s]

  0%|          | 0/262 [00:00<?, ?it/s]
100%|██████████| 262/262 [00:00<00:00, 6989.62it/s]

  0%|          | 0/524 [00:00<?, ?it/s]
100%|██████████| 524/524 [00:00<00:00, 6559.06it/s]

  0%|          | 0/262 [00:00<?, ?it/s]
100%|██████████| 262/262 [00:00<00:00, 10485.16it/s]

  0%|          | 0/524 [00:00<?, ?it/s]
100%|██████████| 524/524 [00:00<00:00, 9649.83it/s]

  0%|          | 0/262 [00:00<?, ?it/s]
100%|██████████| 262/262 [00:00<00:00, 10730.89it/s]

  0%|          | 0/524 [00:00<?, ?it/s]
100%|██████████| 524/524 [00:00<00:00, 10631.08it/s]

  0%|          | 0/262 [00:00<?, ?it/s]
100%|██████████| 262/262 [00:00<00:00, 11376.56it/s]

  0%|          | 0/524 [00:00<?, ?it/s]
100%|██████████| 524/524 [00:00<00:00, 9555.30it/s]

  0%|          | 0/1048 [00:00<?, ?it/s]
 81%|████████  | 848/1048 [00:00<00:00, 8470.60it/s]
100%|██████████| 1048/1048 [00:00<00:00, 8801.22it/s]

  0%|          | 0/263 [00:00<?, ?it/s]
100%|██████████| 263/263 [00:00<00:00, 12894.24it/s]

  0%|          | 0/526 [00:00<?, ?it/s]
100%|██████████| 526/526 [00:00<00:00, 11426.67it/s]

  0%|          | 0/263 [00:00<?, ?it/s]
100%|██████████| 263/263 [00:00<00:00, 11965.79it/s]

  0%|          | 0/526 [00:00<?, ?it/s]
100%|██████████| 526/526 [00:00<00:00, 10424.57it/s]

  0%|          | 0/263 [00:00<?, ?it/s]
100%|██████████| 263/263 [00:00<00:00, 11684.16it/s]

  0%|          | 0/526 [00:00<?, ?it/s]
100%|██████████| 526/526 [00:00<00:00, 10773.58it/s]

  0%|          | 0/263 [00:00<?, ?it/s]
100%|██████████| 263/263 [00:00<00:00, 10816.53it/s]

  0%|          | 0/526 [00:00<?, ?it/s]
100%|██████████| 526/526 [00:00<00:00, 10771.01it/s]

  0%|          | 0/263 [00:00<?, ?it/s]
100%|██████████| 263/263 [00:00<00:00, 9295.39it/s]

  0%|          | 0/526 [00:00<?, ?it/s]
100%|██████████| 526/526 [00:00<00:00, 9170.39it/s]

  0%|          | 0/1052 [00:00<?, ?it/s]
 93%|█████████▎| 982/1052 [00:00<00:00, 9817.25it/s]
100%|██████████| 1052/1052 [00:00<00:00, 9934.99it/s]

  0%|          | 0/264 [00:00<?, ?it/s]
100%|██████████| 264/264 [00:00<00:00, 12433.85it/s]

  0%|          | 0/528 [00:00<?, ?it/s]
100%|██████████| 528/528 [00:00<00:00, 14083.08it/s]

  0%|          | 0/264 [00:00<?, ?it/s]
100%|██████████| 264/264 [00:00<00:00, 13596.80it/s]

  0%|          | 0/528 [00:00<?, ?it/s]
  8%|▊         | 44/528 [00:02<00:32, 14.99it/s]
100%|██████████| 528/528 [00:02<00:00, 177.53it/s]

  0%|          | 0/264 [00:00<?, ?it/s]
100%|██████████| 264/264 [00:00<00:00, 11290.65it/s]

  0%|          | 0/528 [00:00<?, ?it/s]
100%|██████████| 528/528 [00:00<00:00, 13012.09it/s]

  0%|          | 0/264 [00:00<?, ?it/s]
100%|██████████| 264/264 [00:00<00:00, 13601.98it/s]

  0%|          | 0/528 [00:00<?, ?it/s]
100%|██████████| 528/528 [00:00<00:00, 12473.56it/s]

  0%|          | 0/264 [00:00<?, ?it/s]
100%|██████████| 264/264 [00:00<00:00, 9219.09it/s]

  0%|          | 0/528 [00:00<?, ?it/s]
100%|██████████| 528/528 [00:00<00:00, 9288.97it/s]

  0%|          | 0/1056 [00:00<?, ?it/s]
 85%|████████▍ | 893/1056 [00:00<00:00, 8922.18it/s]
100%|██████████| 1056/1056 [00:00<00:00, 8951.34it/s]

  0%|          | 0/265 [00:00<?, ?it/s]
100%|██████████| 265/265 [00:00<00:00, 12570.44it/s]

  0%|          | 0/530 [00:00<?, ?it/s]
100%|██████████| 530/530 [00:00<00:00, 14267.53it/s]

  0%|          | 0/265 [00:00<?, ?it/s]
100%|██████████| 265/265 [00:00<00:00, 10827.33it/s]

  0%|          | 0/530 [00:00<?, ?it/s]
100%|██████████| 530/530 [00:00<00:00, 13116.48it/s]

  0%|          | 0/265 [00:00<?, ?it/s]
100%|██████████| 265/265 [00:00<00:00, 9359.84it/s]

  0%|          | 0/530 [00:00<?, ?it/s]
100%|██████████| 530/530 [00:00<00:00, 11434.91it/s]

  0%|          | 0/265 [00:00<?, ?it/s]
100%|██████████| 265/265 [00:00<00:00, 10374.38it/s]

  0%|          | 0/530 [00:00<?, ?it/s]
100%|██████████| 530/530 [00:00<00:00, 11538.42it/s]

  0%|          | 0/265 [00:00<?, ?it/s]
100%|██████████| 265/265 [00:00<00:00, 8806.47it/s]

  0%|          | 0/530 [00:00<?, ?it/s]
100%|██████████| 530/530 [00:00<00:00, 8575.75it/s]

  0%|          | 0/1060 [00:00<?, ?it/s]
 79%|███████▉  | 840/1060 [00:00<00:00, 8387.05it/s]
100%|██████████| 1060/1060 [00:00<00:00, 8670.63it/s]

  0%|          | 0/266 [00:00<?, ?it/s]
100%|██████████| 266/266 [00:00<00:00, 11641.73it/s]

  0%|          | 0/532 [00:00<?, ?it/s]
100%|██████████| 532/532 [00:00<00:00, 12361.95it/s]

  0%|          | 0/266 [00:00<?, ?it/s]
100%|██████████| 266/266 [00:00<00:00, 12509.50it/s]

  0%|          | 0/532 [00:00<?, ?it/s]
100%|██████████| 532/532 [00:00<00:00, 13876.25it/s]

  0%|          | 0/266 [00:00<?, ?it/s]
100%|██████████| 266/266 [00:00<00:00, 14273.46it/s]

  0%|          | 0/532 [00:00<?, ?it/s]
100%|██████████| 532/532 [00:00<00:00, 13468.19it/s]

  0%|          | 0/266 [00:00<?, ?it/s]
100%|██████████| 266/266 [00:00<00:00, 10507.19it/s]

  0%|          | 0/532 [00:00<?, ?it/s]
100%|██████████| 532/532 [00:00<00:00, 12661.83it/s]

  0%|          | 0/266 [00:00<?, ?it/s]
100%|██████████| 266/266 [00:00<00:00, 10031.69it/s]

  0%|          | 0/532 [00:00<?, ?it/s]
100%|██████████| 532/532 [00:00<00:00, 10165.74it/s]

  0%|          | 0/1064 [00:00<?, ?it/s]
 87%|████████▋ | 926/1064 [00:00<00:00, 9253.61it/s]
100%|██████████| 1064/1064 [00:00<00:00, 9181.89it/s]

  0%|          | 0/267 [00:00<?, ?it/s]
100%|██████████| 267/267 [00:00<00:00, 13695.98it/s]

  0%|          | 0/534 [00:00<?, ?it/s]
100%|██████████| 534/534 [00:00<00:00, 10615.42it/s]

  0%|          | 0/267 [00:00<?, ?it/s]
100%|██████████| 267/267 [00:00<00:00, 10111.41it/s]

  0%|          | 0/534 [00:00<?, ?it/s]
100%|██████████| 534/534 [00:00<00:00, 12217.95it/s]

  0%|          | 0/267 [00:00<?, ?it/s]
100%|██████████| 267/267 [00:00<00:00, 11537.77it/s]

  0%|          | 0/534 [00:00<?, ?it/s]
100%|██████████| 534/534 [00:00<00:00, 10344.21it/s]

  0%|          | 0/267 [00:00<?, ?it/s]
100%|██████████| 267/267 [00:00<00:00, 11894.25it/s]

  0%|          | 0/534 [00:00<?, ?it/s]
100%|██████████| 534/534 [00:00<00:00, 10518.95it/s]

  0%|          | 0/267 [00:00<?, ?it/s]
100%|██████████| 267/267 [00:00<00:00, 9386.53it/s]

  0%|          | 0/534 [00:00<?, ?it/s]
100%|██████████| 534/534 [00:00<00:00, 9434.37it/s]

  0%|          | 0/1068 [00:00<?, ?it/s]
 87%|████████▋ | 927/1068 [00:00<00:00, 9263.85it/s]
100%|██████████| 1068/1068 [00:00<00:00, 9064.89it/s]

  0%|          | 0/268 [00:00<?, ?it/s]
100%|██████████| 268/268 [00:00<00:00, 13964.69it/s]

  0%|          | 0/536 [00:00<?, ?it/s]
100%|██████████| 536/536 [00:00<00:00, 14002.61it/s]

  0%|          | 0/268 [00:00<?, ?it/s]
100%|██████████| 268/268 [00:00<00:00, 12778.50it/s]

  0%|          | 0/536 [00:00<?, ?it/s]
100%|██████████| 536/536 [00:00<00:00, 12204.00it/s]

  0%|          | 0/268 [00:00<?, ?it/s]
100%|██████████| 268/268 [00:00<00:00, 14076.61it/s]

  0%|          | 0/536 [00:00<?, ?it/s]
100%|██████████| 536/536 [00:00<00:00, 11310.35it/s]

  0%|          | 0/268 [00:00<?, ?it/s]
100%|██████████| 268/268 [00:00<00:00, 10685.21it/s]

  0%|          | 0/536 [00:00<?, ?it/s]
100%|██████████| 536/536 [00:00<00:00, 12414.60it/s]

  0%|          | 0/268 [00:00<?, ?it/s]
100%|██████████| 268/268 [00:00<00:00, 11178.80it/s]

  0%|          | 0/536 [00:00<?, ?it/s]
100%|██████████| 536/536 [00:00<00:00, 9580.61it/s]

  0%|          | 0/1072 [00:00<?, ?it/s]
 77%|███████▋  | 830/1072 [00:00<00:00, 8294.89it/s]
100%|██████████| 1072/1072 [00:00<00:00, 8096.86it/s]

  0%|          | 0/269 [00:00<?, ?it/s]
100%|██████████| 269/269 [00:00<00:00, 13393.97it/s]

  0%|          | 0/538 [00:00<?, ?it/s]
100%|██████████| 538/538 [00:00<00:00, 13217.45it/s]

  0%|          | 0/269 [00:00<?, ?it/s]
100%|██████████| 269/269 [00:00<00:00, 12250.33it/s]

  0%|          | 0/538 [00:00<?, ?it/s]
100%|██████████| 538/538 [00:00<00:00, 10184.16it/s]

  0%|          | 0/269 [00:00<?, ?it/s]
100%|██████████| 269/269 [00:00<00:00, 9061.88it/s]

  0%|          | 0/538 [00:00<?, ?it/s]
100%|██████████| 538/538 [00:00<00:00, 11108.11it/s]

  0%|          | 0/269 [00:00<?, ?it/s]
100%|██████████| 269/269 [00:00<00:00, 12232.80it/s]

  0%|          | 0/538 [00:00<?, ?it/s]
100%|██████████| 538/538 [00:00<00:00, 11722.32it/s]

  0%|          | 0/269 [00:00<?, ?it/s]
100%|██████████| 269/269 [00:00<00:00, 10314.27it/s]

  0%|          | 0/538 [00:00<?, ?it/s]
100%|██████████| 538/538 [00:00<00:00, 9012.23it/s]

  0%|          | 0/1076 [00:00<?, ?it/s]
 69%|██████▉   | 744/1076 [00:00<00:00, 7435.52it/s]
100%|██████████| 1076/1076 [00:00<00:00, 8040.02it/s]

  0%|          | 0/270 [00:00<?, ?it/s]
100%|██████████| 270/270 [00:00<00:00, 14147.11it/s]

  0%|          | 0/540 [00:00<?, ?it/s]
100%|██████████| 540/540 [00:00<00:00, 13062.22it/s]

  0%|          | 0/270 [00:00<?, ?it/s]
100%|██████████| 270/270 [00:00<00:00, 11130.50it/s]

  0%|          | 0/540 [00:00<?, ?it/s]
100%|██████████| 540/540 [00:00<00:00, 11766.33it/s]

  0%|          | 0/270 [00:00<?, ?it/s]
100%|██████████| 270/270 [00:00<00:00, 11249.92it/s]

  0%|          | 0/540 [00:00<?, ?it/s]
100%|██████████| 540/540 [00:00<00:00, 13682.86it/s]

  0%|          | 0/270 [00:00<?, ?it/s]
100%|██████████| 270/270 [00:00<00:00, 9030.94it/s]

  0%|          | 0/540 [00:00<?, ?it/s]
100%|██████████| 540/540 [00:00<00:00, 11057.63it/s]

  0%|          | 0/270 [00:00<?, ?it/s]
100%|██████████| 270/270 [00:00<00:00, 9666.03it/s]

  0%|          | 0/540 [00:00<?, ?it/s]
100%|██████████| 540/540 [00:00<00:00, 8295.54it/s]

  0%|          | 0/1080 [00:00<?, ?it/s]
 75%|███████▌  | 812/1080 [00:00<00:00, 8115.75it/s]
100%|██████████| 1080/1080 [00:00<00:00, 7939.48it/s]

  0%|          | 0/271 [00:00<?, ?it/s]
100%|██████████| 271/271 [00:00<00:00, 10188.93it/s]

  0%|          | 0/542 [00:00<?, ?it/s]
100%|██████████| 542/542 [00:00<00:00, 12274.58it/s]

  0%|          | 0/271 [00:00<?, ?it/s]
100%|██████████| 271/271 [00:00<00:00, 12046.08it/s]

  0%|          | 0/542 [00:00<?, ?it/s]
100%|██████████| 542/542 [00:00<00:00, 12312.80it/s]

  0%|          | 0/271 [00:00<?, ?it/s]
100%|██████████| 271/271 [00:00<00:00, 12361.41it/s]

  0%|          | 0/542 [00:00<?, ?it/s]
100%|██████████| 542/542 [00:00<00:00, 12719.04it/s]

  0%|          | 0/271 [00:00<?, ?it/s]
100%|██████████| 271/271 [00:00<00:00, 12026.58it/s]

  0%|          | 0/542 [00:00<?, ?it/s]
100%|██████████| 542/542 [00:00<00:00, 9662.45it/s]

  0%|          | 0/271 [00:00<?, ?it/s]
100%|██████████| 271/271 [00:00<00:00, 10450.67it/s]

  0%|          | 0/542 [00:00<?, ?it/s]
100%|██████████| 542/542 [00:00<00:00, 9117.91it/s]

  0%|          | 0/1084 [00:00<?, ?it/s]
 80%|████████  | 869/1084 [00:00<00:00, 8678.48it/s]
100%|██████████| 1084/1084 [00:00<00:00, 8939.88it/s]

  0%|          | 0/272 [00:00<?, ?it/s]
100%|██████████| 272/272 [00:00<00:00, 13187.81it/s]

  0%|          | 0/544 [00:00<?, ?it/s]
100%|██████████| 544/544 [00:00<00:00, 15075.96it/s]

  0%|          | 0/272 [00:00<?, ?it/s]
100%|██████████| 272/272 [00:00<00:00, 15535.52it/s]

  0%|          | 0/544 [00:00<?, ?it/s]
100%|██████████| 544/544 [00:00<00:00, 14457.44it/s]

  0%|          | 0/272 [00:00<?, ?it/s]
100%|██████████| 272/272 [00:00<00:00, 9202.64it/s]

  0%|          | 0/544 [00:00<?, ?it/s]
100%|██████████| 544/544 [00:00<00:00, 11775.49it/s]

  0%|          | 0/272 [00:00<?, ?it/s]
100%|██████████| 272/272 [00:00<00:00, 9112.59it/s]

  0%|          | 0/544 [00:00<?, ?it/s]
100%|██████████| 544/544 [00:00<00:00, 10104.30it/s]

  0%|          | 0/272 [00:00<?, ?it/s]
100%|██████████| 272/272 [00:00<00:00, 7392.09it/s]

  0%|          | 0/544 [00:00<?, ?it/s]
100%|██████████| 544/544 [00:00<00:00, 8098.41it/s]

  0%|          | 0/1088 [00:00<?, ?it/s]
 67%|██████▋   | 728/1088 [00:00<00:00, 7258.70it/s]
100%|██████████| 1088/1088 [00:00<00:00, 7056.95it/s]

  0%|          | 0/273 [00:00<?, ?it/s]
100%|██████████| 273/273 [00:00<00:00, 12564.69it/s]

  0%|          | 0/546 [00:00<?, ?it/s]
100%|██████████| 546/546 [00:00<00:00, 11196.46it/s]

  0%|          | 0/273 [00:00<?, ?it/s]
100%|██████████| 273/273 [00:00<00:00, 12557.25it/s]

  0%|          | 0/546 [00:00<?, ?it/s]
100%|██████████| 546/546 [00:00<00:00, 13745.71it/s]

  0%|          | 0/273 [00:00<?, ?it/s]
100%|██████████| 273/273 [00:00<00:00, 11955.20it/s]

  0%|          | 0/546 [00:00<?, ?it/s]
100%|██████████| 546/546 [00:00<00:00, 12688.53it/s]

  0%|          | 0/273 [00:00<?, ?it/s]
100%|██████████| 273/273 [00:00<00:00, 10359.49it/s]

  0%|          | 0/546 [00:00<?, ?it/s]
100%|██████████| 546/546 [00:00<00:00, 9098.85it/s]

  0%|          | 0/273 [00:00<?, ?it/s]
100%|██████████| 273/273 [00:00<00:00, 8066.54it/s]

  0%|          | 0/546 [00:00<?, ?it/s]
100%|██████████| 546/546 [00:00<00:00, 9682.19it/s]

  0%|          | 0/1092 [00:00<?, ?it/s]
 65%|██████▌   | 713/1092 [00:00<00:00, 7119.52it/s]
100%|██████████| 1092/1092 [00:00<00:00, 6931.53it/s]

  0%|          | 0/274 [00:00<?, ?it/s]
100%|██████████| 274/274 [00:00<00:00, 9594.82it/s]

  0%|          | 0/548 [00:00<?, ?it/s]
100%|██████████| 548/548 [00:00<00:00, 10726.72it/s]

  0%|          | 0/274 [00:00<?, ?it/s]
100%|██████████| 274/274 [00:00<00:00, 12980.03it/s]

  0%|          | 0/548 [00:00<?, ?it/s]
100%|██████████| 548/548 [00:00<00:00, 12859.13it/s]

  0%|          | 0/274 [00:00<?, ?it/s]
100%|██████████| 274/274 [00:00<00:00, 10090.69it/s]

  0%|          | 0/548 [00:00<?, ?it/s]
100%|██████████| 548/548 [00:00<00:00, 10867.77it/s]

  0%|          | 0/274 [00:00<?, ?it/s]
100%|██████████| 274/274 [00:00<00:00, 12076.66it/s]

  0%|          | 0/548 [00:00<?, ?it/s]
100%|██████████| 548/548 [00:00<00:00, 13098.54it/s]

  0%|          | 0/274 [00:00<?, ?it/s]
100%|██████████| 274/274 [00:00<00:00, 8948.58it/s]

  0%|          | 0/548 [00:00<?, ?it/s]
100%|██████████| 548/548 [00:00<00:00, 9905.83it/s]

  0%|          | 0/1096 [00:00<?, ?it/s]
 79%|███████▊  | 863/1096 [00:00<00:00, 8623.24it/s]
100%|██████████| 1096/1096 [00:00<00:00, 8712.08it/s]

  0%|          | 0/275 [00:00<?, ?it/s]
100%|██████████| 275/275 [00:00<00:00, 12514.06it/s]

  0%|          | 0/550 [00:00<?, ?it/s]
100%|██████████| 550/550 [00:00<00:00, 11281.79it/s]

  0%|          | 0/275 [00:00<?, ?it/s]
100%|██████████| 275/275 [00:00<00:00, 10393.45it/s]

  0%|          | 0/550 [00:00<?, ?it/s]
100%|██████████| 550/550 [00:00<00:00, 14436.69it/s]

  0%|          | 0/275 [00:00<?, ?it/s]
100%|██████████| 275/275 [00:00<00:00, 11203.39it/s]

  0%|          | 0/550 [00:00<?, ?it/s]
100%|██████████| 550/550 [00:00<00:00, 10087.05it/s]

  0%|          | 0/275 [00:00<?, ?it/s]
100%|██████████| 275/275 [00:00<00:00, 10670.55it/s]

  0%|          | 0/550 [00:00<?, ?it/s]
100%|██████████| 550/550 [00:00<00:00, 11664.87it/s]

  0%|          | 0/275 [00:00<?, ?it/s]
100%|██████████| 275/275 [00:00<00:00, 9635.23it/s]

  0%|          | 0/550 [00:00<?, ?it/s]
100%|██████████| 550/550 [00:00<00:00, 9306.88it/s]

  0%|          | 0/1100 [00:00<?, ?it/s]
 69%|██████▉   | 761/1100 [00:00<00:00, 7606.62it/s]
100%|██████████| 1100/1100 [00:00<00:00, 7547.33it/s]

  0%|          | 0/276 [00:00<?, ?it/s]
100%|██████████| 276/276 [00:00<00:00, 10415.29it/s]

  0%|          | 0/552 [00:00<?, ?it/s]
100%|██████████| 552/552 [00:00<00:00, 14229.25it/s]

  0%|          | 0/276 [00:00<?, ?it/s]
100%|██████████| 276/276 [00:00<00:00, 11934.80it/s]

  0%|          | 0/552 [00:00<?, ?it/s]
100%|██████████| 552/552 [00:00<00:00, 13185.95it/s]

  0%|          | 0/276 [00:00<?, ?it/s]
100%|██████████| 276/276 [00:00<00:00, 9897.89it/s]

  0%|          | 0/552 [00:00<?, ?it/s]
100%|██████████| 552/552 [00:00<00:00, 12752.44it/s]

  0%|          | 0/276 [00:00<?, ?it/s]
100%|██████████| 276/276 [00:00<00:00, 11390.61it/s]

  0%|          | 0/552 [00:00<?, ?it/s]
100%|██████████| 552/552 [00:00<00:00, 10217.64it/s]

  0%|          | 0/276 [00:00<?, ?it/s]
100%|██████████| 276/276 [00:00<00:00, 8617.34it/s]

  0%|          | 0/552 [00:00<?, ?it/s]
100%|██████████| 552/552 [00:00<00:00, 8133.61it/s]

  0%|          | 0/1104 [00:00<?, ?it/s]
 76%|███████▌  | 835/1104 [00:00<00:00, 8343.36it/s]
100%|██████████| 1104/1104 [00:00<00:00, 8298.17it/s]

  0%|          | 0/277 [00:00<?, ?it/s]
100%|██████████| 277/277 [00:00<00:00, 13274.63it/s]

  0%|          | 0/554 [00:00<?, ?it/s]
100%|██████████| 554/554 [00:00<00:00, 12258.22it/s]

  0%|          | 0/277 [00:00<?, ?it/s]
100%|██████████| 277/277 [00:00<00:00, 11979.90it/s]

  0%|          | 0/554 [00:00<?, ?it/s]
100%|██████████| 554/554 [00:00<00:00, 12648.99it/s]

  0%|          | 0/277 [00:00<?, ?it/s]
100%|██████████| 277/277 [00:00<00:00, 11663.59it/s]

  0%|          | 0/554 [00:00<?, ?it/s]
100%|██████████| 554/554 [00:00<00:00, 10009.54it/s]

  0%|          | 0/277 [00:00<?, ?it/s]
100%|██████████| 277/277 [00:00<00:00, 9110.04it/s]

  0%|          | 0/554 [00:00<?, ?it/s]
100%|██████████| 554/554 [00:00<00:00, 10713.86it/s]

  0%|          | 0/277 [00:00<?, ?it/s]
100%|██████████| 277/277 [00:00<00:00, 9812.85it/s]

  0%|          | 0/554 [00:00<?, ?it/s]
100%|██████████| 554/554 [00:00<00:00, 10050.84it/s]

  0%|          | 0/1108 [00:00<?, ?it/s]
 78%|███████▊  | 862/1108 [00:00<00:00, 8611.96it/s]
100%|██████████| 1108/1108 [00:00<00:00, 8672.55it/s]

  0%|          | 0/278 [00:00<?, ?it/s]
100%|██████████| 278/278 [00:00<00:00, 13565.27it/s]

  0%|          | 0/556 [00:00<?, ?it/s]
100%|██████████| 556/556 [00:00<00:00, 14479.10it/s]

  0%|          | 0/278 [00:00<?, ?it/s]
100%|██████████| 278/278 [00:00<00:00, 14157.39it/s]

  0%|          | 0/556 [00:00<?, ?it/s]
100%|██████████| 556/556 [00:00<00:00, 13985.79it/s]

  0%|          | 0/278 [00:00<?, ?it/s]
100%|██████████| 278/278 [00:00<00:00, 12959.34it/s]

  0%|          | 0/556 [00:00<?, ?it/s]
100%|██████████| 556/556 [00:00<00:00, 12221.11it/s]

  0%|          | 0/278 [00:00<?, ?it/s]
100%|██████████| 278/278 [00:00<00:00, 11333.86it/s]

  0%|          | 0/556 [00:00<?, ?it/s]
100%|██████████| 556/556 [00:00<00:00, 10484.91it/s]

  0%|          | 0/278 [00:00<?, ?it/s]
100%|██████████| 278/278 [00:00<00:00, 10663.06it/s]

  0%|          | 0/556 [00:00<?, ?it/s]
100%|██████████| 556/556 [00:00<00:00, 8534.12it/s]

  0%|          | 0/1112 [00:00<?, ?it/s]
 70%|███████   | 782/1112 [00:00<00:00, 7816.43it/s]
100%|██████████| 1112/1112 [00:00<00:00, 7515.16it/s]

  0%|          | 0/279 [00:00<?, ?it/s]
100%|██████████| 279/279 [00:00<00:00, 14567.73it/s]

  0%|          | 0/558 [00:00<?, ?it/s]
100%|██████████| 558/558 [00:00<00:00, 11790.72it/s]

  0%|          | 0/279 [00:00<?, ?it/s]
100%|██████████| 279/279 [00:00<00:00, 14162.91it/s]

  0%|          | 0/558 [00:00<?, ?it/s]
100%|██████████| 558/558 [00:00<00:00, 12816.36it/s]

  0%|          | 0/279 [00:00<?, ?it/s]
100%|██████████| 279/279 [00:00<00:00, 12472.94it/s]

  0%|          | 0/558 [00:00<?, ?it/s]
100%|██████████| 558/558 [00:00<00:00, 10467.38it/s]

  0%|          | 0/279 [00:00<?, ?it/s]
100%|██████████| 279/279 [00:00<00:00, 11973.18it/s]

  0%|          | 0/558 [00:00<?, ?it/s]
100%|██████████| 558/558 [00:00<00:00, 10563.52it/s]

  0%|          | 0/279 [00:00<?, ?it/s]
100%|██████████| 279/279 [00:00<00:00, 9714.44it/s]

  0%|          | 0/558 [00:00<?, ?it/s]
100%|██████████| 558/558 [00:00<00:00, 10009.33it/s]

  0%|          | 0/1116 [00:00<?, ?it/s]
 74%|███████▍  | 826/1116 [00:00<00:00, 8253.53it/s]
100%|██████████| 1116/1116 [00:00<00:00, 8019.99it/s]

  0%|          | 0/280 [00:00<?, ?it/s]
100%|██████████| 280/280 [00:00<00:00, 11138.03it/s]

  0%|          | 0/560 [00:00<?, ?it/s]
100%|██████████| 560/560 [00:00<00:00, 10503.77it/s]

  0%|          | 0/280 [00:00<?, ?it/s]
100%|██████████| 280/280 [00:00<00:00, 11901.39it/s]

  0%|          | 0/560 [00:00<?, ?it/s]
100%|██████████| 560/560 [00:00<00:00, 11277.66it/s]

  0%|          | 0/280 [00:00<?, ?it/s]
100%|██████████| 280/280 [00:00<00:00, 13351.58it/s]

  0%|          | 0/560 [00:00<?, ?it/s]
100%|██████████| 560/560 [00:00<00:00, 11089.39it/s]

  0%|          | 0/280 [00:00<?, ?it/s]
100%|██████████| 280/280 [00:00<00:00, 13354.16it/s]

  0%|          | 0/560 [00:00<?, ?it/s]
100%|██████████| 560/560 [00:00<00:00, 10463.11it/s]

  0%|          | 0/280 [00:00<?, ?it/s]
100%|██████████| 280/280 [00:00<00:00, 10028.39it/s]

  0%|          | 0/560 [00:00<?, ?it/s]
100%|██████████| 560/560 [00:00<00:00, 9377.46it/s]

  0%|          | 0/1120 [00:00<?, ?it/s]
 78%|███████▊  | 870/1120 [00:00<00:00, 8692.57it/s]
100%|██████████| 1120/1120 [00:00<00:00, 8518.18it/s]

  0%|          | 0/281 [00:00<?, ?it/s]
100%|██████████| 281/281 [00:00<00:00, 11765.64it/s]

  0%|          | 0/562 [00:00<?, ?it/s]
100%|██████████| 562/562 [00:00<00:00, 14217.81it/s]

  0%|          | 0/281 [00:00<?, ?it/s]
100%|██████████| 281/281 [00:00<00:00, 13564.27it/s]

  0%|          | 0/562 [00:00<?, ?it/s]
100%|██████████| 562/562 [00:00<00:00, 10689.03it/s]

  0%|          | 0/281 [00:00<?, ?it/s]
100%|██████████| 281/281 [00:00<00:00, 12407.88it/s]

  0%|          | 0/562 [00:00<?, ?it/s]
100%|██████████| 562/562 [00:00<00:00, 11125.47it/s]

  0%|          | 0/281 [00:00<?, ?it/s]
100%|██████████| 281/281 [00:00<00:00, 10516.26it/s]

  0%|          | 0/562 [00:00<?, ?it/s]
100%|██████████| 562/562 [00:00<00:00, 7218.51it/s]

  0%|          | 0/281 [00:00<?, ?it/s]
100%|██████████| 281/281 [00:00<00:00, 9269.07it/s]

  0%|          | 0/562 [00:00<?, ?it/s]
100%|██████████| 562/562 [00:00<00:00, 7919.10it/s]

  0%|          | 0/1124 [00:00<?, ?it/s]
 73%|███████▎  | 819/1124 [00:00<00:00, 8187.00it/s]
100%|██████████| 1124/1124 [00:00<00:00, 8505.74it/s]

  0%|          | 0/282 [00:00<?, ?it/s]
100%|██████████| 282/282 [00:00<00:00, 9516.94it/s]

  0%|          | 0/564 [00:00<?, ?it/s]
100%|██████████| 564/564 [00:00<00:00, 10689.07it/s]

  0%|          | 0/282 [00:00<?, ?it/s]
100%|██████████| 282/282 [00:00<00:00, 11302.70it/s]

  0%|          | 0/564 [00:00<?, ?it/s]
100%|██████████| 564/564 [00:00<00:00, 12965.82it/s]

  0%|          | 0/282 [00:00<?, ?it/s]
100%|██████████| 282/282 [00:00<00:00, 13178.91it/s]

  0%|          | 0/564 [00:00<?, ?it/s]
100%|██████████| 564/564 [00:00<00:00, 11251.04it/s]

  0%|          | 0/282 [00:00<?, ?it/s]
100%|██████████| 282/282 [00:00<00:00, 8491.23it/s]

  0%|          | 0/564 [00:00<?, ?it/s]
100%|██████████| 564/564 [00:00<00:00, 9956.80it/s]

  0%|          | 0/282 [00:00<?, ?it/s]
100%|██████████| 282/282 [00:00<00:00, 8262.33it/s]

  0%|          | 0/564 [00:00<?, ?it/s]
100%|██████████| 564/564 [00:00<00:00, 8702.77it/s]

  0%|          | 0/1128 [00:00<?, ?it/s]
 71%|███████   | 796/1128 [00:00<00:00, 7954.68it/s]
100%|██████████| 1128/1128 [00:00<00:00, 7741.89it/s]

  0%|          | 0/283 [00:00<?, ?it/s]
100%|██████████| 283/283 [00:00<00:00, 12694.65it/s]

  0%|          | 0/566 [00:00<?, ?it/s]
100%|██████████| 566/566 [00:00<00:00, 13159.07it/s]

  0%|          | 0/283 [00:00<?, ?it/s]
100%|██████████| 283/283 [00:00<00:00, 10678.48it/s]

  0%|          | 0/566 [00:00<?, ?it/s]
100%|██████████| 566/566 [00:00<00:00, 12792.68it/s]

  0%|          | 0/283 [00:00<?, ?it/s]
100%|██████████| 283/283 [00:00<00:00, 8668.20it/s]

  0%|          | 0/566 [00:00<?, ?it/s]
100%|██████████| 566/566 [00:00<00:00, 13991.73it/s]

  0%|          | 0/283 [00:00<?, ?it/s]
100%|██████████| 283/283 [00:00<00:00, 9883.41it/s]

  0%|          | 0/566 [00:00<?, ?it/s]
100%|██████████| 566/566 [00:00<00:00, 11126.15it/s]

  0%|          | 0/283 [00:00<?, ?it/s]
100%|██████████| 283/283 [00:00<00:00, 9809.25it/s]

  0%|          | 0/566 [00:00<?, ?it/s]
100%|██████████| 566/566 [00:00<00:00, 8025.88it/s]

  0%|          | 0/1132 [00:00<?, ?it/s]
 69%|██████▉   | 784/1132 [00:00<00:00, 7831.10it/s]
100%|██████████| 1132/1132 [00:00<00:00, 8146.63it/s]

  0%|          | 0/284 [00:00<?, ?it/s]
100%|██████████| 284/284 [00:00<00:00, 11785.02it/s]

  0%|          | 0/568 [00:00<?, ?it/s]
100%|██████████| 568/568 [00:00<00:00, 11623.56it/s]

  0%|          | 0/284 [00:00<?, ?it/s]
100%|██████████| 284/284 [00:00<00:00, 12138.57it/s]

  0%|          | 0/568 [00:00<?, ?it/s]
100%|██████████| 568/568 [00:00<00:00, 10832.03it/s]

  0%|          | 0/284 [00:00<?, ?it/s]
100%|██████████| 284/284 [00:00<00:00, 10256.70it/s]

  0%|          | 0/568 [00:00<?, ?it/s]
100%|██████████| 568/568 [00:00<00:00, 11374.55it/s]

  0%|          | 0/284 [00:00<?, ?it/s]
100%|██████████| 284/284 [00:00<00:00, 11192.80it/s]

  0%|          | 0/568 [00:00<?, ?it/s]
100%|██████████| 568/568 [00:00<00:00, 10130.74it/s]

  0%|          | 0/284 [00:00<?, ?it/s]
100%|██████████| 284/284 [00:00<00:00, 8861.91it/s]

  0%|          | 0/568 [00:00<?, ?it/s]
100%|██████████| 568/568 [00:00<00:00, 9602.36it/s]

  0%|          | 0/1136 [00:00<?, ?it/s]
 73%|███████▎  | 833/1136 [00:00<00:00, 8311.56it/s]
100%|██████████| 1136/1136 [00:00<00:00, 7752.43it/s]

  0%|          | 0/285 [00:00<?, ?it/s]
100%|██████████| 285/285 [00:00<00:00, 10279.27it/s]

  0%|          | 0/570 [00:00<?, ?it/s]
100%|██████████| 570/570 [00:00<00:00, 12136.23it/s]

  0%|          | 0/285 [00:00<?, ?it/s]
100%|██████████| 285/285 [00:00<00:00, 12902.21it/s]

  0%|          | 0/570 [00:00<?, ?it/s]
100%|██████████| 570/570 [00:00<00:00, 9333.99it/s]

  0%|          | 0/285 [00:00<?, ?it/s]
100%|██████████| 285/285 [00:00<00:00, 8665.29it/s]

  0%|          | 0/570 [00:00<?, ?it/s]
100%|██████████| 570/570 [00:00<00:00, 12322.20it/s]

  0%|          | 0/285 [00:00<?, ?it/s]
100%|██████████| 285/285 [00:00<00:00, 10954.80it/s]

  0%|          | 0/570 [00:00<?, ?it/s]
100%|██████████| 570/570 [00:00<00:00, 10551.43it/s]

  0%|          | 0/285 [00:00<?, ?it/s]
100%|██████████| 285/285 [00:00<00:00, 10716.06it/s]

  0%|          | 0/570 [00:00<?, ?it/s]
100%|██████████| 570/570 [00:00<00:00, 8798.72it/s]

  0%|          | 0/1140 [00:00<?, ?it/s]
 70%|███████   | 802/1140 [00:00<00:00, 8019.55it/s]
100%|██████████| 1140/1140 [00:00<00:00, 7882.37it/s]

  0%|          | 0/286 [00:00<?, ?it/s]
100%|██████████| 286/286 [00:00<00:00, 14418.44it/s]

  0%|          | 0/572 [00:00<?, ?it/s]
100%|██████████| 572/572 [00:00<00:00, 13486.66it/s]

  0%|          | 0/286 [00:00<?, ?it/s]
100%|██████████| 286/286 [00:00<00:00, 9964.54it/s]

  0%|          | 0/572 [00:00<?, ?it/s]
100%|██████████| 572/572 [00:00<00:00, 11948.33it/s]

  0%|          | 0/286 [00:00<?, ?it/s]
100%|██████████| 286/286 [00:00<00:00, 12764.79it/s]

  0%|          | 0/572 [00:00<?, ?it/s]
100%|██████████| 572/572 [00:00<00:00, 14129.97it/s]

  0%|          | 0/286 [00:00<?, ?it/s]
100%|██████████| 286/286 [00:00<00:00, 11443.45it/s]

  0%|          | 0/572 [00:00<?, ?it/s]
100%|██████████| 572/572 [00:00<00:00, 9809.99it/s]

  0%|          | 0/286 [00:00<?, ?it/s]
100%|██████████| 286/286 [00:00<00:00, 8798.38it/s]

  0%|          | 0/572 [00:00<?, ?it/s]
100%|██████████| 572/572 [00:00<00:00, 8506.36it/s]

  0%|          | 0/1144 [00:00<?, ?it/s]
 67%|██████▋   | 768/1144 [00:00<00:00, 7665.99it/s]
100%|██████████| 1144/1144 [00:00<00:00, 8101.40it/s]

  0%|          | 0/287 [00:00<?, ?it/s]
100%|██████████| 287/287 [00:00<00:00, 12088.42it/s]

  0%|          | 0/574 [00:00<?, ?it/s]
100%|██████████| 574/574 [00:00<00:00, 12477.61it/s]

  0%|          | 0/287 [00:00<?, ?it/s]
100%|██████████| 287/287 [00:00<00:00, 10192.07it/s]

  0%|          | 0/574 [00:00<?, ?it/s]
100%|██████████| 574/574 [00:00<00:00, 14116.94it/s]

  0%|          | 0/287 [00:00<?, ?it/s]
100%|██████████| 287/287 [00:00<00:00, 12615.57it/s]

  0%|          | 0/574 [00:00<?, ?it/s]
100%|██████████| 574/574 [00:00<00:00, 12118.24it/s]

  0%|          | 0/287 [00:00<?, ?it/s]
100%|██████████| 287/287 [00:00<00:00, 12291.47it/s]

  0%|          | 0/574 [00:00<?, ?it/s]
100%|██████████| 574/574 [00:00<00:00, 9014.03it/s]

  0%|          | 0/287 [00:00<?, ?it/s]
100%|██████████| 287/287 [00:00<00:00, 9631.12it/s]

  0%|          | 0/574 [00:00<?, ?it/s]
100%|██████████| 574/574 [00:00<00:00, 8650.22it/s]

  0%|          | 0/1148 [00:00<?, ?it/s]
 67%|██████▋   | 770/1148 [00:00<00:00, 7696.87it/s]
100%|██████████| 1148/1148 [00:00<00:00, 7591.15it/s]

  0%|          | 0/288 [00:00<?, ?it/s]
100%|██████████| 288/288 [00:00<00:00, 9986.03it/s]

  0%|          | 0/576 [00:00<?, ?it/s]
100%|██████████| 576/576 [00:00<00:00, 11855.12it/s]

  0%|          | 0/288 [00:00<?, ?it/s]
100%|██████████| 288/288 [00:00<00:00, 9496.76it/s]

  0%|          | 0/576 [00:00<?, ?it/s]
100%|██████████| 576/576 [00:00<00:00, 9907.97it/s]

  0%|          | 0/288 [00:00<?, ?it/s]
100%|██████████| 288/288 [00:00<00:00, 9261.65it/s]

  0%|          | 0/576 [00:00<?, ?it/s]
100%|██████████| 576/576 [00:00<00:00, 10529.91it/s]

  0%|          | 0/288 [00:00<?, ?it/s]
100%|██████████| 288/288 [00:00<00:00, 11039.26it/s]

  0%|          | 0/576 [00:00<?, ?it/s]
100%|██████████| 576/576 [00:00<00:00, 10349.65it/s]

  0%|          | 0/288 [00:00<?, ?it/s]
100%|██████████| 288/288 [00:00<00:00, 9720.68it/s]

  0%|          | 0/576 [00:00<?, ?it/s]
100%|██████████| 576/576 [00:00<00:00, 9244.60it/s]

  0%|          | 0/1152 [00:00<?, ?it/s]
 69%|██████▉   | 794/1152 [00:00<00:00, 7929.14it/s]
100%|██████████| 1152/1152 [00:00<00:00, 7098.86it/s]

  0%|          | 0/289 [00:00<?, ?it/s]
100%|██████████| 289/289 [00:00<00:00, 9216.08it/s]

  0%|          | 0/578 [00:00<?, ?it/s]
100%|██████████| 578/578 [00:00<00:00, 11989.12it/s]

  0%|          | 0/289 [00:00<?, ?it/s]
100%|██████████| 289/289 [00:00<00:00, 11958.54it/s]

  0%|          | 0/578 [00:00<?, ?it/s]
100%|██████████| 578/578 [00:00<00:00, 12718.35it/s]

  0%|          | 0/289 [00:00<?, ?it/s]
100%|██████████| 289/289 [00:00<00:00, 10579.94it/s]

  0%|          | 0/578 [00:00<?, ?it/s]
100%|██████████| 578/578 [00:00<00:00, 9969.27it/s]

  0%|          | 0/289 [00:00<?, ?it/s]
100%|██████████| 289/289 [00:00<00:00, 8919.00it/s]

  0%|          | 0/578 [00:00<?, ?it/s]
100%|██████████| 578/578 [00:00<00:00, 8771.27it/s]

  0%|          | 0/289 [00:00<?, ?it/s]
100%|██████████| 289/289 [00:00<00:00, 7980.94it/s]

  0%|          | 0/578 [00:00<?, ?it/s]
100%|██████████| 578/578 [00:00<00:00, 8968.16it/s]

  0%|          | 0/1156 [00:00<?, ?it/s]
 78%|███████▊  | 898/1156 [00:00<00:00, 8965.54it/s]
100%|██████████| 1156/1156 [00:00<00:00, 7668.39it/s]

  0%|          | 0/290 [00:00<?, ?it/s]
100%|██████████| 290/290 [00:00<00:00, 15068.73it/s]

  0%|          | 0/580 [00:00<?, ?it/s]
100%|██████████| 580/580 [00:00<00:00, 13265.30it/s]

  0%|          | 0/290 [00:00<?, ?it/s]
100%|██████████| 290/290 [00:00<00:00, 10611.08it/s]

  0%|          | 0/580 [00:00<?, ?it/s]
100%|██████████| 580/580 [00:00<00:00, 10138.90it/s]

  0%|          | 0/290 [00:00<?, ?it/s]
100%|██████████| 290/290 [00:00<00:00, 11205.32it/s]

  0%|          | 0/580 [00:00<?, ?it/s]
100%|██████████| 580/580 [00:00<00:00, 11551.54it/s]

  0%|          | 0/290 [00:00<?, ?it/s]
100%|██████████| 290/290 [00:00<00:00, 9679.45it/s]

  0%|          | 0/580 [00:00<?, ?it/s]
100%|██████████| 580/580 [00:00<00:00, 8653.13it/s]

  0%|          | 0/290 [00:00<?, ?it/s]
100%|██████████| 290/290 [00:00<00:00, 9655.70it/s]

  0%|          | 0/580 [00:00<?, ?it/s]
100%|██████████| 580/580 [00:00<00:00, 8329.50it/s]

  0%|          | 0/1160 [00:00<?, ?it/s]
 64%|██████▍   | 743/1160 [00:00<00:00, 7413.82it/s]
100%|██████████| 1160/1160 [00:00<00:00, 7150.38it/s]

  0%|          | 0/291 [00:00<?, ?it/s]
100%|██████████| 291/291 [00:00<00:00, 14069.33it/s]

  0%|          | 0/582 [00:00<?, ?it/s]
100%|██████████| 582/582 [00:00<00:00, 10953.35it/s]

  0%|          | 0/291 [00:00<?, ?it/s]
100%|██████████| 291/291 [00:00<00:00, 13085.70it/s]

  0%|          | 0/582 [00:00<?, ?it/s]
100%|██████████| 582/582 [00:00<00:00, 13939.02it/s]

  0%|          | 0/291 [00:00<?, ?it/s]
100%|██████████| 291/291 [00:00<00:00, 11540.57it/s]

  0%|          | 0/582 [00:00<?, ?it/s]
100%|██████████| 582/582 [00:00<00:00, 10525.41it/s]

  0%|          | 0/291 [00:00<?, ?it/s]
100%|██████████| 291/291 [00:00<00:00, 10453.88it/s]

  0%|          | 0/582 [00:00<?, ?it/s]
100%|██████████| 582/582 [00:00<00:00, 9917.91it/s]

  0%|          | 0/291 [00:00<?, ?it/s]
100%|██████████| 291/291 [00:00<00:00, 10378.59it/s]

  0%|          | 0/582 [00:00<?, ?it/s]
100%|██████████| 582/582 [00:00<00:00, 8400.33it/s]

  0%|          | 0/1164 [00:00<?, ?it/s]
 73%|███████▎  | 851/1164 [00:00<00:00, 8506.48it/s]
100%|██████████| 1164/1164 [00:00<00:00, 7462.70it/s]

  0%|          | 0/292 [00:00<?, ?it/s]
100%|██████████| 292/292 [00:00<00:00, 15644.39it/s]

  0%|          | 0/584 [00:00<?, ?it/s]
100%|██████████| 584/584 [00:00<00:00, 14955.88it/s]

  0%|          | 0/292 [00:00<?, ?it/s]
100%|██████████| 292/292 [00:00<00:00, 11633.58it/s]

  0%|          | 0/584 [00:00<?, ?it/s]
100%|██████████| 584/584 [00:00<00:00, 12120.65it/s]

  0%|          | 0/292 [00:00<?, ?it/s]
100%|██████████| 292/292 [00:00<00:00, 10888.68it/s]

  0%|          | 0/584 [00:00<?, ?it/s]
100%|██████████| 584/584 [00:00<00:00, 13592.10it/s]

  0%|          | 0/292 [00:00<?, ?it/s]
100%|██████████| 292/292 [00:00<00:00, 12277.69it/s]

  0%|          | 0/584 [00:00<?, ?it/s]
100%|██████████| 584/584 [00:00<00:00, 11059.37it/s]

  0%|          | 0/292 [00:00<?, ?it/s]
100%|██████████| 292/292 [00:00<00:00, 8056.10it/s]

  0%|          | 0/584 [00:00<?, ?it/s]
100%|██████████| 584/584 [00:00<00:00, 9762.48it/s]

  0%|          | 0/1168 [00:00<?, ?it/s]
 62%|██████▏   | 725/1168 [00:00<00:00, 7245.84it/s]
100%|██████████| 1168/1168 [00:00<00:00, 6745.02it/s]

  0%|          | 0/293 [00:00<?, ?it/s]
100%|██████████| 293/293 [00:00<00:00, 13401.21it/s]

  0%|          | 0/586 [00:00<?, ?it/s]
100%|██████████| 586/586 [00:00<00:00, 12536.98it/s]

  0%|          | 0/293 [00:00<?, ?it/s]
100%|██████████| 293/293 [00:00<00:00, 12866.64it/s]

  0%|          | 0/586 [00:00<?, ?it/s]
100%|██████████| 586/586 [00:00<00:00, 11904.09it/s]

  0%|          | 0/293 [00:00<?, ?it/s]
100%|██████████| 293/293 [00:00<00:00, 13221.85it/s]

  0%|          | 0/586 [00:00<?, ?it/s]
100%|██████████| 586/586 [00:00<00:00, 10626.62it/s]

  0%|          | 0/293 [00:00<?, ?it/s]
100%|██████████| 293/293 [00:00<00:00, 12463.42it/s]

  0%|          | 0/586 [00:00<?, ?it/s]
100%|██████████| 586/586 [00:00<00:00, 11182.93it/s]

  0%|          | 0/293 [00:00<?, ?it/s]
100%|██████████| 293/293 [00:00<00:00, 8772.25it/s]

  0%|          | 0/586 [00:00<?, ?it/s]
100%|██████████| 586/586 [00:00<00:00, 9529.59it/s]

  0%|          | 0/1172 [00:00<?, ?it/s]
 67%|██████▋   | 784/1172 [00:00<00:00, 7833.86it/s]
100%|██████████| 1172/1172 [00:00<00:00, 7406.69it/s]

  0%|          | 0/294 [00:00<?, ?it/s]
100%|██████████| 294/294 [00:00<00:00, 8750.29it/s]

  0%|          | 0/588 [00:00<?, ?it/s]
100%|██████████| 588/588 [00:00<00:00, 13275.47it/s]

  0%|          | 0/294 [00:00<?, ?it/s]
100%|██████████| 294/294 [00:00<00:00, 13142.54it/s]

  0%|          | 0/588 [00:00<?, ?it/s]
100%|██████████| 588/588 [00:00<00:00, 12687.13it/s]

  0%|          | 0/294 [00:00<?, ?it/s]
100%|██████████| 294/294 [00:00<00:00, 11256.38it/s]

  0%|          | 0/588 [00:00<?, ?it/s]
100%|██████████| 588/588 [00:00<00:00, 10796.62it/s]

  0%|          | 0/294 [00:00<?, ?it/s]
100%|██████████| 294/294 [00:00<00:00, 11535.64it/s]

  0%|          | 0/588 [00:00<?, ?it/s]
100%|██████████| 588/588 [00:00<00:00, 9267.30it/s]

  0%|          | 0/294 [00:00<?, ?it/s]
100%|██████████| 294/294 [00:00<00:00, 10323.19it/s]

  0%|          | 0/588 [00:00<?, ?it/s]
100%|██████████| 588/588 [00:00<00:00, 9378.70it/s]

  0%|          | 0/1176 [00:00<?, ?it/s]
 69%|██████▊   | 807/1176 [00:00<00:00, 8065.93it/s]
100%|██████████| 1176/1176 [00:00<00:00, 7192.29it/s]

  0%|          | 0/295 [00:00<?, ?it/s]
100%|██████████| 295/295 [00:00<00:00, 11535.70it/s]

  0%|          | 0/590 [00:00<?, ?it/s]
100%|██████████| 590/590 [00:00<00:00, 12313.91it/s]

  0%|          | 0/295 [00:00<?, ?it/s]
100%|██████████| 295/295 [00:00<00:00, 12669.93it/s]

  0%|          | 0/590 [00:00<?, ?it/s]
100%|██████████| 590/590 [00:00<00:00, 11884.56it/s]

  0%|          | 0/295 [00:00<?, ?it/s]
100%|██████████| 295/295 [00:00<00:00, 10068.27it/s]

  0%|          | 0/590 [00:00<?, ?it/s]
100%|██████████| 590/590 [00:00<00:00, 12053.42it/s]

  0%|          | 0/295 [00:00<?, ?it/s]
100%|██████████| 295/295 [00:00<00:00, 8406.62it/s]

  0%|          | 0/590 [00:00<?, ?it/s]
100%|██████████| 590/590 [00:00<00:00, 10137.52it/s]

  0%|          | 0/295 [00:00<?, ?it/s]
100%|██████████| 295/295 [00:00<00:00, 9565.82it/s]

  0%|          | 0/590 [00:00<?, ?it/s]
100%|██████████| 590/590 [00:00<00:00, 8539.31it/s]

  0%|          | 0/1180 [00:00<?, ?it/s]
 68%|██████▊   | 798/1180 [00:00<00:00, 7973.56it/s]
100%|██████████| 1180/1180 [00:00<00:00, 7405.16it/s]

  0%|          | 0/296 [00:00<?, ?it/s]
100%|██████████| 296/296 [00:00<00:00, 12336.68it/s]

  0%|          | 0/592 [00:00<?, ?it/s]
100%|██████████| 592/592 [00:00<00:00, 10940.43it/s]

  0%|          | 0/296 [00:00<?, ?it/s]
100%|██████████| 296/296 [00:00<00:00, 13998.04it/s]

  0%|          | 0/592 [00:00<?, ?it/s]
100%|██████████| 592/592 [00:00<00:00, 12181.62it/s]

  0%|          | 0/296 [00:00<?, ?it/s]
100%|██████████| 296/296 [00:00<00:00, 12848.92it/s]

  0%|          | 0/592 [00:00<?, ?it/s]
100%|██████████| 592/592 [00:00<00:00, 10954.18it/s]

  0%|          | 0/296 [00:00<?, ?it/s]
100%|██████████| 296/296 [00:00<00:00, 10453.97it/s]

  0%|          | 0/592 [00:00<?, ?it/s]
100%|██████████| 592/592 [00:00<00:00, 10758.59it/s]

  0%|          | 0/296 [00:00<?, ?it/s]
100%|██████████| 296/296 [00:00<00:00, 8121.85it/s]

  0%|          | 0/592 [00:00<?, ?it/s]
100%|██████████| 592/592 [00:00<00:00, 8538.17it/s]

  0%|          | 0/1184 [00:00<?, ?it/s]
 67%|██████▋   | 788/1184 [00:00<00:00, 7877.06it/s]
100%|██████████| 1184/1184 [00:00<00:00, 7263.85it/s]

  0%|          | 0/297 [00:00<?, ?it/s]
100%|██████████| 297/297 [00:00<00:00, 12071.64it/s]

  0%|          | 0/594 [00:00<?, ?it/s]
100%|██████████| 594/594 [00:00<00:00, 11975.03it/s]

  0%|          | 0/297 [00:00<?, ?it/s]
100%|██████████| 297/297 [00:00<00:00, 13525.75it/s]

  0%|          | 0/594 [00:00<?, ?it/s]
100%|██████████| 594/594 [00:00<00:00, 11960.14it/s]

  0%|          | 0/297 [00:00<?, ?it/s]
100%|██████████| 297/297 [00:00<00:00, 12346.34it/s]

  0%|          | 0/594 [00:00<?, ?it/s]
100%|██████████| 594/594 [00:00<00:00, 9893.05it/s]

  0%|          | 0/297 [00:00<?, ?it/s]
100%|██████████| 297/297 [00:00<00:00, 8374.68it/s]

  0%|          | 0/594 [00:00<?, ?it/s]
100%|██████████| 594/594 [00:00<00:00, 10002.15it/s]

  0%|          | 0/297 [00:00<?, ?it/s]
100%|██████████| 297/297 [00:00<00:00, 8736.05it/s]

  0%|          | 0/594 [00:00<?, ?it/s]
100%|██████████| 594/594 [00:00<00:00, 8422.61it/s]

  0%|          | 0/1188 [00:00<?, ?it/s]
 63%|██████▎   | 748/1188 [00:00<00:00, 7470.83it/s]
100%|██████████| 1188/1188 [00:00<00:00, 6679.22it/s]

  0%|          | 0/298 [00:00<?, ?it/s]
100%|██████████| 298/298 [00:00<00:00, 12273.08it/s]

  0%|          | 0/596 [00:00<?, ?it/s]
100%|██████████| 596/596 [00:00<00:00, 11839.95it/s]

  0%|          | 0/298 [00:00<?, ?it/s]
100%|██████████| 298/298 [00:00<00:00, 11394.55it/s]

  0%|          | 0/596 [00:00<?, ?it/s]
100%|██████████| 596/596 [00:00<00:00, 11341.92it/s]

  0%|          | 0/298 [00:00<?, ?it/s]
100%|██████████| 298/298 [00:00<00:00, 9469.03it/s]

  0%|          | 0/596 [00:00<?, ?it/s]
100%|██████████| 596/596 [00:00<00:00, 10025.97it/s]

  0%|          | 0/298 [00:00<?, ?it/s]
100%|██████████| 298/298 [00:00<00:00, 12202.86it/s]

  0%|          | 0/596 [00:00<?, ?it/s]
100%|██████████| 596/596 [00:00<00:00, 11467.57it/s]

  0%|          | 0/298 [00:00<?, ?it/s]
100%|██████████| 298/298 [00:00<00:00, 6973.81it/s]

  0%|          | 0/596 [00:00<?, ?it/s]
100%|██████████| 596/596 [00:00<00:00, 8469.95it/s]

  0%|          | 0/1192 [00:00<?, ?it/s]
 63%|██████▎   | 748/1192 [00:00<00:00, 7247.11it/s]
100%|██████████| 1192/1192 [00:00<00:00, 6583.53it/s]

  0%|          | 0/299 [00:00<?, ?it/s]
100%|██████████| 299/299 [00:00<00:00, 13182.70it/s]

  0%|          | 0/598 [00:00<?, ?it/s]
100%|██████████| 598/598 [00:00<00:00, 12825.70it/s]

  0%|          | 0/299 [00:00<?, ?it/s]
100%|██████████| 299/299 [00:00<00:00, 10586.31it/s]

  0%|          | 0/598 [00:00<?, ?it/s]
100%|██████████| 598/598 [00:00<00:00, 11004.76it/s]

  0%|          | 0/299 [00:00<?, ?it/s]
100%|██████████| 299/299 [00:00<00:00, 10822.10it/s]

  0%|          | 0/598 [00:00<?, ?it/s]
100%|██████████| 598/598 [00:00<00:00, 10966.84it/s]

  0%|          | 0/299 [00:00<?, ?it/s]
100%|██████████| 299/299 [00:00<00:00, 9733.45it/s]

  0%|          | 0/598 [00:00<?, ?it/s]
100%|██████████| 598/598 [00:00<00:00, 10587.30it/s]

  0%|          | 0/299 [00:00<?, ?it/s]
100%|██████████| 299/299 [00:00<00:00, 10715.30it/s]

  0%|          | 0/598 [00:00<?, ?it/s]
100%|██████████| 598/598 [00:00<00:00, 10339.74it/s]

  0%|          | 0/1196 [00:00<?, ?it/s]
 72%|███████▏  | 867/1196 [00:00<00:00, 8665.40it/s]
100%|██████████| 1196/1196 [00:00<00:00, 7630.33it/s]

  0%|          | 0/300 [00:00<?, ?it/s]
100%|██████████| 300/300 [00:00<00:00, 15080.19it/s]

  0%|          | 0/600 [00:00<?, ?it/s]
100%|██████████| 600/600 [00:00<00:00, 13276.12it/s]

  0%|          | 0/300 [00:00<?, ?it/s]
100%|██████████| 300/300 [00:00<00:00, 13451.47it/s]

  0%|          | 0/600 [00:00<?, ?it/s]
100%|██████████| 600/600 [00:00<00:00, 13364.54it/s]

  0%|          | 0/300 [00:00<?, ?it/s]
100%|██████████| 300/300 [00:00<00:00, 9857.89it/s]

  0%|          | 0/600 [00:00<?, ?it/s]
100%|██████████| 600/600 [00:00<00:00, 12958.58it/s]

  0%|          | 0/300 [00:00<?, ?it/s]
100%|██████████| 300/300 [00:00<00:00, 9511.61it/s]

  0%|          | 0/600 [00:00<?, ?it/s]
100%|██████████| 600/600 [00:00<00:00, 10336.87it/s]

  0%|          | 0/300 [00:00<?, ?it/s]
100%|██████████| 300/300 [00:00<00:00, 8576.61it/s]

  0%|          | 0/600 [00:00<?, ?it/s]
100%|██████████| 600/600 [00:00<00:00, 7815.38it/s]

  0%|          | 0/1200 [00:00<?, ?it/s]
 67%|██████▋   | 801/1200 [00:00<00:00, 7996.91it/s]
100%|██████████| 1200/1200 [00:00<00:00, 7665.97it/s]

  0%|          | 0/301 [00:00<?, ?it/s]
100%|██████████| 301/301 [00:00<00:00, 12937.95it/s]

  0%|          | 0/602 [00:00<?, ?it/s]
100%|██████████| 602/602 [00:00<00:00, 13645.25it/s]

  0%|          | 0/301 [00:00<?, ?it/s]
100%|██████████| 301/301 [00:00<00:00, 12704.26it/s]

  0%|          | 0/602 [00:00<?, ?it/s]
100%|██████████| 602/602 [00:00<00:00, 12937.36it/s]

  0%|          | 0/301 [00:00<?, ?it/s]
100%|██████████| 301/301 [00:00<00:00, 10609.12it/s]

  0%|          | 0/602 [00:00<?, ?it/s]
100%|██████████| 602/602 [00:00<00:00, 12633.13it/s]

  0%|          | 0/301 [00:00<?, ?it/s]
100%|██████████| 301/301 [00:00<00:00, 11991.12it/s]

  0%|          | 0/602 [00:00<?, ?it/s]
100%|██████████| 602/602 [00:00<00:00, 9517.24it/s]

  0%|          | 0/301 [00:00<?, ?it/s]
100%|██████████| 301/301 [00:00<00:00, 8206.96it/s]

  0%|          | 0/602 [00:00<?, ?it/s]
100%|██████████| 602/602 [00:00<00:00, 8569.01it/s]

  0%|          | 0/1204 [00:00<?, ?it/s]
 64%|██████▍   | 776/1204 [00:00<00:00, 7753.35it/s]
100%|██████████| 1204/1204 [00:00<00:00, 6880.23it/s]

  0%|          | 0/302 [00:00<?, ?it/s]
100%|██████████| 302/302 [00:00<00:00, 9744.74it/s]

  0%|          | 0/604 [00:00<?, ?it/s]
100%|██████████| 604/604 [00:00<00:00, 10994.01it/s]

  0%|          | 0/302 [00:00<?, ?it/s]
100%|██████████| 302/302 [00:00<00:00, 9648.17it/s]

  0%|          | 0/604 [00:00<?, ?it/s]
100%|██████████| 604/604 [00:00<00:00, 11881.10it/s]

  0%|          | 0/302 [00:00<?, ?it/s]
100%|██████████| 302/302 [00:00<00:00, 10491.58it/s]

  0%|          | 0/604 [00:00<?, ?it/s]
100%|██████████| 604/604 [00:00<00:00, 9759.57it/s]

  0%|          | 0/302 [00:00<?, ?it/s]
100%|██████████| 302/302 [00:00<00:00, 11829.28it/s]

  0%|          | 0/604 [00:00<?, ?it/s]
100%|██████████| 604/604 [00:00<00:00, 9323.52it/s]

  0%|          | 0/302 [00:00<?, ?it/s]
100%|██████████| 302/302 [00:00<00:00, 8958.83it/s]

  0%|          | 0/604 [00:00<?, ?it/s]
100%|██████████| 604/604 [00:00<00:00, 7628.37it/s]

  0%|          | 0/1208 [00:00<?, ?it/s]
 62%|██████▏   | 752/1208 [00:00<00:00, 7505.87it/s]
100%|██████████| 1208/1208 [00:00<00:00, 6630.83it/s]

  0%|          | 0/303 [00:00<?, ?it/s]
100%|██████████| 303/303 [00:00<00:00, 11316.68it/s]

  0%|          | 0/606 [00:00<?, ?it/s]
100%|██████████| 606/606 [00:00<00:00, 11299.32it/s]

  0%|          | 0/303 [00:00<?, ?it/s]
100%|██████████| 303/303 [00:00<00:00, 9755.77it/s]

  0%|          | 0/606 [00:00<?, ?it/s]
100%|██████████| 606/606 [00:00<00:00, 11127.28it/s]

  0%|          | 0/303 [00:00<?, ?it/s]
100%|██████████| 303/303 [00:00<00:00, 12268.43it/s]

  0%|          | 0/606 [00:00<?, ?it/s]
100%|██████████| 606/606 [00:00<00:00, 10646.42it/s]

  0%|          | 0/303 [00:00<?, ?it/s]
100%|██████████| 303/303 [00:00<00:00, 10432.05it/s]

  0%|          | 0/606 [00:00<?, ?it/s]
100%|██████████| 606/606 [00:00<00:00, 9636.52it/s]

  0%|          | 0/303 [00:00<?, ?it/s]
100%|██████████| 303/303 [00:00<00:00, 8686.11it/s]

  0%|          | 0/606 [00:00<?, ?it/s]
100%|██████████| 606/606 [00:00<00:00, 7798.26it/s]

  0%|          | 0/1212 [00:00<?, ?it/s]
 60%|██████    | 733/1212 [00:00<00:00, 7327.14it/s]
100%|██████████| 1212/1212 [00:00<00:00, 6560.75it/s]

  0%|          | 0/304 [00:00<?, ?it/s]
100%|██████████| 304/304 [00:00<00:00, 9780.91it/s]

  0%|          | 0/608 [00:00<?, ?it/s]
100%|██████████| 608/608 [00:00<00:00, 11200.38it/s]

  0%|          | 0/304 [00:00<?, ?it/s]
100%|██████████| 304/304 [00:00<00:00, 11584.26it/s]

  0%|          | 0/608 [00:00<?, ?it/s]
100%|██████████| 608/608 [00:00<00:00, 12059.84it/s]

  0%|          | 0/304 [00:00<?, ?it/s]
100%|██████████| 304/304 [00:00<00:00, 10864.04it/s]

  0%|          | 0/608 [00:00<?, ?it/s]
100%|██████████| 608/608 [00:00<00:00, 10317.05it/s]

  0%|          | 0/304 [00:00<?, ?it/s]
100%|██████████| 304/304 [00:00<00:00, 7428.00it/s]

  0%|          | 0/608 [00:00<?, ?it/s]
100%|██████████| 608/608 [00:00<00:00, 10170.56it/s]

  0%|          | 0/304 [00:00<?, ?it/s]
100%|██████████| 304/304 [00:00<00:00, 8692.86it/s]

  0%|          | 0/608 [00:00<?, ?it/s]
100%|██████████| 608/608 [00:00<00:00, 10005.21it/s]

  0%|          | 0/1216 [00:00<?, ?it/s]
 77%|███████▋  | 933/1216 [00:00<00:00, 9325.65it/s]
100%|██████████| 1216/1216 [00:00<00:00, 8308.45it/s]

  0%|          | 0/305 [00:00<?, ?it/s]
100%|██████████| 305/305 [00:00<00:00, 12264.28it/s]

  0%|          | 0/610 [00:00<?, ?it/s]
100%|██████████| 610/610 [00:00<00:00, 10813.26it/s]

  0%|          | 0/305 [00:00<?, ?it/s]
100%|██████████| 305/305 [00:00<00:00, 13347.90it/s]

  0%|          | 0/610 [00:00<?, ?it/s]
100%|██████████| 610/610 [00:00<00:00, 14205.03it/s]

  0%|          | 0/305 [00:00<?, ?it/s]
100%|██████████| 305/305 [00:00<00:00, 10632.70it/s]

  0%|          | 0/610 [00:00<?, ?it/s]
100%|██████████| 610/610 [00:00<00:00, 12970.78it/s]

  0%|          | 0/305 [00:00<?, ?it/s]
100%|██████████| 305/305 [00:00<00:00, 13361.98it/s]

  0%|          | 0/610 [00:00<?, ?it/s]
100%|██████████| 610/610 [00:00<00:00, 12561.13it/s]

  0%|          | 0/305 [00:00<?, ?it/s]
100%|██████████| 305/305 [00:00<00:00, 7587.52it/s]

  0%|          | 0/610 [00:00<?, ?it/s]
100%|██████████| 610/610 [00:00<00:00, 8620.31it/s]

  0%|          | 0/1220 [00:00<?, ?it/s]
 65%|██████▍   | 792/1220 [00:00<00:00, 7906.53it/s]
100%|██████████| 1220/1220 [00:00<00:00, 6717.18it/s]

  0%|          | 0/306 [00:00<?, ?it/s]
100%|██████████| 306/306 [00:00<00:00, 11118.34it/s]

  0%|          | 0/612 [00:00<?, ?it/s]
100%|██████████| 612/612 [00:00<00:00, 11337.01it/s]

  0%|          | 0/306 [00:00<?, ?it/s]
100%|██████████| 306/306 [00:00<00:00, 9381.10it/s]

  0%|          | 0/612 [00:00<?, ?it/s]
100%|██████████| 612/612 [00:00<00:00, 11366.17it/s]

  0%|          | 0/306 [00:00<?, ?it/s]
100%|██████████| 306/306 [00:00<00:00, 11901.49it/s]

  0%|          | 0/612 [00:00<?, ?it/s]
100%|██████████| 612/612 [00:00<00:00, 12207.65it/s]

  0%|          | 0/306 [00:00<?, ?it/s]
100%|██████████| 306/306 [00:00<00:00, 7332.49it/s]

  0%|          | 0/612 [00:00<?, ?it/s]
100%|██████████| 612/612 [00:00<00:00, 7732.20it/s]

  0%|          | 0/306 [00:00<?, ?it/s]
100%|██████████| 306/306 [00:00<00:00, 10093.88it/s]

  0%|          | 0/612 [00:00<?, ?it/s]
100%|██████████| 612/612 [00:00<00:00, 8258.23it/s]

  0%|          | 0/1224 [00:00<?, ?it/s]
 16%|█▌        | 197/1224 [00:02<00:15, 66.58it/s]
 64%|██████▍   | 783/1224 [00:03<00:01, 333.39it/s]
100%|██████████| 1224/1224 [00:03<00:00, 388.94it/s]

  0%|          | 0/307 [00:00<?, ?it/s]
100%|██████████| 307/307 [00:00<00:00, 11564.10it/s]

  0%|          | 0/614 [00:00<?, ?it/s]
100%|██████████| 614/614 [00:00<00:00, 14551.87it/s]

  0%|          | 0/307 [00:00<?, ?it/s]
100%|██████████| 307/307 [00:00<00:00, 8934.08it/s]

  0%|          | 0/614 [00:00<?, ?it/s]
100%|██████████| 614/614 [00:00<00:00, 11504.75it/s]

  0%|          | 0/307 [00:00<?, ?it/s]
100%|██████████| 307/307 [00:00<00:00, 10151.30it/s]

  0%|          | 0/614 [00:00<?, ?it/s]
100%|██████████| 614/614 [00:00<00:00, 10158.46it/s]

  0%|          | 0/307 [00:00<?, ?it/s]
100%|██████████| 307/307 [00:00<00:00, 10115.09it/s]

  0%|          | 0/614 [00:00<?, ?it/s]
100%|██████████| 614/614 [00:00<00:00, 8968.87it/s]

  0%|          | 0/307 [00:00<?, ?it/s]
100%|██████████| 307/307 [00:00<00:00, 7971.54it/s]

  0%|          | 0/614 [00:00<?, ?it/s]
100%|██████████| 614/614 [00:00<00:00, 8651.86it/s]

  0%|          | 0/1228 [00:00<?, ?it/s]
 54%|█████▍    | 663/1228 [00:00<00:00, 6611.00it/s]
100%|██████████| 1228/1228 [00:00<00:00, 6349.53it/s]

  0%|          | 0/308 [00:00<?, ?it/s]
100%|██████████| 308/308 [00:00<00:00, 11988.29it/s]

  0%|          | 0/616 [00:00<?, ?it/s]
100%|██████████| 616/616 [00:00<00:00, 10665.22it/s]

  0%|          | 0/308 [00:00<?, ?it/s]
100%|██████████| 308/308 [00:00<00:00, 9441.80it/s]

  0%|          | 0/616 [00:00<?, ?it/s]
100%|██████████| 616/616 [00:00<00:00, 11554.66it/s]

  0%|          | 0/308 [00:00<?, ?it/s]
100%|██████████| 308/308 [00:00<00:00, 10403.18it/s]

  0%|          | 0/616 [00:00<?, ?it/s]
100%|██████████| 616/616 [00:00<00:00, 9909.19it/s]

  0%|          | 0/308 [00:00<?, ?it/s]
100%|██████████| 308/308 [00:00<00:00, 8402.47it/s]

  0%|          | 0/616 [00:00<?, ?it/s]
100%|██████████| 616/616 [00:00<00:00, 9889.92it/s]

  0%|          | 0/308 [00:00<?, ?it/s]
100%|██████████| 308/308 [00:00<00:00, 7843.87it/s]

  0%|          | 0/616 [00:00<?, ?it/s]
100%|██████████| 616/616 [00:00<00:00, 8210.67it/s]

  0%|          | 0/1232 [00:00<?, ?it/s]
 65%|██████▌   | 804/1232 [00:00<00:00, 8026.61it/s]
100%|██████████| 1232/1232 [00:00<00:00, 7277.78it/s]

  0%|          | 0/309 [00:00<?, ?it/s]
100%|██████████| 309/309 [00:00<00:00, 11241.47it/s]

  0%|          | 0/618 [00:00<?, ?it/s]
100%|██████████| 618/618 [00:00<00:00, 13807.86it/s]

  0%|          | 0/309 [00:00<?, ?it/s]
100%|██████████| 309/309 [00:00<00:00, 13774.47it/s]

  0%|          | 0/618 [00:00<?, ?it/s]
100%|██████████| 618/618 [00:00<00:00, 11821.89it/s]

  0%|          | 0/309 [00:00<?, ?it/s]
100%|██████████| 309/309 [00:00<00:00, 10640.46it/s]

  0%|          | 0/618 [00:00<?, ?it/s]
100%|██████████| 618/618 [00:00<00:00, 10567.71it/s]

  0%|          | 0/309 [00:00<?, ?it/s]
100%|██████████| 309/309 [00:00<00:00, 8677.52it/s]

  0%|          | 0/618 [00:00<?, ?it/s]
100%|██████████| 618/618 [00:00<00:00, 10712.31it/s]

  0%|          | 0/309 [00:00<?, ?it/s]
100%|██████████| 309/309 [00:00<00:00, 7489.70it/s]

  0%|          | 0/618 [00:00<?, ?it/s]
100%|██████████| 618/618 [00:00<00:00, 7832.24it/s]

  0%|          | 0/1236 [00:00<?, ?it/s]
 64%|██████▍   | 790/1236 [00:00<00:00, 7893.16it/s]
100%|██████████| 1236/1236 [00:00<00:00, 6962.23it/s]

  0%|          | 0/310 [00:00<?, ?it/s]
100%|██████████| 310/310 [00:00<00:00, 11182.21it/s]

  0%|          | 0/620 [00:00<?, ?it/s]
100%|██████████| 620/620 [00:00<00:00, 11146.41it/s]

  0%|          | 0/310 [00:00<?, ?it/s]
100%|██████████| 310/310 [00:00<00:00, 13009.24it/s]

  0%|          | 0/620 [00:00<?, ?it/s]
100%|██████████| 620/620 [00:00<00:00, 11622.00it/s]

  0%|          | 0/310 [00:00<?, ?it/s]
100%|██████████| 310/310 [00:00<00:00, 10908.28it/s]

  0%|          | 0/620 [00:00<?, ?it/s]
100%|██████████| 620/620 [00:00<00:00, 10448.98it/s]

  0%|          | 0/310 [00:00<?, ?it/s]
100%|██████████| 310/310 [00:00<00:00, 10525.57it/s]

  0%|          | 0/620 [00:00<?, ?it/s]
100%|██████████| 620/620 [00:00<00:00, 10801.80it/s]

  0%|          | 0/310 [00:00<?, ?it/s]
100%|██████████| 310/310 [00:00<00:00, 8501.82it/s]

  0%|          | 0/620 [00:00<?, ?it/s]
100%|██████████| 620/620 [00:00<00:00, 8814.70it/s]

  0%|          | 0/1240 [00:00<?, ?it/s]
 59%|█████▉    | 732/1240 [00:00<00:00, 7308.77it/s]
100%|██████████| 1240/1240 [00:00<00:00, 7480.35it/s]

  0%|          | 0/311 [00:00<?, ?it/s]
100%|██████████| 311/311 [00:00<00:00, 10626.88it/s]

  0%|          | 0/622 [00:00<?, ?it/s]
100%|██████████| 622/622 [00:00<00:00, 12478.87it/s]

  0%|          | 0/311 [00:00<?, ?it/s]
100%|██████████| 311/311 [00:00<00:00, 10093.85it/s]

  0%|          | 0/622 [00:00<?, ?it/s]
100%|██████████| 622/622 [00:00<00:00, 10282.79it/s]

  0%|          | 0/311 [00:00<?, ?it/s]
100%|██████████| 311/311 [00:00<00:00, 9216.56it/s]

  0%|          | 0/622 [00:00<?, ?it/s]
100%|██████████| 622/622 [00:00<00:00, 10273.23it/s]

  0%|          | 0/311 [00:00<?, ?it/s]
100%|██████████| 311/311 [00:00<00:00, 11335.37it/s]

  0%|          | 0/622 [00:00<?, ?it/s]
100%|██████████| 622/622 [00:00<00:00, 10404.63it/s]

  0%|          | 0/311 [00:00<?, ?it/s]
100%|██████████| 311/311 [00:00<00:00, 9393.70it/s]

  0%|          | 0/622 [00:00<?, ?it/s]
100%|██████████| 622/622 [00:00<00:00, 8004.84it/s]

  0%|          | 0/1244 [00:00<?, ?it/s]
 59%|█████▊    | 728/1244 [00:00<00:00, 7276.88it/s]
100%|██████████| 1244/1244 [00:00<00:00, 6517.29it/s]

  0%|          | 0/312 [00:00<?, ?it/s]
100%|██████████| 312/312 [00:00<00:00, 11066.67it/s]

  0%|          | 0/624 [00:00<?, ?it/s]
100%|██████████| 624/624 [00:00<00:00, 12329.33it/s]

  0%|          | 0/312 [00:00<?, ?it/s]
100%|██████████| 312/312 [00:00<00:00, 8588.23it/s]

  0%|          | 0/624 [00:00<?, ?it/s]
100%|██████████| 624/624 [00:00<00:00, 9238.46it/s]

  0%|          | 0/312 [00:00<?, ?it/s]
100%|██████████| 312/312 [00:00<00:00, 8877.86it/s]

  0%|          | 0/624 [00:00<?, ?it/s]
100%|██████████| 624/624 [00:00<00:00, 9936.62it/s]

  0%|          | 0/312 [00:00<?, ?it/s]
100%|██████████| 312/312 [00:00<00:00, 8578.43it/s]

  0%|          | 0/624 [00:00<?, ?it/s]
100%|██████████| 624/624 [00:00<00:00, 10327.74it/s]

  0%|          | 0/312 [00:00<?, ?it/s]
100%|██████████| 312/312 [00:00<00:00, 7404.18it/s]

  0%|          | 0/624 [00:00<?, ?it/s]
100%|██████████| 624/624 [00:00<00:00, 8424.44it/s]

  0%|          | 0/1248 [00:00<?, ?it/s]
 52%|█████▏    | 645/1248 [00:00<00:00, 6446.73it/s]
100%|██████████| 1248/1248 [00:00<00:00, 6005.57it/s]

  0%|          | 0/313 [00:00<?, ?it/s]
100%|██████████| 313/313 [00:00<00:00, 11496.38it/s]

  0%|          | 0/626 [00:00<?, ?it/s]
100%|██████████| 626/626 [00:00<00:00, 9807.79it/s]

  0%|          | 0/313 [00:00<?, ?it/s]
100%|██████████| 313/313 [00:00<00:00, 11028.18it/s]

  0%|          | 0/626 [00:00<?, ?it/s]
100%|██████████| 626/626 [00:00<00:00, 11731.85it/s]

  0%|          | 0/313 [00:00<?, ?it/s]
100%|██████████| 313/313 [00:00<00:00, 9465.09it/s]

  0%|          | 0/626 [00:00<?, ?it/s]
100%|██████████| 626/626 [00:00<00:00, 9872.25it/s]

  0%|          | 0/313 [00:00<?, ?it/s]
100%|██████████| 313/313 [00:00<00:00, 11520.99it/s]

  0%|          | 0/626 [00:00<?, ?it/s]
100%|██████████| 626/626 [00:00<00:00, 10927.44it/s]

  0%|          | 0/313 [00:00<?, ?it/s]
100%|██████████| 313/313 [00:00<00:00, 8151.76it/s]

  0%|          | 0/626 [00:00<?, ?it/s]
100%|██████████| 626/626 [00:00<00:00, 8474.68it/s]

  0%|          | 0/1252 [00:00<?, ?it/s]
 64%|██████▍   | 803/1252 [00:00<00:00, 8021.88it/s]
100%|██████████| 1252/1252 [00:00<00:00, 6821.65it/s]

  0%|          | 0/314 [00:00<?, ?it/s]
100%|██████████| 314/314 [00:00<00:00, 10396.28it/s]

  0%|          | 0/628 [00:00<?, ?it/s]
100%|██████████| 628/628 [00:00<00:00, 12253.04it/s]

  0%|          | 0/314 [00:00<?, ?it/s]
100%|██████████| 314/314 [00:00<00:00, 10708.98it/s]

  0%|          | 0/628 [00:00<?, ?it/s]
100%|██████████| 628/628 [00:00<00:00, 12774.98it/s]

  0%|          | 0/314 [00:00<?, ?it/s]
100%|██████████| 314/314 [00:00<00:00, 12184.06it/s]

  0%|          | 0/628 [00:00<?, ?it/s]
100%|██████████| 628/628 [00:00<00:00, 11295.46it/s]

  0%|          | 0/314 [00:00<?, ?it/s]
100%|██████████| 314/314 [00:00<00:00, 7804.14it/s]

  0%|          | 0/628 [00:00<?, ?it/s]
100%|██████████| 628/628 [00:00<00:00, 9031.30it/s]

  0%|          | 0/314 [00:00<?, ?it/s]
100%|██████████| 314/314 [00:00<00:00, 7896.94it/s]

  0%|          | 0/628 [00:00<?, ?it/s]
100%|██████████| 628/628 [00:00<00:00, 8062.81it/s]

  0%|          | 0/1256 [00:00<?, ?it/s]
 57%|█████▋    | 718/1256 [00:00<00:00, 7179.22it/s]
100%|██████████| 1256/1256 [00:00<00:00, 7524.34it/s]

  0%|          | 0/315 [00:00<?, ?it/s]
100%|██████████| 315/315 [00:00<00:00, 11850.44it/s]

  0%|          | 0/630 [00:00<?, ?it/s]
100%|██████████| 630/630 [00:00<00:00, 12362.10it/s]

  0%|          | 0/315 [00:00<?, ?it/s]
100%|██████████| 315/315 [00:00<00:00, 9306.17it/s]

  0%|          | 0/630 [00:00<?, ?it/s]
100%|██████████| 630/630 [00:00<00:00, 11370.25it/s]

  0%|          | 0/315 [00:00<?, ?it/s]
100%|██████████| 315/315 [00:00<00:00, 9711.04it/s]

  0%|          | 0/630 [00:00<?, ?it/s]
100%|██████████| 630/630 [00:00<00:00, 10012.66it/s]

  0%|          | 0/315 [00:00<?, ?it/s]
100%|██████████| 315/315 [00:00<00:00, 8226.94it/s]

  0%|          | 0/630 [00:00<?, ?it/s]
100%|██████████| 630/630 [00:00<00:00, 10370.61it/s]

  0%|          | 0/315 [00:00<?, ?it/s]
100%|██████████| 315/315 [00:00<00:00, 8091.51it/s]

  0%|          | 0/630 [00:00<?, ?it/s]
100%|██████████| 630/630 [00:00<00:00, 7265.76it/s]

  0%|          | 0/1260 [00:00<?, ?it/s]
 53%|█████▎    | 672/1260 [00:00<00:00, 6712.47it/s]
100%|██████████| 1260/1260 [00:00<00:00, 6063.91it/s]

  0%|          | 0/316 [00:00<?, ?it/s]
100%|██████████| 316/316 [00:00<00:00, 11877.94it/s]

  0%|          | 0/632 [00:00<?, ?it/s]
100%|██████████| 632/632 [00:00<00:00, 11289.70it/s]

  0%|          | 0/316 [00:00<?, ?it/s]
100%|██████████| 316/316 [00:00<00:00, 9645.03it/s]

  0%|          | 0/632 [00:00<?, ?it/s]
100%|██████████| 632/632 [00:00<00:00, 11497.72it/s]

  0%|          | 0/316 [00:00<?, ?it/s]
100%|██████████| 316/316 [00:00<00:00, 9246.74it/s]

  0%|          | 0/632 [00:00<?, ?it/s]
100%|██████████| 632/632 [00:00<00:00, 10918.03it/s]

  0%|          | 0/316 [00:00<?, ?it/s]
100%|██████████| 316/316 [00:00<00:00, 8841.72it/s]

  0%|          | 0/632 [00:00<?, ?it/s]
100%|██████████| 632/632 [00:00<00:00, 9866.71it/s]

  0%|          | 0/316 [00:00<?, ?it/s]
100%|██████████| 316/316 [00:00<00:00, 7782.19it/s]

  0%|          | 0/632 [00:00<?, ?it/s]
100%|██████████| 632/632 [00:00<00:00, 7858.09it/s]

  0%|          | 0/1264 [00:00<?, ?it/s]
 56%|█████▌    | 707/1264 [00:00<00:00, 7064.50it/s]
100%|██████████| 1264/1264 [00:00<00:00, 6459.89it/s]

  0%|          | 0/317 [00:00<?, ?it/s]
100%|██████████| 317/317 [00:00<00:00, 9497.51it/s]

  0%|          | 0/634 [00:00<?, ?it/s]
100%|██████████| 634/634 [00:00<00:00, 10216.53it/s]

  0%|          | 0/317 [00:00<?, ?it/s]
100%|██████████| 317/317 [00:00<00:00, 9850.23it/s]

  0%|          | 0/634 [00:00<?, ?it/s]
100%|██████████| 634/634 [00:00<00:00, 13115.35it/s]

  0%|          | 0/317 [00:00<?, ?it/s]
100%|██████████| 317/317 [00:00<00:00, 9833.33it/s]

  0%|          | 0/634 [00:00<?, ?it/s]
100%|██████████| 634/634 [00:00<00:00, 12076.63it/s]

  0%|          | 0/317 [00:00<?, ?it/s]
100%|██████████| 317/317 [00:00<00:00, 11549.34it/s]

  0%|          | 0/634 [00:00<?, ?it/s]
100%|██████████| 634/634 [00:00<00:00, 8785.07it/s]

  0%|          | 0/317 [00:00<?, ?it/s]
100%|██████████| 317/317 [00:00<00:00, 9052.99it/s]

  0%|          | 0/634 [00:00<?, ?it/s]
100%|██████████| 634/634 [00:00<00:00, 7083.54it/s]

  0%|          | 0/1268 [00:00<?, ?it/s]
 59%|█████▉    | 751/1268 [00:00<00:00, 7502.74it/s]
100%|██████████| 1268/1268 [00:00<00:00, 6538.98it/s]

  0%|          | 0/318 [00:00<?, ?it/s]
100%|██████████| 318/318 [00:00<00:00, 13265.06it/s]

  0%|          | 0/636 [00:00<?, ?it/s]
100%|██████████| 636/636 [00:00<00:00, 10353.29it/s]

  0%|          | 0/318 [00:00<?, ?it/s]
100%|██████████| 318/318 [00:00<00:00, 8691.39it/s]

  0%|          | 0/636 [00:00<?, ?it/s]
100%|██████████| 636/636 [00:00<00:00, 13107.52it/s]

  0%|          | 0/318 [00:00<?, ?it/s]
100%|██████████| 318/318 [00:00<00:00, 11414.44it/s]

  0%|          | 0/636 [00:00<?, ?it/s]
100%|██████████| 636/636 [00:00<00:00, 10286.78it/s]

  0%|          | 0/318 [00:00<?, ?it/s]
100%|██████████| 318/318 [00:00<00:00, 10710.50it/s]

  0%|          | 0/636 [00:00<?, ?it/s]
100%|██████████| 636/636 [00:00<00:00, 8493.60it/s]

  0%|          | 0/318 [00:00<?, ?it/s]
100%|██████████| 318/318 [00:00<00:00, 8547.02it/s]

  0%|          | 0/636 [00:00<?, ?it/s]
100%|██████████| 636/636 [00:00<00:00, 8841.73it/s]

  0%|          | 0/1272 [00:00<?, ?it/s]
 65%|██████▍   | 826/1272 [00:00<00:00, 8244.87it/s]
100%|██████████| 1272/1272 [00:00<00:00, 7063.34it/s]
