
 /----------------------------------------------------------------------------\
 |                                                                            |
 |  yosys -- Yosys Open SYnthesis Suite                                       |
 |                                                                            |
 |  Copyright (C) 2012 - 2020  Claire Xenia Wolf <claire@yosyshq.com>         |
 |                                                                            |
 |  Permission to use, copy, modify, and/or distribute this software for any  |
 |  purpose with or without fee is hereby granted, provided that the above    |
 |  copyright notice and this permission notice appear in all copies.         |
 |                                                                            |
 |  THE SOFTWARE IS PROVIDED "AS IS" AND THE AUTHOR DISCLAIMS ALL WARRANTIES  |
 |  WITH REGARD TO THIS SOFTWARE INCLUDING ALL IMPLIED WARRANTIES OF          |
 |  MERCHANTABILITY AND FITNESS. IN NO EVENT SHALL THE AUTHOR BE LIABLE FOR   |
 |  ANY SPECIAL, DIRECT, INDIRECT, OR CONSEQUENTIAL DAMAGES OR ANY DAMAGES    |
 |  WHATSOEVER RESULTING FROM LOSS OF USE, DATA OR PROFITS, WHETHER IN AN     |
 |  ACTION OF CONTRACT, NEGLIGENCE OR OTHER TORTIOUS ACTION, ARISING OUT OF   |
 |  OR IN CONNECTION WITH THE USE OR PERFORMANCE OF THIS SOFTWARE.            |
 |                                                                            |
 \----------------------------------------------------------------------------/

 Yosys 0.33 (git sha1 2584903a060)


-- Running command `read_verilog -sv /home/rishabh/HPCA2/mosaic_delta_phase1/rtl/xorflow_encoder_pipelined.sv; hierarchy -check -top xorflow_encoder_tile_engine; proc; opt; techmap; opt; abc -g simple; clean; stat' --

1. Executing Verilog-2005 frontend: /home/rishabh/HPCA2/mosaic_delta_phase1/rtl/xorflow_encoder_pipelined.sv
Parsing SystemVerilog input from `/home/rishabh/HPCA2/mosaic_delta_phase1/rtl/xorflow_encoder_pipelined.sv' to AST representation.
Generating RTLIL representation for module `\xorflow_encoder_pipelined'.
Generating RTLIL representation for module `\xorflow_encoder_tile_engine'.
Warning: Replacing memory \majority_counts with list of registers. See /home/rishabh/HPCA2/mosaic_delta_phase1/rtl/xorflow_encoder_pipelined.sv:171
Generating RTLIL representation for module `\xorflow_encoder_engine'.
Successfully finished Verilog frontend.

2. Executing HIERARCHY pass (managing design hierarchy).

2.1. Analyzing design hierarchy..
Top module:  \xorflow_encoder_tile_engine

2.2. Analyzing design hierarchy..
Top module:  \xorflow_encoder_tile_engine
Removing unused module `\xorflow_encoder_engine'.
Removing unused module `\xorflow_encoder_pipelined'.
Removed 2 unused modules.

3. Executing PROC pass (convert processes to netlists).

3.1. Executing PROC_CLEAN pass (remove empty switches from decision trees).
Cleaned up 0 empty switches.

3.2. Executing PROC_RMDEAD pass (remove dead branches from decision trees).
Marked 66 switch rules as full_case in process $proc$/home/rishabh/HPCA2/mosaic_delta_phase1/rtl/xorflow_encoder_pipelined.sv:163$1784 in module xorflow_encoder_tile_engine.
Marked 132 switch rules as full_case in process $proc$/home/rishabh/HPCA2/mosaic_delta_phase1/rtl/xorflow_encoder_pipelined.sv:128$229 in module xorflow_encoder_tile_engine.
Removed a total of 0 dead cases.

3.3. Executing PROC_PRUNE pass (remove redundant assignments in processes).
Removed 0 redundant assignments.
Promoted 266 assignments to connections.

3.4. Executing PROC_INIT pass (extract init attributes).

3.5. Executing PROC_ARST pass (detect async resets in processes).

3.6. Executing PROC_ROM pass (convert switches to ROMs).
Converted 0 switches.
<suppressed ~201 debug messages>

3.7. Executing PROC_MUX pass (convert decision trees to multiplexers).
Creating decoders for process `\xorflow_encoder_tile_engine.$proc$/home/rishabh/HPCA2/mosaic_delta_phase1/rtl/xorflow_encoder_pipelined.sv:163$1784'.
     1/83: $3\n[31:0]
     2/83: $2\n[31:0]
     3/83: $0\majority_counts[63][5:0]
     4/83: $0\majority_counts[62][5:0]
     5/83: $0\majority_counts[61][5:0]
     6/83: $0\majority_counts[60][5:0]
     7/83: $0\majority_counts[59][5:0]
     8/83: $0\majority_counts[58][5:0]
     9/83: $0\majority_counts[57][5:0]
    10/83: $0\majority_counts[56][5:0]
    11/83: $0\majority_counts[55][5:0]
    12/83: $0\majority_counts[54][5:0]
    13/83: $0\majority_counts[53][5:0]
    14/83: $0\majority_counts[52][5:0]
    15/83: $0\majority_counts[51][5:0]
    16/83: $0\majority_counts[50][5:0]
    17/83: $0\majority_counts[49][5:0]
    18/83: $0\majority_counts[48][5:0]
    19/83: $0\majority_counts[47][5:0]
    20/83: $0\majority_counts[46][5:0]
    21/83: $0\majority_counts[45][5:0]
    22/83: $0\majority_counts[44][5:0]
    23/83: $0\majority_counts[43][5:0]
    24/83: $0\majority_counts[42][5:0]
    25/83: $0\majority_counts[41][5:0]
    26/83: $0\majority_counts[40][5:0]
    27/83: $0\majority_counts[39][5:0]
    28/83: $0\majority_counts[38][5:0]
    29/83: $0\majority_counts[37][5:0]
    30/83: $0\majority_counts[36][5:0]
    31/83: $0\majority_counts[35][5:0]
    32/83: $0\majority_counts[34][5:0]
    33/83: $0\majority_counts[33][5:0]
    34/83: $0\majority_counts[32][5:0]
    35/83: $0\majority_counts[31][5:0]
    36/83: $0\majority_counts[30][5:0]
    37/83: $0\majority_counts[29][5:0]
    38/83: $0\majority_counts[28][5:0]
    39/83: $0\majority_counts[27][5:0]
    40/83: $0\majority_counts[26][5:0]
    41/83: $0\majority_counts[25][5:0]
    42/83: $0\majority_counts[24][5:0]
    43/83: $0\majority_counts[23][5:0]
    44/83: $0\majority_counts[22][5:0]
    45/83: $0\majority_counts[21][5:0]
    46/83: $0\majority_counts[20][5:0]
    47/83: $0\majority_counts[19][5:0]
    48/83: $0\majority_counts[18][5:0]
    49/83: $0\majority_counts[17][5:0]
    50/83: $0\majority_counts[16][5:0]
    51/83: $0\majority_counts[15][5:0]
    52/83: $0\majority_counts[14][5:0]
    53/83: $0\majority_counts[13][5:0]
    54/83: $0\majority_counts[12][5:0]
    55/83: $0\majority_counts[11][5:0]
    56/83: $0\majority_counts[10][5:0]
    57/83: $0\majority_counts[9][5:0]
    58/83: $0\majority_counts[8][5:0]
    59/83: $0\majority_counts[7][5:0]
    60/83: $0\majority_counts[6][5:0]
    61/83: $0\majority_counts[5][5:0]
    62/83: $0\majority_counts[4][5:0]
    63/83: $0\majority_counts[3][5:0]
    64/83: $0\majority_counts[2][5:0]
    65/83: $0\majority_counts[1][5:0]
    66/83: $0\majority_counts[0][5:0]
    67/83: $0\bytes_q[15:0]
    68/83: $0\kind_q[1:0]
    69/83: $0\count_q[3:0]
    70/83: $0\ids_q[63:0]
    71/83: $0\xor_q[63:0]
    72/83: $0\last_q[0:0]
    73/83: $0\row_q[4:0]
    74/83: $0\flip_events[31:0]
    75/83: $0\rows_ingested[31:0]
    76/83: $0\selected_bytes[15:0]
    77/83: $0\event_count[3:0]
    78/83: $0\majority_mask[63:0]
    79/83: $0\packed_event_ids[63:0]
    80/83: $0\xor_mask[63:0]
    81/83: $0\stall_cycles[31:0]
    82/83: $0\selected_kind[1:0]
    83/83: $0\out_valid[0:0]
Creating decoders for process `\xorflow_encoder_tile_engine.$proc$/home/rishabh/HPCA2/mosaic_delta_phase1/rtl/xorflow_encoder_pipelined.sv:128$229'.
     1/584: $4\local_bytes[15:0]
     2/584: $4\local_kind[1:0]
     3/584: $3\local_bytes[15:0]
     4/584: $3\local_kind[1:0]
     5/584: $2\local_bytes[15:0]
     6/584: $2\local_kind[1:0]
     7/584: $1\local_bytes[15:0]
     8/584: $1\local_kind[1:0]
     9/584: $128\local_ids[63:0]
    10/584: $2$bitselwrite$data$/home/rishabh/HPCA2/mosaic_delta_phase1/rtl/xorflow_encoder_pipelined.sv:134$225[63:0]$1625
    11/584: $2$bitselwrite$mask$/home/rishabh/HPCA2/mosaic_delta_phase1/rtl/xorflow_encoder_pipelined.sv:134$224[63:0]$1624
    12/584: $2$bitselwrite$sel$/home/rishabh/HPCA2/mosaic_delta_phase1/rtl/xorflow_encoder_pipelined.sv:134$226[31:0]$1626
    13/584: $64\local_count[6:0]
    14/584: $1$bitselwrite$sel$/home/rishabh/HPCA2/mosaic_delta_phase1/rtl/xorflow_encoder_pipelined.sv:134$226[31:0]$1622
    15/584: $1$bitselwrite$data$/home/rishabh/HPCA2/mosaic_delta_phase1/rtl/xorflow_encoder_pipelined.sv:134$225[63:0]$1621
    16/584: $1$bitselwrite$mask$/home/rishabh/HPCA2/mosaic_delta_phase1/rtl/xorflow_encoder_pipelined.sv:134$224[63:0]$1620
    17/584: $127\local_ids[63:0]
    18/584: $126\local_ids[63:0]
    19/584: $2$bitselwrite$data$/home/rishabh/HPCA2/mosaic_delta_phase1/rtl/xorflow_encoder_pipelined.sv:134$222[63:0]$1606
    20/584: $2$bitselwrite$mask$/home/rishabh/HPCA2/mosaic_delta_phase1/rtl/xorflow_encoder_pipelined.sv:134$221[63:0]$1605
    21/584: $2$bitselwrite$sel$/home/rishabh/HPCA2/mosaic_delta_phase1/rtl/xorflow_encoder_pipelined.sv:134$223[31:0]$1607
    22/584: $63\local_count[6:0]
    23/584: $1$bitselwrite$sel$/home/rishabh/HPCA2/mosaic_delta_phase1/rtl/xorflow_encoder_pipelined.sv:134$223[31:0]$1603
    24/584: $1$bitselwrite$data$/home/rishabh/HPCA2/mosaic_delta_phase1/rtl/xorflow_encoder_pipelined.sv:134$222[63:0]$1602
    25/584: $1$bitselwrite$mask$/home/rishabh/HPCA2/mosaic_delta_phase1/rtl/xorflow_encoder_pipelined.sv:134$221[63:0]$1601
    26/584: $125\local_ids[63:0]
    27/584: $124\local_ids[63:0]
    28/584: $2$bitselwrite$data$/home/rishabh/HPCA2/mosaic_delta_phase1/rtl/xorflow_encoder_pipelined.sv:134$219[63:0]$1587
    29/584: $2$bitselwrite$mask$/home/rishabh/HPCA2/mosaic_delta_phase1/rtl/xorflow_encoder_pipelined.sv:134$218[63:0]$1586
    30/584: $2$bitselwrite$sel$/home/rishabh/HPCA2/mosaic_delta_phase1/rtl/xorflow_encoder_pipelined.sv:134$220[31:0]$1588
    31/584: $62\local_count[6:0]
    32/584: $1$bitselwrite$sel$/home/rishabh/HPCA2/mosaic_delta_phase1/rtl/xorflow_encoder_pipelined.sv:134$220[31:0]$1584
    33/584: $1$bitselwrite$data$/home/rishabh/HPCA2/mosaic_delta_phase1/rtl/xorflow_encoder_pipelined.sv:134$219[63:0]$1583
    34/584: $1$bitselwrite$mask$/home/rishabh/HPCA2/mosaic_delta_phase1/rtl/xorflow_encoder_pipelined.sv:134$218[63:0]$1582
    35/584: $123\local_ids[63:0]
    36/584: $122\local_ids[63:0]
    37/584: $2$bitselwrite$data$/home/rishabh/HPCA2/mosaic_delta_phase1/rtl/xorflow_encoder_pipelined.sv:134$216[63:0]$1568
    38/584: $2$bitselwrite$mask$/home/rishabh/HPCA2/mosaic_delta_phase1/rtl/xorflow_encoder_pipelined.sv:134$215[63:0]$1567
    39/584: $2$bitselwrite$sel$/home/rishabh/HPCA2/mosaic_delta_phase1/rtl/xorflow_encoder_pipelined.sv:134$217[31:0]$1569
    40/584: $61\local_count[6:0]
    41/584: $1$bitselwrite$sel$/home/rishabh/HPCA2/mosaic_delta_phase1/rtl/xorflow_encoder_pipelined.sv:134$217[31:0]$1565
    42/584: $1$bitselwrite$data$/home/rishabh/HPCA2/mosaic_delta_phase1/rtl/xorflow_encoder_pipelined.sv:134$216[63:0]$1564
    43/584: $1$bitselwrite$mask$/home/rishabh/HPCA2/mosaic_delta_phase1/rtl/xorflow_encoder_pipelined.sv:134$215[63:0]$1563
    44/584: $121\local_ids[63:0]
    45/584: $120\local_ids[63:0]
    46/584: $2$bitselwrite$data$/home/rishabh/HPCA2/mosaic_delta_phase1/rtl/xorflow_encoder_pipelined.sv:134$213[63:0]$1549
    47/584: $2$bitselwrite$mask$/home/rishabh/HPCA2/mosaic_delta_phase1/rtl/xorflow_encoder_pipelined.sv:134$212[63:0]$1548
    48/584: $2$bitselwrite$sel$/home/rishabh/HPCA2/mosaic_delta_phase1/rtl/xorflow_encoder_pipelined.sv:134$214[31:0]$1550
    49/584: $60\local_count[6:0]
    50/584: $1$bitselwrite$sel$/home/rishabh/HPCA2/mosaic_delta_phase1/rtl/xorflow_encoder_pipelined.sv:134$214[31:0]$1546
    51/584: $1$bitselwrite$data$/home/rishabh/HPCA2/mosaic_delta_phase1/rtl/xorflow_encoder_pipelined.sv:134$213[63:0]$1545
    52/584: $1$bitselwrite$mask$/home/rishabh/HPCA2/mosaic_delta_phase1/rtl/xorflow_encoder_pipelined.sv:134$212[63:0]$1544
    53/584: $119\local_ids[63:0]
    54/584: $118\local_ids[63:0]
    55/584: $2$bitselwrite$data$/home/rishabh/HPCA2/mosaic_delta_phase1/rtl/xorflow_encoder_pipelined.sv:134$210[63:0]$1530
    56/584: $2$bitselwrite$mask$/home/rishabh/HPCA2/mosaic_delta_phase1/rtl/xorflow_encoder_pipelined.sv:134$209[63:0]$1529
    57/584: $2$bitselwrite$sel$/home/rishabh/HPCA2/mosaic_delta_phase1/rtl/xorflow_encoder_pipelined.sv:134$211[31:0]$1531
    58/584: $59\local_count[6:0]
    59/584: $1$bitselwrite$sel$/home/rishabh/HPCA2/mosaic_delta_phase1/rtl/xorflow_encoder_pipelined.sv:134$211[31:0]$1527
    60/584: $1$bitselwrite$data$/home/rishabh/HPCA2/mosaic_delta_phase1/rtl/xorflow_encoder_pipelined.sv:134$210[63:0]$1526
    61/584: $1$bitselwrite$mask$/home/rishabh/HPCA2/mosaic_delta_phase1/rtl/xorflow_encoder_pipelined.sv:134$209[63:0]$1525
    62/584: $117\local_ids[63:0]
    63/584: $116\local_ids[63:0]
    64/584: $2$bitselwrite$data$/home/rishabh/HPCA2/mosaic_delta_phase1/rtl/xorflow_encoder_pipelined.sv:134$207[63:0]$1511
    65/584: $2$bitselwrite$mask$/home/rishabh/HPCA2/mosaic_delta_phase1/rtl/xorflow_encoder_pipelined.sv:134$206[63:0]$1510
    66/584: $2$bitselwrite$sel$/home/rishabh/HPCA2/mosaic_delta_phase1/rtl/xorflow_encoder_pipelined.sv:134$208[31:0]$1512
    67/584: $58\local_count[6:0]
    68/584: $1$bitselwrite$sel$/home/rishabh/HPCA2/mosaic_delta_phase1/rtl/xorflow_encoder_pipelined.sv:134$208[31:0]$1508
    69/584: $1$bitselwrite$data$/home/rishabh/HPCA2/mosaic_delta_phase1/rtl/xorflow_encoder_pipelined.sv:134$207[63:0]$1507
    70/584: $1$bitselwrite$mask$/home/rishabh/HPCA2/mosaic_delta_phase1/rtl/xorflow_encoder_pipelined.sv:134$206[63:0]$1506
    71/584: $115\local_ids[63:0]
    72/584: $114\local_ids[63:0]
    73/584: $2$bitselwrite$data$/home/rishabh/HPCA2/mosaic_delta_phase1/rtl/xorflow_encoder_pipelined.sv:134$204[63:0]$1492
    74/584: $2$bitselwrite$mask$/home/rishabh/HPCA2/mosaic_delta_phase1/rtl/xorflow_encoder_pipelined.sv:134$203[63:0]$1491
    75/584: $2$bitselwrite$sel$/home/rishabh/HPCA2/mosaic_delta_phase1/rtl/xorflow_encoder_pipelined.sv:134$205[31:0]$1493
    76/584: $57\local_count[6:0]
    77/584: $1$bitselwrite$sel$/home/rishabh/HPCA2/mosaic_delta_phase1/rtl/xorflow_encoder_pipelined.sv:134$205[31:0]$1489
    78/584: $1$bitselwrite$data$/home/rishabh/HPCA2/mosaic_delta_phase1/rtl/xorflow_encoder_pipelined.sv:134$204[63:0]$1488
    79/584: $1$bitselwrite$mask$/home/rishabh/HPCA2/mosaic_delta_phase1/rtl/xorflow_encoder_pipelined.sv:134$203[63:0]$1487
    80/584: $113\local_ids[63:0]
    81/584: $112\local_ids[63:0]
    82/584: $2$bitselwrite$data$/home/rishabh/HPCA2/mosaic_delta_phase1/rtl/xorflow_encoder_pipelined.sv:134$201[63:0]$1473
    83/584: $2$bitselwrite$mask$/home/rishabh/HPCA2/mosaic_delta_phase1/rtl/xorflow_encoder_pipelined.sv:134$200[63:0]$1472
    84/584: $2$bitselwrite$sel$/home/rishabh/HPCA2/mosaic_delta_phase1/rtl/xorflow_encoder_pipelined.sv:134$202[31:0]$1474
    85/584: $56\local_count[6:0]
    86/584: $1$bitselwrite$sel$/home/rishabh/HPCA2/mosaic_delta_phase1/rtl/xorflow_encoder_pipelined.sv:134$202[31:0]$1470
    87/584: $1$bitselwrite$data$/home/rishabh/HPCA2/mosaic_delta_phase1/rtl/xorflow_encoder_pipelined.sv:134$201[63:0]$1469
    88/584: $1$bitselwrite$mask$/home/rishabh/HPCA2/mosaic_delta_phase1/rtl/xorflow_encoder_pipelined.sv:134$200[63:0]$1468
    89/584: $111\local_ids[63:0]
    90/584: $110\local_ids[63:0]
    91/584: $2$bitselwrite$data$/home/rishabh/HPCA2/mosaic_delta_phase1/rtl/xorflow_encoder_pipelined.sv:134$198[63:0]$1454
    92/584: $2$bitselwrite$mask$/home/rishabh/HPCA2/mosaic_delta_phase1/rtl/xorflow_encoder_pipelined.sv:134$197[63:0]$1453
    93/584: $2$bitselwrite$sel$/home/rishabh/HPCA2/mosaic_delta_phase1/rtl/xorflow_encoder_pipelined.sv:134$199[31:0]$1455
    94/584: $55\local_count[6:0]
    95/584: $1$bitselwrite$sel$/home/rishabh/HPCA2/mosaic_delta_phase1/rtl/xorflow_encoder_pipelined.sv:134$199[31:0]$1451
    96/584: $1$bitselwrite$data$/home/rishabh/HPCA2/mosaic_delta_phase1/rtl/xorflow_encoder_pipelined.sv:134$198[63:0]$1450
    97/584: $1$bitselwrite$mask$/home/rishabh/HPCA2/mosaic_delta_phase1/rtl/xorflow_encoder_pipelined.sv:134$197[63:0]$1449
    98/584: $109\local_ids[63:0]
    99/584: $108\local_ids[63:0]
   100/584: $2$bitselwrite$data$/home/rishabh/HPCA2/mosaic_delta_phase1/rtl/xorflow_encoder_pipelined.sv:134$195[63:0]$1435
   101/584: $2$bitselwrite$mask$/home/rishabh/HPCA2/mosaic_delta_phase1/rtl/xorflow_encoder_pipelined.sv:134$194[63:0]$1434
   102/584: $2$bitselwrite$sel$/home/rishabh/HPCA2/mosaic_delta_phase1/rtl/xorflow_encoder_pipelined.sv:134$196[31:0]$1436
   103/584: $54\local_count[6:0]
   104/584: $1$bitselwrite$sel$/home/rishabh/HPCA2/mosaic_delta_phase1/rtl/xorflow_encoder_pipelined.sv:134$196[31:0]$1432
   105/584: $1$bitselwrite$data$/home/rishabh/HPCA2/mosaic_delta_phase1/rtl/xorflow_encoder_pipelined.sv:134$195[63:0]$1431
   106/584: $1$bitselwrite$mask$/home/rishabh/HPCA2/mosaic_delta_phase1/rtl/xorflow_encoder_pipelined.sv:134$194[63:0]$1430
   107/584: $107\local_ids[63:0]
   108/584: $106\local_ids[63:0]
   109/584: $2$bitselwrite$data$/home/rishabh/HPCA2/mosaic_delta_phase1/rtl/xorflow_encoder_pipelined.sv:134$192[63:0]$1416
   110/584: $2$bitselwrite$mask$/home/rishabh/HPCA2/mosaic_delta_phase1/rtl/xorflow_encoder_pipelined.sv:134$191[63:0]$1415
   111/584: $2$bitselwrite$sel$/home/rishabh/HPCA2/mosaic_delta_phase1/rtl/xorflow_encoder_pipelined.sv:134$193[31:0]$1417
   112/584: $53\local_count[6:0]
   113/584: $1$bitselwrite$sel$/home/rishabh/HPCA2/mosaic_delta_phase1/rtl/xorflow_encoder_pipelined.sv:134$193[31:0]$1413
   114/584: $1$bitselwrite$data$/home/rishabh/HPCA2/mosaic_delta_phase1/rtl/xorflow_encoder_pipelined.sv:134$192[63:0]$1412
   115/584: $1$bitselwrite$mask$/home/rishabh/HPCA2/mosaic_delta_phase1/rtl/xorflow_encoder_pipelined.sv:134$191[63:0]$1411
   116/584: $105\local_ids[63:0]
   117/584: $104\local_ids[63:0]
   118/584: $2$bitselwrite$data$/home/rishabh/HPCA2/mosaic_delta_phase1/rtl/xorflow_encoder_pipelined.sv:134$189[63:0]$1397
   119/584: $2$bitselwrite$mask$/home/rishabh/HPCA2/mosaic_delta_phase1/rtl/xorflow_encoder_pipelined.sv:134$188[63:0]$1396
   120/584: $2$bitselwrite$sel$/home/rishabh/HPCA2/mosaic_delta_phase1/rtl/xorflow_encoder_pipelined.sv:134$190[31:0]$1398
   121/584: $52\local_count[6:0]
   122/584: $1$bitselwrite$sel$/home/rishabh/HPCA2/mosaic_delta_phase1/rtl/xorflow_encoder_pipelined.sv:134$190[31:0]$1394
   123/584: $1$bitselwrite$data$/home/rishabh/HPCA2/mosaic_delta_phase1/rtl/xorflow_encoder_pipelined.sv:134$189[63:0]$1393
   124/584: $1$bitselwrite$mask$/home/rishabh/HPCA2/mosaic_delta_phase1/rtl/xorflow_encoder_pipelined.sv:134$188[63:0]$1392
   125/584: $103\local_ids[63:0]
   126/584: $102\local_ids[63:0]
   127/584: $2$bitselwrite$data$/home/rishabh/HPCA2/mosaic_delta_phase1/rtl/xorflow_encoder_pipelined.sv:134$186[63:0]$1378
   128/584: $2$bitselwrite$mask$/home/rishabh/HPCA2/mosaic_delta_phase1/rtl/xorflow_encoder_pipelined.sv:134$185[63:0]$1377
   129/584: $2$bitselwrite$sel$/home/rishabh/HPCA2/mosaic_delta_phase1/rtl/xorflow_encoder_pipelined.sv:134$187[31:0]$1379
   130/584: $51\local_count[6:0]
   131/584: $1$bitselwrite$sel$/home/rishabh/HPCA2/mosaic_delta_phase1/rtl/xorflow_encoder_pipelined.sv:134$187[31:0]$1375
   132/584: $1$bitselwrite$data$/home/rishabh/HPCA2/mosaic_delta_phase1/rtl/xorflow_encoder_pipelined.sv:134$186[63:0]$1374
   133/584: $1$bitselwrite$mask$/home/rishabh/HPCA2/mosaic_delta_phase1/rtl/xorflow_encoder_pipelined.sv:134$185[63:0]$1373
   134/584: $101\local_ids[63:0]
   135/584: $100\local_ids[63:0]
   136/584: $2$bitselwrite$data$/home/rishabh/HPCA2/mosaic_delta_phase1/rtl/xorflow_encoder_pipelined.sv:134$183[63:0]$1359
   137/584: $2$bitselwrite$mask$/home/rishabh/HPCA2/mosaic_delta_phase1/rtl/xorflow_encoder_pipelined.sv:134$182[63:0]$1358
   138/584: $2$bitselwrite$sel$/home/rishabh/HPCA2/mosaic_delta_phase1/rtl/xorflow_encoder_pipelined.sv:134$184[31:0]$1360
   139/584: $50\local_count[6:0]
   140/584: $1$bitselwrite$sel$/home/rishabh/HPCA2/mosaic_delta_phase1/rtl/xorflow_encoder_pipelined.sv:134$184[31:0]$1356
   141/584: $1$bitselwrite$data$/home/rishabh/HPCA2/mosaic_delta_phase1/rtl/xorflow_encoder_pipelined.sv:134$183[63:0]$1355
   142/584: $1$bitselwrite$mask$/home/rishabh/HPCA2/mosaic_delta_phase1/rtl/xorflow_encoder_pipelined.sv:134$182[63:0]$1354
   143/584: $99\local_ids[63:0]
   144/584: $98\local_ids[63:0]
   145/584: $2$bitselwrite$data$/home/rishabh/HPCA2/mosaic_delta_phase1/rtl/xorflow_encoder_pipelined.sv:134$180[63:0]$1340
   146/584: $2$bitselwrite$mask$/home/rishabh/HPCA2/mosaic_delta_phase1/rtl/xorflow_encoder_pipelined.sv:134$179[63:0]$1339
   147/584: $2$bitselwrite$sel$/home/rishabh/HPCA2/mosaic_delta_phase1/rtl/xorflow_encoder_pipelined.sv:134$181[31:0]$1341
   148/584: $49\local_count[6:0]
   149/584: $1$bitselwrite$sel$/home/rishabh/HPCA2/mosaic_delta_phase1/rtl/xorflow_encoder_pipelined.sv:134$181[31:0]$1337
   150/584: $1$bitselwrite$data$/home/rishabh/HPCA2/mosaic_delta_phase1/rtl/xorflow_encoder_pipelined.sv:134$180[63:0]$1336
   151/584: $1$bitselwrite$mask$/home/rishabh/HPCA2/mosaic_delta_phase1/rtl/xorflow_encoder_pipelined.sv:134$179[63:0]$1335
   152/584: $97\local_ids[63:0]
   153/584: $96\local_ids[63:0]
   154/584: $2$bitselwrite$data$/home/rishabh/HPCA2/mosaic_delta_phase1/rtl/xorflow_encoder_pipelined.sv:134$177[63:0]$1321
   155/584: $2$bitselwrite$mask$/home/rishabh/HPCA2/mosaic_delta_phase1/rtl/xorflow_encoder_pipelined.sv:134$176[63:0]$1320
   156/584: $2$bitselwrite$sel$/home/rishabh/HPCA2/mosaic_delta_phase1/rtl/xorflow_encoder_pipelined.sv:134$178[31:0]$1322
   157/584: $48\local_count[6:0]
   158/584: $1$bitselwrite$sel$/home/rishabh/HPCA2/mosaic_delta_phase1/rtl/xorflow_encoder_pipelined.sv:134$178[31:0]$1318
   159/584: $1$bitselwrite$data$/home/rishabh/HPCA2/mosaic_delta_phase1/rtl/xorflow_encoder_pipelined.sv:134$177[63:0]$1317
   160/584: $1$bitselwrite$mask$/home/rishabh/HPCA2/mosaic_delta_phase1/rtl/xorflow_encoder_pipelined.sv:134$176[63:0]$1316
   161/584: $95\local_ids[63:0]
   162/584: $94\local_ids[63:0]
   163/584: $2$bitselwrite$data$/home/rishabh/HPCA2/mosaic_delta_phase1/rtl/xorflow_encoder_pipelined.sv:134$174[63:0]$1302
   164/584: $2$bitselwrite$mask$/home/rishabh/HPCA2/mosaic_delta_phase1/rtl/xorflow_encoder_pipelined.sv:134$173[63:0]$1301
   165/584: $2$bitselwrite$sel$/home/rishabh/HPCA2/mosaic_delta_phase1/rtl/xorflow_encoder_pipelined.sv:134$175[31:0]$1303
   166/584: $47\local_count[6:0]
   167/584: $1$bitselwrite$sel$/home/rishabh/HPCA2/mosaic_delta_phase1/rtl/xorflow_encoder_pipelined.sv:134$175[31:0]$1299
   168/584: $1$bitselwrite$data$/home/rishabh/HPCA2/mosaic_delta_phase1/rtl/xorflow_encoder_pipelined.sv:134$174[63:0]$1298
   169/584: $1$bitselwrite$mask$/home/rishabh/HPCA2/mosaic_delta_phase1/rtl/xorflow_encoder_pipelined.sv:134$173[63:0]$1297
   170/584: $93\local_ids[63:0]
   171/584: $92\local_ids[63:0]
   172/584: $2$bitselwrite$data$/home/rishabh/HPCA2/mosaic_delta_phase1/rtl/xorflow_encoder_pipelined.sv:134$171[63:0]$1283
   173/584: $2$bitselwrite$mask$/home/rishabh/HPCA2/mosaic_delta_phase1/rtl/xorflow_encoder_pipelined.sv:134$170[63:0]$1282
   174/584: $2$bitselwrite$sel$/home/rishabh/HPCA2/mosaic_delta_phase1/rtl/xorflow_encoder_pipelined.sv:134$172[31:0]$1284
   175/584: $46\local_count[6:0]
   176/584: $1$bitselwrite$sel$/home/rishabh/HPCA2/mosaic_delta_phase1/rtl/xorflow_encoder_pipelined.sv:134$172[31:0]$1280
   177/584: $1$bitselwrite$data$/home/rishabh/HPCA2/mosaic_delta_phase1/rtl/xorflow_encoder_pipelined.sv:134$171[63:0]$1279
   178/584: $1$bitselwrite$mask$/home/rishabh/HPCA2/mosaic_delta_phase1/rtl/xorflow_encoder_pipelined.sv:134$170[63:0]$1278
   179/584: $91\local_ids[63:0]
   180/584: $90\local_ids[63:0]
   181/584: $2$bitselwrite$data$/home/rishabh/HPCA2/mosaic_delta_phase1/rtl/xorflow_encoder_pipelined.sv:134$168[63:0]$1264
   182/584: $2$bitselwrite$mask$/home/rishabh/HPCA2/mosaic_delta_phase1/rtl/xorflow_encoder_pipelined.sv:134$167[63:0]$1263
   183/584: $2$bitselwrite$sel$/home/rishabh/HPCA2/mosaic_delta_phase1/rtl/xorflow_encoder_pipelined.sv:134$169[31:0]$1265
   184/584: $45\local_count[6:0]
   185/584: $1$bitselwrite$sel$/home/rishabh/HPCA2/mosaic_delta_phase1/rtl/xorflow_encoder_pipelined.sv:134$169[31:0]$1261
   186/584: $1$bitselwrite$data$/home/rishabh/HPCA2/mosaic_delta_phase1/rtl/xorflow_encoder_pipelined.sv:134$168[63:0]$1260
   187/584: $1$bitselwrite$mask$/home/rishabh/HPCA2/mosaic_delta_phase1/rtl/xorflow_encoder_pipelined.sv:134$167[63:0]$1259
   188/584: $89\local_ids[63:0]
   189/584: $88\local_ids[63:0]
   190/584: $2$bitselwrite$data$/home/rishabh/HPCA2/mosaic_delta_phase1/rtl/xorflow_encoder_pipelined.sv:134$165[63:0]$1245
   191/584: $2$bitselwrite$mask$/home/rishabh/HPCA2/mosaic_delta_phase1/rtl/xorflow_encoder_pipelined.sv:134$164[63:0]$1244
   192/584: $2$bitselwrite$sel$/home/rishabh/HPCA2/mosaic_delta_phase1/rtl/xorflow_encoder_pipelined.sv:134$166[31:0]$1246
   193/584: $44\local_count[6:0]
   194/584: $1$bitselwrite$sel$/home/rishabh/HPCA2/mosaic_delta_phase1/rtl/xorflow_encoder_pipelined.sv:134$166[31:0]$1242
   195/584: $1$bitselwrite$data$/home/rishabh/HPCA2/mosaic_delta_phase1/rtl/xorflow_encoder_pipelined.sv:134$165[63:0]$1241
   196/584: $1$bitselwrite$mask$/home/rishabh/HPCA2/mosaic_delta_phase1/rtl/xorflow_encoder_pipelined.sv:134$164[63:0]$1240
   197/584: $87\local_ids[63:0]
   198/584: $86\local_ids[63:0]
   199/584: $2$bitselwrite$data$/home/rishabh/HPCA2/mosaic_delta_phase1/rtl/xorflow_encoder_pipelined.sv:134$162[63:0]$1226
   200/584: $2$bitselwrite$mask$/home/rishabh/HPCA2/mosaic_delta_phase1/rtl/xorflow_encoder_pipelined.sv:134$161[63:0]$1225
   201/584: $2$bitselwrite$sel$/home/rishabh/HPCA2/mosaic_delta_phase1/rtl/xorflow_encoder_pipelined.sv:134$163[31:0]$1227
   202/584: $43\local_count[6:0]
   203/584: $1$bitselwrite$sel$/home/rishabh/HPCA2/mosaic_delta_phase1/rtl/xorflow_encoder_pipelined.sv:134$163[31:0]$1223
   204/584: $1$bitselwrite$data$/home/rishabh/HPCA2/mosaic_delta_phase1/rtl/xorflow_encoder_pipelined.sv:134$162[63:0]$1222
   205/584: $1$bitselwrite$mask$/home/rishabh/HPCA2/mosaic_delta_phase1/rtl/xorflow_encoder_pipelined.sv:134$161[63:0]$1221
   206/584: $85\local_ids[63:0]
   207/584: $84\local_ids[63:0]
   208/584: $2$bitselwrite$data$/home/rishabh/HPCA2/mosaic_delta_phase1/rtl/xorflow_encoder_pipelined.sv:134$159[63:0]$1207
   209/584: $2$bitselwrite$mask$/home/rishabh/HPCA2/mosaic_delta_phase1/rtl/xorflow_encoder_pipelined.sv:134$158[63:0]$1206
   210/584: $2$bitselwrite$sel$/home/rishabh/HPCA2/mosaic_delta_phase1/rtl/xorflow_encoder_pipelined.sv:134$160[31:0]$1208
   211/584: $42\local_count[6:0]
   212/584: $1$bitselwrite$sel$/home/rishabh/HPCA2/mosaic_delta_phase1/rtl/xorflow_encoder_pipelined.sv:134$160[31:0]$1204
   213/584: $1$bitselwrite$data$/home/rishabh/HPCA2/mosaic_delta_phase1/rtl/xorflow_encoder_pipelined.sv:134$159[63:0]$1203
   214/584: $1$bitselwrite$mask$/home/rishabh/HPCA2/mosaic_delta_phase1/rtl/xorflow_encoder_pipelined.sv:134$158[63:0]$1202
   215/584: $83\local_ids[63:0]
   216/584: $82\local_ids[63:0]
   217/584: $2$bitselwrite$data$/home/rishabh/HPCA2/mosaic_delta_phase1/rtl/xorflow_encoder_pipelined.sv:134$156[63:0]$1188
   218/584: $2$bitselwrite$mask$/home/rishabh/HPCA2/mosaic_delta_phase1/rtl/xorflow_encoder_pipelined.sv:134$155[63:0]$1187
   219/584: $2$bitselwrite$sel$/home/rishabh/HPCA2/mosaic_delta_phase1/rtl/xorflow_encoder_pipelined.sv:134$157[31:0]$1189
   220/584: $41\local_count[6:0]
   221/584: $1$bitselwrite$sel$/home/rishabh/HPCA2/mosaic_delta_phase1/rtl/xorflow_encoder_pipelined.sv:134$157[31:0]$1185
   222/584: $1$bitselwrite$data$/home/rishabh/HPCA2/mosaic_delta_phase1/rtl/xorflow_encoder_pipelined.sv:134$156[63:0]$1184
   223/584: $1$bitselwrite$mask$/home/rishabh/HPCA2/mosaic_delta_phase1/rtl/xorflow_encoder_pipelined.sv:134$155[63:0]$1183
   224/584: $81\local_ids[63:0]
   225/584: $80\local_ids[63:0]
   226/584: $2$bitselwrite$data$/home/rishabh/HPCA2/mosaic_delta_phase1/rtl/xorflow_encoder_pipelined.sv:134$153[63:0]$1169
   227/584: $2$bitselwrite$mask$/home/rishabh/HPCA2/mosaic_delta_phase1/rtl/xorflow_encoder_pipelined.sv:134$152[63:0]$1168
   228/584: $2$bitselwrite$sel$/home/rishabh/HPCA2/mosaic_delta_phase1/rtl/xorflow_encoder_pipelined.sv:134$154[31:0]$1170
   229/584: $40\local_count[6:0]
   230/584: $1$bitselwrite$sel$/home/rishabh/HPCA2/mosaic_delta_phase1/rtl/xorflow_encoder_pipelined.sv:134$154[31:0]$1166
   231/584: $1$bitselwrite$data$/home/rishabh/HPCA2/mosaic_delta_phase1/rtl/xorflow_encoder_pipelined.sv:134$153[63:0]$1165
   232/584: $1$bitselwrite$mask$/home/rishabh/HPCA2/mosaic_delta_phase1/rtl/xorflow_encoder_pipelined.sv:134$152[63:0]$1164
   233/584: $79\local_ids[63:0]
   234/584: $78\local_ids[63:0]
   235/584: $2$bitselwrite$data$/home/rishabh/HPCA2/mosaic_delta_phase1/rtl/xorflow_encoder_pipelined.sv:134$150[63:0]$1150
   236/584: $2$bitselwrite$mask$/home/rishabh/HPCA2/mosaic_delta_phase1/rtl/xorflow_encoder_pipelined.sv:134$149[63:0]$1149
   237/584: $2$bitselwrite$sel$/home/rishabh/HPCA2/mosaic_delta_phase1/rtl/xorflow_encoder_pipelined.sv:134$151[31:0]$1151
   238/584: $39\local_count[6:0]
   239/584: $1$bitselwrite$sel$/home/rishabh/HPCA2/mosaic_delta_phase1/rtl/xorflow_encoder_pipelined.sv:134$151[31:0]$1147
   240/584: $1$bitselwrite$data$/home/rishabh/HPCA2/mosaic_delta_phase1/rtl/xorflow_encoder_pipelined.sv:134$150[63:0]$1146
   241/584: $1$bitselwrite$mask$/home/rishabh/HPCA2/mosaic_delta_phase1/rtl/xorflow_encoder_pipelined.sv:134$149[63:0]$1145
   242/584: $77\local_ids[63:0]
   243/584: $76\local_ids[63:0]
   244/584: $2$bitselwrite$data$/home/rishabh/HPCA2/mosaic_delta_phase1/rtl/xorflow_encoder_pipelined.sv:134$147[63:0]$1131
   245/584: $2$bitselwrite$mask$/home/rishabh/HPCA2/mosaic_delta_phase1/rtl/xorflow_encoder_pipelined.sv:134$146[63:0]$1130
   246/584: $2$bitselwrite$sel$/home/rishabh/HPCA2/mosaic_delta_phase1/rtl/xorflow_encoder_pipelined.sv:134$148[31:0]$1132
   247/584: $38\local_count[6:0]
   248/584: $1$bitselwrite$sel$/home/rishabh/HPCA2/mosaic_delta_phase1/rtl/xorflow_encoder_pipelined.sv:134$148[31:0]$1128
   249/584: $1$bitselwrite$data$/home/rishabh/HPCA2/mosaic_delta_phase1/rtl/xorflow_encoder_pipelined.sv:134$147[63:0]$1127
   250/584: $1$bitselwrite$mask$/home/rishabh/HPCA2/mosaic_delta_phase1/rtl/xorflow_encoder_pipelined.sv:134$146[63:0]$1126
   251/584: $75\local_ids[63:0]
   252/584: $74\local_ids[63:0]
   253/584: $2$bitselwrite$data$/home/rishabh/HPCA2/mosaic_delta_phase1/rtl/xorflow_encoder_pipelined.sv:134$144[63:0]$1112
   254/584: $2$bitselwrite$mask$/home/rishabh/HPCA2/mosaic_delta_phase1/rtl/xorflow_encoder_pipelined.sv:134$143[63:0]$1111
   255/584: $2$bitselwrite$sel$/home/rishabh/HPCA2/mosaic_delta_phase1/rtl/xorflow_encoder_pipelined.sv:134$145[31:0]$1113
   256/584: $37\local_count[6:0]
   257/584: $1$bitselwrite$sel$/home/rishabh/HPCA2/mosaic_delta_phase1/rtl/xorflow_encoder_pipelined.sv:134$145[31:0]$1109
   258/584: $1$bitselwrite$data$/home/rishabh/HPCA2/mosaic_delta_phase1/rtl/xorflow_encoder_pipelined.sv:134$144[63:0]$1108
   259/584: $1$bitselwrite$mask$/home/rishabh/HPCA2/mosaic_delta_phase1/rtl/xorflow_encoder_pipelined.sv:134$143[63:0]$1107
   260/584: $73\local_ids[63:0]
   261/584: $72\local_ids[63:0]
   262/584: $2$bitselwrite$data$/home/rishabh/HPCA2/mosaic_delta_phase1/rtl/xorflow_encoder_pipelined.sv:134$141[63:0]$1093
   263/584: $2$bitselwrite$mask$/home/rishabh/HPCA2/mosaic_delta_phase1/rtl/xorflow_encoder_pipelined.sv:134$140[63:0]$1092
   264/584: $2$bitselwrite$sel$/home/rishabh/HPCA2/mosaic_delta_phase1/rtl/xorflow_encoder_pipelined.sv:134$142[31:0]$1094
   265/584: $36\local_count[6:0]
   266/584: $1$bitselwrite$sel$/home/rishabh/HPCA2/mosaic_delta_phase1/rtl/xorflow_encoder_pipelined.sv:134$142[31:0]$1090
   267/584: $1$bitselwrite$data$/home/rishabh/HPCA2/mosaic_delta_phase1/rtl/xorflow_encoder_pipelined.sv:134$141[63:0]$1089
   268/584: $1$bitselwrite$mask$/home/rishabh/HPCA2/mosaic_delta_phase1/rtl/xorflow_encoder_pipelined.sv:134$140[63:0]$1088
   269/584: $71\local_ids[63:0]
   270/584: $70\local_ids[63:0]
   271/584: $2$bitselwrite$data$/home/rishabh/HPCA2/mosaic_delta_phase1/rtl/xorflow_encoder_pipelined.sv:134$138[63:0]$1074
   272/584: $2$bitselwrite$mask$/home/rishabh/HPCA2/mosaic_delta_phase1/rtl/xorflow_encoder_pipelined.sv:134$137[63:0]$1073
   273/584: $2$bitselwrite$sel$/home/rishabh/HPCA2/mosaic_delta_phase1/rtl/xorflow_encoder_pipelined.sv:134$139[31:0]$1075
   274/584: $35\local_count[6:0]
   275/584: $1$bitselwrite$sel$/home/rishabh/HPCA2/mosaic_delta_phase1/rtl/xorflow_encoder_pipelined.sv:134$139[31:0]$1071
   276/584: $1$bitselwrite$data$/home/rishabh/HPCA2/mosaic_delta_phase1/rtl/xorflow_encoder_pipelined.sv:134$138[63:0]$1070
   277/584: $1$bitselwrite$mask$/home/rishabh/HPCA2/mosaic_delta_phase1/rtl/xorflow_encoder_pipelined.sv:134$137[63:0]$1069
   278/584: $69\local_ids[63:0]
   279/584: $68\local_ids[63:0]
   280/584: $2$bitselwrite$data$/home/rishabh/HPCA2/mosaic_delta_phase1/rtl/xorflow_encoder_pipelined.sv:134$135[63:0]$1055
   281/584: $2$bitselwrite$mask$/home/rishabh/HPCA2/mosaic_delta_phase1/rtl/xorflow_encoder_pipelined.sv:134$134[63:0]$1054
   282/584: $2$bitselwrite$sel$/home/rishabh/HPCA2/mosaic_delta_phase1/rtl/xorflow_encoder_pipelined.sv:134$136[31:0]$1056
   283/584: $34\local_count[6:0]
   284/584: $1$bitselwrite$sel$/home/rishabh/HPCA2/mosaic_delta_phase1/rtl/xorflow_encoder_pipelined.sv:134$136[31:0]$1052
   285/584: $1$bitselwrite$data$/home/rishabh/HPCA2/mosaic_delta_phase1/rtl/xorflow_encoder_pipelined.sv:134$135[63:0]$1051
   286/584: $1$bitselwrite$mask$/home/rishabh/HPCA2/mosaic_delta_phase1/rtl/xorflow_encoder_pipelined.sv:134$134[63:0]$1050
   287/584: $67\local_ids[63:0]
   288/584: $66\local_ids[63:0]
   289/584: $2$bitselwrite$data$/home/rishabh/HPCA2/mosaic_delta_phase1/rtl/xorflow_encoder_pipelined.sv:134$132[63:0]$1036
   290/584: $2$bitselwrite$mask$/home/rishabh/HPCA2/mosaic_delta_phase1/rtl/xorflow_encoder_pipelined.sv:134$131[63:0]$1035
   291/584: $2$bitselwrite$sel$/home/rishabh/HPCA2/mosaic_delta_phase1/rtl/xorflow_encoder_pipelined.sv:134$133[31:0]$1037
   292/584: $33\local_count[6:0]
   293/584: $1$bitselwrite$sel$/home/rishabh/HPCA2/mosaic_delta_phase1/rtl/xorflow_encoder_pipelined.sv:134$133[31:0]$1033
   294/584: $1$bitselwrite$data$/home/rishabh/HPCA2/mosaic_delta_phase1/rtl/xorflow_encoder_pipelined.sv:134$132[63:0]$1032
   295/584: $1$bitselwrite$mask$/home/rishabh/HPCA2/mosaic_delta_phase1/rtl/xorflow_encoder_pipelined.sv:134$131[63:0]$1031
   296/584: $65\local_ids[63:0]
   297/584: $64\local_ids[63:0]
   298/584: $2$bitselwrite$data$/home/rishabh/HPCA2/mosaic_delta_phase1/rtl/xorflow_encoder_pipelined.sv:134$129[63:0]$1017
   299/584: $2$bitselwrite$mask$/home/rishabh/HPCA2/mosaic_delta_phase1/rtl/xorflow_encoder_pipelined.sv:134$128[63:0]$1016
   300/584: $2$bitselwrite$sel$/home/rishabh/HPCA2/mosaic_delta_phase1/rtl/xorflow_encoder_pipelined.sv:134$130[31:0]$1018
   301/584: $32\local_count[6:0]
   302/584: $1$bitselwrite$sel$/home/rishabh/HPCA2/mosaic_delta_phase1/rtl/xorflow_encoder_pipelined.sv:134$130[31:0]$1014
   303/584: $1$bitselwrite$data$/home/rishabh/HPCA2/mosaic_delta_phase1/rtl/xorflow_encoder_pipelined.sv:134$129[63:0]$1013
   304/584: $1$bitselwrite$mask$/home/rishabh/HPCA2/mosaic_delta_phase1/rtl/xorflow_encoder_pipelined.sv:134$128[63:0]$1012
   305/584: $63\local_ids[63:0]
   306/584: $62\local_ids[63:0]
   307/584: $2$bitselwrite$data$/home/rishabh/HPCA2/mosaic_delta_phase1/rtl/xorflow_encoder_pipelined.sv:134$126[63:0]$998
   308/584: $2$bitselwrite$mask$/home/rishabh/HPCA2/mosaic_delta_phase1/rtl/xorflow_encoder_pipelined.sv:134$125[63:0]$997
   309/584: $2$bitselwrite$sel$/home/rishabh/HPCA2/mosaic_delta_phase1/rtl/xorflow_encoder_pipelined.sv:134$127[31:0]$999
   310/584: $31\local_count[6:0]
   311/584: $1$bitselwrite$sel$/home/rishabh/HPCA2/mosaic_delta_phase1/rtl/xorflow_encoder_pipelined.sv:134$127[31:0]$995
   312/584: $1$bitselwrite$data$/home/rishabh/HPCA2/mosaic_delta_phase1/rtl/xorflow_encoder_pipelined.sv:134$126[63:0]$994
   313/584: $1$bitselwrite$mask$/home/rishabh/HPCA2/mosaic_delta_phase1/rtl/xorflow_encoder_pipelined.sv:134$125[63:0]$993
   314/584: $61\local_ids[63:0]
   315/584: $60\local_ids[63:0]
   316/584: $2$bitselwrite$data$/home/rishabh/HPCA2/mosaic_delta_phase1/rtl/xorflow_encoder_pipelined.sv:134$123[63:0]$979
   317/584: $2$bitselwrite$mask$/home/rishabh/HPCA2/mosaic_delta_phase1/rtl/xorflow_encoder_pipelined.sv:134$122[63:0]$978
   318/584: $2$bitselwrite$sel$/home/rishabh/HPCA2/mosaic_delta_phase1/rtl/xorflow_encoder_pipelined.sv:134$124[31:0]$980
   319/584: $30\local_count[6:0]
   320/584: $1$bitselwrite$sel$/home/rishabh/HPCA2/mosaic_delta_phase1/rtl/xorflow_encoder_pipelined.sv:134$124[31:0]$976
   321/584: $1$bitselwrite$data$/home/rishabh/HPCA2/mosaic_delta_phase1/rtl/xorflow_encoder_pipelined.sv:134$123[63:0]$975
   322/584: $1$bitselwrite$mask$/home/rishabh/HPCA2/mosaic_delta_phase1/rtl/xorflow_encoder_pipelined.sv:134$122[63:0]$974
   323/584: $59\local_ids[63:0]
   324/584: $58\local_ids[63:0]
   325/584: $2$bitselwrite$data$/home/rishabh/HPCA2/mosaic_delta_phase1/rtl/xorflow_encoder_pipelined.sv:134$120[63:0]$960
   326/584: $2$bitselwrite$mask$/home/rishabh/HPCA2/mosaic_delta_phase1/rtl/xorflow_encoder_pipelined.sv:134$119[63:0]$959
   327/584: $2$bitselwrite$sel$/home/rishabh/HPCA2/mosaic_delta_phase1/rtl/xorflow_encoder_pipelined.sv:134$121[31:0]$961
   328/584: $29\local_count[6:0]
   329/584: $1$bitselwrite$sel$/home/rishabh/HPCA2/mosaic_delta_phase1/rtl/xorflow_encoder_pipelined.sv:134$121[31:0]$957
   330/584: $1$bitselwrite$data$/home/rishabh/HPCA2/mosaic_delta_phase1/rtl/xorflow_encoder_pipelined.sv:134$120[63:0]$956
   331/584: $1$bitselwrite$mask$/home/rishabh/HPCA2/mosaic_delta_phase1/rtl/xorflow_encoder_pipelined.sv:134$119[63:0]$955
   332/584: $57\local_ids[63:0]
   333/584: $56\local_ids[63:0]
   334/584: $2$bitselwrite$data$/home/rishabh/HPCA2/mosaic_delta_phase1/rtl/xorflow_encoder_pipelined.sv:134$117[63:0]$941
   335/584: $2$bitselwrite$mask$/home/rishabh/HPCA2/mosaic_delta_phase1/rtl/xorflow_encoder_pipelined.sv:134$116[63:0]$940
   336/584: $2$bitselwrite$sel$/home/rishabh/HPCA2/mosaic_delta_phase1/rtl/xorflow_encoder_pipelined.sv:134$118[31:0]$942
   337/584: $28\local_count[6:0]
   338/584: $1$bitselwrite$sel$/home/rishabh/HPCA2/mosaic_delta_phase1/rtl/xorflow_encoder_pipelined.sv:134$118[31:0]$938
   339/584: $1$bitselwrite$data$/home/rishabh/HPCA2/mosaic_delta_phase1/rtl/xorflow_encoder_pipelined.sv:134$117[63:0]$937
   340/584: $1$bitselwrite$mask$/home/rishabh/HPCA2/mosaic_delta_phase1/rtl/xorflow_encoder_pipelined.sv:134$116[63:0]$936
   341/584: $55\local_ids[63:0]
   342/584: $54\local_ids[63:0]
   343/584: $2$bitselwrite$data$/home/rishabh/HPCA2/mosaic_delta_phase1/rtl/xorflow_encoder_pipelined.sv:134$114[63:0]$922
   344/584: $2$bitselwrite$mask$/home/rishabh/HPCA2/mosaic_delta_phase1/rtl/xorflow_encoder_pipelined.sv:134$113[63:0]$921
   345/584: $2$bitselwrite$sel$/home/rishabh/HPCA2/mosaic_delta_phase1/rtl/xorflow_encoder_pipelined.sv:134$115[31:0]$923
   346/584: $27\local_count[6:0]
   347/584: $1$bitselwrite$sel$/home/rishabh/HPCA2/mosaic_delta_phase1/rtl/xorflow_encoder_pipelined.sv:134$115[31:0]$919
   348/584: $1$bitselwrite$data$/home/rishabh/HPCA2/mosaic_delta_phase1/rtl/xorflow_encoder_pipelined.sv:134$114[63:0]$918
   349/584: $1$bitselwrite$mask$/home/rishabh/HPCA2/mosaic_delta_phase1/rtl/xorflow_encoder_pipelined.sv:134$113[63:0]$917
   350/584: $53\local_ids[63:0]
   351/584: $52\local_ids[63:0]
   352/584: $2$bitselwrite$data$/home/rishabh/HPCA2/mosaic_delta_phase1/rtl/xorflow_encoder_pipelined.sv:134$111[63:0]$903
   353/584: $2$bitselwrite$mask$/home/rishabh/HPCA2/mosaic_delta_phase1/rtl/xorflow_encoder_pipelined.sv:134$110[63:0]$902
   354/584: $2$bitselwrite$sel$/home/rishabh/HPCA2/mosaic_delta_phase1/rtl/xorflow_encoder_pipelined.sv:134$112[31:0]$904
   355/584: $26\local_count[6:0]
   356/584: $1$bitselwrite$sel$/home/rishabh/HPCA2/mosaic_delta_phase1/rtl/xorflow_encoder_pipelined.sv:134$112[31:0]$900
   357/584: $1$bitselwrite$data$/home/rishabh/HPCA2/mosaic_delta_phase1/rtl/xorflow_encoder_pipelined.sv:134$111[63:0]$899
   358/584: $1$bitselwrite$mask$/home/rishabh/HPCA2/mosaic_delta_phase1/rtl/xorflow_encoder_pipelined.sv:134$110[63:0]$898
   359/584: $51\local_ids[63:0]
   360/584: $50\local_ids[63:0]
   361/584: $2$bitselwrite$data$/home/rishabh/HPCA2/mosaic_delta_phase1/rtl/xorflow_encoder_pipelined.sv:134$108[63:0]$884
   362/584: $2$bitselwrite$mask$/home/rishabh/HPCA2/mosaic_delta_phase1/rtl/xorflow_encoder_pipelined.sv:134$107[63:0]$883
   363/584: $2$bitselwrite$sel$/home/rishabh/HPCA2/mosaic_delta_phase1/rtl/xorflow_encoder_pipelined.sv:134$109[31:0]$885
   364/584: $25\local_count[6:0]
   365/584: $1$bitselwrite$sel$/home/rishabh/HPCA2/mosaic_delta_phase1/rtl/xorflow_encoder_pipelined.sv:134$109[31:0]$881
   366/584: $1$bitselwrite$data$/home/rishabh/HPCA2/mosaic_delta_phase1/rtl/xorflow_encoder_pipelined.sv:134$108[63:0]$880
   367/584: $1$bitselwrite$mask$/home/rishabh/HPCA2/mosaic_delta_phase1/rtl/xorflow_encoder_pipelined.sv:134$107[63:0]$879
   368/584: $49\local_ids[63:0]
   369/584: $48\local_ids[63:0]
   370/584: $2$bitselwrite$data$/home/rishabh/HPCA2/mosaic_delta_phase1/rtl/xorflow_encoder_pipelined.sv:134$105[63:0]$865
   371/584: $2$bitselwrite$mask$/home/rishabh/HPCA2/mosaic_delta_phase1/rtl/xorflow_encoder_pipelined.sv:134$104[63:0]$864
   372/584: $2$bitselwrite$sel$/home/rishabh/HPCA2/mosaic_delta_phase1/rtl/xorflow_encoder_pipelined.sv:134$106[31:0]$866
   373/584: $24\local_count[6:0]
   374/584: $1$bitselwrite$sel$/home/rishabh/HPCA2/mosaic_delta_phase1/rtl/xorflow_encoder_pipelined.sv:134$106[31:0]$862
   375/584: $1$bitselwrite$data$/home/rishabh/HPCA2/mosaic_delta_phase1/rtl/xorflow_encoder_pipelined.sv:134$105[63:0]$861
   376/584: $1$bitselwrite$mask$/home/rishabh/HPCA2/mosaic_delta_phase1/rtl/xorflow_encoder_pipelined.sv:134$104[63:0]$860
   377/584: $47\local_ids[63:0]
   378/584: $46\local_ids[63:0]
   379/584: $2$bitselwrite$data$/home/rishabh/HPCA2/mosaic_delta_phase1/rtl/xorflow_encoder_pipelined.sv:134$102[63:0]$846
   380/584: $2$bitselwrite$mask$/home/rishabh/HPCA2/mosaic_delta_phase1/rtl/xorflow_encoder_pipelined.sv:134$101[63:0]$845
   381/584: $2$bitselwrite$sel$/home/rishabh/HPCA2/mosaic_delta_phase1/rtl/xorflow_encoder_pipelined.sv:134$103[31:0]$847
   382/584: $23\local_count[6:0]
   383/584: $1$bitselwrite$sel$/home/rishabh/HPCA2/mosaic_delta_phase1/rtl/xorflow_encoder_pipelined.sv:134$103[31:0]$843
   384/584: $1$bitselwrite$data$/home/rishabh/HPCA2/mosaic_delta_phase1/rtl/xorflow_encoder_pipelined.sv:134$102[63:0]$842
   385/584: $1$bitselwrite$mask$/home/rishabh/HPCA2/mosaic_delta_phase1/rtl/xorflow_encoder_pipelined.sv:134$101[63:0]$841
   386/584: $45\local_ids[63:0]
   387/584: $44\local_ids[63:0]
   388/584: $2$bitselwrite$data$/home/rishabh/HPCA2/mosaic_delta_phase1/rtl/xorflow_encoder_pipelined.sv:134$99[63:0]$827
   389/584: $2$bitselwrite$mask$/home/rishabh/HPCA2/mosaic_delta_phase1/rtl/xorflow_encoder_pipelined.sv:134$98[63:0]$826
   390/584: $2$bitselwrite$sel$/home/rishabh/HPCA2/mosaic_delta_phase1/rtl/xorflow_encoder_pipelined.sv:134$100[31:0]$828
   391/584: $22\local_count[6:0]
   392/584: $1$bitselwrite$sel$/home/rishabh/HPCA2/mosaic_delta_phase1/rtl/xorflow_encoder_pipelined.sv:134$100[31:0]$824
   393/584: $1$bitselwrite$data$/home/rishabh/HPCA2/mosaic_delta_phase1/rtl/xorflow_encoder_pipelined.sv:134$99[63:0]$823
   394/584: $1$bitselwrite$mask$/home/rishabh/HPCA2/mosaic_delta_phase1/rtl/xorflow_encoder_pipelined.sv:134$98[63:0]$822
   395/584: $43\local_ids[63:0]
   396/584: $42\local_ids[63:0]
   397/584: $2$bitselwrite$data$/home/rishabh/HPCA2/mosaic_delta_phase1/rtl/xorflow_encoder_pipelined.sv:134$96[63:0]$808
   398/584: $2$bitselwrite$mask$/home/rishabh/HPCA2/mosaic_delta_phase1/rtl/xorflow_encoder_pipelined.sv:134$95[63:0]$807
   399/584: $2$bitselwrite$sel$/home/rishabh/HPCA2/mosaic_delta_phase1/rtl/xorflow_encoder_pipelined.sv:134$97[31:0]$809
   400/584: $21\local_count[6:0]
   401/584: $1$bitselwrite$sel$/home/rishabh/HPCA2/mosaic_delta_phase1/rtl/xorflow_encoder_pipelined.sv:134$97[31:0]$805
   402/584: $1$bitselwrite$data$/home/rishabh/HPCA2/mosaic_delta_phase1/rtl/xorflow_encoder_pipelined.sv:134$96[63:0]$804
   403/584: $1$bitselwrite$mask$/home/rishabh/HPCA2/mosaic_delta_phase1/rtl/xorflow_encoder_pipelined.sv:134$95[63:0]$803
   404/584: $41\local_ids[63:0]
   405/584: $40\local_ids[63:0]
   406/584: $2$bitselwrite$data$/home/rishabh/HPCA2/mosaic_delta_phase1/rtl/xorflow_encoder_pipelined.sv:134$93[63:0]$789
   407/584: $2$bitselwrite$mask$/home/rishabh/HPCA2/mosaic_delta_phase1/rtl/xorflow_encoder_pipelined.sv:134$92[63:0]$788
   408/584: $2$bitselwrite$sel$/home/rishabh/HPCA2/mosaic_delta_phase1/rtl/xorflow_encoder_pipelined.sv:134$94[31:0]$790
   409/584: $20\local_count[6:0]
   410/584: $1$bitselwrite$sel$/home/rishabh/HPCA2/mosaic_delta_phase1/rtl/xorflow_encoder_pipelined.sv:134$94[31:0]$786
   411/584: $1$bitselwrite$data$/home/rishabh/HPCA2/mosaic_delta_phase1/rtl/xorflow_encoder_pipelined.sv:134$93[63:0]$785
   412/584: $1$bitselwrite$mask$/home/rishabh/HPCA2/mosaic_delta_phase1/rtl/xorflow_encoder_pipelined.sv:134$92[63:0]$784
   413/584: $39\local_ids[63:0]
   414/584: $38\local_ids[63:0]
   415/584: $2$bitselwrite$data$/home/rishabh/HPCA2/mosaic_delta_phase1/rtl/xorflow_encoder_pipelined.sv:134$90[63:0]$770
   416/584: $2$bitselwrite$mask$/home/rishabh/HPCA2/mosaic_delta_phase1/rtl/xorflow_encoder_pipelined.sv:134$89[63:0]$769
   417/584: $2$bitselwrite$sel$/home/rishabh/HPCA2/mosaic_delta_phase1/rtl/xorflow_encoder_pipelined.sv:134$91[31:0]$771
   418/584: $19\local_count[6:0]
   419/584: $1$bitselwrite$sel$/home/rishabh/HPCA2/mosaic_delta_phase1/rtl/xorflow_encoder_pipelined.sv:134$91[31:0]$767
   420/584: $1$bitselwrite$data$/home/rishabh/HPCA2/mosaic_delta_phase1/rtl/xorflow_encoder_pipelined.sv:134$90[63:0]$766
   421/584: $1$bitselwrite$mask$/home/rishabh/HPCA2/mosaic_delta_phase1/rtl/xorflow_encoder_pipelined.sv:134$89[63:0]$765
   422/584: $37\local_ids[63:0]
   423/584: $36\local_ids[63:0]
   424/584: $2$bitselwrite$data$/home/rishabh/HPCA2/mosaic_delta_phase1/rtl/xorflow_encoder_pipelined.sv:134$87[63:0]$751
   425/584: $2$bitselwrite$mask$/home/rishabh/HPCA2/mosaic_delta_phase1/rtl/xorflow_encoder_pipelined.sv:134$86[63:0]$750
   426/584: $2$bitselwrite$sel$/home/rishabh/HPCA2/mosaic_delta_phase1/rtl/xorflow_encoder_pipelined.sv:134$88[31:0]$752
   427/584: $18\local_count[6:0]
   428/584: $1$bitselwrite$sel$/home/rishabh/HPCA2/mosaic_delta_phase1/rtl/xorflow_encoder_pipelined.sv:134$88[31:0]$748
   429/584: $1$bitselwrite$data$/home/rishabh/HPCA2/mosaic_delta_phase1/rtl/xorflow_encoder_pipelined.sv:134$87[63:0]$747
   430/584: $1$bitselwrite$mask$/home/rishabh/HPCA2/mosaic_delta_phase1/rtl/xorflow_encoder_pipelined.sv:134$86[63:0]$746
   431/584: $35\local_ids[63:0]
   432/584: $34\local_ids[63:0]
   433/584: $2$bitselwrite$data$/home/rishabh/HPCA2/mosaic_delta_phase1/rtl/xorflow_encoder_pipelined.sv:134$84[63:0]$732
   434/584: $2$bitselwrite$mask$/home/rishabh/HPCA2/mosaic_delta_phase1/rtl/xorflow_encoder_pipelined.sv:134$83[63:0]$731
   435/584: $2$bitselwrite$sel$/home/rishabh/HPCA2/mosaic_delta_phase1/rtl/xorflow_encoder_pipelined.sv:134$85[31:0]$733
   436/584: $17\local_count[6:0]
   437/584: $1$bitselwrite$sel$/home/rishabh/HPCA2/mosaic_delta_phase1/rtl/xorflow_encoder_pipelined.sv:134$85[31:0]$729
   438/584: $1$bitselwrite$data$/home/rishabh/HPCA2/mosaic_delta_phase1/rtl/xorflow_encoder_pipelined.sv:134$84[63:0]$728
   439/584: $1$bitselwrite$mask$/home/rishabh/HPCA2/mosaic_delta_phase1/rtl/xorflow_encoder_pipelined.sv:134$83[63:0]$727
   440/584: $33\local_ids[63:0]
   441/584: $32\local_ids[63:0]
   442/584: $2$bitselwrite$data$/home/rishabh/HPCA2/mosaic_delta_phase1/rtl/xorflow_encoder_pipelined.sv:134$81[63:0]$713
   443/584: $2$bitselwrite$mask$/home/rishabh/HPCA2/mosaic_delta_phase1/rtl/xorflow_encoder_pipelined.sv:134$80[63:0]$712
   444/584: $2$bitselwrite$sel$/home/rishabh/HPCA2/mosaic_delta_phase1/rtl/xorflow_encoder_pipelined.sv:134$82[31:0]$714
   445/584: $16\local_count[6:0]
   446/584: $1$bitselwrite$sel$/home/rishabh/HPCA2/mosaic_delta_phase1/rtl/xorflow_encoder_pipelined.sv:134$82[31:0]$710
   447/584: $1$bitselwrite$data$/home/rishabh/HPCA2/mosaic_delta_phase1/rtl/xorflow_encoder_pipelined.sv:134$81[63:0]$709
   448/584: $1$bitselwrite$mask$/home/rishabh/HPCA2/mosaic_delta_phase1/rtl/xorflow_encoder_pipelined.sv:134$80[63:0]$708
   449/584: $31\local_ids[63:0]
   450/584: $30\local_ids[63:0]
   451/584: $2$bitselwrite$data$/home/rishabh/HPCA2/mosaic_delta_phase1/rtl/xorflow_encoder_pipelined.sv:134$78[63:0]$694
   452/584: $2$bitselwrite$mask$/home/rishabh/HPCA2/mosaic_delta_phase1/rtl/xorflow_encoder_pipelined.sv:134$77[63:0]$693
   453/584: $2$bitselwrite$sel$/home/rishabh/HPCA2/mosaic_delta_phase1/rtl/xorflow_encoder_pipelined.sv:134$79[31:0]$695
   454/584: $15\local_count[6:0]
   455/584: $1$bitselwrite$sel$/home/rishabh/HPCA2/mosaic_delta_phase1/rtl/xorflow_encoder_pipelined.sv:134$79[31:0]$691
   456/584: $1$bitselwrite$data$/home/rishabh/HPCA2/mosaic_delta_phase1/rtl/xorflow_encoder_pipelined.sv:134$78[63:0]$690
   457/584: $1$bitselwrite$mask$/home/rishabh/HPCA2/mosaic_delta_phase1/rtl/xorflow_encoder_pipelined.sv:134$77[63:0]$689
   458/584: $29\local_ids[63:0]
   459/584: $28\local_ids[63:0]
   460/584: $2$bitselwrite$data$/home/rishabh/HPCA2/mosaic_delta_phase1/rtl/xorflow_encoder_pipelined.sv:134$75[63:0]$675
   461/584: $2$bitselwrite$mask$/home/rishabh/HPCA2/mosaic_delta_phase1/rtl/xorflow_encoder_pipelined.sv:134$74[63:0]$674
   462/584: $2$bitselwrite$sel$/home/rishabh/HPCA2/mosaic_delta_phase1/rtl/xorflow_encoder_pipelined.sv:134$76[31:0]$676
   463/584: $14\local_count[6:0]
   464/584: $1$bitselwrite$sel$/home/rishabh/HPCA2/mosaic_delta_phase1/rtl/xorflow_encoder_pipelined.sv:134$76[31:0]$672
   465/584: $1$bitselwrite$data$/home/rishabh/HPCA2/mosaic_delta_phase1/rtl/xorflow_encoder_pipelined.sv:134$75[63:0]$671
   466/584: $1$bitselwrite$mask$/home/rishabh/HPCA2/mosaic_delta_phase1/rtl/xorflow_encoder_pipelined.sv:134$74[63:0]$670
   467/584: $27\local_ids[63:0]
   468/584: $26\local_ids[63:0]
   469/584: $2$bitselwrite$data$/home/rishabh/HPCA2/mosaic_delta_phase1/rtl/xorflow_encoder_pipelined.sv:134$72[63:0]$656
   470/584: $2$bitselwrite$mask$/home/rishabh/HPCA2/mosaic_delta_phase1/rtl/xorflow_encoder_pipelined.sv:134$71[63:0]$655
   471/584: $2$bitselwrite$sel$/home/rishabh/HPCA2/mosaic_delta_phase1/rtl/xorflow_encoder_pipelined.sv:134$73[31:0]$657
   472/584: $13\local_count[6:0]
   473/584: $1$bitselwrite$sel$/home/rishabh/HPCA2/mosaic_delta_phase1/rtl/xorflow_encoder_pipelined.sv:134$73[31:0]$653
   474/584: $1$bitselwrite$data$/home/rishabh/HPCA2/mosaic_delta_phase1/rtl/xorflow_encoder_pipelined.sv:134$72[63:0]$652
   475/584: $1$bitselwrite$mask$/home/rishabh/HPCA2/mosaic_delta_phase1/rtl/xorflow_encoder_pipelined.sv:134$71[63:0]$651
   476/584: $25\local_ids[63:0]
   477/584: $24\local_ids[63:0]
   478/584: $2$bitselwrite$data$/home/rishabh/HPCA2/mosaic_delta_phase1/rtl/xorflow_encoder_pipelined.sv:134$69[63:0]$637
   479/584: $2$bitselwrite$mask$/home/rishabh/HPCA2/mosaic_delta_phase1/rtl/xorflow_encoder_pipelined.sv:134$68[63:0]$636
   480/584: $2$bitselwrite$sel$/home/rishabh/HPCA2/mosaic_delta_phase1/rtl/xorflow_encoder_pipelined.sv:134$70[31:0]$638
   481/584: $12\local_count[6:0]
   482/584: $1$bitselwrite$sel$/home/rishabh/HPCA2/mosaic_delta_phase1/rtl/xorflow_encoder_pipelined.sv:134$70[31:0]$634
   483/584: $1$bitselwrite$data$/home/rishabh/HPCA2/mosaic_delta_phase1/rtl/xorflow_encoder_pipelined.sv:134$69[63:0]$633
   484/584: $1$bitselwrite$mask$/home/rishabh/HPCA2/mosaic_delta_phase1/rtl/xorflow_encoder_pipelined.sv:134$68[63:0]$632
   485/584: $23\local_ids[63:0]
   486/584: $22\local_ids[63:0]
   487/584: $2$bitselwrite$data$/home/rishabh/HPCA2/mosaic_delta_phase1/rtl/xorflow_encoder_pipelined.sv:134$66[63:0]$618
   488/584: $2$bitselwrite$mask$/home/rishabh/HPCA2/mosaic_delta_phase1/rtl/xorflow_encoder_pipelined.sv:134$65[63:0]$617
   489/584: $2$bitselwrite$sel$/home/rishabh/HPCA2/mosaic_delta_phase1/rtl/xorflow_encoder_pipelined.sv:134$67[31:0]$619
   490/584: $11\local_count[6:0]
   491/584: $1$bitselwrite$sel$/home/rishabh/HPCA2/mosaic_delta_phase1/rtl/xorflow_encoder_pipelined.sv:134$67[31:0]$615
   492/584: $1$bitselwrite$data$/home/rishabh/HPCA2/mosaic_delta_phase1/rtl/xorflow_encoder_pipelined.sv:134$66[63:0]$614
   493/584: $1$bitselwrite$mask$/home/rishabh/HPCA2/mosaic_delta_phase1/rtl/xorflow_encoder_pipelined.sv:134$65[63:0]$613
   494/584: $21\local_ids[63:0]
   495/584: $20\local_ids[63:0]
   496/584: $2$bitselwrite$data$/home/rishabh/HPCA2/mosaic_delta_phase1/rtl/xorflow_encoder_pipelined.sv:134$63[63:0]$599
   497/584: $2$bitselwrite$mask$/home/rishabh/HPCA2/mosaic_delta_phase1/rtl/xorflow_encoder_pipelined.sv:134$62[63:0]$598
   498/584: $2$bitselwrite$sel$/home/rishabh/HPCA2/mosaic_delta_phase1/rtl/xorflow_encoder_pipelined.sv:134$64[31:0]$600
   499/584: $10\local_count[6:0]
   500/584: $1$bitselwrite$sel$/home/rishabh/HPCA2/mosaic_delta_phase1/rtl/xorflow_encoder_pipelined.sv:134$64[31:0]$596
   501/584: $1$bitselwrite$data$/home/rishabh/HPCA2/mosaic_delta_phase1/rtl/xorflow_encoder_pipelined.sv:134$63[63:0]$595
   502/584: $1$bitselwrite$mask$/home/rishabh/HPCA2/mosaic_delta_phase1/rtl/xorflow_encoder_pipelined.sv:134$62[63:0]$594
   503/584: $19\local_ids[63:0]
   504/584: $18\local_ids[63:0]
   505/584: $2$bitselwrite$data$/home/rishabh/HPCA2/mosaic_delta_phase1/rtl/xorflow_encoder_pipelined.sv:134$60[63:0]$580
   506/584: $2$bitselwrite$mask$/home/rishabh/HPCA2/mosaic_delta_phase1/rtl/xorflow_encoder_pipelined.sv:134$59[63:0]$579
   507/584: $2$bitselwrite$sel$/home/rishabh/HPCA2/mosaic_delta_phase1/rtl/xorflow_encoder_pipelined.sv:134$61[31:0]$581
   508/584: $9\local_count[6:0]
   509/584: $1$bitselwrite$sel$/home/rishabh/HPCA2/mosaic_delta_phase1/rtl/xorflow_encoder_pipelined.sv:134$61[31:0]$577
   510/584: $1$bitselwrite$data$/home/rishabh/HPCA2/mosaic_delta_phase1/rtl/xorflow_encoder_pipelined.sv:134$60[63:0]$576
   511/584: $1$bitselwrite$mask$/home/rishabh/HPCA2/mosaic_delta_phase1/rtl/xorflow_encoder_pipelined.sv:134$59[63:0]$575
   512/584: $17\local_ids[63:0]
   513/584: $16\local_ids[63:0]
   514/584: $2$bitselwrite$data$/home/rishabh/HPCA2/mosaic_delta_phase1/rtl/xorflow_encoder_pipelined.sv:134$57[63:0]$561
   515/584: $2$bitselwrite$mask$/home/rishabh/HPCA2/mosaic_delta_phase1/rtl/xorflow_encoder_pipelined.sv:134$56[63:0]$560
   516/584: $2$bitselwrite$sel$/home/rishabh/HPCA2/mosaic_delta_phase1/rtl/xorflow_encoder_pipelined.sv:134$58[31:0]$562
   517/584: $8\local_count[6:0]
   518/584: $1$bitselwrite$sel$/home/rishabh/HPCA2/mosaic_delta_phase1/rtl/xorflow_encoder_pipelined.sv:134$58[31:0]$558
   519/584: $1$bitselwrite$data$/home/rishabh/HPCA2/mosaic_delta_phase1/rtl/xorflow_encoder_pipelined.sv:134$57[63:0]$557
   520/584: $1$bitselwrite$mask$/home/rishabh/HPCA2/mosaic_delta_phase1/rtl/xorflow_encoder_pipelined.sv:134$56[63:0]$556
   521/584: $15\local_ids[63:0]
   522/584: $14\local_ids[63:0]
   523/584: $2$bitselwrite$data$/home/rishabh/HPCA2/mosaic_delta_phase1/rtl/xorflow_encoder_pipelined.sv:134$54[63:0]$542
   524/584: $2$bitselwrite$mask$/home/rishabh/HPCA2/mosaic_delta_phase1/rtl/xorflow_encoder_pipelined.sv:134$53[63:0]$541
   525/584: $2$bitselwrite$sel$/home/rishabh/HPCA2/mosaic_delta_phase1/rtl/xorflow_encoder_pipelined.sv:134$55[31:0]$543
   526/584: $7\local_count[6:0]
   527/584: $1$bitselwrite$sel$/home/rishabh/HPCA2/mosaic_delta_phase1/rtl/xorflow_encoder_pipelined.sv:134$55[31:0]$539
   528/584: $1$bitselwrite$data$/home/rishabh/HPCA2/mosaic_delta_phase1/rtl/xorflow_encoder_pipelined.sv:134$54[63:0]$538
   529/584: $1$bitselwrite$mask$/home/rishabh/HPCA2/mosaic_delta_phase1/rtl/xorflow_encoder_pipelined.sv:134$53[63:0]$537
   530/584: $13\local_ids[63:0]
   531/584: $12\local_ids[63:0]
   532/584: $2$bitselwrite$data$/home/rishabh/HPCA2/mosaic_delta_phase1/rtl/xorflow_encoder_pipelined.sv:134$51[63:0]$523
   533/584: $2$bitselwrite$mask$/home/rishabh/HPCA2/mosaic_delta_phase1/rtl/xorflow_encoder_pipelined.sv:134$50[63:0]$522
   534/584: $2$bitselwrite$sel$/home/rishabh/HPCA2/mosaic_delta_phase1/rtl/xorflow_encoder_pipelined.sv:134$52[31:0]$524
   535/584: $6\local_count[6:0]
   536/584: $1$bitselwrite$sel$/home/rishabh/HPCA2/mosaic_delta_phase1/rtl/xorflow_encoder_pipelined.sv:134$52[31:0]$520
   537/584: $1$bitselwrite$data$/home/rishabh/HPCA2/mosaic_delta_phase1/rtl/xorflow_encoder_pipelined.sv:134$51[63:0]$519
   538/584: $1$bitselwrite$mask$/home/rishabh/HPCA2/mosaic_delta_phase1/rtl/xorflow_encoder_pipelined.sv:134$50[63:0]$518
   539/584: $11\local_ids[63:0]
   540/584: $10\local_ids[63:0]
   541/584: $2$bitselwrite$data$/home/rishabh/HPCA2/mosaic_delta_phase1/rtl/xorflow_encoder_pipelined.sv:134$48[63:0]$504
   542/584: $2$bitselwrite$mask$/home/rishabh/HPCA2/mosaic_delta_phase1/rtl/xorflow_encoder_pipelined.sv:134$47[63:0]$503
   543/584: $2$bitselwrite$sel$/home/rishabh/HPCA2/mosaic_delta_phase1/rtl/xorflow_encoder_pipelined.sv:134$49[31:0]$505
   544/584: $5\local_count[6:0]
   545/584: $1$bitselwrite$sel$/home/rishabh/HPCA2/mosaic_delta_phase1/rtl/xorflow_encoder_pipelined.sv:134$49[31:0]$501
   546/584: $1$bitselwrite$data$/home/rishabh/HPCA2/mosaic_delta_phase1/rtl/xorflow_encoder_pipelined.sv:134$48[63:0]$500
   547/584: $1$bitselwrite$mask$/home/rishabh/HPCA2/mosaic_delta_phase1/rtl/xorflow_encoder_pipelined.sv:134$47[63:0]$499
   548/584: $9\local_ids[63:0]
   549/584: $8\local_ids[63:0]
   550/584: $2$bitselwrite$data$/home/rishabh/HPCA2/mosaic_delta_phase1/rtl/xorflow_encoder_pipelined.sv:134$45[63:0]$485
   551/584: $2$bitselwrite$mask$/home/rishabh/HPCA2/mosaic_delta_phase1/rtl/xorflow_encoder_pipelined.sv:134$44[63:0]$484
   552/584: $2$bitselwrite$sel$/home/rishabh/HPCA2/mosaic_delta_phase1/rtl/xorflow_encoder_pipelined.sv:134$46[31:0]$486
   553/584: $4\local_count[6:0]
   554/584: $1$bitselwrite$sel$/home/rishabh/HPCA2/mosaic_delta_phase1/rtl/xorflow_encoder_pipelined.sv:134$46[31:0]$482
   555/584: $1$bitselwrite$data$/home/rishabh/HPCA2/mosaic_delta_phase1/rtl/xorflow_encoder_pipelined.sv:134$45[63:0]$481
   556/584: $1$bitselwrite$mask$/home/rishabh/HPCA2/mosaic_delta_phase1/rtl/xorflow_encoder_pipelined.sv:134$44[63:0]$480
   557/584: $7\local_ids[63:0]
   558/584: $6\local_ids[63:0]
   559/584: $2$bitselwrite$data$/home/rishabh/HPCA2/mosaic_delta_phase1/rtl/xorflow_encoder_pipelined.sv:134$42[63:0]$466
   560/584: $2$bitselwrite$mask$/home/rishabh/HPCA2/mosaic_delta_phase1/rtl/xorflow_encoder_pipelined.sv:134$41[63:0]$465
   561/584: $2$bitselwrite$sel$/home/rishabh/HPCA2/mosaic_delta_phase1/rtl/xorflow_encoder_pipelined.sv:134$43[31:0]$467
   562/584: $3\local_count[6:0]
   563/584: $1$bitselwrite$sel$/home/rishabh/HPCA2/mosaic_delta_phase1/rtl/xorflow_encoder_pipelined.sv:134$43[31:0]$463
   564/584: $1$bitselwrite$data$/home/rishabh/HPCA2/mosaic_delta_phase1/rtl/xorflow_encoder_pipelined.sv:134$42[63:0]$462
   565/584: $1$bitselwrite$mask$/home/rishabh/HPCA2/mosaic_delta_phase1/rtl/xorflow_encoder_pipelined.sv:134$41[63:0]$461
   566/584: $5\local_ids[63:0]
   567/584: $4\local_ids[63:0]
   568/584: $2$bitselwrite$data$/home/rishabh/HPCA2/mosaic_delta_phase1/rtl/xorflow_encoder_pipelined.sv:134$39[63:0]$447
   569/584: $2$bitselwrite$mask$/home/rishabh/HPCA2/mosaic_delta_phase1/rtl/xorflow_encoder_pipelined.sv:134$38[63:0]$446
   570/584: $2$bitselwrite$sel$/home/rishabh/HPCA2/mosaic_delta_phase1/rtl/xorflow_encoder_pipelined.sv:134$40[31:0]$448
   571/584: $2\local_count[6:0]
   572/584: $1$bitselwrite$sel$/home/rishabh/HPCA2/mosaic_delta_phase1/rtl/xorflow_encoder_pipelined.sv:134$40[31:0]$444
   573/584: $1$bitselwrite$data$/home/rishabh/HPCA2/mosaic_delta_phase1/rtl/xorflow_encoder_pipelined.sv:134$39[63:0]$443
   574/584: $1$bitselwrite$mask$/home/rishabh/HPCA2/mosaic_delta_phase1/rtl/xorflow_encoder_pipelined.sv:134$38[63:0]$442
   575/584: $3\local_ids[63:0]
   576/584: $2\local_ids[63:0]
   577/584: $2$bitselwrite$data$/home/rishabh/HPCA2/mosaic_delta_phase1/rtl/xorflow_encoder_pipelined.sv:134$36[63:0]$428
   578/584: $2$bitselwrite$mask$/home/rishabh/HPCA2/mosaic_delta_phase1/rtl/xorflow_encoder_pipelined.sv:134$35[63:0]$427
   579/584: $2$bitselwrite$sel$/home/rishabh/HPCA2/mosaic_delta_phase1/rtl/xorflow_encoder_pipelined.sv:134$37[31:0]$429
   580/584: $1\local_count[6:0]
   581/584: $1$bitselwrite$sel$/home/rishabh/HPCA2/mosaic_delta_phase1/rtl/xorflow_encoder_pipelined.sv:134$37[31:0]$425
   582/584: $1$bitselwrite$data$/home/rishabh/HPCA2/mosaic_delta_phase1/rtl/xorflow_encoder_pipelined.sv:134$36[63:0]$424
   583/584: $1$bitselwrite$mask$/home/rishabh/HPCA2/mosaic_delta_phase1/rtl/xorflow_encoder_pipelined.sv:134$35[63:0]$423
   584/584: $1\local_ids[63:0]

3.8. Executing PROC_DLATCH pass (convert process syncs to latches).
No latch inferred for signal `\xorflow_encoder_tile_engine.\majority_next' from process `\xorflow_encoder_tile_engine.$proc$/home/rishabh/HPCA2/mosaic_delta_phase1/rtl/xorflow_encoder_pipelined.sv:128$229'.
No latch inferred for signal `\xorflow_encoder_tile_engine.\b' from process `\xorflow_encoder_tile_engine.$proc$/home/rishabh/HPCA2/mosaic_delta_phase1/rtl/xorflow_encoder_pipelined.sv:128$229'.
No latch inferred for signal `\xorflow_encoder_tile_engine.\n' from process `\xorflow_encoder_tile_engine.$proc$/home/rishabh/HPCA2/mosaic_delta_phase1/rtl/xorflow_encoder_pipelined.sv:128$229'.
No latch inferred for signal `\xorflow_encoder_tile_engine.\local_count' from process `\xorflow_encoder_tile_engine.$proc$/home/rishabh/HPCA2/mosaic_delta_phase1/rtl/xorflow_encoder_pipelined.sv:128$229'.
No latch inferred for signal `\xorflow_encoder_tile_engine.\local_ids' from process `\xorflow_encoder_tile_engine.$proc$/home/rishabh/HPCA2/mosaic_delta_phase1/rtl/xorflow_encoder_pipelined.sv:128$229'.
No latch inferred for signal `\xorflow_encoder_tile_engine.\local_xor' from process `\xorflow_encoder_tile_engine.$proc$/home/rishabh/HPCA2/mosaic_delta_phase1/rtl/xorflow_encoder_pipelined.sv:128$229'.
No latch inferred for signal `\xorflow_encoder_tile_engine.\local_fixed_bits' from process `\xorflow_encoder_tile_engine.$proc$/home/rishabh/HPCA2/mosaic_delta_phase1/rtl/xorflow_encoder_pipelined.sv:128$229'.
No latch inferred for signal `\xorflow_encoder_tile_engine.\local_dense_bits' from process `\xorflow_encoder_tile_engine.$proc$/home/rishabh/HPCA2/mosaic_delta_phase1/rtl/xorflow_encoder_pipelined.sv:128$229'.
No latch inferred for signal `\xorflow_encoder_tile_engine.\local_kind' from process `\xorflow_encoder_tile_engine.$proc$/home/rishabh/HPCA2/mosaic_delta_phase1/rtl/xorflow_encoder_pipelined.sv:128$229'.
No latch inferred for signal `\xorflow_encoder_tile_engine.\local_bytes' from process `\xorflow_encoder_tile_engine.$proc$/home/rishabh/HPCA2/mosaic_delta_phase1/rtl/xorflow_encoder_pipelined.sv:128$229'.
No latch inferred for signal `\xorflow_encoder_tile_engine.$bitselwrite$mask$/home/rishabh/HPCA2/mosaic_delta_phase1/rtl/xorflow_encoder_pipelined.sv:134$35' from process `\xorflow_encoder_tile_engine.$proc$/home/rishabh/HPCA2/mosaic_delta_phase1/rtl/xorflow_encoder_pipelined.sv:128$229'.
No latch inferred for signal `\xorflow_encoder_tile_engine.$bitselwrite$data$/home/rishabh/HPCA2/mosaic_delta_phase1/rtl/xorflow_encoder_pipelined.sv:134$36' from process `\xorflow_encoder_tile_engine.$proc$/home/rishabh/HPCA2/mosaic_delta_phase1/rtl/xorflow_encoder_pipelined.sv:128$229'.
No latch inferred for signal `\xorflow_encoder_tile_engine.$bitselwrite$sel$/home/rishabh/HPCA2/mosaic_delta_phase1/rtl/xorflow_encoder_pipelined.sv:134$37' from process `\xorflow_encoder_tile_engine.$proc$/home/rishabh/HPCA2/mosaic_delta_phase1/rtl/xorflow_encoder_pipelined.sv:128$229'.
No latch inferred for signal `\xorflow_encoder_tile_engine.$bitselwrite$mask$/home/rishabh/HPCA2/mosaic_delta_phase1/rtl/xorflow_encoder_pipelined.sv:134$38' from process `\xorflow_encoder_tile_engine.$proc$/home/rishabh/HPCA2/mosaic_delta_phase1/rtl/xorflow_encoder_pipelined.sv:128$229'.
No latch inferred for signal `\xorflow_encoder_tile_engine.$bitselwrite$data$/home/rishabh/HPCA2/mosaic_delta_phase1/rtl/xorflow_encoder_pipelined.sv:134$39' from process `\xorflow_encoder_tile_engine.$proc$/home/rishabh/HPCA2/mosaic_delta_phase1/rtl/xorflow_encoder_pipelined.sv:128$229'.
No latch inferred for signal `\xorflow_encoder_tile_engine.$bitselwrite$sel$/home/rishabh/HPCA2/mosaic_delta_phase1/rtl/xorflow_encoder_pipelined.sv:134$40' from process `\xorflow_encoder_tile_engine.$proc$/home/rishabh/HPCA2/mosaic_delta_phase1/rtl/xorflow_encoder_pipelined.sv:128$229'.
No latch inferred for signal `\xorflow_encoder_tile_engine.$bitselwrite$mask$/home/rishabh/HPCA2/mosaic_delta_phase1/rtl/xorflow_encoder_pipelined.sv:134$41' from process `\xorflow_encoder_tile_engine.$proc$/home/rishabh/HPCA2/mosaic_delta_phase1/rtl/xorflow_encoder_pipelined.sv:128$229'.
No latch inferred for signal `\xorflow_encoder_tile_engine.$bitselwrite$data$/home/rishabh/HPCA2/mosaic_delta_phase1/rtl/xorflow_encoder_pipelined.sv:134$42' from process `\xorflow_encoder_tile_engine.$proc$/home/rishabh/HPCA2/mosaic_delta_phase1/rtl/xorflow_encoder_pipelined.sv:128$229'.
No latch inferred for signal `\xorflow_encoder_tile_engine.$bitselwrite$sel$/home/rishabh/HPCA2/mosaic_delta_phase1/rtl/xorflow_encoder_pipelined.sv:134$43' from process `\xorflow_encoder_tile_engine.$proc$/home/rishabh/HPCA2/mosaic_delta_phase1/rtl/xorflow_encoder_pipelined.sv:128$229'.
No latch inferred for signal `\xorflow_encoder_tile_engine.$bitselwrite$mask$/home/rishabh/HPCA2/mosaic_delta_phase1/rtl/xorflow_encoder_pipelined.sv:134$44' from process `\xorflow_encoder_tile_engine.$proc$/home/rishabh/HPCA2/mosaic_delta_phase1/rtl/xorflow_encoder_pipelined.sv:128$229'.
No latch inferred for signal `\xorflow_encoder_tile_engine.$bitselwrite$data$/home/rishabh/HPCA2/mosaic_delta_phase1/rtl/xorflow_encoder_pipelined.sv:134$45' from process `\xorflow_encoder_tile_engine.$proc$/home/rishabh/HPCA2/mosaic_delta_phase1/rtl/xorflow_encoder_pipelined.sv:128$229'.
No latch inferred for signal `\xorflow_encoder_tile_engine.$bitselwrite$sel$/home/rishabh/HPCA2/mosaic_delta_phase1/rtl/xorflow_encoder_pipelined.sv:134$46' from process `\xorflow_encoder_tile_engine.$proc$/home/rishabh/HPCA2/mosaic_delta_phase1/rtl/xorflow_encoder_pipelined.sv:128$229'.
No latch inferred for signal `\xorflow_encoder_tile_engine.$bitselwrite$mask$/home/rishabh/HPCA2/mosaic_delta_phase1/rtl/xorflow_encoder_pipelined.sv:134$47' from process `\xorflow_encoder_tile_engine.$proc$/home/rishabh/HPCA2/mosaic_delta_phase1/rtl/xorflow_encoder_pipelined.sv:128$229'.
No latch inferred for signal `\xorflow_encoder_tile_engine.$bitselwrite$data$/home/rishabh/HPCA2/mosaic_delta_phase1/rtl/xorflow_encoder_pipelined.sv:134$48' from process `\xorflow_encoder_tile_engine.$proc$/home/rishabh/HPCA2/mosaic_delta_phase1/rtl/xorflow_encoder_pipelined.sv:128$229'.
No latch inferred for signal `\xorflow_encoder_tile_engine.$bitselwrite$sel$/home/rishabh/HPCA2/mosaic_delta_phase1/rtl/xorflow_encoder_pipelined.sv:134$49' from process `\xorflow_encoder_tile_engine.$proc$/home/rishabh/HPCA2/mosaic_delta_phase1/rtl/xorflow_encoder_pipelined.sv:128$229'.
No latch inferred for signal `\xorflow_encoder_tile_engine.$bitselwrite$mask$/home/rishabh/HPCA2/mosaic_delta_phase1/rtl/xorflow_encoder_pipelined.sv:134$50' from process `\xorflow_encoder_tile_engine.$proc$/home/rishabh/HPCA2/mosaic_delta_phase1/rtl/xorflow_encoder_pipelined.sv:128$229'.
No latch inferred for signal `\xorflow_encoder_tile_engine.$bitselwrite$data$/home/rishabh/HPCA2/mosaic_delta_phase1/rtl/xorflow_encoder_pipelined.sv:134$51' from process `\xorflow_encoder_tile_engine.$proc$/home/rishabh/HPCA2/mosaic_delta_phase1/rtl/xorflow_encoder_pipelined.sv:128$229'.
No latch inferred for signal `\xorflow_encoder_tile_engine.$bitselwrite$sel$/home/rishabh/HPCA2/mosaic_delta_phase1/rtl/xorflow_encoder_pipelined.sv:134$52' from process `\xorflow_encoder_tile_engine.$proc$/home/rishabh/HPCA2/mosaic_delta_phase1/rtl/xorflow_encoder_pipelined.sv:128$229'.
No latch inferred for signal `\xorflow_encoder_tile_engine.$bitselwrite$mask$/home/rishabh/HPCA2/mosaic_delta_phase1/rtl/xorflow_encoder_pipelined.sv:134$53' from process `\xorflow_encoder_tile_engine.$proc$/home/rishabh/HPCA2/mosaic_delta_phase1/rtl/xorflow_encoder_pipelined.sv:128$229'.
No latch inferred for signal `\xorflow_encoder_tile_engine.$bitselwrite$data$/home/rishabh/HPCA2/mosaic_delta_phase1/rtl/xorflow_encoder_pipelined.sv:134$54' from process `\xorflow_encoder_tile_engine.$proc$/home/rishabh/HPCA2/mosaic_delta_phase1/rtl/xorflow_encoder_pipelined.sv:128$229'.
No latch inferred for signal `\xorflow_encoder_tile_engine.$bitselwrite$sel$/home/rishabh/HPCA2/mosaic_delta_phase1/rtl/xorflow_encoder_pipelined.sv:134$55' from process `\xorflow_encoder_tile_engine.$proc$/home/rishabh/HPCA2/mosaic_delta_phase1/rtl/xorflow_encoder_pipelined.sv:128$229'.
No latch inferred for signal `\xorflow_encoder_tile_engine.$bitselwrite$mask$/home/rishabh/HPCA2/mosaic_delta_phase1/rtl/xorflow_encoder_pipelined.sv:134$56' from process `\xorflow_encoder_tile_engine.$proc$/home/rishabh/HPCA2/mosaic_delta_phase1/rtl/xorflow_encoder_pipelined.sv:128$229'.
No latch inferred for signal `\xorflow_encoder_tile_engine.$bitselwrite$data$/home/rishabh/HPCA2/mosaic_delta_phase1/rtl/xorflow_encoder_pipelined.sv:134$57' from process `\xorflow_encoder_tile_engine.$proc$/home/rishabh/HPCA2/mosaic_delta_phase1/rtl/xorflow_encoder_pipelined.sv:128$229'.
No latch inferred for signal `\xorflow_encoder_tile_engine.$bitselwrite$sel$/home/rishabh/HPCA2/mosaic_delta_phase1/rtl/xorflow_encoder_pipelined.sv:134$58' from process `\xorflow_encoder_tile_engine.$proc$/home/rishabh/HPCA2/mosaic_delta_phase1/rtl/xorflow_encoder_pipelined.sv:128$229'.
No latch inferred for signal `\xorflow_encoder_tile_engine.$bitselwrite$mask$/home/rishabh/HPCA2/mosaic_delta_phase1/rtl/xorflow_encoder_pipelined.sv:134$59' from process `\xorflow_encoder_tile_engine.$proc$/home/rishabh/HPCA2/mosaic_delta_phase1/rtl/xorflow_encoder_pipelined.sv:128$229'.
No latch inferred for signal `\xorflow_encoder_tile_engine.$bitselwrite$data$/home/rishabh/HPCA2/mosaic_delta_phase1/rtl/xorflow_encoder_pipelined.sv:134$60' from process `\xorflow_encoder_tile_engine.$proc$/home/rishabh/HPCA2/mosaic_delta_phase1/rtl/xorflow_encoder_pipelined.sv:128$229'.
No latch inferred for signal `\xorflow_encoder_tile_engine.$bitselwrite$sel$/home/rishabh/HPCA2/mosaic_delta_phase1/rtl/xorflow_encoder_pipelined.sv:134$61' from process `\xorflow_encoder_tile_engine.$proc$/home/rishabh/HPCA2/mosaic_delta_phase1/rtl/xorflow_encoder_pipelined.sv:128$229'.
No latch inferred for signal `\xorflow_encoder_tile_engine.$bitselwrite$mask$/home/rishabh/HPCA2/mosaic_delta_phase1/rtl/xorflow_encoder_pipelined.sv:134$62' from process `\xorflow_encoder_tile_engine.$proc$/home/rishabh/HPCA2/mosaic_delta_phase1/rtl/xorflow_encoder_pipelined.sv:128$229'.
No latch inferred for signal `\xorflow_encoder_tile_engine.$bitselwrite$data$/home/rishabh/HPCA2/mosaic_delta_phase1/rtl/xorflow_encoder_pipelined.sv:134$63' from process `\xorflow_encoder_tile_engine.$proc$/home/rishabh/HPCA2/mosaic_delta_phase1/rtl/xorflow_encoder_pipelined.sv:128$229'.
No latch inferred for signal `\xorflow_encoder_tile_engine.$bitselwrite$sel$/home/rishabh/HPCA2/mosaic_delta_phase1/rtl/xorflow_encoder_pipelined.sv:134$64' from process `\xorflow_encoder_tile_engine.$proc$/home/rishabh/HPCA2/mosaic_delta_phase1/rtl/xorflow_encoder_pipelined.sv:128$229'.
No latch inferred for signal `\xorflow_encoder_tile_engine.$bitselwrite$mask$/home/rishabh/HPCA2/mosaic_delta_phase1/rtl/xorflow_encoder_pipelined.sv:134$65' from process `\xorflow_encoder_tile_engine.$proc$/home/rishabh/HPCA2/mosaic_delta_phase1/rtl/xorflow_encoder_pipelined.sv:128$229'.
No latch inferred for signal `\xorflow_encoder_tile_engine.$bitselwrite$data$/home/rishabh/HPCA2/mosaic_delta_phase1/rtl/xorflow_encoder_pipelined.sv:134$66' from process `\xorflow_encoder_tile_engine.$proc$/home/rishabh/HPCA2/mosaic_delta_phase1/rtl/xorflow_encoder_pipelined.sv:128$229'.
No latch inferred for signal `\xorflow_encoder_tile_engine.$bitselwrite$sel$/home/rishabh/HPCA2/mosaic_delta_phase1/rtl/xorflow_encoder_pipelined.sv:134$67' from process `\xorflow_encoder_tile_engine.$proc$/home/rishabh/HPCA2/mosaic_delta_phase1/rtl/xorflow_encoder_pipelined.sv:128$229'.
No latch inferred for signal `\xorflow_encoder_tile_engine.$bitselwrite$mask$/home/rishabh/HPCA2/mosaic_delta_phase1/rtl/xorflow_encoder_pipelined.sv:134$68' from process `\xorflow_encoder_tile_engine.$proc$/home/rishabh/HPCA2/mosaic_delta_phase1/rtl/xorflow_encoder_pipelined.sv:128$229'.
No latch inferred for signal `\xorflow_encoder_tile_engine.$bitselwrite$data$/home/rishabh/HPCA2/mosaic_delta_phase1/rtl/xorflow_encoder_pipelined.sv:134$69' from process `\xorflow_encoder_tile_engine.$proc$/home/rishabh/HPCA2/mosaic_delta_phase1/rtl/xorflow_encoder_pipelined.sv:128$229'.
No latch inferred for signal `\xorflow_encoder_tile_engine.$bitselwrite$sel$/home/rishabh/HPCA2/mosaic_delta_phase1/rtl/xorflow_encoder_pipelined.sv:134$70' from process `\xorflow_encoder_tile_engine.$proc$/home/rishabh/HPCA2/mosaic_delta_phase1/rtl/xorflow_encoder_pipelined.sv:128$229'.
No latch inferred for signal `\xorflow_encoder_tile_engine.$bitselwrite$mask$/home/rishabh/HPCA2/mosaic_delta_phase1/rtl/xorflow_encoder_pipelined.sv:134$71' from process `\xorflow_encoder_tile_engine.$proc$/home/rishabh/HPCA2/mosaic_delta_phase1/rtl/xorflow_encoder_pipelined.sv:128$229'.
No latch inferred for signal `\xorflow_encoder_tile_engine.$bitselwrite$data$/home/rishabh/HPCA2/mosaic_delta_phase1/rtl/xorflow_encoder_pipelined.sv:134$72' from process `\xorflow_encoder_tile_engine.$proc$/home/rishabh/HPCA2/mosaic_delta_phase1/rtl/xorflow_encoder_pipelined.sv:128$229'.
No latch inferred for signal `\xorflow_encoder_tile_engine.$bitselwrite$sel$/home/rishabh/HPCA2/mosaic_delta_phase1/rtl/xorflow_encoder_pipelined.sv:134$73' from process `\xorflow_encoder_tile_engine.$proc$/home/rishabh/HPCA2/mosaic_delta_phase1/rtl/xorflow_encoder_pipelined.sv:128$229'.
No latch inferred for signal `\xorflow_encoder_tile_engine.$bitselwrite$mask$/home/rishabh/HPCA2/mosaic_delta_phase1/rtl/xorflow_encoder_pipelined.sv:134$74' from process `\xorflow_encoder_tile_engine.$proc$/home/rishabh/HPCA2/mosaic_delta_phase1/rtl/xorflow_encoder_pipelined.sv:128$229'.
No latch inferred for signal `\xorflow_encoder_tile_engine.$bitselwrite$data$/home/rishabh/HPCA2/mosaic_delta_phase1/rtl/xorflow_encoder_pipelined.sv:134$75' from process `\xorflow_encoder_tile_engine.$proc$/home/rishabh/HPCA2/mosaic_delta_phase1/rtl/xorflow_encoder_pipelined.sv:128$229'.
No latch inferred for signal `\xorflow_encoder_tile_engine.$bitselwrite$sel$/home/rishabh/HPCA2/mosaic_delta_phase1/rtl/xorflow_encoder_pipelined.sv:134$76' from process `\xorflow_encoder_tile_engine.$proc$/home/rishabh/HPCA2/mosaic_delta_phase1/rtl/xorflow_encoder_pipelined.sv:128$229'.
No latch inferred for signal `\xorflow_encoder_tile_engine.$bitselwrite$mask$/home/rishabh/HPCA2/mosaic_delta_phase1/rtl/xorflow_encoder_pipelined.sv:134$77' from process `\xorflow_encoder_tile_engine.$proc$/home/rishabh/HPCA2/mosaic_delta_phase1/rtl/xorflow_encoder_pipelined.sv:128$229'.
No latch inferred for signal `\xorflow_encoder_tile_engine.$bitselwrite$data$/home/rishabh/HPCA2/mosaic_delta_phase1/rtl/xorflow_encoder_pipelined.sv:134$78' from process `\xorflow_encoder_tile_engine.$proc$/home/rishabh/HPCA2/mosaic_delta_phase1/rtl/xorflow_encoder_pipelined.sv:128$229'.
No latch inferred for signal `\xorflow_encoder_tile_engine.$bitselwrite$sel$/home/rishabh/HPCA2/mosaic_delta_phase1/rtl/xorflow_encoder_pipelined.sv:134$79' from process `\xorflow_encoder_tile_engine.$proc$/home/rishabh/HPCA2/mosaic_delta_phase1/rtl/xorflow_encoder_pipelined.sv:128$229'.
No latch inferred for signal `\xorflow_encoder_tile_engine.$bitselwrite$mask$/home/rishabh/HPCA2/mosaic_delta_phase1/rtl/xorflow_encoder_pipelined.sv:134$80' from process `\xorflow_encoder_tile_engine.$proc$/home/rishabh/HPCA2/mosaic_delta_phase1/rtl/xorflow_encoder_pipelined.sv:128$229'.
No latch inferred for signal `\xorflow_encoder_tile_engine.$bitselwrite$data$/home/rishabh/HPCA2/mosaic_delta_phase1/rtl/xorflow_encoder_pipelined.sv:134$81' from process `\xorflow_encoder_tile_engine.$proc$/home/rishabh/HPCA2/mosaic_delta_phase1/rtl/xorflow_encoder_pipelined.sv:128$229'.
No latch inferred for signal `\xorflow_encoder_tile_engine.$bitselwrite$sel$/home/rishabh/HPCA2/mosaic_delta_phase1/rtl/xorflow_encoder_pipelined.sv:134$82' from process `\xorflow_encoder_tile_engine.$proc$/home/rishabh/HPCA2/mosaic_delta_phase1/rtl/xorflow_encoder_pipelined.sv:128$229'.
No latch inferred for signal `\xorflow_encoder_tile_engine.$bitselwrite$mask$/home/rishabh/HPCA2/mosaic_delta_phase1/rtl/xorflow_encoder_pipelined.sv:134$83' from process `\xorflow_encoder_tile_engine.$proc$/home/rishabh/HPCA2/mosaic_delta_phase1/rtl/xorflow_encoder_pipelined.sv:128$229'.
No latch inferred for signal `\xorflow_encoder_tile_engine.$bitselwrite$data$/home/rishabh/HPCA2/mosaic_delta_phase1/rtl/xorflow_encoder_pipelined.sv:134$84' from process `\xorflow_encoder_tile_engine.$proc$/home/rishabh/HPCA2/mosaic_delta_phase1/rtl/xorflow_encoder_pipelined.sv:128$229'.
No latch inferred for signal `\xorflow_encoder_tile_engine.$bitselwrite$sel$/home/rishabh/HPCA2/mosaic_delta_phase1/rtl/xorflow_encoder_pipelined.sv:134$85' from process `\xorflow_encoder_tile_engine.$proc$/home/rishabh/HPCA2/mosaic_delta_phase1/rtl/xorflow_encoder_pipelined.sv:128$229'.
No latch inferred for signal `\xorflow_encoder_tile_engine.$bitselwrite$mask$/home/rishabh/HPCA2/mosaic_delta_phase1/rtl/xorflow_encoder_pipelined.sv:134$86' from process `\xorflow_encoder_tile_engine.$proc$/home/rishabh/HPCA2/mosaic_delta_phase1/rtl/xorflow_encoder_pipelined.sv:128$229'.
No latch inferred for signal `\xorflow_encoder_tile_engine.$bitselwrite$data$/home/rishabh/HPCA2/mosaic_delta_phase1/rtl/xorflow_encoder_pipelined.sv:134$87' from process `\xorflow_encoder_tile_engine.$proc$/home/rishabh/HPCA2/mosaic_delta_phase1/rtl/xorflow_encoder_pipelined.sv:128$229'.
No latch inferred for signal `\xorflow_encoder_tile_engine.$bitselwrite$sel$/home/rishabh/HPCA2/mosaic_delta_phase1/rtl/xorflow_encoder_pipelined.sv:134$88' from process `\xorflow_encoder_tile_engine.$proc$/home/rishabh/HPCA2/mosaic_delta_phase1/rtl/xorflow_encoder_pipelined.sv:128$229'.
No latch inferred for signal `\xorflow_encoder_tile_engine.$bitselwrite$mask$/home/rishabh/HPCA2/mosaic_delta_phase1/rtl/xorflow_encoder_pipelined.sv:134$89' from process `\xorflow_encoder_tile_engine.$proc$/home/rishabh/HPCA2/mosaic_delta_phase1/rtl/xorflow_encoder_pipelined.sv:128$229'.
No latch inferred for signal `\xorflow_encoder_tile_engine.$bitselwrite$data$/home/rishabh/HPCA2/mosaic_delta_phase1/rtl/xorflow_encoder_pipelined.sv:134$90' from process `\xorflow_encoder_tile_engine.$proc$/home/rishabh/HPCA2/mosaic_delta_phase1/rtl/xorflow_encoder_pipelined.sv:128$229'.
No latch inferred for signal `\xorflow_encoder_tile_engine.$bitselwrite$sel$/home/rishabh/HPCA2/mosaic_delta_phase1/rtl/xorflow_encoder_pipelined.sv:134$91' from process `\xorflow_encoder_tile_engine.$proc$/home/rishabh/HPCA2/mosaic_delta_phase1/rtl/xorflow_encoder_pipelined.sv:128$229'.
No latch inferred for signal `\xorflow_encoder_tile_engine.$bitselwrite$mask$/home/rishabh/HPCA2/mosaic_delta_phase1/rtl/xorflow_encoder_pipelined.sv:134$92' from process `\xorflow_encoder_tile_engine.$proc$/home/rishabh/HPCA2/mosaic_delta_phase1/rtl/xorflow_encoder_pipelined.sv:128$229'.
No latch inferred for signal `\xorflow_encoder_tile_engine.$bitselwrite$data$/home/rishabh/HPCA2/mosaic_delta_phase1/rtl/xorflow_encoder_pipelined.sv:134$93' from process `\xorflow_encoder_tile_engine.$proc$/home/rishabh/HPCA2/mosaic_delta_phase1/rtl/xorflow_encoder_pipelined.sv:128$229'.
No latch inferred for signal `\xorflow_encoder_tile_engine.$bitselwrite$sel$/home/rishabh/HPCA2/mosaic_delta_phase1/rtl/xorflow_encoder_pipelined.sv:134$94' from process `\xorflow_encoder_tile_engine.$proc$/home/rishabh/HPCA2/mosaic_delta_phase1/rtl/xorflow_encoder_pipelined.sv:128$229'.
No latch inferred for signal `\xorflow_encoder_tile_engine.$bitselwrite$mask$/home/rishabh/HPCA2/mosaic_delta_phase1/rtl/xorflow_encoder_pipelined.sv:134$95' from process `\xorflow_encoder_tile_engine.$proc$/home/rishabh/HPCA2/mosaic_delta_phase1/rtl/xorflow_encoder_pipelined.sv:128$229'.
No latch inferred for signal `\xorflow_encoder_tile_engine.$bitselwrite$data$/home/rishabh/HPCA2/mosaic_delta_phase1/rtl/xorflow_encoder_pipelined.sv:134$96' from process `\xorflow_encoder_tile_engine.$proc$/home/rishabh/HPCA2/mosaic_delta_phase1/rtl/xorflow_encoder_pipelined.sv:128$229'.
No latch inferred for signal `\xorflow_encoder_tile_engine.$bitselwrite$sel$/home/rishabh/HPCA2/mosaic_delta_phase1/rtl/xorflow_encoder_pipelined.sv:134$97' from process `\xorflow_encoder_tile_engine.$proc$/home/rishabh/HPCA2/mosaic_delta_phase1/rtl/xorflow_encoder_pipelined.sv:128$229'.
No latch inferred for signal `\xorflow_encoder_tile_engine.$bitselwrite$mask$/home/rishabh/HPCA2/mosaic_delta_phase1/rtl/xorflow_encoder_pipelined.sv:134$98' from process `\xorflow_encoder_tile_engine.$proc$/home/rishabh/HPCA2/mosaic_delta_phase1/rtl/xorflow_encoder_pipelined.sv:128$229'.
No latch inferred for signal `\xorflow_encoder_tile_engine.$bitselwrite$data$/home/rishabh/HPCA2/mosaic_delta_phase1/rtl/xorflow_encoder_pipelined.sv:134$99' from process `\xorflow_encoder_tile_engine.$proc$/home/rishabh/HPCA2/mosaic_delta_phase1/rtl/xorflow_encoder_pipelined.sv:128$229'.
No latch inferred for signal `\xorflow_encoder_tile_engine.$bitselwrite$sel$/home/rishabh/HPCA2/mosaic_delta_phase1/rtl/xorflow_encoder_pipelined.sv:134$100' from process `\xorflow_encoder_tile_engine.$proc$/home/rishabh/HPCA2/mosaic_delta_phase1/rtl/xorflow_encoder_pipelined.sv:128$229'.
No latch inferred for signal `\xorflow_encoder_tile_engine.$bitselwrite$mask$/home/rishabh/HPCA2/mosaic_delta_phase1/rtl/xorflow_encoder_pipelined.sv:134$101' from process `\xorflow_encoder_tile_engine.$proc$/home/rishabh/HPCA2/mosaic_delta_phase1/rtl/xorflow_encoder_pipelined.sv:128$229'.
No latch inferred for signal `\xorflow_encoder_tile_engine.$bitselwrite$data$/home/rishabh/HPCA2/mosaic_delta_phase1/rtl/xorflow_encoder_pipelined.sv:134$102' from process `\xorflow_encoder_tile_engine.$proc$/home/rishabh/HPCA2/mosaic_delta_phase1/rtl/xorflow_encoder_pipelined.sv:128$229'.
No latch inferred for signal `\xorflow_encoder_tile_engine.$bitselwrite$sel$/home/rishabh/HPCA2/mosaic_delta_phase1/rtl/xorflow_encoder_pipelined.sv:134$103' from process `\xorflow_encoder_tile_engine.$proc$/home/rishabh/HPCA2/mosaic_delta_phase1/rtl/xorflow_encoder_pipelined.sv:128$229'.
No latch inferred for signal `\xorflow_encoder_tile_engine.$bitselwrite$mask$/home/rishabh/HPCA2/mosaic_delta_phase1/rtl/xorflow_encoder_pipelined.sv:134$104' from process `\xorflow_encoder_tile_engine.$proc$/home/rishabh/HPCA2/mosaic_delta_phase1/rtl/xorflow_encoder_pipelined.sv:128$229'.
No latch inferred for signal `\xorflow_encoder_tile_engine.$bitselwrite$data$/home/rishabh/HPCA2/mosaic_delta_phase1/rtl/xorflow_encoder_pipelined.sv:134$105' from process `\xorflow_encoder_tile_engine.$proc$/home/rishabh/HPCA2/mosaic_delta_phase1/rtl/xorflow_encoder_pipelined.sv:128$229'.
No latch inferred for signal `\xorflow_encoder_tile_engine.$bitselwrite$sel$/home/rishabh/HPCA2/mosaic_delta_phase1/rtl/xorflow_encoder_pipelined.sv:134$106' from process `\xorflow_encoder_tile_engine.$proc$/home/rishabh/HPCA2/mosaic_delta_phase1/rtl/xorflow_encoder_pipelined.sv:128$229'.
No latch inferred for signal `\xorflow_encoder_tile_engine.$bitselwrite$mask$/home/rishabh/HPCA2/mosaic_delta_phase1/rtl/xorflow_encoder_pipelined.sv:134$107' from process `\xorflow_encoder_tile_engine.$proc$/home/rishabh/HPCA2/mosaic_delta_phase1/rtl/xorflow_encoder_pipelined.sv:128$229'.
No latch inferred for signal `\xorflow_encoder_tile_engine.$bitselwrite$data$/home/rishabh/HPCA2/mosaic_delta_phase1/rtl/xorflow_encoder_pipelined.sv:134$108' from process `\xorflow_encoder_tile_engine.$proc$/home/rishabh/HPCA2/mosaic_delta_phase1/rtl/xorflow_encoder_pipelined.sv:128$229'.
No latch inferred for signal `\xorflow_encoder_tile_engine.$bitselwrite$sel$/home/rishabh/HPCA2/mosaic_delta_phase1/rtl/xorflow_encoder_pipelined.sv:134$109' from process `\xorflow_encoder_tile_engine.$proc$/home/rishabh/HPCA2/mosaic_delta_phase1/rtl/xorflow_encoder_pipelined.sv:128$229'.
No latch inferred for signal `\xorflow_encoder_tile_engine.$bitselwrite$mask$/home/rishabh/HPCA2/mosaic_delta_phase1/rtl/xorflow_encoder_pipelined.sv:134$110' from process `\xorflow_encoder_tile_engine.$proc$/home/rishabh/HPCA2/mosaic_delta_phase1/rtl/xorflow_encoder_pipelined.sv:128$229'.
No latch inferred for signal `\xorflow_encoder_tile_engine.$bitselwrite$data$/home/rishabh/HPCA2/mosaic_delta_phase1/rtl/xorflow_encoder_pipelined.sv:134$111' from process `\xorflow_encoder_tile_engine.$proc$/home/rishabh/HPCA2/mosaic_delta_phase1/rtl/xorflow_encoder_pipelined.sv:128$229'.
No latch inferred for signal `\xorflow_encoder_tile_engine.$bitselwrite$sel$/home/rishabh/HPCA2/mosaic_delta_phase1/rtl/xorflow_encoder_pipelined.sv:134$112' from process `\xorflow_encoder_tile_engine.$proc$/home/rishabh/HPCA2/mosaic_delta_phase1/rtl/xorflow_encoder_pipelined.sv:128$229'.
No latch inferred for signal `\xorflow_encoder_tile_engine.$bitselwrite$mask$/home/rishabh/HPCA2/mosaic_delta_phase1/rtl/xorflow_encoder_pipelined.sv:134$113' from process `\xorflow_encoder_tile_engine.$proc$/home/rishabh/HPCA2/mosaic_delta_phase1/rtl/xorflow_encoder_pipelined.sv:128$229'.
No latch inferred for signal `\xorflow_encoder_tile_engine.$bitselwrite$data$/home/rishabh/HPCA2/mosaic_delta_phase1/rtl/xorflow_encoder_pipelined.sv:134$114' from process `\xorflow_encoder_tile_engine.$proc$/home/rishabh/HPCA2/mosaic_delta_phase1/rtl/xorflow_encoder_pipelined.sv:128$229'.
No latch inferred for signal `\xorflow_encoder_tile_engine.$bitselwrite$sel$/home/rishabh/HPCA2/mosaic_delta_phase1/rtl/xorflow_encoder_pipelined.sv:134$115' from process `\xorflow_encoder_tile_engine.$proc$/home/rishabh/HPCA2/mosaic_delta_phase1/rtl/xorflow_encoder_pipelined.sv:128$229'.
No latch inferred for signal `\xorflow_encoder_tile_engine.$bitselwrite$mask$/home/rishabh/HPCA2/mosaic_delta_phase1/rtl/xorflow_encoder_pipelined.sv:134$116' from process `\xorflow_encoder_tile_engine.$proc$/home/rishabh/HPCA2/mosaic_delta_phase1/rtl/xorflow_encoder_pipelined.sv:128$229'.
No latch inferred for signal `\xorflow_encoder_tile_engine.$bitselwrite$data$/home/rishabh/HPCA2/mosaic_delta_phase1/rtl/xorflow_encoder_pipelined.sv:134$117' from process `\xorflow_encoder_tile_engine.$proc$/home/rishabh/HPCA2/mosaic_delta_phase1/rtl/xorflow_encoder_pipelined.sv:128$229'.
No latch inferred for signal `\xorflow_encoder_tile_engine.$bitselwrite$sel$/home/rishabh/HPCA2/mosaic_delta_phase1/rtl/xorflow_encoder_pipelined.sv:134$118' from process `\xorflow_encoder_tile_engine.$proc$/home/rishabh/HPCA2/mosaic_delta_phase1/rtl/xorflow_encoder_pipelined.sv:128$229'.
No latch inferred for signal `\xorflow_encoder_tile_engine.$bitselwrite$mask$/home/rishabh/HPCA2/mosaic_delta_phase1/rtl/xorflow_encoder_pipelined.sv:134$119' from process `\xorflow_encoder_tile_engine.$proc$/home/rishabh/HPCA2/mosaic_delta_phase1/rtl/xorflow_encoder_pipelined.sv:128$229'.
No latch inferred for signal `\xorflow_encoder_tile_engine.$bitselwrite$data$/home/rishabh/HPCA2/mosaic_delta_phase1/rtl/xorflow_encoder_pipelined.sv:134$120' from process `\xorflow_encoder_tile_engine.$proc$/home/rishabh/HPCA2/mosaic_delta_phase1/rtl/xorflow_encoder_pipelined.sv:128$229'.
No latch inferred for signal `\xorflow_encoder_tile_engine.$bitselwrite$sel$/home/rishabh/HPCA2/mosaic_delta_phase1/rtl/xorflow_encoder_pipelined.sv:134$121' from process `\xorflow_encoder_tile_engine.$proc$/home/rishabh/HPCA2/mosaic_delta_phase1/rtl/xorflow_encoder_pipelined.sv:128$229'.
No latch inferred for signal `\xorflow_encoder_tile_engine.$bitselwrite$mask$/home/rishabh/HPCA2/mosaic_delta_phase1/rtl/xorflow_encoder_pipelined.sv:134$122' from process `\xorflow_encoder_tile_engine.$proc$/home/rishabh/HPCA2/mosaic_delta_phase1/rtl/xorflow_encoder_pipelined.sv:128$229'.
No latch inferred for signal `\xorflow_encoder_tile_engine.$bitselwrite$data$/home/rishabh/HPCA2/mosaic_delta_phase1/rtl/xorflow_encoder_pipelined.sv:134$123' from process `\xorflow_encoder_tile_engine.$proc$/home/rishabh/HPCA2/mosaic_delta_phase1/rtl/xorflow_encoder_pipelined.sv:128$229'.
No latch inferred for signal `\xorflow_encoder_tile_engine.$bitselwrite$sel$/home/rishabh/HPCA2/mosaic_delta_phase1/rtl/xorflow_encoder_pipelined.sv:134$124' from process `\xorflow_encoder_tile_engine.$proc$/home/rishabh/HPCA2/mosaic_delta_phase1/rtl/xorflow_encoder_pipelined.sv:128$229'.
No latch inferred for signal `\xorflow_encoder_tile_engine.$bitselwrite$mask$/home/rishabh/HPCA2/mosaic_delta_phase1/rtl/xorflow_encoder_pipelined.sv:134$125' from process `\xorflow_encoder_tile_engine.$proc$/home/rishabh/HPCA2/mosaic_delta_phase1/rtl/xorflow_encoder_pipelined.sv:128$229'.
No latch inferred for signal `\xorflow_encoder_tile_engine.$bitselwrite$data$/home/rishabh/HPCA2/mosaic_delta_phase1/rtl/xorflow_encoder_pipelined.sv:134$126' from process `\xorflow_encoder_tile_engine.$proc$/home/rishabh/HPCA2/mosaic_delta_phase1/rtl/xorflow_encoder_pipelined.sv:128$229'.
No latch inferred for signal `\xorflow_encoder_tile_engine.$bitselwrite$sel$/home/rishabh/HPCA2/mosaic_delta_phase1/rtl/xorflow_encoder_pipelined.sv:134$127' from process `\xorflow_encoder_tile_engine.$proc$/home/rishabh/HPCA2/mosaic_delta_phase1/rtl/xorflow_encoder_pipelined.sv:128$229'.
No latch inferred for signal `\xorflow_encoder_tile_engine.$bitselwrite$mask$/home/rishabh/HPCA2/mosaic_delta_phase1/rtl/xorflow_encoder_pipelined.sv:134$128' from process `\xorflow_encoder_tile_engine.$proc$/home/rishabh/HPCA2/mosaic_delta_phase1/rtl/xorflow_encoder_pipelined.sv:128$229'.
No latch inferred for signal `\xorflow_encoder_tile_engine.$bitselwrite$data$/home/rishabh/HPCA2/mosaic_delta_phase1/rtl/xorflow_encoder_pipelined.sv:134$129' from process `\xorflow_encoder_tile_engine.$proc$/home/rishabh/HPCA2/mosaic_delta_phase1/rtl/xorflow_encoder_pipelined.sv:128$229'.
No latch inferred for signal `\xorflow_encoder_tile_engine.$bitselwrite$sel$/home/rishabh/HPCA2/mosaic_delta_phase1/rtl/xorflow_encoder_pipelined.sv:134$130' from process `\xorflow_encoder_tile_engine.$proc$/home/rishabh/HPCA2/mosaic_delta_phase1/rtl/xorflow_encoder_pipelined.sv:128$229'.
No latch inferred for signal `\xorflow_encoder_tile_engine.$bitselwrite$mask$/home/rishabh/HPCA2/mosaic_delta_phase1/rtl/xorflow_encoder_pipelined.sv:134$131' from process `\xorflow_encoder_tile_engine.$proc$/home/rishabh/HPCA2/mosaic_delta_phase1/rtl/xorflow_encoder_pipelined.sv:128$229'.
No latch inferred for signal `\xorflow_encoder_tile_engine.$bitselwrite$data$/home/rishabh/HPCA2/mosaic_delta_phase1/rtl/xorflow_encoder_pipelined.sv:134$132' from process `\xorflow_encoder_tile_engine.$proc$/home/rishabh/HPCA2/mosaic_delta_phase1/rtl/xorflow_encoder_pipelined.sv:128$229'.
No latch inferred for signal `\xorflow_encoder_tile_engine.$bitselwrite$sel$/home/rishabh/HPCA2/mosaic_delta_phase1/rtl/xorflow_encoder_pipelined.sv:134$133' from process `\xorflow_encoder_tile_engine.$proc$/home/rishabh/HPCA2/mosaic_delta_phase1/rtl/xorflow_encoder_pipelined.sv:128$229'.
No latch inferred for signal `\xorflow_encoder_tile_engine.$bitselwrite$mask$/home/rishabh/HPCA2/mosaic_delta_phase1/rtl/xorflow_encoder_pipelined.sv:134$134' from process `\xorflow_encoder_tile_engine.$proc$/home/rishabh/HPCA2/mosaic_delta_phase1/rtl/xorflow_encoder_pipelined.sv:128$229'.
No latch inferred for signal `\xorflow_encoder_tile_engine.$bitselwrite$data$/home/rishabh/HPCA2/mosaic_delta_phase1/rtl/xorflow_encoder_pipelined.sv:134$135' from process `\xorflow_encoder_tile_engine.$proc$/home/rishabh/HPCA2/mosaic_delta_phase1/rtl/xorflow_encoder_pipelined.sv:128$229'.
No latch inferred for signal `\xorflow_encoder_tile_engine.$bitselwrite$sel$/home/rishabh/HPCA2/mosaic_delta_phase1/rtl/xorflow_encoder_pipelined.sv:134$136' from process `\xorflow_encoder_tile_engine.$proc$/home/rishabh/HPCA2/mosaic_delta_phase1/rtl/xorflow_encoder_pipelined.sv:128$229'.
No latch inferred for signal `\xorflow_encoder_tile_engine.$bitselwrite$mask$/home/rishabh/HPCA2/mosaic_delta_phase1/rtl/xorflow_encoder_pipelined.sv:134$137' from process `\xorflow_encoder_tile_engine.$proc$/home/rishabh/HPCA2/mosaic_delta_phase1/rtl/xorflow_encoder_pipelined.sv:128$229'.
No latch inferred for signal `\xorflow_encoder_tile_engine.$bitselwrite$data$/home/rishabh/HPCA2/mosaic_delta_phase1/rtl/xorflow_encoder_pipelined.sv:134$138' from process `\xorflow_encoder_tile_engine.$proc$/home/rishabh/HPCA2/mosaic_delta_phase1/rtl/xorflow_encoder_pipelined.sv:128$229'.
No latch inferred for signal `\xorflow_encoder_tile_engine.$bitselwrite$sel$/home/rishabh/HPCA2/mosaic_delta_phase1/rtl/xorflow_encoder_pipelined.sv:134$139' from process `\xorflow_encoder_tile_engine.$proc$/home/rishabh/HPCA2/mosaic_delta_phase1/rtl/xorflow_encoder_pipelined.sv:128$229'.
No latch inferred for signal `\xorflow_encoder_tile_engine.$bitselwrite$mask$/home/rishabh/HPCA2/mosaic_delta_phase1/rtl/xorflow_encoder_pipelined.sv:134$140' from process `\xorflow_encoder_tile_engine.$proc$/home/rishabh/HPCA2/mosaic_delta_phase1/rtl/xorflow_encoder_pipelined.sv:128$229'.
No latch inferred for signal `\xorflow_encoder_tile_engine.$bitselwrite$data$/home/rishabh/HPCA2/mosaic_delta_phase1/rtl/xorflow_encoder_pipelined.sv:134$141' from process `\xorflow_encoder_tile_engine.$proc$/home/rishabh/HPCA2/mosaic_delta_phase1/rtl/xorflow_encoder_pipelined.sv:128$229'.
No latch inferred for signal `\xorflow_encoder_tile_engine.$bitselwrite$sel$/home/rishabh/HPCA2/mosaic_delta_phase1/rtl/xorflow_encoder_pipelined.sv:134$142' from process `\xorflow_encoder_tile_engine.$proc$/home/rishabh/HPCA2/mosaic_delta_phase1/rtl/xorflow_encoder_pipelined.sv:128$229'.
No latch inferred for signal `\xorflow_encoder_tile_engine.$bitselwrite$mask$/home/rishabh/HPCA2/mosaic_delta_phase1/rtl/xorflow_encoder_pipelined.sv:134$143' from process `\xorflow_encoder_tile_engine.$proc$/home/rishabh/HPCA2/mosaic_delta_phase1/rtl/xorflow_encoder_pipelined.sv:128$229'.
No latch inferred for signal `\xorflow_encoder_tile_engine.$bitselwrite$data$/home/rishabh/HPCA2/mosaic_delta_phase1/rtl/xorflow_encoder_pipelined.sv:134$144' from process `\xorflow_encoder_tile_engine.$proc$/home/rishabh/HPCA2/mosaic_delta_phase1/rtl/xorflow_encoder_pipelined.sv:128$229'.
No latch inferred for signal `\xorflow_encoder_tile_engine.$bitselwrite$sel$/home/rishabh/HPCA2/mosaic_delta_phase1/rtl/xorflow_encoder_pipelined.sv:134$145' from process `\xorflow_encoder_tile_engine.$proc$/home/rishabh/HPCA2/mosaic_delta_phase1/rtl/xorflow_encoder_pipelined.sv:128$229'.
No latch inferred for signal `\xorflow_encoder_tile_engine.$bitselwrite$mask$/home/rishabh/HPCA2/mosaic_delta_phase1/rtl/xorflow_encoder_pipelined.sv:134$146' from process `\xorflow_encoder_tile_engine.$proc$/home/rishabh/HPCA2/mosaic_delta_phase1/rtl/xorflow_encoder_pipelined.sv:128$229'.
No latch inferred for signal `\xorflow_encoder_tile_engine.$bitselwrite$data$/home/rishabh/HPCA2/mosaic_delta_phase1/rtl/xorflow_encoder_pipelined.sv:134$147' from process `\xorflow_encoder_tile_engine.$proc$/home/rishabh/HPCA2/mosaic_delta_phase1/rtl/xorflow_encoder_pipelined.sv:128$229'.
No latch inferred for signal `\xorflow_encoder_tile_engine.$bitselwrite$sel$/home/rishabh/HPCA2/mosaic_delta_phase1/rtl/xorflow_encoder_pipelined.sv:134$148' from process `\xorflow_encoder_tile_engine.$proc$/home/rishabh/HPCA2/mosaic_delta_phase1/rtl/xorflow_encoder_pipelined.sv:128$229'.
No latch inferred for signal `\xorflow_encoder_tile_engine.$bitselwrite$mask$/home/rishabh/HPCA2/mosaic_delta_phase1/rtl/xorflow_encoder_pipelined.sv:134$149' from process `\xorflow_encoder_tile_engine.$proc$/home/rishabh/HPCA2/mosaic_delta_phase1/rtl/xorflow_encoder_pipelined.sv:128$229'.
No latch inferred for signal `\xorflow_encoder_tile_engine.$bitselwrite$data$/home/rishabh/HPCA2/mosaic_delta_phase1/rtl/xorflow_encoder_pipelined.sv:134$150' from process `\xorflow_encoder_tile_engine.$proc$/home/rishabh/HPCA2/mosaic_delta_phase1/rtl/xorflow_encoder_pipelined.sv:128$229'.
No latch inferred for signal `\xorflow_encoder_tile_engine.$bitselwrite$sel$/home/rishabh/HPCA2/mosaic_delta_phase1/rtl/xorflow_encoder_pipelined.sv:134$151' from process `\xorflow_encoder_tile_engine.$proc$/home/rishabh/HPCA2/mosaic_delta_phase1/rtl/xorflow_encoder_pipelined.sv:128$229'.
No latch inferred for signal `\xorflow_encoder_tile_engine.$bitselwrite$mask$/home/rishabh/HPCA2/mosaic_delta_phase1/rtl/xorflow_encoder_pipelined.sv:134$152' from process `\xorflow_encoder_tile_engine.$proc$/home/rishabh/HPCA2/mosaic_delta_phase1/rtl/xorflow_encoder_pipelined.sv:128$229'.
No latch inferred for signal `\xorflow_encoder_tile_engine.$bitselwrite$data$/home/rishabh/HPCA2/mosaic_delta_phase1/rtl/xorflow_encoder_pipelined.sv:134$153' from process `\xorflow_encoder_tile_engine.$proc$/home/rishabh/HPCA2/mosaic_delta_phase1/rtl/xorflow_encoder_pipelined.sv:128$229'.
No latch inferred for signal `\xorflow_encoder_tile_engine.$bitselwrite$sel$/home/rishabh/HPCA2/mosaic_delta_phase1/rtl/xorflow_encoder_pipelined.sv:134$154' from process `\xorflow_encoder_tile_engine.$proc$/home/rishabh/HPCA2/mosaic_delta_phase1/rtl/xorflow_encoder_pipelined.sv:128$229'.
No latch inferred for signal `\xorflow_encoder_tile_engine.$bitselwrite$mask$/home/rishabh/HPCA2/mosaic_delta_phase1/rtl/xorflow_encoder_pipelined.sv:134$155' from process `\xorflow_encoder_tile_engine.$proc$/home/rishabh/HPCA2/mosaic_delta_phase1/rtl/xorflow_encoder_pipelined.sv:128$229'.
No latch inferred for signal `\xorflow_encoder_tile_engine.$bitselwrite$data$/home/rishabh/HPCA2/mosaic_delta_phase1/rtl/xorflow_encoder_pipelined.sv:134$156' from process `\xorflow_encoder_tile_engine.$proc$/home/rishabh/HPCA2/mosaic_delta_phase1/rtl/xorflow_encoder_pipelined.sv:128$229'.
No latch inferred for signal `\xorflow_encoder_tile_engine.$bitselwrite$sel$/home/rishabh/HPCA2/mosaic_delta_phase1/rtl/xorflow_encoder_pipelined.sv:134$157' from process `\xorflow_encoder_tile_engine.$proc$/home/rishabh/HPCA2/mosaic_delta_phase1/rtl/xorflow_encoder_pipelined.sv:128$229'.
No latch inferred for signal `\xorflow_encoder_tile_engine.$bitselwrite$mask$/home/rishabh/HPCA2/mosaic_delta_phase1/rtl/xorflow_encoder_pipelined.sv:134$158' from process `\xorflow_encoder_tile_engine.$proc$/home/rishabh/HPCA2/mosaic_delta_phase1/rtl/xorflow_encoder_pipelined.sv:128$229'.
No latch inferred for signal `\xorflow_encoder_tile_engine.$bitselwrite$data$/home/rishabh/HPCA2/mosaic_delta_phase1/rtl/xorflow_encoder_pipelined.sv:134$159' from process `\xorflow_encoder_tile_engine.$proc$/home/rishabh/HPCA2/mosaic_delta_phase1/rtl/xorflow_encoder_pipelined.sv:128$229'.
No latch inferred for signal `\xorflow_encoder_tile_engine.$bitselwrite$sel$/home/rishabh/HPCA2/mosaic_delta_phase1/rtl/xorflow_encoder_pipelined.sv:134$160' from process `\xorflow_encoder_tile_engine.$proc$/home/rishabh/HPCA2/mosaic_delta_phase1/rtl/xorflow_encoder_pipelined.sv:128$229'.
No latch inferred for signal `\xorflow_encoder_tile_engine.$bitselwrite$mask$/home/rishabh/HPCA2/mosaic_delta_phase1/rtl/xorflow_encoder_pipelined.sv:134$161' from process `\xorflow_encoder_tile_engine.$proc$/home/rishabh/HPCA2/mosaic_delta_phase1/rtl/xorflow_encoder_pipelined.sv:128$229'.
No latch inferred for signal `\xorflow_encoder_tile_engine.$bitselwrite$data$/home/rishabh/HPCA2/mosaic_delta_phase1/rtl/xorflow_encoder_pipelined.sv:134$162' from process `\xorflow_encoder_tile_engine.$proc$/home/rishabh/HPCA2/mosaic_delta_phase1/rtl/xorflow_encoder_pipelined.sv:128$229'.
No latch inferred for signal `\xorflow_encoder_tile_engine.$bitselwrite$sel$/home/rishabh/HPCA2/mosaic_delta_phase1/rtl/xorflow_encoder_pipelined.sv:134$163' from process `\xorflow_encoder_tile_engine.$proc$/home/rishabh/HPCA2/mosaic_delta_phase1/rtl/xorflow_encoder_pipelined.sv:128$229'.
No latch inferred for signal `\xorflow_encoder_tile_engine.$bitselwrite$mask$/home/rishabh/HPCA2/mosaic_delta_phase1/rtl/xorflow_encoder_pipelined.sv:134$164' from process `\xorflow_encoder_tile_engine.$proc$/home/rishabh/HPCA2/mosaic_delta_phase1/rtl/xorflow_encoder_pipelined.sv:128$229'.
No latch inferred for signal `\xorflow_encoder_tile_engine.$bitselwrite$data$/home/rishabh/HPCA2/mosaic_delta_phase1/rtl/xorflow_encoder_pipelined.sv:134$165' from process `\xorflow_encoder_tile_engine.$proc$/home/rishabh/HPCA2/mosaic_delta_phase1/rtl/xorflow_encoder_pipelined.sv:128$229'.
No latch inferred for signal `\xorflow_encoder_tile_engine.$bitselwrite$sel$/home/rishabh/HPCA2/mosaic_delta_phase1/rtl/xorflow_encoder_pipelined.sv:134$166' from process `\xorflow_encoder_tile_engine.$proc$/home/rishabh/HPCA2/mosaic_delta_phase1/rtl/xorflow_encoder_pipelined.sv:128$229'.
No latch inferred for signal `\xorflow_encoder_tile_engine.$bitselwrite$mask$/home/rishabh/HPCA2/mosaic_delta_phase1/rtl/xorflow_encoder_pipelined.sv:134$167' from process `\xorflow_encoder_tile_engine.$proc$/home/rishabh/HPCA2/mosaic_delta_phase1/rtl/xorflow_encoder_pipelined.sv:128$229'.
No latch inferred for signal `\xorflow_encoder_tile_engine.$bitselwrite$data$/home/rishabh/HPCA2/mosaic_delta_phase1/rtl/xorflow_encoder_pipelined.sv:134$168' from process `\xorflow_encoder_tile_engine.$proc$/home/rishabh/HPCA2/mosaic_delta_phase1/rtl/xorflow_encoder_pipelined.sv:128$229'.
No latch inferred for signal `\xorflow_encoder_tile_engine.$bitselwrite$sel$/home/rishabh/HPCA2/mosaic_delta_phase1/rtl/xorflow_encoder_pipelined.sv:134$169' from process `\xorflow_encoder_tile_engine.$proc$/home/rishabh/HPCA2/mosaic_delta_phase1/rtl/xorflow_encoder_pipelined.sv:128$229'.
No latch inferred for signal `\xorflow_encoder_tile_engine.$bitselwrite$mask$/home/rishabh/HPCA2/mosaic_delta_phase1/rtl/xorflow_encoder_pipelined.sv:134$170' from process `\xorflow_encoder_tile_engine.$proc$/home/rishabh/HPCA2/mosaic_delta_phase1/rtl/xorflow_encoder_pipelined.sv:128$229'.
No latch inferred for signal `\xorflow_encoder_tile_engine.$bitselwrite$data$/home/rishabh/HPCA2/mosaic_delta_phase1/rtl/xorflow_encoder_pipelined.sv:134$171' from process `\xorflow_encoder_tile_engine.$proc$/home/rishabh/HPCA2/mosaic_delta_phase1/rtl/xorflow_encoder_pipelined.sv:128$229'.
No latch inferred for signal `\xorflow_encoder_tile_engine.$bitselwrite$sel$/home/rishabh/HPCA2/mosaic_delta_phase1/rtl/xorflow_encoder_pipelined.sv:134$172' from process `\xorflow_encoder_tile_engine.$proc$/home/rishabh/HPCA2/mosaic_delta_phase1/rtl/xorflow_encoder_pipelined.sv:128$229'.
No latch inferred for signal `\xorflow_encoder_tile_engine.$bitselwrite$mask$/home/rishabh/HPCA2/mosaic_delta_phase1/rtl/xorflow_encoder_pipelined.sv:134$173' from process `\xorflow_encoder_tile_engine.$proc$/home/rishabh/HPCA2/mosaic_delta_phase1/rtl/xorflow_encoder_pipelined.sv:128$229'.
No latch inferred for signal `\xorflow_encoder_tile_engine.$bitselwrite$data$/home/rishabh/HPCA2/mosaic_delta_phase1/rtl/xorflow_encoder_pipelined.sv:134$174' from process `\xorflow_encoder_tile_engine.$proc$/home/rishabh/HPCA2/mosaic_delta_phase1/rtl/xorflow_encoder_pipelined.sv:128$229'.
No latch inferred for signal `\xorflow_encoder_tile_engine.$bitselwrite$sel$/home/rishabh/HPCA2/mosaic_delta_phase1/rtl/xorflow_encoder_pipelined.sv:134$175' from process `\xorflow_encoder_tile_engine.$proc$/home/rishabh/HPCA2/mosaic_delta_phase1/rtl/xorflow_encoder_pipelined.sv:128$229'.
No latch inferred for signal `\xorflow_encoder_tile_engine.$bitselwrite$mask$/home/rishabh/HPCA2/mosaic_delta_phase1/rtl/xorflow_encoder_pipelined.sv:134$176' from process `\xorflow_encoder_tile_engine.$proc$/home/rishabh/HPCA2/mosaic_delta_phase1/rtl/xorflow_encoder_pipelined.sv:128$229'.
No latch inferred for signal `\xorflow_encoder_tile_engine.$bitselwrite$data$/home/rishabh/HPCA2/mosaic_delta_phase1/rtl/xorflow_encoder_pipelined.sv:134$177' from process `\xorflow_encoder_tile_engine.$proc$/home/rishabh/HPCA2/mosaic_delta_phase1/rtl/xorflow_encoder_pipelined.sv:128$229'.
No latch inferred for signal `\xorflow_encoder_tile_engine.$bitselwrite$sel$/home/rishabh/HPCA2/mosaic_delta_phase1/rtl/xorflow_encoder_pipelined.sv:134$178' from process `\xorflow_encoder_tile_engine.$proc$/home/rishabh/HPCA2/mosaic_delta_phase1/rtl/xorflow_encoder_pipelined.sv:128$229'.
No latch inferred for signal `\xorflow_encoder_tile_engine.$bitselwrite$mask$/home/rishabh/HPCA2/mosaic_delta_phase1/rtl/xorflow_encoder_pipelined.sv:134$179' from process `\xorflow_encoder_tile_engine.$proc$/home/rishabh/HPCA2/mosaic_delta_phase1/rtl/xorflow_encoder_pipelined.sv:128$229'.
No latch inferred for signal `\xorflow_encoder_tile_engine.$bitselwrite$data$/home/rishabh/HPCA2/mosaic_delta_phase1/rtl/xorflow_encoder_pipelined.sv:134$180' from process `\xorflow_encoder_tile_engine.$proc$/home/rishabh/HPCA2/mosaic_delta_phase1/rtl/xorflow_encoder_pipelined.sv:128$229'.
No latch inferred for signal `\xorflow_encoder_tile_engine.$bitselwrite$sel$/home/rishabh/HPCA2/mosaic_delta_phase1/rtl/xorflow_encoder_pipelined.sv:134$181' from process `\xorflow_encoder_tile_engine.$proc$/home/rishabh/HPCA2/mosaic_delta_phase1/rtl/xorflow_encoder_pipelined.sv:128$229'.
No latch inferred for signal `\xorflow_encoder_tile_engine.$bitselwrite$mask$/home/rishabh/HPCA2/mosaic_delta_phase1/rtl/xorflow_encoder_pipelined.sv:134$182' from process `\xorflow_encoder_tile_engine.$proc$/home/rishabh/HPCA2/mosaic_delta_phase1/rtl/xorflow_encoder_pipelined.sv:128$229'.
No latch inferred for signal `\xorflow_encoder_tile_engine.$bitselwrite$data$/home/rishabh/HPCA2/mosaic_delta_phase1/rtl/xorflow_encoder_pipelined.sv:134$183' from process `\xorflow_encoder_tile_engine.$proc$/home/rishabh/HPCA2/mosaic_delta_phase1/rtl/xorflow_encoder_pipelined.sv:128$229'.
No latch inferred for signal `\xorflow_encoder_tile_engine.$bitselwrite$sel$/home/rishabh/HPCA2/mosaic_delta_phase1/rtl/xorflow_encoder_pipelined.sv:134$184' from process `\xorflow_encoder_tile_engine.$proc$/home/rishabh/HPCA2/mosaic_delta_phase1/rtl/xorflow_encoder_pipelined.sv:128$229'.
No latch inferred for signal `\xorflow_encoder_tile_engine.$bitselwrite$mask$/home/rishabh/HPCA2/mosaic_delta_phase1/rtl/xorflow_encoder_pipelined.sv:134$185' from process `\xorflow_encoder_tile_engine.$proc$/home/rishabh/HPCA2/mosaic_delta_phase1/rtl/xorflow_encoder_pipelined.sv:128$229'.
No latch inferred for signal `\xorflow_encoder_tile_engine.$bitselwrite$data$/home/rishabh/HPCA2/mosaic_delta_phase1/rtl/xorflow_encoder_pipelined.sv:134$186' from process `\xorflow_encoder_tile_engine.$proc$/home/rishabh/HPCA2/mosaic_delta_phase1/rtl/xorflow_encoder_pipelined.sv:128$229'.
No latch inferred for signal `\xorflow_encoder_tile_engine.$bitselwrite$sel$/home/rishabh/HPCA2/mosaic_delta_phase1/rtl/xorflow_encoder_pipelined.sv:134$187' from process `\xorflow_encoder_tile_engine.$proc$/home/rishabh/HPCA2/mosaic_delta_phase1/rtl/xorflow_encoder_pipelined.sv:128$229'.
No latch inferred for signal `\xorflow_encoder_tile_engine.$bitselwrite$mask$/home/rishabh/HPCA2/mosaic_delta_phase1/rtl/xorflow_encoder_pipelined.sv:134$188' from process `\xorflow_encoder_tile_engine.$proc$/home/rishabh/HPCA2/mosaic_delta_phase1/rtl/xorflow_encoder_pipelined.sv:128$229'.
No latch inferred for signal `\xorflow_encoder_tile_engine.$bitselwrite$data$/home/rishabh/HPCA2/mosaic_delta_phase1/rtl/xorflow_encoder_pipelined.sv:134$189' from process `\xorflow_encoder_tile_engine.$proc$/home/rishabh/HPCA2/mosaic_delta_phase1/rtl/xorflow_encoder_pipelined.sv:128$229'.
No latch inferred for signal `\xorflow_encoder_tile_engine.$bitselwrite$sel$/home/rishabh/HPCA2/mosaic_delta_phase1/rtl/xorflow_encoder_pipelined.sv:134$190' from process `\xorflow_encoder_tile_engine.$proc$/home/rishabh/HPCA2/mosaic_delta_phase1/rtl/xorflow_encoder_pipelined.sv:128$229'.
No latch inferred for signal `\xorflow_encoder_tile_engine.$bitselwrite$mask$/home/rishabh/HPCA2/mosaic_delta_phase1/rtl/xorflow_encoder_pipelined.sv:134$191' from process `\xorflow_encoder_tile_engine.$proc$/home/rishabh/HPCA2/mosaic_delta_phase1/rtl/xorflow_encoder_pipelined.sv:128$229'.
No latch inferred for signal `\xorflow_encoder_tile_engine.$bitselwrite$data$/home/rishabh/HPCA2/mosaic_delta_phase1/rtl/xorflow_encoder_pipelined.sv:134$192' from process `\xorflow_encoder_tile_engine.$proc$/home/rishabh/HPCA2/mosaic_delta_phase1/rtl/xorflow_encoder_pipelined.sv:128$229'.
No latch inferred for signal `\xorflow_encoder_tile_engine.$bitselwrite$sel$/home/rishabh/HPCA2/mosaic_delta_phase1/rtl/xorflow_encoder_pipelined.sv:134$193' from process `\xorflow_encoder_tile_engine.$proc$/home/rishabh/HPCA2/mosaic_delta_phase1/rtl/xorflow_encoder_pipelined.sv:128$229'.
No latch inferred for signal `\xorflow_encoder_tile_engine.$bitselwrite$mask$/home/rishabh/HPCA2/mosaic_delta_phase1/rtl/xorflow_encoder_pipelined.sv:134$194' from process `\xorflow_encoder_tile_engine.$proc$/home/rishabh/HPCA2/mosaic_delta_phase1/rtl/xorflow_encoder_pipelined.sv:128$229'.
No latch inferred for signal `\xorflow_encoder_tile_engine.$bitselwrite$data$/home/rishabh/HPCA2/mosaic_delta_phase1/rtl/xorflow_encoder_pipelined.sv:134$195' from process `\xorflow_encoder_tile_engine.$proc$/home/rishabh/HPCA2/mosaic_delta_phase1/rtl/xorflow_encoder_pipelined.sv:128$229'.
No latch inferred for signal `\xorflow_encoder_tile_engine.$bitselwrite$sel$/home/rishabh/HPCA2/mosaic_delta_phase1/rtl/xorflow_encoder_pipelined.sv:134$196' from process `\xorflow_encoder_tile_engine.$proc$/home/rishabh/HPCA2/mosaic_delta_phase1/rtl/xorflow_encoder_pipelined.sv:128$229'.
No latch inferred for signal `\xorflow_encoder_tile_engine.$bitselwrite$mask$/home/rishabh/HPCA2/mosaic_delta_phase1/rtl/xorflow_encoder_pipelined.sv:134$197' from process `\xorflow_encoder_tile_engine.$proc$/home/rishabh/HPCA2/mosaic_delta_phase1/rtl/xorflow_encoder_pipelined.sv:128$229'.
No latch inferred for signal `\xorflow_encoder_tile_engine.$bitselwrite$data$/home/rishabh/HPCA2/mosaic_delta_phase1/rtl/xorflow_encoder_pipelined.sv:134$198' from process `\xorflow_encoder_tile_engine.$proc$/home/rishabh/HPCA2/mosaic_delta_phase1/rtl/xorflow_encoder_pipelined.sv:128$229'.
No latch inferred for signal `\xorflow_encoder_tile_engine.$bitselwrite$sel$/home/rishabh/HPCA2/mosaic_delta_phase1/rtl/xorflow_encoder_pipelined.sv:134$199' from process `\xorflow_encoder_tile_engine.$proc$/home/rishabh/HPCA2/mosaic_delta_phase1/rtl/xorflow_encoder_pipelined.sv:128$229'.
No latch inferred for signal `\xorflow_encoder_tile_engine.$bitselwrite$mask$/home/rishabh/HPCA2/mosaic_delta_phase1/rtl/xorflow_encoder_pipelined.sv:134$200' from process `\xorflow_encoder_tile_engine.$proc$/home/rishabh/HPCA2/mosaic_delta_phase1/rtl/xorflow_encoder_pipelined.sv:128$229'.
No latch inferred for signal `\xorflow_encoder_tile_engine.$bitselwrite$data$/home/rishabh/HPCA2/mosaic_delta_phase1/rtl/xorflow_encoder_pipelined.sv:134$201' from process `\xorflow_encoder_tile_engine.$proc$/home/rishabh/HPCA2/mosaic_delta_phase1/rtl/xorflow_encoder_pipelined.sv:128$229'.
No latch inferred for signal `\xorflow_encoder_tile_engine.$bitselwrite$sel$/home/rishabh/HPCA2/mosaic_delta_phase1/rtl/xorflow_encoder_pipelined.sv:134$202' from process `\xorflow_encoder_tile_engine.$proc$/home/rishabh/HPCA2/mosaic_delta_phase1/rtl/xorflow_encoder_pipelined.sv:128$229'.
No latch inferred for signal `\xorflow_encoder_tile_engine.$bitselwrite$mask$/home/rishabh/HPCA2/mosaic_delta_phase1/rtl/xorflow_encoder_pipelined.sv:134$203' from process `\xorflow_encoder_tile_engine.$proc$/home/rishabh/HPCA2/mosaic_delta_phase1/rtl/xorflow_encoder_pipelined.sv:128$229'.
No latch inferred for signal `\xorflow_encoder_tile_engine.$bitselwrite$data$/home/rishabh/HPCA2/mosaic_delta_phase1/rtl/xorflow_encoder_pipelined.sv:134$204' from process `\xorflow_encoder_tile_engine.$proc$/home/rishabh/HPCA2/mosaic_delta_phase1/rtl/xorflow_encoder_pipelined.sv:128$229'.
No latch inferred for signal `\xorflow_encoder_tile_engine.$bitselwrite$sel$/home/rishabh/HPCA2/mosaic_delta_phase1/rtl/xorflow_encoder_pipelined.sv:134$205' from process `\xorflow_encoder_tile_engine.$proc$/home/rishabh/HPCA2/mosaic_delta_phase1/rtl/xorflow_encoder_pipelined.sv:128$229'.
No latch inferred for signal `\xorflow_encoder_tile_engine.$bitselwrite$mask$/home/rishabh/HPCA2/mosaic_delta_phase1/rtl/xorflow_encoder_pipelined.sv:134$206' from process `\xorflow_encoder_tile_engine.$proc$/home/rishabh/HPCA2/mosaic_delta_phase1/rtl/xorflow_encoder_pipelined.sv:128$229'.
No latch inferred for signal `\xorflow_encoder_tile_engine.$bitselwrite$data$/home/rishabh/HPCA2/mosaic_delta_phase1/rtl/xorflow_encoder_pipelined.sv:134$207' from process `\xorflow_encoder_tile_engine.$proc$/home/rishabh/HPCA2/mosaic_delta_phase1/rtl/xorflow_encoder_pipelined.sv:128$229'.
No latch inferred for signal `\xorflow_encoder_tile_engine.$bitselwrite$sel$/home/rishabh/HPCA2/mosaic_delta_phase1/rtl/xorflow_encoder_pipelined.sv:134$208' from process `\xorflow_encoder_tile_engine.$proc$/home/rishabh/HPCA2/mosaic_delta_phase1/rtl/xorflow_encoder_pipelined.sv:128$229'.
No latch inferred for signal `\xorflow_encoder_tile_engine.$bitselwrite$mask$/home/rishabh/HPCA2/mosaic_delta_phase1/rtl/xorflow_encoder_pipelined.sv:134$209' from process `\xorflow_encoder_tile_engine.$proc$/home/rishabh/HPCA2/mosaic_delta_phase1/rtl/xorflow_encoder_pipelined.sv:128$229'.
No latch inferred for signal `\xorflow_encoder_tile_engine.$bitselwrite$data$/home/rishabh/HPCA2/mosaic_delta_phase1/rtl/xorflow_encoder_pipelined.sv:134$210' from process `\xorflow_encoder_tile_engine.$proc$/home/rishabh/HPCA2/mosaic_delta_phase1/rtl/xorflow_encoder_pipelined.sv:128$229'.
No latch inferred for signal `\xorflow_encoder_tile_engine.$bitselwrite$sel$/home/rishabh/HPCA2/mosaic_delta_phase1/rtl/xorflow_encoder_pipelined.sv:134$211' from process `\xorflow_encoder_tile_engine.$proc$/home/rishabh/HPCA2/mosaic_delta_phase1/rtl/xorflow_encoder_pipelined.sv:128$229'.
No latch inferred for signal `\xorflow_encoder_tile_engine.$bitselwrite$mask$/home/rishabh/HPCA2/mosaic_delta_phase1/rtl/xorflow_encoder_pipelined.sv:134$212' from process `\xorflow_encoder_tile_engine.$proc$/home/rishabh/HPCA2/mosaic_delta_phase1/rtl/xorflow_encoder_pipelined.sv:128$229'.
No latch inferred for signal `\xorflow_encoder_tile_engine.$bitselwrite$data$/home/rishabh/HPCA2/mosaic_delta_phase1/rtl/xorflow_encoder_pipelined.sv:134$213' from process `\xorflow_encoder_tile_engine.$proc$/home/rishabh/HPCA2/mosaic_delta_phase1/rtl/xorflow_encoder_pipelined.sv:128$229'.
No latch inferred for signal `\xorflow_encoder_tile_engine.$bitselwrite$sel$/home/rishabh/HPCA2/mosaic_delta_phase1/rtl/xorflow_encoder_pipelined.sv:134$214' from process `\xorflow_encoder_tile_engine.$proc$/home/rishabh/HPCA2/mosaic_delta_phase1/rtl/xorflow_encoder_pipelined.sv:128$229'.
No latch inferred for signal `\xorflow_encoder_tile_engine.$bitselwrite$mask$/home/rishabh/HPCA2/mosaic_delta_phase1/rtl/xorflow_encoder_pipelined.sv:134$215' from process `\xorflow_encoder_tile_engine.$proc$/home/rishabh/HPCA2/mosaic_delta_phase1/rtl/xorflow_encoder_pipelined.sv:128$229'.
No latch inferred for signal `\xorflow_encoder_tile_engine.$bitselwrite$data$/home/rishabh/HPCA2/mosaic_delta_phase1/rtl/xorflow_encoder_pipelined.sv:134$216' from process `\xorflow_encoder_tile_engine.$proc$/home/rishabh/HPCA2/mosaic_delta_phase1/rtl/xorflow_encoder_pipelined.sv:128$229'.
No latch inferred for signal `\xorflow_encoder_tile_engine.$bitselwrite$sel$/home/rishabh/HPCA2/mosaic_delta_phase1/rtl/xorflow_encoder_pipelined.sv:134$217' from process `\xorflow_encoder_tile_engine.$proc$/home/rishabh/HPCA2/mosaic_delta_phase1/rtl/xorflow_encoder_pipelined.sv:128$229'.
No latch inferred for signal `\xorflow_encoder_tile_engine.$bitselwrite$mask$/home/rishabh/HPCA2/mosaic_delta_phase1/rtl/xorflow_encoder_pipelined.sv:134$218' from process `\xorflow_encoder_tile_engine.$proc$/home/rishabh/HPCA2/mosaic_delta_phase1/rtl/xorflow_encoder_pipelined.sv:128$229'.
No latch inferred for signal `\xorflow_encoder_tile_engine.$bitselwrite$data$/home/rishabh/HPCA2/mosaic_delta_phase1/rtl/xorflow_encoder_pipelined.sv:134$219' from process `\xorflow_encoder_tile_engine.$proc$/home/rishabh/HPCA2/mosaic_delta_phase1/rtl/xorflow_encoder_pipelined.sv:128$229'.
No latch inferred for signal `\xorflow_encoder_tile_engine.$bitselwrite$sel$/home/rishabh/HPCA2/mosaic_delta_phase1/rtl/xorflow_encoder_pipelined.sv:134$220' from process `\xorflow_encoder_tile_engine.$proc$/home/rishabh/HPCA2/mosaic_delta_phase1/rtl/xorflow_encoder_pipelined.sv:128$229'.
No latch inferred for signal `\xorflow_encoder_tile_engine.$bitselwrite$mask$/home/rishabh/HPCA2/mosaic_delta_phase1/rtl/xorflow_encoder_pipelined.sv:134$221' from process `\xorflow_encoder_tile_engine.$proc$/home/rishabh/HPCA2/mosaic_delta_phase1/rtl/xorflow_encoder_pipelined.sv:128$229'.
No latch inferred for signal `\xorflow_encoder_tile_engine.$bitselwrite$data$/home/rishabh/HPCA2/mosaic_delta_phase1/rtl/xorflow_encoder_pipelined.sv:134$222' from process `\xorflow_encoder_tile_engine.$proc$/home/rishabh/HPCA2/mosaic_delta_phase1/rtl/xorflow_encoder_pipelined.sv:128$229'.
No latch inferred for signal `\xorflow_encoder_tile_engine.$bitselwrite$sel$/home/rishabh/HPCA2/mosaic_delta_phase1/rtl/xorflow_encoder_pipelined.sv:134$223' from process `\xorflow_encoder_tile_engine.$proc$/home/rishabh/HPCA2/mosaic_delta_phase1/rtl/xorflow_encoder_pipelined.sv:128$229'.
No latch inferred for signal `\xorflow_encoder_tile_engine.$bitselwrite$mask$/home/rishabh/HPCA2/mosaic_delta_phase1/rtl/xorflow_encoder_pipelined.sv:134$224' from process `\xorflow_encoder_tile_engine.$proc$/home/rishabh/HPCA2/mosaic_delta_phase1/rtl/xorflow_encoder_pipelined.sv:128$229'.
No latch inferred for signal `\xorflow_encoder_tile_engine.$bitselwrite$data$/home/rishabh/HPCA2/mosaic_delta_phase1/rtl/xorflow_encoder_pipelined.sv:134$225' from process `\xorflow_encoder_tile_engine.$proc$/home/rishabh/HPCA2/mosaic_delta_phase1/rtl/xorflow_encoder_pipelined.sv:128$229'.
No latch inferred for signal `\xorflow_encoder_tile_engine.$bitselwrite$sel$/home/rishabh/HPCA2/mosaic_delta_phase1/rtl/xorflow_encoder_pipelined.sv:134$226' from process `\xorflow_encoder_tile_engine.$proc$/home/rishabh/HPCA2/mosaic_delta_phase1/rtl/xorflow_encoder_pipelined.sv:128$229'.

3.9. Executing PROC_DFF pass (convert process syncs to FFs).
Creating register for signal `\xorflow_encoder_tile_engine.\out_valid' using process `\xorflow_encoder_tile_engine.$proc$/home/rishabh/HPCA2/mosaic_delta_phase1/rtl/xorflow_encoder_pipelined.sv:163$1784'.
  created $dff cell `$procdff$5420' with positive edge clock.
Creating register for signal `\xorflow_encoder_tile_engine.\selected_kind' using process `\xorflow_encoder_tile_engine.$proc$/home/rishabh/HPCA2/mosaic_delta_phase1/rtl/xorflow_encoder_pipelined.sv:163$1784'.
  created $dff cell `$procdff$5421' with positive edge clock.
Creating register for signal `\xorflow_encoder_tile_engine.\stall_cycles' using process `\xorflow_encoder_tile_engine.$proc$/home/rishabh/HPCA2/mosaic_delta_phase1/rtl/xorflow_encoder_pipelined.sv:163$1784'.
  created $dff cell `$procdff$5422' with positive edge clock.
Creating register for signal `\xorflow_encoder_tile_engine.\xor_mask' using process `\xorflow_encoder_tile_engine.$proc$/home/rishabh/HPCA2/mosaic_delta_phase1/rtl/xorflow_encoder_pipelined.sv:163$1784'.
  created $dff cell `$procdff$5423' with positive edge clock.
Creating register for signal `\xorflow_encoder_tile_engine.\packed_event_ids' using process `\xorflow_encoder_tile_engine.$proc$/home/rishabh/HPCA2/mosaic_delta_phase1/rtl/xorflow_encoder_pipelined.sv:163$1784'.
  created $dff cell `$procdff$5424' with positive edge clock.
Creating register for signal `\xorflow_encoder_tile_engine.\majority_mask' using process `\xorflow_encoder_tile_engine.$proc$/home/rishabh/HPCA2/mosaic_delta_phase1/rtl/xorflow_encoder_pipelined.sv:163$1784'.
  created $dff cell `$procdff$5425' with positive edge clock.
Creating register for signal `\xorflow_encoder_tile_engine.\event_count' using process `\xorflow_encoder_tile_engine.$proc$/home/rishabh/HPCA2/mosaic_delta_phase1/rtl/xorflow_encoder_pipelined.sv:163$1784'.
  created $dff cell `$procdff$5426' with positive edge clock.
Creating register for signal `\xorflow_encoder_tile_engine.\selected_bytes' using process `\xorflow_encoder_tile_engine.$proc$/home/rishabh/HPCA2/mosaic_delta_phase1/rtl/xorflow_encoder_pipelined.sv:163$1784'.
  created $dff cell `$procdff$5427' with positive edge clock.
Creating register for signal `\xorflow_encoder_tile_engine.\rows_ingested' using process `\xorflow_encoder_tile_engine.$proc$/home/rishabh/HPCA2/mosaic_delta_phase1/rtl/xorflow_encoder_pipelined.sv:163$1784'.
  created $dff cell `$procdff$5428' with positive edge clock.
Creating register for signal `\xorflow_encoder_tile_engine.\flip_events' using process `\xorflow_encoder_tile_engine.$proc$/home/rishabh/HPCA2/mosaic_delta_phase1/rtl/xorflow_encoder_pipelined.sv:163$1784'.
  created $dff cell `$procdff$5429' with positive edge clock.
Creating register for signal `\xorflow_encoder_tile_engine.\row_q' using process `\xorflow_encoder_tile_engine.$proc$/home/rishabh/HPCA2/mosaic_delta_phase1/rtl/xorflow_encoder_pipelined.sv:163$1784'.
  created $dff cell `$procdff$5430' with positive edge clock.
Creating register for signal `\xorflow_encoder_tile_engine.\last_q' using process `\xorflow_encoder_tile_engine.$proc$/home/rishabh/HPCA2/mosaic_delta_phase1/rtl/xorflow_encoder_pipelined.sv:163$1784'.
  created $dff cell `$procdff$5431' with positive edge clock.
Creating register for signal `\xorflow_encoder_tile_engine.\xor_q' using process `\xorflow_encoder_tile_engine.$proc$/home/rishabh/HPCA2/mosaic_delta_phase1/rtl/xorflow_encoder_pipelined.sv:163$1784'.
  created $dff cell `$procdff$5432' with positive edge clock.
Creating register for signal `\xorflow_encoder_tile_engine.\ids_q' using process `\xorflow_encoder_tile_engine.$proc$/home/rishabh/HPCA2/mosaic_delta_phase1/rtl/xorflow_encoder_pipelined.sv:163$1784'.
  created $dff cell `$procdff$5433' with positive edge clock.
Creating register for signal `\xorflow_encoder_tile_engine.\count_q' using process `\xorflow_encoder_tile_engine.$proc$/home/rishabh/HPCA2/mosaic_delta_phase1/rtl/xorflow_encoder_pipelined.sv:163$1784'.
  created $dff cell `$procdff$5434' with positive edge clock.
Creating register for signal `\xorflow_encoder_tile_engine.\kind_q' using process `\xorflow_encoder_tile_engine.$proc$/home/rishabh/HPCA2/mosaic_delta_phase1/rtl/xorflow_encoder_pipelined.sv:163$1784'.
  created $dff cell `$procdff$5435' with positive edge clock.
Creating register for signal `\xorflow_encoder_tile_engine.\bytes_q' using process `\xorflow_encoder_tile_engine.$proc$/home/rishabh/HPCA2/mosaic_delta_phase1/rtl/xorflow_encoder_pipelined.sv:163$1784'.
  created $dff cell `$procdff$5436' with positive edge clock.
Creating register for signal `\xorflow_encoder_tile_engine.\n' using process `\xorflow_encoder_tile_engine.$proc$/home/rishabh/HPCA2/mosaic_delta_phase1/rtl/xorflow_encoder_pipelined.sv:163$1784'.
  created $dff cell `$procdff$5437' with positive edge clock.
Creating register for signal `\xorflow_encoder_tile_engine.\majority_counts[0]' using process `\xorflow_encoder_tile_engine.$proc$/home/rishabh/HPCA2/mosaic_delta_phase1/rtl/xorflow_encoder_pipelined.sv:163$1784'.
  created $dff cell `$procdff$5438' with positive edge clock.
Creating register for signal `\xorflow_encoder_tile_engine.\majority_counts[1]' using process `\xorflow_encoder_tile_engine.$proc$/home/rishabh/HPCA2/mosaic_delta_phase1/rtl/xorflow_encoder_pipelined.sv:163$1784'.
  created $dff cell `$procdff$5439' with positive edge clock.
Creating register for signal `\xorflow_encoder_tile_engine.\majority_counts[2]' using process `\xorflow_encoder_tile_engine.$proc$/home/rishabh/HPCA2/mosaic_delta_phase1/rtl/xorflow_encoder_pipelined.sv:163$1784'.
  created $dff cell `$procdff$5440' with positive edge clock.
Creating register for signal `\xorflow_encoder_tile_engine.\majority_counts[3]' using process `\xorflow_encoder_tile_engine.$proc$/home/rishabh/HPCA2/mosaic_delta_phase1/rtl/xorflow_encoder_pipelined.sv:163$1784'.
  created $dff cell `$procdff$5441' with positive edge clock.
Creating register for signal `\xorflow_encoder_tile_engine.\majority_counts[4]' using process `\xorflow_encoder_tile_engine.$proc$/home/rishabh/HPCA2/mosaic_delta_phase1/rtl/xorflow_encoder_pipelined.sv:163$1784'.
  created $dff cell `$procdff$5442' with positive edge clock.
Creating register for signal `\xorflow_encoder_tile_engine.\majority_counts[5]' using process `\xorflow_encoder_tile_engine.$proc$/home/rishabh/HPCA2/mosaic_delta_phase1/rtl/xorflow_encoder_pipelined.sv:163$1784'.
  created $dff cell `$procdff$5443' with positive edge clock.
Creating register for signal `\xorflow_encoder_tile_engine.\majority_counts[6]' using process `\xorflow_encoder_tile_engine.$proc$/home/rishabh/HPCA2/mosaic_delta_phase1/rtl/xorflow_encoder_pipelined.sv:163$1784'.
  created $dff cell `$procdff$5444' with positive edge clock.
Creating register for signal `\xorflow_encoder_tile_engine.\majority_counts[7]' using process `\xorflow_encoder_tile_engine.$proc$/home/rishabh/HPCA2/mosaic_delta_phase1/rtl/xorflow_encoder_pipelined.sv:163$1784'.
  created $dff cell `$procdff$5445' with positive edge clock.
Creating register for signal `\xorflow_encoder_tile_engine.\majority_counts[8]' using process `\xorflow_encoder_tile_engine.$proc$/home/rishabh/HPCA2/mosaic_delta_phase1/rtl/xorflow_encoder_pipelined.sv:163$1784'.
  created $dff cell `$procdff$5446' with positive edge clock.
Creating register for signal `\xorflow_encoder_tile_engine.\majority_counts[9]' using process `\xorflow_encoder_tile_engine.$proc$/home/rishabh/HPCA2/mosaic_delta_phase1/rtl/xorflow_encoder_pipelined.sv:163$1784'.
  created $dff cell `$procdff$5447' with positive edge clock.
Creating register for signal `\xorflow_encoder_tile_engine.\majority_counts[10]' using process `\xorflow_encoder_tile_engine.$proc$/home/rishabh/HPCA2/mosaic_delta_phase1/rtl/xorflow_encoder_pipelined.sv:163$1784'.
  created $dff cell `$procdff$5448' with positive edge clock.
Creating register for signal `\xorflow_encoder_tile_engine.\majority_counts[11]' using process `\xorflow_encoder_tile_engine.$proc$/home/rishabh/HPCA2/mosaic_delta_phase1/rtl/xorflow_encoder_pipelined.sv:163$1784'.
  created $dff cell `$procdff$5449' with positive edge clock.
Creating register for signal `\xorflow_encoder_tile_engine.\majority_counts[12]' using process `\xorflow_encoder_tile_engine.$proc$/home/rishabh/HPCA2/mosaic_delta_phase1/rtl/xorflow_encoder_pipelined.sv:163$1784'.
  created $dff cell `$procdff$5450' with positive edge clock.
Creating register for signal `\xorflow_encoder_tile_engine.\majority_counts[13]' using process `\xorflow_encoder_tile_engine.$proc$/home/rishabh/HPCA2/mosaic_delta_phase1/rtl/xorflow_encoder_pipelined.sv:163$1784'.
  created $dff cell `$procdff$5451' with positive edge clock.
Creating register for signal `\xorflow_encoder_tile_engine.\majority_counts[14]' using process `\xorflow_encoder_tile_engine.$proc$/home/rishabh/HPCA2/mosaic_delta_phase1/rtl/xorflow_encoder_pipelined.sv:163$1784'.
  created $dff cell `$procdff$5452' with positive edge clock.
Creating register for signal `\xorflow_encoder_tile_engine.\majority_counts[15]' using process `\xorflow_encoder_tile_engine.$proc$/home/rishabh/HPCA2/mosaic_delta_phase1/rtl/xorflow_encoder_pipelined.sv:163$1784'.
  created $dff cell `$procdff$5453' with positive edge clock.
Creating register for signal `\xorflow_encoder_tile_engine.\majority_counts[16]' using process `\xorflow_encoder_tile_engine.$proc$/home/rishabh/HPCA2/mosaic_delta_phase1/rtl/xorflow_encoder_pipelined.sv:163$1784'.
  created $dff cell `$procdff$5454' with positive edge clock.
Creating register for signal `\xorflow_encoder_tile_engine.\majority_counts[17]' using process `\xorflow_encoder_tile_engine.$proc$/home/rishabh/HPCA2/mosaic_delta_phase1/rtl/xorflow_encoder_pipelined.sv:163$1784'.
  created $dff cell `$procdff$5455' with positive edge clock.
Creating register for signal `\xorflow_encoder_tile_engine.\majority_counts[18]' using process `\xorflow_encoder_tile_engine.$proc$/home/rishabh/HPCA2/mosaic_delta_phase1/rtl/xorflow_encoder_pipelined.sv:163$1784'.
  created $dff cell `$procdff$5456' with positive edge clock.
Creating register for signal `\xorflow_encoder_tile_engine.\majority_counts[19]' using process `\xorflow_encoder_tile_engine.$proc$/home/rishabh/HPCA2/mosaic_delta_phase1/rtl/xorflow_encoder_pipelined.sv:163$1784'.
  created $dff cell `$procdff$5457' with positive edge clock.
Creating register for signal `\xorflow_encoder_tile_engine.\majority_counts[20]' using process `\xorflow_encoder_tile_engine.$proc$/home/rishabh/HPCA2/mosaic_delta_phase1/rtl/xorflow_encoder_pipelined.sv:163$1784'.
  created $dff cell `$procdff$5458' with positive edge clock.
Creating register for signal `\xorflow_encoder_tile_engine.\majority_counts[21]' using process `\xorflow_encoder_tile_engine.$proc$/home/rishabh/HPCA2/mosaic_delta_phase1/rtl/xorflow_encoder_pipelined.sv:163$1784'.
  created $dff cell `$procdff$5459' with positive edge clock.
Creating register for signal `\xorflow_encoder_tile_engine.\majority_counts[22]' using process `\xorflow_encoder_tile_engine.$proc$/home/rishabh/HPCA2/mosaic_delta_phase1/rtl/xorflow_encoder_pipelined.sv:163$1784'.
  created $dff cell `$procdff$5460' with positive edge clock.
Creating register for signal `\xorflow_encoder_tile_engine.\majority_counts[23]' using process `\xorflow_encoder_tile_engine.$proc$/home/rishabh/HPCA2/mosaic_delta_phase1/rtl/xorflow_encoder_pipelined.sv:163$1784'.
  created $dff cell `$procdff$5461' with positive edge clock.
Creating register for signal `\xorflow_encoder_tile_engine.\majority_counts[24]' using process `\xorflow_encoder_tile_engine.$proc$/home/rishabh/HPCA2/mosaic_delta_phase1/rtl/xorflow_encoder_pipelined.sv:163$1784'.
  created $dff cell `$procdff$5462' with positive edge clock.
Creating register for signal `\xorflow_encoder_tile_engine.\majority_counts[25]' using process `\xorflow_encoder_tile_engine.$proc$/home/rishabh/HPCA2/mosaic_delta_phase1/rtl/xorflow_encoder_pipelined.sv:163$1784'.
  created $dff cell `$procdff$5463' with positive edge clock.
Creating register for signal `\xorflow_encoder_tile_engine.\majority_counts[26]' using process `\xorflow_encoder_tile_engine.$proc$/home/rishabh/HPCA2/mosaic_delta_phase1/rtl/xorflow_encoder_pipelined.sv:163$1784'.
  created $dff cell `$procdff$5464' with positive edge clock.
Creating register for signal `\xorflow_encoder_tile_engine.\majority_counts[27]' using process `\xorflow_encoder_tile_engine.$proc$/home/rishabh/HPCA2/mosaic_delta_phase1/rtl/xorflow_encoder_pipelined.sv:163$1784'.
  created $dff cell `$procdff$5465' with positive edge clock.
Creating register for signal `\xorflow_encoder_tile_engine.\majority_counts[28]' using process `\xorflow_encoder_tile_engine.$proc$/home/rishabh/HPCA2/mosaic_delta_phase1/rtl/xorflow_encoder_pipelined.sv:163$1784'.
  created $dff cell `$procdff$5466' with positive edge clock.
Creating register for signal `\xorflow_encoder_tile_engine.\majority_counts[29]' using process `\xorflow_encoder_tile_engine.$proc$/home/rishabh/HPCA2/mosaic_delta_phase1/rtl/xorflow_encoder_pipelined.sv:163$1784'.
  created $dff cell `$procdff$5467' with positive edge clock.
Creating register for signal `\xorflow_encoder_tile_engine.\majority_counts[30]' using process `\xorflow_encoder_tile_engine.$proc$/home/rishabh/HPCA2/mosaic_delta_phase1/rtl/xorflow_encoder_pipelined.sv:163$1784'.
  created $dff cell `$procdff$5468' with positive edge clock.
Creating register for signal `\xorflow_encoder_tile_engine.\majority_counts[31]' using process `\xorflow_encoder_tile_engine.$proc$/home/rishabh/HPCA2/mosaic_delta_phase1/rtl/xorflow_encoder_pipelined.sv:163$1784'.
  created $dff cell `$procdff$5469' with positive edge clock.
Creating register for signal `\xorflow_encoder_tile_engine.\majority_counts[32]' using process `\xorflow_encoder_tile_engine.$proc$/home/rishabh/HPCA2/mosaic_delta_phase1/rtl/xorflow_encoder_pipelined.sv:163$1784'.
  created $dff cell `$procdff$5470' with positive edge clock.
Creating register for signal `\xorflow_encoder_tile_engine.\majority_counts[33]' using process `\xorflow_encoder_tile_engine.$proc$/home/rishabh/HPCA2/mosaic_delta_phase1/rtl/xorflow_encoder_pipelined.sv:163$1784'.
  created $dff cell `$procdff$5471' with positive edge clock.
Creating register for signal `\xorflow_encoder_tile_engine.\majority_counts[34]' using process `\xorflow_encoder_tile_engine.$proc$/home/rishabh/HPCA2/mosaic_delta_phase1/rtl/xorflow_encoder_pipelined.sv:163$1784'.
  created $dff cell `$procdff$5472' with positive edge clock.
Creating register for signal `\xorflow_encoder_tile_engine.\majority_counts[35]' using process `\xorflow_encoder_tile_engine.$proc$/home/rishabh/HPCA2/mosaic_delta_phase1/rtl/xorflow_encoder_pipelined.sv:163$1784'.
  created $dff cell `$procdff$5473' with positive edge clock.
Creating register for signal `\xorflow_encoder_tile_engine.\majority_counts[36]' using process `\xorflow_encoder_tile_engine.$proc$/home/rishabh/HPCA2/mosaic_delta_phase1/rtl/xorflow_encoder_pipelined.sv:163$1784'.
  created $dff cell `$procdff$5474' with positive edge clock.
Creating register for signal `\xorflow_encoder_tile_engine.\majority_counts[37]' using process `\xorflow_encoder_tile_engine.$proc$/home/rishabh/HPCA2/mosaic_delta_phase1/rtl/xorflow_encoder_pipelined.sv:163$1784'.
  created $dff cell `$procdff$5475' with positive edge clock.
Creating register for signal `\xorflow_encoder_tile_engine.\majority_counts[38]' using process `\xorflow_encoder_tile_engine.$proc$/home/rishabh/HPCA2/mosaic_delta_phase1/rtl/xorflow_encoder_pipelined.sv:163$1784'.
  created $dff cell `$procdff$5476' with positive edge clock.
Creating register for signal `\xorflow_encoder_tile_engine.\majority_counts[39]' using process `\xorflow_encoder_tile_engine.$proc$/home/rishabh/HPCA2/mosaic_delta_phase1/rtl/xorflow_encoder_pipelined.sv:163$1784'.
  created $dff cell `$procdff$5477' with positive edge clock.
Creating register for signal `\xorflow_encoder_tile_engine.\majority_counts[40]' using process `\xorflow_encoder_tile_engine.$proc$/home/rishabh/HPCA2/mosaic_delta_phase1/rtl/xorflow_encoder_pipelined.sv:163$1784'.
  created $dff cell `$procdff$5478' with positive edge clock.
Creating register for signal `\xorflow_encoder_tile_engine.\majority_counts[41]' using process `\xorflow_encoder_tile_engine.$proc$/home/rishabh/HPCA2/mosaic_delta_phase1/rtl/xorflow_encoder_pipelined.sv:163$1784'.
  created $dff cell `$procdff$5479' with positive edge clock.
Creating register for signal `\xorflow_encoder_tile_engine.\majority_counts[42]' using process `\xorflow_encoder_tile_engine.$proc$/home/rishabh/HPCA2/mosaic_delta_phase1/rtl/xorflow_encoder_pipelined.sv:163$1784'.
  created $dff cell `$procdff$5480' with positive edge clock.
Creating register for signal `\xorflow_encoder_tile_engine.\majority_counts[43]' using process `\xorflow_encoder_tile_engine.$proc$/home/rishabh/HPCA2/mosaic_delta_phase1/rtl/xorflow_encoder_pipelined.sv:163$1784'.
  created $dff cell `$procdff$5481' with positive edge clock.
Creating register for signal `\xorflow_encoder_tile_engine.\majority_counts[44]' using process `\xorflow_encoder_tile_engine.$proc$/home/rishabh/HPCA2/mosaic_delta_phase1/rtl/xorflow_encoder_pipelined.sv:163$1784'.
  created $dff cell `$procdff$5482' with positive edge clock.
Creating register for signal `\xorflow_encoder_tile_engine.\majority_counts[45]' using process `\xorflow_encoder_tile_engine.$proc$/home/rishabh/HPCA2/mosaic_delta_phase1/rtl/xorflow_encoder_pipelined.sv:163$1784'.
  created $dff cell `$procdff$5483' with positive edge clock.
Creating register for signal `\xorflow_encoder_tile_engine.\majority_counts[46]' using process `\xorflow_encoder_tile_engine.$proc$/home/rishabh/HPCA2/mosaic_delta_phase1/rtl/xorflow_encoder_pipelined.sv:163$1784'.
  created $dff cell `$procdff$5484' with positive edge clock.
Creating register for signal `\xorflow_encoder_tile_engine.\majority_counts[47]' using process `\xorflow_encoder_tile_engine.$proc$/home/rishabh/HPCA2/mosaic_delta_phase1/rtl/xorflow_encoder_pipelined.sv:163$1784'.
  created $dff cell `$procdff$5485' with positive edge clock.
Creating register for signal `\xorflow_encoder_tile_engine.\majority_counts[48]' using process `\xorflow_encoder_tile_engine.$proc$/home/rishabh/HPCA2/mosaic_delta_phase1/rtl/xorflow_encoder_pipelined.sv:163$1784'.
  created $dff cell `$procdff$5486' with positive edge clock.
Creating register for signal `\xorflow_encoder_tile_engine.\majority_counts[49]' using process `\xorflow_encoder_tile_engine.$proc$/home/rishabh/HPCA2/mosaic_delta_phase1/rtl/xorflow_encoder_pipelined.sv:163$1784'.
  created $dff cell `$procdff$5487' with positive edge clock.
Creating register for signal `\xorflow_encoder_tile_engine.\majority_counts[50]' using process `\xorflow_encoder_tile_engine.$proc$/home/rishabh/HPCA2/mosaic_delta_phase1/rtl/xorflow_encoder_pipelined.sv:163$1784'.
  created $dff cell `$procdff$5488' with positive edge clock.
Creating register for signal `\xorflow_encoder_tile_engine.\majority_counts[51]' using process `\xorflow_encoder_tile_engine.$proc$/home/rishabh/HPCA2/mosaic_delta_phase1/rtl/xorflow_encoder_pipelined.sv:163$1784'.
  created $dff cell `$procdff$5489' with positive edge clock.
Creating register for signal `\xorflow_encoder_tile_engine.\majority_counts[52]' using process `\xorflow_encoder_tile_engine.$proc$/home/rishabh/HPCA2/mosaic_delta_phase1/rtl/xorflow_encoder_pipelined.sv:163$1784'.
  created $dff cell `$procdff$5490' with positive edge clock.
Creating register for signal `\xorflow_encoder_tile_engine.\majority_counts[53]' using process `\xorflow_encoder_tile_engine.$proc$/home/rishabh/HPCA2/mosaic_delta_phase1/rtl/xorflow_encoder_pipelined.sv:163$1784'.
  created $dff cell `$procdff$5491' with positive edge clock.
Creating register for signal `\xorflow_encoder_tile_engine.\majority_counts[54]' using process `\xorflow_encoder_tile_engine.$proc$/home/rishabh/HPCA2/mosaic_delta_phase1/rtl/xorflow_encoder_pipelined.sv:163$1784'.
  created $dff cell `$procdff$5492' with positive edge clock.
Creating register for signal `\xorflow_encoder_tile_engine.\majority_counts[55]' using process `\xorflow_encoder_tile_engine.$proc$/home/rishabh/HPCA2/mosaic_delta_phase1/rtl/xorflow_encoder_pipelined.sv:163$1784'.
  created $dff cell `$procdff$5493' with positive edge clock.
Creating register for signal `\xorflow_encoder_tile_engine.\majority_counts[56]' using process `\xorflow_encoder_tile_engine.$proc$/home/rishabh/HPCA2/mosaic_delta_phase1/rtl/xorflow_encoder_pipelined.sv:163$1784'.
  created $dff cell `$procdff$5494' with positive edge clock.
Creating register for signal `\xorflow_encoder_tile_engine.\majority_counts[57]' using process `\xorflow_encoder_tile_engine.$proc$/home/rishabh/HPCA2/mosaic_delta_phase1/rtl/xorflow_encoder_pipelined.sv:163$1784'.
  created $dff cell `$procdff$5495' with positive edge clock.
Creating register for signal `\xorflow_encoder_tile_engine.\majority_counts[58]' using process `\xorflow_encoder_tile_engine.$proc$/home/rishabh/HPCA2/mosaic_delta_phase1/rtl/xorflow_encoder_pipelined.sv:163$1784'.
  created $dff cell `$procdff$5496' with positive edge clock.
Creating register for signal `\xorflow_encoder_tile_engine.\majority_counts[59]' using process `\xorflow_encoder_tile_engine.$proc$/home/rishabh/HPCA2/mosaic_delta_phase1/rtl/xorflow_encoder_pipelined.sv:163$1784'.
  created $dff cell `$procdff$5497' with positive edge clock.
Creating register for signal `\xorflow_encoder_tile_engine.\majority_counts[60]' using process `\xorflow_encoder_tile_engine.$proc$/home/rishabh/HPCA2/mosaic_delta_phase1/rtl/xorflow_encoder_pipelined.sv:163$1784'.
  created $dff cell `$procdff$5498' with positive edge clock.
Creating register for signal `\xorflow_encoder_tile_engine.\majority_counts[61]' using process `\xorflow_encoder_tile_engine.$proc$/home/rishabh/HPCA2/mosaic_delta_phase1/rtl/xorflow_encoder_pipelined.sv:163$1784'.
  created $dff cell `$procdff$5499' with positive edge clock.
Creating register for signal `\xorflow_encoder_tile_engine.\majority_counts[62]' using process `\xorflow_encoder_tile_engine.$proc$/home/rishabh/HPCA2/mosaic_delta_phase1/rtl/xorflow_encoder_pipelined.sv:163$1784'.
  created $dff cell `$procdff$5500' with positive edge clock.
Creating register for signal `\xorflow_encoder_tile_engine.\majority_counts[63]' using process `\xorflow_encoder_tile_engine.$proc$/home/rishabh/HPCA2/mosaic_delta_phase1/rtl/xorflow_encoder_pipelined.sv:163$1784'.
  created $dff cell `$procdff$5501' with positive edge clock.

3.10. Executing PROC_MEMWR pass (convert process memory writes to cells).

3.11. Executing PROC_CLEAN pass (remove empty switches from decision trees).
Found and cleaned up 69 empty switches in `\xorflow_encoder_tile_engine.$proc$/home/rishabh/HPCA2/mosaic_delta_phase1/rtl/xorflow_encoder_pipelined.sv:163$1784'.
Removing empty process `xorflow_encoder_tile_engine.$proc$/home/rishabh/HPCA2/mosaic_delta_phase1/rtl/xorflow_encoder_pipelined.sv:163$1784'.
Found and cleaned up 132 empty switches in `\xorflow_encoder_tile_engine.$proc$/home/rishabh/HPCA2/mosaic_delta_phase1/rtl/xorflow_encoder_pipelined.sv:128$229'.
Removing empty process `xorflow_encoder_tile_engine.$proc$/home/rishabh/HPCA2/mosaic_delta_phase1/rtl/xorflow_encoder_pipelined.sv:128$229'.
Cleaned up 201 empty switches.

3.12. Executing OPT_EXPR pass (perform const folding).
Optimizing module xorflow_encoder_tile_engine.
<suppressed ~105 debug messages>

4. Executing OPT pass (performing simple optimizations).

4.1. Executing OPT_EXPR pass (perform const folding).
Optimizing module xorflow_encoder_tile_engine.
<suppressed ~255 debug messages>

4.2. Executing OPT_MERGE pass (detect identical cells).
Finding identical cells in module `\xorflow_encoder_tile_engine'.
<suppressed ~582 debug messages>
Removed a total of 194 cells.

4.3. Executing OPT_MUXTREE pass (detect dead branches in mux trees).
Running muxtree optimizer on module \xorflow_encoder_tile_engine..
  Creating internal representation of mux trees.
  Evaluating internal representation of mux trees.
  Analyzing evaluation results.
    dead port 1/2 on $mux $procmux$5022.
    dead port 2/2 on $mux $procmux$5022.
    dead port 1/2 on $mux $procmux$5019.
    dead port 2/2 on $mux $procmux$5019.
    dead port 1/2 on $mux $procmux$5013.
    dead port 2/2 on $mux $procmux$5013.
    dead port 1/2 on $mux $procmux$5011.
    dead port 2/2 on $mux $procmux$5011.
    dead port 1/2 on $mux $procmux$5007.
    dead port 2/2 on $mux $procmux$5007.
    dead port 1/2 on $mux $procmux$5005.
    dead port 2/2 on $mux $procmux$5005.
    dead port 1/2 on $mux $procmux$5001.
    dead port 2/2 on $mux $procmux$5001.
    dead port 1/2 on $mux $procmux$4999.
    dead port 2/2 on $mux $procmux$4999.
    dead port 2/2 on $mux $procmux$4995.
    dead port 1/2 on $mux $procmux$4986.
    dead port 2/2 on $mux $procmux$4986.
    dead port 1/2 on $mux $procmux$4983.
    dead port 2/2 on $mux $procmux$4983.
    dead port 1/2 on $mux $procmux$4980.
    dead port 2/2 on $mux $procmux$4980.
    dead port 1/2 on $mux $procmux$4974.
    dead port 2/2 on $mux $procmux$4974.
    dead port 1/2 on $mux $procmux$4972.
    dead port 2/2 on $mux $procmux$4972.
    dead port 1/2 on $mux $procmux$4968.
    dead port 2/2 on $mux $procmux$4968.
    dead port 1/2 on $mux $procmux$4966.
    dead port 2/2 on $mux $procmux$4966.
    dead port 1/2 on $mux $procmux$4962.
    dead port 2/2 on $mux $procmux$4962.
    dead port 1/2 on $mux $procmux$4960.
    dead port 2/2 on $mux $procmux$4960.
    dead port 2/2 on $mux $procmux$4956.
    dead port 1/2 on $mux $procmux$4947.
    dead port 2/2 on $mux $procmux$4947.
    dead port 1/2 on $mux $procmux$4944.
    dead port 2/2 on $mux $procmux$4944.
    dead port 1/2 on $mux $procmux$4941.
    dead port 2/2 on $mux $procmux$4941.
    dead port 1/2 on $mux $procmux$4935.
    dead port 2/2 on $mux $procmux$4935.
    dead port 1/2 on $mux $procmux$4933.
    dead port 2/2 on $mux $procmux$4933.
    dead port 1/2 on $mux $procmux$4929.
    dead port 2/2 on $mux $procmux$4929.
    dead port 1/2 on $mux $procmux$4927.
    dead port 2/2 on $mux $procmux$4927.
    dead port 1/2 on $mux $procmux$4923.
    dead port 2/2 on $mux $procmux$4923.
    dead port 1/2 on $mux $procmux$4921.
    dead port 2/2 on $mux $procmux$4921.
    dead port 2/2 on $mux $procmux$4917.
    dead port 1/2 on $mux $procmux$4908.
    dead port 2/2 on $mux $procmux$4908.
    dead port 1/2 on $mux $procmux$4905.
    dead port 2/2 on $mux $procmux$4905.
    dead port 1/2 on $mux $procmux$4902.
    dead port 2/2 on $mux $procmux$4902.
    dead port 1/2 on $mux $procmux$4896.
    dead port 2/2 on $mux $procmux$4896.
    dead port 1/2 on $mux $procmux$4894.
    dead port 2/2 on $mux $procmux$4894.
    dead port 1/2 on $mux $procmux$4890.
    dead port 2/2 on $mux $procmux$4890.
    dead port 1/2 on $mux $procmux$4888.
    dead port 2/2 on $mux $procmux$4888.
    dead port 1/2 on $mux $procmux$4884.
    dead port 2/2 on $mux $procmux$4884.
    dead port 1/2 on $mux $procmux$4882.
    dead port 2/2 on $mux $procmux$4882.
    dead port 2/2 on $mux $procmux$4878.
    dead port 1/2 on $mux $procmux$4869.
    dead port 2/2 on $mux $procmux$4869.
    dead port 1/2 on $mux $procmux$4866.
    dead port 2/2 on $mux $procmux$4866.
    dead port 1/2 on $mux $procmux$4863.
    dead port 2/2 on $mux $procmux$4863.
    dead port 1/2 on $mux $procmux$4857.
    dead port 2/2 on $mux $procmux$4857.
    dead port 1/2 on $mux $procmux$4855.
    dead port 2/2 on $mux $procmux$4855.
    dead port 1/2 on $mux $procmux$4851.
    dead port 2/2 on $mux $procmux$4851.
    dead port 1/2 on $mux $procmux$4849.
    dead port 2/2 on $mux $procmux$4849.
    dead port 1/2 on $mux $procmux$4845.
    dead port 2/2 on $mux $procmux$4845.
    dead port 1/2 on $mux $procmux$4843.
    dead port 2/2 on $mux $procmux$4843.
    dead port 2/2 on $mux $procmux$4839.
    dead port 1/2 on $mux $procmux$4830.
    dead port 2/2 on $mux $procmux$4830.
    dead port 1/2 on $mux $procmux$4827.
    dead port 2/2 on $mux $procmux$4827.
    dead port 1/2 on $mux $procmux$4824.
    dead port 2/2 on $mux $procmux$4824.
    dead port 1/2 on $mux $procmux$4818.
    dead port 2/2 on $mux $procmux$4818.
    dead port 1/2 on $mux $procmux$4816.
    dead port 2/2 on $mux $procmux$4816.
    dead port 1/2 on $mux $procmux$4812.
    dead port 2/2 on $mux $procmux$4812.
    dead port 1/2 on $mux $procmux$4810.
    dead port 2/2 on $mux $procmux$4810.
    dead port 1/2 on $mux $procmux$4806.
    dead port 2/2 on $mux $procmux$4806.
    dead port 1/2 on $mux $procmux$4804.
    dead port 2/2 on $mux $procmux$4804.
    dead port 2/2 on $mux $procmux$4800.
    dead port 1/2 on $mux $procmux$4791.
    dead port 2/2 on $mux $procmux$4791.
    dead port 1/2 on $mux $procmux$4788.
    dead port 2/2 on $mux $procmux$4788.
    dead port 1/2 on $mux $procmux$4785.
    dead port 2/2 on $mux $procmux$4785.
    dead port 1/2 on $mux $procmux$4779.
    dead port 2/2 on $mux $procmux$4779.
    dead port 1/2 on $mux $procmux$4777.
    dead port 2/2 on $mux $procmux$4777.
    dead port 1/2 on $mux $procmux$4773.
    dead port 2/2 on $mux $procmux$4773.
    dead port 1/2 on $mux $procmux$4771.
    dead port 2/2 on $mux $procmux$4771.
    dead port 1/2 on $mux $procmux$4767.
    dead port 2/2 on $mux $procmux$4767.
    dead port 1/2 on $mux $procmux$4765.
    dead port 2/2 on $mux $procmux$4765.
    dead port 2/2 on $mux $procmux$4761.
    dead port 1/2 on $mux $procmux$4752.
    dead port 2/2 on $mux $procmux$4752.
    dead port 1/2 on $mux $procmux$4749.
    dead port 2/2 on $mux $procmux$4749.
    dead port 1/2 on $mux $procmux$4746.
    dead port 2/2 on $mux $procmux$4746.
    dead port 1/2 on $mux $procmux$4740.
    dead port 2/2 on $mux $procmux$4740.
    dead port 1/2 on $mux $procmux$4738.
    dead port 2/2 on $mux $procmux$4738.
    dead port 1/2 on $mux $procmux$4734.
    dead port 2/2 on $mux $procmux$4734.
    dead port 1/2 on $mux $procmux$4732.
    dead port 2/2 on $mux $procmux$4732.
    dead port 1/2 on $mux $procmux$4728.
    dead port 2/2 on $mux $procmux$4728.
    dead port 1/2 on $mux $procmux$4726.
    dead port 2/2 on $mux $procmux$4726.
    dead port 2/2 on $mux $procmux$4722.
    dead port 1/2 on $mux $procmux$4713.
    dead port 2/2 on $mux $procmux$4713.
    dead port 1/2 on $mux $procmux$4710.
    dead port 2/2 on $mux $procmux$4710.
    dead port 1/2 on $mux $procmux$4707.
    dead port 2/2 on $mux $procmux$4707.
    dead port 1/2 on $mux $procmux$4701.
    dead port 2/2 on $mux $procmux$4701.
    dead port 1/2 on $mux $procmux$4699.
    dead port 2/2 on $mux $procmux$4699.
    dead port 1/2 on $mux $procmux$4695.
    dead port 2/2 on $mux $procmux$4695.
    dead port 1/2 on $mux $procmux$4693.
    dead port 2/2 on $mux $procmux$4693.
    dead port 1/2 on $mux $procmux$4689.
    dead port 2/2 on $mux $procmux$4689.
    dead port 1/2 on $mux $procmux$4687.
    dead port 2/2 on $mux $procmux$4687.
    dead port 2/2 on $mux $procmux$4683.
    dead port 1/2 on $mux $procmux$4674.
    dead port 2/2 on $mux $procmux$4674.
    dead port 1/2 on $mux $procmux$4671.
    dead port 2/2 on $mux $procmux$4671.
    dead port 1/2 on $mux $procmux$4668.
    dead port 2/2 on $mux $procmux$4668.
    dead port 1/2 on $mux $procmux$4662.
    dead port 2/2 on $mux $procmux$4662.
    dead port 1/2 on $mux $procmux$4660.
    dead port 2/2 on $mux $procmux$4660.
    dead port 1/2 on $mux $procmux$4656.
    dead port 2/2 on $mux $procmux$4656.
    dead port 1/2 on $mux $procmux$4654.
    dead port 2/2 on $mux $procmux$4654.
    dead port 1/2 on $mux $procmux$4650.
    dead port 2/2 on $mux $procmux$4650.
    dead port 1/2 on $mux $procmux$4648.
    dead port 2/2 on $mux $procmux$4648.
    dead port 2/2 on $mux $procmux$4644.
    dead port 1/2 on $mux $procmux$4635.
    dead port 2/2 on $mux $procmux$4635.
    dead port 1/2 on $mux $procmux$4632.
    dead port 2/2 on $mux $procmux$4632.
    dead port 1/2 on $mux $procmux$4629.
    dead port 2/2 on $mux $procmux$4629.
    dead port 1/2 on $mux $procmux$4623.
    dead port 2/2 on $mux $procmux$4623.
    dead port 1/2 on $mux $procmux$4621.
    dead port 2/2 on $mux $procmux$4621.
    dead port 1/2 on $mux $procmux$4617.
    dead port 2/2 on $mux $procmux$4617.
    dead port 1/2 on $mux $procmux$4615.
    dead port 2/2 on $mux $procmux$4615.
    dead port 1/2 on $mux $procmux$4611.
    dead port 2/2 on $mux $procmux$4611.
    dead port 1/2 on $mux $procmux$4609.
    dead port 2/2 on $mux $procmux$4609.
    dead port 2/2 on $mux $procmux$4605.
    dead port 1/2 on $mux $procmux$4596.
    dead port 2/2 on $mux $procmux$4596.
    dead port 1/2 on $mux $procmux$4593.
    dead port 2/2 on $mux $procmux$4593.
    dead port 1/2 on $mux $procmux$4590.
    dead port 2/2 on $mux $procmux$4590.
    dead port 1/2 on $mux $procmux$4584.
    dead port 2/2 on $mux $procmux$4584.
    dead port 1/2 on $mux $procmux$4582.
    dead port 2/2 on $mux $procmux$4582.
    dead port 1/2 on $mux $procmux$4578.
    dead port 2/2 on $mux $procmux$4578.
    dead port 1/2 on $mux $procmux$4576.
    dead port 2/2 on $mux $procmux$4576.
    dead port 1/2 on $mux $procmux$4572.
    dead port 2/2 on $mux $procmux$4572.
    dead port 1/2 on $mux $procmux$4570.
    dead port 2/2 on $mux $procmux$4570.
    dead port 2/2 on $mux $procmux$4566.
    dead port 1/2 on $mux $procmux$4557.
    dead port 2/2 on $mux $procmux$4557.
    dead port 1/2 on $mux $procmux$4554.
    dead port 2/2 on $mux $procmux$4554.
    dead port 1/2 on $mux $procmux$4551.
    dead port 2/2 on $mux $procmux$4551.
    dead port 1/2 on $mux $procmux$4545.
    dead port 2/2 on $mux $procmux$4545.
    dead port 1/2 on $mux $procmux$4543.
    dead port 2/2 on $mux $procmux$4543.
    dead port 1/2 on $mux $procmux$4539.
    dead port 2/2 on $mux $procmux$4539.
    dead port 1/2 on $mux $procmux$4537.
    dead port 2/2 on $mux $procmux$4537.
    dead port 1/2 on $mux $procmux$4533.
    dead port 2/2 on $mux $procmux$4533.
    dead port 1/2 on $mux $procmux$4531.
    dead port 2/2 on $mux $procmux$4531.
    dead port 2/2 on $mux $procmux$4527.
    dead port 1/2 on $mux $procmux$4518.
    dead port 2/2 on $mux $procmux$4518.
    dead port 1/2 on $mux $procmux$4515.
    dead port 2/2 on $mux $procmux$4515.
    dead port 1/2 on $mux $procmux$4512.
    dead port 2/2 on $mux $procmux$4512.
    dead port 1/2 on $mux $procmux$4506.
    dead port 2/2 on $mux $procmux$4506.
    dead port 1/2 on $mux $procmux$4504.
    dead port 2/2 on $mux $procmux$4504.
    dead port 1/2 on $mux $procmux$4500.
    dead port 2/2 on $mux $procmux$4500.
    dead port 1/2 on $mux $procmux$4498.
    dead port 2/2 on $mux $procmux$4498.
    dead port 1/2 on $mux $procmux$4494.
    dead port 2/2 on $mux $procmux$4494.
    dead port 1/2 on $mux $procmux$4492.
    dead port 2/2 on $mux $procmux$4492.
    dead port 2/2 on $mux $procmux$4488.
    dead port 1/2 on $mux $procmux$4479.
    dead port 2/2 on $mux $procmux$4479.
    dead port 1/2 on $mux $procmux$4476.
    dead port 2/2 on $mux $procmux$4476.
    dead port 1/2 on $mux $procmux$4473.
    dead port 2/2 on $mux $procmux$4473.
    dead port 1/2 on $mux $procmux$4467.
    dead port 2/2 on $mux $procmux$4467.
    dead port 1/2 on $mux $procmux$4465.
    dead port 2/2 on $mux $procmux$4465.
    dead port 1/2 on $mux $procmux$4461.
    dead port 2/2 on $mux $procmux$4461.
    dead port 1/2 on $mux $procmux$4459.
    dead port 2/2 on $mux $procmux$4459.
    dead port 1/2 on $mux $procmux$4455.
    dead port 2/2 on $mux $procmux$4455.
    dead port 1/2 on $mux $procmux$4453.
    dead port 2/2 on $mux $procmux$4453.
    dead port 2/2 on $mux $procmux$4449.
    dead port 1/2 on $mux $procmux$4440.
    dead port 2/2 on $mux $procmux$4440.
    dead port 1/2 on $mux $procmux$4437.
    dead port 2/2 on $mux $procmux$4437.
    dead port 1/2 on $mux $procmux$4434.
    dead port 2/2 on $mux $procmux$4434.
    dead port 1/2 on $mux $procmux$4428.
    dead port 2/2 on $mux $procmux$4428.
    dead port 1/2 on $mux $procmux$4426.
    dead port 2/2 on $mux $procmux$4426.
    dead port 1/2 on $mux $procmux$4422.
    dead port 2/2 on $mux $procmux$4422.
    dead port 1/2 on $mux $procmux$4420.
    dead port 2/2 on $mux $procmux$4420.
    dead port 1/2 on $mux $procmux$4416.
    dead port 2/2 on $mux $procmux$4416.
    dead port 1/2 on $mux $procmux$4414.
    dead port 2/2 on $mux $procmux$4414.
    dead port 2/2 on $mux $procmux$4410.
    dead port 1/2 on $mux $procmux$4401.
    dead port 2/2 on $mux $procmux$4401.
    dead port 1/2 on $mux $procmux$4398.
    dead port 2/2 on $mux $procmux$4398.
    dead port 1/2 on $mux $procmux$4395.
    dead port 2/2 on $mux $procmux$4395.
    dead port 1/2 on $mux $procmux$4389.
    dead port 2/2 on $mux $procmux$4389.
    dead port 1/2 on $mux $procmux$4387.
    dead port 2/2 on $mux $procmux$4387.
    dead port 1/2 on $mux $procmux$4383.
    dead port 2/2 on $mux $procmux$4383.
    dead port 1/2 on $mux $procmux$4381.
    dead port 2/2 on $mux $procmux$4381.
    dead port 1/2 on $mux $procmux$4377.
    dead port 2/2 on $mux $procmux$4377.
    dead port 1/2 on $mux $procmux$4375.
    dead port 2/2 on $mux $procmux$4375.
    dead port 2/2 on $mux $procmux$4371.
    dead port 1/2 on $mux $procmux$4362.
    dead port 2/2 on $mux $procmux$4362.
    dead port 1/2 on $mux $procmux$4359.
    dead port 2/2 on $mux $procmux$4359.
    dead port 1/2 on $mux $procmux$4356.
    dead port 2/2 on $mux $procmux$4356.
    dead port 1/2 on $mux $procmux$4350.
    dead port 2/2 on $mux $procmux$4350.
    dead port 1/2 on $mux $procmux$4348.
    dead port 2/2 on $mux $procmux$4348.
    dead port 1/2 on $mux $procmux$4344.
    dead port 2/2 on $mux $procmux$4344.
    dead port 1/2 on $mux $procmux$4342.
    dead port 2/2 on $mux $procmux$4342.
    dead port 1/2 on $mux $procmux$4338.
    dead port 2/2 on $mux $procmux$4338.
    dead port 1/2 on $mux $procmux$4336.
    dead port 2/2 on $mux $procmux$4336.
    dead port 2/2 on $mux $procmux$4332.
    dead port 1/2 on $mux $procmux$4323.
    dead port 2/2 on $mux $procmux$4323.
    dead port 1/2 on $mux $procmux$4320.
    dead port 2/2 on $mux $procmux$4320.
    dead port 1/2 on $mux $procmux$4317.
    dead port 2/2 on $mux $procmux$4317.
    dead port 1/2 on $mux $procmux$4311.
    dead port 2/2 on $mux $procmux$4311.
    dead port 1/2 on $mux $procmux$4309.
    dead port 2/2 on $mux $procmux$4309.
    dead port 1/2 on $mux $procmux$4305.
    dead port 2/2 on $mux $procmux$4305.
    dead port 1/2 on $mux $procmux$4303.
    dead port 2/2 on $mux $procmux$4303.
    dead port 1/2 on $mux $procmux$4299.
    dead port 2/2 on $mux $procmux$4299.
    dead port 1/2 on $mux $procmux$4297.
    dead port 2/2 on $mux $procmux$4297.
    dead port 2/2 on $mux $procmux$4293.
    dead port 1/2 on $mux $procmux$4284.
    dead port 2/2 on $mux $procmux$4284.
    dead port 1/2 on $mux $procmux$4281.
    dead port 2/2 on $mux $procmux$4281.
    dead port 1/2 on $mux $procmux$4278.
    dead port 2/2 on $mux $procmux$4278.
    dead port 1/2 on $mux $procmux$4272.
    dead port 2/2 on $mux $procmux$4272.
    dead port 1/2 on $mux $procmux$4270.
    dead port 2/2 on $mux $procmux$4270.
    dead port 1/2 on $mux $procmux$4266.
    dead port 2/2 on $mux $procmux$4266.
    dead port 1/2 on $mux $procmux$4264.
    dead port 2/2 on $mux $procmux$4264.
    dead port 1/2 on $mux $procmux$4260.
    dead port 2/2 on $mux $procmux$4260.
    dead port 1/2 on $mux $procmux$4258.
    dead port 2/2 on $mux $procmux$4258.
    dead port 2/2 on $mux $procmux$4254.
    dead port 1/2 on $mux $procmux$4245.
    dead port 2/2 on $mux $procmux$4245.
    dead port 1/2 on $mux $procmux$4242.
    dead port 2/2 on $mux $procmux$4242.
    dead port 1/2 on $mux $procmux$4239.
    dead port 2/2 on $mux $procmux$4239.
    dead port 1/2 on $mux $procmux$4233.
    dead port 2/2 on $mux $procmux$4233.
    dead port 1/2 on $mux $procmux$4231.
    dead port 2/2 on $mux $procmux$4231.
    dead port 1/2 on $mux $procmux$4227.
    dead port 2/2 on $mux $procmux$4227.
    dead port 1/2 on $mux $procmux$4225.
    dead port 2/2 on $mux $procmux$4225.
    dead port 1/2 on $mux $procmux$4221.
    dead port 2/2 on $mux $procmux$4221.
    dead port 1/2 on $mux $procmux$4219.
    dead port 2/2 on $mux $procmux$4219.
    dead port 2/2 on $mux $procmux$4215.
    dead port 1/2 on $mux $procmux$4206.
    dead port 2/2 on $mux $procmux$4206.
    dead port 1/2 on $mux $procmux$4203.
    dead port 2/2 on $mux $procmux$4203.
    dead port 1/2 on $mux $procmux$4200.
    dead port 2/2 on $mux $procmux$4200.
    dead port 1/2 on $mux $procmux$4194.
    dead port 2/2 on $mux $procmux$4194.
    dead port 1/2 on $mux $procmux$4192.
    dead port 2/2 on $mux $procmux$4192.
    dead port 1/2 on $mux $procmux$4188.
    dead port 2/2 on $mux $procmux$4188.
    dead port 1/2 on $mux $procmux$4186.
    dead port 2/2 on $mux $procmux$4186.
    dead port 1/2 on $mux $procmux$4182.
    dead port 2/2 on $mux $procmux$4182.
    dead port 1/2 on $mux $procmux$4180.
    dead port 2/2 on $mux $procmux$4180.
    dead port 2/2 on $mux $procmux$4176.
    dead port 1/2 on $mux $procmux$4167.
    dead port 2/2 on $mux $procmux$4167.
    dead port 1/2 on $mux $procmux$4164.
    dead port 2/2 on $mux $procmux$4164.
    dead port 1/2 on $mux $procmux$4161.
    dead port 2/2 on $mux $procmux$4161.
    dead port 1/2 on $mux $procmux$4155.
    dead port 2/2 on $mux $procmux$4155.
    dead port 1/2 on $mux $procmux$4153.
    dead port 2/2 on $mux $procmux$4153.
    dead port 1/2 on $mux $procmux$4149.
    dead port 2/2 on $mux $procmux$4149.
    dead port 1/2 on $mux $procmux$4147.
    dead port 2/2 on $mux $procmux$4147.
    dead port 1/2 on $mux $procmux$4143.
    dead port 2/2 on $mux $procmux$4143.
    dead port 1/2 on $mux $procmux$4141.
    dead port 2/2 on $mux $procmux$4141.
    dead port 2/2 on $mux $procmux$4137.
    dead port 1/2 on $mux $procmux$4128.
    dead port 2/2 on $mux $procmux$4128.
    dead port 1/2 on $mux $procmux$4125.
    dead port 2/2 on $mux $procmux$4125.
    dead port 1/2 on $mux $procmux$4122.
    dead port 2/2 on $mux $procmux$4122.
    dead port 1/2 on $mux $procmux$4116.
    dead port 2/2 on $mux $procmux$4116.
    dead port 1/2 on $mux $procmux$4114.
    dead port 2/2 on $mux $procmux$4114.
    dead port 1/2 on $mux $procmux$4110.
    dead port 2/2 on $mux $procmux$4110.
    dead port 1/2 on $mux $procmux$4108.
    dead port 2/2 on $mux $procmux$4108.
    dead port 1/2 on $mux $procmux$4104.
    dead port 2/2 on $mux $procmux$4104.
    dead port 1/2 on $mux $procmux$4102.
    dead port 2/2 on $mux $procmux$4102.
    dead port 2/2 on $mux $procmux$4098.
    dead port 1/2 on $mux $procmux$4089.
    dead port 2/2 on $mux $procmux$4089.
    dead port 1/2 on $mux $procmux$4086.
    dead port 2/2 on $mux $procmux$4086.
    dead port 1/2 on $mux $procmux$4083.
    dead port 2/2 on $mux $procmux$4083.
    dead port 1/2 on $mux $procmux$4077.
    dead port 2/2 on $mux $procmux$4077.
    dead port 1/2 on $mux $procmux$4075.
    dead port 2/2 on $mux $procmux$4075.
    dead port 1/2 on $mux $procmux$4071.
    dead port 2/2 on $mux $procmux$4071.
    dead port 1/2 on $mux $procmux$4069.
    dead port 2/2 on $mux $procmux$4069.
    dead port 1/2 on $mux $procmux$4065.
    dead port 2/2 on $mux $procmux$4065.
    dead port 1/2 on $mux $procmux$4063.
    dead port 2/2 on $mux $procmux$4063.
    dead port 2/2 on $mux $procmux$4059.
    dead port 1/2 on $mux $procmux$4050.
    dead port 2/2 on $mux $procmux$4050.
    dead port 1/2 on $mux $procmux$4047.
    dead port 2/2 on $mux $procmux$4047.
    dead port 1/2 on $mux $procmux$4044.
    dead port 2/2 on $mux $procmux$4044.
    dead port 1/2 on $mux $procmux$4038.
    dead port 2/2 on $mux $procmux$4038.
    dead port 1/2 on $mux $procmux$4036.
    dead port 2/2 on $mux $procmux$4036.
    dead port 1/2 on $mux $procmux$4032.
    dead port 2/2 on $mux $procmux$4032.
    dead port 1/2 on $mux $procmux$4030.
    dead port 2/2 on $mux $procmux$4030.
    dead port 1/2 on $mux $procmux$4026.
    dead port 2/2 on $mux $procmux$4026.
    dead port 1/2 on $mux $procmux$4024.
    dead port 2/2 on $mux $procmux$4024.
    dead port 2/2 on $mux $procmux$4020.
    dead port 1/2 on $mux $procmux$4011.
    dead port 2/2 on $mux $procmux$4011.
    dead port 1/2 on $mux $procmux$4008.
    dead port 2/2 on $mux $procmux$4008.
    dead port 1/2 on $mux $procmux$4005.
    dead port 2/2 on $mux $procmux$4005.
    dead port 1/2 on $mux $procmux$3999.
    dead port 2/2 on $mux $procmux$3999.
    dead port 1/2 on $mux $procmux$3997.
    dead port 2/2 on $mux $procmux$3997.
    dead port 1/2 on $mux $procmux$3993.
    dead port 2/2 on $mux $procmux$3993.
    dead port 1/2 on $mux $procmux$3991.
    dead port 2/2 on $mux $procmux$3991.
    dead port 1/2 on $mux $procmux$3987.
    dead port 2/2 on $mux $procmux$3987.
    dead port 1/2 on $mux $procmux$3985.
    dead port 2/2 on $mux $procmux$3985.
    dead port 2/2 on $mux $procmux$3981.
    dead port 1/2 on $mux $procmux$3972.
    dead port 2/2 on $mux $procmux$3972.
    dead port 1/2 on $mux $procmux$3969.
    dead port 2/2 on $mux $procmux$3969.
    dead port 1/2 on $mux $procmux$3966.
    dead port 2/2 on $mux $procmux$3966.
    dead port 1/2 on $mux $procmux$3960.
    dead port 2/2 on $mux $procmux$3960.
    dead port 1/2 on $mux $procmux$3958.
    dead port 2/2 on $mux $procmux$3958.
    dead port 1/2 on $mux $procmux$3954.
    dead port 2/2 on $mux $procmux$3954.
    dead port 1/2 on $mux $procmux$3952.
    dead port 2/2 on $mux $procmux$3952.
    dead port 1/2 on $mux $procmux$3948.
    dead port 2/2 on $mux $procmux$3948.
    dead port 1/2 on $mux $procmux$3946.
    dead port 2/2 on $mux $procmux$3946.
    dead port 2/2 on $mux $procmux$3942.
    dead port 1/2 on $mux $procmux$3933.
    dead port 2/2 on $mux $procmux$3933.
    dead port 1/2 on $mux $procmux$3930.
    dead port 2/2 on $mux $procmux$3930.
    dead port 1/2 on $mux $procmux$3927.
    dead port 2/2 on $mux $procmux$3927.
    dead port 1/2 on $mux $procmux$3921.
    dead port 2/2 on $mux $procmux$3921.
    dead port 1/2 on $mux $procmux$3919.
    dead port 2/2 on $mux $procmux$3919.
    dead port 1/2 on $mux $procmux$3915.
    dead port 2/2 on $mux $procmux$3915.
    dead port 1/2 on $mux $procmux$3913.
    dead port 2/2 on $mux $procmux$3913.
    dead port 1/2 on $mux $procmux$3909.
    dead port 2/2 on $mux $procmux$3909.
    dead port 1/2 on $mux $procmux$3907.
    dead port 2/2 on $mux $procmux$3907.
    dead port 2/2 on $mux $procmux$3903.
    dead port 1/2 on $mux $procmux$3894.
    dead port 2/2 on $mux $procmux$3894.
    dead port 1/2 on $mux $procmux$3891.
    dead port 2/2 on $mux $procmux$3891.
    dead port 1/2 on $mux $procmux$3888.
    dead port 2/2 on $mux $procmux$3888.
    dead port 1/2 on $mux $procmux$3882.
    dead port 2/2 on $mux $procmux$3882.
    dead port 1/2 on $mux $procmux$3880.
    dead port 2/2 on $mux $procmux$3880.
    dead port 1/2 on $mux $procmux$3876.
    dead port 2/2 on $mux $procmux$3876.
    dead port 1/2 on $mux $procmux$3874.
    dead port 2/2 on $mux $procmux$3874.
    dead port 1/2 on $mux $procmux$3870.
    dead port 2/2 on $mux $procmux$3870.
    dead port 1/2 on $mux $procmux$3868.
    dead port 2/2 on $mux $procmux$3868.
    dead port 2/2 on $mux $procmux$3864.
    dead port 1/2 on $mux $procmux$3855.
    dead port 2/2 on $mux $procmux$3855.
    dead port 1/2 on $mux $procmux$3852.
    dead port 2/2 on $mux $procmux$3852.
    dead port 1/2 on $mux $procmux$3849.
    dead port 2/2 on $mux $procmux$3849.
    dead port 1/2 on $mux $procmux$3843.
    dead port 2/2 on $mux $procmux$3843.
    dead port 1/2 on $mux $procmux$3841.
    dead port 2/2 on $mux $procmux$3841.
    dead port 1/2 on $mux $procmux$3837.
    dead port 2/2 on $mux $procmux$3837.
    dead port 1/2 on $mux $procmux$3835.
    dead port 2/2 on $mux $procmux$3835.
    dead port 1/2 on $mux $procmux$3831.
    dead port 2/2 on $mux $procmux$3831.
    dead port 1/2 on $mux $procmux$3829.
    dead port 2/2 on $mux $procmux$3829.
    dead port 2/2 on $mux $procmux$3825.
    dead port 1/2 on $mux $procmux$3816.
    dead port 2/2 on $mux $procmux$3816.
    dead port 1/2 on $mux $procmux$3813.
    dead port 2/2 on $mux $procmux$3813.
    dead port 1/2 on $mux $procmux$3810.
    dead port 2/2 on $mux $procmux$3810.
    dead port 1/2 on $mux $procmux$3804.
    dead port 2/2 on $mux $procmux$3804.
    dead port 1/2 on $mux $procmux$3802.
    dead port 2/2 on $mux $procmux$3802.
    dead port 1/2 on $mux $procmux$3798.
    dead port 2/2 on $mux $procmux$3798.
    dead port 1/2 on $mux $procmux$3796.
    dead port 2/2 on $mux $procmux$3796.
    dead port 1/2 on $mux $procmux$3792.
    dead port 2/2 on $mux $procmux$3792.
    dead port 1/2 on $mux $procmux$3790.
    dead port 2/2 on $mux $procmux$3790.
    dead port 2/2 on $mux $procmux$3786.
    dead port 1/2 on $mux $procmux$3777.
    dead port 2/2 on $mux $procmux$3777.
    dead port 1/2 on $mux $procmux$3774.
    dead port 2/2 on $mux $procmux$3774.
    dead port 1/2 on $mux $procmux$3771.
    dead port 2/2 on $mux $procmux$3771.
    dead port 1/2 on $mux $procmux$3765.
    dead port 2/2 on $mux $procmux$3765.
    dead port 1/2 on $mux $procmux$3763.
    dead port 2/2 on $mux $procmux$3763.
    dead port 1/2 on $mux $procmux$3759.
    dead port 2/2 on $mux $procmux$3759.
    dead port 1/2 on $mux $procmux$3757.
    dead port 2/2 on $mux $procmux$3757.
    dead port 1/2 on $mux $procmux$3753.
    dead port 2/2 on $mux $procmux$3753.
    dead port 1/2 on $mux $procmux$3751.
    dead port 2/2 on $mux $procmux$3751.
    dead port 2/2 on $mux $procmux$3747.
    dead port 1/2 on $mux $procmux$3738.
    dead port 2/2 on $mux $procmux$3738.
    dead port 1/2 on $mux $procmux$3735.
    dead port 2/2 on $mux $procmux$3735.
    dead port 1/2 on $mux $procmux$3732.
    dead port 2/2 on $mux $procmux$3732.
    dead port 1/2 on $mux $procmux$3726.
    dead port 2/2 on $mux $procmux$3726.
    dead port 1/2 on $mux $procmux$3724.
    dead port 2/2 on $mux $procmux$3724.
    dead port 1/2 on $mux $procmux$3720.
    dead port 2/2 on $mux $procmux$3720.
    dead port 1/2 on $mux $procmux$3718.
    dead port 2/2 on $mux $procmux$3718.
    dead port 1/2 on $mux $procmux$3714.
    dead port 2/2 on $mux $procmux$3714.
    dead port 1/2 on $mux $procmux$3712.
    dead port 2/2 on $mux $procmux$3712.
    dead port 2/2 on $mux $procmux$3708.
    dead port 1/2 on $mux $procmux$3699.
    dead port 2/2 on $mux $procmux$3699.
    dead port 1/2 on $mux $procmux$3696.
    dead port 2/2 on $mux $procmux$3696.
    dead port 1/2 on $mux $procmux$3693.
    dead port 2/2 on $mux $procmux$3693.
    dead port 1/2 on $mux $procmux$3687.
    dead port 2/2 on $mux $procmux$3687.
    dead port 1/2 on $mux $procmux$3685.
    dead port 2/2 on $mux $procmux$3685.
    dead port 1/2 on $mux $procmux$3681.
    dead port 2/2 on $mux $procmux$3681.
    dead port 1/2 on $mux $procmux$3679.
    dead port 2/2 on $mux $procmux$3679.
    dead port 1/2 on $mux $procmux$3675.
    dead port 2/2 on $mux $procmux$3675.
    dead port 1/2 on $mux $procmux$3673.
    dead port 2/2 on $mux $procmux$3673.
    dead port 2/2 on $mux $procmux$3669.
    dead port 1/2 on $mux $procmux$3660.
    dead port 2/2 on $mux $procmux$3660.
    dead port 1/2 on $mux $procmux$3657.
    dead port 2/2 on $mux $procmux$3657.
    dead port 1/2 on $mux $procmux$3654.
    dead port 2/2 on $mux $procmux$3654.
    dead port 1/2 on $mux $procmux$3648.
    dead port 2/2 on $mux $procmux$3648.
    dead port 1/2 on $mux $procmux$3646.
    dead port 2/2 on $mux $procmux$3646.
    dead port 1/2 on $mux $procmux$3642.
    dead port 2/2 on $mux $procmux$3642.
    dead port 1/2 on $mux $procmux$3640.
    dead port 2/2 on $mux $procmux$3640.
    dead port 1/2 on $mux $procmux$3636.
    dead port 2/2 on $mux $procmux$3636.
    dead port 1/2 on $mux $procmux$3634.
    dead port 2/2 on $mux $procmux$3634.
    dead port 2/2 on $mux $procmux$3630.
    dead port 1/2 on $mux $procmux$3621.
    dead port 2/2 on $mux $procmux$3621.
    dead port 1/2 on $mux $procmux$3618.
    dead port 2/2 on $mux $procmux$3618.
    dead port 1/2 on $mux $procmux$3615.
    dead port 2/2 on $mux $procmux$3615.
    dead port 1/2 on $mux $procmux$3609.
    dead port 2/2 on $mux $procmux$3609.
    dead port 1/2 on $mux $procmux$3607.
    dead port 2/2 on $mux $procmux$3607.
    dead port 1/2 on $mux $procmux$3603.
    dead port 2/2 on $mux $procmux$3603.
    dead port 1/2 on $mux $procmux$3601.
    dead port 2/2 on $mux $procmux$3601.
    dead port 1/2 on $mux $procmux$3597.
    dead port 2/2 on $mux $procmux$3597.
    dead port 1/2 on $mux $procmux$3595.
    dead port 2/2 on $mux $procmux$3595.
    dead port 2/2 on $mux $procmux$3591.
    dead port 1/2 on $mux $procmux$3582.
    dead port 2/2 on $mux $procmux$3582.
    dead port 1/2 on $mux $procmux$3579.
    dead port 2/2 on $mux $procmux$3579.
    dead port 1/2 on $mux $procmux$3576.
    dead port 2/2 on $mux $procmux$3576.
    dead port 1/2 on $mux $procmux$3570.
    dead port 2/2 on $mux $procmux$3570.
    dead port 1/2 on $mux $procmux$3568.
    dead port 2/2 on $mux $procmux$3568.
    dead port 1/2 on $mux $procmux$3564.
    dead port 2/2 on $mux $procmux$3564.
    dead port 1/2 on $mux $procmux$3562.
    dead port 2/2 on $mux $procmux$3562.
    dead port 1/2 on $mux $procmux$3558.
    dead port 2/2 on $mux $procmux$3558.
    dead port 1/2 on $mux $procmux$3556.
    dead port 2/2 on $mux $procmux$3556.
    dead port 2/2 on $mux $procmux$3552.
    dead port 1/2 on $mux $procmux$3543.
    dead port 2/2 on $mux $procmux$3543.
    dead port 1/2 on $mux $procmux$3540.
    dead port 2/2 on $mux $procmux$3540.
    dead port 1/2 on $mux $procmux$3537.
    dead port 2/2 on $mux $procmux$3537.
    dead port 1/2 on $mux $procmux$3531.
    dead port 2/2 on $mux $procmux$3531.
    dead port 1/2 on $mux $procmux$3529.
    dead port 2/2 on $mux $procmux$3529.
    dead port 1/2 on $mux $procmux$3525.
    dead port 2/2 on $mux $procmux$3525.
    dead port 1/2 on $mux $procmux$3523.
    dead port 2/2 on $mux $procmux$3523.
    dead port 1/2 on $mux $procmux$3519.
    dead port 2/2 on $mux $procmux$3519.
    dead port 1/2 on $mux $procmux$3517.
    dead port 2/2 on $mux $procmux$3517.
    dead port 2/2 on $mux $procmux$3513.
    dead port 1/2 on $mux $procmux$3504.
    dead port 2/2 on $mux $procmux$3504.
    dead port 1/2 on $mux $procmux$3501.
    dead port 2/2 on $mux $procmux$3501.
    dead port 1/2 on $mux $procmux$3498.
    dead port 2/2 on $mux $procmux$3498.
    dead port 1/2 on $mux $procmux$3492.
    dead port 2/2 on $mux $procmux$3492.
    dead port 1/2 on $mux $procmux$3490.
    dead port 2/2 on $mux $procmux$3490.
    dead port 1/2 on $mux $procmux$3486.
    dead port 2/2 on $mux $procmux$3486.
    dead port 1/2 on $mux $procmux$3484.
    dead port 2/2 on $mux $procmux$3484.
    dead port 1/2 on $mux $procmux$3480.
    dead port 2/2 on $mux $procmux$3480.
    dead port 1/2 on $mux $procmux$3478.
    dead port 2/2 on $mux $procmux$3478.
    dead port 2/2 on $mux $procmux$3474.
    dead port 1/2 on $mux $procmux$3465.
    dead port 2/2 on $mux $procmux$3465.
    dead port 1/2 on $mux $procmux$3462.
    dead port 2/2 on $mux $procmux$3462.
    dead port 1/2 on $mux $procmux$3459.
    dead port 2/2 on $mux $procmux$3459.
    dead port 1/2 on $mux $procmux$3453.
    dead port 2/2 on $mux $procmux$3453.
    dead port 1/2 on $mux $procmux$3451.
    dead port 2/2 on $mux $procmux$3451.
    dead port 1/2 on $mux $procmux$3447.
    dead port 2/2 on $mux $procmux$3447.
    dead port 1/2 on $mux $procmux$3445.
    dead port 2/2 on $mux $procmux$3445.
    dead port 1/2 on $mux $procmux$3441.
    dead port 2/2 on $mux $procmux$3441.
    dead port 1/2 on $mux $procmux$3439.
    dead port 2/2 on $mux $procmux$3439.
    dead port 2/2 on $mux $procmux$3435.
    dead port 1/2 on $mux $procmux$3426.
    dead port 2/2 on $mux $procmux$3426.
    dead port 1/2 on $mux $procmux$3423.
    dead port 2/2 on $mux $procmux$3423.
    dead port 1/2 on $mux $procmux$3420.
    dead port 2/2 on $mux $procmux$3420.
    dead port 1/2 on $mux $procmux$3414.
    dead port 2/2 on $mux $procmux$3414.
    dead port 1/2 on $mux $procmux$3412.
    dead port 2/2 on $mux $procmux$3412.
    dead port 1/2 on $mux $procmux$3408.
    dead port 2/2 on $mux $procmux$3408.
    dead port 1/2 on $mux $procmux$3406.
    dead port 2/2 on $mux $procmux$3406.
    dead port 1/2 on $mux $procmux$3402.
    dead port 2/2 on $mux $procmux$3402.
    dead port 1/2 on $mux $procmux$3400.
    dead port 2/2 on $mux $procmux$3400.
    dead port 2/2 on $mux $procmux$3396.
    dead port 1/2 on $mux $procmux$3387.
    dead port 2/2 on $mux $procmux$3387.
    dead port 1/2 on $mux $procmux$3384.
    dead port 2/2 on $mux $procmux$3384.
    dead port 1/2 on $mux $procmux$3381.
    dead port 2/2 on $mux $procmux$3381.
    dead port 1/2 on $mux $procmux$3375.
    dead port 2/2 on $mux $procmux$3375.
    dead port 1/2 on $mux $procmux$3373.
    dead port 2/2 on $mux $procmux$3373.
    dead port 1/2 on $mux $procmux$3369.
    dead port 2/2 on $mux $procmux$3369.
    dead port 1/2 on $mux $procmux$3367.
    dead port 2/2 on $mux $procmux$3367.
    dead port 1/2 on $mux $procmux$3363.
    dead port 2/2 on $mux $procmux$3363.
    dead port 1/2 on $mux $procmux$3361.
    dead port 2/2 on $mux $procmux$3361.
    dead port 2/2 on $mux $procmux$3357.
    dead port 1/2 on $mux $procmux$3348.
    dead port 2/2 on $mux $procmux$3348.
    dead port 1/2 on $mux $procmux$3345.
    dead port 2/2 on $mux $procmux$3345.
    dead port 1/2 on $mux $procmux$3342.
    dead port 2/2 on $mux $procmux$3342.
    dead port 1/2 on $mux $procmux$3336.
    dead port 2/2 on $mux $procmux$3336.
    dead port 1/2 on $mux $procmux$3334.
    dead port 2/2 on $mux $procmux$3334.
    dead port 1/2 on $mux $procmux$3330.
    dead port 2/2 on $mux $procmux$3330.
    dead port 1/2 on $mux $procmux$3328.
    dead port 2/2 on $mux $procmux$3328.
    dead port 1/2 on $mux $procmux$3324.
    dead port 2/2 on $mux $procmux$3324.
    dead port 1/2 on $mux $procmux$3322.
    dead port 2/2 on $mux $procmux$3322.
    dead port 2/2 on $mux $procmux$3318.
    dead port 1/2 on $mux $procmux$3309.
    dead port 2/2 on $mux $procmux$3309.
    dead port 1/2 on $mux $procmux$3306.
    dead port 2/2 on $mux $procmux$3306.
    dead port 1/2 on $mux $procmux$3303.
    dead port 2/2 on $mux $procmux$3303.
    dead port 1/2 on $mux $procmux$3297.
    dead port 2/2 on $mux $procmux$3297.
    dead port 1/2 on $mux $procmux$3295.
    dead port 2/2 on $mux $procmux$3295.
    dead port 1/2 on $mux $procmux$3291.
    dead port 2/2 on $mux $procmux$3291.
    dead port 1/2 on $mux $procmux$3289.
    dead port 2/2 on $mux $procmux$3289.
    dead port 1/2 on $mux $procmux$3285.
    dead port 2/2 on $mux $procmux$3285.
    dead port 1/2 on $mux $procmux$3283.
    dead port 2/2 on $mux $procmux$3283.
    dead port 2/2 on $mux $procmux$3279.
    dead port 1/2 on $mux $procmux$3270.
    dead port 2/2 on $mux $procmux$3270.
    dead port 1/2 on $mux $procmux$3267.
    dead port 2/2 on $mux $procmux$3267.
    dead port 1/2 on $mux $procmux$3264.
    dead port 2/2 on $mux $procmux$3264.
    dead port 1/2 on $mux $procmux$3258.
    dead port 2/2 on $mux $procmux$3258.
    dead port 1/2 on $mux $procmux$3256.
    dead port 2/2 on $mux $procmux$3256.
    dead port 1/2 on $mux $procmux$3252.
    dead port 2/2 on $mux $procmux$3252.
    dead port 1/2 on $mux $procmux$3250.
    dead port 2/2 on $mux $procmux$3250.
    dead port 1/2 on $mux $procmux$3246.
    dead port 2/2 on $mux $procmux$3246.
    dead port 1/2 on $mux $procmux$3244.
    dead port 2/2 on $mux $procmux$3244.
    dead port 2/2 on $mux $procmux$3240.
    dead port 1/2 on $mux $procmux$3231.
    dead port 2/2 on $mux $procmux$3231.
    dead port 1/2 on $mux $procmux$3228.
    dead port 2/2 on $mux $procmux$3228.
    dead port 1/2 on $mux $procmux$3225.
    dead port 2/2 on $mux $procmux$3225.
    dead port 1/2 on $mux $procmux$3219.
    dead port 2/2 on $mux $procmux$3219.
    dead port 1/2 on $mux $procmux$3217.
    dead port 2/2 on $mux $procmux$3217.
    dead port 1/2 on $mux $procmux$3213.
    dead port 2/2 on $mux $procmux$3213.
    dead port 1/2 on $mux $procmux$3211.
    dead port 2/2 on $mux $procmux$3211.
    dead port 1/2 on $mux $procmux$3207.
    dead port 2/2 on $mux $procmux$3207.
    dead port 1/2 on $mux $procmux$3205.
    dead port 2/2 on $mux $procmux$3205.
    dead port 2/2 on $mux $procmux$3201.
    dead port 1/2 on $mux $procmux$3192.
    dead port 2/2 on $mux $procmux$3192.
    dead port 1/2 on $mux $procmux$3189.
    dead port 2/2 on $mux $procmux$3189.
    dead port 1/2 on $mux $procmux$3186.
    dead port 2/2 on $mux $procmux$3186.
    dead port 1/2 on $mux $procmux$3180.
    dead port 2/2 on $mux $procmux$3180.
    dead port 1/2 on $mux $procmux$3178.
    dead port 2/2 on $mux $procmux$3178.
    dead port 1/2 on $mux $procmux$3174.
    dead port 2/2 on $mux $procmux$3174.
    dead port 1/2 on $mux $procmux$3172.
    dead port 2/2 on $mux $procmux$3172.
    dead port 1/2 on $mux $procmux$3168.
    dead port 2/2 on $mux $procmux$3168.
    dead port 1/2 on $mux $procmux$3166.
    dead port 2/2 on $mux $procmux$3166.
    dead port 2/2 on $mux $procmux$3162.
    dead port 1/2 on $mux $procmux$3153.
    dead port 2/2 on $mux $procmux$3153.
    dead port 1/2 on $mux $procmux$3150.
    dead port 2/2 on $mux $procmux$3150.
    dead port 1/2 on $mux $procmux$3147.
    dead port 2/2 on $mux $procmux$3147.
    dead port 1/2 on $mux $procmux$3141.
    dead port 2/2 on $mux $procmux$3141.
    dead port 1/2 on $mux $procmux$3139.
    dead port 2/2 on $mux $procmux$3139.
    dead port 1/2 on $mux $procmux$3135.
    dead port 2/2 on $mux $procmux$3135.
    dead port 1/2 on $mux $procmux$3133.
    dead port 2/2 on $mux $procmux$3133.
    dead port 1/2 on $mux $procmux$3129.
    dead port 2/2 on $mux $procmux$3129.
    dead port 1/2 on $mux $procmux$3127.
    dead port 2/2 on $mux $procmux$3127.
    dead port 2/2 on $mux $procmux$3123.
    dead port 1/2 on $mux $procmux$3114.
    dead port 2/2 on $mux $procmux$3114.
    dead port 1/2 on $mux $procmux$3111.
    dead port 2/2 on $mux $procmux$3111.
    dead port 1/2 on $mux $procmux$3108.
    dead port 2/2 on $mux $procmux$3108.
    dead port 1/2 on $mux $procmux$3102.
    dead port 2/2 on $mux $procmux$3102.
    dead port 1/2 on $mux $procmux$3100.
    dead port 2/2 on $mux $procmux$3100.
    dead port 1/2 on $mux $procmux$3096.
    dead port 2/2 on $mux $procmux$3096.
    dead port 1/2 on $mux $procmux$3094.
    dead port 2/2 on $mux $procmux$3094.
    dead port 1/2 on $mux $procmux$3090.
    dead port 2/2 on $mux $procmux$3090.
    dead port 1/2 on $mux $procmux$3088.
    dead port 2/2 on $mux $procmux$3088.
    dead port 2/2 on $mux $procmux$3084.
    dead port 1/2 on $mux $procmux$3075.
    dead port 2/2 on $mux $procmux$3075.
    dead port 1/2 on $mux $procmux$3072.
    dead port 2/2 on $mux $procmux$3072.
    dead port 1/2 on $mux $procmux$3069.
    dead port 2/2 on $mux $procmux$3069.
    dead port 1/2 on $mux $procmux$3063.
    dead port 2/2 on $mux $procmux$3063.
    dead port 1/2 on $mux $procmux$3061.
    dead port 2/2 on $mux $procmux$3061.
    dead port 1/2 on $mux $procmux$3057.
    dead port 2/2 on $mux $procmux$3057.
    dead port 1/2 on $mux $procmux$3055.
    dead port 2/2 on $mux $procmux$3055.
    dead port 1/2 on $mux $procmux$3051.
    dead port 2/2 on $mux $procmux$3051.
    dead port 1/2 on $mux $procmux$3049.
    dead port 2/2 on $mux $procmux$3049.
    dead port 2/2 on $mux $procmux$3045.
    dead port 1/2 on $mux $procmux$3036.
    dead port 2/2 on $mux $procmux$3036.
    dead port 1/2 on $mux $procmux$3033.
    dead port 2/2 on $mux $procmux$3033.
    dead port 1/2 on $mux $procmux$3030.
    dead port 2/2 on $mux $procmux$3030.
    dead port 1/2 on $mux $procmux$3024.
    dead port 2/2 on $mux $procmux$3024.
    dead port 1/2 on $mux $procmux$3022.
    dead port 2/2 on $mux $procmux$3022.
    dead port 1/2 on $mux $procmux$3018.
    dead port 2/2 on $mux $procmux$3018.
    dead port 1/2 on $mux $procmux$3016.
    dead port 2/2 on $mux $procmux$3016.
    dead port 1/2 on $mux $procmux$3012.
    dead port 2/2 on $mux $procmux$3012.
    dead port 1/2 on $mux $procmux$3010.
    dead port 2/2 on $mux $procmux$3010.
    dead port 2/2 on $mux $procmux$3006.
    dead port 1/2 on $mux $procmux$2997.
    dead port 2/2 on $mux $procmux$2997.
    dead port 1/2 on $mux $procmux$2994.
    dead port 2/2 on $mux $procmux$2994.
    dead port 1/2 on $mux $procmux$2991.
    dead port 2/2 on $mux $procmux$2991.
    dead port 1/2 on $mux $procmux$2985.
    dead port 2/2 on $mux $procmux$2985.
    dead port 1/2 on $mux $procmux$2983.
    dead port 2/2 on $mux $procmux$2983.
    dead port 1/2 on $mux $procmux$2979.
    dead port 2/2 on $mux $procmux$2979.
    dead port 1/2 on $mux $procmux$2977.
    dead port 2/2 on $mux $procmux$2977.
    dead port 1/2 on $mux $procmux$2973.
    dead port 2/2 on $mux $procmux$2973.
    dead port 1/2 on $mux $procmux$2971.
    dead port 2/2 on $mux $procmux$2971.
    dead port 2/2 on $mux $procmux$2967.
    dead port 1/2 on $mux $procmux$2958.
    dead port 2/2 on $mux $procmux$2958.
    dead port 1/2 on $mux $procmux$2955.
    dead port 2/2 on $mux $procmux$2955.
    dead port 1/2 on $mux $procmux$2952.
    dead port 2/2 on $mux $procmux$2952.
    dead port 1/2 on $mux $procmux$2946.
    dead port 2/2 on $mux $procmux$2946.
    dead port 1/2 on $mux $procmux$2944.
    dead port 2/2 on $mux $procmux$2944.
    dead port 1/2 on $mux $procmux$2940.
    dead port 2/2 on $mux $procmux$2940.
    dead port 1/2 on $mux $procmux$2938.
    dead port 2/2 on $mux $procmux$2938.
    dead port 1/2 on $mux $procmux$2934.
    dead port 2/2 on $mux $procmux$2934.
    dead port 1/2 on $mux $procmux$2932.
    dead port 2/2 on $mux $procmux$2932.
    dead port 2/2 on $mux $procmux$2928.
    dead port 2/2 on $mux $procmux$2211.
    dead port 1/2 on $mux $procmux$5415.
    dead port 2/2 on $mux $procmux$5415.
    dead port 1/2 on $mux $procmux$5412.
    dead port 2/2 on $mux $procmux$5412.
    dead port 1/2 on $mux $procmux$5409.
    dead port 2/2 on $mux $procmux$5409.
    dead port 1/2 on $mux $procmux$5025.
    dead port 2/2 on $mux $procmux$5025.
    dead port 1/2 on $mux $procmux$5214.
    dead port 2/2 on $mux $procmux$5214.
    dead port 1/2 on $mux $procmux$5403.
    dead port 2/2 on $mux $procmux$5403.
    dead port 1/2 on $mux $procmux$5208.
    dead port 2/2 on $mux $procmux$5208.
    dead port 1/2 on $mux $procmux$5397.
    dead port 2/2 on $mux $procmux$5397.
    dead port 1/2 on $mux $procmux$5206.
    dead port 2/2 on $mux $procmux$5206.
    dead port 1/2 on $mux $procmux$5202.
    dead port 2/2 on $mux $procmux$5202.
    dead port 1/2 on $mux $procmux$5391.
    dead port 2/2 on $mux $procmux$5391.
    dead port 1/2 on $mux $procmux$5200.
    dead port 2/2 on $mux $procmux$5200.
    dead port 1/2 on $mux $procmux$5196.
    dead port 2/2 on $mux $procmux$5196.
    dead port 2/2 on $mux $procmux$5385.
    dead port 1/2 on $mux $procmux$5194.
    dead port 2/2 on $mux $procmux$5194.
    dead port 2/2 on $mux $procmux$5190.
    dead port 1/2 on $mux $procmux$5376.
    dead port 2/2 on $mux $procmux$5376.
    dead port 1/2 on $mux $procmux$5373.
    dead port 2/2 on $mux $procmux$5373.
    dead port 1/2 on $mux $procmux$5181.
    dead port 2/2 on $mux $procmux$5181.
    dead port 1/2 on $mux $procmux$5370.
    dead port 2/2 on $mux $procmux$5370.
    dead port 1/2 on $mux $procmux$5178.
    dead port 2/2 on $mux $procmux$5178.
    dead port 1/2 on $mux $procmux$5175.
    dead port 2/2 on $mux $procmux$5175.
    dead port 1/2 on $mux $procmux$5364.
    dead port 2/2 on $mux $procmux$5364.
    dead port 1/2 on $mux $procmux$5362.
    dead port 2/2 on $mux $procmux$5362.
    dead port 1/2 on $mux $procmux$5169.
    dead port 2/2 on $mux $procmux$5169.
    dead port 1/2 on $mux $procmux$5358.
    dead port 2/2 on $mux $procmux$5358.
    dead port 1/2 on $mux $procmux$5167.
    dead port 2/2 on $mux $procmux$5167.
    dead port 1/2 on $mux $procmux$5356.
    dead port 2/2 on $mux $procmux$5356.
    dead port 1/2 on $mux $procmux$5163.
    dead port 2/2 on $mux $procmux$5163.
    dead port 1/2 on $mux $procmux$5352.
    dead port 2/2 on $mux $procmux$5352.
    dead port 1/2 on $mux $procmux$5161.
    dead port 2/2 on $mux $procmux$5161.
    dead port 1/2 on $mux $procmux$5350.
    dead port 2/2 on $mux $procmux$5350.
    dead port 1/2 on $mux $procmux$5157.
    dead port 2/2 on $mux $procmux$5157.
    dead port 2/2 on $mux $procmux$5346.
    dead port 1/2 on $mux $procmux$5155.
    dead port 2/2 on $mux $procmux$5155.
    dead port 2/2 on $mux $procmux$5151.
    dead port 1/2 on $mux $procmux$5337.
    dead port 2/2 on $mux $procmux$5337.
    dead port 1/2 on $mux $procmux$5334.
    dead port 2/2 on $mux $procmux$5334.
    dead port 1/2 on $mux $procmux$5142.
    dead port 2/2 on $mux $procmux$5142.
    dead port 1/2 on $mux $procmux$5331.
    dead port 2/2 on $mux $procmux$5331.
    dead port 1/2 on $mux $procmux$5139.
    dead port 2/2 on $mux $procmux$5139.
    dead port 1/2 on $mux $procmux$5136.
    dead port 2/2 on $mux $procmux$5136.
    dead port 1/2 on $mux $procmux$5325.
    dead port 2/2 on $mux $procmux$5325.
    dead port 1/2 on $mux $procmux$5323.
    dead port 2/2 on $mux $procmux$5323.
    dead port 1/2 on $mux $procmux$5130.
    dead port 2/2 on $mux $procmux$5130.
    dead port 1/2 on $mux $procmux$5319.
    dead port 2/2 on $mux $procmux$5319.
    dead port 1/2 on $mux $procmux$5128.
    dead port 2/2 on $mux $procmux$5128.
    dead port 1/2 on $mux $procmux$5317.
    dead port 2/2 on $mux $procmux$5317.
    dead port 1/2 on $mux $procmux$5124.
    dead port 2/2 on $mux $procmux$5124.
    dead port 1/2 on $mux $procmux$5313.
    dead port 2/2 on $mux $procmux$5313.
    dead port 1/2 on $mux $procmux$5122.
    dead port 2/2 on $mux $procmux$5122.
    dead port 1/2 on $mux $procmux$5311.
    dead port 2/2 on $mux $procmux$5311.
    dead port 1/2 on $mux $procmux$5118.
    dead port 2/2 on $mux $procmux$5118.
    dead port 2/2 on $mux $procmux$5307.
    dead port 1/2 on $mux $procmux$5116.
    dead port 2/2 on $mux $procmux$5116.
    dead port 2/2 on $mux $procmux$5112.
    dead port 1/2 on $mux $procmux$5298.
    dead port 2/2 on $mux $procmux$5298.
    dead port 1/2 on $mux $procmux$5295.
    dead port 2/2 on $mux $procmux$5295.
    dead port 1/2 on $mux $procmux$5103.
    dead port 2/2 on $mux $procmux$5103.
    dead port 1/2 on $mux $procmux$5292.
    dead port 2/2 on $mux $procmux$5292.
    dead port 1/2 on $mux $procmux$5100.
    dead port 2/2 on $mux $procmux$5100.
    dead port 1/2 on $mux $procmux$5097.
    dead port 2/2 on $mux $procmux$5097.
    dead port 1/2 on $mux $procmux$5286.
    dead port 2/2 on $mux $procmux$5286.
    dead port 1/2 on $mux $procmux$5284.
    dead port 2/2 on $mux $procmux$5284.
    dead port 1/2 on $mux $procmux$5091.
    dead port 2/2 on $mux $procmux$5091.
    dead port 1/2 on $mux $procmux$5280.
    dead port 2/2 on $mux $procmux$5280.
    dead port 1/2 on $mux $procmux$5089.
    dead port 2/2 on $mux $procmux$5089.
    dead port 1/2 on $mux $procmux$5278.
    dead port 2/2 on $mux $procmux$5278.
    dead port 1/2 on $mux $procmux$5085.
    dead port 2/2 on $mux $procmux$5085.
    dead port 1/2 on $mux $procmux$5274.
    dead port 2/2 on $mux $procmux$5274.
    dead port 1/2 on $mux $procmux$5083.
    dead port 2/2 on $mux $procmux$5083.
    dead port 1/2 on $mux $procmux$5272.
    dead port 2/2 on $mux $procmux$5272.
    dead port 1/2 on $mux $procmux$5079.
    dead port 2/2 on $mux $procmux$5079.
    dead port 2/2 on $mux $procmux$5268.
    dead port 1/2 on $mux $procmux$5077.
    dead port 2/2 on $mux $procmux$5077.
    dead port 2/2 on $mux $procmux$5073.
    dead port 1/2 on $mux $procmux$5259.
    dead port 2/2 on $mux $procmux$5259.
    dead port 1/2 on $mux $procmux$5256.
    dead port 2/2 on $mux $procmux$5256.
    dead port 1/2 on $mux $procmux$5064.
    dead port 2/2 on $mux $procmux$5064.
    dead port 1/2 on $mux $procmux$5253.
    dead port 2/2 on $mux $procmux$5253.
    dead port 1/2 on $mux $procmux$5061.
    dead port 2/2 on $mux $procmux$5061.
    dead port 1/2 on $mux $procmux$5058.
    dead port 2/2 on $mux $procmux$5058.
    dead port 1/2 on $mux $procmux$5247.
    dead port 2/2 on $mux $procmux$5247.
    dead port 1/2 on $mux $procmux$5245.
    dead port 2/2 on $mux $procmux$5245.
    dead port 1/2 on $mux $procmux$5052.
    dead port 2/2 on $mux $procmux$5052.
    dead port 1/2 on $mux $procmux$5241.
    dead port 2/2 on $mux $procmux$5241.
    dead port 1/2 on $mux $procmux$5050.
    dead port 2/2 on $mux $procmux$5050.
    dead port 1/2 on $mux $procmux$5239.
    dead port 2/2 on $mux $procmux$5239.
    dead port 1/2 on $mux $procmux$5046.
    dead port 2/2 on $mux $procmux$5046.
    dead port 1/2 on $mux $procmux$5235.
    dead port 2/2 on $mux $procmux$5235.
    dead port 1/2 on $mux $procmux$5044.
    dead port 2/2 on $mux $procmux$5044.
    dead port 1/2 on $mux $procmux$5233.
    dead port 2/2 on $mux $procmux$5233.
    dead port 1/2 on $mux $procmux$5040.
    dead port 2/2 on $mux $procmux$5040.
    dead port 2/2 on $mux $procmux$5229.
    dead port 1/2 on $mux $procmux$5038.
    dead port 2/2 on $mux $procmux$5038.
    dead port 2/2 on $mux $procmux$5034.
    dead port 1/2 on $mux $procmux$5220.
    dead port 2/2 on $mux $procmux$5220.
    dead port 1/2 on $mux $procmux$5217.
    dead port 2/2 on $mux $procmux$5217.
Removed 1211 multiplexer ports.
<suppressed ~215 debug messages>

4.4. Executing OPT_REDUCE pass (consolidate $*mux and $reduce_* inputs).
  Optimizing cells in module \xorflow_encoder_tile_engine.
  Optimizing cells in module \xorflow_encoder_tile_engine.
Performed a total of 2 changes.

4.5. Executing OPT_MERGE pass (detect identical cells).
Finding identical cells in module `\xorflow_encoder_tile_engine'.
<suppressed ~3 debug messages>
Removed a total of 1 cells.

4.6. Executing OPT_DFF pass (perform DFF optimizations).
Adding SRST signal on $procdff$5500 ($dff) from module xorflow_encoder_tile_engine (D = $procmux$2229_Y, Q = \majority_counts[62], rval = 6'000000).
Adding EN signal on $auto$ff.cc:266:slice$5502 ($sdff) from module xorflow_encoder_tile_engine (D = $procmux$2227_Y, Q = \majority_counts[62]).
Adding SRST signal on $procdff$5499 ($dff) from module xorflow_encoder_tile_engine (D = $procmux$2238_Y, Q = \majority_counts[61], rval = 6'000000).
Adding EN signal on $auto$ff.cc:266:slice$5504 ($sdff) from module xorflow_encoder_tile_engine (D = $procmux$2236_Y, Q = \majority_counts[61]).
Adding SRST signal on $procdff$5498 ($dff) from module xorflow_encoder_tile_engine (D = $procmux$2247_Y, Q = \majority_counts[60], rval = 6'000000).
Adding EN signal on $auto$ff.cc:266:slice$5506 ($sdff) from module xorflow_encoder_tile_engine (D = $procmux$2245_Y, Q = \majority_counts[60]).
Adding SRST signal on $procdff$5497 ($dff) from module xorflow_encoder_tile_engine (D = $procmux$2256_Y, Q = \majority_counts[59], rval = 6'000000).
Adding EN signal on $auto$ff.cc:266:slice$5508 ($sdff) from module xorflow_encoder_tile_engine (D = $procmux$2254_Y, Q = \majority_counts[59]).
Adding SRST signal on $procdff$5496 ($dff) from module xorflow_encoder_tile_engine (D = $procmux$2265_Y, Q = \majority_counts[58], rval = 6'000000).
Adding EN signal on $auto$ff.cc:266:slice$5510 ($sdff) from module xorflow_encoder_tile_engine (D = $procmux$2263_Y, Q = \majority_counts[58]).
Adding SRST signal on $procdff$5495 ($dff) from module xorflow_encoder_tile_engine (D = $procmux$2274_Y, Q = \majority_counts[57], rval = 6'000000).
Adding EN signal on $auto$ff.cc:266:slice$5512 ($sdff) from module xorflow_encoder_tile_engine (D = $procmux$2272_Y, Q = \majority_counts[57]).
Adding SRST signal on $procdff$5494 ($dff) from module xorflow_encoder_tile_engine (D = $procmux$2283_Y, Q = \majority_counts[56], rval = 6'000000).
Adding EN signal on $auto$ff.cc:266:slice$5514 ($sdff) from module xorflow_encoder_tile_engine (D = $procmux$2281_Y, Q = \majority_counts[56]).
Adding SRST signal on $procdff$5493 ($dff) from module xorflow_encoder_tile_engine (D = $procmux$2292_Y, Q = \majority_counts[55], rval = 6'000000).
Adding EN signal on $auto$ff.cc:266:slice$5516 ($sdff) from module xorflow_encoder_tile_engine (D = $procmux$2290_Y, Q = \majority_counts[55]).
Adding SRST signal on $procdff$5484 ($dff) from module xorflow_encoder_tile_engine (D = $procmux$2373_Y, Q = \majority_counts[46], rval = 6'000000).
Adding EN signal on $auto$ff.cc:266:slice$5518 ($sdff) from module xorflow_encoder_tile_engine (D = $procmux$2371_Y, Q = \majority_counts[46]).
Adding SRST signal on $procdff$5483 ($dff) from module xorflow_encoder_tile_engine (D = $procmux$2382_Y, Q = \majority_counts[45], rval = 6'000000).
Adding EN signal on $auto$ff.cc:266:slice$5520 ($sdff) from module xorflow_encoder_tile_engine (D = $procmux$2380_Y, Q = \majority_counts[45]).
Adding SRST signal on $procdff$5492 ($dff) from module xorflow_encoder_tile_engine (D = $procmux$2301_Y, Q = \majority_counts[54], rval = 6'000000).
Adding EN signal on $auto$ff.cc:266:slice$5522 ($sdff) from module xorflow_encoder_tile_engine (D = $procmux$2299_Y, Q = \majority_counts[54]).
Adding SRST signal on $procdff$5491 ($dff) from module xorflow_encoder_tile_engine (D = $procmux$2310_Y, Q = \majority_counts[53], rval = 6'000000).
Adding EN signal on $auto$ff.cc:266:slice$5524 ($sdff) from module xorflow_encoder_tile_engine (D = $procmux$2308_Y, Q = \majority_counts[53]).
Adding SRST signal on $procdff$5490 ($dff) from module xorflow_encoder_tile_engine (D = $procmux$2319_Y, Q = \majority_counts[52], rval = 6'000000).
Adding EN signal on $auto$ff.cc:266:slice$5526 ($sdff) from module xorflow_encoder_tile_engine (D = $procmux$2317_Y, Q = \majority_counts[52]).
Adding SRST signal on $procdff$5489 ($dff) from module xorflow_encoder_tile_engine (D = $procmux$2328_Y, Q = \majority_counts[51], rval = 6'000000).
Adding EN signal on $auto$ff.cc:266:slice$5528 ($sdff) from module xorflow_encoder_tile_engine (D = $procmux$2326_Y, Q = \majority_counts[51]).
Adding SRST signal on $procdff$5487 ($dff) from module xorflow_encoder_tile_engine (D = $procmux$2346_Y, Q = \majority_counts[49], rval = 6'000000).
Adding EN signal on $auto$ff.cc:266:slice$5530 ($sdff) from module xorflow_encoder_tile_engine (D = $procmux$2344_Y, Q = \majority_counts[49]).
Adding SRST signal on $procdff$5486 ($dff) from module xorflow_encoder_tile_engine (D = $procmux$2355_Y, Q = \majority_counts[48], rval = 6'000000).
Adding EN signal on $auto$ff.cc:266:slice$5532 ($sdff) from module xorflow_encoder_tile_engine (D = $procmux$2353_Y, Q = \majority_counts[48]).
Adding SRST signal on $procdff$5485 ($dff) from module xorflow_encoder_tile_engine (D = $procmux$2364_Y, Q = \majority_counts[47], rval = 6'000000).
Adding EN signal on $auto$ff.cc:266:slice$5534 ($sdff) from module xorflow_encoder_tile_engine (D = $procmux$2362_Y, Q = \majority_counts[47]).
Adding SRST signal on $procdff$5488 ($dff) from module xorflow_encoder_tile_engine (D = $procmux$2337_Y, Q = \majority_counts[50], rval = 6'000000).
Adding EN signal on $auto$ff.cc:266:slice$5536 ($sdff) from module xorflow_encoder_tile_engine (D = $procmux$2335_Y, Q = \majority_counts[50]).
Adding SRST signal on $procdff$5482 ($dff) from module xorflow_encoder_tile_engine (D = $procmux$2391_Y, Q = \majority_counts[44], rval = 6'000000).
Adding EN signal on $auto$ff.cc:266:slice$5538 ($sdff) from module xorflow_encoder_tile_engine (D = $procmux$2389_Y, Q = \majority_counts[44]).
Adding SRST signal on $procdff$5420 ($dff) from module xorflow_encoder_tile_engine (D = $procmux$2895_Y, Q = \out_valid, rval = 1'0).
Adding EN signal on $auto$ff.cc:266:slice$5540 ($sdff) from module xorflow_encoder_tile_engine (D = $procmux$2895_Y, Q = \out_valid).
Adding SRST signal on $procdff$5421 ($dff) from module xorflow_encoder_tile_engine (D = $procmux$2887_Y, Q = \selected_kind, rval = 2'00).
Adding EN signal on $auto$ff.cc:266:slice$5544 ($sdff) from module xorflow_encoder_tile_engine (D = \local_kind, Q = \selected_kind).
Adding SRST signal on $procdff$5422 ($dff) from module xorflow_encoder_tile_engine (D = $procmux$2881_Y, Q = \stall_cycles, rval = 0).
Adding EN signal on $auto$ff.cc:266:slice$5546 ($sdff) from module xorflow_encoder_tile_engine (D = $add$/home/rishabh/HPCA2/mosaic_delta_phase1/rtl/xorflow_encoder_pipelined.sv:191$1862_Y, Q = \stall_cycles).
Adding SRST signal on $procdff$5423 ($dff) from module xorflow_encoder_tile_engine (D = $procmux$2873_Y, Q = \xor_mask, rval = 64'0000000000000000000000000000000000000000000000000000000000000000).
Adding EN signal on $auto$ff.cc:266:slice$5552 ($sdff) from module xorflow_encoder_tile_engine (D = \local_xor, Q = \xor_mask).
Adding SRST signal on $procdff$5424 ($dff) from module xorflow_encoder_tile_engine (D = $procmux$2867_Y, Q = \packed_event_ids, rval = 64'0000000000000000000000000000000000000000000000000000000000000000).
Adding EN signal on $auto$ff.cc:266:slice$5554 ($sdff) from module xorflow_encoder_tile_engine (D = \local_ids, Q = \packed_event_ids).
Adding SRST signal on $procdff$5425 ($dff) from module xorflow_encoder_tile_engine (D = $procmux$2861_Y, Q = \majority_mask, rval = 64'0000000000000000000000000000000000000000000000000000000000000000).
Adding EN signal on $auto$ff.cc:266:slice$5556 ($sdff) from module xorflow_encoder_tile_engine (D = \majority_next, Q = \majority_mask).
Adding SRST signal on $procdff$5426 ($dff) from module xorflow_encoder_tile_engine (D = $procmux$2853_Y, Q = \event_count, rval = 4'0000).
Adding EN signal on $auto$ff.cc:266:slice$5560 ($sdff) from module xorflow_encoder_tile_engine (D = $ternary$/home/rishabh/HPCA2/mosaic_delta_phase1/rtl/xorflow_encoder_pipelined.sv:181$1793_Y [3:0], Q = \event_count).
Adding SRST signal on $procdff$5427 ($dff) from module xorflow_encoder_tile_engine (D = $procmux$2847_Y, Q = \selected_bytes, rval = 16'0000000000000000).
Adding EN signal on $auto$ff.cc:266:slice$5562 ($sdff) from module xorflow_encoder_tile_engine (D = \local_bytes, Q = \selected_bytes).
Adding SRST signal on $procdff$5428 ($dff) from module xorflow_encoder_tile_engine (D = $procmux$2841_Y, Q = \rows_ingested, rval = 0).
Adding EN signal on $auto$ff.cc:266:slice$5564 ($sdff) from module xorflow_encoder_tile_engine (D = $add$/home/rishabh/HPCA2/mosaic_delta_phase1/rtl/xorflow_encoder_pipelined.sv:183$1794_Y, Q = \rows_ingested).
Adding SRST signal on $procdff$5429 ($dff) from module xorflow_encoder_tile_engine (D = $procmux$2835_Y, Q = \flip_events, rval = 0).
Adding EN signal on $auto$ff.cc:266:slice$5566 ($sdff) from module xorflow_encoder_tile_engine (D = $add$/home/rishabh/HPCA2/mosaic_delta_phase1/rtl/xorflow_encoder_pipelined.sv:184$1795_Y, Q = \flip_events).
Adding SRST signal on $procdff$5430 ($dff) from module xorflow_encoder_tile_engine (D = $procmux$2829_Y, Q = \row_q, rval = 5'00000).
Adding EN signal on $auto$ff.cc:266:slice$5568 ($sdff) from module xorflow_encoder_tile_engine (D = \row_id, Q = \row_q).
Adding SRST signal on $procdff$5431 ($dff) from module xorflow_encoder_tile_engine (D = $procmux$2823_Y, Q = \last_q, rval = 1'0).
Adding EN signal on $auto$ff.cc:266:slice$5570 ($sdff) from module xorflow_encoder_tile_engine (D = \in_last, Q = \last_q).
Adding SRST signal on $procdff$5432 ($dff) from module xorflow_encoder_tile_engine (D = $procmux$2817_Y, Q = \xor_q, rval = 64'0000000000000000000000000000000000000000000000000000000000000000).
Adding EN signal on $auto$ff.cc:266:slice$5572 ($sdff) from module xorflow_encoder_tile_engine (D = \local_xor, Q = \xor_q).
Adding SRST signal on $procdff$5433 ($dff) from module xorflow_encoder_tile_engine (D = $procmux$2811_Y, Q = \ids_q, rval = 64'0000000000000000000000000000000000000000000000000000000000000000).
Adding EN signal on $auto$ff.cc:266:slice$5574 ($sdff) from module xorflow_encoder_tile_engine (D = \local_ids, Q = \ids_q).
Adding SRST signal on $procdff$5434 ($dff) from module xorflow_encoder_tile_engine (D = $procmux$2805_Y, Q = \count_q, rval = 4'0000).
Adding EN signal on $auto$ff.cc:266:slice$5576 ($sdff) from module xorflow_encoder_tile_engine (D = $ternary$/home/rishabh/HPCA2/mosaic_delta_phase1/rtl/xorflow_encoder_pipelined.sv:177$1790_Y [3:0], Q = \count_q).
Adding SRST signal on $procdff$5435 ($dff) from module xorflow_encoder_tile_engine (D = $procmux$2799_Y, Q = \kind_q, rval = 2'00).
Adding EN signal on $auto$ff.cc:266:slice$5578 ($sdff) from module xorflow_encoder_tile_engine (D = \local_kind, Q = \kind_q).
Adding SRST signal on $procdff$5436 ($dff) from module xorflow_encoder_tile_engine (D = $procmux$2793_Y, Q = \bytes_q, rval = 16'0000000000000000).
Adding EN signal on $auto$ff.cc:266:slice$5580 ($sdff) from module xorflow_encoder_tile_engine (D = \local_bytes, Q = \bytes_q).
Adding SRST signal on $procdff$5438 ($dff) from module xorflow_encoder_tile_engine (D = $procmux$2787_Y, Q = \majority_counts[0], rval = 6'000000).
Adding EN signal on $auto$ff.cc:266:slice$5582 ($sdff) from module xorflow_encoder_tile_engine (D = $procmux$2785_Y, Q = \majority_counts[0]).
Adding SRST signal on $procdff$5439 ($dff) from module xorflow_encoder_tile_engine (D = $procmux$2778_Y, Q = \majority_counts[1], rval = 6'000000).
Adding EN signal on $auto$ff.cc:266:slice$5584 ($sdff) from module xorflow_encoder_tile_engine (D = $procmux$2776_Y, Q = \majority_counts[1]).
Adding SRST signal on $procdff$5440 ($dff) from module xorflow_encoder_tile_engine (D = $procmux$2769_Y, Q = \majority_counts[2], rval = 6'000000).
Adding EN signal on $auto$ff.cc:266:slice$5586 ($sdff) from module xorflow_encoder_tile_engine (D = $procmux$2767_Y, Q = \majority_counts[2]).
Adding SRST signal on $procdff$5441 ($dff) from module xorflow_encoder_tile_engine (D = $procmux$2760_Y, Q = \majority_counts[3], rval = 6'000000).
Adding EN signal on $auto$ff.cc:266:slice$5588 ($sdff) from module xorflow_encoder_tile_engine (D = $procmux$2758_Y, Q = \majority_counts[3]).
Adding SRST signal on $procdff$5442 ($dff) from module xorflow_encoder_tile_engine (D = $procmux$2751_Y, Q = \majority_counts[4], rval = 6'000000).
Adding EN signal on $auto$ff.cc:266:slice$5590 ($sdff) from module xorflow_encoder_tile_engine (D = $procmux$2749_Y, Q = \majority_counts[4]).
Adding SRST signal on $procdff$5443 ($dff) from module xorflow_encoder_tile_engine (D = $procmux$2742_Y, Q = \majority_counts[5], rval = 6'000000).
Adding EN signal on $auto$ff.cc:266:slice$5592 ($sdff) from module xorflow_encoder_tile_engine (D = $procmux$2740_Y, Q = \majority_counts[5]).
Adding SRST signal on $procdff$5444 ($dff) from module xorflow_encoder_tile_engine (D = $procmux$2733_Y, Q = \majority_counts[6], rval = 6'000000).
Adding EN signal on $auto$ff.cc:266:slice$5594 ($sdff) from module xorflow_encoder_tile_engine (D = $procmux$2731_Y, Q = \majority_counts[6]).
Adding SRST signal on $procdff$5445 ($dff) from module xorflow_encoder_tile_engine (D = $procmux$2724_Y, Q = \majority_counts[7], rval = 6'000000).
Adding EN signal on $auto$ff.cc:266:slice$5596 ($sdff) from module xorflow_encoder_tile_engine (D = $procmux$2722_Y, Q = \majority_counts[7]).
Adding SRST signal on $procdff$5446 ($dff) from module xorflow_encoder_tile_engine (D = $procmux$2715_Y, Q = \majority_counts[8], rval = 6'000000).
Adding EN signal on $auto$ff.cc:266:slice$5598 ($sdff) from module xorflow_encoder_tile_engine (D = $procmux$2713_Y, Q = \majority_counts[8]).
Adding SRST signal on $procdff$5447 ($dff) from module xorflow_encoder_tile_engine (D = $procmux$2706_Y, Q = \majority_counts[9], rval = 6'000000).
Adding EN signal on $auto$ff.cc:266:slice$5600 ($sdff) from module xorflow_encoder_tile_engine (D = $procmux$2704_Y, Q = \majority_counts[9]).
Adding SRST signal on $procdff$5448 ($dff) from module xorflow_encoder_tile_engine (D = $procmux$2697_Y, Q = \majority_counts[10], rval = 6'000000).
Adding EN signal on $auto$ff.cc:266:slice$5602 ($sdff) from module xorflow_encoder_tile_engine (D = $procmux$2695_Y, Q = \majority_counts[10]).
Adding SRST signal on $procdff$5449 ($dff) from module xorflow_encoder_tile_engine (D = $procmux$2688_Y, Q = \majority_counts[11], rval = 6'000000).
Adding EN signal on $auto$ff.cc:266:slice$5604 ($sdff) from module xorflow_encoder_tile_engine (D = $procmux$2686_Y, Q = \majority_counts[11]).
Adding SRST signal on $procdff$5450 ($dff) from module xorflow_encoder_tile_engine (D = $procmux$2679_Y, Q = \majority_counts[12], rval = 6'000000).
Adding EN signal on $auto$ff.cc:266:slice$5606 ($sdff) from module xorflow_encoder_tile_engine (D = $procmux$2677_Y, Q = \majority_counts[12]).
Adding SRST signal on $procdff$5451 ($dff) from module xorflow_encoder_tile_engine (D = $procmux$2670_Y, Q = \majority_counts[13], rval = 6'000000).
Adding EN signal on $auto$ff.cc:266:slice$5608 ($sdff) from module xorflow_encoder_tile_engine (D = $procmux$2668_Y, Q = \majority_counts[13]).
Adding SRST signal on $procdff$5452 ($dff) from module xorflow_encoder_tile_engine (D = $procmux$2661_Y, Q = \majority_counts[14], rval = 6'000000).
Adding EN signal on $auto$ff.cc:266:slice$5610 ($sdff) from module xorflow_encoder_tile_engine (D = $procmux$2659_Y, Q = \majority_counts[14]).
Adding SRST signal on $procdff$5453 ($dff) from module xorflow_encoder_tile_engine (D = $procmux$2652_Y, Q = \majority_counts[15], rval = 6'000000).
Adding EN signal on $auto$ff.cc:266:slice$5612 ($sdff) from module xorflow_encoder_tile_engine (D = $procmux$2650_Y, Q = \majority_counts[15]).
Adding SRST signal on $procdff$5454 ($dff) from module xorflow_encoder_tile_engine (D = $procmux$2643_Y, Q = \majority_counts[16], rval = 6'000000).
Adding EN signal on $auto$ff.cc:266:slice$5614 ($sdff) from module xorflow_encoder_tile_engine (D = $procmux$2641_Y, Q = \majority_counts[16]).
Adding SRST signal on $procdff$5455 ($dff) from module xorflow_encoder_tile_engine (D = $procmux$2634_Y, Q = \majority_counts[17], rval = 6'000000).
Adding EN signal on $auto$ff.cc:266:slice$5616 ($sdff) from module xorflow_encoder_tile_engine (D = $procmux$2632_Y, Q = \majority_counts[17]).
Adding SRST signal on $procdff$5456 ($dff) from module xorflow_encoder_tile_engine (D = $procmux$2625_Y, Q = \majority_counts[18], rval = 6'000000).
Adding EN signal on $auto$ff.cc:266:slice$5618 ($sdff) from module xorflow_encoder_tile_engine (D = $procmux$2623_Y, Q = \majority_counts[18]).
Adding SRST signal on $procdff$5457 ($dff) from module xorflow_encoder_tile_engine (D = $procmux$2616_Y, Q = \majority_counts[19], rval = 6'000000).
Adding EN signal on $auto$ff.cc:266:slice$5620 ($sdff) from module xorflow_encoder_tile_engine (D = $procmux$2614_Y, Q = \majority_counts[19]).
Adding SRST signal on $procdff$5458 ($dff) from module xorflow_encoder_tile_engine (D = $procmux$2607_Y, Q = \majority_counts[20], rval = 6'000000).
Adding EN signal on $auto$ff.cc:266:slice$5622 ($sdff) from module xorflow_encoder_tile_engine (D = $procmux$2605_Y, Q = \majority_counts[20]).
Adding SRST signal on $procdff$5459 ($dff) from module xorflow_encoder_tile_engine (D = $procmux$2598_Y, Q = \majority_counts[21], rval = 6'000000).
Adding EN signal on $auto$ff.cc:266:slice$5624 ($sdff) from module xorflow_encoder_tile_engine (D = $procmux$2596_Y, Q = \majority_counts[21]).
Adding SRST signal on $procdff$5460 ($dff) from module xorflow_encoder_tile_engine (D = $procmux$2589_Y, Q = \majority_counts[22], rval = 6'000000).
Adding EN signal on $auto$ff.cc:266:slice$5626 ($sdff) from module xorflow_encoder_tile_engine (D = $procmux$2587_Y, Q = \majority_counts[22]).
Adding SRST signal on $procdff$5461 ($dff) from module xorflow_encoder_tile_engine (D = $procmux$2580_Y, Q = \majority_counts[23], rval = 6'000000).
Adding EN signal on $auto$ff.cc:266:slice$5628 ($sdff) from module xorflow_encoder_tile_engine (D = $procmux$2578_Y, Q = \majority_counts[23]).
Adding SRST signal on $procdff$5462 ($dff) from module xorflow_encoder_tile_engine (D = $procmux$2571_Y, Q = \majority_counts[24], rval = 6'000000).
Adding EN signal on $auto$ff.cc:266:slice$5630 ($sdff) from module xorflow_encoder_tile_engine (D = $procmux$2569_Y, Q = \majority_counts[24]).
Adding SRST signal on $procdff$5463 ($dff) from module xorflow_encoder_tile_engine (D = $procmux$2562_Y, Q = \majority_counts[25], rval = 6'000000).
Adding EN signal on $auto$ff.cc:266:slice$5632 ($sdff) from module xorflow_encoder_tile_engine (D = $procmux$2560_Y, Q = \majority_counts[25]).
Adding SRST signal on $procdff$5464 ($dff) from module xorflow_encoder_tile_engine (D = $procmux$2553_Y, Q = \majority_counts[26], rval = 6'000000).
Adding EN signal on $auto$ff.cc:266:slice$5634 ($sdff) from module xorflow_encoder_tile_engine (D = $procmux$2551_Y, Q = \majority_counts[26]).
Adding SRST signal on $procdff$5465 ($dff) from module xorflow_encoder_tile_engine (D = $procmux$2544_Y, Q = \majority_counts[27], rval = 6'000000).
Adding EN signal on $auto$ff.cc:266:slice$5636 ($sdff) from module xorflow_encoder_tile_engine (D = $procmux$2542_Y, Q = \majority_counts[27]).
Adding SRST signal on $procdff$5466 ($dff) from module xorflow_encoder_tile_engine (D = $procmux$2535_Y, Q = \majority_counts[28], rval = 6'000000).
Adding EN signal on $auto$ff.cc:266:slice$5638 ($sdff) from module xorflow_encoder_tile_engine (D = $procmux$2533_Y, Q = \majority_counts[28]).
Adding SRST signal on $procdff$5467 ($dff) from module xorflow_encoder_tile_engine (D = $procmux$2526_Y, Q = \majority_counts[29], rval = 6'000000).
Adding EN signal on $auto$ff.cc:266:slice$5640 ($sdff) from module xorflow_encoder_tile_engine (D = $procmux$2524_Y, Q = \majority_counts[29]).
Adding SRST signal on $procdff$5468 ($dff) from module xorflow_encoder_tile_engine (D = $procmux$2517_Y, Q = \majority_counts[30], rval = 6'000000).
Adding EN signal on $auto$ff.cc:266:slice$5642 ($sdff) from module xorflow_encoder_tile_engine (D = $procmux$2515_Y, Q = \majority_counts[30]).
Adding SRST signal on $procdff$5469 ($dff) from module xorflow_encoder_tile_engine (D = $procmux$2508_Y, Q = \majority_counts[31], rval = 6'000000).
Adding EN signal on $auto$ff.cc:266:slice$5644 ($sdff) from module xorflow_encoder_tile_engine (D = $procmux$2506_Y, Q = \majority_counts[31]).
Adding SRST signal on $procdff$5470 ($dff) from module xorflow_encoder_tile_engine (D = $procmux$2499_Y, Q = \majority_counts[32], rval = 6'000000).
Adding EN signal on $auto$ff.cc:266:slice$5646 ($sdff) from module xorflow_encoder_tile_engine (D = $procmux$2497_Y, Q = \majority_counts[32]).
Adding SRST signal on $procdff$5471 ($dff) from module xorflow_encoder_tile_engine (D = $procmux$2490_Y, Q = \majority_counts[33], rval = 6'000000).
Adding EN signal on $auto$ff.cc:266:slice$5648 ($sdff) from module xorflow_encoder_tile_engine (D = $procmux$2488_Y, Q = \majority_counts[33]).
Adding SRST signal on $procdff$5472 ($dff) from module xorflow_encoder_tile_engine (D = $procmux$2481_Y, Q = \majority_counts[34], rval = 6'000000).
Adding EN signal on $auto$ff.cc:266:slice$5650 ($sdff) from module xorflow_encoder_tile_engine (D = $procmux$2479_Y, Q = \majority_counts[34]).
Adding SRST signal on $procdff$5473 ($dff) from module xorflow_encoder_tile_engine (D = $procmux$2472_Y, Q = \majority_counts[35], rval = 6'000000).
Adding EN signal on $auto$ff.cc:266:slice$5652 ($sdff) from module xorflow_encoder_tile_engine (D = $procmux$2470_Y, Q = \majority_counts[35]).
Adding SRST signal on $procdff$5474 ($dff) from module xorflow_encoder_tile_engine (D = $procmux$2463_Y, Q = \majority_counts[36], rval = 6'000000).
Adding EN signal on $auto$ff.cc:266:slice$5654 ($sdff) from module xorflow_encoder_tile_engine (D = $procmux$2461_Y, Q = \majority_counts[36]).
Adding SRST signal on $procdff$5475 ($dff) from module xorflow_encoder_tile_engine (D = $procmux$2454_Y, Q = \majority_counts[37], rval = 6'000000).
Adding EN signal on $auto$ff.cc:266:slice$5656 ($sdff) from module xorflow_encoder_tile_engine (D = $procmux$2452_Y, Q = \majority_counts[37]).
Adding SRST signal on $procdff$5476 ($dff) from module xorflow_encoder_tile_engine (D = $procmux$2445_Y, Q = \majority_counts[38], rval = 6'000000).
Adding EN signal on $auto$ff.cc:266:slice$5658 ($sdff) from module xorflow_encoder_tile_engine (D = $procmux$2443_Y, Q = \majority_counts[38]).
Adding SRST signal on $procdff$5477 ($dff) from module xorflow_encoder_tile_engine (D = $procmux$2436_Y, Q = \majority_counts[39], rval = 6'000000).
Adding EN signal on $auto$ff.cc:266:slice$5660 ($sdff) from module xorflow_encoder_tile_engine (D = $procmux$2434_Y, Q = \majority_counts[39]).
Adding SRST signal on $procdff$5478 ($dff) from module xorflow_encoder_tile_engine (D = $procmux$2427_Y, Q = \majority_counts[40], rval = 6'000000).
Adding EN signal on $auto$ff.cc:266:slice$5662 ($sdff) from module xorflow_encoder_tile_engine (D = $procmux$2425_Y, Q = \majority_counts[40]).
Adding SRST signal on $procdff$5479 ($dff) from module xorflow_encoder_tile_engine (D = $procmux$2418_Y, Q = \majority_counts[41], rval = 6'000000).
Adding EN signal on $auto$ff.cc:266:slice$5664 ($sdff) from module xorflow_encoder_tile_engine (D = $procmux$2416_Y, Q = \majority_counts[41]).
Adding SRST signal on $procdff$5480 ($dff) from module xorflow_encoder_tile_engine (D = $procmux$2409_Y, Q = \majority_counts[42], rval = 6'000000).
Adding EN signal on $auto$ff.cc:266:slice$5666 ($sdff) from module xorflow_encoder_tile_engine (D = $procmux$2407_Y, Q = \majority_counts[42]).
Adding SRST signal on $procdff$5481 ($dff) from module xorflow_encoder_tile_engine (D = $procmux$2400_Y, Q = \majority_counts[43], rval = 6'000000).
Adding EN signal on $auto$ff.cc:266:slice$5668 ($sdff) from module xorflow_encoder_tile_engine (D = $procmux$2398_Y, Q = \majority_counts[43]).
Adding SRST signal on $procdff$5501 ($dff) from module xorflow_encoder_tile_engine (D = $procmux$2220_Y, Q = \majority_counts[63], rval = 6'000000).
Adding EN signal on $auto$ff.cc:266:slice$5670 ($sdff) from module xorflow_encoder_tile_engine (D = $procmux$2218_Y, Q = \majority_counts[63]).

4.7. Executing OPT_CLEAN pass (remove unused cells and wires).
Finding unused cells or wires in module \xorflow_encoder_tile_engine..
Removed 172 unused cells and 3357 unused wires.
<suppressed ~307 debug messages>

4.8. Executing OPT_EXPR pass (perform const folding).
Optimizing module xorflow_encoder_tile_engine.
<suppressed ~3 debug messages>

4.9. Rerunning OPT passes. (Maybe there is more to do..)

4.10. Executing OPT_MUXTREE pass (detect dead branches in mux trees).
Running muxtree optimizer on module \xorflow_encoder_tile_engine..
  Creating internal representation of mux trees.
  Evaluating internal representation of mux trees.
  Analyzing evaluation results.
Removed 0 multiplexer ports.
<suppressed ~198 debug messages>

4.11. Executing OPT_REDUCE pass (consolidate $*mux and $reduce_* inputs).
  Optimizing cells in module \xorflow_encoder_tile_engine.
Performed a total of 0 changes.

4.12. Executing OPT_MERGE pass (detect identical cells).
Finding identical cells in module `\xorflow_encoder_tile_engine'.
Removed a total of 0 cells.

4.13. Executing OPT_DFF pass (perform DFF optimizations).

4.14. Executing OPT_CLEAN pass (remove unused cells and wires).
Finding unused cells or wires in module \xorflow_encoder_tile_engine..
Removed 2 unused cells and 4 unused wires.
<suppressed ~3 debug messages>

4.15. Executing OPT_EXPR pass (perform const folding).
Optimizing module xorflow_encoder_tile_engine.

4.16. Rerunning OPT passes. (Maybe there is more to do..)

4.17. Executing OPT_MUXTREE pass (detect dead branches in mux trees).
Running muxtree optimizer on module \xorflow_encoder_tile_engine..
  Creating internal representation of mux trees.
  Evaluating internal representation of mux trees.
  Analyzing evaluation results.
Removed 0 multiplexer ports.
<suppressed ~198 debug messages>

4.18. Executing OPT_REDUCE pass (consolidate $*mux and $reduce_* inputs).
  Optimizing cells in module \xorflow_encoder_tile_engine.
Performed a total of 0 changes.

4.19. Executing OPT_MERGE pass (detect identical cells).
Finding identical cells in module `\xorflow_encoder_tile_engine'.
Removed a total of 0 cells.

4.20. Executing OPT_DFF pass (perform DFF optimizations).

4.21. Executing OPT_CLEAN pass (remove unused cells and wires).
Finding unused cells or wires in module \xorflow_encoder_tile_engine..

4.22. Executing OPT_EXPR pass (perform const folding).
Optimizing module xorflow_encoder_tile_engine.

4.23. Finished OPT passes. (There is nothing left to do.)

5. Executing TECHMAP pass (map to technology primitives).

5.1. Executing Verilog-2005 frontend: /usr/bin/../share/yosys/techmap.v
Parsing Verilog input from `/usr/bin/../share/yosys/techmap.v' to AST representation.
Generating RTLIL representation for module `\_90_simplemap_bool_ops'.
Generating RTLIL representation for module `\_90_simplemap_reduce_ops'.
Generating RTLIL representation for module `\_90_simplemap_logic_ops'.
Generating RTLIL representation for module `\_90_simplemap_compare_ops'.
Generating RTLIL representation for module `\_90_simplemap_various'.
Generating RTLIL representation for module `\_90_simplemap_registers'.
Generating RTLIL representation for module `\_90_shift_ops_shr_shl_sshl_sshr'.
Generating RTLIL representation for module `\_90_shift_shiftx'.
Generating RTLIL representation for module `\_90_fa'.
Generating RTLIL representation for module `\_90_lcu'.
Generating RTLIL representation for module `\_90_alu'.
Generating RTLIL representation for module `\_90_macc'.
Generating RTLIL representation for module `\_90_alumacc'.
Generating RTLIL representation for module `\$__div_mod_u'.
Generating RTLIL representation for module `\$__div_mod_trunc'.
Generating RTLIL representation for module `\_90_div'.
Generating RTLIL representation for module `\_90_mod'.
Generating RTLIL representation for module `\$__div_mod_floor'.
Generating RTLIL representation for module `\_90_divfloor'.
Generating RTLIL representation for module `\_90_modfloor'.
Generating RTLIL representation for module `\_90_pow'.
Generating RTLIL representation for module `\_90_pmux'.
Generating RTLIL representation for module `\_90_demux'.
Generating RTLIL representation for module `\_90_lut'.
Successfully finished Verilog frontend.

5.2. Continuing TECHMAP pass.
Using extmapper simplemap for cells of type $mux.
Using extmapper simplemap for cells of type $reduce_bool.
Using extmapper simplemap for cells of type $not.
Using extmapper simplemap for cells of type $or.
Using extmapper simplemap for cells of type $xor.
Running "alumacc" on wrapper $extern:wrap:$lt:A_SIGNED=0:A_WIDTH=7:B_SIGNED=0:B_WIDTH=32:Y_WIDTH=1:394426c56d1a028ba8fdd5469b163e04011def47.
Using template $extern:wrap:$lt:A_SIGNED=0:A_WIDTH=7:B_SIGNED=0:B_WIDTH=32:Y_WIDTH=1:394426c56d1a028ba8fdd5469b163e04011def47 for cells of type $extern:wrap:$lt:A_SIGNED=0:A_WIDTH=7:B_SIGNED=0:B_WIDTH=32:Y_WIDTH=1:394426c56d1a028ba8fdd5469b163e04011def47.
Running "alumacc" on wrapper $extern:wrap:$mul:A_SIGNED=0:A_WIDTH=7:B_SIGNED=0:B_WIDTH=31:Y_WIDTH=31:394426c56d1a028ba8fdd5469b163e04011def47.
Using template $extern:wrap:$mul:A_SIGNED=0:A_WIDTH=7:B_SIGNED=0:B_WIDTH=31:Y_WIDTH=31:394426c56d1a028ba8fdd5469b163e04011def47 for cells of type $extern:wrap:$mul:A_SIGNED=0:A_WIDTH=7:B_SIGNED=0:B_WIDTH=31:Y_WIDTH=31:394426c56d1a028ba8fdd5469b163e04011def47.
Running "alumacc" on wrapper $extern:wrap:$neg:A_SIGNED=1:A_WIDTH=33:Y_WIDTH=33:394426c56d1a028ba8fdd5469b163e04011def47.
Using template $extern:wrap:$neg:A_SIGNED=1:A_WIDTH=33:Y_WIDTH=33:394426c56d1a028ba8fdd5469b163e04011def47 for cells of type $extern:wrap:$neg:A_SIGNED=1:A_WIDTH=33:Y_WIDTH=33:394426c56d1a028ba8fdd5469b163e04011def47.
Using template $paramod$constmap:0be6ee0ec1e7023ee17ced113c9cc4eab761e1e1$paramod$ddb301cfe28f3df0e42a2fb2f287572ea3f4d7bf\_90_shift_shiftx for cells of type $shift.
Running "alumacc" on wrapper $extern:wrap:$add:A_SIGNED=0:A_WIDTH=7:B_SIGNED=0:B_WIDTH=1:Y_WIDTH=7:394426c56d1a028ba8fdd5469b163e04011def47.
Using template $extern:wrap:$add:A_SIGNED=0:A_WIDTH=7:B_SIGNED=0:B_WIDTH=1:Y_WIDTH=7:394426c56d1a028ba8fdd5469b163e04011def47 for cells of type $extern:wrap:$add:A_SIGNED=0:A_WIDTH=7:B_SIGNED=0:B_WIDTH=1:Y_WIDTH=7:394426c56d1a028ba8fdd5469b163e04011def47.
Using template $paramod$constmap:4b349e5fdaa0687273897ae21f44cfa3ffd5a7d0$paramod$1f2a53c81288c8960da730838233c3574678ca79\_90_shift_shiftx for cells of type $shift.
Using template $paramod$constmap:d9b3833e7396358c52592d121f76e5992f069f1f$paramod$c6d3225b194766a9ef043dcd116c04d68f4a44d9\_90_shift_shiftx for cells of type $shift.
Using extmapper simplemap for cells of type $and.
Analyzing pattern of constant bits for this cell:
  Constant input on bit 0 of port A: 1'1
  Constant input on bit 1 of port A: 1'1
Creating constmapped module `$paramod$constmap:63e698df2fa3e8ac4fa33b8ba7882f909c8d0625$paramod$c6d3225b194766a9ef043dcd116c04d68f4a44d9\_90_shift_shiftx'.

5.26. Executing OPT_MUXTREE pass (detect dead branches in mux trees).
Running muxtree optimizer on module $paramod$constmap:63e698df2fa3e8ac4fa33b8ba7882f909c8d0625$paramod$c6d3225b194766a9ef043dcd116c04d68f4a44d9\_90_shift_shiftx..
  Creating internal representation of mux trees.
  Evaluating internal representation of mux trees.
  Analyzing evaluation results.
    dead port 2/2 on $mux $procmux$6240.
    dead port 2/2 on $mux $procmux$6234.
    dead port 2/2 on $mux $procmux$6228.
    dead port 2/2 on $mux $procmux$6222.
    dead port 2/2 on $mux $procmux$6216.
    dead port 2/2 on $mux $procmux$6210.
    dead port 2/2 on $mux $procmux$6204.
Removed 7 multiplexer ports.
<suppressed ~893 debug messages>

5.27. Executing OPT_EXPR pass (perform const folding).
Optimizing module $paramod$constmap:63e698df2fa3e8ac4fa33b8ba7882f909c8d0625$paramod$c6d3225b194766a9ef043dcd116c04d68f4a44d9\_90_shift_shiftx.
<suppressed ~27 debug messages>
Removed 0 unused cells and 12 unused wires.
Using template $paramod$constmap:63e698df2fa3e8ac4fa33b8ba7882f909c8d0625$paramod$c6d3225b194766a9ef043dcd116c04d68f4a44d9\_90_shift_shiftx for cells of type $shift.
Using template $paramod$constmap:5bd18b61e03f60f8c8e7ac303e9a200ac9f879ba$paramod$abaf66b56e8a7d3038e221360bbc5fcb0d57d675\_90_shift_shiftx for cells of type $shift.
Analyzing pattern of constant bits for this cell:
  Constant input on bit 0 of port A: 1'1
  Constant input on bit 1 of port A: 1'0
  Constant input on bit 2 of port A: 1'1
Creating constmapped module `$paramod$constmap:c08905e8b0c9b80dfd06a553da67b6f500d6721a$paramod$abaf66b56e8a7d3038e221360bbc5fcb0d57d675\_90_shift_shiftx'.

5.33. Executing OPT_MUXTREE pass (detect dead branches in mux trees).
Running muxtree optimizer on module $paramod$constmap:c08905e8b0c9b80dfd06a553da67b6f500d6721a$paramod$abaf66b56e8a7d3038e221360bbc5fcb0d57d675\_90_shift_shiftx..
  Creating internal representation of mux trees.
  Evaluating internal representation of mux trees.
  Analyzing evaluation results.
    dead port 2/2 on $mux $procmux$6778.
    dead port 2/2 on $mux $procmux$6772.
    dead port 2/2 on $mux $procmux$6766.
    dead port 2/2 on $mux $procmux$6760.
    dead port 2/2 on $mux $procmux$6754.
    dead port 2/2 on $mux $procmux$6748.
    dead port 2/2 on $mux $procmux$6742.
Removed 7 multiplexer ports.
<suppressed ~274 debug messages>

5.34. Executing OPT_EXPR pass (perform const folding).
Optimizing module $paramod$constmap:c08905e8b0c9b80dfd06a553da67b6f500d6721a$paramod$abaf66b56e8a7d3038e221360bbc5fcb0d57d675\_90_shift_shiftx.
<suppressed ~27 debug messages>
Removed 0 unused cells and 12 unused wires.
Using template $paramod$constmap:c08905e8b0c9b80dfd06a553da67b6f500d6721a$paramod$abaf66b56e8a7d3038e221360bbc5fcb0d57d675\_90_shift_shiftx for cells of type $shift.
Analyzing pattern of constant bits for this cell:
  Constant input on bit 0 of port A: 1'0
  Constant input on bit 1 of port A: 1'1
  Constant input on bit 2 of port A: 1'1
Creating constmapped module `$paramod$constmap:1cb71264952a1ff2d1422212cc8a808f8b6067ef$paramod$abaf66b56e8a7d3038e221360bbc5fcb0d57d675\_90_shift_shiftx'.

5.35. Executing OPT_MUXTREE pass (detect dead branches in mux trees).
Running muxtree optimizer on module $paramod$constmap:1cb71264952a1ff2d1422212cc8a808f8b6067ef$paramod$abaf66b56e8a7d3038e221360bbc5fcb0d57d675\_90_shift_shiftx..
  Creating internal representation of mux trees.
  Evaluating internal representation of mux trees.
  Analyzing evaluation results.
    dead port 2/2 on $mux $procmux$6778.
    dead port 2/2 on $mux $procmux$6772.
    dead port 2/2 on $mux $procmux$6766.
    dead port 2/2 on $mux $procmux$6760.
    dead port 2/2 on $mux $procmux$6754.
    dead port 2/2 on $mux $procmux$6748.
    dead port 2/2 on $mux $procmux$6742.
Removed 7 multiplexer ports.
<suppressed ~26 debug messages>

5.36. Executing OPT_EXPR pass (perform const folding).
Optimizing module $paramod$constmap:1cb71264952a1ff2d1422212cc8a808f8b6067ef$paramod$abaf66b56e8a7d3038e221360bbc5fcb0d57d675\_90_shift_shiftx.
<suppressed ~27 debug messages>
Removed 0 unused cells and 12 unused wires.
Using template $paramod$constmap:1cb71264952a1ff2d1422212cc8a808f8b6067ef$paramod$abaf66b56e8a7d3038e221360bbc5fcb0d57d675\_90_shift_shiftx for cells of type $shift.
Analyzing pattern of constant bits for this cell:
  Constant input on bit 0 of port A: 1'1
  Constant input on bit 1 of port A: 1'1
  Constant input on bit 2 of port A: 1'1
Creating constmapped module `$paramod$constmap:824e4341ebf9d3da866a3ba780d3ab37d5c68767$paramod$abaf66b56e8a7d3038e221360bbc5fcb0d57d675\_90_shift_shiftx'.

5.37. Executing OPT_MUXTREE pass (detect dead branches in mux trees).
Running muxtree optimizer on module $paramod$constmap:824e4341ebf9d3da866a3ba780d3ab37d5c68767$paramod$abaf66b56e8a7d3038e221360bbc5fcb0d57d675\_90_shift_shiftx..
  Creating internal representation of mux trees.
  Evaluating internal representation of mux trees.
  Analyzing evaluation results.
    dead port 2/2 on $mux $procmux$6778.
    dead port 2/2 on $mux $procmux$6772.
    dead port 2/2 on $mux $procmux$6766.
    dead port 2/2 on $mux $procmux$6760.
    dead port 2/2 on $mux $procmux$6754.
    dead port 2/2 on $mux $procmux$6748.
    dead port 2/2 on $mux $procmux$6742.
Removed 7 multiplexer ports.
<suppressed ~26 debug messages>

5.38. Executing OPT_EXPR pass (perform const folding).
Optimizing module $paramod$constmap:824e4341ebf9d3da866a3ba780d3ab37d5c68767$paramod$abaf66b56e8a7d3038e221360bbc5fcb0d57d675\_90_shift_shiftx.
<suppressed ~27 debug messages>
Removed 0 unused cells and 12 unused wires.
Using template $paramod$constmap:824e4341ebf9d3da866a3ba780d3ab37d5c68767$paramod$abaf66b56e8a7d3038e221360bbc5fcb0d57d675\_90_shift_shiftx for cells of type $shift.
Using template $paramod$constmap:ce50d9de470102aaff54dceab8a3e7ad9cfa8ea4$paramod$6d5823b9a10ad3d04f878a7a7a0bc917b4f11936\_90_shift_shiftx for cells of type $shift.
Analyzing pattern of constant bits for this cell:
  Constant input on bit 0 of port A: 1'1
  Constant input on bit 1 of port A: 1'0
  Constant input on bit 2 of port A: 1'0
  Constant input on bit 3 of port A: 1'1
Creating constmapped module `$paramod$constmap:c476c3b2dd1c050f128ad79ccd3c8569369d0d50$paramod$6d5823b9a10ad3d04f878a7a7a0bc917b4f11936\_90_shift_shiftx'.

5.44. Executing OPT_MUXTREE pass (detect dead branches in mux trees).
Running muxtree optimizer on module $paramod$constmap:c476c3b2dd1c050f128ad79ccd3c8569369d0d50$paramod$6d5823b9a10ad3d04f878a7a7a0bc917b4f11936\_90_shift_shiftx..
  Creating internal representation of mux trees.
  Evaluating internal representation of mux trees.
  Analyzing evaluation results.
    dead port 2/2 on $mux $procmux$7704.
    dead port 2/2 on $mux $procmux$7698.
    dead port 2/2 on $mux $procmux$7692.
    dead port 2/2 on $mux $procmux$7686.
    dead port 2/2 on $mux $procmux$7680.
    dead port 2/2 on $mux $procmux$7674.
    dead port 2/2 on $mux $procmux$7668.
Removed 7 multiplexer ports.
<suppressed ~275 debug messages>

5.45. Executing OPT_EXPR pass (perform const folding).
Optimizing module $paramod$constmap:c476c3b2dd1c050f128ad79ccd3c8569369d0d50$paramod$6d5823b9a10ad3d04f878a7a7a0bc917b4f11936\_90_shift_shiftx.
<suppressed ~27 debug messages>
Removed 0 unused cells and 12 unused wires.
Using template $paramod$constmap:c476c3b2dd1c050f128ad79ccd3c8569369d0d50$paramod$6d5823b9a10ad3d04f878a7a7a0bc917b4f11936\_90_shift_shiftx for cells of type $shift.
Analyzing pattern of constant bits for this cell:
  Constant input on bit 0 of port A: 1'0
  Constant input on bit 1 of port A: 1'1
  Constant input on bit 2 of port A: 1'0
  Constant input on bit 3 of port A: 1'1
Creating constmapped module `$paramod$constmap:ac131df9d4e4317598bcd35c93baaa4183c77ac4$paramod$6d5823b9a10ad3d04f878a7a7a0bc917b4f11936\_90_shift_shiftx'.

5.46. Executing OPT_MUXTREE pass (detect dead branches in mux trees).
Running muxtree optimizer on module $paramod$constmap:ac131df9d4e4317598bcd35c93baaa4183c77ac4$paramod$6d5823b9a10ad3d04f878a7a7a0bc917b4f11936\_90_shift_shiftx..
  Creating internal representation of mux trees.
  Evaluating internal representation of mux trees.
  Analyzing evaluation results.
    dead port 2/2 on $mux $procmux$7704.
    dead port 2/2 on $mux $procmux$7698.
    dead port 2/2 on $mux $procmux$7692.
    dead port 2/2 on $mux $procmux$7686.
    dead port 2/2 on $mux $procmux$7680.
    dead port 2/2 on $mux $procmux$7674.
    dead port 2/2 on $mux $procmux$7668.
Removed 7 multiplexer ports.
<suppressed ~26 debug messages>

5.47. Executing OPT_EXPR pass (perform const folding).
Optimizing module $paramod$constmap:ac131df9d4e4317598bcd35c93baaa4183c77ac4$paramod$6d5823b9a10ad3d04f878a7a7a0bc917b4f11936\_90_shift_shiftx.
<suppressed ~27 debug messages>
Removed 0 unused cells and 12 unused wires.
Using template $paramod$constmap:ac131df9d4e4317598bcd35c93baaa4183c77ac4$paramod$6d5823b9a10ad3d04f878a7a7a0bc917b4f11936\_90_shift_shiftx for cells of type $shift.
Analyzing pattern of constant bits for this cell:
  Constant input on bit 0 of port A: 1'1
  Constant input on bit 1 of port A: 1'1
  Constant input on bit 2 of port A: 1'0
  Constant input on bit 3 of port A: 1'1
Creating constmapped module `$paramod$constmap:837ac473f5615ea42b95de092e141924c2582d92$paramod$6d5823b9a10ad3d04f878a7a7a0bc917b4f11936\_90_shift_shiftx'.

5.48. Executing OPT_MUXTREE pass (detect dead branches in mux trees).
Running muxtree optimizer on module $paramod$constmap:837ac473f5615ea42b95de092e141924c2582d92$paramod$6d5823b9a10ad3d04f878a7a7a0bc917b4f11936\_90_shift_shiftx..
  Creating internal representation of mux trees.
  Evaluating internal representation of mux trees.
  Analyzing evaluation results.
    dead port 2/2 on $mux $procmux$7704.
    dead port 2/2 on $mux $procmux$7698.
    dead port 2/2 on $mux $procmux$7692.
    dead port 2/2 on $mux $procmux$7686.
    dead port 2/2 on $mux $procmux$7680.
    dead port 2/2 on $mux $procmux$7674.
    dead port 2/2 on $mux $procmux$7668.
Removed 7 multiplexer ports.
<suppressed ~26 debug messages>

5.49. Executing OPT_EXPR pass (perform const folding).
Optimizing module $paramod$constmap:837ac473f5615ea42b95de092e141924c2582d92$paramod$6d5823b9a10ad3d04f878a7a7a0bc917b4f11936\_90_shift_shiftx.
<suppressed ~27 debug messages>
Removed 0 unused cells and 12 unused wires.
Using template $paramod$constmap:837ac473f5615ea42b95de092e141924c2582d92$paramod$6d5823b9a10ad3d04f878a7a7a0bc917b4f11936\_90_shift_shiftx for cells of type $shift.
Analyzing pattern of constant bits for this cell:
  Constant input on bit 0 of port A: 1'0
  Constant input on bit 1 of port A: 1'0
  Constant input on bit 2 of port A: 1'1
  Constant input on bit 3 of port A: 1'1
Creating constmapped module `$paramod$constmap:c459e33f88be2fe08d6c86a292dbe0851b57bcf8$paramod$6d5823b9a10ad3d04f878a7a7a0bc917b4f11936\_90_shift_shiftx'.

5.50. Executing OPT_MUXTREE pass (detect dead branches in mux trees).
Running muxtree optimizer on module $paramod$constmap:c459e33f88be2fe08d6c86a292dbe0851b57bcf8$paramod$6d5823b9a10ad3d04f878a7a7a0bc917b4f11936\_90_shift_shiftx..
  Creating internal representation of mux trees.
  Evaluating internal representation of mux trees.
  Analyzing evaluation results.
    dead port 2/2 on $mux $procmux$7704.
    dead port 2/2 on $mux $procmux$7698.
    dead port 2/2 on $mux $procmux$7692.
    dead port 2/2 on $mux $procmux$7686.
    dead port 2/2 on $mux $procmux$7680.
    dead port 2/2 on $mux $procmux$7674.
    dead port 2/2 on $mux $procmux$7668.
Removed 7 multiplexer ports.
<suppressed ~26 debug messages>

5.51. Executing OPT_EXPR pass (perform const folding).
Optimizing module $paramod$constmap:c459e33f88be2fe08d6c86a292dbe0851b57bcf8$paramod$6d5823b9a10ad3d04f878a7a7a0bc917b4f11936\_90_shift_shiftx.
<suppressed ~27 debug messages>
Removed 0 unused cells and 12 unused wires.
Using template $paramod$constmap:c459e33f88be2fe08d6c86a292dbe0851b57bcf8$paramod$6d5823b9a10ad3d04f878a7a7a0bc917b4f11936\_90_shift_shiftx for cells of type $shift.
Analyzing pattern of constant bits for this cell:
  Constant input on bit 0 of port A: 1'1
  Constant input on bit 1 of port A: 1'0
  Constant input on bit 2 of port A: 1'1
  Constant input on bit 3 of port A: 1'1
Creating constmapped module `$paramod$constmap:ea0ec6af4db56dff3fec3995d01062b3317f0d97$paramod$6d5823b9a10ad3d04f878a7a7a0bc917b4f11936\_90_shift_shiftx'.

5.52. Executing OPT_MUXTREE pass (detect dead branches in mux trees).
Running muxtree optimizer on module $paramod$constmap:ea0ec6af4db56dff3fec3995d01062b3317f0d97$paramod$6d5823b9a10ad3d04f878a7a7a0bc917b4f11936\_90_shift_shiftx..
  Creating internal representation of mux trees.
  Evaluating internal representation of mux trees.
  Analyzing evaluation results.
    dead port 2/2 on $mux $procmux$7704.
    dead port 2/2 on $mux $procmux$7698.
    dead port 2/2 on $mux $procmux$7692.
    dead port 2/2 on $mux $procmux$7686.
    dead port 2/2 on $mux $procmux$7680.
    dead port 2/2 on $mux $procmux$7674.
    dead port 2/2 on $mux $procmux$7668.
Removed 7 multiplexer ports.
<suppressed ~26 debug messages>

5.53. Executing OPT_EXPR pass (perform const folding).
Optimizing module $paramod$constmap:ea0ec6af4db56dff3fec3995d01062b3317f0d97$paramod$6d5823b9a10ad3d04f878a7a7a0bc917b4f11936\_90_shift_shiftx.
<suppressed ~27 debug messages>
Removed 0 unused cells and 12 unused wires.
Using template $paramod$constmap:ea0ec6af4db56dff3fec3995d01062b3317f0d97$paramod$6d5823b9a10ad3d04f878a7a7a0bc917b4f11936\_90_shift_shiftx for cells of type $shift.
Analyzing pattern of constant bits for this cell:
  Constant input on bit 0 of port A: 1'0
  Constant input on bit 1 of port A: 1'1
  Constant input on bit 2 of port A: 1'1
  Constant input on bit 3 of port A: 1'1
Creating constmapped module `$paramod$constmap:cdeca367458d2a6e502b2f6e01011fb4804aba7b$paramod$6d5823b9a10ad3d04f878a7a7a0bc917b4f11936\_90_shift_shiftx'.

5.54. Executing OPT_MUXTREE pass (detect dead branches in mux trees).
Running muxtree optimizer on module $paramod$constmap:cdeca367458d2a6e502b2f6e01011fb4804aba7b$paramod$6d5823b9a10ad3d04f878a7a7a0bc917b4f11936\_90_shift_shiftx..
  Creating internal representation of mux trees.
  Evaluating internal representation of mux trees.
  Analyzing evaluation results.
    dead port 2/2 on $mux $procmux$7704.
    dead port 2/2 on $mux $procmux$7698.
    dead port 2/2 on $mux $procmux$7692.
    dead port 2/2 on $mux $procmux$7686.
    dead port 2/2 on $mux $procmux$7680.
    dead port 2/2 on $mux $procmux$7674.
    dead port 2/2 on $mux $procmux$7668.
Removed 7 multiplexer ports.
<suppressed ~26 debug messages>

5.55. Executing OPT_EXPR pass (perform const folding).
Optimizing module $paramod$constmap:cdeca367458d2a6e502b2f6e01011fb4804aba7b$paramod$6d5823b9a10ad3d04f878a7a7a0bc917b4f11936\_90_shift_shiftx.
<suppressed ~27 debug messages>
Removed 0 unused cells and 12 unused wires.
Using template $paramod$constmap:cdeca367458d2a6e502b2f6e01011fb4804aba7b$paramod$6d5823b9a10ad3d04f878a7a7a0bc917b4f11936\_90_shift_shiftx for cells of type $shift.
Analyzing pattern of constant bits for this cell:
  Constant input on bit 0 of port A: 1'1
  Constant input on bit 1 of port A: 1'1
  Constant input on bit 2 of port A: 1'1
  Constant input on bit 3 of port A: 1'1
Creating constmapped module `$paramod$constmap:77aad57a30398e2054bc6479345c334ee5bd2352$paramod$6d5823b9a10ad3d04f878a7a7a0bc917b4f11936\_90_shift_shiftx'.

5.56. Executing OPT_MUXTREE pass (detect dead branches in mux trees).
Running muxtree optimizer on module $paramod$constmap:77aad57a30398e2054bc6479345c334ee5bd2352$paramod$6d5823b9a10ad3d04f878a7a7a0bc917b4f11936\_90_shift_shiftx..
  Creating internal representation of mux trees.
  Evaluating internal representation of mux trees.
  Analyzing evaluation results.
    dead port 2/2 on $mux $procmux$7704.
    dead port 2/2 on $mux $procmux$7698.
    dead port 2/2 on $mux $procmux$7692.
    dead port 2/2 on $mux $procmux$7686.
    dead port 2/2 on $mux $procmux$7680.
    dead port 2/2 on $mux $procmux$7674.
    dead port 2/2 on $mux $procmux$7668.
Removed 7 multiplexer ports.
<suppressed ~26 debug messages>

5.57. Executing OPT_EXPR pass (perform const folding).
Optimizing module $paramod$constmap:77aad57a30398e2054bc6479345c334ee5bd2352$paramod$6d5823b9a10ad3d04f878a7a7a0bc917b4f11936\_90_shift_shiftx.
<suppressed ~27 debug messages>
Removed 0 unused cells and 12 unused wires.
Using template $paramod$constmap:77aad57a30398e2054bc6479345c334ee5bd2352$paramod$6d5823b9a10ad3d04f878a7a7a0bc917b4f11936\_90_shift_shiftx for cells of type $shift.
Using template $paramod$constmap:c243e55f6338fc55e12d675e62a5ac822eacd5b5$paramod$2c37104c560c20f12121de5fb19ab6dfae1bb003\_90_shift_shiftx for cells of type $shift.
Analyzing pattern of constant bits for this cell:
  Constant input on bit 0 of port A: 1'1
  Constant input on bit 1 of port A: 1'0
  Constant input on bit 2 of port A: 1'0
  Constant input on bit 3 of port A: 1'0
  Constant input on bit 4 of port A: 1'1
Creating constmapped module `$paramod$constmap:427b291db99997c4f6c4bc50f6bffa06da1285d3$paramod$2c37104c560c20f12121de5fb19ab6dfae1bb003\_90_shift_shiftx'.

5.63. Executing OPT_MUXTREE pass (detect dead branches in mux trees).
Running muxtree optimizer on module $paramod$constmap:427b291db99997c4f6c4bc50f6bffa06da1285d3$paramod$2c37104c560c20f12121de5fb19ab6dfae1bb003\_90_shift_shiftx..
  Creating internal representation of mux trees.
  Evaluating internal representation of mux trees.
  Analyzing evaluation results.
    dead port 2/2 on $mux $procmux$9406.
    dead port 2/2 on $mux $procmux$9400.
    dead port 2/2 on $mux $procmux$9394.
    dead port 2/2 on $mux $procmux$9388.
    dead port 2/2 on $mux $procmux$9382.
    dead port 2/2 on $mux $procmux$9376.
    dead port 2/2 on $mux $procmux$9370.
Removed 7 multiplexer ports.
<suppressed ~276 debug messages>

5.64. Executing OPT_EXPR pass (perform const folding).
Optimizing module $paramod$constmap:427b291db99997c4f6c4bc50f6bffa06da1285d3$paramod$2c37104c560c20f12121de5fb19ab6dfae1bb003\_90_shift_shiftx.
<suppressed ~27 debug messages>
Removed 0 unused cells and 12 unused wires.
Using template $paramod$constmap:427b291db99997c4f6c4bc50f6bffa06da1285d3$paramod$2c37104c560c20f12121de5fb19ab6dfae1bb003\_90_shift_shiftx for cells of type $shift.
Analyzing pattern of constant bits for this cell:
  Constant input on bit 0 of port A: 1'0
  Constant input on bit 1 of port A: 1'1
  Constant input on bit 2 of port A: 1'0
  Constant input on bit 3 of port A: 1'0
  Constant input on bit 4 of port A: 1'1
Creating constmapped module `$paramod$constmap:06d2e8e2840fb2ddc3a4494340dcffa45a0b9b5c$paramod$2c37104c560c20f12121de5fb19ab6dfae1bb003\_90_shift_shiftx'.

5.65. Executing OPT_MUXTREE pass (detect dead branches in mux trees).
Running muxtree optimizer on module $paramod$constmap:06d2e8e2840fb2ddc3a4494340dcffa45a0b9b5c$paramod$2c37104c560c20f12121de5fb19ab6dfae1bb003\_90_shift_shiftx..
  Creating internal representation of mux trees.
  Evaluating internal representation of mux trees.
  Analyzing evaluation results.
    dead port 2/2 on $mux $procmux$9406.
    dead port 2/2 on $mux $procmux$9400.
    dead port 2/2 on $mux $procmux$9394.
    dead port 2/2 on $mux $procmux$9388.
    dead port 2/2 on $mux $procmux$9382.
    dead port 2/2 on $mux $procmux$9376.
    dead port 2/2 on $mux $procmux$9370.
Removed 7 multiplexer ports.
<suppressed ~26 debug messages>

5.66. Executing OPT_EXPR pass (perform const folding).
Optimizing module $paramod$constmap:06d2e8e2840fb2ddc3a4494340dcffa45a0b9b5c$paramod$2c37104c560c20f12121de5fb19ab6dfae1bb003\_90_shift_shiftx.
<suppressed ~27 debug messages>
Removed 0 unused cells and 12 unused wires.
Using template $paramod$constmap:06d2e8e2840fb2ddc3a4494340dcffa45a0b9b5c$paramod$2c37104c560c20f12121de5fb19ab6dfae1bb003\_90_shift_shiftx for cells of type $shift.
Analyzing pattern of constant bits for this cell:
  Constant input on bit 0 of port A: 1'1
  Constant input on bit 1 of port A: 1'1
  Constant input on bit 2 of port A: 1'0
  Constant input on bit 3 of port A: 1'0
  Constant input on bit 4 of port A: 1'1
Creating constmapped module `$paramod$constmap:b26d85c61f41f73bb115f69c97c23d23c0530be5$paramod$2c37104c560c20f12121de5fb19ab6dfae1bb003\_90_shift_shiftx'.

5.67. Executing OPT_MUXTREE pass (detect dead branches in mux trees).
Running muxtree optimizer on module $paramod$constmap:b26d85c61f41f73bb115f69c97c23d23c0530be5$paramod$2c37104c560c20f12121de5fb19ab6dfae1bb003\_90_shift_shiftx..
  Creating internal representation of mux trees.
  Evaluating internal representation of mux trees.
  Analyzing evaluation results.
    dead port 2/2 on $mux $procmux$9406.
    dead port 2/2 on $mux $procmux$9400.
    dead port 2/2 on $mux $procmux$9394.
    dead port 2/2 on $mux $procmux$9388.
    dead port 2/2 on $mux $procmux$9382.
    dead port 2/2 on $mux $procmux$9376.
    dead port 2/2 on $mux $procmux$9370.
Removed 7 multiplexer ports.
<suppressed ~26 debug messages>

5.68. Executing OPT_EXPR pass (perform const folding).
Optimizing module $paramod$constmap:b26d85c61f41f73bb115f69c97c23d23c0530be5$paramod$2c37104c560c20f12121de5fb19ab6dfae1bb003\_90_shift_shiftx.
<suppressed ~27 debug messages>
Removed 0 unused cells and 12 unused wires.
Using template $paramod$constmap:b26d85c61f41f73bb115f69c97c23d23c0530be5$paramod$2c37104c560c20f12121de5fb19ab6dfae1bb003\_90_shift_shiftx for cells of type $shift.
Analyzing pattern of constant bits for this cell:
  Constant input on bit 0 of port A: 1'0
  Constant input on bit 1 of port A: 1'0
  Constant input on bit 2 of port A: 1'1
  Constant input on bit 3 of port A: 1'0
  Constant input on bit 4 of port A: 1'1
Creating constmapped module `$paramod$constmap:00c684ba866569cdab11639643270c6980f88e96$paramod$2c37104c560c20f12121de5fb19ab6dfae1bb003\_90_shift_shiftx'.

5.69. Executing OPT_MUXTREE pass (detect dead branches in mux trees).
Running muxtree optimizer on module $paramod$constmap:00c684ba866569cdab11639643270c6980f88e96$paramod$2c37104c560c20f12121de5fb19ab6dfae1bb003\_90_shift_shiftx..
  Creating internal representation of mux trees.
  Evaluating internal representation of mux trees.
  Analyzing evaluation results.
    dead port 2/2 on $mux $procmux$9406.
    dead port 2/2 on $mux $procmux$9400.
    dead port 2/2 on $mux $procmux$9394.
    dead port 2/2 on $mux $procmux$9388.
    dead port 2/2 on $mux $procmux$9382.
    dead port 2/2 on $mux $procmux$9376.
    dead port 2/2 on $mux $procmux$9370.
Removed 7 multiplexer ports.
<suppressed ~26 debug messages>

5.70. Executing OPT_EXPR pass (perform const folding).
Optimizing module $paramod$constmap:00c684ba866569cdab11639643270c6980f88e96$paramod$2c37104c560c20f12121de5fb19ab6dfae1bb003\_90_shift_shiftx.
<suppressed ~27 debug messages>
Removed 0 unused cells and 12 unused wires.
Using template $paramod$constmap:00c684ba866569cdab11639643270c6980f88e96$paramod$2c37104c560c20f12121de5fb19ab6dfae1bb003\_90_shift_shiftx for cells of type $shift.
Analyzing pattern of constant bits for this cell:
  Constant input on bit 0 of port A: 1'1
  Constant input on bit 1 of port A: 1'0
  Constant input on bit 2 of port A: 1'1
  Constant input on bit 3 of port A: 1'0
  Constant input on bit 4 of port A: 1'1
Creating constmapped module `$paramod$constmap:d4b099a8a5ca94f4ca1681adb101c6ebf795f746$paramod$2c37104c560c20f12121de5fb19ab6dfae1bb003\_90_shift_shiftx'.

5.71. Executing OPT_MUXTREE pass (detect dead branches in mux trees).
Running muxtree optimizer on module $paramod$constmap:d4b099a8a5ca94f4ca1681adb101c6ebf795f746$paramod$2c37104c560c20f12121de5fb19ab6dfae1bb003\_90_shift_shiftx..
  Creating internal representation of mux trees.
  Evaluating internal representation of mux trees.
  Analyzing evaluation results.
    dead port 2/2 on $mux $procmux$9406.
    dead port 2/2 on $mux $procmux$9400.
    dead port 2/2 on $mux $procmux$9394.
    dead port 2/2 on $mux $procmux$9388.
    dead port 2/2 on $mux $procmux$9382.
    dead port 2/2 on $mux $procmux$9376.
    dead port 2/2 on $mux $procmux$9370.
Removed 7 multiplexer ports.
<suppressed ~26 debug messages>

5.72. Executing OPT_EXPR pass (perform const folding).
Optimizing module $paramod$constmap:d4b099a8a5ca94f4ca1681adb101c6ebf795f746$paramod$2c37104c560c20f12121de5fb19ab6dfae1bb003\_90_shift_shiftx.
<suppressed ~27 debug messages>
Removed 0 unused cells and 12 unused wires.
Using template $paramod$constmap:d4b099a8a5ca94f4ca1681adb101c6ebf795f746$paramod$2c37104c560c20f12121de5fb19ab6dfae1bb003\_90_shift_shiftx for cells of type $shift.
Analyzing pattern of constant bits for this cell:
  Constant input on bit 0 of port A: 1'0
  Constant input on bit 1 of port A: 1'1
  Constant input on bit 2 of port A: 1'1
  Constant input on bit 3 of port A: 1'0
  Constant input on bit 4 of port A: 1'1
Creating constmapped module `$paramod$constmap:6bf0159a64b563bdd9f46460d46bb56f4e426a77$paramod$2c37104c560c20f12121de5fb19ab6dfae1bb003\_90_shift_shiftx'.

5.73. Executing OPT_MUXTREE pass (detect dead branches in mux trees).
Running muxtree optimizer on module $paramod$constmap:6bf0159a64b563bdd9f46460d46bb56f4e426a77$paramod$2c37104c560c20f12121de5fb19ab6dfae1bb003\_90_shift_shiftx..
  Creating internal representation of mux trees.
  Evaluating internal representation of mux trees.
  Analyzing evaluation results.
    dead port 2/2 on $mux $procmux$9406.
    dead port 2/2 on $mux $procmux$9400.
    dead port 2/2 on $mux $procmux$9394.
    dead port 2/2 on $mux $procmux$9388.
    dead port 2/2 on $mux $procmux$9382.
    dead port 2/2 on $mux $procmux$9376.
    dead port 2/2 on $mux $procmux$9370.
Removed 7 multiplexer ports.
<suppressed ~26 debug messages>

5.74. Executing OPT_EXPR pass (perform const folding).
Optimizing module $paramod$constmap:6bf0159a64b563bdd9f46460d46bb56f4e426a77$paramod$2c37104c560c20f12121de5fb19ab6dfae1bb003\_90_shift_shiftx.
<suppressed ~27 debug messages>
Removed 0 unused cells and 12 unused wires.
Using template $paramod$constmap:6bf0159a64b563bdd9f46460d46bb56f4e426a77$paramod$2c37104c560c20f12121de5fb19ab6dfae1bb003\_90_shift_shiftx for cells of type $shift.
Analyzing pattern of constant bits for this cell:
  Constant input on bit 0 of port A: 1'1
  Constant input on bit 1 of port A: 1'1
  Constant input on bit 2 of port A: 1'1
  Constant input on bit 3 of port A: 1'0
  Constant input on bit 4 of port A: 1'1
Creating constmapped module `$paramod$constmap:e608c84b1d962653bfd064ba39805667a918171c$paramod$2c37104c560c20f12121de5fb19ab6dfae1bb003\_90_shift_shiftx'.

5.75. Executing OPT_MUXTREE pass (detect dead branches in mux trees).
Running muxtree optimizer on module $paramod$constmap:e608c84b1d962653bfd064ba39805667a918171c$paramod$2c37104c560c20f12121de5fb19ab6dfae1bb003\_90_shift_shiftx..
  Creating internal representation of mux trees.
  Evaluating internal representation of mux trees.
  Analyzing evaluation results.
    dead port 2/2 on $mux $procmux$9406.
    dead port 2/2 on $mux $procmux$9400.
    dead port 2/2 on $mux $procmux$9394.
    dead port 2/2 on $mux $procmux$9388.
    dead port 2/2 on $mux $procmux$9382.
    dead port 2/2 on $mux $procmux$9376.
    dead port 2/2 on $mux $procmux$9370.
Removed 7 multiplexer ports.
<suppressed ~26 debug messages>

5.76. Executing OPT_EXPR pass (perform const folding).
Optimizing module $paramod$constmap:e608c84b1d962653bfd064ba39805667a918171c$paramod$2c37104c560c20f12121de5fb19ab6dfae1bb003\_90_shift_shiftx.
<suppressed ~27 debug messages>
Removed 0 unused cells and 12 unused wires.
Using template $paramod$constmap:e608c84b1d962653bfd064ba39805667a918171c$paramod$2c37104c560c20f12121de5fb19ab6dfae1bb003\_90_shift_shiftx for cells of type $shift.
Analyzing pattern of constant bits for this cell:
  Constant input on bit 0 of port A: 1'0
  Constant input on bit 1 of port A: 1'0
  Constant input on bit 2 of port A: 1'0
  Constant input on bit 3 of port A: 1'1
  Constant input on bit 4 of port A: 1'1
Creating constmapped module `$paramod$constmap:bf7d0344ff77cc5fb27c644e6ad30503466b3673$paramod$2c37104c560c20f12121de5fb19ab6dfae1bb003\_90_shift_shiftx'.

5.77. Executing OPT_MUXTREE pass (detect dead branches in mux trees).
Running muxtree optimizer on module $paramod$constmap:bf7d0344ff77cc5fb27c644e6ad30503466b3673$paramod$2c37104c560c20f12121de5fb19ab6dfae1bb003\_90_shift_shiftx..
  Creating internal representation of mux trees.
  Evaluating internal representation of mux trees.
  Analyzing evaluation results.
    dead port 2/2 on $mux $procmux$9406.
    dead port 2/2 on $mux $procmux$9400.
    dead port 2/2 on $mux $procmux$9394.
    dead port 2/2 on $mux $procmux$9388.
    dead port 2/2 on $mux $procmux$9382.
    dead port 2/2 on $mux $procmux$9376.
    dead port 2/2 on $mux $procmux$9370.
Removed 7 multiplexer ports.
<suppressed ~26 debug messages>

5.78. Executing OPT_EXPR pass (perform const folding).
Optimizing module $paramod$constmap:bf7d0344ff77cc5fb27c644e6ad30503466b3673$paramod$2c37104c560c20f12121de5fb19ab6dfae1bb003\_90_shift_shiftx.
<suppressed ~27 debug messages>
Removed 0 unused cells and 12 unused wires.
Using template $paramod$constmap:bf7d0344ff77cc5fb27c644e6ad30503466b3673$paramod$2c37104c560c20f12121de5fb19ab6dfae1bb003\_90_shift_shiftx for cells of type $shift.
Analyzing pattern of constant bits for this cell:
  Constant input on bit 0 of port A: 1'1
  Constant input on bit 1 of port A: 1'0
  Constant input on bit 2 of port A: 1'0
  Constant input on bit 3 of port A: 1'1
  Constant input on bit 4 of port A: 1'1
Creating constmapped module `$paramod$constmap:1224f798d955b941092b1ea6681459260d8d6cd6$paramod$2c37104c560c20f12121de5fb19ab6dfae1bb003\_90_shift_shiftx'.

5.79. Executing OPT_MUXTREE pass (detect dead branches in mux trees).
Running muxtree optimizer on module $paramod$constmap:1224f798d955b941092b1ea6681459260d8d6cd6$paramod$2c37104c560c20f12121de5fb19ab6dfae1bb003\_90_shift_shiftx..
  Creating internal representation of mux trees.
  Evaluating internal representation of mux trees.
  Analyzing evaluation results.
    dead port 2/2 on $mux $procmux$9406.
    dead port 2/2 on $mux $procmux$9400.
    dead port 2/2 on $mux $procmux$9394.
    dead port 2/2 on $mux $procmux$9388.
    dead port 2/2 on $mux $procmux$9382.
    dead port 2/2 on $mux $procmux$9376.
    dead port 2/2 on $mux $procmux$9370.
Removed 7 multiplexer ports.
<suppressed ~26 debug messages>

5.80. Executing OPT_EXPR pass (perform const folding).
Optimizing module $paramod$constmap:1224f798d955b941092b1ea6681459260d8d6cd6$paramod$2c37104c560c20f12121de5fb19ab6dfae1bb003\_90_shift_shiftx.
<suppressed ~27 debug messages>
Removed 0 unused cells and 12 unused wires.
Using template $paramod$constmap:1224f798d955b941092b1ea6681459260d8d6cd6$paramod$2c37104c560c20f12121de5fb19ab6dfae1bb003\_90_shift_shiftx for cells of type $shift.
Analyzing pattern of constant bits for this cell:
  Constant input on bit 0 of port A: 1'0
  Constant input on bit 1 of port A: 1'1
  Constant input on bit 2 of port A: 1'0
  Constant input on bit 3 of port A: 1'1
  Constant input on bit 4 of port A: 1'1
Creating constmapped module `$paramod$constmap:38c50a440bdd7b8c91db4b6ef5d3574cf255ae09$paramod$2c37104c560c20f12121de5fb19ab6dfae1bb003\_90_shift_shiftx'.

5.81. Executing OPT_MUXTREE pass (detect dead branches in mux trees).
Running muxtree optimizer on module $paramod$constmap:38c50a440bdd7b8c91db4b6ef5d3574cf255ae09$paramod$2c37104c560c20f12121de5fb19ab6dfae1bb003\_90_shift_shiftx..
  Creating internal representation of mux trees.
  Evaluating internal representation of mux trees.
  Analyzing evaluation results.
    dead port 2/2 on $mux $procmux$9406.
    dead port 2/2 on $mux $procmux$9400.
    dead port 2/2 on $mux $procmux$9394.
    dead port 2/2 on $mux $procmux$9388.
    dead port 2/2 on $mux $procmux$9382.
    dead port 2/2 on $mux $procmux$9376.
    dead port 2/2 on $mux $procmux$9370.
Removed 7 multiplexer ports.
<suppressed ~26 debug messages>

5.82. Executing OPT_EXPR pass (perform const folding).
Optimizing module $paramod$constmap:38c50a440bdd7b8c91db4b6ef5d3574cf255ae09$paramod$2c37104c560c20f12121de5fb19ab6dfae1bb003\_90_shift_shiftx.
<suppressed ~27 debug messages>
Removed 0 unused cells and 12 unused wires.
Using template $paramod$constmap:38c50a440bdd7b8c91db4b6ef5d3574cf255ae09$paramod$2c37104c560c20f12121de5fb19ab6dfae1bb003\_90_shift_shiftx for cells of type $shift.
Analyzing pattern of constant bits for this cell:
  Constant input on bit 0 of port A: 1'1
  Constant input on bit 1 of port A: 1'1
  Constant input on bit 2 of port A: 1'0
  Constant input on bit 3 of port A: 1'1
  Constant input on bit 4 of port A: 1'1
Creating constmapped module `$paramod$constmap:f137daf206aae4ebcbd4f5a91e299d621af8e6fb$paramod$2c37104c560c20f12121de5fb19ab6dfae1bb003\_90_shift_shiftx'.

5.83. Executing OPT_MUXTREE pass (detect dead branches in mux trees).
Running muxtree optimizer on module $paramod$constmap:f137daf206aae4ebcbd4f5a91e299d621af8e6fb$paramod$2c37104c560c20f12121de5fb19ab6dfae1bb003\_90_shift_shiftx..
  Creating internal representation of mux trees.
  Evaluating internal representation of mux trees.
  Analyzing evaluation results.
    dead port 2/2 on $mux $procmux$9406.
    dead port 2/2 on $mux $procmux$9400.
    dead port 2/2 on $mux $procmux$9394.
    dead port 2/2 on $mux $procmux$9388.
    dead port 2/2 on $mux $procmux$9382.
    dead port 2/2 on $mux $procmux$9376.
    dead port 2/2 on $mux $procmux$9370.
Removed 7 multiplexer ports.
<suppressed ~26 debug messages>

5.84. Executing OPT_EXPR pass (perform const folding).
Optimizing module $paramod$constmap:f137daf206aae4ebcbd4f5a91e299d621af8e6fb$paramod$2c37104c560c20f12121de5fb19ab6dfae1bb003\_90_shift_shiftx.
<suppressed ~27 debug messages>
Removed 0 unused cells and 12 unused wires.
Using template $paramod$constmap:f137daf206aae4ebcbd4f5a91e299d621af8e6fb$paramod$2c37104c560c20f12121de5fb19ab6dfae1bb003\_90_shift_shiftx for cells of type $shift.
Analyzing pattern of constant bits for this cell:
  Constant input on bit 0 of port A: 1'0
  Constant input on bit 1 of port A: 1'0
  Constant input on bit 2 of port A: 1'1
  Constant input on bit 3 of port A: 1'1
  Constant input on bit 4 of port A: 1'1
Creating constmapped module `$paramod$constmap:aca1e7d3661934768bc2010870b7ce75785619c9$paramod$2c37104c560c20f12121de5fb19ab6dfae1bb003\_90_shift_shiftx'.

5.85. Executing OPT_MUXTREE pass (detect dead branches in mux trees).
Running muxtree optimizer on module $paramod$constmap:aca1e7d3661934768bc2010870b7ce75785619c9$paramod$2c37104c560c20f12121de5fb19ab6dfae1bb003\_90_shift_shiftx..
  Creating internal representation of mux trees.
  Evaluating internal representation of mux trees.
  Analyzing evaluation results.
    dead port 2/2 on $mux $procmux$9406.
    dead port 2/2 on $mux $procmux$9400.
    dead port 2/2 on $mux $procmux$9394.
    dead port 2/2 on $mux $procmux$9388.
    dead port 2/2 on $mux $procmux$9382.
    dead port 2/2 on $mux $procmux$9376.
    dead port 2/2 on $mux $procmux$9370.
Removed 7 multiplexer ports.
<suppressed ~26 debug messages>

5.86. Executing OPT_EXPR pass (perform const folding).
Optimizing module $paramod$constmap:aca1e7d3661934768bc2010870b7ce75785619c9$paramod$2c37104c560c20f12121de5fb19ab6dfae1bb003\_90_shift_shiftx.
<suppressed ~27 debug messages>
Removed 0 unused cells and 12 unused wires.
Using template $paramod$constmap:aca1e7d3661934768bc2010870b7ce75785619c9$paramod$2c37104c560c20f12121de5fb19ab6dfae1bb003\_90_shift_shiftx for cells of type $shift.
Analyzing pattern of constant bits for this cell:
  Constant input on bit 0 of port A: 1'1
  Constant input on bit 1 of port A: 1'0
  Constant input on bit 2 of port A: 1'1
  Constant input on bit 3 of port A: 1'1
  Constant input on bit 4 of port A: 1'1
Creating constmapped module `$paramod$constmap:e36b982aae69dc7ddcd92c438fdd332060739cc2$paramod$2c37104c560c20f12121de5fb19ab6dfae1bb003\_90_shift_shiftx'.

5.87. Executing OPT_MUXTREE pass (detect dead branches in mux trees).
Running muxtree optimizer on module $paramod$constmap:e36b982aae69dc7ddcd92c438fdd332060739cc2$paramod$2c37104c560c20f12121de5fb19ab6dfae1bb003\_90_shift_shiftx..
  Creating internal representation of mux trees.
  Evaluating internal representation of mux trees.
  Analyzing evaluation results.
    dead port 2/2 on $mux $procmux$9406.
    dead port 2/2 on $mux $procmux$9400.
    dead port 2/2 on $mux $procmux$9394.
    dead port 2/2 on $mux $procmux$9388.
    dead port 2/2 on $mux $procmux$9382.
    dead port 2/2 on $mux $procmux$9376.
    dead port 2/2 on $mux $procmux$9370.
Removed 7 multiplexer ports.
<suppressed ~26 debug messages>

5.88. Executing OPT_EXPR pass (perform const folding).
Optimizing module $paramod$constmap:e36b982aae69dc7ddcd92c438fdd332060739cc2$paramod$2c37104c560c20f12121de5fb19ab6dfae1bb003\_90_shift_shiftx.
<suppressed ~27 debug messages>
Removed 0 unused cells and 12 unused wires.
Using template $paramod$constmap:e36b982aae69dc7ddcd92c438fdd332060739cc2$paramod$2c37104c560c20f12121de5fb19ab6dfae1bb003\_90_shift_shiftx for cells of type $shift.
Analyzing pattern of constant bits for this cell:
  Constant input on bit 0 of port A: 1'0
  Constant input on bit 1 of port A: 1'1
  Constant input on bit 2 of port A: 1'1
  Constant input on bit 3 of port A: 1'1
  Constant input on bit 4 of port A: 1'1
Creating constmapped module `$paramod$constmap:d2b56ad190f5720d6afdb3a31096c53a55325a44$paramod$2c37104c560c20f12121de5fb19ab6dfae1bb003\_90_shift_shiftx'.

5.89. Executing OPT_MUXTREE pass (detect dead branches in mux trees).
Running muxtree optimizer on module $paramod$constmap:d2b56ad190f5720d6afdb3a31096c53a55325a44$paramod$2c37104c560c20f12121de5fb19ab6dfae1bb003\_90_shift_shiftx..
  Creating internal representation of mux trees.
  Evaluating internal representation of mux trees.
  Analyzing evaluation results.
    dead port 2/2 on $mux $procmux$9406.
    dead port 2/2 on $mux $procmux$9400.
    dead port 2/2 on $mux $procmux$9394.
    dead port 2/2 on $mux $procmux$9388.
    dead port 2/2 on $mux $procmux$9382.
    dead port 2/2 on $mux $procmux$9376.
    dead port 2/2 on $mux $procmux$9370.
Removed 7 multiplexer ports.
<suppressed ~26 debug messages>

5.90. Executing OPT_EXPR pass (perform const folding).
Optimizing module $paramod$constmap:d2b56ad190f5720d6afdb3a31096c53a55325a44$paramod$2c37104c560c20f12121de5fb19ab6dfae1bb003\_90_shift_shiftx.
<suppressed ~27 debug messages>
Removed 0 unused cells and 12 unused wires.
Using template $paramod$constmap:d2b56ad190f5720d6afdb3a31096c53a55325a44$paramod$2c37104c560c20f12121de5fb19ab6dfae1bb003\_90_shift_shiftx for cells of type $shift.
Analyzing pattern of constant bits for this cell:
  Constant input on bit 0 of port A: 1'1
  Constant input on bit 1 of port A: 1'1
  Constant input on bit 2 of port A: 1'1
  Constant input on bit 3 of port A: 1'1
  Constant input on bit 4 of port A: 1'1
Creating constmapped module `$paramod$constmap:40f28c6b127b167842adf94aaaa724d990ea09ab$paramod$2c37104c560c20f12121de5fb19ab6dfae1bb003\_90_shift_shiftx'.

5.91. Executing OPT_MUXTREE pass (detect dead branches in mux trees).
Running muxtree optimizer on module $paramod$constmap:40f28c6b127b167842adf94aaaa724d990ea09ab$paramod$2c37104c560c20f12121de5fb19ab6dfae1bb003\_90_shift_shiftx..
  Creating internal representation of mux trees.
  Evaluating internal representation of mux trees.
  Analyzing evaluation results.
    dead port 2/2 on $mux $procmux$9406.
    dead port 2/2 on $mux $procmux$9400.
    dead port 2/2 on $mux $procmux$9394.
    dead port 2/2 on $mux $procmux$9388.
    dead port 2/2 on $mux $procmux$9382.
    dead port 2/2 on $mux $procmux$9376.
    dead port 2/2 on $mux $procmux$9370.
Removed 7 multiplexer ports.
<suppressed ~26 debug messages>

5.92. Executing OPT_EXPR pass (perform const folding).
Optimizing module $paramod$constmap:40f28c6b127b167842adf94aaaa724d990ea09ab$paramod$2c37104c560c20f12121de5fb19ab6dfae1bb003\_90_shift_shiftx.
<suppressed ~27 debug messages>
Removed 0 unused cells and 12 unused wires.
Using template $paramod$constmap:40f28c6b127b167842adf94aaaa724d990ea09ab$paramod$2c37104c560c20f12121de5fb19ab6dfae1bb003\_90_shift_shiftx for cells of type $shift.
Analyzing pattern of constant bits for this cell:
  Constant input on bit 0 of port A: 1'0
  Constant input on bit 1 of port A: 1'0
  Constant input on bit 2 of port A: 1'0
  Constant input on bit 3 of port A: 1'0
  Constant input on bit 4 of port A: 1'0
  Constant input on bit 5 of port A: 1'1
Creating constmapped module `$paramod$constmap:9ed4ac21260c8d6669b3ddcbb0d3d931968667da$paramod$1f2a53c81288c8960da730838233c3574678ca79\_90_shift_shiftx'.

5.93. Executing OPT_MUXTREE pass (detect dead branches in mux trees).
Running muxtree optimizer on module $paramod$constmap:9ed4ac21260c8d6669b3ddcbb0d3d931968667da$paramod$1f2a53c81288c8960da730838233c3574678ca79\_90_shift_shiftx..
  Creating internal representation of mux trees.
  Evaluating internal representation of mux trees.
  Analyzing evaluation results.
    dead port 2/2 on $mux $procmux$6088.
    dead port 2/2 on $mux $procmux$6082.
    dead port 2/2 on $mux $procmux$6076.
    dead port 2/2 on $mux $procmux$6070.
    dead port 2/2 on $mux $procmux$6064.
    dead port 2/2 on $mux $procmux$6058.
    dead port 2/2 on $mux $procmux$6052.
Removed 7 multiplexer ports.
<suppressed ~26 debug messages>

5.94. Executing OPT_EXPR pass (perform const folding).
Optimizing module $paramod$constmap:9ed4ac21260c8d6669b3ddcbb0d3d931968667da$paramod$1f2a53c81288c8960da730838233c3574678ca79\_90_shift_shiftx.
<suppressed ~27 debug messages>
Removed 0 unused cells and 12 unused wires.
Using template $paramod$constmap:9ed4ac21260c8d6669b3ddcbb0d3d931968667da$paramod$1f2a53c81288c8960da730838233c3574678ca79\_90_shift_shiftx for cells of type $shift.
Analyzing pattern of constant bits for this cell:
  Constant input on bit 0 of port A: 1'1
  Constant input on bit 1 of port A: 1'0
  Constant input on bit 2 of port A: 1'0
  Constant input on bit 3 of port A: 1'0
  Constant input on bit 4 of port A: 1'0
  Constant input on bit 5 of port A: 1'1
Creating constmapped module `$paramod$constmap:f4548c296771835c59b3b21ca4bd685a0042c408$paramod$1f2a53c81288c8960da730838233c3574678ca79\_90_shift_shiftx'.

5.95. Executing OPT_MUXTREE pass (detect dead branches in mux trees).
Running muxtree optimizer on module $paramod$constmap:f4548c296771835c59b3b21ca4bd685a0042c408$paramod$1f2a53c81288c8960da730838233c3574678ca79\_90_shift_shiftx..
  Creating internal representation of mux trees.
  Evaluating internal representation of mux trees.
  Analyzing evaluation results.
    dead port 2/2 on $mux $procmux$6088.
    dead port 2/2 on $mux $procmux$6082.
    dead port 2/2 on $mux $procmux$6076.
    dead port 2/2 on $mux $procmux$6070.
    dead port 2/2 on $mux $procmux$6064.
    dead port 2/2 on $mux $procmux$6058.
    dead port 2/2 on $mux $procmux$6052.
Removed 7 multiplexer ports.
<suppressed ~26 debug messages>

5.96. Executing OPT_EXPR pass (perform const folding).
Optimizing module $paramod$constmap:f4548c296771835c59b3b21ca4bd685a0042c408$paramod$1f2a53c81288c8960da730838233c3574678ca79\_90_shift_shiftx.
<suppressed ~27 debug messages>
Removed 0 unused cells and 12 unused wires.
Using template $paramod$constmap:f4548c296771835c59b3b21ca4bd685a0042c408$paramod$1f2a53c81288c8960da730838233c3574678ca79\_90_shift_shiftx for cells of type $shift.
Analyzing pattern of constant bits for this cell:
  Constant input on bit 0 of port A: 1'0
  Constant input on bit 1 of port A: 1'1
  Constant input on bit 2 of port A: 1'0
  Constant input on bit 3 of port A: 1'0
  Constant input on bit 4 of port A: 1'0
  Constant input on bit 5 of port A: 1'1
Creating constmapped module `$paramod$constmap:1b3032338c1d843e229f2ffc55c2e85f75e43a34$paramod$1f2a53c81288c8960da730838233c3574678ca79\_90_shift_shiftx'.

5.97. Executing OPT_MUXTREE pass (detect dead branches in mux trees).
Running muxtree optimizer on module $paramod$constmap:1b3032338c1d843e229f2ffc55c2e85f75e43a34$paramod$1f2a53c81288c8960da730838233c3574678ca79\_90_shift_shiftx..
  Creating internal representation of mux trees.
  Evaluating internal representation of mux trees.
  Analyzing evaluation results.
    dead port 2/2 on $mux $procmux$6088.
    dead port 2/2 on $mux $procmux$6082.
    dead port 2/2 on $mux $procmux$6076.
    dead port 2/2 on $mux $procmux$6070.
    dead port 2/2 on $mux $procmux$6064.
    dead port 2/2 on $mux $procmux$6058.
    dead port 2/2 on $mux $procmux$6052.
Removed 7 multiplexer ports.
<suppressed ~26 debug messages>

5.98. Executing OPT_EXPR pass (perform const folding).
Optimizing module $paramod$constmap:1b3032338c1d843e229f2ffc55c2e85f75e43a34$paramod$1f2a53c81288c8960da730838233c3574678ca79\_90_shift_shiftx.
<suppressed ~27 debug messages>
Removed 0 unused cells and 12 unused wires.
Using template $paramod$constmap:1b3032338c1d843e229f2ffc55c2e85f75e43a34$paramod$1f2a53c81288c8960da730838233c3574678ca79\_90_shift_shiftx for cells of type $shift.
Analyzing pattern of constant bits for this cell:
  Constant input on bit 0 of port A: 1'1
  Constant input on bit 1 of port A: 1'1
  Constant input on bit 2 of port A: 1'0
  Constant input on bit 3 of port A: 1'0
  Constant input on bit 4 of port A: 1'0
  Constant input on bit 5 of port A: 1'1
Creating constmapped module `$paramod$constmap:43ed126015ed0a57917ffa8f9cb00386ae7896fc$paramod$1f2a53c81288c8960da730838233c3574678ca79\_90_shift_shiftx'.

5.99. Executing OPT_MUXTREE pass (detect dead branches in mux trees).
Running muxtree optimizer on module $paramod$constmap:43ed126015ed0a57917ffa8f9cb00386ae7896fc$paramod$1f2a53c81288c8960da730838233c3574678ca79\_90_shift_shiftx..
  Creating internal representation of mux trees.
  Evaluating internal representation of mux trees.
  Analyzing evaluation results.
    dead port 2/2 on $mux $procmux$6088.
    dead port 2/2 on $mux $procmux$6082.
    dead port 2/2 on $mux $procmux$6076.
    dead port 2/2 on $mux $procmux$6070.
    dead port 2/2 on $mux $procmux$6064.
    dead port 2/2 on $mux $procmux$6058.
    dead port 2/2 on $mux $procmux$6052.
Removed 7 multiplexer ports.
<suppressed ~26 debug messages>

5.100. Executing OPT_EXPR pass (perform const folding).
Optimizing module $paramod$constmap:43ed126015ed0a57917ffa8f9cb00386ae7896fc$paramod$1f2a53c81288c8960da730838233c3574678ca79\_90_shift_shiftx.
<suppressed ~27 debug messages>
Removed 0 unused cells and 12 unused wires.
Using template $paramod$constmap:43ed126015ed0a57917ffa8f9cb00386ae7896fc$paramod$1f2a53c81288c8960da730838233c3574678ca79\_90_shift_shiftx for cells of type $shift.
Analyzing pattern of constant bits for this cell:
  Constant input on bit 0 of port A: 1'0
  Constant input on bit 1 of port A: 1'0
  Constant input on bit 2 of port A: 1'1
  Constant input on bit 3 of port A: 1'0
  Constant input on bit 4 of port A: 1'0
  Constant input on bit 5 of port A: 1'1
Creating constmapped module `$paramod$constmap:9807137e2afd1dde6b01337790f38297cb5a1109$paramod$1f2a53c81288c8960da730838233c3574678ca79\_90_shift_shiftx'.

5.101. Executing OPT_MUXTREE pass (detect dead branches in mux trees).
Running muxtree optimizer on module $paramod$constmap:9807137e2afd1dde6b01337790f38297cb5a1109$paramod$1f2a53c81288c8960da730838233c3574678ca79\_90_shift_shiftx..
  Creating internal representation of mux trees.
  Evaluating internal representation of mux trees.
  Analyzing evaluation results.
    dead port 2/2 on $mux $procmux$6088.
    dead port 2/2 on $mux $procmux$6082.
    dead port 2/2 on $mux $procmux$6076.
    dead port 2/2 on $mux $procmux$6070.
    dead port 2/2 on $mux $procmux$6064.
    dead port 2/2 on $mux $procmux$6058.
    dead port 2/2 on $mux $procmux$6052.
Removed 7 multiplexer ports.
<suppressed ~26 debug messages>

5.102. Executing OPT_EXPR pass (perform const folding).
Optimizing module $paramod$constmap:9807137e2afd1dde6b01337790f38297cb5a1109$paramod$1f2a53c81288c8960da730838233c3574678ca79\_90_shift_shiftx.
<suppressed ~27 debug messages>
Removed 0 unused cells and 12 unused wires.
Using template $paramod$constmap:9807137e2afd1dde6b01337790f38297cb5a1109$paramod$1f2a53c81288c8960da730838233c3574678ca79\_90_shift_shiftx for cells of type $shift.
Analyzing pattern of constant bits for this cell:
  Constant input on bit 0 of port A: 1'1
  Constant input on bit 1 of port A: 1'0
  Constant input on bit 2 of port A: 1'1
  Constant input on bit 3 of port A: 1'0
  Constant input on bit 4 of port A: 1'0
  Constant input on bit 5 of port A: 1'1
Creating constmapped module `$paramod$constmap:c9e9622ba00605e5b65f7bb0fc0a74b48a6acfe9$paramod$1f2a53c81288c8960da730838233c3574678ca79\_90_shift_shiftx'.

5.103. Executing OPT_MUXTREE pass (detect dead branches in mux trees).
Running muxtree optimizer on module $paramod$constmap:c9e9622ba00605e5b65f7bb0fc0a74b48a6acfe9$paramod$1f2a53c81288c8960da730838233c3574678ca79\_90_shift_shiftx..
  Creating internal representation of mux trees.
  Evaluating internal representation of mux trees.
  Analyzing evaluation results.
    dead port 2/2 on $mux $procmux$6088.
    dead port 2/2 on $mux $procmux$6082.
    dead port 2/2 on $mux $procmux$6076.
    dead port 2/2 on $mux $procmux$6070.
    dead port 2/2 on $mux $procmux$6064.
    dead port 2/2 on $mux $procmux$6058.
    dead port 2/2 on $mux $procmux$6052.
Removed 7 multiplexer ports.
<suppressed ~26 debug messages>

5.104. Executing OPT_EXPR pass (perform const folding).
Optimizing module $paramod$constmap:c9e9622ba00605e5b65f7bb0fc0a74b48a6acfe9$paramod$1f2a53c81288c8960da730838233c3574678ca79\_90_shift_shiftx.
<suppressed ~27 debug messages>
Removed 0 unused cells and 12 unused wires.
Using template $paramod$constmap:c9e9622ba00605e5b65f7bb0fc0a74b48a6acfe9$paramod$1f2a53c81288c8960da730838233c3574678ca79\_90_shift_shiftx for cells of type $shift.
Analyzing pattern of constant bits for this cell:
  Constant input on bit 0 of port A: 1'0
  Constant input on bit 1 of port A: 1'1
  Constant input on bit 2 of port A: 1'1
  Constant input on bit 3 of port A: 1'0
  Constant input on bit 4 of port A: 1'0
  Constant input on bit 5 of port A: 1'1
Creating constmapped module `$paramod$constmap:13bf89b945a883273cce15d453b59c8c711aaa88$paramod$1f2a53c81288c8960da730838233c3574678ca79\_90_shift_shiftx'.

5.105. Executing OPT_MUXTREE pass (detect dead branches in mux trees).
Running muxtree optimizer on module $paramod$constmap:13bf89b945a883273cce15d453b59c8c711aaa88$paramod$1f2a53c81288c8960da730838233c3574678ca79\_90_shift_shiftx..
  Creating internal representation of mux trees.
  Evaluating internal representation of mux trees.
  Analyzing evaluation results.
    dead port 2/2 on $mux $procmux$6088.
    dead port 2/2 on $mux $procmux$6082.
    dead port 2/2 on $mux $procmux$6076.
    dead port 2/2 on $mux $procmux$6070.
    dead port 2/2 on $mux $procmux$6064.
    dead port 2/2 on $mux $procmux$6058.
    dead port 2/2 on $mux $procmux$6052.
Removed 7 multiplexer ports.
<suppressed ~26 debug messages>

5.106. Executing OPT_EXPR pass (perform const folding).
Optimizing module $paramod$constmap:13bf89b945a883273cce15d453b59c8c711aaa88$paramod$1f2a53c81288c8960da730838233c3574678ca79\_90_shift_shiftx.
<suppressed ~27 debug messages>
Removed 0 unused cells and 12 unused wires.
Using template $paramod$constmap:13bf89b945a883273cce15d453b59c8c711aaa88$paramod$1f2a53c81288c8960da730838233c3574678ca79\_90_shift_shiftx for cells of type $shift.
Analyzing pattern of constant bits for this cell:
  Constant input on bit 0 of port A: 1'1
  Constant input on bit 1 of port A: 1'1
  Constant input on bit 2 of port A: 1'1
  Constant input on bit 3 of port A: 1'0
  Constant input on bit 4 of port A: 1'0
  Constant input on bit 5 of port A: 1'1
Creating constmapped module `$paramod$constmap:a45cdbc8aa0c4e983b46f503a11778868d60a772$paramod$1f2a53c81288c8960da730838233c3574678ca79\_90_shift_shiftx'.

5.107. Executing OPT_MUXTREE pass (detect dead branches in mux trees).
Running muxtree optimizer on module $paramod$constmap:a45cdbc8aa0c4e983b46f503a11778868d60a772$paramod$1f2a53c81288c8960da730838233c3574678ca79\_90_shift_shiftx..
  Creating internal representation of mux trees.
  Evaluating internal representation of mux trees.
  Analyzing evaluation results.
    dead port 2/2 on $mux $procmux$6088.
    dead port 2/2 on $mux $procmux$6082.
    dead port 2/2 on $mux $procmux$6076.
    dead port 2/2 on $mux $procmux$6070.
    dead port 2/2 on $mux $procmux$6064.
    dead port 2/2 on $mux $procmux$6058.
    dead port 2/2 on $mux $procmux$6052.
Removed 7 multiplexer ports.
<suppressed ~26 debug messages>

5.108. Executing OPT_EXPR pass (perform const folding).
Optimizing module $paramod$constmap:a45cdbc8aa0c4e983b46f503a11778868d60a772$paramod$1f2a53c81288c8960da730838233c3574678ca79\_90_shift_shiftx.
<suppressed ~27 debug messages>
Removed 0 unused cells and 12 unused wires.
Using template $paramod$constmap:a45cdbc8aa0c4e983b46f503a11778868d60a772$paramod$1f2a53c81288c8960da730838233c3574678ca79\_90_shift_shiftx for cells of type $shift.
Analyzing pattern of constant bits for this cell:
  Constant input on bit 0 of port A: 1'0
  Constant input on bit 1 of port A: 1'0
  Constant input on bit 2 of port A: 1'0
  Constant input on bit 3 of port A: 1'1
  Constant input on bit 4 of port A: 1'0
  Constant input on bit 5 of port A: 1'1
Creating constmapped module `$paramod$constmap:902dfe3d4834775aad101d1287b5242aa93f05f8$paramod$1f2a53c81288c8960da730838233c3574678ca79\_90_shift_shiftx'.

5.109. Executing OPT_MUXTREE pass (detect dead branches in mux trees).
Running muxtree optimizer on module $paramod$constmap:902dfe3d4834775aad101d1287b5242aa93f05f8$paramod$1f2a53c81288c8960da730838233c3574678ca79\_90_shift_shiftx..
  Creating internal representation of mux trees.
  Evaluating internal representation of mux trees.
  Analyzing evaluation results.
    dead port 2/2 on $mux $procmux$6088.
    dead port 2/2 on $mux $procmux$6082.
    dead port 2/2 on $mux $procmux$6076.
    dead port 2/2 on $mux $procmux$6070.
    dead port 2/2 on $mux $procmux$6064.
    dead port 2/2 on $mux $procmux$6058.
    dead port 2/2 on $mux $procmux$6052.
Removed 7 multiplexer ports.
<suppressed ~26 debug messages>

5.110. Executing OPT_EXPR pass (perform const folding).
Optimizing module $paramod$constmap:902dfe3d4834775aad101d1287b5242aa93f05f8$paramod$1f2a53c81288c8960da730838233c3574678ca79\_90_shift_shiftx.
<suppressed ~27 debug messages>
Removed 0 unused cells and 12 unused wires.
Using template $paramod$constmap:902dfe3d4834775aad101d1287b5242aa93f05f8$paramod$1f2a53c81288c8960da730838233c3574678ca79\_90_shift_shiftx for cells of type $shift.
Analyzing pattern of constant bits for this cell:
  Constant input on bit 0 of port A: 1'1
  Constant input on bit 1 of port A: 1'0
  Constant input on bit 2 of port A: 1'0
  Constant input on bit 3 of port A: 1'1
  Constant input on bit 4 of port A: 1'0
  Constant input on bit 5 of port A: 1'1
Creating constmapped module `$paramod$constmap:216632a0c2e67babe47896b7a698713cd3fb40e9$paramod$1f2a53c81288c8960da730838233c3574678ca79\_90_shift_shiftx'.

5.111. Executing OPT_MUXTREE pass (detect dead branches in mux trees).
Running muxtree optimizer on module $paramod$constmap:216632a0c2e67babe47896b7a698713cd3fb40e9$paramod$1f2a53c81288c8960da730838233c3574678ca79\_90_shift_shiftx..
  Creating internal representation of mux trees.
  Evaluating internal representation of mux trees.
  Analyzing evaluation results.
    dead port 2/2 on $mux $procmux$6088.
    dead port 2/2 on $mux $procmux$6082.
    dead port 2/2 on $mux $procmux$6076.
    dead port 2/2 on $mux $procmux$6070.
    dead port 2/2 on $mux $procmux$6064.
    dead port 2/2 on $mux $procmux$6058.
    dead port 2/2 on $mux $procmux$6052.
Removed 7 multiplexer ports.
<suppressed ~26 debug messages>

5.112. Executing OPT_EXPR pass (perform const folding).
Optimizing module $paramod$constmap:216632a0c2e67babe47896b7a698713cd3fb40e9$paramod$1f2a53c81288c8960da730838233c3574678ca79\_90_shift_shiftx.
<suppressed ~27 debug messages>
Removed 0 unused cells and 12 unused wires.
Using template $paramod$constmap:216632a0c2e67babe47896b7a698713cd3fb40e9$paramod$1f2a53c81288c8960da730838233c3574678ca79\_90_shift_shiftx for cells of type $shift.
Analyzing pattern of constant bits for this cell:
  Constant input on bit 0 of port A: 1'0
  Constant input on bit 1 of port A: 1'1
  Constant input on bit 2 of port A: 1'0
  Constant input on bit 3 of port A: 1'1
  Constant input on bit 4 of port A: 1'0
  Constant input on bit 5 of port A: 1'1
Creating constmapped module `$paramod$constmap:d9980e886f948bc1b12fcda05c7c603cd9605c39$paramod$1f2a53c81288c8960da730838233c3574678ca79\_90_shift_shiftx'.

5.113. Executing OPT_MUXTREE pass (detect dead branches in mux trees).
Running muxtree optimizer on module $paramod$constmap:d9980e886f948bc1b12fcda05c7c603cd9605c39$paramod$1f2a53c81288c8960da730838233c3574678ca79\_90_shift_shiftx..
  Creating internal representation of mux trees.
  Evaluating internal representation of mux trees.
  Analyzing evaluation results.
    dead port 2/2 on $mux $procmux$6088.
    dead port 2/2 on $mux $procmux$6082.
    dead port 2/2 on $mux $procmux$6076.
    dead port 2/2 on $mux $procmux$6070.
    dead port 2/2 on $mux $procmux$6064.
    dead port 2/2 on $mux $procmux$6058.
    dead port 2/2 on $mux $procmux$6052.
Removed 7 multiplexer ports.
<suppressed ~26 debug messages>

5.114. Executing OPT_EXPR pass (perform const folding).
Optimizing module $paramod$constmap:d9980e886f948bc1b12fcda05c7c603cd9605c39$paramod$1f2a53c81288c8960da730838233c3574678ca79\_90_shift_shiftx.
<suppressed ~27 debug messages>
Removed 0 unused cells and 12 unused wires.
Using template $paramod$constmap:d9980e886f948bc1b12fcda05c7c603cd9605c39$paramod$1f2a53c81288c8960da730838233c3574678ca79\_90_shift_shiftx for cells of type $shift.
Analyzing pattern of constant bits for this cell:
  Constant input on bit 0 of port A: 1'1
  Constant input on bit 1 of port A: 1'1
  Constant input on bit 2 of port A: 1'0
  Constant input on bit 3 of port A: 1'1
  Constant input on bit 4 of port A: 1'0
  Constant input on bit 5 of port A: 1'1
Creating constmapped module `$paramod$constmap:116553c33c38efc9adeaa1835b04b3a6e28428ee$paramod$1f2a53c81288c8960da730838233c3574678ca79\_90_shift_shiftx'.

5.115. Executing OPT_MUXTREE pass (detect dead branches in mux trees).
Running muxtree optimizer on module $paramod$constmap:116553c33c38efc9adeaa1835b04b3a6e28428ee$paramod$1f2a53c81288c8960da730838233c3574678ca79\_90_shift_shiftx..
  Creating internal representation of mux trees.
  Evaluating internal representation of mux trees.
  Analyzing evaluation results.
    dead port 2/2 on $mux $procmux$6088.
    dead port 2/2 on $mux $procmux$6082.
    dead port 2/2 on $mux $procmux$6076.
    dead port 2/2 on $mux $procmux$6070.
    dead port 2/2 on $mux $procmux$6064.
    dead port 2/2 on $mux $procmux$6058.
    dead port 2/2 on $mux $procmux$6052.
Removed 7 multiplexer ports.
<suppressed ~26 debug messages>

5.116. Executing OPT_EXPR pass (perform const folding).
Optimizing module $paramod$constmap:116553c33c38efc9adeaa1835b04b3a6e28428ee$paramod$1f2a53c81288c8960da730838233c3574678ca79\_90_shift_shiftx.
<suppressed ~27 debug messages>
Removed 0 unused cells and 12 unused wires.
Using template $paramod$constmap:116553c33c38efc9adeaa1835b04b3a6e28428ee$paramod$1f2a53c81288c8960da730838233c3574678ca79\_90_shift_shiftx for cells of type $shift.
Analyzing pattern of constant bits for this cell:
  Constant input on bit 0 of port A: 1'0
  Constant input on bit 1 of port A: 1'0
  Constant input on bit 2 of port A: 1'1
  Constant input on bit 3 of port A: 1'1
  Constant input on bit 4 of port A: 1'0
  Constant input on bit 5 of port A: 1'1
Creating constmapped module `$paramod$constmap:a475ce45a5405f91bb4452408a5c9143649f795d$paramod$1f2a53c81288c8960da730838233c3574678ca79\_90_shift_shiftx'.

5.117. Executing OPT_MUXTREE pass (detect dead branches in mux trees).
Running muxtree optimizer on module $paramod$constmap:a475ce45a5405f91bb4452408a5c9143649f795d$paramod$1f2a53c81288c8960da730838233c3574678ca79\_90_shift_shiftx..
  Creating internal representation of mux trees.
  Evaluating internal representation of mux trees.
  Analyzing evaluation results.
    dead port 2/2 on $mux $procmux$6088.
    dead port 2/2 on $mux $procmux$6082.
    dead port 2/2 on $mux $procmux$6076.
    dead port 2/2 on $mux $procmux$6070.
    dead port 2/2 on $mux $procmux$6064.
    dead port 2/2 on $mux $procmux$6058.
    dead port 2/2 on $mux $procmux$6052.
Removed 7 multiplexer ports.
<suppressed ~26 debug messages>

5.118. Executing OPT_EXPR pass (perform const folding).
Optimizing module $paramod$constmap:a475ce45a5405f91bb4452408a5c9143649f795d$paramod$1f2a53c81288c8960da730838233c3574678ca79\_90_shift_shiftx.
<suppressed ~27 debug messages>
Removed 0 unused cells and 12 unused wires.
Using template $paramod$constmap:a475ce45a5405f91bb4452408a5c9143649f795d$paramod$1f2a53c81288c8960da730838233c3574678ca79\_90_shift_shiftx for cells of type $shift.
Analyzing pattern of constant bits for this cell:
  Constant input on bit 0 of port A: 1'1
  Constant input on bit 1 of port A: 1'0
  Constant input on bit 2 of port A: 1'1
  Constant input on bit 3 of port A: 1'1
  Constant input on bit 4 of port A: 1'0
  Constant input on bit 5 of port A: 1'1
Creating constmapped module `$paramod$constmap:0f8092b0274013cbc997bf8b44de45b3989b83ff$paramod$1f2a53c81288c8960da730838233c3574678ca79\_90_shift_shiftx'.

5.119. Executing OPT_MUXTREE pass (detect dead branches in mux trees).
Running muxtree optimizer on module $paramod$constmap:0f8092b0274013cbc997bf8b44de45b3989b83ff$paramod$1f2a53c81288c8960da730838233c3574678ca79\_90_shift_shiftx..
  Creating internal representation of mux trees.
  Evaluating internal representation of mux trees.
  Analyzing evaluation results.
    dead port 2/2 on $mux $procmux$6088.
    dead port 2/2 on $mux $procmux$6082.
    dead port 2/2 on $mux $procmux$6076.
    dead port 2/2 on $mux $procmux$6070.
    dead port 2/2 on $mux $procmux$6064.
    dead port 2/2 on $mux $procmux$6058.
    dead port 2/2 on $mux $procmux$6052.
Removed 7 multiplexer ports.
<suppressed ~26 debug messages>

5.120. Executing OPT_EXPR pass (perform const folding).
Optimizing module $paramod$constmap:0f8092b0274013cbc997bf8b44de45b3989b83ff$paramod$1f2a53c81288c8960da730838233c3574678ca79\_90_shift_shiftx.
<suppressed ~27 debug messages>
Removed 0 unused cells and 12 unused wires.
Using template $paramod$constmap:0f8092b0274013cbc997bf8b44de45b3989b83ff$paramod$1f2a53c81288c8960da730838233c3574678ca79\_90_shift_shiftx for cells of type $shift.
Analyzing pattern of constant bits for this cell:
  Constant input on bit 0 of port A: 1'0
  Constant input on bit 1 of port A: 1'1
  Constant input on bit 2 of port A: 1'1
  Constant input on bit 3 of port A: 1'1
  Constant input on bit 4 of port A: 1'0
  Constant input on bit 5 of port A: 1'1
Creating constmapped module `$paramod$constmap:32662b0c57c07d1620a5c595610d2e9e586715a1$paramod$1f2a53c81288c8960da730838233c3574678ca79\_90_shift_shiftx'.

5.121. Executing OPT_MUXTREE pass (detect dead branches in mux trees).
Running muxtree optimizer on module $paramod$constmap:32662b0c57c07d1620a5c595610d2e9e586715a1$paramod$1f2a53c81288c8960da730838233c3574678ca79\_90_shift_shiftx..
  Creating internal representation of mux trees.
  Evaluating internal representation of mux trees.
  Analyzing evaluation results.
    dead port 2/2 on $mux $procmux$6088.
    dead port 2/2 on $mux $procmux$6082.
    dead port 2/2 on $mux $procmux$6076.
    dead port 2/2 on $mux $procmux$6070.
    dead port 2/2 on $mux $procmux$6064.
    dead port 2/2 on $mux $procmux$6058.
    dead port 2/2 on $mux $procmux$6052.
Removed 7 multiplexer ports.
<suppressed ~26 debug messages>

5.122. Executing OPT_EXPR pass (perform const folding).
Optimizing module $paramod$constmap:32662b0c57c07d1620a5c595610d2e9e586715a1$paramod$1f2a53c81288c8960da730838233c3574678ca79\_90_shift_shiftx.
<suppressed ~27 debug messages>
Removed 0 unused cells and 12 unused wires.
Using template $paramod$constmap:32662b0c57c07d1620a5c595610d2e9e586715a1$paramod$1f2a53c81288c8960da730838233c3574678ca79\_90_shift_shiftx for cells of type $shift.
Analyzing pattern of constant bits for this cell:
  Constant input on bit 0 of port A: 1'1
  Constant input on bit 1 of port A: 1'1
  Constant input on bit 2 of port A: 1'1
  Constant input on bit 3 of port A: 1'1
  Constant input on bit 4 of port A: 1'0
  Constant input on bit 5 of port A: 1'1
Creating constmapped module `$paramod$constmap:ab542fb9e4eb2a77961ee12935728bc1444cdbd6$paramod$1f2a53c81288c8960da730838233c3574678ca79\_90_shift_shiftx'.

5.123. Executing OPT_MUXTREE pass (detect dead branches in mux trees).
Running muxtree optimizer on module $paramod$constmap:ab542fb9e4eb2a77961ee12935728bc1444cdbd6$paramod$1f2a53c81288c8960da730838233c3574678ca79\_90_shift_shiftx..
  Creating internal representation of mux trees.
  Evaluating internal representation of mux trees.
  Analyzing evaluation results.
    dead port 2/2 on $mux $procmux$6088.
    dead port 2/2 on $mux $procmux$6082.
    dead port 2/2 on $mux $procmux$6076.
    dead port 2/2 on $mux $procmux$6070.
    dead port 2/2 on $mux $procmux$6064.
    dead port 2/2 on $mux $procmux$6058.
    dead port 2/2 on $mux $procmux$6052.
Removed 7 multiplexer ports.
<suppressed ~26 debug messages>

5.124. Executing OPT_EXPR pass (perform const folding).
Optimizing module $paramod$constmap:ab542fb9e4eb2a77961ee12935728bc1444cdbd6$paramod$1f2a53c81288c8960da730838233c3574678ca79\_90_shift_shiftx.
<suppressed ~27 debug messages>
Removed 0 unused cells and 12 unused wires.
Using template $paramod$constmap:ab542fb9e4eb2a77961ee12935728bc1444cdbd6$paramod$1f2a53c81288c8960da730838233c3574678ca79\_90_shift_shiftx for cells of type $shift.
Analyzing pattern of constant bits for this cell:
  Constant input on bit 0 of port A: 1'0
  Constant input on bit 1 of port A: 1'0
  Constant input on bit 2 of port A: 1'0
  Constant input on bit 3 of port A: 1'0
  Constant input on bit 4 of port A: 1'1
  Constant input on bit 5 of port A: 1'1
Creating constmapped module `$paramod$constmap:f59c862ec0600011681acbe6e5d65f4aec6715e9$paramod$1f2a53c81288c8960da730838233c3574678ca79\_90_shift_shiftx'.

5.125. Executing OPT_MUXTREE pass (detect dead branches in mux trees).
Running muxtree optimizer on module $paramod$constmap:f59c862ec0600011681acbe6e5d65f4aec6715e9$paramod$1f2a53c81288c8960da730838233c3574678ca79\_90_shift_shiftx..
  Creating internal representation of mux trees.
  Evaluating internal representation of mux trees.
  Analyzing evaluation results.
    dead port 2/2 on $mux $procmux$6088.
    dead port 2/2 on $mux $procmux$6082.
    dead port 2/2 on $mux $procmux$6076.
    dead port 2/2 on $mux $procmux$6070.
    dead port 2/2 on $mux $procmux$6064.
    dead port 2/2 on $mux $procmux$6058.
    dead port 2/2 on $mux $procmux$6052.
Removed 7 multiplexer ports.
<suppressed ~26 debug messages>

5.126. Executing OPT_EXPR pass (perform const folding).
Optimizing module $paramod$constmap:f59c862ec0600011681acbe6e5d65f4aec6715e9$paramod$1f2a53c81288c8960da730838233c3574678ca79\_90_shift_shiftx.
<suppressed ~27 debug messages>
Removed 0 unused cells and 12 unused wires.
Using template $paramod$constmap:f59c862ec0600011681acbe6e5d65f4aec6715e9$paramod$1f2a53c81288c8960da730838233c3574678ca79\_90_shift_shiftx for cells of type $shift.
Analyzing pattern of constant bits for this cell:
  Constant input on bit 0 of port A: 1'1
  Constant input on bit 1 of port A: 1'0
  Constant input on bit 2 of port A: 1'0
  Constant input on bit 3 of port A: 1'0
  Constant input on bit 4 of port A: 1'1
  Constant input on bit 5 of port A: 1'1
Creating constmapped module `$paramod$constmap:9b2c5b058af77eff5713ca0578bc07d5ef80ffe3$paramod$1f2a53c81288c8960da730838233c3574678ca79\_90_shift_shiftx'.

5.127. Executing OPT_MUXTREE pass (detect dead branches in mux trees).
Running muxtree optimizer on module $paramod$constmap:9b2c5b058af77eff5713ca0578bc07d5ef80ffe3$paramod$1f2a53c81288c8960da730838233c3574678ca79\_90_shift_shiftx..
  Creating internal representation of mux trees.
  Evaluating internal representation of mux trees.
  Analyzing evaluation results.
    dead port 2/2 on $mux $procmux$6088.
    dead port 2/2 on $mux $procmux$6082.
    dead port 2/2 on $mux $procmux$6076.
    dead port 2/2 on $mux $procmux$6070.
    dead port 2/2 on $mux $procmux$6064.
    dead port 2/2 on $mux $procmux$6058.
    dead port 2/2 on $mux $procmux$6052.
Removed 7 multiplexer ports.
<suppressed ~26 debug messages>

5.128. Executing OPT_EXPR pass (perform const folding).
Optimizing module $paramod$constmap:9b2c5b058af77eff5713ca0578bc07d5ef80ffe3$paramod$1f2a53c81288c8960da730838233c3574678ca79\_90_shift_shiftx.
<suppressed ~27 debug messages>
Removed 0 unused cells and 12 unused wires.
Using template $paramod$constmap:9b2c5b058af77eff5713ca0578bc07d5ef80ffe3$paramod$1f2a53c81288c8960da730838233c3574678ca79\_90_shift_shiftx for cells of type $shift.
Analyzing pattern of constant bits for this cell:
  Constant input on bit 0 of port A: 1'0
  Constant input on bit 1 of port A: 1'1
  Constant input on bit 2 of port A: 1'0
  Constant input on bit 3 of port A: 1'0
  Constant input on bit 4 of port A: 1'1
  Constant input on bit 5 of port A: 1'1
Creating constmapped module `$paramod$constmap:efc61efff26a43cce511e854c6bc377dfb1bb0ff$paramod$1f2a53c81288c8960da730838233c3574678ca79\_90_shift_shiftx'.

5.129. Executing OPT_MUXTREE pass (detect dead branches in mux trees).
Running muxtree optimizer on module $paramod$constmap:efc61efff26a43cce511e854c6bc377dfb1bb0ff$paramod$1f2a53c81288c8960da730838233c3574678ca79\_90_shift_shiftx..
  Creating internal representation of mux trees.
  Evaluating internal representation of mux trees.
  Analyzing evaluation results.
    dead port 2/2 on $mux $procmux$6088.
    dead port 2/2 on $mux $procmux$6082.
    dead port 2/2 on $mux $procmux$6076.
    dead port 2/2 on $mux $procmux$6070.
    dead port 2/2 on $mux $procmux$6064.
    dead port 2/2 on $mux $procmux$6058.
    dead port 2/2 on $mux $procmux$6052.
Removed 7 multiplexer ports.
<suppressed ~26 debug messages>

5.130. Executing OPT_EXPR pass (perform const folding).
Optimizing module $paramod$constmap:efc61efff26a43cce511e854c6bc377dfb1bb0ff$paramod$1f2a53c81288c8960da730838233c3574678ca79\_90_shift_shiftx.
<suppressed ~27 debug messages>
Removed 0 unused cells and 12 unused wires.
Using template $paramod$constmap:efc61efff26a43cce511e854c6bc377dfb1bb0ff$paramod$1f2a53c81288c8960da730838233c3574678ca79\_90_shift_shiftx for cells of type $shift.
Analyzing pattern of constant bits for this cell:
  Constant input on bit 0 of port A: 1'1
  Constant input on bit 1 of port A: 1'1
  Constant input on bit 2 of port A: 1'0
  Constant input on bit 3 of port A: 1'0
  Constant input on bit 4 of port A: 1'1
  Constant input on bit 5 of port A: 1'1
Creating constmapped module `$paramod$constmap:76cdd9e6f7ea174697b15fe30e47156c709b5204$paramod$1f2a53c81288c8960da730838233c3574678ca79\_90_shift_shiftx'.

5.131. Executing OPT_MUXTREE pass (detect dead branches in mux trees).
Running muxtree optimizer on module $paramod$constmap:76cdd9e6f7ea174697b15fe30e47156c709b5204$paramod$1f2a53c81288c8960da730838233c3574678ca79\_90_shift_shiftx..
  Creating internal representation of mux trees.
  Evaluating internal representation of mux trees.
  Analyzing evaluation results.
    dead port 2/2 on $mux $procmux$6088.
    dead port 2/2 on $mux $procmux$6082.
    dead port 2/2 on $mux $procmux$6076.
    dead port 2/2 on $mux $procmux$6070.
    dead port 2/2 on $mux $procmux$6064.
    dead port 2/2 on $mux $procmux$6058.
    dead port 2/2 on $mux $procmux$6052.
Removed 7 multiplexer ports.
<suppressed ~26 debug messages>

5.132. Executing OPT_EXPR pass (perform const folding).
Optimizing module $paramod$constmap:76cdd9e6f7ea174697b15fe30e47156c709b5204$paramod$1f2a53c81288c8960da730838233c3574678ca79\_90_shift_shiftx.
<suppressed ~27 debug messages>
Removed 0 unused cells and 12 unused wires.
Using template $paramod$constmap:76cdd9e6f7ea174697b15fe30e47156c709b5204$paramod$1f2a53c81288c8960da730838233c3574678ca79\_90_shift_shiftx for cells of type $shift.
Analyzing pattern of constant bits for this cell:
  Constant input on bit 0 of port A: 1'0
  Constant input on bit 1 of port A: 1'0
  Constant input on bit 2 of port A: 1'1
  Constant input on bit 3 of port A: 1'0
  Constant input on bit 4 of port A: 1'1
  Constant input on bit 5 of port A: 1'1
Creating constmapped module `$paramod$constmap:13133894ee1c6c399c215015d01aa2654247d29e$paramod$1f2a53c81288c8960da730838233c3574678ca79\_90_shift_shiftx'.

5.133. Executing OPT_MUXTREE pass (detect dead branches in mux trees).
Running muxtree optimizer on module $paramod$constmap:13133894ee1c6c399c215015d01aa2654247d29e$paramod$1f2a53c81288c8960da730838233c3574678ca79\_90_shift_shiftx..
  Creating internal representation of mux trees.
  Evaluating internal representation of mux trees.
  Analyzing evaluation results.
    dead port 2/2 on $mux $procmux$6088.
    dead port 2/2 on $mux $procmux$6082.
    dead port 2/2 on $mux $procmux$6076.
    dead port 2/2 on $mux $procmux$6070.
    dead port 2/2 on $mux $procmux$6064.
    dead port 2/2 on $mux $procmux$6058.
    dead port 2/2 on $mux $procmux$6052.
Removed 7 multiplexer ports.
<suppressed ~26 debug messages>

5.134. Executing OPT_EXPR pass (perform const folding).
Optimizing module $paramod$constmap:13133894ee1c6c399c215015d01aa2654247d29e$paramod$1f2a53c81288c8960da730838233c3574678ca79\_90_shift_shiftx.
<suppressed ~27 debug messages>
Removed 0 unused cells and 12 unused wires.
Using template $paramod$constmap:13133894ee1c6c399c215015d01aa2654247d29e$paramod$1f2a53c81288c8960da730838233c3574678ca79\_90_shift_shiftx for cells of type $shift.
Analyzing pattern of constant bits for this cell:
  Constant input on bit 0 of port A: 1'1
  Constant input on bit 1 of port A: 1'0
  Constant input on bit 2 of port A: 1'1
  Constant input on bit 3 of port A: 1'0
  Constant input on bit 4 of port A: 1'1
  Constant input on bit 5 of port A: 1'1
Creating constmapped module `$paramod$constmap:d1812af2cb5bcd549f8264bc4c7a5e44d303f66c$paramod$1f2a53c81288c8960da730838233c3574678ca79\_90_shift_shiftx'.

5.135. Executing OPT_MUXTREE pass (detect dead branches in mux trees).
Running muxtree optimizer on module $paramod$constmap:d1812af2cb5bcd549f8264bc4c7a5e44d303f66c$paramod$1f2a53c81288c8960da730838233c3574678ca79\_90_shift_shiftx..
  Creating internal representation of mux trees.
  Evaluating internal representation of mux trees.
  Analyzing evaluation results.
    dead port 2/2 on $mux $procmux$6088.
    dead port 2/2 on $mux $procmux$6082.
    dead port 2/2 on $mux $procmux$6076.
    dead port 2/2 on $mux $procmux$6070.
    dead port 2/2 on $mux $procmux$6064.
    dead port 2/2 on $mux $procmux$6058.
    dead port 2/2 on $mux $procmux$6052.
Removed 7 multiplexer ports.
<suppressed ~26 debug messages>

5.136. Executing OPT_EXPR pass (perform const folding).
Optimizing module $paramod$constmap:d1812af2cb5bcd549f8264bc4c7a5e44d303f66c$paramod$1f2a53c81288c8960da730838233c3574678ca79\_90_shift_shiftx.
<suppressed ~27 debug messages>
Removed 0 unused cells and 12 unused wires.
Using template $paramod$constmap:d1812af2cb5bcd549f8264bc4c7a5e44d303f66c$paramod$1f2a53c81288c8960da730838233c3574678ca79\_90_shift_shiftx for cells of type $shift.
Analyzing pattern of constant bits for this cell:
  Constant input on bit 0 of port A: 1'0
  Constant input on bit 1 of port A: 1'1
  Constant input on bit 2 of port A: 1'1
  Constant input on bit 3 of port A: 1'0
  Constant input on bit 4 of port A: 1'1
  Constant input on bit 5 of port A: 1'1
Creating constmapped module `$paramod$constmap:869c8324bcfe0a5eaebfb0c1203e893f0fcd6f2f$paramod$1f2a53c81288c8960da730838233c3574678ca79\_90_shift_shiftx'.

5.137. Executing OPT_MUXTREE pass (detect dead branches in mux trees).
Running muxtree optimizer on module $paramod$constmap:869c8324bcfe0a5eaebfb0c1203e893f0fcd6f2f$paramod$1f2a53c81288c8960da730838233c3574678ca79\_90_shift_shiftx..
  Creating internal representation of mux trees.
  Evaluating internal representation of mux trees.
  Analyzing evaluation results.
    dead port 2/2 on $mux $procmux$6088.
    dead port 2/2 on $mux $procmux$6082.
    dead port 2/2 on $mux $procmux$6076.
    dead port 2/2 on $mux $procmux$6070.
    dead port 2/2 on $mux $procmux$6064.
    dead port 2/2 on $mux $procmux$6058.
    dead port 2/2 on $mux $procmux$6052.
Removed 7 multiplexer ports.
<suppressed ~26 debug messages>

5.138. Executing OPT_EXPR pass (perform const folding).
Optimizing module $paramod$constmap:869c8324bcfe0a5eaebfb0c1203e893f0fcd6f2f$paramod$1f2a53c81288c8960da730838233c3574678ca79\_90_shift_shiftx.
<suppressed ~27 debug messages>
Removed 0 unused cells and 12 unused wires.
Using template $paramod$constmap:869c8324bcfe0a5eaebfb0c1203e893f0fcd6f2f$paramod$1f2a53c81288c8960da730838233c3574678ca79\_90_shift_shiftx for cells of type $shift.
Analyzing pattern of constant bits for this cell:
  Constant input on bit 0 of port A: 1'1
  Constant input on bit 1 of port A: 1'1
  Constant input on bit 2 of port A: 1'1
  Constant input on bit 3 of port A: 1'0
  Constant input on bit 4 of port A: 1'1
  Constant input on bit 5 of port A: 1'1
Creating constmapped module `$paramod$constmap:d7879ef03bfb3e832a8350971105af5a3b054de6$paramod$1f2a53c81288c8960da730838233c3574678ca79\_90_shift_shiftx'.

5.139. Executing OPT_MUXTREE pass (detect dead branches in mux trees).
Running muxtree optimizer on module $paramod$constmap:d7879ef03bfb3e832a8350971105af5a3b054de6$paramod$1f2a53c81288c8960da730838233c3574678ca79\_90_shift_shiftx..
  Creating internal representation of mux trees.
  Evaluating internal representation of mux trees.
  Analyzing evaluation results.
    dead port 2/2 on $mux $procmux$6088.
    dead port 2/2 on $mux $procmux$6082.
    dead port 2/2 on $mux $procmux$6076.
    dead port 2/2 on $mux $procmux$6070.
    dead port 2/2 on $mux $procmux$6064.
    dead port 2/2 on $mux $procmux$6058.
    dead port 2/2 on $mux $procmux$6052.
Removed 7 multiplexer ports.
<suppressed ~26 debug messages>

5.140. Executing OPT_EXPR pass (perform const folding).
Optimizing module $paramod$constmap:d7879ef03bfb3e832a8350971105af5a3b054de6$paramod$1f2a53c81288c8960da730838233c3574678ca79\_90_shift_shiftx.
<suppressed ~27 debug messages>
Removed 0 unused cells and 12 unused wires.
Using template $paramod$constmap:d7879ef03bfb3e832a8350971105af5a3b054de6$paramod$1f2a53c81288c8960da730838233c3574678ca79\_90_shift_shiftx for cells of type $shift.
Analyzing pattern of constant bits for this cell:
  Constant input on bit 0 of port A: 1'0
  Constant input on bit 1 of port A: 1'0
  Constant input on bit 2 of port A: 1'0
  Constant input on bit 3 of port A: 1'1
  Constant input on bit 4 of port A: 1'1
  Constant input on bit 5 of port A: 1'1
Creating constmapped module `$paramod$constmap:0683f40455f59c8faa0c30259b4aadf6703bb49c$paramod$1f2a53c81288c8960da730838233c3574678ca79\_90_shift_shiftx'.

5.141. Executing OPT_MUXTREE pass (detect dead branches in mux trees).
Running muxtree optimizer on module $paramod$constmap:0683f40455f59c8faa0c30259b4aadf6703bb49c$paramod$1f2a53c81288c8960da730838233c3574678ca79\_90_shift_shiftx..
  Creating internal representation of mux trees.
  Evaluating internal representation of mux trees.
  Analyzing evaluation results.
    dead port 2/2 on $mux $procmux$6088.
    dead port 2/2 on $mux $procmux$6082.
    dead port 2/2 on $mux $procmux$6076.
    dead port 2/2 on $mux $procmux$6070.
    dead port 2/2 on $mux $procmux$6064.
    dead port 2/2 on $mux $procmux$6058.
    dead port 2/2 on $mux $procmux$6052.
Removed 7 multiplexer ports.
<suppressed ~26 debug messages>

5.142. Executing OPT_EXPR pass (perform const folding).
Optimizing module $paramod$constmap:0683f40455f59c8faa0c30259b4aadf6703bb49c$paramod$1f2a53c81288c8960da730838233c3574678ca79\_90_shift_shiftx.
<suppressed ~27 debug messages>
Removed 0 unused cells and 12 unused wires.
Using template $paramod$constmap:0683f40455f59c8faa0c30259b4aadf6703bb49c$paramod$1f2a53c81288c8960da730838233c3574678ca79\_90_shift_shiftx for cells of type $shift.
Analyzing pattern of constant bits for this cell:
  Constant input on bit 0 of port A: 1'1
  Constant input on bit 1 of port A: 1'0
  Constant input on bit 2 of port A: 1'0
  Constant input on bit 3 of port A: 1'1
  Constant input on bit 4 of port A: 1'1
  Constant input on bit 5 of port A: 1'1
Creating constmapped module `$paramod$constmap:e3cfe3a28adce9cbcf9cbc3cad1535325596121d$paramod$1f2a53c81288c8960da730838233c3574678ca79\_90_shift_shiftx'.

5.143. Executing OPT_MUXTREE pass (detect dead branches in mux trees).
Running muxtree optimizer on module $paramod$constmap:e3cfe3a28adce9cbcf9cbc3cad1535325596121d$paramod$1f2a53c81288c8960da730838233c3574678ca79\_90_shift_shiftx..
  Creating internal representation of mux trees.
  Evaluating internal representation of mux trees.
  Analyzing evaluation results.
    dead port 2/2 on $mux $procmux$6088.
    dead port 2/2 on $mux $procmux$6082.
    dead port 2/2 on $mux $procmux$6076.
    dead port 2/2 on $mux $procmux$6070.
    dead port 2/2 on $mux $procmux$6064.
    dead port 2/2 on $mux $procmux$6058.
    dead port 2/2 on $mux $procmux$6052.
Removed 7 multiplexer ports.
<suppressed ~26 debug messages>

5.144. Executing OPT_EXPR pass (perform const folding).
Optimizing module $paramod$constmap:e3cfe3a28adce9cbcf9cbc3cad1535325596121d$paramod$1f2a53c81288c8960da730838233c3574678ca79\_90_shift_shiftx.
<suppressed ~27 debug messages>
Removed 0 unused cells and 12 unused wires.
Using template $paramod$constmap:e3cfe3a28adce9cbcf9cbc3cad1535325596121d$paramod$1f2a53c81288c8960da730838233c3574678ca79\_90_shift_shiftx for cells of type $shift.
Analyzing pattern of constant bits for this cell:
  Constant input on bit 0 of port A: 1'0
  Constant input on bit 1 of port A: 1'1
  Constant input on bit 2 of port A: 1'0
  Constant input on bit 3 of port A: 1'1
  Constant input on bit 4 of port A: 1'1
  Constant input on bit 5 of port A: 1'1
Creating constmapped module `$paramod$constmap:3ba35d72253bcbd136f936324faf44248ab6683d$paramod$1f2a53c81288c8960da730838233c3574678ca79\_90_shift_shiftx'.

5.145. Executing OPT_MUXTREE pass (detect dead branches in mux trees).
Running muxtree optimizer on module $paramod$constmap:3ba35d72253bcbd136f936324faf44248ab6683d$paramod$1f2a53c81288c8960da730838233c3574678ca79\_90_shift_shiftx..
  Creating internal representation of mux trees.
  Evaluating internal representation of mux trees.
  Analyzing evaluation results.
    dead port 2/2 on $mux $procmux$6088.
    dead port 2/2 on $mux $procmux$6082.
    dead port 2/2 on $mux $procmux$6076.
    dead port 2/2 on $mux $procmux$6070.
    dead port 2/2 on $mux $procmux$6064.
    dead port 2/2 on $mux $procmux$6058.
    dead port 2/2 on $mux $procmux$6052.
Removed 7 multiplexer ports.
<suppressed ~26 debug messages>

5.146. Executing OPT_EXPR pass (perform const folding).
Optimizing module $paramod$constmap:3ba35d72253bcbd136f936324faf44248ab6683d$paramod$1f2a53c81288c8960da730838233c3574678ca79\_90_shift_shiftx.
<suppressed ~27 debug messages>
Removed 0 unused cells and 12 unused wires.
Using template $paramod$constmap:3ba35d72253bcbd136f936324faf44248ab6683d$paramod$1f2a53c81288c8960da730838233c3574678ca79\_90_shift_shiftx for cells of type $shift.
Analyzing pattern of constant bits for this cell:
  Constant input on bit 0 of port A: 1'1
  Constant input on bit 1 of port A: 1'1
  Constant input on bit 2 of port A: 1'0
  Constant input on bit 3 of port A: 1'1
  Constant input on bit 4 of port A: 1'1
  Constant input on bit 5 of port A: 1'1
Creating constmapped module `$paramod$constmap:368a5cd187a7ad9fbe5f93c80bb5dae1dd0ae2de$paramod$1f2a53c81288c8960da730838233c3574678ca79\_90_shift_shiftx'.

5.147. Executing OPT_MUXTREE pass (detect dead branches in mux trees).
Running muxtree optimizer on module $paramod$constmap:368a5cd187a7ad9fbe5f93c80bb5dae1dd0ae2de$paramod$1f2a53c81288c8960da730838233c3574678ca79\_90_shift_shiftx..
  Creating internal representation of mux trees.
  Evaluating internal representation of mux trees.
  Analyzing evaluation results.
    dead port 2/2 on $mux $procmux$6088.
    dead port 2/2 on $mux $procmux$6082.
    dead port 2/2 on $mux $procmux$6076.
    dead port 2/2 on $mux $procmux$6070.
    dead port 2/2 on $mux $procmux$6064.
    dead port 2/2 on $mux $procmux$6058.
    dead port 2/2 on $mux $procmux$6052.
Removed 7 multiplexer ports.
<suppressed ~26 debug messages>

5.148. Executing OPT_EXPR pass (perform const folding).
Optimizing module $paramod$constmap:368a5cd187a7ad9fbe5f93c80bb5dae1dd0ae2de$paramod$1f2a53c81288c8960da730838233c3574678ca79\_90_shift_shiftx.
<suppressed ~27 debug messages>
Removed 0 unused cells and 12 unused wires.
Using template $paramod$constmap:368a5cd187a7ad9fbe5f93c80bb5dae1dd0ae2de$paramod$1f2a53c81288c8960da730838233c3574678ca79\_90_shift_shiftx for cells of type $shift.
Analyzing pattern of constant bits for this cell:
  Constant input on bit 0 of port A: 1'0
  Constant input on bit 1 of port A: 1'0
  Constant input on bit 2 of port A: 1'1
  Constant input on bit 3 of port A: 1'1
  Constant input on bit 4 of port A: 1'1
  Constant input on bit 5 of port A: 1'1
Creating constmapped module `$paramod$constmap:2902a72c2e131151a2204b2b640ba9b18432b5a5$paramod$1f2a53c81288c8960da730838233c3574678ca79\_90_shift_shiftx'.

5.149. Executing OPT_MUXTREE pass (detect dead branches in mux trees).
Running muxtree optimizer on module $paramod$constmap:2902a72c2e131151a2204b2b640ba9b18432b5a5$paramod$1f2a53c81288c8960da730838233c3574678ca79\_90_shift_shiftx..
  Creating internal representation of mux trees.
  Evaluating internal representation of mux trees.
  Analyzing evaluation results.
    dead port 2/2 on $mux $procmux$6088.
    dead port 2/2 on $mux $procmux$6082.
    dead port 2/2 on $mux $procmux$6076.
    dead port 2/2 on $mux $procmux$6070.
    dead port 2/2 on $mux $procmux$6064.
    dead port 2/2 on $mux $procmux$6058.
    dead port 2/2 on $mux $procmux$6052.
Removed 7 multiplexer ports.
<suppressed ~26 debug messages>

5.150. Executing OPT_EXPR pass (perform const folding).
Optimizing module $paramod$constmap:2902a72c2e131151a2204b2b640ba9b18432b5a5$paramod$1f2a53c81288c8960da730838233c3574678ca79\_90_shift_shiftx.
<suppressed ~27 debug messages>
Removed 0 unused cells and 12 unused wires.
Using template $paramod$constmap:2902a72c2e131151a2204b2b640ba9b18432b5a5$paramod$1f2a53c81288c8960da730838233c3574678ca79\_90_shift_shiftx for cells of type $shift.
Analyzing pattern of constant bits for this cell:
  Constant input on bit 0 of port A: 1'1
  Constant input on bit 1 of port A: 1'0
  Constant input on bit 2 of port A: 1'1
  Constant input on bit 3 of port A: 1'1
  Constant input on bit 4 of port A: 1'1
  Constant input on bit 5 of port A: 1'1
Creating constmapped module `$paramod$constmap:f208792c57dd23de04099ae60f08c2560b47186c$paramod$1f2a53c81288c8960da730838233c3574678ca79\_90_shift_shiftx'.

5.151. Executing OPT_MUXTREE pass (detect dead branches in mux trees).
Running muxtree optimizer on module $paramod$constmap:f208792c57dd23de04099ae60f08c2560b47186c$paramod$1f2a53c81288c8960da730838233c3574678ca79\_90_shift_shiftx..
  Creating internal representation of mux trees.
  Evaluating internal representation of mux trees.
  Analyzing evaluation results.
    dead port 2/2 on $mux $procmux$6088.
    dead port 2/2 on $mux $procmux$6082.
    dead port 2/2 on $mux $procmux$6076.
    dead port 2/2 on $mux $procmux$6070.
    dead port 2/2 on $mux $procmux$6064.
    dead port 2/2 on $mux $procmux$6058.
    dead port 2/2 on $mux $procmux$6052.
Removed 7 multiplexer ports.
<suppressed ~26 debug messages>

5.152. Executing OPT_EXPR pass (perform const folding).
Optimizing module $paramod$constmap:f208792c57dd23de04099ae60f08c2560b47186c$paramod$1f2a53c81288c8960da730838233c3574678ca79\_90_shift_shiftx.
<suppressed ~27 debug messages>
Removed 0 unused cells and 12 unused wires.
Using template $paramod$constmap:f208792c57dd23de04099ae60f08c2560b47186c$paramod$1f2a53c81288c8960da730838233c3574678ca79\_90_shift_shiftx for cells of type $shift.
Analyzing pattern of constant bits for this cell:
  Constant input on bit 0 of port A: 1'0
  Constant input on bit 1 of port A: 1'1
  Constant input on bit 2 of port A: 1'1
  Constant input on bit 3 of port A: 1'1
  Constant input on bit 4 of port A: 1'1
  Constant input on bit 5 of port A: 1'1
Creating constmapped module `$paramod$constmap:ddd8d1970645129e6599d2603030e02e2a8a8bd9$paramod$1f2a53c81288c8960da730838233c3574678ca79\_90_shift_shiftx'.

5.153. Executing OPT_MUXTREE pass (detect dead branches in mux trees).
Running muxtree optimizer on module $paramod$constmap:ddd8d1970645129e6599d2603030e02e2a8a8bd9$paramod$1f2a53c81288c8960da730838233c3574678ca79\_90_shift_shiftx..
  Creating internal representation of mux trees.
  Evaluating internal representation of mux trees.
  Analyzing evaluation results.
    dead port 2/2 on $mux $procmux$6088.
    dead port 2/2 on $mux $procmux$6082.
    dead port 2/2 on $mux $procmux$6076.
    dead port 2/2 on $mux $procmux$6070.
    dead port 2/2 on $mux $procmux$6064.
    dead port 2/2 on $mux $procmux$6058.
    dead port 2/2 on $mux $procmux$6052.
Removed 7 multiplexer ports.
<suppressed ~26 debug messages>

5.154. Executing OPT_EXPR pass (perform const folding).
Optimizing module $paramod$constmap:ddd8d1970645129e6599d2603030e02e2a8a8bd9$paramod$1f2a53c81288c8960da730838233c3574678ca79\_90_shift_shiftx.
<suppressed ~27 debug messages>
Removed 0 unused cells and 12 unused wires.
Using template $paramod$constmap:ddd8d1970645129e6599d2603030e02e2a8a8bd9$paramod$1f2a53c81288c8960da730838233c3574678ca79\_90_shift_shiftx for cells of type $shift.
Running "alumacc" on wrapper $extern:wrap:$add:A_SIGNED=0:A_WIDTH=32:B_SIGNED=0:B_WIDTH=32:Y_WIDTH=32:394426c56d1a028ba8fdd5469b163e04011def47.
Using template $extern:wrap:$add:A_SIGNED=0:A_WIDTH=32:B_SIGNED=0:B_WIDTH=32:Y_WIDTH=32:394426c56d1a028ba8fdd5469b163e04011def47 for cells of type $extern:wrap:$add:A_SIGNED=0:A_WIDTH=32:B_SIGNED=0:B_WIDTH=32:Y_WIDTH=32:394426c56d1a028ba8fdd5469b163e04011def47.
Running "alumacc" on wrapper $extern:wrap:$add:A_SIGNED=0:A_WIDTH=16:B_SIGNED=0:B_WIDTH=32:Y_WIDTH=32:394426c56d1a028ba8fdd5469b163e04011def47.
Using template $extern:wrap:$add:A_SIGNED=0:A_WIDTH=16:B_SIGNED=0:B_WIDTH=32:Y_WIDTH=32:394426c56d1a028ba8fdd5469b163e04011def47 for cells of type $extern:wrap:$add:A_SIGNED=0:A_WIDTH=16:B_SIGNED=0:B_WIDTH=32:Y_WIDTH=32:394426c56d1a028ba8fdd5469b163e04011def47.
Running "alumacc" on wrapper $extern:wrap:$gt:A_SIGNED=0:A_WIDTH=32:B_SIGNED=0:B_WIDTH=16:Y_WIDTH=1:394426c56d1a028ba8fdd5469b163e04011def47.
Using template $extern:wrap:$gt:A_SIGNED=0:A_WIDTH=32:B_SIGNED=0:B_WIDTH=16:Y_WIDTH=1:394426c56d1a028ba8fdd5469b163e04011def47 for cells of type $extern:wrap:$gt:A_SIGNED=0:A_WIDTH=32:B_SIGNED=0:B_WIDTH=16:Y_WIDTH=1:394426c56d1a028ba8fdd5469b163e04011def47.
Using extmapper simplemap for cells of type $logic_or.
Running "alumacc" on wrapper $extern:wrap:$lt:A_SIGNED=0:A_WIDTH=16:B_SIGNED=0:B_WIDTH=16:Y_WIDTH=1:394426c56d1a028ba8fdd5469b163e04011def47.
Using template $extern:wrap:$lt:A_SIGNED=0:A_WIDTH=16:B_SIGNED=0:B_WIDTH=16:Y_WIDTH=1:394426c56d1a028ba8fdd5469b163e04011def47 for cells of type $extern:wrap:$lt:A_SIGNED=0:A_WIDTH=16:B_SIGNED=0:B_WIDTH=16:Y_WIDTH=1:394426c56d1a028ba8fdd5469b163e04011def47.
Using extmapper simplemap for cells of type $logic_and.
Running "alumacc" on wrapper $extern:wrap:$gt:A_SIGNED=0:A_WIDTH=6:B_SIGNED=0:B_WIDTH=6:Y_WIDTH=1:394426c56d1a028ba8fdd5469b163e04011def47.
Using template $extern:wrap:$gt:A_SIGNED=0:A_WIDTH=6:B_SIGNED=0:B_WIDTH=6:Y_WIDTH=1:394426c56d1a028ba8fdd5469b163e04011def47 for cells of type $extern:wrap:$gt:A_SIGNED=0:A_WIDTH=6:B_SIGNED=0:B_WIDTH=6:Y_WIDTH=1:394426c56d1a028ba8fdd5469b163e04011def47.
Running "alumacc" on wrapper $extern:wrap:$gt:A_SIGNED=0:A_WIDTH=7:B_SIGNED=0:B_WIDTH=32:Y_WIDTH=1:394426c56d1a028ba8fdd5469b163e04011def47.
Using template $extern:wrap:$gt:A_SIGNED=0:A_WIDTH=7:B_SIGNED=0:B_WIDTH=32:Y_WIDTH=1:394426c56d1a028ba8fdd5469b163e04011def47 for cells of type $extern:wrap:$gt:A_SIGNED=0:A_WIDTH=7:B_SIGNED=0:B_WIDTH=32:Y_WIDTH=1:394426c56d1a028ba8fdd5469b163e04011def47.
Running "alumacc" on wrapper $extern:wrap:$add:A_SIGNED=0:A_WIDTH=32:B_SIGNED=0:B_WIDTH=1:Y_WIDTH=32:394426c56d1a028ba8fdd5469b163e04011def47.
Using template $extern:wrap:$add:A_SIGNED=0:A_WIDTH=32:B_SIGNED=0:B_WIDTH=1:Y_WIDTH=32:394426c56d1a028ba8fdd5469b163e04011def47 for cells of type $extern:wrap:$add:A_SIGNED=0:A_WIDTH=32:B_SIGNED=0:B_WIDTH=1:Y_WIDTH=32:394426c56d1a028ba8fdd5469b163e04011def47.
Running "alumacc" on wrapper $extern:wrap:$add:A_SIGNED=0:A_WIDTH=6:B_SIGNED=0:B_WIDTH=6:Y_WIDTH=6:394426c56d1a028ba8fdd5469b163e04011def47.
Using template $extern:wrap:$add:A_SIGNED=0:A_WIDTH=6:B_SIGNED=0:B_WIDTH=6:Y_WIDTH=6:394426c56d1a028ba8fdd5469b163e04011def47 for cells of type $extern:wrap:$add:A_SIGNED=0:A_WIDTH=6:B_SIGNED=0:B_WIDTH=6:Y_WIDTH=6:394426c56d1a028ba8fdd5469b163e04011def47.
Using extmapper simplemap for cells of type $logic_not.
Using extmapper simplemap for cells of type $reduce_and.
Using extmapper simplemap for cells of type $sdffe.
Using extmapper simplemap for cells of type $ne.
Using template $paramod$e3e2a2ae1e4d598b5e0e0be67cc1104653ecf8c1\_90_alu for cells of type $alu.
Using extmapper maccmap for cells of type $macc.
  add 31'0000000000000000000000000000011 * $7\local_count[6:0] (31x7 bits, unsigned)
Using template $paramod$fdd20cfde6eff5e426e814d02912ca76c51febc9\_90_alu for cells of type $alu.
Using template $paramod$103b4016182df467cceab67bcf3e18e6361ec0fd\_90_alu for cells of type $alu.
  add 31'0000000000000000000000000000011 * $6\local_count[6:0] (31x7 bits, unsigned)
  add 31'0000000000000000000000000000011 * $8\local_count[6:0] (31x7 bits, unsigned)
  add 31'0000000000000000000000000000011 * $5\local_count[6:0] (31x7 bits, unsigned)
  add 31'0000000000000000000000000000011 * $4\local_count[6:0] (31x7 bits, unsigned)
  add 31'0000000000000000000000000000011 * $3\local_count[6:0] (31x7 bits, unsigned)
  add 31'0000000000000000000000000000011 * $9\local_count[6:0] (31x7 bits, unsigned)
  add 31'0000000000000000000000000000011 * $2\local_count[6:0] (31x7 bits, unsigned)
  add 31'0000000000000000000000000000011 * $1\local_count[6:0] (31x7 bits, unsigned)
  add 31'0000000000000000000000000000011 * $10\local_count[6:0] (31x7 bits, unsigned)
  add 31'0000000000000000000000000000011 * $11\local_count[6:0] (31x7 bits, unsigned)
  add 31'0000000000000000000000000000011 * $12\local_count[6:0] (31x7 bits, unsigned)
  add 31'0000000000000000000000000000011 * $13\local_count[6:0] (31x7 bits, unsigned)
  add 31'0000000000000000000000000000011 * $14\local_count[6:0] (31x7 bits, unsigned)
  add 31'0000000000000000000000000000011 * $15\local_count[6:0] (31x7 bits, unsigned)
  add 31'0000000000000000000000000000011 * $16\local_count[6:0] (31x7 bits, unsigned)
  add 31'0000000000000000000000000000011 * $17\local_count[6:0] (31x7 bits, unsigned)
  add 31'0000000000000000000000000000011 * $18\local_count[6:0] (31x7 bits, unsigned)
  add 31'0000000000000000000000000000011 * $19\local_count[6:0] (31x7 bits, unsigned)
  add 31'0000000000000000000000000000011 * $20\local_count[6:0] (31x7 bits, unsigned)
  add 31'0000000000000000000000000000011 * $21\local_count[6:0] (31x7 bits, unsigned)
  add 31'0000000000000000000000000000011 * $22\local_count[6:0] (31x7 bits, unsigned)
  add 31'0000000000000000000000000000011 * $23\local_count[6:0] (31x7 bits, unsigned)
  add 31'0000000000000000000000000000011 * $24\local_count[6:0] (31x7 bits, unsigned)
  add 31'0000000000000000000000000000011 * $25\local_count[6:0] (31x7 bits, unsigned)
  add 31'0000000000000000000000000000011 * $26\local_count[6:0] (31x7 bits, unsigned)
  add 31'0000000000000000000000000000011 * $27\local_count[6:0] (31x7 bits, unsigned)
  add 31'0000000000000000000000000000011 * $28\local_count[6:0] (31x7 bits, unsigned)
  add 31'0000000000000000000000000000011 * $29\local_count[6:0] (31x7 bits, unsigned)
  add 31'0000000000000000000000000000011 * $30\local_count[6:0] (31x7 bits, unsigned)
  add 31'0000000000000000000000000000011 * $31\local_count[6:0] (31x7 bits, unsigned)
  add 31'0000000000000000000000000000011 * $32\local_count[6:0] (31x7 bits, unsigned)
  add 31'0000000000000000000000000000011 * $33\local_count[6:0] (31x7 bits, unsigned)
  add 31'0000000000000000000000000000011 * $34\local_count[6:0] (31x7 bits, unsigned)
  add 31'0000000000000000000000000000011 * $35\local_count[6:0] (31x7 bits, unsigned)
  add 31'0000000000000000000000000000011 * $36\local_count[6:0] (31x7 bits, unsigned)
  add 31'0000000000000000000000000000011 * $37\local_count[6:0] (31x7 bits, unsigned)
  add 31'0000000000000000000000000000011 * $38\local_count[6:0] (31x7 bits, unsigned)
  add 31'0000000000000000000000000000011 * $39\local_count[6:0] (31x7 bits, unsigned)
  add 31'0000000000000000000000000000011 * $40\local_count[6:0] (31x7 bits, unsigned)
  add 31'0000000000000000000000000000011 * $41\local_count[6:0] (31x7 bits, unsigned)
  add 31'0000000000000000000000000000011 * $42\local_count[6:0] (31x7 bits, unsigned)
  add 31'0000000000000000000000000000011 * $43\local_count[6:0] (31x7 bits, unsigned)
  add 31'0000000000000000000000000000011 * $44\local_count[6:0] (31x7 bits, unsigned)
  add 31'0000000000000000000000000000011 * $45\local_count[6:0] (31x7 bits, unsigned)
  add 31'0000000000000000000000000000011 * $46\local_count[6:0] (31x7 bits, unsigned)
  add 31'0000000000000000000000000000011 * $47\local_count[6:0] (31x7 bits, unsigned)
  add 31'0000000000000000000000000000011 * $48\local_count[6:0] (31x7 bits, unsigned)
  add 31'0000000000000000000000000000011 * $49\local_count[6:0] (31x7 bits, unsigned)
  add 31'0000000000000000000000000000011 * $50\local_count[6:0] (31x7 bits, unsigned)
  add 31'0000000000000000000000000000011 * $51\local_count[6:0] (31x7 bits, unsigned)
  add 31'0000000000000000000000000000011 * $52\local_count[6:0] (31x7 bits, unsigned)
  add 31'0000000000000000000000000000011 * $53\local_count[6:0] (31x7 bits, unsigned)
  add 31'0000000000000000000000000000011 * $54\local_count[6:0] (31x7 bits, unsigned)
  add 31'0000000000000000000000000000011 * $55\local_count[6:0] (31x7 bits, unsigned)
  add 31'0000000000000000000000000000011 * $56\local_count[6:0] (31x7 bits, unsigned)
  add 31'0000000000000000000000000000011 * $57\local_count[6:0] (31x7 bits, unsigned)
  add 31'0000000000000000000000000000011 * $58\local_count[6:0] (31x7 bits, unsigned)
  add 31'0000000000000000000000000000011 * $59\local_count[6:0] (31x7 bits, unsigned)
  add 31'0000000000000000000000000000011 * $60\local_count[6:0] (31x7 bits, unsigned)
  add 31'0000000000000000000000000000011 * $61\local_count[6:0] (31x7 bits, unsigned)
  add 31'0000000000000000000000000000011 * $62\local_count[6:0] (31x7 bits, unsigned)
  add 31'0000000000000000000000000000011 * $63\local_count[6:0] (31x7 bits, unsigned)
  add 31'0000000000000000000000000000011 * \local_count (31x7 bits, unsigned)
Using template $paramod$fbc7873bff55778c0b3173955b7e4bce1d9d6834\_90_alu for cells of type $alu.
Using template $paramod$2bd81f420048247ff6903399c560fe0f8bd48ccc\_90_alu for cells of type $alu.
Using template $paramod$6df0329addda9228fcc2546de2aaf14ad26c98e1\_90_alu for cells of type $alu.
Using template $paramod$00298f3f8094950cb9a5ff2fda48d0d8bde8806c\_90_alu for cells of type $alu.
Using template $paramod$6a42b6fefed750f8a1c58eab59479d960557103c\_90_alu for cells of type $alu.
Using template $paramod\_90_lcu\WIDTH=32'00000000000000000000000000100001 for cells of type $lcu.
Using extmapper simplemap for cells of type $pos.
Using template $paramod\_90_fa\WIDTH=32'00000000000000000000000000011111 for cells of type $fa.
Using template $paramod$ebf89ea36a793f0f77858f212141d47c833068ad\_90_alu for cells of type $alu.
Using template $paramod\_90_lcu\WIDTH=32'00000000000000000000000000100000 for cells of type $lcu.
Using template $paramod\_90_lcu\WIDTH=32'00000000000000000000000000000111 for cells of type $lcu.
Using template $paramod\_90_lcu\WIDTH=32'00000000000000000000000000010000 for cells of type $lcu.
Using template $paramod\_90_lcu\WIDTH=32'00000000000000000000000000000110 for cells of type $lcu.
Using template $paramod\_90_lcu\WIDTH=32'00000000000000000000000000011111 for cells of type $lcu.
No more expansions possible.
<suppressed ~45805 debug messages>

6. Executing OPT pass (performing simple optimizations).

6.1. Executing OPT_EXPR pass (perform const folding).
Optimizing module xorflow_encoder_tile_engine.
<suppressed ~303727 debug messages>

6.2. Executing OPT_MERGE pass (detect identical cells).
Finding identical cells in module `\xorflow_encoder_tile_engine'.
<suppressed ~81111 debug messages>
Removed a total of 27037 cells.

6.3. Executing OPT_MUXTREE pass (detect dead branches in mux trees).
Running muxtree optimizer on module \xorflow_encoder_tile_engine..
  Creating internal representation of mux trees.
  No muxes found in this module.
Removed 0 multiplexer ports.

6.4. Executing OPT_REDUCE pass (consolidate $*mux and $reduce_* inputs).
  Optimizing cells in module \xorflow_encoder_tile_engine.
Performed a total of 0 changes.

6.5. Executing OPT_MERGE pass (detect identical cells).
Finding identical cells in module `\xorflow_encoder_tile_engine'.
Removed a total of 0 cells.

6.6. Executing OPT_DFF pass (perform DFF optimizations).

6.7. Executing OPT_CLEAN pass (remove unused cells and wires).
Finding unused cells or wires in module \xorflow_encoder_tile_engine..
Removed 7885 unused cells and 49023 unused wires.
<suppressed ~7886 debug messages>

6.8. Executing OPT_EXPR pass (perform const folding).
Optimizing module xorflow_encoder_tile_engine.
<suppressed ~495 debug messages>

6.9. Rerunning OPT passes. (Maybe there is more to do..)

6.10. Executing OPT_MUXTREE pass (detect dead branches in mux trees).
Running muxtree optimizer on module \xorflow_encoder_tile_engine..
  Creating internal representation of mux trees.
  No muxes found in this module.
Removed 0 multiplexer ports.

6.11. Executing OPT_REDUCE pass (consolidate $*mux and $reduce_* inputs).
  Optimizing cells in module \xorflow_encoder_tile_engine.
Performed a total of 0 changes.

6.12. Executing OPT_MERGE pass (detect identical cells).
Finding identical cells in module `\xorflow_encoder_tile_engine'.
<suppressed ~6 debug messages>
Removed a total of 2 cells.

6.13. Executing OPT_DFF pass (perform DFF optimizations).

6.14. Executing OPT_CLEAN pass (remove unused cells and wires).
Finding unused cells or wires in module \xorflow_encoder_tile_engine..
Removed 65 unused cells and 105 unused wires.
<suppressed ~66 debug messages>

6.15. Executing OPT_EXPR pass (perform const folding).
Optimizing module xorflow_encoder_tile_engine.

6.16. Rerunning OPT passes. (Maybe there is more to do..)

6.17. Executing OPT_MUXTREE pass (detect dead branches in mux trees).
Running muxtree optimizer on module \xorflow_encoder_tile_engine..
  Creating internal representation of mux trees.
  No muxes found in this module.
Removed 0 multiplexer ports.

6.18. Executing OPT_REDUCE pass (consolidate $*mux and $reduce_* inputs).
  Optimizing cells in module \xorflow_encoder_tile_engine.
Performed a total of 0 changes.

6.19. Executing OPT_MERGE pass (detect identical cells).
Finding identical cells in module `\xorflow_encoder_tile_engine'.
Removed a total of 0 cells.

6.20. Executing OPT_DFF pass (perform DFF optimizations).

6.21. Executing OPT_CLEAN pass (remove unused cells and wires).
Finding unused cells or wires in module \xorflow_encoder_tile_engine..

6.22. Executing OPT_EXPR pass (perform const folding).
Optimizing module xorflow_encoder_tile_engine.

6.23. Finished OPT passes. (There is nothing left to do.)

7. Executing ABC pass (technology mapping using ABC).

7.1. Extracting gate netlist of module `\xorflow_encoder_tile_engine' to `<abc-temp-dir>/input.blif'..
Extracted 43191 gates and 43854 wires to a netlist network with 660 inputs and 700 outputs.

7.1.1. Executing ABC.
Running ABC command: "<yosys-exe-dir>/yosys-abc" -s -f <abc-temp-dir>/abc.script 2>&1
ABC: ABC command line: "source <abc-temp-dir>/abc.script".
ABC: 
ABC: + read_blif <abc-temp-dir>/input.blif 
ABC: + read_library <abc-temp-dir>/stdcells.genlib 
ABC: Entered genlib library with 8 gates from file "<abc-temp-dir>/stdcells.genlib".
ABC: + strash 
ABC: + &get -n 
ABC: + &fraig -x 
ABC: + &put 
ABC: + scorr 
ABC: Warning: The network is combinational (run "fraig" or "fraig_sweep").
ABC: + dc2 
ABC: + dretime 
ABC: + strash 
ABC: + &get -n 
ABC: + &dch -f 
ABC: + &nf 
ABC: + &put 
ABC: + write_blif <abc-temp-dir>/output.blif 

7.1.2. Re-integrating ABC results.
ABC RESULTS:               MUX cells:      182
ABC RESULTS:               NOT cells:      679
ABC RESULTS:                OR cells:     2487
ABC RESULTS:               XOR cells:     1579
ABC RESULTS:              ZERO cells:       16
ABC RESULTS:               AND cells:     3822
ABC RESULTS:        internal signals:    42494
ABC RESULTS:           input signals:      660
ABC RESULTS:          output signals:      700
Removing temp directory.
Removed 0 unused cells and 8215 unused wires.

8. Printing statistics.

=== xorflow_encoder_tile_engine ===

   Number of wires:               8559
   Number of wire bits:           9838
   Number of public wires:          95
   Number of public wire bits:    1188
   Number of memories:               0
   Number of memory bits:            0
   Number of processes:              0
   Number of cells:               9444
     $_AND_                       3822
     $_MUX_                        182
     $_NOT_                        679
     $_OR_                        2487
     $_SDFFE_PN0P_                 695
     $_XOR_                       1579

Warnings: 1 unique messages, 1 total
End of script. Logfile hash: cbf00edcd2, CPU: user 73.27s system 4.23s, MEM: 1280.42 MB peak
Yosys 0.33 (git sha1 2584903a060)
Time spent: 33% 90x opt_expr (29 sec), 17% 1x techmap (15 sec), ...
