/home/rishabh/HPCA2/mosaic_delta_phase1/.scalesim-python -m mosaic_validation.scalesim_smoke_runner -c /home/rishabh/HPCA2/mosaic_delta_phase1/artifacts_phase3a/scalesim/array_32/scale.cfg -t /home/rishabh/HPCA2/mosaic_delta_phase1/artifacts_phase3a/scalesim/array_32/topology.csv -l /home/rishabh/HPCA2/mosaic_delta_phase1/artifacts_phase3a/scalesim/array_32/layout.csv -p /home/rishabh/HPCA2/mosaic_delta_phase1/artifacts_phase3a/scalesim/array_32/reports
====================================================
******************* SCALE SIM **********************
====================================================
Array Size: 	32x32
SRAM IFMAP (kB): 	256
SRAM Filter (kB): 	256
SRAM OFMAP (kB): 	256
Dataflow: 	Weight Stationary
topology file path: 	/home/rishabh/HPCA2/mosaic_delta_phase1/artifacts_phase3a/scalesim/array_32/topology.csv
layout file path: 	/home/rishabh/HPCA2/mosaic_delta_phase1/artifacts_phase3a/scalesim/array_32/layout.csv
Working in ESTIMATE BANDWIDTH mode.
====================================================

Running Layer 0
Total cycles: 453
Compute cycles: 189
Stall cycles: 0
Overall utilization: 0.13%
Mapping efficiency: 12.50%
Average IFMAP SRAM BW: 0.042 words/cycle
Average Filter SRAM BW: 1.354 words/cycle
Average OFMAP SRAM BW: 0.339 words/cycle
Average IFMAP DRAM BW: 0.015 words/cycle
Average Filter DRAM BW: 0.973 words/cycle
Average OFMAP DRAM BW: 32.000 words/cycle

Running Layer 1
Total cycles: 645
Compute cycles: 379
Stall cycles: 0
Overall utilization: 0.13%
Mapping efficiency: 12.50%
Average IFMAP SRAM BW: 0.042 words/cycle
Average Filter SRAM BW: 1.351 words/cycle
Average OFMAP SRAM BW: 0.338 words/cycle
Average IFMAP DRAM BW: 0.015 words/cycle
Average Filter DRAM BW: 1.947 words/cycle
Average OFMAP DRAM BW: 32.000 words/cycle

Running Layer 2
Total cycles: 453
Compute cycles: 189
Stall cycles: 0
Overall utilization: 0.26%
Mapping efficiency: 25.00%
Average IFMAP SRAM BW: 0.085 words/cycle
Average Filter SRAM BW: 2.709 words/cycle
Average OFMAP SRAM BW: 0.339 words/cycle
Average IFMAP DRAM BW: 0.030 words/cycle
Average Filter DRAM BW: 1.947 words/cycle
Average OFMAP DRAM BW: 32.000 words/cycle

Running Layer 3
Total cycles: 645
Compute cycles: 379
Stall cycles: 0
Overall utilization: 0.26%
Mapping efficiency: 25.00%
Average IFMAP SRAM BW: 0.084 words/cycle
Average Filter SRAM BW: 2.702 words/cycle
Average OFMAP SRAM BW: 0.338 words/cycle
Average IFMAP DRAM BW: 0.030 words/cycle
Average Filter DRAM BW: 3.894 words/cycle
Average OFMAP DRAM BW: 32.000 words/cycle

Running Layer 4
Total cycles: 453
Compute cycles: 189
Stall cycles: 0
Overall utilization: 0.53%
Mapping efficiency: 50.00%
Average IFMAP SRAM BW: 0.169 words/cycle
Average Filter SRAM BW: 5.418 words/cycle
Average OFMAP SRAM BW: 0.339 words/cycle
Average IFMAP DRAM BW: 0.061 words/cycle
Average Filter DRAM BW: 3.894 words/cycle
Average OFMAP DRAM BW: 32.000 words/cycle

Running Layer 5
Total cycles: 645
Compute cycles: 379
Stall cycles: 0
Overall utilization: 0.53%
Mapping efficiency: 50.00%
Average IFMAP SRAM BW: 0.169 words/cycle
Average Filter SRAM BW: 5.404 words/cycle
Average OFMAP SRAM BW: 0.338 words/cycle
Average IFMAP DRAM BW: 0.061 words/cycle
Average Filter DRAM BW: 7.787 words/cycle
Average OFMAP DRAM BW: 32.000 words/cycle

Running Layer 6
Total cycles: 453
Compute cycles: 189
Stall cycles: 0
Overall utilization: 1.06%
Mapping efficiency: 100.00%
Average IFMAP SRAM BW: 0.339 words/cycle
Average Filter SRAM BW: 10.836 words/cycle
Average OFMAP SRAM BW: 0.339 words/cycle
Average IFMAP DRAM BW: 0.122 words/cycle
Average Filter DRAM BW: 7.787 words/cycle
Average OFMAP DRAM BW: 32.000 words/cycle

Running Layer 7
Total cycles: 907
Compute cycles: 379
Stall cycles: 0
Overall utilization: 1.06%
Mapping efficiency: 100.00%
Average IFMAP SRAM BW: 0.338 words/cycle
Average Filter SRAM BW: 10.807 words/cycle
Average OFMAP SRAM BW: 0.338 words/cycle
Average IFMAP DRAM BW: 0.122 words/cycle
Average Filter DRAM BW: 7.802 words/cycle
Average OFMAP DRAM BW: 32.000 words/cycle

Running Layer 8
Total cycles: 907
Compute cycles: 379
Stall cycles: 0
Overall utilization: 1.06%
Mapping efficiency: 100.00%
Average IFMAP SRAM BW: 0.338 words/cycle
Average Filter SRAM BW: 10.807 words/cycle
Average OFMAP SRAM BW: 0.338 words/cycle
Average IFMAP DRAM BW: 0.243 words/cycle
Average Filter DRAM BW: 7.802 words/cycle
Average OFMAP DRAM BW: 32.000 words/cycle

Running Layer 9
Total cycles: 1815
Compute cycles: 759
Stall cycles: 0
Overall utilization: 1.05%
Mapping efficiency: 100.00%
Average IFMAP SRAM BW: 0.337 words/cycle
Average Filter SRAM BW: 10.793 words/cycle
Average OFMAP SRAM BW: 0.337 words/cycle
Average IFMAP DRAM BW: 0.243 words/cycle
Average Filter DRAM BW: 7.809 words/cycle
Average OFMAP DRAM BW: 32.000 words/cycle

Running Layer 10
Total cycles: 3369
Compute cycles: 1519
Stall cycles: 0
Overall utilization: 1.05%
Mapping efficiency: 100.00%
Average IFMAP SRAM BW: 0.337 words/cycle
Average Filter SRAM BW: 10.786 words/cycle
Average OFMAP SRAM BW: 0.337 words/cycle
Average IFMAP DRAM BW: 0.487 words/cycle
Average Filter DRAM BW: 8.929 words/cycle
Average OFMAP DRAM BW: 32.000 words/cycle

Running Layer 11
Total cycles: 457
Compute cycles: 191
Stall cycles: 0
Overall utilization: 0.26%
Mapping efficiency: 12.50%
Average IFMAP SRAM BW: 0.084 words/cycle
Average Filter SRAM BW: 1.340 words/cycle
Average OFMAP SRAM BW: 0.670 words/cycle
Average IFMAP DRAM BW: 0.030 words/cycle
Average Filter DRAM BW: 0.973 words/cycle
Average OFMAP DRAM BW: 32.000 words/cycle

Running Layer 12
Total cycles: 653
Compute cycles: 383
Stall cycles: 0
Overall utilization: 0.26%
Mapping efficiency: 12.50%
Average IFMAP SRAM BW: 0.084 words/cycle
Average Filter SRAM BW: 1.337 words/cycle
Average OFMAP SRAM BW: 0.668 words/cycle
Average IFMAP DRAM BW: 0.030 words/cycle
Average Filter DRAM BW: 1.947 words/cycle
Average OFMAP DRAM BW: 32.000 words/cycle

Running Layer 13
Total cycles: 457
Compute cycles: 191
Stall cycles: 0
Overall utilization: 0.52%
Mapping efficiency: 25.00%
Average IFMAP SRAM BW: 0.168 words/cycle
Average Filter SRAM BW: 2.681 words/cycle
Average OFMAP SRAM BW: 0.670 words/cycle
Average IFMAP DRAM BW: 0.061 words/cycle
Average Filter DRAM BW: 1.947 words/cycle
Average OFMAP DRAM BW: 32.000 words/cycle

Running Layer 14
Total cycles: 653
Compute cycles: 383
Stall cycles: 0
Overall utilization: 0.52%
Mapping efficiency: 25.00%
Average IFMAP SRAM BW: 0.167 words/cycle
Average Filter SRAM BW: 2.674 words/cycle
Average OFMAP SRAM BW: 0.668 words/cycle
Average IFMAP DRAM BW: 0.061 words/cycle
Average Filter DRAM BW: 3.894 words/cycle
Average OFMAP DRAM BW: 32.000 words/cycle

Running Layer 15
Total cycles: 457
Compute cycles: 191
Stall cycles: 0
Overall utilization: 1.05%
Mapping efficiency: 50.00%
Average IFMAP SRAM BW: 0.335 words/cycle
Average Filter SRAM BW: 5.361 words/cycle
Average OFMAP SRAM BW: 0.670 words/cycle
Average IFMAP DRAM BW: 0.122 words/cycle
Average Filter DRAM BW: 3.894 words/cycle
Average OFMAP DRAM BW: 32.000 words/cycle

Running Layer 16
Total cycles: 653
Compute cycles: 383
Stall cycles: 0
Overall utilization: 1.04%
Mapping efficiency: 50.00%
Average IFMAP SRAM BW: 0.334 words/cycle
Average Filter SRAM BW: 5.347 words/cycle
Average OFMAP SRAM BW: 0.668 words/cycle
Average IFMAP DRAM BW: 0.122 words/cycle
Average Filter DRAM BW: 7.787 words/cycle
Average OFMAP DRAM BW: 32.000 words/cycle

Running Layer 17
Total cycles: 457
Compute cycles: 191
Stall cycles: 0
Overall utilization: 2.09%
Mapping efficiency: 100.00%
Average IFMAP SRAM BW: 0.670 words/cycle
Average Filter SRAM BW: 10.723 words/cycle
Average OFMAP SRAM BW: 0.670 words/cycle
Average IFMAP DRAM BW: 0.243 words/cycle
Average Filter DRAM BW: 7.787 words/cycle
Average OFMAP DRAM BW: 32.000 words/cycle

Running Layer 18
Total cycles: 915
Compute cycles: 383
Stall cycles: 0
Overall utilization: 2.09%
Mapping efficiency: 100.00%
Average IFMAP SRAM BW: 0.668 words/cycle
Average Filter SRAM BW: 10.695 words/cycle
Average OFMAP SRAM BW: 0.668 words/cycle
Average IFMAP DRAM BW: 0.243 words/cycle
Average Filter DRAM BW: 7.802 words/cycle
Average OFMAP DRAM BW: 32.000 words/cycle

Running Layer 19
Total cycles: 915
Compute cycles: 383
Stall cycles: 0
Overall utilization: 2.09%
Mapping efficiency: 100.00%
Average IFMAP SRAM BW: 0.668 words/cycle
Average Filter SRAM BW: 10.695 words/cycle
Average OFMAP SRAM BW: 0.668 words/cycle
Average IFMAP DRAM BW: 0.487 words/cycle
Average Filter DRAM BW: 7.802 words/cycle
Average OFMAP DRAM BW: 32.000 words/cycle

Running Layer 20
Total cycles: 1831
Compute cycles: 767
Stall cycles: 0
Overall utilization: 2.09%
Mapping efficiency: 100.00%
Average IFMAP SRAM BW: 0.668 words/cycle
Average Filter SRAM BW: 10.681 words/cycle
Average OFMAP SRAM BW: 0.668 words/cycle
Average IFMAP DRAM BW: 0.487 words/cycle
Average Filter DRAM BW: 7.809 words/cycle
Average OFMAP DRAM BW: 32.000 words/cycle

Running Layer 21
Total cycles: 3401
Compute cycles: 1535
Stall cycles: 0
Overall utilization: 2.08%
Mapping efficiency: 100.00%
Average IFMAP SRAM BW: 0.667 words/cycle
Average Filter SRAM BW: 10.674 words/cycle
Average OFMAP SRAM BW: 0.667 words/cycle
Average IFMAP DRAM BW: 0.973 words/cycle
Average Filter DRAM BW: 8.929 words/cycle
Average OFMAP DRAM BW: 32.000 words/cycle

Running Layer 22
Total cycles: 461
Compute cycles: 193
Stall cycles: 0
Overall utilization: 0.39%
Mapping efficiency: 12.50%
Average IFMAP SRAM BW: 0.124 words/cycle
Average Filter SRAM BW: 1.326 words/cycle
Average OFMAP SRAM BW: 0.995 words/cycle
Average IFMAP DRAM BW: 0.046 words/cycle
Average Filter DRAM BW: 0.973 words/cycle
Average OFMAP DRAM BW: 32.000 words/cycle

Running Layer 23
Total cycles: 661
Compute cycles: 387
Stall cycles: 0
Overall utilization: 0.39%
Mapping efficiency: 12.50%
Average IFMAP SRAM BW: 0.124 words/cycle
Average Filter SRAM BW: 1.323 words/cycle
Average OFMAP SRAM BW: 0.992 words/cycle
Average IFMAP DRAM BW: 0.046 words/cycle
Average Filter DRAM BW: 1.947 words/cycle
Average OFMAP DRAM BW: 32.000 words/cycle

Running Layer 24
Total cycles: 461
Compute cycles: 193
Stall cycles: 0
Overall utilization: 0.78%
Mapping efficiency: 25.00%
Average IFMAP SRAM BW: 0.249 words/cycle
Average Filter SRAM BW: 2.653 words/cycle
Average OFMAP SRAM BW: 0.995 words/cycle
Average IFMAP DRAM BW: 0.091 words/cycle
Average Filter DRAM BW: 1.947 words/cycle
Average OFMAP DRAM BW: 32.000 words/cycle

Running Layer 25
Total cycles: 661
Compute cycles: 387
Stall cycles: 0
Overall utilization: 0.78%
Mapping efficiency: 25.00%
Average IFMAP SRAM BW: 0.248 words/cycle
Average Filter SRAM BW: 2.646 words/cycle
Average OFMAP SRAM BW: 0.992 words/cycle
Average IFMAP DRAM BW: 0.091 words/cycle
Average Filter DRAM BW: 3.894 words/cycle
Average OFMAP DRAM BW: 32.000 words/cycle

Running Layer 26
Total cycles: 461
Compute cycles: 193
Stall cycles: 0
Overall utilization: 1.55%
Mapping efficiency: 50.00%
Average IFMAP SRAM BW: 0.497 words/cycle
Average Filter SRAM BW: 5.306 words/cycle
Average OFMAP SRAM BW: 0.995 words/cycle
Average IFMAP DRAM BW: 0.183 words/cycle
Average Filter DRAM BW: 3.894 words/cycle
Average OFMAP DRAM BW: 32.000 words/cycle

Running Layer 27
Total cycles: 661
Compute cycles: 387
Stall cycles: 0
Overall utilization: 1.55%
Mapping efficiency: 50.00%
Average IFMAP SRAM BW: 0.496 words/cycle
Average Filter SRAM BW: 5.292 words/cycle
Average OFMAP SRAM BW: 0.992 words/cycle
Average IFMAP DRAM BW: 0.183 words/cycle
Average Filter DRAM BW: 7.787 words/cycle
Average OFMAP DRAM BW: 32.000 words/cycle

Running Layer 28
Total cycles: 461
Compute cycles: 193
Stall cycles: 0
Overall utilization: 3.11%
Mapping efficiency: 100.00%
Average IFMAP SRAM BW: 0.995 words/cycle
Average Filter SRAM BW: 10.611 words/cycle
Average OFMAP SRAM BW: 0.995 words/cycle
Average IFMAP DRAM BW: 0.365 words/cycle
Average Filter DRAM BW: 7.787 words/cycle
Average OFMAP DRAM BW: 32.000 words/cycle

Running Layer 29
Total cycles: 923
Compute cycles: 387
Stall cycles: 0
Overall utilization: 3.10%
Mapping efficiency: 100.00%
Average IFMAP SRAM BW: 0.992 words/cycle
Average Filter SRAM BW: 10.584 words/cycle
Average OFMAP SRAM BW: 0.992 words/cycle
Average IFMAP DRAM BW: 0.365 words/cycle
Average Filter DRAM BW: 7.802 words/cycle
Average OFMAP DRAM BW: 32.000 words/cycle

Running Layer 30
Total cycles: 923
Compute cycles: 387
Stall cycles: 0
Overall utilization: 3.10%
Mapping efficiency: 100.00%
Average IFMAP SRAM BW: 0.992 words/cycle
Average Filter SRAM BW: 10.584 words/cycle
Average OFMAP SRAM BW: 0.992 words/cycle
Average IFMAP DRAM BW: 0.730 words/cycle
Average Filter DRAM BW: 7.802 words/cycle
Average OFMAP DRAM BW: 32.000 words/cycle

Running Layer 31
Total cycles: 1847
Compute cycles: 775
Stall cycles: 0
Overall utilization: 3.10%
Mapping efficiency: 100.00%
Average IFMAP SRAM BW: 0.991 words/cycle
Average Filter SRAM BW: 10.570 words/cycle
Average OFMAP SRAM BW: 0.991 words/cycle
Average IFMAP DRAM BW: 0.730 words/cycle
Average Filter DRAM BW: 7.809 words/cycle
Average OFMAP DRAM BW: 32.000 words/cycle

Running Layer 32
Total cycles: 3433
Compute cycles: 1551
Stall cycles: 0
Overall utilization: 3.09%
Mapping efficiency: 100.00%
Average IFMAP SRAM BW: 0.990 words/cycle
Average Filter SRAM BW: 10.564 words/cycle
Average OFMAP SRAM BW: 0.990 words/cycle
Average IFMAP DRAM BW: 1.460 words/cycle
Average Filter DRAM BW: 8.929 words/cycle
Average OFMAP DRAM BW: 32.000 words/cycle

Running Layer 33
Total cycles: 465
Compute cycles: 195
Stall cycles: 0
Overall utilization: 0.51%
Mapping efficiency: 12.50%
Average IFMAP SRAM BW: 0.164 words/cycle
Average Filter SRAM BW: 1.313 words/cycle
Average OFMAP SRAM BW: 1.313 words/cycle
Average IFMAP DRAM BW: 0.061 words/cycle
Average Filter DRAM BW: 0.973 words/cycle
Average OFMAP DRAM BW: 32.000 words/cycle

Running Layer 34
Total cycles: 669
Compute cycles: 391
Stall cycles: 0
Overall utilization: 0.51%
Mapping efficiency: 12.50%
Average IFMAP SRAM BW: 0.164 words/cycle
Average Filter SRAM BW: 1.309 words/cycle
Average OFMAP SRAM BW: 1.309 words/cycle
Average IFMAP DRAM BW: 0.061 words/cycle
Average Filter DRAM BW: 1.947 words/cycle
Average OFMAP DRAM BW: 32.000 words/cycle

Running Layer 35
Total cycles: 465
Compute cycles: 195
Stall cycles: 0
Overall utilization: 1.03%
Mapping efficiency: 25.00%
Average IFMAP SRAM BW: 0.328 words/cycle
Average Filter SRAM BW: 2.626 words/cycle
Average OFMAP SRAM BW: 1.313 words/cycle
Average IFMAP DRAM BW: 0.122 words/cycle
Average Filter DRAM BW: 1.947 words/cycle
Average OFMAP DRAM BW: 32.000 words/cycle

Running Layer 36
Total cycles: 669
Compute cycles: 391
Stall cycles: 0
Overall utilization: 1.02%
Mapping efficiency: 25.00%
Average IFMAP SRAM BW: 0.327 words/cycle
Average Filter SRAM BW: 2.619 words/cycle
Average OFMAP SRAM BW: 1.309 words/cycle
Average IFMAP DRAM BW: 0.122 words/cycle
Average Filter DRAM BW: 3.894 words/cycle
Average OFMAP DRAM BW: 32.000 words/cycle

Running Layer 37
Total cycles: 465
Compute cycles: 195
Stall cycles: 0
Overall utilization: 2.05%
Mapping efficiency: 50.00%
Average IFMAP SRAM BW: 0.656 words/cycle
Average Filter SRAM BW: 5.251 words/cycle
Average OFMAP SRAM BW: 1.313 words/cycle
Average IFMAP DRAM BW: 0.243 words/cycle
Average Filter DRAM BW: 3.894 words/cycle
Average OFMAP DRAM BW: 32.000 words/cycle

Running Layer 38
Total cycles: 669
Compute cycles: 391
Stall cycles: 0
Overall utilization: 2.05%
Mapping efficiency: 50.00%
Average IFMAP SRAM BW: 0.655 words/cycle
Average Filter SRAM BW: 5.238 words/cycle
Average OFMAP SRAM BW: 1.309 words/cycle
Average IFMAP DRAM BW: 0.243 words/cycle
Average Filter DRAM BW: 7.787 words/cycle
Average OFMAP DRAM BW: 32.000 words/cycle

Running Layer 39
Total cycles: 465
Compute cycles: 195
Stall cycles: 0
Overall utilization: 4.10%
Mapping efficiency: 100.00%
Average IFMAP SRAM BW: 1.313 words/cycle
Average Filter SRAM BW: 10.503 words/cycle
Average OFMAP SRAM BW: 1.313 words/cycle
Average IFMAP DRAM BW: 0.487 words/cycle
Average Filter DRAM BW: 7.787 words/cycle
Average OFMAP DRAM BW: 32.000 words/cycle

Running Layer 40
Total cycles: 931
Compute cycles: 391
Stall cycles: 0
Overall utilization: 4.09%
Mapping efficiency: 100.00%
Average IFMAP SRAM BW: 1.309 words/cycle
Average Filter SRAM BW: 10.476 words/cycle
Average OFMAP SRAM BW: 1.309 words/cycle
Average IFMAP DRAM BW: 0.487 words/cycle
Average Filter DRAM BW: 7.802 words/cycle
Average OFMAP DRAM BW: 32.000 words/cycle

Running Layer 41
Total cycles: 931
Compute cycles: 391
Stall cycles: 0
Overall utilization: 4.09%
Mapping efficiency: 100.00%
Average IFMAP SRAM BW: 1.309 words/cycle
Average Filter SRAM BW: 10.476 words/cycle
Average OFMAP SRAM BW: 1.309 words/cycle
Average IFMAP DRAM BW: 0.973 words/cycle
Average Filter DRAM BW: 7.802 words/cycle
Average OFMAP DRAM BW: 32.000 words/cycle

Running Layer 42
Total cycles: 1863
Compute cycles: 783
Stall cycles: 0
Overall utilization: 4.09%
Mapping efficiency: 100.00%
Average IFMAP SRAM BW: 1.308 words/cycle
Average Filter SRAM BW: 10.462 words/cycle
Average OFMAP SRAM BW: 1.308 words/cycle
Average IFMAP DRAM BW: 0.973 words/cycle
Average Filter DRAM BW: 7.809 words/cycle
Average OFMAP DRAM BW: 32.000 words/cycle

Running Layer 43
Total cycles: 3465
Compute cycles: 1567
Stall cycles: 0
Overall utilization: 4.08%
Mapping efficiency: 100.00%
Average IFMAP SRAM BW: 1.307 words/cycle
Average Filter SRAM BW: 10.456 words/cycle
Average OFMAP SRAM BW: 1.307 words/cycle
Average IFMAP DRAM BW: 1.947 words/cycle
Average Filter DRAM BW: 8.929 words/cycle
Average OFMAP DRAM BW: 32.000 words/cycle

Running Layer 44
Total cycles: 469
Compute cycles: 197
Stall cycles: 0
Overall utilization: 0.63%
Mapping efficiency: 12.50%
Average IFMAP SRAM BW: 0.203 words/cycle
Average Filter SRAM BW: 1.299 words/cycle
Average OFMAP SRAM BW: 1.624 words/cycle
Average IFMAP DRAM BW: 0.076 words/cycle
Average Filter DRAM BW: 0.973 words/cycle
Average OFMAP DRAM BW: 32.000 words/cycle

Running Layer 45
Total cycles: 677
Compute cycles: 395
Stall cycles: 0
Overall utilization: 0.63%
Mapping efficiency: 12.50%
Average IFMAP SRAM BW: 0.203 words/cycle
Average Filter SRAM BW: 1.296 words/cycle
Average OFMAP SRAM BW: 1.620 words/cycle
Average IFMAP DRAM BW: 0.076 words/cycle
Average Filter DRAM BW: 1.947 words/cycle
Average OFMAP DRAM BW: 32.000 words/cycle

Running Layer 46
Total cycles: 469
Compute cycles: 197
Stall cycles: 0
Overall utilization: 1.27%
Mapping efficiency: 25.00%
Average IFMAP SRAM BW: 0.406 words/cycle
Average Filter SRAM BW: 2.599 words/cycle
Average OFMAP SRAM BW: 1.624 words/cycle
Average IFMAP DRAM BW: 0.152 words/cycle
Average Filter DRAM BW: 1.947 words/cycle
Average OFMAP DRAM BW: 32.000 words/cycle

Running Layer 47
Total cycles: 677
Compute cycles: 395
Stall cycles: 0
Overall utilization: 1.27%
Mapping efficiency: 25.00%
Average IFMAP SRAM BW: 0.405 words/cycle
Average Filter SRAM BW: 2.592 words/cycle
Average OFMAP SRAM BW: 1.620 words/cycle
Average IFMAP DRAM BW: 0.152 words/cycle
Average Filter DRAM BW: 3.894 words/cycle
Average OFMAP DRAM BW: 32.000 words/cycle

Running Layer 48
Total cycles: 469
Compute cycles: 197
Stall cycles: 0
Overall utilization: 2.54%
Mapping efficiency: 50.00%
Average IFMAP SRAM BW: 0.812 words/cycle
Average Filter SRAM BW: 5.198 words/cycle
Average OFMAP SRAM BW: 1.624 words/cycle
Average IFMAP DRAM BW: 0.304 words/cycle
Average Filter DRAM BW: 3.894 words/cycle
Average OFMAP DRAM BW: 32.000 words/cycle

Running Layer 49
Total cycles: 677
Compute cycles: 395
Stall cycles: 0
Overall utilization: 2.53%
Mapping efficiency: 50.00%
Average IFMAP SRAM BW: 0.810 words/cycle
Average Filter SRAM BW: 5.185 words/cycle
Average OFMAP SRAM BW: 1.620 words/cycle
Average IFMAP DRAM BW: 0.304 words/cycle
Average Filter DRAM BW: 7.787 words/cycle
Average OFMAP DRAM BW: 32.000 words/cycle

Running Layer 50
Total cycles: 469
Compute cycles: 197
Stall cycles: 0
Overall utilization: 5.08%
Mapping efficiency: 100.00%
Average IFMAP SRAM BW: 1.624 words/cycle
Average Filter SRAM BW: 10.396 words/cycle
Average OFMAP SRAM BW: 1.624 words/cycle
Average IFMAP DRAM BW: 0.608 words/cycle
Average Filter DRAM BW: 7.787 words/cycle
Average OFMAP DRAM BW: 32.000 words/cycle

Running Layer 51
Total cycles: 939
Compute cycles: 395
Stall cycles: 0
Overall utilization: 5.06%
Mapping efficiency: 100.00%
Average IFMAP SRAM BW: 1.620 words/cycle
Average Filter SRAM BW: 10.370 words/cycle
Average OFMAP SRAM BW: 1.620 words/cycle
Average IFMAP DRAM BW: 0.608 words/cycle
Average Filter DRAM BW: 7.802 words/cycle
Average OFMAP DRAM BW: 32.000 words/cycle

Running Layer 52
Total cycles: 939
Compute cycles: 395
Stall cycles: 0
Overall utilization: 5.06%
Mapping efficiency: 100.00%
Average IFMAP SRAM BW: 1.620 words/cycle
Average Filter SRAM BW: 10.370 words/cycle
Average OFMAP SRAM BW: 1.620 words/cycle
Average IFMAP DRAM BW: 1.217 words/cycle
Average Filter DRAM BW: 7.802 words/cycle
Average OFMAP DRAM BW: 32.000 words/cycle

Running Layer 53
Total cycles: 1879
Compute cycles: 791
Stall cycles: 0
Overall utilization: 5.06%
Mapping efficiency: 100.00%
Average IFMAP SRAM BW: 1.618 words/cycle
Average Filter SRAM BW: 10.357 words/cycle
Average OFMAP SRAM BW: 1.618 words/cycle
Average IFMAP DRAM BW: 1.217 words/cycle
Average Filter DRAM BW: 7.809 words/cycle
Average OFMAP DRAM BW: 32.000 words/cycle

Running Layer 54
Total cycles: 3497
Compute cycles: 1583
Stall cycles: 0
Overall utilization: 5.05%
Mapping efficiency: 100.00%
Average IFMAP SRAM BW: 1.617 words/cycle
Average Filter SRAM BW: 10.350 words/cycle
Average OFMAP SRAM BW: 1.617 words/cycle
Average IFMAP DRAM BW: 2.433 words/cycle
Average Filter DRAM BW: 8.929 words/cycle
Average OFMAP DRAM BW: 32.000 words/cycle

Running Layer 55
Total cycles: 473
Compute cycles: 199
Stall cycles: 0
Overall utilization: 0.75%
Mapping efficiency: 12.50%
Average IFMAP SRAM BW: 0.241 words/cycle
Average Filter SRAM BW: 1.286 words/cycle
Average OFMAP SRAM BW: 1.930 words/cycle
Average IFMAP DRAM BW: 0.091 words/cycle
Average Filter DRAM BW: 0.973 words/cycle
Average OFMAP DRAM BW: 32.000 words/cycle

Running Layer 56
Total cycles: 685
Compute cycles: 399
Stall cycles: 0
Overall utilization: 0.75%
Mapping efficiency: 12.50%
Average IFMAP SRAM BW: 0.241 words/cycle
Average Filter SRAM BW: 1.283 words/cycle
Average OFMAP SRAM BW: 1.925 words/cycle
Average IFMAP DRAM BW: 0.091 words/cycle
Average Filter DRAM BW: 1.947 words/cycle
Average OFMAP DRAM BW: 32.000 words/cycle

Running Layer 57
Total cycles: 473
Compute cycles: 199
Stall cycles: 0
Overall utilization: 1.51%
Mapping efficiency: 25.00%
Average IFMAP SRAM BW: 0.482 words/cycle
Average Filter SRAM BW: 2.573 words/cycle
Average OFMAP SRAM BW: 1.930 words/cycle
Average IFMAP DRAM BW: 0.183 words/cycle
Average Filter DRAM BW: 1.947 words/cycle
Average OFMAP DRAM BW: 32.000 words/cycle

Running Layer 58
Total cycles: 685
Compute cycles: 399
Stall cycles: 0
Overall utilization: 1.50%
Mapping efficiency: 25.00%
Average IFMAP SRAM BW: 0.481 words/cycle
Average Filter SRAM BW: 2.566 words/cycle
Average OFMAP SRAM BW: 1.925 words/cycle
Average IFMAP DRAM BW: 0.183 words/cycle
Average Filter DRAM BW: 3.894 words/cycle
Average OFMAP DRAM BW: 32.000 words/cycle

Running Layer 59
Total cycles: 473
Compute cycles: 199
Stall cycles: 0
Overall utilization: 3.02%
Mapping efficiency: 50.00%
Average IFMAP SRAM BW: 0.965 words/cycle
Average Filter SRAM BW: 5.146 words/cycle
Average OFMAP SRAM BW: 1.930 words/cycle
Average IFMAP DRAM BW: 0.365 words/cycle
Average Filter DRAM BW: 3.894 words/cycle
Average OFMAP DRAM BW: 32.000 words/cycle

Running Layer 60
Total cycles: 685
Compute cycles: 399
Stall cycles: 0
Overall utilization: 3.01%
Mapping efficiency: 50.00%
Average IFMAP SRAM BW: 0.962 words/cycle
Average Filter SRAM BW: 5.133 words/cycle
Average OFMAP SRAM BW: 1.925 words/cycle
Average IFMAP DRAM BW: 0.365 words/cycle
Average Filter DRAM BW: 7.787 words/cycle
Average OFMAP DRAM BW: 32.000 words/cycle

Running Layer 61
Total cycles: 473
Compute cycles: 199
Stall cycles: 0
Overall utilization: 6.03%
Mapping efficiency: 100.00%
Average IFMAP SRAM BW: 1.930 words/cycle
Average Filter SRAM BW: 10.291 words/cycle
Average OFMAP SRAM BW: 1.930 words/cycle
Average IFMAP DRAM BW: 0.730 words/cycle
Average Filter DRAM BW: 7.787 words/cycle
Average OFMAP DRAM BW: 32.000 words/cycle

Running Layer 62
Total cycles: 947
Compute cycles: 399
Stall cycles: 0
Overall utilization: 6.02%
Mapping efficiency: 100.00%
Average IFMAP SRAM BW: 1.925 words/cycle
Average Filter SRAM BW: 10.266 words/cycle
Average OFMAP SRAM BW: 1.925 words/cycle
Average IFMAP DRAM BW: 0.730 words/cycle
Average Filter DRAM BW: 7.802 words/cycle
Average OFMAP DRAM BW: 32.000 words/cycle

Running Layer 63
Total cycles: 947
Compute cycles: 399
Stall cycles: 0
Overall utilization: 6.02%
Mapping efficiency: 100.00%
Average IFMAP SRAM BW: 1.925 words/cycle
Average Filter SRAM BW: 10.266 words/cycle
Average OFMAP SRAM BW: 1.925 words/cycle
Average IFMAP DRAM BW: 1.460 words/cycle
Average Filter DRAM BW: 7.802 words/cycle
Average OFMAP DRAM BW: 32.000 words/cycle

Running Layer 64
Total cycles: 1895
Compute cycles: 799
Stall cycles: 0
Overall utilization: 6.01%
Mapping efficiency: 100.00%
Average IFMAP SRAM BW: 1.922 words/cycle
Average Filter SRAM BW: 10.253 words/cycle
Average OFMAP SRAM BW: 1.922 words/cycle
Average IFMAP DRAM BW: 1.460 words/cycle
Average Filter DRAM BW: 7.809 words/cycle
Average OFMAP DRAM BW: 32.000 words/cycle

Running Layer 65
Total cycles: 3529
Compute cycles: 1599
Stall cycles: 0
Overall utilization: 6.00%
Mapping efficiency: 100.00%
Average IFMAP SRAM BW: 1.921 words/cycle
Average Filter SRAM BW: 10.246 words/cycle
Average OFMAP SRAM BW: 1.921 words/cycle
Average IFMAP DRAM BW: 2.920 words/cycle
Average Filter DRAM BW: 8.929 words/cycle
Average OFMAP DRAM BW: 32.000 words/cycle

Running Layer 66
Total cycles: 477
Compute cycles: 201
Stall cycles: 0
Overall utilization: 0.87%
Mapping efficiency: 12.50%
Average IFMAP SRAM BW: 0.279 words/cycle
Average Filter SRAM BW: 1.274 words/cycle
Average OFMAP SRAM BW: 2.229 words/cycle
Average IFMAP DRAM BW: 0.106 words/cycle
Average Filter DRAM BW: 0.973 words/cycle
Average OFMAP DRAM BW: 32.000 words/cycle

Running Layer 67
Total cycles: 693
Compute cycles: 403
Stall cycles: 0
Overall utilization: 0.87%
Mapping efficiency: 12.50%
Average IFMAP SRAM BW: 0.278 words/cycle
Average Filter SRAM BW: 1.270 words/cycle
Average OFMAP SRAM BW: 2.223 words/cycle
Average IFMAP DRAM BW: 0.106 words/cycle
Average Filter DRAM BW: 1.947 words/cycle
Average OFMAP DRAM BW: 32.000 words/cycle

Running Layer 68
Total cycles: 477
Compute cycles: 201
Stall cycles: 0
Overall utilization: 1.74%
Mapping efficiency: 25.00%
Average IFMAP SRAM BW: 0.557 words/cycle
Average Filter SRAM BW: 2.547 words/cycle
Average OFMAP SRAM BW: 2.229 words/cycle
Average IFMAP DRAM BW: 0.213 words/cycle
Average Filter DRAM BW: 1.947 words/cycle
Average OFMAP DRAM BW: 32.000 words/cycle

Running Layer 69
Total cycles: 693
Compute cycles: 403
Stall cycles: 0
Overall utilization: 1.74%
Mapping efficiency: 25.00%
Average IFMAP SRAM BW: 0.556 words/cycle
Average Filter SRAM BW: 2.541 words/cycle
Average OFMAP SRAM BW: 2.223 words/cycle
Average IFMAP DRAM BW: 0.213 words/cycle
Average Filter DRAM BW: 3.894 words/cycle
Average OFMAP DRAM BW: 32.000 words/cycle

Running Layer 70
Total cycles: 477
Compute cycles: 201
Stall cycles: 0
Overall utilization: 3.48%
Mapping efficiency: 50.00%
Average IFMAP SRAM BW: 1.114 words/cycle
Average Filter SRAM BW: 5.095 words/cycle
Average OFMAP SRAM BW: 2.229 words/cycle
Average IFMAP DRAM BW: 0.426 words/cycle
Average Filter DRAM BW: 3.894 words/cycle
Average OFMAP DRAM BW: 32.000 words/cycle

Running Layer 71
Total cycles: 693
Compute cycles: 403
Stall cycles: 0
Overall utilization: 3.47%
Mapping efficiency: 50.00%
Average IFMAP SRAM BW: 1.112 words/cycle
Average Filter SRAM BW: 5.082 words/cycle
Average OFMAP SRAM BW: 2.223 words/cycle
Average IFMAP DRAM BW: 0.426 words/cycle
Average Filter DRAM BW: 7.787 words/cycle
Average OFMAP DRAM BW: 32.000 words/cycle

Running Layer 72
Total cycles: 477
Compute cycles: 201
Stall cycles: 0
Overall utilization: 6.97%
Mapping efficiency: 100.00%
Average IFMAP SRAM BW: 2.229 words/cycle
Average Filter SRAM BW: 10.189 words/cycle
Average OFMAP SRAM BW: 2.229 words/cycle
Average IFMAP DRAM BW: 0.852 words/cycle
Average Filter DRAM BW: 7.787 words/cycle
Average OFMAP DRAM BW: 32.000 words/cycle

Running Layer 73
Total cycles: 955
Compute cycles: 403
Stall cycles: 0
Overall utilization: 6.95%
Mapping efficiency: 100.00%
Average IFMAP SRAM BW: 2.223 words/cycle
Average Filter SRAM BW: 10.164 words/cycle
Average OFMAP SRAM BW: 2.223 words/cycle
Average IFMAP DRAM BW: 0.852 words/cycle
Average Filter DRAM BW: 7.802 words/cycle
Average OFMAP DRAM BW: 32.000 words/cycle

Running Layer 74
Total cycles: 955
Compute cycles: 403
Stall cycles: 0
Overall utilization: 6.95%
Mapping efficiency: 100.00%
Average IFMAP SRAM BW: 2.223 words/cycle
Average Filter SRAM BW: 10.164 words/cycle
Average OFMAP SRAM BW: 2.223 words/cycle
Average IFMAP DRAM BW: 1.703 words/cycle
Average Filter DRAM BW: 7.802 words/cycle
Average OFMAP DRAM BW: 32.000 words/cycle

Running Layer 75
Total cycles: 1911
Compute cycles: 807
Stall cycles: 0
Overall utilization: 6.94%
Mapping efficiency: 100.00%
Average IFMAP SRAM BW: 2.221 words/cycle
Average Filter SRAM BW: 10.151 words/cycle
Average OFMAP SRAM BW: 2.221 words/cycle
Average IFMAP DRAM BW: 1.703 words/cycle
Average Filter DRAM BW: 7.809 words/cycle
Average OFMAP DRAM BW: 32.000 words/cycle

Running Layer 76
Total cycles: 3561
Compute cycles: 1615
Stall cycles: 0
Overall utilization: 6.93%
Mapping efficiency: 100.00%
Average IFMAP SRAM BW: 2.219 words/cycle
Average Filter SRAM BW: 10.145 words/cycle
Average OFMAP SRAM BW: 2.219 words/cycle
Average IFMAP DRAM BW: 3.407 words/cycle
Average Filter DRAM BW: 8.929 words/cycle
Average OFMAP DRAM BW: 32.000 words/cycle

Running Layer 77
Total cycles: 481
Compute cycles: 203
Stall cycles: 0
Overall utilization: 0.99%
Mapping efficiency: 12.50%
Average IFMAP SRAM BW: 0.315 words/cycle
Average Filter SRAM BW: 1.261 words/cycle
Average OFMAP SRAM BW: 2.522 words/cycle
Average IFMAP DRAM BW: 0.122 words/cycle
Average Filter DRAM BW: 0.973 words/cycle
Average OFMAP DRAM BW: 32.000 words/cycle

Running Layer 78
Total cycles: 701
Compute cycles: 407
Stall cycles: 0
Overall utilization: 0.98%
Mapping efficiency: 12.50%
Average IFMAP SRAM BW: 0.314 words/cycle
Average Filter SRAM BW: 1.258 words/cycle
Average OFMAP SRAM BW: 2.516 words/cycle
Average IFMAP DRAM BW: 0.122 words/cycle
Average Filter DRAM BW: 1.947 words/cycle
Average OFMAP DRAM BW: 32.000 words/cycle

Running Layer 79
Total cycles: 481
Compute cycles: 203
Stall cycles: 0
Overall utilization: 1.97%
Mapping efficiency: 25.00%
Average IFMAP SRAM BW: 0.631 words/cycle
Average Filter SRAM BW: 2.522 words/cycle
Average OFMAP SRAM BW: 2.522 words/cycle
Average IFMAP DRAM BW: 0.243 words/cycle
Average Filter DRAM BW: 1.947 words/cycle
Average OFMAP DRAM BW: 32.000 words/cycle

Running Layer 80
Total cycles: 701
Compute cycles: 407
Stall cycles: 0
Overall utilization: 1.97%
Mapping efficiency: 25.00%
Average IFMAP SRAM BW: 0.629 words/cycle
Average Filter SRAM BW: 2.516 words/cycle
Average OFMAP SRAM BW: 2.516 words/cycle
Average IFMAP DRAM BW: 0.243 words/cycle
Average Filter DRAM BW: 3.894 words/cycle
Average OFMAP DRAM BW: 32.000 words/cycle

Running Layer 81
Total cycles: 481
Compute cycles: 203
Stall cycles: 0
Overall utilization: 3.94%
Mapping efficiency: 50.00%
Average IFMAP SRAM BW: 1.261 words/cycle
Average Filter SRAM BW: 5.044 words/cycle
Average OFMAP SRAM BW: 2.522 words/cycle
Average IFMAP DRAM BW: 0.487 words/cycle
Average Filter DRAM BW: 3.894 words/cycle
Average OFMAP DRAM BW: 32.000 words/cycle

Running Layer 82
Total cycles: 701
Compute cycles: 407
Stall cycles: 0
Overall utilization: 3.93%
Mapping efficiency: 50.00%
Average IFMAP SRAM BW: 1.258 words/cycle
Average Filter SRAM BW: 5.032 words/cycle
Average OFMAP SRAM BW: 2.516 words/cycle
Average IFMAP DRAM BW: 0.487 words/cycle
Average Filter DRAM BW: 7.787 words/cycle
Average OFMAP DRAM BW: 32.000 words/cycle

Running Layer 83
Total cycles: 481
Compute cycles: 203
Stall cycles: 0
Overall utilization: 7.88%
Mapping efficiency: 100.00%
Average IFMAP SRAM BW: 2.522 words/cycle
Average Filter SRAM BW: 10.089 words/cycle
Average OFMAP SRAM BW: 2.522 words/cycle
Average IFMAP DRAM BW: 0.973 words/cycle
Average Filter DRAM BW: 7.787 words/cycle
Average OFMAP DRAM BW: 32.000 words/cycle

Running Layer 84
Total cycles: 963
Compute cycles: 407
Stall cycles: 0
Overall utilization: 7.86%
Mapping efficiency: 100.00%
Average IFMAP SRAM BW: 2.516 words/cycle
Average Filter SRAM BW: 10.064 words/cycle
Average OFMAP SRAM BW: 2.516 words/cycle
Average IFMAP DRAM BW: 0.973 words/cycle
Average Filter DRAM BW: 7.802 words/cycle
Average OFMAP DRAM BW: 32.000 words/cycle

Running Layer 85
Total cycles: 963
Compute cycles: 407
Stall cycles: 0
Overall utilization: 7.86%
Mapping efficiency: 100.00%
Average IFMAP SRAM BW: 2.516 words/cycle
Average Filter SRAM BW: 10.064 words/cycle
Average OFMAP SRAM BW: 2.516 words/cycle
Average IFMAP DRAM BW: 1.947 words/cycle
Average Filter DRAM BW: 7.802 words/cycle
Average OFMAP DRAM BW: 32.000 words/cycle

Running Layer 86
Total cycles: 1927
Compute cycles: 815
Stall cycles: 0
Overall utilization: 7.85%
Mapping efficiency: 100.00%
Average IFMAP SRAM BW: 2.513 words/cycle
Average Filter SRAM BW: 10.052 words/cycle
Average OFMAP SRAM BW: 2.513 words/cycle
Average IFMAP DRAM BW: 1.947 words/cycle
Average Filter DRAM BW: 7.809 words/cycle
Average OFMAP DRAM BW: 32.000 words/cycle

Running Layer 87
Total cycles: 3593
Compute cycles: 1631
Stall cycles: 0
Overall utilization: 7.85%
Mapping efficiency: 100.00%
Average IFMAP SRAM BW: 2.511 words/cycle
Average Filter SRAM BW: 10.045 words/cycle
Average OFMAP SRAM BW: 2.511 words/cycle
Average IFMAP DRAM BW: 3.894 words/cycle
Average Filter DRAM BW: 8.929 words/cycle
Average OFMAP DRAM BW: 32.000 words/cycle

Running Layer 88
Total cycles: 485
Compute cycles: 205
Stall cycles: 0
Overall utilization: 1.10%
Mapping efficiency: 12.50%
Average IFMAP SRAM BW: 0.351 words/cycle
Average Filter SRAM BW: 1.249 words/cycle
Average OFMAP SRAM BW: 2.810 words/cycle
Average IFMAP DRAM BW: 0.137 words/cycle
Average Filter DRAM BW: 0.973 words/cycle
Average OFMAP DRAM BW: 32.000 words/cycle

Running Layer 89
Total cycles: 709
Compute cycles: 411
Stall cycles: 0
Overall utilization: 1.09%
Mapping efficiency: 12.50%
Average IFMAP SRAM BW: 0.350 words/cycle
Average Filter SRAM BW: 1.246 words/cycle
Average OFMAP SRAM BW: 2.803 words/cycle
Average IFMAP DRAM BW: 0.137 words/cycle
Average Filter DRAM BW: 1.947 words/cycle
Average OFMAP DRAM BW: 32.000 words/cycle

Running Layer 90
Total cycles: 485
Compute cycles: 205
Stall cycles: 0
Overall utilization: 2.20%
Mapping efficiency: 25.00%
Average IFMAP SRAM BW: 0.702 words/cycle
Average Filter SRAM BW: 2.498 words/cycle
Average OFMAP SRAM BW: 2.810 words/cycle
Average IFMAP DRAM BW: 0.274 words/cycle
Average Filter DRAM BW: 1.947 words/cycle
Average OFMAP DRAM BW: 32.000 words/cycle

Running Layer 91
Total cycles: 709
Compute cycles: 411
Stall cycles: 0
Overall utilization: 2.19%
Mapping efficiency: 25.00%
Average IFMAP SRAM BW: 0.701 words/cycle
Average Filter SRAM BW: 2.491 words/cycle
Average OFMAP SRAM BW: 2.803 words/cycle
Average IFMAP DRAM BW: 0.274 words/cycle
Average Filter DRAM BW: 3.894 words/cycle
Average OFMAP DRAM BW: 32.000 words/cycle

Running Layer 92
Total cycles: 485
Compute cycles: 205
Stall cycles: 0
Overall utilization: 4.39%
Mapping efficiency: 50.00%
Average IFMAP SRAM BW: 1.405 words/cycle
Average Filter SRAM BW: 4.995 words/cycle
Average OFMAP SRAM BW: 2.810 words/cycle
Average IFMAP DRAM BW: 0.548 words/cycle
Average Filter DRAM BW: 3.894 words/cycle
Average OFMAP DRAM BW: 32.000 words/cycle

Running Layer 93
Total cycles: 709
Compute cycles: 411
Stall cycles: 0
Overall utilization: 4.38%
Mapping efficiency: 50.00%
Average IFMAP SRAM BW: 1.401 words/cycle
Average Filter SRAM BW: 4.983 words/cycle
Average OFMAP SRAM BW: 2.803 words/cycle
Average IFMAP DRAM BW: 0.548 words/cycle
Average Filter DRAM BW: 7.787 words/cycle
Average OFMAP DRAM BW: 32.000 words/cycle

Running Layer 94
Total cycles: 485
Compute cycles: 205
Stall cycles: 0
Overall utilization: 8.78%
Mapping efficiency: 100.00%
Average IFMAP SRAM BW: 2.810 words/cycle
Average Filter SRAM BW: 9.990 words/cycle
Average OFMAP SRAM BW: 2.810 words/cycle
Average IFMAP DRAM BW: 1.095 words/cycle
Average Filter DRAM BW: 7.787 words/cycle
Average OFMAP DRAM BW: 32.000 words/cycle

Running Layer 95
Total cycles: 971
Compute cycles: 411
Stall cycles: 0
Overall utilization: 8.76%
Mapping efficiency: 100.00%
Average IFMAP SRAM BW: 2.803 words/cycle
Average Filter SRAM BW: 9.966 words/cycle
Average OFMAP SRAM BW: 2.803 words/cycle
Average IFMAP DRAM BW: 1.095 words/cycle
Average Filter DRAM BW: 7.802 words/cycle
Average OFMAP DRAM BW: 32.000 words/cycle

Running Layer 96
Total cycles: 971
Compute cycles: 411
Stall cycles: 0
Overall utilization: 8.76%
Mapping efficiency: 100.00%
Average IFMAP SRAM BW: 2.803 words/cycle
Average Filter SRAM BW: 9.966 words/cycle
Average OFMAP SRAM BW: 2.803 words/cycle
Average IFMAP DRAM BW: 2.190 words/cycle
Average Filter DRAM BW: 7.802 words/cycle
Average OFMAP DRAM BW: 32.000 words/cycle

Running Layer 97
Total cycles: 1943
Compute cycles: 823
Stall cycles: 0
Overall utilization: 8.75%
Mapping efficiency: 100.00%
Average IFMAP SRAM BW: 2.800 words/cycle
Average Filter SRAM BW: 9.954 words/cycle
Average OFMAP SRAM BW: 2.800 words/cycle
Average IFMAP DRAM BW: 2.190 words/cycle
Average Filter DRAM BW: 7.809 words/cycle
Average OFMAP DRAM BW: 32.000 words/cycle

Running Layer 98
Total cycles: 3625
Compute cycles: 1647
Stall cycles: 0
Overall utilization: 8.74%
Mapping efficiency: 100.00%
Average IFMAP SRAM BW: 2.798 words/cycle
Average Filter SRAM BW: 9.948 words/cycle
Average OFMAP SRAM BW: 2.798 words/cycle
Average IFMAP DRAM BW: 4.380 words/cycle
Average Filter DRAM BW: 8.929 words/cycle
Average OFMAP DRAM BW: 32.000 words/cycle

Running Layer 99
Total cycles: 489
Compute cycles: 207
Stall cycles: 0
Overall utilization: 1.21%
Mapping efficiency: 12.50%
Average IFMAP SRAM BW: 0.386 words/cycle
Average Filter SRAM BW: 1.237 words/cycle
Average OFMAP SRAM BW: 3.092 words/cycle
Average IFMAP DRAM BW: 0.152 words/cycle
Average Filter DRAM BW: 0.973 words/cycle
Average OFMAP DRAM BW: 32.000 words/cycle

Running Layer 100
Total cycles: 717
Compute cycles: 415
Stall cycles: 0
Overall utilization: 1.20%
Mapping efficiency: 12.50%
Average IFMAP SRAM BW: 0.386 words/cycle
Average Filter SRAM BW: 1.234 words/cycle
Average OFMAP SRAM BW: 3.084 words/cycle
Average IFMAP DRAM BW: 0.152 words/cycle
Average Filter DRAM BW: 1.947 words/cycle
Average OFMAP DRAM BW: 32.000 words/cycle

Running Layer 101
Total cycles: 489
Compute cycles: 207
Stall cycles: 0
Overall utilization: 2.42%
Mapping efficiency: 25.00%
Average IFMAP SRAM BW: 0.773 words/cycle
Average Filter SRAM BW: 2.473 words/cycle
Average OFMAP SRAM BW: 3.092 words/cycle
Average IFMAP DRAM BW: 0.304 words/cycle
Average Filter DRAM BW: 1.947 words/cycle
Average OFMAP DRAM BW: 32.000 words/cycle

Running Layer 102
Total cycles: 717
Compute cycles: 415
Stall cycles: 0
Overall utilization: 2.41%
Mapping efficiency: 25.00%
Average IFMAP SRAM BW: 0.771 words/cycle
Average Filter SRAM BW: 2.467 words/cycle
Average OFMAP SRAM BW: 3.084 words/cycle
Average IFMAP DRAM BW: 0.304 words/cycle
Average Filter DRAM BW: 3.894 words/cycle
Average OFMAP DRAM BW: 32.000 words/cycle

Running Layer 103
Total cycles: 489
Compute cycles: 207
Stall cycles: 0
Overall utilization: 4.83%
Mapping efficiency: 50.00%
Average IFMAP SRAM BW: 1.546 words/cycle
Average Filter SRAM BW: 4.947 words/cycle
Average OFMAP SRAM BW: 3.092 words/cycle
Average IFMAP DRAM BW: 0.608 words/cycle
Average Filter DRAM BW: 3.894 words/cycle
Average OFMAP DRAM BW: 32.000 words/cycle

Running Layer 104
Total cycles: 717
Compute cycles: 415
Stall cycles: 0
Overall utilization: 4.82%
Mapping efficiency: 50.00%
Average IFMAP SRAM BW: 1.542 words/cycle
Average Filter SRAM BW: 4.935 words/cycle
Average OFMAP SRAM BW: 3.084 words/cycle
Average IFMAP DRAM BW: 0.608 words/cycle
Average Filter DRAM BW: 7.787 words/cycle
Average OFMAP DRAM BW: 32.000 words/cycle

Running Layer 105
Total cycles: 489
Compute cycles: 207
Stall cycles: 0
Overall utilization: 9.66%
Mapping efficiency: 100.00%
Average IFMAP SRAM BW: 3.092 words/cycle
Average Filter SRAM BW: 9.894 words/cycle
Average OFMAP SRAM BW: 3.092 words/cycle
Average IFMAP DRAM BW: 1.217 words/cycle
Average Filter DRAM BW: 7.787 words/cycle
Average OFMAP DRAM BW: 32.000 words/cycle

Running Layer 106
Total cycles: 979
Compute cycles: 415
Stall cycles: 0
Overall utilization: 9.64%
Mapping efficiency: 100.00%
Average IFMAP SRAM BW: 3.084 words/cycle
Average Filter SRAM BW: 9.870 words/cycle
Average OFMAP SRAM BW: 3.084 words/cycle
Average IFMAP DRAM BW: 1.217 words/cycle
Average Filter DRAM BW: 7.802 words/cycle
Average OFMAP DRAM BW: 32.000 words/cycle

Running Layer 107
Total cycles: 979
Compute cycles: 415
Stall cycles: 0
Overall utilization: 9.64%
Mapping efficiency: 100.00%
Average IFMAP SRAM BW: 3.084 words/cycle
Average Filter SRAM BW: 9.870 words/cycle
Average OFMAP SRAM BW: 3.084 words/cycle
Average IFMAP DRAM BW: 2.433 words/cycle
Average Filter DRAM BW: 7.802 words/cycle
Average OFMAP DRAM BW: 32.000 words/cycle

Running Layer 108
Total cycles: 1959
Compute cycles: 831
Stall cycles: 0
Overall utilization: 9.63%
Mapping efficiency: 100.00%
Average IFMAP SRAM BW: 3.081 words/cycle
Average Filter SRAM BW: 9.858 words/cycle
Average OFMAP SRAM BW: 3.081 words/cycle
Average IFMAP DRAM BW: 2.433 words/cycle
Average Filter DRAM BW: 7.809 words/cycle
Average OFMAP DRAM BW: 32.000 words/cycle

Running Layer 109
Total cycles: 3657
Compute cycles: 1663
Stall cycles: 0
Overall utilization: 9.62%
Mapping efficiency: 100.00%
Average IFMAP SRAM BW: 3.079 words/cycle
Average Filter SRAM BW: 9.852 words/cycle
Average OFMAP SRAM BW: 3.079 words/cycle
Average IFMAP DRAM BW: 4.867 words/cycle
Average Filter DRAM BW: 8.929 words/cycle
Average OFMAP DRAM BW: 32.000 words/cycle

Running Layer 110
Total cycles: 493
Compute cycles: 209
Stall cycles: 0
Overall utilization: 1.32%
Mapping efficiency: 12.50%
Average IFMAP SRAM BW: 0.421 words/cycle
Average Filter SRAM BW: 1.225 words/cycle
Average OFMAP SRAM BW: 3.368 words/cycle
Average IFMAP DRAM BW: 0.167 words/cycle
Average Filter DRAM BW: 0.973 words/cycle
Average OFMAP DRAM BW: 32.000 words/cycle

Running Layer 111
Total cycles: 725
Compute cycles: 419
Stall cycles: 0
Overall utilization: 1.31%
Mapping efficiency: 12.50%
Average IFMAP SRAM BW: 0.420 words/cycle
Average Filter SRAM BW: 1.222 words/cycle
Average OFMAP SRAM BW: 3.360 words/cycle
Average IFMAP DRAM BW: 0.167 words/cycle
Average Filter DRAM BW: 1.947 words/cycle
Average OFMAP DRAM BW: 32.000 words/cycle

Running Layer 112
Total cycles: 493
Compute cycles: 209
Stall cycles: 0
Overall utilization: 2.63%
Mapping efficiency: 25.00%
Average IFMAP SRAM BW: 0.842 words/cycle
Average Filter SRAM BW: 2.450 words/cycle
Average OFMAP SRAM BW: 3.368 words/cycle
Average IFMAP DRAM BW: 0.335 words/cycle
Average Filter DRAM BW: 1.947 words/cycle
Average OFMAP DRAM BW: 32.000 words/cycle

Running Layer 113
Total cycles: 725
Compute cycles: 419
Stall cycles: 0
Overall utilization: 2.63%
Mapping efficiency: 25.00%
Average IFMAP SRAM BW: 0.840 words/cycle
Average Filter SRAM BW: 2.444 words/cycle
Average OFMAP SRAM BW: 3.360 words/cycle
Average IFMAP DRAM BW: 0.335 words/cycle
Average Filter DRAM BW: 3.894 words/cycle
Average OFMAP DRAM BW: 32.000 words/cycle

Running Layer 114
Total cycles: 493
Compute cycles: 209
Stall cycles: 0
Overall utilization: 5.26%
Mapping efficiency: 50.00%
Average IFMAP SRAM BW: 1.684 words/cycle
Average Filter SRAM BW: 4.900 words/cycle
Average OFMAP SRAM BW: 3.368 words/cycle
Average IFMAP DRAM BW: 0.669 words/cycle
Average Filter DRAM BW: 3.894 words/cycle
Average OFMAP DRAM BW: 32.000 words/cycle

Running Layer 115
Total cycles: 725
Compute cycles: 419
Stall cycles: 0
Overall utilization: 5.25%
Mapping efficiency: 50.00%
Average IFMAP SRAM BW: 1.680 words/cycle
Average Filter SRAM BW: 4.888 words/cycle
Average OFMAP SRAM BW: 3.360 words/cycle
Average IFMAP DRAM BW: 0.669 words/cycle
Average Filter DRAM BW: 7.787 words/cycle
Average OFMAP DRAM BW: 32.000 words/cycle

Running Layer 116
Total cycles: 493
Compute cycles: 209
Stall cycles: 0
Overall utilization: 10.53%
Mapping efficiency: 100.00%
Average IFMAP SRAM BW: 3.368 words/cycle
Average Filter SRAM BW: 9.799 words/cycle
Average OFMAP SRAM BW: 3.368 words/cycle
Average IFMAP DRAM BW: 1.338 words/cycle
Average Filter DRAM BW: 7.787 words/cycle
Average OFMAP DRAM BW: 32.000 words/cycle

Running Layer 117
Total cycles: 987
Compute cycles: 419
Stall cycles: 0
Overall utilization: 10.50%
Mapping efficiency: 100.00%
Average IFMAP SRAM BW: 3.360 words/cycle
Average Filter SRAM BW: 9.776 words/cycle
Average OFMAP SRAM BW: 3.360 words/cycle
Average IFMAP DRAM BW: 1.338 words/cycle
Average Filter DRAM BW: 7.802 words/cycle
Average OFMAP DRAM BW: 32.000 words/cycle

Running Layer 118
Total cycles: 987
Compute cycles: 419
Stall cycles: 0
Overall utilization: 10.50%
Mapping efficiency: 100.00%
Average IFMAP SRAM BW: 3.360 words/cycle
Average Filter SRAM BW: 9.776 words/cycle
Average OFMAP SRAM BW: 3.360 words/cycle
Average IFMAP DRAM BW: 2.677 words/cycle
Average Filter DRAM BW: 7.802 words/cycle
Average OFMAP DRAM BW: 32.000 words/cycle

Running Layer 119
Total cycles: 1975
Compute cycles: 839
Stall cycles: 0
Overall utilization: 10.49%
Mapping efficiency: 100.00%
Average IFMAP SRAM BW: 3.356 words/cycle
Average Filter SRAM BW: 9.764 words/cycle
Average OFMAP SRAM BW: 3.356 words/cycle
Average IFMAP DRAM BW: 2.677 words/cycle
Average Filter DRAM BW: 7.809 words/cycle
Average OFMAP DRAM BW: 32.000 words/cycle

Running Layer 120
Total cycles: 3689
Compute cycles: 1679
Stall cycles: 0
Overall utilization: 10.48%
Mapping efficiency: 100.00%
Average IFMAP SRAM BW: 3.354 words/cycle
Average Filter SRAM BW: 9.758 words/cycle
Average OFMAP SRAM BW: 3.354 words/cycle
Average IFMAP DRAM BW: 5.354 words/cycle
Average Filter DRAM BW: 8.929 words/cycle
Average OFMAP DRAM BW: 32.000 words/cycle

Running Layer 121
Total cycles: 497
Compute cycles: 211
Stall cycles: 0
Overall utilization: 1.42%
Mapping efficiency: 12.50%
Average IFMAP SRAM BW: 0.455 words/cycle
Average Filter SRAM BW: 1.213 words/cycle
Average OFMAP SRAM BW: 3.640 words/cycle
Average IFMAP DRAM BW: 0.183 words/cycle
Average Filter DRAM BW: 0.973 words/cycle
Average OFMAP DRAM BW: 32.000 words/cycle

Running Layer 122
Total cycles: 733
Compute cycles: 423
Stall cycles: 0
Overall utilization: 1.42%
Mapping efficiency: 12.50%
Average IFMAP SRAM BW: 0.454 words/cycle
Average Filter SRAM BW: 1.210 words/cycle
Average OFMAP SRAM BW: 3.631 words/cycle
Average IFMAP DRAM BW: 0.183 words/cycle
Average Filter DRAM BW: 1.947 words/cycle
Average OFMAP DRAM BW: 32.000 words/cycle

Running Layer 123
Total cycles: 497
Compute cycles: 211
Stall cycles: 0
Overall utilization: 2.84%
Mapping efficiency: 25.00%
Average IFMAP SRAM BW: 0.910 words/cycle
Average Filter SRAM BW: 2.427 words/cycle
Average OFMAP SRAM BW: 3.640 words/cycle
Average IFMAP DRAM BW: 0.365 words/cycle
Average Filter DRAM BW: 1.947 words/cycle
Average OFMAP DRAM BW: 32.000 words/cycle

Running Layer 124
Total cycles: 733
Compute cycles: 423
Stall cycles: 0
Overall utilization: 2.84%
Mapping efficiency: 25.00%
Average IFMAP SRAM BW: 0.908 words/cycle
Average Filter SRAM BW: 2.421 words/cycle
Average OFMAP SRAM BW: 3.631 words/cycle
Average IFMAP DRAM BW: 0.365 words/cycle
Average Filter DRAM BW: 3.894 words/cycle
Average OFMAP DRAM BW: 32.000 words/cycle

Running Layer 125
Total cycles: 497
Compute cycles: 211
Stall cycles: 0
Overall utilization: 5.69%
Mapping efficiency: 50.00%
Average IFMAP SRAM BW: 1.820 words/cycle
Average Filter SRAM BW: 4.853 words/cycle
Average OFMAP SRAM BW: 3.640 words/cycle
Average IFMAP DRAM BW: 0.730 words/cycle
Average Filter DRAM BW: 3.894 words/cycle
Average OFMAP DRAM BW: 32.000 words/cycle

Running Layer 126
Total cycles: 733
Compute cycles: 423
Stall cycles: 0
Overall utilization: 5.67%
Mapping efficiency: 50.00%
Average IFMAP SRAM BW: 1.816 words/cycle
Average Filter SRAM BW: 4.842 words/cycle
Average OFMAP SRAM BW: 3.631 words/cycle
Average IFMAP DRAM BW: 0.730 words/cycle
Average Filter DRAM BW: 7.787 words/cycle
Average OFMAP DRAM BW: 32.000 words/cycle

Running Layer 127
Total cycles: 497
Compute cycles: 211
Stall cycles: 0
Overall utilization: 11.37%
Mapping efficiency: 100.00%
Average IFMAP SRAM BW: 3.640 words/cycle
Average Filter SRAM BW: 9.706 words/cycle
Average OFMAP SRAM BW: 3.640 words/cycle
Average IFMAP DRAM BW: 1.460 words/cycle
Average Filter DRAM BW: 7.787 words/cycle
Average OFMAP DRAM BW: 32.000 words/cycle

Running Layer 128
Total cycles: 995
Compute cycles: 423
Stall cycles: 0
Overall utilization: 11.35%
Mapping efficiency: 100.00%
Average IFMAP SRAM BW: 3.631 words/cycle
Average Filter SRAM BW: 9.683 words/cycle
Average OFMAP SRAM BW: 3.631 words/cycle
Average IFMAP DRAM BW: 1.460 words/cycle
Average Filter DRAM BW: 7.802 words/cycle
Average OFMAP DRAM BW: 32.000 words/cycle

Running Layer 129
Total cycles: 995
Compute cycles: 423
Stall cycles: 0
Overall utilization: 11.35%
Mapping efficiency: 100.00%
Average IFMAP SRAM BW: 3.631 words/cycle
Average Filter SRAM BW: 9.683 words/cycle
Average OFMAP SRAM BW: 3.631 words/cycle
Average IFMAP DRAM BW: 2.920 words/cycle
Average Filter DRAM BW: 7.802 words/cycle
Average OFMAP DRAM BW: 32.000 words/cycle

Running Layer 130
Total cycles: 1991
Compute cycles: 847
Stall cycles: 0
Overall utilization: 11.33%
Mapping efficiency: 100.00%
Average IFMAP SRAM BW: 3.627 words/cycle
Average Filter SRAM BW: 9.672 words/cycle
Average OFMAP SRAM BW: 3.627 words/cycle
Average IFMAP DRAM BW: 2.920 words/cycle
Average Filter DRAM BW: 7.809 words/cycle
Average OFMAP DRAM BW: 32.000 words/cycle

Running Layer 131
Total cycles: 3721
Compute cycles: 1695
Stall cycles: 0
Overall utilization: 11.33%
Mapping efficiency: 100.00%
Average IFMAP SRAM BW: 3.625 words/cycle
Average Filter SRAM BW: 9.666 words/cycle
Average OFMAP SRAM BW: 3.625 words/cycle
Average IFMAP DRAM BW: 5.840 words/cycle
Average Filter DRAM BW: 8.929 words/cycle
Average OFMAP DRAM BW: 32.000 words/cycle

Running Layer 132
Total cycles: 501
Compute cycles: 213
Stall cycles: 0
Overall utilization: 1.53%
Mapping efficiency: 12.50%
Average IFMAP SRAM BW: 0.488 words/cycle
Average Filter SRAM BW: 1.202 words/cycle
Average OFMAP SRAM BW: 3.906 words/cycle
Average IFMAP DRAM BW: 0.198 words/cycle
Average Filter DRAM BW: 0.973 words/cycle
Average OFMAP DRAM BW: 32.000 words/cycle

Running Layer 133
Total cycles: 741
Compute cycles: 427
Stall cycles: 0
Overall utilization: 1.52%
Mapping efficiency: 12.50%
Average IFMAP SRAM BW: 0.487 words/cycle
Average Filter SRAM BW: 1.199 words/cycle
Average OFMAP SRAM BW: 3.897 words/cycle
Average IFMAP DRAM BW: 0.198 words/cycle
Average Filter DRAM BW: 1.947 words/cycle
Average OFMAP DRAM BW: 32.000 words/cycle

Running Layer 134
Total cycles: 501
Compute cycles: 213
Stall cycles: 0
Overall utilization: 3.05%
Mapping efficiency: 25.00%
Average IFMAP SRAM BW: 0.977 words/cycle
Average Filter SRAM BW: 2.404 words/cycle
Average OFMAP SRAM BW: 3.906 words/cycle
Average IFMAP DRAM BW: 0.395 words/cycle
Average Filter DRAM BW: 1.947 words/cycle
Average OFMAP DRAM BW: 32.000 words/cycle

Running Layer 135
Total cycles: 741
Compute cycles: 427
Stall cycles: 0
Overall utilization: 3.04%
Mapping efficiency: 25.00%
Average IFMAP SRAM BW: 0.974 words/cycle
Average Filter SRAM BW: 2.398 words/cycle
Average OFMAP SRAM BW: 3.897 words/cycle
Average IFMAP DRAM BW: 0.395 words/cycle
Average Filter DRAM BW: 3.894 words/cycle
Average OFMAP DRAM BW: 32.000 words/cycle

Running Layer 136
Total cycles: 501
Compute cycles: 213
Stall cycles: 0
Overall utilization: 6.10%
Mapping efficiency: 50.00%
Average IFMAP SRAM BW: 1.953 words/cycle
Average Filter SRAM BW: 4.808 words/cycle
Average OFMAP SRAM BW: 3.906 words/cycle
Average IFMAP DRAM BW: 0.791 words/cycle
Average Filter DRAM BW: 3.894 words/cycle
Average OFMAP DRAM BW: 32.000 words/cycle

Running Layer 137
Total cycles: 741
Compute cycles: 427
Stall cycles: 0
Overall utilization: 6.09%
Mapping efficiency: 50.00%
Average IFMAP SRAM BW: 1.948 words/cycle
Average Filter SRAM BW: 4.796 words/cycle
Average OFMAP SRAM BW: 3.897 words/cycle
Average IFMAP DRAM BW: 0.791 words/cycle
Average Filter DRAM BW: 7.787 words/cycle
Average OFMAP DRAM BW: 32.000 words/cycle

Running Layer 138
Total cycles: 501
Compute cycles: 213
Stall cycles: 0
Overall utilization: 12.21%
Mapping efficiency: 100.00%
Average IFMAP SRAM BW: 3.906 words/cycle
Average Filter SRAM BW: 9.615 words/cycle
Average OFMAP SRAM BW: 3.906 words/cycle
Average IFMAP DRAM BW: 1.582 words/cycle
Average Filter DRAM BW: 7.787 words/cycle
Average OFMAP DRAM BW: 32.000 words/cycle

Running Layer 139
Total cycles: 1003
Compute cycles: 427
Stall cycles: 0
Overall utilization: 12.18%
Mapping efficiency: 100.00%
Average IFMAP SRAM BW: 3.897 words/cycle
Average Filter SRAM BW: 9.593 words/cycle
Average OFMAP SRAM BW: 3.897 words/cycle
Average IFMAP DRAM BW: 1.582 words/cycle
Average Filter DRAM BW: 7.802 words/cycle
Average OFMAP DRAM BW: 32.000 words/cycle

Running Layer 140
Total cycles: 1003
Compute cycles: 427
Stall cycles: 0
Overall utilization: 12.18%
Mapping efficiency: 100.00%
Average IFMAP SRAM BW: 3.897 words/cycle
Average Filter SRAM BW: 9.593 words/cycle
Average OFMAP SRAM BW: 3.897 words/cycle
Average IFMAP DRAM BW: 3.163 words/cycle
Average Filter DRAM BW: 7.802 words/cycle
Average OFMAP DRAM BW: 32.000 words/cycle

Running Layer 141
Total cycles: 2007
Compute cycles: 855
Stall cycles: 0
Overall utilization: 12.16%
Mapping efficiency: 100.00%
Average IFMAP SRAM BW: 3.892 words/cycle
Average Filter SRAM BW: 9.581 words/cycle
Average OFMAP SRAM BW: 3.892 words/cycle
Average IFMAP DRAM BW: 3.163 words/cycle
Average Filter DRAM BW: 7.809 words/cycle
Average OFMAP DRAM BW: 32.000 words/cycle

Running Layer 142
Total cycles: 3753
Compute cycles: 1711
Stall cycles: 0
Overall utilization: 12.16%
Mapping efficiency: 100.00%
Average IFMAP SRAM BW: 3.890 words/cycle
Average Filter SRAM BW: 9.576 words/cycle
Average OFMAP SRAM BW: 3.890 words/cycle
Average IFMAP DRAM BW: 6.327 words/cycle
Average Filter DRAM BW: 8.929 words/cycle
Average OFMAP DRAM BW: 32.000 words/cycle

Running Layer 143
Total cycles: 505
Compute cycles: 215
Stall cycles: 0
Overall utilization: 1.63%
Mapping efficiency: 12.50%
Average IFMAP SRAM BW: 0.521 words/cycle
Average Filter SRAM BW: 1.191 words/cycle
Average OFMAP SRAM BW: 4.167 words/cycle
Average IFMAP DRAM BW: 0.213 words/cycle
Average Filter DRAM BW: 0.973 words/cycle
Average OFMAP DRAM BW: 32.000 words/cycle

Running Layer 144
Total cycles: 749
Compute cycles: 431
Stall cycles: 0
Overall utilization: 1.62%
Mapping efficiency: 12.50%
Average IFMAP SRAM BW: 0.520 words/cycle
Average Filter SRAM BW: 1.188 words/cycle
Average OFMAP SRAM BW: 4.158 words/cycle
Average IFMAP DRAM BW: 0.213 words/cycle
Average Filter DRAM BW: 1.947 words/cycle
Average OFMAP DRAM BW: 32.000 words/cycle

Running Layer 145
Total cycles: 505
Compute cycles: 215
Stall cycles: 0
Overall utilization: 3.26%
Mapping efficiency: 25.00%
Average IFMAP SRAM BW: 1.042 words/cycle
Average Filter SRAM BW: 2.381 words/cycle
Average OFMAP SRAM BW: 4.167 words/cycle
Average IFMAP DRAM BW: 0.426 words/cycle
Average Filter DRAM BW: 1.947 words/cycle
Average OFMAP DRAM BW: 32.000 words/cycle

Running Layer 146
Total cycles: 749
Compute cycles: 431
Stall cycles: 0
Overall utilization: 3.25%
Mapping efficiency: 25.00%
Average IFMAP SRAM BW: 1.039 words/cycle
Average Filter SRAM BW: 2.376 words/cycle
Average OFMAP SRAM BW: 4.158 words/cycle
Average IFMAP DRAM BW: 0.426 words/cycle
Average Filter DRAM BW: 3.894 words/cycle
Average OFMAP DRAM BW: 32.000 words/cycle

Running Layer 147
Total cycles: 505
Compute cycles: 215
Stall cycles: 0
Overall utilization: 6.51%
Mapping efficiency: 50.00%
Average IFMAP SRAM BW: 2.084 words/cycle
Average Filter SRAM BW: 4.763 words/cycle
Average OFMAP SRAM BW: 4.167 words/cycle
Average IFMAP DRAM BW: 0.852 words/cycle
Average Filter DRAM BW: 3.894 words/cycle
Average OFMAP DRAM BW: 32.000 words/cycle

Running Layer 148
Total cycles: 749
Compute cycles: 431
Stall cycles: 0
Overall utilization: 6.50%
Mapping efficiency: 50.00%
Average IFMAP SRAM BW: 2.079 words/cycle
Average Filter SRAM BW: 4.752 words/cycle
Average OFMAP SRAM BW: 4.158 words/cycle
Average IFMAP DRAM BW: 0.852 words/cycle
Average Filter DRAM BW: 7.787 words/cycle
Average OFMAP DRAM BW: 32.000 words/cycle

Running Layer 149
Total cycles: 505
Compute cycles: 215
Stall cycles: 0
Overall utilization: 13.02%
Mapping efficiency: 100.00%
Average IFMAP SRAM BW: 4.167 words/cycle
Average Filter SRAM BW: 9.526 words/cycle
Average OFMAP SRAM BW: 4.167 words/cycle
Average IFMAP DRAM BW: 1.703 words/cycle
Average Filter DRAM BW: 7.787 words/cycle
Average OFMAP DRAM BW: 32.000 words/cycle

Running Layer 150
Total cycles: 1011
Compute cycles: 431
Stall cycles: 0
Overall utilization: 12.99%
Mapping efficiency: 100.00%
Average IFMAP SRAM BW: 4.158 words/cycle
Average Filter SRAM BW: 9.503 words/cycle
Average OFMAP SRAM BW: 4.158 words/cycle
Average IFMAP DRAM BW: 1.703 words/cycle
Average Filter DRAM BW: 7.802 words/cycle
Average OFMAP DRAM BW: 32.000 words/cycle

Running Layer 151
Total cycles: 1011
Compute cycles: 431
Stall cycles: 0
Overall utilization: 12.99%
Mapping efficiency: 100.00%
Average IFMAP SRAM BW: 4.158 words/cycle
Average Filter SRAM BW: 9.503 words/cycle
Average OFMAP SRAM BW: 4.158 words/cycle
Average IFMAP DRAM BW: 3.407 words/cycle
Average Filter DRAM BW: 7.802 words/cycle
Average OFMAP DRAM BW: 32.000 words/cycle

Running Layer 152
Total cycles: 2023
Compute cycles: 863
Stall cycles: 0
Overall utilization: 12.98%
Mapping efficiency: 100.00%
Average IFMAP SRAM BW: 4.153 words/cycle
Average Filter SRAM BW: 9.492 words/cycle
Average OFMAP SRAM BW: 4.153 words/cycle
Average IFMAP DRAM BW: 3.407 words/cycle
Average Filter DRAM BW: 7.809 words/cycle
Average OFMAP DRAM BW: 32.000 words/cycle

Running Layer 153
Total cycles: 3785
Compute cycles: 1727
Stall cycles: 0
Overall utilization: 12.97%
Mapping efficiency: 100.00%
Average IFMAP SRAM BW: 4.151 words/cycle
Average Filter SRAM BW: 9.487 words/cycle
Average OFMAP SRAM BW: 4.151 words/cycle
Average IFMAP DRAM BW: 6.814 words/cycle
Average Filter DRAM BW: 8.929 words/cycle
Average OFMAP DRAM BW: 32.000 words/cycle

Running Layer 154
Total cycles: 509
Compute cycles: 217
Stall cycles: 0
Overall utilization: 1.73%
Mapping efficiency: 12.50%
Average IFMAP SRAM BW: 0.553 words/cycle
Average Filter SRAM BW: 1.180 words/cycle
Average OFMAP SRAM BW: 4.424 words/cycle
Average IFMAP DRAM BW: 0.228 words/cycle
Average Filter DRAM BW: 0.973 words/cycle
Average OFMAP DRAM BW: 32.000 words/cycle

Running Layer 155
Total cycles: 757
Compute cycles: 435
Stall cycles: 0
Overall utilization: 1.72%
Mapping efficiency: 12.50%
Average IFMAP SRAM BW: 0.552 words/cycle
Average Filter SRAM BW: 1.177 words/cycle
Average OFMAP SRAM BW: 4.414 words/cycle
Average IFMAP DRAM BW: 0.228 words/cycle
Average Filter DRAM BW: 1.947 words/cycle
Average OFMAP DRAM BW: 32.000 words/cycle

Running Layer 156
Total cycles: 509
Compute cycles: 217
Stall cycles: 0
Overall utilization: 3.46%
Mapping efficiency: 25.00%
Average IFMAP SRAM BW: 1.106 words/cycle
Average Filter SRAM BW: 2.359 words/cycle
Average OFMAP SRAM BW: 4.424 words/cycle
Average IFMAP DRAM BW: 0.456 words/cycle
Average Filter DRAM BW: 1.947 words/cycle
Average OFMAP DRAM BW: 32.000 words/cycle

Running Layer 157
Total cycles: 757
Compute cycles: 435
Stall cycles: 0
Overall utilization: 3.45%
Mapping efficiency: 25.00%
Average IFMAP SRAM BW: 1.103 words/cycle
Average Filter SRAM BW: 2.354 words/cycle
Average OFMAP SRAM BW: 4.414 words/cycle
Average IFMAP DRAM BW: 0.456 words/cycle
Average Filter DRAM BW: 3.894 words/cycle
Average OFMAP DRAM BW: 32.000 words/cycle

Running Layer 158
Total cycles: 509
Compute cycles: 217
Stall cycles: 0
Overall utilization: 6.91%
Mapping efficiency: 50.00%
Average IFMAP SRAM BW: 2.212 words/cycle
Average Filter SRAM BW: 4.719 words/cycle
Average OFMAP SRAM BW: 4.424 words/cycle
Average IFMAP DRAM BW: 0.913 words/cycle
Average Filter DRAM BW: 3.894 words/cycle
Average OFMAP DRAM BW: 32.000 words/cycle

Running Layer 159
Total cycles: 757
Compute cycles: 435
Stall cycles: 0
Overall utilization: 6.90%
Mapping efficiency: 50.00%
Average IFMAP SRAM BW: 2.207 words/cycle
Average Filter SRAM BW: 4.708 words/cycle
Average OFMAP SRAM BW: 4.414 words/cycle
Average IFMAP DRAM BW: 0.913 words/cycle
Average Filter DRAM BW: 7.787 words/cycle
Average OFMAP DRAM BW: 32.000 words/cycle

Running Layer 160
Total cycles: 509
Compute cycles: 217
Stall cycles: 0
Overall utilization: 13.82%
Mapping efficiency: 100.00%
Average IFMAP SRAM BW: 4.424 words/cycle
Average Filter SRAM BW: 9.438 words/cycle
Average OFMAP SRAM BW: 4.424 words/cycle
Average IFMAP DRAM BW: 1.825 words/cycle
Average Filter DRAM BW: 7.787 words/cycle
Average OFMAP DRAM BW: 32.000 words/cycle

Running Layer 161
Total cycles: 1019
Compute cycles: 435
Stall cycles: 0
Overall utilization: 13.79%
Mapping efficiency: 100.00%
Average IFMAP SRAM BW: 4.414 words/cycle
Average Filter SRAM BW: 9.416 words/cycle
Average OFMAP SRAM BW: 4.414 words/cycle
Average IFMAP DRAM BW: 1.825 words/cycle
Average Filter DRAM BW: 7.802 words/cycle
Average OFMAP DRAM BW: 32.000 words/cycle

Running Layer 162
Total cycles: 1019
Compute cycles: 435
Stall cycles: 0
Overall utilization: 13.79%
Mapping efficiency: 100.00%
Average IFMAP SRAM BW: 4.414 words/cycle
Average Filter SRAM BW: 9.416 words/cycle
Average OFMAP SRAM BW: 4.414 words/cycle
Average IFMAP DRAM BW: 3.650 words/cycle
Average Filter DRAM BW: 7.802 words/cycle
Average OFMAP DRAM BW: 32.000 words/cycle

Running Layer 163
Total cycles: 2039
Compute cycles: 871
Stall cycles: 0
Overall utilization: 13.78%
Mapping efficiency: 100.00%
Average IFMAP SRAM BW: 4.409 words/cycle
Average Filter SRAM BW: 9.405 words/cycle
Average OFMAP SRAM BW: 4.409 words/cycle
Average IFMAP DRAM BW: 3.650 words/cycle
Average Filter DRAM BW: 7.809 words/cycle
Average OFMAP DRAM BW: 32.000 words/cycle

Running Layer 164
Total cycles: 3817
Compute cycles: 1743
Stall cycles: 0
Overall utilization: 13.77%
Mapping efficiency: 100.00%
Average IFMAP SRAM BW: 4.406 words/cycle
Average Filter SRAM BW: 9.400 words/cycle
Average OFMAP SRAM BW: 4.406 words/cycle
Average IFMAP DRAM BW: 7.300 words/cycle
Average Filter DRAM BW: 8.929 words/cycle
Average OFMAP DRAM BW: 32.000 words/cycle

Running Layer 165
Total cycles: 513
Compute cycles: 219
Stall cycles: 0
Overall utilization: 1.83%
Mapping efficiency: 12.50%
Average IFMAP SRAM BW: 0.584 words/cycle
Average Filter SRAM BW: 1.169 words/cycle
Average OFMAP SRAM BW: 4.676 words/cycle
Average IFMAP DRAM BW: 0.243 words/cycle
Average Filter DRAM BW: 0.973 words/cycle
Average OFMAP DRAM BW: 32.000 words/cycle

Running Layer 166
Total cycles: 765
Compute cycles: 439
Stall cycles: 0
Overall utilization: 1.82%
Mapping efficiency: 12.50%
Average IFMAP SRAM BW: 0.583 words/cycle
Average Filter SRAM BW: 1.166 words/cycle
Average OFMAP SRAM BW: 4.665 words/cycle
Average IFMAP DRAM BW: 0.243 words/cycle
Average Filter DRAM BW: 1.947 words/cycle
Average OFMAP DRAM BW: 32.000 words/cycle

Running Layer 167
Total cycles: 513
Compute cycles: 219
Stall cycles: 0
Overall utilization: 3.65%
Mapping efficiency: 25.00%
Average IFMAP SRAM BW: 1.169 words/cycle
Average Filter SRAM BW: 2.338 words/cycle
Average OFMAP SRAM BW: 4.676 words/cycle
Average IFMAP DRAM BW: 0.487 words/cycle
Average Filter DRAM BW: 1.947 words/cycle
Average OFMAP DRAM BW: 32.000 words/cycle

Running Layer 168
Total cycles: 765
Compute cycles: 439
Stall cycles: 0
Overall utilization: 3.64%
Mapping efficiency: 25.00%
Average IFMAP SRAM BW: 1.166 words/cycle
Average Filter SRAM BW: 2.333 words/cycle
Average OFMAP SRAM BW: 4.665 words/cycle
Average IFMAP DRAM BW: 0.487 words/cycle
Average Filter DRAM BW: 3.894 words/cycle
Average OFMAP DRAM BW: 32.000 words/cycle

Running Layer 169
Total cycles: 513
Compute cycles: 219
Stall cycles: 0
Overall utilization: 7.31%
Mapping efficiency: 50.00%
Average IFMAP SRAM BW: 2.338 words/cycle
Average Filter SRAM BW: 4.676 words/cycle
Average OFMAP SRAM BW: 4.676 words/cycle
Average IFMAP DRAM BW: 0.973 words/cycle
Average Filter DRAM BW: 3.894 words/cycle
Average OFMAP DRAM BW: 32.000 words/cycle

Running Layer 170
Total cycles: 765
Compute cycles: 439
Stall cycles: 0
Overall utilization: 7.29%
Mapping efficiency: 50.00%
Average IFMAP SRAM BW: 2.333 words/cycle
Average Filter SRAM BW: 4.665 words/cycle
Average OFMAP SRAM BW: 4.665 words/cycle
Average IFMAP DRAM BW: 0.973 words/cycle
Average Filter DRAM BW: 7.787 words/cycle
Average OFMAP DRAM BW: 32.000 words/cycle

Running Layer 171
Total cycles: 513
Compute cycles: 219
Stall cycles: 0
Overall utilization: 14.61%
Mapping efficiency: 100.00%
Average IFMAP SRAM BW: 4.676 words/cycle
Average Filter SRAM BW: 9.352 words/cycle
Average OFMAP SRAM BW: 4.676 words/cycle
Average IFMAP DRAM BW: 1.947 words/cycle
Average Filter DRAM BW: 7.787 words/cycle
Average OFMAP DRAM BW: 32.000 words/cycle

Running Layer 172
Total cycles: 1027
Compute cycles: 439
Stall cycles: 0
Overall utilization: 14.58%
Mapping efficiency: 100.00%
Average IFMAP SRAM BW: 4.665 words/cycle
Average Filter SRAM BW: 9.330 words/cycle
Average OFMAP SRAM BW: 4.665 words/cycle
Average IFMAP DRAM BW: 1.947 words/cycle
Average Filter DRAM BW: 7.802 words/cycle
Average OFMAP DRAM BW: 32.000 words/cycle

Running Layer 173
Total cycles: 1027
Compute cycles: 439
Stall cycles: 0
Overall utilization: 14.58%
Mapping efficiency: 100.00%
Average IFMAP SRAM BW: 4.665 words/cycle
Average Filter SRAM BW: 9.330 words/cycle
Average OFMAP SRAM BW: 4.665 words/cycle
Average IFMAP DRAM BW: 3.894 words/cycle
Average Filter DRAM BW: 7.802 words/cycle
Average OFMAP DRAM BW: 32.000 words/cycle

Running Layer 174
Total cycles: 2055
Compute cycles: 879
Stall cycles: 0
Overall utilization: 14.56%
Mapping efficiency: 100.00%
Average IFMAP SRAM BW: 4.660 words/cycle
Average Filter SRAM BW: 9.320 words/cycle
Average OFMAP SRAM BW: 4.660 words/cycle
Average IFMAP DRAM BW: 3.894 words/cycle
Average Filter DRAM BW: 7.809 words/cycle
Average OFMAP DRAM BW: 32.000 words/cycle

Running Layer 175
Total cycles: 3849
Compute cycles: 1759
Stall cycles: 0
Overall utilization: 14.55%
Mapping efficiency: 100.00%
Average IFMAP SRAM BW: 4.657 words/cycle
Average Filter SRAM BW: 9.314 words/cycle
Average OFMAP SRAM BW: 4.657 words/cycle
Average IFMAP DRAM BW: 7.787 words/cycle
Average Filter DRAM BW: 8.929 words/cycle
Average OFMAP DRAM BW: 32.000 words/cycle

Running Layer 176
Total cycles: 517
Compute cycles: 221
Stall cycles: 0
Overall utilization: 1.92%
Mapping efficiency: 12.50%
Average IFMAP SRAM BW: 0.615 words/cycle
Average Filter SRAM BW: 1.158 words/cycle
Average OFMAP SRAM BW: 4.923 words/cycle
Average IFMAP DRAM BW: 0.259 words/cycle
Average Filter DRAM BW: 0.973 words/cycle
Average OFMAP DRAM BW: 32.000 words/cycle

Running Layer 177
Total cycles: 773
Compute cycles: 443
Stall cycles: 0
Overall utilization: 1.92%
Mapping efficiency: 12.50%
Average IFMAP SRAM BW: 0.614 words/cycle
Average Filter SRAM BW: 1.156 words/cycle
Average OFMAP SRAM BW: 4.912 words/cycle
Average IFMAP DRAM BW: 0.259 words/cycle
Average Filter DRAM BW: 1.947 words/cycle
Average OFMAP DRAM BW: 32.000 words/cycle

Running Layer 178
Total cycles: 517
Compute cycles: 221
Stall cycles: 0
Overall utilization: 3.85%
Mapping efficiency: 25.00%
Average IFMAP SRAM BW: 1.231 words/cycle
Average Filter SRAM BW: 2.317 words/cycle
Average OFMAP SRAM BW: 4.923 words/cycle
Average IFMAP DRAM BW: 0.517 words/cycle
Average Filter DRAM BW: 1.947 words/cycle
Average OFMAP DRAM BW: 32.000 words/cycle

Running Layer 179
Total cycles: 773
Compute cycles: 443
Stall cycles: 0
Overall utilization: 3.84%
Mapping efficiency: 25.00%
Average IFMAP SRAM BW: 1.228 words/cycle
Average Filter SRAM BW: 2.312 words/cycle
Average OFMAP SRAM BW: 4.912 words/cycle
Average IFMAP DRAM BW: 0.517 words/cycle
Average Filter DRAM BW: 3.894 words/cycle
Average OFMAP DRAM BW: 32.000 words/cycle

Running Layer 180
Total cycles: 517
Compute cycles: 221
Stall cycles: 0
Overall utilization: 7.69%
Mapping efficiency: 50.00%
Average IFMAP SRAM BW: 2.462 words/cycle
Average Filter SRAM BW: 4.633 words/cycle
Average OFMAP SRAM BW: 4.923 words/cycle
Average IFMAP DRAM BW: 1.034 words/cycle
Average Filter DRAM BW: 3.894 words/cycle
Average OFMAP DRAM BW: 32.000 words/cycle

Running Layer 181
Total cycles: 773
Compute cycles: 443
Stall cycles: 0
Overall utilization: 7.67%
Mapping efficiency: 50.00%
Average IFMAP SRAM BW: 2.456 words/cycle
Average Filter SRAM BW: 4.623 words/cycle
Average OFMAP SRAM BW: 4.912 words/cycle
Average IFMAP DRAM BW: 1.034 words/cycle
Average Filter DRAM BW: 7.787 words/cycle
Average OFMAP DRAM BW: 32.000 words/cycle

Running Layer 182
Total cycles: 517
Compute cycles: 221
Stall cycles: 0
Overall utilization: 15.38%
Mapping efficiency: 100.00%
Average IFMAP SRAM BW: 4.923 words/cycle
Average Filter SRAM BW: 9.267 words/cycle
Average OFMAP SRAM BW: 4.923 words/cycle
Average IFMAP DRAM BW: 2.068 words/cycle
Average Filter DRAM BW: 7.787 words/cycle
Average OFMAP DRAM BW: 32.000 words/cycle

Running Layer 183
Total cycles: 1035
Compute cycles: 443
Stall cycles: 0
Overall utilization: 15.35%
Mapping efficiency: 100.00%
Average IFMAP SRAM BW: 4.912 words/cycle
Average Filter SRAM BW: 9.246 words/cycle
Average OFMAP SRAM BW: 4.912 words/cycle
Average IFMAP DRAM BW: 2.068 words/cycle
Average Filter DRAM BW: 7.802 words/cycle
Average OFMAP DRAM BW: 32.000 words/cycle

Running Layer 184
Total cycles: 1035
Compute cycles: 443
Stall cycles: 0
Overall utilization: 15.35%
Mapping efficiency: 100.00%
Average IFMAP SRAM BW: 4.912 words/cycle
Average Filter SRAM BW: 9.246 words/cycle
Average OFMAP SRAM BW: 4.912 words/cycle
Average IFMAP DRAM BW: 4.137 words/cycle
Average Filter DRAM BW: 7.802 words/cycle
Average OFMAP DRAM BW: 32.000 words/cycle

Running Layer 185
Total cycles: 2071
Compute cycles: 887
Stall cycles: 0
Overall utilization: 15.33%
Mapping efficiency: 100.00%
Average IFMAP SRAM BW: 4.906 words/cycle
Average Filter SRAM BW: 9.236 words/cycle
Average OFMAP SRAM BW: 4.906 words/cycle
Average IFMAP DRAM BW: 4.137 words/cycle
Average Filter DRAM BW: 7.809 words/cycle
Average OFMAP DRAM BW: 32.000 words/cycle

Running Layer 186
Total cycles: 3881
Compute cycles: 1775
Stall cycles: 0
Overall utilization: 15.32%
Mapping efficiency: 100.00%
Average IFMAP SRAM BW: 4.904 words/cycle
Average Filter SRAM BW: 9.230 words/cycle
Average OFMAP SRAM BW: 4.904 words/cycle
Average IFMAP DRAM BW: 8.274 words/cycle
Average Filter DRAM BW: 8.929 words/cycle
Average OFMAP DRAM BW: 32.000 words/cycle

Running Layer 187
Total cycles: 521
Compute cycles: 223
Stall cycles: 0
Overall utilization: 2.02%
Mapping efficiency: 12.50%
Average IFMAP SRAM BW: 0.646 words/cycle
Average Filter SRAM BW: 1.148 words/cycle
Average OFMAP SRAM BW: 5.166 words/cycle
Average IFMAP DRAM BW: 0.274 words/cycle
Average Filter DRAM BW: 0.973 words/cycle
Average OFMAP DRAM BW: 32.000 words/cycle

Running Layer 188
Total cycles: 781
Compute cycles: 447
Stall cycles: 0
Overall utilization: 2.01%
Mapping efficiency: 12.50%
Average IFMAP SRAM BW: 0.644 words/cycle
Average Filter SRAM BW: 1.145 words/cycle
Average OFMAP SRAM BW: 5.154 words/cycle
Average IFMAP DRAM BW: 0.274 words/cycle
Average Filter DRAM BW: 1.947 words/cycle
Average OFMAP DRAM BW: 32.000 words/cycle

Running Layer 189
Total cycles: 521
Compute cycles: 223
Stall cycles: 0
Overall utilization: 4.04%
Mapping efficiency: 25.00%
Average IFMAP SRAM BW: 1.291 words/cycle
Average Filter SRAM BW: 2.296 words/cycle
Average OFMAP SRAM BW: 5.166 words/cycle
Average IFMAP DRAM BW: 0.548 words/cycle
Average Filter DRAM BW: 1.947 words/cycle
Average OFMAP DRAM BW: 32.000 words/cycle

Running Layer 190
Total cycles: 781
Compute cycles: 447
Stall cycles: 0
Overall utilization: 4.03%
Mapping efficiency: 25.00%
Average IFMAP SRAM BW: 1.289 words/cycle
Average Filter SRAM BW: 2.291 words/cycle
Average OFMAP SRAM BW: 5.154 words/cycle
Average IFMAP DRAM BW: 0.548 words/cycle
Average Filter DRAM BW: 3.894 words/cycle
Average OFMAP DRAM BW: 32.000 words/cycle

Running Layer 191
Total cycles: 521
Compute cycles: 223
Stall cycles: 0
Overall utilization: 8.07%
Mapping efficiency: 50.00%
Average IFMAP SRAM BW: 2.583 words/cycle
Average Filter SRAM BW: 4.592 words/cycle
Average OFMAP SRAM BW: 5.166 words/cycle
Average IFMAP DRAM BW: 1.095 words/cycle
Average Filter DRAM BW: 3.894 words/cycle
Average OFMAP DRAM BW: 32.000 words/cycle

Running Layer 192
Total cycles: 781
Compute cycles: 447
Stall cycles: 0
Overall utilization: 8.05%
Mapping efficiency: 50.00%
Average IFMAP SRAM BW: 2.577 words/cycle
Average Filter SRAM BW: 4.582 words/cycle
Average OFMAP SRAM BW: 5.154 words/cycle
Average IFMAP DRAM BW: 1.095 words/cycle
Average Filter DRAM BW: 7.787 words/cycle
Average OFMAP DRAM BW: 32.000 words/cycle

Running Layer 193
Total cycles: 521
Compute cycles: 223
Stall cycles: 0
Overall utilization: 16.14%
Mapping efficiency: 100.00%
Average IFMAP SRAM BW: 5.166 words/cycle
Average Filter SRAM BW: 9.184 words/cycle
Average OFMAP SRAM BW: 5.166 words/cycle
Average IFMAP DRAM BW: 2.190 words/cycle
Average Filter DRAM BW: 7.787 words/cycle
Average OFMAP DRAM BW: 32.000 words/cycle

Running Layer 194
Total cycles: 1043
Compute cycles: 447
Stall cycles: 0
Overall utilization: 16.11%
Mapping efficiency: 100.00%
Average IFMAP SRAM BW: 5.154 words/cycle
Average Filter SRAM BW: 9.163 words/cycle
Average OFMAP SRAM BW: 5.154 words/cycle
Average IFMAP DRAM BW: 2.190 words/cycle
Average Filter DRAM BW: 7.802 words/cycle
Average OFMAP DRAM BW: 32.000 words/cycle

Running Layer 195
Total cycles: 1043
Compute cycles: 447
Stall cycles: 0
Overall utilization: 16.11%
Mapping efficiency: 100.00%
Average IFMAP SRAM BW: 5.154 words/cycle
Average Filter SRAM BW: 9.163 words/cycle
Average OFMAP SRAM BW: 5.154 words/cycle
Average IFMAP DRAM BW: 4.380 words/cycle
Average Filter DRAM BW: 7.802 words/cycle
Average OFMAP DRAM BW: 32.000 words/cycle

Running Layer 196
Total cycles: 2087
Compute cycles: 895
Stall cycles: 0
Overall utilization: 16.09%
Mapping efficiency: 100.00%
Average IFMAP SRAM BW: 5.149 words/cycle
Average Filter SRAM BW: 9.153 words/cycle
Average OFMAP SRAM BW: 5.149 words/cycle
Average IFMAP DRAM BW: 4.380 words/cycle
Average Filter DRAM BW: 7.809 words/cycle
Average OFMAP DRAM BW: 32.000 words/cycle

Running Layer 197
Total cycles: 3913
Compute cycles: 1791
Stall cycles: 0
Overall utilization: 16.08%
Mapping efficiency: 100.00%
Average IFMAP SRAM BW: 5.146 words/cycle
Average Filter SRAM BW: 9.148 words/cycle
Average OFMAP SRAM BW: 5.146 words/cycle
Average IFMAP DRAM BW: 8.760 words/cycle
Average Filter DRAM BW: 8.929 words/cycle
Average OFMAP DRAM BW: 32.000 words/cycle

Running Layer 198
Total cycles: 525
Compute cycles: 225
Stall cycles: 0
Overall utilization: 2.11%
Mapping efficiency: 12.50%
Average IFMAP SRAM BW: 0.676 words/cycle
Average Filter SRAM BW: 1.138 words/cycle
Average OFMAP SRAM BW: 5.404 words/cycle
Average IFMAP DRAM BW: 0.289 words/cycle
Average Filter DRAM BW: 0.973 words/cycle
Average OFMAP DRAM BW: 32.000 words/cycle

Running Layer 199
Total cycles: 789
Compute cycles: 451
Stall cycles: 0
Overall utilization: 2.11%
Mapping efficiency: 12.50%
Average IFMAP SRAM BW: 0.674 words/cycle
Average Filter SRAM BW: 1.135 words/cycle
Average OFMAP SRAM BW: 5.392 words/cycle
Average IFMAP DRAM BW: 0.289 words/cycle
Average Filter DRAM BW: 1.947 words/cycle
Average OFMAP DRAM BW: 32.000 words/cycle

Running Layer 200
Total cycles: 525
Compute cycles: 225
Stall cycles: 0
Overall utilization: 4.22%
Mapping efficiency: 25.00%
Average IFMAP SRAM BW: 1.351 words/cycle
Average Filter SRAM BW: 2.276 words/cycle
Average OFMAP SRAM BW: 5.404 words/cycle
Average IFMAP DRAM BW: 0.578 words/cycle
Average Filter DRAM BW: 1.947 words/cycle
Average OFMAP DRAM BW: 32.000 words/cycle

Running Layer 201
Total cycles: 789
Compute cycles: 451
Stall cycles: 0
Overall utilization: 4.21%
Mapping efficiency: 25.00%
Average IFMAP SRAM BW: 1.348 words/cycle
Average Filter SRAM BW: 2.271 words/cycle
Average OFMAP SRAM BW: 5.392 words/cycle
Average IFMAP DRAM BW: 0.578 words/cycle
Average Filter DRAM BW: 3.894 words/cycle
Average OFMAP DRAM BW: 32.000 words/cycle

Running Layer 202
Total cycles: 525
Compute cycles: 225
Stall cycles: 0
Overall utilization: 8.44%
Mapping efficiency: 50.00%
Average IFMAP SRAM BW: 2.702 words/cycle
Average Filter SRAM BW: 4.551 words/cycle
Average OFMAP SRAM BW: 5.404 words/cycle
Average IFMAP DRAM BW: 1.156 words/cycle
Average Filter DRAM BW: 3.894 words/cycle
Average OFMAP DRAM BW: 32.000 words/cycle

Running Layer 203
Total cycles: 789
Compute cycles: 451
Stall cycles: 0
Overall utilization: 8.43%
Mapping efficiency: 50.00%
Average IFMAP SRAM BW: 2.696 words/cycle
Average Filter SRAM BW: 4.541 words/cycle
Average OFMAP SRAM BW: 5.392 words/cycle
Average IFMAP DRAM BW: 1.156 words/cycle
Average Filter DRAM BW: 7.787 words/cycle
Average OFMAP DRAM BW: 32.000 words/cycle

Running Layer 204
Total cycles: 525
Compute cycles: 225
Stall cycles: 0
Overall utilization: 16.89%
Mapping efficiency: 100.00%
Average IFMAP SRAM BW: 5.404 words/cycle
Average Filter SRAM BW: 9.102 words/cycle
Average OFMAP SRAM BW: 5.404 words/cycle
Average IFMAP DRAM BW: 2.312 words/cycle
Average Filter DRAM BW: 7.787 words/cycle
Average OFMAP DRAM BW: 32.000 words/cycle

Running Layer 205
Total cycles: 1051
Compute cycles: 451
Stall cycles: 0
Overall utilization: 16.85%
Mapping efficiency: 100.00%
Average IFMAP SRAM BW: 5.392 words/cycle
Average Filter SRAM BW: 9.082 words/cycle
Average OFMAP SRAM BW: 5.392 words/cycle
Average IFMAP DRAM BW: 2.312 words/cycle
Average Filter DRAM BW: 7.802 words/cycle
Average OFMAP DRAM BW: 32.000 words/cycle

Running Layer 206
Total cycles: 1051
Compute cycles: 451
Stall cycles: 0
Overall utilization: 16.85%
Mapping efficiency: 100.00%
Average IFMAP SRAM BW: 5.392 words/cycle
Average Filter SRAM BW: 9.082 words/cycle
Average OFMAP SRAM BW: 5.392 words/cycle
Average IFMAP DRAM BW: 4.624 words/cycle
Average Filter DRAM BW: 7.802 words/cycle
Average OFMAP DRAM BW: 32.000 words/cycle

Running Layer 207
Total cycles: 2103
Compute cycles: 903
Stall cycles: 0
Overall utilization: 16.83%
Mapping efficiency: 100.00%
Average IFMAP SRAM BW: 5.386 words/cycle
Average Filter SRAM BW: 9.072 words/cycle
Average OFMAP SRAM BW: 5.386 words/cycle
Average IFMAP DRAM BW: 4.624 words/cycle
Average Filter DRAM BW: 7.809 words/cycle
Average OFMAP DRAM BW: 32.000 words/cycle

Running Layer 208
Total cycles: 3945
Compute cycles: 1807
Stall cycles: 0
Overall utilization: 16.82%
Mapping efficiency: 100.00%
Average IFMAP SRAM BW: 5.384 words/cycle
Average Filter SRAM BW: 9.067 words/cycle
Average OFMAP SRAM BW: 5.384 words/cycle
Average IFMAP DRAM BW: 9.247 words/cycle
Average Filter DRAM BW: 8.929 words/cycle
Average OFMAP DRAM BW: 32.000 words/cycle

Running Layer 209
Total cycles: 529
Compute cycles: 227
Stall cycles: 0
Overall utilization: 2.20%
Mapping efficiency: 12.50%
Average IFMAP SRAM BW: 0.705 words/cycle
Average Filter SRAM BW: 1.128 words/cycle
Average OFMAP SRAM BW: 5.639 words/cycle
Average IFMAP DRAM BW: 0.304 words/cycle
Average Filter DRAM BW: 0.973 words/cycle
Average OFMAP DRAM BW: 32.000 words/cycle

Running Layer 210
Total cycles: 797
Compute cycles: 455
Stall cycles: 0
Overall utilization: 2.20%
Mapping efficiency: 12.50%
Average IFMAP SRAM BW: 0.703 words/cycle
Average Filter SRAM BW: 1.125 words/cycle
Average OFMAP SRAM BW: 5.626 words/cycle
Average IFMAP DRAM BW: 0.304 words/cycle
Average Filter DRAM BW: 1.947 words/cycle
Average OFMAP DRAM BW: 32.000 words/cycle

Running Layer 211
Total cycles: 529
Compute cycles: 227
Stall cycles: 0
Overall utilization: 4.41%
Mapping efficiency: 25.00%
Average IFMAP SRAM BW: 1.410 words/cycle
Average Filter SRAM BW: 2.256 words/cycle
Average OFMAP SRAM BW: 5.639 words/cycle
Average IFMAP DRAM BW: 0.608 words/cycle
Average Filter DRAM BW: 1.947 words/cycle
Average OFMAP DRAM BW: 32.000 words/cycle

Running Layer 212
Total cycles: 797
Compute cycles: 455
Stall cycles: 0
Overall utilization: 4.40%
Mapping efficiency: 25.00%
Average IFMAP SRAM BW: 1.407 words/cycle
Average Filter SRAM BW: 2.251 words/cycle
Average OFMAP SRAM BW: 5.626 words/cycle
Average IFMAP DRAM BW: 0.608 words/cycle
Average Filter DRAM BW: 3.894 words/cycle
Average OFMAP DRAM BW: 32.000 words/cycle

Running Layer 213
Total cycles: 529
Compute cycles: 227
Stall cycles: 0
Overall utilization: 8.81%
Mapping efficiency: 50.00%
Average IFMAP SRAM BW: 2.819 words/cycle
Average Filter SRAM BW: 4.511 words/cycle
Average OFMAP SRAM BW: 5.639 words/cycle
Average IFMAP DRAM BW: 1.217 words/cycle
Average Filter DRAM BW: 3.894 words/cycle
Average OFMAP DRAM BW: 32.000 words/cycle

Running Layer 214
Total cycles: 797
Compute cycles: 455
Stall cycles: 0
Overall utilization: 8.79%
Mapping efficiency: 50.00%
Average IFMAP SRAM BW: 2.813 words/cycle
Average Filter SRAM BW: 4.501 words/cycle
Average OFMAP SRAM BW: 5.626 words/cycle
Average IFMAP DRAM BW: 1.217 words/cycle
Average Filter DRAM BW: 7.787 words/cycle
Average OFMAP DRAM BW: 32.000 words/cycle

Running Layer 215
Total cycles: 529
Compute cycles: 227
Stall cycles: 0
Overall utilization: 17.62%
Mapping efficiency: 100.00%
Average IFMAP SRAM BW: 5.639 words/cycle
Average Filter SRAM BW: 9.022 words/cycle
Average OFMAP SRAM BW: 5.639 words/cycle
Average IFMAP DRAM BW: 2.433 words/cycle
Average Filter DRAM BW: 7.787 words/cycle
Average OFMAP DRAM BW: 32.000 words/cycle

Running Layer 216
Total cycles: 1059
Compute cycles: 455
Stall cycles: 0
Overall utilization: 17.58%
Mapping efficiency: 100.00%
Average IFMAP SRAM BW: 5.626 words/cycle
Average Filter SRAM BW: 9.002 words/cycle
Average OFMAP SRAM BW: 5.626 words/cycle
Average IFMAP DRAM BW: 2.433 words/cycle
Average Filter DRAM BW: 7.802 words/cycle
Average OFMAP DRAM BW: 32.000 words/cycle

Running Layer 217
Total cycles: 1059
Compute cycles: 455
Stall cycles: 0
Overall utilization: 17.58%
Mapping efficiency: 100.00%
Average IFMAP SRAM BW: 5.626 words/cycle
Average Filter SRAM BW: 9.002 words/cycle
Average OFMAP SRAM BW: 5.626 words/cycle
Average IFMAP DRAM BW: 4.867 words/cycle
Average Filter DRAM BW: 7.802 words/cycle
Average OFMAP DRAM BW: 32.000 words/cycle

Running Layer 218
Total cycles: 2119
Compute cycles: 911
Stall cycles: 0
Overall utilization: 17.56%
Mapping efficiency: 100.00%
Average IFMAP SRAM BW: 5.620 words/cycle
Average Filter SRAM BW: 8.992 words/cycle
Average OFMAP SRAM BW: 5.620 words/cycle
Average IFMAP DRAM BW: 4.867 words/cycle
Average Filter DRAM BW: 7.809 words/cycle
Average OFMAP DRAM BW: 32.000 words/cycle

Running Layer 219
Total cycles: 3977
Compute cycles: 1823
Stall cycles: 0
Overall utilization: 17.55%
Mapping efficiency: 100.00%
Average IFMAP SRAM BW: 5.617 words/cycle
Average Filter SRAM BW: 8.987 words/cycle
Average OFMAP SRAM BW: 5.617 words/cycle
Average IFMAP DRAM BW: 9.734 words/cycle
Average Filter DRAM BW: 8.929 words/cycle
Average OFMAP DRAM BW: 32.000 words/cycle

Running Layer 220
Total cycles: 533
Compute cycles: 229
Stall cycles: 0
Overall utilization: 2.29%
Mapping efficiency: 12.50%
Average IFMAP SRAM BW: 0.734 words/cycle
Average Filter SRAM BW: 1.118 words/cycle
Average OFMAP SRAM BW: 5.869 words/cycle
Average IFMAP DRAM BW: 0.319 words/cycle
Average Filter DRAM BW: 0.973 words/cycle
Average OFMAP DRAM BW: 32.000 words/cycle

Running Layer 221
Total cycles: 805
Compute cycles: 459
Stall cycles: 0
Overall utilization: 2.29%
Mapping efficiency: 12.50%
Average IFMAP SRAM BW: 0.732 words/cycle
Average Filter SRAM BW: 1.115 words/cycle
Average OFMAP SRAM BW: 5.856 words/cycle
Average IFMAP DRAM BW: 0.319 words/cycle
Average Filter DRAM BW: 1.947 words/cycle
Average OFMAP DRAM BW: 32.000 words/cycle

Running Layer 222
Total cycles: 533
Compute cycles: 229
Stall cycles: 0
Overall utilization: 4.59%
Mapping efficiency: 25.00%
Average IFMAP SRAM BW: 1.467 words/cycle
Average Filter SRAM BW: 2.236 words/cycle
Average OFMAP SRAM BW: 5.869 words/cycle
Average IFMAP DRAM BW: 0.639 words/cycle
Average Filter DRAM BW: 1.947 words/cycle
Average OFMAP DRAM BW: 32.000 words/cycle

Running Layer 223
Total cycles: 805
Compute cycles: 459
Stall cycles: 0
Overall utilization: 4.58%
Mapping efficiency: 25.00%
Average IFMAP SRAM BW: 1.464 words/cycle
Average Filter SRAM BW: 2.231 words/cycle
Average OFMAP SRAM BW: 5.856 words/cycle
Average IFMAP DRAM BW: 0.639 words/cycle
Average Filter DRAM BW: 3.894 words/cycle
Average OFMAP DRAM BW: 32.000 words/cycle

Running Layer 224
Total cycles: 533
Compute cycles: 229
Stall cycles: 0
Overall utilization: 9.17%
Mapping efficiency: 50.00%
Average IFMAP SRAM BW: 2.934 words/cycle
Average Filter SRAM BW: 4.472 words/cycle
Average OFMAP SRAM BW: 5.869 words/cycle
Average IFMAP DRAM BW: 1.278 words/cycle
Average Filter DRAM BW: 3.894 words/cycle
Average OFMAP DRAM BW: 32.000 words/cycle

Running Layer 225
Total cycles: 805
Compute cycles: 459
Stall cycles: 0
Overall utilization: 9.15%
Mapping efficiency: 50.00%
Average IFMAP SRAM BW: 2.928 words/cycle
Average Filter SRAM BW: 4.462 words/cycle
Average OFMAP SRAM BW: 5.856 words/cycle
Average IFMAP DRAM BW: 1.278 words/cycle
Average Filter DRAM BW: 7.787 words/cycle
Average OFMAP DRAM BW: 32.000 words/cycle

Running Layer 226
Total cycles: 533
Compute cycles: 229
Stall cycles: 0
Overall utilization: 18.34%
Mapping efficiency: 100.00%
Average IFMAP SRAM BW: 5.869 words/cycle
Average Filter SRAM BW: 8.943 words/cycle
Average OFMAP SRAM BW: 5.869 words/cycle
Average IFMAP DRAM BW: 2.555 words/cycle
Average Filter DRAM BW: 7.787 words/cycle
Average OFMAP DRAM BW: 32.000 words/cycle

Running Layer 227
Total cycles: 1067
Compute cycles: 459
Stall cycles: 0
Overall utilization: 18.30%
Mapping efficiency: 100.00%
Average IFMAP SRAM BW: 5.856 words/cycle
Average Filter SRAM BW: 8.924 words/cycle
Average OFMAP SRAM BW: 5.856 words/cycle
Average IFMAP DRAM BW: 2.555 words/cycle
Average Filter DRAM BW: 7.802 words/cycle
Average OFMAP DRAM BW: 32.000 words/cycle

Running Layer 228
Total cycles: 1067
Compute cycles: 459
Stall cycles: 0
Overall utilization: 18.30%
Mapping efficiency: 100.00%
Average IFMAP SRAM BW: 5.856 words/cycle
Average Filter SRAM BW: 8.924 words/cycle
Average OFMAP SRAM BW: 5.856 words/cycle
Average IFMAP DRAM BW: 5.110 words/cycle
Average Filter DRAM BW: 7.802 words/cycle
Average OFMAP DRAM BW: 32.000 words/cycle

Running Layer 229
Total cycles: 2135
Compute cycles: 919
Stall cycles: 0
Overall utilization: 18.28%
Mapping efficiency: 100.00%
Average IFMAP SRAM BW: 5.850 words/cycle
Average Filter SRAM BW: 8.914 words/cycle
Average OFMAP SRAM BW: 5.850 words/cycle
Average IFMAP DRAM BW: 5.110 words/cycle
Average Filter DRAM BW: 7.809 words/cycle
Average OFMAP DRAM BW: 32.000 words/cycle

Running Layer 230
Total cycles: 4009
Compute cycles: 1839
Stall cycles: 0
Overall utilization: 18.27%
Mapping efficiency: 100.00%
Average IFMAP SRAM BW: 5.847 words/cycle
Average Filter SRAM BW: 8.909 words/cycle
Average OFMAP SRAM BW: 5.847 words/cycle
Average IFMAP DRAM BW: 5.120 words/cycle
Average Filter DRAM BW: 8.929 words/cycle
Average OFMAP DRAM BW: 32.000 words/cycle

Running Layer 231
Total cycles: 537
Compute cycles: 231
Stall cycles: 0
Overall utilization: 2.38%
Mapping efficiency: 12.50%
Average IFMAP SRAM BW: 0.762 words/cycle
Average Filter SRAM BW: 1.108 words/cycle
Average OFMAP SRAM BW: 6.095 words/cycle
Average IFMAP DRAM BW: 0.335 words/cycle
Average Filter DRAM BW: 0.973 words/cycle
Average OFMAP DRAM BW: 32.000 words/cycle

Running Layer 232
Total cycles: 813
Compute cycles: 463
Stall cycles: 0
Overall utilization: 2.38%
Mapping efficiency: 12.50%
Average IFMAP SRAM BW: 0.760 words/cycle
Average Filter SRAM BW: 1.106 words/cycle
Average OFMAP SRAM BW: 6.082 words/cycle
Average IFMAP DRAM BW: 0.335 words/cycle
Average Filter DRAM BW: 1.947 words/cycle
Average OFMAP DRAM BW: 32.000 words/cycle

Running Layer 233
Total cycles: 537
Compute cycles: 231
Stall cycles: 0
Overall utilization: 4.76%
Mapping efficiency: 25.00%
Average IFMAP SRAM BW: 1.524 words/cycle
Average Filter SRAM BW: 2.216 words/cycle
Average OFMAP SRAM BW: 6.095 words/cycle
Average IFMAP DRAM BW: 0.669 words/cycle
Average Filter DRAM BW: 1.947 words/cycle
Average OFMAP DRAM BW: 32.000 words/cycle

Running Layer 234
Total cycles: 813
Compute cycles: 463
Stall cycles: 0
Overall utilization: 4.75%
Mapping efficiency: 25.00%
Average IFMAP SRAM BW: 1.521 words/cycle
Average Filter SRAM BW: 2.212 words/cycle
Average OFMAP SRAM BW: 6.082 words/cycle
Average IFMAP DRAM BW: 0.669 words/cycle
Average Filter DRAM BW: 3.894 words/cycle
Average OFMAP DRAM BW: 32.000 words/cycle

Running Layer 235
Total cycles: 537
Compute cycles: 231
Stall cycles: 0
Overall utilization: 9.52%
Mapping efficiency: 50.00%
Average IFMAP SRAM BW: 3.048 words/cycle
Average Filter SRAM BW: 4.433 words/cycle
Average OFMAP SRAM BW: 6.095 words/cycle
Average IFMAP DRAM BW: 1.338 words/cycle
Average Filter DRAM BW: 3.894 words/cycle
Average OFMAP DRAM BW: 32.000 words/cycle

Running Layer 236
Total cycles: 813
Compute cycles: 463
Stall cycles: 0
Overall utilization: 9.50%
Mapping efficiency: 50.00%
Average IFMAP SRAM BW: 3.041 words/cycle
Average Filter SRAM BW: 4.423 words/cycle
Average OFMAP SRAM BW: 6.082 words/cycle
Average IFMAP DRAM BW: 1.338 words/cycle
Average Filter DRAM BW: 7.787 words/cycle
Average OFMAP DRAM BW: 32.000 words/cycle

Running Layer 237
Total cycles: 537
Compute cycles: 231
Stall cycles: 0
Overall utilization: 19.05%
Mapping efficiency: 100.00%
Average IFMAP SRAM BW: 6.095 words/cycle
Average Filter SRAM BW: 8.866 words/cycle
Average OFMAP SRAM BW: 6.095 words/cycle
Average IFMAP DRAM BW: 2.677 words/cycle
Average Filter DRAM BW: 7.787 words/cycle
Average OFMAP DRAM BW: 32.000 words/cycle

Running Layer 238
Total cycles: 1075
Compute cycles: 463
Stall cycles: 0
Overall utilization: 19.01%
Mapping efficiency: 100.00%
Average IFMAP SRAM BW: 6.082 words/cycle
Average Filter SRAM BW: 8.847 words/cycle
Average OFMAP SRAM BW: 6.082 words/cycle
Average IFMAP DRAM BW: 2.677 words/cycle
Average Filter DRAM BW: 7.802 words/cycle
Average OFMAP DRAM BW: 32.000 words/cycle

Running Layer 239
Total cycles: 1075
Compute cycles: 463
Stall cycles: 0
Overall utilization: 19.01%
Mapping efficiency: 100.00%
Average IFMAP SRAM BW: 6.082 words/cycle
Average Filter SRAM BW: 8.847 words/cycle
Average OFMAP SRAM BW: 6.082 words/cycle
Average IFMAP DRAM BW: 5.354 words/cycle
Average Filter DRAM BW: 7.802 words/cycle
Average OFMAP DRAM BW: 32.000 words/cycle

Running Layer 240
Total cycles: 2151
Compute cycles: 927
Stall cycles: 0
Overall utilization: 18.99%
Mapping efficiency: 100.00%
Average IFMAP SRAM BW: 6.076 words/cycle
Average Filter SRAM BW: 8.837 words/cycle
Average OFMAP SRAM BW: 6.076 words/cycle
Average IFMAP DRAM BW: 5.354 words/cycle
Average Filter DRAM BW: 7.809 words/cycle
Average OFMAP DRAM BW: 32.000 words/cycle

Running Layer 241
Total cycles: 4041
Compute cycles: 1855
Stall cycles: 0
Overall utilization: 18.98%
Mapping efficiency: 100.00%
Average IFMAP SRAM BW: 6.072 words/cycle
Average Filter SRAM BW: 8.832 words/cycle
Average OFMAP SRAM BW: 6.072 words/cycle
Average IFMAP DRAM BW: 5.364 words/cycle
Average Filter DRAM BW: 8.929 words/cycle
Average OFMAP DRAM BW: 32.000 words/cycle

Running Layer 242
Total cycles: 541
Compute cycles: 233
Stall cycles: 0
Overall utilization: 2.47%
Mapping efficiency: 12.50%
Average IFMAP SRAM BW: 0.790 words/cycle
Average Filter SRAM BW: 1.099 words/cycle
Average OFMAP SRAM BW: 6.318 words/cycle
Average IFMAP DRAM BW: 0.350 words/cycle
Average Filter DRAM BW: 0.973 words/cycle
Average OFMAP DRAM BW: 32.000 words/cycle

Running Layer 243
Total cycles: 821
Compute cycles: 467
Stall cycles: 0
Overall utilization: 2.46%
Mapping efficiency: 12.50%
Average IFMAP SRAM BW: 0.788 words/cycle
Average Filter SRAM BW: 1.096 words/cycle
Average OFMAP SRAM BW: 6.304 words/cycle
Average IFMAP DRAM BW: 0.350 words/cycle
Average Filter DRAM BW: 1.947 words/cycle
Average OFMAP DRAM BW: 32.000 words/cycle

Running Layer 244
Total cycles: 541
Compute cycles: 233
Stall cycles: 0
Overall utilization: 4.94%
Mapping efficiency: 25.00%
Average IFMAP SRAM BW: 1.579 words/cycle
Average Filter SRAM BW: 2.197 words/cycle
Average OFMAP SRAM BW: 6.318 words/cycle
Average IFMAP DRAM BW: 0.700 words/cycle
Average Filter DRAM BW: 1.947 words/cycle
Average OFMAP DRAM BW: 32.000 words/cycle

Running Layer 245
Total cycles: 821
Compute cycles: 467
Stall cycles: 0
Overall utilization: 4.93%
Mapping efficiency: 25.00%
Average IFMAP SRAM BW: 1.576 words/cycle
Average Filter SRAM BW: 2.193 words/cycle
Average OFMAP SRAM BW: 6.304 words/cycle
Average IFMAP DRAM BW: 0.700 words/cycle
Average Filter DRAM BW: 3.894 words/cycle
Average OFMAP DRAM BW: 32.000 words/cycle

Running Layer 246
Total cycles: 541
Compute cycles: 233
Stall cycles: 0
Overall utilization: 9.87%
Mapping efficiency: 50.00%
Average IFMAP SRAM BW: 3.159 words/cycle
Average Filter SRAM BW: 4.395 words/cycle
Average OFMAP SRAM BW: 6.318 words/cycle
Average IFMAP DRAM BW: 1.399 words/cycle
Average Filter DRAM BW: 3.894 words/cycle
Average OFMAP DRAM BW: 32.000 words/cycle

Running Layer 247
Total cycles: 821
Compute cycles: 467
Stall cycles: 0
Overall utilization: 9.85%
Mapping efficiency: 50.00%
Average IFMAP SRAM BW: 3.152 words/cycle
Average Filter SRAM BW: 4.385 words/cycle
Average OFMAP SRAM BW: 6.304 words/cycle
Average IFMAP DRAM BW: 1.399 words/cycle
Average Filter DRAM BW: 7.787 words/cycle
Average OFMAP DRAM BW: 32.000 words/cycle

Running Layer 248
Total cycles: 541
Compute cycles: 233
Stall cycles: 0
Overall utilization: 19.74%
Mapping efficiency: 100.00%
Average IFMAP SRAM BW: 6.318 words/cycle
Average Filter SRAM BW: 8.790 words/cycle
Average OFMAP SRAM BW: 6.318 words/cycle
Average IFMAP DRAM BW: 2.798 words/cycle
Average Filter DRAM BW: 7.787 words/cycle
Average OFMAP DRAM BW: 32.000 words/cycle

Running Layer 249
Total cycles: 1083
Compute cycles: 467
Stall cycles: 0
Overall utilization: 19.70%
Mapping efficiency: 100.00%
Average IFMAP SRAM BW: 6.304 words/cycle
Average Filter SRAM BW: 8.771 words/cycle
Average OFMAP SRAM BW: 6.304 words/cycle
Average IFMAP DRAM BW: 2.798 words/cycle
Average Filter DRAM BW: 7.802 words/cycle
Average OFMAP DRAM BW: 32.000 words/cycle

Running Layer 250
Total cycles: 1083
Compute cycles: 467
Stall cycles: 0
Overall utilization: 19.70%
Mapping efficiency: 100.00%
Average IFMAP SRAM BW: 6.304 words/cycle
Average Filter SRAM BW: 8.771 words/cycle
Average OFMAP SRAM BW: 6.304 words/cycle
Average IFMAP DRAM BW: 5.597 words/cycle
Average Filter DRAM BW: 7.802 words/cycle
Average OFMAP DRAM BW: 32.000 words/cycle

Running Layer 251
Total cycles: 2167
Compute cycles: 935
Stall cycles: 0
Overall utilization: 19.68%
Mapping efficiency: 100.00%
Average IFMAP SRAM BW: 6.297 words/cycle
Average Filter SRAM BW: 8.761 words/cycle
Average OFMAP SRAM BW: 6.297 words/cycle
Average IFMAP DRAM BW: 5.597 words/cycle
Average Filter DRAM BW: 7.809 words/cycle
Average OFMAP DRAM BW: 32.000 words/cycle

Running Layer 252
Total cycles: 4073
Compute cycles: 1871
Stall cycles: 0
Overall utilization: 19.67%
Mapping efficiency: 100.00%
Average IFMAP SRAM BW: 6.294 words/cycle
Average Filter SRAM BW: 8.757 words/cycle
Average OFMAP SRAM BW: 6.294 words/cycle
Average IFMAP DRAM BW: 5.608 words/cycle
Average Filter DRAM BW: 8.929 words/cycle
Average OFMAP DRAM BW: 32.000 words/cycle

Running Layer 253
Total cycles: 545
Compute cycles: 235
Stall cycles: 0
Overall utilization: 2.55%
Mapping efficiency: 12.50%
Average IFMAP SRAM BW: 0.817 words/cycle
Average Filter SRAM BW: 1.089 words/cycle
Average OFMAP SRAM BW: 6.536 words/cycle
Average IFMAP DRAM BW: 0.365 words/cycle
Average Filter DRAM BW: 0.973 words/cycle
Average OFMAP DRAM BW: 32.000 words/cycle

Running Layer 254
Total cycles: 829
Compute cycles: 471
Stall cycles: 0
Overall utilization: 2.55%
Mapping efficiency: 12.50%
Average IFMAP SRAM BW: 0.815 words/cycle
Average Filter SRAM BW: 1.087 words/cycle
Average OFMAP SRAM BW: 6.522 words/cycle
Average IFMAP DRAM BW: 0.365 words/cycle
Average Filter DRAM BW: 1.947 words/cycle
Average OFMAP DRAM BW: 32.000 words/cycle

Running Layer 255
Total cycles: 545
Compute cycles: 235
Stall cycles: 0
Overall utilization: 5.11%
Mapping efficiency: 25.00%
Average IFMAP SRAM BW: 1.634 words/cycle
Average Filter SRAM BW: 2.179 words/cycle
Average OFMAP SRAM BW: 6.536 words/cycle
Average IFMAP DRAM BW: 0.730 words/cycle
Average Filter DRAM BW: 1.947 words/cycle
Average OFMAP DRAM BW: 32.000 words/cycle

Running Layer 256
Total cycles: 829
Compute cycles: 471
Stall cycles: 0
Overall utilization: 5.10%
Mapping efficiency: 25.00%
Average IFMAP SRAM BW: 1.631 words/cycle
Average Filter SRAM BW: 2.174 words/cycle
Average OFMAP SRAM BW: 6.522 words/cycle
Average IFMAP DRAM BW: 0.730 words/cycle
Average Filter DRAM BW: 3.894 words/cycle
Average OFMAP DRAM BW: 32.000 words/cycle

Running Layer 257
Total cycles: 545
Compute cycles: 235
Stall cycles: 0
Overall utilization: 10.21%
Mapping efficiency: 50.00%
Average IFMAP SRAM BW: 3.268 words/cycle
Average Filter SRAM BW: 4.357 words/cycle
Average OFMAP SRAM BW: 6.536 words/cycle
Average IFMAP DRAM BW: 1.460 words/cycle
Average Filter DRAM BW: 3.894 words/cycle
Average OFMAP DRAM BW: 32.000 words/cycle

Running Layer 258
Total cycles: 829
Compute cycles: 471
Stall cycles: 0
Overall utilization: 10.19%
Mapping efficiency: 50.00%
Average IFMAP SRAM BW: 3.261 words/cycle
Average Filter SRAM BW: 4.348 words/cycle
Average OFMAP SRAM BW: 6.522 words/cycle
Average IFMAP DRAM BW: 1.460 words/cycle
Average Filter DRAM BW: 7.787 words/cycle
Average OFMAP DRAM BW: 32.000 words/cycle

Running Layer 259
Total cycles: 545
Compute cycles: 235
Stall cycles: 0
Overall utilization: 20.43%
Mapping efficiency: 100.00%
Average IFMAP SRAM BW: 6.536 words/cycle
Average Filter SRAM BW: 8.715 words/cycle
Average OFMAP SRAM BW: 6.536 words/cycle
Average IFMAP DRAM BW: 2.920 words/cycle
Average Filter DRAM BW: 7.787 words/cycle
Average OFMAP DRAM BW: 32.000 words/cycle

Running Layer 260
Total cycles: 1091
Compute cycles: 471
Stall cycles: 0
Overall utilization: 20.38%
Mapping efficiency: 100.00%
Average IFMAP SRAM BW: 6.522 words/cycle
Average Filter SRAM BW: 8.696 words/cycle
Average OFMAP SRAM BW: 6.522 words/cycle
Average IFMAP DRAM BW: 2.920 words/cycle
Average Filter DRAM BW: 7.802 words/cycle
Average OFMAP DRAM BW: 32.000 words/cycle

Running Layer 261
Total cycles: 1091
Compute cycles: 471
Stall cycles: 0
Overall utilization: 20.38%
Mapping efficiency: 100.00%
Average IFMAP SRAM BW: 6.522 words/cycle
Average Filter SRAM BW: 8.696 words/cycle
Average OFMAP SRAM BW: 6.522 words/cycle
Average IFMAP DRAM BW: 5.840 words/cycle
Average Filter DRAM BW: 7.802 words/cycle
Average OFMAP DRAM BW: 32.000 words/cycle

Running Layer 262
Total cycles: 2183
Compute cycles: 943
Stall cycles: 0
Overall utilization: 20.36%
Mapping efficiency: 100.00%
Average IFMAP SRAM BW: 6.515 words/cycle
Average Filter SRAM BW: 8.687 words/cycle
Average OFMAP SRAM BW: 6.515 words/cycle
Average IFMAP DRAM BW: 5.840 words/cycle
Average Filter DRAM BW: 7.809 words/cycle
Average OFMAP DRAM BW: 32.000 words/cycle

Running Layer 263
Total cycles: 4105
Compute cycles: 1887
Stall cycles: 0
Overall utilization: 20.35%
Mapping efficiency: 100.00%
Average IFMAP SRAM BW: 6.512 words/cycle
Average Filter SRAM BW: 8.683 words/cycle
Average OFMAP SRAM BW: 6.512 words/cycle
Average IFMAP DRAM BW: 5.851 words/cycle
Average Filter DRAM BW: 8.929 words/cycle
Average OFMAP DRAM BW: 32.000 words/cycle

Running Layer 264
Total cycles: 549
Compute cycles: 237
Stall cycles: 0
Overall utilization: 2.64%
Mapping efficiency: 12.50%
Average IFMAP SRAM BW: 0.844 words/cycle
Average Filter SRAM BW: 1.080 words/cycle
Average OFMAP SRAM BW: 6.751 words/cycle
Average IFMAP DRAM BW: 0.380 words/cycle
Average Filter DRAM BW: 0.973 words/cycle
Average OFMAP DRAM BW: 32.000 words/cycle

Running Layer 265
Total cycles: 837
Compute cycles: 475
Stall cycles: 0
Overall utilization: 2.63%
Mapping efficiency: 12.50%
Average IFMAP SRAM BW: 0.842 words/cycle
Average Filter SRAM BW: 1.078 words/cycle
Average OFMAP SRAM BW: 6.737 words/cycle
Average IFMAP DRAM BW: 0.380 words/cycle
Average Filter DRAM BW: 1.947 words/cycle
Average OFMAP DRAM BW: 32.000 words/cycle

Running Layer 266
Total cycles: 549
Compute cycles: 237
Stall cycles: 0
Overall utilization: 5.27%
Mapping efficiency: 25.00%
Average IFMAP SRAM BW: 1.688 words/cycle
Average Filter SRAM BW: 2.160 words/cycle
Average OFMAP SRAM BW: 6.751 words/cycle
Average IFMAP DRAM BW: 0.760 words/cycle
Average Filter DRAM BW: 1.947 words/cycle
Average OFMAP DRAM BW: 32.000 words/cycle

Running Layer 267
Total cycles: 837
Compute cycles: 475
Stall cycles: 0
Overall utilization: 5.26%
Mapping efficiency: 25.00%
Average IFMAP SRAM BW: 1.684 words/cycle
Average Filter SRAM BW: 2.156 words/cycle
Average OFMAP SRAM BW: 6.737 words/cycle
Average IFMAP DRAM BW: 0.760 words/cycle
Average Filter DRAM BW: 3.894 words/cycle
Average OFMAP DRAM BW: 32.000 words/cycle

Running Layer 268
Total cycles: 549
Compute cycles: 237
Stall cycles: 0
Overall utilization: 10.55%
Mapping efficiency: 50.00%
Average IFMAP SRAM BW: 3.376 words/cycle
Average Filter SRAM BW: 4.321 words/cycle
Average OFMAP SRAM BW: 6.751 words/cycle
Average IFMAP DRAM BW: 1.521 words/cycle
Average Filter DRAM BW: 3.894 words/cycle
Average OFMAP DRAM BW: 32.000 words/cycle

Running Layer 269
Total cycles: 837
Compute cycles: 475
Stall cycles: 0
Overall utilization: 10.53%
Mapping efficiency: 50.00%
Average IFMAP SRAM BW: 3.368 words/cycle
Average Filter SRAM BW: 4.312 words/cycle
Average OFMAP SRAM BW: 6.737 words/cycle
Average IFMAP DRAM BW: 1.521 words/cycle
Average Filter DRAM BW: 7.787 words/cycle
Average OFMAP DRAM BW: 32.000 words/cycle

Running Layer 270
Total cycles: 549
Compute cycles: 237
Stall cycles: 0
Overall utilization: 21.10%
Mapping efficiency: 100.00%
Average IFMAP SRAM BW: 6.751 words/cycle
Average Filter SRAM BW: 8.641 words/cycle
Average OFMAP SRAM BW: 6.751 words/cycle
Average IFMAP DRAM BW: 3.042 words/cycle
Average Filter DRAM BW: 7.787 words/cycle
Average OFMAP DRAM BW: 32.000 words/cycle

Running Layer 271
Total cycles: 1099
Compute cycles: 475
Stall cycles: 0
Overall utilization: 21.05%
Mapping efficiency: 100.00%
Average IFMAP SRAM BW: 6.737 words/cycle
Average Filter SRAM BW: 8.623 words/cycle
Average OFMAP SRAM BW: 6.737 words/cycle
Average IFMAP DRAM BW: 3.042 words/cycle
Average Filter DRAM BW: 7.802 words/cycle
Average OFMAP DRAM BW: 32.000 words/cycle

Running Layer 272
Total cycles: 1099
Compute cycles: 475
Stall cycles: 0
Overall utilization: 21.05%
Mapping efficiency: 100.00%
Average IFMAP SRAM BW: 6.737 words/cycle
Average Filter SRAM BW: 8.623 words/cycle
Average OFMAP SRAM BW: 6.737 words/cycle
Average IFMAP DRAM BW: 6.084 words/cycle
Average Filter DRAM BW: 7.802 words/cycle
Average OFMAP DRAM BW: 32.000 words/cycle

Running Layer 273
Total cycles: 2199
Compute cycles: 951
Stall cycles: 0
Overall utilization: 21.03%
Mapping efficiency: 100.00%
Average IFMAP SRAM BW: 6.730 words/cycle
Average Filter SRAM BW: 8.614 words/cycle
Average OFMAP SRAM BW: 6.730 words/cycle
Average IFMAP DRAM BW: 6.084 words/cycle
Average Filter DRAM BW: 7.809 words/cycle
Average OFMAP DRAM BW: 32.000 words/cycle

Running Layer 274
Total cycles: 4137
Compute cycles: 1903
Stall cycles: 0
Overall utilization: 21.02%
Mapping efficiency: 100.00%
Average IFMAP SRAM BW: 6.726 words/cycle
Average Filter SRAM BW: 8.610 words/cycle
Average OFMAP SRAM BW: 6.726 words/cycle
Average IFMAP DRAM BW: 6.095 words/cycle
Average Filter DRAM BW: 8.929 words/cycle
Average OFMAP DRAM BW: 32.000 words/cycle

Running Layer 275
Total cycles: 553
Compute cycles: 239
Stall cycles: 0
Overall utilization: 2.72%
Mapping efficiency: 12.50%
Average IFMAP SRAM BW: 0.870 words/cycle
Average Filter SRAM BW: 1.071 words/cycle
Average OFMAP SRAM BW: 6.962 words/cycle
Average IFMAP DRAM BW: 0.395 words/cycle
Average Filter DRAM BW: 0.973 words/cycle
Average OFMAP DRAM BW: 32.000 words/cycle

Running Layer 276
Total cycles: 845
Compute cycles: 479
Stall cycles: 0
Overall utilization: 2.71%
Mapping efficiency: 12.50%
Average IFMAP SRAM BW: 0.868 words/cycle
Average Filter SRAM BW: 1.069 words/cycle
Average OFMAP SRAM BW: 6.948 words/cycle
Average IFMAP DRAM BW: 0.395 words/cycle
Average Filter DRAM BW: 1.947 words/cycle
Average OFMAP DRAM BW: 32.000 words/cycle

Running Layer 277
Total cycles: 553
Compute cycles: 239
Stall cycles: 0
Overall utilization: 5.44%
Mapping efficiency: 25.00%
Average IFMAP SRAM BW: 1.741 words/cycle
Average Filter SRAM BW: 2.142 words/cycle
Average OFMAP SRAM BW: 6.962 words/cycle
Average IFMAP DRAM BW: 0.791 words/cycle
Average Filter DRAM BW: 1.947 words/cycle
Average OFMAP DRAM BW: 32.000 words/cycle

Running Layer 278
Total cycles: 845
Compute cycles: 479
Stall cycles: 0
Overall utilization: 5.43%
Mapping efficiency: 25.00%
Average IFMAP SRAM BW: 1.737 words/cycle
Average Filter SRAM BW: 2.138 words/cycle
Average OFMAP SRAM BW: 6.948 words/cycle
Average IFMAP DRAM BW: 0.791 words/cycle
Average Filter DRAM BW: 3.894 words/cycle
Average OFMAP DRAM BW: 32.000 words/cycle

Running Layer 279
Total cycles: 553
Compute cycles: 239
Stall cycles: 0
Overall utilization: 10.88%
Mapping efficiency: 50.00%
Average IFMAP SRAM BW: 3.481 words/cycle
Average Filter SRAM BW: 4.285 words/cycle
Average OFMAP SRAM BW: 6.962 words/cycle
Average IFMAP DRAM BW: 1.582 words/cycle
Average Filter DRAM BW: 3.894 words/cycle
Average OFMAP DRAM BW: 32.000 words/cycle

Running Layer 280
Total cycles: 845
Compute cycles: 479
Stall cycles: 0
Overall utilization: 10.86%
Mapping efficiency: 50.00%
Average IFMAP SRAM BW: 3.474 words/cycle
Average Filter SRAM BW: 4.276 words/cycle
Average OFMAP SRAM BW: 6.948 words/cycle
Average IFMAP DRAM BW: 1.582 words/cycle
Average Filter DRAM BW: 7.787 words/cycle
Average OFMAP DRAM BW: 32.000 words/cycle

Running Layer 281
Total cycles: 553
Compute cycles: 239
Stall cycles: 0
Overall utilization: 21.76%
Mapping efficiency: 100.00%
Average IFMAP SRAM BW: 6.962 words/cycle
Average Filter SRAM BW: 8.569 words/cycle
Average OFMAP SRAM BW: 6.962 words/cycle
Average IFMAP DRAM BW: 3.163 words/cycle
Average Filter DRAM BW: 7.787 words/cycle
Average OFMAP DRAM BW: 32.000 words/cycle

Running Layer 282
Total cycles: 1107
Compute cycles: 479
Stall cycles: 0
Overall utilization: 21.71%
Mapping efficiency: 100.00%
Average IFMAP SRAM BW: 6.948 words/cycle
Average Filter SRAM BW: 8.551 words/cycle
Average OFMAP SRAM BW: 6.948 words/cycle
Average IFMAP DRAM BW: 3.163 words/cycle
Average Filter DRAM BW: 7.802 words/cycle
Average OFMAP DRAM BW: 32.000 words/cycle

Running Layer 283
Total cycles: 1107
Compute cycles: 479
Stall cycles: 0
Overall utilization: 21.71%
Mapping efficiency: 100.00%
Average IFMAP SRAM BW: 6.948 words/cycle
Average Filter SRAM BW: 8.551 words/cycle
Average OFMAP SRAM BW: 6.948 words/cycle
Average IFMAP DRAM BW: 6.327 words/cycle
Average Filter DRAM BW: 7.802 words/cycle
Average OFMAP DRAM BW: 32.000 words/cycle

Running Layer 284
Total cycles: 2215
Compute cycles: 959
Stall cycles: 0
Overall utilization: 21.69%
Mapping efficiency: 100.00%
Average IFMAP SRAM BW: 6.941 words/cycle
Average Filter SRAM BW: 8.542 words/cycle
Average OFMAP SRAM BW: 6.941 words/cycle
Average IFMAP DRAM BW: 6.327 words/cycle
Average Filter DRAM BW: 7.809 words/cycle
Average OFMAP DRAM BW: 32.000 words/cycle

Running Layer 285
Total cycles: 4169
Compute cycles: 1919
Stall cycles: 0
Overall utilization: 21.68%
Mapping efficiency: 100.00%
Average IFMAP SRAM BW: 6.937 words/cycle
Average Filter SRAM BW: 8.538 words/cycle
Average OFMAP SRAM BW: 6.937 words/cycle
Average IFMAP DRAM BW: 6.339 words/cycle
Average Filter DRAM BW: 8.929 words/cycle
Average OFMAP DRAM BW: 32.000 words/cycle

Running Layer 286
Total cycles: 557
Compute cycles: 241
Stall cycles: 0
Overall utilization: 2.80%
Mapping efficiency: 12.50%
Average IFMAP SRAM BW: 0.896 words/cycle
Average Filter SRAM BW: 1.062 words/cycle
Average OFMAP SRAM BW: 7.170 words/cycle
Average IFMAP DRAM BW: 0.411 words/cycle
Average Filter DRAM BW: 0.973 words/cycle
Average OFMAP DRAM BW: 32.000 words/cycle

Running Layer 287
Total cycles: 853
Compute cycles: 483
Stall cycles: 0
Overall utilization: 2.80%
Mapping efficiency: 12.50%
Average IFMAP SRAM BW: 0.894 words/cycle
Average Filter SRAM BW: 1.060 words/cycle
Average OFMAP SRAM BW: 7.155 words/cycle
Average IFMAP DRAM BW: 0.411 words/cycle
Average Filter DRAM BW: 1.947 words/cycle
Average OFMAP DRAM BW: 32.000 words/cycle

Running Layer 288
Total cycles: 557
Compute cycles: 241
Stall cycles: 0
Overall utilization: 5.60%
Mapping efficiency: 25.00%
Average IFMAP SRAM BW: 1.793 words/cycle
Average Filter SRAM BW: 2.124 words/cycle
Average OFMAP SRAM BW: 7.170 words/cycle
Average IFMAP DRAM BW: 0.821 words/cycle
Average Filter DRAM BW: 1.947 words/cycle
Average OFMAP DRAM BW: 32.000 words/cycle

Running Layer 289
Total cycles: 853
Compute cycles: 483
Stall cycles: 0
Overall utilization: 5.59%
Mapping efficiency: 25.00%
Average IFMAP SRAM BW: 1.789 words/cycle
Average Filter SRAM BW: 2.120 words/cycle
Average OFMAP SRAM BW: 7.155 words/cycle
Average IFMAP DRAM BW: 0.821 words/cycle
Average Filter DRAM BW: 3.894 words/cycle
Average OFMAP DRAM BW: 32.000 words/cycle

Running Layer 290
Total cycles: 557
Compute cycles: 241
Stall cycles: 0
Overall utilization: 11.20%
Mapping efficiency: 50.00%
Average IFMAP SRAM BW: 3.585 words/cycle
Average Filter SRAM BW: 4.249 words/cycle
Average OFMAP SRAM BW: 7.170 words/cycle
Average IFMAP DRAM BW: 1.643 words/cycle
Average Filter DRAM BW: 3.894 words/cycle
Average OFMAP DRAM BW: 32.000 words/cycle

Running Layer 291
Total cycles: 853
Compute cycles: 483
Stall cycles: 0
Overall utilization: 11.18%
Mapping efficiency: 50.00%
Average IFMAP SRAM BW: 3.578 words/cycle
Average Filter SRAM BW: 4.240 words/cycle
Average OFMAP SRAM BW: 7.155 words/cycle
Average IFMAP DRAM BW: 1.643 words/cycle
Average Filter DRAM BW: 7.787 words/cycle
Average OFMAP DRAM BW: 32.000 words/cycle

Running Layer 292
Total cycles: 557
Compute cycles: 241
Stall cycles: 0
Overall utilization: 22.41%
Mapping efficiency: 100.00%
Average IFMAP SRAM BW: 7.170 words/cycle
Average Filter SRAM BW: 8.498 words/cycle
Average OFMAP SRAM BW: 7.170 words/cycle
Average IFMAP DRAM BW: 3.285 words/cycle
Average Filter DRAM BW: 7.787 words/cycle
Average OFMAP DRAM BW: 32.000 words/cycle

Running Layer 293
Total cycles: 1115
Compute cycles: 483
Stall cycles: 0
Overall utilization: 22.36%
Mapping efficiency: 100.00%
Average IFMAP SRAM BW: 7.155 words/cycle
Average Filter SRAM BW: 8.480 words/cycle
Average OFMAP SRAM BW: 7.155 words/cycle
Average IFMAP DRAM BW: 3.285 words/cycle
Average Filter DRAM BW: 7.802 words/cycle
Average OFMAP DRAM BW: 32.000 words/cycle

Running Layer 294
Total cycles: 1115
Compute cycles: 483
Stall cycles: 0
Overall utilization: 22.36%
Mapping efficiency: 100.00%
Average IFMAP SRAM BW: 7.155 words/cycle
Average Filter SRAM BW: 8.480 words/cycle
Average OFMAP SRAM BW: 7.155 words/cycle
Average IFMAP DRAM BW: 6.570 words/cycle
Average Filter DRAM BW: 7.802 words/cycle
Average OFMAP DRAM BW: 32.000 words/cycle

Running Layer 295
Total cycles: 2231
Compute cycles: 967
Stall cycles: 0
Overall utilization: 22.34%
Mapping efficiency: 100.00%
Average IFMAP SRAM BW: 7.148 words/cycle
Average Filter SRAM BW: 8.472 words/cycle
Average OFMAP SRAM BW: 7.148 words/cycle
Average IFMAP DRAM BW: 6.570 words/cycle
Average Filter DRAM BW: 7.809 words/cycle
Average OFMAP DRAM BW: 32.000 words/cycle

Running Layer 296
Total cycles: 4201
Compute cycles: 1935
Stall cycles: 0
Overall utilization: 22.33%
Mapping efficiency: 100.00%
Average IFMAP SRAM BW: 7.144 words/cycle
Average Filter SRAM BW: 8.467 words/cycle
Average OFMAP SRAM BW: 7.144 words/cycle
Average IFMAP DRAM BW: 6.583 words/cycle
Average Filter DRAM BW: 8.929 words/cycle
Average OFMAP DRAM BW: 32.000 words/cycle

Running Layer 297
Total cycles: 561
Compute cycles: 243
Stall cycles: 0
Overall utilization: 2.88%
Mapping efficiency: 12.50%
Average IFMAP SRAM BW: 0.922 words/cycle
Average Filter SRAM BW: 1.053 words/cycle
Average OFMAP SRAM BW: 7.374 words/cycle
Average IFMAP DRAM BW: 0.426 words/cycle
Average Filter DRAM BW: 0.973 words/cycle
Average OFMAP DRAM BW: 32.000 words/cycle

Running Layer 298
Total cycles: 861
Compute cycles: 487
Stall cycles: 0
Overall utilization: 2.87%
Mapping efficiency: 12.50%
Average IFMAP SRAM BW: 0.920 words/cycle
Average Filter SRAM BW: 1.051 words/cycle
Average OFMAP SRAM BW: 7.359 words/cycle
Average IFMAP DRAM BW: 0.426 words/cycle
Average Filter DRAM BW: 1.947 words/cycle
Average OFMAP DRAM BW: 32.000 words/cycle

Running Layer 299
Total cycles: 561
Compute cycles: 243
Stall cycles: 0
Overall utilization: 5.76%
Mapping efficiency: 25.00%
Average IFMAP SRAM BW: 1.844 words/cycle
Average Filter SRAM BW: 2.107 words/cycle
Average OFMAP SRAM BW: 7.374 words/cycle
Average IFMAP DRAM BW: 0.852 words/cycle
Average Filter DRAM BW: 1.947 words/cycle
Average OFMAP DRAM BW: 32.000 words/cycle

Running Layer 300
Total cycles: 861
Compute cycles: 487
Stall cycles: 0
Overall utilization: 5.75%
Mapping efficiency: 25.00%
Average IFMAP SRAM BW: 1.840 words/cycle
Average Filter SRAM BW: 2.103 words/cycle
Average OFMAP SRAM BW: 7.359 words/cycle
Average IFMAP DRAM BW: 0.852 words/cycle
Average Filter DRAM BW: 3.894 words/cycle
Average OFMAP DRAM BW: 32.000 words/cycle

Running Layer 301
Total cycles: 561
Compute cycles: 243
Stall cycles: 0
Overall utilization: 11.52%
Mapping efficiency: 50.00%
Average IFMAP SRAM BW: 3.687 words/cycle
Average Filter SRAM BW: 4.214 words/cycle
Average OFMAP SRAM BW: 7.374 words/cycle
Average IFMAP DRAM BW: 1.703 words/cycle
Average Filter DRAM BW: 3.894 words/cycle
Average OFMAP DRAM BW: 32.000 words/cycle

Running Layer 302
Total cycles: 861
Compute cycles: 487
Stall cycles: 0
Overall utilization: 11.50%
Mapping efficiency: 50.00%
Average IFMAP SRAM BW: 3.680 words/cycle
Average Filter SRAM BW: 4.205 words/cycle
Average OFMAP SRAM BW: 7.359 words/cycle
Average IFMAP DRAM BW: 1.703 words/cycle
Average Filter DRAM BW: 7.787 words/cycle
Average OFMAP DRAM BW: 32.000 words/cycle

Running Layer 303
Total cycles: 561
Compute cycles: 243
Stall cycles: 0
Overall utilization: 23.05%
Mapping efficiency: 100.00%
Average IFMAP SRAM BW: 7.374 words/cycle
Average Filter SRAM BW: 8.428 words/cycle
Average OFMAP SRAM BW: 7.374 words/cycle
Average IFMAP DRAM BW: 3.407 words/cycle
Average Filter DRAM BW: 7.787 words/cycle
Average OFMAP DRAM BW: 32.000 words/cycle

Running Layer 304
Total cycles: 1123
Compute cycles: 487
Stall cycles: 0
Overall utilization: 23.00%
Mapping efficiency: 100.00%
Average IFMAP SRAM BW: 7.359 words/cycle
Average Filter SRAM BW: 8.411 words/cycle
Average OFMAP SRAM BW: 7.359 words/cycle
Average IFMAP DRAM BW: 3.407 words/cycle
Average Filter DRAM BW: 7.802 words/cycle
Average OFMAP DRAM BW: 32.000 words/cycle

Running Layer 305
Total cycles: 1123
Compute cycles: 487
Stall cycles: 0
Overall utilization: 23.00%
Mapping efficiency: 100.00%
Average IFMAP SRAM BW: 7.359 words/cycle
Average Filter SRAM BW: 8.411 words/cycle
Average OFMAP SRAM BW: 7.359 words/cycle
Average IFMAP DRAM BW: 6.814 words/cycle
Average Filter DRAM BW: 7.802 words/cycle
Average OFMAP DRAM BW: 32.000 words/cycle

Running Layer 306
Total cycles: 2247
Compute cycles: 975
Stall cycles: 0
Overall utilization: 22.97%
Mapping efficiency: 100.00%
Average IFMAP SRAM BW: 7.352 words/cycle
Average Filter SRAM BW: 8.402 words/cycle
Average OFMAP SRAM BW: 7.352 words/cycle
Average IFMAP DRAM BW: 6.814 words/cycle
Average Filter DRAM BW: 7.809 words/cycle
Average OFMAP DRAM BW: 32.000 words/cycle

Running Layer 307
Total cycles: 4233
Compute cycles: 1951
Stall cycles: 0
Overall utilization: 22.96%
Mapping efficiency: 100.00%
Average IFMAP SRAM BW: 7.348 words/cycle
Average Filter SRAM BW: 8.398 words/cycle
Average OFMAP SRAM BW: 7.348 words/cycle
Average IFMAP DRAM BW: 6.827 words/cycle
Average Filter DRAM BW: 8.929 words/cycle
Average OFMAP DRAM BW: 32.000 words/cycle

Running Layer 308
Total cycles: 565
Compute cycles: 245
Stall cycles: 0
Overall utilization: 2.96%
Mapping efficiency: 12.50%
Average IFMAP SRAM BW: 0.947 words/cycle
Average Filter SRAM BW: 1.045 words/cycle
Average OFMAP SRAM BW: 7.576 words/cycle
Average IFMAP DRAM BW: 0.441 words/cycle
Average Filter DRAM BW: 0.973 words/cycle
Average OFMAP DRAM BW: 32.000 words/cycle

Running Layer 309
Total cycles: 869
Compute cycles: 491
Stall cycles: 0
Overall utilization: 2.95%
Mapping efficiency: 12.50%
Average IFMAP SRAM BW: 0.945 words/cycle
Average Filter SRAM BW: 1.043 words/cycle
Average OFMAP SRAM BW: 7.560 words/cycle
Average IFMAP DRAM BW: 0.441 words/cycle
Average Filter DRAM BW: 1.947 words/cycle
Average OFMAP DRAM BW: 32.000 words/cycle

Running Layer 310
Total cycles: 565
Compute cycles: 245
Stall cycles: 0
Overall utilization: 5.92%
Mapping efficiency: 25.00%
Average IFMAP SRAM BW: 1.894 words/cycle
Average Filter SRAM BW: 2.090 words/cycle
Average OFMAP SRAM BW: 7.576 words/cycle
Average IFMAP DRAM BW: 0.882 words/cycle
Average Filter DRAM BW: 1.947 words/cycle
Average OFMAP DRAM BW: 32.000 words/cycle

Running Layer 311
Total cycles: 869
Compute cycles: 491
Stall cycles: 0
Overall utilization: 5.91%
Mapping efficiency: 25.00%
Average IFMAP SRAM BW: 1.890 words/cycle
Average Filter SRAM BW: 2.086 words/cycle
Average OFMAP SRAM BW: 7.560 words/cycle
Average IFMAP DRAM BW: 0.882 words/cycle
Average Filter DRAM BW: 3.894 words/cycle
Average OFMAP DRAM BW: 32.000 words/cycle

Running Layer 312
Total cycles: 565
Compute cycles: 245
Stall cycles: 0
Overall utilization: 11.84%
Mapping efficiency: 50.00%
Average IFMAP SRAM BW: 3.788 words/cycle
Average Filter SRAM BW: 4.180 words/cycle
Average OFMAP SRAM BW: 7.576 words/cycle
Average IFMAP DRAM BW: 1.764 words/cycle
Average Filter DRAM BW: 3.894 words/cycle
Average OFMAP DRAM BW: 32.000 words/cycle

Running Layer 313
Total cycles: 869
Compute cycles: 491
Stall cycles: 0
Overall utilization: 11.81%
Mapping efficiency: 50.00%
Average IFMAP SRAM BW: 3.780 words/cycle
Average Filter SRAM BW: 4.171 words/cycle
Average OFMAP SRAM BW: 7.560 words/cycle
Average IFMAP DRAM BW: 1.764 words/cycle
Average Filter DRAM BW: 7.787 words/cycle
Average OFMAP DRAM BW: 32.000 words/cycle

Running Layer 314
Total cycles: 565
Compute cycles: 245
Stall cycles: 0
Overall utilization: 23.67%
Mapping efficiency: 100.00%
Average IFMAP SRAM BW: 7.576 words/cycle
Average Filter SRAM BW: 8.359 words/cycle
Average OFMAP SRAM BW: 7.576 words/cycle
Average IFMAP DRAM BW: 3.529 words/cycle
Average Filter DRAM BW: 7.787 words/cycle
Average OFMAP DRAM BW: 32.000 words/cycle

Running Layer 315
Total cycles: 1131
Compute cycles: 491
Stall cycles: 0
Overall utilization: 23.63%
Mapping efficiency: 100.00%
Average IFMAP SRAM BW: 7.560 words/cycle
Average Filter SRAM BW: 8.342 words/cycle
Average OFMAP SRAM BW: 7.560 words/cycle
Average IFMAP DRAM BW: 3.529 words/cycle
Average Filter DRAM BW: 7.802 words/cycle
Average OFMAP DRAM BW: 32.000 words/cycle

Running Layer 316
Total cycles: 1131
Compute cycles: 491
Stall cycles: 0
Overall utilization: 23.63%
Mapping efficiency: 100.00%
Average IFMAP SRAM BW: 7.560 words/cycle
Average Filter SRAM BW: 8.342 words/cycle
Average OFMAP SRAM BW: 7.560 words/cycle
Average IFMAP DRAM BW: 7.057 words/cycle
Average Filter DRAM BW: 7.802 words/cycle
Average OFMAP DRAM BW: 32.000 words/cycle

Running Layer 317
Total cycles: 2263
Compute cycles: 983
Stall cycles: 0
Overall utilization: 23.60%
Mapping efficiency: 100.00%
Average IFMAP SRAM BW: 7.552 words/cycle
Average Filter SRAM BW: 8.334 words/cycle
Average OFMAP SRAM BW: 7.552 words/cycle
Average IFMAP DRAM BW: 7.057 words/cycle
Average Filter DRAM BW: 7.809 words/cycle
Average OFMAP DRAM BW: 32.000 words/cycle

Running Layer 318
Total cycles: 4265
Compute cycles: 1967
Stall cycles: 0
Overall utilization: 23.59%
Mapping efficiency: 100.00%
Average IFMAP SRAM BW: 7.549 words/cycle
Average Filter SRAM BW: 8.329 words/cycle
Average OFMAP SRAM BW: 7.549 words/cycle
Average IFMAP DRAM BW: 7.070 words/cycle
Average Filter DRAM BW: 8.929 words/cycle
Average OFMAP DRAM BW: 32.000 words/cycle

Running Layer 319
Total cycles: 569
Compute cycles: 247
Stall cycles: 0
Overall utilization: 3.04%
Mapping efficiency: 12.50%
Average IFMAP SRAM BW: 0.972 words/cycle
Average Filter SRAM BW: 1.036 words/cycle
Average OFMAP SRAM BW: 7.773 words/cycle
Average IFMAP DRAM BW: 0.456 words/cycle
Average Filter DRAM BW: 0.973 words/cycle
Average OFMAP DRAM BW: 32.000 words/cycle

Running Layer 320
Total cycles: 877
Compute cycles: 495
Stall cycles: 0
Overall utilization: 3.03%
Mapping efficiency: 12.50%
Average IFMAP SRAM BW: 0.970 words/cycle
Average Filter SRAM BW: 1.034 words/cycle
Average OFMAP SRAM BW: 7.758 words/cycle
Average IFMAP DRAM BW: 0.456 words/cycle
Average Filter DRAM BW: 1.947 words/cycle
Average OFMAP DRAM BW: 32.000 words/cycle

Running Layer 321
Total cycles: 569
Compute cycles: 247
Stall cycles: 0
Overall utilization: 6.07%
Mapping efficiency: 25.00%
Average IFMAP SRAM BW: 1.943 words/cycle
Average Filter SRAM BW: 2.073 words/cycle
Average OFMAP SRAM BW: 7.773 words/cycle
Average IFMAP DRAM BW: 0.913 words/cycle
Average Filter DRAM BW: 1.947 words/cycle
Average OFMAP DRAM BW: 32.000 words/cycle

Running Layer 322
Total cycles: 877
Compute cycles: 495
Stall cycles: 0
Overall utilization: 6.06%
Mapping efficiency: 25.00%
Average IFMAP SRAM BW: 1.939 words/cycle
Average Filter SRAM BW: 2.069 words/cycle
Average OFMAP SRAM BW: 7.758 words/cycle
Average IFMAP DRAM BW: 0.913 words/cycle
Average Filter DRAM BW: 3.894 words/cycle
Average OFMAP DRAM BW: 32.000 words/cycle

Running Layer 323
Total cycles: 569
Compute cycles: 247
Stall cycles: 0
Overall utilization: 12.15%
Mapping efficiency: 50.00%
Average IFMAP SRAM BW: 3.887 words/cycle
Average Filter SRAM BW: 4.146 words/cycle
Average OFMAP SRAM BW: 7.773 words/cycle
Average IFMAP DRAM BW: 1.825 words/cycle
Average Filter DRAM BW: 3.894 words/cycle
Average OFMAP DRAM BW: 32.000 words/cycle

Running Layer 324
Total cycles: 877
Compute cycles: 495
Stall cycles: 0
Overall utilization: 12.12%
Mapping efficiency: 50.00%
Average IFMAP SRAM BW: 3.879 words/cycle
Average Filter SRAM BW: 4.137 words/cycle
Average OFMAP SRAM BW: 7.758 words/cycle
Average IFMAP DRAM BW: 1.825 words/cycle
Average Filter DRAM BW: 7.787 words/cycle
Average OFMAP DRAM BW: 32.000 words/cycle

Running Layer 325
Total cycles: 569
Compute cycles: 247
Stall cycles: 0
Overall utilization: 24.29%
Mapping efficiency: 100.00%
Average IFMAP SRAM BW: 7.773 words/cycle
Average Filter SRAM BW: 8.291 words/cycle
Average OFMAP SRAM BW: 7.773 words/cycle
Average IFMAP DRAM BW: 3.650 words/cycle
Average Filter DRAM BW: 7.787 words/cycle
Average OFMAP DRAM BW: 32.000 words/cycle

Running Layer 326
Total cycles: 1139
Compute cycles: 495
Stall cycles: 0
Overall utilization: 24.24%
Mapping efficiency: 100.00%
Average IFMAP SRAM BW: 7.758 words/cycle
Average Filter SRAM BW: 8.275 words/cycle
Average OFMAP SRAM BW: 7.758 words/cycle
Average IFMAP DRAM BW: 3.650 words/cycle
Average Filter DRAM BW: 7.802 words/cycle
Average OFMAP DRAM BW: 32.000 words/cycle

Running Layer 327
Total cycles: 1139
Compute cycles: 495
Stall cycles: 0
Overall utilization: 24.24%
Mapping efficiency: 100.00%
Average IFMAP SRAM BW: 7.758 words/cycle
Average Filter SRAM BW: 8.275 words/cycle
Average OFMAP SRAM BW: 7.758 words/cycle
Average IFMAP DRAM BW: 7.300 words/cycle
Average Filter DRAM BW: 7.802 words/cycle
Average OFMAP DRAM BW: 32.000 words/cycle

Running Layer 328
Total cycles: 2279
Compute cycles: 991
Stall cycles: 0
Overall utilization: 24.22%
Mapping efficiency: 100.00%
Average IFMAP SRAM BW: 7.750 words/cycle
Average Filter SRAM BW: 8.266 words/cycle
Average OFMAP SRAM BW: 7.750 words/cycle
Average IFMAP DRAM BW: 7.300 words/cycle
Average Filter DRAM BW: 7.809 words/cycle
Average OFMAP DRAM BW: 32.000 words/cycle

Running Layer 329
Total cycles: 4297
Compute cycles: 1983
Stall cycles: 0
Overall utilization: 24.21%
Mapping efficiency: 100.00%
Average IFMAP SRAM BW: 7.746 words/cycle
Average Filter SRAM BW: 8.262 words/cycle
Average OFMAP SRAM BW: 7.746 words/cycle
Average IFMAP DRAM BW: 7.314 words/cycle
Average Filter DRAM BW: 8.929 words/cycle
Average OFMAP DRAM BW: 32.000 words/cycle

Running Layer 330
Total cycles: 573
Compute cycles: 249
Stall cycles: 0
Overall utilization: 3.11%
Mapping efficiency: 12.50%
Average IFMAP SRAM BW: 0.996 words/cycle
Average Filter SRAM BW: 1.028 words/cycle
Average OFMAP SRAM BW: 7.968 words/cycle
Average IFMAP DRAM BW: 0.471 words/cycle
Average Filter DRAM BW: 0.973 words/cycle
Average OFMAP DRAM BW: 32.000 words/cycle

Running Layer 331
Total cycles: 885
Compute cycles: 499
Stall cycles: 0
Overall utilization: 3.11%
Mapping efficiency: 12.50%
Average IFMAP SRAM BW: 0.994 words/cycle
Average Filter SRAM BW: 1.026 words/cycle
Average OFMAP SRAM BW: 7.952 words/cycle
Average IFMAP DRAM BW: 0.471 words/cycle
Average Filter DRAM BW: 1.947 words/cycle
Average OFMAP DRAM BW: 32.000 words/cycle

Running Layer 332
Total cycles: 573
Compute cycles: 249
Stall cycles: 0
Overall utilization: 6.22%
Mapping efficiency: 25.00%
Average IFMAP SRAM BW: 1.992 words/cycle
Average Filter SRAM BW: 2.056 words/cycle
Average OFMAP SRAM BW: 7.968 words/cycle
Average IFMAP DRAM BW: 0.943 words/cycle
Average Filter DRAM BW: 1.947 words/cycle
Average OFMAP DRAM BW: 32.000 words/cycle

Running Layer 333
Total cycles: 885
Compute cycles: 499
Stall cycles: 0
Overall utilization: 6.21%
Mapping efficiency: 25.00%
Average IFMAP SRAM BW: 1.988 words/cycle
Average Filter SRAM BW: 2.052 words/cycle
Average OFMAP SRAM BW: 7.952 words/cycle
Average IFMAP DRAM BW: 0.943 words/cycle
Average Filter DRAM BW: 3.894 words/cycle
Average OFMAP DRAM BW: 32.000 words/cycle

Running Layer 334
Total cycles: 573
Compute cycles: 249
Stall cycles: 0
Overall utilization: 12.45%
Mapping efficiency: 50.00%
Average IFMAP SRAM BW: 3.984 words/cycle
Average Filter SRAM BW: 4.112 words/cycle
Average OFMAP SRAM BW: 7.968 words/cycle
Average IFMAP DRAM BW: 1.886 words/cycle
Average Filter DRAM BW: 3.894 words/cycle
Average OFMAP DRAM BW: 32.000 words/cycle

Running Layer 335
Total cycles: 885
Compute cycles: 499
Stall cycles: 0
Overall utilization: 12.42%
Mapping efficiency: 50.00%
Average IFMAP SRAM BW: 3.976 words/cycle
Average Filter SRAM BW: 4.104 words/cycle
Average OFMAP SRAM BW: 7.952 words/cycle
Average IFMAP DRAM BW: 1.886 words/cycle
Average Filter DRAM BW: 7.787 words/cycle
Average OFMAP DRAM BW: 32.000 words/cycle

Running Layer 336
Total cycles: 573
Compute cycles: 249
Stall cycles: 0
Overall utilization: 24.90%
Mapping efficiency: 100.00%
Average IFMAP SRAM BW: 7.968 words/cycle
Average Filter SRAM BW: 8.225 words/cycle
Average OFMAP SRAM BW: 7.968 words/cycle
Average IFMAP DRAM BW: 3.772 words/cycle
Average Filter DRAM BW: 7.787 words/cycle
Average OFMAP DRAM BW: 32.000 words/cycle

Running Layer 337
Total cycles: 1147
Compute cycles: 499
Stall cycles: 0
Overall utilization: 24.85%
Mapping efficiency: 100.00%
Average IFMAP SRAM BW: 7.952 words/cycle
Average Filter SRAM BW: 8.208 words/cycle
Average OFMAP SRAM BW: 7.952 words/cycle
Average IFMAP DRAM BW: 3.772 words/cycle
Average Filter DRAM BW: 7.802 words/cycle
Average OFMAP DRAM BW: 32.000 words/cycle

Running Layer 338
Total cycles: 1147
Compute cycles: 499
Stall cycles: 0
Overall utilization: 24.85%
Mapping efficiency: 100.00%
Average IFMAP SRAM BW: 7.952 words/cycle
Average Filter SRAM BW: 8.208 words/cycle
Average OFMAP SRAM BW: 7.952 words/cycle
Average IFMAP DRAM BW: 7.544 words/cycle
Average Filter DRAM BW: 7.802 words/cycle
Average OFMAP DRAM BW: 32.000 words/cycle

Running Layer 339
Total cycles: 2295
Compute cycles: 999
Stall cycles: 0
Overall utilization: 24.82%
Mapping efficiency: 100.00%
Average IFMAP SRAM BW: 7.944 words/cycle
Average Filter SRAM BW: 8.200 words/cycle
Average OFMAP SRAM BW: 7.944 words/cycle
Average IFMAP DRAM BW: 7.544 words/cycle
Average Filter DRAM BW: 7.809 words/cycle
Average OFMAP DRAM BW: 32.000 words/cycle

Running Layer 340
Total cycles: 4329
Compute cycles: 1999
Stall cycles: 0
Overall utilization: 24.81%
Mapping efficiency: 100.00%
Average IFMAP SRAM BW: 7.940 words/cycle
Average Filter SRAM BW: 8.196 words/cycle
Average OFMAP SRAM BW: 7.940 words/cycle
Average IFMAP DRAM BW: 7.558 words/cycle
Average Filter DRAM BW: 8.929 words/cycle
Average OFMAP DRAM BW: 32.000 words/cycle

Running Layer 341
Total cycles: 577
Compute cycles: 251
Stall cycles: 0
Overall utilization: 3.19%
Mapping efficiency: 12.50%
Average IFMAP SRAM BW: 1.020 words/cycle
Average Filter SRAM BW: 1.020 words/cycle
Average OFMAP SRAM BW: 8.159 words/cycle
Average IFMAP DRAM BW: 0.487 words/cycle
Average Filter DRAM BW: 0.973 words/cycle
Average OFMAP DRAM BW: 32.000 words/cycle

Running Layer 342
Total cycles: 893
Compute cycles: 503
Stall cycles: 0
Overall utilization: 3.18%
Mapping efficiency: 12.50%
Average IFMAP SRAM BW: 1.018 words/cycle
Average Filter SRAM BW: 1.018 words/cycle
Average OFMAP SRAM BW: 8.143 words/cycle
Average IFMAP DRAM BW: 0.487 words/cycle
Average Filter DRAM BW: 1.947 words/cycle
Average OFMAP DRAM BW: 32.000 words/cycle

Running Layer 343
Total cycles: 577
Compute cycles: 251
Stall cycles: 0
Overall utilization: 6.37%
Mapping efficiency: 25.00%
Average IFMAP SRAM BW: 2.040 words/cycle
Average Filter SRAM BW: 2.040 words/cycle
Average OFMAP SRAM BW: 8.159 words/cycle
Average IFMAP DRAM BW: 0.973 words/cycle
Average Filter DRAM BW: 1.947 words/cycle
Average OFMAP DRAM BW: 32.000 words/cycle

Running Layer 344
Total cycles: 893
Compute cycles: 503
Stall cycles: 0
Overall utilization: 6.36%
Mapping efficiency: 25.00%
Average IFMAP SRAM BW: 2.036 words/cycle
Average Filter SRAM BW: 2.036 words/cycle
Average OFMAP SRAM BW: 8.143 words/cycle
Average IFMAP DRAM BW: 0.973 words/cycle
Average Filter DRAM BW: 3.894 words/cycle
Average OFMAP DRAM BW: 32.000 words/cycle

Running Layer 345
Total cycles: 577
Compute cycles: 251
Stall cycles: 0
Overall utilization: 12.75%
Mapping efficiency: 50.00%
Average IFMAP SRAM BW: 4.080 words/cycle
Average Filter SRAM BW: 4.080 words/cycle
Average OFMAP SRAM BW: 8.159 words/cycle
Average IFMAP DRAM BW: 1.947 words/cycle
Average Filter DRAM BW: 3.894 words/cycle
Average OFMAP DRAM BW: 32.000 words/cycle

Running Layer 346
Total cycles: 893
Compute cycles: 503
Stall cycles: 0
Overall utilization: 12.72%
Mapping efficiency: 50.00%
Average IFMAP SRAM BW: 4.072 words/cycle
Average Filter SRAM BW: 4.072 words/cycle
Average OFMAP SRAM BW: 8.143 words/cycle
Average IFMAP DRAM BW: 1.947 words/cycle
Average Filter DRAM BW: 7.787 words/cycle
Average OFMAP DRAM BW: 32.000 words/cycle

Running Layer 347
Total cycles: 577
Compute cycles: 251
Stall cycles: 0
Overall utilization: 25.50%
Mapping efficiency: 100.00%
Average IFMAP SRAM BW: 8.159 words/cycle
Average Filter SRAM BW: 8.159 words/cycle
Average OFMAP SRAM BW: 8.159 words/cycle
Average IFMAP DRAM BW: 3.894 words/cycle
Average Filter DRAM BW: 7.787 words/cycle
Average OFMAP DRAM BW: 32.000 words/cycle

Running Layer 348
Total cycles: 1155
Compute cycles: 503
Stall cycles: 0
Overall utilization: 25.45%
Mapping efficiency: 100.00%
Average IFMAP SRAM BW: 8.143 words/cycle
Average Filter SRAM BW: 8.143 words/cycle
Average OFMAP SRAM BW: 8.143 words/cycle
Average IFMAP DRAM BW: 3.894 words/cycle
Average Filter DRAM BW: 7.802 words/cycle
Average OFMAP DRAM BW: 32.000 words/cycle

Running Layer 349
Total cycles: 1155
Compute cycles: 503
Stall cycles: 0
Overall utilization: 25.45%
Mapping efficiency: 100.00%
Average IFMAP SRAM BW: 8.143 words/cycle
Average Filter SRAM BW: 8.143 words/cycle
Average OFMAP SRAM BW: 8.143 words/cycle
Average IFMAP DRAM BW: 7.787 words/cycle
Average Filter DRAM BW: 7.802 words/cycle
Average OFMAP DRAM BW: 32.000 words/cycle

Running Layer 350
Total cycles: 2311
Compute cycles: 1007
Stall cycles: 0
Overall utilization: 25.42%
Mapping efficiency: 100.00%
Average IFMAP SRAM BW: 8.135 words/cycle
Average Filter SRAM BW: 8.135 words/cycle
Average OFMAP SRAM BW: 8.135 words/cycle
Average IFMAP DRAM BW: 7.787 words/cycle
Average Filter DRAM BW: 7.809 words/cycle
Average OFMAP DRAM BW: 32.000 words/cycle

Running Layer 351
Total cycles: 4361
Compute cycles: 2015
Stall cycles: 0
Overall utilization: 25.41%
Mapping efficiency: 100.00%
Average IFMAP SRAM BW: 8.131 words/cycle
Average Filter SRAM BW: 8.131 words/cycle
Average OFMAP SRAM BW: 8.131 words/cycle
Average IFMAP DRAM BW: 7.802 words/cycle
Average Filter DRAM BW: 8.929 words/cycle
Average OFMAP DRAM BW: 32.000 words/cycle

Running Layer 352
Total cycles: 581
Compute cycles: 253
Stall cycles: 0
Overall utilization: 3.26%
Mapping efficiency: 12.50%
Average IFMAP SRAM BW: 1.043 words/cycle
Average Filter SRAM BW: 1.012 words/cycle
Average OFMAP SRAM BW: 8.348 words/cycle
Average IFMAP DRAM BW: 0.502 words/cycle
Average Filter DRAM BW: 0.973 words/cycle
Average OFMAP DRAM BW: 32.000 words/cycle

Running Layer 353
Total cycles: 901
Compute cycles: 507
Stall cycles: 0
Overall utilization: 3.25%
Mapping efficiency: 12.50%
Average IFMAP SRAM BW: 1.041 words/cycle
Average Filter SRAM BW: 1.010 words/cycle
Average OFMAP SRAM BW: 8.331 words/cycle
Average IFMAP DRAM BW: 0.502 words/cycle
Average Filter DRAM BW: 1.947 words/cycle
Average OFMAP DRAM BW: 32.000 words/cycle

Running Layer 354
Total cycles: 581
Compute cycles: 253
Stall cycles: 0
Overall utilization: 6.52%
Mapping efficiency: 25.00%
Average IFMAP SRAM BW: 2.087 words/cycle
Average Filter SRAM BW: 2.024 words/cycle
Average OFMAP SRAM BW: 8.348 words/cycle
Average IFMAP DRAM BW: 1.004 words/cycle
Average Filter DRAM BW: 1.947 words/cycle
Average OFMAP DRAM BW: 32.000 words/cycle

Running Layer 355
Total cycles: 901
Compute cycles: 507
Stall cycles: 0
Overall utilization: 6.51%
Mapping efficiency: 25.00%
Average IFMAP SRAM BW: 2.083 words/cycle
Average Filter SRAM BW: 2.020 words/cycle
Average OFMAP SRAM BW: 8.331 words/cycle
Average IFMAP DRAM BW: 1.004 words/cycle
Average Filter DRAM BW: 3.894 words/cycle
Average OFMAP DRAM BW: 32.000 words/cycle

Running Layer 356
Total cycles: 581
Compute cycles: 253
Stall cycles: 0
Overall utilization: 13.04%
Mapping efficiency: 50.00%
Average IFMAP SRAM BW: 4.174 words/cycle
Average Filter SRAM BW: 4.047 words/cycle
Average OFMAP SRAM BW: 8.348 words/cycle
Average IFMAP DRAM BW: 2.008 words/cycle
Average Filter DRAM BW: 3.894 words/cycle
Average OFMAP DRAM BW: 32.000 words/cycle

Running Layer 357
Total cycles: 901
Compute cycles: 507
Stall cycles: 0
Overall utilization: 13.02%
Mapping efficiency: 50.00%
Average IFMAP SRAM BW: 4.166 words/cycle
Average Filter SRAM BW: 4.039 words/cycle
Average OFMAP SRAM BW: 8.331 words/cycle
Average IFMAP DRAM BW: 2.008 words/cycle
Average Filter DRAM BW: 7.787 words/cycle
Average OFMAP DRAM BW: 32.000 words/cycle

Running Layer 358
Total cycles: 581
Compute cycles: 253
Stall cycles: 0
Overall utilization: 26.09%
Mapping efficiency: 100.00%
Average IFMAP SRAM BW: 8.348 words/cycle
Average Filter SRAM BW: 8.095 words/cycle
Average OFMAP SRAM BW: 8.348 words/cycle
Average IFMAP DRAM BW: 4.015 words/cycle
Average Filter DRAM BW: 7.787 words/cycle
Average OFMAP DRAM BW: 32.000 words/cycle

Running Layer 359
Total cycles: 1163
Compute cycles: 507
Stall cycles: 0
Overall utilization: 26.04%
Mapping efficiency: 100.00%
Average IFMAP SRAM BW: 8.331 words/cycle
Average Filter SRAM BW: 8.079 words/cycle
Average OFMAP SRAM BW: 8.331 words/cycle
Average IFMAP DRAM BW: 4.015 words/cycle
Average Filter DRAM BW: 7.802 words/cycle
Average OFMAP DRAM BW: 32.000 words/cycle

Running Layer 360
Total cycles: 1163
Compute cycles: 507
Stall cycles: 0
Overall utilization: 26.04%
Mapping efficiency: 100.00%
Average IFMAP SRAM BW: 8.331 words/cycle
Average Filter SRAM BW: 8.079 words/cycle
Average OFMAP SRAM BW: 8.331 words/cycle
Average IFMAP DRAM BW: 8.030 words/cycle
Average Filter DRAM BW: 7.802 words/cycle
Average OFMAP DRAM BW: 32.000 words/cycle

Running Layer 361
Total cycles: 2327
Compute cycles: 1015
Stall cycles: 0
Overall utilization: 26.01%
Mapping efficiency: 100.00%
Average IFMAP SRAM BW: 8.323 words/cycle
Average Filter SRAM BW: 8.071 words/cycle
Average OFMAP SRAM BW: 8.323 words/cycle
Average IFMAP DRAM BW: 8.030 words/cycle
Average Filter DRAM BW: 7.809 words/cycle
Average OFMAP DRAM BW: 32.000 words/cycle

Running Layer 362
Total cycles: 4393
Compute cycles: 2031
Stall cycles: 0
Overall utilization: 26.00%
Mapping efficiency: 100.00%
Average IFMAP SRAM BW: 8.319 words/cycle
Average Filter SRAM BW: 8.067 words/cycle
Average OFMAP SRAM BW: 8.319 words/cycle
Average IFMAP DRAM BW: 8.046 words/cycle
Average Filter DRAM BW: 8.929 words/cycle
Average OFMAP DRAM BW: 32.000 words/cycle

Running Layer 363
Total cycles: 585
Compute cycles: 255
Stall cycles: 0
Overall utilization: 3.33%
Mapping efficiency: 12.50%
Average IFMAP SRAM BW: 1.067 words/cycle
Average Filter SRAM BW: 1.004 words/cycle
Average OFMAP SRAM BW: 8.533 words/cycle
Average IFMAP DRAM BW: 0.517 words/cycle
Average Filter DRAM BW: 0.973 words/cycle
Average OFMAP DRAM BW: 32.000 words/cycle

Running Layer 364
Total cycles: 909
Compute cycles: 511
Stall cycles: 0
Overall utilization: 3.33%
Mapping efficiency: 12.50%
Average IFMAP SRAM BW: 1.065 words/cycle
Average Filter SRAM BW: 1.002 words/cycle
Average OFMAP SRAM BW: 8.517 words/cycle
Average IFMAP DRAM BW: 0.517 words/cycle
Average Filter DRAM BW: 1.947 words/cycle
Average OFMAP DRAM BW: 32.000 words/cycle

Running Layer 365
Total cycles: 585
Compute cycles: 255
Stall cycles: 0
Overall utilization: 6.67%
Mapping efficiency: 25.00%
Average IFMAP SRAM BW: 2.133 words/cycle
Average Filter SRAM BW: 2.008 words/cycle
Average OFMAP SRAM BW: 8.533 words/cycle
Average IFMAP DRAM BW: 1.034 words/cycle
Average Filter DRAM BW: 1.947 words/cycle
Average OFMAP DRAM BW: 32.000 words/cycle

Running Layer 366
Total cycles: 909
Compute cycles: 511
Stall cycles: 0
Overall utilization: 6.65%
Mapping efficiency: 25.00%
Average IFMAP SRAM BW: 2.129 words/cycle
Average Filter SRAM BW: 2.004 words/cycle
Average OFMAP SRAM BW: 8.517 words/cycle
Average IFMAP DRAM BW: 1.034 words/cycle
Average Filter DRAM BW: 3.894 words/cycle
Average OFMAP DRAM BW: 32.000 words/cycle

Running Layer 367
Total cycles: 585
Compute cycles: 255
Stall cycles: 0
Overall utilization: 13.33%
Mapping efficiency: 50.00%
Average IFMAP SRAM BW: 4.267 words/cycle
Average Filter SRAM BW: 4.016 words/cycle
Average OFMAP SRAM BW: 8.533 words/cycle
Average IFMAP DRAM BW: 2.068 words/cycle
Average Filter DRAM BW: 3.894 words/cycle
Average OFMAP DRAM BW: 32.000 words/cycle

Running Layer 368
Total cycles: 909
Compute cycles: 511
Stall cycles: 0
Overall utilization: 13.31%
Mapping efficiency: 50.00%
Average IFMAP SRAM BW: 4.258 words/cycle
Average Filter SRAM BW: 4.008 words/cycle
Average OFMAP SRAM BW: 8.517 words/cycle
Average IFMAP DRAM BW: 2.068 words/cycle
Average Filter DRAM BW: 7.787 words/cycle
Average OFMAP DRAM BW: 32.000 words/cycle

Running Layer 369
Total cycles: 585
Compute cycles: 255
Stall cycles: 0
Overall utilization: 26.67%
Mapping efficiency: 100.00%
Average IFMAP SRAM BW: 8.533 words/cycle
Average Filter SRAM BW: 8.031 words/cycle
Average OFMAP SRAM BW: 8.533 words/cycle
Average IFMAP DRAM BW: 4.137 words/cycle
Average Filter DRAM BW: 7.787 words/cycle
Average OFMAP DRAM BW: 32.000 words/cycle

Running Layer 370
Total cycles: 1171
Compute cycles: 511
Stall cycles: 0
Overall utilization: 26.61%
Mapping efficiency: 100.00%
Average IFMAP SRAM BW: 8.517 words/cycle
Average Filter SRAM BW: 8.016 words/cycle
Average OFMAP SRAM BW: 8.517 words/cycle
Average IFMAP DRAM BW: 4.137 words/cycle
Average Filter DRAM BW: 7.802 words/cycle
Average OFMAP DRAM BW: 32.000 words/cycle

Running Layer 371
Total cycles: 1171
Compute cycles: 511
Stall cycles: 0
Overall utilization: 26.61%
Mapping efficiency: 100.00%
Average IFMAP SRAM BW: 8.517 words/cycle
Average Filter SRAM BW: 8.016 words/cycle
Average OFMAP SRAM BW: 8.517 words/cycle
Average IFMAP DRAM BW: 8.274 words/cycle
Average Filter DRAM BW: 7.802 words/cycle
Average OFMAP DRAM BW: 32.000 words/cycle

Running Layer 372
Total cycles: 2343
Compute cycles: 1023
Stall cycles: 0
Overall utilization: 26.59%
Mapping efficiency: 100.00%
Average IFMAP SRAM BW: 8.508 words/cycle
Average Filter SRAM BW: 8.008 words/cycle
Average OFMAP SRAM BW: 8.508 words/cycle
Average IFMAP DRAM BW: 8.274 words/cycle
Average Filter DRAM BW: 7.809 words/cycle
Average OFMAP DRAM BW: 32.000 words/cycle

Running Layer 373
Total cycles: 4425
Compute cycles: 2047
Stall cycles: 0
Overall utilization: 26.58%
Mapping efficiency: 100.00%
Average IFMAP SRAM BW: 8.504 words/cycle
Average Filter SRAM BW: 8.004 words/cycle
Average OFMAP SRAM BW: 8.504 words/cycle
Average IFMAP DRAM BW: 8.290 words/cycle
Average Filter DRAM BW: 8.929 words/cycle
Average OFMAP DRAM BW: 32.000 words/cycle

Running Layer 374
Total cycles: 589
Compute cycles: 257
Stall cycles: 0
Overall utilization: 3.40%
Mapping efficiency: 12.50%
Average IFMAP SRAM BW: 1.089 words/cycle
Average Filter SRAM BW: 0.996 words/cycle
Average OFMAP SRAM BW: 8.716 words/cycle
Average IFMAP DRAM BW: 0.532 words/cycle
Average Filter DRAM BW: 0.973 words/cycle
Average OFMAP DRAM BW: 32.000 words/cycle

Running Layer 375
Total cycles: 917
Compute cycles: 515
Stall cycles: 0
Overall utilization: 3.40%
Mapping efficiency: 12.50%
Average IFMAP SRAM BW: 1.087 words/cycle
Average Filter SRAM BW: 0.994 words/cycle
Average OFMAP SRAM BW: 8.699 words/cycle
Average IFMAP DRAM BW: 0.532 words/cycle
Average Filter DRAM BW: 1.947 words/cycle
Average OFMAP DRAM BW: 32.000 words/cycle

Running Layer 376
Total cycles: 589
Compute cycles: 257
Stall cycles: 0
Overall utilization: 6.81%
Mapping efficiency: 25.00%
Average IFMAP SRAM BW: 2.179 words/cycle
Average Filter SRAM BW: 1.992 words/cycle
Average OFMAP SRAM BW: 8.716 words/cycle
Average IFMAP DRAM BW: 1.065 words/cycle
Average Filter DRAM BW: 1.947 words/cycle
Average OFMAP DRAM BW: 32.000 words/cycle

Running Layer 377
Total cycles: 917
Compute cycles: 515
Stall cycles: 0
Overall utilization: 6.80%
Mapping efficiency: 25.00%
Average IFMAP SRAM BW: 2.175 words/cycle
Average Filter SRAM BW: 1.988 words/cycle
Average OFMAP SRAM BW: 8.699 words/cycle
Average IFMAP DRAM BW: 1.065 words/cycle
Average Filter DRAM BW: 3.894 words/cycle
Average OFMAP DRAM BW: 32.000 words/cycle

Running Layer 378
Total cycles: 589
Compute cycles: 257
Stall cycles: 0
Overall utilization: 13.62%
Mapping efficiency: 50.00%
Average IFMAP SRAM BW: 4.358 words/cycle
Average Filter SRAM BW: 3.984 words/cycle
Average OFMAP SRAM BW: 8.716 words/cycle
Average IFMAP DRAM BW: 2.129 words/cycle
Average Filter DRAM BW: 3.894 words/cycle
Average OFMAP DRAM BW: 32.000 words/cycle

Running Layer 379
Total cycles: 917
Compute cycles: 515
Stall cycles: 0
Overall utilization: 13.59%
Mapping efficiency: 50.00%
Average IFMAP SRAM BW: 4.350 words/cycle
Average Filter SRAM BW: 3.977 words/cycle
Average OFMAP SRAM BW: 8.699 words/cycle
Average IFMAP DRAM BW: 2.129 words/cycle
Average Filter DRAM BW: 7.787 words/cycle
Average OFMAP DRAM BW: 32.000 words/cycle

Running Layer 380
Total cycles: 589
Compute cycles: 257
Stall cycles: 0
Overall utilization: 27.24%
Mapping efficiency: 100.00%
Average IFMAP SRAM BW: 8.716 words/cycle
Average Filter SRAM BW: 7.969 words/cycle
Average OFMAP SRAM BW: 8.716 words/cycle
Average IFMAP DRAM BW: 4.259 words/cycle
Average Filter DRAM BW: 7.787 words/cycle
Average OFMAP DRAM BW: 32.000 words/cycle

Running Layer 381
Total cycles: 1179
Compute cycles: 515
Stall cycles: 0
Overall utilization: 27.18%
Mapping efficiency: 100.00%
Average IFMAP SRAM BW: 8.699 words/cycle
Average Filter SRAM BW: 7.953 words/cycle
Average OFMAP SRAM BW: 8.699 words/cycle
Average IFMAP DRAM BW: 4.259 words/cycle
Average Filter DRAM BW: 7.802 words/cycle
Average OFMAP DRAM BW: 32.000 words/cycle

Running Layer 382
Total cycles: 1179
Compute cycles: 515
Stall cycles: 0
Overall utilization: 27.18%
Mapping efficiency: 100.00%
Average IFMAP SRAM BW: 8.699 words/cycle
Average Filter SRAM BW: 7.953 words/cycle
Average OFMAP SRAM BW: 8.699 words/cycle
Average IFMAP DRAM BW: 8.517 words/cycle
Average Filter DRAM BW: 7.802 words/cycle
Average OFMAP DRAM BW: 32.000 words/cycle

Running Layer 383
Total cycles: 2359
Compute cycles: 1031
Stall cycles: 0
Overall utilization: 27.16%
Mapping efficiency: 100.00%
Average IFMAP SRAM BW: 8.691 words/cycle
Average Filter SRAM BW: 7.946 words/cycle
Average OFMAP SRAM BW: 8.691 words/cycle
Average IFMAP DRAM BW: 8.517 words/cycle
Average Filter DRAM BW: 7.809 words/cycle
Average OFMAP DRAM BW: 32.000 words/cycle

Running Layer 384
Total cycles: 4457
Compute cycles: 2063
Stall cycles: 0
Overall utilization: 27.14%
Mapping efficiency: 100.00%
Average IFMAP SRAM BW: 8.686 words/cycle
Average Filter SRAM BW: 7.942 words/cycle
Average OFMAP SRAM BW: 8.686 words/cycle
Average IFMAP DRAM BW: 8.533 words/cycle
Average Filter DRAM BW: 8.929 words/cycle
Average OFMAP DRAM BW: 32.000 words/cycle

Running Layer 385
Total cycles: 593
Compute cycles: 259
Stall cycles: 0
Overall utilization: 3.47%
Mapping efficiency: 12.50%
Average IFMAP SRAM BW: 1.112 words/cycle
Average Filter SRAM BW: 0.988 words/cycle
Average OFMAP SRAM BW: 8.896 words/cycle
Average IFMAP DRAM BW: 0.548 words/cycle
Average Filter DRAM BW: 0.973 words/cycle
Average OFMAP DRAM BW: 32.000 words/cycle

Running Layer 386
Total cycles: 925
Compute cycles: 519
Stall cycles: 0
Overall utilization: 3.47%
Mapping efficiency: 12.50%
Average IFMAP SRAM BW: 1.110 words/cycle
Average Filter SRAM BW: 0.987 words/cycle
Average OFMAP SRAM BW: 8.879 words/cycle
Average IFMAP DRAM BW: 0.548 words/cycle
Average Filter DRAM BW: 1.947 words/cycle
Average OFMAP DRAM BW: 32.000 words/cycle

Running Layer 387
Total cycles: 593
Compute cycles: 259
Stall cycles: 0
Overall utilization: 6.95%
Mapping efficiency: 25.00%
Average IFMAP SRAM BW: 2.224 words/cycle
Average Filter SRAM BW: 1.977 words/cycle
Average OFMAP SRAM BW: 8.896 words/cycle
Average IFMAP DRAM BW: 1.095 words/cycle
Average Filter DRAM BW: 1.947 words/cycle
Average OFMAP DRAM BW: 32.000 words/cycle

Running Layer 388
Total cycles: 925
Compute cycles: 519
Stall cycles: 0
Overall utilization: 6.94%
Mapping efficiency: 25.00%
Average IFMAP SRAM BW: 2.220 words/cycle
Average Filter SRAM BW: 1.973 words/cycle
Average OFMAP SRAM BW: 8.879 words/cycle
Average IFMAP DRAM BW: 1.095 words/cycle
Average Filter DRAM BW: 3.894 words/cycle
Average OFMAP DRAM BW: 32.000 words/cycle

Running Layer 389
Total cycles: 593
Compute cycles: 259
Stall cycles: 0
Overall utilization: 13.90%
Mapping efficiency: 50.00%
Average IFMAP SRAM BW: 4.448 words/cycle
Average Filter SRAM BW: 3.954 words/cycle
Average OFMAP SRAM BW: 8.896 words/cycle
Average IFMAP DRAM BW: 2.190 words/cycle
Average Filter DRAM BW: 3.894 words/cycle
Average OFMAP DRAM BW: 32.000 words/cycle

Running Layer 390
Total cycles: 925
Compute cycles: 519
Stall cycles: 0
Overall utilization: 13.87%
Mapping efficiency: 50.00%
Average IFMAP SRAM BW: 4.439 words/cycle
Average Filter SRAM BW: 3.946 words/cycle
Average OFMAP SRAM BW: 8.879 words/cycle
Average IFMAP DRAM BW: 2.190 words/cycle
Average Filter DRAM BW: 7.787 words/cycle
Average OFMAP DRAM BW: 32.000 words/cycle

Running Layer 391
Total cycles: 593
Compute cycles: 259
Stall cycles: 0
Overall utilization: 27.80%
Mapping efficiency: 100.00%
Average IFMAP SRAM BW: 8.896 words/cycle
Average Filter SRAM BW: 7.907 words/cycle
Average OFMAP SRAM BW: 8.896 words/cycle
Average IFMAP DRAM BW: 4.380 words/cycle
Average Filter DRAM BW: 7.787 words/cycle
Average OFMAP DRAM BW: 32.000 words/cycle

Running Layer 392
Total cycles: 1187
Compute cycles: 519
Stall cycles: 0
Overall utilization: 27.75%
Mapping efficiency: 100.00%
Average IFMAP SRAM BW: 8.879 words/cycle
Average Filter SRAM BW: 7.892 words/cycle
Average OFMAP SRAM BW: 8.879 words/cycle
Average IFMAP DRAM BW: 4.380 words/cycle
Average Filter DRAM BW: 7.802 words/cycle
Average OFMAP DRAM BW: 32.000 words/cycle

Running Layer 393
Total cycles: 1187
Compute cycles: 519
Stall cycles: 0
Overall utilization: 27.75%
Mapping efficiency: 100.00%
Average IFMAP SRAM BW: 8.879 words/cycle
Average Filter SRAM BW: 7.892 words/cycle
Average OFMAP SRAM BW: 8.879 words/cycle
Average IFMAP DRAM BW: 8.760 words/cycle
Average Filter DRAM BW: 7.802 words/cycle
Average OFMAP DRAM BW: 32.000 words/cycle

Running Layer 394
Total cycles: 2375
Compute cycles: 1039
Stall cycles: 0
Overall utilization: 27.72%
Mapping efficiency: 100.00%
Average IFMAP SRAM BW: 8.870 words/cycle
Average Filter SRAM BW: 7.885 words/cycle
Average OFMAP SRAM BW: 8.870 words/cycle
Average IFMAP DRAM BW: 8.760 words/cycle
Average Filter DRAM BW: 7.809 words/cycle
Average OFMAP DRAM BW: 32.000 words/cycle

Running Layer 395
Total cycles: 4489
Compute cycles: 2079
Stall cycles: 0
Overall utilization: 27.71%
Mapping efficiency: 100.00%
Average IFMAP SRAM BW: 8.866 words/cycle
Average Filter SRAM BW: 7.881 words/cycle
Average OFMAP SRAM BW: 8.866 words/cycle
Average IFMAP DRAM BW: 8.777 words/cycle
Average Filter DRAM BW: 8.929 words/cycle
Average OFMAP DRAM BW: 32.000 words/cycle

Running Layer 396
Total cycles: 597
Compute cycles: 261
Stall cycles: 0
Overall utilization: 3.54%
Mapping efficiency: 12.50%
Average IFMAP SRAM BW: 1.134 words/cycle
Average Filter SRAM BW: 0.981 words/cycle
Average OFMAP SRAM BW: 9.073 words/cycle
Average IFMAP DRAM BW: 0.563 words/cycle
Average Filter DRAM BW: 0.973 words/cycle
Average OFMAP DRAM BW: 32.000 words/cycle

Running Layer 397
Total cycles: 933
Compute cycles: 523
Stall cycles: 0
Overall utilization: 3.54%
Mapping efficiency: 12.50%
Average IFMAP SRAM BW: 1.132 words/cycle
Average Filter SRAM BW: 0.979 words/cycle
Average OFMAP SRAM BW: 9.055 words/cycle
Average IFMAP DRAM BW: 0.563 words/cycle
Average Filter DRAM BW: 1.947 words/cycle
Average OFMAP DRAM BW: 32.000 words/cycle

Running Layer 398
Total cycles: 597
Compute cycles: 261
Stall cycles: 0
Overall utilization: 7.09%
Mapping efficiency: 25.00%
Average IFMAP SRAM BW: 2.268 words/cycle
Average Filter SRAM BW: 1.962 words/cycle
Average OFMAP SRAM BW: 9.073 words/cycle
Average IFMAP DRAM BW: 1.125 words/cycle
Average Filter DRAM BW: 1.947 words/cycle
Average OFMAP DRAM BW: 32.000 words/cycle

Running Layer 399
Total cycles: 933
Compute cycles: 523
Stall cycles: 0
Overall utilization: 7.07%
Mapping efficiency: 25.00%
Average IFMAP SRAM BW: 2.264 words/cycle
Average Filter SRAM BW: 1.958 words/cycle
Average OFMAP SRAM BW: 9.055 words/cycle
Average IFMAP DRAM BW: 1.125 words/cycle
Average Filter DRAM BW: 3.894 words/cycle
Average OFMAP DRAM BW: 32.000 words/cycle

Running Layer 400
Total cycles: 597
Compute cycles: 261
Stall cycles: 0
Overall utilization: 14.18%
Mapping efficiency: 50.00%
Average IFMAP SRAM BW: 4.536 words/cycle
Average Filter SRAM BW: 3.923 words/cycle
Average OFMAP SRAM BW: 9.073 words/cycle
Average IFMAP DRAM BW: 2.251 words/cycle
Average Filter DRAM BW: 3.894 words/cycle
Average OFMAP DRAM BW: 32.000 words/cycle

Running Layer 401
Total cycles: 933
Compute cycles: 523
Stall cycles: 0
Overall utilization: 14.15%
Mapping efficiency: 50.00%
Average IFMAP SRAM BW: 4.528 words/cycle
Average Filter SRAM BW: 3.916 words/cycle
Average OFMAP SRAM BW: 9.055 words/cycle
Average IFMAP DRAM BW: 2.251 words/cycle
Average Filter DRAM BW: 7.787 words/cycle
Average OFMAP DRAM BW: 32.000 words/cycle

Running Layer 402
Total cycles: 597
Compute cycles: 261
Stall cycles: 0
Overall utilization: 28.35%
Mapping efficiency: 100.00%
Average IFMAP SRAM BW: 9.073 words/cycle
Average Filter SRAM BW: 7.847 words/cycle
Average OFMAP SRAM BW: 9.073 words/cycle
Average IFMAP DRAM BW: 4.502 words/cycle
Average Filter DRAM BW: 7.787 words/cycle
Average OFMAP DRAM BW: 32.000 words/cycle

Running Layer 403
Total cycles: 1195
Compute cycles: 523
Stall cycles: 0
Overall utilization: 28.30%
Mapping efficiency: 100.00%
Average IFMAP SRAM BW: 9.055 words/cycle
Average Filter SRAM BW: 7.832 words/cycle
Average OFMAP SRAM BW: 9.055 words/cycle
Average IFMAP DRAM BW: 4.502 words/cycle
Average Filter DRAM BW: 7.802 words/cycle
Average OFMAP DRAM BW: 32.000 words/cycle

Running Layer 404
Total cycles: 1195
Compute cycles: 523
Stall cycles: 0
Overall utilization: 28.30%
Mapping efficiency: 100.00%
Average IFMAP SRAM BW: 9.055 words/cycle
Average Filter SRAM BW: 7.832 words/cycle
Average OFMAP SRAM BW: 9.055 words/cycle
Average IFMAP DRAM BW: 9.004 words/cycle
Average Filter DRAM BW: 7.802 words/cycle
Average OFMAP DRAM BW: 32.000 words/cycle

Running Layer 405
Total cycles: 2391
Compute cycles: 1047
Stall cycles: 0
Overall utilization: 28.27%
Mapping efficiency: 100.00%
Average IFMAP SRAM BW: 9.047 words/cycle
Average Filter SRAM BW: 7.824 words/cycle
Average OFMAP SRAM BW: 9.047 words/cycle
Average IFMAP DRAM BW: 9.004 words/cycle
Average Filter DRAM BW: 7.809 words/cycle
Average OFMAP DRAM BW: 32.000 words/cycle

Running Layer 406
Total cycles: 4521
Compute cycles: 2095
Stall cycles: 0
Overall utilization: 28.26%
Mapping efficiency: 100.00%
Average IFMAP SRAM BW: 9.042 words/cycle
Average Filter SRAM BW: 7.821 words/cycle
Average OFMAP SRAM BW: 9.042 words/cycle
Average IFMAP DRAM BW: 9.021 words/cycle
Average Filter DRAM BW: 8.929 words/cycle
Average OFMAP DRAM BW: 32.000 words/cycle

Running Layer 407
Total cycles: 601
Compute cycles: 263
Stall cycles: 0
Overall utilization: 3.61%
Mapping efficiency: 12.50%
Average IFMAP SRAM BW: 1.156 words/cycle
Average Filter SRAM BW: 0.973 words/cycle
Average OFMAP SRAM BW: 9.247 words/cycle
Average IFMAP DRAM BW: 0.578 words/cycle
Average Filter DRAM BW: 0.973 words/cycle
Average OFMAP DRAM BW: 32.000 words/cycle

Running Layer 408
Total cycles: 941
Compute cycles: 527
Stall cycles: 0
Overall utilization: 3.61%
Mapping efficiency: 12.50%
Average IFMAP SRAM BW: 1.154 words/cycle
Average Filter SRAM BW: 0.972 words/cycle
Average OFMAP SRAM BW: 9.230 words/cycle
Average IFMAP DRAM BW: 0.578 words/cycle
Average Filter DRAM BW: 1.947 words/cycle
Average OFMAP DRAM BW: 32.000 words/cycle

Running Layer 409
Total cycles: 601
Compute cycles: 263
Stall cycles: 0
Overall utilization: 7.22%
Mapping efficiency: 25.00%
Average IFMAP SRAM BW: 2.312 words/cycle
Average Filter SRAM BW: 1.947 words/cycle
Average OFMAP SRAM BW: 9.247 words/cycle
Average IFMAP DRAM BW: 1.156 words/cycle
Average Filter DRAM BW: 1.947 words/cycle
Average OFMAP DRAM BW: 32.000 words/cycle

Running Layer 410
Total cycles: 941
Compute cycles: 527
Stall cycles: 0
Overall utilization: 7.21%
Mapping efficiency: 25.00%
Average IFMAP SRAM BW: 2.307 words/cycle
Average Filter SRAM BW: 1.943 words/cycle
Average OFMAP SRAM BW: 9.230 words/cycle
Average IFMAP DRAM BW: 1.156 words/cycle
Average Filter DRAM BW: 3.894 words/cycle
Average OFMAP DRAM BW: 32.000 words/cycle

Running Layer 411
Total cycles: 601
Compute cycles: 263
Stall cycles: 0
Overall utilization: 14.45%
Mapping efficiency: 50.00%
Average IFMAP SRAM BW: 4.624 words/cycle
Average Filter SRAM BW: 3.894 words/cycle
Average OFMAP SRAM BW: 9.247 words/cycle
Average IFMAP DRAM BW: 2.312 words/cycle
Average Filter DRAM BW: 3.894 words/cycle
Average OFMAP DRAM BW: 32.000 words/cycle

Running Layer 412
Total cycles: 941
Compute cycles: 527
Stall cycles: 0
Overall utilization: 14.42%
Mapping efficiency: 50.00%
Average IFMAP SRAM BW: 4.615 words/cycle
Average Filter SRAM BW: 3.886 words/cycle
Average OFMAP SRAM BW: 9.230 words/cycle
Average IFMAP DRAM BW: 2.312 words/cycle
Average Filter DRAM BW: 7.787 words/cycle
Average OFMAP DRAM BW: 32.000 words/cycle

Running Layer 413
Total cycles: 601
Compute cycles: 263
Stall cycles: 0
Overall utilization: 28.90%
Mapping efficiency: 100.00%
Average IFMAP SRAM BW: 9.247 words/cycle
Average Filter SRAM BW: 7.787 words/cycle
Average OFMAP SRAM BW: 9.247 words/cycle
Average IFMAP DRAM BW: 4.624 words/cycle
Average Filter DRAM BW: 7.787 words/cycle
Average OFMAP DRAM BW: 32.000 words/cycle

Running Layer 414
Total cycles: 1203
Compute cycles: 527
Stall cycles: 0
Overall utilization: 28.84%
Mapping efficiency: 100.00%
Average IFMAP SRAM BW: 9.230 words/cycle
Average Filter SRAM BW: 7.772 words/cycle
Average OFMAP SRAM BW: 9.230 words/cycle
Average IFMAP DRAM BW: 4.624 words/cycle
Average Filter DRAM BW: 7.802 words/cycle
Average OFMAP DRAM BW: 32.000 words/cycle

Running Layer 415
Total cycles: 1203
Compute cycles: 527
Stall cycles: 0
Overall utilization: 28.84%
Mapping efficiency: 100.00%
Average IFMAP SRAM BW: 9.230 words/cycle
Average Filter SRAM BW: 7.772 words/cycle
Average OFMAP SRAM BW: 9.230 words/cycle
Average IFMAP DRAM BW: 9.247 words/cycle
Average Filter DRAM BW: 7.802 words/cycle
Average OFMAP DRAM BW: 32.000 words/cycle

Running Layer 416
Total cycles: 2407
Compute cycles: 1055
Stall cycles: 0
Overall utilization: 28.82%
Mapping efficiency: 100.00%
Average IFMAP SRAM BW: 9.221 words/cycle
Average Filter SRAM BW: 7.765 words/cycle
Average OFMAP SRAM BW: 9.221 words/cycle
Average IFMAP DRAM BW: 9.247 words/cycle
Average Filter DRAM BW: 7.809 words/cycle
Average OFMAP DRAM BW: 32.000 words/cycle

Running Layer 417
Total cycles: 4553
Compute cycles: 2111
Stall cycles: 0
Overall utilization: 28.80%
Mapping efficiency: 100.00%
Average IFMAP SRAM BW: 9.216 words/cycle
Average Filter SRAM BW: 7.761 words/cycle
Average OFMAP SRAM BW: 9.216 words/cycle
Average IFMAP DRAM BW: 9.265 words/cycle
Average Filter DRAM BW: 8.929 words/cycle
Average OFMAP DRAM BW: 32.000 words/cycle

Running Layer 418
Total cycles: 605
Compute cycles: 265
Stall cycles: 0
Overall utilization: 3.68%
Mapping efficiency: 12.50%
Average IFMAP SRAM BW: 1.177 words/cycle
Average Filter SRAM BW: 0.966 words/cycle
Average OFMAP SRAM BW: 9.419 words/cycle
Average IFMAP DRAM BW: 0.593 words/cycle
Average Filter DRAM BW: 0.973 words/cycle
Average OFMAP DRAM BW: 32.000 words/cycle

Running Layer 419
Total cycles: 949
Compute cycles: 531
Stall cycles: 0
Overall utilization: 3.67%
Mapping efficiency: 12.50%
Average IFMAP SRAM BW: 1.175 words/cycle
Average Filter SRAM BW: 0.964 words/cycle
Average OFMAP SRAM BW: 9.401 words/cycle
Average IFMAP DRAM BW: 0.593 words/cycle
Average Filter DRAM BW: 1.947 words/cycle
Average OFMAP DRAM BW: 32.000 words/cycle

Running Layer 420
Total cycles: 605
Compute cycles: 265
Stall cycles: 0
Overall utilization: 7.36%
Mapping efficiency: 25.00%
Average IFMAP SRAM BW: 2.355 words/cycle
Average Filter SRAM BW: 1.932 words/cycle
Average OFMAP SRAM BW: 9.419 words/cycle
Average IFMAP DRAM BW: 1.186 words/cycle
Average Filter DRAM BW: 1.947 words/cycle
Average OFMAP DRAM BW: 32.000 words/cycle

Running Layer 421
Total cycles: 949
Compute cycles: 531
Stall cycles: 0
Overall utilization: 7.34%
Mapping efficiency: 25.00%
Average IFMAP SRAM BW: 2.350 words/cycle
Average Filter SRAM BW: 1.928 words/cycle
Average OFMAP SRAM BW: 9.401 words/cycle
Average IFMAP DRAM BW: 1.186 words/cycle
Average Filter DRAM BW: 3.894 words/cycle
Average OFMAP DRAM BW: 32.000 words/cycle

Running Layer 422
Total cycles: 605
Compute cycles: 265
Stall cycles: 0
Overall utilization: 14.72%
Mapping efficiency: 50.00%
Average IFMAP SRAM BW: 4.709 words/cycle
Average Filter SRAM BW: 3.864 words/cycle
Average OFMAP SRAM BW: 9.419 words/cycle
Average IFMAP DRAM BW: 2.373 words/cycle
Average Filter DRAM BW: 3.894 words/cycle
Average OFMAP DRAM BW: 32.000 words/cycle

Running Layer 423
Total cycles: 949
Compute cycles: 531
Stall cycles: 0
Overall utilization: 14.69%
Mapping efficiency: 50.00%
Average IFMAP SRAM BW: 4.701 words/cycle
Average Filter SRAM BW: 3.857 words/cycle
Average OFMAP SRAM BW: 9.401 words/cycle
Average IFMAP DRAM BW: 2.373 words/cycle
Average Filter DRAM BW: 7.787 words/cycle
Average OFMAP DRAM BW: 32.000 words/cycle

Running Layer 424
Total cycles: 605
Compute cycles: 265
Stall cycles: 0
Overall utilization: 29.43%
Mapping efficiency: 100.00%
Average IFMAP SRAM BW: 9.419 words/cycle
Average Filter SRAM BW: 7.728 words/cycle
Average OFMAP SRAM BW: 9.419 words/cycle
Average IFMAP DRAM BW: 4.745 words/cycle
Average Filter DRAM BW: 7.787 words/cycle
Average OFMAP DRAM BW: 32.000 words/cycle

Running Layer 425
Total cycles: 1211
Compute cycles: 531
Stall cycles: 0
Overall utilization: 29.38%
Mapping efficiency: 100.00%
Average IFMAP SRAM BW: 9.401 words/cycle
Average Filter SRAM BW: 7.714 words/cycle
Average OFMAP SRAM BW: 9.401 words/cycle
Average IFMAP DRAM BW: 4.745 words/cycle
Average Filter DRAM BW: 7.802 words/cycle
Average OFMAP DRAM BW: 32.000 words/cycle

Running Layer 426
Total cycles: 1211
Compute cycles: 531
Stall cycles: 0
Overall utilization: 29.38%
Mapping efficiency: 100.00%
Average IFMAP SRAM BW: 9.401 words/cycle
Average Filter SRAM BW: 7.714 words/cycle
Average OFMAP SRAM BW: 9.401 words/cycle
Average IFMAP DRAM BW: 9.490 words/cycle
Average Filter DRAM BW: 7.802 words/cycle
Average OFMAP DRAM BW: 32.000 words/cycle

Running Layer 427
Total cycles: 2423
Compute cycles: 1063
Stall cycles: 0
Overall utilization: 29.35%
Mapping efficiency: 100.00%
Average IFMAP SRAM BW: 9.392 words/cycle
Average Filter SRAM BW: 7.706 words/cycle
Average OFMAP SRAM BW: 9.392 words/cycle
Average IFMAP DRAM BW: 9.490 words/cycle
Average Filter DRAM BW: 7.809 words/cycle
Average OFMAP DRAM BW: 32.000 words/cycle

Running Layer 428
Total cycles: 4585
Compute cycles: 2127
Stall cycles: 0
Overall utilization: 29.34%
Mapping efficiency: 100.00%
Average IFMAP SRAM BW: 9.388 words/cycle
Average Filter SRAM BW: 7.703 words/cycle
Average OFMAP SRAM BW: 9.388 words/cycle
Average IFMAP DRAM BW: 9.509 words/cycle
Average Filter DRAM BW: 8.929 words/cycle
Average OFMAP DRAM BW: 32.000 words/cycle

Running Layer 429
Total cycles: 609
Compute cycles: 267
Stall cycles: 0
Overall utilization: 3.75%
Mapping efficiency: 12.50%
Average IFMAP SRAM BW: 1.199 words/cycle
Average Filter SRAM BW: 0.959 words/cycle
Average OFMAP SRAM BW: 9.588 words/cycle
Average IFMAP DRAM BW: 0.608 words/cycle
Average Filter DRAM BW: 0.973 words/cycle
Average OFMAP DRAM BW: 32.000 words/cycle

Running Layer 430
Total cycles: 957
Compute cycles: 535
Stall cycles: 0
Overall utilization: 3.74%
Mapping efficiency: 12.50%
Average IFMAP SRAM BW: 1.196 words/cycle
Average Filter SRAM BW: 0.957 words/cycle
Average OFMAP SRAM BW: 9.570 words/cycle
Average IFMAP DRAM BW: 0.608 words/cycle
Average Filter DRAM BW: 1.947 words/cycle
Average OFMAP DRAM BW: 32.000 words/cycle

Running Layer 431
Total cycles: 609
Compute cycles: 267
Stall cycles: 0
Overall utilization: 7.49%
Mapping efficiency: 25.00%
Average IFMAP SRAM BW: 2.397 words/cycle
Average Filter SRAM BW: 1.918 words/cycle
Average OFMAP SRAM BW: 9.588 words/cycle
Average IFMAP DRAM BW: 1.217 words/cycle
Average Filter DRAM BW: 1.947 words/cycle
Average OFMAP DRAM BW: 32.000 words/cycle

Running Layer 432
Total cycles: 957
Compute cycles: 535
Stall cycles: 0
Overall utilization: 7.48%
Mapping efficiency: 25.00%
Average IFMAP SRAM BW: 2.393 words/cycle
Average Filter SRAM BW: 1.914 words/cycle
Average OFMAP SRAM BW: 9.570 words/cycle
Average IFMAP DRAM BW: 1.217 words/cycle
Average Filter DRAM BW: 3.894 words/cycle
Average OFMAP DRAM BW: 32.000 words/cycle

Running Layer 433
Total cycles: 609
Compute cycles: 267
Stall cycles: 0
Overall utilization: 14.98%
Mapping efficiency: 50.00%
Average IFMAP SRAM BW: 4.794 words/cycle
Average Filter SRAM BW: 3.835 words/cycle
Average OFMAP SRAM BW: 9.588 words/cycle
Average IFMAP DRAM BW: 2.433 words/cycle
Average Filter DRAM BW: 3.894 words/cycle
Average OFMAP DRAM BW: 32.000 words/cycle

Running Layer 434
Total cycles: 957
Compute cycles: 535
Stall cycles: 0
Overall utilization: 14.95%
Mapping efficiency: 50.00%
Average IFMAP SRAM BW: 4.785 words/cycle
Average Filter SRAM BW: 3.828 words/cycle
Average OFMAP SRAM BW: 9.570 words/cycle
Average IFMAP DRAM BW: 2.433 words/cycle
Average Filter DRAM BW: 7.787 words/cycle
Average OFMAP DRAM BW: 32.000 words/cycle

Running Layer 435
Total cycles: 609
Compute cycles: 267
Stall cycles: 0
Overall utilization: 29.96%
Mapping efficiency: 100.00%
Average IFMAP SRAM BW: 9.588 words/cycle
Average Filter SRAM BW: 7.670 words/cycle
Average OFMAP SRAM BW: 9.588 words/cycle
Average IFMAP DRAM BW: 4.867 words/cycle
Average Filter DRAM BW: 7.787 words/cycle
Average OFMAP DRAM BW: 32.000 words/cycle

Running Layer 436
Total cycles: 1219
Compute cycles: 535
Stall cycles: 0
Overall utilization: 29.91%
Mapping efficiency: 100.00%
Average IFMAP SRAM BW: 9.570 words/cycle
Average Filter SRAM BW: 7.656 words/cycle
Average OFMAP SRAM BW: 9.570 words/cycle
Average IFMAP DRAM BW: 4.867 words/cycle
Average Filter DRAM BW: 7.802 words/cycle
Average OFMAP DRAM BW: 32.000 words/cycle

Running Layer 437
Total cycles: 1219
Compute cycles: 535
Stall cycles: 0
Overall utilization: 29.91%
Mapping efficiency: 100.00%
Average IFMAP SRAM BW: 9.570 words/cycle
Average Filter SRAM BW: 7.656 words/cycle
Average OFMAP SRAM BW: 9.570 words/cycle
Average IFMAP DRAM BW: 9.734 words/cycle
Average Filter DRAM BW: 7.802 words/cycle
Average OFMAP DRAM BW: 32.000 words/cycle

Running Layer 438
Total cycles: 2439
Compute cycles: 1071
Stall cycles: 0
Overall utilization: 29.88%
Mapping efficiency: 100.00%
Average IFMAP SRAM BW: 9.561 words/cycle
Average Filter SRAM BW: 7.649 words/cycle
Average OFMAP SRAM BW: 9.561 words/cycle
Average IFMAP DRAM BW: 9.734 words/cycle
Average Filter DRAM BW: 7.809 words/cycle
Average OFMAP DRAM BW: 32.000 words/cycle

Running Layer 439
Total cycles: 4617
Compute cycles: 2143
Stall cycles: 0
Overall utilization: 29.86%
Mapping efficiency: 100.00%
Average IFMAP SRAM BW: 9.557 words/cycle
Average Filter SRAM BW: 7.645 words/cycle
Average OFMAP SRAM BW: 9.557 words/cycle
Average IFMAP DRAM BW: 9.752 words/cycle
Average Filter DRAM BW: 8.929 words/cycle
Average OFMAP DRAM BW: 32.000 words/cycle

Running Layer 440
Total cycles: 613
Compute cycles: 269
Stall cycles: 0
Overall utilization: 3.81%
Mapping efficiency: 12.50%
Average IFMAP SRAM BW: 1.219 words/cycle
Average Filter SRAM BW: 0.952 words/cycle
Average OFMAP SRAM BW: 9.755 words/cycle
Average IFMAP DRAM BW: 0.624 words/cycle
Average Filter DRAM BW: 0.973 words/cycle
Average OFMAP DRAM BW: 32.000 words/cycle

Running Layer 441
Total cycles: 965
Compute cycles: 539
Stall cycles: 0
Overall utilization: 3.80%
Mapping efficiency: 12.50%
Average IFMAP SRAM BW: 1.217 words/cycle
Average Filter SRAM BW: 0.950 words/cycle
Average OFMAP SRAM BW: 9.737 words/cycle
Average IFMAP DRAM BW: 0.624 words/cycle
Average Filter DRAM BW: 1.947 words/cycle
Average OFMAP DRAM BW: 32.000 words/cycle

Running Layer 442
Total cycles: 613
Compute cycles: 269
Stall cycles: 0
Overall utilization: 7.62%
Mapping efficiency: 25.00%
Average IFMAP SRAM BW: 2.439 words/cycle
Average Filter SRAM BW: 1.903 words/cycle
Average OFMAP SRAM BW: 9.755 words/cycle
Average IFMAP DRAM BW: 1.247 words/cycle
Average Filter DRAM BW: 1.947 words/cycle
Average OFMAP DRAM BW: 32.000 words/cycle

Running Layer 443
Total cycles: 965
Compute cycles: 539
Stall cycles: 0
Overall utilization: 7.61%
Mapping efficiency: 25.00%
Average IFMAP SRAM BW: 2.434 words/cycle
Average Filter SRAM BW: 1.900 words/cycle
Average OFMAP SRAM BW: 9.737 words/cycle
Average IFMAP DRAM BW: 1.247 words/cycle
Average Filter DRAM BW: 3.894 words/cycle
Average OFMAP DRAM BW: 32.000 words/cycle

Running Layer 444
Total cycles: 613
Compute cycles: 269
Stall cycles: 0
Overall utilization: 15.24%
Mapping efficiency: 50.00%
Average IFMAP SRAM BW: 4.877 words/cycle
Average Filter SRAM BW: 3.807 words/cycle
Average OFMAP SRAM BW: 9.755 words/cycle
Average IFMAP DRAM BW: 2.494 words/cycle
Average Filter DRAM BW: 3.894 words/cycle
Average OFMAP DRAM BW: 32.000 words/cycle

Running Layer 445
Total cycles: 965
Compute cycles: 539
Stall cycles: 0
Overall utilization: 15.21%
Mapping efficiency: 50.00%
Average IFMAP SRAM BW: 4.868 words/cycle
Average Filter SRAM BW: 3.800 words/cycle
Average OFMAP SRAM BW: 9.737 words/cycle
Average IFMAP DRAM BW: 2.494 words/cycle
Average Filter DRAM BW: 7.787 words/cycle
Average OFMAP DRAM BW: 32.000 words/cycle

Running Layer 446
Total cycles: 613
Compute cycles: 269
Stall cycles: 0
Overall utilization: 30.48%
Mapping efficiency: 100.00%
Average IFMAP SRAM BW: 9.755 words/cycle
Average Filter SRAM BW: 7.613 words/cycle
Average OFMAP SRAM BW: 9.755 words/cycle
Average IFMAP DRAM BW: 4.989 words/cycle
Average Filter DRAM BW: 7.787 words/cycle
Average OFMAP DRAM BW: 32.000 words/cycle

Running Layer 447
Total cycles: 1227
Compute cycles: 539
Stall cycles: 0
Overall utilization: 30.43%
Mapping efficiency: 100.00%
Average IFMAP SRAM BW: 9.737 words/cycle
Average Filter SRAM BW: 7.599 words/cycle
Average OFMAP SRAM BW: 9.737 words/cycle
Average IFMAP DRAM BW: 4.989 words/cycle
Average Filter DRAM BW: 7.802 words/cycle
Average OFMAP DRAM BW: 32.000 words/cycle

Running Layer 448
Total cycles: 1227
Compute cycles: 539
Stall cycles: 0
Overall utilization: 30.43%
Mapping efficiency: 100.00%
Average IFMAP SRAM BW: 9.737 words/cycle
Average Filter SRAM BW: 7.599 words/cycle
Average OFMAP SRAM BW: 9.737 words/cycle
Average IFMAP DRAM BW: 4.998 words/cycle
Average Filter DRAM BW: 7.802 words/cycle
Average OFMAP DRAM BW: 32.000 words/cycle

Running Layer 449
Total cycles: 2455
Compute cycles: 1079
Stall cycles: 0
Overall utilization: 30.40%
Mapping efficiency: 100.00%
Average IFMAP SRAM BW: 9.728 words/cycle
Average Filter SRAM BW: 7.592 words/cycle
Average OFMAP SRAM BW: 9.728 words/cycle
Average IFMAP DRAM BW: 4.998 words/cycle
Average Filter DRAM BW: 7.809 words/cycle
Average OFMAP DRAM BW: 32.000 words/cycle

Running Layer 450
Total cycles: 4649
Compute cycles: 2159
Stall cycles: 0
Overall utilization: 30.38%
Mapping efficiency: 100.00%
Average IFMAP SRAM BW: 9.723 words/cycle
Average Filter SRAM BW: 7.589 words/cycle
Average OFMAP SRAM BW: 9.723 words/cycle
Average IFMAP DRAM BW: 6.668 words/cycle
Average Filter DRAM BW: 8.929 words/cycle
Average OFMAP DRAM BW: 32.000 words/cycle

Running Layer 451
Total cycles: 617
Compute cycles: 271
Stall cycles: 0
Overall utilization: 3.87%
Mapping efficiency: 12.50%
Average IFMAP SRAM BW: 1.240 words/cycle
Average Filter SRAM BW: 0.945 words/cycle
Average OFMAP SRAM BW: 9.919 words/cycle
Average IFMAP DRAM BW: 0.639 words/cycle
Average Filter DRAM BW: 0.973 words/cycle
Average OFMAP DRAM BW: 32.000 words/cycle

Running Layer 452
Total cycles: 973
Compute cycles: 543
Stall cycles: 0
Overall utilization: 3.87%
Mapping efficiency: 12.50%
Average IFMAP SRAM BW: 1.238 words/cycle
Average Filter SRAM BW: 0.943 words/cycle
Average OFMAP SRAM BW: 9.901 words/cycle
Average IFMAP DRAM BW: 0.639 words/cycle
Average Filter DRAM BW: 1.947 words/cycle
Average OFMAP DRAM BW: 32.000 words/cycle

Running Layer 453
Total cycles: 617
Compute cycles: 271
Stall cycles: 0
Overall utilization: 7.75%
Mapping efficiency: 25.00%
Average IFMAP SRAM BW: 2.480 words/cycle
Average Filter SRAM BW: 1.889 words/cycle
Average OFMAP SRAM BW: 9.919 words/cycle
Average IFMAP DRAM BW: 1.278 words/cycle
Average Filter DRAM BW: 1.947 words/cycle
Average OFMAP DRAM BW: 32.000 words/cycle

Running Layer 454
Total cycles: 973
Compute cycles: 543
Stall cycles: 0
Overall utilization: 7.73%
Mapping efficiency: 25.00%
Average IFMAP SRAM BW: 2.475 words/cycle
Average Filter SRAM BW: 1.886 words/cycle
Average OFMAP SRAM BW: 9.901 words/cycle
Average IFMAP DRAM BW: 1.278 words/cycle
Average Filter DRAM BW: 3.894 words/cycle
Average OFMAP DRAM BW: 32.000 words/cycle

Running Layer 455
Total cycles: 617
Compute cycles: 271
Stall cycles: 0
Overall utilization: 15.50%
Mapping efficiency: 50.00%
Average IFMAP SRAM BW: 4.959 words/cycle
Average Filter SRAM BW: 3.779 words/cycle
Average OFMAP SRAM BW: 9.919 words/cycle
Average IFMAP DRAM BW: 2.555 words/cycle
Average Filter DRAM BW: 3.894 words/cycle
Average OFMAP DRAM BW: 32.000 words/cycle

Running Layer 456
Total cycles: 973
Compute cycles: 543
Stall cycles: 0
Overall utilization: 15.47%
Mapping efficiency: 50.00%
Average IFMAP SRAM BW: 4.950 words/cycle
Average Filter SRAM BW: 3.772 words/cycle
Average OFMAP SRAM BW: 9.901 words/cycle
Average IFMAP DRAM BW: 2.555 words/cycle
Average Filter DRAM BW: 7.787 words/cycle
Average OFMAP DRAM BW: 32.000 words/cycle

Running Layer 457
Total cycles: 617
Compute cycles: 271
Stall cycles: 0
Overall utilization: 31.00%
Mapping efficiency: 100.00%
Average IFMAP SRAM BW: 9.919 words/cycle
Average Filter SRAM BW: 7.557 words/cycle
Average OFMAP SRAM BW: 9.919 words/cycle
Average IFMAP DRAM BW: 5.110 words/cycle
Average Filter DRAM BW: 7.787 words/cycle
Average OFMAP DRAM BW: 32.000 words/cycle

Running Layer 458
Total cycles: 1235
Compute cycles: 543
Stall cycles: 0
Overall utilization: 30.94%
Mapping efficiency: 100.00%
Average IFMAP SRAM BW: 9.901 words/cycle
Average Filter SRAM BW: 7.543 words/cycle
Average OFMAP SRAM BW: 9.901 words/cycle
Average IFMAP DRAM BW: 5.110 words/cycle
Average Filter DRAM BW: 7.802 words/cycle
Average OFMAP DRAM BW: 32.000 words/cycle

Running Layer 459
Total cycles: 1235
Compute cycles: 543
Stall cycles: 0
Overall utilization: 30.94%
Mapping efficiency: 100.00%
Average IFMAP SRAM BW: 9.901 words/cycle
Average Filter SRAM BW: 7.543 words/cycle
Average OFMAP SRAM BW: 9.901 words/cycle
Average IFMAP DRAM BW: 5.120 words/cycle
Average Filter DRAM BW: 7.802 words/cycle
Average OFMAP DRAM BW: 32.000 words/cycle

Running Layer 460
Total cycles: 2471
Compute cycles: 1087
Stall cycles: 0
Overall utilization: 30.91%
Mapping efficiency: 100.00%
Average IFMAP SRAM BW: 9.891 words/cycle
Average Filter SRAM BW: 7.536 words/cycle
Average OFMAP SRAM BW: 9.891 words/cycle
Average IFMAP DRAM BW: 5.120 words/cycle
Average Filter DRAM BW: 7.809 words/cycle
Average OFMAP DRAM BW: 32.000 words/cycle

Running Layer 461
Total cycles: 4681
Compute cycles: 2175
Stall cycles: 0
Overall utilization: 30.90%
Mapping efficiency: 100.00%
Average IFMAP SRAM BW: 9.887 words/cycle
Average Filter SRAM BW: 7.533 words/cycle
Average OFMAP SRAM BW: 9.887 words/cycle
Average IFMAP DRAM BW: 6.831 words/cycle
Average Filter DRAM BW: 8.929 words/cycle
Average OFMAP DRAM BW: 32.000 words/cycle

Running Layer 462
Total cycles: 621
Compute cycles: 273
Stall cycles: 0
Overall utilization: 3.94%
Mapping efficiency: 12.50%
Average IFMAP SRAM BW: 1.260 words/cycle
Average Filter SRAM BW: 0.938 words/cycle
Average OFMAP SRAM BW: 10.081 words/cycle
Average IFMAP DRAM BW: 0.654 words/cycle
Average Filter DRAM BW: 0.973 words/cycle
Average OFMAP DRAM BW: 32.000 words/cycle

Running Layer 463
Total cycles: 981
Compute cycles: 547
Stall cycles: 0
Overall utilization: 3.93%
Mapping efficiency: 12.50%
Average IFMAP SRAM BW: 1.258 words/cycle
Average Filter SRAM BW: 0.936 words/cycle
Average OFMAP SRAM BW: 10.062 words/cycle
Average IFMAP DRAM BW: 0.654 words/cycle
Average Filter DRAM BW: 1.947 words/cycle
Average OFMAP DRAM BW: 32.000 words/cycle

Running Layer 464
Total cycles: 621
Compute cycles: 273
Stall cycles: 0
Overall utilization: 7.88%
Mapping efficiency: 25.00%
Average IFMAP SRAM BW: 2.520 words/cycle
Average Filter SRAM BW: 1.875 words/cycle
Average OFMAP SRAM BW: 10.081 words/cycle
Average IFMAP DRAM BW: 1.308 words/cycle
Average Filter DRAM BW: 1.947 words/cycle
Average OFMAP DRAM BW: 32.000 words/cycle

Running Layer 465
Total cycles: 981
Compute cycles: 547
Stall cycles: 0
Overall utilization: 7.86%
Mapping efficiency: 25.00%
Average IFMAP SRAM BW: 2.516 words/cycle
Average Filter SRAM BW: 1.872 words/cycle
Average OFMAP SRAM BW: 10.062 words/cycle
Average IFMAP DRAM BW: 1.308 words/cycle
Average Filter DRAM BW: 3.894 words/cycle
Average OFMAP DRAM BW: 32.000 words/cycle

Running Layer 466
Total cycles: 621
Compute cycles: 273
Stall cycles: 0
Overall utilization: 15.75%
Mapping efficiency: 50.00%
Average IFMAP SRAM BW: 5.040 words/cycle
Average Filter SRAM BW: 3.751 words/cycle
Average OFMAP SRAM BW: 10.081 words/cycle
Average IFMAP DRAM BW: 2.616 words/cycle
Average Filter DRAM BW: 3.894 words/cycle
Average OFMAP DRAM BW: 32.000 words/cycle

Running Layer 467
Total cycles: 981
Compute cycles: 547
Stall cycles: 0
Overall utilization: 15.72%
Mapping efficiency: 50.00%
Average IFMAP SRAM BW: 5.031 words/cycle
Average Filter SRAM BW: 3.744 words/cycle
Average OFMAP SRAM BW: 10.062 words/cycle
Average IFMAP DRAM BW: 2.616 words/cycle
Average Filter DRAM BW: 7.787 words/cycle
Average OFMAP DRAM BW: 32.000 words/cycle

Running Layer 468
Total cycles: 621
Compute cycles: 273
Stall cycles: 0
Overall utilization: 31.50%
Mapping efficiency: 100.00%
Average IFMAP SRAM BW: 10.081 words/cycle
Average Filter SRAM BW: 7.502 words/cycle
Average OFMAP SRAM BW: 10.081 words/cycle
Average IFMAP DRAM BW: 5.232 words/cycle
Average Filter DRAM BW: 7.787 words/cycle
Average OFMAP DRAM BW: 32.000 words/cycle

Running Layer 469
Total cycles: 1243
Compute cycles: 547
Stall cycles: 0
Overall utilization: 31.44%
Mapping efficiency: 100.00%
Average IFMAP SRAM BW: 10.062 words/cycle
Average Filter SRAM BW: 7.488 words/cycle
Average OFMAP SRAM BW: 10.062 words/cycle
Average IFMAP DRAM BW: 5.232 words/cycle
Average Filter DRAM BW: 7.802 words/cycle
Average OFMAP DRAM BW: 32.000 words/cycle

Running Layer 470
Total cycles: 1243
Compute cycles: 547
Stall cycles: 0
Overall utilization: 31.44%
Mapping efficiency: 100.00%
Average IFMAP SRAM BW: 10.062 words/cycle
Average Filter SRAM BW: 7.488 words/cycle
Average OFMAP SRAM BW: 10.062 words/cycle
Average IFMAP DRAM BW: 5.242 words/cycle
Average Filter DRAM BW: 7.802 words/cycle
Average OFMAP DRAM BW: 32.000 words/cycle

Running Layer 471
Total cycles: 2487
Compute cycles: 1095
Stall cycles: 0
Overall utilization: 31.42%
Mapping efficiency: 100.00%
Average IFMAP SRAM BW: 10.053 words/cycle
Average Filter SRAM BW: 7.481 words/cycle
Average OFMAP SRAM BW: 10.053 words/cycle
Average IFMAP DRAM BW: 5.242 words/cycle
Average Filter DRAM BW: 7.809 words/cycle
Average OFMAP DRAM BW: 32.000 words/cycle

Running Layer 472
Total cycles: 4713
Compute cycles: 2191
Stall cycles: 0
Overall utilization: 31.40%
Mapping efficiency: 100.00%
Average IFMAP SRAM BW: 10.048 words/cycle
Average Filter SRAM BW: 7.478 words/cycle
Average OFMAP SRAM BW: 10.048 words/cycle
Average IFMAP DRAM BW: 6.994 words/cycle
Average Filter DRAM BW: 8.929 words/cycle
Average OFMAP DRAM BW: 32.000 words/cycle

Running Layer 473
Total cycles: 625
Compute cycles: 275
Stall cycles: 0
Overall utilization: 4.00%
Mapping efficiency: 12.50%
Average IFMAP SRAM BW: 1.280 words/cycle
Average Filter SRAM BW: 0.931 words/cycle
Average OFMAP SRAM BW: 10.240 words/cycle
Average IFMAP DRAM BW: 0.669 words/cycle
Average Filter DRAM BW: 0.973 words/cycle
Average OFMAP DRAM BW: 32.000 words/cycle

Running Layer 474
Total cycles: 989
Compute cycles: 551
Stall cycles: 0
Overall utilization: 3.99%
Mapping efficiency: 12.50%
Average IFMAP SRAM BW: 1.278 words/cycle
Average Filter SRAM BW: 0.929 words/cycle
Average OFMAP SRAM BW: 10.221 words/cycle
Average IFMAP DRAM BW: 0.669 words/cycle
Average Filter DRAM BW: 1.947 words/cycle
Average OFMAP DRAM BW: 32.000 words/cycle

Running Layer 475
Total cycles: 625
Compute cycles: 275
Stall cycles: 0
Overall utilization: 8.00%
Mapping efficiency: 25.00%
Average IFMAP SRAM BW: 2.560 words/cycle
Average Filter SRAM BW: 1.862 words/cycle
Average OFMAP SRAM BW: 10.240 words/cycle
Average IFMAP DRAM BW: 1.338 words/cycle
Average Filter DRAM BW: 1.947 words/cycle
Average OFMAP DRAM BW: 32.000 words/cycle

Running Layer 476
Total cycles: 989
Compute cycles: 551
Stall cycles: 0
Overall utilization: 7.99%
Mapping efficiency: 25.00%
Average IFMAP SRAM BW: 2.555 words/cycle
Average Filter SRAM BW: 1.858 words/cycle
Average OFMAP SRAM BW: 10.221 words/cycle
Average IFMAP DRAM BW: 1.338 words/cycle
Average Filter DRAM BW: 3.894 words/cycle
Average OFMAP DRAM BW: 32.000 words/cycle

Running Layer 477
Total cycles: 625
Compute cycles: 275
Stall cycles: 0
Overall utilization: 16.00%
Mapping efficiency: 50.00%
Average IFMAP SRAM BW: 5.120 words/cycle
Average Filter SRAM BW: 3.724 words/cycle
Average OFMAP SRAM BW: 10.240 words/cycle
Average IFMAP DRAM BW: 2.677 words/cycle
Average Filter DRAM BW: 3.894 words/cycle
Average OFMAP DRAM BW: 32.000 words/cycle

Running Layer 478
Total cycles: 989
Compute cycles: 551
Stall cycles: 0
Overall utilization: 15.97%
Mapping efficiency: 50.00%
Average IFMAP SRAM BW: 5.111 words/cycle
Average Filter SRAM BW: 3.717 words/cycle
Average OFMAP SRAM BW: 10.221 words/cycle
Average IFMAP DRAM BW: 2.677 words/cycle
Average Filter DRAM BW: 7.787 words/cycle
Average OFMAP DRAM BW: 32.000 words/cycle

Running Layer 479
Total cycles: 625
Compute cycles: 275
Stall cycles: 0
Overall utilization: 32.00%
Mapping efficiency: 100.00%
Average IFMAP SRAM BW: 10.240 words/cycle
Average Filter SRAM BW: 7.447 words/cycle
Average OFMAP SRAM BW: 10.240 words/cycle
Average IFMAP DRAM BW: 5.354 words/cycle
Average Filter DRAM BW: 7.787 words/cycle
Average OFMAP DRAM BW: 32.000 words/cycle

Running Layer 480
Total cycles: 1251
Compute cycles: 551
Stall cycles: 0
Overall utilization: 31.94%
Mapping efficiency: 100.00%
Average IFMAP SRAM BW: 10.221 words/cycle
Average Filter SRAM BW: 7.434 words/cycle
Average OFMAP SRAM BW: 10.221 words/cycle
Average IFMAP DRAM BW: 5.354 words/cycle
Average Filter DRAM BW: 7.802 words/cycle
Average OFMAP DRAM BW: 32.000 words/cycle

Running Layer 481
Total cycles: 1251
Compute cycles: 551
Stall cycles: 0
Overall utilization: 31.94%
Mapping efficiency: 100.00%
Average IFMAP SRAM BW: 10.221 words/cycle
Average Filter SRAM BW: 7.434 words/cycle
Average OFMAP SRAM BW: 10.221 words/cycle
Average IFMAP DRAM BW: 5.364 words/cycle
Average Filter DRAM BW: 7.802 words/cycle
Average OFMAP DRAM BW: 32.000 words/cycle

Running Layer 482
Total cycles: 2503
Compute cycles: 1103
Stall cycles: 0
Overall utilization: 31.91%
Mapping efficiency: 100.00%
Average IFMAP SRAM BW: 10.212 words/cycle
Average Filter SRAM BW: 7.427 words/cycle
Average OFMAP SRAM BW: 10.212 words/cycle
Average IFMAP DRAM BW: 5.364 words/cycle
Average Filter DRAM BW: 7.809 words/cycle
Average OFMAP DRAM BW: 32.000 words/cycle

Running Layer 483
Total cycles: 4745
Compute cycles: 2207
Stall cycles: 0
Overall utilization: 31.90%
Mapping efficiency: 100.00%
Average IFMAP SRAM BW: 10.208 words/cycle
Average Filter SRAM BW: 7.424 words/cycle
Average OFMAP SRAM BW: 10.208 words/cycle
Average IFMAP DRAM BW: 7.156 words/cycle
Average Filter DRAM BW: 8.929 words/cycle
Average OFMAP DRAM BW: 32.000 words/cycle

Running Layer 484
Total cycles: 629
Compute cycles: 277
Stall cycles: 0
Overall utilization: 4.06%
Mapping efficiency: 12.50%
Average IFMAP SRAM BW: 1.300 words/cycle
Average Filter SRAM BW: 0.924 words/cycle
Average OFMAP SRAM BW: 10.397 words/cycle
Average IFMAP DRAM BW: 0.684 words/cycle
Average Filter DRAM BW: 0.973 words/cycle
Average OFMAP DRAM BW: 32.000 words/cycle

Running Layer 485
Total cycles: 997
Compute cycles: 555
Stall cycles: 0
Overall utilization: 4.05%
Mapping efficiency: 12.50%
Average IFMAP SRAM BW: 1.297 words/cycle
Average Filter SRAM BW: 0.923 words/cycle
Average OFMAP SRAM BW: 10.378 words/cycle
Average IFMAP DRAM BW: 0.684 words/cycle
Average Filter DRAM BW: 1.947 words/cycle
Average OFMAP DRAM BW: 32.000 words/cycle

Running Layer 486
Total cycles: 629
Compute cycles: 277
Stall cycles: 0
Overall utilization: 8.12%
Mapping efficiency: 25.00%
Average IFMAP SRAM BW: 2.599 words/cycle
Average Filter SRAM BW: 1.848 words/cycle
Average OFMAP SRAM BW: 10.397 words/cycle
Average IFMAP DRAM BW: 1.369 words/cycle
Average Filter DRAM BW: 1.947 words/cycle
Average OFMAP DRAM BW: 32.000 words/cycle

Running Layer 487
Total cycles: 997
Compute cycles: 555
Stall cycles: 0
Overall utilization: 8.11%
Mapping efficiency: 25.00%
Average IFMAP SRAM BW: 2.595 words/cycle
Average Filter SRAM BW: 1.845 words/cycle
Average OFMAP SRAM BW: 10.378 words/cycle
Average IFMAP DRAM BW: 1.369 words/cycle
Average Filter DRAM BW: 3.894 words/cycle
Average OFMAP DRAM BW: 32.000 words/cycle

Running Layer 488
Total cycles: 629
Compute cycles: 277
Stall cycles: 0
Overall utilization: 16.25%
Mapping efficiency: 50.00%
Average IFMAP SRAM BW: 5.199 words/cycle
Average Filter SRAM BW: 3.697 words/cycle
Average OFMAP SRAM BW: 10.397 words/cycle
Average IFMAP DRAM BW: 2.738 words/cycle
Average Filter DRAM BW: 3.894 words/cycle
Average OFMAP DRAM BW: 32.000 words/cycle

Running Layer 489
Total cycles: 997
Compute cycles: 555
Stall cycles: 0
Overall utilization: 16.22%
Mapping efficiency: 50.00%
Average IFMAP SRAM BW: 5.189 words/cycle
Average Filter SRAM BW: 3.690 words/cycle
Average OFMAP SRAM BW: 10.378 words/cycle
Average IFMAP DRAM BW: 2.738 words/cycle
Average Filter DRAM BW: 7.787 words/cycle
Average OFMAP DRAM BW: 32.000 words/cycle

Running Layer 490
Total cycles: 629
Compute cycles: 277
Stall cycles: 0
Overall utilization: 32.49%
Mapping efficiency: 100.00%
Average IFMAP SRAM BW: 10.397 words/cycle
Average Filter SRAM BW: 7.394 words/cycle
Average OFMAP SRAM BW: 10.397 words/cycle
Average IFMAP DRAM BW: 5.475 words/cycle
Average Filter DRAM BW: 7.787 words/cycle
Average OFMAP DRAM BW: 32.000 words/cycle

Running Layer 491
Total cycles: 1259
Compute cycles: 555
Stall cycles: 0
Overall utilization: 32.43%
Mapping efficiency: 100.00%
Average IFMAP SRAM BW: 10.378 words/cycle
Average Filter SRAM BW: 7.380 words/cycle
Average OFMAP SRAM BW: 10.378 words/cycle
Average IFMAP DRAM BW: 5.475 words/cycle
Average Filter DRAM BW: 7.802 words/cycle
Average OFMAP DRAM BW: 32.000 words/cycle

Running Layer 492
Total cycles: 1259
Compute cycles: 555
Stall cycles: 0
Overall utilization: 32.43%
Mapping efficiency: 100.00%
Average IFMAP SRAM BW: 10.378 words/cycle
Average Filter SRAM BW: 7.380 words/cycle
Average OFMAP SRAM BW: 10.378 words/cycle
Average IFMAP DRAM BW: 5.486 words/cycle
Average Filter DRAM BW: 7.802 words/cycle
Average OFMAP DRAM BW: 32.000 words/cycle

Running Layer 493
Total cycles: 2519
Compute cycles: 1111
Stall cycles: 0
Overall utilization: 32.40%
Mapping efficiency: 100.00%
Average IFMAP SRAM BW: 10.369 words/cycle
Average Filter SRAM BW: 7.374 words/cycle
Average OFMAP SRAM BW: 10.369 words/cycle
Average IFMAP DRAM BW: 5.486 words/cycle
Average Filter DRAM BW: 7.809 words/cycle
Average OFMAP DRAM BW: 32.000 words/cycle

Running Layer 494
Total cycles: 4777
Compute cycles: 2223
Stall cycles: 0
Overall utilization: 32.39%
Mapping efficiency: 100.00%
Average IFMAP SRAM BW: 10.364 words/cycle
Average Filter SRAM BW: 7.370 words/cycle
Average OFMAP SRAM BW: 10.364 words/cycle
Average IFMAP DRAM BW: 7.319 words/cycle
Average Filter DRAM BW: 8.929 words/cycle
Average OFMAP DRAM BW: 32.000 words/cycle

Running Layer 495
Total cycles: 633
Compute cycles: 279
Stall cycles: 0
Overall utilization: 4.12%
Mapping efficiency: 12.50%
Average IFMAP SRAM BW: 1.319 words/cycle
Average Filter SRAM BW: 0.918 words/cycle
Average OFMAP SRAM BW: 10.552 words/cycle
Average IFMAP DRAM BW: 0.700 words/cycle
Average Filter DRAM BW: 0.973 words/cycle
Average OFMAP DRAM BW: 32.000 words/cycle

Running Layer 496
Total cycles: 1005
Compute cycles: 559
Stall cycles: 0
Overall utilization: 4.11%
Mapping efficiency: 12.50%
Average IFMAP SRAM BW: 1.317 words/cycle
Average Filter SRAM BW: 0.916 words/cycle
Average OFMAP SRAM BW: 10.533 words/cycle
Average IFMAP DRAM BW: 0.700 words/cycle
Average Filter DRAM BW: 1.947 words/cycle
Average OFMAP DRAM BW: 32.000 words/cycle

Running Layer 497
Total cycles: 633
Compute cycles: 279
Stall cycles: 0
Overall utilization: 8.24%
Mapping efficiency: 25.00%
Average IFMAP SRAM BW: 2.638 words/cycle
Average Filter SRAM BW: 1.835 words/cycle
Average OFMAP SRAM BW: 10.552 words/cycle
Average IFMAP DRAM BW: 1.399 words/cycle
Average Filter DRAM BW: 1.947 words/cycle
Average OFMAP DRAM BW: 32.000 words/cycle

Running Layer 498
Total cycles: 1005
Compute cycles: 559
Stall cycles: 0
Overall utilization: 8.23%
Mapping efficiency: 25.00%
Average IFMAP SRAM BW: 2.633 words/cycle
Average Filter SRAM BW: 1.832 words/cycle
Average OFMAP SRAM BW: 10.533 words/cycle
Average IFMAP DRAM BW: 1.399 words/cycle
Average Filter DRAM BW: 3.894 words/cycle
Average OFMAP DRAM BW: 32.000 words/cycle

Running Layer 499
Total cycles: 633
Compute cycles: 279
Stall cycles: 0
Overall utilization: 16.49%
Mapping efficiency: 50.00%
Average IFMAP SRAM BW: 5.276 words/cycle
Average Filter SRAM BW: 3.670 words/cycle
Average OFMAP SRAM BW: 10.552 words/cycle
Average IFMAP DRAM BW: 2.798 words/cycle
Average Filter DRAM BW: 3.894 words/cycle
Average OFMAP DRAM BW: 32.000 words/cycle

Running Layer 500
Total cycles: 1005
Compute cycles: 559
Stall cycles: 0
Overall utilization: 16.46%
Mapping efficiency: 50.00%
Average IFMAP SRAM BW: 5.267 words/cycle
Average Filter SRAM BW: 3.664 words/cycle
Average OFMAP SRAM BW: 10.533 words/cycle
Average IFMAP DRAM BW: 2.798 words/cycle
Average Filter DRAM BW: 7.787 words/cycle
Average OFMAP DRAM BW: 32.000 words/cycle

Running Layer 501
Total cycles: 633
Compute cycles: 279
Stall cycles: 0
Overall utilization: 32.97%
Mapping efficiency: 100.00%
Average IFMAP SRAM BW: 10.552 words/cycle
Average Filter SRAM BW: 7.341 words/cycle
Average OFMAP SRAM BW: 10.552 words/cycle
Average IFMAP DRAM BW: 5.597 words/cycle
Average Filter DRAM BW: 7.787 words/cycle
Average OFMAP DRAM BW: 32.000 words/cycle

Running Layer 502
Total cycles: 1267
Compute cycles: 559
Stall cycles: 0
Overall utilization: 32.92%
Mapping efficiency: 100.00%
Average IFMAP SRAM BW: 10.533 words/cycle
Average Filter SRAM BW: 7.327 words/cycle
Average OFMAP SRAM BW: 10.533 words/cycle
Average IFMAP DRAM BW: 5.597 words/cycle
Average Filter DRAM BW: 7.802 words/cycle
Average OFMAP DRAM BW: 32.000 words/cycle

Running Layer 503
Total cycles: 1267
Compute cycles: 559
Stall cycles: 0
Overall utilization: 32.92%
Mapping efficiency: 100.00%
Average IFMAP SRAM BW: 10.533 words/cycle
Average Filter SRAM BW: 7.327 words/cycle
Average OFMAP SRAM BW: 10.533 words/cycle
Average IFMAP DRAM BW: 5.608 words/cycle
Average Filter DRAM BW: 7.802 words/cycle
Average OFMAP DRAM BW: 32.000 words/cycle

Running Layer 504
Total cycles: 2535
Compute cycles: 1119
Stall cycles: 0
Overall utilization: 32.89%
Mapping efficiency: 100.00%
Average IFMAP SRAM BW: 10.524 words/cycle
Average Filter SRAM BW: 7.321 words/cycle
Average OFMAP SRAM BW: 10.524 words/cycle
Average IFMAP DRAM BW: 5.608 words/cycle
Average Filter DRAM BW: 7.809 words/cycle
Average OFMAP DRAM BW: 32.000 words/cycle

Running Layer 505
Total cycles: 4809
Compute cycles: 2239
Stall cycles: 0
Overall utilization: 32.87%
Mapping efficiency: 100.00%
Average IFMAP SRAM BW: 10.519 words/cycle
Average Filter SRAM BW: 7.318 words/cycle
Average OFMAP SRAM BW: 10.519 words/cycle
Average IFMAP DRAM BW: 7.482 words/cycle
Average Filter DRAM BW: 8.929 words/cycle
Average OFMAP DRAM BW: 32.000 words/cycle

Running Layer 506
Total cycles: 637
Compute cycles: 281
Stall cycles: 0
Overall utilization: 4.18%
Mapping efficiency: 12.50%
Average IFMAP SRAM BW: 1.338 words/cycle
Average Filter SRAM BW: 0.911 words/cycle
Average OFMAP SRAM BW: 10.705 words/cycle
Average IFMAP DRAM BW: 0.715 words/cycle
Average Filter DRAM BW: 0.973 words/cycle
Average OFMAP DRAM BW: 32.000 words/cycle

Running Layer 507
Total cycles: 1013
Compute cycles: 563
Stall cycles: 0
Overall utilization: 4.17%
Mapping efficiency: 12.50%
Average IFMAP SRAM BW: 1.336 words/cycle
Average Filter SRAM BW: 0.909 words/cycle
Average OFMAP SRAM BW: 10.686 words/cycle
Average IFMAP DRAM BW: 0.715 words/cycle
Average Filter DRAM BW: 1.947 words/cycle
Average OFMAP DRAM BW: 32.000 words/cycle

Running Layer 508
Total cycles: 637
Compute cycles: 281
Stall cycles: 0
Overall utilization: 8.36%
Mapping efficiency: 25.00%
Average IFMAP SRAM BW: 2.676 words/cycle
Average Filter SRAM BW: 1.822 words/cycle
Average OFMAP SRAM BW: 10.705 words/cycle
Average IFMAP DRAM BW: 1.430 words/cycle
Average Filter DRAM BW: 1.947 words/cycle
Average OFMAP DRAM BW: 32.000 words/cycle

Running Layer 509
Total cycles: 1013
Compute cycles: 563
Stall cycles: 0
Overall utilization: 8.35%
Mapping efficiency: 25.00%
Average IFMAP SRAM BW: 2.671 words/cycle
Average Filter SRAM BW: 1.819 words/cycle
Average OFMAP SRAM BW: 10.686 words/cycle
Average IFMAP DRAM BW: 1.430 words/cycle
Average Filter DRAM BW: 3.894 words/cycle
Average OFMAP DRAM BW: 32.000 words/cycle

Running Layer 510
Total cycles: 637
Compute cycles: 281
Stall cycles: 0
Overall utilization: 16.73%
Mapping efficiency: 50.00%
Average IFMAP SRAM BW: 5.352 words/cycle
Average Filter SRAM BW: 3.644 words/cycle
Average OFMAP SRAM BW: 10.705 words/cycle
Average IFMAP DRAM BW: 2.859 words/cycle
Average Filter DRAM BW: 3.894 words/cycle
Average OFMAP DRAM BW: 32.000 words/cycle

Running Layer 511
Total cycles: 1013
Compute cycles: 563
Stall cycles: 0
Overall utilization: 16.70%
Mapping efficiency: 50.00%
Average IFMAP SRAM BW: 5.343 words/cycle
Average Filter SRAM BW: 3.638 words/cycle
Average OFMAP SRAM BW: 10.686 words/cycle
Average IFMAP DRAM BW: 2.859 words/cycle
Average Filter DRAM BW: 7.787 words/cycle
Average OFMAP DRAM BW: 32.000 words/cycle

Running Layer 512
Total cycles: 637
Compute cycles: 281
Stall cycles: 0
Overall utilization: 33.45%
Mapping efficiency: 100.00%
Average IFMAP SRAM BW: 10.705 words/cycle
Average Filter SRAM BW: 7.288 words/cycle
Average OFMAP SRAM BW: 10.705 words/cycle
Average IFMAP DRAM BW: 5.719 words/cycle
Average Filter DRAM BW: 7.787 words/cycle
Average OFMAP DRAM BW: 32.000 words/cycle

Running Layer 513
Total cycles: 1275
Compute cycles: 563
Stall cycles: 0
Overall utilization: 33.39%
Mapping efficiency: 100.00%
Average IFMAP SRAM BW: 10.686 words/cycle
Average Filter SRAM BW: 7.275 words/cycle
Average OFMAP SRAM BW: 10.686 words/cycle
Average IFMAP DRAM BW: 5.719 words/cycle
Average Filter DRAM BW: 7.802 words/cycle
Average OFMAP DRAM BW: 32.000 words/cycle

Running Layer 514
Total cycles: 1275
Compute cycles: 563
Stall cycles: 0
Overall utilization: 33.39%
Mapping efficiency: 100.00%
Average IFMAP SRAM BW: 10.686 words/cycle
Average Filter SRAM BW: 7.275 words/cycle
Average OFMAP SRAM BW: 10.686 words/cycle
Average IFMAP DRAM BW: 5.730 words/cycle
Average Filter DRAM BW: 7.802 words/cycle
Average OFMAP DRAM BW: 32.000 words/cycle

Running Layer 515
Total cycles: 2551
Compute cycles: 1127
Stall cycles: 0
Overall utilization: 33.36%
Mapping efficiency: 100.00%
Average IFMAP SRAM BW: 10.676 words/cycle
Average Filter SRAM BW: 7.269 words/cycle
Average OFMAP SRAM BW: 10.676 words/cycle
Average IFMAP DRAM BW: 5.730 words/cycle
Average Filter DRAM BW: 7.809 words/cycle
Average OFMAP DRAM BW: 32.000 words/cycle

Running Layer 516
Total cycles: 4841
Compute cycles: 2255
Stall cycles: 0
Overall utilization: 33.35%
Mapping efficiency: 100.00%
Average IFMAP SRAM BW: 10.671 words/cycle
Average Filter SRAM BW: 7.266 words/cycle
Average OFMAP SRAM BW: 10.671 words/cycle
Average IFMAP DRAM BW: 7.644 words/cycle
Average Filter DRAM BW: 8.929 words/cycle
Average OFMAP DRAM BW: 32.000 words/cycle

Running Layer 517
Total cycles: 641
Compute cycles: 283
Stall cycles: 0
Overall utilization: 4.24%
Mapping efficiency: 12.50%
Average IFMAP SRAM BW: 1.357 words/cycle
Average Filter SRAM BW: 0.905 words/cycle
Average OFMAP SRAM BW: 10.855 words/cycle
Average IFMAP DRAM BW: 0.730 words/cycle
Average Filter DRAM BW: 0.973 words/cycle
Average OFMAP DRAM BW: 32.000 words/cycle

Running Layer 518
Total cycles: 1021
Compute cycles: 567
Stall cycles: 0
Overall utilization: 4.23%
Mapping efficiency: 12.50%
Average IFMAP SRAM BW: 1.354 words/cycle
Average Filter SRAM BW: 0.903 words/cycle
Average OFMAP SRAM BW: 10.836 words/cycle
Average IFMAP DRAM BW: 0.730 words/cycle
Average Filter DRAM BW: 1.947 words/cycle
Average OFMAP DRAM BW: 32.000 words/cycle

Running Layer 519
Total cycles: 641
Compute cycles: 283
Stall cycles: 0
Overall utilization: 8.48%
Mapping efficiency: 25.00%
Average IFMAP SRAM BW: 2.714 words/cycle
Average Filter SRAM BW: 1.809 words/cycle
Average OFMAP SRAM BW: 10.855 words/cycle
Average IFMAP DRAM BW: 1.460 words/cycle
Average Filter DRAM BW: 1.947 words/cycle
Average OFMAP DRAM BW: 32.000 words/cycle

Running Layer 520
Total cycles: 1021
Compute cycles: 567
Stall cycles: 0
Overall utilization: 8.47%
Mapping efficiency: 25.00%
Average IFMAP SRAM BW: 2.709 words/cycle
Average Filter SRAM BW: 1.806 words/cycle
Average OFMAP SRAM BW: 10.836 words/cycle
Average IFMAP DRAM BW: 1.460 words/cycle
Average Filter DRAM BW: 3.894 words/cycle
Average OFMAP DRAM BW: 32.000 words/cycle

Running Layer 521
Total cycles: 641
Compute cycles: 283
Stall cycles: 0
Overall utilization: 16.96%
Mapping efficiency: 50.00%
Average IFMAP SRAM BW: 5.428 words/cycle
Average Filter SRAM BW: 3.618 words/cycle
Average OFMAP SRAM BW: 10.855 words/cycle
Average IFMAP DRAM BW: 2.920 words/cycle
Average Filter DRAM BW: 3.894 words/cycle
Average OFMAP DRAM BW: 32.000 words/cycle

Running Layer 522
Total cycles: 1021
Compute cycles: 567
Stall cycles: 0
Overall utilization: 16.93%
Mapping efficiency: 50.00%
Average IFMAP SRAM BW: 5.418 words/cycle
Average Filter SRAM BW: 3.612 words/cycle
Average OFMAP SRAM BW: 10.836 words/cycle
Average IFMAP DRAM BW: 2.920 words/cycle
Average Filter DRAM BW: 7.787 words/cycle
Average OFMAP DRAM BW: 32.000 words/cycle

Running Layer 523
Total cycles: 641
Compute cycles: 283
Stall cycles: 0
Overall utilization: 33.92%
Mapping efficiency: 100.00%
Average IFMAP SRAM BW: 10.855 words/cycle
Average Filter SRAM BW: 7.237 words/cycle
Average OFMAP SRAM BW: 10.855 words/cycle
Average IFMAP DRAM BW: 5.840 words/cycle
Average Filter DRAM BW: 7.787 words/cycle
Average OFMAP DRAM BW: 32.000 words/cycle

Running Layer 524
Total cycles: 1283
Compute cycles: 567
Stall cycles: 0
Overall utilization: 33.86%
Mapping efficiency: 100.00%
Average IFMAP SRAM BW: 10.836 words/cycle
Average Filter SRAM BW: 7.224 words/cycle
Average OFMAP SRAM BW: 10.836 words/cycle
Average IFMAP DRAM BW: 5.840 words/cycle
Average Filter DRAM BW: 7.802 words/cycle
Average OFMAP DRAM BW: 32.000 words/cycle

Running Layer 525
Total cycles: 1283
Compute cycles: 567
Stall cycles: 0
Overall utilization: 33.86%
Mapping efficiency: 100.00%
Average IFMAP SRAM BW: 10.836 words/cycle
Average Filter SRAM BW: 7.224 words/cycle
Average OFMAP SRAM BW: 10.836 words/cycle
Average IFMAP DRAM BW: 5.851 words/cycle
Average Filter DRAM BW: 7.802 words/cycle
Average OFMAP DRAM BW: 32.000 words/cycle

Running Layer 526
Total cycles: 2567
Compute cycles: 1135
Stall cycles: 0
Overall utilization: 33.83%
Mapping efficiency: 100.00%
Average IFMAP SRAM BW: 10.826 words/cycle
Average Filter SRAM BW: 7.218 words/cycle
Average OFMAP SRAM BW: 10.826 words/cycle
Average IFMAP DRAM BW: 5.851 words/cycle
Average Filter DRAM BW: 7.809 words/cycle
Average OFMAP DRAM BW: 32.000 words/cycle

Running Layer 527
Total cycles: 4873
Compute cycles: 2271
Stall cycles: 0
Overall utilization: 33.82%
Mapping efficiency: 100.00%
Average IFMAP SRAM BW: 10.822 words/cycle
Average Filter SRAM BW: 7.214 words/cycle
Average OFMAP SRAM BW: 10.822 words/cycle
Average IFMAP DRAM BW: 7.807 words/cycle
Average Filter DRAM BW: 8.929 words/cycle
Average OFMAP DRAM BW: 32.000 words/cycle

Running Layer 528
Total cycles: 645
Compute cycles: 285
Stall cycles: 0
Overall utilization: 4.30%
Mapping efficiency: 12.50%
Average IFMAP SRAM BW: 1.375 words/cycle
Average Filter SRAM BW: 0.898 words/cycle
Average OFMAP SRAM BW: 11.004 words/cycle
Average IFMAP DRAM BW: 0.745 words/cycle
Average Filter DRAM BW: 0.973 words/cycle
Average OFMAP DRAM BW: 32.000 words/cycle

Running Layer 529
Total cycles: 1029
Compute cycles: 571
Stall cycles: 0
Overall utilization: 4.29%
Mapping efficiency: 12.50%
Average IFMAP SRAM BW: 1.373 words/cycle
Average Filter SRAM BW: 0.897 words/cycle
Average OFMAP SRAM BW: 10.984 words/cycle
Average IFMAP DRAM BW: 0.745 words/cycle
Average Filter DRAM BW: 1.947 words/cycle
Average OFMAP DRAM BW: 32.000 words/cycle

Running Layer 530
Total cycles: 645
Compute cycles: 285
Stall cycles: 0
Overall utilization: 8.60%
Mapping efficiency: 25.00%
Average IFMAP SRAM BW: 2.751 words/cycle
Average Filter SRAM BW: 1.796 words/cycle
Average OFMAP SRAM BW: 11.004 words/cycle
Average IFMAP DRAM BW: 1.490 words/cycle
Average Filter DRAM BW: 1.947 words/cycle
Average OFMAP DRAM BW: 32.000 words/cycle

Running Layer 531
Total cycles: 1029
Compute cycles: 571
Stall cycles: 0
Overall utilization: 8.58%
Mapping efficiency: 25.00%
Average IFMAP SRAM BW: 2.746 words/cycle
Average Filter SRAM BW: 1.793 words/cycle
Average OFMAP SRAM BW: 10.984 words/cycle
Average IFMAP DRAM BW: 1.490 words/cycle
Average Filter DRAM BW: 3.894 words/cycle
Average OFMAP DRAM BW: 32.000 words/cycle

Running Layer 532
Total cycles: 645
Compute cycles: 285
Stall cycles: 0
Overall utilization: 17.19%
Mapping efficiency: 50.00%
Average IFMAP SRAM BW: 5.502 words/cycle
Average Filter SRAM BW: 3.593 words/cycle
Average OFMAP SRAM BW: 11.004 words/cycle
Average IFMAP DRAM BW: 2.981 words/cycle
Average Filter DRAM BW: 3.894 words/cycle
Average OFMAP DRAM BW: 32.000 words/cycle

Running Layer 533
Total cycles: 1029
Compute cycles: 571
Stall cycles: 0
Overall utilization: 17.16%
Mapping efficiency: 50.00%
Average IFMAP SRAM BW: 5.492 words/cycle
Average Filter SRAM BW: 3.587 words/cycle
Average OFMAP SRAM BW: 10.984 words/cycle
Average IFMAP DRAM BW: 2.981 words/cycle
Average Filter DRAM BW: 7.787 words/cycle
Average OFMAP DRAM BW: 32.000 words/cycle

Running Layer 534
Total cycles: 645
Compute cycles: 285
Stall cycles: 0
Overall utilization: 34.39%
Mapping efficiency: 100.00%
Average IFMAP SRAM BW: 11.004 words/cycle
Average Filter SRAM BW: 7.186 words/cycle
Average OFMAP SRAM BW: 11.004 words/cycle
Average IFMAP DRAM BW: 5.962 words/cycle
Average Filter DRAM BW: 7.787 words/cycle
Average OFMAP DRAM BW: 32.000 words/cycle

Running Layer 535
Total cycles: 1291
Compute cycles: 571
Stall cycles: 0
Overall utilization: 34.33%
Mapping efficiency: 100.00%
Average IFMAP SRAM BW: 10.984 words/cycle
Average Filter SRAM BW: 7.173 words/cycle
Average OFMAP SRAM BW: 10.984 words/cycle
Average IFMAP DRAM BW: 5.962 words/cycle
Average Filter DRAM BW: 7.802 words/cycle
Average OFMAP DRAM BW: 32.000 words/cycle

Running Layer 536
Total cycles: 1291
Compute cycles: 571
Stall cycles: 0
Overall utilization: 34.33%
Mapping efficiency: 100.00%
Average IFMAP SRAM BW: 10.984 words/cycle
Average Filter SRAM BW: 7.173 words/cycle
Average OFMAP SRAM BW: 10.984 words/cycle
Average IFMAP DRAM BW: 5.973 words/cycle
Average Filter DRAM BW: 7.802 words/cycle
Average OFMAP DRAM BW: 32.000 words/cycle

Running Layer 537
Total cycles: 2583
Compute cycles: 1143
Stall cycles: 0
Overall utilization: 34.30%
Mapping efficiency: 100.00%
Average IFMAP SRAM BW: 10.975 words/cycle
Average Filter SRAM BW: 7.167 words/cycle
Average OFMAP SRAM BW: 10.975 words/cycle
Average IFMAP DRAM BW: 5.973 words/cycle
Average Filter DRAM BW: 7.809 words/cycle
Average OFMAP DRAM BW: 32.000 words/cycle

Running Layer 538
Total cycles: 4905
Compute cycles: 2287
Stall cycles: 0
Overall utilization: 34.28%
Mapping efficiency: 100.00%
Average IFMAP SRAM BW: 10.970 words/cycle
Average Filter SRAM BW: 7.164 words/cycle
Average OFMAP SRAM BW: 10.970 words/cycle
Average IFMAP DRAM BW: 7.970 words/cycle
Average Filter DRAM BW: 8.929 words/cycle
Average OFMAP DRAM BW: 32.000 words/cycle

Running Layer 539
Total cycles: 649
Compute cycles: 287
Stall cycles: 0
Overall utilization: 4.36%
Mapping efficiency: 12.50%
Average IFMAP SRAM BW: 1.394 words/cycle
Average Filter SRAM BW: 0.892 words/cycle
Average OFMAP SRAM BW: 11.150 words/cycle
Average IFMAP DRAM BW: 0.760 words/cycle
Average Filter DRAM BW: 0.973 words/cycle
Average OFMAP DRAM BW: 32.000 words/cycle

Running Layer 540
Total cycles: 1037
Compute cycles: 575
Stall cycles: 0
Overall utilization: 4.35%
Mapping efficiency: 12.50%
Average IFMAP SRAM BW: 1.391 words/cycle
Average Filter SRAM BW: 0.890 words/cycle
Average OFMAP SRAM BW: 11.130 words/cycle
Average IFMAP DRAM BW: 0.760 words/cycle
Average Filter DRAM BW: 1.947 words/cycle
Average OFMAP DRAM BW: 32.000 words/cycle

Running Layer 541
Total cycles: 649
Compute cycles: 287
Stall cycles: 0
Overall utilization: 8.71%
Mapping efficiency: 25.00%
Average IFMAP SRAM BW: 2.787 words/cycle
Average Filter SRAM BW: 1.784 words/cycle
Average OFMAP SRAM BW: 11.150 words/cycle
Average IFMAP DRAM BW: 1.521 words/cycle
Average Filter DRAM BW: 1.947 words/cycle
Average OFMAP DRAM BW: 32.000 words/cycle

Running Layer 542
Total cycles: 1037
Compute cycles: 575
Stall cycles: 0
Overall utilization: 8.70%
Mapping efficiency: 25.00%
Average IFMAP SRAM BW: 2.783 words/cycle
Average Filter SRAM BW: 1.781 words/cycle
Average OFMAP SRAM BW: 11.130 words/cycle
Average IFMAP DRAM BW: 1.521 words/cycle
Average Filter DRAM BW: 3.894 words/cycle
Average OFMAP DRAM BW: 32.000 words/cycle

Running Layer 543
Total cycles: 649
Compute cycles: 287
Stall cycles: 0
Overall utilization: 17.42%
Mapping efficiency: 50.00%
Average IFMAP SRAM BW: 5.575 words/cycle
Average Filter SRAM BW: 3.568 words/cycle
Average OFMAP SRAM BW: 11.150 words/cycle
Average IFMAP DRAM BW: 3.042 words/cycle
Average Filter DRAM BW: 3.894 words/cycle
Average OFMAP DRAM BW: 32.000 words/cycle

Running Layer 544
Total cycles: 1037
Compute cycles: 575
Stall cycles: 0
Overall utilization: 17.39%
Mapping efficiency: 50.00%
Average IFMAP SRAM BW: 5.565 words/cycle
Average Filter SRAM BW: 3.562 words/cycle
Average OFMAP SRAM BW: 11.130 words/cycle
Average IFMAP DRAM BW: 3.042 words/cycle
Average Filter DRAM BW: 7.787 words/cycle
Average OFMAP DRAM BW: 32.000 words/cycle

Running Layer 545
Total cycles: 649
Compute cycles: 287
Stall cycles: 0
Overall utilization: 34.84%
Mapping efficiency: 100.00%
Average IFMAP SRAM BW: 11.150 words/cycle
Average Filter SRAM BW: 7.136 words/cycle
Average OFMAP SRAM BW: 11.150 words/cycle
Average IFMAP DRAM BW: 6.084 words/cycle
Average Filter DRAM BW: 7.787 words/cycle
Average OFMAP DRAM BW: 32.000 words/cycle

Running Layer 546
Total cycles: 1299
Compute cycles: 575
Stall cycles: 0
Overall utilization: 34.78%
Mapping efficiency: 100.00%
Average IFMAP SRAM BW: 11.130 words/cycle
Average Filter SRAM BW: 7.123 words/cycle
Average OFMAP SRAM BW: 11.130 words/cycle
Average IFMAP DRAM BW: 6.084 words/cycle
Average Filter DRAM BW: 7.802 words/cycle
Average OFMAP DRAM BW: 32.000 words/cycle

Running Layer 547
Total cycles: 1299
Compute cycles: 575
Stall cycles: 0
Overall utilization: 34.78%
Mapping efficiency: 100.00%
Average IFMAP SRAM BW: 11.130 words/cycle
Average Filter SRAM BW: 7.123 words/cycle
Average OFMAP SRAM BW: 11.130 words/cycle
Average IFMAP DRAM BW: 6.095 words/cycle
Average Filter DRAM BW: 7.802 words/cycle
Average OFMAP DRAM BW: 32.000 words/cycle

Running Layer 548
Total cycles: 2599
Compute cycles: 1151
Stall cycles: 0
Overall utilization: 34.75%
Mapping efficiency: 100.00%
Average IFMAP SRAM BW: 11.121 words/cycle
Average Filter SRAM BW: 7.117 words/cycle
Average OFMAP SRAM BW: 11.121 words/cycle
Average IFMAP DRAM BW: 6.095 words/cycle
Average Filter DRAM BW: 7.809 words/cycle
Average OFMAP DRAM BW: 32.000 words/cycle

Running Layer 549
Total cycles: 4937
Compute cycles: 2303
Stall cycles: 0
Overall utilization: 34.74%
Mapping efficiency: 100.00%
Average IFMAP SRAM BW: 11.116 words/cycle
Average Filter SRAM BW: 7.114 words/cycle
Average OFMAP SRAM BW: 11.116 words/cycle
Average IFMAP DRAM BW: 8.132 words/cycle
Average Filter DRAM BW: 8.929 words/cycle
Average OFMAP DRAM BW: 32.000 words/cycle

Running Layer 550
Total cycles: 653
Compute cycles: 289
Stall cycles: 0
Overall utilization: 4.41%
Mapping efficiency: 12.50%
Average IFMAP SRAM BW: 1.412 words/cycle
Average Filter SRAM BW: 0.886 words/cycle
Average OFMAP SRAM BW: 11.294 words/cycle
Average IFMAP DRAM BW: 0.776 words/cycle
Average Filter DRAM BW: 0.973 words/cycle
Average OFMAP DRAM BW: 32.000 words/cycle

Running Layer 551
Total cycles: 1045
Compute cycles: 579
Stall cycles: 0
Overall utilization: 4.40%
Mapping efficiency: 12.50%
Average IFMAP SRAM BW: 1.409 words/cycle
Average Filter SRAM BW: 0.884 words/cycle
Average OFMAP SRAM BW: 11.275 words/cycle
Average IFMAP DRAM BW: 0.776 words/cycle
Average Filter DRAM BW: 1.947 words/cycle
Average OFMAP DRAM BW: 32.000 words/cycle

Running Layer 552
Total cycles: 653
Compute cycles: 289
Stall cycles: 0
Overall utilization: 8.82%
Mapping efficiency: 25.00%
Average IFMAP SRAM BW: 2.824 words/cycle
Average Filter SRAM BW: 1.772 words/cycle
Average OFMAP SRAM BW: 11.294 words/cycle
Average IFMAP DRAM BW: 1.551 words/cycle
Average Filter DRAM BW: 1.947 words/cycle
Average OFMAP DRAM BW: 32.000 words/cycle

Running Layer 553
Total cycles: 1045
Compute cycles: 579
Stall cycles: 0
Overall utilization: 8.81%
Mapping efficiency: 25.00%
Average IFMAP SRAM BW: 2.819 words/cycle
Average Filter SRAM BW: 1.769 words/cycle
Average OFMAP SRAM BW: 11.275 words/cycle
Average IFMAP DRAM BW: 1.551 words/cycle
Average Filter DRAM BW: 3.894 words/cycle
Average OFMAP DRAM BW: 32.000 words/cycle

Running Layer 554
Total cycles: 653
Compute cycles: 289
Stall cycles: 0
Overall utilization: 17.65%
Mapping efficiency: 50.00%
Average IFMAP SRAM BW: 5.647 words/cycle
Average Filter SRAM BW: 3.543 words/cycle
Average OFMAP SRAM BW: 11.294 words/cycle
Average IFMAP DRAM BW: 3.103 words/cycle
Average Filter DRAM BW: 3.894 words/cycle
Average OFMAP DRAM BW: 32.000 words/cycle

Running Layer 555
Total cycles: 1045
Compute cycles: 579
Stall cycles: 0
Overall utilization: 17.62%
Mapping efficiency: 50.00%
Average IFMAP SRAM BW: 5.637 words/cycle
Average Filter SRAM BW: 3.537 words/cycle
Average OFMAP SRAM BW: 11.275 words/cycle
Average IFMAP DRAM BW: 3.103 words/cycle
Average Filter DRAM BW: 7.787 words/cycle
Average OFMAP DRAM BW: 32.000 words/cycle

Running Layer 556
Total cycles: 653
Compute cycles: 289
Stall cycles: 0
Overall utilization: 35.29%
Mapping efficiency: 100.00%
Average IFMAP SRAM BW: 11.294 words/cycle
Average Filter SRAM BW: 7.087 words/cycle
Average OFMAP SRAM BW: 11.294 words/cycle
Average IFMAP DRAM BW: 6.205 words/cycle
Average Filter DRAM BW: 7.787 words/cycle
Average OFMAP DRAM BW: 32.000 words/cycle

Running Layer 557
Total cycles: 1307
Compute cycles: 579
Stall cycles: 0
Overall utilization: 35.23%
Mapping efficiency: 100.00%
Average IFMAP SRAM BW: 11.275 words/cycle
Average Filter SRAM BW: 7.074 words/cycle
Average OFMAP SRAM BW: 11.275 words/cycle
Average IFMAP DRAM BW: 6.205 words/cycle
Average Filter DRAM BW: 7.802 words/cycle
Average OFMAP DRAM BW: 32.000 words/cycle

Running Layer 558
Total cycles: 1307
Compute cycles: 579
Stall cycles: 0
Overall utilization: 35.23%
Mapping efficiency: 100.00%
Average IFMAP SRAM BW: 11.275 words/cycle
Average Filter SRAM BW: 7.074 words/cycle
Average OFMAP SRAM BW: 11.275 words/cycle
Average IFMAP DRAM BW: 6.217 words/cycle
Average Filter DRAM BW: 7.802 words/cycle
Average OFMAP DRAM BW: 32.000 words/cycle

Running Layer 559
Total cycles: 2615
Compute cycles: 1159
Stall cycles: 0
Overall utilization: 35.20%
Mapping efficiency: 100.00%
Average IFMAP SRAM BW: 11.265 words/cycle
Average Filter SRAM BW: 7.068 words/cycle
Average OFMAP SRAM BW: 11.265 words/cycle
Average IFMAP DRAM BW: 6.217 words/cycle
Average Filter DRAM BW: 7.809 words/cycle
Average OFMAP DRAM BW: 32.000 words/cycle

Running Layer 560
Total cycles: 4969
Compute cycles: 2319
Stall cycles: 0
Overall utilization: 35.19%
Mapping efficiency: 100.00%
Average IFMAP SRAM BW: 11.260 words/cycle
Average Filter SRAM BW: 7.065 words/cycle
Average OFMAP SRAM BW: 11.260 words/cycle
Average IFMAP DRAM BW: 8.295 words/cycle
Average Filter DRAM BW: 8.929 words/cycle
Average OFMAP DRAM BW: 32.000 words/cycle

Running Layer 561
Total cycles: 657
Compute cycles: 291
Stall cycles: 0
Overall utilization: 4.47%
Mapping efficiency: 12.50%
Average IFMAP SRAM BW: 1.430 words/cycle
Average Filter SRAM BW: 0.880 words/cycle
Average OFMAP SRAM BW: 11.436 words/cycle
Average IFMAP DRAM BW: 0.791 words/cycle
Average Filter DRAM BW: 0.973 words/cycle
Average OFMAP DRAM BW: 32.000 words/cycle

Running Layer 562
Total cycles: 1053
Compute cycles: 583
Stall cycles: 0
Overall utilization: 4.46%
Mapping efficiency: 12.50%
Average IFMAP SRAM BW: 1.427 words/cycle
Average Filter SRAM BW: 0.878 words/cycle
Average OFMAP SRAM BW: 11.417 words/cycle
Average IFMAP DRAM BW: 0.791 words/cycle
Average Filter DRAM BW: 1.947 words/cycle
Average OFMAP DRAM BW: 32.000 words/cycle

Running Layer 563
Total cycles: 657
Compute cycles: 291
Stall cycles: 0
Overall utilization: 8.93%
Mapping efficiency: 25.00%
Average IFMAP SRAM BW: 2.859 words/cycle
Average Filter SRAM BW: 1.759 words/cycle
Average OFMAP SRAM BW: 11.436 words/cycle
Average IFMAP DRAM BW: 1.582 words/cycle
Average Filter DRAM BW: 1.947 words/cycle
Average OFMAP DRAM BW: 32.000 words/cycle

Running Layer 564
Total cycles: 1053
Compute cycles: 583
Stall cycles: 0
Overall utilization: 8.92%
Mapping efficiency: 25.00%
Average IFMAP SRAM BW: 2.854 words/cycle
Average Filter SRAM BW: 1.756 words/cycle
Average OFMAP SRAM BW: 11.417 words/cycle
Average IFMAP DRAM BW: 1.582 words/cycle
Average Filter DRAM BW: 3.894 words/cycle
Average OFMAP DRAM BW: 32.000 words/cycle

Running Layer 565
Total cycles: 657
Compute cycles: 291
Stall cycles: 0
Overall utilization: 17.87%
Mapping efficiency: 50.00%
Average IFMAP SRAM BW: 5.718 words/cycle
Average Filter SRAM BW: 3.519 words/cycle
Average OFMAP SRAM BW: 11.436 words/cycle
Average IFMAP DRAM BW: 3.163 words/cycle
Average Filter DRAM BW: 3.894 words/cycle
Average OFMAP DRAM BW: 32.000 words/cycle

Running Layer 566
Total cycles: 1053
Compute cycles: 583
Stall cycles: 0
Overall utilization: 17.84%
Mapping efficiency: 50.00%
Average IFMAP SRAM BW: 5.708 words/cycle
Average Filter SRAM BW: 3.513 words/cycle
Average OFMAP SRAM BW: 11.417 words/cycle
Average IFMAP DRAM BW: 3.163 words/cycle
Average Filter DRAM BW: 7.787 words/cycle
Average OFMAP DRAM BW: 32.000 words/cycle

Running Layer 567
Total cycles: 657
Compute cycles: 291
Stall cycles: 0
Overall utilization: 35.74%
Mapping efficiency: 100.00%
Average IFMAP SRAM BW: 11.436 words/cycle
Average Filter SRAM BW: 7.038 words/cycle
Average OFMAP SRAM BW: 11.436 words/cycle
Average IFMAP DRAM BW: 6.327 words/cycle
Average Filter DRAM BW: 7.787 words/cycle
Average OFMAP DRAM BW: 32.000 words/cycle

Running Layer 568
Total cycles: 1315
Compute cycles: 583
Stall cycles: 0
Overall utilization: 35.68%
Mapping efficiency: 100.00%
Average IFMAP SRAM BW: 11.417 words/cycle
Average Filter SRAM BW: 7.026 words/cycle
Average OFMAP SRAM BW: 11.417 words/cycle
Average IFMAP DRAM BW: 6.327 words/cycle
Average Filter DRAM BW: 7.802 words/cycle
Average OFMAP DRAM BW: 32.000 words/cycle

Running Layer 569
Total cycles: 1315
Compute cycles: 583
Stall cycles: 0
Overall utilization: 35.68%
Mapping efficiency: 100.00%
Average IFMAP SRAM BW: 11.417 words/cycle
Average Filter SRAM BW: 7.026 words/cycle
Average OFMAP SRAM BW: 11.417 words/cycle
Average IFMAP DRAM BW: 6.339 words/cycle
Average Filter DRAM BW: 7.802 words/cycle
Average OFMAP DRAM BW: 32.000 words/cycle

Running Layer 570
Total cycles: 2631
Compute cycles: 1167
Stall cycles: 0
Overall utilization: 35.65%
Mapping efficiency: 100.00%
Average IFMAP SRAM BW: 11.407 words/cycle
Average Filter SRAM BW: 7.020 words/cycle
Average OFMAP SRAM BW: 11.407 words/cycle
Average IFMAP DRAM BW: 6.339 words/cycle
Average Filter DRAM BW: 7.809 words/cycle
Average OFMAP DRAM BW: 32.000 words/cycle

Running Layer 571
Total cycles: 5001
Compute cycles: 2335
Stall cycles: 0
Overall utilization: 35.63%
Mapping efficiency: 100.00%
Average IFMAP SRAM BW: 11.402 words/cycle
Average Filter SRAM BW: 7.017 words/cycle
Average OFMAP SRAM BW: 11.402 words/cycle
Average IFMAP DRAM BW: 8.457 words/cycle
Average Filter DRAM BW: 8.929 words/cycle
Average OFMAP DRAM BW: 32.000 words/cycle

Running Layer 572
Total cycles: 661
Compute cycles: 293
Stall cycles: 0
Overall utilization: 4.52%
Mapping efficiency: 12.50%
Average IFMAP SRAM BW: 1.447 words/cycle
Average Filter SRAM BW: 0.874 words/cycle
Average OFMAP SRAM BW: 11.577 words/cycle
Average IFMAP DRAM BW: 0.806 words/cycle
Average Filter DRAM BW: 0.973 words/cycle
Average OFMAP DRAM BW: 32.000 words/cycle

Running Layer 573
Total cycles: 1061
Compute cycles: 587
Stall cycles: 0
Overall utilization: 4.51%
Mapping efficiency: 12.50%
Average IFMAP SRAM BW: 1.445 words/cycle
Average Filter SRAM BW: 0.872 words/cycle
Average OFMAP SRAM BW: 11.557 words/cycle
Average IFMAP DRAM BW: 0.806 words/cycle
Average Filter DRAM BW: 1.947 words/cycle
Average OFMAP DRAM BW: 32.000 words/cycle

Running Layer 574
Total cycles: 661
Compute cycles: 293
Stall cycles: 0
Overall utilization: 9.04%
Mapping efficiency: 25.00%
Average IFMAP SRAM BW: 2.894 words/cycle
Average Filter SRAM BW: 1.747 words/cycle
Average OFMAP SRAM BW: 11.577 words/cycle
Average IFMAP DRAM BW: 1.612 words/cycle
Average Filter DRAM BW: 1.947 words/cycle
Average OFMAP DRAM BW: 32.000 words/cycle

Running Layer 575
Total cycles: 1061
Compute cycles: 587
Stall cycles: 0
Overall utilization: 9.03%
Mapping efficiency: 25.00%
Average IFMAP SRAM BW: 2.889 words/cycle
Average Filter SRAM BW: 1.744 words/cycle
Average OFMAP SRAM BW: 11.557 words/cycle
Average IFMAP DRAM BW: 1.612 words/cycle
Average Filter DRAM BW: 3.894 words/cycle
Average OFMAP DRAM BW: 32.000 words/cycle

Running Layer 576
Total cycles: 661
Compute cycles: 293
Stall cycles: 0
Overall utilization: 18.09%
Mapping efficiency: 50.00%
Average IFMAP SRAM BW: 5.788 words/cycle
Average Filter SRAM BW: 3.495 words/cycle
Average OFMAP SRAM BW: 11.577 words/cycle
Average IFMAP DRAM BW: 3.224 words/cycle
Average Filter DRAM BW: 3.894 words/cycle
Average OFMAP DRAM BW: 32.000 words/cycle

Running Layer 577
Total cycles: 1061
Compute cycles: 587
Stall cycles: 0
Overall utilization: 18.06%
Mapping efficiency: 50.00%
Average IFMAP SRAM BW: 5.779 words/cycle
Average Filter SRAM BW: 3.489 words/cycle
Average OFMAP SRAM BW: 11.557 words/cycle
Average IFMAP DRAM BW: 3.224 words/cycle
Average Filter DRAM BW: 7.787 words/cycle
Average OFMAP DRAM BW: 32.000 words/cycle

Running Layer 578
Total cycles: 661
Compute cycles: 293
Stall cycles: 0
Overall utilization: 36.18%
Mapping efficiency: 100.00%
Average IFMAP SRAM BW: 11.577 words/cycle
Average Filter SRAM BW: 6.990 words/cycle
Average OFMAP SRAM BW: 11.577 words/cycle
Average IFMAP DRAM BW: 6.449 words/cycle
Average Filter DRAM BW: 7.787 words/cycle
Average OFMAP DRAM BW: 32.000 words/cycle

Running Layer 579
Total cycles: 1323
Compute cycles: 587
Stall cycles: 0
Overall utilization: 36.12%
Mapping efficiency: 100.00%
Average IFMAP SRAM BW: 11.557 words/cycle
Average Filter SRAM BW: 6.978 words/cycle
Average OFMAP SRAM BW: 11.557 words/cycle
Average IFMAP DRAM BW: 6.449 words/cycle
Average Filter DRAM BW: 7.802 words/cycle
Average OFMAP DRAM BW: 32.000 words/cycle

Running Layer 580
Total cycles: 1323
Compute cycles: 587
Stall cycles: 0
Overall utilization: 36.12%
Mapping efficiency: 100.00%
Average IFMAP SRAM BW: 11.557 words/cycle
Average Filter SRAM BW: 6.978 words/cycle
Average OFMAP SRAM BW: 11.557 words/cycle
Average IFMAP DRAM BW: 6.461 words/cycle
Average Filter DRAM BW: 7.802 words/cycle
Average OFMAP DRAM BW: 32.000 words/cycle

Running Layer 581
Total cycles: 2647
Compute cycles: 1175
Stall cycles: 0
Overall utilization: 36.09%
Mapping efficiency: 100.00%
Average IFMAP SRAM BW: 11.547 words/cycle
Average Filter SRAM BW: 6.972 words/cycle
Average OFMAP SRAM BW: 11.547 words/cycle
Average IFMAP DRAM BW: 6.461 words/cycle
Average Filter DRAM BW: 7.809 words/cycle
Average OFMAP DRAM BW: 32.000 words/cycle

Running Layer 582
Total cycles: 5033
Compute cycles: 2351
Stall cycles: 0
Overall utilization: 36.07%
Mapping efficiency: 100.00%
Average IFMAP SRAM BW: 11.542 words/cycle
Average Filter SRAM BW: 6.969 words/cycle
Average OFMAP SRAM BW: 11.542 words/cycle
Average IFMAP DRAM BW: 8.620 words/cycle
Average Filter DRAM BW: 8.929 words/cycle
Average OFMAP DRAM BW: 32.000 words/cycle

Running Layer 583
Total cycles: 665
Compute cycles: 295
Stall cycles: 0
Overall utilization: 4.58%
Mapping efficiency: 12.50%
Average IFMAP SRAM BW: 1.464 words/cycle
Average Filter SRAM BW: 0.868 words/cycle
Average OFMAP SRAM BW: 11.715 words/cycle
Average IFMAP DRAM BW: 0.821 words/cycle
Average Filter DRAM BW: 0.973 words/cycle
Average OFMAP DRAM BW: 32.000 words/cycle

Running Layer 584
Total cycles: 1069
Compute cycles: 591
Stall cycles: 0
Overall utilization: 4.57%
Mapping efficiency: 12.50%
Average IFMAP SRAM BW: 1.462 words/cycle
Average Filter SRAM BW: 0.866 words/cycle
Average OFMAP SRAM BW: 11.695 words/cycle
Average IFMAP DRAM BW: 0.821 words/cycle
Average Filter DRAM BW: 1.947 words/cycle
Average OFMAP DRAM BW: 32.000 words/cycle

Running Layer 585
Total cycles: 665
Compute cycles: 295
Stall cycles: 0
Overall utilization: 9.15%
Mapping efficiency: 25.00%
Average IFMAP SRAM BW: 2.929 words/cycle
Average Filter SRAM BW: 1.736 words/cycle
Average OFMAP SRAM BW: 11.715 words/cycle
Average IFMAP DRAM BW: 1.643 words/cycle
Average Filter DRAM BW: 1.947 words/cycle
Average OFMAP DRAM BW: 32.000 words/cycle

Running Layer 586
Total cycles: 1069
Compute cycles: 591
Stall cycles: 0
Overall utilization: 9.14%
Mapping efficiency: 25.00%
Average IFMAP SRAM BW: 2.924 words/cycle
Average Filter SRAM BW: 1.733 words/cycle
Average OFMAP SRAM BW: 11.695 words/cycle
Average IFMAP DRAM BW: 1.643 words/cycle
Average Filter DRAM BW: 3.894 words/cycle
Average OFMAP DRAM BW: 32.000 words/cycle

Running Layer 587
Total cycles: 665
Compute cycles: 295
Stall cycles: 0
Overall utilization: 18.31%
Mapping efficiency: 50.00%
Average IFMAP SRAM BW: 5.858 words/cycle
Average Filter SRAM BW: 3.471 words/cycle
Average OFMAP SRAM BW: 11.715 words/cycle
Average IFMAP DRAM BW: 3.285 words/cycle
Average Filter DRAM BW: 3.894 words/cycle
Average OFMAP DRAM BW: 32.000 words/cycle

Running Layer 588
Total cycles: 1069
Compute cycles: 591
Stall cycles: 0
Overall utilization: 18.27%
Mapping efficiency: 50.00%
Average IFMAP SRAM BW: 5.848 words/cycle
Average Filter SRAM BW: 3.465 words/cycle
Average OFMAP SRAM BW: 11.695 words/cycle
Average IFMAP DRAM BW: 3.285 words/cycle
Average Filter DRAM BW: 7.787 words/cycle
Average OFMAP DRAM BW: 32.000 words/cycle

Running Layer 589
Total cycles: 665
Compute cycles: 295
Stall cycles: 0
Overall utilization: 36.61%
Mapping efficiency: 100.00%
Average IFMAP SRAM BW: 11.715 words/cycle
Average Filter SRAM BW: 6.942 words/cycle
Average OFMAP SRAM BW: 11.715 words/cycle
Average IFMAP DRAM BW: 6.570 words/cycle
Average Filter DRAM BW: 7.787 words/cycle
Average OFMAP DRAM BW: 32.000 words/cycle

Running Layer 590
Total cycles: 1331
Compute cycles: 591
Stall cycles: 0
Overall utilization: 36.55%
Mapping efficiency: 100.00%
Average IFMAP SRAM BW: 11.695 words/cycle
Average Filter SRAM BW: 6.931 words/cycle
Average OFMAP SRAM BW: 11.695 words/cycle
Average IFMAP DRAM BW: 6.570 words/cycle
Average Filter DRAM BW: 7.802 words/cycle
Average OFMAP DRAM BW: 32.000 words/cycle

Running Layer 591
Total cycles: 1331
Compute cycles: 591
Stall cycles: 0
Overall utilization: 36.55%
Mapping efficiency: 100.00%
Average IFMAP SRAM BW: 11.695 words/cycle
Average Filter SRAM BW: 6.931 words/cycle
Average OFMAP SRAM BW: 11.695 words/cycle
Average IFMAP DRAM BW: 6.583 words/cycle
Average Filter DRAM BW: 7.802 words/cycle
Average OFMAP DRAM BW: 32.000 words/cycle

Running Layer 592
Total cycles: 2663
Compute cycles: 1183
Stall cycles: 0
Overall utilization: 36.52%
Mapping efficiency: 100.00%
Average IFMAP SRAM BW: 11.686 words/cycle
Average Filter SRAM BW: 6.925 words/cycle
Average OFMAP SRAM BW: 11.686 words/cycle
Average IFMAP DRAM BW: 6.583 words/cycle
Average Filter DRAM BW: 7.809 words/cycle
Average OFMAP DRAM BW: 32.000 words/cycle

Running Layer 593
Total cycles: 5065
Compute cycles: 2367
Stall cycles: 0
Overall utilization: 36.50%
Mapping efficiency: 100.00%
Average IFMAP SRAM BW: 11.681 words/cycle
Average Filter SRAM BW: 6.922 words/cycle
Average OFMAP SRAM BW: 11.681 words/cycle
Average IFMAP DRAM BW: 8.783 words/cycle
Average Filter DRAM BW: 8.929 words/cycle
Average OFMAP DRAM BW: 32.000 words/cycle

Running Layer 594
Total cycles: 669
Compute cycles: 297
Stall cycles: 0
Overall utilization: 4.63%
Mapping efficiency: 12.50%
Average IFMAP SRAM BW: 1.481 words/cycle
Average Filter SRAM BW: 0.862 words/cycle
Average OFMAP SRAM BW: 11.852 words/cycle
Average IFMAP DRAM BW: 0.837 words/cycle
Average Filter DRAM BW: 0.973 words/cycle
Average OFMAP DRAM BW: 32.000 words/cycle

Running Layer 595
Total cycles: 1077
Compute cycles: 595
Stall cycles: 0
Overall utilization: 4.62%
Mapping efficiency: 12.50%
Average IFMAP SRAM BW: 1.479 words/cycle
Average Filter SRAM BW: 0.861 words/cycle
Average OFMAP SRAM BW: 11.832 words/cycle
Average IFMAP DRAM BW: 0.837 words/cycle
Average Filter DRAM BW: 1.947 words/cycle
Average OFMAP DRAM BW: 32.000 words/cycle

Running Layer 596
Total cycles: 669
Compute cycles: 297
Stall cycles: 0
Overall utilization: 9.26%
Mapping efficiency: 25.00%
Average IFMAP SRAM BW: 2.963 words/cycle
Average Filter SRAM BW: 1.724 words/cycle
Average OFMAP SRAM BW: 11.852 words/cycle
Average IFMAP DRAM BW: 1.673 words/cycle
Average Filter DRAM BW: 1.947 words/cycle
Average OFMAP DRAM BW: 32.000 words/cycle

Running Layer 597
Total cycles: 1077
Compute cycles: 595
Stall cycles: 0
Overall utilization: 9.24%
Mapping efficiency: 25.00%
Average IFMAP SRAM BW: 2.958 words/cycle
Average Filter SRAM BW: 1.721 words/cycle
Average OFMAP SRAM BW: 11.832 words/cycle
Average IFMAP DRAM BW: 1.673 words/cycle
Average Filter DRAM BW: 3.894 words/cycle
Average OFMAP DRAM BW: 32.000 words/cycle

Running Layer 598
Total cycles: 669
Compute cycles: 297
Stall cycles: 0
Overall utilization: 18.52%
Mapping efficiency: 50.00%
Average IFMAP SRAM BW: 5.926 words/cycle
Average Filter SRAM BW: 3.448 words/cycle
Average OFMAP SRAM BW: 11.852 words/cycle
Average IFMAP DRAM BW: 3.346 words/cycle
Average Filter DRAM BW: 3.894 words/cycle
Average OFMAP DRAM BW: 32.000 words/cycle

Running Layer 599
Total cycles: 1077
Compute cycles: 595
Stall cycles: 0
Overall utilization: 18.49%
Mapping efficiency: 50.00%
Average IFMAP SRAM BW: 5.916 words/cycle
Average Filter SRAM BW: 3.442 words/cycle
Average OFMAP SRAM BW: 11.832 words/cycle
Average IFMAP DRAM BW: 3.346 words/cycle
Average Filter DRAM BW: 7.787 words/cycle
Average OFMAP DRAM BW: 32.000 words/cycle

Running Layer 600
Total cycles: 669
Compute cycles: 297
Stall cycles: 0
Overall utilization: 37.04%
Mapping efficiency: 100.00%
Average IFMAP SRAM BW: 11.852 words/cycle
Average Filter SRAM BW: 6.896 words/cycle
Average OFMAP SRAM BW: 11.852 words/cycle
Average IFMAP DRAM BW: 6.692 words/cycle
Average Filter DRAM BW: 7.787 words/cycle
Average OFMAP DRAM BW: 32.000 words/cycle

Running Layer 601
Total cycles: 1339
Compute cycles: 595
Stall cycles: 0
Overall utilization: 36.97%
Mapping efficiency: 100.00%
Average IFMAP SRAM BW: 11.832 words/cycle
Average Filter SRAM BW: 6.884 words/cycle
Average OFMAP SRAM BW: 11.832 words/cycle
Average IFMAP DRAM BW: 6.692 words/cycle
Average Filter DRAM BW: 7.802 words/cycle
Average OFMAP DRAM BW: 32.000 words/cycle

Running Layer 602
Total cycles: 1339
Compute cycles: 595
Stall cycles: 0
Overall utilization: 36.97%
Mapping efficiency: 100.00%
Average IFMAP SRAM BW: 11.832 words/cycle
Average Filter SRAM BW: 6.884 words/cycle
Average OFMAP SRAM BW: 11.832 words/cycle
Average IFMAP DRAM BW: 6.705 words/cycle
Average Filter DRAM BW: 7.802 words/cycle
Average OFMAP DRAM BW: 32.000 words/cycle

Running Layer 603
Total cycles: 2679
Compute cycles: 1191
Stall cycles: 0
Overall utilization: 36.94%
Mapping efficiency: 100.00%
Average IFMAP SRAM BW: 11.822 words/cycle
Average Filter SRAM BW: 6.878 words/cycle
Average OFMAP SRAM BW: 11.822 words/cycle
Average IFMAP DRAM BW: 6.705 words/cycle
Average Filter DRAM BW: 7.809 words/cycle
Average OFMAP DRAM BW: 32.000 words/cycle

Running Layer 604
Total cycles: 5097
Compute cycles: 2383
Stall cycles: 0
Overall utilization: 36.93%
Mapping efficiency: 100.00%
Average IFMAP SRAM BW: 11.817 words/cycle
Average Filter SRAM BW: 6.875 words/cycle
Average OFMAP SRAM BW: 11.817 words/cycle
Average IFMAP DRAM BW: 8.945 words/cycle
Average Filter DRAM BW: 8.929 words/cycle
Average OFMAP DRAM BW: 32.000 words/cycle

Running Layer 605
Total cycles: 673
Compute cycles: 299
Stall cycles: 0
Overall utilization: 4.68%
Mapping efficiency: 12.50%
Average IFMAP SRAM BW: 1.498 words/cycle
Average Filter SRAM BW: 0.856 words/cycle
Average OFMAP SRAM BW: 11.987 words/cycle
Average IFMAP DRAM BW: 0.852 words/cycle
Average Filter DRAM BW: 0.973 words/cycle
Average OFMAP DRAM BW: 32.000 words/cycle

Running Layer 606
Total cycles: 1085
Compute cycles: 599
Stall cycles: 0
Overall utilization: 4.67%
Mapping efficiency: 12.50%
Average IFMAP SRAM BW: 1.496 words/cycle
Average Filter SRAM BW: 0.855 words/cycle
Average OFMAP SRAM BW: 11.967 words/cycle
Average IFMAP DRAM BW: 0.852 words/cycle
Average Filter DRAM BW: 1.947 words/cycle
Average OFMAP DRAM BW: 32.000 words/cycle

Running Layer 607
Total cycles: 673
Compute cycles: 299
Stall cycles: 0
Overall utilization: 9.36%
Mapping efficiency: 25.00%
Average IFMAP SRAM BW: 2.997 words/cycle
Average Filter SRAM BW: 1.712 words/cycle
Average OFMAP SRAM BW: 11.987 words/cycle
Average IFMAP DRAM BW: 1.703 words/cycle
Average Filter DRAM BW: 1.947 words/cycle
Average OFMAP DRAM BW: 32.000 words/cycle

Running Layer 608
Total cycles: 1085
Compute cycles: 599
Stall cycles: 0
Overall utilization: 9.35%
Mapping efficiency: 25.00%
Average IFMAP SRAM BW: 2.992 words/cycle
Average Filter SRAM BW: 1.710 words/cycle
Average OFMAP SRAM BW: 11.967 words/cycle
Average IFMAP DRAM BW: 1.703 words/cycle
Average Filter DRAM BW: 3.894 words/cycle
Average OFMAP DRAM BW: 32.000 words/cycle

Running Layer 609
Total cycles: 673
Compute cycles: 299
Stall cycles: 0
Overall utilization: 18.73%
Mapping efficiency: 50.00%
Average IFMAP SRAM BW: 5.993 words/cycle
Average Filter SRAM BW: 3.425 words/cycle
Average OFMAP SRAM BW: 11.987 words/cycle
Average IFMAP DRAM BW: 3.407 words/cycle
Average Filter DRAM BW: 3.894 words/cycle
Average OFMAP DRAM BW: 32.000 words/cycle

Running Layer 610
Total cycles: 1085
Compute cycles: 599
Stall cycles: 0
Overall utilization: 18.70%
Mapping efficiency: 50.00%
Average IFMAP SRAM BW: 5.983 words/cycle
Average Filter SRAM BW: 3.419 words/cycle
Average OFMAP SRAM BW: 11.967 words/cycle
Average IFMAP DRAM BW: 3.407 words/cycle
Average Filter DRAM BW: 7.787 words/cycle
Average OFMAP DRAM BW: 32.000 words/cycle

Running Layer 611
Total cycles: 673
Compute cycles: 299
Stall cycles: 0
Overall utilization: 37.46%
Mapping efficiency: 100.00%
Average IFMAP SRAM BW: 11.987 words/cycle
Average Filter SRAM BW: 6.849 words/cycle
Average OFMAP SRAM BW: 11.987 words/cycle
Average IFMAP DRAM BW: 6.814 words/cycle
Average Filter DRAM BW: 7.787 words/cycle
Average OFMAP DRAM BW: 32.000 words/cycle

Running Layer 612
Total cycles: 1347
Compute cycles: 599
Stall cycles: 0
Overall utilization: 37.40%
Mapping efficiency: 100.00%
Average IFMAP SRAM BW: 11.967 words/cycle
Average Filter SRAM BW: 6.838 words/cycle
Average OFMAP SRAM BW: 11.967 words/cycle
Average IFMAP DRAM BW: 6.814 words/cycle
Average Filter DRAM BW: 7.802 words/cycle
Average OFMAP DRAM BW: 32.000 words/cycle

Running Layer 613
Total cycles: 1347
Compute cycles: 599
Stall cycles: 0
Overall utilization: 37.40%
Mapping efficiency: 100.00%
Average IFMAP SRAM BW: 11.967 words/cycle
Average Filter SRAM BW: 6.838 words/cycle
Average OFMAP SRAM BW: 11.967 words/cycle
Average IFMAP DRAM BW: 6.827 words/cycle
Average Filter DRAM BW: 7.802 words/cycle
Average OFMAP DRAM BW: 32.000 words/cycle

Running Layer 614
Total cycles: 2695
Compute cycles: 1199
Stall cycles: 0
Overall utilization: 37.36%
Mapping efficiency: 100.00%
Average IFMAP SRAM BW: 11.957 words/cycle
Average Filter SRAM BW: 6.832 words/cycle
Average OFMAP SRAM BW: 11.957 words/cycle
Average IFMAP DRAM BW: 6.827 words/cycle
Average Filter DRAM BW: 7.809 words/cycle
Average OFMAP DRAM BW: 32.000 words/cycle

Running Layer 615
Total cycles: 5129
Compute cycles: 2399
Stall cycles: 0
Overall utilization: 37.35%
Mapping efficiency: 100.00%
Average IFMAP SRAM BW: 11.952 words/cycle
Average Filter SRAM BW: 6.830 words/cycle
Average OFMAP SRAM BW: 11.952 words/cycle
Average IFMAP DRAM BW: 9.108 words/cycle
Average Filter DRAM BW: 8.929 words/cycle
Average OFMAP DRAM BW: 32.000 words/cycle

Running Layer 616
Total cycles: 677
Compute cycles: 301
Stall cycles: 0
Overall utilization: 4.73%
Mapping efficiency: 12.50%
Average IFMAP SRAM BW: 1.515 words/cycle
Average Filter SRAM BW: 0.850 words/cycle
Average OFMAP SRAM BW: 12.120 words/cycle
Average IFMAP DRAM BW: 0.867 words/cycle
Average Filter DRAM BW: 0.973 words/cycle
Average OFMAP DRAM BW: 32.000 words/cycle

Running Layer 617
Total cycles: 1093
Compute cycles: 603
Stall cycles: 0
Overall utilization: 4.73%
Mapping efficiency: 12.50%
Average IFMAP SRAM BW: 1.512 words/cycle
Average Filter SRAM BW: 0.849 words/cycle
Average OFMAP SRAM BW: 12.100 words/cycle
Average IFMAP DRAM BW: 0.867 words/cycle
Average Filter DRAM BW: 1.947 words/cycle
Average OFMAP DRAM BW: 32.000 words/cycle

Running Layer 618
Total cycles: 677
Compute cycles: 301
Stall cycles: 0
Overall utilization: 9.47%
Mapping efficiency: 25.00%
Average IFMAP SRAM BW: 3.030 words/cycle
Average Filter SRAM BW: 1.701 words/cycle
Average OFMAP SRAM BW: 12.120 words/cycle
Average IFMAP DRAM BW: 1.734 words/cycle
Average Filter DRAM BW: 1.947 words/cycle
Average OFMAP DRAM BW: 32.000 words/cycle

Running Layer 619
Total cycles: 1093
Compute cycles: 603
Stall cycles: 0
Overall utilization: 9.45%
Mapping efficiency: 25.00%
Average IFMAP SRAM BW: 3.025 words/cycle
Average Filter SRAM BW: 1.698 words/cycle
Average OFMAP SRAM BW: 12.100 words/cycle
Average IFMAP DRAM BW: 1.734 words/cycle
Average Filter DRAM BW: 3.894 words/cycle
Average OFMAP DRAM BW: 32.000 words/cycle

Running Layer 620
Total cycles: 677
Compute cycles: 301
Stall cycles: 0
Overall utilization: 18.94%
Mapping efficiency: 50.00%
Average IFMAP SRAM BW: 6.060 words/cycle
Average Filter SRAM BW: 3.402 words/cycle
Average OFMAP SRAM BW: 12.120 words/cycle
Average IFMAP DRAM BW: 3.468 words/cycle
Average Filter DRAM BW: 3.894 words/cycle
Average OFMAP DRAM BW: 32.000 words/cycle

Running Layer 621
Total cycles: 1093
Compute cycles: 603
Stall cycles: 0
Overall utilization: 18.91%
Mapping efficiency: 50.00%
Average IFMAP SRAM BW: 6.050 words/cycle
Average Filter SRAM BW: 3.396 words/cycle
Average OFMAP SRAM BW: 12.100 words/cycle
Average IFMAP DRAM BW: 3.468 words/cycle
Average Filter DRAM BW: 7.787 words/cycle
Average OFMAP DRAM BW: 32.000 words/cycle

Running Layer 622
Total cycles: 677
Compute cycles: 301
Stall cycles: 0
Overall utilization: 37.87%
Mapping efficiency: 100.00%
Average IFMAP SRAM BW: 12.120 words/cycle
Average Filter SRAM BW: 6.804 words/cycle
Average OFMAP SRAM BW: 12.120 words/cycle
Average IFMAP DRAM BW: 6.935 words/cycle
Average Filter DRAM BW: 7.787 words/cycle
Average OFMAP DRAM BW: 32.000 words/cycle

Running Layer 623
Total cycles: 1355
Compute cycles: 603
Stall cycles: 0
Overall utilization: 37.81%
Mapping efficiency: 100.00%
Average IFMAP SRAM BW: 12.100 words/cycle
Average Filter SRAM BW: 6.793 words/cycle
Average OFMAP SRAM BW: 12.100 words/cycle
Average IFMAP DRAM BW: 6.935 words/cycle
Average Filter DRAM BW: 7.802 words/cycle
Average OFMAP DRAM BW: 32.000 words/cycle

Running Layer 624
Total cycles: 1355
Compute cycles: 603
Stall cycles: 0
Overall utilization: 37.81%
Mapping efficiency: 100.00%
Average IFMAP SRAM BW: 12.100 words/cycle
Average Filter SRAM BW: 6.793 words/cycle
Average OFMAP SRAM BW: 12.100 words/cycle
Average IFMAP DRAM BW: 6.949 words/cycle
Average Filter DRAM BW: 7.802 words/cycle
Average OFMAP DRAM BW: 32.000 words/cycle

Running Layer 625
Total cycles: 2711
Compute cycles: 1207
Stall cycles: 0
Overall utilization: 37.78%
Mapping efficiency: 100.00%
Average IFMAP SRAM BW: 12.089 words/cycle
Average Filter SRAM BW: 6.787 words/cycle
Average OFMAP SRAM BW: 12.089 words/cycle
Average IFMAP DRAM BW: 6.949 words/cycle
Average Filter DRAM BW: 7.809 words/cycle
Average OFMAP DRAM BW: 32.000 words/cycle

Running Layer 626
Total cycles: 5161
Compute cycles: 2415
Stall cycles: 0
Overall utilization: 37.76%
Mapping efficiency: 100.00%
Average IFMAP SRAM BW: 12.084 words/cycle
Average Filter SRAM BW: 6.784 words/cycle
Average OFMAP SRAM BW: 12.084 words/cycle
Average IFMAP DRAM BW: 9.271 words/cycle
Average Filter DRAM BW: 8.929 words/cycle
Average OFMAP DRAM BW: 32.000 words/cycle

Running Layer 627
Total cycles: 681
Compute cycles: 303
Stall cycles: 0
Overall utilization: 4.79%
Mapping efficiency: 12.50%
Average IFMAP SRAM BW: 1.531 words/cycle
Average Filter SRAM BW: 0.845 words/cycle
Average OFMAP SRAM BW: 12.251 words/cycle
Average IFMAP DRAM BW: 0.882 words/cycle
Average Filter DRAM BW: 0.973 words/cycle
Average OFMAP DRAM BW: 32.000 words/cycle

Running Layer 628
Total cycles: 1101
Compute cycles: 607
Stall cycles: 0
Overall utilization: 4.78%
Mapping efficiency: 12.50%
Average IFMAP SRAM BW: 1.529 words/cycle
Average Filter SRAM BW: 0.843 words/cycle
Average OFMAP SRAM BW: 12.231 words/cycle
Average IFMAP DRAM BW: 0.882 words/cycle
Average Filter DRAM BW: 1.947 words/cycle
Average OFMAP DRAM BW: 32.000 words/cycle

Running Layer 629
Total cycles: 681
Compute cycles: 303
Stall cycles: 0
Overall utilization: 9.57%
Mapping efficiency: 25.00%
Average IFMAP SRAM BW: 3.063 words/cycle
Average Filter SRAM BW: 1.690 words/cycle
Average OFMAP SRAM BW: 12.251 words/cycle
Average IFMAP DRAM BW: 1.764 words/cycle
Average Filter DRAM BW: 1.947 words/cycle
Average OFMAP DRAM BW: 32.000 words/cycle

Running Layer 630
Total cycles: 1101
Compute cycles: 607
Stall cycles: 0
Overall utilization: 9.56%
Mapping efficiency: 25.00%
Average IFMAP SRAM BW: 3.058 words/cycle
Average Filter SRAM BW: 1.687 words/cycle
Average OFMAP SRAM BW: 12.231 words/cycle
Average IFMAP DRAM BW: 1.764 words/cycle
Average Filter DRAM BW: 3.894 words/cycle
Average OFMAP DRAM BW: 32.000 words/cycle

Running Layer 631
Total cycles: 681
Compute cycles: 303
Stall cycles: 0
Overall utilization: 19.14%
Mapping efficiency: 50.00%
Average IFMAP SRAM BW: 6.125 words/cycle
Average Filter SRAM BW: 3.380 words/cycle
Average OFMAP SRAM BW: 12.251 words/cycle
Average IFMAP DRAM BW: 3.529 words/cycle
Average Filter DRAM BW: 3.894 words/cycle
Average OFMAP DRAM BW: 32.000 words/cycle

Running Layer 632
Total cycles: 1101
Compute cycles: 607
Stall cycles: 0
Overall utilization: 19.11%
Mapping efficiency: 50.00%
Average IFMAP SRAM BW: 6.115 words/cycle
Average Filter SRAM BW: 3.374 words/cycle
Average OFMAP SRAM BW: 12.231 words/cycle
Average IFMAP DRAM BW: 3.529 words/cycle
Average Filter DRAM BW: 7.787 words/cycle
Average OFMAP DRAM BW: 32.000 words/cycle

Running Layer 633
Total cycles: 681
Compute cycles: 303
Stall cycles: 0
Overall utilization: 38.28%
Mapping efficiency: 100.00%
Average IFMAP SRAM BW: 12.251 words/cycle
Average Filter SRAM BW: 6.759 words/cycle
Average OFMAP SRAM BW: 12.251 words/cycle
Average IFMAP DRAM BW: 7.057 words/cycle
Average Filter DRAM BW: 7.787 words/cycle
Average OFMAP DRAM BW: 32.000 words/cycle

Running Layer 634
Total cycles: 1363
Compute cycles: 607
Stall cycles: 0
Overall utilization: 38.22%
Mapping efficiency: 100.00%
Average IFMAP SRAM BW: 12.231 words/cycle
Average Filter SRAM BW: 6.748 words/cycle
Average OFMAP SRAM BW: 12.231 words/cycle
Average IFMAP DRAM BW: 7.057 words/cycle
Average Filter DRAM BW: 7.802 words/cycle
Average OFMAP DRAM BW: 32.000 words/cycle

Running Layer 635
Total cycles: 1363
Compute cycles: 607
Stall cycles: 0
Overall utilization: 38.22%
Mapping efficiency: 100.00%
Average IFMAP SRAM BW: 12.231 words/cycle
Average Filter SRAM BW: 6.748 words/cycle
Average OFMAP SRAM BW: 12.231 words/cycle
Average IFMAP DRAM BW: 7.070 words/cycle
Average Filter DRAM BW: 7.802 words/cycle
Average OFMAP DRAM BW: 32.000 words/cycle

Running Layer 636
Total cycles: 2727
Compute cycles: 1215
Stall cycles: 0
Overall utilization: 38.19%
Mapping efficiency: 100.00%
Average IFMAP SRAM BW: 12.221 words/cycle
Average Filter SRAM BW: 6.742 words/cycle
Average OFMAP SRAM BW: 12.221 words/cycle
Average IFMAP DRAM BW: 7.070 words/cycle
Average Filter DRAM BW: 7.809 words/cycle
Average OFMAP DRAM BW: 32.000 words/cycle

Running Layer 637
Total cycles: 5193
Compute cycles: 2431
Stall cycles: 0
Overall utilization: 38.17%
Mapping efficiency: 100.00%
Average IFMAP SRAM BW: 12.216 words/cycle
Average Filter SRAM BW: 6.740 words/cycle
Average OFMAP SRAM BW: 12.216 words/cycle
Average IFMAP DRAM BW: 9.433 words/cycle
Average Filter DRAM BW: 8.929 words/cycle
Average OFMAP DRAM BW: 32.000 words/cycle

Running Layer 638
Total cycles: 685
Compute cycles: 305
Stall cycles: 0
Overall utilization: 4.84%
Mapping efficiency: 12.50%
Average IFMAP SRAM BW: 1.548 words/cycle
Average Filter SRAM BW: 0.839 words/cycle
Average OFMAP SRAM BW: 12.380 words/cycle
Average IFMAP DRAM BW: 0.897 words/cycle
Average Filter DRAM BW: 0.973 words/cycle
Average OFMAP DRAM BW: 32.000 words/cycle

Running Layer 639
Total cycles: 1109
Compute cycles: 611
Stall cycles: 0
Overall utilization: 4.83%
Mapping efficiency: 12.50%
Average IFMAP SRAM BW: 1.545 words/cycle
Average Filter SRAM BW: 0.838 words/cycle
Average OFMAP SRAM BW: 12.360 words/cycle
Average IFMAP DRAM BW: 0.897 words/cycle
Average Filter DRAM BW: 1.947 words/cycle
Average OFMAP DRAM BW: 32.000 words/cycle

Running Layer 640
Total cycles: 685
Compute cycles: 305
Stall cycles: 0
Overall utilization: 9.67%
Mapping efficiency: 25.00%
Average IFMAP SRAM BW: 3.095 words/cycle
Average Filter SRAM BW: 1.679 words/cycle
Average OFMAP SRAM BW: 12.380 words/cycle
Average IFMAP DRAM BW: 1.795 words/cycle
Average Filter DRAM BW: 1.947 words/cycle
Average OFMAP DRAM BW: 32.000 words/cycle

Running Layer 641
Total cycles: 1109
Compute cycles: 611
Stall cycles: 0
Overall utilization: 9.66%
Mapping efficiency: 25.00%
Average IFMAP SRAM BW: 3.090 words/cycle
Average Filter SRAM BW: 1.676 words/cycle
Average OFMAP SRAM BW: 12.360 words/cycle
Average IFMAP DRAM BW: 1.795 words/cycle
Average Filter DRAM BW: 3.894 words/cycle
Average OFMAP DRAM BW: 32.000 words/cycle

Running Layer 642
Total cycles: 685
Compute cycles: 305
Stall cycles: 0
Overall utilization: 19.34%
Mapping efficiency: 50.00%
Average IFMAP SRAM BW: 6.190 words/cycle
Average Filter SRAM BW: 3.357 words/cycle
Average OFMAP SRAM BW: 12.380 words/cycle
Average IFMAP DRAM BW: 3.589 words/cycle
Average Filter DRAM BW: 3.894 words/cycle
Average OFMAP DRAM BW: 32.000 words/cycle

Running Layer 643
Total cycles: 1109
Compute cycles: 611
Stall cycles: 0
Overall utilization: 19.31%
Mapping efficiency: 50.00%
Average IFMAP SRAM BW: 6.180 words/cycle
Average Filter SRAM BW: 3.352 words/cycle
Average OFMAP SRAM BW: 12.360 words/cycle
Average IFMAP DRAM BW: 3.589 words/cycle
Average Filter DRAM BW: 7.787 words/cycle
Average OFMAP DRAM BW: 32.000 words/cycle

Running Layer 644
Total cycles: 685
Compute cycles: 305
Stall cycles: 0
Overall utilization: 38.69%
Mapping efficiency: 100.00%
Average IFMAP SRAM BW: 12.380 words/cycle
Average Filter SRAM BW: 6.715 words/cycle
Average OFMAP SRAM BW: 12.380 words/cycle
Average IFMAP DRAM BW: 7.179 words/cycle
Average Filter DRAM BW: 7.787 words/cycle
Average OFMAP DRAM BW: 32.000 words/cycle

Running Layer 645
Total cycles: 1371
Compute cycles: 611
Stall cycles: 0
Overall utilization: 38.63%
Mapping efficiency: 100.00%
Average IFMAP SRAM BW: 12.360 words/cycle
Average Filter SRAM BW: 6.704 words/cycle
Average OFMAP SRAM BW: 12.360 words/cycle
Average IFMAP DRAM BW: 7.179 words/cycle
Average Filter DRAM BW: 7.802 words/cycle
Average OFMAP DRAM BW: 32.000 words/cycle

Running Layer 646
Total cycles: 1371
Compute cycles: 611
Stall cycles: 0
Overall utilization: 38.63%
Mapping efficiency: 100.00%
Average IFMAP SRAM BW: 12.360 words/cycle
Average Filter SRAM BW: 6.704 words/cycle
Average OFMAP SRAM BW: 12.360 words/cycle
Average IFMAP DRAM BW: 7.192 words/cycle
Average Filter DRAM BW: 7.802 words/cycle
Average OFMAP DRAM BW: 32.000 words/cycle

Running Layer 647
Total cycles: 2743
Compute cycles: 1223
Stall cycles: 0
Overall utilization: 38.59%
Mapping efficiency: 100.00%
Average IFMAP SRAM BW: 12.350 words/cycle
Average Filter SRAM BW: 6.698 words/cycle
Average OFMAP SRAM BW: 12.350 words/cycle
Average IFMAP DRAM BW: 7.192 words/cycle
Average Filter DRAM BW: 7.809 words/cycle
Average OFMAP DRAM BW: 32.000 words/cycle

Running Layer 648
Total cycles: 5225
Compute cycles: 2447
Stall cycles: 0
Overall utilization: 38.58%
Mapping efficiency: 100.00%
Average IFMAP SRAM BW: 12.345 words/cycle
Average Filter SRAM BW: 6.696 words/cycle
Average OFMAP SRAM BW: 12.345 words/cycle
Average IFMAP DRAM BW: 9.596 words/cycle
Average Filter DRAM BW: 8.929 words/cycle
Average OFMAP DRAM BW: 32.000 words/cycle

Running Layer 649
Total cycles: 689
Compute cycles: 307
Stall cycles: 0
Overall utilization: 4.89%
Mapping efficiency: 12.50%
Average IFMAP SRAM BW: 1.564 words/cycle
Average Filter SRAM BW: 0.834 words/cycle
Average OFMAP SRAM BW: 12.508 words/cycle
Average IFMAP DRAM BW: 0.913 words/cycle
Average Filter DRAM BW: 0.973 words/cycle
Average OFMAP DRAM BW: 32.000 words/cycle

Running Layer 650
Total cycles: 1117
Compute cycles: 615
Stall cycles: 0
Overall utilization: 4.88%
Mapping efficiency: 12.50%
Average IFMAP SRAM BW: 1.561 words/cycle
Average Filter SRAM BW: 0.833 words/cycle
Average OFMAP SRAM BW: 12.488 words/cycle
Average IFMAP DRAM BW: 0.913 words/cycle
Average Filter DRAM BW: 1.947 words/cycle
Average OFMAP DRAM BW: 32.000 words/cycle

Running Layer 651
Total cycles: 689
Compute cycles: 307
Stall cycles: 0
Overall utilization: 9.77%
Mapping efficiency: 25.00%
Average IFMAP SRAM BW: 3.127 words/cycle
Average Filter SRAM BW: 1.668 words/cycle
Average OFMAP SRAM BW: 12.508 words/cycle
Average IFMAP DRAM BW: 1.825 words/cycle
Average Filter DRAM BW: 1.947 words/cycle
Average OFMAP DRAM BW: 32.000 words/cycle

Running Layer 652
Total cycles: 1117
Compute cycles: 615
Stall cycles: 0
Overall utilization: 9.76%
Mapping efficiency: 25.00%
Average IFMAP SRAM BW: 3.122 words/cycle
Average Filter SRAM BW: 1.665 words/cycle
Average OFMAP SRAM BW: 12.488 words/cycle
Average IFMAP DRAM BW: 1.825 words/cycle
Average Filter DRAM BW: 3.894 words/cycle
Average OFMAP DRAM BW: 32.000 words/cycle

Running Layer 653
Total cycles: 689
Compute cycles: 307
Stall cycles: 0
Overall utilization: 19.54%
Mapping efficiency: 50.00%
Average IFMAP SRAM BW: 6.254 words/cycle
Average Filter SRAM BW: 3.336 words/cycle
Average OFMAP SRAM BW: 12.508 words/cycle
Average IFMAP DRAM BW: 3.650 words/cycle
Average Filter DRAM BW: 3.894 words/cycle
Average OFMAP DRAM BW: 32.000 words/cycle

Running Layer 654
Total cycles: 1117
Compute cycles: 615
Stall cycles: 0
Overall utilization: 19.51%
Mapping efficiency: 50.00%
Average IFMAP SRAM BW: 6.244 words/cycle
Average Filter SRAM BW: 3.330 words/cycle
Average OFMAP SRAM BW: 12.488 words/cycle
Average IFMAP DRAM BW: 3.650 words/cycle
Average Filter DRAM BW: 7.787 words/cycle
Average OFMAP DRAM BW: 32.000 words/cycle

Running Layer 655
Total cycles: 689
Compute cycles: 307
Stall cycles: 0
Overall utilization: 39.09%
Mapping efficiency: 100.00%
Average IFMAP SRAM BW: 12.508 words/cycle
Average Filter SRAM BW: 6.671 words/cycle
Average OFMAP SRAM BW: 12.508 words/cycle
Average IFMAP DRAM BW: 7.300 words/cycle
Average Filter DRAM BW: 7.787 words/cycle
Average OFMAP DRAM BW: 32.000 words/cycle

Running Layer 656
Total cycles: 1379
Compute cycles: 615
Stall cycles: 0
Overall utilization: 39.02%
Mapping efficiency: 100.00%
Average IFMAP SRAM BW: 12.488 words/cycle
Average Filter SRAM BW: 6.660 words/cycle
Average OFMAP SRAM BW: 12.488 words/cycle
Average IFMAP DRAM BW: 7.300 words/cycle
Average Filter DRAM BW: 7.802 words/cycle
Average OFMAP DRAM BW: 32.000 words/cycle

Running Layer 657
Total cycles: 1379
Compute cycles: 615
Stall cycles: 0
Overall utilization: 39.02%
Mapping efficiency: 100.00%
Average IFMAP SRAM BW: 12.488 words/cycle
Average Filter SRAM BW: 6.660 words/cycle
Average OFMAP SRAM BW: 12.488 words/cycle
Average IFMAP DRAM BW: 7.314 words/cycle
Average Filter DRAM BW: 7.802 words/cycle
Average OFMAP DRAM BW: 32.000 words/cycle

Running Layer 658
Total cycles: 2759
Compute cycles: 1231
Stall cycles: 0
Overall utilization: 38.99%
Mapping efficiency: 100.00%
Average IFMAP SRAM BW: 12.478 words/cycle
Average Filter SRAM BW: 6.655 words/cycle
Average OFMAP SRAM BW: 12.478 words/cycle
Average IFMAP DRAM BW: 7.314 words/cycle
Average Filter DRAM BW: 7.809 words/cycle
Average OFMAP DRAM BW: 32.000 words/cycle

Running Layer 659
Total cycles: 5257
Compute cycles: 2463
Stall cycles: 0
Overall utilization: 38.98%
Mapping efficiency: 100.00%
Average IFMAP SRAM BW: 12.473 words/cycle
Average Filter SRAM BW: 6.652 words/cycle
Average OFMAP SRAM BW: 12.473 words/cycle
Average IFMAP DRAM BW: 9.759 words/cycle
Average Filter DRAM BW: 8.929 words/cycle
Average OFMAP DRAM BW: 32.000 words/cycle

Running Layer 660
Total cycles: 693
Compute cycles: 309
Stall cycles: 0
Overall utilization: 4.94%
Mapping efficiency: 12.50%
Average IFMAP SRAM BW: 1.579 words/cycle
Average Filter SRAM BW: 0.828 words/cycle
Average OFMAP SRAM BW: 12.634 words/cycle
Average IFMAP DRAM BW: 0.928 words/cycle
Average Filter DRAM BW: 0.973 words/cycle
Average OFMAP DRAM BW: 32.000 words/cycle

Running Layer 661
Total cycles: 1125
Compute cycles: 619
Stall cycles: 0
Overall utilization: 4.93%
Mapping efficiency: 12.50%
Average IFMAP SRAM BW: 1.577 words/cycle
Average Filter SRAM BW: 0.827 words/cycle
Average OFMAP SRAM BW: 12.614 words/cycle
Average IFMAP DRAM BW: 0.928 words/cycle
Average Filter DRAM BW: 1.947 words/cycle
Average OFMAP DRAM BW: 32.000 words/cycle

Running Layer 662
Total cycles: 693
Compute cycles: 309
Stall cycles: 0
Overall utilization: 9.87%
Mapping efficiency: 25.00%
Average IFMAP SRAM BW: 3.159 words/cycle
Average Filter SRAM BW: 1.657 words/cycle
Average OFMAP SRAM BW: 12.634 words/cycle
Average IFMAP DRAM BW: 1.856 words/cycle
Average Filter DRAM BW: 1.947 words/cycle
Average OFMAP DRAM BW: 32.000 words/cycle

Running Layer 663
Total cycles: 1125
Compute cycles: 619
Stall cycles: 0
Overall utilization: 9.85%
Mapping efficiency: 25.00%
Average IFMAP SRAM BW: 3.153 words/cycle
Average Filter SRAM BW: 1.654 words/cycle
Average OFMAP SRAM BW: 12.614 words/cycle
Average IFMAP DRAM BW: 1.856 words/cycle
Average Filter DRAM BW: 3.894 words/cycle
Average OFMAP DRAM BW: 32.000 words/cycle

Running Layer 664
Total cycles: 693
Compute cycles: 309
Stall cycles: 0
Overall utilization: 19.74%
Mapping efficiency: 50.00%
Average IFMAP SRAM BW: 6.317 words/cycle
Average Filter SRAM BW: 3.314 words/cycle
Average OFMAP SRAM BW: 12.634 words/cycle
Average IFMAP DRAM BW: 3.711 words/cycle
Average Filter DRAM BW: 3.894 words/cycle
Average OFMAP DRAM BW: 32.000 words/cycle

Running Layer 665
Total cycles: 1125
Compute cycles: 619
Stall cycles: 0
Overall utilization: 19.71%
Mapping efficiency: 50.00%
Average IFMAP SRAM BW: 6.307 words/cycle
Average Filter SRAM BW: 3.309 words/cycle
Average OFMAP SRAM BW: 12.614 words/cycle
Average IFMAP DRAM BW: 3.711 words/cycle
Average Filter DRAM BW: 7.787 words/cycle
Average OFMAP DRAM BW: 32.000 words/cycle

Running Layer 666
Total cycles: 693
Compute cycles: 309
Stall cycles: 0
Overall utilization: 39.48%
Mapping efficiency: 100.00%
Average IFMAP SRAM BW: 12.634 words/cycle
Average Filter SRAM BW: 6.628 words/cycle
Average OFMAP SRAM BW: 12.634 words/cycle
Average IFMAP DRAM BW: 7.422 words/cycle
Average Filter DRAM BW: 7.787 words/cycle
Average OFMAP DRAM BW: 32.000 words/cycle

Running Layer 667
Total cycles: 1387
Compute cycles: 619
Stall cycles: 0
Overall utilization: 39.42%
Mapping efficiency: 100.00%
Average IFMAP SRAM BW: 12.614 words/cycle
Average Filter SRAM BW: 6.617 words/cycle
Average OFMAP SRAM BW: 12.614 words/cycle
Average IFMAP DRAM BW: 7.422 words/cycle
Average Filter DRAM BW: 7.802 words/cycle
Average OFMAP DRAM BW: 32.000 words/cycle

Running Layer 668
Total cycles: 1387
Compute cycles: 619
Stall cycles: 0
Overall utilization: 39.42%
Mapping efficiency: 100.00%
Average IFMAP SRAM BW: 12.614 words/cycle
Average Filter SRAM BW: 6.617 words/cycle
Average OFMAP SRAM BW: 12.614 words/cycle
Average IFMAP DRAM BW: 7.436 words/cycle
Average Filter DRAM BW: 7.802 words/cycle
Average OFMAP DRAM BW: 32.000 words/cycle

Running Layer 669
Total cycles: 2775
Compute cycles: 1239
Stall cycles: 0
Overall utilization: 39.39%
Mapping efficiency: 100.00%
Average IFMAP SRAM BW: 12.604 words/cycle
Average Filter SRAM BW: 6.612 words/cycle
Average OFMAP SRAM BW: 12.604 words/cycle
Average IFMAP DRAM BW: 7.436 words/cycle
Average Filter DRAM BW: 7.809 words/cycle
Average OFMAP DRAM BW: 32.000 words/cycle

Running Layer 670
Total cycles: 5289
Compute cycles: 2479
Stall cycles: 0
Overall utilization: 39.37%
Mapping efficiency: 100.00%
Average IFMAP SRAM BW: 12.599 words/cycle
Average Filter SRAM BW: 6.609 words/cycle
Average OFMAP SRAM BW: 12.599 words/cycle
Average IFMAP DRAM BW: 9.921 words/cycle
Average Filter DRAM BW: 8.929 words/cycle
Average OFMAP DRAM BW: 32.000 words/cycle

Running Layer 671
Total cycles: 697
Compute cycles: 311
Stall cycles: 0
Overall utilization: 4.98%
Mapping efficiency: 12.50%
Average IFMAP SRAM BW: 1.595 words/cycle
Average Filter SRAM BW: 0.823 words/cycle
Average OFMAP SRAM BW: 12.759 words/cycle
Average IFMAP DRAM BW: 0.943 words/cycle
Average Filter DRAM BW: 0.973 words/cycle
Average OFMAP DRAM BW: 32.000 words/cycle

Running Layer 672
Total cycles: 1133
Compute cycles: 623
Stall cycles: 0
Overall utilization: 4.98%
Mapping efficiency: 12.50%
Average IFMAP SRAM BW: 1.592 words/cycle
Average Filter SRAM BW: 0.822 words/cycle
Average OFMAP SRAM BW: 12.738 words/cycle
Average IFMAP DRAM BW: 0.943 words/cycle
Average Filter DRAM BW: 1.947 words/cycle
Average OFMAP DRAM BW: 32.000 words/cycle

Running Layer 673
Total cycles: 697
Compute cycles: 311
Stall cycles: 0
Overall utilization: 9.97%
Mapping efficiency: 25.00%
Average IFMAP SRAM BW: 3.190 words/cycle
Average Filter SRAM BW: 1.646 words/cycle
Average OFMAP SRAM BW: 12.759 words/cycle
Average IFMAP DRAM BW: 1.886 words/cycle
Average Filter DRAM BW: 1.947 words/cycle
Average OFMAP DRAM BW: 32.000 words/cycle

Running Layer 674
Total cycles: 1133
Compute cycles: 623
Stall cycles: 0
Overall utilization: 9.95%
Mapping efficiency: 25.00%
Average IFMAP SRAM BW: 3.185 words/cycle
Average Filter SRAM BW: 1.644 words/cycle
Average OFMAP SRAM BW: 12.738 words/cycle
Average IFMAP DRAM BW: 1.886 words/cycle
Average Filter DRAM BW: 3.894 words/cycle
Average OFMAP DRAM BW: 32.000 words/cycle

Running Layer 675
Total cycles: 697
Compute cycles: 311
Stall cycles: 0
Overall utilization: 19.94%
Mapping efficiency: 50.00%
Average IFMAP SRAM BW: 6.379 words/cycle
Average Filter SRAM BW: 3.293 words/cycle
Average OFMAP SRAM BW: 12.759 words/cycle
Average IFMAP DRAM BW: 3.772 words/cycle
Average Filter DRAM BW: 3.894 words/cycle
Average OFMAP DRAM BW: 32.000 words/cycle

Running Layer 676
Total cycles: 1133
Compute cycles: 623
Stall cycles: 0
Overall utilization: 19.90%
Mapping efficiency: 50.00%
Average IFMAP SRAM BW: 6.369 words/cycle
Average Filter SRAM BW: 3.287 words/cycle
Average OFMAP SRAM BW: 12.738 words/cycle
Average IFMAP DRAM BW: 3.772 words/cycle
Average Filter DRAM BW: 7.787 words/cycle
Average OFMAP DRAM BW: 32.000 words/cycle

Running Layer 677
Total cycles: 697
Compute cycles: 311
Stall cycles: 0
Overall utilization: 39.87%
Mapping efficiency: 100.00%
Average IFMAP SRAM BW: 12.759 words/cycle
Average Filter SRAM BW: 6.585 words/cycle
Average OFMAP SRAM BW: 12.759 words/cycle
Average IFMAP DRAM BW: 7.544 words/cycle
Average Filter DRAM BW: 7.787 words/cycle
Average OFMAP DRAM BW: 32.000 words/cycle

Running Layer 678
Total cycles: 1395
Compute cycles: 623
Stall cycles: 0
Overall utilization: 39.81%
Mapping efficiency: 100.00%
Average IFMAP SRAM BW: 12.738 words/cycle
Average Filter SRAM BW: 6.575 words/cycle
Average OFMAP SRAM BW: 12.738 words/cycle
Average IFMAP DRAM BW: 7.544 words/cycle
Average Filter DRAM BW: 7.802 words/cycle
Average OFMAP DRAM BW: 32.000 words/cycle

Running Layer 679
Total cycles: 1395
Compute cycles: 623
Stall cycles: 0
Overall utilization: 39.81%
Mapping efficiency: 100.00%
Average IFMAP SRAM BW: 12.738 words/cycle
Average Filter SRAM BW: 6.575 words/cycle
Average OFMAP SRAM BW: 12.738 words/cycle
Average IFMAP DRAM BW: 7.558 words/cycle
Average Filter DRAM BW: 7.802 words/cycle
Average OFMAP DRAM BW: 32.000 words/cycle

Running Layer 680
Total cycles: 2791
Compute cycles: 1247
Stall cycles: 0
Overall utilization: 39.78%
Mapping efficiency: 100.00%
Average IFMAP SRAM BW: 12.728 words/cycle
Average Filter SRAM BW: 6.569 words/cycle
Average OFMAP SRAM BW: 12.728 words/cycle
Average IFMAP DRAM BW: 7.558 words/cycle
Average Filter DRAM BW: 7.809 words/cycle
Average OFMAP DRAM BW: 32.000 words/cycle

Running Layer 681
Total cycles: 5321
Compute cycles: 2495
Stall cycles: 0
Overall utilization: 39.76%
Mapping efficiency: 100.00%
Average IFMAP SRAM BW: 12.723 words/cycle
Average Filter SRAM BW: 6.567 words/cycle
Average OFMAP SRAM BW: 12.723 words/cycle
Average IFMAP DRAM BW: 7.565 words/cycle
Average Filter DRAM BW: 8.929 words/cycle
Average OFMAP DRAM BW: 32.000 words/cycle

Running Layer 682
Total cycles: 701
Compute cycles: 313
Stall cycles: 0
Overall utilization: 5.03%
Mapping efficiency: 12.50%
Average IFMAP SRAM BW: 1.610 words/cycle
Average Filter SRAM BW: 0.818 words/cycle
Average OFMAP SRAM BW: 12.882 words/cycle
Average IFMAP DRAM BW: 0.958 words/cycle
Average Filter DRAM BW: 0.973 words/cycle
Average OFMAP DRAM BW: 32.000 words/cycle

Running Layer 683
Total cycles: 1141
Compute cycles: 627
Stall cycles: 0
Overall utilization: 5.02%
Mapping efficiency: 12.50%
Average IFMAP SRAM BW: 1.608 words/cycle
Average Filter SRAM BW: 0.817 words/cycle
Average OFMAP SRAM BW: 12.861 words/cycle
Average IFMAP DRAM BW: 0.958 words/cycle
Average Filter DRAM BW: 1.947 words/cycle
Average OFMAP DRAM BW: 32.000 words/cycle

Running Layer 684
Total cycles: 701
Compute cycles: 313
Stall cycles: 0
Overall utilization: 10.06%
Mapping efficiency: 25.00%
Average IFMAP SRAM BW: 3.220 words/cycle
Average Filter SRAM BW: 1.636 words/cycle
Average OFMAP SRAM BW: 12.882 words/cycle
Average IFMAP DRAM BW: 1.916 words/cycle
Average Filter DRAM BW: 1.947 words/cycle
Average OFMAP DRAM BW: 32.000 words/cycle

Running Layer 685
Total cycles: 1141
Compute cycles: 627
Stall cycles: 0
Overall utilization: 10.05%
Mapping efficiency: 25.00%
Average IFMAP SRAM BW: 3.215 words/cycle
Average Filter SRAM BW: 1.633 words/cycle
Average OFMAP SRAM BW: 12.861 words/cycle
Average IFMAP DRAM BW: 1.916 words/cycle
Average Filter DRAM BW: 3.894 words/cycle
Average OFMAP DRAM BW: 32.000 words/cycle

Running Layer 686
Total cycles: 701
Compute cycles: 313
Stall cycles: 0
Overall utilization: 20.13%
Mapping efficiency: 50.00%
Average IFMAP SRAM BW: 6.441 words/cycle
Average Filter SRAM BW: 3.272 words/cycle
Average OFMAP SRAM BW: 12.882 words/cycle
Average IFMAP DRAM BW: 3.833 words/cycle
Average Filter DRAM BW: 3.894 words/cycle
Average OFMAP DRAM BW: 32.000 words/cycle

Running Layer 687
Total cycles: 1141
Compute cycles: 627
Stall cycles: 0
Overall utilization: 20.10%
Mapping efficiency: 50.00%
Average IFMAP SRAM BW: 6.431 words/cycle
Average Filter SRAM BW: 3.266 words/cycle
Average OFMAP SRAM BW: 12.861 words/cycle
Average IFMAP DRAM BW: 3.833 words/cycle
Average Filter DRAM BW: 7.787 words/cycle
Average OFMAP DRAM BW: 32.000 words/cycle

Running Layer 688
Total cycles: 701
Compute cycles: 313
Stall cycles: 0
Overall utilization: 40.26%
Mapping efficiency: 100.00%
Average IFMAP SRAM BW: 12.882 words/cycle
Average Filter SRAM BW: 6.543 words/cycle
Average OFMAP SRAM BW: 12.882 words/cycle
Average IFMAP DRAM BW: 7.665 words/cycle
Average Filter DRAM BW: 7.787 words/cycle
Average OFMAP DRAM BW: 32.000 words/cycle

Running Layer 689
Total cycles: 1403
Compute cycles: 627
Stall cycles: 0
Overall utilization: 40.19%
Mapping efficiency: 100.00%
Average IFMAP SRAM BW: 12.861 words/cycle
Average Filter SRAM BW: 6.533 words/cycle
Average OFMAP SRAM BW: 12.861 words/cycle
Average IFMAP DRAM BW: 7.665 words/cycle
Average Filter DRAM BW: 7.802 words/cycle
Average OFMAP DRAM BW: 32.000 words/cycle

Running Layer 690
Total cycles: 1403
Compute cycles: 627
Stall cycles: 0
Overall utilization: 40.19%
Mapping efficiency: 100.00%
Average IFMAP SRAM BW: 12.861 words/cycle
Average Filter SRAM BW: 6.533 words/cycle
Average OFMAP SRAM BW: 12.861 words/cycle
Average IFMAP DRAM BW: 7.680 words/cycle
Average Filter DRAM BW: 7.802 words/cycle
Average OFMAP DRAM BW: 32.000 words/cycle

Running Layer 691
Total cycles: 2807
Compute cycles: 1255
Stall cycles: 0
Overall utilization: 40.16%
Mapping efficiency: 100.00%
Average IFMAP SRAM BW: 12.851 words/cycle
Average Filter SRAM BW: 6.527 words/cycle
Average OFMAP SRAM BW: 12.851 words/cycle
Average IFMAP DRAM BW: 7.680 words/cycle
Average Filter DRAM BW: 7.809 words/cycle
Average OFMAP DRAM BW: 32.000 words/cycle

Running Layer 692
Total cycles: 5353
Compute cycles: 2511
Stall cycles: 0
Overall utilization: 40.14%
Mapping efficiency: 100.00%
Average IFMAP SRAM BW: 12.846 words/cycle
Average Filter SRAM BW: 6.525 words/cycle
Average OFMAP SRAM BW: 12.846 words/cycle
Average IFMAP DRAM BW: 7.687 words/cycle
Average Filter DRAM BW: 8.929 words/cycle
Average OFMAP DRAM BW: 32.000 words/cycle

Running Layer 693
Total cycles: 705
Compute cycles: 315
Stall cycles: 0
Overall utilization: 5.08%
Mapping efficiency: 12.50%
Average IFMAP SRAM BW: 1.625 words/cycle
Average Filter SRAM BW: 0.813 words/cycle
Average OFMAP SRAM BW: 13.003 words/cycle
Average IFMAP DRAM BW: 0.973 words/cycle
Average Filter DRAM BW: 0.973 words/cycle
Average OFMAP DRAM BW: 32.000 words/cycle

Running Layer 694
Total cycles: 1149
Compute cycles: 631
Stall cycles: 0
Overall utilization: 5.07%
Mapping efficiency: 12.50%
Average IFMAP SRAM BW: 1.623 words/cycle
Average Filter SRAM BW: 0.811 words/cycle
Average OFMAP SRAM BW: 12.983 words/cycle
Average IFMAP DRAM BW: 0.973 words/cycle
Average Filter DRAM BW: 1.947 words/cycle
Average OFMAP DRAM BW: 32.000 words/cycle

Running Layer 695
Total cycles: 705
Compute cycles: 315
Stall cycles: 0
Overall utilization: 10.16%
Mapping efficiency: 25.00%
Average IFMAP SRAM BW: 3.251 words/cycle
Average Filter SRAM BW: 1.625 words/cycle
Average OFMAP SRAM BW: 13.003 words/cycle
Average IFMAP DRAM BW: 1.947 words/cycle
Average Filter DRAM BW: 1.947 words/cycle
Average OFMAP DRAM BW: 32.000 words/cycle

Running Layer 696
Total cycles: 1149
Compute cycles: 631
Stall cycles: 0
Overall utilization: 10.14%
Mapping efficiency: 25.00%
Average IFMAP SRAM BW: 3.246 words/cycle
Average Filter SRAM BW: 1.623 words/cycle
Average OFMAP SRAM BW: 12.983 words/cycle
Average IFMAP DRAM BW: 1.947 words/cycle
Average Filter DRAM BW: 3.894 words/cycle
Average OFMAP DRAM BW: 32.000 words/cycle

Running Layer 697
Total cycles: 705
Compute cycles: 315
Stall cycles: 0
Overall utilization: 20.32%
Mapping efficiency: 50.00%
Average IFMAP SRAM BW: 6.502 words/cycle
Average Filter SRAM BW: 3.251 words/cycle
Average OFMAP SRAM BW: 13.003 words/cycle
Average IFMAP DRAM BW: 3.894 words/cycle
Average Filter DRAM BW: 3.894 words/cycle
Average OFMAP DRAM BW: 32.000 words/cycle

Running Layer 698
Total cycles: 1149
Compute cycles: 631
Stall cycles: 0
Overall utilization: 20.29%
Mapping efficiency: 50.00%
Average IFMAP SRAM BW: 6.491 words/cycle
Average Filter SRAM BW: 3.246 words/cycle
Average OFMAP SRAM BW: 12.983 words/cycle
Average IFMAP DRAM BW: 3.894 words/cycle
Average Filter DRAM BW: 7.787 words/cycle
Average OFMAP DRAM BW: 32.000 words/cycle

Running Layer 699
Total cycles: 705
Compute cycles: 315
Stall cycles: 0
Overall utilization: 40.63%
Mapping efficiency: 100.00%
Average IFMAP SRAM BW: 13.003 words/cycle
Average Filter SRAM BW: 6.502 words/cycle
Average OFMAP SRAM BW: 13.003 words/cycle
Average IFMAP DRAM BW: 7.787 words/cycle
Average Filter DRAM BW: 7.787 words/cycle
Average OFMAP DRAM BW: 32.000 words/cycle

Running Layer 700
Total cycles: 1411
Compute cycles: 631
Stall cycles: 0
Overall utilization: 40.57%
Mapping efficiency: 100.00%
Average IFMAP SRAM BW: 12.983 words/cycle
Average Filter SRAM BW: 6.491 words/cycle
Average OFMAP SRAM BW: 12.983 words/cycle
Average IFMAP DRAM BW: 7.787 words/cycle
Average Filter DRAM BW: 7.802 words/cycle
Average OFMAP DRAM BW: 32.000 words/cycle

Running Layer 701
Total cycles: 1411
Compute cycles: 631
Stall cycles: 0
Overall utilization: 40.57%
Mapping efficiency: 100.00%
Average IFMAP SRAM BW: 12.983 words/cycle
Average Filter SRAM BW: 6.491 words/cycle
Average OFMAP SRAM BW: 12.983 words/cycle
Average IFMAP DRAM BW: 7.802 words/cycle
Average Filter DRAM BW: 7.802 words/cycle
Average OFMAP DRAM BW: 32.000 words/cycle

Running Layer 702
Total cycles: 2823
Compute cycles: 1263
Stall cycles: 0
Overall utilization: 40.54%
Mapping efficiency: 100.00%
Average IFMAP SRAM BW: 12.972 words/cycle
Average Filter SRAM BW: 6.486 words/cycle
Average OFMAP SRAM BW: 12.972 words/cycle
Average IFMAP DRAM BW: 7.802 words/cycle
Average Filter DRAM BW: 7.809 words/cycle
Average OFMAP DRAM BW: 32.000 words/cycle

Running Layer 703
Total cycles: 5385
Compute cycles: 2527
Stall cycles: 0
Overall utilization: 40.52%
Mapping efficiency: 100.00%
Average IFMAP SRAM BW: 12.967 words/cycle
Average Filter SRAM BW: 6.484 words/cycle
Average OFMAP SRAM BW: 12.967 words/cycle
Average IFMAP DRAM BW: 7.809 words/cycle
Average Filter DRAM BW: 8.929 words/cycle
Average OFMAP DRAM BW: 32.000 words/cycle

Running Layer 704
Total cycles: 709
Compute cycles: 317
Stall cycles: 0
Overall utilization: 5.13%
Mapping efficiency: 12.50%
Average IFMAP SRAM BW: 1.640 words/cycle
Average Filter SRAM BW: 0.808 words/cycle
Average OFMAP SRAM BW: 13.123 words/cycle
Average IFMAP DRAM BW: 0.989 words/cycle
Average Filter DRAM BW: 0.973 words/cycle
Average OFMAP DRAM BW: 32.000 words/cycle

Running Layer 705
Total cycles: 1157
Compute cycles: 635
Stall cycles: 0
Overall utilization: 5.12%
Mapping efficiency: 12.50%
Average IFMAP SRAM BW: 1.638 words/cycle
Average Filter SRAM BW: 0.806 words/cycle
Average OFMAP SRAM BW: 13.102 words/cycle
Average IFMAP DRAM BW: 0.989 words/cycle
Average Filter DRAM BW: 1.947 words/cycle
Average OFMAP DRAM BW: 32.000 words/cycle

Running Layer 706
Total cycles: 709
Compute cycles: 317
Stall cycles: 0
Overall utilization: 10.25%
Mapping efficiency: 25.00%
Average IFMAP SRAM BW: 3.281 words/cycle
Average Filter SRAM BW: 1.615 words/cycle
Average OFMAP SRAM BW: 13.123 words/cycle
Average IFMAP DRAM BW: 1.977 words/cycle
Average Filter DRAM BW: 1.947 words/cycle
Average OFMAP DRAM BW: 32.000 words/cycle

Running Layer 707
Total cycles: 1157
Compute cycles: 635
Stall cycles: 0
Overall utilization: 10.24%
Mapping efficiency: 25.00%
Average IFMAP SRAM BW: 3.276 words/cycle
Average Filter SRAM BW: 1.613 words/cycle
Average OFMAP SRAM BW: 13.102 words/cycle
Average IFMAP DRAM BW: 1.977 words/cycle
Average Filter DRAM BW: 3.894 words/cycle
Average OFMAP DRAM BW: 32.000 words/cycle

Running Layer 708
Total cycles: 709
Compute cycles: 317
Stall cycles: 0
Overall utilization: 20.50%
Mapping efficiency: 50.00%
Average IFMAP SRAM BW: 6.562 words/cycle
Average Filter SRAM BW: 3.230 words/cycle
Average OFMAP SRAM BW: 13.123 words/cycle
Average IFMAP DRAM BW: 3.954 words/cycle
Average Filter DRAM BW: 3.894 words/cycle
Average OFMAP DRAM BW: 32.000 words/cycle

Running Layer 709
Total cycles: 1157
Compute cycles: 635
Stall cycles: 0
Overall utilization: 20.47%
Mapping efficiency: 50.00%
Average IFMAP SRAM BW: 6.551 words/cycle
Average Filter SRAM BW: 3.225 words/cycle
Average OFMAP SRAM BW: 13.102 words/cycle
Average IFMAP DRAM BW: 3.954 words/cycle
Average Filter DRAM BW: 7.787 words/cycle
Average OFMAP DRAM BW: 32.000 words/cycle

Running Layer 710
Total cycles: 709
Compute cycles: 317
Stall cycles: 0
Overall utilization: 41.01%
Mapping efficiency: 100.00%
Average IFMAP SRAM BW: 13.123 words/cycle
Average Filter SRAM BW: 6.461 words/cycle
Average OFMAP SRAM BW: 13.123 words/cycle
Average IFMAP DRAM BW: 7.909 words/cycle
Average Filter DRAM BW: 7.787 words/cycle
Average OFMAP DRAM BW: 32.000 words/cycle

Running Layer 711
Total cycles: 1419
Compute cycles: 635
Stall cycles: 0
Overall utilization: 40.94%
Mapping efficiency: 100.00%
Average IFMAP SRAM BW: 13.102 words/cycle
Average Filter SRAM BW: 6.450 words/cycle
Average OFMAP SRAM BW: 13.102 words/cycle
Average IFMAP DRAM BW: 7.909 words/cycle
Average Filter DRAM BW: 7.802 words/cycle
Average OFMAP DRAM BW: 32.000 words/cycle

Running Layer 712
Total cycles: 1419
Compute cycles: 635
Stall cycles: 0
Overall utilization: 40.94%
Mapping efficiency: 100.00%
Average IFMAP SRAM BW: 13.102 words/cycle
Average Filter SRAM BW: 6.450 words/cycle
Average OFMAP SRAM BW: 13.102 words/cycle
Average IFMAP DRAM BW: 7.924 words/cycle
Average Filter DRAM BW: 7.802 words/cycle
Average OFMAP DRAM BW: 32.000 words/cycle

Running Layer 713
Total cycles: 2839
Compute cycles: 1271
Stall cycles: 0
Overall utilization: 40.91%
Mapping efficiency: 100.00%
Average IFMAP SRAM BW: 13.092 words/cycle
Average Filter SRAM BW: 6.445 words/cycle
Average OFMAP SRAM BW: 13.092 words/cycle
Average IFMAP DRAM BW: 7.924 words/cycle
Average Filter DRAM BW: 7.809 words/cycle
Average OFMAP DRAM BW: 32.000 words/cycle

Running Layer 714
Total cycles: 5417
Compute cycles: 2543
Stall cycles: 0
Overall utilization: 40.90%
Mapping efficiency: 100.00%
Average IFMAP SRAM BW: 13.087 words/cycle
Average Filter SRAM BW: 6.443 words/cycle
Average OFMAP SRAM BW: 13.087 words/cycle
Average IFMAP DRAM BW: 7.931 words/cycle
Average Filter DRAM BW: 8.929 words/cycle
Average OFMAP DRAM BW: 32.000 words/cycle

Running Layer 715
Total cycles: 713
Compute cycles: 319
Stall cycles: 0
Overall utilization: 5.17%
Mapping efficiency: 12.50%
Average IFMAP SRAM BW: 1.655 words/cycle
Average Filter SRAM BW: 0.803 words/cycle
Average OFMAP SRAM BW: 13.241 words/cycle
Average IFMAP DRAM BW: 1.004 words/cycle
Average Filter DRAM BW: 0.973 words/cycle
Average OFMAP DRAM BW: 32.000 words/cycle

Running Layer 716
Total cycles: 1165
Compute cycles: 639
Stall cycles: 0
Overall utilization: 5.16%
Mapping efficiency: 12.50%
Average IFMAP SRAM BW: 1.653 words/cycle
Average Filter SRAM BW: 0.801 words/cycle
Average OFMAP SRAM BW: 13.221 words/cycle
Average IFMAP DRAM BW: 1.004 words/cycle
Average Filter DRAM BW: 1.947 words/cycle
Average OFMAP DRAM BW: 32.000 words/cycle

Running Layer 717
Total cycles: 713
Compute cycles: 319
Stall cycles: 0
Overall utilization: 10.34%
Mapping efficiency: 25.00%
Average IFMAP SRAM BW: 3.310 words/cycle
Average Filter SRAM BW: 1.605 words/cycle
Average OFMAP SRAM BW: 13.241 words/cycle
Average IFMAP DRAM BW: 2.008 words/cycle
Average Filter DRAM BW: 1.947 words/cycle
Average OFMAP DRAM BW: 32.000 words/cycle

Running Layer 718
Total cycles: 1165
Compute cycles: 639
Stall cycles: 0
Overall utilization: 10.33%
Mapping efficiency: 25.00%
Average IFMAP SRAM BW: 3.305 words/cycle
Average Filter SRAM BW: 1.603 words/cycle
Average OFMAP SRAM BW: 13.221 words/cycle
Average IFMAP DRAM BW: 2.008 words/cycle
Average Filter DRAM BW: 3.894 words/cycle
Average OFMAP DRAM BW: 32.000 words/cycle

Running Layer 719
Total cycles: 713
Compute cycles: 319
Stall cycles: 0
Overall utilization: 20.69%
Mapping efficiency: 50.00%
Average IFMAP SRAM BW: 6.621 words/cycle
Average Filter SRAM BW: 3.210 words/cycle
Average OFMAP SRAM BW: 13.241 words/cycle
Average IFMAP DRAM BW: 4.015 words/cycle
Average Filter DRAM BW: 3.894 words/cycle
Average OFMAP DRAM BW: 32.000 words/cycle

Running Layer 720
Total cycles: 1165
Compute cycles: 639
Stall cycles: 0
Overall utilization: 20.66%
Mapping efficiency: 50.00%
Average IFMAP SRAM BW: 6.610 words/cycle
Average Filter SRAM BW: 3.205 words/cycle
Average OFMAP SRAM BW: 13.221 words/cycle
Average IFMAP DRAM BW: 4.015 words/cycle
Average Filter DRAM BW: 7.787 words/cycle
Average OFMAP DRAM BW: 32.000 words/cycle

Running Layer 721
Total cycles: 713
Compute cycles: 319
Stall cycles: 0
Overall utilization: 41.38%
Mapping efficiency: 100.00%
Average IFMAP SRAM BW: 13.241 words/cycle
Average Filter SRAM BW: 6.420 words/cycle
Average OFMAP SRAM BW: 13.241 words/cycle
Average IFMAP DRAM BW: 8.030 words/cycle
Average Filter DRAM BW: 7.787 words/cycle
Average OFMAP DRAM BW: 32.000 words/cycle

Running Layer 722
Total cycles: 1427
Compute cycles: 639
Stall cycles: 0
Overall utilization: 41.31%
Mapping efficiency: 100.00%
Average IFMAP SRAM BW: 13.221 words/cycle
Average Filter SRAM BW: 6.410 words/cycle
Average OFMAP SRAM BW: 13.221 words/cycle
Average IFMAP DRAM BW: 8.030 words/cycle
Average Filter DRAM BW: 7.802 words/cycle
Average OFMAP DRAM BW: 32.000 words/cycle

Running Layer 723
Total cycles: 1427
Compute cycles: 639
Stall cycles: 0
Overall utilization: 41.31%
Mapping efficiency: 100.00%
Average IFMAP SRAM BW: 13.221 words/cycle
Average Filter SRAM BW: 6.410 words/cycle
Average OFMAP SRAM BW: 13.221 words/cycle
Average IFMAP DRAM BW: 8.046 words/cycle
Average Filter DRAM BW: 7.802 words/cycle
Average OFMAP DRAM BW: 32.000 words/cycle

Running Layer 724
Total cycles: 2855
Compute cycles: 1279
Stall cycles: 0
Overall utilization: 41.28%
Mapping efficiency: 100.00%
Average IFMAP SRAM BW: 13.210 words/cycle
Average Filter SRAM BW: 6.405 words/cycle
Average OFMAP SRAM BW: 13.210 words/cycle
Average IFMAP DRAM BW: 8.046 words/cycle
Average Filter DRAM BW: 7.809 words/cycle
Average OFMAP DRAM BW: 32.000 words/cycle

Running Layer 725
Total cycles: 5449
Compute cycles: 2559
Stall cycles: 0
Overall utilization: 41.27%
Mapping efficiency: 100.00%
Average IFMAP SRAM BW: 13.205 words/cycle
Average Filter SRAM BW: 6.403 words/cycle
Average OFMAP SRAM BW: 13.205 words/cycle
Average IFMAP DRAM BW: 8.053 words/cycle
Average Filter DRAM BW: 8.929 words/cycle
Average OFMAP DRAM BW: 32.000 words/cycle

Running Layer 726
Total cycles: 717
Compute cycles: 321
Stall cycles: 0
Overall utilization: 5.22%
Mapping efficiency: 12.50%
Average IFMAP SRAM BW: 1.670 words/cycle
Average Filter SRAM BW: 0.798 words/cycle
Average OFMAP SRAM BW: 13.358 words/cycle
Average IFMAP DRAM BW: 1.019 words/cycle
Average Filter DRAM BW: 0.973 words/cycle
Average OFMAP DRAM BW: 32.000 words/cycle

Running Layer 727
Total cycles: 1173
Compute cycles: 643
Stall cycles: 0
Overall utilization: 5.21%
Mapping efficiency: 12.50%
Average IFMAP SRAM BW: 1.667 words/cycle
Average Filter SRAM BW: 0.796 words/cycle
Average OFMAP SRAM BW: 13.337 words/cycle
Average IFMAP DRAM BW: 1.019 words/cycle
Average Filter DRAM BW: 1.947 words/cycle
Average OFMAP DRAM BW: 32.000 words/cycle

Running Layer 728
Total cycles: 717
Compute cycles: 321
Stall cycles: 0
Overall utilization: 10.44%
Mapping efficiency: 25.00%
Average IFMAP SRAM BW: 3.340 words/cycle
Average Filter SRAM BW: 1.595 words/cycle
Average OFMAP SRAM BW: 13.358 words/cycle
Average IFMAP DRAM BW: 2.038 words/cycle
Average Filter DRAM BW: 1.947 words/cycle
Average OFMAP DRAM BW: 32.000 words/cycle

Running Layer 729
Total cycles: 1173
Compute cycles: 643
Stall cycles: 0
Overall utilization: 10.42%
Mapping efficiency: 25.00%
Average IFMAP SRAM BW: 3.334 words/cycle
Average Filter SRAM BW: 1.593 words/cycle
Average OFMAP SRAM BW: 13.337 words/cycle
Average IFMAP DRAM BW: 2.038 words/cycle
Average Filter DRAM BW: 3.894 words/cycle
Average OFMAP DRAM BW: 32.000 words/cycle

Running Layer 730
Total cycles: 717
Compute cycles: 321
Stall cycles: 0
Overall utilization: 20.87%
Mapping efficiency: 50.00%
Average IFMAP SRAM BW: 6.679 words/cycle
Average Filter SRAM BW: 3.190 words/cycle
Average OFMAP SRAM BW: 13.358 words/cycle
Average IFMAP DRAM BW: 4.076 words/cycle
Average Filter DRAM BW: 3.894 words/cycle
Average OFMAP DRAM BW: 32.000 words/cycle

Running Layer 731
Total cycles: 1173
Compute cycles: 643
Stall cycles: 0
Overall utilization: 20.84%
Mapping efficiency: 50.00%
Average IFMAP SRAM BW: 6.669 words/cycle
Average Filter SRAM BW: 3.185 words/cycle
Average OFMAP SRAM BW: 13.337 words/cycle
Average IFMAP DRAM BW: 4.076 words/cycle
Average Filter DRAM BW: 7.787 words/cycle
Average OFMAP DRAM BW: 32.000 words/cycle

Running Layer 732
Total cycles: 717
Compute cycles: 321
Stall cycles: 0
Overall utilization: 41.74%
Mapping efficiency: 100.00%
Average IFMAP SRAM BW: 13.358 words/cycle
Average Filter SRAM BW: 6.380 words/cycle
Average OFMAP SRAM BW: 13.358 words/cycle
Average IFMAP DRAM BW: 8.152 words/cycle
Average Filter DRAM BW: 7.787 words/cycle
Average OFMAP DRAM BW: 32.000 words/cycle

Running Layer 733
Total cycles: 1435
Compute cycles: 643
Stall cycles: 0
Overall utilization: 41.68%
Mapping efficiency: 100.00%
Average IFMAP SRAM BW: 13.337 words/cycle
Average Filter SRAM BW: 6.370 words/cycle
Average OFMAP SRAM BW: 13.337 words/cycle
Average IFMAP DRAM BW: 8.152 words/cycle
Average Filter DRAM BW: 7.802 words/cycle
Average OFMAP DRAM BW: 32.000 words/cycle

Running Layer 734
Total cycles: 1435
Compute cycles: 643
Stall cycles: 0
Overall utilization: 41.68%
Mapping efficiency: 100.00%
Average IFMAP SRAM BW: 13.337 words/cycle
Average Filter SRAM BW: 6.370 words/cycle
Average OFMAP SRAM BW: 13.337 words/cycle
Average IFMAP DRAM BW: 8.168 words/cycle
Average Filter DRAM BW: 7.802 words/cycle
Average OFMAP DRAM BW: 32.000 words/cycle

Running Layer 735
Total cycles: 2871
Compute cycles: 1287
Stall cycles: 0
Overall utilization: 41.65%
Mapping efficiency: 100.00%
Average IFMAP SRAM BW: 13.327 words/cycle
Average Filter SRAM BW: 6.365 words/cycle
Average OFMAP SRAM BW: 13.327 words/cycle
Average IFMAP DRAM BW: 8.168 words/cycle
Average Filter DRAM BW: 7.809 words/cycle
Average OFMAP DRAM BW: 32.000 words/cycle

Running Layer 736
Total cycles: 5481
Compute cycles: 2575
Stall cycles: 0
Overall utilization: 41.63%
Mapping efficiency: 100.00%
Average IFMAP SRAM BW: 13.322 words/cycle
Average Filter SRAM BW: 6.363 words/cycle
Average OFMAP SRAM BW: 13.322 words/cycle
Average IFMAP DRAM BW: 8.175 words/cycle
Average Filter DRAM BW: 8.929 words/cycle
Average OFMAP DRAM BW: 32.000 words/cycle

Running Layer 737
Total cycles: 721
Compute cycles: 323
Stall cycles: 0
Overall utilization: 5.26%
Mapping efficiency: 12.50%
Average IFMAP SRAM BW: 1.684 words/cycle
Average Filter SRAM BW: 0.793 words/cycle
Average OFMAP SRAM BW: 13.474 words/cycle
Average IFMAP DRAM BW: 1.034 words/cycle
Average Filter DRAM BW: 0.973 words/cycle
Average OFMAP DRAM BW: 32.000 words/cycle

Running Layer 738
Total cycles: 1181
Compute cycles: 647
Stall cycles: 0
Overall utilization: 5.26%
Mapping efficiency: 12.50%
Average IFMAP SRAM BW: 1.682 words/cycle
Average Filter SRAM BW: 0.791 words/cycle
Average OFMAP SRAM BW: 13.453 words/cycle
Average IFMAP DRAM BW: 1.034 words/cycle
Average Filter DRAM BW: 1.947 words/cycle
Average OFMAP DRAM BW: 32.000 words/cycle

Running Layer 739
Total cycles: 721
Compute cycles: 323
Stall cycles: 0
Overall utilization: 10.53%
Mapping efficiency: 25.00%
Average IFMAP SRAM BW: 3.368 words/cycle
Average Filter SRAM BW: 1.585 words/cycle
Average OFMAP SRAM BW: 13.474 words/cycle
Average IFMAP DRAM BW: 2.068 words/cycle
Average Filter DRAM BW: 1.947 words/cycle
Average OFMAP DRAM BW: 32.000 words/cycle

Running Layer 740
Total cycles: 1181
Compute cycles: 647
Stall cycles: 0
Overall utilization: 10.51%
Mapping efficiency: 25.00%
Average IFMAP SRAM BW: 3.363 words/cycle
Average Filter SRAM BW: 1.583 words/cycle
Average OFMAP SRAM BW: 13.453 words/cycle
Average IFMAP DRAM BW: 2.068 words/cycle
Average Filter DRAM BW: 3.894 words/cycle
Average OFMAP DRAM BW: 32.000 words/cycle

Running Layer 741
Total cycles: 721
Compute cycles: 323
Stall cycles: 0
Overall utilization: 21.05%
Mapping efficiency: 50.00%
Average IFMAP SRAM BW: 6.737 words/cycle
Average Filter SRAM BW: 3.170 words/cycle
Average OFMAP SRAM BW: 13.474 words/cycle
Average IFMAP DRAM BW: 4.137 words/cycle
Average Filter DRAM BW: 3.894 words/cycle
Average OFMAP DRAM BW: 32.000 words/cycle

Running Layer 742
Total cycles: 1181
Compute cycles: 647
Stall cycles: 0
Overall utilization: 21.02%
Mapping efficiency: 50.00%
Average IFMAP SRAM BW: 6.726 words/cycle
Average Filter SRAM BW: 3.165 words/cycle
Average OFMAP SRAM BW: 13.453 words/cycle
Average IFMAP DRAM BW: 4.137 words/cycle
Average Filter DRAM BW: 7.787 words/cycle
Average OFMAP DRAM BW: 32.000 words/cycle

Running Layer 743
Total cycles: 721
Compute cycles: 323
Stall cycles: 0
Overall utilization: 42.11%
Mapping efficiency: 100.00%
Average IFMAP SRAM BW: 13.474 words/cycle
Average Filter SRAM BW: 6.341 words/cycle
Average OFMAP SRAM BW: 13.474 words/cycle
Average IFMAP DRAM BW: 8.274 words/cycle
Average Filter DRAM BW: 7.787 words/cycle
Average OFMAP DRAM BW: 32.000 words/cycle

Running Layer 744
Total cycles: 1443
Compute cycles: 647
Stall cycles: 0
Overall utilization: 42.04%
Mapping efficiency: 100.00%
Average IFMAP SRAM BW: 13.453 words/cycle
Average Filter SRAM BW: 6.331 words/cycle
Average OFMAP SRAM BW: 13.453 words/cycle
Average IFMAP DRAM BW: 8.274 words/cycle
Average Filter DRAM BW: 7.802 words/cycle
Average OFMAP DRAM BW: 32.000 words/cycle

Running Layer 745
Total cycles: 1443
Compute cycles: 647
Stall cycles: 0
Overall utilization: 42.04%
Mapping efficiency: 100.00%
Average IFMAP SRAM BW: 13.453 words/cycle
Average Filter SRAM BW: 6.331 words/cycle
Average OFMAP SRAM BW: 13.453 words/cycle
Average IFMAP DRAM BW: 8.290 words/cycle
Average Filter DRAM BW: 7.802 words/cycle
Average OFMAP DRAM BW: 32.000 words/cycle

Running Layer 746
Total cycles: 2887
Compute cycles: 1295
Stall cycles: 0
Overall utilization: 42.01%
Mapping efficiency: 100.00%
Average IFMAP SRAM BW: 13.442 words/cycle
Average Filter SRAM BW: 6.326 words/cycle
Average OFMAP SRAM BW: 13.442 words/cycle
Average IFMAP DRAM BW: 8.290 words/cycle
Average Filter DRAM BW: 7.809 words/cycle
Average OFMAP DRAM BW: 32.000 words/cycle

Running Layer 747
Total cycles: 5513
Compute cycles: 2591
Stall cycles: 0
Overall utilization: 41.99%
Mapping efficiency: 100.00%
Average IFMAP SRAM BW: 13.437 words/cycle
Average Filter SRAM BW: 6.323 words/cycle
Average OFMAP SRAM BW: 13.437 words/cycle
Average IFMAP DRAM BW: 8.297 words/cycle
Average Filter DRAM BW: 8.929 words/cycle
Average OFMAP DRAM BW: 32.000 words/cycle

Running Layer 748
Total cycles: 725
Compute cycles: 325
Stall cycles: 0
Overall utilization: 5.31%
Mapping efficiency: 12.50%
Average IFMAP SRAM BW: 1.698 words/cycle
Average Filter SRAM BW: 0.788 words/cycle
Average OFMAP SRAM BW: 13.588 words/cycle
Average IFMAP DRAM BW: 1.049 words/cycle
Average Filter DRAM BW: 0.973 words/cycle
Average OFMAP DRAM BW: 32.000 words/cycle

Running Layer 749
Total cycles: 1189
Compute cycles: 651
Stall cycles: 0
Overall utilization: 5.30%
Mapping efficiency: 12.50%
Average IFMAP SRAM BW: 1.696 words/cycle
Average Filter SRAM BW: 0.786 words/cycle
Average OFMAP SRAM BW: 13.567 words/cycle
Average IFMAP DRAM BW: 1.049 words/cycle
Average Filter DRAM BW: 1.947 words/cycle
Average OFMAP DRAM BW: 32.000 words/cycle

Running Layer 750
Total cycles: 725
Compute cycles: 325
Stall cycles: 0
Overall utilization: 10.62%
Mapping efficiency: 25.00%
Average IFMAP SRAM BW: 3.397 words/cycle
Average Filter SRAM BW: 1.575 words/cycle
Average OFMAP SRAM BW: 13.588 words/cycle
Average IFMAP DRAM BW: 2.099 words/cycle
Average Filter DRAM BW: 1.947 words/cycle
Average OFMAP DRAM BW: 32.000 words/cycle

Running Layer 751
Total cycles: 1189
Compute cycles: 651
Stall cycles: 0
Overall utilization: 10.60%
Mapping efficiency: 25.00%
Average IFMAP SRAM BW: 3.392 words/cycle
Average Filter SRAM BW: 1.573 words/cycle
Average OFMAP SRAM BW: 13.567 words/cycle
Average IFMAP DRAM BW: 2.099 words/cycle
Average Filter DRAM BW: 3.894 words/cycle
Average OFMAP DRAM BW: 32.000 words/cycle

Running Layer 752
Total cycles: 725
Compute cycles: 325
Stall cycles: 0
Overall utilization: 21.23%
Mapping efficiency: 50.00%
Average IFMAP SRAM BW: 6.794 words/cycle
Average Filter SRAM BW: 3.151 words/cycle
Average OFMAP SRAM BW: 13.588 words/cycle
Average IFMAP DRAM BW: 4.198 words/cycle
Average Filter DRAM BW: 3.894 words/cycle
Average OFMAP DRAM BW: 32.000 words/cycle

Running Layer 753
Total cycles: 1189
Compute cycles: 651
Stall cycles: 0
Overall utilization: 21.20%
Mapping efficiency: 50.00%
Average IFMAP SRAM BW: 6.783 words/cycle
Average Filter SRAM BW: 3.146 words/cycle
Average OFMAP SRAM BW: 13.567 words/cycle
Average IFMAP DRAM BW: 4.198 words/cycle
Average Filter DRAM BW: 7.787 words/cycle
Average OFMAP DRAM BW: 32.000 words/cycle

Running Layer 754
Total cycles: 725
Compute cycles: 325
Stall cycles: 0
Overall utilization: 42.46%
Mapping efficiency: 100.00%
Average IFMAP SRAM BW: 13.588 words/cycle
Average Filter SRAM BW: 6.302 words/cycle
Average OFMAP SRAM BW: 13.588 words/cycle
Average IFMAP DRAM BW: 8.395 words/cycle
Average Filter DRAM BW: 7.787 words/cycle
Average OFMAP DRAM BW: 32.000 words/cycle

Running Layer 755
Total cycles: 1451
Compute cycles: 651
Stall cycles: 0
Overall utilization: 42.40%
Mapping efficiency: 100.00%
Average IFMAP SRAM BW: 13.567 words/cycle
Average Filter SRAM BW: 6.292 words/cycle
Average OFMAP SRAM BW: 13.567 words/cycle
Average IFMAP DRAM BW: 8.395 words/cycle
Average Filter DRAM BW: 7.802 words/cycle
Average OFMAP DRAM BW: 32.000 words/cycle

Running Layer 756
Total cycles: 1451
Compute cycles: 651
Stall cycles: 0
Overall utilization: 42.40%
Mapping efficiency: 100.00%
Average IFMAP SRAM BW: 13.567 words/cycle
Average Filter SRAM BW: 6.292 words/cycle
Average OFMAP SRAM BW: 13.567 words/cycle
Average IFMAP DRAM BW: 8.411 words/cycle
Average Filter DRAM BW: 7.802 words/cycle
Average OFMAP DRAM BW: 32.000 words/cycle

Running Layer 757
Total cycles: 2903
Compute cycles: 1303
Stall cycles: 0
Overall utilization: 42.36%
Mapping efficiency: 100.00%
Average IFMAP SRAM BW: 13.556 words/cycle
Average Filter SRAM BW: 6.287 words/cycle
Average OFMAP SRAM BW: 13.556 words/cycle
Average IFMAP DRAM BW: 8.411 words/cycle
Average Filter DRAM BW: 7.809 words/cycle
Average OFMAP DRAM BW: 32.000 words/cycle

Running Layer 758
Total cycles: 5545
Compute cycles: 2607
Stall cycles: 0
Overall utilization: 42.35%
Mapping efficiency: 100.00%
Average IFMAP SRAM BW: 13.551 words/cycle
Average Filter SRAM BW: 6.285 words/cycle
Average OFMAP SRAM BW: 13.551 words/cycle
Average IFMAP DRAM BW: 8.419 words/cycle
Average Filter DRAM BW: 8.929 words/cycle
Average OFMAP DRAM BW: 32.000 words/cycle

Running Layer 759
Total cycles: 729
Compute cycles: 327
Stall cycles: 0
Overall utilization: 5.35%
Mapping efficiency: 12.50%
Average IFMAP SRAM BW: 1.713 words/cycle
Average Filter SRAM BW: 0.783 words/cycle
Average OFMAP SRAM BW: 13.700 words/cycle
Average IFMAP DRAM BW: 1.065 words/cycle
Average Filter DRAM BW: 0.973 words/cycle
Average OFMAP DRAM BW: 32.000 words/cycle

Running Layer 760
Total cycles: 1197
Compute cycles: 655
Stall cycles: 0
Overall utilization: 5.34%
Mapping efficiency: 12.50%
Average IFMAP SRAM BW: 1.710 words/cycle
Average Filter SRAM BW: 0.782 words/cycle
Average OFMAP SRAM BW: 13.679 words/cycle
Average IFMAP DRAM BW: 1.065 words/cycle
Average Filter DRAM BW: 1.947 words/cycle
Average OFMAP DRAM BW: 32.000 words/cycle

Running Layer 761
Total cycles: 729
Compute cycles: 327
Stall cycles: 0
Overall utilization: 10.70%
Mapping efficiency: 25.00%
Average IFMAP SRAM BW: 3.425 words/cycle
Average Filter SRAM BW: 1.566 words/cycle
Average OFMAP SRAM BW: 13.700 words/cycle
Average IFMAP DRAM BW: 2.129 words/cycle
Average Filter DRAM BW: 1.947 words/cycle
Average OFMAP DRAM BW: 32.000 words/cycle

Running Layer 762
Total cycles: 1197
Compute cycles: 655
Stall cycles: 0
Overall utilization: 10.69%
Mapping efficiency: 25.00%
Average IFMAP SRAM BW: 3.420 words/cycle
Average Filter SRAM BW: 1.563 words/cycle
Average OFMAP SRAM BW: 13.679 words/cycle
Average IFMAP DRAM BW: 2.129 words/cycle
Average Filter DRAM BW: 3.894 words/cycle
Average OFMAP DRAM BW: 32.000 words/cycle

Running Layer 763
Total cycles: 729
Compute cycles: 327
Stall cycles: 0
Overall utilization: 21.41%
Mapping efficiency: 50.00%
Average IFMAP SRAM BW: 6.850 words/cycle
Average Filter SRAM BW: 3.131 words/cycle
Average OFMAP SRAM BW: 13.700 words/cycle
Average IFMAP DRAM BW: 4.259 words/cycle
Average Filter DRAM BW: 3.894 words/cycle
Average OFMAP DRAM BW: 32.000 words/cycle

Running Layer 764
Total cycles: 1197
Compute cycles: 655
Stall cycles: 0
Overall utilization: 21.37%
Mapping efficiency: 50.00%
Average IFMAP SRAM BW: 6.840 words/cycle
Average Filter SRAM BW: 3.127 words/cycle
Average OFMAP SRAM BW: 13.679 words/cycle
Average IFMAP DRAM BW: 4.259 words/cycle
Average Filter DRAM BW: 7.787 words/cycle
Average OFMAP DRAM BW: 32.000 words/cycle

Running Layer 765
Total cycles: 729
Compute cycles: 327
Stall cycles: 0
Overall utilization: 42.81%
Mapping efficiency: 100.00%
Average IFMAP SRAM BW: 13.700 words/cycle
Average Filter SRAM BW: 6.263 words/cycle
Average OFMAP SRAM BW: 13.700 words/cycle
Average IFMAP DRAM BW: 8.517 words/cycle
Average Filter DRAM BW: 7.787 words/cycle
Average OFMAP DRAM BW: 32.000 words/cycle

Running Layer 766
Total cycles: 1459
Compute cycles: 655
Stall cycles: 0
Overall utilization: 42.75%
Mapping efficiency: 100.00%
Average IFMAP SRAM BW: 13.679 words/cycle
Average Filter SRAM BW: 6.253 words/cycle
Average OFMAP SRAM BW: 13.679 words/cycle
Average IFMAP DRAM BW: 8.517 words/cycle
Average Filter DRAM BW: 7.802 words/cycle
Average OFMAP DRAM BW: 32.000 words/cycle

Running Layer 767
Total cycles: 1459
Compute cycles: 655
Stall cycles: 0
Overall utilization: 42.75%
Mapping efficiency: 100.00%
Average IFMAP SRAM BW: 13.679 words/cycle
Average Filter SRAM BW: 6.253 words/cycle
Average OFMAP SRAM BW: 13.679 words/cycle
Average IFMAP DRAM BW: 8.533 words/cycle
Average Filter DRAM BW: 7.802 words/cycle
Average OFMAP DRAM BW: 32.000 words/cycle

Running Layer 768
Total cycles: 2919
Compute cycles: 1311
Stall cycles: 0
Overall utilization: 42.72%
Mapping efficiency: 100.00%
Average IFMAP SRAM BW: 13.669 words/cycle
Average Filter SRAM BW: 6.249 words/cycle
Average OFMAP SRAM BW: 13.669 words/cycle
Average IFMAP DRAM BW: 8.533 words/cycle
Average Filter DRAM BW: 7.809 words/cycle
Average OFMAP DRAM BW: 32.000 words/cycle

Running Layer 769
Total cycles: 5577
Compute cycles: 2623
Stall cycles: 0
Overall utilization: 42.70%
Mapping efficiency: 100.00%
Average IFMAP SRAM BW: 13.664 words/cycle
Average Filter SRAM BW: 6.246 words/cycle
Average OFMAP SRAM BW: 13.664 words/cycle
Average IFMAP DRAM BW: 8.541 words/cycle
Average Filter DRAM BW: 8.929 words/cycle
Average OFMAP DRAM BW: 32.000 words/cycle

Running Layer 770
Total cycles: 733
Compute cycles: 329
Stall cycles: 0
Overall utilization: 5.40%
Mapping efficiency: 12.50%
Average IFMAP SRAM BW: 1.726 words/cycle
Average Filter SRAM BW: 0.778 words/cycle
Average OFMAP SRAM BW: 13.812 words/cycle
Average IFMAP DRAM BW: 1.080 words/cycle
Average Filter DRAM BW: 0.973 words/cycle
Average OFMAP DRAM BW: 32.000 words/cycle

Running Layer 771
Total cycles: 1205
Compute cycles: 659
Stall cycles: 0
Overall utilization: 5.39%
Mapping efficiency: 12.50%
Average IFMAP SRAM BW: 1.724 words/cycle
Average Filter SRAM BW: 0.777 words/cycle
Average OFMAP SRAM BW: 13.791 words/cycle
Average IFMAP DRAM BW: 1.080 words/cycle
Average Filter DRAM BW: 1.947 words/cycle
Average OFMAP DRAM BW: 32.000 words/cycle

Running Layer 772
Total cycles: 733
Compute cycles: 329
Stall cycles: 0
Overall utilization: 10.79%
Mapping efficiency: 25.00%
Average IFMAP SRAM BW: 3.453 words/cycle
Average Filter SRAM BW: 1.556 words/cycle
Average OFMAP SRAM BW: 13.812 words/cycle
Average IFMAP DRAM BW: 2.160 words/cycle
Average Filter DRAM BW: 1.947 words/cycle
Average OFMAP DRAM BW: 32.000 words/cycle

Running Layer 773
Total cycles: 1205
Compute cycles: 659
Stall cycles: 0
Overall utilization: 10.77%
Mapping efficiency: 25.00%
Average IFMAP SRAM BW: 3.448 words/cycle
Average Filter SRAM BW: 1.554 words/cycle
Average OFMAP SRAM BW: 13.791 words/cycle
Average IFMAP DRAM BW: 2.160 words/cycle
Average Filter DRAM BW: 3.894 words/cycle
Average OFMAP DRAM BW: 32.000 words/cycle

Running Layer 774
Total cycles: 733
Compute cycles: 329
Stall cycles: 0
Overall utilization: 21.58%
Mapping efficiency: 50.00%
Average IFMAP SRAM BW: 6.906 words/cycle
Average Filter SRAM BW: 3.112 words/cycle
Average OFMAP SRAM BW: 13.812 words/cycle
Average IFMAP DRAM BW: 4.319 words/cycle
Average Filter DRAM BW: 3.894 words/cycle
Average OFMAP DRAM BW: 32.000 words/cycle

Running Layer 775
Total cycles: 1205
Compute cycles: 659
Stall cycles: 0
Overall utilization: 21.55%
Mapping efficiency: 50.00%
Average IFMAP SRAM BW: 6.895 words/cycle
Average Filter SRAM BW: 3.108 words/cycle
Average OFMAP SRAM BW: 13.791 words/cycle
Average IFMAP DRAM BW: 4.319 words/cycle
Average Filter DRAM BW: 7.787 words/cycle
Average OFMAP DRAM BW: 32.000 words/cycle

Running Layer 776
Total cycles: 733
Compute cycles: 329
Stall cycles: 0
Overall utilization: 43.16%
Mapping efficiency: 100.00%
Average IFMAP SRAM BW: 13.812 words/cycle
Average Filter SRAM BW: 6.225 words/cycle
Average OFMAP SRAM BW: 13.812 words/cycle
Average IFMAP DRAM BW: 8.639 words/cycle
Average Filter DRAM BW: 7.787 words/cycle
Average OFMAP DRAM BW: 32.000 words/cycle

Running Layer 777
Total cycles: 1467
Compute cycles: 659
Stall cycles: 0
Overall utilization: 43.10%
Mapping efficiency: 100.00%
Average IFMAP SRAM BW: 13.791 words/cycle
Average Filter SRAM BW: 6.215 words/cycle
Average OFMAP SRAM BW: 13.791 words/cycle
Average IFMAP DRAM BW: 8.639 words/cycle
Average Filter DRAM BW: 7.802 words/cycle
Average OFMAP DRAM BW: 32.000 words/cycle

Running Layer 778
Total cycles: 1467
Compute cycles: 659
Stall cycles: 0
Overall utilization: 43.10%
Mapping efficiency: 100.00%
Average IFMAP SRAM BW: 13.791 words/cycle
Average Filter SRAM BW: 6.215 words/cycle
Average OFMAP SRAM BW: 13.791 words/cycle
Average IFMAP DRAM BW: 8.655 words/cycle
Average Filter DRAM BW: 7.802 words/cycle
Average OFMAP DRAM BW: 32.000 words/cycle

Running Layer 779
Total cycles: 2935
Compute cycles: 1319
Stall cycles: 0
Overall utilization: 43.06%
Mapping efficiency: 100.00%
Average IFMAP SRAM BW: 13.780 words/cycle
Average Filter SRAM BW: 6.211 words/cycle
Average OFMAP SRAM BW: 13.780 words/cycle
Average IFMAP DRAM BW: 8.655 words/cycle
Average Filter DRAM BW: 7.809 words/cycle
Average OFMAP DRAM BW: 32.000 words/cycle

Running Layer 780
Total cycles: 5609
Compute cycles: 2639
Stall cycles: 0
Overall utilization: 43.05%
Mapping efficiency: 100.00%
Average IFMAP SRAM BW: 13.775 words/cycle
Average Filter SRAM BW: 6.208 words/cycle
Average OFMAP SRAM BW: 13.775 words/cycle
Average IFMAP DRAM BW: 8.663 words/cycle
Average Filter DRAM BW: 8.929 words/cycle
Average OFMAP DRAM BW: 32.000 words/cycle

Running Layer 781
Total cycles: 737
Compute cycles: 331
Stall cycles: 0
Overall utilization: 5.44%
Mapping efficiency: 12.50%
Average IFMAP SRAM BW: 1.740 words/cycle
Average Filter SRAM BW: 0.773 words/cycle
Average OFMAP SRAM BW: 13.921 words/cycle
Average IFMAP DRAM BW: 1.095 words/cycle
Average Filter DRAM BW: 0.973 words/cycle
Average OFMAP DRAM BW: 32.000 words/cycle

Running Layer 782
Total cycles: 1213
Compute cycles: 663
Stall cycles: 0
Overall utilization: 5.43%
Mapping efficiency: 12.50%
Average IFMAP SRAM BW: 1.738 words/cycle
Average Filter SRAM BW: 0.772 words/cycle
Average OFMAP SRAM BW: 13.900 words/cycle
Average IFMAP DRAM BW: 1.095 words/cycle
Average Filter DRAM BW: 1.947 words/cycle
Average OFMAP DRAM BW: 32.000 words/cycle

Running Layer 783
Total cycles: 737
Compute cycles: 331
Stall cycles: 0
Overall utilization: 10.88%
Mapping efficiency: 25.00%
Average IFMAP SRAM BW: 3.480 words/cycle
Average Filter SRAM BW: 1.547 words/cycle
Average OFMAP SRAM BW: 13.921 words/cycle
Average IFMAP DRAM BW: 2.190 words/cycle
Average Filter DRAM BW: 1.947 words/cycle
Average OFMAP DRAM BW: 32.000 words/cycle

Running Layer 784
Total cycles: 1213
Compute cycles: 663
Stall cycles: 0
Overall utilization: 10.86%
Mapping efficiency: 25.00%
Average IFMAP SRAM BW: 3.475 words/cycle
Average Filter SRAM BW: 1.544 words/cycle
Average OFMAP SRAM BW: 13.900 words/cycle
Average IFMAP DRAM BW: 2.190 words/cycle
Average Filter DRAM BW: 3.894 words/cycle
Average OFMAP DRAM BW: 32.000 words/cycle

Running Layer 785
Total cycles: 737
Compute cycles: 331
Stall cycles: 0
Overall utilization: 21.75%
Mapping efficiency: 50.00%
Average IFMAP SRAM BW: 6.961 words/cycle
Average Filter SRAM BW: 3.094 words/cycle
Average OFMAP SRAM BW: 13.921 words/cycle
Average IFMAP DRAM BW: 4.380 words/cycle
Average Filter DRAM BW: 3.894 words/cycle
Average OFMAP DRAM BW: 32.000 words/cycle

Running Layer 786
Total cycles: 1213
Compute cycles: 663
Stall cycles: 0
Overall utilization: 21.72%
Mapping efficiency: 50.00%
Average IFMAP SRAM BW: 6.950 words/cycle
Average Filter SRAM BW: 3.089 words/cycle
Average OFMAP SRAM BW: 13.900 words/cycle
Average IFMAP DRAM BW: 4.380 words/cycle
Average Filter DRAM BW: 7.787 words/cycle
Average OFMAP DRAM BW: 32.000 words/cycle

Running Layer 787
Total cycles: 737
Compute cycles: 331
Stall cycles: 0
Overall utilization: 43.50%
Mapping efficiency: 100.00%
Average IFMAP SRAM BW: 13.921 words/cycle
Average Filter SRAM BW: 6.187 words/cycle
Average OFMAP SRAM BW: 13.921 words/cycle
Average IFMAP DRAM BW: 8.760 words/cycle
Average Filter DRAM BW: 7.787 words/cycle
Average OFMAP DRAM BW: 32.000 words/cycle

Running Layer 788
Total cycles: 1475
Compute cycles: 663
Stall cycles: 0
Overall utilization: 43.44%
Mapping efficiency: 100.00%
Average IFMAP SRAM BW: 13.900 words/cycle
Average Filter SRAM BW: 6.178 words/cycle
Average OFMAP SRAM BW: 13.900 words/cycle
Average IFMAP DRAM BW: 8.760 words/cycle
Average Filter DRAM BW: 7.802 words/cycle
Average OFMAP DRAM BW: 32.000 words/cycle

Running Layer 789
Total cycles: 1475
Compute cycles: 663
Stall cycles: 0
Overall utilization: 43.44%
Mapping efficiency: 100.00%
Average IFMAP SRAM BW: 13.900 words/cycle
Average Filter SRAM BW: 6.178 words/cycle
Average OFMAP SRAM BW: 13.900 words/cycle
Average IFMAP DRAM BW: 8.777 words/cycle
Average Filter DRAM BW: 7.802 words/cycle
Average OFMAP DRAM BW: 32.000 words/cycle

Running Layer 790
Total cycles: 2951
Compute cycles: 1327
Stall cycles: 0
Overall utilization: 43.41%
Mapping efficiency: 100.00%
Average IFMAP SRAM BW: 13.890 words/cycle
Average Filter SRAM BW: 6.173 words/cycle
Average OFMAP SRAM BW: 13.890 words/cycle
Average IFMAP DRAM BW: 8.777 words/cycle
Average Filter DRAM BW: 7.809 words/cycle
Average OFMAP DRAM BW: 32.000 words/cycle

Running Layer 791
Total cycles: 5641
Compute cycles: 2655
Stall cycles: 0
Overall utilization: 43.39%
Mapping efficiency: 100.00%
Average IFMAP SRAM BW: 13.885 words/cycle
Average Filter SRAM BW: 6.171 words/cycle
Average OFMAP SRAM BW: 13.885 words/cycle
Average IFMAP DRAM BW: 8.786 words/cycle
Average Filter DRAM BW: 8.929 words/cycle
Average OFMAP DRAM BW: 32.000 words/cycle

Running Layer 792
Total cycles: 741
Compute cycles: 333
Stall cycles: 0
Overall utilization: 5.48%
Mapping efficiency: 12.50%
Average IFMAP SRAM BW: 1.754 words/cycle
Average Filter SRAM BW: 0.769 words/cycle
Average OFMAP SRAM BW: 14.030 words/cycle
Average IFMAP DRAM BW: 1.110 words/cycle
Average Filter DRAM BW: 0.973 words/cycle
Average OFMAP DRAM BW: 32.000 words/cycle

Running Layer 793
Total cycles: 1221
Compute cycles: 667
Stall cycles: 0
Overall utilization: 5.47%
Mapping efficiency: 12.50%
Average IFMAP SRAM BW: 1.751 words/cycle
Average Filter SRAM BW: 0.768 words/cycle
Average OFMAP SRAM BW: 14.009 words/cycle
Average IFMAP DRAM BW: 1.110 words/cycle
Average Filter DRAM BW: 1.947 words/cycle
Average OFMAP DRAM BW: 32.000 words/cycle

Running Layer 794
Total cycles: 741
Compute cycles: 333
Stall cycles: 0
Overall utilization: 10.96%
Mapping efficiency: 25.00%
Average IFMAP SRAM BW: 3.508 words/cycle
Average Filter SRAM BW: 1.538 words/cycle
Average OFMAP SRAM BW: 14.030 words/cycle
Average IFMAP DRAM BW: 2.221 words/cycle
Average Filter DRAM BW: 1.947 words/cycle
Average OFMAP DRAM BW: 32.000 words/cycle

Running Layer 795
Total cycles: 1221
Compute cycles: 667
Stall cycles: 0
Overall utilization: 10.94%
Mapping efficiency: 25.00%
Average IFMAP SRAM BW: 3.502 words/cycle
Average Filter SRAM BW: 1.535 words/cycle
Average OFMAP SRAM BW: 14.009 words/cycle
Average IFMAP DRAM BW: 2.221 words/cycle
Average Filter DRAM BW: 3.894 words/cycle
Average OFMAP DRAM BW: 32.000 words/cycle

Running Layer 796
Total cycles: 741
Compute cycles: 333
Stall cycles: 0
Overall utilization: 21.92%
Mapping efficiency: 50.00%
Average IFMAP SRAM BW: 7.015 words/cycle
Average Filter SRAM BW: 3.075 words/cycle
Average OFMAP SRAM BW: 14.030 words/cycle
Average IFMAP DRAM BW: 4.441 words/cycle
Average Filter DRAM BW: 3.894 words/cycle
Average OFMAP DRAM BW: 32.000 words/cycle

Running Layer 797
Total cycles: 1221
Compute cycles: 667
Stall cycles: 0
Overall utilization: 21.89%
Mapping efficiency: 50.00%
Average IFMAP SRAM BW: 7.004 words/cycle
Average Filter SRAM BW: 3.070 words/cycle
Average OFMAP SRAM BW: 14.009 words/cycle
Average IFMAP DRAM BW: 4.441 words/cycle
Average Filter DRAM BW: 7.787 words/cycle
Average OFMAP DRAM BW: 32.000 words/cycle

Running Layer 798
Total cycles: 741
Compute cycles: 333
Stall cycles: 0
Overall utilization: 43.84%
Mapping efficiency: 100.00%
Average IFMAP SRAM BW: 14.030 words/cycle
Average Filter SRAM BW: 6.150 words/cycle
Average OFMAP SRAM BW: 14.030 words/cycle
Average IFMAP DRAM BW: 8.882 words/cycle
Average Filter DRAM BW: 7.787 words/cycle
Average OFMAP DRAM BW: 32.000 words/cycle

Running Layer 799
Total cycles: 1483
Compute cycles: 667
Stall cycles: 0
Overall utilization: 43.78%
Mapping efficiency: 100.00%
Average IFMAP SRAM BW: 14.009 words/cycle
Average Filter SRAM BW: 6.141 words/cycle
Average OFMAP SRAM BW: 14.009 words/cycle
Average IFMAP DRAM BW: 8.882 words/cycle
Average Filter DRAM BW: 7.802 words/cycle
Average OFMAP DRAM BW: 32.000 words/cycle

Running Layer 800
Total cycles: 1483
Compute cycles: 667
Stall cycles: 0
Overall utilization: 43.78%
Mapping efficiency: 100.00%
Average IFMAP SRAM BW: 14.009 words/cycle
Average Filter SRAM BW: 6.141 words/cycle
Average OFMAP SRAM BW: 14.009 words/cycle
Average IFMAP DRAM BW: 8.899 words/cycle
Average Filter DRAM BW: 7.802 words/cycle
Average OFMAP DRAM BW: 32.000 words/cycle

Running Layer 801
Total cycles: 2967
Compute cycles: 1335
Stall cycles: 0
Overall utilization: 43.75%
Mapping efficiency: 100.00%
Average IFMAP SRAM BW: 13.999 words/cycle
Average Filter SRAM BW: 6.136 words/cycle
Average OFMAP SRAM BW: 13.999 words/cycle
Average IFMAP DRAM BW: 8.899 words/cycle
Average Filter DRAM BW: 7.809 words/cycle
Average OFMAP DRAM BW: 32.000 words/cycle

Running Layer 802
Total cycles: 5673
Compute cycles: 2671
Stall cycles: 0
Overall utilization: 43.73%
Mapping efficiency: 100.00%
Average IFMAP SRAM BW: 13.993 words/cycle
Average Filter SRAM BW: 6.134 words/cycle
Average OFMAP SRAM BW: 13.993 words/cycle
Average IFMAP DRAM BW: 8.908 words/cycle
Average Filter DRAM BW: 8.929 words/cycle
Average OFMAP DRAM BW: 32.000 words/cycle

Running Layer 803
Total cycles: 745
Compute cycles: 335
Stall cycles: 0
Overall utilization: 5.52%
Mapping efficiency: 12.50%
Average IFMAP SRAM BW: 1.767 words/cycle
Average Filter SRAM BW: 0.764 words/cycle
Average OFMAP SRAM BW: 14.137 words/cycle
Average IFMAP DRAM BW: 1.125 words/cycle
Average Filter DRAM BW: 0.973 words/cycle
Average OFMAP DRAM BW: 32.000 words/cycle

Running Layer 804
Total cycles: 1229
Compute cycles: 671
Stall cycles: 0
Overall utilization: 5.51%
Mapping efficiency: 12.50%
Average IFMAP SRAM BW: 1.765 words/cycle
Average Filter SRAM BW: 0.763 words/cycle
Average OFMAP SRAM BW: 14.116 words/cycle
Average IFMAP DRAM BW: 1.125 words/cycle
Average Filter DRAM BW: 1.947 words/cycle
Average OFMAP DRAM BW: 32.000 words/cycle

Running Layer 805
Total cycles: 745
Compute cycles: 335
Stall cycles: 0
Overall utilization: 11.04%
Mapping efficiency: 25.00%
Average IFMAP SRAM BW: 3.534 words/cycle
Average Filter SRAM BW: 1.528 words/cycle
Average OFMAP SRAM BW: 14.137 words/cycle
Average IFMAP DRAM BW: 2.251 words/cycle
Average Filter DRAM BW: 1.947 words/cycle
Average OFMAP DRAM BW: 32.000 words/cycle

Running Layer 806
Total cycles: 1229
Compute cycles: 671
Stall cycles: 0
Overall utilization: 11.03%
Mapping efficiency: 25.00%
Average IFMAP SRAM BW: 3.529 words/cycle
Average Filter SRAM BW: 1.526 words/cycle
Average OFMAP SRAM BW: 14.116 words/cycle
Average IFMAP DRAM BW: 2.251 words/cycle
Average Filter DRAM BW: 3.894 words/cycle
Average OFMAP DRAM BW: 32.000 words/cycle

Running Layer 807
Total cycles: 745
Compute cycles: 335
Stall cycles: 0
Overall utilization: 22.09%
Mapping efficiency: 50.00%
Average IFMAP SRAM BW: 7.069 words/cycle
Average Filter SRAM BW: 3.057 words/cycle
Average OFMAP SRAM BW: 14.137 words/cycle
Average IFMAP DRAM BW: 4.502 words/cycle
Average Filter DRAM BW: 3.894 words/cycle
Average OFMAP DRAM BW: 32.000 words/cycle

Running Layer 808
Total cycles: 1229
Compute cycles: 671
Stall cycles: 0
Overall utilization: 22.06%
Mapping efficiency: 50.00%
Average IFMAP SRAM BW: 7.058 words/cycle
Average Filter SRAM BW: 3.052 words/cycle
Average OFMAP SRAM BW: 14.116 words/cycle
Average IFMAP DRAM BW: 4.502 words/cycle
Average Filter DRAM BW: 7.787 words/cycle
Average OFMAP DRAM BW: 32.000 words/cycle

Running Layer 809
Total cycles: 745
Compute cycles: 335
Stall cycles: 0
Overall utilization: 44.18%
Mapping efficiency: 100.00%
Average IFMAP SRAM BW: 14.137 words/cycle
Average Filter SRAM BW: 6.113 words/cycle
Average OFMAP SRAM BW: 14.137 words/cycle
Average IFMAP DRAM BW: 9.004 words/cycle
Average Filter DRAM BW: 7.787 words/cycle
Average OFMAP DRAM BW: 32.000 words/cycle

Running Layer 810
Total cycles: 1491
Compute cycles: 671
Stall cycles: 0
Overall utilization: 44.11%
Mapping efficiency: 100.00%
Average IFMAP SRAM BW: 14.116 words/cycle
Average Filter SRAM BW: 6.104 words/cycle
Average OFMAP SRAM BW: 14.116 words/cycle
Average IFMAP DRAM BW: 9.004 words/cycle
Average Filter DRAM BW: 7.802 words/cycle
Average OFMAP DRAM BW: 32.000 words/cycle

Running Layer 811
Total cycles: 1491
Compute cycles: 671
Stall cycles: 0
Overall utilization: 44.11%
Mapping efficiency: 100.00%
Average IFMAP SRAM BW: 14.116 words/cycle
Average Filter SRAM BW: 6.104 words/cycle
Average OFMAP SRAM BW: 14.116 words/cycle
Average IFMAP DRAM BW: 9.021 words/cycle
Average Filter DRAM BW: 7.802 words/cycle
Average OFMAP DRAM BW: 32.000 words/cycle

Running Layer 812
Total cycles: 2983
Compute cycles: 1343
Stall cycles: 0
Overall utilization: 44.08%
Mapping efficiency: 100.00%
Average IFMAP SRAM BW: 14.106 words/cycle
Average Filter SRAM BW: 6.100 words/cycle
Average OFMAP SRAM BW: 14.106 words/cycle
Average IFMAP DRAM BW: 9.021 words/cycle
Average Filter DRAM BW: 7.809 words/cycle
Average OFMAP DRAM BW: 32.000 words/cycle

Running Layer 813
Total cycles: 5705
Compute cycles: 2687
Stall cycles: 0
Overall utilization: 44.06%
Mapping efficiency: 100.00%
Average IFMAP SRAM BW: 14.100 words/cycle
Average Filter SRAM BW: 6.098 words/cycle
Average OFMAP SRAM BW: 14.100 words/cycle
Average IFMAP DRAM BW: 9.030 words/cycle
Average Filter DRAM BW: 8.929 words/cycle
Average OFMAP DRAM BW: 32.000 words/cycle

Running Layer 814
Total cycles: 749
Compute cycles: 337
Stall cycles: 0
Overall utilization: 5.56%
Mapping efficiency: 12.50%
Average IFMAP SRAM BW: 1.780 words/cycle
Average Filter SRAM BW: 0.760 words/cycle
Average OFMAP SRAM BW: 14.243 words/cycle
Average IFMAP DRAM BW: 1.141 words/cycle
Average Filter DRAM BW: 0.973 words/cycle
Average OFMAP DRAM BW: 32.000 words/cycle

Running Layer 815
Total cycles: 1237
Compute cycles: 675
Stall cycles: 0
Overall utilization: 5.56%
Mapping efficiency: 12.50%
Average IFMAP SRAM BW: 1.778 words/cycle
Average Filter SRAM BW: 0.759 words/cycle
Average OFMAP SRAM BW: 14.222 words/cycle
Average IFMAP DRAM BW: 1.141 words/cycle
Average Filter DRAM BW: 1.947 words/cycle
Average OFMAP DRAM BW: 32.000 words/cycle

Running Layer 816
Total cycles: 749
Compute cycles: 337
Stall cycles: 0
Overall utilization: 11.13%
Mapping efficiency: 25.00%
Average IFMAP SRAM BW: 3.561 words/cycle
Average Filter SRAM BW: 1.519 words/cycle
Average OFMAP SRAM BW: 14.243 words/cycle
Average IFMAP DRAM BW: 2.281 words/cycle
Average Filter DRAM BW: 1.947 words/cycle
Average OFMAP DRAM BW: 32.000 words/cycle

Running Layer 817
Total cycles: 1237
Compute cycles: 675
Stall cycles: 0
Overall utilization: 11.11%
Mapping efficiency: 25.00%
Average IFMAP SRAM BW: 3.556 words/cycle
Average Filter SRAM BW: 1.517 words/cycle
Average OFMAP SRAM BW: 14.222 words/cycle
Average IFMAP DRAM BW: 2.281 words/cycle
Average Filter DRAM BW: 3.894 words/cycle
Average OFMAP DRAM BW: 32.000 words/cycle

Running Layer 818
Total cycles: 749
Compute cycles: 337
Stall cycles: 0
Overall utilization: 22.26%
Mapping efficiency: 50.00%
Average IFMAP SRAM BW: 7.122 words/cycle
Average Filter SRAM BW: 3.039 words/cycle
Average OFMAP SRAM BW: 14.243 words/cycle
Average IFMAP DRAM BW: 4.563 words/cycle
Average Filter DRAM BW: 3.894 words/cycle
Average OFMAP DRAM BW: 32.000 words/cycle

Running Layer 819
Total cycles: 1237
Compute cycles: 675
Stall cycles: 0
Overall utilization: 22.22%
Mapping efficiency: 50.00%
Average IFMAP SRAM BW: 7.111 words/cycle
Average Filter SRAM BW: 3.034 words/cycle
Average OFMAP SRAM BW: 14.222 words/cycle
Average IFMAP DRAM BW: 4.563 words/cycle
Average Filter DRAM BW: 7.787 words/cycle
Average OFMAP DRAM BW: 32.000 words/cycle

Running Layer 820
Total cycles: 749
Compute cycles: 337
Stall cycles: 0
Overall utilization: 44.51%
Mapping efficiency: 100.00%
Average IFMAP SRAM BW: 14.243 words/cycle
Average Filter SRAM BW: 6.077 words/cycle
Average OFMAP SRAM BW: 14.243 words/cycle
Average IFMAP DRAM BW: 9.125 words/cycle
Average Filter DRAM BW: 7.787 words/cycle
Average OFMAP DRAM BW: 32.000 words/cycle

Running Layer 821
Total cycles: 1499
Compute cycles: 675
Stall cycles: 0
Overall utilization: 44.44%
Mapping efficiency: 100.00%
Average IFMAP SRAM BW: 14.222 words/cycle
Average Filter SRAM BW: 6.068 words/cycle
Average OFMAP SRAM BW: 14.222 words/cycle
Average IFMAP DRAM BW: 9.125 words/cycle
Average Filter DRAM BW: 7.802 words/cycle
Average OFMAP DRAM BW: 32.000 words/cycle

Running Layer 822
Total cycles: 1499
Compute cycles: 675
Stall cycles: 0
Overall utilization: 44.44%
Mapping efficiency: 100.00%
Average IFMAP SRAM BW: 14.222 words/cycle
Average Filter SRAM BW: 6.068 words/cycle
Average OFMAP SRAM BW: 14.222 words/cycle
Average IFMAP DRAM BW: 9.143 words/cycle
Average Filter DRAM BW: 7.802 words/cycle
Average OFMAP DRAM BW: 32.000 words/cycle

Running Layer 823
Total cycles: 2999
Compute cycles: 1351
Stall cycles: 0
Overall utilization: 44.41%
Mapping efficiency: 100.00%
Average IFMAP SRAM BW: 14.212 words/cycle
Average Filter SRAM BW: 6.064 words/cycle
Average OFMAP SRAM BW: 14.212 words/cycle
Average IFMAP DRAM BW: 9.143 words/cycle
Average Filter DRAM BW: 7.809 words/cycle
Average OFMAP DRAM BW: 32.000 words/cycle

Running Layer 824
Total cycles: 5737
Compute cycles: 2703
Stall cycles: 0
Overall utilization: 44.40%
Mapping efficiency: 100.00%
Average IFMAP SRAM BW: 14.206 words/cycle
Average Filter SRAM BW: 6.061 words/cycle
Average OFMAP SRAM BW: 14.206 words/cycle
Average IFMAP DRAM BW: 9.152 words/cycle
Average Filter DRAM BW: 8.929 words/cycle
Average OFMAP DRAM BW: 32.000 words/cycle

Running Layer 825
Total cycles: 753
Compute cycles: 339
Stall cycles: 0
Overall utilization: 5.60%
Mapping efficiency: 12.50%
Average IFMAP SRAM BW: 1.794 words/cycle
Average Filter SRAM BW: 0.755 words/cycle
Average OFMAP SRAM BW: 14.348 words/cycle
Average IFMAP DRAM BW: 1.156 words/cycle
Average Filter DRAM BW: 0.973 words/cycle
Average OFMAP DRAM BW: 32.000 words/cycle

Running Layer 826
Total cycles: 1245
Compute cycles: 679
Stall cycles: 0
Overall utilization: 5.60%
Mapping efficiency: 12.50%
Average IFMAP SRAM BW: 1.791 words/cycle
Average Filter SRAM BW: 0.754 words/cycle
Average OFMAP SRAM BW: 14.327 words/cycle
Average IFMAP DRAM BW: 1.156 words/cycle
Average Filter DRAM BW: 1.947 words/cycle
Average OFMAP DRAM BW: 32.000 words/cycle

Running Layer 827
Total cycles: 753
Compute cycles: 339
Stall cycles: 0
Overall utilization: 11.21%
Mapping efficiency: 25.00%
Average IFMAP SRAM BW: 3.587 words/cycle
Average Filter SRAM BW: 1.510 words/cycle
Average OFMAP SRAM BW: 14.348 words/cycle
Average IFMAP DRAM BW: 2.312 words/cycle
Average Filter DRAM BW: 1.947 words/cycle
Average OFMAP DRAM BW: 32.000 words/cycle

Running Layer 828
Total cycles: 1245
Compute cycles: 679
Stall cycles: 0
Overall utilization: 11.19%
Mapping efficiency: 25.00%
Average IFMAP SRAM BW: 3.582 words/cycle
Average Filter SRAM BW: 1.508 words/cycle
Average OFMAP SRAM BW: 14.327 words/cycle
Average IFMAP DRAM BW: 2.312 words/cycle
Average Filter DRAM BW: 3.894 words/cycle
Average OFMAP DRAM BW: 32.000 words/cycle

Running Layer 829
Total cycles: 753
Compute cycles: 339
Stall cycles: 0
Overall utilization: 22.42%
Mapping efficiency: 50.00%
Average IFMAP SRAM BW: 7.174 words/cycle
Average Filter SRAM BW: 3.021 words/cycle
Average OFMAP SRAM BW: 14.348 words/cycle
Average IFMAP DRAM BW: 4.624 words/cycle
Average Filter DRAM BW: 3.894 words/cycle
Average OFMAP DRAM BW: 32.000 words/cycle

Running Layer 830
Total cycles: 1245
Compute cycles: 679
Stall cycles: 0
Overall utilization: 22.39%
Mapping efficiency: 50.00%
Average IFMAP SRAM BW: 7.163 words/cycle
Average Filter SRAM BW: 3.016 words/cycle
Average OFMAP SRAM BW: 14.327 words/cycle
Average IFMAP DRAM BW: 4.624 words/cycle
Average Filter DRAM BW: 7.787 words/cycle
Average OFMAP DRAM BW: 32.000 words/cycle

Running Layer 831
Total cycles: 753
Compute cycles: 339
Stall cycles: 0
Overall utilization: 44.84%
Mapping efficiency: 100.00%
Average IFMAP SRAM BW: 14.348 words/cycle
Average Filter SRAM BW: 6.041 words/cycle
Average OFMAP SRAM BW: 14.348 words/cycle
Average IFMAP DRAM BW: 9.247 words/cycle
Average Filter DRAM BW: 7.787 words/cycle
Average OFMAP DRAM BW: 32.000 words/cycle

Running Layer 832
Total cycles: 1507
Compute cycles: 679
Stall cycles: 0
Overall utilization: 44.77%
Mapping efficiency: 100.00%
Average IFMAP SRAM BW: 14.327 words/cycle
Average Filter SRAM BW: 6.032 words/cycle
Average OFMAP SRAM BW: 14.327 words/cycle
Average IFMAP DRAM BW: 9.247 words/cycle
Average Filter DRAM BW: 7.802 words/cycle
Average OFMAP DRAM BW: 32.000 words/cycle

Running Layer 833
Total cycles: 1507
Compute cycles: 679
Stall cycles: 0
Overall utilization: 44.77%
Mapping efficiency: 100.00%
Average IFMAP SRAM BW: 14.327 words/cycle
Average Filter SRAM BW: 6.032 words/cycle
Average OFMAP SRAM BW: 14.327 words/cycle
Average IFMAP DRAM BW: 9.265 words/cycle
Average Filter DRAM BW: 7.802 words/cycle
Average OFMAP DRAM BW: 32.000 words/cycle

Running Layer 834
Total cycles: 3015
Compute cycles: 1359
Stall cycles: 0
Overall utilization: 44.74%
Mapping efficiency: 100.00%
Average IFMAP SRAM BW: 14.316 words/cycle
Average Filter SRAM BW: 6.028 words/cycle
Average OFMAP SRAM BW: 14.316 words/cycle
Average IFMAP DRAM BW: 9.265 words/cycle
Average Filter DRAM BW: 7.809 words/cycle
Average OFMAP DRAM BW: 32.000 words/cycle

Running Layer 835
Total cycles: 5769
Compute cycles: 2719
Stall cycles: 0
Overall utilization: 44.72%
Mapping efficiency: 100.00%
Average IFMAP SRAM BW: 14.311 words/cycle
Average Filter SRAM BW: 6.026 words/cycle
Average OFMAP SRAM BW: 14.311 words/cycle
Average IFMAP DRAM BW: 9.274 words/cycle
Average Filter DRAM BW: 8.929 words/cycle
Average OFMAP DRAM BW: 32.000 words/cycle

Running Layer 836
Total cycles: 757
Compute cycles: 341
Stall cycles: 0
Overall utilization: 5.65%
Mapping efficiency: 12.50%
Average IFMAP SRAM BW: 1.806 words/cycle
Average Filter SRAM BW: 0.751 words/cycle
Average OFMAP SRAM BW: 14.452 words/cycle
Average IFMAP DRAM BW: 1.171 words/cycle
Average Filter DRAM BW: 0.973 words/cycle
Average OFMAP DRAM BW: 32.000 words/cycle

Running Layer 837
Total cycles: 1253
Compute cycles: 683
Stall cycles: 0
Overall utilization: 5.64%
Mapping efficiency: 12.50%
Average IFMAP SRAM BW: 1.804 words/cycle
Average Filter SRAM BW: 0.750 words/cycle
Average OFMAP SRAM BW: 14.430 words/cycle
Average IFMAP DRAM BW: 1.171 words/cycle
Average Filter DRAM BW: 1.947 words/cycle
Average OFMAP DRAM BW: 32.000 words/cycle

Running Layer 838
Total cycles: 757
Compute cycles: 341
Stall cycles: 0
Overall utilization: 11.29%
Mapping efficiency: 25.00%
Average IFMAP SRAM BW: 3.613 words/cycle
Average Filter SRAM BW: 1.501 words/cycle
Average OFMAP SRAM BW: 14.452 words/cycle
Average IFMAP DRAM BW: 2.342 words/cycle
Average Filter DRAM BW: 1.947 words/cycle
Average OFMAP DRAM BW: 32.000 words/cycle

Running Layer 839
Total cycles: 1253
Compute cycles: 683
Stall cycles: 0
Overall utilization: 11.27%
Mapping efficiency: 25.00%
Average IFMAP SRAM BW: 3.608 words/cycle
Average Filter SRAM BW: 1.499 words/cycle
Average OFMAP SRAM BW: 14.430 words/cycle
Average IFMAP DRAM BW: 2.342 words/cycle
Average Filter DRAM BW: 3.894 words/cycle
Average OFMAP DRAM BW: 32.000 words/cycle

Running Layer 840
Total cycles: 757
Compute cycles: 341
Stall cycles: 0
Overall utilization: 22.58%
Mapping efficiency: 50.00%
Average IFMAP SRAM BW: 7.226 words/cycle
Average Filter SRAM BW: 3.003 words/cycle
Average OFMAP SRAM BW: 14.452 words/cycle
Average IFMAP DRAM BW: 4.684 words/cycle
Average Filter DRAM BW: 3.894 words/cycle
Average OFMAP DRAM BW: 32.000 words/cycle

Running Layer 841
Total cycles: 1253
Compute cycles: 683
Stall cycles: 0
Overall utilization: 22.55%
Mapping efficiency: 50.00%
Average IFMAP SRAM BW: 7.215 words/cycle
Average Filter SRAM BW: 2.999 words/cycle
Average OFMAP SRAM BW: 14.430 words/cycle
Average IFMAP DRAM BW: 4.684 words/cycle
Average Filter DRAM BW: 7.787 words/cycle
Average OFMAP DRAM BW: 32.000 words/cycle

Running Layer 842
Total cycles: 757
Compute cycles: 341
Stall cycles: 0
Overall utilization: 45.16%
Mapping efficiency: 100.00%
Average IFMAP SRAM BW: 14.452 words/cycle
Average Filter SRAM BW: 6.006 words/cycle
Average OFMAP SRAM BW: 14.452 words/cycle
Average IFMAP DRAM BW: 9.369 words/cycle
Average Filter DRAM BW: 7.787 words/cycle
Average OFMAP DRAM BW: 32.000 words/cycle

Running Layer 843
Total cycles: 1515
Compute cycles: 683
Stall cycles: 0
Overall utilization: 45.10%
Mapping efficiency: 100.00%
Average IFMAP SRAM BW: 14.430 words/cycle
Average Filter SRAM BW: 5.997 words/cycle
Average OFMAP SRAM BW: 14.430 words/cycle
Average IFMAP DRAM BW: 9.369 words/cycle
Average Filter DRAM BW: 7.802 words/cycle
Average OFMAP DRAM BW: 32.000 words/cycle

Running Layer 844
Total cycles: 1515
Compute cycles: 683
Stall cycles: 0
Overall utilization: 45.10%
Mapping efficiency: 100.00%
Average IFMAP SRAM BW: 14.430 words/cycle
Average Filter SRAM BW: 5.997 words/cycle
Average OFMAP SRAM BW: 14.430 words/cycle
Average IFMAP DRAM BW: 9.387 words/cycle
Average Filter DRAM BW: 7.802 words/cycle
Average OFMAP DRAM BW: 32.000 words/cycle

Running Layer 845
Total cycles: 3031
Compute cycles: 1367
Stall cycles: 0
Overall utilization: 45.06%
Mapping efficiency: 100.00%
Average IFMAP SRAM BW: 14.420 words/cycle
Average Filter SRAM BW: 5.993 words/cycle
Average OFMAP SRAM BW: 14.420 words/cycle
Average IFMAP DRAM BW: 9.387 words/cycle
Average Filter DRAM BW: 7.809 words/cycle
Average OFMAP DRAM BW: 32.000 words/cycle

Running Layer 846
Total cycles: 5801
Compute cycles: 2735
Stall cycles: 0
Overall utilization: 45.05%
Mapping efficiency: 100.00%
Average IFMAP SRAM BW: 14.415 words/cycle
Average Filter SRAM BW: 5.990 words/cycle
Average OFMAP SRAM BW: 14.415 words/cycle
Average IFMAP DRAM BW: 9.396 words/cycle
Average Filter DRAM BW: 8.929 words/cycle
Average OFMAP DRAM BW: 32.000 words/cycle

Running Layer 847
Total cycles: 761
Compute cycles: 343
Stall cycles: 0
Overall utilization: 5.69%
Mapping efficiency: 12.50%
Average IFMAP SRAM BW: 1.819 words/cycle
Average Filter SRAM BW: 0.746 words/cycle
Average OFMAP SRAM BW: 14.554 words/cycle
Average IFMAP DRAM BW: 1.186 words/cycle
Average Filter DRAM BW: 0.973 words/cycle
Average OFMAP DRAM BW: 32.000 words/cycle

Running Layer 848
Total cycles: 1261
Compute cycles: 687
Stall cycles: 0
Overall utilization: 5.68%
Mapping efficiency: 12.50%
Average IFMAP SRAM BW: 1.817 words/cycle
Average Filter SRAM BW: 0.745 words/cycle
Average OFMAP SRAM BW: 14.533 words/cycle
Average IFMAP DRAM BW: 1.186 words/cycle
Average Filter DRAM BW: 1.947 words/cycle
Average OFMAP DRAM BW: 32.000 words/cycle

Running Layer 849
Total cycles: 761
Compute cycles: 343
Stall cycles: 0
Overall utilization: 11.37%
Mapping efficiency: 25.00%
Average IFMAP SRAM BW: 3.638 words/cycle
Average Filter SRAM BW: 1.493 words/cycle
Average OFMAP SRAM BW: 14.554 words/cycle
Average IFMAP DRAM BW: 2.373 words/cycle
Average Filter DRAM BW: 1.947 words/cycle
Average OFMAP DRAM BW: 32.000 words/cycle

Running Layer 850
Total cycles: 1261
Compute cycles: 687
Stall cycles: 0
Overall utilization: 11.35%
Mapping efficiency: 25.00%
Average IFMAP SRAM BW: 3.633 words/cycle
Average Filter SRAM BW: 1.491 words/cycle
Average OFMAP SRAM BW: 14.533 words/cycle
Average IFMAP DRAM BW: 2.373 words/cycle
Average Filter DRAM BW: 3.894 words/cycle
Average OFMAP DRAM BW: 32.000 words/cycle

Running Layer 851
Total cycles: 761
Compute cycles: 343
Stall cycles: 0
Overall utilization: 22.74%
Mapping efficiency: 50.00%
Average IFMAP SRAM BW: 7.277 words/cycle
Average Filter SRAM BW: 2.985 words/cycle
Average OFMAP SRAM BW: 14.554 words/cycle
Average IFMAP DRAM BW: 4.745 words/cycle
Average Filter DRAM BW: 3.894 words/cycle
Average OFMAP DRAM BW: 32.000 words/cycle

Running Layer 852
Total cycles: 1261
Compute cycles: 687
Stall cycles: 0
Overall utilization: 22.71%
Mapping efficiency: 50.00%
Average IFMAP SRAM BW: 7.266 words/cycle
Average Filter SRAM BW: 2.981 words/cycle
Average OFMAP SRAM BW: 14.533 words/cycle
Average IFMAP DRAM BW: 4.745 words/cycle
Average Filter DRAM BW: 7.787 words/cycle
Average OFMAP DRAM BW: 32.000 words/cycle

Running Layer 853
Total cycles: 761
Compute cycles: 343
Stall cycles: 0
Overall utilization: 45.48%
Mapping efficiency: 100.00%
Average IFMAP SRAM BW: 14.554 words/cycle
Average Filter SRAM BW: 5.971 words/cycle
Average OFMAP SRAM BW: 14.554 words/cycle
Average IFMAP DRAM BW: 9.490 words/cycle
Average Filter DRAM BW: 7.787 words/cycle
Average OFMAP DRAM BW: 32.000 words/cycle

Running Layer 854
Total cycles: 1523
Compute cycles: 687
Stall cycles: 0
Overall utilization: 45.41%
Mapping efficiency: 100.00%
Average IFMAP SRAM BW: 14.533 words/cycle
Average Filter SRAM BW: 5.962 words/cycle
Average OFMAP SRAM BW: 14.533 words/cycle
Average IFMAP DRAM BW: 9.490 words/cycle
Average Filter DRAM BW: 7.802 words/cycle
Average OFMAP DRAM BW: 32.000 words/cycle

Running Layer 855
Total cycles: 1523
Compute cycles: 687
Stall cycles: 0
Overall utilization: 45.41%
Mapping efficiency: 100.00%
Average IFMAP SRAM BW: 14.533 words/cycle
Average Filter SRAM BW: 5.962 words/cycle
Average OFMAP SRAM BW: 14.533 words/cycle
Average IFMAP DRAM BW: 9.509 words/cycle
Average Filter DRAM BW: 7.802 words/cycle
Average OFMAP DRAM BW: 32.000 words/cycle

Running Layer 856
Total cycles: 3047
Compute cycles: 1375
Stall cycles: 0
Overall utilization: 45.38%
Mapping efficiency: 100.00%
Average IFMAP SRAM BW: 14.522 words/cycle
Average Filter SRAM BW: 5.958 words/cycle
Average OFMAP SRAM BW: 14.522 words/cycle
Average IFMAP DRAM BW: 9.509 words/cycle
Average Filter DRAM BW: 7.809 words/cycle
Average OFMAP DRAM BW: 32.000 words/cycle

Running Layer 857
Total cycles: 5833
Compute cycles: 2751
Stall cycles: 0
Overall utilization: 45.37%
Mapping efficiency: 100.00%
Average IFMAP SRAM BW: 14.517 words/cycle
Average Filter SRAM BW: 5.956 words/cycle
Average OFMAP SRAM BW: 14.517 words/cycle
Average IFMAP DRAM BW: 9.518 words/cycle
Average Filter DRAM BW: 8.929 words/cycle
Average OFMAP DRAM BW: 32.000 words/cycle

Running Layer 858
Total cycles: 765
Compute cycles: 345
Stall cycles: 0
Overall utilization: 5.72%
Mapping efficiency: 12.50%
Average IFMAP SRAM BW: 1.832 words/cycle
Average Filter SRAM BW: 0.742 words/cycle
Average OFMAP SRAM BW: 14.655 words/cycle
Average IFMAP DRAM BW: 1.202 words/cycle
Average Filter DRAM BW: 0.973 words/cycle
Average OFMAP DRAM BW: 32.000 words/cycle

Running Layer 859
Total cycles: 1269
Compute cycles: 691
Stall cycles: 0
Overall utilization: 5.72%
Mapping efficiency: 12.50%
Average IFMAP SRAM BW: 1.829 words/cycle
Average Filter SRAM BW: 0.741 words/cycle
Average OFMAP SRAM BW: 14.634 words/cycle
Average IFMAP DRAM BW: 1.202 words/cycle
Average Filter DRAM BW: 1.947 words/cycle
Average OFMAP DRAM BW: 32.000 words/cycle

Running Layer 860
Total cycles: 765
Compute cycles: 345
Stall cycles: 0
Overall utilization: 11.45%
Mapping efficiency: 25.00%
Average IFMAP SRAM BW: 3.664 words/cycle
Average Filter SRAM BW: 1.484 words/cycle
Average OFMAP SRAM BW: 14.655 words/cycle
Average IFMAP DRAM BW: 2.403 words/cycle
Average Filter DRAM BW: 1.947 words/cycle
Average OFMAP DRAM BW: 32.000 words/cycle

Running Layer 861
Total cycles: 1269
Compute cycles: 691
Stall cycles: 0
Overall utilization: 11.43%
Mapping efficiency: 25.00%
Average IFMAP SRAM BW: 3.658 words/cycle
Average Filter SRAM BW: 1.482 words/cycle
Average OFMAP SRAM BW: 14.634 words/cycle
Average IFMAP DRAM BW: 2.403 words/cycle
Average Filter DRAM BW: 3.894 words/cycle
Average OFMAP DRAM BW: 32.000 words/cycle

Running Layer 862
Total cycles: 765
Compute cycles: 345
Stall cycles: 0
Overall utilization: 22.90%
Mapping efficiency: 50.00%
Average IFMAP SRAM BW: 7.328 words/cycle
Average Filter SRAM BW: 2.968 words/cycle
Average OFMAP SRAM BW: 14.655 words/cycle
Average IFMAP DRAM BW: 4.806 words/cycle
Average Filter DRAM BW: 3.894 words/cycle
Average OFMAP DRAM BW: 32.000 words/cycle

Running Layer 863
Total cycles: 1269
Compute cycles: 691
Stall cycles: 0
Overall utilization: 22.87%
Mapping efficiency: 50.00%
Average IFMAP SRAM BW: 7.317 words/cycle
Average Filter SRAM BW: 2.964 words/cycle
Average OFMAP SRAM BW: 14.634 words/cycle
Average IFMAP DRAM BW: 4.806 words/cycle
Average Filter DRAM BW: 7.787 words/cycle
Average OFMAP DRAM BW: 32.000 words/cycle

Running Layer 864
Total cycles: 765
Compute cycles: 345
Stall cycles: 0
Overall utilization: 45.80%
Mapping efficiency: 100.00%
Average IFMAP SRAM BW: 14.655 words/cycle
Average Filter SRAM BW: 5.936 words/cycle
Average OFMAP SRAM BW: 14.655 words/cycle
Average IFMAP DRAM BW: 9.612 words/cycle
Average Filter DRAM BW: 7.787 words/cycle
Average OFMAP DRAM BW: 32.000 words/cycle

Running Layer 865
Total cycles: 1531
Compute cycles: 691
Stall cycles: 0
Overall utilization: 45.73%
Mapping efficiency: 100.00%
Average IFMAP SRAM BW: 14.634 words/cycle
Average Filter SRAM BW: 5.928 words/cycle
Average OFMAP SRAM BW: 14.634 words/cycle
Average IFMAP DRAM BW: 9.612 words/cycle
Average Filter DRAM BW: 7.802 words/cycle
Average OFMAP DRAM BW: 32.000 words/cycle

Running Layer 866
Total cycles: 1531
Compute cycles: 691
Stall cycles: 0
Overall utilization: 45.73%
Mapping efficiency: 100.00%
Average IFMAP SRAM BW: 14.634 words/cycle
Average Filter SRAM BW: 5.928 words/cycle
Average OFMAP SRAM BW: 14.634 words/cycle
Average IFMAP DRAM BW: 9.630 words/cycle
Average Filter DRAM BW: 7.802 words/cycle
Average OFMAP DRAM BW: 32.000 words/cycle

Running Layer 867
Total cycles: 3063
Compute cycles: 1383
Stall cycles: 0
Overall utilization: 45.70%
Mapping efficiency: 100.00%
Average IFMAP SRAM BW: 14.623 words/cycle
Average Filter SRAM BW: 5.923 words/cycle
Average OFMAP SRAM BW: 14.623 words/cycle
Average IFMAP DRAM BW: 9.630 words/cycle
Average Filter DRAM BW: 7.809 words/cycle
Average OFMAP DRAM BW: 32.000 words/cycle

Running Layer 868
Total cycles: 5865
Compute cycles: 2767
Stall cycles: 0
Overall utilization: 45.68%
Mapping efficiency: 100.00%
Average IFMAP SRAM BW: 14.618 words/cycle
Average Filter SRAM BW: 5.921 words/cycle
Average OFMAP SRAM BW: 14.618 words/cycle
Average IFMAP DRAM BW: 9.640 words/cycle
Average Filter DRAM BW: 8.929 words/cycle
Average OFMAP DRAM BW: 32.000 words/cycle

Running Layer 869
Total cycles: 769
Compute cycles: 347
Stall cycles: 0
Overall utilization: 5.76%
Mapping efficiency: 12.50%
Average IFMAP SRAM BW: 1.844 words/cycle
Average Filter SRAM BW: 0.738 words/cycle
Average OFMAP SRAM BW: 14.755 words/cycle
Average IFMAP DRAM BW: 1.217 words/cycle
Average Filter DRAM BW: 0.973 words/cycle
Average OFMAP DRAM BW: 32.000 words/cycle

Running Layer 870
Total cycles: 1277
Compute cycles: 695
Stall cycles: 0
Overall utilization: 5.76%
Mapping efficiency: 12.50%
Average IFMAP SRAM BW: 1.842 words/cycle
Average Filter SRAM BW: 0.737 words/cycle
Average OFMAP SRAM BW: 14.734 words/cycle
Average IFMAP DRAM BW: 1.217 words/cycle
Average Filter DRAM BW: 1.947 words/cycle
Average OFMAP DRAM BW: 32.000 words/cycle

Running Layer 871
Total cycles: 769
Compute cycles: 347
Stall cycles: 0
Overall utilization: 11.53%
Mapping efficiency: 25.00%
Average IFMAP SRAM BW: 3.689 words/cycle
Average Filter SRAM BW: 1.476 words/cycle
Average OFMAP SRAM BW: 14.755 words/cycle
Average IFMAP DRAM BW: 2.433 words/cycle
Average Filter DRAM BW: 1.947 words/cycle
Average OFMAP DRAM BW: 32.000 words/cycle

Running Layer 872
Total cycles: 1277
Compute cycles: 695
Stall cycles: 0
Overall utilization: 11.51%
Mapping efficiency: 25.00%
Average IFMAP SRAM BW: 3.683 words/cycle
Average Filter SRAM BW: 1.473 words/cycle
Average OFMAP SRAM BW: 14.734 words/cycle
Average IFMAP DRAM BW: 2.433 words/cycle
Average Filter DRAM BW: 3.894 words/cycle
Average OFMAP DRAM BW: 32.000 words/cycle

Running Layer 873
Total cycles: 769
Compute cycles: 347
Stall cycles: 0
Overall utilization: 23.05%
Mapping efficiency: 50.00%
Average IFMAP SRAM BW: 7.378 words/cycle
Average Filter SRAM BW: 2.951 words/cycle
Average OFMAP SRAM BW: 14.755 words/cycle
Average IFMAP DRAM BW: 4.867 words/cycle
Average Filter DRAM BW: 3.894 words/cycle
Average OFMAP DRAM BW: 32.000 words/cycle

Running Layer 874
Total cycles: 1277
Compute cycles: 695
Stall cycles: 0
Overall utilization: 23.02%
Mapping efficiency: 50.00%
Average IFMAP SRAM BW: 7.367 words/cycle
Average Filter SRAM BW: 2.947 words/cycle
Average OFMAP SRAM BW: 14.734 words/cycle
Average IFMAP DRAM BW: 4.867 words/cycle
Average Filter DRAM BW: 7.787 words/cycle
Average OFMAP DRAM BW: 32.000 words/cycle

Running Layer 875
Total cycles: 769
Compute cycles: 347
Stall cycles: 0
Overall utilization: 46.11%
Mapping efficiency: 100.00%
Average IFMAP SRAM BW: 14.755 words/cycle
Average Filter SRAM BW: 5.902 words/cycle
Average OFMAP SRAM BW: 14.755 words/cycle
Average IFMAP DRAM BW: 9.734 words/cycle
Average Filter DRAM BW: 7.787 words/cycle
Average OFMAP DRAM BW: 32.000 words/cycle

Running Layer 876
Total cycles: 1539
Compute cycles: 695
Stall cycles: 0
Overall utilization: 46.04%
Mapping efficiency: 100.00%
Average IFMAP SRAM BW: 14.734 words/cycle
Average Filter SRAM BW: 5.894 words/cycle
Average OFMAP SRAM BW: 14.734 words/cycle
Average IFMAP DRAM BW: 9.734 words/cycle
Average Filter DRAM BW: 7.802 words/cycle
Average OFMAP DRAM BW: 32.000 words/cycle

Running Layer 877
Total cycles: 1539
Compute cycles: 695
Stall cycles: 0
Overall utilization: 46.04%
Mapping efficiency: 100.00%
Average IFMAP SRAM BW: 14.734 words/cycle
Average Filter SRAM BW: 5.894 words/cycle
Average OFMAP SRAM BW: 14.734 words/cycle
Average IFMAP DRAM BW: 9.752 words/cycle
Average Filter DRAM BW: 7.802 words/cycle
Average OFMAP DRAM BW: 32.000 words/cycle

Running Layer 878
Total cycles: 3079
Compute cycles: 1391
Stall cycles: 0
Overall utilization: 46.01%
Mapping efficiency: 100.00%
Average IFMAP SRAM BW: 14.723 words/cycle
Average Filter SRAM BW: 5.889 words/cycle
Average OFMAP SRAM BW: 14.723 words/cycle
Average IFMAP DRAM BW: 9.752 words/cycle
Average Filter DRAM BW: 7.809 words/cycle
Average OFMAP DRAM BW: 32.000 words/cycle

Running Layer 879
Total cycles: 5897
Compute cycles: 2783
Stall cycles: 0
Overall utilization: 45.99%
Mapping efficiency: 100.00%
Average IFMAP SRAM BW: 14.718 words/cycle
Average Filter SRAM BW: 5.887 words/cycle
Average OFMAP SRAM BW: 14.718 words/cycle
Average IFMAP DRAM BW: 9.762 words/cycle
Average Filter DRAM BW: 8.929 words/cycle
Average OFMAP DRAM BW: 32.000 words/cycle

Running Layer 880
Total cycles: 773
Compute cycles: 349
Stall cycles: 0
Overall utilization: 5.80%
Mapping efficiency: 12.50%
Average IFMAP SRAM BW: 1.857 words/cycle
Average Filter SRAM BW: 0.734 words/cycle
Average OFMAP SRAM BW: 14.854 words/cycle
Average IFMAP DRAM BW: 1.232 words/cycle
Average Filter DRAM BW: 0.973 words/cycle
Average OFMAP DRAM BW: 32.000 words/cycle

Running Layer 881
Total cycles: 1285
Compute cycles: 699
Stall cycles: 0
Overall utilization: 5.79%
Mapping efficiency: 12.50%
Average IFMAP SRAM BW: 1.854 words/cycle
Average Filter SRAM BW: 0.732 words/cycle
Average OFMAP SRAM BW: 14.833 words/cycle
Average IFMAP DRAM BW: 1.232 words/cycle
Average Filter DRAM BW: 1.947 words/cycle
Average OFMAP DRAM BW: 32.000 words/cycle

Running Layer 882
Total cycles: 773
Compute cycles: 349
Stall cycles: 0
Overall utilization: 11.60%
Mapping efficiency: 25.00%
Average IFMAP SRAM BW: 3.713 words/cycle
Average Filter SRAM BW: 1.467 words/cycle
Average OFMAP SRAM BW: 14.854 words/cycle
Average IFMAP DRAM BW: 2.464 words/cycle
Average Filter DRAM BW: 1.947 words/cycle
Average OFMAP DRAM BW: 32.000 words/cycle

Running Layer 883
Total cycles: 1285
Compute cycles: 699
Stall cycles: 0
Overall utilization: 11.59%
Mapping efficiency: 25.00%
Average IFMAP SRAM BW: 3.708 words/cycle
Average Filter SRAM BW: 1.465 words/cycle
Average OFMAP SRAM BW: 14.833 words/cycle
Average IFMAP DRAM BW: 2.464 words/cycle
Average Filter DRAM BW: 3.894 words/cycle
Average OFMAP DRAM BW: 32.000 words/cycle

Running Layer 884
Total cycles: 773
Compute cycles: 349
Stall cycles: 0
Overall utilization: 23.21%
Mapping efficiency: 50.00%
Average IFMAP SRAM BW: 7.427 words/cycle
Average Filter SRAM BW: 2.934 words/cycle
Average OFMAP SRAM BW: 14.854 words/cycle
Average IFMAP DRAM BW: 4.928 words/cycle
Average Filter DRAM BW: 3.894 words/cycle
Average OFMAP DRAM BW: 32.000 words/cycle

Running Layer 885
Total cycles: 1285
Compute cycles: 699
Stall cycles: 0
Overall utilization: 23.18%
Mapping efficiency: 50.00%
Average IFMAP SRAM BW: 7.416 words/cycle
Average Filter SRAM BW: 2.930 words/cycle
Average OFMAP SRAM BW: 14.833 words/cycle
Average IFMAP DRAM BW: 4.928 words/cycle
Average Filter DRAM BW: 7.787 words/cycle
Average OFMAP DRAM BW: 32.000 words/cycle

Running Layer 886
Total cycles: 773
Compute cycles: 349
Stall cycles: 0
Overall utilization: 46.42%
Mapping efficiency: 100.00%
Average IFMAP SRAM BW: 14.854 words/cycle
Average Filter SRAM BW: 5.868 words/cycle
Average OFMAP SRAM BW: 14.854 words/cycle
Average IFMAP DRAM BW: 9.856 words/cycle
Average Filter DRAM BW: 7.787 words/cycle
Average OFMAP DRAM BW: 32.000 words/cycle

Running Layer 887
Total cycles: 1547
Compute cycles: 699
Stall cycles: 0
Overall utilization: 46.35%
Mapping efficiency: 100.00%
Average IFMAP SRAM BW: 14.833 words/cycle
Average Filter SRAM BW: 5.860 words/cycle
Average OFMAP SRAM BW: 14.833 words/cycle
Average IFMAP DRAM BW: 9.856 words/cycle
Average Filter DRAM BW: 7.802 words/cycle
Average OFMAP DRAM BW: 32.000 words/cycle

Running Layer 888
Total cycles: 1547
Compute cycles: 699
Stall cycles: 0
Overall utilization: 46.35%
Mapping efficiency: 100.00%
Average IFMAP SRAM BW: 14.833 words/cycle
Average Filter SRAM BW: 5.860 words/cycle
Average OFMAP SRAM BW: 14.833 words/cycle
Average IFMAP DRAM BW: 9.874 words/cycle
Average Filter DRAM BW: 7.802 words/cycle
Average OFMAP DRAM BW: 32.000 words/cycle

Running Layer 889
Total cycles: 3095
Compute cycles: 1399
Stall cycles: 0
Overall utilization: 46.32%
Mapping efficiency: 100.00%
Average IFMAP SRAM BW: 14.822 words/cycle
Average Filter SRAM BW: 5.856 words/cycle
Average OFMAP SRAM BW: 14.822 words/cycle
Average IFMAP DRAM BW: 9.874 words/cycle
Average Filter DRAM BW: 7.809 words/cycle
Average OFMAP DRAM BW: 32.000 words/cycle

Running Layer 890
Total cycles: 5929
Compute cycles: 2799
Stall cycles: 0
Overall utilization: 46.30%
Mapping efficiency: 100.00%
Average IFMAP SRAM BW: 14.817 words/cycle
Average Filter SRAM BW: 5.854 words/cycle
Average OFMAP SRAM BW: 14.817 words/cycle
Average IFMAP DRAM BW: 9.884 words/cycle
Average Filter DRAM BW: 8.929 words/cycle
Average OFMAP DRAM BW: 32.000 words/cycle

Running Layer 891
Total cycles: 777
Compute cycles: 351
Stall cycles: 0
Overall utilization: 5.84%
Mapping efficiency: 12.50%
Average IFMAP SRAM BW: 1.869 words/cycle
Average Filter SRAM BW: 0.729 words/cycle
Average OFMAP SRAM BW: 14.952 words/cycle
Average IFMAP DRAM BW: 1.247 words/cycle
Average Filter DRAM BW: 0.973 words/cycle
Average OFMAP DRAM BW: 32.000 words/cycle

Running Layer 892
Total cycles: 1293
Compute cycles: 703
Stall cycles: 0
Overall utilization: 5.83%
Mapping efficiency: 12.50%
Average IFMAP SRAM BW: 1.866 words/cycle
Average Filter SRAM BW: 0.728 words/cycle
Average OFMAP SRAM BW: 14.930 words/cycle
Average IFMAP DRAM BW: 1.247 words/cycle
Average Filter DRAM BW: 1.947 words/cycle
Average OFMAP DRAM BW: 32.000 words/cycle

Running Layer 893
Total cycles: 777
Compute cycles: 351
Stall cycles: 0
Overall utilization: 11.68%
Mapping efficiency: 25.00%
Average IFMAP SRAM BW: 3.738 words/cycle
Average Filter SRAM BW: 1.459 words/cycle
Average OFMAP SRAM BW: 14.952 words/cycle
Average IFMAP DRAM BW: 2.494 words/cycle
Average Filter DRAM BW: 1.947 words/cycle
Average OFMAP DRAM BW: 32.000 words/cycle

Running Layer 894
Total cycles: 1293
Compute cycles: 703
Stall cycles: 0
Overall utilization: 11.66%
Mapping efficiency: 25.00%
Average IFMAP SRAM BW: 3.733 words/cycle
Average Filter SRAM BW: 1.457 words/cycle
Average OFMAP SRAM BW: 14.930 words/cycle
Average IFMAP DRAM BW: 2.494 words/cycle
Average Filter DRAM BW: 3.894 words/cycle
Average OFMAP DRAM BW: 32.000 words/cycle

Running Layer 895
Total cycles: 777
Compute cycles: 351
Stall cycles: 0
Overall utilization: 23.36%
Mapping efficiency: 50.00%
Average IFMAP SRAM BW: 7.476 words/cycle
Average Filter SRAM BW: 2.917 words/cycle
Average OFMAP SRAM BW: 14.952 words/cycle
Average IFMAP DRAM BW: 4.989 words/cycle
Average Filter DRAM BW: 3.894 words/cycle
Average OFMAP DRAM BW: 32.000 words/cycle

Running Layer 896
Total cycles: 1293
Compute cycles: 703
Stall cycles: 0
Overall utilization: 23.33%
Mapping efficiency: 50.00%
Average IFMAP SRAM BW: 7.465 words/cycle
Average Filter SRAM BW: 2.913 words/cycle
Average OFMAP SRAM BW: 14.930 words/cycle
Average IFMAP DRAM BW: 4.989 words/cycle
Average Filter DRAM BW: 7.787 words/cycle
Average OFMAP DRAM BW: 32.000 words/cycle

Running Layer 897
Total cycles: 1039
Compute cycles: 351
Stall cycles: 0
Overall utilization: 46.72%
Mapping efficiency: 100.00%
Average IFMAP SRAM BW: 14.952 words/cycle
Average Filter SRAM BW: 5.835 words/cycle
Average OFMAP SRAM BW: 14.952 words/cycle
Average IFMAP DRAM BW: 4.998 words/cycle
Average Filter DRAM BW: 7.787 words/cycle
Average OFMAP DRAM BW: 32.000 words/cycle

Running Layer 898
Total cycles: 1555
Compute cycles: 703
Stall cycles: 0
Overall utilization: 46.66%
Mapping efficiency: 100.00%
Average IFMAP SRAM BW: 14.930 words/cycle
Average Filter SRAM BW: 5.826 words/cycle
Average OFMAP SRAM BW: 14.930 words/cycle
Average IFMAP DRAM BW: 4.998 words/cycle
Average Filter DRAM BW: 7.802 words/cycle
Average OFMAP DRAM BW: 32.000 words/cycle

Running Layer 899
Total cycles: 1817
Compute cycles: 703
Stall cycles: 0
Overall utilization: 46.66%
Mapping efficiency: 100.00%
Average IFMAP SRAM BW: 14.930 words/cycle
Average Filter SRAM BW: 5.826 words/cycle
Average OFMAP SRAM BW: 14.930 words/cycle
Average IFMAP DRAM BW: 6.668 words/cycle
Average Filter DRAM BW: 7.802 words/cycle
Average OFMAP DRAM BW: 32.000 words/cycle

Running Layer 900
Total cycles: 3111
Compute cycles: 1407
Stall cycles: 0
Overall utilization: 46.62%
Mapping efficiency: 100.00%
Average IFMAP SRAM BW: 14.920 words/cycle
Average Filter SRAM BW: 5.822 words/cycle
Average OFMAP SRAM BW: 14.920 words/cycle
Average IFMAP DRAM BW: 6.668 words/cycle
Average Filter DRAM BW: 7.809 words/cycle
Average OFMAP DRAM BW: 32.000 words/cycle

Running Layer 901
Total cycles: 5961
Compute cycles: 2815
Stall cycles: 0
Overall utilization: 46.61%
Mapping efficiency: 100.00%
Average IFMAP SRAM BW: 14.914 words/cycle
Average Filter SRAM BW: 5.820 words/cycle
Average OFMAP SRAM BW: 14.914 words/cycle
Average IFMAP DRAM BW: 8.006 words/cycle
Average Filter DRAM BW: 8.929 words/cycle
Average OFMAP DRAM BW: 32.000 words/cycle

Running Layer 902
Total cycles: 781
Compute cycles: 353
Stall cycles: 0
Overall utilization: 5.88%
Mapping efficiency: 12.50%
Average IFMAP SRAM BW: 1.881 words/cycle
Average Filter SRAM BW: 0.725 words/cycle
Average OFMAP SRAM BW: 15.048 words/cycle
Average IFMAP DRAM BW: 1.262 words/cycle
Average Filter DRAM BW: 0.973 words/cycle
Average OFMAP DRAM BW: 32.000 words/cycle

Running Layer 903
Total cycles: 1301
Compute cycles: 707
Stall cycles: 0
Overall utilization: 5.87%
Mapping efficiency: 12.50%
Average IFMAP SRAM BW: 1.878 words/cycle
Average Filter SRAM BW: 0.724 words/cycle
Average OFMAP SRAM BW: 15.027 words/cycle
Average IFMAP DRAM BW: 1.262 words/cycle
Average Filter DRAM BW: 1.947 words/cycle
Average OFMAP DRAM BW: 32.000 words/cycle

Running Layer 904
Total cycles: 781
Compute cycles: 353
Stall cycles: 0
Overall utilization: 11.76%
Mapping efficiency: 25.00%
Average IFMAP SRAM BW: 3.762 words/cycle
Average Filter SRAM BW: 1.450 words/cycle
Average OFMAP SRAM BW: 15.048 words/cycle
Average IFMAP DRAM BW: 2.525 words/cycle
Average Filter DRAM BW: 1.947 words/cycle
Average OFMAP DRAM BW: 32.000 words/cycle

Running Layer 905
Total cycles: 1301
Compute cycles: 707
Stall cycles: 0
Overall utilization: 11.74%
Mapping efficiency: 25.00%
Average IFMAP SRAM BW: 3.757 words/cycle
Average Filter SRAM BW: 1.448 words/cycle
Average OFMAP SRAM BW: 15.027 words/cycle
Average IFMAP DRAM BW: 2.525 words/cycle
Average Filter DRAM BW: 3.894 words/cycle
Average OFMAP DRAM BW: 32.000 words/cycle

Running Layer 906
Total cycles: 781
Compute cycles: 353
Stall cycles: 0
Overall utilization: 23.51%
Mapping efficiency: 50.00%
Average IFMAP SRAM BW: 7.524 words/cycle
Average Filter SRAM BW: 2.901 words/cycle
Average OFMAP SRAM BW: 15.048 words/cycle
Average IFMAP DRAM BW: 5.049 words/cycle
Average Filter DRAM BW: 3.894 words/cycle
Average OFMAP DRAM BW: 32.000 words/cycle

Running Layer 907
Total cycles: 1301
Compute cycles: 707
Stall cycles: 0
Overall utilization: 23.48%
Mapping efficiency: 50.00%
Average IFMAP SRAM BW: 7.513 words/cycle
Average Filter SRAM BW: 2.897 words/cycle
Average OFMAP SRAM BW: 15.027 words/cycle
Average IFMAP DRAM BW: 5.049 words/cycle
Average Filter DRAM BW: 7.787 words/cycle
Average OFMAP DRAM BW: 32.000 words/cycle

Running Layer 908
Total cycles: 1043
Compute cycles: 353
Stall cycles: 0
Overall utilization: 47.03%
Mapping efficiency: 100.00%
Average IFMAP SRAM BW: 15.048 words/cycle
Average Filter SRAM BW: 5.802 words/cycle
Average OFMAP SRAM BW: 15.048 words/cycle
Average IFMAP DRAM BW: 5.059 words/cycle
Average Filter DRAM BW: 7.787 words/cycle
Average OFMAP DRAM BW: 32.000 words/cycle

Running Layer 909
Total cycles: 1563
Compute cycles: 707
Stall cycles: 0
Overall utilization: 46.96%
Mapping efficiency: 100.00%
Average IFMAP SRAM BW: 15.027 words/cycle
Average Filter SRAM BW: 5.793 words/cycle
Average OFMAP SRAM BW: 15.027 words/cycle
Average IFMAP DRAM BW: 5.059 words/cycle
Average Filter DRAM BW: 7.802 words/cycle
Average OFMAP DRAM BW: 32.000 words/cycle

Running Layer 910
Total cycles: 1825
Compute cycles: 707
Stall cycles: 0
Overall utilization: 46.96%
Mapping efficiency: 100.00%
Average IFMAP SRAM BW: 15.027 words/cycle
Average Filter SRAM BW: 5.793 words/cycle
Average OFMAP SRAM BW: 15.027 words/cycle
Average IFMAP DRAM BW: 6.750 words/cycle
Average Filter DRAM BW: 7.802 words/cycle
Average OFMAP DRAM BW: 32.000 words/cycle

Running Layer 911
Total cycles: 3127
Compute cycles: 1415
Stall cycles: 0
Overall utilization: 46.93%
Mapping efficiency: 100.00%
Average IFMAP SRAM BW: 15.016 words/cycle
Average Filter SRAM BW: 5.789 words/cycle
Average OFMAP SRAM BW: 15.016 words/cycle
Average IFMAP DRAM BW: 6.750 words/cycle
Average Filter DRAM BW: 7.809 words/cycle
Average OFMAP DRAM BW: 32.000 words/cycle

Running Layer 912
Total cycles: 5993
Compute cycles: 2831
Stall cycles: 0
Overall utilization: 46.91%
Mapping efficiency: 100.00%
Average IFMAP SRAM BW: 15.011 words/cycle
Average Filter SRAM BW: 5.787 words/cycle
Average OFMAP SRAM BW: 15.011 words/cycle
Average IFMAP DRAM BW: 8.104 words/cycle
Average Filter DRAM BW: 8.929 words/cycle
Average OFMAP DRAM BW: 32.000 words/cycle

Running Layer 913
Total cycles: 785
Compute cycles: 355
Stall cycles: 0
Overall utilization: 5.92%
Mapping efficiency: 12.50%
Average IFMAP SRAM BW: 1.893 words/cycle
Average Filter SRAM BW: 0.721 words/cycle
Average OFMAP SRAM BW: 15.144 words/cycle
Average IFMAP DRAM BW: 1.278 words/cycle
Average Filter DRAM BW: 0.973 words/cycle
Average OFMAP DRAM BW: 32.000 words/cycle

Running Layer 914
Total cycles: 1309
Compute cycles: 711
Stall cycles: 0
Overall utilization: 5.91%
Mapping efficiency: 12.50%
Average IFMAP SRAM BW: 1.890 words/cycle
Average Filter SRAM BW: 0.720 words/cycle
Average OFMAP SRAM BW: 15.122 words/cycle
Average IFMAP DRAM BW: 1.278 words/cycle
Average Filter DRAM BW: 1.947 words/cycle
Average OFMAP DRAM BW: 32.000 words/cycle

Running Layer 915
Total cycles: 785
Compute cycles: 355
Stall cycles: 0
Overall utilization: 11.83%
Mapping efficiency: 25.00%
Average IFMAP SRAM BW: 3.786 words/cycle
Average Filter SRAM BW: 1.442 words/cycle
Average OFMAP SRAM BW: 15.144 words/cycle
Average IFMAP DRAM BW: 2.555 words/cycle
Average Filter DRAM BW: 1.947 words/cycle
Average OFMAP DRAM BW: 32.000 words/cycle

Running Layer 916
Total cycles: 1309
Compute cycles: 711
Stall cycles: 0
Overall utilization: 11.81%
Mapping efficiency: 25.00%
Average IFMAP SRAM BW: 3.781 words/cycle
Average Filter SRAM BW: 1.440 words/cycle
Average OFMAP SRAM BW: 15.122 words/cycle
Average IFMAP DRAM BW: 2.555 words/cycle
Average Filter DRAM BW: 3.894 words/cycle
Average OFMAP DRAM BW: 32.000 words/cycle

Running Layer 917
Total cycles: 785
Compute cycles: 355
Stall cycles: 0
Overall utilization: 23.66%
Mapping efficiency: 50.00%
Average IFMAP SRAM BW: 7.572 words/cycle
Average Filter SRAM BW: 2.885 words/cycle
Average OFMAP SRAM BW: 15.144 words/cycle
Average IFMAP DRAM BW: 5.110 words/cycle
Average Filter DRAM BW: 3.894 words/cycle
Average OFMAP DRAM BW: 32.000 words/cycle

Running Layer 918
Total cycles: 1309
Compute cycles: 711
Stall cycles: 0
Overall utilization: 23.63%
Mapping efficiency: 50.00%
Average IFMAP SRAM BW: 7.561 words/cycle
Average Filter SRAM BW: 2.880 words/cycle
Average OFMAP SRAM BW: 15.122 words/cycle
Average IFMAP DRAM BW: 5.110 words/cycle
Average Filter DRAM BW: 7.787 words/cycle
Average OFMAP DRAM BW: 32.000 words/cycle

Running Layer 919
Total cycles: 1047
Compute cycles: 355
Stall cycles: 0
Overall utilization: 47.32%
Mapping efficiency: 100.00%
Average IFMAP SRAM BW: 15.144 words/cycle
Average Filter SRAM BW: 5.769 words/cycle
Average OFMAP SRAM BW: 15.144 words/cycle
Average IFMAP DRAM BW: 5.120 words/cycle
Average Filter DRAM BW: 7.787 words/cycle
Average OFMAP DRAM BW: 32.000 words/cycle

Running Layer 920
Total cycles: 1571
Compute cycles: 711
Stall cycles: 0
Overall utilization: 47.26%
Mapping efficiency: 100.00%
Average IFMAP SRAM BW: 15.122 words/cycle
Average Filter SRAM BW: 5.761 words/cycle
Average OFMAP SRAM BW: 15.122 words/cycle
Average IFMAP DRAM BW: 5.120 words/cycle
Average Filter DRAM BW: 7.802 words/cycle
Average OFMAP DRAM BW: 32.000 words/cycle

Running Layer 921
Total cycles: 1833
Compute cycles: 711
Stall cycles: 0
Overall utilization: 47.26%
Mapping efficiency: 100.00%
Average IFMAP SRAM BW: 15.122 words/cycle
Average Filter SRAM BW: 5.761 words/cycle
Average OFMAP SRAM BW: 15.122 words/cycle
Average IFMAP DRAM BW: 6.831 words/cycle
Average Filter DRAM BW: 7.802 words/cycle
Average OFMAP DRAM BW: 32.000 words/cycle

Running Layer 922
Total cycles: 3143
Compute cycles: 1423
Stall cycles: 0
Overall utilization: 47.22%
Mapping efficiency: 100.00%
Average IFMAP SRAM BW: 15.112 words/cycle
Average Filter SRAM BW: 5.757 words/cycle
Average OFMAP SRAM BW: 15.112 words/cycle
Average IFMAP DRAM BW: 6.831 words/cycle
Average Filter DRAM BW: 7.809 words/cycle
Average OFMAP DRAM BW: 32.000 words/cycle

Running Layer 923
Total cycles: 6025
Compute cycles: 2847
Stall cycles: 0
Overall utilization: 47.21%
Mapping efficiency: 100.00%
Average IFMAP SRAM BW: 15.106 words/cycle
Average Filter SRAM BW: 5.755 words/cycle
Average OFMAP SRAM BW: 15.106 words/cycle
Average IFMAP DRAM BW: 8.201 words/cycle
Average Filter DRAM BW: 8.929 words/cycle
Average OFMAP DRAM BW: 32.000 words/cycle

Running Layer 924
Total cycles: 789
Compute cycles: 357
Stall cycles: 0
Overall utilization: 5.95%
Mapping efficiency: 12.50%
Average IFMAP SRAM BW: 1.905 words/cycle
Average Filter SRAM BW: 0.717 words/cycle
Average OFMAP SRAM BW: 15.238 words/cycle
Average IFMAP DRAM BW: 1.293 words/cycle
Average Filter DRAM BW: 0.973 words/cycle
Average OFMAP DRAM BW: 32.000 words/cycle

Running Layer 925
Total cycles: 1317
Compute cycles: 715
Stall cycles: 0
Overall utilization: 5.94%
Mapping efficiency: 12.50%
Average IFMAP SRAM BW: 1.902 words/cycle
Average Filter SRAM BW: 0.716 words/cycle
Average OFMAP SRAM BW: 15.217 words/cycle
Average IFMAP DRAM BW: 1.293 words/cycle
Average Filter DRAM BW: 1.947 words/cycle
Average OFMAP DRAM BW: 32.000 words/cycle

Running Layer 926
Total cycles: 789
Compute cycles: 357
Stall cycles: 0
Overall utilization: 11.90%
Mapping efficiency: 25.00%
Average IFMAP SRAM BW: 3.810 words/cycle
Average Filter SRAM BW: 1.434 words/cycle
Average OFMAP SRAM BW: 15.238 words/cycle
Average IFMAP DRAM BW: 2.586 words/cycle
Average Filter DRAM BW: 1.947 words/cycle
Average OFMAP DRAM BW: 32.000 words/cycle

Running Layer 927
Total cycles: 1317
Compute cycles: 715
Stall cycles: 0
Overall utilization: 11.89%
Mapping efficiency: 25.00%
Average IFMAP SRAM BW: 3.804 words/cycle
Average Filter SRAM BW: 1.432 words/cycle
Average OFMAP SRAM BW: 15.217 words/cycle
Average IFMAP DRAM BW: 2.586 words/cycle
Average Filter DRAM BW: 3.894 words/cycle
Average OFMAP DRAM BW: 32.000 words/cycle

Running Layer 928
Total cycles: 789
Compute cycles: 357
Stall cycles: 0
Overall utilization: 23.81%
Mapping efficiency: 50.00%
Average IFMAP SRAM BW: 7.619 words/cycle
Average Filter SRAM BW: 2.868 words/cycle
Average OFMAP SRAM BW: 15.238 words/cycle
Average IFMAP DRAM BW: 5.171 words/cycle
Average Filter DRAM BW: 3.894 words/cycle
Average OFMAP DRAM BW: 32.000 words/cycle

Running Layer 929
Total cycles: 1317
Compute cycles: 715
Stall cycles: 0
Overall utilization: 23.78%
Mapping efficiency: 50.00%
Average IFMAP SRAM BW: 7.608 words/cycle
Average Filter SRAM BW: 2.864 words/cycle
Average OFMAP SRAM BW: 15.217 words/cycle
Average IFMAP DRAM BW: 5.171 words/cycle
Average Filter DRAM BW: 7.787 words/cycle
Average OFMAP DRAM BW: 32.000 words/cycle

Running Layer 930
Total cycles: 1051
Compute cycles: 357
Stall cycles: 0
Overall utilization: 47.62%
Mapping efficiency: 100.00%
Average IFMAP SRAM BW: 15.238 words/cycle
Average Filter SRAM BW: 5.737 words/cycle
Average OFMAP SRAM BW: 15.238 words/cycle
Average IFMAP DRAM BW: 5.181 words/cycle
Average Filter DRAM BW: 7.787 words/cycle
Average OFMAP DRAM BW: 32.000 words/cycle

Running Layer 931
Total cycles: 1579
Compute cycles: 715
Stall cycles: 0
Overall utilization: 47.55%
Mapping efficiency: 100.00%
Average IFMAP SRAM BW: 15.217 words/cycle
Average Filter SRAM BW: 5.729 words/cycle
Average OFMAP SRAM BW: 15.217 words/cycle
Average IFMAP DRAM BW: 5.181 words/cycle
Average Filter DRAM BW: 7.802 words/cycle
Average OFMAP DRAM BW: 32.000 words/cycle

Running Layer 932
Total cycles: 1841
Compute cycles: 715
Stall cycles: 0
Overall utilization: 47.55%
Mapping efficiency: 100.00%
Average IFMAP SRAM BW: 15.217 words/cycle
Average Filter SRAM BW: 5.729 words/cycle
Average OFMAP SRAM BW: 15.217 words/cycle
Average IFMAP DRAM BW: 6.912 words/cycle
Average Filter DRAM BW: 7.802 words/cycle
Average OFMAP DRAM BW: 32.000 words/cycle

Running Layer 933
Total cycles: 3159
Compute cycles: 1431
Stall cycles: 0
Overall utilization: 47.52%
Mapping efficiency: 100.00%
Average IFMAP SRAM BW: 15.206 words/cycle
Average Filter SRAM BW: 5.725 words/cycle
Average OFMAP SRAM BW: 15.206 words/cycle
Average IFMAP DRAM BW: 6.912 words/cycle
Average Filter DRAM BW: 7.809 words/cycle
Average OFMAP DRAM BW: 32.000 words/cycle

Running Layer 934
Total cycles: 6057
Compute cycles: 2863
Stall cycles: 0
Overall utilization: 47.50%
Mapping efficiency: 100.00%
Average IFMAP SRAM BW: 15.201 words/cycle
Average Filter SRAM BW: 5.723 words/cycle
Average OFMAP SRAM BW: 15.201 words/cycle
Average IFMAP DRAM BW: 8.299 words/cycle
Average Filter DRAM BW: 8.929 words/cycle
Average OFMAP DRAM BW: 32.000 words/cycle

Running Layer 935
Total cycles: 793
Compute cycles: 359
Stall cycles: 0
Overall utilization: 5.99%
Mapping efficiency: 12.50%
Average IFMAP SRAM BW: 1.916 words/cycle
Average Filter SRAM BW: 0.713 words/cycle
Average OFMAP SRAM BW: 15.331 words/cycle
Average IFMAP DRAM BW: 1.308 words/cycle
Average Filter DRAM BW: 0.973 words/cycle
Average OFMAP DRAM BW: 32.000 words/cycle

Running Layer 936
Total cycles: 1325
Compute cycles: 719
Stall cycles: 0
Overall utilization: 5.98%
Mapping efficiency: 12.50%
Average IFMAP SRAM BW: 1.914 words/cycle
Average Filter SRAM BW: 0.712 words/cycle
Average OFMAP SRAM BW: 15.310 words/cycle
Average IFMAP DRAM BW: 1.308 words/cycle
Average Filter DRAM BW: 1.947 words/cycle
Average OFMAP DRAM BW: 32.000 words/cycle

Running Layer 937
Total cycles: 793
Compute cycles: 359
Stall cycles: 0
Overall utilization: 11.98%
Mapping efficiency: 25.00%
Average IFMAP SRAM BW: 3.833 words/cycle
Average Filter SRAM BW: 1.426 words/cycle
Average OFMAP SRAM BW: 15.331 words/cycle
Average IFMAP DRAM BW: 2.616 words/cycle
Average Filter DRAM BW: 1.947 words/cycle
Average OFMAP DRAM BW: 32.000 words/cycle

Running Layer 938
Total cycles: 1325
Compute cycles: 719
Stall cycles: 0
Overall utilization: 11.96%
Mapping efficiency: 25.00%
Average IFMAP SRAM BW: 3.828 words/cycle
Average Filter SRAM BW: 1.424 words/cycle
Average OFMAP SRAM BW: 15.310 words/cycle
Average IFMAP DRAM BW: 2.616 words/cycle
Average Filter DRAM BW: 3.894 words/cycle
Average OFMAP DRAM BW: 32.000 words/cycle

Running Layer 939
Total cycles: 793
Compute cycles: 359
Stall cycles: 0
Overall utilization: 23.96%
Mapping efficiency: 50.00%
Average IFMAP SRAM BW: 7.666 words/cycle
Average Filter SRAM BW: 2.852 words/cycle
Average OFMAP SRAM BW: 15.331 words/cycle
Average IFMAP DRAM BW: 5.232 words/cycle
Average Filter DRAM BW: 3.894 words/cycle
Average OFMAP DRAM BW: 32.000 words/cycle

Running Layer 940
Total cycles: 1325
Compute cycles: 719
Stall cycles: 0
Overall utilization: 23.92%
Mapping efficiency: 50.00%
Average IFMAP SRAM BW: 7.655 words/cycle
Average Filter SRAM BW: 2.848 words/cycle
Average OFMAP SRAM BW: 15.310 words/cycle
Average IFMAP DRAM BW: 5.232 words/cycle
Average Filter DRAM BW: 7.787 words/cycle
Average OFMAP DRAM BW: 32.000 words/cycle

Running Layer 941
Total cycles: 1055
Compute cycles: 359
Stall cycles: 0
Overall utilization: 47.91%
Mapping efficiency: 100.00%
Average IFMAP SRAM BW: 15.331 words/cycle
Average Filter SRAM BW: 5.705 words/cycle
Average OFMAP SRAM BW: 15.331 words/cycle
Average IFMAP DRAM BW: 5.242 words/cycle
Average Filter DRAM BW: 7.787 words/cycle
Average OFMAP DRAM BW: 32.000 words/cycle

Running Layer 942
Total cycles: 1587
Compute cycles: 719
Stall cycles: 0
Overall utilization: 47.84%
Mapping efficiency: 100.00%
Average IFMAP SRAM BW: 15.310 words/cycle
Average Filter SRAM BW: 5.697 words/cycle
Average OFMAP SRAM BW: 15.310 words/cycle
Average IFMAP DRAM BW: 5.242 words/cycle
Average Filter DRAM BW: 7.802 words/cycle
Average OFMAP DRAM BW: 32.000 words/cycle

Running Layer 943
Total cycles: 1849
Compute cycles: 719
Stall cycles: 0
Overall utilization: 47.84%
Mapping efficiency: 100.00%
Average IFMAP SRAM BW: 15.310 words/cycle
Average Filter SRAM BW: 5.697 words/cycle
Average OFMAP SRAM BW: 15.310 words/cycle
Average IFMAP DRAM BW: 6.994 words/cycle
Average Filter DRAM BW: 7.802 words/cycle
Average OFMAP DRAM BW: 32.000 words/cycle

Running Layer 944
Total cycles: 3175
Compute cycles: 1439
Stall cycles: 0
Overall utilization: 47.81%
Mapping efficiency: 100.00%
Average IFMAP SRAM BW: 15.300 words/cycle
Average Filter SRAM BW: 5.693 words/cycle
Average OFMAP SRAM BW: 15.300 words/cycle
Average IFMAP DRAM BW: 6.994 words/cycle
Average Filter DRAM BW: 7.809 words/cycle
Average OFMAP DRAM BW: 32.000 words/cycle

Running Layer 945
Total cycles: 6089
Compute cycles: 2879
Stall cycles: 0
Overall utilization: 47.79%
Mapping efficiency: 100.00%
Average IFMAP SRAM BW: 15.294 words/cycle
Average Filter SRAM BW: 5.691 words/cycle
Average OFMAP SRAM BW: 15.294 words/cycle
Average IFMAP DRAM BW: 8.397 words/cycle
Average Filter DRAM BW: 8.929 words/cycle
Average OFMAP DRAM BW: 32.000 words/cycle

Running Layer 946
Total cycles: 797
Compute cycles: 361
Stall cycles: 0
Overall utilization: 6.02%
Mapping efficiency: 12.50%
Average IFMAP SRAM BW: 1.928 words/cycle
Average Filter SRAM BW: 0.709 words/cycle
Average OFMAP SRAM BW: 15.424 words/cycle
Average IFMAP DRAM BW: 1.323 words/cycle
Average Filter DRAM BW: 0.973 words/cycle
Average OFMAP DRAM BW: 32.000 words/cycle

Running Layer 947
Total cycles: 1333
Compute cycles: 723
Stall cycles: 0
Overall utilization: 6.02%
Mapping efficiency: 12.50%
Average IFMAP SRAM BW: 1.925 words/cycle
Average Filter SRAM BW: 0.708 words/cycle
Average OFMAP SRAM BW: 15.402 words/cycle
Average IFMAP DRAM BW: 1.323 words/cycle
Average Filter DRAM BW: 1.947 words/cycle
Average OFMAP DRAM BW: 32.000 words/cycle

Running Layer 948
Total cycles: 797
Compute cycles: 361
Stall cycles: 0
Overall utilization: 12.05%
Mapping efficiency: 25.00%
Average IFMAP SRAM BW: 3.856 words/cycle
Average Filter SRAM BW: 1.418 words/cycle
Average OFMAP SRAM BW: 15.424 words/cycle
Average IFMAP DRAM BW: 2.646 words/cycle
Average Filter DRAM BW: 1.947 words/cycle
Average OFMAP DRAM BW: 32.000 words/cycle

Running Layer 949
Total cycles: 1333
Compute cycles: 723
Stall cycles: 0
Overall utilization: 12.03%
Mapping efficiency: 25.00%
Average IFMAP SRAM BW: 3.851 words/cycle
Average Filter SRAM BW: 1.416 words/cycle
Average OFMAP SRAM BW: 15.402 words/cycle
Average IFMAP DRAM BW: 2.646 words/cycle
Average Filter DRAM BW: 3.894 words/cycle
Average OFMAP DRAM BW: 32.000 words/cycle

Running Layer 950
Total cycles: 797
Compute cycles: 361
Stall cycles: 0
Overall utilization: 24.10%
Mapping efficiency: 50.00%
Average IFMAP SRAM BW: 7.712 words/cycle
Average Filter SRAM BW: 2.837 words/cycle
Average OFMAP SRAM BW: 15.424 words/cycle
Average IFMAP DRAM BW: 5.293 words/cycle
Average Filter DRAM BW: 3.894 words/cycle
Average OFMAP DRAM BW: 32.000 words/cycle

Running Layer 951
Total cycles: 1333
Compute cycles: 723
Stall cycles: 0
Overall utilization: 24.07%
Mapping efficiency: 50.00%
Average IFMAP SRAM BW: 7.701 words/cycle
Average Filter SRAM BW: 2.833 words/cycle
Average OFMAP SRAM BW: 15.402 words/cycle
Average IFMAP DRAM BW: 5.293 words/cycle
Average Filter DRAM BW: 7.787 words/cycle
Average OFMAP DRAM BW: 32.000 words/cycle

Running Layer 952
Total cycles: 1059
Compute cycles: 361
Stall cycles: 0
Overall utilization: 48.20%
Mapping efficiency: 100.00%
Average IFMAP SRAM BW: 15.424 words/cycle
Average Filter SRAM BW: 5.673 words/cycle
Average OFMAP SRAM BW: 15.424 words/cycle
Average IFMAP DRAM BW: 5.303 words/cycle
Average Filter DRAM BW: 7.787 words/cycle
Average OFMAP DRAM BW: 32.000 words/cycle

Running Layer 953
Total cycles: 1595
Compute cycles: 723
Stall cycles: 0
Overall utilization: 48.13%
Mapping efficiency: 100.00%
Average IFMAP SRAM BW: 15.402 words/cycle
Average Filter SRAM BW: 5.665 words/cycle
Average OFMAP SRAM BW: 15.402 words/cycle
Average IFMAP DRAM BW: 5.303 words/cycle
Average Filter DRAM BW: 7.802 words/cycle
Average OFMAP DRAM BW: 32.000 words/cycle

Running Layer 954
Total cycles: 1857
Compute cycles: 723
Stall cycles: 0
Overall utilization: 48.13%
Mapping efficiency: 100.00%
Average IFMAP SRAM BW: 15.402 words/cycle
Average Filter SRAM BW: 5.665 words/cycle
Average OFMAP SRAM BW: 15.402 words/cycle
Average IFMAP DRAM BW: 7.075 words/cycle
Average Filter DRAM BW: 7.802 words/cycle
Average OFMAP DRAM BW: 32.000 words/cycle

Running Layer 955
Total cycles: 3191
Compute cycles: 1447
Stall cycles: 0
Overall utilization: 48.10%
Mapping efficiency: 100.00%
Average IFMAP SRAM BW: 15.392 words/cycle
Average Filter SRAM BW: 5.661 words/cycle
Average OFMAP SRAM BW: 15.392 words/cycle
Average IFMAP DRAM BW: 7.075 words/cycle
Average Filter DRAM BW: 7.809 words/cycle
Average OFMAP DRAM BW: 32.000 words/cycle

Running Layer 956
Total cycles: 6121
Compute cycles: 2895
Stall cycles: 0
Overall utilization: 48.08%
Mapping efficiency: 100.00%
Average IFMAP SRAM BW: 15.387 words/cycle
Average Filter SRAM BW: 5.659 words/cycle
Average OFMAP SRAM BW: 15.387 words/cycle
Average IFMAP DRAM BW: 8.494 words/cycle
Average Filter DRAM BW: 8.929 words/cycle
Average OFMAP DRAM BW: 32.000 words/cycle

Running Layer 957
Total cycles: 801
Compute cycles: 363
Stall cycles: 0
Overall utilization: 6.06%
Mapping efficiency: 12.50%
Average IFMAP SRAM BW: 1.939 words/cycle
Average Filter SRAM BW: 0.705 words/cycle
Average OFMAP SRAM BW: 15.515 words/cycle
Average IFMAP DRAM BW: 1.338 words/cycle
Average Filter DRAM BW: 0.973 words/cycle
Average OFMAP DRAM BW: 32.000 words/cycle

Running Layer 958
Total cycles: 1341
Compute cycles: 727
Stall cycles: 0
Overall utilization: 6.05%
Mapping efficiency: 12.50%
Average IFMAP SRAM BW: 1.937 words/cycle
Average Filter SRAM BW: 0.704 words/cycle
Average OFMAP SRAM BW: 15.494 words/cycle
Average IFMAP DRAM BW: 1.338 words/cycle
Average Filter DRAM BW: 1.947 words/cycle
Average OFMAP DRAM BW: 32.000 words/cycle

Running Layer 959
Total cycles: 801
Compute cycles: 363
Stall cycles: 0
Overall utilization: 12.12%
Mapping efficiency: 25.00%
Average IFMAP SRAM BW: 3.879 words/cycle
Average Filter SRAM BW: 1.410 words/cycle
Average OFMAP SRAM BW: 15.515 words/cycle
Average IFMAP DRAM BW: 2.677 words/cycle
Average Filter DRAM BW: 1.947 words/cycle
Average OFMAP DRAM BW: 32.000 words/cycle

Running Layer 960
Total cycles: 1341
Compute cycles: 727
Stall cycles: 0
Overall utilization: 12.10%
Mapping efficiency: 25.00%
Average IFMAP SRAM BW: 3.873 words/cycle
Average Filter SRAM BW: 1.409 words/cycle
Average OFMAP SRAM BW: 15.494 words/cycle
Average IFMAP DRAM BW: 2.677 words/cycle
Average Filter DRAM BW: 3.894 words/cycle
Average OFMAP DRAM BW: 32.000 words/cycle

Running Layer 961
Total cycles: 801
Compute cycles: 363
Stall cycles: 0
Overall utilization: 24.24%
Mapping efficiency: 50.00%
Average IFMAP SRAM BW: 7.758 words/cycle
Average Filter SRAM BW: 2.821 words/cycle
Average OFMAP SRAM BW: 15.515 words/cycle
Average IFMAP DRAM BW: 5.354 words/cycle
Average Filter DRAM BW: 3.894 words/cycle
Average OFMAP DRAM BW: 32.000 words/cycle

Running Layer 962
Total cycles: 1341
Compute cycles: 727
Stall cycles: 0
Overall utilization: 24.21%
Mapping efficiency: 50.00%
Average IFMAP SRAM BW: 7.747 words/cycle
Average Filter SRAM BW: 2.817 words/cycle
Average OFMAP SRAM BW: 15.494 words/cycle
Average IFMAP DRAM BW: 5.354 words/cycle
Average Filter DRAM BW: 7.787 words/cycle
Average OFMAP DRAM BW: 32.000 words/cycle

Running Layer 963
Total cycles: 1063
Compute cycles: 363
Stall cycles: 0
Overall utilization: 48.48%
Mapping efficiency: 100.00%
Average IFMAP SRAM BW: 15.515 words/cycle
Average Filter SRAM BW: 5.642 words/cycle
Average OFMAP SRAM BW: 15.515 words/cycle
Average IFMAP DRAM BW: 5.364 words/cycle
Average Filter DRAM BW: 7.787 words/cycle
Average OFMAP DRAM BW: 32.000 words/cycle

Running Layer 964
Total cycles: 1603
Compute cycles: 727
Stall cycles: 0
Overall utilization: 48.42%
Mapping efficiency: 100.00%
Average IFMAP SRAM BW: 15.494 words/cycle
Average Filter SRAM BW: 5.634 words/cycle
Average OFMAP SRAM BW: 15.494 words/cycle
Average IFMAP DRAM BW: 5.364 words/cycle
Average Filter DRAM BW: 7.802 words/cycle
Average OFMAP DRAM BW: 32.000 words/cycle

Running Layer 965
Total cycles: 1865
Compute cycles: 727
Stall cycles: 0
Overall utilization: 48.42%
Mapping efficiency: 100.00%
Average IFMAP SRAM BW: 15.494 words/cycle
Average Filter SRAM BW: 5.634 words/cycle
Average OFMAP SRAM BW: 15.494 words/cycle
Average IFMAP DRAM BW: 7.156 words/cycle
Average Filter DRAM BW: 7.802 words/cycle
Average OFMAP DRAM BW: 32.000 words/cycle

Running Layer 966
Total cycles: 3207
Compute cycles: 1455
Stall cycles: 0
Overall utilization: 48.38%
Mapping efficiency: 100.00%
Average IFMAP SRAM BW: 15.483 words/cycle
Average Filter SRAM BW: 5.630 words/cycle
Average OFMAP SRAM BW: 15.483 words/cycle
Average IFMAP DRAM BW: 7.156 words/cycle
Average Filter DRAM BW: 7.809 words/cycle
Average OFMAP DRAM BW: 32.000 words/cycle

Running Layer 967
Total cycles: 6153
Compute cycles: 2911
Stall cycles: 0
Overall utilization: 48.37%
Mapping efficiency: 100.00%
Average IFMAP SRAM BW: 15.478 words/cycle
Average Filter SRAM BW: 5.628 words/cycle
Average OFMAP SRAM BW: 15.478 words/cycle
Average IFMAP DRAM BW: 8.592 words/cycle
Average Filter DRAM BW: 8.929 words/cycle
Average OFMAP DRAM BW: 32.000 words/cycle

Running Layer 968
Total cycles: 805
Compute cycles: 365
Stall cycles: 0
Overall utilization: 6.10%
Mapping efficiency: 12.50%
Average IFMAP SRAM BW: 1.951 words/cycle
Average Filter SRAM BW: 0.701 words/cycle
Average OFMAP SRAM BW: 15.605 words/cycle
Average IFMAP DRAM BW: 1.354 words/cycle
Average Filter DRAM BW: 0.973 words/cycle
Average OFMAP DRAM BW: 32.000 words/cycle

Running Layer 969
Total cycles: 1349
Compute cycles: 731
Stall cycles: 0
Overall utilization: 6.09%
Mapping efficiency: 12.50%
Average IFMAP SRAM BW: 1.948 words/cycle
Average Filter SRAM BW: 0.700 words/cycle
Average OFMAP SRAM BW: 15.584 words/cycle
Average IFMAP DRAM BW: 1.354 words/cycle
Average Filter DRAM BW: 1.947 words/cycle
Average OFMAP DRAM BW: 32.000 words/cycle

Running Layer 970
Total cycles: 805
Compute cycles: 365
Stall cycles: 0
Overall utilization: 12.19%
Mapping efficiency: 25.00%
Average IFMAP SRAM BW: 3.901 words/cycle
Average Filter SRAM BW: 1.403 words/cycle
Average OFMAP SRAM BW: 15.605 words/cycle
Average IFMAP DRAM BW: 2.707 words/cycle
Average Filter DRAM BW: 1.947 words/cycle
Average OFMAP DRAM BW: 32.000 words/cycle

Running Layer 971
Total cycles: 1349
Compute cycles: 731
Stall cycles: 0
Overall utilization: 12.18%
Mapping efficiency: 25.00%
Average IFMAP SRAM BW: 3.896 words/cycle
Average Filter SRAM BW: 1.401 words/cycle
Average OFMAP SRAM BW: 15.584 words/cycle
Average IFMAP DRAM BW: 2.707 words/cycle
Average Filter DRAM BW: 3.894 words/cycle
Average OFMAP DRAM BW: 32.000 words/cycle

Running Layer 972
Total cycles: 805
Compute cycles: 365
Stall cycles: 0
Overall utilization: 24.38%
Mapping efficiency: 50.00%
Average IFMAP SRAM BW: 7.803 words/cycle
Average Filter SRAM BW: 2.805 words/cycle
Average OFMAP SRAM BW: 15.605 words/cycle
Average IFMAP DRAM BW: 5.414 words/cycle
Average Filter DRAM BW: 3.894 words/cycle
Average OFMAP DRAM BW: 32.000 words/cycle

Running Layer 973
Total cycles: 1349
Compute cycles: 731
Stall cycles: 0
Overall utilization: 24.35%
Mapping efficiency: 50.00%
Average IFMAP SRAM BW: 7.792 words/cycle
Average Filter SRAM BW: 2.802 words/cycle
Average OFMAP SRAM BW: 15.584 words/cycle
Average IFMAP DRAM BW: 5.414 words/cycle
Average Filter DRAM BW: 7.787 words/cycle
Average OFMAP DRAM BW: 32.000 words/cycle

Running Layer 974
Total cycles: 1067
Compute cycles: 365
Stall cycles: 0
Overall utilization: 48.77%
Mapping efficiency: 100.00%
Average IFMAP SRAM BW: 15.605 words/cycle
Average Filter SRAM BW: 5.611 words/cycle
Average OFMAP SRAM BW: 15.605 words/cycle
Average IFMAP DRAM BW: 5.425 words/cycle
Average Filter DRAM BW: 7.787 words/cycle
Average OFMAP DRAM BW: 32.000 words/cycle

Running Layer 975
Total cycles: 1611
Compute cycles: 731
Stall cycles: 0
Overall utilization: 48.70%
Mapping efficiency: 100.00%
Average IFMAP SRAM BW: 15.584 words/cycle
Average Filter SRAM BW: 5.603 words/cycle
Average OFMAP SRAM BW: 15.584 words/cycle
Average IFMAP DRAM BW: 5.425 words/cycle
Average Filter DRAM BW: 7.802 words/cycle
Average OFMAP DRAM BW: 32.000 words/cycle

Running Layer 976
Total cycles: 1873
Compute cycles: 731
Stall cycles: 0
Overall utilization: 48.70%
Mapping efficiency: 100.00%
Average IFMAP SRAM BW: 15.584 words/cycle
Average Filter SRAM BW: 5.603 words/cycle
Average OFMAP SRAM BW: 15.584 words/cycle
Average IFMAP DRAM BW: 7.238 words/cycle
Average Filter DRAM BW: 7.802 words/cycle
Average OFMAP DRAM BW: 32.000 words/cycle

Running Layer 977
Total cycles: 3223
Compute cycles: 1463
Stall cycles: 0
Overall utilization: 48.67%
Mapping efficiency: 100.00%
Average IFMAP SRAM BW: 15.573 words/cycle
Average Filter SRAM BW: 5.599 words/cycle
Average OFMAP SRAM BW: 15.573 words/cycle
Average IFMAP DRAM BW: 7.238 words/cycle
Average Filter DRAM BW: 7.809 words/cycle
Average OFMAP DRAM BW: 32.000 words/cycle

Running Layer 978
Total cycles: 6185
Compute cycles: 2927
Stall cycles: 0
Overall utilization: 48.65%
Mapping efficiency: 100.00%
Average IFMAP SRAM BW: 15.568 words/cycle
Average Filter SRAM BW: 5.598 words/cycle
Average OFMAP SRAM BW: 15.568 words/cycle
Average IFMAP DRAM BW: 8.690 words/cycle
Average Filter DRAM BW: 8.929 words/cycle
Average OFMAP DRAM BW: 32.000 words/cycle

Running Layer 979
Total cycles: 809
Compute cycles: 367
Stall cycles: 0
Overall utilization: 6.13%
Mapping efficiency: 12.50%
Average IFMAP SRAM BW: 1.962 words/cycle
Average Filter SRAM BW: 0.698 words/cycle
Average OFMAP SRAM BW: 15.695 words/cycle
Average IFMAP DRAM BW: 1.369 words/cycle
Average Filter DRAM BW: 0.973 words/cycle
Average OFMAP DRAM BW: 32.000 words/cycle

Running Layer 980
Total cycles: 1357
Compute cycles: 735
Stall cycles: 0
Overall utilization: 6.12%
Mapping efficiency: 12.50%
Average IFMAP SRAM BW: 1.959 words/cycle
Average Filter SRAM BW: 0.697 words/cycle
Average OFMAP SRAM BW: 15.673 words/cycle
Average IFMAP DRAM BW: 1.369 words/cycle
Average Filter DRAM BW: 1.947 words/cycle
Average OFMAP DRAM BW: 32.000 words/cycle

Running Layer 981
Total cycles: 809
Compute cycles: 367
Stall cycles: 0
Overall utilization: 12.26%
Mapping efficiency: 25.00%
Average IFMAP SRAM BW: 3.924 words/cycle
Average Filter SRAM BW: 1.395 words/cycle
Average OFMAP SRAM BW: 15.695 words/cycle
Average IFMAP DRAM BW: 2.738 words/cycle
Average Filter DRAM BW: 1.947 words/cycle
Average OFMAP DRAM BW: 32.000 words/cycle

Running Layer 982
Total cycles: 1357
Compute cycles: 735
Stall cycles: 0
Overall utilization: 12.24%
Mapping efficiency: 25.00%
Average IFMAP SRAM BW: 3.918 words/cycle
Average Filter SRAM BW: 1.393 words/cycle
Average OFMAP SRAM BW: 15.673 words/cycle
Average IFMAP DRAM BW: 2.738 words/cycle
Average Filter DRAM BW: 3.894 words/cycle
Average OFMAP DRAM BW: 32.000 words/cycle

Running Layer 983
Total cycles: 809
Compute cycles: 367
Stall cycles: 0
Overall utilization: 24.52%
Mapping efficiency: 50.00%
Average IFMAP SRAM BW: 7.847 words/cycle
Average Filter SRAM BW: 2.790 words/cycle
Average OFMAP SRAM BW: 15.695 words/cycle
Average IFMAP DRAM BW: 5.475 words/cycle
Average Filter DRAM BW: 3.894 words/cycle
Average OFMAP DRAM BW: 32.000 words/cycle

Running Layer 984
Total cycles: 1357
Compute cycles: 735
Stall cycles: 0
Overall utilization: 24.49%
Mapping efficiency: 50.00%
Average IFMAP SRAM BW: 7.837 words/cycle
Average Filter SRAM BW: 2.786 words/cycle
Average OFMAP SRAM BW: 15.673 words/cycle
Average IFMAP DRAM BW: 5.475 words/cycle
Average Filter DRAM BW: 7.787 words/cycle
Average OFMAP DRAM BW: 32.000 words/cycle

Running Layer 985
Total cycles: 1071
Compute cycles: 367
Stall cycles: 0
Overall utilization: 49.05%
Mapping efficiency: 100.00%
Average IFMAP SRAM BW: 15.695 words/cycle
Average Filter SRAM BW: 5.580 words/cycle
Average OFMAP SRAM BW: 15.695 words/cycle
Average IFMAP DRAM BW: 5.486 words/cycle
Average Filter DRAM BW: 7.787 words/cycle
Average OFMAP DRAM BW: 32.000 words/cycle

Running Layer 986
Total cycles: 1619
Compute cycles: 735
Stall cycles: 0
Overall utilization: 48.98%
Mapping efficiency: 100.00%
Average IFMAP SRAM BW: 15.673 words/cycle
Average Filter SRAM BW: 5.573 words/cycle
Average OFMAP SRAM BW: 15.673 words/cycle
Average IFMAP DRAM BW: 5.486 words/cycle
Average Filter DRAM BW: 7.802 words/cycle
Average OFMAP DRAM BW: 32.000 words/cycle

Running Layer 987
Total cycles: 1881
Compute cycles: 735
Stall cycles: 0
Overall utilization: 48.98%
Mapping efficiency: 100.00%
Average IFMAP SRAM BW: 15.673 words/cycle
Average Filter SRAM BW: 5.573 words/cycle
Average OFMAP SRAM BW: 15.673 words/cycle
Average IFMAP DRAM BW: 7.319 words/cycle
Average Filter DRAM BW: 7.802 words/cycle
Average OFMAP DRAM BW: 32.000 words/cycle

Running Layer 988
Total cycles: 3239
Compute cycles: 1471
Stall cycles: 0
Overall utilization: 48.95%
Mapping efficiency: 100.00%
Average IFMAP SRAM BW: 15.663 words/cycle
Average Filter SRAM BW: 5.569 words/cycle
Average OFMAP SRAM BW: 15.663 words/cycle
Average IFMAP DRAM BW: 7.319 words/cycle
Average Filter DRAM BW: 7.809 words/cycle
Average OFMAP DRAM BW: 32.000 words/cycle

Running Layer 989
Total cycles: 6217
Compute cycles: 2943
Stall cycles: 0
Overall utilization: 48.93%
Mapping efficiency: 100.00%
Average IFMAP SRAM BW: 15.657 words/cycle
Average Filter SRAM BW: 5.567 words/cycle
Average OFMAP SRAM BW: 15.657 words/cycle
Average IFMAP DRAM BW: 8.787 words/cycle
Average Filter DRAM BW: 8.929 words/cycle
Average OFMAP DRAM BW: 32.000 words/cycle

Running Layer 990
Total cycles: 813
Compute cycles: 369
Stall cycles: 0
Overall utilization: 6.17%
Mapping efficiency: 12.50%
Average IFMAP SRAM BW: 1.973 words/cycle
Average Filter SRAM BW: 0.694 words/cycle
Average OFMAP SRAM BW: 15.783 words/cycle
Average IFMAP DRAM BW: 1.384 words/cycle
Average Filter DRAM BW: 0.973 words/cycle
Average OFMAP DRAM BW: 32.000 words/cycle

Running Layer 991
Total cycles: 1365
Compute cycles: 739
Stall cycles: 0
Overall utilization: 6.16%
Mapping efficiency: 12.50%
Average IFMAP SRAM BW: 1.970 words/cycle
Average Filter SRAM BW: 0.693 words/cycle
Average OFMAP SRAM BW: 15.762 words/cycle
Average IFMAP DRAM BW: 1.384 words/cycle
Average Filter DRAM BW: 1.947 words/cycle
Average OFMAP DRAM BW: 32.000 words/cycle

Running Layer 992
Total cycles: 813
Compute cycles: 369
Stall cycles: 0
Overall utilization: 12.33%
Mapping efficiency: 25.00%
Average IFMAP SRAM BW: 3.946 words/cycle
Average Filter SRAM BW: 1.388 words/cycle
Average OFMAP SRAM BW: 15.783 words/cycle
Average IFMAP DRAM BW: 2.768 words/cycle
Average Filter DRAM BW: 1.947 words/cycle
Average OFMAP DRAM BW: 32.000 words/cycle

Running Layer 993
Total cycles: 1365
Compute cycles: 739
Stall cycles: 0
Overall utilization: 12.31%
Mapping efficiency: 25.00%
Average IFMAP SRAM BW: 3.940 words/cycle
Average Filter SRAM BW: 1.386 words/cycle
Average OFMAP SRAM BW: 15.762 words/cycle
Average IFMAP DRAM BW: 2.768 words/cycle
Average Filter DRAM BW: 3.894 words/cycle
Average OFMAP DRAM BW: 32.000 words/cycle

Running Layer 994
Total cycles: 813
Compute cycles: 369
Stall cycles: 0
Overall utilization: 24.66%
Mapping efficiency: 50.00%
Average IFMAP SRAM BW: 7.892 words/cycle
Average Filter SRAM BW: 2.775 words/cycle
Average OFMAP SRAM BW: 15.783 words/cycle
Average IFMAP DRAM BW: 5.536 words/cycle
Average Filter DRAM BW: 3.894 words/cycle
Average OFMAP DRAM BW: 32.000 words/cycle

Running Layer 995
Total cycles: 1365
Compute cycles: 739
Stall cycles: 0
Overall utilization: 24.63%
Mapping efficiency: 50.00%
Average IFMAP SRAM BW: 7.881 words/cycle
Average Filter SRAM BW: 2.771 words/cycle
Average OFMAP SRAM BW: 15.762 words/cycle
Average IFMAP DRAM BW: 5.536 words/cycle
Average Filter DRAM BW: 7.787 words/cycle
Average OFMAP DRAM BW: 32.000 words/cycle

Running Layer 996
Total cycles: 1075
Compute cycles: 369
Stall cycles: 0
Overall utilization: 49.32%
Mapping efficiency: 100.00%
Average IFMAP SRAM BW: 15.783 words/cycle
Average Filter SRAM BW: 5.550 words/cycle
Average OFMAP SRAM BW: 15.783 words/cycle
Average IFMAP DRAM BW: 5.547 words/cycle
Average Filter DRAM BW: 7.787 words/cycle
Average OFMAP DRAM BW: 32.000 words/cycle

Running Layer 997
Total cycles: 1627
Compute cycles: 739
Stall cycles: 0
Overall utilization: 49.26%
Mapping efficiency: 100.00%
Average IFMAP SRAM BW: 15.762 words/cycle
Average Filter SRAM BW: 5.543 words/cycle
Average OFMAP SRAM BW: 15.762 words/cycle
Average IFMAP DRAM BW: 5.547 words/cycle
Average Filter DRAM BW: 7.802 words/cycle
Average OFMAP DRAM BW: 32.000 words/cycle

Running Layer 998
Total cycles: 1889
Compute cycles: 739
Stall cycles: 0
Overall utilization: 49.26%
Mapping efficiency: 100.00%
Average IFMAP SRAM BW: 15.762 words/cycle
Average Filter SRAM BW: 5.543 words/cycle
Average OFMAP SRAM BW: 15.762 words/cycle
Average IFMAP DRAM BW: 7.400 words/cycle
Average Filter DRAM BW: 7.802 words/cycle
Average OFMAP DRAM BW: 32.000 words/cycle

Running Layer 999
Total cycles: 3255
Compute cycles: 1479
Stall cycles: 0
Overall utilization: 49.22%
Mapping efficiency: 100.00%
Average IFMAP SRAM BW: 15.751 words/cycle
Average Filter SRAM BW: 5.539 words/cycle
Average OFMAP SRAM BW: 15.751 words/cycle
Average IFMAP DRAM BW: 7.400 words/cycle
Average Filter DRAM BW: 7.809 words/cycle
Average OFMAP DRAM BW: 32.000 words/cycle

Running Layer 1000
Total cycles: 6249
Compute cycles: 2959
Stall cycles: 0
Overall utilization: 49.21%
Mapping efficiency: 100.00%
Average IFMAP SRAM BW: 15.746 words/cycle
Average Filter SRAM BW: 5.537 words/cycle
Average OFMAP SRAM BW: 15.746 words/cycle
Average IFMAP DRAM BW: 8.885 words/cycle
Average Filter DRAM BW: 8.929 words/cycle
Average OFMAP DRAM BW: 32.000 words/cycle

Running Layer 1001
Total cycles: 817
Compute cycles: 371
Stall cycles: 0
Overall utilization: 6.20%
Mapping efficiency: 12.50%
Average IFMAP SRAM BW: 1.984 words/cycle
Average Filter SRAM BW: 0.690 words/cycle
Average OFMAP SRAM BW: 15.871 words/cycle
Average IFMAP DRAM BW: 1.399 words/cycle
Average Filter DRAM BW: 0.973 words/cycle
Average OFMAP DRAM BW: 32.000 words/cycle

Running Layer 1002
Total cycles: 1373
Compute cycles: 743
Stall cycles: 0
Overall utilization: 6.19%
Mapping efficiency: 12.50%
Average IFMAP SRAM BW: 1.981 words/cycle
Average Filter SRAM BW: 0.689 words/cycle
Average OFMAP SRAM BW: 15.849 words/cycle
Average IFMAP DRAM BW: 1.399 words/cycle
Average Filter DRAM BW: 1.947 words/cycle
Average OFMAP DRAM BW: 32.000 words/cycle

Running Layer 1003
Total cycles: 817
Compute cycles: 371
Stall cycles: 0
Overall utilization: 12.40%
Mapping efficiency: 25.00%
Average IFMAP SRAM BW: 3.968 words/cycle
Average Filter SRAM BW: 1.380 words/cycle
Average OFMAP SRAM BW: 15.871 words/cycle
Average IFMAP DRAM BW: 2.798 words/cycle
Average Filter DRAM BW: 1.947 words/cycle
Average OFMAP DRAM BW: 32.000 words/cycle

Running Layer 1004
Total cycles: 1373
Compute cycles: 743
Stall cycles: 0
Overall utilization: 12.38%
Mapping efficiency: 25.00%
Average IFMAP SRAM BW: 3.962 words/cycle
Average Filter SRAM BW: 1.378 words/cycle
Average OFMAP SRAM BW: 15.849 words/cycle
Average IFMAP DRAM BW: 2.798 words/cycle
Average Filter DRAM BW: 3.894 words/cycle
Average OFMAP DRAM BW: 32.000 words/cycle

Running Layer 1005
Total cycles: 817
Compute cycles: 371
Stall cycles: 0
Overall utilization: 24.80%
Mapping efficiency: 50.00%
Average IFMAP SRAM BW: 7.935 words/cycle
Average Filter SRAM BW: 2.760 words/cycle
Average OFMAP SRAM BW: 15.871 words/cycle
Average IFMAP DRAM BW: 5.597 words/cycle
Average Filter DRAM BW: 3.894 words/cycle
Average OFMAP DRAM BW: 32.000 words/cycle

Running Layer 1006
Total cycles: 1373
Compute cycles: 743
Stall cycles: 0
Overall utilization: 24.76%
Mapping efficiency: 50.00%
Average IFMAP SRAM BW: 7.925 words/cycle
Average Filter SRAM BW: 2.756 words/cycle
Average OFMAP SRAM BW: 15.849 words/cycle
Average IFMAP DRAM BW: 5.597 words/cycle
Average Filter DRAM BW: 7.787 words/cycle
Average OFMAP DRAM BW: 32.000 words/cycle

Running Layer 1007
Total cycles: 1079
Compute cycles: 371
Stall cycles: 0
Overall utilization: 49.60%
Mapping efficiency: 100.00%
Average IFMAP SRAM BW: 15.871 words/cycle
Average Filter SRAM BW: 5.520 words/cycle
Average OFMAP SRAM BW: 15.871 words/cycle
Average IFMAP DRAM BW: 5.608 words/cycle
Average Filter DRAM BW: 7.787 words/cycle
Average OFMAP DRAM BW: 32.000 words/cycle

Running Layer 1008
Total cycles: 1635
Compute cycles: 743
Stall cycles: 0
Overall utilization: 49.53%
Mapping efficiency: 100.00%
Average IFMAP SRAM BW: 15.849 words/cycle
Average Filter SRAM BW: 5.513 words/cycle
Average OFMAP SRAM BW: 15.849 words/cycle
Average IFMAP DRAM BW: 5.608 words/cycle
Average Filter DRAM BW: 7.802 words/cycle
Average OFMAP DRAM BW: 32.000 words/cycle

Running Layer 1009
Total cycles: 1897
Compute cycles: 743
Stall cycles: 0
Overall utilization: 49.53%
Mapping efficiency: 100.00%
Average IFMAP SRAM BW: 15.849 words/cycle
Average Filter SRAM BW: 5.513 words/cycle
Average OFMAP SRAM BW: 15.849 words/cycle
Average IFMAP DRAM BW: 7.482 words/cycle
Average Filter DRAM BW: 7.802 words/cycle
Average OFMAP DRAM BW: 32.000 words/cycle

Running Layer 1010
Total cycles: 3271
Compute cycles: 1487
Stall cycles: 0
Overall utilization: 49.50%
Mapping efficiency: 100.00%
Average IFMAP SRAM BW: 15.839 words/cycle
Average Filter SRAM BW: 5.509 words/cycle
Average OFMAP SRAM BW: 15.839 words/cycle
Average IFMAP DRAM BW: 7.482 words/cycle
Average Filter DRAM BW: 7.809 words/cycle
Average OFMAP DRAM BW: 32.000 words/cycle

Running Layer 1011
Total cycles: 6281
Compute cycles: 2975
Stall cycles: 0
Overall utilization: 49.48%
Mapping efficiency: 100.00%
Average IFMAP SRAM BW: 15.833 words/cycle
Average Filter SRAM BW: 5.507 words/cycle
Average OFMAP SRAM BW: 15.833 words/cycle
Average IFMAP DRAM BW: 8.982 words/cycle
Average Filter DRAM BW: 8.929 words/cycle
Average OFMAP DRAM BW: 32.000 words/cycle

Running Layer 1012
Total cycles: 821
Compute cycles: 373
Stall cycles: 0
Overall utilization: 6.23%
Mapping efficiency: 12.50%
Average IFMAP SRAM BW: 1.995 words/cycle
Average Filter SRAM BW: 0.686 words/cycle
Average OFMAP SRAM BW: 15.957 words/cycle
Average IFMAP DRAM BW: 1.414 words/cycle
Average Filter DRAM BW: 0.973 words/cycle
Average OFMAP DRAM BW: 32.000 words/cycle

Running Layer 1013
Total cycles: 1381
Compute cycles: 747
Stall cycles: 0
Overall utilization: 6.22%
Mapping efficiency: 12.50%
Average IFMAP SRAM BW: 1.992 words/cycle
Average Filter SRAM BW: 0.685 words/cycle
Average OFMAP SRAM BW: 15.936 words/cycle
Average IFMAP DRAM BW: 1.414 words/cycle
Average Filter DRAM BW: 1.947 words/cycle
Average OFMAP DRAM BW: 32.000 words/cycle

Running Layer 1014
Total cycles: 821
Compute cycles: 373
Stall cycles: 0
Overall utilization: 12.47%
Mapping efficiency: 25.00%
Average IFMAP SRAM BW: 3.989 words/cycle
Average Filter SRAM BW: 1.373 words/cycle
Average OFMAP SRAM BW: 15.957 words/cycle
Average IFMAP DRAM BW: 2.829 words/cycle
Average Filter DRAM BW: 1.947 words/cycle
Average OFMAP DRAM BW: 32.000 words/cycle

Running Layer 1015
Total cycles: 1381
Compute cycles: 747
Stall cycles: 0
Overall utilization: 12.45%
Mapping efficiency: 25.00%
Average IFMAP SRAM BW: 3.984 words/cycle
Average Filter SRAM BW: 1.371 words/cycle
Average OFMAP SRAM BW: 15.936 words/cycle
Average IFMAP DRAM BW: 2.829 words/cycle
Average Filter DRAM BW: 3.894 words/cycle
Average OFMAP DRAM BW: 32.000 words/cycle

Running Layer 1016
Total cycles: 821
Compute cycles: 373
Stall cycles: 0
Overall utilization: 24.93%
Mapping efficiency: 50.00%
Average IFMAP SRAM BW: 7.979 words/cycle
Average Filter SRAM BW: 2.745 words/cycle
Average OFMAP SRAM BW: 15.957 words/cycle
Average IFMAP DRAM BW: 5.658 words/cycle
Average Filter DRAM BW: 3.894 words/cycle
Average OFMAP DRAM BW: 32.000 words/cycle

Running Layer 1017
Total cycles: 1381
Compute cycles: 747
Stall cycles: 0
Overall utilization: 24.90%
Mapping efficiency: 50.00%
Average IFMAP SRAM BW: 7.968 words/cycle
Average Filter SRAM BW: 2.742 words/cycle
Average OFMAP SRAM BW: 15.936 words/cycle
Average IFMAP DRAM BW: 5.658 words/cycle
Average Filter DRAM BW: 7.787 words/cycle
Average OFMAP DRAM BW: 32.000 words/cycle

Running Layer 1018
Total cycles: 1083
Compute cycles: 373
Stall cycles: 0
Overall utilization: 49.87%
Mapping efficiency: 100.00%
Average IFMAP SRAM BW: 15.957 words/cycle
Average Filter SRAM BW: 5.491 words/cycle
Average OFMAP SRAM BW: 15.957 words/cycle
Average IFMAP DRAM BW: 5.669 words/cycle
Average Filter DRAM BW: 7.787 words/cycle
Average OFMAP DRAM BW: 32.000 words/cycle

Running Layer 1019
Total cycles: 1643
Compute cycles: 747
Stall cycles: 0
Overall utilization: 49.80%
Mapping efficiency: 100.00%
Average IFMAP SRAM BW: 15.936 words/cycle
Average Filter SRAM BW: 5.483 words/cycle
Average OFMAP SRAM BW: 15.936 words/cycle
Average IFMAP DRAM BW: 5.669 words/cycle
Average Filter DRAM BW: 7.802 words/cycle
Average OFMAP DRAM BW: 32.000 words/cycle

Running Layer 1020
Total cycles: 1905
Compute cycles: 747
Stall cycles: 0
Overall utilization: 49.80%
Mapping efficiency: 100.00%
Average IFMAP SRAM BW: 15.936 words/cycle
Average Filter SRAM BW: 5.483 words/cycle
Average OFMAP SRAM BW: 15.936 words/cycle
Average IFMAP DRAM BW: 7.563 words/cycle
Average Filter DRAM BW: 7.802 words/cycle
Average OFMAP DRAM BW: 32.000 words/cycle

Running Layer 1021
Total cycles: 3287
Compute cycles: 1495
Stall cycles: 0
Overall utilization: 49.77%
Mapping efficiency: 100.00%
Average IFMAP SRAM BW: 15.925 words/cycle
Average Filter SRAM BW: 5.480 words/cycle
Average OFMAP SRAM BW: 15.925 words/cycle
Average IFMAP DRAM BW: 7.563 words/cycle
Average Filter DRAM BW: 7.809 words/cycle
Average OFMAP DRAM BW: 32.000 words/cycle

Running Layer 1022
Total cycles: 6313
Compute cycles: 2991
Stall cycles: 0
Overall utilization: 49.75%
Mapping efficiency: 100.00%
Average IFMAP SRAM BW: 15.920 words/cycle
Average Filter SRAM BW: 5.478 words/cycle
Average OFMAP SRAM BW: 15.920 words/cycle
Average IFMAP DRAM BW: 9.080 words/cycle
Average Filter DRAM BW: 8.929 words/cycle
Average OFMAP DRAM BW: 32.000 words/cycle

Running Layer 1023
Total cycles: 825
Compute cycles: 375
Stall cycles: 0
Overall utilization: 6.27%
Mapping efficiency: 12.50%
Average IFMAP SRAM BW: 2.005 words/cycle
Average Filter SRAM BW: 0.683 words/cycle
Average OFMAP SRAM BW: 16.043 words/cycle
Average IFMAP DRAM BW: 1.430 words/cycle
Average Filter DRAM BW: 0.973 words/cycle
Average OFMAP DRAM BW: 32.000 words/cycle

Running Layer 1024
Total cycles: 1389
Compute cycles: 751
Stall cycles: 0
Overall utilization: 6.26%
Mapping efficiency: 12.50%
Average IFMAP SRAM BW: 2.003 words/cycle
Average Filter SRAM BW: 0.682 words/cycle
Average OFMAP SRAM BW: 16.021 words/cycle
Average IFMAP DRAM BW: 1.430 words/cycle
Average Filter DRAM BW: 1.947 words/cycle
Average OFMAP DRAM BW: 32.000 words/cycle

Running Layer 1025
Total cycles: 825
Compute cycles: 375
Stall cycles: 0
Overall utilization: 12.53%
Mapping efficiency: 25.00%
Average IFMAP SRAM BW: 4.011 words/cycle
Average Filter SRAM BW: 1.365 words/cycle
Average OFMAP SRAM BW: 16.043 words/cycle
Average IFMAP DRAM BW: 2.859 words/cycle
Average Filter DRAM BW: 1.947 words/cycle
Average OFMAP DRAM BW: 32.000 words/cycle

Running Layer 1026
Total cycles: 1389
Compute cycles: 751
Stall cycles: 0
Overall utilization: 12.52%
Mapping efficiency: 25.00%
Average IFMAP SRAM BW: 4.005 words/cycle
Average Filter SRAM BW: 1.364 words/cycle
Average OFMAP SRAM BW: 16.021 words/cycle
Average IFMAP DRAM BW: 2.859 words/cycle
Average Filter DRAM BW: 3.894 words/cycle
Average OFMAP DRAM BW: 32.000 words/cycle

Running Layer 1027
Total cycles: 825
Compute cycles: 375
Stall cycles: 0
Overall utilization: 25.07%
Mapping efficiency: 50.00%
Average IFMAP SRAM BW: 8.021 words/cycle
Average Filter SRAM BW: 2.731 words/cycle
Average OFMAP SRAM BW: 16.043 words/cycle
Average IFMAP DRAM BW: 5.719 words/cycle
Average Filter DRAM BW: 3.894 words/cycle
Average OFMAP DRAM BW: 32.000 words/cycle

Running Layer 1028
Total cycles: 1389
Compute cycles: 751
Stall cycles: 0
Overall utilization: 25.03%
Mapping efficiency: 50.00%
Average IFMAP SRAM BW: 8.011 words/cycle
Average Filter SRAM BW: 2.727 words/cycle
Average OFMAP SRAM BW: 16.021 words/cycle
Average IFMAP DRAM BW: 5.719 words/cycle
Average Filter DRAM BW: 7.787 words/cycle
Average OFMAP DRAM BW: 32.000 words/cycle

Running Layer 1029
Total cycles: 1087
Compute cycles: 375
Stall cycles: 0
Overall utilization: 50.13%
Mapping efficiency: 100.00%
Average IFMAP SRAM BW: 16.043 words/cycle
Average Filter SRAM BW: 5.461 words/cycle
Average OFMAP SRAM BW: 16.043 words/cycle
Average IFMAP DRAM BW: 5.730 words/cycle
Average Filter DRAM BW: 7.787 words/cycle
Average OFMAP DRAM BW: 32.000 words/cycle

Running Layer 1030
Total cycles: 1651
Compute cycles: 751
Stall cycles: 0
Overall utilization: 50.07%
Mapping efficiency: 100.00%
Average IFMAP SRAM BW: 16.021 words/cycle
Average Filter SRAM BW: 5.454 words/cycle
Average OFMAP SRAM BW: 16.021 words/cycle
Average IFMAP DRAM BW: 5.730 words/cycle
Average Filter DRAM BW: 7.802 words/cycle
Average OFMAP DRAM BW: 32.000 words/cycle

Running Layer 1031
Total cycles: 1913
Compute cycles: 751
Stall cycles: 0
Overall utilization: 50.07%
Mapping efficiency: 100.00%
Average IFMAP SRAM BW: 16.021 words/cycle
Average Filter SRAM BW: 5.454 words/cycle
Average OFMAP SRAM BW: 16.021 words/cycle
Average IFMAP DRAM BW: 7.644 words/cycle
Average Filter DRAM BW: 7.802 words/cycle
Average OFMAP DRAM BW: 32.000 words/cycle

Running Layer 1032
Total cycles: 3303
Compute cycles: 1503
Stall cycles: 0
Overall utilization: 50.03%
Mapping efficiency: 100.00%
Average IFMAP SRAM BW: 16.011 words/cycle
Average Filter SRAM BW: 5.450 words/cycle
Average OFMAP SRAM BW: 16.011 words/cycle
Average IFMAP DRAM BW: 7.644 words/cycle
Average Filter DRAM BW: 7.809 words/cycle
Average OFMAP DRAM BW: 32.000 words/cycle

Running Layer 1033
Total cycles: 6345
Compute cycles: 3007
Stall cycles: 0
Overall utilization: 50.02%
Mapping efficiency: 100.00%
Average IFMAP SRAM BW: 16.005 words/cycle
Average Filter SRAM BW: 5.449 words/cycle
Average OFMAP SRAM BW: 16.005 words/cycle
Average IFMAP DRAM BW: 9.178 words/cycle
Average Filter DRAM BW: 8.929 words/cycle
Average OFMAP DRAM BW: 32.000 words/cycle

Running Layer 1034
Total cycles: 829
Compute cycles: 377
Stall cycles: 0
Overall utilization: 6.30%
Mapping efficiency: 12.50%
Average IFMAP SRAM BW: 2.016 words/cycle
Average Filter SRAM BW: 0.679 words/cycle
Average OFMAP SRAM BW: 16.127 words/cycle
Average IFMAP DRAM BW: 1.445 words/cycle
Average Filter DRAM BW: 0.973 words/cycle
Average OFMAP DRAM BW: 32.000 words/cycle

Running Layer 1035
Total cycles: 1397
Compute cycles: 755
Stall cycles: 0
Overall utilization: 6.29%
Mapping efficiency: 12.50%
Average IFMAP SRAM BW: 2.013 words/cycle
Average Filter SRAM BW: 0.678 words/cycle
Average OFMAP SRAM BW: 16.106 words/cycle
Average IFMAP DRAM BW: 1.445 words/cycle
Average Filter DRAM BW: 1.947 words/cycle
Average OFMAP DRAM BW: 32.000 words/cycle

Running Layer 1036
Total cycles: 829
Compute cycles: 377
Stall cycles: 0
Overall utilization: 12.60%
Mapping efficiency: 25.00%
Average IFMAP SRAM BW: 4.032 words/cycle
Average Filter SRAM BW: 1.358 words/cycle
Average OFMAP SRAM BW: 16.127 words/cycle
Average IFMAP DRAM BW: 2.890 words/cycle
Average Filter DRAM BW: 1.947 words/cycle
Average OFMAP DRAM BW: 32.000 words/cycle

Running Layer 1037
Total cycles: 1397
Compute cycles: 755
Stall cycles: 0
Overall utilization: 12.58%
Mapping efficiency: 25.00%
Average IFMAP SRAM BW: 4.026 words/cycle
Average Filter SRAM BW: 1.356 words/cycle
Average OFMAP SRAM BW: 16.106 words/cycle
Average IFMAP DRAM BW: 2.890 words/cycle
Average Filter DRAM BW: 3.894 words/cycle
Average OFMAP DRAM BW: 32.000 words/cycle

Running Layer 1038
Total cycles: 829
Compute cycles: 377
Stall cycles: 0
Overall utilization: 25.20%
Mapping efficiency: 50.00%
Average IFMAP SRAM BW: 8.064 words/cycle
Average Filter SRAM BW: 2.716 words/cycle
Average OFMAP SRAM BW: 16.127 words/cycle
Average IFMAP DRAM BW: 5.779 words/cycle
Average Filter DRAM BW: 3.894 words/cycle
Average OFMAP DRAM BW: 32.000 words/cycle

Running Layer 1039
Total cycles: 1397
Compute cycles: 755
Stall cycles: 0
Overall utilization: 25.17%
Mapping efficiency: 50.00%
Average IFMAP SRAM BW: 8.053 words/cycle
Average Filter SRAM BW: 2.713 words/cycle
Average OFMAP SRAM BW: 16.106 words/cycle
Average IFMAP DRAM BW: 5.779 words/cycle
Average Filter DRAM BW: 7.787 words/cycle
Average OFMAP DRAM BW: 32.000 words/cycle

Running Layer 1040
Total cycles: 1091
Compute cycles: 377
Stall cycles: 0
Overall utilization: 50.40%
Mapping efficiency: 100.00%
Average IFMAP SRAM BW: 16.127 words/cycle
Average Filter SRAM BW: 5.432 words/cycle
Average OFMAP SRAM BW: 16.127 words/cycle
Average IFMAP DRAM BW: 5.790 words/cycle
Average Filter DRAM BW: 7.787 words/cycle
Average OFMAP DRAM BW: 32.000 words/cycle

Running Layer 1041
Total cycles: 1659
Compute cycles: 755
Stall cycles: 0
Overall utilization: 50.33%
Mapping efficiency: 100.00%
Average IFMAP SRAM BW: 16.106 words/cycle
Average Filter SRAM BW: 5.425 words/cycle
Average OFMAP SRAM BW: 16.106 words/cycle
Average IFMAP DRAM BW: 5.790 words/cycle
Average Filter DRAM BW: 7.802 words/cycle
Average OFMAP DRAM BW: 32.000 words/cycle

Running Layer 1042
Total cycles: 1921
Compute cycles: 755
Stall cycles: 0
Overall utilization: 50.33%
Mapping efficiency: 100.00%
Average IFMAP SRAM BW: 16.106 words/cycle
Average Filter SRAM BW: 5.425 words/cycle
Average OFMAP SRAM BW: 16.106 words/cycle
Average IFMAP DRAM BW: 7.726 words/cycle
Average Filter DRAM BW: 7.802 words/cycle
Average OFMAP DRAM BW: 32.000 words/cycle

Running Layer 1043
Total cycles: 3319
Compute cycles: 1511
Stall cycles: 0
Overall utilization: 50.30%
Mapping efficiency: 100.00%
Average IFMAP SRAM BW: 16.095 words/cycle
Average Filter SRAM BW: 5.422 words/cycle
Average OFMAP SRAM BW: 16.095 words/cycle
Average IFMAP DRAM BW: 7.726 words/cycle
Average Filter DRAM BW: 7.809 words/cycle
Average OFMAP DRAM BW: 32.000 words/cycle

Running Layer 1044
Total cycles: 6377
Compute cycles: 3023
Stall cycles: 0
Overall utilization: 50.28%
Mapping efficiency: 100.00%
Average IFMAP SRAM BW: 16.090 words/cycle
Average Filter SRAM BW: 5.420 words/cycle
Average OFMAP SRAM BW: 16.090 words/cycle
Average IFMAP DRAM BW: 9.275 words/cycle
Average Filter DRAM BW: 8.929 words/cycle
Average OFMAP DRAM BW: 32.000 words/cycle

Running Layer 1045
Total cycles: 833
Compute cycles: 379
Stall cycles: 0
Overall utilization: 6.33%
Mapping efficiency: 12.50%
Average IFMAP SRAM BW: 2.026 words/cycle
Average Filter SRAM BW: 0.675 words/cycle
Average OFMAP SRAM BW: 16.211 words/cycle
Average IFMAP DRAM BW: 1.460 words/cycle
Average Filter DRAM BW: 0.973 words/cycle
Average OFMAP DRAM BW: 32.000 words/cycle

Running Layer 1046
Total cycles: 1405
Compute cycles: 759
Stall cycles: 0
Overall utilization: 6.32%
Mapping efficiency: 12.50%
Average IFMAP SRAM BW: 2.024 words/cycle
Average Filter SRAM BW: 0.675 words/cycle
Average OFMAP SRAM BW: 16.190 words/cycle
Average IFMAP DRAM BW: 1.460 words/cycle
Average Filter DRAM BW: 1.947 words/cycle
Average OFMAP DRAM BW: 32.000 words/cycle

Running Layer 1047
Total cycles: 833
Compute cycles: 379
Stall cycles: 0
Overall utilization: 12.66%
Mapping efficiency: 25.00%
Average IFMAP SRAM BW: 4.053 words/cycle
Average Filter SRAM BW: 1.351 words/cycle
Average OFMAP SRAM BW: 16.211 words/cycle
Average IFMAP DRAM BW: 2.920 words/cycle
Average Filter DRAM BW: 1.947 words/cycle
Average OFMAP DRAM BW: 32.000 words/cycle

Running Layer 1048
Total cycles: 1405
Compute cycles: 759
Stall cycles: 0
Overall utilization: 12.65%
Mapping efficiency: 25.00%
Average IFMAP SRAM BW: 4.047 words/cycle
Average Filter SRAM BW: 1.349 words/cycle
Average OFMAP SRAM BW: 16.190 words/cycle
Average IFMAP DRAM BW: 2.920 words/cycle
Average Filter DRAM BW: 3.894 words/cycle
Average OFMAP DRAM BW: 32.000 words/cycle

Running Layer 1049
Total cycles: 833
Compute cycles: 379
Stall cycles: 0
Overall utilization: 25.33%
Mapping efficiency: 50.00%
Average IFMAP SRAM BW: 8.106 words/cycle
Average Filter SRAM BW: 2.702 words/cycle
Average OFMAP SRAM BW: 16.211 words/cycle
Average IFMAP DRAM BW: 5.840 words/cycle
Average Filter DRAM BW: 3.894 words/cycle
Average OFMAP DRAM BW: 32.000 words/cycle

Running Layer 1050
Total cycles: 1405
Compute cycles: 759
Stall cycles: 0
Overall utilization: 25.30%
Mapping efficiency: 50.00%
Average IFMAP SRAM BW: 8.095 words/cycle
Average Filter SRAM BW: 2.698 words/cycle
Average OFMAP SRAM BW: 16.190 words/cycle
Average IFMAP DRAM BW: 5.840 words/cycle
Average Filter DRAM BW: 7.787 words/cycle
Average OFMAP DRAM BW: 32.000 words/cycle

Running Layer 1051
Total cycles: 1095
Compute cycles: 379
Stall cycles: 0
Overall utilization: 50.66%
Mapping efficiency: 100.00%
Average IFMAP SRAM BW: 16.211 words/cycle
Average Filter SRAM BW: 5.404 words/cycle
Average OFMAP SRAM BW: 16.211 words/cycle
Average IFMAP DRAM BW: 5.851 words/cycle
Average Filter DRAM BW: 7.787 words/cycle
Average OFMAP DRAM BW: 32.000 words/cycle

Running Layer 1052
Total cycles: 1667
Compute cycles: 759
Stall cycles: 0
Overall utilization: 50.59%
Mapping efficiency: 100.00%
Average IFMAP SRAM BW: 16.190 words/cycle
Average Filter SRAM BW: 5.397 words/cycle
Average OFMAP SRAM BW: 16.190 words/cycle
Average IFMAP DRAM BW: 5.851 words/cycle
Average Filter DRAM BW: 7.802 words/cycle
Average OFMAP DRAM BW: 32.000 words/cycle

Running Layer 1053
Total cycles: 1929
Compute cycles: 759
Stall cycles: 0
Overall utilization: 50.59%
Mapping efficiency: 100.00%
Average IFMAP SRAM BW: 16.190 words/cycle
Average Filter SRAM BW: 5.397 words/cycle
Average OFMAP SRAM BW: 16.190 words/cycle
Average IFMAP DRAM BW: 7.807 words/cycle
Average Filter DRAM BW: 7.802 words/cycle
Average OFMAP DRAM BW: 32.000 words/cycle

Running Layer 1054
Total cycles: 3335
Compute cycles: 1519
Stall cycles: 0
Overall utilization: 50.56%
Mapping efficiency: 100.00%
Average IFMAP SRAM BW: 16.179 words/cycle
Average Filter SRAM BW: 5.393 words/cycle
Average OFMAP SRAM BW: 16.179 words/cycle
Average IFMAP DRAM BW: 7.807 words/cycle
Average Filter DRAM BW: 7.809 words/cycle
Average OFMAP DRAM BW: 32.000 words/cycle

Running Layer 1055
Total cycles: 6409
Compute cycles: 3039
Stall cycles: 0
Overall utilization: 50.54%
Mapping efficiency: 100.00%
Average IFMAP SRAM BW: 16.174 words/cycle
Average Filter SRAM BW: 5.391 words/cycle
Average OFMAP SRAM BW: 16.174 words/cycle
Average IFMAP DRAM BW: 9.373 words/cycle
Average Filter DRAM BW: 8.929 words/cycle
Average OFMAP DRAM BW: 32.000 words/cycle

Running Layer 1056
Total cycles: 837
Compute cycles: 381
Stall cycles: 0
Overall utilization: 6.36%
Mapping efficiency: 12.50%
Average IFMAP SRAM BW: 2.037 words/cycle
Average Filter SRAM BW: 0.672 words/cycle
Average OFMAP SRAM BW: 16.294 words/cycle
Average IFMAP DRAM BW: 1.475 words/cycle
Average Filter DRAM BW: 0.973 words/cycle
Average OFMAP DRAM BW: 32.000 words/cycle

Running Layer 1057
Total cycles: 1413
Compute cycles: 763
Stall cycles: 0
Overall utilization: 6.36%
Mapping efficiency: 12.50%
Average IFMAP SRAM BW: 2.034 words/cycle
Average Filter SRAM BW: 0.671 words/cycle
Average OFMAP SRAM BW: 16.273 words/cycle
Average IFMAP DRAM BW: 1.475 words/cycle
Average Filter DRAM BW: 1.947 words/cycle
Average OFMAP DRAM BW: 32.000 words/cycle

Running Layer 1058
Total cycles: 837
Compute cycles: 381
Stall cycles: 0
Overall utilization: 12.73%
Mapping efficiency: 25.00%
Average IFMAP SRAM BW: 4.073 words/cycle
Average Filter SRAM BW: 1.344 words/cycle
Average OFMAP SRAM BW: 16.294 words/cycle
Average IFMAP DRAM BW: 2.951 words/cycle
Average Filter DRAM BW: 1.947 words/cycle
Average OFMAP DRAM BW: 32.000 words/cycle

Running Layer 1059
Total cycles: 1413
Compute cycles: 763
Stall cycles: 0
Overall utilization: 12.71%
Mapping efficiency: 25.00%
Average IFMAP SRAM BW: 4.068 words/cycle
Average Filter SRAM BW: 1.342 words/cycle
Average OFMAP SRAM BW: 16.273 words/cycle
Average IFMAP DRAM BW: 2.951 words/cycle
Average Filter DRAM BW: 3.894 words/cycle
Average OFMAP DRAM BW: 32.000 words/cycle

Running Layer 1060
Total cycles: 837
Compute cycles: 381
Stall cycles: 0
Overall utilization: 25.46%
Mapping efficiency: 50.00%
Average IFMAP SRAM BW: 8.147 words/cycle
Average Filter SRAM BW: 2.688 words/cycle
Average OFMAP SRAM BW: 16.294 words/cycle
Average IFMAP DRAM BW: 5.901 words/cycle
Average Filter DRAM BW: 3.894 words/cycle
Average OFMAP DRAM BW: 32.000 words/cycle

Running Layer 1061
Total cycles: 1413
Compute cycles: 763
Stall cycles: 0
Overall utilization: 25.43%
Mapping efficiency: 50.00%
Average IFMAP SRAM BW: 8.136 words/cycle
Average Filter SRAM BW: 2.684 words/cycle
Average OFMAP SRAM BW: 16.273 words/cycle
Average IFMAP DRAM BW: 5.901 words/cycle
Average Filter DRAM BW: 7.787 words/cycle
Average OFMAP DRAM BW: 32.000 words/cycle

Running Layer 1062
Total cycles: 1099
Compute cycles: 381
Stall cycles: 0
Overall utilization: 50.92%
Mapping efficiency: 100.00%
Average IFMAP SRAM BW: 16.294 words/cycle
Average Filter SRAM BW: 5.375 words/cycle
Average OFMAP SRAM BW: 16.294 words/cycle
Average IFMAP DRAM BW: 5.912 words/cycle
Average Filter DRAM BW: 7.787 words/cycle
Average OFMAP DRAM BW: 32.000 words/cycle

Running Layer 1063
Total cycles: 1675
Compute cycles: 763
Stall cycles: 0
Overall utilization: 50.85%
Mapping efficiency: 100.00%
Average IFMAP SRAM BW: 16.273 words/cycle
Average Filter SRAM BW: 5.368 words/cycle
Average OFMAP SRAM BW: 16.273 words/cycle
Average IFMAP DRAM BW: 5.912 words/cycle
Average Filter DRAM BW: 7.802 words/cycle
Average OFMAP DRAM BW: 32.000 words/cycle

Running Layer 1064
Total cycles: 1937
Compute cycles: 763
Stall cycles: 0
Overall utilization: 50.85%
Mapping efficiency: 100.00%
Average IFMAP SRAM BW: 16.273 words/cycle
Average Filter SRAM BW: 5.368 words/cycle
Average OFMAP SRAM BW: 16.273 words/cycle
Average IFMAP DRAM BW: 7.888 words/cycle
Average Filter DRAM BW: 7.802 words/cycle
Average OFMAP DRAM BW: 32.000 words/cycle

Running Layer 1065
Total cycles: 3351
Compute cycles: 1527
Stall cycles: 0
Overall utilization: 50.82%
Mapping efficiency: 100.00%
Average IFMAP SRAM BW: 16.262 words/cycle
Average Filter SRAM BW: 5.365 words/cycle
Average OFMAP SRAM BW: 16.262 words/cycle
Average IFMAP DRAM BW: 7.888 words/cycle
Average Filter DRAM BW: 7.809 words/cycle
Average OFMAP DRAM BW: 32.000 words/cycle

Running Layer 1066
Total cycles: 6441
Compute cycles: 3055
Stall cycles: 0
Overall utilization: 50.80%
Mapping efficiency: 100.00%
Average IFMAP SRAM BW: 16.257 words/cycle
Average Filter SRAM BW: 5.363 words/cycle
Average OFMAP SRAM BW: 16.257 words/cycle
Average IFMAP DRAM BW: 9.471 words/cycle
Average Filter DRAM BW: 8.929 words/cycle
Average OFMAP DRAM BW: 32.000 words/cycle

Running Layer 1067
Total cycles: 841
Compute cycles: 383
Stall cycles: 0
Overall utilization: 6.40%
Mapping efficiency: 12.50%
Average IFMAP SRAM BW: 2.047 words/cycle
Average Filter SRAM BW: 0.668 words/cycle
Average OFMAP SRAM BW: 16.376 words/cycle
Average IFMAP DRAM BW: 1.490 words/cycle
Average Filter DRAM BW: 0.973 words/cycle
Average OFMAP DRAM BW: 32.000 words/cycle

Running Layer 1068
Total cycles: 1421
Compute cycles: 767
Stall cycles: 0
Overall utilization: 6.39%
Mapping efficiency: 12.50%
Average IFMAP SRAM BW: 2.044 words/cycle
Average Filter SRAM BW: 0.668 words/cycle
Average OFMAP SRAM BW: 16.355 words/cycle
Average IFMAP DRAM BW: 1.490 words/cycle
Average Filter DRAM BW: 1.947 words/cycle
Average OFMAP DRAM BW: 32.000 words/cycle

Running Layer 1069
Total cycles: 841
Compute cycles: 383
Stall cycles: 0
Overall utilization: 12.79%
Mapping efficiency: 25.00%
Average IFMAP SRAM BW: 4.094 words/cycle
Average Filter SRAM BW: 1.337 words/cycle
Average OFMAP SRAM BW: 16.376 words/cycle
Average IFMAP DRAM BW: 2.981 words/cycle
Average Filter DRAM BW: 1.947 words/cycle
Average OFMAP DRAM BW: 32.000 words/cycle

Running Layer 1070
Total cycles: 1421
Compute cycles: 767
Stall cycles: 0
Overall utilization: 12.78%
Mapping efficiency: 25.00%
Average IFMAP SRAM BW: 4.089 words/cycle
Average Filter SRAM BW: 1.335 words/cycle
Average OFMAP SRAM BW: 16.355 words/cycle
Average IFMAP DRAM BW: 2.981 words/cycle
Average Filter DRAM BW: 3.894 words/cycle
Average OFMAP DRAM BW: 32.000 words/cycle

Running Layer 1071
Total cycles: 841
Compute cycles: 383
Stall cycles: 0
Overall utilization: 25.59%
Mapping efficiency: 50.00%
Average IFMAP SRAM BW: 8.188 words/cycle
Average Filter SRAM BW: 2.674 words/cycle
Average OFMAP SRAM BW: 16.376 words/cycle
Average IFMAP DRAM BW: 5.962 words/cycle
Average Filter DRAM BW: 3.894 words/cycle
Average OFMAP DRAM BW: 32.000 words/cycle

Running Layer 1072
Total cycles: 1421
Compute cycles: 767
Stall cycles: 0
Overall utilization: 25.55%
Mapping efficiency: 50.00%
Average IFMAP SRAM BW: 8.177 words/cycle
Average Filter SRAM BW: 2.670 words/cycle
Average OFMAP SRAM BW: 16.355 words/cycle
Average IFMAP DRAM BW: 5.962 words/cycle
Average Filter DRAM BW: 7.787 words/cycle
Average OFMAP DRAM BW: 32.000 words/cycle

Running Layer 1073
Total cycles: 1103
Compute cycles: 383
Stall cycles: 0
Overall utilization: 51.17%
Mapping efficiency: 100.00%
Average IFMAP SRAM BW: 16.376 words/cycle
Average Filter SRAM BW: 5.347 words/cycle
Average OFMAP SRAM BW: 16.376 words/cycle
Average IFMAP DRAM BW: 5.973 words/cycle
Average Filter DRAM BW: 7.787 words/cycle
Average OFMAP DRAM BW: 32.000 words/cycle

Running Layer 1074
Total cycles: 1683
Compute cycles: 767
Stall cycles: 0
Overall utilization: 51.11%
Mapping efficiency: 100.00%
Average IFMAP SRAM BW: 16.355 words/cycle
Average Filter SRAM BW: 5.340 words/cycle
Average OFMAP SRAM BW: 16.355 words/cycle
Average IFMAP DRAM BW: 5.973 words/cycle
Average Filter DRAM BW: 7.802 words/cycle
Average OFMAP DRAM BW: 32.000 words/cycle

Running Layer 1075
Total cycles: 1945
Compute cycles: 767
Stall cycles: 0
Overall utilization: 51.11%
Mapping efficiency: 100.00%
Average IFMAP SRAM BW: 16.355 words/cycle
Average Filter SRAM BW: 5.340 words/cycle
Average OFMAP SRAM BW: 16.355 words/cycle
Average IFMAP DRAM BW: 7.970 words/cycle
Average Filter DRAM BW: 7.802 words/cycle
Average OFMAP DRAM BW: 32.000 words/cycle

Running Layer 1076
Total cycles: 3367
Compute cycles: 1535
Stall cycles: 0
Overall utilization: 51.07%
Mapping efficiency: 100.00%
Average IFMAP SRAM BW: 16.344 words/cycle
Average Filter SRAM BW: 5.337 words/cycle
Average OFMAP SRAM BW: 16.344 words/cycle
Average IFMAP DRAM BW: 7.970 words/cycle
Average Filter DRAM BW: 7.809 words/cycle
Average OFMAP DRAM BW: 32.000 words/cycle

Running Layer 1077
Total cycles: 6473
Compute cycles: 3071
Stall cycles: 0
Overall utilization: 51.06%
Mapping efficiency: 100.00%
Average IFMAP SRAM BW: 16.339 words/cycle
Average Filter SRAM BW: 5.335 words/cycle
Average OFMAP SRAM BW: 16.339 words/cycle
Average IFMAP DRAM BW: 9.568 words/cycle
Average Filter DRAM BW: 8.929 words/cycle
Average OFMAP DRAM BW: 32.000 words/cycle

Running Layer 1078
Total cycles: 845
Compute cycles: 385
Stall cycles: 0
Overall utilization: 6.43%
Mapping efficiency: 12.50%
Average IFMAP SRAM BW: 2.057 words/cycle
Average Filter SRAM BW: 0.665 words/cycle
Average OFMAP SRAM BW: 16.457 words/cycle
Average IFMAP DRAM BW: 1.506 words/cycle
Average Filter DRAM BW: 0.973 words/cycle
Average OFMAP DRAM BW: 32.000 words/cycle

Running Layer 1079
Total cycles: 1429
Compute cycles: 771
Stall cycles: 0
Overall utilization: 6.42%
Mapping efficiency: 12.50%
Average IFMAP SRAM BW: 2.054 words/cycle
Average Filter SRAM BW: 0.664 words/cycle
Average OFMAP SRAM BW: 16.436 words/cycle
Average IFMAP DRAM BW: 1.506 words/cycle
Average Filter DRAM BW: 1.947 words/cycle
Average OFMAP DRAM BW: 32.000 words/cycle

Running Layer 1080
Total cycles: 845
Compute cycles: 385
Stall cycles: 0
Overall utilization: 12.86%
Mapping efficiency: 25.00%
Average IFMAP SRAM BW: 4.114 words/cycle
Average Filter SRAM BW: 1.330 words/cycle
Average OFMAP SRAM BW: 16.457 words/cycle
Average IFMAP DRAM BW: 3.011 words/cycle
Average Filter DRAM BW: 1.947 words/cycle
Average OFMAP DRAM BW: 32.000 words/cycle

Running Layer 1081
Total cycles: 1429
Compute cycles: 771
Stall cycles: 0
Overall utilization: 12.84%
Mapping efficiency: 25.00%
Average IFMAP SRAM BW: 4.109 words/cycle
Average Filter SRAM BW: 1.328 words/cycle
Average OFMAP SRAM BW: 16.436 words/cycle
Average IFMAP DRAM BW: 3.011 words/cycle
Average Filter DRAM BW: 3.894 words/cycle
Average OFMAP DRAM BW: 32.000 words/cycle

Running Layer 1082
Total cycles: 845
Compute cycles: 385
Stall cycles: 0
Overall utilization: 25.71%
Mapping efficiency: 50.00%
Average IFMAP SRAM BW: 8.229 words/cycle
Average Filter SRAM BW: 2.660 words/cycle
Average OFMAP SRAM BW: 16.457 words/cycle
Average IFMAP DRAM BW: 6.023 words/cycle
Average Filter DRAM BW: 3.894 words/cycle
Average OFMAP DRAM BW: 32.000 words/cycle

Running Layer 1083
Total cycles: 1429
Compute cycles: 771
Stall cycles: 0
Overall utilization: 25.68%
Mapping efficiency: 50.00%
Average IFMAP SRAM BW: 8.218 words/cycle
Average Filter SRAM BW: 2.656 words/cycle
Average OFMAP SRAM BW: 16.436 words/cycle
Average IFMAP DRAM BW: 6.023 words/cycle
Average Filter DRAM BW: 7.787 words/cycle
Average OFMAP DRAM BW: 32.000 words/cycle

Running Layer 1084
Total cycles: 1107
Compute cycles: 385
Stall cycles: 0
Overall utilization: 51.43%
Mapping efficiency: 100.00%
Average IFMAP SRAM BW: 16.457 words/cycle
Average Filter SRAM BW: 5.319 words/cycle
Average OFMAP SRAM BW: 16.457 words/cycle
Average IFMAP DRAM BW: 6.034 words/cycle
Average Filter DRAM BW: 7.787 words/cycle
Average OFMAP DRAM BW: 32.000 words/cycle

Running Layer 1085
Total cycles: 1691
Compute cycles: 771
Stall cycles: 0
Overall utilization: 51.36%
Mapping efficiency: 100.00%
Average IFMAP SRAM BW: 16.436 words/cycle
Average Filter SRAM BW: 5.313 words/cycle
Average OFMAP SRAM BW: 16.436 words/cycle
Average IFMAP DRAM BW: 6.034 words/cycle
Average Filter DRAM BW: 7.802 words/cycle
Average OFMAP DRAM BW: 32.000 words/cycle

Running Layer 1086
Total cycles: 1953
Compute cycles: 771
Stall cycles: 0
Overall utilization: 51.36%
Mapping efficiency: 100.00%
Average IFMAP SRAM BW: 16.436 words/cycle
Average Filter SRAM BW: 5.313 words/cycle
Average OFMAP SRAM BW: 16.436 words/cycle
Average IFMAP DRAM BW: 8.051 words/cycle
Average Filter DRAM BW: 7.802 words/cycle
Average OFMAP DRAM BW: 32.000 words/cycle

Running Layer 1087
Total cycles: 3383
Compute cycles: 1543
Stall cycles: 0
Overall utilization: 51.33%
Mapping efficiency: 100.00%
Average IFMAP SRAM BW: 16.425 words/cycle
Average Filter SRAM BW: 5.309 words/cycle
Average OFMAP SRAM BW: 16.425 words/cycle
Average IFMAP DRAM BW: 8.051 words/cycle
Average Filter DRAM BW: 7.809 words/cycle
Average OFMAP DRAM BW: 32.000 words/cycle

Running Layer 1088
Total cycles: 6505
Compute cycles: 3087
Stall cycles: 0
Overall utilization: 51.31%
Mapping efficiency: 100.00%
Average IFMAP SRAM BW: 16.420 words/cycle
Average Filter SRAM BW: 5.307 words/cycle
Average OFMAP SRAM BW: 16.420 words/cycle
Average IFMAP DRAM BW: 9.666 words/cycle
Average Filter DRAM BW: 8.929 words/cycle
Average OFMAP DRAM BW: 32.000 words/cycle

Running Layer 1089
Total cycles: 849
Compute cycles: 387
Stall cycles: 0
Overall utilization: 6.46%
Mapping efficiency: 12.50%
Average IFMAP SRAM BW: 2.067 words/cycle
Average Filter SRAM BW: 0.661 words/cycle
Average OFMAP SRAM BW: 16.537 words/cycle
Average IFMAP DRAM BW: 1.521 words/cycle
Average Filter DRAM BW: 0.973 words/cycle
Average OFMAP DRAM BW: 32.000 words/cycle

Running Layer 1090
Total cycles: 1437
Compute cycles: 775
Stall cycles: 0
Overall utilization: 6.45%
Mapping efficiency: 12.50%
Average IFMAP SRAM BW: 2.065 words/cycle
Average Filter SRAM BW: 0.661 words/cycle
Average OFMAP SRAM BW: 16.516 words/cycle
Average IFMAP DRAM BW: 1.521 words/cycle
Average Filter DRAM BW: 1.947 words/cycle
Average OFMAP DRAM BW: 32.000 words/cycle

Running Layer 1091
Total cycles: 849
Compute cycles: 387
Stall cycles: 0
Overall utilization: 12.92%
Mapping efficiency: 25.00%
Average IFMAP SRAM BW: 4.134 words/cycle
Average Filter SRAM BW: 1.323 words/cycle
Average OFMAP SRAM BW: 16.537 words/cycle
Average IFMAP DRAM BW: 3.042 words/cycle
Average Filter DRAM BW: 1.947 words/cycle
Average OFMAP DRAM BW: 32.000 words/cycle

Running Layer 1092
Total cycles: 1437
Compute cycles: 775
Stall cycles: 0
Overall utilization: 12.90%
Mapping efficiency: 25.00%
Average IFMAP SRAM BW: 4.129 words/cycle
Average Filter SRAM BW: 1.321 words/cycle
Average OFMAP SRAM BW: 16.516 words/cycle
Average IFMAP DRAM BW: 3.042 words/cycle
Average Filter DRAM BW: 3.894 words/cycle
Average OFMAP DRAM BW: 32.000 words/cycle

Running Layer 1093
Total cycles: 849
Compute cycles: 387
Stall cycles: 0
Overall utilization: 25.84%
Mapping efficiency: 50.00%
Average IFMAP SRAM BW: 8.269 words/cycle
Average Filter SRAM BW: 2.646 words/cycle
Average OFMAP SRAM BW: 16.537 words/cycle
Average IFMAP DRAM BW: 6.084 words/cycle
Average Filter DRAM BW: 3.894 words/cycle
Average OFMAP DRAM BW: 32.000 words/cycle

Running Layer 1094
Total cycles: 1437
Compute cycles: 775
Stall cycles: 0
Overall utilization: 25.81%
Mapping efficiency: 50.00%
Average IFMAP SRAM BW: 8.258 words/cycle
Average Filter SRAM BW: 2.643 words/cycle
Average OFMAP SRAM BW: 16.516 words/cycle
Average IFMAP DRAM BW: 6.084 words/cycle
Average Filter DRAM BW: 7.787 words/cycle
Average OFMAP DRAM BW: 32.000 words/cycle

Running Layer 1095
Total cycles: 1111
Compute cycles: 387
Stall cycles: 0
Overall utilization: 51.68%
Mapping efficiency: 100.00%
Average IFMAP SRAM BW: 16.537 words/cycle
Average Filter SRAM BW: 5.292 words/cycle
Average OFMAP SRAM BW: 16.537 words/cycle
Average IFMAP DRAM BW: 6.095 words/cycle
Average Filter DRAM BW: 7.787 words/cycle
Average OFMAP DRAM BW: 32.000 words/cycle

Running Layer 1096
Total cycles: 1699
Compute cycles: 775
Stall cycles: 0
Overall utilization: 51.61%
Mapping efficiency: 100.00%
Average IFMAP SRAM BW: 16.516 words/cycle
Average Filter SRAM BW: 5.285 words/cycle
Average OFMAP SRAM BW: 16.516 words/cycle
Average IFMAP DRAM BW: 6.095 words/cycle
Average Filter DRAM BW: 7.802 words/cycle
Average OFMAP DRAM BW: 32.000 words/cycle

Running Layer 1097
Total cycles: 1961
Compute cycles: 775
Stall cycles: 0
Overall utilization: 51.61%
Mapping efficiency: 100.00%
Average IFMAP SRAM BW: 16.516 words/cycle
Average Filter SRAM BW: 5.285 words/cycle
Average OFMAP SRAM BW: 16.516 words/cycle
Average IFMAP DRAM BW: 8.132 words/cycle
Average Filter DRAM BW: 7.802 words/cycle
Average OFMAP DRAM BW: 32.000 words/cycle

Running Layer 1098
Total cycles: 3399
Compute cycles: 1551
Stall cycles: 0
Overall utilization: 51.58%
Mapping efficiency: 100.00%
Average IFMAP SRAM BW: 16.505 words/cycle
Average Filter SRAM BW: 5.282 words/cycle
Average OFMAP SRAM BW: 16.505 words/cycle
Average IFMAP DRAM BW: 8.132 words/cycle
Average Filter DRAM BW: 7.809 words/cycle
Average OFMAP DRAM BW: 32.000 words/cycle

Running Layer 1099
Total cycles: 6537
Compute cycles: 3103
Stall cycles: 0
Overall utilization: 51.56%
Mapping efficiency: 100.00%
Average IFMAP SRAM BW: 16.500 words/cycle
Average Filter SRAM BW: 5.280 words/cycle
Average OFMAP SRAM BW: 16.500 words/cycle
Average IFMAP DRAM BW: 9.764 words/cycle
Average Filter DRAM BW: 8.929 words/cycle
Average OFMAP DRAM BW: 32.000 words/cycle

Running Layer 1100
Total cycles: 853
Compute cycles: 389
Stall cycles: 0
Overall utilization: 6.49%
Mapping efficiency: 12.50%
Average IFMAP SRAM BW: 2.077 words/cycle
Average Filter SRAM BW: 0.658 words/cycle
Average OFMAP SRAM BW: 16.617 words/cycle
Average IFMAP DRAM BW: 1.536 words/cycle
Average Filter DRAM BW: 0.973 words/cycle
Average OFMAP DRAM BW: 32.000 words/cycle

Running Layer 1101
Total cycles: 1445
Compute cycles: 779
Stall cycles: 0
Overall utilization: 6.48%
Mapping efficiency: 12.50%
Average IFMAP SRAM BW: 2.074 words/cycle
Average Filter SRAM BW: 0.657 words/cycle
Average OFMAP SRAM BW: 16.596 words/cycle
Average IFMAP DRAM BW: 1.536 words/cycle
Average Filter DRAM BW: 1.947 words/cycle
Average OFMAP DRAM BW: 32.000 words/cycle

Running Layer 1102
Total cycles: 853
Compute cycles: 389
Stall cycles: 0
Overall utilization: 12.98%
Mapping efficiency: 25.00%
Average IFMAP SRAM BW: 4.154 words/cycle
Average Filter SRAM BW: 1.316 words/cycle
Average OFMAP SRAM BW: 16.617 words/cycle
Average IFMAP DRAM BW: 3.072 words/cycle
Average Filter DRAM BW: 1.947 words/cycle
Average OFMAP DRAM BW: 32.000 words/cycle

Running Layer 1103
Total cycles: 1445
Compute cycles: 779
Stall cycles: 0
Overall utilization: 12.97%
Mapping efficiency: 25.00%
Average IFMAP SRAM BW: 4.149 words/cycle
Average Filter SRAM BW: 1.315 words/cycle
Average OFMAP SRAM BW: 16.596 words/cycle
Average IFMAP DRAM BW: 3.072 words/cycle
Average Filter DRAM BW: 3.894 words/cycle
Average OFMAP DRAM BW: 32.000 words/cycle

Running Layer 1104
Total cycles: 853
Compute cycles: 389
Stall cycles: 0
Overall utilization: 25.96%
Mapping efficiency: 50.00%
Average IFMAP SRAM BW: 8.308 words/cycle
Average Filter SRAM BW: 2.632 words/cycle
Average OFMAP SRAM BW: 16.617 words/cycle
Average IFMAP DRAM BW: 6.144 words/cycle
Average Filter DRAM BW: 3.894 words/cycle
Average OFMAP DRAM BW: 32.000 words/cycle

Running Layer 1105
Total cycles: 1445
Compute cycles: 779
Stall cycles: 0
Overall utilization: 25.93%
Mapping efficiency: 50.00%
Average IFMAP SRAM BW: 8.298 words/cycle
Average Filter SRAM BW: 2.629 words/cycle
Average OFMAP SRAM BW: 16.596 words/cycle
Average IFMAP DRAM BW: 6.144 words/cycle
Average Filter DRAM BW: 7.787 words/cycle
Average OFMAP DRAM BW: 32.000 words/cycle

Running Layer 1106
Total cycles: 1115
Compute cycles: 389
Stall cycles: 0
Overall utilization: 51.93%
Mapping efficiency: 100.00%
Average IFMAP SRAM BW: 16.617 words/cycle
Average Filter SRAM BW: 5.265 words/cycle
Average OFMAP SRAM BW: 16.617 words/cycle
Average IFMAP DRAM BW: 6.156 words/cycle
Average Filter DRAM BW: 7.787 words/cycle
Average OFMAP DRAM BW: 32.000 words/cycle

Running Layer 1107
Total cycles: 1707
Compute cycles: 779
Stall cycles: 0
Overall utilization: 51.86%
Mapping efficiency: 100.00%
Average IFMAP SRAM BW: 16.596 words/cycle
Average Filter SRAM BW: 5.258 words/cycle
Average OFMAP SRAM BW: 16.596 words/cycle
Average IFMAP DRAM BW: 6.156 words/cycle
Average Filter DRAM BW: 7.802 words/cycle
Average OFMAP DRAM BW: 32.000 words/cycle

Running Layer 1108
Total cycles: 1969
Compute cycles: 779
Stall cycles: 0
Overall utilization: 51.86%
Mapping efficiency: 100.00%
Average IFMAP SRAM BW: 16.596 words/cycle
Average Filter SRAM BW: 5.258 words/cycle
Average OFMAP SRAM BW: 16.596 words/cycle
Average IFMAP DRAM BW: 8.213 words/cycle
Average Filter DRAM BW: 7.802 words/cycle
Average OFMAP DRAM BW: 32.000 words/cycle

Running Layer 1109
Total cycles: 3415
Compute cycles: 1559
Stall cycles: 0
Overall utilization: 51.83%
Mapping efficiency: 100.00%
Average IFMAP SRAM BW: 16.585 words/cycle
Average Filter SRAM BW: 5.255 words/cycle
Average OFMAP SRAM BW: 16.585 words/cycle
Average IFMAP DRAM BW: 8.213 words/cycle
Average Filter DRAM BW: 7.809 words/cycle
Average OFMAP DRAM BW: 32.000 words/cycle

Running Layer 1110
Total cycles: 6569
Compute cycles: 3119
Stall cycles: 0
Overall utilization: 51.81%
Mapping efficiency: 100.00%
Average IFMAP SRAM BW: 16.580 words/cycle
Average Filter SRAM BW: 5.253 words/cycle
Average OFMAP SRAM BW: 16.580 words/cycle
Average IFMAP DRAM BW: 9.861 words/cycle
Average Filter DRAM BW: 8.929 words/cycle
Average OFMAP DRAM BW: 32.000 words/cycle

Running Layer 1111
Total cycles: 857
Compute cycles: 391
Stall cycles: 0
Overall utilization: 6.52%
Mapping efficiency: 12.50%
Average IFMAP SRAM BW: 2.087 words/cycle
Average Filter SRAM BW: 0.655 words/cycle
Average OFMAP SRAM BW: 16.696 words/cycle
Average IFMAP DRAM BW: 1.551 words/cycle
Average Filter DRAM BW: 0.973 words/cycle
Average OFMAP DRAM BW: 32.000 words/cycle

Running Layer 1112
Total cycles: 1453
Compute cycles: 783
Stall cycles: 0
Overall utilization: 6.51%
Mapping efficiency: 12.50%
Average IFMAP SRAM BW: 2.084 words/cycle
Average Filter SRAM BW: 0.654 words/cycle
Average OFMAP SRAM BW: 16.674 words/cycle
Average IFMAP DRAM BW: 1.551 words/cycle
Average Filter DRAM BW: 1.947 words/cycle
Average OFMAP DRAM BW: 32.000 words/cycle

Running Layer 1113
Total cycles: 857
Compute cycles: 391
Stall cycles: 0
Overall utilization: 13.04%
Mapping efficiency: 25.00%
Average IFMAP SRAM BW: 4.174 words/cycle
Average Filter SRAM BW: 1.309 words/cycle
Average OFMAP SRAM BW: 16.696 words/cycle
Average IFMAP DRAM BW: 3.103 words/cycle
Average Filter DRAM BW: 1.947 words/cycle
Average OFMAP DRAM BW: 32.000 words/cycle

Running Layer 1114
Total cycles: 1453
Compute cycles: 783
Stall cycles: 0
Overall utilization: 13.03%
Mapping efficiency: 25.00%
Average IFMAP SRAM BW: 4.169 words/cycle
Average Filter SRAM BW: 1.308 words/cycle
Average OFMAP SRAM BW: 16.674 words/cycle
Average IFMAP DRAM BW: 3.103 words/cycle
Average Filter DRAM BW: 3.894 words/cycle
Average OFMAP DRAM BW: 32.000 words/cycle

Running Layer 1115
Total cycles: 857
Compute cycles: 391
Stall cycles: 0
Overall utilization: 26.09%
Mapping efficiency: 50.00%
Average IFMAP SRAM BW: 8.348 words/cycle
Average Filter SRAM BW: 2.619 words/cycle
Average OFMAP SRAM BW: 16.696 words/cycle
Average IFMAP DRAM BW: 6.205 words/cycle
Average Filter DRAM BW: 3.894 words/cycle
Average OFMAP DRAM BW: 32.000 words/cycle

Running Layer 1116
Total cycles: 1453
Compute cycles: 783
Stall cycles: 0
Overall utilization: 26.05%
Mapping efficiency: 50.00%
Average IFMAP SRAM BW: 8.337 words/cycle
Average Filter SRAM BW: 2.616 words/cycle
Average OFMAP SRAM BW: 16.674 words/cycle
Average IFMAP DRAM BW: 6.205 words/cycle
Average Filter DRAM BW: 7.787 words/cycle
Average OFMAP DRAM BW: 32.000 words/cycle

Running Layer 1117
Total cycles: 1119
Compute cycles: 391
Stall cycles: 0
Overall utilization: 52.17%
Mapping efficiency: 100.00%
Average IFMAP SRAM BW: 16.696 words/cycle
Average Filter SRAM BW: 5.238 words/cycle
Average OFMAP SRAM BW: 16.696 words/cycle
Average IFMAP DRAM BW: 6.217 words/cycle
Average Filter DRAM BW: 7.787 words/cycle
Average OFMAP DRAM BW: 32.000 words/cycle

Running Layer 1118
Total cycles: 1715
Compute cycles: 783
Stall cycles: 0
Overall utilization: 52.11%
Mapping efficiency: 100.00%
Average IFMAP SRAM BW: 16.674 words/cycle
Average Filter SRAM BW: 5.231 words/cycle
Average OFMAP SRAM BW: 16.674 words/cycle
Average IFMAP DRAM BW: 6.217 words/cycle
Average Filter DRAM BW: 7.802 words/cycle
Average OFMAP DRAM BW: 32.000 words/cycle

Running Layer 1119
Total cycles: 1977
Compute cycles: 783
Stall cycles: 0
Overall utilization: 52.11%
Mapping efficiency: 100.00%
Average IFMAP SRAM BW: 16.674 words/cycle
Average Filter SRAM BW: 5.231 words/cycle
Average OFMAP SRAM BW: 16.674 words/cycle
Average IFMAP DRAM BW: 8.295 words/cycle
Average Filter DRAM BW: 7.802 words/cycle
Average OFMAP DRAM BW: 32.000 words/cycle

Running Layer 1120
Total cycles: 3431
Compute cycles: 1567
Stall cycles: 0
Overall utilization: 52.07%
Mapping efficiency: 100.00%
Average IFMAP SRAM BW: 16.664 words/cycle
Average Filter SRAM BW: 5.228 words/cycle
Average OFMAP SRAM BW: 16.664 words/cycle
Average IFMAP DRAM BW: 8.295 words/cycle
Average Filter DRAM BW: 7.809 words/cycle
Average OFMAP DRAM BW: 32.000 words/cycle

Running Layer 1121
Total cycles: 6601
Compute cycles: 3135
Stall cycles: 0
Overall utilization: 52.06%
Mapping efficiency: 100.00%
Average IFMAP SRAM BW: 16.658 words/cycle
Average Filter SRAM BW: 5.226 words/cycle
Average OFMAP SRAM BW: 16.658 words/cycle
Average IFMAP DRAM BW: 9.959 words/cycle
Average Filter DRAM BW: 8.929 words/cycle
Average OFMAP DRAM BW: 32.000 words/cycle

Running Layer 1122
Total cycles: 861
Compute cycles: 393
Stall cycles: 0
Overall utilization: 6.55%
Mapping efficiency: 12.50%
Average IFMAP SRAM BW: 2.097 words/cycle
Average Filter SRAM BW: 0.651 words/cycle
Average OFMAP SRAM BW: 16.774 words/cycle
Average IFMAP DRAM BW: 1.567 words/cycle
Average Filter DRAM BW: 0.973 words/cycle
Average OFMAP DRAM BW: 32.000 words/cycle

Running Layer 1123
Total cycles: 1461
Compute cycles: 787
Stall cycles: 0
Overall utilization: 6.54%
Mapping efficiency: 12.50%
Average IFMAP SRAM BW: 2.094 words/cycle
Average Filter SRAM BW: 0.651 words/cycle
Average OFMAP SRAM BW: 16.752 words/cycle
Average IFMAP DRAM BW: 1.567 words/cycle
Average Filter DRAM BW: 1.947 words/cycle
Average OFMAP DRAM BW: 32.000 words/cycle

Running Layer 1124
Total cycles: 861
Compute cycles: 393
Stall cycles: 0
Overall utilization: 13.10%
Mapping efficiency: 25.00%
Average IFMAP SRAM BW: 4.193 words/cycle
Average Filter SRAM BW: 1.303 words/cycle
Average OFMAP SRAM BW: 16.774 words/cycle
Average IFMAP DRAM BW: 3.133 words/cycle
Average Filter DRAM BW: 1.947 words/cycle
Average OFMAP DRAM BW: 32.000 words/cycle

Running Layer 1125
Total cycles: 1461
Compute cycles: 787
Stall cycles: 0
Overall utilization: 13.09%
Mapping efficiency: 25.00%
Average IFMAP SRAM BW: 4.188 words/cycle
Average Filter SRAM BW: 1.301 words/cycle
Average OFMAP SRAM BW: 16.752 words/cycle
Average IFMAP DRAM BW: 3.133 words/cycle
Average Filter DRAM BW: 3.894 words/cycle
Average OFMAP DRAM BW: 32.000 words/cycle

Running Layer 1126
Total cycles: 861
Compute cycles: 393
Stall cycles: 0
Overall utilization: 26.21%
Mapping efficiency: 50.00%
Average IFMAP SRAM BW: 8.387 words/cycle
Average Filter SRAM BW: 2.606 words/cycle
Average OFMAP SRAM BW: 16.774 words/cycle
Average IFMAP DRAM BW: 6.266 words/cycle
Average Filter DRAM BW: 3.894 words/cycle
Average OFMAP DRAM BW: 32.000 words/cycle

Running Layer 1127
Total cycles: 1461
Compute cycles: 787
Stall cycles: 0
Overall utilization: 26.18%
Mapping efficiency: 50.00%
Average IFMAP SRAM BW: 8.376 words/cycle
Average Filter SRAM BW: 2.602 words/cycle
Average OFMAP SRAM BW: 16.752 words/cycle
Average IFMAP DRAM BW: 6.266 words/cycle
Average Filter DRAM BW: 7.787 words/cycle
Average OFMAP DRAM BW: 32.000 words/cycle

Running Layer 1128
Total cycles: 1123
Compute cycles: 393
Stall cycles: 0
Overall utilization: 52.42%
Mapping efficiency: 100.00%
Average IFMAP SRAM BW: 16.774 words/cycle
Average Filter SRAM BW: 5.211 words/cycle
Average OFMAP SRAM BW: 16.774 words/cycle
Average IFMAP DRAM BW: 6.278 words/cycle
Average Filter DRAM BW: 7.787 words/cycle
Average OFMAP DRAM BW: 32.000 words/cycle

Running Layer 1129
Total cycles: 1723
Compute cycles: 787
Stall cycles: 0
Overall utilization: 52.35%
Mapping efficiency: 100.00%
Average IFMAP SRAM BW: 16.752 words/cycle
Average Filter SRAM BW: 5.205 words/cycle
Average OFMAP SRAM BW: 16.752 words/cycle
Average IFMAP DRAM BW: 6.278 words/cycle
Average Filter DRAM BW: 7.802 words/cycle
Average OFMAP DRAM BW: 32.000 words/cycle

Running Layer 1130
Total cycles: 1985
Compute cycles: 787
Stall cycles: 0
Overall utilization: 52.35%
Mapping efficiency: 100.00%
Average IFMAP SRAM BW: 16.752 words/cycle
Average Filter SRAM BW: 5.205 words/cycle
Average OFMAP SRAM BW: 16.752 words/cycle
Average IFMAP DRAM BW: 8.376 words/cycle
Average Filter DRAM BW: 7.802 words/cycle
Average OFMAP DRAM BW: 32.000 words/cycle

Running Layer 1131
Total cycles: 3447
Compute cycles: 1575
Stall cycles: 0
Overall utilization: 52.32%
Mapping efficiency: 100.00%
Average IFMAP SRAM BW: 16.742 words/cycle
Average Filter SRAM BW: 5.201 words/cycle
Average OFMAP SRAM BW: 16.742 words/cycle
Average IFMAP DRAM BW: 8.376 words/cycle
Average Filter DRAM BW: 7.809 words/cycle
Average OFMAP DRAM BW: 32.000 words/cycle

Running Layer 1132
Total cycles: 6633
Compute cycles: 3151
Stall cycles: 0
Overall utilization: 52.30%
Mapping efficiency: 100.00%
Average IFMAP SRAM BW: 16.736 words/cycle
Average Filter SRAM BW: 5.200 words/cycle
Average OFMAP SRAM BW: 16.736 words/cycle
Average IFMAP DRAM BW: 8.381 words/cycle
Average Filter DRAM BW: 8.929 words/cycle
Average OFMAP DRAM BW: 32.000 words/cycle

Running Layer 1133
Total cycles: 865
Compute cycles: 395
Stall cycles: 0
Overall utilization: 6.58%
Mapping efficiency: 12.50%
Average IFMAP SRAM BW: 2.106 words/cycle
Average Filter SRAM BW: 0.648 words/cycle
Average OFMAP SRAM BW: 16.851 words/cycle
Average IFMAP DRAM BW: 1.582 words/cycle
Average Filter DRAM BW: 0.973 words/cycle
Average OFMAP DRAM BW: 32.000 words/cycle

Running Layer 1134
Total cycles: 1469
Compute cycles: 791
Stall cycles: 0
Overall utilization: 6.57%
Mapping efficiency: 12.50%
Average IFMAP SRAM BW: 2.104 words/cycle
Average Filter SRAM BW: 0.647 words/cycle
Average OFMAP SRAM BW: 16.829 words/cycle
Average IFMAP DRAM BW: 1.582 words/cycle
Average Filter DRAM BW: 1.947 words/cycle
Average OFMAP DRAM BW: 32.000 words/cycle

Running Layer 1135
Total cycles: 865
Compute cycles: 395
Stall cycles: 0
Overall utilization: 13.16%
Mapping efficiency: 25.00%
Average IFMAP SRAM BW: 4.213 words/cycle
Average Filter SRAM BW: 1.296 words/cycle
Average OFMAP SRAM BW: 16.851 words/cycle
Average IFMAP DRAM BW: 3.163 words/cycle
Average Filter DRAM BW: 1.947 words/cycle
Average OFMAP DRAM BW: 32.000 words/cycle

Running Layer 1136
Total cycles: 1469
Compute cycles: 791
Stall cycles: 0
Overall utilization: 13.15%
Mapping efficiency: 25.00%
Average IFMAP SRAM BW: 4.207 words/cycle
Average Filter SRAM BW: 1.295 words/cycle
Average OFMAP SRAM BW: 16.829 words/cycle
Average IFMAP DRAM BW: 3.163 words/cycle
Average Filter DRAM BW: 3.894 words/cycle
Average OFMAP DRAM BW: 32.000 words/cycle

Running Layer 1137
Total cycles: 865
Compute cycles: 395
Stall cycles: 0
Overall utilization: 26.33%
Mapping efficiency: 50.00%
Average IFMAP SRAM BW: 8.425 words/cycle
Average Filter SRAM BW: 2.592 words/cycle
Average OFMAP SRAM BW: 16.851 words/cycle
Average IFMAP DRAM BW: 6.327 words/cycle
Average Filter DRAM BW: 3.894 words/cycle
Average OFMAP DRAM BW: 32.000 words/cycle

Running Layer 1138
Total cycles: 1469
Compute cycles: 791
Stall cycles: 0
Overall utilization: 26.30%
Mapping efficiency: 50.00%
Average IFMAP SRAM BW: 8.415 words/cycle
Average Filter SRAM BW: 2.589 words/cycle
Average OFMAP SRAM BW: 16.829 words/cycle
Average IFMAP DRAM BW: 6.327 words/cycle
Average Filter DRAM BW: 7.787 words/cycle
Average OFMAP DRAM BW: 32.000 words/cycle

Running Layer 1139
Total cycles: 1127
Compute cycles: 395
Stall cycles: 0
Overall utilization: 52.66%
Mapping efficiency: 100.00%
Average IFMAP SRAM BW: 16.851 words/cycle
Average Filter SRAM BW: 5.185 words/cycle
Average OFMAP SRAM BW: 16.851 words/cycle
Average IFMAP DRAM BW: 6.339 words/cycle
Average Filter DRAM BW: 7.787 words/cycle
Average OFMAP DRAM BW: 32.000 words/cycle

Running Layer 1140
Total cycles: 1731
Compute cycles: 791
Stall cycles: 0
Overall utilization: 52.59%
Mapping efficiency: 100.00%
Average IFMAP SRAM BW: 16.829 words/cycle
Average Filter SRAM BW: 5.178 words/cycle
Average OFMAP SRAM BW: 16.829 words/cycle
Average IFMAP DRAM BW: 6.339 words/cycle
Average Filter DRAM BW: 7.802 words/cycle
Average OFMAP DRAM BW: 32.000 words/cycle

Running Layer 1141
Total cycles: 1993
Compute cycles: 791
Stall cycles: 0
Overall utilization: 52.59%
Mapping efficiency: 100.00%
Average IFMAP SRAM BW: 16.829 words/cycle
Average Filter SRAM BW: 5.178 words/cycle
Average OFMAP SRAM BW: 16.829 words/cycle
Average IFMAP DRAM BW: 8.457 words/cycle
Average Filter DRAM BW: 7.802 words/cycle
Average OFMAP DRAM BW: 32.000 words/cycle

Running Layer 1142
Total cycles: 3463
Compute cycles: 1583
Stall cycles: 0
Overall utilization: 52.56%
Mapping efficiency: 100.00%
Average IFMAP SRAM BW: 16.819 words/cycle
Average Filter SRAM BW: 5.175 words/cycle
Average OFMAP SRAM BW: 16.819 words/cycle
Average IFMAP DRAM BW: 8.457 words/cycle
Average Filter DRAM BW: 7.809 words/cycle
Average OFMAP DRAM BW: 32.000 words/cycle

Running Layer 1143
Total cycles: 6665
Compute cycles: 3167
Stall cycles: 0
Overall utilization: 52.54%
Mapping efficiency: 100.00%
Average IFMAP SRAM BW: 16.813 words/cycle
Average Filter SRAM BW: 5.173 words/cycle
Average OFMAP SRAM BW: 16.813 words/cycle
Average IFMAP DRAM BW: 8.463 words/cycle
Average Filter DRAM BW: 8.929 words/cycle
Average OFMAP DRAM BW: 32.000 words/cycle

Running Layer 1144
Total cycles: 869
Compute cycles: 397
Stall cycles: 0
Overall utilization: 6.61%
Mapping efficiency: 12.50%
Average IFMAP SRAM BW: 2.116 words/cycle
Average Filter SRAM BW: 0.645 words/cycle
Average OFMAP SRAM BW: 16.927 words/cycle
Average IFMAP DRAM BW: 1.597 words/cycle
Average Filter DRAM BW: 0.973 words/cycle
Average OFMAP DRAM BW: 32.000 words/cycle

Running Layer 1145
Total cycles: 1477
Compute cycles: 795
Stall cycles: 0
Overall utilization: 6.60%
Mapping efficiency: 12.50%
Average IFMAP SRAM BW: 2.113 words/cycle
Average Filter SRAM BW: 0.644 words/cycle
Average OFMAP SRAM BW: 16.906 words/cycle
Average IFMAP DRAM BW: 1.597 words/cycle
Average Filter DRAM BW: 1.947 words/cycle
Average OFMAP DRAM BW: 32.000 words/cycle

Running Layer 1146
Total cycles: 869
Compute cycles: 397
Stall cycles: 0
Overall utilization: 13.22%
Mapping efficiency: 25.00%
Average IFMAP SRAM BW: 4.232 words/cycle
Average Filter SRAM BW: 1.290 words/cycle
Average OFMAP SRAM BW: 16.927 words/cycle
Average IFMAP DRAM BW: 3.194 words/cycle
Average Filter DRAM BW: 1.947 words/cycle
Average OFMAP DRAM BW: 32.000 words/cycle

Running Layer 1147
Total cycles: 1477
Compute cycles: 795
Stall cycles: 0
Overall utilization: 13.21%
Mapping efficiency: 25.00%
Average IFMAP SRAM BW: 4.226 words/cycle
Average Filter SRAM BW: 1.288 words/cycle
Average OFMAP SRAM BW: 16.906 words/cycle
Average IFMAP DRAM BW: 3.194 words/cycle
Average Filter DRAM BW: 3.894 words/cycle
Average OFMAP DRAM BW: 32.000 words/cycle

Running Layer 1148
Total cycles: 869
Compute cycles: 397
Stall cycles: 0
Overall utilization: 26.45%
Mapping efficiency: 50.00%
Average IFMAP SRAM BW: 8.463 words/cycle
Average Filter SRAM BW: 2.579 words/cycle
Average OFMAP SRAM BW: 16.927 words/cycle
Average IFMAP DRAM BW: 6.388 words/cycle
Average Filter DRAM BW: 3.894 words/cycle
Average OFMAP DRAM BW: 32.000 words/cycle

Running Layer 1149
Total cycles: 1477
Compute cycles: 795
Stall cycles: 0
Overall utilization: 26.42%
Mapping efficiency: 50.00%
Average IFMAP SRAM BW: 8.453 words/cycle
Average Filter SRAM BW: 2.576 words/cycle
Average OFMAP SRAM BW: 16.906 words/cycle
Average IFMAP DRAM BW: 6.388 words/cycle
Average Filter DRAM BW: 7.787 words/cycle
Average OFMAP DRAM BW: 32.000 words/cycle

Running Layer 1150
Total cycles: 1131
Compute cycles: 397
Stall cycles: 0
Overall utilization: 52.90%
Mapping efficiency: 100.00%
Average IFMAP SRAM BW: 16.927 words/cycle
Average Filter SRAM BW: 5.159 words/cycle
Average OFMAP SRAM BW: 16.927 words/cycle
Average IFMAP DRAM BW: 6.400 words/cycle
Average Filter DRAM BW: 7.787 words/cycle
Average OFMAP DRAM BW: 32.000 words/cycle

Running Layer 1151
Total cycles: 1739
Compute cycles: 795
Stall cycles: 0
Overall utilization: 52.83%
Mapping efficiency: 100.00%
Average IFMAP SRAM BW: 16.906 words/cycle
Average Filter SRAM BW: 5.152 words/cycle
Average OFMAP SRAM BW: 16.906 words/cycle
Average IFMAP DRAM BW: 6.400 words/cycle
Average Filter DRAM BW: 7.802 words/cycle
Average OFMAP DRAM BW: 32.000 words/cycle

Running Layer 1152
Total cycles: 2001
Compute cycles: 795
Stall cycles: 0
Overall utilization: 52.83%
Mapping efficiency: 100.00%
Average IFMAP SRAM BW: 16.906 words/cycle
Average Filter SRAM BW: 5.152 words/cycle
Average OFMAP SRAM BW: 16.906 words/cycle
Average IFMAP DRAM BW: 8.539 words/cycle
Average Filter DRAM BW: 7.802 words/cycle
Average OFMAP DRAM BW: 32.000 words/cycle

Running Layer 1153
Total cycles: 3479
Compute cycles: 1591
Stall cycles: 0
Overall utilization: 52.80%
Mapping efficiency: 100.00%
Average IFMAP SRAM BW: 16.895 words/cycle
Average Filter SRAM BW: 5.149 words/cycle
Average OFMAP SRAM BW: 16.895 words/cycle
Average IFMAP DRAM BW: 8.539 words/cycle
Average Filter DRAM BW: 7.809 words/cycle
Average OFMAP DRAM BW: 32.000 words/cycle

Running Layer 1154
Total cycles: 6697
Compute cycles: 3183
Stall cycles: 0
Overall utilization: 52.78%
Mapping efficiency: 100.00%
Average IFMAP SRAM BW: 16.890 words/cycle
Average Filter SRAM BW: 5.147 words/cycle
Average OFMAP SRAM BW: 16.890 words/cycle
Average IFMAP DRAM BW: 8.544 words/cycle
Average Filter DRAM BW: 8.929 words/cycle
Average OFMAP DRAM BW: 32.000 words/cycle

Running Layer 1155
Total cycles: 873
Compute cycles: 399
Stall cycles: 0
Overall utilization: 6.64%
Mapping efficiency: 12.50%
Average IFMAP SRAM BW: 2.125 words/cycle
Average Filter SRAM BW: 0.642 words/cycle
Average OFMAP SRAM BW: 17.003 words/cycle
Average IFMAP DRAM BW: 1.612 words/cycle
Average Filter DRAM BW: 0.973 words/cycle
Average OFMAP DRAM BW: 32.000 words/cycle

Running Layer 1156
Total cycles: 1485
Compute cycles: 799
Stall cycles: 0
Overall utilization: 6.63%
Mapping efficiency: 12.50%
Average IFMAP SRAM BW: 2.123 words/cycle
Average Filter SRAM BW: 0.641 words/cycle
Average OFMAP SRAM BW: 16.981 words/cycle
Average IFMAP DRAM BW: 1.612 words/cycle
Average Filter DRAM BW: 1.947 words/cycle
Average OFMAP DRAM BW: 32.000 words/cycle

Running Layer 1157
Total cycles: 873
Compute cycles: 399
Stall cycles: 0
Overall utilization: 13.28%
Mapping efficiency: 25.00%
Average IFMAP SRAM BW: 4.251 words/cycle
Average Filter SRAM BW: 1.283 words/cycle
Average OFMAP SRAM BW: 17.003 words/cycle
Average IFMAP DRAM BW: 3.224 words/cycle
Average Filter DRAM BW: 1.947 words/cycle
Average OFMAP DRAM BW: 32.000 words/cycle

Running Layer 1158
Total cycles: 1485
Compute cycles: 799
Stall cycles: 0
Overall utilization: 13.27%
Mapping efficiency: 25.00%
Average IFMAP SRAM BW: 4.245 words/cycle
Average Filter SRAM BW: 1.282 words/cycle
Average OFMAP SRAM BW: 16.981 words/cycle
Average IFMAP DRAM BW: 3.224 words/cycle
Average Filter DRAM BW: 3.894 words/cycle
Average OFMAP DRAM BW: 32.000 words/cycle

Running Layer 1159
Total cycles: 873
Compute cycles: 399
Stall cycles: 0
Overall utilization: 26.57%
Mapping efficiency: 50.00%
Average IFMAP SRAM BW: 8.501 words/cycle
Average Filter SRAM BW: 2.566 words/cycle
Average OFMAP SRAM BW: 17.003 words/cycle
Average IFMAP DRAM BW: 6.449 words/cycle
Average Filter DRAM BW: 3.894 words/cycle
Average OFMAP DRAM BW: 32.000 words/cycle

Running Layer 1160
Total cycles: 1485
Compute cycles: 799
Stall cycles: 0
Overall utilization: 26.53%
Mapping efficiency: 50.00%
Average IFMAP SRAM BW: 8.491 words/cycle
Average Filter SRAM BW: 2.563 words/cycle
Average OFMAP SRAM BW: 16.981 words/cycle
Average IFMAP DRAM BW: 6.449 words/cycle
Average Filter DRAM BW: 7.787 words/cycle
Average OFMAP DRAM BW: 32.000 words/cycle

Running Layer 1161
Total cycles: 1135
Compute cycles: 399
Stall cycles: 0
Overall utilization: 53.13%
Mapping efficiency: 100.00%
Average IFMAP SRAM BW: 17.003 words/cycle
Average Filter SRAM BW: 5.133 words/cycle
Average OFMAP SRAM BW: 17.003 words/cycle
Average IFMAP DRAM BW: 6.461 words/cycle
Average Filter DRAM BW: 7.787 words/cycle
Average OFMAP DRAM BW: 32.000 words/cycle

Running Layer 1162
Total cycles: 1747
Compute cycles: 799
Stall cycles: 0
Overall utilization: 53.07%
Mapping efficiency: 100.00%
Average IFMAP SRAM BW: 16.981 words/cycle
Average Filter SRAM BW: 5.126 words/cycle
Average OFMAP SRAM BW: 16.981 words/cycle
Average IFMAP DRAM BW: 6.461 words/cycle
Average Filter DRAM BW: 7.802 words/cycle
Average OFMAP DRAM BW: 32.000 words/cycle

Running Layer 1163
Total cycles: 2009
Compute cycles: 799
Stall cycles: 0
Overall utilization: 53.07%
Mapping efficiency: 100.00%
Average IFMAP SRAM BW: 16.981 words/cycle
Average Filter SRAM BW: 5.126 words/cycle
Average OFMAP SRAM BW: 16.981 words/cycle
Average IFMAP DRAM BW: 8.620 words/cycle
Average Filter DRAM BW: 7.802 words/cycle
Average OFMAP DRAM BW: 32.000 words/cycle

Running Layer 1164
Total cycles: 3495
Compute cycles: 1599
Stall cycles: 0
Overall utilization: 53.03%
Mapping efficiency: 100.00%
Average IFMAP SRAM BW: 16.971 words/cycle
Average Filter SRAM BW: 5.123 words/cycle
Average OFMAP SRAM BW: 16.971 words/cycle
Average IFMAP DRAM BW: 8.620 words/cycle
Average Filter DRAM BW: 7.809 words/cycle
Average OFMAP DRAM BW: 32.000 words/cycle

Running Layer 1165
Total cycles: 6729
Compute cycles: 3199
Stall cycles: 0
Overall utilization: 53.02%
Mapping efficiency: 100.00%
Average IFMAP SRAM BW: 16.965 words/cycle
Average Filter SRAM BW: 5.122 words/cycle
Average OFMAP SRAM BW: 16.965 words/cycle
Average IFMAP DRAM BW: 8.626 words/cycle
Average Filter DRAM BW: 8.929 words/cycle
Average OFMAP DRAM BW: 32.000 words/cycle

Running Layer 1166
Total cycles: 877
Compute cycles: 401
Stall cycles: 0
Overall utilization: 6.67%
Mapping efficiency: 12.50%
Average IFMAP SRAM BW: 2.135 words/cycle
Average Filter SRAM BW: 0.638 words/cycle
Average OFMAP SRAM BW: 17.077 words/cycle
Average IFMAP DRAM BW: 1.627 words/cycle
Average Filter DRAM BW: 0.973 words/cycle
Average OFMAP DRAM BW: 32.000 words/cycle

Running Layer 1167
Total cycles: 1493
Compute cycles: 803
Stall cycles: 0
Overall utilization: 6.66%
Mapping efficiency: 12.50%
Average IFMAP SRAM BW: 2.132 words/cycle
Average Filter SRAM BW: 0.638 words/cycle
Average OFMAP SRAM BW: 17.056 words/cycle
Average IFMAP DRAM BW: 1.627 words/cycle
Average Filter DRAM BW: 1.947 words/cycle
Average OFMAP DRAM BW: 32.000 words/cycle

Running Layer 1168
Total cycles: 877
Compute cycles: 401
Stall cycles: 0
Overall utilization: 13.34%
Mapping efficiency: 25.00%
Average IFMAP SRAM BW: 4.269 words/cycle
Average Filter SRAM BW: 1.277 words/cycle
Average OFMAP SRAM BW: 17.077 words/cycle
Average IFMAP DRAM BW: 3.255 words/cycle
Average Filter DRAM BW: 1.947 words/cycle
Average OFMAP DRAM BW: 32.000 words/cycle

Running Layer 1169
Total cycles: 1493
Compute cycles: 803
Stall cycles: 0
Overall utilization: 13.33%
Mapping efficiency: 25.00%
Average IFMAP SRAM BW: 4.264 words/cycle
Average Filter SRAM BW: 1.275 words/cycle
Average OFMAP SRAM BW: 17.056 words/cycle
Average IFMAP DRAM BW: 3.255 words/cycle
Average Filter DRAM BW: 3.894 words/cycle
Average OFMAP DRAM BW: 32.000 words/cycle

Running Layer 1170
Total cycles: 877
Compute cycles: 401
Stall cycles: 0
Overall utilization: 26.68%
Mapping efficiency: 50.00%
Average IFMAP SRAM BW: 8.539 words/cycle
Average Filter SRAM BW: 2.554 words/cycle
Average OFMAP SRAM BW: 17.077 words/cycle
Average IFMAP DRAM BW: 6.510 words/cycle
Average Filter DRAM BW: 3.894 words/cycle
Average OFMAP DRAM BW: 32.000 words/cycle

Running Layer 1171
Total cycles: 1493
Compute cycles: 803
Stall cycles: 0
Overall utilization: 26.65%
Mapping efficiency: 50.00%
Average IFMAP SRAM BW: 8.528 words/cycle
Average Filter SRAM BW: 2.550 words/cycle
Average OFMAP SRAM BW: 17.056 words/cycle
Average IFMAP DRAM BW: 6.510 words/cycle
Average Filter DRAM BW: 7.787 words/cycle
Average OFMAP DRAM BW: 32.000 words/cycle

Running Layer 1172
Total cycles: 1139
Compute cycles: 401
Stall cycles: 0
Overall utilization: 53.37%
Mapping efficiency: 100.00%
Average IFMAP SRAM BW: 17.077 words/cycle
Average Filter SRAM BW: 5.107 words/cycle
Average OFMAP SRAM BW: 17.077 words/cycle
Average IFMAP DRAM BW: 6.522 words/cycle
Average Filter DRAM BW: 7.787 words/cycle
Average OFMAP DRAM BW: 32.000 words/cycle

Running Layer 1173
Total cycles: 1755
Compute cycles: 803
Stall cycles: 0
Overall utilization: 53.30%
Mapping efficiency: 100.00%
Average IFMAP SRAM BW: 17.056 words/cycle
Average Filter SRAM BW: 5.101 words/cycle
Average OFMAP SRAM BW: 17.056 words/cycle
Average IFMAP DRAM BW: 6.522 words/cycle
Average Filter DRAM BW: 7.802 words/cycle
Average OFMAP DRAM BW: 32.000 words/cycle

Running Layer 1174
Total cycles: 2017
Compute cycles: 803
Stall cycles: 0
Overall utilization: 53.30%
Mapping efficiency: 100.00%
Average IFMAP SRAM BW: 17.056 words/cycle
Average Filter SRAM BW: 5.101 words/cycle
Average OFMAP SRAM BW: 17.056 words/cycle
Average IFMAP DRAM BW: 8.701 words/cycle
Average Filter DRAM BW: 7.802 words/cycle
Average OFMAP DRAM BW: 32.000 words/cycle

Running Layer 1175
Total cycles: 3511
Compute cycles: 1607
Stall cycles: 0
Overall utilization: 53.27%
Mapping efficiency: 100.00%
Average IFMAP SRAM BW: 17.045 words/cycle
Average Filter SRAM BW: 5.098 words/cycle
Average OFMAP SRAM BW: 17.045 words/cycle
Average IFMAP DRAM BW: 8.701 words/cycle
Average Filter DRAM BW: 7.809 words/cycle
Average OFMAP DRAM BW: 32.000 words/cycle

Running Layer 1176
Total cycles: 6761
Compute cycles: 3215
Stall cycles: 0
Overall utilization: 53.25%
Mapping efficiency: 100.00%
Average IFMAP SRAM BW: 17.040 words/cycle
Average Filter SRAM BW: 5.096 words/cycle
Average OFMAP SRAM BW: 17.040 words/cycle
Average IFMAP DRAM BW: 8.707 words/cycle
Average Filter DRAM BW: 8.929 words/cycle
Average OFMAP DRAM BW: 32.000 words/cycle

Running Layer 1177
Total cycles: 881
Compute cycles: 403
Stall cycles: 0
Overall utilization: 6.70%
Mapping efficiency: 12.50%
Average IFMAP SRAM BW: 2.144 words/cycle
Average Filter SRAM BW: 0.635 words/cycle
Average OFMAP SRAM BW: 17.151 words/cycle
Average IFMAP DRAM BW: 1.643 words/cycle
Average Filter DRAM BW: 0.973 words/cycle
Average OFMAP DRAM BW: 32.000 words/cycle

Running Layer 1178
Total cycles: 1501
Compute cycles: 807
Stall cycles: 0
Overall utilization: 6.69%
Mapping efficiency: 12.50%
Average IFMAP SRAM BW: 2.141 words/cycle
Average Filter SRAM BW: 0.634 words/cycle
Average OFMAP SRAM BW: 17.130 words/cycle
Average IFMAP DRAM BW: 1.643 words/cycle
Average Filter DRAM BW: 1.947 words/cycle
Average OFMAP DRAM BW: 32.000 words/cycle

Running Layer 1179
Total cycles: 881
Compute cycles: 403
Stall cycles: 0
Overall utilization: 13.40%
Mapping efficiency: 25.00%
Average IFMAP SRAM BW: 4.288 words/cycle
Average Filter SRAM BW: 1.270 words/cycle
Average OFMAP SRAM BW: 17.151 words/cycle
Average IFMAP DRAM BW: 3.285 words/cycle
Average Filter DRAM BW: 1.947 words/cycle
Average OFMAP DRAM BW: 32.000 words/cycle

Running Layer 1180
Total cycles: 1501
Compute cycles: 807
Stall cycles: 0
Overall utilization: 13.38%
Mapping efficiency: 25.00%
Average IFMAP SRAM BW: 4.283 words/cycle
Average Filter SRAM BW: 1.269 words/cycle
Average OFMAP SRAM BW: 17.130 words/cycle
Average IFMAP DRAM BW: 3.285 words/cycle
Average Filter DRAM BW: 3.894 words/cycle
Average OFMAP DRAM BW: 32.000 words/cycle

Running Layer 1181
Total cycles: 881
Compute cycles: 403
Stall cycles: 0
Overall utilization: 26.80%
Mapping efficiency: 50.00%
Average IFMAP SRAM BW: 8.576 words/cycle
Average Filter SRAM BW: 2.541 words/cycle
Average OFMAP SRAM BW: 17.151 words/cycle
Average IFMAP DRAM BW: 6.570 words/cycle
Average Filter DRAM BW: 3.894 words/cycle
Average OFMAP DRAM BW: 32.000 words/cycle

Running Layer 1182
Total cycles: 1501
Compute cycles: 807
Stall cycles: 0
Overall utilization: 26.77%
Mapping efficiency: 50.00%
Average IFMAP SRAM BW: 8.565 words/cycle
Average Filter SRAM BW: 2.538 words/cycle
Average OFMAP SRAM BW: 17.130 words/cycle
Average IFMAP DRAM BW: 6.570 words/cycle
Average Filter DRAM BW: 7.787 words/cycle
Average OFMAP DRAM BW: 32.000 words/cycle

Running Layer 1183
Total cycles: 1143
Compute cycles: 403
Stall cycles: 0
Overall utilization: 53.60%
Mapping efficiency: 100.00%
Average IFMAP SRAM BW: 17.151 words/cycle
Average Filter SRAM BW: 5.082 words/cycle
Average OFMAP SRAM BW: 17.151 words/cycle
Average IFMAP DRAM BW: 6.583 words/cycle
Average Filter DRAM BW: 7.787 words/cycle
Average OFMAP DRAM BW: 32.000 words/cycle

Running Layer 1184
Total cycles: 1763
Compute cycles: 807
Stall cycles: 0
Overall utilization: 53.53%
Mapping efficiency: 100.00%
Average IFMAP SRAM BW: 17.130 words/cycle
Average Filter SRAM BW: 5.076 words/cycle
Average OFMAP SRAM BW: 17.130 words/cycle
Average IFMAP DRAM BW: 6.583 words/cycle
Average Filter DRAM BW: 7.802 words/cycle
Average OFMAP DRAM BW: 32.000 words/cycle

Running Layer 1185
Total cycles: 2025
Compute cycles: 807
Stall cycles: 0
Overall utilization: 53.53%
Mapping efficiency: 100.00%
Average IFMAP SRAM BW: 17.130 words/cycle
Average Filter SRAM BW: 5.076 words/cycle
Average OFMAP SRAM BW: 17.130 words/cycle
Average IFMAP DRAM BW: 8.783 words/cycle
Average Filter DRAM BW: 7.802 words/cycle
Average OFMAP DRAM BW: 32.000 words/cycle

Running Layer 1186
Total cycles: 3527
Compute cycles: 1615
Stall cycles: 0
Overall utilization: 53.50%
Mapping efficiency: 100.00%
Average IFMAP SRAM BW: 17.120 words/cycle
Average Filter SRAM BW: 5.072 words/cycle
Average OFMAP SRAM BW: 17.120 words/cycle
Average IFMAP DRAM BW: 8.783 words/cycle
Average Filter DRAM BW: 7.809 words/cycle
Average OFMAP DRAM BW: 32.000 words/cycle

Running Layer 1187
Total cycles: 6793
Compute cycles: 3231
Stall cycles: 0
Overall utilization: 53.48%
Mapping efficiency: 100.00%
Average IFMAP SRAM BW: 17.114 words/cycle
Average Filter SRAM BW: 5.071 words/cycle
Average OFMAP SRAM BW: 17.114 words/cycle
Average IFMAP DRAM BW: 8.788 words/cycle
Average Filter DRAM BW: 8.929 words/cycle
Average OFMAP DRAM BW: 32.000 words/cycle

Running Layer 1188
Total cycles: 885
Compute cycles: 405
Stall cycles: 0
Overall utilization: 6.73%
Mapping efficiency: 12.50%
Average IFMAP SRAM BW: 2.153 words/cycle
Average Filter SRAM BW: 0.632 words/cycle
Average OFMAP SRAM BW: 17.225 words/cycle
Average IFMAP DRAM BW: 1.658 words/cycle
Average Filter DRAM BW: 0.973 words/cycle
Average OFMAP DRAM BW: 32.000 words/cycle

Running Layer 1189
Total cycles: 1509
Compute cycles: 811
Stall cycles: 0
Overall utilization: 6.72%
Mapping efficiency: 12.50%
Average IFMAP SRAM BW: 2.150 words/cycle
Average Filter SRAM BW: 0.631 words/cycle
Average OFMAP SRAM BW: 17.203 words/cycle
Average IFMAP DRAM BW: 1.658 words/cycle
Average Filter DRAM BW: 1.947 words/cycle
Average OFMAP DRAM BW: 32.000 words/cycle

Running Layer 1190
Total cycles: 885
Compute cycles: 405
Stall cycles: 0
Overall utilization: 13.46%
Mapping efficiency: 25.00%
Average IFMAP SRAM BW: 4.306 words/cycle
Average Filter SRAM BW: 1.264 words/cycle
Average OFMAP SRAM BW: 17.225 words/cycle
Average IFMAP DRAM BW: 3.316 words/cycle
Average Filter DRAM BW: 1.947 words/cycle
Average OFMAP DRAM BW: 32.000 words/cycle

Running Layer 1191
Total cycles: 1509
Compute cycles: 811
Stall cycles: 0
Overall utilization: 13.44%
Mapping efficiency: 25.00%
Average IFMAP SRAM BW: 4.301 words/cycle
Average Filter SRAM BW: 1.263 words/cycle
Average OFMAP SRAM BW: 17.203 words/cycle
Average IFMAP DRAM BW: 3.316 words/cycle
Average Filter DRAM BW: 3.894 words/cycle
Average OFMAP DRAM BW: 32.000 words/cycle

Running Layer 1192
Total cycles: 885
Compute cycles: 405
Stall cycles: 0
Overall utilization: 26.91%
Mapping efficiency: 50.00%
Average IFMAP SRAM BW: 8.612 words/cycle
Average Filter SRAM BW: 2.528 words/cycle
Average OFMAP SRAM BW: 17.225 words/cycle
Average IFMAP DRAM BW: 6.631 words/cycle
Average Filter DRAM BW: 3.894 words/cycle
Average OFMAP DRAM BW: 32.000 words/cycle

Running Layer 1193
Total cycles: 1509
Compute cycles: 811
Stall cycles: 0
Overall utilization: 26.88%
Mapping efficiency: 50.00%
Average IFMAP SRAM BW: 8.602 words/cycle
Average Filter SRAM BW: 2.525 words/cycle
Average OFMAP SRAM BW: 17.203 words/cycle
Average IFMAP DRAM BW: 6.631 words/cycle
Average Filter DRAM BW: 7.787 words/cycle
Average OFMAP DRAM BW: 32.000 words/cycle

Running Layer 1194
Total cycles: 1147
Compute cycles: 405
Stall cycles: 0
Overall utilization: 53.83%
Mapping efficiency: 100.00%
Average IFMAP SRAM BW: 17.225 words/cycle
Average Filter SRAM BW: 5.057 words/cycle
Average OFMAP SRAM BW: 17.225 words/cycle
Average IFMAP DRAM BW: 6.644 words/cycle
Average Filter DRAM BW: 7.787 words/cycle
Average OFMAP DRAM BW: 32.000 words/cycle

Running Layer 1195
Total cycles: 1771
Compute cycles: 811
Stall cycles: 0
Overall utilization: 53.76%
Mapping efficiency: 100.00%
Average IFMAP SRAM BW: 17.203 words/cycle
Average Filter SRAM BW: 5.051 words/cycle
Average OFMAP SRAM BW: 17.203 words/cycle
Average IFMAP DRAM BW: 6.644 words/cycle
Average Filter DRAM BW: 7.802 words/cycle
Average OFMAP DRAM BW: 32.000 words/cycle

Running Layer 1196
Total cycles: 2033
Compute cycles: 811
Stall cycles: 0
Overall utilization: 53.76%
Mapping efficiency: 100.00%
Average IFMAP SRAM BW: 17.203 words/cycle
Average Filter SRAM BW: 5.051 words/cycle
Average OFMAP SRAM BW: 17.203 words/cycle
Average IFMAP DRAM BW: 8.864 words/cycle
Average Filter DRAM BW: 7.802 words/cycle
Average OFMAP DRAM BW: 32.000 words/cycle

Running Layer 1197
Total cycles: 3543
Compute cycles: 1623
Stall cycles: 0
Overall utilization: 53.73%
Mapping efficiency: 100.00%
Average IFMAP SRAM BW: 17.193 words/cycle
Average Filter SRAM BW: 5.047 words/cycle
Average OFMAP SRAM BW: 17.193 words/cycle
Average IFMAP DRAM BW: 8.864 words/cycle
Average Filter DRAM BW: 7.809 words/cycle
Average OFMAP DRAM BW: 32.000 words/cycle

Running Layer 1198
Total cycles: 6825
Compute cycles: 3247
Stall cycles: 0
Overall utilization: 53.71%
Mapping efficiency: 100.00%
Average IFMAP SRAM BW: 17.188 words/cycle
Average Filter SRAM BW: 5.046 words/cycle
Average OFMAP SRAM BW: 17.188 words/cycle
Average IFMAP DRAM BW: 8.870 words/cycle
Average Filter DRAM BW: 8.929 words/cycle
Average OFMAP DRAM BW: 32.000 words/cycle

Running Layer 1199
Total cycles: 889
Compute cycles: 407
Stall cycles: 0
Overall utilization: 6.76%
Mapping efficiency: 12.50%
Average IFMAP SRAM BW: 2.162 words/cycle
Average Filter SRAM BW: 0.629 words/cycle
Average OFMAP SRAM BW: 17.297 words/cycle
Average IFMAP DRAM BW: 1.673 words/cycle
Average Filter DRAM BW: 0.973 words/cycle
Average OFMAP DRAM BW: 32.000 words/cycle

Running Layer 1200
Total cycles: 1517
Compute cycles: 815
Stall cycles: 0
Overall utilization: 6.75%
Mapping efficiency: 12.50%
Average IFMAP SRAM BW: 2.160 words/cycle
Average Filter SRAM BW: 0.628 words/cycle
Average OFMAP SRAM BW: 17.276 words/cycle
Average IFMAP DRAM BW: 1.673 words/cycle
Average Filter DRAM BW: 1.947 words/cycle
Average OFMAP DRAM BW: 32.000 words/cycle

Running Layer 1201
Total cycles: 889
Compute cycles: 407
Stall cycles: 0
Overall utilization: 13.51%
Mapping efficiency: 25.00%
Average IFMAP SRAM BW: 4.324 words/cycle
Average Filter SRAM BW: 1.258 words/cycle
Average OFMAP SRAM BW: 17.297 words/cycle
Average IFMAP DRAM BW: 3.346 words/cycle
Average Filter DRAM BW: 1.947 words/cycle
Average OFMAP DRAM BW: 32.000 words/cycle

Running Layer 1202
Total cycles: 1517
Compute cycles: 815
Stall cycles: 0
Overall utilization: 13.50%
Mapping efficiency: 25.00%
Average IFMAP SRAM BW: 4.319 words/cycle
Average Filter SRAM BW: 1.256 words/cycle
Average OFMAP SRAM BW: 17.276 words/cycle
Average IFMAP DRAM BW: 3.346 words/cycle
Average Filter DRAM BW: 3.894 words/cycle
Average OFMAP DRAM BW: 32.000 words/cycle

Running Layer 1203
Total cycles: 889
Compute cycles: 407
Stall cycles: 0
Overall utilization: 27.03%
Mapping efficiency: 50.00%
Average IFMAP SRAM BW: 8.649 words/cycle
Average Filter SRAM BW: 2.516 words/cycle
Average OFMAP SRAM BW: 17.297 words/cycle
Average IFMAP DRAM BW: 6.692 words/cycle
Average Filter DRAM BW: 3.894 words/cycle
Average OFMAP DRAM BW: 32.000 words/cycle

Running Layer 1204
Total cycles: 1517
Compute cycles: 815
Stall cycles: 0
Overall utilization: 26.99%
Mapping efficiency: 50.00%
Average IFMAP SRAM BW: 8.638 words/cycle
Average Filter SRAM BW: 2.513 words/cycle
Average OFMAP SRAM BW: 17.276 words/cycle
Average IFMAP DRAM BW: 6.692 words/cycle
Average Filter DRAM BW: 7.787 words/cycle
Average OFMAP DRAM BW: 32.000 words/cycle

Running Layer 1205
Total cycles: 1151
Compute cycles: 407
Stall cycles: 0
Overall utilization: 54.05%
Mapping efficiency: 100.00%
Average IFMAP SRAM BW: 17.297 words/cycle
Average Filter SRAM BW: 5.032 words/cycle
Average OFMAP SRAM BW: 17.297 words/cycle
Average IFMAP DRAM BW: 6.705 words/cycle
Average Filter DRAM BW: 7.787 words/cycle
Average OFMAP DRAM BW: 32.000 words/cycle

Running Layer 1206
Total cycles: 1779
Compute cycles: 815
Stall cycles: 0
Overall utilization: 53.99%
Mapping efficiency: 100.00%
Average IFMAP SRAM BW: 17.276 words/cycle
Average Filter SRAM BW: 5.026 words/cycle
Average OFMAP SRAM BW: 17.276 words/cycle
Average IFMAP DRAM BW: 6.705 words/cycle
Average Filter DRAM BW: 7.802 words/cycle
Average OFMAP DRAM BW: 32.000 words/cycle

Running Layer 1207
Total cycles: 2041
Compute cycles: 815
Stall cycles: 0
Overall utilization: 53.99%
Mapping efficiency: 100.00%
Average IFMAP SRAM BW: 17.276 words/cycle
Average Filter SRAM BW: 5.026 words/cycle
Average OFMAP SRAM BW: 17.276 words/cycle
Average IFMAP DRAM BW: 8.945 words/cycle
Average Filter DRAM BW: 7.802 words/cycle
Average OFMAP DRAM BW: 32.000 words/cycle

Running Layer 1208
Total cycles: 3559
Compute cycles: 1631
Stall cycles: 0
Overall utilization: 53.95%
Mapping efficiency: 100.00%
Average IFMAP SRAM BW: 17.265 words/cycle
Average Filter SRAM BW: 5.023 words/cycle
Average OFMAP SRAM BW: 17.265 words/cycle
Average IFMAP DRAM BW: 8.945 words/cycle
Average Filter DRAM BW: 7.809 words/cycle
Average OFMAP DRAM BW: 32.000 words/cycle

Running Layer 1209
Total cycles: 6857
Compute cycles: 3263
Stall cycles: 0
Overall utilization: 53.94%
Mapping efficiency: 100.00%
Average IFMAP SRAM BW: 17.260 words/cycle
Average Filter SRAM BW: 5.021 words/cycle
Average OFMAP SRAM BW: 17.260 words/cycle
Average IFMAP DRAM BW: 8.951 words/cycle
Average Filter DRAM BW: 8.929 words/cycle
Average OFMAP DRAM BW: 32.000 words/cycle

Running Layer 1210
Total cycles: 893
Compute cycles: 409
Stall cycles: 0
Overall utilization: 6.78%
Mapping efficiency: 12.50%
Average IFMAP SRAM BW: 2.171 words/cycle
Average Filter SRAM BW: 0.626 words/cycle
Average OFMAP SRAM BW: 17.369 words/cycle
Average IFMAP DRAM BW: 1.688 words/cycle
Average Filter DRAM BW: 0.973 words/cycle
Average OFMAP DRAM BW: 32.000 words/cycle

Running Layer 1211
Total cycles: 1525
Compute cycles: 819
Stall cycles: 0
Overall utilization: 6.78%
Mapping efficiency: 12.50%
Average IFMAP SRAM BW: 2.168 words/cycle
Average Filter SRAM BW: 0.625 words/cycle
Average OFMAP SRAM BW: 17.348 words/cycle
Average IFMAP DRAM BW: 1.688 words/cycle
Average Filter DRAM BW: 1.947 words/cycle
Average OFMAP DRAM BW: 32.000 words/cycle

Running Layer 1212
Total cycles: 893
Compute cycles: 409
Stall cycles: 0
Overall utilization: 13.57%
Mapping efficiency: 25.00%
Average IFMAP SRAM BW: 4.342 words/cycle
Average Filter SRAM BW: 1.252 words/cycle
Average OFMAP SRAM BW: 17.369 words/cycle
Average IFMAP DRAM BW: 3.376 words/cycle
Average Filter DRAM BW: 1.947 words/cycle
Average OFMAP DRAM BW: 32.000 words/cycle

Running Layer 1213
Total cycles: 1525
Compute cycles: 819
Stall cycles: 0
Overall utilization: 13.55%
Mapping efficiency: 25.00%
Average IFMAP SRAM BW: 4.337 words/cycle
Average Filter SRAM BW: 1.250 words/cycle
Average OFMAP SRAM BW: 17.348 words/cycle
Average IFMAP DRAM BW: 3.376 words/cycle
Average Filter DRAM BW: 3.894 words/cycle
Average OFMAP DRAM BW: 32.000 words/cycle

Running Layer 1214
Total cycles: 893
Compute cycles: 409
Stall cycles: 0
Overall utilization: 27.14%
Mapping efficiency: 50.00%
Average IFMAP SRAM BW: 8.685 words/cycle
Average Filter SRAM BW: 2.504 words/cycle
Average OFMAP SRAM BW: 17.369 words/cycle
Average IFMAP DRAM BW: 6.753 words/cycle
Average Filter DRAM BW: 3.894 words/cycle
Average OFMAP DRAM BW: 32.000 words/cycle

Running Layer 1215
Total cycles: 1525
Compute cycles: 819
Stall cycles: 0
Overall utilization: 27.11%
Mapping efficiency: 50.00%
Average IFMAP SRAM BW: 8.674 words/cycle
Average Filter SRAM BW: 2.501 words/cycle
Average OFMAP SRAM BW: 17.348 words/cycle
Average IFMAP DRAM BW: 6.753 words/cycle
Average Filter DRAM BW: 7.787 words/cycle
Average OFMAP DRAM BW: 32.000 words/cycle

Running Layer 1216
Total cycles: 1155
Compute cycles: 409
Stall cycles: 0
Overall utilization: 54.28%
Mapping efficiency: 100.00%
Average IFMAP SRAM BW: 17.369 words/cycle
Average Filter SRAM BW: 5.007 words/cycle
Average OFMAP SRAM BW: 17.369 words/cycle
Average IFMAP DRAM BW: 6.766 words/cycle
Average Filter DRAM BW: 7.787 words/cycle
Average OFMAP DRAM BW: 32.000 words/cycle

Running Layer 1217
Total cycles: 1787
Compute cycles: 819
Stall cycles: 0
Overall utilization: 54.21%
Mapping efficiency: 100.00%
Average IFMAP SRAM BW: 17.348 words/cycle
Average Filter SRAM BW: 5.001 words/cycle
Average OFMAP SRAM BW: 17.348 words/cycle
Average IFMAP DRAM BW: 6.766 words/cycle
Average Filter DRAM BW: 7.802 words/cycle
Average OFMAP DRAM BW: 32.000 words/cycle

Running Layer 1218
Total cycles: 2049
Compute cycles: 819
Stall cycles: 0
Overall utilization: 54.21%
Mapping efficiency: 100.00%
Average IFMAP SRAM BW: 17.348 words/cycle
Average Filter SRAM BW: 5.001 words/cycle
Average OFMAP SRAM BW: 17.348 words/cycle
Average IFMAP DRAM BW: 9.027 words/cycle
Average Filter DRAM BW: 7.802 words/cycle
Average OFMAP DRAM BW: 32.000 words/cycle

Running Layer 1219
Total cycles: 3575
Compute cycles: 1639
Stall cycles: 0
Overall utilization: 54.18%
Mapping efficiency: 100.00%
Average IFMAP SRAM BW: 17.337 words/cycle
Average Filter SRAM BW: 4.998 words/cycle
Average OFMAP SRAM BW: 17.337 words/cycle
Average IFMAP DRAM BW: 9.027 words/cycle
Average Filter DRAM BW: 7.809 words/cycle
Average OFMAP DRAM BW: 32.000 words/cycle

Running Layer 1220
Total cycles: 6889
Compute cycles: 3279
Stall cycles: 0
Overall utilization: 54.16%
Mapping efficiency: 100.00%
Average IFMAP SRAM BW: 17.332 words/cycle
Average Filter SRAM BW: 4.997 words/cycle
Average OFMAP SRAM BW: 17.332 words/cycle
Average IFMAP DRAM BW: 9.032 words/cycle
Average Filter DRAM BW: 8.929 words/cycle
Average OFMAP DRAM BW: 32.000 words/cycle

Running Layer 1221
Total cycles: 897
Compute cycles: 411
Stall cycles: 0
Overall utilization: 6.81%
Mapping efficiency: 12.50%
Average IFMAP SRAM BW: 2.180 words/cycle
Average Filter SRAM BW: 0.623 words/cycle
Average OFMAP SRAM BW: 17.440 words/cycle
Average IFMAP DRAM BW: 1.703 words/cycle
Average Filter DRAM BW: 0.973 words/cycle
Average OFMAP DRAM BW: 32.000 words/cycle

Running Layer 1222
Total cycles: 1533
Compute cycles: 823
Stall cycles: 0
Overall utilization: 6.80%
Mapping efficiency: 12.50%
Average IFMAP SRAM BW: 2.177 words/cycle
Average Filter SRAM BW: 0.622 words/cycle
Average OFMAP SRAM BW: 17.419 words/cycle
Average IFMAP DRAM BW: 1.703 words/cycle
Average Filter DRAM BW: 1.947 words/cycle
Average OFMAP DRAM BW: 32.000 words/cycle

Running Layer 1223
Total cycles: 897
Compute cycles: 411
Stall cycles: 0
Overall utilization: 13.63%
Mapping efficiency: 25.00%
Average IFMAP SRAM BW: 4.360 words/cycle
Average Filter SRAM BW: 1.246 words/cycle
Average OFMAP SRAM BW: 17.440 words/cycle
Average IFMAP DRAM BW: 3.407 words/cycle
Average Filter DRAM BW: 1.947 words/cycle
Average OFMAP DRAM BW: 32.000 words/cycle

Running Layer 1224
Total cycles: 1533
Compute cycles: 823
Stall cycles: 0
Overall utilization: 13.61%
Mapping efficiency: 25.00%
Average IFMAP SRAM BW: 4.355 words/cycle
Average Filter SRAM BW: 1.244 words/cycle
Average OFMAP SRAM BW: 17.419 words/cycle
Average IFMAP DRAM BW: 3.407 words/cycle
Average Filter DRAM BW: 3.894 words/cycle
Average OFMAP DRAM BW: 32.000 words/cycle

Running Layer 1225
Total cycles: 897
Compute cycles: 411
Stall cycles: 0
Overall utilization: 27.25%
Mapping efficiency: 50.00%
Average IFMAP SRAM BW: 8.720 words/cycle
Average Filter SRAM BW: 2.491 words/cycle
Average OFMAP SRAM BW: 17.440 words/cycle
Average IFMAP DRAM BW: 6.814 words/cycle
Average Filter DRAM BW: 3.894 words/cycle
Average OFMAP DRAM BW: 32.000 words/cycle

Running Layer 1226
Total cycles: 1533
Compute cycles: 823
Stall cycles: 0
Overall utilization: 27.22%
Mapping efficiency: 50.00%
Average IFMAP SRAM BW: 8.710 words/cycle
Average Filter SRAM BW: 2.488 words/cycle
Average OFMAP SRAM BW: 17.419 words/cycle
Average IFMAP DRAM BW: 6.814 words/cycle
Average Filter DRAM BW: 7.787 words/cycle
Average OFMAP DRAM BW: 32.000 words/cycle

Running Layer 1227
Total cycles: 1159
Compute cycles: 411
Stall cycles: 0
Overall utilization: 54.50%
Mapping efficiency: 100.00%
Average IFMAP SRAM BW: 17.440 words/cycle
Average Filter SRAM BW: 4.983 words/cycle
Average OFMAP SRAM BW: 17.440 words/cycle
Average IFMAP DRAM BW: 6.827 words/cycle
Average Filter DRAM BW: 7.787 words/cycle
Average OFMAP DRAM BW: 32.000 words/cycle

Running Layer 1228
Total cycles: 1795
Compute cycles: 823
Stall cycles: 0
Overall utilization: 54.43%
Mapping efficiency: 100.00%
Average IFMAP SRAM BW: 17.419 words/cycle
Average Filter SRAM BW: 4.977 words/cycle
Average OFMAP SRAM BW: 17.419 words/cycle
Average IFMAP DRAM BW: 6.827 words/cycle
Average Filter DRAM BW: 7.802 words/cycle
Average OFMAP DRAM BW: 32.000 words/cycle

Running Layer 1229
Total cycles: 2057
Compute cycles: 823
Stall cycles: 0
Overall utilization: 54.43%
Mapping efficiency: 100.00%
Average IFMAP SRAM BW: 17.419 words/cycle
Average Filter SRAM BW: 4.977 words/cycle
Average OFMAP SRAM BW: 17.419 words/cycle
Average IFMAP DRAM BW: 9.108 words/cycle
Average Filter DRAM BW: 7.802 words/cycle
Average OFMAP DRAM BW: 32.000 words/cycle

Running Layer 1230
Total cycles: 3591
Compute cycles: 1647
Stall cycles: 0
Overall utilization: 54.40%
Mapping efficiency: 100.00%
Average IFMAP SRAM BW: 17.409 words/cycle
Average Filter SRAM BW: 4.974 words/cycle
Average OFMAP SRAM BW: 17.409 words/cycle
Average IFMAP DRAM BW: 9.108 words/cycle
Average Filter DRAM BW: 7.809 words/cycle
Average OFMAP DRAM BW: 32.000 words/cycle

Running Layer 1231
Total cycles: 6921
Compute cycles: 3295
Stall cycles: 0
Overall utilization: 54.39%
Mapping efficiency: 100.00%
Average IFMAP SRAM BW: 17.403 words/cycle
Average Filter SRAM BW: 4.972 words/cycle
Average OFMAP SRAM BW: 17.403 words/cycle
Average IFMAP DRAM BW: 9.114 words/cycle
Average Filter DRAM BW: 8.929 words/cycle
Average OFMAP DRAM BW: 32.000 words/cycle

Running Layer 1232
Total cycles: 901
Compute cycles: 413
Stall cycles: 0
Overall utilization: 6.84%
Mapping efficiency: 12.50%
Average IFMAP SRAM BW: 2.189 words/cycle
Average Filter SRAM BW: 0.620 words/cycle
Average OFMAP SRAM BW: 17.511 words/cycle
Average IFMAP DRAM BW: 1.719 words/cycle
Average Filter DRAM BW: 0.973 words/cycle
Average OFMAP DRAM BW: 32.000 words/cycle

Running Layer 1233
Total cycles: 1541
Compute cycles: 827
Stall cycles: 0
Overall utilization: 6.83%
Mapping efficiency: 12.50%
Average IFMAP SRAM BW: 2.186 words/cycle
Average Filter SRAM BW: 0.619 words/cycle
Average OFMAP SRAM BW: 17.490 words/cycle
Average IFMAP DRAM BW: 1.719 words/cycle
Average Filter DRAM BW: 1.947 words/cycle
Average OFMAP DRAM BW: 32.000 words/cycle

Running Layer 1234
Total cycles: 901
Compute cycles: 413
Stall cycles: 0
Overall utilization: 13.68%
Mapping efficiency: 25.00%
Average IFMAP SRAM BW: 4.378 words/cycle
Average Filter SRAM BW: 1.240 words/cycle
Average OFMAP SRAM BW: 17.511 words/cycle
Average IFMAP DRAM BW: 3.437 words/cycle
Average Filter DRAM BW: 1.947 words/cycle
Average OFMAP DRAM BW: 32.000 words/cycle

Running Layer 1235
Total cycles: 1541
Compute cycles: 827
Stall cycles: 0
Overall utilization: 13.66%
Mapping efficiency: 25.00%
Average IFMAP SRAM BW: 4.372 words/cycle
Average Filter SRAM BW: 1.238 words/cycle
Average OFMAP SRAM BW: 17.490 words/cycle
Average IFMAP DRAM BW: 3.437 words/cycle
Average Filter DRAM BW: 3.894 words/cycle
Average OFMAP DRAM BW: 32.000 words/cycle

Running Layer 1236
Total cycles: 901
Compute cycles: 413
Stall cycles: 0
Overall utilization: 27.36%
Mapping efficiency: 50.00%
Average IFMAP SRAM BW: 8.755 words/cycle
Average Filter SRAM BW: 2.479 words/cycle
Average OFMAP SRAM BW: 17.511 words/cycle
Average IFMAP DRAM BW: 6.875 words/cycle
Average Filter DRAM BW: 3.894 words/cycle
Average OFMAP DRAM BW: 32.000 words/cycle

Running Layer 1237
Total cycles: 1541
Compute cycles: 827
Stall cycles: 0
Overall utilization: 27.33%
Mapping efficiency: 50.00%
Average IFMAP SRAM BW: 8.745 words/cycle
Average Filter SRAM BW: 2.476 words/cycle
Average OFMAP SRAM BW: 17.490 words/cycle
Average IFMAP DRAM BW: 6.875 words/cycle
Average Filter DRAM BW: 7.787 words/cycle
Average OFMAP DRAM BW: 32.000 words/cycle

Running Layer 1238
Total cycles: 1163
Compute cycles: 413
Stall cycles: 0
Overall utilization: 54.72%
Mapping efficiency: 100.00%
Average IFMAP SRAM BW: 17.511 words/cycle
Average Filter SRAM BW: 4.959 words/cycle
Average OFMAP SRAM BW: 17.511 words/cycle
Average IFMAP DRAM BW: 6.888 words/cycle
Average Filter DRAM BW: 7.787 words/cycle
Average OFMAP DRAM BW: 32.000 words/cycle

Running Layer 1239
Total cycles: 1803
Compute cycles: 827
Stall cycles: 0
Overall utilization: 54.66%
Mapping efficiency: 100.00%
Average IFMAP SRAM BW: 17.490 words/cycle
Average Filter SRAM BW: 4.953 words/cycle
Average OFMAP SRAM BW: 17.490 words/cycle
Average IFMAP DRAM BW: 6.888 words/cycle
Average Filter DRAM BW: 7.802 words/cycle
Average OFMAP DRAM BW: 32.000 words/cycle

Running Layer 1240
Total cycles: 2065
Compute cycles: 827
Stall cycles: 0
Overall utilization: 54.66%
Mapping efficiency: 100.00%
Average IFMAP SRAM BW: 17.490 words/cycle
Average Filter SRAM BW: 4.953 words/cycle
Average OFMAP SRAM BW: 17.490 words/cycle
Average IFMAP DRAM BW: 9.189 words/cycle
Average Filter DRAM BW: 7.802 words/cycle
Average OFMAP DRAM BW: 32.000 words/cycle

Running Layer 1241
Total cycles: 3607
Compute cycles: 1655
Stall cycles: 0
Overall utilization: 54.62%
Mapping efficiency: 100.00%
Average IFMAP SRAM BW: 17.479 words/cycle
Average Filter SRAM BW: 4.950 words/cycle
Average OFMAP SRAM BW: 17.479 words/cycle
Average IFMAP DRAM BW: 9.189 words/cycle
Average Filter DRAM BW: 7.809 words/cycle
Average OFMAP DRAM BW: 32.000 words/cycle

Running Layer 1242
Total cycles: 6953
Compute cycles: 3311
Stall cycles: 0
Overall utilization: 54.61%
Mapping efficiency: 100.00%
Average IFMAP SRAM BW: 17.474 words/cycle
Average Filter SRAM BW: 4.948 words/cycle
Average OFMAP SRAM BW: 17.474 words/cycle
Average IFMAP DRAM BW: 9.195 words/cycle
Average Filter DRAM BW: 8.929 words/cycle
Average OFMAP DRAM BW: 32.000 words/cycle

Running Layer 1243
Total cycles: 905
Compute cycles: 415
Stall cycles: 0
Overall utilization: 6.87%
Mapping efficiency: 12.50%
Average IFMAP SRAM BW: 2.198 words/cycle
Average Filter SRAM BW: 0.617 words/cycle
Average OFMAP SRAM BW: 17.581 words/cycle
Average IFMAP DRAM BW: 1.734 words/cycle
Average Filter DRAM BW: 0.973 words/cycle
Average OFMAP DRAM BW: 32.000 words/cycle

Running Layer 1244
Total cycles: 1549
Compute cycles: 831
Stall cycles: 0
Overall utilization: 6.86%
Mapping efficiency: 12.50%
Average IFMAP SRAM BW: 2.195 words/cycle
Average Filter SRAM BW: 0.616 words/cycle
Average OFMAP SRAM BW: 17.560 words/cycle
Average IFMAP DRAM BW: 1.734 words/cycle
Average Filter DRAM BW: 1.947 words/cycle
Average OFMAP DRAM BW: 32.000 words/cycle

Running Layer 1245
Total cycles: 905
Compute cycles: 415
Stall cycles: 0
Overall utilization: 13.73%
Mapping efficiency: 25.00%
Average IFMAP SRAM BW: 4.395 words/cycle
Average Filter SRAM BW: 1.234 words/cycle
Average OFMAP SRAM BW: 17.581 words/cycle
Average IFMAP DRAM BW: 3.468 words/cycle
Average Filter DRAM BW: 1.947 words/cycle
Average OFMAP DRAM BW: 32.000 words/cycle

Running Layer 1246
Total cycles: 1549
Compute cycles: 831
Stall cycles: 0
Overall utilization: 13.72%
Mapping efficiency: 25.00%
Average IFMAP SRAM BW: 4.390 words/cycle
Average Filter SRAM BW: 1.232 words/cycle
Average OFMAP SRAM BW: 17.560 words/cycle
Average IFMAP DRAM BW: 3.468 words/cycle
Average Filter DRAM BW: 3.894 words/cycle
Average OFMAP DRAM BW: 32.000 words/cycle

Running Layer 1247
Total cycles: 905
Compute cycles: 415
Stall cycles: 0
Overall utilization: 27.47%
Mapping efficiency: 50.00%
Average IFMAP SRAM BW: 8.790 words/cycle
Average Filter SRAM BW: 2.467 words/cycle
Average OFMAP SRAM BW: 17.581 words/cycle
Average IFMAP DRAM BW: 6.935 words/cycle
Average Filter DRAM BW: 3.894 words/cycle
Average OFMAP DRAM BW: 32.000 words/cycle

Running Layer 1248
Total cycles: 1549
Compute cycles: 831
Stall cycles: 0
Overall utilization: 27.44%
Mapping efficiency: 50.00%
Average IFMAP SRAM BW: 8.780 words/cycle
Average Filter SRAM BW: 2.465 words/cycle
Average OFMAP SRAM BW: 17.560 words/cycle
Average IFMAP DRAM BW: 6.935 words/cycle
Average Filter DRAM BW: 7.787 words/cycle
Average OFMAP DRAM BW: 32.000 words/cycle

Running Layer 1249
Total cycles: 1167
Compute cycles: 415
Stall cycles: 0
Overall utilization: 54.94%
Mapping efficiency: 100.00%
Average IFMAP SRAM BW: 17.581 words/cycle
Average Filter SRAM BW: 4.935 words/cycle
Average OFMAP SRAM BW: 17.581 words/cycle
Average IFMAP DRAM BW: 6.949 words/cycle
Average Filter DRAM BW: 7.787 words/cycle
Average OFMAP DRAM BW: 32.000 words/cycle

Running Layer 1250
Total cycles: 1811
Compute cycles: 831
Stall cycles: 0
Overall utilization: 54.87%
Mapping efficiency: 100.00%
Average IFMAP SRAM BW: 17.560 words/cycle
Average Filter SRAM BW: 4.929 words/cycle
Average OFMAP SRAM BW: 17.560 words/cycle
Average IFMAP DRAM BW: 6.949 words/cycle
Average Filter DRAM BW: 7.802 words/cycle
Average OFMAP DRAM BW: 32.000 words/cycle

Running Layer 1251
Total cycles: 2073
Compute cycles: 831
Stall cycles: 0
Overall utilization: 54.87%
Mapping efficiency: 100.00%
Average IFMAP SRAM BW: 17.560 words/cycle
Average Filter SRAM BW: 4.929 words/cycle
Average OFMAP SRAM BW: 17.560 words/cycle
Average IFMAP DRAM BW: 9.271 words/cycle
Average Filter DRAM BW: 7.802 words/cycle
Average OFMAP DRAM BW: 32.000 words/cycle

Running Layer 1252
Total cycles: 3623
Compute cycles: 1663
Stall cycles: 0
Overall utilization: 54.84%
Mapping efficiency: 100.00%
Average IFMAP SRAM BW: 17.549 words/cycle
Average Filter SRAM BW: 4.926 words/cycle
Average OFMAP SRAM BW: 17.549 words/cycle
Average IFMAP DRAM BW: 9.271 words/cycle
Average Filter DRAM BW: 7.809 words/cycle
Average OFMAP DRAM BW: 32.000 words/cycle

Running Layer 1253
Total cycles: 6985
Compute cycles: 3327
Stall cycles: 0
Overall utilization: 54.82%
Mapping efficiency: 100.00%
Average IFMAP SRAM BW: 17.544 words/cycle
Average Filter SRAM BW: 4.925 words/cycle
Average OFMAP SRAM BW: 17.544 words/cycle
Average IFMAP DRAM BW: 9.277 words/cycle
Average Filter DRAM BW: 8.929 words/cycle
Average OFMAP DRAM BW: 32.000 words/cycle

Running Layer 1254
Total cycles: 909
Compute cycles: 417
Stall cycles: 0
Overall utilization: 6.89%
Mapping efficiency: 12.50%
Average IFMAP SRAM BW: 2.206 words/cycle
Average Filter SRAM BW: 0.614 words/cycle
Average OFMAP SRAM BW: 17.650 words/cycle
Average IFMAP DRAM BW: 1.749 words/cycle
Average Filter DRAM BW: 0.973 words/cycle
Average OFMAP DRAM BW: 32.000 words/cycle

Running Layer 1255
Total cycles: 1557
Compute cycles: 835
Stall cycles: 0
Overall utilization: 6.89%
Mapping efficiency: 12.50%
Average IFMAP SRAM BW: 2.204 words/cycle
Average Filter SRAM BW: 0.613 words/cycle
Average OFMAP SRAM BW: 17.629 words/cycle
Average IFMAP DRAM BW: 1.749 words/cycle
Average Filter DRAM BW: 1.947 words/cycle
Average OFMAP DRAM BW: 32.000 words/cycle

Running Layer 1256
Total cycles: 909
Compute cycles: 417
Stall cycles: 0
Overall utilization: 13.79%
Mapping efficiency: 25.00%
Average IFMAP SRAM BW: 4.412 words/cycle
Average Filter SRAM BW: 1.228 words/cycle
Average OFMAP SRAM BW: 17.650 words/cycle
Average IFMAP DRAM BW: 3.498 words/cycle
Average Filter DRAM BW: 1.947 words/cycle
Average OFMAP DRAM BW: 32.000 words/cycle

Running Layer 1257
Total cycles: 1557
Compute cycles: 835
Stall cycles: 0
Overall utilization: 13.77%
Mapping efficiency: 25.00%
Average IFMAP SRAM BW: 4.407 words/cycle
Average Filter SRAM BW: 1.226 words/cycle
Average OFMAP SRAM BW: 17.629 words/cycle
Average IFMAP DRAM BW: 3.498 words/cycle
Average Filter DRAM BW: 3.894 words/cycle
Average OFMAP DRAM BW: 32.000 words/cycle

Running Layer 1258
Total cycles: 909
Compute cycles: 417
Stall cycles: 0
Overall utilization: 27.58%
Mapping efficiency: 50.00%
Average IFMAP SRAM BW: 8.825 words/cycle
Average Filter SRAM BW: 2.456 words/cycle
Average OFMAP SRAM BW: 17.650 words/cycle
Average IFMAP DRAM BW: 6.996 words/cycle
Average Filter DRAM BW: 3.894 words/cycle
Average OFMAP DRAM BW: 32.000 words/cycle

Running Layer 1259
Total cycles: 1557
Compute cycles: 835
Stall cycles: 0
Overall utilization: 27.54%
Mapping efficiency: 50.00%
Average IFMAP SRAM BW: 8.814 words/cycle
Average Filter SRAM BW: 2.453 words/cycle
Average OFMAP SRAM BW: 17.629 words/cycle
Average IFMAP DRAM BW: 6.996 words/cycle
Average Filter DRAM BW: 7.787 words/cycle
Average OFMAP DRAM BW: 32.000 words/cycle

Running Layer 1260
Total cycles: 1171
Compute cycles: 417
Stall cycles: 0
Overall utilization: 55.16%
Mapping efficiency: 100.00%
Average IFMAP SRAM BW: 17.650 words/cycle
Average Filter SRAM BW: 4.911 words/cycle
Average OFMAP SRAM BW: 17.650 words/cycle
Average IFMAP DRAM BW: 7.010 words/cycle
Average Filter DRAM BW: 7.787 words/cycle
Average OFMAP DRAM BW: 32.000 words/cycle

Running Layer 1261
Total cycles: 1819
Compute cycles: 835
Stall cycles: 0
Overall utilization: 55.09%
Mapping efficiency: 100.00%
Average IFMAP SRAM BW: 17.629 words/cycle
Average Filter SRAM BW: 4.905 words/cycle
Average OFMAP SRAM BW: 17.629 words/cycle
Average IFMAP DRAM BW: 7.010 words/cycle
Average Filter DRAM BW: 7.802 words/cycle
Average OFMAP DRAM BW: 32.000 words/cycle

Running Layer 1262
Total cycles: 2081
Compute cycles: 835
Stall cycles: 0
Overall utilization: 55.09%
Mapping efficiency: 100.00%
Average IFMAP SRAM BW: 17.629 words/cycle
Average Filter SRAM BW: 4.905 words/cycle
Average OFMAP SRAM BW: 17.629 words/cycle
Average IFMAP DRAM BW: 9.352 words/cycle
Average Filter DRAM BW: 7.802 words/cycle
Average OFMAP DRAM BW: 32.000 words/cycle

Running Layer 1263
Total cycles: 3639
Compute cycles: 1671
Stall cycles: 0
Overall utilization: 55.06%
Mapping efficiency: 100.00%
Average IFMAP SRAM BW: 17.618 words/cycle
Average Filter SRAM BW: 4.902 words/cycle
Average OFMAP SRAM BW: 17.618 words/cycle
Average IFMAP DRAM BW: 9.352 words/cycle
Average Filter DRAM BW: 7.809 words/cycle
Average OFMAP DRAM BW: 32.000 words/cycle

Running Layer 1264
Total cycles: 7017
Compute cycles: 3343
Stall cycles: 0
Overall utilization: 55.04%
Mapping efficiency: 100.00%
Average IFMAP SRAM BW: 17.613 words/cycle
Average Filter SRAM BW: 4.901 words/cycle
Average OFMAP SRAM BW: 17.613 words/cycle
Average IFMAP DRAM BW: 9.358 words/cycle
Average Filter DRAM BW: 8.929 words/cycle
Average OFMAP DRAM BW: 32.000 words/cycle

Running Layer 1265
Total cycles: 913
Compute cycles: 419
Stall cycles: 0
Overall utilization: 6.92%
Mapping efficiency: 12.50%
Average IFMAP SRAM BW: 2.215 words/cycle
Average Filter SRAM BW: 0.611 words/cycle
Average OFMAP SRAM BW: 17.718 words/cycle
Average IFMAP DRAM BW: 1.764 words/cycle
Average Filter DRAM BW: 0.973 words/cycle
Average OFMAP DRAM BW: 32.000 words/cycle

Running Layer 1266
Total cycles: 1565
Compute cycles: 839
Stall cycles: 0
Overall utilization: 6.91%
Mapping efficiency: 12.50%
Average IFMAP SRAM BW: 2.212 words/cycle
Average Filter SRAM BW: 0.610 words/cycle
Average OFMAP SRAM BW: 17.697 words/cycle
Average IFMAP DRAM BW: 1.764 words/cycle
Average Filter DRAM BW: 1.947 words/cycle
Average OFMAP DRAM BW: 32.000 words/cycle

Running Layer 1267
Total cycles: 913
Compute cycles: 419
Stall cycles: 0
Overall utilization: 13.84%
Mapping efficiency: 25.00%
Average IFMAP SRAM BW: 4.430 words/cycle
Average Filter SRAM BW: 1.222 words/cycle
Average OFMAP SRAM BW: 17.718 words/cycle
Average IFMAP DRAM BW: 3.529 words/cycle
Average Filter DRAM BW: 1.947 words/cycle
Average OFMAP DRAM BW: 32.000 words/cycle

Running Layer 1268
Total cycles: 1565
Compute cycles: 839
Stall cycles: 0
Overall utilization: 13.83%
Mapping efficiency: 25.00%
Average IFMAP SRAM BW: 4.424 words/cycle
Average Filter SRAM BW: 1.221 words/cycle
Average OFMAP SRAM BW: 17.697 words/cycle
Average IFMAP DRAM BW: 3.529 words/cycle
Average Filter DRAM BW: 3.894 words/cycle
Average OFMAP DRAM BW: 32.000 words/cycle

Running Layer 1269
Total cycles: 913
Compute cycles: 419
Stall cycles: 0
Overall utilization: 27.68%
Mapping efficiency: 50.00%
Average IFMAP SRAM BW: 8.859 words/cycle
Average Filter SRAM BW: 2.444 words/cycle
Average OFMAP SRAM BW: 17.718 words/cycle
Average IFMAP DRAM BW: 7.057 words/cycle
Average Filter DRAM BW: 3.894 words/cycle
Average OFMAP DRAM BW: 32.000 words/cycle

Running Layer 1270
Total cycles: 1565
Compute cycles: 839
Stall cycles: 0
Overall utilization: 27.65%
Mapping efficiency: 50.00%
Average IFMAP SRAM BW: 8.849 words/cycle
Average Filter SRAM BW: 2.441 words/cycle
Average OFMAP SRAM BW: 17.697 words/cycle
Average IFMAP DRAM BW: 7.057 words/cycle
Average Filter DRAM BW: 7.787 words/cycle
Average OFMAP DRAM BW: 32.000 words/cycle

Running Layer 1271
Total cycles: 1175
Compute cycles: 419
Stall cycles: 0
Overall utilization: 55.37%
Mapping efficiency: 100.00%
Average IFMAP SRAM BW: 17.718 words/cycle
Average Filter SRAM BW: 4.888 words/cycle
Average OFMAP SRAM BW: 17.718 words/cycle
Average IFMAP DRAM BW: 7.070 words/cycle
Average Filter DRAM BW: 7.787 words/cycle
Average OFMAP DRAM BW: 32.000 words/cycle

Running Layer 1272
Total cycles: 1827
Compute cycles: 839
Stall cycles: 0
Overall utilization: 55.30%
Mapping efficiency: 100.00%
Average IFMAP SRAM BW: 17.697 words/cycle
Average Filter SRAM BW: 4.882 words/cycle
Average OFMAP SRAM BW: 17.697 words/cycle
Average IFMAP DRAM BW: 7.070 words/cycle
Average Filter DRAM BW: 7.802 words/cycle
Average OFMAP DRAM BW: 32.000 words/cycle

Running Layer 1273
Total cycles: 2089
Compute cycles: 839
Stall cycles: 0
Overall utilization: 55.30%
Mapping efficiency: 100.00%
Average IFMAP SRAM BW: 17.697 words/cycle
Average Filter SRAM BW: 4.882 words/cycle
Average OFMAP SRAM BW: 17.697 words/cycle
Average IFMAP DRAM BW: 9.433 words/cycle
Average Filter DRAM BW: 7.802 words/cycle
Average OFMAP DRAM BW: 32.000 words/cycle

Running Layer 1274
Total cycles: 3655
Compute cycles: 1679
Stall cycles: 0
Overall utilization: 55.27%
Mapping efficiency: 100.00%
Average IFMAP SRAM BW: 17.687 words/cycle
Average Filter SRAM BW: 4.879 words/cycle
Average OFMAP SRAM BW: 17.687 words/cycle
Average IFMAP DRAM BW: 9.433 words/cycle
Average Filter DRAM BW: 7.809 words/cycle
Average OFMAP DRAM BW: 32.000 words/cycle

Running Layer 1275
Total cycles: 7049
Compute cycles: 3359
Stall cycles: 0
Overall utilization: 55.25%
Mapping efficiency: 100.00%
Average IFMAP SRAM BW: 17.681 words/cycle
Average Filter SRAM BW: 4.878 words/cycle
Average OFMAP SRAM BW: 17.681 words/cycle
Average IFMAP DRAM BW: 9.439 words/cycle
Average Filter DRAM BW: 8.929 words/cycle
Average OFMAP DRAM BW: 32.000 words/cycle

Running Layer 1276
Total cycles: 917
Compute cycles: 421
Stall cycles: 0
Overall utilization: 6.95%
Mapping efficiency: 12.50%
Average IFMAP SRAM BW: 2.223 words/cycle
Average Filter SRAM BW: 0.608 words/cycle
Average OFMAP SRAM BW: 17.786 words/cycle
Average IFMAP DRAM BW: 1.779 words/cycle
Average Filter DRAM BW: 0.973 words/cycle
Average OFMAP DRAM BW: 32.000 words/cycle

Running Layer 1277
Total cycles: 1573
Compute cycles: 843
Stall cycles: 0
Overall utilization: 6.94%
Mapping efficiency: 12.50%
Average IFMAP SRAM BW: 2.221 words/cycle
Average Filter SRAM BW: 0.607 words/cycle
Average OFMAP SRAM BW: 17.765 words/cycle
Average IFMAP DRAM BW: 1.779 words/cycle
Average Filter DRAM BW: 1.947 words/cycle
Average OFMAP DRAM BW: 32.000 words/cycle

Running Layer 1278
Total cycles: 917
Compute cycles: 421
Stall cycles: 0
Overall utilization: 13.90%
Mapping efficiency: 25.00%
Average IFMAP SRAM BW: 4.447 words/cycle
Average Filter SRAM BW: 1.216 words/cycle
Average OFMAP SRAM BW: 17.786 words/cycle
Average IFMAP DRAM BW: 3.559 words/cycle
Average Filter DRAM BW: 1.947 words/cycle
Average OFMAP DRAM BW: 32.000 words/cycle

Running Layer 1279
Total cycles: 1573
Compute cycles: 843
Stall cycles: 0
Overall utilization: 13.88%
Mapping efficiency: 25.00%
Average IFMAP SRAM BW: 4.441 words/cycle
Average Filter SRAM BW: 1.215 words/cycle
Average OFMAP SRAM BW: 17.765 words/cycle
Average IFMAP DRAM BW: 3.559 words/cycle
Average Filter DRAM BW: 3.894 words/cycle
Average OFMAP DRAM BW: 32.000 words/cycle

Running Layer 1280
Total cycles: 917
Compute cycles: 421
Stall cycles: 0
Overall utilization: 27.79%
Mapping efficiency: 50.00%
Average IFMAP SRAM BW: 8.893 words/cycle
Average Filter SRAM BW: 2.432 words/cycle
Average OFMAP SRAM BW: 17.786 words/cycle
Average IFMAP DRAM BW: 7.118 words/cycle
Average Filter DRAM BW: 3.894 words/cycle
Average OFMAP DRAM BW: 32.000 words/cycle

Running Layer 1281
Total cycles: 1573
Compute cycles: 843
Stall cycles: 0
Overall utilization: 27.76%
Mapping efficiency: 50.00%
Average IFMAP SRAM BW: 8.883 words/cycle
Average Filter SRAM BW: 2.429 words/cycle
Average OFMAP SRAM BW: 17.765 words/cycle
Average IFMAP DRAM BW: 7.118 words/cycle
Average Filter DRAM BW: 7.787 words/cycle
Average OFMAP DRAM BW: 32.000 words/cycle

Running Layer 1282
Total cycles: 1179
Compute cycles: 421
Stall cycles: 0
Overall utilization: 55.58%
Mapping efficiency: 100.00%
Average IFMAP SRAM BW: 17.786 words/cycle
Average Filter SRAM BW: 4.865 words/cycle
Average OFMAP SRAM BW: 17.786 words/cycle
Average IFMAP DRAM BW: 7.131 words/cycle
Average Filter DRAM BW: 7.787 words/cycle
Average OFMAP DRAM BW: 32.000 words/cycle

Running Layer 1283
Total cycles: 1835
Compute cycles: 843
Stall cycles: 0
Overall utilization: 55.52%
Mapping efficiency: 100.00%
Average IFMAP SRAM BW: 17.765 words/cycle
Average Filter SRAM BW: 4.859 words/cycle
Average OFMAP SRAM BW: 17.765 words/cycle
Average IFMAP DRAM BW: 7.131 words/cycle
Average Filter DRAM BW: 7.802 words/cycle
Average OFMAP DRAM BW: 32.000 words/cycle

Running Layer 1284
Total cycles: 2097
Compute cycles: 843
Stall cycles: 0
Overall utilization: 55.52%
Mapping efficiency: 100.00%
Average IFMAP SRAM BW: 17.765 words/cycle
Average Filter SRAM BW: 4.859 words/cycle
Average OFMAP SRAM BW: 17.765 words/cycle
Average IFMAP DRAM BW: 9.515 words/cycle
Average Filter DRAM BW: 7.802 words/cycle
Average OFMAP DRAM BW: 32.000 words/cycle

Running Layer 1285
Total cycles: 3671
Compute cycles: 1687
Stall cycles: 0
Overall utilization: 55.48%
Mapping efficiency: 100.00%
Average IFMAP SRAM BW: 17.755 words/cycle
Average Filter SRAM BW: 4.856 words/cycle
Average OFMAP SRAM BW: 17.755 words/cycle
Average IFMAP DRAM BW: 9.515 words/cycle
Average Filter DRAM BW: 7.809 words/cycle
Average OFMAP DRAM BW: 32.000 words/cycle

Running Layer 1286
Total cycles: 7081
Compute cycles: 3375
Stall cycles: 0
Overall utilization: 55.47%
Mapping efficiency: 100.00%
Average IFMAP SRAM BW: 17.749 words/cycle
Average Filter SRAM BW: 4.855 words/cycle
Average OFMAP SRAM BW: 17.749 words/cycle
Average IFMAP DRAM BW: 9.521 words/cycle
Average Filter DRAM BW: 8.929 words/cycle
Average OFMAP DRAM BW: 32.000 words/cycle

Running Layer 1287
Total cycles: 921
Compute cycles: 423
Stall cycles: 0
Overall utilization: 6.97%
Mapping efficiency: 12.50%
Average IFMAP SRAM BW: 2.232 words/cycle
Average Filter SRAM BW: 0.605 words/cycle
Average OFMAP SRAM BW: 17.853 words/cycle
Average IFMAP DRAM BW: 1.795 words/cycle
Average Filter DRAM BW: 0.973 words/cycle
Average OFMAP DRAM BW: 32.000 words/cycle

Running Layer 1288
Total cycles: 1581
Compute cycles: 847
Stall cycles: 0
Overall utilization: 6.97%
Mapping efficiency: 12.50%
Average IFMAP SRAM BW: 2.229 words/cycle
Average Filter SRAM BW: 0.604 words/cycle
Average OFMAP SRAM BW: 17.832 words/cycle
Average IFMAP DRAM BW: 1.795 words/cycle
Average Filter DRAM BW: 1.947 words/cycle
Average OFMAP DRAM BW: 32.000 words/cycle

Running Layer 1289
Total cycles: 921
Compute cycles: 423
Stall cycles: 0
Overall utilization: 13.95%
Mapping efficiency: 25.00%
Average IFMAP SRAM BW: 4.463 words/cycle
Average Filter SRAM BW: 1.210 words/cycle
Average OFMAP SRAM BW: 17.853 words/cycle
Average IFMAP DRAM BW: 3.589 words/cycle
Average Filter DRAM BW: 1.947 words/cycle
Average OFMAP DRAM BW: 32.000 words/cycle

Running Layer 1290
Total cycles: 1581
Compute cycles: 847
Stall cycles: 0
Overall utilization: 13.93%
Mapping efficiency: 25.00%
Average IFMAP SRAM BW: 4.458 words/cycle
Average Filter SRAM BW: 1.209 words/cycle
Average OFMAP SRAM BW: 17.832 words/cycle
Average IFMAP DRAM BW: 3.589 words/cycle
Average Filter DRAM BW: 3.894 words/cycle
Average OFMAP DRAM BW: 32.000 words/cycle

Running Layer 1291
Total cycles: 921
Compute cycles: 423
Stall cycles: 0
Overall utilization: 27.90%
Mapping efficiency: 50.00%
Average IFMAP SRAM BW: 8.927 words/cycle
Average Filter SRAM BW: 2.421 words/cycle
Average OFMAP SRAM BW: 17.853 words/cycle
Average IFMAP DRAM BW: 7.179 words/cycle
Average Filter DRAM BW: 3.894 words/cycle
Average OFMAP DRAM BW: 32.000 words/cycle

Running Layer 1292
Total cycles: 1581
Compute cycles: 847
Stall cycles: 0
Overall utilization: 27.86%
Mapping efficiency: 50.00%
Average IFMAP SRAM BW: 8.916 words/cycle
Average Filter SRAM BW: 2.418 words/cycle
Average OFMAP SRAM BW: 17.832 words/cycle
Average IFMAP DRAM BW: 7.179 words/cycle
Average Filter DRAM BW: 7.787 words/cycle
Average OFMAP DRAM BW: 32.000 words/cycle

Running Layer 1293
Total cycles: 1183
Compute cycles: 423
Stall cycles: 0
Overall utilization: 55.79%
Mapping efficiency: 100.00%
Average IFMAP SRAM BW: 17.853 words/cycle
Average Filter SRAM BW: 4.842 words/cycle
Average OFMAP SRAM BW: 17.853 words/cycle
Average IFMAP DRAM BW: 7.192 words/cycle
Average Filter DRAM BW: 7.787 words/cycle
Average OFMAP DRAM BW: 32.000 words/cycle

Running Layer 1294
Total cycles: 1843
Compute cycles: 847
Stall cycles: 0
Overall utilization: 55.73%
Mapping efficiency: 100.00%
Average IFMAP SRAM BW: 17.832 words/cycle
Average Filter SRAM BW: 4.836 words/cycle
Average OFMAP SRAM BW: 17.832 words/cycle
Average IFMAP DRAM BW: 7.192 words/cycle
Average Filter DRAM BW: 7.802 words/cycle
Average OFMAP DRAM BW: 32.000 words/cycle

Running Layer 1295
Total cycles: 2105
Compute cycles: 847
Stall cycles: 0
Overall utilization: 55.73%
Mapping efficiency: 100.00%
Average IFMAP SRAM BW: 17.832 words/cycle
Average Filter SRAM BW: 4.836 words/cycle
Average OFMAP SRAM BW: 17.832 words/cycle
Average IFMAP DRAM BW: 9.596 words/cycle
Average Filter DRAM BW: 7.802 words/cycle
Average OFMAP DRAM BW: 32.000 words/cycle

Running Layer 1296
Total cycles: 3687
Compute cycles: 1695
Stall cycles: 0
Overall utilization: 55.69%
Mapping efficiency: 100.00%
Average IFMAP SRAM BW: 17.822 words/cycle
Average Filter SRAM BW: 4.833 words/cycle
Average OFMAP SRAM BW: 17.822 words/cycle
Average IFMAP DRAM BW: 9.596 words/cycle
Average Filter DRAM BW: 7.809 words/cycle
Average OFMAP DRAM BW: 32.000 words/cycle

Running Layer 1297
Total cycles: 7113
Compute cycles: 3391
Stall cycles: 0
Overall utilization: 55.68%
Mapping efficiency: 100.00%
Average IFMAP SRAM BW: 17.817 words/cycle
Average Filter SRAM BW: 4.832 words/cycle
Average OFMAP SRAM BW: 17.817 words/cycle
Average IFMAP DRAM BW: 9.602 words/cycle
Average Filter DRAM BW: 8.929 words/cycle
Average OFMAP DRAM BW: 32.000 words/cycle

Running Layer 1298
Total cycles: 925
Compute cycles: 425
Stall cycles: 0
Overall utilization: 7.00%
Mapping efficiency: 12.50%
Average IFMAP SRAM BW: 2.240 words/cycle
Average Filter SRAM BW: 0.602 words/cycle
Average OFMAP SRAM BW: 17.920 words/cycle
Average IFMAP DRAM BW: 1.810 words/cycle
Average Filter DRAM BW: 0.973 words/cycle
Average OFMAP DRAM BW: 32.000 words/cycle

Running Layer 1299
Total cycles: 1589
Compute cycles: 851
Stall cycles: 0
Overall utilization: 6.99%
Mapping efficiency: 12.50%
Average IFMAP SRAM BW: 2.237 words/cycle
Average Filter SRAM BW: 0.602 words/cycle
Average OFMAP SRAM BW: 17.899 words/cycle
Average IFMAP DRAM BW: 1.810 words/cycle
Average Filter DRAM BW: 1.947 words/cycle
Average OFMAP DRAM BW: 32.000 words/cycle

Running Layer 1300
Total cycles: 925
Compute cycles: 425
Stall cycles: 0
Overall utilization: 14.00%
Mapping efficiency: 25.00%
Average IFMAP SRAM BW: 4.480 words/cycle
Average Filter SRAM BW: 1.205 words/cycle
Average OFMAP SRAM BW: 17.920 words/cycle
Average IFMAP DRAM BW: 3.620 words/cycle
Average Filter DRAM BW: 1.947 words/cycle
Average OFMAP DRAM BW: 32.000 words/cycle

Running Layer 1301
Total cycles: 1589
Compute cycles: 851
Stall cycles: 0
Overall utilization: 13.98%
Mapping efficiency: 25.00%
Average IFMAP SRAM BW: 4.475 words/cycle
Average Filter SRAM BW: 1.203 words/cycle
Average OFMAP SRAM BW: 17.899 words/cycle
Average IFMAP DRAM BW: 3.620 words/cycle
Average Filter DRAM BW: 3.894 words/cycle
Average OFMAP DRAM BW: 32.000 words/cycle

Running Layer 1302
Total cycles: 925
Compute cycles: 425
Stall cycles: 0
Overall utilization: 28.00%
Mapping efficiency: 50.00%
Average IFMAP SRAM BW: 8.960 words/cycle
Average Filter SRAM BW: 2.409 words/cycle
Average OFMAP SRAM BW: 17.920 words/cycle
Average IFMAP DRAM BW: 7.240 words/cycle
Average Filter DRAM BW: 3.894 words/cycle
Average OFMAP DRAM BW: 32.000 words/cycle

Running Layer 1303
Total cycles: 1589
Compute cycles: 851
Stall cycles: 0
Overall utilization: 27.97%
Mapping efficiency: 50.00%
Average IFMAP SRAM BW: 8.949 words/cycle
Average Filter SRAM BW: 2.407 words/cycle
Average OFMAP SRAM BW: 17.899 words/cycle
Average IFMAP DRAM BW: 7.240 words/cycle
Average Filter DRAM BW: 7.787 words/cycle
Average OFMAP DRAM BW: 32.000 words/cycle

Running Layer 1304
Total cycles: 1187
Compute cycles: 425
Stall cycles: 0
Overall utilization: 56.00%
Mapping efficiency: 100.00%
Average IFMAP SRAM BW: 17.920 words/cycle
Average Filter SRAM BW: 4.819 words/cycle
Average OFMAP SRAM BW: 17.920 words/cycle
Average IFMAP DRAM BW: 7.253 words/cycle
Average Filter DRAM BW: 7.787 words/cycle
Average OFMAP DRAM BW: 32.000 words/cycle

Running Layer 1305
Total cycles: 1851
Compute cycles: 851
Stall cycles: 0
Overall utilization: 55.93%
Mapping efficiency: 100.00%
Average IFMAP SRAM BW: 17.899 words/cycle
Average Filter SRAM BW: 4.813 words/cycle
Average OFMAP SRAM BW: 17.899 words/cycle
Average IFMAP DRAM BW: 7.253 words/cycle
Average Filter DRAM BW: 7.802 words/cycle
Average OFMAP DRAM BW: 32.000 words/cycle

Running Layer 1306
Total cycles: 2113
Compute cycles: 851
Stall cycles: 0
Overall utilization: 55.93%
Mapping efficiency: 100.00%
Average IFMAP SRAM BW: 17.899 words/cycle
Average Filter SRAM BW: 4.813 words/cycle
Average OFMAP SRAM BW: 17.899 words/cycle
Average IFMAP DRAM BW: 9.677 words/cycle
Average Filter DRAM BW: 7.802 words/cycle
Average OFMAP DRAM BW: 32.000 words/cycle

Running Layer 1307
Total cycles: 3703
Compute cycles: 1703
Stall cycles: 0
Overall utilization: 55.90%
Mapping efficiency: 100.00%
Average IFMAP SRAM BW: 17.888 words/cycle
Average Filter SRAM BW: 4.810 words/cycle
Average OFMAP SRAM BW: 17.888 words/cycle
Average IFMAP DRAM BW: 9.677 words/cycle
Average Filter DRAM BW: 7.809 words/cycle
Average OFMAP DRAM BW: 32.000 words/cycle

Running Layer 1308
Total cycles: 7145
Compute cycles: 3407
Stall cycles: 0
Overall utilization: 55.88%
Mapping efficiency: 100.00%
Average IFMAP SRAM BW: 17.883 words/cycle
Average Filter SRAM BW: 4.809 words/cycle
Average OFMAP SRAM BW: 17.883 words/cycle
Average IFMAP DRAM BW: 9.683 words/cycle
Average Filter DRAM BW: 8.929 words/cycle
Average OFMAP DRAM BW: 32.000 words/cycle

Running Layer 1309
Total cycles: 929
Compute cycles: 427
Stall cycles: 0
Overall utilization: 7.03%
Mapping efficiency: 12.50%
Average IFMAP SRAM BW: 2.248 words/cycle
Average Filter SRAM BW: 0.600 words/cycle
Average OFMAP SRAM BW: 17.986 words/cycle
Average IFMAP DRAM BW: 1.825 words/cycle
Average Filter DRAM BW: 0.973 words/cycle
Average OFMAP DRAM BW: 32.000 words/cycle

Running Layer 1310
Total cycles: 1597
Compute cycles: 855
Stall cycles: 0
Overall utilization: 7.02%
Mapping efficiency: 12.50%
Average IFMAP SRAM BW: 2.246 words/cycle
Average Filter SRAM BW: 0.599 words/cycle
Average OFMAP SRAM BW: 17.965 words/cycle
Average IFMAP DRAM BW: 1.825 words/cycle
Average Filter DRAM BW: 1.947 words/cycle
Average OFMAP DRAM BW: 32.000 words/cycle

Running Layer 1311
Total cycles: 929
Compute cycles: 427
Stall cycles: 0
Overall utilization: 14.05%
Mapping efficiency: 25.00%
Average IFMAP SRAM BW: 4.496 words/cycle
Average Filter SRAM BW: 1.199 words/cycle
Average OFMAP SRAM BW: 17.986 words/cycle
Average IFMAP DRAM BW: 3.650 words/cycle
Average Filter DRAM BW: 1.947 words/cycle
Average OFMAP DRAM BW: 32.000 words/cycle

Running Layer 1312
Total cycles: 1597
Compute cycles: 855
Stall cycles: 0
Overall utilization: 14.04%
Mapping efficiency: 25.00%
Average IFMAP SRAM BW: 4.491 words/cycle
Average Filter SRAM BW: 1.198 words/cycle
Average OFMAP SRAM BW: 17.965 words/cycle
Average IFMAP DRAM BW: 3.650 words/cycle
Average Filter DRAM BW: 3.894 words/cycle
Average OFMAP DRAM BW: 32.000 words/cycle

Running Layer 1313
Total cycles: 929
Compute cycles: 427
Stall cycles: 0
Overall utilization: 28.10%
Mapping efficiency: 50.00%
Average IFMAP SRAM BW: 8.993 words/cycle
Average Filter SRAM BW: 2.398 words/cycle
Average OFMAP SRAM BW: 17.986 words/cycle
Average IFMAP DRAM BW: 7.300 words/cycle
Average Filter DRAM BW: 3.894 words/cycle
Average OFMAP DRAM BW: 32.000 words/cycle

Running Layer 1314
Total cycles: 1597
Compute cycles: 855
Stall cycles: 0
Overall utilization: 28.07%
Mapping efficiency: 50.00%
Average IFMAP SRAM BW: 8.982 words/cycle
Average Filter SRAM BW: 2.395 words/cycle
Average OFMAP SRAM BW: 17.965 words/cycle
Average IFMAP DRAM BW: 7.300 words/cycle
Average Filter DRAM BW: 7.787 words/cycle
Average OFMAP DRAM BW: 32.000 words/cycle

Running Layer 1315
Total cycles: 1191
Compute cycles: 427
Stall cycles: 0
Overall utilization: 56.21%
Mapping efficiency: 100.00%
Average IFMAP SRAM BW: 17.986 words/cycle
Average Filter SRAM BW: 4.796 words/cycle
Average OFMAP SRAM BW: 17.986 words/cycle
Average IFMAP DRAM BW: 7.314 words/cycle
Average Filter DRAM BW: 7.787 words/cycle
Average OFMAP DRAM BW: 32.000 words/cycle

Running Layer 1316
Total cycles: 1859
Compute cycles: 855
Stall cycles: 0
Overall utilization: 56.14%
Mapping efficiency: 100.00%
Average IFMAP SRAM BW: 17.965 words/cycle
Average Filter SRAM BW: 4.791 words/cycle
Average OFMAP SRAM BW: 17.965 words/cycle
Average IFMAP DRAM BW: 7.314 words/cycle
Average Filter DRAM BW: 7.802 words/cycle
Average OFMAP DRAM BW: 32.000 words/cycle

Running Layer 1317
Total cycles: 2121
Compute cycles: 855
Stall cycles: 0
Overall utilization: 56.14%
Mapping efficiency: 100.00%
Average IFMAP SRAM BW: 17.965 words/cycle
Average Filter SRAM BW: 4.791 words/cycle
Average OFMAP SRAM BW: 17.965 words/cycle
Average IFMAP DRAM BW: 9.759 words/cycle
Average Filter DRAM BW: 7.802 words/cycle
Average OFMAP DRAM BW: 32.000 words/cycle

Running Layer 1318
Total cycles: 3719
Compute cycles: 1711
Stall cycles: 0
Overall utilization: 56.11%
Mapping efficiency: 100.00%
Average IFMAP SRAM BW: 17.954 words/cycle
Average Filter SRAM BW: 4.788 words/cycle
Average OFMAP SRAM BW: 17.954 words/cycle
Average IFMAP DRAM BW: 9.759 words/cycle
Average Filter DRAM BW: 7.809 words/cycle
Average OFMAP DRAM BW: 32.000 words/cycle

Running Layer 1319
Total cycles: 7177
Compute cycles: 3423
Stall cycles: 0
Overall utilization: 56.09%
Mapping efficiency: 100.00%
Average IFMAP SRAM BW: 17.949 words/cycle
Average Filter SRAM BW: 4.786 words/cycle
Average OFMAP SRAM BW: 17.949 words/cycle
Average IFMAP DRAM BW: 9.765 words/cycle
Average Filter DRAM BW: 8.929 words/cycle
Average OFMAP DRAM BW: 32.000 words/cycle

Running Layer 1320
Total cycles: 933
Compute cycles: 429
Stall cycles: 0
Overall utilization: 7.05%
Mapping efficiency: 12.50%
Average IFMAP SRAM BW: 2.256 words/cycle
Average Filter SRAM BW: 0.597 words/cycle
Average OFMAP SRAM BW: 18.051 words/cycle
Average IFMAP DRAM BW: 1.840 words/cycle
Average Filter DRAM BW: 0.973 words/cycle
Average OFMAP DRAM BW: 32.000 words/cycle

Running Layer 1321
Total cycles: 1605
Compute cycles: 859
Stall cycles: 0
Overall utilization: 7.04%
Mapping efficiency: 12.50%
Average IFMAP SRAM BW: 2.254 words/cycle
Average Filter SRAM BW: 0.596 words/cycle
Average OFMAP SRAM BW: 18.030 words/cycle
Average IFMAP DRAM BW: 1.840 words/cycle
Average Filter DRAM BW: 1.947 words/cycle
Average OFMAP DRAM BW: 32.000 words/cycle

Running Layer 1322
Total cycles: 933
Compute cycles: 429
Stall cycles: 0
Overall utilization: 14.10%
Mapping efficiency: 25.00%
Average IFMAP SRAM BW: 4.513 words/cycle
Average Filter SRAM BW: 1.193 words/cycle
Average OFMAP SRAM BW: 18.051 words/cycle
Average IFMAP DRAM BW: 3.681 words/cycle
Average Filter DRAM BW: 1.947 words/cycle
Average OFMAP DRAM BW: 32.000 words/cycle

Running Layer 1323
Total cycles: 1605
Compute cycles: 859
Stall cycles: 0
Overall utilization: 14.09%
Mapping efficiency: 25.00%
Average IFMAP SRAM BW: 4.508 words/cycle
Average Filter SRAM BW: 1.192 words/cycle
Average OFMAP SRAM BW: 18.030 words/cycle
Average IFMAP DRAM BW: 3.681 words/cycle
Average Filter DRAM BW: 3.894 words/cycle
Average OFMAP DRAM BW: 32.000 words/cycle

Running Layer 1324
Total cycles: 933
Compute cycles: 429
Stall cycles: 0
Overall utilization: 28.21%
Mapping efficiency: 50.00%
Average IFMAP SRAM BW: 9.026 words/cycle
Average Filter SRAM BW: 2.387 words/cycle
Average OFMAP SRAM BW: 18.051 words/cycle
Average IFMAP DRAM BW: 7.361 words/cycle
Average Filter DRAM BW: 3.894 words/cycle
Average OFMAP DRAM BW: 32.000 words/cycle

Running Layer 1325
Total cycles: 1605
Compute cycles: 859
Stall cycles: 0
Overall utilization: 28.17%
Mapping efficiency: 50.00%
Average IFMAP SRAM BW: 9.015 words/cycle
Average Filter SRAM BW: 2.384 words/cycle
Average OFMAP SRAM BW: 18.030 words/cycle
Average IFMAP DRAM BW: 7.361 words/cycle
Average Filter DRAM BW: 7.787 words/cycle
Average OFMAP DRAM BW: 32.000 words/cycle

Running Layer 1326
Total cycles: 1195
Compute cycles: 429
Stall cycles: 0
Overall utilization: 56.41%
Mapping efficiency: 100.00%
Average IFMAP SRAM BW: 18.051 words/cycle
Average Filter SRAM BW: 4.774 words/cycle
Average OFMAP SRAM BW: 18.051 words/cycle
Average IFMAP DRAM BW: 7.375 words/cycle
Average Filter DRAM BW: 7.787 words/cycle
Average OFMAP DRAM BW: 32.000 words/cycle

Running Layer 1327
Total cycles: 1867
Compute cycles: 859
Stall cycles: 0
Overall utilization: 56.34%
Mapping efficiency: 100.00%
Average IFMAP SRAM BW: 18.030 words/cycle
Average Filter SRAM BW: 4.768 words/cycle
Average OFMAP SRAM BW: 18.030 words/cycle
Average IFMAP DRAM BW: 7.375 words/cycle
Average Filter DRAM BW: 7.802 words/cycle
Average OFMAP DRAM BW: 32.000 words/cycle

Running Layer 1328
Total cycles: 2129
Compute cycles: 859
Stall cycles: 0
Overall utilization: 56.34%
Mapping efficiency: 100.00%
Average IFMAP SRAM BW: 18.030 words/cycle
Average Filter SRAM BW: 4.768 words/cycle
Average OFMAP SRAM BW: 18.030 words/cycle
Average IFMAP DRAM BW: 9.840 words/cycle
Average Filter DRAM BW: 7.802 words/cycle
Average OFMAP DRAM BW: 32.000 words/cycle

Running Layer 1329
Total cycles: 3735
Compute cycles: 1719
Stall cycles: 0
Overall utilization: 56.31%
Mapping efficiency: 100.00%
Average IFMAP SRAM BW: 18.020 words/cycle
Average Filter SRAM BW: 4.766 words/cycle
Average OFMAP SRAM BW: 18.020 words/cycle
Average IFMAP DRAM BW: 9.840 words/cycle
Average Filter DRAM BW: 7.809 words/cycle
Average OFMAP DRAM BW: 32.000 words/cycle

Running Layer 1330
Total cycles: 7209
Compute cycles: 3439
Stall cycles: 0
Overall utilization: 56.30%
Mapping efficiency: 100.00%
Average IFMAP SRAM BW: 18.015 words/cycle
Average Filter SRAM BW: 4.764 words/cycle
Average OFMAP SRAM BW: 18.015 words/cycle
Average IFMAP DRAM BW: 9.846 words/cycle
Average Filter DRAM BW: 8.929 words/cycle
Average OFMAP DRAM BW: 32.000 words/cycle

Running Layer 1331
Total cycles: 937
Compute cycles: 431
Stall cycles: 0
Overall utilization: 7.08%
Mapping efficiency: 12.50%
Average IFMAP SRAM BW: 2.265 words/cycle
Average Filter SRAM BW: 0.594 words/cycle
Average OFMAP SRAM BW: 18.116 words/cycle
Average IFMAP DRAM BW: 1.856 words/cycle
Average Filter DRAM BW: 0.973 words/cycle
Average OFMAP DRAM BW: 32.000 words/cycle

Running Layer 1332
Total cycles: 1613
Compute cycles: 863
Stall cycles: 0
Overall utilization: 7.07%
Mapping efficiency: 12.50%
Average IFMAP SRAM BW: 2.262 words/cycle
Average Filter SRAM BW: 0.593 words/cycle
Average OFMAP SRAM BW: 18.095 words/cycle
Average IFMAP DRAM BW: 1.856 words/cycle
Average Filter DRAM BW: 1.947 words/cycle
Average OFMAP DRAM BW: 32.000 words/cycle

Running Layer 1333
Total cycles: 937
Compute cycles: 431
Stall cycles: 0
Overall utilization: 14.15%
Mapping efficiency: 25.00%
Average IFMAP SRAM BW: 4.529 words/cycle
Average Filter SRAM BW: 1.188 words/cycle
Average OFMAP SRAM BW: 18.116 words/cycle
Average IFMAP DRAM BW: 3.711 words/cycle
Average Filter DRAM BW: 1.947 words/cycle
Average OFMAP DRAM BW: 32.000 words/cycle

Running Layer 1334
Total cycles: 1613
Compute cycles: 863
Stall cycles: 0
Overall utilization: 14.14%
Mapping efficiency: 25.00%
Average IFMAP SRAM BW: 4.524 words/cycle
Average Filter SRAM BW: 1.187 words/cycle
Average OFMAP SRAM BW: 18.095 words/cycle
Average IFMAP DRAM BW: 3.711 words/cycle
Average Filter DRAM BW: 3.894 words/cycle
Average OFMAP DRAM BW: 32.000 words/cycle

Running Layer 1335
Total cycles: 937
Compute cycles: 431
Stall cycles: 0
Overall utilization: 28.31%
Mapping efficiency: 50.00%
Average IFMAP SRAM BW: 9.058 words/cycle
Average Filter SRAM BW: 2.376 words/cycle
Average OFMAP SRAM BW: 18.116 words/cycle
Average IFMAP DRAM BW: 7.422 words/cycle
Average Filter DRAM BW: 3.894 words/cycle
Average OFMAP DRAM BW: 32.000 words/cycle

Running Layer 1336
Total cycles: 1613
Compute cycles: 863
Stall cycles: 0
Overall utilization: 28.27%
Mapping efficiency: 50.00%
Average IFMAP SRAM BW: 9.048 words/cycle
Average Filter SRAM BW: 2.373 words/cycle
Average OFMAP SRAM BW: 18.095 words/cycle
Average IFMAP DRAM BW: 7.422 words/cycle
Average Filter DRAM BW: 7.787 words/cycle
Average OFMAP DRAM BW: 32.000 words/cycle

Running Layer 1337
Total cycles: 1199
Compute cycles: 431
Stall cycles: 0
Overall utilization: 56.61%
Mapping efficiency: 100.00%
Average IFMAP SRAM BW: 18.116 words/cycle
Average Filter SRAM BW: 4.752 words/cycle
Average OFMAP SRAM BW: 18.116 words/cycle
Average IFMAP DRAM BW: 7.436 words/cycle
Average Filter DRAM BW: 7.787 words/cycle
Average OFMAP DRAM BW: 32.000 words/cycle

Running Layer 1338
Total cycles: 1875
Compute cycles: 863
Stall cycles: 0
Overall utilization: 56.55%
Mapping efficiency: 100.00%
Average IFMAP SRAM BW: 18.095 words/cycle
Average Filter SRAM BW: 4.746 words/cycle
Average OFMAP SRAM BW: 18.095 words/cycle
Average IFMAP DRAM BW: 7.436 words/cycle
Average Filter DRAM BW: 7.802 words/cycle
Average OFMAP DRAM BW: 32.000 words/cycle

Running Layer 1339
Total cycles: 2137
Compute cycles: 863
Stall cycles: 0
Overall utilization: 56.55%
Mapping efficiency: 100.00%
Average IFMAP SRAM BW: 18.095 words/cycle
Average Filter SRAM BW: 4.746 words/cycle
Average OFMAP SRAM BW: 18.095 words/cycle
Average IFMAP DRAM BW: 9.921 words/cycle
Average Filter DRAM BW: 7.802 words/cycle
Average OFMAP DRAM BW: 32.000 words/cycle

Running Layer 1340
Total cycles: 3751
Compute cycles: 1727
Stall cycles: 0
Overall utilization: 56.51%
Mapping efficiency: 100.00%
Average IFMAP SRAM BW: 18.085 words/cycle
Average Filter SRAM BW: 4.743 words/cycle
Average OFMAP SRAM BW: 18.085 words/cycle
Average IFMAP DRAM BW: 9.921 words/cycle
Average Filter DRAM BW: 7.809 words/cycle
Average OFMAP DRAM BW: 32.000 words/cycle

Running Layer 1341
Total cycles: 7241
Compute cycles: 3455
Stall cycles: 0
Overall utilization: 56.50%
Mapping efficiency: 100.00%
Average IFMAP SRAM BW: 18.079 words/cycle
Average Filter SRAM BW: 4.742 words/cycle
Average OFMAP SRAM BW: 18.079 words/cycle
Average IFMAP DRAM BW: 9.928 words/cycle
Average Filter DRAM BW: 8.929 words/cycle
Average OFMAP DRAM BW: 32.000 words/cycle

Running Layer 1342
Total cycles: 941
Compute cycles: 433
Stall cycles: 0
Overall utilization: 7.10%
Mapping efficiency: 12.50%
Average IFMAP SRAM BW: 2.273 words/cycle
Average Filter SRAM BW: 0.591 words/cycle
Average OFMAP SRAM BW: 18.180 words/cycle
Average IFMAP DRAM BW: 1.871 words/cycle
Average Filter DRAM BW: 0.973 words/cycle
Average OFMAP DRAM BW: 32.000 words/cycle

Running Layer 1343
Total cycles: 1621
Compute cycles: 867
Stall cycles: 0
Overall utilization: 7.09%
Mapping efficiency: 12.50%
Average IFMAP SRAM BW: 2.270 words/cycle
Average Filter SRAM BW: 0.591 words/cycle
Average OFMAP SRAM BW: 18.159 words/cycle
Average IFMAP DRAM BW: 1.871 words/cycle
Average Filter DRAM BW: 1.947 words/cycle
Average OFMAP DRAM BW: 32.000 words/cycle

Running Layer 1344
Total cycles: 941
Compute cycles: 433
Stall cycles: 0
Overall utilization: 14.20%
Mapping efficiency: 25.00%
Average IFMAP SRAM BW: 4.545 words/cycle
Average Filter SRAM BW: 1.182 words/cycle
Average OFMAP SRAM BW: 18.180 words/cycle
Average IFMAP DRAM BW: 3.741 words/cycle
Average Filter DRAM BW: 1.947 words/cycle
Average OFMAP DRAM BW: 32.000 words/cycle

Running Layer 1345
Total cycles: 1621
Compute cycles: 867
Stall cycles: 0
Overall utilization: 14.19%
Mapping efficiency: 25.00%
Average IFMAP SRAM BW: 4.540 words/cycle
Average Filter SRAM BW: 1.181 words/cycle
Average OFMAP SRAM BW: 18.159 words/cycle
Average IFMAP DRAM BW: 3.741 words/cycle
Average Filter DRAM BW: 3.894 words/cycle
Average OFMAP DRAM BW: 32.000 words/cycle

Running Layer 1346
Total cycles: 941
Compute cycles: 433
Stall cycles: 0
Overall utilization: 28.41%
Mapping efficiency: 50.00%
Average IFMAP SRAM BW: 9.090 words/cycle
Average Filter SRAM BW: 2.365 words/cycle
Average OFMAP SRAM BW: 18.180 words/cycle
Average IFMAP DRAM BW: 7.483 words/cycle
Average Filter DRAM BW: 3.894 words/cycle
Average OFMAP DRAM BW: 32.000 words/cycle

Running Layer 1347
Total cycles: 1621
Compute cycles: 867
Stall cycles: 0
Overall utilization: 28.37%
Mapping efficiency: 50.00%
Average IFMAP SRAM BW: 9.080 words/cycle
Average Filter SRAM BW: 2.362 words/cycle
Average OFMAP SRAM BW: 18.159 words/cycle
Average IFMAP DRAM BW: 7.483 words/cycle
Average Filter DRAM BW: 7.787 words/cycle
Average OFMAP DRAM BW: 32.000 words/cycle

Running Layer 1348
Total cycles: 1203
Compute cycles: 433
Stall cycles: 0
Overall utilization: 56.81%
Mapping efficiency: 100.00%
Average IFMAP SRAM BW: 18.180 words/cycle
Average Filter SRAM BW: 4.730 words/cycle
Average OFMAP SRAM BW: 18.180 words/cycle
Average IFMAP DRAM BW: 7.497 words/cycle
Average Filter DRAM BW: 7.787 words/cycle
Average OFMAP DRAM BW: 32.000 words/cycle

Running Layer 1349
Total cycles: 1883
Compute cycles: 867
Stall cycles: 0
Overall utilization: 56.75%
Mapping efficiency: 100.00%
Average IFMAP SRAM BW: 18.159 words/cycle
Average Filter SRAM BW: 4.724 words/cycle
Average OFMAP SRAM BW: 18.159 words/cycle
Average IFMAP DRAM BW: 7.497 words/cycle
Average Filter DRAM BW: 7.802 words/cycle
Average OFMAP DRAM BW: 32.000 words/cycle

Running Layer 1350
Total cycles: 2407
Compute cycles: 867
Stall cycles: 0
Overall utilization: 56.75%
Mapping efficiency: 100.00%
Average IFMAP SRAM BW: 18.159 words/cycle
Average Filter SRAM BW: 4.724 words/cycle
Average OFMAP SRAM BW: 18.159 words/cycle
Average IFMAP DRAM BW: 7.504 words/cycle
Average Filter DRAM BW: 7.802 words/cycle
Average OFMAP DRAM BW: 32.000 words/cycle

Running Layer 1351
Total cycles: 3767
Compute cycles: 1735
Stall cycles: 0
Overall utilization: 56.71%
Mapping efficiency: 100.00%
Average IFMAP SRAM BW: 18.149 words/cycle
Average Filter SRAM BW: 4.722 words/cycle
Average OFMAP SRAM BW: 18.149 words/cycle
Average IFMAP DRAM BW: 7.504 words/cycle
Average Filter DRAM BW: 7.809 words/cycle
Average OFMAP DRAM BW: 32.000 words/cycle

Running Layer 1352
Total cycles: 7273
Compute cycles: 3471
Stall cycles: 0
Overall utilization: 56.70%
Mapping efficiency: 100.00%
Average IFMAP SRAM BW: 18.143 words/cycle
Average Filter SRAM BW: 4.720 words/cycle
Average OFMAP SRAM BW: 18.143 words/cycle
Average IFMAP DRAM BW: 8.580 words/cycle
Average Filter DRAM BW: 8.929 words/cycle
Average OFMAP DRAM BW: 32.000 words/cycle

Running Layer 1353
Total cycles: 945
Compute cycles: 435
Stall cycles: 0
Overall utilization: 7.13%
Mapping efficiency: 12.50%
Average IFMAP SRAM BW: 2.280 words/cycle
Average Filter SRAM BW: 0.589 words/cycle
Average OFMAP SRAM BW: 18.244 words/cycle
Average IFMAP DRAM BW: 1.886 words/cycle
Average Filter DRAM BW: 0.973 words/cycle
Average OFMAP DRAM BW: 32.000 words/cycle

Running Layer 1354
Total cycles: 1629
Compute cycles: 871
Stall cycles: 0
Overall utilization: 7.12%
Mapping efficiency: 12.50%
Average IFMAP SRAM BW: 2.278 words/cycle
Average Filter SRAM BW: 0.588 words/cycle
Average OFMAP SRAM BW: 18.223 words/cycle
Average IFMAP DRAM BW: 1.886 words/cycle
Average Filter DRAM BW: 1.947 words/cycle
Average OFMAP DRAM BW: 32.000 words/cycle

Running Layer 1355
Total cycles: 945
Compute cycles: 435
Stall cycles: 0
Overall utilization: 14.25%
Mapping efficiency: 25.00%
Average IFMAP SRAM BW: 4.561 words/cycle
Average Filter SRAM BW: 1.177 words/cycle
Average OFMAP SRAM BW: 18.244 words/cycle
Average IFMAP DRAM BW: 3.772 words/cycle
Average Filter DRAM BW: 1.947 words/cycle
Average OFMAP DRAM BW: 32.000 words/cycle

Running Layer 1356
Total cycles: 1629
Compute cycles: 871
Stall cycles: 0
Overall utilization: 14.24%
Mapping efficiency: 25.00%
Average IFMAP SRAM BW: 4.556 words/cycle
Average Filter SRAM BW: 1.176 words/cycle
Average OFMAP SRAM BW: 18.223 words/cycle
Average IFMAP DRAM BW: 3.772 words/cycle
Average Filter DRAM BW: 3.894 words/cycle
Average OFMAP DRAM BW: 32.000 words/cycle

Running Layer 1357
Total cycles: 945
Compute cycles: 435
Stall cycles: 0
Overall utilization: 28.51%
Mapping efficiency: 50.00%
Average IFMAP SRAM BW: 9.122 words/cycle
Average Filter SRAM BW: 2.354 words/cycle
Average OFMAP SRAM BW: 18.244 words/cycle
Average IFMAP DRAM BW: 7.544 words/cycle
Average Filter DRAM BW: 3.894 words/cycle
Average OFMAP DRAM BW: 32.000 words/cycle

Running Layer 1358
Total cycles: 1629
Compute cycles: 871
Stall cycles: 0
Overall utilization: 28.47%
Mapping efficiency: 50.00%
Average IFMAP SRAM BW: 9.111 words/cycle
Average Filter SRAM BW: 2.351 words/cycle
Average OFMAP SRAM BW: 18.223 words/cycle
Average IFMAP DRAM BW: 7.544 words/cycle
Average Filter DRAM BW: 7.787 words/cycle
Average OFMAP DRAM BW: 32.000 words/cycle

Running Layer 1359
Total cycles: 1207
Compute cycles: 435
Stall cycles: 0
Overall utilization: 57.01%
Mapping efficiency: 100.00%
Average IFMAP SRAM BW: 18.244 words/cycle
Average Filter SRAM BW: 4.708 words/cycle
Average OFMAP SRAM BW: 18.244 words/cycle
Average IFMAP DRAM BW: 7.558 words/cycle
Average Filter DRAM BW: 7.787 words/cycle
Average OFMAP DRAM BW: 32.000 words/cycle

Running Layer 1360
Total cycles: 1891
Compute cycles: 871
Stall cycles: 0
Overall utilization: 56.95%
Mapping efficiency: 100.00%
Average IFMAP SRAM BW: 18.223 words/cycle
Average Filter SRAM BW: 4.703 words/cycle
Average OFMAP SRAM BW: 18.223 words/cycle
Average IFMAP DRAM BW: 7.558 words/cycle
Average Filter DRAM BW: 7.802 words/cycle
Average OFMAP DRAM BW: 32.000 words/cycle

Running Layer 1361
Total cycles: 2415
Compute cycles: 871
Stall cycles: 0
Overall utilization: 56.95%
Mapping efficiency: 100.00%
Average IFMAP SRAM BW: 18.223 words/cycle
Average Filter SRAM BW: 4.703 words/cycle
Average OFMAP SRAM BW: 18.223 words/cycle
Average IFMAP DRAM BW: 7.565 words/cycle
Average Filter DRAM BW: 7.802 words/cycle
Average OFMAP DRAM BW: 32.000 words/cycle

Running Layer 1362
Total cycles: 3783
Compute cycles: 1743
Stall cycles: 0
Overall utilization: 56.91%
Mapping efficiency: 100.00%
Average IFMAP SRAM BW: 18.212 words/cycle
Average Filter SRAM BW: 4.700 words/cycle
Average OFMAP SRAM BW: 18.212 words/cycle
Average IFMAP DRAM BW: 7.565 words/cycle
Average Filter DRAM BW: 7.809 words/cycle
Average OFMAP DRAM BW: 32.000 words/cycle

Running Layer 1363
Total cycles: 7305
Compute cycles: 3487
Stall cycles: 0
Overall utilization: 56.90%
Mapping efficiency: 100.00%
Average IFMAP SRAM BW: 18.207 words/cycle
Average Filter SRAM BW: 4.699 words/cycle
Average OFMAP SRAM BW: 18.207 words/cycle
Average IFMAP DRAM BW: 8.650 words/cycle
Average Filter DRAM BW: 8.929 words/cycle
Average OFMAP DRAM BW: 32.000 words/cycle

Running Layer 1364
Total cycles: 949
Compute cycles: 437
Stall cycles: 0
Overall utilization: 7.15%
Mapping efficiency: 12.50%
Average IFMAP SRAM BW: 2.288 words/cycle
Average Filter SRAM BW: 0.586 words/cycle
Average OFMAP SRAM BW: 18.307 words/cycle
Average IFMAP DRAM BW: 1.901 words/cycle
Average Filter DRAM BW: 0.973 words/cycle
Average OFMAP DRAM BW: 32.000 words/cycle

Running Layer 1365
Total cycles: 1637
Compute cycles: 875
Stall cycles: 0
Overall utilization: 7.14%
Mapping efficiency: 12.50%
Average IFMAP SRAM BW: 2.286 words/cycle
Average Filter SRAM BW: 0.585 words/cycle
Average OFMAP SRAM BW: 18.286 words/cycle
Average IFMAP DRAM BW: 1.901 words/cycle
Average Filter DRAM BW: 1.947 words/cycle
Average OFMAP DRAM BW: 32.000 words/cycle

Running Layer 1366
Total cycles: 949
Compute cycles: 437
Stall cycles: 0
Overall utilization: 14.30%
Mapping efficiency: 25.00%
Average IFMAP SRAM BW: 4.577 words/cycle
Average Filter SRAM BW: 1.172 words/cycle
Average OFMAP SRAM BW: 18.307 words/cycle
Average IFMAP DRAM BW: 3.802 words/cycle
Average Filter DRAM BW: 1.947 words/cycle
Average OFMAP DRAM BW: 32.000 words/cycle

Running Layer 1367
Total cycles: 1637
Compute cycles: 875
Stall cycles: 0
Overall utilization: 14.29%
Mapping efficiency: 25.00%
Average IFMAP SRAM BW: 4.571 words/cycle
Average Filter SRAM BW: 1.170 words/cycle
Average OFMAP SRAM BW: 18.286 words/cycle
Average IFMAP DRAM BW: 3.802 words/cycle
Average Filter DRAM BW: 3.894 words/cycle
Average OFMAP DRAM BW: 32.000 words/cycle

Running Layer 1368
Total cycles: 949
Compute cycles: 437
Stall cycles: 0
Overall utilization: 28.60%
Mapping efficiency: 50.00%
Average IFMAP SRAM BW: 9.153 words/cycle
Average Filter SRAM BW: 2.343 words/cycle
Average OFMAP SRAM BW: 18.307 words/cycle
Average IFMAP DRAM BW: 7.605 words/cycle
Average Filter DRAM BW: 3.894 words/cycle
Average OFMAP DRAM BW: 32.000 words/cycle

Running Layer 1369
Total cycles: 1637
Compute cycles: 875
Stall cycles: 0
Overall utilization: 28.57%
Mapping efficiency: 50.00%
Average IFMAP SRAM BW: 9.143 words/cycle
Average Filter SRAM BW: 2.341 words/cycle
Average OFMAP SRAM BW: 18.286 words/cycle
Average IFMAP DRAM BW: 7.605 words/cycle
Average Filter DRAM BW: 7.787 words/cycle
Average OFMAP DRAM BW: 32.000 words/cycle

Running Layer 1370
Total cycles: 1211
Compute cycles: 437
Stall cycles: 0
Overall utilization: 57.21%
Mapping efficiency: 100.00%
Average IFMAP SRAM BW: 18.307 words/cycle
Average Filter SRAM BW: 4.686 words/cycle
Average OFMAP SRAM BW: 18.307 words/cycle
Average IFMAP DRAM BW: 7.619 words/cycle
Average Filter DRAM BW: 7.787 words/cycle
Average OFMAP DRAM BW: 32.000 words/cycle

Running Layer 1371
Total cycles: 1899
Compute cycles: 875
Stall cycles: 0
Overall utilization: 57.14%
Mapping efficiency: 100.00%
Average IFMAP SRAM BW: 18.286 words/cycle
Average Filter SRAM BW: 4.681 words/cycle
Average OFMAP SRAM BW: 18.286 words/cycle
Average IFMAP DRAM BW: 7.619 words/cycle
Average Filter DRAM BW: 7.802 words/cycle
Average OFMAP DRAM BW: 32.000 words/cycle

Running Layer 1372
Total cycles: 2423
Compute cycles: 875
Stall cycles: 0
Overall utilization: 57.14%
Mapping efficiency: 100.00%
Average IFMAP SRAM BW: 18.286 words/cycle
Average Filter SRAM BW: 4.681 words/cycle
Average OFMAP SRAM BW: 18.286 words/cycle
Average IFMAP DRAM BW: 7.626 words/cycle
Average Filter DRAM BW: 7.802 words/cycle
Average OFMAP DRAM BW: 32.000 words/cycle

Running Layer 1373
Total cycles: 3799
Compute cycles: 1751
Stall cycles: 0
Overall utilization: 57.11%
Mapping efficiency: 100.00%
Average IFMAP SRAM BW: 18.275 words/cycle
Average Filter SRAM BW: 4.678 words/cycle
Average OFMAP SRAM BW: 18.275 words/cycle
Average IFMAP DRAM BW: 7.626 words/cycle
Average Filter DRAM BW: 7.809 words/cycle
Average OFMAP DRAM BW: 32.000 words/cycle

Running Layer 1374
Total cycles: 7337
Compute cycles: 3503
Stall cycles: 0
Overall utilization: 57.09%
Mapping efficiency: 100.00%
Average IFMAP SRAM BW: 18.270 words/cycle
Average Filter SRAM BW: 4.677 words/cycle
Average OFMAP SRAM BW: 18.270 words/cycle
Average IFMAP DRAM BW: 8.719 words/cycle
Average Filter DRAM BW: 8.929 words/cycle
Average OFMAP DRAM BW: 32.000 words/cycle

Running Layer 1375
Total cycles: 953
Compute cycles: 439
Stall cycles: 0
Overall utilization: 7.18%
Mapping efficiency: 12.50%
Average IFMAP SRAM BW: 2.296 words/cycle
Average Filter SRAM BW: 0.583 words/cycle
Average OFMAP SRAM BW: 18.369 words/cycle
Average IFMAP DRAM BW: 1.916 words/cycle
Average Filter DRAM BW: 0.973 words/cycle
Average OFMAP DRAM BW: 32.000 words/cycle

Running Layer 1376
Total cycles: 1645
Compute cycles: 879
Stall cycles: 0
Overall utilization: 7.17%
Mapping efficiency: 12.50%
Average IFMAP SRAM BW: 2.294 words/cycle
Average Filter SRAM BW: 0.582 words/cycle
Average OFMAP SRAM BW: 18.348 words/cycle
Average IFMAP DRAM BW: 1.916 words/cycle
Average Filter DRAM BW: 1.947 words/cycle
Average OFMAP DRAM BW: 32.000 words/cycle

Running Layer 1377
Total cycles: 953
Compute cycles: 439
Stall cycles: 0
Overall utilization: 14.35%
Mapping efficiency: 25.00%
Average IFMAP SRAM BW: 4.592 words/cycle
Average Filter SRAM BW: 1.166 words/cycle
Average OFMAP SRAM BW: 18.369 words/cycle
Average IFMAP DRAM BW: 3.833 words/cycle
Average Filter DRAM BW: 1.947 words/cycle
Average OFMAP DRAM BW: 32.000 words/cycle

Running Layer 1378
Total cycles: 1645
Compute cycles: 879
Stall cycles: 0
Overall utilization: 14.33%
Mapping efficiency: 25.00%
Average IFMAP SRAM BW: 4.587 words/cycle
Average Filter SRAM BW: 1.165 words/cycle
Average OFMAP SRAM BW: 18.348 words/cycle
Average IFMAP DRAM BW: 3.833 words/cycle
Average Filter DRAM BW: 3.894 words/cycle
Average OFMAP DRAM BW: 32.000 words/cycle

Running Layer 1379
Total cycles: 953
Compute cycles: 439
Stall cycles: 0
Overall utilization: 28.70%
Mapping efficiency: 50.00%
Average IFMAP SRAM BW: 9.185 words/cycle
Average Filter SRAM BW: 2.333 words/cycle
Average OFMAP SRAM BW: 18.369 words/cycle
Average IFMAP DRAM BW: 7.665 words/cycle
Average Filter DRAM BW: 3.894 words/cycle
Average OFMAP DRAM BW: 32.000 words/cycle

Running Layer 1380
Total cycles: 1645
Compute cycles: 879
Stall cycles: 0
Overall utilization: 28.67%
Mapping efficiency: 50.00%
Average IFMAP SRAM BW: 9.174 words/cycle
Average Filter SRAM BW: 2.330 words/cycle
Average OFMAP SRAM BW: 18.348 words/cycle
Average IFMAP DRAM BW: 7.665 words/cycle
Average Filter DRAM BW: 7.787 words/cycle
Average OFMAP DRAM BW: 32.000 words/cycle

Running Layer 1381
Total cycles: 1215
Compute cycles: 439
Stall cycles: 0
Overall utilization: 57.40%
Mapping efficiency: 100.00%
Average IFMAP SRAM BW: 18.369 words/cycle
Average Filter SRAM BW: 4.665 words/cycle
Average OFMAP SRAM BW: 18.369 words/cycle
Average IFMAP DRAM BW: 7.680 words/cycle
Average Filter DRAM BW: 7.787 words/cycle
Average OFMAP DRAM BW: 32.000 words/cycle

Running Layer 1382
Total cycles: 1907
Compute cycles: 879
Stall cycles: 0
Overall utilization: 57.34%
Mapping efficiency: 100.00%
Average IFMAP SRAM BW: 18.348 words/cycle
Average Filter SRAM BW: 4.660 words/cycle
Average OFMAP SRAM BW: 18.348 words/cycle
Average IFMAP DRAM BW: 7.680 words/cycle
Average Filter DRAM BW: 7.802 words/cycle
Average OFMAP DRAM BW: 32.000 words/cycle

Running Layer 1383
Total cycles: 2431
Compute cycles: 879
Stall cycles: 0
Overall utilization: 57.34%
Mapping efficiency: 100.00%
Average IFMAP SRAM BW: 18.348 words/cycle
Average Filter SRAM BW: 4.660 words/cycle
Average OFMAP SRAM BW: 18.348 words/cycle
Average IFMAP DRAM BW: 7.687 words/cycle
Average Filter DRAM BW: 7.802 words/cycle
Average OFMAP DRAM BW: 32.000 words/cycle

Running Layer 1384
Total cycles: 3815
Compute cycles: 1759
Stall cycles: 0
Overall utilization: 57.31%
Mapping efficiency: 100.00%
Average IFMAP SRAM BW: 18.338 words/cycle
Average Filter SRAM BW: 4.657 words/cycle
Average OFMAP SRAM BW: 18.338 words/cycle
Average IFMAP DRAM BW: 7.687 words/cycle
Average Filter DRAM BW: 7.809 words/cycle
Average OFMAP DRAM BW: 32.000 words/cycle

Running Layer 1385
Total cycles: 7369
Compute cycles: 3519
Stall cycles: 0
Overall utilization: 57.29%
Mapping efficiency: 100.00%
Average IFMAP SRAM BW: 18.332 words/cycle
Average Filter SRAM BW: 4.656 words/cycle
Average OFMAP SRAM BW: 18.332 words/cycle
Average IFMAP DRAM BW: 8.789 words/cycle
Average Filter DRAM BW: 8.929 words/cycle
Average OFMAP DRAM BW: 32.000 words/cycle

Running Layer 1386
Total cycles: 957
Compute cycles: 441
Stall cycles: 0
Overall utilization: 7.20%
Mapping efficiency: 12.50%
Average IFMAP SRAM BW: 2.304 words/cycle
Average Filter SRAM BW: 0.580 words/cycle
Average OFMAP SRAM BW: 18.431 words/cycle
Average IFMAP DRAM BW: 1.932 words/cycle
Average Filter DRAM BW: 0.973 words/cycle
Average OFMAP DRAM BW: 32.000 words/cycle

Running Layer 1387
Total cycles: 1653
Compute cycles: 883
Stall cycles: 0
Overall utilization: 7.19%
Mapping efficiency: 12.50%
Average IFMAP SRAM BW: 2.301 words/cycle
Average Filter SRAM BW: 0.580 words/cycle
Average OFMAP SRAM BW: 18.410 words/cycle
Average IFMAP DRAM BW: 1.932 words/cycle
Average Filter DRAM BW: 1.947 words/cycle
Average OFMAP DRAM BW: 32.000 words/cycle

Running Layer 1388
Total cycles: 957
Compute cycles: 441
Stall cycles: 0
Overall utilization: 14.40%
Mapping efficiency: 25.00%
Average IFMAP SRAM BW: 4.608 words/cycle
Average Filter SRAM BW: 1.161 words/cycle
Average OFMAP SRAM BW: 18.431 words/cycle
Average IFMAP DRAM BW: 3.863 words/cycle
Average Filter DRAM BW: 1.947 words/cycle
Average OFMAP DRAM BW: 32.000 words/cycle

Running Layer 1389
Total cycles: 1653
Compute cycles: 883
Stall cycles: 0
Overall utilization: 14.38%
Mapping efficiency: 25.00%
Average IFMAP SRAM BW: 4.602 words/cycle
Average Filter SRAM BW: 1.160 words/cycle
Average OFMAP SRAM BW: 18.410 words/cycle
Average IFMAP DRAM BW: 3.863 words/cycle
Average Filter DRAM BW: 3.894 words/cycle
Average OFMAP DRAM BW: 32.000 words/cycle

Running Layer 1390
Total cycles: 957
Compute cycles: 441
Stall cycles: 0
Overall utilization: 28.80%
Mapping efficiency: 50.00%
Average IFMAP SRAM BW: 9.215 words/cycle
Average Filter SRAM BW: 2.322 words/cycle
Average OFMAP SRAM BW: 18.431 words/cycle
Average IFMAP DRAM BW: 7.726 words/cycle
Average Filter DRAM BW: 3.894 words/cycle
Average OFMAP DRAM BW: 32.000 words/cycle

Running Layer 1391
Total cycles: 1653
Compute cycles: 883
Stall cycles: 0
Overall utilization: 28.77%
Mapping efficiency: 50.00%
Average IFMAP SRAM BW: 9.205 words/cycle
Average Filter SRAM BW: 2.319 words/cycle
Average OFMAP SRAM BW: 18.410 words/cycle
Average IFMAP DRAM BW: 7.726 words/cycle
Average Filter DRAM BW: 7.787 words/cycle
Average OFMAP DRAM BW: 32.000 words/cycle

Running Layer 1392
Total cycles: 1219
Compute cycles: 441
Stall cycles: 0
Overall utilization: 57.60%
Mapping efficiency: 100.00%
Average IFMAP SRAM BW: 18.431 words/cycle
Average Filter SRAM BW: 4.644 words/cycle
Average OFMAP SRAM BW: 18.431 words/cycle
Average IFMAP DRAM BW: 7.741 words/cycle
Average Filter DRAM BW: 7.787 words/cycle
Average OFMAP DRAM BW: 32.000 words/cycle

Running Layer 1393
Total cycles: 1915
Compute cycles: 883
Stall cycles: 0
Overall utilization: 57.53%
Mapping efficiency: 100.00%
Average IFMAP SRAM BW: 18.410 words/cycle
Average Filter SRAM BW: 4.639 words/cycle
Average OFMAP SRAM BW: 18.410 words/cycle
Average IFMAP DRAM BW: 7.741 words/cycle
Average Filter DRAM BW: 7.802 words/cycle
Average OFMAP DRAM BW: 32.000 words/cycle

Running Layer 1394
Total cycles: 2439
Compute cycles: 883
Stall cycles: 0
Overall utilization: 57.53%
Mapping efficiency: 100.00%
Average IFMAP SRAM BW: 18.410 words/cycle
Average Filter SRAM BW: 4.639 words/cycle
Average OFMAP SRAM BW: 18.410 words/cycle
Average IFMAP DRAM BW: 7.748 words/cycle
Average Filter DRAM BW: 7.802 words/cycle
Average OFMAP DRAM BW: 32.000 words/cycle

Running Layer 1395
Total cycles: 3831
Compute cycles: 1767
Stall cycles: 0
Overall utilization: 57.50%
Mapping efficiency: 100.00%
Average IFMAP SRAM BW: 18.400 words/cycle
Average Filter SRAM BW: 4.636 words/cycle
Average OFMAP SRAM BW: 18.400 words/cycle
Average IFMAP DRAM BW: 7.748 words/cycle
Average Filter DRAM BW: 7.809 words/cycle
Average OFMAP DRAM BW: 32.000 words/cycle

Running Layer 1396
Total cycles: 7401
Compute cycles: 3535
Stall cycles: 0
Overall utilization: 57.48%
Mapping efficiency: 100.00%
Average IFMAP SRAM BW: 18.394 words/cycle
Average Filter SRAM BW: 4.635 words/cycle
Average OFMAP SRAM BW: 18.394 words/cycle
Average IFMAP DRAM BW: 8.859 words/cycle
Average Filter DRAM BW: 8.929 words/cycle
Average OFMAP DRAM BW: 32.000 words/cycle

Running Layer 1397
Total cycles: 961
Compute cycles: 443
Stall cycles: 0
Overall utilization: 7.22%
Mapping efficiency: 12.50%
Average IFMAP SRAM BW: 2.312 words/cycle
Average Filter SRAM BW: 0.578 words/cycle
Average OFMAP SRAM BW: 18.492 words/cycle
Average IFMAP DRAM BW: 1.947 words/cycle
Average Filter DRAM BW: 0.973 words/cycle
Average OFMAP DRAM BW: 32.000 words/cycle

Running Layer 1398
Total cycles: 1661
Compute cycles: 887
Stall cycles: 0
Overall utilization: 7.22%
Mapping efficiency: 12.50%
Average IFMAP SRAM BW: 2.309 words/cycle
Average Filter SRAM BW: 0.577 words/cycle
Average OFMAP SRAM BW: 18.471 words/cycle
Average IFMAP DRAM BW: 1.947 words/cycle
Average Filter DRAM BW: 1.947 words/cycle
Average OFMAP DRAM BW: 32.000 words/cycle

Running Layer 1399
Total cycles: 961
Compute cycles: 443
Stall cycles: 0
Overall utilization: 14.45%
Mapping efficiency: 25.00%
Average IFMAP SRAM BW: 4.623 words/cycle
Average Filter SRAM BW: 1.156 words/cycle
Average OFMAP SRAM BW: 18.492 words/cycle
Average IFMAP DRAM BW: 3.894 words/cycle
Average Filter DRAM BW: 1.947 words/cycle
Average OFMAP DRAM BW: 32.000 words/cycle

Running Layer 1400
Total cycles: 1661
Compute cycles: 887
Stall cycles: 0
Overall utilization: 14.43%
Mapping efficiency: 25.00%
Average IFMAP SRAM BW: 4.618 words/cycle
Average Filter SRAM BW: 1.154 words/cycle
Average OFMAP SRAM BW: 18.471 words/cycle
Average IFMAP DRAM BW: 3.894 words/cycle
Average Filter DRAM BW: 3.894 words/cycle
Average OFMAP DRAM BW: 32.000 words/cycle

Running Layer 1401
Total cycles: 961
Compute cycles: 443
Stall cycles: 0
Overall utilization: 28.89%
Mapping efficiency: 50.00%
Average IFMAP SRAM BW: 9.246 words/cycle
Average Filter SRAM BW: 2.312 words/cycle
Average OFMAP SRAM BW: 18.492 words/cycle
Average IFMAP DRAM BW: 7.787 words/cycle
Average Filter DRAM BW: 3.894 words/cycle
Average OFMAP DRAM BW: 32.000 words/cycle

Running Layer 1402
Total cycles: 1661
Compute cycles: 887
Stall cycles: 0
Overall utilization: 28.86%
Mapping efficiency: 50.00%
Average IFMAP SRAM BW: 9.236 words/cycle
Average Filter SRAM BW: 2.309 words/cycle
Average OFMAP SRAM BW: 18.471 words/cycle
Average IFMAP DRAM BW: 7.787 words/cycle
Average Filter DRAM BW: 7.787 words/cycle
Average OFMAP DRAM BW: 32.000 words/cycle

Running Layer 1403
Total cycles: 1223
Compute cycles: 443
Stall cycles: 0
Overall utilization: 57.79%
Mapping efficiency: 100.00%
Average IFMAP SRAM BW: 18.492 words/cycle
Average Filter SRAM BW: 4.623 words/cycle
Average OFMAP SRAM BW: 18.492 words/cycle
Average IFMAP DRAM BW: 7.802 words/cycle
Average Filter DRAM BW: 7.787 words/cycle
Average OFMAP DRAM BW: 32.000 words/cycle

Running Layer 1404
Total cycles: 1923
Compute cycles: 887
Stall cycles: 0
Overall utilization: 57.72%
Mapping efficiency: 100.00%
Average IFMAP SRAM BW: 18.471 words/cycle
Average Filter SRAM BW: 4.618 words/cycle
Average OFMAP SRAM BW: 18.471 words/cycle
Average IFMAP DRAM BW: 7.802 words/cycle
Average Filter DRAM BW: 7.802 words/cycle
Average OFMAP DRAM BW: 32.000 words/cycle

Running Layer 1405
Total cycles: 2447
Compute cycles: 887
Stall cycles: 0
Overall utilization: 57.72%
Mapping efficiency: 100.00%
Average IFMAP SRAM BW: 18.471 words/cycle
Average Filter SRAM BW: 4.618 words/cycle
Average OFMAP SRAM BW: 18.471 words/cycle
Average IFMAP DRAM BW: 7.809 words/cycle
Average Filter DRAM BW: 7.802 words/cycle
Average OFMAP DRAM BW: 32.000 words/cycle

Running Layer 1406
Total cycles: 3847
Compute cycles: 1775
Stall cycles: 0
Overall utilization: 57.69%
Mapping efficiency: 100.00%
Average IFMAP SRAM BW: 18.461 words/cycle
Average Filter SRAM BW: 4.615 words/cycle
Average OFMAP SRAM BW: 18.461 words/cycle
Average IFMAP DRAM BW: 7.809 words/cycle
Average Filter DRAM BW: 7.809 words/cycle
Average OFMAP DRAM BW: 32.000 words/cycle

Running Layer 1407
Total cycles: 7433
Compute cycles: 3551
Stall cycles: 0
Overall utilization: 57.67%
Mapping efficiency: 100.00%
Average IFMAP SRAM BW: 18.456 words/cycle
Average Filter SRAM BW: 4.614 words/cycle
Average OFMAP SRAM BW: 18.456 words/cycle
Average IFMAP DRAM BW: 8.929 words/cycle
Average Filter DRAM BW: 8.929 words/cycle
Average OFMAP DRAM BW: 32.000 words/cycle
************ SCALE SIM Run Complete ****************

  0%|          | 0/190 [00:00<?, ?it/s]
100%|██████████| 190/190 [00:00<00:00, 22447.12it/s]

  0%|          | 0/380 [00:00<?, ?it/s]
100%|██████████| 380/380 [00:00<00:00, 20493.69it/s]

  0%|          | 0/190 [00:00<?, ?it/s]
100%|██████████| 190/190 [00:00<00:00, 22520.71it/s]

  0%|          | 0/380 [00:00<?, ?it/s]
100%|██████████| 380/380 [00:00<00:00, 20071.47it/s]

  0%|          | 0/190 [00:00<?, ?it/s]
100%|██████████| 190/190 [00:00<00:00, 22345.79it/s]

  0%|          | 0/380 [00:00<?, ?it/s]
100%|██████████| 380/380 [00:00<00:00, 20153.96it/s]

  0%|          | 0/190 [00:00<?, ?it/s]
100%|██████████| 190/190 [00:00<00:00, 14196.96it/s]

  0%|          | 0/380 [00:00<?, ?it/s]
100%|██████████| 380/380 [00:00<00:00, 17105.28it/s]

  0%|          | 0/380 [00:00<?, ?it/s]
100%|██████████| 380/380 [00:00<00:00, 21223.69it/s]

  0%|          | 0/760 [00:00<?, ?it/s]
100%|██████████| 760/760 [00:00<00:00, 18873.13it/s]

  0%|          | 0/1520 [00:00<?, ?it/s]
100%|██████████| 1520/1520 [00:00<00:00, 18354.39it/s]

  0%|          | 0/192 [00:00<?, ?it/s]
100%|██████████| 192/192 [00:00<00:00, 23691.06it/s]

  0%|          | 0/384 [00:00<?, ?it/s]
100%|██████████| 384/384 [00:00<00:00, 23271.72it/s]

  0%|          | 0/192 [00:00<?, ?it/s]
100%|██████████| 192/192 [00:00<00:00, 22556.34it/s]

  0%|          | 0/384 [00:00<?, ?it/s]
100%|██████████| 384/384 [00:00<00:00, 18797.56it/s]

  0%|          | 0/192 [00:00<?, ?it/s]
100%|██████████| 192/192 [00:00<00:00, 24740.60it/s]

  0%|          | 0/384 [00:00<?, ?it/s]
100%|██████████| 384/384 [00:00<00:00, 22051.11it/s]

  0%|          | 0/192 [00:00<?, ?it/s]
100%|██████████| 192/192 [00:00<00:00, 20522.59it/s]

  0%|          | 0/384 [00:00<?, ?it/s]
100%|██████████| 384/384 [00:00<00:00, 20278.92it/s]

  0%|          | 0/384 [00:00<?, ?it/s]
100%|██████████| 384/384 [00:00<00:00, 17822.23it/s]

  0%|          | 0/768 [00:00<?, ?it/s]
100%|██████████| 768/768 [00:00<00:00, 19958.03it/s]

  0%|          | 0/1536 [00:00<?, ?it/s]
100%|██████████| 1536/1536 [00:00<00:00, 17220.51it/s]

  0%|          | 0/194 [00:00<?, ?it/s]
100%|██████████| 194/194 [00:00<00:00, 21683.50it/s]

  0%|          | 0/388 [00:00<?, ?it/s]
100%|██████████| 388/388 [00:00<00:00, 19036.25it/s]

  0%|          | 0/194 [00:00<?, ?it/s]
100%|██████████| 194/194 [00:00<00:00, 19971.41it/s]

  0%|          | 0/388 [00:00<?, ?it/s]
100%|██████████| 388/388 [00:00<00:00, 21993.84it/s]

  0%|          | 0/194 [00:00<?, ?it/s]
100%|██████████| 194/194 [00:00<00:00, 20216.53it/s]

  0%|          | 0/388 [00:00<?, ?it/s]
100%|██████████| 388/388 [00:00<00:00, 20795.46it/s]

  0%|          | 0/194 [00:00<?, ?it/s]
100%|██████████| 194/194 [00:00<00:00, 20087.76it/s]

  0%|          | 0/388 [00:00<?, ?it/s]
100%|██████████| 388/388 [00:00<00:00, 19359.40it/s]

  0%|          | 0/388 [00:00<?, ?it/s]
100%|██████████| 388/388 [00:00<00:00, 18777.07it/s]

  0%|          | 0/776 [00:00<?, ?it/s]
100%|██████████| 776/776 [00:00<00:00, 18663.37it/s]

  0%|          | 0/1552 [00:00<?, ?it/s]
100%|██████████| 1552/1552 [00:00<00:00, 16888.51it/s]

  0%|          | 0/196 [00:00<?, ?it/s]
100%|██████████| 196/196 [00:00<00:00, 22342.87it/s]

  0%|          | 0/392 [00:00<?, ?it/s]
100%|██████████| 392/392 [00:00<00:00, 23213.85it/s]

  0%|          | 0/196 [00:00<?, ?it/s]
100%|██████████| 196/196 [00:00<00:00, 20916.56it/s]

  0%|          | 0/392 [00:00<?, ?it/s]
100%|██████████| 392/392 [00:00<00:00, 20657.44it/s]

  0%|          | 0/196 [00:00<?, ?it/s]
100%|██████████| 196/196 [00:00<00:00, 21999.67it/s]

  0%|          | 0/392 [00:00<?, ?it/s]
100%|██████████| 392/392 [00:00<00:00, 18871.79it/s]

  0%|          | 0/196 [00:00<?, ?it/s]
100%|██████████| 196/196 [00:00<00:00, 17555.76it/s]

  0%|          | 0/392 [00:00<?, ?it/s]
100%|██████████| 392/392 [00:00<00:00, 19674.84it/s]

  0%|          | 0/392 [00:00<?, ?it/s]
100%|██████████| 392/392 [00:00<00:00, 19562.01it/s]

  0%|          | 0/784 [00:00<?, ?it/s]
100%|██████████| 784/784 [00:00<00:00, 18075.72it/s]

  0%|          | 0/1568 [00:00<?, ?it/s]
100%|██████████| 1568/1568 [00:00<00:00, 17788.72it/s]

  0%|          | 0/198 [00:00<?, ?it/s]
100%|██████████| 198/198 [00:00<00:00, 25757.47it/s]

  0%|          | 0/396 [00:00<?, ?it/s]
100%|██████████| 396/396 [00:00<00:00, 24154.27it/s]

  0%|          | 0/198 [00:00<?, ?it/s]
100%|██████████| 198/198 [00:00<00:00, 23668.94it/s]

  0%|          | 0/396 [00:00<?, ?it/s]
100%|██████████| 396/396 [00:00<00:00, 21084.13it/s]

  0%|          | 0/198 [00:00<?, ?it/s]
100%|██████████| 198/198 [00:00<00:00, 19518.02it/s]

  0%|          | 0/396 [00:00<?, ?it/s]
100%|██████████| 396/396 [00:00<00:00, 20137.54it/s]

  0%|          | 0/198 [00:00<?, ?it/s]
100%|██████████| 198/198 [00:00<00:00, 19845.92it/s]

  0%|          | 0/396 [00:00<?, ?it/s]
100%|██████████| 396/396 [00:00<00:00, 20374.69it/s]

  0%|          | 0/396 [00:00<?, ?it/s]
100%|██████████| 396/396 [00:00<00:00, 17406.67it/s]

  0%|          | 0/792 [00:00<?, ?it/s]
100%|██████████| 792/792 [00:00<00:00, 16677.49it/s]

  0%|          | 0/1584 [00:00<?, ?it/s]
100%|██████████| 1584/1584 [00:00<00:00, 16735.63it/s]

  0%|          | 0/200 [00:00<?, ?it/s]
100%|██████████| 200/200 [00:00<00:00, 22220.30it/s]

  0%|          | 0/400 [00:00<?, ?it/s]
100%|██████████| 400/400 [00:00<00:00, 19262.24it/s]

  0%|          | 0/200 [00:00<?, ?it/s]
100%|██████████| 200/200 [00:00<00:00, 20940.11it/s]

  0%|          | 0/400 [00:00<?, ?it/s]
100%|██████████| 400/400 [00:00<00:00, 22184.46it/s]

  0%|          | 0/200 [00:00<?, ?it/s]
100%|██████████| 200/200 [00:00<00:00, 20498.02it/s]

  0%|          | 0/400 [00:00<?, ?it/s]
100%|██████████| 400/400 [00:00<00:00, 20462.02it/s]

  0%|          | 0/200 [00:00<?, ?it/s]
100%|██████████| 200/200 [00:00<00:00, 16171.43it/s]

  0%|          | 0/400 [00:00<?, ?it/s]
100%|██████████| 400/400 [00:00<00:00, 17093.62it/s]

  0%|          | 0/400 [00:00<?, ?it/s]
100%|██████████| 400/400 [00:00<00:00, 20030.34it/s]

  0%|          | 0/800 [00:00<?, ?it/s]
100%|██████████| 800/800 [00:00<00:00, 17912.61it/s]

  0%|          | 0/1600 [00:00<?, ?it/s]
100%|██████████| 1600/1600 [00:00<00:00, 16779.61it/s]

  0%|          | 0/202 [00:00<?, ?it/s]
100%|██████████| 202/202 [00:00<00:00, 24358.15it/s]

  0%|          | 0/404 [00:00<?, ?it/s]
100%|██████████| 404/404 [00:00<00:00, 21329.21it/s]

  0%|          | 0/202 [00:00<?, ?it/s]
100%|██████████| 202/202 [00:00<00:00, 21614.06it/s]

  0%|          | 0/404 [00:00<?, ?it/s]
100%|██████████| 404/404 [00:00<00:00, 16708.07it/s]

  0%|          | 0/202 [00:00<?, ?it/s]
100%|██████████| 202/202 [00:00<00:00, 17270.01it/s]

  0%|          | 0/404 [00:00<?, ?it/s]
100%|██████████| 404/404 [00:00<00:00, 16756.15it/s]

  0%|          | 0/202 [00:00<?, ?it/s]
100%|██████████| 202/202 [00:00<00:00, 18096.27it/s]

  0%|          | 0/404 [00:00<?, ?it/s]
100%|██████████| 404/404 [00:00<00:00, 18467.85it/s]

  0%|          | 0/404 [00:00<?, ?it/s]
100%|██████████| 404/404 [00:00<00:00, 18873.90it/s]

  0%|          | 0/808 [00:00<?, ?it/s]
100%|██████████| 808/808 [00:00<00:00, 18219.93it/s]

  0%|          | 0/1616 [00:00<?, ?it/s]
100%|██████████| 1616/1616 [00:00<00:00, 17211.55it/s]

  0%|          | 0/204 [00:00<?, ?it/s]
100%|██████████| 204/204 [00:00<00:00, 18812.26it/s]

  0%|          | 0/408 [00:00<?, ?it/s]
100%|██████████| 408/408 [00:00<00:00, 20174.67it/s]

  0%|          | 0/204 [00:00<?, ?it/s]
100%|██████████| 204/204 [00:00<00:00, 17610.79it/s]

  0%|          | 0/408 [00:00<?, ?it/s]
100%|██████████| 408/408 [00:00<00:00, 19122.54it/s]

  0%|          | 0/204 [00:00<?, ?it/s]
100%|██████████| 204/204 [00:00<00:00, 22426.49it/s]

  0%|          | 0/408 [00:00<?, ?it/s]
100%|██████████| 408/408 [00:00<00:00, 19695.65it/s]

  0%|          | 0/204 [00:00<?, ?it/s]
100%|██████████| 204/204 [00:00<00:00, 18469.53it/s]

  0%|          | 0/408 [00:00<?, ?it/s]
100%|██████████| 408/408 [00:00<00:00, 19565.27it/s]

  0%|          | 0/408 [00:00<?, ?it/s]
100%|██████████| 408/408 [00:00<00:00, 18111.04it/s]

  0%|          | 0/816 [00:00<?, ?it/s]
100%|██████████| 816/816 [00:00<00:00, 15184.42it/s]

  0%|          | 0/1632 [00:00<?, ?it/s]
100%|██████████| 1632/1632 [00:00<00:00, 16995.62it/s]

  0%|          | 0/206 [00:00<?, ?it/s]
100%|██████████| 206/206 [00:00<00:00, 24896.32it/s]

  0%|          | 0/412 [00:00<?, ?it/s]
100%|██████████| 412/412 [00:00<00:00, 22689.77it/s]

  0%|          | 0/206 [00:00<?, ?it/s]
100%|██████████| 206/206 [00:00<00:00, 17983.32it/s]

  0%|          | 0/412 [00:00<?, ?it/s]
100%|██████████| 412/412 [00:00<00:00, 19449.76it/s]

  0%|          | 0/206 [00:00<?, ?it/s]
100%|██████████| 206/206 [00:00<00:00, 21109.86it/s]

  0%|          | 0/412 [00:00<?, ?it/s]
100%|██████████| 412/412 [00:00<00:00, 19899.05it/s]

  0%|          | 0/206 [00:00<?, ?it/s]
100%|██████████| 206/206 [00:00<00:00, 20869.20it/s]

  0%|          | 0/412 [00:00<?, ?it/s]
100%|██████████| 412/412 [00:00<00:00, 17583.85it/s]

  0%|          | 0/412 [00:00<?, ?it/s]
100%|██████████| 412/412 [00:00<00:00, 18620.26it/s]

  0%|          | 0/824 [00:00<?, ?it/s]
100%|██████████| 824/824 [00:00<00:00, 18177.12it/s]

  0%|          | 0/1648 [00:00<?, ?it/s]
100%|██████████| 1648/1648 [00:00<00:00, 17496.57it/s]

  0%|          | 0/208 [00:00<?, ?it/s]
100%|██████████| 208/208 [00:00<00:00, 21183.35it/s]

  0%|          | 0/416 [00:00<?, ?it/s]
100%|██████████| 416/416 [00:00<00:00, 21880.12it/s]

  0%|          | 0/208 [00:00<?, ?it/s]
100%|██████████| 208/208 [00:00<00:00, 20858.20it/s]

  0%|          | 0/416 [00:00<?, ?it/s]
100%|██████████| 416/416 [00:00<00:00, 22895.03it/s]

  0%|          | 0/208 [00:00<?, ?it/s]
100%|██████████| 208/208 [00:00<00:00, 19393.90it/s]

  0%|          | 0/416 [00:00<?, ?it/s]
100%|██████████| 416/416 [00:00<00:00, 19842.95it/s]

  0%|          | 0/208 [00:00<?, ?it/s]
100%|██████████| 208/208 [00:00<00:00, 20464.34it/s]

  0%|          | 0/416 [00:00<?, ?it/s]
100%|██████████| 416/416 [00:00<00:00, 19431.27it/s]

  0%|          | 0/416 [00:00<?, ?it/s]
100%|██████████| 416/416 [00:00<00:00, 16189.42it/s]

  0%|          | 0/832 [00:00<?, ?it/s]
100%|██████████| 832/832 [00:00<00:00, 15730.60it/s]

  0%|          | 0/1664 [00:00<?, ?it/s]
 97%|█████████▋| 1612/1664 [00:00<00:00, 16118.94it/s]
100%|██████████| 1664/1664 [00:00<00:00, 16166.09it/s]

  0%|          | 0/210 [00:00<?, ?it/s]
100%|██████████| 210/210 [00:00<00:00, 18622.83it/s]

  0%|          | 0/420 [00:00<?, ?it/s]
100%|██████████| 420/420 [00:00<00:00, 21315.87it/s]

  0%|          | 0/210 [00:00<?, ?it/s]
100%|██████████| 210/210 [00:00<00:00, 17135.26it/s]

  0%|          | 0/420 [00:00<?, ?it/s]
100%|██████████| 420/420 [00:00<00:00, 21595.74it/s]

  0%|          | 0/210 [00:00<?, ?it/s]
100%|██████████| 210/210 [00:00<00:00, 19111.35it/s]

  0%|          | 0/420 [00:00<?, ?it/s]
100%|██████████| 420/420 [00:00<00:00, 20290.11it/s]

  0%|          | 0/210 [00:00<?, ?it/s]
100%|██████████| 210/210 [00:00<00:00, 20223.72it/s]

  0%|          | 0/420 [00:00<?, ?it/s]
100%|██████████| 420/420 [00:00<00:00, 18538.56it/s]

  0%|          | 0/420 [00:00<?, ?it/s]
100%|██████████| 420/420 [00:00<00:00, 18334.80it/s]

  0%|          | 0/840 [00:00<?, ?it/s]
100%|██████████| 840/840 [00:00<00:00, 17131.51it/s]

  0%|          | 0/1680 [00:00<?, ?it/s]
100%|██████████| 1680/1680 [00:00<00:00, 17633.89it/s]

  0%|          | 0/212 [00:00<?, ?it/s]
100%|██████████| 212/212 [00:00<00:00, 17551.81it/s]

  0%|          | 0/424 [00:00<?, ?it/s]
100%|██████████| 424/424 [00:00<00:00, 19863.34it/s]

  0%|          | 0/212 [00:00<?, ?it/s]
100%|██████████| 212/212 [00:00<00:00, 19384.21it/s]

  0%|          | 0/424 [00:00<?, ?it/s]
100%|██████████| 424/424 [00:00<00:00, 22243.16it/s]

  0%|          | 0/212 [00:00<?, ?it/s]
100%|██████████| 212/212 [00:00<00:00, 21393.33it/s]

  0%|          | 0/424 [00:00<?, ?it/s]
100%|██████████| 424/424 [00:00<00:00, 20930.79it/s]

  0%|          | 0/212 [00:00<?, ?it/s]
100%|██████████| 212/212 [00:00<00:00, 17649.71it/s]

  0%|          | 0/424 [00:00<?, ?it/s]
100%|██████████| 424/424 [00:00<00:00, 17587.05it/s]

  0%|          | 0/424 [00:00<?, ?it/s]
100%|██████████| 424/424 [00:00<00:00, 18283.16it/s]

  0%|          | 0/848 [00:00<?, ?it/s]
100%|██████████| 848/848 [00:00<00:00, 16558.44it/s]

  0%|          | 0/1696 [00:00<?, ?it/s]
 95%|█████████▍| 1604/1696 [00:00<00:00, 16031.91it/s]
100%|██████████| 1696/1696 [00:00<00:00, 15736.94it/s]

  0%|          | 0/214 [00:00<?, ?it/s]
100%|██████████| 214/214 [00:00<00:00, 21490.20it/s]

  0%|          | 0/428 [00:00<?, ?it/s]
100%|██████████| 428/428 [00:00<00:00, 21461.68it/s]

  0%|          | 0/214 [00:00<?, ?it/s]
100%|██████████| 214/214 [00:00<00:00, 22325.11it/s]

  0%|          | 0/428 [00:00<?, ?it/s]
100%|██████████| 428/428 [00:00<00:00, 21757.43it/s]

  0%|          | 0/214 [00:00<?, ?it/s]
100%|██████████| 214/214 [00:00<00:00, 16552.29it/s]

  0%|          | 0/428 [00:00<?, ?it/s]
100%|██████████| 428/428 [00:00<00:00, 17403.75it/s]

  0%|          | 0/214 [00:00<?, ?it/s]
100%|██████████| 214/214 [00:00<00:00, 17023.50it/s]

  0%|          | 0/428 [00:00<?, ?it/s]
100%|██████████| 428/428 [00:00<00:00, 18085.27it/s]

  0%|          | 0/428 [00:00<?, ?it/s]
100%|██████████| 428/428 [00:00<00:00, 18618.54it/s]

  0%|          | 0/856 [00:00<?, ?it/s]
100%|██████████| 856/856 [00:00<00:00, 17491.76it/s]

  0%|          | 0/1712 [00:00<?, ?it/s]
 95%|█████████▌| 1632/1712 [00:00<00:00, 16311.50it/s]
100%|██████████| 1712/1712 [00:00<00:00, 16401.44it/s]

  0%|          | 0/216 [00:00<?, ?it/s]
100%|██████████| 216/216 [00:00<00:00, 20995.33it/s]

  0%|          | 0/432 [00:00<?, ?it/s]
100%|██████████| 432/432 [00:00<00:00, 21000.20it/s]

  0%|          | 0/216 [00:00<?, ?it/s]
100%|██████████| 216/216 [00:00<00:00, 21623.22it/s]

  0%|          | 0/432 [00:00<?, ?it/s]
100%|██████████| 432/432 [00:00<00:00, 23574.54it/s]

  0%|          | 0/216 [00:00<?, ?it/s]
100%|██████████| 216/216 [00:00<00:00, 18636.37it/s]

  0%|          | 0/432 [00:00<?, ?it/s]
100%|██████████| 432/432 [00:00<00:00, 17291.15it/s]

  0%|          | 0/216 [00:00<?, ?it/s]
100%|██████████| 216/216 [00:00<00:00, 18244.55it/s]

  0%|          | 0/432 [00:00<?, ?it/s]
100%|██████████| 432/432 [00:00<00:00, 18802.49it/s]

  0%|          | 0/432 [00:00<?, ?it/s]
100%|██████████| 432/432 [00:00<00:00, 17515.29it/s]

  0%|          | 0/864 [00:00<?, ?it/s]
100%|██████████| 864/864 [00:00<00:00, 17003.62it/s]

  0%|          | 0/1728 [00:00<?, ?it/s]
 97%|█████████▋| 1676/1728 [00:00<00:00, 16758.86it/s]
100%|██████████| 1728/1728 [00:00<00:00, 16725.10it/s]

  0%|          | 0/218 [00:00<?, ?it/s]
100%|██████████| 218/218 [00:00<00:00, 23859.88it/s]

  0%|          | 0/436 [00:00<?, ?it/s]
100%|██████████| 436/436 [00:00<00:00, 18331.53it/s]

  0%|          | 0/218 [00:00<?, ?it/s]
100%|██████████| 218/218 [00:00<00:00, 19599.97it/s]

  0%|          | 0/436 [00:00<?, ?it/s]
100%|██████████| 436/436 [00:00<00:00, 22198.28it/s]

  0%|          | 0/218 [00:00<?, ?it/s]
100%|██████████| 218/218 [00:00<00:00, 20398.40it/s]

  0%|          | 0/436 [00:00<?, ?it/s]
100%|██████████| 436/436 [00:00<00:00, 14861.94it/s]

  0%|          | 0/218 [00:00<?, ?it/s]
100%|██████████| 218/218 [00:00<00:00, 16800.03it/s]

  0%|          | 0/436 [00:00<?, ?it/s]
100%|██████████| 436/436 [00:00<00:00, 18111.48it/s]

  0%|          | 0/436 [00:00<?, ?it/s]
100%|██████████| 436/436 [00:00<00:00, 16277.25it/s]

  0%|          | 0/872 [00:00<?, ?it/s]
100%|██████████| 872/872 [00:00<00:00, 16205.92it/s]

  0%|          | 0/1744 [00:00<?, ?it/s]
 94%|█████████▍| 1637/1744 [00:00<00:00, 16345.27it/s]
100%|██████████| 1744/1744 [00:00<00:00, 16408.92it/s]

  0%|          | 0/220 [00:00<?, ?it/s]
100%|██████████| 220/220 [00:00<00:00, 18226.02it/s]

  0%|          | 0/440 [00:00<?, ?it/s]
100%|██████████| 440/440 [00:00<00:00, 19917.69it/s]

  0%|          | 0/220 [00:00<?, ?it/s]
100%|██████████| 220/220 [00:00<00:00, 19607.46it/s]

  0%|          | 0/440 [00:00<?, ?it/s]
100%|██████████| 440/440 [00:00<00:00, 22048.12it/s]

  0%|          | 0/220 [00:00<?, ?it/s]
100%|██████████| 220/220 [00:00<00:00, 10620.08it/s]

  0%|          | 0/440 [00:00<?, ?it/s]
100%|██████████| 440/440 [00:00<00:00, 13219.68it/s]

  0%|          | 0/220 [00:00<?, ?it/s]
100%|██████████| 220/220 [00:00<00:00, 19898.36it/s]

  0%|          | 0/440 [00:00<?, ?it/s]
100%|██████████| 440/440 [00:00<00:00, 18075.36it/s]

  0%|          | 0/440 [00:00<?, ?it/s]
100%|██████████| 440/440 [00:00<00:00, 18642.48it/s]

  0%|          | 0/880 [00:00<?, ?it/s]
100%|██████████| 880/880 [00:00<00:00, 17523.81it/s]

  0%|          | 0/1760 [00:00<?, ?it/s]
 96%|█████████▋| 1697/1760 [00:00<00:00, 16965.69it/s]
100%|██████████| 1760/1760 [00:00<00:00, 17010.22it/s]

  0%|          | 0/222 [00:00<?, ?it/s]
100%|██████████| 222/222 [00:00<00:00, 19651.67it/s]

  0%|          | 0/444 [00:00<?, ?it/s]
100%|██████████| 444/444 [00:00<00:00, 21580.29it/s]

  0%|          | 0/222 [00:00<?, ?it/s]
100%|██████████| 222/222 [00:00<00:00, 22735.58it/s]

  0%|          | 0/444 [00:00<?, ?it/s]
100%|██████████| 444/444 [00:00<00:00, 20034.76it/s]

  0%|          | 0/222 [00:00<?, ?it/s]
100%|██████████| 222/222 [00:00<00:00, 19791.18it/s]

  0%|          | 0/444 [00:00<?, ?it/s]
100%|██████████| 444/444 [00:00<00:00, 19578.74it/s]

  0%|          | 0/222 [00:00<?, ?it/s]
100%|██████████| 222/222 [00:00<00:00, 19642.14it/s]

  0%|          | 0/444 [00:00<?, ?it/s]
100%|██████████| 444/444 [00:00<00:00, 14612.01it/s]

  0%|          | 0/444 [00:00<?, ?it/s]
100%|██████████| 444/444 [00:00<00:00, 14293.50it/s]

  0%|          | 0/888 [00:00<?, ?it/s]
100%|██████████| 888/888 [00:00<00:00, 16949.46it/s]

  0%|          | 0/1776 [00:00<?, ?it/s]
 91%|█████████ | 1613/1776 [00:00<00:00, 16126.06it/s]
100%|██████████| 1776/1776 [00:00<00:00, 16011.79it/s]

  0%|          | 0/224 [00:00<?, ?it/s]
100%|██████████| 224/224 [00:00<00:00, 22018.89it/s]

  0%|          | 0/448 [00:00<?, ?it/s]
100%|██████████| 448/448 [00:00<00:00, 22430.77it/s]

  0%|          | 0/224 [00:00<?, ?it/s]
100%|██████████| 224/224 [00:00<00:00, 16831.92it/s]

  0%|          | 0/448 [00:00<?, ?it/s]
100%|██████████| 448/448 [00:00<00:00, 20754.25it/s]

  0%|          | 0/224 [00:00<?, ?it/s]
100%|██████████| 224/224 [00:00<00:00, 18278.32it/s]

  0%|          | 0/448 [00:00<?, ?it/s]
100%|██████████| 448/448 [00:00<00:00, 20296.04it/s]

  0%|          | 0/224 [00:00<?, ?it/s]
100%|██████████| 224/224 [00:00<00:00, 16657.34it/s]

  0%|          | 0/448 [00:00<?, ?it/s]
100%|██████████| 448/448 [00:00<00:00, 16407.89it/s]

  0%|          | 0/448 [00:00<?, ?it/s]
100%|██████████| 448/448 [00:00<00:00, 18076.98it/s]

  0%|          | 0/896 [00:00<?, ?it/s]
100%|██████████| 896/896 [00:00<00:00, 16408.75it/s]

  0%|          | 0/1792 [00:00<?, ?it/s]
 91%|█████████ | 1624/1792 [00:00<00:00, 16238.58it/s]
100%|██████████| 1792/1792 [00:00<00:00, 16109.36it/s]

  0%|          | 0/226 [00:00<?, ?it/s]
100%|██████████| 226/226 [00:00<00:00, 23912.43it/s]

  0%|          | 0/452 [00:00<?, ?it/s]
100%|██████████| 452/452 [00:00<00:00, 20625.41it/s]

  0%|          | 0/226 [00:00<?, ?it/s]
100%|██████████| 226/226 [00:00<00:00, 20814.03it/s]

  0%|          | 0/452 [00:00<?, ?it/s]
100%|██████████| 452/452 [00:00<00:00, 22279.98it/s]

  0%|          | 0/226 [00:00<?, ?it/s]
100%|██████████| 226/226 [00:00<00:00, 20269.70it/s]

  0%|          | 0/452 [00:00<?, ?it/s]
100%|██████████| 452/452 [00:00<00:00, 19380.75it/s]

  0%|          | 0/226 [00:00<?, ?it/s]
100%|██████████| 226/226 [00:00<00:00, 14887.43it/s]

  0%|          | 0/452 [00:00<?, ?it/s]
100%|██████████| 452/452 [00:00<00:00, 17054.16it/s]

  0%|          | 0/452 [00:00<?, ?it/s]
100%|██████████| 452/452 [00:00<00:00, 17500.95it/s]

  0%|          | 0/904 [00:00<?, ?it/s]
100%|██████████| 904/904 [00:00<00:00, 14178.37it/s]

  0%|          | 0/1808 [00:00<?, ?it/s]
 88%|████████▊ | 1598/1808 [00:00<00:00, 15953.09it/s]
100%|██████████| 1808/1808 [00:00<00:00, 16038.05it/s]

  0%|          | 0/228 [00:00<?, ?it/s]
100%|██████████| 228/228 [00:00<00:00, 18972.35it/s]

  0%|          | 0/456 [00:00<?, ?it/s]
100%|██████████| 456/456 [00:00<00:00, 20070.76it/s]

  0%|          | 0/228 [00:00<?, ?it/s]
100%|██████████| 228/228 [00:00<00:00, 22551.62it/s]

  0%|          | 0/456 [00:00<?, ?it/s]
100%|██████████| 456/456 [00:00<00:00, 22172.28it/s]

  0%|          | 0/228 [00:00<?, ?it/s]
100%|██████████| 228/228 [00:00<00:00, 19628.92it/s]

  0%|          | 0/456 [00:00<?, ?it/s]
100%|██████████| 456/456 [00:00<00:00, 18232.98it/s]

  0%|          | 0/228 [00:00<?, ?it/s]
100%|██████████| 228/228 [00:00<00:00, 18598.57it/s]

  0%|          | 0/456 [00:00<?, ?it/s]
100%|██████████| 456/456 [00:00<00:00, 16511.30it/s]

  0%|          | 0/456 [00:00<?, ?it/s]
100%|██████████| 456/456 [00:00<00:00, 15887.52it/s]

  0%|          | 0/912 [00:00<?, ?it/s]
100%|██████████| 912/912 [00:00<00:00, 16779.50it/s]

  0%|          | 0/1824 [00:00<?, ?it/s]
 89%|████████▉ | 1624/1824 [00:00<00:00, 16228.21it/s]
100%|██████████| 1824/1824 [00:00<00:00, 15510.30it/s]

  0%|          | 0/230 [00:00<?, ?it/s]
100%|██████████| 230/230 [00:00<00:00, 16547.00it/s]

  0%|          | 0/460 [00:00<?, ?it/s]
100%|██████████| 460/460 [00:00<00:00, 20239.59it/s]

  0%|          | 0/230 [00:00<?, ?it/s]
100%|██████████| 230/230 [00:00<00:00, 20448.74it/s]

  0%|          | 0/460 [00:00<?, ?it/s]
100%|██████████| 460/460 [00:00<00:00, 21731.90it/s]

  0%|          | 0/230 [00:00<?, ?it/s]
100%|██████████| 230/230 [00:00<00:00, 18682.14it/s]

  0%|          | 0/460 [00:00<?, ?it/s]
100%|██████████| 460/460 [00:00<00:00, 20128.53it/s]

  0%|          | 0/230 [00:00<?, ?it/s]
100%|██████████| 230/230 [00:00<00:00, 17704.31it/s]

  0%|          | 0/460 [00:00<?, ?it/s]
100%|██████████| 460/460 [00:00<00:00, 16027.68it/s]

  0%|          | 0/460 [00:00<?, ?it/s]
100%|██████████| 460/460 [00:00<00:00, 16858.87it/s]

  0%|          | 0/920 [00:00<?, ?it/s]
100%|██████████| 920/920 [00:00<00:00, 17033.23it/s]

  0%|          | 0/1840 [00:00<?, ?it/s]
 88%|████████▊ | 1627/1840 [00:00<00:00, 16252.77it/s]
100%|██████████| 1840/1840 [00:00<00:00, 16145.91it/s]

  0%|          | 0/232 [00:00<?, ?it/s]
100%|██████████| 232/232 [00:00<00:00, 19020.67it/s]

  0%|          | 0/464 [00:00<?, ?it/s]
100%|██████████| 464/464 [00:00<00:00, 17952.98it/s]

  0%|          | 0/232 [00:00<?, ?it/s]
100%|██████████| 232/232 [00:00<00:00, 20469.49it/s]

  0%|          | 0/464 [00:00<?, ?it/s]
100%|██████████| 464/464 [00:00<00:00, 19513.67it/s]

  0%|          | 0/232 [00:00<?, ?it/s]
100%|██████████| 232/232 [00:00<00:00, 17841.56it/s]

  0%|          | 0/464 [00:00<?, ?it/s]
100%|██████████| 464/464 [00:00<00:00, 18392.42it/s]

  0%|          | 0/232 [00:00<?, ?it/s]
100%|██████████| 232/232 [00:00<00:00, 16503.49it/s]

  0%|          | 0/464 [00:00<?, ?it/s]
100%|██████████| 464/464 [00:00<00:00, 15827.95it/s]

  0%|          | 0/464 [00:00<?, ?it/s]
100%|██████████| 464/464 [00:00<00:00, 17560.79it/s]

  0%|          | 0/928 [00:00<?, ?it/s]
100%|██████████| 928/928 [00:00<00:00, 16908.18it/s]

  0%|          | 0/1856 [00:00<?, ?it/s]
 85%|████████▌ | 1585/1856 [00:00<00:00, 15835.82it/s]
100%|██████████| 1856/1856 [00:00<00:00, 15579.66it/s]

  0%|          | 0/234 [00:00<?, ?it/s]
100%|██████████| 234/234 [00:00<00:00, 20040.98it/s]

  0%|          | 0/468 [00:00<?, ?it/s]
100%|██████████| 468/468 [00:00<00:00, 19750.21it/s]

  0%|          | 0/234 [00:00<?, ?it/s]
100%|██████████| 234/234 [00:00<00:00, 18704.23it/s]

  0%|          | 0/468 [00:00<?, ?it/s]
100%|██████████| 468/468 [00:00<00:00, 17607.48it/s]

  0%|          | 0/234 [00:00<?, ?it/s]
100%|██████████| 234/234 [00:00<00:00, 17773.12it/s]

  0%|          | 0/468 [00:00<?, ?it/s]
100%|██████████| 468/468 [00:00<00:00, 17603.21it/s]

  0%|          | 0/234 [00:00<?, ?it/s]
100%|██████████| 234/234 [00:00<00:00, 17130.66it/s]

  0%|          | 0/468 [00:00<?, ?it/s]
100%|██████████| 468/468 [00:00<00:00, 17318.84it/s]

  0%|          | 0/468 [00:00<?, ?it/s]
100%|██████████| 468/468 [00:00<00:00, 16262.38it/s]

  0%|          | 0/936 [00:00<?, ?it/s]
100%|██████████| 936/936 [00:00<00:00, 16637.50it/s]

  0%|          | 0/1872 [00:00<?, ?it/s]
 83%|████████▎ | 1549/1872 [00:00<00:00, 15480.46it/s]
100%|██████████| 1872/1872 [00:00<00:00, 15358.43it/s]

  0%|          | 0/236 [00:00<?, ?it/s]
100%|██████████| 236/236 [00:00<00:00, 20719.12it/s]

  0%|          | 0/472 [00:00<?, ?it/s]
100%|██████████| 472/472 [00:00<00:00, 22675.55it/s]

  0%|          | 0/236 [00:00<?, ?it/s]
100%|██████████| 236/236 [00:00<00:00, 20434.25it/s]

  0%|          | 0/472 [00:00<?, ?it/s]
100%|██████████| 472/472 [00:00<00:00, 20464.67it/s]

  0%|          | 0/236 [00:00<?, ?it/s]
100%|██████████| 236/236 [00:00<00:00, 20346.89it/s]

  0%|          | 0/472 [00:00<?, ?it/s]
100%|██████████| 472/472 [00:00<00:00, 18455.58it/s]

  0%|          | 0/236 [00:00<?, ?it/s]
100%|██████████| 236/236 [00:00<00:00, 17403.45it/s]

  0%|          | 0/472 [00:00<?, ?it/s]
100%|██████████| 472/472 [00:00<00:00, 16477.55it/s]

  0%|          | 0/472 [00:00<?, ?it/s]
100%|██████████| 472/472 [00:00<00:00, 16601.49it/s]

  0%|          | 0/944 [00:00<?, ?it/s]
100%|██████████| 944/944 [00:00<00:00, 16052.15it/s]

  0%|          | 0/1888 [00:00<?, ?it/s]
 83%|████████▎ | 1570/1888 [00:00<00:00, 15693.88it/s]
100%|██████████| 1888/1888 [00:00<00:00, 15641.86it/s]

  0%|          | 0/238 [00:00<?, ?it/s]
100%|██████████| 238/238 [00:00<00:00, 18418.81it/s]

  0%|          | 0/476 [00:00<?, ?it/s]
100%|██████████| 476/476 [00:00<00:00, 18586.68it/s]

  0%|          | 0/238 [00:00<?, ?it/s]
100%|██████████| 238/238 [00:00<00:00, 18946.33it/s]

  0%|          | 0/476 [00:00<?, ?it/s]
100%|██████████| 476/476 [00:00<00:00, 20071.26it/s]

  0%|          | 0/238 [00:00<?, ?it/s]
100%|██████████| 238/238 [00:00<00:00, 18067.12it/s]

  0%|          | 0/476 [00:00<?, ?it/s]
100%|██████████| 476/476 [00:00<00:00, 19452.70it/s]

  0%|          | 0/238 [00:00<?, ?it/s]
100%|██████████| 238/238 [00:00<00:00, 16945.24it/s]

  0%|          | 0/476 [00:00<?, ?it/s]
100%|██████████| 476/476 [00:00<00:00, 17477.34it/s]

  0%|          | 0/476 [00:00<?, ?it/s]
100%|██████████| 476/476 [00:00<00:00, 17262.75it/s]

  0%|          | 0/952 [00:00<?, ?it/s]
100%|██████████| 952/952 [00:00<00:00, 14863.01it/s]

  0%|          | 0/1904 [00:00<?, ?it/s]
 72%|███████▏  | 1376/1904 [00:00<00:00, 13756.18it/s]
100%|██████████| 1904/1904 [00:00<00:00, 14225.58it/s]

  0%|          | 0/240 [00:00<?, ?it/s]
100%|██████████| 240/240 [00:00<00:00, 20704.52it/s]

  0%|          | 0/480 [00:00<?, ?it/s]
100%|██████████| 480/480 [00:00<00:00, 18944.28it/s]

  0%|          | 0/240 [00:00<?, ?it/s]
100%|██████████| 240/240 [00:00<00:00, 19044.46it/s]

  0%|          | 0/480 [00:00<?, ?it/s]
100%|██████████| 480/480 [00:00<00:00, 19694.26it/s]

  0%|          | 0/240 [00:00<?, ?it/s]
100%|██████████| 240/240 [00:00<00:00, 18205.43it/s]

  0%|          | 0/480 [00:00<?, ?it/s]
100%|██████████| 480/480 [00:00<00:00, 18230.16it/s]

  0%|          | 0/240 [00:00<?, ?it/s]
100%|██████████| 240/240 [00:00<00:00, 16347.28it/s]

  0%|          | 0/480 [00:00<?, ?it/s]
100%|██████████| 480/480 [00:00<00:00, 16992.17it/s]

  0%|          | 0/480 [00:00<?, ?it/s]
100%|██████████| 480/480 [00:00<00:00, 15993.66it/s]

  0%|          | 0/960 [00:00<?, ?it/s]
100%|██████████| 960/960 [00:00<00:00, 12544.46it/s]

  0%|          | 0/1920 [00:00<?, ?it/s]
 85%|████████▍ | 1631/1920 [00:00<00:00, 16293.08it/s]
100%|██████████| 1920/1920 [00:00<00:00, 16141.96it/s]

  0%|          | 0/242 [00:00<?, ?it/s]
100%|██████████| 242/242 [00:00<00:00, 21139.24it/s]

  0%|          | 0/484 [00:00<?, ?it/s]
100%|██████████| 484/484 [00:00<00:00, 20058.53it/s]

  0%|          | 0/242 [00:00<?, ?it/s]
100%|██████████| 242/242 [00:00<00:00, 19866.55it/s]

  0%|          | 0/484 [00:00<?, ?it/s]
100%|██████████| 484/484 [00:00<00:00, 19841.11it/s]

  0%|          | 0/242 [00:00<?, ?it/s]
100%|██████████| 242/242 [00:00<00:00, 18761.26it/s]

  0%|          | 0/484 [00:00<?, ?it/s]
100%|██████████| 484/484 [00:00<00:00, 19929.93it/s]

  0%|          | 0/242 [00:00<?, ?it/s]
100%|██████████| 242/242 [00:00<00:00, 15218.86it/s]

  0%|          | 0/484 [00:00<?, ?it/s]
100%|██████████| 484/484 [00:00<00:00, 17790.70it/s]

  0%|          | 0/484 [00:00<?, ?it/s]
100%|██████████| 484/484 [00:00<00:00, 17410.47it/s]

  0%|          | 0/968 [00:00<?, ?it/s]
100%|██████████| 968/968 [00:00<00:00, 15497.04it/s]

  0%|          | 0/1936 [00:00<?, ?it/s]
 78%|███████▊  | 1506/1936 [00:00<00:00, 15056.86it/s]
100%|██████████| 1936/1936 [00:00<00:00, 15205.55it/s]

  0%|          | 0/244 [00:00<?, ?it/s]
100%|██████████| 244/244 [00:00<00:00, 22135.92it/s]

  0%|          | 0/488 [00:00<?, ?it/s]
100%|██████████| 488/488 [00:00<00:00, 19055.61it/s]

  0%|          | 0/244 [00:00<?, ?it/s]
100%|██████████| 244/244 [00:00<00:00, 19282.70it/s]

  0%|          | 0/488 [00:00<?, ?it/s]
100%|██████████| 488/488 [00:00<00:00, 19263.47it/s]

  0%|          | 0/244 [00:00<?, ?it/s]
100%|██████████| 244/244 [00:00<00:00, 16606.25it/s]

  0%|          | 0/488 [00:00<?, ?it/s]
100%|██████████| 488/488 [00:00<00:00, 19321.11it/s]

  0%|          | 0/244 [00:00<?, ?it/s]
100%|██████████| 244/244 [00:00<00:00, 17101.01it/s]

  0%|          | 0/488 [00:00<?, ?it/s]
100%|██████████| 488/488 [00:00<00:00, 15854.90it/s]

  0%|          | 0/488 [00:00<?, ?it/s]
100%|██████████| 488/488 [00:00<00:00, 16484.55it/s]

  0%|          | 0/976 [00:00<?, ?it/s]
100%|██████████| 976/976 [00:00<00:00, 16358.60it/s]

  0%|          | 0/1952 [00:00<?, ?it/s]
 82%|████████▏ | 1591/1952 [00:00<00:00, 15905.77it/s]
100%|██████████| 1952/1952 [00:00<00:00, 15658.71it/s]

  0%|          | 0/246 [00:00<?, ?it/s]
100%|██████████| 246/246 [00:00<00:00, 16195.49it/s]

  0%|          | 0/492 [00:00<?, ?it/s]
100%|██████████| 492/492 [00:00<00:00, 19107.21it/s]

  0%|          | 0/246 [00:00<?, ?it/s]
100%|██████████| 246/246 [00:00<00:00, 20104.41it/s]

  0%|          | 0/492 [00:00<?, ?it/s]
100%|██████████| 492/492 [00:00<00:00, 20052.25it/s]

  0%|          | 0/246 [00:00<?, ?it/s]
100%|██████████| 246/246 [00:00<00:00, 17873.14it/s]

  0%|          | 0/492 [00:00<?, ?it/s]
100%|██████████| 492/492 [00:00<00:00, 18245.13it/s]

  0%|          | 0/246 [00:00<?, ?it/s]
100%|██████████| 246/246 [00:00<00:00, 16766.04it/s]

  0%|          | 0/492 [00:00<?, ?it/s]
100%|██████████| 492/492 [00:00<00:00, 17233.27it/s]

  0%|          | 0/492 [00:00<?, ?it/s]
100%|██████████| 492/492 [00:00<00:00, 15648.01it/s]

  0%|          | 0/984 [00:00<?, ?it/s]
100%|██████████| 984/984 [00:00<00:00, 16654.54it/s]

  0%|          | 0/1968 [00:00<?, ?it/s]
 79%|███████▉  | 1560/1968 [00:00<00:00, 15594.66it/s]
100%|██████████| 1968/1968 [00:00<00:00, 15396.65it/s]

  0%|          | 0/248 [00:00<?, ?it/s]
100%|██████████| 248/248 [00:00<00:00, 19159.83it/s]

  0%|          | 0/496 [00:00<?, ?it/s]
100%|██████████| 496/496 [00:00<00:00, 19706.30it/s]

  0%|          | 0/248 [00:00<?, ?it/s]
100%|██████████| 248/248 [00:00<00:00, 18633.00it/s]

  0%|          | 0/496 [00:00<?, ?it/s]
100%|██████████| 496/496 [00:00<00:00, 18678.67it/s]

  0%|          | 0/248 [00:00<?, ?it/s]
100%|██████████| 248/248 [00:00<00:00, 19285.59it/s]

  0%|          | 0/496 [00:00<?, ?it/s]
100%|██████████| 496/496 [00:00<00:00, 16512.09it/s]

  0%|          | 0/248 [00:00<?, ?it/s]
100%|██████████| 248/248 [00:00<00:00, 14700.43it/s]

  0%|          | 0/496 [00:00<?, ?it/s]
100%|██████████| 496/496 [00:00<00:00, 15838.41it/s]

  0%|          | 0/496 [00:00<?, ?it/s]
100%|██████████| 496/496 [00:00<00:00, 16243.66it/s]

  0%|          | 0/992 [00:00<?, ?it/s]
100%|██████████| 992/992 [00:00<00:00, 16523.76it/s]

  0%|          | 0/1984 [00:00<?, ?it/s]
 79%|███████▉  | 1574/1984 [00:00<00:00, 15739.19it/s]
100%|██████████| 1984/1984 [00:00<00:00, 15363.07it/s]

  0%|          | 0/250 [00:00<?, ?it/s]
100%|██████████| 250/250 [00:00<00:00, 20351.21it/s]

  0%|          | 0/500 [00:00<?, ?it/s]
100%|██████████| 500/500 [00:00<00:00, 18345.86it/s]

  0%|          | 0/250 [00:00<?, ?it/s]
100%|██████████| 250/250 [00:00<00:00, 18601.67it/s]

  0%|          | 0/500 [00:00<?, ?it/s]
100%|██████████| 500/500 [00:00<00:00, 18811.41it/s]

  0%|          | 0/250 [00:00<?, ?it/s]
100%|██████████| 250/250 [00:00<00:00, 19122.39it/s]

  0%|          | 0/500 [00:00<?, ?it/s]
100%|██████████| 500/500 [00:00<00:00, 18011.35it/s]

  0%|          | 0/250 [00:00<?, ?it/s]
100%|██████████| 250/250 [00:00<00:00, 16266.32it/s]

  0%|          | 0/500 [00:00<?, ?it/s]
100%|██████████| 500/500 [00:00<00:00, 16758.45it/s]

  0%|          | 0/500 [00:00<?, ?it/s]
100%|██████████| 500/500 [00:00<00:00, 16192.35it/s]

  0%|          | 0/1000 [00:00<?, ?it/s]
100%|██████████| 1000/1000 [00:00<00:00, 15566.86it/s]

  0%|          | 0/2000 [00:00<?, ?it/s]
 75%|███████▌  | 1503/2000 [00:00<00:00, 15024.03it/s]
100%|██████████| 2000/2000 [00:00<00:00, 14830.77it/s]

  0%|          | 0/252 [00:00<?, ?it/s]
100%|██████████| 252/252 [00:00<00:00, 18262.57it/s]

  0%|          | 0/504 [00:00<?, ?it/s]
100%|██████████| 504/504 [00:00<00:00, 20014.86it/s]

  0%|          | 0/252 [00:00<?, ?it/s]
100%|██████████| 252/252 [00:00<00:00, 19600.64it/s]

  0%|          | 0/504 [00:00<?, ?it/s]
100%|██████████| 504/504 [00:00<00:00, 16731.67it/s]

  0%|          | 0/252 [00:00<?, ?it/s]
100%|██████████| 252/252 [00:00<00:00, 17214.69it/s]

  0%|          | 0/504 [00:00<?, ?it/s]
100%|██████████| 504/504 [00:00<00:00, 17504.92it/s]

  0%|          | 0/252 [00:00<?, ?it/s]
100%|██████████| 252/252 [00:00<00:00, 16932.29it/s]

  0%|          | 0/504 [00:00<?, ?it/s]
100%|██████████| 504/504 [00:00<00:00, 16399.25it/s]

  0%|          | 0/504 [00:00<?, ?it/s]
100%|██████████| 504/504 [00:00<00:00, 16297.60it/s]

  0%|          | 0/1008 [00:00<?, ?it/s]
100%|██████████| 1008/1008 [00:00<00:00, 14908.14it/s]

  0%|          | 0/2016 [00:00<?, ?it/s]
 61%|██████    | 1220/2016 [00:00<00:00, 12193.24it/s]
100%|██████████| 2016/2016 [00:00<00:00, 13084.32it/s]

  0%|          | 0/254 [00:00<?, ?it/s]
100%|██████████| 254/254 [00:00<00:00, 19074.92it/s]

  0%|          | 0/508 [00:00<?, ?it/s]
100%|██████████| 508/508 [00:00<00:00, 19780.41it/s]

  0%|          | 0/254 [00:00<?, ?it/s]
100%|██████████| 254/254 [00:00<00:00, 18178.85it/s]

  0%|          | 0/508 [00:00<?, ?it/s]
100%|██████████| 508/508 [00:00<00:00, 17851.69it/s]

  0%|          | 0/254 [00:00<?, ?it/s]
100%|██████████| 254/254 [00:00<00:00, 17775.74it/s]

  0%|          | 0/508 [00:00<?, ?it/s]
100%|██████████| 508/508 [00:00<00:00, 18257.98it/s]

  0%|          | 0/254 [00:00<?, ?it/s]
100%|██████████| 254/254 [00:00<00:00, 14462.33it/s]

  0%|          | 0/508 [00:00<?, ?it/s]
100%|██████████| 508/508 [00:00<00:00, 15877.69it/s]

  0%|          | 0/508 [00:00<?, ?it/s]
100%|██████████| 508/508 [00:00<00:00, 18136.45it/s]

  0%|          | 0/1016 [00:00<?, ?it/s]
100%|██████████| 1016/1016 [00:00<00:00, 16378.27it/s]

  0%|          | 0/2032 [00:00<?, ?it/s]
 65%|██████▍   | 1313/2032 [00:00<00:00, 13127.67it/s]
100%|██████████| 2032/2032 [00:00<00:00, 13677.25it/s]

  0%|          | 0/256 [00:00<?, ?it/s]
100%|██████████| 256/256 [00:00<00:00, 19671.37it/s]

  0%|          | 0/512 [00:00<?, ?it/s]
100%|██████████| 512/512 [00:00<00:00, 19915.09it/s]

  0%|          | 0/256 [00:00<?, ?it/s]
100%|██████████| 256/256 [00:00<00:00, 18965.34it/s]

  0%|          | 0/512 [00:00<?, ?it/s]
100%|██████████| 512/512 [00:00<00:00, 18348.13it/s]

  0%|          | 0/256 [00:00<?, ?it/s]
100%|██████████| 256/256 [00:00<00:00, 18775.98it/s]

  0%|          | 0/512 [00:00<?, ?it/s]
100%|██████████| 512/512 [00:00<00:00, 19310.17it/s]

  0%|          | 0/256 [00:00<?, ?it/s]
100%|██████████| 256/256 [00:00<00:00, 13836.52it/s]

  0%|          | 0/512 [00:00<?, ?it/s]
100%|██████████| 512/512 [00:00<00:00, 13460.89it/s]

  0%|          | 0/512 [00:00<?, ?it/s]
100%|██████████| 512/512 [00:00<00:00, 12977.46it/s]

  0%|          | 0/1024 [00:00<?, ?it/s]
100%|██████████| 1024/1024 [00:00<00:00, 15016.21it/s]

  0%|          | 0/2048 [00:00<?, ?it/s]
 73%|███████▎  | 1502/2048 [00:00<00:00, 15002.17it/s]
100%|██████████| 2048/2048 [00:00<00:00, 14606.30it/s]

  0%|          | 0/258 [00:00<?, ?it/s]
100%|██████████| 258/258 [00:00<00:00, 19463.13it/s]

  0%|          | 0/516 [00:00<?, ?it/s]
100%|██████████| 516/516 [00:00<00:00, 19123.30it/s]

  0%|          | 0/258 [00:00<?, ?it/s]
100%|██████████| 258/258 [00:00<00:00, 14105.12it/s]

  0%|          | 0/516 [00:00<?, ?it/s]
100%|██████████| 516/516 [00:00<00:00, 18158.99it/s]

  0%|          | 0/258 [00:00<?, ?it/s]
100%|██████████| 258/258 [00:00<00:00, 19097.66it/s]

  0%|          | 0/516 [00:00<?, ?it/s]
100%|██████████| 516/516 [00:00<00:00, 18141.48it/s]

  0%|          | 0/258 [00:00<?, ?it/s]
100%|██████████| 258/258 [00:00<00:00, 15692.15it/s]

  0%|          | 0/516 [00:00<?, ?it/s]
100%|██████████| 516/516 [00:00<00:00, 16011.87it/s]

  0%|          | 0/516 [00:00<?, ?it/s]
100%|██████████| 516/516 [00:00<00:00, 15130.88it/s]

  0%|          | 0/1032 [00:00<?, ?it/s]
100%|██████████| 1032/1032 [00:00<00:00, 14725.67it/s]

  0%|          | 0/2064 [00:00<?, ?it/s]
 69%|██████▊   | 1417/2064 [00:00<00:00, 14162.79it/s]
100%|██████████| 2064/2064 [00:00<00:00, 14111.00it/s]

  0%|          | 0/260 [00:00<?, ?it/s]
100%|██████████| 260/260 [00:00<00:00, 11925.41it/s]

  0%|          | 0/520 [00:00<?, ?it/s]
100%|██████████| 520/520 [00:00<00:00, 18816.65it/s]

  0%|          | 0/260 [00:00<?, ?it/s]
100%|██████████| 260/260 [00:00<00:00, 18889.01it/s]

  0%|          | 0/520 [00:00<?, ?it/s]
100%|██████████| 520/520 [00:00<00:00, 17135.75it/s]

  0%|          | 0/260 [00:00<?, ?it/s]
100%|██████████| 260/260 [00:00<00:00, 13663.08it/s]

  0%|          | 0/520 [00:00<?, ?it/s]
100%|██████████| 520/520 [00:00<00:00, 14781.29it/s]

  0%|          | 0/260 [00:00<?, ?it/s]
100%|██████████| 260/260 [00:00<00:00, 11965.05it/s]

  0%|          | 0/520 [00:00<?, ?it/s]
100%|██████████| 520/520 [00:00<00:00, 15775.25it/s]

  0%|          | 0/520 [00:00<?, ?it/s]
100%|██████████| 520/520 [00:00<00:00, 13515.42it/s]

  0%|          | 0/1040 [00:00<?, ?it/s]
100%|██████████| 1040/1040 [00:00<00:00, 13430.04it/s]

  0%|          | 0/2080 [00:00<?, ?it/s]
 63%|██████▎   | 1313/2080 [00:00<00:00, 13092.96it/s]
100%|██████████| 2080/2080 [00:00<00:00, 13319.09it/s]

  0%|          | 0/262 [00:00<?, ?it/s]
100%|██████████| 262/262 [00:00<00:00, 20158.26it/s]

  0%|          | 0/524 [00:00<?, ?it/s]
100%|██████████| 524/524 [00:00<00:00, 19806.20it/s]

  0%|          | 0/262 [00:00<?, ?it/s]
100%|██████████| 262/262 [00:00<00:00, 18249.13it/s]

  0%|          | 0/524 [00:00<?, ?it/s]
100%|██████████| 524/524 [00:00<00:00, 17821.18it/s]

  0%|          | 0/262 [00:00<?, ?it/s]
100%|██████████| 262/262 [00:00<00:00, 16236.82it/s]

  0%|          | 0/524 [00:00<?, ?it/s]
100%|██████████| 524/524 [00:00<00:00, 20032.77it/s]

  0%|          | 0/262 [00:00<?, ?it/s]
100%|██████████| 262/262 [00:00<00:00, 14941.57it/s]

  0%|          | 0/524 [00:00<?, ?it/s]
100%|██████████| 524/524 [00:00<00:00, 14723.26it/s]

  0%|          | 0/524 [00:00<?, ?it/s]
100%|██████████| 524/524 [00:00<00:00, 16033.09it/s]

  0%|          | 0/1048 [00:00<?, ?it/s]
100%|██████████| 1048/1048 [00:00<00:00, 12926.77it/s]

  0%|          | 0/2096 [00:00<?, ?it/s]
 68%|██████▊   | 1417/2096 [00:00<00:00, 14157.32it/s]
100%|██████████| 2096/2096 [00:00<00:00, 13744.18it/s]

  0%|          | 0/264 [00:00<?, ?it/s]
100%|██████████| 264/264 [00:00<00:00, 16913.29it/s]

  0%|          | 0/528 [00:00<?, ?it/s]
100%|██████████| 528/528 [00:00<00:00, 15239.11it/s]

  0%|          | 0/264 [00:00<?, ?it/s]
100%|██████████| 264/264 [00:00<00:00, 19068.96it/s]

  0%|          | 0/528 [00:00<?, ?it/s]
100%|██████████| 528/528 [00:00<00:00, 19564.75it/s]

  0%|          | 0/264 [00:00<?, ?it/s]
100%|██████████| 264/264 [00:00<00:00, 17941.51it/s]

  0%|          | 0/528 [00:00<?, ?it/s]
100%|██████████| 528/528 [00:00<00:00, 18366.93it/s]

  0%|          | 0/264 [00:00<?, ?it/s]
100%|██████████| 264/264 [00:00<00:00, 16631.31it/s]

  0%|          | 0/528 [00:00<?, ?it/s]
100%|██████████| 528/528 [00:00<00:00, 12411.69it/s]

  0%|          | 0/528 [00:00<?, ?it/s]
100%|██████████| 528/528 [00:00<00:00, 15608.69it/s]

  0%|          | 0/1056 [00:00<?, ?it/s]
100%|██████████| 1056/1056 [00:00<00:00, 15729.14it/s]

  0%|          | 0/2112 [00:00<?, ?it/s]
 62%|██████▏   | 1311/2112 [00:00<00:00, 13107.29it/s]
100%|██████████| 2112/2112 [00:00<00:00, 13642.62it/s]

  0%|          | 0/266 [00:00<?, ?it/s]
100%|██████████| 266/266 [00:00<00:00, 18351.89it/s]

  0%|          | 0/532 [00:00<?, ?it/s]
100%|██████████| 532/532 [00:00<00:00, 19353.90it/s]

  0%|          | 0/266 [00:00<?, ?it/s]
100%|██████████| 266/266 [00:00<00:00, 19196.56it/s]

  0%|          | 0/532 [00:00<?, ?it/s]
100%|██████████| 532/532 [00:00<00:00, 14297.69it/s]

  0%|          | 0/266 [00:00<?, ?it/s]
100%|██████████| 266/266 [00:00<00:00, 18534.51it/s]

  0%|          | 0/532 [00:00<?, ?it/s]
100%|██████████| 532/532 [00:00<00:00, 18093.12it/s]

  0%|          | 0/266 [00:00<?, ?it/s]
100%|██████████| 266/266 [00:00<00:00, 12239.29it/s]

  0%|          | 0/532 [00:00<?, ?it/s]
100%|██████████| 532/532 [00:00<00:00, 12977.61it/s]

  0%|          | 0/532 [00:00<?, ?it/s]
100%|██████████| 532/532 [00:00<00:00, 11967.46it/s]

  0%|          | 0/1064 [00:00<?, ?it/s]
100%|██████████| 1064/1064 [00:00<00:00, 12647.41it/s]

  0%|          | 0/2128 [00:00<?, ?it/s]
 63%|██████▎   | 1345/2128 [00:00<00:00, 13440.69it/s]
100%|██████████| 2128/2128 [00:00<00:00, 13689.70it/s]

  0%|          | 0/268 [00:00<?, ?it/s]
100%|██████████| 268/268 [00:00<00:00, 16761.71it/s]

  0%|          | 0/536 [00:00<?, ?it/s]
100%|██████████| 536/536 [00:00<00:00, 16671.96it/s]

  0%|          | 0/268 [00:00<?, ?it/s]
100%|██████████| 268/268 [00:00<00:00, 11469.79it/s]

  0%|          | 0/536 [00:00<?, ?it/s]
100%|██████████| 536/536 [00:00<00:00, 15766.51it/s]

  0%|          | 0/268 [00:00<?, ?it/s]
100%|██████████| 268/268 [00:00<00:00, 14876.57it/s]

  0%|          | 0/536 [00:00<?, ?it/s]
100%|██████████| 536/536 [00:00<00:00, 15138.93it/s]

  0%|          | 0/268 [00:00<?, ?it/s]
100%|██████████| 268/268 [00:00<00:00, 13991.28it/s]

  0%|          | 0/536 [00:00<?, ?it/s]
100%|██████████| 536/536 [00:00<00:00, 16157.79it/s]

  0%|          | 0/536 [00:00<?, ?it/s]
100%|██████████| 536/536 [00:00<00:00, 15759.88it/s]

  0%|          | 0/1072 [00:00<?, ?it/s]
100%|██████████| 1072/1072 [00:00<00:00, 15387.99it/s]

  0%|          | 0/2144 [00:00<?, ?it/s]
 61%|██████    | 1304/2144 [00:00<00:00, 13029.20it/s]
100%|██████████| 2144/2144 [00:00<00:00, 12491.67it/s]

  0%|          | 0/270 [00:00<?, ?it/s]
100%|██████████| 270/270 [00:00<00:00, 18190.99it/s]

  0%|          | 0/540 [00:00<?, ?it/s]
100%|██████████| 540/540 [00:00<00:00, 17468.31it/s]

  0%|          | 0/270 [00:00<?, ?it/s]
100%|██████████| 270/270 [00:00<00:00, 16957.59it/s]

  0%|          | 0/540 [00:00<?, ?it/s]
100%|██████████| 540/540 [00:00<00:00, 16604.04it/s]

  0%|          | 0/270 [00:00<?, ?it/s]
100%|██████████| 270/270 [00:00<00:00, 15638.72it/s]

  0%|          | 0/540 [00:00<?, ?it/s]
100%|██████████| 540/540 [00:00<00:00, 16094.57it/s]

  0%|          | 0/270 [00:00<?, ?it/s]
100%|██████████| 270/270 [00:00<00:00, 9573.20it/s]

  0%|          | 0/540 [00:00<?, ?it/s]
 68%|██████▊   | 368/540 [00:02<00:01, 123.88it/s]
100%|██████████| 540/540 [00:02<00:00, 180.77it/s]

  0%|          | 0/540 [00:00<?, ?it/s]
100%|██████████| 540/540 [00:00<00:00, 9526.66it/s]

  0%|          | 0/1080 [00:00<?, ?it/s]
100%|██████████| 1080/1080 [00:00<00:00, 11425.88it/s]

  0%|          | 0/2160 [00:00<?, ?it/s]
 38%|███▊      | 821/2160 [00:00<00:00, 8195.37it/s]
 91%|█████████ | 1961/2160 [00:00<00:00, 10072.52it/s]
100%|██████████| 2160/2160 [00:00<00:00, 9984.55it/s] 

  0%|          | 0/272 [00:00<?, ?it/s]
100%|██████████| 272/272 [00:00<00:00, 15783.55it/s]

  0%|          | 0/544 [00:00<?, ?it/s]
100%|██████████| 544/544 [00:00<00:00, 14872.45it/s]

  0%|          | 0/272 [00:00<?, ?it/s]
100%|██████████| 272/272 [00:00<00:00, 10111.06it/s]

  0%|          | 0/544 [00:00<?, ?it/s]
100%|██████████| 544/544 [00:00<00:00, 15265.48it/s]

  0%|          | 0/272 [00:00<?, ?it/s]
100%|██████████| 272/272 [00:00<00:00, 13832.18it/s]

  0%|          | 0/544 [00:00<?, ?it/s]
100%|██████████| 544/544 [00:00<00:00, 14058.80it/s]

  0%|          | 0/272 [00:00<?, ?it/s]
100%|██████████| 272/272 [00:00<00:00, 13908.74it/s]

  0%|          | 0/544 [00:00<?, ?it/s]
100%|██████████| 544/544 [00:00<00:00, 14188.71it/s]

  0%|          | 0/544 [00:00<?, ?it/s]
100%|██████████| 544/544 [00:00<00:00, 13176.91it/s]

  0%|          | 0/1088 [00:00<?, ?it/s]
100%|██████████| 1088/1088 [00:00<00:00, 13679.80it/s]

  0%|          | 0/2176 [00:00<?, ?it/s]
 56%|█████▌    | 1210/2176 [00:00<00:00, 12094.16it/s]
100%|██████████| 2176/2176 [00:00<00:00, 12432.21it/s]

  0%|          | 0/274 [00:00<?, ?it/s]
100%|██████████| 274/274 [00:00<00:00, 17233.59it/s]

  0%|          | 0/548 [00:00<?, ?it/s]
100%|██████████| 548/548 [00:00<00:00, 10045.97it/s]

  0%|          | 0/274 [00:00<?, ?it/s]
100%|██████████| 274/274 [00:00<00:00, 17132.11it/s]

  0%|          | 0/548 [00:00<?, ?it/s]
100%|██████████| 548/548 [00:00<00:00, 15595.49it/s]

  0%|          | 0/274 [00:00<?, ?it/s]
100%|██████████| 274/274 [00:00<00:00, 16077.10it/s]

  0%|          | 0/548 [00:00<?, ?it/s]
100%|██████████| 548/548 [00:00<00:00, 15216.47it/s]

  0%|          | 0/274 [00:00<?, ?it/s]
100%|██████████| 274/274 [00:00<00:00, 12219.45it/s]

  0%|          | 0/548 [00:00<?, ?it/s]
100%|██████████| 548/548 [00:00<00:00, 16042.43it/s]

  0%|          | 0/548 [00:00<?, ?it/s]
100%|██████████| 548/548 [00:00<00:00, 16717.91it/s]

  0%|          | 0/1096 [00:00<?, ?it/s]
100%|██████████| 1096/1096 [00:00<00:00, 14162.44it/s]

  0%|          | 0/2192 [00:00<?, ?it/s]
 67%|██████▋   | 1467/2192 [00:00<00:00, 14663.55it/s]
100%|██████████| 2192/2192 [00:00<00:00, 14397.50it/s]

  0%|          | 0/276 [00:00<?, ?it/s]
100%|██████████| 276/276 [00:00<00:00, 18905.29it/s]

  0%|          | 0/552 [00:00<?, ?it/s]
100%|██████████| 552/552 [00:00<00:00, 20338.70it/s]

  0%|          | 0/276 [00:00<?, ?it/s]
100%|██████████| 276/276 [00:00<00:00, 18998.06it/s]

  0%|          | 0/552 [00:00<?, ?it/s]
100%|██████████| 552/552 [00:00<00:00, 18056.90it/s]

  0%|          | 0/276 [00:00<?, ?it/s]
100%|██████████| 276/276 [00:00<00:00, 17482.86it/s]

  0%|          | 0/552 [00:00<?, ?it/s]
100%|██████████| 552/552 [00:00<00:00, 16381.80it/s]

  0%|          | 0/276 [00:00<?, ?it/s]
100%|██████████| 276/276 [00:00<00:00, 14900.60it/s]

  0%|          | 0/552 [00:00<?, ?it/s]
100%|██████████| 552/552 [00:00<00:00, 16426.31it/s]

  0%|          | 0/552 [00:00<?, ?it/s]
100%|██████████| 552/552 [00:00<00:00, 12796.77it/s]

  0%|          | 0/1104 [00:00<?, ?it/s]
100%|██████████| 1104/1104 [00:00<00:00, 13974.47it/s]

  0%|          | 0/2208 [00:00<?, ?it/s]
 70%|██████▉   | 1544/2208 [00:00<00:00, 15437.18it/s]
100%|██████████| 2208/2208 [00:00<00:00, 14558.86it/s]

  0%|          | 0/278 [00:00<?, ?it/s]
100%|██████████| 278/278 [00:00<00:00, 16572.39it/s]

  0%|          | 0/556 [00:00<?, ?it/s]
100%|██████████| 556/556 [00:00<00:00, 19150.03it/s]

  0%|          | 0/278 [00:00<?, ?it/s]
100%|██████████| 278/278 [00:00<00:00, 18690.36it/s]

  0%|          | 0/556 [00:00<?, ?it/s]
100%|██████████| 556/556 [00:00<00:00, 18088.71it/s]

  0%|          | 0/278 [00:00<?, ?it/s]
100%|██████████| 278/278 [00:00<00:00, 17161.69it/s]

  0%|          | 0/556 [00:00<?, ?it/s]
100%|██████████| 556/556 [00:00<00:00, 14126.09it/s]

  0%|          | 0/278 [00:00<?, ?it/s]
100%|██████████| 278/278 [00:00<00:00, 12209.85it/s]

  0%|          | 0/556 [00:00<?, ?it/s]
100%|██████████| 556/556 [00:00<00:00, 15557.26it/s]

  0%|          | 0/556 [00:00<?, ?it/s]
100%|██████████| 556/556 [00:00<00:00, 16282.65it/s]

  0%|          | 0/1112 [00:00<?, ?it/s]
100%|██████████| 1112/1112 [00:00<00:00, 14107.03it/s]

  0%|          | 0/2224 [00:00<?, ?it/s]
 47%|████▋     | 1055/2224 [00:00<00:00, 10549.03it/s]
100%|██████████| 2224/2224 [00:00<00:00, 12291.23it/s]

  0%|          | 0/280 [00:00<?, ?it/s]
100%|██████████| 280/280 [00:00<00:00, 13065.50it/s]

  0%|          | 0/560 [00:00<?, ?it/s]
100%|██████████| 560/560 [00:00<00:00, 17527.65it/s]

  0%|          | 0/280 [00:00<?, ?it/s]
100%|██████████| 280/280 [00:00<00:00, 17750.18it/s]

  0%|          | 0/560 [00:00<?, ?it/s]
100%|██████████| 560/560 [00:00<00:00, 14199.16it/s]

  0%|          | 0/280 [00:00<?, ?it/s]
100%|██████████| 280/280 [00:00<00:00, 17382.63it/s]

  0%|          | 0/560 [00:00<?, ?it/s]
100%|██████████| 560/560 [00:00<00:00, 18280.96it/s]

  0%|          | 0/280 [00:00<?, ?it/s]
100%|██████████| 280/280 [00:00<00:00, 14459.73it/s]

  0%|          | 0/560 [00:00<?, ?it/s]
100%|██████████| 560/560 [00:00<00:00, 13946.81it/s]

  0%|          | 0/560 [00:00<?, ?it/s]
100%|██████████| 560/560 [00:00<00:00, 15492.96it/s]

  0%|          | 0/1120 [00:00<?, ?it/s]
100%|██████████| 1120/1120 [00:00<00:00, 13809.06it/s]

  0%|          | 0/2240 [00:00<?, ?it/s]
 66%|██████▋   | 1485/2240 [00:00<00:00, 14840.99it/s]
100%|██████████| 2240/2240 [00:00<00:00, 14877.94it/s]

  0%|          | 0/282 [00:00<?, ?it/s]
100%|██████████| 282/282 [00:00<00:00, 19438.18it/s]

  0%|          | 0/564 [00:00<?, ?it/s]
100%|██████████| 564/564 [00:00<00:00, 18789.42it/s]

  0%|          | 0/282 [00:00<?, ?it/s]
100%|██████████| 282/282 [00:00<00:00, 19380.53it/s]

  0%|          | 0/564 [00:00<?, ?it/s]
100%|██████████| 564/564 [00:00<00:00, 19996.01it/s]

  0%|          | 0/282 [00:00<?, ?it/s]
100%|██████████| 282/282 [00:00<00:00, 17279.42it/s]

  0%|          | 0/564 [00:00<?, ?it/s]
100%|██████████| 564/564 [00:00<00:00, 18344.00it/s]

  0%|          | 0/282 [00:00<?, ?it/s]
100%|██████████| 282/282 [00:00<00:00, 16315.75it/s]

  0%|          | 0/564 [00:00<?, ?it/s]
100%|██████████| 564/564 [00:00<00:00, 12903.65it/s]

  0%|          | 0/564 [00:00<?, ?it/s]
100%|██████████| 564/564 [00:00<00:00, 15084.44it/s]

  0%|          | 0/1128 [00:00<?, ?it/s]
100%|██████████| 1128/1128 [00:00<00:00, 15106.26it/s]

  0%|          | 0/2256 [00:00<?, ?it/s]
 67%|██████▋   | 1507/2256 [00:00<00:00, 15068.07it/s]
100%|██████████| 2256/2256 [00:00<00:00, 13197.95it/s]

  0%|          | 0/284 [00:00<?, ?it/s]
100%|██████████| 284/284 [00:00<00:00, 20910.78it/s]

  0%|          | 0/568 [00:00<?, ?it/s]
100%|██████████| 568/568 [00:00<00:00, 17555.98it/s]

  0%|          | 0/284 [00:00<?, ?it/s]
100%|██████████| 284/284 [00:00<00:00, 20240.30it/s]

  0%|          | 0/568 [00:00<?, ?it/s]
100%|██████████| 568/568 [00:00<00:00, 18423.81it/s]

  0%|          | 0/284 [00:00<?, ?it/s]
100%|██████████| 284/284 [00:00<00:00, 15683.36it/s]

  0%|          | 0/568 [00:00<?, ?it/s]
100%|██████████| 568/568 [00:00<00:00, 15575.18it/s]

  0%|          | 0/284 [00:00<?, ?it/s]
100%|██████████| 284/284 [00:00<00:00, 16528.82it/s]

  0%|          | 0/568 [00:00<?, ?it/s]
100%|██████████| 568/568 [00:00<00:00, 15406.57it/s]

  0%|          | 0/568 [00:00<?, ?it/s]
100%|██████████| 568/568 [00:00<00:00, 13712.40it/s]

  0%|          | 0/1136 [00:00<?, ?it/s]
100%|██████████| 1136/1136 [00:00<00:00, 13980.07it/s]

  0%|          | 0/2272 [00:00<?, ?it/s]
 62%|██████▏   | 1406/2272 [00:00<00:00, 14056.46it/s]
100%|██████████| 2272/2272 [00:00<00:00, 11780.18it/s]

  0%|          | 0/286 [00:00<?, ?it/s]
100%|██████████| 286/286 [00:00<00:00, 16098.38it/s]

  0%|          | 0/572 [00:00<?, ?it/s]
100%|██████████| 572/572 [00:00<00:00, 18519.76it/s]

  0%|          | 0/286 [00:00<?, ?it/s]
100%|██████████| 286/286 [00:00<00:00, 19775.97it/s]

  0%|          | 0/572 [00:00<?, ?it/s]
100%|██████████| 572/572 [00:00<00:00, 17750.52it/s]

  0%|          | 0/286 [00:00<?, ?it/s]
100%|██████████| 286/286 [00:00<00:00, 16827.58it/s]

  0%|          | 0/572 [00:00<?, ?it/s]
100%|██████████| 572/572 [00:00<00:00, 18288.23it/s]

  0%|          | 0/286 [00:00<?, ?it/s]
100%|██████████| 286/286 [00:00<00:00, 16522.56it/s]

  0%|          | 0/572 [00:00<?, ?it/s]
100%|██████████| 572/572 [00:00<00:00, 14740.46it/s]

  0%|          | 0/572 [00:00<?, ?it/s]
100%|██████████| 572/572 [00:00<00:00, 15127.86it/s]

  0%|          | 0/1144 [00:00<?, ?it/s]
100%|██████████| 1144/1144 [00:00<00:00, 14818.57it/s]

  0%|          | 0/2288 [00:00<?, ?it/s]
 55%|█████▌    | 1264/2288 [00:00<00:00, 12634.38it/s]
100%|██████████| 2288/2288 [00:00<00:00, 11961.65it/s]

  0%|          | 0/288 [00:00<?, ?it/s]
100%|██████████| 288/288 [00:00<00:00, 14893.77it/s]

  0%|          | 0/576 [00:00<?, ?it/s]
100%|██████████| 576/576 [00:00<00:00, 13251.35it/s]

  0%|          | 0/288 [00:00<?, ?it/s]
100%|██████████| 288/288 [00:00<00:00, 16928.40it/s]

  0%|          | 0/576 [00:00<?, ?it/s]
100%|██████████| 576/576 [00:00<00:00, 14665.93it/s]

  0%|          | 0/288 [00:00<?, ?it/s]
100%|██████████| 288/288 [00:00<00:00, 18252.64it/s]

  0%|          | 0/576 [00:00<?, ?it/s]
100%|██████████| 576/576 [00:00<00:00, 16523.74it/s]

  0%|          | 0/288 [00:00<?, ?it/s]
100%|██████████| 288/288 [00:00<00:00, 12892.19it/s]

  0%|          | 0/576 [00:00<?, ?it/s]
100%|██████████| 576/576 [00:00<00:00, 15409.81it/s]

  0%|          | 0/576 [00:00<?, ?it/s]
100%|██████████| 576/576 [00:00<00:00, 15358.09it/s]

  0%|          | 0/1152 [00:00<?, ?it/s]
100%|██████████| 1152/1152 [00:00<00:00, 16593.19it/s]

  0%|          | 0/2304 [00:00<?, ?it/s]
 60%|█████▉    | 1380/2304 [00:00<00:00, 13799.32it/s]
100%|██████████| 2304/2304 [00:00<00:00, 12003.79it/s]

  0%|          | 0/290 [00:00<?, ?it/s]
100%|██████████| 290/290 [00:00<00:00, 16837.37it/s]

  0%|          | 0/580 [00:00<?, ?it/s]
100%|██████████| 580/580 [00:00<00:00, 17953.88it/s]

  0%|          | 0/290 [00:00<?, ?it/s]
100%|██████████| 290/290 [00:00<00:00, 14373.56it/s]

  0%|          | 0/580 [00:00<?, ?it/s]
100%|██████████| 580/580 [00:00<00:00, 16985.26it/s]

  0%|          | 0/290 [00:00<?, ?it/s]
100%|██████████| 290/290 [00:00<00:00, 12396.03it/s]

  0%|          | 0/580 [00:00<?, ?it/s]
100%|██████████| 580/580 [00:00<00:00, 14292.32it/s]

  0%|          | 0/290 [00:00<?, ?it/s]
100%|██████████| 290/290 [00:00<00:00, 11801.30it/s]

  0%|          | 0/580 [00:00<?, ?it/s]
100%|██████████| 580/580 [00:00<00:00, 11533.58it/s]

  0%|          | 0/580 [00:00<?, ?it/s]
100%|██████████| 580/580 [00:00<00:00, 13978.36it/s]

  0%|          | 0/1160 [00:00<?, ?it/s]
100%|██████████| 1160/1160 [00:00<00:00, 11905.81it/s]

  0%|          | 0/2320 [00:00<?, ?it/s]
 60%|█████▉    | 1382/2320 [00:00<00:00, 13797.51it/s]
100%|██████████| 2320/2320 [00:00<00:00, 11923.58it/s]

  0%|          | 0/292 [00:00<?, ?it/s]
100%|██████████| 292/292 [00:00<00:00, 17681.39it/s]

  0%|          | 0/584 [00:00<?, ?it/s]
100%|██████████| 584/584 [00:00<00:00, 17075.33it/s]

  0%|          | 0/292 [00:00<?, ?it/s]
100%|██████████| 292/292 [00:00<00:00, 14331.11it/s]

  0%|          | 0/584 [00:00<?, ?it/s]
100%|██████████| 584/584 [00:00<00:00, 17445.77it/s]

  0%|          | 0/292 [00:00<?, ?it/s]
100%|██████████| 292/292 [00:00<00:00, 15257.33it/s]

  0%|          | 0/584 [00:00<?, ?it/s]
100%|██████████| 584/584 [00:00<00:00, 12709.48it/s]

  0%|          | 0/292 [00:00<?, ?it/s]
100%|██████████| 292/292 [00:00<00:00, 13256.88it/s]

  0%|          | 0/584 [00:00<?, ?it/s]
100%|██████████| 584/584 [00:00<00:00, 13385.91it/s]

  0%|          | 0/584 [00:00<?, ?it/s]
100%|██████████| 584/584 [00:00<00:00, 14756.58it/s]

  0%|          | 0/1168 [00:00<?, ?it/s]
100%|██████████| 1168/1168 [00:00<00:00, 14634.99it/s]

  0%|          | 0/2336 [00:00<?, ?it/s]
 54%|█████▎    | 1250/2336 [00:00<00:00, 12493.22it/s]
100%|██████████| 2336/2336 [00:00<00:00, 11435.64it/s]

  0%|          | 0/294 [00:00<?, ?it/s]
100%|██████████| 294/294 [00:00<00:00, 12919.61it/s]

  0%|          | 0/588 [00:00<?, ?it/s]
100%|██████████| 588/588 [00:00<00:00, 13575.37it/s]

  0%|          | 0/294 [00:00<?, ?it/s]
100%|██████████| 294/294 [00:00<00:00, 13421.04it/s]

  0%|          | 0/588 [00:00<?, ?it/s]
100%|██████████| 588/588 [00:00<00:00, 16487.07it/s]

  0%|          | 0/294 [00:00<?, ?it/s]
100%|██████████| 294/294 [00:00<00:00, 12663.16it/s]

  0%|          | 0/588 [00:00<?, ?it/s]
100%|██████████| 588/588 [00:00<00:00, 14629.04it/s]

  0%|          | 0/294 [00:00<?, ?it/s]
100%|██████████| 294/294 [00:00<00:00, 14764.26it/s]

  0%|          | 0/588 [00:00<?, ?it/s]
100%|██████████| 588/588 [00:00<00:00, 14303.74it/s]

  0%|          | 0/588 [00:00<?, ?it/s]
100%|██████████| 588/588 [00:00<00:00, 12331.81it/s]

  0%|          | 0/1176 [00:00<?, ?it/s]
100%|██████████| 1176/1176 [00:00<00:00, 13816.11it/s]

  0%|          | 0/2352 [00:00<?, ?it/s]
 61%|██████    | 1432/2352 [00:00<00:00, 14316.12it/s]
100%|██████████| 2352/2352 [00:00<00:00, 11905.64it/s]

  0%|          | 0/296 [00:00<?, ?it/s]
100%|██████████| 296/296 [00:00<00:00, 16478.60it/s]

  0%|          | 0/592 [00:00<?, ?it/s]
100%|██████████| 592/592 [00:00<00:00, 15535.43it/s]

  0%|          | 0/296 [00:00<?, ?it/s]
100%|██████████| 296/296 [00:00<00:00, 14497.06it/s]

  0%|          | 0/592 [00:00<?, ?it/s]
100%|██████████| 592/592 [00:00<00:00, 12181.26it/s]

  0%|          | 0/296 [00:00<?, ?it/s]
100%|██████████| 296/296 [00:00<00:00, 13164.18it/s]

  0%|          | 0/592 [00:00<?, ?it/s]
100%|██████████| 592/592 [00:00<00:00, 15591.33it/s]

  0%|          | 0/296 [00:00<?, ?it/s]
100%|██████████| 296/296 [00:00<00:00, 13887.03it/s]

  0%|          | 0/592 [00:00<?, ?it/s]
100%|██████████| 592/592 [00:00<00:00, 14863.27it/s]

  0%|          | 0/592 [00:00<?, ?it/s]
100%|██████████| 592/592 [00:00<00:00, 14597.12it/s]

  0%|          | 0/1184 [00:00<?, ?it/s]
100%|██████████| 1184/1184 [00:00<00:00, 14861.09it/s]

  0%|          | 0/2368 [00:00<?, ?it/s]
 29%|██▉       | 692/2368 [00:00<00:00, 6918.08it/s]
 88%|████████▊ | 2073/2368 [00:00<00:00, 10970.66it/s]
100%|██████████| 2368/2368 [00:00<00:00, 10705.26it/s]

  0%|          | 0/298 [00:00<?, ?it/s]
100%|██████████| 298/298 [00:00<00:00, 19755.37it/s]

  0%|          | 0/596 [00:00<?, ?it/s]
100%|██████████| 596/596 [00:00<00:00, 16970.96it/s]

  0%|          | 0/298 [00:00<?, ?it/s]
100%|██████████| 298/298 [00:00<00:00, 17456.74it/s]

  0%|          | 0/596 [00:00<?, ?it/s]
100%|██████████| 596/596 [00:00<00:00, 16456.26it/s]

  0%|          | 0/298 [00:00<?, ?it/s]
100%|██████████| 298/298 [00:00<00:00, 18240.36it/s]

  0%|          | 0/596 [00:00<?, ?it/s]
100%|██████████| 596/596 [00:00<00:00, 16643.62it/s]

  0%|          | 0/298 [00:00<?, ?it/s]
100%|██████████| 298/298 [00:00<00:00, 14452.92it/s]

  0%|          | 0/596 [00:00<?, ?it/s]
100%|██████████| 596/596 [00:00<00:00, 12962.97it/s]

  0%|          | 0/596 [00:00<?, ?it/s]
100%|██████████| 596/596 [00:00<00:00, 14487.26it/s]

  0%|          | 0/1192 [00:00<?, ?it/s]
100%|██████████| 1192/1192 [00:00<00:00, 14136.97it/s]

  0%|          | 0/2384 [00:00<?, ?it/s]
 51%|█████▏    | 1225/2384 [00:00<00:00, 12247.27it/s]
100%|██████████| 2384/2384 [00:00<00:00, 10011.90it/s]

  0%|          | 0/300 [00:00<?, ?it/s]
100%|██████████| 300/300 [00:00<00:00, 18111.95it/s]

  0%|          | 0/600 [00:00<?, ?it/s]
100%|██████████| 600/600 [00:00<00:00, 14725.38it/s]

  0%|          | 0/300 [00:00<?, ?it/s]
100%|██████████| 300/300 [00:00<00:00, 17240.41it/s]

  0%|          | 0/600 [00:00<?, ?it/s]
100%|██████████| 600/600 [00:00<00:00, 16262.77it/s]

  0%|          | 0/300 [00:00<?, ?it/s]
100%|██████████| 300/300 [00:00<00:00, 12406.74it/s]

  0%|          | 0/600 [00:00<?, ?it/s]
100%|██████████| 600/600 [00:00<00:00, 16249.75it/s]

  0%|          | 0/300 [00:00<?, ?it/s]
100%|██████████| 300/300 [00:00<00:00, 10275.12it/s]

  0%|          | 0/600 [00:00<?, ?it/s]
100%|██████████| 600/600 [00:00<00:00, 12450.07it/s]

  0%|          | 0/600 [00:00<?, ?it/s]
100%|██████████| 600/600 [00:00<00:00, 12177.88it/s]

  0%|          | 0/1200 [00:00<?, ?it/s]
100%|██████████| 1200/1200 [00:00<00:00, 12429.96it/s]

  0%|          | 0/2400 [00:00<?, ?it/s]
 50%|█████     | 1201/2400 [00:00<00:00, 11997.57it/s]
100%|██████████| 2400/2400 [00:00<00:00, 10764.03it/s]

  0%|          | 0/302 [00:00<?, ?it/s]
100%|██████████| 302/302 [00:00<00:00, 17480.85it/s]

  0%|          | 0/604 [00:00<?, ?it/s]
100%|██████████| 604/604 [00:00<00:00, 12377.72it/s]

  0%|          | 0/302 [00:00<?, ?it/s]
100%|██████████| 302/302 [00:00<00:00, 18026.41it/s]

  0%|          | 0/604 [00:00<?, ?it/s]
100%|██████████| 604/604 [00:00<00:00, 17915.25it/s]

  0%|          | 0/302 [00:00<?, ?it/s]
100%|██████████| 302/302 [00:00<00:00, 13218.95it/s]

  0%|          | 0/604 [00:00<?, ?it/s]
100%|██████████| 604/604 [00:00<00:00, 14549.92it/s]

  0%|          | 0/302 [00:00<?, ?it/s]
100%|██████████| 302/302 [00:00<00:00, 16048.75it/s]

  0%|          | 0/604 [00:00<?, ?it/s]
100%|██████████| 604/604 [00:00<00:00, 14277.76it/s]

  0%|          | 0/604 [00:00<?, ?it/s]
100%|██████████| 604/604 [00:00<00:00, 13377.83it/s]

  0%|          | 0/1208 [00:00<?, ?it/s]
100%|██████████| 1208/1208 [00:00<00:00, 14096.46it/s]

  0%|          | 0/2416 [00:00<?, ?it/s]
 55%|█████▌    | 1331/2416 [00:00<00:00, 13309.73it/s]
100%|██████████| 2416/2416 [00:00<00:00, 11903.58it/s]

  0%|          | 0/304 [00:00<?, ?it/s]
100%|██████████| 304/304 [00:00<00:00, 15213.25it/s]

  0%|          | 0/608 [00:00<?, ?it/s]
100%|██████████| 608/608 [00:00<00:00, 15459.59it/s]

  0%|          | 0/304 [00:00<?, ?it/s]
100%|██████████| 304/304 [00:00<00:00, 12244.26it/s]

  0%|          | 0/608 [00:00<?, ?it/s]
100%|██████████| 608/608 [00:00<00:00, 17171.48it/s]

  0%|          | 0/304 [00:00<?, ?it/s]
100%|██████████| 304/304 [00:00<00:00, 15539.95it/s]

  0%|          | 0/608 [00:00<?, ?it/s]
100%|██████████| 608/608 [00:00<00:00, 16141.84it/s]

  0%|          | 0/304 [00:00<?, ?it/s]
100%|██████████| 304/304 [00:00<00:00, 11787.96it/s]

  0%|          | 0/608 [00:00<?, ?it/s]
100%|██████████| 608/608 [00:00<00:00, 15346.92it/s]

  0%|          | 0/608 [00:00<?, ?it/s]
100%|██████████| 608/608 [00:00<00:00, 15211.62it/s]

  0%|          | 0/1216 [00:00<?, ?it/s]
100%|██████████| 1216/1216 [00:00<00:00, 13495.11it/s]

  0%|          | 0/2432 [00:00<?, ?it/s]
 52%|█████▏    | 1273/2432 [00:00<00:00, 12726.13it/s]
100%|██████████| 2432/2432 [00:00<00:00, 11221.07it/s]

  0%|          | 0/306 [00:00<?, ?it/s]
100%|██████████| 306/306 [00:00<00:00, 18138.94it/s]

  0%|          | 0/612 [00:00<?, ?it/s]
100%|██████████| 612/612 [00:00<00:00, 18003.96it/s]

  0%|          | 0/306 [00:00<?, ?it/s]
100%|██████████| 306/306 [00:00<00:00, 15325.41it/s]

  0%|          | 0/612 [00:00<?, ?it/s]
100%|██████████| 612/612 [00:00<00:00, 18646.50it/s]

  0%|          | 0/306 [00:00<?, ?it/s]
100%|██████████| 306/306 [00:00<00:00, 16351.02it/s]

  0%|          | 0/612 [00:00<?, ?it/s]
100%|██████████| 612/612 [00:00<00:00, 14316.71it/s]

  0%|          | 0/306 [00:00<?, ?it/s]
100%|██████████| 306/306 [00:00<00:00, 15296.91it/s]

  0%|          | 0/612 [00:00<?, ?it/s]
100%|██████████| 612/612 [00:00<00:00, 12567.82it/s]

  0%|          | 0/612 [00:00<?, ?it/s]
100%|██████████| 612/612 [00:00<00:00, 13678.03it/s]

  0%|          | 0/1224 [00:00<?, ?it/s]
100%|██████████| 1224/1224 [00:00<00:00, 14679.66it/s]

  0%|          | 0/2448 [00:00<?, ?it/s]
 56%|█████▌    | 1372/2448 [00:00<00:00, 13718.57it/s]
100%|██████████| 2448/2448 [00:00<00:00, 11510.37it/s]

  0%|          | 0/308 [00:00<?, ?it/s]
100%|██████████| 308/308 [00:00<00:00, 16538.80it/s]

  0%|          | 0/616 [00:00<?, ?it/s]
100%|██████████| 616/616 [00:00<00:00, 14735.41it/s]

  0%|          | 0/308 [00:00<?, ?it/s]
100%|██████████| 308/308 [00:00<00:00, 17767.59it/s]

  0%|          | 0/616 [00:00<?, ?it/s]
100%|██████████| 616/616 [00:00<00:00, 16867.03it/s]

  0%|          | 0/308 [00:00<?, ?it/s]
100%|██████████| 308/308 [00:00<00:00, 14306.79it/s]

  0%|          | 0/616 [00:00<?, ?it/s]
100%|██████████| 616/616 [00:00<00:00, 15487.43it/s]

  0%|          | 0/308 [00:00<?, ?it/s]
100%|██████████| 308/308 [00:00<00:00, 11231.98it/s]

  0%|          | 0/616 [00:00<?, ?it/s]
100%|██████████| 616/616 [00:00<00:00, 14388.21it/s]

  0%|          | 0/616 [00:00<?, ?it/s]
100%|██████████| 616/616 [00:00<00:00, 13151.37it/s]

  0%|          | 0/1232 [00:00<?, ?it/s]
100%|██████████| 1232/1232 [00:00<00:00, 14071.40it/s]

  0%|          | 0/2464 [00:00<?, ?it/s]
 49%|████▉     | 1212/2464 [00:00<00:00, 12112.04it/s]
 98%|█████████▊| 2424/2464 [00:00<00:00, 11885.84it/s]
100%|██████████| 2464/2464 [00:00<00:00, 11933.29it/s]

  0%|          | 0/310 [00:00<?, ?it/s]
100%|██████████| 310/310 [00:00<00:00, 12813.47it/s]

  0%|          | 0/620 [00:00<?, ?it/s]
100%|██████████| 620/620 [00:00<00:00, 15252.37it/s]

  0%|          | 0/310 [00:00<?, ?it/s]
100%|██████████| 310/310 [00:00<00:00, 15829.10it/s]

  0%|          | 0/620 [00:00<?, ?it/s]
100%|██████████| 620/620 [00:00<00:00, 16413.47it/s]

  0%|          | 0/310 [00:00<?, ?it/s]
100%|██████████| 310/310 [00:00<00:00, 15213.11it/s]

  0%|          | 0/620 [00:00<?, ?it/s]
100%|██████████| 620/620 [00:00<00:00, 12288.79it/s]

  0%|          | 0/310 [00:00<?, ?it/s]
100%|██████████| 310/310 [00:00<00:00, 14855.58it/s]

  0%|          | 0/620 [00:00<?, ?it/s]
100%|██████████| 620/620 [00:00<00:00, 14299.21it/s]

  0%|          | 0/620 [00:00<?, ?it/s]
100%|██████████| 620/620 [00:00<00:00, 14240.64it/s]

  0%|          | 0/1240 [00:00<?, ?it/s]
100%|██████████| 1240/1240 [00:00<00:00, 13946.11it/s]

  0%|          | 0/2480 [00:00<?, ?it/s]
 57%|█████▋    | 1414/2480 [00:00<00:00, 14137.38it/s]
100%|██████████| 2480/2480 [00:00<00:00, 11034.54it/s]

  0%|          | 0/312 [00:00<?, ?it/s]
100%|██████████| 312/312 [00:00<00:00, 17002.39it/s]

  0%|          | 0/624 [00:00<?, ?it/s]
100%|██████████| 624/624 [00:00<00:00, 19781.01it/s]

  0%|          | 0/312 [00:00<?, ?it/s]
100%|██████████| 312/312 [00:00<00:00, 16024.08it/s]

  0%|          | 0/624 [00:00<?, ?it/s]
100%|██████████| 624/624 [00:00<00:00, 14747.70it/s]

  0%|          | 0/312 [00:00<?, ?it/s]
100%|██████████| 312/312 [00:00<00:00, 16728.32it/s]

  0%|          | 0/624 [00:00<?, ?it/s]
100%|██████████| 624/624 [00:00<00:00, 12968.15it/s]

  0%|          | 0/312 [00:00<?, ?it/s]
100%|██████████| 312/312 [00:00<00:00, 15591.65it/s]

  0%|          | 0/624 [00:00<?, ?it/s]
100%|██████████| 624/624 [00:00<00:00, 12080.19it/s]

  0%|          | 0/624 [00:00<?, ?it/s]
100%|██████████| 624/624 [00:00<00:00, 10473.88it/s]

  0%|          | 0/1248 [00:00<?, ?it/s]
 98%|█████████▊| 1229/1248 [00:00<00:00, 12282.66it/s]
100%|██████████| 1248/1248 [00:00<00:00, 12199.76it/s]

  0%|          | 0/2496 [00:00<?, ?it/s]
 48%|████▊     | 1189/2496 [00:00<00:00, 11880.10it/s]
 95%|█████████▌| 2378/2496 [00:00<00:00, 11214.60it/s]
100%|██████████| 2496/2496 [00:00<00:00, 10859.15it/s]

  0%|          | 0/314 [00:00<?, ?it/s]
100%|██████████| 314/314 [00:00<00:00, 16675.89it/s]

  0%|          | 0/628 [00:00<?, ?it/s]
100%|██████████| 628/628 [00:00<00:00, 18352.36it/s]

  0%|          | 0/314 [00:00<?, ?it/s]
100%|██████████| 314/314 [00:00<00:00, 16910.56it/s]

  0%|          | 0/628 [00:00<?, ?it/s]
100%|██████████| 628/628 [00:00<00:00, 13896.78it/s]

  0%|          | 0/314 [00:00<?, ?it/s]
100%|██████████| 314/314 [00:00<00:00, 14840.57it/s]

  0%|          | 0/628 [00:00<?, ?it/s]
100%|██████████| 628/628 [00:00<00:00, 15090.10it/s]

  0%|          | 0/314 [00:00<?, ?it/s]
100%|██████████| 314/314 [00:00<00:00, 12591.77it/s]

  0%|          | 0/628 [00:00<?, ?it/s]
100%|██████████| 628/628 [00:00<00:00, 12201.05it/s]

  0%|          | 0/628 [00:00<?, ?it/s]
100%|██████████| 628/628 [00:00<00:00, 14362.02it/s]

  0%|          | 0/1256 [00:00<?, ?it/s]
 91%|█████████ | 1145/1256 [00:00<00:00, 11447.20it/s]
100%|██████████| 1256/1256 [00:00<00:00, 11576.80it/s]

  0%|          | 0/2512 [00:00<?, ?it/s]
 50%|█████     | 1256/2512 [00:00<00:00, 12556.45it/s]
100%|██████████| 2512/2512 [00:00<00:00, 9974.16it/s] 
100%|██████████| 2512/2512 [00:00<00:00, 10283.68it/s]

  0%|          | 0/316 [00:00<?, ?it/s]
100%|██████████| 316/316 [00:00<00:00, 13828.00it/s]

  0%|          | 0/632 [00:00<?, ?it/s]
100%|██████████| 632/632 [00:00<00:00, 14471.88it/s]

  0%|          | 0/316 [00:00<?, ?it/s]
100%|██████████| 316/316 [00:00<00:00, 11879.86it/s]

  0%|          | 0/632 [00:00<?, ?it/s]
100%|██████████| 632/632 [00:00<00:00, 14538.47it/s]

  0%|          | 0/316 [00:00<?, ?it/s]
100%|██████████| 316/316 [00:00<00:00, 13501.21it/s]

  0%|          | 0/632 [00:00<?, ?it/s]
100%|██████████| 632/632 [00:00<00:00, 12224.46it/s]

  0%|          | 0/316 [00:00<?, ?it/s]
100%|██████████| 316/316 [00:00<00:00, 13348.37it/s]

  0%|          | 0/632 [00:00<?, ?it/s]
100%|██████████| 632/632 [00:00<00:00, 14500.70it/s]

  0%|          | 0/632 [00:00<?, ?it/s]
100%|██████████| 632/632 [00:00<00:00, 13714.96it/s]

  0%|          | 0/1264 [00:00<?, ?it/s]
100%|██████████| 1264/1264 [00:00<00:00, 13129.37it/s]

  0%|          | 0/2528 [00:00<?, ?it/s]
 48%|████▊     | 1210/2528 [00:00<00:00, 12085.49it/s]
 96%|█████████▌| 2419/2528 [00:00<00:00, 11633.45it/s]
100%|██████████| 2528/2528 [00:00<00:00, 11047.22it/s]

  0%|          | 0/318 [00:00<?, ?it/s]
100%|██████████| 318/318 [00:00<00:00, 17599.17it/s]

  0%|          | 0/636 [00:00<?, ?it/s]
100%|██████████| 636/636 [00:00<00:00, 13188.01it/s]

  0%|          | 0/318 [00:00<?, ?it/s]
100%|██████████| 318/318 [00:00<00:00, 17774.61it/s]

  0%|          | 0/636 [00:00<?, ?it/s]
100%|██████████| 636/636 [00:00<00:00, 17202.63it/s]

  0%|          | 0/318 [00:00<?, ?it/s]
100%|██████████| 318/318 [00:00<00:00, 16996.35it/s]

  0%|          | 0/636 [00:00<?, ?it/s]
100%|██████████| 636/636 [00:00<00:00, 13501.87it/s]

  0%|          | 0/318 [00:00<?, ?it/s]
100%|██████████| 318/318 [00:00<00:00, 12652.74it/s]

  0%|          | 0/636 [00:00<?, ?it/s]
100%|██████████| 636/636 [00:00<00:00, 11061.53it/s]

  0%|          | 0/636 [00:00<?, ?it/s]
100%|██████████| 636/636 [00:00<00:00, 13407.54it/s]

  0%|          | 0/1272 [00:00<?, ?it/s]
100%|██████████| 1272/1272 [00:00<00:00, 12790.52it/s]

  0%|          | 0/2544 [00:00<?, ?it/s]
 49%|████▊     | 1239/2544 [00:00<00:00, 12389.21it/s]
 97%|█████████▋| 2478/2544 [00:00<00:00, 10751.55it/s]
100%|██████████| 2544/2544 [00:00<00:00, 10673.20it/s]

  0%|          | 0/320 [00:00<?, ?it/s]
100%|██████████| 320/320 [00:00<00:00, 15262.94it/s]

  0%|          | 0/640 [00:00<?, ?it/s]
100%|██████████| 640/640 [00:00<00:00, 14104.50it/s]

  0%|          | 0/320 [00:00<?, ?it/s]
100%|██████████| 320/320 [00:00<00:00, 17565.93it/s]

  0%|          | 0/640 [00:00<?, ?it/s]
100%|██████████| 640/640 [00:00<00:00, 16668.04it/s]

  0%|          | 0/320 [00:00<?, ?it/s]
100%|██████████| 320/320 [00:00<00:00, 15421.48it/s]

  0%|          | 0/640 [00:00<?, ?it/s]
100%|██████████| 640/640 [00:00<00:00, 15743.92it/s]

  0%|          | 0/320 [00:00<?, ?it/s]
100%|██████████| 320/320 [00:00<00:00, 10532.58it/s]

  0%|          | 0/640 [00:00<?, ?it/s]
100%|██████████| 640/640 [00:00<00:00, 13661.67it/s]

  0%|          | 0/640 [00:00<?, ?it/s]
100%|██████████| 640/640 [00:00<00:00, 11676.34it/s]

  0%|          | 0/1280 [00:00<?, ?it/s]
100%|██████████| 1280/1280 [00:00<00:00, 12795.92it/s]
100%|██████████| 1280/1280 [00:00<00:00, 12769.75it/s]

  0%|          | 0/2560 [00:00<?, ?it/s]
 53%|█████▎    | 1354/2560 [00:00<00:00, 13536.20it/s]
100%|██████████| 2560/2560 [00:00<00:00, 10992.93it/s]

  0%|          | 0/322 [00:00<?, ?it/s]
100%|██████████| 322/322 [00:00<00:00, 15321.75it/s]

  0%|          | 0/644 [00:00<?, ?it/s]
100%|██████████| 644/644 [00:00<00:00, 16713.27it/s]

  0%|          | 0/322 [00:00<?, ?it/s]
100%|██████████| 322/322 [00:00<00:00, 15573.87it/s]

  0%|          | 0/644 [00:00<?, ?it/s]
100%|██████████| 644/644 [00:00<00:00, 14277.27it/s]

  0%|          | 0/322 [00:00<?, ?it/s]
100%|██████████| 322/322 [00:00<00:00, 10642.34it/s]

  0%|          | 0/644 [00:00<?, ?it/s]
100%|██████████| 644/644 [00:00<00:00, 15858.79it/s]

  0%|          | 0/322 [00:00<?, ?it/s]
100%|██████████| 322/322 [00:00<00:00, 9184.96it/s]

  0%|          | 0/644 [00:00<?, ?it/s]
100%|██████████| 644/644 [00:00<00:00, 12558.03it/s]

  0%|          | 0/644 [00:00<?, ?it/s]
100%|██████████| 644/644 [00:00<00:00, 14079.98it/s]

  0%|          | 0/1288 [00:00<?, ?it/s]
 82%|████████▏ | 1054/1288 [00:00<00:00, 10537.82it/s]
100%|██████████| 1288/1288 [00:00<00:00, 11000.69it/s]

  0%|          | 0/2576 [00:00<?, ?it/s]
 45%|████▍     | 1148/2576 [00:00<00:00, 11479.71it/s]
 89%|████████▉ | 2296/2576 [00:00<00:00, 10973.46it/s]
100%|██████████| 2576/2576 [00:00<00:00, 10441.88it/s]

  0%|          | 0/324 [00:00<?, ?it/s]
100%|██████████| 324/324 [00:00<00:00, 18285.67it/s]

  0%|          | 0/648 [00:00<?, ?it/s]
100%|██████████| 648/648 [00:00<00:00, 18942.38it/s]

  0%|          | 0/324 [00:00<?, ?it/s]
100%|██████████| 324/324 [00:00<00:00, 16696.62it/s]

  0%|          | 0/648 [00:00<?, ?it/s]
100%|██████████| 648/648 [00:00<00:00, 16815.10it/s]

  0%|          | 0/324 [00:00<?, ?it/s]
100%|██████████| 324/324 [00:00<00:00, 15679.10it/s]

  0%|          | 0/648 [00:00<?, ?it/s]
100%|██████████| 648/648 [00:00<00:00, 12824.56it/s]

  0%|          | 0/324 [00:00<?, ?it/s]
100%|██████████| 324/324 [00:00<00:00, 14929.30it/s]

  0%|          | 0/648 [00:00<?, ?it/s]
100%|██████████| 648/648 [00:00<00:00, 11999.92it/s]

  0%|          | 0/648 [00:00<?, ?it/s]
100%|██████████| 648/648 [00:00<00:00, 14925.86it/s]

  0%|          | 0/1296 [00:00<?, ?it/s]
 93%|█████████▎| 1207/1296 [00:00<00:00, 12064.06it/s]
100%|██████████| 1296/1296 [00:00<00:00, 11750.17it/s]

  0%|          | 0/2592 [00:00<?, ?it/s]
 44%|████▍     | 1141/2592 [00:00<00:00, 11401.61it/s]
 88%|████████▊ | 2282/2592 [00:00<00:00, 10653.10it/s]
100%|██████████| 2592/2592 [00:00<00:00, 10160.49it/s]

  0%|          | 0/326 [00:00<?, ?it/s]
100%|██████████| 326/326 [00:00<00:00, 13787.31it/s]

  0%|          | 0/652 [00:00<?, ?it/s]
100%|██████████| 652/652 [00:00<00:00, 15972.98it/s]

  0%|          | 0/326 [00:00<?, ?it/s]
100%|██████████| 326/326 [00:00<00:00, 15399.05it/s]

  0%|          | 0/652 [00:00<?, ?it/s]
100%|██████████| 652/652 [00:00<00:00, 15953.23it/s]

  0%|          | 0/326 [00:00<?, ?it/s]
100%|██████████| 326/326 [00:00<00:00, 16211.89it/s]

  0%|          | 0/652 [00:00<?, ?it/s]
100%|██████████| 652/652 [00:00<00:00, 15746.36it/s]

  0%|          | 0/326 [00:00<?, ?it/s]
100%|██████████| 326/326 [00:00<00:00, 14433.35it/s]

  0%|          | 0/652 [00:00<?, ?it/s]
100%|██████████| 652/652 [00:00<00:00, 14499.62it/s]

  0%|          | 0/652 [00:00<?, ?it/s]
100%|██████████| 652/652 [00:00<00:00, 12122.32it/s]

  0%|          | 0/1304 [00:00<?, ?it/s]
 95%|█████████▍| 1237/1304 [00:00<00:00, 12369.69it/s]
100%|██████████| 1304/1304 [00:00<00:00, 12422.01it/s]

  0%|          | 0/2608 [00:00<?, ?it/s]
 47%|████▋     | 1217/2608 [00:00<00:00, 12166.76it/s]
 93%|█████████▎| 2434/2608 [00:00<00:00, 10924.31it/s]
100%|██████████| 2608/2608 [00:00<00:00, 11173.76it/s]

  0%|          | 0/328 [00:00<?, ?it/s]
100%|██████████| 328/328 [00:00<00:00, 16652.93it/s]

  0%|          | 0/656 [00:00<?, ?it/s]
100%|██████████| 656/656 [00:00<00:00, 16661.80it/s]

  0%|          | 0/328 [00:00<?, ?it/s]
100%|██████████| 328/328 [00:00<00:00, 15815.19it/s]

  0%|          | 0/656 [00:00<?, ?it/s]
100%|██████████| 656/656 [00:00<00:00, 16887.81it/s]

  0%|          | 0/328 [00:00<?, ?it/s]
100%|██████████| 328/328 [00:00<00:00, 14120.21it/s]

  0%|          | 0/656 [00:00<?, ?it/s]
100%|██████████| 656/656 [00:00<00:00, 15767.79it/s]

  0%|          | 0/328 [00:00<?, ?it/s]
100%|██████████| 328/328 [00:00<00:00, 15622.66it/s]

  0%|          | 0/656 [00:00<?, ?it/s]
100%|██████████| 656/656 [00:00<00:00, 13081.90it/s]

  0%|          | 0/656 [00:00<?, ?it/s]
100%|██████████| 656/656 [00:00<00:00, 9545.94it/s]

  0%|          | 0/1312 [00:00<?, ?it/s]
 82%|████████▏ | 1082/1312 [00:00<00:00, 10810.40it/s]
100%|██████████| 1312/1312 [00:00<00:00, 11185.58it/s]

  0%|          | 0/2624 [00:00<?, ?it/s]
 47%|████▋     | 1246/2624 [00:00<00:00, 12453.24it/s]
 95%|█████████▍| 2492/2624 [00:00<00:00, 10433.17it/s]
100%|██████████| 2624/2624 [00:00<00:00, 10797.47it/s]

  0%|          | 0/330 [00:00<?, ?it/s]
100%|██████████| 330/330 [00:00<00:00, 13945.38it/s]

  0%|          | 0/660 [00:00<?, ?it/s]
100%|██████████| 660/660 [00:00<00:00, 12587.83it/s]

  0%|          | 0/330 [00:00<?, ?it/s]
100%|██████████| 330/330 [00:00<00:00, 15901.20it/s]

  0%|          | 0/660 [00:00<?, ?it/s]
100%|██████████| 660/660 [00:00<00:00, 16543.70it/s]

  0%|          | 0/330 [00:00<?, ?it/s]
100%|██████████| 330/330 [00:00<00:00, 16607.12it/s]

  0%|          | 0/660 [00:00<?, ?it/s]
100%|██████████| 660/660 [00:00<00:00, 16213.57it/s]

  0%|          | 0/330 [00:00<?, ?it/s]
100%|██████████| 330/330 [00:00<00:00, 14042.86it/s]

  0%|          | 0/660 [00:00<?, ?it/s]
100%|██████████| 660/660 [00:00<00:00, 14353.33it/s]

  0%|          | 0/660 [00:00<?, ?it/s]
100%|██████████| 660/660 [00:00<00:00, 13308.98it/s]

  0%|          | 0/1320 [00:00<?, ?it/s]
 87%|████████▋ | 1145/1320 [00:00<00:00, 11444.77it/s]
100%|██████████| 1320/1320 [00:00<00:00, 11571.32it/s]

  0%|          | 0/2640 [00:00<?, ?it/s]
 46%|████▌     | 1219/2640 [00:00<00:00, 12185.71it/s]
 92%|█████████▏| 2438/2640 [00:00<00:00, 10613.01it/s]
100%|██████████| 2640/2640 [00:00<00:00, 10971.07it/s]

  0%|          | 0/332 [00:00<?, ?it/s]
100%|██████████| 332/332 [00:00<00:00, 18158.82it/s]

  0%|          | 0/664 [00:00<?, ?it/s]
100%|██████████| 664/664 [00:00<00:00, 16724.62it/s]

  0%|          | 0/332 [00:00<?, ?it/s]
100%|██████████| 332/332 [00:00<00:00, 17599.96it/s]

  0%|          | 0/664 [00:00<?, ?it/s]
100%|██████████| 664/664 [00:00<00:00, 12282.44it/s]

  0%|          | 0/332 [00:00<?, ?it/s]
100%|██████████| 332/332 [00:00<00:00, 14643.65it/s]

  0%|          | 0/664 [00:00<?, ?it/s]
100%|██████████| 664/664 [00:00<00:00, 14669.11it/s]

  0%|          | 0/332 [00:00<?, ?it/s]
100%|██████████| 332/332 [00:00<00:00, 12875.00it/s]

  0%|          | 0/664 [00:00<?, ?it/s]
100%|██████████| 664/664 [00:00<00:00, 14644.12it/s]

  0%|          | 0/664 [00:00<?, ?it/s]
100%|██████████| 664/664 [00:00<00:00, 12064.71it/s]

  0%|          | 0/1328 [00:00<?, ?it/s]
 99%|█████████▊| 1311/1328 [00:00<00:00, 13106.58it/s]
100%|██████████| 1328/1328 [00:00<00:00, 13126.32it/s]

  0%|          | 0/2656 [00:00<?, ?it/s]
 46%|████▌     | 1214/2656 [00:00<00:00, 12134.77it/s]
 91%|█████████▏| 2428/2656 [00:00<00:00, 10977.71it/s]
100%|██████████| 2656/2656 [00:00<00:00, 11352.23it/s]

  0%|          | 0/334 [00:00<?, ?it/s]
100%|██████████| 334/334 [00:00<00:00, 16330.52it/s]

  0%|          | 0/668 [00:00<?, ?it/s]
100%|██████████| 668/668 [00:00<00:00, 16176.55it/s]

  0%|          | 0/334 [00:00<?, ?it/s]
100%|██████████| 334/334 [00:00<00:00, 13422.80it/s]

  0%|          | 0/668 [00:00<?, ?it/s]
100%|██████████| 668/668 [00:00<00:00, 14612.93it/s]

  0%|          | 0/334 [00:00<?, ?it/s]
100%|██████████| 334/334 [00:00<00:00, 17730.19it/s]

  0%|          | 0/668 [00:00<?, ?it/s]
100%|██████████| 668/668 [00:00<00:00, 14929.13it/s]

  0%|          | 0/334 [00:00<?, ?it/s]
100%|██████████| 334/334 [00:00<00:00, 15195.27it/s]

  0%|          | 0/668 [00:00<?, ?it/s]
100%|██████████| 668/668 [00:00<00:00, 13538.05it/s]

  0%|          | 0/668 [00:00<?, ?it/s]
100%|██████████| 668/668 [00:00<00:00, 13487.29it/s]

  0%|          | 0/1336 [00:00<?, ?it/s]
 95%|█████████▍| 1268/1336 [00:00<00:00, 12661.84it/s]
100%|██████████| 1336/1336 [00:00<00:00, 12661.13it/s]

  0%|          | 0/2672 [00:00<?, ?it/s]
 47%|████▋     | 1262/2672 [00:00<00:00, 12613.88it/s]
 94%|█████████▍| 2524/2672 [00:00<00:00, 10674.98it/s]
100%|██████████| 2672/2672 [00:00<00:00, 10827.82it/s]

  0%|          | 0/336 [00:00<?, ?it/s]
100%|██████████| 336/336 [00:00<00:00, 16979.15it/s]

  0%|          | 0/672 [00:00<?, ?it/s]
100%|██████████| 672/672 [00:00<00:00, 17717.51it/s]

  0%|          | 0/336 [00:00<?, ?it/s]
100%|██████████| 336/336 [00:00<00:00, 14654.88it/s]

  0%|          | 0/672 [00:00<?, ?it/s]
100%|██████████| 672/672 [00:00<00:00, 16917.59it/s]

  0%|          | 0/336 [00:00<?, ?it/s]
100%|██████████| 336/336 [00:00<00:00, 15828.63it/s]

  0%|          | 0/672 [00:00<?, ?it/s]
100%|██████████| 672/672 [00:00<00:00, 12317.16it/s]

  0%|          | 0/336 [00:00<?, ?it/s]
100%|██████████| 336/336 [00:00<00:00, 14240.39it/s]

  0%|          | 0/672 [00:00<?, ?it/s]
100%|██████████| 672/672 [00:00<00:00, 11920.98it/s]

  0%|          | 0/672 [00:00<?, ?it/s]
100%|██████████| 672/672 [00:00<00:00, 12750.61it/s]

  0%|          | 0/1344 [00:00<?, ?it/s]
 94%|█████████▍| 1267/1344 [00:00<00:00, 12668.08it/s]
100%|██████████| 1344/1344 [00:00<00:00, 12682.39it/s]

  0%|          | 0/2688 [00:00<?, ?it/s]
 43%|████▎     | 1152/2688 [00:00<00:00, 11508.57it/s]
 86%|████████▌ | 2303/2688 [00:00<00:00, 11056.61it/s]
100%|██████████| 2688/2688 [00:00<00:00, 10966.33it/s]

  0%|          | 0/338 [00:00<?, ?it/s]
100%|██████████| 338/338 [00:00<00:00, 17021.56it/s]

  0%|          | 0/676 [00:00<?, ?it/s]
100%|██████████| 676/676 [00:00<00:00, 16181.47it/s]

  0%|          | 0/338 [00:00<?, ?it/s]
100%|██████████| 338/338 [00:00<00:00, 11262.02it/s]

  0%|          | 0/676 [00:00<?, ?it/s]
100%|██████████| 676/676 [00:00<00:00, 14835.67it/s]

  0%|          | 0/338 [00:00<?, ?it/s]
100%|██████████| 338/338 [00:00<00:00, 10632.19it/s]

  0%|          | 0/676 [00:00<?, ?it/s]
100%|██████████| 676/676 [00:00<00:00, 15065.70it/s]

  0%|          | 0/338 [00:00<?, ?it/s]
100%|██████████| 338/338 [00:00<00:00, 14541.30it/s]

  0%|          | 0/676 [00:00<?, ?it/s]
100%|██████████| 676/676 [00:00<00:00, 12928.44it/s]

  0%|          | 0/676 [00:00<?, ?it/s]
100%|██████████| 676/676 [00:00<00:00, 13261.94it/s]

  0%|          | 0/1352 [00:00<?, ?it/s]
 94%|█████████▍| 1272/1352 [00:00<00:00, 12714.95it/s]
100%|██████████| 1352/1352 [00:00<00:00, 12590.45it/s]

  0%|          | 0/2704 [00:00<?, ?it/s]
 47%|████▋     | 1269/2704 [00:00<00:00, 12687.35it/s]
 94%|█████████▍| 2538/2704 [00:00<00:00, 9984.07it/s] 
100%|██████████| 2704/2704 [00:00<00:00, 10493.78it/s]

  0%|          | 0/340 [00:00<?, ?it/s]
100%|██████████| 340/340 [00:00<00:00, 16693.75it/s]

  0%|          | 0/680 [00:00<?, ?it/s]
100%|██████████| 680/680 [00:00<00:00, 15002.82it/s]

  0%|          | 0/340 [00:00<?, ?it/s]
100%|██████████| 340/340 [00:00<00:00, 16549.99it/s]

  0%|          | 0/680 [00:00<?, ?it/s]
100%|██████████| 680/680 [00:00<00:00, 15370.95it/s]

  0%|          | 0/340 [00:00<?, ?it/s]
100%|██████████| 340/340 [00:00<00:00, 14494.13it/s]

  0%|          | 0/680 [00:00<?, ?it/s]
100%|██████████| 680/680 [00:00<00:00, 15211.83it/s]

  0%|          | 0/340 [00:00<?, ?it/s]
100%|██████████| 340/340 [00:00<00:00, 15705.72it/s]

  0%|          | 0/680 [00:00<?, ?it/s]
100%|██████████| 680/680 [00:00<00:00, 14187.00it/s]

  0%|          | 0/680 [00:00<?, ?it/s]
100%|██████████| 680/680 [00:00<00:00, 13414.64it/s]

  0%|          | 0/1360 [00:00<?, ?it/s]
 88%|████████▊ | 1197/1360 [00:00<00:00, 11944.24it/s]
100%|██████████| 1360/1360 [00:00<00:00, 11647.09it/s]

  0%|          | 0/2720 [00:00<?, ?it/s]
 50%|████▉     | 1353/2720 [00:00<00:00, 13527.43it/s]
 99%|█████████▉| 2706/2720 [00:00<00:00, 10342.33it/s]
100%|██████████| 2720/2720 [00:00<00:00, 10744.41it/s]

  0%|          | 0/342 [00:00<?, ?it/s]
100%|██████████| 342/342 [00:00<00:00, 19350.75it/s]

  0%|          | 0/684 [00:00<?, ?it/s]
100%|██████████| 684/684 [00:00<00:00, 16979.58it/s]

  0%|          | 0/342 [00:00<?, ?it/s]
100%|██████████| 342/342 [00:00<00:00, 12727.49it/s]

  0%|          | 0/684 [00:00<?, ?it/s]
100%|██████████| 684/684 [00:00<00:00, 15220.54it/s]

  0%|          | 0/342 [00:00<?, ?it/s]
100%|██████████| 342/342 [00:00<00:00, 14644.44it/s]

  0%|          | 0/684 [00:00<?, ?it/s]
100%|██████████| 684/684 [00:00<00:00, 16081.03it/s]

  0%|          | 0/342 [00:00<?, ?it/s]
100%|██████████| 342/342 [00:00<00:00, 11337.93it/s]

  0%|          | 0/684 [00:00<?, ?it/s]
100%|██████████| 684/684 [00:00<00:00, 12704.27it/s]

  0%|          | 0/684 [00:00<?, ?it/s]
100%|██████████| 684/684 [00:00<00:00, 11361.59it/s]

  0%|          | 0/1368 [00:00<?, ?it/s]
 88%|████████▊ | 1203/1368 [00:00<00:00, 12023.53it/s]
100%|██████████| 1368/1368 [00:00<00:00, 11367.56it/s]

  0%|          | 0/2736 [00:00<?, ?it/s]
 46%|████▌     | 1260/2736 [00:00<00:00, 12591.46it/s]
 92%|█████████▏| 2520/2736 [00:00<00:00, 11813.78it/s]
100%|██████████| 2736/2736 [00:00<00:00, 11785.65it/s]

  0%|          | 0/344 [00:00<?, ?it/s]
100%|██████████| 344/344 [00:00<00:00, 14720.31it/s]

  0%|          | 0/688 [00:00<?, ?it/s]
100%|██████████| 688/688 [00:00<00:00, 13717.50it/s]

  0%|          | 0/344 [00:00<?, ?it/s]
100%|██████████| 344/344 [00:00<00:00, 13993.22it/s]

  0%|          | 0/688 [00:00<?, ?it/s]
100%|██████████| 688/688 [00:00<00:00, 12222.75it/s]

  0%|          | 0/344 [00:00<?, ?it/s]
100%|██████████| 344/344 [00:00<00:00, 10062.70it/s]

  0%|          | 0/688 [00:00<?, ?it/s]
100%|██████████| 688/688 [00:00<00:00, 11380.89it/s]

  0%|          | 0/344 [00:00<?, ?it/s]
100%|██████████| 344/344 [00:00<00:00, 15655.82it/s]

  0%|          | 0/688 [00:00<?, ?it/s]
100%|██████████| 688/688 [00:00<00:00, 11646.28it/s]

  0%|          | 0/688 [00:00<?, ?it/s]
100%|██████████| 688/688 [00:00<00:00, 11000.40it/s]

  0%|          | 0/1376 [00:00<?, ?it/s]
100%|██████████| 1376/1376 [00:00<00:00, 13927.77it/s]

  0%|          | 0/2752 [00:00<?, ?it/s]
 49%|████▊     | 1341/2752 [00:00<00:00, 13409.05it/s]
 97%|█████████▋| 2682/2752 [00:00<00:00, 10600.50it/s]
100%|██████████| 2752/2752 [00:00<00:00, 11011.91it/s]

  0%|          | 0/346 [00:00<?, ?it/s]
100%|██████████| 346/346 [00:00<00:00, 14716.26it/s]

  0%|          | 0/692 [00:00<?, ?it/s]
100%|██████████| 692/692 [00:00<00:00, 16174.01it/s]

  0%|          | 0/346 [00:00<?, ?it/s]
100%|██████████| 346/346 [00:00<00:00, 13348.32it/s]

  0%|          | 0/692 [00:00<?, ?it/s]
100%|██████████| 692/692 [00:00<00:00, 7214.75it/s]

  0%|          | 0/346 [00:00<?, ?it/s]
100%|██████████| 346/346 [00:00<00:00, 14526.38it/s]

  0%|          | 0/692 [00:00<?, ?it/s]
100%|██████████| 692/692 [00:00<00:00, 14323.08it/s]

  0%|          | 0/346 [00:00<?, ?it/s]
100%|██████████| 346/346 [00:00<00:00, 15617.71it/s]

  0%|          | 0/692 [00:00<?, ?it/s]
100%|██████████| 692/692 [00:00<00:00, 13803.61it/s]

  0%|          | 0/692 [00:00<?, ?it/s]
100%|██████████| 692/692 [00:00<00:00, 11752.32it/s]

  0%|          | 0/1384 [00:00<?, ?it/s]
 83%|████████▎ | 1155/1384 [00:00<00:00, 11545.74it/s]
100%|██████████| 1384/1384 [00:00<00:00, 11528.24it/s]

  0%|          | 0/2768 [00:00<?, ?it/s]
 39%|███▉      | 1089/2768 [00:00<00:00, 10889.70it/s]
 79%|███████▊  | 2178/2768 [00:00<00:00, 9834.40it/s] 
100%|██████████| 2768/2768 [00:00<00:00, 10209.48it/s]

  0%|          | 0/348 [00:00<?, ?it/s]
100%|██████████| 348/348 [00:00<00:00, 19419.11it/s]

  0%|          | 0/696 [00:00<?, ?it/s]
100%|██████████| 696/696 [00:00<00:00, 17799.24it/s]

  0%|          | 0/348 [00:00<?, ?it/s]
100%|██████████| 348/348 [00:00<00:00, 12911.37it/s]

  0%|          | 0/696 [00:00<?, ?it/s]
100%|██████████| 696/696 [00:00<00:00, 17035.79it/s]

  0%|          | 0/348 [00:00<?, ?it/s]
100%|██████████| 348/348 [00:00<00:00, 14060.47it/s]

  0%|          | 0/696 [00:00<?, ?it/s]
100%|██████████| 696/696 [00:00<00:00, 11830.41it/s]

  0%|          | 0/348 [00:00<?, ?it/s]
100%|██████████| 348/348 [00:00<00:00, 13513.23it/s]

  0%|          | 0/696 [00:00<?, ?it/s]
100%|██████████| 696/696 [00:00<00:00, 10165.99it/s]

  0%|          | 0/696 [00:00<?, ?it/s]
100%|██████████| 696/696 [00:00<00:00, 12483.31it/s]

  0%|          | 0/1392 [00:00<?, ?it/s]
 89%|████████▉ | 1241/1392 [00:00<00:00, 12402.09it/s]
100%|██████████| 1392/1392 [00:00<00:00, 12486.71it/s]

  0%|          | 0/2784 [00:00<?, ?it/s]
 42%|████▏     | 1182/2784 [00:00<00:00, 11817.81it/s]
 85%|████████▍ | 2364/2784 [00:00<00:00, 9773.92it/s] 
100%|██████████| 2784/2784 [00:00<00:00, 10249.18it/s]

  0%|          | 0/350 [00:00<?, ?it/s]
100%|██████████| 350/350 [00:00<00:00, 18058.88it/s]

  0%|          | 0/700 [00:00<?, ?it/s]
100%|██████████| 700/700 [00:00<00:00, 17462.44it/s]

  0%|          | 0/350 [00:00<?, ?it/s]
100%|██████████| 350/350 [00:00<00:00, 10424.18it/s]

  0%|          | 0/700 [00:00<?, ?it/s]
100%|██████████| 700/700 [00:00<00:00, 13394.71it/s]

  0%|          | 0/350 [00:00<?, ?it/s]
100%|██████████| 350/350 [00:00<00:00, 16500.57it/s]

  0%|          | 0/700 [00:00<?, ?it/s]
100%|██████████| 700/700 [00:00<00:00, 17569.34it/s]

  0%|          | 0/350 [00:00<?, ?it/s]
100%|██████████| 350/350 [00:00<00:00, 13699.20it/s]

  0%|          | 0/700 [00:00<?, ?it/s]
100%|██████████| 700/700 [00:00<00:00, 11464.10it/s]

  0%|          | 0/700 [00:00<?, ?it/s]
100%|██████████| 700/700 [00:00<00:00, 11854.73it/s]

  0%|          | 0/1400 [00:00<?, ?it/s]
 82%|████████▏ | 1147/1400 [00:00<00:00, 11464.00it/s]
100%|██████████| 1400/1400 [00:00<00:00, 10800.99it/s]

  0%|          | 0/2800 [00:00<?, ?it/s]
 36%|███▌      | 1002/2800 [00:00<00:00, 10019.13it/s]
 72%|███████▏  | 2004/2800 [00:00<00:00, 9757.14it/s] 
100%|██████████| 2800/2800 [00:00<00:00, 9415.68it/s]

  0%|          | 0/352 [00:00<?, ?it/s]
100%|██████████| 352/352 [00:00<00:00, 11935.96it/s]

  0%|          | 0/704 [00:00<?, ?it/s]
100%|██████████| 704/704 [00:00<00:00, 17497.70it/s]

  0%|          | 0/352 [00:00<?, ?it/s]
100%|██████████| 352/352 [00:00<00:00, 18979.00it/s]

  0%|          | 0/704 [00:00<?, ?it/s]
100%|██████████| 704/704 [00:00<00:00, 15891.62it/s]

  0%|          | 0/352 [00:00<?, ?it/s]
100%|██████████| 352/352 [00:00<00:00, 14463.54it/s]

  0%|          | 0/704 [00:00<?, ?it/s]
100%|██████████| 704/704 [00:00<00:00, 12896.64it/s]

  0%|          | 0/352 [00:00<?, ?it/s]
100%|██████████| 352/352 [00:00<00:00, 13615.86it/s]

  0%|          | 0/704 [00:00<?, ?it/s]
100%|██████████| 704/704 [00:00<00:00, 10304.80it/s]

  0%|          | 0/704 [00:00<?, ?it/s]
100%|██████████| 704/704 [00:00<00:00, 10809.27it/s]

  0%|          | 0/1408 [00:00<?, ?it/s]
 83%|████████▎ | 1163/1408 [00:00<00:00, 11614.45it/s]
100%|██████████| 1408/1408 [00:00<00:00, 11578.43it/s]

  0%|          | 0/2816 [00:00<?, ?it/s]
 41%|████      | 1149/2816 [00:00<00:00, 11463.91it/s]
 82%|████████▏ | 2296/2816 [00:00<00:00, 8861.73it/s] 
100%|██████████| 2816/2816 [00:00<00:00, 9405.45it/s]

  0%|          | 0/354 [00:00<?, ?it/s]
100%|██████████| 354/354 [00:00<00:00, 15119.07it/s]

  0%|          | 0/708 [00:00<?, ?it/s]
100%|██████████| 708/708 [00:00<00:00, 14294.22it/s]

  0%|          | 0/354 [00:00<?, ?it/s]
100%|██████████| 354/354 [00:00<00:00, 14574.85it/s]

  0%|          | 0/708 [00:00<?, ?it/s]
100%|██████████| 708/708 [00:00<00:00, 13720.87it/s]

  0%|          | 0/354 [00:00<?, ?it/s]
100%|██████████| 354/354 [00:00<00:00, 14115.39it/s]

  0%|          | 0/708 [00:00<?, ?it/s]
100%|██████████| 708/708 [00:00<00:00, 11356.16it/s]

  0%|          | 0/354 [00:00<?, ?it/s]
100%|██████████| 354/354 [00:00<00:00, 8584.65it/s]

  0%|          | 0/708 [00:00<?, ?it/s]
100%|██████████| 708/708 [00:00<00:00, 11853.61it/s]

  0%|          | 0/708 [00:00<?, ?it/s]
100%|██████████| 708/708 [00:00<00:00, 12284.75it/s]

  0%|          | 0/1416 [00:00<?, ?it/s]
 75%|███████▍  | 1060/1416 [00:00<00:00, 10597.00it/s]
100%|██████████| 1416/1416 [00:00<00:00, 10836.75it/s]

  0%|          | 0/2832 [00:00<?, ?it/s]
 41%|████      | 1147/2832 [00:00<00:00, 11467.88it/s]
 81%|████████  | 2294/2832 [00:00<00:00, 9617.54it/s] 
100%|██████████| 2832/2832 [00:00<00:00, 10418.32it/s]

  0%|          | 0/356 [00:00<?, ?it/s]
100%|██████████| 356/356 [00:00<00:00, 16080.34it/s]

  0%|          | 0/712 [00:00<?, ?it/s]
100%|██████████| 712/712 [00:00<00:00, 15453.75it/s]

  0%|          | 0/356 [00:00<?, ?it/s]
100%|██████████| 356/356 [00:00<00:00, 12796.06it/s]

  0%|          | 0/712 [00:00<?, ?it/s]
100%|██████████| 712/712 [00:00<00:00, 15364.94it/s]

  0%|          | 0/356 [00:00<?, ?it/s]
100%|██████████| 356/356 [00:00<00:00, 16751.99it/s]

  0%|          | 0/712 [00:00<?, ?it/s]
100%|██████████| 712/712 [00:00<00:00, 14255.65it/s]

  0%|          | 0/356 [00:00<?, ?it/s]
100%|██████████| 356/356 [00:00<00:00, 14694.26it/s]

  0%|          | 0/712 [00:00<?, ?it/s]
100%|██████████| 712/712 [00:00<00:00, 10067.74it/s]

  0%|          | 0/712 [00:00<?, ?it/s]
100%|██████████| 712/712 [00:00<00:00, 14213.45it/s]

  0%|          | 0/1424 [00:00<?, ?it/s]
 74%|███████▍  | 1052/1424 [00:00<00:00, 10515.60it/s]
100%|██████████| 1424/1424 [00:00<00:00, 10513.04it/s]

  0%|          | 0/2848 [00:00<?, ?it/s]
 39%|███▉      | 1119/2848 [00:00<00:00, 11189.05it/s]
 79%|███████▊  | 2238/2848 [00:00<00:00, 9227.24it/s] 
100%|██████████| 2848/2848 [00:00<00:00, 10076.88it/s]

  0%|          | 0/358 [00:00<?, ?it/s]
100%|██████████| 358/358 [00:00<00:00, 16620.30it/s]

  0%|          | 0/716 [00:00<?, ?it/s]
100%|██████████| 716/716 [00:00<00:00, 12767.67it/s]

  0%|          | 0/358 [00:00<?, ?it/s]
100%|██████████| 358/358 [00:00<00:00, 14280.04it/s]

  0%|          | 0/716 [00:00<?, ?it/s]
100%|██████████| 716/716 [00:00<00:00, 15070.84it/s]

  0%|          | 0/358 [00:00<?, ?it/s]
100%|██████████| 358/358 [00:00<00:00, 15629.21it/s]

  0%|          | 0/716 [00:00<?, ?it/s]
100%|██████████| 716/716 [00:00<00:00, 11808.76it/s]

  0%|          | 0/358 [00:00<?, ?it/s]
100%|██████████| 358/358 [00:00<00:00, 8527.09it/s]

  0%|          | 0/716 [00:00<?, ?it/s]
100%|██████████| 716/716 [00:00<00:00, 10919.01it/s]

  0%|          | 0/716 [00:00<?, ?it/s]
100%|██████████| 716/716 [00:00<00:00, 11963.82it/s]

  0%|          | 0/1432 [00:00<?, ?it/s]
 86%|████████▌ | 1227/1432 [00:00<00:00, 12266.94it/s]
100%|██████████| 1432/1432 [00:00<00:00, 12351.84it/s]

  0%|          | 0/2864 [00:00<?, ?it/s]
 41%|████      | 1178/2864 [00:00<00:00, 11771.51it/s]
 82%|████████▏ | 2356/2864 [00:00<00:00, 10671.12it/s]
100%|██████████| 2864/2864 [00:00<00:00, 11083.29it/s]

  0%|          | 0/360 [00:00<?, ?it/s]
100%|██████████| 360/360 [00:00<00:00, 14853.81it/s]

  0%|          | 0/720 [00:00<?, ?it/s]
100%|██████████| 720/720 [00:00<00:00, 15615.67it/s]

  0%|          | 0/360 [00:00<?, ?it/s]
100%|██████████| 360/360 [00:00<00:00, 17585.77it/s]

  0%|          | 0/720 [00:00<?, ?it/s]
100%|██████████| 720/720 [00:00<00:00, 16722.40it/s]

  0%|          | 0/360 [00:00<?, ?it/s]
100%|██████████| 360/360 [00:00<00:00, 10618.57it/s]

  0%|          | 0/720 [00:00<?, ?it/s]
100%|██████████| 720/720 [00:00<00:00, 15338.78it/s]

  0%|          | 0/360 [00:00<?, ?it/s]
100%|██████████| 360/360 [00:00<00:00, 9297.66it/s]

  0%|          | 0/720 [00:00<?, ?it/s]
100%|██████████| 720/720 [00:00<00:00, 9096.05it/s]

  0%|          | 0/720 [00:00<?, ?it/s]
100%|██████████| 720/720 [00:00<00:00, 13258.84it/s]

  0%|          | 0/1440 [00:00<?, ?it/s]
 91%|█████████ | 1310/1440 [00:00<00:00, 13096.11it/s]
100%|██████████| 1440/1440 [00:00<00:00, 12972.58it/s]

  0%|          | 0/2880 [00:00<?, ?it/s]
 34%|███▍      | 988/2880 [00:00<00:00, 9874.69it/s]
 70%|██████▉   | 2005/2880 [00:00<00:00, 10043.95it/s]
100%|██████████| 2880/2880 [00:00<00:00, 9925.00it/s] 

  0%|          | 0/362 [00:00<?, ?it/s]
100%|██████████| 362/362 [00:00<00:00, 14261.65it/s]

  0%|          | 0/724 [00:00<?, ?it/s]
100%|██████████| 724/724 [00:00<00:00, 11083.20it/s]

  0%|          | 0/362 [00:00<?, ?it/s]
100%|██████████| 362/362 [00:00<00:00, 10519.10it/s]

  0%|          | 0/724 [00:00<?, ?it/s]
100%|██████████| 724/724 [00:00<00:00, 15328.77it/s]

  0%|          | 0/362 [00:00<?, ?it/s]
100%|██████████| 362/362 [00:00<00:00, 15312.46it/s]

  0%|          | 0/724 [00:00<?, ?it/s]
100%|██████████| 724/724 [00:00<00:00, 13818.59it/s]

  0%|          | 0/362 [00:00<?, ?it/s]
100%|██████████| 362/362 [00:00<00:00, 9345.75it/s]

  0%|          | 0/724 [00:00<?, ?it/s]
100%|██████████| 724/724 [00:00<00:00, 10922.31it/s]

  0%|          | 0/724 [00:00<?, ?it/s]
100%|██████████| 724/724 [00:00<00:00, 12832.74it/s]

  0%|          | 0/1448 [00:00<?, ?it/s]
 81%|████████  | 1176/1448 [00:00<00:00, 11740.14it/s]
100%|██████████| 1448/1448 [00:00<00:00, 11465.00it/s]

  0%|          | 0/2896 [00:00<?, ?it/s]
 44%|████▍     | 1269/2896 [00:00<00:00, 12688.89it/s]
 88%|████████▊ | 2538/2896 [00:00<00:00, 9654.68it/s] 
100%|██████████| 2896/2896 [00:00<00:00, 10236.88it/s]

  0%|          | 0/364 [00:00<?, ?it/s]
100%|██████████| 364/364 [00:00<00:00, 15544.27it/s]

  0%|          | 0/728 [00:00<?, ?it/s]
100%|██████████| 728/728 [00:00<00:00, 13194.88it/s]

  0%|          | 0/364 [00:00<?, ?it/s]
100%|██████████| 364/364 [00:00<00:00, 16493.38it/s]

  0%|          | 0/728 [00:00<?, ?it/s]
100%|██████████| 728/728 [00:00<00:00, 14921.61it/s]

  0%|          | 0/364 [00:00<?, ?it/s]
100%|██████████| 364/364 [00:00<00:00, 14695.04it/s]

  0%|          | 0/728 [00:00<?, ?it/s]
100%|██████████| 728/728 [00:00<00:00, 13742.47it/s]

  0%|          | 0/364 [00:00<?, ?it/s]
100%|██████████| 364/364 [00:00<00:00, 11325.45it/s]

  0%|          | 0/728 [00:00<?, ?it/s]
100%|██████████| 728/728 [00:00<00:00, 11193.22it/s]

  0%|          | 0/728 [00:00<?, ?it/s]
100%|██████████| 728/728 [00:00<00:00, 10760.12it/s]

  0%|          | 0/1456 [00:00<?, ?it/s]
 71%|███████   | 1036/1456 [00:00<00:00, 10354.68it/s]
100%|██████████| 1456/1456 [00:00<00:00, 10556.21it/s]

  0%|          | 0/2912 [00:00<?, ?it/s]
 42%|████▏     | 1237/2912 [00:00<00:00, 12360.58it/s]
 85%|████████▍ | 2474/2912 [00:00<00:00, 10847.89it/s]
100%|██████████| 2912/2912 [00:00<00:00, 11258.04it/s]

  0%|          | 0/366 [00:00<?, ?it/s]
100%|██████████| 366/366 [00:00<00:00, 12354.75it/s]

  0%|          | 0/732 [00:00<?, ?it/s]
100%|██████████| 732/732 [00:00<00:00, 16728.58it/s]

  0%|          | 0/366 [00:00<?, ?it/s]
100%|██████████| 366/366 [00:00<00:00, 12610.92it/s]

  0%|          | 0/732 [00:00<?, ?it/s]
100%|██████████| 732/732 [00:00<00:00, 15342.02it/s]

  0%|          | 0/366 [00:00<?, ?it/s]
100%|██████████| 366/366 [00:00<00:00, 16467.48it/s]

  0%|          | 0/732 [00:00<?, ?it/s]
100%|██████████| 732/732 [00:00<00:00, 12901.00it/s]

  0%|          | 0/366 [00:00<?, ?it/s]
100%|██████████| 366/366 [00:00<00:00, 12423.64it/s]

  0%|          | 0/732 [00:00<?, ?it/s]
100%|██████████| 732/732 [00:00<00:00, 13774.46it/s]

  0%|          | 0/732 [00:00<?, ?it/s]
100%|██████████| 732/732 [00:00<00:00, 10362.25it/s]

  0%|          | 0/1464 [00:00<?, ?it/s]
 81%|████████  | 1188/1464 [00:00<00:00, 11874.26it/s]
100%|██████████| 1464/1464 [00:00<00:00, 12145.31it/s]

  0%|          | 0/2928 [00:00<?, ?it/s]
 42%|████▏     | 1219/2928 [00:00<00:00, 12180.92it/s]
 83%|████████▎ | 2438/2928 [00:00<00:00, 10242.68it/s]
100%|██████████| 2928/2928 [00:00<00:00, 10520.88it/s]

  0%|          | 0/368 [00:00<?, ?it/s]
100%|██████████| 368/368 [00:00<00:00, 14092.19it/s]

  0%|          | 0/736 [00:00<?, ?it/s]
100%|██████████| 736/736 [00:00<00:00, 11701.99it/s]

  0%|          | 0/368 [00:00<?, ?it/s]
100%|██████████| 368/368 [00:00<00:00, 15165.10it/s]

  0%|          | 0/736 [00:00<?, ?it/s]
100%|██████████| 736/736 [00:00<00:00, 14357.17it/s]

  0%|          | 0/368 [00:00<?, ?it/s]
100%|██████████| 368/368 [00:00<00:00, 15611.13it/s]

  0%|          | 0/736 [00:00<?, ?it/s]
100%|██████████| 736/736 [00:00<00:00, 13581.08it/s]

  0%|          | 0/368 [00:00<?, ?it/s]
100%|██████████| 368/368 [00:00<00:00, 12687.86it/s]

  0%|          | 0/736 [00:00<?, ?it/s]
100%|██████████| 736/736 [00:00<00:00, 10590.77it/s]

  0%|          | 0/736 [00:00<?, ?it/s]
100%|██████████| 736/736 [00:00<00:00, 9369.11it/s]

  0%|          | 0/1472 [00:00<?, ?it/s]
 71%|███████   | 1045/1472 [00:00<00:00, 10436.70it/s]
100%|██████████| 1472/1472 [00:00<00:00, 10183.84it/s]

  0%|          | 0/2944 [00:00<?, ?it/s]
 39%|███▉      | 1150/2944 [00:00<00:00, 11496.06it/s]
 78%|███████▊  | 2300/2944 [00:00<00:00, 9273.10it/s] 
100%|██████████| 2944/2944 [00:00<00:00, 10057.93it/s]

  0%|          | 0/370 [00:00<?, ?it/s]
100%|██████████| 370/370 [00:00<00:00, 17684.18it/s]

  0%|          | 0/740 [00:00<?, ?it/s]
100%|██████████| 740/740 [00:00<00:00, 16693.48it/s]

  0%|          | 0/370 [00:00<?, ?it/s]
100%|██████████| 370/370 [00:00<00:00, 15918.64it/s]

  0%|          | 0/740 [00:00<?, ?it/s]
100%|██████████| 740/740 [00:00<00:00, 12807.46it/s]

  0%|          | 0/370 [00:00<?, ?it/s]
100%|██████████| 370/370 [00:00<00:00, 13886.19it/s]

  0%|          | 0/740 [00:00<?, ?it/s]
100%|██████████| 740/740 [00:00<00:00, 12476.52it/s]

  0%|          | 0/370 [00:00<?, ?it/s]
100%|██████████| 370/370 [00:00<00:00, 13432.58it/s]

  0%|          | 0/740 [00:00<?, ?it/s]
100%|██████████| 740/740 [00:00<00:00, 12656.99it/s]

  0%|          | 0/740 [00:00<?, ?it/s]
100%|██████████| 740/740 [00:00<00:00, 12154.55it/s]

  0%|          | 0/1480 [00:00<?, ?it/s]
 72%|███████▏  | 1067/1480 [00:00<00:00, 10664.87it/s]
100%|██████████| 1480/1480 [00:00<00:00, 10814.56it/s]

  0%|          | 0/2960 [00:00<?, ?it/s]
 42%|████▏     | 1242/2960 [00:00<00:00, 12415.99it/s]
 84%|████████▍ | 2484/2960 [00:00<00:00, 10817.63it/s]
100%|██████████| 2960/2960 [00:00<00:00, 11171.59it/s]

  0%|          | 0/372 [00:00<?, ?it/s]
100%|██████████| 372/372 [00:00<00:00, 16551.90it/s]

  0%|          | 0/744 [00:00<?, ?it/s]
100%|██████████| 744/744 [00:00<00:00, 10970.40it/s]

  0%|          | 0/372 [00:00<?, ?it/s]
100%|██████████| 372/372 [00:00<00:00, 14398.78it/s]

  0%|          | 0/744 [00:00<?, ?it/s]
100%|██████████| 744/744 [00:00<00:00, 18103.02it/s]

  0%|          | 0/372 [00:00<?, ?it/s]
100%|██████████| 372/372 [00:00<00:00, 15902.09it/s]

  0%|          | 0/744 [00:00<?, ?it/s]
100%|██████████| 744/744 [00:00<00:00, 15539.33it/s]

  0%|          | 0/372 [00:00<?, ?it/s]
100%|██████████| 372/372 [00:00<00:00, 11594.40it/s]

  0%|          | 0/744 [00:00<?, ?it/s]
100%|██████████| 744/744 [00:00<00:00, 13151.50it/s]

  0%|          | 0/744 [00:00<?, ?it/s]
100%|██████████| 744/744 [00:00<00:00, 11659.07it/s]

  0%|          | 0/1488 [00:00<?, ?it/s]
 80%|████████  | 1193/1488 [00:00<00:00, 11911.58it/s]
100%|██████████| 1488/1488 [00:00<00:00, 10928.23it/s]

  0%|          | 0/2976 [00:00<?, ?it/s]
 34%|███▍      | 1018/2976 [00:00<00:00, 10177.12it/s]
 68%|██████▊   | 2036/2976 [00:00<00:00, 9604.16it/s] 
100%|██████████| 2976/2976 [00:00<00:00, 10289.55it/s]

  0%|          | 0/374 [00:00<?, ?it/s]
100%|██████████| 374/374 [00:00<00:00, 16228.90it/s]

  0%|          | 0/748 [00:00<?, ?it/s]
100%|██████████| 748/748 [00:00<00:00, 14977.94it/s]

  0%|          | 0/374 [00:00<?, ?it/s]
100%|██████████| 374/374 [00:00<00:00, 10087.13it/s]

  0%|          | 0/748 [00:00<?, ?it/s]
100%|██████████| 748/748 [00:00<00:00, 16083.23it/s]

  0%|          | 0/374 [00:00<?, ?it/s]
100%|██████████| 374/374 [00:00<00:00, 11636.76it/s]

  0%|          | 0/748 [00:00<?, ?it/s]
100%|██████████| 748/748 [00:00<00:00, 13921.09it/s]

  0%|          | 0/374 [00:00<?, ?it/s]
100%|██████████| 374/374 [00:00<00:00, 13474.34it/s]

  0%|          | 0/748 [00:00<?, ?it/s]
100%|██████████| 748/748 [00:00<00:00, 13241.24it/s]

  0%|          | 0/748 [00:00<?, ?it/s]
100%|██████████| 748/748 [00:00<00:00, 12848.79it/s]

  0%|          | 0/1496 [00:00<?, ?it/s]
 71%|███████   | 1059/1496 [00:00<00:00, 10584.05it/s]
100%|██████████| 1496/1496 [00:00<00:00, 10800.61it/s]

  0%|          | 0/2992 [00:00<?, ?it/s]
 38%|███▊      | 1141/2992 [00:00<00:00, 11406.61it/s]
 76%|███████▋  | 2282/2992 [00:00<00:00, 9779.70it/s] 
100%|██████████| 2992/2992 [00:00<00:00, 10005.93it/s]

  0%|          | 0/376 [00:00<?, ?it/s]
100%|██████████| 376/376 [00:00<00:00, 15714.01it/s]

  0%|          | 0/752 [00:00<?, ?it/s]
100%|██████████| 752/752 [00:00<00:00, 16898.29it/s]

  0%|          | 0/376 [00:00<?, ?it/s]
100%|██████████| 376/376 [00:00<00:00, 13196.81it/s]

  0%|          | 0/752 [00:00<?, ?it/s]
100%|██████████| 752/752 [00:00<00:00, 14589.42it/s]

  0%|          | 0/376 [00:00<?, ?it/s]
100%|██████████| 376/376 [00:00<00:00, 14207.73it/s]

  0%|          | 0/752 [00:00<?, ?it/s]
100%|██████████| 752/752 [00:00<00:00, 11612.28it/s]

  0%|          | 0/376 [00:00<?, ?it/s]
100%|██████████| 376/376 [00:00<00:00, 11915.55it/s]

  0%|          | 0/752 [00:00<?, ?it/s]
100%|██████████| 752/752 [00:00<00:00, 11915.28it/s]

  0%|          | 0/752 [00:00<?, ?it/s]
100%|██████████| 752/752 [00:00<00:00, 10597.33it/s]

  0%|          | 0/1504 [00:00<?, ?it/s]
 74%|███████▎  | 1109/1504 [00:00<00:00, 11088.24it/s]
100%|██████████| 1504/1504 [00:00<00:00, 11458.83it/s]

  0%|          | 0/3008 [00:00<?, ?it/s]
 30%|███       | 905/3008 [00:00<00:00, 8981.51it/s]
 62%|██████▏   | 1874/3008 [00:00<00:00, 9389.93it/s]
 97%|█████████▋| 2909/3008 [00:00<00:00, 9825.05it/s]
100%|██████████| 3008/3008 [00:00<00:00, 9624.30it/s]

  0%|          | 0/378 [00:00<?, ?it/s]
100%|██████████| 378/378 [00:00<00:00, 18060.57it/s]

  0%|          | 0/756 [00:00<?, ?it/s]
100%|██████████| 756/756 [00:00<00:00, 15938.30it/s]

  0%|          | 0/378 [00:00<?, ?it/s]
100%|██████████| 378/378 [00:00<00:00, 13151.23it/s]

  0%|          | 0/756 [00:00<?, ?it/s]
100%|██████████| 756/756 [00:00<00:00, 15310.27it/s]

  0%|          | 0/378 [00:00<?, ?it/s]
100%|██████████| 378/378 [00:00<00:00, 14902.36it/s]

  0%|          | 0/756 [00:00<?, ?it/s]
100%|██████████| 756/756 [00:00<00:00, 12297.20it/s]

  0%|          | 0/378 [00:00<?, ?it/s]
100%|██████████| 378/378 [00:00<00:00, 11610.66it/s]

  0%|          | 0/756 [00:00<?, ?it/s]
100%|██████████| 756/756 [00:00<00:00, 12529.12it/s]

  0%|          | 0/756 [00:00<?, ?it/s]
100%|██████████| 756/756 [00:00<00:00, 12979.40it/s]

  0%|          | 0/1512 [00:00<?, ?it/s]
 78%|███████▊  | 1178/1512 [00:00<00:00, 11770.44it/s]
100%|██████████| 1512/1512 [00:00<00:00, 11762.35it/s]

  0%|          | 0/3024 [00:00<?, ?it/s]
 31%|███       | 924/3024 [00:00<00:00, 9236.20it/s]
 66%|██████▌   | 2001/3024 [00:00<00:00, 10122.87it/s]
100%|█████████▉| 3019/3024 [00:00<00:00, 10148.76it/s]
100%|██████████| 3024/3024 [00:00<00:00, 10053.99it/s]

  0%|          | 0/380 [00:00<?, ?it/s]
100%|██████████| 380/380 [00:00<00:00, 15835.42it/s]

  0%|          | 0/760 [00:00<?, ?it/s]
100%|██████████| 760/760 [00:00<00:00, 16494.47it/s]

  0%|          | 0/380 [00:00<?, ?it/s]
100%|██████████| 380/380 [00:00<00:00, 15462.72it/s]

  0%|          | 0/760 [00:00<?, ?it/s]
100%|██████████| 760/760 [00:00<00:00, 15895.04it/s]

  0%|          | 0/380 [00:00<?, ?it/s]
100%|██████████| 380/380 [00:00<00:00, 14276.56it/s]

  0%|          | 0/760 [00:00<?, ?it/s]
100%|██████████| 760/760 [00:00<00:00, 14657.31it/s]

  0%|          | 0/380 [00:00<?, ?it/s]
100%|██████████| 380/380 [00:00<00:00, 12637.25it/s]

  0%|          | 0/760 [00:00<?, ?it/s]
100%|██████████| 760/760 [00:00<00:00, 12809.20it/s]

  0%|          | 0/760 [00:00<?, ?it/s]
100%|██████████| 760/760 [00:00<00:00, 11626.62it/s]

  0%|          | 0/1520 [00:00<?, ?it/s]
 83%|████████▎ | 1265/1520 [00:00<00:00, 12640.70it/s]
100%|██████████| 1520/1520 [00:00<00:00, 12368.74it/s]

  0%|          | 0/3040 [00:00<?, ?it/s]
 37%|███▋      | 1136/3040 [00:00<00:00, 11358.22it/s]
 75%|███████▍  | 2272/3040 [00:00<00:00, 10389.93it/s]
100%|██████████| 3040/3040 [00:00<00:00, 10534.96it/s]

  0%|          | 0/382 [00:00<?, ?it/s]
100%|██████████| 382/382 [00:00<00:00, 16503.48it/s]

  0%|          | 0/764 [00:00<?, ?it/s]
100%|██████████| 764/764 [00:00<00:00, 16282.02it/s]

  0%|          | 0/382 [00:00<?, ?it/s]
100%|██████████| 382/382 [00:00<00:00, 13119.76it/s]

  0%|          | 0/764 [00:00<?, ?it/s]
100%|██████████| 764/764 [00:00<00:00, 13967.12it/s]

  0%|          | 0/382 [00:00<?, ?it/s]
100%|██████████| 382/382 [00:00<00:00, 13195.18it/s]

  0%|          | 0/764 [00:00<?, ?it/s]
100%|██████████| 764/764 [00:00<00:00, 14781.21it/s]

  0%|          | 0/382 [00:00<?, ?it/s]
100%|██████████| 382/382 [00:00<00:00, 13055.08it/s]

  0%|          | 0/764 [00:00<?, ?it/s]
100%|██████████| 764/764 [00:00<00:00, 13333.65it/s]

  0%|          | 0/764 [00:00<?, ?it/s]
100%|██████████| 764/764 [00:00<00:00, 9818.48it/s]

  0%|          | 0/1528 [00:00<?, ?it/s]
 70%|██████▉   | 1063/1528 [00:00<00:00, 10605.05it/s]
100%|██████████| 1528/1528 [00:00<00:00, 10719.26it/s]

  0%|          | 0/3056 [00:00<?, ?it/s]
 38%|███▊      | 1155/3056 [00:00<00:00, 11548.83it/s]
 76%|███████▌  | 2310/3056 [00:00<00:00, 9817.51it/s] 
100%|██████████| 3056/3056 [00:00<00:00, 10537.75it/s]

  0%|          | 0/384 [00:00<?, ?it/s]
100%|██████████| 384/384 [00:00<00:00, 13666.75it/s]

  0%|          | 0/768 [00:00<?, ?it/s]
100%|██████████| 768/768 [00:00<00:00, 12766.94it/s]

  0%|          | 0/384 [00:00<?, ?it/s]
100%|██████████| 384/384 [00:00<00:00, 15529.97it/s]

  0%|          | 0/768 [00:00<?, ?it/s]
100%|██████████| 768/768 [00:00<00:00, 15777.25it/s]

  0%|          | 0/384 [00:00<?, ?it/s]
100%|██████████| 384/384 [00:00<00:00, 14043.31it/s]

  0%|          | 0/768 [00:00<?, ?it/s]
100%|██████████| 768/768 [00:00<00:00, 14707.92it/s]

  0%|          | 0/384 [00:00<?, ?it/s]
100%|██████████| 384/384 [00:00<00:00, 12672.31it/s]

  0%|          | 0/768 [00:00<?, ?it/s]
100%|██████████| 768/768 [00:00<00:00, 11351.02it/s]

  0%|          | 0/768 [00:00<?, ?it/s]
100%|██████████| 768/768 [00:00<00:00, 9933.07it/s]

  0%|          | 0/1536 [00:00<?, ?it/s]
 82%|████████▏ | 1256/1536 [00:00<00:00, 12551.00it/s]
100%|██████████| 1536/1536 [00:00<00:00, 12481.72it/s]

  0%|          | 0/3072 [00:00<?, ?it/s]
 37%|███▋      | 1128/3072 [00:00<00:00, 11244.17it/s]
 73%|███████▎  | 2253/3072 [00:00<00:00, 8984.19it/s] 
100%|██████████| 3072/3072 [00:00<00:00, 9326.71it/s]

  0%|          | 0/386 [00:00<?, ?it/s]
100%|██████████| 386/386 [00:00<00:00, 12789.03it/s]

  0%|          | 0/772 [00:00<?, ?it/s]
100%|██████████| 772/772 [00:00<00:00, 14406.68it/s]

  0%|          | 0/386 [00:00<?, ?it/s]
100%|██████████| 386/386 [00:00<00:00, 10719.02it/s]

  0%|          | 0/772 [00:00<?, ?it/s]
100%|██████████| 772/772 [00:00<00:00, 12853.14it/s]

  0%|          | 0/386 [00:00<?, ?it/s]
100%|██████████| 386/386 [00:00<00:00, 13372.33it/s]

  0%|          | 0/772 [00:00<?, ?it/s]
100%|██████████| 772/772 [00:00<00:00, 14554.91it/s]

  0%|          | 0/386 [00:00<?, ?it/s]
100%|██████████| 386/386 [00:00<00:00, 11190.84it/s]

  0%|          | 0/772 [00:00<?, ?it/s]
100%|██████████| 772/772 [00:00<00:00, 12120.54it/s]

  0%|          | 0/772 [00:00<?, ?it/s]
100%|██████████| 772/772 [00:00<00:00, 12417.46it/s]

  0%|          | 0/1544 [00:00<?, ?it/s]
 79%|███████▉  | 1219/1544 [00:00<00:00, 12188.73it/s]
100%|██████████| 1544/1544 [00:00<00:00, 11471.11it/s]

  0%|          | 0/3088 [00:00<?, ?it/s]
 39%|███▊      | 1193/3088 [00:00<00:00, 11928.85it/s]
 77%|███████▋  | 2386/3088 [00:00<00:00, 10699.61it/s]
100%|██████████| 3088/3088 [00:00<00:00, 11074.57it/s]

  0%|          | 0/388 [00:00<?, ?it/s]
100%|██████████| 388/388 [00:00<00:00, 12463.35it/s]

  0%|          | 0/776 [00:00<?, ?it/s]
100%|██████████| 776/776 [00:00<00:00, 14236.82it/s]

  0%|          | 0/388 [00:00<?, ?it/s]
100%|██████████| 388/388 [00:00<00:00, 11318.06it/s]

  0%|          | 0/776 [00:00<?, ?it/s]
100%|██████████| 776/776 [00:00<00:00, 15835.19it/s]

  0%|          | 0/388 [00:00<?, ?it/s]
100%|██████████| 388/388 [00:00<00:00, 12675.66it/s]

  0%|          | 0/776 [00:00<?, ?it/s]
100%|██████████| 776/776 [00:00<00:00, 12895.12it/s]

  0%|          | 0/388 [00:00<?, ?it/s]
100%|██████████| 388/388 [00:00<00:00, 11200.59it/s]

  0%|          | 0/776 [00:00<?, ?it/s]
100%|██████████| 776/776 [00:00<00:00, 12082.66it/s]

  0%|          | 0/776 [00:00<?, ?it/s]
100%|██████████| 776/776 [00:00<00:00, 12156.72it/s]

  0%|          | 0/1552 [00:00<?, ?it/s]
 80%|████████  | 1247/1552 [00:00<00:00, 12459.61it/s]
100%|██████████| 1552/1552 [00:00<00:00, 12463.12it/s]

  0%|          | 0/3104 [00:00<?, ?it/s]
 37%|███▋      | 1135/3104 [00:00<00:00, 11346.39it/s]
 73%|███████▎  | 2270/3104 [00:00<00:00, 9027.66it/s] 
100%|██████████| 3104/3104 [00:00<00:00, 9854.53it/s]

  0%|          | 0/390 [00:00<?, ?it/s]
100%|██████████| 390/390 [00:00<00:00, 12743.48it/s]

  0%|          | 0/780 [00:00<?, ?it/s]
100%|██████████| 780/780 [00:00<00:00, 12036.28it/s]

  0%|          | 0/390 [00:00<?, ?it/s]
100%|██████████| 390/390 [00:00<00:00, 13638.99it/s]

  0%|          | 0/780 [00:00<?, ?it/s]
100%|██████████| 780/780 [00:00<00:00, 14990.16it/s]

  0%|          | 0/390 [00:00<?, ?it/s]
100%|██████████| 390/390 [00:00<00:00, 15647.39it/s]

  0%|          | 0/780 [00:00<?, ?it/s]
100%|██████████| 780/780 [00:00<00:00, 14096.92it/s]

  0%|          | 0/390 [00:00<?, ?it/s]
100%|██████████| 390/390 [00:00<00:00, 14185.68it/s]

  0%|          | 0/780 [00:00<?, ?it/s]
100%|██████████| 780/780 [00:00<00:00, 10264.26it/s]

  0%|          | 0/780 [00:00<?, ?it/s]
100%|██████████| 780/780 [00:00<00:00, 11468.97it/s]

  0%|          | 0/1560 [00:00<?, ?it/s]
 65%|██████▍   | 1007/1560 [00:00<00:00, 10062.62it/s]
100%|██████████| 1560/1560 [00:00<00:00, 9507.92it/s] 

  0%|          | 0/3120 [00:00<?, ?it/s]
 37%|███▋      | 1148/3120 [00:00<00:00, 11472.76it/s]
 74%|███████▎  | 2296/3120 [00:00<00:00, 8784.14it/s] 
100%|██████████| 3120/3120 [00:00<00:00, 9673.19it/s]

  0%|          | 0/392 [00:00<?, ?it/s]
100%|██████████| 392/392 [00:00<00:00, 10808.71it/s]

  0%|          | 0/784 [00:00<?, ?it/s]
100%|██████████| 784/784 [00:00<00:00, 15385.24it/s]

  0%|          | 0/392 [00:00<?, ?it/s]
100%|██████████| 392/392 [00:00<00:00, 17143.35it/s]

  0%|          | 0/784 [00:00<?, ?it/s]
100%|██████████| 784/784 [00:00<00:00, 13361.24it/s]

  0%|          | 0/392 [00:00<?, ?it/s]
100%|██████████| 392/392 [00:00<00:00, 14235.95it/s]

  0%|          | 0/784 [00:00<?, ?it/s]
100%|██████████| 784/784 [00:00<00:00, 14459.94it/s]

  0%|          | 0/392 [00:00<?, ?it/s]
100%|██████████| 392/392 [00:00<00:00, 13186.99it/s]

  0%|          | 0/784 [00:00<?, ?it/s]
100%|██████████| 784/784 [00:00<00:00, 9970.51it/s]

  0%|          | 0/784 [00:00<?, ?it/s]
100%|██████████| 784/784 [00:00<00:00, 11974.61it/s]

  0%|          | 0/1568 [00:00<?, ?it/s]
 74%|███████▍  | 1160/1568 [00:00<00:00, 11599.18it/s]
100%|██████████| 1568/1568 [00:00<00:00, 10885.98it/s]

  0%|          | 0/3136 [00:00<?, ?it/s]
 35%|███▍      | 1083/3136 [00:00<00:00, 10822.42it/s]
 69%|██████▉   | 2166/3136 [00:00<00:00, 8164.18it/s] 
100%|██████████| 3136/3136 [00:00<00:00, 9348.45it/s]

  0%|          | 0/394 [00:00<?, ?it/s]
100%|██████████| 394/394 [00:00<00:00, 14197.09it/s]

  0%|          | 0/788 [00:00<?, ?it/s]
100%|██████████| 788/788 [00:00<00:00, 15637.36it/s]

  0%|          | 0/394 [00:00<?, ?it/s]
100%|██████████| 394/394 [00:00<00:00, 16904.56it/s]

  0%|          | 0/788 [00:00<?, ?it/s]
100%|██████████| 788/788 [00:00<00:00, 15211.23it/s]

  0%|          | 0/394 [00:00<?, ?it/s]
100%|██████████| 394/394 [00:00<00:00, 15266.95it/s]

  0%|          | 0/788 [00:00<?, ?it/s]
100%|██████████| 788/788 [00:00<00:00, 14799.36it/s]

  0%|          | 0/394 [00:00<?, ?it/s]
100%|██████████| 394/394 [00:00<00:00, 13413.60it/s]

  0%|          | 0/788 [00:00<?, ?it/s]
100%|██████████| 788/788 [00:00<00:00, 12896.18it/s]

  0%|          | 0/788 [00:00<?, ?it/s]
100%|██████████| 788/788 [00:00<00:00, 12670.30it/s]

  0%|          | 0/1576 [00:00<?, ?it/s]
 77%|███████▋  | 1215/1576 [00:00<00:00, 12146.10it/s]
100%|██████████| 1576/1576 [00:00<00:00, 11444.51it/s]

  0%|          | 0/3152 [00:00<?, ?it/s]
 35%|███▍      | 1094/3152 [00:00<00:00, 10938.71it/s]
 69%|██████▉   | 2188/3152 [00:00<00:00, 8849.94it/s] 
100%|██████████| 3152/3152 [00:00<00:00, 9442.07it/s]

  0%|          | 0/396 [00:00<?, ?it/s]
100%|██████████| 396/396 [00:00<00:00, 17249.58it/s]

  0%|          | 0/792 [00:00<?, ?it/s]
100%|██████████| 792/792 [00:00<00:00, 12992.27it/s]

  0%|          | 0/396 [00:00<?, ?it/s]
100%|██████████| 396/396 [00:00<00:00, 13746.13it/s]

  0%|          | 0/792 [00:00<?, ?it/s]
100%|██████████| 792/792 [00:00<00:00, 15137.13it/s]

  0%|          | 0/396 [00:00<?, ?it/s]
100%|██████████| 396/396 [00:00<00:00, 14086.90it/s]

  0%|          | 0/792 [00:00<?, ?it/s]
100%|██████████| 792/792 [00:00<00:00, 14409.60it/s]

  0%|          | 0/396 [00:00<?, ?it/s]
100%|██████████| 396/396 [00:00<00:00, 12316.89it/s]

  0%|          | 0/792 [00:00<?, ?it/s]
100%|██████████| 792/792 [00:00<00:00, 11052.81it/s]

  0%|          | 0/792 [00:00<?, ?it/s]
100%|██████████| 792/792 [00:00<00:00, 10492.95it/s]

  0%|          | 0/1584 [00:00<?, ?it/s]
 75%|███████▍  | 1182/1584 [00:00<00:00, 11816.01it/s]
100%|██████████| 1584/1584 [00:00<00:00, 11096.88it/s]

  0%|          | 0/3168 [00:00<?, ?it/s]
 37%|███▋      | 1163/3168 [00:00<00:00, 11622.06it/s]
 73%|███████▎  | 2326/3168 [00:00<00:00, 9309.74it/s] 
100%|██████████| 3168/3168 [00:00<00:00, 10131.33it/s]

  0%|          | 0/398 [00:00<?, ?it/s]
100%|██████████| 398/398 [00:00<00:00, 14525.79it/s]

  0%|          | 0/796 [00:00<?, ?it/s]
100%|██████████| 796/796 [00:00<00:00, 14750.47it/s]

  0%|          | 0/398 [00:00<?, ?it/s]
100%|██████████| 398/398 [00:00<00:00, 15490.92it/s]

  0%|          | 0/796 [00:00<?, ?it/s]
100%|██████████| 796/796 [00:00<00:00, 11742.88it/s]

  0%|          | 0/398 [00:00<?, ?it/s]
100%|██████████| 398/398 [00:00<00:00, 16117.76it/s]

  0%|          | 0/796 [00:00<?, ?it/s]
100%|██████████| 796/796 [00:00<00:00, 12981.78it/s]

  0%|          | 0/398 [00:00<?, ?it/s]
100%|██████████| 398/398 [00:00<00:00, 12354.36it/s]

  0%|          | 0/796 [00:00<?, ?it/s]
100%|██████████| 796/796 [00:00<00:00, 12338.97it/s]

  0%|          | 0/796 [00:00<?, ?it/s]
100%|██████████| 796/796 [00:00<00:00, 11960.37it/s]

  0%|          | 0/1592 [00:00<?, ?it/s]
 77%|███████▋  | 1221/1592 [00:00<00:00, 12206.64it/s]
100%|██████████| 1592/1592 [00:00<00:00, 11727.58it/s]

  0%|          | 0/3184 [00:00<?, ?it/s]
 35%|███▌      | 1129/3184 [00:00<00:00, 11284.95it/s]
 71%|███████   | 2258/3184 [00:00<00:00, 9642.44it/s] 
100%|██████████| 3184/3184 [00:00<00:00, 10309.35it/s]

  0%|          | 0/400 [00:00<?, ?it/s]
100%|██████████| 400/400 [00:00<00:00, 12563.25it/s]

  0%|          | 0/800 [00:00<?, ?it/s]
100%|██████████| 800/800 [00:00<00:00, 16948.74it/s]

  0%|          | 0/400 [00:00<?, ?it/s]
100%|██████████| 400/400 [00:00<00:00, 15945.20it/s]

  0%|          | 0/800 [00:00<?, ?it/s]
100%|██████████| 800/800 [00:00<00:00, 15282.44it/s]

  0%|          | 0/400 [00:00<?, ?it/s]
100%|██████████| 400/400 [00:00<00:00, 13508.77it/s]

  0%|          | 0/800 [00:00<?, ?it/s]
100%|██████████| 800/800 [00:00<00:00, 13406.86it/s]

  0%|          | 0/400 [00:00<?, ?it/s]
100%|██████████| 400/400 [00:00<00:00, 10837.92it/s]

  0%|          | 0/800 [00:00<?, ?it/s]
100%|██████████| 800/800 [00:00<00:00, 11621.71it/s]

  0%|          | 0/800 [00:00<?, ?it/s]
100%|██████████| 800/800 [00:00<00:00, 10235.81it/s]

  0%|          | 0/1600 [00:00<?, ?it/s]
 73%|███████▎  | 1172/1600 [00:00<00:00, 11717.89it/s]
100%|██████████| 1600/1600 [00:00<00:00, 11337.32it/s]

  0%|          | 0/3200 [00:00<?, ?it/s]
 38%|███▊      | 1200/3200 [00:00<00:00, 11997.32it/s]
 75%|███████▌  | 2400/3200 [00:00<00:00, 8672.45it/s] 
100%|██████████| 3200/3200 [00:00<00:00, 9624.33it/s]

  0%|          | 0/402 [00:00<?, ?it/s]
100%|██████████| 402/402 [00:00<00:00, 15642.26it/s]

  0%|          | 0/804 [00:00<?, ?it/s]
100%|██████████| 804/804 [00:00<00:00, 13282.94it/s]

  0%|          | 0/402 [00:00<?, ?it/s]
100%|██████████| 402/402 [00:00<00:00, 10773.87it/s]

  0%|          | 0/804 [00:00<?, ?it/s]
100%|██████████| 804/804 [00:00<00:00, 11574.50it/s]

  0%|          | 0/402 [00:00<?, ?it/s]
100%|██████████| 402/402 [00:00<00:00, 15442.55it/s]

  0%|          | 0/804 [00:00<?, ?it/s]
100%|██████████| 804/804 [00:00<00:00, 13502.01it/s]

  0%|          | 0/402 [00:00<?, ?it/s]
100%|██████████| 402/402 [00:00<00:00, 12934.26it/s]

  0%|          | 0/804 [00:00<?, ?it/s]
100%|██████████| 804/804 [00:00<00:00, 10602.70it/s]

  0%|          | 0/804 [00:00<?, ?it/s]
100%|██████████| 804/804 [00:00<00:00, 10239.92it/s]

  0%|          | 0/1608 [00:00<?, ?it/s]
 68%|██████▊   | 1086/1608 [00:00<00:00, 10854.06it/s]
100%|██████████| 1608/1608 [00:00<00:00, 10085.88it/s]

  0%|          | 0/3216 [00:00<?, ?it/s]
 36%|███▌      | 1146/3216 [00:00<00:00, 11458.95it/s]
 71%|███████▏  | 2292/3216 [00:00<00:00, 9739.10it/s] 
100%|██████████| 3216/3216 [00:00<00:00, 10193.25it/s]

  0%|          | 0/404 [00:00<?, ?it/s]
100%|██████████| 404/404 [00:00<00:00, 16093.94it/s]

  0%|          | 0/808 [00:00<?, ?it/s]
100%|██████████| 808/808 [00:00<00:00, 14484.51it/s]

  0%|          | 0/404 [00:00<?, ?it/s]
100%|██████████| 404/404 [00:00<00:00, 15384.26it/s]

  0%|          | 0/808 [00:00<?, ?it/s]
100%|██████████| 808/808 [00:00<00:00, 13977.67it/s]

  0%|          | 0/404 [00:00<?, ?it/s]
100%|██████████| 404/404 [00:00<00:00, 12980.89it/s]

  0%|          | 0/808 [00:00<?, ?it/s]
100%|██████████| 808/808 [00:00<00:00, 12173.39it/s]

  0%|          | 0/404 [00:00<?, ?it/s]
100%|██████████| 404/404 [00:00<00:00, 11129.71it/s]

  0%|          | 0/808 [00:00<?, ?it/s]
100%|██████████| 808/808 [00:00<00:00, 13086.50it/s]

  0%|          | 0/808 [00:00<?, ?it/s]
100%|██████████| 808/808 [00:00<00:00, 11119.27it/s]

  0%|          | 0/1616 [00:00<?, ?it/s]
 73%|███████▎  | 1173/1616 [00:00<00:00, 11718.25it/s]
100%|██████████| 1616/1616 [00:00<00:00, 11576.86it/s]

  0%|          | 0/3232 [00:00<?, ?it/s]
 33%|███▎      | 1078/3232 [00:00<00:00, 10775.87it/s]
 67%|██████▋   | 2156/3232 [00:00<00:00, 8830.37it/s] 
100%|██████████| 3232/3232 [00:00<00:00, 9885.96it/s]

  0%|          | 0/406 [00:00<?, ?it/s]
100%|██████████| 406/406 [00:00<00:00, 15546.80it/s]

  0%|          | 0/812 [00:00<?, ?it/s]
100%|██████████| 812/812 [00:00<00:00, 15202.04it/s]

  0%|          | 0/406 [00:00<?, ?it/s]
100%|██████████| 406/406 [00:00<00:00, 14547.38it/s]

  0%|          | 0/812 [00:00<?, ?it/s]
100%|██████████| 812/812 [00:00<00:00, 13072.14it/s]

  0%|          | 0/406 [00:00<?, ?it/s]
100%|██████████| 406/406 [00:00<00:00, 14695.01it/s]

  0%|          | 0/812 [00:00<?, ?it/s]
100%|██████████| 812/812 [00:00<00:00, 13535.55it/s]

  0%|          | 0/406 [00:00<?, ?it/s]
100%|██████████| 406/406 [00:00<00:00, 10936.49it/s]

  0%|          | 0/812 [00:00<?, ?it/s]
100%|██████████| 812/812 [00:00<00:00, 13502.39it/s]

  0%|          | 0/812 [00:00<?, ?it/s]
100%|██████████| 812/812 [00:00<00:00, 11971.85it/s]

  0%|          | 0/1624 [00:00<?, ?it/s]
 69%|██████▉   | 1122/1624 [00:00<00:00, 11216.45it/s]
100%|██████████| 1624/1624 [00:00<00:00, 11078.09it/s]

  0%|          | 0/3248 [00:00<?, ?it/s]
 34%|███▎      | 1092/3248 [00:00<00:00, 10912.88it/s]
 67%|██████▋   | 2184/3248 [00:00<00:00, 9280.82it/s] 
100%|██████████| 3248/3248 [00:00<00:00, 10014.87it/s]

  0%|          | 0/408 [00:00<?, ?it/s]
100%|██████████| 408/408 [00:00<00:00, 16535.03it/s]

  0%|          | 0/816 [00:00<?, ?it/s]
100%|██████████| 816/816 [00:00<00:00, 14846.13it/s]

  0%|          | 0/408 [00:00<?, ?it/s]
100%|██████████| 408/408 [00:00<00:00, 14682.89it/s]

  0%|          | 0/816 [00:00<?, ?it/s]
100%|██████████| 816/816 [00:00<00:00, 13940.47it/s]

  0%|          | 0/408 [00:00<?, ?it/s]
100%|██████████| 408/408 [00:00<00:00, 13331.23it/s]

  0%|          | 0/816 [00:00<?, ?it/s]
100%|██████████| 816/816 [00:00<00:00, 11093.09it/s]

  0%|          | 0/408 [00:00<?, ?it/s]
100%|██████████| 408/408 [00:00<00:00, 11281.25it/s]

  0%|          | 0/816 [00:00<?, ?it/s]
100%|██████████| 816/816 [00:00<00:00, 11005.98it/s]

  0%|          | 0/816 [00:00<?, ?it/s]
100%|██████████| 816/816 [00:00<00:00, 11472.68it/s]

  0%|          | 0/1632 [00:00<?, ?it/s]
 71%|███████   | 1161/1632 [00:00<00:00, 11605.17it/s]
100%|██████████| 1632/1632 [00:00<00:00, 11108.86it/s]

  0%|          | 0/3264 [00:00<?, ?it/s]
 28%|██▊       | 913/3264 [00:00<00:00, 9127.92it/s]
 56%|█████▌    | 1826/3264 [00:00<00:00, 7318.04it/s]
 90%|█████████ | 2943/3264 [00:00<00:00, 8867.25it/s]
100%|██████████| 3264/3264 [00:00<00:00, 8774.76it/s]

  0%|          | 0/410 [00:00<?, ?it/s]
100%|██████████| 410/410 [00:00<00:00, 14446.71it/s]

  0%|          | 0/820 [00:00<?, ?it/s]
100%|██████████| 820/820 [00:00<00:00, 16774.27it/s]

  0%|          | 0/410 [00:00<?, ?it/s]
100%|██████████| 410/410 [00:00<00:00, 14820.99it/s]

  0%|          | 0/820 [00:00<?, ?it/s]
100%|██████████| 820/820 [00:00<00:00, 13902.80it/s]

  0%|          | 0/410 [00:00<?, ?it/s]
100%|██████████| 410/410 [00:00<00:00, 13148.29it/s]

  0%|          | 0/820 [00:00<?, ?it/s]
100%|██████████| 820/820 [00:00<00:00, 14311.34it/s]

  0%|          | 0/410 [00:00<?, ?it/s]
100%|██████████| 410/410 [00:00<00:00, 13666.03it/s]

  0%|          | 0/820 [00:00<?, ?it/s]
100%|██████████| 820/820 [00:00<00:00, 12476.71it/s]

  0%|          | 0/820 [00:00<?, ?it/s]
100%|██████████| 820/820 [00:00<00:00, 11976.59it/s]

  0%|          | 0/1640 [00:00<?, ?it/s]
 67%|██████▋   | 1103/1640 [00:00<00:00, 11028.83it/s]
100%|██████████| 1640/1640 [00:00<00:00, 10883.47it/s]

  0%|          | 0/3280 [00:00<?, ?it/s]
 35%|███▌      | 1151/3280 [00:00<00:00, 11499.84it/s]
 70%|███████   | 2301/3280 [00:00<00:00, 9587.64it/s] 
100%|██████████| 3280/3280 [00:00<00:00, 10180.42it/s]

  0%|          | 0/412 [00:00<?, ?it/s]
100%|██████████| 412/412 [00:00<00:00, 12906.51it/s]

  0%|          | 0/824 [00:00<?, ?it/s]
100%|██████████| 824/824 [00:00<00:00, 15873.50it/s]

  0%|          | 0/412 [00:00<?, ?it/s]
100%|██████████| 412/412 [00:00<00:00, 15122.68it/s]

  0%|          | 0/824 [00:00<?, ?it/s]
100%|██████████| 824/824 [00:00<00:00, 14417.20it/s]

  0%|          | 0/412 [00:00<?, ?it/s]
100%|██████████| 412/412 [00:00<00:00, 13958.65it/s]

  0%|          | 0/824 [00:00<?, ?it/s]
100%|██████████| 824/824 [00:00<00:00, 13465.02it/s]

  0%|          | 0/412 [00:00<?, ?it/s]
100%|██████████| 412/412 [00:00<00:00, 12386.32it/s]

  0%|          | 0/824 [00:00<?, ?it/s]
100%|██████████| 824/824 [00:00<00:00, 11505.05it/s]

  0%|          | 0/824 [00:00<?, ?it/s]
100%|██████████| 824/824 [00:00<00:00, 9815.42it/s]

  0%|          | 0/1648 [00:00<?, ?it/s]
 75%|███████▌  | 1242/1648 [00:00<00:00, 12417.55it/s]
100%|██████████| 1648/1648 [00:00<00:00, 11762.21it/s]

  0%|          | 0/3296 [00:00<?, ?it/s]
 36%|███▌      | 1177/3296 [00:00<00:00, 11756.19it/s]
 71%|███████▏  | 2353/3296 [00:00<00:00, 9632.18it/s] 
100%|██████████| 3296/3296 [00:00<00:00, 10351.72it/s]

  0%|          | 0/414 [00:00<?, ?it/s]
100%|██████████| 414/414 [00:00<00:00, 13289.67it/s]

  0%|          | 0/828 [00:00<?, ?it/s]
100%|██████████| 828/828 [00:00<00:00, 16552.20it/s]

  0%|          | 0/414 [00:00<?, ?it/s]
100%|██████████| 414/414 [00:00<00:00, 14934.31it/s]

  0%|          | 0/828 [00:00<?, ?it/s]
100%|██████████| 828/828 [00:00<00:00, 15578.01it/s]

  0%|          | 0/414 [00:00<?, ?it/s]
100%|██████████| 414/414 [00:00<00:00, 10872.88it/s]

  0%|          | 0/828 [00:00<?, ?it/s]
100%|██████████| 828/828 [00:00<00:00, 13024.57it/s]

  0%|          | 0/414 [00:00<?, ?it/s]
100%|██████████| 414/414 [00:00<00:00, 11701.41it/s]

  0%|          | 0/828 [00:00<?, ?it/s]
100%|██████████| 828/828 [00:00<00:00, 10672.23it/s]

  0%|          | 0/828 [00:00<?, ?it/s]
100%|██████████| 828/828 [00:00<00:00, 10780.26it/s]

  0%|          | 0/1656 [00:00<?, ?it/s]
 64%|██████▎   | 1054/1656 [00:00<00:00, 10506.87it/s]
100%|██████████| 1656/1656 [00:00<00:00, 9123.17it/s] 

  0%|          | 0/3312 [00:00<?, ?it/s]
 32%|███▏      | 1055/3312 [00:00<00:00, 10545.89it/s]
 64%|██████▎   | 2110/3312 [00:00<00:00, 8853.46it/s] 
 96%|█████████▋| 3190/3312 [00:00<00:00, 9657.20it/s]
100%|██████████| 3312/3312 [00:00<00:00, 9620.72it/s]

  0%|          | 0/416 [00:00<?, ?it/s]
100%|██████████| 416/416 [00:00<00:00, 16455.08it/s]

  0%|          | 0/832 [00:00<?, ?it/s]
100%|██████████| 832/832 [00:00<00:00, 16065.47it/s]

  0%|          | 0/416 [00:00<?, ?it/s]
100%|██████████| 416/416 [00:00<00:00, 13491.20it/s]

  0%|          | 0/832 [00:00<?, ?it/s]
100%|██████████| 832/832 [00:00<00:00, 13655.01it/s]

  0%|          | 0/416 [00:00<?, ?it/s]
100%|██████████| 416/416 [00:00<00:00, 14255.73it/s]

  0%|          | 0/832 [00:00<?, ?it/s]
100%|██████████| 832/832 [00:00<00:00, 13825.91it/s]

  0%|          | 0/416 [00:00<?, ?it/s]
100%|██████████| 416/416 [00:00<00:00, 10799.36it/s]

  0%|          | 0/832 [00:00<?, ?it/s]
100%|██████████| 832/832 [00:00<00:00, 11955.32it/s]

  0%|          | 0/832 [00:00<?, ?it/s]
100%|██████████| 832/832 [00:00<00:00, 10748.46it/s]

  0%|          | 0/1664 [00:00<?, ?it/s]
  6%|▌         | 95/1664 [00:02<00:48, 32.29it/s]
 70%|███████   | 1167/1664 [00:03<00:00, 527.11it/s]
100%|██████████| 1664/1664 [00:03<00:00, 536.24it/s]

  0%|          | 0/3328 [00:00<?, ?it/s]
 33%|███▎      | 1114/3328 [00:00<00:00, 11132.61it/s]
 67%|██████▋   | 2228/3328 [00:00<00:00, 9454.33it/s] 
 99%|█████████▉| 3287/3328 [00:00<00:00, 9922.78it/s]
100%|██████████| 3328/3328 [00:00<00:00, 9934.50it/s]

  0%|          | 0/418 [00:00<?, ?it/s]
100%|██████████| 418/418 [00:00<00:00, 16584.55it/s]

  0%|          | 0/836 [00:00<?, ?it/s]
100%|██████████| 836/836 [00:00<00:00, 11189.02it/s]

  0%|          | 0/418 [00:00<?, ?it/s]
100%|██████████| 418/418 [00:00<00:00, 13163.99it/s]

  0%|          | 0/836 [00:00<?, ?it/s]
100%|██████████| 836/836 [00:00<00:00, 14248.02it/s]

  0%|          | 0/418 [00:00<?, ?it/s]
100%|██████████| 418/418 [00:00<00:00, 10939.91it/s]

  0%|          | 0/836 [00:00<?, ?it/s]
100%|██████████| 836/836 [00:00<00:00, 13484.49it/s]

  0%|          | 0/418 [00:00<?, ?it/s]
100%|██████████| 418/418 [00:00<00:00, 11256.41it/s]

  0%|          | 0/836 [00:00<?, ?it/s]
100%|██████████| 836/836 [00:00<00:00, 10451.41it/s]

  0%|          | 0/836 [00:00<?, ?it/s]
100%|██████████| 836/836 [00:00<00:00, 8914.32it/s]

  0%|          | 0/1672 [00:00<?, ?it/s]
 67%|██████▋   | 1126/1672 [00:00<00:00, 11256.20it/s]
100%|██████████| 1672/1672 [00:00<00:00, 9881.06it/s] 

  0%|          | 0/3344 [00:00<?, ?it/s]
 29%|██▉       | 980/3344 [00:00<00:00, 9792.61it/s]
 59%|█████▊    | 1960/3344 [00:00<00:00, 9054.88it/s]
 92%|█████████▏| 3078/3344 [00:00<00:00, 9981.73it/s]
100%|██████████| 3344/3344 [00:00<00:00, 9851.74it/s]

  0%|          | 0/420 [00:00<?, ?it/s]
100%|██████████| 420/420 [00:00<00:00, 16388.12it/s]

  0%|          | 0/840 [00:00<?, ?it/s]
100%|██████████| 840/840 [00:00<00:00, 15229.99it/s]

  0%|          | 0/420 [00:00<?, ?it/s]
100%|██████████| 420/420 [00:00<00:00, 15965.99it/s]

  0%|          | 0/840 [00:00<?, ?it/s]
100%|██████████| 840/840 [00:00<00:00, 15296.18it/s]

  0%|          | 0/420 [00:00<?, ?it/s]
100%|██████████| 420/420 [00:00<00:00, 14247.65it/s]

  0%|          | 0/840 [00:00<?, ?it/s]
100%|██████████| 840/840 [00:00<00:00, 10363.62it/s]

  0%|          | 0/420 [00:00<?, ?it/s]
100%|██████████| 420/420 [00:00<00:00, 9838.97it/s]

  0%|          | 0/840 [00:00<?, ?it/s]
100%|██████████| 840/840 [00:00<00:00, 10962.05it/s]

  0%|          | 0/840 [00:00<?, ?it/s]
100%|██████████| 840/840 [00:00<00:00, 10489.32it/s]

  0%|          | 0/1680 [00:00<?, ?it/s]
 65%|██████▍   | 1088/1680 [00:00<00:00, 10875.84it/s]
100%|██████████| 1680/1680 [00:00<00:00, 9671.71it/s] 

  0%|          | 0/3360 [00:00<?, ?it/s]
 34%|███▎      | 1128/3360 [00:00<00:00, 11271.55it/s]
 67%|██████▋   | 2256/3360 [00:00<00:00, 8808.25it/s] 
100%|██████████| 3360/3360 [00:00<00:00, 9805.22it/s]

  0%|          | 0/422 [00:00<?, ?it/s]
100%|██████████| 422/422 [00:00<00:00, 15835.07it/s]

  0%|          | 0/844 [00:00<?, ?it/s]
100%|██████████| 844/844 [00:00<00:00, 15531.87it/s]

  0%|          | 0/422 [00:00<?, ?it/s]
100%|██████████| 422/422 [00:00<00:00, 14452.02it/s]

  0%|          | 0/844 [00:00<?, ?it/s]
100%|██████████| 844/844 [00:00<00:00, 13193.86it/s]

  0%|          | 0/422 [00:00<?, ?it/s]
100%|██████████| 422/422 [00:00<00:00, 14877.17it/s]

  0%|          | 0/844 [00:00<?, ?it/s]
100%|██████████| 844/844 [00:00<00:00, 13681.92it/s]

  0%|          | 0/422 [00:00<?, ?it/s]
100%|██████████| 422/422 [00:00<00:00, 10559.45it/s]

  0%|          | 0/844 [00:00<?, ?it/s]
100%|██████████| 844/844 [00:00<00:00, 11747.23it/s]

  0%|          | 0/844 [00:00<?, ?it/s]
100%|██████████| 844/844 [00:00<00:00, 11147.51it/s]

  0%|          | 0/1688 [00:00<?, ?it/s]
 56%|█████▌    | 937/1688 [00:00<00:00, 9332.89it/s]
100%|██████████| 1688/1688 [00:00<00:00, 9157.74it/s]

  0%|          | 0/3376 [00:00<?, ?it/s]
 32%|███▏      | 1081/3376 [00:00<00:00, 10799.79it/s]
 64%|██████▍   | 2161/3376 [00:00<00:00, 8723.45it/s] 
 98%|█████████▊| 3306/3376 [00:00<00:00, 9822.25it/s]
100%|██████████| 3376/3376 [00:00<00:00, 9710.78it/s]

  0%|          | 0/424 [00:00<?, ?it/s]
100%|██████████| 424/424 [00:00<00:00, 11292.12it/s]

  0%|          | 0/848 [00:00<?, ?it/s]
100%|██████████| 848/848 [00:00<00:00, 13407.35it/s]

  0%|          | 0/424 [00:00<?, ?it/s]
100%|██████████| 424/424 [00:00<00:00, 14623.07it/s]

  0%|          | 0/848 [00:00<?, ?it/s]
100%|██████████| 848/848 [00:00<00:00, 13640.95it/s]

  0%|          | 0/424 [00:00<?, ?it/s]
100%|██████████| 424/424 [00:00<00:00, 14143.91it/s]

  0%|          | 0/848 [00:00<?, ?it/s]
100%|██████████| 848/848 [00:00<00:00, 13143.04it/s]

  0%|          | 0/424 [00:00<?, ?it/s]
100%|██████████| 424/424 [00:00<00:00, 12147.02it/s]

  0%|          | 0/848 [00:00<?, ?it/s]
100%|██████████| 848/848 [00:00<00:00, 11314.75it/s]

  0%|          | 0/848 [00:00<?, ?it/s]
100%|██████████| 848/848 [00:00<00:00, 11418.31it/s]

  0%|          | 0/1696 [00:00<?, ?it/s]
 59%|█████▉    | 1002/1696 [00:00<00:00, 10015.71it/s]
100%|██████████| 1696/1696 [00:00<00:00, 9848.95it/s] 

  0%|          | 0/3392 [00:00<?, ?it/s]
 33%|███▎      | 1122/3392 [00:00<00:00, 11214.88it/s]
 66%|██████▌   | 2244/3392 [00:00<00:00, 9710.96it/s] 
100%|██████████| 3392/3392 [00:00<00:00, 10474.20it/s]

  0%|          | 0/426 [00:00<?, ?it/s]
100%|██████████| 426/426 [00:00<00:00, 13223.60it/s]

  0%|          | 0/852 [00:00<?, ?it/s]
100%|██████████| 852/852 [00:00<00:00, 14519.41it/s]

  0%|          | 0/426 [00:00<?, ?it/s]
100%|██████████| 426/426 [00:00<00:00, 15006.96it/s]

  0%|          | 0/852 [00:00<?, ?it/s]
100%|██████████| 852/852 [00:00<00:00, 13471.66it/s]

  0%|          | 0/426 [00:00<?, ?it/s]
100%|██████████| 426/426 [00:00<00:00, 13448.75it/s]

  0%|          | 0/852 [00:00<?, ?it/s]
100%|██████████| 852/852 [00:00<00:00, 13645.59it/s]

  0%|          | 0/426 [00:00<?, ?it/s]
100%|██████████| 426/426 [00:00<00:00, 12333.55it/s]

  0%|          | 0/852 [00:00<?, ?it/s]
100%|██████████| 852/852 [00:00<00:00, 10294.43it/s]

  0%|          | 0/852 [00:00<?, ?it/s]
100%|██████████| 852/852 [00:00<00:00, 12130.37it/s]

  0%|          | 0/1704 [00:00<?, ?it/s]
 69%|██████▉   | 1173/1704 [00:00<00:00, 11725.37it/s]
100%|██████████| 1704/1704 [00:00<00:00, 10997.97it/s]

  0%|          | 0/3408 [00:00<?, ?it/s]
 32%|███▏      | 1082/3408 [00:00<00:00, 10813.72it/s]
 63%|██████▎   | 2164/3408 [00:00<00:00, 9166.49it/s] 
 93%|█████████▎| 3154/3408 [00:00<00:00, 9468.98it/s]
100%|██████████| 3408/3408 [00:00<00:00, 9690.36it/s]

  0%|          | 0/428 [00:00<?, ?it/s]
100%|██████████| 428/428 [00:00<00:00, 15497.98it/s]

  0%|          | 0/856 [00:00<?, ?it/s]
100%|██████████| 856/856 [00:00<00:00, 13896.86it/s]

  0%|          | 0/428 [00:00<?, ?it/s]
100%|██████████| 428/428 [00:00<00:00, 12389.23it/s]

  0%|          | 0/856 [00:00<?, ?it/s]
100%|██████████| 856/856 [00:00<00:00, 15162.61it/s]

  0%|          | 0/428 [00:00<?, ?it/s]
100%|██████████| 428/428 [00:00<00:00, 14322.80it/s]

  0%|          | 0/856 [00:00<?, ?it/s]
100%|██████████| 856/856 [00:00<00:00, 13966.38it/s]

  0%|          | 0/428 [00:00<?, ?it/s]
100%|██████████| 428/428 [00:00<00:00, 13181.98it/s]

  0%|          | 0/856 [00:00<?, ?it/s]
100%|██████████| 856/856 [00:00<00:00, 12244.64it/s]

  0%|          | 0/856 [00:00<?, ?it/s]
100%|██████████| 856/856 [00:00<00:00, 9229.65it/s]

  0%|          | 0/1712 [00:00<?, ?it/s]
 68%|██████▊   | 1156/1712 [00:00<00:00, 11542.29it/s]
100%|██████████| 1712/1712 [00:00<00:00, 10308.15it/s]

  0%|          | 0/3424 [00:00<?, ?it/s]
 29%|██▉       | 997/3424 [00:00<00:00, 9954.49it/s]
 58%|█████▊    | 1993/3424 [00:00<00:00, 9591.26it/s]
 88%|████████▊ | 3019/3424 [00:00<00:00, 9886.25it/s]
100%|██████████| 3424/3424 [00:00<00:00, 9623.08it/s]

  0%|          | 0/430 [00:00<?, ?it/s]
100%|██████████| 430/430 [00:00<00:00, 16092.21it/s]

  0%|          | 0/860 [00:00<?, ?it/s]
100%|██████████| 860/860 [00:00<00:00, 16774.56it/s]

  0%|          | 0/430 [00:00<?, ?it/s]
100%|██████████| 430/430 [00:00<00:00, 12604.49it/s]

  0%|          | 0/860 [00:00<?, ?it/s]
100%|██████████| 860/860 [00:00<00:00, 15360.09it/s]

  0%|          | 0/430 [00:00<?, ?it/s]
100%|██████████| 430/430 [00:00<00:00, 14615.13it/s]

  0%|          | 0/860 [00:00<?, ?it/s]
100%|██████████| 860/860 [00:00<00:00, 14406.68it/s]

  0%|          | 0/430 [00:00<?, ?it/s]
100%|██████████| 430/430 [00:00<00:00, 11097.00it/s]

  0%|          | 0/860 [00:00<?, ?it/s]
100%|██████████| 860/860 [00:00<00:00, 11152.17it/s]

  0%|          | 0/860 [00:00<?, ?it/s]
100%|██████████| 860/860 [00:00<00:00, 10507.54it/s]

  0%|          | 0/1720 [00:00<?, ?it/s]
 66%|██████▋   | 1141/1720 [00:00<00:00, 11403.62it/s]
100%|██████████| 1720/1720 [00:00<00:00, 10310.28it/s]

  0%|          | 0/3440 [00:00<?, ?it/s]
 24%|██▍       | 840/3440 [00:00<00:00, 8394.62it/s]
 51%|█████     | 1747/3440 [00:00<00:00, 8789.99it/s]
 79%|███████▉  | 2731/3440 [00:00<00:00, 9264.22it/s]
100%|██████████| 3440/3440 [00:00<00:00, 9242.68it/s]

  0%|          | 0/432 [00:00<?, ?it/s]
100%|██████████| 432/432 [00:00<00:00, 11146.42it/s]

  0%|          | 0/864 [00:00<?, ?it/s]
100%|██████████| 864/864 [00:00<00:00, 11462.38it/s]

  0%|          | 0/432 [00:00<?, ?it/s]
100%|██████████| 432/432 [00:00<00:00, 11968.05it/s]

  0%|          | 0/864 [00:00<?, ?it/s]
100%|██████████| 864/864 [00:00<00:00, 14102.78it/s]

  0%|          | 0/432 [00:00<?, ?it/s]
100%|██████████| 432/432 [00:00<00:00, 13691.55it/s]

  0%|          | 0/864 [00:00<?, ?it/s]
100%|██████████| 864/864 [00:00<00:00, 14512.23it/s]

  0%|          | 0/432 [00:00<?, ?it/s]
100%|██████████| 432/432 [00:00<00:00, 13386.08it/s]

  0%|          | 0/864 [00:00<?, ?it/s]
100%|██████████| 864/864 [00:00<00:00, 8987.13it/s]

  0%|          | 0/864 [00:00<?, ?it/s]
100%|██████████| 864/864 [00:00<00:00, 11230.25it/s]

  0%|          | 0/1728 [00:00<?, ?it/s]
 62%|██████▏   | 1076/1728 [00:00<00:00, 10756.16it/s]
100%|██████████| 1728/1728 [00:00<00:00, 9961.85it/s] 

  0%|          | 0/3456 [00:00<?, ?it/s]
 29%|██▉       | 1008/3456 [00:00<00:00, 10067.91it/s]
 58%|█████▊    | 2015/3456 [00:00<00:00, 9081.78it/s] 
 85%|████████▌ | 2952/3456 [00:00<00:00, 9205.13it/s]
100%|██████████| 3456/3456 [00:00<00:00, 9254.13it/s]

  0%|          | 0/434 [00:00<?, ?it/s]
100%|██████████| 434/434 [00:00<00:00, 13992.30it/s]

  0%|          | 0/868 [00:00<?, ?it/s]
100%|██████████| 868/868 [00:00<00:00, 11316.58it/s]

  0%|          | 0/434 [00:00<?, ?it/s]
100%|██████████| 434/434 [00:00<00:00, 14283.24it/s]

  0%|          | 0/868 [00:00<?, ?it/s]
100%|██████████| 868/868 [00:00<00:00, 13986.01it/s]

  0%|          | 0/434 [00:00<?, ?it/s]
100%|██████████| 434/434 [00:00<00:00, 15058.47it/s]

  0%|          | 0/868 [00:00<?, ?it/s]
100%|██████████| 868/868 [00:00<00:00, 13676.70it/s]

  0%|          | 0/434 [00:00<?, ?it/s]
100%|██████████| 434/434 [00:00<00:00, 9092.59it/s]

  0%|          | 0/868 [00:00<?, ?it/s]
100%|██████████| 868/868 [00:00<00:00, 11829.84it/s]

  0%|          | 0/868 [00:00<?, ?it/s]
100%|██████████| 868/868 [00:00<00:00, 10037.24it/s]

  0%|          | 0/1736 [00:00<?, ?it/s]
 58%|█████▊    | 1000/1736 [00:00<00:00, 9997.53it/s]
100%|██████████| 1736/1736 [00:00<00:00, 9697.52it/s]

  0%|          | 0/3472 [00:00<?, ?it/s]
 30%|██▉       | 1039/3472 [00:00<00:00, 10386.02it/s]
 60%|█████▉    | 2078/3472 [00:00<00:00, 10168.35it/s]
 93%|█████████▎| 3245/3472 [00:00<00:00, 10841.38it/s]
100%|██████████| 3472/3472 [00:00<00:00, 10595.78it/s]

  0%|          | 0/436 [00:00<?, ?it/s]
100%|██████████| 436/436 [00:00<00:00, 9753.21it/s]

  0%|          | 0/872 [00:00<?, ?it/s]
100%|██████████| 872/872 [00:00<00:00, 14949.35it/s]

  0%|          | 0/436 [00:00<?, ?it/s]
100%|██████████| 436/436 [00:00<00:00, 14090.35it/s]

  0%|          | 0/872 [00:00<?, ?it/s]
100%|██████████| 872/872 [00:00<00:00, 14636.93it/s]

  0%|          | 0/436 [00:00<?, ?it/s]
100%|██████████| 436/436 [00:00<00:00, 13941.58it/s]

  0%|          | 0/872 [00:00<?, ?it/s]
100%|██████████| 872/872 [00:00<00:00, 13399.50it/s]

  0%|          | 0/436 [00:00<?, ?it/s]
100%|██████████| 436/436 [00:00<00:00, 12077.11it/s]

  0%|          | 0/872 [00:00<?, ?it/s]
100%|██████████| 872/872 [00:00<00:00, 10651.61it/s]

  0%|          | 0/872 [00:00<?, ?it/s]
100%|██████████| 872/872 [00:00<00:00, 10557.83it/s]

  0%|          | 0/1744 [00:00<?, ?it/s]
 61%|██████    | 1064/1744 [00:00<00:00, 10634.28it/s]
100%|██████████| 1744/1744 [00:00<00:00, 10179.40it/s]

  0%|          | 0/3488 [00:00<?, ?it/s]
 28%|██▊       | 979/3488 [00:00<00:00, 9776.02it/s]
 56%|█████▌    | 1957/3488 [00:00<00:00, 9171.79it/s]
 90%|████████▉ | 3125/3488 [00:00<00:00, 10275.72it/s]
100%|██████████| 3488/3488 [00:00<00:00, 9890.28it/s] 

  0%|          | 0/438 [00:00<?, ?it/s]
100%|██████████| 438/438 [00:00<00:00, 14762.74it/s]

  0%|          | 0/876 [00:00<?, ?it/s]
100%|██████████| 876/876 [00:00<00:00, 14673.13it/s]

  0%|          | 0/438 [00:00<?, ?it/s]
100%|██████████| 438/438 [00:00<00:00, 12699.91it/s]

  0%|          | 0/876 [00:00<?, ?it/s]
100%|██████████| 876/876 [00:00<00:00, 13866.20it/s]

  0%|          | 0/438 [00:00<?, ?it/s]
100%|██████████| 438/438 [00:00<00:00, 11506.50it/s]

  0%|          | 0/876 [00:00<?, ?it/s]
100%|██████████| 876/876 [00:00<00:00, 12089.00it/s]

  0%|          | 0/438 [00:00<?, ?it/s]
100%|██████████| 438/438 [00:00<00:00, 12056.95it/s]

  0%|          | 0/876 [00:00<?, ?it/s]
100%|██████████| 876/876 [00:00<00:00, 11085.36it/s]

  0%|          | 0/876 [00:00<?, ?it/s]
100%|██████████| 876/876 [00:00<00:00, 10492.38it/s]

  0%|          | 0/1752 [00:00<?, ?it/s]
 69%|██████▊   | 1201/1752 [00:00<00:00, 12007.84it/s]
100%|██████████| 1752/1752 [00:00<00:00, 10930.24it/s]

  0%|          | 0/3504 [00:00<?, ?it/s]
 30%|███       | 1053/3504 [00:00<00:00, 10529.06it/s]
 60%|██████    | 2106/3504 [00:00<00:00, 9520.84it/s] 
 95%|█████████▍| 3315/3504 [00:00<00:00, 10626.28it/s]
100%|██████████| 3504/3504 [00:00<00:00, 10420.76it/s]

  0%|          | 0/440 [00:00<?, ?it/s]
100%|██████████| 440/440 [00:00<00:00, 15913.82it/s]

  0%|          | 0/880 [00:00<?, ?it/s]
100%|██████████| 880/880 [00:00<00:00, 13083.69it/s]

  0%|          | 0/440 [00:00<?, ?it/s]
100%|██████████| 440/440 [00:00<00:00, 15244.58it/s]

  0%|          | 0/880 [00:00<?, ?it/s]
100%|██████████| 880/880 [00:00<00:00, 13670.43it/s]

  0%|          | 0/440 [00:00<?, ?it/s]
100%|██████████| 440/440 [00:00<00:00, 14317.03it/s]

  0%|          | 0/880 [00:00<?, ?it/s]
100%|██████████| 880/880 [00:00<00:00, 13185.44it/s]

  0%|          | 0/440 [00:00<?, ?it/s]
100%|██████████| 440/440 [00:00<00:00, 11978.90it/s]

  0%|          | 0/880 [00:00<?, ?it/s]
100%|██████████| 880/880 [00:00<00:00, 11597.32it/s]

  0%|          | 0/880 [00:00<?, ?it/s]
100%|██████████| 880/880 [00:00<00:00, 11234.82it/s]

  0%|          | 0/1760 [00:00<?, ?it/s]
 59%|█████▉    | 1044/1760 [00:00<00:00, 10437.60it/s]
100%|██████████| 1760/1760 [00:00<00:00, 9665.95it/s] 

  0%|          | 0/3520 [00:00<?, ?it/s]
 35%|███▍      | 1229/3520 [00:00<00:00, 12282.28it/s]
 70%|██████▉   | 2458/3520 [00:00<00:00, 10980.98it/s]
100%|██████████| 3520/3520 [00:00<00:00, 9847.62it/s] 

  0%|          | 0/442 [00:00<?, ?it/s]
100%|██████████| 442/442 [00:00<00:00, 12207.03it/s]

  0%|          | 0/884 [00:00<?, ?it/s]
100%|██████████| 884/884 [00:00<00:00, 15476.10it/s]

  0%|          | 0/442 [00:00<?, ?it/s]
100%|██████████| 442/442 [00:00<00:00, 13007.33it/s]

  0%|          | 0/884 [00:00<?, ?it/s]
100%|██████████| 884/884 [00:00<00:00, 15141.40it/s]

  0%|          | 0/442 [00:00<?, ?it/s]
100%|██████████| 442/442 [00:00<00:00, 13942.42it/s]

  0%|          | 0/884 [00:00<?, ?it/s]
100%|██████████| 884/884 [00:00<00:00, 13463.20it/s]

  0%|          | 0/442 [00:00<?, ?it/s]
100%|██████████| 442/442 [00:00<00:00, 11098.50it/s]

  0%|          | 0/884 [00:00<?, ?it/s]
100%|██████████| 884/884 [00:00<00:00, 11015.64it/s]

  0%|          | 0/884 [00:00<?, ?it/s]
100%|██████████| 884/884 [00:00<00:00, 11364.90it/s]

  0%|          | 0/1768 [00:00<?, ?it/s]
 59%|█████▊    | 1036/1768 [00:00<00:00, 10354.50it/s]
100%|██████████| 1768/1768 [00:00<00:00, 9900.80it/s] 

  0%|          | 0/3536 [00:00<?, ?it/s]
 30%|███       | 1073/3536 [00:00<00:00, 10727.22it/s]
 61%|██████    | 2146/3536 [00:00<00:00, 9908.11it/s] 
 90%|████████▉ | 3175/3536 [00:00<00:00, 10074.47it/s]
100%|██████████| 3536/3536 [00:00<00:00, 9362.70it/s] 

  0%|          | 0/444 [00:00<?, ?it/s]
100%|██████████| 444/444 [00:00<00:00, 16384.43it/s]

  0%|          | 0/888 [00:00<?, ?it/s]
100%|██████████| 888/888 [00:00<00:00, 11327.13it/s]

  0%|          | 0/444 [00:00<?, ?it/s]
100%|██████████| 444/444 [00:00<00:00, 16823.29it/s]

  0%|          | 0/888 [00:00<?, ?it/s]
100%|██████████| 888/888 [00:00<00:00, 14669.33it/s]

  0%|          | 0/444 [00:00<?, ?it/s]
100%|██████████| 444/444 [00:00<00:00, 11113.46it/s]

  0%|          | 0/888 [00:00<?, ?it/s]
100%|██████████| 888/888 [00:00<00:00, 11108.06it/s]

  0%|          | 0/444 [00:00<?, ?it/s]
100%|██████████| 444/444 [00:00<00:00, 12109.57it/s]

  0%|          | 0/888 [00:00<?, ?it/s]
100%|██████████| 888/888 [00:00<00:00, 10624.85it/s]

  0%|          | 0/888 [00:00<?, ?it/s]
100%|██████████| 888/888 [00:00<00:00, 8993.31it/s]

  0%|          | 0/1776 [00:00<?, ?it/s]
 59%|█████▉    | 1044/1776 [00:00<00:00, 10430.29it/s]
100%|██████████| 1776/1776 [00:00<00:00, 9106.62it/s] 

  0%|          | 0/3552 [00:00<?, ?it/s]
 28%|██▊       | 997/3552 [00:00<00:00, 9964.05it/s]
 56%|█████▌    | 1994/3552 [00:00<00:00, 8530.41it/s]
 89%|████████▉ | 3172/3552 [00:00<00:00, 9887.28it/s]
100%|██████████| 3552/3552 [00:00<00:00, 9257.91it/s]
