config_id,window_start,representation,M,K,N,scalesim_cycles,scalesim_utilization,dense_scalesim_cycles,analytical_regular_cycles,analytical_residual_cycles,analytical_decode_cycles,hybrid_total_cycles,hybrid_speedup_vs_dense_combination,scalesim_run_success
cora_gcnii16,4,R3_MOSAIC_ANCHOR,32,63,64,1155.0,25.04970178926441,1155.0,5572,440.0,93,1688.0,0.6842417061611374,True
cora_gcnii16,4,R3_MOSAIC_ANCHOR,32,64,64,1155.0,25.447316103379723,1155.0,5828,393.75,92,1640.75,0.7039463659911626,True
cora_gcnii16,4,R3_MOSAIC_ANCHOR,32,63,64,1155.0,25.04970178926441,1155.0,6636,210.0,76,1441.0,0.8015267175572519,True
cora_gcnii16,4,R3_MOSAIC_ANCHOR,32,51,64,1155.0,20.27833001988072,1155.0,4880,363.75,78,1596.75,0.72334429309535,True
cora_gcnii16,4,R3_MOSAIC_ANCHOR,32,61,64,1155.0,24.2544731610338,1155.0,6028,331.25,84,1570.25,0.7355516637478109,True
cora_gcnii16,4,R3_MOSAIC_ANCHOR,32,64,64,1155.0,25.447316103379723,1155.0,5024,458.75,95,1708.75,0.675932699341624,True
cora_gcnii16,4,R3_MOSAIC_ANCHOR,32,64,64,1155.0,25.447316103379723,1155.0,6820,398.75,92,1645.75,0.7018076864651375,True
cora_gcnii16,4,R3_MOSAIC_ANCHOR,32,53,64,1155.0,21.073558648111334,1155.0,4812,436.25,86,1677.25,0.6886272171709644,True
cora_gcnii16,4,R3_MOSAIC_ANCHOR,32,54,64,1155.0,21.47117296222664,1155.0,5136,362.5,81,1598.5,0.7225523928683141,True
cora_gcnii16,4,R3_MOSAIC_ANCHOR,32,64,64,1155.0,25.447316103379723,1155.0,5072,500.0,100,1755.0,0.6581196581196581,True
cora_gcnii16,4,R3_MOSAIC_ANCHOR,32,63,64,1155.0,25.04970178926441,1155.0,7060,247.5,80,1482.5,0.7790893760539629,True
cora_gcnii16,4,R3_MOSAIC_ANCHOR,32,60,64,1155.0,23.856858846918488,1155.0,5344,501.25,95,1751.25,0.6595289079229122,True
cora_gcnii16,4,R3_MOSAIC_ANCHOR,32,64,64,1155.0,25.447316103379723,1155.0,5632,405.0,93,1653.0,0.6987295825771325,True
cora_gcnii16,4,R3_MOSAIC_ANCHOR,32,64,64,1155.0,25.447316103379723,1155.0,5480,443.75,96,1694.75,0.6815164478536657,True
cora_gcnii16,4,R3_MOSAIC_ANCHOR,32,53,64,1155.0,21.073558648111334,1155.0,5000,488.75,89,1732.75,0.6665704804501515,True
cora_gcnii16,4,R3_MOSAIC_ANCHOR,32,63,64,1155.0,25.04970178926441,1155.0,6524,317.5,87,1559.5,0.7406219942289195,True
cora_gcnii16,4,R3_MOSAIC_ANCHOR,32,59,64,1155.0,23.45924453280318,1155.0,5512,467.5,92,1714.5,0.673665791776028,True
cora_gcnii16,4,R3_MOSAIC_ANCHOR,32,64,64,1155.0,25.447316103379723,1155.0,4768,366.25,90,1611.25,0.7168347556245152,True
cora_gcnii16,4,R3_MOSAIC_ANCHOR,32,60,64,1155.0,23.856858846918488,1155.0,4976,470.0,94,1719.0,0.6719022687609075,True
cora_gcnii16,4,R3_MOSAIC_ANCHOR,32,63,64,1155.0,25.04970178926441,1155.0,6104,406.25,93,1654.25,0.6982016019344114,True
cora_gcnii16,4,R3_MOSAIC_ANCHOR,32,62,64,1155.0,24.652087475149106,1155.0,5744,448.75,94,1697.75,0.6803121778824915,True
cora_gcnii16,4,R3_MOSAIC_ANCHOR,32,64,64,1155.0,25.447316103379723,1155.0,5200,501.25,100,1756.25,0.6576512455516014,True
cora_gcnii16,4,R3_MOSAIC_ANCHOR,32,64,64,1155.0,25.447316103379723,1155.0,6168,535.0,102,1792.0,0.64453125,True
cora_gcnii16,4,R3_MOSAIC_ANCHOR,32,64,64,1155.0,25.447316103379723,1155.0,6268,263.75,82,1500.75,0.769615192403798,True
cora_gcnii16,4,R3_MOSAIC_ANCHOR,32,63,64,1155.0,25.04970178926441,1155.0,5888,472.5,95,1722.5,0.6705370101596516,True
cora_gcnii16,4,R3_MOSAIC_ANCHOR,32,64,64,1155.0,25.447316103379723,1155.0,5300,638.75,109,1902.75,0.607016160819866,True
cora_gcnii16,4,R3_MOSAIC_ANCHOR,32,63,64,1155.0,25.04970178926441,1155.0,6508,225.0,78,1458.0,0.7921810699588477,True
cora_gcnii16,4,R3_MOSAIC_ANCHOR,32,58,64,1155.0,23.061630218687878,1155.0,5096,452.5,91,1698.5,0.6800117750956727,True
cora_gcnii16,4,R3_MOSAIC_ANCHOR,32,55,64,1155.0,21.868787276341948,1155.0,5216,437.5,88,1680.5,0.6872954477833978,True
cora_gcnii16,4,R3_MOSAIC_ANCHOR,32,55,64,1155.0,21.868787276341948,1155.0,5212,413.75,84,1652.75,0.6988352745424293,True
cora_gcnii16,4,R3_MOSAIC_ANCHOR,32,60,64,1155.0,23.856858846918488,1155.0,5600,515.0,98,1768.0,0.6532805429864253,True
cora_gcnii16,4,R3_MOSAIC_ANCHOR,32,63,64,1155.0,25.04970178926441,1155.0,6508,341.25,88,1584.25,0.7290516017042765,True
cora_gcnii16,4,R3_MOSAIC_ANCHOR,32,60,64,1155.0,23.856858846918488,1155.0,5516,492.5,94,1741.5,0.6632213608957795,True
cora_gcnii16,4,R3_MOSAIC_ANCHOR,32,53,64,1155.0,21.073558648111334,1155.0,4488,386.25,84,1625.25,0.7106598984771574,True
cora_gcnii16,4,R3_MOSAIC_ANCHOR,32,64,64,1155.0,25.447316103379723,1155.0,6856,467.5,97,1719.5,0.6717068915382378,True
cora_gcnii16,4,R3_MOSAIC_ANCHOR,32,64,64,1155.0,25.447316103379723,1155.0,5936,427.5,94,1676.5,0.6889352818371608,True
cora_gcnii16,4,R3_MOSAIC_ANCHOR,32,58,64,1155.0,23.061630218687878,1155.0,5932,340.0,83,1578.0,0.7319391634980988,True
cora_gcnii16,4,R3_MOSAIC_ANCHOR,32,63,64,1155.0,25.04970178926441,1155.0,5316,716.25,111,1982.25,0.5826712069617859,True
cora_gcnii16,4,R3_MOSAIC_ANCHOR,32,64,64,1155.0,25.447316103379723,1155.0,7048,367.5,90,1612.5,0.7162790697674418,True
cora_gcnii16,4,R3_MOSAIC_ANCHOR,32,64,64,1155.0,25.447316103379723,1155.0,6348,450.0,97,1702.0,0.6786133960047004,True
cora_gcnii16,4,R3_MOSAIC_ANCHOR,32,64,64,1155.0,25.447316103379723,1155.0,6964,326.25,87,1568.25,0.7364897178383548,True
cora_gcnii16,4,R3_MOSAIC_ANCHOR,32,64,64,1155.0,25.447316103379723,1155.0,6248,601.25,107,1863.25,0.6198846102240708,True
cora_gcnii16,4,R3_MOSAIC_ANCHOR,32,63,64,1155.0,25.04970178926441,1155.0,6340,480.0,96,1731.0,0.6672443674176777,True
cora_gcnii16,4,R3_MOSAIC_ANCHOR,32,55,64,1155.0,21.868787276341948,1155.0,5380,413.75,86,1654.75,0.6979906330261368,True
cora_gcnii16,4,R3_MOSAIC_ANCHOR,32,58,64,1155.0,23.061630218687878,1155.0,6056,342.5,82,1579.5,0.7312440645773979,True
cora_gcnii16,4,R3_MOSAIC_ANCHOR,32,63,64,1155.0,25.04970178926441,1155.0,5268,421.25,93,1669.25,0.6919275123558485,True
cora_gcnii16,4,R3_MOSAIC_ANCHOR,32,64,64,1155.0,25.447316103379723,1155.0,7112,327.5,86,1568.5,0.7363723302518329,True
cora_gcnii16,4,R3_MOSAIC_ANCHOR,32,64,64,1155.0,25.447316103379723,1155.0,5496,385.0,90,1630.0,0.7085889570552147,True
cora_gcnii16,4,R3_MOSAIC_ANCHOR,32,60,64,1155.0,23.856858846918488,1155.0,5436,437.5,92,1684.5,0.6856634016028496,True
cora_gcnii16,4,R3_MOSAIC_ANCHOR,32,64,64,1155.0,25.447316103379723,1155.0,6036,545.0,103,1803.0,0.6405990016638935,True
cora_gcnii16,4,R3_MOSAIC_ANCHOR,32,58,64,1155.0,23.061630218687878,1155.0,6068,322.5,81,1558.5,0.7410972088546679,True
cora_gcnii16,4,R3_MOSAIC_ANCHOR,32,62,64,1155.0,24.652087475149106,1155.0,5988,470.0,95,1720.0,0.6715116279069767,True
cora_gcnii16,4,R3_MOSAIC_ANCHOR,32,58,64,1155.0,23.061630218687878,1155.0,6060,466.25,91,1712.25,0.67455102934735,True
cora_gcnii16,4,R3_MOSAIC_ANCHOR,32,62,64,1155.0,24.652087475149106,1155.0,5568,485.0,97,1737.0,0.6649395509499136,True
cora_gcnii16,4,R3_MOSAIC_ANCHOR,32,64,64,1155.0,25.447316103379723,1155.0,6404,480.0,99,1734.0,0.6660899653979239,True
cora_gcnii16,4,R3_MOSAIC_ANCHOR,32,63,64,1155.0,25.04970178926441,1155.0,5764,437.5,95,1687.5,0.6844444444444444,True
cora_gcnii16,4,R3_MOSAIC_ANCHOR,32,62,64,1155.0,24.652087475149106,1155.0,6316,443.75,93,1691.75,0.6827249889168021,True
cora_gcnii16,4,R3_MOSAIC_ANCHOR,32,60,64,1155.0,23.856858846918488,1155.0,4596,577.5,101,1833.5,0.6299427324788656,True
cora_gcnii16,4,R3_MOSAIC_ANCHOR,32,64,64,1155.0,25.447316103379723,1155.0,6416,518.75,100,1773.75,0.6511627906976745,True
cora_gcnii16,4,R3_MOSAIC_ANCHOR,32,64,64,1155.0,25.447316103379723,1155.0,7284,345.0,88,1588.0,0.7273299748110831,True
cora_gcnii16,4,R3_MOSAIC_ANCHOR,32,64,64,1155.0,25.447316103379723,1155.0,7460,326.25,86,1567.25,0.7369596426862338,True
cora_gcnii16,4,R3_MOSAIC_ANCHOR,32,64,64,1155.0,25.447316103379723,1155.0,5700,478.75,100,1733.75,0.6661860129776496,True
cora_gcnii16,4,R3_MOSAIC_ANCHOR,32,63,64,1155.0,25.04970178926441,1155.0,6024,452.5,95,1702.5,0.6784140969162996,True
cora_gcnii16,4,R3_MOSAIC_ANCHOR,32,63,64,1155.0,25.04970178926441,1155.0,6412,503.75,98,1756.75,0.6574640671694891,True
cora_gcnii16,4,R3_MOSAIC_ANCHOR,32,63,64,1155.0,25.04970178926441,1155.0,6616,328.75,85,1568.75,0.7362549800796813,True
cora_gcnii16,4,R3_MOSAIC_ANCHOR,32,55,64,1155.0,21.868787276341948,1155.0,6348,238.75,71,1464.75,0.7885304659498208,True
cora_gcnii16,4,R3_MOSAIC_ANCHOR,32,64,64,1155.0,25.447316103379723,1155.0,6288,282.5,83,1520.5,0.7596185465307465,True
cora_gcnii16,4,R3_MOSAIC_ANCHOR,32,64,64,1155.0,25.447316103379723,1155.0,5308,571.25,104,1830.25,0.6310613304193416,True
cora_gcnii16,4,R3_MOSAIC_ANCHOR,32,54,64,1155.0,21.47117296222664,1155.0,6000,332.5,79,1566.5,0.7373124800510693,True
cora_gcnii16,4,R3_MOSAIC_ANCHOR,32,61,64,1155.0,24.2544731610338,1155.0,5200,560.0,101,1816.0,0.6360132158590308,True
cora_gcnii16,4,R3_MOSAIC_ANCHOR,32,64,64,1155.0,25.447316103379723,1155.0,6764,507.5,98,1760.5,0.6560636182902585,True
cora_gcnii16,4,R3_MOSAIC_ANCHOR,32,64,64,1155.0,25.447316103379723,1155.0,4916,706.25,112,1973.25,0.5853287723299125,True
cora_gcnii16,4,R3_MOSAIC_ANCHOR,32,51,64,1155.0,20.27833001988072,1155.0,4000,735.0,101,1991.0,0.580110497237569,True
cora_gcnii16,4,R3_MOSAIC_ANCHOR,32,64,64,1155.0,25.447316103379723,1155.0,6212,432.5,94,1681.5,0.6868867082961642,True
cora_gcnii16,4,R3_MOSAIC_ANCHOR,32,63,64,1155.0,25.04970178926441,1155.0,6772,310.0,84,1549.0,0.7456423499031634,True
cora_gcnii16,4,R3_MOSAIC_ANCHOR,32,56,64,1155.0,22.266401590457257,1155.0,4816,817.5,114,2086.5,0.5535585909417685,True
cora_gcnii16,4,R3_MOSAIC_ANCHOR,32,64,64,1155.0,25.447316103379723,1155.0,6088,408.75,94,1657.75,0.6967274920826422,True
cora_gcnii16,4,R3_MOSAIC_ANCHOR,32,54,64,1155.0,21.47117296222664,1155.0,6196,266.25,73,1494.25,0.7729630249288941,True
cora_gcnii16,4,R3_MOSAIC_ANCHOR,32,57,64,1155.0,22.664015904572565,1155.0,4216,691.25,105,1951.25,0.5919282511210763,True
cora_gcnii16,4,R3_MOSAIC_ANCHOR,32,64,64,1155.0,25.447316103379723,1155.0,5032,718.75,113,1986.75,0.5813514533786335,True
cora_gcnii16,4,R3_MOSAIC_ANCHOR,32,59,64,1155.0,23.45924453280318,1155.0,4520,872.5,117,2144.5,0.5385870832361855,True
cora_gcnii16,4,R3_MOSAIC_ANCHOR,32,54,64,1155.0,21.47117296222664,1155.0,4772,790.0,109,2054.0,0.562317429406037,True
cora_gcnii16,4,R3_MOSAIC_ANCHOR,32,38,64,893.0,15.109343936381707,1155.0,3920,743.75,95,1731.75,0.6669553919445648,True
cora_gcnii16,4,R3_MOSAIC_ANCHOR,32,64,64,1155.0,25.447316103379723,1155.0,6092,405.0,93,1653.0,0.6987295825771325,True
cora_gcnii16,4,R3_MOSAIC_ANCHOR,20,53,64,1059.0,14.56043956043956,1059.0,2952,511.25,74,1644.25,0.6440626425421925,True
cora_gcnii16,8,R3_MOSAIC_ANCHOR,32,64,64,1155.0,25.447316103379723,1155.0,5340,323.75,86,1564.75,0.7381370826010545,True
cora_gcnii16,8,R3_MOSAIC_ANCHOR,32,58,64,1155.0,23.061630218687878,1155.0,5084,310.0,80,1545.0,0.7475728155339806,True
cora_gcnii16,8,R3_MOSAIC_ANCHOR,32,64,64,1155.0,25.447316103379723,1155.0,7260,158.75,72,1385.75,0.8334836731012087,True
cora_gcnii16,8,R3_MOSAIC_ANCHOR,32,62,64,1155.0,24.652087475149106,1155.0,5440,326.25,85,1566.25,0.7374301675977654,True
cora_gcnii16,8,R3_MOSAIC_ANCHOR,32,59,64,1155.0,23.45924453280318,1155.0,5412,451.25,91,1697.25,0.6805125939019001,True
cora_gcnii16,8,R3_MOSAIC_ANCHOR,32,64,64,1155.0,25.447316103379723,1155.0,5176,270.0,83,1508.0,0.7659151193633952,True
cora_gcnii16,8,R3_MOSAIC_ANCHOR,32,62,64,1155.0,24.652087475149106,1155.0,5368,372.5,87,1614.5,0.7153917621554661,True
cora_gcnii16,8,R3_MOSAIC_ANCHOR,32,64,64,1155.0,25.447316103379723,1155.0,7120,302.5,85,1542.5,0.7487844408427877,True
cora_gcnii16,8,R3_MOSAIC_ANCHOR,32,50,64,1155.0,19.880715705765407,1155.0,4988,485.0,86,1726.0,0.6691772885283893,True
cora_gcnii16,8,R3_MOSAIC_ANCHOR,32,64,64,1155.0,25.447316103379723,1155.0,5144,436.25,95,1686.25,0.6849518161601186,True
cora_gcnii16,8,R3_MOSAIC_ANCHOR,32,64,64,1155.0,25.447316103379723,1155.0,6772,318.75,87,1560.75,0.7400288322921672,True
cora_gcnii16,8,R3_MOSAIC_ANCHOR,32,64,64,1155.0,25.447316103379723,1155.0,6068,366.25,90,1611.25,0.7168347556245152,True
cora_gcnii16,8,R3_MOSAIC_ANCHOR,32,64,64,1155.0,25.447316103379723,1155.0,6888,408.75,92,1655.75,0.6975690774573456,True
cora_gcnii16,8,R3_MOSAIC_ANCHOR,32,64,64,1155.0,25.447316103379723,1155.0,5712,480.0,98,1733.0,0.6664743219849971,True
cora_gcnii16,8,R3_MOSAIC_ANCHOR,32,63,64,1155.0,25.04970178926441,1155.0,6096,482.5,96,1733.5,0.6662820882607442,True
cora_gcnii16,8,R3_MOSAIC_ANCHOR,32,51,64,1155.0,20.27833001988072,1155.0,5112,376.25,79,1610.25,0.7172799254774104,True
cora_gcnii16,8,R3_MOSAIC_ANCHOR,32,58,64,1155.0,23.061630218687878,1155.0,5736,552.5,96,1803.5,0.6404214028278348,True
cora_gcnii16,8,R3_MOSAIC_ANCHOR,32,64,64,1155.0,25.447316103379723,1155.0,4856,460.0,96,1711.0,0.6750438340151957,True
cora_gcnii16,8,R3_MOSAIC_ANCHOR,32,61,64,1155.0,24.2544731610338,1155.0,5236,496.25,96,1747.25,0.6610387752182,True
cora_gcnii16,8,R3_MOSAIC_ANCHOR,32,64,64,1155.0,25.447316103379723,1155.0,6480,347.5,87,1589.5,0.726643598615917,True
cora_gcnii16,8,R3_MOSAIC_ANCHOR,32,63,64,1155.0,25.04970178926441,1155.0,6240,538.75,98,1791.75,0.6446211804102134,True
cora_gcnii16,8,R3_MOSAIC_ANCHOR,32,63,64,1155.0,25.04970178926441,1155.0,5324,458.75,96,1709.75,0.6755373592630501,True
cora_gcnii16,8,R3_MOSAIC_ANCHOR,32,64,64,1155.0,25.447316103379723,1155.0,5968,481.25,96,1732.25,0.666762880646558,True
cora_gcnii16,8,R3_MOSAIC_ANCHOR,32,64,64,1155.0,25.447316103379723,1155.0,7416,295.0,84,1534.0,0.7529335071707953,True
cora_gcnii16,8,R3_MOSAIC_ANCHOR,32,64,64,1155.0,25.447316103379723,1155.0,6508,535.0,100,1790.0,0.6452513966480447,True
cora_gcnii16,8,R3_MOSAIC_ANCHOR,32,64,64,1155.0,25.447316103379723,1155.0,6000,501.25,98,1754.25,0.6584010260795211,True
cora_gcnii16,8,R3_MOSAIC_ANCHOR,32,64,64,1155.0,25.447316103379723,1155.0,6656,318.75,85,1558.75,0.7409783480352847,True
cora_gcnii16,8,R3_MOSAIC_ANCHOR,32,63,64,1155.0,25.04970178926441,1155.0,5576,445.0,94,1694.0,0.6818181818181818,True
cora_gcnii16,8,R3_MOSAIC_ANCHOR,32,64,64,1155.0,25.447316103379723,1155.0,6772,306.25,83,1544.25,0.7479358912093249,True
cora_gcnii16,8,R3_MOSAIC_ANCHOR,32,61,64,1155.0,24.2544731610338,1155.0,5876,521.25,96,1772.25,0.6517139229792637,True
cora_gcnii16,8,R3_MOSAIC_ANCHOR,32,58,64,1155.0,23.061630218687878,1155.0,5636,412.5,88,1655.5,0.6976744186046512,True
cora_gcnii16,8,R3_MOSAIC_ANCHOR,32,62,64,1155.0,24.652087475149106,1155.0,5408,423.75,91,1669.75,0.6917203174127864,True
cora_gcnii16,8,R3_MOSAIC_ANCHOR,32,61,64,1155.0,24.2544731610338,1155.0,5812,521.25,96,1772.25,0.6517139229792637,True
cora_gcnii16,8,R3_MOSAIC_ANCHOR,32,52,64,1155.0,20.675944333996025,1155.0,4800,408.75,84,1647.75,0.700955848884843,True
cora_gcnii16,8,R3_MOSAIC_ANCHOR,32,64,64,1155.0,25.447316103379723,1155.0,7324,291.25,84,1530.25,0.7547786309426564,True
cora_gcnii16,8,R3_MOSAIC_ANCHOR,32,64,64,1155.0,25.447316103379723,1155.0,6384,340.0,88,1583.0,0.7296272899557802,True
cora_gcnii16,8,R3_MOSAIC_ANCHOR,32,64,64,1155.0,25.447316103379723,1155.0,6588,398.75,92,1645.75,0.7018076864651375,True
cora_gcnii16,8,R3_MOSAIC_ANCHOR,32,60,64,1155.0,23.856858846918488,1155.0,6292,585.0,100,1840.0,0.6277173913043478,True
cora_gcnii16,8,R3_MOSAIC_ANCHOR,32,64,64,1155.0,25.447316103379723,1155.0,6040,415.0,92,1662.0,0.6949458483754513,True
cora_gcnii16,8,R3_MOSAIC_ANCHOR,32,64,64,1155.0,25.447316103379723,1155.0,7560,232.5,78,1465.5,0.7881269191402251,True
cora_gcnii16,8,R3_MOSAIC_ANCHOR,32,64,64,1155.0,25.447316103379723,1155.0,7132,232.5,78,1465.5,0.7881269191402251,True
cora_gcnii16,8,R3_MOSAIC_ANCHOR,32,64,64,1155.0,25.447316103379723,1155.0,7148,420.0,91,1666.0,0.6932773109243697,True
cora_gcnii16,8,R3_MOSAIC_ANCHOR,32,58,64,1155.0,23.061630218687878,1155.0,5756,537.5,94,1786.5,0.6465155331654072,True
cora_gcnii16,8,R3_MOSAIC_ANCHOR,32,64,64,1155.0,25.447316103379723,1155.0,7008,297.5,84,1536.5,0.7517084282460137,True
cora_gcnii16,8,R3_MOSAIC_ANCHOR,32,61,64,1155.0,24.2544731610338,1155.0,6428,273.75,80,1508.75,0.7655343827671914,True
cora_gcnii16,8,R3_MOSAIC_ANCHOR,32,64,64,1155.0,25.447316103379723,1155.0,7496,302.5,83,1540.5,0.7497565725413826,True
cora_gcnii16,8,R3_MOSAIC_ANCHOR,32,64,64,1155.0,25.447316103379723,1155.0,5936,480.0,96,1731.0,0.6672443674176777,True
cora_gcnii16,8,R3_MOSAIC_ANCHOR,32,63,64,1155.0,25.04970178926441,1155.0,5628,478.75,96,1729.75,0.6677265500794912,True
cora_gcnii16,8,R3_MOSAIC_ANCHOR,32,62,64,1155.0,24.652087475149106,1155.0,6020,423.75,91,1669.75,0.6917203174127864,True
cora_gcnii16,8,R3_MOSAIC_ANCHOR,32,64,64,1155.0,25.447316103379723,1155.0,6004,485.0,97,1737.0,0.6649395509499136,True
cora_gcnii16,8,R3_MOSAIC_ANCHOR,32,62,64,1155.0,24.652087475149106,1155.0,6496,302.5,82,1539.5,0.7502435855797337,True
cora_gcnii16,8,R3_MOSAIC_ANCHOR,32,64,64,1155.0,25.447316103379723,1155.0,6296,436.25,92,1683.25,0.6861725828011288,True
cora_gcnii16,8,R3_MOSAIC_ANCHOR,32,59,64,1155.0,23.45924453280318,1155.0,6448,318.75,81,1554.75,0.7428847081524361,True
cora_gcnii16,8,R3_MOSAIC_ANCHOR,32,60,64,1155.0,23.856858846918488,1155.0,5540,498.75,95,1748.75,0.6604717655468192,True
cora_gcnii16,8,R3_MOSAIC_ANCHOR,32,63,64,1155.0,25.04970178926441,1155.0,6196,423.75,92,1670.75,0.6913062995660632,True
cora_gcnii16,8,R3_MOSAIC_ANCHOR,32,64,64,1155.0,25.447316103379723,1155.0,7548,258.75,81,1494.75,0.772704465629704,True
cora_gcnii16,8,R3_MOSAIC_ANCHOR,32,63,64,1155.0,25.04970178926441,1155.0,7320,222.5,76,1453.5,0.7946336429308566,True
cora_gcnii16,8,R3_MOSAIC_ANCHOR,32,64,64,1155.0,25.447316103379723,1155.0,6040,400.0,91,1646.0,0.7017010935601458,True
cora_gcnii16,8,R3_MOSAIC_ANCHOR,32,64,64,1155.0,25.447316103379723,1155.0,7088,440.0,94,1689.0,0.6838365896980462,True
cora_gcnii16,8,R3_MOSAIC_ANCHOR,32,64,64,1155.0,25.447316103379723,1155.0,5924,322.5,85,1562.5,0.7392,True
cora_gcnii16,8,R3_MOSAIC_ANCHOR,32,64,64,1155.0,25.447316103379723,1155.0,7064,295.0,84,1534.0,0.7529335071707953,True
cora_gcnii16,8,R3_MOSAIC_ANCHOR,32,64,64,1155.0,25.447316103379723,1155.0,5828,312.5,85,1552.5,0.7439613526570048,True
cora_gcnii16,8,R3_MOSAIC_ANCHOR,32,64,64,1155.0,25.447316103379723,1155.0,7728,173.75,74,1402.75,0.8233826412404206,True
cora_gcnii16,8,R3_MOSAIC_ANCHOR,32,62,64,1155.0,24.652087475149106,1155.0,6764,376.25,88,1619.25,0.713293191292265,True
cora_gcnii16,8,R3_MOSAIC_ANCHOR,32,63,64,1155.0,25.04970178926441,1155.0,6416,325.0,84,1564.0,0.7384910485933504,True
cora_gcnii16,8,R3_MOSAIC_ANCHOR,32,64,64,1155.0,25.447316103379723,1155.0,7580,213.75,77,1445.75,0.798893307971641,True
cora_gcnii16,8,R3_MOSAIC_ANCHOR,32,53,64,1155.0,21.073558648111334,1155.0,6220,250.0,71,1476.0,0.782520325203252,True
cora_gcnii16,8,R3_MOSAIC_ANCHOR,32,64,64,1155.0,25.447316103379723,1155.0,5676,343.75,87,1585.75,0.7283619738294183,True
cora_gcnii16,8,R3_MOSAIC_ANCHOR,32,62,64,1155.0,24.652087475149106,1155.0,6416,318.75,83,1556.75,0.7419303035169423,True
cora_gcnii16,8,R3_MOSAIC_ANCHOR,32,57,64,1155.0,22.664015904572565,1155.0,4600,528.75,96,1779.75,0.6489675516224189,True
cora_gcnii16,8,R3_MOSAIC_ANCHOR,32,64,64,1155.0,25.447316103379723,1155.0,7156,286.25,82,1523.25,0.758247168882324,True
cora_gcnii16,8,R3_MOSAIC_ANCHOR,32,56,64,1155.0,22.266401590457257,1155.0,5784,372.5,84,1611.5,0.7167235494880546,True
cora_gcnii16,8,R3_MOSAIC_ANCHOR,32,64,64,1155.0,25.447316103379723,1155.0,6076,203.75,76,1434.75,0.8050182958703607,True
cora_gcnii16,8,R3_MOSAIC_ANCHOR,32,64,64,1155.0,25.447316103379723,1155.0,5420,402.5,92,1649.5,0.7002121855107608,True
cora_gcnii16,8,R3_MOSAIC_ANCHOR,32,50,64,1155.0,19.880715705765407,1155.0,3832,515.0,89,1759.0,0.6566230812961911,True
cora_gcnii16,8,R3_MOSAIC_ANCHOR,32,64,64,1155.0,25.447316103379723,1155.0,7416,226.25,78,1459.25,0.7915024841528182,True
cora_gcnii16,8,R3_MOSAIC_ANCHOR,32,64,64,1155.0,25.447316103379723,1155.0,6704,296.25,84,1535.25,0.7523204689789936,True
cora_gcnii16,8,R3_MOSAIC_ANCHOR,32,61,64,1155.0,24.2544731610338,1155.0,6452,275.0,79,1509.0,0.7654075546719682,True
cora_gcnii16,8,R3_MOSAIC_ANCHOR,32,60,64,1155.0,23.856858846918488,1155.0,5260,267.5,78,1500.5,0.7697434188603799,True
cora_gcnii16,8,R3_MOSAIC_ANCHOR,32,45,64,1155.0,17.892644135188867,1155.0,3976,537.5,86,1778.5,0.649423671633399,True
cora_gcnii16,8,R3_MOSAIC_ANCHOR,32,64,64,1155.0,25.447316103379723,1155.0,4820,425.0,93,1673.0,0.6903765690376569,True
cora_gcnii16,8,R3_MOSAIC_ANCHOR,32,60,64,1155.0,23.856858846918488,1155.0,4816,478.75,93,1726.75,0.6688866367453308,True
cora_gcnii16,8,R3_MOSAIC_ANCHOR,32,64,64,1155.0,25.447316103379723,1155.0,6412,166.25,73,1394.25,0.8284023668639053,True
cora_gcnii16,8,R3_MOSAIC_ANCHOR,32,44,64,1155.0,17.495029821073558,1155.0,4120,495.0,83,1733.0,0.6664743219849971,True
cora_gcnii16,8,R3_MOSAIC_ANCHOR,20,43,64,1059.0,11.813186813186814,1059.0,2896,165.0,48,1272.0,0.8325471698113207,True
cora_gcnii16,12,R3_MOSAIC_ANCHOR,32,63,64,1155.0,25.04970178926441,1155.0,5984,280.0,82,1517.0,0.7613711272247857,True
cora_gcnii16,12,R3_MOSAIC_ANCHOR,32,64,64,1155.0,25.447316103379723,1155.0,5552,261.25,82,1498.25,0.7708993826130486,True
cora_gcnii16,12,R3_MOSAIC_ANCHOR,32,57,64,1155.0,22.664015904572565,1155.0,5256,261.25,75,1491.25,0.7745180217937971,True
cora_gcnii16,12,R3_MOSAIC_ANCHOR,32,64,64,1155.0,25.447316103379723,1155.0,6920,218.75,78,1451.75,0.7955915274668504,True
cora_gcnii16,12,R3_MOSAIC_ANCHOR,32,60,64,1155.0,23.856858846918488,1155.0,5552,311.25,81,1547.25,0.7464857004362578,True
cora_gcnii16,12,R3_MOSAIC_ANCHOR,32,64,64,1155.0,25.447316103379723,1155.0,5328,270.0,82,1507.0,0.7664233576642335,True
cora_gcnii16,12,R3_MOSAIC_ANCHOR,32,64,64,1155.0,25.447316103379723,1155.0,6988,207.5,77,1439.5,0.8023619312261202,True
cora_gcnii16,12,R3_MOSAIC_ANCHOR,32,64,64,1155.0,25.447316103379723,1155.0,6004,308.75,86,1549.75,0.7452814970156477,True
cora_gcnii16,12,R3_MOSAIC_ANCHOR,32,54,64,1155.0,21.47117296222664,1155.0,5428,348.75,80,1583.75,0.7292817679558011,True
cora_gcnii16,12,R3_MOSAIC_ANCHOR,32,64,64,1155.0,25.447316103379723,1155.0,5240,370.0,90,1615.0,0.7151702786377709,True
cora_gcnii16,12,R3_MOSAIC_ANCHOR,32,64,64,1155.0,25.447316103379723,1155.0,5928,425.0,94,1674.0,0.6899641577060932,True
cora_gcnii16,12,R3_MOSAIC_ANCHOR,32,64,64,1155.0,25.447316103379723,1155.0,7444,228.75,79,1462.75,0.7896086139121518,True
cora_gcnii16,12,R3_MOSAIC_ANCHOR,32,64,64,1155.0,25.447316103379723,1155.0,6548,421.25,92,1668.25,0.6923422748389031,True
cora_gcnii16,12,R3_MOSAIC_ANCHOR,32,64,64,1155.0,25.447316103379723,1155.0,7532,220.0,78,1453.0,0.7949070887818307,True
cora_gcnii16,12,R3_MOSAIC_ANCHOR,32,56,64,1155.0,22.266401590457257,1155.0,5380,396.25,85,1636.25,0.7058823529411765,True
cora_gcnii16,12,R3_MOSAIC_ANCHOR,32,64,64,1155.0,25.447316103379723,1155.0,5984,386.25,90,1631.25,0.7080459770114943,True
cora_gcnii16,12,R3_MOSAIC_ANCHOR,32,50,64,1155.0,19.880715705765407,1155.0,5300,420.0,83,1658.0,0.6966224366706876,True
cora_gcnii16,12,R3_MOSAIC_ANCHOR,32,64,64,1155.0,25.447316103379723,1155.0,4952,331.25,87,1573.25,0.7341490545050056,True
cora_gcnii16,12,R3_MOSAIC_ANCHOR,32,60,64,1155.0,23.856858846918488,1155.0,6176,362.5,86,1603.5,0.7202993451824135,True
cora_gcnii16,12,R3_MOSAIC_ANCHOR,32,64,64,1155.0,25.447316103379723,1155.0,7356,233.75,80,1468.75,0.7863829787234042,True
cora_gcnii16,12,R3_MOSAIC_ANCHOR,32,64,64,1155.0,25.447316103379723,1155.0,7100,206.25,76,1437.25,0.8036180205253087,True
cora_gcnii16,12,R3_MOSAIC_ANCHOR,32,64,64,1155.0,25.447316103379723,1155.0,6656,263.75,82,1500.75,0.769615192403798,True
cora_gcnii16,12,R3_MOSAIC_ANCHOR,32,64,64,1155.0,25.447316103379723,1155.0,5684,367.5,91,1613.5,0.7158351409978309,True
cora_gcnii16,12,R3_MOSAIC_ANCHOR,32,64,64,1155.0,25.447316103379723,1155.0,7248,290.0,83,1528.0,0.7558900523560209,True
cora_gcnii16,12,R3_MOSAIC_ANCHOR,32,64,64,1155.0,25.447316103379723,1155.0,6960,315.0,86,1556.0,0.7422879177377892,True
cora_gcnii16,12,R3_MOSAIC_ANCHOR,32,64,64,1155.0,25.447316103379723,1155.0,6484,432.5,94,1681.5,0.6868867082961642,True
cora_gcnii16,12,R3_MOSAIC_ANCHOR,32,64,64,1155.0,25.447316103379723,1155.0,6044,367.5,89,1611.5,0.7167235494880546,True
cora_gcnii16,12,R3_MOSAIC_ANCHOR,32,64,64,1155.0,25.447316103379723,1155.0,7112,191.25,75,1421.25,0.8126649076517151,True
cora_gcnii16,12,R3_MOSAIC_ANCHOR,32,64,64,1155.0,25.447316103379723,1155.0,6524,260.0,81,1496.0,0.7720588235294118,True
cora_gcnii16,12,R3_MOSAIC_ANCHOR,32,48,64,1155.0,19.08548707753479,1155.0,5256,390.0,77,1622.0,0.7120838471023427,True
cora_gcnii16,12,R3_MOSAIC_ANCHOR,32,64,64,1155.0,25.447316103379723,1155.0,7388,257.5,81,1493.5,0.7733511884834282,True
cora_gcnii16,12,R3_MOSAIC_ANCHOR,32,63,64,1155.0,25.04970178926441,1155.0,6392,483.75,97,1735.75,0.665418407028662,True
cora_gcnii16,12,R3_MOSAIC_ANCHOR,32,62,64,1155.0,24.652087475149106,1155.0,6472,301.25,82,1538.25,0.7508532423208191,True
cora_gcnii16,12,R3_MOSAIC_ANCHOR,32,59,64,1155.0,23.45924453280318,1155.0,4768,363.75,86,1604.75,0.7197382769901853,True
cora_gcnii16,12,R3_MOSAIC_ANCHOR,32,64,64,1155.0,25.447316103379723,1155.0,6796,302.5,85,1542.5,0.7487844408427877,True
cora_gcnii16,12,R3_MOSAIC_ANCHOR,32,64,64,1155.0,25.447316103379723,1155.0,7712,163.75,73,1391.75,0.8298904257230106,True
cora_gcnii16,12,R3_MOSAIC_ANCHOR,32,63,64,1155.0,25.04970178926441,1155.0,6880,340.0,85,1580.0,0.7310126582278481,True
cora_gcnii16,12,R3_MOSAIC_ANCHOR,32,63,64,1155.0,25.04970178926441,1155.0,6468,305.0,83,1543.0,0.7485418016850292,True
cora_gcnii16,12,R3_MOSAIC_ANCHOR,32,64,64,1155.0,25.447316103379723,1155.0,7804,90.0,66,1311.0,0.8810068649885584,True
cora_gcnii16,12,R3_MOSAIC_ANCHOR,32,64,64,1155.0,25.447316103379723,1155.0,7188,230.0,79,1464.0,0.7889344262295082,True
cora_gcnii16,12,R3_MOSAIC_ANCHOR,32,64,64,1155.0,25.447316103379723,1155.0,7904,72.5,64,1291.5,0.8943089430894309,True
cora_gcnii16,12,R3_MOSAIC_ANCHOR,32,64,64,1155.0,25.447316103379723,1155.0,7480,252.5,80,1487.5,0.7764705882352941,True
cora_gcnii16,12,R3_MOSAIC_ANCHOR,32,62,64,1155.0,24.652087475149106,1155.0,6296,405.0,90,1650.0,0.7,True
cora_gcnii16,12,R3_MOSAIC_ANCHOR,32,62,64,1155.0,24.652087475149106,1155.0,7072,143.75,70,1368.75,0.8438356164383561,True
cora_gcnii16,12,R3_MOSAIC_ANCHOR,32,58,64,1155.0,23.061630218687878,1155.0,6332,362.5,84,1601.5,0.7211988760536997,True
cora_gcnii16,12,R3_MOSAIC_ANCHOR,32,64,64,1155.0,25.447316103379723,1155.0,7108,213.75,76,1444.75,0.7994462709811386,True
cora_gcnii16,12,R3_MOSAIC_ANCHOR,32,64,64,1155.0,25.447316103379723,1155.0,7724,172.5,73,1400.5,0.8247054623348804,True
cora_gcnii16,12,R3_MOSAIC_ANCHOR,32,64,64,1155.0,25.447316103379723,1155.0,6220,391.25,89,1635.25,0.7063140192631097,True
cora_gcnii16,12,R3_MOSAIC_ANCHOR,32,62,64,1155.0,24.652087475149106,1155.0,6068,408.75,90,1653.75,0.6984126984126984,True
cora_gcnii16,12,R3_MOSAIC_ANCHOR,32,64,64,1155.0,25.447316103379723,1155.0,7704,186.25,75,1416.25,0.8155339805825242,True
cora_gcnii16,12,R3_MOSAIC_ANCHOR,32,63,64,1155.0,25.04970178926441,1155.0,6512,260.0,80,1495.0,0.7725752508361204,True
cora_gcnii16,12,R3_MOSAIC_ANCHOR,32,62,64,1155.0,24.652087475149106,1155.0,6728,272.5,79,1506.5,0.7666777298373714,True
cora_gcnii16,12,R3_MOSAIC_ANCHOR,32,60,64,1155.0,23.856858846918488,1155.0,6936,200.0,73,1428.0,0.8088235294117647,True
cora_gcnii16,12,R3_MOSAIC_ANCHOR,32,64,64,1155.0,25.447316103379723,1155.0,7884,131.25,70,1356.25,0.8516129032258064,True
cora_gcnii16,12,R3_MOSAIC_ANCHOR,32,64,64,1155.0,25.447316103379723,1155.0,6740,382.5,89,1626.5,0.7101137411620043,True
cora_gcnii16,12,R3_MOSAIC_ANCHOR,32,64,64,1155.0,25.447316103379723,1155.0,6024,412.5,91,1658.5,0.6964124208622249,True
cora_gcnii16,12,R3_MOSAIC_ANCHOR,32,64,64,1155.0,25.447316103379723,1155.0,7540,165.0,73,1393.0,0.8291457286432161,True
cora_gcnii16,12,R3_MOSAIC_ANCHOR,32,64,64,1155.0,25.447316103379723,1155.0,6244,225.0,79,1459.0,0.7916381082933516,True
cora_gcnii16,12,R3_MOSAIC_ANCHOR,32,64,64,1155.0,25.447316103379723,1155.0,6180,275.0,81,1511.0,0.7643944407677035,True
cora_gcnii16,12,R3_MOSAIC_ANCHOR,32,64,64,1155.0,25.447316103379723,1155.0,7572,210.0,76,1441.0,0.8015267175572519,True
cora_gcnii16,12,R3_MOSAIC_ANCHOR,32,64,64,1155.0,25.447316103379723,1155.0,7844,101.25,67,1323.25,0.8728509351974306,True
cora_gcnii16,12,R3_MOSAIC_ANCHOR,32,64,64,1155.0,25.447316103379723,1155.0,6132,173.75,74,1402.75,0.8233826412404206,True
cora_gcnii16,12,R3_MOSAIC_ANCHOR,32,64,64,1155.0,25.447316103379723,1155.0,6864,242.5,79,1476.5,0.7822553335590925,True
cora_gcnii16,12,R3_MOSAIC_ANCHOR,32,64,64,1155.0,25.447316103379723,1155.0,7940,140.0,71,1366.0,0.8455344070278185,True
cora_gcnii16,12,R3_MOSAIC_ANCHOR,32,64,64,1155.0,25.447316103379723,1155.0,7928,113.75,69,1337.75,0.8633900205569053,True
cora_gcnii16,12,R3_MOSAIC_ANCHOR,32,63,64,1155.0,25.04970178926441,1155.0,6772,288.75,82,1525.75,0.7570047517614288,True
cora_gcnii16,12,R3_MOSAIC_ANCHOR,32,64,64,1155.0,25.447316103379723,1155.0,6096,225.0,78,1458.0,0.7921810699588477,True
cora_gcnii16,12,R3_MOSAIC_ANCHOR,32,58,64,1155.0,23.061630218687878,1155.0,6592,208.75,72,1435.75,0.8044576005572001,True
cora_gcnii16,12,R3_MOSAIC_ANCHOR,32,62,64,1155.0,24.652087475149106,1155.0,6320,217.5,76,1448.5,0.7973765964791163,True
cora_gcnii16,12,R3_MOSAIC_ANCHOR,32,64,64,1155.0,25.447316103379723,1155.0,7408,188.75,76,1419.75,0.8135235076597993,True
cora_gcnii16,12,R3_MOSAIC_ANCHOR,32,64,64,1155.0,25.447316103379723,1155.0,6828,242.5,79,1476.5,0.7822553335590925,True
cora_gcnii16,12,R3_MOSAIC_ANCHOR,32,60,64,1155.0,23.856858846918488,1155.0,5068,307.5,82,1544.5,0.7478148268047912,True
cora_gcnii16,12,R3_MOSAIC_ANCHOR,32,64,64,1155.0,25.447316103379723,1155.0,5788,216.25,77,1448.25,0.797514241325738,True
cora_gcnii16,12,R3_MOSAIC_ANCHOR,32,64,64,1155.0,25.447316103379723,1155.0,7784,121.25,69,1345.25,0.8585764727745773,True
cora_gcnii16,12,R3_MOSAIC_ANCHOR,32,64,64,1155.0,25.447316103379723,1155.0,6416,205.0,76,1436.0,0.8043175487465181,True
cora_gcnii16,12,R3_MOSAIC_ANCHOR,32,49,64,1155.0,19.4831013916501,1155.0,4428,332.5,75,1562.5,0.7392,True
cora_gcnii16,12,R3_MOSAIC_ANCHOR,32,63,64,1155.0,25.04970178926441,1155.0,6904,211.25,76,1442.25,0.8008320332813312,True
cora_gcnii16,12,R3_MOSAIC_ANCHOR,32,47,64,1155.0,18.687872763419485,1155.0,4588,287.5,70,1512.5,0.7636363636363637,True
cora_gcnii16,12,R3_MOSAIC_ANCHOR,32,64,64,1155.0,25.447316103379723,1155.0,6960,216.25,78,1449.25,0.7969639468690702,True
cora_gcnii16,12,R3_MOSAIC_ANCHOR,32,61,64,1155.0,24.2544731610338,1155.0,5688,201.25,75,1431.25,0.8069868995633188,True
cora_gcnii16,12,R3_MOSAIC_ANCHOR,32,64,64,1155.0,25.447316103379723,1155.0,6644,176.25,74,1405.25,0.821917808219178,True
cora_gcnii16,12,R3_MOSAIC_ANCHOR,32,64,64,1155.0,25.447316103379723,1155.0,4912,331.25,87,1573.25,0.7341490545050056,True
cora_gcnii16,12,R3_MOSAIC_ANCHOR,32,64,64,1155.0,25.447316103379723,1155.0,5688,283.75,82,1520.75,0.759493670886076,True
cora_gcnii16,12,R3_MOSAIC_ANCHOR,32,44,64,1155.0,17.495029821073558,1155.0,4704,288.75,68,1511.75,0.7640152141557798,True
cora_gcnii16,12,R3_MOSAIC_ANCHOR,20,44,64,1059.0,12.087912087912088,1059.0,2840,212.5,52,1323.5,0.8001511144692104,True
pubmed_gcnii16,4,R3_MOSAIC_ANCHOR,32,50,64,1155.0,19.880715705765407,1155.0,5468,383.75,78,1616.75,0.7143961651461265,True
pubmed_gcnii16,4,R3_MOSAIC_ANCHOR,32,63,64,1155.0,25.04970178926441,1155.0,3956,353.75,88,1596.75,0.72334429309535,True
pubmed_gcnii16,4,R3_MOSAIC_ANCHOR,32,63,64,1155.0,25.04970178926441,1155.0,5196,365.0,89,1609.0,0.7178371659415786,True
pubmed_gcnii16,4,R3_MOSAIC_ANCHOR,32,63,64,1155.0,25.04970178926441,1155.0,6172,380.0,90,1625.0,0.7107692307692308,True
pubmed_gcnii16,4,R3_MOSAIC_ANCHOR,32,39,64,893.0,15.506958250497018,1155.0,3956,143.75,52,1088.75,1.060849598163031,True
pubmed_gcnii16,4,R3_MOSAIC_ANCHOR,32,47,64,1155.0,18.687872763419485,1155.0,2556,505.0,85,1745.0,0.66189111747851,True
pubmed_gcnii16,4,R3_MOSAIC_ANCHOR,32,61,64,1155.0,24.2544731610338,1155.0,5648,381.25,88,1624.25,0.7110974295828844,True
pubmed_gcnii16,4,R3_MOSAIC_ANCHOR,32,63,64,1155.0,25.04970178926441,1155.0,6452,327.5,85,1567.5,0.7368421052631579,True
pubmed_gcnii16,4,R3_MOSAIC_ANCHOR,32,62,64,1155.0,24.652087475149106,1155.0,4088,167.5,72,1394.5,0.8282538544281104,True
pubmed_gcnii16,4,R3_MOSAIC_ANCHOR,32,45,64,1155.0,17.892644135188867,1155.0,5460,387.5,75,1617.5,0.714064914992272,True
pubmed_gcnii16,4,R3_MOSAIC_ANCHOR,32,63,64,1155.0,25.04970178926441,1155.0,5764,241.25,78,1474.25,0.783449211463456,True
pubmed_gcnii16,4,R3_MOSAIC_ANCHOR,32,40,64,893.0,15.904572564612328,1155.0,3728,256.25,63,1212.25,0.9527737677871726,True
pubmed_gcnii16,4,R3_MOSAIC_ANCHOR,32,54,64,1155.0,21.47117296222664,1155.0,5860,321.25,76,1552.25,0.7440811724915445,True
pubmed_gcnii16,4,R3_MOSAIC_ANCHOR,32,58,64,1155.0,23.061630218687878,1155.0,2556,462.5,91,1708.5,0.6760316066725197,True
pubmed_gcnii16,4,R3_MOSAIC_ANCHOR,32,63,64,1155.0,25.04970178926441,1155.0,5624,202.5,75,1432.5,0.806282722513089,True
pubmed_gcnii16,4,R3_MOSAIC_ANCHOR,32,63,64,1155.0,25.04970178926441,1155.0,6484,501.25,97,1753.25,0.6587765578211893,True
pubmed_gcnii16,4,R3_MOSAIC_ANCHOR,32,63,64,1155.0,25.04970178926441,1155.0,5036,280.0,82,1517.0,0.7613711272247857,True
pubmed_gcnii16,4,R3_MOSAIC_ANCHOR,32,54,64,1155.0,21.47117296222664,1155.0,5652,417.5,86,1658.5,0.6964124208622249,True
pubmed_gcnii16,4,R3_MOSAIC_ANCHOR,32,38,64,893.0,15.109343936381707,1155.0,3164,441.25,76,1410.25,0.8190037227441943,True
pubmed_gcnii16,4,R3_MOSAIC_ANCHOR,32,53,64,1155.0,21.073558648111334,1155.0,2696,482.5,88,1725.5,0.6693711967545639,True
pubmed_gcnii16,4,R3_MOSAIC_ANCHOR,32,57,64,1155.0,22.664015904572565,1155.0,6104,343.75,81,1579.75,0.7311283430922614,True
pubmed_gcnii16,4,R3_MOSAIC_ANCHOR,32,49,64,1155.0,19.4831013916501,1155.0,2736,580.0,91,1826.0,0.6325301204819277,True
pubmed_gcnii16,4,R3_MOSAIC_ANCHOR,32,63,64,1155.0,25.04970178926441,1155.0,4612,342.5,86,1583.5,0.7293969055888854,True
pubmed_gcnii16,4,R3_MOSAIC_ANCHOR,32,63,64,1155.0,25.04970178926441,1155.0,6196,650.0,108,1913.0,0.6037637219027705,True
pubmed_gcnii16,4,R3_MOSAIC_ANCHOR,32,45,64,1155.0,17.892644135188867,1155.0,5408,300.0,68,1523.0,0.7583716349310571,True
pubmed_gcnii16,4,R3_MOSAIC_ANCHOR,32,47,64,1155.0,18.687872763419485,1155.0,2408,597.5,92,1844.5,0.6261859582542695,True
pubmed_gcnii16,4,R3_MOSAIC_ANCHOR,32,63,64,1155.0,25.04970178926441,1155.0,5660,397.5,90,1642.5,0.7031963470319634,True
pubmed_gcnii16,4,R3_MOSAIC_ANCHOR,32,63,64,1155.0,25.04970178926441,1155.0,5844,411.25,91,1657.25,0.6969376979936642,True
pubmed_gcnii16,4,R3_MOSAIC_ANCHOR,32,62,64,1155.0,24.652087475149106,1155.0,6084,270.0,80,1505.0,0.7674418604651163,True
pubmed_gcnii16,4,R3_MOSAIC_ANCHOR,32,63,64,1155.0,25.04970178926441,1155.0,4248,227.5,78,1460.5,0.7908250599109894,True
pubmed_gcnii16,4,R3_MOSAIC_ANCHOR,32,61,64,1155.0,24.2544731610338,1155.0,3120,755.0,108,2018.0,0.5723488602576808,True
pubmed_gcnii16,4,R3_MOSAIC_ANCHOR,32,61,64,1155.0,24.2544731610338,1155.0,6496,351.25,84,1590.25,0.7263008960855212,True
pubmed_gcnii16,4,R3_MOSAIC_ANCHOR,32,38,64,893.0,15.109343936381707,1155.0,3908,148.75,51,1092.75,1.0569663692518874,True
pubmed_gcnii16,4,R3_MOSAIC_ANCHOR,32,59,64,1155.0,23.45924453280318,1155.0,6268,370.0,86,1611.0,0.7169459962756052,True
pubmed_gcnii16,4,R3_MOSAIC_ANCHOR,32,43,64,1155.0,17.09741550695825,1155.0,2360,516.25,82,1753.25,0.6587765578211893,True
pubmed_gcnii16,4,R3_MOSAIC_ANCHOR,32,63,64,1155.0,25.04970178926441,1155.0,6180,355.0,88,1598.0,0.7227784730913642,True
pubmed_gcnii16,4,R3_MOSAIC_ANCHOR,32,61,64,1155.0,24.2544731610338,1155.0,4480,293.75,82,1530.75,0.7545320921117099,True
pubmed_gcnii16,4,R3_MOSAIC_ANCHOR,32,63,64,1155.0,25.04970178926441,1155.0,6180,373.75,90,1618.75,0.7135135135135136,True
pubmed_gcnii16,4,R3_MOSAIC_ANCHOR,32,61,64,1155.0,24.2544731610338,1155.0,3036,816.25,115,2086.25,0.5536249251048532,True
pubmed_gcnii16,4,R3_MOSAIC_ANCHOR,32,63,64,1155.0,25.04970178926441,1155.0,4740,362.5,89,1606.5,0.7189542483660131,True
pubmed_gcnii16,4,R3_MOSAIC_ANCHOR,32,45,64,1155.0,17.892644135188867,1155.0,4184,283.75,69,1507.75,0.7660421157353673,True
pubmed_gcnii16,4,R3_MOSAIC_ANCHOR,32,60,64,1155.0,23.856858846918488,1155.0,6060,371.25,85,1611.25,0.7168347556245152,True
pubmed_gcnii16,4,R3_MOSAIC_ANCHOR,32,58,64,1155.0,23.061630218687878,1155.0,2864,402.5,86,1643.5,0.7027684818983876,True
pubmed_gcnii16,4,R3_MOSAIC_ANCHOR,32,63,64,1155.0,25.04970178926441,1155.0,6580,321.25,86,1562.25,0.7393182909265482,True
pubmed_gcnii16,4,R3_MOSAIC_ANCHOR,32,55,64,1155.0,21.868787276341948,1155.0,5636,345.0,80,1580.0,0.7310126582278481,True
pubmed_gcnii16,4,R3_MOSAIC_ANCHOR,32,61,64,1155.0,24.2544731610338,1155.0,3568,325.0,82,1562.0,0.7394366197183099,True
pubmed_gcnii16,4,R3_MOSAIC_ANCHOR,32,62,64,1155.0,24.652087475149106,1155.0,6564,275.0,82,1512.0,0.7638888888888888,True
pubmed_gcnii16,4,R3_MOSAIC_ANCHOR,32,63,64,1155.0,25.04970178926441,1155.0,4520,295.0,83,1533.0,0.7534246575342466,True
pubmed_gcnii16,4,R3_MOSAIC_ANCHOR,32,61,64,1155.0,24.2544731610338,1155.0,5952,347.5,85,1587.5,0.7275590551181103,True
pubmed_gcnii16,4,R3_MOSAIC_ANCHOR,32,63,64,1155.0,25.04970178926441,1155.0,4176,267.5,81,1503.5,0.7682075157964748,True
pubmed_gcnii16,4,R3_MOSAIC_ANCHOR,32,59,64,1155.0,23.45924453280318,1155.0,6808,157.5,69,1381.5,0.8360477741585234,True
pubmed_gcnii16,4,R3_MOSAIC_ANCHOR,32,63,64,1155.0,25.04970178926441,1155.0,7368,247.5,79,1481.5,0.7796152548093149,True
pubmed_gcnii16,4,R3_MOSAIC_ANCHOR,32,58,64,1155.0,23.061630218687878,1155.0,5776,348.75,83,1586.75,0.7279029462738301,True
pubmed_gcnii16,4,R3_MOSAIC_ANCHOR,32,63,64,1155.0,25.04970178926441,1155.0,6708,288.75,83,1526.75,0.7565089241853611,True
pubmed_gcnii16,4,R3_MOSAIC_ANCHOR,32,57,64,1155.0,22.664015904572565,1155.0,5652,456.25,89,1700.25,0.6793118659020733,True
pubmed_gcnii16,4,R3_MOSAIC_ANCHOR,32,63,64,1155.0,25.04970178926441,1155.0,4016,283.75,82,1520.75,0.759493670886076,True
pubmed_gcnii16,4,R3_MOSAIC_ANCHOR,32,53,64,1155.0,21.073558648111334,1155.0,5796,477.5,87,1719.5,0.6717068915382378,True
pubmed_gcnii16,4,R3_MOSAIC_ANCHOR,32,63,64,1155.0,25.04970178926441,1155.0,4692,236.25,79,1470.25,0.7855806835572181,True
pubmed_gcnii16,4,R3_MOSAIC_ANCHOR,32,61,64,1155.0,24.2544731610338,1155.0,3908,853.75,115,2123.75,0.5438493231312537,True
pubmed_gcnii16,4,R3_MOSAIC_ANCHOR,32,63,64,1155.0,25.04970178926441,1155.0,6048,381.25,88,1624.25,0.7110974295828844,True
pubmed_gcnii16,4,R3_MOSAIC_ANCHOR,32,51,64,1155.0,20.27833001988072,1155.0,5952,430.0,81,1666.0,0.6932773109243697,True
pubmed_gcnii16,4,R3_MOSAIC_ANCHOR,32,35,64,893.0,13.916500994035784,1155.0,2356,518.75,77,1488.75,0.7758186397984886,True
pubmed_gcnii16,4,R3_MOSAIC_ANCHOR,32,58,64,1155.0,23.061630218687878,1155.0,6392,311.25,80,1546.25,0.7469684721099434,True
pubmed_gcnii16,4,R3_MOSAIC_ANCHOR,32,60,64,1155.0,23.856858846918488,1155.0,4108,523.75,96,1774.75,0.6507958867446119,True
pubmed_gcnii16,4,R3_MOSAIC_ANCHOR,32,63,64,1155.0,25.04970178926441,1155.0,4796,743.75,115,2013.75,0.5735567970204841,True
pubmed_gcnii16,4,R3_MOSAIC_ANCHOR,32,59,64,1155.0,23.45924453280318,1155.0,6236,426.25,88,1669.25,0.6919275123558485,True
pubmed_gcnii16,4,R3_MOSAIC_ANCHOR,32,32,64,577.0,25.49800796812749,1155.0,3292,333.75,62,972.75,1.187355435620663,True
pubmed_gcnii16,4,R3_MOSAIC_ANCHOR,32,46,64,1155.0,18.290258449304176,1155.0,2432,725.0,98,1978.0,0.583923154701719,True
pubmed_gcnii16,4,R3_MOSAIC_ANCHOR,32,20,64,577.0,15.93625498007968,1155.0,1892,638.75,71,1286.75,0.8976102584029532,True
pubmed_gcnii16,4,R3_MOSAIC_ANCHOR,32,62,64,1155.0,24.652087475149106,1155.0,5756,561.25,102,1818.25,0.6352261790182868,True
pubmed_gcnii16,4,R3_MOSAIC_ANCHOR,32,48,64,1155.0,19.08548707753479,1155.0,2764,440.0,83,1678.0,0.6883194278903456,True
pubmed_gcnii16,4,R3_MOSAIC_ANCHOR,32,19,64,577.0,15.139442231075698,1155.0,2012,595.0,69,1241.0,0.9307010475423045,True
pubmed_gcnii16,4,R3_MOSAIC_ANCHOR,32,63,64,1155.0,25.04970178926441,1155.0,5180,298.75,83,1536.75,0.7515861395802831,True
pubmed_gcnii16,4,R3_MOSAIC_ANCHOR,32,63,64,1155.0,25.04970178926441,1155.0,6156,475.0,95,1725.0,0.6695652173913044,True
pubmed_gcnii16,4,R3_MOSAIC_ANCHOR,32,62,64,1155.0,24.652087475149106,1155.0,3492,546.25,100,1801.25,0.6412213740458015,True
pubmed_gcnii16,4,R3_MOSAIC_ANCHOR,32,54,64,1155.0,21.47117296222664,1155.0,2528,598.75,95,1848.75,0.6247464503042597,True
pubmed_gcnii16,4,R3_MOSAIC_ANCHOR,32,53,64,1155.0,21.073558648111334,1155.0,4936,931.25,115,2201.25,0.524701873935264,True
pubmed_gcnii16,4,R3_MOSAIC_ANCHOR,32,63,64,1155.0,25.04970178926441,1155.0,4392,506.25,96,1757.25,0.6572769953051644,True
pubmed_gcnii16,4,R3_MOSAIC_ANCHOR,32,63,64,1155.0,25.04970178926441,1155.0,6260,495.0,98,1748.0,0.6607551487414187,True
pubmed_gcnii16,4,R3_MOSAIC_ANCHOR,32,38,64,893.0,15.109343936381707,1155.0,2244,473.75,76,1442.75,0.8005544966210362,True
pubmed_gcnii16,4,R3_MOSAIC_ANCHOR,32,63,64,1155.0,25.04970178926441,1155.0,5244,202.5,76,1433.5,0.8057202650854551,True
pubmed_gcnii16,4,R3_MOSAIC_ANCHOR,32,49,64,1155.0,19.4831013916501,1155.0,5624,482.5,86,1723.5,0.6701479547432551,True
pubmed_gcnii16,4,R3_MOSAIC_ANCHOR,32,61,64,1155.0,24.2544731610338,1155.0,2984,352.5,84,1591.5,0.7257304429783223,True
pubmed_gcnii16,4,R3_MOSAIC_ANCHOR,32,63,64,1155.0,25.04970178926441,1155.0,4116,187.5,73,1415.5,0.8159660897209466,True
pubmed_gcnii16,4,R3_MOSAIC_ANCHOR,32,63,64,1155.0,25.04970178926441,1155.0,5832,405.0,91,1651.0,0.6995760145366444,True
pubmed_gcnii16,4,R3_MOSAIC_ANCHOR,32,31,64,577.0,24.701195219123505,1155.0,2144,770.0,87,1434.0,0.805439330543933,True
pubmed_gcnii16,4,R3_MOSAIC_ANCHOR,32,63,64,1155.0,25.04970178926441,1155.0,6500,251.25,79,1485.25,0.7776468607978455,True
pubmed_gcnii16,4,R3_MOSAIC_ANCHOR,32,63,64,1155.0,25.04970178926441,1155.0,4160,722.5,110,1987.5,0.5811320754716981,True
pubmed_gcnii16,4,R3_MOSAIC_ANCHOR,32,55,64,1155.0,21.868787276341948,1155.0,2560,790.0,110,2055.0,0.5620437956204379,True
pubmed_gcnii16,4,R3_MOSAIC_ANCHOR,32,62,64,1155.0,24.652087475149106,1155.0,6480,350.0,86,1591.0,0.725958516656191,True
pubmed_gcnii16,4,R3_MOSAIC_ANCHOR,32,46,64,1155.0,18.290258449304176,1155.0,2108,683.75,94,1932.75,0.5975941016686069,True
pubmed_gcnii16,4,R3_MOSAIC_ANCHOR,32,62,64,1155.0,24.652087475149106,1155.0,4848,543.75,98,1796.75,0.6428273271184083,True
pubmed_gcnii16,4,R3_MOSAIC_ANCHOR,32,62,64,1155.0,24.652087475149106,1155.0,4672,380.0,89,1624.0,0.7112068965517241,True
pubmed_gcnii16,4,R3_MOSAIC_ANCHOR,32,63,64,1155.0,25.04970178926441,1155.0,7204,298.75,84,1537.75,0.7510973825394245,True
pubmed_gcnii16,4,R3_MOSAIC_ANCHOR,32,63,64,1155.0,25.04970178926441,1155.0,4124,363.75,87,1605.75,0.7192900513778608,True
pubmed_gcnii16,4,R3_MOSAIC_ANCHOR,32,36,64,893.0,14.314115308151091,1155.0,2268,715.0,92,1700.0,0.6794117647058824,True
pubmed_gcnii16,4,R3_MOSAIC_ANCHOR,32,55,64,1155.0,21.868787276341948,1155.0,4772,518.75,93,1766.75,0.6537427479835857,True
pubmed_gcnii16,4,R3_MOSAIC_ANCHOR,32,53,64,1155.0,21.073558648111334,1155.0,2520,777.5,106,2038.5,0.5665930831493745,True
pubmed_gcnii16,4,R3_MOSAIC_ANCHOR,32,45,64,1155.0,17.892644135188867,1155.0,2700,532.5,86,1773.5,0.6512545813363406,True
pubmed_gcnii16,4,R3_MOSAIC_ANCHOR,32,63,64,1155.0,25.04970178926441,1155.0,6884,358.75,88,1601.75,0.721086311846418,True
pubmed_gcnii16,4,R3_MOSAIC_ANCHOR,32,39,64,893.0,15.506958250497018,1155.0,4420,223.75,58,1174.75,0.9831879123217706,True
pubmed_gcnii16,4,R3_MOSAIC_ANCHOR,32,39,64,893.0,15.506958250497018,1155.0,3320,382.5,70,1345.5,0.8584169453734671,True
pubmed_gcnii16,4,R3_MOSAIC_ANCHOR,32,56,64,1155.0,22.266401590457257,1155.0,4984,376.25,84,1615.25,0.7150595882990249,True
pubmed_gcnii16,4,R3_MOSAIC_ANCHOR,32,59,64,1155.0,23.45924453280318,1155.0,2532,607.5,99,1861.5,0.6204673650282031,True
pubmed_gcnii16,4,R3_MOSAIC_ANCHOR,32,59,64,1155.0,23.45924453280318,1155.0,4504,363.75,84,1602.75,0.7206364061768835,True
pubmed_gcnii16,4,R3_MOSAIC_ANCHOR,32,63,64,1155.0,25.04970178926441,1155.0,4560,347.5,87,1589.5,0.726643598615917,True
pubmed_gcnii16,4,R3_MOSAIC_ANCHOR,32,63,64,1155.0,25.04970178926441,1155.0,6036,476.25,95,1726.25,0.6690803765387401,True
pubmed_gcnii16,4,R3_MOSAIC_ANCHOR,32,37,64,893.0,14.711729622266402,1155.0,2948,407.5,71,1371.5,0.8421436383521692,True
pubmed_gcnii16,4,R3_MOSAIC_ANCHOR,32,41,64,1155.0,16.302186878727635,1155.0,4192,392.5,72,1619.5,0.7131830811979006,True
pubmed_gcnii16,4,R3_MOSAIC_ANCHOR,32,63,64,1155.0,25.04970178926441,1155.0,5792,427.5,92,1674.5,0.689758136757241,True
pubmed_gcnii16,4,R3_MOSAIC_ANCHOR,32,58,64,1155.0,23.061630218687878,1155.0,6384,325.0,80,1560.0,0.7403846153846154,True
pubmed_gcnii16,4,R3_MOSAIC_ANCHOR,32,59,64,1155.0,23.45924453280318,1155.0,3248,1071.25,123,2349.25,0.4916462700861977,True
pubmed_gcnii16,4,R3_MOSAIC_ANCHOR,32,29,64,577.0,23.10756972111554,1155.0,2212,1082.5,102,1761.5,0.6556911722963383,True
pubmed_gcnii16,4,R3_MOSAIC_ANCHOR,32,56,64,1155.0,22.266401590457257,1155.0,5920,488.75,90,1733.75,0.6661860129776496,True
pubmed_gcnii16,4,R3_MOSAIC_ANCHOR,32,17,64,577.0,13.54581673306773,1155.0,1876,743.75,74,1394.75,0.8281053952321205,True
pubmed_gcnii16,4,R3_MOSAIC_ANCHOR,32,56,64,1155.0,22.266401590457257,1155.0,3676,1290.0,137,2582.0,0.44732765298218435,True
pubmed_gcnii16,4,R3_MOSAIC_ANCHOR,32,23,64,577.0,18.326693227091635,1155.0,2272,497.5,67,1141.5,1.011826544021025,True
pubmed_gcnii16,4,R3_MOSAIC_ANCHOR,32,63,64,1155.0,25.04970178926441,1155.0,4132,840.0,118,2113.0,0.5466161855182206,True
pubmed_gcnii16,4,R3_MOSAIC_ANCHOR,32,53,64,1155.0,21.073558648111334,1155.0,2288,542.5,89,1786.5,0.6465155331654072,True
pubmed_gcnii16,4,R3_MOSAIC_ANCHOR,32,63,64,1155.0,25.04970178926441,1155.0,4452,377.5,89,1621.5,0.7123034227567068,True
pubmed_gcnii16,4,R3_MOSAIC_ANCHOR,32,63,64,1155.0,25.04970178926441,1155.0,6616,225.0,78,1458.0,0.7921810699588477,True
pubmed_gcnii16,4,R3_MOSAIC_ANCHOR,32,63,64,1155.0,25.04970178926441,1155.0,4648,572.5,102,1829.5,0.6313200327958458,True
pubmed_gcnii16,4,R3_MOSAIC_ANCHOR,32,63,64,1155.0,25.04970178926441,1155.0,4680,586.25,104,1845.25,0.6259314456035767,True
pubmed_gcnii16,4,R3_MOSAIC_ANCHOR,32,52,64,1155.0,20.675944333996025,1155.0,5996,313.75,77,1545.75,0.7472100921882582,True
pubmed_gcnii16,4,R3_MOSAIC_ANCHOR,32,55,64,1155.0,21.868787276341948,1155.0,5820,332.5,80,1567.5,0.7368421052631579,True
pubmed_gcnii16,4,R3_MOSAIC_ANCHOR,32,43,64,1155.0,17.09741550695825,1155.0,2976,507.5,83,1745.5,0.6617015181896305,True
pubmed_gcnii16,4,R3_MOSAIC_ANCHOR,32,54,64,1155.0,21.47117296222664,1155.0,5856,352.5,80,1587.5,0.7275590551181103,True
pubmed_gcnii16,4,R3_MOSAIC_ANCHOR,32,63,64,1155.0,25.04970178926441,1155.0,6728,398.75,90,1643.75,0.7026615969581749,True
pubmed_gcnii16,4,R3_MOSAIC_ANCHOR,32,59,64,1155.0,23.45924453280318,1155.0,6252,390.0,86,1631.0,0.7081545064377682,True
pubmed_gcnii16,4,R3_MOSAIC_ANCHOR,32,61,64,1155.0,24.2544731610338,1155.0,3116,1688.75,150,2993.75,0.38580375782881005,True
pubmed_gcnii16,4,R3_MOSAIC_ANCHOR,32,62,64,1155.0,24.652087475149106,1155.0,5872,337.5,85,1577.5,0.7321711568938193,True
pubmed_gcnii16,4,R3_MOSAIC_ANCHOR,32,58,64,1155.0,23.061630218687878,1155.0,6360,312.5,80,1547.5,0.7463651050080775,True
pubmed_gcnii16,4,R3_MOSAIC_ANCHOR,32,63,64,1155.0,25.04970178926441,1155.0,6296,388.75,90,1633.75,0.7069625095638867,True
pubmed_gcnii16,4,R3_MOSAIC_ANCHOR,32,63,64,1155.0,25.04970178926441,1155.0,3808,1385.0,144,2684.0,0.430327868852459,True
pubmed_gcnii16,4,R3_MOSAIC_ANCHOR,32,63,64,1155.0,25.04970178926441,1155.0,4680,580.0,100,1835.0,0.6294277929155313,True
pubmed_gcnii16,4,R3_MOSAIC_ANCHOR,32,63,64,1155.0,25.04970178926441,1155.0,6360,233.75,78,1466.75,0.7874552582239646,True
pubmed_gcnii16,4,R3_MOSAIC_ANCHOR,32,63,64,1155.0,25.04970178926441,1155.0,5308,187.5,74,1416.5,0.8153900458877515,True
pubmed_gcnii16,4,R3_MOSAIC_ANCHOR,32,63,64,1155.0,25.04970178926441,1155.0,6060,281.25,82,1518.25,0.760744277951589,True
pubmed_gcnii16,4,R3_MOSAIC_ANCHOR,32,59,64,1155.0,23.45924453280318,1155.0,3052,307.5,81,1543.5,0.7482993197278912,True
pubmed_gcnii16,4,R3_MOSAIC_ANCHOR,32,60,64,1155.0,23.856858846918488,1155.0,4304,288.75,79,1522.75,0.7584961418486291,True
pubmed_gcnii16,4,R3_MOSAIC_ANCHOR,32,37,64,893.0,14.711729622266402,1155.0,4204,285.0,63,1241.0,0.9307010475423045,True
pubmed_gcnii16,4,R3_MOSAIC_ANCHOR,32,63,64,1155.0,25.04970178926441,1155.0,5000,266.25,80,1501.25,0.7693588676103247,True
pubmed_gcnii16,4,R3_MOSAIC_ANCHOR,32,56,64,1155.0,22.266401590457257,1155.0,4132,212.5,70,1437.5,0.8034782608695652,True
pubmed_gcnii16,4,R3_MOSAIC_ANCHOR,32,37,64,893.0,14.711729622266402,1155.0,3564,256.25,60,1209.25,0.9551374819102749,True
pubmed_gcnii16,4,R3_MOSAIC_ANCHOR,32,58,64,1155.0,23.061630218687878,1155.0,6836,128.75,66,1349.75,0.8557140211150213,True
pubmed_gcnii16,4,R3_MOSAIC_ANCHOR,32,63,64,1155.0,25.04970178926441,1155.0,7208,448.75,93,1696.75,0.6807131280388979,True
pubmed_gcnii16,4,R3_MOSAIC_ANCHOR,32,49,64,1155.0,19.4831013916501,1155.0,4048,392.5,79,1626.5,0.7101137411620043,True
pubmed_gcnii16,4,R3_MOSAIC_ANCHOR,32,62,64,1155.0,24.652087475149106,1155.0,6060,476.25,95,1726.25,0.6690803765387401,True
pubmed_gcnii16,4,R3_MOSAIC_ANCHOR,32,63,64,1155.0,25.04970178926441,1155.0,6792,165.0,72,1392.0,0.8297413793103449,True
pubmed_gcnii16,4,R3_MOSAIC_ANCHOR,32,63,64,1155.0,25.04970178926441,1155.0,3984,995.0,123,2273.0,0.508139023317202,True
pubmed_gcnii16,4,R3_MOSAIC_ANCHOR,32,63,64,1155.0,25.04970178926441,1155.0,6208,413.75,92,1660.75,0.6954689146469969,True
pubmed_gcnii16,4,R3_MOSAIC_ANCHOR,32,56,64,1155.0,22.266401590457257,1155.0,4272,486.25,92,1733.25,0.6663781912591952,True
pubmed_gcnii16,4,R3_MOSAIC_ANCHOR,32,39,64,893.0,15.506958250497018,1155.0,3952,220.0,59,1172.0,0.985494880546075,True
pubmed_gcnii16,4,R3_MOSAIC_ANCHOR,32,63,64,1155.0,25.04970178926441,1155.0,6948,145.0,70,1370.0,0.843065693430657,True
pubmed_gcnii16,4,R3_MOSAIC_ANCHOR,32,63,64,1155.0,25.04970178926441,1155.0,4092,548.75,98,1801.75,0.6410434299986124,True
pubmed_gcnii16,4,R3_MOSAIC_ANCHOR,32,37,64,893.0,14.711729622266402,1155.0,4488,223.75,57,1173.75,0.9840255591054313,True
pubmed_gcnii16,4,R3_MOSAIC_ANCHOR,32,58,64,1155.0,23.061630218687878,1155.0,5068,325.0,82,1562.0,0.7394366197183099,True
pubmed_gcnii16,4,R3_MOSAIC_ANCHOR,32,63,64,1155.0,25.04970178926441,1155.0,5448,550.0,102,1807.0,0.6391809629219701,True
pubmed_gcnii16,4,R3_MOSAIC_ANCHOR,32,61,64,1155.0,24.2544731610338,1155.0,4420,241.25,77,1473.25,0.7839809944001358,True
pubmed_gcnii16,4,R3_MOSAIC_ANCHOR,32,39,64,893.0,15.506958250497018,1155.0,3908,320.0,66,1279.0,0.9030492572322126,True
pubmed_gcnii16,4,R3_MOSAIC_ANCHOR,32,63,64,1155.0,25.04970178926441,1155.0,5776,403.75,92,1650.75,0.6996819627442071,True
pubmed_gcnii16,4,R3_MOSAIC_ANCHOR,32,58,64,1155.0,23.061630218687878,1155.0,3524,807.5,108,2070.5,0.5578362714320213,True
pubmed_gcnii16,4,R3_MOSAIC_ANCHOR,32,53,64,1155.0,21.073558648111334,1155.0,6100,421.25,83,1659.25,0.6960976344734067,True
pubmed_gcnii16,4,R3_MOSAIC_ANCHOR,32,63,64,1155.0,25.04970178926441,1155.0,6484,296.25,83,1534.25,0.7528108196187062,True
pubmed_gcnii16,4,R3_MOSAIC_ANCHOR,32,58,64,1155.0,23.061630218687878,1155.0,6240,353.75,83,1591.75,0.7256164598712109,True
pubmed_gcnii16,4,R3_MOSAIC_ANCHOR,32,60,64,1155.0,23.856858846918488,1155.0,2880,958.75,121,2234.75,0.5168363351605325,True
pubmed_gcnii16,4,R3_MOSAIC_ANCHOR,32,60,64,1155.0,23.856858846918488,1155.0,3108,1155.0,131,2441.0,0.4731667349446948,True
pubmed_gcnii16,4,R3_MOSAIC_ANCHOR,32,63,64,1155.0,25.04970178926441,1155.0,5896,566.25,103,1824.25,0.6331369055776347,True
pubmed_gcnii16,4,R3_MOSAIC_ANCHOR,32,63,64,1155.0,25.04970178926441,1155.0,5804,555.0,101,1811.0,0.6377691882937604,True
pubmed_gcnii16,4,R3_MOSAIC_ANCHOR,32,38,64,893.0,15.109343936381707,1155.0,2124,558.75,79,1530.75,0.7545320921117099,True
pubmed_gcnii16,4,R3_MOSAIC_ANCHOR,32,61,64,1155.0,24.2544731610338,1155.0,3596,1230.0,137,2522.0,0.45796986518636,True
pubmed_gcnii16,4,R3_MOSAIC_ANCHOR,32,56,64,1155.0,22.266401590457257,1155.0,6288,335.0,77,1567.0,0.7370772176132737,True
pubmed_gcnii16,4,R3_MOSAIC_ANCHOR,32,44,64,1155.0,17.495029821073558,1155.0,3960,237.5,64,1456.5,0.7929969104016478,True
pubmed_gcnii16,4,R3_MOSAIC_ANCHOR,32,39,64,893.0,15.506958250497018,1155.0,4468,438.75,73,1404.75,0.8222103577148959,True
pubmed_gcnii16,4,R3_MOSAIC_ANCHOR,32,63,64,1155.0,25.04970178926441,1155.0,3112,670.0,106,1931.0,0.5981356809943035,True
pubmed_gcnii16,4,R3_MOSAIC_ANCHOR,32,63,64,1155.0,25.04970178926441,1155.0,6196,475.0,96,1726.0,0.6691772885283893,True
pubmed_gcnii16,4,R3_MOSAIC_ANCHOR,32,53,64,1155.0,21.073558648111334,1155.0,4456,275.0,74,1504.0,0.7679521276595744,True
pubmed_gcnii16,4,R3_MOSAIC_ANCHOR,32,63,64,1155.0,25.04970178926441,1155.0,6308,337.5,87,1579.5,0.7312440645773979,True
pubmed_gcnii16,4,R3_MOSAIC_ANCHOR,32,46,64,1155.0,18.290258449304176,1155.0,4176,260.0,68,1483.0,0.7788267026298045,True
pubmed_gcnii16,4,R3_MOSAIC_ANCHOR,32,39,64,893.0,15.506958250497018,1155.0,4016,302.5,65,1260.5,0.9163030543435144,True
pubmed_gcnii16,4,R3_MOSAIC_ANCHOR,32,33,64,893.0,13.121272365805169,1155.0,3988,186.25,50,1129.25,1.0228027451848571,True
pubmed_gcnii16,4,R3_MOSAIC_ANCHOR,32,63,64,1155.0,25.04970178926441,1155.0,6612,276.25,81,1512.25,0.7637626053893205,True
pubmed_gcnii16,4,R3_MOSAIC_ANCHOR,32,33,64,893.0,13.121272365805169,1155.0,3452,381.25,66,1340.25,0.8617795187465025,True
pubmed_gcnii16,4,R3_MOSAIC_ANCHOR,32,50,64,1155.0,19.880715705765407,1155.0,4400,390.0,79,1624.0,0.7112068965517241,True
pubmed_gcnii16,4,R3_MOSAIC_ANCHOR,32,39,64,893.0,15.506958250497018,1155.0,4380,213.75,59,1165.75,0.9907784687969119,True
pubmed_gcnii16,4,R3_MOSAIC_ANCHOR,32,63,64,1155.0,25.04970178926441,1155.0,5936,387.5,91,1633.5,0.7070707070707071,True
pubmed_gcnii16,4,R3_MOSAIC_ANCHOR,32,36,64,893.0,14.314115308151091,1155.0,3864,151.25,50,1094.25,1.055517477724469,True
pubmed_gcnii16,4,R3_MOSAIC_ANCHOR,32,36,64,893.0,14.314115308151091,1155.0,4188,240.0,57,1190.0,0.9705882352941176,True
pubmed_gcnii16,4,R3_MOSAIC_ANCHOR,32,37,64,893.0,14.711729622266402,1155.0,4292,266.25,61,1220.25,0.9465273509526736,True
pubmed_gcnii16,4,R3_MOSAIC_ANCHOR,32,63,64,1155.0,25.04970178926441,1155.0,7084,191.25,75,1421.25,0.8126649076517151,True
pubmed_gcnii16,4,R3_MOSAIC_ANCHOR,32,63,64,1155.0,25.04970178926441,1155.0,2380,516.25,99,1770.25,0.6524502188956363,True
pubmed_gcnii16,4,R3_MOSAIC_ANCHOR,32,55,64,1155.0,21.868787276341948,1155.0,4132,196.25,69,1420.25,0.8132371061432846,True
pubmed_gcnii16,4,R3_MOSAIC_ANCHOR,32,39,64,893.0,15.506958250497018,1155.0,3344,471.25,78,1442.25,0.8008320332813312,True
pubmed_gcnii16,4,R3_MOSAIC_ANCHOR,32,61,64,1155.0,24.2544731610338,1155.0,5468,805.0,117,2077.0,0.556090515166105,True
pubmed_gcnii16,4,R3_MOSAIC_ANCHOR,32,24,64,577.0,19.12350597609562,1155.0,2108,636.25,75,1288.25,0.8965651077042499,True
pubmed_gcnii16,4,R3_MOSAIC_ANCHOR,32,25,64,577.0,19.9203187250996,1155.0,2584,602.5,77,1256.5,0.9192200557103064,True
pubmed_gcnii16,4,R3_MOSAIC_ANCHOR,32,63,64,1155.0,25.04970178926441,1155.0,4956,202.5,76,1433.5,0.8057202650854551,True
pubmed_gcnii16,4,R3_MOSAIC_ANCHOR,32,63,64,1155.0,25.04970178926441,1155.0,3988,647.5,110,1912.5,0.6039215686274509,True
pubmed_gcnii16,4,R3_MOSAIC_ANCHOR,32,62,64,1155.0,24.652087475149106,1155.0,4296,676.25,108,1939.25,0.5955910790253964,True
pubmed_gcnii16,4,R3_MOSAIC_ANCHOR,32,53,64,1155.0,21.073558648111334,1155.0,4176,360.0,80,1595.0,0.7241379310344828,True
pubmed_gcnii16,4,R3_MOSAIC_ANCHOR,32,37,64,893.0,14.711729622266402,1155.0,4480,203.75,55,1151.75,1.0028217929238117,True
pubmed_gcnii16,4,R3_MOSAIC_ANCHOR,32,63,64,1155.0,25.04970178926441,1155.0,6640,306.25,85,1546.25,0.7469684721099434,True
pubmed_gcnii16,4,R3_MOSAIC_ANCHOR,32,48,64,1155.0,19.08548707753479,1155.0,3964,206.25,65,1426.25,0.8098159509202454,True
pubmed_gcnii16,4,R3_MOSAIC_ANCHOR,32,40,64,893.0,15.904572564612328,1155.0,3596,436.25,75,1404.25,0.8225031155421043,True
pubmed_gcnii16,4,R3_MOSAIC_ANCHOR,32,62,64,1155.0,24.652087475149106,1155.0,5044,361.25,87,1603.25,0.7204116638078902,True
pubmed_gcnii16,4,R3_MOSAIC_ANCHOR,32,37,64,893.0,14.711729622266402,1155.0,2860,285.0,62,1240.0,0.9314516129032258,True
pubmed_gcnii16,4,R3_MOSAIC_ANCHOR,32,35,64,893.0,13.916500994035784,1155.0,3988,253.75,58,1204.75,0.9587051255447189,True
pubmed_gcnii16,4,R3_MOSAIC_ANCHOR,32,63,64,1155.0,25.04970178926441,1155.0,5048,306.25,84,1545.25,0.7474518686296716,True
pubmed_gcnii16,4,R3_MOSAIC_ANCHOR,32,58,64,1155.0,23.061630218687878,1155.0,4740,348.75,83,1586.75,0.7279029462738301,True
pubmed_gcnii16,4,R3_MOSAIC_ANCHOR,32,60,64,1155.0,23.856858846918488,1155.0,4176,302.5,80,1537.5,0.751219512195122,True
pubmed_gcnii16,4,R3_MOSAIC_ANCHOR,32,63,64,1155.0,25.04970178926441,1155.0,6760,196.25,74,1425.25,0.8103841431327837,True
pubmed_gcnii16,4,R3_MOSAIC_ANCHOR,32,61,64,1155.0,24.2544731610338,1155.0,3612,547.5,93,1795.5,0.6432748538011696,True
pubmed_gcnii16,4,R3_MOSAIC_ANCHOR,32,61,64,1155.0,24.2544731610338,1155.0,4844,346.25,84,1585.25,0.7285917047784262,True
pubmed_gcnii16,4,R3_MOSAIC_ANCHOR,32,57,64,1155.0,22.664015904572565,1155.0,6328,251.25,74,1480.25,0.7802736024320216,True
pubmed_gcnii16,4,R3_MOSAIC_ANCHOR,32,61,64,1155.0,24.2544731610338,1155.0,4276,322.5,82,1559.5,0.7406219942289195,True
pubmed_gcnii16,4,R3_MOSAIC_ANCHOR,32,59,64,1155.0,23.45924453280318,1155.0,4284,276.25,78,1509.25,0.7652807685936723,True
pubmed_gcnii16,4,R3_MOSAIC_ANCHOR,32,63,64,1155.0,25.04970178926441,1155.0,4740,267.5,81,1503.5,0.7682075157964748,True
pubmed_gcnii16,4,R3_MOSAIC_ANCHOR,32,36,64,893.0,14.314115308151091,1155.0,4028,308.75,63,1264.75,0.913223957303815,True
pubmed_gcnii16,4,R3_MOSAIC_ANCHOR,32,61,64,1155.0,24.2544731610338,1155.0,4676,202.5,73,1430.5,0.8074099965047187,True
pubmed_gcnii16,4,R3_MOSAIC_ANCHOR,32,63,64,1155.0,25.04970178926441,1155.0,3544,528.75,99,1782.75,0.6478754732856542,True
pubmed_gcnii16,4,R3_MOSAIC_ANCHOR,32,50,64,1155.0,19.880715705765407,1155.0,4700,287.5,71,1513.5,0.7631318136769079,True
pubmed_gcnii16,4,R3_MOSAIC_ANCHOR,32,63,64,1155.0,25.04970178926441,1155.0,4792,301.25,85,1541.25,0.7493917274939172,True
pubmed_gcnii16,4,R3_MOSAIC_ANCHOR,32,61,64,1155.0,24.2544731610338,1155.0,4628,297.5,81,1533.5,0.7531790022823606,True
pubmed_gcnii16,4,R3_MOSAIC_ANCHOR,32,59,64,1155.0,23.45924453280318,1155.0,4516,230.0,74,1459.0,0.7916381082933516,True
pubmed_gcnii16,4,R3_MOSAIC_ANCHOR,32,63,64,1155.0,25.04970178926441,1155.0,6284,368.75,88,1611.75,0.7166123778501629,True
pubmed_gcnii16,4,R3_MOSAIC_ANCHOR,32,62,64,1155.0,24.652087475149106,1155.0,4364,268.75,80,1503.75,0.7680798004987531,True
pubmed_gcnii16,4,R3_MOSAIC_ANCHOR,32,54,64,1155.0,21.47117296222664,1155.0,6276,343.75,80,1578.75,0.7315914489311164,True
pubmed_gcnii16,4,R3_MOSAIC_ANCHOR,32,33,64,893.0,13.121272365805169,1155.0,3836,221.25,54,1168.25,0.9886582495185106,True
pubmed_gcnii16,4,R3_MOSAIC_ANCHOR,32,49,64,1155.0,19.4831013916501,1155.0,4528,362.5,77,1594.5,0.7243650047036688,True
pubmed_gcnii16,4,R3_MOSAIC_ANCHOR,32,63,64,1155.0,25.04970178926441,1155.0,7124,201.25,76,1432.25,0.8064234595915517,True
pubmed_gcnii16,4,R3_MOSAIC_ANCHOR,32,54,64,1155.0,21.47117296222664,1155.0,4356,428.75,87,1670.75,0.6913062995660632,True
pubmed_gcnii16,4,R3_MOSAIC_ANCHOR,32,51,64,1155.0,20.27833001988072,1155.0,4156,255.0,71,1481.0,0.7798784604996624,True
pubmed_gcnii16,4,R3_MOSAIC_ANCHOR,32,62,64,1155.0,24.652087475149106,1155.0,4456,290.0,81,1526.0,0.7568807339449541,True
pubmed_gcnii16,4,R3_MOSAIC_ANCHOR,32,57,64,1155.0,22.664015904572565,1155.0,6728,167.5,68,1390.5,0.8306364617044228,True
pubmed_gcnii16,4,R3_MOSAIC_ANCHOR,32,59,64,1155.0,23.45924453280318,1155.0,4556,327.5,82,1564.5,0.738255033557047,True
pubmed_gcnii16,4,R3_MOSAIC_ANCHOR,32,53,64,1155.0,21.073558648111334,1155.0,4068,163.75,65,1383.75,0.8346883468834688,True
pubmed_gcnii16,4,R3_MOSAIC_ANCHOR,32,50,64,1155.0,19.880715705765407,1155.0,4164,365.0,78,1598.0,0.7227784730913642,True
pubmed_gcnii16,4,R3_MOSAIC_ANCHOR,32,63,64,1155.0,25.04970178926441,1155.0,6324,436.25,95,1686.25,0.6849518161601186,True
pubmed_gcnii16,4,R3_MOSAIC_ANCHOR,32,36,64,893.0,14.314115308151091,1155.0,3904,56.25,42,991.25,1.1651954602774275,True
pubmed_gcnii16,4,R3_MOSAIC_ANCHOR,32,43,64,1155.0,17.09741550695825,1155.0,4296,682.5,94,1931.5,0.5979808439037018,True
pubmed_gcnii16,4,R3_MOSAIC_ANCHOR,32,61,64,1155.0,24.2544731610338,1155.0,4760,157.5,70,1382.5,0.8354430379746836,True
pubmed_gcnii16,4,R3_MOSAIC_ANCHOR,32,63,64,1155.0,25.04970178926441,1155.0,5948,273.75,81,1509.75,0.7650273224043715,True
pubmed_gcnii16,4,R3_MOSAIC_ANCHOR,32,34,64,893.0,13.518886679920476,1155.0,3964,260.0,57,1210.0,0.9545454545454546,True
pubmed_gcnii16,4,R3_MOSAIC_ANCHOR,32,61,64,1155.0,24.2544731610338,1155.0,4756,365.0,85,1605.0,0.719626168224299,True
pubmed_gcnii16,4,R3_MOSAIC_ANCHOR,32,49,64,1155.0,19.4831013916501,1155.0,5504,325.0,74,1554.0,0.7432432432432432,True
pubmed_gcnii16,4,R3_MOSAIC_ANCHOR,32,61,64,1155.0,24.2544731610338,1155.0,6944,457.5,93,1705.5,0.6772207563764292,True
pubmed_gcnii16,4,R3_MOSAIC_ANCHOR,32,41,64,1155.0,16.302186878727635,1155.0,4280,507.5,81,1743.5,0.6624605678233438,True
pubmed_gcnii16,4,R3_MOSAIC_ANCHOR,32,63,64,1155.0,25.04970178926441,1155.0,6688,267.5,80,1502.5,0.7687188019966722,True
pubmed_gcnii16,4,R3_MOSAIC_ANCHOR,32,63,64,1155.0,25.04970178926441,1155.0,6576,383.75,89,1627.75,0.7095684226693288,True
pubmed_gcnii16,4,R3_MOSAIC_ANCHOR,32,55,64,1155.0,21.868787276341948,1155.0,3812,551.25,94,1800.25,0.6415775586724066,True
pubmed_gcnii16,4,R3_MOSAIC_ANCHOR,32,63,64,1155.0,25.04970178926441,1155.0,6728,298.75,84,1537.75,0.7510973825394245,True
pubmed_gcnii16,4,R3_MOSAIC_ANCHOR,32,43,64,1155.0,17.09741550695825,1155.0,3980,418.75,76,1649.75,0.7001060766782846,True
pubmed_gcnii16,4,R3_MOSAIC_ANCHOR,32,63,64,1155.0,25.04970178926441,1155.0,6756,226.25,77,1458.25,0.7920452597291274,True
pubmed_gcnii16,4,R3_MOSAIC_ANCHOR,32,57,64,1155.0,22.664015904572565,1155.0,5148,300.0,77,1532.0,0.7539164490861618,True
pubmed_gcnii16,4,R3_MOSAIC_ANCHOR,32,61,64,1155.0,24.2544731610338,1155.0,6084,310.0,83,1548.0,0.7461240310077519,True
pubmed_gcnii16,4,R3_MOSAIC_ANCHOR,32,57,64,1155.0,22.664015904572565,1155.0,6784,200.0,70,1425.0,0.8105263157894737,True
pubmed_gcnii16,4,R3_MOSAIC_ANCHOR,32,54,64,1155.0,21.47117296222664,1155.0,5808,400.0,83,1638.0,0.7051282051282052,True
pubmed_gcnii16,4,R3_MOSAIC_ANCHOR,32,63,64,1155.0,25.04970178926441,1155.0,4604,735.0,109,1999.0,0.5777888944472236,True
pubmed_gcnii16,4,R3_MOSAIC_ANCHOR,32,63,64,1155.0,25.04970178926441,1155.0,6860,235.0,79,1469.0,0.7862491490810075,True
pubmed_gcnii16,4,R3_MOSAIC_ANCHOR,32,61,64,1155.0,24.2544731610338,1155.0,5588,352.5,84,1591.5,0.7257304429783223,True
pubmed_gcnii16,4,R3_MOSAIC_ANCHOR,32,61,64,1155.0,24.2544731610338,1155.0,4268,183.75,73,1411.75,0.8181335222241899,True
pubmed_gcnii16,4,R3_MOSAIC_ANCHOR,32,60,64,1155.0,23.856858846918488,1155.0,4220,177.5,71,1403.5,0.8229426433915212,True
pubmed_gcnii16,4,R3_MOSAIC_ANCHOR,32,59,64,1155.0,23.45924453280318,1155.0,4728,343.75,84,1582.75,0.7297425367240562,True
pubmed_gcnii16,4,R3_MOSAIC_ANCHOR,32,37,64,893.0,14.711729622266402,1155.0,4376,227.5,57,1177.5,0.9808917197452229,True
pubmed_gcnii16,4,R3_MOSAIC_ANCHOR,32,58,64,1155.0,23.061630218687878,1155.0,5848,401.25,86,1642.25,0.7033033947328361,True
pubmed_gcnii16,4,R3_MOSAIC_ANCHOR,32,63,64,1155.0,25.04970178926441,1155.0,5140,226.25,77,1458.25,0.7920452597291274,True
pubmed_gcnii16,4,R3_MOSAIC_ANCHOR,32,52,64,1155.0,20.675944333996025,1155.0,4252,202.5,67,1424.5,0.8108108108108109,True
pubmed_gcnii16,4,R3_MOSAIC_ANCHOR,32,63,64,1155.0,25.04970178926441,1155.0,6948,283.75,83,1521.75,0.7589945786101527,True
pubmed_gcnii16,4,R3_MOSAIC_ANCHOR,32,59,64,1155.0,23.45924453280318,1155.0,5644,397.5,87,1639.5,0.7044830741079597,True
pubmed_gcnii16,4,R3_MOSAIC_ANCHOR,32,63,64,1155.0,25.04970178926441,1155.0,4740,718.75,106,1979.75,0.5834069958328072,True
pubmed_gcnii16,4,R3_MOSAIC_ANCHOR,32,56,64,1155.0,22.266401590457257,1155.0,6540,301.25,79,1535.25,0.7523204689789936,True
pubmed_gcnii16,4,R3_MOSAIC_ANCHOR,32,63,64,1155.0,25.04970178926441,1155.0,7016,298.75,84,1537.75,0.7510973825394245,True
pubmed_gcnii16,4,R3_MOSAIC_ANCHOR,32,63,64,1155.0,25.04970178926441,1155.0,6560,292.5,83,1530.5,0.7546553413917021,True
pubmed_gcnii16,4,R3_MOSAIC_ANCHOR,32,63,64,1155.0,25.04970178926441,1155.0,6060,662.5,106,1923.5,0.6004678970626462,True
pubmed_gcnii16,4,R3_MOSAIC_ANCHOR,32,54,64,1155.0,21.47117296222664,1155.0,6856,90.0,60,1305.0,0.8850574712643678,True
pubmed_gcnii16,4,R3_MOSAIC_ANCHOR,32,63,64,1155.0,25.04970178926441,1155.0,6948,176.25,73,1404.25,0.8225031155421043,True
pubmed_gcnii16,4,R3_MOSAIC_ANCHOR,32,56,64,1155.0,22.266401590457257,1155.0,5640,440.0,87,1682.0,0.6866825208085613,True
pubmed_gcnii16,4,R3_MOSAIC_ANCHOR,32,63,64,1155.0,25.04970178926441,1155.0,6752,337.5,87,1579.5,0.7312440645773979,True
pubmed_gcnii16,4,R3_MOSAIC_ANCHOR,32,59,64,1155.0,23.45924453280318,1155.0,5696,442.5,90,1687.5,0.6844444444444444,True
pubmed_gcnii16,4,R3_MOSAIC_ANCHOR,32,58,64,1155.0,23.061630218687878,1155.0,5912,326.25,82,1563.25,0.7388453542299697,True
pubmed_gcnii16,4,R3_MOSAIC_ANCHOR,32,37,64,893.0,14.711729622266402,1155.0,4088,268.75,59,1220.75,0.9461396682367397,True
pubmed_gcnii16,4,R3_MOSAIC_ANCHOR,32,57,64,1155.0,22.664015904572565,1155.0,6756,150.0,67,1372.0,0.8418367346938775,True
pubmed_gcnii16,4,R3_MOSAIC_ANCHOR,32,44,64,1155.0,17.495029821073558,1155.0,2784,587.5,85,1827.5,0.6320109439124487,True
pubmed_gcnii16,4,R3_MOSAIC_ANCHOR,32,63,64,1155.0,25.04970178926441,1155.0,6244,393.75,91,1639.75,0.7043756670224119,True
pubmed_gcnii16,4,R3_MOSAIC_ANCHOR,32,49,64,1155.0,19.4831013916501,1155.0,5660,551.25,89,1795.25,0.6433644339228519,True
pubmed_gcnii16,4,R3_MOSAIC_ANCHOR,32,57,64,1155.0,22.664015904572565,1155.0,3272,1443.75,143,2741.75,0.42126379137412234,True
pubmed_gcnii16,4,R3_MOSAIC_ANCHOR,32,52,64,1155.0,20.675944333996025,1155.0,5236,725.0,104,1984.0,0.5821572580645161,True
pubmed_gcnii16,4,R3_MOSAIC_ANCHOR,32,61,64,1155.0,24.2544731610338,1155.0,6512,352.5,86,1593.5,0.7248195795418889,True
pubmed_gcnii16,4,R3_MOSAIC_ANCHOR,32,61,64,1155.0,24.2544731610338,1155.0,6556,335.0,84,1574.0,0.7337992376111817,True
pubmed_gcnii16,4,R3_MOSAIC_ANCHOR,32,40,64,893.0,15.904572564612328,1155.0,2624,715.0,94,1702.0,0.6786133960047004,True
pubmed_gcnii16,4,R3_MOSAIC_ANCHOR,32,62,64,1155.0,24.652087475149106,1155.0,4876,970.0,128,2253.0,0.5126498002663116,True
pubmed_gcnii16,4,R3_MOSAIC_ANCHOR,32,50,64,1155.0,19.880715705765407,1155.0,5916,485.0,84,1724.0,0.669953596287703,True
pubmed_gcnii16,4,R3_MOSAIC_ANCHOR,32,40,64,893.0,15.904572564612328,1155.0,4424,178.75,56,1127.75,1.0241631567279983,True
pubmed_gcnii16,4,R3_MOSAIC_ANCHOR,32,63,64,1155.0,25.04970178926441,1155.0,5336,380.0,90,1625.0,0.7107692307692308,True
pubmed_gcnii16,4,R3_MOSAIC_ANCHOR,32,59,64,1155.0,23.45924453280318,1155.0,5440,461.25,93,1709.25,0.6757349714787187,True
pubmed_gcnii16,4,R3_MOSAIC_ANCHOR,32,57,64,1155.0,22.664015904572565,1155.0,3668,992.5,123,2270.5,0.508698524554063,True
pubmed_gcnii16,4,R3_MOSAIC_ANCHOR,32,61,64,1155.0,24.2544731610338,1155.0,4832,181.25,72,1408.25,0.8201668737795136,True
pubmed_gcnii16,4,R3_MOSAIC_ANCHOR,32,60,64,1155.0,23.856858846918488,1155.0,4388,210.0,73,1438.0,0.8031988873435327,True
pubmed_gcnii16,4,R3_MOSAIC_ANCHOR,32,37,64,893.0,14.711729622266402,1155.0,4328,322.5,64,1279.5,0.902696365767878,True
pubmed_gcnii16,4,R3_MOSAIC_ANCHOR,32,37,64,893.0,14.711729622266402,1155.0,4016,335.0,65,1293.0,0.8932714617169374,True
pubmed_gcnii16,4,R3_MOSAIC_ANCHOR,32,49,64,1155.0,19.4831013916501,1155.0,4468,340.0,75,1570.0,0.7356687898089171,True
pubmed_gcnii16,4,R3_MOSAIC_ANCHOR,32,34,64,893.0,13.518886679920476,1155.0,4072,316.25,61,1270.25,0.9092698287738634,True
pubmed_gcnii16,4,R3_MOSAIC_ANCHOR,32,63,64,1155.0,25.04970178926441,1155.0,6272,273.75,81,1509.75,0.7650273224043715,True
pubmed_gcnii16,4,R3_MOSAIC_ANCHOR,32,37,64,893.0,14.711729622266402,1155.0,3772,288.75,62,1243.75,0.928643216080402,True
pubmed_gcnii16,4,R3_MOSAIC_ANCHOR,32,61,64,1155.0,24.2544731610338,1155.0,6376,372.5,87,1614.5,0.7153917621554661,True
pubmed_gcnii16,4,R3_MOSAIC_ANCHOR,32,54,64,1155.0,21.47117296222664,1155.0,5720,567.5,93,1815.5,0.6361883778573396,True
pubmed_gcnii16,4,R3_MOSAIC_ANCHOR,32,48,64,1155.0,19.08548707753479,1155.0,6140,358.75,73,1586.75,0.7279029462738301,True
pubmed_gcnii16,4,R3_MOSAIC_ANCHOR,32,50,64,1155.0,19.880715705765407,1155.0,6112,403.75,78,1636.75,0.7056667175805712,True
pubmed_gcnii16,4,R3_MOSAIC_ANCHOR,32,53,64,1155.0,21.073558648111334,1155.0,6248,327.5,76,1558.5,0.7410972088546679,True
pubmed_gcnii16,4,R3_MOSAIC_ANCHOR,32,40,64,893.0,15.904572564612328,1155.0,2804,578.75,84,1555.75,0.7424071991001124,True
pubmed_gcnii16,4,R3_MOSAIC_ANCHOR,32,57,64,1155.0,22.664015904572565,1155.0,6288,435.0,87,1677.0,0.6887298747763864,True
pubmed_gcnii16,4,R3_MOSAIC_ANCHOR,32,61,64,1155.0,24.2544731610338,1155.0,3400,1165.0,134,2454.0,0.4706601466992665,True
pubmed_gcnii16,4,R3_MOSAIC_ANCHOR,32,35,64,893.0,13.916500994035784,1155.0,3016,597.5,84,1574.5,0.7335662114957129,True
pubmed_gcnii16,4,R3_MOSAIC_ANCHOR,32,53,64,1155.0,21.073558648111334,1155.0,6268,371.25,78,1604.25,0.7199625993454886,True
pubmed_gcnii16,4,R3_MOSAIC_ANCHOR,32,61,64,1155.0,24.2544731610338,1155.0,4896,1145.0,138,2438.0,0.47374897456931914,True
pubmed_gcnii16,4,R3_MOSAIC_ANCHOR,32,18,64,577.0,14.342629482071713,1155.0,2004,872.5,86,1535.5,0.7521979811136438,True
pubmed_gcnii16,4,R3_MOSAIC_ANCHOR,32,32,64,577.0,25.49800796812749,1155.0,2780,747.5,92,1416.5,0.8153900458877515,True
pubmed_gcnii16,4,R3_MOSAIC_ANCHOR,32,60,64,1155.0,23.856858846918488,1155.0,4852,872.5,121,2148.5,0.5375843611822202,True
pubmed_gcnii16,4,R3_MOSAIC_ANCHOR,32,21,64,577.0,16.733067729083665,1155.0,2008,603.75,71,1251.75,0.9227082085080887,True
pubmed_gcnii16,4,R3_MOSAIC_ANCHOR,32,63,64,1155.0,25.04970178926441,1155.0,4340,627.5,105,1887.5,0.6119205298013245,True
pubmed_gcnii16,4,R3_MOSAIC_ANCHOR,32,62,64,1155.0,24.652087475149106,1155.0,5280,313.75,83,1551.75,0.7443209279845336,True
pubmed_gcnii16,4,R3_MOSAIC_ANCHOR,32,63,64,1155.0,25.04970178926441,1155.0,3764,496.25,98,1749.25,0.6602829784193226,True
pubmed_gcnii16,4,R3_MOSAIC_ANCHOR,32,63,64,1155.0,25.04970178926441,1155.0,6948,287.5,82,1524.5,0.7576254509675303,True
pubmed_gcnii16,4,R3_MOSAIC_ANCHOR,32,55,64,1155.0,21.868787276341948,1155.0,2716,805.0,109,2069.0,0.5582406959884002,True
pubmed_gcnii16,4,R3_MOSAIC_ANCHOR,32,56,64,1155.0,22.266401590457257,1155.0,5680,458.75,89,1702.75,0.6783144912641316,True
pubmed_gcnii16,4,R3_MOSAIC_ANCHOR,32,42,64,1155.0,16.69980119284294,1155.0,4288,385.0,74,1614.0,0.7156133828996283,True
pubmed_gcnii16,4,R3_MOSAIC_ANCHOR,32,42,64,1155.0,16.69980119284294,1155.0,2720,466.25,80,1701.25,0.6789125642909625,True
pubmed_gcnii16,4,R3_MOSAIC_ANCHOR,32,63,64,1155.0,25.04970178926441,1155.0,6328,405.0,91,1651.0,0.6995760145366444,True
pubmed_gcnii16,4,R3_MOSAIC_ANCHOR,32,61,64,1155.0,24.2544731610338,1155.0,4500,298.75,82,1535.75,0.7520755331271366,True
pubmed_gcnii16,4,R3_MOSAIC_ANCHOR,32,63,64,1155.0,25.04970178926441,1155.0,6968,252.5,80,1487.5,0.7764705882352941,True
pubmed_gcnii16,4,R3_MOSAIC_ANCHOR,32,63,64,1155.0,25.04970178926441,1155.0,6108,362.5,88,1605.5,0.7194020554344441,True
pubmed_gcnii16,4,R3_MOSAIC_ANCHOR,32,61,64,1155.0,24.2544731610338,1155.0,3948,290.0,80,1525.0,0.7573770491803279,True
pubmed_gcnii16,4,R3_MOSAIC_ANCHOR,32,60,64,1155.0,23.856858846918488,1155.0,6176,315.0,82,1552.0,0.7442010309278351,True
pubmed_gcnii16,4,R3_MOSAIC_ANCHOR,32,37,64,893.0,14.711729622266402,1155.0,3648,395.0,69,1357.0,0.8511422254974208,True
pubmed_gcnii16,4,R3_MOSAIC_ANCHOR,32,63,64,1155.0,25.04970178926441,1155.0,6908,221.25,77,1453.25,0.7947703423361431,True
pubmed_gcnii16,4,R3_MOSAIC_ANCHOR,32,46,64,1155.0,18.290258449304176,1155.0,4532,250.0,66,1471.0,0.7851801495581238,True
pubmed_gcnii16,4,R3_MOSAIC_ANCHOR,32,63,64,1155.0,25.04970178926441,1155.0,6808,208.75,76,1439.75,0.8022226080916826,True
pubmed_gcnii16,4,R3_MOSAIC_ANCHOR,32,50,64,1155.0,19.880715705765407,1155.0,2812,1036.25,119,2310.25,0.4999458933015907,True
pubmed_gcnii16,4,R3_MOSAIC_ANCHOR,32,59,64,1155.0,23.45924453280318,1155.0,6392,463.75,92,1710.75,0.6751424813678212,True
pubmed_gcnii16,4,R3_MOSAIC_ANCHOR,32,63,64,1155.0,25.04970178926441,1155.0,4512,493.75,95,1743.75,0.6623655913978495,True
pubmed_gcnii16,4,R3_MOSAIC_ANCHOR,32,61,64,1155.0,24.2544731610338,1155.0,5356,326.25,80,1561.25,0.7397918334667735,True
pubmed_gcnii16,4,R3_MOSAIC_ANCHOR,32,63,64,1155.0,25.04970178926441,1155.0,6912,275.0,82,1512.0,0.7638888888888888,True
pubmed_gcnii16,4,R3_MOSAIC_ANCHOR,32,37,64,893.0,14.711729622266402,1155.0,4044,448.75,72,1413.75,0.8169761273209549,True
pubmed_gcnii16,4,R3_MOSAIC_ANCHOR,32,54,64,1155.0,21.47117296222664,1155.0,3240,620.0,97,1872.0,0.6169871794871795,True
pubmed_gcnii16,4,R3_MOSAIC_ANCHOR,32,63,64,1155.0,25.04970178926441,1155.0,5464,528.75,99,1782.75,0.6478754732856542,True
pubmed_gcnii16,4,R3_MOSAIC_ANCHOR,32,63,64,1155.0,25.04970178926441,1155.0,6628,308.75,84,1547.75,0.7462445485382007,True
pubmed_gcnii16,4,R3_MOSAIC_ANCHOR,32,37,64,893.0,14.711729622266402,1155.0,3780,326.25,65,1284.25,0.8993576017130621,True
pubmed_gcnii16,4,R3_MOSAIC_ANCHOR,32,35,64,893.0,13.916500994035784,1155.0,4060,328.75,63,1284.75,0.8990075890251021,True
pubmed_gcnii16,4,R3_MOSAIC_ANCHOR,32,63,64,1155.0,25.04970178926441,1155.0,4420,243.75,78,1476.75,0.7821229050279329,True
pubmed_gcnii16,4,R3_MOSAIC_ANCHOR,32,63,64,1155.0,25.04970178926441,1155.0,3848,740.0,114,2009.0,0.5749128919860628,True
pubmed_gcnii16,4,R3_MOSAIC_ANCHOR,32,63,64,1155.0,25.04970178926441,1155.0,4512,405.0,90,1650.0,0.7,True
pubmed_gcnii16,4,R3_MOSAIC_ANCHOR,32,61,64,1155.0,24.2544731610338,1155.0,3916,286.25,80,1521.25,0.7592440427280197,True
pubmed_gcnii16,4,R3_MOSAIC_ANCHOR,32,63,64,1155.0,25.04970178926441,1155.0,4988,260.0,81,1496.0,0.7720588235294118,True
pubmed_gcnii16,4,R3_MOSAIC_ANCHOR,32,61,64,1155.0,24.2544731610338,1155.0,3772,420.0,92,1667.0,0.6928614277144571,True
pubmed_gcnii16,4,R3_MOSAIC_ANCHOR,32,60,64,1155.0,23.856858846918488,1155.0,4520,418.75,88,1661.75,0.6950503986760945,True
pubmed_gcnii16,4,R3_MOSAIC_ANCHOR,32,56,64,1155.0,22.266401590457257,1155.0,3128,902.5,118,2175.5,0.5309124339232361,True
pubmed_gcnii16,4,R3_MOSAIC_ANCHOR,32,60,64,1155.0,23.856858846918488,1155.0,4196,188.75,72,1415.75,0.8158220024721878,True
pubmed_gcnii16,4,R3_MOSAIC_ANCHOR,32,62,64,1155.0,24.652087475149106,1155.0,4944,195.0,74,1424.0,0.8110955056179775,True
pubmed_gcnii16,4,R3_MOSAIC_ANCHOR,32,37,64,893.0,14.711729622266402,1155.0,3860,286.25,63,1242.25,0.9297645401489233,True
pubmed_gcnii16,4,R3_MOSAIC_ANCHOR,32,37,64,893.0,14.711729622266402,1155.0,4168,301.25,62,1256.25,0.9194029850746268,True
pubmed_gcnii16,4,R3_MOSAIC_ANCHOR,32,61,64,1155.0,24.2544731610338,1155.0,4244,361.25,85,1601.25,0.7213114754098361,True
pubmed_gcnii16,4,R3_MOSAIC_ANCHOR,32,63,64,1155.0,25.04970178926441,1155.0,4952,758.75,113,2026.75,0.5698778833107191,True
pubmed_gcnii16,4,R3_MOSAIC_ANCHOR,32,60,64,1155.0,23.856858846918488,1155.0,4968,226.25,76,1457.25,0.7925887802367473,True
pubmed_gcnii16,4,R3_MOSAIC_ANCHOR,32,34,64,893.0,13.518886679920476,1155.0,3932,322.5,61,1276.5,0.9048178613396005,True
pubmed_gcnii16,4,R3_MOSAIC_ANCHOR,32,54,64,1155.0,21.47117296222664,1155.0,3732,533.75,90,1778.75,0.6493323963457485,True
pubmed_gcnii16,4,R3_MOSAIC_ANCHOR,32,63,64,1155.0,25.04970178926441,1155.0,6216,458.75,95,1708.75,0.675932699341624,True
pubmed_gcnii16,4,R3_MOSAIC_ANCHOR,32,23,64,577.0,18.326693227091635,1155.0,2116,820.0,83,1480.0,0.7804054054054054,True
pubmed_gcnii16,4,R3_MOSAIC_ANCHOR,32,57,64,1155.0,22.664015904572565,1155.0,3628,1631.25,152,2938.25,0.3930911256700417,True
pubmed_gcnii16,4,R3_MOSAIC_ANCHOR,32,53,64,1155.0,21.073558648111334,1155.0,6312,362.5,78,1595.5,0.7239109996866187,True
pubmed_gcnii16,4,R3_MOSAIC_ANCHOR,32,61,64,1155.0,24.2544731610338,1155.0,4212,568.75,100,1823.75,0.6333104866346813,True
pubmed_gcnii16,4,R3_MOSAIC_ANCHOR,32,63,64,1155.0,25.04970178926441,1155.0,7132,437.5,95,1687.5,0.6844444444444444,True
pubmed_gcnii16,4,R3_MOSAIC_ANCHOR,32,58,64,1155.0,23.061630218687878,1155.0,6020,698.75,108,1961.75,0.5887600356824264,True
pubmed_gcnii16,4,R3_MOSAIC_ANCHOR,32,61,64,1155.0,24.2544731610338,1155.0,5568,695.0,109,1959.0,0.5895865237366003,True
pubmed_gcnii16,4,R3_MOSAIC_ANCHOR,32,54,64,1155.0,21.47117296222664,1155.0,4488,293.75,76,1524.75,0.7575012297097885,True
pubmed_gcnii16,4,R3_MOSAIC_ANCHOR,32,63,64,1155.0,25.04970178926441,1155.0,6244,383.75,89,1627.75,0.7095684226693288,True
pubmed_gcnii16,4,R3_MOSAIC_ANCHOR,32,38,64,893.0,15.109343936381707,1155.0,2748,591.25,83,1567.25,0.7369596426862338,True
pubmed_gcnii16,4,R3_MOSAIC_ANCHOR,32,47,64,1155.0,18.687872763419485,1155.0,2464,663.75,95,1913.75,0.6035271064663619,True
pubmed_gcnii16,4,R3_MOSAIC_ANCHOR,32,61,64,1155.0,24.2544731610338,1155.0,5112,503.75,96,1754.75,0.6582134207152016,True
pubmed_gcnii16,4,R3_MOSAIC_ANCHOR,32,63,64,1155.0,25.04970178926441,1155.0,6508,206.25,76,1437.25,0.8036180205253087,True
pubmed_gcnii16,4,R3_MOSAIC_ANCHOR,32,60,64,1155.0,23.856858846918488,1155.0,3420,352.5,86,1593.5,0.7248195795418889,True
pubmed_gcnii16,4,R3_MOSAIC_ANCHOR,32,37,64,893.0,14.711729622266402,1155.0,4236,297.5,62,1252.5,0.9221556886227545,True
pubmed_gcnii16,4,R3_MOSAIC_ANCHOR,32,63,64,1155.0,25.04970178926441,1155.0,6116,306.25,84,1545.25,0.7474518686296716,True
pubmed_gcnii16,4,R3_MOSAIC_ANCHOR,32,61,64,1155.0,24.2544731610338,1155.0,3556,842.5,116,2113.5,0.5464868701206529,True
pubmed_gcnii16,4,R3_MOSAIC_ANCHOR,32,61,64,1155.0,24.2544731610338,1155.0,4976,727.5,112,1994.5,0.5790925043870644,True
pubmed_gcnii16,4,R3_MOSAIC_ANCHOR,32,63,64,1155.0,25.04970178926441,1155.0,6312,381.25,90,1626.25,0.7102229054573405,True
pubmed_gcnii16,4,R3_MOSAIC_ANCHOR,32,63,64,1155.0,25.04970178926441,1155.0,5264,750.0,109,2014.0,0.5734856007944389,True
pubmed_gcnii16,4,R3_MOSAIC_ANCHOR,32,63,64,1155.0,25.04970178926441,1155.0,4144,558.75,101,1814.75,0.6364513018322083,True
pubmed_gcnii16,4,R3_MOSAIC_ANCHOR,32,57,64,1155.0,22.664015904572565,1155.0,6012,305.0,79,1539.0,0.7504873294346979,True
pubmed_gcnii16,4,R3_MOSAIC_ANCHOR,32,51,64,1155.0,20.27833001988072,1155.0,4112,231.25,70,1456.25,0.7931330472103004,True
pubmed_gcnii16,4,R3_MOSAIC_ANCHOR,32,63,64,1155.0,25.04970178926441,1155.0,6092,363.75,88,1606.75,0.7188423836937918,True
pubmed_gcnii16,4,R3_MOSAIC_ANCHOR,32,48,64,1155.0,19.08548707753479,1155.0,4360,332.5,73,1560.5,0.7401473886574815,True
pubmed_gcnii16,4,R3_MOSAIC_ANCHOR,32,49,64,1155.0,19.4831013916501,1155.0,4508,242.5,68,1465.5,0.7881269191402251,True
pubmed_gcnii16,4,R3_MOSAIC_ANCHOR,32,61,64,1155.0,24.2544731610338,1155.0,4340,258.75,78,1491.75,0.7742584213172449,True
pubmed_gcnii16,4,R3_MOSAIC_ANCHOR,32,37,64,893.0,14.711729622266402,1155.0,4052,322.5,64,1279.5,0.902696365767878,True
pubmed_gcnii16,4,R3_MOSAIC_ANCHOR,32,63,64,1155.0,25.04970178926441,1155.0,4784,192.5,75,1422.5,0.81195079086116,True
pubmed_gcnii16,4,R3_MOSAIC_ANCHOR,32,57,64,1155.0,22.664015904572565,1155.0,4608,266.25,76,1497.25,0.7714142594757054,True
pubmed_gcnii16,4,R3_MOSAIC_ANCHOR,32,37,64,893.0,14.711729622266402,1155.0,4304,221.25,56,1170.25,0.9869685964537492,True
pubmed_gcnii16,4,R3_MOSAIC_ANCHOR,32,63,64,1155.0,25.04970178926441,1155.0,4192,203.75,76,1434.75,0.8050182958703607,True
pubmed_gcnii16,4,R3_MOSAIC_ANCHOR,32,37,64,893.0,14.711729622266402,1155.0,4408,235.0,58,1186.0,0.9738617200674536,True
pubmed_gcnii16,4,R3_MOSAIC_ANCHOR,32,62,64,1155.0,24.652087475149106,1155.0,4412,232.5,78,1465.5,0.7881269191402251,True
pubmed_gcnii16,4,R3_MOSAIC_ANCHOR,32,63,64,1155.0,25.04970178926441,1155.0,5616,303.75,84,1542.75,0.7486631016042781,True
pubmed_gcnii16,4,R3_MOSAIC_ANCHOR,32,55,64,1155.0,21.868787276341948,1155.0,4500,380.0,84,1619.0,0.7134033353922175,True
pubmed_gcnii16,4,R3_MOSAIC_ANCHOR,32,52,64,1155.0,20.675944333996025,1155.0,4196,285.0,74,1514.0,0.7628797886393659,True
pubmed_gcnii16,4,R3_MOSAIC_ANCHOR,32,63,64,1155.0,25.04970178926441,1155.0,6800,210.0,77,1442.0,0.8009708737864077,True
pubmed_gcnii16,4,R3_MOSAIC_ANCHOR,32,40,64,893.0,15.904572564612328,1155.0,4384,220.0,59,1172.0,0.985494880546075,True
pubmed_gcnii16,4,R3_MOSAIC_ANCHOR,32,43,64,1155.0,17.09741550695825,1155.0,4044,253.75,65,1473.75,0.7837150127226463,True
pubmed_gcnii16,4,R3_MOSAIC_ANCHOR,32,38,64,893.0,15.109343936381707,1155.0,4544,162.5,53,1108.5,1.0419485791610283,True
pubmed_gcnii16,4,R3_MOSAIC_ANCHOR,32,63,64,1155.0,25.04970178926441,1155.0,6420,321.25,86,1562.25,0.7393182909265482,True
pubmed_gcnii16,4,R3_MOSAIC_ANCHOR,32,57,64,1155.0,22.664015904572565,1155.0,3692,687.5,104,1946.5,0.5933727202671462,True
pubmed_gcnii16,4,R3_MOSAIC_ANCHOR,32,63,64,1155.0,25.04970178926441,1155.0,6232,435.0,95,1685.0,0.685459940652819,True
pubmed_gcnii16,4,R3_MOSAIC_ANCHOR,32,62,64,1155.0,24.652087475149106,1155.0,6092,432.5,92,1679.5,0.687704674010122,True
pubmed_gcnii16,4,R3_MOSAIC_ANCHOR,32,42,64,1155.0,16.69980119284294,1155.0,4280,247.5,64,1466.5,0.7875894988066826,True
pubmed_gcnii16,4,R3_MOSAIC_ANCHOR,32,51,64,1155.0,20.27833001988072,1155.0,4456,408.75,82,1645.75,0.7018076864651375,True
pubmed_gcnii16,4,R3_MOSAIC_ANCHOR,32,57,64,1155.0,22.664015904572565,1155.0,5084,581.25,99,1835.25,0.6293420514916224,True
pubmed_gcnii16,4,R3_MOSAIC_ANCHOR,32,39,64,893.0,15.506958250497018,1155.0,4088,176.25,55,1124.25,1.027351567711808,True
pubmed_gcnii16,4,R3_MOSAIC_ANCHOR,32,63,64,1155.0,25.04970178926441,1155.0,6832,228.75,78,1461.75,0.7901487942534633,True
pubmed_gcnii16,4,R3_MOSAIC_ANCHOR,32,62,64,1155.0,24.652087475149106,1155.0,4516,181.25,73,1409.25,0.8195848855774348,True
pubmed_gcnii16,4,R3_MOSAIC_ANCHOR,32,62,64,1155.0,24.652087475149106,1155.0,4656,168.75,72,1395.75,0.8275120902740463,True
pubmed_gcnii16,4,R3_MOSAIC_ANCHOR,32,61,64,1155.0,24.2544731610338,1155.0,4780,285.0,80,1520.0,0.7598684210526315,True
pubmed_gcnii16,4,R3_MOSAIC_ANCHOR,32,61,64,1155.0,24.2544731610338,1155.0,4196,270.0,78,1503.0,0.7684630738522954,True
pubmed_gcnii16,4,R3_MOSAIC_ANCHOR,32,56,64,1155.0,22.266401590457257,1155.0,4384,300.0,78,1533.0,0.7534246575342466,True
pubmed_gcnii16,4,R3_MOSAIC_ANCHOR,32,63,64,1155.0,25.04970178926441,1155.0,6404,453.75,95,1703.75,0.677916360968452,True
pubmed_gcnii16,4,R3_MOSAIC_ANCHOR,32,62,64,1155.0,24.652087475149106,1155.0,4884,320.0,84,1559.0,0.7408595253367544,True
pubmed_gcnii16,4,R3_MOSAIC_ANCHOR,32,50,64,1155.0,19.880715705765407,1155.0,3160,711.25,104,1970.25,0.5862200228397412,True
pubmed_gcnii16,4,R3_MOSAIC_ANCHOR,32,60,64,1155.0,23.856858846918488,1155.0,4896,201.25,74,1430.25,0.8075511274252754,True
pubmed_gcnii16,4,R3_MOSAIC_ANCHOR,32,63,64,1155.0,25.04970178926441,1155.0,5028,266.25,80,1501.25,0.7693588676103247,True
pubmed_gcnii16,4,R3_MOSAIC_ANCHOR,32,33,64,893.0,13.121272365805169,1155.0,4028,241.25,55,1189.25,0.9712003363464369,True
pubmed_gcnii16,4,R3_MOSAIC_ANCHOR,32,60,64,1155.0,23.856858846918488,1155.0,3880,543.75,98,1796.75,0.6428273271184083,True
pubmed_gcnii16,4,R3_MOSAIC_ANCHOR,32,59,64,1155.0,23.45924453280318,1155.0,4332,292.5,80,1527.5,0.7561374795417348,True
pubmed_gcnii16,4,R3_MOSAIC_ANCHOR,32,39,64,893.0,15.506958250497018,1155.0,4152,357.5,68,1318.5,0.875995449374289,True
pubmed_gcnii16,4,R3_MOSAIC_ANCHOR,32,59,64,1155.0,23.45924453280318,1155.0,4772,221.25,74,1450.25,0.7964144113083951,True
pubmed_gcnii16,4,R3_MOSAIC_ANCHOR,32,59,64,1155.0,23.45924453280318,1155.0,4720,217.5,74,1446.5,0.7984790874524715,True
pubmed_gcnii16,4,R3_MOSAIC_ANCHOR,32,54,64,1155.0,21.47117296222664,1155.0,4432,243.75,72,1470.75,0.7853136155022947,True
pubmed_gcnii16,4,R3_MOSAIC_ANCHOR,32,63,64,1155.0,25.04970178926441,1155.0,6720,213.75,77,1445.75,0.798893307971641,True
pubmed_gcnii16,4,R3_MOSAIC_ANCHOR,32,55,64,1155.0,21.868787276341948,1155.0,4296,282.5,77,1514.5,0.7626279300099043,True
pubmed_gcnii16,4,R3_MOSAIC_ANCHOR,32,46,64,1155.0,18.290258449304176,1155.0,4004,253.75,66,1474.75,0.7831835904390575,True
pubmed_gcnii16,4,R3_MOSAIC_ANCHOR,32,60,64,1155.0,23.856858846918488,1155.0,6936,197.5,73,1425.5,0.810242020343739,True
pubmed_gcnii16,4,R3_MOSAIC_ANCHOR,32,50,64,1155.0,19.880715705765407,1155.0,4568,543.75,88,1786.75,0.6464250734573947,True
pubmed_gcnii16,4,R3_MOSAIC_ANCHOR,32,63,64,1155.0,25.04970178926441,1155.0,7252,538.75,100,1793.75,0.6439024390243903,True
pubmed_gcnii16,4,R3_MOSAIC_ANCHOR,32,52,64,1155.0,20.675944333996025,1155.0,4264,346.25,79,1580.25,0.7308970099667774,True
pubmed_gcnii16,4,R3_MOSAIC_ANCHOR,32,51,64,1155.0,20.27833001988072,1155.0,5612,337.5,76,1568.5,0.7363723302518329,True
pubmed_gcnii16,4,R3_MOSAIC_ANCHOR,32,39,64,893.0,15.506958250497018,1155.0,4200,386.25,69,1348.25,0.8566660485814945,True
pubmed_gcnii16,4,R3_MOSAIC_ANCHOR,32,63,64,1155.0,25.04970178926441,1155.0,6844,421.25,93,1669.25,0.6919275123558485,True
pubmed_gcnii16,4,R3_MOSAIC_ANCHOR,32,63,64,1155.0,25.04970178926441,1155.0,5752,281.25,82,1518.25,0.760744277951589,True
pubmed_gcnii16,4,R3_MOSAIC_ANCHOR,32,62,64,1155.0,24.652087475149106,1155.0,6284,361.25,87,1603.25,0.7204116638078902,True
pubmed_gcnii16,4,R3_MOSAIC_ANCHOR,32,63,64,1155.0,25.04970178926441,1155.0,5108,487.5,94,1736.5,0.6651310106536136,True
pubmed_gcnii16,4,R3_MOSAIC_ANCHOR,32,56,64,1155.0,22.266401590457257,1155.0,4708,785.0,108,2048.0,0.56396484375,True
pubmed_gcnii16,4,R3_MOSAIC_ANCHOR,32,63,64,1155.0,25.04970178926441,1155.0,7024,198.75,75,1428.75,0.8083989501312336,True
pubmed_gcnii16,4,R3_MOSAIC_ANCHOR,32,63,64,1155.0,25.04970178926441,1155.0,6948,158.75,71,1384.75,0.8340855750135403,True
pubmed_gcnii16,4,R3_MOSAIC_ANCHOR,32,63,64,1155.0,25.04970178926441,1155.0,6108,481.25,97,1733.25,0.6663781912591952,True
pubmed_gcnii16,4,R3_MOSAIC_ANCHOR,32,57,64,1155.0,22.664015904572565,1155.0,5908,401.25,87,1643.25,0.7028753993610224,True
pubmed_gcnii16,4,R3_MOSAIC_ANCHOR,32,63,64,1155.0,25.04970178926441,1155.0,6620,265.0,80,1500.0,0.77,True
pubmed_gcnii16,4,R3_MOSAIC_ANCHOR,32,54,64,1155.0,21.47117296222664,1155.0,6844,110.0,61,1326.0,0.8710407239819005,True
pubmed_gcnii16,4,R3_MOSAIC_ANCHOR,32,63,64,1155.0,25.04970178926441,1155.0,6912,440.0,93,1688.0,0.6842417061611374,True
pubmed_gcnii16,4,R3_MOSAIC_ANCHOR,32,55,64,1155.0,21.868787276341948,1155.0,5640,402.5,84,1641.5,0.7036247334754797,True
pubmed_gcnii16,4,R3_MOSAIC_ANCHOR,32,52,64,1155.0,20.675944333996025,1155.0,6232,278.75,73,1506.75,0.7665505226480837,True
pubmed_gcnii16,4,R3_MOSAIC_ANCHOR,32,52,64,1155.0,20.675944333996025,1155.0,5880,393.75,82,1630.75,0.7082630691399663,True
pubmed_gcnii16,4,R3_MOSAIC_ANCHOR,32,48,64,1155.0,19.08548707753479,1155.0,4200,322.5,72,1549.5,0.7454017424975798,True
pubmed_gcnii16,4,R3_MOSAIC_ANCHOR,32,63,64,1155.0,25.04970178926441,1155.0,6948,481.25,96,1732.25,0.666762880646558,True
pubmed_gcnii16,4,R3_MOSAIC_ANCHOR,32,59,64,1155.0,23.45924453280318,1155.0,6832,198.75,72,1425.75,0.8100999473961074,True
pubmed_gcnii16,4,R3_MOSAIC_ANCHOR,32,63,64,1155.0,25.04970178926441,1155.0,6904,166.25,72,1393.25,0.828996949578324,True
pubmed_gcnii16,4,R3_MOSAIC_ANCHOR,32,63,64,1155.0,25.04970178926441,1155.0,6160,800.0,114,2069.0,0.5582406959884002,True
pubmed_gcnii16,4,R3_MOSAIC_ANCHOR,32,61,64,1155.0,24.2544731610338,1155.0,6636,561.25,103,1819.25,0.6348770097567679,True
pubmed_gcnii16,4,R3_MOSAIC_ANCHOR,32,60,64,1155.0,23.856858846918488,1155.0,5764,335.0,83,1573.0,0.7342657342657343,True
pubmed_gcnii16,4,R3_MOSAIC_ANCHOR,32,55,64,1155.0,21.868787276341948,1155.0,6748,122.5,63,1340.5,0.8616187989556136,True
pubmed_gcnii16,4,R3_MOSAIC_ANCHOR,32,60,64,1155.0,23.856858846918488,1155.0,5980,462.5,93,1710.5,0.6752411575562701,True
pubmed_gcnii16,4,R3_MOSAIC_ANCHOR,32,63,64,1155.0,25.04970178926441,1155.0,7040,270.0,81,1506.0,0.7669322709163346,True
pubmed_gcnii16,4,R3_MOSAIC_ANCHOR,32,55,64,1155.0,21.868787276341948,1155.0,5660,283.75,75,1513.75,0.7630057803468208,True
pubmed_gcnii16,4,R3_MOSAIC_ANCHOR,32,48,64,1155.0,19.08548707753479,1155.0,4196,322.5,73,1550.5,0.744920993227991,True
pubmed_gcnii16,4,R3_MOSAIC_ANCHOR,32,63,64,1155.0,25.04970178926441,1155.0,6372,358.75,88,1601.75,0.721086311846418,True
pubmed_gcnii16,4,R3_MOSAIC_ANCHOR,32,61,64,1155.0,24.2544731610338,1155.0,4772,825.0,117,2097.0,0.5507868383404864,True
pubmed_gcnii16,4,R3_MOSAIC_ANCHOR,32,33,64,893.0,13.121272365805169,1155.0,2492,536.25,74,1503.25,0.7683352735739232,True
pubmed_gcnii16,4,R3_MOSAIC_ANCHOR,32,41,64,1155.0,16.302186878727635,1155.0,4472,247.5,62,1464.5,0.7886650734038921,True
pubmed_gcnii16,4,R3_MOSAIC_ANCHOR,32,63,64,1155.0,25.04970178926441,1155.0,5672,566.25,101,1822.25,0.6338318013444917,True
pubmed_gcnii16,4,R3_MOSAIC_ANCHOR,32,41,64,1155.0,16.302186878727635,1155.0,3688,645.0,87,1887.0,0.6120826709062003,True
pubmed_gcnii16,4,R3_MOSAIC_ANCHOR,32,23,64,577.0,18.326693227091635,1155.0,2016,723.75,77,1377.75,0.8383233532934131,True
pubmed_gcnii16,4,R3_MOSAIC_ANCHOR,32,58,64,1155.0,23.061630218687878,1155.0,2576,540.0,96,1791.0,0.644891122278057,True
pubmed_gcnii16,4,R3_MOSAIC_ANCHOR,32,61,64,1155.0,24.2544731610338,1155.0,4564,601.25,98,1854.25,0.6228933531077255,True
pubmed_gcnii16,4,R3_MOSAIC_ANCHOR,32,32,64,577.0,25.49800796812749,1155.0,3072,495.0,74,1146.0,1.0078534031413613,True
pubmed_gcnii16,4,R3_MOSAIC_ANCHOR,32,54,64,1155.0,21.47117296222664,1155.0,2300,433.75,85,1673.75,0.690067214339059,True
pubmed_gcnii16,4,R3_MOSAIC_ANCHOR,32,58,64,1155.0,23.061630218687878,1155.0,4140,277.5,77,1509.5,0.7651540245114277,True
pubmed_gcnii16,4,R3_MOSAIC_ANCHOR,32,61,64,1155.0,24.2544731610338,1155.0,5052,331.25,83,1569.25,0.7360203919069619,True
pubmed_gcnii16,4,R3_MOSAIC_ANCHOR,32,52,64,1155.0,20.675944333996025,1155.0,2204,468.75,85,1708.75,0.675932699341624,True
pubmed_gcnii16,4,R3_MOSAIC_ANCHOR,32,41,64,1155.0,16.302186878727635,1155.0,3424,472.5,78,1705.5,0.6772207563764292,True
pubmed_gcnii16,4,R3_MOSAIC_ANCHOR,32,61,64,1155.0,24.2544731610338,1155.0,4968,230.0,76,1461.0,0.7905544147843943,True
pubmed_gcnii16,4,R3_MOSAIC_ANCHOR,32,62,64,1155.0,24.652087475149106,1155.0,7000,227.5,77,1459.5,0.7913669064748201,True
pubmed_gcnii16,4,R3_MOSAIC_ANCHOR,32,63,64,1155.0,25.04970178926441,1155.0,5152,276.25,82,1513.25,0.7632578886502561,True
pubmed_gcnii16,4,R3_MOSAIC_ANCHOR,32,34,64,893.0,13.518886679920476,1155.0,3928,178.75,51,1122.75,1.0287241148964597,True
pubmed_gcnii16,4,R3_MOSAIC_ANCHOR,32,38,64,893.0,15.109343936381707,1155.0,4508,173.75,54,1120.75,1.0305598929288422,True
pubmed_gcnii16,4,R3_MOSAIC_ANCHOR,32,61,64,1155.0,24.2544731610338,1155.0,4176,465.0,94,1714.0,0.6738623103850642,True
pubmed_gcnii16,4,R3_MOSAIC_ANCHOR,32,60,64,1155.0,23.856858846918488,1155.0,4668,182.5,71,1408.5,0.820021299254526,True
pubmed_gcnii16,4,R3_MOSAIC_ANCHOR,32,33,64,893.0,13.121272365805169,1155.0,3988,285.0,58,1236.0,0.9344660194174758,True
pubmed_gcnii16,4,R3_MOSAIC_ANCHOR,32,63,64,1155.0,25.04970178926441,1155.0,4504,293.75,82,1530.75,0.7545320921117099,True
pubmed_gcnii16,4,R3_MOSAIC_ANCHOR,32,59,64,1155.0,23.45924453280318,1155.0,6136,362.5,84,1601.5,0.7211988760536997,True
pubmed_gcnii16,4,R3_MOSAIC_ANCHOR,32,61,64,1155.0,24.2544731610338,1155.0,4828,250.0,77,1482.0,0.7793522267206477,True
pubmed_gcnii16,4,R3_MOSAIC_ANCHOR,32,61,64,1155.0,24.2544731610338,1155.0,3372,356.25,86,1597.25,0.7231178588198466,True
pubmed_gcnii16,4,R3_MOSAIC_ANCHOR,32,61,64,1155.0,24.2544731610338,1155.0,4504,303.75,82,1540.75,0.7496349180593866,True
pubmed_gcnii16,4,R3_MOSAIC_ANCHOR,32,63,64,1155.0,25.04970178926441,1155.0,6376,338.75,86,1579.75,0.7311283430922614,True
pubmed_gcnii16,4,R3_MOSAIC_ANCHOR,32,63,64,1155.0,25.04970178926441,1155.0,5440,485.0,93,1733.0,0.6664743219849971,True
pubmed_gcnii16,4,R3_MOSAIC_ANCHOR,32,33,64,893.0,13.121272365805169,1155.0,3796,246.25,55,1194.25,0.967134184634708,True
pubmed_gcnii16,4,R3_MOSAIC_ANCHOR,32,63,64,1155.0,25.04970178926441,1155.0,5440,317.5,83,1555.5,0.742526518804243,True
pubmed_gcnii16,4,R3_MOSAIC_ANCHOR,32,34,64,893.0,13.518886679920476,1155.0,4016,205.0,52,1150.0,1.0043478260869565,True
pubmed_gcnii16,4,R3_MOSAIC_ANCHOR,32,33,64,893.0,13.121272365805169,1155.0,3448,356.25,65,1314.25,0.8788282290279628,True
pubmed_gcnii16,4,R3_MOSAIC_ANCHOR,32,63,64,1155.0,25.04970178926441,1155.0,5016,173.75,72,1400.75,0.8245582723540961,True
pubmed_gcnii16,4,R3_MOSAIC_ANCHOR,32,52,64,1155.0,20.675944333996025,1155.0,4640,311.25,76,1542.25,0.748905819419679,True
pubmed_gcnii16,4,R3_MOSAIC_ANCHOR,32,63,64,1155.0,25.04970178926441,1155.0,6964,271.25,81,1507.25,0.76629623486482,True
pubmed_gcnii16,4,R3_MOSAIC_ANCHOR,32,34,64,893.0,13.518886679920476,1155.0,3988,218.75,54,1165.75,0.9907784687969119,True
pubmed_gcnii16,4,R3_MOSAIC_ANCHOR,32,39,64,893.0,15.506958250497018,1155.0,3148,513.75,78,1484.75,0.7779087388449234,True
pubmed_gcnii16,4,R3_MOSAIC_ANCHOR,32,33,64,893.0,13.121272365805169,1155.0,3776,273.75,58,1224.75,0.9430496019595835,True
pubmed_gcnii16,4,R3_MOSAIC_ANCHOR,32,63,64,1155.0,25.04970178926441,1155.0,6632,307.5,85,1547.5,0.7463651050080775,True
pubmed_gcnii16,4,R3_MOSAIC_ANCHOR,32,63,64,1155.0,25.04970178926441,1155.0,4992,783.75,109,2047.75,0.5640336955194726,True
pubmed_gcnii16,4,R3_MOSAIC_ANCHOR,32,62,64,1155.0,24.652087475149106,1155.0,5240,237.5,76,1468.5,0.7865168539325843,True
pubmed_gcnii16,4,R3_MOSAIC_ANCHOR,32,40,64,893.0,15.904572564612328,1155.0,4396,343.75,68,1304.75,0.8852270549913777,True
pubmed_gcnii16,4,R3_MOSAIC_ANCHOR,32,63,64,1155.0,25.04970178926441,1155.0,7088,257.5,80,1492.5,0.7738693467336684,True
pubmed_gcnii16,4,R3_MOSAIC_ANCHOR,32,51,64,1155.0,20.27833001988072,1155.0,3660,481.25,88,1724.25,0.6698564593301436,True
pubmed_gcnii16,4,R3_MOSAIC_ANCHOR,32,38,64,893.0,15.109343936381707,1155.0,4088,308.75,63,1264.75,0.913223957303815,True
pubmed_gcnii16,4,R3_MOSAIC_ANCHOR,32,61,64,1155.0,24.2544731610338,1155.0,5440,392.5,88,1635.5,0.7062060531947417,True
pubmed_gcnii16,4,R3_MOSAIC_ANCHOR,32,63,64,1155.0,25.04970178926441,1155.0,6812,266.25,81,1502.25,0.7688467299051422,True
pubmed_gcnii16,4,R3_MOSAIC_ANCHOR,32,37,64,893.0,14.711729622266402,1155.0,4052,397.5,69,1359.5,0.8495770503861714,True
pubmed_gcnii16,4,R3_MOSAIC_ANCHOR,32,61,64,1155.0,24.2544731610338,1155.0,3588,540.0,98,1793.0,0.6441717791411042,True
pubmed_gcnii16,4,R3_MOSAIC_ANCHOR,32,61,64,1155.0,24.2544731610338,1155.0,4824,317.5,83,1555.5,0.742526518804243,True
pubmed_gcnii16,4,R3_MOSAIC_ANCHOR,32,58,64,1155.0,23.061630218687878,1155.0,2980,580.0,97,1832.0,0.6304585152838428,True
pubmed_gcnii16,4,R3_MOSAIC_ANCHOR,32,39,64,893.0,15.506958250497018,1155.0,4008,301.25,64,1258.25,0.9179415855354659,True
pubmed_gcnii16,4,R3_MOSAIC_ANCHOR,32,28,64,577.0,22.310756972111555,1155.0,3364,225.0,50,852.0,1.3556338028169015,True
pubmed_gcnii16,4,R3_MOSAIC_ANCHOR,32,63,64,1155.0,25.04970178926441,1155.0,4928,128.75,69,1352.75,0.8538163001293662,True
pubmed_gcnii16,4,R3_MOSAIC_ANCHOR,32,35,64,893.0,13.916500994035784,1155.0,3788,270.0,59,1222.0,0.9451718494271686,True
pubmed_gcnii16,4,R3_MOSAIC_ANCHOR,32,63,64,1155.0,25.04970178926441,1155.0,4548,252.5,79,1486.5,0.7769929364278506,True
pubmed_gcnii16,4,R3_MOSAIC_ANCHOR,32,56,64,1155.0,22.266401590457257,1155.0,2940,411.25,86,1652.25,0.699046754425783,True
pubmed_gcnii16,4,R3_MOSAIC_ANCHOR,32,63,64,1155.0,25.04970178926441,1155.0,5040,318.75,83,1556.75,0.7419303035169423,True
pubmed_gcnii16,4,R3_MOSAIC_ANCHOR,32,63,64,1155.0,25.04970178926441,1155.0,3976,290.0,82,1527.0,0.756385068762279,True
pubmed_gcnii16,4,R3_MOSAIC_ANCHOR,32,36,64,893.0,14.314115308151091,1155.0,4032,176.25,52,1121.25,1.0301003344481605,True
pubmed_gcnii16,4,R3_MOSAIC_ANCHOR,32,32,64,577.0,25.49800796812749,1155.0,2984,372.5,65,1014.5,1.1384918679152292,True
pubmed_gcnii16,4,R3_MOSAIC_ANCHOR,32,60,64,1155.0,23.856858846918488,1155.0,3420,267.5,79,1501.5,0.7692307692307693,True
pubmed_gcnii16,4,R3_MOSAIC_ANCHOR,32,61,64,1155.0,24.2544731610338,1155.0,4668,376.25,87,1618.25,0.7137339718832072,True
pubmed_gcnii16,4,R3_MOSAIC_ANCHOR,32,47,64,1155.0,18.687872763419485,1155.0,2236,465.0,82,1702.0,0.6786133960047004,True
pubmed_gcnii16,4,R3_MOSAIC_ANCHOR,32,31,64,577.0,24.701195219123505,1155.0,2616,323.75,61,961.75,1.2009357941252925,True
pubmed_gcnii16,4,R3_MOSAIC_ANCHOR,32,63,64,1155.0,25.04970178926441,1155.0,6520,361.25,89,1605.25,0.7195140943778228,True
pubmed_gcnii16,4,R3_MOSAIC_ANCHOR,32,35,64,893.0,13.916500994035784,1155.0,4040,231.25,56,1180.25,0.9786062274941749,True
pubmed_gcnii16,4,R3_MOSAIC_ANCHOR,32,52,64,1155.0,20.675944333996025,1155.0,4328,527.5,90,1772.5,0.6516220028208745,True
pubmed_gcnii16,4,R3_MOSAIC_ANCHOR,32,40,64,893.0,15.904572564612328,1155.0,3680,516.25,80,1489.25,0.7755581668625147,True
pubmed_gcnii16,4,R3_MOSAIC_ANCHOR,32,63,64,1155.0,25.04970178926441,1155.0,7504,296.25,82,1533.25,0.7533018098809718,True
pubmed_gcnii16,4,R3_MOSAIC_ANCHOR,32,36,64,893.0,14.314115308151091,1155.0,3496,372.5,68,1333.5,0.8661417322834646,True
pubmed_gcnii16,4,R3_MOSAIC_ANCHOR,32,63,64,1155.0,25.04970178926441,1155.0,5820,363.75,88,1606.75,0.7188423836937918,True
pubmed_gcnii16,4,R3_MOSAIC_ANCHOR,32,63,64,1155.0,25.04970178926441,1155.0,5768,667.5,106,1928.5,0.5989110707803993,True
pubmed_gcnii16,4,R3_MOSAIC_ANCHOR,32,61,64,1155.0,24.2544731610338,1155.0,4488,201.25,74,1430.25,0.8075511274252754,True
pubmed_gcnii16,4,R3_MOSAIC_ANCHOR,32,63,64,1155.0,25.04970178926441,1155.0,6712,297.5,83,1535.5,0.7521979811136438,True
pubmed_gcnii16,4,R3_MOSAIC_ANCHOR,32,58,64,1155.0,23.061630218687878,1155.0,3960,95.0,63,1313.0,0.8796648895658796,True
pubmed_gcnii16,4,R3_MOSAIC_ANCHOR,32,63,64,1155.0,25.04970178926441,1155.0,5976,203.75,75,1433.75,0.8055797733217088,True
pubmed_gcnii16,4,R3_MOSAIC_ANCHOR,32,36,64,893.0,14.314115308151091,1155.0,4248,295.0,61,1249.0,0.9247397918334668,True
pubmed_gcnii16,4,R3_MOSAIC_ANCHOR,32,57,64,1155.0,22.664015904572565,1155.0,4056,130.0,65,1350.0,0.8555555555555555,True
pubmed_gcnii16,4,R3_MOSAIC_ANCHOR,32,45,64,1155.0,17.892644135188867,1155.0,4516,277.5,68,1500.5,0.7697434188603799,True
pubmed_gcnii16,4,R3_MOSAIC_ANCHOR,32,57,64,1155.0,22.664015904572565,1155.0,4248,186.25,69,1410.25,0.8190037227441943,True
pubmed_gcnii16,4,R3_MOSAIC_ANCHOR,32,43,64,1155.0,17.09741550695825,1155.0,4556,390.0,75,1620.0,0.7129629629629629,True
pubmed_gcnii16,4,R3_MOSAIC_ANCHOR,32,63,64,1155.0,25.04970178926441,1155.0,6208,423.75,93,1671.75,0.6908927770300584,True
pubmed_gcnii16,4,R3_MOSAIC_ANCHOR,32,36,64,893.0,14.314115308151091,1155.0,4352,161.25,51,1105.25,1.045012440624293,True
pubmed_gcnii16,4,R3_MOSAIC_ANCHOR,32,35,64,893.0,13.916500994035784,1155.0,3896,126.25,48,1067.25,1.0822206605762474,True
pubmed_gcnii16,4,R3_MOSAIC_ANCHOR,32,60,64,1155.0,23.856858846918488,1155.0,4932,188.75,72,1415.75,0.8158220024721878,True
pubmed_gcnii16,4,R3_MOSAIC_ANCHOR,32,54,64,1155.0,21.47117296222664,1155.0,4268,296.25,77,1528.25,0.7557663994765255,True
pubmed_gcnii16,4,R3_MOSAIC_ANCHOR,32,44,64,1155.0,17.495029821073558,1155.0,4348,325.0,69,1549.0,0.7456423499031634,True
pubmed_gcnii16,4,R3_MOSAIC_ANCHOR,32,36,64,893.0,14.314115308151091,1155.0,4208,317.5,63,1273.5,0.9069493521790342,True
pubmed_gcnii16,4,R3_MOSAIC_ANCHOR,32,49,64,1155.0,19.4831013916501,1155.0,4160,247.5,70,1472.5,0.7843803056027164,True
pubmed_gcnii16,4,R3_MOSAIC_ANCHOR,32,38,64,893.0,15.109343936381707,1155.0,3752,561.25,83,1537.25,0.7513416815742398,True
pubmed_gcnii16,4,R3_MOSAIC_ANCHOR,32,63,64,1155.0,25.04970178926441,1155.0,6344,463.75,97,1715.75,0.6731749963572782,True
pubmed_gcnii16,4,R3_MOSAIC_ANCHOR,32,41,64,1155.0,16.302186878727635,1155.0,4480,297.5,64,1516.5,0.76162215628091,True
pubmed_gcnii16,4,R3_MOSAIC_ANCHOR,32,36,64,893.0,14.314115308151091,1155.0,4056,353.75,66,1312.75,0.8798324128737384,True
pubmed_gcnii16,4,R3_MOSAIC_ANCHOR,32,63,64,1155.0,25.04970178926441,1155.0,6204,338.75,86,1579.75,0.7311283430922614,True
pubmed_gcnii16,4,R3_MOSAIC_ANCHOR,32,49,64,1155.0,19.4831013916501,1155.0,4432,236.25,68,1459.25,0.7915024841528182,True
pubmed_gcnii16,4,R3_MOSAIC_ANCHOR,32,33,64,893.0,13.121272365805169,1155.0,3856,102.5,44,1039.5,1.1111111111111112,True
pubmed_gcnii16,4,R3_MOSAIC_ANCHOR,32,61,64,1155.0,24.2544731610338,1155.0,3980,335.0,83,1573.0,0.7342657342657343,True
pubmed_gcnii16,4,R3_MOSAIC_ANCHOR,32,44,64,1155.0,17.495029821073558,1155.0,4156,225.0,63,1443.0,0.8004158004158004,True
pubmed_gcnii16,4,R3_MOSAIC_ANCHOR,32,63,64,1155.0,25.04970178926441,1155.0,4976,191.25,73,1419.25,0.813810110974106,True
pubmed_gcnii16,4,R3_MOSAIC_ANCHOR,32,36,64,893.0,14.314115308151091,1155.0,4172,345.0,64,1302.0,0.8870967741935484,True
pubmed_gcnii16,4,R3_MOSAIC_ANCHOR,32,38,64,893.0,15.109343936381707,1155.0,3900,158.75,52,1103.75,1.0464326160815403,True
pubmed_gcnii16,4,R3_MOSAIC_ANCHOR,32,63,64,1155.0,25.04970178926441,1155.0,5624,425.0,94,1674.0,0.6899641577060932,True
pubmed_gcnii16,4,R3_MOSAIC_ANCHOR,32,37,64,893.0,14.711729622266402,1155.0,3876,91.25,46,1030.25,1.1210871147779664,True
pubmed_gcnii16,4,R3_MOSAIC_ANCHOR,32,37,64,893.0,14.711729622266402,1155.0,4316,202.5,55,1150.5,1.0039113428943938,True
pubmed_gcnii16,4,R3_MOSAIC_ANCHOR,32,55,64,1155.0,21.868787276341948,1155.0,6372,213.75,70,1438.75,0.8027801911381407,True
pubmed_gcnii16,4,R3_MOSAIC_ANCHOR,32,44,64,1155.0,17.495029821073558,1155.0,4156,263.75,65,1483.75,0.7784330244313395,True
pubmed_gcnii16,4,R3_MOSAIC_ANCHOR,32,63,64,1155.0,25.04970178926441,1155.0,7168,391.25,91,1637.25,0.7054512139257902,True
pubmed_gcnii16,4,R3_MOSAIC_ANCHOR,32,60,64,1155.0,23.856858846918488,1155.0,5752,335.0,83,1573.0,0.7342657342657343,True
pubmed_gcnii16,4,R3_MOSAIC_ANCHOR,32,53,64,1155.0,21.073558648111334,1155.0,5644,360.0,79,1594.0,0.7245922208281054,True
pubmed_gcnii16,4,R3_MOSAIC_ANCHOR,32,63,64,1155.0,25.04970178926441,1155.0,6700,353.75,85,1593.75,0.7247058823529412,True
pubmed_gcnii16,4,R3_MOSAIC_ANCHOR,32,63,64,1155.0,25.04970178926441,1155.0,5804,703.75,105,1963.75,0.5881604073838319,True
pubmed_gcnii16,4,R3_MOSAIC_ANCHOR,32,62,64,1155.0,24.652087475149106,1155.0,5916,603.75,103,1861.75,0.620384047267356,True
pubmed_gcnii16,4,R3_MOSAIC_ANCHOR,32,60,64,1155.0,23.856858846918488,1155.0,5696,488.75,94,1737.75,0.6646525679758308,True
pubmed_gcnii16,4,R3_MOSAIC_ANCHOR,32,63,64,1155.0,25.04970178926441,1155.0,5084,783.75,113,2051.75,0.5629340806628488,True
pubmed_gcnii16,4,R3_MOSAIC_ANCHOR,32,63,64,1155.0,25.04970178926441,1155.0,6976,337.5,86,1578.5,0.7317073170731707,True
pubmed_gcnii16,4,R3_MOSAIC_ANCHOR,32,54,64,1155.0,21.47117296222664,1155.0,6152,353.75,80,1588.75,0.7269866247049567,True
pubmed_gcnii16,4,R3_MOSAIC_ANCHOR,32,50,64,1155.0,19.880715705765407,1155.0,5660,420.0,82,1657.0,0.6970428485214243,True
pubmed_gcnii16,4,R3_MOSAIC_ANCHOR,32,63,64,1155.0,25.04970178926441,1155.0,7008,155.0,72,1382.0,0.8357452966714906,True
pubmed_gcnii16,4,R3_MOSAIC_ANCHOR,32,61,64,1155.0,24.2544731610338,1155.0,6468,437.5,92,1684.5,0.6856634016028496,True
pubmed_gcnii16,4,R3_MOSAIC_ANCHOR,32,49,64,1155.0,19.4831013916501,1155.0,5632,468.75,84,1707.75,0.6763285024154589,True
pubmed_gcnii16,4,R3_MOSAIC_ANCHOR,32,63,64,1155.0,25.04970178926441,1155.0,4916,250.0,79,1484.0,0.7783018867924528,True
pubmed_gcnii16,4,R3_MOSAIC_ANCHOR,32,53,64,1155.0,21.073558648111334,1155.0,5896,393.75,82,1630.75,0.7082630691399663,True
pubmed_gcnii16,4,R3_MOSAIC_ANCHOR,32,63,64,1155.0,25.04970178926441,1155.0,5136,395.0,91,1641.0,0.7038391224862889,True
pubmed_gcnii16,4,R3_MOSAIC_ANCHOR,32,61,64,1155.0,24.2544731610338,1155.0,2948,370.0,87,1612.0,0.716501240694789,True
pubmed_gcnii16,4,R3_MOSAIC_ANCHOR,32,40,64,893.0,15.904572564612328,1155.0,4580,276.25,63,1232.25,0.9373097991479001,True
pubmed_gcnii16,4,R3_MOSAIC_ANCHOR,32,63,64,1155.0,25.04970178926441,1155.0,6996,341.25,88,1584.25,0.7290516017042765,True
pubmed_gcnii16,4,R3_MOSAIC_ANCHOR,32,42,64,1155.0,16.69980119284294,1155.0,4240,561.25,82,1798.25,0.6422911163631309,True
pubmed_gcnii16,4,R3_MOSAIC_ANCHOR,32,37,64,893.0,14.711729622266402,1155.0,3620,450.0,73,1416.0,0.815677966101695,True
pubmed_gcnii16,4,R3_MOSAIC_ANCHOR,32,33,64,893.0,13.121272365805169,1155.0,4016,223.75,54,1170.75,0.9865470852017937,True
pubmed_gcnii16,4,R3_MOSAIC_ANCHOR,32,63,64,1155.0,25.04970178926441,1155.0,6480,356.25,89,1600.25,0.721762224652398,True
pubmed_gcnii16,4,R3_MOSAIC_ANCHOR,32,55,64,1155.0,21.868787276341948,1155.0,4584,548.75,93,1796.75,0.6428273271184083,True
pubmed_gcnii16,4,R3_MOSAIC_ANCHOR,32,33,64,893.0,13.121272365805169,1155.0,3388,395.0,68,1356.0,0.8517699115044248,True
pubmed_gcnii16,4,R3_MOSAIC_ANCHOR,32,61,64,1155.0,24.2544731610338,1155.0,4884,240.0,76,1471.0,0.7851801495581238,True
pubmed_gcnii16,4,R3_MOSAIC_ANCHOR,32,54,64,1155.0,21.47117296222664,1155.0,6036,436.25,88,1679.25,0.6878070567217508,True
pubmed_gcnii16,4,R3_MOSAIC_ANCHOR,32,62,64,1155.0,24.652087475149106,1155.0,5592,297.5,83,1535.5,0.7521979811136438,True
pubmed_gcnii16,4,R3_MOSAIC_ANCHOR,32,40,64,893.0,15.904572564612328,1155.0,4320,331.25,68,1292.25,0.893789901334881,True
pubmed_gcnii16,4,R3_MOSAIC_ANCHOR,32,46,64,1155.0,18.290258449304176,1155.0,5584,505.0,85,1745.0,0.66189111747851,True
pubmed_gcnii16,4,R3_MOSAIC_ANCHOR,32,29,64,577.0,23.10756972111554,1155.0,3220,240.0,53,870.0,1.3275862068965518,True
pubmed_gcnii16,4,R3_MOSAIC_ANCHOR,32,63,64,1155.0,25.04970178926441,1155.0,4384,381.25,88,1624.25,0.7110974295828844,True
pubmed_gcnii16,4,R3_MOSAIC_ANCHOR,32,63,64,1155.0,25.04970178926441,1155.0,6336,321.25,86,1562.25,0.7393182909265482,True
pubmed_gcnii16,4,R3_MOSAIC_ANCHOR,32,61,64,1155.0,24.2544731610338,1155.0,5636,426.25,89,1670.25,0.691513246519982,True
pubmed_gcnii16,4,R3_MOSAIC_ANCHOR,32,63,64,1155.0,25.04970178926441,1155.0,3520,353.75,88,1596.75,0.72334429309535,True
pubmed_gcnii16,4,R3_MOSAIC_ANCHOR,32,63,64,1155.0,25.04970178926441,1155.0,6352,453.75,94,1702.75,0.6783144912641316,True
pubmed_gcnii16,4,R3_MOSAIC_ANCHOR,32,37,64,893.0,14.711729622266402,1155.0,4160,262.5,60,1215.5,0.9502262443438914,True
pubmed_gcnii16,4,R3_MOSAIC_ANCHOR,5,44,64,939.0,3.481012658227848,939.0,880,40.0,26,1005.0,0.9343283582089552,True
pubmed_gcnii16,8,R3_MOSAIC_ANCHOR,32,50,64,1155.0,19.880715705765407,1155.0,5628,276.25,69,1500.25,0.7698716880519914,True
pubmed_gcnii16,8,R3_MOSAIC_ANCHOR,32,63,64,1155.0,25.04970178926441,1155.0,4772,438.75,93,1686.75,0.6847487772343264,True
pubmed_gcnii16,8,R3_MOSAIC_ANCHOR,32,58,64,1155.0,23.061630218687878,1155.0,4616,276.25,78,1509.25,0.7652807685936723,True
pubmed_gcnii16,8,R3_MOSAIC_ANCHOR,32,63,64,1155.0,25.04970178926441,1155.0,6240,381.25,90,1626.25,0.7102229054573405,True
pubmed_gcnii16,8,R3_MOSAIC_ANCHOR,32,39,64,893.0,15.506958250497018,1155.0,4028,116.25,50,1059.25,1.0903941468019824,True
pubmed_gcnii16,8,R3_MOSAIC_ANCHOR,32,63,64,1155.0,25.04970178926441,1155.0,5788,376.25,87,1618.25,0.7137339718832072,True
pubmed_gcnii16,8,R3_MOSAIC_ANCHOR,32,56,64,1155.0,22.266401590457257,1155.0,3208,378.75,83,1616.75,0.7143961651461265,True
pubmed_gcnii16,8,R3_MOSAIC_ANCHOR,32,63,64,1155.0,25.04970178926441,1155.0,6220,421.25,92,1668.25,0.6923422748389031,True
pubmed_gcnii16,8,R3_MOSAIC_ANCHOR,32,36,64,893.0,14.314115308151091,1155.0,3920,95.0,45,1033.0,1.1181026137463699,True
pubmed_gcnii16,8,R3_MOSAIC_ANCHOR,32,46,64,1155.0,18.290258449304176,1155.0,5612,315.0,69,1539.0,0.7504873294346979,True
pubmed_gcnii16,8,R3_MOSAIC_ANCHOR,32,42,64,1155.0,16.69980119284294,1155.0,4028,242.5,63,1460.5,0.7908250599109894,True
pubmed_gcnii16,8,R3_MOSAIC_ANCHOR,32,63,64,1155.0,25.04970178926441,1155.0,6116,483.75,98,1736.75,0.665035267021736,True
pubmed_gcnii16,8,R3_MOSAIC_ANCHOR,32,59,64,1155.0,23.45924453280318,1155.0,5984,352.5,84,1591.5,0.7257304429783223,True
pubmed_gcnii16,8,R3_MOSAIC_ANCHOR,32,56,64,1155.0,22.266401590457257,1155.0,3280,246.25,72,1473.25,0.7839809944001358,True
pubmed_gcnii16,8,R3_MOSAIC_ANCHOR,32,63,64,1155.0,25.04970178926441,1155.0,5360,263.75,81,1499.75,0.7701283547257877,True
pubmed_gcnii16,8,R3_MOSAIC_ANCHOR,32,63,64,1155.0,25.04970178926441,1155.0,7020,390.0,89,1634.0,0.7068543451652387,True
pubmed_gcnii16,8,R3_MOSAIC_ANCHOR,32,63,64,1155.0,25.04970178926441,1155.0,4808,246.25,79,1480.25,0.7802736024320216,True
pubmed_gcnii16,8,R3_MOSAIC_ANCHOR,32,63,64,1155.0,25.04970178926441,1155.0,4712,408.75,90,1653.75,0.6984126984126984,True
pubmed_gcnii16,8,R3_MOSAIC_ANCHOR,32,54,64,1155.0,21.47117296222664,1155.0,5860,497.5,89,1741.5,0.6632213608957795,True
pubmed_gcnii16,8,R3_MOSAIC_ANCHOR,32,38,64,893.0,15.109343936381707,1155.0,2624,380.0,70,1343.0,0.8600148920327625,True
pubmed_gcnii16,8,R3_MOSAIC_ANCHOR,32,60,64,1155.0,23.856858846918488,1155.0,6312,476.25,90,1721.25,0.6710239651416122,True
pubmed_gcnii16,8,R3_MOSAIC_ANCHOR,32,63,64,1155.0,25.04970178926441,1155.0,3828,453.75,94,1702.75,0.6783144912641316,True
pubmed_gcnii16,8,R3_MOSAIC_ANCHOR,32,63,64,1155.0,25.04970178926441,1155.0,4716,353.75,86,1594.75,0.7242514500705439,True
pubmed_gcnii16,8,R3_MOSAIC_ANCHOR,32,63,64,1155.0,25.04970178926441,1155.0,6104,345.0,87,1587.0,0.7277882797731569,True
pubmed_gcnii16,8,R3_MOSAIC_ANCHOR,32,47,64,1155.0,18.687872763419485,1155.0,5584,270.0,66,1491.0,0.7746478873239436,True
pubmed_gcnii16,8,R3_MOSAIC_ANCHOR,32,48,64,1155.0,19.08548707753479,1155.0,3124,405.0,79,1639.0,0.7046979865771812,True
pubmed_gcnii16,8,R3_MOSAIC_ANCHOR,32,63,64,1155.0,25.04970178926441,1155.0,6524,420.0,91,1666.0,0.6932773109243697,True
pubmed_gcnii16,8,R3_MOSAIC_ANCHOR,32,55,64,1155.0,21.868787276341948,1155.0,5232,387.5,85,1627.5,0.7096774193548387,True
pubmed_gcnii16,8,R3_MOSAIC_ANCHOR,32,63,64,1155.0,25.04970178926441,1155.0,6448,425.0,93,1673.0,0.6903765690376569,True
pubmed_gcnii16,8,R3_MOSAIC_ANCHOR,32,40,64,893.0,15.904572564612328,1155.0,4052,143.75,54,1090.75,1.0589044235617695,True
pubmed_gcnii16,8,R3_MOSAIC_ANCHOR,32,63,64,1155.0,25.04970178926441,1155.0,4648,330.0,84,1569.0,0.7361376673040153,True
pubmed_gcnii16,8,R3_MOSAIC_ANCHOR,32,56,64,1155.0,22.266401590457257,1155.0,5864,355.0,83,1593.0,0.7250470809792844,True
pubmed_gcnii16,8,R3_MOSAIC_ANCHOR,32,53,64,1155.0,21.073558648111334,1155.0,4056,141.25,62,1358.25,0.8503589177250138,True
pubmed_gcnii16,8,R3_MOSAIC_ANCHOR,32,57,64,1155.0,22.664015904572565,1155.0,5992,370.0,84,1609.0,0.7178371659415786,True
pubmed_gcnii16,8,R3_MOSAIC_ANCHOR,32,63,64,1155.0,25.04970178926441,1155.0,6724,360.0,89,1604.0,0.720074812967581,True
pubmed_gcnii16,8,R3_MOSAIC_ANCHOR,32,48,64,1155.0,19.08548707753479,1155.0,3092,476.25,84,1715.25,0.6733712286838653,True
pubmed_gcnii16,8,R3_MOSAIC_ANCHOR,32,61,64,1155.0,24.2544731610338,1155.0,4888,258.75,78,1491.75,0.7742584213172449,True
pubmed_gcnii16,8,R3_MOSAIC_ANCHOR,32,63,64,1155.0,25.04970178926441,1155.0,6500,421.25,92,1668.25,0.6923422748389031,True
pubmed_gcnii16,8,R3_MOSAIC_ANCHOR,32,50,64,1155.0,19.880715705765407,1155.0,4032,388.75,79,1622.75,0.7117547373286088,True
pubmed_gcnii16,8,R3_MOSAIC_ANCHOR,32,60,64,1155.0,23.856858846918488,1155.0,4680,360.0,86,1601.0,0.7214241099312929,True
pubmed_gcnii16,8,R3_MOSAIC_ANCHOR,32,60,64,1155.0,23.856858846918488,1155.0,6280,396.25,87,1638.25,0.7050206012513353,True
pubmed_gcnii16,8,R3_MOSAIC_ANCHOR,32,60,64,1155.0,23.856858846918488,1155.0,3452,358.75,85,1598.75,0.7224394057857702,True
pubmed_gcnii16,8,R3_MOSAIC_ANCHOR,32,51,64,1155.0,20.27833001988072,1155.0,4412,203.75,67,1425.75,0.8100999473961074,True
pubmed_gcnii16,8,R3_MOSAIC_ANCHOR,32,63,64,1155.0,25.04970178926441,1155.0,6616,412.5,93,1660.5,0.6955736224028907,True
pubmed_gcnii16,8,R3_MOSAIC_ANCHOR,32,51,64,1155.0,20.27833001988072,1155.0,5776,408.75,80,1643.75,0.7026615969581749,True
pubmed_gcnii16,8,R3_MOSAIC_ANCHOR,32,63,64,1155.0,25.04970178926441,1155.0,4376,257.5,79,1491.5,0.7743881997988602,True
pubmed_gcnii16,8,R3_MOSAIC_ANCHOR,32,63,64,1155.0,25.04970178926441,1155.0,6956,442.5,92,1689.5,0.6836342113051198,True
pubmed_gcnii16,8,R3_MOSAIC_ANCHOR,32,54,64,1155.0,21.47117296222664,1155.0,4736,302.5,77,1534.5,0.7526881720430108,True
pubmed_gcnii16,8,R3_MOSAIC_ANCHOR,32,63,64,1155.0,25.04970178926441,1155.0,7444,338.75,85,1578.75,0.7315914489311164,True
pubmed_gcnii16,8,R3_MOSAIC_ANCHOR,32,63,64,1155.0,25.04970178926441,1155.0,4380,236.25,76,1467.25,0.7871869142954506,True
pubmed_gcnii16,8,R3_MOSAIC_ANCHOR,32,57,64,1155.0,22.664015904572565,1155.0,5956,470.0,89,1714.0,0.6738623103850642,True
pubmed_gcnii16,8,R3_MOSAIC_ANCHOR,32,61,64,1155.0,24.2544731610338,1155.0,7136,438.75,87,1680.75,0.6871932173136992,True
pubmed_gcnii16,8,R3_MOSAIC_ANCHOR,32,51,64,1155.0,20.27833001988072,1155.0,5680,387.5,79,1621.5,0.7123034227567068,True
pubmed_gcnii16,8,R3_MOSAIC_ANCHOR,32,63,64,1155.0,25.04970178926441,1155.0,4236,207.5,76,1438.5,0.8029197080291971,True
pubmed_gcnii16,8,R3_MOSAIC_ANCHOR,32,63,64,1155.0,25.04970178926441,1155.0,7012,486.25,95,1736.25,0.6652267818574514,True
pubmed_gcnii16,8,R3_MOSAIC_ANCHOR,32,58,64,1155.0,23.061630218687878,1155.0,6048,363.75,84,1602.75,0.7206364061768835,True
pubmed_gcnii16,8,R3_MOSAIC_ANCHOR,32,61,64,1155.0,24.2544731610338,1155.0,6164,390.0,89,1634.0,0.7068543451652387,True
pubmed_gcnii16,8,R3_MOSAIC_ANCHOR,32,63,64,1155.0,25.04970178926441,1155.0,4284,253.75,80,1488.75,0.7758186397984886,True
pubmed_gcnii16,8,R3_MOSAIC_ANCHOR,32,49,64,1155.0,19.4831013916501,1155.0,5100,313.75,74,1542.75,0.7486631016042781,True
pubmed_gcnii16,8,R3_MOSAIC_ANCHOR,32,63,64,1155.0,25.04970178926441,1155.0,5864,415.0,91,1661.0,0.695364238410596,True
pubmed_gcnii16,8,R3_MOSAIC_ANCHOR,32,57,64,1155.0,22.664015904572565,1155.0,6188,356.25,82,1593.25,0.724933312411737,True
pubmed_gcnii16,8,R3_MOSAIC_ANCHOR,32,34,64,893.0,13.518886679920476,1155.0,2568,365.0,65,1323.0,0.873015873015873,True
pubmed_gcnii16,8,R3_MOSAIC_ANCHOR,32,57,64,1155.0,22.664015904572565,1155.0,5552,348.75,84,1587.75,0.7274444969296174,True
pubmed_gcnii16,8,R3_MOSAIC_ANCHOR,32,59,64,1155.0,23.45924453280318,1155.0,4912,511.25,95,1761.25,0.6557842441447835,True
pubmed_gcnii16,8,R3_MOSAIC_ANCHOR,32,57,64,1155.0,22.664015904572565,1155.0,5796,390.0,87,1632.0,0.7077205882352942,True
pubmed_gcnii16,8,R3_MOSAIC_ANCHOR,32,47,64,1155.0,18.687872763419485,1155.0,3972,466.25,82,1703.25,0.6781153676794364,True
pubmed_gcnii16,8,R3_MOSAIC_ANCHOR,32,63,64,1155.0,25.04970178926441,1155.0,6040,303.75,83,1541.75,0.7491486946651532,True
pubmed_gcnii16,8,R3_MOSAIC_ANCHOR,32,36,64,893.0,14.314115308151091,1155.0,2832,475.0,74,1442.0,0.8009708737864077,True
pubmed_gcnii16,8,R3_MOSAIC_ANCHOR,32,50,64,1155.0,19.880715705765407,1155.0,3196,461.25,83,1699.25,0.6797116374871267,True
pubmed_gcnii16,8,R3_MOSAIC_ANCHOR,32,63,64,1155.0,25.04970178926441,1155.0,5892,320.0,85,1560.0,0.7403846153846154,True
pubmed_gcnii16,8,R3_MOSAIC_ANCHOR,32,52,64,1155.0,20.675944333996025,1155.0,2872,378.75,80,1613.75,0.715724244771495,True
pubmed_gcnii16,8,R3_MOSAIC_ANCHOR,32,37,64,893.0,14.711729622266402,1155.0,3244,351.25,65,1309.25,0.8821844567500478,True
pubmed_gcnii16,8,R3_MOSAIC_ANCHOR,32,52,64,1155.0,20.675944333996025,1155.0,4296,432.5,84,1671.5,0.6909961112772959,True
pubmed_gcnii16,8,R3_MOSAIC_ANCHOR,32,63,64,1155.0,25.04970178926441,1155.0,6168,357.5,88,1600.5,0.7216494845360825,True
pubmed_gcnii16,8,R3_MOSAIC_ANCHOR,32,61,64,1155.0,24.2544731610338,1155.0,6256,497.5,94,1746.5,0.6613226452905812,True
pubmed_gcnii16,8,R3_MOSAIC_ANCHOR,32,28,64,577.0,22.310756972111555,1155.0,2536,397.5,64,1038.5,1.11218103033221,True
pubmed_gcnii16,8,R3_MOSAIC_ANCHOR,32,46,64,1155.0,18.290258449304176,1155.0,5452,241.25,66,1462.25,0.7898786117285006,True
pubmed_gcnii16,8,R3_MOSAIC_ANCHOR,32,63,64,1155.0,25.04970178926441,1155.0,4884,385.0,89,1629.0,0.7090239410681399,True
pubmed_gcnii16,8,R3_MOSAIC_ANCHOR,32,53,64,1155.0,21.073558648111334,1155.0,2960,453.75,86,1694.75,0.6815164478536657,True
pubmed_gcnii16,8,R3_MOSAIC_ANCHOR,32,63,64,1155.0,25.04970178926441,1155.0,6512,420.0,92,1667.0,0.6928614277144571,True
pubmed_gcnii16,8,R3_MOSAIC_ANCHOR,32,63,64,1155.0,25.04970178926441,1155.0,4756,191.25,75,1421.25,0.8126649076517151,True
pubmed_gcnii16,8,R3_MOSAIC_ANCHOR,32,54,64,1155.0,21.47117296222664,1155.0,5932,435.0,84,1674.0,0.6899641577060932,True
pubmed_gcnii16,8,R3_MOSAIC_ANCHOR,32,63,64,1155.0,25.04970178926441,1155.0,3624,376.25,88,1619.25,0.713293191292265,True
pubmed_gcnii16,8,R3_MOSAIC_ANCHOR,32,63,64,1155.0,25.04970178926441,1155.0,5128,342.5,85,1582.5,0.7298578199052133,True
pubmed_gcnii16,8,R3_MOSAIC_ANCHOR,32,55,64,1155.0,21.868787276341948,1155.0,5980,373.75,80,1608.75,0.717948717948718,True
pubmed_gcnii16,8,R3_MOSAIC_ANCHOR,32,45,64,1155.0,17.892644135188867,1155.0,3392,322.5,71,1548.5,0.7458831126896998,True
pubmed_gcnii16,8,R3_MOSAIC_ANCHOR,32,59,64,1155.0,23.45924453280318,1155.0,4988,533.75,97,1785.75,0.6467870642587148,True
pubmed_gcnii16,8,R3_MOSAIC_ANCHOR,32,63,64,1155.0,25.04970178926441,1155.0,6644,410.0,91,1656.0,0.697463768115942,True
pubmed_gcnii16,8,R3_MOSAIC_ANCHOR,32,57,64,1155.0,22.664015904572565,1155.0,5336,337.5,83,1575.5,0.7331006029831799,True
pubmed_gcnii16,8,R3_MOSAIC_ANCHOR,32,63,64,1155.0,25.04970178926441,1155.0,3688,387.5,89,1631.5,0.7079374808458474,True
pubmed_gcnii16,8,R3_MOSAIC_ANCHOR,32,63,64,1155.0,25.04970178926441,1155.0,6716,356.25,87,1598.25,0.7226654152979821,True
pubmed_gcnii16,8,R3_MOSAIC_ANCHOR,32,50,64,1155.0,19.880715705765407,1155.0,2924,441.25,82,1678.25,0.6882168925964547,True
pubmed_gcnii16,8,R3_MOSAIC_ANCHOR,32,61,64,1155.0,24.2544731610338,1155.0,4536,171.25,71,1397.25,0.8266237251744498,True
pubmed_gcnii16,8,R3_MOSAIC_ANCHOR,32,63,64,1155.0,25.04970178926441,1155.0,4656,572.5,102,1829.5,0.6313200327958458,True
pubmed_gcnii16,8,R3_MOSAIC_ANCHOR,32,63,64,1155.0,25.04970178926441,1155.0,7564,337.5,85,1577.5,0.7321711568938193,True
pubmed_gcnii16,8,R3_MOSAIC_ANCHOR,32,45,64,1155.0,17.892644135188867,1155.0,3536,245.0,65,1465.0,0.78839590443686,True
pubmed_gcnii16,8,R3_MOSAIC_ANCHOR,32,52,64,1155.0,20.675944333996025,1155.0,4244,388.75,81,1624.75,0.7108785967071857,True
pubmed_gcnii16,8,R3_MOSAIC_ANCHOR,32,59,64,1155.0,23.45924453280318,1155.0,5448,412.5,90,1657.5,0.6968325791855203,True
pubmed_gcnii16,8,R3_MOSAIC_ANCHOR,32,63,64,1155.0,25.04970178926441,1155.0,6868,356.25,87,1598.25,0.7226654152979821,True
pubmed_gcnii16,8,R3_MOSAIC_ANCHOR,32,34,64,893.0,13.518886679920476,1155.0,2712,417.5,69,1379.5,0.8372598767669446,True
pubmed_gcnii16,8,R3_MOSAIC_ANCHOR,32,58,64,1155.0,23.061630218687878,1155.0,4604,136.25,66,1357.25,0.8509854485172224,True
pubmed_gcnii16,8,R3_MOSAIC_ANCHOR,32,33,64,893.0,13.121272365805169,1155.0,3216,251.25,56,1200.25,0.962299520933139,True
pubmed_gcnii16,8,R3_MOSAIC_ANCHOR,32,57,64,1155.0,22.664015904572565,1155.0,4740,401.25,88,1644.25,0.7024479245856774,True
pubmed_gcnii16,8,R3_MOSAIC_ANCHOR,32,63,64,1155.0,25.04970178926441,1155.0,3836,353.75,88,1596.75,0.72334429309535,True
pubmed_gcnii16,8,R3_MOSAIC_ANCHOR,32,63,64,1155.0,25.04970178926441,1155.0,4660,268.75,81,1504.75,0.7675693636816747,True
pubmed_gcnii16,8,R3_MOSAIC_ANCHOR,32,63,64,1155.0,25.04970178926441,1155.0,5624,277.5,82,1514.5,0.7626279300099043,True
pubmed_gcnii16,8,R3_MOSAIC_ANCHOR,32,60,64,1155.0,23.856858846918488,1155.0,3572,357.5,84,1596.5,0.7234575634199812,True
pubmed_gcnii16,8,R3_MOSAIC_ANCHOR,32,63,64,1155.0,25.04970178926441,1155.0,5324,245.0,79,1479.0,0.7809330628803245,True
pubmed_gcnii16,8,R3_MOSAIC_ANCHOR,32,60,64,1155.0,23.856858846918488,1155.0,5660,293.75,80,1528.75,0.7555192150449714,True
pubmed_gcnii16,8,R3_MOSAIC_ANCHOR,32,56,64,1155.0,22.266401590457257,1155.0,4588,270.0,76,1501.0,0.7694870086608927,True
pubmed_gcnii16,8,R3_MOSAIC_ANCHOR,32,63,64,1155.0,25.04970178926441,1155.0,5100,435.0,93,1683.0,0.6862745098039216,True
pubmed_gcnii16,8,R3_MOSAIC_ANCHOR,32,63,64,1155.0,25.04970178926441,1155.0,6428,355.0,86,1596.0,0.7236842105263158,True
pubmed_gcnii16,8,R3_MOSAIC_ANCHOR,32,50,64,1155.0,19.880715705765407,1155.0,5352,223.75,67,1445.75,0.798893307971641,True
pubmed_gcnii16,8,R3_MOSAIC_ANCHOR,32,56,64,1155.0,22.266401590457257,1155.0,4664,533.75,93,1781.75,0.648239090781535,True
pubmed_gcnii16,8,R3_MOSAIC_ANCHOR,32,37,64,893.0,14.711729622266402,1155.0,2720,380.0,67,1340.0,0.8619402985074627,True
pubmed_gcnii16,8,R3_MOSAIC_ANCHOR,32,50,64,1155.0,19.880715705765407,1155.0,5504,255.0,70,1480.0,0.7804054054054054,True
pubmed_gcnii16,8,R3_MOSAIC_ANCHOR,32,38,64,893.0,15.109343936381707,1155.0,3080,393.75,70,1356.75,0.8512990602542841,True
pubmed_gcnii16,8,R3_MOSAIC_ANCHOR,32,63,64,1155.0,25.04970178926441,1155.0,6508,323.75,85,1563.75,0.7386091127098321,True
pubmed_gcnii16,8,R3_MOSAIC_ANCHOR,32,55,64,1155.0,21.868787276341948,1155.0,4016,422.5,85,1662.5,0.6947368421052632,True
pubmed_gcnii16,8,R3_MOSAIC_ANCHOR,32,43,64,1155.0,17.09741550695825,1155.0,2512,315.0,70,1540.0,0.75,True
pubmed_gcnii16,8,R3_MOSAIC_ANCHOR,32,54,64,1155.0,21.47117296222664,1155.0,4588,473.75,89,1717.75,0.6723912094309417,True
pubmed_gcnii16,8,R3_MOSAIC_ANCHOR,32,58,64,1155.0,23.061630218687878,1155.0,6252,381.25,85,1621.25,0.7124132613723978,True
pubmed_gcnii16,8,R3_MOSAIC_ANCHOR,32,63,64,1155.0,25.04970178926441,1155.0,5304,440.0,93,1688.0,0.6842417061611374,True
pubmed_gcnii16,8,R3_MOSAIC_ANCHOR,32,63,64,1155.0,25.04970178926441,1155.0,7056,448.75,92,1695.75,0.6811145510835913,True
pubmed_gcnii16,8,R3_MOSAIC_ANCHOR,32,45,64,1155.0,17.892644135188867,1155.0,5564,307.5,67,1529.5,0.7551487414187643,True
pubmed_gcnii16,8,R3_MOSAIC_ANCHOR,32,61,64,1155.0,24.2544731610338,1155.0,3536,531.25,98,1784.25,0.6473308112652375,True
pubmed_gcnii16,8,R3_MOSAIC_ANCHOR,32,63,64,1155.0,25.04970178926441,1155.0,6780,470.0,95,1720.0,0.6715116279069767,True
pubmed_gcnii16,8,R3_MOSAIC_ANCHOR,32,60,64,1155.0,23.856858846918488,1155.0,6480,356.25,85,1596.25,0.7235708692247454,True
pubmed_gcnii16,8,R3_MOSAIC_ANCHOR,32,59,64,1155.0,23.45924453280318,1155.0,6452,297.5,80,1532.5,0.7536704730831973,True
pubmed_gcnii16,8,R3_MOSAIC_ANCHOR,32,61,64,1155.0,24.2544731610338,1155.0,5348,240.0,77,1472.0,0.7846467391304348,True
pubmed_gcnii16,8,R3_MOSAIC_ANCHOR,32,63,64,1155.0,25.04970178926441,1155.0,6200,440.0,93,1688.0,0.6842417061611374,True
pubmed_gcnii16,8,R3_MOSAIC_ANCHOR,32,50,64,1155.0,19.880715705765407,1155.0,5680,403.75,81,1639.75,0.7043756670224119,True
pubmed_gcnii16,8,R3_MOSAIC_ANCHOR,32,56,64,1155.0,22.266401590457257,1155.0,5896,461.25,87,1703.25,0.6781153676794364,True
pubmed_gcnii16,8,R3_MOSAIC_ANCHOR,32,63,64,1155.0,25.04970178926441,1155.0,5452,578.75,98,1831.75,0.6305445612119558,True
pubmed_gcnii16,8,R3_MOSAIC_ANCHOR,32,60,64,1155.0,23.856858846918488,1155.0,5464,267.5,80,1502.5,0.7687188019966722,True
pubmed_gcnii16,8,R3_MOSAIC_ANCHOR,32,63,64,1155.0,25.04970178926441,1155.0,7344,308.75,83,1546.75,0.7467270082430904,True
pubmed_gcnii16,8,R3_MOSAIC_ANCHOR,32,60,64,1155.0,23.856858846918488,1155.0,4728,313.75,81,1549.75,0.7452814970156477,True
pubmed_gcnii16,8,R3_MOSAIC_ANCHOR,32,59,64,1155.0,23.45924453280318,1155.0,6276,370.0,82,1607.0,0.7187305538270068,True
pubmed_gcnii16,8,R3_MOSAIC_ANCHOR,32,58,64,1155.0,23.061630218687878,1155.0,3564,405.0,86,1646.0,0.7017010935601458,True
pubmed_gcnii16,8,R3_MOSAIC_ANCHOR,32,63,64,1155.0,25.04970178926441,1155.0,5352,267.5,81,1503.5,0.7682075157964748,True
pubmed_gcnii16,8,R3_MOSAIC_ANCHOR,32,63,64,1155.0,25.04970178926441,1155.0,4792,215.0,76,1446.0,0.7987551867219918,True
pubmed_gcnii16,8,R3_MOSAIC_ANCHOR,32,63,64,1155.0,25.04970178926441,1155.0,4780,338.75,85,1578.75,0.7315914489311164,True
pubmed_gcnii16,8,R3_MOSAIC_ANCHOR,32,59,64,1155.0,23.45924453280318,1155.0,4288,245.0,75,1475.0,0.7830508474576271,True
pubmed_gcnii16,8,R3_MOSAIC_ANCHOR,32,44,64,1155.0,17.495029821073558,1155.0,4036,266.25,65,1486.25,0.7771236333052985,True
pubmed_gcnii16,8,R3_MOSAIC_ANCHOR,32,62,64,1155.0,24.652087475149106,1155.0,6912,432.5,91,1678.5,0.6881143878462913,True
pubmed_gcnii16,8,R3_MOSAIC_ANCHOR,32,59,64,1155.0,23.45924453280318,1155.0,6132,405.0,88,1648.0,0.7008495145631068,True
pubmed_gcnii16,8,R3_MOSAIC_ANCHOR,32,55,64,1155.0,21.868787276341948,1155.0,4628,352.5,79,1586.5,0.7280176489127009,True
pubmed_gcnii16,8,R3_MOSAIC_ANCHOR,32,63,64,1155.0,25.04970178926441,1155.0,7736,245.0,78,1478.0,0.7814614343707713,True
pubmed_gcnii16,8,R3_MOSAIC_ANCHOR,32,63,64,1155.0,25.04970178926441,1155.0,6644,345.0,86,1586.0,0.7282471626733922,True
pubmed_gcnii16,8,R3_MOSAIC_ANCHOR,32,51,64,1155.0,20.27833001988072,1155.0,4380,340.0,77,1572.0,0.7347328244274809,True
pubmed_gcnii16,8,R3_MOSAIC_ANCHOR,32,63,64,1155.0,25.04970178926441,1155.0,6108,306.25,84,1545.25,0.7474518686296716,True
pubmed_gcnii16,8,R3_MOSAIC_ANCHOR,32,63,64,1155.0,25.04970178926441,1155.0,6896,442.5,91,1688.5,0.6840390879478827,True
pubmed_gcnii16,8,R3_MOSAIC_ANCHOR,32,59,64,1155.0,23.45924453280318,1155.0,4284,311.25,80,1546.25,0.7469684721099434,True
pubmed_gcnii16,8,R3_MOSAIC_ANCHOR,32,60,64,1155.0,23.856858846918488,1155.0,4600,256.25,77,1488.25,0.7760792877540735,True
pubmed_gcnii16,8,R3_MOSAIC_ANCHOR,32,63,64,1155.0,25.04970178926441,1155.0,6884,336.25,86,1577.25,0.7322872087494056,True
pubmed_gcnii16,8,R3_MOSAIC_ANCHOR,32,58,64,1155.0,23.061630218687878,1155.0,4868,130.0,65,1350.0,0.8555555555555555,True
pubmed_gcnii16,8,R3_MOSAIC_ANCHOR,32,52,64,1155.0,20.675944333996025,1155.0,4544,243.75,71,1469.75,0.7858479333219935,True
pubmed_gcnii16,8,R3_MOSAIC_ANCHOR,32,63,64,1155.0,25.04970178926441,1155.0,6552,340.0,87,1582.0,0.7300884955752213,True
pubmed_gcnii16,8,R3_MOSAIC_ANCHOR,32,55,64,1155.0,21.868787276341948,1155.0,4408,325.0,80,1560.0,0.7403846153846154,True
pubmed_gcnii16,8,R3_MOSAIC_ANCHOR,32,58,64,1155.0,23.061630218687878,1155.0,4672,182.5,70,1407.5,0.8206039076376554,True
pubmed_gcnii16,8,R3_MOSAIC_ANCHOR,32,59,64,1155.0,23.45924453280318,1155.0,6148,392.5,88,1635.5,0.7062060531947417,True
pubmed_gcnii16,8,R3_MOSAIC_ANCHOR,32,57,64,1155.0,22.664015904572565,1155.0,4520,411.25,85,1651.25,0.6994700984102953,True
pubmed_gcnii16,8,R3_MOSAIC_ANCHOR,32,54,64,1155.0,21.47117296222664,1155.0,5356,336.25,80,1571.25,0.7350835322195705,True
pubmed_gcnii16,8,R3_MOSAIC_ANCHOR,32,63,64,1155.0,25.04970178926441,1155.0,6888,563.75,97,1815.75,0.6361007847996696,True
pubmed_gcnii16,8,R3_MOSAIC_ANCHOR,32,47,64,1155.0,18.687872763419485,1155.0,5432,332.5,74,1561.5,0.7396733909702209,True
pubmed_gcnii16,8,R3_MOSAIC_ANCHOR,32,60,64,1155.0,23.856858846918488,1155.0,5536,320.0,83,1558.0,0.7413350449293966,True
pubmed_gcnii16,8,R3_MOSAIC_ANCHOR,32,49,64,1155.0,19.4831013916501,1155.0,3192,515.0,86,1756.0,0.657744874715262,True
pubmed_gcnii16,8,R3_MOSAIC_ANCHOR,32,63,64,1155.0,25.04970178926441,1155.0,6440,326.25,85,1566.25,0.7374301675977654,True
pubmed_gcnii16,8,R3_MOSAIC_ANCHOR,32,60,64,1155.0,23.856858846918488,1155.0,5716,356.25,85,1596.25,0.7235708692247454,True
pubmed_gcnii16,8,R3_MOSAIC_ANCHOR,32,33,64,893.0,13.121272365805169,1155.0,2924,395.0,66,1354.0,0.8530280649926145,True
pubmed_gcnii16,8,R3_MOSAIC_ANCHOR,32,63,64,1155.0,25.04970178926441,1155.0,5628,300.0,83,1538.0,0.7509752925877763,True
pubmed_gcnii16,8,R3_MOSAIC_ANCHOR,32,63,64,1155.0,25.04970178926441,1155.0,5704,356.25,88,1599.25,0.722213537595748,True
pubmed_gcnii16,8,R3_MOSAIC_ANCHOR,32,48,64,1155.0,19.08548707753479,1155.0,4208,171.25,62,1388.25,0.8319827120475418,True
pubmed_gcnii16,8,R3_MOSAIC_ANCHOR,32,63,64,1155.0,25.04970178926441,1155.0,4444,477.5,95,1727.5,0.6685962373371924,True
pubmed_gcnii16,8,R3_MOSAIC_ANCHOR,32,63,64,1155.0,25.04970178926441,1155.0,6784,443.75,94,1692.75,0.6823216659282233,True
pubmed_gcnii16,8,R3_MOSAIC_ANCHOR,32,40,64,893.0,15.904572564612328,1155.0,4676,153.75,55,1101.75,1.0483321987746768,True
pubmed_gcnii16,8,R3_MOSAIC_ANCHOR,32,52,64,1155.0,20.675944333996025,1155.0,4576,105.0,59,1319.0,0.8756633813495072,True
pubmed_gcnii16,8,R3_MOSAIC_ANCHOR,32,63,64,1155.0,25.04970178926441,1155.0,6800,395.0,91,1641.0,0.7038391224862889,True
pubmed_gcnii16,8,R3_MOSAIC_ANCHOR,32,46,64,1155.0,18.290258449304176,1155.0,4136,266.25,68,1489.25,0.7755581668625147,True
pubmed_gcnii16,8,R3_MOSAIC_ANCHOR,32,52,64,1155.0,20.675944333996025,1155.0,4416,245.0,71,1471.0,0.7851801495581238,True
pubmed_gcnii16,8,R3_MOSAIC_ANCHOR,32,54,64,1155.0,21.47117296222664,1155.0,4040,290.0,74,1519.0,0.7603686635944701,True
pubmed_gcnii16,8,R3_MOSAIC_ANCHOR,32,63,64,1155.0,25.04970178926441,1155.0,6992,321.25,84,1560.25,0.7402659830155424,True
pubmed_gcnii16,8,R3_MOSAIC_ANCHOR,32,56,64,1155.0,22.266401590457257,1155.0,4836,227.5,73,1455.5,0.7935417382342838,True
pubmed_gcnii16,8,R3_MOSAIC_ANCHOR,32,52,64,1155.0,20.675944333996025,1155.0,4564,271.25,71,1497.25,0.7714142594757054,True
pubmed_gcnii16,8,R3_MOSAIC_ANCHOR,32,47,64,1155.0,18.687872763419485,1155.0,4580,127.5,57,1339.5,0.8622620380739082,True
pubmed_gcnii16,8,R3_MOSAIC_ANCHOR,32,34,64,893.0,13.518886679920476,1155.0,3908,111.25,45,1049.25,1.1007862759113654,True
pubmed_gcnii16,8,R3_MOSAIC_ANCHOR,32,44,64,1155.0,17.495029821073558,1155.0,4476,110.0,53,1318.0,0.8763277693474962,True
pubmed_gcnii16,8,R3_MOSAIC_ANCHOR,32,63,64,1155.0,25.04970178926441,1155.0,5976,461.25,96,1712.25,0.67455102934735,True
pubmed_gcnii16,8,R3_MOSAIC_ANCHOR,32,46,64,1155.0,18.290258449304176,1155.0,4476,171.25,61,1387.25,0.8325824472877996,True
pubmed_gcnii16,8,R3_MOSAIC_ANCHOR,32,63,64,1155.0,25.04970178926441,1155.0,7420,333.75,84,1572.75,0.7343824511206486,True
pubmed_gcnii16,8,R3_MOSAIC_ANCHOR,32,63,64,1155.0,25.04970178926441,1155.0,3012,438.75,92,1685.75,0.6851549755301795,True
pubmed_gcnii16,8,R3_MOSAIC_ANCHOR,32,57,64,1155.0,22.664015904572565,1155.0,4288,347.5,83,1585.5,0.7284768211920529,True
pubmed_gcnii16,8,R3_MOSAIC_ANCHOR,32,44,64,1155.0,17.495029821073558,1155.0,3548,556.25,86,1797.25,0.6426484907497566,True
pubmed_gcnii16,8,R3_MOSAIC_ANCHOR,32,63,64,1155.0,25.04970178926441,1155.0,5808,293.75,83,1531.75,0.7540394973070018,True
pubmed_gcnii16,8,R3_MOSAIC_ANCHOR,32,56,64,1155.0,22.266401590457257,1155.0,3700,560.0,96,1811.0,0.6377691882937604,True
pubmed_gcnii16,8,R3_MOSAIC_ANCHOR,32,52,64,1155.0,20.675944333996025,1155.0,2768,423.75,83,1661.75,0.6950503986760945,True
pubmed_gcnii16,8,R3_MOSAIC_ANCHOR,32,58,64,1155.0,23.061630218687878,1155.0,4632,115.0,64,1334.0,0.8658170914542729,True
pubmed_gcnii16,8,R3_MOSAIC_ANCHOR,32,63,64,1155.0,25.04970178926441,1155.0,6560,305.0,83,1543.0,0.7485418016850292,True
pubmed_gcnii16,8,R3_MOSAIC_ANCHOR,32,54,64,1155.0,21.47117296222664,1155.0,3912,453.75,87,1695.75,0.6811145510835913,True
pubmed_gcnii16,8,R3_MOSAIC_ANCHOR,32,50,64,1155.0,19.880715705765407,1155.0,4408,308.75,73,1536.75,0.7515861395802831,True
pubmed_gcnii16,8,R3_MOSAIC_ANCHOR,32,58,64,1155.0,23.061630218687878,1155.0,5040,332.5,81,1568.5,0.7363723302518329,True
pubmed_gcnii16,8,R3_MOSAIC_ANCHOR,32,63,64,1155.0,25.04970178926441,1155.0,5092,336.25,86,1577.25,0.7322872087494056,True
pubmed_gcnii16,8,R3_MOSAIC_ANCHOR,32,63,64,1155.0,25.04970178926441,1155.0,4724,261.25,80,1496.25,0.7719298245614035,True
pubmed_gcnii16,8,R3_MOSAIC_ANCHOR,32,63,64,1155.0,25.04970178926441,1155.0,5172,156.25,71,1382.25,0.8355941399891481,True
pubmed_gcnii16,8,R3_MOSAIC_ANCHOR,32,63,64,1155.0,25.04970178926441,1155.0,4996,362.5,88,1605.5,0.7194020554344441,True
pubmed_gcnii16,8,R3_MOSAIC_ANCHOR,32,63,64,1155.0,25.04970178926441,1155.0,5188,222.5,77,1454.5,0.7940873152286009,True
pubmed_gcnii16,8,R3_MOSAIC_ANCHOR,32,63,64,1155.0,25.04970178926441,1155.0,4724,340.0,85,1580.0,0.7310126582278481,True
pubmed_gcnii16,8,R3_MOSAIC_ANCHOR,32,45,64,1155.0,17.892644135188867,1155.0,3168,260.0,67,1482.0,0.7793522267206477,True
pubmed_gcnii16,8,R3_MOSAIC_ANCHOR,32,60,64,1155.0,23.856858846918488,1155.0,4828,383.75,88,1626.75,0.7100046104195482,True
pubmed_gcnii16,8,R3_MOSAIC_ANCHOR,32,61,64,1155.0,24.2544731610338,1155.0,4872,241.25,77,1473.25,0.7839809944001358,True
pubmed_gcnii16,8,R3_MOSAIC_ANCHOR,32,63,64,1155.0,25.04970178926441,1155.0,7008,443.75,93,1691.75,0.6827249889168021,True
pubmed_gcnii16,8,R3_MOSAIC_ANCHOR,32,63,64,1155.0,25.04970178926441,1155.0,4148,181.25,74,1410.25,0.8190037227441943,True
pubmed_gcnii16,8,R3_MOSAIC_ANCHOR,32,62,64,1155.0,24.652087475149106,1155.0,4844,266.25,79,1500.25,0.7698716880519914,True
pubmed_gcnii16,8,R3_MOSAIC_ANCHOR,32,62,64,1155.0,24.652087475149106,1155.0,6588,337.5,82,1574.5,0.7335662114957129,True
pubmed_gcnii16,8,R3_MOSAIC_ANCHOR,32,61,64,1155.0,24.2544731610338,1155.0,4892,192.5,73,1420.5,0.8130939809926082,True
pubmed_gcnii16,8,R3_MOSAIC_ANCHOR,32,57,64,1155.0,22.664015904572565,1155.0,4308,151.25,66,1372.25,0.8416833667334669,True
pubmed_gcnii16,8,R3_MOSAIC_ANCHOR,32,61,64,1155.0,24.2544731610338,1155.0,4908,106.25,65,1326.25,0.8708765315739868,True
pubmed_gcnii16,8,R3_MOSAIC_ANCHOR,32,63,64,1155.0,25.04970178926441,1155.0,4160,411.25,91,1657.25,0.6969376979936642,True
pubmed_gcnii16,8,R3_MOSAIC_ANCHOR,32,63,64,1155.0,25.04970178926441,1155.0,4852,153.75,71,1379.75,0.8371081717702482,True
pubmed_gcnii16,8,R3_MOSAIC_ANCHOR,32,56,64,1155.0,22.266401590457257,1155.0,4608,187.5,69,1411.5,0.8182784272051009,True
pubmed_gcnii16,8,R3_MOSAIC_ANCHOR,32,41,64,1155.0,16.302186878727635,1155.0,4688,195.0,58,1408.0,0.8203125,True
pubmed_gcnii16,8,R3_MOSAIC_ANCHOR,32,35,64,893.0,13.916500994035784,1155.0,3924,150.0,50,1093.0,1.0567246111619397,True
pubmed_gcnii16,8,R3_MOSAIC_ANCHOR,32,42,64,1155.0,16.69980119284294,1155.0,4508,206.25,61,1422.25,0.8120935137985587,True
pubmed_gcnii16,8,R3_MOSAIC_ANCHOR,32,63,64,1155.0,25.04970178926441,1155.0,5956,481.25,97,1733.25,0.6663781912591952,True
pubmed_gcnii16,8,R3_MOSAIC_ANCHOR,32,63,64,1155.0,25.04970178926441,1155.0,6676,497.5,95,1747.5,0.6609442060085837,True
pubmed_gcnii16,8,R3_MOSAIC_ANCHOR,32,63,64,1155.0,25.04970178926441,1155.0,4820,116.25,68,1339.25,0.8624229979466119,True
pubmed_gcnii16,8,R3_MOSAIC_ANCHOR,32,60,64,1155.0,23.856858846918488,1155.0,6640,593.75,96,1844.75,0.6261010977097168,True
pubmed_gcnii16,8,R3_MOSAIC_ANCHOR,32,41,64,1155.0,16.302186878727635,1155.0,3960,198.75,58,1411.75,0.8181335222241899,True
pubmed_gcnii16,8,R3_MOSAIC_ANCHOR,32,53,64,1155.0,21.073558648111334,1155.0,4804,223.75,70,1448.75,0.7972389991371872,True
pubmed_gcnii16,8,R3_MOSAIC_ANCHOR,32,58,64,1155.0,23.061630218687878,1155.0,4588,467.5,92,1714.5,0.673665791776028,True
pubmed_gcnii16,8,R3_MOSAIC_ANCHOR,32,36,64,893.0,14.314115308151091,1155.0,4120,162.5,52,1107.5,1.0428893905191874,True
pubmed_gcnii16,8,R3_MOSAIC_ANCHOR,32,63,64,1155.0,25.04970178926441,1155.0,7432,330.0,85,1570.0,0.7356687898089171,True
pubmed_gcnii16,8,R3_MOSAIC_ANCHOR,32,61,64,1155.0,24.2544731610338,1155.0,4668,122.5,66,1343.5,0.8596948269445478,True
pubmed_gcnii16,8,R3_MOSAIC_ANCHOR,32,63,64,1155.0,25.04970178926441,1155.0,7144,432.5,91,1678.5,0.6881143878462913,True
pubmed_gcnii16,8,R3_MOSAIC_ANCHOR,32,54,64,1155.0,21.47117296222664,1155.0,4276,252.5,73,1480.5,0.7801418439716312,True
pubmed_gcnii16,8,R3_MOSAIC_ANCHOR,32,59,64,1155.0,23.45924453280318,1155.0,4428,283.75,80,1518.75,0.7604938271604939,True
pubmed_gcnii16,8,R3_MOSAIC_ANCHOR,32,47,64,1155.0,18.687872763419485,1155.0,4564,270.0,69,1494.0,0.7730923694779116,True
pubmed_gcnii16,8,R3_MOSAIC_ANCHOR,32,40,64,893.0,15.904572564612328,1155.0,4316,422.5,74,1389.5,0.8312342569269522,True
pubmed_gcnii16,8,R3_MOSAIC_ANCHOR,32,63,64,1155.0,25.04970178926441,1155.0,6088,552.5,102,1809.5,0.6382978723404256,True
pubmed_gcnii16,8,R3_MOSAIC_ANCHOR,32,33,64,893.0,13.121272365805169,1155.0,3856,110.0,44,1047.0,1.1031518624641834,True
pubmed_gcnii16,8,R3_MOSAIC_ANCHOR,32,36,64,893.0,14.314115308151091,1155.0,4592,60.0,42,995.0,1.1608040201005025,True
pubmed_gcnii16,8,R3_MOSAIC_ANCHOR,32,55,64,1155.0,21.868787276341948,1155.0,4636,287.5,76,1518.5,0.7606190319394139,True
pubmed_gcnii16,8,R3_MOSAIC_ANCHOR,32,52,64,1155.0,20.675944333996025,1155.0,4664,342.5,78,1575.5,0.7331006029831799,True
pubmed_gcnii16,8,R3_MOSAIC_ANCHOR,32,63,64,1155.0,25.04970178926441,1155.0,6932,281.25,81,1517.25,0.7612456747404844,True
pubmed_gcnii16,8,R3_MOSAIC_ANCHOR,32,60,64,1155.0,23.856858846918488,1155.0,6952,447.5,90,1692.5,0.6824224519940916,True
pubmed_gcnii16,8,R3_MOSAIC_ANCHOR,32,63,64,1155.0,25.04970178926441,1155.0,4944,376.25,89,1620.25,0.7128529547909274,True
pubmed_gcnii16,8,R3_MOSAIC_ANCHOR,32,63,64,1155.0,25.04970178926441,1155.0,7676,245.0,78,1478.0,0.7814614343707713,True
pubmed_gcnii16,8,R3_MOSAIC_ANCHOR,32,60,64,1155.0,23.856858846918488,1155.0,5740,333.75,80,1568.75,0.7362549800796813,True
pubmed_gcnii16,8,R3_MOSAIC_ANCHOR,32,61,64,1155.0,24.2544731610338,1155.0,7008,420.0,88,1663.0,0.6945279615153337,True
pubmed_gcnii16,8,R3_MOSAIC_ANCHOR,32,63,64,1155.0,25.04970178926441,1155.0,4472,215.0,76,1446.0,0.7987551867219918,True
pubmed_gcnii16,8,R3_MOSAIC_ANCHOR,32,47,64,1155.0,18.687872763419485,1155.0,4164,267.5,70,1492.5,0.7738693467336684,True
pubmed_gcnii16,8,R3_MOSAIC_ANCHOR,32,63,64,1155.0,25.04970178926441,1155.0,7228,365.0,87,1607.0,0.7187305538270068,True
pubmed_gcnii16,8,R3_MOSAIC_ANCHOR,32,59,64,1155.0,23.45924453280318,1155.0,6980,413.75,87,1655.75,0.6975690774573456,True
pubmed_gcnii16,8,R3_MOSAIC_ANCHOR,32,63,64,1155.0,25.04970178926441,1155.0,6536,515.0,96,1766.0,0.6540203850509626,True
pubmed_gcnii16,8,R3_MOSAIC_ANCHOR,32,58,64,1155.0,23.061630218687878,1155.0,5132,286.25,77,1518.25,0.760744277951589,True
pubmed_gcnii16,8,R3_MOSAIC_ANCHOR,32,63,64,1155.0,25.04970178926441,1155.0,7140,392.5,89,1636.5,0.7057745187901008,True
pubmed_gcnii16,8,R3_MOSAIC_ANCHOR,32,63,64,1155.0,25.04970178926441,1155.0,5716,291.25,80,1526.25,0.7567567567567568,True
pubmed_gcnii16,8,R3_MOSAIC_ANCHOR,32,63,64,1155.0,25.04970178926441,1155.0,5468,547.5,99,1801.5,0.6411323896752706,True
pubmed_gcnii16,8,R3_MOSAIC_ANCHOR,32,63,64,1155.0,25.04970178926441,1155.0,7232,398.75,89,1642.75,0.7030893319129509,True
pubmed_gcnii16,8,R3_MOSAIC_ANCHOR,32,63,64,1155.0,25.04970178926441,1155.0,6144,392.5,89,1636.5,0.7057745187901008,True
pubmed_gcnii16,8,R3_MOSAIC_ANCHOR,32,41,64,1155.0,16.302186878727635,1155.0,4640,97.5,49,1301.5,0.8874375720322705,True
pubmed_gcnii16,8,R3_MOSAIC_ANCHOR,32,63,64,1155.0,25.04970178926441,1155.0,5428,455.0,93,1703.0,0.6782149148561363,True
pubmed_gcnii16,8,R3_MOSAIC_ANCHOR,32,39,64,893.0,15.506958250497018,1155.0,4172,192.5,57,1142.5,1.0109409190371992,True
pubmed_gcnii16,8,R3_MOSAIC_ANCHOR,32,32,64,577.0,25.49800796812749,1155.0,3860,118.75,44,739.75,1.5613382899628252,True
pubmed_gcnii16,8,R3_MOSAIC_ANCHOR,32,57,64,1155.0,22.664015904572565,1155.0,5992,442.5,88,1685.5,0.685256600415307,True
pubmed_gcnii16,8,R3_MOSAIC_ANCHOR,32,63,64,1155.0,25.04970178926441,1155.0,4508,200.0,76,1431.0,0.8071278825995807,True
pubmed_gcnii16,8,R3_MOSAIC_ANCHOR,32,63,64,1155.0,25.04970178926441,1155.0,7292,287.5,81,1523.5,0.7581227436823105,True
pubmed_gcnii16,8,R3_MOSAIC_ANCHOR,32,63,64,1155.0,25.04970178926441,1155.0,5092,342.5,86,1583.5,0.7293969055888854,True
pubmed_gcnii16,8,R3_MOSAIC_ANCHOR,32,62,64,1155.0,24.652087475149106,1155.0,7224,442.5,90,1687.5,0.6844444444444444,True
pubmed_gcnii16,8,R3_MOSAIC_ANCHOR,32,59,64,1155.0,23.45924453280318,1155.0,5788,363.75,84,1602.75,0.7206364061768835,True
pubmed_gcnii16,8,R3_MOSAIC_ANCHOR,32,63,64,1155.0,25.04970178926441,1155.0,5904,400.0,90,1645.0,0.7021276595744681,True
pubmed_gcnii16,8,R3_MOSAIC_ANCHOR,32,63,64,1155.0,25.04970178926441,1155.0,7044,460.0,94,1709.0,0.6758338209479228,True
pubmed_gcnii16,8,R3_MOSAIC_ANCHOR,32,57,64,1155.0,22.664015904572565,1155.0,6988,377.5,82,1614.5,0.7153917621554661,True
pubmed_gcnii16,8,R3_MOSAIC_ANCHOR,32,63,64,1155.0,25.04970178926441,1155.0,6904,452.5,91,1698.5,0.6800117750956727,True
pubmed_gcnii16,8,R3_MOSAIC_ANCHOR,32,63,64,1155.0,25.04970178926441,1155.0,7428,405.0,89,1649.0,0.7004244996967859,True
pubmed_gcnii16,8,R3_MOSAIC_ANCHOR,32,63,64,1155.0,25.04970178926441,1155.0,6996,465.0,95,1715.0,0.673469387755102,True
pubmed_gcnii16,8,R3_MOSAIC_ANCHOR,32,58,64,1155.0,23.061630218687878,1155.0,5876,386.25,85,1626.25,0.7102229054573405,True
pubmed_gcnii16,8,R3_MOSAIC_ANCHOR,32,56,64,1155.0,22.266401590457257,1155.0,5980,300.0,77,1532.0,0.7539164490861618,True
pubmed_gcnii16,8,R3_MOSAIC_ANCHOR,32,59,64,1155.0,23.45924453280318,1155.0,5888,402.5,87,1644.5,0.7023411371237458,True
pubmed_gcnii16,8,R3_MOSAIC_ANCHOR,32,63,64,1155.0,25.04970178926441,1155.0,7092,403.75,90,1648.75,0.7005307050796058,True
pubmed_gcnii16,8,R3_MOSAIC_ANCHOR,32,63,64,1155.0,25.04970178926441,1155.0,6324,440.0,93,1688.0,0.6842417061611374,True
pubmed_gcnii16,8,R3_MOSAIC_ANCHOR,32,63,64,1155.0,25.04970178926441,1155.0,3908,455.0,93,1703.0,0.6782149148561363,True
pubmed_gcnii16,8,R3_MOSAIC_ANCHOR,32,41,64,1155.0,16.302186878727635,1155.0,4408,252.5,61,1468.5,0.7865168539325843,True
pubmed_gcnii16,8,R3_MOSAIC_ANCHOR,32,63,64,1155.0,25.04970178926441,1155.0,7008,412.5,89,1656.5,0.6972532447932388,True
pubmed_gcnii16,8,R3_MOSAIC_ANCHOR,32,58,64,1155.0,23.061630218687878,1155.0,5528,341.25,83,1579.25,0.731359822700649,True
pubmed_gcnii16,8,R3_MOSAIC_ANCHOR,32,54,64,1155.0,21.47117296222664,1155.0,5056,422.5,86,1663.5,0.6943192064923355,True
pubmed_gcnii16,8,R3_MOSAIC_ANCHOR,32,62,64,1155.0,24.652087475149106,1155.0,6008,297.5,83,1535.5,0.7521979811136438,True
pubmed_gcnii16,8,R3_MOSAIC_ANCHOR,32,51,64,1155.0,20.27833001988072,1155.0,5504,277.5,73,1505.5,0.7671869810694122,True
pubmed_gcnii16,8,R3_MOSAIC_ANCHOR,32,63,64,1155.0,25.04970178926441,1155.0,6324,303.75,83,1541.75,0.7491486946651532,True
pubmed_gcnii16,8,R3_MOSAIC_ANCHOR,32,63,64,1155.0,25.04970178926441,1155.0,4064,670.0,107,1932.0,0.5978260869565217,True
pubmed_gcnii16,8,R3_MOSAIC_ANCHOR,32,47,64,1155.0,18.687872763419485,1155.0,5464,248.75,67,1470.75,0.7853136155022947,True
pubmed_gcnii16,8,R3_MOSAIC_ANCHOR,32,63,64,1155.0,25.04970178926441,1155.0,5672,348.75,88,1591.75,0.7256164598712109,True
pubmed_gcnii16,8,R3_MOSAIC_ANCHOR,32,63,64,1155.0,25.04970178926441,1155.0,6116,497.5,98,1750.5,0.6598114824335904,True
pubmed_gcnii16,8,R3_MOSAIC_ANCHOR,32,57,64,1155.0,22.664015904572565,1155.0,5308,295.0,78,1528.0,0.7558900523560209,True
pubmed_gcnii16,8,R3_MOSAIC_ANCHOR,32,42,64,1155.0,16.69980119284294,1155.0,4248,290.0,66,1511.0,0.7643944407677035,True
pubmed_gcnii16,8,R3_MOSAIC_ANCHOR,32,61,64,1155.0,24.2544731610338,1155.0,4732,290.0,81,1526.0,0.7568807339449541,True
pubmed_gcnii16,8,R3_MOSAIC_ANCHOR,32,37,64,893.0,14.711729622266402,1155.0,4556,148.75,51,1092.75,1.0569663692518874,True
pubmed_gcnii16,8,R3_MOSAIC_ANCHOR,32,63,64,1155.0,25.04970178926441,1155.0,4676,175.0,73,1403.0,0.8232359230220955,True
pubmed_gcnii16,8,R3_MOSAIC_ANCHOR,32,63,64,1155.0,25.04970178926441,1155.0,4772,197.5,74,1426.5,0.8096740273396424,True
pubmed_gcnii16,8,R3_MOSAIC_ANCHOR,32,37,64,893.0,14.711729622266402,1155.0,4616,33.75,40,966.75,1.1947245927075252,True
pubmed_gcnii16,8,R3_MOSAIC_ANCHOR,32,52,64,1155.0,20.675944333996025,1155.0,4660,140.0,62,1357.0,0.8511422254974208,True
pubmed_gcnii16,8,R3_MOSAIC_ANCHOR,32,38,64,893.0,15.109343936381707,1155.0,4168,251.25,59,1203.25,0.9599002701018076,True
pubmed_gcnii16,8,R3_MOSAIC_ANCHOR,32,63,64,1155.0,25.04970178926441,1155.0,6336,376.25,90,1621.25,0.7124132613723978,True
pubmed_gcnii16,8,R3_MOSAIC_ANCHOR,32,49,64,1155.0,19.4831013916501,1155.0,4712,136.25,60,1351.25,0.8547641073080481,True
pubmed_gcnii16,8,R3_MOSAIC_ANCHOR,32,50,64,1155.0,19.880715705765407,1155.0,5504,402.5,81,1638.5,0.7049130302105584,True
pubmed_gcnii16,8,R3_MOSAIC_ANCHOR,32,57,64,1155.0,22.664015904572565,1155.0,5980,402.5,86,1643.5,0.7027684818983876,True
pubmed_gcnii16,8,R3_MOSAIC_ANCHOR,32,58,64,1155.0,23.061630218687878,1155.0,5704,425.0,86,1666.0,0.6932773109243697,True
pubmed_gcnii16,8,R3_MOSAIC_ANCHOR,32,59,64,1155.0,23.45924453280318,1155.0,5472,330.0,81,1566.0,0.7375478927203065,True
pubmed_gcnii16,8,R3_MOSAIC_ANCHOR,32,58,64,1155.0,23.061630218687878,1155.0,6228,340.0,83,1578.0,0.7319391634980988,True
pubmed_gcnii16,8,R3_MOSAIC_ANCHOR,32,50,64,1155.0,19.880715705765407,1155.0,3444,477.5,85,1717.5,0.6724890829694323,True
pubmed_gcnii16,8,R3_MOSAIC_ANCHOR,32,58,64,1155.0,23.061630218687878,1155.0,5000,502.5,93,1750.5,0.6598114824335904,True
pubmed_gcnii16,8,R3_MOSAIC_ANCHOR,32,46,64,1155.0,18.290258449304176,1155.0,5560,400.0,76,1631.0,0.7081545064377682,True
pubmed_gcnii16,8,R3_MOSAIC_ANCHOR,32,61,64,1155.0,24.2544731610338,1155.0,5440,316.25,84,1555.25,0.7426458768686707,True
pubmed_gcnii16,8,R3_MOSAIC_ANCHOR,32,54,64,1155.0,21.47117296222664,1155.0,5764,410.0,85,1650.0,0.7,True
pubmed_gcnii16,8,R3_MOSAIC_ANCHOR,32,63,64,1155.0,25.04970178926441,1155.0,3348,515.0,98,1768.0,0.6532805429864253,True
pubmed_gcnii16,8,R3_MOSAIC_ANCHOR,32,61,64,1155.0,24.2544731610338,1155.0,3960,575.0,101,1831.0,0.630802839978154,True
pubmed_gcnii16,8,R3_MOSAIC_ANCHOR,32,33,64,893.0,13.121272365805169,1155.0,2824,516.25,75,1484.25,0.7781707933299646,True
pubmed_gcnii16,8,R3_MOSAIC_ANCHOR,32,63,64,1155.0,25.04970178926441,1155.0,6052,297.5,84,1536.5,0.7517084282460137,True
pubmed_gcnii16,8,R3_MOSAIC_ANCHOR,32,57,64,1155.0,22.664015904572565,1155.0,4600,506.25,93,1754.25,0.6584010260795211,True
pubmed_gcnii16,8,R3_MOSAIC_ANCHOR,32,46,64,1155.0,18.290258449304176,1155.0,3672,607.5,90,1852.5,0.6234817813765182,True
pubmed_gcnii16,8,R3_MOSAIC_ANCHOR,32,59,64,1155.0,23.45924453280318,1155.0,6052,322.5,83,1560.5,0.7401473886574815,True
pubmed_gcnii16,8,R3_MOSAIC_ANCHOR,32,51,64,1155.0,20.27833001988072,1155.0,4456,262.5,71,1488.5,0.7759489418878065,True
pubmed_gcnii16,8,R3_MOSAIC_ANCHOR,32,63,64,1155.0,25.04970178926441,1155.0,7112,356.25,87,1598.25,0.7226654152979821,True
pubmed_gcnii16,8,R3_MOSAIC_ANCHOR,32,42,64,1155.0,16.69980119284294,1155.0,2888,395.0,73,1623.0,0.711645101663586,True
pubmed_gcnii16,8,R3_MOSAIC_ANCHOR,32,63,64,1155.0,25.04970178926441,1155.0,6324,313.75,85,1553.75,0.7433628318584071,True
pubmed_gcnii16,8,R3_MOSAIC_ANCHOR,32,55,64,1155.0,21.868787276341948,1155.0,4732,238.75,73,1466.75,0.7874552582239646,True
pubmed_gcnii16,8,R3_MOSAIC_ANCHOR,32,62,64,1155.0,24.652087475149106,1155.0,3512,535.0,98,1788.0,0.6459731543624161,True
pubmed_gcnii16,8,R3_MOSAIC_ANCHOR,32,61,64,1155.0,24.2544731610338,1155.0,6020,387.5,85,1627.5,0.7096774193548387,True
pubmed_gcnii16,8,R3_MOSAIC_ANCHOR,32,63,64,1155.0,25.04970178926441,1155.0,4704,146.25,71,1372.25,0.8416833667334669,True
pubmed_gcnii16,8,R3_MOSAIC_ANCHOR,32,63,64,1155.0,25.04970178926441,1155.0,5932,230.0,78,1463.0,0.7894736842105263,True
pubmed_gcnii16,8,R3_MOSAIC_ANCHOR,32,63,64,1155.0,25.04970178926441,1155.0,7804,252.5,79,1486.5,0.7769929364278506,True
pubmed_gcnii16,8,R3_MOSAIC_ANCHOR,32,56,64,1155.0,22.266401590457257,1155.0,4440,252.5,74,1481.5,0.7796152548093149,True
pubmed_gcnii16,8,R3_MOSAIC_ANCHOR,32,56,64,1155.0,22.266401590457257,1155.0,4796,170.0,67,1392.0,0.8297413793103449,True
pubmed_gcnii16,8,R3_MOSAIC_ANCHOR,32,62,64,1155.0,24.652087475149106,1155.0,6252,431.25,90,1676.25,0.6890380313199105,True
pubmed_gcnii16,8,R3_MOSAIC_ANCHOR,32,63,64,1155.0,25.04970178926441,1155.0,4552,281.25,82,1518.25,0.760744277951589,True
pubmed_gcnii16,8,R3_MOSAIC_ANCHOR,32,63,64,1155.0,25.04970178926441,1155.0,7240,340.0,86,1581.0,0.7305502846299811,True
pubmed_gcnii16,8,R3_MOSAIC_ANCHOR,32,57,64,1155.0,22.664015904572565,1155.0,5868,383.75,84,1622.75,0.7117547373286088,True
pubmed_gcnii16,8,R3_MOSAIC_ANCHOR,32,63,64,1155.0,25.04970178926441,1155.0,4908,350.0,88,1593.0,0.7250470809792844,True
pubmed_gcnii16,8,R3_MOSAIC_ANCHOR,32,63,64,1155.0,25.04970178926441,1155.0,7160,455.0,93,1703.0,0.6782149148561363,True
pubmed_gcnii16,8,R3_MOSAIC_ANCHOR,32,61,64,1155.0,24.2544731610338,1155.0,4256,501.25,95,1751.25,0.6595289079229122,True
pubmed_gcnii16,8,R3_MOSAIC_ANCHOR,32,63,64,1155.0,25.04970178926441,1155.0,5864,175.0,73,1403.0,0.8232359230220955,True
pubmed_gcnii16,8,R3_MOSAIC_ANCHOR,32,59,64,1155.0,23.45924453280318,1155.0,4920,256.25,76,1487.25,0.7766011094301564,True
pubmed_gcnii16,8,R3_MOSAIC_ANCHOR,32,63,64,1155.0,25.04970178926441,1155.0,7232,351.25,86,1592.25,0.7253886010362695,True
pubmed_gcnii16,8,R3_MOSAIC_ANCHOR,32,63,64,1155.0,25.04970178926441,1155.0,3936,303.75,84,1542.75,0.7486631016042781,True
pubmed_gcnii16,8,R3_MOSAIC_ANCHOR,32,52,64,1155.0,20.675944333996025,1155.0,4740,195.0,66,1416.0,0.815677966101695,True
pubmed_gcnii16,8,R3_MOSAIC_ANCHOR,32,63,64,1155.0,25.04970178926441,1155.0,7076,510.0,93,1758.0,0.6569965870307167,True
pubmed_gcnii16,8,R3_MOSAIC_ANCHOR,32,58,64,1155.0,23.061630218687878,1155.0,4436,320.0,80,1555.0,0.7427652733118971,True
pubmed_gcnii16,8,R3_MOSAIC_ANCHOR,32,63,64,1155.0,25.04970178926441,1155.0,6088,283.75,81,1519.75,0.7599934199703898,True
pubmed_gcnii16,8,R3_MOSAIC_ANCHOR,32,63,64,1155.0,25.04970178926441,1155.0,5076,215.0,77,1447.0,0.7982031789910159,True
pubmed_gcnii16,8,R3_MOSAIC_ANCHOR,32,63,64,1155.0,25.04970178926441,1155.0,4672,287.5,82,1524.5,0.7576254509675303,True
pubmed_gcnii16,8,R3_MOSAIC_ANCHOR,32,44,64,1155.0,17.495029821073558,1155.0,4176,476.25,79,1710.25,0.6753398625931881,True
pubmed_gcnii16,8,R3_MOSAIC_ANCHOR,32,63,64,1155.0,25.04970178926441,1155.0,4700,157.5,72,1384.5,0.8342361863488624,True
pubmed_gcnii16,8,R3_MOSAIC_ANCHOR,32,63,64,1155.0,25.04970178926441,1155.0,4992,165.0,73,1393.0,0.8291457286432161,True
pubmed_gcnii16,8,R3_MOSAIC_ANCHOR,32,63,64,1155.0,25.04970178926441,1155.0,5004,431.25,94,1680.25,0.6873977086743044,True
pubmed_gcnii16,8,R3_MOSAIC_ANCHOR,32,60,64,1155.0,23.856858846918488,1155.0,4920,320.0,81,1556.0,0.7422879177377892,True
pubmed_gcnii16,8,R3_MOSAIC_ANCHOR,32,61,64,1155.0,24.2544731610338,1155.0,4116,386.25,88,1629.25,0.7089151450053706,True
pubmed_gcnii16,8,R3_MOSAIC_ANCHOR,32,62,64,1155.0,24.652087475149106,1155.0,4308,228.75,76,1459.75,0.7912313752354855,True
pubmed_gcnii16,8,R3_MOSAIC_ANCHOR,32,63,64,1155.0,25.04970178926441,1155.0,4396,272.5,80,1507.5,0.7661691542288557,True
pubmed_gcnii16,8,R3_MOSAIC_ANCHOR,32,63,64,1155.0,25.04970178926441,1155.0,5020,226.25,76,1457.25,0.7925887802367473,True
pubmed_gcnii16,8,R3_MOSAIC_ANCHOR,32,54,64,1155.0,21.47117296222664,1155.0,4660,148.75,64,1367.75,0.8444525680862731,True
pubmed_gcnii16,8,R3_MOSAIC_ANCHOR,32,52,64,1155.0,20.675944333996025,1155.0,4468,161.25,63,1379.25,0.8374116367591082,True
pubmed_gcnii16,8,R3_MOSAIC_ANCHOR,32,63,64,1155.0,25.04970178926441,1155.0,5672,266.25,81,1502.25,0.7688467299051422,True
pubmed_gcnii16,8,R3_MOSAIC_ANCHOR,32,58,64,1155.0,23.061630218687878,1155.0,4708,236.25,75,1466.25,0.7877237851662404,True
pubmed_gcnii16,8,R3_MOSAIC_ANCHOR,32,49,64,1155.0,19.4831013916501,1155.0,4636,60.0,51,1266.0,0.9123222748815166,True
pubmed_gcnii16,8,R3_MOSAIC_ANCHOR,32,54,64,1155.0,21.47117296222664,1155.0,5536,255.0,73,1483.0,0.7788267026298045,True
pubmed_gcnii16,8,R3_MOSAIC_ANCHOR,32,63,64,1155.0,25.04970178926441,1155.0,4352,338.75,85,1578.75,0.7315914489311164,True
pubmed_gcnii16,8,R3_MOSAIC_ANCHOR,32,63,64,1155.0,25.04970178926441,1155.0,6688,471.25,95,1721.25,0.6710239651416122,True
pubmed_gcnii16,8,R3_MOSAIC_ANCHOR,32,49,64,1155.0,19.4831013916501,1155.0,3660,527.5,86,1768.5,0.6530958439355385,True
pubmed_gcnii16,8,R3_MOSAIC_ANCHOR,32,51,64,1155.0,20.27833001988072,1155.0,5628,322.5,76,1553.5,0.7434824589636305,True
pubmed_gcnii16,8,R3_MOSAIC_ANCHOR,32,63,64,1155.0,25.04970178926441,1155.0,4988,386.25,90,1631.25,0.7080459770114943,True
pubmed_gcnii16,8,R3_MOSAIC_ANCHOR,32,63,64,1155.0,25.04970178926441,1155.0,7404,245.0,78,1478.0,0.7814614343707713,True
pubmed_gcnii16,8,R3_MOSAIC_ANCHOR,32,56,64,1155.0,22.266401590457257,1155.0,6340,357.5,83,1595.5,0.7239109996866187,True
pubmed_gcnii16,8,R3_MOSAIC_ANCHOR,32,61,64,1155.0,24.2544731610338,1155.0,5692,243.75,78,1476.75,0.7821229050279329,True
pubmed_gcnii16,8,R3_MOSAIC_ANCHOR,32,56,64,1155.0,22.266401590457257,1155.0,4808,241.25,74,1470.25,0.7855806835572181,True
pubmed_gcnii16,8,R3_MOSAIC_ANCHOR,32,55,64,1155.0,21.868787276341948,1155.0,3976,527.5,91,1773.5,0.6512545813363406,True
pubmed_gcnii16,8,R3_MOSAIC_ANCHOR,32,63,64,1155.0,25.04970178926441,1155.0,6680,361.25,87,1603.25,0.7204116638078902,True
pubmed_gcnii16,8,R3_MOSAIC_ANCHOR,32,47,64,1155.0,18.687872763419485,1155.0,4316,241.25,67,1463.25,0.7893388006150692,True
pubmed_gcnii16,8,R3_MOSAIC_ANCHOR,32,63,64,1155.0,25.04970178926441,1155.0,5552,307.5,85,1547.5,0.7463651050080775,True
pubmed_gcnii16,8,R3_MOSAIC_ANCHOR,32,39,64,893.0,15.506958250497018,1155.0,2644,341.25,68,1302.25,0.8869264734114033,True
pubmed_gcnii16,8,R3_MOSAIC_ANCHOR,32,63,64,1155.0,25.04970178926441,1155.0,7076,371.25,86,1612.25,0.7163901380058924,True
pubmed_gcnii16,8,R3_MOSAIC_ANCHOR,32,63,64,1155.0,25.04970178926441,1155.0,6328,347.5,85,1587.5,0.7275590551181103,True
pubmed_gcnii16,8,R3_MOSAIC_ANCHOR,32,63,64,1155.0,25.04970178926441,1155.0,4776,417.5,90,1662.5,0.6947368421052632,True
pubmed_gcnii16,8,R3_MOSAIC_ANCHOR,32,62,64,1155.0,24.652087475149106,1155.0,6312,512.5,97,1764.5,0.654576367242845,True
pubmed_gcnii16,8,R3_MOSAIC_ANCHOR,32,43,64,1155.0,17.09741550695825,1155.0,4572,125.0,53,1333.0,0.8664666166541636,True
pubmed_gcnii16,8,R3_MOSAIC_ANCHOR,32,52,64,1155.0,20.675944333996025,1155.0,5900,283.75,72,1510.75,0.7645209333112692,True
pubmed_gcnii16,8,R3_MOSAIC_ANCHOR,32,63,64,1155.0,25.04970178926441,1155.0,4708,356.25,88,1599.25,0.722213537595748,True
pubmed_gcnii16,8,R3_MOSAIC_ANCHOR,32,63,64,1155.0,25.04970178926441,1155.0,6056,362.5,86,1603.5,0.7202993451824135,True
pubmed_gcnii16,8,R3_MOSAIC_ANCHOR,32,63,64,1155.0,25.04970178926441,1155.0,7524,322.5,84,1561.5,0.7396733909702209,True
pubmed_gcnii16,8,R3_MOSAIC_ANCHOR,32,53,64,1155.0,21.073558648111334,1155.0,4260,262.5,74,1491.5,0.7743881997988602,True
pubmed_gcnii16,8,R3_MOSAIC_ANCHOR,32,63,64,1155.0,25.04970178926441,1155.0,6560,311.25,84,1550.25,0.745041122399613,True
pubmed_gcnii16,8,R3_MOSAIC_ANCHOR,32,60,64,1155.0,23.856858846918488,1155.0,4824,162.5,70,1387.5,0.8324324324324325,True
pubmed_gcnii16,8,R3_MOSAIC_ANCHOR,32,37,64,893.0,14.711729622266402,1155.0,4608,46.25,41,980.25,1.1782708492731446,True
pubmed_gcnii16,8,R3_MOSAIC_ANCHOR,32,63,64,1155.0,25.04970178926441,1155.0,4744,145.0,71,1371.0,0.8424507658643327,True
pubmed_gcnii16,8,R3_MOSAIC_ANCHOR,32,62,64,1155.0,24.652087475149106,1155.0,4504,223.75,76,1454.75,0.7939508506616257,True
pubmed_gcnii16,8,R3_MOSAIC_ANCHOR,32,63,64,1155.0,25.04970178926441,1155.0,4720,123.75,69,1347.75,0.8569838619922092,True
pubmed_gcnii16,8,R3_MOSAIC_ANCHOR,32,63,64,1155.0,25.04970178926441,1155.0,4904,178.75,73,1406.75,0.8210414074995557,True
pubmed_gcnii16,8,R3_MOSAIC_ANCHOR,32,63,64,1155.0,25.04970178926441,1155.0,4700,96.25,66,1317.25,0.8768267223382046,True
pubmed_gcnii16,8,R3_MOSAIC_ANCHOR,32,58,64,1155.0,23.061630218687878,1155.0,4416,226.25,74,1455.25,0.7936780621886274,True
pubmed_gcnii16,8,R3_MOSAIC_ANCHOR,32,41,64,1155.0,16.302186878727635,1155.0,4308,210.0,59,1424.0,0.8110955056179775,True
pubmed_gcnii16,8,R3_MOSAIC_ANCHOR,32,48,64,1155.0,19.08548707753479,1155.0,4700,87.5,54,1296.5,0.8908600077130736,True
pubmed_gcnii16,8,R3_MOSAIC_ANCHOR,32,47,64,1155.0,18.687872763419485,1155.0,4020,241.25,66,1462.25,0.7898786117285006,True
pubmed_gcnii16,8,R3_MOSAIC_ANCHOR,32,63,64,1155.0,25.04970178926441,1155.0,7028,341.25,85,1581.25,0.7304347826086957,True
pubmed_gcnii16,8,R3_MOSAIC_ANCHOR,32,49,64,1155.0,19.4831013916501,1155.0,4776,348.75,76,1579.75,0.7311283430922614,True
pubmed_gcnii16,8,R3_MOSAIC_ANCHOR,32,63,64,1155.0,25.04970178926441,1155.0,6700,470.0,95,1720.0,0.6715116279069767,True
pubmed_gcnii16,8,R3_MOSAIC_ANCHOR,32,47,64,1155.0,18.687872763419485,1155.0,4672,123.75,56,1334.75,0.8653305862521071,True
pubmed_gcnii16,8,R3_MOSAIC_ANCHOR,32,49,64,1155.0,19.4831013916501,1155.0,4192,230.0,68,1453.0,0.7949070887818307,True
pubmed_gcnii16,8,R3_MOSAIC_ANCHOR,32,63,64,1155.0,25.04970178926441,1155.0,6636,365.0,88,1608.0,0.7182835820895522,True
pubmed_gcnii16,8,R3_MOSAIC_ANCHOR,32,48,64,1155.0,19.08548707753479,1155.0,4652,181.25,63,1399.25,0.8254422011792032,True
pubmed_gcnii16,8,R3_MOSAIC_ANCHOR,32,56,64,1155.0,22.266401590457257,1155.0,5584,298.75,78,1531.75,0.7540394973070018,True
pubmed_gcnii16,8,R3_MOSAIC_ANCHOR,32,49,64,1155.0,19.4831013916501,1155.0,4444,155.0,61,1371.0,0.8424507658643327,True
pubmed_gcnii16,8,R3_MOSAIC_ANCHOR,32,63,64,1155.0,25.04970178926441,1155.0,6888,420.0,92,1667.0,0.6928614277144571,True
pubmed_gcnii16,8,R3_MOSAIC_ANCHOR,32,63,64,1155.0,25.04970178926441,1155.0,4668,392.5,89,1636.5,0.7057745187901008,True
pubmed_gcnii16,8,R3_MOSAIC_ANCHOR,32,55,64,1155.0,21.868787276341948,1155.0,4680,130.0,63,1348.0,0.8568249258160238,True
pubmed_gcnii16,8,R3_MOSAIC_ANCHOR,32,63,64,1155.0,25.04970178926441,1155.0,6884,373.75,89,1617.75,0.7139545665275846,True
pubmed_gcnii16,8,R3_MOSAIC_ANCHOR,32,58,64,1155.0,23.061630218687878,1155.0,5280,498.75,95,1748.75,0.6604717655468192,True
pubmed_gcnii16,8,R3_MOSAIC_ANCHOR,32,36,64,893.0,14.314115308151091,1155.0,4056,185.0,54,1132.0,1.0203180212014133,True
pubmed_gcnii16,8,R3_MOSAIC_ANCHOR,32,63,64,1155.0,25.04970178926441,1155.0,5104,180.0,73,1408.0,0.8203125,True
pubmed_gcnii16,8,R3_MOSAIC_ANCHOR,32,63,64,1155.0,25.04970178926441,1155.0,4640,231.25,77,1463.25,0.7893388006150692,True
pubmed_gcnii16,8,R3_MOSAIC_ANCHOR,32,62,64,1155.0,24.652087475149106,1155.0,4600,233.75,78,1466.75,0.7874552582239646,True
pubmed_gcnii16,8,R3_MOSAIC_ANCHOR,32,62,64,1155.0,24.652087475149106,1155.0,4732,78.75,63,1296.75,0.8906882591093117,True
pubmed_gcnii16,8,R3_MOSAIC_ANCHOR,32,45,64,1155.0,17.892644135188867,1155.0,4272,286.25,69,1510.25,0.764774044032445,True
pubmed_gcnii16,8,R3_MOSAIC_ANCHOR,32,63,64,1155.0,25.04970178926441,1155.0,4524,491.25,98,1744.25,0.6621757202235918,True
pubmed_gcnii16,8,R3_MOSAIC_ANCHOR,32,63,64,1155.0,25.04970178926441,1155.0,7036,381.25,88,1624.25,0.7110974295828844,True
pubmed_gcnii16,8,R3_MOSAIC_ANCHOR,32,56,64,1155.0,22.266401590457257,1155.0,4648,302.5,78,1535.5,0.7521979811136438,True
pubmed_gcnii16,8,R3_MOSAIC_ANCHOR,32,57,64,1155.0,22.664015904572565,1155.0,4852,185.0,70,1410.0,0.8191489361702128,True
pubmed_gcnii16,8,R3_MOSAIC_ANCHOR,32,63,64,1155.0,25.04970178926441,1155.0,4756,235.0,77,1467.0,0.787321063394683,True
pubmed_gcnii16,8,R3_MOSAIC_ANCHOR,32,61,64,1155.0,24.2544731610338,1155.0,4968,266.25,78,1499.25,0.7703851925962981,True
pubmed_gcnii16,8,R3_MOSAIC_ANCHOR,32,62,64,1155.0,24.652087475149106,1155.0,4780,161.25,71,1387.25,0.8325824472877996,True
pubmed_gcnii16,8,R3_MOSAIC_ANCHOR,32,56,64,1155.0,22.266401590457257,1155.0,4908,223.75,71,1449.75,0.7966890843248836,True
pubmed_gcnii16,8,R3_MOSAIC_ANCHOR,32,63,64,1155.0,25.04970178926441,1155.0,4596,287.5,82,1524.5,0.7576254509675303,True
pubmed_gcnii16,8,R3_MOSAIC_ANCHOR,32,62,64,1155.0,24.652087475149106,1155.0,4496,218.75,75,1448.75,0.7972389991371872,True
pubmed_gcnii16,8,R3_MOSAIC_ANCHOR,32,61,64,1155.0,24.2544731610338,1155.0,4816,168.75,72,1395.75,0.8275120902740463,True
pubmed_gcnii16,8,R3_MOSAIC_ANCHOR,32,56,64,1155.0,22.266401590457257,1155.0,4552,443.75,87,1685.75,0.6851549755301795,True
pubmed_gcnii16,8,R3_MOSAIC_ANCHOR,32,63,64,1155.0,25.04970178926441,1155.0,6912,362.5,87,1604.5,0.7198504206918043,True
pubmed_gcnii16,8,R3_MOSAIC_ANCHOR,32,32,64,577.0,25.49800796812749,1155.0,3848,102.5,43,722.5,1.5986159169550174,True
pubmed_gcnii16,8,R3_MOSAIC_ANCHOR,32,56,64,1155.0,22.266401590457257,1155.0,4608,135.0,65,1355.0,0.8523985239852399,True
pubmed_gcnii16,8,R3_MOSAIC_ANCHOR,32,63,64,1155.0,25.04970178926441,1155.0,7392,320.0,83,1558.0,0.7413350449293966,True
pubmed_gcnii16,8,R3_MOSAIC_ANCHOR,32,63,64,1155.0,25.04970178926441,1155.0,5256,212.5,77,1444.5,0.7995846313603323,True
pubmed_gcnii16,8,R3_MOSAIC_ANCHOR,32,63,64,1155.0,25.04970178926441,1155.0,7820,257.5,78,1490.5,0.7749077490774908,True
pubmed_gcnii16,8,R3_MOSAIC_ANCHOR,32,53,64,1155.0,21.073558648111334,1155.0,4488,378.75,83,1616.75,0.7143961651461265,True
pubmed_gcnii16,8,R3_MOSAIC_ANCHOR,32,55,64,1155.0,21.868787276341948,1155.0,5840,427.5,85,1667.5,0.6926536731634183,True
pubmed_gcnii16,8,R3_MOSAIC_ANCHOR,32,37,64,893.0,14.711729622266402,1155.0,4524,151.25,51,1095.25,1.0545537548504909,True
pubmed_gcnii16,8,R3_MOSAIC_ANCHOR,32,63,64,1155.0,25.04970178926441,1155.0,6936,281.25,81,1517.25,0.7612456747404844,True
pubmed_gcnii16,8,R3_MOSAIC_ANCHOR,32,63,64,1155.0,25.04970178926441,1155.0,6496,453.75,92,1700.75,0.6791121564015875,True
pubmed_gcnii16,8,R3_MOSAIC_ANCHOR,32,62,64,1155.0,24.652087475149106,1155.0,6116,515.0,96,1766.0,0.6540203850509626,True
pubmed_gcnii16,8,R3_MOSAIC_ANCHOR,32,63,64,1155.0,25.04970178926441,1155.0,5584,411.25,91,1657.25,0.6969376979936642,True
pubmed_gcnii16,8,R3_MOSAIC_ANCHOR,32,63,64,1155.0,25.04970178926441,1155.0,7536,370.0,88,1613.0,0.7160570365778053,True
pubmed_gcnii16,8,R3_MOSAIC_ANCHOR,32,63,64,1155.0,25.04970178926441,1155.0,6616,662.5,104,1921.5,0.6010928961748634,True
pubmed_gcnii16,8,R3_MOSAIC_ANCHOR,32,63,64,1155.0,25.04970178926441,1155.0,7148,342.5,83,1580.5,0.7307813982916799,True
pubmed_gcnii16,8,R3_MOSAIC_ANCHOR,32,57,64,1155.0,22.664015904572565,1155.0,5976,477.5,90,1722.5,0.6705370101596516,True
pubmed_gcnii16,8,R3_MOSAIC_ANCHOR,32,63,64,1155.0,25.04970178926441,1155.0,6924,475.0,96,1726.0,0.6691772885283893,True
pubmed_gcnii16,8,R3_MOSAIC_ANCHOR,32,63,64,1155.0,25.04970178926441,1155.0,6972,513.75,96,1764.75,0.6544836379090523,True
pubmed_gcnii16,8,R3_MOSAIC_ANCHOR,32,59,64,1155.0,23.45924453280318,1155.0,6900,488.75,90,1733.75,0.6661860129776496,True
pubmed_gcnii16,8,R3_MOSAIC_ANCHOR,32,62,64,1155.0,24.652087475149106,1155.0,6400,546.25,98,1799.25,0.6419341392246769,True
pubmed_gcnii16,8,R3_MOSAIC_ANCHOR,32,63,64,1155.0,25.04970178926441,1155.0,7480,310.0,82,1547.0,0.746606334841629,True
pubmed_gcnii16,8,R3_MOSAIC_ANCHOR,32,58,64,1155.0,23.061630218687878,1155.0,5756,385.0,84,1624.0,0.7112068965517241,True
pubmed_gcnii16,8,R3_MOSAIC_ANCHOR,32,63,64,1155.0,25.04970178926441,1155.0,6856,495.0,95,1745.0,0.66189111747851,True
pubmed_gcnii16,8,R3_MOSAIC_ANCHOR,32,63,64,1155.0,25.04970178926441,1155.0,4536,277.5,82,1514.5,0.7626279300099043,True
pubmed_gcnii16,8,R3_MOSAIC_ANCHOR,32,58,64,1155.0,23.061630218687878,1155.0,6292,327.5,81,1563.5,0.7387272145826671,True
pubmed_gcnii16,8,R3_MOSAIC_ANCHOR,32,63,64,1155.0,25.04970178926441,1155.0,7604,318.75,84,1557.75,0.7414540202214733,True
pubmed_gcnii16,8,R3_MOSAIC_ANCHOR,32,61,64,1155.0,24.2544731610338,1155.0,7216,415.0,87,1657.0,0.6970428485214243,True
pubmed_gcnii16,8,R3_MOSAIC_ANCHOR,32,63,64,1155.0,25.04970178926441,1155.0,7636,291.25,81,1527.25,0.7562612538877067,True
pubmed_gcnii16,8,R3_MOSAIC_ANCHOR,32,59,64,1155.0,23.45924453280318,1155.0,7076,398.75,84,1637.75,0.7052358418562051,True
pubmed_gcnii16,8,R3_MOSAIC_ANCHOR,32,60,64,1155.0,23.856858846918488,1155.0,5868,403.75,87,1645.75,0.7018076864651375,True
pubmed_gcnii16,8,R3_MOSAIC_ANCHOR,32,58,64,1155.0,23.061630218687878,1155.0,6996,398.75,83,1636.75,0.7056667175805712,True
pubmed_gcnii16,8,R3_MOSAIC_ANCHOR,32,63,64,1155.0,25.04970178926441,1155.0,5976,380.0,88,1623.0,0.711645101663586,True
pubmed_gcnii16,8,R3_MOSAIC_ANCHOR,32,59,64,1155.0,23.45924453280318,1155.0,5920,380.0,85,1620.0,0.7129629629629629,True
pubmed_gcnii16,8,R3_MOSAIC_ANCHOR,32,63,64,1155.0,25.04970178926441,1155.0,7244,453.75,95,1703.75,0.677916360968452,True
pubmed_gcnii16,8,R3_MOSAIC_ANCHOR,32,56,64,1155.0,22.266401590457257,1155.0,4580,201.25,69,1425.25,0.8103841431327837,True
pubmed_gcnii16,8,R3_MOSAIC_ANCHOR,32,57,64,1155.0,22.664015904572565,1155.0,3112,263.75,75,1493.75,0.7732217573221757,True
pubmed_gcnii16,8,R3_MOSAIC_ANCHOR,32,63,64,1155.0,25.04970178926441,1155.0,6424,423.75,92,1670.75,0.6913062995660632,True
pubmed_gcnii16,8,R3_MOSAIC_ANCHOR,32,52,64,1155.0,20.675944333996025,1155.0,5504,245.0,72,1472.0,0.7846467391304348,True
pubmed_gcnii16,8,R3_MOSAIC_ANCHOR,32,63,64,1155.0,25.04970178926441,1155.0,4912,157.5,72,1384.5,0.8342361863488624,True
pubmed_gcnii16,8,R3_MOSAIC_ANCHOR,32,61,64,1155.0,24.2544731610338,1155.0,5516,357.5,85,1597.5,0.7230046948356808,True
pubmed_gcnii16,8,R3_MOSAIC_ANCHOR,32,61,64,1155.0,24.2544731610338,1155.0,4748,152.5,69,1376.5,0.8390846349436978,True
pubmed_gcnii16,8,R3_MOSAIC_ANCHOR,32,39,64,893.0,15.506958250497018,1155.0,2844,452.5,76,1421.5,0.8125219838199086,True
pubmed_gcnii16,8,R3_MOSAIC_ANCHOR,32,61,64,1155.0,24.2544731610338,1155.0,2892,502.5,96,1753.5,0.6586826347305389,True
pubmed_gcnii16,8,R3_MOSAIC_ANCHOR,32,63,64,1155.0,25.04970178926441,1155.0,4412,456.25,95,1706.25,0.676923076923077,True
pubmed_gcnii16,8,R3_MOSAIC_ANCHOR,32,61,64,1155.0,24.2544731610338,1155.0,4204,192.5,72,1419.5,0.813666784078901,True
pubmed_gcnii16,8,R3_MOSAIC_ANCHOR,32,61,64,1155.0,24.2544731610338,1155.0,3416,368.75,86,1609.75,0.7175027178133251,True
pubmed_gcnii16,8,R3_MOSAIC_ANCHOR,32,61,64,1155.0,24.2544731610338,1155.0,5080,227.5,75,1457.5,0.7924528301886793,True
pubmed_gcnii16,8,R3_MOSAIC_ANCHOR,32,49,64,1155.0,19.4831013916501,1155.0,2816,452.5,79,1686.5,0.6848502816483842,True
pubmed_gcnii16,8,R3_MOSAIC_ANCHOR,32,63,64,1155.0,25.04970178926441,1155.0,4484,433.75,93,1681.75,0.6867845993756504,True
pubmed_gcnii16,8,R3_MOSAIC_ANCHOR,32,63,64,1155.0,25.04970178926441,1155.0,4456,246.25,79,1480.25,0.7802736024320216,True
pubmed_gcnii16,8,R3_MOSAIC_ANCHOR,32,63,64,1155.0,25.04970178926441,1155.0,5408,270.0,81,1506.0,0.7669322709163346,True
pubmed_gcnii16,8,R3_MOSAIC_ANCHOR,32,62,64,1155.0,24.652087475149106,1155.0,7200,375.0,85,1615.0,0.7151702786377709,True
pubmed_gcnii16,8,R3_MOSAIC_ANCHOR,32,63,64,1155.0,25.04970178926441,1155.0,5212,295.0,83,1533.0,0.7534246575342466,True
pubmed_gcnii16,8,R3_MOSAIC_ANCHOR,32,38,64,893.0,15.109343936381707,1155.0,4304,233.75,58,1184.75,0.9748892171344166,True
pubmed_gcnii16,8,R3_MOSAIC_ANCHOR,32,46,64,1155.0,18.290258449304176,1155.0,4732,161.25,59,1375.25,0.8398473004908199,True
pubmed_gcnii16,8,R3_MOSAIC_ANCHOR,32,63,64,1155.0,25.04970178926441,1155.0,4808,463.75,95,1713.75,0.6739606126914661,True
pubmed_gcnii16,8,R3_MOSAIC_ANCHOR,32,41,64,1155.0,16.302186878727635,1155.0,4676,100.0,50,1305.0,0.8850574712643678,True
pubmed_gcnii16,8,R3_MOSAIC_ANCHOR,32,63,64,1155.0,25.04970178926441,1155.0,4676,248.75,78,1481.75,0.7794837185760081,True
pubmed_gcnii16,8,R3_MOSAIC_ANCHOR,32,63,64,1155.0,25.04970178926441,1155.0,4984,406.25,91,1652.25,0.699046754425783,True
pubmed_gcnii16,8,R3_MOSAIC_ANCHOR,32,63,64,1155.0,25.04970178926441,1155.0,4940,186.25,73,1414.25,0.8166872900830829,True
pubmed_gcnii16,8,R3_MOSAIC_ANCHOR,32,62,64,1155.0,24.652087475149106,1155.0,6576,447.5,91,1693.5,0.6820194862710364,True
pubmed_gcnii16,8,R3_MOSAIC_ANCHOR,32,63,64,1155.0,25.04970178926441,1155.0,4044,460.0,93,1708.0,0.6762295081967213,True
pubmed_gcnii16,8,R3_MOSAIC_ANCHOR,32,52,64,1155.0,20.675944333996025,1155.0,4332,117.5,60,1332.5,0.8667917448405253,True
pubmed_gcnii16,8,R3_MOSAIC_ANCHOR,32,63,64,1155.0,25.04970178926441,1155.0,5408,257.5,78,1490.5,0.7749077490774908,True
pubmed_gcnii16,8,R3_MOSAIC_ANCHOR,32,63,64,1155.0,25.04970178926441,1155.0,7792,280.0,82,1517.0,0.7613711272247857,True
pubmed_gcnii16,8,R3_MOSAIC_ANCHOR,32,51,64,1155.0,20.27833001988072,1155.0,4344,322.5,75,1552.5,0.7439613526570048,True
pubmed_gcnii16,8,R3_MOSAIC_ANCHOR,32,63,64,1155.0,25.04970178926441,1155.0,5012,115.0,67,1337.0,0.8638743455497382,True
pubmed_gcnii16,8,R3_MOSAIC_ANCHOR,32,63,64,1155.0,25.04970178926441,1155.0,6088,167.5,72,1394.5,0.8282538544281104,True
pubmed_gcnii16,8,R3_MOSAIC_ANCHOR,32,44,64,1155.0,17.495029821073558,1155.0,4504,238.75,64,1457.75,0.7923169267707083,True
pubmed_gcnii16,8,R3_MOSAIC_ANCHOR,32,38,64,893.0,15.109343936381707,1155.0,4020,340.0,65,1298.0,0.8898305084745762,True
pubmed_gcnii16,8,R3_MOSAIC_ANCHOR,32,54,64,1155.0,21.47117296222664,1155.0,4828,165.0,65,1385.0,0.8339350180505415,True
pubmed_gcnii16,8,R3_MOSAIC_ANCHOR,32,60,64,1155.0,23.856858846918488,1155.0,3900,441.25,90,1686.25,0.6849518161601186,True
pubmed_gcnii16,8,R3_MOSAIC_ANCHOR,32,63,64,1155.0,25.04970178926441,1155.0,7312,256.25,79,1490.25,0.7750377453447408,True
pubmed_gcnii16,8,R3_MOSAIC_ANCHOR,32,47,64,1155.0,18.687872763419485,1155.0,4472,218.75,64,1437.75,0.803338549817423,True
pubmed_gcnii16,8,R3_MOSAIC_ANCHOR,32,61,64,1155.0,24.2544731610338,1155.0,4624,298.75,81,1534.75,0.7525655644241733,True
pubmed_gcnii16,8,R3_MOSAIC_ANCHOR,32,63,64,1155.0,25.04970178926441,1155.0,5284,251.25,79,1485.25,0.7776468607978455,True
pubmed_gcnii16,8,R3_MOSAIC_ANCHOR,32,62,64,1155.0,24.652087475149106,1155.0,5532,158.75,71,1384.75,0.8340855750135403,True
pubmed_gcnii16,8,R3_MOSAIC_ANCHOR,32,63,64,1155.0,25.04970178926441,1155.0,7560,335.0,85,1575.0,0.7333333333333333,True
pubmed_gcnii16,8,R3_MOSAIC_ANCHOR,32,60,64,1155.0,23.856858846918488,1155.0,4748,141.25,68,1364.25,0.8466190214403518,True
pubmed_gcnii16,8,R3_MOSAIC_ANCHOR,32,63,64,1155.0,25.04970178926441,1155.0,7648,306.25,82,1543.25,0.7484205410659323,True
pubmed_gcnii16,8,R3_MOSAIC_ANCHOR,32,50,64,1155.0,19.880715705765407,1155.0,4612,158.75,62,1375.75,0.8395420679629293,True
pubmed_gcnii16,8,R3_MOSAIC_ANCHOR,32,61,64,1155.0,24.2544731610338,1155.0,4616,398.75,89,1642.75,0.7030893319129509,True
pubmed_gcnii16,8,R3_MOSAIC_ANCHOR,32,42,64,1155.0,16.69980119284294,1155.0,4680,192.5,58,1405.5,0.8217716115261473,True
pubmed_gcnii16,8,R3_MOSAIC_ANCHOR,32,63,64,1155.0,25.04970178926441,1155.0,7136,265.0,80,1500.0,0.77,True
pubmed_gcnii16,8,R3_MOSAIC_ANCHOR,32,63,64,1155.0,25.04970178926441,1155.0,6596,565.0,103,1823.0,0.6335710367526056,True
pubmed_gcnii16,8,R3_MOSAIC_ANCHOR,32,61,64,1155.0,24.2544731610338,1155.0,4096,395.0,88,1638.0,0.7051282051282052,True
pubmed_gcnii16,8,R3_MOSAIC_ANCHOR,32,61,64,1155.0,24.2544731610338,1155.0,4500,260.0,77,1492.0,0.7741286863270778,True
pubmed_gcnii16,8,R3_MOSAIC_ANCHOR,32,57,64,1155.0,22.664015904572565,1155.0,3900,446.25,87,1688.25,0.6841403820524211,True
pubmed_gcnii16,8,R3_MOSAIC_ANCHOR,32,63,64,1155.0,25.04970178926441,1155.0,5240,208.75,76,1439.75,0.8022226080916826,True
pubmed_gcnii16,8,R3_MOSAIC_ANCHOR,32,57,64,1155.0,22.664015904572565,1155.0,3556,363.75,82,1600.75,0.7215367796345463,True
pubmed_gcnii16,8,R3_MOSAIC_ANCHOR,32,63,64,1155.0,25.04970178926441,1155.0,4980,130.0,69,1354.0,0.8530280649926145,True
pubmed_gcnii16,8,R3_MOSAIC_ANCHOR,32,58,64,1155.0,23.061630218687878,1155.0,3428,372.5,83,1610.5,0.717168581185967,True
pubmed_gcnii16,8,R3_MOSAIC_ANCHOR,32,63,64,1155.0,25.04970178926441,1155.0,4504,333.75,85,1573.75,0.7339158061953932,True
pubmed_gcnii16,8,R3_MOSAIC_ANCHOR,32,63,64,1155.0,25.04970178926441,1155.0,4712,73.75,64,1292.75,0.8934442080835429,True
pubmed_gcnii16,8,R3_MOSAIC_ANCHOR,32,63,64,1155.0,25.04970178926441,1155.0,5368,220.0,76,1451.0,0.7960027567195038,True
pubmed_gcnii16,8,R3_MOSAIC_ANCHOR,32,58,64,1155.0,23.061630218687878,1155.0,3684,543.75,95,1793.75,0.6439024390243903,True
pubmed_gcnii16,8,R3_MOSAIC_ANCHOR,32,63,64,1155.0,25.04970178926441,1155.0,4420,452.5,93,1700.5,0.679211996471626,True
pubmed_gcnii16,8,R3_MOSAIC_ANCHOR,32,55,64,1155.0,21.868787276341948,1155.0,4344,267.5,74,1496.5,0.7718008686936184,True
pubmed_gcnii16,8,R3_MOSAIC_ANCHOR,32,62,64,1155.0,24.652087475149106,1155.0,3088,352.5,86,1593.5,0.7248195795418889,True
pubmed_gcnii16,8,R3_MOSAIC_ANCHOR,32,63,64,1155.0,25.04970178926441,1155.0,5268,235.0,78,1468.0,0.7867847411444142,True
pubmed_gcnii16,8,R3_MOSAIC_ANCHOR,32,36,64,893.0,14.314115308151091,1155.0,2792,325.0,65,1283.0,0.9002338269680437,True
pubmed_gcnii16,8,R3_MOSAIC_ANCHOR,32,38,64,893.0,15.109343936381707,1155.0,3580,318.75,65,1276.75,0.9046406892500489,True
pubmed_gcnii16,8,R3_MOSAIC_ANCHOR,32,56,64,1155.0,22.266401590457257,1155.0,5320,311.25,77,1543.25,0.7484205410659323,True
pubmed_gcnii16,8,R3_MOSAIC_ANCHOR,32,63,64,1155.0,25.04970178926441,1155.0,7224,351.25,87,1593.25,0.724933312411737,True
pubmed_gcnii16,8,R3_MOSAIC_ANCHOR,32,58,64,1155.0,23.061630218687878,1155.0,4020,406.25,85,1646.25,0.7015945330296127,True
pubmed_gcnii16,8,R3_MOSAIC_ANCHOR,32,60,64,1155.0,23.856858846918488,1155.0,4664,346.25,84,1585.25,0.7285917047784262,True
pubmed_gcnii16,8,R3_MOSAIC_ANCHOR,32,57,64,1155.0,22.664015904572565,1155.0,5844,358.75,82,1595.75,0.7237975873413756,True
pubmed_gcnii16,8,R3_MOSAIC_ANCHOR,32,51,64,1155.0,20.27833001988072,1155.0,4100,431.25,83,1669.25,0.6919275123558485,True
pubmed_gcnii16,8,R3_MOSAIC_ANCHOR,32,63,64,1155.0,25.04970178926441,1155.0,7296,338.75,84,1577.75,0.732055141815877,True
pubmed_gcnii16,8,R3_MOSAIC_ANCHOR,32,63,64,1155.0,25.04970178926441,1155.0,7160,483.75,95,1733.75,0.6661860129776496,True
pubmed_gcnii16,8,R3_MOSAIC_ANCHOR,32,62,64,1155.0,24.652087475149106,1155.0,4212,178.75,73,1406.75,0.8210414074995557,True
pubmed_gcnii16,8,R3_MOSAIC_ANCHOR,32,63,64,1155.0,25.04970178926441,1155.0,6848,400.0,88,1643.0,0.7029823493609252,True
pubmed_gcnii16,8,R3_MOSAIC_ANCHOR,32,63,64,1155.0,25.04970178926441,1155.0,6544,171.25,72,1398.25,0.8260325406758448,True
pubmed_gcnii16,8,R3_MOSAIC_ANCHOR,32,41,64,1155.0,16.302186878727635,1155.0,4020,170.0,55,1380.0,0.8369565217391305,True
pubmed_gcnii16,8,R3_MOSAIC_ANCHOR,32,56,64,1155.0,22.266401590457257,1155.0,4608,132.5,64,1351.5,0.8546059933407325,True
pubmed_gcnii16,8,R3_MOSAIC_ANCHOR,32,58,64,1155.0,23.061630218687878,1155.0,4112,167.5,69,1391.5,0.8300395256916996,True
pubmed_gcnii16,8,R3_MOSAIC_ANCHOR,32,61,64,1155.0,24.2544731610338,1155.0,4416,135.0,68,1358.0,0.8505154639175257,True
pubmed_gcnii16,8,R3_MOSAIC_ANCHOR,32,46,64,1155.0,18.290258449304176,1155.0,4668,70.0,51,1276.0,0.9051724137931034,True
pubmed_gcnii16,8,R3_MOSAIC_ANCHOR,32,51,64,1155.0,20.27833001988072,1155.0,4852,158.75,63,1376.75,0.8389322680225167,True
pubmed_gcnii16,8,R3_MOSAIC_ANCHOR,32,63,64,1155.0,25.04970178926441,1155.0,6864,426.25,92,1673.25,0.6902734199910354,True
pubmed_gcnii16,8,R3_MOSAIC_ANCHOR,32,46,64,1155.0,18.290258449304176,1155.0,4104,197.5,62,1414.5,0.8165429480381761,True
pubmed_gcnii16,8,R3_MOSAIC_ANCHOR,32,41,64,1155.0,16.302186878727635,1155.0,4332,243.75,63,1461.75,0.7901487942534633,True
pubmed_gcnii16,8,R3_MOSAIC_ANCHOR,32,49,64,1155.0,19.4831013916501,1155.0,4728,128.75,59,1342.75,0.8601750139638801,True
pubmed_gcnii16,8,R3_MOSAIC_ANCHOR,32,58,64,1155.0,23.061630218687878,1155.0,4364,201.25,72,1428.25,0.8086819534395239,True
pubmed_gcnii16,8,R3_MOSAIC_ANCHOR,32,61,64,1155.0,24.2544731610338,1155.0,4852,116.25,67,1338.25,0.8630674388193537,True
pubmed_gcnii16,8,R3_MOSAIC_ANCHOR,32,60,64,1155.0,23.856858846918488,1155.0,4888,268.75,78,1501.75,0.7691027135009156,True
pubmed_gcnii16,8,R3_MOSAIC_ANCHOR,32,51,64,1155.0,20.27833001988072,1155.0,4356,188.75,65,1408.75,0.8198757763975155,True
pubmed_gcnii16,8,R3_MOSAIC_ANCHOR,32,63,64,1155.0,25.04970178926441,1155.0,6832,427.5,93,1675.5,0.6893464637421666,True
pubmed_gcnii16,8,R3_MOSAIC_ANCHOR,32,49,64,1155.0,19.4831013916501,1155.0,4316,263.75,70,1488.75,0.7758186397984886,True
pubmed_gcnii16,8,R3_MOSAIC_ANCHOR,32,52,64,1155.0,20.675944333996025,1155.0,4720,218.75,68,1441.75,0.8011097624414774,True
pubmed_gcnii16,8,R3_MOSAIC_ANCHOR,32,63,64,1155.0,25.04970178926441,1155.0,4848,266.25,79,1500.25,0.7698716880519914,True
pubmed_gcnii16,8,R3_MOSAIC_ANCHOR,32,63,64,1155.0,25.04970178926441,1155.0,5544,333.75,85,1573.75,0.7339158061953932,True
pubmed_gcnii16,8,R3_MOSAIC_ANCHOR,32,60,64,1155.0,23.856858846918488,1155.0,4188,172.5,71,1398.5,0.8258848766535574,True
pubmed_gcnii16,8,R3_MOSAIC_ANCHOR,32,62,64,1155.0,24.652087475149106,1155.0,5088,360.0,86,1601.0,0.7214241099312929,True
pubmed_gcnii16,8,R3_MOSAIC_ANCHOR,32,61,64,1155.0,24.2544731610338,1155.0,5012,131.25,68,1354.25,0.8528705925789182,True
pubmed_gcnii16,8,R3_MOSAIC_ANCHOR,32,45,64,1155.0,17.892644135188867,1155.0,4256,158.75,59,1372.75,0.8413767983973776,True
pubmed_gcnii16,8,R3_MOSAIC_ANCHOR,32,61,64,1155.0,24.2544731610338,1155.0,4812,198.75,74,1427.75,0.8089651549641044,True
pubmed_gcnii16,8,R3_MOSAIC_ANCHOR,32,63,64,1155.0,25.04970178926441,1155.0,4688,237.5,77,1469.5,0.7859816264035386,True
pubmed_gcnii16,8,R3_MOSAIC_ANCHOR,32,39,64,893.0,15.506958250497018,1155.0,3964,186.25,56,1135.25,1.017397049108126,True
pubmed_gcnii16,8,R3_MOSAIC_ANCHOR,32,63,64,1155.0,25.04970178926441,1155.0,5960,420.0,93,1668.0,0.6924460431654677,True
pubmed_gcnii16,8,R3_MOSAIC_ANCHOR,32,43,64,1155.0,17.09741550695825,1155.0,4456,142.5,54,1351.5,0.8546059933407325,True
pubmed_gcnii16,8,R3_MOSAIC_ANCHOR,32,38,64,893.0,15.109343936381707,1155.0,3940,185.0,55,1133.0,1.0194174757281553,True
pubmed_gcnii16,8,R3_MOSAIC_ANCHOR,32,57,64,1155.0,22.664015904572565,1155.0,5848,372.5,83,1610.5,0.717168581185967,True
pubmed_gcnii16,8,R3_MOSAIC_ANCHOR,32,63,64,1155.0,25.04970178926441,1155.0,4652,282.5,81,1518.5,0.7606190319394139,True
pubmed_gcnii16,8,R3_MOSAIC_ANCHOR,32,59,64,1155.0,23.45924453280318,1155.0,6552,576.25,97,1828.25,0.6317516750991385,True
pubmed_gcnii16,8,R3_MOSAIC_ANCHOR,32,63,64,1155.0,25.04970178926441,1155.0,7684,278.75,81,1514.75,0.7625020630467074,True
pubmed_gcnii16,8,R3_MOSAIC_ANCHOR,32,62,64,1155.0,24.652087475149106,1155.0,6748,465.0,91,1711.0,0.6750438340151957,True
pubmed_gcnii16,8,R3_MOSAIC_ANCHOR,32,63,64,1155.0,25.04970178926441,1155.0,7084,406.25,90,1651.25,0.6994700984102953,True
pubmed_gcnii16,8,R3_MOSAIC_ANCHOR,32,58,64,1155.0,23.061630218687878,1155.0,5888,425.0,88,1668.0,0.6924460431654677,True
pubmed_gcnii16,8,R3_MOSAIC_ANCHOR,32,57,64,1155.0,22.664015904572565,1155.0,5904,373.75,84,1612.75,0.7161680359634165,True
pubmed_gcnii16,8,R3_MOSAIC_ANCHOR,32,63,64,1155.0,25.04970178926441,1155.0,5652,557.5,103,1815.5,0.6361883778573396,True
pubmed_gcnii16,8,R3_MOSAIC_ANCHOR,32,63,64,1155.0,25.04970178926441,1155.0,7380,391.25,90,1636.25,0.7058823529411765,True
pubmed_gcnii16,8,R3_MOSAIC_ANCHOR,32,57,64,1155.0,22.664015904572565,1155.0,5964,446.25,88,1689.25,0.683735385526121,True
pubmed_gcnii16,8,R3_MOSAIC_ANCHOR,32,63,64,1155.0,25.04970178926441,1155.0,6452,496.25,97,1748.25,0.6606606606606606,True
pubmed_gcnii16,8,R3_MOSAIC_ANCHOR,32,46,64,1155.0,18.290258449304176,1155.0,5696,356.25,73,1584.25,0.7290516017042765,True
pubmed_gcnii16,8,R3_MOSAIC_ANCHOR,32,63,64,1155.0,25.04970178926441,1155.0,7292,416.25,92,1663.25,0.6944235683150458,True
pubmed_gcnii16,8,R3_MOSAIC_ANCHOR,32,57,64,1155.0,22.664015904572565,1155.0,5984,465.0,91,1711.0,0.6750438340151957,True
pubmed_gcnii16,8,R3_MOSAIC_ANCHOR,32,60,64,1155.0,23.856858846918488,1155.0,6572,526.25,93,1774.25,0.6509792870226856,True
pubmed_gcnii16,8,R3_MOSAIC_ANCHOR,32,63,64,1155.0,25.04970178926441,1155.0,4684,140.0,69,1364.0,0.8467741935483871,True
pubmed_gcnii16,8,R3_MOSAIC_ANCHOR,32,63,64,1155.0,25.04970178926441,1155.0,6112,493.75,97,1745.75,0.661606759272519,True
pubmed_gcnii16,8,R3_MOSAIC_ANCHOR,32,57,64,1155.0,22.664015904572565,1155.0,6012,547.5,94,1796.5,0.6429167826328973,True
pubmed_gcnii16,8,R3_MOSAIC_ANCHOR,32,58,64,1155.0,23.061630218687878,1155.0,3320,346.25,82,1583.25,0.7295120795831359,True
pubmed_gcnii16,8,R3_MOSAIC_ANCHOR,32,60,64,1155.0,23.856858846918488,1155.0,5256,272.5,79,1506.5,0.7666777298373714,True
pubmed_gcnii16,8,R3_MOSAIC_ANCHOR,32,63,64,1155.0,25.04970178926441,1155.0,7596,241.25,78,1474.25,0.783449211463456,True
pubmed_gcnii16,8,R3_MOSAIC_ANCHOR,32,55,64,1155.0,21.868787276341948,1155.0,4428,417.5,85,1657.5,0.6968325791855203,True
pubmed_gcnii16,8,R3_MOSAIC_ANCHOR,32,53,64,1155.0,21.073558648111334,1155.0,4916,252.5,72,1479.5,0.7806691449814126,True
pubmed_gcnii16,8,R3_MOSAIC_ANCHOR,32,63,64,1155.0,25.04970178926441,1155.0,5328,261.25,79,1495.25,0.7724460792509614,True
pubmed_gcnii16,8,R3_MOSAIC_ANCHOR,32,63,64,1155.0,25.04970178926441,1155.0,6720,416.25,90,1661.25,0.6952595936794582,True
pubmed_gcnii16,8,R3_MOSAIC_ANCHOR,32,40,64,893.0,15.904572564612328,1155.0,4312,266.25,61,1220.25,0.9465273509526736,True
pubmed_gcnii16,8,R3_MOSAIC_ANCHOR,32,61,64,1155.0,24.2544731610338,1155.0,4260,347.5,85,1587.5,0.7275590551181103,True
pubmed_gcnii16,8,R3_MOSAIC_ANCHOR,32,52,64,1155.0,20.675944333996025,1155.0,4744,150.0,63,1368.0,0.8442982456140351,True
pubmed_gcnii16,8,R3_MOSAIC_ANCHOR,32,63,64,1155.0,25.04970178926441,1155.0,5964,412.5,91,1658.5,0.6964124208622249,True
pubmed_gcnii16,8,R3_MOSAIC_ANCHOR,32,53,64,1155.0,21.073558648111334,1155.0,4240,182.5,67,1404.5,0.8223567105731577,True
pubmed_gcnii16,8,R3_MOSAIC_ANCHOR,32,63,64,1155.0,25.04970178926441,1155.0,6868,357.5,88,1600.5,0.7216494845360825,True
pubmed_gcnii16,8,R3_MOSAIC_ANCHOR,32,60,64,1155.0,23.856858846918488,1155.0,5960,371.25,85,1611.25,0.7168347556245152,True
pubmed_gcnii16,8,R3_MOSAIC_ANCHOR,32,33,64,893.0,13.121272365805169,1155.0,3428,272.5,58,1223.5,0.9440130772374336,True
pubmed_gcnii16,8,R3_MOSAIC_ANCHOR,32,63,64,1155.0,25.04970178926441,1155.0,6368,418.75,90,1663.75,0.6942148760330579,True
pubmed_gcnii16,8,R3_MOSAIC_ANCHOR,32,63,64,1155.0,25.04970178926441,1155.0,4656,382.5,89,1626.5,0.7101137411620043,True
pubmed_gcnii16,8,R3_MOSAIC_ANCHOR,32,59,64,1155.0,23.45924453280318,1155.0,6012,378.75,84,1617.75,0.7139545665275846,True
pubmed_gcnii16,8,R3_MOSAIC_ANCHOR,32,63,64,1155.0,25.04970178926441,1155.0,3872,346.25,85,1586.25,0.7281323877068558,True
pubmed_gcnii16,8,R3_MOSAIC_ANCHOR,32,54,64,1155.0,21.47117296222664,1155.0,4660,323.75,78,1556.75,0.7419303035169423,True
pubmed_gcnii16,8,R3_MOSAIC_ANCHOR,32,63,64,1155.0,25.04970178926441,1155.0,6460,370.0,88,1613.0,0.7160570365778053,True
pubmed_gcnii16,8,R3_MOSAIC_ANCHOR,5,46,64,939.0,3.6392405063291138,939.0,912,65.0,28,1032.0,0.9098837209302325,True
pubmed_gcnii16,12,R3_MOSAIC_ANCHOR,32,50,64,1155.0,19.880715705765407,1155.0,5984,86.25,55,1296.25,0.8910318225650916,True
pubmed_gcnii16,12,R3_MOSAIC_ANCHOR,32,48,64,1155.0,19.08548707753479,1155.0,3912,213.75,65,1433.75,0.8055797733217088,True
pubmed_gcnii16,12,R3_MOSAIC_ANCHOR,32,64,64,1155.0,25.447316103379723,1155.0,6148,325.0,87,1567.0,0.7370772176132737,True
pubmed_gcnii16,12,R3_MOSAIC_ANCHOR,32,64,64,1155.0,25.447316103379723,1155.0,6860,193.75,76,1424.75,0.8106685383400597,True
pubmed_gcnii16,12,R3_MOSAIC_ANCHOR,32,64,64,1155.0,25.447316103379723,1155.0,5260,176.25,74,1405.25,0.821917808219178,True
pubmed_gcnii16,12,R3_MOSAIC_ANCHOR,32,64,64,1155.0,25.447316103379723,1155.0,5192,291.25,84,1530.25,0.7547786309426564,True
pubmed_gcnii16,12,R3_MOSAIC_ANCHOR,32,62,64,1155.0,24.652087475149106,1155.0,6304,220.0,76,1451.0,0.7960027567195038,True
pubmed_gcnii16,12,R3_MOSAIC_ANCHOR,32,64,64,1155.0,25.447316103379723,1155.0,3628,233.75,79,1467.75,0.7869187531936638,True
pubmed_gcnii16,12,R3_MOSAIC_ANCHOR,32,64,64,1155.0,25.447316103379723,1155.0,6728,290.0,83,1528.0,0.7558900523560209,True
pubmed_gcnii16,12,R3_MOSAIC_ANCHOR,32,50,64,1155.0,19.880715705765407,1155.0,6056,93.75,55,1303.75,0.8859060402684564,True
pubmed_gcnii16,12,R3_MOSAIC_ANCHOR,32,43,64,1155.0,17.09741550695825,1155.0,4136,302.5,68,1525.5,0.7571288102261554,True
pubmed_gcnii16,12,R3_MOSAIC_ANCHOR,32,51,64,1155.0,20.27833001988072,1155.0,4324,203.75,68,1426.75,0.8095321534957071,True
pubmed_gcnii16,12,R3_MOSAIC_ANCHOR,32,60,64,1155.0,23.856858846918488,1155.0,6484,171.25,70,1396.25,0.8272157564905999,True
pubmed_gcnii16,12,R3_MOSAIC_ANCHOR,32,64,64,1155.0,25.447316103379723,1155.0,5532,207.5,77,1439.5,0.8023619312261202,True
pubmed_gcnii16,12,R3_MOSAIC_ANCHOR,32,52,64,1155.0,20.675944333996025,1155.0,3672,128.75,61,1344.75,0.8588957055214724,True
pubmed_gcnii16,12,R3_MOSAIC_ANCHOR,32,64,64,1155.0,25.447316103379723,1155.0,7632,116.25,69,1340.25,0.8617795187465025,True
pubmed_gcnii16,12,R3_MOSAIC_ANCHOR,32,57,64,1155.0,22.664015904572565,1155.0,4600,243.75,75,1473.75,0.7837150127226463,True
pubmed_gcnii16,12,R3_MOSAIC_ANCHOR,32,64,64,1155.0,25.447316103379723,1155.0,5964,221.25,78,1454.25,0.7942238267148014,True
pubmed_gcnii16,12,R3_MOSAIC_ANCHOR,32,30,64,577.0,23.90438247011952,1155.0,2848,132.5,45,754.5,1.5308151093439364,True
pubmed_gcnii16,12,R3_MOSAIC_ANCHOR,32,64,64,1155.0,25.447316103379723,1155.0,6632,241.25,79,1475.25,0.7829181494661922,True
pubmed_gcnii16,12,R3_MOSAIC_ANCHOR,32,64,64,1155.0,25.447316103379723,1155.0,6312,227.5,79,1461.5,0.7902839548409168,True
pubmed_gcnii16,12,R3_MOSAIC_ANCHOR,32,61,64,1155.0,24.2544731610338,1155.0,4772,318.75,82,1555.75,0.7424071991001124,True
pubmed_gcnii16,12,R3_MOSAIC_ANCHOR,32,64,64,1155.0,25.447316103379723,1155.0,4792,241.25,80,1476.25,0.7823878069432684,True
pubmed_gcnii16,12,R3_MOSAIC_ANCHOR,32,64,64,1155.0,25.447316103379723,1155.0,7052,172.5,73,1400.5,0.8247054623348804,True
pubmed_gcnii16,12,R3_MOSAIC_ANCHOR,32,60,64,1155.0,23.856858846918488,1155.0,5768,173.75,72,1400.75,0.8245582723540961,True
pubmed_gcnii16,12,R3_MOSAIC_ANCHOR,32,64,64,1155.0,25.447316103379723,1155.0,7076,205.0,77,1437.0,0.8037578288100209,True
pubmed_gcnii16,12,R3_MOSAIC_ANCHOR,32,57,64,1155.0,22.664015904572565,1155.0,3520,291.25,79,1525.25,0.7572529093591215,True
pubmed_gcnii16,12,R3_MOSAIC_ANCHOR,32,52,64,1155.0,20.675944333996025,1155.0,5976,131.25,61,1347.25,0.8573019113007979,True
pubmed_gcnii16,12,R3_MOSAIC_ANCHOR,32,60,64,1155.0,23.856858846918488,1155.0,6104,203.75,73,1431.75,0.8067050811943426,True
pubmed_gcnii16,12,R3_MOSAIC_ANCHOR,32,50,64,1155.0,19.880715705765407,1155.0,4240,133.75,60,1348.75,0.8563484708063022,True
pubmed_gcnii16,12,R3_MOSAIC_ANCHOR,32,64,64,1155.0,25.447316103379723,1155.0,4872,243.75,80,1478.75,0.7810650887573964,True
pubmed_gcnii16,12,R3_MOSAIC_ANCHOR,32,64,64,1155.0,25.447316103379723,1155.0,7212,125.0,70,1350.0,0.8555555555555555,True
pubmed_gcnii16,12,R3_MOSAIC_ANCHOR,32,58,64,1155.0,23.061630218687878,1155.0,4360,296.25,79,1530.25,0.7547786309426564,True
pubmed_gcnii16,12,R3_MOSAIC_ANCHOR,32,64,64,1155.0,25.447316103379723,1155.0,6040,253.75,81,1489.75,0.7752978687699278,True
pubmed_gcnii16,12,R3_MOSAIC_ANCHOR,32,54,64,1155.0,21.47117296222664,1155.0,3676,275.0,75,1505.0,0.7674418604651163,True
pubmed_gcnii16,12,R3_MOSAIC_ANCHOR,32,64,64,1155.0,25.447316103379723,1155.0,7436,141.25,71,1367.25,0.8447613823368074,True
pubmed_gcnii16,12,R3_MOSAIC_ANCHOR,32,57,64,1155.0,22.664015904572565,1155.0,4712,261.25,76,1492.25,0.7739989948065003,True
pubmed_gcnii16,12,R3_MOSAIC_ANCHOR,32,55,64,1155.0,21.868787276341948,1155.0,4224,278.75,77,1510.75,0.7645209333112692,True
pubmed_gcnii16,12,R3_MOSAIC_ANCHOR,32,58,64,1155.0,23.061630218687878,1155.0,5760,175.0,70,1400.0,0.825,True
pubmed_gcnii16,12,R3_MOSAIC_ANCHOR,32,64,64,1155.0,25.447316103379723,1155.0,7076,213.75,78,1446.75,0.7983411093831001,True
pubmed_gcnii16,12,R3_MOSAIC_ANCHOR,32,64,64,1155.0,25.447316103379723,1155.0,6328,188.75,75,1418.75,0.8140969162995595,True
pubmed_gcnii16,12,R3_MOSAIC_ANCHOR,32,53,64,1155.0,21.073558648111334,1155.0,4624,201.25,68,1424.25,0.8109531332280148,True
pubmed_gcnii16,12,R3_MOSAIC_ANCHOR,32,62,64,1155.0,24.652087475149106,1155.0,3984,216.25,76,1447.25,0.7980652962515115,True
pubmed_gcnii16,12,R3_MOSAIC_ANCHOR,32,64,64,1155.0,25.447316103379723,1155.0,7512,148.75,72,1375.75,0.8395420679629293,True
pubmed_gcnii16,12,R3_MOSAIC_ANCHOR,32,60,64,1155.0,23.856858846918488,1155.0,6496,256.25,78,1489.25,0.7755581668625147,True
pubmed_gcnii16,12,R3_MOSAIC_ANCHOR,32,64,64,1155.0,25.447316103379723,1155.0,5148,278.75,84,1517.75,0.7609948937572064,True
pubmed_gcnii16,12,R3_MOSAIC_ANCHOR,32,52,64,1155.0,20.675944333996025,1155.0,4880,241.25,70,1466.25,0.7877237851662404,True
pubmed_gcnii16,12,R3_MOSAIC_ANCHOR,32,64,64,1155.0,25.447316103379723,1155.0,7608,157.5,72,1384.5,0.8342361863488624,True
pubmed_gcnii16,12,R3_MOSAIC_ANCHOR,32,64,64,1155.0,25.447316103379723,1155.0,7676,106.25,68,1329.25,0.8689110400601843,True
pubmed_gcnii16,12,R3_MOSAIC_ANCHOR,32,64,64,1155.0,25.447316103379723,1155.0,4820,163.75,72,1390.75,0.8304871472227215,True
pubmed_gcnii16,12,R3_MOSAIC_ANCHOR,32,63,64,1155.0,25.04970178926441,1155.0,7752,88.75,65,1308.75,0.8825214899713467,True
pubmed_gcnii16,12,R3_MOSAIC_ANCHOR,32,59,64,1155.0,23.45924453280318,1155.0,6472,250.0,76,1481.0,0.7798784604996624,True
pubmed_gcnii16,12,R3_MOSAIC_ANCHOR,32,60,64,1155.0,23.856858846918488,1155.0,6688,226.25,75,1456.25,0.7931330472103004,True
pubmed_gcnii16,12,R3_MOSAIC_ANCHOR,32,64,64,1155.0,25.447316103379723,1155.0,4664,232.5,77,1464.5,0.7886650734038921,True
pubmed_gcnii16,12,R3_MOSAIC_ANCHOR,32,60,64,1155.0,23.856858846918488,1155.0,6176,161.25,69,1385.25,0.8337845154304278,True
pubmed_gcnii16,12,R3_MOSAIC_ANCHOR,32,64,64,1155.0,25.447316103379723,1155.0,7612,132.5,70,1357.5,0.850828729281768,True
pubmed_gcnii16,12,R3_MOSAIC_ANCHOR,32,53,64,1155.0,21.073558648111334,1155.0,5184,157.5,64,1376.5,0.8390846349436978,True
pubmed_gcnii16,12,R3_MOSAIC_ANCHOR,32,64,64,1155.0,25.447316103379723,1155.0,4788,168.75,73,1396.75,0.8269196348666548,True
pubmed_gcnii16,12,R3_MOSAIC_ANCHOR,32,64,64,1155.0,25.447316103379723,1155.0,6324,201.25,76,1432.25,0.8064234595915517,True
pubmed_gcnii16,12,R3_MOSAIC_ANCHOR,32,64,64,1155.0,25.447316103379723,1155.0,6556,260.0,82,1497.0,0.7715430861723447,True
pubmed_gcnii16,12,R3_MOSAIC_ANCHOR,32,60,64,1155.0,23.856858846918488,1155.0,6556,241.25,76,1472.25,0.7845134997452878,True
pubmed_gcnii16,12,R3_MOSAIC_ANCHOR,32,38,64,893.0,15.109343936381707,1155.0,2992,223.75,59,1175.75,0.9823516904103764,True
pubmed_gcnii16,12,R3_MOSAIC_ANCHOR,32,58,64,1155.0,23.061630218687878,1155.0,5304,280.0,80,1515.0,0.7623762376237624,True
pubmed_gcnii16,12,R3_MOSAIC_ANCHOR,32,48,64,1155.0,19.08548707753479,1155.0,5628,166.25,61,1382.25,0.8355941399891481,True
pubmed_gcnii16,12,R3_MOSAIC_ANCHOR,32,53,64,1155.0,21.073558648111334,1155.0,5724,213.75,70,1438.75,0.8027801911381407,True
pubmed_gcnii16,12,R3_MOSAIC_ANCHOR,32,48,64,1155.0,19.08548707753479,1155.0,4028,220.0,66,1441.0,0.8015267175572519,True
pubmed_gcnii16,12,R3_MOSAIC_ANCHOR,32,64,64,1155.0,25.447316103379723,1155.0,6784,230.0,80,1465.0,0.78839590443686,True
pubmed_gcnii16,12,R3_MOSAIC_ANCHOR,32,48,64,1155.0,19.08548707753479,1155.0,3520,256.25,68,1479.25,0.780801081629204,True
pubmed_gcnii16,12,R3_MOSAIC_ANCHOR,32,52,64,1155.0,20.675944333996025,1155.0,4096,322.5,77,1554.5,0.7430041814088131,True
pubmed_gcnii16,12,R3_MOSAIC_ANCHOR,32,57,64,1155.0,22.664015904572565,1155.0,3732,271.25,77,1503.25,0.7683352735739232,True
pubmed_gcnii16,12,R3_MOSAIC_ANCHOR,32,64,64,1155.0,25.447316103379723,1155.0,6052,212.5,78,1445.5,0.7990314769975787,True
pubmed_gcnii16,12,R3_MOSAIC_ANCHOR,32,27,64,577.0,21.51394422310757,1155.0,2916,121.25,41,739.25,1.5623943185661142,True
pubmed_gcnii16,12,R3_MOSAIC_ANCHOR,32,60,64,1155.0,23.856858846918488,1155.0,6020,206.25,74,1435.25,0.8047378505486849,True
pubmed_gcnii16,12,R3_MOSAIC_ANCHOR,32,57,64,1155.0,22.664015904572565,1155.0,4756,265.0,77,1497.0,0.7715430861723447,True
pubmed_gcnii16,12,R3_MOSAIC_ANCHOR,32,34,64,893.0,13.518886679920476,1155.0,2964,160.0,50,1103.0,1.0471441523118767,True
pubmed_gcnii16,12,R3_MOSAIC_ANCHOR,32,64,64,1155.0,25.447316103379723,1155.0,7536,203.75,77,1435.75,0.8044576005572001,True
pubmed_gcnii16,12,R3_MOSAIC_ANCHOR,32,53,64,1155.0,21.073558648111334,1155.0,5692,215.0,70,1440.0,0.8020833333333334,True
pubmed_gcnii16,12,R3_MOSAIC_ANCHOR,32,64,64,1155.0,25.447316103379723,1155.0,5184,273.75,84,1512.75,0.7635101636093208,True
pubmed_gcnii16,12,R3_MOSAIC_ANCHOR,32,59,64,1155.0,23.45924453280318,1155.0,3616,202.5,73,1430.5,0.8074099965047187,True
pubmed_gcnii16,12,R3_MOSAIC_ANCHOR,32,64,64,1155.0,25.447316103379723,1155.0,7292,182.5,75,1412.5,0.8176991150442477,True
pubmed_gcnii16,12,R3_MOSAIC_ANCHOR,32,64,64,1155.0,25.447316103379723,1155.0,4824,196.25,77,1428.25,0.8086819534395239,True
pubmed_gcnii16,12,R3_MOSAIC_ANCHOR,32,60,64,1155.0,23.856858846918488,1155.0,6604,236.25,75,1466.25,0.7877237851662404,True
pubmed_gcnii16,12,R3_MOSAIC_ANCHOR,32,64,64,1155.0,25.447316103379723,1155.0,3904,216.25,77,1448.25,0.797514241325738,True
pubmed_gcnii16,12,R3_MOSAIC_ANCHOR,32,64,64,1155.0,25.447316103379723,1155.0,6008,152.5,71,1378.5,0.8378672470076169,True
pubmed_gcnii16,12,R3_MOSAIC_ANCHOR,32,64,64,1155.0,25.447316103379723,1155.0,6752,215.0,76,1446.0,0.7987551867219918,True
pubmed_gcnii16,12,R3_MOSAIC_ANCHOR,32,64,64,1155.0,25.447316103379723,1155.0,5832,190.0,76,1421.0,0.812807881773399,True
pubmed_gcnii16,12,R3_MOSAIC_ANCHOR,32,46,64,1155.0,18.290258449304176,1155.0,3740,323.75,72,1550.75,0.744800902788973,True
pubmed_gcnii16,12,R3_MOSAIC_ANCHOR,32,64,64,1155.0,25.447316103379723,1155.0,6584,232.5,79,1466.5,0.7875894988066826,True
pubmed_gcnii16,12,R3_MOSAIC_ANCHOR,32,55,64,1155.0,21.868787276341948,1155.0,5252,252.5,74,1481.5,0.7796152548093149,True
pubmed_gcnii16,12,R3_MOSAIC_ANCHOR,32,64,64,1155.0,25.447316103379723,1155.0,4880,241.25,79,1475.25,0.7829181494661922,True
pubmed_gcnii16,12,R3_MOSAIC_ANCHOR,32,64,64,1155.0,25.447316103379723,1155.0,7028,196.25,76,1427.25,0.8092485549132948,True
pubmed_gcnii16,12,R3_MOSAIC_ANCHOR,32,36,64,893.0,14.314115308151091,1155.0,2968,170.0,52,1115.0,1.0358744394618835,True
pubmed_gcnii16,12,R3_MOSAIC_ANCHOR,32,47,64,1155.0,18.687872763419485,1155.0,4736,322.5,72,1549.5,0.7454017424975798,True
pubmed_gcnii16,12,R3_MOSAIC_ANCHOR,32,64,64,1155.0,25.447316103379723,1155.0,5244,313.75,86,1554.75,0.7428847081524361,True
pubmed_gcnii16,12,R3_MOSAIC_ANCHOR,32,64,64,1155.0,25.447316103379723,1155.0,7920,131.25,70,1356.25,0.8516129032258064,True
pubmed_gcnii16,12,R3_MOSAIC_ANCHOR,32,64,64,1155.0,25.447316103379723,1155.0,4032,173.75,75,1403.75,0.8227960819234195,True
pubmed_gcnii16,12,R3_MOSAIC_ANCHOR,32,60,64,1155.0,23.856858846918488,1155.0,4864,282.5,79,1516.5,0.76162215628091,True
pubmed_gcnii16,12,R3_MOSAIC_ANCHOR,32,57,64,1155.0,22.664015904572565,1155.0,5540,197.5,71,1423.5,0.8113804004214963,True
pubmed_gcnii16,12,R3_MOSAIC_ANCHOR,32,38,64,893.0,15.109343936381707,1155.0,3136,183.75,56,1132.75,1.0196424630324432,True
pubmed_gcnii16,12,R3_MOSAIC_ANCHOR,32,64,64,1155.0,25.447316103379723,1155.0,7468,172.5,74,1401.5,0.8241170174812701,True
pubmed_gcnii16,12,R3_MOSAIC_ANCHOR,32,63,64,1155.0,25.04970178926441,1155.0,4800,173.75,72,1400.75,0.8245582723540961,True
pubmed_gcnii16,12,R3_MOSAIC_ANCHOR,32,64,64,1155.0,25.447316103379723,1155.0,4356,247.5,81,1483.5,0.7785642062689585,True
pubmed_gcnii16,12,R3_MOSAIC_ANCHOR,32,62,64,1155.0,24.652087475149106,1155.0,5292,337.5,87,1579.5,0.7312440645773979,True
pubmed_gcnii16,12,R3_MOSAIC_ANCHOR,32,39,64,893.0,15.506958250497018,1155.0,3308,293.75,64,1250.75,0.9234459324405356,True
pubmed_gcnii16,12,R3_MOSAIC_ANCHOR,32,64,64,1155.0,25.447316103379723,1155.0,5200,197.5,76,1428.5,0.8085404270213511,True
pubmed_gcnii16,12,R3_MOSAIC_ANCHOR,32,64,64,1155.0,25.447316103379723,1155.0,5836,173.75,74,1402.75,0.8233826412404206,True
pubmed_gcnii16,12,R3_MOSAIC_ANCHOR,32,62,64,1155.0,24.652087475149106,1155.0,3956,193.75,75,1423.75,0.8112379280070237,True
pubmed_gcnii16,12,R3_MOSAIC_ANCHOR,32,64,64,1155.0,25.447316103379723,1155.0,5584,120.0,69,1344.0,0.859375,True
pubmed_gcnii16,12,R3_MOSAIC_ANCHOR,32,64,64,1155.0,25.447316103379723,1155.0,7160,140.0,71,1366.0,0.8455344070278185,True
pubmed_gcnii16,12,R3_MOSAIC_ANCHOR,32,64,64,1155.0,25.447316103379723,1155.0,6024,236.25,80,1471.25,0.7850467289719626,True
pubmed_gcnii16,12,R3_MOSAIC_ANCHOR,32,56,64,1155.0,22.266401590457257,1155.0,5716,187.5,69,1411.5,0.8182784272051009,True
pubmed_gcnii16,12,R3_MOSAIC_ANCHOR,32,47,64,1155.0,18.687872763419485,1155.0,4444,241.25,67,1463.25,0.7893388006150692,True
pubmed_gcnii16,12,R3_MOSAIC_ANCHOR,32,57,64,1155.0,22.664015904572565,1155.0,5588,150.0,67,1372.0,0.8418367346938775,True
pubmed_gcnii16,12,R3_MOSAIC_ANCHOR,32,57,64,1155.0,22.664015904572565,1155.0,5216,295.0,79,1529.0,0.7553956834532374,True
pubmed_gcnii16,12,R3_MOSAIC_ANCHOR,32,47,64,1155.0,18.687872763419485,1155.0,3260,243.75,67,1465.75,0.7879924953095685,True
pubmed_gcnii16,12,R3_MOSAIC_ANCHOR,32,55,64,1155.0,21.868787276341948,1155.0,5536,178.75,68,1401.75,0.8239700374531835,True
pubmed_gcnii16,12,R3_MOSAIC_ANCHOR,32,59,64,1155.0,23.45924453280318,1155.0,4828,273.75,79,1507.75,0.7660421157353673,True
pubmed_gcnii16,12,R3_MOSAIC_ANCHOR,32,52,64,1155.0,20.675944333996025,1155.0,3604,248.75,71,1474.75,0.7831835904390575,True
pubmed_gcnii16,12,R3_MOSAIC_ANCHOR,32,64,64,1155.0,25.447316103379723,1155.0,6636,201.25,77,1433.25,0.8058608058608059,True
pubmed_gcnii16,12,R3_MOSAIC_ANCHOR,32,28,64,577.0,22.310756972111555,1155.0,2764,111.25,41,729.25,1.5838189921151868,True
pubmed_gcnii16,12,R3_MOSAIC_ANCHOR,32,64,64,1155.0,25.447316103379723,1155.0,7012,171.25,74,1400.25,0.8248527048741296,True
pubmed_gcnii16,12,R3_MOSAIC_ANCHOR,32,63,64,1155.0,25.04970178926441,1155.0,5096,375.0,89,1619.0,0.7134033353922175,True
pubmed_gcnii16,12,R3_MOSAIC_ANCHOR,32,64,64,1155.0,25.447316103379723,1155.0,7500,123.75,70,1348.75,0.8563484708063022,True
pubmed_gcnii16,12,R3_MOSAIC_ANCHOR,32,64,64,1155.0,25.447316103379723,1155.0,6204,178.75,75,1408.75,0.8198757763975155,True
pubmed_gcnii16,12,R3_MOSAIC_ANCHOR,32,50,64,1155.0,19.880715705765407,1155.0,5976,127.5,59,1341.5,0.8609765188222139,True
pubmed_gcnii16,12,R3_MOSAIC_ANCHOR,32,64,64,1155.0,25.447316103379723,1155.0,4524,230.0,79,1464.0,0.7889344262295082,True
pubmed_gcnii16,12,R3_MOSAIC_ANCHOR,32,64,64,1155.0,25.447316103379723,1155.0,6816,228.75,79,1462.75,0.7896086139121518,True
pubmed_gcnii16,12,R3_MOSAIC_ANCHOR,32,64,64,1155.0,25.447316103379723,1155.0,7224,151.25,72,1378.25,0.8380192272809722,True
pubmed_gcnii16,12,R3_MOSAIC_ANCHOR,32,64,64,1155.0,25.447316103379723,1155.0,6836,176.25,73,1404.25,0.8225031155421043,True
pubmed_gcnii16,12,R3_MOSAIC_ANCHOR,32,54,64,1155.0,21.47117296222664,1155.0,5660,142.5,64,1361.5,0.8483290488431876,True
pubmed_gcnii16,12,R3_MOSAIC_ANCHOR,32,60,64,1155.0,23.856858846918488,1155.0,5564,185.0,72,1412.0,0.8179886685552408,True
pubmed_gcnii16,12,R3_MOSAIC_ANCHOR,32,60,64,1155.0,23.856858846918488,1155.0,6640,210.0,74,1439.0,0.802640722724114,True
pubmed_gcnii16,12,R3_MOSAIC_ANCHOR,32,58,64,1155.0,23.061630218687878,1155.0,6544,196.25,71,1422.25,0.8120935137985587,True
pubmed_gcnii16,12,R3_MOSAIC_ANCHOR,32,64,64,1155.0,25.447316103379723,1155.0,7848,117.5,69,1341.5,0.8609765188222139,True
pubmed_gcnii16,12,R3_MOSAIC_ANCHOR,32,60,64,1155.0,23.856858846918488,1155.0,5640,177.5,72,1404.5,0.8223567105731577,True
pubmed_gcnii16,12,R3_MOSAIC_ANCHOR,32,64,64,1155.0,25.447316103379723,1155.0,6420,231.25,78,1464.25,0.7887997268226055,True
pubmed_gcnii16,12,R3_MOSAIC_ANCHOR,32,63,64,1155.0,25.04970178926441,1155.0,4892,278.75,83,1516.75,0.7614966210647767,True
pubmed_gcnii16,12,R3_MOSAIC_ANCHOR,32,64,64,1155.0,25.447316103379723,1155.0,6148,205.0,77,1437.0,0.8037578288100209,True
pubmed_gcnii16,12,R3_MOSAIC_ANCHOR,32,64,64,1155.0,25.447316103379723,1155.0,6852,103.75,67,1325.75,0.8712049783141618,True
pubmed_gcnii16,12,R3_MOSAIC_ANCHOR,32,61,64,1155.0,24.2544731610338,1155.0,4012,332.5,85,1572.5,0.7344992050874404,True
pubmed_gcnii16,12,R3_MOSAIC_ANCHOR,32,62,64,1155.0,24.652087475149106,1155.0,5240,180.0,73,1408.0,0.8203125,True
pubmed_gcnii16,12,R3_MOSAIC_ANCHOR,32,64,64,1155.0,25.447316103379723,1155.0,5052,166.25,73,1394.25,0.8284023668639053,True
pubmed_gcnii16,12,R3_MOSAIC_ANCHOR,32,61,64,1155.0,24.2544731610338,1155.0,4744,302.5,82,1539.5,0.7502435855797337,True
pubmed_gcnii16,12,R3_MOSAIC_ANCHOR,32,64,64,1155.0,25.447316103379723,1155.0,4552,181.25,75,1411.25,0.8184233835252436,True
pubmed_gcnii16,12,R3_MOSAIC_ANCHOR,32,63,64,1155.0,25.04970178926441,1155.0,7396,152.5,72,1379.5,0.8372598767669446,True
pubmed_gcnii16,12,R3_MOSAIC_ANCHOR,32,64,64,1155.0,25.447316103379723,1155.0,5344,216.25,77,1448.25,0.797514241325738,True
pubmed_gcnii16,12,R3_MOSAIC_ANCHOR,32,64,64,1155.0,25.447316103379723,1155.0,7800,162.5,73,1390.5,0.8306364617044228,True
pubmed_gcnii16,12,R3_MOSAIC_ANCHOR,32,64,64,1155.0,25.447316103379723,1155.0,6536,205.0,77,1437.0,0.8037578288100209,True
pubmed_gcnii16,12,R3_MOSAIC_ANCHOR,32,63,64,1155.0,25.04970178926441,1155.0,7300,153.75,71,1379.75,0.8371081717702482,True
pubmed_gcnii16,12,R3_MOSAIC_ANCHOR,32,62,64,1155.0,24.652087475149106,1155.0,5076,277.5,81,1513.5,0.7631318136769079,True
pubmed_gcnii16,12,R3_MOSAIC_ANCHOR,32,64,64,1155.0,25.447316103379723,1155.0,6432,127.5,70,1352.5,0.8539741219963032,True
pubmed_gcnii16,12,R3_MOSAIC_ANCHOR,32,64,64,1155.0,25.447316103379723,1155.0,7200,138.75,71,1364.75,0.8463088477743176,True
pubmed_gcnii16,12,R3_MOSAIC_ANCHOR,32,52,64,1155.0,20.675944333996025,1155.0,4712,98.75,58,1311.75,0.8805031446540881,True
pubmed_gcnii16,12,R3_MOSAIC_ANCHOR,32,60,64,1155.0,23.856858846918488,1155.0,5284,286.25,81,1522.25,0.7587452783708326,True
pubmed_gcnii16,12,R3_MOSAIC_ANCHOR,32,64,64,1155.0,25.447316103379723,1155.0,7272,156.25,73,1384.25,0.8343868520859671,True
pubmed_gcnii16,12,R3_MOSAIC_ANCHOR,32,62,64,1155.0,24.652087475149106,1155.0,4912,278.75,81,1514.75,0.7625020630467074,True
pubmed_gcnii16,12,R3_MOSAIC_ANCHOR,32,58,64,1155.0,23.061630218687878,1155.0,5132,182.5,71,1408.5,0.820021299254526,True
pubmed_gcnii16,12,R3_MOSAIC_ANCHOR,32,64,64,1155.0,25.447316103379723,1155.0,7132,170.0,74,1399.0,0.825589706933524,True
pubmed_gcnii16,12,R3_MOSAIC_ANCHOR,32,56,64,1155.0,22.266401590457257,1155.0,4760,157.5,66,1378.5,0.8378672470076169,True
pubmed_gcnii16,12,R3_MOSAIC_ANCHOR,32,62,64,1155.0,24.652087475149106,1155.0,4820,268.75,80,1503.75,0.7680798004987531,True
pubmed_gcnii16,12,R3_MOSAIC_ANCHOR,32,64,64,1155.0,25.447316103379723,1155.0,5064,340.0,86,1581.0,0.7305502846299811,True
pubmed_gcnii16,12,R3_MOSAIC_ANCHOR,32,52,64,1155.0,20.675944333996025,1155.0,5444,117.5,60,1332.5,0.8667917448405253,True
pubmed_gcnii16,12,R3_MOSAIC_ANCHOR,32,64,64,1155.0,25.447316103379723,1155.0,6520,220.0,77,1452.0,0.7954545454545454,True
pubmed_gcnii16,12,R3_MOSAIC_ANCHOR,32,64,64,1155.0,25.447316103379723,1155.0,7676,143.75,71,1369.75,0.8432195656141631,True
pubmed_gcnii16,12,R3_MOSAIC_ANCHOR,32,56,64,1155.0,22.266401590457257,1155.0,5848,141.25,65,1361.25,0.8484848484848485,True
pubmed_gcnii16,12,R3_MOSAIC_ANCHOR,32,64,64,1155.0,25.447316103379723,1155.0,5880,206.25,78,1439.25,0.8025013027618552,True
pubmed_gcnii16,12,R3_MOSAIC_ANCHOR,32,61,64,1155.0,24.2544731610338,1155.0,4264,252.5,78,1485.5,0.7775159878828677,True
pubmed_gcnii16,12,R3_MOSAIC_ANCHOR,32,56,64,1155.0,22.266401590457257,1155.0,5848,213.75,72,1440.75,0.8016657990629881,True
pubmed_gcnii16,12,R3_MOSAIC_ANCHOR,32,51,64,1155.0,20.27833001988072,1155.0,5596,128.75,61,1344.75,0.8588957055214724,True
pubmed_gcnii16,12,R3_MOSAIC_ANCHOR,32,53,64,1155.0,21.073558648111334,1155.0,3612,215.0,70,1440.0,0.8020833333333334,True
pubmed_gcnii16,12,R3_MOSAIC_ANCHOR,32,64,64,1155.0,25.447316103379723,1155.0,6088,181.25,74,1410.25,0.8190037227441943,True
pubmed_gcnii16,12,R3_MOSAIC_ANCHOR,32,61,64,1155.0,24.2544731610338,1155.0,5824,215.0,75,1445.0,0.7993079584775087,True
pubmed_gcnii16,12,R3_MOSAIC_ANCHOR,32,59,64,1155.0,23.45924453280318,1155.0,5268,253.75,77,1485.75,0.7773851590106007,True
pubmed_gcnii16,12,R3_MOSAIC_ANCHOR,32,64,64,1155.0,25.447316103379723,1155.0,4984,265.0,82,1502.0,0.7689747003994674,True
pubmed_gcnii16,12,R3_MOSAIC_ANCHOR,32,52,64,1155.0,20.675944333996025,1155.0,4608,346.25,79,1580.25,0.7308970099667774,True
pubmed_gcnii16,12,R3_MOSAIC_ANCHOR,32,64,64,1155.0,25.447316103379723,1155.0,7244,177.5,75,1407.5,0.8206039076376554,True
pubmed_gcnii16,12,R3_MOSAIC_ANCHOR,32,59,64,1155.0,23.45924453280318,1155.0,4812,217.5,74,1446.5,0.7984790874524715,True
pubmed_gcnii16,12,R3_MOSAIC_ANCHOR,32,64,64,1155.0,25.447316103379723,1155.0,7420,160.0,73,1388.0,0.8321325648414986,True
pubmed_gcnii16,12,R3_MOSAIC_ANCHOR,32,59,64,1155.0,23.45924453280318,1155.0,4472,337.5,83,1575.5,0.7331006029831799,True
pubmed_gcnii16,12,R3_MOSAIC_ANCHOR,32,61,64,1155.0,24.2544731610338,1155.0,4888,100.0,66,1321.0,0.874337623012869,True
pubmed_gcnii16,12,R3_MOSAIC_ANCHOR,32,60,64,1155.0,23.856858846918488,1155.0,4784,188.75,73,1416.75,0.8152461619904712,True
pubmed_gcnii16,12,R3_MOSAIC_ANCHOR,32,64,64,1155.0,25.447316103379723,1155.0,7640,111.25,68,1334.25,0.865654862282181,True
pubmed_gcnii16,12,R3_MOSAIC_ANCHOR,32,60,64,1155.0,23.856858846918488,1155.0,5036,161.25,70,1386.25,0.8331830477908025,True
pubmed_gcnii16,12,R3_MOSAIC_ANCHOR,32,55,64,1155.0,21.868787276341948,1155.0,4720,150.0,65,1370.0,0.843065693430657,True
pubmed_gcnii16,12,R3_MOSAIC_ANCHOR,32,50,64,1155.0,19.880715705765407,1155.0,4736,121.25,59,1335.25,0.8650065530799476,True
pubmed_gcnii16,12,R3_MOSAIC_ANCHOR,32,64,64,1155.0,25.447316103379723,1155.0,6552,335.0,87,1577.0,0.7324032974001268,True
pubmed_gcnii16,12,R3_MOSAIC_ANCHOR,32,50,64,1155.0,19.880715705765407,1155.0,4628,107.5,57,1319.5,0.8753315649867374,True
pubmed_gcnii16,12,R3_MOSAIC_ANCHOR,32,59,64,1155.0,23.45924453280318,1155.0,4292,285.0,78,1518.0,0.7608695652173914,True
pubmed_gcnii16,12,R3_MOSAIC_ANCHOR,32,51,64,1155.0,20.27833001988072,1155.0,4676,206.25,66,1427.25,0.8092485549132948,True
pubmed_gcnii16,12,R3_MOSAIC_ANCHOR,32,64,64,1155.0,25.447316103379723,1155.0,7892,98.75,67,1320.75,0.8745031232254401,True
pubmed_gcnii16,12,R3_MOSAIC_ANCHOR,32,63,64,1155.0,25.04970178926441,1155.0,4968,392.5,91,1638.5,0.7049130302105584,True
pubmed_gcnii16,12,R3_MOSAIC_ANCHOR,32,64,64,1155.0,25.447316103379723,1155.0,3496,193.75,76,1424.75,0.8106685383400597,True
pubmed_gcnii16,12,R3_MOSAIC_ANCHOR,32,56,64,1155.0,22.266401590457257,1155.0,3920,277.5,77,1509.5,0.7651540245114277,True
pubmed_gcnii16,12,R3_MOSAIC_ANCHOR,32,64,64,1155.0,25.447316103379723,1155.0,5972,186.25,76,1417.25,0.8149585464808609,True
pubmed_gcnii16,12,R3_MOSAIC_ANCHOR,32,37,64,893.0,14.711729622266402,1155.0,3056,150.0,51,1094.0,1.0557586837294333,True
pubmed_gcnii16,12,R3_MOSAIC_ANCHOR,32,56,64,1155.0,22.266401590457257,1155.0,4572,390.0,85,1630.0,0.7085889570552147,True
pubmed_gcnii16,12,R3_MOSAIC_ANCHOR,32,39,64,893.0,15.506958250497018,1155.0,4548,101.25,48,1042.25,1.108179419525066,True
pubmed_gcnii16,12,R3_MOSAIC_ANCHOR,32,64,64,1155.0,25.447316103379723,1155.0,6132,265.0,82,1502.0,0.7689747003994674,True
pubmed_gcnii16,12,R3_MOSAIC_ANCHOR,32,62,64,1155.0,24.652087475149106,1155.0,4352,255.0,80,1490.0,0.7751677852348994,True
pubmed_gcnii16,12,R3_MOSAIC_ANCHOR,32,63,64,1155.0,25.04970178926441,1155.0,5640,140.0,70,1365.0,0.8461538461538461,True
pubmed_gcnii16,12,R3_MOSAIC_ANCHOR,32,46,64,1155.0,18.290258449304176,1155.0,4748,62.5,50,1267.5,0.9112426035502958,True
pubmed_gcnii16,12,R3_MOSAIC_ANCHOR,32,64,64,1155.0,25.447316103379723,1155.0,6168,173.75,74,1402.75,0.8233826412404206,True
pubmed_gcnii16,12,R3_MOSAIC_ANCHOR,32,48,64,1155.0,19.08548707753479,1155.0,4448,277.5,69,1501.5,0.7692307692307693,True
pubmed_gcnii16,12,R3_MOSAIC_ANCHOR,32,64,64,1155.0,25.447316103379723,1155.0,6476,338.75,87,1580.75,0.7306658231851969,True
pubmed_gcnii16,12,R3_MOSAIC_ANCHOR,32,54,64,1155.0,21.47117296222664,1155.0,4576,278.75,76,1509.75,0.7650273224043715,True
pubmed_gcnii16,12,R3_MOSAIC_ANCHOR,32,64,64,1155.0,25.447316103379723,1155.0,6916,217.5,77,1449.5,0.7968264918937564,True
pubmed_gcnii16,12,R3_MOSAIC_ANCHOR,32,54,64,1155.0,21.47117296222664,1155.0,4788,126.25,62,1343.25,0.8598548297040759,True
pubmed_gcnii16,12,R3_MOSAIC_ANCHOR,32,52,64,1155.0,20.675944333996025,1155.0,3352,213.75,68,1436.75,0.8038976857490865,True
pubmed_gcnii16,12,R3_MOSAIC_ANCHOR,32,64,64,1155.0,25.447316103379723,1155.0,6372,437.5,94,1686.5,0.6848502816483842,True
pubmed_gcnii16,12,R3_MOSAIC_ANCHOR,32,45,64,1155.0,17.892644135188867,1155.0,4472,136.25,56,1347.25,0.8573019113007979,True
pubmed_gcnii16,12,R3_MOSAIC_ANCHOR,32,62,64,1155.0,24.652087475149106,1155.0,4152,147.5,70,1372.5,0.8415300546448088,True
pubmed_gcnii16,12,R3_MOSAIC_ANCHOR,32,64,64,1155.0,25.447316103379723,1155.0,7624,158.75,73,1386.75,0.8328826392644673,True
pubmed_gcnii16,12,R3_MOSAIC_ANCHOR,32,63,64,1155.0,25.04970178926441,1155.0,5356,168.75,73,1396.75,0.8269196348666548,True
pubmed_gcnii16,12,R3_MOSAIC_ANCHOR,32,64,64,1155.0,25.447316103379723,1155.0,7008,123.75,69,1347.75,0.8569838619922092,True
pubmed_gcnii16,12,R3_MOSAIC_ANCHOR,32,58,64,1155.0,23.061630218687878,1155.0,4408,267.5,77,1499.5,0.7702567522507503,True
pubmed_gcnii16,12,R3_MOSAIC_ANCHOR,32,62,64,1155.0,24.652087475149106,1155.0,5324,156.25,70,1381.25,0.8361990950226245,True
pubmed_gcnii16,12,R3_MOSAIC_ANCHOR,32,64,64,1155.0,25.447316103379723,1155.0,5228,238.75,80,1473.75,0.7837150127226463,True
pubmed_gcnii16,12,R3_MOSAIC_ANCHOR,32,64,64,1155.0,25.447316103379723,1155.0,4700,218.75,78,1451.75,0.7955915274668504,True
pubmed_gcnii16,12,R3_MOSAIC_ANCHOR,32,63,64,1155.0,25.04970178926441,1155.0,5240,151.25,72,1378.25,0.8380192272809722,True
pubmed_gcnii16,12,R3_MOSAIC_ANCHOR,32,40,64,893.0,15.904572564612328,1155.0,4628,81.25,47,1021.25,1.130966952264382,True
pubmed_gcnii16,12,R3_MOSAIC_ANCHOR,32,51,64,1155.0,20.27833001988072,1155.0,4968,237.5,70,1462.5,0.7897435897435897,True
pubmed_gcnii16,12,R3_MOSAIC_ANCHOR,32,64,64,1155.0,25.447316103379723,1155.0,6932,327.5,87,1569.5,0.7359031538706594,True
pubmed_gcnii16,12,R3_MOSAIC_ANCHOR,32,50,64,1155.0,19.880715705765407,1155.0,4720,213.75,68,1436.75,0.8038976857490865,True
pubmed_gcnii16,12,R3_MOSAIC_ANCHOR,32,54,64,1155.0,21.47117296222664,1155.0,4348,327.5,78,1560.5,0.7401473886574815,True
pubmed_gcnii16,12,R3_MOSAIC_ANCHOR,32,64,64,1155.0,25.447316103379723,1155.0,7372,153.75,72,1380.75,0.8365019011406845,True
pubmed_gcnii16,12,R3_MOSAIC_ANCHOR,32,64,64,1155.0,25.447316103379723,1155.0,4920,96.25,67,1318.25,0.8761615778494216,True
pubmed_gcnii16,12,R3_MOSAIC_ANCHOR,32,62,64,1155.0,24.652087475149106,1155.0,4540,338.75,85,1578.75,0.7315914489311164,True
pubmed_gcnii16,12,R3_MOSAIC_ANCHOR,32,64,64,1155.0,25.447316103379723,1155.0,7716,137.5,70,1362.5,0.8477064220183487,True
pubmed_gcnii16,12,R3_MOSAIC_ANCHOR,32,40,64,893.0,15.904572564612328,1155.0,4296,295.0,64,1252.0,0.9225239616613419,True
pubmed_gcnii16,12,R3_MOSAIC_ANCHOR,32,64,64,1155.0,25.447316103379723,1155.0,7752,115.0,69,1339.0,0.8625840179238238,True
pubmed_gcnii16,12,R3_MOSAIC_ANCHOR,32,62,64,1155.0,24.652087475149106,1155.0,5876,376.25,89,1620.25,0.7128529547909274,True
pubmed_gcnii16,12,R3_MOSAIC_ANCHOR,32,50,64,1155.0,19.880715705765407,1155.0,4936,165.0,62,1382.0,0.8357452966714906,True
pubmed_gcnii16,12,R3_MOSAIC_ANCHOR,32,41,64,1155.0,16.302186878727635,1155.0,4684,143.75,54,1352.75,0.8538163001293662,True
pubmed_gcnii16,12,R3_MOSAIC_ANCHOR,32,64,64,1155.0,25.447316103379723,1155.0,7756,105.0,68,1328.0,0.8697289156626506,True
pubmed_gcnii16,12,R3_MOSAIC_ANCHOR,32,36,64,893.0,14.314115308151091,1155.0,4200,292.5,62,1247.5,0.9258517034068137,True
pubmed_gcnii16,12,R3_MOSAIC_ANCHOR,32,64,64,1155.0,25.447316103379723,1155.0,5652,432.5,94,1681.5,0.6868867082961642,True
pubmed_gcnii16,12,R3_MOSAIC_ANCHOR,32,64,64,1155.0,25.447316103379723,1155.0,6768,355.0,89,1599.0,0.7223264540337712,True
pubmed_gcnii16,12,R3_MOSAIC_ANCHOR,32,42,64,1155.0,16.69980119284294,1155.0,4184,307.5,69,1531.5,0.7541625857002938,True
pubmed_gcnii16,12,R3_MOSAIC_ANCHOR,32,59,64,1155.0,23.45924453280318,1155.0,5432,545.0,97,1797.0,0.6427378964941569,True
pubmed_gcnii16,12,R3_MOSAIC_ANCHOR,32,44,64,1155.0,17.495029821073558,1155.0,4608,156.25,57,1368.25,0.8441439795359035,True
pubmed_gcnii16,12,R3_MOSAIC_ANCHOR,32,37,64,893.0,14.711729622266402,1155.0,4656,63.75,43,999.75,1.1552888222055513,True
pubmed_gcnii16,12,R3_MOSAIC_ANCHOR,32,64,64,1155.0,25.447316103379723,1155.0,7696,76.25,65,1296.25,0.8910318225650916,True
pubmed_gcnii16,12,R3_MOSAIC_ANCHOR,32,61,64,1155.0,24.2544731610338,1155.0,5452,478.75,95,1728.75,0.6681127982646421,True
pubmed_gcnii16,12,R3_MOSAIC_ANCHOR,32,54,64,1155.0,21.47117296222664,1155.0,4688,78.75,57,1290.75,0.894828588030215,True
pubmed_gcnii16,12,R3_MOSAIC_ANCHOR,32,64,64,1155.0,25.447316103379723,1155.0,7580,137.5,70,1362.5,0.8477064220183487,True
pubmed_gcnii16,12,R3_MOSAIC_ANCHOR,32,64,64,1155.0,25.447316103379723,1155.0,5624,353.75,88,1596.75,0.72334429309535,True
pubmed_gcnii16,12,R3_MOSAIC_ANCHOR,32,64,64,1155.0,25.447316103379723,1155.0,7932,96.25,67,1318.25,0.8761615778494216,True
pubmed_gcnii16,12,R3_MOSAIC_ANCHOR,32,64,64,1155.0,25.447316103379723,1155.0,6316,183.75,74,1412.75,0.8175544151477615,True
pubmed_gcnii16,12,R3_MOSAIC_ANCHOR,32,64,64,1155.0,25.447316103379723,1155.0,5816,331.25,86,1572.25,0.734615996183813,True
pubmed_gcnii16,12,R3_MOSAIC_ANCHOR,32,64,64,1155.0,25.447316103379723,1155.0,7068,147.5,71,1373.5,0.8409173643975246,True
pubmed_gcnii16,12,R3_MOSAIC_ANCHOR,32,47,64,1155.0,18.687872763419485,1155.0,4272,137.5,58,1350.5,0.8552388004442799,True
pubmed_gcnii16,12,R3_MOSAIC_ANCHOR,32,63,64,1155.0,25.04970178926441,1155.0,7660,96.25,66,1317.25,0.8768267223382046,True
pubmed_gcnii16,12,R3_MOSAIC_ANCHOR,32,63,64,1155.0,25.04970178926441,1155.0,7596,137.5,69,1361.5,0.8483290488431876,True
pubmed_gcnii16,12,R3_MOSAIC_ANCHOR,32,64,64,1155.0,25.447316103379723,1155.0,6596,236.25,78,1469.25,0.7861153649821337,True
pubmed_gcnii16,12,R3_MOSAIC_ANCHOR,32,64,64,1155.0,25.447316103379723,1155.0,7740,53.75,63,1271.75,0.9081973658344801,True
pubmed_gcnii16,12,R3_MOSAIC_ANCHOR,32,64,64,1155.0,25.447316103379723,1155.0,6196,117.5,68,1340.5,0.8616187989556136,True
pubmed_gcnii16,12,R3_MOSAIC_ANCHOR,32,59,64,1155.0,23.45924453280318,1155.0,6064,198.75,72,1425.75,0.8100999473961074,True
pubmed_gcnii16,12,R3_MOSAIC_ANCHOR,32,64,64,1155.0,25.447316103379723,1155.0,6000,286.25,82,1523.25,0.758247168882324,True
pubmed_gcnii16,12,R3_MOSAIC_ANCHOR,32,64,64,1155.0,25.447316103379723,1155.0,7244,150.0,72,1377.0,0.8387799564270153,True
pubmed_gcnii16,12,R3_MOSAIC_ANCHOR,32,64,64,1155.0,25.447316103379723,1155.0,7600,157.5,72,1384.5,0.8342361863488624,True
pubmed_gcnii16,12,R3_MOSAIC_ANCHOR,32,53,64,1155.0,21.073558648111334,1155.0,4796,70.0,56,1281.0,0.9016393442622951,True
pubmed_gcnii16,12,R3_MOSAIC_ANCHOR,32,64,64,1155.0,25.447316103379723,1155.0,6316,421.25,95,1671.25,0.6910994764397905,True
pubmed_gcnii16,12,R3_MOSAIC_ANCHOR,32,37,64,893.0,14.711729622266402,1155.0,4024,295.0,62,1250.0,0.924,True
pubmed_gcnii16,12,R3_MOSAIC_ANCHOR,32,46,64,1155.0,18.290258449304176,1155.0,4528,286.25,69,1510.25,0.764774044032445,True
pubmed_gcnii16,12,R3_MOSAIC_ANCHOR,32,60,64,1155.0,23.856858846918488,1155.0,6608,225.0,74,1454.0,0.7943603851444292,True
pubmed_gcnii16,12,R3_MOSAIC_ANCHOR,32,37,64,893.0,14.711729622266402,1155.0,4136,182.5,53,1128.5,1.023482498892335,True
pubmed_gcnii16,12,R3_MOSAIC_ANCHOR,32,64,64,1155.0,25.447316103379723,1155.0,7732,96.25,67,1318.25,0.8761615778494216,True
pubmed_gcnii16,12,R3_MOSAIC_ANCHOR,32,64,64,1155.0,25.447316103379723,1155.0,6324,372.5,89,1616.5,0.7145066501701206,True
pubmed_gcnii16,12,R3_MOSAIC_ANCHOR,32,64,64,1155.0,25.447316103379723,1155.0,7980,81.25,66,1302.25,0.8869264734114033,True
pubmed_gcnii16,12,R3_MOSAIC_ANCHOR,32,64,64,1155.0,25.447316103379723,1155.0,7484,136.25,71,1362.25,0.8478619930262433,True
pubmed_gcnii16,12,R3_MOSAIC_ANCHOR,32,60,64,1155.0,23.856858846918488,1155.0,6296,206.25,73,1434.25,0.8052989367265121,True
pubmed_gcnii16,12,R3_MOSAIC_ANCHOR,32,64,64,1155.0,25.447316103379723,1155.0,6400,152.5,72,1379.5,0.8372598767669446,True
pubmed_gcnii16,12,R3_MOSAIC_ANCHOR,32,60,64,1155.0,23.856858846918488,1155.0,7540,110.0,64,1329.0,0.8690744920993227,True
pubmed_gcnii16,12,R3_MOSAIC_ANCHOR,32,64,64,1155.0,25.447316103379723,1155.0,7532,153.75,72,1380.75,0.8365019011406845,True
pubmed_gcnii16,12,R3_MOSAIC_ANCHOR,32,64,64,1155.0,25.447316103379723,1155.0,7944,66.25,63,1284.25,0.8993576017130621,True
pubmed_gcnii16,12,R3_MOSAIC_ANCHOR,32,64,64,1155.0,25.447316103379723,1155.0,7856,91.25,66,1312.25,0.8801676509811392,True
pubmed_gcnii16,12,R3_MOSAIC_ANCHOR,32,49,64,1155.0,19.4831013916501,1155.0,6068,110.0,56,1321.0,0.874337623012869,True
pubmed_gcnii16,12,R3_MOSAIC_ANCHOR,32,64,64,1155.0,25.447316103379723,1155.0,7684,148.75,72,1375.75,0.8395420679629293,True
pubmed_gcnii16,12,R3_MOSAIC_ANCHOR,32,55,64,1155.0,21.868787276341948,1155.0,6464,237.5,71,1463.5,0.7892039631021524,True
pubmed_gcnii16,12,R3_MOSAIC_ANCHOR,32,58,64,1155.0,23.061630218687878,1155.0,6664,177.5,69,1401.5,0.8241170174812701,True
pubmed_gcnii16,12,R3_MOSAIC_ANCHOR,32,64,64,1155.0,25.447316103379723,1155.0,6852,106.25,69,1330.25,0.8682578462694982,True
pubmed_gcnii16,12,R3_MOSAIC_ANCHOR,32,49,64,1155.0,19.4831013916501,1155.0,4820,158.75,61,1374.75,0.8401527550463721,True
pubmed_gcnii16,12,R3_MOSAIC_ANCHOR,32,64,64,1155.0,25.447316103379723,1155.0,4652,212.5,78,1445.5,0.7990314769975787,True
pubmed_gcnii16,12,R3_MOSAIC_ANCHOR,32,62,64,1155.0,24.652087475149106,1155.0,7616,143.75,69,1367.75,0.8444525680862731,True
pubmed_gcnii16,12,R3_MOSAIC_ANCHOR,32,53,64,1155.0,21.073558648111334,1155.0,5664,132.5,63,1350.5,0.8552388004442799,True
pubmed_gcnii16,12,R3_MOSAIC_ANCHOR,32,64,64,1155.0,25.447316103379723,1155.0,6416,218.75,79,1452.75,0.7950438822922045,True
pubmed_gcnii16,12,R3_MOSAIC_ANCHOR,32,48,64,1155.0,19.08548707753479,1155.0,5300,206.25,64,1425.25,0.8103841431327837,True
pubmed_gcnii16,12,R3_MOSAIC_ANCHOR,32,54,64,1155.0,21.47117296222664,1155.0,5696,102.5,60,1317.5,0.8766603415559773,True
pubmed_gcnii16,12,R3_MOSAIC_ANCHOR,32,47,64,1155.0,18.687872763419485,1155.0,5548,61.25,51,1267.25,0.9114223712763859,True
pubmed_gcnii16,12,R3_MOSAIC_ANCHOR,32,64,64,1155.0,25.447316103379723,1155.0,6544,263.75,81,1499.75,0.7701283547257877,True
pubmed_gcnii16,12,R3_MOSAIC_ANCHOR,32,64,64,1155.0,25.447316103379723,1155.0,4832,367.5,90,1612.5,0.7162790697674418,True
pubmed_gcnii16,12,R3_MOSAIC_ANCHOR,32,58,64,1155.0,23.061630218687878,1155.0,5676,185.0,71,1411.0,0.8185683912119065,True
pubmed_gcnii16,12,R3_MOSAIC_ANCHOR,32,58,64,1155.0,23.061630218687878,1155.0,5336,173.75,70,1398.75,0.8257372654155496,True
pubmed_gcnii16,12,R3_MOSAIC_ANCHOR,32,40,64,893.0,15.904572564612328,1155.0,4628,165.0,54,1112.0,1.0386690647482015,True
pubmed_gcnii16,12,R3_MOSAIC_ANCHOR,32,64,64,1155.0,25.447316103379723,1155.0,7240,225.0,77,1457.0,0.7927247769389156,True
pubmed_gcnii16,12,R3_MOSAIC_ANCHOR,32,62,64,1155.0,24.652087475149106,1155.0,5320,515.0,97,1767.0,0.6536502546689303,True
pubmed_gcnii16,12,R3_MOSAIC_ANCHOR,32,62,64,1155.0,24.652087475149106,1155.0,5128,248.75,79,1482.75,0.7789580171977744,True
pubmed_gcnii16,12,R3_MOSAIC_ANCHOR,32,64,64,1155.0,25.447316103379723,1155.0,4868,315.0,85,1555.0,0.7427652733118971,True
pubmed_gcnii16,12,R3_MOSAIC_ANCHOR,32,64,64,1155.0,25.447316103379723,1155.0,4996,112.5,69,1336.5,0.8641975308641975,True
pubmed_gcnii16,12,R3_MOSAIC_ANCHOR,32,38,64,893.0,15.109343936381707,1155.0,4604,70.0,45,1008.0,1.1458333333333333,True
pubmed_gcnii16,12,R3_MOSAIC_ANCHOR,32,61,64,1155.0,24.2544731610338,1155.0,4812,153.75,71,1379.75,0.8371081717702482,True
pubmed_gcnii16,12,R3_MOSAIC_ANCHOR,32,64,64,1155.0,25.447316103379723,1155.0,6676,128.75,70,1353.75,0.853185595567867,True
pubmed_gcnii16,12,R3_MOSAIC_ANCHOR,32,55,64,1155.0,21.868787276341948,1155.0,4764,116.25,62,1333.25,0.8663041440090006,True
pubmed_gcnii16,12,R3_MOSAIC_ANCHOR,32,49,64,1155.0,19.4831013916501,1155.0,4844,101.25,57,1313.25,0.8794974300399772,True
pubmed_gcnii16,12,R3_MOSAIC_ANCHOR,32,52,64,1155.0,20.675944333996025,1155.0,5572,125.0,61,1341.0,0.8612975391498882,True
pubmed_gcnii16,12,R3_MOSAIC_ANCHOR,32,60,64,1155.0,23.856858846918488,1155.0,6332,242.5,77,1474.5,0.7833163784333672,True
pubmed_gcnii16,12,R3_MOSAIC_ANCHOR,32,46,64,1155.0,18.290258449304176,1155.0,5524,78.75,52,1285.75,0.8983083803227688,True
pubmed_gcnii16,12,R3_MOSAIC_ANCHOR,32,48,64,1155.0,19.08548707753479,1155.0,5528,53.75,50,1258.75,0.9175769612711023,True
pubmed_gcnii16,12,R3_MOSAIC_ANCHOR,32,45,64,1155.0,17.892644135188867,1155.0,5512,57.5,48,1260.5,0.9163030543435144,True
pubmed_gcnii16,12,R3_MOSAIC_ANCHOR,32,57,64,1155.0,22.664015904572565,1155.0,5040,250.0,76,1481.0,0.7798784604996624,True
pubmed_gcnii16,12,R3_MOSAIC_ANCHOR,32,64,64,1155.0,25.447316103379723,1155.0,4256,227.5,78,1460.5,0.7908250599109894,True
pubmed_gcnii16,12,R3_MOSAIC_ANCHOR,32,60,64,1155.0,23.856858846918488,1155.0,6440,275.0,80,1510.0,0.7649006622516556,True
pubmed_gcnii16,12,R3_MOSAIC_ANCHOR,32,56,64,1155.0,22.266401590457257,1155.0,5732,143.75,66,1364.75,0.8463088477743176,True
pubmed_gcnii16,12,R3_MOSAIC_ANCHOR,32,62,64,1155.0,24.652087475149106,1155.0,4692,366.25,88,1609.25,0.7177256485940655,True
pubmed_gcnii16,12,R3_MOSAIC_ANCHOR,32,58,64,1155.0,23.061630218687878,1155.0,5312,223.75,74,1452.75,0.7950438822922045,True
pubmed_gcnii16,12,R3_MOSAIC_ANCHOR,32,62,64,1155.0,24.652087475149106,1155.0,3728,250.0,79,1484.0,0.7783018867924528,True
pubmed_gcnii16,12,R3_MOSAIC_ANCHOR,32,58,64,1155.0,23.061630218687878,1155.0,4748,440.0,89,1684.0,0.6858669833729216,True
pubmed_gcnii16,12,R3_MOSAIC_ANCHOR,32,61,64,1155.0,24.2544731610338,1155.0,4744,226.25,76,1457.25,0.7925887802367473,True
pubmed_gcnii16,12,R3_MOSAIC_ANCHOR,32,64,64,1155.0,25.447316103379723,1155.0,6184,168.75,74,1397.75,0.8263280271865499,True
pubmed_gcnii16,12,R3_MOSAIC_ANCHOR,32,38,64,893.0,15.109343936381707,1155.0,3196,246.25,61,1200.25,0.962299520933139,True
pubmed_gcnii16,12,R3_MOSAIC_ANCHOR,32,58,64,1155.0,23.061630218687878,1155.0,5992,170.0,69,1394.0,0.8285509325681492,True
pubmed_gcnii16,12,R3_MOSAIC_ANCHOR,32,63,64,1155.0,25.04970178926441,1155.0,4828,205.0,76,1436.0,0.8043175487465181,True
pubmed_gcnii16,12,R3_MOSAIC_ANCHOR,32,45,64,1155.0,17.892644135188867,1155.0,3184,230.0,65,1450.0,0.7965517241379311,True
pubmed_gcnii16,12,R3_MOSAIC_ANCHOR,32,64,64,1155.0,25.447316103379723,1155.0,7548,121.25,69,1345.25,0.8585764727745773,True
pubmed_gcnii16,12,R3_MOSAIC_ANCHOR,32,64,64,1155.0,25.447316103379723,1155.0,6720,152.5,72,1379.5,0.8372598767669446,True
pubmed_gcnii16,12,R3_MOSAIC_ANCHOR,32,59,64,1155.0,23.45924453280318,1155.0,4932,337.5,83,1575.5,0.7331006029831799,True
pubmed_gcnii16,12,R3_MOSAIC_ANCHOR,32,62,64,1155.0,24.652087475149106,1155.0,6556,197.5,74,1426.5,0.8096740273396424,True
pubmed_gcnii16,12,R3_MOSAIC_ANCHOR,32,64,64,1155.0,25.447316103379723,1155.0,4532,240.0,79,1474.0,0.7835820895522388,True
pubmed_gcnii16,12,R3_MOSAIC_ANCHOR,32,64,64,1155.0,25.447316103379723,1155.0,6728,180.0,75,1410.0,0.8191489361702128,True
pubmed_gcnii16,12,R3_MOSAIC_ANCHOR,32,48,64,1155.0,19.08548707753479,1155.0,4676,146.25,60,1361.25,0.8484848484848485,True
pubmed_gcnii16,12,R3_MOSAIC_ANCHOR,32,52,64,1155.0,20.675944333996025,1155.0,4704,128.75,61,1344.75,0.8588957055214724,True
pubmed_gcnii16,12,R3_MOSAIC_ANCHOR,32,64,64,1155.0,25.447316103379723,1155.0,8104,33.75,60,1248.75,0.924924924924925,True
pubmed_gcnii16,12,R3_MOSAIC_ANCHOR,32,64,64,1155.0,25.447316103379723,1155.0,6988,190.0,75,1420.0,0.8133802816901409,True
pubmed_gcnii16,12,R3_MOSAIC_ANCHOR,32,64,64,1155.0,25.447316103379723,1155.0,4952,105.0,67,1327.0,0.8703843255463452,True
pubmed_gcnii16,12,R3_MOSAIC_ANCHOR,32,59,64,1155.0,23.45924453280318,1155.0,5064,185.0,71,1411.0,0.8185683912119065,True
pubmed_gcnii16,12,R3_MOSAIC_ANCHOR,32,64,64,1155.0,25.447316103379723,1155.0,7592,163.75,74,1392.75,0.8292945611200861,True
pubmed_gcnii16,12,R3_MOSAIC_ANCHOR,32,64,64,1155.0,25.447316103379723,1155.0,6008,156.25,73,1384.25,0.8343868520859671,True
pubmed_gcnii16,12,R3_MOSAIC_ANCHOR,32,62,64,1155.0,24.652087475149106,1155.0,4516,216.25,76,1447.25,0.7980652962515115,True
pubmed_gcnii16,12,R3_MOSAIC_ANCHOR,32,64,64,1155.0,25.447316103379723,1155.0,5108,325.0,87,1567.0,0.7370772176132737,True
pubmed_gcnii16,12,R3_MOSAIC_ANCHOR,32,64,64,1155.0,25.447316103379723,1155.0,7884,82.5,65,1302.5,0.8867562380038387,True
pubmed_gcnii16,12,R3_MOSAIC_ANCHOR,32,45,64,1155.0,17.892644135188867,1155.0,4728,138.75,56,1349.75,0.8557140211150213,True
pubmed_gcnii16,12,R3_MOSAIC_ANCHOR,32,64,64,1155.0,25.447316103379723,1155.0,6520,182.5,76,1413.5,0.8171206225680934,True
pubmed_gcnii16,12,R3_MOSAIC_ANCHOR,32,51,64,1155.0,20.27833001988072,1155.0,4224,185.0,64,1404.0,0.8226495726495726,True
pubmed_gcnii16,12,R3_MOSAIC_ANCHOR,32,64,64,1155.0,25.447316103379723,1155.0,7872,126.25,69,1350.25,0.8553971486761711,True
pubmed_gcnii16,12,R3_MOSAIC_ANCHOR,32,63,64,1155.0,25.04970178926441,1155.0,7148,166.25,73,1394.25,0.8284023668639053,True
pubmed_gcnii16,12,R3_MOSAIC_ANCHOR,32,64,64,1155.0,25.447316103379723,1155.0,7924,138.75,70,1363.75,0.846929422548121,True
pubmed_gcnii16,12,R3_MOSAIC_ANCHOR,32,55,64,1155.0,21.868787276341948,1155.0,4712,142.5,65,1362.5,0.8477064220183487,True
pubmed_gcnii16,12,R3_MOSAIC_ANCHOR,32,41,64,1155.0,16.302186878727635,1155.0,4716,50.0,44,1249.0,0.9247397918334668,True
pubmed_gcnii16,12,R3_MOSAIC_ANCHOR,32,63,64,1155.0,25.04970178926441,1155.0,4996,105.0,67,1327.0,0.8703843255463452,True
pubmed_gcnii16,12,R3_MOSAIC_ANCHOR,32,64,64,1155.0,25.447316103379723,1155.0,5256,247.5,81,1483.5,0.7785642062689585,True
pubmed_gcnii16,12,R3_MOSAIC_ANCHOR,32,54,64,1155.0,21.47117296222664,1155.0,4780,168.75,66,1389.75,0.8310847274689692,True
pubmed_gcnii16,12,R3_MOSAIC_ANCHOR,32,64,64,1155.0,25.447316103379723,1155.0,5236,151.25,72,1378.25,0.8380192272809722,True
pubmed_gcnii16,12,R3_MOSAIC_ANCHOR,32,43,64,1155.0,17.09741550695825,1155.0,4624,213.75,62,1430.75,0.8072689149047703,True
pubmed_gcnii16,12,R3_MOSAIC_ANCHOR,32,64,64,1155.0,25.447316103379723,1155.0,5216,222.5,78,1455.5,0.7935417382342838,True
pubmed_gcnii16,12,R3_MOSAIC_ANCHOR,32,55,64,1155.0,21.868787276341948,1155.0,4152,283.75,77,1515.75,0.7619990103908956,True
pubmed_gcnii16,12,R3_MOSAIC_ANCHOR,32,64,64,1155.0,25.447316103379723,1155.0,6544,320.0,87,1562.0,0.7394366197183099,True
pubmed_gcnii16,12,R3_MOSAIC_ANCHOR,32,40,64,893.0,15.904572564612328,1155.0,4784,92.5,49,1034.5,1.1164813919768004,True
pubmed_gcnii16,12,R3_MOSAIC_ANCHOR,32,64,64,1155.0,25.447316103379723,1155.0,6240,326.25,87,1568.25,0.7364897178383548,True
pubmed_gcnii16,12,R3_MOSAIC_ANCHOR,32,52,64,1155.0,20.675944333996025,1155.0,4476,315.0,74,1544.0,0.7480569948186528,True
pubmed_gcnii16,12,R3_MOSAIC_ANCHOR,32,48,64,1155.0,19.08548707753479,1155.0,4528,215.0,65,1435.0,0.8048780487804879,True
pubmed_gcnii16,12,R3_MOSAIC_ANCHOR,32,46,64,1155.0,18.290258449304176,1155.0,4732,68.75,51,1274.75,0.9060600117670131,True
pubmed_gcnii16,12,R3_MOSAIC_ANCHOR,32,64,64,1155.0,25.447316103379723,1155.0,6000,133.75,71,1359.75,0.8494208494208494,True
pubmed_gcnii16,12,R3_MOSAIC_ANCHOR,32,62,64,1155.0,24.652087475149106,1155.0,5084,108.75,67,1330.75,0.8679316175089236,True
pubmed_gcnii16,12,R3_MOSAIC_ANCHOR,32,56,64,1155.0,22.266401590457257,1155.0,4632,132.5,65,1352.5,0.8539741219963032,True
pubmed_gcnii16,12,R3_MOSAIC_ANCHOR,32,49,64,1155.0,19.4831013916501,1155.0,5540,205.0,66,1426.0,0.8099579242636746,True
pubmed_gcnii16,12,R3_MOSAIC_ANCHOR,32,64,64,1155.0,25.447316103379723,1155.0,4912,201.25,76,1432.25,0.8064234595915517,True
pubmed_gcnii16,12,R3_MOSAIC_ANCHOR,32,64,64,1155.0,25.447316103379723,1155.0,7356,165.0,73,1393.0,0.8291457286432161,True
pubmed_gcnii16,12,R3_MOSAIC_ANCHOR,32,56,64,1155.0,22.266401590457257,1155.0,4364,310.0,80,1545.0,0.7475728155339806,True
pubmed_gcnii16,12,R3_MOSAIC_ANCHOR,32,56,64,1155.0,22.266401590457257,1155.0,5752,205.0,71,1431.0,0.8071278825995807,True
pubmed_gcnii16,12,R3_MOSAIC_ANCHOR,32,64,64,1155.0,25.447316103379723,1155.0,5420,246.25,80,1481.25,0.779746835443038,True
pubmed_gcnii16,12,R3_MOSAIC_ANCHOR,32,58,64,1155.0,23.061630218687878,1155.0,6412,303.75,80,1538.75,0.7506092607636068,True
pubmed_gcnii16,12,R3_MOSAIC_ANCHOR,32,64,64,1155.0,25.447316103379723,1155.0,7688,128.75,70,1353.75,0.853185595567867,True
pubmed_gcnii16,12,R3_MOSAIC_ANCHOR,32,58,64,1155.0,23.061630218687878,1155.0,5692,135.0,66,1356.0,0.8517699115044248,True
pubmed_gcnii16,12,R3_MOSAIC_ANCHOR,32,51,64,1155.0,20.27833001988072,1155.0,4712,243.75,70,1468.75,0.7863829787234042,True
pubmed_gcnii16,12,R3_MOSAIC_ANCHOR,32,64,64,1155.0,25.447316103379723,1155.0,5204,280.0,83,1518.0,0.7608695652173914,True
pubmed_gcnii16,12,R3_MOSAIC_ANCHOR,32,64,64,1155.0,25.447316103379723,1155.0,7204,200.0,75,1430.0,0.8076923076923077,True
pubmed_gcnii16,12,R3_MOSAIC_ANCHOR,32,61,64,1155.0,24.2544731610338,1155.0,4804,300.0,83,1538.0,0.7509752925877763,True
pubmed_gcnii16,12,R3_MOSAIC_ANCHOR,32,64,64,1155.0,25.447316103379723,1155.0,5772,172.5,74,1401.5,0.8241170174812701,True
pubmed_gcnii16,12,R3_MOSAIC_ANCHOR,32,64,64,1155.0,25.447316103379723,1155.0,7576,107.5,68,1330.5,0.8680947012401353,True
pubmed_gcnii16,12,R3_MOSAIC_ANCHOR,32,41,64,1155.0,16.302186878727635,1155.0,2916,231.25,62,1448.25,0.797514241325738,True
pubmed_gcnii16,12,R3_MOSAIC_ANCHOR,32,64,64,1155.0,25.447316103379723,1155.0,6928,122.5,69,1346.5,0.8577794281470479,True
pubmed_gcnii16,12,R3_MOSAIC_ANCHOR,32,43,64,1155.0,17.09741550695825,1155.0,4688,95.0,51,1301.0,0.8877786318216756,True
pubmed_gcnii16,12,R3_MOSAIC_ANCHOR,32,64,64,1155.0,25.447316103379723,1155.0,5064,220.0,78,1453.0,0.7949070887818307,True
pubmed_gcnii16,12,R3_MOSAIC_ANCHOR,32,64,64,1155.0,25.447316103379723,1155.0,7308,165.0,73,1393.0,0.8291457286432161,True
pubmed_gcnii16,12,R3_MOSAIC_ANCHOR,32,55,64,1155.0,21.868787276341948,1155.0,5920,157.5,66,1378.5,0.8378672470076169,True
pubmed_gcnii16,12,R3_MOSAIC_ANCHOR,32,64,64,1155.0,25.447316103379723,1155.0,8040,83.75,66,1304.75,0.8852270549913777,True
pubmed_gcnii16,12,R3_MOSAIC_ANCHOR,32,64,64,1155.0,25.447316103379723,1155.0,6516,180.0,74,1409.0,0.8197303051809794,True
pubmed_gcnii16,12,R3_MOSAIC_ANCHOR,32,64,64,1155.0,25.447316103379723,1155.0,5108,186.25,75,1416.25,0.8155339805825242,True
pubmed_gcnii16,12,R3_MOSAIC_ANCHOR,32,62,64,1155.0,24.652087475149106,1155.0,5116,128.75,69,1352.75,0.8538163001293662,True
pubmed_gcnii16,12,R3_MOSAIC_ANCHOR,32,64,64,1155.0,25.447316103379723,1155.0,7092,118.75,70,1343.75,0.8595348837209302,True
pubmed_gcnii16,12,R3_MOSAIC_ANCHOR,32,47,64,1155.0,18.687872763419485,1155.0,4664,55.0,50,1260.0,0.9166666666666666,True
pubmed_gcnii16,12,R3_MOSAIC_ANCHOR,32,62,64,1155.0,24.652087475149106,1155.0,4592,368.75,87,1610.75,0.7170572714573956,True
pubmed_gcnii16,12,R3_MOSAIC_ANCHOR,32,64,64,1155.0,25.447316103379723,1155.0,5172,135.0,71,1361.0,0.8486407053637032,True
pubmed_gcnii16,12,R3_MOSAIC_ANCHOR,32,63,64,1155.0,25.04970178926441,1155.0,5020,256.25,80,1491.25,0.7745180217937971,True
pubmed_gcnii16,12,R3_MOSAIC_ANCHOR,32,63,64,1155.0,25.04970178926441,1155.0,5148,231.25,78,1464.25,0.7887997268226055,True
pubmed_gcnii16,12,R3_MOSAIC_ANCHOR,32,39,64,893.0,15.506958250497018,1155.0,4632,46.25,43,982.25,1.1758717230847544,True
pubmed_gcnii16,12,R3_MOSAIC_ANCHOR,32,64,64,1155.0,25.447316103379723,1155.0,4872,67.5,64,1286.5,0.8977846871356393,True
pubmed_gcnii16,12,R3_MOSAIC_ANCHOR,32,64,64,1155.0,25.447316103379723,1155.0,4948,306.25,85,1546.25,0.7469684721099434,True
pubmed_gcnii16,12,R3_MOSAIC_ANCHOR,32,53,64,1155.0,21.073558648111334,1155.0,4876,166.25,65,1386.25,0.8331830477908025,True
pubmed_gcnii16,12,R3_MOSAIC_ANCHOR,32,61,64,1155.0,24.2544731610338,1155.0,4668,307.5,82,1544.5,0.7478148268047912,True
pubmed_gcnii16,12,R3_MOSAIC_ANCHOR,32,64,64,1155.0,25.447316103379723,1155.0,7608,136.25,71,1362.25,0.8478619930262433,True
pubmed_gcnii16,12,R3_MOSAIC_ANCHOR,32,44,64,1155.0,17.495029821073558,1155.0,4304,252.5,64,1471.5,0.7849133537206932,True
pubmed_gcnii16,12,R3_MOSAIC_ANCHOR,32,63,64,1155.0,25.04970178926441,1155.0,7420,183.75,74,1412.75,0.8175544151477615,True
pubmed_gcnii16,12,R3_MOSAIC_ANCHOR,32,61,64,1155.0,24.2544731610338,1155.0,5596,530.0,98,1783.0,0.6477846326416152,True
pubmed_gcnii16,12,R3_MOSAIC_ANCHOR,32,47,64,1155.0,18.687872763419485,1155.0,4696,196.25,64,1415.25,0.8161102278749337,True
pubmed_gcnii16,12,R3_MOSAIC_ANCHOR,32,64,64,1155.0,25.447316103379723,1155.0,7124,213.75,78,1446.75,0.7983411093831001,True
pubmed_gcnii16,12,R3_MOSAIC_ANCHOR,32,50,64,1155.0,19.880715705765407,1155.0,4456,360.0,78,1593.0,0.7250470809792844,True
pubmed_gcnii16,12,R3_MOSAIC_ANCHOR,32,59,64,1155.0,23.45924453280318,1155.0,5264,210.0,74,1439.0,0.802640722724114,True
pubmed_gcnii16,12,R3_MOSAIC_ANCHOR,32,47,64,1155.0,18.687872763419485,1155.0,5392,90.0,54,1299.0,0.8891454965357968,True
pubmed_gcnii16,12,R3_MOSAIC_ANCHOR,32,40,64,893.0,15.904572564612328,1155.0,4568,150.0,54,1097.0,1.0528714676390154,True
pubmed_gcnii16,12,R3_MOSAIC_ANCHOR,32,64,64,1155.0,25.447316103379723,1155.0,5796,321.25,86,1562.25,0.7393182909265482,True
pubmed_gcnii16,12,R3_MOSAIC_ANCHOR,32,64,64,1155.0,25.447316103379723,1155.0,7276,162.5,73,1390.5,0.8306364617044228,True
pubmed_gcnii16,12,R3_MOSAIC_ANCHOR,32,48,64,1155.0,19.08548707753479,1155.0,4728,118.75,57,1330.75,0.8679316175089236,True
pubmed_gcnii16,12,R3_MOSAIC_ANCHOR,32,64,64,1155.0,25.447316103379723,1155.0,7264,218.75,78,1451.75,0.7955915274668504,True
pubmed_gcnii16,12,R3_MOSAIC_ANCHOR,32,62,64,1155.0,24.652087475149106,1155.0,5924,515.0,98,1768.0,0.6532805429864253,True
pubmed_gcnii16,12,R3_MOSAIC_ANCHOR,32,42,64,1155.0,16.69980119284294,1155.0,4312,272.5,66,1493.5,0.7733511884834282,True
pubmed_gcnii16,12,R3_MOSAIC_ANCHOR,32,51,64,1155.0,20.27833001988072,1155.0,4632,157.5,63,1375.5,0.8396946564885496,True
pubmed_gcnii16,12,R3_MOSAIC_ANCHOR,32,64,64,1155.0,25.447316103379723,1155.0,6808,241.25,79,1475.25,0.7829181494661922,True
pubmed_gcnii16,12,R3_MOSAIC_ANCHOR,32,47,64,1155.0,18.687872763419485,1155.0,4756,103.75,55,1313.75,0.879162702188392,True
pubmed_gcnii16,12,R3_MOSAIC_ANCHOR,32,41,64,1155.0,16.302186878727635,1155.0,4096,306.25,67,1528.25,0.7557663994765255,True
pubmed_gcnii16,12,R3_MOSAIC_ANCHOR,32,61,64,1155.0,24.2544731610338,1155.0,4680,336.25,84,1575.25,0.7332169496905253,True
pubmed_gcnii16,12,R3_MOSAIC_ANCHOR,32,54,64,1155.0,21.47117296222664,1155.0,4728,368.75,82,1605.75,0.7192900513778608,True
pubmed_gcnii16,12,R3_MOSAIC_ANCHOR,32,64,64,1155.0,25.447316103379723,1155.0,7628,162.5,73,1390.5,0.8306364617044228,True
pubmed_gcnii16,12,R3_MOSAIC_ANCHOR,32,64,64,1155.0,25.447316103379723,1155.0,5336,245.0,80,1480.0,0.7804054054054054,True
pubmed_gcnii16,12,R3_MOSAIC_ANCHOR,32,38,64,893.0,15.109343936381707,1155.0,4684,72.5,45,1010.5,1.1429985155863434,True
pubmed_gcnii16,12,R3_MOSAIC_ANCHOR,32,64,64,1155.0,25.447316103379723,1155.0,7140,142.5,71,1368.5,0.8439897698209718,True
pubmed_gcnii16,12,R3_MOSAIC_ANCHOR,32,57,64,1155.0,22.664015904572565,1155.0,4480,341.25,83,1579.25,0.731359822700649,True
pubmed_gcnii16,12,R3_MOSAIC_ANCHOR,32,53,64,1155.0,21.073558648111334,1155.0,4400,187.5,68,1410.5,0.8188585607940446,True
pubmed_gcnii16,12,R3_MOSAIC_ANCHOR,32,49,64,1155.0,19.4831013916501,1155.0,4700,175.0,63,1393.0,0.8291457286432161,True
pubmed_gcnii16,12,R3_MOSAIC_ANCHOR,32,64,64,1155.0,25.447316103379723,1155.0,6460,386.25,91,1632.25,0.7076121917598407,True
pubmed_gcnii16,12,R3_MOSAIC_ANCHOR,32,42,64,1155.0,16.69980119284294,1155.0,4204,413.75,73,1641.75,0.7035175879396985,True
pubmed_gcnii16,12,R3_MOSAIC_ANCHOR,32,57,64,1155.0,22.664015904572565,1155.0,4952,95.0,61,1311.0,0.8810068649885584,True
pubmed_gcnii16,12,R3_MOSAIC_ANCHOR,32,50,64,1155.0,19.880715705765407,1155.0,4696,223.75,68,1446.75,0.7983411093831001,True
pubmed_gcnii16,12,R3_MOSAIC_ANCHOR,32,64,64,1155.0,25.447316103379723,1155.0,7400,97.5,67,1319.5,0.8753315649867374,True
pubmed_gcnii16,12,R3_MOSAIC_ANCHOR,32,40,64,893.0,15.904572564612328,1155.0,4084,278.75,63,1234.75,0.9354120267260579,True
pubmed_gcnii16,12,R3_MOSAIC_ANCHOR,32,62,64,1155.0,24.652087475149106,1155.0,5468,592.5,103,1850.5,0.6241556336125371,True
pubmed_gcnii16,12,R3_MOSAIC_ANCHOR,32,64,64,1155.0,25.447316103379723,1155.0,7948,103.75,68,1326.75,0.8705483323911815,True
pubmed_gcnii16,12,R3_MOSAIC_ANCHOR,32,46,64,1155.0,18.290258449304176,1155.0,4484,220.0,64,1439.0,0.802640722724114,True
pubmed_gcnii16,12,R3_MOSAIC_ANCHOR,32,64,64,1155.0,25.447316103379723,1155.0,7844,136.25,71,1362.25,0.8478619930262433,True
pubmed_gcnii16,12,R3_MOSAIC_ANCHOR,32,64,64,1155.0,25.447316103379723,1155.0,6360,367.5,88,1610.5,0.717168581185967,True
pubmed_gcnii16,12,R3_MOSAIC_ANCHOR,32,64,64,1155.0,25.447316103379723,1155.0,7144,175.0,74,1404.0,0.8226495726495726,True
pubmed_gcnii16,12,R3_MOSAIC_ANCHOR,32,50,64,1155.0,19.880715705765407,1155.0,4756,213.75,66,1434.75,0.8050182958703607,True
pubmed_gcnii16,12,R3_MOSAIC_ANCHOR,32,60,64,1155.0,23.856858846918488,1155.0,6408,176.25,71,1402.25,0.8236762346229274,True
pubmed_gcnii16,12,R3_MOSAIC_ANCHOR,32,64,64,1155.0,25.447316103379723,1155.0,7416,180.0,74,1409.0,0.8197303051809794,True
pubmed_gcnii16,12,R3_MOSAIC_ANCHOR,32,63,64,1155.0,25.04970178926441,1155.0,7640,116.25,68,1339.25,0.8624229979466119,True
pubmed_gcnii16,12,R3_MOSAIC_ANCHOR,32,64,64,1155.0,25.447316103379723,1155.0,6400,323.75,85,1563.75,0.7386091127098321,True
pubmed_gcnii16,12,R3_MOSAIC_ANCHOR,32,64,64,1155.0,25.447316103379723,1155.0,7916,70.0,64,1289.0,0.8960434445306439,True
pubmed_gcnii16,12,R3_MOSAIC_ANCHOR,32,64,64,1155.0,25.447316103379723,1155.0,6780,245.0,80,1480.0,0.7804054054054054,True
pubmed_gcnii16,12,R3_MOSAIC_ANCHOR,32,64,64,1155.0,25.447316103379723,1155.0,7492,133.75,70,1358.75,0.8500459981600736,True
pubmed_gcnii16,12,R3_MOSAIC_ANCHOR,32,62,64,1155.0,24.652087475149106,1155.0,7652,176.25,71,1402.25,0.8236762346229274,True
pubmed_gcnii16,12,R3_MOSAIC_ANCHOR,32,64,64,1155.0,25.447316103379723,1155.0,8072,45.0,62,1262.0,0.9152139461172741,True
pubmed_gcnii16,12,R3_MOSAIC_ANCHOR,32,62,64,1155.0,24.652087475149106,1155.0,6528,268.75,80,1503.75,0.7680798004987531,True
pubmed_gcnii16,12,R3_MOSAIC_ANCHOR,32,61,64,1155.0,24.2544731610338,1155.0,7580,136.25,67,1358.25,0.8503589177250138,True
pubmed_gcnii16,12,R3_MOSAIC_ANCHOR,32,64,64,1155.0,25.447316103379723,1155.0,7236,288.75,83,1526.75,0.7565089241853611,True
pubmed_gcnii16,12,R3_MOSAIC_ANCHOR,32,60,64,1155.0,23.856858846918488,1155.0,6276,206.25,74,1435.25,0.8047378505486849,True
pubmed_gcnii16,12,R3_MOSAIC_ANCHOR,32,64,64,1155.0,25.447316103379723,1155.0,7984,38.75,61,1254.75,0.9205020920502092,True
pubmed_gcnii16,12,R3_MOSAIC_ANCHOR,32,60,64,1155.0,23.856858846918488,1155.0,6724,196.25,72,1423.25,0.8115229228877568,True
pubmed_gcnii16,12,R3_MOSAIC_ANCHOR,32,64,64,1155.0,25.447316103379723,1155.0,5140,335.0,87,1577.0,0.7324032974001268,True
pubmed_gcnii16,12,R3_MOSAIC_ANCHOR,32,64,64,1155.0,25.447316103379723,1155.0,7556,223.75,76,1454.75,0.7939508506616257,True
pubmed_gcnii16,12,R3_MOSAIC_ANCHOR,32,64,64,1155.0,25.447316103379723,1155.0,8076,55.0,63,1273.0,0.9073055773762765,True
pubmed_gcnii16,12,R3_MOSAIC_ANCHOR,32,63,64,1155.0,25.04970178926441,1155.0,7584,136.25,70,1361.25,0.8484848484848485,True
pubmed_gcnii16,12,R3_MOSAIC_ANCHOR,32,63,64,1155.0,25.04970178926441,1155.0,6468,167.5,72,1394.5,0.8282538544281104,True
pubmed_gcnii16,12,R3_MOSAIC_ANCHOR,32,64,64,1155.0,25.447316103379723,1155.0,7912,105.0,68,1328.0,0.8697289156626506,True
pubmed_gcnii16,12,R3_MOSAIC_ANCHOR,32,63,64,1155.0,25.04970178926441,1155.0,7916,95.0,66,1316.0,0.8776595744680851,True
pubmed_gcnii16,12,R3_MOSAIC_ANCHOR,32,62,64,1155.0,24.652087475149106,1155.0,6904,245.0,78,1478.0,0.7814614343707713,True
pubmed_gcnii16,12,R3_MOSAIC_ANCHOR,32,63,64,1155.0,25.04970178926441,1155.0,7508,161.25,71,1387.25,0.8325824472877996,True
pubmed_gcnii16,12,R3_MOSAIC_ANCHOR,32,58,64,1155.0,23.061630218687878,1155.0,6196,141.25,66,1362.25,0.8478619930262433,True
pubmed_gcnii16,12,R3_MOSAIC_ANCHOR,32,64,64,1155.0,25.447316103379723,1155.0,7908,71.25,64,1290.25,0.8951753536136408,True
pubmed_gcnii16,12,R3_MOSAIC_ANCHOR,32,50,64,1155.0,19.880715705765407,1155.0,5508,96.25,56,1307.25,0.8835341365461847,True
pubmed_gcnii16,12,R3_MOSAIC_ANCHOR,32,58,64,1155.0,23.061630218687878,1155.0,4812,151.25,68,1374.25,0.8404584318719301,True
pubmed_gcnii16,12,R3_MOSAIC_ANCHOR,32,58,64,1155.0,23.061630218687878,1155.0,3388,313.75,81,1549.75,0.7452814970156477,True
pubmed_gcnii16,12,R3_MOSAIC_ANCHOR,32,64,64,1155.0,25.447316103379723,1155.0,7020,220.0,77,1452.0,0.7954545454545454,True
pubmed_gcnii16,12,R3_MOSAIC_ANCHOR,32,51,64,1155.0,20.27833001988072,1155.0,4716,205.0,67,1427.0,0.8093903293622985,True
pubmed_gcnii16,12,R3_MOSAIC_ANCHOR,32,60,64,1155.0,23.856858846918488,1155.0,5468,180.0,72,1407.0,0.8208955223880597,True
pubmed_gcnii16,12,R3_MOSAIC_ANCHOR,32,63,64,1155.0,25.04970178926441,1155.0,5456,146.25,71,1372.25,0.8416833667334669,True
pubmed_gcnii16,12,R3_MOSAIC_ANCHOR,32,39,64,893.0,15.506958250497018,1155.0,3272,281.25,64,1238.25,0.9327680193821926,True
pubmed_gcnii16,12,R3_MOSAIC_ANCHOR,32,43,64,1155.0,17.09741550695825,1155.0,3500,303.75,68,1526.75,0.7565089241853611,True
pubmed_gcnii16,12,R3_MOSAIC_ANCHOR,32,27,64,577.0,21.51394422310757,1155.0,2780,108.75,41,726.75,1.5892672858617132,True
pubmed_gcnii16,12,R3_MOSAIC_ANCHOR,32,51,64,1155.0,20.27833001988072,1155.0,4468,248.75,70,1473.75,0.7837150127226463,True
pubmed_gcnii16,12,R3_MOSAIC_ANCHOR,32,64,64,1155.0,25.447316103379723,1155.0,5552,303.75,85,1543.75,0.7481781376518218,True
pubmed_gcnii16,12,R3_MOSAIC_ANCHOR,32,61,64,1155.0,24.2544731610338,1155.0,4676,308.75,82,1545.75,0.7472100921882582,True
pubmed_gcnii16,12,R3_MOSAIC_ANCHOR,32,64,64,1155.0,25.447316103379723,1155.0,6256,273.75,84,1512.75,0.7635101636093208,True
pubmed_gcnii16,12,R3_MOSAIC_ANCHOR,32,51,64,1155.0,20.27833001988072,1155.0,3368,218.75,68,1441.75,0.8011097624414774,True
pubmed_gcnii16,12,R3_MOSAIC_ANCHOR,32,48,64,1155.0,19.08548707753479,1155.0,4556,178.75,62,1395.75,0.8275120902740463,True
pubmed_gcnii16,12,R3_MOSAIC_ANCHOR,32,47,64,1155.0,18.687872763419485,1155.0,4680,122.5,57,1334.5,0.8654926938928438,True
pubmed_gcnii16,12,R3_MOSAIC_ANCHOR,32,64,64,1155.0,25.447316103379723,1155.0,7808,88.75,66,1309.75,0.881847680855125,True
pubmed_gcnii16,12,R3_MOSAIC_ANCHOR,32,49,64,1155.0,19.4831013916501,1155.0,4656,262.5,70,1487.5,0.7764705882352941,True
pubmed_gcnii16,12,R3_MOSAIC_ANCHOR,32,64,64,1155.0,25.447316103379723,1155.0,7024,190.0,75,1420.0,0.8133802816901409,True
pubmed_gcnii16,12,R3_MOSAIC_ANCHOR,32,63,64,1155.0,25.04970178926441,1155.0,4924,116.25,68,1339.25,0.8624229979466119,True
pubmed_gcnii16,12,R3_MOSAIC_ANCHOR,32,62,64,1155.0,24.652087475149106,1155.0,5484,240.0,79,1474.0,0.7835820895522388,True
pubmed_gcnii16,12,R3_MOSAIC_ANCHOR,32,58,64,1155.0,23.061630218687878,1155.0,5104,198.75,72,1425.75,0.8100999473961074,True
pubmed_gcnii16,12,R3_MOSAIC_ANCHOR,32,62,64,1155.0,24.652087475149106,1155.0,5096,143.75,71,1369.75,0.8432195656141631,True
pubmed_gcnii16,12,R3_MOSAIC_ANCHOR,32,64,64,1155.0,25.447316103379723,1155.0,7688,200.0,75,1430.0,0.8076923076923077,True
pubmed_gcnii16,12,R3_MOSAIC_ANCHOR,32,51,64,1155.0,20.27833001988072,1155.0,4912,240.0,69,1464.0,0.7889344262295082,True
pubmed_gcnii16,12,R3_MOSAIC_ANCHOR,32,62,64,1155.0,24.652087475149106,1155.0,4608,280.0,81,1516.0,0.7618733509234829,True
pubmed_gcnii16,12,R3_MOSAIC_ANCHOR,32,64,64,1155.0,25.447316103379723,1155.0,5964,305.0,84,1544.0,0.7480569948186528,True
pubmed_gcnii16,12,R3_MOSAIC_ANCHOR,32,44,64,1155.0,17.495029821073558,1155.0,4468,232.5,64,1451.5,0.7957285566655184,True
pubmed_gcnii16,12,R3_MOSAIC_ANCHOR,32,64,64,1155.0,25.447316103379723,1155.0,5632,135.0,70,1360.0,0.8492647058823529,True
pubmed_gcnii16,12,R3_MOSAIC_ANCHOR,32,64,64,1155.0,25.447316103379723,1155.0,8108,35.0,61,1251.0,0.9232613908872902,True
pubmed_gcnii16,12,R3_MOSAIC_ANCHOR,32,62,64,1155.0,24.652087475149106,1155.0,5140,145.0,71,1371.0,0.8424507658643327,True
pubmed_gcnii16,12,R3_MOSAIC_ANCHOR,32,42,64,1155.0,16.69980119284294,1155.0,4524,153.75,55,1363.75,0.846929422548121,True
pubmed_gcnii16,12,R3_MOSAIC_ANCHOR,32,64,64,1155.0,25.447316103379723,1155.0,7052,85.0,66,1306.0,0.8843797856049005,True
pubmed_gcnii16,12,R3_MOSAIC_ANCHOR,32,44,64,1155.0,17.495029821073558,1155.0,4788,186.25,61,1402.25,0.8236762346229274,True
pubmed_gcnii16,12,R3_MOSAIC_ANCHOR,32,41,64,1155.0,16.302186878727635,1155.0,4696,102.5,50,1307.5,0.8833652007648184,True
pubmed_gcnii16,12,R3_MOSAIC_ANCHOR,32,57,64,1155.0,22.664015904572565,1155.0,5112,140.0,65,1360.0,0.8492647058823529,True
pubmed_gcnii16,12,R3_MOSAIC_ANCHOR,32,62,64,1155.0,24.652087475149106,1155.0,4456,311.25,84,1550.25,0.745041122399613,True
pubmed_gcnii16,12,R3_MOSAIC_ANCHOR,32,64,64,1155.0,25.447316103379723,1155.0,7624,107.5,68,1330.5,0.8680947012401353,True
pubmed_gcnii16,12,R3_MOSAIC_ANCHOR,32,52,64,1155.0,20.675944333996025,1155.0,4836,176.25,66,1397.25,0.8266237251744498,True
pubmed_gcnii16,12,R3_MOSAIC_ANCHOR,32,64,64,1155.0,25.447316103379723,1155.0,5716,158.75,72,1385.75,0.8334836731012087,True
pubmed_gcnii16,12,R3_MOSAIC_ANCHOR,32,56,64,1155.0,22.266401590457257,1155.0,4892,168.75,67,1390.75,0.8304871472227215,True
pubmed_gcnii16,12,R3_MOSAIC_ANCHOR,32,63,64,1155.0,25.04970178926441,1155.0,5828,136.25,70,1361.25,0.8484848484848485,True
pubmed_gcnii16,12,R3_MOSAIC_ANCHOR,32,64,64,1155.0,25.447316103379723,1155.0,8036,52.5,63,1270.5,0.9090909090909091,True
pubmed_gcnii16,12,R3_MOSAIC_ANCHOR,32,62,64,1155.0,24.652087475149106,1155.0,5056,108.75,67,1330.75,0.8679316175089236,True
pubmed_gcnii16,12,R3_MOSAIC_ANCHOR,32,64,64,1155.0,25.447316103379723,1155.0,8052,67.5,64,1286.5,0.8977846871356393,True
pubmed_gcnii16,12,R3_MOSAIC_ANCHOR,32,62,64,1155.0,24.652087475149106,1155.0,4644,173.75,73,1401.75,0.8239700374531835,True
pubmed_gcnii16,12,R3_MOSAIC_ANCHOR,32,63,64,1155.0,25.04970178926441,1155.0,5336,90.0,66,1311.0,0.8810068649885584,True
pubmed_gcnii16,12,R3_MOSAIC_ANCHOR,32,64,64,1155.0,25.447316103379723,1155.0,7188,181.25,75,1411.25,0.8184233835252436,True
pubmed_gcnii16,12,R3_MOSAIC_ANCHOR,32,50,64,1155.0,19.880715705765407,1155.0,4824,152.5,62,1369.5,0.8433734939759037,True
pubmed_gcnii16,12,R3_MOSAIC_ANCHOR,32,63,64,1155.0,25.04970178926441,1155.0,7640,152.5,71,1378.5,0.8378672470076169,True
pubmed_gcnii16,12,R3_MOSAIC_ANCHOR,32,62,64,1155.0,24.652087475149106,1155.0,4976,302.5,85,1542.5,0.7487844408427877,True
pubmed_gcnii16,12,R3_MOSAIC_ANCHOR,32,58,64,1155.0,23.061630218687878,1155.0,4984,187.5,71,1413.5,0.8171206225680934,True
pubmed_gcnii16,12,R3_MOSAIC_ANCHOR,32,41,64,1155.0,16.302186878727635,1155.0,4256,161.25,55,1371.25,0.8422971741112124,True
pubmed_gcnii16,12,R3_MOSAIC_ANCHOR,32,64,64,1155.0,25.447316103379723,1155.0,5736,286.25,83,1524.25,0.7577497129735936,True
pubmed_gcnii16,12,R3_MOSAIC_ANCHOR,32,57,64,1155.0,22.664015904572565,1155.0,3716,281.25,77,1513.25,0.7632578886502561,True
pubmed_gcnii16,12,R3_MOSAIC_ANCHOR,32,42,64,1155.0,16.69980119284294,1155.0,4628,181.25,59,1395.25,0.8278086364450815,True
pubmed_gcnii16,12,R3_MOSAIC_ANCHOR,32,62,64,1155.0,24.652087475149106,1155.0,3844,292.5,82,1529.5,0.7551487414187643,True
pubmed_gcnii16,12,R3_MOSAIC_ANCHOR,32,64,64,1155.0,25.447316103379723,1155.0,5456,163.75,74,1392.75,0.8292945611200861,True
pubmed_gcnii16,12,R3_MOSAIC_ANCHOR,32,64,64,1155.0,25.447316103379723,1155.0,4888,177.5,75,1407.5,0.8206039076376554,True
pubmed_gcnii16,12,R3_MOSAIC_ANCHOR,32,44,64,1155.0,17.495029821073558,1155.0,4768,177.5,59,1391.5,0.8300395256916996,True
pubmed_gcnii16,12,R3_MOSAIC_ANCHOR,32,64,64,1155.0,25.447316103379723,1155.0,6608,206.25,77,1438.25,0.8030592734225621,True
pubmed_gcnii16,12,R3_MOSAIC_ANCHOR,32,41,64,1155.0,16.302186878727635,1155.0,4300,202.5,59,1416.5,0.8153900458877515,True
pubmed_gcnii16,12,R3_MOSAIC_ANCHOR,32,60,64,1155.0,23.856858846918488,1155.0,4244,252.5,77,1484.5,0.7780397440215561,True
pubmed_gcnii16,12,R3_MOSAIC_ANCHOR,32,42,64,1155.0,16.69980119284294,1155.0,2936,247.5,63,1465.5,0.7881269191402251,True
pubmed_gcnii16,12,R3_MOSAIC_ANCHOR,32,64,64,1155.0,25.447316103379723,1155.0,5588,192.5,76,1423.5,0.8113804004214963,True
pubmed_gcnii16,12,R3_MOSAIC_ANCHOR,32,58,64,1155.0,23.061630218687878,1155.0,3544,245.0,75,1475.0,0.7830508474576271,True
pubmed_gcnii16,12,R3_MOSAIC_ANCHOR,32,45,64,1155.0,17.892644135188867,1155.0,3932,221.25,64,1440.25,0.8019441069258809,True
pubmed_gcnii16,12,R3_MOSAIC_ANCHOR,32,48,64,1155.0,19.08548707753479,1155.0,4852,223.75,67,1445.75,0.798893307971641,True
pubmed_gcnii16,12,R3_MOSAIC_ANCHOR,32,64,64,1155.0,25.447316103379723,1155.0,7808,108.75,68,1331.75,0.8672798948751642,True
pubmed_gcnii16,12,R3_MOSAIC_ANCHOR,32,45,64,1155.0,17.892644135188867,1155.0,4128,160.0,59,1374.0,0.8406113537117904,True
pubmed_gcnii16,12,R3_MOSAIC_ANCHOR,32,64,64,1155.0,25.447316103379723,1155.0,6668,251.25,81,1487.25,0.7766011094301564,True
pubmed_gcnii16,12,R3_MOSAIC_ANCHOR,32,58,64,1155.0,23.061630218687878,1155.0,6220,163.75,68,1386.75,0.8328826392644673,True
pubmed_gcnii16,12,R3_MOSAIC_ANCHOR,32,64,64,1155.0,25.447316103379723,1155.0,7612,186.25,75,1416.25,0.8155339805825242,True
pubmed_gcnii16,12,R3_MOSAIC_ANCHOR,32,64,64,1155.0,25.447316103379723,1155.0,4788,268.75,82,1505.75,0.7670596048480823,True
pubmed_gcnii16,12,R3_MOSAIC_ANCHOR,32,64,64,1155.0,25.447316103379723,1155.0,7900,113.75,69,1337.75,0.8633900205569053,True
pubmed_gcnii16,12,R3_MOSAIC_ANCHOR,32,42,64,1155.0,16.69980119284294,1155.0,4564,211.25,60,1426.25,0.8098159509202454,True
pubmed_gcnii16,12,R3_MOSAIC_ANCHOR,32,64,64,1155.0,25.447316103379723,1155.0,7056,185.0,75,1415.0,0.8162544169611308,True
pubmed_gcnii16,12,R3_MOSAIC_ANCHOR,32,40,64,893.0,15.904572564612328,1155.0,4084,395.0,71,1359.0,0.8498896247240618,True
pubmed_gcnii16,12,R3_MOSAIC_ANCHOR,32,64,64,1155.0,25.447316103379723,1155.0,7368,73.75,64,1292.75,0.8934442080835429,True
pubmed_gcnii16,12,R3_MOSAIC_ANCHOR,32,62,64,1155.0,24.652087475149106,1155.0,4928,73.75,63,1291.75,0.8941358622024386,True
pubmed_gcnii16,12,R3_MOSAIC_ANCHOR,32,46,64,1155.0,18.290258449304176,1155.0,4272,357.5,75,1587.5,0.7275590551181103,True
pubmed_gcnii16,12,R3_MOSAIC_ANCHOR,32,53,64,1155.0,21.073558648111334,1155.0,4736,66.25,56,1277.25,0.904286553141515,True
pubmed_gcnii16,12,R3_MOSAIC_ANCHOR,32,64,64,1155.0,25.447316103379723,1155.0,4704,260.0,80,1495.0,0.7725752508361204,True
pubmed_gcnii16,12,R3_MOSAIC_ANCHOR,32,39,64,893.0,15.506958250497018,1155.0,4660,90.0,47,1030.0,1.1213592233009708,True
pubmed_gcnii16,12,R3_MOSAIC_ANCHOR,32,64,64,1155.0,25.447316103379723,1155.0,7688,172.5,75,1402.5,0.8235294117647058,True
pubmed_gcnii16,12,R3_MOSAIC_ANCHOR,32,57,64,1155.0,22.664015904572565,1155.0,4376,310.0,79,1544.0,0.7480569948186528,True
pubmed_gcnii16,12,R3_MOSAIC_ANCHOR,32,56,64,1155.0,22.266401590457257,1155.0,5108,568.75,97,1820.75,0.634353975010298,True
pubmed_gcnii16,12,R3_MOSAIC_ANCHOR,32,62,64,1155.0,24.652087475149106,1155.0,5184,218.75,77,1450.75,0.7961399276236429,True
pubmed_gcnii16,12,R3_MOSAIC_ANCHOR,32,62,64,1155.0,24.652087475149106,1155.0,5196,143.75,71,1369.75,0.8432195656141631,True
pubmed_gcnii16,12,R3_MOSAIC_ANCHOR,32,62,64,1155.0,24.652087475149106,1155.0,5068,167.5,73,1395.5,0.827660336796847,True
pubmed_gcnii16,12,R3_MOSAIC_ANCHOR,32,62,64,1155.0,24.652087475149106,1155.0,4600,328.75,85,1568.75,0.7362549800796813,True
pubmed_gcnii16,12,R3_MOSAIC_ANCHOR,32,52,64,1155.0,20.675944333996025,1155.0,4860,120.0,60,1335.0,0.8651685393258427,True
pubmed_gcnii16,12,R3_MOSAIC_ANCHOR,32,64,64,1155.0,25.447316103379723,1155.0,6616,240.0,81,1476.0,0.782520325203252,True
pubmed_gcnii16,12,R3_MOSAIC_ANCHOR,32,59,64,1155.0,23.45924453280318,1155.0,4648,208.75,73,1436.75,0.8038976857490865,True
pubmed_gcnii16,12,R3_MOSAIC_ANCHOR,32,62,64,1155.0,24.652087475149106,1155.0,5584,352.5,87,1594.5,0.7243650047036688,True
pubmed_gcnii16,12,R3_MOSAIC_ANCHOR,32,53,64,1155.0,21.073558648111334,1155.0,4736,81.25,57,1293.25,0.8930987821380244,True
pubmed_gcnii16,12,R3_MOSAIC_ANCHOR,32,64,64,1155.0,25.447316103379723,1155.0,7508,171.25,73,1399.25,0.8254422011792032,True
pubmed_gcnii16,12,R3_MOSAIC_ANCHOR,32,60,64,1155.0,23.856858846918488,1155.0,5112,442.5,92,1689.5,0.6836342113051198,True
pubmed_gcnii16,12,R3_MOSAIC_ANCHOR,32,37,64,893.0,14.711729622266402,1155.0,4192,292.5,61,1246.5,0.9265944645006017,True
pubmed_gcnii16,12,R3_MOSAIC_ANCHOR,32,63,64,1155.0,25.04970178926441,1155.0,5144,186.25,75,1416.25,0.8155339805825242,True
pubmed_gcnii16,12,R3_MOSAIC_ANCHOR,32,64,64,1155.0,25.447316103379723,1155.0,4660,210.0,77,1442.0,0.8009708737864077,True
pubmed_gcnii16,12,R3_MOSAIC_ANCHOR,32,62,64,1155.0,24.652087475149106,1155.0,4972,72.5,63,1290.5,0.8950019372336304,True
pubmed_gcnii16,12,R3_MOSAIC_ANCHOR,32,63,64,1155.0,25.04970178926441,1155.0,5284,202.5,77,1434.5,0.8051585918438481,True
pubmed_gcnii16,12,R3_MOSAIC_ANCHOR,32,56,64,1155.0,22.266401590457257,1155.0,4764,150.0,66,1371.0,0.8424507658643327,True
pubmed_gcnii16,12,R3_MOSAIC_ANCHOR,32,64,64,1155.0,25.447316103379723,1155.0,6652,302.5,85,1542.5,0.7487844408427877,True
pubmed_gcnii16,12,R3_MOSAIC_ANCHOR,32,38,64,893.0,15.109343936381707,1155.0,4080,293.75,62,1248.75,0.924924924924925,True
pubmed_gcnii16,12,R3_MOSAIC_ANCHOR,32,51,64,1155.0,20.27833001988072,1155.0,4524,448.75,85,1688.75,0.6839378238341969,True
pubmed_gcnii16,12,R3_MOSAIC_ANCHOR,32,59,64,1155.0,23.45924453280318,1155.0,6416,193.75,72,1420.75,0.812950906211508,True
pubmed_gcnii16,12,R3_MOSAIC_ANCHOR,32,64,64,1155.0,25.447316103379723,1155.0,5200,178.75,74,1407.75,0.8204581779435269,True
pubmed_gcnii16,12,R3_MOSAIC_ANCHOR,32,64,64,1155.0,25.447316103379723,1155.0,7968,88.75,66,1309.75,0.881847680855125,True
pubmed_gcnii16,12,R3_MOSAIC_ANCHOR,32,63,64,1155.0,25.04970178926441,1155.0,7472,186.25,73,1414.25,0.8166872900830829,True
pubmed_gcnii16,12,R3_MOSAIC_ANCHOR,32,63,64,1155.0,25.04970178926441,1155.0,6720,251.25,79,1485.25,0.7776468607978455,True
pubmed_gcnii16,12,R3_MOSAIC_ANCHOR,32,64,64,1155.0,25.447316103379723,1155.0,7340,261.25,81,1497.25,0.7714142594757054,True
pubmed_gcnii16,12,R3_MOSAIC_ANCHOR,32,55,64,1155.0,21.868787276341948,1155.0,6188,181.25,67,1403.25,0.8230892570817745,True
pubmed_gcnii16,12,R3_MOSAIC_ANCHOR,32,64,64,1155.0,25.447316103379723,1155.0,7724,101.25,67,1323.25,0.8728509351974306,True
pubmed_gcnii16,12,R3_MOSAIC_ANCHOR,32,62,64,1155.0,24.652087475149106,1155.0,7080,270.0,80,1505.0,0.7674418604651163,True
pubmed_gcnii16,12,R3_MOSAIC_ANCHOR,32,64,64,1155.0,25.447316103379723,1155.0,7436,186.25,74,1415.25,0.8161102278749337,True
pubmed_gcnii16,12,R3_MOSAIC_ANCHOR,32,58,64,1155.0,23.061630218687878,1155.0,6308,175.0,69,1399.0,0.825589706933524,True
pubmed_gcnii16,12,R3_MOSAIC_ANCHOR,32,63,64,1155.0,25.04970178926441,1155.0,7276,227.5,77,1459.5,0.7913669064748201,True
pubmed_gcnii16,12,R3_MOSAIC_ANCHOR,32,61,64,1155.0,24.2544731610338,1155.0,6624,297.5,80,1532.5,0.7536704730831973,True
pubmed_gcnii16,12,R3_MOSAIC_ANCHOR,32,64,64,1155.0,25.447316103379723,1155.0,7844,95.0,67,1317.0,0.876993166287016,True
pubmed_gcnii16,12,R3_MOSAIC_ANCHOR,32,59,64,1155.0,23.45924453280318,1155.0,6272,157.5,68,1380.5,0.8366533864541833,True
pubmed_gcnii16,12,R3_MOSAIC_ANCHOR,32,64,64,1155.0,25.447316103379723,1155.0,7372,241.25,80,1476.25,0.7823878069432684,True
pubmed_gcnii16,12,R3_MOSAIC_ANCHOR,32,45,64,1155.0,17.892644135188867,1155.0,4700,188.75,61,1404.75,0.8222103577148959,True
pubmed_gcnii16,12,R3_MOSAIC_ANCHOR,32,64,64,1155.0,25.447316103379723,1155.0,6888,212.5,77,1444.5,0.7995846313603323,True
pubmed_gcnii16,12,R3_MOSAIC_ANCHOR,32,62,64,1155.0,24.652087475149106,1155.0,6704,268.75,80,1503.75,0.7680798004987531,True
pubmed_gcnii16,12,R3_MOSAIC_ANCHOR,32,60,64,1155.0,23.856858846918488,1155.0,3552,270.0,79,1504.0,0.7679521276595744,True
pubmed_gcnii16,12,R3_MOSAIC_ANCHOR,32,46,64,1155.0,18.290258449304176,1155.0,4752,142.5,58,1355.5,0.8520841018074511,True
pubmed_gcnii16,12,R3_MOSAIC_ANCHOR,32,63,64,1155.0,25.04970178926441,1155.0,6500,256.25,81,1492.25,0.7739989948065003,True
pubmed_gcnii16,12,R3_MOSAIC_ANCHOR,32,50,64,1155.0,19.880715705765407,1155.0,4876,191.25,65,1411.25,0.8184233835252436,True
pubmed_gcnii16,12,R3_MOSAIC_ANCHOR,32,64,64,1155.0,25.447316103379723,1155.0,7916,50.0,62,1267.0,0.9116022099447514,True
pubmed_gcnii16,12,R3_MOSAIC_ANCHOR,32,63,64,1155.0,25.04970178926441,1155.0,5360,128.75,69,1352.75,0.8538163001293662,True
pubmed_gcnii16,12,R3_MOSAIC_ANCHOR,32,64,64,1155.0,25.447316103379723,1155.0,7312,125.0,69,1349.0,0.8561897702001483,True
pubmed_gcnii16,12,R3_MOSAIC_ANCHOR,32,62,64,1155.0,24.652087475149106,1155.0,5332,218.75,76,1449.75,0.7966890843248836,True
pubmed_gcnii16,12,R3_MOSAIC_ANCHOR,32,60,64,1155.0,23.856858846918488,1155.0,4512,276.25,80,1511.25,0.7642679900744417,True
pubmed_gcnii16,12,R3_MOSAIC_ANCHOR,32,56,64,1155.0,22.266401590457257,1155.0,4840,173.75,69,1397.75,0.8263280271865499,True
pubmed_gcnii16,12,R3_MOSAIC_ANCHOR,32,64,64,1155.0,25.447316103379723,1155.0,6256,261.25,81,1497.25,0.7714142594757054,True
pubmed_gcnii16,12,R3_MOSAIC_ANCHOR,32,64,64,1155.0,25.447316103379723,1155.0,7672,145.0,71,1371.0,0.8424507658643327,True
pubmed_gcnii16,12,R3_MOSAIC_ANCHOR,32,54,64,1155.0,21.47117296222664,1155.0,4560,381.25,83,1619.25,0.713293191292265,True
pubmed_gcnii16,12,R3_MOSAIC_ANCHOR,32,52,64,1155.0,20.675944333996025,1155.0,6084,117.5,59,1331.5,0.8674427337589186,True
pubmed_gcnii16,12,R3_MOSAIC_ANCHOR,32,39,64,893.0,15.506958250497018,1155.0,3708,180.0,56,1129.0,1.0230292294065544,True
pubmed_gcnii16,12,R3_MOSAIC_ANCHOR,32,64,64,1155.0,25.447316103379723,1155.0,7160,192.5,75,1422.5,0.81195079086116,True
pubmed_gcnii16,12,R3_MOSAIC_ANCHOR,32,64,64,1155.0,25.447316103379723,1155.0,5364,241.25,81,1477.25,0.7818581824335759,True
pubmed_gcnii16,12,R3_MOSAIC_ANCHOR,32,54,64,1155.0,21.47117296222664,1155.0,6152,131.25,62,1348.25,0.8566660485814945,True
pubmed_gcnii16,12,R3_MOSAIC_ANCHOR,32,64,64,1155.0,25.447316103379723,1155.0,4440,286.25,84,1525.25,0.7572529093591215,True
pubmed_gcnii16,12,R3_MOSAIC_ANCHOR,32,64,64,1155.0,25.447316103379723,1155.0,7288,213.75,77,1445.75,0.798893307971641,True
pubmed_gcnii16,12,R3_MOSAIC_ANCHOR,32,59,64,1155.0,23.45924453280318,1155.0,5096,237.5,75,1467.5,0.787052810902896,True
pubmed_gcnii16,12,R3_MOSAIC_ANCHOR,5,53,64,939.0,4.193037974683544,939.0,1024,32.5,28,999.5,0.9394697348674337,True
cora_deepres28_w128,4,R3_MOSAIC_ANCHOR,32,84,128,3205.0,22.23692918596956,4361.0,6336,2220.0,240,5665.0,0.7698146513680494,True
cora_deepres28_w128,4,R3_MOSAIC_ANCHOR,32,106,128,4099.0,21.042183622828784,4361.0,6908,1885.0,229,6213.0,0.7019153388057299,True
cora_deepres28_w128,4,R3_MOSAIC_ANCHOR,32,103,128,4099.0,20.44665012406948,4361.0,5844,2340.0,253,6692.0,0.6516736401673641,True
cora_deepres28_w128,4,R3_MOSAIC_ANCHOR,32,83,128,3205.0,21.972203838517537,4361.0,6396,1845.0,213,5263.0,0.8286148584457533,True
cora_deepres28_w128,4,R3_MOSAIC_ANCHOR,32,95,128,3205.0,25.14890800794176,4361.0,6892,1846.25,221,5272.25,0.8271610792356204,True
cora_deepres28_w128,4,R3_MOSAIC_ANCHOR,32,112,128,4099.0,22.233250620347395,4361.0,5896,2070.0,246,6415.0,0.6798129384255651,True
cora_deepres28_w128,4,R3_MOSAIC_ANCHOR,32,85,128,3205.0,22.501654533421576,4361.0,6260,1787.5,207,5199.5,0.8387344937013175,True
cora_deepres28_w128,4,R3_MOSAIC_ANCHOR,32,80,128,2943.0,21.178027796161484,4361.0,6468,2171.25,229,5343.25,0.816169934028915,True
cora_deepres28_w128,4,R3_MOSAIC_ANCHOR,32,73,128,2943.0,19.324950363997356,4361.0,6540,2137.5,222,5302.5,0.8224422442244225,True
cora_deepres28_w128,4,R3_MOSAIC_ANCHOR,32,117,128,4099.0,23.225806451612904,4361.0,5848,2193.75,257,6549.75,0.6658269399595405,True
cora_deepres28_w128,4,R3_MOSAIC_ANCHOR,32,95,128,3205.0,25.14890800794176,4361.0,6324,2055.0,232,5492.0,0.7940640932265113,True
cora_deepres28_w128,4,R3_MOSAIC_ANCHOR,32,89,128,3205.0,23.56055592322965,4361.0,7072,1733.75,212,5150.75,0.8466728146386449,True
cora_deepres28_w128,4,R3_MOSAIC_ANCHOR,32,97,128,3837.0,19.255583126550867,4361.0,6856,1758.75,219,5814.75,0.7499892514725482,True
cora_deepres28_w128,4,R3_MOSAIC_ANCHOR,32,98,128,3837.0,19.45409429280397,4361.0,6140,2000.0,235,6072.0,0.7182147562582345,True
cora_deepres28_w128,4,R3_MOSAIC_ANCHOR,32,82,128,3205.0,21.70747849106552,4361.0,6508,2041.25,223,5469.25,0.797367097865338,True
cora_deepres28_w128,4,R3_MOSAIC_ANCHOR,32,115,128,4099.0,22.8287841191067,4361.0,6312,2127.5,254,6480.5,0.6729419026309699,True
cora_deepres28_w128,4,R3_MOSAIC_ANCHOR,32,74,128,2943.0,19.58967571144937,4361.0,6420,2103.75,221,5267.75,0.8278676854444497,True
cora_deepres28_w128,4,R3_MOSAIC_ANCHOR,32,111,128,4099.0,22.034739454094293,4361.0,5836,2108.75,245,6452.75,0.6758358839254581,True
cora_deepres28_w128,4,R3_MOSAIC_ANCHOR,32,95,128,3205.0,25.14890800794176,4361.0,6264,1915.0,226,5346.0,0.8157500935278713,True
cora_deepres28_w128,4,R3_MOSAIC_ANCHOR,32,102,128,3837.0,20.248138957816376,4361.0,6864,1747.5,222,5806.5,0.7510548523206751,True
cora_deepres28_w128,4,R3_MOSAIC_ANCHOR,32,87,128,3205.0,23.03110522832561,4361.0,6772,1658.75,204,5067.75,0.8605396872379261,True
cora_deepres28_w128,4,R3_MOSAIC_ANCHOR,32,90,128,3205.0,23.825281270681668,4361.0,5928,2208.75,239,5652.75,0.7714829065499094,True
cora_deepres28_w128,4,R3_MOSAIC_ANCHOR,32,98,128,3837.0,19.45409429280397,4361.0,5652,2258.75,247,6342.75,0.6875566591778014,True
cora_deepres28_w128,4,R3_MOSAIC_ANCHOR,32,99,128,3837.0,19.65260545905707,4361.0,6652,2085.0,241,6163.0,0.7076099302287847,True
cora_deepres28_w128,4,R3_MOSAIC_ANCHOR,32,79,128,2943.0,20.913302448709462,4361.0,6620,1990.0,221,5154.0,0.846138921226232,True
cora_deepres28_w128,4,R3_MOSAIC_ANCHOR,32,94,128,3205.0,24.884182660489746,4361.0,5908,2132.5,237,5574.5,0.7823123150058301,True
cora_deepres28_w128,4,R3_MOSAIC_ANCHOR,32,109,128,4099.0,21.63771712158809,4361.0,6180,2058.75,244,6401.75,0.6812199789120162,True
cora_deepres28_w128,4,R3_MOSAIC_ANCHOR,32,88,128,3205.0,23.295830575777632,4361.0,6832,1698.75,207,5110.75,0.8532994178936555,True
cora_deepres28_w128,4,R3_MOSAIC_ANCHOR,32,77,128,2943.0,20.383851753805427,4361.0,6676,1921.25,212,5076.25,0.8590987441516867,True
cora_deepres28_w128,4,R3_MOSAIC_ANCHOR,32,99,128,3837.0,19.65260545905707,4361.0,6508,1992.5,236,6065.5,0.7189844200807848,True
cora_deepres28_w128,4,R3_MOSAIC_ANCHOR,32,68,128,2943.0,18.00132362673726,4361.0,6252,1838.75,199,4980.75,0.875570948150379,True
cora_deepres28_w128,4,R3_MOSAIC_ANCHOR,32,94,128,3205.0,24.884182660489746,4361.0,6260,2267.5,245,5717.5,0.7627459554000875,True
cora_deepres28_w128,4,R3_MOSAIC_ANCHOR,32,83,128,3205.0,21.972203838517537,4361.0,6420,1822.5,211,5238.5,0.8324902166650758,True
cora_deepres28_w128,4,R3_MOSAIC_ANCHOR,32,66,128,2943.0,17.47187293183322,4361.0,5528,2198.75,215,5356.75,0.8141130349558968,True
cora_deepres28_w128,4,R3_MOSAIC_ANCHOR,32,112,128,4099.0,22.233250620347395,4361.0,5972,2287.5,257,6643.5,0.6564310980657786,True
cora_deepres28_w128,4,R3_MOSAIC_ANCHOR,32,106,128,4099.0,21.042183622828784,4361.0,6936,1750.0,222,6071.0,0.7183330588041509,True
cora_deepres28_w128,4,R3_MOSAIC_ANCHOR,32,74,128,2943.0,19.58967571144937,4361.0,6772,1571.25,189,4703.25,0.9272311699356828,True
cora_deepres28_w128,4,R3_MOSAIC_ANCHOR,32,90,128,3205.0,23.825281270681668,4361.0,5740,2267.5,235,5707.5,0.7640823477879982,True
cora_deepres28_w128,4,R3_MOSAIC_ANCHOR,32,104,128,4099.0,20.64516129032258,4361.0,6928,1908.75,233,6240.75,0.6987942154388495,True
cora_deepres28_w128,4,R3_MOSAIC_ANCHOR,32,112,128,4099.0,22.233250620347395,4361.0,6080,2171.25,256,6526.25,0.6682244780693354,True
cora_deepres28_w128,4,R3_MOSAIC_ANCHOR,32,80,128,2943.0,21.178027796161484,4361.0,6092,2172.5,228,5343.5,0.8161317488537475,True
cora_deepres28_w128,4,R3_MOSAIC_ANCHOR,32,90,128,3205.0,23.825281270681668,4361.0,6712,1912.5,219,5336.5,0.8172022861426028,True
cora_deepres28_w128,4,R3_MOSAIC_ANCHOR,32,111,128,4099.0,22.034739454094293,4361.0,5864,2285.0,257,6641.0,0.6566782111127842,True
cora_deepres28_w128,4,R3_MOSAIC_ANCHOR,32,89,128,3205.0,23.56055592322965,4361.0,6660,2046.25,231,5482.25,0.7954763099092526,True
cora_deepres28_w128,4,R3_MOSAIC_ANCHOR,32,99,128,3837.0,19.65260545905707,4361.0,6744,2018.75,238,6093.75,0.715651282051282,True
cora_deepres28_w128,4,R3_MOSAIC_ANCHOR,32,107,128,4099.0,21.24069478908189,4361.0,6584,1817.5,226,6142.5,0.7099715099715099,True
cora_deepres28_w128,4,R3_MOSAIC_ANCHOR,32,109,128,4099.0,21.63771712158809,4361.0,6468,1968.75,242,6309.75,0.6911525813225564,True
cora_deepres28_w128,4,R3_MOSAIC_ANCHOR,32,79,128,2943.0,20.913302448709462,4361.0,7184,1413.75,183,4539.75,0.9606255851093122,True
cora_deepres28_w128,4,R3_MOSAIC_ANCHOR,32,71,128,2943.0,18.79549966909332,4361.0,6296,1732.5,198,4873.5,0.8948394377757258,True
cora_deepres28_w128,4,R3_MOSAIC_ANCHOR,32,85,128,3205.0,22.501654533421576,4361.0,6360,1942.5,221,5368.5,0.8123311912079725,True
cora_deepres28_w128,4,R3_MOSAIC_ANCHOR,32,113,128,4099.0,22.431761786600497,4361.0,6656,1827.5,238,6164.5,0.7074377483980858,True
cora_deepres28_w128,4,R3_MOSAIC_ANCHOR,32,86,128,3205.0,22.766379880873597,4361.0,6460,2005.0,225,5435.0,0.802391904323827,True
cora_deepres28_w128,4,R3_MOSAIC_ANCHOR,32,71,128,2943.0,18.79549966909332,4361.0,7208,1365.0,175,4483.0,0.9727860807494981,True
cora_deepres28_w128,4,R3_MOSAIC_ANCHOR,32,71,128,2943.0,18.79549966909332,4361.0,6380,1751.25,200,4894.25,0.8910456147520049,True
cora_deepres28_w128,4,R3_MOSAIC_ANCHOR,32,117,128,4099.0,23.225806451612904,4361.0,6008,2218.75,259,6576.75,0.6630934732200555,True
cora_deepres28_w128,4,R3_MOSAIC_ANCHOR,32,105,128,4099.0,20.84367245657568,4361.0,6788,1872.5,230,6201.5,0.7032169636378296,True
cora_deepres28_w128,4,R3_MOSAIC_ANCHOR,32,102,128,3837.0,20.248138957816376,4361.0,6568,1898.75,232,5967.75,0.7307611746470613,True
cora_deepres28_w128,4,R3_MOSAIC_ANCHOR,32,97,128,3837.0,19.255583126550867,4361.0,6064,2378.75,253,6468.75,0.6741642512077295,True
cora_deepres28_w128,4,R3_MOSAIC_ANCHOR,32,83,128,3205.0,21.972203838517537,4361.0,6680,1803.75,212,5220.75,0.8353205956998515,True
cora_deepres28_w128,4,R3_MOSAIC_ANCHOR,32,96,128,3205.0,25.413633355393777,4361.0,5756,2272.5,246,5723.5,0.761946361492094,True
cora_deepres28_w128,4,R3_MOSAIC_ANCHOR,32,94,128,3205.0,24.884182660489746,4361.0,6616,1817.5,219,5241.5,0.8320137365258037,True
cora_deepres28_w128,4,R3_MOSAIC_ANCHOR,32,104,128,4099.0,20.64516129032258,4361.0,6232,2188.75,246,6533.75,0.6674574325616989,True
cora_deepres28_w128,4,R3_MOSAIC_ANCHOR,32,80,128,2943.0,21.178027796161484,4361.0,6512,1972.5,219,5134.5,0.8493524199045671,True
cora_deepres28_w128,4,R3_MOSAIC_ANCHOR,32,103,128,4099.0,20.44665012406948,4361.0,6508,1842.5,227,6168.5,0.7069790062413877,True
cora_deepres28_w128,4,R3_MOSAIC_ANCHOR,32,71,128,2943.0,18.79549966909332,4361.0,6296,1895.0,205,5043.0,0.8647630378742812,True
cora_deepres28_w128,4,R3_MOSAIC_ANCHOR,32,105,128,4099.0,20.84367245657568,4361.0,7012,1555.0,213,5867.0,0.7433100392023181,True
cora_deepres28_w128,4,R3_MOSAIC_ANCHOR,32,98,128,3837.0,19.45409429280397,4361.0,6300,1991.25,235,6063.25,0.719251226652373,True
cora_deepres28_w128,4,R3_MOSAIC_ANCHOR,32,95,128,3205.0,25.14890800794176,4361.0,6516,2122.5,239,5566.5,0.7834366298392167,True
cora_deepres28_w128,4,R3_MOSAIC_ANCHOR,32,83,128,3205.0,21.972203838517537,4361.0,6372,1800.0,211,5216.0,0.8360812883435583,True
cora_deepres28_w128,4,R3_MOSAIC_ANCHOR,32,89,128,3205.0,23.56055592322965,4361.0,6860,1631.25,204,5040.25,0.8652348593819751,True
cora_deepres28_w128,4,R3_MOSAIC_ANCHOR,32,66,128,2943.0,17.47187293183322,4361.0,6204,1815.0,201,4959.0,0.8794111716071789,True
cora_deepres28_w128,4,R3_MOSAIC_ANCHOR,32,110,128,4099.0,21.83622828784119,4361.0,5968,2305.0,258,6662.0,0.6546082257580306,True
cora_deepres28_w128,4,R3_MOSAIC_ANCHOR,32,61,128,2049.0,24.23038728897716,4361.0,6180,1680.0,188,3917.0,1.113352055144243,True
cora_deepres28_w128,4,R3_MOSAIC_ANCHOR,32,104,128,4099.0,20.64516129032258,4361.0,6432,1998.75,237,6334.75,0.6884249575752792,True
cora_deepres28_w128,4,R3_MOSAIC_ANCHOR,32,84,128,3205.0,22.23692918596956,4361.0,6416,1966.25,223,5394.25,0.8084534457987672,True
cora_deepres28_w128,4,R3_MOSAIC_ANCHOR,32,91,128,3205.0,24.090006618133685,4361.0,6252,1936.25,227,5368.25,0.8123690215619616,True
cora_deepres28_w128,4,R3_MOSAIC_ANCHOR,32,60,128,2049.0,23.83316782522344,4361.0,6240,1665.0,185,3899.0,1.118491921005386,True
cora_deepres28_w128,4,R3_MOSAIC_ANCHOR,32,71,128,2943.0,18.79549966909332,4361.0,6344,1787.5,202,4932.5,0.8841358337557019,True
cora_deepres28_w128,4,R3_MOSAIC_ANCHOR,32,104,128,4099.0,20.64516129032258,4361.0,6480,1985.0,236,6320.0,0.6900316455696203,True
cora_deepres28_w128,4,R3_MOSAIC_ANCHOR,32,89,128,3205.0,23.56055592322965,4361.0,6208,1930.0,225,5360.0,0.8136194029850746,True
cora_deepres28_w128,4,R3_MOSAIC_ANCHOR,32,91,128,3205.0,24.090006618133685,4361.0,6056,2028.75,231,5464.75,0.7980236973329063,True
cora_deepres28_w128,4,R3_MOSAIC_ANCHOR,32,101,128,3837.0,20.049627791563275,4361.0,6400,1862.5,230,5929.5,0.7354751665401804,True
cora_deepres28_w128,4,R3_MOSAIC_ANCHOR,32,62,128,2311.0,24.627606752730884,4361.0,6184,1782.5,195,4288.5,1.0169056779759822,True
cora_deepres28_w128,4,R3_MOSAIC_ANCHOR,32,59,128,2049.0,23.435948361469716,4361.0,6196,1593.75,178,3820.75,1.1413989399986915,True
cora_deepres28_w128,4,R3_MOSAIC_ANCHOR,20,53,128,1857.0,14.544456641053786,3977.0,3684,1107.5,121,3085.5,1.2889321017663264,True
cora_deepres28_w128,8,R3_MOSAIC_ANCHOR,32,84,128,3205.0,22.23692918596956,4361.0,6560,1227.5,176,4608.5,0.9462948898774004,True
cora_deepres28_w128,8,R3_MOSAIC_ANCHOR,32,104,128,4099.0,20.64516129032258,4361.0,6340,1196.25,188,5483.25,0.7953312360370218,True
cora_deepres28_w128,8,R3_MOSAIC_ANCHOR,32,105,128,4099.0,20.84367245657568,4361.0,7344,1156.25,184,5439.25,0.8017649492117479,True
cora_deepres28_w128,8,R3_MOSAIC_ANCHOR,32,82,128,3205.0,21.70747849106552,4361.0,7432,1005.0,158,4368.0,0.9983974358974359,True
cora_deepres28_w128,8,R3_MOSAIC_ANCHOR,32,79,128,2943.0,20.913302448709462,4361.0,7400,1082.5,162,4187.5,1.0414328358208955,True
cora_deepres28_w128,8,R3_MOSAIC_ANCHOR,32,108,128,4099.0,21.439205955334987,4361.0,7444,1112.5,187,5398.5,0.8078169861998703,True
cora_deepres28_w128,8,R3_MOSAIC_ANCHOR,32,85,128,3205.0,22.501654533421576,4361.0,6568,1107.5,166,4478.5,0.9737635368985151,True
cora_deepres28_w128,8,R3_MOSAIC_ANCHOR,32,113,128,4099.0,22.431761786600497,4361.0,6352,1208.75,198,5505.75,0.7920810062207692,True
cora_deepres28_w128,8,R3_MOSAIC_ANCHOR,32,77,128,2943.0,20.383851753805427,4361.0,7580,918.75,150,4011.75,1.087056770735963,True
cora_deepres28_w128,8,R3_MOSAIC_ANCHOR,32,110,128,4099.0,21.83622828784119,4361.0,6544,1132.5,189,5420.5,0.804538326722627,True
cora_deepres28_w128,8,R3_MOSAIC_ANCHOR,32,108,128,4099.0,21.439205955334987,4361.0,6844,1157.5,190,5446.5,0.8006976957679244,True
cora_deepres28_w128,8,R3_MOSAIC_ANCHOR,32,90,128,3205.0,23.825281270681668,4361.0,7452,1011.25,165,4381.25,0.9953780313837375,True
cora_deepres28_w128,8,R3_MOSAIC_ANCHOR,32,100,128,3837.0,19.851116625310173,4361.0,7448,1140.0,181,5158.0,0.8454827452500969,True
cora_deepres28_w128,8,R3_MOSAIC_ANCHOR,32,96,128,3205.0,25.413633355393777,4361.0,6868,1077.5,175,4457.5,0.9783510936623668,True
cora_deepres28_w128,8,R3_MOSAIC_ANCHOR,32,103,128,4099.0,20.44665012406948,4361.0,6352,1228.75,191,5518.75,0.7902151755379389,True
cora_deepres28_w128,8,R3_MOSAIC_ANCHOR,32,91,128,3205.0,24.090006618133685,4361.0,7420,1006.25,166,4377.25,0.9962876235079102,True
cora_deepres28_w128,8,R3_MOSAIC_ANCHOR,32,107,128,4099.0,21.24069478908189,4361.0,6536,1142.5,188,5429.5,0.8032047149829634,True
cora_deepres28_w128,8,R3_MOSAIC_ANCHOR,32,95,128,3205.0,25.14890800794176,4361.0,6472,1117.5,177,4499.5,0.969218802089121,True
cora_deepres28_w128,8,R3_MOSAIC_ANCHOR,32,105,128,4099.0,20.84367245657568,4361.0,7372,1136.25,184,5419.25,0.8047239009087973,True
cora_deepres28_w128,8,R3_MOSAIC_ANCHOR,32,70,128,2943.0,18.530774321641296,4361.0,7416,1053.75,155,4151.75,1.0504004335521167,True
cora_deepres28_w128,8,R3_MOSAIC_ANCHOR,32,102,128,3837.0,20.248138957816376,4361.0,6600,1157.5,186,5180.5,0.8418106360389924,True
cora_deepres28_w128,8,R3_MOSAIC_ANCHOR,32,98,128,3837.0,19.45409429280397,4361.0,7316,1103.75,178,5118.75,0.851965811965812,True
cora_deepres28_w128,8,R3_MOSAIC_ANCHOR,32,90,128,3205.0,23.825281270681668,4361.0,6308,1222.5,182,4609.5,0.9460895975702354,True
cora_deepres28_w128,8,R3_MOSAIC_ANCHOR,32,88,128,3205.0,23.295830575777632,4361.0,7252,996.25,163,4364.25,0.999255313054935,True
cora_deepres28_w128,8,R3_MOSAIC_ANCHOR,32,106,128,4099.0,21.042183622828784,4361.0,6732,1123.75,184,5406.75,0.8065843621399177,True
cora_deepres28_w128,8,R3_MOSAIC_ANCHOR,32,87,128,3205.0,23.03110522832561,4361.0,7460,986.25,163,4354.25,1.0015502095653672,True
cora_deepres28_w128,8,R3_MOSAIC_ANCHOR,32,115,128,4099.0,22.8287841191067,4361.0,6568,1123.75,196,5418.75,0.8047981545559401,True
cora_deepres28_w128,8,R3_MOSAIC_ANCHOR,32,92,128,3205.0,24.354731965585703,4361.0,7324,1045.0,167,4417.0,0.9873217115689382,True
cora_deepres28_w128,8,R3_MOSAIC_ANCHOR,32,72,128,2943.0,19.06022501654533,4361.0,7564,877.5,143,3963.5,1.100290147596821,True
cora_deepres28_w128,8,R3_MOSAIC_ANCHOR,32,109,128,4099.0,21.63771712158809,4361.0,7328,1110.0,186,5395.0,0.8083410565338276,True
cora_deepres28_w128,8,R3_MOSAIC_ANCHOR,32,95,128,3205.0,25.14890800794176,4361.0,7004,1280.0,188,4673.0,0.933233468863685,True
cora_deepres28_w128,8,R3_MOSAIC_ANCHOR,32,69,128,2943.0,18.26604897418928,4361.0,6420,1043.75,153,4139.75,1.0534452563560601,True
cora_deepres28_w128,8,R3_MOSAIC_ANCHOR,32,65,128,2943.0,17.207147584381204,4361.0,6424,1037.5,151,4131.5,1.0555488321432893,True
cora_deepres28_w128,8,R3_MOSAIC_ANCHOR,32,90,128,3205.0,23.825281270681668,4361.0,6852,1183.75,180,4568.75,0.9545280437756498,True
cora_deepres28_w128,8,R3_MOSAIC_ANCHOR,32,111,128,4099.0,22.034739454094293,4361.0,6396,1341.25,202,5642.25,0.7729186051663787,True
cora_deepres28_w128,8,R3_MOSAIC_ANCHOR,32,109,128,4099.0,21.63771712158809,4361.0,7352,1096.25,187,5382.25,0.8102559338566585,True
cora_deepres28_w128,8,R3_MOSAIC_ANCHOR,32,84,128,3205.0,22.23692918596956,4361.0,7300,1093.75,167,4465.75,0.9765436936684767,True
cora_deepres28_w128,8,R3_MOSAIC_ANCHOR,32,109,128,4099.0,21.63771712158809,4361.0,6288,1205.0,195,5499.0,0.7930532824149845,True
cora_deepres28_w128,8,R3_MOSAIC_ANCHOR,32,113,128,4099.0,22.431761786600497,4361.0,7128,1291.25,202,5592.25,0.7798292279493942,True
cora_deepres28_w128,8,R3_MOSAIC_ANCHOR,32,98,128,3837.0,19.45409429280397,4361.0,6872,1200.0,188,5225.0,0.8346411483253589,True
cora_deepres28_w128,8,R3_MOSAIC_ANCHOR,32,99,128,3837.0,19.65260545905707,4361.0,7584,941.25,169,4947.25,0.8814998231340644,True
cora_deepres28_w128,8,R3_MOSAIC_ANCHOR,32,102,128,3837.0,20.248138957816376,4361.0,6784,1217.5,188,5242.5,0.8318550309966619,True
cora_deepres28_w128,8,R3_MOSAIC_ANCHOR,32,87,128,3205.0,23.03110522832561,4361.0,6460,1323.75,185,4713.75,0.9251657385308937,True
cora_deepres28_w128,8,R3_MOSAIC_ANCHOR,32,92,128,3205.0,24.354731965585703,4361.0,7176,1192.5,181,4578.5,0.952495358741946,True
cora_deepres28_w128,8,R3_MOSAIC_ANCHOR,32,101,128,3837.0,20.049627791563275,4361.0,7484,1067.5,177,5081.5,0.8582111581226016,True
cora_deepres28_w128,8,R3_MOSAIC_ANCHOR,32,105,128,4099.0,20.84367245657568,4361.0,7128,1030.0,178,5307.0,0.8217448652722819,True
cora_deepres28_w128,8,R3_MOSAIC_ANCHOR,32,113,128,4099.0,22.431761786600497,4361.0,6760,1268.75,203,5570.75,0.7828389355113764,True
cora_deepres28_w128,8,R3_MOSAIC_ANCHOR,32,81,128,2943.0,21.4427531436135,4361.0,7340,1067.5,163,4173.5,1.0449263208338324,True
cora_deepres28_w128,8,R3_MOSAIC_ANCHOR,32,64,128,2311.0,25.42204568023833,4361.0,6596,1192.5,161,3664.5,1.1900668576886342,True
cora_deepres28_w128,8,R3_MOSAIC_ANCHOR,32,110,128,4099.0,21.83622828784119,4361.0,7072,1105.0,187,5391.0,0.8089408273047672,True
cora_deepres28_w128,8,R3_MOSAIC_ANCHOR,32,98,128,3837.0,19.45409429280397,4361.0,7016,1203.75,187,5227.75,0.8342020945913634,True
cora_deepres28_w128,8,R3_MOSAIC_ANCHOR,32,77,128,2943.0,20.383851753805427,4361.0,6392,1108.75,162,4213.75,1.034945120142391,True
cora_deepres28_w128,8,R3_MOSAIC_ANCHOR,32,68,128,2943.0,18.00132362673726,4361.0,6480,1080.0,156,4179.0,1.0435510887772195,True
cora_deepres28_w128,8,R3_MOSAIC_ANCHOR,32,74,128,2943.0,19.58967571144937,4361.0,7396,1021.25,153,4117.25,1.0592021373489586,True
cora_deepres28_w128,8,R3_MOSAIC_ANCHOR,32,108,128,4099.0,21.439205955334987,4361.0,7276,1108.75,186,5393.75,0.8085283893395133,True
cora_deepres28_w128,8,R3_MOSAIC_ANCHOR,32,110,128,4099.0,21.83622828784119,4361.0,6600,1362.5,204,5665.5,0.7697467125584679,True
cora_deepres28_w128,8,R3_MOSAIC_ANCHOR,32,83,128,3205.0,21.972203838517537,4361.0,7020,1155.0,170,4530.0,0.9626931567328918,True
cora_deepres28_w128,8,R3_MOSAIC_ANCHOR,32,109,128,4099.0,21.63771712158809,4361.0,6968,1197.5,191,5487.5,0.7947152619589978,True
cora_deepres28_w128,8,R3_MOSAIC_ANCHOR,32,96,128,3205.0,25.413633355393777,4361.0,6540,1306.25,192,4703.25,0.9272311699356828,True
cora_deepres28_w128,8,R3_MOSAIC_ANCHOR,32,94,128,3205.0,24.884182660489746,4361.0,6648,1108.75,176,4489.75,0.9713235703546969,True
cora_deepres28_w128,8,R3_MOSAIC_ANCHOR,32,103,128,4099.0,20.44665012406948,4361.0,7172,1112.5,183,5394.5,0.8084159792381129,True
cora_deepres28_w128,8,R3_MOSAIC_ANCHOR,32,106,128,4099.0,21.042183622828784,4361.0,6684,1355.0,200,5654.0,0.7713123452423063,True
cora_deepres28_w128,8,R3_MOSAIC_ANCHOR,32,79,128,2943.0,20.913302448709462,4361.0,6936,1193.75,171,4307.75,1.012361441587836,True
cora_deepres28_w128,8,R3_MOSAIC_ANCHOR,32,113,128,4099.0,22.431761786600497,4361.0,6756,1156.25,194,5449.25,0.8002936183878515,True
cora_deepres28_w128,8,R3_MOSAIC_ANCHOR,32,76,128,2943.0,20.11912640635341,4361.0,6484,1151.25,165,4259.25,1.0238891823677878,True
cora_deepres28_w128,8,R3_MOSAIC_ANCHOR,32,108,128,4099.0,21.439205955334987,4361.0,7188,1151.25,189,5439.25,0.8017649492117479,True
cora_deepres28_w128,8,R3_MOSAIC_ANCHOR,32,100,128,3837.0,19.851116625310173,4361.0,6476,1308.75,193,5338.75,0.8168578787169282,True
cora_deepres28_w128,8,R3_MOSAIC_ANCHOR,32,99,128,3837.0,19.65260545905707,4361.0,7212,1246.25,190,5273.25,0.8270042194092827,True
cora_deepres28_w128,8,R3_MOSAIC_ANCHOR,32,92,128,3205.0,24.354731965585703,4361.0,7140,1141.25,177,4523.25,0.9641297739457249,True
cora_deepres28_w128,8,R3_MOSAIC_ANCHOR,32,84,128,3205.0,22.23692918596956,4361.0,6508,1216.25,175,4596.25,0.9488169703562687,True
cora_deepres28_w128,8,R3_MOSAIC_ANCHOR,32,112,128,4099.0,22.233250620347395,4361.0,6648,1222.5,198,5519.5,0.7901077996195307,True
cora_deepres28_w128,8,R3_MOSAIC_ANCHOR,32,66,128,2943.0,17.47187293183322,4361.0,6164,1151.25,157,4251.25,1.0258159364892678,True
cora_deepres28_w128,8,R3_MOSAIC_ANCHOR,32,69,128,2943.0,18.26604897418928,4361.0,6252,1127.5,154,4224.5,1.0323115161557581,True
cora_deepres28_w128,8,R3_MOSAIC_ANCHOR,32,111,128,4099.0,22.034739454094293,4361.0,6824,1292.5,202,5593.5,0.7796549566461071,True
cora_deepres28_w128,8,R3_MOSAIC_ANCHOR,32,97,128,3837.0,19.255583126550867,4361.0,6864,1273.75,188,5298.75,0.8230242981835338,True
cora_deepres28_w128,8,R3_MOSAIC_ANCHOR,32,70,128,2943.0,18.530774321641296,4361.0,6260,1188.75,163,4294.75,1.015425810582688,True
cora_deepres28_w128,8,R3_MOSAIC_ANCHOR,32,71,128,2943.0,18.79549966909332,4361.0,6484,1165.0,162,4270.0,1.021311475409836,True
cora_deepres28_w128,8,R3_MOSAIC_ANCHOR,32,67,128,2943.0,17.736598279285243,4361.0,6212,1206.25,161,4310.25,1.0117742590336987,True
cora_deepres28_w128,8,R3_MOSAIC_ANCHOR,32,79,128,2943.0,20.913302448709462,4361.0,6248,1201.25,167,4311.25,1.0115395766888953,True
cora_deepres28_w128,8,R3_MOSAIC_ANCHOR,32,111,128,4099.0,22.034739454094293,4361.0,6864,1238.75,197,5534.75,0.7879308008491802,True
cora_deepres28_w128,8,R3_MOSAIC_ANCHOR,32,66,128,2943.0,17.47187293183322,4361.0,6324,1103.75,152,4198.75,1.038642453111045,True
cora_deepres28_w128,8,R3_MOSAIC_ANCHOR,32,112,128,4099.0,22.233250620347395,4361.0,6364,1145.0,191,5435.0,0.802391904323827,True
cora_deepres28_w128,8,R3_MOSAIC_ANCHOR,32,64,128,2311.0,25.42204568023833,4361.0,6132,1067.5,146,3524.5,1.2373386295928501,True
cora_deepres28_w128,8,R3_MOSAIC_ANCHOR,32,91,128,3205.0,24.090006618133685,4361.0,6652,1215.0,181,4601.0,0.9478374266463813,True
cora_deepres28_w128,8,R3_MOSAIC_ANCHOR,20,60,128,1857.0,16.46542261251372,3977.0,3772,725.0,106,2688.0,1.4795386904761905,True
cora_deepres28_w128,12,R3_MOSAIC_ANCHOR,32,70,128,2943.0,18.530774321641296,4361.0,7048,887.5,137,3967.5,1.0991808443604285,True
cora_deepres28_w128,12,R3_MOSAIC_ANCHOR,32,115,128,4099.0,22.8287841191067,4361.0,6836,1083.75,188,5370.75,0.8119908765070055,True
cora_deepres28_w128,12,R3_MOSAIC_ANCHOR,32,68,128,2943.0,18.00132362673726,4361.0,6380,1013.75,145,4101.75,1.0632047296885476,True
cora_deepres28_w128,12,R3_MOSAIC_ANCHOR,32,98,128,3837.0,19.45409429280397,4361.0,6520,1118.75,179,5134.75,0.8493110667510589,True
cora_deepres28_w128,12,R3_MOSAIC_ANCHOR,32,98,128,3837.0,19.45409429280397,4361.0,7148,1191.25,187,5215.25,0.8362015243756291,True
cora_deepres28_w128,12,R3_MOSAIC_ANCHOR,32,107,128,4099.0,21.24069478908189,4361.0,6260,1113.75,185,5397.75,0.8079292297716641,True
cora_deepres28_w128,12,R3_MOSAIC_ANCHOR,32,86,128,3205.0,22.766379880873597,4361.0,6540,1005.0,159,4369.0,0.9981689173723964,True
cora_deepres28_w128,12,R3_MOSAIC_ANCHOR,32,74,128,2943.0,19.58967571144937,4361.0,6924,993.75,151,4087.75,1.0668460644608893,True
cora_deepres28_w128,12,R3_MOSAIC_ANCHOR,32,79,128,2943.0,20.913302448709462,4361.0,7192,1051.25,158,4152.25,1.0502739478595942,True
cora_deepres28_w128,12,R3_MOSAIC_ANCHOR,32,112,128,4099.0,22.233250620347395,4361.0,6396,1138.75,189,5426.75,0.8036117381489842,True
cora_deepres28_w128,12,R3_MOSAIC_ANCHOR,32,100,128,3837.0,19.851116625310173,4361.0,6476,1111.25,179,5127.25,0.8505534155736506,True
cora_deepres28_w128,12,R3_MOSAIC_ANCHOR,32,75,128,2943.0,19.85440105890139,4361.0,7028,880.0,143,3966.0,1.0995965708522442,True
cora_deepres28_w128,12,R3_MOSAIC_ANCHOR,32,92,128,3205.0,24.354731965585703,4361.0,7076,1065.0,168,4438.0,0.9826498422712934,True
cora_deepres28_w128,12,R3_MOSAIC_ANCHOR,32,98,128,3837.0,19.45409429280397,4361.0,6716,1006.25,169,5012.25,0.8700683325851664,True
cora_deepres28_w128,12,R3_MOSAIC_ANCHOR,32,77,128,2943.0,20.383851753805427,4361.0,6996,875.0,144,3962.0,1.1007067137809188,True
cora_deepres28_w128,12,R3_MOSAIC_ANCHOR,32,113,128,4099.0,22.431761786600497,4361.0,6500,1212.5,198,5509.5,0.7915418822034668,True
cora_deepres28_w128,12,R3_MOSAIC_ANCHOR,32,98,128,3837.0,19.45409429280397,4361.0,7148,996.25,169,5002.25,0.8718076865410566,True
cora_deepres28_w128,12,R3_MOSAIC_ANCHOR,32,81,128,2943.0,21.4427531436135,4361.0,7048,920.0,150,4013.0,1.086718165960628,True
cora_deepres28_w128,12,R3_MOSAIC_ANCHOR,32,93,128,3205.0,24.619457313037724,4361.0,6484,896.25,156,4257.25,1.0243701920253685,True
cora_deepres28_w128,12,R3_MOSAIC_ANCHOR,32,111,128,4099.0,22.034739454094293,4361.0,6260,1087.5,184,5370.5,0.8120286751699097,True
cora_deepres28_w128,12,R3_MOSAIC_ANCHOR,32,90,128,3205.0,23.825281270681668,4361.0,7100,843.75,152,4200.75,1.0381479497708743,True
cora_deepres28_w128,12,R3_MOSAIC_ANCHOR,32,87,128,3205.0,23.03110522832561,4361.0,6480,1052.5,166,4423.5,0.9858709166949249,True
cora_deepres28_w128,12,R3_MOSAIC_ANCHOR,32,100,128,3837.0,19.851116625310173,4361.0,6164,1208.75,185,5230.75,0.8337236533957846,True
cora_deepres28_w128,12,R3_MOSAIC_ANCHOR,32,99,128,3837.0,19.65260545905707,4361.0,7180,958.75,169,4964.75,0.8783926683115968,True
cora_deepres28_w128,12,R3_MOSAIC_ANCHOR,32,90,128,3205.0,23.825281270681668,4361.0,7172,955.0,160,4320.0,1.0094907407407407,True
cora_deepres28_w128,12,R3_MOSAIC_ANCHOR,32,110,128,4099.0,21.83622828784119,4361.0,6656,1006.25,180,5285.25,0.8251265313845135,True
cora_deepres28_w128,12,R3_MOSAIC_ANCHOR,32,105,128,4099.0,20.84367245657568,4361.0,6384,1236.25,192,5527.25,0.7889999547695509,True
cora_deepres28_w128,12,R3_MOSAIC_ANCHOR,32,81,128,2943.0,21.4427531436135,4361.0,7076,963.75,155,4061.75,1.0736751400258508,True
cora_deepres28_w128,12,R3_MOSAIC_ANCHOR,32,67,128,2943.0,17.736598279285243,4361.0,6480,673.75,121,3737.75,1.166744699351214,True
cora_deepres28_w128,12,R3_MOSAIC_ANCHOR,32,96,128,3205.0,25.413633355393777,4361.0,6916,1100.0,176,4481.0,0.9732202633340772,True
cora_deepres28_w128,12,R3_MOSAIC_ANCHOR,32,88,128,3205.0,23.295830575777632,4361.0,7144,973.75,158,4336.75,1.0055917449703118,True
cora_deepres28_w128,12,R3_MOSAIC_ANCHOR,32,87,128,3205.0,23.03110522832561,4361.0,6916,987.5,161,4353.5,1.0017227518088894,True
cora_deepres28_w128,12,R3_MOSAIC_ANCHOR,32,69,128,2943.0,18.26604897418928,4361.0,6028,1127.5,155,4225.5,1.032067210980949,True
cora_deepres28_w128,12,R3_MOSAIC_ANCHOR,32,99,128,3837.0,19.65260545905707,4361.0,7148,1238.75,187,5262.75,0.8286542207021044,True
cora_deepres28_w128,12,R3_MOSAIC_ANCHOR,32,112,128,4099.0,22.233250620347395,4361.0,6528,1032.5,184,5315.5,0.8204308155394601,True
cora_deepres28_w128,12,R3_MOSAIC_ANCHOR,32,77,128,2943.0,20.383851753805427,4361.0,6480,952.5,149,4044.5,1.0782544195821486,True
cora_deepres28_w128,12,R3_MOSAIC_ANCHOR,32,99,128,3837.0,19.65260545905707,4361.0,7160,903.75,166,4906.75,0.8887756661741478,True
cora_deepres28_w128,12,R3_MOSAIC_ANCHOR,32,105,128,4099.0,20.84367245657568,4361.0,7192,1066.25,178,5343.25,0.816169934028915,True
cora_deepres28_w128,12,R3_MOSAIC_ANCHOR,32,94,128,3205.0,24.884182660489746,4361.0,6740,806.25,153,4164.25,1.0472474034940265,True
cora_deepres28_w128,12,R3_MOSAIC_ANCHOR,32,109,128,4099.0,21.63771712158809,4361.0,6528,1118.75,189,5406.75,0.8065843621399177,True
cora_deepres28_w128,12,R3_MOSAIC_ANCHOR,32,84,128,3205.0,22.23692918596956,4361.0,6980,848.75,148,4201.75,1.0379008746355685,True
cora_deepres28_w128,12,R3_MOSAIC_ANCHOR,32,112,128,4099.0,22.233250620347395,4361.0,6424,1236.25,197,5532.25,0.7882868633919291,True
cora_deepres28_w128,12,R3_MOSAIC_ANCHOR,32,101,128,3837.0,20.049627791563275,4361.0,6748,993.75,172,5002.75,0.8717205536954675,True
cora_deepres28_w128,12,R3_MOSAIC_ANCHOR,32,93,128,3205.0,24.619457313037724,4361.0,7160,1021.25,168,4394.25,0.9924332935085624,True
cora_deepres28_w128,12,R3_MOSAIC_ANCHOR,32,98,128,3837.0,19.45409429280397,4361.0,7020,1133.75,178,5148.75,0.8470016994416121,True
cora_deepres28_w128,12,R3_MOSAIC_ANCHOR,32,108,128,4099.0,21.439205955334987,4361.0,6944,1023.75,179,5301.75,0.8225585891450936,True
cora_deepres28_w128,12,R3_MOSAIC_ANCHOR,32,101,128,3837.0,20.049627791563275,4361.0,6844,960.0,168,4965.0,0.8783484390735146,True
cora_deepres28_w128,12,R3_MOSAIC_ANCHOR,32,90,128,3205.0,23.825281270681668,4361.0,6980,1176.25,177,4558.25,0.9567268140185378,True
cora_deepres28_w128,12,R3_MOSAIC_ANCHOR,32,73,128,2943.0,19.324950363997356,4361.0,6332,900.0,143,3986.0,1.094079277471149,True
cora_deepres28_w128,12,R3_MOSAIC_ANCHOR,32,104,128,4099.0,20.64516129032258,4361.0,6832,1093.75,182,5374.75,0.8113865761198196,True
cora_deepres28_w128,12,R3_MOSAIC_ANCHOR,32,98,128,3837.0,19.45409429280397,4361.0,6764,1055.0,172,5064.0,0.8611769352290679,True
cora_deepres28_w128,12,R3_MOSAIC_ANCHOR,32,66,128,2943.0,17.47187293183322,4361.0,6768,821.25,130,3894.25,1.1198561982409962,True
cora_deepres28_w128,12,R3_MOSAIC_ANCHOR,32,72,128,2943.0,19.06022501654533,4361.0,7028,1168.75,160,4271.75,1.0208930766079476,True
cora_deepres28_w128,12,R3_MOSAIC_ANCHOR,32,86,128,3205.0,22.766379880873597,4361.0,6328,987.5,161,4353.5,1.0017227518088894,True
cora_deepres28_w128,12,R3_MOSAIC_ANCHOR,32,107,128,4099.0,21.24069478908189,4361.0,6676,1190.0,191,5480.0,0.7958029197080292,True
cora_deepres28_w128,12,R3_MOSAIC_ANCHOR,32,108,128,4099.0,21.439205955334987,4361.0,6848,1002.5,180,5281.5,0.8257123923127899,True
cora_deepres28_w128,12,R3_MOSAIC_ANCHOR,32,78,128,2943.0,20.648577101257445,4361.0,7036,725.0,135,3803.0,1.146726268735209,True
cora_deepres28_w128,12,R3_MOSAIC_ANCHOR,32,112,128,4099.0,22.233250620347395,4361.0,6728,1028.75,185,5312.75,0.8208554891534516,True
cora_deepres28_w128,12,R3_MOSAIC_ANCHOR,32,98,128,3837.0,19.45409429280397,4361.0,6716,1061.25,176,5074.25,0.8594373552741784,True
cora_deepres28_w128,12,R3_MOSAIC_ANCHOR,32,96,128,3205.0,25.413633355393777,4361.0,6252,1173.75,179,4557.75,0.9568317700619824,True
cora_deepres28_w128,12,R3_MOSAIC_ANCHOR,32,78,128,2943.0,20.648577101257445,4361.0,6948,853.75,145,3941.75,1.106361387708505,True
cora_deepres28_w128,12,R3_MOSAIC_ANCHOR,32,110,128,4099.0,21.83622828784119,4361.0,6420,1170.0,194,5463.0,0.7982793336994325,True
cora_deepres28_w128,12,R3_MOSAIC_ANCHOR,32,97,128,3837.0,19.255583126550867,4361.0,6600,1013.75,171,5021.75,0.8684223627221586,True
cora_deepres28_w128,12,R3_MOSAIC_ANCHOR,32,96,128,3205.0,25.413633355393777,4361.0,7076,1227.5,184,4616.5,0.9446550416982562,True
cora_deepres28_w128,12,R3_MOSAIC_ANCHOR,32,112,128,4099.0,22.233250620347395,4361.0,7020,1262.5,198,5559.5,0.7844230596276643,True
cora_deepres28_w128,12,R3_MOSAIC_ANCHOR,32,72,128,2943.0,19.06022501654533,4361.0,6356,1048.75,153,4144.75,1.052174437541468,True
cora_deepres28_w128,12,R3_MOSAIC_ANCHOR,32,105,128,4099.0,20.84367245657568,4361.0,6192,1116.25,185,5400.25,0.8075552057775103,True
cora_deepres28_w128,12,R3_MOSAIC_ANCHOR,32,87,128,3205.0,23.03110522832561,4361.0,6868,1100.0,170,4475.0,0.9745251396648045,True
cora_deepres28_w128,12,R3_MOSAIC_ANCHOR,32,87,128,3205.0,23.03110522832561,4361.0,6392,990.0,158,4353.0,1.001837813002527,True
cora_deepres28_w128,12,R3_MOSAIC_ANCHOR,32,62,128,2311.0,24.627606752730884,4361.0,6036,916.25,139,3366.25,1.2955068696620868,True
cora_deepres28_w128,12,R3_MOSAIC_ANCHOR,32,109,128,4099.0,21.63771712158809,4361.0,6428,1221.25,195,5515.25,0.7907166492906034,True
cora_deepres28_w128,12,R3_MOSAIC_ANCHOR,32,90,128,3205.0,23.825281270681668,4361.0,6896,1200.0,178,4583.0,0.9515601134627973,True
cora_deepres28_w128,12,R3_MOSAIC_ANCHOR,32,73,128,2943.0,19.324950363997356,4361.0,6092,895.0,146,3984.0,1.0946285140562249,True
cora_deepres28_w128,12,R3_MOSAIC_ANCHOR,32,112,128,4099.0,22.233250620347395,4361.0,6812,1150.0,191,5440.0,0.8016544117647059,True
cora_deepres28_w128,12,R3_MOSAIC_ANCHOR,32,67,128,2943.0,17.736598279285243,4361.0,6104,1143.75,160,4246.75,1.0269029257667628,True
cora_deepres28_w128,12,R3_MOSAIC_ANCHOR,32,95,128,3205.0,25.14890800794176,4361.0,6708,1203.75,184,4592.75,0.949540035926188,True
cora_deepres28_w128,12,R3_MOSAIC_ANCHOR,32,67,128,2943.0,17.736598279285243,4361.0,6372,1018.75,144,4105.75,1.0621689094562503,True
cora_deepres28_w128,12,R3_MOSAIC_ANCHOR,32,109,128,4099.0,21.63771712158809,4361.0,6608,1330.0,201,5630.0,0.7746003552397869,True
cora_deepres28_w128,12,R3_MOSAIC_ANCHOR,32,72,128,2943.0,19.06022501654533,4361.0,6072,968.75,151,4062.75,1.0734108670235678,True
cora_deepres28_w128,12,R3_MOSAIC_ANCHOR,32,63,128,2311.0,25.02482621648461,4361.0,6052,1096.25,154,3561.25,1.2245700245700246,True
cora_deepres28_w128,12,R3_MOSAIC_ANCHOR,32,50,128,2049.0,19.860973187686195,4361.0,6064,852.5,125,3026.5,1.4409383776639684,True
cora_deepres28_w128,12,R3_MOSAIC_ANCHOR,32,58,128,2049.0,23.038728897715988,4361.0,6024,886.25,134,3069.25,1.420868290298933,True
cora_deepres28_w128,12,R3_MOSAIC_ANCHOR,32,88,128,3205.0,23.295830575777632,4361.0,6340,1250.0,181,4636.0,0.9406816220880069,True
cora_deepres28_w128,12,R3_MOSAIC_ANCHOR,32,109,128,4099.0,21.63771712158809,4361.0,6284,1117.5,187,5403.5,0.8070694919959286,True
cora_deepres28_w128,12,R3_MOSAIC_ANCHOR,20,61,128,1857.0,16.739846322722283,3977.0,3928,661.25,100,2618.25,1.5189534994748402,True
cora_deepres28_w128,16,R3_MOSAIC_ANCHOR,32,72,128,2943.0,19.06022501654533,4361.0,6780,525.0,114,3582.0,1.2174762702400894,True
cora_deepres28_w128,16,R3_MOSAIC_ANCHOR,32,76,128,2943.0,20.11912640635341,4361.0,6060,751.25,134,3828.25,1.139162802847254,True
cora_deepres28_w128,16,R3_MOSAIC_ANCHOR,32,103,128,4099.0,20.44665012406948,4361.0,6896,776.25,158,5033.25,0.8664381860626832,True
cora_deepres28_w128,16,R3_MOSAIC_ANCHOR,32,98,128,3837.0,19.45409429280397,4361.0,6112,782.5,154,4773.5,0.9135854195035089,True
cora_deepres28_w128,16,R3_MOSAIC_ANCHOR,32,68,128,2943.0,18.00132362673726,4361.0,6840,642.5,121,3706.5,1.1765816808309726,True
cora_deepres28_w128,16,R3_MOSAIC_ANCHOR,32,109,128,4099.0,21.63771712158809,4361.0,6140,720.0,158,4977.0,0.8762306610407876,True
cora_deepres28_w128,16,R3_MOSAIC_ANCHOR,32,88,128,3205.0,23.295830575777632,4361.0,6244,800.0,148,4153.0,1.0500842764266796,True
cora_deepres28_w128,16,R3_MOSAIC_ANCHOR,32,100,128,3837.0,19.851116625310173,4361.0,6884,835.0,161,4833.0,0.9023380922822264,True
cora_deepres28_w128,16,R3_MOSAIC_ANCHOR,32,78,128,2943.0,20.648577101257445,4361.0,7064,671.25,131,3745.25,1.1644082504505706,True
cora_deepres28_w128,16,R3_MOSAIC_ANCHOR,32,112,128,4099.0,22.233250620347395,4361.0,6240,823.75,169,5091.75,0.8564835272745127,True
cora_deepres28_w128,16,R3_MOSAIC_ANCHOR,32,72,128,2943.0,19.06022501654533,4361.0,6704,571.25,118,3632.25,1.2006332163259688,True
cora_deepres28_w128,16,R3_MOSAIC_ANCHOR,32,104,128,4099.0,20.64516129032258,4361.0,6436,787.5,159,5045.5,0.8643345555445446,True
cora_deepres28_w128,16,R3_MOSAIC_ANCHOR,32,67,128,2943.0,17.736598279285243,4361.0,6984,501.25,109,3553.25,1.2273270949131077,True
cora_deepres28_w128,16,R3_MOSAIC_ANCHOR,32,93,128,3205.0,24.619457313037724,4361.0,6204,908.75,159,4272.75,1.020654145456673,True
cora_deepres28_w128,16,R3_MOSAIC_ANCHOR,32,96,128,3205.0,25.413633355393777,4361.0,6140,847.5,158,4210.5,1.0357439733998337,True
cora_deepres28_w128,16,R3_MOSAIC_ANCHOR,32,96,128,3205.0,25.413633355393777,4361.0,6884,783.75,155,4143.75,1.0524283559577676,True
cora_deepres28_w128,16,R3_MOSAIC_ANCHOR,32,76,128,2943.0,20.11912640635341,4361.0,6648,623.75,125,3691.75,1.1812825895577979,True
cora_deepres28_w128,16,R3_MOSAIC_ANCHOR,32,105,128,4099.0,20.84367245657568,4361.0,5968,903.75,169,5171.75,0.8432348818098323,True
cora_deepres28_w128,16,R3_MOSAIC_ANCHOR,32,89,128,3205.0,23.56055592322965,4361.0,5944,848.75,151,4204.75,1.0371603543611392,True
cora_deepres28_w128,16,R3_MOSAIC_ANCHOR,32,96,128,3205.0,25.413633355393777,4361.0,6876,796.25,154,4155.25,1.0495156729438662,True
cora_deepres28_w128,16,R3_MOSAIC_ANCHOR,32,83,128,3205.0,21.972203838517537,4361.0,6620,771.25,142,4118.25,1.0589449402051843,True
cora_deepres28_w128,16,R3_MOSAIC_ANCHOR,32,82,128,3205.0,21.70747849106552,4361.0,6156,810.0,145,4160.0,1.0483173076923078,True
cora_deepres28_w128,16,R3_MOSAIC_ANCHOR,32,98,128,3837.0,19.45409429280397,4361.0,6064,851.25,161,4849.25,0.899314326957777,True
cora_deepres28_w128,16,R3_MOSAIC_ANCHOR,32,95,128,3205.0,25.14890800794176,4361.0,6932,731.25,150,4086.25,1.067237687366167,True
cora_deepres28_w128,16,R3_MOSAIC_ANCHOR,32,78,128,2943.0,20.648577101257445,4361.0,6908,531.25,121,3595.25,1.212989360962381,True
cora_deepres28_w128,16,R3_MOSAIC_ANCHOR,32,101,128,3837.0,20.049627791563275,4361.0,6148,908.75,165,4910.75,0.8880517232601944,True
cora_deepres28_w128,16,R3_MOSAIC_ANCHOR,32,110,128,4099.0,21.83622828784119,4361.0,6244,852.5,169,5120.5,0.8516746411483254,True
cora_deepres28_w128,16,R3_MOSAIC_ANCHOR,32,82,128,3205.0,21.70747849106552,4361.0,6720,792.5,143,4140.5,1.0532544378698225,True
cora_deepres28_w128,16,R3_MOSAIC_ANCHOR,32,73,128,2943.0,19.324950363997356,4361.0,6932,502.5,114,3559.5,1.2251720747295969,True
cora_deepres28_w128,16,R3_MOSAIC_ANCHOR,32,98,128,3837.0,19.45409429280397,4361.0,6528,867.5,161,4865.5,0.8963107594286301,True
cora_deepres28_w128,16,R3_MOSAIC_ANCHOR,32,65,128,2943.0,17.207147584381204,4361.0,5744,905.0,137,3985.0,1.09435382685069,True
cora_deepres28_w128,16,R3_MOSAIC_ANCHOR,32,94,128,3205.0,24.884182660489746,4361.0,6664,715.0,147,4067.0,1.072289156626506,True
cora_deepres28_w128,16,R3_MOSAIC_ANCHOR,32,63,128,2311.0,25.02482621648461,4361.0,5836,863.75,133,3307.75,1.3184188647872421,True
cora_deepres28_w128,16,R3_MOSAIC_ANCHOR,32,100,128,3837.0,19.851116625310173,4361.0,6804,878.75,164,4879.75,0.893693324453097,True
cora_deepres28_w128,16,R3_MOSAIC_ANCHOR,32,77,128,2943.0,20.383851753805427,4361.0,5888,881.25,145,3969.25,1.098696227246961,True
cora_deepres28_w128,16,R3_MOSAIC_ANCHOR,32,103,128,4099.0,20.44665012406948,4361.0,6428,842.5,164,5105.5,0.8541768680834394,True
cora_deepres28_w128,16,R3_MOSAIC_ANCHOR,32,100,128,3837.0,19.851116625310173,4361.0,6476,932.5,167,4936.5,0.8834194267193356,True
cora_deepres28_w128,16,R3_MOSAIC_ANCHOR,32,104,128,4099.0,20.64516129032258,4361.0,6764,896.25,169,5164.25,0.8444595052524568,True
cora_deepres28_w128,16,R3_MOSAIC_ANCHOR,32,81,128,2943.0,21.4427531436135,4361.0,6336,801.25,144,3888.25,1.1215842602713302,True
cora_deepres28_w128,16,R3_MOSAIC_ANCHOR,32,66,128,2943.0,17.47187293183322,4361.0,6480,715.0,124,3782.0,1.1530936012691697,True
cora_deepres28_w128,16,R3_MOSAIC_ANCHOR,32,83,128,3205.0,21.972203838517537,4361.0,6732,710.0,137,4052.0,1.076258637709773,True
cora_deepres28_w128,16,R3_MOSAIC_ANCHOR,32,82,128,3205.0,21.70747849106552,4361.0,6204,803.75,145,4153.75,1.0498946734878123,True
cora_deepres28_w128,16,R3_MOSAIC_ANCHOR,32,92,128,3205.0,24.354731965585703,4361.0,6856,720.0,147,4072.0,1.0709724950884087,True
cora_deepres28_w128,16,R3_MOSAIC_ANCHOR,32,100,128,3837.0,19.851116625310173,4361.0,6400,873.75,163,4873.75,0.8947935368043088,True
cora_deepres28_w128,16,R3_MOSAIC_ANCHOR,32,85,128,3205.0,22.501654533421576,4361.0,6892,730.0,141,4076.0,1.0699214916584887,True
cora_deepres28_w128,16,R3_MOSAIC_ANCHOR,32,91,128,3205.0,24.090006618133685,4361.0,6368,867.5,158,4230.5,1.0308474175629359,True
cora_deepres28_w128,16,R3_MOSAIC_ANCHOR,32,105,128,4099.0,20.84367245657568,4361.0,6220,907.5,168,5174.5,0.8427867426804522,True
cora_deepres28_w128,16,R3_MOSAIC_ANCHOR,32,100,128,3837.0,19.851116625310173,4361.0,6684,807.5,157,4801.5,0.9082578360928877,True
cora_deepres28_w128,16,R3_MOSAIC_ANCHOR,32,70,128,2943.0,18.530774321641296,4361.0,5812,933.75,144,4020.75,1.0846235155132748,True
cora_deepres28_w128,16,R3_MOSAIC_ANCHOR,32,105,128,4099.0,20.84367245657568,4361.0,6740,731.25,157,4987.25,0.8744297959797483,True
cora_deepres28_w128,16,R3_MOSAIC_ANCHOR,32,97,128,3837.0,19.255583126550867,4361.0,6384,783.75,154,4774.75,0.9133462484946856,True
cora_deepres28_w128,16,R3_MOSAIC_ANCHOR,32,58,128,2049.0,23.038728897715988,4361.0,6008,838.75,128,3015.75,1.4460747741026279,True
cora_deepres28_w128,16,R3_MOSAIC_ANCHOR,32,60,128,2049.0,23.83316782522344,4361.0,6248,798.75,129,2976.75,1.4650205761316872,True
cora_deepres28_w128,16,R3_MOSAIC_ANCHOR,32,69,128,2943.0,18.26604897418928,4361.0,5812,841.25,137,3921.25,1.1121453618106472,True
cora_deepres28_w128,16,R3_MOSAIC_ANCHOR,32,100,128,3837.0,19.851116625310173,4361.0,6168,902.5,166,4905.5,0.8890021404545918,True
cora_deepres28_w128,16,R3_MOSAIC_ANCHOR,32,109,128,4099.0,21.63771712158809,4361.0,6780,896.25,171,5166.25,0.8441325913380111,True
cora_deepres28_w128,16,R3_MOSAIC_ANCHOR,32,95,128,3205.0,25.14890800794176,4361.0,6468,777.5,153,4135.5,1.0545278684560513,True
cora_deepres28_w128,16,R3_MOSAIC_ANCHOR,32,89,128,3205.0,23.56055592322965,4361.0,6172,906.25,159,4270.25,1.0212516831567238,True
cora_deepres28_w128,16,R3_MOSAIC_ANCHOR,32,93,128,3205.0,24.619457313037724,4361.0,6876,757.5,148,4110.5,1.0609414913027613,True
cora_deepres28_w128,16,R3_MOSAIC_ANCHOR,32,100,128,3837.0,19.851116625310173,4361.0,6184,783.75,156,4776.75,0.912963835243628,True
cora_deepres28_w128,16,R3_MOSAIC_ANCHOR,32,84,128,3205.0,22.23692918596956,4361.0,6524,876.25,151,4232.25,1.0304211707720479,True
cora_deepres28_w128,16,R3_MOSAIC_ANCHOR,32,109,128,4099.0,21.63771712158809,4361.0,6620,765.0,161,5025.0,0.8678606965174129,True
cora_deepres28_w128,16,R3_MOSAIC_ANCHOR,32,90,128,3205.0,23.825281270681668,4361.0,6268,921.25,159,4285.25,1.017676914999125,True
cora_deepres28_w128,16,R3_MOSAIC_ANCHOR,32,100,128,3837.0,19.851116625310173,4361.0,6748,865.0,163,4865.0,0.8964028776978418,True
cora_deepres28_w128,16,R3_MOSAIC_ANCHOR,32,100,128,3837.0,19.851116625310173,4361.0,6384,833.75,160,4830.75,0.9027583708533872,True
cora_deepres28_w128,16,R3_MOSAIC_ANCHOR,32,79,128,2943.0,20.913302448709462,4361.0,5868,1013.75,156,4112.75,1.0603610722752417,True
cora_deepres28_w128,16,R3_MOSAIC_ANCHOR,32,81,128,2943.0,21.4427531436135,4361.0,6200,820.0,146,3909.0,1.1156305960603734,True
cora_deepres28_w128,16,R3_MOSAIC_ANCHOR,32,104,128,4099.0,20.64516129032258,4361.0,6596,858.75,165,5122.75,0.8513005709823825,True
cora_deepres28_w128,16,R3_MOSAIC_ANCHOR,32,109,128,4099.0,21.63771712158809,4361.0,6436,923.75,174,5196.75,0.8391783326117285,True
cora_deepres28_w128,16,R3_MOSAIC_ANCHOR,32,64,128,2311.0,25.42204568023833,4361.0,6456,733.75,124,3168.75,1.3762524654832347,True
cora_deepres28_w128,16,R3_MOSAIC_ANCHOR,32,86,128,3205.0,22.766379880873597,4361.0,5896,912.5,155,4272.5,1.0207138677589234,True
cora_deepres28_w128,16,R3_MOSAIC_ANCHOR,32,84,128,3205.0,22.23692918596956,4361.0,6444,927.5,154,4286.5,1.017380146973055,True
cora_deepres28_w128,16,R3_MOSAIC_ANCHOR,32,92,128,3205.0,24.354731965585703,4361.0,6636,865.0,157,4227.0,1.0317009699550508,True
cora_deepres28_w128,16,R3_MOSAIC_ANCHOR,32,71,128,2943.0,18.79549966909332,4361.0,6220,728.75,131,3802.75,1.1468016566958121,True
cora_deepres28_w128,16,R3_MOSAIC_ANCHOR,32,107,128,4099.0,21.24069478908189,4361.0,6560,982.5,176,5257.5,0.8294816928197812,True
cora_deepres28_w128,16,R3_MOSAIC_ANCHOR,32,70,128,2943.0,18.530774321641296,4361.0,6888,615.0,119,3677.0,1.1860212129453358,True
cora_deepres28_w128,16,R3_MOSAIC_ANCHOR,32,64,128,2311.0,25.42204568023833,4361.0,5784,925.0,140,3376.0,1.2917654028436019,True
cora_deepres28_w128,16,R3_MOSAIC_ANCHOR,32,70,128,2943.0,18.530774321641296,4361.0,6836,670.0,124,3737.0,1.166978860048167,True
cora_deepres28_w128,16,R3_MOSAIC_ANCHOR,32,63,128,2311.0,25.02482621648461,4361.0,6188,821.25,130,3262.25,1.336807418192965,True
cora_deepres28_w128,16,R3_MOSAIC_ANCHOR,32,109,128,4099.0,21.63771712158809,4361.0,6716,798.75,164,5061.75,0.861559737245024,True
cora_deepres28_w128,16,R3_MOSAIC_ANCHOR,32,60,128,2049.0,23.83316782522344,4361.0,6628,690.0,116,2855.0,1.5274956217162872,True
cora_deepres28_w128,16,R3_MOSAIC_ANCHOR,32,86,128,3205.0,22.766379880873597,4361.0,6696,835.0,151,4191.0,1.040563111429253,True
cora_deepres28_w128,16,R3_MOSAIC_ANCHOR,32,108,128,4099.0,21.439205955334987,4361.0,6400,827.5,165,5091.5,0.8565255818521065,True
cora_deepres28_w128,16,R3_MOSAIC_ANCHOR,32,70,128,2943.0,18.530774321641296,4361.0,6108,755.0,132,3830.0,1.1386422976501305,True
cora_deepres28_w128,16,R3_MOSAIC_ANCHOR,20,56,128,1857.0,15.367727771679473,3977.0,3836,375.0,77,2309.0,1.722390645300996,True
cora_deepres28_w128,20,R3_MOSAIC_ANCHOR,32,72,128,2943.0,19.06022501654533,4361.0,6532,590.0,120,3653.0,1.1938133041335888,True
cora_deepres28_w128,20,R3_MOSAIC_ANCHOR,32,97,128,3837.0,19.255583126550867,4361.0,6212,810.0,156,4803.0,0.9079741828024152,True
cora_deepres28_w128,20,R3_MOSAIC_ANCHOR,32,70,128,2943.0,18.530774321641296,4361.0,5560,787.5,133,3863.5,1.1287692506794358,True
cora_deepres28_w128,20,R3_MOSAIC_ANCHOR,32,104,128,4099.0,20.64516129032258,4361.0,6892,532.5,140,4771.5,0.9139683537671591,True
cora_deepres28_w128,20,R3_MOSAIC_ANCHOR,32,84,128,3205.0,22.23692918596956,4361.0,6748,667.5,136,4008.5,1.087938131470625,True
cora_deepres28_w128,20,R3_MOSAIC_ANCHOR,32,83,128,3205.0,21.972203838517537,4361.0,5940,797.5,142,4144.5,1.052237905658101,True
cora_deepres28_w128,20,R3_MOSAIC_ANCHOR,32,86,128,3205.0,22.766379880873597,4361.0,6448,588.75,131,3924.75,1.1111535766609337,True
cora_deepres28_w128,20,R3_MOSAIC_ANCHOR,32,108,128,4099.0,21.439205955334987,4361.0,6112,690.0,154,4943.0,0.8822577382156586,True
cora_deepres28_w128,20,R3_MOSAIC_ANCHOR,32,73,128,2943.0,19.324950363997356,4361.0,6664,770.0,135,3848.0,1.1333160083160083,True
cora_deepres28_w128,20,R3_MOSAIC_ANCHOR,32,110,128,4099.0,21.83622828784119,4361.0,6124,838.75,169,5106.75,0.8539677877319234,True
cora_deepres28_w128,20,R3_MOSAIC_ANCHOR,32,86,128,3205.0,22.766379880873597,4361.0,5992,780.0,147,4132.0,1.0554211035818006,True
cora_deepres28_w128,20,R3_MOSAIC_ANCHOR,32,73,128,2943.0,19.324950363997356,4361.0,6568,602.5,121,3666.5,1.189417700804582,True
cora_deepres28_w128,20,R3_MOSAIC_ANCHOR,32,91,128,3205.0,24.090006618133685,4361.0,5812,791.25,150,4146.25,1.0517937895688876,True
cora_deepres28_w128,20,R3_MOSAIC_ANCHOR,32,71,128,2943.0,18.79549966909332,4361.0,6560,588.75,120,3651.75,1.1942219483809133,True
cora_deepres28_w128,20,R3_MOSAIC_ANCHOR,32,82,128,3205.0,21.70747849106552,4361.0,6488,680.0,135,4020.0,1.0848258706467662,True
cora_deepres28_w128,20,R3_MOSAIC_ANCHOR,32,111,128,4099.0,22.034739454094293,4361.0,6192,815.0,168,5082.0,0.8581267217630854,True
cora_deepres28_w128,20,R3_MOSAIC_ANCHOR,32,79,128,2943.0,20.913302448709462,4361.0,6580,552.5,123,3618.5,1.2051955230067708,True
cora_deepres28_w128,20,R3_MOSAIC_ANCHOR,32,103,128,4099.0,20.44665012406948,4361.0,5732,906.25,166,5171.25,0.84331641285956,True
cora_deepres28_w128,20,R3_MOSAIC_ANCHOR,32,87,128,3205.0,23.03110522832561,4361.0,5568,791.25,147,4143.25,1.052555361129548,True
cora_deepres28_w128,20,R3_MOSAIC_ANCHOR,32,90,128,3205.0,23.825281270681668,4361.0,6288,728.75,145,4078.75,1.0692001225865768,True
cora_deepres28_w128,20,R3_MOSAIC_ANCHOR,32,75,128,2943.0,19.85440105890139,4361.0,6136,785.0,139,3867.0,1.1277476079648305,True
cora_deepres28_w128,20,R3_MOSAIC_ANCHOR,32,85,128,3205.0,22.501654533421576,4361.0,5920,873.75,153,4231.75,1.030542919595912,True
cora_deepres28_w128,20,R3_MOSAIC_ANCHOR,32,101,128,3837.0,20.049627791563275,4361.0,6432,727.5,153,4717.5,0.9244303126656068,True
cora_deepres28_w128,20,R3_MOSAIC_ANCHOR,32,94,128,3205.0,24.884182660489746,4361.0,5696,981.25,168,4354.25,1.0015502095653672,True
cora_deepres28_w128,20,R3_MOSAIC_ANCHOR,32,75,128,2943.0,19.85440105890139,4361.0,6628,573.75,121,3637.75,1.1988179506563124,True
cora_deepres28_w128,20,R3_MOSAIC_ANCHOR,32,97,128,3837.0,19.255583126550867,4361.0,5884,771.25,154,4762.25,0.9157436085883773,True
cora_deepres28_w128,20,R3_MOSAIC_ANCHOR,32,108,128,4099.0,21.439205955334987,4361.0,5928,758.75,161,5018.75,0.8689414694894146,True
cora_deepres28_w128,20,R3_MOSAIC_ANCHOR,32,90,128,3205.0,23.825281270681668,4361.0,6292,710.0,143,4058.0,1.0746673238048299,True
cora_deepres28_w128,20,R3_MOSAIC_ANCHOR,32,71,128,2943.0,18.79549966909332,4361.0,6328,667.5,124,3734.5,1.1677600749765698,True
cora_deepres28_w128,20,R3_MOSAIC_ANCHOR,32,90,128,3205.0,23.825281270681668,4361.0,6616,588.75,133,3926.75,1.1105876360858216,True
cora_deepres28_w128,20,R3_MOSAIC_ANCHOR,32,94,128,3205.0,24.884182660489746,4361.0,6104,698.75,145,4048.75,1.0771225686940413,True
cora_deepres28_w128,20,R3_MOSAIC_ANCHOR,32,63,128,2311.0,25.02482621648461,4361.0,5408,712.5,122,3145.5,1.3864250516611032,True
cora_deepres28_w128,20,R3_MOSAIC_ANCHOR,32,84,128,3205.0,22.23692918596956,4361.0,5952,827.5,147,4179.5,1.043426247158751,True
cora_deepres28_w128,20,R3_MOSAIC_ANCHOR,32,56,128,2049.0,22.24428997020854,4361.0,5572,1046.25,142,3237.25,1.3471310525909337,True
cora_deepres28_w128,20,R3_MOSAIC_ANCHOR,32,85,128,3205.0,22.501654533421576,4361.0,5924,821.25,149,4175.25,1.044488353990779,True
cora_deepres28_w128,20,R3_MOSAIC_ANCHOR,32,104,128,4099.0,20.64516129032258,4361.0,6400,697.5,153,4949.5,0.8810991009192848,True
cora_deepres28_w128,20,R3_MOSAIC_ANCHOR,32,82,128,3205.0,21.70747849106552,4361.0,6148,811.25,145,4161.25,1.0480024031240613,True
cora_deepres28_w128,20,R3_MOSAIC_ANCHOR,32,105,128,4099.0,20.84367245657568,4361.0,6032,827.5,166,5092.5,0.8563573883161512,True
cora_deepres28_w128,20,R3_MOSAIC_ANCHOR,32,60,128,2049.0,23.83316782522344,4361.0,6096,736.25,121,2906.25,1.5005591397849463,True
cora_deepres28_w128,20,R3_MOSAIC_ANCHOR,32,92,128,3205.0,24.354731965585703,4361.0,6280,852.5,156,4213.5,1.0350065266405601,True
cora_deepres28_w128,20,R3_MOSAIC_ANCHOR,32,93,128,3205.0,24.619457313037724,4361.0,6408,681.25,142,4028.25,1.082604108483833,True
cora_deepres28_w128,20,R3_MOSAIC_ANCHOR,32,73,128,2943.0,19.324950363997356,4361.0,5980,815.0,139,3897.0,1.1190659481652554,True
cora_deepres28_w128,20,R3_MOSAIC_ANCHOR,32,97,128,3837.0,19.255583126550867,4361.0,5944,991.25,169,4997.25,0.8726799739856921,True
cora_deepres28_w128,20,R3_MOSAIC_ANCHOR,32,79,128,2943.0,20.913302448709462,4361.0,6316,743.75,139,3825.75,1.1399072077370451,True
cora_deepres28_w128,20,R3_MOSAIC_ANCHOR,32,106,128,4099.0,21.042183622828784,4361.0,5884,707.5,155,4961.5,0.8789680540159226,True
cora_deepres28_w128,20,R3_MOSAIC_ANCHOR,32,83,128,3205.0,21.972203838517537,4361.0,6248,445.0,117,3767.0,1.1576851606052563,True
cora_deepres28_w128,20,R3_MOSAIC_ANCHOR,32,98,128,3837.0,19.45409429280397,4361.0,6592,618.75,142,4597.75,0.9485074221086401,True
cora_deepres28_w128,20,R3_MOSAIC_ANCHOR,32,102,128,3837.0,20.248138957816376,4361.0,6188,823.75,162,4822.75,0.9042558706132393,True
cora_deepres28_w128,20,R3_MOSAIC_ANCHOR,32,65,128,2943.0,17.207147584381204,4361.0,5548,821.25,132,3896.25,1.1192813602823228,True
cora_deepres28_w128,20,R3_MOSAIC_ANCHOR,32,104,128,4099.0,20.64516129032258,4361.0,6552,542.5,141,4782.5,0.9118661787767904,True
cora_deepres28_w128,20,R3_MOSAIC_ANCHOR,32,92,128,3205.0,24.354731965585703,4361.0,6080,720.0,146,4071.0,1.0712355686563497,True
cora_deepres28_w128,20,R3_MOSAIC_ANCHOR,32,53,128,2049.0,21.05263157894737,4361.0,5476,652.5,111,2812.5,1.5505777777777778,True
cora_deepres28_w128,20,R3_MOSAIC_ANCHOR,32,87,128,3205.0,23.03110522832561,4361.0,5736,695.0,140,4040.0,1.0794554455445544,True
cora_deepres28_w128,20,R3_MOSAIC_ANCHOR,32,105,128,4099.0,20.84367245657568,4361.0,6116,738.75,158,4995.75,0.8729420007005955,True
cora_deepres28_w128,20,R3_MOSAIC_ANCHOR,32,61,128,2049.0,24.23038728897716,4361.0,6228,355.0,93,2497.0,1.7464957949539448,True
cora_deepres28_w128,20,R3_MOSAIC_ANCHOR,32,108,128,4099.0,21.439205955334987,4361.0,5864,845.0,167,5111.0,0.853257679514772,True
cora_deepres28_w128,20,R3_MOSAIC_ANCHOR,32,72,128,2943.0,19.06022501654533,4361.0,6048,841.25,140,3924.25,1.111295151939861,True
cora_deepres28_w128,20,R3_MOSAIC_ANCHOR,32,106,128,4099.0,21.042183622828784,4361.0,6644,535.0,141,4775.0,0.9132984293193718,True
cora_deepres28_w128,20,R3_MOSAIC_ANCHOR,32,88,128,3205.0,23.295830575777632,4361.0,6132,916.25,158,4279.25,1.019103814920839,True
cora_deepres28_w128,20,R3_MOSAIC_ANCHOR,32,89,128,3205.0,23.56055592322965,4361.0,5752,1051.25,166,4422.25,0.9861495844875346,True
cora_deepres28_w128,20,R3_MOSAIC_ANCHOR,32,97,128,3837.0,19.255583126550867,4361.0,6516,561.25,136,4534.25,0.961790814357391,True
cora_deepres28_w128,20,R3_MOSAIC_ANCHOR,32,95,128,3205.0,25.14890800794176,4361.0,5948,905.0,162,4272.0,1.0208333333333333,True
cora_deepres28_w128,20,R3_MOSAIC_ANCHOR,32,73,128,2943.0,19.324950363997356,4361.0,5996,843.75,140,3926.75,1.1105876360858216,True
cora_deepres28_w128,20,R3_MOSAIC_ANCHOR,32,109,128,4099.0,21.63771712158809,4361.0,6508,661.25,153,4913.25,0.8875998575281128,True
cora_deepres28_w128,20,R3_MOSAIC_ANCHOR,32,74,128,2943.0,19.58967571144937,4361.0,5824,788.75,139,3870.75,1.1266550410127236,True
cora_deepres28_w128,20,R3_MOSAIC_ANCHOR,32,97,128,3837.0,19.255583126550867,4361.0,6568,543.75,136,4516.75,0.9655172413793104,True
cora_deepres28_w128,20,R3_MOSAIC_ANCHOR,32,74,128,2943.0,19.58967571144937,4361.0,5744,897.5,145,3985.5,1.0942165349391544,True
cora_deepres28_w128,20,R3_MOSAIC_ANCHOR,32,103,128,4099.0,20.44665012406948,4361.0,6368,568.75,142,4809.75,0.9066999324289204,True
cora_deepres28_w128,20,R3_MOSAIC_ANCHOR,32,83,128,3205.0,21.972203838517537,4361.0,6580,395.0,112,3712.0,1.1748383620689655,True
cora_deepres28_w128,20,R3_MOSAIC_ANCHOR,32,71,128,2943.0,18.79549966909332,4361.0,6784,431.25,106,3480.25,1.2530709000790172,True
cora_deepres28_w128,20,R3_MOSAIC_ANCHOR,32,83,128,3205.0,21.972203838517537,4361.0,5700,708.75,138,4051.75,1.0763250447337571,True
cora_deepres28_w128,20,R3_MOSAIC_ANCHOR,32,108,128,4099.0,21.439205955334987,4361.0,6112,858.75,169,5126.75,0.8506363680694397,True
cora_deepres28_w128,20,R3_MOSAIC_ANCHOR,32,65,128,2943.0,17.207147584381204,4361.0,6696,413.75,101,3457.75,1.2612247849034777,True
cora_deepres28_w128,20,R3_MOSAIC_ANCHOR,32,108,128,4099.0,21.439205955334987,4361.0,6152,810.0,165,5074.0,0.859479700433583,True
cora_deepres28_w128,20,R3_MOSAIC_ANCHOR,32,87,128,3205.0,23.03110522832561,4361.0,6704,525.0,127,3857.0,1.1306715063520871,True
cora_deepres28_w128,20,R3_MOSAIC_ANCHOR,32,69,128,2943.0,18.26604897418928,4361.0,6940,407.5,104,3454.5,1.2624113475177305,True
cora_deepres28_w128,20,R3_MOSAIC_ANCHOR,32,59,128,2049.0,23.435948361469716,4361.0,6940,353.75,91,2493.75,1.7487719298245614,True
cora_deepres28_w128,20,R3_MOSAIC_ANCHOR,32,65,128,2943.0,17.207147584381204,4361.0,5636,703.75,125,3771.75,1.156227215483529,True
cora_deepres28_w128,20,R3_MOSAIC_ANCHOR,32,102,128,3837.0,20.248138957816376,4361.0,6776,598.75,146,4581.75,0.9518197195394773,True
cora_deepres28_w128,20,R3_MOSAIC_ANCHOR,32,94,128,3205.0,24.884182660489746,4361.0,6540,543.75,134,3882.75,1.1231730088210676,True
cora_deepres28_w128,20,R3_MOSAIC_ANCHOR,32,107,128,4099.0,21.24069478908189,4361.0,6544,607.5,149,4855.5,0.8981567294820307,True
cora_deepres28_w128,20,R3_MOSAIC_ANCHOR,32,76,128,2943.0,20.11912640635341,4361.0,6892,487.5,115,3545.5,1.2300098716683119,True
cora_deepres28_w128,20,R3_MOSAIC_ANCHOR,32,69,128,2943.0,18.26604897418928,4361.0,6568,500.0,111,3554.0,1.227068092290377,True
cora_deepres28_w128,20,R3_MOSAIC_ANCHOR,32,58,128,2049.0,23.038728897715988,4361.0,6896,323.75,86,2458.75,1.7736654804270462,True
cora_deepres28_w128,20,R3_MOSAIC_ANCHOR,20,54,128,1857.0,14.818880351262347,3977.0,3720,481.25,83,2421.25,1.6425400103252452,True
cora_deepres28_w128,24,R3_MOSAIC_ANCHOR,32,70,128,2943.0,18.530774321641296,4361.0,6300,582.5,118,3643.5,1.196926032660903,True
cora_deepres28_w128,24,R3_MOSAIC_ANCHOR,32,102,128,3837.0,20.248138957816376,4361.0,5988,711.25,150,4698.25,0.928217953493322,True
cora_deepres28_w128,24,R3_MOSAIC_ANCHOR,32,66,128,2943.0,17.47187293183322,4361.0,5556,591.25,116,3650.25,1.1947126909115815,True
cora_deepres28_w128,24,R3_MOSAIC_ANCHOR,32,101,128,3837.0,20.049627791563275,4361.0,6476,676.25,148,4661.25,0.9355859479753285,True
cora_deepres28_w128,24,R3_MOSAIC_ANCHOR,32,71,128,2943.0,18.79549966909332,4361.0,6188,612.5,123,3678.5,1.1855375832540438,True
cora_deepres28_w128,24,R3_MOSAIC_ANCHOR,32,97,128,3837.0,19.255583126550867,4361.0,5768,595.0,139,4571.0,0.9540581929555896,True
cora_deepres28_w128,24,R3_MOSAIC_ANCHOR,32,75,128,2943.0,19.85440105890139,4361.0,5832,630.0,125,3698.0,1.1792861005949162,True
cora_deepres28_w128,24,R3_MOSAIC_ANCHOR,32,91,128,3205.0,24.090006618133685,4361.0,6444,513.75,129,3847.75,1.1333896432980313,True
cora_deepres28_w128,24,R3_MOSAIC_ANCHOR,32,84,128,3205.0,22.23692918596956,4361.0,5868,567.5,127,3899.5,1.118348506218746,True
cora_deepres28_w128,24,R3_MOSAIC_ANCHOR,32,67,128,2943.0,17.736598279285243,4361.0,6564,503.75,111,3557.75,1.2257747171667486,True
cora_deepres28_w128,24,R3_MOSAIC_ANCHOR,32,103,128,4099.0,20.44665012406948,4361.0,5896,612.5,145,4856.5,0.8979717903840214,True
cora_deepres28_w128,24,R3_MOSAIC_ANCHOR,32,72,128,2943.0,19.06022501654533,4361.0,6276,518.75,114,3575.75,1.2196042788226247,True
cora_deepres28_w128,24,R3_MOSAIC_ANCHOR,32,81,128,2943.0,21.4427531436135,4361.0,5828,725.0,138,3806.0,1.1458223857067789,True
cora_deepres28_w128,24,R3_MOSAIC_ANCHOR,32,65,128,2943.0,17.207147584381204,4361.0,6368,470.0,105,3518.0,1.239624786810688,True
cora_deepres28_w128,24,R3_MOSAIC_ANCHOR,32,89,128,3205.0,23.56055592322965,4361.0,5660,582.5,132,3919.5,1.112641918612068,True
cora_deepres28_w128,24,R3_MOSAIC_ANCHOR,32,104,128,4099.0,20.64516129032258,4361.0,6200,637.5,148,4884.5,0.8928242399426758,True
cora_deepres28_w128,24,R3_MOSAIC_ANCHOR,32,103,128,4099.0,20.44665012406948,4361.0,5400,703.75,152,4954.75,0.8801654977546799,True
cora_deepres28_w128,24,R3_MOSAIC_ANCHOR,32,70,128,2943.0,18.530774321641296,4361.0,6188,691.25,127,3761.25,1.1594549684280493,True
cora_deepres28_w128,24,R3_MOSAIC_ANCHOR,32,92,128,3205.0,24.354731965585703,4361.0,6192,495.0,127,3827.0,1.1395348837209303,True
cora_deepres28_w128,24,R3_MOSAIC_ANCHOR,32,78,128,2943.0,20.648577101257445,4361.0,5580,566.25,123,3632.25,1.2006332163259688,True
cora_deepres28_w128,24,R3_MOSAIC_ANCHOR,32,73,128,2943.0,19.324950363997356,4361.0,5872,553.75,117,3613.75,1.2067796610169492,True
cora_deepres28_w128,24,R3_MOSAIC_ANCHOR,32,79,128,2943.0,20.913302448709462,4361.0,5812,688.75,134,3765.75,1.1580694416782846,True
cora_deepres28_w128,24,R3_MOSAIC_ANCHOR,32,87,128,3205.0,23.03110522832561,4361.0,5340,668.75,137,4010.75,1.0873278065199776,True
cora_deepres28_w128,24,R3_MOSAIC_ANCHOR,32,97,128,3837.0,19.255583126550867,4361.0,6304,572.5,137,4546.5,0.9591993841416474,True
cora_deepres28_w128,24,R3_MOSAIC_ANCHOR,32,75,128,2943.0,19.85440105890139,4361.0,6340,492.5,114,3549.5,1.2286237498239188,True
cora_deepres28_w128,24,R3_MOSAIC_ANCHOR,32,94,128,3205.0,24.884182660489746,4361.0,5472,581.25,135,3921.25,1.1121453618106472,True
cora_deepres28_w128,24,R3_MOSAIC_ANCHOR,32,100,128,3837.0,19.851116625310173,4361.0,5828,613.75,143,4593.75,0.9493333333333334,True
cora_deepres28_w128,24,R3_MOSAIC_ANCHOR,32,82,128,3205.0,21.70747849106552,4361.0,5992,576.25,127,3908.25,1.1158446875199897,True
cora_deepres28_w128,24,R3_MOSAIC_ANCHOR,32,87,128,3205.0,23.03110522832561,4361.0,6392,520.0,126,3851.0,1.132433134250844,True
cora_deepres28_w128,24,R3_MOSAIC_ANCHOR,32,93,128,3205.0,24.619457313037724,4361.0,5916,536.25,131,3872.25,1.1262186067531796,True
cora_deepres28_w128,24,R3_MOSAIC_ANCHOR,32,71,128,2943.0,18.79549966909332,4361.0,6248,628.75,122,3693.75,1.180642978003384,True
cora_deepres28_w128,24,R3_MOSAIC_ANCHOR,32,60,128,2049.0,23.83316782522344,4361.0,5456,571.25,110,2730.25,1.5972896254921711,True
cora_deepres28_w128,24,R3_MOSAIC_ANCHOR,32,80,128,2943.0,21.178027796161484,4361.0,5888,615.0,127,3685.0,1.1834464043419268,True
cora_deepres28_w128,24,R3_MOSAIC_ANCHOR,32,100,128,3837.0,19.851116625310173,4361.0,6048,625.0,146,4608.0,0.9463975694444444,True
cora_deepres28_w128,24,R3_MOSAIC_ANCHOR,32,52,128,2049.0,20.655412115193645,4361.0,5084,731.25,113,2893.25,1.5073014775771192,True
cora_deepres28_w128,24,R3_MOSAIC_ANCHOR,32,82,128,3205.0,21.70747849106552,4361.0,6048,595.0,130,3930.0,1.1096692111959288,True
cora_deepres28_w128,24,R3_MOSAIC_ANCHOR,32,70,128,2943.0,18.530774321641296,4361.0,6020,640.0,123,3706.0,1.1767404209390178,True
cora_deepres28_w128,24,R3_MOSAIC_ANCHOR,32,101,128,3837.0,20.049627791563275,4361.0,6000,485.0,134,4456.0,0.9786804308797128,True
cora_deepres28_w128,24,R3_MOSAIC_ANCHOR,32,75,128,2943.0,19.85440105890139,4361.0,5856,746.25,135,3824.25,1.1403543178400994,True
cora_deepres28_w128,24,R3_MOSAIC_ANCHOR,32,83,128,3205.0,21.972203838517537,4361.0,5744,608.75,130,3943.75,1.1058003169572108,True
cora_deepres28_w128,24,R3_MOSAIC_ANCHOR,32,69,128,2943.0,18.26604897418928,4361.0,5916,628.75,121,3692.75,1.1809626971769007,True
cora_deepres28_w128,24,R3_MOSAIC_ANCHOR,32,88,128,3205.0,23.295830575777632,4361.0,6384,515.0,127,3847.0,1.1336106056667534,True
cora_deepres28_w128,24,R3_MOSAIC_ANCHOR,32,90,128,3205.0,23.825281270681668,4361.0,5680,615.0,136,3956.0,1.102376137512639,True
cora_deepres28_w128,24,R3_MOSAIC_ANCHOR,32,83,128,3205.0,21.972203838517537,4361.0,6076,617.5,131,3953.5,1.103073226255217,True
cora_deepres28_w128,24,R3_MOSAIC_ANCHOR,32,91,128,3205.0,24.090006618133685,4361.0,5904,626.25,138,3969.25,1.098696227246961,True
cora_deepres28_w128,24,R3_MOSAIC_ANCHOR,32,79,128,2943.0,20.913302448709462,4361.0,5912,432.5,111,3486.5,1.250824609206941,True
cora_deepres28_w128,24,R3_MOSAIC_ANCHOR,32,83,128,3205.0,21.972203838517537,4361.0,5912,592.5,130,3927.5,1.1103755569700828,True
cora_deepres28_w128,24,R3_MOSAIC_ANCHOR,32,97,128,3837.0,19.255583126550867,4361.0,6348,593.75,139,4569.75,0.9543191640680563,True
cora_deepres28_w128,24,R3_MOSAIC_ANCHOR,32,71,128,2943.0,18.79549966909332,4361.0,5708,603.75,120,3666.75,1.1893366059862276,True
cora_deepres28_w128,24,R3_MOSAIC_ANCHOR,32,102,128,3837.0,20.248138957816376,4361.0,6256,560.0,140,4537.0,0.9612078465946661,True
cora_deepres28_w128,24,R3_MOSAIC_ANCHOR,32,67,128,2943.0,17.736598279285243,4361.0,5376,527.5,110,3580.5,1.2179863147605083,True
cora_deepres28_w128,24,R3_MOSAIC_ANCHOR,32,72,128,2943.0,19.06022501654533,4361.0,5936,562.5,119,3624.5,1.2032004414401987,True
cora_deepres28_w128,24,R3_MOSAIC_ANCHOR,32,71,128,2943.0,18.79549966909332,4361.0,5728,570.0,118,3631.0,1.2010465436518865,True
cora_deepres28_w128,24,R3_MOSAIC_ANCHOR,32,51,128,2049.0,20.25819265143992,4361.0,5712,410.0,89,2548.0,1.7115384615384615,True
cora_deepres28_w128,24,R3_MOSAIC_ANCHOR,32,102,128,3837.0,20.248138957816376,4361.0,6076,677.5,150,4664.5,0.9349340765355344,True
cora_deepres28_w128,24,R3_MOSAIC_ANCHOR,32,82,128,3205.0,21.70747849106552,4361.0,5668,621.25,130,3956.25,1.102306477093207,True
cora_deepres28_w128,24,R3_MOSAIC_ANCHOR,32,100,128,3837.0,19.851116625310173,4361.0,6120,620.0,144,4601.0,0.9478374266463813,True
cora_deepres28_w128,24,R3_MOSAIC_ANCHOR,32,84,128,3205.0,22.23692918596956,4361.0,6276,577.5,128,3910.5,1.115202659506457,True
cora_deepres28_w128,24,R3_MOSAIC_ANCHOR,32,84,128,3205.0,22.23692918596956,4361.0,5816,641.25,134,3980.25,1.0956598203630425,True
cora_deepres28_w128,24,R3_MOSAIC_ANCHOR,32,90,128,3205.0,23.825281270681668,4361.0,5528,667.5,139,4011.5,1.087124517013586,True
cora_deepres28_w128,24,R3_MOSAIC_ANCHOR,32,93,128,3205.0,24.619457313037724,4361.0,6148,540.0,131,3876.0,1.1251289989680082,True
cora_deepres28_w128,24,R3_MOSAIC_ANCHOR,32,87,128,3205.0,23.03110522832561,4361.0,5904,635.0,135,3975.0,1.0971069182389936,True
cora_deepres28_w128,24,R3_MOSAIC_ANCHOR,32,70,128,2943.0,18.530774321641296,4361.0,5804,512.5,113,3568.5,1.222082107328009,True
cora_deepres28_w128,24,R3_MOSAIC_ANCHOR,32,103,128,4099.0,20.44665012406948,4361.0,6244,667.5,150,4916.5,0.8870131190887827,True
cora_deepres28_w128,24,R3_MOSAIC_ANCHOR,32,68,128,2943.0,18.00132362673726,4361.0,5736,625.0,120,3688.0,1.1824837310195229,True
cora_deepres28_w128,24,R3_MOSAIC_ANCHOR,32,98,128,3837.0,19.45409429280397,4361.0,5904,500.0,132,4469.0,0.975833519803088,True
cora_deepres28_w128,24,R3_MOSAIC_ANCHOR,32,99,128,3837.0,19.65260545905707,4361.0,6324,608.75,143,4588.75,0.9503677472078452,True
cora_deepres28_w128,24,R3_MOSAIC_ANCHOR,32,78,128,2943.0,20.648577101257445,4361.0,6108,578.75,122,3643.75,1.196843910806175,True
cora_deepres28_w128,24,R3_MOSAIC_ANCHOR,32,68,128,2943.0,18.00132362673726,4361.0,6400,597.5,117,3657.5,1.1923444976076556,True
cora_deepres28_w128,24,R3_MOSAIC_ANCHOR,32,77,128,2943.0,20.383851753805427,4361.0,5640,612.5,126,3681.5,1.1845715061795463,True
cora_deepres28_w128,24,R3_MOSAIC_ANCHOR,32,101,128,3837.0,20.049627791563275,4361.0,5920,611.25,143,4591.25,0.9498502586441601,True
cora_deepres28_w128,24,R3_MOSAIC_ANCHOR,32,82,128,3205.0,21.70747849106552,4361.0,6172,572.5,126,3903.5,1.1172025105674395,True
cora_deepres28_w128,24,R3_MOSAIC_ANCHOR,32,60,128,2049.0,23.83316782522344,4361.0,6352,503.75,103,2655.75,1.6420973359691236,True
cora_deepres28_w128,24,R3_MOSAIC_ANCHOR,32,100,128,3837.0,19.851116625310173,4361.0,5932,630.0,146,4613.0,0.9453717754172989,True
cora_deepres28_w128,24,R3_MOSAIC_ANCHOR,32,89,128,3205.0,23.56055592322965,4361.0,6420,570.0,130,3905.0,1.1167733674775928,True
cora_deepres28_w128,24,R3_MOSAIC_ANCHOR,32,69,128,2943.0,18.26604897418928,4361.0,6628,521.25,110,3574.25,1.2201161082744632,True
cora_deepres28_w128,24,R3_MOSAIC_ANCHOR,32,55,128,2049.0,21.847070506454816,4361.0,6404,478.75,97,2624.75,1.6614915706257738,True
cora_deepres28_w128,24,R3_MOSAIC_ANCHOR,32,56,128,2049.0,22.24428997020854,4361.0,5520,645.0,113,2807.0,1.5536159600997506,True
cora_deepres28_w128,24,R3_MOSAIC_ANCHOR,32,87,128,3205.0,23.03110522832561,4361.0,6592,606.25,132,3943.25,1.1059405312876434,True
cora_deepres28_w128,24,R3_MOSAIC_ANCHOR,32,98,128,3837.0,19.45409429280397,4361.0,6176,768.75,153,4758.75,0.9164171263462043,True
cora_deepres28_w128,24,R3_MOSAIC_ANCHOR,32,64,128,2311.0,25.42204568023833,4361.0,6324,541.25,110,2962.25,1.4721917461389147,True
cora_deepres28_w128,24,R3_MOSAIC_ANCHOR,32,76,128,2943.0,20.11912640635341,4361.0,6640,501.25,115,3559.25,1.2252581302240642,True
cora_deepres28_w128,24,R3_MOSAIC_ANCHOR,32,98,128,3837.0,19.45409429280397,4361.0,6256,550.0,135,4522.0,0.9643962848297214,True
cora_deepres28_w128,24,R3_MOSAIC_ANCHOR,32,58,128,2049.0,23.038728897715988,4361.0,6404,467.5,98,2614.5,1.6680053547523428,True
cora_deepres28_w128,24,R3_MOSAIC_ANCHOR,20,51,128,1857.0,13.995609220636664,3977.0,3484,363.75,73,2293.75,1.733841961852861,True
chameleon_gcnii16,4,R3_MOSAIC_ANCHOR,32,53,64,1155.0,21.073558648111334,1155.0,3360,1008.75,119,2282.75,0.5059686781294491,True
chameleon_gcnii16,4,R3_MOSAIC_ANCHOR,32,57,64,1155.0,22.664015904572565,1155.0,4088,1095.0,129,2379.0,0.4854981084489281,True
chameleon_gcnii16,4,R3_MOSAIC_ANCHOR,32,58,64,1155.0,23.061630218687878,1155.0,5124,1115.0,130,2400.0,0.48125,True
chameleon_gcnii16,4,R3_MOSAIC_ANCHOR,32,53,64,1155.0,21.073558648111334,1155.0,2980,896.25,113,2164.25,0.5336721728081322,True
chameleon_gcnii16,4,R3_MOSAIC_ANCHOR,32,61,64,1155.0,24.2544731610338,1155.0,4768,1073.75,129,2357.75,0.4898738203795992,True
chameleon_gcnii16,4,R3_MOSAIC_ANCHOR,32,53,64,1155.0,21.073558648111334,1155.0,3292,1021.25,122,2298.25,0.5025562928315023,True
chameleon_gcnii16,4,R3_MOSAIC_ANCHOR,32,50,64,1155.0,19.880715705765407,1155.0,3656,1107.5,121,2383.5,0.4845814977973568,True
chameleon_gcnii16,4,R3_MOSAIC_ANCHOR,32,49,64,1155.0,19.4831013916501,1155.0,2968,810.0,103,2068.0,0.5585106382978723,True
chameleon_gcnii16,4,R3_MOSAIC_ANCHOR,32,39,64,893.0,15.506958250497018,1155.0,2992,873.75,101,1867.75,0.6183911123008968,True
chameleon_gcnii16,4,R3_MOSAIC_ANCHOR,32,40,64,893.0,15.904572564612328,1155.0,2724,770.0,95,1758.0,0.6569965870307167,True
chameleon_gcnii16,4,R3_MOSAIC_ANCHOR,32,60,64,1155.0,23.856858846918488,1155.0,3880,1068.75,130,2353.75,0.49070631970260226,True
chameleon_gcnii16,4,R3_MOSAIC_ANCHOR,32,40,64,893.0,15.904572564612328,1155.0,2908,872.5,102,1867.5,0.6184738955823293,True
chameleon_gcnii16,4,R3_MOSAIC_ANCHOR,32,43,64,1155.0,17.09741550695825,1155.0,3180,1282.5,128,2565.5,0.45020463847203274,True
chameleon_gcnii16,4,R3_MOSAIC_ANCHOR,32,44,64,1155.0,17.495029821073558,1155.0,2992,890.0,104,2149.0,0.5374592833876222,True
chameleon_gcnii16,4,R3_MOSAIC_ANCHOR,32,37,64,893.0,14.711729622266402,1155.0,3148,1117.5,113,2123.5,0.5439133506004238,True
chameleon_gcnii16,4,R3_MOSAIC_ANCHOR,32,36,64,893.0,14.314115308151091,1155.0,2828,863.75,97,1853.75,0.6230613621038436,True
chameleon_gcnii16,4,R3_MOSAIC_ANCHOR,32,58,64,1155.0,23.061630218687878,1155.0,4384,1190.0,134,2479.0,0.46591367486889873,True
chameleon_gcnii16,4,R3_MOSAIC_ANCHOR,32,48,64,1155.0,19.08548707753479,1155.0,2796,891.25,109,2155.25,0.5359007075745273,True
chameleon_gcnii16,4,R3_MOSAIC_ANCHOR,32,48,64,1155.0,19.08548707753479,1155.0,3136,1068.75,119,2342.75,0.4930103510831288,True
chameleon_gcnii16,4,R3_MOSAIC_ANCHOR,32,52,64,1155.0,20.675944333996025,1155.0,5712,1197.5,124,2476.5,0.4663840096910963,True
chameleon_gcnii16,4,R3_MOSAIC_ANCHOR,32,47,64,1155.0,18.687872763419485,1155.0,2904,821.25,103,2079.25,0.5554887579656126,True
chameleon_gcnii16,4,R3_MOSAIC_ANCHOR,32,57,64,1155.0,22.664015904572565,1155.0,4692,1217.5,134,2506.5,0.46080191502094553,True
chameleon_gcnii16,4,R3_MOSAIC_ANCHOR,32,49,64,1155.0,19.4831013916501,1155.0,3328,977.5,115,2247.5,0.5139043381535039,True
chameleon_gcnii16,4,R3_MOSAIC_ANCHOR,32,36,64,893.0,14.314115308151091,1155.0,2996,988.75,105,1986.75,0.5813514533786335,True
chameleon_gcnii16,4,R3_MOSAIC_ANCHOR,32,39,64,893.0,15.506958250497018,1155.0,2820,810.0,96,1799.0,0.642023346303502,True
chameleon_gcnii16,4,R3_MOSAIC_ANCHOR,32,57,64,1155.0,22.664015904572565,1155.0,4288,1172.5,133,2460.5,0.4694167852062589,True
chameleon_gcnii16,4,R3_MOSAIC_ANCHOR,32,50,64,1155.0,19.880715705765407,1155.0,3684,1211.25,127,2493.25,0.46325077709816503,True
chameleon_gcnii16,4,R3_MOSAIC_ANCHOR,32,43,64,1155.0,17.09741550695825,1155.0,3072,905.0,106,2166.0,0.5332409972299169,True
chameleon_gcnii16,4,R3_MOSAIC_ANCHOR,32,51,64,1155.0,20.27833001988072,1155.0,3192,905.0,111,2171.0,0.5320128972823583,True
chameleon_gcnii16,4,R3_MOSAIC_ANCHOR,32,56,64,1155.0,22.266401590457257,1155.0,5112,1067.5,124,2346.5,0.4922224589814618,True
chameleon_gcnii16,4,R3_MOSAIC_ANCHOR,32,57,64,1155.0,22.664015904572565,1155.0,4400,1148.75,132,2435.75,0.47418659550446474,True
chameleon_gcnii16,4,R3_MOSAIC_ANCHOR,32,50,64,1155.0,19.880715705765407,1155.0,3016,841.25,107,2103.25,0.5491501248068466,True
chameleon_gcnii16,4,R3_MOSAIC_ANCHOR,32,36,64,893.0,14.314115308151091,1155.0,2672,840.0,95,1828.0,0.6318380743982495,True
chameleon_gcnii16,4,R3_MOSAIC_ANCHOR,32,61,64,1155.0,24.2544731610338,1155.0,5864,998.75,123,2276.75,0.5073020753266718,True
chameleon_gcnii16,4,R3_MOSAIC_ANCHOR,32,53,64,1155.0,21.073558648111334,1155.0,3152,950.0,116,2221.0,0.520036019810896,True
chameleon_gcnii16,4,R3_MOSAIC_ANCHOR,32,61,64,1155.0,24.2544731610338,1155.0,3944,1148.75,134,2437.75,0.4737975592246949,True
chameleon_gcnii16,4,R3_MOSAIC_ANCHOR,32,53,64,1155.0,21.073558648111334,1155.0,4040,1228.75,125,2508.75,0.46038863976083705,True
chameleon_gcnii16,4,R3_MOSAIC_ANCHOR,32,40,64,893.0,15.904572564612328,1155.0,2776,847.5,98,1838.5,0.6282295349469676,True
chameleon_gcnii16,4,R3_MOSAIC_ANCHOR,32,60,64,1155.0,23.856858846918488,1155.0,4600,1188.75,136,2479.75,0.46577275935074103,True
chameleon_gcnii16,4,R3_MOSAIC_ANCHOR,32,54,64,1155.0,21.47117296222664,1155.0,4972,976.25,118,2249.25,0.5135045015005002,True
chameleon_gcnii16,4,R3_MOSAIC_ANCHOR,32,47,64,1155.0,18.687872763419485,1155.0,3020,958.75,111,2224.75,0.519159456118665,True
chameleon_gcnii16,4,R3_MOSAIC_ANCHOR,32,61,64,1155.0,24.2544731610338,1155.0,4604,1081.25,132,2368.25,0.48770188958091415,True
chameleon_gcnii16,4,R3_MOSAIC_ANCHOR,32,53,64,1155.0,21.073558648111334,1155.0,3496,997.5,118,2270.5,0.508698524554063,True
chameleon_gcnii16,4,R3_MOSAIC_ANCHOR,32,46,64,1155.0,18.290258449304176,1155.0,2832,858.75,107,2120.75,0.5446186490628315,True
chameleon_gcnii16,4,R3_MOSAIC_ANCHOR,32,55,64,1155.0,21.868787276341948,1155.0,5728,1028.75,117,2300.75,0.5020102140606324,True
chameleon_gcnii16,4,R3_MOSAIC_ANCHOR,32,46,64,1155.0,18.290258449304176,1155.0,2968,841.25,104,2100.25,0.5499345316033806,True
chameleon_gcnii16,4,R3_MOSAIC_ANCHOR,32,61,64,1155.0,24.2544731610338,1155.0,5340,1103.75,131,2389.75,0.48331415420023016,True
chameleon_gcnii16,4,R3_MOSAIC_ANCHOR,32,56,64,1155.0,22.266401590457257,1155.0,3812,1096.25,127,2378.25,0.4856512141280353,True
chameleon_gcnii16,4,R3_MOSAIC_ANCHOR,32,56,64,1155.0,22.266401590457257,1155.0,4072,1230.0,130,2515.0,0.4592445328031809,True
chameleon_gcnii16,4,R3_MOSAIC_ANCHOR,32,56,64,1155.0,22.266401590457257,1155.0,3260,897.5,116,2168.5,0.5326262393359465,True
chameleon_gcnii16,4,R3_MOSAIC_ANCHOR,32,63,64,1155.0,25.04970178926441,1155.0,4208,1120.0,133,2408.0,0.4796511627906977,True
chameleon_gcnii16,4,R3_MOSAIC_ANCHOR,32,59,64,1155.0,23.45924453280318,1155.0,5280,983.75,122,2260.75,0.5108924029636183,True
chameleon_gcnii16,4,R3_MOSAIC_ANCHOR,32,59,64,1155.0,23.45924453280318,1155.0,5540,950.0,120,2225.0,0.5191011235955056,True
chameleon_gcnii16,4,R3_MOSAIC_ANCHOR,32,57,64,1155.0,22.664015904572565,1155.0,3460,1068.75,126,2349.75,0.4915416533673795,True
chameleon_gcnii16,4,R3_MOSAIC_ANCHOR,32,56,64,1155.0,22.266401590457257,1155.0,4356,1128.75,130,2413.75,0.4785085447954428,True
chameleon_gcnii16,4,R3_MOSAIC_ANCHOR,32,61,64,1155.0,24.2544731610338,1155.0,5176,1030.0,126,2311.0,0.49978364344439635,True
chameleon_gcnii16,4,R3_MOSAIC_ANCHOR,32,51,64,1155.0,20.27833001988072,1155.0,2808,781.25,102,2038.25,0.5666625781920765,True
chameleon_gcnii16,4,R3_MOSAIC_ANCHOR,32,59,64,1155.0,23.45924453280318,1155.0,4156,1132.5,129,2416.5,0.47796399751707014,True
chameleon_gcnii16,4,R3_MOSAIC_ANCHOR,32,48,64,1155.0,19.08548707753479,1155.0,3448,967.5,111,2233.5,0.5171255876427132,True
chameleon_gcnii16,4,R3_MOSAIC_ANCHOR,32,43,64,1155.0,17.09741550695825,1155.0,2936,875.0,102,2132.0,0.5417448405253283,True
chameleon_gcnii16,4,R3_MOSAIC_ANCHOR,32,61,64,1155.0,24.2544731610338,1155.0,4620,1148.75,134,2437.75,0.4737975592246949,True
chameleon_gcnii16,4,R3_MOSAIC_ANCHOR,32,48,64,1155.0,19.08548707753479,1155.0,2876,906.25,109,2170.25,0.5321967515263218,True
chameleon_gcnii16,4,R3_MOSAIC_ANCHOR,32,62,64,1155.0,24.652087475149106,1155.0,3980,1208.75,138,2501.75,0.46167682622164485,True
chameleon_gcnii16,4,R3_MOSAIC_ANCHOR,32,55,64,1155.0,21.868787276341948,1155.0,4724,1003.75,122,2280.75,0.506412364353831,True
chameleon_gcnii16,4,R3_MOSAIC_ANCHOR,32,55,64,1155.0,21.868787276341948,1155.0,4952,1033.75,122,2310.75,0.49983771502758845,True
chameleon_gcnii16,4,R3_MOSAIC_ANCHOR,32,58,64,1155.0,23.061630218687878,1155.0,3684,1037.5,125,2317.5,0.49838187702265374,True
chameleon_gcnii16,4,R3_MOSAIC_ANCHOR,32,61,64,1155.0,24.2544731610338,1155.0,5680,1028.75,126,2309.75,0.5000541184110835,True
chameleon_gcnii16,4,R3_MOSAIC_ANCHOR,32,59,64,1155.0,23.45924453280318,1155.0,4052,1253.75,136,2544.75,0.4538756262894194,True
chameleon_gcnii16,4,R3_MOSAIC_ANCHOR,26,55,64,1107.0,18.65866388308977,1107.0,3956,861.25,104,2072.25,0.5342019543973942,True
chameleon_gcnii16,4,R3_MOSAIC_ANCHOR,23,61,64,1083.0,18.77676659528908,1083.0,2492,757.5,98,1938.5,0.558679391281919,True
chameleon_gcnii16,4,R3_MOSAIC_ANCHOR,26,61,64,1107.0,20.694154488517743,1107.0,5112,883.75,106,2096.75,0.5279599379992846,True
chameleon_gcnii16,4,R3_MOSAIC_ANCHOR,26,51,64,1107.0,17.301670146137788,1107.0,3060,1053.75,110,2270.75,0.4875041285918749,True
chameleon_gcnii16,8,R3_MOSAIC_ANCHOR,32,60,64,1155.0,23.856858846918488,1155.0,4688,1012.5,127,2294.5,0.5033776421878405,True
chameleon_gcnii16,8,R3_MOSAIC_ANCHOR,32,60,64,1155.0,23.856858846918488,1155.0,3724,855.0,119,2129.0,0.5425082198215124,True
chameleon_gcnii16,8,R3_MOSAIC_ANCHOR,32,63,64,1155.0,25.04970178926441,1155.0,5164,1196.25,138,2489.25,0.4639951792708647,True
chameleon_gcnii16,8,R3_MOSAIC_ANCHOR,32,63,64,1155.0,25.04970178926441,1155.0,6900,765.0,113,2033.0,0.5681259222823414,True
chameleon_gcnii16,8,R3_MOSAIC_ANCHOR,32,58,64,1155.0,23.061630218687878,1155.0,4376,992.5,126,2273.5,0.5080272707279525,True
chameleon_gcnii16,8,R3_MOSAIC_ANCHOR,32,63,64,1155.0,25.04970178926441,1155.0,6296,942.5,125,2222.5,0.5196850393700787,True
chameleon_gcnii16,8,R3_MOSAIC_ANCHOR,32,57,64,1155.0,22.664015904572565,1155.0,5180,1025.0,125,2305.0,0.5010845986984815,True
chameleon_gcnii16,8,R3_MOSAIC_ANCHOR,32,55,64,1155.0,21.868787276341948,1155.0,3672,855.0,116,2126.0,0.5432737535277516,True
chameleon_gcnii16,8,R3_MOSAIC_ANCHOR,32,48,64,1155.0,19.08548707753479,1155.0,3668,890.0,111,2156.0,0.5357142857142857,True
chameleon_gcnii16,8,R3_MOSAIC_ANCHOR,32,62,64,1155.0,24.652087475149106,1155.0,5256,1073.75,131,2359.75,0.48945862909206483,True
chameleon_gcnii16,8,R3_MOSAIC_ANCHOR,32,51,64,1155.0,20.27833001988072,1155.0,4036,1041.25,124,2320.25,0.4977911862945803,True
chameleon_gcnii16,8,R3_MOSAIC_ANCHOR,32,47,64,1155.0,18.687872763419485,1155.0,3228,747.5,102,2004.5,0.5762035420304316,True
chameleon_gcnii16,8,R3_MOSAIC_ANCHOR,32,53,64,1155.0,21.073558648111334,1155.0,4048,1168.75,132,2455.75,0.47032474804031354,True
chameleon_gcnii16,8,R3_MOSAIC_ANCHOR,32,56,64,1155.0,22.266401590457257,1155.0,5260,1232.5,132,2519.5,0.4584242905338361,True
chameleon_gcnii16,8,R3_MOSAIC_ANCHOR,32,46,64,1155.0,18.290258449304176,1155.0,4548,1190.0,128,2473.0,0.4670440760210271,True
chameleon_gcnii16,8,R3_MOSAIC_ANCHOR,32,42,64,1155.0,16.69980119284294,1155.0,3568,923.75,110,2188.75,0.5276984580239863,True
chameleon_gcnii16,8,R3_MOSAIC_ANCHOR,32,64,64,1155.0,25.447316103379723,1155.0,5712,996.25,129,2280.25,0.5065234075211051,True
chameleon_gcnii16,8,R3_MOSAIC_ANCHOR,32,57,64,1155.0,22.664015904572565,1155.0,3432,970.0,125,2250.0,0.5133333333333333,True
chameleon_gcnii16,8,R3_MOSAIC_ANCHOR,32,58,64,1155.0,23.061630218687878,1155.0,4604,1286.25,134,2575.25,0.4485001456169304,True
chameleon_gcnii16,8,R3_MOSAIC_ANCHOR,32,61,64,1155.0,24.2544731610338,1155.0,7504,518.75,95,1768.75,0.6530035335689046,True
chameleon_gcnii16,8,R3_MOSAIC_ANCHOR,32,45,64,1155.0,17.892644135188867,1155.0,3612,858.75,108,2121.75,0.544361965358784,True
chameleon_gcnii16,8,R3_MOSAIC_ANCHOR,32,63,64,1155.0,25.04970178926441,1155.0,6268,922.5,122,2199.5,0.5251193453057513,True
chameleon_gcnii16,8,R3_MOSAIC_ANCHOR,32,57,64,1155.0,22.664015904572565,1155.0,4264,930.0,118,2203.0,0.5242850658193373,True
chameleon_gcnii16,8,R3_MOSAIC_ANCHOR,32,52,64,1155.0,20.675944333996025,1155.0,4668,1201.25,130,2486.25,0.4645550527903469,True
chameleon_gcnii16,8,R3_MOSAIC_ANCHOR,32,60,64,1155.0,23.856858846918488,1155.0,4208,1101.25,132,2388.25,0.4836177117135978,True
chameleon_gcnii16,8,R3_MOSAIC_ANCHOR,32,63,64,1155.0,25.04970178926441,1155.0,5984,1026.25,131,2312.25,0.4995134609146935,True
chameleon_gcnii16,8,R3_MOSAIC_ANCHOR,32,46,64,1155.0,18.290258449304176,1155.0,3488,791.25,104,2050.25,0.5633459334227533,True
chameleon_gcnii16,8,R3_MOSAIC_ANCHOR,32,58,64,1155.0,23.061630218687878,1155.0,5048,1106.25,127,2388.25,0.4836177117135978,True
chameleon_gcnii16,8,R3_MOSAIC_ANCHOR,32,55,64,1155.0,21.868787276341948,1155.0,4388,1003.75,125,2283.75,0.5057471264367817,True
chameleon_gcnii16,8,R3_MOSAIC_ANCHOR,32,64,64,1155.0,25.447316103379723,1155.0,6488,668.75,110,1933.75,0.5972850678733032,True
chameleon_gcnii16,8,R3_MOSAIC_ANCHOR,32,55,64,1155.0,21.868787276341948,1155.0,3664,822.5,114,2091.5,0.5522352378675591,True
chameleon_gcnii16,8,R3_MOSAIC_ANCHOR,32,61,64,1155.0,24.2544731610338,1155.0,6124,925.0,122,2202.0,0.5245231607629428,True
chameleon_gcnii16,8,R3_MOSAIC_ANCHOR,32,60,64,1155.0,23.856858846918488,1155.0,4020,933.75,124,2212.75,0.5219749180883516,True
chameleon_gcnii16,8,R3_MOSAIC_ANCHOR,32,63,64,1155.0,25.04970178926441,1155.0,5680,911.25,124,2190.25,0.5273370619792261,True
chameleon_gcnii16,8,R3_MOSAIC_ANCHOR,32,64,64,1155.0,25.447316103379723,1155.0,7408,513.75,98,1766.75,0.6537427479835857,True
chameleon_gcnii16,8,R3_MOSAIC_ANCHOR,32,40,64,893.0,15.904572564612328,1155.0,3048,747.5,96,1736.5,0.6651310106536136,True
chameleon_gcnii16,8,R3_MOSAIC_ANCHOR,32,60,64,1155.0,23.856858846918488,1155.0,5784,1015.0,124,2294.0,0.5034873583260681,True
chameleon_gcnii16,8,R3_MOSAIC_ANCHOR,32,48,64,1155.0,19.08548707753479,1155.0,3468,877.5,111,2143.5,0.5388383484954513,True
chameleon_gcnii16,8,R3_MOSAIC_ANCHOR,32,64,64,1155.0,25.447316103379723,1155.0,6296,902.5,123,2180.5,0.5296950240770465,True
chameleon_gcnii16,8,R3_MOSAIC_ANCHOR,32,62,64,1155.0,24.652087475149106,1155.0,5712,551.25,100,1806.25,0.639446366782007,True
chameleon_gcnii16,8,R3_MOSAIC_ANCHOR,32,55,64,1155.0,21.868787276341948,1155.0,3952,897.5,118,2170.5,0.5321354526606773,True
chameleon_gcnii16,8,R3_MOSAIC_ANCHOR,32,64,64,1155.0,25.447316103379723,1155.0,6332,937.5,125,2217.5,0.5208568207440811,True
chameleon_gcnii16,8,R3_MOSAIC_ANCHOR,32,59,64,1155.0,23.45924453280318,1155.0,4672,1068.75,130,2353.75,0.49070631970260226,True
chameleon_gcnii16,8,R3_MOSAIC_ANCHOR,32,47,64,1155.0,18.687872763419485,1155.0,3348,763.75,104,2022.75,0.5710048201705599,True
chameleon_gcnii16,8,R3_MOSAIC_ANCHOR,32,61,64,1155.0,24.2544731610338,1155.0,6432,703.75,108,1966.75,0.5872632515571374,True
chameleon_gcnii16,8,R3_MOSAIC_ANCHOR,32,52,64,1155.0,20.675944333996025,1155.0,3652,903.75,117,2175.75,0.5308514305411927,True
chameleon_gcnii16,8,R3_MOSAIC_ANCHOR,32,64,64,1155.0,25.447316103379723,1155.0,5340,1142.5,135,2432.5,0.4748201438848921,True
chameleon_gcnii16,8,R3_MOSAIC_ANCHOR,32,63,64,1155.0,25.04970178926441,1155.0,7372,478.75,96,1729.75,0.6677265500794912,True
chameleon_gcnii16,8,R3_MOSAIC_ANCHOR,32,64,64,1155.0,25.447316103379723,1155.0,5856,1022.5,128,2305.5,0.5009759271307742,True
chameleon_gcnii16,8,R3_MOSAIC_ANCHOR,32,54,64,1155.0,21.47117296222664,1155.0,4020,728.75,106,1989.75,0.5804749340369393,True
chameleon_gcnii16,8,R3_MOSAIC_ANCHOR,32,64,64,1155.0,25.447316103379723,1155.0,5868,766.25,115,2036.25,0.567219152854512,True
chameleon_gcnii16,8,R3_MOSAIC_ANCHOR,32,64,64,1155.0,25.447316103379723,1155.0,5800,998.75,127,2280.75,0.506412364353831,True
chameleon_gcnii16,8,R3_MOSAIC_ANCHOR,32,64,64,1155.0,25.447316103379723,1155.0,6848,770.0,115,2040.0,0.5661764705882353,True
chameleon_gcnii16,8,R3_MOSAIC_ANCHOR,32,62,64,1155.0,24.652087475149106,1155.0,5896,586.25,101,1842.25,0.6269507395847469,True
chameleon_gcnii16,8,R3_MOSAIC_ANCHOR,32,63,64,1155.0,25.04970178926441,1155.0,6252,810.0,117,2082.0,0.5547550432276657,True
chameleon_gcnii16,8,R3_MOSAIC_ANCHOR,32,62,64,1155.0,24.652087475149106,1155.0,4612,1022.5,129,2306.5,0.5007587253414264,True
chameleon_gcnii16,8,R3_MOSAIC_ANCHOR,32,58,64,1155.0,23.061630218687878,1155.0,3440,848.75,116,2119.75,0.5448755749498762,True
chameleon_gcnii16,8,R3_MOSAIC_ANCHOR,32,64,64,1155.0,25.447316103379723,1155.0,5668,951.25,128,2234.25,0.5169519973145351,True
chameleon_gcnii16,8,R3_MOSAIC_ANCHOR,32,42,64,1155.0,16.69980119284294,1155.0,3576,928.75,112,2195.75,0.5260161675964933,True
chameleon_gcnii16,8,R3_MOSAIC_ANCHOR,32,55,64,1155.0,21.868787276341948,1155.0,4460,1253.75,136,2544.75,0.4538756262894194,True
chameleon_gcnii16,8,R3_MOSAIC_ANCHOR,32,63,64,1155.0,25.04970178926441,1155.0,5160,860.0,121,2136.0,0.5407303370786517,True
chameleon_gcnii16,8,R3_MOSAIC_ANCHOR,32,57,64,1155.0,22.664015904572565,1155.0,3568,940.0,122,2217.0,0.5209742895805142,True
chameleon_gcnii16,8,R3_MOSAIC_ANCHOR,32,64,64,1155.0,25.447316103379723,1155.0,5460,1191.25,135,2481.25,0.4654911838790932,True
chameleon_gcnii16,8,R3_MOSAIC_ANCHOR,32,64,64,1155.0,25.447316103379723,1155.0,6324,707.5,113,1975.5,0.5846621108580107,True
chameleon_gcnii16,8,R3_MOSAIC_ANCHOR,32,64,64,1155.0,25.447316103379723,1155.0,5684,738.75,116,2009.75,0.5746983455653688,True
chameleon_gcnii16,8,R3_MOSAIC_ANCHOR,32,64,64,1155.0,25.447316103379723,1155.0,4832,946.25,127,2228.25,0.5183439919219118,True
chameleon_gcnii16,8,R3_MOSAIC_ANCHOR,32,61,64,1155.0,24.2544731610338,1155.0,5928,972.5,124,2251.5,0.5129913391072618,True
chameleon_gcnii16,8,R3_MOSAIC_ANCHOR,32,64,64,1155.0,25.447316103379723,1155.0,7340,532.5,99,1786.5,0.6465155331654072,True
chameleon_gcnii16,8,R3_MOSAIC_ANCHOR,26,64,64,1107.0,21.711899791231733,1107.0,4460,658.75,100,1865.75,0.5933270802626289,True
chameleon_gcnii16,8,R3_MOSAIC_ANCHOR,23,64,64,1083.0,19.700214132762312,1083.0,3168,715.0,99,1897.0,0.5709014232999473,True
chameleon_gcnii16,8,R3_MOSAIC_ANCHOR,26,64,64,1107.0,21.711899791231733,1107.0,6396,176.25,67,1350.25,0.8198481762636549,True
chameleon_gcnii16,8,R3_MOSAIC_ANCHOR,26,64,64,1107.0,21.711899791231733,1107.0,4744,841.25,109,2057.25,0.5380969741159315,True
chameleon_gcnii16,12,R3_MOSAIC_ANCHOR,32,64,64,1155.0,25.447316103379723,1155.0,8044,128.75,70,1353.75,0.853185595567867,True
chameleon_gcnii16,12,R3_MOSAIC_ANCHOR,32,56,64,1155.0,22.266401590457257,1155.0,4352,605.0,100,1860.0,0.6209677419354839,True
chameleon_gcnii16,12,R3_MOSAIC_ANCHOR,32,64,64,1155.0,25.447316103379723,1155.0,7320,375.0,90,1620.0,0.7129629629629629,True
chameleon_gcnii16,12,R3_MOSAIC_ANCHOR,32,64,64,1155.0,25.447316103379723,1155.0,6224,823.75,117,2095.75,0.5511153524991054,True
chameleon_gcnii16,12,R3_MOSAIC_ANCHOR,32,64,64,1155.0,25.447316103379723,1155.0,7184,716.25,107,1978.25,0.5838493618096803,True
chameleon_gcnii16,12,R3_MOSAIC_ANCHOR,32,64,64,1155.0,25.447316103379723,1155.0,7796,146.25,71,1372.25,0.8416833667334669,True
chameleon_gcnii16,12,R3_MOSAIC_ANCHOR,32,56,64,1155.0,22.266401590457257,1155.0,4328,626.25,101,1882.25,0.6136273077433922,True
chameleon_gcnii16,12,R3_MOSAIC_ANCHOR,32,64,64,1155.0,25.447316103379723,1155.0,5676,927.5,122,2204.5,0.5239283284191426,True
chameleon_gcnii16,12,R3_MOSAIC_ANCHOR,32,56,64,1155.0,22.266401590457257,1155.0,5456,902.5,114,2171.5,0.5318903983421598,True
chameleon_gcnii16,12,R3_MOSAIC_ANCHOR,32,57,64,1155.0,22.664015904572565,1155.0,4516,756.25,108,2019.25,0.5719945524328339,True
chameleon_gcnii16,12,R3_MOSAIC_ANCHOR,32,64,64,1155.0,25.447316103379723,1155.0,7188,562.5,102,1819.5,0.6347897774113768,True
chameleon_gcnii16,12,R3_MOSAIC_ANCHOR,32,49,64,1155.0,19.4831013916501,1155.0,3740,427.5,83,1665.5,0.6934854398078655,True
chameleon_gcnii16,12,R3_MOSAIC_ANCHOR,32,64,64,1155.0,25.447316103379723,1155.0,6480,901.25,122,2178.25,0.5302421668770803,True
chameleon_gcnii16,12,R3_MOSAIC_ANCHOR,32,57,64,1155.0,22.664015904572565,1155.0,5620,1001.25,121,2277.25,0.5071906905258535,True
chameleon_gcnii16,12,R3_MOSAIC_ANCHOR,32,48,64,1155.0,19.08548707753479,1155.0,4364,731.25,101,1987.25,0.5812051830418921,True
chameleon_gcnii16,12,R3_MOSAIC_ANCHOR,32,59,64,1155.0,23.45924453280318,1155.0,6888,896.25,112,2163.25,0.533918872067491,True
chameleon_gcnii16,12,R3_MOSAIC_ANCHOR,32,64,64,1155.0,25.447316103379723,1155.0,8136,41.25,61,1257.25,0.9186717041161264,True
chameleon_gcnii16,12,R3_MOSAIC_ANCHOR,32,55,64,1155.0,21.868787276341948,1155.0,4220,671.25,103,1929.25,0.5986782428404821,True
chameleon_gcnii16,12,R3_MOSAIC_ANCHOR,32,64,64,1155.0,25.447316103379723,1155.0,6932,391.25,91,1637.25,0.7054512139257902,True
chameleon_gcnii16,12,R3_MOSAIC_ANCHOR,32,64,64,1155.0,25.447316103379723,1155.0,7304,542.5,102,1799.5,0.6418449569324812,True
chameleon_gcnii16,12,R3_MOSAIC_ANCHOR,32,63,64,1155.0,25.04970178926441,1155.0,6400,973.75,123,2251.75,0.512934384367714,True
chameleon_gcnii16,12,R3_MOSAIC_ANCHOR,32,60,64,1155.0,23.856858846918488,1155.0,5688,825.0,112,2092.0,0.5521032504780115,True
chameleon_gcnii16,12,R3_MOSAIC_ANCHOR,32,46,64,1155.0,18.290258449304176,1155.0,4180,667.5,94,1916.5,0.6026611009653013,True
chameleon_gcnii16,12,R3_MOSAIC_ANCHOR,32,64,64,1155.0,25.447316103379723,1155.0,7856,160.0,73,1388.0,0.8321325648414986,True
chameleon_gcnii16,12,R3_MOSAIC_ANCHOR,32,64,64,1155.0,25.447316103379723,1155.0,7056,785.0,113,2053.0,0.5625913297613249,True
chameleon_gcnii16,12,R3_MOSAIC_ANCHOR,32,46,64,1155.0,18.290258449304176,1155.0,4116,521.25,86,1762.25,0.6554121151936445,True
chameleon_gcnii16,12,R3_MOSAIC_ANCHOR,32,64,64,1155.0,25.447316103379723,1155.0,7820,266.25,82,1503.25,0.7683352735739232,True
chameleon_gcnii16,12,R3_MOSAIC_ANCHOR,32,64,64,1155.0,25.447316103379723,1155.0,5692,957.5,127,2239.5,0.5157401205626256,True
chameleon_gcnii16,12,R3_MOSAIC_ANCHOR,32,64,64,1155.0,25.447316103379723,1155.0,6868,403.75,93,1651.75,0.6992583623429696,True
chameleon_gcnii16,12,R3_MOSAIC_ANCHOR,32,55,64,1155.0,21.868787276341948,1155.0,4372,575.0,95,1825.0,0.6328767123287671,True
chameleon_gcnii16,12,R3_MOSAIC_ANCHOR,32,64,64,1155.0,25.447316103379723,1155.0,6064,832.5,116,2103.5,0.5490848585690515,True
chameleon_gcnii16,12,R3_MOSAIC_ANCHOR,32,64,64,1155.0,25.447316103379723,1155.0,8040,118.75,69,1342.75,0.8601750139638801,True
chameleon_gcnii16,12,R3_MOSAIC_ANCHOR,32,64,64,1155.0,25.447316103379723,1155.0,7396,252.5,81,1488.5,0.7759489418878065,True
chameleon_gcnii16,12,R3_MOSAIC_ANCHOR,32,42,64,1155.0,16.69980119284294,1155.0,3540,410.0,75,1640.0,0.7042682926829268,True
chameleon_gcnii16,12,R3_MOSAIC_ANCHOR,32,64,64,1155.0,25.447316103379723,1155.0,8136,51.25,62,1268.25,0.9107037256061502,True
chameleon_gcnii16,12,R3_MOSAIC_ANCHOR,32,64,64,1155.0,25.447316103379723,1155.0,4760,613.75,106,1874.75,0.6160821442859048,True
chameleon_gcnii16,12,R3_MOSAIC_ANCHOR,32,64,64,1155.0,25.447316103379723,1155.0,7908,203.75,76,1434.75,0.8050182958703607,True
chameleon_gcnii16,12,R3_MOSAIC_ANCHOR,32,57,64,1155.0,22.664015904572565,1155.0,4372,597.5,99,1851.5,0.6238185255198487,True
chameleon_gcnii16,12,R3_MOSAIC_ANCHOR,32,62,64,1155.0,24.652087475149106,1155.0,7112,340.0,85,1580.0,0.7310126582278481,True
chameleon_gcnii16,12,R3_MOSAIC_ANCHOR,32,64,64,1155.0,25.447316103379723,1155.0,6084,373.75,90,1618.75,0.7135135135135136,True
chameleon_gcnii16,12,R3_MOSAIC_ANCHOR,32,62,64,1155.0,24.652087475149106,1155.0,5148,810.0,113,2078.0,0.555822906641001,True
chameleon_gcnii16,12,R3_MOSAIC_ANCHOR,32,64,64,1155.0,25.447316103379723,1155.0,6620,771.25,117,2043.25,0.5652759084791387,True
chameleon_gcnii16,12,R3_MOSAIC_ANCHOR,32,45,64,1155.0,17.892644135188867,1155.0,3756,458.75,81,1694.75,0.6815164478536657,True
chameleon_gcnii16,12,R3_MOSAIC_ANCHOR,32,64,64,1155.0,25.447316103379723,1155.0,7792,117.5,69,1341.5,0.8609765188222139,True
chameleon_gcnii16,12,R3_MOSAIC_ANCHOR,32,64,64,1155.0,25.447316103379723,1155.0,8100,75.0,65,1295.0,0.8918918918918919,True
chameleon_gcnii16,12,R3_MOSAIC_ANCHOR,32,58,64,1155.0,23.061630218687878,1155.0,4516,777.5,110,2042.5,0.565483476132191,True
chameleon_gcnii16,12,R3_MOSAIC_ANCHOR,32,64,64,1155.0,25.447316103379723,1155.0,7316,273.75,82,1510.75,0.7645209333112692,True
chameleon_gcnii16,12,R3_MOSAIC_ANCHOR,32,64,64,1155.0,25.447316103379723,1155.0,7320,500.0,99,1754.0,0.6584948688711516,True
chameleon_gcnii16,12,R3_MOSAIC_ANCHOR,32,64,64,1155.0,25.447316103379723,1155.0,7168,328.75,85,1568.75,0.7362549800796813,True
chameleon_gcnii16,12,R3_MOSAIC_ANCHOR,32,64,64,1155.0,25.447316103379723,1155.0,4912,638.75,109,1902.75,0.607016160819866,True
chameleon_gcnii16,12,R3_MOSAIC_ANCHOR,32,64,64,1155.0,25.447316103379723,1155.0,7636,383.75,90,1628.75,0.7091327705295472,True
chameleon_gcnii16,12,R3_MOSAIC_ANCHOR,32,64,64,1155.0,25.447316103379723,1155.0,6548,340.0,87,1582.0,0.7300884955752213,True
chameleon_gcnii16,12,R3_MOSAIC_ANCHOR,32,64,64,1155.0,25.447316103379723,1155.0,6260,345.0,88,1588.0,0.7273299748110831,True
chameleon_gcnii16,12,R3_MOSAIC_ANCHOR,32,64,64,1155.0,25.447316103379723,1155.0,6320,516.25,99,1770.25,0.6524502188956363,True
chameleon_gcnii16,12,R3_MOSAIC_ANCHOR,32,64,64,1155.0,25.447316103379723,1155.0,7940,191.25,75,1421.25,0.8126649076517151,True
chameleon_gcnii16,12,R3_MOSAIC_ANCHOR,32,64,64,1155.0,25.447316103379723,1155.0,7552,258.75,81,1494.75,0.772704465629704,True
chameleon_gcnii16,12,R3_MOSAIC_ANCHOR,32,50,64,1155.0,19.880715705765407,1155.0,4700,1206.25,128,2489.25,0.4639951792708647,True
chameleon_gcnii16,12,R3_MOSAIC_ANCHOR,32,64,64,1155.0,25.447316103379723,1155.0,7288,255.0,81,1491.0,0.7746478873239436,True
chameleon_gcnii16,12,R3_MOSAIC_ANCHOR,32,63,64,1155.0,25.04970178926441,1155.0,6200,922.5,121,2198.5,0.5253581987718899,True
chameleon_gcnii16,12,R3_MOSAIC_ANCHOR,32,53,64,1155.0,21.073558648111334,1155.0,3784,610.0,96,1861.0,0.6206340677055346,True
chameleon_gcnii16,12,R3_MOSAIC_ANCHOR,32,64,64,1155.0,25.447316103379723,1155.0,7684,280.0,83,1518.0,0.7608695652173914,True
chameleon_gcnii16,12,R3_MOSAIC_ANCHOR,32,61,64,1155.0,24.2544731610338,1155.0,5892,331.25,84,1570.25,0.7355516637478109,True
chameleon_gcnii16,12,R3_MOSAIC_ANCHOR,32,61,64,1155.0,24.2544731610338,1155.0,4476,805.0,117,2077.0,0.556090515166105,True
chameleon_gcnii16,12,R3_MOSAIC_ANCHOR,32,64,64,1155.0,25.447316103379723,1155.0,6960,333.75,87,1575.75,0.7329842931937173,True
chameleon_gcnii16,12,R3_MOSAIC_ANCHOR,32,64,64,1155.0,25.447316103379723,1155.0,7304,280.0,82,1517.0,0.7613711272247857,True
chameleon_gcnii16,12,R3_MOSAIC_ANCHOR,32,64,64,1155.0,25.447316103379723,1155.0,6320,435.0,93,1683.0,0.6862745098039216,True
chameleon_gcnii16,12,R3_MOSAIC_ANCHOR,32,64,64,1155.0,25.447316103379723,1155.0,6332,345.0,87,1587.0,0.7277882797731569,True
chameleon_gcnii16,12,R3_MOSAIC_ANCHOR,32,64,64,1155.0,25.447316103379723,1155.0,8036,125.0,68,1348.0,0.8568249258160238,True
chameleon_gcnii16,12,R3_MOSAIC_ANCHOR,26,64,64,1107.0,21.711899791231733,1107.0,5240,253.75,73,1433.75,0.7721011333914559,True
chameleon_gcnii16,12,R3_MOSAIC_ANCHOR,23,64,64,1083.0,19.700214132762312,1083.0,4164,342.5,76,1501.5,0.7212787212787213,True
chameleon_gcnii16,12,R3_MOSAIC_ANCHOR,26,64,64,1107.0,21.711899791231733,1107.0,6592,50.0,56,1213.0,0.9126133553173948,True
chameleon_gcnii16,12,R3_MOSAIC_ANCHOR,26,62,64,1107.0,21.03340292275574,1107.0,5844,252.5,72,1431.5,0.7733147048550472,True
cora_resgcn16,4,R3_MOSAIC_ANCHOR,32,14,64,577.0,11.155378486055778,1155.0,1548,1782.5,122,2481.5,0.46544428772919605,True
cora_resgcn16,4,R3_MOSAIC_ANCHOR,32,28,64,577.0,22.310756972111555,1155.0,1884,1980.0,142,2699.0,0.4279362726935902,True
cora_resgcn16,4,R3_MOSAIC_ANCHOR,32,18,64,577.0,14.342629482071713,1155.0,1428,1942.5,132,2651.5,0.4356024891570809,True
cora_resgcn16,4,R3_MOSAIC_ANCHOR,32,17,64,577.0,13.54581673306773,1155.0,1600,1781.25,131,2489.25,0.4639951792708647,True
cora_resgcn16,4,R3_MOSAIC_ANCHOR,32,13,64,577.0,10.358565737051793,1155.0,1408,1836.25,127,2540.25,0.4546796575140242,True
cora_resgcn16,4,R3_MOSAIC_ANCHOR,32,16,64,577.0,12.749003984063744,1155.0,1596,1803.75,128,2508.75,0.46038863976083705,True
cora_resgcn16,4,R3_MOSAIC_ANCHOR,32,25,64,577.0,19.9203187250996,1155.0,1588,2200.0,154,2931.0,0.3940634595701126,True
cora_resgcn16,4,R3_MOSAIC_ANCHOR,32,24,64,577.0,19.12350597609562,1155.0,1668,1761.25,134,2472.25,0.4671857619577308,True
cora_resgcn16,4,R3_MOSAIC_ANCHOR,32,14,64,577.0,11.155378486055778,1155.0,1580,1830.0,124,2531.0,0.4563413670485974,True
cora_resgcn16,4,R3_MOSAIC_ANCHOR,32,30,64,577.0,23.90438247011952,1155.0,1872,2131.25,153,2861.25,0.4036697247706422,True
cora_resgcn16,4,R3_MOSAIC_ANCHOR,32,20,64,577.0,15.93625498007968,1155.0,1468,1833.75,132,2542.75,0.4542326221610461,True
cora_resgcn16,4,R3_MOSAIC_ANCHOR,32,17,64,577.0,13.54581673306773,1155.0,1584,1710.0,126,2413.0,0.4786572731040199,True
cora_resgcn16,4,R3_MOSAIC_ANCHOR,32,16,64,577.0,12.749003984063744,1155.0,1556,1848.75,128,2553.75,0.4522760646108664,True
cora_resgcn16,4,R3_MOSAIC_ANCHOR,32,22,64,577.0,17.529880478087648,1155.0,1380,2122.5,146,2845.5,0.4059040590405904,True
cora_resgcn16,4,R3_MOSAIC_ANCHOR,32,27,64,577.0,21.51394422310757,1155.0,1796,1920.0,143,2640.0,0.4375,True
cora_resgcn16,4,R3_MOSAIC_ANCHOR,32,12,64,577.0,9.56175298804781,1155.0,1416,1932.5,129,2638.5,0.43774872086412736,True
cora_resgcn16,4,R3_MOSAIC_ANCHOR,32,16,64,577.0,12.749003984063744,1155.0,1632,1733.75,125,2435.75,0.47418659550446474,True
cora_resgcn16,4,R3_MOSAIC_ANCHOR,32,19,64,577.0,15.139442231075698,1155.0,1420,1851.25,131,2559.25,0.45130409299599494,True
cora_resgcn16,4,R3_MOSAIC_ANCHOR,32,28,64,577.0,22.310756972111555,1155.0,2024,2093.75,150,2820.75,0.4094655676681734,True
cora_resgcn16,4,R3_MOSAIC_ANCHOR,32,13,64,577.0,10.358565737051793,1155.0,1532,1830.0,126,2533.0,0.4559810501381761,True
cora_resgcn16,4,R3_MOSAIC_ANCHOR,32,14,64,577.0,11.155378486055778,1155.0,1276,1906.25,127,2610.25,0.44248635188200364,True
cora_resgcn16,4,R3_MOSAIC_ANCHOR,32,27,64,577.0,21.51394422310757,1155.0,2100,2138.75,148,2863.75,0.4033173286774334,True
cora_resgcn16,4,R3_MOSAIC_ANCHOR,32,16,64,577.0,12.749003984063744,1155.0,1532,1825.0,128,2530.0,0.45652173913043476,True
cora_resgcn16,4,R3_MOSAIC_ANCHOR,32,18,64,577.0,14.342629482071713,1155.0,1472,2481.25,149,3207.25,0.36012159950113026,True
cora_resgcn16,4,R3_MOSAIC_ANCHOR,32,14,64,577.0,11.155378486055778,1155.0,1408,1858.75,126,2561.75,0.4508636674148531,True
cora_resgcn16,4,R3_MOSAIC_ANCHOR,32,28,64,577.0,22.310756972111555,1155.0,1980,2092.5,150,2819.5,0.40964710054974285,True
cora_resgcn16,4,R3_MOSAIC_ANCHOR,32,20,64,577.0,15.93625498007968,1155.0,1388,2155.0,143,2875.0,0.4017391304347826,True
cora_resgcn16,4,R3_MOSAIC_ANCHOR,32,16,64,577.0,12.749003984063744,1155.0,1604,1776.25,128,2481.25,0.4654911838790932,True
cora_resgcn16,4,R3_MOSAIC_ANCHOR,32,13,64,577.0,10.358565737051793,1155.0,1540,1918.75,126,2621.75,0.4405454372079718,True
cora_resgcn16,4,R3_MOSAIC_ANCHOR,32,21,64,577.0,16.733067729083665,1155.0,1580,1797.5,132,2506.5,0.46080191502094553,True
cora_resgcn16,4,R3_MOSAIC_ANCHOR,32,16,64,577.0,12.749003984063744,1155.0,1420,1868.75,129,2574.75,0.4485872414797553,True
cora_resgcn16,4,R3_MOSAIC_ANCHOR,32,17,64,577.0,13.54581673306773,1155.0,1604,1841.25,127,2545.25,0.4537864649837933,True
cora_resgcn16,4,R3_MOSAIC_ANCHOR,32,15,64,577.0,11.95219123505976,1155.0,1520,1833.75,127,2537.75,0.4551275736380652,True
cora_resgcn16,4,R3_MOSAIC_ANCHOR,32,21,64,577.0,16.733067729083665,1155.0,2188,2210.0,148,2935.0,0.393526405451448,True
cora_resgcn16,4,R3_MOSAIC_ANCHOR,32,25,64,577.0,19.9203187250996,1155.0,1496,2316.25,154,3047.25,0.37903027319714494,True
cora_resgcn16,4,R3_MOSAIC_ANCHOR,32,23,64,577.0,18.326693227091635,1155.0,1648,1832.5,137,2546.5,0.4535637149028078,True
cora_resgcn16,4,R3_MOSAIC_ANCHOR,32,13,64,577.0,10.358565737051793,1155.0,1380,1668.75,119,2364.75,0.48842372343799556,True
cora_resgcn16,4,R3_MOSAIC_ANCHOR,32,18,64,577.0,14.342629482071713,1155.0,1464,2563.75,149,3289.75,0.3510905083972946,True
cora_resgcn16,4,R3_MOSAIC_ANCHOR,32,28,64,577.0,22.310756972111555,1155.0,1764,1885.0,141,2603.0,0.44371878601613524,True
cora_resgcn16,4,R3_MOSAIC_ANCHOR,32,15,64,577.0,11.95219123505976,1155.0,1324,2018.75,132,2727.75,0.4234259004674182,True
cora_resgcn16,4,R3_MOSAIC_ANCHOR,32,15,64,577.0,11.95219123505976,1155.0,1548,1827.5,128,2532.5,0.456071076011846,True
cora_resgcn16,4,R3_MOSAIC_ANCHOR,32,25,64,577.0,19.9203187250996,1155.0,1564,2381.25,153,3111.25,0.37123342707914825,True
cora_resgcn16,4,R3_MOSAIC_ANCHOR,32,14,64,577.0,11.155378486055778,1155.0,1364,1846.25,125,2548.25,0.4532522319238693,True
cora_resgcn16,4,R3_MOSAIC_ANCHOR,32,27,64,577.0,21.51394422310757,1155.0,1720,2027.5,147,2751.5,0.41977103398146465,True
cora_resgcn16,4,R3_MOSAIC_ANCHOR,32,15,64,577.0,11.95219123505976,1155.0,1600,1792.5,125,2494.5,0.4630186410102225,True
cora_resgcn16,4,R3_MOSAIC_ANCHOR,32,24,64,577.0,19.12350597609562,1155.0,1680,1995.0,139,2711.0,0.42604205090372554,True
cora_resgcn16,4,R3_MOSAIC_ANCHOR,32,18,64,577.0,14.342629482071713,1155.0,1432,1852.5,129,2558.5,0.45143638850889195,True
cora_resgcn16,4,R3_MOSAIC_ANCHOR,32,16,64,577.0,12.749003984063744,1155.0,1572,1791.25,130,2498.25,0.462323626538577,True
cora_resgcn16,4,R3_MOSAIC_ANCHOR,32,13,64,577.0,10.358565737051793,1155.0,1436,1936.25,127,2640.25,0.4374585739986744,True
cora_resgcn16,4,R3_MOSAIC_ANCHOR,32,18,64,577.0,14.342629482071713,1155.0,1588,1761.25,129,2467.25,0.4681325362245415,True
cora_resgcn16,4,R3_MOSAIC_ANCHOR,32,16,64,577.0,12.749003984063744,1155.0,1596,1841.25,127,2545.25,0.4537864649837933,True
cora_resgcn16,4,R3_MOSAIC_ANCHOR,32,15,64,577.0,11.95219123505976,1155.0,1656,1853.75,128,2558.75,0.4513922813873962,True
cora_resgcn16,4,R3_MOSAIC_ANCHOR,32,14,64,577.0,11.155378486055778,1155.0,1616,1842.5,125,2544.5,0.45392022008253097,True
cora_resgcn16,4,R3_MOSAIC_ANCHOR,32,29,64,577.0,23.10756972111554,1155.0,1800,2085.0,150,2812.0,0.41073968705547653,True
cora_resgcn16,4,R3_MOSAIC_ANCHOR,32,16,64,577.0,12.749003984063744,1155.0,1580,1756.25,128,2461.25,0.4692737430167598,True
cora_resgcn16,4,R3_MOSAIC_ANCHOR,32,18,64,577.0,14.342629482071713,1155.0,1516,1787.5,128,2492.5,0.4633901705115346,True
cora_resgcn16,4,R3_MOSAIC_ANCHOR,32,21,64,577.0,16.733067729083665,1155.0,1580,1748.75,130,2455.75,0.47032474804031354,True
cora_resgcn16,4,R3_MOSAIC_ANCHOR,32,18,64,577.0,14.342629482071713,1155.0,1468,2510.0,149,3236.0,0.3569221260815822,True
cora_resgcn16,4,R3_MOSAIC_ANCHOR,32,28,64,577.0,22.310756972111555,1155.0,1988,2195.0,150,2922.0,0.3952772073921971,True
cora_resgcn16,4,R3_MOSAIC_ANCHOR,32,13,64,577.0,10.358565737051793,1155.0,1300,1772.5,123,2472.5,0.4671385237613751,True
cora_resgcn16,4,R3_MOSAIC_ANCHOR,32,16,64,577.0,12.749003984063744,1155.0,1572,1746.25,127,2450.25,0.4713804713804714,True
cora_resgcn16,4,R3_MOSAIC_ANCHOR,32,17,64,577.0,13.54581673306773,1155.0,1620,1721.25,123,2421.25,0.4770263293753227,True
cora_resgcn16,4,R3_MOSAIC_ANCHOR,32,27,64,577.0,21.51394422310757,1155.0,1732,1890.0,138,2605.0,0.44337811900191937,True
cora_resgcn16,4,R3_MOSAIC_ANCHOR,32,16,64,577.0,12.749003984063744,1155.0,1364,1843.75,130,2550.75,0.45280799764775065,True
cora_resgcn16,4,R3_MOSAIC_ANCHOR,32,15,64,577.0,11.95219123505976,1155.0,1504,1868.75,129,2574.75,0.4485872414797553,True
cora_resgcn16,4,R3_MOSAIC_ANCHOR,32,18,64,577.0,14.342629482071713,1155.0,1616,1697.5,127,2401.5,0.48094940662086194,True
cora_resgcn16,4,R3_MOSAIC_ANCHOR,32,21,64,577.0,16.733067729083665,1155.0,1648,1793.75,128,2498.75,0.4622311155577789,True
cora_resgcn16,4,R3_MOSAIC_ANCHOR,32,14,64,577.0,11.155378486055778,1155.0,1556,1753.75,127,2457.75,0.4699420201403723,True
cora_resgcn16,4,R3_MOSAIC_ANCHOR,32,15,64,577.0,11.95219123505976,1155.0,1632,1741.25,123,2441.25,0.4731182795698925,True
cora_resgcn16,4,R3_MOSAIC_ANCHOR,32,22,64,577.0,17.529880478087648,1155.0,1504,2048.75,145,2770.75,0.41685464224487956,True
cora_resgcn16,4,R3_MOSAIC_ANCHOR,32,21,64,577.0,16.733067729083665,1155.0,1816,1956.25,136,2669.25,0.432705816240517,True
cora_resgcn16,4,R3_MOSAIC_ANCHOR,32,14,64,577.0,11.155378486055778,1155.0,1596,1778.75,123,2478.75,0.4659606656580938,True
cora_resgcn16,4,R3_MOSAIC_ANCHOR,32,14,64,577.0,11.155378486055778,1155.0,1544,1903.75,127,2607.75,0.44291055507621513,True
cora_resgcn16,4,R3_MOSAIC_ANCHOR,32,15,64,577.0,11.95219123505976,1155.0,1636,1686.25,122,2385.25,0.4842259721203228,True
cora_resgcn16,4,R3_MOSAIC_ANCHOR,32,21,64,577.0,16.733067729083665,1155.0,1512,1778.75,132,2487.75,0.46427494724148327,True
cora_resgcn16,4,R3_MOSAIC_ANCHOR,32,18,64,577.0,14.342629482071713,1155.0,1652,1837.5,129,2543.5,0.45409868291724004,True
cora_resgcn16,4,R3_MOSAIC_ANCHOR,32,13,64,577.0,10.358565737051793,1155.0,1484,1980.0,130,2687.0,0.4298474134722739,True
cora_resgcn16,4,R3_MOSAIC_ANCHOR,32,17,64,577.0,13.54581673306773,1155.0,1604,1790.0,122,2489.0,0.4640417838489353,True
cora_resgcn16,4,R3_MOSAIC_ANCHOR,32,23,64,577.0,18.326693227091635,1155.0,1644,1773.75,130,2480.75,0.46558500453491886,True
cora_resgcn16,4,R3_MOSAIC_ANCHOR,32,17,64,577.0,13.54581673306773,1155.0,1640,1742.5,128,2447.5,0.47191011235955055,True
cora_resgcn16,4,R3_MOSAIC_ANCHOR,32,18,64,577.0,14.342629482071713,1155.0,1528,1925.0,131,2633.0,0.43866312191416634,True
cora_resgcn16,4,R3_MOSAIC_ANCHOR,32,24,64,577.0,19.12350597609562,1155.0,1636,1866.25,136,2579.25,0.44780459435882525,True
cora_resgcn16,4,R3_MOSAIC_ANCHOR,32,17,64,577.0,13.54581673306773,1155.0,1668,1710.0,123,2410.0,0.47925311203319504,True
cora_resgcn16,4,R3_MOSAIC_ANCHOR,32,14,64,577.0,11.155378486055778,1155.0,1488,1963.75,130,2670.75,0.43246279135074417,True
cora_resgcn16,4,R3_MOSAIC_ANCHOR,20,16,64,529.0,8.810572687224669,1059.0,872,1695.0,96,2320.0,0.4564655172413793,True
cora_resgcn16,8,R3_MOSAIC_ANCHOR,32,11,64,577.0,8.764940239043824,1155.0,1148,1977.5,132,2686.5,0.42992741485203795,True
cora_resgcn16,8,R3_MOSAIC_ANCHOR,32,14,64,577.0,11.155378486055778,1155.0,1276,1923.75,134,2634.75,0.43837176202675776,True
cora_resgcn16,8,R3_MOSAIC_ANCHOR,32,25,64,577.0,19.9203187250996,1155.0,1536,2020.0,146,2743.0,0.4210718191760846,True
cora_resgcn16,8,R3_MOSAIC_ANCHOR,32,19,64,577.0,15.139442231075698,1155.0,1260,1663.75,132,2372.75,0.4867769465809714,True
cora_resgcn16,8,R3_MOSAIC_ANCHOR,32,21,64,577.0,16.733067729083665,1155.0,1308,1880.0,140,2597.0,0.444743935309973,True
cora_resgcn16,8,R3_MOSAIC_ANCHOR,32,10,64,577.0,7.968127490039841,1155.0,1148,1917.5,133,2627.5,0.439581351094196,True
cora_resgcn16,8,R3_MOSAIC_ANCHOR,32,23,64,577.0,18.326693227091635,1155.0,1308,1927.5,144,2648.5,0.43609590334151405,True
cora_resgcn16,8,R3_MOSAIC_ANCHOR,32,13,64,577.0,10.358565737051793,1155.0,1204,1713.75,131,2421.75,0.4769278414369774,True
cora_resgcn16,8,R3_MOSAIC_ANCHOR,32,12,64,577.0,9.56175298804781,1155.0,1196,1795.0,132,2504.0,0.46126198083067094,True
cora_resgcn16,8,R3_MOSAIC_ANCHOR,32,25,64,577.0,19.9203187250996,1155.0,1464,2026.25,145,2748.25,0.4202674429182207,True
cora_resgcn16,8,R3_MOSAIC_ANCHOR,32,18,64,577.0,14.342629482071713,1155.0,1244,1815.0,136,2528.0,0.45688291139240506,True
cora_resgcn16,8,R3_MOSAIC_ANCHOR,32,14,64,577.0,11.155378486055778,1155.0,1192,1818.75,136,2531.75,0.45620618149501335,True
cora_resgcn16,8,R3_MOSAIC_ANCHOR,32,11,64,577.0,8.764940239043824,1155.0,1144,1932.5,135,2644.5,0.4367555303460011,True
cora_resgcn16,8,R3_MOSAIC_ANCHOR,32,24,64,577.0,19.12350597609562,1155.0,1344,2068.75,144,2789.75,0.41401559279505334,True
cora_resgcn16,8,R3_MOSAIC_ANCHOR,32,16,64,577.0,12.749003984063744,1155.0,1280,1693.75,132,2402.75,0.4806991988346686,True
cora_resgcn16,8,R3_MOSAIC_ANCHOR,32,12,64,577.0,9.56175298804781,1155.0,1224,1780.0,129,2486.0,0.4646017699115044,True
cora_resgcn16,8,R3_MOSAIC_ANCHOR,32,9,64,577.0,7.171314741035856,1155.0,1152,1960.0,132,2669.0,0.4327463469464219,True
cora_resgcn16,8,R3_MOSAIC_ANCHOR,32,21,64,577.0,16.733067729083665,1155.0,1428,2116.25,140,2833.25,0.4076590487955528,True
cora_resgcn16,8,R3_MOSAIC_ANCHOR,32,18,64,577.0,14.342629482071713,1155.0,1204,1691.25,135,2403.25,0.4805991885987725,True
cora_resgcn16,8,R3_MOSAIC_ANCHOR,32,17,64,577.0,13.54581673306773,1155.0,1156,1876.25,138,2591.25,0.44573082489146165,True
cora_resgcn16,8,R3_MOSAIC_ANCHOR,32,18,64,577.0,14.342629482071713,1155.0,1372,1860.0,138,2575.0,0.44854368932038835,True
cora_resgcn16,8,R3_MOSAIC_ANCHOR,32,23,64,577.0,18.326693227091635,1155.0,1444,2255.0,143,2975.0,0.38823529411764707,True
cora_resgcn16,8,R3_MOSAIC_ANCHOR,32,18,64,577.0,14.342629482071713,1155.0,1224,1790.0,137,2504.0,0.46126198083067094,True
cora_resgcn16,8,R3_MOSAIC_ANCHOR,32,11,64,577.0,8.764940239043824,1155.0,1172,1585.0,125,2287.0,0.505028421512899,True
cora_resgcn16,8,R3_MOSAIC_ANCHOR,32,11,64,577.0,8.764940239043824,1155.0,1172,1858.75,134,2569.75,0.4494600642085806,True
cora_resgcn16,8,R3_MOSAIC_ANCHOR,32,20,64,577.0,15.93625498007968,1155.0,1372,2147.5,142,2866.5,0.40293040293040294,True
cora_resgcn16,8,R3_MOSAIC_ANCHOR,32,15,64,577.0,11.95219123505976,1155.0,1276,1688.75,129,2394.75,0.4823050422799875,True
cora_resgcn16,8,R3_MOSAIC_ANCHOR,32,15,64,577.0,11.95219123505976,1155.0,1176,1791.25,134,2502.25,0.4615845738835048,True
cora_resgcn16,8,R3_MOSAIC_ANCHOR,32,17,64,577.0,13.54581673306773,1155.0,1216,1725.0,133,2435.0,0.47433264887063653,True
cora_resgcn16,8,R3_MOSAIC_ANCHOR,32,14,64,577.0,11.155378486055778,1155.0,1156,1887.5,136,2600.5,0.44414535666218036,True
cora_resgcn16,8,R3_MOSAIC_ANCHOR,32,9,64,577.0,7.171314741035856,1155.0,1152,1965.0,133,2675.0,0.43177570093457945,True
cora_resgcn16,8,R3_MOSAIC_ANCHOR,32,18,64,577.0,14.342629482071713,1155.0,1204,1882.5,139,2598.5,0.444487204156244,True
cora_resgcn16,8,R3_MOSAIC_ANCHOR,32,12,64,577.0,9.56175298804781,1155.0,1192,1873.75,136,2586.75,0.4465062336909249,True
cora_resgcn16,8,R3_MOSAIC_ANCHOR,32,12,64,577.0,9.56175298804781,1155.0,1424,2373.75,136,3086.75,0.3741799627439864,True
cora_resgcn16,8,R3_MOSAIC_ANCHOR,32,20,64,577.0,15.93625498007968,1155.0,1336,1873.75,140,2590.75,0.4458168484029721,True
cora_resgcn16,8,R3_MOSAIC_ANCHOR,32,19,64,577.0,15.139442231075698,1155.0,1208,1886.25,138,2601.25,0.4440172993753003,True
cora_resgcn16,8,R3_MOSAIC_ANCHOR,32,22,64,577.0,17.529880478087648,1155.0,1208,1798.75,143,2518.75,0.458560794044665,True
cora_resgcn16,8,R3_MOSAIC_ANCHOR,32,21,64,577.0,16.733067729083665,1155.0,1284,1881.25,142,2600.25,0.4441880588404961,True
cora_resgcn16,8,R3_MOSAIC_ANCHOR,32,14,64,577.0,11.155378486055778,1155.0,1332,1925.0,132,2634.0,0.438496583143508,True
cora_resgcn16,8,R3_MOSAIC_ANCHOR,32,13,64,577.0,10.358565737051793,1155.0,1164,1597.5,129,2303.5,0.5014108964619058,True
cora_resgcn16,8,R3_MOSAIC_ANCHOR,32,14,64,577.0,11.155378486055778,1155.0,1168,1911.25,136,2624.25,0.44012575021434697,True
cora_resgcn16,8,R3_MOSAIC_ANCHOR,32,17,64,577.0,13.54581673306773,1155.0,1352,1947.5,137,2661.5,0.4339658087544618,True
cora_resgcn16,8,R3_MOSAIC_ANCHOR,32,22,64,577.0,17.529880478087648,1155.0,1348,1877.5,143,2597.5,0.44465832531280075,True
cora_resgcn16,8,R3_MOSAIC_ANCHOR,32,13,64,577.0,10.358565737051793,1155.0,1204,1592.5,126,2295.5,0.5031583532999346,True
cora_resgcn16,8,R3_MOSAIC_ANCHOR,32,10,64,577.0,7.968127490039841,1155.0,1156,1810.0,124,2511.0,0.45997610513739545,True
cora_resgcn16,8,R3_MOSAIC_ANCHOR,32,18,64,577.0,14.342629482071713,1155.0,1272,1602.5,131,2310.5,0.49989179831205366,True
cora_resgcn16,8,R3_MOSAIC_ANCHOR,32,22,64,577.0,17.529880478087648,1155.0,1220,2011.25,143,2731.25,0.422883295194508,True
cora_resgcn16,8,R3_MOSAIC_ANCHOR,32,10,64,577.0,7.968127490039841,1155.0,1156,1912.5,132,2621.5,0.44058744993324434,True
cora_resgcn16,8,R3_MOSAIC_ANCHOR,32,10,64,577.0,7.968127490039841,1155.0,1144,1873.75,130,2580.75,0.44754431851206045,True
cora_resgcn16,8,R3_MOSAIC_ANCHOR,32,21,64,577.0,16.733067729083665,1155.0,1352,1968.75,143,2688.75,0.4295676429567643,True
cora_resgcn16,8,R3_MOSAIC_ANCHOR,32,15,64,577.0,11.95219123505976,1155.0,1160,1895.0,138,2610.0,0.4425287356321839,True
cora_resgcn16,8,R3_MOSAIC_ANCHOR,32,12,64,577.0,9.56175298804781,1155.0,1196,1851.25,134,2562.25,0.45077568543272517,True
cora_resgcn16,8,R3_MOSAIC_ANCHOR,32,10,64,577.0,7.968127490039841,1155.0,1152,1877.5,130,2584.5,0.4468949506674405,True
cora_resgcn16,8,R3_MOSAIC_ANCHOR,32,24,64,577.0,19.12350597609562,1155.0,1304,2001.25,143,2721.25,0.42443729903536975,True
cora_resgcn16,8,R3_MOSAIC_ANCHOR,32,18,64,577.0,14.342629482071713,1155.0,1280,1753.75,134,2464.75,0.46860736383000307,True
cora_resgcn16,8,R3_MOSAIC_ANCHOR,32,9,64,577.0,7.171314741035856,1155.0,1152,1792.5,124,2493.5,0.4632043312612793,True
cora_resgcn16,8,R3_MOSAIC_ANCHOR,32,17,64,577.0,13.54581673306773,1155.0,1372,1883.75,134,2594.75,0.4451295885923499,True
cora_resgcn16,8,R3_MOSAIC_ANCHOR,32,23,64,577.0,18.326693227091635,1155.0,1296,1705.0,138,2420.0,0.4772727272727273,True
cora_resgcn16,8,R3_MOSAIC_ANCHOR,32,13,64,577.0,10.358565737051793,1155.0,1148,1646.25,129,2352.25,0.4910192369008396,True
cora_resgcn16,8,R3_MOSAIC_ANCHOR,32,19,64,577.0,15.139442231075698,1155.0,1508,2293.75,146,3016.75,0.3828623518687329,True
cora_resgcn16,8,R3_MOSAIC_ANCHOR,32,15,64,577.0,11.95219123505976,1155.0,1164,1831.25,135,2543.25,0.4541433205544087,True
cora_resgcn16,8,R3_MOSAIC_ANCHOR,32,15,64,577.0,11.95219123505976,1155.0,1176,1767.5,132,2476.5,0.4663840096910963,True
cora_resgcn16,8,R3_MOSAIC_ANCHOR,32,18,64,577.0,14.342629482071713,1155.0,1208,1653.75,134,2364.75,0.48842372343799556,True
cora_resgcn16,8,R3_MOSAIC_ANCHOR,32,25,64,577.0,19.9203187250996,1155.0,1448,2073.75,150,2800.75,0.4123895385164688,True
cora_resgcn16,8,R3_MOSAIC_ANCHOR,32,12,64,577.0,9.56175298804781,1155.0,1176,1793.75,133,2503.75,0.4613080379430854,True
cora_resgcn16,8,R3_MOSAIC_ANCHOR,32,12,64,577.0,9.56175298804781,1155.0,1148,1806.25,128,2511.25,0.45993031358885017,True
cora_resgcn16,8,R3_MOSAIC_ANCHOR,32,19,64,577.0,15.139442231075698,1155.0,1208,1773.75,135,2485.75,0.464648496429649,True
cora_resgcn16,8,R3_MOSAIC_ANCHOR,32,21,64,577.0,16.733067729083665,1155.0,1492,2023.75,145,2745.75,0.42065009560229444,True
cora_resgcn16,8,R3_MOSAIC_ANCHOR,32,16,64,577.0,12.749003984063744,1155.0,1736,2016.25,141,2734.25,0.42241931059705584,True
cora_resgcn16,8,R3_MOSAIC_ANCHOR,32,20,64,577.0,15.93625498007968,1155.0,1272,1761.25,137,2475.25,0.46661953338046663,True
cora_resgcn16,8,R3_MOSAIC_ANCHOR,32,14,64,577.0,11.155378486055778,1155.0,1192,1803.75,131,2511.75,0.45983875783816064,True
cora_resgcn16,8,R3_MOSAIC_ANCHOR,32,25,64,577.0,19.9203187250996,1155.0,1380,2147.5,150,2874.5,0.40180901026265436,True
cora_resgcn16,8,R3_MOSAIC_ANCHOR,32,18,64,577.0,14.342629482071713,1155.0,1828,2017.5,144,2738.5,0.42176373927332483,True
cora_resgcn16,8,R3_MOSAIC_ANCHOR,32,19,64,577.0,15.139442231075698,1155.0,1192,1665.0,135,2377.0,0.48590660496424065,True
cora_resgcn16,8,R3_MOSAIC_ANCHOR,32,16,64,577.0,12.749003984063744,1155.0,1708,2041.25,139,2757.25,0.4188956387705141,True
cora_resgcn16,8,R3_MOSAIC_ANCHOR,32,16,64,577.0,12.749003984063744,1155.0,1368,1971.25,138,2686.25,0.42996742671009774,True
cora_resgcn16,8,R3_MOSAIC_ANCHOR,32,16,64,577.0,12.749003984063744,1155.0,1844,1998.75,141,2716.75,0.425140333118616,True
cora_resgcn16,8,R3_MOSAIC_ANCHOR,32,21,64,577.0,16.733067729083665,1155.0,1300,1886.25,139,2602.25,0.4438466711499664,True
cora_resgcn16,8,R3_MOSAIC_ANCHOR,32,17,64,577.0,13.54581673306773,1155.0,1172,1803.75,132,2512.75,0.45965575564620437,True
cora_resgcn16,8,R3_MOSAIC_ANCHOR,32,17,64,577.0,13.54581673306773,1155.0,1648,2067.5,140,2784.5,0.41479619321242595,True
cora_resgcn16,8,R3_MOSAIC_ANCHOR,32,17,64,577.0,13.54581673306773,1155.0,1732,2063.75,143,2783.75,0.4149079479119892,True
cora_resgcn16,8,R3_MOSAIC_ANCHOR,32,23,64,577.0,18.326693227091635,1155.0,1428,1881.25,145,2603.25,0.44367617401325266,True
cora_resgcn16,8,R3_MOSAIC_ANCHOR,32,17,64,577.0,13.54581673306773,1155.0,1736,2053.75,142,2772.75,0.4165539626724371,True
cora_resgcn16,8,R3_MOSAIC_ANCHOR,32,18,64,577.0,14.342629482071713,1155.0,1496,2158.75,143,2878.75,0.4012158054711246,True
cora_resgcn16,8,R3_MOSAIC_ANCHOR,20,14,64,529.0,7.709251101321586,1059.0,840,1233.75,89,1851.75,0.5718914540299717,True
cora_resgcn16,12,R3_MOSAIC_ANCHOR,32,8,64,577.0,6.374501992031872,1155.0,988,1736.25,117,2430.25,0.47525974693961526,True
cora_resgcn16,12,R3_MOSAIC_ANCHOR,32,22,64,577.0,17.529880478087648,1155.0,1208,1852.5,141,2570.5,0.4493289243337872,True
cora_resgcn16,12,R3_MOSAIC_ANCHOR,32,17,64,577.0,13.54581673306773,1155.0,908,2077.5,138,2792.5,0.41360787824529993,True
cora_resgcn16,12,R3_MOSAIC_ANCHOR,32,9,64,577.0,7.171314741035856,1155.0,948,1757.5,120,2454.5,0.4705642697086983,True
cora_resgcn16,12,R3_MOSAIC_ANCHOR,32,8,64,577.0,6.374501992031872,1155.0,912,1843.75,124,2544.75,0.4538756262894194,True
cora_resgcn16,12,R3_MOSAIC_ANCHOR,32,21,64,577.0,16.733067729083665,1155.0,1224,1768.75,134,2479.75,0.46577275935074103,True
cora_resgcn16,12,R3_MOSAIC_ANCHOR,32,12,64,577.0,9.56175298804781,1155.0,864,1965.0,129,2671.0,0.4324223137401722,True
cora_resgcn16,12,R3_MOSAIC_ANCHOR,32,10,64,577.0,7.968127490039841,1155.0,1004,1653.75,113,2343.75,0.4928,True
cora_resgcn16,12,R3_MOSAIC_ANCHOR,32,10,64,577.0,7.968127490039841,1155.0,980,1695.0,118,2390.0,0.48326359832635984,True
cora_resgcn16,12,R3_MOSAIC_ANCHOR,32,22,64,577.0,17.529880478087648,1155.0,1256,1775.0,138,2490.0,0.463855421686747,True
cora_resgcn16,12,R3_MOSAIC_ANCHOR,32,13,64,577.0,10.358565737051793,1155.0,916,1928.75,130,2635.75,0.4382054443706725,True
cora_resgcn16,12,R3_MOSAIC_ANCHOR,32,9,64,577.0,7.171314741035856,1155.0,992,1670.0,116,2363.0,0.48878544223444775,True
cora_resgcn16,12,R3_MOSAIC_ANCHOR,32,8,64,577.0,6.374501992031872,1155.0,980,1748.75,119,2444.75,0.47244094488188976,True
cora_resgcn16,12,R3_MOSAIC_ANCHOR,32,22,64,577.0,17.529880478087648,1155.0,1232,1793.75,138,2508.75,0.46038863976083705,True
cora_resgcn16,12,R3_MOSAIC_ANCHOR,32,10,64,577.0,7.968127490039841,1155.0,988,1688.75,120,2385.75,0.48412448915435397,True
cora_resgcn16,12,R3_MOSAIC_ANCHOR,32,11,64,577.0,8.764940239043824,1155.0,972,1781.25,121,2479.25,0.4658666935565191,True
cora_resgcn16,12,R3_MOSAIC_ANCHOR,32,8,64,577.0,6.374501992031872,1155.0,920,1791.25,122,2490.25,0.46380885453267745,True
cora_resgcn16,12,R3_MOSAIC_ANCHOR,32,21,64,577.0,16.733067729083665,1155.0,1268,1800.0,140,2517.0,0.45887961859356374,True
cora_resgcn16,12,R3_MOSAIC_ANCHOR,32,10,64,577.0,7.968127490039841,1155.0,996,1696.25,117,2390.25,0.48321305302792594,True
cora_resgcn16,12,R3_MOSAIC_ANCHOR,32,12,64,577.0,9.56175298804781,1155.0,988,1681.25,117,2375.25,0.48626460372592356,True
cora_resgcn16,12,R3_MOSAIC_ANCHOR,32,17,64,577.0,13.54581673306773,1155.0,1240,1845.0,131,2553.0,0.45240893066980026,True
cora_resgcn16,12,R3_MOSAIC_ANCHOR,32,10,64,577.0,7.968127490039841,1155.0,984,1701.25,118,2396.25,0.48200312989045385,True
cora_resgcn16,12,R3_MOSAIC_ANCHOR,32,15,64,577.0,11.95219123505976,1155.0,1276,1756.25,135,2468.25,0.4679428745062291,True
cora_resgcn16,12,R3_MOSAIC_ANCHOR,32,11,64,577.0,8.764940239043824,1155.0,996,1755.0,125,2457.0,0.4700854700854701,True
cora_resgcn16,12,R3_MOSAIC_ANCHOR,32,8,64,577.0,6.374501992031872,1155.0,928,1791.25,122,2490.25,0.46380885453267745,True
cora_resgcn16,12,R3_MOSAIC_ANCHOR,32,17,64,577.0,13.54581673306773,1155.0,1104,1778.75,130,2485.75,0.464648496429649,True
cora_resgcn16,12,R3_MOSAIC_ANCHOR,32,20,64,577.0,15.93625498007968,1155.0,1240,1726.25,136,2439.25,0.47350620067643745,True
cora_resgcn16,12,R3_MOSAIC_ANCHOR,32,12,64,577.0,9.56175298804781,1155.0,960,1708.75,118,2403.75,0.48049921996879874,True
cora_resgcn16,12,R3_MOSAIC_ANCHOR,32,8,64,577.0,6.374501992031872,1155.0,1024,1647.5,114,2338.5,0.4939063502245029,True
cora_resgcn16,12,R3_MOSAIC_ANCHOR,32,16,64,577.0,12.749003984063744,1155.0,996,1678.75,119,2374.75,0.4863669859985262,True
cora_resgcn16,12,R3_MOSAIC_ANCHOR,32,17,64,577.0,13.54581673306773,1155.0,892,1892.5,134,2603.5,0.44363357019396965,True
cora_resgcn16,12,R3_MOSAIC_ANCHOR,32,8,64,577.0,6.374501992031872,1155.0,936,1798.75,121,2496.75,0.46260138179633525,True
cora_resgcn16,12,R3_MOSAIC_ANCHOR,32,8,64,577.0,6.374501992031872,1155.0,920,1837.5,124,2538.5,0.4549931061650581,True
cora_resgcn16,12,R3_MOSAIC_ANCHOR,32,12,64,577.0,9.56175298804781,1155.0,1300,1763.75,132,2472.75,0.46709129511677283,True
cora_resgcn16,12,R3_MOSAIC_ANCHOR,32,22,64,577.0,17.529880478087648,1155.0,1212,1840.0,136,2553.0,0.45240893066980026,True
cora_resgcn16,12,R3_MOSAIC_ANCHOR,32,12,64,577.0,9.56175298804781,1155.0,944,1776.25,122,2475.25,0.46661953338046663,True
cora_resgcn16,12,R3_MOSAIC_ANCHOR,32,11,64,577.0,8.764940239043824,1155.0,1288,1795.0,122,2494.0,0.4631114675220529,True
cora_resgcn16,12,R3_MOSAIC_ANCHOR,32,9,64,577.0,7.171314741035856,1155.0,948,1696.25,117,2390.25,0.48321305302792594,True
cora_resgcn16,12,R3_MOSAIC_ANCHOR,32,21,64,577.0,16.733067729083665,1155.0,1112,1761.25,136,2474.25,0.46680812367384056,True
cora_resgcn16,12,R3_MOSAIC_ANCHOR,32,13,64,577.0,10.358565737051793,1155.0,996,1806.25,130,2513.25,0.45956430916144436,True
cora_resgcn16,12,R3_MOSAIC_ANCHOR,32,8,64,577.0,6.374501992031872,1155.0,952,1733.75,120,2430.75,0.47516198704103674,True
cora_resgcn16,12,R3_MOSAIC_ANCHOR,32,19,64,577.0,15.139442231075698,1155.0,1224,1893.75,139,2609.75,0.44257112750263433,True
cora_resgcn16,12,R3_MOSAIC_ANCHOR,32,13,64,577.0,10.358565737051793,1155.0,984,1672.5,117,2366.5,0.48806253961546586,True
cora_resgcn16,12,R3_MOSAIC_ANCHOR,32,14,64,577.0,11.155378486055778,1155.0,1116,1860.0,131,2568.0,0.4497663551401869,True
cora_resgcn16,12,R3_MOSAIC_ANCHOR,32,8,64,577.0,6.374501992031872,1155.0,920,1830.0,124,2531.0,0.4563413670485974,True
cora_resgcn16,12,R3_MOSAIC_ANCHOR,32,21,64,577.0,16.733067729083665,1155.0,1088,1765.0,135,2477.0,0.46628986677432377,True
cora_resgcn16,12,R3_MOSAIC_ANCHOR,32,11,64,577.0,8.764940239043824,1155.0,828,1881.25,129,2587.25,0.44641994395593776,True
cora_resgcn16,12,R3_MOSAIC_ANCHOR,32,9,64,577.0,7.171314741035856,1155.0,1004,1675.0,115,2367.0,0.4879594423320659,True
cora_resgcn16,12,R3_MOSAIC_ANCHOR,32,8,64,577.0,6.374501992031872,1155.0,888,1828.75,124,2529.75,0.45656685443225614,True
cora_resgcn16,12,R3_MOSAIC_ANCHOR,32,17,64,577.0,13.54581673306773,1155.0,908,1992.5,135,2704.5,0.42706600110926235,True
cora_resgcn16,12,R3_MOSAIC_ANCHOR,32,10,64,577.0,7.968127490039841,1155.0,980,1677.5,117,2371.5,0.48703352308665404,True
cora_resgcn16,12,R3_MOSAIC_ANCHOR,32,8,64,577.0,6.374501992031872,1155.0,976,1772.5,121,2470.5,0.46751669702489373,True
cora_resgcn16,12,R3_MOSAIC_ANCHOR,32,8,64,577.0,6.374501992031872,1155.0,912,1808.75,123,2508.75,0.46038863976083705,True
cora_resgcn16,12,R3_MOSAIC_ANCHOR,32,22,64,577.0,17.529880478087648,1155.0,1172,1831.25,140,2548.25,0.4532522319238693,True
cora_resgcn16,12,R3_MOSAIC_ANCHOR,32,9,64,577.0,7.171314741035856,1155.0,992,1615.0,114,2306.0,0.5008673026886383,True
cora_resgcn16,12,R3_MOSAIC_ANCHOR,32,9,64,577.0,7.171314741035856,1155.0,820,1861.25,125,2563.25,0.45059982444162683,True
cora_resgcn16,12,R3_MOSAIC_ANCHOR,32,17,64,577.0,13.54581673306773,1155.0,936,1831.25,131,2539.25,0.4548587181254307,True
cora_resgcn16,12,R3_MOSAIC_ANCHOR,32,14,64,577.0,11.155378486055778,1155.0,1164,1896.25,136,2609.25,0.4426559356136821,True
cora_resgcn16,12,R3_MOSAIC_ANCHOR,32,15,64,577.0,11.95219123505976,1155.0,1292,1868.75,128,2573.75,0.44876153472559493,True
cora_resgcn16,12,R3_MOSAIC_ANCHOR,32,15,64,577.0,11.95219123505976,1155.0,1000,1767.5,128,2472.5,0.4671385237613751,True
cora_resgcn16,12,R3_MOSAIC_ANCHOR,32,8,64,577.0,6.374501992031872,1155.0,892,1810.0,122,2509.0,0.4603427660422479,True
cora_resgcn16,12,R3_MOSAIC_ANCHOR,32,21,64,577.0,16.733067729083665,1155.0,1040,1807.5,138,2522.5,0.4578790882061447,True
cora_resgcn16,12,R3_MOSAIC_ANCHOR,32,18,64,577.0,14.342629482071713,1155.0,952,2048.75,140,2765.75,0.4176082436952002,True
cora_resgcn16,12,R3_MOSAIC_ANCHOR,32,10,64,577.0,7.968127490039841,1155.0,984,1651.25,115,2343.25,0.49290515309932786,True
cora_resgcn16,12,R3_MOSAIC_ANCHOR,32,8,64,577.0,6.374501992031872,1155.0,948,1772.5,121,2470.5,0.46751669702489373,True
cora_resgcn16,12,R3_MOSAIC_ANCHOR,32,17,64,577.0,13.54581673306773,1155.0,936,2008.75,137,2722.75,0.42420347075566983,True
cora_resgcn16,12,R3_MOSAIC_ANCHOR,32,15,64,577.0,11.95219123505976,1155.0,956,1686.25,123,2386.25,0.48402304871660556,True
cora_resgcn16,12,R3_MOSAIC_ANCHOR,32,9,64,577.0,7.171314741035856,1155.0,792,1887.5,123,2587.5,0.4463768115942029,True
cora_resgcn16,12,R3_MOSAIC_ANCHOR,32,15,64,577.0,11.95219123505976,1155.0,852,1942.5,132,2651.5,0.4356024891570809,True
cora_resgcn16,12,R3_MOSAIC_ANCHOR,32,20,64,577.0,15.93625498007968,1155.0,1140,1946.25,142,2665.25,0.43335521996060405,True
cora_resgcn16,12,R3_MOSAIC_ANCHOR,32,9,64,577.0,7.171314741035856,1155.0,884,2193.75,129,2899.75,0.3983101991550996,True
cora_resgcn16,12,R3_MOSAIC_ANCHOR,32,17,64,577.0,13.54581673306773,1155.0,940,1795.0,131,2503.0,0.4614462644826209,True
cora_resgcn16,12,R3_MOSAIC_ANCHOR,32,9,64,577.0,7.171314741035856,1155.0,840,2315.0,130,3022.0,0.38219722038385173,True
cora_resgcn16,12,R3_MOSAIC_ANCHOR,32,16,64,577.0,12.749003984063744,1155.0,944,1765.0,126,2468.0,0.4679902755267423,True
cora_resgcn16,12,R3_MOSAIC_ANCHOR,32,11,64,577.0,8.764940239043824,1155.0,884,2062.5,134,2773.5,0.41644131963223363,True
cora_resgcn16,12,R3_MOSAIC_ANCHOR,32,12,64,577.0,9.56175298804781,1155.0,908,2205.0,132,2914.0,0.3963623884694578,True
cora_resgcn16,12,R3_MOSAIC_ANCHOR,32,17,64,577.0,13.54581673306773,1155.0,928,1961.25,135,2673.25,0.43205835593378844,True
cora_resgcn16,12,R3_MOSAIC_ANCHOR,32,12,64,577.0,9.56175298804781,1155.0,912,2187.5,132,2896.5,0.398757120662869,True
cora_resgcn16,12,R3_MOSAIC_ANCHOR,32,9,64,577.0,7.171314741035856,1155.0,864,1811.25,123,2511.25,0.45993031358885017,True
cora_resgcn16,12,R3_MOSAIC_ANCHOR,32,9,64,577.0,7.171314741035856,1155.0,840,2327.5,129,3033.5,0.38074831053238833,True
cora_resgcn16,12,R3_MOSAIC_ANCHOR,32,8,64,577.0,6.374501992031872,1155.0,808,2331.25,127,3035.25,0.38052878675562146,True
cora_resgcn16,12,R3_MOSAIC_ANCHOR,32,9,64,577.0,7.171314741035856,1155.0,876,2196.25,130,2903.25,0.39783001808318263,True
cora_resgcn16,12,R3_MOSAIC_ANCHOR,32,18,64,577.0,14.342629482071713,1155.0,980,1908.75,132,2617.75,0.4412186037627734,True
cora_resgcn16,12,R3_MOSAIC_ANCHOR,32,11,64,577.0,8.764940239043824,1155.0,848,2217.5,131,2925.5,0.3948043069560759,True
cora_resgcn16,12,R3_MOSAIC_ANCHOR,20,12,64,529.0,6.607929515418502,1059.0,816,1113.75,79,1721.75,0.6150718745462466,True
pubmed_deepres28_w128,4,R3_MOSAIC_ANCHOR,32,86,128,3205.0,22.766379880873597,4361.0,6128,1913.75,223,5341.75,0.8163991201385313,True
pubmed_deepres28_w128,4,R3_MOSAIC_ANCHOR,32,56,128,2049.0,22.24428997020854,4361.0,6608,1166.25,149,3364.25,1.2962770305417255,True
pubmed_deepres28_w128,4,R3_MOSAIC_ANCHOR,32,68,128,2943.0,18.00132362673726,4361.0,6804,1641.25,192,4776.25,0.913059408531798,True
pubmed_deepres28_w128,4,R3_MOSAIC_ANCHOR,32,98,128,3837.0,19.45409429280397,4361.0,7180,1515.0,205,5557.0,0.7847759582508548,True
pubmed_deepres28_w128,4,R3_MOSAIC_ANCHOR,32,88,128,3205.0,23.295830575777632,4361.0,6412,1965.0,225,5395.0,0.8083410565338276,True
pubmed_deepres28_w128,4,R3_MOSAIC_ANCHOR,32,66,128,2943.0,17.47187293183322,4361.0,7004,1300.0,163,4406.0,0.9897866545619609,True
pubmed_deepres28_w128,4,R3_MOSAIC_ANCHOR,32,68,128,2943.0,18.00132362673726,4361.0,6764,1468.75,181,4592.75,0.949540035926188,True
pubmed_deepres28_w128,4,R3_MOSAIC_ANCHOR,32,76,128,2943.0,20.11912640635341,4361.0,6956,1677.5,199,4819.5,0.9048656499636892,True
pubmed_deepres28_w128,4,R3_MOSAIC_ANCHOR,32,62,128,2311.0,24.627606752730884,4361.0,6684,1355.0,169,3835.0,1.1371577574967406,True
pubmed_deepres28_w128,4,R3_MOSAIC_ANCHOR,32,71,128,2943.0,18.79549966909332,4361.0,7200,1605.0,186,4734.0,0.9212082805238698,True
pubmed_deepres28_w128,4,R3_MOSAIC_ANCHOR,32,91,128,3205.0,24.090006618133685,4361.0,6352,1920.0,226,5351.0,0.814987852737806,True
pubmed_deepres28_w128,4,R3_MOSAIC_ANCHOR,32,68,128,2943.0,18.00132362673726,4361.0,6464,1732.5,197,4872.5,0.8950230887634685,True
pubmed_deepres28_w128,4,R3_MOSAIC_ANCHOR,32,73,128,2943.0,19.324950363997356,4361.0,6800,1385.0,172,4500.0,0.9691111111111111,True
pubmed_deepres28_w128,4,R3_MOSAIC_ANCHOR,32,62,128,2311.0,24.627606752730884,4361.0,6736,1302.5,164,3777.5,1.1544672402382528,True
pubmed_deepres28_w128,4,R3_MOSAIC_ANCHOR,32,78,128,2943.0,20.648577101257445,4361.0,6556,1801.25,211,4955.25,0.8800766863427678,True
pubmed_deepres28_w128,4,R3_MOSAIC_ANCHOR,32,95,128,3205.0,25.14890800794176,4361.0,6676,1813.75,221,5239.75,0.8322916169664584,True
pubmed_deepres28_w128,4,R3_MOSAIC_ANCHOR,32,86,128,3205.0,22.766379880873597,4361.0,6472,1838.75,219,5262.75,0.8286542207021044,True
pubmed_deepres28_w128,4,R3_MOSAIC_ANCHOR,32,57,128,2049.0,22.641509433962263,4361.0,6688,1222.5,150,3421.5,1.2745871693701594,True
pubmed_deepres28_w128,4,R3_MOSAIC_ANCHOR,32,94,128,3205.0,24.884182660489746,4361.0,7124,1558.75,202,4965.75,0.878215778079847,True
pubmed_deepres28_w128,4,R3_MOSAIC_ANCHOR,32,65,128,2943.0,17.207147584381204,4361.0,6732,1321.25,167,4431.25,0.9841466854724965,True
pubmed_deepres28_w128,4,R3_MOSAIC_ANCHOR,32,66,128,2943.0,17.47187293183322,4361.0,6868,1446.25,180,4569.25,0.9544235924932976,True
pubmed_deepres28_w128,4,R3_MOSAIC_ANCHOR,32,65,128,2943.0,17.207147584381204,4361.0,6796,1351.25,165,4459.25,0.9779671469417502,True
pubmed_deepres28_w128,4,R3_MOSAIC_ANCHOR,32,90,128,3205.0,23.825281270681668,4361.0,6340,1972.5,229,5406.5,0.8066216591140294,True
pubmed_deepres28_w128,4,R3_MOSAIC_ANCHOR,32,81,128,2943.0,21.4427531436135,4361.0,6848,1648.75,202,4793.75,0.9097262059973924,True
pubmed_deepres28_w128,4,R3_MOSAIC_ANCHOR,32,60,128,2049.0,23.83316782522344,4361.0,6592,1158.75,151,3358.75,1.2983997022701899,True
pubmed_deepres28_w128,4,R3_MOSAIC_ANCHOR,32,57,128,2049.0,22.641509433962263,4361.0,6504,1361.25,159,3569.25,1.2218253134411992,True
pubmed_deepres28_w128,4,R3_MOSAIC_ANCHOR,32,77,128,2943.0,20.383851753805427,4361.0,6700,1891.25,214,5048.25,0.863863715148814,True
pubmed_deepres28_w128,4,R3_MOSAIC_ANCHOR,32,99,128,3837.0,19.65260545905707,4361.0,6884,1580.0,207,5624.0,0.7754267425320057,True
pubmed_deepres28_w128,4,R3_MOSAIC_ANCHOR,32,65,128,2943.0,17.207147584381204,4361.0,6920,1283.75,160,4386.75,0.994130050720921,True
pubmed_deepres28_w128,4,R3_MOSAIC_ANCHOR,32,69,128,2943.0,18.26604897418928,4361.0,6776,1675.0,197,4815.0,0.905711318795431,True
pubmed_deepres28_w128,4,R3_MOSAIC_ANCHOR,32,92,128,3205.0,24.354731965585703,4361.0,6520,1892.5,224,5321.5,0.8195057784459269,True
pubmed_deepres28_w128,4,R3_MOSAIC_ANCHOR,32,85,128,3205.0,22.501654533421576,4361.0,6536,1746.25,211,5162.25,0.8447866724780861,True
pubmed_deepres28_w128,4,R3_MOSAIC_ANCHOR,32,95,128,3205.0,25.14890800794176,4361.0,6936,1743.75,217,5165.75,0.8442142960847893,True
pubmed_deepres28_w128,4,R3_MOSAIC_ANCHOR,32,71,128,2943.0,18.79549966909332,4361.0,6756,1738.75,202,4883.75,0.8929613514205272,True
pubmed_deepres28_w128,4,R3_MOSAIC_ANCHOR,32,62,128,2311.0,24.627606752730884,4361.0,6572,1368.75,165,3844.75,1.134274010013655,True
pubmed_deepres28_w128,4,R3_MOSAIC_ANCHOR,32,74,128,2943.0,19.58967571144937,4361.0,6060,1918.75,211,5072.75,0.8596914888374156,True
pubmed_deepres28_w128,4,R3_MOSAIC_ANCHOR,32,70,128,2943.0,18.530774321641296,4361.0,7236,1582.5,183,4708.5,0.9261973027503452,True
pubmed_deepres28_w128,4,R3_MOSAIC_ANCHOR,32,101,128,3837.0,20.049627791563275,4361.0,6664,1742.5,226,5805.5,0.7511842218585824,True
pubmed_deepres28_w128,4,R3_MOSAIC_ANCHOR,32,74,128,2943.0,19.58967571144937,4361.0,6140,1761.25,203,4907.25,0.8886851087676397,True
pubmed_deepres28_w128,4,R3_MOSAIC_ANCHOR,32,66,128,2943.0,17.47187293183322,4361.0,6512,1490.0,175,4608.0,0.9463975694444444,True
pubmed_deepres28_w128,4,R3_MOSAIC_ANCHOR,32,76,128,2943.0,20.11912640635341,4361.0,6908,1668.75,202,4813.75,0.9059465074006752,True
pubmed_deepres28_w128,4,R3_MOSAIC_ANCHOR,32,72,128,2943.0,19.06022501654533,4361.0,6740,1751.25,202,4896.25,0.8906816441153944,True
pubmed_deepres28_w128,4,R3_MOSAIC_ANCHOR,32,69,128,2943.0,18.26604897418928,4361.0,6724,1413.75,173,4529.75,0.9627462884265136,True
pubmed_deepres28_w128,4,R3_MOSAIC_ANCHOR,32,94,128,3205.0,24.884182660489746,4361.0,6220,1920.0,227,5352.0,0.8148355754857997,True
pubmed_deepres28_w128,4,R3_MOSAIC_ANCHOR,32,58,128,2049.0,23.038728897715988,4361.0,6696,1190.0,151,3390.0,1.2864306784660766,True
pubmed_deepres28_w128,4,R3_MOSAIC_ANCHOR,32,66,128,2943.0,17.47187293183322,4361.0,7148,1423.75,171,4537.75,0.96104897801774,True
pubmed_deepres28_w128,4,R3_MOSAIC_ANCHOR,32,72,128,2943.0,19.06022501654533,4361.0,6852,1757.5,204,4904.5,0.8891834029972474,True
pubmed_deepres28_w128,4,R3_MOSAIC_ANCHOR,32,82,128,3205.0,21.70747849106552,4361.0,6360,1835.0,214,5254.0,0.8300342596117244,True
pubmed_deepres28_w128,4,R3_MOSAIC_ANCHOR,32,61,128,2049.0,24.23038728897716,4361.0,6712,1338.75,167,3554.75,1.2268091989591392,True
pubmed_deepres28_w128,4,R3_MOSAIC_ANCHOR,32,78,128,2943.0,20.648577101257445,4361.0,6956,1647.5,200,4790.5,0.9103433879553282,True
pubmed_deepres28_w128,4,R3_MOSAIC_ANCHOR,32,78,128,2943.0,20.648577101257445,4361.0,6184,1850.0,212,5005.0,0.8713286713286713,True
pubmed_deepres28_w128,4,R3_MOSAIC_ANCHOR,32,67,128,2943.0,17.736598279285243,4361.0,6836,1855.0,206,5004.0,0.8715027977617905,True
pubmed_deepres28_w128,4,R3_MOSAIC_ANCHOR,32,61,128,2049.0,24.23038728897716,4361.0,6768,1236.25,159,3444.25,1.2661682514335486,True
pubmed_deepres28_w128,4,R3_MOSAIC_ANCHOR,32,100,128,3837.0,19.851116625310173,4361.0,6804,1671.25,213,5721.25,0.7622460126720559,True
pubmed_deepres28_w128,4,R3_MOSAIC_ANCHOR,32,66,128,2943.0,17.47187293183322,4361.0,6852,1613.75,190,4746.75,0.9187338705430032,True
pubmed_deepres28_w128,4,R3_MOSAIC_ANCHOR,32,79,128,2943.0,20.913302448709462,4361.0,6324,1795.0,208,4946.0,0.8817226041245451,True
pubmed_deepres28_w128,4,R3_MOSAIC_ANCHOR,32,70,128,2943.0,18.530774321641296,4361.0,6292,1720.0,194,4857.0,0.8978793493926291,True
pubmed_deepres28_w128,4,R3_MOSAIC_ANCHOR,32,73,128,2943.0,19.324950363997356,4361.0,6644,1723.75,201,4867.75,0.8958964614041395,True
pubmed_deepres28_w128,4,R3_MOSAIC_ANCHOR,32,67,128,2943.0,17.736598279285243,4361.0,6964,1372.5,167,4482.5,0.9728945900725042,True
pubmed_deepres28_w128,4,R3_MOSAIC_ANCHOR,32,88,128,3205.0,23.295830575777632,4361.0,6496,1781.25,216,5202.25,0.8382911240328704,True
pubmed_deepres28_w128,4,R3_MOSAIC_ANCHOR,32,66,128,2943.0,17.47187293183322,4361.0,6952,1338.75,163,4444.75,0.9811575454187524,True
pubmed_deepres28_w128,4,R3_MOSAIC_ANCHOR,32,97,128,3837.0,19.255583126550867,4361.0,6460,1911.25,232,5980.25,0.7292337276869696,True
pubmed_deepres28_w128,4,R3_MOSAIC_ANCHOR,32,65,128,2943.0,17.207147584381204,4361.0,6176,1913.75,200,5056.75,0.8624116280219508,True
pubmed_deepres28_w128,4,R3_MOSAIC_ANCHOR,32,57,128,2049.0,22.641509433962263,4361.0,6536,1317.5,160,3526.5,1.2366368921026514,True
pubmed_deepres28_w128,4,R3_MOSAIC_ANCHOR,32,60,128,2049.0,23.83316782522344,4361.0,6800,1337.5,160,3546.5,1.2296630480755675,True
pubmed_deepres28_w128,4,R3_MOSAIC_ANCHOR,32,99,128,3837.0,19.65260545905707,4361.0,6508,1947.5,234,6018.5,0.7245991526127773,True
pubmed_deepres28_w128,4,R3_MOSAIC_ANCHOR,32,69,128,2943.0,18.26604897418928,4361.0,7228,1557.5,183,4683.5,0.9311412405252482,True
pubmed_deepres28_w128,4,R3_MOSAIC_ANCHOR,32,63,128,2311.0,25.02482621648461,4361.0,6400,1596.25,183,4090.25,1.0661939979218875,True
pubmed_deepres28_w128,4,R3_MOSAIC_ANCHOR,32,58,128,2049.0,23.038728897715988,4361.0,6568,1340.0,162,3551.0,1.228104759222754,True
pubmed_deepres28_w128,4,R3_MOSAIC_ANCHOR,32,100,128,3837.0,19.851116625310173,4361.0,6584,1612.5,208,5657.5,0.7708351745470614,True
pubmed_deepres28_w128,4,R3_MOSAIC_ANCHOR,32,54,128,2049.0,21.44985104270109,4361.0,6652,1168.75,144,3361.75,1.297241020301926,True
pubmed_deepres28_w128,4,R3_MOSAIC_ANCHOR,32,67,128,2943.0,17.736598279285243,4361.0,6888,1450.0,175,4568.0,0.9546847635726795,True
pubmed_deepres28_w128,4,R3_MOSAIC_ANCHOR,32,59,128,2049.0,23.435948361469716,4361.0,6724,1245.0,154,3448.0,1.2647911832946637,True
pubmed_deepres28_w128,4,R3_MOSAIC_ANCHOR,32,101,128,3837.0,20.049627791563275,4361.0,6728,1581.25,211,5629.25,0.7747035573122529,True
pubmed_deepres28_w128,4,R3_MOSAIC_ANCHOR,32,71,128,2943.0,18.79549966909332,4361.0,7160,1576.25,185,4704.25,0.9270340649412765,True
pubmed_deepres28_w128,4,R3_MOSAIC_ANCHOR,32,93,128,3205.0,24.619457313037724,4361.0,6592,1681.25,210,5096.25,0.8557272504292371,True
pubmed_deepres28_w128,4,R3_MOSAIC_ANCHOR,32,62,128,2311.0,24.627606752730884,4361.0,6436,1510.0,177,3998.0,1.0907953976988494,True
pubmed_deepres28_w128,4,R3_MOSAIC_ANCHOR,32,100,128,3837.0,19.851116625310173,4361.0,6732,1548.75,208,5593.75,0.7796201117318435,True
pubmed_deepres28_w128,4,R3_MOSAIC_ANCHOR,32,79,128,2943.0,20.913302448709462,4361.0,6232,1847.5,211,5001.5,0.8719384184744576,True
pubmed_deepres28_w128,4,R3_MOSAIC_ANCHOR,32,66,128,2943.0,17.47187293183322,4361.0,7004,1370.0,166,4479.0,0.9736548336682295,True
pubmed_deepres28_w128,4,R3_MOSAIC_ANCHOR,32,63,128,2311.0,25.02482621648461,4361.0,6792,1248.75,160,3719.75,1.1723906176490355,True
pubmed_deepres28_w128,4,R3_MOSAIC_ANCHOR,32,68,128,2943.0,18.00132362673726,4361.0,7272,1553.75,178,4674.75,0.9328841114498102,True
pubmed_deepres28_w128,4,R3_MOSAIC_ANCHOR,32,85,128,3205.0,22.501654533421576,4361.0,6480,1803.75,215,5223.75,0.8348408710217755,True
pubmed_deepres28_w128,4,R3_MOSAIC_ANCHOR,32,75,128,2943.0,19.85440105890139,4361.0,6844,1482.5,182,4607.5,0.9465002712967987,True
pubmed_deepres28_w128,4,R3_MOSAIC_ANCHOR,32,63,128,2311.0,25.02482621648461,4361.0,6596,1373.75,167,3851.75,1.1322126306224443,True
pubmed_deepres28_w128,4,R3_MOSAIC_ANCHOR,32,65,128,2943.0,17.207147584381204,4361.0,6708,1238.75,164,4345.75,1.0035091756313639,True
pubmed_deepres28_w128,4,R3_MOSAIC_ANCHOR,32,100,128,3837.0,19.851116625310173,4361.0,6560,1918.75,236,5991.75,0.7278341052280218,True
pubmed_deepres28_w128,4,R3_MOSAIC_ANCHOR,32,72,128,2943.0,19.06022501654533,4361.0,7056,1535.0,183,4661.0,0.9356361295859258,True
pubmed_deepres28_w128,4,R3_MOSAIC_ANCHOR,32,64,128,2311.0,25.42204568023833,4361.0,6584,1450.0,174,3935.0,1.108259212198221,True
pubmed_deepres28_w128,4,R3_MOSAIC_ANCHOR,32,101,128,3837.0,20.049627791563275,4361.0,6576,1645.0,217,5699.0,0.7652219687664502,True
pubmed_deepres28_w128,4,R3_MOSAIC_ANCHOR,32,75,128,2943.0,19.85440105890139,4361.0,7100,1615.0,190,4748.0,0.91849199663016,True
pubmed_deepres28_w128,4,R3_MOSAIC_ANCHOR,32,55,128,2049.0,21.847070506454816,4361.0,6704,1252.5,151,3452.5,1.2631426502534395,True
pubmed_deepres28_w128,4,R3_MOSAIC_ANCHOR,32,71,128,2943.0,18.79549966909332,4361.0,7288,1595.0,186,4724.0,0.9231583403895004,True
pubmed_deepres28_w128,4,R3_MOSAIC_ANCHOR,32,67,128,2943.0,17.736598279285243,4361.0,6376,1797.5,200,4940.5,0.8827041797388928,True
pubmed_deepres28_w128,4,R3_MOSAIC_ANCHOR,32,79,128,2943.0,20.913302448709462,4361.0,6636,1735.0,206,4884.0,0.892915642915643,True
pubmed_deepres28_w128,4,R3_MOSAIC_ANCHOR,32,68,128,2943.0,18.00132362673726,4361.0,6744,1390.0,170,4503.0,0.9684654674661337,True
pubmed_deepres28_w128,4,R3_MOSAIC_ANCHOR,32,62,128,2311.0,24.627606752730884,4361.0,6820,1285.0,157,3753.0,1.162003730349054,True
pubmed_deepres28_w128,4,R3_MOSAIC_ANCHOR,32,88,128,3205.0,23.295830575777632,4361.0,6344,1947.5,228,5380.5,0.8105194684508875,True
pubmed_deepres28_w128,4,R3_MOSAIC_ANCHOR,32,78,128,2943.0,20.648577101257445,4361.0,6816,1797.5,206,4946.5,0.8816334782169211,True
pubmed_deepres28_w128,4,R3_MOSAIC_ANCHOR,32,68,128,2943.0,18.00132362673726,4361.0,6984,1501.25,181,4625.25,0.9428679530836171,True
pubmed_deepres28_w128,4,R3_MOSAIC_ANCHOR,32,66,128,2943.0,17.47187293183322,4361.0,7272,1512.5,175,4630.5,0.9417989417989417,True
pubmed_deepres28_w128,4,R3_MOSAIC_ANCHOR,32,98,128,3837.0,19.45409429280397,4361.0,6692,1687.5,216,5740.5,0.7596899224806202,True
pubmed_deepres28_w128,4,R3_MOSAIC_ANCHOR,32,73,128,2943.0,19.324950363997356,4361.0,6128,1740.0,197,4880.0,0.8936475409836065,True
pubmed_deepres28_w128,4,R3_MOSAIC_ANCHOR,32,69,128,2943.0,18.26604897418928,4361.0,6620,1303.75,165,4411.75,0.9884966283220944,True
pubmed_deepres28_w128,4,R3_MOSAIC_ANCHOR,32,87,128,3205.0,23.03110522832561,4361.0,6324,1806.25,217,5228.25,0.8341223162626118,True
pubmed_deepres28_w128,4,R3_MOSAIC_ANCHOR,32,60,128,2049.0,23.83316782522344,4361.0,6624,1367.5,164,3580.5,1.2179863147605083,True
pubmed_deepres28_w128,4,R3_MOSAIC_ANCHOR,32,73,128,2943.0,19.324950363997356,4361.0,6996,1665.0,194,4802.0,0.9081632653061225,True
pubmed_deepres28_w128,4,R3_MOSAIC_ANCHOR,32,69,128,2943.0,18.26604897418928,4361.0,7216,1613.75,185,4741.75,0.9197026414298518,True
pubmed_deepres28_w128,4,R3_MOSAIC_ANCHOR,32,67,128,2943.0,17.736598279285243,4361.0,7296,1511.25,177,4631.25,0.941646423751687,True
pubmed_deepres28_w128,4,R3_MOSAIC_ANCHOR,32,100,128,3837.0,19.851116625310173,4361.0,6712,1681.25,218,5736.25,0.76025277838309,True
pubmed_deepres28_w128,4,R3_MOSAIC_ANCHOR,32,86,128,3205.0,22.766379880873597,4361.0,6536,1755.0,213,5173.0,0.8430311231393776,True
pubmed_deepres28_w128,4,R3_MOSAIC_ANCHOR,32,74,128,2943.0,19.58967571144937,4361.0,6416,1651.25,192,4786.25,0.9111517367458867,True
pubmed_deepres28_w128,4,R3_MOSAIC_ANCHOR,32,62,128,2311.0,24.627606752730884,4361.0,6768,1198.75,154,3663.75,1.1903104742408734,True
pubmed_deepres28_w128,4,R3_MOSAIC_ANCHOR,32,83,128,3205.0,21.972203838517537,4361.0,6348,1727.5,207,5139.5,0.8485261212180173,True
pubmed_deepres28_w128,4,R3_MOSAIC_ANCHOR,32,72,128,2943.0,19.06022501654533,4361.0,6656,1261.25,167,4371.25,0.9976551329711181,True
pubmed_deepres28_w128,4,R3_MOSAIC_ANCHOR,32,64,128,2311.0,25.42204568023833,4361.0,6644,1335.0,165,3811.0,1.1443190763579114,True
pubmed_deepres28_w128,4,R3_MOSAIC_ANCHOR,32,65,128,2943.0,17.207147584381204,4361.0,6704,1207.5,156,4306.5,1.0126552885173574,True
pubmed_deepres28_w128,4,R3_MOSAIC_ANCHOR,32,103,128,4099.0,20.44665012406948,4361.0,6600,1670.0,220,5989.0,0.7281683085657038,True
pubmed_deepres28_w128,4,R3_MOSAIC_ANCHOR,32,68,128,2943.0,18.00132362673726,4361.0,7212,1392.5,170,4505.5,0.9679280878925758,True
pubmed_deepres28_w128,4,R3_MOSAIC_ANCHOR,32,62,128,2311.0,24.627606752730884,4361.0,6872,1232.5,155,3698.5,1.1791266729755305,True
pubmed_deepres28_w128,4,R3_MOSAIC_ANCHOR,32,73,128,2943.0,19.324950363997356,4361.0,6728,1382.5,176,4501.5,0.9687881817172054,True
pubmed_deepres28_w128,4,R3_MOSAIC_ANCHOR,32,91,128,3205.0,24.090006618133685,4361.0,6812,1510.0,197,4912.0,0.8878257328990228,True
pubmed_deepres28_w128,4,R3_MOSAIC_ANCHOR,32,79,128,2943.0,20.913302448709462,4361.0,6120,1863.75,214,5020.75,0.8685953293830603,True
pubmed_deepres28_w128,4,R3_MOSAIC_ANCHOR,32,71,128,2943.0,18.79549966909332,4361.0,6692,1972.5,218,5133.5,0.8495178727963378,True
pubmed_deepres28_w128,4,R3_MOSAIC_ANCHOR,32,74,128,2943.0,19.58967571144937,4361.0,6976,1428.75,178,4549.75,0.958514204077147,True
pubmed_deepres28_w128,4,R3_MOSAIC_ANCHOR,32,56,128,2049.0,22.24428997020854,4361.0,6564,1198.75,151,3398.75,1.2831187936741448,True
pubmed_deepres28_w128,4,R3_MOSAIC_ANCHOR,32,68,128,2943.0,18.00132362673726,4361.0,6832,1690.0,197,4830.0,0.9028985507246376,True
pubmed_deepres28_w128,4,R3_MOSAIC_ANCHOR,32,93,128,3205.0,24.619457313037724,4361.0,6376,1867.5,222,5294.5,0.8236849560865048,True
pubmed_deepres28_w128,4,R3_MOSAIC_ANCHOR,32,73,128,2943.0,19.324950363997356,4361.0,6616,1750.0,198,4891.0,0.8916377019014516,True
pubmed_deepres28_w128,4,R3_MOSAIC_ANCHOR,32,69,128,2943.0,18.26604897418928,4361.0,6756,1300.0,166,4409.0,0.9891131775912906,True
pubmed_deepres28_w128,4,R3_MOSAIC_ANCHOR,32,92,128,3205.0,24.354731965585703,4361.0,6324,2188.75,245,5638.75,0.7733983595655065,True
pubmed_deepres28_w128,4,R3_MOSAIC_ANCHOR,32,69,128,2943.0,18.26604897418928,4361.0,6412,1810.0,203,4956.0,0.8799435028248588,True
pubmed_deepres28_w128,4,R3_MOSAIC_ANCHOR,32,79,128,2943.0,20.913302448709462,4361.0,6676,1277.5,176,4396.5,0.9919253952007279,True
pubmed_deepres28_w128,4,R3_MOSAIC_ANCHOR,32,60,128,2049.0,23.83316782522344,4361.0,6636,1435.0,170,3654.0,1.1934865900383143,True
pubmed_deepres28_w128,4,R3_MOSAIC_ANCHOR,32,81,128,2943.0,21.4427531436135,4361.0,6744,1705.0,205,4853.0,0.89861941067381,True
pubmed_deepres28_w128,4,R3_MOSAIC_ANCHOR,32,81,128,2943.0,21.4427531436135,4361.0,6612,1982.5,222,5147.5,0.8472073822243807,True
pubmed_deepres28_w128,4,R3_MOSAIC_ANCHOR,32,67,128,2943.0,17.736598279285243,4361.0,6932,1353.75,166,4462.75,0.9772001568539578,True
pubmed_deepres28_w128,4,R3_MOSAIC_ANCHOR,32,63,128,2311.0,25.02482621648461,4361.0,6860,1513.75,181,4005.75,1.0886850152905199,True
pubmed_deepres28_w128,4,R3_MOSAIC_ANCHOR,32,72,128,2943.0,19.06022501654533,4361.0,6060,1910.0,212,5065.0,0.8610069101678184,True
pubmed_deepres28_w128,4,R3_MOSAIC_ANCHOR,32,75,128,2943.0,19.85440105890139,4361.0,6488,1760.0,205,4908.0,0.8885493072534637,True
pubmed_deepres28_w128,4,R3_MOSAIC_ANCHOR,32,70,128,2943.0,18.530774321641296,4361.0,7316,1628.75,186,4757.75,0.9166097419998949,True
pubmed_deepres28_w128,4,R3_MOSAIC_ANCHOR,32,77,128,2943.0,20.383851753805427,4361.0,5996,1886.25,209,5038.25,0.8655783258075721,True
pubmed_deepres28_w128,4,R3_MOSAIC_ANCHOR,32,67,128,2943.0,17.736598279285243,4361.0,6820,1742.5,198,4883.5,0.8930070646053035,True
pubmed_deepres28_w128,4,R3_MOSAIC_ANCHOR,32,81,128,2943.0,21.4427531436135,4361.0,6644,1567.5,192,4702.5,0.9273790536948432,True
pubmed_deepres28_w128,4,R3_MOSAIC_ANCHOR,32,67,128,2943.0,17.736598279285243,4361.0,6824,1695.0,196,4834.0,0.9021514273893256,True
pubmed_deepres28_w128,4,R3_MOSAIC_ANCHOR,32,90,128,3205.0,23.825281270681668,4361.0,6748,1703.75,209,5117.75,0.8521322846954228,True
pubmed_deepres28_w128,4,R3_MOSAIC_ANCHOR,32,86,128,3205.0,22.766379880873597,4361.0,6424,1800.0,213,5218.0,0.8357608279034112,True
pubmed_deepres28_w128,4,R3_MOSAIC_ANCHOR,32,73,128,2943.0,19.324950363997356,4361.0,6328,1985.0,217,5145.0,0.8476190476190476,True
pubmed_deepres28_w128,4,R3_MOSAIC_ANCHOR,32,93,128,3205.0,24.619457313037724,4361.0,6704,1522.5,199,4926.5,0.8852126255962651,True
pubmed_deepres28_w128,4,R3_MOSAIC_ANCHOR,32,67,128,2943.0,17.736598279285243,4361.0,6828,1511.25,180,4634.25,0.941036845228462,True
pubmed_deepres28_w128,4,R3_MOSAIC_ANCHOR,32,65,128,2943.0,17.207147584381204,4361.0,6116,1833.75,198,4974.75,0.876626966179205,True
pubmed_deepres28_w128,4,R3_MOSAIC_ANCHOR,32,75,128,2943.0,19.85440105890139,4361.0,6340,1936.25,216,5095.25,0.8558951965065502,True
pubmed_deepres28_w128,4,R3_MOSAIC_ANCHOR,32,74,128,2943.0,19.58967571144937,4361.0,6756,1760.0,202,4905.0,0.8890927624872579,True
pubmed_deepres28_w128,4,R3_MOSAIC_ANCHOR,32,66,128,2943.0,17.47187293183322,4361.0,5848,1835.0,197,4975.0,0.8765829145728643,True
pubmed_deepres28_w128,4,R3_MOSAIC_ANCHOR,32,68,128,2943.0,18.00132362673726,4361.0,7120,1500.0,179,4622.0,0.9435309389874513,True
pubmed_deepres28_w128,4,R3_MOSAIC_ANCHOR,32,92,128,3205.0,24.354731965585703,4361.0,6660,1780.0,221,5206.0,0.8376872839031886,True
pubmed_deepres28_w128,4,R3_MOSAIC_ANCHOR,32,74,128,2943.0,19.58967571144937,4361.0,6400,1796.25,207,4946.25,0.8816780389183725,True
pubmed_deepres28_w128,4,R3_MOSAIC_ANCHOR,32,66,128,2943.0,17.47187293183322,4361.0,7164,1347.5,167,4457.5,0.9783510936623668,True
pubmed_deepres28_w128,4,R3_MOSAIC_ANCHOR,32,62,128,2311.0,24.627606752730884,4361.0,6320,1842.5,202,4355.5,1.0012627712088165,True
pubmed_deepres28_w128,4,R3_MOSAIC_ANCHOR,32,71,128,2943.0,18.79549966909332,4361.0,7064,1837.5,203,4983.5,0.8750877897060299,True
pubmed_deepres28_w128,4,R3_MOSAIC_ANCHOR,32,69,128,2943.0,18.26604897418928,4361.0,6428,1491.25,182,4616.25,0.9447062009206607,True
pubmed_deepres28_w128,4,R3_MOSAIC_ANCHOR,32,72,128,2943.0,19.06022501654533,4361.0,6708,1891.25,213,5047.25,0.8640348704740205,True
pubmed_deepres28_w128,4,R3_MOSAIC_ANCHOR,32,88,128,3205.0,23.295830575777632,4361.0,6332,1941.25,225,5371.25,0.8119152897370259,True
pubmed_deepres28_w128,4,R3_MOSAIC_ANCHOR,32,75,128,2943.0,19.85440105890139,4361.0,6864,1708.75,200,4851.75,0.8988509300767764,True
pubmed_deepres28_w128,4,R3_MOSAIC_ANCHOR,32,56,128,2049.0,22.24428997020854,4361.0,6612,1238.75,153,3440.75,1.2674562232071496,True
pubmed_deepres28_w128,4,R3_MOSAIC_ANCHOR,32,67,128,2943.0,17.736598279285243,4361.0,6964,1493.75,177,4613.75,0.9452180980764021,True
pubmed_deepres28_w128,4,R3_MOSAIC_ANCHOR,32,98,128,3837.0,19.45409429280397,4361.0,6576,1798.75,221,5856.75,0.7446109190250566,True
pubmed_deepres28_w128,4,R3_MOSAIC_ANCHOR,32,64,128,2311.0,25.42204568023833,4361.0,6220,1813.75,195,4319.75,1.0095491637247527,True
pubmed_deepres28_w128,4,R3_MOSAIC_ANCHOR,32,92,128,3205.0,24.354731965585703,4361.0,6244,1896.25,223,5324.25,0.8190824998826126,True
pubmed_deepres28_w128,4,R3_MOSAIC_ANCHOR,32,83,128,3205.0,21.972203838517537,4361.0,6784,1475.0,189,4869.0,0.895666461285685,True
pubmed_deepres28_w128,4,R3_MOSAIC_ANCHOR,32,53,128,2049.0,21.05263157894737,4361.0,6632,1160.0,144,3353.0,1.3006263048016702,True
pubmed_deepres28_w128,4,R3_MOSAIC_ANCHOR,32,59,128,2049.0,23.435948361469716,4361.0,6508,1510.0,174,3733.0,1.1682293061880524,True
pubmed_deepres28_w128,4,R3_MOSAIC_ANCHOR,32,72,128,2943.0,19.06022501654533,4361.0,6800,1706.25,199,4848.25,0.8994998195225081,True
pubmed_deepres28_w128,4,R3_MOSAIC_ANCHOR,32,82,128,3205.0,21.70747849106552,4361.0,6420,1842.5,218,5265.5,0.8282214414585509,True
pubmed_deepres28_w128,4,R3_MOSAIC_ANCHOR,32,67,128,2943.0,17.736598279285243,4361.0,6904,1340.0,166,4449.0,0.9802202742189255,True
pubmed_deepres28_w128,4,R3_MOSAIC_ANCHOR,32,58,128,2049.0,23.038728897715988,4361.0,5972,1892.5,196,4137.5,1.0540181268882176,True
pubmed_deepres28_w128,4,R3_MOSAIC_ANCHOR,32,95,128,3205.0,25.14890800794176,4361.0,6808,1640.0,215,5060.0,0.8618577075098814,True
pubmed_deepres28_w128,4,R3_MOSAIC_ANCHOR,32,67,128,2943.0,17.736598279285243,4361.0,7256,1456.25,174,4573.25,0.9535888044607227,True
pubmed_deepres28_w128,4,R3_MOSAIC_ANCHOR,32,68,128,2943.0,18.00132362673726,4361.0,6772,1790.0,196,4929.0,0.8847636437411239,True
pubmed_deepres28_w128,4,R3_MOSAIC_ANCHOR,32,64,128,2311.0,25.42204568023833,4361.0,5976,1835.0,199,4345.0,1.0036823935558112,True
pubmed_deepres28_w128,4,R3_MOSAIC_ANCHOR,32,63,128,2311.0,25.02482621648461,4361.0,7204,1315.0,161,3787.0,1.1515711645101663,True
pubmed_deepres28_w128,4,R3_MOSAIC_ANCHOR,32,96,128,3205.0,25.413633355393777,4361.0,6772,1905.0,233,5343.0,0.8162081227774658,True
pubmed_deepres28_w128,4,R3_MOSAIC_ANCHOR,32,65,128,2943.0,17.207147584381204,4361.0,5980,1897.5,204,5044.5,0.8645058975121419,True
pubmed_deepres28_w128,4,R3_MOSAIC_ANCHOR,32,74,128,2943.0,19.58967571144937,4361.0,7088,1725.0,199,4867.0,0.8960345181836861,True
pubmed_deepres28_w128,4,R3_MOSAIC_ANCHOR,32,67,128,2943.0,17.736598279285243,4361.0,6840,1736.25,195,4874.25,0.8947017489870236,True
pubmed_deepres28_w128,4,R3_MOSAIC_ANCHOR,32,62,128,2311.0,24.627606752730884,4361.0,6036,1855.0,200,4366.0,0.9988547869903802,True
pubmed_deepres28_w128,4,R3_MOSAIC_ANCHOR,32,80,128,2943.0,21.178027796161484,4361.0,6108,1902.5,219,5064.5,0.8610919143054596,True
pubmed_deepres28_w128,4,R3_MOSAIC_ANCHOR,32,78,128,2943.0,20.648577101257445,4361.0,7144,1602.5,193,4738.5,0.9203334388519574,True
pubmed_deepres28_w128,4,R3_MOSAIC_ANCHOR,32,66,128,2943.0,17.47187293183322,4361.0,6792,1268.75,161,4372.75,0.9973129037790864,True
pubmed_deepres28_w128,4,R3_MOSAIC_ANCHOR,32,85,128,3205.0,22.501654533421576,4361.0,6700,1798.75,217,5220.75,0.8353205956998515,True
pubmed_deepres28_w128,4,R3_MOSAIC_ANCHOR,32,78,128,2943.0,20.648577101257445,4361.0,6144,1821.25,210,4974.25,0.8767150826757802,True
pubmed_deepres28_w128,4,R3_MOSAIC_ANCHOR,32,74,128,2943.0,19.58967571144937,4361.0,7004,1735.0,199,4877.0,0.894197252409268,True
pubmed_deepres28_w128,4,R3_MOSAIC_ANCHOR,32,57,128,2049.0,22.641509433962263,4361.0,6764,1421.25,162,3632.25,1.2006332163259688,True
pubmed_deepres28_w128,4,R3_MOSAIC_ANCHOR,32,85,128,3205.0,22.501654533421576,4361.0,6948,1533.75,193,4931.75,0.8842702894510063,True
pubmed_deepres28_w128,4,R3_MOSAIC_ANCHOR,32,55,128,2049.0,21.847070506454816,4361.0,6696,1321.25,158,3528.25,1.2360235244101183,True
pubmed_deepres28_w128,4,R3_MOSAIC_ANCHOR,32,81,128,2943.0,21.4427531436135,4361.0,6512,1475.0,188,4606.0,0.9468085106382979,True
pubmed_deepres28_w128,4,R3_MOSAIC_ANCHOR,32,67,128,2943.0,17.736598279285243,4361.0,6800,1766.25,199,4908.25,0.888504049304742,True
pubmed_deepres28_w128,4,R3_MOSAIC_ANCHOR,32,102,128,3837.0,20.248138957816376,4361.0,6372,1836.25,226,5899.25,0.7392465143874222,True
pubmed_deepres28_w128,4,R3_MOSAIC_ANCHOR,32,65,128,2943.0,17.207147584381204,4361.0,6732,1406.25,170,4519.25,0.9649831277313714,True
pubmed_deepres28_w128,4,R3_MOSAIC_ANCHOR,32,68,128,2943.0,18.00132362673726,4361.0,7268,1492.5,179,4614.5,0.9450644706902156,True
pubmed_deepres28_w128,4,R3_MOSAIC_ANCHOR,32,67,128,2943.0,17.736598279285243,4361.0,6608,1773.75,198,4914.75,0.8873289587466301,True
pubmed_deepres28_w128,4,R3_MOSAIC_ANCHOR,32,91,128,3205.0,24.090006618133685,4361.0,6428,1770.0,217,5192.0,0.8399460708782742,True
pubmed_deepres28_w128,4,R3_MOSAIC_ANCHOR,32,79,128,2943.0,20.913302448709462,4361.0,6976,1581.25,192,4716.25,0.9246753246753247,True
pubmed_deepres28_w128,4,R3_MOSAIC_ANCHOR,32,69,128,2943.0,18.26604897418928,4361.0,6076,1886.25,208,5037.25,0.8657501612983275,True
pubmed_deepres28_w128,4,R3_MOSAIC_ANCHOR,32,69,128,2943.0,18.26604897418928,4361.0,6924,1362.5,167,4472.5,0.9750698714365568,True
pubmed_deepres28_w128,4,R3_MOSAIC_ANCHOR,32,83,128,3205.0,21.972203838517537,4361.0,6456,1797.5,213,5215.5,0.8361614418560062,True
pubmed_deepres28_w128,4,R3_MOSAIC_ANCHOR,32,74,128,2943.0,19.58967571144937,4361.0,7188,1693.75,193,4829.75,0.9029452870231378,True
pubmed_deepres28_w128,4,R3_MOSAIC_ANCHOR,32,66,128,2943.0,17.47187293183322,4361.0,6612,1782.5,200,4925.5,0.8853923459547254,True
pubmed_deepres28_w128,4,R3_MOSAIC_ANCHOR,32,62,128,2311.0,24.627606752730884,4361.0,7068,1255.0,156,3722.0,1.1716818914562064,True
pubmed_deepres28_w128,4,R3_MOSAIC_ANCHOR,32,96,128,3205.0,25.413633355393777,4361.0,6864,1721.25,219,5145.25,0.8475778630775959,True
pubmed_deepres28_w128,4,R3_MOSAIC_ANCHOR,32,76,128,2943.0,20.11912640635341,4361.0,6076,1862.5,212,5017.5,0.8691579471848531,True
pubmed_deepres28_w128,4,R3_MOSAIC_ANCHOR,32,72,128,2943.0,19.06022501654533,4361.0,6924,1761.25,196,4900.25,0.8899545941533595,True
pubmed_deepres28_w128,4,R3_MOSAIC_ANCHOR,32,67,128,2943.0,17.736598279285243,4361.0,6572,1771.25,199,4913.25,0.8875998575281128,True
pubmed_deepres28_w128,4,R3_MOSAIC_ANCHOR,32,82,128,3205.0,21.70747849106552,4361.0,6532,1725.0,209,5139.0,0.8486086787312707,True
pubmed_deepres28_w128,4,R3_MOSAIC_ANCHOR,32,62,128,2311.0,24.627606752730884,4361.0,5804,1792.5,192,4295.5,1.0152485158887208,True
pubmed_deepres28_w128,4,R3_MOSAIC_ANCHOR,32,85,128,3205.0,22.501654533421576,4361.0,7160,1677.5,202,5084.5,0.8577047890648049,True
pubmed_deepres28_w128,4,R3_MOSAIC_ANCHOR,32,67,128,2943.0,17.736598279285243,4361.0,6684,1741.25,200,4884.25,0.892869939089932,True
pubmed_deepres28_w128,4,R3_MOSAIC_ANCHOR,32,67,128,2943.0,17.736598279285243,4361.0,7380,1596.25,183,4722.25,0.9235004499973529,True
pubmed_deepres28_w128,4,R3_MOSAIC_ANCHOR,32,71,128,2943.0,18.79549966909332,4361.0,6744,1417.5,175,4535.5,0.9615257413736082,True
pubmed_deepres28_w128,4,R3_MOSAIC_ANCHOR,32,92,128,3205.0,24.354731965585703,4361.0,6220,1863.75,225,5293.75,0.823801652892562,True
pubmed_deepres28_w128,4,R3_MOSAIC_ANCHOR,32,73,128,2943.0,19.324950363997356,4361.0,7060,1792.5,201,4936.5,0.8834194267193356,True
pubmed_deepres28_w128,4,R3_MOSAIC_ANCHOR,32,62,128,2311.0,24.627606752730884,4361.0,5856,1800.0,190,4301.0,1.0139502441292723,True
pubmed_deepres28_w128,4,R3_MOSAIC_ANCHOR,32,71,128,2943.0,18.79549966909332,4361.0,6288,1888.75,212,5043.75,0.8646344485749691,True
pubmed_deepres28_w128,4,R3_MOSAIC_ANCHOR,32,65,128,2943.0,17.207147584381204,4361.0,6556,1726.25,192,4861.25,0.897094368732322,True
pubmed_deepres28_w128,4,R3_MOSAIC_ANCHOR,32,67,128,2943.0,17.736598279285243,4361.0,6492,1763.75,199,4905.75,0.8889568363654895,True
pubmed_deepres28_w128,4,R3_MOSAIC_ANCHOR,32,78,128,2943.0,20.648577101257445,4361.0,6132,1796.25,205,4944.25,0.8820346867573444,True
pubmed_deepres28_w128,4,R3_MOSAIC_ANCHOR,32,65,128,2943.0,17.207147584381204,4361.0,6416,1788.75,201,4932.75,0.8840910242765192,True
pubmed_deepres28_w128,4,R3_MOSAIC_ANCHOR,32,97,128,3837.0,19.255583126550867,4361.0,7112,1706.25,214,5757.25,0.7574796995093144,True
pubmed_deepres28_w128,4,R3_MOSAIC_ANCHOR,32,60,128,2049.0,23.83316782522344,4361.0,6336,1788.75,195,4032.75,1.081396069679499,True
pubmed_deepres28_w128,4,R3_MOSAIC_ANCHOR,32,74,128,2943.0,19.58967571144937,4361.0,6792,1865.0,212,5020.0,0.8687250996015936,True
pubmed_deepres28_w128,4,R3_MOSAIC_ANCHOR,32,63,128,2311.0,25.02482621648461,4361.0,5924,1817.5,199,4327.5,1.0077411900635471,True
pubmed_deepres28_w128,4,R3_MOSAIC_ANCHOR,32,79,128,2943.0,20.913302448709462,4361.0,6836,1635.0,196,4774.0,0.9134897360703812,True
pubmed_deepres28_w128,4,R3_MOSAIC_ANCHOR,32,60,128,2049.0,23.83316782522344,4361.0,5820,1798.75,192,4039.75,1.0795222476638406,True
pubmed_deepres28_w128,4,R3_MOSAIC_ANCHOR,32,75,128,2943.0,19.85440105890139,4361.0,6956,1722.5,200,4865.5,0.8963107594286301,True
pubmed_deepres28_w128,4,R3_MOSAIC_ANCHOR,32,88,128,3205.0,23.295830575777632,4361.0,6784,1737.5,216,5158.5,0.8454007948046913,True
pubmed_deepres28_w128,4,R3_MOSAIC_ANCHOR,32,61,128,2049.0,24.23038728897716,4361.0,6228,1817.5,197,4063.5,1.0732127476313522,True
pubmed_deepres28_w128,4,R3_MOSAIC_ANCHOR,32,70,128,2943.0,18.530774321641296,4361.0,6744,1962.5,214,5119.5,0.8518410000976658,True
pubmed_deepres28_w128,4,R3_MOSAIC_ANCHOR,32,58,128,2049.0,23.038728897715988,4361.0,5888,1797.5,188,4034.5,1.0809270045854504,True
pubmed_deepres28_w128,4,R3_MOSAIC_ANCHOR,32,58,128,2049.0,23.038728897715988,4361.0,6096,1788.75,195,4032.75,1.081396069679499,True
pubmed_deepres28_w128,4,R3_MOSAIC_ANCHOR,32,73,128,2943.0,19.324950363997356,4361.0,6940,1751.25,201,4895.25,0.890863592257801,True
pubmed_deepres28_w128,4,R3_MOSAIC_ANCHOR,32,96,128,3205.0,25.413633355393777,4361.0,6656,1871.25,230,5306.25,0.8218610129564193,True
pubmed_deepres28_w128,4,R3_MOSAIC_ANCHOR,32,66,128,2943.0,17.47187293183322,4361.0,7276,1368.75,167,4478.75,0.9737091822495115,True
pubmed_deepres28_w128,4,R3_MOSAIC_ANCHOR,32,62,128,2311.0,24.627606752730884,4361.0,5992,1935.0,199,4445.0,0.9811023622047244,True
pubmed_deepres28_w128,4,R3_MOSAIC_ANCHOR,32,70,128,2943.0,18.530774321641296,4361.0,6808,1872.5,207,5022.5,0.8682926829268293,True
pubmed_deepres28_w128,4,R3_MOSAIC_ANCHOR,32,66,128,2943.0,17.47187293183322,4361.0,6652,1192.5,158,4293.5,1.015721439385117,True
pubmed_deepres28_w128,4,R3_MOSAIC_ANCHOR,32,100,128,3837.0,19.851116625310173,4361.0,6700,1701.25,221,5759.25,0.7572166514737162,True
pubmed_deepres28_w128,4,R3_MOSAIC_ANCHOR,32,70,128,2943.0,18.530774321641296,4361.0,6868,1658.75,197,4798.75,0.9087783276895025,True
pubmed_deepres28_w128,4,R3_MOSAIC_ANCHOR,32,68,128,2943.0,18.00132362673726,4361.0,6120,1898.75,205,5046.75,0.8641204735721009,True
pubmed_deepres28_w128,4,R3_MOSAIC_ANCHOR,32,95,128,3205.0,25.14890800794176,4361.0,6692,1660.0,211,5076.0,0.8591410559495666,True
pubmed_deepres28_w128,4,R3_MOSAIC_ANCHOR,32,66,128,2943.0,17.47187293183322,4361.0,6800,1711.25,197,4851.25,0.8989435712445246,True
pubmed_deepres28_w128,4,R3_MOSAIC_ANCHOR,32,71,128,2943.0,18.79549966909332,4361.0,6460,1895.0,213,5051.0,0.8633933874480301,True
pubmed_deepres28_w128,4,R3_MOSAIC_ANCHOR,32,70,128,2943.0,18.530774321641296,4361.0,6420,1813.75,200,4956.75,0.8798103596106319,True
pubmed_deepres28_w128,4,R3_MOSAIC_ANCHOR,32,61,128,2049.0,24.23038728897716,4361.0,6636,1288.75,162,3499.75,1.246089006357597,True
pubmed_deepres28_w128,4,R3_MOSAIC_ANCHOR,32,60,128,2049.0,23.83316782522344,4361.0,6868,1436.25,172,3657.25,1.1924260031444391,True
pubmed_deepres28_w128,4,R3_MOSAIC_ANCHOR,32,98,128,3837.0,19.45409429280397,4361.0,6500,1741.25,218,5796.25,0.7523830062540435,True
pubmed_deepres28_w128,4,R3_MOSAIC_ANCHOR,32,67,128,2943.0,17.736598279285243,4361.0,6900,1846.25,206,4995.25,0.8730293779090136,True
pubmed_deepres28_w128,4,R3_MOSAIC_ANCHOR,32,57,128,2049.0,22.641509433962263,4361.0,6552,1187.5,151,3387.5,1.287380073800738,True
pubmed_deepres28_w128,4,R3_MOSAIC_ANCHOR,32,98,128,3837.0,19.45409429280397,4361.0,6664,1815.0,225,5877.0,0.7420452611876808,True
pubmed_deepres28_w128,4,R3_MOSAIC_ANCHOR,32,62,128,2311.0,24.627606752730884,4361.0,6844,1356.25,167,3834.25,1.1373801916932906,True
pubmed_deepres28_w128,4,R3_MOSAIC_ANCHOR,32,71,128,2943.0,18.79549966909332,4361.0,6816,1786.25,208,4937.25,0.88328522963188,True
pubmed_deepres28_w128,4,R3_MOSAIC_ANCHOR,32,73,128,2943.0,19.324950363997356,4361.0,6168,1800.0,206,4949.0,0.8811881188118812,True
pubmed_deepres28_w128,4,R3_MOSAIC_ANCHOR,32,78,128,2943.0,20.648577101257445,4361.0,6968,1655.0,194,4792.0,0.9100584307178631,True
pubmed_deepres28_w128,4,R3_MOSAIC_ANCHOR,32,52,128,2049.0,20.655412115193645,4361.0,5692,1826.25,183,4058.25,1.0746011211729194,True
pubmed_deepres28_w128,4,R3_MOSAIC_ANCHOR,32,64,128,2311.0,25.42204568023833,4361.0,6436,1791.25,197,4299.25,1.0143629702855148,True
pubmed_deepres28_w128,4,R3_MOSAIC_ANCHOR,32,63,128,2311.0,25.02482621648461,4361.0,6772,1235.0,161,3707.0,1.1764229835446454,True
pubmed_deepres28_w128,4,R3_MOSAIC_ANCHOR,32,96,128,3205.0,25.413633355393777,4361.0,6748,1722.5,218,5145.5,0.8475366825381401,True
pubmed_deepres28_w128,4,R3_MOSAIC_ANCHOR,32,71,128,2943.0,18.79549966909332,4361.0,6772,1953.75,214,5110.75,0.8532994178936555,True
pubmed_deepres28_w128,4,R3_MOSAIC_ANCHOR,32,61,128,2049.0,24.23038728897716,4361.0,5820,1897.5,198,4144.5,1.052237905658101,True
pubmed_deepres28_w128,4,R3_MOSAIC_ANCHOR,32,58,128,2049.0,23.038728897715988,4361.0,6720,1166.25,151,3366.25,1.2955068696620868,True
pubmed_deepres28_w128,4,R3_MOSAIC_ANCHOR,32,97,128,3837.0,19.255583126550867,4361.0,7076,1577.5,207,5621.5,0.7757715912123099,True
pubmed_deepres28_w128,4,R3_MOSAIC_ANCHOR,32,88,128,3205.0,23.295830575777632,4361.0,6396,1855.0,221,5281.0,0.8257905699678091,True
pubmed_deepres28_w128,4,R3_MOSAIC_ANCHOR,32,70,128,2943.0,18.530774321641296,4361.0,6828,1763.75,202,4908.75,0.8884135472370767,True
pubmed_deepres28_w128,4,R3_MOSAIC_ANCHOR,32,71,128,2943.0,18.79549966909332,4361.0,6788,2013.75,214,5170.75,0.8433979596770295,True
pubmed_deepres28_w128,4,R3_MOSAIC_ANCHOR,32,62,128,2311.0,24.627606752730884,4361.0,6944,1588.75,185,4084.75,1.067629597894608,True
pubmed_deepres28_w128,4,R3_MOSAIC_ANCHOR,32,95,128,3205.0,25.14890800794176,4361.0,6420,1868.75,224,5297.75,0.8231796517389458,True
pubmed_deepres28_w128,4,R3_MOSAIC_ANCHOR,32,59,128,2049.0,23.435948361469716,4361.0,6760,1256.25,158,3463.25,1.2592218292066701,True
pubmed_deepres28_w128,4,R3_MOSAIC_ANCHOR,32,69,128,2943.0,18.26604897418928,4361.0,6728,1682.5,197,4822.5,0.9043027475375842,True
pubmed_deepres28_w128,4,R3_MOSAIC_ANCHOR,32,99,128,3837.0,19.65260545905707,4361.0,6636,1771.25,225,5833.25,0.7476106801525736,True
pubmed_deepres28_w128,4,R3_MOSAIC_ANCHOR,32,55,128,2049.0,21.847070506454816,4361.0,6520,1156.25,147,3352.25,1.300917294354538,True
pubmed_deepres28_w128,4,R3_MOSAIC_ANCHOR,32,64,128,2311.0,25.42204568023833,4361.0,6836,1241.25,160,3712.25,1.1747592430466698,True
pubmed_deepres28_w128,4,R3_MOSAIC_ANCHOR,32,68,128,2943.0,18.00132362673726,4361.0,6840,1397.5,172,4512.5,0.966426592797784,True
pubmed_deepres28_w128,4,R3_MOSAIC_ANCHOR,32,63,128,2311.0,25.02482621648461,4361.0,6916,1395.0,172,3878.0,1.1245487364620939,True
pubmed_deepres28_w128,4,R3_MOSAIC_ANCHOR,32,98,128,3837.0,19.45409429280397,4361.0,6704,1891.25,229,5957.25,0.732049183767678,True
pubmed_deepres28_w128,4,R3_MOSAIC_ANCHOR,32,69,128,2943.0,18.26604897418928,4361.0,7308,1571.25,183,4697.25,0.9284155622970888,True
pubmed_deepres28_w128,4,R3_MOSAIC_ANCHOR,32,68,128,2943.0,18.00132362673726,4361.0,6688,1543.75,181,4667.75,0.9342831128488029,True
pubmed_deepres28_w128,4,R3_MOSAIC_ANCHOR,32,94,128,3205.0,24.884182660489746,4361.0,6416,1778.75,217,5200.75,0.8385329039080902,True
pubmed_deepres28_w128,4,R3_MOSAIC_ANCHOR,32,63,128,2311.0,25.02482621648461,4361.0,6212,1758.75,191,4260.75,1.0235287214692248,True
pubmed_deepres28_w128,4,R3_MOSAIC_ANCHOR,32,56,128,2049.0,22.24428997020854,4361.0,6580,1290.0,159,3498.0,1.2467124070897655,True
pubmed_deepres28_w128,4,R3_MOSAIC_ANCHOR,32,58,128,2049.0,23.038728897715988,4361.0,6644,1232.5,154,3435.5,1.2693931014408384,True
pubmed_deepres28_w128,4,R3_MOSAIC_ANCHOR,32,97,128,3837.0,19.255583126550867,4361.0,6424,1956.25,234,6027.25,0.7235472230287444,True
pubmed_deepres28_w128,4,R3_MOSAIC_ANCHOR,32,63,128,2311.0,25.02482621648461,4361.0,6940,1448.75,171,3930.75,1.1094574826687018,True
pubmed_deepres28_w128,4,R3_MOSAIC_ANCHOR,32,64,128,2311.0,25.42204568023833,4361.0,6380,1808.75,200,4319.75,1.0095491637247527,True
pubmed_deepres28_w128,4,R3_MOSAIC_ANCHOR,32,98,128,3837.0,19.45409429280397,4361.0,6512,1783.75,226,5846.75,0.7458844657288237,True
pubmed_deepres28_w128,4,R3_MOSAIC_ANCHOR,32,67,128,2943.0,17.736598279285243,4361.0,6712,1470.0,178,4591.0,0.9499019821389676,True
pubmed_deepres28_w128,4,R3_MOSAIC_ANCHOR,32,59,128,2049.0,23.435948361469716,4361.0,6092,1815.0,195,4059.0,1.0744025622074402,True
pubmed_deepres28_w128,4,R3_MOSAIC_ANCHOR,32,73,128,2943.0,19.324950363997356,4361.0,6896,1831.25,204,4978.25,0.8760106463114549,True
pubmed_deepres28_w128,4,R3_MOSAIC_ANCHOR,32,62,128,2311.0,24.627606752730884,4361.0,7248,1416.25,166,3893.25,1.1201438386951776,True
pubmed_deepres28_w128,4,R3_MOSAIC_ANCHOR,32,64,128,2311.0,25.42204568023833,4361.0,6620,1808.75,197,4316.75,1.0102507673597034,True
pubmed_deepres28_w128,4,R3_MOSAIC_ANCHOR,32,89,128,3205.0,23.56055592322965,4361.0,6080,1907.5,222,5334.5,0.8175086699784422,True
pubmed_deepres28_w128,4,R3_MOSAIC_ANCHOR,32,67,128,2943.0,17.736598279285243,4361.0,7192,1882.5,195,5020.5,0.8686385818145603,True
pubmed_deepres28_w128,4,R3_MOSAIC_ANCHOR,32,67,128,2943.0,17.736598279285243,4361.0,6948,1492.5,173,4608.5,0.9462948898774004,True
pubmed_deepres28_w128,4,R3_MOSAIC_ANCHOR,32,100,128,3837.0,19.851116625310173,4361.0,6576,1780.0,225,5842.0,0.7464909277644642,True
pubmed_deepres28_w128,4,R3_MOSAIC_ANCHOR,32,75,128,2943.0,19.85440105890139,4361.0,6768,1898.75,209,5050.75,0.8634361233480177,True
pubmed_deepres28_w128,4,R3_MOSAIC_ANCHOR,32,63,128,2311.0,25.02482621648461,4361.0,7344,1668.75,182,4161.75,1.0478764942632306,True
pubmed_deepres28_w128,4,R3_MOSAIC_ANCHOR,32,69,128,2943.0,18.26604897418928,4361.0,6600,1547.5,184,4674.5,0.9329340036367526,True
pubmed_deepres28_w128,4,R3_MOSAIC_ANCHOR,32,94,128,3205.0,24.884182660489746,4361.0,6356,2067.5,238,5510.5,0.791398239724163,True
pubmed_deepres28_w128,4,R3_MOSAIC_ANCHOR,32,66,128,2943.0,17.47187293183322,4361.0,6252,1993.75,209,5145.75,0.8474955060000972,True
pubmed_deepres28_w128,4,R3_MOSAIC_ANCHOR,32,56,128,2049.0,22.24428997020854,4361.0,6204,1753.75,186,3988.75,1.0933249764963962,True
pubmed_deepres28_w128,4,R3_MOSAIC_ANCHOR,32,62,128,2311.0,24.627606752730884,4361.0,6808,1373.75,164,3848.75,1.1330951607664825,True
pubmed_deepres28_w128,4,R3_MOSAIC_ANCHOR,32,95,128,3205.0,25.14890800794176,4361.0,6288,2052.5,238,5495.5,0.7935583659357657,True
pubmed_deepres28_w128,4,R3_MOSAIC_ANCHOR,32,67,128,2943.0,17.736598279285243,4361.0,6724,1385.0,171,4499.0,0.9693265170037786,True
pubmed_deepres28_w128,4,R3_MOSAIC_ANCHOR,32,67,128,2943.0,17.736598279285243,4361.0,6212,2005.0,213,5161.0,0.8449912807595428,True
pubmed_deepres28_w128,4,R3_MOSAIC_ANCHOR,32,58,128,2049.0,23.038728897715988,4361.0,6828,1326.25,158,3533.25,1.2342743932639921,True
pubmed_deepres28_w128,4,R3_MOSAIC_ANCHOR,32,88,128,3205.0,23.295830575777632,4361.0,6480,2041.25,233,5479.25,0.795911849249441,True
pubmed_deepres28_w128,4,R3_MOSAIC_ANCHOR,32,68,128,2943.0,18.00132362673726,4361.0,7068,1500.0,179,4622.0,0.9435309389874513,True
pubmed_deepres28_w128,4,R3_MOSAIC_ANCHOR,32,65,128,2943.0,17.207147584381204,4361.0,6660,1336.25,165,4444.25,0.9812679304719581,True
pubmed_deepres28_w128,4,R3_MOSAIC_ANCHOR,32,70,128,2943.0,18.530774321641296,4361.0,7196,1468.75,178,4589.75,0.9501606841331227,True
pubmed_deepres28_w128,4,R3_MOSAIC_ANCHOR,32,100,128,3837.0,19.851116625310173,4361.0,6796,1537.5,206,5580.5,0.781471194337425,True
pubmed_deepres28_w128,4,R3_MOSAIC_ANCHOR,32,64,128,2311.0,25.42204568023833,4361.0,6756,1310.0,164,3785.0,1.1521796565389697,True
pubmed_deepres28_w128,4,R3_MOSAIC_ANCHOR,32,60,128,2049.0,23.83316782522344,4361.0,6848,1367.5,161,3577.5,1.2190076869322153,True
pubmed_deepres28_w128,4,R3_MOSAIC_ANCHOR,32,63,128,2311.0,25.02482621648461,4361.0,6756,1220.0,155,3686.0,1.1831253391209984,True
pubmed_deepres28_w128,4,R3_MOSAIC_ANCHOR,32,75,128,2943.0,19.85440105890139,4361.0,6564,1922.5,215,5080.5,0.8583800807007185,True
pubmed_deepres28_w128,4,R3_MOSAIC_ANCHOR,32,72,128,2943.0,19.06022501654533,4361.0,7116,1437.5,178,4558.5,0.9566743446309093,True
pubmed_deepres28_w128,4,R3_MOSAIC_ANCHOR,32,80,128,2943.0,21.178027796161484,4361.0,6492,1738.75,203,4884.75,0.8927785454731563,True
pubmed_deepres28_w128,4,R3_MOSAIC_ANCHOR,32,58,128,2049.0,23.038728897715988,4361.0,6672,1108.75,147,3304.75,1.319615704667524,True
pubmed_deepres28_w128,4,R3_MOSAIC_ANCHOR,32,65,128,2943.0,17.207147584381204,4361.0,6868,1365.0,167,4475.0,0.9745251396648045,True
pubmed_deepres28_w128,4,R3_MOSAIC_ANCHOR,32,75,128,2943.0,19.85440105890139,4361.0,6908,1653.75,198,4794.75,0.909536472183117,True
pubmed_deepres28_w128,4,R3_MOSAIC_ANCHOR,32,98,128,3837.0,19.45409429280397,4361.0,6456,1900.0,228,5965.0,0.7310980720871751,True
pubmed_deepres28_w128,4,R3_MOSAIC_ANCHOR,32,72,128,2943.0,19.06022501654533,4361.0,7220,1365.0,170,4478.0,0.9738722644037516,True
pubmed_deepres28_w128,4,R3_MOSAIC_ANCHOR,32,73,128,2943.0,19.324950363997356,4361.0,6840,1585.0,193,4721.0,0.9237449692861682,True
pubmed_deepres28_w128,4,R3_MOSAIC_ANCHOR,32,73,128,2943.0,19.324950363997356,4361.0,6176,1847.5,210,5000.5,0.8721127887211279,True
pubmed_deepres28_w128,4,R3_MOSAIC_ANCHOR,32,72,128,2943.0,19.06022501654533,4361.0,7196,1797.5,199,4939.5,0.8828828828828829,True
pubmed_deepres28_w128,4,R3_MOSAIC_ANCHOR,32,65,128,2943.0,17.207147584381204,4361.0,6800,1293.75,165,4401.75,0.9907423183960925,True
pubmed_deepres28_w128,4,R3_MOSAIC_ANCHOR,32,66,128,2943.0,17.47187293183322,4361.0,7184,1386.25,168,4497.25,0.9697037078214464,True
pubmed_deepres28_w128,4,R3_MOSAIC_ANCHOR,32,85,128,3205.0,22.501654533421576,4361.0,6480,1851.25,218,5274.25,0.8268474190643219,True
pubmed_deepres28_w128,4,R3_MOSAIC_ANCHOR,32,72,128,2943.0,19.06022501654533,4361.0,7060,1855.0,200,4998.0,0.8725490196078431,True
pubmed_deepres28_w128,4,R3_MOSAIC_ANCHOR,32,64,128,2311.0,25.42204568023833,4361.0,6856,1478.75,179,3968.75,1.0988346456692912,True
pubmed_deepres28_w128,4,R3_MOSAIC_ANCHOR,32,69,128,2943.0,18.26604897418928,4361.0,7152,1578.75,186,4707.75,0.9263448568849239,True
pubmed_deepres28_w128,4,R3_MOSAIC_ANCHOR,32,94,128,3205.0,24.884182660489746,4361.0,6504,1942.5,233,5380.5,0.8105194684508875,True
pubmed_deepres28_w128,4,R3_MOSAIC_ANCHOR,32,59,128,2049.0,23.435948361469716,4361.0,6804,1260.0,155,3464.0,1.2589491916859123,True
pubmed_deepres28_w128,4,R3_MOSAIC_ANCHOR,32,67,128,2943.0,17.736598279285243,4361.0,7084,1300.0,162,4405.0,0.990011350737798,True
pubmed_deepres28_w128,4,R3_MOSAIC_ANCHOR,32,101,128,3837.0,20.049627791563275,4361.0,6448,1755.0,225,5817.0,0.7496991576413959,True
pubmed_deepres28_w128,4,R3_MOSAIC_ANCHOR,32,78,128,2943.0,20.648577101257445,4361.0,6680,1753.75,208,4904.75,0.8891380804322341,True
pubmed_deepres28_w128,4,R3_MOSAIC_ANCHOR,32,68,128,2943.0,18.00132362673726,4361.0,7396,1506.25,176,4625.25,0.9428679530836171,True
pubmed_deepres28_w128,4,R3_MOSAIC_ANCHOR,32,73,128,2943.0,19.324950363997356,4361.0,7040,1778.75,199,4920.75,0.8862470151907738,True
pubmed_deepres28_w128,4,R3_MOSAIC_ANCHOR,32,95,128,3205.0,25.14890800794176,4361.0,6612,1851.25,226,5282.25,0.8255951535803872,True
pubmed_deepres28_w128,4,R3_MOSAIC_ANCHOR,32,77,128,2943.0,20.383851753805427,4361.0,6240,1776.25,203,4922.25,0.8859769414393824,True
pubmed_deepres28_w128,4,R3_MOSAIC_ANCHOR,32,64,128,2311.0,25.42204568023833,4361.0,7216,1391.25,168,3870.25,1.1268005942768555,True
pubmed_deepres28_w128,4,R3_MOSAIC_ANCHOR,32,72,128,2943.0,19.06022501654533,4361.0,6924,1821.25,203,4967.25,0.8779505762745986,True
pubmed_deepres28_w128,4,R3_MOSAIC_ANCHOR,32,78,128,2943.0,20.648577101257445,4361.0,6404,1790.0,210,4943.0,0.8822577382156586,True
pubmed_deepres28_w128,4,R3_MOSAIC_ANCHOR,32,69,128,2943.0,18.26604897418928,4361.0,6800,1400.0,172,4515.0,0.9658914728682171,True
pubmed_deepres28_w128,4,R3_MOSAIC_ANCHOR,32,65,128,2943.0,17.207147584381204,4361.0,7344,1465.0,173,4581.0,0.9519755511896966,True
pubmed_deepres28_w128,4,R3_MOSAIC_ANCHOR,32,67,128,2943.0,17.736598279285243,4361.0,6620,1788.75,201,4932.75,0.8840910242765192,True
pubmed_deepres28_w128,4,R3_MOSAIC_ANCHOR,32,71,128,2943.0,18.79549966909332,4361.0,7188,1477.5,178,4598.5,0.9483527237142546,True
pubmed_deepres28_w128,4,R3_MOSAIC_ANCHOR,32,61,128,2049.0,24.23038728897716,4361.0,6624,1360.0,164,3573.0,1.2205429610971172,True
pubmed_deepres28_w128,4,R3_MOSAIC_ANCHOR,32,98,128,3837.0,19.45409429280397,4361.0,6268,1813.75,223,5873.75,0.7424558416684401,True
pubmed_deepres28_w128,4,R3_MOSAIC_ANCHOR,32,74,128,2943.0,19.58967571144937,4361.0,7004,1916.25,208,5067.25,0.8606245991415462,True
pubmed_deepres28_w128,4,R3_MOSAIC_ANCHOR,32,60,128,2049.0,23.83316782522344,4361.0,6480,1671.25,191,3911.25,1.1149888143176734,True
pubmed_deepres28_w128,4,R3_MOSAIC_ANCHOR,32,63,128,2311.0,25.02482621648461,4361.0,7200,1411.25,167,3889.25,1.1212958796683166,True
pubmed_deepres28_w128,4,R3_MOSAIC_ANCHOR,32,70,128,2943.0,18.530774321641296,4361.0,5916,1858.75,205,5006.75,0.871024117441454,True
pubmed_deepres28_w128,4,R3_MOSAIC_ANCHOR,32,74,128,2943.0,19.58967571144937,4361.0,6956,1701.25,196,4840.25,0.9009865192913589,True
pubmed_deepres28_w128,4,R3_MOSAIC_ANCHOR,32,66,128,2943.0,17.47187293183322,4361.0,7432,1570.0,180,4693.0,0.9292563392286384,True
pubmed_deepres28_w128,4,R3_MOSAIC_ANCHOR,32,66,128,2943.0,17.47187293183322,4361.0,6748,1480.0,176,4599.0,0.9482496194824962,True
pubmed_deepres28_w128,4,R3_MOSAIC_ANCHOR,32,83,128,3205.0,21.972203838517537,4361.0,6252,1740.0,210,5155.0,0.8459747817652764,True
pubmed_deepres28_w128,4,R3_MOSAIC_ANCHOR,32,62,128,2311.0,24.627606752730884,4361.0,6620,1420.0,170,3901.0,1.1179184824403998,True
pubmed_deepres28_w128,4,R3_MOSAIC_ANCHOR,32,100,128,3837.0,19.851116625310173,4361.0,6568,1716.25,223,5776.25,0.7549880978143259,True
pubmed_deepres28_w128,4,R3_MOSAIC_ANCHOR,32,72,128,2943.0,19.06022501654533,4361.0,7116,1616.25,186,4745.25,0.91902428744534,True
pubmed_deepres28_w128,4,R3_MOSAIC_ANCHOR,32,57,128,2049.0,22.641509433962263,4361.0,6768,1350.0,159,3558.0,1.2256885890949971,True
pubmed_deepres28_w128,4,R3_MOSAIC_ANCHOR,32,81,128,2943.0,21.4427531436135,4361.0,6708,1943.75,220,5106.75,0.8539677877319234,True
pubmed_deepres28_w128,4,R3_MOSAIC_ANCHOR,32,89,128,3205.0,23.56055592322965,4361.0,6464,2012.5,231,5448.5,0.8004037808571166,True
pubmed_deepres28_w128,4,R3_MOSAIC_ANCHOR,32,61,128,2049.0,24.23038728897716,4361.0,6256,1612.5,181,3842.5,1.1349381912817176,True
pubmed_deepres28_w128,4,R3_MOSAIC_ANCHOR,32,65,128,2943.0,17.207147584381204,4361.0,7056,1357.5,165,4465.5,0.9765983652446535,True
pubmed_deepres28_w128,4,R3_MOSAIC_ANCHOR,32,60,128,2049.0,23.83316782522344,4361.0,6712,1288.75,159,3496.75,1.2471580753556875,True
pubmed_deepres28_w128,4,R3_MOSAIC_ANCHOR,32,98,128,3837.0,19.45409429280397,4361.0,6692,1488.75,203,5528.75,0.7887858919285553,True
pubmed_deepres28_w128,4,R3_MOSAIC_ANCHOR,32,72,128,2943.0,19.06022501654533,4361.0,7180,1636.25,188,4767.25,0.9147831559074938,True
pubmed_deepres28_w128,4,R3_MOSAIC_ANCHOR,32,83,128,3205.0,21.972203838517537,4361.0,6368,1716.25,205,5126.25,0.8507193367471348,True
pubmed_deepres28_w128,4,R3_MOSAIC_ANCHOR,32,59,128,2049.0,23.435948361469716,4361.0,6784,1205.0,151,3405.0,1.280763582966226,True
pubmed_deepres28_w128,4,R3_MOSAIC_ANCHOR,32,100,128,3837.0,19.851116625310173,4361.0,6852,1687.5,220,5744.5,0.7591609365480024,True
pubmed_deepres28_w128,4,R3_MOSAIC_ANCHOR,32,71,128,2943.0,18.79549966909332,4361.0,7316,1325.0,168,4436.0,0.9830928764652841,True
pubmed_deepres28_w128,4,R3_MOSAIC_ANCHOR,32,91,128,3205.0,24.090006618133685,4361.0,6284,1827.5,220,5252.5,0.830271299381247,True
pubmed_deepres28_w128,4,R3_MOSAIC_ANCHOR,32,75,128,2943.0,19.85440105890139,4361.0,6676,1817.5,204,4964.5,0.8784369020042301,True
pubmed_deepres28_w128,4,R3_MOSAIC_ANCHOR,32,79,128,2943.0,20.913302448709462,4361.0,6772,1531.25,193,4667.25,0.9343832020997376,True
pubmed_deepres28_w128,4,R3_MOSAIC_ANCHOR,32,68,128,2943.0,18.00132362673726,4361.0,6152,1760.0,197,4900.0,0.89,True
pubmed_deepres28_w128,4,R3_MOSAIC_ANCHOR,32,66,128,2943.0,17.47187293183322,4361.0,7148,1291.25,163,4397.25,0.9917562112684064,True
pubmed_deepres28_w128,4,R3_MOSAIC_ANCHOR,32,64,128,2311.0,25.42204568023833,4361.0,6980,1290.0,160,3761.0,1.1595320393512363,True
pubmed_deepres28_w128,4,R3_MOSAIC_ANCHOR,32,66,128,2943.0,17.47187293183322,4361.0,6776,1385.0,173,4501.0,0.968895800933126,True
pubmed_deepres28_w128,4,R3_MOSAIC_ANCHOR,32,94,128,3205.0,24.884182660489746,4361.0,6572,1855.0,223,5283.0,0.8254779481355291,True
pubmed_deepres28_w128,4,R3_MOSAIC_ANCHOR,32,87,128,3205.0,23.03110522832561,4361.0,6560,1905.0,226,5336.0,0.8172788605697151,True
pubmed_deepres28_w128,4,R3_MOSAIC_ANCHOR,32,68,128,2943.0,18.00132362673726,4361.0,7204,1687.5,188,4818.5,0.9050534398671786,True
pubmed_deepres28_w128,4,R3_MOSAIC_ANCHOR,32,95,128,3205.0,25.14890800794176,4361.0,6672,1692.5,214,5111.5,0.85317421500538,True
pubmed_deepres28_w128,4,R3_MOSAIC_ANCHOR,32,66,128,2943.0,17.47187293183322,4361.0,6132,1795.0,198,4936.0,0.8835089141004863,True
pubmed_deepres28_w128,4,R3_MOSAIC_ANCHOR,32,67,128,2943.0,17.736598279285243,4361.0,6840,1746.25,196,4885.25,0.8926871705644542,True
pubmed_deepres28_w128,4,R3_MOSAIC_ANCHOR,32,70,128,2943.0,18.530774321641296,4361.0,6880,1850.0,202,4995.0,0.873073073073073,True
pubmed_deepres28_w128,4,R3_MOSAIC_ANCHOR,32,72,128,2943.0,19.06022501654533,4361.0,6432,1856.25,207,5006.25,0.8711111111111111,True
pubmed_deepres28_w128,4,R3_MOSAIC_ANCHOR,32,69,128,2943.0,18.26604897418928,4361.0,7332,1372.5,170,4485.5,0.9722438970014491,True
pubmed_deepres28_w128,4,R3_MOSAIC_ANCHOR,32,75,128,2943.0,19.85440105890139,4361.0,6064,1786.25,204,4933.25,0.8840014189428875,True
pubmed_deepres28_w128,4,R3_MOSAIC_ANCHOR,32,66,128,2943.0,17.47187293183322,4361.0,6844,2026.25,211,5180.25,0.8418512620047295,True
pubmed_deepres28_w128,4,R3_MOSAIC_ANCHOR,32,61,128,2049.0,24.23038728897716,4361.0,6472,1758.75,193,4000.75,1.090045616446916,True
pubmed_deepres28_w128,4,R3_MOSAIC_ANCHOR,32,84,128,3205.0,22.23692918596956,4361.0,5936,1868.75,218,5291.75,0.8241130060943922,True
pubmed_deepres28_w128,4,R3_MOSAIC_ANCHOR,32,74,128,2943.0,19.58967571144937,4361.0,7272,1552.5,185,4680.5,0.9317380621728448,True
pubmed_deepres28_w128,4,R3_MOSAIC_ANCHOR,32,70,128,2943.0,18.530774321641296,4361.0,6772,1950.0,214,5107.0,0.8539259839436069,True
pubmed_deepres28_w128,4,R3_MOSAIC_ANCHOR,32,84,128,3205.0,22.23692918596956,4361.0,6820,1732.5,208,5145.5,0.8475366825381401,True
pubmed_deepres28_w128,4,R3_MOSAIC_ANCHOR,32,64,128,2311.0,25.42204568023833,4361.0,6008,1823.75,197,4331.75,1.0067524672476482,True
pubmed_deepres28_w128,4,R3_MOSAIC_ANCHOR,32,64,128,2311.0,25.42204568023833,4361.0,6156,1988.75,210,4509.75,0.9670159099728366,True
pubmed_deepres28_w128,4,R3_MOSAIC_ANCHOR,32,61,128,2049.0,24.23038728897716,4361.0,5932,1833.75,194,4076.75,1.0697246581222788,True
pubmed_deepres28_w128,4,R3_MOSAIC_ANCHOR,32,76,128,2943.0,20.11912640635341,4361.0,7200,1631.25,195,4769.25,0.9143995387115375,True
pubmed_deepres28_w128,4,R3_MOSAIC_ANCHOR,32,68,128,2943.0,18.00132362673726,4361.0,6764,1643.75,192,4778.75,0.912581742087366,True
pubmed_deepres28_w128,4,R3_MOSAIC_ANCHOR,32,78,128,2943.0,20.648577101257445,4361.0,6464,1983.75,223,5149.75,0.846837225108015,True
pubmed_deepres28_w128,4,R3_MOSAIC_ANCHOR,32,62,128,2311.0,24.627606752730884,4361.0,6740,1316.25,162,3789.25,1.1508873787688856,True
pubmed_deepres28_w128,4,R3_MOSAIC_ANCHOR,32,73,128,2943.0,19.324950363997356,4361.0,6456,1920.0,212,5075.0,0.8593103448275862,True
pubmed_deepres28_w128,4,R3_MOSAIC_ANCHOR,32,66,128,2943.0,17.47187293183322,4361.0,6308,1832.5,202,4977.5,0.8761426418884982,True
pubmed_deepres28_w128,4,R3_MOSAIC_ANCHOR,32,85,128,3205.0,22.501654533421576,4361.0,7120,1593.75,201,4999.75,0.8722436121806091,True
pubmed_deepres28_w128,4,R3_MOSAIC_ANCHOR,32,63,128,2311.0,25.02482621648461,4361.0,6648,1658.75,189,4158.75,1.0486324015629696,True
pubmed_deepres28_w128,4,R3_MOSAIC_ANCHOR,32,92,128,3205.0,24.354731965585703,4361.0,6532,1813.75,222,5240.75,0.8321328054190718,True
pubmed_deepres28_w128,4,R3_MOSAIC_ANCHOR,32,61,128,2049.0,24.23038728897716,4361.0,5988,1942.5,201,4192.5,1.040190816935003,True
pubmed_deepres28_w128,4,R3_MOSAIC_ANCHOR,32,76,128,2943.0,20.11912640635341,4361.0,7040,1756.25,203,4902.25,0.8895915141006681,True
pubmed_deepres28_w128,4,R3_MOSAIC_ANCHOR,32,65,128,2943.0,17.207147584381204,4361.0,6984,1552.5,184,4679.5,0.9319371727748691,True
pubmed_deepres28_w128,4,R3_MOSAIC_ANCHOR,32,62,128,2311.0,24.627606752730884,4361.0,6344,1822.5,198,4331.5,1.0068105737042594,True
pubmed_deepres28_w128,4,R3_MOSAIC_ANCHOR,32,76,128,2943.0,20.11912640635341,4361.0,7168,1680.0,194,4817.0,0.9053352709155076,True
pubmed_deepres28_w128,4,R3_MOSAIC_ANCHOR,32,73,128,2943.0,19.324950363997356,4361.0,6088,1880.0,208,5031.0,0.8668256807791691,True
pubmed_deepres28_w128,4,R3_MOSAIC_ANCHOR,32,60,128,2049.0,23.83316782522344,4361.0,6996,1343.75,162,3554.75,1.2268091989591392,True
pubmed_deepres28_w128,4,R3_MOSAIC_ANCHOR,32,101,128,3837.0,20.049627791563275,4361.0,6572,1655.0,214,5706.0,0.7642832106554504,True
pubmed_deepres28_w128,4,R3_MOSAIC_ANCHOR,32,79,128,2943.0,20.913302448709462,4361.0,6392,1946.25,221,5110.25,0.8533829069027934,True
pubmed_deepres28_w128,4,R3_MOSAIC_ANCHOR,32,77,128,2943.0,20.383851753805427,4361.0,7036,1486.25,189,4618.25,0.9442970822281167,True
pubmed_deepres28_w128,4,R3_MOSAIC_ANCHOR,32,69,128,2943.0,18.26604897418928,4361.0,7180,1860.0,197,5000.0,0.8722,True
pubmed_deepres28_w128,4,R3_MOSAIC_ANCHOR,32,67,128,2943.0,17.736598279285243,4361.0,6632,1720.0,194,4857.0,0.8978793493926291,True
pubmed_deepres28_w128,4,R3_MOSAIC_ANCHOR,32,94,128,3205.0,24.884182660489746,4361.0,6312,1885.0,225,5315.0,0.8205079962370649,True
pubmed_deepres28_w128,4,R3_MOSAIC_ANCHOR,32,63,128,2311.0,25.02482621648461,4361.0,7312,1291.25,159,3761.25,1.1594549684280493,True
pubmed_deepres28_w128,4,R3_MOSAIC_ANCHOR,32,62,128,2311.0,24.627606752730884,4361.0,6908,1650.0,187,4148.0,1.0513500482160076,True
pubmed_deepres28_w128,4,R3_MOSAIC_ANCHOR,32,62,128,2311.0,24.627606752730884,4361.0,6556,1681.25,192,4184.25,1.0422417398578,True
pubmed_deepres28_w128,4,R3_MOSAIC_ANCHOR,32,86,128,3205.0,22.766379880873597,4361.0,6156,1882.5,219,5306.5,0.8218222934137379,True
pubmed_deepres28_w128,4,R3_MOSAIC_ANCHOR,32,77,128,2943.0,20.383851753805427,4361.0,7164,1682.5,200,4825.5,0.9037405450212413,True
pubmed_deepres28_w128,4,R3_MOSAIC_ANCHOR,32,60,128,2049.0,23.83316782522344,4361.0,6100,1800.0,194,4043.0,1.0786544645065546,True
pubmed_deepres28_w128,4,R3_MOSAIC_ANCHOR,32,68,128,2943.0,18.00132362673726,4361.0,6756,1946.25,211,5100.25,0.8550561246997697,True
pubmed_deepres28_w128,4,R3_MOSAIC_ANCHOR,32,70,128,2943.0,18.530774321641296,4361.0,6004,1817.5,204,4964.5,0.8784369020042301,True
pubmed_deepres28_w128,4,R3_MOSAIC_ANCHOR,32,75,128,2943.0,19.85440105890139,4361.0,7008,1645.0,195,4783.0,0.9117708551118545,True
pubmed_deepres28_w128,4,R3_MOSAIC_ANCHOR,32,63,128,2311.0,25.02482621648461,4361.0,6484,1755.0,197,4263.0,1.0229885057471264,True
pubmed_deepres28_w128,4,R3_MOSAIC_ANCHOR,32,90,128,3205.0,23.825281270681668,4361.0,6840,1757.5,219,5181.5,0.8416481713789443,True
pubmed_deepres28_w128,4,R3_MOSAIC_ANCHOR,32,67,128,2943.0,17.736598279285243,4361.0,6168,1837.5,203,4983.5,0.8750877897060299,True
pubmed_deepres28_w128,4,R3_MOSAIC_ANCHOR,32,76,128,2943.0,20.11912640635341,4361.0,7108,1590.0,191,4724.0,0.9231583403895004,True
pubmed_deepres28_w128,4,R3_MOSAIC_ANCHOR,32,76,128,2943.0,20.11912640635341,4361.0,6328,1835.0,210,4988.0,0.8742983159582999,True
pubmed_deepres28_w128,4,R3_MOSAIC_ANCHOR,32,58,128,2049.0,23.038728897715988,4361.0,6760,1180.0,152,3381.0,1.289855072463768,True
pubmed_deepres28_w128,4,R3_MOSAIC_ANCHOR,32,72,128,2943.0,19.06022501654533,4361.0,6728,1825.0,207,4975.0,0.8765829145728643,True
pubmed_deepres28_w128,4,R3_MOSAIC_ANCHOR,32,74,128,2943.0,19.58967571144937,4361.0,7120,1592.5,189,4724.5,0.9230606413377077,True
pubmed_deepres28_w128,4,R3_MOSAIC_ANCHOR,32,70,128,2943.0,18.530774321641296,4361.0,6048,1852.5,206,5001.5,0.8719384184744576,True
pubmed_deepres28_w128,4,R3_MOSAIC_ANCHOR,32,63,128,2311.0,25.02482621648461,4361.0,6896,1417.5,173,3901.5,1.1177752146610278,True
pubmed_deepres28_w128,4,R3_MOSAIC_ANCHOR,32,97,128,3837.0,19.255583126550867,4361.0,6968,1650.0,213,5700.0,0.7650877192982456,True
pubmed_deepres28_w128,4,R3_MOSAIC_ANCHOR,32,69,128,2943.0,18.26604897418928,4361.0,6884,1855.0,209,5007.0,0.8709806271220292,True
pubmed_deepres28_w128,4,R3_MOSAIC_ANCHOR,32,61,128,2049.0,24.23038728897716,4361.0,6712,1232.5,159,3440.5,1.2675483214649033,True
pubmed_deepres28_w128,4,R3_MOSAIC_ANCHOR,32,67,128,2943.0,17.736598279285243,4361.0,6936,1821.25,202,4966.25,0.8781273596778253,True
pubmed_deepres28_w128,4,R3_MOSAIC_ANCHOR,32,102,128,3837.0,20.248138957816376,4361.0,6568,1577.5,211,5625.5,0.7752199804461826,True
pubmed_deepres28_w128,4,R3_MOSAIC_ANCHOR,32,62,128,2311.0,24.627606752730884,4361.0,6916,1361.25,169,3841.25,1.1353075170842826,True
pubmed_deepres28_w128,4,R3_MOSAIC_ANCHOR,32,55,128,2049.0,21.847070506454816,4361.0,6580,1175.0,150,3374.0,1.2925311203319503,True
pubmed_deepres28_w128,4,R3_MOSAIC_ANCHOR,32,101,128,3837.0,20.049627791563275,4361.0,6704,1602.5,215,5654.5,0.7712441418339375,True
pubmed_deepres28_w128,4,R3_MOSAIC_ANCHOR,32,59,128,2049.0,23.435948361469716,4361.0,6816,1281.25,158,3488.25,1.2501970902314914,True
pubmed_deepres28_w128,4,R3_MOSAIC_ANCHOR,32,64,128,2311.0,25.42204568023833,4361.0,6816,1721.25,196,4228.25,1.0313959675988884,True
pubmed_deepres28_w128,4,R3_MOSAIC_ANCHOR,32,69,128,2943.0,18.26604897418928,4361.0,6808,1922.5,211,5076.5,0.8590564365212252,True
pubmed_deepres28_w128,4,R3_MOSAIC_ANCHOR,32,80,128,2943.0,21.178027796161484,4361.0,6224,1871.25,212,5026.25,0.8676448644615767,True
pubmed_deepres28_w128,4,R3_MOSAIC_ANCHOR,32,98,128,3837.0,19.45409429280397,4361.0,6932,1563.75,212,5612.75,0.7769809808026369,True
pubmed_deepres28_w128,4,R3_MOSAIC_ANCHOR,32,59,128,2049.0,23.435948361469716,4361.0,6792,1211.25,155,3415.25,1.2769196984115365,True
pubmed_deepres28_w128,4,R3_MOSAIC_ANCHOR,32,84,128,3205.0,22.23692918596956,4361.0,6544,1727.5,209,5141.5,0.8481960517358748,True
pubmed_deepres28_w128,4,R3_MOSAIC_ANCHOR,32,58,128,2049.0,23.038728897715988,4361.0,6640,1171.25,151,3371.25,1.2935854653318501,True
pubmed_deepres28_w128,4,R3_MOSAIC_ANCHOR,32,63,128,2311.0,25.02482621648461,4361.0,6928,1550.0,183,4044.0,1.0783877349159248,True
pubmed_deepres28_w128,4,R3_MOSAIC_ANCHOR,32,78,128,2943.0,20.648577101257445,4361.0,6688,1806.25,212,4961.25,0.8790123456790123,True
pubmed_deepres28_w128,4,R3_MOSAIC_ANCHOR,32,56,128,2049.0,22.24428997020854,4361.0,6512,1161.25,148,3358.25,1.2985930171964566,True
pubmed_deepres28_w128,4,R3_MOSAIC_ANCHOR,32,98,128,3837.0,19.45409429280397,4361.0,6664,1502.5,205,5544.5,0.7865452249977455,True
pubmed_deepres28_w128,4,R3_MOSAIC_ANCHOR,32,58,128,2049.0,23.038728897715988,4361.0,6808,1316.25,163,3528.25,1.2360235244101183,True
pubmed_deepres28_w128,4,R3_MOSAIC_ANCHOR,32,71,128,2943.0,18.79549966909332,4361.0,6872,1762.5,202,4907.5,0.8886398369842079,True
pubmed_deepres28_w128,4,R3_MOSAIC_ANCHOR,32,65,128,2943.0,17.207147584381204,4361.0,7052,1361.25,164,4468.25,0.9759973143848263,True
pubmed_deepres28_w128,4,R3_MOSAIC_ANCHOR,32,101,128,3837.0,20.049627791563275,4361.0,6772,1490.0,210,5537.0,0.7876106194690266,True
pubmed_deepres28_w128,4,R3_MOSAIC_ANCHOR,32,77,128,2943.0,20.383851753805427,4361.0,6956,1713.75,201,4857.75,0.8977407235860223,True
pubmed_deepres28_w128,4,R3_MOSAIC_ANCHOR,32,67,128,2943.0,17.736598279285243,4361.0,6780,1350.0,169,4462.0,0.977364410578216,True
pubmed_deepres28_w128,4,R3_MOSAIC_ANCHOR,32,98,128,3837.0,19.45409429280397,4361.0,6556,1760.0,220,5817.0,0.7496991576413959,True
pubmed_deepres28_w128,4,R3_MOSAIC_ANCHOR,32,66,128,2943.0,17.47187293183322,4361.0,7312,1667.5,188,4798.5,0.9088256746900073,True
pubmed_deepres28_w128,4,R3_MOSAIC_ANCHOR,32,69,128,2943.0,18.26604897418928,4361.0,6700,1425.0,176,4544.0,0.9597271126760564,True
pubmed_deepres28_w128,4,R3_MOSAIC_ANCHOR,32,62,128,2311.0,24.627606752730884,4361.0,6888,1261.25,156,3728.25,1.1697176959699591,True
pubmed_deepres28_w128,4,R3_MOSAIC_ANCHOR,32,66,128,2943.0,17.47187293183322,4361.0,6884,1282.5,162,4387.5,0.993960113960114,True
pubmed_deepres28_w128,4,R3_MOSAIC_ANCHOR,32,84,128,3205.0,22.23692918596956,4361.0,6596,1528.75,193,4926.75,0.8851677069061755,True
pubmed_deepres28_w128,4,R3_MOSAIC_ANCHOR,32,70,128,2943.0,18.530774321641296,4361.0,7292,1468.75,178,4589.75,0.9501606841331227,True
pubmed_deepres28_w128,4,R3_MOSAIC_ANCHOR,32,60,128,2049.0,23.83316782522344,4361.0,6920,1268.75,154,3471.75,1.2561388348815439,True
pubmed_deepres28_w128,4,R3_MOSAIC_ANCHOR,32,75,128,2943.0,19.85440105890139,4361.0,5936,1920.0,212,5075.0,0.8593103448275862,True
pubmed_deepres28_w128,4,R3_MOSAIC_ANCHOR,32,62,128,2311.0,24.627606752730884,4361.0,6788,1402.5,166,3879.5,1.1241139322077587,True
pubmed_deepres28_w128,4,R3_MOSAIC_ANCHOR,32,77,128,2943.0,20.383851753805427,4361.0,6588,1851.25,212,5006.25,0.8711111111111111,True
pubmed_deepres28_w128,4,R3_MOSAIC_ANCHOR,32,69,128,2943.0,18.26604897418928,4361.0,7224,1542.5,183,4668.5,0.93413301917104,True
pubmed_deepres28_w128,4,R3_MOSAIC_ANCHOR,32,68,128,2943.0,18.00132362673726,4361.0,6716,1786.25,202,4931.25,0.8843599493029151,True
pubmed_deepres28_w128,4,R3_MOSAIC_ANCHOR,32,66,128,2943.0,17.47187293183322,4361.0,5944,1853.75,201,4997.75,0.872592666700015,True
pubmed_deepres28_w128,4,R3_MOSAIC_ANCHOR,32,85,128,3205.0,22.501654533421576,4361.0,6756,1800.0,216,5221.0,0.8352805975866692,True
pubmed_deepres28_w128,4,R3_MOSAIC_ANCHOR,32,72,128,2943.0,19.06022501654533,4361.0,7200,1503.75,182,4628.75,0.9421550094517959,True
pubmed_deepres28_w128,4,R3_MOSAIC_ANCHOR,32,70,128,2943.0,18.530774321641296,4361.0,7204,1863.75,198,5004.75,0.8713721964134072,True
pubmed_deepres28_w128,4,R3_MOSAIC_ANCHOR,32,62,128,2311.0,24.627606752730884,4361.0,6664,1750.0,194,4255.0,1.0249118683901293,True
pubmed_deepres28_w128,4,R3_MOSAIC_ANCHOR,32,63,128,2311.0,25.02482621648461,4361.0,7100,1423.75,169,3903.75,1.1171309638168427,True
pubmed_deepres28_w128,4,R3_MOSAIC_ANCHOR,32,90,128,3205.0,23.825281270681668,4361.0,6320,1798.75,219,5222.75,0.8350007180125413,True
pubmed_deepres28_w128,4,R3_MOSAIC_ANCHOR,32,99,128,3837.0,19.65260545905707,4361.0,6728,1468.75,203,5508.75,0.7916496482868164,True
pubmed_deepres28_w128,4,R3_MOSAIC_ANCHOR,32,62,128,2311.0,24.627606752730884,4361.0,7072,1356.25,162,3829.25,1.1388653130508586,True
pubmed_deepres28_w128,4,R3_MOSAIC_ANCHOR,32,62,128,2311.0,24.627606752730884,4361.0,5780,1861.25,196,4368.25,0.9983402964573914,True
pubmed_deepres28_w128,4,R3_MOSAIC_ANCHOR,32,74,128,2943.0,19.58967571144937,4361.0,6808,1808.75,203,4954.75,0.8801654977546799,True
pubmed_deepres28_w128,4,R3_MOSAIC_ANCHOR,32,69,128,2943.0,18.26604897418928,4361.0,6760,1467.5,181,4591.5,0.9497985407818795,True
pubmed_deepres28_w128,4,R3_MOSAIC_ANCHOR,32,62,128,2311.0,24.627606752730884,4361.0,7324,1370.0,161,3842.0,1.1350858927641854,True
pubmed_deepres28_w128,4,R3_MOSAIC_ANCHOR,32,68,128,2943.0,18.00132362673726,4361.0,6196,1831.25,201,4975.25,0.8765388673935983,True
pubmed_deepres28_w128,4,R3_MOSAIC_ANCHOR,32,85,128,3205.0,22.501654533421576,4361.0,7040,1863.75,216,5284.75,0.8252045981361464,True
pubmed_deepres28_w128,4,R3_MOSAIC_ANCHOR,32,66,128,2943.0,17.47187293183322,4361.0,7328,1736.25,190,4869.25,0.8956204754325615,True
pubmed_deepres28_w128,4,R3_MOSAIC_ANCHOR,32,98,128,3837.0,19.45409429280397,4361.0,6928,1761.25,219,5817.25,0.7496669388456745,True
pubmed_deepres28_w128,4,R3_MOSAIC_ANCHOR,32,61,128,2049.0,24.23038728897716,4361.0,7196,1366.25,161,3576.25,1.2194337644180357,True
pubmed_deepres28_w128,4,R3_MOSAIC_ANCHOR,32,70,128,2943.0,18.530774321641296,4361.0,6680,1771.25,201,4915.25,0.8872386958954275,True
pubmed_deepres28_w128,4,R3_MOSAIC_ANCHOR,32,65,128,2943.0,17.207147584381204,4361.0,7000,1373.75,167,4483.75,0.9726233621410649,True
pubmed_deepres28_w128,4,R3_MOSAIC_ANCHOR,32,102,128,3837.0,20.248138957816376,4361.0,6884,1572.5,210,5619.5,0.7760476910757185,True
pubmed_deepres28_w128,4,R3_MOSAIC_ANCHOR,32,69,128,2943.0,18.26604897418928,4361.0,6640,1856.25,204,5003.25,0.8716334382651276,True
pubmed_deepres28_w128,4,R3_MOSAIC_ANCHOR,32,66,128,2943.0,17.47187293183322,4361.0,7356,1735.0,188,4866.0,0.8962186600904234,True
pubmed_deepres28_w128,4,R3_MOSAIC_ANCHOR,32,74,128,2943.0,19.58967571144937,4361.0,6760,1768.75,204,4915.75,0.8871484514061944,True
pubmed_deepres28_w128,4,R3_MOSAIC_ANCHOR,32,63,128,2311.0,25.02482621648461,4361.0,7200,1362.5,163,3836.5,1.1367131500065164,True
pubmed_deepres28_w128,4,R3_MOSAIC_ANCHOR,32,87,128,3205.0,23.03110522832561,4361.0,6524,1782.5,213,5200.5,0.8385732141140275,True
pubmed_deepres28_w128,4,R3_MOSAIC_ANCHOR,32,69,128,2943.0,18.26604897418928,4361.0,7164,1843.75,201,4987.75,0.8743421382386848,True
pubmed_deepres28_w128,4,R3_MOSAIC_ANCHOR,32,66,128,2943.0,17.47187293183322,4361.0,7112,1401.25,167,4511.25,0.9666943751731781,True
pubmed_deepres28_w128,4,R3_MOSAIC_ANCHOR,32,100,128,3837.0,19.851116625310173,4361.0,6588,1826.25,229,5892.25,0.7401247401247402,True
pubmed_deepres28_w128,4,R3_MOSAIC_ANCHOR,32,76,128,2943.0,20.11912640635341,4361.0,6564,1792.5,205,4940.5,0.8827041797388928,True
pubmed_deepres28_w128,4,R3_MOSAIC_ANCHOR,32,65,128,2943.0,17.207147584381204,4361.0,7300,1773.75,189,4905.75,0.8889568363654895,True
pubmed_deepres28_w128,4,R3_MOSAIC_ANCHOR,32,69,128,2943.0,18.26604897418928,4361.0,7400,1576.25,183,4702.25,0.9274283587644213,True
pubmed_deepres28_w128,4,R3_MOSAIC_ANCHOR,32,97,128,3837.0,19.255583126550867,4361.0,6512,1826.25,224,5887.25,0.7407533228587201,True
pubmed_deepres28_w128,4,R3_MOSAIC_ANCHOR,32,68,128,2943.0,18.00132362673726,4361.0,6584,1762.5,199,4904.5,0.8891834029972474,True
pubmed_deepres28_w128,4,R3_MOSAIC_ANCHOR,32,63,128,2311.0,25.02482621648461,4361.0,7144,1278.75,161,3750.75,1.1627007931746984,True
pubmed_deepres28_w128,4,R3_MOSAIC_ANCHOR,32,68,128,2943.0,18.00132362673726,4361.0,7008,1552.5,176,4671.5,0.933533126404795,True
pubmed_deepres28_w128,4,R3_MOSAIC_ANCHOR,32,97,128,3837.0,19.255583126550867,4361.0,6608,1791.25,222,5850.25,0.7454382291355071,True
pubmed_deepres28_w128,4,R3_MOSAIC_ANCHOR,32,68,128,2943.0,18.00132362673726,4361.0,7256,1606.25,185,4734.25,0.9211596345778106,True
pubmed_deepres28_w128,4,R3_MOSAIC_ANCHOR,32,59,128,2049.0,23.435948361469716,4361.0,6788,1258.75,154,3461.75,1.2597674586553045,True
pubmed_deepres28_w128,4,R3_MOSAIC_ANCHOR,32,68,128,2943.0,18.00132362673726,4361.0,7324,1426.25,170,4539.25,0.9607313983587598,True
pubmed_deepres28_w128,4,R3_MOSAIC_ANCHOR,32,85,128,3205.0,22.501654533421576,4361.0,6480,1632.5,201,5038.5,0.8655353775925375,True
pubmed_deepres28_w128,4,R3_MOSAIC_ANCHOR,32,72,128,2943.0,19.06022501654533,4361.0,6956,1785.0,200,4928.0,0.8849431818181818,True
pubmed_deepres28_w128,4,R3_MOSAIC_ANCHOR,32,62,128,2311.0,24.627606752730884,4361.0,6924,1293.75,157,3761.75,1.1593008573137502,True
pubmed_deepres28_w128,4,R3_MOSAIC_ANCHOR,32,64,128,2311.0,25.42204568023833,4361.0,6992,1345.0,162,3818.0,1.142221058145626,True
pubmed_deepres28_w128,4,R3_MOSAIC_ANCHOR,32,68,128,2943.0,18.00132362673726,4361.0,7320,1563.75,181,4687.75,0.9302970508239561,True
pubmed_deepres28_w128,4,R3_MOSAIC_ANCHOR,32,101,128,3837.0,20.049627791563275,4361.0,6788,1698.75,219,5754.75,0.7578087666710109,True
pubmed_deepres28_w128,4,R3_MOSAIC_ANCHOR,32,67,128,2943.0,17.736598279285243,4361.0,7256,1456.25,173,4572.25,0.9537973645360599,True
pubmed_deepres28_w128,4,R3_MOSAIC_ANCHOR,32,57,128,2049.0,22.641509433962263,4361.0,6788,1222.5,150,3421.5,1.2745871693701594,True
pubmed_deepres28_w128,4,R3_MOSAIC_ANCHOR,32,87,128,3205.0,23.03110522832561,4361.0,6652,1695.0,207,5107.0,0.8539259839436069,True
pubmed_deepres28_w128,4,R3_MOSAIC_ANCHOR,32,68,128,2943.0,18.00132362673726,4361.0,7256,1551.25,180,4674.25,0.932983901160614,True
pubmed_deepres28_w128,4,R3_MOSAIC_ANCHOR,32,61,128,2049.0,24.23038728897716,4361.0,7076,1372.5,162,3583.5,1.2169666527138272,True
pubmed_deepres28_w128,4,R3_MOSAIC_ANCHOR,32,68,128,2943.0,18.00132362673726,4361.0,7216,1446.25,174,4563.25,0.9556785185996822,True
pubmed_deepres28_w128,4,R3_MOSAIC_ANCHOR,32,76,128,2943.0,20.11912640635341,4361.0,6500,1783.75,208,4934.75,0.8837327118901667,True
pubmed_deepres28_w128,4,R3_MOSAIC_ANCHOR,32,69,128,2943.0,18.26604897418928,4361.0,6712,1815.0,203,4961.0,0.8790566418060874,True
pubmed_deepres28_w128,4,R3_MOSAIC_ANCHOR,32,61,128,2049.0,24.23038728897716,4361.0,5852,1872.5,194,4115.5,1.0596525331065485,True
pubmed_deepres28_w128,4,R3_MOSAIC_ANCHOR,32,59,128,2049.0,23.435948361469716,4361.0,6808,1306.25,164,3519.25,1.2391844853306813,True
pubmed_deepres28_w128,4,R3_MOSAIC_ANCHOR,32,64,128,2311.0,25.42204568023833,4361.0,7164,1301.25,161,3773.25,1.1557675743722255,True
pubmed_deepres28_w128,4,R3_MOSAIC_ANCHOR,32,91,128,3205.0,24.090006618133685,4361.0,6880,1833.75,222,5260.75,0.8289692534334459,True
pubmed_deepres28_w128,4,R3_MOSAIC_ANCHOR,32,82,128,3205.0,21.70747849106552,4361.0,6596,1837.5,215,5257.5,0.8294816928197812,True
pubmed_deepres28_w128,4,R3_MOSAIC_ANCHOR,32,61,128,2049.0,24.23038728897716,4361.0,6484,1588.75,182,3819.75,1.1416977550886838,True
pubmed_deepres28_w128,4,R3_MOSAIC_ANCHOR,32,86,128,3205.0,22.766379880873597,4361.0,6596,1646.25,207,5058.25,0.8621558839519596,True
pubmed_deepres28_w128,4,R3_MOSAIC_ANCHOR,32,72,128,2943.0,19.06022501654533,4361.0,5948,1882.5,209,5034.5,0.8662230608799285,True
pubmed_deepres28_w128,4,R3_MOSAIC_ANCHOR,32,73,128,2943.0,19.324950363997356,4361.0,6876,1702.5,195,4840.5,0.900939985538684,True
pubmed_deepres28_w128,4,R3_MOSAIC_ANCHOR,32,67,128,2943.0,17.736598279285243,4361.0,6888,1688.75,192,4823.75,0.9040684115055714,True
pubmed_deepres28_w128,4,R3_MOSAIC_ANCHOR,32,61,128,2049.0,24.23038728897716,4361.0,6476,1745.0,194,3988.0,1.093530591775326,True
pubmed_deepres28_w128,4,R3_MOSAIC_ANCHOR,32,75,128,2943.0,19.85440105890139,4361.0,5872,1833.75,206,4982.75,0.8752195073001856,True
pubmed_deepres28_w128,4,R3_MOSAIC_ANCHOR,32,74,128,2943.0,19.58967571144937,4361.0,7240,1705.0,194,4842.0,0.9006608839322594,True
pubmed_deepres28_w128,4,R3_MOSAIC_ANCHOR,32,90,128,3205.0,23.825281270681668,4361.0,6264,1903.75,225,5333.75,0.817623623154441,True
pubmed_deepres28_w128,4,R3_MOSAIC_ANCHOR,32,76,128,2943.0,20.11912640635341,4361.0,7004,1732.5,200,4875.5,0.8944723618090452,True
pubmed_deepres28_w128,4,R3_MOSAIC_ANCHOR,32,67,128,2943.0,17.736598279285243,4361.0,6708,1680.0,195,4818.0,0.9051473640514737,True
pubmed_deepres28_w128,4,R3_MOSAIC_ANCHOR,32,59,128,2049.0,23.435948361469716,4361.0,5900,1868.75,195,4112.75,1.0603610722752417,True
pubmed_deepres28_w128,4,R3_MOSAIC_ANCHOR,32,62,128,2311.0,24.627606752730884,4361.0,6768,1700.0,189,4200.0,1.0383333333333333,True
pubmed_deepres28_w128,4,R3_MOSAIC_ANCHOR,32,72,128,2943.0,19.06022501654533,4361.0,5968,1827.5,203,4973.5,0.8768472906403941,True
pubmed_deepres28_w128,4,R3_MOSAIC_ANCHOR,32,72,128,2943.0,19.06022501654533,4361.0,7212,1833.75,202,4978.75,0.8759226713532513,True
pubmed_deepres28_w128,4,R3_MOSAIC_ANCHOR,32,61,128,2049.0,24.23038728897716,4361.0,6516,1715.0,193,3957.0,1.1020975486479656,True
pubmed_deepres28_w128,4,R3_MOSAIC_ANCHOR,32,66,128,2943.0,17.47187293183322,4361.0,6872,1735.0,196,4874.0,0.8947476405416496,True
pubmed_deepres28_w128,4,R3_MOSAIC_ANCHOR,32,61,128,2049.0,24.23038728897716,4361.0,6420,1738.75,194,3981.75,1.0952470647328436,True
pubmed_deepres28_w128,4,R3_MOSAIC_ANCHOR,32,78,128,2943.0,20.648577101257445,4361.0,6992,1571.25,190,4704.25,0.9270340649412765,True
pubmed_deepres28_w128,4,R3_MOSAIC_ANCHOR,32,71,128,2943.0,18.79549966909332,4361.0,6124,1846.25,204,4993.25,0.87337906173334,True
pubmed_deepres28_w128,4,R3_MOSAIC_ANCHOR,32,65,128,2943.0,17.207147584381204,4361.0,6848,1705.0,191,4839.0,0.9012192601777227,True
pubmed_deepres28_w128,4,R3_MOSAIC_ANCHOR,32,85,128,3205.0,22.501654533421576,4361.0,6464,1822.5,218,5245.5,0.8313792774759318,True
pubmed_deepres28_w128,4,R3_MOSAIC_ANCHOR,32,64,128,2311.0,25.42204568023833,4361.0,5932,1820.0,196,4327.0,1.007857638086434,True
pubmed_deepres28_w128,4,R3_MOSAIC_ANCHOR,32,74,128,2943.0,19.58967571144937,4361.0,7176,1751.25,197,4891.25,0.8915921288014311,True
pubmed_deepres28_w128,4,R3_MOSAIC_ANCHOR,32,70,128,2943.0,18.530774321641296,4361.0,7232,1803.75,198,4944.75,0.8819454977501391,True
pubmed_deepres28_w128,4,R3_MOSAIC_ANCHOR,32,91,128,3205.0,24.090006618133685,4361.0,6340,1875.0,225,5305.0,0.8220546654099906,True
pubmed_deepres28_w128,4,R3_MOSAIC_ANCHOR,32,65,128,2943.0,17.207147584381204,4361.0,6688,1627.5,187,4757.5,0.9166579085654231,True
pubmed_deepres28_w128,4,R3_MOSAIC_ANCHOR,32,63,128,2311.0,25.02482621648461,4361.0,7432,1283.75,160,3754.75,1.161462147945935,True
pubmed_deepres28_w128,4,R3_MOSAIC_ANCHOR,32,67,128,2943.0,17.736598279285243,4361.0,6364,1700.0,195,4838.0,0.9014055394791236,True
pubmed_deepres28_w128,4,R3_MOSAIC_ANCHOR,32,74,128,2943.0,19.58967571144937,4361.0,6484,1916.25,218,5077.25,0.8589295386281944,True
pubmed_deepres28_w128,4,R3_MOSAIC_ANCHOR,32,80,128,2943.0,21.178027796161484,4361.0,7064,1762.5,205,4910.5,0.8880969351389879,True
pubmed_deepres28_w128,4,R3_MOSAIC_ANCHOR,32,60,128,2049.0,23.83316782522344,4361.0,5684,1876.25,193,4118.25,1.0589449402051843,True
pubmed_deepres28_w128,4,R3_MOSAIC_ANCHOR,32,59,128,2049.0,23.435948361469716,4361.0,6716,1178.75,151,3378.75,1.2907140214576396,True
pubmed_deepres28_w128,4,R3_MOSAIC_ANCHOR,32,97,128,3837.0,19.255583126550867,4361.0,6964,1690.0,217,5744.0,0.7592270194986073,True
pubmed_deepres28_w128,4,R3_MOSAIC_ANCHOR,32,66,128,2943.0,17.47187293183322,4361.0,6860,1736.25,198,4877.25,0.894151417294582,True
pubmed_deepres28_w128,4,R3_MOSAIC_ANCHOR,32,83,128,3205.0,21.972203838517537,4361.0,6180,1902.5,217,5324.5,0.8190440416940558,True
pubmed_deepres28_w128,4,R3_MOSAIC_ANCHOR,32,55,128,2049.0,21.847070506454816,4361.0,6532,1196.25,149,3394.25,1.28481991603447,True
pubmed_deepres28_w128,4,R3_MOSAIC_ANCHOR,32,99,128,3837.0,19.65260545905707,4361.0,6740,1601.25,213,5651.25,0.7716876797168768,True
pubmed_deepres28_w128,4,R3_MOSAIC_ANCHOR,32,67,128,2943.0,17.736598279285243,4361.0,6784,1676.25,195,4814.25,0.905852417302799,True
pubmed_deepres28_w128,4,R3_MOSAIC_ANCHOR,32,59,128,2049.0,23.435948361469716,4361.0,6836,1183.75,154,3386.75,1.2876651657193474,True
pubmed_deepres28_w128,4,R3_MOSAIC_ANCHOR,32,58,128,2049.0,23.038728897715988,4361.0,6672,1188.75,150,3387.75,1.2872850712124566,True
pubmed_deepres28_w128,4,R3_MOSAIC_ANCHOR,32,92,128,3205.0,24.354731965585703,4361.0,6608,1611.25,206,5022.25,0.8683359052217632,True
pubmed_deepres28_w128,4,R3_MOSAIC_ANCHOR,32,78,128,2943.0,20.648577101257445,4361.0,6312,1917.5,215,5075.5,0.8592256920500443,True
pubmed_deepres28_w128,4,R3_MOSAIC_ANCHOR,32,65,128,2943.0,17.207147584381204,4361.0,6908,1612.5,188,4743.5,0.9193633393064193,True
pubmed_deepres28_w128,4,R3_MOSAIC_ANCHOR,32,56,128,2049.0,22.24428997020854,4361.0,6600,1155.0,150,3354.0,1.3002385211687537,True
pubmed_deepres28_w128,4,R3_MOSAIC_ANCHOR,32,66,128,2943.0,17.47187293183322,4361.0,6780,1736.25,198,4877.25,0.894151417294582,True
pubmed_deepres28_w128,4,R3_MOSAIC_ANCHOR,32,82,128,3205.0,21.70747849106552,4361.0,6548,1693.75,205,5103.75,0.854469752632868,True
pubmed_deepres28_w128,4,R3_MOSAIC_ANCHOR,32,59,128,2049.0,23.435948361469716,4361.0,6828,1271.25,161,3481.25,1.2527109515260324,True
pubmed_deepres28_w128,4,R3_MOSAIC_ANCHOR,32,61,128,2049.0,24.23038728897716,4361.0,6808,1308.75,162,3519.75,1.2390084523048512,True
pubmed_deepres28_w128,4,R3_MOSAIC_ANCHOR,32,63,128,2311.0,25.02482621648461,4361.0,6988,1321.25,160,3792.25,1.1499769266266728,True
pubmed_deepres28_w128,4,R3_MOSAIC_ANCHOR,32,98,128,3837.0,19.45409429280397,4361.0,6636,1706.25,220,5763.25,0.7566911031102243,True
pubmed_deepres28_w128,4,R3_MOSAIC_ANCHOR,32,73,128,2943.0,19.324950363997356,4361.0,7192,1612.5,190,4745.5,0.9189758718786218,True
pubmed_deepres28_w128,4,R3_MOSAIC_ANCHOR,32,64,128,2311.0,25.42204568023833,4361.0,7228,1308.75,160,3779.75,1.1537800119055492,True
pubmed_deepres28_w128,4,R3_MOSAIC_ANCHOR,32,100,128,3837.0,19.851116625310173,4361.0,6596,1775.0,225,5837.0,0.747130375192736,True
pubmed_deepres28_w128,4,R3_MOSAIC_ANCHOR,32,65,128,2943.0,17.207147584381204,4361.0,6856,1675.0,192,4810.0,0.9066528066528067,True
pubmed_deepres28_w128,4,R3_MOSAIC_ANCHOR,32,68,128,2943.0,18.00132362673726,4361.0,7284,1705.0,189,4837.0,0.9015918958031838,True
pubmed_deepres28_w128,4,R3_MOSAIC_ANCHOR,32,61,128,2049.0,24.23038728897716,4361.0,7272,1241.25,153,3443.25,1.2665359761852901,True
pubmed_deepres28_w128,4,R3_MOSAIC_ANCHOR,32,100,128,3837.0,19.851116625310173,4361.0,6888,1506.25,209,5552.25,0.785447341167995,True
pubmed_deepres28_w128,4,R3_MOSAIC_ANCHOR,32,71,128,2943.0,18.79549966909332,4361.0,7160,1686.25,195,4824.25,0.9039747110949888,True
pubmed_deepres28_w128,4,R3_MOSAIC_ANCHOR,32,79,128,2943.0,20.913302448709462,4361.0,6588,1710.0,206,4859.0,0.897509775674007,True
pubmed_deepres28_w128,4,R3_MOSAIC_ANCHOR,32,61,128,2049.0,24.23038728897716,4361.0,6880,1400.0,170,3619.0,1.2050290135396517,True
pubmed_deepres28_w128,4,R3_MOSAIC_ANCHOR,32,89,128,3205.0,23.56055592322965,4361.0,7260,1648.75,204,5057.75,0.8622411151203598,True
pubmed_deepres28_w128,4,R3_MOSAIC_ANCHOR,32,66,128,2943.0,17.47187293183322,4361.0,6760,1571.25,188,4702.25,0.9274283587644213,True
pubmed_deepres28_w128,4,R3_MOSAIC_ANCHOR,32,79,128,2943.0,20.913302448709462,4361.0,6276,1883.75,214,5040.75,0.8651490353618013,True
pubmed_deepres28_w128,4,R3_MOSAIC_ANCHOR,32,62,128,2311.0,24.627606752730884,4361.0,7128,1375.0,165,3851.0,1.132433134250844,True
pubmed_deepres28_w128,4,R3_MOSAIC_ANCHOR,32,58,128,2049.0,23.038728897715988,4361.0,6772,1230.0,155,3434.0,1.2699475829935936,True
pubmed_deepres28_w128,4,R3_MOSAIC_ANCHOR,32,65,128,2943.0,17.207147584381204,4361.0,6812,1553.75,184,4680.75,0.931688297815521,True
pubmed_deepres28_w128,4,R3_MOSAIC_ANCHOR,32,100,128,3837.0,19.851116625310173,4361.0,6944,1726.25,218,5781.25,0.7543351351351352,True
pubmed_deepres28_w128,4,R3_MOSAIC_ANCHOR,32,62,128,2311.0,24.627606752730884,4361.0,7188,1327.5,159,3797.5,1.1483870967741936,True
pubmed_deepres28_w128,4,R3_MOSAIC_ANCHOR,32,58,128,2049.0,23.038728897715988,4361.0,6760,1197.5,153,3399.5,1.2828357111339903,True
pubmed_deepres28_w128,4,R3_MOSAIC_ANCHOR,32,92,128,3205.0,24.354731965585703,4361.0,6752,1711.25,214,5130.25,0.8500560401539886,True
pubmed_deepres28_w128,4,R3_MOSAIC_ANCHOR,32,75,128,2943.0,19.85440105890139,4361.0,6948,1683.75,198,4824.75,0.9038810301051868,True
pubmed_deepres28_w128,4,R3_MOSAIC_ANCHOR,5,56,128,1617.0,4.424778761061947,3497.0,1056,190.0,44,1851.0,1.8892490545651,True
pubmed_deepres28_w128,8,R3_MOSAIC_ANCHOR,32,68,128,2943.0,18.00132362673726,4361.0,7036,742.5,126,3811.5,1.1441689623507805,True
pubmed_deepres28_w128,8,R3_MOSAIC_ANCHOR,32,100,128,3837.0,19.851116625310173,4361.0,6868,945.0,166,4948.0,0.8813662085691188,True
pubmed_deepres28_w128,8,R3_MOSAIC_ANCHOR,32,57,128,2049.0,22.641509433962263,4361.0,6380,667.5,112,2828.5,1.5418066112780626,True
pubmed_deepres28_w128,8,R3_MOSAIC_ANCHOR,32,85,128,3205.0,22.501654533421576,4361.0,6428,1025.0,161,4391.0,0.9931678433158734,True
pubmed_deepres28_w128,8,R3_MOSAIC_ANCHOR,32,65,128,2943.0,17.207147584381204,4361.0,6696,928.75,138,4009.75,1.0875989774923625,True
pubmed_deepres28_w128,8,R3_MOSAIC_ANCHOR,32,68,128,2943.0,18.00132362673726,4361.0,6832,702.5,124,3769.5,1.1569173630454967,True
pubmed_deepres28_w128,8,R3_MOSAIC_ANCHOR,32,79,128,2943.0,20.913302448709462,4361.0,6668,998.75,156,4097.75,1.0642425721432494,True
pubmed_deepres28_w128,8,R3_MOSAIC_ANCHOR,32,93,128,3205.0,24.619457313037724,4361.0,6904,955.0,161,4321.0,1.009257116408239,True
pubmed_deepres28_w128,8,R3_MOSAIC_ANCHOR,32,67,128,2943.0,17.736598279285243,4361.0,6888,905.0,137,3985.0,1.09435382685069,True
pubmed_deepres28_w128,8,R3_MOSAIC_ANCHOR,32,55,128,2049.0,21.847070506454816,4361.0,6620,636.25,108,2793.25,1.561263760852054,True
pubmed_deepres28_w128,8,R3_MOSAIC_ANCHOR,32,69,128,2943.0,18.26604897418928,4361.0,6488,871.25,139,3953.25,1.1031429836210713,True
pubmed_deepres28_w128,8,R3_MOSAIC_ANCHOR,32,88,128,3205.0,23.295830575777632,4361.0,6744,948.75,158,4311.75,1.011422276337914,True
pubmed_deepres28_w128,8,R3_MOSAIC_ANCHOR,32,59,128,2049.0,23.435948361469716,4361.0,6636,616.25,111,2776.25,1.5708239531742458,True
pubmed_deepres28_w128,8,R3_MOSAIC_ANCHOR,32,71,128,2943.0,18.79549966909332,4361.0,6696,905.0,140,3988.0,1.093530591775326,True
pubmed_deepres28_w128,8,R3_MOSAIC_ANCHOR,32,96,128,3205.0,25.413633355393777,4361.0,6920,972.5,166,4343.5,1.0040290088638195,True
pubmed_deepres28_w128,8,R3_MOSAIC_ANCHOR,32,78,128,2943.0,20.648577101257445,4361.0,6668,931.25,150,4024.25,1.0836801888550662,True
pubmed_deepres28_w128,8,R3_MOSAIC_ANCHOR,32,56,128,2049.0,22.24428997020854,4361.0,6648,938.75,130,3117.75,1.3987651351134633,True
pubmed_deepres28_w128,8,R3_MOSAIC_ANCHOR,32,58,128,2049.0,23.038728897715988,4361.0,6620,672.5,115,2836.5,1.5374581350255596,True
pubmed_deepres28_w128,8,R3_MOSAIC_ANCHOR,32,86,128,3205.0,22.766379880873597,4361.0,6764,826.25,148,4179.25,1.0434886642340133,True
pubmed_deepres28_w128,8,R3_MOSAIC_ANCHOR,32,93,128,3205.0,24.619457313037724,4361.0,6792,928.75,159,4292.75,1.015898899306971,True
pubmed_deepres28_w128,8,R3_MOSAIC_ANCHOR,32,96,128,3205.0,25.413633355393777,4361.0,6744,1007.5,169,4381.5,0.9953212370192857,True
pubmed_deepres28_w128,8,R3_MOSAIC_ANCHOR,32,65,128,2943.0,17.207147584381204,4361.0,6856,746.25,125,3814.25,1.1433440388018614,True
pubmed_deepres28_w128,8,R3_MOSAIC_ANCHOR,32,61,128,2049.0,24.23038728897716,4361.0,6636,876.25,131,3056.25,1.4269120654396727,True
pubmed_deepres28_w128,8,R3_MOSAIC_ANCHOR,32,80,128,2943.0,21.178027796161484,4361.0,6760,942.5,150,4035.5,1.080659150043365,True
pubmed_deepres28_w128,8,R3_MOSAIC_ANCHOR,32,60,128,2049.0,23.83316782522344,4361.0,6364,1026.25,143,3218.25,1.355084284937466,True
pubmed_deepres28_w128,8,R3_MOSAIC_ANCHOR,32,57,128,2049.0,22.641509433962263,4361.0,6380,673.75,112,2834.75,1.538407266954758,True
pubmed_deepres28_w128,8,R3_MOSAIC_ANCHOR,32,76,128,2943.0,20.11912640635341,4361.0,7172,922.5,149,4014.5,1.0863121185701832,True
pubmed_deepres28_w128,8,R3_MOSAIC_ANCHOR,32,99,128,3837.0,19.65260545905707,4361.0,6748,895.0,162,4894.0,0.8910911319983653,True
pubmed_deepres28_w128,8,R3_MOSAIC_ANCHOR,32,69,128,2943.0,18.26604897418928,4361.0,6972,851.25,137,3931.25,1.109316375198728,True
pubmed_deepres28_w128,8,R3_MOSAIC_ANCHOR,32,61,128,2049.0,24.23038728897716,4361.0,6464,1003.75,140,3192.75,1.3659071333489938,True
pubmed_deepres28_w128,8,R3_MOSAIC_ANCHOR,32,74,128,2943.0,19.58967571144937,4361.0,6640,913.75,146,4002.75,1.0895009680844419,True
pubmed_deepres28_w128,8,R3_MOSAIC_ANCHOR,32,90,128,3205.0,23.825281270681668,4361.0,6852,1096.25,170,4471.25,0.9753424657534246,True
pubmed_deepres28_w128,8,R3_MOSAIC_ANCHOR,32,78,128,2943.0,20.648577101257445,4361.0,6828,995.0,155,4093.0,1.0654776447593453,True
pubmed_deepres28_w128,8,R3_MOSAIC_ANCHOR,32,75,128,2943.0,19.85440105890139,4361.0,7044,897.5,144,3984.5,1.0944911532187225,True
pubmed_deepres28_w128,8,R3_MOSAIC_ANCHOR,32,60,128,2049.0,23.83316782522344,4361.0,6520,925.0,135,3109.0,1.4027018333869412,True
pubmed_deepres28_w128,8,R3_MOSAIC_ANCHOR,32,74,128,2943.0,19.58967571144937,4361.0,6304,881.25,143,3967.25,1.0992501102779002,True
pubmed_deepres28_w128,8,R3_MOSAIC_ANCHOR,32,66,128,2943.0,17.47187293183322,4361.0,6256,896.25,139,3978.25,1.096210645384277,True
pubmed_deepres28_w128,8,R3_MOSAIC_ANCHOR,32,84,128,3205.0,22.23692918596956,4361.0,6700,911.25,151,4267.25,1.0219696525865605,True
pubmed_deepres28_w128,8,R3_MOSAIC_ANCHOR,32,94,128,3205.0,24.884182660489746,4361.0,6880,896.25,158,4259.25,1.0238891823677878,True
pubmed_deepres28_w128,8,R3_MOSAIC_ANCHOR,32,63,128,2311.0,25.02482621648461,4361.0,6696,945.0,137,3393.0,1.2852932508104922,True
pubmed_deepres28_w128,8,R3_MOSAIC_ANCHOR,32,91,128,3205.0,24.090006618133685,4361.0,6404,955.0,162,4322.0,1.0090236001850994,True
pubmed_deepres28_w128,8,R3_MOSAIC_ANCHOR,32,77,128,2943.0,20.383851753805427,4361.0,6984,898.75,146,3987.75,1.0935991473888784,True
pubmed_deepres28_w128,8,R3_MOSAIC_ANCHOR,32,66,128,2943.0,17.47187293183322,4361.0,6604,927.5,139,4009.5,1.0876667913704952,True
pubmed_deepres28_w128,8,R3_MOSAIC_ANCHOR,32,82,128,3205.0,21.70747849106552,4361.0,6744,1005.0,158,4368.0,0.9983974358974359,True
pubmed_deepres28_w128,8,R3_MOSAIC_ANCHOR,32,68,128,2943.0,18.00132362673726,4361.0,6536,721.25,125,3789.25,1.1508873787688856,True
pubmed_deepres28_w128,8,R3_MOSAIC_ANCHOR,32,67,128,2943.0,17.736598279285243,4361.0,6828,880.0,135,3958.0,1.1018191005558362,True
pubmed_deepres28_w128,8,R3_MOSAIC_ANCHOR,32,83,128,3205.0,21.972203838517537,4361.0,6412,900.0,151,4256.0,1.024671052631579,True
pubmed_deepres28_w128,8,R3_MOSAIC_ANCHOR,32,69,128,2943.0,18.26604897418928,4361.0,7204,717.5,128,3788.5,1.1511152171043948,True
pubmed_deepres28_w128,8,R3_MOSAIC_ANCHOR,32,57,128,2049.0,22.641509433962263,4361.0,6696,626.25,109,2784.25,1.5663104965430548,True
pubmed_deepres28_w128,8,R3_MOSAIC_ANCHOR,32,78,128,2943.0,20.648577101257445,4361.0,6660,1012.5,155,4110.5,1.0609414913027613,True
pubmed_deepres28_w128,8,R3_MOSAIC_ANCHOR,32,83,128,3205.0,21.972203838517537,4361.0,6472,941.25,154,4300.25,1.0141270856345561,True
pubmed_deepres28_w128,8,R3_MOSAIC_ANCHOR,32,71,128,2943.0,18.79549966909332,4361.0,7216,848.75,138,3929.75,1.109739805331128,True
pubmed_deepres28_w128,8,R3_MOSAIC_ANCHOR,32,67,128,2943.0,17.736598279285243,4361.0,6836,696.25,125,3764.25,1.1585309158530916,True
pubmed_deepres28_w128,8,R3_MOSAIC_ANCHOR,32,79,128,2943.0,20.913302448709462,4361.0,6628,950.0,151,4044.0,1.0783877349159248,True
pubmed_deepres28_w128,8,R3_MOSAIC_ANCHOR,32,68,128,2943.0,18.00132362673726,4361.0,6804,683.75,123,3749.75,1.1630108673911594,True
pubmed_deepres28_w128,8,R3_MOSAIC_ANCHOR,32,79,128,2943.0,20.913302448709462,4361.0,6708,808.75,140,3891.75,1.1205755765401169,True
pubmed_deepres28_w128,8,R3_MOSAIC_ANCHOR,32,66,128,2943.0,17.47187293183322,4361.0,6768,903.75,136,3982.75,1.094972067039106,True
pubmed_deepres28_w128,8,R3_MOSAIC_ANCHOR,32,79,128,2943.0,20.913302448709462,4361.0,6956,835.0,141,3919.0,1.1127838734371014,True
pubmed_deepres28_w128,8,R3_MOSAIC_ANCHOR,32,90,128,3205.0,23.825281270681668,4361.0,6596,980.0,163,4348.0,1.0029898804047839,True
pubmed_deepres28_w128,8,R3_MOSAIC_ANCHOR,32,64,128,2311.0,25.42204568023833,4361.0,6260,965.0,141,3417.0,1.276265730172666,True
pubmed_deepres28_w128,8,R3_MOSAIC_ANCHOR,32,56,128,2049.0,22.24428997020854,4361.0,6676,887.5,126,3062.5,1.424,True
pubmed_deepres28_w128,8,R3_MOSAIC_ANCHOR,32,97,128,3837.0,19.255583126550867,4361.0,6728,1142.5,179,5158.5,0.8454007948046913,True
pubmed_deepres28_w128,8,R3_MOSAIC_ANCHOR,32,69,128,2943.0,18.26604897418928,4361.0,6676,925.0,141,4009.0,1.0878024444998753,True
pubmed_deepres28_w128,8,R3_MOSAIC_ANCHOR,32,58,128,2049.0,23.038728897715988,4361.0,6188,988.75,139,3176.75,1.3727866530258912,True
pubmed_deepres28_w128,8,R3_MOSAIC_ANCHOR,32,68,128,2943.0,18.00132362673726,4361.0,6948,840.0,133,3916.0,1.1136363636363635,True
pubmed_deepres28_w128,8,R3_MOSAIC_ANCHOR,32,96,128,3205.0,25.413633355393777,4361.0,6812,1007.5,168,4380.5,0.9955484533729027,True
pubmed_deepres28_w128,8,R3_MOSAIC_ANCHOR,32,55,128,2049.0,21.847070506454816,4361.0,6704,825.0,121,2995.0,1.456093489148581,True
pubmed_deepres28_w128,8,R3_MOSAIC_ANCHOR,32,61,128,2049.0,24.23038728897716,4361.0,6492,931.25,136,3116.25,1.3994384275972724,True
pubmed_deepres28_w128,8,R3_MOSAIC_ANCHOR,32,61,128,2049.0,24.23038728897716,4361.0,6684,895.0,131,3075.0,1.4182113821138211,True
pubmed_deepres28_w128,8,R3_MOSAIC_ANCHOR,32,96,128,3205.0,25.413633355393777,4361.0,6716,955.0,162,4322.0,1.0090236001850994,True
pubmed_deepres28_w128,8,R3_MOSAIC_ANCHOR,32,63,128,2311.0,25.02482621648461,4361.0,6656,875.0,135,3321.0,1.313158687142427,True
pubmed_deepres28_w128,8,R3_MOSAIC_ANCHOR,32,56,128,2049.0,22.24428997020854,4361.0,6664,896.25,127,3072.25,1.4194808365204654,True
pubmed_deepres28_w128,8,R3_MOSAIC_ANCHOR,32,56,128,2049.0,22.24428997020854,4361.0,6716,855.0,124,3028.0,1.440224570673712,True
pubmed_deepres28_w128,8,R3_MOSAIC_ANCHOR,32,72,128,2943.0,19.06022501654533,4361.0,6896,840.0,137,3920.0,1.1125,True
pubmed_deepres28_w128,8,R3_MOSAIC_ANCHOR,32,95,128,3205.0,25.14890800794176,4361.0,6592,982.5,167,4354.5,1.0014927086921575,True
pubmed_deepres28_w128,8,R3_MOSAIC_ANCHOR,32,67,128,2943.0,17.736598279285243,4361.0,6924,822.5,131,3896.5,1.1192095470293852,True
pubmed_deepres28_w128,8,R3_MOSAIC_ANCHOR,32,67,128,2943.0,17.736598279285243,4361.0,6816,856.25,134,3933.25,1.1087523040742389,True
pubmed_deepres28_w128,8,R3_MOSAIC_ANCHOR,32,94,128,3205.0,24.884182660489746,4361.0,6732,806.25,151,4162.25,1.0477506156525918,True
pubmed_deepres28_w128,8,R3_MOSAIC_ANCHOR,32,82,128,3205.0,21.70747849106552,4361.0,6360,952.5,153,4310.5,1.0117155782391833,True
pubmed_deepres28_w128,8,R3_MOSAIC_ANCHOR,32,65,128,2943.0,17.207147584381204,4361.0,6520,881.25,135,3959.25,1.1014712382395655,True
pubmed_deepres28_w128,8,R3_MOSAIC_ANCHOR,32,69,128,2943.0,18.26604897418928,4361.0,6652,982.5,145,4070.5,1.0713671539122958,True
pubmed_deepres28_w128,8,R3_MOSAIC_ANCHOR,32,61,128,2049.0,24.23038728897716,4361.0,6656,722.5,119,2890.5,1.5087355128870437,True
pubmed_deepres28_w128,8,R3_MOSAIC_ANCHOR,32,98,128,3837.0,19.45409429280397,4361.0,6764,917.5,161,4915.5,0.8871935713559149,True
pubmed_deepres28_w128,8,R3_MOSAIC_ANCHOR,32,65,128,2943.0,17.207147584381204,4361.0,6916,905.0,135,3983.0,1.0949033391915641,True
pubmed_deepres28_w128,8,R3_MOSAIC_ANCHOR,32,59,128,2049.0,23.435948361469716,4361.0,6648,876.25,129,3054.25,1.4278464434803961,True
pubmed_deepres28_w128,8,R3_MOSAIC_ANCHOR,32,60,128,2049.0,23.83316782522344,4361.0,6544,696.25,117,2862.25,1.5236265175997903,True
pubmed_deepres28_w128,8,R3_MOSAIC_ANCHOR,32,99,128,3837.0,19.65260545905707,4361.0,6908,957.5,167,4961.5,0.8789680540159226,True
pubmed_deepres28_w128,8,R3_MOSAIC_ANCHOR,32,71,128,2943.0,18.79549966909332,4361.0,6804,898.75,139,3980.75,1.095522200590341,True
pubmed_deepres28_w128,8,R3_MOSAIC_ANCHOR,32,55,128,2049.0,21.847070506454816,4361.0,6744,815.0,119,2983.0,1.4619510559839088,True
pubmed_deepres28_w128,8,R3_MOSAIC_ANCHOR,32,100,128,3837.0,19.851116625310173,4361.0,6756,950.0,166,4953.0,0.8804764789016758,True
pubmed_deepres28_w128,8,R3_MOSAIC_ANCHOR,32,62,128,2311.0,24.627606752730884,4361.0,6580,925.0,136,3372.0,1.2932977461447213,True
pubmed_deepres28_w128,8,R3_MOSAIC_ANCHOR,32,70,128,2943.0,18.530774321641296,4361.0,6884,846.25,136,3925.25,1.111012037449844,True
pubmed_deepres28_w128,8,R3_MOSAIC_ANCHOR,32,64,128,2311.0,25.42204568023833,4361.0,6708,873.75,133,3317.75,1.31444503051767,True
pubmed_deepres28_w128,8,R3_MOSAIC_ANCHOR,32,96,128,3205.0,25.413633355393777,4361.0,6996,963.75,166,4334.75,1.0060557125555107,True
pubmed_deepres28_w128,8,R3_MOSAIC_ANCHOR,32,84,128,3205.0,22.23692918596956,4361.0,6508,870.0,150,4225.0,1.032189349112426,True
pubmed_deepres28_w128,8,R3_MOSAIC_ANCHOR,32,66,128,2943.0,17.47187293183322,4361.0,6940,913.75,136,3992.75,1.0922296662701145,True
pubmed_deepres28_w128,8,R3_MOSAIC_ANCHOR,32,67,128,2943.0,17.736598279285243,4361.0,6880,871.25,134,3948.25,1.1045399860697778,True
pubmed_deepres28_w128,8,R3_MOSAIC_ANCHOR,32,85,128,3205.0,22.501654533421576,4361.0,6712,880.0,150,4235.0,1.0297520661157025,True
pubmed_deepres28_w128,8,R3_MOSAIC_ANCHOR,32,61,128,2049.0,24.23038728897716,4361.0,6616,888.75,132,3069.75,1.420636859679127,True
pubmed_deepres28_w128,8,R3_MOSAIC_ANCHOR,32,81,128,2943.0,21.4427531436135,4361.0,6772,886.25,148,3977.25,1.0964862656358036,True
pubmed_deepres28_w128,8,R3_MOSAIC_ANCHOR,32,56,128,2049.0,22.24428997020854,4361.0,6612,942.5,130,3121.5,1.3970847349030915,True
pubmed_deepres28_w128,8,R3_MOSAIC_ANCHOR,32,99,128,3837.0,19.65260545905707,4361.0,6772,900.0,165,4902.0,0.8896368829049368,True
pubmed_deepres28_w128,8,R3_MOSAIC_ANCHOR,32,63,128,2311.0,25.02482621648461,4361.0,6172,867.5,135,3313.5,1.3161309793269955,True
pubmed_deepres28_w128,8,R3_MOSAIC_ANCHOR,32,66,128,2943.0,17.47187293183322,4361.0,6936,847.5,132,3922.5,1.1117909496494582,True
pubmed_deepres28_w128,8,R3_MOSAIC_ANCHOR,32,86,128,3205.0,22.766379880873597,4361.0,6568,905.0,154,4264.0,1.022748592870544,True
pubmed_deepres28_w128,8,R3_MOSAIC_ANCHOR,32,82,128,3205.0,21.70747849106552,4361.0,6616,960.0,153,4318.0,1.0099583140342752,True
pubmed_deepres28_w128,8,R3_MOSAIC_ANCHOR,32,60,128,2049.0,23.83316782522344,4361.0,6600,885.0,130,3064.0,1.4233028720626633,True
pubmed_deepres28_w128,8,R3_MOSAIC_ANCHOR,32,64,128,2311.0,25.42204568023833,4361.0,7016,843.75,130,3284.75,1.327650506126798,True
pubmed_deepres28_w128,8,R3_MOSAIC_ANCHOR,32,62,128,2311.0,24.627606752730884,4361.0,6976,848.75,129,3288.75,1.3260357278601291,True
pubmed_deepres28_w128,8,R3_MOSAIC_ANCHOR,32,99,128,3837.0,19.65260545905707,4361.0,6912,917.5,164,4918.5,0.8866524346853716,True
pubmed_deepres28_w128,8,R3_MOSAIC_ANCHOR,32,74,128,2943.0,19.58967571144937,4361.0,6448,963.75,149,4055.75,1.0752635147629908,True
pubmed_deepres28_w128,8,R3_MOSAIC_ANCHOR,32,88,128,3205.0,23.295830575777632,4361.0,6572,963.75,158,4326.75,1.007915872190443,True
pubmed_deepres28_w128,8,R3_MOSAIC_ANCHOR,32,64,128,2311.0,25.42204568023833,4361.0,6688,888.75,133,3332.75,1.3085289925737005,True
pubmed_deepres28_w128,8,R3_MOSAIC_ANCHOR,32,86,128,3205.0,22.766379880873597,4361.0,6388,1020.0,161,4386.0,0.9943000455996353,True
pubmed_deepres28_w128,8,R3_MOSAIC_ANCHOR,32,58,128,2049.0,23.038728897715988,4361.0,6464,1103.75,144,3296.75,1.3228179267460378,True
pubmed_deepres28_w128,8,R3_MOSAIC_ANCHOR,32,55,128,2049.0,21.847070506454816,4361.0,6644,895.0,128,3072.0,1.4195963541666667,True
pubmed_deepres28_w128,8,R3_MOSAIC_ANCHOR,32,56,128,2049.0,22.24428997020854,4361.0,6704,841.25,122,3012.25,1.4477550004149722,True
pubmed_deepres28_w128,8,R3_MOSAIC_ANCHOR,32,100,128,3837.0,19.851116625310173,4361.0,6768,866.25,161,4864.25,0.8965410906100633,True
pubmed_deepres28_w128,8,R3_MOSAIC_ANCHOR,32,70,128,2943.0,18.530774321641296,4361.0,6704,947.5,143,4033.5,1.0811949919424817,True
pubmed_deepres28_w128,8,R3_MOSAIC_ANCHOR,32,58,128,2049.0,23.038728897715988,4361.0,6640,917.5,131,3097.5,1.407909604519774,True
pubmed_deepres28_w128,8,R3_MOSAIC_ANCHOR,32,60,128,2049.0,23.83316782522344,4361.0,6664,732.5,119,2900.5,1.5035338734700914,True
pubmed_deepres28_w128,8,R3_MOSAIC_ANCHOR,32,98,128,3837.0,19.45409429280397,4361.0,6672,981.25,166,4984.25,0.8749561117520188,True
pubmed_deepres28_w128,8,R3_MOSAIC_ANCHOR,32,75,128,2943.0,19.85440105890139,4361.0,6216,1025.0,155,4123.0,1.0577249575551784,True
pubmed_deepres28_w128,8,R3_MOSAIC_ANCHOR,32,79,128,2943.0,20.913302448709462,4361.0,7164,1008.75,153,4104.75,1.0624276752542785,True
pubmed_deepres28_w128,8,R3_MOSAIC_ANCHOR,32,74,128,2943.0,19.58967571144937,4361.0,6784,852.5,138,3933.5,1.1086818355154442,True
pubmed_deepres28_w128,8,R3_MOSAIC_ANCHOR,32,62,128,2311.0,24.627606752730884,4361.0,6444,715.0,120,3146.0,1.3862047043865227,True
pubmed_deepres28_w128,8,R3_MOSAIC_ANCHOR,32,71,128,2943.0,18.79549966909332,4361.0,7132,820.0,138,3901.0,1.1179184824403998,True
pubmed_deepres28_w128,8,R3_MOSAIC_ANCHOR,32,93,128,3205.0,24.619457313037724,4361.0,6540,961.25,164,4330.25,1.007101206627793,True
pubmed_deepres28_w128,8,R3_MOSAIC_ANCHOR,32,66,128,2943.0,17.47187293183322,4361.0,6504,981.25,144,4068.25,1.071959687826461,True
pubmed_deepres28_w128,8,R3_MOSAIC_ANCHOR,32,76,128,2943.0,20.11912640635341,4361.0,6860,1182.5,166,4291.5,1.0161948036816963,True
pubmed_deepres28_w128,8,R3_MOSAIC_ANCHOR,32,62,128,2311.0,24.627606752730884,4361.0,6624,971.25,138,3420.25,1.2750529932022514,True
pubmed_deepres28_w128,8,R3_MOSAIC_ANCHOR,32,92,128,3205.0,24.354731965585703,4361.0,6896,1233.75,181,4619.75,0.9439904756750906,True
pubmed_deepres28_w128,8,R3_MOSAIC_ANCHOR,32,60,128,2049.0,23.83316782522344,4361.0,6700,855.0,129,3033.0,1.437850313221233,True
pubmed_deepres28_w128,8,R3_MOSAIC_ANCHOR,32,63,128,2311.0,25.02482621648461,4361.0,6592,701.25,120,3132.25,1.3922898874610903,True
pubmed_deepres28_w128,8,R3_MOSAIC_ANCHOR,32,81,128,2943.0,21.4427531436135,4361.0,6744,935.0,153,4031.0,1.0818655420491192,True
pubmed_deepres28_w128,8,R3_MOSAIC_ANCHOR,32,93,128,3205.0,24.619457313037724,4361.0,7052,1167.5,177,4549.5,0.9585668754808221,True
pubmed_deepres28_w128,8,R3_MOSAIC_ANCHOR,32,68,128,2943.0,18.00132362673726,4361.0,6764,887.5,136,3966.5,1.099457960418505,True
pubmed_deepres28_w128,8,R3_MOSAIC_ANCHOR,32,64,128,2311.0,25.42204568023833,4361.0,7032,630.0,114,3055.0,1.4274959083469723,True
pubmed_deepres28_w128,8,R3_MOSAIC_ANCHOR,32,87,128,3205.0,23.03110522832561,4361.0,6388,976.25,160,4341.25,1.0045493809386696,True
pubmed_deepres28_w128,8,R3_MOSAIC_ANCHOR,32,71,128,2943.0,18.79549966909332,4361.0,6484,787.5,134,3864.5,1.128477163928063,True
pubmed_deepres28_w128,8,R3_MOSAIC_ANCHOR,32,63,128,2311.0,25.02482621648461,4361.0,7044,855.0,130,3296.0,1.323118932038835,True
pubmed_deepres28_w128,8,R3_MOSAIC_ANCHOR,32,73,128,2943.0,19.324950363997356,4361.0,6616,937.5,145,4025.5,1.0833436840144082,True
pubmed_deepres28_w128,8,R3_MOSAIC_ANCHOR,32,79,128,2943.0,20.913302448709462,4361.0,6540,910.0,147,4000.0,1.09025,True
pubmed_deepres28_w128,8,R3_MOSAIC_ANCHOR,32,78,128,2943.0,20.648577101257445,4361.0,6232,803.75,140,3886.75,1.1220171094101756,True
pubmed_deepres28_w128,8,R3_MOSAIC_ANCHOR,32,70,128,2943.0,18.530774321641296,4361.0,7124,830.0,134,3907.0,1.116201689275659,True
pubmed_deepres28_w128,8,R3_MOSAIC_ANCHOR,32,74,128,2943.0,19.58967571144937,4361.0,6756,938.75,145,4026.75,1.0830073880921338,True
pubmed_deepres28_w128,8,R3_MOSAIC_ANCHOR,32,89,128,3205.0,23.56055592322965,4361.0,6680,1110.0,167,4482.0,0.9730031236055332,True
pubmed_deepres28_w128,8,R3_MOSAIC_ANCHOR,32,71,128,2943.0,18.79549966909332,4361.0,6312,915.0,144,4002.0,1.0897051474262869,True
pubmed_deepres28_w128,8,R3_MOSAIC_ANCHOR,32,73,128,2943.0,19.324950363997356,4361.0,6884,791.25,134,3868.25,1.1273831836101595,True
pubmed_deepres28_w128,8,R3_MOSAIC_ANCHOR,32,83,128,3205.0,21.972203838517537,4361.0,6572,1037.5,159,4401.5,0.9907985913892992,True
pubmed_deepres28_w128,8,R3_MOSAIC_ANCHOR,32,67,128,2943.0,17.736598279285243,4361.0,6256,903.75,139,3985.75,1.0941479019005207,True
pubmed_deepres28_w128,8,R3_MOSAIC_ANCHOR,32,75,128,2943.0,19.85440105890139,4361.0,6632,996.25,151,4090.25,1.0661939979218875,True
pubmed_deepres28_w128,8,R3_MOSAIC_ANCHOR,32,80,128,2943.0,21.178027796161484,4361.0,6808,845.0,142,3930.0,1.1096692111959288,True
pubmed_deepres28_w128,8,R3_MOSAIC_ANCHOR,32,83,128,3205.0,21.972203838517537,4361.0,6888,871.25,149,4225.25,1.032128276433347,True
pubmed_deepres28_w128,8,R3_MOSAIC_ANCHOR,32,60,128,2049.0,23.83316782522344,4361.0,6020,916.25,136,3101.25,1.4062071745264006,True
pubmed_deepres28_w128,8,R3_MOSAIC_ANCHOR,32,75,128,2943.0,19.85440105890139,4361.0,6624,992.5,149,4084.5,1.0676949443016281,True
pubmed_deepres28_w128,8,R3_MOSAIC_ANCHOR,32,62,128,2311.0,24.627606752730884,4361.0,6488,768.75,125,3204.75,1.3607925735236759,True
pubmed_deepres28_w128,8,R3_MOSAIC_ANCHOR,32,85,128,3205.0,22.501654533421576,4361.0,6696,890.0,153,4248.0,1.0266007532956685,True
pubmed_deepres28_w128,8,R3_MOSAIC_ANCHOR,32,66,128,2943.0,17.47187293183322,4361.0,6796,887.5,135,3965.5,1.0997352162400706,True
pubmed_deepres28_w128,8,R3_MOSAIC_ANCHOR,32,72,128,2943.0,19.06022501654533,4361.0,6852,943.75,144,4030.75,1.0819326428084104,True
pubmed_deepres28_w128,8,R3_MOSAIC_ANCHOR,32,90,128,3205.0,23.825281270681668,4361.0,6552,938.75,158,4301.75,1.0137734642877898,True
pubmed_deepres28_w128,8,R3_MOSAIC_ANCHOR,32,68,128,2943.0,18.00132362673726,4361.0,6764,875.0,137,3955.0,1.1026548672566372,True
pubmed_deepres28_w128,8,R3_MOSAIC_ANCHOR,32,66,128,2943.0,17.47187293183322,4361.0,6424,1006.25,145,4094.25,1.0651523478048484,True
pubmed_deepres28_w128,8,R3_MOSAIC_ANCHOR,32,77,128,2943.0,20.383851753805427,4361.0,7156,888.75,146,3977.75,1.0963484381874176,True
pubmed_deepres28_w128,8,R3_MOSAIC_ANCHOR,32,65,128,2943.0,17.207147584381204,4361.0,6772,858.75,133,3934.75,1.108329627041108,True
pubmed_deepres28_w128,8,R3_MOSAIC_ANCHOR,32,98,128,3837.0,19.45409429280397,4361.0,6876,943.75,164,4944.75,0.8819454977501391,True
pubmed_deepres28_w128,8,R3_MOSAIC_ANCHOR,32,65,128,2943.0,17.207147584381204,4361.0,6304,975.0,144,4062.0,1.0736090595765633,True
pubmed_deepres28_w128,8,R3_MOSAIC_ANCHOR,32,58,128,2049.0,23.038728897715988,4361.0,6556,1023.75,139,3211.75,1.35782672997587,True
pubmed_deepres28_w128,8,R3_MOSAIC_ANCHOR,32,58,128,2049.0,23.038728897715988,4361.0,6676,937.5,133,3119.5,1.3979804455842282,True
pubmed_deepres28_w128,8,R3_MOSAIC_ANCHOR,32,96,128,3205.0,25.413633355393777,4361.0,6664,927.5,162,4294.5,1.015484922575387,True
pubmed_deepres28_w128,8,R3_MOSAIC_ANCHOR,32,60,128,2049.0,23.83316782522344,4361.0,6348,936.25,135,3120.25,1.397644419517667,True
pubmed_deepres28_w128,8,R3_MOSAIC_ANCHOR,32,55,128,2049.0,21.847070506454816,4361.0,6684,861.25,122,3032.25,1.438205952675406,True
pubmed_deepres28_w128,8,R3_MOSAIC_ANCHOR,32,69,128,2943.0,18.26604897418928,4361.0,6636,902.5,139,3984.5,1.0944911532187225,True
pubmed_deepres28_w128,8,R3_MOSAIC_ANCHOR,32,94,128,3205.0,24.884182660489746,4361.0,6668,953.75,163,4321.75,1.0090819691097357,True
pubmed_deepres28_w128,8,R3_MOSAIC_ANCHOR,32,58,128,2049.0,23.038728897715988,4361.0,6192,820.0,127,2996.0,1.455607476635514,True
pubmed_deepres28_w128,8,R3_MOSAIC_ANCHOR,32,70,128,2943.0,18.530774321641296,4361.0,6704,933.75,142,4018.75,1.085163297045101,True
pubmed_deepres28_w128,8,R3_MOSAIC_ANCHOR,32,94,128,3205.0,24.884182660489746,4361.0,7012,823.75,153,4181.75,1.0428648293178693,True
pubmed_deepres28_w128,8,R3_MOSAIC_ANCHOR,32,67,128,2943.0,17.736598279285243,4361.0,6972,848.75,131,3922.75,1.1117200943215857,True
pubmed_deepres28_w128,8,R3_MOSAIC_ANCHOR,32,61,128,2049.0,24.23038728897716,4361.0,6056,922.5,136,3107.5,1.4033789219629929,True
pubmed_deepres28_w128,8,R3_MOSAIC_ANCHOR,32,63,128,2311.0,25.02482621648461,4361.0,6552,918.75,136,3365.75,1.2956993240733863,True
pubmed_deepres28_w128,8,R3_MOSAIC_ANCHOR,32,65,128,2943.0,17.207147584381204,4361.0,6792,842.5,130,3915.5,1.1137785723406972,True
pubmed_deepres28_w128,8,R3_MOSAIC_ANCHOR,32,96,128,3205.0,25.413633355393777,4361.0,7052,833.75,155,4193.75,1.0398807749627421,True
pubmed_deepres28_w128,8,R3_MOSAIC_ANCHOR,32,65,128,2943.0,17.207147584381204,4361.0,6252,850.0,133,3926.0,1.1107997962302598,True
pubmed_deepres28_w128,8,R3_MOSAIC_ANCHOR,32,72,128,2943.0,19.06022501654533,4361.0,6864,920.0,144,4007.0,1.088345395557774,True
pubmed_deepres28_w128,8,R3_MOSAIC_ANCHOR,32,82,128,3205.0,21.70747849106552,4361.0,6352,918.75,150,4273.75,1.020415326118748,True
pubmed_deepres28_w128,8,R3_MOSAIC_ANCHOR,32,72,128,2943.0,19.06022501654533,4361.0,7000,875.0,138,3956.0,1.102376137512639,True
pubmed_deepres28_w128,8,R3_MOSAIC_ANCHOR,32,56,128,2049.0,22.24428997020854,4361.0,6152,815.0,124,2988.0,1.4595046854082998,True
pubmed_deepres28_w128,8,R3_MOSAIC_ANCHOR,32,65,128,2943.0,17.207147584381204,4361.0,6564,1017.5,143,4103.5,1.0627513098574388,True
pubmed_deepres28_w128,8,R3_MOSAIC_ANCHOR,32,92,128,3205.0,24.354731965585703,4361.0,6984,936.25,159,4300.25,1.0141270856345561,True
pubmed_deepres28_w128,8,R3_MOSAIC_ANCHOR,32,64,128,2311.0,25.42204568023833,4361.0,6736,805.0,126,3242.0,1.3451573103022825,True
pubmed_deepres28_w128,8,R3_MOSAIC_ANCHOR,32,66,128,2943.0,17.47187293183322,4361.0,6260,835.0,134,3912.0,1.1147750511247443,True
pubmed_deepres28_w128,8,R3_MOSAIC_ANCHOR,32,72,128,2943.0,19.06022501654533,4361.0,6800,973.75,146,4062.75,1.0734108670235678,True
pubmed_deepres28_w128,8,R3_MOSAIC_ANCHOR,32,55,128,2049.0,21.847070506454816,4361.0,6692,830.0,120,2999.0,1.4541513837945983,True
pubmed_deepres28_w128,8,R3_MOSAIC_ANCHOR,32,91,128,3205.0,24.090006618133685,4361.0,6760,848.75,152,4205.75,1.0369137490340605,True
pubmed_deepres28_w128,8,R3_MOSAIC_ANCHOR,32,55,128,2049.0,21.847070506454816,4361.0,6676,835.0,121,3005.0,1.4512479201331114,True
pubmed_deepres28_w128,8,R3_MOSAIC_ANCHOR,32,60,128,2049.0,23.83316782522344,4361.0,6688,851.25,130,3030.25,1.4391551852157414,True
pubmed_deepres28_w128,8,R3_MOSAIC_ANCHOR,32,60,128,2049.0,23.83316782522344,4361.0,6660,891.25,130,3070.25,1.4204055044377493,True
pubmed_deepres28_w128,8,R3_MOSAIC_ANCHOR,32,69,128,2943.0,18.26604897418928,4361.0,6656,952.5,144,4039.5,1.079589058051739,True
pubmed_deepres28_w128,8,R3_MOSAIC_ANCHOR,32,65,128,2943.0,17.207147584381204,4361.0,6876,855.0,131,3929.0,1.109951641639094,True
pubmed_deepres28_w128,8,R3_MOSAIC_ANCHOR,32,98,128,3837.0,19.45409429280397,4361.0,6684,852.5,161,4850.5,0.8990825688073395,True
pubmed_deepres28_w128,8,R3_MOSAIC_ANCHOR,32,66,128,2943.0,17.47187293183322,4361.0,6556,817.5,131,3891.5,1.1206475652062187,True
pubmed_deepres28_w128,8,R3_MOSAIC_ANCHOR,32,90,128,3205.0,23.825281270681668,4361.0,6904,980.0,162,4347.0,1.003220611916264,True
pubmed_deepres28_w128,8,R3_MOSAIC_ANCHOR,32,77,128,2943.0,20.383851753805427,4361.0,6852,912.5,146,4001.5,1.089841309508934,True
pubmed_deepres28_w128,8,R3_MOSAIC_ANCHOR,32,62,128,2311.0,24.627606752730884,4361.0,6052,916.25,137,3364.25,1.2962770305417255,True
pubmed_deepres28_w128,8,R3_MOSAIC_ANCHOR,32,62,128,2311.0,24.627606752730884,4361.0,6896,907.5,134,3352.5,1.3008202833706188,True
pubmed_deepres28_w128,8,R3_MOSAIC_ANCHOR,32,96,128,3205.0,25.413633355393777,4361.0,6804,876.25,158,4239.25,1.028719702777614,True
pubmed_deepres28_w128,8,R3_MOSAIC_ANCHOR,32,66,128,2943.0,17.47187293183322,4361.0,6528,870.0,136,3949.0,1.1043302101797923,True
pubmed_deepres28_w128,8,R3_MOSAIC_ANCHOR,32,58,128,2049.0,23.038728897715988,4361.0,6648,891.25,128,3068.25,1.4213313778212335,True
pubmed_deepres28_w128,8,R3_MOSAIC_ANCHOR,32,65,128,2943.0,17.207147584381204,4361.0,6756,916.25,137,3996.25,1.0912730685017205,True
pubmed_deepres28_w128,8,R3_MOSAIC_ANCHOR,32,94,128,3205.0,24.884182660489746,4361.0,7096,845.0,155,4205.0,1.0370986920332936,True
pubmed_deepres28_w128,8,R3_MOSAIC_ANCHOR,32,85,128,3205.0,22.501654533421576,4361.0,6252,898.75,151,4254.75,1.0249720900170398,True
pubmed_deepres28_w128,8,R3_MOSAIC_ANCHOR,32,71,128,2943.0,18.79549966909332,4361.0,6788,915.0,140,3998.0,1.0907953976988494,True
pubmed_deepres28_w128,8,R3_MOSAIC_ANCHOR,32,65,128,2943.0,17.207147584381204,4361.0,6532,878.75,137,3958.75,1.101610356804547,True
pubmed_deepres28_w128,8,R3_MOSAIC_ANCHOR,32,79,128,2943.0,20.913302448709462,4361.0,6736,811.25,141,3895.25,1.1195687054746166,True
pubmed_deepres28_w128,8,R3_MOSAIC_ANCHOR,32,74,128,2943.0,19.58967571144937,4361.0,6888,877.5,141,3961.5,1.1008456392780512,True
pubmed_deepres28_w128,8,R3_MOSAIC_ANCHOR,32,60,128,2049.0,23.83316782522344,4361.0,6008,897.5,133,3079.5,1.416138983601234,True
pubmed_deepres28_w128,8,R3_MOSAIC_ANCHOR,32,72,128,2943.0,19.06022501654533,4361.0,6652,823.75,136,3902.75,1.1174172058164116,True
pubmed_deepres28_w128,8,R3_MOSAIC_ANCHOR,32,63,128,2311.0,25.02482621648461,4361.0,7104,807.5,126,3244.5,1.3441208198489751,True
pubmed_deepres28_w128,8,R3_MOSAIC_ANCHOR,32,62,128,2311.0,24.627606752730884,4361.0,6624,897.5,133,3341.5,1.3051024988777495,True
pubmed_deepres28_w128,8,R3_MOSAIC_ANCHOR,32,97,128,3837.0,19.255583126550867,4361.0,6428,846.25,157,4840.25,0.9009865192913589,True
pubmed_deepres28_w128,8,R3_MOSAIC_ANCHOR,32,71,128,2943.0,18.79549966909332,4361.0,6732,992.5,146,4081.5,1.0684797255910816,True
pubmed_deepres28_w128,8,R3_MOSAIC_ANCHOR,32,59,128,2049.0,23.435948361469716,4361.0,6572,778.75,123,2950.75,1.4779293399983056,True
pubmed_deepres28_w128,8,R3_MOSAIC_ANCHOR,32,86,128,3205.0,22.766379880873597,4361.0,6504,953.75,156,4314.75,1.0107190451358712,True
pubmed_deepres28_w128,8,R3_MOSAIC_ANCHOR,32,56,128,2049.0,22.24428997020854,4361.0,5988,881.25,129,3059.25,1.4255127890822914,True
pubmed_deepres28_w128,8,R3_MOSAIC_ANCHOR,32,58,128,2049.0,23.038728897715988,4361.0,6344,826.25,127,3002.25,1.4525772337413607,True
pubmed_deepres28_w128,8,R3_MOSAIC_ANCHOR,32,73,128,2943.0,19.324950363997356,4361.0,7012,835.0,139,3917.0,1.113352055144243,True
pubmed_deepres28_w128,8,R3_MOSAIC_ANCHOR,32,73,128,2943.0,19.324950363997356,4361.0,6864,910.0,141,3994.0,1.0918878317476215,True
pubmed_deepres28_w128,8,R3_MOSAIC_ANCHOR,32,67,128,2943.0,17.736598279285243,4361.0,6064,960.0,141,4044.0,1.0783877349159248,True
pubmed_deepres28_w128,8,R3_MOSAIC_ANCHOR,32,60,128,2049.0,23.83316782522344,4361.0,6424,806.25,127,2982.25,1.462318719087937,True
pubmed_deepres28_w128,8,R3_MOSAIC_ANCHOR,32,76,128,2943.0,20.11912640635341,4361.0,7120,963.75,151,4057.75,1.0747335345942948,True
pubmed_deepres28_w128,8,R3_MOSAIC_ANCHOR,32,78,128,2943.0,20.648577101257445,4361.0,6740,876.25,144,3963.25,1.1003595533968333,True
pubmed_deepres28_w128,8,R3_MOSAIC_ANCHOR,32,58,128,2049.0,23.038728897715988,4361.0,6092,880.0,131,3060.0,1.4251633986928105,True
pubmed_deepres28_w128,8,R3_MOSAIC_ANCHOR,32,59,128,2049.0,23.435948361469716,4361.0,6012,943.75,136,3128.75,1.3938473831402318,True
pubmed_deepres28_w128,8,R3_MOSAIC_ANCHOR,32,68,128,2943.0,18.00132362673726,4361.0,6788,921.25,140,4004.25,1.0890928388587127,True
pubmed_deepres28_w128,8,R3_MOSAIC_ANCHOR,32,85,128,3205.0,22.501654533421576,4361.0,7056,765.0,143,4113.0,1.0602966204716753,True
pubmed_deepres28_w128,8,R3_MOSAIC_ANCHOR,32,56,128,2049.0,22.24428997020854,4361.0,6312,772.5,121,2942.5,1.4820730671197961,True
pubmed_deepres28_w128,8,R3_MOSAIC_ANCHOR,32,55,128,2049.0,21.847070506454816,4361.0,6104,885.0,130,3064.0,1.4233028720626633,True
pubmed_deepres28_w128,8,R3_MOSAIC_ANCHOR,32,82,128,3205.0,21.70747849106552,4361.0,6580,957.5,152,4314.5,1.0107776103835902,True
pubmed_deepres28_w128,8,R3_MOSAIC_ANCHOR,32,69,128,2943.0,18.26604897418928,4361.0,7048,1017.5,148,4108.5,1.061457953024218,True
pubmed_deepres28_w128,8,R3_MOSAIC_ANCHOR,32,57,128,2049.0,22.641509433962263,4361.0,6184,837.5,127,3013.5,1.4471544715447155,True
pubmed_deepres28_w128,8,R3_MOSAIC_ANCHOR,32,64,128,2311.0,25.42204568023833,4361.0,6368,805.0,130,3246.0,1.3434996919285274,True
pubmed_deepres28_w128,8,R3_MOSAIC_ANCHOR,32,93,128,3205.0,24.619457313037724,4361.0,6892,861.25,156,4222.25,1.0328616259103558,True
pubmed_deepres28_w128,8,R3_MOSAIC_ANCHOR,32,68,128,2943.0,18.00132362673726,4361.0,6876,871.25,135,3949.25,1.1042603025890991,True
pubmed_deepres28_w128,8,R3_MOSAIC_ANCHOR,32,69,128,2943.0,18.26604897418928,4361.0,6724,910.0,138,3991.0,1.0927085943372588,True
pubmed_deepres28_w128,8,R3_MOSAIC_ANCHOR,32,62,128,2311.0,24.627606752730884,4361.0,6532,621.25,113,3045.25,1.432066332813398,True
pubmed_deepres28_w128,8,R3_MOSAIC_ANCHOR,32,98,128,3837.0,19.45409429280397,4361.0,6760,981.25,167,4985.25,0.8747806027781957,True
pubmed_deepres28_w128,8,R3_MOSAIC_ANCHOR,32,67,128,2943.0,17.736598279285243,4361.0,6304,870.0,138,3951.0,1.1037711971652746,True
pubmed_deepres28_w128,8,R3_MOSAIC_ANCHOR,32,71,128,2943.0,18.79549966909332,4361.0,7200,725.0,129,3797.0,1.1485383197260997,True
pubmed_deepres28_w128,8,R3_MOSAIC_ANCHOR,32,76,128,2943.0,20.11912640635341,4361.0,6996,1098.75,159,4200.75,1.0381479497708743,True
pubmed_deepres28_w128,8,R3_MOSAIC_ANCHOR,32,96,128,3205.0,25.413633355393777,4361.0,6712,1016.25,168,4389.25,0.993563820698297,True
pubmed_deepres28_w128,8,R3_MOSAIC_ANCHOR,32,66,128,2943.0,17.47187293183322,4361.0,6220,828.75,132,3903.75,1.1171309638168427,True
pubmed_deepres28_w128,8,R3_MOSAIC_ANCHOR,32,67,128,2943.0,17.736598279285243,4361.0,7168,696.25,123,3762.25,1.1591467871619376,True
pubmed_deepres28_w128,8,R3_MOSAIC_ANCHOR,32,68,128,2943.0,18.00132362673726,4361.0,7100,623.75,119,3685.75,1.183205589093129,True
pubmed_deepres28_w128,8,R3_MOSAIC_ANCHOR,32,66,128,2943.0,17.47187293183322,4361.0,6692,670.0,121,3734.0,1.1679164434922336,True
pubmed_deepres28_w128,8,R3_MOSAIC_ANCHOR,32,99,128,3837.0,19.65260545905707,4361.0,6752,1012.5,171,5020.5,0.8686385818145603,True
pubmed_deepres28_w128,8,R3_MOSAIC_ANCHOR,32,64,128,2311.0,25.42204568023833,4361.0,7120,683.75,119,3113.75,1.4005620232838218,True
pubmed_deepres28_w128,8,R3_MOSAIC_ANCHOR,32,61,128,2049.0,24.23038728897716,4361.0,6436,673.75,115,2837.75,1.5367809003612016,True
pubmed_deepres28_w128,8,R3_MOSAIC_ANCHOR,32,99,128,3837.0,19.65260545905707,4361.0,6632,1001.25,171,5009.25,0.8705894095922543,True
pubmed_deepres28_w128,8,R3_MOSAIC_ANCHOR,32,72,128,2943.0,19.06022501654533,4361.0,7020,685.0,126,3754.0,1.1616941928609483,True
pubmed_deepres28_w128,8,R3_MOSAIC_ANCHOR,32,68,128,2943.0,18.00132362673726,4361.0,6992,651.25,119,3713.25,1.1744428734935703,True
pubmed_deepres28_w128,8,R3_MOSAIC_ANCHOR,32,55,128,2049.0,21.847070506454816,4361.0,5952,881.25,128,3058.25,1.425978909507071,True
pubmed_deepres28_w128,8,R3_MOSAIC_ANCHOR,32,74,128,2943.0,19.58967571144937,4361.0,6260,873.75,143,3959.75,1.101332154807753,True
pubmed_deepres28_w128,8,R3_MOSAIC_ANCHOR,32,76,128,2943.0,20.11912640635341,4361.0,6700,916.25,147,4006.25,1.0885491419656785,True
pubmed_deepres28_w128,8,R3_MOSAIC_ANCHOR,32,59,128,2049.0,23.435948361469716,4361.0,6528,755.0,121,2925.0,1.4909401709401708,True
pubmed_deepres28_w128,8,R3_MOSAIC_ANCHOR,32,59,128,2049.0,23.435948361469716,4361.0,6644,651.25,113,2813.25,1.5501644006042834,True
pubmed_deepres28_w128,8,R3_MOSAIC_ANCHOR,32,97,128,3837.0,19.255583126550867,4361.0,6756,908.75,162,4907.75,0.8885945698130507,True
pubmed_deepres28_w128,8,R3_MOSAIC_ANCHOR,32,74,128,2943.0,19.58967571144937,4361.0,7232,897.5,143,3983.5,1.0947659093761768,True
pubmed_deepres28_w128,8,R3_MOSAIC_ANCHOR,32,64,128,2311.0,25.42204568023833,4361.0,6028,912.5,137,3360.5,1.297723553042702,True
pubmed_deepres28_w128,8,R3_MOSAIC_ANCHOR,32,67,128,2943.0,17.736598279285243,4361.0,6660,768.75,129,3840.75,1.1354553147171775,True
pubmed_deepres28_w128,8,R3_MOSAIC_ANCHOR,32,99,128,3837.0,19.65260545905707,4361.0,6824,868.75,159,4864.75,0.8964489439333985,True
pubmed_deepres28_w128,8,R3_MOSAIC_ANCHOR,32,69,128,2943.0,18.26604897418928,4361.0,7164,656.25,123,3722.25,1.1716031969910672,True
pubmed_deepres28_w128,8,R3_MOSAIC_ANCHOR,32,83,128,3205.0,21.972203838517537,4361.0,6748,948.75,156,4309.75,1.0118916410464645,True
pubmed_deepres28_w128,8,R3_MOSAIC_ANCHOR,32,96,128,3205.0,25.413633355393777,4361.0,6560,916.25,162,4283.25,1.0181521041265393,True
pubmed_deepres28_w128,8,R3_MOSAIC_ANCHOR,32,67,128,2943.0,17.736598279285243,4361.0,6916,687.5,120,3750.5,1.1627782962271698,True
pubmed_deepres28_w128,8,R3_MOSAIC_ANCHOR,32,69,128,2943.0,18.26604897418928,4361.0,7376,978.75,147,4068.75,1.0718279569892473,True
pubmed_deepres28_w128,8,R3_MOSAIC_ANCHOR,32,66,128,2943.0,17.47187293183322,4361.0,7084,600.0,114,3657.0,1.1925075198249933,True
pubmed_deepres28_w128,8,R3_MOSAIC_ANCHOR,32,67,128,2943.0,17.736598279285243,4361.0,6824,646.25,119,3708.25,1.17602642756017,True
pubmed_deepres28_w128,8,R3_MOSAIC_ANCHOR,32,98,128,3837.0,19.45409429280397,4361.0,6860,908.75,163,4908.75,0.8884135472370767,True
pubmed_deepres28_w128,8,R3_MOSAIC_ANCHOR,32,71,128,2943.0,18.79549966909332,4361.0,6892,783.75,131,3857.75,1.130451688160197,True
pubmed_deepres28_w128,8,R3_MOSAIC_ANCHOR,32,58,128,2049.0,23.038728897715988,4361.0,6348,702.5,115,2866.5,1.5213675213675213,True
pubmed_deepres28_w128,8,R3_MOSAIC_ANCHOR,32,63,128,2311.0,25.02482621648461,4361.0,6624,952.5,138,3401.5,1.2820814346611789,True
pubmed_deepres28_w128,8,R3_MOSAIC_ANCHOR,32,61,128,2049.0,24.23038728897716,4361.0,6936,643.75,114,2806.75,1.553754342210742,True
pubmed_deepres28_w128,8,R3_MOSAIC_ANCHOR,32,64,128,2311.0,25.42204568023833,4361.0,6984,863.75,132,3306.75,1.3188175701217206,True
pubmed_deepres28_w128,8,R3_MOSAIC_ANCHOR,32,96,128,3205.0,25.413633355393777,4361.0,6976,1023.75,169,4397.75,0.9916434540389972,True
pubmed_deepres28_w128,8,R3_MOSAIC_ANCHOR,32,62,128,2311.0,24.627606752730884,4361.0,6612,956.25,136,3403.25,1.2814221699845736,True
pubmed_deepres28_w128,8,R3_MOSAIC_ANCHOR,32,93,128,3205.0,24.619457313037724,4361.0,6684,992.5,166,4363.5,0.999427065429128,True
pubmed_deepres28_w128,8,R3_MOSAIC_ANCHOR,32,65,128,2943.0,17.207147584381204,4361.0,6352,901.25,136,3980.25,1.0956598203630425,True
pubmed_deepres28_w128,8,R3_MOSAIC_ANCHOR,32,54,128,2049.0,21.44985104270109,4361.0,6520,980.0,133,3162.0,1.379190385831752,True
pubmed_deepres28_w128,8,R3_MOSAIC_ANCHOR,32,70,128,2943.0,18.530774321641296,4361.0,6808,856.25,136,3935.25,1.1081888063020138,True
pubmed_deepres28_w128,8,R3_MOSAIC_ANCHOR,32,58,128,2049.0,23.038728897715988,4361.0,6436,995.0,139,3183.0,1.370091109016651,True
pubmed_deepres28_w128,8,R3_MOSAIC_ANCHOR,32,96,128,3205.0,25.413633355393777,4361.0,6720,1103.75,174,4482.75,0.9728403323852546,True
pubmed_deepres28_w128,8,R3_MOSAIC_ANCHOR,32,58,128,2049.0,23.038728897715988,4361.0,6656,898.75,129,3076.75,1.4174047290160072,True
pubmed_deepres28_w128,8,R3_MOSAIC_ANCHOR,32,67,128,2943.0,17.736598279285243,4361.0,6592,981.25,146,4070.25,1.0714329586634728,True
pubmed_deepres28_w128,8,R3_MOSAIC_ANCHOR,32,76,128,2943.0,20.11912640635341,4361.0,6632,833.75,142,3918.75,1.1128548644338119,True
pubmed_deepres28_w128,8,R3_MOSAIC_ANCHOR,32,62,128,2311.0,24.627606752730884,4361.0,6368,777.5,127,3215.5,1.3562431970144613,True
pubmed_deepres28_w128,8,R3_MOSAIC_ANCHOR,32,73,128,2943.0,19.324950363997356,4361.0,6704,952.5,145,4040.5,1.07932186610568,True
pubmed_deepres28_w128,8,R3_MOSAIC_ANCHOR,32,70,128,2943.0,18.530774321641296,4361.0,6616,877.5,139,3959.5,1.1014016921328451,True
pubmed_deepres28_w128,8,R3_MOSAIC_ANCHOR,32,92,128,3205.0,24.354731965585703,4361.0,6340,857.5,155,4217.5,1.0340248962655603,True
pubmed_deepres28_w128,8,R3_MOSAIC_ANCHOR,32,62,128,2311.0,24.627606752730884,4361.0,6860,913.75,134,3358.75,1.2983997022701899,True
pubmed_deepres28_w128,8,R3_MOSAIC_ANCHOR,32,62,128,2311.0,24.627606752730884,4361.0,6860,948.75,134,3393.75,1.2850092081031308,True
pubmed_deepres28_w128,8,R3_MOSAIC_ANCHOR,32,64,128,2311.0,25.42204568023833,4361.0,7072,841.25,128,3280.25,1.3294718390366589,True
pubmed_deepres28_w128,8,R3_MOSAIC_ANCHOR,32,95,128,3205.0,25.14890800794176,4361.0,7032,945.0,162,4312.0,1.0113636363636365,True
pubmed_deepres28_w128,8,R3_MOSAIC_ANCHOR,32,88,128,3205.0,23.295830575777632,4361.0,6476,860.0,153,4218.0,1.0339023233760076,True
pubmed_deepres28_w128,8,R3_MOSAIC_ANCHOR,32,64,128,2311.0,25.42204568023833,4361.0,6560,998.75,141,3450.75,1.2637832355285084,True
pubmed_deepres28_w128,8,R3_MOSAIC_ANCHOR,32,58,128,2049.0,23.038728897715988,4361.0,6368,1042.5,141,3232.5,1.349110595514308,True
pubmed_deepres28_w128,8,R3_MOSAIC_ANCHOR,32,91,128,3205.0,24.090006618133685,4361.0,6556,1206.25,177,4588.25,0.9504713125919468,True
pubmed_deepres28_w128,8,R3_MOSAIC_ANCHOR,32,66,128,2943.0,17.47187293183322,4361.0,6656,911.25,137,3991.25,1.0926401503288443,True
pubmed_deepres28_w128,8,R3_MOSAIC_ANCHOR,32,61,128,2049.0,24.23038728897716,4361.0,6388,995.0,139,3183.0,1.370091109016651,True
pubmed_deepres28_w128,8,R3_MOSAIC_ANCHOR,32,57,128,2049.0,22.641509433962263,4361.0,6740,803.75,120,2972.75,1.466991842570011,True
pubmed_deepres28_w128,8,R3_MOSAIC_ANCHOR,32,93,128,3205.0,24.619457313037724,4361.0,6724,1077.5,171,4453.5,0.9792298192432918,True
pubmed_deepres28_w128,8,R3_MOSAIC_ANCHOR,32,69,128,2943.0,18.26604897418928,4361.0,6712,983.75,146,4072.75,1.0707752746915475,True
pubmed_deepres28_w128,8,R3_MOSAIC_ANCHOR,32,59,128,2049.0,23.435948361469716,4361.0,6456,915.0,133,3097.0,1.4081369066838876,True
pubmed_deepres28_w128,8,R3_MOSAIC_ANCHOR,32,61,128,2049.0,24.23038728897716,4361.0,6652,968.75,137,3154.75,1.382359933433711,True
pubmed_deepres28_w128,8,R3_MOSAIC_ANCHOR,32,85,128,3205.0,22.501654533421576,4361.0,6848,1002.5,159,4366.5,0.9987404099393107,True
pubmed_deepres28_w128,8,R3_MOSAIC_ANCHOR,32,67,128,2943.0,17.736598279285243,4361.0,6756,886.25,134,3963.25,1.1003595533968333,True
pubmed_deepres28_w128,8,R3_MOSAIC_ANCHOR,32,56,128,2049.0,22.24428997020854,4361.0,6704,841.25,122,3012.25,1.4477550004149722,True
pubmed_deepres28_w128,8,R3_MOSAIC_ANCHOR,32,62,128,2311.0,24.627606752730884,4361.0,6732,850.0,129,3290.0,1.325531914893617,True
pubmed_deepres28_w128,8,R3_MOSAIC_ANCHOR,32,99,128,3837.0,19.65260545905707,4361.0,6748,881.25,160,4878.25,0.8939681238148927,True
pubmed_deepres28_w128,8,R3_MOSAIC_ANCHOR,32,58,128,2049.0,23.038728897715988,4361.0,6728,843.75,125,3017.75,1.4451163946648993,True
pubmed_deepres28_w128,8,R3_MOSAIC_ANCHOR,32,65,128,2943.0,17.207147584381204,4361.0,6816,876.25,133,3952.25,1.1034221013346828,True
pubmed_deepres28_w128,8,R3_MOSAIC_ANCHOR,32,58,128,2049.0,23.038728897715988,4361.0,6688,891.25,129,3069.25,1.420868290298933,True
pubmed_deepres28_w128,8,R3_MOSAIC_ANCHOR,32,81,128,2943.0,21.4427531436135,4361.0,6952,986.25,156,4085.25,1.0674989290741081,True
pubmed_deepres28_w128,8,R3_MOSAIC_ANCHOR,32,72,128,2943.0,19.06022501654533,4361.0,6868,906.25,141,3990.25,1.0929139778209385,True
pubmed_deepres28_w128,8,R3_MOSAIC_ANCHOR,32,83,128,3205.0,21.972203838517537,4361.0,6540,926.25,154,4285.25,1.017676914999125,True
pubmed_deepres28_w128,8,R3_MOSAIC_ANCHOR,32,63,128,2311.0,25.02482621648461,4361.0,6640,927.5,136,3374.5,1.2923396058675358,True
pubmed_deepres28_w128,8,R3_MOSAIC_ANCHOR,32,56,128,2049.0,22.24428997020854,4361.0,6456,688.75,113,2850.75,1.5297728667894415,True
pubmed_deepres28_w128,8,R3_MOSAIC_ANCHOR,32,84,128,3205.0,22.23692918596956,4361.0,6716,851.25,148,4204.25,1.0372837010168283,True
pubmed_deepres28_w128,8,R3_MOSAIC_ANCHOR,32,96,128,3205.0,25.413633355393777,4361.0,6824,928.75,161,4294.75,1.015425810582688,True
pubmed_deepres28_w128,8,R3_MOSAIC_ANCHOR,32,84,128,3205.0,22.23692918596956,4361.0,6792,985.0,156,4346.0,1.0034514496088358,True
pubmed_deepres28_w128,8,R3_MOSAIC_ANCHOR,32,70,128,2943.0,18.530774321641296,4361.0,7072,873.75,138,3954.75,1.102724571717555,True
pubmed_deepres28_w128,8,R3_MOSAIC_ANCHOR,32,77,128,2943.0,20.383851753805427,4361.0,6416,977.5,152,4072.5,1.070841006752609,True
pubmed_deepres28_w128,8,R3_MOSAIC_ANCHOR,32,68,128,2943.0,18.00132362673726,4361.0,7020,887.5,136,3966.5,1.099457960418505,True
pubmed_deepres28_w128,8,R3_MOSAIC_ANCHOR,32,66,128,2943.0,17.47187293183322,4361.0,6860,876.25,134,3953.25,1.1031429836210713,True
pubmed_deepres28_w128,8,R3_MOSAIC_ANCHOR,32,64,128,2311.0,25.42204568023833,4361.0,6708,736.25,123,3170.25,1.3756012932734012,True
pubmed_deepres28_w128,8,R3_MOSAIC_ANCHOR,32,97,128,3837.0,19.255583126550867,4361.0,6828,877.5,160,4874.5,0.8946558621397066,True
pubmed_deepres28_w128,8,R3_MOSAIC_ANCHOR,32,71,128,2943.0,18.79549966909332,4361.0,6936,896.25,138,3977.25,1.0964862656358036,True
pubmed_deepres28_w128,8,R3_MOSAIC_ANCHOR,32,66,128,2943.0,17.47187293183322,4361.0,7024,661.25,121,3725.25,1.1706596872693107,True
pubmed_deepres28_w128,8,R3_MOSAIC_ANCHOR,32,67,128,2943.0,17.736598279285243,4361.0,6880,873.75,134,3950.75,1.1038410428399672,True
pubmed_deepres28_w128,8,R3_MOSAIC_ANCHOR,32,58,128,2049.0,23.038728897715988,4361.0,6720,931.25,134,3114.25,1.4003371598298147,True
pubmed_deepres28_w128,8,R3_MOSAIC_ANCHOR,32,95,128,3205.0,25.14890800794176,4361.0,6724,1046.25,170,4421.25,0.9863726321741589,True
pubmed_deepres28_w128,8,R3_MOSAIC_ANCHOR,32,78,128,2943.0,20.648577101257445,4361.0,6676,887.5,146,3976.5,1.0966930717968062,True
pubmed_deepres28_w128,8,R3_MOSAIC_ANCHOR,32,61,128,2049.0,24.23038728897716,4361.0,6724,858.75,129,3036.75,1.436074750967317,True
pubmed_deepres28_w128,8,R3_MOSAIC_ANCHOR,32,97,128,3837.0,19.255583126550867,4361.0,6740,981.25,167,4985.25,0.8747806027781957,True
pubmed_deepres28_w128,8,R3_MOSAIC_ANCHOR,32,63,128,2311.0,25.02482621648461,4361.0,7084,851.25,130,3292.25,1.3246260156427976,True
pubmed_deepres28_w128,8,R3_MOSAIC_ANCHOR,32,64,128,2311.0,25.42204568023833,4361.0,6856,886.25,133,3330.25,1.3095112979506043,True
pubmed_deepres28_w128,8,R3_MOSAIC_ANCHOR,32,96,128,3205.0,25.413633355393777,4361.0,7116,782.5,152,4139.5,1.0535088778838024,True
pubmed_deepres28_w128,8,R3_MOSAIC_ANCHOR,32,68,128,2943.0,18.00132362673726,4361.0,6356,957.5,145,4045.5,1.0779878877765419,True
pubmed_deepres28_w128,8,R3_MOSAIC_ANCHOR,32,71,128,2943.0,18.79549966909332,4361.0,6764,900.0,141,3984.0,1.0946285140562249,True
pubmed_deepres28_w128,8,R3_MOSAIC_ANCHOR,32,64,128,2311.0,25.42204568023833,4361.0,6656,883.75,133,3327.75,1.3104950792577568,True
pubmed_deepres28_w128,8,R3_MOSAIC_ANCHOR,32,74,128,2943.0,19.58967571144937,4361.0,6728,971.25,146,4060.25,1.074071793608768,True
pubmed_deepres28_w128,8,R3_MOSAIC_ANCHOR,32,80,128,2943.0,21.178027796161484,4361.0,6560,850.0,144,3937.0,1.1076962153924308,True
pubmed_deepres28_w128,8,R3_MOSAIC_ANCHOR,32,63,128,2311.0,25.02482621648461,4361.0,6912,891.25,133,3335.25,1.3075481598081102,True
pubmed_deepres28_w128,8,R3_MOSAIC_ANCHOR,32,67,128,2943.0,17.736598279285243,4361.0,6824,903.75,136,3982.75,1.094972067039106,True
pubmed_deepres28_w128,8,R3_MOSAIC_ANCHOR,32,78,128,2943.0,20.648577101257445,4361.0,6732,908.75,148,3999.75,1.0903181448840553,True
pubmed_deepres28_w128,8,R3_MOSAIC_ANCHOR,32,66,128,2943.0,17.47187293183322,4361.0,6600,996.25,144,4083.25,1.068021796363191,True
pubmed_deepres28_w128,8,R3_MOSAIC_ANCHOR,32,80,128,2943.0,21.178027796161484,4361.0,6416,903.75,151,3997.75,1.0908636107810643,True
pubmed_deepres28_w128,8,R3_MOSAIC_ANCHOR,32,60,128,2049.0,23.83316782522344,4361.0,6792,922.5,133,3104.5,1.4047350620067645,True
pubmed_deepres28_w128,8,R3_MOSAIC_ANCHOR,32,68,128,2943.0,18.00132362673726,4361.0,6116,876.25,139,3958.25,1.1017495105160109,True
pubmed_deepres28_w128,8,R3_MOSAIC_ANCHOR,32,59,128,2049.0,23.435948361469716,4361.0,6500,828.75,128,3005.75,1.4508858022124262,True
pubmed_deepres28_w128,8,R3_MOSAIC_ANCHOR,32,71,128,2943.0,18.79549966909332,4361.0,6872,872.5,138,3953.5,1.103073226255217,True
pubmed_deepres28_w128,8,R3_MOSAIC_ANCHOR,32,62,128,2311.0,24.627606752730884,4361.0,7108,845.0,128,3284.0,1.3279537149817295,True
pubmed_deepres28_w128,8,R3_MOSAIC_ANCHOR,32,70,128,2943.0,18.530774321641296,4361.0,6632,955.0,142,4040.0,1.0794554455445544,True
pubmed_deepres28_w128,8,R3_MOSAIC_ANCHOR,32,63,128,2311.0,25.02482621648461,4361.0,6688,920.0,136,3367.0,1.2952182952182951,True
pubmed_deepres28_w128,8,R3_MOSAIC_ANCHOR,32,94,128,3205.0,24.884182660489746,4361.0,6420,851.25,157,4213.25,1.035067940426037,True
pubmed_deepres28_w128,8,R3_MOSAIC_ANCHOR,32,59,128,2049.0,23.435948361469716,4361.0,6696,858.75,129,3036.75,1.436074750967317,True
pubmed_deepres28_w128,8,R3_MOSAIC_ANCHOR,32,98,128,3837.0,19.45409429280397,4361.0,6808,813.75,157,4807.75,0.9070771150746191,True
pubmed_deepres28_w128,8,R3_MOSAIC_ANCHOR,32,74,128,2943.0,19.58967571144937,4361.0,6872,862.5,139,3944.5,1.1055900621118013,True
pubmed_deepres28_w128,8,R3_MOSAIC_ANCHOR,32,57,128,2049.0,22.641509433962263,4361.0,6660,903.75,128,3080.75,1.415564391787714,True
pubmed_deepres28_w128,8,R3_MOSAIC_ANCHOR,32,67,128,2943.0,17.736598279285243,4361.0,6832,876.25,136,3955.25,1.1025851716073574,True
pubmed_deepres28_w128,8,R3_MOSAIC_ANCHOR,32,97,128,3837.0,19.255583126550867,4361.0,6868,998.75,168,5003.75,0.8715463402448164,True
pubmed_deepres28_w128,8,R3_MOSAIC_ANCHOR,32,59,128,2049.0,23.435948361469716,4361.0,6360,860.0,129,3038.0,1.435483870967742,True
pubmed_deepres28_w128,8,R3_MOSAIC_ANCHOR,32,80,128,2943.0,21.178027796161484,4361.0,6668,1052.5,158,4153.5,1.0499578668592753,True
pubmed_deepres28_w128,8,R3_MOSAIC_ANCHOR,32,62,128,2311.0,24.627606752730884,4361.0,6584,1011.25,143,3465.25,1.2584950580766179,True
pubmed_deepres28_w128,8,R3_MOSAIC_ANCHOR,32,94,128,3205.0,24.884182660489746,4361.0,6752,812.5,151,4168.5,1.0461796809403863,True
pubmed_deepres28_w128,8,R3_MOSAIC_ANCHOR,32,64,128,2311.0,25.42204568023833,4361.0,6956,868.75,132,3311.75,1.316826451271986,True
pubmed_deepres28_w128,8,R3_MOSAIC_ANCHOR,32,82,128,3205.0,21.70747849106552,4361.0,6368,888.75,150,4243.75,1.0276288659793815,True
pubmed_deepres28_w128,8,R3_MOSAIC_ANCHOR,32,58,128,2049.0,23.038728897715988,4361.0,6696,892.5,129,3070.5,1.4202898550724639,True
pubmed_deepres28_w128,8,R3_MOSAIC_ANCHOR,32,97,128,3837.0,19.255583126550867,4361.0,6984,968.75,167,4972.75,0.8769795384847419,True
pubmed_deepres28_w128,8,R3_MOSAIC_ANCHOR,32,87,128,3205.0,23.03110522832561,4361.0,6388,971.25,158,4334.25,1.0061717713560594,True
pubmed_deepres28_w128,8,R3_MOSAIC_ANCHOR,32,68,128,2943.0,18.00132362673726,4361.0,6784,970.0,143,4056.0,1.0751972386587771,True
pubmed_deepres28_w128,8,R3_MOSAIC_ANCHOR,32,66,128,2943.0,17.47187293183322,4361.0,6824,896.25,136,3975.25,1.0970379221432613,True
pubmed_deepres28_w128,8,R3_MOSAIC_ANCHOR,32,78,128,2943.0,20.648577101257445,4361.0,6852,750.0,136,3829.0,1.1389396709323583,True
pubmed_deepres28_w128,8,R3_MOSAIC_ANCHOR,32,71,128,2943.0,18.79549966909332,4361.0,6532,880.0,141,3964.0,1.1001513622603432,True
pubmed_deepres28_w128,8,R3_MOSAIC_ANCHOR,32,68,128,2943.0,18.00132362673726,4361.0,6260,1015.0,146,4104.0,1.0626218323586745,True
pubmed_deepres28_w128,8,R3_MOSAIC_ANCHOR,32,68,128,2943.0,18.00132362673726,4361.0,6756,905.0,137,3985.0,1.09435382685069,True
pubmed_deepres28_w128,8,R3_MOSAIC_ANCHOR,32,68,128,2943.0,18.00132362673726,4361.0,6664,808.75,132,3883.75,1.1228838107499195,True
pubmed_deepres28_w128,8,R3_MOSAIC_ANCHOR,32,94,128,3205.0,24.884182660489746,4361.0,6732,1078.75,172,4455.75,0.978735341973854,True
pubmed_deepres28_w128,8,R3_MOSAIC_ANCHOR,32,89,128,3205.0,23.56055592322965,4361.0,6740,1137.5,171,4513.5,0.966212473690041,True
pubmed_deepres28_w128,8,R3_MOSAIC_ANCHOR,32,64,128,2311.0,25.42204568023833,4361.0,6564,878.75,136,3325.75,1.3112831692099527,True
pubmed_deepres28_w128,8,R3_MOSAIC_ANCHOR,32,92,128,3205.0,24.354731965585703,4361.0,6676,893.75,156,4254.75,1.0249720900170398,True
pubmed_deepres28_w128,8,R3_MOSAIC_ANCHOR,32,66,128,2943.0,17.47187293183322,4361.0,7016,846.25,130,3919.25,1.1127128914970976,True
pubmed_deepres28_w128,8,R3_MOSAIC_ANCHOR,32,75,128,2943.0,19.85440105890139,4361.0,6240,1015.0,153,4111.0,1.0608124543906592,True
pubmed_deepres28_w128,8,R3_MOSAIC_ANCHOR,32,67,128,2943.0,17.736598279285243,4361.0,6808,907.5,137,3987.5,1.093667711598746,True
pubmed_deepres28_w128,8,R3_MOSAIC_ANCHOR,32,61,128,2049.0,24.23038728897716,4361.0,6520,708.75,120,2877.75,1.5154200330119016,True
pubmed_deepres28_w128,8,R3_MOSAIC_ANCHOR,32,67,128,2943.0,17.736598279285243,4361.0,6976,863.75,134,3940.75,1.106642136649115,True
pubmed_deepres28_w128,8,R3_MOSAIC_ANCHOR,32,86,128,3205.0,22.766379880873597,4361.0,6304,886.25,153,4244.25,1.027507804676916,True
pubmed_deepres28_w128,8,R3_MOSAIC_ANCHOR,32,59,128,2049.0,23.435948361469716,4361.0,6536,776.25,125,2950.25,1.4781798152698924,True
pubmed_deepres28_w128,8,R3_MOSAIC_ANCHOR,32,93,128,3205.0,24.619457313037724,4361.0,6192,827.5,154,4186.5,1.0416815956049206,True
pubmed_deepres28_w128,8,R3_MOSAIC_ANCHOR,32,63,128,2311.0,25.02482621648461,4361.0,7064,860.0,131,3302.0,1.3207147183525136,True
pubmed_deepres28_w128,8,R3_MOSAIC_ANCHOR,32,65,128,2943.0,17.207147584381204,4361.0,6656,941.25,137,4021.25,1.0844886540254897,True
pubmed_deepres28_w128,8,R3_MOSAIC_ANCHOR,32,63,128,2311.0,25.02482621648461,4361.0,6420,823.75,130,3264.75,1.335783750670036,True
pubmed_deepres28_w128,8,R3_MOSAIC_ANCHOR,32,72,128,2943.0,19.06022501654533,4361.0,7204,981.25,147,4071.25,1.071169788148603,True
pubmed_deepres28_w128,8,R3_MOSAIC_ANCHOR,32,92,128,3205.0,24.354731965585703,4361.0,6472,996.25,165,4366.25,0.9987975951903808,True
pubmed_deepres28_w128,8,R3_MOSAIC_ANCHOR,32,65,128,2943.0,17.207147584381204,4361.0,6372,1047.5,150,4140.5,1.0532544378698225,True
pubmed_deepres28_w128,8,R3_MOSAIC_ANCHOR,32,65,128,2943.0,17.207147584381204,4361.0,6700,821.25,130,3894.25,1.1198561982409962,True
pubmed_deepres28_w128,8,R3_MOSAIC_ANCHOR,32,81,128,2943.0,21.4427531436135,4361.0,6804,975.0,155,4073.0,1.07070955069973,True
pubmed_deepres28_w128,8,R3_MOSAIC_ANCHOR,32,60,128,2049.0,23.83316782522344,4361.0,6084,895.0,134,3078.0,1.416829109811566,True
pubmed_deepres28_w128,8,R3_MOSAIC_ANCHOR,32,80,128,2943.0,21.178027796161484,4361.0,6924,900.0,145,3988.0,1.093530591775326,True
pubmed_deepres28_w128,8,R3_MOSAIC_ANCHOR,32,61,128,2049.0,24.23038728897716,4361.0,6540,1077.5,146,3272.5,1.3326203208556149,True
pubmed_deepres28_w128,8,R3_MOSAIC_ANCHOR,32,76,128,2943.0,20.11912640635341,4361.0,6716,1073.75,158,4174.75,1.04461344990718,True
pubmed_deepres28_w128,8,R3_MOSAIC_ANCHOR,32,68,128,2943.0,18.00132362673726,4361.0,6540,853.75,135,3931.75,1.109175303617982,True
pubmed_deepres28_w128,8,R3_MOSAIC_ANCHOR,32,82,128,3205.0,21.70747849106552,4361.0,6768,996.25,155,4356.25,1.0010903873744619,True
pubmed_deepres28_w128,8,R3_MOSAIC_ANCHOR,32,86,128,3205.0,22.766379880873597,4361.0,6804,825.0,146,4176.0,1.0443007662835249,True
pubmed_deepres28_w128,8,R3_MOSAIC_ANCHOR,32,73,128,2943.0,19.324950363997356,4361.0,6840,967.5,146,4056.5,1.0750647109577223,True
pubmed_deepres28_w128,8,R3_MOSAIC_ANCHOR,32,62,128,2311.0,24.627606752730884,4361.0,6248,855.0,132,3298.0,1.3223165554881746,True
pubmed_deepres28_w128,8,R3_MOSAIC_ANCHOR,32,59,128,2049.0,23.435948361469716,4361.0,6648,803.75,125,2977.75,1.4645285870204012,True
pubmed_deepres28_w128,8,R3_MOSAIC_ANCHOR,32,66,128,2943.0,17.47187293183322,4361.0,6672,920.0,138,4001.0,1.089977505623594,True
pubmed_deepres28_w128,8,R3_MOSAIC_ANCHOR,32,61,128,2049.0,24.23038728897716,4361.0,6576,743.75,122,2914.75,1.4961832061068703,True
pubmed_deepres28_w128,8,R3_MOSAIC_ANCHOR,32,72,128,2943.0,19.06022501654533,4361.0,7020,867.5,137,3947.5,1.1047498416719443,True
pubmed_deepres28_w128,8,R3_MOSAIC_ANCHOR,32,78,128,2943.0,20.648577101257445,4361.0,6384,930.0,149,4022.0,1.084286424664346,True
pubmed_deepres28_w128,8,R3_MOSAIC_ANCHOR,32,59,128,2049.0,23.435948361469716,4361.0,6700,917.5,132,3098.5,1.4074552202678716,True
pubmed_deepres28_w128,8,R3_MOSAIC_ANCHOR,32,98,128,3837.0,19.45409429280397,4361.0,7048,921.25,163,4921.25,0.8861569723139446,True
pubmed_deepres28_w128,8,R3_MOSAIC_ANCHOR,32,72,128,2943.0,19.06022501654533,4361.0,6284,917.5,144,4004.5,1.089024847047072,True
pubmed_deepres28_w128,8,R3_MOSAIC_ANCHOR,32,78,128,2943.0,20.648577101257445,4361.0,6776,921.25,148,4012.25,1.0869213035080068,True
pubmed_deepres28_w128,8,R3_MOSAIC_ANCHOR,32,68,128,2943.0,18.00132362673726,4361.0,7040,888.75,135,3966.75,1.0993886683052878,True
pubmed_deepres28_w128,8,R3_MOSAIC_ANCHOR,32,71,128,2943.0,18.79549966909332,4361.0,6620,823.75,136,3902.75,1.1174172058164116,True
pubmed_deepres28_w128,8,R3_MOSAIC_ANCHOR,32,97,128,3837.0,19.255583126550867,4361.0,6648,950.0,165,4952.0,0.880654281098546,True
pubmed_deepres28_w128,8,R3_MOSAIC_ANCHOR,32,63,128,2311.0,25.02482621648461,4361.0,6828,932.5,135,3378.5,1.2908095308568892,True
pubmed_deepres28_w128,8,R3_MOSAIC_ANCHOR,32,68,128,2943.0,18.00132362673726,4361.0,6936,892.5,136,3971.5,1.098073775651517,True
pubmed_deepres28_w128,8,R3_MOSAIC_ANCHOR,32,62,128,2311.0,24.627606752730884,4361.0,6572,773.75,126,3210.75,1.3582496301487192,True
pubmed_deepres28_w128,8,R3_MOSAIC_ANCHOR,32,87,128,3205.0,23.03110522832561,4361.0,6460,965.0,158,4328.0,1.0076247689463955,True
pubmed_deepres28_w128,8,R3_MOSAIC_ANCHOR,32,61,128,2049.0,24.23038728897716,4361.0,6752,870.0,131,3050.0,1.4298360655737705,True
pubmed_deepres28_w128,8,R3_MOSAIC_ANCHOR,32,61,128,2049.0,24.23038728897716,4361.0,6312,817.5,129,2995.5,1.455850442330162,True
pubmed_deepres28_w128,8,R3_MOSAIC_ANCHOR,32,75,128,2943.0,19.85440105890139,4361.0,6508,877.5,142,3962.5,1.1005678233438485,True
pubmed_deepres28_w128,8,R3_MOSAIC_ANCHOR,32,90,128,3205.0,23.825281270681668,4361.0,6900,900.0,155,4260.0,1.0237089201877934,True
pubmed_deepres28_w128,8,R3_MOSAIC_ANCHOR,32,69,128,2943.0,18.26604897418928,4361.0,6700,970.0,144,4057.0,1.0749322159230958,True
pubmed_deepres28_w128,8,R3_MOSAIC_ANCHOR,32,68,128,2943.0,18.00132362673726,4361.0,6636,826.25,135,3904.25,1.1169878978036756,True
pubmed_deepres28_w128,8,R3_MOSAIC_ANCHOR,32,75,128,2943.0,19.85440105890139,4361.0,7228,841.25,140,3924.25,1.111295151939861,True
pubmed_deepres28_w128,8,R3_MOSAIC_ANCHOR,32,73,128,2943.0,19.324950363997356,4361.0,6784,1007.5,149,4099.5,1.0637882668618124,True
pubmed_deepres28_w128,8,R3_MOSAIC_ANCHOR,32,77,128,2943.0,20.383851753805427,4361.0,6360,997.5,152,4092.5,1.0656078191814295,True
pubmed_deepres28_w128,8,R3_MOSAIC_ANCHOR,32,81,128,2943.0,21.4427531436135,4361.0,6588,992.5,157,4092.5,1.0656078191814295,True
pubmed_deepres28_w128,8,R3_MOSAIC_ANCHOR,32,58,128,2049.0,23.038728897715988,4361.0,6576,705.0,116,2870.0,1.5195121951219512,True
pubmed_deepres28_w128,8,R3_MOSAIC_ANCHOR,32,74,128,2943.0,19.58967571144937,4361.0,6832,976.25,147,4066.25,1.0724869351367967,True
pubmed_deepres28_w128,8,R3_MOSAIC_ANCHOR,32,86,128,3205.0,22.766379880873597,4361.0,7100,815.0,146,4166.0,1.0468074891982717,True
pubmed_deepres28_w128,8,R3_MOSAIC_ANCHOR,32,70,128,2943.0,18.530774321641296,4361.0,6296,931.25,144,4018.25,1.0852983263858644,True
pubmed_deepres28_w128,8,R3_MOSAIC_ANCHOR,32,58,128,2049.0,23.038728897715988,4361.0,6892,630.0,112,2791.0,1.5625223934073809,True
pubmed_deepres28_w128,8,R3_MOSAIC_ANCHOR,32,99,128,3837.0,19.65260545905707,4361.0,6916,893.75,161,4891.75,0.8915009965758676,True
pubmed_deepres28_w128,8,R3_MOSAIC_ANCHOR,32,79,128,2943.0,20.913302448709462,4361.0,7312,953.75,152,4048.75,1.0771225686940413,True
pubmed_deepres28_w128,8,R3_MOSAIC_ANCHOR,32,61,128,2049.0,24.23038728897716,4361.0,6848,625.0,114,2788.0,1.5642037302725968,True
pubmed_deepres28_w128,8,R3_MOSAIC_ANCHOR,32,98,128,3837.0,19.45409429280397,4361.0,6636,933.75,165,4935.75,0.8835536645899813,True
pubmed_deepres28_w128,8,R3_MOSAIC_ANCHOR,32,62,128,2311.0,24.627606752730884,4361.0,6872,622.5,113,3046.5,1.4314787461020844,True
pubmed_deepres28_w128,8,R3_MOSAIC_ANCHOR,32,66,128,2943.0,17.47187293183322,4361.0,7088,825.0,131,3899.0,1.118491921005386,True
pubmed_deepres28_w128,8,R3_MOSAIC_ANCHOR,32,64,128,2311.0,25.42204568023833,4361.0,6856,697.5,120,3128.5,1.3939587661818762,True
pubmed_deepres28_w128,8,R3_MOSAIC_ANCHOR,32,98,128,3837.0,19.45409429280397,4361.0,6868,867.5,159,4863.5,0.8966793461498921,True
pubmed_deepres28_w128,8,R3_MOSAIC_ANCHOR,32,64,128,2311.0,25.42204568023833,4361.0,6912,668.75,118,3097.75,1.4077959809539182,True
pubmed_deepres28_w128,8,R3_MOSAIC_ANCHOR,32,54,128,2049.0,21.44985104270109,4361.0,6392,711.25,113,2873.25,1.5177934394849038,True
pubmed_deepres28_w128,8,R3_MOSAIC_ANCHOR,32,98,128,3837.0,19.45409429280397,4361.0,7104,912.5,162,4911.5,0.8879161152397435,True
pubmed_deepres28_w128,8,R3_MOSAIC_ANCHOR,32,57,128,2049.0,22.641509433962263,4361.0,6668,630.0,111,2790.0,1.5630824372759857,True
pubmed_deepres28_w128,8,R3_MOSAIC_ANCHOR,32,76,128,2943.0,20.11912640635341,4361.0,6468,880.0,144,3967.0,1.0993193849256364,True
pubmed_deepres28_w128,8,R3_MOSAIC_ANCHOR,32,71,128,2943.0,18.79549966909332,4361.0,7188,927.5,144,4014.5,1.0863121185701832,True
pubmed_deepres28_w128,8,R3_MOSAIC_ANCHOR,32,58,128,2049.0,23.038728897715988,4361.0,6552,675.0,114,2838.0,1.536645525017618,True
pubmed_deepres28_w128,8,R3_MOSAIC_ANCHOR,32,81,128,2943.0,21.4427531436135,4361.0,6544,908.75,150,4001.75,1.0897732242144063,True
pubmed_deepres28_w128,8,R3_MOSAIC_ANCHOR,32,64,128,2311.0,25.42204568023833,4361.0,7176,562.5,110,2983.5,1.4617060499413441,True
pubmed_deepres28_w128,8,R3_MOSAIC_ANCHOR,32,77,128,2943.0,20.383851753805427,4361.0,6868,988.75,152,4083.75,1.067891031527395,True
pubmed_deepres28_w128,8,R3_MOSAIC_ANCHOR,32,64,128,2311.0,25.42204568023833,4361.0,6820,706.25,121,3138.25,1.3896279773759261,True
pubmed_deepres28_w128,8,R3_MOSAIC_ANCHOR,32,98,128,3837.0,19.45409429280397,4361.0,6944,1005.0,170,5012.0,0.8701117318435754,True
pubmed_deepres28_w128,8,R3_MOSAIC_ANCHOR,32,65,128,2943.0,17.207147584381204,4361.0,6800,693.75,121,3757.75,1.1605348945512608,True
pubmed_deepres28_w128,8,R3_MOSAIC_ANCHOR,32,54,128,2049.0,21.44985104270109,4361.0,6352,658.75,110,2817.75,1.5476887587614232,True
pubmed_deepres28_w128,8,R3_MOSAIC_ANCHOR,32,60,128,2049.0,23.83316782522344,4361.0,6688,875.0,129,3053.0,1.428431051424828,True
pubmed_deepres28_w128,8,R3_MOSAIC_ANCHOR,32,100,128,3837.0,19.851116625310173,4361.0,6740,783.75,154,4774.75,0.9133462484946856,True
pubmed_deepres28_w128,8,R3_MOSAIC_ANCHOR,32,62,128,2311.0,24.627606752730884,4361.0,6576,1005.0,142,3458.0,1.2611336032388665,True
pubmed_deepres28_w128,8,R3_MOSAIC_ANCHOR,32,76,128,2943.0,20.11912640635341,4361.0,6964,866.25,143,3952.25,1.1034221013346828,True
pubmed_deepres28_w128,8,R3_MOSAIC_ANCHOR,32,96,128,3205.0,25.413633355393777,4361.0,6532,981.25,166,4352.25,1.002010454362686,True
pubmed_deepres28_w128,8,R3_MOSAIC_ANCHOR,32,62,128,2311.0,24.627606752730884,4361.0,7124,858.75,129,3298.75,1.3220159151193633,True
pubmed_deepres28_w128,8,R3_MOSAIC_ANCHOR,32,63,128,2311.0,25.02482621648461,4361.0,6628,923.75,135,3369.75,1.2941612879293716,True
pubmed_deepres28_w128,8,R3_MOSAIC_ANCHOR,32,60,128,2049.0,23.83316782522344,4361.0,6768,857.5,127,3033.5,1.4376133179495632,True
pubmed_deepres28_w128,8,R3_MOSAIC_ANCHOR,32,59,128,2049.0,23.435948361469716,4361.0,6688,878.75,130,3057.75,1.4262120840487287,True
pubmed_deepres28_w128,8,R3_MOSAIC_ANCHOR,32,81,128,2943.0,21.4427531436135,4361.0,6544,871.25,144,3958.25,1.1017495105160109,True
pubmed_deepres28_w128,8,R3_MOSAIC_ANCHOR,32,57,128,2049.0,22.641509433962263,4361.0,6708,808.75,121,2978.75,1.464036928241712,True
pubmed_deepres28_w128,8,R3_MOSAIC_ANCHOR,32,69,128,2943.0,18.26604897418928,4361.0,6856,946.25,141,4030.25,1.082066869300912,True
pubmed_deepres28_w128,8,R3_MOSAIC_ANCHOR,32,61,128,2049.0,24.23038728897716,4361.0,6748,802.5,125,2976.5,1.4651436250629934,True
pubmed_deepres28_w128,8,R3_MOSAIC_ANCHOR,32,76,128,2943.0,20.11912640635341,4361.0,6628,858.75,142,3943.75,1.1058003169572108,True
pubmed_deepres28_w128,8,R3_MOSAIC_ANCHOR,32,76,128,2943.0,20.11912640635341,4361.0,6200,911.25,147,4001.25,1.0899094033114651,True
pubmed_deepres28_w128,8,R3_MOSAIC_ANCHOR,32,65,128,2943.0,17.207147584381204,4361.0,6952,860.0,133,3936.0,1.1079776422764227,True
pubmed_deepres28_w128,8,R3_MOSAIC_ANCHOR,32,61,128,2049.0,24.23038728897716,4361.0,6916,910.0,133,3092.0,1.4104139715394566,True
pubmed_deepres28_w128,8,R3_MOSAIC_ANCHOR,32,93,128,3205.0,24.619457313037724,4361.0,7156,888.75,159,4252.75,1.0254541179236965,True
pubmed_deepres28_w128,8,R3_MOSAIC_ANCHOR,32,68,128,2943.0,18.00132362673726,4361.0,6108,905.0,143,3991.0,1.0927085943372588,True
pubmed_deepres28_w128,8,R3_MOSAIC_ANCHOR,32,66,128,2943.0,17.47187293183322,4361.0,6588,915.0,141,3999.0,1.0905226306576645,True
pubmed_deepres28_w128,8,R3_MOSAIC_ANCHOR,32,60,128,2049.0,23.83316782522344,4361.0,6588,850.0,127,3026.0,1.4411764705882353,True
pubmed_deepres28_w128,8,R3_MOSAIC_ANCHOR,32,61,128,2049.0,24.23038728897716,4361.0,6988,865.0,129,3043.0,1.4331252053894183,True
pubmed_deepres28_w128,8,R3_MOSAIC_ANCHOR,32,64,128,2311.0,25.42204568023833,4361.0,6808,886.25,133,3330.25,1.3095112979506043,True
pubmed_deepres28_w128,8,R3_MOSAIC_ANCHOR,32,88,128,3205.0,23.295830575777632,4361.0,6420,860.0,152,4217.0,1.0341474982214844,True
pubmed_deepres28_w128,8,R3_MOSAIC_ANCHOR,32,95,128,3205.0,25.14890800794176,4361.0,6652,732.5,147,4084.5,1.0676949443016281,True
pubmed_deepres28_w128,8,R3_MOSAIC_ANCHOR,32,62,128,2311.0,24.627606752730884,4361.0,6704,923.75,135,3369.75,1.2941612879293716,True
pubmed_deepres28_w128,8,R3_MOSAIC_ANCHOR,32,60,128,2049.0,23.83316782522344,4361.0,6064,891.25,134,3074.25,1.4185573717166788,True
pubmed_deepres28_w128,8,R3_MOSAIC_ANCHOR,32,70,128,2943.0,18.530774321641296,4361.0,6692,866.25,139,3948.25,1.1045399860697778,True
pubmed_deepres28_w128,8,R3_MOSAIC_ANCHOR,32,61,128,2049.0,24.23038728897716,4361.0,6828,963.75,137,3149.75,1.384554329708707,True
pubmed_deepres28_w128,8,R3_MOSAIC_ANCHOR,32,93,128,3205.0,24.619457313037724,4361.0,6816,820.0,152,4177.0,1.0440507541297581,True
pubmed_deepres28_w128,8,R3_MOSAIC_ANCHOR,32,76,128,2943.0,20.11912640635341,4361.0,6452,908.75,148,3999.75,1.0903181448840553,True
pubmed_deepres28_w128,8,R3_MOSAIC_ANCHOR,32,71,128,2943.0,18.79549966909332,4361.0,6832,901.25,140,3984.25,1.094559829327979,True
pubmed_deepres28_w128,8,R3_MOSAIC_ANCHOR,32,60,128,2049.0,23.83316782522344,4361.0,6732,976.25,138,3163.25,1.378645380542164,True
pubmed_deepres28_w128,8,R3_MOSAIC_ANCHOR,32,97,128,3837.0,19.255583126550867,4361.0,6920,875.0,160,4872.0,0.8951149425287356,True
pubmed_deepres28_w128,8,R3_MOSAIC_ANCHOR,32,63,128,2311.0,25.02482621648461,4361.0,7152,813.75,126,3250.75,1.341536568484196,True
pubmed_deepres28_w128,8,R3_MOSAIC_ANCHOR,32,71,128,2943.0,18.79549966909332,4361.0,6768,876.25,139,3958.25,1.1017495105160109,True
pubmed_deepres28_w128,8,R3_MOSAIC_ANCHOR,32,62,128,2311.0,24.627606752730884,4361.0,6676,881.25,132,3324.25,1.3118748589907498,True
pubmed_deepres28_w128,8,R3_MOSAIC_ANCHOR,32,98,128,3837.0,19.45409429280397,4361.0,6844,995.0,167,4999.0,0.872374474894979,True
pubmed_deepres28_w128,8,R3_MOSAIC_ANCHOR,32,62,128,2311.0,24.627606752730884,4361.0,7144,810.0,123,3244.0,1.344327990135635,True
pubmed_deepres28_w128,8,R3_MOSAIC_ANCHOR,32,72,128,2943.0,19.06022501654533,4361.0,6572,867.5,139,3949.5,1.1041904038485884,True
pubmed_deepres28_w128,8,R3_MOSAIC_ANCHOR,32,64,128,2311.0,25.42204568023833,4361.0,6752,927.5,136,3374.5,1.2923396058675358,True
pubmed_deepres28_w128,8,R3_MOSAIC_ANCHOR,32,72,128,2943.0,19.06022501654533,4361.0,7096,922.5,144,4009.5,1.0876667913704952,True
pubmed_deepres28_w128,8,R3_MOSAIC_ANCHOR,32,90,128,3205.0,23.825281270681668,4361.0,6612,823.75,150,4178.75,1.04361352078971,True
pubmed_deepres28_w128,8,R3_MOSAIC_ANCHOR,32,67,128,2943.0,17.736598279285243,4361.0,6888,960.0,141,4044.0,1.0783877349159248,True
pubmed_deepres28_w128,8,R3_MOSAIC_ANCHOR,32,65,128,2943.0,17.207147584381204,4361.0,6740,908.75,137,3988.75,1.0933249764963962,True
pubmed_deepres28_w128,8,R3_MOSAIC_ANCHOR,32,97,128,3837.0,19.255583126550867,4361.0,7060,851.25,158,4846.25,0.8998710343048749,True
pubmed_deepres28_w128,8,R3_MOSAIC_ANCHOR,32,64,128,2311.0,25.42204568023833,4361.0,7020,908.75,133,3352.75,1.300723286854075,True
pubmed_deepres28_w128,8,R3_MOSAIC_ANCHOR,32,77,128,2943.0,20.383851753805427,4361.0,6524,897.5,147,3987.5,1.093667711598746,True
pubmed_deepres28_w128,8,R3_MOSAIC_ANCHOR,32,83,128,3205.0,21.972203838517537,4361.0,6644,901.25,151,4257.25,1.0243701920253685,True
pubmed_deepres28_w128,8,R3_MOSAIC_ANCHOR,32,96,128,3205.0,25.413633355393777,4361.0,6884,971.25,164,4340.25,1.0047808305973158,True
pubmed_deepres28_w128,8,R3_MOSAIC_ANCHOR,32,65,128,2943.0,17.207147584381204,4361.0,6756,896.25,134,3973.25,1.0975901340212673,True
pubmed_deepres28_w128,8,R3_MOSAIC_ANCHOR,32,65,128,2943.0,17.207147584381204,4361.0,7076,896.25,135,3974.25,1.0973139586085425,True
pubmed_deepres28_w128,8,R3_MOSAIC_ANCHOR,32,55,128,2049.0,21.847070506454816,4361.0,6700,811.25,120,2980.25,1.463300058719906,True
pubmed_deepres28_w128,8,R3_MOSAIC_ANCHOR,32,65,128,2943.0,17.207147584381204,4361.0,6968,872.5,132,3947.5,1.1047498416719443,True
pubmed_deepres28_w128,8,R3_MOSAIC_ANCHOR,32,94,128,3205.0,24.884182660489746,4361.0,6644,896.25,157,4258.25,1.0241296307168437,True
pubmed_deepres28_w128,8,R3_MOSAIC_ANCHOR,32,71,128,2943.0,18.79549966909332,4361.0,6676,953.75,144,4040.75,1.079255088783023,True
pubmed_deepres28_w128,8,R3_MOSAIC_ANCHOR,32,86,128,3205.0,22.766379880873597,4361.0,6556,805.0,146,4156.0,1.0493262752646775,True
pubmed_deepres28_w128,8,R3_MOSAIC_ANCHOR,32,65,128,2943.0,17.207147584381204,4361.0,6896,960.0,139,4042.0,1.0789213260761998,True
pubmed_deepres28_w128,8,R3_MOSAIC_ANCHOR,32,57,128,2049.0,22.641509433962263,4361.0,6684,842.5,124,3015.5,1.4461946609185874,True
pubmed_deepres28_w128,8,R3_MOSAIC_ANCHOR,32,72,128,2943.0,19.06022501654533,4361.0,6752,936.25,144,4023.25,1.0839495432796868,True
pubmed_deepres28_w128,8,R3_MOSAIC_ANCHOR,32,61,128,2049.0,24.23038728897716,4361.0,6596,920.0,133,3102.0,1.4058671824629272,True
pubmed_deepres28_w128,8,R3_MOSAIC_ANCHOR,32,62,128,2311.0,24.627606752730884,4361.0,7148,818.75,125,3254.75,1.3398878562101544,True
pubmed_deepres28_w128,8,R3_MOSAIC_ANCHOR,32,97,128,3837.0,19.255583126550867,4361.0,6644,920.0,162,4919.0,0.8865623094124823,True
pubmed_deepres28_w128,8,R3_MOSAIC_ANCHOR,32,64,128,2311.0,25.42204568023833,4361.0,6800,956.25,139,3406.25,1.2802935779816513,True
pubmed_deepres28_w128,8,R3_MOSAIC_ANCHOR,32,55,128,2049.0,21.847070506454816,4361.0,6744,780.0,117,2946.0,1.4803122878479293,True
pubmed_deepres28_w128,8,R3_MOSAIC_ANCHOR,32,85,128,3205.0,22.501654533421576,4361.0,6536,982.5,157,4344.5,1.0037979053976291,True
pubmed_deepres28_w128,8,R3_MOSAIC_ANCHOR,32,65,128,2943.0,17.207147584381204,4361.0,6956,867.5,133,3943.5,1.105870419677951,True
pubmed_deepres28_w128,8,R3_MOSAIC_ANCHOR,32,60,128,2049.0,23.83316782522344,4361.0,6640,947.5,135,3131.5,1.392623343445633,True
pubmed_deepres28_w128,8,R3_MOSAIC_ANCHOR,32,66,128,2943.0,17.47187293183322,4361.0,6884,833.75,131,3907.75,1.115987460815047,True
pubmed_deepres28_w128,8,R3_MOSAIC_ANCHOR,32,76,128,2943.0,20.11912640635341,4361.0,6688,891.25,146,3980.25,1.0956598203630425,True
pubmed_deepres28_w128,8,R3_MOSAIC_ANCHOR,32,61,128,2049.0,24.23038728897716,4361.0,6048,947.5,141,3137.5,1.38996015936255,True
pubmed_deepres28_w128,8,R3_MOSAIC_ANCHOR,32,74,128,2943.0,19.58967571144937,4361.0,6680,873.75,141,3957.75,1.101888699387278,True
pubmed_deepres28_w128,8,R3_MOSAIC_ANCHOR,32,56,128,2049.0,22.24428997020854,4361.0,6756,627.5,108,2784.5,1.5661698689172203,True
pubmed_deepres28_w128,8,R3_MOSAIC_ANCHOR,32,66,128,2943.0,17.47187293183322,4361.0,6756,912.5,138,3993.5,1.0920245398773005,True
pubmed_deepres28_w128,8,R3_MOSAIC_ANCHOR,32,93,128,3205.0,24.619457313037724,4361.0,7324,862.5,155,4222.5,1.0328004736530492,True
pubmed_deepres28_w128,8,R3_MOSAIC_ANCHOR,32,76,128,2943.0,20.11912640635341,4361.0,6664,940.0,148,4031.0,1.0818655420491192,True
pubmed_deepres28_w128,8,R3_MOSAIC_ANCHOR,32,73,128,2943.0,19.324950363997356,4361.0,6640,952.5,146,4041.5,1.0790548063837684,True
pubmed_deepres28_w128,8,R3_MOSAIC_ANCHOR,32,85,128,3205.0,22.501654533421576,4361.0,6856,792.5,147,4144.5,1.052237905658101,True
pubmed_deepres28_w128,8,R3_MOSAIC_ANCHOR,32,70,128,2943.0,18.530774321641296,4361.0,6236,880.0,142,3965.0,1.0998738965952082,True
pubmed_deepres28_w128,8,R3_MOSAIC_ANCHOR,32,59,128,2049.0,23.435948361469716,4361.0,6504,798.75,127,2974.75,1.4660055466845954,True
pubmed_deepres28_w128,8,R3_MOSAIC_ANCHOR,32,63,128,2311.0,25.02482621648461,4361.0,7116,842.5,129,3282.5,1.3285605483625285,True
pubmed_deepres28_w128,8,R3_MOSAIC_ANCHOR,32,60,128,2049.0,23.83316782522344,4361.0,6672,746.25,121,2916.25,1.4954136305186456,True
pubmed_deepres28_w128,8,R3_MOSAIC_ANCHOR,32,75,128,2943.0,19.85440105890139,4361.0,6104,832.5,141,3916.5,1.1134941912421805,True
pubmed_deepres28_w128,8,R3_MOSAIC_ANCHOR,32,66,128,2943.0,17.47187293183322,4361.0,6508,896.25,138,3977.25,1.0964862656358036,True
pubmed_deepres28_w128,8,R3_MOSAIC_ANCHOR,32,65,128,2943.0,17.207147584381204,4361.0,6632,780.0,128,3851.0,1.132433134250844,True
pubmed_deepres28_w128,8,R3_MOSAIC_ANCHOR,32,56,128,2049.0,22.24428997020854,4361.0,6240,778.75,124,2951.75,1.477428644024731,True
pubmed_deepres28_w128,8,R3_MOSAIC_ANCHOR,32,78,128,2943.0,20.648577101257445,4361.0,6868,910.0,147,4000.0,1.09025,True
pubmed_deepres28_w128,8,R3_MOSAIC_ANCHOR,32,75,128,2943.0,19.85440105890139,4361.0,6480,951.25,147,4041.25,1.0791215589236003,True
pubmed_deepres28_w128,8,R3_MOSAIC_ANCHOR,32,59,128,2049.0,23.435948361469716,4361.0,6580,740.0,121,2910.0,1.4986254295532646,True
pubmed_deepres28_w128,8,R3_MOSAIC_ANCHOR,32,64,128,2311.0,25.42204568023833,4361.0,6904,955.0,137,3403.0,1.281516309138995,True
pubmed_deepres28_w128,8,R3_MOSAIC_ANCHOR,32,65,128,2943.0,17.207147584381204,4361.0,6092,940.0,140,4023.0,1.084016902808849,True
pubmed_deepres28_w128,8,R3_MOSAIC_ANCHOR,32,61,128,2049.0,24.23038728897716,4361.0,6624,913.75,133,3095.75,1.4087054833239119,True
pubmed_deepres28_w128,8,R3_MOSAIC_ANCHOR,32,76,128,2943.0,20.11912640635341,4361.0,6360,945.0,149,4037.0,1.0802576170423581,True
pubmed_deepres28_w128,8,R3_MOSAIC_ANCHOR,32,76,128,2943.0,20.11912640635341,4361.0,6620,841.25,139,3923.25,1.1115784107563882,True
pubmed_deepres28_w128,8,R3_MOSAIC_ANCHOR,32,60,128,2049.0,23.83316782522344,4361.0,6592,768.75,123,2940.75,1.4829550284791295,True
pubmed_deepres28_w128,8,R3_MOSAIC_ANCHOR,32,68,128,2943.0,18.00132362673726,4361.0,6856,930.0,141,4014.0,1.0864474339810664,True
pubmed_deepres28_w128,8,R3_MOSAIC_ANCHOR,32,66,128,2943.0,17.47187293183322,4361.0,7048,873.75,133,3949.75,1.1041205139565795,True
pubmed_deepres28_w128,8,R3_MOSAIC_ANCHOR,32,90,128,3205.0,23.825281270681668,4361.0,6704,881.25,156,4242.25,1.0279922211090813,True
pubmed_deepres28_w128,8,R3_MOSAIC_ANCHOR,32,61,128,2049.0,24.23038728897716,4361.0,6048,951.25,139,3139.25,1.3891853149637652,True
pubmed_deepres28_w128,8,R3_MOSAIC_ANCHOR,32,66,128,2943.0,17.47187293183322,4361.0,6636,826.25,132,3901.25,1.1178468439602691,True
pubmed_deepres28_w128,8,R3_MOSAIC_ANCHOR,32,61,128,2049.0,24.23038728897716,4361.0,6552,925.0,134,3108.0,1.4031531531531531,True
pubmed_deepres28_w128,8,R3_MOSAIC_ANCHOR,32,64,128,2311.0,25.42204568023833,4361.0,7004,893.75,133,3337.75,1.3065687963448431,True
pubmed_deepres28_w128,8,R3_MOSAIC_ANCHOR,32,62,128,2311.0,24.627606752730884,4361.0,6924,901.25,131,3343.25,1.304419352426531,True
pubmed_deepres28_w128,8,R3_MOSAIC_ANCHOR,32,82,128,3205.0,21.70747849106552,4361.0,6504,752.5,139,4096.5,1.0645673135603564,True
pubmed_deepres28_w128,8,R3_MOSAIC_ANCHOR,32,61,128,2049.0,24.23038728897716,4361.0,6376,826.25,128,3003.25,1.4520935653042537,True
pubmed_deepres28_w128,8,R3_MOSAIC_ANCHOR,32,83,128,3205.0,21.972203838517537,4361.0,6740,991.25,156,4352.25,1.002010454362686,True
pubmed_deepres28_w128,8,R3_MOSAIC_ANCHOR,32,56,128,2049.0,22.24428997020854,4361.0,5888,923.75,132,3104.75,1.4046219502375392,True
pubmed_deepres28_w128,8,R3_MOSAIC_ANCHOR,32,72,128,2943.0,19.06022501654533,4361.0,6792,957.5,144,4044.5,1.0782544195821486,True
pubmed_deepres28_w128,8,R3_MOSAIC_ANCHOR,32,99,128,3837.0,19.65260545905707,4361.0,6956,856.25,160,4853.25,0.8985731211044146,True
pubmed_deepres28_w128,8,R3_MOSAIC_ANCHOR,32,57,128,2049.0,22.641509433962263,4361.0,6512,651.25,111,2811.25,1.5512672298799466,True
pubmed_deepres28_w128,8,R3_MOSAIC_ANCHOR,32,65,128,2943.0,17.207147584381204,4361.0,7216,745.0,126,3814.0,1.143418982695333,True
pubmed_deepres28_w128,8,R3_MOSAIC_ANCHOR,32,84,128,3205.0,22.23692918596956,4361.0,6532,1006.25,159,4370.25,0.9978834162805331,True
pubmed_deepres28_w128,8,R3_MOSAIC_ANCHOR,32,65,128,2943.0,17.207147584381204,4361.0,6836,692.5,120,3755.5,1.1612301957129543,True
pubmed_deepres28_w128,8,R3_MOSAIC_ANCHOR,32,98,128,3837.0,19.45409429280397,4361.0,6912,768.75,153,4758.75,0.9164171263462043,True
pubmed_deepres28_w128,8,R3_MOSAIC_ANCHOR,32,58,128,2049.0,23.038728897715988,4361.0,6372,716.25,116,2881.25,1.5135791757049892,True
pubmed_deepres28_w128,8,R3_MOSAIC_ANCHOR,32,72,128,2943.0,19.06022501654533,4361.0,6872,717.5,129,3789.5,1.1508114526982451,True
pubmed_deepres28_w128,8,R3_MOSAIC_ANCHOR,32,61,128,2049.0,24.23038728897716,4361.0,6536,698.75,117,2864.75,1.5222968845448992,True
pubmed_deepres28_w128,8,R3_MOSAIC_ANCHOR,32,77,128,2943.0,20.383851753805427,4361.0,7092,926.25,147,4016.25,1.085838779956427,True
pubmed_deepres28_w128,8,R3_MOSAIC_ANCHOR,32,75,128,2943.0,19.85440105890139,4361.0,6340,931.25,147,4021.25,1.0844886540254897,True
pubmed_deepres28_w128,8,R3_MOSAIC_ANCHOR,32,64,128,2311.0,25.42204568023833,4361.0,7092,562.5,109,2982.5,1.4621961441743503,True
pubmed_deepres28_w128,8,R3_MOSAIC_ANCHOR,32,57,128,2049.0,22.641509433962263,4361.0,6448,728.75,118,2895.75,1.5060001726668393,True
pubmed_deepres28_w128,8,R3_MOSAIC_ANCHOR,32,84,128,3205.0,22.23692918596956,4361.0,6788,856.25,149,4210.25,1.0358054747342795,True
pubmed_deepres28_w128,8,R3_MOSAIC_ANCHOR,32,67,128,2943.0,17.736598279285243,4361.0,6860,628.75,119,3690.75,1.181602655286866,True
pubmed_deepres28_w128,8,R3_MOSAIC_ANCHOR,32,67,128,2943.0,17.736598279285243,4361.0,7024,660.0,121,3724.0,1.1710526315789473,True
pubmed_deepres28_w128,8,R3_MOSAIC_ANCHOR,32,61,128,2049.0,24.23038728897716,4361.0,6712,852.5,128,3029.5,1.439511470539693,True
pubmed_deepres28_w128,8,R3_MOSAIC_ANCHOR,32,55,128,2049.0,21.847070506454816,4361.0,6736,616.25,106,2771.25,1.573658096526838,True
pubmed_deepres28_w128,8,R3_MOSAIC_ANCHOR,32,98,128,3837.0,19.45409429280397,4361.0,6820,852.5,158,4847.5,0.8996389891696751,True
pubmed_deepres28_w128,8,R3_MOSAIC_ANCHOR,32,68,128,2943.0,18.00132362673726,4361.0,6908,922.5,138,4003.5,1.0892968652429125,True
pubmed_deepres28_w128,8,R3_MOSAIC_ANCHOR,32,62,128,2311.0,24.627606752730884,4361.0,6760,970.0,139,3420.0,1.2751461988304094,True
pubmed_deepres28_w128,8,R3_MOSAIC_ANCHOR,32,96,128,3205.0,25.413633355393777,4361.0,6824,980.0,165,4350.0,1.002528735632184,True
pubmed_deepres28_w128,8,R3_MOSAIC_ANCHOR,32,63,128,2311.0,25.02482621648461,4361.0,7244,800.0,126,3237.0,1.347235094223046,True
pubmed_deepres28_w128,8,R3_MOSAIC_ANCHOR,32,72,128,2943.0,19.06022501654533,4361.0,6768,876.25,141,3960.25,1.101193106495802,True
pubmed_deepres28_w128,8,R3_MOSAIC_ANCHOR,32,67,128,2943.0,17.736598279285243,4361.0,7072,896.25,137,3976.25,1.096762024520591,True
pubmed_deepres28_w128,8,R3_MOSAIC_ANCHOR,32,98,128,3837.0,19.45409429280397,4361.0,6840,841.25,158,4836.25,0.9017317136210907,True
pubmed_deepres28_w128,8,R3_MOSAIC_ANCHOR,32,61,128,2049.0,24.23038728897716,4361.0,6748,835.0,126,3010.0,1.4488372093023256,True
pubmed_deepres28_w128,8,R3_MOSAIC_ANCHOR,32,76,128,2943.0,20.11912640635341,4361.0,6560,911.25,146,4000.25,1.090181863633523,True
pubmed_deepres28_w128,8,R3_MOSAIC_ANCHOR,32,70,128,2943.0,18.530774321641296,4361.0,7004,918.75,140,4001.75,1.0897732242144063,True
pubmed_deepres28_w128,8,R3_MOSAIC_ANCHOR,32,60,128,2049.0,23.83316782522344,4361.0,6852,627.5,112,2788.5,1.5639232562309486,True
pubmed_deepres28_w128,8,R3_MOSAIC_ANCHOR,32,89,128,3205.0,23.56055592322965,4361.0,6772,913.75,156,4274.75,1.0201766185157026,True
pubmed_deepres28_w128,8,R3_MOSAIC_ANCHOR,32,62,128,2311.0,24.627606752730884,4361.0,6680,802.5,127,3240.5,1.3457799722265082,True
pubmed_deepres28_w128,8,R3_MOSAIC_ANCHOR,32,61,128,2049.0,24.23038728897716,4361.0,6704,925.0,134,3108.0,1.4031531531531531,True
pubmed_deepres28_w128,8,R3_MOSAIC_ANCHOR,32,66,128,2943.0,17.47187293183322,4361.0,6916,672.5,119,3734.5,1.1677600749765698,True
pubmed_deepres28_w128,8,R3_MOSAIC_ANCHOR,32,56,128,2049.0,22.24428997020854,4361.0,6572,660.0,111,2820.0,1.54645390070922,True
pubmed_deepres28_w128,8,R3_MOSAIC_ANCHOR,32,96,128,3205.0,25.413633355393777,4361.0,6884,828.75,153,4186.75,1.0416193945184211,True
pubmed_deepres28_w128,8,R3_MOSAIC_ANCHOR,32,63,128,2311.0,25.02482621648461,4361.0,6776,870.0,130,3311.0,1.317124735729387,True
pubmed_deepres28_w128,8,R3_MOSAIC_ANCHOR,32,57,128,2049.0,22.641509433962263,4361.0,6612,657.5,112,2818.5,1.5472769203477026,True
pubmed_deepres28_w128,8,R3_MOSAIC_ANCHOR,32,74,128,2943.0,19.58967571144937,4361.0,6780,876.25,142,3961.25,1.1009151151782897,True
pubmed_deepres28_w128,8,R3_MOSAIC_ANCHOR,32,96,128,3205.0,25.413633355393777,4361.0,7048,760.0,150,4115.0,1.0597812879708384,True
pubmed_deepres28_w128,8,R3_MOSAIC_ANCHOR,5,54,128,1617.0,4.2667509481668775,3497.0,1028,113.75,38,1768.75,1.9771024734982332,True
pubmed_deepres28_w128,12,R3_MOSAIC_ANCHOR,32,50,128,2049.0,19.860973187686195,4361.0,6284,252.5,74,2375.5,1.8358240370448327,True
pubmed_deepres28_w128,12,R3_MOSAIC_ANCHOR,32,95,128,3205.0,25.14890800794176,4361.0,6784,542.5,135,3882.5,1.1232453316162267,True
pubmed_deepres28_w128,12,R3_MOSAIC_ANCHOR,32,82,128,3205.0,21.70747849106552,4361.0,6260,606.25,129,3940.25,1.1067825645580864,True
pubmed_deepres28_w128,12,R3_MOSAIC_ANCHOR,32,67,128,2943.0,17.736598279285243,4361.0,6696,495.0,107,3545.0,1.2301833568406206,True
pubmed_deepres28_w128,12,R3_MOSAIC_ANCHOR,32,60,128,2049.0,23.83316782522344,4361.0,6524,573.75,109,2731.75,1.5964125560538116,True
pubmed_deepres28_w128,12,R3_MOSAIC_ANCHOR,32,68,128,2943.0,18.00132362673726,4361.0,6600,453.75,106,3502.75,1.2450217686103775,True
pubmed_deepres28_w128,12,R3_MOSAIC_ANCHOR,32,90,128,3205.0,23.825281270681668,4361.0,6844,538.75,129,3872.75,1.1260732037957524,True
pubmed_deepres28_w128,12,R3_MOSAIC_ANCHOR,32,74,128,2943.0,19.58967571144937,4361.0,6592,622.5,122,3687.5,1.1826440677966101,True
pubmed_deepres28_w128,12,R3_MOSAIC_ANCHOR,32,65,128,2943.0,17.207147584381204,4361.0,6192,656.25,120,3719.25,1.1725482288095719,True
pubmed_deepres28_w128,12,R3_MOSAIC_ANCHOR,32,55,128,2049.0,21.847070506454816,4361.0,6404,367.5,88,2504.5,1.7412657217009384,True
pubmed_deepres28_w128,12,R3_MOSAIC_ANCHOR,32,64,128,2311.0,25.42204568023833,4361.0,6832,567.5,111,2989.5,1.458772369961532,True
pubmed_deepres28_w128,12,R3_MOSAIC_ANCHOR,32,74,128,2943.0,19.58967571144937,4361.0,6584,545.0,117,3605.0,1.2097087378640776,True
pubmed_deepres28_w128,12,R3_MOSAIC_ANCHOR,32,56,128,2049.0,22.24428997020854,4361.0,6396,403.75,92,2544.75,1.7137243344139896,True
pubmed_deepres28_w128,12,R3_MOSAIC_ANCHOR,32,70,128,2943.0,18.530774321641296,4361.0,6428,571.25,117,3631.25,1.2009638554216868,True
pubmed_deepres28_w128,12,R3_MOSAIC_ANCHOR,32,91,128,3205.0,24.090006618133685,4361.0,6892,521.25,129,3855.25,1.1311847480708126,True
pubmed_deepres28_w128,12,R3_MOSAIC_ANCHOR,32,76,128,2943.0,20.11912640635341,4361.0,6472,581.25,122,3646.25,1.1960233116215289,True
pubmed_deepres28_w128,12,R3_MOSAIC_ANCHOR,32,56,128,2049.0,22.24428997020854,4361.0,6396,378.75,89,2516.75,1.7327903049567894,True
pubmed_deepres28_w128,12,R3_MOSAIC_ANCHOR,32,53,128,2049.0,21.05263157894737,4361.0,6332,410.0,87,2546.0,1.7128829536527888,True
pubmed_deepres28_w128,12,R3_MOSAIC_ANCHOR,32,85,128,3205.0,22.501654533421576,4361.0,6400,615.0,131,3951.0,1.1037711971652746,True
pubmed_deepres28_w128,12,R3_MOSAIC_ANCHOR,32,90,128,3205.0,23.825281270681668,4361.0,6688,623.75,136,3964.75,1.0999432498896526,True
pubmed_deepres28_w128,12,R3_MOSAIC_ANCHOR,32,60,128,2049.0,23.83316782522344,4361.0,6320,625.0,115,2789.0,1.5636428827536752,True
pubmed_deepres28_w128,12,R3_MOSAIC_ANCHOR,32,61,128,2049.0,24.23038728897716,4361.0,6508,548.75,108,2705.75,1.6117527487757553,True
pubmed_deepres28_w128,12,R3_MOSAIC_ANCHOR,32,75,128,2943.0,19.85440105890139,4361.0,6540,618.75,124,3685.75,1.183205589093129,True
pubmed_deepres28_w128,12,R3_MOSAIC_ANCHOR,32,90,128,3205.0,23.825281270681668,4361.0,6752,622.5,136,3963.5,1.100290147596821,True
pubmed_deepres28_w128,12,R3_MOSAIC_ANCHOR,32,54,128,2049.0,21.44985104270109,4361.0,6152,517.5,101,2667.5,1.6348641049671977,True
pubmed_deepres28_w128,12,R3_MOSAIC_ANCHOR,32,56,128,2049.0,22.24428997020854,4361.0,6280,297.5,82,2428.5,1.7957586987852583,True
pubmed_deepres28_w128,12,R3_MOSAIC_ANCHOR,32,71,128,2943.0,18.79549966909332,4361.0,7064,622.5,123,3688.5,1.182323437711807,True
pubmed_deepres28_w128,12,R3_MOSAIC_ANCHOR,32,94,128,3205.0,24.884182660489746,4361.0,6468,698.75,146,4049.75,1.0768565960861782,True
pubmed_deepres28_w128,12,R3_MOSAIC_ANCHOR,32,58,128,2049.0,23.038728897715988,4361.0,6192,498.75,101,2648.75,1.6464369985842378,True
pubmed_deepres28_w128,12,R3_MOSAIC_ANCHOR,32,67,128,2943.0,17.736598279285243,4361.0,6592,615.0,118,3676.0,1.1863438520130576,True
pubmed_deepres28_w128,12,R3_MOSAIC_ANCHOR,32,90,128,3205.0,23.825281270681668,4361.0,6464,807.5,150,4162.5,1.0476876876876877,True
pubmed_deepres28_w128,12,R3_MOSAIC_ANCHOR,32,73,128,2943.0,19.324950363997356,4361.0,6860,506.25,114,3563.25,1.2238826913632217,True
pubmed_deepres28_w128,12,R3_MOSAIC_ANCHOR,32,64,128,2311.0,25.42204568023833,4361.0,6256,543.75,110,2964.75,1.4709503330803608,True
pubmed_deepres28_w128,12,R3_MOSAIC_ANCHOR,32,84,128,3205.0,22.23692918596956,4361.0,6848,586.25,129,3920.25,1.1124290542694981,True
pubmed_deepres28_w128,12,R3_MOSAIC_ANCHOR,32,70,128,2943.0,18.530774321641296,4361.0,5980,615.0,119,3677.0,1.1860212129453358,True
pubmed_deepres28_w128,12,R3_MOSAIC_ANCHOR,32,78,128,2943.0,20.648577101257445,4361.0,6860,632.5,127,3702.5,1.1778528021607022,True
pubmed_deepres28_w128,12,R3_MOSAIC_ANCHOR,32,60,128,2049.0,23.83316782522344,4361.0,6228,593.75,111,2753.75,1.5836586472991376,True
pubmed_deepres28_w128,12,R3_MOSAIC_ANCHOR,32,95,128,3205.0,25.14890800794176,4361.0,6708,623.75,141,3969.75,1.0985578436929277,True
pubmed_deepres28_w128,12,R3_MOSAIC_ANCHOR,32,66,128,2943.0,17.47187293183322,4361.0,5916,575.0,114,3632.0,1.200715859030837,True
pubmed_deepres28_w128,12,R3_MOSAIC_ANCHOR,32,68,128,2943.0,18.00132362673726,4361.0,6824,481.25,108,3532.25,1.2346238233420623,True
pubmed_deepres28_w128,12,R3_MOSAIC_ANCHOR,32,72,128,2943.0,19.06022501654533,4361.0,6076,620.0,123,3686.0,1.1831253391209984,True
pubmed_deepres28_w128,12,R3_MOSAIC_ANCHOR,32,77,128,2943.0,20.383851753805427,4361.0,6888,555.0,122,3620.0,1.2046961325966852,True
pubmed_deepres28_w128,12,R3_MOSAIC_ANCHOR,32,69,128,2943.0,18.26604897418928,4361.0,6376,578.75,117,3638.75,1.1984884919271728,True
pubmed_deepres28_w128,12,R3_MOSAIC_ANCHOR,32,90,128,3205.0,23.825281270681668,4361.0,6836,525.0,129,3859.0,1.1300855143819641,True
pubmed_deepres28_w128,12,R3_MOSAIC_ANCHOR,32,53,128,2049.0,21.05263157894737,4361.0,6312,328.75,83,2460.75,1.772223915472925,True
pubmed_deepres28_w128,12,R3_MOSAIC_ANCHOR,32,63,128,2311.0,25.02482621648461,4361.0,6660,615.0,114,3040.0,1.4345394736842105,True
pubmed_deepres28_w128,12,R3_MOSAIC_ANCHOR,32,81,128,2943.0,21.4427531436135,4361.0,6212,550.0,123,3616.0,1.206028761061947,True
pubmed_deepres28_w128,12,R3_MOSAIC_ANCHOR,32,89,128,3205.0,23.56055592322965,4361.0,7012,565.0,131,3901.0,1.1179184824403998,True
pubmed_deepres28_w128,12,R3_MOSAIC_ANCHOR,32,70,128,2943.0,18.530774321641296,4361.0,7100,586.25,119,3648.25,1.1953676420201467,True
pubmed_deepres28_w128,12,R3_MOSAIC_ANCHOR,32,73,128,2943.0,19.324950363997356,4361.0,6232,575.0,119,3637.0,1.1990651635963707,True
pubmed_deepres28_w128,12,R3_MOSAIC_ANCHOR,32,54,128,2049.0,21.44985104270109,4361.0,6376,428.75,93,2570.75,1.6963921034717495,True
pubmed_deepres28_w128,12,R3_MOSAIC_ANCHOR,32,75,128,2943.0,19.85440105890139,4361.0,6712,580.0,122,3645.0,1.1964334705075446,True
pubmed_deepres28_w128,12,R3_MOSAIC_ANCHOR,32,54,128,2049.0,21.44985104270109,4361.0,6304,341.25,84,2474.25,1.762554309386683,True
pubmed_deepres28_w128,12,R3_MOSAIC_ANCHOR,32,75,128,2943.0,19.85440105890139,4361.0,6396,608.75,124,3675.75,1.186424539209685,True
pubmed_deepres28_w128,12,R3_MOSAIC_ANCHOR,32,67,128,2943.0,17.736598279285243,4361.0,6772,541.25,112,3596.25,1.2126520681265207,True
pubmed_deepres28_w128,12,R3_MOSAIC_ANCHOR,32,75,128,2943.0,19.85440105890139,4361.0,6492,588.75,123,3654.75,1.1932416717969765,True
pubmed_deepres28_w128,12,R3_MOSAIC_ANCHOR,32,57,128,2049.0,22.641509433962263,4361.0,6148,518.75,102,2669.75,1.6334862814870306,True
pubmed_deepres28_w128,12,R3_MOSAIC_ANCHOR,32,82,128,3205.0,21.70747849106552,4361.0,6620,602.5,127,3934.5,1.1084000508323801,True
pubmed_deepres28_w128,12,R3_MOSAIC_ANCHOR,32,87,128,3205.0,23.03110522832561,4361.0,6696,558.75,130,3893.75,1.12,True
pubmed_deepres28_w128,12,R3_MOSAIC_ANCHOR,32,66,128,2943.0,17.47187293183322,4361.0,6384,625.0,118,3686.0,1.1831253391209984,True
pubmed_deepres28_w128,12,R3_MOSAIC_ANCHOR,32,61,128,2049.0,24.23038728897716,4361.0,6220,580.0,110,2739.0,1.5921869295363271,True
pubmed_deepres28_w128,12,R3_MOSAIC_ANCHOR,32,96,128,3205.0,25.413633355393777,4361.0,6636,787.5,154,4146.5,1.051730375015073,True
pubmed_deepres28_w128,12,R3_MOSAIC_ANCHOR,32,63,128,2311.0,25.02482621648461,4361.0,6352,717.5,121,3149.5,1.3846642324178442,True
pubmed_deepres28_w128,12,R3_MOSAIC_ANCHOR,32,59,128,2049.0,23.435948361469716,4361.0,6404,578.75,108,2735.75,1.5940784062871243,True
pubmed_deepres28_w128,12,R3_MOSAIC_ANCHOR,32,65,128,2943.0,17.207147584381204,4361.0,6860,566.25,111,3620.25,1.2046129410952282,True
pubmed_deepres28_w128,12,R3_MOSAIC_ANCHOR,32,92,128,3205.0,24.354731965585703,4361.0,6680,728.75,146,4079.75,1.0689380476744899,True
pubmed_deepres28_w128,12,R3_MOSAIC_ANCHOR,32,63,128,2311.0,25.02482621648461,4361.0,6300,607.5,115,3033.5,1.4376133179495632,True
pubmed_deepres28_w128,12,R3_MOSAIC_ANCHOR,32,56,128,2049.0,22.24428997020854,4361.0,6332,540.0,102,2691.0,1.6205871423262728,True
pubmed_deepres28_w128,12,R3_MOSAIC_ANCHOR,32,49,128,2049.0,19.463753723932477,4361.0,6268,348.75,78,2475.75,1.7614864182570937,True
pubmed_deepres28_w128,12,R3_MOSAIC_ANCHOR,32,93,128,3205.0,24.619457313037724,4361.0,6480,670.0,142,4017.0,1.0856360468010953,True
pubmed_deepres28_w128,12,R3_MOSAIC_ANCHOR,32,60,128,2049.0,23.83316782522344,4361.0,6284,573.75,110,2732.75,1.5958283780075015,True
pubmed_deepres28_w128,12,R3_MOSAIC_ANCHOR,32,61,128,2049.0,24.23038728897716,4361.0,6400,513.75,104,2666.75,1.635323896128246,True
pubmed_deepres28_w128,12,R3_MOSAIC_ANCHOR,32,63,128,2311.0,25.02482621648461,4361.0,6712,591.25,113,3015.25,1.4463145676146256,True
pubmed_deepres28_w128,12,R3_MOSAIC_ANCHOR,32,71,128,2943.0,18.79549966909332,4361.0,6804,493.75,112,3548.75,1.2288834096512857,True
pubmed_deepres28_w128,12,R3_MOSAIC_ANCHOR,32,88,128,3205.0,23.295830575777632,4361.0,6424,650.0,137,3992.0,1.092434869739479,True
pubmed_deepres28_w128,12,R3_MOSAIC_ANCHOR,32,55,128,2049.0,21.847070506454816,4361.0,6296,528.75,100,2677.75,1.6286061058724675,True
pubmed_deepres28_w128,12,R3_MOSAIC_ANCHOR,32,91,128,3205.0,24.090006618133685,4361.0,6356,665.0,141,4011.0,1.087260034904014,True
pubmed_deepres28_w128,12,R3_MOSAIC_ANCHOR,32,54,128,2049.0,21.44985104270109,4361.0,6216,510.0,99,2658.0,1.6407072987208426,True
pubmed_deepres28_w128,12,R3_MOSAIC_ANCHOR,32,87,128,3205.0,23.03110522832561,4361.0,6108,688.75,138,4031.75,1.0816642897005022,True
pubmed_deepres28_w128,12,R3_MOSAIC_ANCHOR,32,71,128,2943.0,18.79549966909332,4361.0,6652,566.25,117,3626.25,1.202619786280593,True
pubmed_deepres28_w128,12,R3_MOSAIC_ANCHOR,32,69,128,2943.0,18.26604897418928,4361.0,6580,521.25,110,3574.25,1.2201161082744632,True
pubmed_deepres28_w128,12,R3_MOSAIC_ANCHOR,32,57,128,2049.0,22.641509433962263,4361.0,6400,402.5,92,2543.5,1.7145665421663063,True
pubmed_deepres28_w128,12,R3_MOSAIC_ANCHOR,32,64,128,2311.0,25.42204568023833,4361.0,6868,483.75,105,2899.75,1.503922751961376,True
pubmed_deepres28_w128,12,R3_MOSAIC_ANCHOR,32,93,128,3205.0,24.619457313037724,4361.0,6576,582.5,135,3922.5,1.1117909496494582,True
pubmed_deepres28_w128,12,R3_MOSAIC_ANCHOR,32,53,128,2049.0,21.05263157894737,4361.0,6288,493.75,96,2638.75,1.6526764566556134,True
pubmed_deepres28_w128,12,R3_MOSAIC_ANCHOR,32,58,128,2049.0,23.038728897715988,4361.0,6332,343.75,88,2480.75,1.7579361080318452,True
pubmed_deepres28_w128,12,R3_MOSAIC_ANCHOR,32,70,128,2943.0,18.530774321641296,4361.0,6712,635.0,121,3699.0,1.1789672884563396,True
pubmed_deepres28_w128,12,R3_MOSAIC_ANCHOR,32,96,128,3205.0,25.413633355393777,4361.0,6704,672.5,144,4021.5,1.0844212358572671,True
pubmed_deepres28_w128,12,R3_MOSAIC_ANCHOR,32,53,128,2049.0,21.05263157894737,4361.0,6336,506.25,96,2651.25,1.644884488448845,True
pubmed_deepres28_w128,12,R3_MOSAIC_ANCHOR,32,96,128,3205.0,25.413633355393777,4361.0,6516,498.75,130,3833.75,1.1375285295076623,True
pubmed_deepres28_w128,12,R3_MOSAIC_ANCHOR,32,75,128,2943.0,19.85440105890139,4361.0,6844,608.75,125,3676.75,1.1861018562589243,True
pubmed_deepres28_w128,12,R3_MOSAIC_ANCHOR,32,58,128,2049.0,23.038728897715988,4361.0,6260,545.0,104,2698.0,1.6163825055596739,True
pubmed_deepres28_w128,12,R3_MOSAIC_ANCHOR,32,63,128,2311.0,25.02482621648461,4361.0,7028,366.25,95,2772.25,1.573090449995491,True
pubmed_deepres28_w128,12,R3_MOSAIC_ANCHOR,32,96,128,3205.0,25.413633355393777,4361.0,6892,611.25,141,3957.25,1.102027923431676,True
pubmed_deepres28_w128,12,R3_MOSAIC_ANCHOR,32,62,128,2311.0,24.627606752730884,4361.0,6340,612.5,114,3037.5,1.4357201646090536,True
pubmed_deepres28_w128,12,R3_MOSAIC_ANCHOR,32,81,128,2943.0,21.4427531436135,4361.0,6192,590.0,128,3661.0,1.191204588910134,True
pubmed_deepres28_w128,12,R3_MOSAIC_ANCHOR,32,62,128,2311.0,24.627606752730884,4361.0,6644,631.25,114,3056.25,1.4269120654396727,True
pubmed_deepres28_w128,12,R3_MOSAIC_ANCHOR,32,81,128,2943.0,21.4427531436135,4361.0,6452,620.0,130,3693.0,1.180882751150826,True
pubmed_deepres28_w128,12,R3_MOSAIC_ANCHOR,32,52,128,2049.0,20.655412115193645,4361.0,6232,526.25,99,2674.25,1.6307375899784986,True
pubmed_deepres28_w128,12,R3_MOSAIC_ANCHOR,32,80,128,2943.0,21.178027796161484,4361.0,6764,690.0,136,3769.0,1.1570708410719024,True
pubmed_deepres28_w128,12,R3_MOSAIC_ANCHOR,32,62,128,2311.0,24.627606752730884,4361.0,6808,560.0,109,2980.0,1.4634228187919462,True
pubmed_deepres28_w128,12,R3_MOSAIC_ANCHOR,32,93,128,3205.0,24.619457313037724,4361.0,6764,527.5,131,3863.5,1.1287692506794358,True
pubmed_deepres28_w128,12,R3_MOSAIC_ANCHOR,32,61,128,2049.0,24.23038728897716,4361.0,5804,602.5,112,2763.5,1.5780712864121584,True
pubmed_deepres28_w128,12,R3_MOSAIC_ANCHOR,32,60,128,2049.0,23.83316782522344,4361.0,6248,497.5,101,2647.5,1.6472143531633616,True
pubmed_deepres28_w128,12,R3_MOSAIC_ANCHOR,32,65,128,2943.0,17.207147584381204,4361.0,6804,575.0,112,3630.0,1.2013774104683195,True
pubmed_deepres28_w128,12,R3_MOSAIC_ANCHOR,32,68,128,2943.0,18.00132362673726,4361.0,6212,556.25,113,3612.25,1.2072807806768635,True
pubmed_deepres28_w128,12,R3_MOSAIC_ANCHOR,32,93,128,3205.0,24.619457313037724,4361.0,6728,640.0,140,3985.0,1.09435382685069,True
pubmed_deepres28_w128,12,R3_MOSAIC_ANCHOR,32,56,128,2049.0,22.24428997020854,4361.0,6200,618.75,109,2776.75,1.5705411002070766,True
pubmed_deepres28_w128,12,R3_MOSAIC_ANCHOR,32,63,128,2311.0,25.02482621648461,4361.0,6804,515.0,106,2932.0,1.4873806275579808,True
pubmed_deepres28_w128,12,R3_MOSAIC_ANCHOR,32,96,128,3205.0,25.413633355393777,4361.0,6716,568.75,137,3910.75,1.1151313686633,True
pubmed_deepres28_w128,12,R3_MOSAIC_ANCHOR,32,81,128,2943.0,21.4427531436135,4361.0,6484,667.5,132,3742.5,1.1652638610554442,True
pubmed_deepres28_w128,12,R3_MOSAIC_ANCHOR,32,62,128,2311.0,24.627606752730884,4361.0,6248,642.5,116,3069.5,1.4207525655644242,True
pubmed_deepres28_w128,12,R3_MOSAIC_ANCHOR,32,52,128,2049.0,20.655412115193645,4361.0,6292,357.5,82,2488.5,1.7524613220815752,True
pubmed_deepres28_w128,12,R3_MOSAIC_ANCHOR,32,85,128,3205.0,22.501654533421576,4361.0,6336,657.5,136,3998.5,1.0906589971239216,True
pubmed_deepres28_w128,12,R3_MOSAIC_ANCHOR,32,52,128,2049.0,20.655412115193645,4361.0,6124,510.0,97,2656.0,1.6419427710843373,True
pubmed_deepres28_w128,12,R3_MOSAIC_ANCHOR,32,61,128,2049.0,24.23038728897716,4361.0,6356,602.5,112,2763.5,1.5780712864121584,True
pubmed_deepres28_w128,12,R3_MOSAIC_ANCHOR,32,56,128,2049.0,22.24428997020854,4361.0,6288,430.0,92,2571.0,1.6962271489692726,True
pubmed_deepres28_w128,12,R3_MOSAIC_ANCHOR,32,95,128,3205.0,25.14890800794176,4361.0,6536,598.75,137,3940.75,1.106642136649115,True
pubmed_deepres28_w128,12,R3_MOSAIC_ANCHOR,32,65,128,2943.0,17.207147584381204,4361.0,6672,632.5,118,3693.5,1.180722891566265,True
pubmed_deepres28_w128,12,R3_MOSAIC_ANCHOR,32,54,128,2049.0,21.44985104270109,4361.0,6196,801.25,122,2972.25,1.4672386239380941,True
pubmed_deepres28_w128,12,R3_MOSAIC_ANCHOR,32,77,128,2943.0,20.383851753805427,4361.0,6268,567.5,122,3632.5,1.2005505849965588,True
pubmed_deepres28_w128,12,R3_MOSAIC_ANCHOR,32,72,128,2943.0,19.06022501654533,4361.0,6468,697.5,128,3768.5,1.157224359824864,True
pubmed_deepres28_w128,12,R3_MOSAIC_ANCHOR,32,71,128,2943.0,18.79549966909332,4361.0,6100,530.0,114,3587.0,1.2157792026763312,True
pubmed_deepres28_w128,12,R3_MOSAIC_ANCHOR,32,73,128,2943.0,19.324950363997356,4361.0,7084,576.25,120,3639.25,1.1983238304595727,True
pubmed_deepres28_w128,12,R3_MOSAIC_ANCHOR,32,73,128,2943.0,19.324950363997356,4361.0,6476,702.5,128,3773.5,1.1556910030475687,True
pubmed_deepres28_w128,12,R3_MOSAIC_ANCHOR,32,50,128,2049.0,19.860973187686195,4361.0,6288,260.0,75,2384.0,1.829278523489933,True
pubmed_deepres28_w128,12,R3_MOSAIC_ANCHOR,32,91,128,3205.0,24.090006618133685,4361.0,6372,592.5,136,3933.5,1.1086818355154442,True
pubmed_deepres28_w128,12,R3_MOSAIC_ANCHOR,32,71,128,2943.0,18.79549966909332,4361.0,6984,537.5,115,3595.5,1.212905020164094,True
pubmed_deepres28_w128,12,R3_MOSAIC_ANCHOR,32,56,128,2049.0,22.24428997020854,4361.0,6304,530.0,100,2679.0,1.627846211272863,True
pubmed_deepres28_w128,12,R3_MOSAIC_ANCHOR,32,75,128,2943.0,19.85440105890139,4361.0,6476,882.5,144,3969.5,1.0986270311122308,True
pubmed_deepres28_w128,12,R3_MOSAIC_ANCHOR,32,91,128,3205.0,24.090006618133685,4361.0,6792,797.5,151,4153.5,1.0499578668592753,True
pubmed_deepres28_w128,12,R3_MOSAIC_ANCHOR,32,71,128,2943.0,18.79549966909332,4361.0,6496,785.0,135,3863.0,1.1289153507636551,True
pubmed_deepres28_w128,12,R3_MOSAIC_ANCHOR,32,64,128,2311.0,25.42204568023833,4361.0,6312,580.0,112,3003.0,1.4522144522144522,True
pubmed_deepres28_w128,12,R3_MOSAIC_ANCHOR,32,66,128,2943.0,17.47187293183322,4361.0,6388,387.5,98,3428.5,1.2719848330173544,True
pubmed_deepres28_w128,12,R3_MOSAIC_ANCHOR,32,78,128,2943.0,20.648577101257445,4361.0,6576,658.75,131,3732.75,1.1683075480543834,True
pubmed_deepres28_w128,12,R3_MOSAIC_ANCHOR,32,92,128,3205.0,24.354731965585703,4361.0,6908,813.75,152,4170.75,1.0456152970089312,True
pubmed_deepres28_w128,12,R3_MOSAIC_ANCHOR,32,65,128,2943.0,17.207147584381204,4361.0,6520,496.25,106,3545.25,1.230096608137649,True
pubmed_deepres28_w128,12,R3_MOSAIC_ANCHOR,32,63,128,2311.0,25.02482621648461,4361.0,6764,465.0,103,2879.0,1.5147620701632512,True
pubmed_deepres28_w128,12,R3_MOSAIC_ANCHOR,32,71,128,2943.0,18.79549966909332,4361.0,6220,597.5,121,3661.5,1.1910419227092721,True
pubmed_deepres28_w128,12,R3_MOSAIC_ANCHOR,32,66,128,2943.0,17.47187293183322,4361.0,6192,555.0,111,3609.0,1.2083679689664728,True
pubmed_deepres28_w128,12,R3_MOSAIC_ANCHOR,32,83,128,3205.0,21.972203838517537,4361.0,6428,668.75,134,4007.75,1.0881417254070238,True
pubmed_deepres28_w128,12,R3_MOSAIC_ANCHOR,32,69,128,2943.0,18.26604897418928,4361.0,5840,536.25,113,3592.25,1.2140023662050248,True
pubmed_deepres28_w128,12,R3_MOSAIC_ANCHOR,32,68,128,2943.0,18.00132362673726,4361.0,6640,522.5,111,3576.5,1.219348525094366,True
pubmed_deepres28_w128,12,R3_MOSAIC_ANCHOR,32,62,128,2311.0,24.627606752730884,4361.0,6912,453.75,99,2863.75,1.5228284591881274,True
pubmed_deepres28_w128,12,R3_MOSAIC_ANCHOR,32,68,128,2943.0,18.00132362673726,4361.0,6000,578.75,115,3636.75,1.199147590568502,True
pubmed_deepres28_w128,12,R3_MOSAIC_ANCHOR,32,74,128,2943.0,19.58967571144937,4361.0,6768,622.5,123,3688.5,1.182323437711807,True
pubmed_deepres28_w128,12,R3_MOSAIC_ANCHOR,32,71,128,2943.0,18.79549966909332,4361.0,6660,586.25,119,3648.25,1.1953676420201467,True
pubmed_deepres28_w128,12,R3_MOSAIC_ANCHOR,32,68,128,2943.0,18.00132362673726,4361.0,6840,503.75,111,3557.75,1.2257747171667486,True
pubmed_deepres28_w128,12,R3_MOSAIC_ANCHOR,32,91,128,3205.0,24.090006618133685,4361.0,6508,531.25,130,3866.25,1.1279663756870353,True
pubmed_deepres28_w128,12,R3_MOSAIC_ANCHOR,32,70,128,2943.0,18.530774321641296,4361.0,6512,542.5,113,3598.5,1.2118938446574963,True
pubmed_deepres28_w128,12,R3_MOSAIC_ANCHOR,32,75,128,2943.0,19.85440105890139,4361.0,5968,660.0,127,3730.0,1.1691689008042896,True
pubmed_deepres28_w128,12,R3_MOSAIC_ANCHOR,32,70,128,2943.0,18.530774321641296,4361.0,6460,511.25,111,3565.25,1.2231961293036955,True
pubmed_deepres28_w128,12,R3_MOSAIC_ANCHOR,32,72,128,2943.0,19.06022501654533,4361.0,6748,512.5,113,3568.5,1.222082107328009,True
pubmed_deepres28_w128,12,R3_MOSAIC_ANCHOR,32,88,128,3205.0,23.295830575777632,4361.0,6816,540.0,129,3874.0,1.1257098606091895,True
pubmed_deepres28_w128,12,R3_MOSAIC_ANCHOR,32,56,128,2049.0,22.24428997020854,4361.0,5684,591.25,106,2746.25,1.587983614019117,True
pubmed_deepres28_w128,12,R3_MOSAIC_ANCHOR,32,70,128,2943.0,18.530774321641296,4361.0,6520,576.25,119,3638.25,1.1986531986531987,True
pubmed_deepres28_w128,12,R3_MOSAIC_ANCHOR,32,61,128,2049.0,24.23038728897716,4361.0,6668,606.25,112,2767.25,1.5759327852561207,True
pubmed_deepres28_w128,12,R3_MOSAIC_ANCHOR,32,82,128,3205.0,21.70747849106552,4361.0,6664,518.75,123,3846.75,1.1336842789367647,True
pubmed_deepres28_w128,12,R3_MOSAIC_ANCHOR,32,55,128,2049.0,21.847070506454816,4361.0,5952,593.75,105,2747.75,1.5871167318715313,True
pubmed_deepres28_w128,12,R3_MOSAIC_ANCHOR,32,67,128,2943.0,17.736598279285243,4361.0,6912,432.5,104,3479.5,1.2533409972697227,True
pubmed_deepres28_w128,12,R3_MOSAIC_ANCHOR,32,60,128,2049.0,23.83316782522344,4361.0,6324,603.75,111,2763.75,1.577928539122569,True
pubmed_deepres28_w128,12,R3_MOSAIC_ANCHOR,32,96,128,3205.0,25.413633355393777,4361.0,7036,630.0,141,3976.0,1.096830985915493,True
pubmed_deepres28_w128,12,R3_MOSAIC_ANCHOR,32,85,128,3205.0,22.501654533421576,4361.0,6448,585.0,129,3919.0,1.1127838734371014,True
pubmed_deepres28_w128,12,R3_MOSAIC_ANCHOR,32,75,128,2943.0,19.85440105890139,4361.0,6520,806.25,139,3888.25,1.1215842602713302,True
pubmed_deepres28_w128,12,R3_MOSAIC_ANCHOR,32,67,128,2943.0,17.736598279285243,4361.0,6528,677.5,123,3743.5,1.164952584479765,True
pubmed_deepres28_w128,12,R3_MOSAIC_ANCHOR,32,96,128,3205.0,25.413633355393777,4361.0,6524,652.5,144,4001.5,1.089841309508934,True
pubmed_deepres28_w128,12,R3_MOSAIC_ANCHOR,32,60,128,2049.0,23.83316782522344,4361.0,6240,722.5,121,2892.5,1.5076923076923077,True
pubmed_deepres28_w128,12,R3_MOSAIC_ANCHOR,32,52,128,2049.0,20.655412115193645,4361.0,6244,406.25,87,2542.25,1.7154095781296097,True
pubmed_deepres28_w128,12,R3_MOSAIC_ANCHOR,32,55,128,2049.0,21.847070506454816,4361.0,6300,475.0,98,2622.0,1.6632341723874904,True
pubmed_deepres28_w128,12,R3_MOSAIC_ANCHOR,32,93,128,3205.0,24.619457313037724,4361.0,6408,536.25,132,3873.25,1.1259278383786226,True
pubmed_deepres28_w128,12,R3_MOSAIC_ANCHOR,32,55,128,2049.0,21.847070506454816,4361.0,6228,472.5,96,2617.5,1.6660936007640879,True
pubmed_deepres28_w128,12,R3_MOSAIC_ANCHOR,32,61,128,2049.0,24.23038728897716,4361.0,6364,690.0,119,2858.0,1.5258922323303008,True
pubmed_deepres28_w128,12,R3_MOSAIC_ANCHOR,32,75,128,2943.0,19.85440105890139,4361.0,6412,478.75,112,3533.75,1.2340997523876902,True
pubmed_deepres28_w128,12,R3_MOSAIC_ANCHOR,32,80,128,2943.0,21.178027796161484,4361.0,6504,565.0,125,3633.0,1.2003853564547207,True
pubmed_deepres28_w128,12,R3_MOSAIC_ANCHOR,32,65,128,2943.0,17.207147584381204,4361.0,6572,608.75,116,3667.75,1.1890123372639902,True
pubmed_deepres28_w128,12,R3_MOSAIC_ANCHOR,32,53,128,2049.0,21.05263157894737,4361.0,5732,635.0,108,2792.0,1.5619627507163323,True
pubmed_deepres28_w128,12,R3_MOSAIC_ANCHOR,32,69,128,2943.0,18.26604897418928,4361.0,6792,498.75,110,3551.75,1.227845428309988,True
pubmed_deepres28_w128,12,R3_MOSAIC_ANCHOR,32,92,128,3205.0,24.354731965585703,4361.0,6920,520.0,129,3854.0,1.1315516346652827,True
pubmed_deepres28_w128,12,R3_MOSAIC_ANCHOR,32,60,128,2049.0,23.83316782522344,4361.0,5844,533.75,106,2688.75,1.6219432821943283,True
pubmed_deepres28_w128,12,R3_MOSAIC_ANCHOR,32,62,128,2311.0,24.627606752730884,4361.0,6456,586.25,112,3009.25,1.4491983052255546,True
pubmed_deepres28_w128,12,R3_MOSAIC_ANCHOR,32,65,128,2943.0,17.207147584381204,4361.0,6980,392.5,99,3434.5,1.269762701994468,True
pubmed_deepres28_w128,12,R3_MOSAIC_ANCHOR,32,91,128,3205.0,24.090006618133685,4361.0,6696,527.5,129,3861.5,1.1293538780266736,True
pubmed_deepres28_w128,12,R3_MOSAIC_ANCHOR,32,64,128,2311.0,25.42204568023833,4361.0,6020,595.0,113,3019.0,1.4445180523352104,True
pubmed_deepres28_w128,12,R3_MOSAIC_ANCHOR,32,63,128,2311.0,25.02482621648461,4361.0,6640,640.0,115,3066.0,1.4223744292237444,True
pubmed_deepres28_w128,12,R3_MOSAIC_ANCHOR,32,63,128,2311.0,25.02482621648461,4361.0,6628,516.25,108,2935.25,1.4857337535133293,True
pubmed_deepres28_w128,12,R3_MOSAIC_ANCHOR,32,55,128,2049.0,21.847070506454816,4361.0,5840,650.0,110,2809.0,1.5525097899608402,True
pubmed_deepres28_w128,12,R3_MOSAIC_ANCHOR,32,72,128,2943.0,19.06022501654533,4361.0,6700,535.0,116,3594.0,1.213411240957151,True
pubmed_deepres28_w128,12,R3_MOSAIC_ANCHOR,32,71,128,2943.0,18.79549966909332,4361.0,6168,496.25,112,3551.25,1.2280183034142906,True
pubmed_deepres28_w128,12,R3_MOSAIC_ANCHOR,32,69,128,2943.0,18.26604897418928,4361.0,6764,548.75,115,3606.75,1.2091217855409995,True
pubmed_deepres28_w128,12,R3_MOSAIC_ANCHOR,32,83,128,3205.0,21.972203838517537,4361.0,6920,566.25,128,3899.25,1.118420209014554,True
pubmed_deepres28_w128,12,R3_MOSAIC_ANCHOR,32,58,128,2049.0,23.038728897715988,4361.0,5816,592.5,108,2749.5,1.586106564829969,True
pubmed_deepres28_w128,12,R3_MOSAIC_ANCHOR,32,61,128,2049.0,24.23038728897716,4361.0,6360,508.75,104,2661.75,1.638395792241946,True
pubmed_deepres28_w128,12,R3_MOSAIC_ANCHOR,32,51,128,2049.0,20.25819265143992,4361.0,6364,438.75,87,2574.75,1.6937566754053792,True
pubmed_deepres28_w128,12,R3_MOSAIC_ANCHOR,32,85,128,3205.0,22.501654533421576,4361.0,6520,716.25,140,4061.25,1.073807325330871,True
pubmed_deepres28_w128,12,R3_MOSAIC_ANCHOR,32,52,128,2049.0,20.655412115193645,4361.0,6248,775.0,117,2941.0,1.4828289697381842,True
pubmed_deepres28_w128,12,R3_MOSAIC_ANCHOR,32,57,128,2049.0,22.641509433962263,4361.0,6256,526.25,103,2678.25,1.6283020629142164,True
pubmed_deepres28_w128,12,R3_MOSAIC_ANCHOR,32,57,128,2049.0,22.641509433962263,4361.0,6272,696.25,117,2862.25,1.5236265175997903,True
pubmed_deepres28_w128,12,R3_MOSAIC_ANCHOR,32,69,128,2943.0,18.26604897418928,4361.0,6716,517.5,113,3573.5,1.2203721841332027,True
pubmed_deepres28_w128,12,R3_MOSAIC_ANCHOR,32,68,128,2943.0,18.00132362673726,4361.0,6744,632.5,119,3694.5,1.1804033022059819,True
pubmed_deepres28_w128,12,R3_MOSAIC_ANCHOR,32,93,128,3205.0,24.619457313037724,4361.0,6344,598.75,136,3939.75,1.1069230281109208,True
pubmed_deepres28_w128,12,R3_MOSAIC_ANCHOR,32,60,128,2049.0,23.83316782522344,4361.0,6148,655.0,115,2819.0,1.5470024831500533,True
pubmed_deepres28_w128,12,R3_MOSAIC_ANCHOR,32,90,128,3205.0,23.825281270681668,4361.0,6792,577.5,134,3916.5,1.1134941912421805,True
pubmed_deepres28_w128,12,R3_MOSAIC_ANCHOR,32,74,128,2943.0,19.58967571144937,4361.0,6696,582.5,120,3645.5,1.1962693731998355,True
pubmed_deepres28_w128,12,R3_MOSAIC_ANCHOR,32,63,128,2311.0,25.02482621648461,4361.0,5868,555.0,110,2976.0,1.4653897849462365,True
pubmed_deepres28_w128,12,R3_MOSAIC_ANCHOR,32,62,128,2311.0,24.627606752730884,4361.0,6964,423.75,99,2833.75,1.5389501543890605,True
pubmed_deepres28_w128,12,R3_MOSAIC_ANCHOR,32,93,128,3205.0,24.619457313037724,4361.0,6776,528.75,131,3864.75,1.1284041658580761,True
pubmed_deepres28_w128,12,R3_MOSAIC_ANCHOR,32,65,128,2943.0,17.207147584381204,4361.0,6236,611.25,116,3670.25,1.188202438525986,True
pubmed_deepres28_w128,12,R3_MOSAIC_ANCHOR,32,57,128,2049.0,22.641509433962263,4361.0,6344,760.0,121,2930.0,1.48839590443686,True
pubmed_deepres28_w128,12,R3_MOSAIC_ANCHOR,32,59,128,2049.0,23.435948361469716,4361.0,6552,501.25,102,2652.25,1.644264303892921,True
pubmed_deepres28_w128,12,R3_MOSAIC_ANCHOR,32,82,128,3205.0,21.70747849106552,4361.0,6984,535.0,124,3864.0,1.1286231884057971,True
pubmed_deepres28_w128,12,R3_MOSAIC_ANCHOR,32,68,128,2943.0,18.00132362673726,4361.0,6004,556.25,113,3612.25,1.2072807806768635,True
pubmed_deepres28_w128,12,R3_MOSAIC_ANCHOR,32,68,128,2943.0,18.00132362673726,4361.0,6760,560.0,115,3618.0,1.2053620784964068,True
pubmed_deepres28_w128,12,R3_MOSAIC_ANCHOR,32,58,128,2049.0,23.038728897715988,4361.0,6040,673.75,115,2837.75,1.5367809003612016,True
pubmed_deepres28_w128,12,R3_MOSAIC_ANCHOR,32,86,128,3205.0,22.766379880873597,4361.0,6148,531.25,125,3861.25,1.129426999028812,True
pubmed_deepres28_w128,12,R3_MOSAIC_ANCHOR,32,64,128,2311.0,25.42204568023833,4361.0,6168,518.75,108,2937.75,1.4844694068589908,True
pubmed_deepres28_w128,12,R3_MOSAIC_ANCHOR,32,64,128,2311.0,25.42204568023833,4361.0,6944,432.5,101,2844.5,1.5331341184742486,True
pubmed_deepres28_w128,12,R3_MOSAIC_ANCHOR,32,67,128,2943.0,17.736598279285243,4361.0,6964,462.5,105,3510.5,1.2422731804586242,True
pubmed_deepres28_w128,12,R3_MOSAIC_ANCHOR,32,75,128,2943.0,19.85440105890139,4361.0,6120,555.0,119,3617.0,1.2056953276195743,True
pubmed_deepres28_w128,12,R3_MOSAIC_ANCHOR,32,72,128,2943.0,19.06022501654533,4361.0,6312,592.5,119,3654.5,1.1933233000410453,True
pubmed_deepres28_w128,12,R3_MOSAIC_ANCHOR,32,61,128,2049.0,24.23038728897716,4361.0,6544,566.25,110,2725.25,1.6002201632877717,True
pubmed_deepres28_w128,12,R3_MOSAIC_ANCHOR,32,57,128,2049.0,22.641509433962263,4361.0,6200,647.5,112,2808.5,1.5527861847961546,True
pubmed_deepres28_w128,12,R3_MOSAIC_ANCHOR,32,51,128,2049.0,20.25819265143992,4361.0,5616,596.25,104,2749.25,1.5862507956715468,True
pubmed_deepres28_w128,12,R3_MOSAIC_ANCHOR,32,69,128,2943.0,18.26604897418928,4361.0,6440,478.75,110,3531.75,1.2347986125858286,True
pubmed_deepres28_w128,12,R3_MOSAIC_ANCHOR,32,67,128,2943.0,17.736598279285243,4361.0,6876,425.0,103,3471.0,1.2564102564102564,True
pubmed_deepres28_w128,12,R3_MOSAIC_ANCHOR,32,59,128,2049.0,23.435948361469716,4361.0,5908,635.0,113,2797.0,1.5591705398641402,True
pubmed_deepres28_w128,12,R3_MOSAIC_ANCHOR,32,70,128,2943.0,18.530774321641296,4361.0,6932,515.0,112,3570.0,1.2215686274509805,True
pubmed_deepres28_w128,12,R3_MOSAIC_ANCHOR,32,65,128,2943.0,17.207147584381204,4361.0,6860,485.0,106,3534.0,1.2340124504810412,True
pubmed_deepres28_w128,12,R3_MOSAIC_ANCHOR,32,60,128,2049.0,23.83316782522344,4361.0,5964,506.25,104,2659.25,1.6399360722008085,True
pubmed_deepres28_w128,12,R3_MOSAIC_ANCHOR,32,58,128,2049.0,23.038728897715988,4361.0,5936,642.5,112,2803.5,1.5555555555555556,True
pubmed_deepres28_w128,12,R3_MOSAIC_ANCHOR,32,83,128,3205.0,21.972203838517537,4361.0,7220,565.0,125,3895.0,1.119640564826701,True
pubmed_deepres28_w128,12,R3_MOSAIC_ANCHOR,32,75,128,2943.0,19.85440105890139,4361.0,6464,603.75,121,3667.75,1.1890123372639902,True
pubmed_deepres28_w128,12,R3_MOSAIC_ANCHOR,32,57,128,2049.0,22.641509433962263,4361.0,5956,525.0,105,2679.0,1.627846211272863,True
pubmed_deepres28_w128,12,R3_MOSAIC_ANCHOR,32,59,128,2049.0,23.435948361469716,4361.0,5812,610.0,111,2770.0,1.5743682310469314,True
pubmed_deepres28_w128,12,R3_MOSAIC_ANCHOR,32,84,128,3205.0,22.23692918596956,4361.0,6672,528.75,125,3858.75,1.1301587301587301,True
pubmed_deepres28_w128,12,R3_MOSAIC_ANCHOR,32,65,128,2943.0,17.207147584381204,4361.0,6756,530.0,109,3582.0,1.2174762702400894,True
pubmed_deepres28_w128,12,R3_MOSAIC_ANCHOR,32,63,128,2311.0,25.02482621648461,4361.0,6000,548.75,111,2970.75,1.4679794664646975,True
pubmed_deepres28_w128,12,R3_MOSAIC_ANCHOR,32,67,128,2943.0,17.736598279285243,4361.0,7232,538.75,113,3594.75,1.2131580777522777,True
pubmed_deepres28_w128,12,R3_MOSAIC_ANCHOR,32,77,128,2943.0,20.383851753805427,4361.0,6556,538.75,120,3601.75,1.2108003054070937,True
pubmed_deepres28_w128,12,R3_MOSAIC_ANCHOR,32,52,128,2049.0,20.655412115193645,4361.0,5852,496.25,97,2642.25,1.6504872741035104,True
pubmed_deepres28_w128,12,R3_MOSAIC_ANCHOR,32,51,128,2049.0,20.25819265143992,4361.0,5664,607.5,104,2760.5,1.5797862706031516,True
pubmed_deepres28_w128,12,R3_MOSAIC_ANCHOR,32,64,128,2311.0,25.42204568023833,4361.0,6784,561.25,111,2983.25,1.4618285426967235,True
pubmed_deepres28_w128,12,R3_MOSAIC_ANCHOR,32,90,128,3205.0,23.825281270681668,4361.0,6676,580.0,133,3918.0,1.113067891781521,True
pubmed_deepres28_w128,12,R3_MOSAIC_ANCHOR,32,58,128,2049.0,23.038728897715988,4361.0,5924,621.25,111,2781.25,1.568,True
pubmed_deepres28_w128,12,R3_MOSAIC_ANCHOR,32,63,128,2311.0,25.02482621648461,4361.0,6712,528.75,107,2946.75,1.4799355221854587,True
pubmed_deepres28_w128,12,R3_MOSAIC_ANCHOR,32,54,128,2049.0,21.44985104270109,4361.0,6328,286.25,80,2415.25,1.805610185281027,True
pubmed_deepres28_w128,12,R3_MOSAIC_ANCHOR,32,94,128,3205.0,24.884182660489746,4361.0,6352,617.5,139,3961.5,1.1008456392780512,True
pubmed_deepres28_w128,12,R3_MOSAIC_ANCHOR,32,70,128,2943.0,18.530774321641296,4361.0,7028,563.75,117,3623.75,1.2034494653328733,True
pubmed_deepres28_w128,12,R3_MOSAIC_ANCHOR,32,75,128,2943.0,19.85440105890139,4361.0,6336,500.0,115,3558.0,1.2256885890949971,True
pubmed_deepres28_w128,12,R3_MOSAIC_ANCHOR,32,68,128,2943.0,18.00132362673726,4361.0,6348,615.0,119,3677.0,1.1860212129453358,True
pubmed_deepres28_w128,12,R3_MOSAIC_ANCHOR,32,66,128,2943.0,17.47187293183322,4361.0,6920,526.25,111,3580.25,1.218071363731583,True
pubmed_deepres28_w128,12,R3_MOSAIC_ANCHOR,32,72,128,2943.0,19.06022501654533,4361.0,6972,592.5,121,3656.5,1.1926705866265555,True
pubmed_deepres28_w128,12,R3_MOSAIC_ANCHOR,32,93,128,3205.0,24.619457313037724,4361.0,6300,596.25,136,3937.25,1.107625881008318,True
pubmed_deepres28_w128,12,R3_MOSAIC_ANCHOR,32,53,128,2049.0,21.05263157894737,4361.0,6276,386.25,87,2522.25,1.7290117950242838,True
pubmed_deepres28_w128,12,R3_MOSAIC_ANCHOR,32,94,128,3205.0,24.884182660489746,4361.0,6516,688.75,145,4038.75,1.0797895388424636,True
pubmed_deepres28_w128,12,R3_MOSAIC_ANCHOR,32,58,128,2049.0,23.038728897715988,4361.0,6608,471.25,99,2619.25,1.6649804333301517,True
pubmed_deepres28_w128,12,R3_MOSAIC_ANCHOR,32,70,128,2943.0,18.530774321641296,4361.0,7196,515.0,113,3571.0,1.2212265471856623,True
pubmed_deepres28_w128,12,R3_MOSAIC_ANCHOR,32,50,128,2049.0,19.860973187686195,4361.0,6252,285.0,78,2412.0,1.8080431177446104,True
pubmed_deepres28_w128,12,R3_MOSAIC_ANCHOR,32,88,128,3205.0,23.295830575777632,4361.0,6636,535.0,129,3869.0,1.1271646420263635,True
pubmed_deepres28_w128,12,R3_MOSAIC_ANCHOR,32,70,128,2943.0,18.530774321641296,4361.0,6940,563.75,116,3622.75,1.2037816575805673,True
pubmed_deepres28_w128,12,R3_MOSAIC_ANCHOR,32,55,128,2049.0,21.847070506454816,4361.0,6492,458.75,95,2602.75,1.675535491307271,True
pubmed_deepres28_w128,12,R3_MOSAIC_ANCHOR,32,73,128,2943.0,19.324950363997356,4361.0,6088,501.25,114,3558.25,1.2256024731258344,True
pubmed_deepres28_w128,12,R3_MOSAIC_ANCHOR,32,71,128,2943.0,18.79549966909332,4361.0,6704,500.0,112,3555.0,1.2267229254571026,True
pubmed_deepres28_w128,12,R3_MOSAIC_ANCHOR,32,51,128,2049.0,20.25819265143992,4361.0,5548,563.75,100,2712.75,1.6075937701594323,True
pubmed_deepres28_w128,12,R3_MOSAIC_ANCHOR,32,55,128,2049.0,21.847070506454816,4361.0,6056,636.25,109,2794.25,1.5607050192359309,True
pubmed_deepres28_w128,12,R3_MOSAIC_ANCHOR,32,70,128,2943.0,18.530774321641296,4361.0,6300,592.5,118,3653.5,1.1936499247297112,True
pubmed_deepres28_w128,12,R3_MOSAIC_ANCHOR,32,55,128,2049.0,21.847070506454816,4361.0,6368,416.25,92,2557.25,1.7053475413041352,True
pubmed_deepres28_w128,12,R3_MOSAIC_ANCHOR,32,76,128,2943.0,20.11912640635341,4361.0,7064,646.25,128,3717.25,1.1731790974510727,True
pubmed_deepres28_w128,12,R3_MOSAIC_ANCHOR,32,65,128,2943.0,17.207147584381204,4361.0,6032,551.25,111,3605.25,1.2096248526454476,True
pubmed_deepres28_w128,12,R3_MOSAIC_ANCHOR,32,53,128,2049.0,21.05263157894737,4361.0,6352,307.5,80,2436.5,1.7898625076954648,True
pubmed_deepres28_w128,12,R3_MOSAIC_ANCHOR,32,95,128,3205.0,25.14890800794176,4361.0,6824,503.75,131,3839.75,1.1357510254573866,True
pubmed_deepres28_w128,12,R3_MOSAIC_ANCHOR,32,68,128,2943.0,18.00132362673726,4361.0,7036,498.75,109,3550.75,1.22819122720552,True
pubmed_deepres28_w128,12,R3_MOSAIC_ANCHOR,32,79,128,2943.0,20.913302448709462,4361.0,6624,621.25,128,3692.25,1.181122621707631,True
pubmed_deepres28_w128,12,R3_MOSAIC_ANCHOR,32,54,128,2049.0,21.44985104270109,4361.0,6376,413.75,90,2552.75,1.7083537361668788,True
pubmed_deepres28_w128,12,R3_MOSAIC_ANCHOR,32,93,128,3205.0,24.619457313037724,4361.0,6492,535.0,132,3872.0,1.1262913223140496,True
pubmed_deepres28_w128,12,R3_MOSAIC_ANCHOR,32,64,128,2311.0,25.42204568023833,4361.0,6876,527.5,108,2946.5,1.480061089428135,True
pubmed_deepres28_w128,12,R3_MOSAIC_ANCHOR,32,68,128,2943.0,18.00132362673726,4361.0,7528,550.0,114,3607.0,1.2090379817022456,True
pubmed_deepres28_w128,12,R3_MOSAIC_ANCHOR,32,53,128,2049.0,21.05263157894737,4361.0,6292,268.75,78,2395.75,1.8203067932797663,True
pubmed_deepres28_w128,12,R3_MOSAIC_ANCHOR,32,95,128,3205.0,25.14890800794176,4361.0,6480,601.25,140,3946.25,1.1050997782705099,True
pubmed_deepres28_w128,12,R3_MOSAIC_ANCHOR,32,71,128,2943.0,18.79549966909332,4361.0,6932,476.25,110,3529.25,1.2356733016929942,True
pubmed_deepres28_w128,12,R3_MOSAIC_ANCHOR,32,60,128,2049.0,23.83316782522344,4361.0,6264,481.25,102,2632.25,1.6567575268306582,True
pubmed_deepres28_w128,12,R3_MOSAIC_ANCHOR,32,62,128,2311.0,24.627606752730884,4361.0,6356,688.75,121,3120.75,1.3974204918689417,True
pubmed_deepres28_w128,12,R3_MOSAIC_ANCHOR,32,60,128,2049.0,23.83316782522344,4361.0,6560,496.25,102,2647.25,1.6473699121730097,True
pubmed_deepres28_w128,12,R3_MOSAIC_ANCHOR,32,62,128,2311.0,24.627606752730884,4361.0,6908,472.5,103,2886.5,1.5108262601766846,True
pubmed_deepres28_w128,12,R3_MOSAIC_ANCHOR,32,94,128,3205.0,24.884182660489746,4361.0,7040,606.25,138,3949.25,1.1042603025890991,True
pubmed_deepres28_w128,12,R3_MOSAIC_ANCHOR,32,52,128,2049.0,20.655412115193645,4361.0,6200,498.75,96,2643.75,1.6495508274231678,True
pubmed_deepres28_w128,12,R3_MOSAIC_ANCHOR,32,91,128,3205.0,24.090006618133685,4361.0,6364,706.25,143,4054.25,1.0756613430350865,True
pubmed_deepres28_w128,12,R3_MOSAIC_ANCHOR,32,57,128,2049.0,22.641509433962263,4361.0,6336,542.5,104,2695.5,1.6178816546095345,True
pubmed_deepres28_w128,12,R3_MOSAIC_ANCHOR,32,66,128,2943.0,17.47187293183322,4361.0,6372,735.0,128,3806.0,1.1458223857067789,True
pubmed_deepres28_w128,12,R3_MOSAIC_ANCHOR,32,70,128,2943.0,18.530774321641296,4361.0,6604,772.5,134,3849.5,1.132874399272633,True
pubmed_deepres28_w128,12,R3_MOSAIC_ANCHOR,32,56,128,2049.0,22.24428997020854,4361.0,6252,575.0,106,2730.0,1.5974358974358975,True
pubmed_deepres28_w128,12,R3_MOSAIC_ANCHOR,32,91,128,3205.0,24.090006618133685,4361.0,6560,807.5,152,4164.5,1.0471845359586984,True
pubmed_deepres28_w128,12,R3_MOSAIC_ANCHOR,32,53,128,2049.0,21.05263157894737,4361.0,6248,503.75,97,2649.75,1.6458156429851873,True
pubmed_deepres28_w128,12,R3_MOSAIC_ANCHOR,32,92,128,3205.0,24.354731965585703,4361.0,6512,516.25,130,3851.25,1.132359623498864,True
pubmed_deepres28_w128,12,R3_MOSAIC_ANCHOR,32,68,128,2943.0,18.00132362673726,4361.0,6844,472.5,107,3522.5,1.2380411639460611,True
pubmed_deepres28_w128,12,R3_MOSAIC_ANCHOR,32,67,128,2943.0,17.736598279285243,4361.0,5812,557.5,113,3613.5,1.2068631520686315,True
pubmed_deepres28_w128,12,R3_MOSAIC_ANCHOR,32,66,128,2943.0,17.47187293183322,4361.0,6348,620.0,118,3681.0,1.184732409671285,True
pubmed_deepres28_w128,12,R3_MOSAIC_ANCHOR,32,57,128,2049.0,22.641509433962263,4361.0,6840,460.0,96,2605.0,1.674088291746641,True
pubmed_deepres28_w128,12,R3_MOSAIC_ANCHOR,32,60,128,2049.0,23.83316782522344,4361.0,6484,596.25,110,2755.25,1.582796479448326,True
pubmed_deepres28_w128,12,R3_MOSAIC_ANCHOR,32,76,128,2943.0,20.11912640635341,4361.0,5992,577.5,121,3641.5,1.1975834134285321,True
pubmed_deepres28_w128,12,R3_MOSAIC_ANCHOR,32,59,128,2049.0,23.435948361469716,4361.0,7092,387.5,93,2529.5,1.7240561375765961,True
pubmed_deepres28_w128,12,R3_MOSAIC_ANCHOR,32,62,128,2311.0,24.627606752730884,4361.0,6504,665.0,117,3093.0,1.409957969608794,True
pubmed_deepres28_w128,12,R3_MOSAIC_ANCHOR,32,79,128,2943.0,20.913302448709462,4361.0,6620,547.5,122,3612.5,1.2071972318339101,True
pubmed_deepres28_w128,12,R3_MOSAIC_ANCHOR,32,59,128,2049.0,23.435948361469716,4361.0,7000,417.5,95,2561.5,1.7025180558266642,True
pubmed_deepres28_w128,12,R3_MOSAIC_ANCHOR,32,67,128,2943.0,17.736598279285243,4361.0,6816,515.0,110,3568.0,1.2222533632286996,True
pubmed_deepres28_w128,12,R3_MOSAIC_ANCHOR,32,53,128,2049.0,21.05263157894737,4361.0,6292,521.25,99,2669.25,1.6337922637444975,True
pubmed_deepres28_w128,12,R3_MOSAIC_ANCHOR,32,92,128,3205.0,24.354731965585703,4361.0,6444,848.75,155,4208.75,1.0361746361746362,True
pubmed_deepres28_w128,12,R3_MOSAIC_ANCHOR,32,61,128,2049.0,24.23038728897716,4361.0,6252,870.0,131,3050.0,1.4298360655737705,True
pubmed_deepres28_w128,12,R3_MOSAIC_ANCHOR,32,65,128,2943.0,17.207147584381204,4361.0,6484,771.25,128,3842.25,1.135012037217776,True
pubmed_deepres28_w128,12,R3_MOSAIC_ANCHOR,32,59,128,2049.0,23.435948361469716,4361.0,6320,606.25,111,2766.25,1.5765024853140532,True
pubmed_deepres28_w128,12,R3_MOSAIC_ANCHOR,32,91,128,3205.0,24.090006618133685,4361.0,6616,753.75,147,4105.75,1.0621689094562503,True
pubmed_deepres28_w128,12,R3_MOSAIC_ANCHOR,32,68,128,2943.0,18.00132362673726,4361.0,6484,881.25,139,3963.25,1.1003595533968333,True
pubmed_deepres28_w128,12,R3_MOSAIC_ANCHOR,32,57,128,2049.0,22.641509433962263,4361.0,6324,525.0,101,2675.0,1.6302803738317757,True
pubmed_deepres28_w128,12,R3_MOSAIC_ANCHOR,32,54,128,2049.0,21.44985104270109,4361.0,6332,560.0,102,2711.0,1.6086315012910366,True
pubmed_deepres28_w128,12,R3_MOSAIC_ANCHOR,32,68,128,2943.0,18.00132362673726,4361.0,6744,700.0,124,3767.0,1.1576851606052563,True
pubmed_deepres28_w128,12,R3_MOSAIC_ANCHOR,32,79,128,2943.0,20.913302448709462,4361.0,6560,812.5,143,3898.5,1.118635372579197,True
pubmed_deepres28_w128,12,R3_MOSAIC_ANCHOR,32,54,128,2049.0,21.44985104270109,4361.0,6320,596.25,105,2750.25,1.5856740296336698,True
pubmed_deepres28_w128,12,R3_MOSAIC_ANCHOR,32,57,128,2049.0,22.641509433962263,4361.0,6296,587.5,107,2743.5,1.5895753599416804,True
pubmed_deepres28_w128,12,R3_MOSAIC_ANCHOR,32,91,128,3205.0,24.090006618133685,4361.0,6416,695.0,144,4044.0,1.0783877349159248,True
pubmed_deepres28_w128,12,R3_MOSAIC_ANCHOR,32,54,128,2049.0,21.44985104270109,4361.0,6328,696.25,112,2857.25,1.5262927640213493,True
pubmed_deepres28_w128,12,R3_MOSAIC_ANCHOR,32,63,128,2311.0,25.02482621648461,4361.0,6676,685.0,120,3116.0,1.399550706033376,True
pubmed_deepres28_w128,12,R3_MOSAIC_ANCHOR,32,54,128,2049.0,21.44985104270109,4361.0,6256,526.25,99,2674.25,1.6307375899784986,True
pubmed_deepres28_w128,12,R3_MOSAIC_ANCHOR,32,96,128,3205.0,25.413633355393777,4361.0,6944,636.25,144,3985.25,1.0942851765886707,True
pubmed_deepres28_w128,12,R3_MOSAIC_ANCHOR,32,68,128,2943.0,18.00132362673726,4361.0,6708,640.0,121,3704.0,1.1773758099352052,True
pubmed_deepres28_w128,12,R3_MOSAIC_ANCHOR,32,78,128,2943.0,20.648577101257445,4361.0,6268,658.75,131,3732.75,1.1683075480543834,True
pubmed_deepres28_w128,12,R3_MOSAIC_ANCHOR,32,61,128,2049.0,24.23038728897716,4361.0,6336,696.25,120,2865.25,1.5220312363668091,True
pubmed_deepres28_w128,12,R3_MOSAIC_ANCHOR,32,53,128,2049.0,21.05263157894737,4361.0,6272,331.25,83,2463.25,1.7704252511925302,True
pubmed_deepres28_w128,12,R3_MOSAIC_ANCHOR,32,79,128,2943.0,20.913302448709462,4361.0,6772,575.0,124,3642.0,1.1974190005491487,True
pubmed_deepres28_w128,12,R3_MOSAIC_ANCHOR,32,77,128,2943.0,20.383851753805427,4361.0,6444,546.25,121,3610.25,1.207949587978672,True
pubmed_deepres28_w128,12,R3_MOSAIC_ANCHOR,32,59,128,2049.0,23.435948361469716,4361.0,7000,430.0,95,2574.0,1.6942501942501942,True
pubmed_deepres28_w128,12,R3_MOSAIC_ANCHOR,32,72,128,2943.0,19.06022501654533,4361.0,6948,585.0,120,3648.0,1.1954495614035088,True
pubmed_deepres28_w128,12,R3_MOSAIC_ANCHOR,32,73,128,2943.0,19.324950363997356,4361.0,6276,560.0,120,3623.0,1.203698592326801,True
pubmed_deepres28_w128,12,R3_MOSAIC_ANCHOR,32,83,128,3205.0,21.972203838517537,4361.0,6768,582.5,127,3914.5,1.1140630987354707,True
pubmed_deepres28_w128,12,R3_MOSAIC_ANCHOR,32,61,128,2049.0,24.23038728897716,4361.0,6760,515.0,105,2669.0,1.6339452978643687,True
pubmed_deepres28_w128,12,R3_MOSAIC_ANCHOR,32,61,128,2049.0,24.23038728897716,4361.0,6408,423.75,96,2568.75,1.697712895377129,True
pubmed_deepres28_w128,12,R3_MOSAIC_ANCHOR,32,84,128,3205.0,22.23692918596956,4361.0,6608,590.0,130,3925.0,1.1110828025477708,True
pubmed_deepres28_w128,12,R3_MOSAIC_ANCHOR,32,87,128,3205.0,23.03110522832561,4361.0,7008,456.25,121,3782.25,1.153017383832375,True
pubmed_deepres28_w128,12,R3_MOSAIC_ANCHOR,32,71,128,2943.0,18.79549966909332,4361.0,6832,667.5,125,3735.5,1.1674474635256324,True
pubmed_deepres28_w128,12,R3_MOSAIC_ANCHOR,32,65,128,2943.0,17.207147584381204,4361.0,6692,472.5,104,3519.5,1.2390964625657053,True
pubmed_deepres28_w128,12,R3_MOSAIC_ANCHOR,32,93,128,3205.0,24.619457313037724,4361.0,6604,700.0,145,4050.0,1.07679012345679,True
pubmed_deepres28_w128,12,R3_MOSAIC_ANCHOR,32,56,128,2049.0,22.24428997020854,4361.0,6356,532.5,103,2684.5,1.6245110821382007,True
pubmed_deepres28_w128,12,R3_MOSAIC_ANCHOR,32,67,128,2943.0,17.736598279285243,4361.0,6508,678.75,123,3744.75,1.1645637225448962,True
pubmed_deepres28_w128,12,R3_MOSAIC_ANCHOR,32,96,128,3205.0,25.413633355393777,4361.0,6676,547.5,136,3888.5,1.1215121512151216,True
pubmed_deepres28_w128,12,R3_MOSAIC_ANCHOR,32,62,128,2311.0,24.627606752730884,4361.0,6944,455.0,99,2865.0,1.5221640488656196,True
pubmed_deepres28_w128,12,R3_MOSAIC_ANCHOR,32,80,128,2943.0,21.178027796161484,4361.0,6580,538.75,123,3604.75,1.2097926347180803,True
pubmed_deepres28_w128,12,R3_MOSAIC_ANCHOR,32,61,128,2049.0,24.23038728897716,4361.0,6672,590.0,110,2749.0,1.5863950527464532,True
pubmed_deepres28_w128,12,R3_MOSAIC_ANCHOR,32,92,128,3205.0,24.354731965585703,4361.0,6892,571.25,134,3910.25,1.1152739594655072,True
pubmed_deepres28_w128,12,R3_MOSAIC_ANCHOR,32,60,128,2049.0,23.83316782522344,4361.0,5972,636.25,113,2798.25,1.5584740462789244,True
pubmed_deepres28_w128,12,R3_MOSAIC_ANCHOR,32,65,128,2943.0,17.207147584381204,4361.0,6948,428.75,102,3473.75,1.2554156171284634,True
pubmed_deepres28_w128,12,R3_MOSAIC_ANCHOR,32,59,128,2049.0,23.435948361469716,4361.0,6820,496.25,100,2645.25,1.648615442774785,True
pubmed_deepres28_w128,12,R3_MOSAIC_ANCHOR,32,71,128,2943.0,18.79549966909332,4361.0,6860,482.5,111,3536.5,1.233140110278524,True
pubmed_deepres28_w128,12,R3_MOSAIC_ANCHOR,32,77,128,2943.0,20.383851753805427,4361.0,6156,648.75,128,3719.75,1.1723906176490355,True
pubmed_deepres28_w128,12,R3_MOSAIC_ANCHOR,32,62,128,2311.0,24.627606752730884,4361.0,6348,676.25,119,3106.25,1.403943661971831,True
pubmed_deepres28_w128,12,R3_MOSAIC_ANCHOR,32,70,128,2943.0,18.530774321641296,4361.0,6788,568.75,116,3627.75,1.2021225277375784,True
pubmed_deepres28_w128,12,R3_MOSAIC_ANCHOR,32,75,128,2943.0,19.85440105890139,4361.0,6136,555.0,118,3616.0,1.206028761061947,True
pubmed_deepres28_w128,12,R3_MOSAIC_ANCHOR,32,54,128,2049.0,21.44985104270109,4361.0,6268,513.75,100,2662.75,1.6377804900948267,True
pubmed_deepres28_w128,12,R3_MOSAIC_ANCHOR,32,72,128,2943.0,19.06022501654533,4361.0,6572,601.25,122,3666.25,1.1894988066825776,True
pubmed_deepres28_w128,12,R3_MOSAIC_ANCHOR,32,55,128,2049.0,21.847070506454816,4361.0,6068,653.75,109,2811.75,1.5509913754779052,True
pubmed_deepres28_w128,12,R3_MOSAIC_ANCHOR,32,66,128,2943.0,17.47187293183322,4361.0,6828,485.0,106,3534.0,1.2340124504810412,True
pubmed_deepres28_w128,12,R3_MOSAIC_ANCHOR,32,56,128,2049.0,22.24428997020854,4361.0,6740,548.75,101,2698.75,1.6159333024548401,True
pubmed_deepres28_w128,12,R3_MOSAIC_ANCHOR,32,66,128,2943.0,17.47187293183322,4361.0,5824,548.75,112,3603.75,1.210128338536247,True
pubmed_deepres28_w128,12,R3_MOSAIC_ANCHOR,32,59,128,2049.0,23.435948361469716,4361.0,7052,367.5,91,2507.5,1.7391824526420738,True
pubmed_deepres28_w128,12,R3_MOSAIC_ANCHOR,32,66,128,2943.0,17.47187293183322,4361.0,6752,502.5,108,3553.5,1.2272407485577599,True
pubmed_deepres28_w128,12,R3_MOSAIC_ANCHOR,32,78,128,2943.0,20.648577101257445,4361.0,6068,617.5,126,3686.5,1.1829648718296488,True
pubmed_deepres28_w128,12,R3_MOSAIC_ANCHOR,32,60,128,2049.0,23.83316782522344,4361.0,6448,563.75,107,2719.75,1.603456200018384,True
pubmed_deepres28_w128,12,R3_MOSAIC_ANCHOR,32,53,128,2049.0,21.05263157894737,4361.0,6308,506.25,97,2652.25,1.644264303892921,True
pubmed_deepres28_w128,12,R3_MOSAIC_ANCHOR,32,97,128,3837.0,19.255583126550867,4361.0,6600,498.75,132,4467.75,0.9761065413239326,True
pubmed_deepres28_w128,12,R3_MOSAIC_ANCHOR,32,69,128,2943.0,18.26604897418928,4361.0,6852,521.25,112,3576.25,1.2194337644180357,True
pubmed_deepres28_w128,12,R3_MOSAIC_ANCHOR,32,61,128,2049.0,24.23038728897716,4361.0,6320,746.25,123,2918.25,1.4943887603872184,True
pubmed_deepres28_w128,12,R3_MOSAIC_ANCHOR,32,54,128,2049.0,21.44985104270109,4361.0,6196,588.75,105,2742.75,1.5900100264333241,True
pubmed_deepres28_w128,12,R3_MOSAIC_ANCHOR,32,94,128,3205.0,24.884182660489746,4361.0,6688,715.0,147,4067.0,1.072289156626506,True
pubmed_deepres28_w128,12,R3_MOSAIC_ANCHOR,32,74,128,2943.0,19.58967571144937,4361.0,6852,561.25,119,3623.25,1.203615538535845,True
pubmed_deepres28_w128,12,R3_MOSAIC_ANCHOR,32,69,128,2943.0,18.26604897418928,4361.0,6460,790.0,134,3867.0,1.1277476079648305,True
pubmed_deepres28_w128,12,R3_MOSAIC_ANCHOR,32,70,128,2943.0,18.530774321641296,4361.0,6840,527.5,114,3584.5,1.216627144650579,True
pubmed_deepres28_w128,12,R3_MOSAIC_ANCHOR,32,96,128,3205.0,25.413633355393777,4361.0,6600,518.75,132,3855.75,1.1310380600401997,True
pubmed_deepres28_w128,12,R3_MOSAIC_ANCHOR,32,54,128,2049.0,21.44985104270109,4361.0,6280,522.5,101,2672.5,1.6318054256314312,True
pubmed_deepres28_w128,12,R3_MOSAIC_ANCHOR,32,78,128,2943.0,20.648577101257445,4361.0,6092,621.25,127,3691.25,1.1814426007450052,True
pubmed_deepres28_w128,12,R3_MOSAIC_ANCHOR,32,75,128,2943.0,19.85440105890139,4361.0,6712,635.0,125,3703.0,1.1776937618147447,True
pubmed_deepres28_w128,12,R3_MOSAIC_ANCHOR,32,95,128,3205.0,25.14890800794176,4361.0,6788,722.5,147,4074.5,1.0703153761197692,True
pubmed_deepres28_w128,12,R3_MOSAIC_ANCHOR,32,85,128,3205.0,22.501654533421576,4361.0,6196,583.75,129,3917.75,1.1131389190223981,True
pubmed_deepres28_w128,12,R3_MOSAIC_ANCHOR,32,56,128,2049.0,22.24428997020854,4361.0,6308,552.5,103,2704.5,1.6124976890367906,True
pubmed_deepres28_w128,12,R3_MOSAIC_ANCHOR,32,64,128,2311.0,25.42204568023833,4361.0,6572,618.75,115,3044.75,1.4323015025864192,True
pubmed_deepres28_w128,12,R3_MOSAIC_ANCHOR,32,92,128,3205.0,24.354731965585703,4361.0,6708,448.75,124,3777.75,1.1543908411091257,True
pubmed_deepres28_w128,12,R3_MOSAIC_ANCHOR,32,62,128,2311.0,24.627606752730884,4361.0,6264,578.75,112,3001.75,1.4528191888065296,True
pubmed_deepres28_w128,12,R3_MOSAIC_ANCHOR,32,69,128,2943.0,18.26604897418928,4361.0,6388,512.5,113,3568.5,1.222082107328009,True
pubmed_deepres28_w128,12,R3_MOSAIC_ANCHOR,32,60,128,2049.0,23.83316782522344,4361.0,6384,628.75,115,2792.75,1.5615432817115746,True
pubmed_deepres28_w128,12,R3_MOSAIC_ANCHOR,32,67,128,2943.0,17.736598279285243,4361.0,6580,386.25,99,3428.25,1.2720775906074528,True
pubmed_deepres28_w128,12,R3_MOSAIC_ANCHOR,32,78,128,2943.0,20.648577101257445,4361.0,6680,766.25,138,3847.25,1.1335369419715382,True
pubmed_deepres28_w128,12,R3_MOSAIC_ANCHOR,32,88,128,3205.0,23.295830575777632,4361.0,6912,636.25,137,3978.25,1.096210645384277,True
pubmed_deepres28_w128,12,R3_MOSAIC_ANCHOR,32,61,128,2049.0,24.23038728897716,4361.0,6640,522.5,107,2678.5,1.62815008400224,True
pubmed_deepres28_w128,12,R3_MOSAIC_ANCHOR,32,91,128,3205.0,24.090006618133685,4361.0,6520,496.25,126,3827.25,1.1394604481024233,True
pubmed_deepres28_w128,12,R3_MOSAIC_ANCHOR,32,67,128,2943.0,17.736598279285243,4361.0,5940,603.75,117,3663.75,1.1903104742408734,True
pubmed_deepres28_w128,12,R3_MOSAIC_ANCHOR,32,62,128,2311.0,24.627606752730884,4361.0,6928,488.75,103,2902.75,1.5023684437171647,True
pubmed_deepres28_w128,12,R3_MOSAIC_ANCHOR,32,65,128,2943.0,17.207147584381204,4361.0,6832,493.75,107,3543.75,1.2306172839506173,True
pubmed_deepres28_w128,12,R3_MOSAIC_ANCHOR,32,57,128,2049.0,22.641509433962263,4361.0,5948,665.0,114,2828.0,1.5420792079207921,True
pubmed_deepres28_w128,12,R3_MOSAIC_ANCHOR,32,79,128,2943.0,20.913302448709462,4361.0,6160,550.0,121,3614.0,1.2066961815163253,True
pubmed_deepres28_w128,12,R3_MOSAIC_ANCHOR,32,63,128,2311.0,25.02482621648461,4361.0,6784,508.75,107,2926.75,1.4900486888186555,True
pubmed_deepres28_w128,12,R3_MOSAIC_ANCHOR,32,61,128,2049.0,24.23038728897716,4361.0,6768,510.0,105,2664.0,1.637012012012012,True
pubmed_deepres28_w128,12,R3_MOSAIC_ANCHOR,32,56,128,2049.0,22.24428997020854,4361.0,6076,630.0,109,2788.0,1.5642037302725968,True
pubmed_deepres28_w128,12,R3_MOSAIC_ANCHOR,32,69,128,2943.0,18.26604897418928,4361.0,6944,415.0,102,3460.0,1.2604046242774567,True
pubmed_deepres28_w128,12,R3_MOSAIC_ANCHOR,32,81,128,2943.0,21.4427531436135,4361.0,5824,566.25,125,3634.25,1.1999724840063286,True
pubmed_deepres28_w128,12,R3_MOSAIC_ANCHOR,32,57,128,2049.0,22.641509433962263,4361.0,6272,425.0,96,2570.0,1.696887159533074,True
pubmed_deepres28_w128,12,R3_MOSAIC_ANCHOR,32,87,128,3205.0,23.03110522832561,4361.0,6696,550.0,129,3884.0,1.122811534500515,True
pubmed_deepres28_w128,12,R3_MOSAIC_ANCHOR,32,61,128,2049.0,24.23038728897716,4361.0,5860,605.0,112,2766.0,1.576644974692697,True
pubmed_deepres28_w128,12,R3_MOSAIC_ANCHOR,32,71,128,2943.0,18.79549966909332,4361.0,7344,553.75,118,3614.75,1.2064458122968393,True
pubmed_deepres28_w128,12,R3_MOSAIC_ANCHOR,32,57,128,2049.0,22.641509433962263,4361.0,6280,638.75,111,2798.75,1.5581956230460028,True
pubmed_deepres28_w128,12,R3_MOSAIC_ANCHOR,32,62,128,2311.0,24.627606752730884,4361.0,5708,610.0,113,3034.0,1.437376400791035,True
pubmed_deepres28_w128,12,R3_MOSAIC_ANCHOR,32,66,128,2943.0,17.47187293183322,4361.0,6952,402.5,100,3445.5,1.2657088956610072,True
pubmed_deepres28_w128,12,R3_MOSAIC_ANCHOR,32,75,128,2943.0,19.85440105890139,4361.0,6844,576.25,122,3641.25,1.1976656368005492,True
pubmed_deepres28_w128,12,R3_MOSAIC_ANCHOR,32,60,128,2049.0,23.83316782522344,4361.0,6320,562.5,109,2720.5,1.603014151810329,True
pubmed_deepres28_w128,12,R3_MOSAIC_ANCHOR,32,65,128,2943.0,17.207147584381204,4361.0,6152,597.5,115,3655.5,1.1929968540555327,True
pubmed_deepres28_w128,12,R3_MOSAIC_ANCHOR,32,71,128,2943.0,18.79549966909332,4361.0,6752,550.0,117,3610.0,1.2080332409972299,True
pubmed_deepres28_w128,12,R3_MOSAIC_ANCHOR,32,85,128,3205.0,22.501654533421576,4361.0,6808,553.75,127,3885.75,1.1223058611593644,True
pubmed_deepres28_w128,12,R3_MOSAIC_ANCHOR,32,57,128,2049.0,22.641509433962263,4361.0,6248,670.0,114,2833.0,1.5393575714789975,True
pubmed_deepres28_w128,12,R3_MOSAIC_ANCHOR,32,85,128,3205.0,22.501654533421576,4361.0,6616,557.5,127,3889.5,1.1212238076873635,True
pubmed_deepres28_w128,12,R3_MOSAIC_ANCHOR,32,69,128,2943.0,18.26604897418928,4361.0,6876,500.0,110,3553.0,1.2274134534196455,True
pubmed_deepres28_w128,12,R3_MOSAIC_ANCHOR,32,66,128,2943.0,17.47187293183322,4361.0,5792,675.0,120,3738.0,1.1666666666666667,True
pubmed_deepres28_w128,12,R3_MOSAIC_ANCHOR,32,61,128,2049.0,24.23038728897716,4361.0,6632,487.5,104,2640.5,1.6515811399356182,True
pubmed_deepres28_w128,12,R3_MOSAIC_ANCHOR,32,53,128,2049.0,21.05263157894737,4361.0,5888,706.25,114,2869.25,1.5199093839853621,True
pubmed_deepres28_w128,12,R3_MOSAIC_ANCHOR,32,80,128,2943.0,21.178027796161484,4361.0,6292,602.5,128,3673.5,1.187151218184293,True
pubmed_deepres28_w128,12,R3_MOSAIC_ANCHOR,32,68,128,2943.0,18.00132362673726,4361.0,6848,492.5,109,3544.5,1.230356890957822,True
pubmed_deepres28_w128,12,R3_MOSAIC_ANCHOR,32,55,128,2049.0,21.847070506454816,4361.0,6380,720.0,118,2887.0,1.510564599930724,True
pubmed_deepres28_w128,12,R3_MOSAIC_ANCHOR,32,93,128,3205.0,24.619457313037724,4361.0,6904,626.25,140,3971.25,1.0981429021089077,True
pubmed_deepres28_w128,12,R3_MOSAIC_ANCHOR,32,63,128,2311.0,25.02482621648461,4361.0,5996,590.0,114,3015.0,1.4464344941956881,True
pubmed_deepres28_w128,12,R3_MOSAIC_ANCHOR,32,76,128,2943.0,20.11912640635341,4361.0,6708,578.75,123,3644.75,1.1965155360449962,True
pubmed_deepres28_w128,12,R3_MOSAIC_ANCHOR,32,59,128,2049.0,23.435948361469716,4361.0,6732,521.25,103,2673.25,1.631347610586365,True
pubmed_deepres28_w128,12,R3_MOSAIC_ANCHOR,32,91,128,3205.0,24.090006618133685,4361.0,6540,571.25,133,3909.25,1.1155592504956193,True
pubmed_deepres28_w128,12,R3_MOSAIC_ANCHOR,32,65,128,2943.0,17.207147584381204,4361.0,6228,637.5,117,3697.5,1.1794455713319811,True
pubmed_deepres28_w128,12,R3_MOSAIC_ANCHOR,32,64,128,2311.0,25.42204568023833,4361.0,7064,387.5,98,2796.5,1.5594493116395494,True
pubmed_deepres28_w128,12,R3_MOSAIC_ANCHOR,32,59,128,2049.0,23.435948361469716,4361.0,6652,491.25,101,2641.25,1.6511121628017038,True
pubmed_deepres28_w128,12,R3_MOSAIC_ANCHOR,32,56,128,2049.0,22.24428997020854,4361.0,6032,660.0,112,2821.0,1.5459057071960298,True
pubmed_deepres28_w128,12,R3_MOSAIC_ANCHOR,32,83,128,3205.0,21.972203838517537,4361.0,6324,575.0,128,3908.0,1.1159160696008188,True
pubmed_deepres28_w128,12,R3_MOSAIC_ANCHOR,32,69,128,2943.0,18.26604897418928,4361.0,6904,435.0,105,3483.0,1.2520815389032443,True
pubmed_deepres28_w128,12,R3_MOSAIC_ANCHOR,32,54,128,2049.0,21.44985104270109,4361.0,5740,675.0,113,2837.0,1.5371871695452943,True
pubmed_deepres28_w128,12,R3_MOSAIC_ANCHOR,32,80,128,2943.0,21.178027796161484,4361.0,7236,535.0,122,3600.0,1.2113888888888888,True
pubmed_deepres28_w128,12,R3_MOSAIC_ANCHOR,32,58,128,2049.0,23.038728897715988,4361.0,6064,576.25,108,2733.25,1.5955364492819903,True
pubmed_deepres28_w128,12,R3_MOSAIC_ANCHOR,32,72,128,2943.0,19.06022501654533,4361.0,6652,457.5,109,3509.5,1.2426271548653653,True
pubmed_deepres28_w128,12,R3_MOSAIC_ANCHOR,32,68,128,2943.0,18.00132362673726,4361.0,6792,542.5,112,3597.5,1.2122307157748435,True
pubmed_deepres28_w128,12,R3_MOSAIC_ANCHOR,32,75,128,2943.0,19.85440105890139,4361.0,6924,622.5,125,3690.5,1.1816826988212978,True
pubmed_deepres28_w128,12,R3_MOSAIC_ANCHOR,32,74,128,2943.0,19.58967571144937,4361.0,6436,561.25,119,3623.25,1.203615538535845,True
pubmed_deepres28_w128,12,R3_MOSAIC_ANCHOR,32,64,128,2311.0,25.42204568023833,4361.0,6108,637.5,117,3065.5,1.4226064263578535,True
pubmed_deepres28_w128,12,R3_MOSAIC_ANCHOR,32,54,128,2049.0,21.44985104270109,4361.0,6352,371.25,88,2508.25,1.7386624140336888,True
pubmed_deepres28_w128,12,R3_MOSAIC_ANCHOR,32,70,128,2943.0,18.530774321641296,4361.0,6872,562.5,115,3620.5,1.2045297610827235,True
pubmed_deepres28_w128,12,R3_MOSAIC_ANCHOR,32,86,128,3205.0,22.766379880873597,4361.0,6908,608.75,132,3945.75,1.105239814990813,True
pubmed_deepres28_w128,12,R3_MOSAIC_ANCHOR,32,76,128,2943.0,20.11912640635341,4361.0,6444,621.25,125,3689.25,1.182083079216643,True
pubmed_deepres28_w128,12,R3_MOSAIC_ANCHOR,32,82,128,3205.0,21.70747849106552,4361.0,6644,567.5,126,3898.5,1.118635372579197,True
pubmed_deepres28_w128,12,R3_MOSAIC_ANCHOR,32,69,128,2943.0,18.26604897418928,4361.0,6572,495.0,109,3547.0,1.229489709613758,True
pubmed_deepres28_w128,12,R3_MOSAIC_ANCHOR,32,66,128,2943.0,17.47187293183322,4361.0,6176,561.25,112,3616.25,1.205945385413066,True
pubmed_deepres28_w128,12,R3_MOSAIC_ANCHOR,32,68,128,2943.0,18.00132362673726,4361.0,7312,562.5,115,3620.5,1.2045297610827235,True
pubmed_deepres28_w128,12,R3_MOSAIC_ANCHOR,32,58,128,2049.0,23.038728897715988,4361.0,6548,533.75,104,2686.75,1.6231506466921002,True
pubmed_deepres28_w128,12,R3_MOSAIC_ANCHOR,32,95,128,3205.0,25.14890800794176,4361.0,6472,582.5,137,3924.5,1.1112243597910563,True
pubmed_deepres28_w128,12,R3_MOSAIC_ANCHOR,32,53,128,2049.0,21.05263157894737,4361.0,6312,331.25,83,2463.25,1.7704252511925302,True
pubmed_deepres28_w128,12,R3_MOSAIC_ANCHOR,32,69,128,2943.0,18.26604897418928,4361.0,7260,568.75,116,3627.75,1.2021225277375784,True
pubmed_deepres28_w128,12,R3_MOSAIC_ANCHOR,32,55,128,2049.0,21.847070506454816,4361.0,6352,407.5,91,2547.5,1.711874386653582,True
pubmed_deepres28_w128,12,R3_MOSAIC_ANCHOR,32,96,128,3205.0,25.413633355393777,4361.0,6528,400.0,123,3728.0,1.1697961373390557,True
pubmed_deepres28_w128,12,R3_MOSAIC_ANCHOR,32,54,128,2049.0,21.44985104270109,4361.0,6372,351.25,86,2486.25,1.7540472599296129,True
pubmed_deepres28_w128,12,R3_MOSAIC_ANCHOR,32,68,128,2943.0,18.00132362673726,4361.0,7012,587.5,117,3647.5,1.1956134338588074,True
pubmed_deepres28_w128,12,R3_MOSAIC_ANCHOR,32,75,128,2943.0,19.85440105890139,4361.0,6520,552.5,119,3614.5,1.2065292571586665,True
pubmed_deepres28_w128,12,R3_MOSAIC_ANCHOR,32,56,128,2049.0,22.24428997020854,4361.0,6372,408.75,92,2549.75,1.7103637611530542,True
pubmed_deepres28_w128,12,R3_MOSAIC_ANCHOR,32,71,128,2943.0,18.79549966909332,4361.0,7204,671.25,126,3740.25,1.1659648419223314,True
pubmed_deepres28_w128,12,R3_MOSAIC_ANCHOR,32,75,128,2943.0,19.85440105890139,4361.0,6396,603.75,125,3671.75,1.1877170286648056,True
pubmed_deepres28_w128,12,R3_MOSAIC_ANCHOR,32,54,128,2049.0,21.44985104270109,4361.0,6304,320.0,83,2452.0,1.7785481239804242,True
pubmed_deepres28_w128,12,R3_MOSAIC_ANCHOR,32,77,128,2943.0,20.383851753805427,4361.0,6264,617.5,127,3687.5,1.1826440677966101,True
pubmed_deepres28_w128,12,R3_MOSAIC_ANCHOR,32,59,128,2049.0,23.435948361469716,4361.0,6648,470.0,99,2618.0,1.6657754010695187,True
pubmed_deepres28_w128,12,R3_MOSAIC_ANCHOR,32,73,128,2943.0,19.324950363997356,4361.0,7160,598.75,123,3664.75,1.1899856743297632,True
pubmed_deepres28_w128,12,R3_MOSAIC_ANCHOR,32,70,128,2943.0,18.530774321641296,4361.0,7040,621.25,121,3685.25,1.1833661217013771,True
pubmed_deepres28_w128,12,R3_MOSAIC_ANCHOR,32,94,128,3205.0,24.884182660489746,4361.0,6500,490.0,128,3823.0,1.1407271776092074,True
pubmed_deepres28_w128,12,R3_MOSAIC_ANCHOR,32,56,128,2049.0,22.24428997020854,4361.0,6424,398.75,92,2539.75,1.7170981395806675,True
pubmed_deepres28_w128,12,R3_MOSAIC_ANCHOR,32,54,128,2049.0,21.44985104270109,4361.0,6280,385.0,88,2522.0,1.7291831879460746,True
pubmed_deepres28_w128,12,R3_MOSAIC_ANCHOR,32,58,128,2049.0,23.038728897715988,4361.0,6288,576.25,108,2733.25,1.5955364492819903,True
pubmed_deepres28_w128,12,R3_MOSAIC_ANCHOR,32,95,128,3205.0,25.14890800794176,4361.0,6556,473.75,128,3806.75,1.1455966375517173,True
pubmed_deepres28_w128,12,R3_MOSAIC_ANCHOR,32,60,128,2049.0,23.83316782522344,4361.0,6560,668.75,116,2833.75,1.5389501543890605,True
pubmed_deepres28_w128,12,R3_MOSAIC_ANCHOR,32,75,128,2943.0,19.85440105890139,4361.0,6804,560.0,120,3623.0,1.203698592326801,True
pubmed_deepres28_w128,12,R3_MOSAIC_ANCHOR,32,92,128,3205.0,24.354731965585703,4361.0,6336,640.0,139,3984.0,1.0946285140562249,True
pubmed_deepres28_w128,12,R3_MOSAIC_ANCHOR,32,60,128,2049.0,23.83316782522344,4361.0,7004,426.25,97,2572.25,1.6954028574205462,True
pubmed_deepres28_w128,12,R3_MOSAIC_ANCHOR,32,59,128,2049.0,23.435948361469716,4361.0,6304,532.5,102,2683.5,1.6251164523942612,True
pubmed_deepres28_w128,12,R3_MOSAIC_ANCHOR,32,63,128,2311.0,25.02482621648461,4361.0,6472,680.0,119,3110.0,1.4022508038585209,True
pubmed_deepres28_w128,12,R3_MOSAIC_ANCHOR,32,53,128,2049.0,21.05263157894737,4361.0,6332,496.25,96,2641.25,1.6511121628017038,True
pubmed_deepres28_w128,12,R3_MOSAIC_ANCHOR,32,76,128,2943.0,20.11912640635341,4361.0,6192,713.75,130,3786.75,1.1516471908628771,True
pubmed_deepres28_w128,12,R3_MOSAIC_ANCHOR,32,67,128,2943.0,17.736598279285243,4361.0,6716,611.25,116,3670.25,1.188202438525986,True
pubmed_deepres28_w128,12,R3_MOSAIC_ANCHOR,32,53,128,2049.0,21.05263157894737,4361.0,6248,870.0,126,3045.0,1.432183908045977,True
pubmed_deepres28_w128,12,R3_MOSAIC_ANCHOR,32,56,128,2049.0,22.24428997020854,4361.0,6348,683.75,115,2847.75,1.531384426301466,True
pubmed_deepres28_w128,12,R3_MOSAIC_ANCHOR,32,92,128,3205.0,24.354731965585703,4361.0,5900,565.0,133,3903.0,1.1173456315654624,True
pubmed_deepres28_w128,12,R3_MOSAIC_ANCHOR,32,72,128,2943.0,19.06022501654533,4361.0,6476,596.25,120,3659.25,1.1917742706838834,True
pubmed_deepres28_w128,12,R3_MOSAIC_ANCHOR,32,63,128,2311.0,25.02482621648461,4361.0,6864,553.75,109,2973.75,1.4664985287936108,True
pubmed_deepres28_w128,12,R3_MOSAIC_ANCHOR,32,68,128,2943.0,18.00132362673726,4361.0,6900,445.0,104,3492.0,1.2488545246277205,True
pubmed_deepres28_w128,12,R3_MOSAIC_ANCHOR,32,92,128,3205.0,24.354731965585703,4361.0,7096,541.25,132,3878.25,1.1244762457293882,True
pubmed_deepres28_w128,12,R3_MOSAIC_ANCHOR,32,65,128,2943.0,17.207147584381204,4361.0,5756,608.75,116,3667.75,1.1890123372639902,True
pubmed_deepres28_w128,12,R3_MOSAIC_ANCHOR,32,73,128,2943.0,19.324950363997356,4361.0,6520,570.0,119,3632.0,1.200715859030837,True
pubmed_deepres28_w128,12,R3_MOSAIC_ANCHOR,32,59,128,2049.0,23.435948361469716,4361.0,6612,631.25,112,2792.25,1.5618229026770525,True
pubmed_deepres28_w128,12,R3_MOSAIC_ANCHOR,32,59,128,2049.0,23.435948361469716,4361.0,6432,672.5,116,2837.5,1.5369162995594714,True
pubmed_deepres28_w128,12,R3_MOSAIC_ANCHOR,32,86,128,3205.0,22.766379880873597,4361.0,6120,596.25,130,3931.25,1.109316375198728,True
pubmed_deepres28_w128,12,R3_MOSAIC_ANCHOR,32,61,128,2049.0,24.23038728897716,4361.0,7148,342.5,91,2482.5,1.7566968781470291,True
pubmed_deepres28_w128,12,R3_MOSAIC_ANCHOR,32,59,128,2049.0,23.435948361469716,4361.0,5936,600.0,109,2758.0,1.5812182741116751,True
pubmed_deepres28_w128,12,R3_MOSAIC_ANCHOR,32,85,128,3205.0,22.501654533421576,4361.0,6232,513.75,123,3841.75,1.1351597579228216,True
pubmed_deepres28_w128,12,R3_MOSAIC_ANCHOR,32,58,128,2049.0,23.038728897715988,4361.0,6588,617.5,111,2777.5,1.57011701170117,True
pubmed_deepres28_w128,12,R3_MOSAIC_ANCHOR,32,71,128,2943.0,18.79549966909332,4361.0,6372,532.5,115,3590.5,1.2145940676785962,True
pubmed_deepres28_w128,12,R3_MOSAIC_ANCHOR,32,57,128,2049.0,22.641509433962263,4361.0,6860,455.0,95,2599.0,1.6779530588687956,True
pubmed_deepres28_w128,12,R3_MOSAIC_ANCHOR,32,84,128,3205.0,22.23692918596956,4361.0,6652,483.75,121,3809.75,1.144694533762058,True
pubmed_deepres28_w128,12,R3_MOSAIC_ANCHOR,32,72,128,2943.0,19.06022501654533,4361.0,6108,656.25,125,3724.25,1.1709740216150903,True
pubmed_deepres28_w128,12,R3_MOSAIC_ANCHOR,32,68,128,2943.0,18.00132362673726,4361.0,6924,480.0,108,3531.0,1.2350608892664967,True
pubmed_deepres28_w128,12,R3_MOSAIC_ANCHOR,32,62,128,2311.0,24.627606752730884,4361.0,7084,388.75,95,2794.75,1.5604257983719474,True
pubmed_deepres28_w128,12,R3_MOSAIC_ANCHOR,32,92,128,3205.0,24.354731965585703,4361.0,6596,641.25,139,3985.25,1.0942851765886707,True
pubmed_deepres28_w128,12,R3_MOSAIC_ANCHOR,32,55,128,2049.0,21.847070506454816,4361.0,6748,558.75,101,2708.75,1.609967697277342,True
pubmed_deepres28_w128,12,R3_MOSAIC_ANCHOR,32,66,128,2943.0,17.47187293183322,4361.0,6760,488.75,108,3539.75,1.2320079101631471,True
pubmed_deepres28_w128,12,R3_MOSAIC_ANCHOR,32,62,128,2311.0,24.627606752730884,4361.0,6472,685.0,117,3113.0,1.4008994539029875,True
pubmed_deepres28_w128,12,R3_MOSAIC_ANCHOR,32,95,128,3205.0,25.14890800794176,4361.0,6408,590.0,138,3933.0,1.1088227815916603,True
pubmed_deepres28_w128,12,R3_MOSAIC_ANCHOR,32,67,128,2943.0,17.736598279285243,4361.0,6864,442.5,104,3489.5,1.2497492477432297,True
pubmed_deepres28_w128,12,R3_MOSAIC_ANCHOR,32,59,128,2049.0,23.435948361469716,4361.0,6948,456.25,98,2603.25,1.6752136752136753,True
pubmed_deepres28_w128,12,R3_MOSAIC_ANCHOR,32,58,128,2049.0,23.038728897715988,4361.0,6672,583.75,107,2739.75,1.5917510721781185,True
pubmed_deepres28_w128,12,R3_MOSAIC_ANCHOR,32,73,128,2943.0,19.324950363997356,4361.0,7016,580.0,119,3642.0,1.1974190005491487,True
pubmed_deepres28_w128,12,R3_MOSAIC_ANCHOR,32,82,128,3205.0,21.70747849106552,4361.0,6364,572.5,126,3903.5,1.1172025105674395,True
pubmed_deepres28_w128,12,R3_MOSAIC_ANCHOR,32,64,128,2311.0,25.42204568023833,4361.0,7036,412.5,99,2822.5,1.5450841452612931,True
pubmed_deepres28_w128,12,R3_MOSAIC_ANCHOR,32,58,128,2049.0,23.038728897715988,4361.0,6636,617.5,110,2776.5,1.57068251395642,True
pubmed_deepres28_w128,12,R3_MOSAIC_ANCHOR,32,94,128,3205.0,24.884182660489746,4361.0,7000,551.25,133,3889.25,1.1212958796683166,True
pubmed_deepres28_w128,12,R3_MOSAIC_ANCHOR,32,63,128,2311.0,25.02482621648461,4361.0,7000,433.75,100,2844.75,1.5329993848317076,True
pubmed_deepres28_w128,12,R3_MOSAIC_ANCHOR,32,73,128,2943.0,19.324950363997356,4361.0,6296,603.75,121,3667.75,1.1890123372639902,True
pubmed_deepres28_w128,12,R3_MOSAIC_ANCHOR,32,60,128,2049.0,23.83316782522344,4361.0,6536,628.75,112,2789.75,1.5632225109776863,True
pubmed_deepres28_w128,12,R3_MOSAIC_ANCHOR,32,95,128,3205.0,25.14890800794176,4361.0,6776,575.0,136,3916.0,1.1136363636363635,True
pubmed_deepres28_w128,12,R3_MOSAIC_ANCHOR,32,72,128,2943.0,19.06022501654533,4361.0,6420,595.0,121,3659.0,1.191855698278218,True
pubmed_deepres28_w128,12,R3_MOSAIC_ANCHOR,32,62,128,2311.0,24.627606752730884,4361.0,7032,382.5,96,2789.5,1.5633626097867002,True
pubmed_deepres28_w128,12,R3_MOSAIC_ANCHOR,32,57,128,2049.0,22.641509433962263,4361.0,6444,791.25,123,2963.25,1.4716949295536994,True
pubmed_deepres28_w128,12,R3_MOSAIC_ANCHOR,32,62,128,2311.0,24.627606752730884,4361.0,6996,446.25,100,2857.25,1.5262927640213493,True
pubmed_deepres28_w128,12,R3_MOSAIC_ANCHOR,32,90,128,3205.0,23.825281270681668,4361.0,6484,657.5,139,4001.5,1.089841309508934,True
pubmed_deepres28_w128,12,R3_MOSAIC_ANCHOR,32,61,128,2049.0,24.23038728897716,4361.0,6248,708.75,121,2878.75,1.5148936170212766,True
pubmed_deepres28_w128,12,R3_MOSAIC_ANCHOR,32,82,128,3205.0,21.70747849106552,4361.0,6120,655.0,132,3992.0,1.092434869739479,True
pubmed_deepres28_w128,12,R3_MOSAIC_ANCHOR,32,62,128,2311.0,24.627606752730884,4361.0,6840,511.25,105,2927.25,1.4897941754206165,True
pubmed_deepres28_w128,12,R3_MOSAIC_ANCHOR,32,54,128,2049.0,21.44985104270109,4361.0,6212,816.25,123,2988.25,1.459382581778633,True
pubmed_deepres28_w128,12,R3_MOSAIC_ANCHOR,32,67,128,2943.0,17.736598279285243,4361.0,6772,507.5,109,3559.5,1.2251720747295969,True
pubmed_deepres28_w128,12,R3_MOSAIC_ANCHOR,32,56,128,2049.0,22.24428997020854,4361.0,6296,838.75,125,3012.75,1.4475147290681272,True
pubmed_deepres28_w128,12,R3_MOSAIC_ANCHOR,32,63,128,2311.0,25.02482621648461,4361.0,7016,453.75,101,2865.75,1.52176568088633,True
pubmed_deepres28_w128,12,R3_MOSAIC_ANCHOR,32,95,128,3205.0,25.14890800794176,4361.0,6600,527.5,132,3864.5,1.128477163928063,True
pubmed_deepres28_w128,12,R3_MOSAIC_ANCHOR,32,59,128,2049.0,23.435948361469716,4361.0,6836,500.0,99,2648.0,1.6469033232628398,True
pubmed_deepres28_w128,12,R3_MOSAIC_ANCHOR,32,51,128,2049.0,20.25819265143992,4361.0,6172,713.75,114,2876.75,1.5159468149821849,True
pubmed_deepres28_w128,12,R3_MOSAIC_ANCHOR,32,82,128,3205.0,21.70747849106552,4361.0,6424,642.5,132,3979.5,1.0958663148636762,True
pubmed_deepres28_w128,12,R3_MOSAIC_ANCHOR,32,64,128,2311.0,25.42204568023833,4361.0,6820,546.25,110,2967.25,1.4697110118796866,True
pubmed_deepres28_w128,12,R3_MOSAIC_ANCHOR,32,54,128,2049.0,21.44985104270109,4361.0,6568,736.25,116,2901.25,1.5031451960361912,True
pubmed_deepres28_w128,12,R3_MOSAIC_ANCHOR,32,63,128,2311.0,25.02482621648461,4361.0,6724,592.5,112,3015.5,1.4461946609185874,True
pubmed_deepres28_w128,12,R3_MOSAIC_ANCHOR,32,74,128,2943.0,19.58967571144937,4361.0,6584,510.0,116,3569.0,1.2219108994116,True
pubmed_deepres28_w128,12,R3_MOSAIC_ANCHOR,32,62,128,2311.0,24.627606752730884,4361.0,6488,501.25,106,2918.25,1.4943887603872184,True
pubmed_deepres28_w128,12,R3_MOSAIC_ANCHOR,32,70,128,2943.0,18.530774321641296,4361.0,5744,623.75,121,3687.75,1.1825638939732899,True
pubmed_deepres28_w128,12,R3_MOSAIC_ANCHOR,32,57,128,2049.0,22.641509433962263,4361.0,6384,480.0,99,2628.0,1.6594368340943684,True
pubmed_deepres28_w128,12,R3_MOSAIC_ANCHOR,32,69,128,2943.0,18.26604897418928,4361.0,6524,707.5,126,3776.5,1.154772937905468,True
pubmed_deepres28_w128,12,R3_MOSAIC_ANCHOR,32,89,128,3205.0,23.56055592322965,4361.0,7144,610.0,135,3950.0,1.1040506329113924,True
pubmed_deepres28_w128,12,R3_MOSAIC_ANCHOR,32,77,128,2943.0,20.383851753805427,4361.0,6560,537.5,121,3601.5,1.2108843537414966,True
pubmed_deepres28_w128,12,R3_MOSAIC_ANCHOR,32,68,128,2943.0,18.00132362673726,4361.0,6108,588.75,117,3648.75,1.1952038369304556,True
pubmed_deepres28_w128,12,R3_MOSAIC_ANCHOR,32,83,128,3205.0,21.972203838517537,4361.0,6568,530.0,124,3859.0,1.1300855143819641,True
pubmed_deepres28_w128,12,R3_MOSAIC_ANCHOR,32,66,128,2943.0,17.47187293183322,4361.0,6624,537.5,111,3591.5,1.2142558819434777,True
pubmed_deepres28_w128,12,R3_MOSAIC_ANCHOR,32,53,128,2049.0,21.05263157894737,4361.0,5980,618.75,106,2773.75,1.5722397476340695,True
pubmed_deepres28_w128,12,R3_MOSAIC_ANCHOR,32,61,128,2049.0,24.23038728897716,4361.0,6620,516.25,107,2672.25,1.6319580877537656,True
pubmed_deepres28_w128,12,R3_MOSAIC_ANCHOR,32,55,128,2049.0,21.847070506454816,4361.0,5972,602.5,107,2758.5,1.580931665760377,True
pubmed_deepres28_w128,12,R3_MOSAIC_ANCHOR,32,62,128,2311.0,24.627606752730884,4361.0,6992,440.0,100,2851.0,1.5296387232549982,True
pubmed_deepres28_w128,12,R3_MOSAIC_ANCHOR,32,70,128,2943.0,18.530774321641296,4361.0,5720,590.0,117,3650.0,1.194794520547945,True
pubmed_deepres28_w128,12,R3_MOSAIC_ANCHOR,32,58,128,2049.0,23.038728897715988,4361.0,6188,655.0,113,2817.0,1.5481008164714234,True
pubmed_deepres28_w128,12,R3_MOSAIC_ANCHOR,32,68,128,2943.0,18.00132362673726,4361.0,6372,520.0,113,3576.0,1.2195190156599554,True
pubmed_deepres28_w128,12,R3_MOSAIC_ANCHOR,32,66,128,2943.0,17.47187293183322,4361.0,6932,438.75,104,3485.75,1.2510937387936598,True
pubmed_deepres28_w128,12,R3_MOSAIC_ANCHOR,32,68,128,2943.0,18.00132362673726,4361.0,5772,638.75,120,3701.75,1.1780914432363072,True
pubmed_deepres28_w128,12,R3_MOSAIC_ANCHOR,32,58,128,2049.0,23.038728897715988,4361.0,6520,571.25,108,2728.25,1.5984605516356638,True
pubmed_deepres28_w128,12,R3_MOSAIC_ANCHOR,32,55,128,2049.0,21.847070506454816,4361.0,6060,601.25,106,2756.25,1.5822222222222222,True
pubmed_deepres28_w128,12,R3_MOSAIC_ANCHOR,32,62,128,2311.0,24.627606752730884,4361.0,7032,402.5,96,2809.5,1.5522334935041822,True
pubmed_deepres28_w128,12,R3_MOSAIC_ANCHOR,32,63,128,2311.0,25.02482621648461,4361.0,5912,577.5,112,3000.5,1.4534244292617897,True
pubmed_deepres28_w128,12,R3_MOSAIC_ANCHOR,32,62,128,2311.0,24.627606752730884,4361.0,6760,483.75,104,2898.75,1.5044415696420872,True
pubmed_deepres28_w128,12,R3_MOSAIC_ANCHOR,32,77,128,2943.0,20.383851753805427,4361.0,6192,642.5,128,3713.5,1.1743638077285579,True
pubmed_deepres28_w128,12,R3_MOSAIC_ANCHOR,32,74,128,2943.0,19.58967571144937,4361.0,6552,533.75,117,3593.75,1.213495652173913,True
pubmed_deepres28_w128,12,R3_MOSAIC_ANCHOR,32,55,128,2049.0,21.847070506454816,4361.0,6008,675.0,112,2836.0,1.5377291960507757,True
pubmed_deepres28_w128,12,R3_MOSAIC_ANCHOR,32,61,128,2049.0,24.23038728897716,4361.0,6312,601.25,111,2761.25,1.5793571751923947,True
pubmed_deepres28_w128,12,R3_MOSAIC_ANCHOR,32,87,128,3205.0,23.03110522832561,4361.0,6596,542.5,128,3875.5,1.125274158173139,True
pubmed_deepres28_w128,12,R3_MOSAIC_ANCHOR,32,55,128,2049.0,21.847070506454816,4361.0,5728,601.25,107,2757.25,1.5816483815395774,True
pubmed_deepres28_w128,12,R3_MOSAIC_ANCHOR,32,63,128,2311.0,25.02482621648461,4361.0,7044,403.75,99,2813.75,1.5498889382496668,True
pubmed_deepres28_w128,12,R3_MOSAIC_ANCHOR,32,60,128,2049.0,23.83316782522344,4361.0,6788,542.5,105,2696.5,1.6172816614129426,True
pubmed_deepres28_w128,12,R3_MOSAIC_ANCHOR,32,64,128,2311.0,25.42204568023833,4361.0,6468,611.25,115,3037.25,1.435838340604165,True
pubmed_deepres28_w128,12,R3_MOSAIC_ANCHOR,32,71,128,2943.0,18.79549966909332,4361.0,6052,613.75,120,3676.75,1.1861018562589243,True
pubmed_deepres28_w128,12,R3_MOSAIC_ANCHOR,32,60,128,2049.0,23.83316782522344,4361.0,7044,396.25,95,2540.25,1.716760161401437,True
pubmed_deepres28_w128,12,R3_MOSAIC_ANCHOR,32,51,128,2049.0,20.25819265143992,4361.0,5528,578.75,101,2728.75,1.5981676591846083,True
pubmed_deepres28_w128,12,R3_MOSAIC_ANCHOR,32,74,128,2943.0,19.58967571144937,4361.0,6804,461.25,111,3515.25,1.2405945523078017,True
pubmed_deepres28_w128,12,R3_MOSAIC_ANCHOR,32,72,128,2943.0,19.06022501654533,4361.0,6860,470.0,111,3524.0,1.2375141884222474,True
pubmed_deepres28_w128,12,R3_MOSAIC_ANCHOR,32,59,128,2049.0,23.435948361469716,4361.0,5996,701.25,118,2868.25,1.5204392922513728,True
pubmed_deepres28_w128,12,R3_MOSAIC_ANCHOR,32,92,128,3205.0,24.354731965585703,4361.0,6828,483.75,127,3815.75,1.1428945816680862,True
pubmed_deepres28_w128,12,R3_MOSAIC_ANCHOR,32,54,128,2049.0,21.44985104270109,4361.0,6276,368.75,88,2505.75,1.7403970867005887,True
pubmed_deepres28_w128,12,R3_MOSAIC_ANCHOR,32,70,128,2943.0,18.530774321641296,4361.0,7128,512.5,113,3568.5,1.222082107328009,True
pubmed_deepres28_w128,12,R3_MOSAIC_ANCHOR,32,77,128,2943.0,20.383851753805427,4361.0,6260,636.25,128,3707.25,1.1763436509542113,True
pubmed_deepres28_w128,12,R3_MOSAIC_ANCHOR,32,56,128,2049.0,22.24428997020854,4361.0,6424,342.5,87,2478.5,1.75953197498487,True
pubmed_deepres28_w128,12,R3_MOSAIC_ANCHOR,32,95,128,3205.0,25.14890800794176,4361.0,6480,461.25,125,3791.25,1.1502802505769865,True
pubmed_deepres28_w128,12,R3_MOSAIC_ANCHOR,32,70,128,2943.0,18.530774321641296,4361.0,6920,593.75,119,3655.75,1.192915270464337,True
pubmed_deepres28_w128,12,R3_MOSAIC_ANCHOR,32,54,128,2049.0,21.44985104270109,4361.0,6312,378.75,88,2515.75,1.733479081784756,True
pubmed_deepres28_w128,12,R3_MOSAIC_ANCHOR,32,57,128,2049.0,22.641509433962263,4361.0,6496,520.0,102,2671.0,1.6327218270310746,True
pubmed_deepres28_w128,12,R3_MOSAIC_ANCHOR,32,73,128,2943.0,19.324950363997356,4361.0,6136,562.5,119,3624.5,1.2032004414401987,True
pubmed_deepres28_w128,12,R3_MOSAIC_ANCHOR,32,77,128,2943.0,20.383851753805427,4361.0,7268,598.75,125,3666.75,1.1893366059862276,True
pubmed_deepres28_w128,12,R3_MOSAIC_ANCHOR,32,52,128,2049.0,20.655412115193645,4361.0,6268,371.25,86,2506.25,1.7400498753117206,True
pubmed_deepres28_w128,12,R3_MOSAIC_ANCHOR,32,67,128,2943.0,17.736598279285243,4361.0,6900,502.5,110,3555.5,1.226550414850232,True
pubmed_deepres28_w128,12,R3_MOSAIC_ANCHOR,32,58,128,2049.0,23.038728897715988,4361.0,6376,496.25,100,2645.25,1.648615442774785,True
pubmed_deepres28_w128,12,R3_MOSAIC_ANCHOR,32,52,128,2049.0,20.655412115193645,4361.0,6316,321.25,82,2452.25,1.7783668059944948,True
pubmed_deepres28_w128,12,R3_MOSAIC_ANCHOR,32,84,128,3205.0,22.23692918596956,4361.0,6504,550.0,125,3880.0,1.1239690721649485,True
pubmed_deepres28_w128,12,R3_MOSAIC_ANCHOR,32,58,128,2049.0,23.038728897715988,4361.0,6352,768.75,124,2941.75,1.4824509220701962,True
pubmed_deepres28_w128,12,R3_MOSAIC_ANCHOR,32,56,128,2049.0,22.24428997020854,4361.0,6324,487.5,100,2636.5,1.6540868575763323,True
pubmed_deepres28_w128,12,R3_MOSAIC_ANCHOR,32,95,128,3205.0,25.14890800794176,4361.0,6576,573.75,135,3913.75,1.1142765889492174,True
pubmed_deepres28_w128,12,R3_MOSAIC_ANCHOR,32,65,128,2943.0,17.207147584381204,4361.0,6844,480.0,105,3528.0,1.2361111111111112,True
pubmed_deepres28_w128,12,R3_MOSAIC_ANCHOR,32,63,128,2311.0,25.02482621648461,4361.0,6636,663.75,117,3091.75,1.4105280181127193,True
pubmed_deepres28_w128,12,R3_MOSAIC_ANCHOR,32,94,128,3205.0,24.884182660489746,4361.0,6652,670.0,143,4018.0,1.0853658536585367,True
pubmed_deepres28_w128,12,R3_MOSAIC_ANCHOR,32,61,128,2049.0,24.23038728897716,4361.0,6664,476.25,104,2629.25,1.658647903394504,True
pubmed_deepres28_w128,12,R3_MOSAIC_ANCHOR,32,62,128,2311.0,24.627606752730884,4361.0,6924,445.0,101,2857.0,1.5264263213160658,True
pubmed_deepres28_w128,12,R3_MOSAIC_ANCHOR,32,58,128,2049.0,23.038728897715988,4361.0,6564,711.25,116,2876.25,1.5162103433289873,True
pubmed_deepres28_w128,12,R3_MOSAIC_ANCHOR,32,94,128,3205.0,24.884182660489746,4361.0,6744,466.25,127,3798.25,1.1481603369973015,True
pubmed_deepres28_w128,12,R3_MOSAIC_ANCHOR,32,73,128,2943.0,19.324950363997356,4361.0,6320,597.5,122,3662.5,1.190716723549488,True
pubmed_deepres28_w128,12,R3_MOSAIC_ANCHOR,32,67,128,2943.0,17.736598279285243,4361.0,6980,412.5,101,3456.5,1.2616808910747865,True
pubmed_deepres28_w128,12,R3_MOSAIC_ANCHOR,32,58,128,2049.0,23.038728897715988,4361.0,6480,490.0,101,2640.0,1.6518939393939394,True
pubmed_deepres28_w128,12,R3_MOSAIC_ANCHOR,32,64,128,2311.0,25.42204568023833,4361.0,6924,438.75,101,2850.75,1.5297728667894415,True
pubmed_deepres28_w128,12,R3_MOSAIC_ANCHOR,32,83,128,3205.0,21.972203838517537,4361.0,6520,662.5,135,4002.5,1.0895690193628982,True
pubmed_deepres28_w128,12,R3_MOSAIC_ANCHOR,32,58,128,2049.0,23.038728897715988,4361.0,6272,626.25,112,2787.25,1.5646246300116602,True
pubmed_deepres28_w128,12,R3_MOSAIC_ANCHOR,32,57,128,2049.0,22.641509433962263,4361.0,6640,642.5,110,2801.5,1.5566660717472782,True
pubmed_deepres28_w128,12,R3_MOSAIC_ANCHOR,32,53,128,2049.0,21.05263157894737,4361.0,6328,396.25,88,2533.25,1.7215039968420014,True
pubmed_deepres28_w128,12,R3_MOSAIC_ANCHOR,32,69,128,2943.0,18.26604897418928,4361.0,6800,448.75,106,3497.75,1.24680151525981,True
pubmed_deepres28_w128,12,R3_MOSAIC_ANCHOR,32,94,128,3205.0,24.884182660489746,4361.0,6756,497.5,129,3831.5,1.1381965287746314,True
pubmed_deepres28_w128,12,R3_MOSAIC_ANCHOR,32,59,128,2049.0,23.435948361469716,4361.0,6600,656.25,114,2819.25,1.5468653010552451,True
pubmed_deepres28_w128,12,R3_MOSAIC_ANCHOR,32,55,128,2049.0,21.847070506454816,4361.0,6364,381.25,89,2519.25,1.731070755185075,True
pubmed_deepres28_w128,12,R3_MOSAIC_ANCHOR,32,93,128,3205.0,24.619457313037724,4361.0,6764,571.25,135,3911.25,1.1149888143176734,True
pubmed_deepres28_w128,12,R3_MOSAIC_ANCHOR,32,69,128,2943.0,18.26604897418928,4361.0,6752,448.75,106,3497.75,1.24680151525981,True
pubmed_deepres28_w128,12,R3_MOSAIC_ANCHOR,5,53,128,1617.0,4.187737041719343,3497.0,992,53.75,33,1703.75,2.0525311812179017,True
pubmed_deepres28_w128,16,R3_MOSAIC_ANCHOR,32,77,128,2943.0,20.383851753805427,4361.0,6132,445.0,112,3500.0,1.246,True
pubmed_deepres28_w128,16,R3_MOSAIC_ANCHOR,32,49,128,2049.0,19.463753723932477,4361.0,5868,401.25,86,2536.25,1.719467718087728,True
pubmed_deepres28_w128,16,R3_MOSAIC_ANCHOR,32,93,128,3205.0,24.619457313037724,4361.0,6828,501.25,130,3836.25,1.1367872271098078,True
pubmed_deepres28_w128,16,R3_MOSAIC_ANCHOR,32,69,128,2943.0,18.26604897418928,4361.0,6248,518.75,111,3572.75,1.2206283675040235,True
pubmed_deepres28_w128,16,R3_MOSAIC_ANCHOR,32,60,128,2049.0,23.83316782522344,4361.0,6524,602.5,113,2764.5,1.5775004521613312,True
pubmed_deepres28_w128,16,R3_MOSAIC_ANCHOR,32,65,128,2943.0,17.207147584381204,4361.0,6100,495.0,108,3546.0,1.2298364354201918,True
pubmed_deepres28_w128,16,R3_MOSAIC_ANCHOR,32,73,128,2943.0,19.324950363997356,4361.0,6552,415.0,107,3465.0,1.2585858585858587,True
pubmed_deepres28_w128,16,R3_MOSAIC_ANCHOR,32,90,128,3205.0,23.825281270681668,4361.0,7052,426.25,121,3752.25,1.1622359917382903,True
pubmed_deepres28_w128,16,R3_MOSAIC_ANCHOR,32,51,128,2049.0,20.25819265143992,4361.0,5928,433.75,89,2571.75,1.695732477884709,True
pubmed_deepres28_w128,16,R3_MOSAIC_ANCHOR,32,67,128,2943.0,17.736598279285243,4361.0,6940,512.5,112,3567.5,1.2224246671338472,True
pubmed_deepres28_w128,16,R3_MOSAIC_ANCHOR,32,59,128,2049.0,23.435948361469716,4361.0,6084,460.0,99,2608.0,1.6721625766871167,True
pubmed_deepres28_w128,16,R3_MOSAIC_ANCHOR,32,85,128,3205.0,22.501654533421576,4361.0,6596,490.0,122,3817.0,1.1425203039035892,True
pubmed_deepres28_w128,16,R3_MOSAIC_ANCHOR,32,52,128,2049.0,20.655412115193645,4361.0,5944,453.75,92,2594.75,1.6807014163214182,True
pubmed_deepres28_w128,16,R3_MOSAIC_ANCHOR,32,65,128,2943.0,17.207147584381204,4361.0,6420,520.0,109,3572.0,1.2208846584546473,True
pubmed_deepres28_w128,16,R3_MOSAIC_ANCHOR,32,89,128,3205.0,23.56055592322965,4361.0,6676,512.5,128,3845.5,1.1340527889741256,True
pubmed_deepres28_w128,16,R3_MOSAIC_ANCHOR,32,74,128,2943.0,19.58967571144937,4361.0,6480,472.5,112,3527.5,1.2362863217576188,True
pubmed_deepres28_w128,16,R3_MOSAIC_ANCHOR,32,54,128,2049.0,21.44985104270109,4361.0,6220,498.75,98,2645.75,1.6483038835868846,True
pubmed_deepres28_w128,16,R3_MOSAIC_ANCHOR,32,51,128,2049.0,20.25819265143992,4361.0,5880,488.75,95,2632.75,1.6564428829171018,True
pubmed_deepres28_w128,16,R3_MOSAIC_ANCHOR,32,79,128,2943.0,20.913302448709462,4361.0,6272,476.25,116,3535.25,1.2335761261579803,True
pubmed_deepres28_w128,16,R3_MOSAIC_ANCHOR,32,74,128,2943.0,19.58967571144937,4361.0,6756,521.25,116,3580.25,1.218071363731583,True
pubmed_deepres28_w128,16,R3_MOSAIC_ANCHOR,32,59,128,2049.0,23.435948361469716,4361.0,6028,543.75,106,2698.75,1.6159333024548401,True
pubmed_deepres28_w128,16,R3_MOSAIC_ANCHOR,32,59,128,2049.0,23.435948361469716,4361.0,6360,510.0,104,2663.0,1.6376267367630493,True
pubmed_deepres28_w128,16,R3_MOSAIC_ANCHOR,32,75,128,2943.0,19.85440105890139,4361.0,6452,505.0,117,3565.0,1.22328190743338,True
pubmed_deepres28_w128,16,R3_MOSAIC_ANCHOR,32,90,128,3205.0,23.825281270681668,4361.0,6864,580.0,134,3919.0,1.1127838734371014,True
pubmed_deepres28_w128,16,R3_MOSAIC_ANCHOR,32,55,128,2049.0,21.847070506454816,4361.0,6232,466.25,96,2611.25,1.670081378650072,True
pubmed_deepres28_w128,16,R3_MOSAIC_ANCHOR,32,54,128,2049.0,21.44985104270109,4361.0,5868,415.0,91,2555.0,1.7068493150684931,True
pubmed_deepres28_w128,16,R3_MOSAIC_ANCHOR,32,92,128,3205.0,24.354731965585703,4361.0,6576,558.75,133,3896.75,1.119137742990954,True
pubmed_deepres28_w128,16,R3_MOSAIC_ANCHOR,32,70,128,2943.0,18.530774321641296,4361.0,6824,551.25,116,3610.25,1.207949587978672,True
pubmed_deepres28_w128,16,R3_MOSAIC_ANCHOR,32,55,128,2049.0,21.847070506454816,4361.0,6268,480.0,98,2627.0,1.6600685192234488,True
pubmed_deepres28_w128,16,R3_MOSAIC_ANCHOR,32,68,128,2943.0,18.00132362673726,4361.0,6168,501.25,110,3554.25,1.2269817823732152,True
pubmed_deepres28_w128,16,R3_MOSAIC_ANCHOR,32,88,128,3205.0,23.295830575777632,4361.0,6560,602.5,133,3940.5,1.1067123461489659,True
pubmed_deepres28_w128,16,R3_MOSAIC_ANCHOR,32,73,128,2943.0,19.324950363997356,4361.0,6908,502.5,114,3559.5,1.2251720747295969,True
pubmed_deepres28_w128,16,R3_MOSAIC_ANCHOR,32,61,128,2049.0,24.23038728897716,4361.0,6268,486.25,102,2637.25,1.6536164565361646,True
pubmed_deepres28_w128,16,R3_MOSAIC_ANCHOR,32,76,128,2943.0,20.11912640635341,4361.0,6572,531.25,120,3594.25,1.2133268414829241,True
pubmed_deepres28_w128,16,R3_MOSAIC_ANCHOR,32,76,128,2943.0,20.11912640635341,4361.0,5912,438.75,112,3493.75,1.2482289803220035,True
pubmed_deepres28_w128,16,R3_MOSAIC_ANCHOR,32,75,128,2943.0,19.85440105890139,4361.0,6920,590.0,123,3656.0,1.1928336980306347,True
pubmed_deepres28_w128,16,R3_MOSAIC_ANCHOR,32,59,128,2049.0,23.435948361469716,4361.0,6356,450.0,99,2598.0,1.678598922247883,True
pubmed_deepres28_w128,16,R3_MOSAIC_ANCHOR,32,93,128,3205.0,24.619457313037724,4361.0,6412,615.0,138,3958.0,1.1018191005558362,True
pubmed_deepres28_w128,16,R3_MOSAIC_ANCHOR,32,64,128,2311.0,25.42204568023833,4361.0,5892,396.25,98,2805.25,1.554585152838428,True
pubmed_deepres28_w128,16,R3_MOSAIC_ANCHOR,32,68,128,2943.0,18.00132362673726,4361.0,6880,453.75,107,3503.75,1.2446664288262577,True
pubmed_deepres28_w128,16,R3_MOSAIC_ANCHOR,32,70,128,2943.0,18.530774321641296,4361.0,6108,457.5,108,3508.5,1.2429813310531566,True
pubmed_deepres28_w128,16,R3_MOSAIC_ANCHOR,32,66,128,2943.0,17.47187293183322,4361.0,6340,568.75,114,3625.75,1.2027856305591946,True
pubmed_deepres28_w128,16,R3_MOSAIC_ANCHOR,32,78,128,2943.0,20.648577101257445,4361.0,6664,537.5,120,3600.5,1.211220663796695,True
pubmed_deepres28_w128,16,R3_MOSAIC_ANCHOR,32,78,128,2943.0,20.648577101257445,4361.0,6796,523.75,120,3586.75,1.2158639436816059,True
pubmed_deepres28_w128,16,R3_MOSAIC_ANCHOR,32,50,128,2049.0,19.860973187686195,4361.0,5928,415.0,89,2553.0,1.7081864473168822,True
pubmed_deepres28_w128,16,R3_MOSAIC_ANCHOR,32,65,128,2943.0,17.207147584381204,4361.0,6688,615.0,116,3674.0,1.1869896570495373,True
pubmed_deepres28_w128,16,R3_MOSAIC_ANCHOR,32,82,128,3205.0,21.70747849106552,4361.0,6136,460.0,117,3782.0,1.1530936012691697,True
pubmed_deepres28_w128,16,R3_MOSAIC_ANCHOR,32,87,128,3205.0,23.03110522832561,4361.0,6648,481.25,122,3808.25,1.1451454079957986,True
pubmed_deepres28_w128,16,R3_MOSAIC_ANCHOR,32,50,128,2049.0,19.860973187686195,4361.0,5968,410.0,89,2548.0,1.7115384615384615,True
pubmed_deepres28_w128,16,R3_MOSAIC_ANCHOR,32,88,128,3205.0,23.295830575777632,4361.0,6840,487.5,124,3816.5,1.1426699855888904,True
pubmed_deepres28_w128,16,R3_MOSAIC_ANCHOR,32,72,128,2943.0,19.06022501654533,4361.0,6112,433.75,108,3484.75,1.2514527584475212,True
pubmed_deepres28_w128,16,R3_MOSAIC_ANCHOR,32,68,128,2943.0,18.00132362673726,4361.0,6800,550.0,115,3608.0,1.2087028824833703,True
pubmed_deepres28_w128,16,R3_MOSAIC_ANCHOR,32,49,128,2049.0,19.463753723932477,4361.0,5952,403.75,87,2539.75,1.7170981395806675,True
pubmed_deepres28_w128,16,R3_MOSAIC_ANCHOR,32,94,128,3205.0,24.884182660489746,4361.0,6292,526.25,132,3863.25,1.1288422959943054,True
pubmed_deepres28_w128,16,R3_MOSAIC_ANCHOR,32,70,128,2943.0,18.530774321641296,4361.0,6344,387.5,103,3433.5,1.2701325178389398,True
pubmed_deepres28_w128,16,R3_MOSAIC_ANCHOR,32,68,128,2943.0,18.00132362673726,4361.0,6328,488.75,109,3540.75,1.2316599590482242,True
pubmed_deepres28_w128,16,R3_MOSAIC_ANCHOR,32,57,128,2049.0,22.641509433962263,4361.0,6292,510.0,101,2660.0,1.6394736842105264,True
pubmed_deepres28_w128,16,R3_MOSAIC_ANCHOR,32,82,128,3205.0,21.70747849106552,4361.0,6316,486.25,119,3810.25,1.1445443212387638,True
pubmed_deepres28_w128,16,R3_MOSAIC_ANCHOR,32,83,128,3205.0,21.972203838517537,4361.0,6740,506.25,123,3834.25,1.1373801916932906,True
pubmed_deepres28_w128,16,R3_MOSAIC_ANCHOR,32,65,128,2943.0,17.207147584381204,4361.0,6416,491.25,107,3541.25,1.231486057183198,True
pubmed_deepres28_w128,16,R3_MOSAIC_ANCHOR,32,53,128,2049.0,21.05263157894737,4361.0,6356,430.0,93,2572.0,1.6955676516329705,True
pubmed_deepres28_w128,16,R3_MOSAIC_ANCHOR,32,91,128,3205.0,24.090006618133685,4361.0,6456,563.75,133,3901.75,1.117703594540911,True
pubmed_deepres28_w128,16,R3_MOSAIC_ANCHOR,32,68,128,2943.0,18.00132362673726,4361.0,6596,512.5,111,3566.5,1.222767419038273,True
pubmed_deepres28_w128,16,R3_MOSAIC_ANCHOR,32,57,128,2049.0,22.641509433962263,4361.0,6440,553.75,105,2707.75,1.610562274951528,True
pubmed_deepres28_w128,16,R3_MOSAIC_ANCHOR,32,59,128,2049.0,23.435948361469716,4361.0,6504,402.5,95,2546.5,1.7125466326330256,True
pubmed_deepres28_w128,16,R3_MOSAIC_ANCHOR,32,70,128,2943.0,18.530774321641296,4361.0,6952,550.0,116,3609.0,1.2083679689664728,True
pubmed_deepres28_w128,16,R3_MOSAIC_ANCHOR,32,55,128,2049.0,21.847070506454816,4361.0,6288,551.25,103,2703.25,1.6132433182280588,True
pubmed_deepres28_w128,16,R3_MOSAIC_ANCHOR,32,90,128,3205.0,23.825281270681668,4361.0,6636,627.5,137,3969.5,1.0986270311122308,True
pubmed_deepres28_w128,16,R3_MOSAIC_ANCHOR,32,54,128,2049.0,21.44985104270109,4361.0,6196,550.0,101,2700.0,1.6151851851851853,True
pubmed_deepres28_w128,16,R3_MOSAIC_ANCHOR,32,91,128,3205.0,24.090006618133685,4361.0,6392,591.25,134,3930.25,1.1095986260416004,True
pubmed_deepres28_w128,16,R3_MOSAIC_ANCHOR,32,66,128,2943.0,17.47187293183322,4361.0,6488,405.0,100,3448.0,1.2647911832946637,True
pubmed_deepres28_w128,16,R3_MOSAIC_ANCHOR,32,60,128,2049.0,23.83316782522344,4361.0,6244,556.25,106,2711.25,1.6084831719686492,True
pubmed_deepres28_w128,16,R3_MOSAIC_ANCHOR,32,56,128,2049.0,22.24428997020854,4361.0,6232,561.25,105,2715.25,1.606113617530614,True
pubmed_deepres28_w128,16,R3_MOSAIC_ANCHOR,32,72,128,2943.0,19.06022501654533,4361.0,6484,506.25,113,3562.25,1.2242262614920345,True
pubmed_deepres28_w128,16,R3_MOSAIC_ANCHOR,32,89,128,3205.0,23.56055592322965,4361.0,6416,555.0,130,3890.0,1.1210796915167096,True
pubmed_deepres28_w128,16,R3_MOSAIC_ANCHOR,32,67,128,2943.0,17.736598279285243,4361.0,6824,507.5,110,3560.5,1.2248279735992136,True
pubmed_deepres28_w128,16,R3_MOSAIC_ANCHOR,32,64,128,2311.0,25.42204568023833,4361.0,6520,538.75,109,2958.75,1.4739332488381918,True
pubmed_deepres28_w128,16,R3_MOSAIC_ANCHOR,32,93,128,3205.0,24.619457313037724,4361.0,6244,561.25,133,3899.25,1.118420209014554,True
pubmed_deepres28_w128,16,R3_MOSAIC_ANCHOR,32,81,128,2943.0,21.4427531436135,4361.0,6144,445.0,115,3503.0,1.2449329146445904,True
pubmed_deepres28_w128,16,R3_MOSAIC_ANCHOR,32,69,128,2943.0,18.26604897418928,4361.0,6484,420.0,104,3467.0,1.2578598211710412,True
pubmed_deepres28_w128,16,R3_MOSAIC_ANCHOR,32,52,128,2049.0,20.655412115193645,4361.0,5888,493.75,96,2638.75,1.6526764566556134,True
pubmed_deepres28_w128,16,R3_MOSAIC_ANCHOR,32,67,128,2943.0,17.736598279285243,4361.0,6460,658.75,121,3722.75,1.171445839768988,True
pubmed_deepres28_w128,16,R3_MOSAIC_ANCHOR,32,91,128,3205.0,24.090006618133685,4361.0,6484,463.75,125,3793.75,1.1495222405271828,True
pubmed_deepres28_w128,16,R3_MOSAIC_ANCHOR,32,65,128,2943.0,17.207147584381204,4361.0,7004,467.5,106,3516.5,1.240153561780179,True
pubmed_deepres28_w128,16,R3_MOSAIC_ANCHOR,32,55,128,2049.0,21.847070506454816,4361.0,6248,526.25,102,2677.25,1.6289102623961154,True
pubmed_deepres28_w128,16,R3_MOSAIC_ANCHOR,32,53,128,2049.0,21.05263157894737,4361.0,5920,466.25,96,2611.25,1.670081378650072,True
pubmed_deepres28_w128,16,R3_MOSAIC_ANCHOR,32,91,128,3205.0,24.090006618133685,4361.0,6576,627.5,139,3971.5,1.098073775651517,True
pubmed_deepres28_w128,16,R3_MOSAIC_ANCHOR,32,72,128,2943.0,19.06022501654533,4361.0,6808,565.0,118,3626.0,1.2027027027027026,True
pubmed_deepres28_w128,16,R3_MOSAIC_ANCHOR,32,56,128,2049.0,22.24428997020854,4361.0,6384,526.25,103,2678.25,1.6283020629142164,True
pubmed_deepres28_w128,16,R3_MOSAIC_ANCHOR,32,94,128,3205.0,24.884182660489746,4361.0,6400,531.25,132,3868.25,1.1273831836101595,True
pubmed_deepres28_w128,16,R3_MOSAIC_ANCHOR,32,75,128,2943.0,19.85440105890139,4361.0,6872,558.75,120,3621.75,1.2041140332712086,True
pubmed_deepres28_w128,16,R3_MOSAIC_ANCHOR,32,49,128,2049.0,19.463753723932477,4361.0,6156,551.25,96,2696.25,1.6174316179879462,True
pubmed_deepres28_w128,16,R3_MOSAIC_ANCHOR,32,61,128,2049.0,24.23038728897716,4361.0,6372,568.75,109,2726.75,1.5993398734757496,True
pubmed_deepres28_w128,16,R3_MOSAIC_ANCHOR,32,93,128,3205.0,24.619457313037724,4361.0,6608,583.75,136,3924.75,1.1111535766609337,True
pubmed_deepres28_w128,16,R3_MOSAIC_ANCHOR,32,81,128,2943.0,21.4427531436135,4361.0,6184,473.75,118,3534.75,1.2337506188556475,True
pubmed_deepres28_w128,16,R3_MOSAIC_ANCHOR,32,71,128,2943.0,18.79549966909332,4361.0,7032,452.5,109,3504.5,1.2444000570694822,True
pubmed_deepres28_w128,16,R3_MOSAIC_ANCHOR,32,74,128,2943.0,19.58967571144937,4361.0,6496,547.5,118,3608.5,1.2085354025218236,True
pubmed_deepres28_w128,16,R3_MOSAIC_ANCHOR,32,73,128,2943.0,19.324950363997356,4361.0,6988,585.0,121,3649.0,1.1951219512195121,True
pubmed_deepres28_w128,16,R3_MOSAIC_ANCHOR,32,67,128,2943.0,17.736598279285243,4361.0,6376,540.0,110,3593.0,1.2137489563039243,True
pubmed_deepres28_w128,16,R3_MOSAIC_ANCHOR,32,79,128,2943.0,20.913302448709462,4361.0,6404,478.75,117,3538.75,1.23235605793006,True
pubmed_deepres28_w128,16,R3_MOSAIC_ANCHOR,32,58,128,2049.0,23.038728897715988,4361.0,6212,540.0,105,2694.0,1.6187824795842614,True
pubmed_deepres28_w128,16,R3_MOSAIC_ANCHOR,32,72,128,2943.0,19.06022501654533,4361.0,6172,483.75,112,3538.75,1.23235605793006,True
pubmed_deepres28_w128,16,R3_MOSAIC_ANCHOR,32,64,128,2311.0,25.42204568023833,4361.0,6772,575.0,113,2999.0,1.4541513837945983,True
pubmed_deepres28_w128,16,R3_MOSAIC_ANCHOR,32,70,128,2943.0,18.530774321641296,4361.0,6284,433.75,105,3481.75,1.252531054785668,True
pubmed_deepres28_w128,16,R3_MOSAIC_ANCHOR,32,56,128,2049.0,22.24428997020854,4361.0,6392,437.5,95,2581.5,1.6893279101297696,True
pubmed_deepres28_w128,16,R3_MOSAIC_ANCHOR,32,79,128,2943.0,20.913302448709462,4361.0,6884,508.75,119,3570.75,1.221312049289365,True
pubmed_deepres28_w128,16,R3_MOSAIC_ANCHOR,32,88,128,3205.0,23.295830575777632,4361.0,6216,463.75,123,3791.75,1.150128568602888,True
pubmed_deepres28_w128,16,R3_MOSAIC_ANCHOR,32,64,128,2311.0,25.42204568023833,4361.0,6700,653.75,119,3083.75,1.4141872719902715,True
pubmed_deepres28_w128,16,R3_MOSAIC_ANCHOR,32,61,128,2049.0,24.23038728897716,4361.0,6368,472.5,103,2624.5,1.6616498380643931,True
pubmed_deepres28_w128,16,R3_MOSAIC_ANCHOR,32,93,128,3205.0,24.619457313037724,4361.0,6356,582.5,135,3922.5,1.1117909496494582,True
pubmed_deepres28_w128,16,R3_MOSAIC_ANCHOR,32,79,128,2943.0,20.913302448709462,4361.0,6556,501.25,119,3563.25,1.2238826913632217,True
pubmed_deepres28_w128,16,R3_MOSAIC_ANCHOR,32,63,128,2311.0,25.02482621648461,4361.0,6776,510.0,106,2927.0,1.489921421250427,True
pubmed_deepres28_w128,16,R3_MOSAIC_ANCHOR,32,52,128,2049.0,20.655412115193645,4361.0,6304,458.75,92,2599.75,1.677468987402635,True
pubmed_deepres28_w128,16,R3_MOSAIC_ANCHOR,32,50,128,2049.0,19.860973187686195,4361.0,6064,582.5,102,2733.5,1.5953905249679898,True
pubmed_deepres28_w128,16,R3_MOSAIC_ANCHOR,32,75,128,2943.0,19.85440105890139,4361.0,6412,515.0,117,3575.0,1.2198601398601399,True
pubmed_deepres28_w128,16,R3_MOSAIC_ANCHOR,32,70,128,2943.0,18.530774321641296,4361.0,6372,573.75,115,3631.75,1.2007985131135128,True
pubmed_deepres28_w128,16,R3_MOSAIC_ANCHOR,32,55,128,2049.0,21.847070506454816,4361.0,6192,532.5,101,2682.5,1.625722273998136,True
pubmed_deepres28_w128,16,R3_MOSAIC_ANCHOR,32,94,128,3205.0,24.884182660489746,4361.0,6412,533.75,133,3871.75,1.1263640472654484,True
pubmed_deepres28_w128,16,R3_MOSAIC_ANCHOR,32,54,128,2049.0,21.44985104270109,4361.0,6420,543.75,101,2693.75,1.6189327146171695,True
pubmed_deepres28_w128,16,R3_MOSAIC_ANCHOR,32,69,128,2943.0,18.26604897418928,4361.0,6632,661.25,124,3728.25,1.1697176959699591,True
pubmed_deepres28_w128,16,R3_MOSAIC_ANCHOR,32,72,128,2943.0,19.06022501654533,4361.0,6540,605.0,121,3669.0,1.1886072499318616,True
pubmed_deepres28_w128,16,R3_MOSAIC_ANCHOR,32,55,128,2049.0,21.847070506454816,4361.0,5872,488.75,99,2636.75,1.6539300274959705,True
pubmed_deepres28_w128,16,R3_MOSAIC_ANCHOR,32,69,128,2943.0,18.26604897418928,4361.0,5976,398.75,101,3442.75,1.266719918669668,True
pubmed_deepres28_w128,16,R3_MOSAIC_ANCHOR,32,84,128,3205.0,22.23692918596956,4361.0,6896,520.0,123,3848.0,1.1333160083160083,True
pubmed_deepres28_w128,16,R3_MOSAIC_ANCHOR,32,70,128,2943.0,18.530774321641296,4361.0,6576,576.25,117,3636.25,1.1993124785149536,True
pubmed_deepres28_w128,16,R3_MOSAIC_ANCHOR,32,70,128,2943.0,18.530774321641296,4361.0,6568,580.0,118,3641.0,1.1977478714638836,True
pubmed_deepres28_w128,16,R3_MOSAIC_ANCHOR,32,50,128,2049.0,19.860973187686195,4361.0,5900,403.75,86,2538.75,1.7177744953225011,True
pubmed_deepres28_w128,16,R3_MOSAIC_ANCHOR,32,90,128,3205.0,23.825281270681668,4361.0,6224,461.25,122,3788.25,1.15119118326404,True
pubmed_deepres28_w128,16,R3_MOSAIC_ANCHOR,32,58,128,2049.0,23.038728897715988,4361.0,6348,502.5,102,2653.5,1.6434897305445637,True
pubmed_deepres28_w128,16,R3_MOSAIC_ANCHOR,32,71,128,2943.0,18.79549966909332,4361.0,6284,617.5,121,3681.5,1.1845715061795463,True
pubmed_deepres28_w128,16,R3_MOSAIC_ANCHOR,32,89,128,3205.0,23.56055592322965,4361.0,6668,673.75,140,4018.75,1.085163297045101,True
pubmed_deepres28_w128,16,R3_MOSAIC_ANCHOR,32,68,128,2943.0,18.00132362673726,4361.0,6652,501.25,111,3555.25,1.2266366640883202,True
pubmed_deepres28_w128,16,R3_MOSAIC_ANCHOR,32,54,128,2049.0,21.44985104270109,4361.0,5840,505.0,99,2653.0,1.6437994722955145,True
pubmed_deepres28_w128,16,R3_MOSAIC_ANCHOR,32,61,128,2049.0,24.23038728897716,4361.0,6408,472.5,102,2623.5,1.6622832094530209,True
pubmed_deepres28_w128,16,R3_MOSAIC_ANCHOR,32,78,128,2943.0,20.648577101257445,4361.0,6600,553.75,121,3617.75,1.2054453735056319,True
pubmed_deepres28_w128,16,R3_MOSAIC_ANCHOR,32,91,128,3205.0,24.090006618133685,4361.0,6900,598.75,135,3938.75,1.1072040622024755,True
pubmed_deepres28_w128,16,R3_MOSAIC_ANCHOR,32,65,128,2943.0,17.207147584381204,4361.0,6500,536.25,111,3590.25,1.2146786435484993,True
pubmed_deepres28_w128,16,R3_MOSAIC_ANCHOR,32,62,128,2311.0,24.627606752730884,4361.0,6248,476.25,102,2889.25,1.5093882495457298,True
pubmed_deepres28_w128,16,R3_MOSAIC_ANCHOR,32,87,128,3205.0,23.03110522832561,4361.0,6176,446.25,120,3771.25,1.1563805104408353,True
pubmed_deepres28_w128,16,R3_MOSAIC_ANCHOR,32,65,128,2943.0,17.207147584381204,4361.0,6204,391.25,99,3433.25,1.2702250054612976,True
pubmed_deepres28_w128,16,R3_MOSAIC_ANCHOR,32,76,128,2943.0,20.11912640635341,4361.0,6732,446.25,112,3501.25,1.2455551588718314,True
pubmed_deepres28_w128,16,R3_MOSAIC_ANCHOR,32,68,128,2943.0,18.00132362673726,4361.0,5764,373.75,99,3415.75,1.2767327819658933,True
pubmed_deepres28_w128,16,R3_MOSAIC_ANCHOR,32,75,128,2943.0,19.85440105890139,4361.0,6408,580.0,122,3645.0,1.1964334705075446,True
pubmed_deepres28_w128,16,R3_MOSAIC_ANCHOR,32,62,128,2311.0,24.627606752730884,4361.0,6988,487.5,104,2902.5,1.5024978466838932,True
pubmed_deepres28_w128,16,R3_MOSAIC_ANCHOR,32,71,128,2943.0,18.79549966909332,4361.0,6784,433.75,107,3483.75,1.2518119842124147,True
pubmed_deepres28_w128,16,R3_MOSAIC_ANCHOR,32,74,128,2943.0,19.58967571144937,4361.0,6324,565.0,120,3628.0,1.202039691289967,True
pubmed_deepres28_w128,16,R3_MOSAIC_ANCHOR,32,67,128,2943.0,17.736598279285243,4361.0,5944,416.25,102,3461.25,1.2599494402311304,True
pubmed_deepres28_w128,16,R3_MOSAIC_ANCHOR,32,67,128,2943.0,17.736598279285243,4361.0,6696,527.5,112,3582.5,1.2173063503140265,True
pubmed_deepres28_w128,16,R3_MOSAIC_ANCHOR,32,68,128,2943.0,18.00132362673726,4361.0,6016,536.25,111,3590.25,1.2146786435484993,True
pubmed_deepres28_w128,16,R3_MOSAIC_ANCHOR,32,83,128,3205.0,21.972203838517537,4361.0,6504,466.25,118,3789.25,1.1508873787688856,True
pubmed_deepres28_w128,16,R3_MOSAIC_ANCHOR,32,64,128,2311.0,25.42204568023833,4361.0,5976,393.75,98,2802.75,1.555971813397556,True
pubmed_deepres28_w128,16,R3_MOSAIC_ANCHOR,32,68,128,2943.0,18.00132362673726,4361.0,6464,471.25,108,3522.25,1.2381290368372488,True
pubmed_deepres28_w128,16,R3_MOSAIC_ANCHOR,32,74,128,2943.0,19.58967571144937,4361.0,6656,448.75,111,3502.75,1.2450217686103775,True
pubmed_deepres28_w128,16,R3_MOSAIC_ANCHOR,32,52,128,2049.0,20.655412115193645,4361.0,5696,320.0,82,2451.0,1.7792737658098736,True
pubmed_deepres28_w128,16,R3_MOSAIC_ANCHOR,32,75,128,2943.0,19.85440105890139,4361.0,6736,531.25,118,3592.25,1.2140023662050248,True
pubmed_deepres28_w128,16,R3_MOSAIC_ANCHOR,32,76,128,2943.0,20.11912640635341,4361.0,6592,503.75,116,3562.75,1.2240544523191355,True
pubmed_deepres28_w128,16,R3_MOSAIC_ANCHOR,32,66,128,2943.0,17.47187293183322,4361.0,6696,631.25,120,3694.25,1.1804831833254381,True
pubmed_deepres28_w128,16,R3_MOSAIC_ANCHOR,32,89,128,3205.0,23.56055592322965,4361.0,6404,466.25,124,3795.25,1.149067913839668,True
pubmed_deepres28_w128,16,R3_MOSAIC_ANCHOR,32,57,128,2049.0,22.641509433962263,4361.0,6020,418.75,95,2562.75,1.7016876402302215,True
pubmed_deepres28_w128,16,R3_MOSAIC_ANCHOR,32,65,128,2943.0,17.207147584381204,4361.0,7000,373.75,98,3414.75,1.2771066695951387,True
pubmed_deepres28_w128,16,R3_MOSAIC_ANCHOR,32,56,128,2049.0,22.24428997020854,4361.0,6476,416.25,94,2559.25,1.7040148481000292,True
pubmed_deepres28_w128,16,R3_MOSAIC_ANCHOR,32,93,128,3205.0,24.619457313037724,4361.0,6544,575.0,136,3916.0,1.1136363636363635,True
pubmed_deepres28_w128,16,R3_MOSAIC_ANCHOR,32,78,128,2943.0,20.648577101257445,4361.0,6696,457.5,114,3514.5,1.2408592971973254,True
pubmed_deepres28_w128,16,R3_MOSAIC_ANCHOR,32,76,128,2943.0,20.11912640635341,4361.0,6612,642.5,127,3712.5,1.1746801346801348,True
pubmed_deepres28_w128,16,R3_MOSAIC_ANCHOR,32,53,128,2049.0,21.05263157894737,4361.0,6200,511.25,99,2659.25,1.6399360722008085,True
pubmed_deepres28_w128,16,R3_MOSAIC_ANCHOR,32,90,128,3205.0,23.825281270681668,4361.0,6424,561.25,131,3897.25,1.1189941625505164,True
pubmed_deepres28_w128,16,R3_MOSAIC_ANCHOR,32,56,128,2049.0,22.24428997020854,4361.0,6352,543.75,104,2696.75,1.617131732641142,True
pubmed_deepres28_w128,16,R3_MOSAIC_ANCHOR,32,66,128,2943.0,17.47187293183322,4361.0,6716,485.0,108,3536.0,1.233314479638009,True
pubmed_deepres28_w128,16,R3_MOSAIC_ANCHOR,32,63,128,2311.0,25.02482621648461,4361.0,6528,421.25,99,2831.25,1.540309050772627,True
pubmed_deepres28_w128,16,R3_MOSAIC_ANCHOR,32,90,128,3205.0,23.825281270681668,4361.0,6376,532.5,130,3867.5,1.1276018099547511,True
pubmed_deepres28_w128,16,R3_MOSAIC_ANCHOR,32,55,128,2049.0,21.847070506454816,4361.0,6384,473.75,97,2619.75,1.6646626586506346,True
pubmed_deepres28_w128,16,R3_MOSAIC_ANCHOR,32,61,128,2049.0,24.23038728897716,4361.0,6156,566.25,107,2722.25,1.6019836532280283,True
pubmed_deepres28_w128,16,R3_MOSAIC_ANCHOR,32,65,128,2943.0,17.207147584381204,4361.0,6640,416.25,101,3460.25,1.2603135611588758,True
pubmed_deepres28_w128,16,R3_MOSAIC_ANCHOR,32,74,128,2943.0,19.58967571144937,4361.0,6288,477.5,113,3533.5,1.2341870666477996,True
pubmed_deepres28_w128,16,R3_MOSAIC_ANCHOR,32,74,128,2943.0,19.58967571144937,4361.0,6484,547.5,117,3607.5,1.208870408870409,True
pubmed_deepres28_w128,16,R3_MOSAIC_ANCHOR,32,51,128,2049.0,20.25819265143992,4361.0,5836,337.5,83,2469.5,1.7659445231828306,True
pubmed_deepres28_w128,16,R3_MOSAIC_ANCHOR,32,64,128,2311.0,25.42204568023833,4361.0,6428,442.5,102,2855.5,1.5272281561898091,True
pubmed_deepres28_w128,16,R3_MOSAIC_ANCHOR,32,88,128,3205.0,23.295830575777632,4361.0,6476,490.0,125,3820.0,1.1416230366492146,True
pubmed_deepres28_w128,16,R3_MOSAIC_ANCHOR,32,65,128,2943.0,17.207147584381204,4361.0,6860,475.0,106,3524.0,1.2375141884222474,True
pubmed_deepres28_w128,16,R3_MOSAIC_ANCHOR,32,71,128,2943.0,18.79549966909332,4361.0,6096,397.5,103,3443.5,1.2664440249745899,True
pubmed_deepres28_w128,16,R3_MOSAIC_ANCHOR,32,65,128,2943.0,17.207147584381204,4361.0,6752,578.75,114,3635.75,1.1994774118132434,True
pubmed_deepres28_w128,16,R3_MOSAIC_ANCHOR,32,90,128,3205.0,23.825281270681668,4361.0,6676,492.5,127,3824.5,1.1402797751340044,True
pubmed_deepres28_w128,16,R3_MOSAIC_ANCHOR,32,59,128,2049.0,23.435948361469716,4361.0,5952,331.25,89,2469.25,1.7661233167965982,True
pubmed_deepres28_w128,16,R3_MOSAIC_ANCHOR,32,70,128,2943.0,18.530774321641296,4361.0,6968,448.75,108,3499.75,1.246089006357597,True
pubmed_deepres28_w128,16,R3_MOSAIC_ANCHOR,32,59,128,2049.0,23.435948361469716,4361.0,6724,406.25,96,2551.25,1.709358157765801,True
pubmed_deepres28_w128,16,R3_MOSAIC_ANCHOR,32,55,128,2049.0,21.847070506454816,4361.0,5868,340.0,86,2475.0,1.762020202020202,True
pubmed_deepres28_w128,16,R3_MOSAIC_ANCHOR,32,70,128,2943.0,18.530774321641296,4361.0,6860,496.25,112,3551.25,1.2280183034142906,True
pubmed_deepres28_w128,16,R3_MOSAIC_ANCHOR,32,76,128,2943.0,20.11912640635341,4361.0,6032,461.25,113,3517.25,1.2398891179188287,True
pubmed_deepres28_w128,16,R3_MOSAIC_ANCHOR,32,62,128,2311.0,24.627606752730884,4361.0,6272,590.0,110,3011.0,1.4483560278977083,True
pubmed_deepres28_w128,16,R3_MOSAIC_ANCHOR,32,92,128,3205.0,24.354731965585703,4361.0,6796,541.25,131,3877.25,1.1247662647495003,True
pubmed_deepres28_w128,16,R3_MOSAIC_ANCHOR,32,56,128,2049.0,22.24428997020854,4361.0,5704,422.5,94,2565.5,1.699863574351978,True
pubmed_deepres28_w128,16,R3_MOSAIC_ANCHOR,32,68,128,2943.0,18.00132362673726,4361.0,6856,395.0,101,3439.0,1.2681011922070369,True
pubmed_deepres28_w128,16,R3_MOSAIC_ANCHOR,32,57,128,2049.0,22.641509433962263,4361.0,6452,513.75,101,2663.75,1.6371656499296106,True
pubmed_deepres28_w128,16,R3_MOSAIC_ANCHOR,32,86,128,3205.0,22.766379880873597,4361.0,6588,508.75,123,3836.75,1.1366390825568515,True
pubmed_deepres28_w128,16,R3_MOSAIC_ANCHOR,32,57,128,2049.0,22.641509433962263,4361.0,6480,533.75,103,2685.75,1.6237550032579353,True
pubmed_deepres28_w128,16,R3_MOSAIC_ANCHOR,32,51,128,2049.0,20.25819265143992,4361.0,6112,613.75,103,2765.75,1.5767874898309682,True
pubmed_deepres28_w128,16,R3_MOSAIC_ANCHOR,32,57,128,2049.0,22.641509433962263,4361.0,6420,505.0,102,2656.0,1.6419427710843373,True
pubmed_deepres28_w128,16,R3_MOSAIC_ANCHOR,32,70,128,2943.0,18.530774321641296,4361.0,6852,428.75,105,3476.75,1.2543323506147983,True
pubmed_deepres28_w128,16,R3_MOSAIC_ANCHOR,32,68,128,2943.0,18.00132362673726,4361.0,6804,626.25,120,3689.25,1.182083079216643,True
pubmed_deepres28_w128,16,R3_MOSAIC_ANCHOR,32,93,128,3205.0,24.619457313037724,4361.0,6280,432.5,124,3761.5,1.159377907749568,True
pubmed_deepres28_w128,16,R3_MOSAIC_ANCHOR,32,67,128,2943.0,17.736598279285243,4361.0,6156,437.5,104,3484.5,1.2515425455589038,True
pubmed_deepres28_w128,16,R3_MOSAIC_ANCHOR,32,73,128,2943.0,19.324950363997356,4361.0,6768,498.75,114,3555.75,1.2264641777402798,True
pubmed_deepres28_w128,16,R3_MOSAIC_ANCHOR,32,86,128,3205.0,22.766379880873597,4361.0,6292,442.5,119,3766.5,1.1578388424266561,True
pubmed_deepres28_w128,16,R3_MOSAIC_ANCHOR,32,60,128,2049.0,23.83316782522344,4361.0,6144,480.0,101,2630.0,1.6581749049429657,True
pubmed_deepres28_w128,16,R3_MOSAIC_ANCHOR,32,62,128,2311.0,24.627606752730884,4361.0,7016,362.5,95,2768.5,1.575221238938053,True
pubmed_deepres28_w128,16,R3_MOSAIC_ANCHOR,32,92,128,3205.0,24.354731965585703,4361.0,6896,598.75,136,3939.75,1.1069230281109208,True
pubmed_deepres28_w128,16,R3_MOSAIC_ANCHOR,32,67,128,2943.0,17.736598279285243,4361.0,6092,447.5,105,3495.5,1.247604062365899,True
pubmed_deepres28_w128,16,R3_MOSAIC_ANCHOR,32,58,128,2049.0,23.038728897715988,4361.0,6464,585.0,107,2741.0,1.591025173294418,True
pubmed_deepres28_w128,16,R3_MOSAIC_ANCHOR,32,62,128,2311.0,24.627606752730884,4361.0,6500,595.0,111,3017.0,1.445475638051044,True
pubmed_deepres28_w128,16,R3_MOSAIC_ANCHOR,32,91,128,3205.0,24.090006618133685,4361.0,6680,490.0,126,3821.0,1.1413242606647473,True
pubmed_deepres28_w128,16,R3_MOSAIC_ANCHOR,32,67,128,2943.0,17.736598279285243,4361.0,6028,401.25,102,3446.25,1.2654334421472615,True
pubmed_deepres28_w128,16,R3_MOSAIC_ANCHOR,32,71,128,2943.0,18.79549966909332,4361.0,6828,423.75,106,3472.75,1.2557771218774747,True
pubmed_deepres28_w128,16,R3_MOSAIC_ANCHOR,32,58,128,2049.0,23.038728897715988,4361.0,6080,477.5,100,2626.5,1.6603845421663812,True
pubmed_deepres28_w128,16,R3_MOSAIC_ANCHOR,32,84,128,3205.0,22.23692918596956,4361.0,5928,453.75,118,3776.75,1.1546964983120407,True
pubmed_deepres28_w128,16,R3_MOSAIC_ANCHOR,32,66,128,2943.0,17.47187293183322,4361.0,7000,425.0,103,3471.0,1.2564102564102564,True
pubmed_deepres28_w128,16,R3_MOSAIC_ANCHOR,32,69,128,2943.0,18.26604897418928,4361.0,6080,412.5,104,3459.5,1.2605867899985548,True
pubmed_deepres28_w128,16,R3_MOSAIC_ANCHOR,32,62,128,2311.0,24.627606752730884,4361.0,7064,425.0,100,2836.0,1.5377291960507757,True
pubmed_deepres28_w128,16,R3_MOSAIC_ANCHOR,32,67,128,2943.0,17.736598279285243,4361.0,6544,513.75,111,3567.75,1.2223390091794548,True
pubmed_deepres28_w128,16,R3_MOSAIC_ANCHOR,32,60,128,2049.0,23.83316782522344,4361.0,6360,555.0,107,2711.0,1.6086315012910366,True
pubmed_deepres28_w128,16,R3_MOSAIC_ANCHOR,32,72,128,2943.0,19.06022501654533,4361.0,6056,418.75,107,3468.75,1.2572252252252252,True
pubmed_deepres28_w128,16,R3_MOSAIC_ANCHOR,32,58,128,2049.0,23.038728897715988,4361.0,6208,523.75,104,2676.75,1.6292145325487999,True
pubmed_deepres28_w128,16,R3_MOSAIC_ANCHOR,32,66,128,2943.0,17.47187293183322,4361.0,6112,516.25,109,3568.25,1.2221677292790583,True
pubmed_deepres28_w128,16,R3_MOSAIC_ANCHOR,32,49,128,2049.0,19.463753723932477,4361.0,5728,351.25,83,2483.25,1.7561663143058492,True
pubmed_deepres28_w128,16,R3_MOSAIC_ANCHOR,32,70,128,2943.0,18.530774321641296,4361.0,6892,383.75,102,3428.75,1.2718920889537004,True
pubmed_deepres28_w128,16,R3_MOSAIC_ANCHOR,32,58,128,2049.0,23.038728897715988,4361.0,5912,411.25,95,2555.25,1.706682320712259,True
pubmed_deepres28_w128,16,R3_MOSAIC_ANCHOR,32,73,128,2943.0,19.324950363997356,4361.0,6284,421.25,107,3471.25,1.25631976953547,True
pubmed_deepres28_w128,16,R3_MOSAIC_ANCHOR,32,67,128,2943.0,17.736598279285243,4361.0,6208,493.75,109,3545.75,1.2299231474300218,True
pubmed_deepres28_w128,16,R3_MOSAIC_ANCHOR,32,68,128,2943.0,18.00132362673726,4361.0,6932,462.5,106,3511.5,1.241919407660544,True
pubmed_deepres28_w128,16,R3_MOSAIC_ANCHOR,32,60,128,2049.0,23.83316782522344,4361.0,5852,488.75,102,2639.75,1.6520503835590492,True
pubmed_deepres28_w128,16,R3_MOSAIC_ANCHOR,32,80,128,2943.0,21.178027796161484,4361.0,7140,531.25,122,3596.25,1.2126520681265207,True
pubmed_deepres28_w128,16,R3_MOSAIC_ANCHOR,32,73,128,2943.0,19.324950363997356,4361.0,6696,458.75,111,3512.75,1.2414774749128177,True
pubmed_deepres28_w128,16,R3_MOSAIC_ANCHOR,32,56,128,2049.0,22.24428997020854,4361.0,5720,426.25,96,2571.25,1.69606222654351,True
pubmed_deepres28_w128,16,R3_MOSAIC_ANCHOR,32,50,128,2049.0,19.860973187686195,4361.0,5720,426.25,89,2564.25,1.7006922101979136,True
pubmed_deepres28_w128,16,R3_MOSAIC_ANCHOR,32,80,128,2943.0,21.178027796161484,4361.0,6208,481.25,118,3542.25,1.2311384007339967,True
pubmed_deepres28_w128,16,R3_MOSAIC_ANCHOR,32,68,128,2943.0,18.00132362673726,4361.0,6168,416.25,103,3462.25,1.2595855296411294,True
pubmed_deepres28_w128,16,R3_MOSAIC_ANCHOR,32,66,128,2943.0,17.47187293183322,4361.0,6876,432.5,102,3477.5,1.254061826024443,True
pubmed_deepres28_w128,16,R3_MOSAIC_ANCHOR,32,50,128,2049.0,19.860973187686195,4361.0,5632,458.75,92,2599.75,1.677468987402635,True
pubmed_deepres28_w128,16,R3_MOSAIC_ANCHOR,32,53,128,2049.0,21.05263157894737,4361.0,5616,401.25,90,2540.25,1.716760161401437,True
pubmed_deepres28_w128,16,R3_MOSAIC_ANCHOR,32,66,128,2943.0,17.47187293183322,4361.0,7288,443.75,104,3490.75,1.2493017259901167,True
pubmed_deepres28_w128,16,R3_MOSAIC_ANCHOR,32,74,128,2943.0,19.58967571144937,4361.0,6672,363.75,103,3409.75,1.2789793973165189,True
pubmed_deepres28_w128,16,R3_MOSAIC_ANCHOR,32,89,128,3205.0,23.56055592322965,4361.0,6692,535.0,128,3868.0,1.127456049638056,True
pubmed_deepres28_w128,16,R3_MOSAIC_ANCHOR,32,66,128,2943.0,17.47187293183322,4361.0,6808,565.0,114,3622.0,1.2040309221424628,True
pubmed_deepres28_w128,16,R3_MOSAIC_ANCHOR,32,52,128,2049.0,20.655412115193645,4361.0,5892,331.25,84,2464.25,1.769706807345034,True
pubmed_deepres28_w128,16,R3_MOSAIC_ANCHOR,32,69,128,2943.0,18.26604897418928,4361.0,6760,428.75,106,3477.75,1.2539716770900726,True
pubmed_deepres28_w128,16,R3_MOSAIC_ANCHOR,32,50,128,2049.0,19.860973187686195,4361.0,5896,410.0,89,2548.0,1.7115384615384615,True
pubmed_deepres28_w128,16,R3_MOSAIC_ANCHOR,32,91,128,3205.0,24.090006618133685,4361.0,6500,558.75,133,3896.75,1.119137742990954,True
pubmed_deepres28_w128,16,R3_MOSAIC_ANCHOR,32,68,128,2943.0,18.00132362673726,4361.0,6808,522.5,112,3577.5,1.2190076869322153,True
pubmed_deepres28_w128,16,R3_MOSAIC_ANCHOR,32,57,128,2049.0,22.641509433962263,4361.0,5872,383.75,92,2524.75,1.7272997326467967,True
pubmed_deepres28_w128,16,R3_MOSAIC_ANCHOR,32,91,128,3205.0,24.090006618133685,4361.0,6764,525.0,130,3860.0,1.1297927461139896,True
pubmed_deepres28_w128,16,R3_MOSAIC_ANCHOR,32,68,128,2943.0,18.00132362673726,4361.0,6396,521.25,110,3574.25,1.2201161082744632,True
pubmed_deepres28_w128,16,R3_MOSAIC_ANCHOR,32,62,128,2311.0,24.627606752730884,4361.0,5800,411.25,97,2819.25,1.5468653010552451,True
pubmed_deepres28_w128,16,R3_MOSAIC_ANCHOR,32,72,128,2943.0,19.06022501654533,4361.0,7132,518.75,114,3575.75,1.2196042788226247,True
pubmed_deepres28_w128,16,R3_MOSAIC_ANCHOR,32,52,128,2049.0,20.655412115193645,4361.0,5996,452.5,92,2593.5,1.6815114709851553,True
pubmed_deepres28_w128,16,R3_MOSAIC_ANCHOR,32,92,128,3205.0,24.354731965585703,4361.0,6516,483.75,128,3816.75,1.142595139844108,True
pubmed_deepres28_w128,16,R3_MOSAIC_ANCHOR,32,67,128,2943.0,17.736598279285243,4361.0,6736,542.5,112,3597.5,1.2122307157748435,True
pubmed_deepres28_w128,16,R3_MOSAIC_ANCHOR,32,49,128,2049.0,19.463753723932477,4361.0,5928,438.75,88,2575.75,1.6930990973502864,True
pubmed_deepres28_w128,16,R3_MOSAIC_ANCHOR,32,50,128,2049.0,19.860973187686195,4361.0,6004,446.25,91,2586.25,1.686225229579507,True
pubmed_deepres28_w128,16,R3_MOSAIC_ANCHOR,32,94,128,3205.0,24.884182660489746,4361.0,6600,505.0,130,3840.0,1.1356770833333334,True
pubmed_deepres28_w128,16,R3_MOSAIC_ANCHOR,32,71,128,2943.0,18.79549966909332,4361.0,6484,541.25,115,3599.25,1.2116413141626727,True
pubmed_deepres28_w128,16,R3_MOSAIC_ANCHOR,32,49,128,2049.0,19.463753723932477,4361.0,5828,443.75,91,2583.75,1.6878567972907597,True
pubmed_deepres28_w128,16,R3_MOSAIC_ANCHOR,32,56,128,2049.0,22.24428997020854,4361.0,6036,497.5,101,2647.5,1.6472143531633616,True
pubmed_deepres28_w128,16,R3_MOSAIC_ANCHOR,32,71,128,2943.0,18.79549966909332,4361.0,5904,435.0,107,3485.0,1.2513629842180776,True
pubmed_deepres28_w128,16,R3_MOSAIC_ANCHOR,32,71,128,2943.0,18.79549966909332,4361.0,6784,422.5,107,3472.5,1.2558675305975522,True
pubmed_deepres28_w128,16,R3_MOSAIC_ANCHOR,32,48,128,2049.0,19.06653426017875,4361.0,5544,346.25,82,2477.25,1.7604198203653245,True
pubmed_deepres28_w128,16,R3_MOSAIC_ANCHOR,32,72,128,2943.0,19.06022501654533,4361.0,6208,461.25,110,3514.25,1.2409475706053923,True
pubmed_deepres28_w128,16,R3_MOSAIC_ANCHOR,32,74,128,2943.0,19.58967571144937,4361.0,5912,456.25,109,3508.25,1.243069906648614,True
pubmed_deepres28_w128,16,R3_MOSAIC_ANCHOR,32,74,128,2943.0,19.58967571144937,4361.0,6880,482.5,114,3539.5,1.2320949286622405,True
pubmed_deepres28_w128,16,R3_MOSAIC_ANCHOR,32,73,128,2943.0,19.324950363997356,4361.0,6140,442.5,110,3495.5,1.247604062365899,True
pubmed_deepres28_w128,16,R3_MOSAIC_ANCHOR,32,49,128,2049.0,19.463753723932477,4361.0,5924,435.0,89,2573.0,1.6949086669257676,True
pubmed_deepres28_w128,16,R3_MOSAIC_ANCHOR,32,92,128,3205.0,24.354731965585703,4361.0,6708,570.0,135,3910.0,1.1153452685421994,True
pubmed_deepres28_w128,16,R3_MOSAIC_ANCHOR,32,71,128,2943.0,18.79549966909332,4361.0,6656,485.0,110,3538.0,1.232617297908423,True
pubmed_deepres28_w128,16,R3_MOSAIC_ANCHOR,32,78,128,2943.0,20.648577101257445,4361.0,6560,505.0,118,3566.0,1.2229388670779584,True
pubmed_deepres28_w128,16,R3_MOSAIC_ANCHOR,32,59,128,2049.0,23.435948361469716,4361.0,6292,541.25,104,2694.25,1.6186322724320312,True
pubmed_deepres28_w128,16,R3_MOSAIC_ANCHOR,32,65,128,2943.0,17.207147584381204,4361.0,7544,482.5,107,3532.5,1.2345364472753009,True
pubmed_deepres28_w128,16,R3_MOSAIC_ANCHOR,32,49,128,2049.0,19.463753723932477,4361.0,5940,443.75,89,2581.75,1.6891643265227074,True
pubmed_deepres28_w128,16,R3_MOSAIC_ANCHOR,32,88,128,3205.0,23.295830575777632,4361.0,6224,442.5,120,3767.5,1.1575315195753153,True
pubmed_deepres28_w128,16,R3_MOSAIC_ANCHOR,32,61,128,2049.0,24.23038728897716,4361.0,5832,542.5,107,2698.5,1.616083009079118,True
pubmed_deepres28_w128,16,R3_MOSAIC_ANCHOR,32,92,128,3205.0,24.354731965585703,4361.0,6264,531.25,131,3867.25,1.1276747042472042,True
pubmed_deepres28_w128,16,R3_MOSAIC_ANCHOR,32,66,128,2943.0,17.47187293183322,4361.0,6400,521.25,109,3573.25,1.2204575666410131,True
pubmed_deepres28_w128,16,R3_MOSAIC_ANCHOR,32,48,128,2049.0,19.06653426017875,4361.0,5784,460.0,90,2599.0,1.6779530588687956,True
pubmed_deepres28_w128,16,R3_MOSAIC_ANCHOR,32,60,128,2049.0,23.83316782522344,4361.0,6424,591.25,111,2751.25,1.585097682871422,True
pubmed_deepres28_w128,16,R3_MOSAIC_ANCHOR,32,54,128,2049.0,21.44985104270109,4361.0,6012,517.5,100,2666.5,1.635477217326083,True
pubmed_deepres28_w128,16,R3_MOSAIC_ANCHOR,32,62,128,2311.0,24.627606752730884,4361.0,6936,545.0,111,2967.0,1.469834850016852,True
pubmed_deepres28_w128,16,R3_MOSAIC_ANCHOR,32,91,128,3205.0,24.090006618133685,4361.0,7020,568.75,133,3906.75,1.1162731170410187,True
pubmed_deepres28_w128,16,R3_MOSAIC_ANCHOR,32,60,128,2049.0,23.83316782522344,4361.0,6308,546.25,107,2702.25,1.6138403182533074,True
pubmed_deepres28_w128,16,R3_MOSAIC_ANCHOR,32,88,128,3205.0,23.295830575777632,4361.0,6484,566.25,131,3902.25,1.117560381830995,True
pubmed_deepres28_w128,16,R3_MOSAIC_ANCHOR,32,54,128,2049.0,21.44985104270109,4361.0,6360,435.0,92,2576.0,1.6929347826086956,True
pubmed_deepres28_w128,16,R3_MOSAIC_ANCHOR,32,61,128,2049.0,24.23038728897716,4361.0,6524,458.75,101,2608.75,1.6716818399616675,True
pubmed_deepres28_w128,16,R3_MOSAIC_ANCHOR,32,63,128,2311.0,25.02482621648461,4361.0,6468,566.25,112,2989.25,1.4588943714978673,True
pubmed_deepres28_w128,16,R3_MOSAIC_ANCHOR,32,90,128,3205.0,23.825281270681668,4361.0,6456,586.25,134,3925.25,1.111012037449844,True
pubmed_deepres28_w128,16,R3_MOSAIC_ANCHOR,32,70,128,2943.0,18.530774321641296,4361.0,6756,497.5,111,3551.5,1.2279318597775588,True
pubmed_deepres28_w128,16,R3_MOSAIC_ANCHOR,32,53,128,2049.0,21.05263157894737,4361.0,6352,447.5,93,2589.5,1.6841089013323036,True
pubmed_deepres28_w128,16,R3_MOSAIC_ANCHOR,32,72,128,2943.0,19.06022501654533,4361.0,6936,437.5,109,3489.5,1.2497492477432297,True
pubmed_deepres28_w128,16,R3_MOSAIC_ANCHOR,32,59,128,2049.0,23.435948361469716,4361.0,5896,421.25,97,2567.25,1.6987048398091342,True
pubmed_deepres28_w128,16,R3_MOSAIC_ANCHOR,32,64,128,2311.0,25.42204568023833,4361.0,6512,488.75,105,2904.75,1.5013340218607454,True
pubmed_deepres28_w128,16,R3_MOSAIC_ANCHOR,32,70,128,2943.0,18.530774321641296,4361.0,6248,446.25,107,3496.25,1.247336431891312,True
pubmed_deepres28_w128,16,R3_MOSAIC_ANCHOR,32,61,128,2049.0,24.23038728897716,4361.0,6836,545.0,109,2703.0,1.6133925268220495,True
pubmed_deepres28_w128,16,R3_MOSAIC_ANCHOR,32,64,128,2311.0,25.42204568023833,4361.0,6648,443.75,103,2857.75,1.526025719534599,True
pubmed_deepres28_w128,16,R3_MOSAIC_ANCHOR,32,72,128,2943.0,19.06022501654533,4361.0,6004,390.0,104,3437.0,1.2688391038696538,True
pubmed_deepres28_w128,16,R3_MOSAIC_ANCHOR,32,61,128,2049.0,24.23038728897716,4361.0,7196,308.75,88,2445.75,1.7830931207196157,True
pubmed_deepres28_w128,16,R3_MOSAIC_ANCHOR,32,61,128,2049.0,24.23038728897716,4361.0,7176,348.75,92,2489.75,1.7515814840847475,True
pubmed_deepres28_w128,16,R3_MOSAIC_ANCHOR,32,78,128,2943.0,20.648577101257445,4361.0,6624,400.0,110,3453.0,1.2629597451491457,True
pubmed_deepres28_w128,16,R3_MOSAIC_ANCHOR,32,65,128,2943.0,17.207147584381204,4361.0,6880,413.75,100,3456.75,1.2615896434512186,True
pubmed_deepres28_w128,16,R3_MOSAIC_ANCHOR,32,62,128,2311.0,24.627606752730884,4361.0,6524,616.25,114,3041.25,1.4339498561446773,True
pubmed_deepres28_w128,16,R3_MOSAIC_ANCHOR,32,55,128,2049.0,21.847070506454816,4361.0,6508,357.5,88,2494.5,1.7482461415113248,True
pubmed_deepres28_w128,16,R3_MOSAIC_ANCHOR,32,89,128,3205.0,23.56055592322965,4361.0,6420,553.75,129,3887.75,1.1217285062053888,True
pubmed_deepres28_w128,16,R3_MOSAIC_ANCHOR,32,70,128,2943.0,18.530774321641296,4361.0,6684,562.5,117,3622.5,1.203864734299517,True
pubmed_deepres28_w128,16,R3_MOSAIC_ANCHOR,32,54,128,2049.0,21.44985104270109,4361.0,6568,321.25,83,2453.25,1.777641903597269,True
pubmed_deepres28_w128,16,R3_MOSAIC_ANCHOR,32,57,128,2049.0,22.641509433962263,4361.0,6316,566.25,106,2721.25,1.6025723472668811,True
pubmed_deepres28_w128,16,R3_MOSAIC_ANCHOR,32,88,128,3205.0,23.295830575777632,4361.0,6596,528.75,128,3861.75,1.1292807664918754,True
pubmed_deepres28_w128,16,R3_MOSAIC_ANCHOR,32,60,128,2049.0,23.83316782522344,4361.0,6456,485.0,103,2637.0,1.6537732271520666,True
pubmed_deepres28_w128,16,R3_MOSAIC_ANCHOR,32,67,128,2943.0,17.736598279285243,4361.0,6656,466.25,106,3515.25,1.2405945523078017,True
pubmed_deepres28_w128,16,R3_MOSAIC_ANCHOR,32,56,128,2049.0,22.24428997020854,4361.0,6224,573.75,106,2728.75,1.5981676591846083,True
pubmed_deepres28_w128,16,R3_MOSAIC_ANCHOR,32,74,128,2943.0,19.58967571144937,4361.0,6784,568.75,120,3631.75,1.2007985131135128,True
pubmed_deepres28_w128,16,R3_MOSAIC_ANCHOR,32,65,128,2943.0,17.207147584381204,4361.0,6668,603.75,117,3663.75,1.1903104742408734,True
pubmed_deepres28_w128,16,R3_MOSAIC_ANCHOR,32,57,128,2049.0,22.641509433962263,4361.0,6412,495.0,100,2644.0,1.649394856278366,True
pubmed_deepres28_w128,16,R3_MOSAIC_ANCHOR,32,62,128,2311.0,24.627606752730884,4361.0,6440,505.0,105,2921.0,1.4929818555289285,True
pubmed_deepres28_w128,16,R3_MOSAIC_ANCHOR,32,91,128,3205.0,24.090006618133685,4361.0,6608,557.5,132,3894.5,1.119784311208114,True
pubmed_deepres28_w128,16,R3_MOSAIC_ANCHOR,32,59,128,2049.0,23.435948361469716,4361.0,6440,591.25,109,2749.25,1.5862507956715468,True
pubmed_deepres28_w128,16,R3_MOSAIC_ANCHOR,32,61,128,2049.0,24.23038728897716,4361.0,6460,596.25,111,2756.25,1.5822222222222222,True
pubmed_deepres28_w128,16,R3_MOSAIC_ANCHOR,32,56,128,2049.0,22.24428997020854,4361.0,6312,483.75,99,2631.75,1.6570722903011303,True
pubmed_deepres28_w128,16,R3_MOSAIC_ANCHOR,32,93,128,3205.0,24.619457313037724,4361.0,6768,581.25,136,3922.25,1.1118618140098158,True
pubmed_deepres28_w128,16,R3_MOSAIC_ANCHOR,32,70,128,2943.0,18.530774321641296,4361.0,6752,582.5,117,3642.5,1.197254632807138,True
pubmed_deepres28_w128,16,R3_MOSAIC_ANCHOR,32,76,128,2943.0,20.11912640635341,4361.0,6356,490.0,114,3547.0,1.229489709613758,True
pubmed_deepres28_w128,16,R3_MOSAIC_ANCHOR,32,59,128,2049.0,23.435948361469716,4361.0,6440,547.5,106,2702.5,1.613691026827012,True
pubmed_deepres28_w128,16,R3_MOSAIC_ANCHOR,32,50,128,2049.0,19.860973187686195,4361.0,5808,443.75,90,2582.75,1.6885103087794018,True
pubmed_deepres28_w128,16,R3_MOSAIC_ANCHOR,32,76,128,2943.0,20.11912640635341,4361.0,6864,500.0,117,3560.0,1.225,True
pubmed_deepres28_w128,16,R3_MOSAIC_ANCHOR,32,72,128,2943.0,19.06022501654533,4361.0,6200,460.0,110,3513.0,1.2413891261030459,True
pubmed_deepres28_w128,16,R3_MOSAIC_ANCHOR,32,69,128,2943.0,18.26604897418928,4361.0,6708,625.0,122,3690.0,1.1818428184281842,True
pubmed_deepres28_w128,16,R3_MOSAIC_ANCHOR,32,73,128,2943.0,19.324950363997356,4361.0,6552,596.25,122,3661.25,1.19112325025606,True
pubmed_deepres28_w128,16,R3_MOSAIC_ANCHOR,32,69,128,2943.0,18.26604897418928,4361.0,6212,487.5,111,3541.5,1.23139912466469,True
pubmed_deepres28_w128,16,R3_MOSAIC_ANCHOR,32,86,128,3205.0,22.766379880873597,4361.0,7152,391.25,115,3711.25,1.17507578309195,True
pubmed_deepres28_w128,16,R3_MOSAIC_ANCHOR,32,72,128,2943.0,19.06022501654533,4361.0,7116,351.25,101,3395.25,1.2844414991532287,True
pubmed_deepres28_w128,16,R3_MOSAIC_ANCHOR,32,56,128,2049.0,22.24428997020854,4361.0,5936,472.5,98,2619.5,1.6648215308264935,True
pubmed_deepres28_w128,16,R3_MOSAIC_ANCHOR,32,79,128,2943.0,20.913302448709462,4361.0,6512,505.0,120,3568.0,1.2222533632286996,True
pubmed_deepres28_w128,16,R3_MOSAIC_ANCHOR,32,63,128,2311.0,25.02482621648461,4361.0,6728,606.25,115,3032.25,1.438205952675406,True
pubmed_deepres28_w128,16,R3_MOSAIC_ANCHOR,32,66,128,2943.0,17.47187293183322,4361.0,6704,577.5,116,3636.5,1.1992300288739173,True
pubmed_deepres28_w128,16,R3_MOSAIC_ANCHOR,32,60,128,2049.0,23.83316782522344,4361.0,6168,488.75,103,2640.75,1.6514247846255798,True
pubmed_deepres28_w128,16,R3_MOSAIC_ANCHOR,32,92,128,3205.0,24.354731965585703,4361.0,6820,427.5,124,3756.5,1.1609210701450818,True
pubmed_deepres28_w128,16,R3_MOSAIC_ANCHOR,32,57,128,2049.0,22.641509433962263,4361.0,6408,565.0,105,2719.0,1.603898492092681,True
pubmed_deepres28_w128,16,R3_MOSAIC_ANCHOR,32,59,128,2049.0,23.435948361469716,4361.0,6536,617.5,113,2779.5,1.5689872279186905,True
pubmed_deepres28_w128,16,R3_MOSAIC_ANCHOR,32,92,128,3205.0,24.354731965585703,4361.0,6608,578.75,134,3917.75,1.1131389190223981,True
pubmed_deepres28_w128,16,R3_MOSAIC_ANCHOR,32,81,128,2943.0,21.4427531436135,4361.0,6512,458.75,117,3518.75,1.239360568383659,True
pubmed_deepres28_w128,16,R3_MOSAIC_ANCHOR,32,70,128,2943.0,18.530774321641296,4361.0,7116,427.5,106,3476.5,1.2544225514166547,True
pubmed_deepres28_w128,16,R3_MOSAIC_ANCHOR,32,61,128,2049.0,24.23038728897716,4361.0,6748,595.0,113,2757.0,1.581791802684077,True
pubmed_deepres28_w128,16,R3_MOSAIC_ANCHOR,32,90,128,3205.0,23.825281270681668,4361.0,6732,512.5,128,3845.5,1.1340527889741256,True
pubmed_deepres28_w128,16,R3_MOSAIC_ANCHOR,32,62,128,2311.0,24.627606752730884,4361.0,6044,356.25,94,2761.25,1.5793571751923947,True
pubmed_deepres28_w128,16,R3_MOSAIC_ANCHOR,32,70,128,2943.0,18.530774321641296,4361.0,6992,415.0,105,3463.0,1.2593127346231592,True
pubmed_deepres28_w128,16,R3_MOSAIC_ANCHOR,32,61,128,2049.0,24.23038728897716,4361.0,6448,530.0,107,2686.0,1.6236038719285182,True
pubmed_deepres28_w128,16,R3_MOSAIC_ANCHOR,32,74,128,2943.0,19.58967571144937,4361.0,6964,393.75,107,3443.75,1.2663520871143377,True
pubmed_deepres28_w128,16,R3_MOSAIC_ANCHOR,32,77,128,2943.0,20.383851753805427,4361.0,6168,510.0,118,3571.0,1.2212265471856623,True
pubmed_deepres28_w128,16,R3_MOSAIC_ANCHOR,32,61,128,2049.0,24.23038728897716,4361.0,6844,613.75,114,2776.75,1.5705411002070766,True
pubmed_deepres28_w128,16,R3_MOSAIC_ANCHOR,32,69,128,2943.0,18.26604897418928,4361.0,6764,627.5,121,3691.5,1.1813625897331708,True
pubmed_deepres28_w128,16,R3_MOSAIC_ANCHOR,32,73,128,2943.0,19.324950363997356,4361.0,6756,453.75,111,3507.75,1.2432470957166275,True
pubmed_deepres28_w128,16,R3_MOSAIC_ANCHOR,32,56,128,2049.0,22.24428997020854,4361.0,6312,476.25,98,2623.25,1.6624416277518346,True
pubmed_deepres28_w128,16,R3_MOSAIC_ANCHOR,32,74,128,2943.0,19.58967571144937,4361.0,6044,422.5,107,3472.5,1.2558675305975522,True
pubmed_deepres28_w128,16,R3_MOSAIC_ANCHOR,32,60,128,2049.0,23.83316782522344,4361.0,6756,613.75,111,2773.75,1.5722397476340695,True
pubmed_deepres28_w128,16,R3_MOSAIC_ANCHOR,32,56,128,2049.0,22.24428997020854,4361.0,6060,496.25,100,2645.25,1.648615442774785,True
pubmed_deepres28_w128,16,R3_MOSAIC_ANCHOR,32,65,128,2943.0,17.207147584381204,4361.0,5844,346.25,94,3383.25,1.2889972659425109,True
pubmed_deepres28_w128,16,R3_MOSAIC_ANCHOR,32,67,128,2943.0,17.736598279285243,4361.0,6960,338.75,96,3377.75,1.2910961438827622,True
pubmed_deepres28_w128,16,R3_MOSAIC_ANCHOR,32,63,128,2311.0,25.02482621648461,4361.0,6936,363.75,95,2769.75,1.5745103348677678,True
pubmed_deepres28_w128,16,R3_MOSAIC_ANCHOR,32,77,128,2943.0,20.383851753805427,4361.0,6160,377.5,107,3427.5,1.2723559445660102,True
pubmed_deepres28_w128,16,R3_MOSAIC_ANCHOR,32,67,128,2943.0,17.736598279285243,4361.0,6548,500.0,109,3552.0,1.227759009009009,True
pubmed_deepres28_w128,16,R3_MOSAIC_ANCHOR,32,59,128,2049.0,23.435948361469716,4361.0,7032,430.0,96,2575.0,1.6935922330097088,True
pubmed_deepres28_w128,16,R3_MOSAIC_ANCHOR,32,56,128,2049.0,22.24428997020854,4361.0,6260,547.5,104,2700.5,1.6148861321977412,True
pubmed_deepres28_w128,16,R3_MOSAIC_ANCHOR,32,94,128,3205.0,24.884182660489746,4361.0,6348,502.5,129,3836.5,1.1367131500065164,True
pubmed_deepres28_w128,16,R3_MOSAIC_ANCHOR,32,73,128,2943.0,19.324950363997356,4361.0,6840,571.25,120,3634.25,1.1999724840063286,True
pubmed_deepres28_w128,16,R3_MOSAIC_ANCHOR,32,64,128,2311.0,25.42204568023833,4361.0,6524,583.75,112,3006.75,1.450403259333167,True
pubmed_deepres28_w128,16,R3_MOSAIC_ANCHOR,32,55,128,2049.0,21.847070506454816,4361.0,6388,427.5,92,2568.5,1.6978781389916293,True
pubmed_deepres28_w128,16,R3_MOSAIC_ANCHOR,32,92,128,3205.0,24.354731965585703,4361.0,6628,553.75,133,3891.75,1.1205755765401169,True
pubmed_deepres28_w128,16,R3_MOSAIC_ANCHOR,32,68,128,2943.0,18.00132362673726,4361.0,6896,558.75,116,3617.75,1.2054453735056319,True
pubmed_deepres28_w128,16,R3_MOSAIC_ANCHOR,32,70,128,2943.0,18.530774321641296,4361.0,6600,508.75,112,3563.75,1.2237109786039986,True
pubmed_deepres28_w128,16,R3_MOSAIC_ANCHOR,32,56,128,2049.0,22.24428997020854,4361.0,6392,443.75,95,2587.75,1.6852478021447204,True
pubmed_deepres28_w128,16,R3_MOSAIC_ANCHOR,32,92,128,3205.0,24.354731965585703,4361.0,6272,522.5,129,3856.5,1.1308180993128485,True
pubmed_deepres28_w128,16,R3_MOSAIC_ANCHOR,32,76,128,2943.0,20.11912640635341,4361.0,6148,498.75,117,3558.75,1.225430277485072,True
pubmed_deepres28_w128,16,R3_MOSAIC_ANCHOR,32,69,128,2943.0,18.26604897418928,4361.0,6796,490.0,111,3544.0,1.230530474040632,True
pubmed_deepres28_w128,16,R3_MOSAIC_ANCHOR,32,56,128,2049.0,22.24428997020854,4361.0,6324,497.5,100,2646.5,1.6478367655393917,True
pubmed_deepres28_w128,16,R3_MOSAIC_ANCHOR,32,94,128,3205.0,24.884182660489746,4361.0,6608,600.0,139,3944.0,1.1057302231237323,True
pubmed_deepres28_w128,16,R3_MOSAIC_ANCHOR,32,86,128,3205.0,22.766379880873597,4361.0,6176,465.0,121,3791.0,1.1503561065681878,True
pubmed_deepres28_w128,16,R3_MOSAIC_ANCHOR,32,65,128,2943.0,17.207147584381204,4361.0,6756,631.25,119,3693.25,1.1808028159480133,True
pubmed_deepres28_w128,16,R3_MOSAIC_ANCHOR,32,64,128,2311.0,25.42204568023833,4361.0,6612,566.25,112,2989.25,1.4588943714978673,True
pubmed_deepres28_w128,16,R3_MOSAIC_ANCHOR,32,75,128,2943.0,19.85440105890139,4361.0,6464,413.75,109,3465.75,1.2583134963572098,True
pubmed_deepres28_w128,16,R3_MOSAIC_ANCHOR,32,70,128,2943.0,18.530774321641296,4361.0,6464,440.0,107,3490.0,1.249570200573066,True
pubmed_deepres28_w128,16,R3_MOSAIC_ANCHOR,32,65,128,2943.0,17.207147584381204,4361.0,6132,445.0,104,3492.0,1.2488545246277205,True
pubmed_deepres28_w128,16,R3_MOSAIC_ANCHOR,32,82,128,3205.0,21.70747849106552,4361.0,6680,640.0,132,3977.0,1.0965551923560473,True
pubmed_deepres28_w128,16,R3_MOSAIC_ANCHOR,32,63,128,2311.0,25.02482621648461,4361.0,6488,572.5,111,2994.5,1.4563366171314076,True
pubmed_deepres28_w128,16,R3_MOSAIC_ANCHOR,32,88,128,3205.0,23.295830575777632,4361.0,6908,486.25,124,3815.25,1.143044361444204,True
pubmed_deepres28_w128,16,R3_MOSAIC_ANCHOR,32,67,128,2943.0,17.736598279285243,4361.0,6032,536.25,112,3591.25,1.2143404107205011,True
pubmed_deepres28_w128,16,R3_MOSAIC_ANCHOR,32,62,128,2311.0,24.627606752730884,4361.0,6516,436.25,100,2847.25,1.5316533497234173,True
pubmed_deepres28_w128,16,R3_MOSAIC_ANCHOR,32,89,128,3205.0,23.56055592322965,4361.0,6468,438.75,122,3765.75,1.1580694416782846,True
pubmed_deepres28_w128,16,R3_MOSAIC_ANCHOR,32,70,128,2943.0,18.530774321641296,4361.0,6020,396.25,103,3442.25,1.2669039145907472,True
pubmed_deepres28_w128,16,R3_MOSAIC_ANCHOR,32,64,128,2311.0,25.42204568023833,4361.0,7008,440.0,103,2854.0,1.528030833917309,True
pubmed_deepres28_w128,16,R3_MOSAIC_ANCHOR,32,63,128,2311.0,25.02482621648461,4361.0,6860,396.25,98,2805.25,1.554585152838428,True
pubmed_deepres28_w128,16,R3_MOSAIC_ANCHOR,32,57,128,2049.0,22.641509433962263,4361.0,5928,441.25,96,2586.25,1.686225229579507,True
pubmed_deepres28_w128,16,R3_MOSAIC_ANCHOR,32,67,128,2943.0,17.736598279285243,4361.0,6860,511.25,110,3564.25,1.2235393140211825,True
pubmed_deepres28_w128,16,R3_MOSAIC_ANCHOR,32,88,128,3205.0,23.295830575777632,4361.0,6224,378.75,115,3698.75,1.1790469753295032,True
pubmed_deepres28_w128,16,R3_MOSAIC_ANCHOR,32,57,128,2049.0,22.641509433962263,4361.0,6128,502.5,102,2653.5,1.6434897305445637,True
pubmed_deepres28_w128,16,R3_MOSAIC_ANCHOR,32,63,128,2311.0,25.02482621648461,4361.0,6904,373.75,95,2779.75,1.5688461192553287,True
pubmed_deepres28_w128,16,R3_MOSAIC_ANCHOR,32,68,128,2943.0,18.00132362673726,4361.0,6912,458.75,108,3509.75,1.242538642353444,True
pubmed_deepres28_w128,16,R3_MOSAIC_ANCHOR,32,71,128,2943.0,18.79549966909332,4361.0,5760,347.5,99,3389.5,1.2866204454934356,True
pubmed_deepres28_w128,16,R3_MOSAIC_ANCHOR,32,68,128,2943.0,18.00132362673726,4361.0,6288,516.25,110,3569.25,1.2218253134411992,True
pubmed_deepres28_w128,16,R3_MOSAIC_ANCHOR,32,52,128,2049.0,20.655412115193645,4361.0,5732,375.0,88,2512.0,1.7360668789808917,True
pubmed_deepres28_w128,16,R3_MOSAIC_ANCHOR,32,69,128,2943.0,18.26604897418928,4361.0,7124,546.25,114,3603.25,1.210296260320544,True
pubmed_deepres28_w128,16,R3_MOSAIC_ANCHOR,32,76,128,2943.0,20.11912640635341,4361.0,6680,458.75,114,3515.75,1.240418118466899,True
pubmed_deepres28_w128,16,R3_MOSAIC_ANCHOR,32,72,128,2943.0,19.06022501654533,4361.0,6780,540.0,117,3600.0,1.2113888888888888,True
pubmed_deepres28_w128,16,R3_MOSAIC_ANCHOR,32,58,128,2049.0,23.038728897715988,4361.0,6308,507.5,103,2659.5,1.639781913893589,True
pubmed_deepres28_w128,16,R3_MOSAIC_ANCHOR,32,67,128,2943.0,17.736598279285243,4361.0,6972,385.0,101,3429.0,1.2717993584135316,True
pubmed_deepres28_w128,16,R3_MOSAIC_ANCHOR,32,51,128,2049.0,20.25819265143992,4361.0,5776,325.0,82,2456.0,1.7756514657980456,True
pubmed_deepres28_w128,16,R3_MOSAIC_ANCHOR,32,56,128,2049.0,22.24428997020854,4361.0,6448,421.25,94,2564.25,1.7006922101979136,True
pubmed_deepres28_w128,16,R3_MOSAIC_ANCHOR,32,76,128,2943.0,20.11912640635341,4361.0,6852,452.5,112,3507.5,1.2433357091945831,True
pubmed_deepres28_w128,16,R3_MOSAIC_ANCHOR,32,75,128,2943.0,19.85440105890139,4361.0,6212,448.75,112,3503.75,1.2446664288262577,True
pubmed_deepres28_w128,16,R3_MOSAIC_ANCHOR,32,68,128,2943.0,18.00132362673726,4361.0,6668,533.75,112,3588.75,1.215186346220829,True
pubmed_deepres28_w128,16,R3_MOSAIC_ANCHOR,32,57,128,2049.0,22.641509433962263,4361.0,6336,528.75,104,2681.75,1.6261769367017807,True
pubmed_deepres28_w128,16,R3_MOSAIC_ANCHOR,32,83,128,3205.0,21.972203838517537,4361.0,6500,450.0,118,3773.0,1.155844155844156,True
pubmed_deepres28_w128,16,R3_MOSAIC_ANCHOR,32,72,128,2943.0,19.06022501654533,4361.0,7028,376.25,103,3422.25,1.2743078384104025,True
pubmed_deepres28_w128,16,R3_MOSAIC_ANCHOR,32,50,128,2049.0,19.860973187686195,4361.0,5816,347.5,83,2479.5,1.7588223432143577,True
pubmed_deepres28_w128,16,R3_MOSAIC_ANCHOR,32,65,128,2943.0,17.207147584381204,4361.0,7044,381.25,98,3422.25,1.2743078384104025,True
pubmed_deepres28_w128,16,R3_MOSAIC_ANCHOR,32,56,128,2049.0,22.24428997020854,4361.0,5852,441.25,97,2587.25,1.6855734853609043,True
pubmed_deepres28_w128,16,R3_MOSAIC_ANCHOR,32,61,128,2049.0,24.23038728897716,4361.0,6700,366.25,94,2509.25,1.7379695128026302,True
pubmed_deepres28_w128,16,R3_MOSAIC_ANCHOR,32,77,128,2943.0,20.383851753805427,4361.0,6432,390.0,108,3441.0,1.2673641383318803,True
pubmed_deepres28_w128,16,R3_MOSAIC_ANCHOR,32,55,128,2049.0,21.847070506454816,4361.0,6472,546.25,103,2698.25,1.6162327434448254,True
pubmed_deepres28_w128,16,R3_MOSAIC_ANCHOR,32,92,128,3205.0,24.354731965585703,4361.0,6764,546.25,133,3884.25,1.122739267554869,True
pubmed_deepres28_w128,16,R3_MOSAIC_ANCHOR,32,62,128,2311.0,24.627606752730884,4361.0,5992,382.5,95,2788.5,1.5639232562309486,True
pubmed_deepres28_w128,16,R3_MOSAIC_ANCHOR,32,69,128,2943.0,18.26604897418928,4361.0,6752,492.5,109,3544.5,1.230356890957822,True
pubmed_deepres28_w128,16,R3_MOSAIC_ANCHOR,32,60,128,2049.0,23.83316782522344,4361.0,6724,566.25,108,2723.25,1.6013953915358488,True
pubmed_deepres28_w128,16,R3_MOSAIC_ANCHOR,32,67,128,2943.0,17.736598279285243,4361.0,6328,450.0,105,3498.0,1.2467124070897655,True
pubmed_deepres28_w128,16,R3_MOSAIC_ANCHOR,32,69,128,2943.0,18.26604897418928,4361.0,7152,340.0,98,3381.0,1.289855072463768,True
pubmed_deepres28_w128,16,R3_MOSAIC_ANCHOR,32,89,128,3205.0,23.56055592322965,4361.0,6480,477.5,124,3806.5,1.1456718770524104,True
pubmed_deepres28_w128,16,R3_MOSAIC_ANCHOR,32,58,128,2049.0,23.038728897715988,4361.0,6676,446.25,98,2593.25,1.6816735756290369,True
pubmed_deepres28_w128,16,R3_MOSAIC_ANCHOR,32,84,128,3205.0,22.23692918596956,4361.0,6376,392.5,114,3711.5,1.1749966320894516,True
pubmed_deepres28_w128,16,R3_MOSAIC_ANCHOR,32,65,128,2943.0,17.207147584381204,4361.0,6964,406.25,101,3450.25,1.2639663792478806,True
pubmed_deepres28_w128,16,R3_MOSAIC_ANCHOR,32,61,128,2049.0,24.23038728897716,4361.0,6008,463.75,102,2614.75,1.6678458743665743,True
pubmed_deepres28_w128,16,R3_MOSAIC_ANCHOR,32,66,128,2943.0,17.47187293183322,4361.0,7412,472.5,108,3523.5,1.2376897970767702,True
pubmed_deepres28_w128,16,R3_MOSAIC_ANCHOR,32,73,128,2943.0,19.324950363997356,4361.0,6796,390.0,105,3438.0,1.2684700407213496,True
pubmed_deepres28_w128,16,R3_MOSAIC_ANCHOR,32,59,128,2049.0,23.435948361469716,4361.0,5768,393.75,95,2537.75,1.7184513841000886,True
pubmed_deepres28_w128,16,R3_MOSAIC_ANCHOR,32,55,128,2049.0,21.847070506454816,4361.0,5892,362.5,89,2500.5,1.7440511897620476,True
pubmed_deepres28_w128,16,R3_MOSAIC_ANCHOR,32,61,128,2049.0,24.23038728897716,4361.0,6264,465.0,104,2618.0,1.6657754010695187,True
pubmed_deepres28_w128,16,R3_MOSAIC_ANCHOR,32,74,128,2943.0,19.58967571144937,4361.0,6708,471.25,113,3527.25,1.236373945708413,True
pubmed_deepres28_w128,16,R3_MOSAIC_ANCHOR,32,69,128,2943.0,18.26604897418928,4361.0,6248,472.5,108,3523.5,1.2376897970767702,True
pubmed_deepres28_w128,16,R3_MOSAIC_ANCHOR,32,76,128,2943.0,20.11912640635341,4361.0,6848,573.75,123,3639.75,1.1981592142317468,True
pubmed_deepres28_w128,16,R3_MOSAIC_ANCHOR,32,75,128,2943.0,19.85440105890139,4361.0,6428,438.75,111,3492.75,1.2485863574547276,True
pubmed_deepres28_w128,16,R3_MOSAIC_ANCHOR,32,50,128,2049.0,19.860973187686195,4361.0,5940,456.25,91,2596.25,1.679730380356283,True
pubmed_deepres28_w128,16,R3_MOSAIC_ANCHOR,32,72,128,2943.0,19.06022501654533,4361.0,6980,510.0,115,3568.0,1.2222533632286996,True
pubmed_deepres28_w128,16,R3_MOSAIC_ANCHOR,32,80,128,2943.0,21.178027796161484,4361.0,6616,552.5,124,3619.5,1.2048625500759773,True
pubmed_deepres28_w128,16,R3_MOSAIC_ANCHOR,32,64,128,2311.0,25.42204568023833,4361.0,6020,386.25,98,2795.25,1.5601466773991592,True
pubmed_deepres28_w128,16,R3_MOSAIC_ANCHOR,32,52,128,2049.0,20.655412115193645,4361.0,6000,472.5,95,2616.5,1.6667303649914007,True
pubmed_deepres28_w128,16,R3_MOSAIC_ANCHOR,32,89,128,3205.0,23.56055592322965,4361.0,6736,611.25,135,3951.25,1.1037013603290098,True
pubmed_deepres28_w128,16,R3_MOSAIC_ANCHOR,32,66,128,2943.0,17.47187293183322,4361.0,7056,550.0,112,3605.0,1.2097087378640776,True
pubmed_deepres28_w128,16,R3_MOSAIC_ANCHOR,32,51,128,2049.0,20.25819265143992,4361.0,5956,463.75,94,2606.75,1.6729644192960582,True
pubmed_deepres28_w128,16,R3_MOSAIC_ANCHOR,32,94,128,3205.0,24.884182660489746,4361.0,6192,460.0,126,3791.0,1.1503561065681878,True
pubmed_deepres28_w128,16,R3_MOSAIC_ANCHOR,32,70,128,2943.0,18.530774321641296,4361.0,6908,577.5,118,3638.5,1.1985708396317163,True
pubmed_deepres28_w128,16,R3_MOSAIC_ANCHOR,32,52,128,2049.0,20.655412115193645,4361.0,5944,486.25,95,2630.25,1.6580172987358617,True
pubmed_deepres28_w128,16,R3_MOSAIC_ANCHOR,32,51,128,2049.0,20.25819265143992,4361.0,5896,467.5,93,2609.5,1.6712013795746312,True
pubmed_deepres28_w128,16,R3_MOSAIC_ANCHOR,32,93,128,3205.0,24.619457313037724,4361.0,6228,453.75,125,3783.75,1.1525602907168815,True
pubmed_deepres28_w128,16,R3_MOSAIC_ANCHOR,32,65,128,2943.0,17.207147584381204,4361.0,6604,520.0,110,3573.0,1.2205429610971172,True
pubmed_deepres28_w128,16,R3_MOSAIC_ANCHOR,32,50,128,2049.0,19.860973187686195,4361.0,5980,425.0,89,2563.0,1.7015216543113538,True
pubmed_deepres28_w128,16,R3_MOSAIC_ANCHOR,32,50,128,2049.0,19.860973187686195,4361.0,5924,466.25,92,2607.25,1.6726435899894525,True
pubmed_deepres28_w128,16,R3_MOSAIC_ANCHOR,32,91,128,3205.0,24.090006618133685,4361.0,6676,525.0,129,3859.0,1.1300855143819641,True
pubmed_deepres28_w128,16,R3_MOSAIC_ANCHOR,32,69,128,2943.0,18.26604897418928,4361.0,6932,528.75,113,3584.75,1.2165422972313271,True
pubmed_deepres28_w128,16,R3_MOSAIC_ANCHOR,32,76,128,2943.0,20.11912640635341,4361.0,6152,433.75,111,3487.75,1.2503763171098845,True
pubmed_deepres28_w128,16,R3_MOSAIC_ANCHOR,32,49,128,2049.0,19.463753723932477,4361.0,5836,463.75,92,2604.75,1.6742489682311161,True
pubmed_deepres28_w128,16,R3_MOSAIC_ANCHOR,32,76,128,2943.0,20.11912640635341,4361.0,6276,416.25,110,3469.25,1.257044029689414,True
pubmed_deepres28_w128,16,R3_MOSAIC_ANCHOR,32,90,128,3205.0,23.825281270681668,4361.0,6700,502.5,127,3834.5,1.1373060372929977,True
pubmed_deepres28_w128,16,R3_MOSAIC_ANCHOR,32,63,128,2311.0,25.02482621648461,4361.0,6336,535.0,109,2955.0,1.4758037225042302,True
pubmed_deepres28_w128,16,R3_MOSAIC_ANCHOR,32,50,128,2049.0,19.860973187686195,4361.0,6060,397.5,87,2533.5,1.7213341227550818,True
pubmed_deepres28_w128,16,R3_MOSAIC_ANCHOR,32,94,128,3205.0,24.884182660489746,4361.0,6148,528.75,131,3864.75,1.1284041658580761,True
pubmed_deepres28_w128,16,R3_MOSAIC_ANCHOR,32,68,128,2943.0,18.00132362673726,4361.0,6792,523.75,112,3578.75,1.2185819070904647,True
pubmed_deepres28_w128,16,R3_MOSAIC_ANCHOR,32,50,128,2049.0,19.860973187686195,4361.0,5752,488.75,94,2631.75,1.6570722903011303,True
pubmed_deepres28_w128,16,R3_MOSAIC_ANCHOR,32,55,128,2049.0,21.847070506454816,4361.0,6428,582.5,104,2735.5,1.5942240906598428,True
pubmed_deepres28_w128,16,R3_MOSAIC_ANCHOR,32,94,128,3205.0,24.884182660489746,4361.0,6256,515.0,131,3851.0,1.132433134250844,True
pubmed_deepres28_w128,16,R3_MOSAIC_ANCHOR,32,73,128,2943.0,19.324950363997356,4361.0,7000,463.75,111,3517.75,1.2397128846563854,True
pubmed_deepres28_w128,16,R3_MOSAIC_ANCHOR,32,63,128,2311.0,25.02482621648461,4361.0,6456,521.25,107,2939.25,1.4837118312494684,True
pubmed_deepres28_w128,16,R3_MOSAIC_ANCHOR,32,61,128,2049.0,24.23038728897716,4361.0,6516,586.25,111,2746.25,1.587983614019117,True
pubmed_deepres28_w128,16,R3_MOSAIC_ANCHOR,32,91,128,3205.0,24.090006618133685,4361.0,6332,536.25,130,3871.25,1.12650952534711,True
pubmed_deepres28_w128,16,R3_MOSAIC_ANCHOR,32,62,128,2311.0,24.627606752730884,4361.0,6356,503.75,104,2918.75,1.494132762312634,True
pubmed_deepres28_w128,16,R3_MOSAIC_ANCHOR,32,61,128,2049.0,24.23038728897716,4361.0,7112,343.75,92,2484.75,1.7551061474997485,True
pubmed_deepres28_w128,16,R3_MOSAIC_ANCHOR,32,54,128,2049.0,21.44985104270109,4361.0,6392,501.25,97,2647.25,1.6473699121730097,True
pubmed_deepres28_w128,16,R3_MOSAIC_ANCHOR,32,76,128,2943.0,20.11912640635341,4361.0,6232,507.5,116,3566.5,1.222767419038273,True
pubmed_deepres28_w128,16,R3_MOSAIC_ANCHOR,32,69,128,2943.0,18.26604897418928,4361.0,6848,536.25,114,3593.25,1.213664509844848,True
pubmed_deepres28_w128,16,R3_MOSAIC_ANCHOR,32,56,128,2049.0,22.24428997020854,4361.0,6416,558.75,105,2712.75,1.6075937701594323,True
pubmed_deepres28_w128,16,R3_MOSAIC_ANCHOR,32,58,128,2049.0,23.038728897715988,4361.0,6460,553.75,106,2708.75,1.609967697277342,True
pubmed_deepres28_w128,16,R3_MOSAIC_ANCHOR,32,89,128,3205.0,23.56055592322965,4361.0,6220,513.75,127,3845.75,1.1339790678021193,True
pubmed_deepres28_w128,16,R3_MOSAIC_ANCHOR,32,63,128,2311.0,25.02482621648461,4361.0,6152,395.0,98,2804.0,1.5552781740370898,True
pubmed_deepres28_w128,16,R3_MOSAIC_ANCHOR,32,71,128,2943.0,18.79549966909332,4361.0,7016,483.75,112,3538.75,1.23235605793006,True
pubmed_deepres28_w128,16,R3_MOSAIC_ANCHOR,32,74,128,2943.0,19.58967571144937,4361.0,6612,448.75,111,3502.75,1.2450217686103775,True
pubmed_deepres28_w128,16,R3_MOSAIC_ANCHOR,32,78,128,2943.0,20.648577101257445,4361.0,6796,522.5,119,3584.5,1.216627144650579,True
pubmed_deepres28_w128,16,R3_MOSAIC_ANCHOR,32,54,128,2049.0,21.44985104270109,4361.0,5712,335.0,86,2470.0,1.765587044534413,True
pubmed_deepres28_w128,16,R3_MOSAIC_ANCHOR,32,66,128,2943.0,17.47187293183322,4361.0,6940,502.5,108,3553.5,1.2272407485577599,True
pubmed_deepres28_w128,16,R3_MOSAIC_ANCHOR,32,61,128,2049.0,24.23038728897716,4361.0,6684,622.5,113,2784.5,1.5661698689172203,True
pubmed_deepres28_w128,16,R3_MOSAIC_ANCHOR,32,68,128,2943.0,18.00132362673726,4361.0,7148,378.75,101,3422.75,1.274121685778979,True
pubmed_deepres28_w128,16,R3_MOSAIC_ANCHOR,32,82,128,3205.0,21.70747849106552,4361.0,6120,400.0,113,3718.0,1.1729424421732113,True
pubmed_deepres28_w128,16,R3_MOSAIC_ANCHOR,32,58,128,2049.0,23.038728897715988,4361.0,6656,433.75,97,2579.75,1.69047388312821,True
pubmed_deepres28_w128,16,R3_MOSAIC_ANCHOR,32,65,128,2943.0,17.207147584381204,4361.0,6752,493.75,107,3543.75,1.2306172839506173,True
pubmed_deepres28_w128,16,R3_MOSAIC_ANCHOR,32,74,128,2943.0,19.58967571144937,4361.0,6036,380.0,105,3428.0,1.2721703617269544,True
pubmed_deepres28_w128,16,R3_MOSAIC_ANCHOR,32,60,128,2049.0,23.83316782522344,4361.0,6596,646.25,114,2809.25,1.5523716294384622,True
pubmed_deepres28_w128,16,R3_MOSAIC_ANCHOR,32,49,128,2049.0,19.463753723932477,4361.0,5640,357.5,84,2490.5,1.7510540052198353,True
pubmed_deepres28_w128,16,R3_MOSAIC_ANCHOR,32,61,128,2049.0,24.23038728897716,4361.0,6824,583.75,111,2743.75,1.5894305239179956,True
pubmed_deepres28_w128,16,R3_MOSAIC_ANCHOR,32,81,128,2943.0,21.4427531436135,4361.0,6312,538.75,121,3602.75,1.2104642287141767,True
pubmed_deepres28_w128,16,R3_MOSAIC_ANCHOR,32,68,128,2943.0,18.00132362673726,4361.0,6068,487.5,111,3541.5,1.23139912466469,True
pubmed_deepres28_w128,16,R3_MOSAIC_ANCHOR,32,72,128,2943.0,19.06022501654533,4361.0,7028,390.0,104,3437.0,1.2688391038696538,True
pubmed_deepres28_w128,16,R3_MOSAIC_ANCHOR,32,61,128,2049.0,24.23038728897716,4361.0,6712,651.25,116,2816.25,1.5485130936529072,True
pubmed_deepres28_w128,16,R3_MOSAIC_ANCHOR,32,90,128,3205.0,23.825281270681668,4361.0,6540,507.5,128,3840.5,1.1355292279651088,True
pubmed_deepres28_w128,16,R3_MOSAIC_ANCHOR,32,57,128,2049.0,22.641509433962263,4361.0,6992,482.5,99,2630.5,1.6578597224862193,True
pubmed_deepres28_w128,16,R3_MOSAIC_ANCHOR,32,61,128,2049.0,24.23038728897716,4361.0,6996,391.25,96,2536.25,1.719467718087728,True
pubmed_deepres28_w128,16,R3_MOSAIC_ANCHOR,32,63,128,2311.0,25.02482621648461,4361.0,6560,576.25,111,2998.25,1.4545151338280664,True
pubmed_deepres28_w128,16,R3_MOSAIC_ANCHOR,32,92,128,3205.0,24.354731965585703,4361.0,6604,552.5,132,3889.5,1.1212238076873635,True
pubmed_deepres28_w128,16,R3_MOSAIC_ANCHOR,32,68,128,2943.0,18.00132362673726,4361.0,6508,393.75,101,3437.75,1.2685622863791723,True
pubmed_deepres28_w128,16,R3_MOSAIC_ANCHOR,32,61,128,2049.0,24.23038728897716,4361.0,7148,328.75,90,2467.75,1.7671968392260156,True
pubmed_deepres28_w128,16,R3_MOSAIC_ANCHOR,32,63,128,2311.0,25.02482621648461,4361.0,6668,627.5,115,3053.5,1.4281971508105453,True
pubmed_deepres28_w128,16,R3_MOSAIC_ANCHOR,32,71,128,2943.0,18.79549966909332,4361.0,6728,542.5,116,3601.5,1.2108843537414966,True
pubmed_deepres28_w128,16,R3_MOSAIC_ANCHOR,32,67,128,2943.0,17.736598279285243,4361.0,7136,373.75,100,3416.75,1.276359113192361,True
pubmed_deepres28_w128,16,R3_MOSAIC_ANCHOR,32,85,128,3205.0,22.501654533421576,4361.0,6392,482.5,122,3809.5,1.1447696548103425,True
pubmed_deepres28_w128,16,R3_MOSAIC_ANCHOR,32,65,128,2943.0,17.207147584381204,4361.0,6708,621.25,117,3681.25,1.1846519524617996,True
pubmed_deepres28_w128,16,R3_MOSAIC_ANCHOR,32,92,128,3205.0,24.354731965585703,4361.0,6704,571.25,135,3911.25,1.1149888143176734,True
pubmed_deepres28_w128,16,R3_MOSAIC_ANCHOR,32,77,128,2943.0,20.383851753805427,4361.0,6428,430.0,111,3484.0,1.2517221584385763,True
pubmed_deepres28_w128,16,R3_MOSAIC_ANCHOR,32,60,128,2049.0,23.83316782522344,4361.0,7112,342.5,92,2483.5,1.7559895309039661,True
pubmed_deepres28_w128,16,R3_MOSAIC_ANCHOR,32,62,128,2311.0,24.627606752730884,4361.0,7080,315.0,90,2716.0,1.6056701030927836,True
pubmed_deepres28_w128,16,R3_MOSAIC_ANCHOR,32,93,128,3205.0,24.619457313037724,4361.0,6408,560.0,134,3899.0,1.118491921005386,True
pubmed_deepres28_w128,16,R3_MOSAIC_ANCHOR,32,77,128,2943.0,20.383851753805427,4361.0,6636,461.25,113,3517.25,1.2398891179188287,True
pubmed_deepres28_w128,16,R3_MOSAIC_ANCHOR,32,61,128,2049.0,24.23038728897716,4361.0,6552,618.75,113,2780.75,1.5682819383259912,True
pubmed_deepres28_w128,16,R3_MOSAIC_ANCHOR,32,65,128,2943.0,17.207147584381204,4361.0,6400,501.25,106,3550.25,1.2283641997042463,True
pubmed_deepres28_w128,16,R3_MOSAIC_ANCHOR,32,87,128,3205.0,23.03110522832561,4361.0,6528,518.75,125,3848.75,1.1330951607664825,True
pubmed_deepres28_w128,16,R3_MOSAIC_ANCHOR,32,59,128,2049.0,23.435948361469716,4361.0,6564,650.0,113,2812.0,1.5508534850640114,True
pubmed_deepres28_w128,16,R3_MOSAIC_ANCHOR,32,71,128,2943.0,18.79549966909332,4361.0,7060,465.0,109,3517.0,1.2399772533409155,True
pubmed_deepres28_w128,16,R3_MOSAIC_ANCHOR,32,65,128,2943.0,17.207147584381204,4361.0,6792,632.5,117,3692.5,1.181042654028436,True
pubmed_deepres28_w128,16,R3_MOSAIC_ANCHOR,32,79,128,2943.0,20.913302448709462,4361.0,6132,465.0,114,3522.0,1.2382169222032935,True
pubmed_deepres28_w128,16,R3_MOSAIC_ANCHOR,32,53,128,2049.0,21.05263157894737,4361.0,6404,548.75,101,2698.75,1.6159333024548401,True
pubmed_deepres28_w128,16,R3_MOSAIC_ANCHOR,32,69,128,2943.0,18.26604897418928,4361.0,6900,408.75,104,3455.75,1.2619547131592275,True
pubmed_deepres28_w128,16,R3_MOSAIC_ANCHOR,32,54,128,2049.0,21.44985104270109,4361.0,6424,626.25,106,2781.25,1.568,True
pubmed_deepres28_w128,16,R3_MOSAIC_ANCHOR,32,92,128,3205.0,24.354731965585703,4361.0,6632,520.0,130,3855.0,1.1312581063553826,True
pubmed_deepres28_w128,16,R3_MOSAIC_ANCHOR,32,63,128,2311.0,25.02482621648461,4361.0,6828,608.75,114,3033.75,1.4374948496085702,True
pubmed_deepres28_w128,16,R3_MOSAIC_ANCHOR,32,63,128,2311.0,25.02482621648461,4361.0,7060,428.75,100,2839.75,1.5356985650145258,True
pubmed_deepres28_w128,16,R3_MOSAIC_ANCHOR,32,53,128,2049.0,21.05263157894737,4361.0,6332,510.0,98,2657.0,1.6413248024087317,True
pubmed_deepres28_w128,16,R3_MOSAIC_ANCHOR,32,67,128,2943.0,17.736598279285243,4361.0,6944,502.5,110,3555.5,1.226550414850232,True
pubmed_deepres28_w128,16,R3_MOSAIC_ANCHOR,32,83,128,3205.0,21.972203838517537,4361.0,6472,530.0,124,3859.0,1.1300855143819641,True
pubmed_deepres28_w128,16,R3_MOSAIC_ANCHOR,32,57,128,2049.0,22.641509433962263,4361.0,6548,711.25,116,2876.25,1.5162103433289873,True
pubmed_deepres28_w128,16,R3_MOSAIC_ANCHOR,32,63,128,2311.0,25.02482621648461,4361.0,6772,523.75,108,2942.75,1.4819471582703254,True
pubmed_deepres28_w128,16,R3_MOSAIC_ANCHOR,32,69,128,2943.0,18.26604897418928,4361.0,6260,500.0,112,3555.0,1.2267229254571026,True
pubmed_deepres28_w128,16,R3_MOSAIC_ANCHOR,32,50,128,2049.0,19.860973187686195,4361.0,5752,348.75,83,2480.75,1.7579361080318452,True
pubmed_deepres28_w128,16,R3_MOSAIC_ANCHOR,32,69,128,2943.0,18.26604897418928,4361.0,6624,416.25,104,3463.25,1.2592218292066701,True
pubmed_deepres28_w128,16,R3_MOSAIC_ANCHOR,32,73,128,2943.0,19.324950363997356,4361.0,6568,515.0,115,3573.0,1.2205429610971172,True
pubmed_deepres28_w128,16,R3_MOSAIC_ANCHOR,32,51,128,2049.0,20.25819265143992,4361.0,5868,473.75,94,2616.75,1.6665711283080156,True
pubmed_deepres28_w128,16,R3_MOSAIC_ANCHOR,32,89,128,3205.0,23.56055592322965,4361.0,6908,530.0,128,3863.0,1.1289153507636551,True
pubmed_deepres28_w128,16,R3_MOSAIC_ANCHOR,32,68,128,2943.0,18.00132362673726,4361.0,6624,650.0,121,3714.0,1.1742057081313948,True
pubmed_deepres28_w128,16,R3_MOSAIC_ANCHOR,32,54,128,2049.0,21.44985104270109,4361.0,5940,508.75,100,2657.75,1.6408616310789201,True
pubmed_deepres28_w128,16,R3_MOSAIC_ANCHOR,32,80,128,2943.0,21.178027796161484,4361.0,6328,457.5,116,3516.5,1.240153561780179,True
pubmed_deepres28_w128,16,R3_MOSAIC_ANCHOR,32,70,128,2943.0,18.530774321641296,4361.0,6820,467.5,110,3520.5,1.2387444965203807,True
pubmed_deepres28_w128,16,R3_MOSAIC_ANCHOR,32,63,128,2311.0,25.02482621648461,4361.0,5988,357.5,94,2762.5,1.5786425339366517,True
pubmed_deepres28_w128,16,R3_MOSAIC_ANCHOR,32,59,128,2049.0,23.435948361469716,4361.0,6740,385.0,94,2528.0,1.7250791139240507,True
pubmed_deepres28_w128,16,R3_MOSAIC_ANCHOR,32,54,128,2049.0,21.44985104270109,4361.0,5828,552.5,103,2704.5,1.6124976890367906,True
pubmed_deepres28_w128,16,R3_MOSAIC_ANCHOR,32,63,128,2311.0,25.02482621648461,4361.0,7108,362.5,96,2769.5,1.5746524643437443,True
pubmed_deepres28_w128,16,R3_MOSAIC_ANCHOR,32,73,128,2943.0,19.324950363997356,4361.0,5780,330.0,100,3373.0,1.292914319596798,True
pubmed_deepres28_w128,16,R3_MOSAIC_ANCHOR,32,67,128,2943.0,17.736598279285243,4361.0,6128,460.0,106,3509.0,1.2428042177258478,True
pubmed_deepres28_w128,16,R3_MOSAIC_ANCHOR,32,71,128,2943.0,18.79549966909332,4361.0,7004,387.5,103,3433.5,1.2701325178389398,True
pubmed_deepres28_w128,16,R3_MOSAIC_ANCHOR,32,68,128,2943.0,18.00132362673726,4361.0,5908,322.5,95,3360.5,1.297723553042702,True
pubmed_deepres28_w128,16,R3_MOSAIC_ANCHOR,32,59,128,2049.0,23.435948361469716,4361.0,6256,492.5,104,2645.5,1.6484596484596485,True
pubmed_deepres28_w128,16,R3_MOSAIC_ANCHOR,32,57,128,2049.0,22.641509433962263,4361.0,6176,471.25,100,2620.25,1.6643450052475908,True
pubmed_deepres28_w128,16,R3_MOSAIC_ANCHOR,32,68,128,2943.0,18.00132362673726,4361.0,7060,328.75,95,3366.75,1.295314472414049,True
pubmed_deepres28_w128,16,R3_MOSAIC_ANCHOR,32,63,128,2311.0,25.02482621648461,4361.0,5852,311.25,90,2712.25,1.6078901281224076,True
pubmed_deepres28_w128,16,R3_MOSAIC_ANCHOR,32,58,128,2049.0,23.038728897715988,4361.0,6676,465.0,99,2613.0,1.6689628779181018,True
pubmed_deepres28_w128,16,R3_MOSAIC_ANCHOR,32,74,128,2943.0,19.58967571144937,4361.0,6348,387.5,106,3436.5,1.269023715990106,True
pubmed_deepres28_w128,16,R3_MOSAIC_ANCHOR,32,75,128,2943.0,19.85440105890139,4361.0,6528,457.5,112,3512.5,1.2415658362989324,True
pubmed_deepres28_w128,16,R3_MOSAIC_ANCHOR,32,55,128,2049.0,21.847070506454816,4361.0,5940,503.75,101,2653.75,1.6433349034385303,True
pubmed_deepres28_w128,16,R3_MOSAIC_ANCHOR,32,63,128,2311.0,25.02482621648461,4361.0,7008,296.25,89,2696.25,1.6174316179879462,True
pubmed_deepres28_w128,16,R3_MOSAIC_ANCHOR,32,62,128,2311.0,24.627606752730884,4361.0,6424,510.0,108,2929.0,1.4889040628200751,True
pubmed_deepres28_w128,16,R3_MOSAIC_ANCHOR,32,86,128,3205.0,22.766379880873597,4361.0,6264,528.75,125,3858.75,1.1301587301587301,True
pubmed_deepres28_w128,16,R3_MOSAIC_ANCHOR,32,65,128,2943.0,17.207147584381204,4361.0,7080,378.75,99,3420.75,1.2748666228166339,True
pubmed_deepres28_w128,16,R3_MOSAIC_ANCHOR,32,53,128,2049.0,21.05263157894737,4361.0,5736,390.0,90,2529.0,1.7243969948596283,True
pubmed_deepres28_w128,16,R3_MOSAIC_ANCHOR,32,60,128,2049.0,23.83316782522344,4361.0,6860,585.0,110,2744.0,1.5892857142857142,True
pubmed_deepres28_w128,16,R3_MOSAIC_ANCHOR,32,59,128,2049.0,23.435948361469716,4361.0,6636,417.5,95,2561.5,1.7025180558266642,True
pubmed_deepres28_w128,16,R3_MOSAIC_ANCHOR,32,72,128,2943.0,19.06022501654533,4361.0,6020,500.0,113,3556.0,1.2263779527559056,True
pubmed_deepres28_w128,16,R3_MOSAIC_ANCHOR,32,59,128,2049.0,23.435948361469716,4361.0,7172,311.25,87,2447.25,1.7820002043109613,True
pubmed_deepres28_w128,16,R3_MOSAIC_ANCHOR,32,50,128,2049.0,19.860973187686195,4361.0,5424,371.25,85,2505.25,1.7407444366829659,True
pubmed_deepres28_w128,16,R3_MOSAIC_ANCHOR,32,58,128,2049.0,23.038728897715988,4361.0,6052,437.5,97,2583.5,1.6880201277336946,True
pubmed_deepres28_w128,16,R3_MOSAIC_ANCHOR,32,71,128,2943.0,18.79549966909332,4361.0,6900,397.5,103,3443.5,1.2664440249745899,True
pubmed_deepres28_w128,16,R3_MOSAIC_ANCHOR,32,70,128,2943.0,18.530774321641296,4361.0,6796,438.75,106,3487.75,1.2503763171098845,True
pubmed_deepres28_w128,16,R3_MOSAIC_ANCHOR,32,68,128,2943.0,18.00132362673726,4361.0,6660,583.75,116,3642.75,1.197172465856839,True
pubmed_deepres28_w128,16,R3_MOSAIC_ANCHOR,32,91,128,3205.0,24.090006618133685,4361.0,6804,460.0,125,3790.0,1.1506596306068602,True
pubmed_deepres28_w128,16,R3_MOSAIC_ANCHOR,32,50,128,2049.0,19.860973187686195,4361.0,5888,432.5,90,2571.5,1.695897336185106,True
pubmed_deepres28_w128,16,R3_MOSAIC_ANCHOR,32,73,128,2943.0,19.324950363997356,4361.0,6044,460.0,111,3514.0,1.2410358565737052,True
pubmed_deepres28_w128,16,R3_MOSAIC_ANCHOR,32,51,128,2049.0,20.25819265143992,4361.0,5908,462.5,93,2604.5,1.674409675561528,True
pubmed_deepres28_w128,16,R3_MOSAIC_ANCHOR,32,94,128,3205.0,24.884182660489746,4361.0,6272,495.0,129,3829.0,1.1389396709323583,True
pubmed_deepres28_w128,16,R3_MOSAIC_ANCHOR,32,68,128,2943.0,18.00132362673726,4361.0,6476,543.75,113,3599.75,1.2114730189596499,True
pubmed_deepres28_w128,16,R3_MOSAIC_ANCHOR,32,48,128,2049.0,19.06653426017875,4361.0,5812,456.25,89,2594.25,1.6810253445119012,True
pubmed_deepres28_w128,16,R3_MOSAIC_ANCHOR,32,54,128,2049.0,21.44985104270109,4361.0,5888,443.75,94,2586.75,1.6858992944814921,True
pubmed_deepres28_w128,16,R3_MOSAIC_ANCHOR,32,71,128,2943.0,18.79549966909332,4361.0,6060,423.75,106,3472.75,1.2557771218774747,True
pubmed_deepres28_w128,16,R3_MOSAIC_ANCHOR,32,52,128,2049.0,20.655412115193645,4361.0,6000,442.5,91,2582.5,1.688673765730881,True
pubmed_deepres28_w128,16,R3_MOSAIC_ANCHOR,32,74,128,2943.0,19.58967571144937,4361.0,6992,565.0,121,3629.0,1.2017084596307523,True
pubmed_deepres28_w128,16,R3_MOSAIC_ANCHOR,32,49,128,2049.0,19.463753723932477,4361.0,5776,512.5,95,2656.5,1.6416337285902503,True
pubmed_deepres28_w128,16,R3_MOSAIC_ANCHOR,32,81,128,2943.0,21.4427531436135,4361.0,6232,458.75,117,3518.75,1.239360568383659,True
pubmed_deepres28_w128,16,R3_MOSAIC_ANCHOR,32,64,128,2311.0,25.42204568023833,4361.0,6260,508.75,107,2926.75,1.4900486888186555,True
pubmed_deepres28_w128,16,R3_MOSAIC_ANCHOR,32,50,128,2049.0,19.860973187686195,4361.0,5972,428.75,89,2566.75,1.6990357455926757,True
pubmed_deepres28_w128,16,R3_MOSAIC_ANCHOR,32,67,128,2943.0,17.736598279285243,4361.0,6896,547.5,113,3603.5,1.2102122936034412,True
pubmed_deepres28_w128,16,R3_MOSAIC_ANCHOR,32,50,128,2049.0,19.860973187686195,4361.0,5888,472.5,93,2614.5,1.6680053547523428,True
pubmed_deepres28_w128,16,R3_MOSAIC_ANCHOR,32,59,128,2049.0,23.435948361469716,4361.0,6416,600.0,109,2758.0,1.5812182741116751,True
pubmed_deepres28_w128,16,R3_MOSAIC_ANCHOR,32,80,128,2943.0,21.178027796161484,4361.0,6392,498.75,119,3560.75,1.224741978515762,True
pubmed_deepres28_w128,16,R3_MOSAIC_ANCHOR,32,59,128,2049.0,23.435948361469716,4361.0,6604,667.5,117,2833.5,1.5390859361214047,True
pubmed_deepres28_w128,16,R3_MOSAIC_ANCHOR,32,91,128,3205.0,24.090006618133685,4361.0,6552,585.0,135,3925.0,1.1110828025477708,True
pubmed_deepres28_w128,16,R3_MOSAIC_ANCHOR,32,60,128,2049.0,23.83316782522344,4361.0,7108,342.5,91,2482.5,1.7566968781470291,True
pubmed_deepres28_w128,16,R3_MOSAIC_ANCHOR,32,63,128,2311.0,25.02482621648461,4361.0,6728,417.5,100,2828.5,1.5418066112780626,True
pubmed_deepres28_w128,16,R3_MOSAIC_ANCHOR,32,69,128,2943.0,18.26604897418928,4361.0,7072,372.5,101,3416.5,1.2764525098785307,True
pubmed_deepres28_w128,16,R3_MOSAIC_ANCHOR,32,93,128,3205.0,24.619457313037724,4361.0,6424,563.75,134,3902.75,1.1174172058164116,True
pubmed_deepres28_w128,16,R3_MOSAIC_ANCHOR,32,61,128,2049.0,24.23038728897716,4361.0,6584,666.25,117,2832.25,1.539765204342837,True
pubmed_deepres28_w128,16,R3_MOSAIC_ANCHOR,32,73,128,2943.0,19.324950363997356,4361.0,6344,468.75,112,3523.75,1.2376019865200425,True
pubmed_deepres28_w128,16,R3_MOSAIC_ANCHOR,32,59,128,2049.0,23.435948361469716,4361.0,6300,473.75,101,2623.75,1.662124821343497,True
pubmed_deepres28_w128,16,R3_MOSAIC_ANCHOR,32,51,128,2049.0,20.25819265143992,4361.0,5968,471.25,93,2613.25,1.6688032143882139,True
pubmed_deepres28_w128,16,R3_MOSAIC_ANCHOR,32,80,128,2943.0,21.178027796161484,4361.0,6384,475.0,117,3535.0,1.2336633663366336,True
pubmed_deepres28_w128,16,R3_MOSAIC_ANCHOR,32,66,128,2943.0,17.47187293183322,4361.0,7012,382.5,98,3423.5,1.2738425587848692,True
pubmed_deepres28_w128,16,R3_MOSAIC_ANCHOR,32,66,128,2943.0,17.47187293183322,4361.0,6248,502.5,107,3552.5,1.2275862068965517,True
pubmed_deepres28_w128,16,R3_MOSAIC_ANCHOR,32,57,128,2049.0,22.641509433962263,4361.0,6588,697.5,114,2860.5,1.5245586435937772,True
pubmed_deepres28_w128,16,R3_MOSAIC_ANCHOR,32,50,128,2049.0,19.860973187686195,4361.0,5976,442.5,91,2582.5,1.688673765730881,True
pubmed_deepres28_w128,16,R3_MOSAIC_ANCHOR,32,91,128,3205.0,24.090006618133685,4361.0,6800,408.75,120,3733.75,1.1679946434549715,True
pubmed_deepres28_w128,16,R3_MOSAIC_ANCHOR,32,60,128,2049.0,23.83316782522344,4361.0,6620,665.0,116,2830.0,1.5409893992932862,True
pubmed_deepres28_w128,16,R3_MOSAIC_ANCHOR,32,49,128,2049.0,19.463753723932477,4361.0,5936,466.25,92,2607.25,1.6726435899894525,True
pubmed_deepres28_w128,16,R3_MOSAIC_ANCHOR,32,88,128,3205.0,23.295830575777632,4361.0,6316,513.75,125,3843.75,1.134569105691057,True
pubmed_deepres28_w128,16,R3_MOSAIC_ANCHOR,32,73,128,2943.0,19.324950363997356,4361.0,6804,453.75,111,3507.75,1.2432470957166275,True
pubmed_deepres28_w128,16,R3_MOSAIC_ANCHOR,5,48,128,1617.0,3.7926675094816686,3497.0,924,72.5,32,1721.5,2.0313679930293347,True
pubmed_deepres28_w128,20,R3_MOSAIC_ANCHOR,32,59,128,2049.0,23.435948361469716,4361.0,5520,338.75,90,2477.75,1.7600645747149632,True
pubmed_deepres28_w128,20,R3_MOSAIC_ANCHOR,32,85,128,3205.0,22.501654533421576,4361.0,6484,493.75,123,3821.75,1.1411002812847517,True
pubmed_deepres28_w128,20,R3_MOSAIC_ANCHOR,32,58,128,2049.0,23.038728897715988,4361.0,5484,417.5,96,2562.5,1.7018536585365853,True
pubmed_deepres28_w128,20,R3_MOSAIC_ANCHOR,32,75,128,2943.0,19.85440105890139,4361.0,5924,566.25,121,3630.25,1.2012946766751602,True
pubmed_deepres28_w128,20,R3_MOSAIC_ANCHOR,32,57,128,2049.0,22.641509433962263,4361.0,6384,510.0,102,2661.0,1.638857572341225,True
pubmed_deepres28_w128,20,R3_MOSAIC_ANCHOR,32,58,128,2049.0,23.038728897715988,4361.0,5548,388.75,92,2529.75,1.7238857594623975,True
pubmed_deepres28_w128,20,R3_MOSAIC_ANCHOR,32,74,128,2943.0,19.58967571144937,4361.0,6232,535.0,118,3596.0,1.2127363737486097,True
pubmed_deepres28_w128,20,R3_MOSAIC_ANCHOR,32,82,128,3205.0,21.70747849106552,4361.0,6716,545.0,124,3874.0,1.1257098606091895,True
pubmed_deepres28_w128,20,R3_MOSAIC_ANCHOR,32,60,128,2049.0,23.83316782522344,4361.0,6612,575.0,111,2735.0,1.5945155393053017,True
pubmed_deepres28_w128,20,R3_MOSAIC_ANCHOR,32,45,128,2049.0,17.874875868917577,4361.0,5376,297.5,75,2421.5,1.800949824488953,True
pubmed_deepres28_w128,20,R3_MOSAIC_ANCHOR,32,69,128,2943.0,18.26604897418928,4361.0,6012,561.25,116,3620.25,1.2046129410952282,True
pubmed_deepres28_w128,20,R3_MOSAIC_ANCHOR,32,65,128,2943.0,17.207147584381204,4361.0,6312,476.25,106,3525.25,1.2370753847244875,True
pubmed_deepres28_w128,20,R3_MOSAIC_ANCHOR,32,63,128,2311.0,25.02482621648461,4361.0,6260,476.25,105,2892.25,1.5078226294407469,True
pubmed_deepres28_w128,20,R3_MOSAIC_ANCHOR,32,44,128,2049.0,17.477656405163852,4361.0,5364,331.25,77,2457.25,1.7747481941194425,True
pubmed_deepres28_w128,20,R3_MOSAIC_ANCHOR,32,70,128,2943.0,18.530774321641296,4361.0,6476,476.25,110,3529.25,1.2356733016929942,True
pubmed_deepres28_w128,20,R3_MOSAIC_ANCHOR,32,74,128,2943.0,19.58967571144937,4361.0,6152,596.25,122,3661.25,1.19112325025606,True
pubmed_deepres28_w128,20,R3_MOSAIC_ANCHOR,32,53,128,2049.0,21.05263157894737,4361.0,6272,386.25,89,2524.25,1.727641873823908,True
pubmed_deepres28_w128,20,R3_MOSAIC_ANCHOR,32,43,128,2049.0,17.080436941410127,4361.0,5384,297.5,73,2419.5,1.8024385203554454,True
pubmed_deepres28_w128,20,R3_MOSAIC_ANCHOR,32,77,128,2943.0,20.383851753805427,4361.0,6072,547.5,121,3611.5,1.2075314966080577,True
pubmed_deepres28_w128,20,R3_MOSAIC_ANCHOR,32,68,128,2943.0,18.00132362673726,4361.0,6540,580.0,116,3639.0,1.1984061555372354,True
pubmed_deepres28_w128,20,R3_MOSAIC_ANCHOR,32,55,128,2049.0,21.847070506454816,4361.0,6268,431.25,95,2575.25,1.693427822541501,True
pubmed_deepres28_w128,20,R3_MOSAIC_ANCHOR,32,57,128,2049.0,22.641509433962263,4361.0,5512,415.0,95,2559.0,1.7041813208284486,True
pubmed_deepres28_w128,20,R3_MOSAIC_ANCHOR,32,75,128,2943.0,19.85440105890139,4361.0,6196,552.5,120,3615.5,1.2061955469506291,True
pubmed_deepres28_w128,20,R3_MOSAIC_ANCHOR,32,83,128,3205.0,21.972203838517537,4361.0,6708,516.25,122,3843.25,1.1347167111168932,True
pubmed_deepres28_w128,20,R3_MOSAIC_ANCHOR,32,54,128,2049.0,21.44985104270109,4361.0,6232,303.75,83,2435.75,1.790413630298676,True
pubmed_deepres28_w128,20,R3_MOSAIC_ANCHOR,32,67,128,2943.0,17.736598279285243,4361.0,6292,562.5,113,3618.5,1.2051955230067708,True
pubmed_deepres28_w128,20,R3_MOSAIC_ANCHOR,32,87,128,3205.0,23.03110522832561,4361.0,6400,551.25,129,3885.25,1.1224502927739528,True
pubmed_deepres28_w128,20,R3_MOSAIC_ANCHOR,32,43,128,2049.0,17.080436941410127,4361.0,5328,247.5,69,2365.5,1.8435848657789051,True
pubmed_deepres28_w128,20,R3_MOSAIC_ANCHOR,32,53,128,2049.0,21.05263157894737,4361.0,6220,320.0,83,2452.0,1.7785481239804242,True
pubmed_deepres28_w128,20,R3_MOSAIC_ANCHOR,32,60,128,2049.0,23.83316782522344,4361.0,5664,535.0,107,2691.0,1.6205871423262728,True
pubmed_deepres28_w128,20,R3_MOSAIC_ANCHOR,32,80,128,2943.0,21.178027796161484,4361.0,6520,530.0,121,3594.0,1.213411240957151,True
pubmed_deepres28_w128,20,R3_MOSAIC_ANCHOR,32,76,128,2943.0,20.11912640635341,4361.0,6596,480.0,113,3536.0,1.233314479638009,True
pubmed_deepres28_w128,20,R3_MOSAIC_ANCHOR,32,57,128,2049.0,22.641509433962263,4361.0,6216,340.0,88,2477.0,1.7605974969721436,True
pubmed_deepres28_w128,20,R3_MOSAIC_ANCHOR,32,70,128,2943.0,18.530774321641296,4361.0,5988,575.0,117,3635.0,1.1997248968363137,True
pubmed_deepres28_w128,20,R3_MOSAIC_ANCHOR,32,81,128,2943.0,21.4427531436135,4361.0,5804,440.0,115,3498.0,1.2467124070897655,True
pubmed_deepres28_w128,20,R3_MOSAIC_ANCHOR,32,70,128,2943.0,18.530774321641296,4361.0,6744,518.75,114,3575.75,1.2196042788226247,True
pubmed_deepres28_w128,20,R3_MOSAIC_ANCHOR,32,69,128,2943.0,18.26604897418928,4361.0,6548,571.25,115,3629.25,1.2016256802369636,True
pubmed_deepres28_w128,20,R3_MOSAIC_ANCHOR,32,86,128,3205.0,22.766379880873597,4361.0,6080,525.0,126,3856.0,1.1309647302904564,True
pubmed_deepres28_w128,20,R3_MOSAIC_ANCHOR,32,56,128,2049.0,22.24428997020854,4361.0,6228,326.25,87,2462.25,1.771144278606965,True
pubmed_deepres28_w128,20,R3_MOSAIC_ANCHOR,32,67,128,2943.0,17.736598279285243,4361.0,5792,513.75,111,3567.75,1.2223390091794548,True
pubmed_deepres28_w128,20,R3_MOSAIC_ANCHOR,32,64,128,2311.0,25.42204568023833,4361.0,6308,447.5,102,2860.5,1.5245586435937772,True
pubmed_deepres28_w128,20,R3_MOSAIC_ANCHOR,32,72,128,2943.0,19.06022501654533,4361.0,6184,458.75,109,3510.75,1.2421847183650216,True
pubmed_deepres28_w128,20,R3_MOSAIC_ANCHOR,32,70,128,2943.0,18.530774321641296,4361.0,5884,537.5,115,3595.5,1.212905020164094,True
pubmed_deepres28_w128,20,R3_MOSAIC_ANCHOR,32,82,128,3205.0,21.70747849106552,4361.0,6664,568.75,125,3898.75,1.1185636421930105,True
pubmed_deepres28_w128,20,R3_MOSAIC_ANCHOR,32,62,128,2311.0,24.627606752730884,4361.0,6528,547.5,109,2967.5,1.4695871946082562,True
pubmed_deepres28_w128,20,R3_MOSAIC_ANCHOR,32,78,128,2943.0,20.648577101257445,4361.0,6040,550.0,122,3615.0,1.2063623789764868,True
pubmed_deepres28_w128,20,R3_MOSAIC_ANCHOR,32,79,128,2943.0,20.913302448709462,4361.0,6000,497.5,117,3557.5,1.2258608573436403,True
pubmed_deepres28_w128,20,R3_MOSAIC_ANCHOR,32,43,128,2049.0,17.080436941410127,4361.0,5364,202.5,65,2316.5,1.8825814806820635,True
pubmed_deepres28_w128,20,R3_MOSAIC_ANCHOR,32,43,128,2049.0,17.080436941410127,4361.0,5372,310.0,74,2433.0,1.7924373201808468,True
pubmed_deepres28_w128,20,R3_MOSAIC_ANCHOR,32,85,128,3205.0,22.501654533421576,4361.0,6576,556.25,127,3888.25,1.1215842602713302,True
pubmed_deepres28_w128,20,R3_MOSAIC_ANCHOR,32,63,128,2311.0,25.02482621648461,4361.0,6180,625.0,115,3051.0,1.429367420517863,True
pubmed_deepres28_w128,20,R3_MOSAIC_ANCHOR,32,68,128,2943.0,18.00132362673726,4361.0,5956,493.75,109,3545.75,1.2299231474300218,True
pubmed_deepres28_w128,20,R3_MOSAIC_ANCHOR,32,62,128,2311.0,24.627606752730884,4361.0,5600,367.5,94,2772.5,1.5729486023444545,True
pubmed_deepres28_w128,20,R3_MOSAIC_ANCHOR,32,71,128,2943.0,18.79549966909332,4361.0,6344,540.0,116,3599.0,1.2117254792998056,True
pubmed_deepres28_w128,20,R3_MOSAIC_ANCHOR,32,55,128,2049.0,21.847070506454816,4361.0,5488,367.5,88,2504.5,1.7412657217009384,True
pubmed_deepres28_w128,20,R3_MOSAIC_ANCHOR,32,68,128,2943.0,18.00132362673726,4361.0,5616,490.0,109,3542.0,1.2312252964426877,True
pubmed_deepres28_w128,20,R3_MOSAIC_ANCHOR,32,54,128,2049.0,21.44985104270109,4361.0,6244,355.0,88,2492.0,1.75,True
pubmed_deepres28_w128,20,R3_MOSAIC_ANCHOR,32,78,128,2943.0,20.648577101257445,4361.0,5832,488.75,116,3547.75,1.2292297935311112,True
pubmed_deepres28_w128,20,R3_MOSAIC_ANCHOR,32,80,128,2943.0,21.178027796161484,4361.0,6584,528.75,120,3591.75,1.2141713649335282,True
pubmed_deepres28_w128,20,R3_MOSAIC_ANCHOR,32,72,128,2943.0,19.06022501654533,4361.0,6228,293.75,95,3331.75,1.3089217378254672,True
pubmed_deepres28_w128,20,R3_MOSAIC_ANCHOR,32,68,128,2943.0,18.00132362673726,4361.0,6360,331.25,96,3370.25,1.2939692901120095,True
pubmed_deepres28_w128,20,R3_MOSAIC_ANCHOR,32,85,128,3205.0,22.501654533421576,4361.0,6268,467.5,120,3792.5,1.149901120632828,True
pubmed_deepres28_w128,20,R3_MOSAIC_ANCHOR,32,64,128,2311.0,25.42204568023833,4361.0,6308,551.25,112,2974.25,1.4662519963015885,True
pubmed_deepres28_w128,20,R3_MOSAIC_ANCHOR,32,53,128,2049.0,21.05263157894737,4361.0,6260,317.5,83,2449.5,1.780363339457032,True
pubmed_deepres28_w128,20,R3_MOSAIC_ANCHOR,32,57,128,2049.0,22.641509433962263,4361.0,6344,585.0,108,2742.0,1.5904449307075128,True
pubmed_deepres28_w128,20,R3_MOSAIC_ANCHOR,32,87,128,3205.0,23.03110522832561,4361.0,6484,535.0,127,3867.0,1.1277476079648305,True
pubmed_deepres28_w128,20,R3_MOSAIC_ANCHOR,32,66,128,2943.0,17.47187293183322,4361.0,6756,471.25,105,3519.25,1.2391844853306813,True
pubmed_deepres28_w128,20,R3_MOSAIC_ANCHOR,32,57,128,2049.0,22.641509433962263,4361.0,6236,303.75,85,2437.75,1.7889447236180904,True
pubmed_deepres28_w128,20,R3_MOSAIC_ANCHOR,32,59,128,2049.0,23.435948361469716,4361.0,6328,516.25,104,2669.25,1.6337922637444975,True
pubmed_deepres28_w128,20,R3_MOSAIC_ANCHOR,32,87,128,3205.0,23.03110522832561,4361.0,6316,523.75,127,3855.75,1.1310380600401997,True
pubmed_deepres28_w128,20,R3_MOSAIC_ANCHOR,32,60,128,2049.0,23.83316782522344,4361.0,6252,387.5,95,2531.5,1.7226940549081573,True
pubmed_deepres28_w128,20,R3_MOSAIC_ANCHOR,32,51,128,2049.0,20.25819265143992,4361.0,6236,341.25,83,2473.25,1.7632669564338421,True
pubmed_deepres28_w128,20,R3_MOSAIC_ANCHOR,32,55,128,2049.0,21.847070506454816,4361.0,6224,495.0,99,2643.0,1.6500189178963298,True
pubmed_deepres28_w128,20,R3_MOSAIC_ANCHOR,32,64,128,2311.0,25.42204568023833,4361.0,5920,406.25,98,2815.25,1.5490631382648077,True
pubmed_deepres28_w128,20,R3_MOSAIC_ANCHOR,32,84,128,3205.0,22.23692918596956,4361.0,6252,498.75,120,3823.75,1.140503432494279,True
pubmed_deepres28_w128,20,R3_MOSAIC_ANCHOR,32,60,128,2049.0,23.83316782522344,4361.0,6560,542.5,107,2698.5,1.616083009079118,True
pubmed_deepres28_w128,20,R3_MOSAIC_ANCHOR,32,67,128,2943.0,17.736598279285243,4361.0,6508,516.25,110,3569.25,1.2218253134411992,True
pubmed_deepres28_w128,20,R3_MOSAIC_ANCHOR,32,83,128,3205.0,21.972203838517537,4361.0,5944,482.5,121,3808.5,1.1450702376263622,True
pubmed_deepres28_w128,20,R3_MOSAIC_ANCHOR,32,85,128,3205.0,22.501654533421576,4361.0,5984,460.0,119,3784.0,1.1524841437632136,True
pubmed_deepres28_w128,20,R3_MOSAIC_ANCHOR,32,54,128,2049.0,21.44985104270109,4361.0,6212,326.25,85,2460.25,1.7725840869830303,True
pubmed_deepres28_w128,20,R3_MOSAIC_ANCHOR,32,64,128,2311.0,25.42204568023833,4361.0,6660,533.75,109,2953.75,1.4764282691493864,True
pubmed_deepres28_w128,20,R3_MOSAIC_ANCHOR,32,46,128,2049.0,18.272095332671302,4361.0,5396,286.25,75,2410.25,1.8093558759464785,True
pubmed_deepres28_w128,20,R3_MOSAIC_ANCHOR,32,85,128,3205.0,22.501654533421576,4361.0,6168,588.75,130,3923.75,1.111436763300414,True
pubmed_deepres28_w128,20,R3_MOSAIC_ANCHOR,32,65,128,2943.0,17.207147584381204,4361.0,6384,482.5,107,3532.5,1.2345364472753009,True
pubmed_deepres28_w128,20,R3_MOSAIC_ANCHOR,32,54,128,2049.0,21.44985104270109,4361.0,6288,377.5,89,2515.5,1.7336513615583382,True
pubmed_deepres28_w128,20,R3_MOSAIC_ANCHOR,32,48,128,2049.0,19.06653426017875,4361.0,5380,288.75,77,2414.75,1.80598405632053,True
pubmed_deepres28_w128,20,R3_MOSAIC_ANCHOR,32,64,128,2311.0,25.42204568023833,4361.0,6616,471.25,104,2886.25,1.510957124296232,True
pubmed_deepres28_w128,20,R3_MOSAIC_ANCHOR,32,86,128,3205.0,22.766379880873597,4361.0,6396,563.75,129,3897.75,1.1188506189468284,True
pubmed_deepres28_w128,20,R3_MOSAIC_ANCHOR,32,55,128,2049.0,21.847070506454816,4361.0,6276,302.5,83,2434.5,1.79133292257137,True
pubmed_deepres28_w128,20,R3_MOSAIC_ANCHOR,32,86,128,3205.0,22.766379880873597,4361.0,6128,457.5,121,3783.5,1.15263644773358,True
pubmed_deepres28_w128,20,R3_MOSAIC_ANCHOR,32,53,128,2049.0,21.05263157894737,4361.0,6292,467.5,96,2612.5,1.6692822966507177,True
pubmed_deepres28_w128,20,R3_MOSAIC_ANCHOR,32,69,128,2943.0,18.26604897418928,4361.0,6688,495.0,111,3549.0,1.2287968441814596,True
pubmed_deepres28_w128,20,R3_MOSAIC_ANCHOR,32,58,128,2049.0,23.038728897715988,4361.0,6340,448.75,98,2595.75,1.6800539343157084,True
pubmed_deepres28_w128,20,R3_MOSAIC_ANCHOR,32,82,128,3205.0,21.70747849106552,4361.0,6164,456.25,118,3779.25,1.1539326585962824,True
pubmed_deepres28_w128,20,R3_MOSAIC_ANCHOR,32,76,128,2943.0,20.11912640635341,4361.0,6104,548.75,121,3612.75,1.2071136945540102,True
pubmed_deepres28_w128,20,R3_MOSAIC_ANCHOR,32,66,128,2943.0,17.47187293183322,4361.0,6684,562.5,112,3617.5,1.2055286800276435,True
pubmed_deepres28_w128,20,R3_MOSAIC_ANCHOR,32,56,128,2049.0,22.24428997020854,4361.0,6268,403.75,94,2546.75,1.712378521645234,True
pubmed_deepres28_w128,20,R3_MOSAIC_ANCHOR,32,77,128,2943.0,20.383851753805427,4361.0,6196,575.0,124,3642.0,1.1974190005491487,True
pubmed_deepres28_w128,20,R3_MOSAIC_ANCHOR,32,69,128,2943.0,18.26604897418928,4361.0,6460,485.0,109,3537.0,1.2329657902176987,True
pubmed_deepres28_w128,20,R3_MOSAIC_ANCHOR,32,65,128,2943.0,17.207147584381204,4361.0,6716,517.5,109,3569.5,1.221739739459308,True
pubmed_deepres28_w128,20,R3_MOSAIC_ANCHOR,32,55,128,2049.0,21.847070506454816,4361.0,6220,441.25,95,2585.25,1.6868774780001934,True
pubmed_deepres28_w128,20,R3_MOSAIC_ANCHOR,32,86,128,3205.0,22.766379880873597,4361.0,6264,647.5,136,3988.5,1.0933935063307008,True
pubmed_deepres28_w128,20,R3_MOSAIC_ANCHOR,32,60,128,2049.0,23.83316782522344,4361.0,6556,558.75,108,2715.75,1.6058179140200681,True
pubmed_deepres28_w128,20,R3_MOSAIC_ANCHOR,32,55,128,2049.0,21.847070506454816,4361.0,5816,366.25,89,2504.25,1.7414395527603075,True
pubmed_deepres28_w128,20,R3_MOSAIC_ANCHOR,32,85,128,3205.0,22.501654533421576,4361.0,6044,510.0,123,3838.0,1.1362688900468993,True
pubmed_deepres28_w128,20,R3_MOSAIC_ANCHOR,32,54,128,2049.0,21.44985104270109,4361.0,6236,411.25,93,2553.25,1.7080191912268676,True
pubmed_deepres28_w128,20,R3_MOSAIC_ANCHOR,32,74,128,2943.0,19.58967571144937,4361.0,6632,546.25,118,3607.25,1.2089541894795204,True
pubmed_deepres28_w128,20,R3_MOSAIC_ANCHOR,32,58,128,2049.0,23.038728897715988,4361.0,6572,535.0,104,2688.0,1.6223958333333333,True
pubmed_deepres28_w128,20,R3_MOSAIC_ANCHOR,32,62,128,2311.0,24.627606752730884,4361.0,6220,322.5,90,2723.5,1.6012483936111621,True
pubmed_deepres28_w128,20,R3_MOSAIC_ANCHOR,32,85,128,3205.0,22.501654533421576,4361.0,5944,507.5,124,3836.5,1.1367131500065164,True
pubmed_deepres28_w128,20,R3_MOSAIC_ANCHOR,32,73,128,2943.0,19.324950363997356,4361.0,6272,533.75,115,3591.75,1.2141713649335282,True
pubmed_deepres28_w128,20,R3_MOSAIC_ANCHOR,32,60,128,2049.0,23.83316782522344,4361.0,6572,586.25,111,2746.25,1.587983614019117,True
pubmed_deepres28_w128,20,R3_MOSAIC_ANCHOR,32,53,128,2049.0,21.05263157894737,4361.0,6248,348.75,86,2483.75,1.7558127830900856,True
pubmed_deepres28_w128,20,R3_MOSAIC_ANCHOR,32,78,128,2943.0,20.648577101257445,4361.0,6292,323.75,103,3369.75,1.2941612879293716,True
pubmed_deepres28_w128,20,R3_MOSAIC_ANCHOR,32,56,128,2049.0,22.24428997020854,4361.0,6324,475.0,98,2622.0,1.6632341723874904,True
pubmed_deepres28_w128,20,R3_MOSAIC_ANCHOR,32,53,128,2049.0,21.05263157894737,4361.0,6256,355.0,87,2491.0,1.7507025291047773,True
pubmed_deepres28_w128,20,R3_MOSAIC_ANCHOR,32,57,128,2049.0,22.641509433962263,4361.0,6252,451.25,98,2598.25,1.6784374097950543,True
pubmed_deepres28_w128,20,R3_MOSAIC_ANCHOR,32,89,128,3205.0,23.56055592322965,4361.0,6152,502.5,126,3833.5,1.137602712925525,True
pubmed_deepres28_w128,20,R3_MOSAIC_ANCHOR,32,52,128,2049.0,20.655412115193645,4361.0,6152,648.75,108,2805.75,1.5543081172592,True
pubmed_deepres28_w128,20,R3_MOSAIC_ANCHOR,32,60,128,2049.0,23.83316782522344,4361.0,6512,581.25,111,2741.25,1.5908800729594164,True
pubmed_deepres28_w128,20,R3_MOSAIC_ANCHOR,32,69,128,2943.0,18.26604897418928,4361.0,6372,490.0,111,3544.0,1.230530474040632,True
pubmed_deepres28_w128,20,R3_MOSAIC_ANCHOR,32,76,128,2943.0,20.11912640635341,4361.0,6276,625.0,126,3694.0,1.1805630752571739,True
pubmed_deepres28_w128,20,R3_MOSAIC_ANCHOR,32,68,128,2943.0,18.00132362673726,4361.0,5704,481.25,108,3532.25,1.2346238233420623,True
pubmed_deepres28_w128,20,R3_MOSAIC_ANCHOR,32,53,128,2049.0,21.05263157894737,4361.0,5436,327.5,84,2460.5,1.7724039829302987,True
pubmed_deepres28_w128,20,R3_MOSAIC_ANCHOR,32,85,128,3205.0,22.501654533421576,4361.0,6172,512.5,124,3841.5,1.1352336326955617,True
pubmed_deepres28_w128,20,R3_MOSAIC_ANCHOR,32,65,128,2943.0,17.207147584381204,4361.0,6384,563.75,113,3619.75,1.2047793355894745,True
pubmed_deepres28_w128,20,R3_MOSAIC_ANCHOR,32,48,128,2049.0,19.06653426017875,4361.0,5392,347.5,83,2479.5,1.7588223432143577,True
pubmed_deepres28_w128,20,R3_MOSAIC_ANCHOR,32,70,128,2943.0,18.530774321641296,4361.0,5864,425.0,105,3473.0,1.255686726173337,True
pubmed_deepres28_w128,20,R3_MOSAIC_ANCHOR,32,53,128,2049.0,21.05263157894737,4361.0,6276,408.75,91,2548.75,1.7110348209906816,True
pubmed_deepres28_w128,20,R3_MOSAIC_ANCHOR,32,67,128,2943.0,17.736598279285243,4361.0,5976,536.25,113,3592.25,1.2140023662050248,True
pubmed_deepres28_w128,20,R3_MOSAIC_ANCHOR,32,63,128,2311.0,25.02482621648461,4361.0,6340,373.75,95,2779.75,1.5688461192553287,True
pubmed_deepres28_w128,20,R3_MOSAIC_ANCHOR,32,85,128,3205.0,22.501654533421576,4361.0,6608,551.25,128,3884.25,1.122739267554869,True
pubmed_deepres28_w128,20,R3_MOSAIC_ANCHOR,32,47,128,2049.0,18.669314796425024,4361.0,5396,267.5,75,2391.5,1.823541710223709,True
pubmed_deepres28_w128,20,R3_MOSAIC_ANCHOR,32,60,128,2049.0,23.83316782522344,4361.0,6240,426.25,97,2572.25,1.6954028574205462,True
pubmed_deepres28_w128,20,R3_MOSAIC_ANCHOR,32,82,128,3205.0,21.70747849106552,4361.0,6476,633.75,131,3969.75,1.0985578436929277,True
pubmed_deepres28_w128,20,R3_MOSAIC_ANCHOR,32,71,128,2943.0,18.79549966909332,4361.0,6396,583.75,119,3645.75,1.1961873414249469,True
pubmed_deepres28_w128,20,R3_MOSAIC_ANCHOR,32,61,128,2049.0,24.23038728897716,4361.0,6404,481.25,103,2633.25,1.6561283584923574,True
pubmed_deepres28_w128,20,R3_MOSAIC_ANCHOR,32,59,128,2049.0,23.435948361469716,4361.0,5628,458.75,100,2607.75,1.6723228837120123,True
pubmed_deepres28_w128,20,R3_MOSAIC_ANCHOR,32,83,128,3205.0,21.972203838517537,4361.0,5828,531.25,124,3860.25,1.1297195777475553,True
pubmed_deepres28_w128,20,R3_MOSAIC_ANCHOR,32,64,128,2311.0,25.42204568023833,4361.0,6208,493.75,107,2911.75,1.497724735983515,True
pubmed_deepres28_w128,20,R3_MOSAIC_ANCHOR,32,69,128,2943.0,18.26604897418928,4361.0,6564,593.75,118,3654.75,1.1932416717969765,True
pubmed_deepres28_w128,20,R3_MOSAIC_ANCHOR,32,70,128,2943.0,18.530774321641296,4361.0,6568,545.0,114,3602.0,1.2107162687395892,True
pubmed_deepres28_w128,20,R3_MOSAIC_ANCHOR,32,68,128,2943.0,18.00132362673726,4361.0,5752,372.5,98,3413.5,1.2775743371905668,True
pubmed_deepres28_w128,20,R3_MOSAIC_ANCHOR,32,73,128,2943.0,19.324950363997356,4361.0,6436,461.25,112,3516.25,1.2402417348027017,True
pubmed_deepres28_w128,20,R3_MOSAIC_ANCHOR,32,65,128,2943.0,17.207147584381204,4361.0,6492,407.5,100,3450.5,1.2638748007535139,True
pubmed_deepres28_w128,20,R3_MOSAIC_ANCHOR,32,67,128,2943.0,17.736598279285243,4361.0,5904,555.0,114,3612.0,1.2073643410852712,True
pubmed_deepres28_w128,20,R3_MOSAIC_ANCHOR,32,63,128,2311.0,25.02482621648461,4361.0,5768,458.75,103,2872.75,1.518057610303716,True
pubmed_deepres28_w128,20,R3_MOSAIC_ANCHOR,32,79,128,2943.0,20.913302448709462,4361.0,6232,678.75,131,3752.75,1.1620811404969689,True
pubmed_deepres28_w128,20,R3_MOSAIC_ANCHOR,32,58,128,2049.0,23.038728897715988,4361.0,5564,432.5,96,2577.5,1.6919495635305528,True
pubmed_deepres28_w128,20,R3_MOSAIC_ANCHOR,32,88,128,3205.0,23.295830575777632,4361.0,6384,386.25,116,3707.25,1.1763436509542113,True
pubmed_deepres28_w128,20,R3_MOSAIC_ANCHOR,32,69,128,2943.0,18.26604897418928,4361.0,5780,470.0,109,3522.0,1.2382169222032935,True
pubmed_deepres28_w128,20,R3_MOSAIC_ANCHOR,32,76,128,2943.0,20.11912640635341,4361.0,6044,565.0,122,3630.0,1.2013774104683195,True
pubmed_deepres28_w128,20,R3_MOSAIC_ANCHOR,32,69,128,2943.0,18.26604897418928,4361.0,6480,601.25,117,3661.25,1.19112325025606,True
pubmed_deepres28_w128,20,R3_MOSAIC_ANCHOR,32,74,128,2943.0,19.58967571144937,4361.0,6128,711.25,132,3786.25,1.1517992736876856,True
pubmed_deepres28_w128,20,R3_MOSAIC_ANCHOR,32,66,128,2943.0,17.47187293183322,4361.0,6516,541.25,112,3596.25,1.2126520681265207,True
pubmed_deepres28_w128,20,R3_MOSAIC_ANCHOR,32,48,128,2049.0,19.06653426017875,4361.0,5504,373.75,84,2506.75,1.7397028024334298,True
pubmed_deepres28_w128,20,R3_MOSAIC_ANCHOR,32,60,128,2049.0,23.83316782522344,4361.0,6536,522.5,104,2675.5,1.629975705475612,True
pubmed_deepres28_w128,20,R3_MOSAIC_ANCHOR,32,85,128,3205.0,22.501654533421576,4361.0,5972,566.25,129,3900.25,1.1181334529837832,True
pubmed_deepres28_w128,20,R3_MOSAIC_ANCHOR,32,57,128,2049.0,22.641509433962263,4361.0,6160,401.25,94,2544.25,1.7140611182077232,True
pubmed_deepres28_w128,20,R3_MOSAIC_ANCHOR,32,63,128,2311.0,25.02482621648461,4361.0,6608,595.0,112,3018.0,1.4449966865473824,True
pubmed_deepres28_w128,20,R3_MOSAIC_ANCHOR,32,57,128,2049.0,22.641509433962263,4361.0,6308,453.75,97,2599.75,1.677468987402635,True
pubmed_deepres28_w128,20,R3_MOSAIC_ANCHOR,32,84,128,3205.0,22.23692918596956,4361.0,6316,512.5,123,3840.5,1.1355292279651088,True
pubmed_deepres28_w128,20,R3_MOSAIC_ANCHOR,32,83,128,3205.0,21.972203838517537,4361.0,6108,635.0,132,3972.0,1.0979355488418931,True
pubmed_deepres28_w128,20,R3_MOSAIC_ANCHOR,32,72,128,2943.0,19.06022501654533,4361.0,6316,376.25,102,3421.25,1.274680306905371,True
pubmed_deepres28_w128,20,R3_MOSAIC_ANCHOR,32,53,128,2049.0,21.05263157894737,4361.0,6248,333.75,84,2466.75,1.7679132461741158,True
pubmed_deepres28_w128,20,R3_MOSAIC_ANCHOR,32,87,128,3205.0,23.03110522832561,4361.0,6188,558.75,130,3893.75,1.12,True
pubmed_deepres28_w128,20,R3_MOSAIC_ANCHOR,32,61,128,2049.0,24.23038728897716,4361.0,6212,287.5,85,2421.5,1.800949824488953,True
pubmed_deepres28_w128,20,R3_MOSAIC_ANCHOR,32,62,128,2311.0,24.627606752730884,4361.0,6472,452.5,101,2864.5,1.5224297434107175,True
pubmed_deepres28_w128,20,R3_MOSAIC_ANCHOR,32,52,128,2049.0,20.655412115193645,4361.0,6304,320.0,83,2452.0,1.7785481239804242,True
pubmed_deepres28_w128,20,R3_MOSAIC_ANCHOR,32,72,128,2943.0,19.06022501654533,4361.0,6372,500.0,112,3555.0,1.2267229254571026,True
pubmed_deepres28_w128,20,R3_MOSAIC_ANCHOR,32,53,128,2049.0,21.05263157894737,4361.0,6216,343.75,86,2478.75,1.7593545133635906,True
pubmed_deepres28_w128,20,R3_MOSAIC_ANCHOR,32,78,128,2943.0,20.648577101257445,4361.0,6116,353.75,106,3402.75,1.2816104621262214,True
pubmed_deepres28_w128,20,R3_MOSAIC_ANCHOR,32,64,128,2311.0,25.42204568023833,4361.0,6536,552.5,110,2973.5,1.4666218261308224,True
pubmed_deepres28_w128,20,R3_MOSAIC_ANCHOR,32,70,128,2943.0,18.530774321641296,4361.0,5896,535.0,114,3592.0,1.214086859688196,True
pubmed_deepres28_w128,20,R3_MOSAIC_ANCHOR,32,70,128,2943.0,18.530774321641296,4361.0,6352,491.25,111,3545.25,1.230096608137649,True
pubmed_deepres28_w128,20,R3_MOSAIC_ANCHOR,32,52,128,2049.0,20.655412115193645,4361.0,5944,267.5,78,2394.5,1.8212570474002923,True
pubmed_deepres28_w128,20,R3_MOSAIC_ANCHOR,32,57,128,2049.0,22.641509433962263,4361.0,5604,402.5,94,2545.5,1.7132194067963071,True
pubmed_deepres28_w128,20,R3_MOSAIC_ANCHOR,32,61,128,2049.0,24.23038728897716,4361.0,6552,520.0,105,2674.0,1.630890052356021,True
pubmed_deepres28_w128,20,R3_MOSAIC_ANCHOR,32,83,128,3205.0,21.972203838517537,4361.0,6176,537.5,124,3866.5,1.1278934436829173,True
pubmed_deepres28_w128,20,R3_MOSAIC_ANCHOR,32,63,128,2311.0,25.02482621648461,4361.0,6560,472.5,103,2886.5,1.5108262601766846,True
pubmed_deepres28_w128,20,R3_MOSAIC_ANCHOR,32,60,128,2049.0,23.83316782522344,4361.0,6552,542.5,108,2699.5,1.61548434895351,True
pubmed_deepres28_w128,20,R3_MOSAIC_ANCHOR,32,85,128,3205.0,22.501654533421576,4361.0,6052,570.0,128,3903.0,1.1173456315654624,True
pubmed_deepres28_w128,20,R3_MOSAIC_ANCHOR,32,55,128,2049.0,21.847070506454816,4361.0,6020,505.0,101,2655.0,1.6425612052730696,True
pubmed_deepres28_w128,20,R3_MOSAIC_ANCHOR,32,62,128,2311.0,24.627606752730884,4361.0,6660,506.25,106,2923.25,1.491832720431027,True
pubmed_deepres28_w128,20,R3_MOSAIC_ANCHOR,32,59,128,2049.0,23.435948361469716,4361.0,6496,597.5,110,2756.5,1.5820787230183204,True
pubmed_deepres28_w128,20,R3_MOSAIC_ANCHOR,32,50,128,2049.0,19.860973187686195,4361.0,5896,341.25,83,2473.25,1.7632669564338421,True
pubmed_deepres28_w128,20,R3_MOSAIC_ANCHOR,32,60,128,2049.0,23.83316782522344,4361.0,6688,533.75,106,2688.75,1.6219432821943283,True
pubmed_deepres28_w128,20,R3_MOSAIC_ANCHOR,32,74,128,2943.0,19.58967571144937,4361.0,5772,516.25,115,3574.25,1.2201161082744632,True
pubmed_deepres28_w128,20,R3_MOSAIC_ANCHOR,32,60,128,2049.0,23.83316782522344,4361.0,6276,506.25,103,2658.25,1.640552995391705,True
pubmed_deepres28_w128,20,R3_MOSAIC_ANCHOR,32,83,128,3205.0,21.972203838517537,4361.0,6204,651.25,132,3988.25,1.0934620447564722,True
pubmed_deepres28_w128,20,R3_MOSAIC_ANCHOR,32,56,128,2049.0,22.24428997020854,4361.0,5744,391.25,92,2532.25,1.7221838286109192,True
pubmed_deepres28_w128,20,R3_MOSAIC_ANCHOR,32,67,128,2943.0,17.736598279285243,4361.0,6584,565.0,113,3621.0,1.204363435515051,True
pubmed_deepres28_w128,20,R3_MOSAIC_ANCHOR,32,53,128,2049.0,21.05263157894737,4361.0,6204,377.5,88,2514.5,1.7343408232252933,True
pubmed_deepres28_w128,20,R3_MOSAIC_ANCHOR,32,83,128,3205.0,21.972203838517537,4361.0,6416,541.25,124,3870.25,1.1268005942768555,True
pubmed_deepres28_w128,20,R3_MOSAIC_ANCHOR,32,55,128,2049.0,21.847070506454816,4361.0,6328,498.75,99,2646.75,1.6476811183526967,True
pubmed_deepres28_w128,20,R3_MOSAIC_ANCHOR,32,52,128,2049.0,20.655412115193645,4361.0,6364,471.25,94,2614.25,1.668164865640241,True
pubmed_deepres28_w128,20,R3_MOSAIC_ANCHOR,32,62,128,2311.0,24.627606752730884,4361.0,6608,512.5,106,2929.5,1.4886499402628435,True
pubmed_deepres28_w128,20,R3_MOSAIC_ANCHOR,32,69,128,2943.0,18.26604897418928,4361.0,6428,671.25,124,3738.25,1.1665886444191802,True
pubmed_deepres28_w128,20,R3_MOSAIC_ANCHOR,32,86,128,3205.0,22.766379880873597,4361.0,6096,510.0,124,3839.0,1.135972909611878,True
pubmed_deepres28_w128,20,R3_MOSAIC_ANCHOR,32,54,128,2049.0,21.44985104270109,4361.0,6240,515.0,101,2665.0,1.6363977485928705,True
pubmed_deepres28_w128,20,R3_MOSAIC_ANCHOR,32,64,128,2311.0,25.42204568023833,4361.0,6448,482.5,105,2898.5,1.504571329998275,True
pubmed_deepres28_w128,20,R3_MOSAIC_ANCHOR,32,73,128,2943.0,19.324950363997356,4361.0,6208,526.25,117,3586.25,1.2160334611362844,True
pubmed_deepres28_w128,20,R3_MOSAIC_ANCHOR,32,69,128,2943.0,18.26604897418928,4361.0,6524,540.0,113,3596.0,1.2127363737486097,True
pubmed_deepres28_w128,20,R3_MOSAIC_ANCHOR,32,57,128,2049.0,22.641509433962263,4361.0,5520,428.75,95,2572.75,1.6950733650762801,True
pubmed_deepres28_w128,20,R3_MOSAIC_ANCHOR,32,66,128,2943.0,17.47187293183322,4361.0,6432,520.0,109,3572.0,1.2208846584546473,True
pubmed_deepres28_w128,20,R3_MOSAIC_ANCHOR,32,72,128,2943.0,19.06022501654533,4361.0,6232,491.25,113,3547.25,1.2294030587074494,True
pubmed_deepres28_w128,20,R3_MOSAIC_ANCHOR,32,67,128,2943.0,17.736598279285243,4361.0,6648,520.0,109,3572.0,1.2208846584546473,True
pubmed_deepres28_w128,20,R3_MOSAIC_ANCHOR,32,57,128,2049.0,22.641509433962263,4361.0,6336,585.0,108,2742.0,1.5904449307075128,True
pubmed_deepres28_w128,20,R3_MOSAIC_ANCHOR,32,70,128,2943.0,18.530774321641296,4361.0,6600,561.25,114,3618.25,1.2052787949975816,True
pubmed_deepres28_w128,20,R3_MOSAIC_ANCHOR,32,85,128,3205.0,22.501654533421576,4361.0,6164,497.5,123,3825.5,1.139981701738335,True
pubmed_deepres28_w128,20,R3_MOSAIC_ANCHOR,32,82,128,3205.0,21.70747849106552,4361.0,5792,465.0,117,3787.0,1.1515711645101663,True
pubmed_deepres28_w128,20,R3_MOSAIC_ANCHOR,32,60,128,2049.0,23.83316782522344,4361.0,6384,543.75,108,2700.75,1.614736647227622,True
pubmed_deepres28_w128,20,R3_MOSAIC_ANCHOR,32,61,128,2049.0,24.23038728897716,4361.0,5548,503.75,106,2658.75,1.640244475787494,True
pubmed_deepres28_w128,20,R3_MOSAIC_ANCHOR,32,70,128,2943.0,18.530774321641296,4361.0,6140,498.75,112,3553.75,1.2271544143510376,True
pubmed_deepres28_w128,20,R3_MOSAIC_ANCHOR,32,85,128,3205.0,22.501654533421576,4361.0,5924,378.75,113,3696.75,1.1796848583214987,True
pubmed_deepres28_w128,20,R3_MOSAIC_ANCHOR,32,64,128,2311.0,25.42204568023833,4361.0,6556,582.5,113,3006.5,1.450523864959255,True
pubmed_deepres28_w128,20,R3_MOSAIC_ANCHOR,32,59,128,2049.0,23.435948361469716,4361.0,6696,530.0,104,2683.0,1.6254193067461797,True
pubmed_deepres28_w128,20,R3_MOSAIC_ANCHOR,32,57,128,2049.0,22.641509433962263,4361.0,6324,416.25,96,2561.25,1.7026842362127868,True
pubmed_deepres28_w128,20,R3_MOSAIC_ANCHOR,32,73,128,2943.0,19.324950363997356,4361.0,5968,441.25,110,3494.25,1.248050368462474,True
pubmed_deepres28_w128,20,R3_MOSAIC_ANCHOR,32,68,128,2943.0,18.00132362673726,4361.0,6504,591.25,116,3650.25,1.1947126909115815,True
pubmed_deepres28_w128,20,R3_MOSAIC_ANCHOR,32,63,128,2311.0,25.02482621648461,4361.0,5700,525.0,109,2945.0,1.4808149405772495,True
pubmed_deepres28_w128,20,R3_MOSAIC_ANCHOR,32,67,128,2943.0,17.736598279285243,4361.0,6188,490.0,108,3541.0,1.2315730019768427,True
pubmed_deepres28_w128,20,R3_MOSAIC_ANCHOR,32,54,128,2049.0,21.44985104270109,4361.0,5864,330.0,86,2465.0,1.7691683569979717,True
pubmed_deepres28_w128,20,R3_MOSAIC_ANCHOR,32,62,128,2311.0,24.627606752730884,4361.0,6492,576.25,110,2997.25,1.4550004170489617,True
pubmed_deepres28_w128,20,R3_MOSAIC_ANCHOR,32,55,128,2049.0,21.847070506454816,4361.0,6012,431.25,95,2575.25,1.693427822541501,True
pubmed_deepres28_w128,20,R3_MOSAIC_ANCHOR,32,79,128,2943.0,20.913302448709462,4361.0,6004,503.75,119,3565.75,1.2230246091285144,True
pubmed_deepres28_w128,20,R3_MOSAIC_ANCHOR,32,64,128,2311.0,25.42204568023833,4361.0,6644,521.25,107,2939.25,1.4837118312494684,True
pubmed_deepres28_w128,20,R3_MOSAIC_ANCHOR,32,63,128,2311.0,25.02482621648461,4361.0,5640,558.75,110,2979.75,1.4635455994630422,True
pubmed_deepres28_w128,20,R3_MOSAIC_ANCHOR,32,57,128,2049.0,22.641509433962263,4361.0,6076,398.75,94,2541.75,1.7157470246877151,True
pubmed_deepres28_w128,20,R3_MOSAIC_ANCHOR,32,71,128,2943.0,18.79549966909332,4361.0,6572,607.5,122,3672.5,1.1874744724302246,True
pubmed_deepres28_w128,20,R3_MOSAIC_ANCHOR,32,73,128,2943.0,19.324950363997356,4361.0,6480,530.0,116,3589.0,1.2151016996377821,True
pubmed_deepres28_w128,20,R3_MOSAIC_ANCHOR,32,56,128,2049.0,22.24428997020854,4361.0,5416,481.25,99,2629.25,1.658647903394504,True
pubmed_deepres28_w128,20,R3_MOSAIC_ANCHOR,32,55,128,2049.0,21.847070506454816,4361.0,6060,360.0,88,2497.0,1.7464957949539448,True
pubmed_deepres28_w128,20,R3_MOSAIC_ANCHOR,32,68,128,2943.0,18.00132362673726,4361.0,5784,445.0,105,3493.0,1.248496993987976,True
pubmed_deepres28_w128,20,R3_MOSAIC_ANCHOR,32,65,128,2943.0,17.207147584381204,4361.0,6608,516.25,107,3566.25,1.2228531370487206,True
pubmed_deepres28_w128,20,R3_MOSAIC_ANCHOR,32,64,128,2311.0,25.42204568023833,4361.0,5752,522.5,107,2940.5,1.4830811086549907,True
pubmed_deepres28_w128,20,R3_MOSAIC_ANCHOR,32,63,128,2311.0,25.02482621648461,4361.0,6588,687.5,119,3117.5,1.39887730553328,True
pubmed_deepres28_w128,20,R3_MOSAIC_ANCHOR,32,72,128,2943.0,19.06022501654533,4361.0,6380,530.0,115,3588.0,1.2154403567447045,True
pubmed_deepres28_w128,20,R3_MOSAIC_ANCHOR,32,48,128,2049.0,19.06653426017875,4361.0,5312,415.0,88,2552.0,1.7088557993730407,True
pubmed_deepres28_w128,20,R3_MOSAIC_ANCHOR,32,52,128,2049.0,20.655412115193645,4361.0,5848,357.5,86,2492.5,1.7496489468405216,True
pubmed_deepres28_w128,20,R3_MOSAIC_ANCHOR,32,69,128,2943.0,18.26604897418928,4361.0,6508,575.0,116,3634.0,1.2000550357732527,True
pubmed_deepres28_w128,20,R3_MOSAIC_ANCHOR,32,85,128,3205.0,22.501654533421576,4361.0,6360,498.75,122,3825.75,1.1399072077370451,True
pubmed_deepres28_w128,20,R3_MOSAIC_ANCHOR,32,63,128,2311.0,25.02482621648461,4361.0,6548,563.75,111,2985.75,1.460604538223227,True
pubmed_deepres28_w128,20,R3_MOSAIC_ANCHOR,32,64,128,2311.0,25.42204568023833,4361.0,5828,422.5,102,2835.5,1.5380003526714865,True
pubmed_deepres28_w128,20,R3_MOSAIC_ANCHOR,32,43,128,2049.0,17.080436941410127,4361.0,5356,212.5,66,2327.5,1.8736842105263158,True
pubmed_deepres28_w128,20,R3_MOSAIC_ANCHOR,32,87,128,3205.0,23.03110522832561,4361.0,6364,552.5,130,3887.5,1.1218006430868168,True
pubmed_deepres28_w128,20,R3_MOSAIC_ANCHOR,32,58,128,2049.0,23.038728897715988,4361.0,5748,438.75,97,2584.75,1.6872037914691944,True
pubmed_deepres28_w128,20,R3_MOSAIC_ANCHOR,32,64,128,2311.0,25.42204568023833,4361.0,6108,576.25,113,3000.25,1.453545537871844,True
pubmed_deepres28_w128,20,R3_MOSAIC_ANCHOR,32,86,128,3205.0,22.766379880873597,4361.0,6632,542.5,126,3873.5,1.1258551697431263,True
pubmed_deepres28_w128,20,R3_MOSAIC_ANCHOR,32,62,128,2311.0,24.627606752730884,4361.0,5856,477.5,104,2892.5,1.5076923076923077,True
pubmed_deepres28_w128,20,R3_MOSAIC_ANCHOR,32,60,128,2049.0,23.83316782522344,4361.0,5768,375.0,93,2517.0,1.7326181962653953,True
pubmed_deepres28_w128,20,R3_MOSAIC_ANCHOR,32,73,128,2943.0,19.324950363997356,4361.0,6552,700.0,128,3771.0,1.156457173163617,True
pubmed_deepres28_w128,20,R3_MOSAIC_ANCHOR,32,46,128,2049.0,18.272095332671302,4361.0,5388,355.0,81,2485.0,1.7549295774647888,True
pubmed_deepres28_w128,20,R3_MOSAIC_ANCHOR,32,88,128,3205.0,23.295830575777632,4361.0,6056,603.75,134,3942.75,1.1060807811806481,True
pubmed_deepres28_w128,20,R3_MOSAIC_ANCHOR,32,66,128,2943.0,17.47187293183322,4361.0,6204,561.25,113,3617.25,1.2056119980648283,True
pubmed_deepres28_w128,20,R3_MOSAIC_ANCHOR,32,50,128,2049.0,19.860973187686195,4361.0,5420,372.5,86,2507.5,1.7391824526420738,True
pubmed_deepres28_w128,20,R3_MOSAIC_ANCHOR,32,59,128,2049.0,23.435948361469716,4361.0,5532,362.5,91,2502.5,1.7426573426573426,True
pubmed_deepres28_w128,20,R3_MOSAIC_ANCHOR,32,86,128,3205.0,22.766379880873597,4361.0,6316,603.75,132,3940.75,1.106642136649115,True
pubmed_deepres28_w128,20,R3_MOSAIC_ANCHOR,32,63,128,2311.0,25.02482621648461,4361.0,5572,371.25,95,2777.25,1.5702583490863264,True
pubmed_deepres28_w128,20,R3_MOSAIC_ANCHOR,32,60,128,2049.0,23.83316782522344,4361.0,5528,376.25,93,2518.25,1.7317581653926337,True
pubmed_deepres28_w128,20,R3_MOSAIC_ANCHOR,32,56,128,2049.0,22.24428997020854,4361.0,6276,402.5,93,2544.5,1.7138927097661623,True
pubmed_deepres28_w128,20,R3_MOSAIC_ANCHOR,32,63,128,2311.0,25.02482621648461,4361.0,5512,467.5,103,2881.5,1.5134478570189138,True
pubmed_deepres28_w128,20,R3_MOSAIC_ANCHOR,32,68,128,2943.0,18.00132362673726,4361.0,6540,557.5,114,3614.5,1.2065292571586665,True
pubmed_deepres28_w128,20,R3_MOSAIC_ANCHOR,32,47,128,2049.0,18.669314796425024,4361.0,5528,337.5,80,2466.5,1.768092438678289,True
pubmed_deepres28_w128,20,R3_MOSAIC_ANCHOR,32,43,128,2049.0,17.080436941410127,4361.0,5376,257.5,69,2375.5,1.8358240370448327,True
pubmed_deepres28_w128,20,R3_MOSAIC_ANCHOR,32,63,128,2311.0,25.02482621648461,4361.0,5600,440.0,100,2851.0,1.5296387232549982,True
pubmed_deepres28_w128,20,R3_MOSAIC_ANCHOR,32,65,128,2943.0,17.207147584381204,4361.0,6376,661.25,121,3725.25,1.1706596872693107,True
pubmed_deepres28_w128,20,R3_MOSAIC_ANCHOR,32,85,128,3205.0,22.501654533421576,4361.0,6356,492.5,123,3820.5,1.141473629106138,True
pubmed_deepres28_w128,20,R3_MOSAIC_ANCHOR,32,59,128,2049.0,23.435948361469716,4361.0,5604,372.5,92,2513.5,1.735030833499105,True
pubmed_deepres28_w128,20,R3_MOSAIC_ANCHOR,32,86,128,3205.0,22.766379880873597,4361.0,6488,480.0,122,3807.0,1.1455214079327554,True
pubmed_deepres28_w128,20,R3_MOSAIC_ANCHOR,32,62,128,2311.0,24.627606752730884,4361.0,5628,397.5,97,2805.5,1.5544466227054001,True
pubmed_deepres28_w128,20,R3_MOSAIC_ANCHOR,32,77,128,2943.0,20.383851753805427,4361.0,6328,597.5,125,3665.5,1.18974219069704,True
pubmed_deepres28_w128,20,R3_MOSAIC_ANCHOR,32,53,128,2049.0,21.05263157894737,4361.0,5412,330.0,84,2463.0,1.7706049533089727,True
pubmed_deepres28_w128,20,R3_MOSAIC_ANCHOR,32,63,128,2311.0,25.02482621648461,4361.0,6764,696.25,121,3128.25,1.3940701670262927,True
pubmed_deepres28_w128,20,R3_MOSAIC_ANCHOR,32,86,128,3205.0,22.766379880873597,4361.0,5804,536.25,127,3868.25,1.1273831836101595,True
pubmed_deepres28_w128,20,R3_MOSAIC_ANCHOR,32,53,128,2049.0,21.05263157894737,4361.0,5716,511.25,100,2660.25,1.639319612818344,True
pubmed_deepres28_w128,20,R3_MOSAIC_ANCHOR,32,49,128,2049.0,19.463753723932477,4361.0,5384,270.0,76,2395.0,1.8208768267223383,True
pubmed_deepres28_w128,20,R3_MOSAIC_ANCHOR,32,87,128,3205.0,23.03110522832561,4361.0,5864,422.5,119,3746.5,1.164019751768317,True
pubmed_deepres28_w128,20,R3_MOSAIC_ANCHOR,32,65,128,2943.0,17.207147584381204,4361.0,5872,530.0,110,3583.0,1.2171364778118894,True
pubmed_deepres28_w128,20,R3_MOSAIC_ANCHOR,32,50,128,2049.0,19.860973187686195,4361.0,5388,323.75,81,2453.75,1.7772796739684158,True
pubmed_deepres28_w128,20,R3_MOSAIC_ANCHOR,32,61,128,2049.0,24.23038728897716,4361.0,6684,516.25,106,2671.25,1.6325690219934488,True
pubmed_deepres28_w128,20,R3_MOSAIC_ANCHOR,32,50,128,2049.0,19.860973187686195,4361.0,5448,403.75,88,2540.75,1.7164223162452033,True
pubmed_deepres28_w128,20,R3_MOSAIC_ANCHOR,32,58,128,2049.0,23.038728897715988,4361.0,6316,515.0,105,2669.0,1.6339452978643687,True
pubmed_deepres28_w128,20,R3_MOSAIC_ANCHOR,32,86,128,3205.0,22.766379880873597,4361.0,6572,643.75,134,3982.75,1.094972067039106,True
pubmed_deepres28_w128,20,R3_MOSAIC_ANCHOR,32,54,128,2049.0,21.44985104270109,4361.0,6344,228.75,77,2354.75,1.8520012740205967,True
pubmed_deepres28_w128,20,R3_MOSAIC_ANCHOR,32,83,128,3205.0,21.972203838517537,4361.0,6252,480.0,118,3803.0,1.146726268735209,True
pubmed_deepres28_w128,20,R3_MOSAIC_ANCHOR,32,61,128,2049.0,24.23038728897716,4361.0,6240,318.75,89,2456.75,1.7751093924900783,True
pubmed_deepres28_w128,20,R3_MOSAIC_ANCHOR,32,58,128,2049.0,23.038728897715988,4361.0,6320,391.25,94,2534.25,1.7208247015882412,True
pubmed_deepres28_w128,20,R3_MOSAIC_ANCHOR,32,61,128,2049.0,24.23038728897716,4361.0,6320,476.25,102,2627.25,1.6599105528594538,True
pubmed_deepres28_w128,20,R3_MOSAIC_ANCHOR,32,87,128,3205.0,23.03110522832561,4361.0,6380,462.5,122,3789.5,1.1508114526982451,True
pubmed_deepres28_w128,20,R3_MOSAIC_ANCHOR,32,64,128,2311.0,25.42204568023833,4361.0,6440,348.75,95,2754.75,1.5830837644069335,True
pubmed_deepres28_w128,20,R3_MOSAIC_ANCHOR,32,54,128,2049.0,21.44985104270109,4361.0,6240,302.5,83,2434.5,1.79133292257137,True
pubmed_deepres28_w128,20,R3_MOSAIC_ANCHOR,32,60,128,2049.0,23.83316782522344,4361.0,6368,336.25,90,2475.25,1.7618422381577619,True
pubmed_deepres28_w128,20,R3_MOSAIC_ANCHOR,32,68,128,2943.0,18.00132362673726,4361.0,5876,496.25,109,3548.25,1.2290565771859367,True
pubmed_deepres28_w128,20,R3_MOSAIC_ANCHOR,32,54,128,2049.0,21.44985104270109,4361.0,6008,417.5,92,2558.5,1.7045143638850888,True
pubmed_deepres28_w128,20,R3_MOSAIC_ANCHOR,32,68,128,2943.0,18.00132362673726,4361.0,6616,572.5,114,3629.5,1.201542912246866,True
pubmed_deepres28_w128,20,R3_MOSAIC_ANCHOR,32,55,128,2049.0,21.847070506454816,4361.0,6504,600.0,108,2757.0,1.581791802684077,True
pubmed_deepres28_w128,20,R3_MOSAIC_ANCHOR,32,58,128,2049.0,23.038728897715988,4361.0,6732,522.5,101,2672.5,1.6318054256314312,True
pubmed_deepres28_w128,20,R3_MOSAIC_ANCHOR,32,72,128,2943.0,19.06022501654533,4361.0,5924,442.5,108,3493.5,1.2483183054243596,True
pubmed_deepres28_w128,20,R3_MOSAIC_ANCHOR,32,61,128,2049.0,24.23038728897716,4361.0,6556,545.0,107,2701.0,1.6145871899296558,True
pubmed_deepres28_w128,20,R3_MOSAIC_ANCHOR,32,58,128,2049.0,23.038728897715988,4361.0,6380,557.5,108,2714.5,1.6065573770491803,True
pubmed_deepres28_w128,20,R3_MOSAIC_ANCHOR,32,75,128,2943.0,19.85440105890139,4361.0,6292,498.75,116,3557.75,1.2257747171667486,True
pubmed_deepres28_w128,20,R3_MOSAIC_ANCHOR,32,80,128,2943.0,21.178027796161484,4361.0,6580,557.5,121,3621.5,1.2041971558746376,True
pubmed_deepres28_w128,20,R3_MOSAIC_ANCHOR,32,57,128,2049.0,22.641509433962263,4361.0,6748,488.75,98,2635.75,1.6545575263207815,True
pubmed_deepres28_w128,20,R3_MOSAIC_ANCHOR,32,58,128,2049.0,23.038728897715988,4361.0,6296,240.0,80,2369.0,1.8408611228366398,True
pubmed_deepres28_w128,20,R3_MOSAIC_ANCHOR,32,81,128,2943.0,21.4427531436135,4361.0,6220,422.5,113,3478.5,1.2537013080350725,True
pubmed_deepres28_w128,20,R3_MOSAIC_ANCHOR,32,63,128,2311.0,25.02482621648461,4361.0,6312,337.5,92,2740.5,1.591315453384419,True
pubmed_deepres28_w128,20,R3_MOSAIC_ANCHOR,32,54,128,2049.0,21.44985104270109,4361.0,6268,268.75,80,2397.75,1.8187884475028673,True
pubmed_deepres28_w128,20,R3_MOSAIC_ANCHOR,32,63,128,2311.0,25.02482621648461,4361.0,6356,511.25,106,2928.25,1.4892854093741996,True
pubmed_deepres28_w128,20,R3_MOSAIC_ANCHOR,32,84,128,3205.0,22.23692918596956,4361.0,6452,566.25,127,3898.25,1.1187071121657153,True
pubmed_deepres28_w128,20,R3_MOSAIC_ANCHOR,32,61,128,2049.0,24.23038728897716,4361.0,6348,350.0,91,2490.0,1.75140562248996,True
pubmed_deepres28_w128,20,R3_MOSAIC_ANCHOR,32,54,128,2049.0,21.44985104270109,4361.0,6228,317.5,84,2450.5,1.7796368088145276,True
pubmed_deepres28_w128,20,R3_MOSAIC_ANCHOR,32,53,128,2049.0,21.05263157894737,4361.0,6368,398.75,90,2537.75,1.7184513841000886,True
pubmed_deepres28_w128,20,R3_MOSAIC_ANCHOR,32,72,128,2943.0,19.06022501654533,4361.0,6644,476.25,110,3529.25,1.2356733016929942,True
pubmed_deepres28_w128,20,R3_MOSAIC_ANCHOR,32,68,128,2943.0,18.00132362673726,4361.0,6360,346.25,98,3387.25,1.2874750904125767,True
pubmed_deepres28_w128,20,R3_MOSAIC_ANCHOR,32,60,128,2049.0,23.83316782522344,4361.0,6364,531.25,105,2685.25,1.6240573503398195,True
pubmed_deepres28_w128,20,R3_MOSAIC_ANCHOR,32,54,128,2049.0,21.44985104270109,4361.0,6288,591.25,106,2746.25,1.587983614019117,True
pubmed_deepres28_w128,20,R3_MOSAIC_ANCHOR,32,88,128,3205.0,23.295830575777632,4361.0,6448,491.25,124,3820.25,1.141548327989006,True
pubmed_deepres28_w128,20,R3_MOSAIC_ANCHOR,32,62,128,2311.0,24.627606752730884,4361.0,6556,507.5,106,2924.5,1.4911950760813815,True
pubmed_deepres28_w128,20,R3_MOSAIC_ANCHOR,32,55,128,2049.0,21.847070506454816,4361.0,6280,356.25,87,2492.25,1.7498244558130203,True
pubmed_deepres28_w128,20,R3_MOSAIC_ANCHOR,32,57,128,2049.0,22.641509433962263,4361.0,6248,588.75,109,2746.75,1.5876945481023028,True
pubmed_deepres28_w128,20,R3_MOSAIC_ANCHOR,32,83,128,3205.0,21.972203838517537,4361.0,6300,565.0,126,3896.0,1.11935318275154,True
pubmed_deepres28_w128,20,R3_MOSAIC_ANCHOR,32,80,128,2943.0,21.178027796161484,4361.0,6164,607.5,128,3678.5,1.1855375832540438,True
pubmed_deepres28_w128,20,R3_MOSAIC_ANCHOR,32,68,128,2943.0,18.00132362673726,4361.0,6508,451.25,106,3500.25,1.2459110063566887,True
pubmed_deepres28_w128,20,R3_MOSAIC_ANCHOR,32,58,128,2049.0,23.038728897715988,4361.0,6252,561.25,108,2718.25,1.6043410282350776,True
pubmed_deepres28_w128,20,R3_MOSAIC_ANCHOR,32,44,128,2049.0,17.477656405163852,4361.0,5372,215.0,67,2331.0,1.8708708708708708,True
pubmed_deepres28_w128,20,R3_MOSAIC_ANCHOR,32,71,128,2943.0,18.79549966909332,4361.0,6080,513.75,114,3570.75,1.221312049289365,True
pubmed_deepres28_w128,20,R3_MOSAIC_ANCHOR,32,83,128,3205.0,21.972203838517537,4361.0,6384,561.25,127,3893.25,1.1201438386951776,True
pubmed_deepres28_w128,20,R3_MOSAIC_ANCHOR,32,62,128,2311.0,24.627606752730884,4361.0,6464,541.25,108,2960.25,1.4731863862849421,True
pubmed_deepres28_w128,20,R3_MOSAIC_ANCHOR,32,65,128,2943.0,17.207147584381204,4361.0,6068,493.75,108,3544.75,1.2302701177798152,True
pubmed_deepres28_w128,20,R3_MOSAIC_ANCHOR,32,78,128,2943.0,20.648577101257445,4361.0,6696,536.25,118,3597.25,1.21231496281882,True
pubmed_deepres28_w128,20,R3_MOSAIC_ANCHOR,32,74,128,2943.0,19.58967571144937,4361.0,6152,501.25,115,3559.25,1.2252581302240642,True
pubmed_deepres28_w128,20,R3_MOSAIC_ANCHOR,32,66,128,2943.0,17.47187293183322,4361.0,6744,505.0,107,3555.0,1.2267229254571026,True
pubmed_deepres28_w128,20,R3_MOSAIC_ANCHOR,32,50,128,2049.0,19.860973187686195,4361.0,5416,311.25,80,2440.25,1.7871119762319434,True
pubmed_deepres28_w128,20,R3_MOSAIC_ANCHOR,32,59,128,2049.0,23.435948361469716,4361.0,6500,533.75,105,2687.75,1.6225467398381546,True
pubmed_deepres28_w128,20,R3_MOSAIC_ANCHOR,32,76,128,2943.0,20.11912640635341,4361.0,6320,536.25,119,3598.25,1.2119780448829292,True
pubmed_deepres28_w128,20,R3_MOSAIC_ANCHOR,32,61,128,2049.0,24.23038728897716,4361.0,6496,420.0,99,2568.0,1.698208722741433,True
pubmed_deepres28_w128,20,R3_MOSAIC_ANCHOR,32,52,128,2049.0,20.655412115193645,4361.0,5592,420.0,91,2560.0,1.703515625,True
pubmed_deepres28_w128,20,R3_MOSAIC_ANCHOR,32,88,128,3205.0,23.295830575777632,4361.0,6468,497.5,124,3826.5,1.1396837841369398,True
pubmed_deepres28_w128,20,R3_MOSAIC_ANCHOR,32,57,128,2049.0,22.641509433962263,4361.0,6292,523.75,104,2676.75,1.6292145325487999,True
pubmed_deepres28_w128,20,R3_MOSAIC_ANCHOR,32,71,128,2943.0,18.79549966909332,4361.0,6284,596.25,120,3659.25,1.1917742706838834,True
pubmed_deepres28_w128,20,R3_MOSAIC_ANCHOR,32,83,128,3205.0,21.972203838517537,4361.0,6120,635.0,132,3972.0,1.0979355488418931,True
pubmed_deepres28_w128,20,R3_MOSAIC_ANCHOR,32,64,128,2311.0,25.42204568023833,4361.0,6400,601.25,116,3028.25,1.440105671592504,True
pubmed_deepres28_w128,20,R3_MOSAIC_ANCHOR,32,61,128,2049.0,24.23038728897716,4361.0,6744,512.5,106,2667.5,1.6348641049671977,True
pubmed_deepres28_w128,20,R3_MOSAIC_ANCHOR,32,68,128,2943.0,18.00132362673726,4361.0,6680,558.75,114,3615.75,1.2061121482403374,True
pubmed_deepres28_w128,20,R3_MOSAIC_ANCHOR,32,83,128,3205.0,21.972203838517537,4361.0,6208,543.75,125,3873.75,1.1257825104872539,True
pubmed_deepres28_w128,20,R3_MOSAIC_ANCHOR,32,62,128,2311.0,24.627606752730884,4361.0,5912,497.5,106,2914.5,1.4963115457196774,True
pubmed_deepres28_w128,20,R3_MOSAIC_ANCHOR,32,61,128,2049.0,24.23038728897716,4361.0,6540,547.5,108,2704.5,1.6124976890367906,True
pubmed_deepres28_w128,20,R3_MOSAIC_ANCHOR,32,60,128,2049.0,23.83316782522344,4361.0,6712,496.25,104,2649.25,1.646126262149665,True
pubmed_deepres28_w128,20,R3_MOSAIC_ANCHOR,32,84,128,3205.0,22.23692918596956,4361.0,6316,562.5,127,3894.5,1.119784311208114,True
pubmed_deepres28_w128,20,R3_MOSAIC_ANCHOR,32,59,128,2049.0,23.435948361469716,4361.0,6284,522.5,106,2677.5,1.6287581699346405,True
pubmed_deepres28_w128,20,R3_MOSAIC_ANCHOR,32,67,128,2943.0,17.736598279285243,4361.0,6504,556.25,113,3612.25,1.2072807806768635,True
pubmed_deepres28_w128,20,R3_MOSAIC_ANCHOR,32,61,128,2049.0,24.23038728897716,4361.0,6584,551.25,109,2709.25,1.6096705730368184,True
pubmed_deepres28_w128,20,R3_MOSAIC_ANCHOR,32,72,128,2943.0,19.06022501654533,4361.0,5924,510.0,114,3567.0,1.222596019063639,True
pubmed_deepres28_w128,20,R3_MOSAIC_ANCHOR,32,54,128,2049.0,21.44985104270109,4361.0,6260,361.25,89,2499.25,1.744923477043113,True
pubmed_deepres28_w128,20,R3_MOSAIC_ANCHOR,32,70,128,2943.0,18.530774321641296,4361.0,6576,556.25,116,3615.25,1.2062789571952146,True
pubmed_deepres28_w128,20,R3_MOSAIC_ANCHOR,32,57,128,2049.0,22.641509433962263,4361.0,6356,431.25,95,2575.25,1.693427822541501,True
pubmed_deepres28_w128,20,R3_MOSAIC_ANCHOR,32,56,128,2049.0,22.24428997020854,4361.0,6488,620.0,111,2780.0,1.5687050359712231,True
pubmed_deepres28_w128,20,R3_MOSAIC_ANCHOR,32,65,128,2943.0,17.207147584381204,4361.0,5692,413.75,101,3457.75,1.2612247849034777,True
pubmed_deepres28_w128,20,R3_MOSAIC_ANCHOR,32,65,128,2943.0,17.207147584381204,4361.0,6592,506.25,106,3555.25,1.2266366640883202,True
pubmed_deepres28_w128,20,R3_MOSAIC_ANCHOR,32,59,128,2049.0,23.435948361469716,4361.0,6320,403.75,95,2547.75,1.7117064076145618,True
pubmed_deepres28_w128,20,R3_MOSAIC_ANCHOR,32,63,128,2311.0,25.02482621648461,4361.0,6532,546.25,109,2966.25,1.4702064896755163,True
pubmed_deepres28_w128,20,R3_MOSAIC_ANCHOR,32,83,128,3205.0,21.972203838517537,4361.0,6200,467.5,118,3790.5,1.1505078485687903,True
pubmed_deepres28_w128,20,R3_MOSAIC_ANCHOR,32,56,128,2049.0,22.24428997020854,4361.0,6688,526.25,101,2676.25,1.6295189163942083,True
pubmed_deepres28_w128,20,R3_MOSAIC_ANCHOR,32,60,128,2049.0,23.83316782522344,4361.0,6284,402.5,96,2547.5,1.711874386653582,True
pubmed_deepres28_w128,20,R3_MOSAIC_ANCHOR,32,86,128,3205.0,22.766379880873597,4361.0,5924,452.5,119,3776.5,1.154772937905468,True
pubmed_deepres28_w128,20,R3_MOSAIC_ANCHOR,32,69,128,2943.0,18.26604897418928,4361.0,6612,560.0,116,3619.0,1.2050290135396517,True
pubmed_deepres28_w128,20,R3_MOSAIC_ANCHOR,32,54,128,2049.0,21.44985104270109,4361.0,6320,546.25,103,2698.25,1.6162327434448254,True
pubmed_deepres28_w128,20,R3_MOSAIC_ANCHOR,32,58,128,2049.0,23.038728897715988,4361.0,6252,418.75,96,2563.75,1.7010238907849828,True
pubmed_deepres28_w128,20,R3_MOSAIC_ANCHOR,32,88,128,3205.0,23.295830575777632,4361.0,6364,533.75,129,3867.75,1.1275289250856442,True
pubmed_deepres28_w128,20,R3_MOSAIC_ANCHOR,32,69,128,2943.0,18.26604897418928,4361.0,6652,486.25,109,3538.25,1.232530205610118,True
pubmed_deepres28_w128,20,R3_MOSAIC_ANCHOR,32,64,128,2311.0,25.42204568023833,4361.0,6260,401.25,97,2809.25,1.5523716294384622,True
pubmed_deepres28_w128,20,R3_MOSAIC_ANCHOR,32,55,128,2049.0,21.847070506454816,4361.0,6280,293.75,82,2424.75,1.7985359315393339,True
pubmed_deepres28_w128,20,R3_MOSAIC_ANCHOR,32,84,128,3205.0,22.23692918596956,4361.0,5828,432.5,117,3754.5,1.161539485950193,True
pubmed_deepres28_w128,20,R3_MOSAIC_ANCHOR,32,75,128,2943.0,19.85440105890139,4361.0,5984,471.25,112,3526.25,1.2367245657568238,True
pubmed_deepres28_w128,20,R3_MOSAIC_ANCHOR,32,61,128,2049.0,24.23038728897716,4361.0,6616,521.25,106,2676.25,1.6295189163942083,True
pubmed_deepres28_w128,20,R3_MOSAIC_ANCHOR,32,54,128,2049.0,21.44985104270109,4361.0,6260,441.25,95,2585.25,1.6868774780001934,True
pubmed_deepres28_w128,20,R3_MOSAIC_ANCHOR,32,84,128,3205.0,22.23692918596956,4361.0,6168,596.25,131,3932.25,1.1090342679127725,True
pubmed_deepres28_w128,20,R3_MOSAIC_ANCHOR,32,78,128,2943.0,20.648577101257445,4361.0,5972,550.0,123,3616.0,1.206028761061947,True
pubmed_deepres28_w128,20,R3_MOSAIC_ANCHOR,32,65,128,2943.0,17.207147584381204,4361.0,6540,581.25,114,3638.25,1.1986531986531987,True
pubmed_deepres28_w128,20,R3_MOSAIC_ANCHOR,32,61,128,2049.0,24.23038728897716,4361.0,6416,570.0,111,2730.0,1.5974358974358975,True
pubmed_deepres28_w128,20,R3_MOSAIC_ANCHOR,32,73,128,2943.0,19.324950363997356,4361.0,5940,466.25,110,3519.25,1.2391844853306813,True
pubmed_deepres28_w128,20,R3_MOSAIC_ANCHOR,32,70,128,2943.0,18.530774321641296,4361.0,6420,473.75,109,3525.75,1.2368999503651705,True
pubmed_deepres28_w128,20,R3_MOSAIC_ANCHOR,32,66,128,2943.0,17.47187293183322,4361.0,5700,537.5,111,3591.5,1.2142558819434777,True
pubmed_deepres28_w128,20,R3_MOSAIC_ANCHOR,32,63,128,2311.0,25.02482621648461,4361.0,6368,557.5,111,2979.5,1.463668400738379,True
pubmed_deepres28_w128,20,R3_MOSAIC_ANCHOR,32,60,128,2049.0,23.83316782522344,4361.0,5544,352.5,91,2492.5,1.7496489468405216,True
pubmed_deepres28_w128,20,R3_MOSAIC_ANCHOR,32,84,128,3205.0,22.23692918596956,4361.0,6472,633.75,132,3970.75,1.0982811811370647,True
pubmed_deepres28_w128,20,R3_MOSAIC_ANCHOR,32,80,128,2943.0,21.178027796161484,4361.0,6608,487.5,118,3548.5,1.2289699873185853,True
pubmed_deepres28_w128,20,R3_MOSAIC_ANCHOR,32,63,128,2311.0,25.02482621648461,4361.0,6468,590.0,112,3013.0,1.4473946232990376,True
pubmed_deepres28_w128,20,R3_MOSAIC_ANCHOR,32,85,128,3205.0,22.501654533421576,4361.0,6152,503.75,123,3831.75,1.1381222678932603,True
pubmed_deepres28_w128,20,R3_MOSAIC_ANCHOR,32,55,128,2049.0,21.847070506454816,4361.0,5688,455.0,96,2600.0,1.6773076923076924,True
pubmed_deepres28_w128,20,R3_MOSAIC_ANCHOR,32,62,128,2311.0,24.627606752730884,4361.0,6652,520.0,105,2936.0,1.4853542234332424,True
pubmed_deepres28_w128,20,R3_MOSAIC_ANCHOR,32,62,128,2311.0,24.627606752730884,4361.0,6516,596.25,111,3018.25,1.4448769982605814,True
pubmed_deepres28_w128,20,R3_MOSAIC_ANCHOR,32,56,128,2049.0,22.24428997020854,4361.0,6032,385.0,92,2526.0,1.7264449722882027,True
pubmed_deepres28_w128,20,R3_MOSAIC_ANCHOR,32,62,128,2311.0,24.627606752730884,4361.0,6568,517.5,107,2935.5,1.485607221938341,True
pubmed_deepres28_w128,20,R3_MOSAIC_ANCHOR,32,86,128,3205.0,22.766379880873597,4361.0,6076,518.75,124,3847.75,1.1333896432980313,True
pubmed_deepres28_w128,20,R3_MOSAIC_ANCHOR,32,55,128,2049.0,21.847070506454816,4361.0,6328,483.75,97,2629.75,1.6583325411160756,True
pubmed_deepres28_w128,20,R3_MOSAIC_ANCHOR,32,59,128,2049.0,23.435948361469716,4361.0,6548,623.75,111,2783.75,1.566591827570723,True
pubmed_deepres28_w128,20,R3_MOSAIC_ANCHOR,32,59,128,2049.0,23.435948361469716,4361.0,6620,563.75,108,2720.75,1.6028668565652853,True
pubmed_deepres28_w128,20,R3_MOSAIC_ANCHOR,32,70,128,2943.0,18.530774321641296,4361.0,5708,348.75,99,3390.75,1.2861461328614614,True
pubmed_deepres28_w128,20,R3_MOSAIC_ANCHOR,32,67,128,2943.0,17.736598279285243,4361.0,6508,680.0,123,3746.0,1.1641751201281367,True
pubmed_deepres28_w128,20,R3_MOSAIC_ANCHOR,32,74,128,2943.0,19.58967571144937,4361.0,6396,558.75,120,3621.75,1.2041140332712086,True
pubmed_deepres28_w128,20,R3_MOSAIC_ANCHOR,32,53,128,2049.0,21.05263157894737,4361.0,5792,398.75,90,2537.75,1.7184513841000886,True
pubmed_deepres28_w128,20,R3_MOSAIC_ANCHOR,32,60,128,2049.0,23.83316782522344,4361.0,5788,680.0,117,2846.0,1.5323260716795502,True
pubmed_deepres28_w128,20,R3_MOSAIC_ANCHOR,32,58,128,2049.0,23.038728897715988,4361.0,6412,486.25,100,2635.25,1.654871454321222,True
pubmed_deepres28_w128,20,R3_MOSAIC_ANCHOR,32,80,128,2943.0,21.178027796161484,4361.0,6356,652.5,131,3726.5,1.1702670065745338,True
pubmed_deepres28_w128,20,R3_MOSAIC_ANCHOR,32,63,128,2311.0,25.02482621648461,4361.0,6544,615.0,114,3040.0,1.4345394736842105,True
pubmed_deepres28_w128,20,R3_MOSAIC_ANCHOR,32,51,128,2049.0,20.25819265143992,4361.0,5752,322.5,82,2453.5,1.7774607703281027,True
pubmed_deepres28_w128,20,R3_MOSAIC_ANCHOR,32,67,128,2943.0,17.736598279285243,4361.0,6148,643.75,120,3706.75,1.1765023268361772,True
pubmed_deepres28_w128,20,R3_MOSAIC_ANCHOR,32,53,128,2049.0,21.05263157894737,4361.0,6276,276.25,80,2405.25,1.8131171395904793,True
pubmed_deepres28_w128,20,R3_MOSAIC_ANCHOR,32,84,128,3205.0,22.23692918596956,4361.0,6288,438.75,117,3760.75,1.1596091205211727,True
pubmed_deepres28_w128,20,R3_MOSAIC_ANCHOR,32,70,128,2943.0,18.530774321641296,4361.0,6604,550.0,115,3608.0,1.2087028824833703,True
pubmed_deepres28_w128,20,R3_MOSAIC_ANCHOR,32,58,128,2049.0,23.038728897715988,4361.0,6492,475.0,99,2623.0,1.6626000762485704,True
pubmed_deepres28_w128,20,R3_MOSAIC_ANCHOR,32,80,128,2943.0,21.178027796161484,4361.0,6140,577.5,124,3644.5,1.1965976128412676,True
pubmed_deepres28_w128,20,R3_MOSAIC_ANCHOR,32,68,128,2943.0,18.00132362673726,4361.0,6636,577.5,115,3635.5,1.1995598954751754,True
pubmed_deepres28_w128,20,R3_MOSAIC_ANCHOR,32,50,128,2049.0,19.860973187686195,4361.0,6004,281.25,78,2408.25,1.8108585072147825,True
pubmed_deepres28_w128,20,R3_MOSAIC_ANCHOR,32,63,128,2311.0,25.02482621648461,4361.0,6496,588.75,112,3011.75,1.4479953515398025,True
pubmed_deepres28_w128,20,R3_MOSAIC_ANCHOR,32,52,128,2049.0,20.655412115193645,4361.0,6080,323.75,84,2456.75,1.7751093924900783,True
pubmed_deepres28_w128,20,R3_MOSAIC_ANCHOR,32,63,128,2311.0,25.02482621648461,4361.0,6640,570.0,111,2992.0,1.4575534759358288,True
pubmed_deepres28_w128,20,R3_MOSAIC_ANCHOR,32,75,128,2943.0,19.85440105890139,4361.0,6188,582.5,121,3646.5,1.1959413135883723,True
pubmed_deepres28_w128,20,R3_MOSAIC_ANCHOR,32,55,128,2049.0,21.847070506454816,4361.0,6344,495.0,99,2643.0,1.6500189178963298,True
pubmed_deepres28_w128,20,R3_MOSAIC_ANCHOR,32,86,128,3205.0,22.766379880873597,4361.0,6256,576.25,130,3911.25,1.1149888143176734,True
pubmed_deepres28_w128,20,R3_MOSAIC_ANCHOR,32,62,128,2311.0,24.627606752730884,4361.0,5708,520.0,108,2939.0,1.4838380401497109,True
pubmed_deepres28_w128,20,R3_MOSAIC_ANCHOR,32,71,128,2943.0,18.79549966909332,4361.0,6540,561.25,117,3621.25,1.204280289955126,True
pubmed_deepres28_w128,20,R3_MOSAIC_ANCHOR,32,63,128,2311.0,25.02482621648461,4361.0,6508,582.5,112,3005.5,1.4510064881051405,True
pubmed_deepres28_w128,20,R3_MOSAIC_ANCHOR,32,76,128,2943.0,20.11912640635341,4361.0,6496,522.5,117,3582.5,1.2173063503140265,True
pubmed_deepres28_w128,20,R3_MOSAIC_ANCHOR,32,69,128,2943.0,18.26604897418928,4361.0,5932,512.5,112,3567.5,1.2224246671338472,True
pubmed_deepres28_w128,20,R3_MOSAIC_ANCHOR,32,63,128,2311.0,25.02482621648461,4361.0,6740,540.0,108,2959.0,1.473808719161879,True
pubmed_deepres28_w128,20,R3_MOSAIC_ANCHOR,32,57,128,2049.0,22.641509433962263,4361.0,6468,565.0,105,2719.0,1.603898492092681,True
pubmed_deepres28_w128,20,R3_MOSAIC_ANCHOR,32,81,128,2943.0,21.4427531436135,4361.0,6088,573.75,125,3641.75,1.1975012013455069,True
pubmed_deepres28_w128,20,R3_MOSAIC_ANCHOR,32,64,128,2311.0,25.42204568023833,4361.0,6612,580.0,113,3004.0,1.4517310252996005,True
pubmed_deepres28_w128,20,R3_MOSAIC_ANCHOR,32,54,128,2049.0,21.44985104270109,4361.0,6188,430.0,94,2573.0,1.6949086669257676,True
pubmed_deepres28_w128,20,R3_MOSAIC_ANCHOR,32,55,128,2049.0,21.847070506454816,4361.0,6140,327.5,86,2462.5,1.7709644670050761,True
pubmed_deepres28_w128,20,R3_MOSAIC_ANCHOR,32,77,128,2943.0,20.383851753805427,4361.0,6716,738.75,133,3814.75,1.143194180483649,True
pubmed_deepres28_w128,20,R3_MOSAIC_ANCHOR,32,56,128,2049.0,22.24428997020854,4361.0,5588,456.25,97,2602.25,1.6758574310692669,True
pubmed_deepres28_w128,20,R3_MOSAIC_ANCHOR,32,69,128,2943.0,18.26604897418928,4361.0,6384,532.5,112,3587.5,1.215609756097561,True
pubmed_deepres28_w128,20,R3_MOSAIC_ANCHOR,32,61,128,2049.0,24.23038728897716,4361.0,6352,485.0,102,2636.0,1.6544006069802732,True
pubmed_deepres28_w128,20,R3_MOSAIC_ANCHOR,32,72,128,2943.0,19.06022501654533,4361.0,6220,560.0,119,3622.0,1.2040309221424628,True
pubmed_deepres28_w128,20,R3_MOSAIC_ANCHOR,32,70,128,2943.0,18.530774321641296,4361.0,6632,575.0,118,3636.0,1.1993949394939494,True
pubmed_deepres28_w128,20,R3_MOSAIC_ANCHOR,32,67,128,2943.0,17.736598279285243,4361.0,5848,525.0,111,3579.0,1.2184967868119587,True
pubmed_deepres28_w128,20,R3_MOSAIC_ANCHOR,32,74,128,2943.0,19.58967571144937,4361.0,6232,580.0,121,3644.0,1.196761800219539,True
pubmed_deepres28_w128,20,R3_MOSAIC_ANCHOR,32,50,128,2049.0,19.860973187686195,4361.0,5408,328.75,82,2459.75,1.7729444049191991,True
pubmed_deepres28_w128,20,R3_MOSAIC_ANCHOR,32,67,128,2943.0,17.736598279285243,4361.0,6668,580.0,116,3639.0,1.1984061555372354,True
pubmed_deepres28_w128,20,R3_MOSAIC_ANCHOR,32,78,128,2943.0,20.648577101257445,4361.0,6088,513.75,119,3575.75,1.2196042788226247,True
pubmed_deepres28_w128,20,R3_MOSAIC_ANCHOR,32,60,128,2049.0,23.83316782522344,4361.0,5756,520.0,107,2676.0,1.6296711509715993,True
pubmed_deepres28_w128,20,R3_MOSAIC_ANCHOR,32,48,128,2049.0,19.06653426017875,4361.0,5424,408.75,87,2544.75,1.7137243344139896,True
pubmed_deepres28_w128,20,R3_MOSAIC_ANCHOR,32,86,128,3205.0,22.766379880873597,4361.0,6548,552.5,129,3886.5,1.1220892834169562,True
pubmed_deepres28_w128,20,R3_MOSAIC_ANCHOR,32,70,128,2943.0,18.530774321641296,4361.0,6524,617.5,120,3680.5,1.1848933568808586,True
pubmed_deepres28_w128,20,R3_MOSAIC_ANCHOR,32,47,128,2049.0,18.669314796425024,4361.0,5428,328.75,79,2456.75,1.7751093924900783,True
pubmed_deepres28_w128,20,R3_MOSAIC_ANCHOR,32,88,128,3205.0,23.295830575777632,4361.0,5708,408.75,117,3730.75,1.1689338604838169,True
pubmed_deepres28_w128,20,R3_MOSAIC_ANCHOR,32,65,128,2943.0,17.207147584381204,4361.0,6364,642.5,118,3703.5,1.1775347644120426,True
pubmed_deepres28_w128,20,R3_MOSAIC_ANCHOR,32,47,128,2049.0,18.669314796425024,4361.0,5396,316.25,78,2443.25,1.7849176302056686,True
pubmed_deepres28_w128,20,R3_MOSAIC_ANCHOR,32,60,128,2049.0,23.83316782522344,4361.0,5572,306.25,87,2442.25,1.7856484798853516,True
pubmed_deepres28_w128,20,R3_MOSAIC_ANCHOR,32,86,128,3205.0,22.766379880873597,4361.0,5804,430.0,117,3752.0,1.162313432835821,True
pubmed_deepres28_w128,20,R3_MOSAIC_ANCHOR,32,53,128,2049.0,21.05263157894737,4361.0,5544,323.75,84,2456.75,1.7751093924900783,True
pubmed_deepres28_w128,20,R3_MOSAIC_ANCHOR,32,61,128,2049.0,24.23038728897716,4361.0,5600,338.75,91,2478.75,1.7593545133635906,True
pubmed_deepres28_w128,20,R3_MOSAIC_ANCHOR,32,69,128,2943.0,18.26604897418928,4361.0,6384,432.5,106,3481.5,1.252620996696826,True
pubmed_deepres28_w128,20,R3_MOSAIC_ANCHOR,32,43,128,2049.0,17.080436941410127,4361.0,5376,258.75,70,2377.75,1.834086846808958,True
pubmed_deepres28_w128,20,R3_MOSAIC_ANCHOR,32,86,128,3205.0,22.766379880873597,4361.0,5944,621.25,133,3959.25,1.1014712382395655,True
pubmed_deepres28_w128,20,R3_MOSAIC_ANCHOR,32,63,128,2311.0,25.02482621648461,4361.0,6336,613.75,115,3039.75,1.434657455382844,True
pubmed_deepres28_w128,20,R3_MOSAIC_ANCHOR,32,84,128,3205.0,22.23692918596956,4361.0,6348,575.0,128,3908.0,1.1159160696008188,True
pubmed_deepres28_w128,20,R3_MOSAIC_ANCHOR,32,71,128,2943.0,18.79549966909332,4361.0,6180,452.5,109,3504.5,1.2444000570694822,True
pubmed_deepres28_w128,20,R3_MOSAIC_ANCHOR,32,47,128,2049.0,18.669314796425024,4361.0,5404,393.75,85,2527.75,1.7252497280189891,True
pubmed_deepres28_w128,20,R3_MOSAIC_ANCHOR,32,50,128,2049.0,19.860973187686195,4361.0,5404,333.75,82,2464.75,1.7693478040369206,True
pubmed_deepres28_w128,20,R3_MOSAIC_ANCHOR,32,63,128,2311.0,25.02482621648461,4361.0,5992,480.0,105,2896.0,1.5058701657458564,True
pubmed_deepres28_w128,20,R3_MOSAIC_ANCHOR,32,87,128,3205.0,23.03110522832561,4361.0,5880,426.25,118,3749.25,1.1631659665266387,True
pubmed_deepres28_w128,20,R3_MOSAIC_ANCHOR,32,52,128,2049.0,20.655412115193645,4361.0,5416,350.0,84,2483.0,1.756343133306484,True
pubmed_deepres28_w128,20,R3_MOSAIC_ANCHOR,32,47,128,2049.0,18.669314796425024,4361.0,5392,283.75,75,2407.75,1.811234555082546,True
pubmed_deepres28_w128,20,R3_MOSAIC_ANCHOR,32,61,128,2049.0,24.23038728897716,4361.0,6336,312.5,89,2450.5,1.7796368088145276,True
pubmed_deepres28_w128,20,R3_MOSAIC_ANCHOR,32,89,128,3205.0,23.56055592322965,4361.0,5804,445.0,121,3771.0,1.156457173163617,True
pubmed_deepres28_w128,20,R3_MOSAIC_ANCHOR,32,57,128,2049.0,22.641509433962263,4361.0,6308,620.0,112,2781.0,1.5681409564904711,True
pubmed_deepres28_w128,20,R3_MOSAIC_ANCHOR,32,70,128,2943.0,18.530774321641296,4361.0,6720,526.25,114,3583.25,1.2170515593385893,True
pubmed_deepres28_w128,20,R3_MOSAIC_ANCHOR,32,87,128,3205.0,23.03110522832561,4361.0,6340,451.25,120,3776.25,1.1548493876199935,True
pubmed_deepres28_w128,20,R3_MOSAIC_ANCHOR,32,58,128,2049.0,23.038728897715988,4361.0,6692,555.0,106,2710.0,1.6092250922509226,True
pubmed_deepres28_w128,20,R3_MOSAIC_ANCHOR,32,58,128,2049.0,23.038728897715988,4361.0,6300,642.5,113,2804.5,1.5550008914244964,True
pubmed_deepres28_w128,20,R3_MOSAIC_ANCHOR,32,64,128,2311.0,25.42204568023833,4361.0,6344,338.75,94,2743.75,1.5894305239179956,True
pubmed_deepres28_w128,20,R3_MOSAIC_ANCHOR,32,56,128,2049.0,22.24428997020854,4361.0,6260,668.75,114,2831.75,1.5400370795444513,True
pubmed_deepres28_w128,20,R3_MOSAIC_ANCHOR,32,72,128,2943.0,19.06022501654533,4361.0,6180,553.75,117,3613.75,1.2067796610169492,True
pubmed_deepres28_w128,20,R3_MOSAIC_ANCHOR,32,53,128,2049.0,21.05263157894737,4361.0,6276,493.75,99,2641.75,1.6507996593167409,True
pubmed_deepres28_w128,20,R3_MOSAIC_ANCHOR,32,60,128,2049.0,23.83316782522344,4361.0,6552,575.0,110,2734.0,1.5950987564008778,True
pubmed_deepres28_w128,20,R3_MOSAIC_ANCHOR,32,60,128,2049.0,23.83316782522344,4361.0,6676,497.5,104,2650.5,1.6453499339747217,True
pubmed_deepres28_w128,20,R3_MOSAIC_ANCHOR,32,71,128,2943.0,18.79549966909332,4361.0,6552,505.0,113,3561.0,1.22465599550688,True
pubmed_deepres28_w128,20,R3_MOSAIC_ANCHOR,32,57,128,2049.0,22.641509433962263,4361.0,6340,490.0,101,2640.0,1.6518939393939394,True
pubmed_deepres28_w128,20,R3_MOSAIC_ANCHOR,32,67,128,2943.0,17.736598279285243,4361.0,5684,410.0,102,3455.0,1.2622286541244574,True
pubmed_deepres28_w128,20,R3_MOSAIC_ANCHOR,32,60,128,2049.0,23.83316782522344,4361.0,6560,577.5,110,2736.5,1.5936415128814179,True
pubmed_deepres28_w128,20,R3_MOSAIC_ANCHOR,32,82,128,3205.0,21.70747849106552,4361.0,6324,523.75,122,3850.75,1.1325066545478153,True
pubmed_deepres28_w128,20,R3_MOSAIC_ANCHOR,32,56,128,2049.0,22.24428997020854,4361.0,5592,413.75,94,2556.75,1.7056810403832992,True
pubmed_deepres28_w128,20,R3_MOSAIC_ANCHOR,32,74,128,2943.0,19.58967571144937,4361.0,6492,560.0,119,3622.0,1.2040309221424628,True
pubmed_deepres28_w128,20,R3_MOSAIC_ANCHOR,32,58,128,2049.0,23.038728897715988,4361.0,6528,506.25,101,2656.25,1.6417882352941175,True
pubmed_deepres28_w128,20,R3_MOSAIC_ANCHOR,32,59,128,2049.0,23.435948361469716,4361.0,6768,522.5,104,2675.5,1.629975705475612,True
pubmed_deepres28_w128,20,R3_MOSAIC_ANCHOR,32,57,128,2049.0,22.641509433962263,4361.0,6480,537.5,103,2689.5,1.6214909834541735,True
pubmed_deepres28_w128,20,R3_MOSAIC_ANCHOR,32,81,128,2943.0,21.4427531436135,4361.0,6056,475.0,116,3534.0,1.2340124504810412,True
pubmed_deepres28_w128,20,R3_MOSAIC_ANCHOR,32,68,128,2943.0,18.00132362673726,4361.0,6440,523.75,112,3578.75,1.2185819070904647,True
pubmed_deepres28_w128,20,R3_MOSAIC_ANCHOR,32,84,128,3205.0,22.23692918596956,4361.0,5912,358.75,109,3672.75,1.1873936423660745,True
pubmed_deepres28_w128,20,R3_MOSAIC_ANCHOR,32,57,128,2049.0,22.641509433962263,4361.0,6452,553.75,105,2707.75,1.610562274951528,True
pubmed_deepres28_w128,20,R3_MOSAIC_ANCHOR,32,52,128,2049.0,20.655412115193645,4361.0,5544,361.25,86,2496.25,1.7470205307961943,True
pubmed_deepres28_w128,20,R3_MOSAIC_ANCHOR,32,56,128,2049.0,22.24428997020854,4361.0,6520,602.5,109,2760.5,1.5797862706031516,True
pubmed_deepres28_w128,20,R3_MOSAIC_ANCHOR,32,82,128,3205.0,21.70747849106552,4361.0,5792,373.75,108,3686.75,1.1828846545060012,True
pubmed_deepres28_w128,20,R3_MOSAIC_ANCHOR,32,67,128,2943.0,17.736598279285243,4361.0,6076,455.0,107,3505.0,1.244222539229672,True
pubmed_deepres28_w128,20,R3_MOSAIC_ANCHOR,32,68,128,2943.0,18.00132362673726,4361.0,6672,557.5,113,3613.5,1.2068631520686315,True
pubmed_deepres28_w128,20,R3_MOSAIC_ANCHOR,32,55,128,2049.0,21.847070506454816,4361.0,6464,641.25,111,2801.25,1.5568049977688532,True
pubmed_deepres28_w128,20,R3_MOSAIC_ANCHOR,32,85,128,3205.0,22.501654533421576,4361.0,6328,548.75,127,3880.75,1.1237518520904464,True
pubmed_deepres28_w128,20,R3_MOSAIC_ANCHOR,32,56,128,2049.0,22.24428997020854,4361.0,6712,475.0,97,2621.0,1.663868752384586,True
pubmed_deepres28_w128,20,R3_MOSAIC_ANCHOR,32,65,128,2943.0,17.207147584381204,4361.0,6576,525.0,109,3577.0,1.2191780821917808,True
pubmed_deepres28_w128,20,R3_MOSAIC_ANCHOR,32,57,128,2049.0,22.641509433962263,4361.0,6352,561.25,106,2716.25,1.605522319374137,True
pubmed_deepres28_w128,20,R3_MOSAIC_ANCHOR,32,84,128,3205.0,22.23692918596956,4361.0,6292,563.75,128,3896.75,1.119137742990954,True
pubmed_deepres28_w128,20,R3_MOSAIC_ANCHOR,32,70,128,2943.0,18.530774321641296,4361.0,6416,496.25,112,3551.25,1.2280183034142906,True
pubmed_deepres28_w128,20,R3_MOSAIC_ANCHOR,32,58,128,2049.0,23.038728897715988,4361.0,6748,501.25,100,2650.25,1.6455051410244317,True
pubmed_deepres28_w128,20,R3_MOSAIC_ANCHOR,32,56,128,2049.0,22.24428997020854,4361.0,6440,598.75,109,2756.75,1.5819352498412986,True
pubmed_deepres28_w128,20,R3_MOSAIC_ANCHOR,32,65,128,2943.0,17.207147584381204,4361.0,6124,578.75,114,3635.75,1.1994774118132434,True
pubmed_deepres28_w128,20,R3_MOSAIC_ANCHOR,32,79,128,2943.0,20.913302448709462,4361.0,6368,496.25,117,3556.25,1.2262917398945519,True
pubmed_deepres28_w128,20,R3_MOSAIC_ANCHOR,32,64,128,2311.0,25.42204568023833,4361.0,6732,558.75,110,2979.75,1.4635455994630422,True
pubmed_deepres28_w128,20,R3_MOSAIC_ANCHOR,32,55,128,2049.0,21.847070506454816,4361.0,6416,633.75,112,2794.75,1.5604257983719474,True
pubmed_deepres28_w128,20,R3_MOSAIC_ANCHOR,32,85,128,3205.0,22.501654533421576,4361.0,6200,567.5,128,3900.5,1.118061786950391,True
pubmed_deepres28_w128,20,R3_MOSAIC_ANCHOR,32,71,128,2943.0,18.79549966909332,4361.0,6340,516.25,115,3574.25,1.2201161082744632,True
pubmed_deepres28_w128,20,R3_MOSAIC_ANCHOR,32,62,128,2311.0,24.627606752730884,4361.0,6676,581.25,110,3002.25,1.4525772337413607,True
pubmed_deepres28_w128,20,R3_MOSAIC_ANCHOR,32,68,128,2943.0,18.00132362673726,4361.0,6624,606.25,117,3666.25,1.1894988066825776,True
pubmed_deepres28_w128,20,R3_MOSAIC_ANCHOR,32,81,128,2943.0,21.4427531436135,4361.0,6120,471.25,118,3532.25,1.2346238233420623,True
pubmed_deepres28_w128,20,R3_MOSAIC_ANCHOR,32,61,128,2049.0,24.23038728897716,4361.0,6440,558.75,110,2717.75,1.604636188023181,True
pubmed_deepres28_w128,20,R3_MOSAIC_ANCHOR,32,74,128,2943.0,19.58967571144937,4361.0,6292,583.75,121,3647.75,1.1955314920156261,True
pubmed_deepres28_w128,20,R3_MOSAIC_ANCHOR,32,59,128,2049.0,23.435948361469716,4361.0,6448,555.0,107,2711.0,1.6086315012910366,True
pubmed_deepres28_w128,20,R3_MOSAIC_ANCHOR,32,83,128,3205.0,21.972203838517537,4361.0,6488,570.0,125,3900.0,1.1182051282051282,True
pubmed_deepres28_w128,20,R3_MOSAIC_ANCHOR,32,56,128,2049.0,22.24428997020854,4361.0,6216,601.25,109,2759.25,1.5805019479931142,True
pubmed_deepres28_w128,20,R3_MOSAIC_ANCHOR,32,64,128,2311.0,25.42204568023833,4361.0,6708,511.25,107,2929.25,1.4887769906972774,True
pubmed_deepres28_w128,20,R3_MOSAIC_ANCHOR,32,76,128,2943.0,20.11912640635341,4361.0,6240,466.25,114,3523.25,1.2377776200950827,True
pubmed_deepres28_w128,20,R3_MOSAIC_ANCHOR,32,58,128,2049.0,23.038728897715988,4361.0,6596,547.5,106,2702.5,1.613691026827012,True
pubmed_deepres28_w128,20,R3_MOSAIC_ANCHOR,32,55,128,2049.0,21.847070506454816,4361.0,6208,673.75,115,2837.75,1.5367809003612016,True
pubmed_deepres28_w128,20,R3_MOSAIC_ANCHOR,32,68,128,2943.0,18.00132362673726,4361.0,6556,623.75,118,3684.75,1.1835266978763823,True
pubmed_deepres28_w128,20,R3_MOSAIC_ANCHOR,32,54,128,2049.0,21.44985104270109,4361.0,6248,720.0,117,2886.0,1.5110880110880112,True
pubmed_deepres28_w128,20,R3_MOSAIC_ANCHOR,32,86,128,3205.0,22.766379880873597,4361.0,6476,520.0,126,3851.0,1.132433134250844,True
pubmed_deepres28_w128,20,R3_MOSAIC_ANCHOR,32,58,128,2049.0,23.038728897715988,4361.0,6740,478.75,99,2626.75,1.6602265156562293,True
pubmed_deepres28_w128,20,R3_MOSAIC_ANCHOR,32,59,128,2049.0,23.435948361469716,4361.0,6532,568.75,109,2726.75,1.5993398734757496,True
pubmed_deepres28_w128,20,R3_MOSAIC_ANCHOR,32,53,128,2049.0,21.05263157894737,4361.0,6456,583.75,104,2736.75,1.5934959349593496,True
pubmed_deepres28_w128,20,R3_MOSAIC_ANCHOR,32,79,128,2943.0,20.913302448709462,4361.0,6268,573.75,125,3641.75,1.1975012013455069,True
pubmed_deepres28_w128,20,R3_MOSAIC_ANCHOR,32,60,128,2049.0,23.83316782522344,4361.0,6668,535.0,107,2691.0,1.6205871423262728,True
pubmed_deepres28_w128,20,R3_MOSAIC_ANCHOR,32,54,128,2049.0,21.44985104270109,4361.0,6188,636.25,110,2795.25,1.5601466773991592,True
pubmed_deepres28_w128,20,R3_MOSAIC_ANCHOR,32,61,128,2049.0,24.23038728897716,4361.0,6524,598.75,112,2759.75,1.5802155992390614,True
pubmed_deepres28_w128,20,R3_MOSAIC_ANCHOR,32,67,128,2943.0,17.736598279285243,4361.0,5832,568.75,114,3625.75,1.2027856305591946,True
pubmed_deepres28_w128,20,R3_MOSAIC_ANCHOR,32,49,128,2049.0,19.463753723932477,4361.0,5760,390.0,86,2525.0,1.727128712871287,True
pubmed_deepres28_w128,20,R3_MOSAIC_ANCHOR,32,66,128,2943.0,17.47187293183322,4361.0,6452,530.0,110,3583.0,1.2171364778118894,True
pubmed_deepres28_w128,20,R3_MOSAIC_ANCHOR,32,44,128,2049.0,17.477656405163852,4361.0,5384,328.75,78,2455.75,1.775832230479487,True
pubmed_deepres28_w128,20,R3_MOSAIC_ANCHOR,32,64,128,2311.0,25.42204568023833,4361.0,6480,536.25,108,2955.25,1.4756788765755857,True
pubmed_deepres28_w128,20,R3_MOSAIC_ANCHOR,32,83,128,3205.0,21.972203838517537,4361.0,6328,607.5,130,3942.5,1.1061509194673431,True
pubmed_deepres28_w128,20,R3_MOSAIC_ANCHOR,32,73,128,2943.0,19.324950363997356,4361.0,6492,517.5,114,3574.5,1.2200307735347602,True
pubmed_deepres28_w128,20,R3_MOSAIC_ANCHOR,32,54,128,2049.0,21.44985104270109,4361.0,6280,502.5,100,2651.5,1.6447293984537055,True
pubmed_deepres28_w128,20,R3_MOSAIC_ANCHOR,32,76,128,2943.0,20.11912640635341,4361.0,5712,431.25,110,3484.25,1.2516323455549976,True
pubmed_deepres28_w128,20,R3_MOSAIC_ANCHOR,32,67,128,2943.0,17.736598279285243,4361.0,6544,590.0,115,3648.0,1.1954495614035088,True
pubmed_deepres28_w128,20,R3_MOSAIC_ANCHOR,32,68,128,2943.0,18.00132362673726,4361.0,5792,542.5,112,3597.5,1.2122307157748435,True
pubmed_deepres28_w128,20,R3_MOSAIC_ANCHOR,32,59,128,2049.0,23.435948361469716,4361.0,6592,680.0,115,2844.0,1.5334036568213782,True
pubmed_deepres28_w128,20,R3_MOSAIC_ANCHOR,32,57,128,2049.0,22.641509433962263,4361.0,6292,455.0,98,2602.0,1.6760184473481936,True
pubmed_deepres28_w128,20,R3_MOSAIC_ANCHOR,32,68,128,2943.0,18.00132362673726,4361.0,6532,517.5,110,3570.5,1.2213975633664753,True
pubmed_deepres28_w128,20,R3_MOSAIC_ANCHOR,32,67,128,2943.0,17.736598279285243,4361.0,5584,395.0,101,3439.0,1.2681011922070369,True
pubmed_deepres28_w128,20,R3_MOSAIC_ANCHOR,32,56,128,2049.0,22.24428997020854,4361.0,6260,505.0,101,2655.0,1.6425612052730696,True
pubmed_deepres28_w128,20,R3_MOSAIC_ANCHOR,32,51,128,2049.0,20.25819265143992,4361.0,5956,328.75,82,2459.75,1.7729444049191991,True
pubmed_deepres28_w128,20,R3_MOSAIC_ANCHOR,32,67,128,2943.0,17.736598279285243,4361.0,6616,536.25,111,3590.25,1.2146786435484993,True
pubmed_deepres28_w128,20,R3_MOSAIC_ANCHOR,32,70,128,2943.0,18.530774321641296,4361.0,5800,636.25,122,3701.25,1.1782505910165484,True
pubmed_deepres28_w128,20,R3_MOSAIC_ANCHOR,32,56,128,2049.0,22.24428997020854,4361.0,6508,540.0,102,2691.0,1.6205871423262728,True
pubmed_deepres28_w128,20,R3_MOSAIC_ANCHOR,32,59,128,2049.0,23.435948361469716,4361.0,6424,477.5,100,2626.5,1.6603845421663812,True
pubmed_deepres28_w128,20,R3_MOSAIC_ANCHOR,32,55,128,2049.0,21.847070506454816,4361.0,5620,430.0,94,2573.0,1.6949086669257676,True
pubmed_deepres28_w128,20,R3_MOSAIC_ANCHOR,32,59,128,2049.0,23.435948361469716,4361.0,6596,653.75,113,2815.75,1.5487880671224363,True
pubmed_deepres28_w128,20,R3_MOSAIC_ANCHOR,32,60,128,2049.0,23.83316782522344,4361.0,6496,575.0,109,2733.0,1.5956824002927186,True
pubmed_deepres28_w128,20,R3_MOSAIC_ANCHOR,32,75,128,2943.0,19.85440105890139,4361.0,6004,500.0,115,3558.0,1.2256885890949971,True
pubmed_deepres28_w128,20,R3_MOSAIC_ANCHOR,32,72,128,2943.0,19.06022501654533,4361.0,6512,543.75,115,3601.75,1.2108003054070937,True
pubmed_deepres28_w128,20,R3_MOSAIC_ANCHOR,32,60,128,2049.0,23.83316782522344,4361.0,6276,480.0,102,2631.0,1.6575446598251615,True
pubmed_deepres28_w128,20,R3_MOSAIC_ANCHOR,32,61,128,2049.0,24.23038728897716,4361.0,6448,590.0,111,2750.0,1.5858181818181818,True
pubmed_deepres28_w128,20,R3_MOSAIC_ANCHOR,32,82,128,3205.0,21.70747849106552,4361.0,5920,508.75,122,3835.75,1.1369354102848204,True
pubmed_deepres28_w128,20,R3_MOSAIC_ANCHOR,32,60,128,2049.0,23.83316782522344,4361.0,6652,575.0,109,2733.0,1.5956824002927186,True
pubmed_deepres28_w128,20,R3_MOSAIC_ANCHOR,32,56,128,2049.0,22.24428997020854,4361.0,5736,336.25,86,2471.25,1.7646939807789581,True
pubmed_deepres28_w128,20,R3_MOSAIC_ANCHOR,32,58,128,2049.0,23.038728897715988,4361.0,6512,515.0,102,2666.0,1.6357839459864967,True
pubmed_deepres28_w128,20,R3_MOSAIC_ANCHOR,32,82,128,3205.0,21.70747849106552,4361.0,6164,458.75,117,3780.75,1.153474839648218,True
pubmed_deepres28_w128,20,R3_MOSAIC_ANCHOR,32,58,128,2049.0,23.038728897715988,4361.0,6560,575.0,108,2732.0,1.5962664714494876,True
pubmed_deepres28_w128,20,R3_MOSAIC_ANCHOR,32,59,128,2049.0,23.435948361469716,4361.0,6640,630.0,111,2790.0,1.5630824372759857,True
pubmed_deepres28_w128,20,R3_MOSAIC_ANCHOR,32,55,128,2049.0,21.847070506454816,4361.0,6204,395.0,92,2536.0,1.7196372239747635,True
pubmed_deepres28_w128,20,R3_MOSAIC_ANCHOR,32,66,128,2943.0,17.47187293183322,4361.0,6616,553.75,111,3607.75,1.2087866398724967,True
pubmed_deepres28_w128,20,R3_MOSAIC_ANCHOR,32,69,128,2943.0,18.26604897418928,4361.0,6280,552.5,115,3610.5,1.2078659465447998,True
pubmed_deepres28_w128,20,R3_MOSAIC_ANCHOR,32,50,128,2049.0,19.860973187686195,4361.0,5280,357.5,84,2490.5,1.7510540052198353,True
pubmed_deepres28_w128,20,R3_MOSAIC_ANCHOR,32,70,128,2943.0,18.530774321641296,4361.0,5844,555.0,116,3614.0,1.2066961815163253,True
pubmed_deepres28_w128,20,R3_MOSAIC_ANCHOR,32,44,128,2049.0,17.477656405163852,4361.0,5364,212.5,66,2327.5,1.8736842105263158,True
pubmed_deepres28_w128,20,R3_MOSAIC_ANCHOR,32,85,128,3205.0,22.501654533421576,4361.0,6560,568.75,127,3900.75,1.1179901301031854,True
pubmed_deepres28_w128,20,R3_MOSAIC_ANCHOR,32,64,128,2311.0,25.42204568023833,4361.0,5956,495.0,106,2912.0,1.4975961538461537,True
pubmed_deepres28_w128,20,R3_MOSAIC_ANCHOR,32,45,128,2049.0,17.874875868917577,4361.0,5376,271.25,73,2393.25,1.82220829416066,True
pubmed_deepres28_w128,20,R3_MOSAIC_ANCHOR,32,86,128,3205.0,22.766379880873597,4361.0,5804,395.0,114,3714.0,1.1742057081313948,True
pubmed_deepres28_w128,20,R3_MOSAIC_ANCHOR,32,61,128,2049.0,24.23038728897716,4361.0,5872,486.25,104,2639.25,1.6523633608032584,True
pubmed_deepres28_w128,20,R3_MOSAIC_ANCHOR,32,51,128,2049.0,20.25819265143992,4361.0,5420,288.75,79,2416.75,1.8044895003620565,True
pubmed_deepres28_w128,20,R3_MOSAIC_ANCHOR,32,69,128,2943.0,18.26604897418928,4361.0,6432,542.5,114,3599.5,1.2115571607167661,True
pubmed_deepres28_w128,20,R3_MOSAIC_ANCHOR,32,71,128,2943.0,18.79549966909332,4361.0,5852,485.0,110,3538.0,1.232617297908423,True
pubmed_deepres28_w128,20,R3_MOSAIC_ANCHOR,32,47,128,2049.0,18.669314796425024,4361.0,5380,321.25,79,2449.25,1.78054506481576,True
pubmed_deepres28_w128,20,R3_MOSAIC_ANCHOR,32,48,128,2049.0,19.06653426017875,4361.0,5412,305.0,78,2432.0,1.793174342105263,True
pubmed_deepres28_w128,20,R3_MOSAIC_ANCHOR,32,59,128,2049.0,23.435948361469716,4361.0,5480,307.5,86,2442.5,1.7854657113613102,True
pubmed_deepres28_w128,20,R3_MOSAIC_ANCHOR,32,77,128,2943.0,20.383851753805427,4361.0,5748,430.0,111,3484.0,1.2517221584385763,True
pubmed_deepres28_w128,20,R3_MOSAIC_ANCHOR,32,55,128,2049.0,21.847070506454816,4361.0,5520,345.0,86,2480.0,1.758467741935484,True
pubmed_deepres28_w128,20,R3_MOSAIC_ANCHOR,32,55,128,2049.0,21.847070506454816,4361.0,5480,345.0,86,2480.0,1.758467741935484,True
pubmed_deepres28_w128,20,R3_MOSAIC_ANCHOR,32,58,128,2049.0,23.038728897715988,4361.0,6292,632.5,113,2794.5,1.5605653963141886,True
pubmed_deepres28_w128,20,R3_MOSAIC_ANCHOR,32,44,128,2049.0,17.477656405163852,4361.0,5376,311.25,75,2435.25,1.7907812339595524,True
pubmed_deepres28_w128,20,R3_MOSAIC_ANCHOR,32,63,128,2311.0,25.02482621648461,4361.0,6640,552.5,110,2973.5,1.4666218261308224,True
pubmed_deepres28_w128,20,R3_MOSAIC_ANCHOR,32,86,128,3205.0,22.766379880873597,4361.0,6140,521.25,125,3851.25,1.132359623498864,True
pubmed_deepres28_w128,20,R3_MOSAIC_ANCHOR,32,60,128,2049.0,23.83316782522344,4361.0,6392,680.0,119,2848.0,1.53125,True
pubmed_deepres28_w128,20,R3_MOSAIC_ANCHOR,32,85,128,3205.0,22.501654533421576,4361.0,6232,641.25,135,3981.25,1.0953846153846154,True
pubmed_deepres28_w128,20,R3_MOSAIC_ANCHOR,32,66,128,2943.0,17.47187293183322,4361.0,6508,543.75,110,3596.75,1.2124834920414262,True
pubmed_deepres28_w128,20,R3_MOSAIC_ANCHOR,32,58,128,2049.0,23.038728897715988,4361.0,6672,556.25,104,2709.25,1.6096705730368184,True
pubmed_deepres28_w128,20,R3_MOSAIC_ANCHOR,32,57,128,2049.0,22.641509433962263,4361.0,6396,680.0,116,2845.0,1.5328646748681898,True
pubmed_deepres28_w128,20,R3_MOSAIC_ANCHOR,32,83,128,3205.0,21.972203838517537,4361.0,5916,507.5,122,3834.5,1.1373060372929977,True
pubmed_deepres28_w128,20,R3_MOSAIC_ANCHOR,32,64,128,2311.0,25.42204568023833,4361.0,6688,587.5,114,3012.5,1.4476348547717843,True
pubmed_deepres28_w128,20,R3_MOSAIC_ANCHOR,32,70,128,2943.0,18.530774321641296,4361.0,6324,482.5,110,3535.5,1.2334888983170698,True
pubmed_deepres28_w128,20,R3_MOSAIC_ANCHOR,32,64,128,2311.0,25.42204568023833,4361.0,6620,626.25,116,3053.25,1.4283140915417998,True
pubmed_deepres28_w128,20,R3_MOSAIC_ANCHOR,32,45,128,2049.0,17.874875868917577,4361.0,5388,417.5,85,2551.5,1.7091906721536352,True
pubmed_deepres28_w128,20,R3_MOSAIC_ANCHOR,32,58,128,2049.0,23.038728897715988,4361.0,6456,450.0,97,2596.0,1.6798921417565484,True
pubmed_deepres28_w128,20,R3_MOSAIC_ANCHOR,32,71,128,2943.0,18.79549966909332,4361.0,6084,436.25,107,3486.25,1.2509143062029402,True
pubmed_deepres28_w128,20,R3_MOSAIC_ANCHOR,32,85,128,3205.0,22.501654533421576,4361.0,6516,466.25,120,3791.25,1.1502802505769865,True
pubmed_deepres28_w128,20,R3_MOSAIC_ANCHOR,32,58,128,2049.0,23.038728897715988,4361.0,5600,392.5,93,2534.5,1.720654961530874,True
pubmed_deepres28_w128,20,R3_MOSAIC_ANCHOR,32,56,128,2049.0,22.24428997020854,4361.0,6424,640.0,112,2801.0,1.5569439485897894,True
pubmed_deepres28_w128,20,R3_MOSAIC_ANCHOR,32,43,128,2049.0,17.080436941410127,4361.0,5400,271.25,71,2391.25,1.8237323575535809,True
pubmed_deepres28_w128,20,R3_MOSAIC_ANCHOR,32,84,128,3205.0,22.23692918596956,4361.0,5880,500.0,123,3828.0,1.1392371995820272,True
pubmed_deepres28_w128,20,R3_MOSAIC_ANCHOR,32,58,128,2049.0,23.038728897715988,4361.0,6444,630.0,113,2792.0,1.5619627507163323,True
pubmed_deepres28_w128,20,R3_MOSAIC_ANCHOR,32,70,128,2943.0,18.530774321641296,4361.0,6528,561.25,116,3620.25,1.2046129410952282,True
pubmed_deepres28_w128,20,R3_MOSAIC_ANCHOR,32,42,128,2049.0,16.683217477656406,4361.0,5372,233.75,67,2349.75,1.8559421215022875,True
pubmed_deepres28_w128,20,R3_MOSAIC_ANCHOR,5,42,128,1617.0,3.31858407079646,3497.0,840,18.75,26,1661.75,2.1044080036106516,True
pubmed_deepres28_w128,24,R3_MOSAIC_ANCHOR,32,72,128,2943.0,19.06022501654533,4361.0,5692,493.75,112,3548.75,1.2288834096512857,True
pubmed_deepres28_w128,24,R3_MOSAIC_ANCHOR,32,41,128,2049.0,16.28599801390268,4361.0,5100,326.25,72,2447.25,1.7820002043109613,True
pubmed_deepres28_w128,24,R3_MOSAIC_ANCHOR,32,80,128,2943.0,21.178027796161484,4361.0,6588,312.5,104,3359.5,1.298109837773478,True
pubmed_deepres28_w128,24,R3_MOSAIC_ANCHOR,32,58,128,2049.0,23.038728897715988,4361.0,5368,476.25,98,2623.25,1.6624416277518346,True
pubmed_deepres28_w128,24,R3_MOSAIC_ANCHOR,32,56,128,2049.0,22.24428997020854,4361.0,6328,268.75,81,2398.75,1.818030224075039,True
pubmed_deepres28_w128,24,R3_MOSAIC_ANCHOR,32,57,128,2049.0,22.641509433962263,4361.0,5268,463.75,97,2609.75,1.6710412874796436,True
pubmed_deepres28_w128,24,R3_MOSAIC_ANCHOR,32,68,128,2943.0,18.00132362673726,4361.0,5812,497.5,109,3549.5,1.2286237498239188,True
pubmed_deepres28_w128,24,R3_MOSAIC_ANCHOR,32,76,128,2943.0,20.11912640635341,4361.0,6756,277.5,97,3317.5,1.3145440844009042,True
pubmed_deepres28_w128,24,R3_MOSAIC_ANCHOR,32,61,128,2049.0,24.23038728897716,4361.0,5948,522.5,106,2677.5,1.6287581699346405,True
pubmed_deepres28_w128,24,R3_MOSAIC_ANCHOR,32,43,128,2049.0,17.080436941410127,4361.0,5084,380.0,79,2508.0,1.7388357256778308,True
pubmed_deepres28_w128,24,R3_MOSAIC_ANCHOR,32,58,128,2049.0,23.038728897715988,4361.0,6760,197.5,75,2321.5,1.878526814559552,True
pubmed_deepres28_w128,24,R3_MOSAIC_ANCHOR,32,77,128,2943.0,20.383851753805427,4361.0,5712,588.75,123,3654.75,1.1932416717969765,True
pubmed_deepres28_w128,24,R3_MOSAIC_ANCHOR,32,61,128,2049.0,24.23038728897716,4361.0,6220,318.75,89,2456.75,1.7751093924900783,True
pubmed_deepres28_w128,24,R3_MOSAIC_ANCHOR,32,44,128,2049.0,17.477656405163852,4361.0,5076,420.0,83,2552.0,1.7088557993730407,True
pubmed_deepres28_w128,24,R3_MOSAIC_ANCHOR,32,67,128,2943.0,17.736598279285243,4361.0,6248,418.75,102,3463.75,1.2590400577408878,True
pubmed_deepres28_w128,24,R3_MOSAIC_ANCHOR,32,80,128,2943.0,21.178027796161484,4361.0,5952,561.25,126,3630.25,1.2012946766751602,True
pubmed_deepres28_w128,24,R3_MOSAIC_ANCHOR,32,43,128,2049.0,17.080436941410127,4361.0,5080,423.75,83,2555.75,1.70634843001076,True
pubmed_deepres28_w128,24,R3_MOSAIC_ANCHOR,32,51,128,2049.0,20.25819265143992,4361.0,6008,405.0,88,2542.0,1.7155782848151062,True
pubmed_deepres28_w128,24,R3_MOSAIC_ANCHOR,32,73,128,2943.0,19.324950363997356,4361.0,5800,500.0,114,3557.0,1.2260331740230532,True
pubmed_deepres28_w128,24,R3_MOSAIC_ANCHOR,32,63,128,2311.0,25.02482621648461,4361.0,6604,248.75,84,2643.75,1.6495508274231678,True
pubmed_deepres28_w128,24,R3_MOSAIC_ANCHOR,32,54,128,2049.0,21.44985104270109,4361.0,6152,305.0,83,2437.0,1.7894952810832991,True
pubmed_deepres28_w128,24,R3_MOSAIC_ANCHOR,32,50,128,2049.0,19.860973187686195,4361.0,5240,508.75,96,2653.75,1.6433349034385303,True
pubmed_deepres28_w128,24,R3_MOSAIC_ANCHOR,32,76,128,2943.0,20.11912640635341,4361.0,6704,276.25,97,3316.25,1.3150395778364117,True
pubmed_deepres28_w128,24,R3_MOSAIC_ANCHOR,32,72,128,2943.0,19.06022501654533,4361.0,5876,496.25,113,3552.25,1.227672601872053,True
pubmed_deepres28_w128,24,R3_MOSAIC_ANCHOR,32,50,128,2049.0,19.860973187686195,4361.0,5992,326.25,81,2456.25,1.775470737913486,True
pubmed_deepres28_w128,24,R3_MOSAIC_ANCHOR,32,44,128,2049.0,17.477656405163852,4361.0,5088,337.5,76,2462.5,1.7709644670050761,True
pubmed_deepres28_w128,24,R3_MOSAIC_ANCHOR,32,79,128,2943.0,20.913302448709462,4361.0,6344,330.0,105,3378.0,1.2910005920663115,True
pubmed_deepres28_w128,24,R3_MOSAIC_ANCHOR,32,62,128,2311.0,24.627606752730884,4361.0,5924,511.25,105,2927.25,1.4897941754206165,True
pubmed_deepres28_w128,24,R3_MOSAIC_ANCHOR,32,51,128,2049.0,20.25819265143992,4361.0,6008,323.75,83,2455.75,1.775832230479487,True
pubmed_deepres28_w128,24,R3_MOSAIC_ANCHOR,32,55,128,2049.0,21.847070506454816,4361.0,5432,566.25,105,2720.25,1.6031614741292162,True
pubmed_deepres28_w128,24,R3_MOSAIC_ANCHOR,32,76,128,2943.0,20.11912640635341,4361.0,6360,461.25,114,3518.25,1.2395367014851133,True
pubmed_deepres28_w128,24,R3_MOSAIC_ANCHOR,32,62,128,2311.0,24.627606752730884,4361.0,6724,280.0,86,2677.0,1.6290623832648488,True
pubmed_deepres28_w128,24,R3_MOSAIC_ANCHOR,32,69,128,2943.0,18.26604897418928,4361.0,5748,508.75,112,3563.75,1.2237109786039986,True
pubmed_deepres28_w128,24,R3_MOSAIC_ANCHOR,32,56,128,2049.0,22.24428997020854,4361.0,6068,282.5,82,2413.5,1.8069194116428424,True
pubmed_deepres28_w128,24,R3_MOSAIC_ANCHOR,32,65,128,2943.0,17.207147584381204,4361.0,5524,486.25,106,3535.25,1.2335761261579803,True
pubmed_deepres28_w128,24,R3_MOSAIC_ANCHOR,32,64,128,2311.0,25.42204568023833,4361.0,6840,258.75,86,2655.75,1.6420973359691236,True
pubmed_deepres28_w128,24,R3_MOSAIC_ANCHOR,32,62,128,2311.0,24.627606752730884,4361.0,6064,323.75,90,2724.75,1.6005138086062942,True
pubmed_deepres28_w128,24,R3_MOSAIC_ANCHOR,32,79,128,2943.0,20.913302448709462,4361.0,5852,422.5,113,3478.5,1.2537013080350725,True
pubmed_deepres28_w128,24,R3_MOSAIC_ANCHOR,32,61,128,2049.0,24.23038728897716,4361.0,5684,495.0,105,2649.0,1.6462816157040392,True
pubmed_deepres28_w128,24,R3_MOSAIC_ANCHOR,32,69,128,2943.0,18.26604897418928,4361.0,6592,277.5,92,3312.5,1.3165283018867924,True
pubmed_deepres28_w128,24,R3_MOSAIC_ANCHOR,32,68,128,2943.0,18.00132362673726,4361.0,5632,533.75,113,3589.75,1.214847830628874,True
pubmed_deepres28_w128,24,R3_MOSAIC_ANCHOR,32,70,128,2943.0,18.530774321641296,4361.0,5768,522.5,112,3577.5,1.2190076869322153,True
pubmed_deepres28_w128,24,R3_MOSAIC_ANCHOR,32,60,128,2049.0,23.83316782522344,4361.0,6148,353.75,92,2494.75,1.748070948992885,True
pubmed_deepres28_w128,24,R3_MOSAIC_ANCHOR,32,76,128,2943.0,20.11912640635341,4361.0,6660,320.0,101,3364.0,1.2963733650416172,True
pubmed_deepres28_w128,24,R3_MOSAIC_ANCHOR,32,61,128,2049.0,24.23038728897716,4361.0,5664,518.75,105,2672.75,1.6316527920680945,True
pubmed_deepres28_w128,24,R3_MOSAIC_ANCHOR,32,58,128,2049.0,23.038728897715988,4361.0,6628,205.0,77,2331.0,1.8708708708708708,True
pubmed_deepres28_w128,24,R3_MOSAIC_ANCHOR,32,43,128,2049.0,17.080436941410127,4361.0,5100,341.25,75,2465.25,1.7689889463543251,True
pubmed_deepres28_w128,24,R3_MOSAIC_ANCHOR,32,71,128,2943.0,18.79549966909332,4361.0,5736,431.25,107,3481.25,1.2527109515260324,True
pubmed_deepres28_w128,24,R3_MOSAIC_ANCHOR,32,42,128,2049.0,16.683217477656406,4361.0,5092,382.5,78,2509.5,1.7377963737796374,True
pubmed_deepres28_w128,24,R3_MOSAIC_ANCHOR,32,79,128,2943.0,20.913302448709462,4361.0,6608,357.5,107,3407.5,1.27982391782832,True
pubmed_deepres28_w128,24,R3_MOSAIC_ANCHOR,32,65,128,2943.0,17.207147584381204,4361.0,5680,490.0,107,3540.0,1.2319209039548022,True
pubmed_deepres28_w128,24,R3_MOSAIC_ANCHOR,32,58,128,2049.0,23.038728897715988,4361.0,5868,535.0,105,2689.0,1.6217924879137227,True
pubmed_deepres28_w128,24,R3_MOSAIC_ANCHOR,32,56,128,2049.0,22.24428997020854,4361.0,5388,510.0,101,2660.0,1.6394736842105264,True
pubmed_deepres28_w128,24,R3_MOSAIC_ANCHOR,32,67,128,2943.0,17.736598279285243,4361.0,6292,397.5,101,3441.5,1.2671800087171292,True
pubmed_deepres28_w128,24,R3_MOSAIC_ANCHOR,32,43,128,2049.0,17.080436941410127,4361.0,5096,326.25,74,2449.25,1.78054506481576,True
pubmed_deepres28_w128,24,R3_MOSAIC_ANCHOR,32,68,128,2943.0,18.00132362673726,4361.0,5392,535.0,113,3591.0,1.2144249512670566,True
pubmed_deepres28_w128,24,R3_MOSAIC_ANCHOR,32,60,128,2049.0,23.83316782522344,4361.0,6216,257.5,83,2389.5,1.8250680058589663,True
pubmed_deepres28_w128,24,R3_MOSAIC_ANCHOR,32,71,128,2943.0,18.79549966909332,4361.0,5620,488.75,110,3541.75,1.2313122044187195,True
pubmed_deepres28_w128,24,R3_MOSAIC_ANCHOR,32,76,128,2943.0,20.11912640635341,4361.0,6288,376.25,106,3425.25,1.2731917378293556,True
pubmed_deepres28_w128,24,R3_MOSAIC_ANCHOR,32,62,128,2311.0,24.627606752730884,4361.0,6304,247.5,84,2642.5,1.6503311258278146,True
pubmed_deepres28_w128,24,R3_MOSAIC_ANCHOR,32,57,128,2049.0,22.641509433962263,4361.0,6012,392.5,93,2534.5,1.720654961530874,True
pubmed_deepres28_w128,24,R3_MOSAIC_ANCHOR,32,78,128,2943.0,20.648577101257445,4361.0,6156,455.0,114,3512.0,1.241742596810934,True
pubmed_deepres28_w128,24,R3_MOSAIC_ANCHOR,32,53,128,2049.0,21.05263157894737,4361.0,6108,197.5,72,2318.5,1.8809575156351088,True
pubmed_deepres28_w128,24,R3_MOSAIC_ANCHOR,32,62,128,2311.0,24.627606752730884,4361.0,6604,225.0,82,2618.0,1.6657754010695187,True
pubmed_deepres28_w128,24,R3_MOSAIC_ANCHOR,32,52,128,2049.0,20.655412115193645,4361.0,6248,286.25,80,2415.25,1.805610185281027,True
pubmed_deepres28_w128,24,R3_MOSAIC_ANCHOR,32,79,128,2943.0,20.913302448709462,4361.0,6524,412.5,111,3466.5,1.2580412519832684,True
pubmed_deepres28_w128,24,R3_MOSAIC_ANCHOR,32,60,128,2049.0,23.83316782522344,4361.0,6788,252.5,82,2383.5,1.829662261380323,True
pubmed_deepres28_w128,24,R3_MOSAIC_ANCHOR,32,55,128,2049.0,21.847070506454816,4361.0,6092,258.75,79,2386.75,1.8271708390070178,True
pubmed_deepres28_w128,24,R3_MOSAIC_ANCHOR,32,56,128,2049.0,22.24428997020854,4361.0,6024,430.0,94,2573.0,1.6949086669257676,True
pubmed_deepres28_w128,24,R3_MOSAIC_ANCHOR,32,80,128,2943.0,21.178027796161484,4361.0,6160,413.75,112,3468.75,1.2572252252252252,True
pubmed_deepres28_w128,24,R3_MOSAIC_ANCHOR,32,50,128,2049.0,19.860973187686195,4361.0,6020,376.25,86,2511.25,1.7365853658536585,True
pubmed_deepres28_w128,24,R3_MOSAIC_ANCHOR,32,58,128,2049.0,23.038728897715988,4361.0,6320,285.0,84,2418.0,1.8035566583953682,True
pubmed_deepres28_w128,24,R3_MOSAIC_ANCHOR,32,66,128,2943.0,17.47187293183322,4361.0,6108,407.5,100,3450.5,1.2638748007535139,True
pubmed_deepres28_w128,24,R3_MOSAIC_ANCHOR,32,61,128,2049.0,24.23038728897716,4361.0,5572,432.5,98,2579.5,1.6906377204884668,True
pubmed_deepres28_w128,24,R3_MOSAIC_ANCHOR,32,74,128,2943.0,19.58967571144937,4361.0,6004,397.5,105,3445.5,1.2657088956610072,True
pubmed_deepres28_w128,24,R3_MOSAIC_ANCHOR,32,58,128,2049.0,23.038728897715988,4361.0,6696,211.25,77,2337.25,1.8658680072735052,True
pubmed_deepres28_w128,24,R3_MOSAIC_ANCHOR,32,52,128,2049.0,20.655412115193645,4361.0,6056,290.0,79,2418.0,1.8035566583953682,True
pubmed_deepres28_w128,24,R3_MOSAIC_ANCHOR,32,77,128,2943.0,20.383851753805427,4361.0,5768,393.75,108,3444.75,1.2659844691196749,True
pubmed_deepres28_w128,24,R3_MOSAIC_ANCHOR,32,78,128,2943.0,20.648577101257445,4361.0,5732,432.5,112,3487.5,1.2504659498207886,True
pubmed_deepres28_w128,24,R3_MOSAIC_ANCHOR,32,62,128,2311.0,24.627606752730884,4361.0,6588,233.75,83,2627.75,1.6595947103034916,True
pubmed_deepres28_w128,24,R3_MOSAIC_ANCHOR,32,61,128,2049.0,24.23038728897716,4361.0,6300,302.5,88,2439.5,1.787661406025825,True
pubmed_deepres28_w128,24,R3_MOSAIC_ANCHOR,32,46,128,2049.0,18.272095332671302,4361.0,5136,392.5,81,2522.5,1.728840436075322,True
pubmed_deepres28_w128,24,R3_MOSAIC_ANCHOR,32,80,128,2943.0,21.178027796161484,4361.0,6024,425.0,113,3481.0,1.25280091927607,True
pubmed_deepres28_w128,24,R3_MOSAIC_ANCHOR,32,60,128,2049.0,23.83316782522344,4361.0,6820,253.75,83,2385.75,1.8279367075343183,True
pubmed_deepres28_w128,24,R3_MOSAIC_ANCHOR,32,54,128,2049.0,21.44985104270109,4361.0,6048,376.25,88,2513.25,1.7352034218641201,True
pubmed_deepres28_w128,24,R3_MOSAIC_ANCHOR,32,46,128,2049.0,18.272095332671302,4361.0,5096,401.25,85,2535.25,1.7201459422147718,True
pubmed_deepres28_w128,24,R3_MOSAIC_ANCHOR,32,61,128,2049.0,24.23038728897716,4361.0,6660,215.0,80,2344.0,1.860494880546075,True
pubmed_deepres28_w128,24,R3_MOSAIC_ANCHOR,32,80,128,2943.0,21.178027796161484,4361.0,6220,498.75,118,3559.75,1.2250860313224243,True
pubmed_deepres28_w128,24,R3_MOSAIC_ANCHOR,32,63,128,2311.0,25.02482621648461,4361.0,6312,307.5,89,2707.5,1.6107109879963066,True
pubmed_deepres28_w128,24,R3_MOSAIC_ANCHOR,32,80,128,2943.0,21.178027796161484,4361.0,6228,365.0,108,3416.0,1.276639344262295,True
pubmed_deepres28_w128,24,R3_MOSAIC_ANCHOR,32,63,128,2311.0,25.02482621648461,4361.0,6320,365.0,94,2770.0,1.5743682310469314,True
pubmed_deepres28_w128,24,R3_MOSAIC_ANCHOR,32,49,128,2049.0,19.463753723932477,4361.0,6000,411.25,87,2547.25,1.7120423986652271,True
pubmed_deepres28_w128,24,R3_MOSAIC_ANCHOR,32,54,128,2049.0,21.44985104270109,4361.0,6172,333.75,85,2467.75,1.7671968392260156,True
pubmed_deepres28_w128,24,R3_MOSAIC_ANCHOR,32,80,128,2943.0,21.178027796161484,4361.0,6004,438.75,113,3494.75,1.2478718077115674,True
pubmed_deepres28_w128,24,R3_MOSAIC_ANCHOR,32,70,128,2943.0,18.530774321641296,4361.0,6028,403.75,103,3449.75,1.264149576056236,True
pubmed_deepres28_w128,24,R3_MOSAIC_ANCHOR,32,61,128,2049.0,24.23038728897716,4361.0,6816,232.5,81,2362.5,1.845925925925926,True
pubmed_deepres28_w128,24,R3_MOSAIC_ANCHOR,32,64,128,2311.0,25.42204568023833,4361.0,6148,353.75,95,2759.75,1.5802155992390614,True
pubmed_deepres28_w128,24,R3_MOSAIC_ANCHOR,32,73,128,2943.0,19.324950363997356,4361.0,6012,466.25,112,3521.25,1.2384806531771388,True
pubmed_deepres28_w128,24,R3_MOSAIC_ANCHOR,32,63,128,2311.0,25.02482621648461,4361.0,6916,246.25,85,2642.25,1.6504872741035104,True
pubmed_deepres28_w128,24,R3_MOSAIC_ANCHOR,32,55,128,2049.0,21.847070506454816,4361.0,6428,225.0,77,2351.0,1.854955338153977,True
pubmed_deepres28_w128,24,R3_MOSAIC_ANCHOR,32,52,128,2049.0,20.655412115193645,4361.0,6032,391.25,88,2528.25,1.7249085335706515,True
pubmed_deepres28_w128,24,R3_MOSAIC_ANCHOR,32,61,128,2049.0,24.23038728897716,4361.0,5572,443.75,101,2593.75,1.6813493975903615,True
pubmed_deepres28_w128,24,R3_MOSAIC_ANCHOR,32,57,128,2049.0,22.641509433962263,4361.0,6692,231.25,79,2359.25,1.8484687930486383,True
pubmed_deepres28_w128,24,R3_MOSAIC_ANCHOR,32,65,128,2943.0,17.207147584381204,4361.0,6120,342.5,95,3380.5,1.290045851205443,True
pubmed_deepres28_w128,24,R3_MOSAIC_ANCHOR,32,56,128,2049.0,22.24428997020854,4361.0,6636,203.75,75,2327.75,1.873482977123832,True
pubmed_deepres28_w128,24,R3_MOSAIC_ANCHOR,32,71,128,2943.0,18.79549966909332,4361.0,6648,308.75,96,3347.75,1.3026659696811291,True
pubmed_deepres28_w128,24,R3_MOSAIC_ANCHOR,32,80,128,2943.0,21.178027796161484,4361.0,5856,437.5,112,3492.5,1.2486757337151038,True
pubmed_deepres28_w128,24,R3_MOSAIC_ANCHOR,32,51,128,2049.0,20.25819265143992,4361.0,6092,316.25,82,2447.25,1.7820002043109613,True
pubmed_deepres28_w128,24,R3_MOSAIC_ANCHOR,32,80,128,2943.0,21.178027796161484,4361.0,5696,468.75,117,3528.75,1.2358483882394615,True
pubmed_deepres28_w128,24,R3_MOSAIC_ANCHOR,32,58,128,2049.0,23.038728897715988,4361.0,6652,222.5,78,2349.5,1.8561396041711002,True
pubmed_deepres28_w128,24,R3_MOSAIC_ANCHOR,32,70,128,2943.0,18.530774321641296,4361.0,6332,400.0,102,3445.0,1.2658925979680697,True
pubmed_deepres28_w128,24,R3_MOSAIC_ANCHOR,32,61,128,2049.0,24.23038728897716,4361.0,6132,296.25,87,2432.25,1.7929900298077912,True
pubmed_deepres28_w128,24,R3_MOSAIC_ANCHOR,32,47,128,2049.0,18.669314796425024,4361.0,6008,346.25,80,2475.25,1.7618422381577619,True
pubmed_deepres28_w128,24,R3_MOSAIC_ANCHOR,32,72,128,2943.0,19.06022501654533,4361.0,6344,281.25,94,3318.25,1.3142469675280646,True
pubmed_deepres28_w128,24,R3_MOSAIC_ANCHOR,32,50,128,2049.0,19.860973187686195,4361.0,5932,477.5,94,2620.5,1.664186224003053,True
pubmed_deepres28_w128,24,R3_MOSAIC_ANCHOR,32,66,128,2943.0,17.47187293183322,4361.0,6072,275.0,89,3307.0,1.3187178711823404,True
pubmed_deepres28_w128,24,R3_MOSAIC_ANCHOR,32,50,128,2049.0,19.860973187686195,4361.0,6012,410.0,88,2547.0,1.712210443659207,True
pubmed_deepres28_w128,24,R3_MOSAIC_ANCHOR,32,81,128,2943.0,21.4427531436135,4361.0,5932,452.5,116,3511.5,1.241919407660544,True
pubmed_deepres28_w128,24,R3_MOSAIC_ANCHOR,32,63,128,2311.0,25.02482621648461,4361.0,6584,232.5,83,2626.5,1.6603845421663812,True
pubmed_deepres28_w128,24,R3_MOSAIC_ANCHOR,32,50,128,2049.0,19.860973187686195,4361.0,6188,306.25,79,2434.25,1.7915168943206325,True
pubmed_deepres28_w128,24,R3_MOSAIC_ANCHOR,32,64,128,2311.0,25.42204568023833,4361.0,6416,266.25,87,2664.25,1.6368584029276532,True
pubmed_deepres28_w128,24,R3_MOSAIC_ANCHOR,32,46,128,2049.0,18.272095332671302,4361.0,5116,477.5,90,2616.5,1.6667303649914007,True
pubmed_deepres28_w128,24,R3_MOSAIC_ANCHOR,32,63,128,2311.0,25.02482621648461,4361.0,5428,487.5,105,2903.5,1.501980368520751,True
pubmed_deepres28_w128,24,R3_MOSAIC_ANCHOR,32,73,128,2943.0,19.324950363997356,4361.0,6032,580.0,119,3642.0,1.1974190005491487,True
pubmed_deepres28_w128,24,R3_MOSAIC_ANCHOR,32,80,128,2943.0,21.178027796161484,4361.0,5872,423.75,113,3479.75,1.2532509519362023,True
pubmed_deepres28_w128,24,R3_MOSAIC_ANCHOR,32,41,128,2049.0,16.28599801390268,4361.0,5100,317.5,72,2438.5,1.788394504818536,True
pubmed_deepres28_w128,24,R3_MOSAIC_ANCHOR,32,63,128,2311.0,25.02482621648461,4361.0,6420,268.75,87,2666.75,1.635323896128246,True
pubmed_deepres28_w128,24,R3_MOSAIC_ANCHOR,32,62,128,2311.0,24.627606752730884,4361.0,5764,478.75,103,2892.75,1.5075620084694494,True
pubmed_deepres28_w128,24,R3_MOSAIC_ANCHOR,32,57,128,2049.0,22.641509433962263,4361.0,6068,355.0,90,2494.0,1.7485966319165998,True
pubmed_deepres28_w128,24,R3_MOSAIC_ANCHOR,32,64,128,2311.0,25.42204568023833,4361.0,5888,540.0,110,2961.0,1.4728132387706856,True
pubmed_deepres28_w128,24,R3_MOSAIC_ANCHOR,32,75,128,2943.0,19.85440105890139,4361.0,6680,316.25,100,3359.25,1.2982064448909727,True
pubmed_deepres28_w128,24,R3_MOSAIC_ANCHOR,32,63,128,2311.0,25.02482621648461,4361.0,6492,280.0,87,2678.0,1.628454070201643,True
pubmed_deepres28_w128,24,R3_MOSAIC_ANCHOR,32,57,128,2049.0,22.641509433962263,4361.0,6132,298.75,85,2432.75,1.7926215188572603,True
pubmed_deepres28_w128,24,R3_MOSAIC_ANCHOR,32,47,128,2049.0,18.669314796425024,4361.0,5132,416.25,84,2549.25,1.710699225262332,True
pubmed_deepres28_w128,24,R3_MOSAIC_ANCHOR,32,77,128,2943.0,20.383851753805427,4361.0,6060,476.25,115,3534.25,1.2339251609252317,True
pubmed_deepres28_w128,24,R3_MOSAIC_ANCHOR,32,77,128,2943.0,20.383851753805427,4361.0,6708,376.25,107,3426.25,1.2728201386355344,True
pubmed_deepres28_w128,24,R3_MOSAIC_ANCHOR,32,63,128,2311.0,25.02482621648461,4361.0,6096,435.0,100,2846.0,1.5323260716795502,True
pubmed_deepres28_w128,24,R3_MOSAIC_ANCHOR,32,53,128,2049.0,21.05263157894737,4361.0,5348,471.25,96,2616.25,1.6668896321070235,True
pubmed_deepres28_w128,24,R3_MOSAIC_ANCHOR,32,60,128,2049.0,23.83316782522344,4361.0,6380,311.25,88,2448.25,1.7812723373838455,True
pubmed_deepres28_w128,24,R3_MOSAIC_ANCHOR,32,67,128,2943.0,17.736598279285243,4361.0,5532,517.5,111,3571.5,1.2210555788884223,True
pubmed_deepres28_w128,24,R3_MOSAIC_ANCHOR,32,64,128,2311.0,25.42204568023833,4361.0,6412,440.0,102,2853.0,1.5285664213109007,True
pubmed_deepres28_w128,24,R3_MOSAIC_ANCHOR,32,61,128,2049.0,24.23038728897716,4361.0,6928,208.75,79,2336.75,1.8662672515245533,True
pubmed_deepres28_w128,24,R3_MOSAIC_ANCHOR,32,67,128,2943.0,17.736598279285243,4361.0,6352,251.25,88,3282.25,1.3286617411836392,True
pubmed_deepres28_w128,24,R3_MOSAIC_ANCHOR,32,63,128,2311.0,25.02482621648461,4361.0,5472,458.75,102,2871.75,1.518586227909811,True
pubmed_deepres28_w128,24,R3_MOSAIC_ANCHOR,32,60,128,2049.0,23.83316782522344,4361.0,6496,250.0,82,2381.0,1.8315833683326332,True
pubmed_deepres28_w128,24,R3_MOSAIC_ANCHOR,32,65,128,2943.0,17.207147584381204,4361.0,5740,557.5,113,3613.5,1.2068631520686315,True
pubmed_deepres28_w128,24,R3_MOSAIC_ANCHOR,32,62,128,2311.0,24.627606752730884,4361.0,5500,426.25,99,2836.25,1.5375936535918906,True
pubmed_deepres28_w128,24,R3_MOSAIC_ANCHOR,32,76,128,2943.0,20.11912640635341,4361.0,5920,617.5,125,3685.5,1.1832858499525165,True
pubmed_deepres28_w128,24,R3_MOSAIC_ANCHOR,32,69,128,2943.0,18.26604897418928,4361.0,6292,363.75,99,3405.75,1.2804815385744697,True
pubmed_deepres28_w128,24,R3_MOSAIC_ANCHOR,32,61,128,2049.0,24.23038728897716,4361.0,5392,426.25,97,2572.25,1.6954028574205462,True
pubmed_deepres28_w128,24,R3_MOSAIC_ANCHOR,32,54,128,2049.0,21.44985104270109,4361.0,5404,430.0,92,2571.0,1.6962271489692726,True
pubmed_deepres28_w128,24,R3_MOSAIC_ANCHOR,32,69,128,2943.0,18.26604897418928,4361.0,5912,473.75,108,3524.75,1.2372508688559472,True
pubmed_deepres28_w128,24,R3_MOSAIC_ANCHOR,32,66,128,2943.0,17.47187293183322,4361.0,6336,381.25,98,3422.25,1.2743078384104025,True
pubmed_deepres28_w128,24,R3_MOSAIC_ANCHOR,32,80,128,2943.0,21.178027796161484,4361.0,5980,520.0,122,3585.0,1.2164574616457462,True
pubmed_deepres28_w128,24,R3_MOSAIC_ANCHOR,32,62,128,2311.0,24.627606752730884,4361.0,6660,233.75,82,2626.75,1.6602265156562293,True
pubmed_deepres28_w128,24,R3_MOSAIC_ANCHOR,32,47,128,2049.0,18.669314796425024,4361.0,5220,463.75,91,2603.75,1.6748919827172348,True
pubmed_deepres28_w128,24,R3_MOSAIC_ANCHOR,32,58,128,2049.0,23.038728897715988,4361.0,6604,213.75,78,2340.75,1.8630780732671153,True
pubmed_deepres28_w128,24,R3_MOSAIC_ANCHOR,32,81,128,2943.0,21.4427531436135,4361.0,5724,482.5,119,3544.5,1.230356890957822,True
pubmed_deepres28_w128,24,R3_MOSAIC_ANCHOR,32,57,128,2049.0,22.641509433962263,4361.0,5884,410.0,94,2553.0,1.7081864473168822,True
pubmed_deepres28_w128,24,R3_MOSAIC_ANCHOR,32,61,128,2049.0,24.23038728897716,4361.0,6708,340.0,91,2480.0,1.758467741935484,True
pubmed_deepres28_w128,24,R3_MOSAIC_ANCHOR,32,56,128,2049.0,22.24428997020854,4361.0,6164,273.75,81,2403.75,1.8142485699427977,True
pubmed_deepres28_w128,24,R3_MOSAIC_ANCHOR,32,79,128,2943.0,20.913302448709462,4361.0,5944,557.5,121,3621.5,1.2041971558746376,True
pubmed_deepres28_w128,24,R3_MOSAIC_ANCHOR,32,74,128,2943.0,19.58967571144937,4361.0,6044,385.0,106,3434.0,1.2699475829935936,True
pubmed_deepres28_w128,24,R3_MOSAIC_ANCHOR,32,64,128,2311.0,25.42204568023833,4361.0,6368,301.25,90,2702.25,1.6138403182533074,True
pubmed_deepres28_w128,24,R3_MOSAIC_ANCHOR,32,59,128,2049.0,23.435948361469716,4361.0,6540,190.0,77,2316.0,1.8829879101899827,True
pubmed_deepres28_w128,24,R3_MOSAIC_ANCHOR,32,80,128,2943.0,21.178027796161484,4361.0,6016,501.25,118,3562.25,1.2242262614920345,True
pubmed_deepres28_w128,24,R3_MOSAIC_ANCHOR,32,51,128,2049.0,20.25819265143992,4361.0,6104,230.0,73,2352.0,1.8541666666666667,True
pubmed_deepres28_w128,24,R3_MOSAIC_ANCHOR,32,51,128,2049.0,20.25819265143992,4361.0,5972,375.0,87,2511.0,1.736758263639984,True
pubmed_deepres28_w128,24,R3_MOSAIC_ANCHOR,32,66,128,2943.0,17.47187293183322,4361.0,5956,418.75,101,3462.75,1.2594036531658364,True
pubmed_deepres28_w128,24,R3_MOSAIC_ANCHOR,32,75,128,2943.0,19.85440105890139,4361.0,6316,258.75,95,3296.75,1.3228179267460378,True
pubmed_deepres28_w128,24,R3_MOSAIC_ANCHOR,32,62,128,2311.0,24.627606752730884,4361.0,6092,403.75,97,2811.75,1.5509913754779052,True
pubmed_deepres28_w128,24,R3_MOSAIC_ANCHOR,32,72,128,2943.0,19.06022501654533,4361.0,6044,230.0,90,3263.0,1.336500153233221,True
pubmed_deepres28_w128,24,R3_MOSAIC_ANCHOR,32,62,128,2311.0,24.627606752730884,4361.0,6340,413.75,98,2822.75,1.5449473031618104,True
pubmed_deepres28_w128,24,R3_MOSAIC_ANCHOR,32,48,128,2049.0,19.06653426017875,4361.0,5668,448.75,91,2588.75,1.6845968131337519,True
pubmed_deepres28_w128,24,R3_MOSAIC_ANCHOR,32,62,128,2311.0,24.627606752730884,4361.0,6292,322.5,91,2724.5,1.6006606716828775,True
pubmed_deepres28_w128,24,R3_MOSAIC_ANCHOR,32,67,128,2943.0,17.736598279285243,4361.0,5592,523.75,111,3577.75,1.2189225071623226,True
pubmed_deepres28_w128,24,R3_MOSAIC_ANCHOR,32,59,128,2049.0,23.435948361469716,4361.0,6672,267.5,83,2399.5,1.8174619712440092,True
pubmed_deepres28_w128,24,R3_MOSAIC_ANCHOR,32,82,128,3205.0,21.70747849106552,4361.0,5888,467.5,117,3789.5,1.1508114526982451,True
pubmed_deepres28_w128,24,R3_MOSAIC_ANCHOR,32,55,128,2049.0,21.847070506454816,4361.0,5344,463.75,97,2609.75,1.6710412874796436,True
pubmed_deepres28_w128,24,R3_MOSAIC_ANCHOR,32,60,128,2049.0,23.83316782522344,4361.0,6296,407.5,97,2553.5,1.7078519678872137,True
pubmed_deepres28_w128,24,R3_MOSAIC_ANCHOR,32,60,128,2049.0,23.83316782522344,4361.0,6712,188.75,77,2314.75,1.8840047521330596,True
pubmed_deepres28_w128,24,R3_MOSAIC_ANCHOR,32,81,128,2943.0,21.4427531436135,4361.0,5764,493.75,119,3555.75,1.2264641777402798,True
pubmed_deepres28_w128,24,R3_MOSAIC_ANCHOR,32,57,128,2049.0,22.641509433962263,4361.0,5912,413.75,96,2558.75,1.7043478260869565,True
pubmed_deepres28_w128,24,R3_MOSAIC_ANCHOR,32,62,128,2311.0,24.627606752730884,4361.0,6788,337.5,92,2740.5,1.591315453384419,True
pubmed_deepres28_w128,24,R3_MOSAIC_ANCHOR,32,58,128,2049.0,23.038728897715988,4361.0,6396,392.5,93,2534.5,1.720654961530874,True
pubmed_deepres28_w128,24,R3_MOSAIC_ANCHOR,32,52,128,2049.0,20.655412115193645,4361.0,5680,471.25,95,2615.25,1.6675270050664373,True
pubmed_deepres28_w128,24,R3_MOSAIC_ANCHOR,32,77,128,2943.0,20.383851753805427,4361.0,5484,447.5,113,3503.5,1.2447552447552448,True
pubmed_deepres28_w128,24,R3_MOSAIC_ANCHOR,32,59,128,2049.0,23.435948361469716,4361.0,6928,187.5,76,2312.5,1.8858378378378378,True
pubmed_deepres28_w128,24,R3_MOSAIC_ANCHOR,32,57,128,2049.0,22.641509433962263,4361.0,6156,383.75,91,2523.75,1.727984150569589,True
pubmed_deepres28_w128,24,R3_MOSAIC_ANCHOR,32,82,128,3205.0,21.70747849106552,4361.0,5972,493.75,118,3816.75,1.142595139844108,True
pubmed_deepres28_w128,24,R3_MOSAIC_ANCHOR,32,53,128,2049.0,21.05263157894737,4361.0,5464,468.75,96,2613.75,1.6684839789574366,True
pubmed_deepres28_w128,24,R3_MOSAIC_ANCHOR,32,65,128,2943.0,17.207147584381204,4361.0,6608,345.0,95,3383.0,1.2890925214306828,True
pubmed_deepres28_w128,24,R3_MOSAIC_ANCHOR,32,50,128,2049.0,19.860973187686195,4361.0,6020,473.75,92,2614.75,1.6678458743665743,True
pubmed_deepres28_w128,24,R3_MOSAIC_ANCHOR,32,69,128,2943.0,18.26604897418928,4361.0,6072,342.5,96,3381.5,1.28966435014047,True
pubmed_deepres28_w128,24,R3_MOSAIC_ANCHOR,32,65,128,2943.0,17.207147584381204,4361.0,6504,152.5,77,3172.5,1.3746256895193065,True
pubmed_deepres28_w128,24,R3_MOSAIC_ANCHOR,32,66,128,2943.0,17.47187293183322,4361.0,6264,305.0,90,3338.0,1.3064709406830437,True
pubmed_deepres28_w128,24,R3_MOSAIC_ANCHOR,32,59,128,2049.0,23.435948361469716,4361.0,6204,298.75,86,2433.75,1.7918849512069852,True
pubmed_deepres28_w128,24,R3_MOSAIC_ANCHOR,32,63,128,2311.0,25.02482621648461,4361.0,6556,366.25,95,2772.25,1.573090449995491,True
pubmed_deepres28_w128,24,R3_MOSAIC_ANCHOR,32,81,128,2943.0,21.4427531436135,4361.0,5912,403.75,112,3458.75,1.2608601373328514,True
pubmed_deepres28_w128,24,R3_MOSAIC_ANCHOR,32,58,128,2049.0,23.038728897715988,4361.0,6648,218.75,79,2346.75,1.8583146905294556,True
pubmed_deepres28_w128,24,R3_MOSAIC_ANCHOR,32,62,128,2311.0,24.627606752730884,4361.0,6192,400.0,97,2808.0,1.5530626780626782,True
pubmed_deepres28_w128,24,R3_MOSAIC_ANCHOR,32,69,128,2943.0,18.26604897418928,4361.0,5888,502.5,110,3555.5,1.226550414850232,True
pubmed_deepres28_w128,24,R3_MOSAIC_ANCHOR,32,49,128,2049.0,19.463753723932477,4361.0,5324,447.5,92,2588.5,1.6847595132316013,True
pubmed_deepres28_w128,24,R3_MOSAIC_ANCHOR,32,63,128,2311.0,25.02482621648461,4361.0,6584,278.75,88,2677.75,1.6286061058724675,True
pubmed_deepres28_w128,24,R3_MOSAIC_ANCHOR,32,62,128,2311.0,24.627606752730884,4361.0,6056,421.25,99,2831.25,1.540309050772627,True
pubmed_deepres28_w128,24,R3_MOSAIC_ANCHOR,32,80,128,2943.0,21.178027796161484,4361.0,6212,450.0,115,3508.0,1.2431584948688712,True
pubmed_deepres28_w128,24,R3_MOSAIC_ANCHOR,32,60,128,2049.0,23.83316782522344,4361.0,6784,295.0,86,2430.0,1.794650205761317,True
pubmed_deepres28_w128,24,R3_MOSAIC_ANCHOR,32,53,128,2049.0,21.05263157894737,4361.0,6296,278.75,79,2406.75,1.811987119559572,True
pubmed_deepres28_w128,24,R3_MOSAIC_ANCHOR,32,57,128,2049.0,22.641509433962263,4361.0,6404,278.75,83,2410.75,1.8089806076947008,True
pubmed_deepres28_w128,24,R3_MOSAIC_ANCHOR,32,80,128,2943.0,21.178027796161484,4361.0,5824,523.75,120,3586.75,1.2158639436816059,True
pubmed_deepres28_w128,24,R3_MOSAIC_ANCHOR,32,62,128,2311.0,24.627606752730884,4361.0,5484,481.25,104,2896.25,1.5057401812688822,True
pubmed_deepres28_w128,24,R3_MOSAIC_ANCHOR,32,65,128,2943.0,17.207147584381204,4361.0,6608,358.75,96,3397.75,1.283496431461997,True
pubmed_deepres28_w128,24,R3_MOSAIC_ANCHOR,32,57,128,2049.0,22.641509433962263,4361.0,6036,453.75,98,2600.75,1.6768239930789195,True
pubmed_deepres28_w128,24,R3_MOSAIC_ANCHOR,32,67,128,2943.0,17.736598279285243,4361.0,5528,466.25,105,3514.25,1.2409475706053923,True
pubmed_deepres28_w128,24,R3_MOSAIC_ANCHOR,32,60,128,2049.0,23.83316782522344,4361.0,6780,243.75,81,2373.75,1.8371774618220116,True
pubmed_deepres28_w128,24,R3_MOSAIC_ANCHOR,32,59,128,2049.0,23.435948361469716,4361.0,5224,467.5,101,2617.5,1.6660936007640879,True
pubmed_deepres28_w128,24,R3_MOSAIC_ANCHOR,32,58,128,2049.0,23.038728897715988,4361.0,6884,223.75,78,2350.75,1.8551526108688716,True
pubmed_deepres28_w128,24,R3_MOSAIC_ANCHOR,32,64,128,2311.0,25.42204568023833,4361.0,6388,403.75,98,2812.75,1.5504399608923651,True
pubmed_deepres28_w128,24,R3_MOSAIC_ANCHOR,32,67,128,2943.0,17.736598279285243,4361.0,5696,426.25,102,3471.25,1.25631976953547,True
pubmed_deepres28_w128,24,R3_MOSAIC_ANCHOR,32,54,128,2049.0,21.44985104270109,4361.0,6168,318.75,84,2451.75,1.7787294789436117,True
pubmed_deepres28_w128,24,R3_MOSAIC_ANCHOR,32,59,128,2049.0,23.435948361469716,4361.0,6396,412.5,95,2556.5,1.705847838842167,True
pubmed_deepres28_w128,24,R3_MOSAIC_ANCHOR,32,49,128,2049.0,19.463753723932477,4361.0,5400,420.0,88,2557.0,1.7055142745404772,True
pubmed_deepres28_w128,24,R3_MOSAIC_ANCHOR,32,58,128,2049.0,23.038728897715988,4361.0,5448,407.5,95,2551.5,1.7091906721536352,True
pubmed_deepres28_w128,24,R3_MOSAIC_ANCHOR,32,64,128,2311.0,25.42204568023833,4361.0,6344,340.0,93,2744.0,1.5892857142857142,True
pubmed_deepres28_w128,24,R3_MOSAIC_ANCHOR,32,74,128,2943.0,19.58967571144937,4361.0,5776,557.5,120,3620.5,1.2045297610827235,True
pubmed_deepres28_w128,24,R3_MOSAIC_ANCHOR,32,65,128,2943.0,17.207147584381204,4361.0,6716,266.25,88,3297.25,1.322617332625673,True
pubmed_deepres28_w128,24,R3_MOSAIC_ANCHOR,32,53,128,2049.0,21.05263157894737,4361.0,5184,448.75,96,2593.75,1.6813493975903615,True
pubmed_deepres28_w128,24,R3_MOSAIC_ANCHOR,32,55,128,2049.0,21.847070506454816,4361.0,5848,462.5,96,2607.5,1.67248322147651,True
pubmed_deepres28_w128,24,R3_MOSAIC_ANCHOR,32,61,128,2049.0,24.23038728897716,4361.0,5840,401.25,97,2547.25,1.7120423986652271,True
pubmed_deepres28_w128,24,R3_MOSAIC_ANCHOR,32,69,128,2943.0,18.26604897418928,4361.0,6156,520.0,113,3576.0,1.2195190156599554,True
pubmed_deepres28_w128,24,R3_MOSAIC_ANCHOR,32,66,128,2943.0,17.47187293183322,4361.0,6552,312.5,92,3347.5,1.3027632561613145,True
pubmed_deepres28_w128,24,R3_MOSAIC_ANCHOR,32,47,128,2049.0,18.669314796425024,4361.0,5104,423.75,88,2560.75,1.7030166943278335,True
pubmed_deepres28_w128,24,R3_MOSAIC_ANCHOR,32,56,128,2049.0,22.24428997020854,4361.0,5792,442.5,95,2586.5,1.6860622462787551,True
pubmed_deepres28_w128,24,R3_MOSAIC_ANCHOR,32,73,128,2943.0,19.324950363997356,4361.0,5488,552.5,117,3612.5,1.2071972318339101,True
pubmed_deepres28_w128,24,R3_MOSAIC_ANCHOR,32,63,128,2311.0,25.02482621648461,4361.0,6648,288.75,88,2687.75,1.6225467398381546,True
pubmed_deepres28_w128,24,R3_MOSAIC_ANCHOR,32,61,128,2049.0,24.23038728897716,4361.0,5444,486.25,104,2639.25,1.6523633608032584,True
pubmed_deepres28_w128,24,R3_MOSAIC_ANCHOR,32,57,128,2049.0,22.641509433962263,4361.0,6052,638.75,111,2798.75,1.5581956230460028,True
pubmed_deepres28_w128,24,R3_MOSAIC_ANCHOR,32,69,128,2943.0,18.26604897418928,4361.0,6256,402.5,103,3448.5,1.264607800492968,True
pubmed_deepres28_w128,24,R3_MOSAIC_ANCHOR,32,47,128,2049.0,18.669314796425024,4361.0,5088,351.25,82,2482.25,1.7568738040084602,True
pubmed_deepres28_w128,24,R3_MOSAIC_ANCHOR,32,52,128,2049.0,20.655412115193645,4361.0,5612,451.25,94,2594.25,1.6810253445119012,True
pubmed_deepres28_w128,24,R3_MOSAIC_ANCHOR,32,50,128,2049.0,19.860973187686195,4361.0,5724,368.75,85,2502.75,1.7424832684047549,True
pubmed_deepres28_w128,24,R3_MOSAIC_ANCHOR,32,80,128,2943.0,21.178027796161484,4361.0,5852,503.75,119,3565.75,1.2230246091285144,True
pubmed_deepres28_w128,24,R3_MOSAIC_ANCHOR,32,59,128,2049.0,23.435948361469716,4361.0,6700,223.75,79,2351.75,1.8543637716594026,True
pubmed_deepres28_w128,24,R3_MOSAIC_ANCHOR,32,63,128,2311.0,25.02482621648461,4361.0,6532,377.5,96,2784.5,1.5661698689172203,True
pubmed_deepres28_w128,24,R3_MOSAIC_ANCHOR,32,58,128,2049.0,23.038728897715988,4361.0,5756,365.0,91,2505.0,1.7409181636726547,True
pubmed_deepres28_w128,24,R3_MOSAIC_ANCHOR,32,42,128,2049.0,16.683217477656406,4361.0,5068,362.5,75,2486.5,1.753870902875528,True
pubmed_deepres28_w128,24,R3_MOSAIC_ANCHOR,32,80,128,2943.0,21.178027796161484,4361.0,6004,408.75,112,3463.75,1.2590400577408878,True
pubmed_deepres28_w128,24,R3_MOSAIC_ANCHOR,32,59,128,2049.0,23.435948361469716,4361.0,5880,483.75,101,2633.75,1.655813953488372,True
pubmed_deepres28_w128,24,R3_MOSAIC_ANCHOR,32,53,128,2049.0,21.05263157894737,4361.0,5488,463.75,94,2606.75,1.6729644192960582,True
pubmed_deepres28_w128,24,R3_MOSAIC_ANCHOR,32,55,128,2049.0,21.847070506454816,4361.0,5536,491.25,99,2639.25,1.6523633608032584,True
pubmed_deepres28_w128,24,R3_MOSAIC_ANCHOR,32,78,128,2943.0,20.648577101257445,4361.0,6568,337.5,104,3384.5,1.2885211995863495,True
pubmed_deepres28_w128,24,R3_MOSAIC_ANCHOR,32,67,128,2943.0,17.736598279285243,4361.0,6208,585.0,115,3643.0,1.1970903101839143,True
pubmed_deepres28_w128,24,R3_MOSAIC_ANCHOR,32,45,128,2049.0,17.874875868917577,4361.0,5176,516.25,92,2657.25,1.6411703829146673,True
pubmed_deepres28_w128,24,R3_MOSAIC_ANCHOR,32,80,128,2943.0,21.178027796161484,4361.0,5920,445.0,116,3504.0,1.2445776255707763,True
pubmed_deepres28_w128,24,R3_MOSAIC_ANCHOR,32,43,128,2049.0,17.080436941410127,4361.0,5064,368.75,77,2494.75,1.748070948992885,True
pubmed_deepres28_w128,24,R3_MOSAIC_ANCHOR,32,64,128,2311.0,25.42204568023833,4361.0,5896,547.5,110,2968.5,1.4690921340744483,True
pubmed_deepres28_w128,24,R3_MOSAIC_ANCHOR,32,44,128,2049.0,17.477656405163852,4361.0,5092,406.25,83,2538.25,1.7181128730424504,True
pubmed_deepres28_w128,24,R3_MOSAIC_ANCHOR,32,80,128,2943.0,21.178027796161484,4361.0,6168,398.75,111,3452.75,1.2630511910795743,True
pubmed_deepres28_w128,24,R3_MOSAIC_ANCHOR,32,60,128,2049.0,23.83316782522344,4361.0,5672,521.25,105,2675.25,1.6301280254181851,True
pubmed_deepres28_w128,24,R3_MOSAIC_ANCHOR,32,43,128,2049.0,17.080436941410127,4361.0,5068,401.25,82,2532.25,1.7221838286109192,True
pubmed_deepres28_w128,24,R3_MOSAIC_ANCHOR,32,54,128,2049.0,21.44985104270109,4361.0,5920,451.25,95,2595.25,1.6803776129467296,True
pubmed_deepres28_w128,24,R3_MOSAIC_ANCHOR,32,59,128,2049.0,23.435948361469716,4361.0,5288,355.0,90,2494.0,1.7485966319165998,True
pubmed_deepres28_w128,24,R3_MOSAIC_ANCHOR,32,65,128,2943.0,17.207147584381204,4361.0,6648,286.25,90,3319.25,1.3138510205618739,True
pubmed_deepres28_w128,24,R3_MOSAIC_ANCHOR,32,48,128,2049.0,19.06653426017875,4361.0,5308,501.25,94,2644.25,1.6492389146260755,True
pubmed_deepres28_w128,24,R3_MOSAIC_ANCHOR,32,60,128,2049.0,23.83316782522344,4361.0,5848,495.0,104,2648.0,1.6469033232628398,True
pubmed_deepres28_w128,24,R3_MOSAIC_ANCHOR,32,43,128,2049.0,17.080436941410127,4361.0,5068,421.25,82,2552.25,1.7086884121853267,True
pubmed_deepres28_w128,24,R3_MOSAIC_ANCHOR,32,74,128,2943.0,19.58967571144937,4361.0,5748,401.25,107,3451.25,1.2636001448750454,True
pubmed_deepres28_w128,24,R3_MOSAIC_ANCHOR,32,66,128,2943.0,17.47187293183322,4361.0,5924,565.0,112,3620.0,1.2046961325966852,True
pubmed_deepres28_w128,24,R3_MOSAIC_ANCHOR,32,41,128,2049.0,16.28599801390268,4361.0,5068,360.0,74,2483.0,1.756343133306484,True
pubmed_deepres28_w128,24,R3_MOSAIC_ANCHOR,32,78,128,2943.0,20.648577101257445,4361.0,6552,292.5,101,3336.5,1.3070582946201108,True
pubmed_deepres28_w128,24,R3_MOSAIC_ANCHOR,32,59,128,2049.0,23.435948361469716,4361.0,5652,517.5,103,2669.5,1.633639258288069,True
pubmed_deepres28_w128,24,R3_MOSAIC_ANCHOR,32,72,128,2943.0,19.06022501654533,4361.0,5964,521.25,115,3579.25,1.218411678424251,True
pubmed_deepres28_w128,24,R3_MOSAIC_ANCHOR,32,55,128,2049.0,21.847070506454816,4361.0,5468,597.5,107,2753.5,1.5838024332667513,True
pubmed_deepres28_w128,24,R3_MOSAIC_ANCHOR,32,80,128,2943.0,21.178027796161484,4361.0,5652,468.75,117,3528.75,1.2358483882394615,True
pubmed_deepres28_w128,24,R3_MOSAIC_ANCHOR,32,43,128,2049.0,17.080436941410127,4361.0,5060,387.5,79,2515.5,1.7336513615583382,True
pubmed_deepres28_w128,24,R3_MOSAIC_ANCHOR,32,56,128,2049.0,22.24428997020854,4361.0,6260,506.25,100,2655.25,1.6424065530552678,True
pubmed_deepres28_w128,24,R3_MOSAIC_ANCHOR,32,41,128,2049.0,16.28599801390268,4361.0,5032,433.75,81,2563.75,1.7010238907849828,True
pubmed_deepres28_w128,24,R3_MOSAIC_ANCHOR,32,79,128,2943.0,20.913302448709462,4361.0,5816,417.5,111,3471.5,1.2562292956935042,True
pubmed_deepres28_w128,24,R3_MOSAIC_ANCHOR,32,62,128,2311.0,24.627606752730884,4361.0,5604,520.0,106,2937.0,1.4848484848484849,True
pubmed_deepres28_w128,24,R3_MOSAIC_ANCHOR,32,41,128,2049.0,16.28599801390268,4361.0,5096,317.5,71,2437.5,1.7891282051282051,True
pubmed_deepres28_w128,24,R3_MOSAIC_ANCHOR,32,62,128,2311.0,24.627606752730884,4361.0,6852,242.5,83,2636.5,1.6540868575763323,True
pubmed_deepres28_w128,24,R3_MOSAIC_ANCHOR,32,46,128,2049.0,18.272095332671302,4361.0,5204,467.5,90,2606.5,1.6731248801074237,True
pubmed_deepres28_w128,24,R3_MOSAIC_ANCHOR,32,56,128,2049.0,22.24428997020854,4361.0,6280,255.0,80,2384.0,1.829278523489933,True
pubmed_deepres28_w128,24,R3_MOSAIC_ANCHOR,32,78,128,2943.0,20.648577101257445,4361.0,6336,436.25,112,3491.25,1.249122807017544,True
pubmed_deepres28_w128,24,R3_MOSAIC_ANCHOR,32,50,128,2049.0,19.860973187686195,4361.0,6032,267.5,76,2392.5,1.8227795193312435,True
pubmed_deepres28_w128,24,R3_MOSAIC_ANCHOR,32,76,128,2943.0,20.11912640635341,4361.0,6288,447.5,113,3503.5,1.2447552447552448,True
pubmed_deepres28_w128,24,R3_MOSAIC_ANCHOR,32,51,128,2049.0,20.25819265143992,4361.0,6116,212.5,72,2333.5,1.8688665095350332,True
pubmed_deepres28_w128,24,R3_MOSAIC_ANCHOR,32,55,128,2049.0,21.847070506454816,4361.0,6168,307.5,84,2440.5,1.7869289080106536,True
pubmed_deepres28_w128,24,R3_MOSAIC_ANCHOR,32,49,128,2049.0,19.463753723932477,4361.0,5968,443.75,90,2582.75,1.6885103087794018,True
pubmed_deepres28_w128,24,R3_MOSAIC_ANCHOR,32,78,128,2943.0,20.648577101257445,4361.0,6660,381.25,108,3432.25,1.2705950906839536,True
pubmed_deepres28_w128,24,R3_MOSAIC_ANCHOR,32,60,128,2049.0,23.83316782522344,4361.0,6332,248.75,83,2380.75,1.8317757009345794,True
pubmed_deepres28_w128,24,R3_MOSAIC_ANCHOR,32,53,128,2049.0,21.05263157894737,4361.0,6176,221.25,74,2344.25,1.8602964700863815,True
pubmed_deepres28_w128,24,R3_MOSAIC_ANCHOR,32,65,128,2943.0,17.207147584381204,4361.0,5608,491.25,107,3541.25,1.231486057183198,True
pubmed_deepres28_w128,24,R3_MOSAIC_ANCHOR,32,58,128,2049.0,23.038728897715988,4361.0,6228,257.5,81,2387.5,1.8265968586387435,True
pubmed_deepres28_w128,24,R3_MOSAIC_ANCHOR,32,53,128,2049.0,21.05263157894737,4361.0,5772,397.5,90,2536.5,1.719298245614035,True
pubmed_deepres28_w128,24,R3_MOSAIC_ANCHOR,32,65,128,2943.0,17.207147584381204,4361.0,6732,300.0,91,3334.0,1.3080383923215357,True
pubmed_deepres28_w128,24,R3_MOSAIC_ANCHOR,32,56,128,2049.0,22.24428997020854,4361.0,6708,213.75,77,2339.75,1.8638743455497382,True
pubmed_deepres28_w128,24,R3_MOSAIC_ANCHOR,32,58,128,2049.0,23.038728897715988,4361.0,6908,232.5,79,2360.5,1.8474899385723365,True
pubmed_deepres28_w128,24,R3_MOSAIC_ANCHOR,32,68,128,2943.0,18.00132362673726,4361.0,5672,463.75,107,3513.75,1.2411241551049448,True
pubmed_deepres28_w128,24,R3_MOSAIC_ANCHOR,32,62,128,2311.0,24.627606752730884,4361.0,6448,396.25,97,2804.25,1.5551395203708656,True
pubmed_deepres28_w128,24,R3_MOSAIC_ANCHOR,32,63,128,2311.0,25.02482621648461,4361.0,6652,297.5,89,2697.5,1.6166821130676552,True
pubmed_deepres28_w128,24,R3_MOSAIC_ANCHOR,32,71,128,2943.0,18.79549966909332,4361.0,5932,488.75,112,3543.75,1.2306172839506173,True
pubmed_deepres28_w128,24,R3_MOSAIC_ANCHOR,32,54,128,2049.0,21.44985104270109,4361.0,6408,190.0,72,2311.0,1.8870618779749027,True
pubmed_deepres28_w128,24,R3_MOSAIC_ANCHOR,32,57,128,2049.0,22.641509433962263,4361.0,6864,220.0,77,2346.0,1.8589087809036657,True
pubmed_deepres28_w128,24,R3_MOSAIC_ANCHOR,32,60,128,2049.0,23.83316782522344,4361.0,6260,236.25,81,2366.25,1.8430005282620179,True
pubmed_deepres28_w128,24,R3_MOSAIC_ANCHOR,32,78,128,2943.0,20.648577101257445,4361.0,6232,317.5,102,3362.5,1.2969516728624535,True
pubmed_deepres28_w128,24,R3_MOSAIC_ANCHOR,32,62,128,2311.0,24.627606752730884,4361.0,6268,252.5,84,2647.5,1.6472143531633616,True
pubmed_deepres28_w128,24,R3_MOSAIC_ANCHOR,32,60,128,2049.0,23.83316782522344,4361.0,6208,216.25,79,2344.25,1.8602964700863815,True
pubmed_deepres28_w128,24,R3_MOSAIC_ANCHOR,32,55,128,2049.0,21.847070506454816,4361.0,6080,442.5,95,2586.5,1.6860622462787551,True
pubmed_deepres28_w128,24,R3_MOSAIC_ANCHOR,32,77,128,2943.0,20.383851753805427,4361.0,6612,431.25,112,3486.25,1.2509143062029402,True
pubmed_deepres28_w128,24,R3_MOSAIC_ANCHOR,32,62,128,2311.0,24.627606752730884,4361.0,6280,258.75,85,2654.75,1.6427158866183256,True
pubmed_deepres28_w128,24,R3_MOSAIC_ANCHOR,32,52,128,2049.0,20.655412115193645,4361.0,6144,202.5,72,2323.5,1.8769098343017,True
pubmed_deepres28_w128,24,R3_MOSAIC_ANCHOR,32,50,128,2049.0,19.860973187686195,4361.0,6112,352.5,83,2484.5,1.755282753069028,True
pubmed_deepres28_w128,24,R3_MOSAIC_ANCHOR,32,58,128,2049.0,23.038728897715988,4361.0,6564,195.0,76,2320.0,1.8797413793103448,True
pubmed_deepres28_w128,24,R3_MOSAIC_ANCHOR,32,67,128,2943.0,17.736598279285243,4361.0,6600,285.0,90,3318.0,1.3143459915611815,True
pubmed_deepres28_w128,24,R3_MOSAIC_ANCHOR,32,50,128,2049.0,19.860973187686195,4361.0,5996,381.25,86,2516.25,1.7331346249379036,True
pubmed_deepres28_w128,24,R3_MOSAIC_ANCHOR,32,51,128,2049.0,20.25819265143992,4361.0,5992,383.75,87,2519.75,1.730727254687965,True
pubmed_deepres28_w128,24,R3_MOSAIC_ANCHOR,32,77,128,2943.0,20.383851753805427,4361.0,6148,443.75,112,3498.75,1.246445158985352,True
pubmed_deepres28_w128,24,R3_MOSAIC_ANCHOR,32,52,128,2049.0,20.655412115193645,4361.0,6284,215.0,73,2337.0,1.8660676080445016,True
pubmed_deepres28_w128,24,R3_MOSAIC_ANCHOR,32,58,128,2049.0,23.038728897715988,4361.0,6676,187.5,75,2311.5,1.8866536880813325,True
pubmed_deepres28_w128,24,R3_MOSAIC_ANCHOR,32,60,128,2049.0,23.83316782522344,4361.0,6084,378.75,94,2521.75,1.729354614850798,True
pubmed_deepres28_w128,24,R3_MOSAIC_ANCHOR,32,78,128,2943.0,20.648577101257445,4361.0,6096,450.0,113,3506.0,1.2438676554478039,True
pubmed_deepres28_w128,24,R3_MOSAIC_ANCHOR,32,72,128,2943.0,19.06022501654533,4361.0,5912,498.75,112,3553.75,1.2271544143510376,True
pubmed_deepres28_w128,24,R3_MOSAIC_ANCHOR,32,62,128,2311.0,24.627606752730884,4361.0,6620,215.0,81,2607.0,1.6728039892596855,True
pubmed_deepres28_w128,24,R3_MOSAIC_ANCHOR,32,53,128,2049.0,21.05263157894737,4361.0,6212,273.75,79,2401.75,1.8157593421463516,True
pubmed_deepres28_w128,24,R3_MOSAIC_ANCHOR,32,44,128,2049.0,17.477656405163852,4361.0,5084,370.0,78,2497.0,1.7464957949539448,True
pubmed_deepres28_w128,24,R3_MOSAIC_ANCHOR,32,68,128,2943.0,18.00132362673726,4361.0,5596,462.5,107,3512.5,1.2415658362989324,True
pubmed_deepres28_w128,24,R3_MOSAIC_ANCHOR,32,69,128,2943.0,18.26604897418928,4361.0,6680,315.0,96,3354.0,1.3002385211687537,True
pubmed_deepres28_w128,24,R3_MOSAIC_ANCHOR,32,67,128,2943.0,17.736598279285243,4361.0,6604,267.5,89,3299.5,1.3217154114259737,True
pubmed_deepres28_w128,24,R3_MOSAIC_ANCHOR,32,60,128,2049.0,23.83316782522344,4361.0,5808,478.75,102,2629.75,1.6583325411160756,True
pubmed_deepres28_w128,24,R3_MOSAIC_ANCHOR,32,58,128,2049.0,23.038728897715988,4361.0,6888,217.5,78,2344.5,1.8600981019407123,True
pubmed_deepres28_w128,24,R3_MOSAIC_ANCHOR,32,69,128,2943.0,18.26604897418928,4361.0,5952,460.0,109,3512.0,1.241742596810934,True
pubmed_deepres28_w128,24,R3_MOSAIC_ANCHOR,32,49,128,2049.0,19.463753723932477,4361.0,5160,392.5,85,2526.5,1.7261033049673462,True
pubmed_deepres28_w128,24,R3_MOSAIC_ANCHOR,32,57,128,2049.0,22.641509433962263,4361.0,6580,256.25,81,2386.25,1.8275536930330016,True
pubmed_deepres28_w128,24,R3_MOSAIC_ANCHOR,32,66,128,2943.0,17.47187293183322,4361.0,6548,312.5,94,3349.5,1.3019853709508882,True
pubmed_deepres28_w128,24,R3_MOSAIC_ANCHOR,32,79,128,2943.0,20.913302448709462,4361.0,6324,440.0,113,3496.0,1.2474256292906178,True
pubmed_deepres28_w128,24,R3_MOSAIC_ANCHOR,32,52,128,2049.0,20.655412115193645,4361.0,5340,471.25,94,2614.25,1.668164865640241,True
pubmed_deepres28_w128,24,R3_MOSAIC_ANCHOR,32,59,128,2049.0,23.435948361469716,4361.0,6176,302.5,87,2438.5,1.788394504818536,True
pubmed_deepres28_w128,24,R3_MOSAIC_ANCHOR,32,78,128,2943.0,20.648577101257445,4361.0,6324,361.25,106,3410.25,1.278791877428341,True
pubmed_deepres28_w128,24,R3_MOSAIC_ANCHOR,32,61,128,2049.0,24.23038728897716,4361.0,6604,200.0,79,2328.0,1.8732817869415808,True
pubmed_deepres28_w128,24,R3_MOSAIC_ANCHOR,32,59,128,2049.0,23.435948361469716,4361.0,6376,272.5,84,2405.5,1.812928705050925,True
pubmed_deepres28_w128,24,R3_MOSAIC_ANCHOR,32,80,128,2943.0,21.178027796161484,4361.0,6108,373.75,109,3425.75,1.2730059111143546,True
pubmed_deepres28_w128,24,R3_MOSAIC_ANCHOR,32,62,128,2311.0,24.627606752730884,4361.0,6892,250.0,83,2644.0,1.649394856278366,True
pubmed_deepres28_w128,24,R3_MOSAIC_ANCHOR,32,66,128,2943.0,17.47187293183322,4361.0,6248,412.5,102,3457.5,1.2613159797541575,True
pubmed_deepres28_w128,24,R3_MOSAIC_ANCHOR,32,56,128,2049.0,22.24428997020854,4361.0,6684,187.5,74,2310.5,1.8874702445358147,True
pubmed_deepres28_w128,24,R3_MOSAIC_ANCHOR,32,80,128,2943.0,21.178027796161484,4361.0,5936,503.75,120,3566.75,1.2226817130440877,True
pubmed_deepres28_w128,24,R3_MOSAIC_ANCHOR,32,57,128,2049.0,22.641509433962263,4361.0,5848,395.0,93,2537.0,1.718959400867166,True
pubmed_deepres28_w128,24,R3_MOSAIC_ANCHOR,32,63,128,2311.0,25.02482621648461,4361.0,6748,320.0,91,2722.0,1.6021307861866274,True
pubmed_deepres28_w128,24,R3_MOSAIC_ANCHOR,32,56,128,2049.0,22.24428997020854,4361.0,6228,260.0,80,2389.0,1.8254499790707408,True
pubmed_deepres28_w128,24,R3_MOSAIC_ANCHOR,32,64,128,2311.0,25.42204568023833,4361.0,6728,266.25,87,2664.25,1.6368584029276532,True
pubmed_deepres28_w128,24,R3_MOSAIC_ANCHOR,32,57,128,2049.0,22.641509433962263,4361.0,6808,202.5,75,2326.5,1.8744895766172363,True
pubmed_deepres28_w128,24,R3_MOSAIC_ANCHOR,32,70,128,2943.0,18.530774321641296,4361.0,5964,463.75,109,3515.75,1.240418118466899,True
pubmed_deepres28_w128,24,R3_MOSAIC_ANCHOR,32,58,128,2049.0,23.038728897715988,4361.0,6660,236.25,80,2365.25,1.8437797273015537,True
pubmed_deepres28_w128,24,R3_MOSAIC_ANCHOR,32,67,128,2943.0,17.736598279285243,4361.0,5700,498.75,109,3550.75,1.22819122720552,True
pubmed_deepres28_w128,24,R3_MOSAIC_ANCHOR,32,56,128,2049.0,22.24428997020854,4361.0,6032,361.25,89,2499.25,1.744923477043113,True
pubmed_deepres28_w128,24,R3_MOSAIC_ANCHOR,32,65,128,2943.0,17.207147584381204,4361.0,6524,355.0,95,3393.0,1.2852932508104922,True
pubmed_deepres28_w128,24,R3_MOSAIC_ANCHOR,32,58,128,2049.0,23.038728897715988,4361.0,6848,247.5,81,2377.5,1.834279705573081,True
pubmed_deepres28_w128,24,R3_MOSAIC_ANCHOR,32,57,128,2049.0,22.641509433962263,4361.0,6076,433.75,95,2577.75,1.691785471826205,True
pubmed_deepres28_w128,24,R3_MOSAIC_ANCHOR,32,65,128,2943.0,17.207147584381204,4361.0,6544,237.5,86,3266.5,1.3350681157201898,True
pubmed_deepres28_w128,24,R3_MOSAIC_ANCHOR,32,62,128,2311.0,24.627606752730884,4361.0,5528,400.0,98,2809.0,1.5525097899608402,True
pubmed_deepres28_w128,24,R3_MOSAIC_ANCHOR,32,55,128,2049.0,21.847070506454816,4361.0,6260,241.25,77,2367.25,1.8422219875382828,True
pubmed_deepres28_w128,24,R3_MOSAIC_ANCHOR,32,62,128,2311.0,24.627606752730884,4361.0,6580,358.75,94,2763.75,1.577928539122569,True
pubmed_deepres28_w128,24,R3_MOSAIC_ANCHOR,32,78,128,2943.0,20.648577101257445,4361.0,5960,462.5,115,3520.5,1.2387444965203807,True
pubmed_deepres28_w128,24,R3_MOSAIC_ANCHOR,32,56,128,2049.0,22.24428997020854,4361.0,6908,218.75,76,2343.75,1.8606933333333333,True
pubmed_deepres28_w128,24,R3_MOSAIC_ANCHOR,32,58,128,2049.0,23.038728897715988,4361.0,6264,308.75,85,2442.75,1.7852829802476717,True
pubmed_deepres28_w128,24,R3_MOSAIC_ANCHOR,32,81,128,2943.0,21.4427531436135,4361.0,5732,427.5,113,3483.5,1.251901822879288,True
pubmed_deepres28_w128,24,R3_MOSAIC_ANCHOR,32,62,128,2311.0,24.627606752730884,4361.0,6480,271.25,86,2668.25,1.6344045722852056,True
pubmed_deepres28_w128,24,R3_MOSAIC_ANCHOR,32,62,128,2311.0,24.627606752730884,4361.0,6440,248.75,83,2642.75,1.6501750070948822,True
pubmed_deepres28_w128,24,R3_MOSAIC_ANCHOR,32,60,128,2049.0,23.83316782522344,4361.0,6352,285.0,86,2420.0,1.8020661157024793,True
pubmed_deepres28_w128,24,R3_MOSAIC_ANCHOR,32,79,128,2943.0,20.913302448709462,4361.0,6356,397.5,110,3450.5,1.2638748007535139,True
pubmed_deepres28_w128,24,R3_MOSAIC_ANCHOR,32,67,128,2943.0,17.736598279285243,4361.0,6700,310.0,93,3346.0,1.3033472803347281,True
pubmed_deepres28_w128,24,R3_MOSAIC_ANCHOR,32,53,128,2049.0,21.05263157894737,4361.0,6108,210.0,73,2332.0,1.8700686106346485,True
pubmed_deepres28_w128,24,R3_MOSAIC_ANCHOR,32,49,128,2049.0,19.463753723932477,4361.0,6032,290.0,77,2416.0,1.8050496688741722,True
pubmed_deepres28_w128,24,R3_MOSAIC_ANCHOR,32,79,128,2943.0,20.913302448709462,4361.0,5596,437.5,112,3492.5,1.2486757337151038,True
pubmed_deepres28_w128,24,R3_MOSAIC_ANCHOR,32,59,128,2049.0,23.435948361469716,4361.0,6660,238.75,80,2367.75,1.8418329637841833,True
pubmed_deepres28_w128,24,R3_MOSAIC_ANCHOR,32,67,128,2943.0,17.736598279285243,4361.0,5892,350.0,96,3389.0,1.2868102685157863,True
pubmed_deepres28_w128,24,R3_MOSAIC_ANCHOR,32,63,128,2311.0,25.02482621648461,4361.0,6084,363.75,94,2768.75,1.575079006772009,True
pubmed_deepres28_w128,24,R3_MOSAIC_ANCHOR,32,79,128,2943.0,20.913302448709462,4361.0,6012,453.75,115,3511.75,1.241830995942194,True
pubmed_deepres28_w128,24,R3_MOSAIC_ANCHOR,32,58,128,2049.0,23.038728897715988,4361.0,6652,216.25,78,2343.25,1.8610903659447349,True
pubmed_deepres28_w128,24,R3_MOSAIC_ANCHOR,32,73,128,2943.0,19.324950363997356,4361.0,5728,482.5,113,3538.5,1.2324431256181998,True
pubmed_deepres28_w128,24,R3_MOSAIC_ANCHOR,32,57,128,2049.0,22.641509433962263,4361.0,6452,303.75,84,2436.75,1.7896788755514517,True
pubmed_deepres28_w128,24,R3_MOSAIC_ANCHOR,32,59,128,2049.0,23.435948361469716,4361.0,5576,461.25,99,2609.25,1.6713615023474178,True
pubmed_deepres28_w128,24,R3_MOSAIC_ANCHOR,32,59,128,2049.0,23.435948361469716,4361.0,5604,407.5,96,2552.5,1.7085210577864838,True
pubmed_deepres28_w128,24,R3_MOSAIC_ANCHOR,32,75,128,2943.0,19.85440105890139,4361.0,6120,433.75,110,3486.75,1.2507349250734925,True
pubmed_deepres28_w128,24,R3_MOSAIC_ANCHOR,32,59,128,2049.0,23.435948361469716,4361.0,6236,293.75,86,2428.75,1.7955738548636129,True
pubmed_deepres28_w128,24,R3_MOSAIC_ANCHOR,32,56,128,2049.0,22.24428997020854,4361.0,5300,422.5,93,2564.5,1.7005264184051472,True
pubmed_deepres28_w128,24,R3_MOSAIC_ANCHOR,32,77,128,2943.0,20.383851753805427,4361.0,6736,295.0,100,3338.0,1.3064709406830437,True
pubmed_deepres28_w128,24,R3_MOSAIC_ANCHOR,32,70,128,2943.0,18.530774321641296,4361.0,6384,428.75,107,3478.75,1.2536112109234638,True
pubmed_deepres28_w128,24,R3_MOSAIC_ANCHOR,32,58,128,2049.0,23.038728897715988,4361.0,5736,435.0,98,2582.0,1.6890007745933384,True
pubmed_deepres28_w128,24,R3_MOSAIC_ANCHOR,32,81,128,2943.0,21.4427531436135,4361.0,5564,402.5,110,3455.5,1.2620460136015048,True
pubmed_deepres28_w128,24,R3_MOSAIC_ANCHOR,32,57,128,2049.0,22.641509433962263,4361.0,6816,218.75,77,2344.75,1.8598997760955325,True
pubmed_deepres28_w128,24,R3_MOSAIC_ANCHOR,32,63,128,2311.0,25.02482621648461,4361.0,6536,395.0,97,2803.0,1.555833036032822,True
pubmed_deepres28_w128,24,R3_MOSAIC_ANCHOR,32,58,128,2049.0,23.038728897715988,4361.0,6744,205.0,77,2331.0,1.8708708708708708,True
pubmed_deepres28_w128,24,R3_MOSAIC_ANCHOR,32,56,128,2049.0,22.24428997020854,4361.0,5976,417.5,94,2560.5,1.7031829720757665,True
pubmed_deepres28_w128,24,R3_MOSAIC_ANCHOR,32,78,128,2943.0,20.648577101257445,4361.0,5556,486.25,116,3545.25,1.230096608137649,True
pubmed_deepres28_w128,24,R3_MOSAIC_ANCHOR,32,60,128,2049.0,23.83316782522344,4361.0,6568,370.0,93,2512.0,1.7360668789808917,True
pubmed_deepres28_w128,24,R3_MOSAIC_ANCHOR,32,58,128,2049.0,23.038728897715988,4361.0,6496,373.75,92,2514.75,1.734168406402227,True
pubmed_deepres28_w128,24,R3_MOSAIC_ANCHOR,32,52,128,2049.0,20.655412115193645,4361.0,5940,423.75,91,2563.75,1.7010238907849828,True
pubmed_deepres28_w128,24,R3_MOSAIC_ANCHOR,32,80,128,2943.0,21.178027796161484,4361.0,5644,393.75,110,3446.75,1.2652498730688329,True
pubmed_deepres28_w128,24,R3_MOSAIC_ANCHOR,32,58,128,2049.0,23.038728897715988,4361.0,6816,258.75,81,2388.75,1.8256410256410256,True
pubmed_deepres28_w128,24,R3_MOSAIC_ANCHOR,32,59,128,2049.0,23.435948361469716,4361.0,5632,481.25,101,2631.25,1.6573871733966745,True
pubmed_deepres28_w128,24,R3_MOSAIC_ANCHOR,32,50,128,2049.0,19.860973187686195,4361.0,5304,465.0,95,2609.0,1.6715216558068224,True
pubmed_deepres28_w128,24,R3_MOSAIC_ANCHOR,32,72,128,2943.0,19.06022501654533,4361.0,6452,401.25,106,3450.25,1.2639663792478806,True
pubmed_deepres28_w128,24,R3_MOSAIC_ANCHOR,32,63,128,2311.0,25.02482621648461,4361.0,6160,521.25,109,2941.25,1.4827029324266894,True
pubmed_deepres28_w128,24,R3_MOSAIC_ANCHOR,32,57,128,2049.0,22.641509433962263,4361.0,6116,426.25,95,2570.25,1.6967221087442856,True
pubmed_deepres28_w128,24,R3_MOSAIC_ANCHOR,32,49,128,2049.0,19.463753723932477,4361.0,5684,392.5,85,2526.5,1.7261033049673462,True
pubmed_deepres28_w128,24,R3_MOSAIC_ANCHOR,32,65,128,2943.0,17.207147584381204,4361.0,6688,281.25,89,3313.25,1.3162302874820795,True
pubmed_deepres28_w128,24,R3_MOSAIC_ANCHOR,32,60,128,2049.0,23.83316782522344,4361.0,5844,541.25,108,2698.25,1.6162327434448254,True
pubmed_deepres28_w128,24,R3_MOSAIC_ANCHOR,32,49,128,2049.0,19.463753723932477,4361.0,6036,280.0,76,2405.0,1.8133056133056134,True
pubmed_deepres28_w128,24,R3_MOSAIC_ANCHOR,32,65,128,2943.0,17.207147584381204,4361.0,5716,613.75,118,3674.75,1.186747397782162,True
pubmed_deepres28_w128,24,R3_MOSAIC_ANCHOR,32,59,128,2049.0,23.435948361469716,4361.0,5984,451.25,100,2600.25,1.677146428228055,True
pubmed_deepres28_w128,24,R3_MOSAIC_ANCHOR,32,75,128,2943.0,19.85440105890139,4361.0,6704,281.25,97,3321.25,1.3130598419269852,True
pubmed_deepres28_w128,24,R3_MOSAIC_ANCHOR,32,52,128,2049.0,20.655412115193645,4361.0,5736,421.25,91,2561.25,1.7026842362127868,True
pubmed_deepres28_w128,24,R3_MOSAIC_ANCHOR,32,63,128,2311.0,25.02482621648461,4361.0,6788,290.0,89,2690.0,1.621189591078067,True
pubmed_deepres28_w128,24,R3_MOSAIC_ANCHOR,32,58,128,2049.0,23.038728897715988,4361.0,6132,478.75,101,2628.75,1.6589633856395625,True
pubmed_deepres28_w128,24,R3_MOSAIC_ANCHOR,32,74,128,2943.0,19.58967571144937,4361.0,5788,517.5,116,3576.5,1.219348525094366,True
pubmed_deepres28_w128,24,R3_MOSAIC_ANCHOR,32,50,128,2049.0,19.860973187686195,4361.0,5764,470.0,93,2612.0,1.6696018376722819,True
pubmed_deepres28_w128,24,R3_MOSAIC_ANCHOR,32,76,128,2943.0,20.11912640635341,4361.0,5868,493.75,116,3552.75,1.2274998240799382,True
pubmed_deepres28_w128,24,R3_MOSAIC_ANCHOR,32,58,128,2049.0,23.038728897715988,4361.0,6800,250.0,81,2380.0,1.8323529411764705,True
pubmed_deepres28_w128,24,R3_MOSAIC_ANCHOR,32,63,128,2311.0,25.02482621648461,4361.0,6332,438.75,102,2851.75,1.5292364337687385,True
pubmed_deepres28_w128,24,R3_MOSAIC_ANCHOR,32,52,128,2049.0,20.655412115193645,4361.0,6240,220.0,73,2342.0,1.8620836891545687,True
pubmed_deepres28_w128,24,R3_MOSAIC_ANCHOR,32,80,128,2943.0,21.178027796161484,4361.0,6028,473.75,118,3534.75,1.2337506188556475,True
pubmed_deepres28_w128,24,R3_MOSAIC_ANCHOR,32,57,128,2049.0,22.641509433962263,4361.0,5496,452.5,98,2599.5,1.6776303135218311,True
pubmed_deepres28_w128,24,R3_MOSAIC_ANCHOR,32,65,128,2943.0,17.207147584381204,4361.0,6480,330.0,94,3367.0,1.2952182952182951,True
pubmed_deepres28_w128,24,R3_MOSAIC_ANCHOR,32,56,128,2049.0,22.24428997020854,4361.0,6612,217.5,76,2342.5,1.8616862326574173,True
pubmed_deepres28_w128,24,R3_MOSAIC_ANCHOR,32,66,128,2943.0,17.47187293183322,4361.0,5584,538.75,110,3591.75,1.2141713649335282,True
pubmed_deepres28_w128,24,R3_MOSAIC_ANCHOR,32,70,128,2943.0,18.530774321641296,4361.0,6336,425.0,106,3474.0,1.2553252734599885,True
pubmed_deepres28_w128,24,R3_MOSAIC_ANCHOR,32,61,128,2049.0,24.23038728897716,4361.0,6936,220.0,81,2350.0,1.8557446808510638,True
pubmed_deepres28_w128,24,R3_MOSAIC_ANCHOR,32,54,128,2049.0,21.44985104270109,4361.0,6288,445.0,94,2588.0,1.6850850077279753,True
pubmed_deepres28_w128,24,R3_MOSAIC_ANCHOR,32,72,128,2943.0,19.06022501654533,4361.0,5636,538.75,116,3597.75,1.2121464804391633,True
pubmed_deepres28_w128,24,R3_MOSAIC_ANCHOR,32,59,128,2049.0,23.435948361469716,4361.0,6736,275.0,84,2408.0,1.811046511627907,True
pubmed_deepres28_w128,24,R3_MOSAIC_ANCHOR,32,52,128,2049.0,20.655412115193645,4361.0,5984,483.75,97,2629.75,1.6583325411160756,True
pubmed_deepres28_w128,24,R3_MOSAIC_ANCHOR,32,66,128,2943.0,17.47187293183322,4361.0,6500,383.75,99,3425.75,1.2730059111143546,True
pubmed_deepres28_w128,24,R3_MOSAIC_ANCHOR,32,56,128,2049.0,22.24428997020854,4361.0,6192,581.25,105,2735.25,1.5943698016634678,True
pubmed_deepres28_w128,24,R3_MOSAIC_ANCHOR,32,55,128,2049.0,21.847070506454816,4361.0,5156,557.5,105,2711.5,1.608334869998156,True
pubmed_deepres28_w128,24,R3_MOSAIC_ANCHOR,32,51,128,2049.0,20.25819265143992,4361.0,5780,418.75,89,2556.75,1.7056810403832992,True
pubmed_deepres28_w128,24,R3_MOSAIC_ANCHOR,32,59,128,2049.0,23.435948361469716,4361.0,5404,625.0,113,2787.0,1.5647649802655186,True
pubmed_deepres28_w128,24,R3_MOSAIC_ANCHOR,32,65,128,2943.0,17.207147584381204,4361.0,6736,306.25,92,3341.25,1.3052001496445942,True
pubmed_deepres28_w128,24,R3_MOSAIC_ANCHOR,32,65,128,2943.0,17.207147584381204,4361.0,5876,542.5,110,3595.5,1.212905020164094,True
pubmed_deepres28_w128,24,R3_MOSAIC_ANCHOR,32,62,128,2311.0,24.627606752730884,4361.0,6152,440.0,100,2851.0,1.5296387232549982,True
pubmed_deepres28_w128,24,R3_MOSAIC_ANCHOR,32,64,128,2311.0,25.42204568023833,4361.0,6896,241.25,85,2637.25,1.6536164565361646,True
pubmed_deepres28_w128,24,R3_MOSAIC_ANCHOR,32,42,128,2049.0,16.683217477656406,4361.0,5064,398.75,79,2526.75,1.7259325220144455,True
pubmed_deepres28_w128,24,R3_MOSAIC_ANCHOR,32,69,128,2943.0,18.26604897418928,4361.0,6096,446.25,107,3496.25,1.247336431891312,True
pubmed_deepres28_w128,24,R3_MOSAIC_ANCHOR,32,65,128,2943.0,17.207147584381204,4361.0,5904,522.5,109,3574.5,1.2200307735347602,True
pubmed_deepres28_w128,24,R3_MOSAIC_ANCHOR,32,61,128,2049.0,24.23038728897716,4361.0,5584,450.0,101,2600.0,1.6773076923076924,True
pubmed_deepres28_w128,24,R3_MOSAIC_ANCHOR,32,45,128,2049.0,17.874875868917577,4361.0,5208,468.75,88,2605.75,1.6736064472800538,True
pubmed_deepres28_w128,24,R3_MOSAIC_ANCHOR,32,79,128,2943.0,20.913302448709462,4361.0,6496,340.0,106,3389.0,1.2868102685157863,True
pubmed_deepres28_w128,24,R3_MOSAIC_ANCHOR,32,65,128,2943.0,17.207147584381204,4361.0,6064,578.75,113,3634.75,1.1998074145402022,True
pubmed_deepres28_w128,24,R3_MOSAIC_ANCHOR,32,43,128,2049.0,17.080436941410127,4361.0,5104,348.75,76,2473.75,1.762910560889338,True
pubmed_deepres28_w128,24,R3_MOSAIC_ANCHOR,32,80,128,2943.0,21.178027796161484,4361.0,5524,392.5,110,3445.5,1.2657088956610072,True
pubmed_deepres28_w128,24,R3_MOSAIC_ANCHOR,32,60,128,2049.0,23.83316782522344,4361.0,5992,508.75,103,2660.75,1.6390115568918537,True
pubmed_deepres28_w128,24,R3_MOSAIC_ANCHOR,32,44,128,2049.0,17.477656405163852,4361.0,5188,481.25,89,2619.25,1.6649804333301517,True
pubmed_deepres28_w128,24,R3_MOSAIC_ANCHOR,32,44,128,2049.0,17.477656405163852,4361.0,5088,403.75,82,2534.75,1.72048525495611,True
pubmed_deepres28_w128,24,R3_MOSAIC_ANCHOR,32,79,128,2943.0,20.913302448709462,4361.0,5972,482.5,116,3541.5,1.23139912466469,True
pubmed_deepres28_w128,24,R3_MOSAIC_ANCHOR,32,51,128,2049.0,20.25819265143992,4361.0,5196,397.5,87,2533.5,1.7213341227550818,True
pubmed_deepres28_w128,24,R3_MOSAIC_ANCHOR,32,43,128,2049.0,17.080436941410127,4361.0,5080,415.0,82,2546.0,1.7128829536527888,True
pubmed_deepres28_w128,24,R3_MOSAIC_ANCHOR,32,66,128,2943.0,17.47187293183322,4361.0,6228,421.25,102,3466.25,1.2581319870176704,True
pubmed_deepres28_w128,24,R3_MOSAIC_ANCHOR,32,43,128,2049.0,17.080436941410127,4361.0,5088,407.5,81,2537.5,1.7186206896551723,True
pubmed_deepres28_w128,24,R3_MOSAIC_ANCHOR,32,80,128,2943.0,21.178027796161484,4361.0,5980,513.75,120,3576.75,1.2192632976864473,True
pubmed_deepres28_w128,24,R3_MOSAIC_ANCHOR,32,57,128,2049.0,22.641509433962263,4361.0,5768,533.75,103,2685.75,1.6237550032579353,True
pubmed_deepres28_w128,24,R3_MOSAIC_ANCHOR,32,45,128,2049.0,17.874875868917577,4361.0,5152,475.0,90,2614.0,1.6683244070390206,True
pubmed_deepres28_w128,24,R3_MOSAIC_ANCHOR,32,67,128,2943.0,17.736598279285243,4361.0,6128,332.5,95,3370.5,1.2938733125649013,True
pubmed_deepres28_w128,24,R3_MOSAIC_ANCHOR,32,67,128,2943.0,17.736598279285243,4361.0,5964,547.5,114,3604.5,1.2098765432098766,True
pubmed_deepres28_w128,24,R3_MOSAIC_ANCHOR,32,46,128,2049.0,18.272095332671302,4361.0,5128,437.5,88,2574.5,1.6939211497378133,True
pubmed_deepres28_w128,24,R3_MOSAIC_ANCHOR,32,51,128,2049.0,20.25819265143992,4361.0,5160,428.75,89,2566.75,1.6990357455926757,True
pubmed_deepres28_w128,24,R3_MOSAIC_ANCHOR,32,80,128,2943.0,21.178027796161484,4361.0,6140,418.75,112,3473.75,1.2554156171284634,True
pubmed_deepres28_w128,24,R3_MOSAIC_ANCHOR,32,41,128,2049.0,16.28599801390268,4361.0,5108,327.5,71,2447.5,1.7818181818181817,True
pubmed_deepres28_w128,24,R3_MOSAIC_ANCHOR,32,51,128,2049.0,20.25819265143992,4361.0,5192,490.0,95,2634.0,1.655656795747912,True
pubmed_deepres28_w128,24,R3_MOSAIC_ANCHOR,32,53,128,2049.0,21.05263157894737,4361.0,6416,220.0,74,2343.0,1.861288945795988,True
pubmed_deepres28_w128,24,R3_MOSAIC_ANCHOR,32,80,128,2943.0,21.178027796161484,4361.0,5608,413.75,111,3467.75,1.2575877730516907,True
pubmed_deepres28_w128,24,R3_MOSAIC_ANCHOR,32,64,128,2311.0,25.42204568023833,4361.0,6736,298.75,90,2699.75,1.6153347532178906,True
pubmed_deepres28_w128,24,R3_MOSAIC_ANCHOR,32,56,128,2049.0,22.24428997020854,4361.0,6112,300.0,85,2434.0,1.7917009038619556,True
pubmed_deepres28_w128,24,R3_MOSAIC_ANCHOR,32,66,128,2943.0,17.47187293183322,4361.0,6172,283.75,90,3316.75,1.314841335644833,True
pubmed_deepres28_w128,24,R3_MOSAIC_ANCHOR,32,78,128,2943.0,20.648577101257445,4361.0,6088,396.25,108,3447.25,1.2650663572412792,True
pubmed_deepres28_w128,24,R3_MOSAIC_ANCHOR,32,58,128,2049.0,23.038728897715988,4361.0,6884,205.0,77,2331.0,1.8708708708708708,True
pubmed_deepres28_w128,24,R3_MOSAIC_ANCHOR,32,61,128,2049.0,24.23038728897716,4361.0,6276,388.75,95,2532.75,1.7218438456223473,True
pubmed_deepres28_w128,24,R3_MOSAIC_ANCHOR,32,52,128,2049.0,20.655412115193645,4361.0,6292,200.0,71,2320.0,1.8797413793103448,True
pubmed_deepres28_w128,24,R3_MOSAIC_ANCHOR,32,66,128,2943.0,17.47187293183322,4361.0,6028,397.5,100,3440.5,1.2675483214649033,True
pubmed_deepres28_w128,24,R3_MOSAIC_ANCHOR,32,57,128,2049.0,22.641509433962263,4361.0,6156,360.0,90,2499.0,1.7450980392156863,True
pubmed_deepres28_w128,24,R3_MOSAIC_ANCHOR,32,57,128,2049.0,22.641509433962263,4361.0,6720,186.25,74,2309.25,1.8884919346108044,True
pubmed_deepres28_w128,24,R3_MOSAIC_ANCHOR,32,54,128,2049.0,21.44985104270109,4361.0,6276,247.5,77,2373.5,1.837370971139667,True
pubmed_deepres28_w128,24,R3_MOSAIC_ANCHOR,32,63,128,2311.0,25.02482621648461,4361.0,5456,390.0,96,2797.0,1.5591705398641402,True
pubmed_deepres28_w128,24,R3_MOSAIC_ANCHOR,32,58,128,2049.0,23.038728897715988,4361.0,6856,195.0,76,2320.0,1.8797413793103448,True
pubmed_deepres28_w128,24,R3_MOSAIC_ANCHOR,32,66,128,2943.0,17.47187293183322,4361.0,6440,362.5,96,3401.5,1.2820814346611789,True
pubmed_deepres28_w128,24,R3_MOSAIC_ANCHOR,32,71,128,2943.0,18.79549966909332,4361.0,5896,541.25,115,3599.25,1.2116413141626727,True
pubmed_deepres28_w128,24,R3_MOSAIC_ANCHOR,32,58,128,2049.0,23.038728897715988,4361.0,6820,226.25,78,2353.25,1.8531817698927016,True
pubmed_deepres28_w128,24,R3_MOSAIC_ANCHOR,32,53,128,2049.0,21.05263157894737,4361.0,5456,372.5,88,2509.5,1.7377963737796374,True
pubmed_deepres28_w128,24,R3_MOSAIC_ANCHOR,32,71,128,2943.0,18.79549966909332,4361.0,6452,387.5,102,3432.5,1.270502549162418,True
pubmed_deepres28_w128,24,R3_MOSAIC_ANCHOR,32,59,128,2049.0,23.435948361469716,4361.0,6620,225.0,80,2354.0,1.852591333899745,True
pubmed_deepres28_w128,24,R3_MOSAIC_ANCHOR,32,57,128,2049.0,22.641509433962263,4361.0,6444,361.25,89,2499.25,1.744923477043113,True
pubmed_deepres28_w128,24,R3_MOSAIC_ANCHOR,32,76,128,2943.0,20.11912640635341,4361.0,5916,351.25,103,3397.25,1.2836853337258076,True
pubmed_deepres28_w128,24,R3_MOSAIC_ANCHOR,32,58,128,2049.0,23.038728897715988,4361.0,6908,226.25,78,2353.25,1.8531817698927016,True
pubmed_deepres28_w128,24,R3_MOSAIC_ANCHOR,32,63,128,2311.0,25.02482621648461,4361.0,6552,292.5,89,2692.5,1.6196843082636954,True
pubmed_deepres28_w128,24,R3_MOSAIC_ANCHOR,32,70,128,2943.0,18.530774321641296,4361.0,5480,428.75,105,3476.75,1.2543323506147983,True
pubmed_deepres28_w128,24,R3_MOSAIC_ANCHOR,32,54,128,2049.0,21.44985104270109,4361.0,6476,243.75,77,2369.75,1.8402785103913915,True
pubmed_deepres28_w128,24,R3_MOSAIC_ANCHOR,32,52,128,2049.0,20.655412115193645,4361.0,5364,428.75,92,2569.75,1.6970522424360346,True
pubmed_deepres28_w128,24,R3_MOSAIC_ANCHOR,32,58,128,2049.0,23.038728897715988,4361.0,6760,202.5,75,2326.5,1.8744895766172363,True
pubmed_deepres28_w128,24,R3_MOSAIC_ANCHOR,32,79,128,2943.0,20.913302448709462,4361.0,5452,471.25,114,3528.25,1.2360235244101183,True
pubmed_deepres28_w128,24,R3_MOSAIC_ANCHOR,32,63,128,2311.0,25.02482621648461,4361.0,5916,413.75,100,2824.75,1.5438534383573768,True
pubmed_deepres28_w128,24,R3_MOSAIC_ANCHOR,32,65,128,2943.0,17.207147584381204,4361.0,6772,298.75,90,3331.75,1.3089217378254672,True
pubmed_deepres28_w128,24,R3_MOSAIC_ANCHOR,32,56,128,2049.0,22.24428997020854,4361.0,6940,170.0,72,2291.0,1.9035355739851594,True
pubmed_deepres28_w128,24,R3_MOSAIC_ANCHOR,32,80,128,2943.0,21.178027796161484,4361.0,6220,393.75,109,3445.75,1.265617064499746,True
pubmed_deepres28_w128,24,R3_MOSAIC_ANCHOR,32,64,128,2311.0,25.42204568023833,4361.0,6584,338.75,93,2742.75,1.5900100264333241,True
pubmed_deepres28_w128,24,R3_MOSAIC_ANCHOR,32,53,128,2049.0,21.05263157894737,4361.0,6600,210.0,73,2332.0,1.8700686106346485,True
pubmed_deepres28_w128,24,R3_MOSAIC_ANCHOR,32,54,128,2049.0,21.44985104270109,4361.0,6348,266.25,80,2395.25,1.8206867759106564,True
pubmed_deepres28_w128,24,R3_MOSAIC_ANCHOR,32,79,128,2943.0,20.913302448709462,4361.0,6304,365.0,108,3416.0,1.276639344262295,True
pubmed_deepres28_w128,24,R3_MOSAIC_ANCHOR,32,66,128,2943.0,17.47187293183322,4361.0,6384,340.0,94,3377.0,1.2913828842167605,True
pubmed_deepres28_w128,24,R3_MOSAIC_ANCHOR,32,57,128,2049.0,22.641509433962263,4361.0,6932,216.25,76,2341.25,1.8626801922050187,True
pubmed_deepres28_w128,24,R3_MOSAIC_ANCHOR,32,59,128,2049.0,23.435948361469716,4361.0,6560,222.5,79,2350.5,1.855349925547756,True
pubmed_deepres28_w128,24,R3_MOSAIC_ANCHOR,32,60,128,2049.0,23.83316782522344,4361.0,5812,490.0,102,2641.0,1.651268458917077,True
pubmed_deepres28_w128,24,R3_MOSAIC_ANCHOR,32,57,128,2049.0,22.641509433962263,4361.0,6880,241.25,80,2370.25,1.8398903069296488,True
pubmed_deepres28_w128,24,R3_MOSAIC_ANCHOR,32,75,128,2943.0,19.85440105890139,4361.0,6216,421.25,109,3473.25,1.2555963434823292,True
pubmed_deepres28_w128,24,R3_MOSAIC_ANCHOR,32,56,128,2049.0,22.24428997020854,4361.0,6540,223.75,77,2349.75,1.8559421215022875,True
pubmed_deepres28_w128,24,R3_MOSAIC_ANCHOR,32,79,128,2943.0,20.913302448709462,4361.0,6084,430.0,112,3485.0,1.2513629842180776,True
pubmed_deepres28_w128,24,R3_MOSAIC_ANCHOR,32,68,128,2943.0,18.00132362673726,4361.0,6180,398.75,102,3443.75,1.2663520871143377,True
pubmed_deepres28_w128,24,R3_MOSAIC_ANCHOR,32,57,128,2049.0,22.641509433962263,4361.0,6868,225.0,78,2352.0,1.8541666666666667,True
pubmed_deepres28_w128,24,R3_MOSAIC_ANCHOR,32,59,128,2049.0,23.435948361469716,4361.0,6876,258.75,82,2389.75,1.824877079192384,True
pubmed_deepres28_w128,24,R3_MOSAIC_ANCHOR,32,81,128,2943.0,21.4427531436135,4361.0,5844,442.5,114,3499.5,1.2461780254322046,True
pubmed_deepres28_w128,24,R3_MOSAIC_ANCHOR,32,66,128,2943.0,17.47187293183322,4361.0,6264,351.25,97,3391.25,1.2859565057132325,True
pubmed_deepres28_w128,24,R3_MOSAIC_ANCHOR,32,57,128,2049.0,22.641509433962263,4361.0,6416,261.25,81,2391.25,1.8237323575535809,True
pubmed_deepres28_w128,24,R3_MOSAIC_ANCHOR,32,53,128,2049.0,21.05263157894737,4361.0,6492,177.5,70,2296.5,1.8989767036795122,True
pubmed_deepres28_w128,24,R3_MOSAIC_ANCHOR,32,77,128,2943.0,20.383851753805427,4361.0,6320,398.75,109,3450.75,1.2637832355285084,True
pubmed_deepres28_w128,24,R3_MOSAIC_ANCHOR,32,58,128,2049.0,23.038728897715988,4361.0,6296,316.25,86,2451.25,1.779092299847017,True
pubmed_deepres28_w128,24,R3_MOSAIC_ANCHOR,32,63,128,2311.0,25.02482621648461,4361.0,6908,226.25,83,2620.25,1.6643450052475908,True
pubmed_deepres28_w128,24,R3_MOSAIC_ANCHOR,32,72,128,2943.0,19.06022501654533,4361.0,5968,492.5,113,3548.5,1.2289699873185853,True
pubmed_deepres28_w128,24,R3_MOSAIC_ANCHOR,32,62,128,2311.0,24.627606752730884,4361.0,6664,232.5,82,2625.5,1.6610169491525424,True
pubmed_deepres28_w128,24,R3_MOSAIC_ANCHOR,32,53,128,2049.0,21.05263157894737,4361.0,6268,283.75,81,2413.75,1.8067322630761264,True
pubmed_deepres28_w128,24,R3_MOSAIC_ANCHOR,32,63,128,2311.0,25.02482621648461,4361.0,6708,296.25,89,2696.25,1.6174316179879462,True
pubmed_deepres28_w128,24,R3_MOSAIC_ANCHOR,32,58,128,2049.0,23.038728897715988,4361.0,6384,221.25,78,2348.25,1.8571276482486958,True
pubmed_deepres28_w128,24,R3_MOSAIC_ANCHOR,32,79,128,2943.0,20.913302448709462,4361.0,6344,343.75,105,3391.75,1.2857669344733544,True
pubmed_deepres28_w128,24,R3_MOSAIC_ANCHOR,32,58,128,2049.0,23.038728897715988,4361.0,6924,216.25,77,2342.25,1.861884939694738,True
pubmed_deepres28_w128,24,R3_MOSAIC_ANCHOR,32,56,128,2049.0,22.24428997020854,4361.0,6784,196.25,75,2320.25,1.8795388427971125,True
pubmed_deepres28_w128,24,R3_MOSAIC_ANCHOR,32,51,128,2049.0,20.25819265143992,4361.0,6168,336.25,82,2467.25,1.7675549701084203,True
pubmed_deepres28_w128,24,R3_MOSAIC_ANCHOR,32,73,128,2943.0,19.324950363997356,4361.0,6276,332.5,101,3376.5,1.2915741152080558,True
pubmed_deepres28_w128,24,R3_MOSAIC_ANCHOR,32,52,128,2049.0,20.655412115193645,4361.0,6524,168.75,68,2285.75,1.9079076889423603,True
pubmed_deepres28_w128,24,R3_MOSAIC_ANCHOR,32,60,128,2049.0,23.83316782522344,4361.0,6740,213.75,79,2341.75,1.8622824810504963,True
pubmed_deepres28_w128,24,R3_MOSAIC_ANCHOR,32,57,128,2049.0,22.641509433962263,4361.0,6672,240.0,79,2368.0,1.8416385135135136,True
pubmed_deepres28_w128,24,R3_MOSAIC_ANCHOR,32,63,128,2311.0,25.02482621648461,4361.0,5584,473.75,104,2888.75,1.5096495023799221,True
pubmed_deepres28_w128,24,R3_MOSAIC_ANCHOR,32,50,128,2049.0,19.860973187686195,4361.0,5556,435.0,91,2575.0,1.6935922330097088,True
pubmed_deepres28_w128,24,R3_MOSAIC_ANCHOR,32,64,128,2311.0,25.42204568023833,4361.0,6372,320.0,91,2722.0,1.6021307861866274,True
pubmed_deepres28_w128,24,R3_MOSAIC_ANCHOR,32,69,128,2943.0,18.26604897418928,4361.0,6496,348.75,98,3389.75,1.2865255549819308,True
pubmed_deepres28_w128,24,R3_MOSAIC_ANCHOR,32,42,128,2049.0,16.683217477656406,4361.0,5104,438.75,82,2569.75,1.6970522424360346,True
pubmed_deepres28_w128,24,R3_MOSAIC_ANCHOR,32,60,128,2049.0,23.83316782522344,4361.0,6500,246.25,83,2378.25,1.8337012509197939,True
pubmed_deepres28_w128,24,R3_MOSAIC_ANCHOR,32,79,128,2943.0,20.913302448709462,4361.0,5992,547.5,123,3613.5,1.2068631520686315,True
pubmed_deepres28_w128,24,R3_MOSAIC_ANCHOR,32,58,128,2049.0,23.038728897715988,4361.0,6044,402.5,94,2545.5,1.7132194067963071,True
pubmed_deepres28_w128,24,R3_MOSAIC_ANCHOR,32,73,128,2943.0,19.324950363997356,4361.0,5512,417.5,105,3465.5,1.2584042706680132,True
pubmed_deepres28_w128,24,R3_MOSAIC_ANCHOR,32,69,128,2943.0,18.26604897418928,4361.0,5640,496.25,111,3550.25,1.2283641997042463,True
pubmed_deepres28_w128,24,R3_MOSAIC_ANCHOR,32,64,128,2311.0,25.42204568023833,4361.0,6600,331.25,94,2736.25,1.5937871174052078,True
pubmed_deepres28_w128,24,R3_MOSAIC_ANCHOR,32,59,128,2049.0,23.435948361469716,4361.0,6392,428.75,97,2574.75,1.6937566754053792,True
pubmed_deepres28_w128,24,R3_MOSAIC_ANCHOR,32,54,128,2049.0,21.44985104270109,4361.0,5940,441.25,93,2583.25,1.6881834897899932,True
pubmed_deepres28_w128,24,R3_MOSAIC_ANCHOR,32,58,128,2049.0,23.038728897715988,4361.0,6872,226.25,78,2353.25,1.8531817698927016,True
pubmed_deepres28_w128,24,R3_MOSAIC_ANCHOR,32,66,128,2943.0,17.47187293183322,4361.0,5384,460.0,103,3506.0,1.2438676554478039,True
pubmed_deepres28_w128,24,R3_MOSAIC_ANCHOR,32,68,128,2943.0,18.00132362673726,4361.0,5904,411.25,102,3456.25,1.2617721518987342,True
pubmed_deepres28_w128,24,R3_MOSAIC_ANCHOR,32,57,128,2049.0,22.641509433962263,4361.0,5908,458.75,99,2606.75,1.6729644192960582,True
pubmed_deepres28_w128,24,R3_MOSAIC_ANCHOR,32,62,128,2311.0,24.627606752730884,4361.0,6752,291.25,88,2690.25,1.621038936901775,True
pubmed_deepres28_w128,24,R3_MOSAIC_ANCHOR,32,60,128,2049.0,23.83316782522344,4361.0,5456,513.75,104,2666.75,1.635323896128246,True
pubmed_deepres28_w128,24,R3_MOSAIC_ANCHOR,32,56,128,2049.0,22.24428997020854,4361.0,6348,391.25,91,2531.25,1.7228641975308643,True
pubmed_deepres28_w128,24,R3_MOSAIC_ANCHOR,32,65,128,2943.0,17.207147584381204,4361.0,6736,292.5,89,3324.5,1.3117762069484133,True
pubmed_deepres28_w128,24,R3_MOSAIC_ANCHOR,32,53,128,2049.0,21.05263157894737,4361.0,6048,447.5,94,2590.5,1.6834587917390464,True
pubmed_deepres28_w128,24,R3_MOSAIC_ANCHOR,32,57,128,2049.0,22.641509433962263,4361.0,5520,413.75,95,2557.75,1.7050141726126478,True
pubmed_deepres28_w128,24,R3_MOSAIC_ANCHOR,32,56,128,2049.0,22.24428997020854,4361.0,6012,443.75,96,2588.75,1.6845968131337519,True
pubmed_deepres28_w128,24,R3_MOSAIC_ANCHOR,32,65,128,2943.0,17.207147584381204,4361.0,6588,257.5,87,3287.5,1.3265399239543727,True
pubmed_deepres28_w128,24,R3_MOSAIC_ANCHOR,32,64,128,2311.0,25.42204568023833,4361.0,5692,466.25,105,2882.25,1.5130540376442017,True
pubmed_deepres28_w128,24,R3_MOSAIC_ANCHOR,32,57,128,2049.0,22.641509433962263,4361.0,6336,447.5,97,2593.5,1.6815114709851553,True
pubmed_deepres28_w128,24,R3_MOSAIC_ANCHOR,32,63,128,2311.0,25.02482621648461,4361.0,6260,417.5,99,2827.5,1.5423519009725906,True
pubmed_deepres28_w128,24,R3_MOSAIC_ANCHOR,32,77,128,2943.0,20.383851753805427,4361.0,5752,421.25,109,3473.25,1.2555963434823292,True
pubmed_deepres28_w128,24,R3_MOSAIC_ANCHOR,32,58,128,2049.0,23.038728897715988,4361.0,6860,220.0,78,2347.0,1.8581167447805709,True
pubmed_deepres28_w128,24,R3_MOSAIC_ANCHOR,32,65,128,2943.0,17.207147584381204,4361.0,5444,430.0,101,3474.0,1.2553252734599885,True
pubmed_deepres28_w128,24,R3_MOSAIC_ANCHOR,32,58,128,2049.0,23.038728897715988,4361.0,6340,401.25,95,2545.25,1.7133876829388075,True
pubmed_deepres28_w128,24,R3_MOSAIC_ANCHOR,32,59,128,2049.0,23.435948361469716,4361.0,6892,257.5,83,2389.5,1.8250680058589663,True
pubmed_deepres28_w128,24,R3_MOSAIC_ANCHOR,32,56,128,2049.0,22.24428997020854,4361.0,6784,203.75,75,2327.75,1.873482977123832,True
pubmed_deepres28_w128,24,R3_MOSAIC_ANCHOR,32,67,128,2943.0,17.736598279285243,4361.0,5856,491.25,109,3543.25,1.2307909405207085,True
pubmed_deepres28_w128,24,R3_MOSAIC_ANCHOR,32,54,128,2049.0,21.44985104270109,4361.0,5908,427.5,94,2570.5,1.6965570900602995,True
pubmed_deepres28_w128,24,R3_MOSAIC_ANCHOR,32,71,128,2943.0,18.79549966909332,4361.0,5884,558.75,118,3619.75,1.2047793355894745,True
pubmed_deepres28_w128,24,R3_MOSAIC_ANCHOR,32,46,128,2049.0,18.272095332671302,4361.0,5084,361.25,81,2491.25,1.7505268439538384,True
pubmed_deepres28_w128,24,R3_MOSAIC_ANCHOR,32,61,128,2049.0,24.23038728897716,4361.0,6648,327.5,90,2466.5,1.768092438678289,True
pubmed_deepres28_w128,24,R3_MOSAIC_ANCHOR,32,67,128,2943.0,17.736598279285243,4361.0,5568,456.25,105,3504.25,1.2444888349860883,True
pubmed_deepres28_w128,24,R3_MOSAIC_ANCHOR,32,42,128,2049.0,16.683217477656406,4361.0,5064,351.25,75,2475.25,1.7618422381577619,True
pubmed_deepres28_w128,24,R3_MOSAIC_ANCHOR,32,78,128,2943.0,20.648577101257445,4361.0,6684,327.5,104,3374.5,1.2923396058675358,True
pubmed_deepres28_w128,24,R3_MOSAIC_ANCHOR,32,61,128,2049.0,24.23038728897716,4361.0,5716,501.25,105,2655.25,1.6424065530552678,True
pubmed_deepres28_w128,24,R3_MOSAIC_ANCHOR,32,42,128,2049.0,16.683217477656406,4361.0,5068,383.75,78,2510.75,1.7369311958578113,True
pubmed_deepres28_w128,24,R3_MOSAIC_ANCHOR,32,81,128,2943.0,21.4427531436135,4361.0,5580,385.0,109,3437.0,1.2688391038696538,True
pubmed_deepres28_w128,24,R3_MOSAIC_ANCHOR,32,60,128,2049.0,23.83316782522344,4361.0,5612,510.0,104,2663.0,1.6376267367630493,True
pubmed_deepres28_w128,24,R3_MOSAIC_ANCHOR,32,44,128,2049.0,17.477656405163852,4361.0,5088,397.5,81,2527.5,1.7254203758654798,True
pubmed_deepres28_w128,24,R3_MOSAIC_ANCHOR,32,46,128,2049.0,18.272095332671302,4361.0,5088,433.75,86,2568.75,1.697712895377129,True
pubmed_deepres28_w128,24,R3_MOSAIC_ANCHOR,32,66,128,2943.0,17.47187293183322,4361.0,5984,531.25,110,3584.25,1.2167120039059776,True
pubmed_deepres28_w128,24,R3_MOSAIC_ANCHOR,32,69,128,2943.0,18.26604897418928,4361.0,5724,385.0,102,3430.0,1.2714285714285714,True
pubmed_deepres28_w128,24,R3_MOSAIC_ANCHOR,32,45,128,2049.0,17.874875868917577,4361.0,5104,430.0,84,2563.0,1.7015216543113538,True
pubmed_deepres28_w128,24,R3_MOSAIC_ANCHOR,32,52,128,2049.0,20.655412115193645,4361.0,5152,397.5,87,2533.5,1.7213341227550818,True
pubmed_deepres28_w128,24,R3_MOSAIC_ANCHOR,32,72,128,2943.0,19.06022501654533,4361.0,5524,511.25,113,3567.25,1.2225103370944004,True
pubmed_deepres28_w128,24,R3_MOSAIC_ANCHOR,32,52,128,2049.0,20.655412115193645,4361.0,5272,573.75,101,2723.75,1.60110142267095,True
pubmed_deepres28_w128,24,R3_MOSAIC_ANCHOR,32,40,128,1787.0,15.888778550148958,4361.0,5096,328.75,72,2187.75,1.9933721860358815,True
pubmed_deepres28_w128,24,R3_MOSAIC_ANCHOR,32,52,128,2049.0,20.655412115193645,4361.0,6272,261.25,77,2387.25,1.8267881453555346,True
pubmed_deepres28_w128,24,R3_MOSAIC_ANCHOR,32,43,128,2049.0,17.080436941410127,4361.0,5076,441.25,84,2574.25,1.6940856560163153,True
pubmed_deepres28_w128,24,R3_MOSAIC_ANCHOR,32,72,128,2943.0,19.06022501654533,4361.0,5904,531.25,115,3589.25,1.2150170648464165,True
pubmed_deepres28_w128,24,R3_MOSAIC_ANCHOR,32,60,128,2049.0,23.83316782522344,4361.0,6776,247.5,83,2379.5,1.8327379701617987,True
pubmed_deepres28_w128,24,R3_MOSAIC_ANCHOR,32,55,128,2049.0,21.847070506454816,4361.0,6516,211.25,75,2335.25,1.8674660100631624,True
pubmed_deepres28_w128,24,R3_MOSAIC_ANCHOR,32,79,128,2943.0,20.913302448709462,4361.0,6248,385.0,109,3437.0,1.2688391038696538,True
pubmed_deepres28_w128,24,R3_MOSAIC_ANCHOR,32,57,128,2049.0,22.641509433962263,4361.0,6920,217.5,77,2343.5,1.8608918284617026,True
pubmed_deepres28_w128,24,R3_MOSAIC_ANCHOR,32,64,128,2311.0,25.42204568023833,4361.0,6292,443.75,102,2856.75,1.5265599019865232,True
pubmed_deepres28_w128,24,R3_MOSAIC_ANCHOR,32,54,128,2049.0,21.44985104270109,4361.0,6456,202.5,74,2325.5,1.8752956353472372,True
pubmed_deepres28_w128,24,R3_MOSAIC_ANCHOR,32,81,128,2943.0,21.4427531436135,4361.0,5776,401.25,111,3455.25,1.2621373272556256,True
pubmed_deepres28_w128,24,R3_MOSAIC_ANCHOR,32,60,128,2049.0,23.83316782522344,4361.0,6884,246.25,82,2377.25,1.8344726049006204,True
pubmed_deepres28_w128,24,R3_MOSAIC_ANCHOR,32,65,128,2943.0,17.207147584381204,4361.0,6096,453.75,104,3500.75,1.2457330572020282,True
pubmed_deepres28_w128,24,R3_MOSAIC_ANCHOR,32,57,128,2049.0,22.641509433962263,4361.0,6124,436.25,96,2581.25,1.6894915254237288,True
pubmed_deepres28_w128,24,R3_MOSAIC_ANCHOR,32,45,128,2049.0,17.874875868917577,4361.0,5156,476.25,89,2614.25,1.668164865640241,True
pubmed_deepres28_w128,24,R3_MOSAIC_ANCHOR,32,75,128,2943.0,19.85440105890139,4361.0,5724,558.75,119,3620.75,1.2044465925567907,True
pubmed_deepres28_w128,24,R3_MOSAIC_ANCHOR,32,61,128,2049.0,24.23038728897716,4361.0,6780,263.75,86,2398.75,1.818030224075039,True
pubmed_deepres28_w128,24,R3_MOSAIC_ANCHOR,32,79,128,2943.0,20.913302448709462,4361.0,6564,272.5,99,3314.5,1.3157338965153116,True
pubmed_deepres28_w128,24,R3_MOSAIC_ANCHOR,32,54,128,2049.0,21.44985104270109,4361.0,5332,377.5,88,2514.5,1.7343408232252933,True
pubmed_deepres28_w128,24,R3_MOSAIC_ANCHOR,32,53,128,2049.0,21.05263157894737,4361.0,6520,196.25,72,2317.25,1.8819721652821233,True
pubmed_deepres28_w128,24,R3_MOSAIC_ANCHOR,32,41,128,2049.0,16.28599801390268,4361.0,5076,378.75,76,2503.75,1.7417873190214679,True
pubmed_deepres28_w128,24,R3_MOSAIC_ANCHOR,32,56,128,2049.0,22.24428997020854,4361.0,6584,206.25,76,2331.25,1.8706702412868632,True
pubmed_deepres28_w128,24,R3_MOSAIC_ANCHOR,32,41,128,2049.0,16.28599801390268,4361.0,5048,418.75,80,2547.75,1.7117064076145618,True
pubmed_deepres28_w128,24,R3_MOSAIC_ANCHOR,32,79,128,2943.0,20.913302448709462,4361.0,5704,463.75,115,3521.75,1.2383048200468516,True
pubmed_deepres28_w128,24,R3_MOSAIC_ANCHOR,32,66,128,2943.0,17.47187293183322,4361.0,6564,426.25,103,3472.25,1.2559579523363813,True
pubmed_deepres28_w128,24,R3_MOSAIC_ANCHOR,5,42,128,1617.0,3.31858407079646,3497.0,800,55.0,29,1701.0,2.0558495002939448,True
