/home/rishabh/HPCA2/mosaic_delta_phase1/.scalesim-python -m mosaic_validation.scalesim_smoke_runner -c /home/rishabh/HPCA2/mosaic_delta_phase1/artifacts_phase3a/scalesim/array_16/scale.cfg -t /home/rishabh/HPCA2/mosaic_delta_phase1/artifacts_phase3a/scalesim/array_16/topology.csv -l /home/rishabh/HPCA2/mosaic_delta_phase1/artifacts_phase3a/scalesim/array_16/layout.csv -p /home/rishabh/HPCA2/mosaic_delta_phase1/artifacts_phase3a/scalesim/array_16/reports
====================================================
******************* SCALE SIM **********************
====================================================
Array Size: 	16x16
SRAM IFMAP (kB): 	256
SRAM Filter (kB): 	256
SRAM OFMAP (kB): 	256
Dataflow: 	Weight Stationary
topology file path: 	/home/rishabh/HPCA2/mosaic_delta_phase1/artifacts_phase3a/scalesim/array_16/topology.csv
layout file path: 	/home/rishabh/HPCA2/mosaic_delta_phase1/artifacts_phase3a/scalesim/array_16/layout.csv
Working in ESTIMATE BANDWIDTH mode.
====================================================

Running Layer 0
Total cycles: 453
Compute cycles: 187
Stall cycles: 0
Overall utilization: 0.53%
Mapping efficiency: 25.00%
Average IFMAP SRAM BW: 0.086 words/cycle
Average Filter SRAM BW: 1.369 words/cycle
Average OFMAP SRAM BW: 0.342 words/cycle
Average IFMAP DRAM BW: 0.015 words/cycle
Average Filter DRAM BW: 0.973 words/cycle
Average OFMAP DRAM BW: 16.000 words/cycle

Running Layer 1
Total cycles: 645
Compute cycles: 375
Stall cycles: 0
Overall utilization: 0.53%
Mapping efficiency: 25.00%
Average IFMAP SRAM BW: 0.085 words/cycle
Average Filter SRAM BW: 1.365 words/cycle
Average OFMAP SRAM BW: 0.341 words/cycle
Average IFMAP DRAM BW: 0.015 words/cycle
Average Filter DRAM BW: 1.947 words/cycle
Average OFMAP DRAM BW: 16.000 words/cycle

Running Layer 2
Total cycles: 453
Compute cycles: 187
Stall cycles: 0
Overall utilization: 1.07%
Mapping efficiency: 50.00%
Average IFMAP SRAM BW: 0.171 words/cycle
Average Filter SRAM BW: 2.738 words/cycle
Average OFMAP SRAM BW: 0.342 words/cycle
Average IFMAP DRAM BW: 0.030 words/cycle
Average Filter DRAM BW: 1.947 words/cycle
Average OFMAP DRAM BW: 16.000 words/cycle

Running Layer 3
Total cycles: 645
Compute cycles: 375
Stall cycles: 0
Overall utilization: 1.07%
Mapping efficiency: 50.00%
Average IFMAP SRAM BW: 0.171 words/cycle
Average Filter SRAM BW: 2.731 words/cycle
Average OFMAP SRAM BW: 0.341 words/cycle
Average IFMAP DRAM BW: 0.030 words/cycle
Average Filter DRAM BW: 3.894 words/cycle
Average OFMAP DRAM BW: 16.000 words/cycle

Running Layer 4
Total cycles: 453
Compute cycles: 187
Stall cycles: 0
Overall utilization: 2.14%
Mapping efficiency: 100.00%
Average IFMAP SRAM BW: 0.342 words/cycle
Average Filter SRAM BW: 5.476 words/cycle
Average OFMAP SRAM BW: 0.342 words/cycle
Average IFMAP DRAM BW: 0.061 words/cycle
Average Filter DRAM BW: 3.894 words/cycle
Average OFMAP DRAM BW: 16.000 words/cycle

Running Layer 5
Total cycles: 645
Compute cycles: 375
Stall cycles: 0
Overall utilization: 2.13%
Mapping efficiency: 100.00%
Average IFMAP SRAM BW: 0.341 words/cycle
Average Filter SRAM BW: 5.461 words/cycle
Average OFMAP SRAM BW: 0.341 words/cycle
Average IFMAP DRAM BW: 0.061 words/cycle
Average Filter DRAM BW: 7.787 words/cycle
Average OFMAP DRAM BW: 16.000 words/cycle

Running Layer 6
Total cycles: 645
Compute cycles: 375
Stall cycles: 0
Overall utilization: 2.13%
Mapping efficiency: 100.00%
Average IFMAP SRAM BW: 0.341 words/cycle
Average Filter SRAM BW: 5.461 words/cycle
Average OFMAP SRAM BW: 0.341 words/cycle
Average IFMAP DRAM BW: 0.122 words/cycle
Average Filter DRAM BW: 7.787 words/cycle
Average OFMAP DRAM BW: 16.000 words/cycle

Running Layer 7
Total cycles: 1291
Compute cycles: 751
Stall cycles: 0
Overall utilization: 2.13%
Mapping efficiency: 100.00%
Average IFMAP SRAM BW: 0.341 words/cycle
Average Filter SRAM BW: 5.454 words/cycle
Average OFMAP SRAM BW: 0.341 words/cycle
Average IFMAP DRAM BW: 0.122 words/cycle
Average Filter DRAM BW: 7.802 words/cycle
Average OFMAP DRAM BW: 16.000 words/cycle

Running Layer 8
Total cycles: 1291
Compute cycles: 751
Stall cycles: 0
Overall utilization: 2.13%
Mapping efficiency: 100.00%
Average IFMAP SRAM BW: 0.341 words/cycle
Average Filter SRAM BW: 5.454 words/cycle
Average OFMAP SRAM BW: 0.341 words/cycle
Average IFMAP DRAM BW: 0.243 words/cycle
Average Filter DRAM BW: 7.802 words/cycle
Average OFMAP DRAM BW: 16.000 words/cycle

Running Layer 9
Total cycles: 2583
Compute cycles: 1503
Stall cycles: 0
Overall utilization: 2.13%
Mapping efficiency: 100.00%
Average IFMAP SRAM BW: 0.341 words/cycle
Average Filter SRAM BW: 5.450 words/cycle
Average OFMAP SRAM BW: 0.341 words/cycle
Average IFMAP DRAM BW: 0.243 words/cycle
Average Filter DRAM BW: 7.809 words/cycle
Average OFMAP DRAM BW: 16.000 words/cycle

Running Layer 10
Total cycles: 4905
Compute cycles: 3007
Stall cycles: 0
Overall utilization: 2.13%
Mapping efficiency: 100.00%
Average IFMAP SRAM BW: 0.341 words/cycle
Average Filter SRAM BW: 5.449 words/cycle
Average OFMAP SRAM BW: 0.341 words/cycle
Average IFMAP DRAM BW: 0.487 words/cycle
Average Filter DRAM BW: 8.929 words/cycle
Average OFMAP DRAM BW: 16.000 words/cycle

Running Layer 11
Total cycles: 461
Compute cycles: 191
Stall cycles: 0
Overall utilization: 1.05%
Mapping efficiency: 25.00%
Average IFMAP SRAM BW: 0.168 words/cycle
Average Filter SRAM BW: 1.340 words/cycle
Average OFMAP SRAM BW: 0.670 words/cycle
Average IFMAP DRAM BW: 0.030 words/cycle
Average Filter DRAM BW: 0.973 words/cycle
Average OFMAP DRAM BW: 16.000 words/cycle

Running Layer 12
Total cycles: 661
Compute cycles: 383
Stall cycles: 0
Overall utilization: 1.04%
Mapping efficiency: 25.00%
Average IFMAP SRAM BW: 0.167 words/cycle
Average Filter SRAM BW: 1.337 words/cycle
Average OFMAP SRAM BW: 0.668 words/cycle
Average IFMAP DRAM BW: 0.030 words/cycle
Average Filter DRAM BW: 1.947 words/cycle
Average OFMAP DRAM BW: 16.000 words/cycle

Running Layer 13
Total cycles: 461
Compute cycles: 191
Stall cycles: 0
Overall utilization: 2.09%
Mapping efficiency: 50.00%
Average IFMAP SRAM BW: 0.335 words/cycle
Average Filter SRAM BW: 2.681 words/cycle
Average OFMAP SRAM BW: 0.670 words/cycle
Average IFMAP DRAM BW: 0.061 words/cycle
Average Filter DRAM BW: 1.947 words/cycle
Average OFMAP DRAM BW: 16.000 words/cycle

Running Layer 14
Total cycles: 661
Compute cycles: 383
Stall cycles: 0
Overall utilization: 2.09%
Mapping efficiency: 50.00%
Average IFMAP SRAM BW: 0.334 words/cycle
Average Filter SRAM BW: 2.674 words/cycle
Average OFMAP SRAM BW: 0.668 words/cycle
Average IFMAP DRAM BW: 0.061 words/cycle
Average Filter DRAM BW: 3.894 words/cycle
Average OFMAP DRAM BW: 16.000 words/cycle

Running Layer 15
Total cycles: 461
Compute cycles: 191
Stall cycles: 0
Overall utilization: 4.19%
Mapping efficiency: 100.00%
Average IFMAP SRAM BW: 0.670 words/cycle
Average Filter SRAM BW: 5.361 words/cycle
Average OFMAP SRAM BW: 0.670 words/cycle
Average IFMAP DRAM BW: 0.122 words/cycle
Average Filter DRAM BW: 3.894 words/cycle
Average OFMAP DRAM BW: 16.000 words/cycle

Running Layer 16
Total cycles: 661
Compute cycles: 383
Stall cycles: 0
Overall utilization: 4.18%
Mapping efficiency: 100.00%
Average IFMAP SRAM BW: 0.668 words/cycle
Average Filter SRAM BW: 5.347 words/cycle
Average OFMAP SRAM BW: 0.668 words/cycle
Average IFMAP DRAM BW: 0.122 words/cycle
Average Filter DRAM BW: 7.787 words/cycle
Average OFMAP DRAM BW: 16.000 words/cycle

Running Layer 17
Total cycles: 661
Compute cycles: 383
Stall cycles: 0
Overall utilization: 4.18%
Mapping efficiency: 100.00%
Average IFMAP SRAM BW: 0.668 words/cycle
Average Filter SRAM BW: 5.347 words/cycle
Average OFMAP SRAM BW: 0.668 words/cycle
Average IFMAP DRAM BW: 0.243 words/cycle
Average Filter DRAM BW: 7.787 words/cycle
Average OFMAP DRAM BW: 16.000 words/cycle

Running Layer 18
Total cycles: 1323
Compute cycles: 767
Stall cycles: 0
Overall utilization: 4.17%
Mapping efficiency: 100.00%
Average IFMAP SRAM BW: 0.668 words/cycle
Average Filter SRAM BW: 5.340 words/cycle
Average OFMAP SRAM BW: 0.668 words/cycle
Average IFMAP DRAM BW: 0.243 words/cycle
Average Filter DRAM BW: 7.802 words/cycle
Average OFMAP DRAM BW: 16.000 words/cycle

Running Layer 19
Total cycles: 1323
Compute cycles: 767
Stall cycles: 0
Overall utilization: 4.17%
Mapping efficiency: 100.00%
Average IFMAP SRAM BW: 0.668 words/cycle
Average Filter SRAM BW: 5.340 words/cycle
Average OFMAP SRAM BW: 0.668 words/cycle
Average IFMAP DRAM BW: 0.487 words/cycle
Average Filter DRAM BW: 7.802 words/cycle
Average OFMAP DRAM BW: 16.000 words/cycle

Running Layer 20
Total cycles: 2647
Compute cycles: 1535
Stall cycles: 0
Overall utilization: 4.17%
Mapping efficiency: 100.00%
Average IFMAP SRAM BW: 0.667 words/cycle
Average Filter SRAM BW: 5.337 words/cycle
Average OFMAP SRAM BW: 0.667 words/cycle
Average IFMAP DRAM BW: 0.487 words/cycle
Average Filter DRAM BW: 7.809 words/cycle
Average OFMAP DRAM BW: 16.000 words/cycle

Running Layer 21
Total cycles: 5033
Compute cycles: 3071
Stall cycles: 0
Overall utilization: 4.17%
Mapping efficiency: 100.00%
Average IFMAP SRAM BW: 0.667 words/cycle
Average Filter SRAM BW: 5.335 words/cycle
Average OFMAP SRAM BW: 0.667 words/cycle
Average IFMAP DRAM BW: 0.973 words/cycle
Average Filter DRAM BW: 8.929 words/cycle
Average OFMAP DRAM BW: 16.000 words/cycle

Running Layer 22
Total cycles: 469
Compute cycles: 195
Stall cycles: 0
Overall utilization: 1.54%
Mapping efficiency: 25.00%
Average IFMAP SRAM BW: 0.246 words/cycle
Average Filter SRAM BW: 1.313 words/cycle
Average OFMAP SRAM BW: 0.985 words/cycle
Average IFMAP DRAM BW: 0.046 words/cycle
Average Filter DRAM BW: 0.973 words/cycle
Average OFMAP DRAM BW: 16.000 words/cycle

Running Layer 23
Total cycles: 677
Compute cycles: 391
Stall cycles: 0
Overall utilization: 1.53%
Mapping efficiency: 25.00%
Average IFMAP SRAM BW: 0.246 words/cycle
Average Filter SRAM BW: 1.309 words/cycle
Average OFMAP SRAM BW: 0.982 words/cycle
Average IFMAP DRAM BW: 0.046 words/cycle
Average Filter DRAM BW: 1.947 words/cycle
Average OFMAP DRAM BW: 16.000 words/cycle

Running Layer 24
Total cycles: 469
Compute cycles: 195
Stall cycles: 0
Overall utilization: 3.08%
Mapping efficiency: 50.00%
Average IFMAP SRAM BW: 0.492 words/cycle
Average Filter SRAM BW: 2.626 words/cycle
Average OFMAP SRAM BW: 0.985 words/cycle
Average IFMAP DRAM BW: 0.091 words/cycle
Average Filter DRAM BW: 1.947 words/cycle
Average OFMAP DRAM BW: 16.000 words/cycle

Running Layer 25
Total cycles: 677
Compute cycles: 391
Stall cycles: 0
Overall utilization: 3.07%
Mapping efficiency: 50.00%
Average IFMAP SRAM BW: 0.491 words/cycle
Average Filter SRAM BW: 2.619 words/cycle
Average OFMAP SRAM BW: 0.982 words/cycle
Average IFMAP DRAM BW: 0.091 words/cycle
Average Filter DRAM BW: 3.894 words/cycle
Average OFMAP DRAM BW: 16.000 words/cycle

Running Layer 26
Total cycles: 469
Compute cycles: 195
Stall cycles: 0
Overall utilization: 6.15%
Mapping efficiency: 100.00%
Average IFMAP SRAM BW: 0.985 words/cycle
Average Filter SRAM BW: 5.251 words/cycle
Average OFMAP SRAM BW: 0.985 words/cycle
Average IFMAP DRAM BW: 0.183 words/cycle
Average Filter DRAM BW: 3.894 words/cycle
Average OFMAP DRAM BW: 16.000 words/cycle

Running Layer 27
Total cycles: 677
Compute cycles: 391
Stall cycles: 0
Overall utilization: 6.14%
Mapping efficiency: 100.00%
Average IFMAP SRAM BW: 0.982 words/cycle
Average Filter SRAM BW: 5.238 words/cycle
Average OFMAP SRAM BW: 0.982 words/cycle
Average IFMAP DRAM BW: 0.183 words/cycle
Average Filter DRAM BW: 7.787 words/cycle
Average OFMAP DRAM BW: 16.000 words/cycle

Running Layer 28
Total cycles: 677
Compute cycles: 391
Stall cycles: 0
Overall utilization: 6.14%
Mapping efficiency: 100.00%
Average IFMAP SRAM BW: 0.982 words/cycle
Average Filter SRAM BW: 5.238 words/cycle
Average OFMAP SRAM BW: 0.982 words/cycle
Average IFMAP DRAM BW: 0.365 words/cycle
Average Filter DRAM BW: 7.787 words/cycle
Average OFMAP DRAM BW: 16.000 words/cycle

Running Layer 29
Total cycles: 1355
Compute cycles: 783
Stall cycles: 0
Overall utilization: 6.13%
Mapping efficiency: 100.00%
Average IFMAP SRAM BW: 0.981 words/cycle
Average Filter SRAM BW: 5.231 words/cycle
Average OFMAP SRAM BW: 0.981 words/cycle
Average IFMAP DRAM BW: 0.365 words/cycle
Average Filter DRAM BW: 7.802 words/cycle
Average OFMAP DRAM BW: 16.000 words/cycle

Running Layer 30
Total cycles: 1355
Compute cycles: 783
Stall cycles: 0
Overall utilization: 6.13%
Mapping efficiency: 100.00%
Average IFMAP SRAM BW: 0.981 words/cycle
Average Filter SRAM BW: 5.231 words/cycle
Average OFMAP SRAM BW: 0.981 words/cycle
Average IFMAP DRAM BW: 0.730 words/cycle
Average Filter DRAM BW: 7.802 words/cycle
Average OFMAP DRAM BW: 16.000 words/cycle

Running Layer 31
Total cycles: 2711
Compute cycles: 1567
Stall cycles: 0
Overall utilization: 6.13%
Mapping efficiency: 100.00%
Average IFMAP SRAM BW: 0.980 words/cycle
Average Filter SRAM BW: 5.228 words/cycle
Average OFMAP SRAM BW: 0.980 words/cycle
Average IFMAP DRAM BW: 0.730 words/cycle
Average Filter DRAM BW: 7.809 words/cycle
Average OFMAP DRAM BW: 16.000 words/cycle

Running Layer 32
Total cycles: 5161
Compute cycles: 3135
Stall cycles: 0
Overall utilization: 6.12%
Mapping efficiency: 100.00%
Average IFMAP SRAM BW: 0.980 words/cycle
Average Filter SRAM BW: 5.226 words/cycle
Average OFMAP SRAM BW: 0.980 words/cycle
Average IFMAP DRAM BW: 1.460 words/cycle
Average Filter DRAM BW: 8.929 words/cycle
Average OFMAP DRAM BW: 16.000 words/cycle

Running Layer 33
Total cycles: 477
Compute cycles: 199
Stall cycles: 0
Overall utilization: 2.01%
Mapping efficiency: 25.00%
Average IFMAP SRAM BW: 0.322 words/cycle
Average Filter SRAM BW: 1.286 words/cycle
Average OFMAP SRAM BW: 1.286 words/cycle
Average IFMAP DRAM BW: 0.061 words/cycle
Average Filter DRAM BW: 0.973 words/cycle
Average OFMAP DRAM BW: 16.000 words/cycle

Running Layer 34
Total cycles: 693
Compute cycles: 399
Stall cycles: 0
Overall utilization: 2.01%
Mapping efficiency: 25.00%
Average IFMAP SRAM BW: 0.321 words/cycle
Average Filter SRAM BW: 1.283 words/cycle
Average OFMAP SRAM BW: 1.283 words/cycle
Average IFMAP DRAM BW: 0.061 words/cycle
Average Filter DRAM BW: 1.947 words/cycle
Average OFMAP DRAM BW: 16.000 words/cycle

Running Layer 35
Total cycles: 477
Compute cycles: 199
Stall cycles: 0
Overall utilization: 4.02%
Mapping efficiency: 50.00%
Average IFMAP SRAM BW: 0.643 words/cycle
Average Filter SRAM BW: 2.573 words/cycle
Average OFMAP SRAM BW: 1.286 words/cycle
Average IFMAP DRAM BW: 0.122 words/cycle
Average Filter DRAM BW: 1.947 words/cycle
Average OFMAP DRAM BW: 16.000 words/cycle

Running Layer 36
Total cycles: 693
Compute cycles: 399
Stall cycles: 0
Overall utilization: 4.01%
Mapping efficiency: 50.00%
Average IFMAP SRAM BW: 0.642 words/cycle
Average Filter SRAM BW: 2.566 words/cycle
Average OFMAP SRAM BW: 1.283 words/cycle
Average IFMAP DRAM BW: 0.122 words/cycle
Average Filter DRAM BW: 3.894 words/cycle
Average OFMAP DRAM BW: 16.000 words/cycle

Running Layer 37
Total cycles: 477
Compute cycles: 199
Stall cycles: 0
Overall utilization: 8.04%
Mapping efficiency: 100.00%
Average IFMAP SRAM BW: 1.286 words/cycle
Average Filter SRAM BW: 5.146 words/cycle
Average OFMAP SRAM BW: 1.286 words/cycle
Average IFMAP DRAM BW: 0.243 words/cycle
Average Filter DRAM BW: 3.894 words/cycle
Average OFMAP DRAM BW: 16.000 words/cycle

Running Layer 38
Total cycles: 693
Compute cycles: 399
Stall cycles: 0
Overall utilization: 8.02%
Mapping efficiency: 100.00%
Average IFMAP SRAM BW: 1.283 words/cycle
Average Filter SRAM BW: 5.133 words/cycle
Average OFMAP SRAM BW: 1.283 words/cycle
Average IFMAP DRAM BW: 0.243 words/cycle
Average Filter DRAM BW: 7.787 words/cycle
Average OFMAP DRAM BW: 16.000 words/cycle

Running Layer 39
Total cycles: 693
Compute cycles: 399
Stall cycles: 0
Overall utilization: 8.02%
Mapping efficiency: 100.00%
Average IFMAP SRAM BW: 1.283 words/cycle
Average Filter SRAM BW: 5.133 words/cycle
Average OFMAP SRAM BW: 1.283 words/cycle
Average IFMAP DRAM BW: 0.487 words/cycle
Average Filter DRAM BW: 7.787 words/cycle
Average OFMAP DRAM BW: 16.000 words/cycle

Running Layer 40
Total cycles: 1387
Compute cycles: 799
Stall cycles: 0
Overall utilization: 8.01%
Mapping efficiency: 100.00%
Average IFMAP SRAM BW: 1.282 words/cycle
Average Filter SRAM BW: 5.126 words/cycle
Average OFMAP SRAM BW: 1.282 words/cycle
Average IFMAP DRAM BW: 0.487 words/cycle
Average Filter DRAM BW: 7.802 words/cycle
Average OFMAP DRAM BW: 16.000 words/cycle

Running Layer 41
Total cycles: 1387
Compute cycles: 799
Stall cycles: 0
Overall utilization: 8.01%
Mapping efficiency: 100.00%
Average IFMAP SRAM BW: 1.282 words/cycle
Average Filter SRAM BW: 5.126 words/cycle
Average OFMAP SRAM BW: 1.282 words/cycle
Average IFMAP DRAM BW: 0.973 words/cycle
Average Filter DRAM BW: 7.802 words/cycle
Average OFMAP DRAM BW: 16.000 words/cycle

Running Layer 42
Total cycles: 2775
Compute cycles: 1599
Stall cycles: 0
Overall utilization: 8.01%
Mapping efficiency: 100.00%
Average IFMAP SRAM BW: 1.281 words/cycle
Average Filter SRAM BW: 5.123 words/cycle
Average OFMAP SRAM BW: 1.281 words/cycle
Average IFMAP DRAM BW: 0.973 words/cycle
Average Filter DRAM BW: 7.809 words/cycle
Average OFMAP DRAM BW: 16.000 words/cycle

Running Layer 43
Total cycles: 5289
Compute cycles: 3199
Stall cycles: 0
Overall utilization: 8.00%
Mapping efficiency: 100.00%
Average IFMAP SRAM BW: 1.280 words/cycle
Average Filter SRAM BW: 5.122 words/cycle
Average OFMAP SRAM BW: 1.280 words/cycle
Average IFMAP DRAM BW: 1.947 words/cycle
Average Filter DRAM BW: 8.929 words/cycle
Average OFMAP DRAM BW: 16.000 words/cycle

Running Layer 44
Total cycles: 485
Compute cycles: 203
Stall cycles: 0
Overall utilization: 2.46%
Mapping efficiency: 25.00%
Average IFMAP SRAM BW: 0.394 words/cycle
Average Filter SRAM BW: 1.261 words/cycle
Average OFMAP SRAM BW: 1.576 words/cycle
Average IFMAP DRAM BW: 0.076 words/cycle
Average Filter DRAM BW: 0.973 words/cycle
Average OFMAP DRAM BW: 16.000 words/cycle

Running Layer 45
Total cycles: 709
Compute cycles: 407
Stall cycles: 0
Overall utilization: 2.46%
Mapping efficiency: 25.00%
Average IFMAP SRAM BW: 0.393 words/cycle
Average Filter SRAM BW: 1.258 words/cycle
Average OFMAP SRAM BW: 1.572 words/cycle
Average IFMAP DRAM BW: 0.076 words/cycle
Average Filter DRAM BW: 1.947 words/cycle
Average OFMAP DRAM BW: 16.000 words/cycle

Running Layer 46
Total cycles: 485
Compute cycles: 203
Stall cycles: 0
Overall utilization: 4.93%
Mapping efficiency: 50.00%
Average IFMAP SRAM BW: 0.788 words/cycle
Average Filter SRAM BW: 2.522 words/cycle
Average OFMAP SRAM BW: 1.576 words/cycle
Average IFMAP DRAM BW: 0.152 words/cycle
Average Filter DRAM BW: 1.947 words/cycle
Average OFMAP DRAM BW: 16.000 words/cycle

Running Layer 47
Total cycles: 709
Compute cycles: 407
Stall cycles: 0
Overall utilization: 4.91%
Mapping efficiency: 50.00%
Average IFMAP SRAM BW: 0.786 words/cycle
Average Filter SRAM BW: 2.516 words/cycle
Average OFMAP SRAM BW: 1.572 words/cycle
Average IFMAP DRAM BW: 0.152 words/cycle
Average Filter DRAM BW: 3.894 words/cycle
Average OFMAP DRAM BW: 16.000 words/cycle

Running Layer 48
Total cycles: 485
Compute cycles: 203
Stall cycles: 0
Overall utilization: 9.85%
Mapping efficiency: 100.00%
Average IFMAP SRAM BW: 1.576 words/cycle
Average Filter SRAM BW: 5.044 words/cycle
Average OFMAP SRAM BW: 1.576 words/cycle
Average IFMAP DRAM BW: 0.304 words/cycle
Average Filter DRAM BW: 3.894 words/cycle
Average OFMAP DRAM BW: 16.000 words/cycle

Running Layer 49
Total cycles: 709
Compute cycles: 407
Stall cycles: 0
Overall utilization: 9.83%
Mapping efficiency: 100.00%
Average IFMAP SRAM BW: 1.572 words/cycle
Average Filter SRAM BW: 5.032 words/cycle
Average OFMAP SRAM BW: 1.572 words/cycle
Average IFMAP DRAM BW: 0.304 words/cycle
Average Filter DRAM BW: 7.787 words/cycle
Average OFMAP DRAM BW: 16.000 words/cycle

Running Layer 50
Total cycles: 709
Compute cycles: 407
Stall cycles: 0
Overall utilization: 9.83%
Mapping efficiency: 100.00%
Average IFMAP SRAM BW: 1.572 words/cycle
Average Filter SRAM BW: 5.032 words/cycle
Average OFMAP SRAM BW: 1.572 words/cycle
Average IFMAP DRAM BW: 0.608 words/cycle
Average Filter DRAM BW: 7.787 words/cycle
Average OFMAP DRAM BW: 16.000 words/cycle

Running Layer 51
Total cycles: 1419
Compute cycles: 815
Stall cycles: 0
Overall utilization: 9.82%
Mapping efficiency: 100.00%
Average IFMAP SRAM BW: 1.571 words/cycle
Average Filter SRAM BW: 5.026 words/cycle
Average OFMAP SRAM BW: 1.571 words/cycle
Average IFMAP DRAM BW: 0.608 words/cycle
Average Filter DRAM BW: 7.802 words/cycle
Average OFMAP DRAM BW: 16.000 words/cycle

Running Layer 52
Total cycles: 1419
Compute cycles: 815
Stall cycles: 0
Overall utilization: 9.82%
Mapping efficiency: 100.00%
Average IFMAP SRAM BW: 1.571 words/cycle
Average Filter SRAM BW: 5.026 words/cycle
Average OFMAP SRAM BW: 1.571 words/cycle
Average IFMAP DRAM BW: 1.217 words/cycle
Average Filter DRAM BW: 7.802 words/cycle
Average OFMAP DRAM BW: 16.000 words/cycle

Running Layer 53
Total cycles: 2839
Compute cycles: 1631
Stall cycles: 0
Overall utilization: 9.81%
Mapping efficiency: 100.00%
Average IFMAP SRAM BW: 1.570 words/cycle
Average Filter SRAM BW: 5.023 words/cycle
Average OFMAP SRAM BW: 1.570 words/cycle
Average IFMAP DRAM BW: 1.217 words/cycle
Average Filter DRAM BW: 7.809 words/cycle
Average OFMAP DRAM BW: 16.000 words/cycle

Running Layer 54
Total cycles: 5417
Compute cycles: 3263
Stall cycles: 0
Overall utilization: 9.81%
Mapping efficiency: 100.00%
Average IFMAP SRAM BW: 1.569 words/cycle
Average Filter SRAM BW: 5.021 words/cycle
Average OFMAP SRAM BW: 1.569 words/cycle
Average IFMAP DRAM BW: 2.433 words/cycle
Average Filter DRAM BW: 8.929 words/cycle
Average OFMAP DRAM BW: 16.000 words/cycle

Running Layer 55
Total cycles: 493
Compute cycles: 207
Stall cycles: 0
Overall utilization: 2.90%
Mapping efficiency: 25.00%
Average IFMAP SRAM BW: 0.464 words/cycle
Average Filter SRAM BW: 1.237 words/cycle
Average OFMAP SRAM BW: 1.855 words/cycle
Average IFMAP DRAM BW: 0.091 words/cycle
Average Filter DRAM BW: 0.973 words/cycle
Average OFMAP DRAM BW: 16.000 words/cycle

Running Layer 56
Total cycles: 725
Compute cycles: 415
Stall cycles: 0
Overall utilization: 2.89%
Mapping efficiency: 25.00%
Average IFMAP SRAM BW: 0.463 words/cycle
Average Filter SRAM BW: 1.234 words/cycle
Average OFMAP SRAM BW: 1.851 words/cycle
Average IFMAP DRAM BW: 0.091 words/cycle
Average Filter DRAM BW: 1.947 words/cycle
Average OFMAP DRAM BW: 16.000 words/cycle

Running Layer 57
Total cycles: 493
Compute cycles: 207
Stall cycles: 0
Overall utilization: 5.80%
Mapping efficiency: 50.00%
Average IFMAP SRAM BW: 0.928 words/cycle
Average Filter SRAM BW: 2.473 words/cycle
Average OFMAP SRAM BW: 1.855 words/cycle
Average IFMAP DRAM BW: 0.183 words/cycle
Average Filter DRAM BW: 1.947 words/cycle
Average OFMAP DRAM BW: 16.000 words/cycle

Running Layer 58
Total cycles: 725
Compute cycles: 415
Stall cycles: 0
Overall utilization: 5.78%
Mapping efficiency: 50.00%
Average IFMAP SRAM BW: 0.925 words/cycle
Average Filter SRAM BW: 2.467 words/cycle
Average OFMAP SRAM BW: 1.851 words/cycle
Average IFMAP DRAM BW: 0.183 words/cycle
Average Filter DRAM BW: 3.894 words/cycle
Average OFMAP DRAM BW: 16.000 words/cycle

Running Layer 59
Total cycles: 493
Compute cycles: 207
Stall cycles: 0
Overall utilization: 11.59%
Mapping efficiency: 100.00%
Average IFMAP SRAM BW: 1.855 words/cycle
Average Filter SRAM BW: 4.947 words/cycle
Average OFMAP SRAM BW: 1.855 words/cycle
Average IFMAP DRAM BW: 0.365 words/cycle
Average Filter DRAM BW: 3.894 words/cycle
Average OFMAP DRAM BW: 16.000 words/cycle

Running Layer 60
Total cycles: 725
Compute cycles: 415
Stall cycles: 0
Overall utilization: 11.57%
Mapping efficiency: 100.00%
Average IFMAP SRAM BW: 1.851 words/cycle
Average Filter SRAM BW: 4.935 words/cycle
Average OFMAP SRAM BW: 1.851 words/cycle
Average IFMAP DRAM BW: 0.365 words/cycle
Average Filter DRAM BW: 7.787 words/cycle
Average OFMAP DRAM BW: 16.000 words/cycle

Running Layer 61
Total cycles: 725
Compute cycles: 415
Stall cycles: 0
Overall utilization: 11.57%
Mapping efficiency: 100.00%
Average IFMAP SRAM BW: 1.851 words/cycle
Average Filter SRAM BW: 4.935 words/cycle
Average OFMAP SRAM BW: 1.851 words/cycle
Average IFMAP DRAM BW: 0.730 words/cycle
Average Filter DRAM BW: 7.787 words/cycle
Average OFMAP DRAM BW: 16.000 words/cycle

Running Layer 62
Total cycles: 1451
Compute cycles: 831
Stall cycles: 0
Overall utilization: 11.55%
Mapping efficiency: 100.00%
Average IFMAP SRAM BW: 1.848 words/cycle
Average Filter SRAM BW: 4.929 words/cycle
Average OFMAP SRAM BW: 1.848 words/cycle
Average IFMAP DRAM BW: 0.730 words/cycle
Average Filter DRAM BW: 7.802 words/cycle
Average OFMAP DRAM BW: 16.000 words/cycle

Running Layer 63
Total cycles: 1451
Compute cycles: 831
Stall cycles: 0
Overall utilization: 11.55%
Mapping efficiency: 100.00%
Average IFMAP SRAM BW: 1.848 words/cycle
Average Filter SRAM BW: 4.929 words/cycle
Average OFMAP SRAM BW: 1.848 words/cycle
Average IFMAP DRAM BW: 1.460 words/cycle
Average Filter DRAM BW: 7.802 words/cycle
Average OFMAP DRAM BW: 16.000 words/cycle

Running Layer 64
Total cycles: 2903
Compute cycles: 1663
Stall cycles: 0
Overall utilization: 11.55%
Mapping efficiency: 100.00%
Average IFMAP SRAM BW: 1.847 words/cycle
Average Filter SRAM BW: 4.926 words/cycle
Average OFMAP SRAM BW: 1.847 words/cycle
Average IFMAP DRAM BW: 1.460 words/cycle
Average Filter DRAM BW: 7.809 words/cycle
Average OFMAP DRAM BW: 16.000 words/cycle

Running Layer 65
Total cycles: 5545
Compute cycles: 3327
Stall cycles: 0
Overall utilization: 11.54%
Mapping efficiency: 100.00%
Average IFMAP SRAM BW: 1.847 words/cycle
Average Filter SRAM BW: 4.925 words/cycle
Average OFMAP SRAM BW: 1.847 words/cycle
Average IFMAP DRAM BW: 2.920 words/cycle
Average Filter DRAM BW: 8.929 words/cycle
Average OFMAP DRAM BW: 16.000 words/cycle

Running Layer 66
Total cycles: 501
Compute cycles: 211
Stall cycles: 0
Overall utilization: 3.32%
Mapping efficiency: 25.00%
Average IFMAP SRAM BW: 0.531 words/cycle
Average Filter SRAM BW: 1.213 words/cycle
Average OFMAP SRAM BW: 2.123 words/cycle
Average IFMAP DRAM BW: 0.106 words/cycle
Average Filter DRAM BW: 0.973 words/cycle
Average OFMAP DRAM BW: 16.000 words/cycle

Running Layer 67
Total cycles: 741
Compute cycles: 423
Stall cycles: 0
Overall utilization: 3.31%
Mapping efficiency: 25.00%
Average IFMAP SRAM BW: 0.530 words/cycle
Average Filter SRAM BW: 1.210 words/cycle
Average OFMAP SRAM BW: 2.118 words/cycle
Average IFMAP DRAM BW: 0.106 words/cycle
Average Filter DRAM BW: 1.947 words/cycle
Average OFMAP DRAM BW: 16.000 words/cycle

Running Layer 68
Total cycles: 501
Compute cycles: 211
Stall cycles: 0
Overall utilization: 6.64%
Mapping efficiency: 50.00%
Average IFMAP SRAM BW: 1.062 words/cycle
Average Filter SRAM BW: 2.427 words/cycle
Average OFMAP SRAM BW: 2.123 words/cycle
Average IFMAP DRAM BW: 0.213 words/cycle
Average Filter DRAM BW: 1.947 words/cycle
Average OFMAP DRAM BW: 16.000 words/cycle

Running Layer 69
Total cycles: 741
Compute cycles: 423
Stall cycles: 0
Overall utilization: 6.62%
Mapping efficiency: 50.00%
Average IFMAP SRAM BW: 1.059 words/cycle
Average Filter SRAM BW: 2.421 words/cycle
Average OFMAP SRAM BW: 2.118 words/cycle
Average IFMAP DRAM BW: 0.213 words/cycle
Average Filter DRAM BW: 3.894 words/cycle
Average OFMAP DRAM BW: 16.000 words/cycle

Running Layer 70
Total cycles: 501
Compute cycles: 211
Stall cycles: 0
Overall utilization: 13.27%
Mapping efficiency: 100.00%
Average IFMAP SRAM BW: 2.123 words/cycle
Average Filter SRAM BW: 4.853 words/cycle
Average OFMAP SRAM BW: 2.123 words/cycle
Average IFMAP DRAM BW: 0.426 words/cycle
Average Filter DRAM BW: 3.894 words/cycle
Average OFMAP DRAM BW: 16.000 words/cycle

Running Layer 71
Total cycles: 741
Compute cycles: 423
Stall cycles: 0
Overall utilization: 13.24%
Mapping efficiency: 100.00%
Average IFMAP SRAM BW: 2.118 words/cycle
Average Filter SRAM BW: 4.842 words/cycle
Average OFMAP SRAM BW: 2.118 words/cycle
Average IFMAP DRAM BW: 0.426 words/cycle
Average Filter DRAM BW: 7.787 words/cycle
Average OFMAP DRAM BW: 16.000 words/cycle

Running Layer 72
Total cycles: 741
Compute cycles: 423
Stall cycles: 0
Overall utilization: 13.24%
Mapping efficiency: 100.00%
Average IFMAP SRAM BW: 2.118 words/cycle
Average Filter SRAM BW: 4.842 words/cycle
Average OFMAP SRAM BW: 2.118 words/cycle
Average IFMAP DRAM BW: 0.852 words/cycle
Average Filter DRAM BW: 7.787 words/cycle
Average OFMAP DRAM BW: 16.000 words/cycle

Running Layer 73
Total cycles: 1483
Compute cycles: 847
Stall cycles: 0
Overall utilization: 13.22%
Mapping efficiency: 100.00%
Average IFMAP SRAM BW: 2.116 words/cycle
Average Filter SRAM BW: 4.836 words/cycle
Average OFMAP SRAM BW: 2.116 words/cycle
Average IFMAP DRAM BW: 0.852 words/cycle
Average Filter DRAM BW: 7.802 words/cycle
Average OFMAP DRAM BW: 16.000 words/cycle

Running Layer 74
Total cycles: 1483
Compute cycles: 847
Stall cycles: 0
Overall utilization: 13.22%
Mapping efficiency: 100.00%
Average IFMAP SRAM BW: 2.116 words/cycle
Average Filter SRAM BW: 4.836 words/cycle
Average OFMAP SRAM BW: 2.116 words/cycle
Average IFMAP DRAM BW: 1.703 words/cycle
Average Filter DRAM BW: 7.802 words/cycle
Average OFMAP DRAM BW: 16.000 words/cycle

Running Layer 75
Total cycles: 2967
Compute cycles: 1695
Stall cycles: 0
Overall utilization: 13.22%
Mapping efficiency: 100.00%
Average IFMAP SRAM BW: 2.114 words/cycle
Average Filter SRAM BW: 4.833 words/cycle
Average OFMAP SRAM BW: 2.114 words/cycle
Average IFMAP DRAM BW: 1.703 words/cycle
Average Filter DRAM BW: 7.809 words/cycle
Average OFMAP DRAM BW: 16.000 words/cycle

Running Layer 76
Total cycles: 5673
Compute cycles: 3391
Stall cycles: 0
Overall utilization: 13.21%
Mapping efficiency: 100.00%
Average IFMAP SRAM BW: 2.114 words/cycle
Average Filter SRAM BW: 4.832 words/cycle
Average OFMAP SRAM BW: 2.114 words/cycle
Average IFMAP DRAM BW: 3.407 words/cycle
Average Filter DRAM BW: 8.929 words/cycle
Average OFMAP DRAM BW: 16.000 words/cycle

Running Layer 77
Total cycles: 509
Compute cycles: 215
Stall cycles: 0
Overall utilization: 3.72%
Mapping efficiency: 25.00%
Average IFMAP SRAM BW: 0.595 words/cycle
Average Filter SRAM BW: 1.191 words/cycle
Average OFMAP SRAM BW: 2.381 words/cycle
Average IFMAP DRAM BW: 0.122 words/cycle
Average Filter DRAM BW: 0.973 words/cycle
Average OFMAP DRAM BW: 16.000 words/cycle

Running Layer 78
Total cycles: 757
Compute cycles: 431
Stall cycles: 0
Overall utilization: 3.71%
Mapping efficiency: 25.00%
Average IFMAP SRAM BW: 0.594 words/cycle
Average Filter SRAM BW: 1.188 words/cycle
Average OFMAP SRAM BW: 2.376 words/cycle
Average IFMAP DRAM BW: 0.122 words/cycle
Average Filter DRAM BW: 1.947 words/cycle
Average OFMAP DRAM BW: 16.000 words/cycle

Running Layer 79
Total cycles: 509
Compute cycles: 215
Stall cycles: 0
Overall utilization: 7.44%
Mapping efficiency: 50.00%
Average IFMAP SRAM BW: 1.191 words/cycle
Average Filter SRAM BW: 2.381 words/cycle
Average OFMAP SRAM BW: 2.381 words/cycle
Average IFMAP DRAM BW: 0.243 words/cycle
Average Filter DRAM BW: 1.947 words/cycle
Average OFMAP DRAM BW: 16.000 words/cycle

Running Layer 80
Total cycles: 757
Compute cycles: 431
Stall cycles: 0
Overall utilization: 7.42%
Mapping efficiency: 50.00%
Average IFMAP SRAM BW: 1.188 words/cycle
Average Filter SRAM BW: 2.376 words/cycle
Average OFMAP SRAM BW: 2.376 words/cycle
Average IFMAP DRAM BW: 0.243 words/cycle
Average Filter DRAM BW: 3.894 words/cycle
Average OFMAP DRAM BW: 16.000 words/cycle

Running Layer 81
Total cycles: 509
Compute cycles: 215
Stall cycles: 0
Overall utilization: 14.88%
Mapping efficiency: 100.00%
Average IFMAP SRAM BW: 2.381 words/cycle
Average Filter SRAM BW: 4.763 words/cycle
Average OFMAP SRAM BW: 2.381 words/cycle
Average IFMAP DRAM BW: 0.487 words/cycle
Average Filter DRAM BW: 3.894 words/cycle
Average OFMAP DRAM BW: 16.000 words/cycle

Running Layer 82
Total cycles: 757
Compute cycles: 431
Stall cycles: 0
Overall utilization: 14.85%
Mapping efficiency: 100.00%
Average IFMAP SRAM BW: 2.376 words/cycle
Average Filter SRAM BW: 4.752 words/cycle
Average OFMAP SRAM BW: 2.376 words/cycle
Average IFMAP DRAM BW: 0.487 words/cycle
Average Filter DRAM BW: 7.787 words/cycle
Average OFMAP DRAM BW: 16.000 words/cycle

Running Layer 83
Total cycles: 757
Compute cycles: 431
Stall cycles: 0
Overall utilization: 14.85%
Mapping efficiency: 100.00%
Average IFMAP SRAM BW: 2.376 words/cycle
Average Filter SRAM BW: 4.752 words/cycle
Average OFMAP SRAM BW: 2.376 words/cycle
Average IFMAP DRAM BW: 0.973 words/cycle
Average Filter DRAM BW: 7.787 words/cycle
Average OFMAP DRAM BW: 16.000 words/cycle

Running Layer 84
Total cycles: 1515
Compute cycles: 863
Stall cycles: 0
Overall utilization: 14.83%
Mapping efficiency: 100.00%
Average IFMAP SRAM BW: 2.373 words/cycle
Average Filter SRAM BW: 4.746 words/cycle
Average OFMAP SRAM BW: 2.373 words/cycle
Average IFMAP DRAM BW: 0.973 words/cycle
Average Filter DRAM BW: 7.802 words/cycle
Average OFMAP DRAM BW: 16.000 words/cycle

Running Layer 85
Total cycles: 1515
Compute cycles: 863
Stall cycles: 0
Overall utilization: 14.83%
Mapping efficiency: 100.00%
Average IFMAP SRAM BW: 2.373 words/cycle
Average Filter SRAM BW: 4.746 words/cycle
Average OFMAP SRAM BW: 2.373 words/cycle
Average IFMAP DRAM BW: 1.947 words/cycle
Average Filter DRAM BW: 7.802 words/cycle
Average OFMAP DRAM BW: 16.000 words/cycle

Running Layer 86
Total cycles: 3031
Compute cycles: 1727
Stall cycles: 0
Overall utilization: 14.82%
Mapping efficiency: 100.00%
Average IFMAP SRAM BW: 2.372 words/cycle
Average Filter SRAM BW: 4.743 words/cycle
Average OFMAP SRAM BW: 2.372 words/cycle
Average IFMAP DRAM BW: 1.947 words/cycle
Average Filter DRAM BW: 7.809 words/cycle
Average OFMAP DRAM BW: 16.000 words/cycle

Running Layer 87
Total cycles: 5801
Compute cycles: 3455
Stall cycles: 0
Overall utilization: 14.82%
Mapping efficiency: 100.00%
Average IFMAP SRAM BW: 2.371 words/cycle
Average Filter SRAM BW: 4.742 words/cycle
Average OFMAP SRAM BW: 2.371 words/cycle
Average IFMAP DRAM BW: 3.894 words/cycle
Average Filter DRAM BW: 8.929 words/cycle
Average OFMAP DRAM BW: 16.000 words/cycle

Running Layer 88
Total cycles: 517
Compute cycles: 219
Stall cycles: 0
Overall utilization: 4.11%
Mapping efficiency: 25.00%
Average IFMAP SRAM BW: 0.658 words/cycle
Average Filter SRAM BW: 1.169 words/cycle
Average OFMAP SRAM BW: 2.630 words/cycle
Average IFMAP DRAM BW: 0.137 words/cycle
Average Filter DRAM BW: 0.973 words/cycle
Average OFMAP DRAM BW: 16.000 words/cycle

Running Layer 89
Total cycles: 773
Compute cycles: 439
Stall cycles: 0
Overall utilization: 4.10%
Mapping efficiency: 25.00%
Average IFMAP SRAM BW: 0.656 words/cycle
Average Filter SRAM BW: 1.166 words/cycle
Average OFMAP SRAM BW: 2.624 words/cycle
Average IFMAP DRAM BW: 0.137 words/cycle
Average Filter DRAM BW: 1.947 words/cycle
Average OFMAP DRAM BW: 16.000 words/cycle

Running Layer 90
Total cycles: 517
Compute cycles: 219
Stall cycles: 0
Overall utilization: 8.22%
Mapping efficiency: 50.00%
Average IFMAP SRAM BW: 1.315 words/cycle
Average Filter SRAM BW: 2.338 words/cycle
Average OFMAP SRAM BW: 2.630 words/cycle
Average IFMAP DRAM BW: 0.274 words/cycle
Average Filter DRAM BW: 1.947 words/cycle
Average OFMAP DRAM BW: 16.000 words/cycle

Running Layer 91
Total cycles: 773
Compute cycles: 439
Stall cycles: 0
Overall utilization: 8.20%
Mapping efficiency: 50.00%
Average IFMAP SRAM BW: 1.312 words/cycle
Average Filter SRAM BW: 2.333 words/cycle
Average OFMAP SRAM BW: 2.624 words/cycle
Average IFMAP DRAM BW: 0.274 words/cycle
Average Filter DRAM BW: 3.894 words/cycle
Average OFMAP DRAM BW: 16.000 words/cycle

Running Layer 92
Total cycles: 517
Compute cycles: 219
Stall cycles: 0
Overall utilization: 16.44%
Mapping efficiency: 100.00%
Average IFMAP SRAM BW: 2.630 words/cycle
Average Filter SRAM BW: 4.676 words/cycle
Average OFMAP SRAM BW: 2.630 words/cycle
Average IFMAP DRAM BW: 0.548 words/cycle
Average Filter DRAM BW: 3.894 words/cycle
Average OFMAP DRAM BW: 16.000 words/cycle

Running Layer 93
Total cycles: 773
Compute cycles: 439
Stall cycles: 0
Overall utilization: 16.40%
Mapping efficiency: 100.00%
Average IFMAP SRAM BW: 2.624 words/cycle
Average Filter SRAM BW: 4.665 words/cycle
Average OFMAP SRAM BW: 2.624 words/cycle
Average IFMAP DRAM BW: 0.548 words/cycle
Average Filter DRAM BW: 7.787 words/cycle
Average OFMAP DRAM BW: 16.000 words/cycle

Running Layer 94
Total cycles: 773
Compute cycles: 439
Stall cycles: 0
Overall utilization: 16.40%
Mapping efficiency: 100.00%
Average IFMAP SRAM BW: 2.624 words/cycle
Average Filter SRAM BW: 4.665 words/cycle
Average OFMAP SRAM BW: 2.624 words/cycle
Average IFMAP DRAM BW: 1.095 words/cycle
Average Filter DRAM BW: 7.787 words/cycle
Average OFMAP DRAM BW: 16.000 words/cycle

Running Layer 95
Total cycles: 1547
Compute cycles: 879
Stall cycles: 0
Overall utilization: 16.38%
Mapping efficiency: 100.00%
Average IFMAP SRAM BW: 2.621 words/cycle
Average Filter SRAM BW: 4.660 words/cycle
Average OFMAP SRAM BW: 2.621 words/cycle
Average IFMAP DRAM BW: 1.095 words/cycle
Average Filter DRAM BW: 7.802 words/cycle
Average OFMAP DRAM BW: 16.000 words/cycle

Running Layer 96
Total cycles: 1547
Compute cycles: 879
Stall cycles: 0
Overall utilization: 16.38%
Mapping efficiency: 100.00%
Average IFMAP SRAM BW: 2.621 words/cycle
Average Filter SRAM BW: 4.660 words/cycle
Average OFMAP SRAM BW: 2.621 words/cycle
Average IFMAP DRAM BW: 2.190 words/cycle
Average Filter DRAM BW: 7.802 words/cycle
Average OFMAP DRAM BW: 16.000 words/cycle

Running Layer 97
Total cycles: 3095
Compute cycles: 1759
Stall cycles: 0
Overall utilization: 16.37%
Mapping efficiency: 100.00%
Average IFMAP SRAM BW: 2.620 words/cycle
Average Filter SRAM BW: 4.657 words/cycle
Average OFMAP SRAM BW: 2.620 words/cycle
Average IFMAP DRAM BW: 2.190 words/cycle
Average Filter DRAM BW: 7.809 words/cycle
Average OFMAP DRAM BW: 16.000 words/cycle

Running Layer 98
Total cycles: 5929
Compute cycles: 3519
Stall cycles: 0
Overall utilization: 16.37%
Mapping efficiency: 100.00%
Average IFMAP SRAM BW: 2.619 words/cycle
Average Filter SRAM BW: 4.656 words/cycle
Average OFMAP SRAM BW: 2.619 words/cycle
Average IFMAP DRAM BW: 4.380 words/cycle
Average Filter DRAM BW: 8.929 words/cycle
Average OFMAP DRAM BW: 16.000 words/cycle

Running Layer 99
Total cycles: 525
Compute cycles: 223
Stall cycles: 0
Overall utilization: 4.48%
Mapping efficiency: 25.00%
Average IFMAP SRAM BW: 0.717 words/cycle
Average Filter SRAM BW: 1.148 words/cycle
Average OFMAP SRAM BW: 2.870 words/cycle
Average IFMAP DRAM BW: 0.152 words/cycle
Average Filter DRAM BW: 0.973 words/cycle
Average OFMAP DRAM BW: 16.000 words/cycle

Running Layer 100
Total cycles: 789
Compute cycles: 447
Stall cycles: 0
Overall utilization: 4.47%
Mapping efficiency: 25.00%
Average IFMAP SRAM BW: 0.716 words/cycle
Average Filter SRAM BW: 1.145 words/cycle
Average OFMAP SRAM BW: 2.864 words/cycle
Average IFMAP DRAM BW: 0.152 words/cycle
Average Filter DRAM BW: 1.947 words/cycle
Average OFMAP DRAM BW: 16.000 words/cycle

Running Layer 101
Total cycles: 525
Compute cycles: 223
Stall cycles: 0
Overall utilization: 8.97%
Mapping efficiency: 50.00%
Average IFMAP SRAM BW: 1.435 words/cycle
Average Filter SRAM BW: 2.296 words/cycle
Average OFMAP SRAM BW: 2.870 words/cycle
Average IFMAP DRAM BW: 0.304 words/cycle
Average Filter DRAM BW: 1.947 words/cycle
Average OFMAP DRAM BW: 16.000 words/cycle

Running Layer 102
Total cycles: 789
Compute cycles: 447
Stall cycles: 0
Overall utilization: 8.95%
Mapping efficiency: 50.00%
Average IFMAP SRAM BW: 1.432 words/cycle
Average Filter SRAM BW: 2.291 words/cycle
Average OFMAP SRAM BW: 2.864 words/cycle
Average IFMAP DRAM BW: 0.304 words/cycle
Average Filter DRAM BW: 3.894 words/cycle
Average OFMAP DRAM BW: 16.000 words/cycle

Running Layer 103
Total cycles: 525
Compute cycles: 223
Stall cycles: 0
Overall utilization: 17.94%
Mapping efficiency: 100.00%
Average IFMAP SRAM BW: 2.870 words/cycle
Average Filter SRAM BW: 4.592 words/cycle
Average OFMAP SRAM BW: 2.870 words/cycle
Average IFMAP DRAM BW: 0.608 words/cycle
Average Filter DRAM BW: 3.894 words/cycle
Average OFMAP DRAM BW: 16.000 words/cycle

Running Layer 104
Total cycles: 789
Compute cycles: 447
Stall cycles: 0
Overall utilization: 17.90%
Mapping efficiency: 100.00%
Average IFMAP SRAM BW: 2.864 words/cycle
Average Filter SRAM BW: 4.582 words/cycle
Average OFMAP SRAM BW: 2.864 words/cycle
Average IFMAP DRAM BW: 0.608 words/cycle
Average Filter DRAM BW: 7.787 words/cycle
Average OFMAP DRAM BW: 16.000 words/cycle

Running Layer 105
Total cycles: 789
Compute cycles: 447
Stall cycles: 0
Overall utilization: 17.90%
Mapping efficiency: 100.00%
Average IFMAP SRAM BW: 2.864 words/cycle
Average Filter SRAM BW: 4.582 words/cycle
Average OFMAP SRAM BW: 2.864 words/cycle
Average IFMAP DRAM BW: 1.217 words/cycle
Average Filter DRAM BW: 7.787 words/cycle
Average OFMAP DRAM BW: 16.000 words/cycle

Running Layer 106
Total cycles: 1579
Compute cycles: 895
Stall cycles: 0
Overall utilization: 17.88%
Mapping efficiency: 100.00%
Average IFMAP SRAM BW: 2.860 words/cycle
Average Filter SRAM BW: 4.577 words/cycle
Average OFMAP SRAM BW: 2.860 words/cycle
Average IFMAP DRAM BW: 1.217 words/cycle
Average Filter DRAM BW: 7.802 words/cycle
Average OFMAP DRAM BW: 16.000 words/cycle

Running Layer 107
Total cycles: 1579
Compute cycles: 895
Stall cycles: 0
Overall utilization: 17.88%
Mapping efficiency: 100.00%
Average IFMAP SRAM BW: 2.860 words/cycle
Average Filter SRAM BW: 4.577 words/cycle
Average OFMAP SRAM BW: 2.860 words/cycle
Average IFMAP DRAM BW: 2.433 words/cycle
Average Filter DRAM BW: 7.802 words/cycle
Average OFMAP DRAM BW: 16.000 words/cycle

Running Layer 108
Total cycles: 3159
Compute cycles: 1791
Stall cycles: 0
Overall utilization: 17.87%
Mapping efficiency: 100.00%
Average IFMAP SRAM BW: 2.859 words/cycle
Average Filter SRAM BW: 4.574 words/cycle
Average OFMAP SRAM BW: 2.859 words/cycle
Average IFMAP DRAM BW: 2.433 words/cycle
Average Filter DRAM BW: 7.809 words/cycle
Average OFMAP DRAM BW: 16.000 words/cycle

Running Layer 109
Total cycles: 6057
Compute cycles: 3583
Stall cycles: 0
Overall utilization: 17.86%
Mapping efficiency: 100.00%
Average IFMAP SRAM BW: 2.858 words/cycle
Average Filter SRAM BW: 4.573 words/cycle
Average OFMAP SRAM BW: 2.858 words/cycle
Average IFMAP DRAM BW: 4.867 words/cycle
Average Filter DRAM BW: 8.929 words/cycle
Average OFMAP DRAM BW: 16.000 words/cycle

Running Layer 110
Total cycles: 533
Compute cycles: 227
Stall cycles: 0
Overall utilization: 4.85%
Mapping efficiency: 25.00%
Average IFMAP SRAM BW: 0.775 words/cycle
Average Filter SRAM BW: 1.128 words/cycle
Average OFMAP SRAM BW: 3.101 words/cycle
Average IFMAP DRAM BW: 0.167 words/cycle
Average Filter DRAM BW: 0.973 words/cycle
Average OFMAP DRAM BW: 16.000 words/cycle

Running Layer 111
Total cycles: 805
Compute cycles: 455
Stall cycles: 0
Overall utilization: 4.84%
Mapping efficiency: 25.00%
Average IFMAP SRAM BW: 0.774 words/cycle
Average Filter SRAM BW: 1.125 words/cycle
Average OFMAP SRAM BW: 3.095 words/cycle
Average IFMAP DRAM BW: 0.167 words/cycle
Average Filter DRAM BW: 1.947 words/cycle
Average OFMAP DRAM BW: 16.000 words/cycle

Running Layer 112
Total cycles: 533
Compute cycles: 227
Stall cycles: 0
Overall utilization: 9.69%
Mapping efficiency: 50.00%
Average IFMAP SRAM BW: 1.551 words/cycle
Average Filter SRAM BW: 2.256 words/cycle
Average OFMAP SRAM BW: 3.101 words/cycle
Average IFMAP DRAM BW: 0.335 words/cycle
Average Filter DRAM BW: 1.947 words/cycle
Average OFMAP DRAM BW: 16.000 words/cycle

Running Layer 113
Total cycles: 805
Compute cycles: 455
Stall cycles: 0
Overall utilization: 9.67%
Mapping efficiency: 50.00%
Average IFMAP SRAM BW: 1.547 words/cycle
Average Filter SRAM BW: 2.251 words/cycle
Average OFMAP SRAM BW: 3.095 words/cycle
Average IFMAP DRAM BW: 0.335 words/cycle
Average Filter DRAM BW: 3.894 words/cycle
Average OFMAP DRAM BW: 16.000 words/cycle

Running Layer 114
Total cycles: 533
Compute cycles: 227
Stall cycles: 0
Overall utilization: 19.38%
Mapping efficiency: 100.00%
Average IFMAP SRAM BW: 3.101 words/cycle
Average Filter SRAM BW: 4.511 words/cycle
Average OFMAP SRAM BW: 3.101 words/cycle
Average IFMAP DRAM BW: 0.669 words/cycle
Average Filter DRAM BW: 3.894 words/cycle
Average OFMAP DRAM BW: 16.000 words/cycle

Running Layer 115
Total cycles: 805
Compute cycles: 455
Stall cycles: 0
Overall utilization: 19.34%
Mapping efficiency: 100.00%
Average IFMAP SRAM BW: 3.095 words/cycle
Average Filter SRAM BW: 4.501 words/cycle
Average OFMAP SRAM BW: 3.095 words/cycle
Average IFMAP DRAM BW: 0.669 words/cycle
Average Filter DRAM BW: 7.787 words/cycle
Average OFMAP DRAM BW: 16.000 words/cycle

Running Layer 116
Total cycles: 805
Compute cycles: 455
Stall cycles: 0
Overall utilization: 19.34%
Mapping efficiency: 100.00%
Average IFMAP SRAM BW: 3.095 words/cycle
Average Filter SRAM BW: 4.501 words/cycle
Average OFMAP SRAM BW: 3.095 words/cycle
Average IFMAP DRAM BW: 1.338 words/cycle
Average Filter DRAM BW: 7.787 words/cycle
Average OFMAP DRAM BW: 16.000 words/cycle

Running Layer 117
Total cycles: 1611
Compute cycles: 911
Stall cycles: 0
Overall utilization: 19.32%
Mapping efficiency: 100.00%
Average IFMAP SRAM BW: 3.091 words/cycle
Average Filter SRAM BW: 4.496 words/cycle
Average OFMAP SRAM BW: 3.091 words/cycle
Average IFMAP DRAM BW: 1.338 words/cycle
Average Filter DRAM BW: 7.802 words/cycle
Average OFMAP DRAM BW: 16.000 words/cycle

Running Layer 118
Total cycles: 1611
Compute cycles: 911
Stall cycles: 0
Overall utilization: 19.32%
Mapping efficiency: 100.00%
Average IFMAP SRAM BW: 3.091 words/cycle
Average Filter SRAM BW: 4.496 words/cycle
Average OFMAP SRAM BW: 3.091 words/cycle
Average IFMAP DRAM BW: 2.677 words/cycle
Average Filter DRAM BW: 7.802 words/cycle
Average OFMAP DRAM BW: 16.000 words/cycle

Running Layer 119
Total cycles: 3223
Compute cycles: 1823
Stall cycles: 0
Overall utilization: 19.31%
Mapping efficiency: 100.00%
Average IFMAP SRAM BW: 3.089 words/cycle
Average Filter SRAM BW: 4.494 words/cycle
Average OFMAP SRAM BW: 3.089 words/cycle
Average IFMAP DRAM BW: 2.677 words/cycle
Average Filter DRAM BW: 7.809 words/cycle
Average OFMAP DRAM BW: 16.000 words/cycle

Running Layer 120
Total cycles: 6185
Compute cycles: 3647
Stall cycles: 0
Overall utilization: 19.30%
Mapping efficiency: 100.00%
Average IFMAP SRAM BW: 3.089 words/cycle
Average Filter SRAM BW: 4.492 words/cycle
Average OFMAP SRAM BW: 3.089 words/cycle
Average IFMAP DRAM BW: 5.354 words/cycle
Average Filter DRAM BW: 8.929 words/cycle
Average OFMAP DRAM BW: 16.000 words/cycle

Running Layer 121
Total cycles: 541
Compute cycles: 231
Stall cycles: 0
Overall utilization: 5.19%
Mapping efficiency: 25.00%
Average IFMAP SRAM BW: 0.831 words/cycle
Average Filter SRAM BW: 1.108 words/cycle
Average OFMAP SRAM BW: 3.325 words/cycle
Average IFMAP DRAM BW: 0.183 words/cycle
Average Filter DRAM BW: 0.973 words/cycle
Average OFMAP DRAM BW: 16.000 words/cycle

Running Layer 122
Total cycles: 821
Compute cycles: 463
Stall cycles: 0
Overall utilization: 5.18%
Mapping efficiency: 25.00%
Average IFMAP SRAM BW: 0.829 words/cycle
Average Filter SRAM BW: 1.106 words/cycle
Average OFMAP SRAM BW: 3.317 words/cycle
Average IFMAP DRAM BW: 0.183 words/cycle
Average Filter DRAM BW: 1.947 words/cycle
Average OFMAP DRAM BW: 16.000 words/cycle

Running Layer 123
Total cycles: 541
Compute cycles: 231
Stall cycles: 0
Overall utilization: 10.39%
Mapping efficiency: 50.00%
Average IFMAP SRAM BW: 1.662 words/cycle
Average Filter SRAM BW: 2.216 words/cycle
Average OFMAP SRAM BW: 3.325 words/cycle
Average IFMAP DRAM BW: 0.365 words/cycle
Average Filter DRAM BW: 1.947 words/cycle
Average OFMAP DRAM BW: 16.000 words/cycle

Running Layer 124
Total cycles: 821
Compute cycles: 463
Stall cycles: 0
Overall utilization: 10.37%
Mapping efficiency: 50.00%
Average IFMAP SRAM BW: 1.659 words/cycle
Average Filter SRAM BW: 2.212 words/cycle
Average OFMAP SRAM BW: 3.317 words/cycle
Average IFMAP DRAM BW: 0.365 words/cycle
Average Filter DRAM BW: 3.894 words/cycle
Average OFMAP DRAM BW: 16.000 words/cycle

Running Layer 125
Total cycles: 541
Compute cycles: 231
Stall cycles: 0
Overall utilization: 20.78%
Mapping efficiency: 100.00%
Average IFMAP SRAM BW: 3.325 words/cycle
Average Filter SRAM BW: 4.433 words/cycle
Average OFMAP SRAM BW: 3.325 words/cycle
Average IFMAP DRAM BW: 0.730 words/cycle
Average Filter DRAM BW: 3.894 words/cycle
Average OFMAP DRAM BW: 16.000 words/cycle

Running Layer 126
Total cycles: 821
Compute cycles: 463
Stall cycles: 0
Overall utilization: 20.73%
Mapping efficiency: 100.00%
Average IFMAP SRAM BW: 3.317 words/cycle
Average Filter SRAM BW: 4.423 words/cycle
Average OFMAP SRAM BW: 3.317 words/cycle
Average IFMAP DRAM BW: 0.730 words/cycle
Average Filter DRAM BW: 7.787 words/cycle
Average OFMAP DRAM BW: 16.000 words/cycle

Running Layer 127
Total cycles: 821
Compute cycles: 463
Stall cycles: 0
Overall utilization: 20.73%
Mapping efficiency: 100.00%
Average IFMAP SRAM BW: 3.317 words/cycle
Average Filter SRAM BW: 4.423 words/cycle
Average OFMAP SRAM BW: 3.317 words/cycle
Average IFMAP DRAM BW: 1.460 words/cycle
Average Filter DRAM BW: 7.787 words/cycle
Average OFMAP DRAM BW: 16.000 words/cycle

Running Layer 128
Total cycles: 1643
Compute cycles: 927
Stall cycles: 0
Overall utilization: 20.71%
Mapping efficiency: 100.00%
Average IFMAP SRAM BW: 3.314 words/cycle
Average Filter SRAM BW: 4.419 words/cycle
Average OFMAP SRAM BW: 3.314 words/cycle
Average IFMAP DRAM BW: 1.460 words/cycle
Average Filter DRAM BW: 7.802 words/cycle
Average OFMAP DRAM BW: 16.000 words/cycle

Running Layer 129
Total cycles: 1643
Compute cycles: 927
Stall cycles: 0
Overall utilization: 20.71%
Mapping efficiency: 100.00%
Average IFMAP SRAM BW: 3.314 words/cycle
Average Filter SRAM BW: 4.419 words/cycle
Average OFMAP SRAM BW: 3.314 words/cycle
Average IFMAP DRAM BW: 2.920 words/cycle
Average Filter DRAM BW: 7.802 words/cycle
Average OFMAP DRAM BW: 16.000 words/cycle

Running Layer 130
Total cycles: 3287
Compute cycles: 1855
Stall cycles: 0
Overall utilization: 20.70%
Mapping efficiency: 100.00%
Average IFMAP SRAM BW: 3.312 words/cycle
Average Filter SRAM BW: 4.416 words/cycle
Average OFMAP SRAM BW: 3.312 words/cycle
Average IFMAP DRAM BW: 2.920 words/cycle
Average Filter DRAM BW: 7.809 words/cycle
Average OFMAP DRAM BW: 16.000 words/cycle

Running Layer 131
Total cycles: 6313
Compute cycles: 3711
Stall cycles: 0
Overall utilization: 20.70%
Mapping efficiency: 100.00%
Average IFMAP SRAM BW: 3.311 words/cycle
Average Filter SRAM BW: 4.415 words/cycle
Average OFMAP SRAM BW: 3.311 words/cycle
Average IFMAP DRAM BW: 5.840 words/cycle
Average Filter DRAM BW: 8.929 words/cycle
Average OFMAP DRAM BW: 16.000 words/cycle

Running Layer 132
Total cycles: 549
Compute cycles: 235
Stall cycles: 0
Overall utilization: 5.53%
Mapping efficiency: 25.00%
Average IFMAP SRAM BW: 0.885 words/cycle
Average Filter SRAM BW: 1.089 words/cycle
Average OFMAP SRAM BW: 3.540 words/cycle
Average IFMAP DRAM BW: 0.198 words/cycle
Average Filter DRAM BW: 0.973 words/cycle
Average OFMAP DRAM BW: 16.000 words/cycle

Running Layer 133
Total cycles: 837
Compute cycles: 471
Stall cycles: 0
Overall utilization: 5.52%
Mapping efficiency: 25.00%
Average IFMAP SRAM BW: 0.883 words/cycle
Average Filter SRAM BW: 1.087 words/cycle
Average OFMAP SRAM BW: 3.533 words/cycle
Average IFMAP DRAM BW: 0.198 words/cycle
Average Filter DRAM BW: 1.947 words/cycle
Average OFMAP DRAM BW: 16.000 words/cycle

Running Layer 134
Total cycles: 549
Compute cycles: 235
Stall cycles: 0
Overall utilization: 11.06%
Mapping efficiency: 50.00%
Average IFMAP SRAM BW: 1.770 words/cycle
Average Filter SRAM BW: 2.179 words/cycle
Average OFMAP SRAM BW: 3.540 words/cycle
Average IFMAP DRAM BW: 0.395 words/cycle
Average Filter DRAM BW: 1.947 words/cycle
Average OFMAP DRAM BW: 16.000 words/cycle

Running Layer 135
Total cycles: 837
Compute cycles: 471
Stall cycles: 0
Overall utilization: 11.04%
Mapping efficiency: 50.00%
Average IFMAP SRAM BW: 1.766 words/cycle
Average Filter SRAM BW: 2.174 words/cycle
Average OFMAP SRAM BW: 3.533 words/cycle
Average IFMAP DRAM BW: 0.395 words/cycle
Average Filter DRAM BW: 3.894 words/cycle
Average OFMAP DRAM BW: 16.000 words/cycle

Running Layer 136
Total cycles: 549
Compute cycles: 235
Stall cycles: 0
Overall utilization: 22.13%
Mapping efficiency: 100.00%
Average IFMAP SRAM BW: 3.540 words/cycle
Average Filter SRAM BW: 4.357 words/cycle
Average OFMAP SRAM BW: 3.540 words/cycle
Average IFMAP DRAM BW: 0.791 words/cycle
Average Filter DRAM BW: 3.894 words/cycle
Average OFMAP DRAM BW: 16.000 words/cycle

Running Layer 137
Total cycles: 837
Compute cycles: 471
Stall cycles: 0
Overall utilization: 22.08%
Mapping efficiency: 100.00%
Average IFMAP SRAM BW: 3.533 words/cycle
Average Filter SRAM BW: 4.348 words/cycle
Average OFMAP SRAM BW: 3.533 words/cycle
Average IFMAP DRAM BW: 0.791 words/cycle
Average Filter DRAM BW: 7.787 words/cycle
Average OFMAP DRAM BW: 16.000 words/cycle

Running Layer 138
Total cycles: 837
Compute cycles: 471
Stall cycles: 0
Overall utilization: 22.08%
Mapping efficiency: 100.00%
Average IFMAP SRAM BW: 3.533 words/cycle
Average Filter SRAM BW: 4.348 words/cycle
Average OFMAP SRAM BW: 3.533 words/cycle
Average IFMAP DRAM BW: 1.582 words/cycle
Average Filter DRAM BW: 7.787 words/cycle
Average OFMAP DRAM BW: 16.000 words/cycle

Running Layer 139
Total cycles: 1675
Compute cycles: 943
Stall cycles: 0
Overall utilization: 22.06%
Mapping efficiency: 100.00%
Average IFMAP SRAM BW: 3.529 words/cycle
Average Filter SRAM BW: 4.344 words/cycle
Average OFMAP SRAM BW: 3.529 words/cycle
Average IFMAP DRAM BW: 1.582 words/cycle
Average Filter DRAM BW: 7.802 words/cycle
Average OFMAP DRAM BW: 16.000 words/cycle

Running Layer 140
Total cycles: 1675
Compute cycles: 943
Stall cycles: 0
Overall utilization: 22.06%
Mapping efficiency: 100.00%
Average IFMAP SRAM BW: 3.529 words/cycle
Average Filter SRAM BW: 4.344 words/cycle
Average OFMAP SRAM BW: 3.529 words/cycle
Average IFMAP DRAM BW: 3.163 words/cycle
Average Filter DRAM BW: 7.802 words/cycle
Average OFMAP DRAM BW: 16.000 words/cycle

Running Layer 141
Total cycles: 3351
Compute cycles: 1887
Stall cycles: 0
Overall utilization: 22.05%
Mapping efficiency: 100.00%
Average IFMAP SRAM BW: 3.527 words/cycle
Average Filter SRAM BW: 4.341 words/cycle
Average OFMAP SRAM BW: 3.527 words/cycle
Average IFMAP DRAM BW: 3.163 words/cycle
Average Filter DRAM BW: 7.809 words/cycle
Average OFMAP DRAM BW: 16.000 words/cycle

Running Layer 142
Total cycles: 6441
Compute cycles: 3775
Stall cycles: 0
Overall utilization: 22.04%
Mapping efficiency: 100.00%
Average IFMAP SRAM BW: 3.526 words/cycle
Average Filter SRAM BW: 4.340 words/cycle
Average OFMAP SRAM BW: 3.526 words/cycle
Average IFMAP DRAM BW: 6.327 words/cycle
Average Filter DRAM BW: 8.929 words/cycle
Average OFMAP DRAM BW: 16.000 words/cycle

Running Layer 143
Total cycles: 557
Compute cycles: 239
Stall cycles: 0
Overall utilization: 5.86%
Mapping efficiency: 25.00%
Average IFMAP SRAM BW: 0.937 words/cycle
Average Filter SRAM BW: 1.071 words/cycle
Average OFMAP SRAM BW: 3.749 words/cycle
Average IFMAP DRAM BW: 0.213 words/cycle
Average Filter DRAM BW: 0.973 words/cycle
Average OFMAP DRAM BW: 16.000 words/cycle

Running Layer 144
Total cycles: 853
Compute cycles: 479
Stall cycles: 0
Overall utilization: 5.85%
Mapping efficiency: 25.00%
Average IFMAP SRAM BW: 0.935 words/cycle
Average Filter SRAM BW: 1.069 words/cycle
Average OFMAP SRAM BW: 3.741 words/cycle
Average IFMAP DRAM BW: 0.213 words/cycle
Average Filter DRAM BW: 1.947 words/cycle
Average OFMAP DRAM BW: 16.000 words/cycle

Running Layer 145
Total cycles: 557
Compute cycles: 239
Stall cycles: 0
Overall utilization: 11.72%
Mapping efficiency: 50.00%
Average IFMAP SRAM BW: 1.874 words/cycle
Average Filter SRAM BW: 2.142 words/cycle
Average OFMAP SRAM BW: 3.749 words/cycle
Average IFMAP DRAM BW: 0.426 words/cycle
Average Filter DRAM BW: 1.947 words/cycle
Average OFMAP DRAM BW: 16.000 words/cycle

Running Layer 146
Total cycles: 853
Compute cycles: 479
Stall cycles: 0
Overall utilization: 11.69%
Mapping efficiency: 50.00%
Average IFMAP SRAM BW: 1.871 words/cycle
Average Filter SRAM BW: 2.138 words/cycle
Average OFMAP SRAM BW: 3.741 words/cycle
Average IFMAP DRAM BW: 0.426 words/cycle
Average Filter DRAM BW: 3.894 words/cycle
Average OFMAP DRAM BW: 16.000 words/cycle

Running Layer 147
Total cycles: 557
Compute cycles: 239
Stall cycles: 0
Overall utilization: 23.43%
Mapping efficiency: 100.00%
Average IFMAP SRAM BW: 3.749 words/cycle
Average Filter SRAM BW: 4.285 words/cycle
Average OFMAP SRAM BW: 3.749 words/cycle
Average IFMAP DRAM BW: 0.852 words/cycle
Average Filter DRAM BW: 3.894 words/cycle
Average OFMAP DRAM BW: 16.000 words/cycle

Running Layer 148
Total cycles: 853
Compute cycles: 479
Stall cycles: 0
Overall utilization: 23.38%
Mapping efficiency: 100.00%
Average IFMAP SRAM BW: 3.741 words/cycle
Average Filter SRAM BW: 4.276 words/cycle
Average OFMAP SRAM BW: 3.741 words/cycle
Average IFMAP DRAM BW: 0.852 words/cycle
Average Filter DRAM BW: 7.787 words/cycle
Average OFMAP DRAM BW: 16.000 words/cycle

Running Layer 149
Total cycles: 853
Compute cycles: 479
Stall cycles: 0
Overall utilization: 23.38%
Mapping efficiency: 100.00%
Average IFMAP SRAM BW: 3.741 words/cycle
Average Filter SRAM BW: 4.276 words/cycle
Average OFMAP SRAM BW: 3.741 words/cycle
Average IFMAP DRAM BW: 1.703 words/cycle
Average Filter DRAM BW: 7.787 words/cycle
Average OFMAP DRAM BW: 16.000 words/cycle

Running Layer 150
Total cycles: 1707
Compute cycles: 959
Stall cycles: 0
Overall utilization: 23.36%
Mapping efficiency: 100.00%
Average IFMAP SRAM BW: 3.737 words/cycle
Average Filter SRAM BW: 4.271 words/cycle
Average OFMAP SRAM BW: 3.737 words/cycle
Average IFMAP DRAM BW: 1.703 words/cycle
Average Filter DRAM BW: 7.802 words/cycle
Average OFMAP DRAM BW: 16.000 words/cycle

Running Layer 151
Total cycles: 1707
Compute cycles: 959
Stall cycles: 0
Overall utilization: 23.36%
Mapping efficiency: 100.00%
Average IFMAP SRAM BW: 3.737 words/cycle
Average Filter SRAM BW: 4.271 words/cycle
Average OFMAP SRAM BW: 3.737 words/cycle
Average IFMAP DRAM BW: 3.407 words/cycle
Average Filter DRAM BW: 7.802 words/cycle
Average OFMAP DRAM BW: 16.000 words/cycle

Running Layer 152
Total cycles: 3415
Compute cycles: 1919
Stall cycles: 0
Overall utilization: 23.35%
Mapping efficiency: 100.00%
Average IFMAP SRAM BW: 3.735 words/cycle
Average Filter SRAM BW: 4.269 words/cycle
Average OFMAP SRAM BW: 3.735 words/cycle
Average IFMAP DRAM BW: 3.407 words/cycle
Average Filter DRAM BW: 7.809 words/cycle
Average OFMAP DRAM BW: 16.000 words/cycle

Running Layer 153
Total cycles: 6569
Compute cycles: 3839
Stall cycles: 0
Overall utilization: 23.34%
Mapping efficiency: 100.00%
Average IFMAP SRAM BW: 3.734 words/cycle
Average Filter SRAM BW: 4.268 words/cycle
Average OFMAP SRAM BW: 3.734 words/cycle
Average IFMAP DRAM BW: 6.814 words/cycle
Average Filter DRAM BW: 8.929 words/cycle
Average OFMAP DRAM BW: 16.000 words/cycle

Running Layer 154
Total cycles: 565
Compute cycles: 243
Stall cycles: 0
Overall utilization: 6.17%
Mapping efficiency: 25.00%
Average IFMAP SRAM BW: 0.988 words/cycle
Average Filter SRAM BW: 1.053 words/cycle
Average OFMAP SRAM BW: 3.951 words/cycle
Average IFMAP DRAM BW: 0.228 words/cycle
Average Filter DRAM BW: 0.973 words/cycle
Average OFMAP DRAM BW: 16.000 words/cycle

Running Layer 155
Total cycles: 869
Compute cycles: 487
Stall cycles: 0
Overall utilization: 6.16%
Mapping efficiency: 25.00%
Average IFMAP SRAM BW: 0.986 words/cycle
Average Filter SRAM BW: 1.051 words/cycle
Average OFMAP SRAM BW: 3.943 words/cycle
Average IFMAP DRAM BW: 0.228 words/cycle
Average Filter DRAM BW: 1.947 words/cycle
Average OFMAP DRAM BW: 16.000 words/cycle

Running Layer 156
Total cycles: 565
Compute cycles: 243
Stall cycles: 0
Overall utilization: 12.35%
Mapping efficiency: 50.00%
Average IFMAP SRAM BW: 1.975 words/cycle
Average Filter SRAM BW: 2.107 words/cycle
Average OFMAP SRAM BW: 3.951 words/cycle
Average IFMAP DRAM BW: 0.456 words/cycle
Average Filter DRAM BW: 1.947 words/cycle
Average OFMAP DRAM BW: 16.000 words/cycle

Running Layer 157
Total cycles: 869
Compute cycles: 487
Stall cycles: 0
Overall utilization: 12.32%
Mapping efficiency: 50.00%
Average IFMAP SRAM BW: 1.971 words/cycle
Average Filter SRAM BW: 2.103 words/cycle
Average OFMAP SRAM BW: 3.943 words/cycle
Average IFMAP DRAM BW: 0.456 words/cycle
Average Filter DRAM BW: 3.894 words/cycle
Average OFMAP DRAM BW: 16.000 words/cycle

Running Layer 158
Total cycles: 565
Compute cycles: 243
Stall cycles: 0
Overall utilization: 24.69%
Mapping efficiency: 100.00%
Average IFMAP SRAM BW: 3.951 words/cycle
Average Filter SRAM BW: 4.214 words/cycle
Average OFMAP SRAM BW: 3.951 words/cycle
Average IFMAP DRAM BW: 0.913 words/cycle
Average Filter DRAM BW: 3.894 words/cycle
Average OFMAP DRAM BW: 16.000 words/cycle

Running Layer 159
Total cycles: 869
Compute cycles: 487
Stall cycles: 0
Overall utilization: 24.64%
Mapping efficiency: 100.00%
Average IFMAP SRAM BW: 3.943 words/cycle
Average Filter SRAM BW: 4.205 words/cycle
Average OFMAP SRAM BW: 3.943 words/cycle
Average IFMAP DRAM BW: 0.913 words/cycle
Average Filter DRAM BW: 7.787 words/cycle
Average OFMAP DRAM BW: 16.000 words/cycle

Running Layer 160
Total cycles: 869
Compute cycles: 487
Stall cycles: 0
Overall utilization: 24.64%
Mapping efficiency: 100.00%
Average IFMAP SRAM BW: 3.943 words/cycle
Average Filter SRAM BW: 4.205 words/cycle
Average OFMAP SRAM BW: 3.943 words/cycle
Average IFMAP DRAM BW: 1.825 words/cycle
Average Filter DRAM BW: 7.787 words/cycle
Average OFMAP DRAM BW: 16.000 words/cycle

Running Layer 161
Total cycles: 1739
Compute cycles: 975
Stall cycles: 0
Overall utilization: 24.62%
Mapping efficiency: 100.00%
Average IFMAP SRAM BW: 3.938 words/cycle
Average Filter SRAM BW: 4.201 words/cycle
Average OFMAP SRAM BW: 3.938 words/cycle
Average IFMAP DRAM BW: 1.825 words/cycle
Average Filter DRAM BW: 7.802 words/cycle
Average OFMAP DRAM BW: 16.000 words/cycle

Running Layer 162
Total cycles: 1739
Compute cycles: 975
Stall cycles: 0
Overall utilization: 24.62%
Mapping efficiency: 100.00%
Average IFMAP SRAM BW: 3.938 words/cycle
Average Filter SRAM BW: 4.201 words/cycle
Average OFMAP SRAM BW: 3.938 words/cycle
Average IFMAP DRAM BW: 3.650 words/cycle
Average Filter DRAM BW: 7.802 words/cycle
Average OFMAP DRAM BW: 16.000 words/cycle

Running Layer 163
Total cycles: 3479
Compute cycles: 1951
Stall cycles: 0
Overall utilization: 24.60%
Mapping efficiency: 100.00%
Average IFMAP SRAM BW: 3.936 words/cycle
Average Filter SRAM BW: 4.199 words/cycle
Average OFMAP SRAM BW: 3.936 words/cycle
Average IFMAP DRAM BW: 3.650 words/cycle
Average Filter DRAM BW: 7.809 words/cycle
Average OFMAP DRAM BW: 16.000 words/cycle

Running Layer 164
Total cycles: 6697
Compute cycles: 3903
Stall cycles: 0
Overall utilization: 24.60%
Mapping efficiency: 100.00%
Average IFMAP SRAM BW: 3.935 words/cycle
Average Filter SRAM BW: 4.198 words/cycle
Average OFMAP SRAM BW: 3.935 words/cycle
Average IFMAP DRAM BW: 7.300 words/cycle
Average Filter DRAM BW: 8.929 words/cycle
Average OFMAP DRAM BW: 16.000 words/cycle

Running Layer 165
Total cycles: 573
Compute cycles: 247
Stall cycles: 0
Overall utilization: 6.48%
Mapping efficiency: 25.00%
Average IFMAP SRAM BW: 1.036 words/cycle
Average Filter SRAM BW: 1.036 words/cycle
Average OFMAP SRAM BW: 4.146 words/cycle
Average IFMAP DRAM BW: 0.243 words/cycle
Average Filter DRAM BW: 0.973 words/cycle
Average OFMAP DRAM BW: 16.000 words/cycle

Running Layer 166
Total cycles: 885
Compute cycles: 495
Stall cycles: 0
Overall utilization: 6.46%
Mapping efficiency: 25.00%
Average IFMAP SRAM BW: 1.034 words/cycle
Average Filter SRAM BW: 1.034 words/cycle
Average OFMAP SRAM BW: 4.137 words/cycle
Average IFMAP DRAM BW: 0.243 words/cycle
Average Filter DRAM BW: 1.947 words/cycle
Average OFMAP DRAM BW: 16.000 words/cycle

Running Layer 167
Total cycles: 573
Compute cycles: 247
Stall cycles: 0
Overall utilization: 12.96%
Mapping efficiency: 50.00%
Average IFMAP SRAM BW: 2.073 words/cycle
Average Filter SRAM BW: 2.073 words/cycle
Average OFMAP SRAM BW: 4.146 words/cycle
Average IFMAP DRAM BW: 0.487 words/cycle
Average Filter DRAM BW: 1.947 words/cycle
Average OFMAP DRAM BW: 16.000 words/cycle

Running Layer 168
Total cycles: 885
Compute cycles: 495
Stall cycles: 0
Overall utilization: 12.93%
Mapping efficiency: 50.00%
Average IFMAP SRAM BW: 2.069 words/cycle
Average Filter SRAM BW: 2.069 words/cycle
Average OFMAP SRAM BW: 4.137 words/cycle
Average IFMAP DRAM BW: 0.487 words/cycle
Average Filter DRAM BW: 3.894 words/cycle
Average OFMAP DRAM BW: 16.000 words/cycle

Running Layer 169
Total cycles: 573
Compute cycles: 247
Stall cycles: 0
Overall utilization: 25.91%
Mapping efficiency: 100.00%
Average IFMAP SRAM BW: 4.146 words/cycle
Average Filter SRAM BW: 4.146 words/cycle
Average OFMAP SRAM BW: 4.146 words/cycle
Average IFMAP DRAM BW: 0.973 words/cycle
Average Filter DRAM BW: 3.894 words/cycle
Average OFMAP DRAM BW: 16.000 words/cycle

Running Layer 170
Total cycles: 885
Compute cycles: 495
Stall cycles: 0
Overall utilization: 25.86%
Mapping efficiency: 100.00%
Average IFMAP SRAM BW: 4.137 words/cycle
Average Filter SRAM BW: 4.137 words/cycle
Average OFMAP SRAM BW: 4.137 words/cycle
Average IFMAP DRAM BW: 0.973 words/cycle
Average Filter DRAM BW: 7.787 words/cycle
Average OFMAP DRAM BW: 16.000 words/cycle

Running Layer 171
Total cycles: 885
Compute cycles: 495
Stall cycles: 0
Overall utilization: 25.86%
Mapping efficiency: 100.00%
Average IFMAP SRAM BW: 4.137 words/cycle
Average Filter SRAM BW: 4.137 words/cycle
Average OFMAP SRAM BW: 4.137 words/cycle
Average IFMAP DRAM BW: 1.947 words/cycle
Average Filter DRAM BW: 7.787 words/cycle
Average OFMAP DRAM BW: 16.000 words/cycle

Running Layer 172
Total cycles: 1771
Compute cycles: 991
Stall cycles: 0
Overall utilization: 25.83%
Mapping efficiency: 100.00%
Average IFMAP SRAM BW: 4.133 words/cycle
Average Filter SRAM BW: 4.133 words/cycle
Average OFMAP SRAM BW: 4.133 words/cycle
Average IFMAP DRAM BW: 1.947 words/cycle
Average Filter DRAM BW: 7.802 words/cycle
Average OFMAP DRAM BW: 16.000 words/cycle

Running Layer 173
Total cycles: 1771
Compute cycles: 991
Stall cycles: 0
Overall utilization: 25.83%
Mapping efficiency: 100.00%
Average IFMAP SRAM BW: 4.133 words/cycle
Average Filter SRAM BW: 4.133 words/cycle
Average OFMAP SRAM BW: 4.133 words/cycle
Average IFMAP DRAM BW: 3.894 words/cycle
Average Filter DRAM BW: 7.802 words/cycle
Average OFMAP DRAM BW: 16.000 words/cycle

Running Layer 174
Total cycles: 3543
Compute cycles: 1983
Stall cycles: 0
Overall utilization: 25.82%
Mapping efficiency: 100.00%
Average IFMAP SRAM BW: 4.131 words/cycle
Average Filter SRAM BW: 4.131 words/cycle
Average OFMAP SRAM BW: 4.131 words/cycle
Average IFMAP DRAM BW: 3.894 words/cycle
Average Filter DRAM BW: 7.809 words/cycle
Average OFMAP DRAM BW: 16.000 words/cycle

Running Layer 175
Total cycles: 6825
Compute cycles: 3967
Stall cycles: 0
Overall utilization: 25.81%
Mapping efficiency: 100.00%
Average IFMAP SRAM BW: 4.130 words/cycle
Average Filter SRAM BW: 4.130 words/cycle
Average OFMAP SRAM BW: 4.130 words/cycle
Average IFMAP DRAM BW: 7.787 words/cycle
Average Filter DRAM BW: 8.929 words/cycle
Average OFMAP DRAM BW: 16.000 words/cycle

Running Layer 176
Total cycles: 581
Compute cycles: 251
Stall cycles: 0
Overall utilization: 6.77%
Mapping efficiency: 25.00%
Average IFMAP SRAM BW: 1.084 words/cycle
Average Filter SRAM BW: 1.020 words/cycle
Average OFMAP SRAM BW: 4.335 words/cycle
Average IFMAP DRAM BW: 0.259 words/cycle
Average Filter DRAM BW: 0.973 words/cycle
Average OFMAP DRAM BW: 16.000 words/cycle

Running Layer 177
Total cycles: 901
Compute cycles: 503
Stall cycles: 0
Overall utilization: 6.76%
Mapping efficiency: 25.00%
Average IFMAP SRAM BW: 1.082 words/cycle
Average Filter SRAM BW: 1.018 words/cycle
Average OFMAP SRAM BW: 4.326 words/cycle
Average IFMAP DRAM BW: 0.259 words/cycle
Average Filter DRAM BW: 1.947 words/cycle
Average OFMAP DRAM BW: 16.000 words/cycle

Running Layer 178
Total cycles: 581
Compute cycles: 251
Stall cycles: 0
Overall utilization: 13.55%
Mapping efficiency: 50.00%
Average IFMAP SRAM BW: 2.167 words/cycle
Average Filter SRAM BW: 2.040 words/cycle
Average OFMAP SRAM BW: 4.335 words/cycle
Average IFMAP DRAM BW: 0.517 words/cycle
Average Filter DRAM BW: 1.947 words/cycle
Average OFMAP DRAM BW: 16.000 words/cycle

Running Layer 179
Total cycles: 901
Compute cycles: 503
Stall cycles: 0
Overall utilization: 13.52%
Mapping efficiency: 50.00%
Average IFMAP SRAM BW: 2.163 words/cycle
Average Filter SRAM BW: 2.036 words/cycle
Average OFMAP SRAM BW: 4.326 words/cycle
Average IFMAP DRAM BW: 0.517 words/cycle
Average Filter DRAM BW: 3.894 words/cycle
Average OFMAP DRAM BW: 16.000 words/cycle

Running Layer 180
Total cycles: 581
Compute cycles: 251
Stall cycles: 0
Overall utilization: 27.09%
Mapping efficiency: 100.00%
Average IFMAP SRAM BW: 4.335 words/cycle
Average Filter SRAM BW: 4.080 words/cycle
Average OFMAP SRAM BW: 4.335 words/cycle
Average IFMAP DRAM BW: 1.034 words/cycle
Average Filter DRAM BW: 3.894 words/cycle
Average OFMAP DRAM BW: 16.000 words/cycle

Running Layer 181
Total cycles: 901
Compute cycles: 503
Stall cycles: 0
Overall utilization: 27.04%
Mapping efficiency: 100.00%
Average IFMAP SRAM BW: 4.326 words/cycle
Average Filter SRAM BW: 4.072 words/cycle
Average OFMAP SRAM BW: 4.326 words/cycle
Average IFMAP DRAM BW: 1.034 words/cycle
Average Filter DRAM BW: 7.787 words/cycle
Average OFMAP DRAM BW: 16.000 words/cycle

Running Layer 182
Total cycles: 901
Compute cycles: 503
Stall cycles: 0
Overall utilization: 27.04%
Mapping efficiency: 100.00%
Average IFMAP SRAM BW: 4.326 words/cycle
Average Filter SRAM BW: 4.072 words/cycle
Average OFMAP SRAM BW: 4.326 words/cycle
Average IFMAP DRAM BW: 2.068 words/cycle
Average Filter DRAM BW: 7.787 words/cycle
Average OFMAP DRAM BW: 16.000 words/cycle

Running Layer 183
Total cycles: 1803
Compute cycles: 1007
Stall cycles: 0
Overall utilization: 27.01%
Mapping efficiency: 100.00%
Average IFMAP SRAM BW: 4.322 words/cycle
Average Filter SRAM BW: 4.068 words/cycle
Average OFMAP SRAM BW: 4.322 words/cycle
Average IFMAP DRAM BW: 2.068 words/cycle
Average Filter DRAM BW: 7.802 words/cycle
Average OFMAP DRAM BW: 16.000 words/cycle

Running Layer 184
Total cycles: 1803
Compute cycles: 1007
Stall cycles: 0
Overall utilization: 27.01%
Mapping efficiency: 100.00%
Average IFMAP SRAM BW: 4.322 words/cycle
Average Filter SRAM BW: 4.068 words/cycle
Average OFMAP SRAM BW: 4.322 words/cycle
Average IFMAP DRAM BW: 4.137 words/cycle
Average Filter DRAM BW: 7.802 words/cycle
Average OFMAP DRAM BW: 16.000 words/cycle

Running Layer 185
Total cycles: 3607
Compute cycles: 2015
Stall cycles: 0
Overall utilization: 27.00%
Mapping efficiency: 100.00%
Average IFMAP SRAM BW: 4.320 words/cycle
Average Filter SRAM BW: 4.066 words/cycle
Average OFMAP SRAM BW: 4.320 words/cycle
Average IFMAP DRAM BW: 4.137 words/cycle
Average Filter DRAM BW: 7.809 words/cycle
Average OFMAP DRAM BW: 16.000 words/cycle

Running Layer 186
Total cycles: 6953
Compute cycles: 4031
Stall cycles: 0
Overall utilization: 26.99%
Mapping efficiency: 100.00%
Average IFMAP SRAM BW: 4.319 words/cycle
Average Filter SRAM BW: 4.065 words/cycle
Average OFMAP SRAM BW: 4.319 words/cycle
Average IFMAP DRAM BW: 8.274 words/cycle
Average Filter DRAM BW: 8.929 words/cycle
Average OFMAP DRAM BW: 16.000 words/cycle

Running Layer 187
Total cycles: 589
Compute cycles: 255
Stall cycles: 0
Overall utilization: 7.06%
Mapping efficiency: 25.00%
Average IFMAP SRAM BW: 1.129 words/cycle
Average Filter SRAM BW: 1.004 words/cycle
Average OFMAP SRAM BW: 4.518 words/cycle
Average IFMAP DRAM BW: 0.274 words/cycle
Average Filter DRAM BW: 0.973 words/cycle
Average OFMAP DRAM BW: 16.000 words/cycle

Running Layer 188
Total cycles: 917
Compute cycles: 511
Stall cycles: 0
Overall utilization: 7.05%
Mapping efficiency: 25.00%
Average IFMAP SRAM BW: 1.127 words/cycle
Average Filter SRAM BW: 1.002 words/cycle
Average OFMAP SRAM BW: 4.509 words/cycle
Average IFMAP DRAM BW: 0.274 words/cycle
Average Filter DRAM BW: 1.947 words/cycle
Average OFMAP DRAM BW: 16.000 words/cycle

Running Layer 189
Total cycles: 589
Compute cycles: 255
Stall cycles: 0
Overall utilization: 14.12%
Mapping efficiency: 50.00%
Average IFMAP SRAM BW: 2.259 words/cycle
Average Filter SRAM BW: 2.008 words/cycle
Average OFMAP SRAM BW: 4.518 words/cycle
Average IFMAP DRAM BW: 0.548 words/cycle
Average Filter DRAM BW: 1.947 words/cycle
Average OFMAP DRAM BW: 16.000 words/cycle

Running Layer 190
Total cycles: 917
Compute cycles: 511
Stall cycles: 0
Overall utilization: 14.09%
Mapping efficiency: 50.00%
Average IFMAP SRAM BW: 2.254 words/cycle
Average Filter SRAM BW: 2.004 words/cycle
Average OFMAP SRAM BW: 4.509 words/cycle
Average IFMAP DRAM BW: 0.548 words/cycle
Average Filter DRAM BW: 3.894 words/cycle
Average OFMAP DRAM BW: 16.000 words/cycle

Running Layer 191
Total cycles: 589
Compute cycles: 255
Stall cycles: 0
Overall utilization: 28.24%
Mapping efficiency: 100.00%
Average IFMAP SRAM BW: 4.518 words/cycle
Average Filter SRAM BW: 4.016 words/cycle
Average OFMAP SRAM BW: 4.518 words/cycle
Average IFMAP DRAM BW: 1.095 words/cycle
Average Filter DRAM BW: 3.894 words/cycle
Average OFMAP DRAM BW: 16.000 words/cycle

Running Layer 192
Total cycles: 917
Compute cycles: 511
Stall cycles: 0
Overall utilization: 28.18%
Mapping efficiency: 100.00%
Average IFMAP SRAM BW: 4.509 words/cycle
Average Filter SRAM BW: 4.008 words/cycle
Average OFMAP SRAM BW: 4.509 words/cycle
Average IFMAP DRAM BW: 1.095 words/cycle
Average Filter DRAM BW: 7.787 words/cycle
Average OFMAP DRAM BW: 16.000 words/cycle

Running Layer 193
Total cycles: 917
Compute cycles: 511
Stall cycles: 0
Overall utilization: 28.18%
Mapping efficiency: 100.00%
Average IFMAP SRAM BW: 4.509 words/cycle
Average Filter SRAM BW: 4.008 words/cycle
Average OFMAP SRAM BW: 4.509 words/cycle
Average IFMAP DRAM BW: 2.190 words/cycle
Average Filter DRAM BW: 7.787 words/cycle
Average OFMAP DRAM BW: 16.000 words/cycle

Running Layer 194
Total cycles: 1835
Compute cycles: 1023
Stall cycles: 0
Overall utilization: 28.15%
Mapping efficiency: 100.00%
Average IFMAP SRAM BW: 4.504 words/cycle
Average Filter SRAM BW: 4.004 words/cycle
Average OFMAP SRAM BW: 4.504 words/cycle
Average IFMAP DRAM BW: 2.190 words/cycle
Average Filter DRAM BW: 7.802 words/cycle
Average OFMAP DRAM BW: 16.000 words/cycle

Running Layer 195
Total cycles: 1835
Compute cycles: 1023
Stall cycles: 0
Overall utilization: 28.15%
Mapping efficiency: 100.00%
Average IFMAP SRAM BW: 4.504 words/cycle
Average Filter SRAM BW: 4.004 words/cycle
Average OFMAP SRAM BW: 4.504 words/cycle
Average IFMAP DRAM BW: 4.380 words/cycle
Average Filter DRAM BW: 7.802 words/cycle
Average OFMAP DRAM BW: 16.000 words/cycle

Running Layer 196
Total cycles: 3671
Compute cycles: 2047
Stall cycles: 0
Overall utilization: 28.14%
Mapping efficiency: 100.00%
Average IFMAP SRAM BW: 4.502 words/cycle
Average Filter SRAM BW: 4.002 words/cycle
Average OFMAP SRAM BW: 4.502 words/cycle
Average IFMAP DRAM BW: 4.380 words/cycle
Average Filter DRAM BW: 7.809 words/cycle
Average OFMAP DRAM BW: 16.000 words/cycle

Running Layer 197
Total cycles: 7081
Compute cycles: 4095
Stall cycles: 0
Overall utilization: 28.13%
Mapping efficiency: 100.00%
Average IFMAP SRAM BW: 4.501 words/cycle
Average Filter SRAM BW: 4.001 words/cycle
Average OFMAP SRAM BW: 4.501 words/cycle
Average IFMAP DRAM BW: 8.760 words/cycle
Average Filter DRAM BW: 8.929 words/cycle
Average OFMAP DRAM BW: 16.000 words/cycle

Running Layer 198
Total cycles: 597
Compute cycles: 259
Stall cycles: 0
Overall utilization: 7.34%
Mapping efficiency: 25.00%
Average IFMAP SRAM BW: 1.174 words/cycle
Average Filter SRAM BW: 0.988 words/cycle
Average OFMAP SRAM BW: 4.695 words/cycle
Average IFMAP DRAM BW: 0.289 words/cycle
Average Filter DRAM BW: 0.973 words/cycle
Average OFMAP DRAM BW: 16.000 words/cycle

Running Layer 199
Total cycles: 933
Compute cycles: 519
Stall cycles: 0
Overall utilization: 7.32%
Mapping efficiency: 25.00%
Average IFMAP SRAM BW: 1.171 words/cycle
Average Filter SRAM BW: 0.987 words/cycle
Average OFMAP SRAM BW: 4.686 words/cycle
Average IFMAP DRAM BW: 0.289 words/cycle
Average Filter DRAM BW: 1.947 words/cycle
Average OFMAP DRAM BW: 16.000 words/cycle

Running Layer 200
Total cycles: 597
Compute cycles: 259
Stall cycles: 0
Overall utilization: 14.67%
Mapping efficiency: 50.00%
Average IFMAP SRAM BW: 2.347 words/cycle
Average Filter SRAM BW: 1.977 words/cycle
Average OFMAP SRAM BW: 4.695 words/cycle
Average IFMAP DRAM BW: 0.578 words/cycle
Average Filter DRAM BW: 1.947 words/cycle
Average OFMAP DRAM BW: 16.000 words/cycle

Running Layer 201
Total cycles: 933
Compute cycles: 519
Stall cycles: 0
Overall utilization: 14.64%
Mapping efficiency: 50.00%
Average IFMAP SRAM BW: 2.343 words/cycle
Average Filter SRAM BW: 1.973 words/cycle
Average OFMAP SRAM BW: 4.686 words/cycle
Average IFMAP DRAM BW: 0.578 words/cycle
Average Filter DRAM BW: 3.894 words/cycle
Average OFMAP DRAM BW: 16.000 words/cycle

Running Layer 202
Total cycles: 597
Compute cycles: 259
Stall cycles: 0
Overall utilization: 29.34%
Mapping efficiency: 100.00%
Average IFMAP SRAM BW: 4.695 words/cycle
Average Filter SRAM BW: 3.954 words/cycle
Average OFMAP SRAM BW: 4.695 words/cycle
Average IFMAP DRAM BW: 1.156 words/cycle
Average Filter DRAM BW: 3.894 words/cycle
Average OFMAP DRAM BW: 16.000 words/cycle

Running Layer 203
Total cycles: 933
Compute cycles: 519
Stall cycles: 0
Overall utilization: 29.29%
Mapping efficiency: 100.00%
Average IFMAP SRAM BW: 4.686 words/cycle
Average Filter SRAM BW: 3.946 words/cycle
Average OFMAP SRAM BW: 4.686 words/cycle
Average IFMAP DRAM BW: 1.156 words/cycle
Average Filter DRAM BW: 7.787 words/cycle
Average OFMAP DRAM BW: 16.000 words/cycle

Running Layer 204
Total cycles: 933
Compute cycles: 519
Stall cycles: 0
Overall utilization: 29.29%
Mapping efficiency: 100.00%
Average IFMAP SRAM BW: 4.686 words/cycle
Average Filter SRAM BW: 3.946 words/cycle
Average OFMAP SRAM BW: 4.686 words/cycle
Average IFMAP DRAM BW: 2.312 words/cycle
Average Filter DRAM BW: 7.787 words/cycle
Average OFMAP DRAM BW: 16.000 words/cycle

Running Layer 205
Total cycles: 1867
Compute cycles: 1039
Stall cycles: 0
Overall utilization: 29.26%
Mapping efficiency: 100.00%
Average IFMAP SRAM BW: 4.681 words/cycle
Average Filter SRAM BW: 3.942 words/cycle
Average OFMAP SRAM BW: 4.681 words/cycle
Average IFMAP DRAM BW: 2.312 words/cycle
Average Filter DRAM BW: 7.802 words/cycle
Average OFMAP DRAM BW: 16.000 words/cycle

Running Layer 206
Total cycles: 1867
Compute cycles: 1039
Stall cycles: 0
Overall utilization: 29.26%
Mapping efficiency: 100.00%
Average IFMAP SRAM BW: 4.681 words/cycle
Average Filter SRAM BW: 3.942 words/cycle
Average OFMAP SRAM BW: 4.681 words/cycle
Average IFMAP DRAM BW: 4.624 words/cycle
Average Filter DRAM BW: 7.802 words/cycle
Average OFMAP DRAM BW: 16.000 words/cycle

Running Layer 207
Total cycles: 3735
Compute cycles: 2079
Stall cycles: 0
Overall utilization: 29.24%
Mapping efficiency: 100.00%
Average IFMAP SRAM BW: 4.679 words/cycle
Average Filter SRAM BW: 3.940 words/cycle
Average OFMAP SRAM BW: 4.679 words/cycle
Average IFMAP DRAM BW: 4.624 words/cycle
Average Filter DRAM BW: 7.809 words/cycle
Average OFMAP DRAM BW: 16.000 words/cycle

Running Layer 208
Total cycles: 7209
Compute cycles: 4159
Stall cycles: 0
Overall utilization: 29.24%
Mapping efficiency: 100.00%
Average IFMAP SRAM BW: 4.678 words/cycle
Average Filter SRAM BW: 3.939 words/cycle
Average OFMAP SRAM BW: 4.678 words/cycle
Average IFMAP DRAM BW: 9.247 words/cycle
Average Filter DRAM BW: 8.929 words/cycle
Average OFMAP DRAM BW: 16.000 words/cycle

Running Layer 209
Total cycles: 605
Compute cycles: 263
Stall cycles: 0
Overall utilization: 7.60%
Mapping efficiency: 25.00%
Average IFMAP SRAM BW: 1.217 words/cycle
Average Filter SRAM BW: 0.973 words/cycle
Average OFMAP SRAM BW: 4.867 words/cycle
Average IFMAP DRAM BW: 0.304 words/cycle
Average Filter DRAM BW: 0.973 words/cycle
Average OFMAP DRAM BW: 16.000 words/cycle

Running Layer 210
Total cycles: 949
Compute cycles: 527
Stall cycles: 0
Overall utilization: 7.59%
Mapping efficiency: 25.00%
Average IFMAP SRAM BW: 1.214 words/cycle
Average Filter SRAM BW: 0.972 words/cycle
Average OFMAP SRAM BW: 4.858 words/cycle
Average IFMAP DRAM BW: 0.304 words/cycle
Average Filter DRAM BW: 1.947 words/cycle
Average OFMAP DRAM BW: 16.000 words/cycle

Running Layer 211
Total cycles: 605
Compute cycles: 263
Stall cycles: 0
Overall utilization: 15.21%
Mapping efficiency: 50.00%
Average IFMAP SRAM BW: 2.433 words/cycle
Average Filter SRAM BW: 1.947 words/cycle
Average OFMAP SRAM BW: 4.867 words/cycle
Average IFMAP DRAM BW: 0.608 words/cycle
Average Filter DRAM BW: 1.947 words/cycle
Average OFMAP DRAM BW: 16.000 words/cycle

Running Layer 212
Total cycles: 949
Compute cycles: 527
Stall cycles: 0
Overall utilization: 15.18%
Mapping efficiency: 50.00%
Average IFMAP SRAM BW: 2.429 words/cycle
Average Filter SRAM BW: 1.943 words/cycle
Average OFMAP SRAM BW: 4.858 words/cycle
Average IFMAP DRAM BW: 0.608 words/cycle
Average Filter DRAM BW: 3.894 words/cycle
Average OFMAP DRAM BW: 16.000 words/cycle

Running Layer 213
Total cycles: 605
Compute cycles: 263
Stall cycles: 0
Overall utilization: 30.42%
Mapping efficiency: 100.00%
Average IFMAP SRAM BW: 4.867 words/cycle
Average Filter SRAM BW: 3.894 words/cycle
Average OFMAP SRAM BW: 4.867 words/cycle
Average IFMAP DRAM BW: 1.217 words/cycle
Average Filter DRAM BW: 3.894 words/cycle
Average OFMAP DRAM BW: 16.000 words/cycle

Running Layer 214
Total cycles: 949
Compute cycles: 527
Stall cycles: 0
Overall utilization: 30.36%
Mapping efficiency: 100.00%
Average IFMAP SRAM BW: 4.858 words/cycle
Average Filter SRAM BW: 3.886 words/cycle
Average OFMAP SRAM BW: 4.858 words/cycle
Average IFMAP DRAM BW: 1.217 words/cycle
Average Filter DRAM BW: 7.787 words/cycle
Average OFMAP DRAM BW: 16.000 words/cycle

Running Layer 215
Total cycles: 949
Compute cycles: 527
Stall cycles: 0
Overall utilization: 30.36%
Mapping efficiency: 100.00%
Average IFMAP SRAM BW: 4.858 words/cycle
Average Filter SRAM BW: 3.886 words/cycle
Average OFMAP SRAM BW: 4.858 words/cycle
Average IFMAP DRAM BW: 2.433 words/cycle
Average Filter DRAM BW: 7.787 words/cycle
Average OFMAP DRAM BW: 16.000 words/cycle

Running Layer 216
Total cycles: 1899
Compute cycles: 1055
Stall cycles: 0
Overall utilization: 30.33%
Mapping efficiency: 100.00%
Average IFMAP SRAM BW: 4.853 words/cycle
Average Filter SRAM BW: 3.882 words/cycle
Average OFMAP SRAM BW: 4.853 words/cycle
Average IFMAP DRAM BW: 2.433 words/cycle
Average Filter DRAM BW: 7.802 words/cycle
Average OFMAP DRAM BW: 16.000 words/cycle

Running Layer 217
Total cycles: 1899
Compute cycles: 1055
Stall cycles: 0
Overall utilization: 30.33%
Mapping efficiency: 100.00%
Average IFMAP SRAM BW: 4.853 words/cycle
Average Filter SRAM BW: 3.882 words/cycle
Average OFMAP SRAM BW: 4.853 words/cycle
Average IFMAP DRAM BW: 4.867 words/cycle
Average Filter DRAM BW: 7.802 words/cycle
Average OFMAP DRAM BW: 16.000 words/cycle

Running Layer 218
Total cycles: 3799
Compute cycles: 2111
Stall cycles: 0
Overall utilization: 30.32%
Mapping efficiency: 100.00%
Average IFMAP SRAM BW: 4.851 words/cycle
Average Filter SRAM BW: 3.881 words/cycle
Average OFMAP SRAM BW: 4.851 words/cycle
Average IFMAP DRAM BW: 4.867 words/cycle
Average Filter DRAM BW: 7.809 words/cycle
Average OFMAP DRAM BW: 16.000 words/cycle

Running Layer 219
Total cycles: 7337
Compute cycles: 4223
Stall cycles: 0
Overall utilization: 30.31%
Mapping efficiency: 100.00%
Average IFMAP SRAM BW: 4.850 words/cycle
Average Filter SRAM BW: 3.880 words/cycle
Average OFMAP SRAM BW: 4.850 words/cycle
Average IFMAP DRAM BW: 9.734 words/cycle
Average Filter DRAM BW: 8.929 words/cycle
Average OFMAP DRAM BW: 16.000 words/cycle

Running Layer 220
Total cycles: 613
Compute cycles: 267
Stall cycles: 0
Overall utilization: 7.87%
Mapping efficiency: 25.00%
Average IFMAP SRAM BW: 1.258 words/cycle
Average Filter SRAM BW: 0.959 words/cycle
Average OFMAP SRAM BW: 5.034 words/cycle
Average IFMAP DRAM BW: 0.319 words/cycle
Average Filter DRAM BW: 0.973 words/cycle
Average OFMAP DRAM BW: 16.000 words/cycle

Running Layer 221
Total cycles: 965
Compute cycles: 535
Stall cycles: 0
Overall utilization: 7.85%
Mapping efficiency: 25.00%
Average IFMAP SRAM BW: 1.256 words/cycle
Average Filter SRAM BW: 0.957 words/cycle
Average OFMAP SRAM BW: 5.024 words/cycle
Average IFMAP DRAM BW: 0.319 words/cycle
Average Filter DRAM BW: 1.947 words/cycle
Average OFMAP DRAM BW: 16.000 words/cycle

Running Layer 222
Total cycles: 613
Compute cycles: 267
Stall cycles: 0
Overall utilization: 15.73%
Mapping efficiency: 50.00%
Average IFMAP SRAM BW: 2.517 words/cycle
Average Filter SRAM BW: 1.918 words/cycle
Average OFMAP SRAM BW: 5.034 words/cycle
Average IFMAP DRAM BW: 0.639 words/cycle
Average Filter DRAM BW: 1.947 words/cycle
Average OFMAP DRAM BW: 16.000 words/cycle

Running Layer 223
Total cycles: 965
Compute cycles: 535
Stall cycles: 0
Overall utilization: 15.70%
Mapping efficiency: 50.00%
Average IFMAP SRAM BW: 2.512 words/cycle
Average Filter SRAM BW: 1.914 words/cycle
Average OFMAP SRAM BW: 5.024 words/cycle
Average IFMAP DRAM BW: 0.639 words/cycle
Average Filter DRAM BW: 3.894 words/cycle
Average OFMAP DRAM BW: 16.000 words/cycle

Running Layer 224
Total cycles: 613
Compute cycles: 267
Stall cycles: 0
Overall utilization: 31.46%
Mapping efficiency: 100.00%
Average IFMAP SRAM BW: 5.034 words/cycle
Average Filter SRAM BW: 3.835 words/cycle
Average OFMAP SRAM BW: 5.034 words/cycle
Average IFMAP DRAM BW: 1.278 words/cycle
Average Filter DRAM BW: 3.894 words/cycle
Average OFMAP DRAM BW: 16.000 words/cycle

Running Layer 225
Total cycles: 965
Compute cycles: 535
Stall cycles: 0
Overall utilization: 31.40%
Mapping efficiency: 100.00%
Average IFMAP SRAM BW: 5.024 words/cycle
Average Filter SRAM BW: 3.828 words/cycle
Average OFMAP SRAM BW: 5.024 words/cycle
Average IFMAP DRAM BW: 1.278 words/cycle
Average Filter DRAM BW: 7.787 words/cycle
Average OFMAP DRAM BW: 16.000 words/cycle

Running Layer 226
Total cycles: 965
Compute cycles: 535
Stall cycles: 0
Overall utilization: 31.40%
Mapping efficiency: 100.00%
Average IFMAP SRAM BW: 5.024 words/cycle
Average Filter SRAM BW: 3.828 words/cycle
Average OFMAP SRAM BW: 5.024 words/cycle
Average IFMAP DRAM BW: 2.555 words/cycle
Average Filter DRAM BW: 7.787 words/cycle
Average OFMAP DRAM BW: 16.000 words/cycle

Running Layer 227
Total cycles: 1931
Compute cycles: 1071
Stall cycles: 0
Overall utilization: 31.37%
Mapping efficiency: 100.00%
Average IFMAP SRAM BW: 5.020 words/cycle
Average Filter SRAM BW: 3.824 words/cycle
Average OFMAP SRAM BW: 5.020 words/cycle
Average IFMAP DRAM BW: 2.555 words/cycle
Average Filter DRAM BW: 7.802 words/cycle
Average OFMAP DRAM BW: 16.000 words/cycle

Running Layer 228
Total cycles: 1931
Compute cycles: 1071
Stall cycles: 0
Overall utilization: 31.37%
Mapping efficiency: 100.00%
Average IFMAP SRAM BW: 5.020 words/cycle
Average Filter SRAM BW: 3.824 words/cycle
Average OFMAP SRAM BW: 5.020 words/cycle
Average IFMAP DRAM BW: 5.110 words/cycle
Average Filter DRAM BW: 7.802 words/cycle
Average OFMAP DRAM BW: 16.000 words/cycle

Running Layer 229
Total cycles: 3863
Compute cycles: 2143
Stall cycles: 0
Overall utilization: 31.36%
Mapping efficiency: 100.00%
Average IFMAP SRAM BW: 5.017 words/cycle
Average Filter SRAM BW: 3.823 words/cycle
Average OFMAP SRAM BW: 5.017 words/cycle
Average IFMAP DRAM BW: 5.110 words/cycle
Average Filter DRAM BW: 7.809 words/cycle
Average OFMAP DRAM BW: 16.000 words/cycle

Running Layer 230
Total cycles: 7465
Compute cycles: 4287
Stall cycles: 0
Overall utilization: 31.35%
Mapping efficiency: 100.00%
Average IFMAP SRAM BW: 5.016 words/cycle
Average Filter SRAM BW: 3.822 words/cycle
Average OFMAP SRAM BW: 5.016 words/cycle
Average IFMAP DRAM BW: 5.120 words/cycle
Average Filter DRAM BW: 8.929 words/cycle
Average OFMAP DRAM BW: 16.000 words/cycle

Running Layer 231
Total cycles: 621
Compute cycles: 271
Stall cycles: 0
Overall utilization: 8.12%
Mapping efficiency: 25.00%
Average IFMAP SRAM BW: 1.299 words/cycle
Average Filter SRAM BW: 0.945 words/cycle
Average OFMAP SRAM BW: 5.196 words/cycle
Average IFMAP DRAM BW: 0.335 words/cycle
Average Filter DRAM BW: 0.973 words/cycle
Average OFMAP DRAM BW: 16.000 words/cycle

Running Layer 232
Total cycles: 981
Compute cycles: 543
Stall cycles: 0
Overall utilization: 8.10%
Mapping efficiency: 25.00%
Average IFMAP SRAM BW: 1.297 words/cycle
Average Filter SRAM BW: 0.943 words/cycle
Average OFMAP SRAM BW: 5.186 words/cycle
Average IFMAP DRAM BW: 0.335 words/cycle
Average Filter DRAM BW: 1.947 words/cycle
Average OFMAP DRAM BW: 16.000 words/cycle

Running Layer 233
Total cycles: 621
Compute cycles: 271
Stall cycles: 0
Overall utilization: 16.24%
Mapping efficiency: 50.00%
Average IFMAP SRAM BW: 2.598 words/cycle
Average Filter SRAM BW: 1.889 words/cycle
Average OFMAP SRAM BW: 5.196 words/cycle
Average IFMAP DRAM BW: 0.669 words/cycle
Average Filter DRAM BW: 1.947 words/cycle
Average OFMAP DRAM BW: 16.000 words/cycle

Running Layer 234
Total cycles: 981
Compute cycles: 543
Stall cycles: 0
Overall utilization: 16.21%
Mapping efficiency: 50.00%
Average IFMAP SRAM BW: 2.593 words/cycle
Average Filter SRAM BW: 1.886 words/cycle
Average OFMAP SRAM BW: 5.186 words/cycle
Average IFMAP DRAM BW: 0.669 words/cycle
Average Filter DRAM BW: 3.894 words/cycle
Average OFMAP DRAM BW: 16.000 words/cycle

Running Layer 235
Total cycles: 621
Compute cycles: 271
Stall cycles: 0
Overall utilization: 32.47%
Mapping efficiency: 100.00%
Average IFMAP SRAM BW: 5.196 words/cycle
Average Filter SRAM BW: 3.779 words/cycle
Average OFMAP SRAM BW: 5.196 words/cycle
Average IFMAP DRAM BW: 1.338 words/cycle
Average Filter DRAM BW: 3.894 words/cycle
Average OFMAP DRAM BW: 16.000 words/cycle

Running Layer 236
Total cycles: 981
Compute cycles: 543
Stall cycles: 0
Overall utilization: 32.41%
Mapping efficiency: 100.00%
Average IFMAP SRAM BW: 5.186 words/cycle
Average Filter SRAM BW: 3.772 words/cycle
Average OFMAP SRAM BW: 5.186 words/cycle
Average IFMAP DRAM BW: 1.338 words/cycle
Average Filter DRAM BW: 7.787 words/cycle
Average OFMAP DRAM BW: 16.000 words/cycle

Running Layer 237
Total cycles: 981
Compute cycles: 543
Stall cycles: 0
Overall utilization: 32.41%
Mapping efficiency: 100.00%
Average IFMAP SRAM BW: 5.186 words/cycle
Average Filter SRAM BW: 3.772 words/cycle
Average OFMAP SRAM BW: 5.186 words/cycle
Average IFMAP DRAM BW: 2.677 words/cycle
Average Filter DRAM BW: 7.787 words/cycle
Average OFMAP DRAM BW: 16.000 words/cycle

Running Layer 238
Total cycles: 1963
Compute cycles: 1087
Stall cycles: 0
Overall utilization: 32.38%
Mapping efficiency: 100.00%
Average IFMAP SRAM BW: 5.181 words/cycle
Average Filter SRAM BW: 3.768 words/cycle
Average OFMAP SRAM BW: 5.181 words/cycle
Average IFMAP DRAM BW: 2.677 words/cycle
Average Filter DRAM BW: 7.802 words/cycle
Average OFMAP DRAM BW: 16.000 words/cycle

Running Layer 239
Total cycles: 1963
Compute cycles: 1087
Stall cycles: 0
Overall utilization: 32.38%
Mapping efficiency: 100.00%
Average IFMAP SRAM BW: 5.181 words/cycle
Average Filter SRAM BW: 3.768 words/cycle
Average OFMAP SRAM BW: 5.181 words/cycle
Average IFMAP DRAM BW: 5.354 words/cycle
Average Filter DRAM BW: 7.802 words/cycle
Average OFMAP DRAM BW: 16.000 words/cycle

Running Layer 240
Total cycles: 3927
Compute cycles: 2175
Stall cycles: 0
Overall utilization: 32.37%
Mapping efficiency: 100.00%
Average IFMAP SRAM BW: 5.179 words/cycle
Average Filter SRAM BW: 3.766 words/cycle
Average OFMAP SRAM BW: 5.179 words/cycle
Average IFMAP DRAM BW: 5.354 words/cycle
Average Filter DRAM BW: 7.809 words/cycle
Average OFMAP DRAM BW: 16.000 words/cycle

Running Layer 241
Total cycles: 7593
Compute cycles: 4351
Stall cycles: 0
Overall utilization: 32.36%
Mapping efficiency: 100.00%
Average IFMAP SRAM BW: 5.178 words/cycle
Average Filter SRAM BW: 3.766 words/cycle
Average OFMAP SRAM BW: 5.178 words/cycle
Average IFMAP DRAM BW: 5.364 words/cycle
Average Filter DRAM BW: 8.929 words/cycle
Average OFMAP DRAM BW: 16.000 words/cycle

Running Layer 242
Total cycles: 629
Compute cycles: 275
Stall cycles: 0
Overall utilization: 8.36%
Mapping efficiency: 25.00%
Average IFMAP SRAM BW: 1.338 words/cycle
Average Filter SRAM BW: 0.931 words/cycle
Average OFMAP SRAM BW: 5.353 words/cycle
Average IFMAP DRAM BW: 0.350 words/cycle
Average Filter DRAM BW: 0.973 words/cycle
Average OFMAP DRAM BW: 16.000 words/cycle

Running Layer 243
Total cycles: 997
Compute cycles: 551
Stall cycles: 0
Overall utilization: 8.35%
Mapping efficiency: 25.00%
Average IFMAP SRAM BW: 1.336 words/cycle
Average Filter SRAM BW: 0.929 words/cycle
Average OFMAP SRAM BW: 5.343 words/cycle
Average IFMAP DRAM BW: 0.350 words/cycle
Average Filter DRAM BW: 1.947 words/cycle
Average OFMAP DRAM BW: 16.000 words/cycle

Running Layer 244
Total cycles: 629
Compute cycles: 275
Stall cycles: 0
Overall utilization: 16.73%
Mapping efficiency: 50.00%
Average IFMAP SRAM BW: 2.676 words/cycle
Average Filter SRAM BW: 1.862 words/cycle
Average OFMAP SRAM BW: 5.353 words/cycle
Average IFMAP DRAM BW: 0.700 words/cycle
Average Filter DRAM BW: 1.947 words/cycle
Average OFMAP DRAM BW: 16.000 words/cycle

Running Layer 245
Total cycles: 997
Compute cycles: 551
Stall cycles: 0
Overall utilization: 16.70%
Mapping efficiency: 50.00%
Average IFMAP SRAM BW: 2.672 words/cycle
Average Filter SRAM BW: 1.858 words/cycle
Average OFMAP SRAM BW: 5.343 words/cycle
Average IFMAP DRAM BW: 0.700 words/cycle
Average Filter DRAM BW: 3.894 words/cycle
Average OFMAP DRAM BW: 16.000 words/cycle

Running Layer 246
Total cycles: 629
Compute cycles: 275
Stall cycles: 0
Overall utilization: 33.45%
Mapping efficiency: 100.00%
Average IFMAP SRAM BW: 5.353 words/cycle
Average Filter SRAM BW: 3.724 words/cycle
Average OFMAP SRAM BW: 5.353 words/cycle
Average IFMAP DRAM BW: 1.399 words/cycle
Average Filter DRAM BW: 3.894 words/cycle
Average OFMAP DRAM BW: 16.000 words/cycle

Running Layer 247
Total cycles: 997
Compute cycles: 551
Stall cycles: 0
Overall utilization: 33.39%
Mapping efficiency: 100.00%
Average IFMAP SRAM BW: 5.343 words/cycle
Average Filter SRAM BW: 3.717 words/cycle
Average OFMAP SRAM BW: 5.343 words/cycle
Average IFMAP DRAM BW: 1.399 words/cycle
Average Filter DRAM BW: 7.787 words/cycle
Average OFMAP DRAM BW: 16.000 words/cycle

Running Layer 248
Total cycles: 997
Compute cycles: 551
Stall cycles: 0
Overall utilization: 33.39%
Mapping efficiency: 100.00%
Average IFMAP SRAM BW: 5.343 words/cycle
Average Filter SRAM BW: 3.717 words/cycle
Average OFMAP SRAM BW: 5.343 words/cycle
Average IFMAP DRAM BW: 2.798 words/cycle
Average Filter DRAM BW: 7.787 words/cycle
Average OFMAP DRAM BW: 16.000 words/cycle

Running Layer 249
Total cycles: 1995
Compute cycles: 1103
Stall cycles: 0
Overall utilization: 33.36%
Mapping efficiency: 100.00%
Average IFMAP SRAM BW: 5.338 words/cycle
Average Filter SRAM BW: 3.714 words/cycle
Average OFMAP SRAM BW: 5.338 words/cycle
Average IFMAP DRAM BW: 2.798 words/cycle
Average Filter DRAM BW: 7.802 words/cycle
Average OFMAP DRAM BW: 16.000 words/cycle

Running Layer 250
Total cycles: 1995
Compute cycles: 1103
Stall cycles: 0
Overall utilization: 33.36%
Mapping efficiency: 100.00%
Average IFMAP SRAM BW: 5.338 words/cycle
Average Filter SRAM BW: 3.714 words/cycle
Average OFMAP SRAM BW: 5.338 words/cycle
Average IFMAP DRAM BW: 5.597 words/cycle
Average Filter DRAM BW: 7.802 words/cycle
Average OFMAP DRAM BW: 16.000 words/cycle

Running Layer 251
Total cycles: 3991
Compute cycles: 2207
Stall cycles: 0
Overall utilization: 33.35%
Mapping efficiency: 100.00%
Average IFMAP SRAM BW: 5.336 words/cycle
Average Filter SRAM BW: 3.712 words/cycle
Average OFMAP SRAM BW: 5.336 words/cycle
Average IFMAP DRAM BW: 5.597 words/cycle
Average Filter DRAM BW: 7.809 words/cycle
Average OFMAP DRAM BW: 16.000 words/cycle

Running Layer 252
Total cycles: 7721
Compute cycles: 4415
Stall cycles: 0
Overall utilization: 33.34%
Mapping efficiency: 100.00%
Average IFMAP SRAM BW: 5.335 words/cycle
Average Filter SRAM BW: 3.711 words/cycle
Average OFMAP SRAM BW: 5.335 words/cycle
Average IFMAP DRAM BW: 5.608 words/cycle
Average Filter DRAM BW: 8.929 words/cycle
Average OFMAP DRAM BW: 16.000 words/cycle

Running Layer 253
Total cycles: 637
Compute cycles: 279
Stall cycles: 0
Overall utilization: 8.60%
Mapping efficiency: 25.00%
Average IFMAP SRAM BW: 1.376 words/cycle
Average Filter SRAM BW: 0.918 words/cycle
Average OFMAP SRAM BW: 5.505 words/cycle
Average IFMAP DRAM BW: 0.365 words/cycle
Average Filter DRAM BW: 0.973 words/cycle
Average OFMAP DRAM BW: 16.000 words/cycle

Running Layer 254
Total cycles: 1013
Compute cycles: 559
Stall cycles: 0
Overall utilization: 8.59%
Mapping efficiency: 25.00%
Average IFMAP SRAM BW: 1.374 words/cycle
Average Filter SRAM BW: 0.916 words/cycle
Average OFMAP SRAM BW: 5.496 words/cycle
Average IFMAP DRAM BW: 0.365 words/cycle
Average Filter DRAM BW: 1.947 words/cycle
Average OFMAP DRAM BW: 16.000 words/cycle

Running Layer 255
Total cycles: 637
Compute cycles: 279
Stall cycles: 0
Overall utilization: 17.20%
Mapping efficiency: 50.00%
Average IFMAP SRAM BW: 2.753 words/cycle
Average Filter SRAM BW: 1.835 words/cycle
Average OFMAP SRAM BW: 5.505 words/cycle
Average IFMAP DRAM BW: 0.730 words/cycle
Average Filter DRAM BW: 1.947 words/cycle
Average OFMAP DRAM BW: 16.000 words/cycle

Running Layer 256
Total cycles: 1013
Compute cycles: 559
Stall cycles: 0
Overall utilization: 17.17%
Mapping efficiency: 50.00%
Average IFMAP SRAM BW: 2.748 words/cycle
Average Filter SRAM BW: 1.832 words/cycle
Average OFMAP SRAM BW: 5.496 words/cycle
Average IFMAP DRAM BW: 0.730 words/cycle
Average Filter DRAM BW: 3.894 words/cycle
Average OFMAP DRAM BW: 16.000 words/cycle

Running Layer 257
Total cycles: 637
Compute cycles: 279
Stall cycles: 0
Overall utilization: 34.41%
Mapping efficiency: 100.00%
Average IFMAP SRAM BW: 5.505 words/cycle
Average Filter SRAM BW: 3.670 words/cycle
Average OFMAP SRAM BW: 5.505 words/cycle
Average IFMAP DRAM BW: 1.460 words/cycle
Average Filter DRAM BW: 3.894 words/cycle
Average OFMAP DRAM BW: 16.000 words/cycle

Running Layer 258
Total cycles: 1013
Compute cycles: 559
Stall cycles: 0
Overall utilization: 34.35%
Mapping efficiency: 100.00%
Average IFMAP SRAM BW: 5.496 words/cycle
Average Filter SRAM BW: 3.664 words/cycle
Average OFMAP SRAM BW: 5.496 words/cycle
Average IFMAP DRAM BW: 1.460 words/cycle
Average Filter DRAM BW: 7.787 words/cycle
Average OFMAP DRAM BW: 16.000 words/cycle

Running Layer 259
Total cycles: 1013
Compute cycles: 559
Stall cycles: 0
Overall utilization: 34.35%
Mapping efficiency: 100.00%
Average IFMAP SRAM BW: 5.496 words/cycle
Average Filter SRAM BW: 3.664 words/cycle
Average OFMAP SRAM BW: 5.496 words/cycle
Average IFMAP DRAM BW: 2.920 words/cycle
Average Filter DRAM BW: 7.787 words/cycle
Average OFMAP DRAM BW: 16.000 words/cycle

Running Layer 260
Total cycles: 2027
Compute cycles: 1119
Stall cycles: 0
Overall utilization: 34.32%
Mapping efficiency: 100.00%
Average IFMAP SRAM BW: 5.491 words/cycle
Average Filter SRAM BW: 3.660 words/cycle
Average OFMAP SRAM BW: 5.491 words/cycle
Average IFMAP DRAM BW: 2.920 words/cycle
Average Filter DRAM BW: 7.802 words/cycle
Average OFMAP DRAM BW: 16.000 words/cycle

Running Layer 261
Total cycles: 2027
Compute cycles: 1119
Stall cycles: 0
Overall utilization: 34.32%
Mapping efficiency: 100.00%
Average IFMAP SRAM BW: 5.491 words/cycle
Average Filter SRAM BW: 3.660 words/cycle
Average OFMAP SRAM BW: 5.491 words/cycle
Average IFMAP DRAM BW: 5.840 words/cycle
Average Filter DRAM BW: 7.802 words/cycle
Average OFMAP DRAM BW: 16.000 words/cycle

Running Layer 262
Total cycles: 4055
Compute cycles: 2239
Stall cycles: 0
Overall utilization: 34.30%
Mapping efficiency: 100.00%
Average IFMAP SRAM BW: 5.488 words/cycle
Average Filter SRAM BW: 3.659 words/cycle
Average OFMAP SRAM BW: 5.488 words/cycle
Average IFMAP DRAM BW: 5.840 words/cycle
Average Filter DRAM BW: 7.809 words/cycle
Average OFMAP DRAM BW: 16.000 words/cycle

Running Layer 263
Total cycles: 7849
Compute cycles: 4479
Stall cycles: 0
Overall utilization: 34.29%
Mapping efficiency: 100.00%
Average IFMAP SRAM BW: 5.487 words/cycle
Average Filter SRAM BW: 3.658 words/cycle
Average OFMAP SRAM BW: 5.487 words/cycle
Average IFMAP DRAM BW: 5.851 words/cycle
Average Filter DRAM BW: 8.929 words/cycle
Average OFMAP DRAM BW: 16.000 words/cycle

Running Layer 264
Total cycles: 645
Compute cycles: 283
Stall cycles: 0
Overall utilization: 8.83%
Mapping efficiency: 25.00%
Average IFMAP SRAM BW: 1.413 words/cycle
Average Filter SRAM BW: 0.905 words/cycle
Average OFMAP SRAM BW: 5.654 words/cycle
Average IFMAP DRAM BW: 0.380 words/cycle
Average Filter DRAM BW: 0.973 words/cycle
Average OFMAP DRAM BW: 16.000 words/cycle

Running Layer 265
Total cycles: 1029
Compute cycles: 567
Stall cycles: 0
Overall utilization: 8.82%
Mapping efficiency: 25.00%
Average IFMAP SRAM BW: 1.411 words/cycle
Average Filter SRAM BW: 0.903 words/cycle
Average OFMAP SRAM BW: 5.644 words/cycle
Average IFMAP DRAM BW: 0.380 words/cycle
Average Filter DRAM BW: 1.947 words/cycle
Average OFMAP DRAM BW: 16.000 words/cycle

Running Layer 266
Total cycles: 645
Compute cycles: 283
Stall cycles: 0
Overall utilization: 17.67%
Mapping efficiency: 50.00%
Average IFMAP SRAM BW: 2.827 words/cycle
Average Filter SRAM BW: 1.809 words/cycle
Average OFMAP SRAM BW: 5.654 words/cycle
Average IFMAP DRAM BW: 0.760 words/cycle
Average Filter DRAM BW: 1.947 words/cycle
Average OFMAP DRAM BW: 16.000 words/cycle

Running Layer 267
Total cycles: 1029
Compute cycles: 567
Stall cycles: 0
Overall utilization: 17.64%
Mapping efficiency: 50.00%
Average IFMAP SRAM BW: 2.822 words/cycle
Average Filter SRAM BW: 1.806 words/cycle
Average OFMAP SRAM BW: 5.644 words/cycle
Average IFMAP DRAM BW: 0.760 words/cycle
Average Filter DRAM BW: 3.894 words/cycle
Average OFMAP DRAM BW: 16.000 words/cycle

Running Layer 268
Total cycles: 645
Compute cycles: 283
Stall cycles: 0
Overall utilization: 35.34%
Mapping efficiency: 100.00%
Average IFMAP SRAM BW: 5.654 words/cycle
Average Filter SRAM BW: 3.618 words/cycle
Average OFMAP SRAM BW: 5.654 words/cycle
Average IFMAP DRAM BW: 1.521 words/cycle
Average Filter DRAM BW: 3.894 words/cycle
Average OFMAP DRAM BW: 16.000 words/cycle

Running Layer 269
Total cycles: 1029
Compute cycles: 567
Stall cycles: 0
Overall utilization: 35.27%
Mapping efficiency: 100.00%
Average IFMAP SRAM BW: 5.644 words/cycle
Average Filter SRAM BW: 3.612 words/cycle
Average OFMAP SRAM BW: 5.644 words/cycle
Average IFMAP DRAM BW: 1.521 words/cycle
Average Filter DRAM BW: 7.787 words/cycle
Average OFMAP DRAM BW: 16.000 words/cycle

Running Layer 270
Total cycles: 1029
Compute cycles: 567
Stall cycles: 0
Overall utilization: 35.27%
Mapping efficiency: 100.00%
Average IFMAP SRAM BW: 5.644 words/cycle
Average Filter SRAM BW: 3.612 words/cycle
Average OFMAP SRAM BW: 5.644 words/cycle
Average IFMAP DRAM BW: 3.042 words/cycle
Average Filter DRAM BW: 7.787 words/cycle
Average OFMAP DRAM BW: 16.000 words/cycle

Running Layer 271
Total cycles: 2059
Compute cycles: 1135
Stall cycles: 0
Overall utilization: 35.24%
Mapping efficiency: 100.00%
Average IFMAP SRAM BW: 5.639 words/cycle
Average Filter SRAM BW: 3.609 words/cycle
Average OFMAP SRAM BW: 5.639 words/cycle
Average IFMAP DRAM BW: 3.042 words/cycle
Average Filter DRAM BW: 7.802 words/cycle
Average OFMAP DRAM BW: 16.000 words/cycle

Running Layer 272
Total cycles: 2059
Compute cycles: 1135
Stall cycles: 0
Overall utilization: 35.24%
Mapping efficiency: 100.00%
Average IFMAP SRAM BW: 5.639 words/cycle
Average Filter SRAM BW: 3.609 words/cycle
Average OFMAP SRAM BW: 5.639 words/cycle
Average IFMAP DRAM BW: 6.084 words/cycle
Average Filter DRAM BW: 7.802 words/cycle
Average OFMAP DRAM BW: 16.000 words/cycle

Running Layer 273
Total cycles: 4119
Compute cycles: 2271
Stall cycles: 0
Overall utilization: 35.23%
Mapping efficiency: 100.00%
Average IFMAP SRAM BW: 5.636 words/cycle
Average Filter SRAM BW: 3.607 words/cycle
Average OFMAP SRAM BW: 5.636 words/cycle
Average IFMAP DRAM BW: 6.084 words/cycle
Average Filter DRAM BW: 7.809 words/cycle
Average OFMAP DRAM BW: 16.000 words/cycle

Running Layer 274
Total cycles: 7977
Compute cycles: 4543
Stall cycles: 0
Overall utilization: 35.22%
Mapping efficiency: 100.00%
Average IFMAP SRAM BW: 5.635 words/cycle
Average Filter SRAM BW: 3.606 words/cycle
Average OFMAP SRAM BW: 5.635 words/cycle
Average IFMAP DRAM BW: 6.095 words/cycle
Average Filter DRAM BW: 8.929 words/cycle
Average OFMAP DRAM BW: 16.000 words/cycle

Running Layer 275
Total cycles: 653
Compute cycles: 287
Stall cycles: 0
Overall utilization: 9.06%
Mapping efficiency: 25.00%
Average IFMAP SRAM BW: 1.449 words/cycle
Average Filter SRAM BW: 0.892 words/cycle
Average OFMAP SRAM BW: 5.798 words/cycle
Average IFMAP DRAM BW: 0.395 words/cycle
Average Filter DRAM BW: 0.973 words/cycle
Average OFMAP DRAM BW: 16.000 words/cycle

Running Layer 276
Total cycles: 1045
Compute cycles: 575
Stall cycles: 0
Overall utilization: 9.04%
Mapping efficiency: 25.00%
Average IFMAP SRAM BW: 1.447 words/cycle
Average Filter SRAM BW: 0.890 words/cycle
Average OFMAP SRAM BW: 5.788 words/cycle
Average IFMAP DRAM BW: 0.395 words/cycle
Average Filter DRAM BW: 1.947 words/cycle
Average OFMAP DRAM BW: 16.000 words/cycle

Running Layer 277
Total cycles: 653
Compute cycles: 287
Stall cycles: 0
Overall utilization: 18.12%
Mapping efficiency: 50.00%
Average IFMAP SRAM BW: 2.899 words/cycle
Average Filter SRAM BW: 1.784 words/cycle
Average OFMAP SRAM BW: 5.798 words/cycle
Average IFMAP DRAM BW: 0.791 words/cycle
Average Filter DRAM BW: 1.947 words/cycle
Average OFMAP DRAM BW: 16.000 words/cycle

Running Layer 278
Total cycles: 1045
Compute cycles: 575
Stall cycles: 0
Overall utilization: 18.09%
Mapping efficiency: 50.00%
Average IFMAP SRAM BW: 2.894 words/cycle
Average Filter SRAM BW: 1.781 words/cycle
Average OFMAP SRAM BW: 5.788 words/cycle
Average IFMAP DRAM BW: 0.791 words/cycle
Average Filter DRAM BW: 3.894 words/cycle
Average OFMAP DRAM BW: 16.000 words/cycle

Running Layer 279
Total cycles: 653
Compute cycles: 287
Stall cycles: 0
Overall utilization: 36.24%
Mapping efficiency: 100.00%
Average IFMAP SRAM BW: 5.798 words/cycle
Average Filter SRAM BW: 3.568 words/cycle
Average OFMAP SRAM BW: 5.798 words/cycle
Average IFMAP DRAM BW: 1.582 words/cycle
Average Filter DRAM BW: 3.894 words/cycle
Average OFMAP DRAM BW: 16.000 words/cycle

Running Layer 280
Total cycles: 1045
Compute cycles: 575
Stall cycles: 0
Overall utilization: 36.17%
Mapping efficiency: 100.00%
Average IFMAP SRAM BW: 5.788 words/cycle
Average Filter SRAM BW: 3.562 words/cycle
Average OFMAP SRAM BW: 5.788 words/cycle
Average IFMAP DRAM BW: 1.582 words/cycle
Average Filter DRAM BW: 7.787 words/cycle
Average OFMAP DRAM BW: 16.000 words/cycle

Running Layer 281
Total cycles: 1045
Compute cycles: 575
Stall cycles: 0
Overall utilization: 36.17%
Mapping efficiency: 100.00%
Average IFMAP SRAM BW: 5.788 words/cycle
Average Filter SRAM BW: 3.562 words/cycle
Average OFMAP SRAM BW: 5.788 words/cycle
Average IFMAP DRAM BW: 3.163 words/cycle
Average Filter DRAM BW: 7.787 words/cycle
Average OFMAP DRAM BW: 16.000 words/cycle

Running Layer 282
Total cycles: 2091
Compute cycles: 1151
Stall cycles: 0
Overall utilization: 36.14%
Mapping efficiency: 100.00%
Average IFMAP SRAM BW: 5.783 words/cycle
Average Filter SRAM BW: 3.559 words/cycle
Average OFMAP SRAM BW: 5.783 words/cycle
Average IFMAP DRAM BW: 3.163 words/cycle
Average Filter DRAM BW: 7.802 words/cycle
Average OFMAP DRAM BW: 16.000 words/cycle

Running Layer 283
Total cycles: 2091
Compute cycles: 1151
Stall cycles: 0
Overall utilization: 36.14%
Mapping efficiency: 100.00%
Average IFMAP SRAM BW: 5.783 words/cycle
Average Filter SRAM BW: 3.559 words/cycle
Average OFMAP SRAM BW: 5.783 words/cycle
Average IFMAP DRAM BW: 6.327 words/cycle
Average Filter DRAM BW: 7.802 words/cycle
Average OFMAP DRAM BW: 16.000 words/cycle

Running Layer 284
Total cycles: 4183
Compute cycles: 2303
Stall cycles: 0
Overall utilization: 36.13%
Mapping efficiency: 100.00%
Average IFMAP SRAM BW: 5.780 words/cycle
Average Filter SRAM BW: 3.557 words/cycle
Average OFMAP SRAM BW: 5.780 words/cycle
Average IFMAP DRAM BW: 6.327 words/cycle
Average Filter DRAM BW: 7.809 words/cycle
Average OFMAP DRAM BW: 16.000 words/cycle

Running Layer 285
Total cycles: 8105
Compute cycles: 4607
Stall cycles: 0
Overall utilization: 36.12%
Mapping efficiency: 100.00%
Average IFMAP SRAM BW: 5.779 words/cycle
Average Filter SRAM BW: 3.556 words/cycle
Average OFMAP SRAM BW: 5.779 words/cycle
Average IFMAP DRAM BW: 6.339 words/cycle
Average Filter DRAM BW: 8.929 words/cycle
Average OFMAP DRAM BW: 16.000 words/cycle

Running Layer 286
Total cycles: 661
Compute cycles: 291
Stall cycles: 0
Overall utilization: 9.28%
Mapping efficiency: 25.00%
Average IFMAP SRAM BW: 1.485 words/cycle
Average Filter SRAM BW: 0.880 words/cycle
Average OFMAP SRAM BW: 5.938 words/cycle
Average IFMAP DRAM BW: 0.411 words/cycle
Average Filter DRAM BW: 0.973 words/cycle
Average OFMAP DRAM BW: 16.000 words/cycle

Running Layer 287
Total cycles: 1061
Compute cycles: 583
Stall cycles: 0
Overall utilization: 9.26%
Mapping efficiency: 25.00%
Average IFMAP SRAM BW: 1.482 words/cycle
Average Filter SRAM BW: 0.878 words/cycle
Average OFMAP SRAM BW: 5.928 words/cycle
Average IFMAP DRAM BW: 0.411 words/cycle
Average Filter DRAM BW: 1.947 words/cycle
Average OFMAP DRAM BW: 16.000 words/cycle

Running Layer 288
Total cycles: 661
Compute cycles: 291
Stall cycles: 0
Overall utilization: 18.56%
Mapping efficiency: 50.00%
Average IFMAP SRAM BW: 2.969 words/cycle
Average Filter SRAM BW: 1.759 words/cycle
Average OFMAP SRAM BW: 5.938 words/cycle
Average IFMAP DRAM BW: 0.821 words/cycle
Average Filter DRAM BW: 1.947 words/cycle
Average OFMAP DRAM BW: 16.000 words/cycle

Running Layer 289
Total cycles: 1061
Compute cycles: 583
Stall cycles: 0
Overall utilization: 18.52%
Mapping efficiency: 50.00%
Average IFMAP SRAM BW: 2.964 words/cycle
Average Filter SRAM BW: 1.756 words/cycle
Average OFMAP SRAM BW: 5.928 words/cycle
Average IFMAP DRAM BW: 0.821 words/cycle
Average Filter DRAM BW: 3.894 words/cycle
Average OFMAP DRAM BW: 16.000 words/cycle

Running Layer 290
Total cycles: 661
Compute cycles: 291
Stall cycles: 0
Overall utilization: 37.11%
Mapping efficiency: 100.00%
Average IFMAP SRAM BW: 5.938 words/cycle
Average Filter SRAM BW: 3.519 words/cycle
Average OFMAP SRAM BW: 5.938 words/cycle
Average IFMAP DRAM BW: 1.643 words/cycle
Average Filter DRAM BW: 3.894 words/cycle
Average OFMAP DRAM BW: 16.000 words/cycle

Running Layer 291
Total cycles: 1061
Compute cycles: 583
Stall cycles: 0
Overall utilization: 37.05%
Mapping efficiency: 100.00%
Average IFMAP SRAM BW: 5.928 words/cycle
Average Filter SRAM BW: 3.513 words/cycle
Average OFMAP SRAM BW: 5.928 words/cycle
Average IFMAP DRAM BW: 1.643 words/cycle
Average Filter DRAM BW: 7.787 words/cycle
Average OFMAP DRAM BW: 16.000 words/cycle

Running Layer 292
Total cycles: 1061
Compute cycles: 583
Stall cycles: 0
Overall utilization: 37.05%
Mapping efficiency: 100.00%
Average IFMAP SRAM BW: 5.928 words/cycle
Average Filter SRAM BW: 3.513 words/cycle
Average OFMAP SRAM BW: 5.928 words/cycle
Average IFMAP DRAM BW: 3.285 words/cycle
Average Filter DRAM BW: 7.787 words/cycle
Average OFMAP DRAM BW: 16.000 words/cycle

Running Layer 293
Total cycles: 2123
Compute cycles: 1167
Stall cycles: 0
Overall utilization: 37.02%
Mapping efficiency: 100.00%
Average IFMAP SRAM BW: 5.923 words/cycle
Average Filter SRAM BW: 3.510 words/cycle
Average OFMAP SRAM BW: 5.923 words/cycle
Average IFMAP DRAM BW: 3.285 words/cycle
Average Filter DRAM BW: 7.802 words/cycle
Average OFMAP DRAM BW: 16.000 words/cycle

Running Layer 294
Total cycles: 2123
Compute cycles: 1167
Stall cycles: 0
Overall utilization: 37.02%
Mapping efficiency: 100.00%
Average IFMAP SRAM BW: 5.923 words/cycle
Average Filter SRAM BW: 3.510 words/cycle
Average OFMAP SRAM BW: 5.923 words/cycle
Average IFMAP DRAM BW: 6.570 words/cycle
Average Filter DRAM BW: 7.802 words/cycle
Average OFMAP DRAM BW: 16.000 words/cycle

Running Layer 295
Total cycles: 4247
Compute cycles: 2335
Stall cycles: 0
Overall utilization: 37.00%
Mapping efficiency: 100.00%
Average IFMAP SRAM BW: 5.920 words/cycle
Average Filter SRAM BW: 3.508 words/cycle
Average OFMAP SRAM BW: 5.920 words/cycle
Average IFMAP DRAM BW: 6.570 words/cycle
Average Filter DRAM BW: 7.809 words/cycle
Average OFMAP DRAM BW: 16.000 words/cycle

Running Layer 296
Total cycles: 8233
Compute cycles: 4671
Stall cycles: 0
Overall utilization: 36.99%
Mapping efficiency: 100.00%
Average IFMAP SRAM BW: 5.919 words/cycle
Average Filter SRAM BW: 3.508 words/cycle
Average OFMAP SRAM BW: 5.919 words/cycle
Average IFMAP DRAM BW: 6.583 words/cycle
Average Filter DRAM BW: 8.929 words/cycle
Average OFMAP DRAM BW: 16.000 words/cycle

Running Layer 297
Total cycles: 669
Compute cycles: 295
Stall cycles: 0
Overall utilization: 9.49%
Mapping efficiency: 25.00%
Average IFMAP SRAM BW: 1.519 words/cycle
Average Filter SRAM BW: 0.868 words/cycle
Average OFMAP SRAM BW: 6.075 words/cycle
Average IFMAP DRAM BW: 0.426 words/cycle
Average Filter DRAM BW: 0.973 words/cycle
Average OFMAP DRAM BW: 16.000 words/cycle

Running Layer 298
Total cycles: 1077
Compute cycles: 591
Stall cycles: 0
Overall utilization: 9.48%
Mapping efficiency: 25.00%
Average IFMAP SRAM BW: 1.516 words/cycle
Average Filter SRAM BW: 0.866 words/cycle
Average OFMAP SRAM BW: 6.064 words/cycle
Average IFMAP DRAM BW: 0.426 words/cycle
Average Filter DRAM BW: 1.947 words/cycle
Average OFMAP DRAM BW: 16.000 words/cycle

Running Layer 299
Total cycles: 669
Compute cycles: 295
Stall cycles: 0
Overall utilization: 18.98%
Mapping efficiency: 50.00%
Average IFMAP SRAM BW: 3.037 words/cycle
Average Filter SRAM BW: 1.736 words/cycle
Average OFMAP SRAM BW: 6.075 words/cycle
Average IFMAP DRAM BW: 0.852 words/cycle
Average Filter DRAM BW: 1.947 words/cycle
Average OFMAP DRAM BW: 16.000 words/cycle

Running Layer 300
Total cycles: 1077
Compute cycles: 591
Stall cycles: 0
Overall utilization: 18.95%
Mapping efficiency: 50.00%
Average IFMAP SRAM BW: 3.032 words/cycle
Average Filter SRAM BW: 1.733 words/cycle
Average OFMAP SRAM BW: 6.064 words/cycle
Average IFMAP DRAM BW: 0.852 words/cycle
Average Filter DRAM BW: 3.894 words/cycle
Average OFMAP DRAM BW: 16.000 words/cycle

Running Layer 301
Total cycles: 669
Compute cycles: 295
Stall cycles: 0
Overall utilization: 37.97%
Mapping efficiency: 100.00%
Average IFMAP SRAM BW: 6.075 words/cycle
Average Filter SRAM BW: 3.471 words/cycle
Average OFMAP SRAM BW: 6.075 words/cycle
Average IFMAP DRAM BW: 1.703 words/cycle
Average Filter DRAM BW: 3.894 words/cycle
Average OFMAP DRAM BW: 16.000 words/cycle

Running Layer 302
Total cycles: 1077
Compute cycles: 591
Stall cycles: 0
Overall utilization: 37.90%
Mapping efficiency: 100.00%
Average IFMAP SRAM BW: 6.064 words/cycle
Average Filter SRAM BW: 3.465 words/cycle
Average OFMAP SRAM BW: 6.064 words/cycle
Average IFMAP DRAM BW: 1.703 words/cycle
Average Filter DRAM BW: 7.787 words/cycle
Average OFMAP DRAM BW: 16.000 words/cycle

Running Layer 303
Total cycles: 1077
Compute cycles: 591
Stall cycles: 0
Overall utilization: 37.90%
Mapping efficiency: 100.00%
Average IFMAP SRAM BW: 6.064 words/cycle
Average Filter SRAM BW: 3.465 words/cycle
Average OFMAP SRAM BW: 6.064 words/cycle
Average IFMAP DRAM BW: 3.407 words/cycle
Average Filter DRAM BW: 7.787 words/cycle
Average OFMAP DRAM BW: 16.000 words/cycle

Running Layer 304
Total cycles: 2155
Compute cycles: 1183
Stall cycles: 0
Overall utilization: 37.87%
Mapping efficiency: 100.00%
Average IFMAP SRAM BW: 6.059 words/cycle
Average Filter SRAM BW: 3.462 words/cycle
Average OFMAP SRAM BW: 6.059 words/cycle
Average IFMAP DRAM BW: 3.407 words/cycle
Average Filter DRAM BW: 7.802 words/cycle
Average OFMAP DRAM BW: 16.000 words/cycle

Running Layer 305
Total cycles: 2155
Compute cycles: 1183
Stall cycles: 0
Overall utilization: 37.87%
Mapping efficiency: 100.00%
Average IFMAP SRAM BW: 6.059 words/cycle
Average Filter SRAM BW: 3.462 words/cycle
Average OFMAP SRAM BW: 6.059 words/cycle
Average IFMAP DRAM BW: 6.814 words/cycle
Average Filter DRAM BW: 7.802 words/cycle
Average OFMAP DRAM BW: 16.000 words/cycle

Running Layer 306
Total cycles: 4311
Compute cycles: 2367
Stall cycles: 0
Overall utilization: 37.85%
Mapping efficiency: 100.00%
Average IFMAP SRAM BW: 6.057 words/cycle
Average Filter SRAM BW: 3.461 words/cycle
Average OFMAP SRAM BW: 6.057 words/cycle
Average IFMAP DRAM BW: 6.814 words/cycle
Average Filter DRAM BW: 7.809 words/cycle
Average OFMAP DRAM BW: 16.000 words/cycle

Running Layer 307
Total cycles: 8361
Compute cycles: 4735
Stall cycles: 0
Overall utilization: 37.85%
Mapping efficiency: 100.00%
Average IFMAP SRAM BW: 6.055 words/cycle
Average Filter SRAM BW: 3.460 words/cycle
Average OFMAP SRAM BW: 6.055 words/cycle
Average IFMAP DRAM BW: 6.827 words/cycle
Average Filter DRAM BW: 8.929 words/cycle
Average OFMAP DRAM BW: 16.000 words/cycle

Running Layer 308
Total cycles: 677
Compute cycles: 299
Stall cycles: 0
Overall utilization: 9.70%
Mapping efficiency: 25.00%
Average IFMAP SRAM BW: 1.552 words/cycle
Average Filter SRAM BW: 0.856 words/cycle
Average OFMAP SRAM BW: 6.207 words/cycle
Average IFMAP DRAM BW: 0.441 words/cycle
Average Filter DRAM BW: 0.973 words/cycle
Average OFMAP DRAM BW: 16.000 words/cycle

Running Layer 309
Total cycles: 1093
Compute cycles: 599
Stall cycles: 0
Overall utilization: 9.68%
Mapping efficiency: 25.00%
Average IFMAP SRAM BW: 1.549 words/cycle
Average Filter SRAM BW: 0.855 words/cycle
Average OFMAP SRAM BW: 6.197 words/cycle
Average IFMAP DRAM BW: 0.441 words/cycle
Average Filter DRAM BW: 1.947 words/cycle
Average OFMAP DRAM BW: 16.000 words/cycle

Running Layer 310
Total cycles: 677
Compute cycles: 299
Stall cycles: 0
Overall utilization: 19.40%
Mapping efficiency: 50.00%
Average IFMAP SRAM BW: 3.104 words/cycle
Average Filter SRAM BW: 1.712 words/cycle
Average OFMAP SRAM BW: 6.207 words/cycle
Average IFMAP DRAM BW: 0.882 words/cycle
Average Filter DRAM BW: 1.947 words/cycle
Average OFMAP DRAM BW: 16.000 words/cycle

Running Layer 311
Total cycles: 1093
Compute cycles: 599
Stall cycles: 0
Overall utilization: 19.37%
Mapping efficiency: 50.00%
Average IFMAP SRAM BW: 3.098 words/cycle
Average Filter SRAM BW: 1.710 words/cycle
Average OFMAP SRAM BW: 6.197 words/cycle
Average IFMAP DRAM BW: 0.882 words/cycle
Average Filter DRAM BW: 3.894 words/cycle
Average OFMAP DRAM BW: 16.000 words/cycle

Running Layer 312
Total cycles: 677
Compute cycles: 299
Stall cycles: 0
Overall utilization: 38.80%
Mapping efficiency: 100.00%
Average IFMAP SRAM BW: 6.207 words/cycle
Average Filter SRAM BW: 3.425 words/cycle
Average OFMAP SRAM BW: 6.207 words/cycle
Average IFMAP DRAM BW: 1.764 words/cycle
Average Filter DRAM BW: 3.894 words/cycle
Average OFMAP DRAM BW: 16.000 words/cycle

Running Layer 313
Total cycles: 1093
Compute cycles: 599
Stall cycles: 0
Overall utilization: 38.73%
Mapping efficiency: 100.00%
Average IFMAP SRAM BW: 6.197 words/cycle
Average Filter SRAM BW: 3.419 words/cycle
Average OFMAP SRAM BW: 6.197 words/cycle
Average IFMAP DRAM BW: 1.764 words/cycle
Average Filter DRAM BW: 7.787 words/cycle
Average OFMAP DRAM BW: 16.000 words/cycle

Running Layer 314
Total cycles: 1093
Compute cycles: 599
Stall cycles: 0
Overall utilization: 38.73%
Mapping efficiency: 100.00%
Average IFMAP SRAM BW: 6.197 words/cycle
Average Filter SRAM BW: 3.419 words/cycle
Average OFMAP SRAM BW: 6.197 words/cycle
Average IFMAP DRAM BW: 3.529 words/cycle
Average Filter DRAM BW: 7.787 words/cycle
Average OFMAP DRAM BW: 16.000 words/cycle

Running Layer 315
Total cycles: 2187
Compute cycles: 1199
Stall cycles: 0
Overall utilization: 38.70%
Mapping efficiency: 100.00%
Average IFMAP SRAM BW: 6.192 words/cycle
Average Filter SRAM BW: 3.416 words/cycle
Average OFMAP SRAM BW: 6.192 words/cycle
Average IFMAP DRAM BW: 3.529 words/cycle
Average Filter DRAM BW: 7.802 words/cycle
Average OFMAP DRAM BW: 16.000 words/cycle

Running Layer 316
Total cycles: 2187
Compute cycles: 1199
Stall cycles: 0
Overall utilization: 38.70%
Mapping efficiency: 100.00%
Average IFMAP SRAM BW: 6.192 words/cycle
Average Filter SRAM BW: 3.416 words/cycle
Average OFMAP SRAM BW: 6.192 words/cycle
Average IFMAP DRAM BW: 7.057 words/cycle
Average Filter DRAM BW: 7.802 words/cycle
Average OFMAP DRAM BW: 16.000 words/cycle

Running Layer 317
Total cycles: 4375
Compute cycles: 2399
Stall cycles: 0
Overall utilization: 38.68%
Mapping efficiency: 100.00%
Average IFMAP SRAM BW: 6.189 words/cycle
Average Filter SRAM BW: 3.415 words/cycle
Average OFMAP SRAM BW: 6.189 words/cycle
Average IFMAP DRAM BW: 7.057 words/cycle
Average Filter DRAM BW: 7.809 words/cycle
Average OFMAP DRAM BW: 16.000 words/cycle

Running Layer 318
Total cycles: 8489
Compute cycles: 4799
Stall cycles: 0
Overall utilization: 38.67%
Mapping efficiency: 100.00%
Average IFMAP SRAM BW: 6.188 words/cycle
Average Filter SRAM BW: 3.414 words/cycle
Average OFMAP SRAM BW: 6.188 words/cycle
Average IFMAP DRAM BW: 7.070 words/cycle
Average Filter DRAM BW: 8.929 words/cycle
Average OFMAP DRAM BW: 16.000 words/cycle

Running Layer 319
Total cycles: 685
Compute cycles: 303
Stall cycles: 0
Overall utilization: 9.90%
Mapping efficiency: 25.00%
Average IFMAP SRAM BW: 1.584 words/cycle
Average Filter SRAM BW: 0.845 words/cycle
Average OFMAP SRAM BW: 6.337 words/cycle
Average IFMAP DRAM BW: 0.456 words/cycle
Average Filter DRAM BW: 0.973 words/cycle
Average OFMAP DRAM BW: 16.000 words/cycle

Running Layer 320
Total cycles: 1109
Compute cycles: 607
Stall cycles: 0
Overall utilization: 9.88%
Mapping efficiency: 25.00%
Average IFMAP SRAM BW: 1.582 words/cycle
Average Filter SRAM BW: 0.843 words/cycle
Average OFMAP SRAM BW: 6.326 words/cycle
Average IFMAP DRAM BW: 0.456 words/cycle
Average Filter DRAM BW: 1.947 words/cycle
Average OFMAP DRAM BW: 16.000 words/cycle

Running Layer 321
Total cycles: 685
Compute cycles: 303
Stall cycles: 0
Overall utilization: 19.80%
Mapping efficiency: 50.00%
Average IFMAP SRAM BW: 3.168 words/cycle
Average Filter SRAM BW: 1.690 words/cycle
Average OFMAP SRAM BW: 6.337 words/cycle
Average IFMAP DRAM BW: 0.913 words/cycle
Average Filter DRAM BW: 1.947 words/cycle
Average OFMAP DRAM BW: 16.000 words/cycle

Running Layer 322
Total cycles: 1109
Compute cycles: 607
Stall cycles: 0
Overall utilization: 19.77%
Mapping efficiency: 50.00%
Average IFMAP SRAM BW: 3.163 words/cycle
Average Filter SRAM BW: 1.687 words/cycle
Average OFMAP SRAM BW: 6.326 words/cycle
Average IFMAP DRAM BW: 0.913 words/cycle
Average Filter DRAM BW: 3.894 words/cycle
Average OFMAP DRAM BW: 16.000 words/cycle

Running Layer 323
Total cycles: 685
Compute cycles: 303
Stall cycles: 0
Overall utilization: 39.60%
Mapping efficiency: 100.00%
Average IFMAP SRAM BW: 6.337 words/cycle
Average Filter SRAM BW: 3.380 words/cycle
Average OFMAP SRAM BW: 6.337 words/cycle
Average IFMAP DRAM BW: 1.825 words/cycle
Average Filter DRAM BW: 3.894 words/cycle
Average OFMAP DRAM BW: 16.000 words/cycle

Running Layer 324
Total cycles: 1109
Compute cycles: 607
Stall cycles: 0
Overall utilization: 39.54%
Mapping efficiency: 100.00%
Average IFMAP SRAM BW: 6.326 words/cycle
Average Filter SRAM BW: 3.374 words/cycle
Average OFMAP SRAM BW: 6.326 words/cycle
Average IFMAP DRAM BW: 1.825 words/cycle
Average Filter DRAM BW: 7.787 words/cycle
Average OFMAP DRAM BW: 16.000 words/cycle

Running Layer 325
Total cycles: 1109
Compute cycles: 607
Stall cycles: 0
Overall utilization: 39.54%
Mapping efficiency: 100.00%
Average IFMAP SRAM BW: 6.326 words/cycle
Average Filter SRAM BW: 3.374 words/cycle
Average OFMAP SRAM BW: 6.326 words/cycle
Average IFMAP DRAM BW: 3.650 words/cycle
Average Filter DRAM BW: 7.787 words/cycle
Average OFMAP DRAM BW: 16.000 words/cycle

Running Layer 326
Total cycles: 2219
Compute cycles: 1215
Stall cycles: 0
Overall utilization: 39.51%
Mapping efficiency: 100.00%
Average IFMAP SRAM BW: 6.321 words/cycle
Average Filter SRAM BW: 3.371 words/cycle
Average OFMAP SRAM BW: 6.321 words/cycle
Average IFMAP DRAM BW: 3.650 words/cycle
Average Filter DRAM BW: 7.802 words/cycle
Average OFMAP DRAM BW: 16.000 words/cycle

Running Layer 327
Total cycles: 2219
Compute cycles: 1215
Stall cycles: 0
Overall utilization: 39.51%
Mapping efficiency: 100.00%
Average IFMAP SRAM BW: 6.321 words/cycle
Average Filter SRAM BW: 3.371 words/cycle
Average OFMAP SRAM BW: 6.321 words/cycle
Average IFMAP DRAM BW: 7.300 words/cycle
Average Filter DRAM BW: 7.802 words/cycle
Average OFMAP DRAM BW: 16.000 words/cycle

Running Layer 328
Total cycles: 4439
Compute cycles: 2431
Stall cycles: 0
Overall utilization: 39.49%
Mapping efficiency: 100.00%
Average IFMAP SRAM BW: 6.318 words/cycle
Average Filter SRAM BW: 3.370 words/cycle
Average OFMAP SRAM BW: 6.318 words/cycle
Average IFMAP DRAM BW: 7.300 words/cycle
Average Filter DRAM BW: 7.809 words/cycle
Average OFMAP DRAM BW: 16.000 words/cycle

Running Layer 329
Total cycles: 8617
Compute cycles: 4863
Stall cycles: 0
Overall utilization: 39.48%
Mapping efficiency: 100.00%
Average IFMAP SRAM BW: 6.317 words/cycle
Average Filter SRAM BW: 3.369 words/cycle
Average OFMAP SRAM BW: 6.317 words/cycle
Average IFMAP DRAM BW: 7.314 words/cycle
Average Filter DRAM BW: 8.929 words/cycle
Average OFMAP DRAM BW: 16.000 words/cycle

Running Layer 330
Total cycles: 693
Compute cycles: 307
Stall cycles: 0
Overall utilization: 10.10%
Mapping efficiency: 25.00%
Average IFMAP SRAM BW: 1.616 words/cycle
Average Filter SRAM BW: 0.834 words/cycle
Average OFMAP SRAM BW: 6.463 words/cycle
Average IFMAP DRAM BW: 0.471 words/cycle
Average Filter DRAM BW: 0.973 words/cycle
Average OFMAP DRAM BW: 16.000 words/cycle

Running Layer 331
Total cycles: 1125
Compute cycles: 615
Stall cycles: 0
Overall utilization: 10.08%
Mapping efficiency: 25.00%
Average IFMAP SRAM BW: 1.613 words/cycle
Average Filter SRAM BW: 0.833 words/cycle
Average OFMAP SRAM BW: 6.452 words/cycle
Average IFMAP DRAM BW: 0.471 words/cycle
Average Filter DRAM BW: 1.947 words/cycle
Average OFMAP DRAM BW: 16.000 words/cycle

Running Layer 332
Total cycles: 693
Compute cycles: 307
Stall cycles: 0
Overall utilization: 20.20%
Mapping efficiency: 50.00%
Average IFMAP SRAM BW: 3.231 words/cycle
Average Filter SRAM BW: 1.668 words/cycle
Average OFMAP SRAM BW: 6.463 words/cycle
Average IFMAP DRAM BW: 0.943 words/cycle
Average Filter DRAM BW: 1.947 words/cycle
Average OFMAP DRAM BW: 16.000 words/cycle

Running Layer 333
Total cycles: 1125
Compute cycles: 615
Stall cycles: 0
Overall utilization: 20.16%
Mapping efficiency: 50.00%
Average IFMAP SRAM BW: 3.226 words/cycle
Average Filter SRAM BW: 1.665 words/cycle
Average OFMAP SRAM BW: 6.452 words/cycle
Average IFMAP DRAM BW: 0.943 words/cycle
Average Filter DRAM BW: 3.894 words/cycle
Average OFMAP DRAM BW: 16.000 words/cycle

Running Layer 334
Total cycles: 693
Compute cycles: 307
Stall cycles: 0
Overall utilization: 40.39%
Mapping efficiency: 100.00%
Average IFMAP SRAM BW: 6.463 words/cycle
Average Filter SRAM BW: 3.336 words/cycle
Average OFMAP SRAM BW: 6.463 words/cycle
Average IFMAP DRAM BW: 1.886 words/cycle
Average Filter DRAM BW: 3.894 words/cycle
Average OFMAP DRAM BW: 16.000 words/cycle

Running Layer 335
Total cycles: 1125
Compute cycles: 615
Stall cycles: 0
Overall utilization: 40.33%
Mapping efficiency: 100.00%
Average IFMAP SRAM BW: 6.452 words/cycle
Average Filter SRAM BW: 3.330 words/cycle
Average OFMAP SRAM BW: 6.452 words/cycle
Average IFMAP DRAM BW: 1.886 words/cycle
Average Filter DRAM BW: 7.787 words/cycle
Average OFMAP DRAM BW: 16.000 words/cycle

Running Layer 336
Total cycles: 1125
Compute cycles: 615
Stall cycles: 0
Overall utilization: 40.33%
Mapping efficiency: 100.00%
Average IFMAP SRAM BW: 6.452 words/cycle
Average Filter SRAM BW: 3.330 words/cycle
Average OFMAP SRAM BW: 6.452 words/cycle
Average IFMAP DRAM BW: 3.772 words/cycle
Average Filter DRAM BW: 7.787 words/cycle
Average OFMAP DRAM BW: 16.000 words/cycle

Running Layer 337
Total cycles: 2251
Compute cycles: 1231
Stall cycles: 0
Overall utilization: 40.29%
Mapping efficiency: 100.00%
Average IFMAP SRAM BW: 6.447 words/cycle
Average Filter SRAM BW: 3.327 words/cycle
Average OFMAP SRAM BW: 6.447 words/cycle
Average IFMAP DRAM BW: 3.772 words/cycle
Average Filter DRAM BW: 7.802 words/cycle
Average OFMAP DRAM BW: 16.000 words/cycle

Running Layer 338
Total cycles: 2251
Compute cycles: 1231
Stall cycles: 0
Overall utilization: 40.29%
Mapping efficiency: 100.00%
Average IFMAP SRAM BW: 6.447 words/cycle
Average Filter SRAM BW: 3.327 words/cycle
Average OFMAP SRAM BW: 6.447 words/cycle
Average IFMAP DRAM BW: 7.544 words/cycle
Average Filter DRAM BW: 7.802 words/cycle
Average OFMAP DRAM BW: 16.000 words/cycle

Running Layer 339
Total cycles: 4503
Compute cycles: 2463
Stall cycles: 0
Overall utilization: 40.28%
Mapping efficiency: 100.00%
Average IFMAP SRAM BW: 6.444 words/cycle
Average Filter SRAM BW: 3.326 words/cycle
Average OFMAP SRAM BW: 6.444 words/cycle
Average IFMAP DRAM BW: 7.544 words/cycle
Average Filter DRAM BW: 7.809 words/cycle
Average OFMAP DRAM BW: 16.000 words/cycle

Running Layer 340
Total cycles: 8745
Compute cycles: 4927
Stall cycles: 0
Overall utilization: 40.27%
Mapping efficiency: 100.00%
Average IFMAP SRAM BW: 6.443 words/cycle
Average Filter SRAM BW: 3.325 words/cycle
Average OFMAP SRAM BW: 6.443 words/cycle
Average IFMAP DRAM BW: 7.558 words/cycle
Average Filter DRAM BW: 8.929 words/cycle
Average OFMAP DRAM BW: 16.000 words/cycle

Running Layer 341
Total cycles: 701
Compute cycles: 311
Stall cycles: 0
Overall utilization: 10.29%
Mapping efficiency: 25.00%
Average IFMAP SRAM BW: 1.646 words/cycle
Average Filter SRAM BW: 0.823 words/cycle
Average OFMAP SRAM BW: 6.585 words/cycle
Average IFMAP DRAM BW: 0.487 words/cycle
Average Filter DRAM BW: 0.973 words/cycle
Average OFMAP DRAM BW: 16.000 words/cycle

Running Layer 342
Total cycles: 1141
Compute cycles: 623
Stall cycles: 0
Overall utilization: 10.27%
Mapping efficiency: 25.00%
Average IFMAP SRAM BW: 1.644 words/cycle
Average Filter SRAM BW: 0.822 words/cycle
Average OFMAP SRAM BW: 6.575 words/cycle
Average IFMAP DRAM BW: 0.487 words/cycle
Average Filter DRAM BW: 1.947 words/cycle
Average OFMAP DRAM BW: 16.000 words/cycle

Running Layer 343
Total cycles: 701
Compute cycles: 311
Stall cycles: 0
Overall utilization: 20.58%
Mapping efficiency: 50.00%
Average IFMAP SRAM BW: 3.293 words/cycle
Average Filter SRAM BW: 1.646 words/cycle
Average OFMAP SRAM BW: 6.585 words/cycle
Average IFMAP DRAM BW: 0.973 words/cycle
Average Filter DRAM BW: 1.947 words/cycle
Average OFMAP DRAM BW: 16.000 words/cycle

Running Layer 344
Total cycles: 1141
Compute cycles: 623
Stall cycles: 0
Overall utilization: 20.55%
Mapping efficiency: 50.00%
Average IFMAP SRAM BW: 3.287 words/cycle
Average Filter SRAM BW: 1.644 words/cycle
Average OFMAP SRAM BW: 6.575 words/cycle
Average IFMAP DRAM BW: 0.973 words/cycle
Average Filter DRAM BW: 3.894 words/cycle
Average OFMAP DRAM BW: 16.000 words/cycle

Running Layer 345
Total cycles: 701
Compute cycles: 311
Stall cycles: 0
Overall utilization: 41.16%
Mapping efficiency: 100.00%
Average IFMAP SRAM BW: 6.585 words/cycle
Average Filter SRAM BW: 3.293 words/cycle
Average OFMAP SRAM BW: 6.585 words/cycle
Average IFMAP DRAM BW: 1.947 words/cycle
Average Filter DRAM BW: 3.894 words/cycle
Average OFMAP DRAM BW: 16.000 words/cycle

Running Layer 346
Total cycles: 1141
Compute cycles: 623
Stall cycles: 0
Overall utilization: 41.09%
Mapping efficiency: 100.00%
Average IFMAP SRAM BW: 6.575 words/cycle
Average Filter SRAM BW: 3.287 words/cycle
Average OFMAP SRAM BW: 6.575 words/cycle
Average IFMAP DRAM BW: 1.947 words/cycle
Average Filter DRAM BW: 7.787 words/cycle
Average OFMAP DRAM BW: 16.000 words/cycle

Running Layer 347
Total cycles: 1141
Compute cycles: 623
Stall cycles: 0
Overall utilization: 41.09%
Mapping efficiency: 100.00%
Average IFMAP SRAM BW: 6.575 words/cycle
Average Filter SRAM BW: 3.287 words/cycle
Average OFMAP SRAM BW: 6.575 words/cycle
Average IFMAP DRAM BW: 3.894 words/cycle
Average Filter DRAM BW: 7.787 words/cycle
Average OFMAP DRAM BW: 16.000 words/cycle

Running Layer 348
Total cycles: 2283
Compute cycles: 1247
Stall cycles: 0
Overall utilization: 41.06%
Mapping efficiency: 100.00%
Average IFMAP SRAM BW: 6.569 words/cycle
Average Filter SRAM BW: 3.285 words/cycle
Average OFMAP SRAM BW: 6.569 words/cycle
Average IFMAP DRAM BW: 3.894 words/cycle
Average Filter DRAM BW: 7.802 words/cycle
Average OFMAP DRAM BW: 16.000 words/cycle

Running Layer 349
Total cycles: 2283
Compute cycles: 1247
Stall cycles: 0
Overall utilization: 41.06%
Mapping efficiency: 100.00%
Average IFMAP SRAM BW: 6.569 words/cycle
Average Filter SRAM BW: 3.285 words/cycle
Average OFMAP SRAM BW: 6.569 words/cycle
Average IFMAP DRAM BW: 7.787 words/cycle
Average Filter DRAM BW: 7.802 words/cycle
Average OFMAP DRAM BW: 16.000 words/cycle

Running Layer 350
Total cycles: 4567
Compute cycles: 2495
Stall cycles: 0
Overall utilization: 41.04%
Mapping efficiency: 100.00%
Average IFMAP SRAM BW: 6.567 words/cycle
Average Filter SRAM BW: 3.283 words/cycle
Average OFMAP SRAM BW: 6.567 words/cycle
Average IFMAP DRAM BW: 7.787 words/cycle
Average Filter DRAM BW: 7.809 words/cycle
Average OFMAP DRAM BW: 16.000 words/cycle

Running Layer 351
Total cycles: 8873
Compute cycles: 4991
Stall cycles: 0
Overall utilization: 41.03%
Mapping efficiency: 100.00%
Average IFMAP SRAM BW: 6.565 words/cycle
Average Filter SRAM BW: 3.283 words/cycle
Average OFMAP SRAM BW: 6.565 words/cycle
Average IFMAP DRAM BW: 7.802 words/cycle
Average Filter DRAM BW: 8.929 words/cycle
Average OFMAP DRAM BW: 16.000 words/cycle

Running Layer 352
Total cycles: 709
Compute cycles: 315
Stall cycles: 0
Overall utilization: 10.48%
Mapping efficiency: 25.00%
Average IFMAP SRAM BW: 1.676 words/cycle
Average Filter SRAM BW: 0.813 words/cycle
Average OFMAP SRAM BW: 6.705 words/cycle
Average IFMAP DRAM BW: 0.502 words/cycle
Average Filter DRAM BW: 0.973 words/cycle
Average OFMAP DRAM BW: 16.000 words/cycle

Running Layer 353
Total cycles: 1157
Compute cycles: 631
Stall cycles: 0
Overall utilization: 10.46%
Mapping efficiency: 25.00%
Average IFMAP SRAM BW: 1.674 words/cycle
Average Filter SRAM BW: 0.811 words/cycle
Average OFMAP SRAM BW: 6.694 words/cycle
Average IFMAP DRAM BW: 0.502 words/cycle
Average Filter DRAM BW: 1.947 words/cycle
Average OFMAP DRAM BW: 16.000 words/cycle

Running Layer 354
Total cycles: 709
Compute cycles: 315
Stall cycles: 0
Overall utilization: 20.95%
Mapping efficiency: 50.00%
Average IFMAP SRAM BW: 3.352 words/cycle
Average Filter SRAM BW: 1.625 words/cycle
Average OFMAP SRAM BW: 6.705 words/cycle
Average IFMAP DRAM BW: 1.004 words/cycle
Average Filter DRAM BW: 1.947 words/cycle
Average OFMAP DRAM BW: 16.000 words/cycle

Running Layer 355
Total cycles: 1157
Compute cycles: 631
Stall cycles: 0
Overall utilization: 20.92%
Mapping efficiency: 50.00%
Average IFMAP SRAM BW: 3.347 words/cycle
Average Filter SRAM BW: 1.623 words/cycle
Average OFMAP SRAM BW: 6.694 words/cycle
Average IFMAP DRAM BW: 1.004 words/cycle
Average Filter DRAM BW: 3.894 words/cycle
Average OFMAP DRAM BW: 16.000 words/cycle

Running Layer 356
Total cycles: 709
Compute cycles: 315
Stall cycles: 0
Overall utilization: 41.90%
Mapping efficiency: 100.00%
Average IFMAP SRAM BW: 6.705 words/cycle
Average Filter SRAM BW: 3.251 words/cycle
Average OFMAP SRAM BW: 6.705 words/cycle
Average IFMAP DRAM BW: 2.008 words/cycle
Average Filter DRAM BW: 3.894 words/cycle
Average OFMAP DRAM BW: 16.000 words/cycle

Running Layer 357
Total cycles: 1157
Compute cycles: 631
Stall cycles: 0
Overall utilization: 41.84%
Mapping efficiency: 100.00%
Average IFMAP SRAM BW: 6.694 words/cycle
Average Filter SRAM BW: 3.246 words/cycle
Average OFMAP SRAM BW: 6.694 words/cycle
Average IFMAP DRAM BW: 2.008 words/cycle
Average Filter DRAM BW: 7.787 words/cycle
Average OFMAP DRAM BW: 16.000 words/cycle

Running Layer 358
Total cycles: 1157
Compute cycles: 631
Stall cycles: 0
Overall utilization: 41.84%
Mapping efficiency: 100.00%
Average IFMAP SRAM BW: 6.694 words/cycle
Average Filter SRAM BW: 3.246 words/cycle
Average OFMAP SRAM BW: 6.694 words/cycle
Average IFMAP DRAM BW: 4.015 words/cycle
Average Filter DRAM BW: 7.787 words/cycle
Average OFMAP DRAM BW: 16.000 words/cycle

Running Layer 359
Total cycles: 2315
Compute cycles: 1263
Stall cycles: 0
Overall utilization: 41.81%
Mapping efficiency: 100.00%
Average IFMAP SRAM BW: 6.689 words/cycle
Average Filter SRAM BW: 3.243 words/cycle
Average OFMAP SRAM BW: 6.689 words/cycle
Average IFMAP DRAM BW: 4.015 words/cycle
Average Filter DRAM BW: 7.802 words/cycle
Average OFMAP DRAM BW: 16.000 words/cycle

Running Layer 360
Total cycles: 2315
Compute cycles: 1263
Stall cycles: 0
Overall utilization: 41.81%
Mapping efficiency: 100.00%
Average IFMAP SRAM BW: 6.689 words/cycle
Average Filter SRAM BW: 3.243 words/cycle
Average OFMAP SRAM BW: 6.689 words/cycle
Average IFMAP DRAM BW: 8.030 words/cycle
Average Filter DRAM BW: 7.802 words/cycle
Average OFMAP DRAM BW: 16.000 words/cycle

Running Layer 361
Total cycles: 4631
Compute cycles: 2527
Stall cycles: 0
Overall utilization: 41.79%
Mapping efficiency: 100.00%
Average IFMAP SRAM BW: 6.686 words/cycle
Average Filter SRAM BW: 3.242 words/cycle
Average OFMAP SRAM BW: 6.686 words/cycle
Average IFMAP DRAM BW: 8.030 words/cycle
Average Filter DRAM BW: 7.809 words/cycle
Average OFMAP DRAM BW: 16.000 words/cycle

Running Layer 362
Total cycles: 9001
Compute cycles: 5055
Stall cycles: 0
Overall utilization: 41.78%
Mapping efficiency: 100.00%
Average IFMAP SRAM BW: 6.685 words/cycle
Average Filter SRAM BW: 3.241 words/cycle
Average OFMAP SRAM BW: 6.685 words/cycle
Average IFMAP DRAM BW: 8.046 words/cycle
Average Filter DRAM BW: 8.929 words/cycle
Average OFMAP DRAM BW: 16.000 words/cycle

Running Layer 363
Total cycles: 717
Compute cycles: 319
Stall cycles: 0
Overall utilization: 10.66%
Mapping efficiency: 25.00%
Average IFMAP SRAM BW: 1.705 words/cycle
Average Filter SRAM BW: 0.803 words/cycle
Average OFMAP SRAM BW: 6.821 words/cycle
Average IFMAP DRAM BW: 0.517 words/cycle
Average Filter DRAM BW: 0.973 words/cycle
Average OFMAP DRAM BW: 16.000 words/cycle

Running Layer 364
Total cycles: 1173
Compute cycles: 639
Stall cycles: 0
Overall utilization: 10.64%
Mapping efficiency: 25.00%
Average IFMAP SRAM BW: 1.703 words/cycle
Average Filter SRAM BW: 0.801 words/cycle
Average OFMAP SRAM BW: 6.811 words/cycle
Average IFMAP DRAM BW: 0.517 words/cycle
Average Filter DRAM BW: 1.947 words/cycle
Average OFMAP DRAM BW: 16.000 words/cycle

Running Layer 365
Total cycles: 717
Compute cycles: 319
Stall cycles: 0
Overall utilization: 21.32%
Mapping efficiency: 50.00%
Average IFMAP SRAM BW: 3.411 words/cycle
Average Filter SRAM BW: 1.605 words/cycle
Average OFMAP SRAM BW: 6.821 words/cycle
Average IFMAP DRAM BW: 1.034 words/cycle
Average Filter DRAM BW: 1.947 words/cycle
Average OFMAP DRAM BW: 16.000 words/cycle

Running Layer 366
Total cycles: 1173
Compute cycles: 639
Stall cycles: 0
Overall utilization: 21.28%
Mapping efficiency: 50.00%
Average IFMAP SRAM BW: 3.405 words/cycle
Average Filter SRAM BW: 1.603 words/cycle
Average OFMAP SRAM BW: 6.811 words/cycle
Average IFMAP DRAM BW: 1.034 words/cycle
Average Filter DRAM BW: 3.894 words/cycle
Average OFMAP DRAM BW: 16.000 words/cycle

Running Layer 367
Total cycles: 717
Compute cycles: 319
Stall cycles: 0
Overall utilization: 42.63%
Mapping efficiency: 100.00%
Average IFMAP SRAM BW: 6.821 words/cycle
Average Filter SRAM BW: 3.210 words/cycle
Average OFMAP SRAM BW: 6.821 words/cycle
Average IFMAP DRAM BW: 2.068 words/cycle
Average Filter DRAM BW: 3.894 words/cycle
Average OFMAP DRAM BW: 16.000 words/cycle

Running Layer 368
Total cycles: 1173
Compute cycles: 639
Stall cycles: 0
Overall utilization: 42.57%
Mapping efficiency: 100.00%
Average IFMAP SRAM BW: 6.811 words/cycle
Average Filter SRAM BW: 3.205 words/cycle
Average OFMAP SRAM BW: 6.811 words/cycle
Average IFMAP DRAM BW: 2.068 words/cycle
Average Filter DRAM BW: 7.787 words/cycle
Average OFMAP DRAM BW: 16.000 words/cycle

Running Layer 369
Total cycles: 1173
Compute cycles: 639
Stall cycles: 0
Overall utilization: 42.57%
Mapping efficiency: 100.00%
Average IFMAP SRAM BW: 6.811 words/cycle
Average Filter SRAM BW: 3.205 words/cycle
Average OFMAP SRAM BW: 6.811 words/cycle
Average IFMAP DRAM BW: 4.137 words/cycle
Average Filter DRAM BW: 7.787 words/cycle
Average OFMAP DRAM BW: 16.000 words/cycle

Running Layer 370
Total cycles: 2347
Compute cycles: 1279
Stall cycles: 0
Overall utilization: 42.53%
Mapping efficiency: 100.00%
Average IFMAP SRAM BW: 6.805 words/cycle
Average Filter SRAM BW: 3.203 words/cycle
Average OFMAP SRAM BW: 6.805 words/cycle
Average IFMAP DRAM BW: 4.137 words/cycle
Average Filter DRAM BW: 7.802 words/cycle
Average OFMAP DRAM BW: 16.000 words/cycle

Running Layer 371
Total cycles: 2347
Compute cycles: 1279
Stall cycles: 0
Overall utilization: 42.53%
Mapping efficiency: 100.00%
Average IFMAP SRAM BW: 6.805 words/cycle
Average Filter SRAM BW: 3.203 words/cycle
Average OFMAP SRAM BW: 6.805 words/cycle
Average IFMAP DRAM BW: 8.274 words/cycle
Average Filter DRAM BW: 7.802 words/cycle
Average OFMAP DRAM BW: 16.000 words/cycle

Running Layer 372
Total cycles: 4695
Compute cycles: 2559
Stall cycles: 0
Overall utilization: 42.52%
Mapping efficiency: 100.00%
Average IFMAP SRAM BW: 6.803 words/cycle
Average Filter SRAM BW: 3.201 words/cycle
Average OFMAP SRAM BW: 6.803 words/cycle
Average IFMAP DRAM BW: 8.274 words/cycle
Average Filter DRAM BW: 7.809 words/cycle
Average OFMAP DRAM BW: 16.000 words/cycle

Running Layer 373
Total cycles: 9129
Compute cycles: 5119
Stall cycles: 0
Overall utilization: 42.51%
Mapping efficiency: 100.00%
Average IFMAP SRAM BW: 6.801 words/cycle
Average Filter SRAM BW: 3.201 words/cycle
Average OFMAP SRAM BW: 6.801 words/cycle
Average IFMAP DRAM BW: 8.290 words/cycle
Average Filter DRAM BW: 8.929 words/cycle
Average OFMAP DRAM BW: 16.000 words/cycle

Running Layer 374
Total cycles: 725
Compute cycles: 323
Stall cycles: 0
Overall utilization: 10.84%
Mapping efficiency: 25.00%
Average IFMAP SRAM BW: 1.734 words/cycle
Average Filter SRAM BW: 0.793 words/cycle
Average OFMAP SRAM BW: 6.935 words/cycle
Average IFMAP DRAM BW: 0.532 words/cycle
Average Filter DRAM BW: 0.973 words/cycle
Average OFMAP DRAM BW: 16.000 words/cycle

Running Layer 375
Total cycles: 1189
Compute cycles: 647
Stall cycles: 0
Overall utilization: 10.82%
Mapping efficiency: 25.00%
Average IFMAP SRAM BW: 1.731 words/cycle
Average Filter SRAM BW: 0.791 words/cycle
Average OFMAP SRAM BW: 6.924 words/cycle
Average IFMAP DRAM BW: 0.532 words/cycle
Average Filter DRAM BW: 1.947 words/cycle
Average OFMAP DRAM BW: 16.000 words/cycle

Running Layer 376
Total cycles: 725
Compute cycles: 323
Stall cycles: 0
Overall utilization: 21.67%
Mapping efficiency: 50.00%
Average IFMAP SRAM BW: 3.467 words/cycle
Average Filter SRAM BW: 1.585 words/cycle
Average OFMAP SRAM BW: 6.935 words/cycle
Average IFMAP DRAM BW: 1.065 words/cycle
Average Filter DRAM BW: 1.947 words/cycle
Average OFMAP DRAM BW: 16.000 words/cycle

Running Layer 377
Total cycles: 1189
Compute cycles: 647
Stall cycles: 0
Overall utilization: 21.64%
Mapping efficiency: 50.00%
Average IFMAP SRAM BW: 3.462 words/cycle
Average Filter SRAM BW: 1.583 words/cycle
Average OFMAP SRAM BW: 6.924 words/cycle
Average IFMAP DRAM BW: 1.065 words/cycle
Average Filter DRAM BW: 3.894 words/cycle
Average OFMAP DRAM BW: 16.000 words/cycle

Running Layer 378
Total cycles: 725
Compute cycles: 323
Stall cycles: 0
Overall utilization: 43.34%
Mapping efficiency: 100.00%
Average IFMAP SRAM BW: 6.935 words/cycle
Average Filter SRAM BW: 3.170 words/cycle
Average OFMAP SRAM BW: 6.935 words/cycle
Average IFMAP DRAM BW: 2.129 words/cycle
Average Filter DRAM BW: 3.894 words/cycle
Average OFMAP DRAM BW: 16.000 words/cycle

Running Layer 379
Total cycles: 1189
Compute cycles: 647
Stall cycles: 0
Overall utilization: 43.28%
Mapping efficiency: 100.00%
Average IFMAP SRAM BW: 6.924 words/cycle
Average Filter SRAM BW: 3.165 words/cycle
Average OFMAP SRAM BW: 6.924 words/cycle
Average IFMAP DRAM BW: 2.129 words/cycle
Average Filter DRAM BW: 7.787 words/cycle
Average OFMAP DRAM BW: 16.000 words/cycle

Running Layer 380
Total cycles: 1189
Compute cycles: 647
Stall cycles: 0
Overall utilization: 43.28%
Mapping efficiency: 100.00%
Average IFMAP SRAM BW: 6.924 words/cycle
Average Filter SRAM BW: 3.165 words/cycle
Average OFMAP SRAM BW: 6.924 words/cycle
Average IFMAP DRAM BW: 4.259 words/cycle
Average Filter DRAM BW: 7.787 words/cycle
Average OFMAP DRAM BW: 16.000 words/cycle

Running Layer 381
Total cycles: 2379
Compute cycles: 1295
Stall cycles: 0
Overall utilization: 43.24%
Mapping efficiency: 100.00%
Average IFMAP SRAM BW: 6.919 words/cycle
Average Filter SRAM BW: 3.163 words/cycle
Average OFMAP SRAM BW: 6.919 words/cycle
Average IFMAP DRAM BW: 4.259 words/cycle
Average Filter DRAM BW: 7.802 words/cycle
Average OFMAP DRAM BW: 16.000 words/cycle

Running Layer 382
Total cycles: 2379
Compute cycles: 1295
Stall cycles: 0
Overall utilization: 43.24%
Mapping efficiency: 100.00%
Average IFMAP SRAM BW: 6.919 words/cycle
Average Filter SRAM BW: 3.163 words/cycle
Average OFMAP SRAM BW: 6.919 words/cycle
Average IFMAP DRAM BW: 8.517 words/cycle
Average Filter DRAM BW: 7.802 words/cycle
Average OFMAP DRAM BW: 16.000 words/cycle

Running Layer 383
Total cycles: 4759
Compute cycles: 2591
Stall cycles: 0
Overall utilization: 43.23%
Mapping efficiency: 100.00%
Average IFMAP SRAM BW: 6.916 words/cycle
Average Filter SRAM BW: 3.162 words/cycle
Average OFMAP SRAM BW: 6.916 words/cycle
Average IFMAP DRAM BW: 8.517 words/cycle
Average Filter DRAM BW: 7.809 words/cycle
Average OFMAP DRAM BW: 16.000 words/cycle

Running Layer 384
Total cycles: 9257
Compute cycles: 5183
Stall cycles: 0
Overall utilization: 43.22%
Mapping efficiency: 100.00%
Average IFMAP SRAM BW: 6.915 words/cycle
Average Filter SRAM BW: 3.161 words/cycle
Average OFMAP SRAM BW: 6.915 words/cycle
Average IFMAP DRAM BW: 8.533 words/cycle
Average Filter DRAM BW: 8.929 words/cycle
Average OFMAP DRAM BW: 16.000 words/cycle

Running Layer 385
Total cycles: 733
Compute cycles: 327
Stall cycles: 0
Overall utilization: 11.01%
Mapping efficiency: 25.00%
Average IFMAP SRAM BW: 1.761 words/cycle
Average Filter SRAM BW: 0.783 words/cycle
Average OFMAP SRAM BW: 7.046 words/cycle
Average IFMAP DRAM BW: 0.548 words/cycle
Average Filter DRAM BW: 0.973 words/cycle
Average OFMAP DRAM BW: 16.000 words/cycle

Running Layer 386
Total cycles: 1205
Compute cycles: 655
Stall cycles: 0
Overall utilization: 10.99%
Mapping efficiency: 25.00%
Average IFMAP SRAM BW: 1.759 words/cycle
Average Filter SRAM BW: 0.782 words/cycle
Average OFMAP SRAM BW: 7.035 words/cycle
Average IFMAP DRAM BW: 0.548 words/cycle
Average Filter DRAM BW: 1.947 words/cycle
Average OFMAP DRAM BW: 16.000 words/cycle

Running Layer 387
Total cycles: 733
Compute cycles: 327
Stall cycles: 0
Overall utilization: 22.02%
Mapping efficiency: 50.00%
Average IFMAP SRAM BW: 3.523 words/cycle
Average Filter SRAM BW: 1.566 words/cycle
Average OFMAP SRAM BW: 7.046 words/cycle
Average IFMAP DRAM BW: 1.095 words/cycle
Average Filter DRAM BW: 1.947 words/cycle
Average OFMAP DRAM BW: 16.000 words/cycle

Running Layer 388
Total cycles: 1205
Compute cycles: 655
Stall cycles: 0
Overall utilization: 21.98%
Mapping efficiency: 50.00%
Average IFMAP SRAM BW: 3.518 words/cycle
Average Filter SRAM BW: 1.563 words/cycle
Average OFMAP SRAM BW: 7.035 words/cycle
Average IFMAP DRAM BW: 1.095 words/cycle
Average Filter DRAM BW: 3.894 words/cycle
Average OFMAP DRAM BW: 16.000 words/cycle

Running Layer 389
Total cycles: 733
Compute cycles: 327
Stall cycles: 0
Overall utilization: 44.04%
Mapping efficiency: 100.00%
Average IFMAP SRAM BW: 7.046 words/cycle
Average Filter SRAM BW: 3.131 words/cycle
Average OFMAP SRAM BW: 7.046 words/cycle
Average IFMAP DRAM BW: 2.190 words/cycle
Average Filter DRAM BW: 3.894 words/cycle
Average OFMAP DRAM BW: 16.000 words/cycle

Running Layer 390
Total cycles: 1205
Compute cycles: 655
Stall cycles: 0
Overall utilization: 43.97%
Mapping efficiency: 100.00%
Average IFMAP SRAM BW: 7.035 words/cycle
Average Filter SRAM BW: 3.127 words/cycle
Average OFMAP SRAM BW: 7.035 words/cycle
Average IFMAP DRAM BW: 2.190 words/cycle
Average Filter DRAM BW: 7.787 words/cycle
Average OFMAP DRAM BW: 16.000 words/cycle

Running Layer 391
Total cycles: 1205
Compute cycles: 655
Stall cycles: 0
Overall utilization: 43.97%
Mapping efficiency: 100.00%
Average IFMAP SRAM BW: 7.035 words/cycle
Average Filter SRAM BW: 3.127 words/cycle
Average OFMAP SRAM BW: 7.035 words/cycle
Average IFMAP DRAM BW: 4.380 words/cycle
Average Filter DRAM BW: 7.787 words/cycle
Average OFMAP DRAM BW: 16.000 words/cycle

Running Layer 392
Total cycles: 2411
Compute cycles: 1311
Stall cycles: 0
Overall utilization: 43.94%
Mapping efficiency: 100.00%
Average IFMAP SRAM BW: 7.030 words/cycle
Average Filter SRAM BW: 3.124 words/cycle
Average OFMAP SRAM BW: 7.030 words/cycle
Average IFMAP DRAM BW: 4.380 words/cycle
Average Filter DRAM BW: 7.802 words/cycle
Average OFMAP DRAM BW: 16.000 words/cycle

Running Layer 393
Total cycles: 2411
Compute cycles: 1311
Stall cycles: 0
Overall utilization: 43.94%
Mapping efficiency: 100.00%
Average IFMAP SRAM BW: 7.030 words/cycle
Average Filter SRAM BW: 3.124 words/cycle
Average OFMAP SRAM BW: 7.030 words/cycle
Average IFMAP DRAM BW: 8.760 words/cycle
Average Filter DRAM BW: 7.802 words/cycle
Average OFMAP DRAM BW: 16.000 words/cycle

Running Layer 394
Total cycles: 4823
Compute cycles: 2623
Stall cycles: 0
Overall utilization: 43.92%
Mapping efficiency: 100.00%
Average IFMAP SRAM BW: 7.027 words/cycle
Average Filter SRAM BW: 3.123 words/cycle
Average OFMAP SRAM BW: 7.027 words/cycle
Average IFMAP DRAM BW: 8.760 words/cycle
Average Filter DRAM BW: 7.809 words/cycle
Average OFMAP DRAM BW: 16.000 words/cycle

Running Layer 395
Total cycles: 9385
Compute cycles: 5247
Stall cycles: 0
Overall utilization: 43.91%
Mapping efficiency: 100.00%
Average IFMAP SRAM BW: 7.026 words/cycle
Average Filter SRAM BW: 3.123 words/cycle
Average OFMAP SRAM BW: 7.026 words/cycle
Average IFMAP DRAM BW: 8.777 words/cycle
Average Filter DRAM BW: 8.929 words/cycle
Average OFMAP DRAM BW: 16.000 words/cycle

Running Layer 396
Total cycles: 741
Compute cycles: 331
Stall cycles: 0
Overall utilization: 11.18%
Mapping efficiency: 25.00%
Average IFMAP SRAM BW: 1.789 words/cycle
Average Filter SRAM BW: 0.773 words/cycle
Average OFMAP SRAM BW: 7.154 words/cycle
Average IFMAP DRAM BW: 0.563 words/cycle
Average Filter DRAM BW: 0.973 words/cycle
Average OFMAP DRAM BW: 16.000 words/cycle

Running Layer 397
Total cycles: 1221
Compute cycles: 663
Stall cycles: 0
Overall utilization: 11.16%
Mapping efficiency: 25.00%
Average IFMAP SRAM BW: 1.786 words/cycle
Average Filter SRAM BW: 0.772 words/cycle
Average OFMAP SRAM BW: 7.143 words/cycle
Average IFMAP DRAM BW: 0.563 words/cycle
Average Filter DRAM BW: 1.947 words/cycle
Average OFMAP DRAM BW: 16.000 words/cycle

Running Layer 398
Total cycles: 741
Compute cycles: 331
Stall cycles: 0
Overall utilization: 22.36%
Mapping efficiency: 50.00%
Average IFMAP SRAM BW: 3.577 words/cycle
Average Filter SRAM BW: 1.547 words/cycle
Average OFMAP SRAM BW: 7.154 words/cycle
Average IFMAP DRAM BW: 1.125 words/cycle
Average Filter DRAM BW: 1.947 words/cycle
Average OFMAP DRAM BW: 16.000 words/cycle

Running Layer 399
Total cycles: 1221
Compute cycles: 663
Stall cycles: 0
Overall utilization: 22.32%
Mapping efficiency: 50.00%
Average IFMAP SRAM BW: 3.572 words/cycle
Average Filter SRAM BW: 1.544 words/cycle
Average OFMAP SRAM BW: 7.143 words/cycle
Average IFMAP DRAM BW: 1.125 words/cycle
Average Filter DRAM BW: 3.894 words/cycle
Average OFMAP DRAM BW: 16.000 words/cycle

Running Layer 400
Total cycles: 741
Compute cycles: 331
Stall cycles: 0
Overall utilization: 44.71%
Mapping efficiency: 100.00%
Average IFMAP SRAM BW: 7.154 words/cycle
Average Filter SRAM BW: 3.094 words/cycle
Average OFMAP SRAM BW: 7.154 words/cycle
Average IFMAP DRAM BW: 2.251 words/cycle
Average Filter DRAM BW: 3.894 words/cycle
Average OFMAP DRAM BW: 16.000 words/cycle

Running Layer 401
Total cycles: 1221
Compute cycles: 663
Stall cycles: 0
Overall utilization: 44.65%
Mapping efficiency: 100.00%
Average IFMAP SRAM BW: 7.143 words/cycle
Average Filter SRAM BW: 3.089 words/cycle
Average OFMAP SRAM BW: 7.143 words/cycle
Average IFMAP DRAM BW: 2.251 words/cycle
Average Filter DRAM BW: 7.787 words/cycle
Average OFMAP DRAM BW: 16.000 words/cycle

Running Layer 402
Total cycles: 1221
Compute cycles: 663
Stall cycles: 0
Overall utilization: 44.65%
Mapping efficiency: 100.00%
Average IFMAP SRAM BW: 7.143 words/cycle
Average Filter SRAM BW: 3.089 words/cycle
Average OFMAP SRAM BW: 7.143 words/cycle
Average IFMAP DRAM BW: 4.502 words/cycle
Average Filter DRAM BW: 7.787 words/cycle
Average OFMAP DRAM BW: 16.000 words/cycle

Running Layer 403
Total cycles: 2443
Compute cycles: 1327
Stall cycles: 0
Overall utilization: 44.61%
Mapping efficiency: 100.00%
Average IFMAP SRAM BW: 7.138 words/cycle
Average Filter SRAM BW: 3.087 words/cycle
Average OFMAP SRAM BW: 7.138 words/cycle
Average IFMAP DRAM BW: 4.502 words/cycle
Average Filter DRAM BW: 7.802 words/cycle
Average OFMAP DRAM BW: 16.000 words/cycle

Running Layer 404
Total cycles: 2443
Compute cycles: 1327
Stall cycles: 0
Overall utilization: 44.61%
Mapping efficiency: 100.00%
Average IFMAP SRAM BW: 7.138 words/cycle
Average Filter SRAM BW: 3.087 words/cycle
Average OFMAP SRAM BW: 7.138 words/cycle
Average IFMAP DRAM BW: 9.004 words/cycle
Average Filter DRAM BW: 7.802 words/cycle
Average OFMAP DRAM BW: 16.000 words/cycle

Running Layer 405
Total cycles: 4887
Compute cycles: 2655
Stall cycles: 0
Overall utilization: 44.60%
Mapping efficiency: 100.00%
Average IFMAP SRAM BW: 7.135 words/cycle
Average Filter SRAM BW: 3.085 words/cycle
Average OFMAP SRAM BW: 7.135 words/cycle
Average IFMAP DRAM BW: 9.004 words/cycle
Average Filter DRAM BW: 7.809 words/cycle
Average OFMAP DRAM BW: 16.000 words/cycle

Running Layer 406
Total cycles: 9513
Compute cycles: 5311
Stall cycles: 0
Overall utilization: 44.59%
Mapping efficiency: 100.00%
Average IFMAP SRAM BW: 7.134 words/cycle
Average Filter SRAM BW: 3.085 words/cycle
Average OFMAP SRAM BW: 7.134 words/cycle
Average IFMAP DRAM BW: 9.021 words/cycle
Average Filter DRAM BW: 8.929 words/cycle
Average OFMAP DRAM BW: 16.000 words/cycle

Running Layer 407
Total cycles: 749
Compute cycles: 335
Stall cycles: 0
Overall utilization: 11.34%
Mapping efficiency: 25.00%
Average IFMAP SRAM BW: 1.815 words/cycle
Average Filter SRAM BW: 0.764 words/cycle
Average OFMAP SRAM BW: 7.260 words/cycle
Average IFMAP DRAM BW: 0.578 words/cycle
Average Filter DRAM BW: 0.973 words/cycle
Average OFMAP DRAM BW: 16.000 words/cycle

Running Layer 408
Total cycles: 1237
Compute cycles: 671
Stall cycles: 0
Overall utilization: 11.33%
Mapping efficiency: 25.00%
Average IFMAP SRAM BW: 1.812 words/cycle
Average Filter SRAM BW: 0.763 words/cycle
Average OFMAP SRAM BW: 7.249 words/cycle
Average IFMAP DRAM BW: 0.578 words/cycle
Average Filter DRAM BW: 1.947 words/cycle
Average OFMAP DRAM BW: 16.000 words/cycle

Running Layer 409
Total cycles: 749
Compute cycles: 335
Stall cycles: 0
Overall utilization: 22.69%
Mapping efficiency: 50.00%
Average IFMAP SRAM BW: 3.630 words/cycle
Average Filter SRAM BW: 1.528 words/cycle
Average OFMAP SRAM BW: 7.260 words/cycle
Average IFMAP DRAM BW: 1.156 words/cycle
Average Filter DRAM BW: 1.947 words/cycle
Average OFMAP DRAM BW: 16.000 words/cycle

Running Layer 410
Total cycles: 1237
Compute cycles: 671
Stall cycles: 0
Overall utilization: 22.65%
Mapping efficiency: 50.00%
Average IFMAP SRAM BW: 3.624 words/cycle
Average Filter SRAM BW: 1.526 words/cycle
Average OFMAP SRAM BW: 7.249 words/cycle
Average IFMAP DRAM BW: 1.156 words/cycle
Average Filter DRAM BW: 3.894 words/cycle
Average OFMAP DRAM BW: 16.000 words/cycle

Running Layer 411
Total cycles: 749
Compute cycles: 335
Stall cycles: 0
Overall utilization: 45.37%
Mapping efficiency: 100.00%
Average IFMAP SRAM BW: 7.260 words/cycle
Average Filter SRAM BW: 3.057 words/cycle
Average OFMAP SRAM BW: 7.260 words/cycle
Average IFMAP DRAM BW: 2.312 words/cycle
Average Filter DRAM BW: 3.894 words/cycle
Average OFMAP DRAM BW: 16.000 words/cycle

Running Layer 412
Total cycles: 1237
Compute cycles: 671
Stall cycles: 0
Overall utilization: 45.31%
Mapping efficiency: 100.00%
Average IFMAP SRAM BW: 7.249 words/cycle
Average Filter SRAM BW: 3.052 words/cycle
Average OFMAP SRAM BW: 7.249 words/cycle
Average IFMAP DRAM BW: 2.312 words/cycle
Average Filter DRAM BW: 7.787 words/cycle
Average OFMAP DRAM BW: 16.000 words/cycle

Running Layer 413
Total cycles: 1237
Compute cycles: 671
Stall cycles: 0
Overall utilization: 45.31%
Mapping efficiency: 100.00%
Average IFMAP SRAM BW: 7.249 words/cycle
Average Filter SRAM BW: 3.052 words/cycle
Average OFMAP SRAM BW: 7.249 words/cycle
Average IFMAP DRAM BW: 4.624 words/cycle
Average Filter DRAM BW: 7.787 words/cycle
Average OFMAP DRAM BW: 16.000 words/cycle

Running Layer 414
Total cycles: 2475
Compute cycles: 1343
Stall cycles: 0
Overall utilization: 45.27%
Mapping efficiency: 100.00%
Average IFMAP SRAM BW: 7.243 words/cycle
Average Filter SRAM BW: 3.050 words/cycle
Average OFMAP SRAM BW: 7.243 words/cycle
Average IFMAP DRAM BW: 4.624 words/cycle
Average Filter DRAM BW: 7.802 words/cycle
Average OFMAP DRAM BW: 16.000 words/cycle

Running Layer 415
Total cycles: 2475
Compute cycles: 1343
Stall cycles: 0
Overall utilization: 45.27%
Mapping efficiency: 100.00%
Average IFMAP SRAM BW: 7.243 words/cycle
Average Filter SRAM BW: 3.050 words/cycle
Average OFMAP SRAM BW: 7.243 words/cycle
Average IFMAP DRAM BW: 9.247 words/cycle
Average Filter DRAM BW: 7.802 words/cycle
Average OFMAP DRAM BW: 16.000 words/cycle

Running Layer 416
Total cycles: 4951
Compute cycles: 2687
Stall cycles: 0
Overall utilization: 45.25%
Mapping efficiency: 100.00%
Average IFMAP SRAM BW: 7.241 words/cycle
Average Filter SRAM BW: 3.049 words/cycle
Average OFMAP SRAM BW: 7.241 words/cycle
Average IFMAP DRAM BW: 9.247 words/cycle
Average Filter DRAM BW: 7.809 words/cycle
Average OFMAP DRAM BW: 16.000 words/cycle

Running Layer 417
Total cycles: 9641
Compute cycles: 5375
Stall cycles: 0
Overall utilization: 45.25%
Mapping efficiency: 100.00%
Average IFMAP SRAM BW: 7.239 words/cycle
Average Filter SRAM BW: 3.048 words/cycle
Average OFMAP SRAM BW: 7.239 words/cycle
Average IFMAP DRAM BW: 9.265 words/cycle
Average Filter DRAM BW: 8.929 words/cycle
Average OFMAP DRAM BW: 16.000 words/cycle

Running Layer 418
Total cycles: 757
Compute cycles: 339
Stall cycles: 0
Overall utilization: 11.50%
Mapping efficiency: 25.00%
Average IFMAP SRAM BW: 1.841 words/cycle
Average Filter SRAM BW: 0.755 words/cycle
Average OFMAP SRAM BW: 7.363 words/cycle
Average IFMAP DRAM BW: 0.593 words/cycle
Average Filter DRAM BW: 0.973 words/cycle
Average OFMAP DRAM BW: 16.000 words/cycle

Running Layer 419
Total cycles: 1253
Compute cycles: 679
Stall cycles: 0
Overall utilization: 11.49%
Mapping efficiency: 25.00%
Average IFMAP SRAM BW: 1.838 words/cycle
Average Filter SRAM BW: 0.754 words/cycle
Average OFMAP SRAM BW: 7.352 words/cycle
Average IFMAP DRAM BW: 0.593 words/cycle
Average Filter DRAM BW: 1.947 words/cycle
Average OFMAP DRAM BW: 16.000 words/cycle

Running Layer 420
Total cycles: 757
Compute cycles: 339
Stall cycles: 0
Overall utilization: 23.01%
Mapping efficiency: 50.00%
Average IFMAP SRAM BW: 3.681 words/cycle
Average Filter SRAM BW: 1.510 words/cycle
Average OFMAP SRAM BW: 7.363 words/cycle
Average IFMAP DRAM BW: 1.186 words/cycle
Average Filter DRAM BW: 1.947 words/cycle
Average OFMAP DRAM BW: 16.000 words/cycle

Running Layer 421
Total cycles: 1253
Compute cycles: 679
Stall cycles: 0
Overall utilization: 22.97%
Mapping efficiency: 50.00%
Average IFMAP SRAM BW: 3.676 words/cycle
Average Filter SRAM BW: 1.508 words/cycle
Average OFMAP SRAM BW: 7.352 words/cycle
Average IFMAP DRAM BW: 1.186 words/cycle
Average Filter DRAM BW: 3.894 words/cycle
Average OFMAP DRAM BW: 16.000 words/cycle

Running Layer 422
Total cycles: 757
Compute cycles: 339
Stall cycles: 0
Overall utilization: 46.02%
Mapping efficiency: 100.00%
Average IFMAP SRAM BW: 7.363 words/cycle
Average Filter SRAM BW: 3.021 words/cycle
Average OFMAP SRAM BW: 7.363 words/cycle
Average IFMAP DRAM BW: 2.373 words/cycle
Average Filter DRAM BW: 3.894 words/cycle
Average OFMAP DRAM BW: 16.000 words/cycle

Running Layer 423
Total cycles: 1253
Compute cycles: 679
Stall cycles: 0
Overall utilization: 45.95%
Mapping efficiency: 100.00%
Average IFMAP SRAM BW: 7.352 words/cycle
Average Filter SRAM BW: 3.016 words/cycle
Average OFMAP SRAM BW: 7.352 words/cycle
Average IFMAP DRAM BW: 2.373 words/cycle
Average Filter DRAM BW: 7.787 words/cycle
Average OFMAP DRAM BW: 16.000 words/cycle

Running Layer 424
Total cycles: 1253
Compute cycles: 679
Stall cycles: 0
Overall utilization: 45.95%
Mapping efficiency: 100.00%
Average IFMAP SRAM BW: 7.352 words/cycle
Average Filter SRAM BW: 3.016 words/cycle
Average OFMAP SRAM BW: 7.352 words/cycle
Average IFMAP DRAM BW: 4.745 words/cycle
Average Filter DRAM BW: 7.787 words/cycle
Average OFMAP DRAM BW: 16.000 words/cycle

Running Layer 425
Total cycles: 2507
Compute cycles: 1359
Stall cycles: 0
Overall utilization: 45.92%
Mapping efficiency: 100.00%
Average IFMAP SRAM BW: 7.347 words/cycle
Average Filter SRAM BW: 3.014 words/cycle
Average OFMAP SRAM BW: 7.347 words/cycle
Average IFMAP DRAM BW: 4.745 words/cycle
Average Filter DRAM BW: 7.802 words/cycle
Average OFMAP DRAM BW: 16.000 words/cycle

Running Layer 426
Total cycles: 2507
Compute cycles: 1359
Stall cycles: 0
Overall utilization: 45.92%
Mapping efficiency: 100.00%
Average IFMAP SRAM BW: 7.347 words/cycle
Average Filter SRAM BW: 3.014 words/cycle
Average OFMAP SRAM BW: 7.347 words/cycle
Average IFMAP DRAM BW: 9.490 words/cycle
Average Filter DRAM BW: 7.802 words/cycle
Average OFMAP DRAM BW: 16.000 words/cycle

Running Layer 427
Total cycles: 5015
Compute cycles: 2719
Stall cycles: 0
Overall utilization: 45.90%
Mapping efficiency: 100.00%
Average IFMAP SRAM BW: 7.344 words/cycle
Average Filter SRAM BW: 3.013 words/cycle
Average OFMAP SRAM BW: 7.344 words/cycle
Average IFMAP DRAM BW: 9.490 words/cycle
Average Filter DRAM BW: 7.809 words/cycle
Average OFMAP DRAM BW: 16.000 words/cycle

Running Layer 428
Total cycles: 9769
Compute cycles: 5439
Stall cycles: 0
Overall utilization: 45.89%
Mapping efficiency: 100.00%
Average IFMAP SRAM BW: 7.343 words/cycle
Average Filter SRAM BW: 3.012 words/cycle
Average OFMAP SRAM BW: 7.343 words/cycle
Average IFMAP DRAM BW: 9.509 words/cycle
Average Filter DRAM BW: 8.929 words/cycle
Average OFMAP DRAM BW: 16.000 words/cycle

Running Layer 429
Total cycles: 765
Compute cycles: 343
Stall cycles: 0
Overall utilization: 11.66%
Mapping efficiency: 25.00%
Average IFMAP SRAM BW: 1.866 words/cycle
Average Filter SRAM BW: 0.746 words/cycle
Average OFMAP SRAM BW: 7.464 words/cycle
Average IFMAP DRAM BW: 0.608 words/cycle
Average Filter DRAM BW: 0.973 words/cycle
Average OFMAP DRAM BW: 16.000 words/cycle

Running Layer 430
Total cycles: 1269
Compute cycles: 687
Stall cycles: 0
Overall utilization: 11.64%
Mapping efficiency: 25.00%
Average IFMAP SRAM BW: 1.863 words/cycle
Average Filter SRAM BW: 0.745 words/cycle
Average OFMAP SRAM BW: 7.453 words/cycle
Average IFMAP DRAM BW: 0.608 words/cycle
Average Filter DRAM BW: 1.947 words/cycle
Average OFMAP DRAM BW: 16.000 words/cycle

Running Layer 431
Total cycles: 765
Compute cycles: 343
Stall cycles: 0
Overall utilization: 23.32%
Mapping efficiency: 50.00%
Average IFMAP SRAM BW: 3.732 words/cycle
Average Filter SRAM BW: 1.493 words/cycle
Average OFMAP SRAM BW: 7.464 words/cycle
Average IFMAP DRAM BW: 1.217 words/cycle
Average Filter DRAM BW: 1.947 words/cycle
Average OFMAP DRAM BW: 16.000 words/cycle

Running Layer 432
Total cycles: 1269
Compute cycles: 687
Stall cycles: 0
Overall utilization: 23.29%
Mapping efficiency: 50.00%
Average IFMAP SRAM BW: 3.726 words/cycle
Average Filter SRAM BW: 1.491 words/cycle
Average OFMAP SRAM BW: 7.453 words/cycle
Average IFMAP DRAM BW: 1.217 words/cycle
Average Filter DRAM BW: 3.894 words/cycle
Average OFMAP DRAM BW: 16.000 words/cycle

Running Layer 433
Total cycles: 765
Compute cycles: 343
Stall cycles: 0
Overall utilization: 46.65%
Mapping efficiency: 100.00%
Average IFMAP SRAM BW: 7.464 words/cycle
Average Filter SRAM BW: 2.985 words/cycle
Average OFMAP SRAM BW: 7.464 words/cycle
Average IFMAP DRAM BW: 2.433 words/cycle
Average Filter DRAM BW: 3.894 words/cycle
Average OFMAP DRAM BW: 16.000 words/cycle

Running Layer 434
Total cycles: 1269
Compute cycles: 687
Stall cycles: 0
Overall utilization: 46.58%
Mapping efficiency: 100.00%
Average IFMAP SRAM BW: 7.453 words/cycle
Average Filter SRAM BW: 2.981 words/cycle
Average OFMAP SRAM BW: 7.453 words/cycle
Average IFMAP DRAM BW: 2.433 words/cycle
Average Filter DRAM BW: 7.787 words/cycle
Average OFMAP DRAM BW: 16.000 words/cycle

Running Layer 435
Total cycles: 1269
Compute cycles: 687
Stall cycles: 0
Overall utilization: 46.58%
Mapping efficiency: 100.00%
Average IFMAP SRAM BW: 7.453 words/cycle
Average Filter SRAM BW: 2.981 words/cycle
Average OFMAP SRAM BW: 7.453 words/cycle
Average IFMAP DRAM BW: 4.867 words/cycle
Average Filter DRAM BW: 7.787 words/cycle
Average OFMAP DRAM BW: 16.000 words/cycle

Running Layer 436
Total cycles: 2539
Compute cycles: 1375
Stall cycles: 0
Overall utilization: 46.55%
Mapping efficiency: 100.00%
Average IFMAP SRAM BW: 7.447 words/cycle
Average Filter SRAM BW: 2.979 words/cycle
Average OFMAP SRAM BW: 7.447 words/cycle
Average IFMAP DRAM BW: 4.867 words/cycle
Average Filter DRAM BW: 7.802 words/cycle
Average OFMAP DRAM BW: 16.000 words/cycle

Running Layer 437
Total cycles: 2539
Compute cycles: 1375
Stall cycles: 0
Overall utilization: 46.55%
Mapping efficiency: 100.00%
Average IFMAP SRAM BW: 7.447 words/cycle
Average Filter SRAM BW: 2.979 words/cycle
Average OFMAP SRAM BW: 7.447 words/cycle
Average IFMAP DRAM BW: 9.734 words/cycle
Average Filter DRAM BW: 7.802 words/cycle
Average OFMAP DRAM BW: 16.000 words/cycle

Running Layer 438
Total cycles: 5079
Compute cycles: 2751
Stall cycles: 0
Overall utilization: 46.53%
Mapping efficiency: 100.00%
Average IFMAP SRAM BW: 7.445 words/cycle
Average Filter SRAM BW: 2.978 words/cycle
Average OFMAP SRAM BW: 7.445 words/cycle
Average IFMAP DRAM BW: 9.734 words/cycle
Average Filter DRAM BW: 7.809 words/cycle
Average OFMAP DRAM BW: 16.000 words/cycle

Running Layer 439
Total cycles: 9897
Compute cycles: 5503
Stall cycles: 0
Overall utilization: 46.52%
Mapping efficiency: 100.00%
Average IFMAP SRAM BW: 7.443 words/cycle
Average Filter SRAM BW: 2.977 words/cycle
Average OFMAP SRAM BW: 7.443 words/cycle
Average IFMAP DRAM BW: 9.752 words/cycle
Average Filter DRAM BW: 8.929 words/cycle
Average OFMAP DRAM BW: 16.000 words/cycle

Running Layer 440
Total cycles: 773
Compute cycles: 347
Stall cycles: 0
Overall utilization: 11.82%
Mapping efficiency: 25.00%
Average IFMAP SRAM BW: 1.890 words/cycle
Average Filter SRAM BW: 0.738 words/cycle
Average OFMAP SRAM BW: 7.562 words/cycle
Average IFMAP DRAM BW: 0.624 words/cycle
Average Filter DRAM BW: 0.973 words/cycle
Average OFMAP DRAM BW: 16.000 words/cycle

Running Layer 441
Total cycles: 1285
Compute cycles: 695
Stall cycles: 0
Overall utilization: 11.80%
Mapping efficiency: 25.00%
Average IFMAP SRAM BW: 1.888 words/cycle
Average Filter SRAM BW: 0.737 words/cycle
Average OFMAP SRAM BW: 7.551 words/cycle
Average IFMAP DRAM BW: 0.624 words/cycle
Average Filter DRAM BW: 1.947 words/cycle
Average OFMAP DRAM BW: 16.000 words/cycle

Running Layer 442
Total cycles: 773
Compute cycles: 347
Stall cycles: 0
Overall utilization: 23.63%
Mapping efficiency: 50.00%
Average IFMAP SRAM BW: 3.781 words/cycle
Average Filter SRAM BW: 1.476 words/cycle
Average OFMAP SRAM BW: 7.562 words/cycle
Average IFMAP DRAM BW: 1.247 words/cycle
Average Filter DRAM BW: 1.947 words/cycle
Average OFMAP DRAM BW: 16.000 words/cycle

Running Layer 443
Total cycles: 1285
Compute cycles: 695
Stall cycles: 0
Overall utilization: 23.60%
Mapping efficiency: 50.00%
Average IFMAP SRAM BW: 3.776 words/cycle
Average Filter SRAM BW: 1.473 words/cycle
Average OFMAP SRAM BW: 7.551 words/cycle
Average IFMAP DRAM BW: 1.247 words/cycle
Average Filter DRAM BW: 3.894 words/cycle
Average OFMAP DRAM BW: 16.000 words/cycle

Running Layer 444
Total cycles: 773
Compute cycles: 347
Stall cycles: 0
Overall utilization: 47.26%
Mapping efficiency: 100.00%
Average IFMAP SRAM BW: 7.562 words/cycle
Average Filter SRAM BW: 2.951 words/cycle
Average OFMAP SRAM BW: 7.562 words/cycle
Average IFMAP DRAM BW: 2.494 words/cycle
Average Filter DRAM BW: 3.894 words/cycle
Average OFMAP DRAM BW: 16.000 words/cycle

Running Layer 445
Total cycles: 1285
Compute cycles: 695
Stall cycles: 0
Overall utilization: 47.19%
Mapping efficiency: 100.00%
Average IFMAP SRAM BW: 7.551 words/cycle
Average Filter SRAM BW: 2.947 words/cycle
Average OFMAP SRAM BW: 7.551 words/cycle
Average IFMAP DRAM BW: 2.494 words/cycle
Average Filter DRAM BW: 7.787 words/cycle
Average OFMAP DRAM BW: 16.000 words/cycle

Running Layer 446
Total cycles: 1285
Compute cycles: 695
Stall cycles: 0
Overall utilization: 47.19%
Mapping efficiency: 100.00%
Average IFMAP SRAM BW: 7.551 words/cycle
Average Filter SRAM BW: 2.947 words/cycle
Average OFMAP SRAM BW: 7.551 words/cycle
Average IFMAP DRAM BW: 4.989 words/cycle
Average Filter DRAM BW: 7.787 words/cycle
Average OFMAP DRAM BW: 16.000 words/cycle

Running Layer 447
Total cycles: 2571
Compute cycles: 1391
Stall cycles: 0
Overall utilization: 47.16%
Mapping efficiency: 100.00%
Average IFMAP SRAM BW: 7.546 words/cycle
Average Filter SRAM BW: 2.945 words/cycle
Average OFMAP SRAM BW: 7.546 words/cycle
Average IFMAP DRAM BW: 4.989 words/cycle
Average Filter DRAM BW: 7.802 words/cycle
Average OFMAP DRAM BW: 16.000 words/cycle

Running Layer 448
Total cycles: 2571
Compute cycles: 1391
Stall cycles: 0
Overall utilization: 47.16%
Mapping efficiency: 100.00%
Average IFMAP SRAM BW: 7.546 words/cycle
Average Filter SRAM BW: 2.945 words/cycle
Average OFMAP SRAM BW: 7.546 words/cycle
Average IFMAP DRAM BW: 4.998 words/cycle
Average Filter DRAM BW: 7.802 words/cycle
Average OFMAP DRAM BW: 16.000 words/cycle

Running Layer 449
Total cycles: 5143
Compute cycles: 2783
Stall cycles: 0
Overall utilization: 47.14%
Mapping efficiency: 100.00%
Average IFMAP SRAM BW: 7.543 words/cycle
Average Filter SRAM BW: 2.944 words/cycle
Average OFMAP SRAM BW: 7.543 words/cycle
Average IFMAP DRAM BW: 4.998 words/cycle
Average Filter DRAM BW: 7.809 words/cycle
Average OFMAP DRAM BW: 16.000 words/cycle

Running Layer 450
Total cycles: 10025
Compute cycles: 5567
Stall cycles: 0
Overall utilization: 47.13%
Mapping efficiency: 100.00%
Average IFMAP SRAM BW: 7.542 words/cycle
Average Filter SRAM BW: 2.943 words/cycle
Average OFMAP SRAM BW: 7.542 words/cycle
Average IFMAP DRAM BW: 6.668 words/cycle
Average Filter DRAM BW: 8.929 words/cycle
Average OFMAP DRAM BW: 16.000 words/cycle

Running Layer 451
Total cycles: 781
Compute cycles: 351
Stall cycles: 0
Overall utilization: 11.97%
Mapping efficiency: 25.00%
Average IFMAP SRAM BW: 1.915 words/cycle
Average Filter SRAM BW: 0.729 words/cycle
Average OFMAP SRAM BW: 7.658 words/cycle
Average IFMAP DRAM BW: 0.639 words/cycle
Average Filter DRAM BW: 0.973 words/cycle
Average OFMAP DRAM BW: 16.000 words/cycle

Running Layer 452
Total cycles: 1301
Compute cycles: 703
Stall cycles: 0
Overall utilization: 11.95%
Mapping efficiency: 25.00%
Average IFMAP SRAM BW: 1.912 words/cycle
Average Filter SRAM BW: 0.728 words/cycle
Average OFMAP SRAM BW: 7.647 words/cycle
Average IFMAP DRAM BW: 0.639 words/cycle
Average Filter DRAM BW: 1.947 words/cycle
Average OFMAP DRAM BW: 16.000 words/cycle

Running Layer 453
Total cycles: 781
Compute cycles: 351
Stall cycles: 0
Overall utilization: 23.93%
Mapping efficiency: 50.00%
Average IFMAP SRAM BW: 3.829 words/cycle
Average Filter SRAM BW: 1.459 words/cycle
Average OFMAP SRAM BW: 7.658 words/cycle
Average IFMAP DRAM BW: 1.278 words/cycle
Average Filter DRAM BW: 1.947 words/cycle
Average OFMAP DRAM BW: 16.000 words/cycle

Running Layer 454
Total cycles: 1301
Compute cycles: 703
Stall cycles: 0
Overall utilization: 23.90%
Mapping efficiency: 50.00%
Average IFMAP SRAM BW: 3.824 words/cycle
Average Filter SRAM BW: 1.457 words/cycle
Average OFMAP SRAM BW: 7.647 words/cycle
Average IFMAP DRAM BW: 1.278 words/cycle
Average Filter DRAM BW: 3.894 words/cycle
Average OFMAP DRAM BW: 16.000 words/cycle

Running Layer 455
Total cycles: 781
Compute cycles: 351
Stall cycles: 0
Overall utilization: 47.86%
Mapping efficiency: 100.00%
Average IFMAP SRAM BW: 7.658 words/cycle
Average Filter SRAM BW: 2.917 words/cycle
Average OFMAP SRAM BW: 7.658 words/cycle
Average IFMAP DRAM BW: 2.555 words/cycle
Average Filter DRAM BW: 3.894 words/cycle
Average OFMAP DRAM BW: 16.000 words/cycle

Running Layer 456
Total cycles: 1301
Compute cycles: 703
Stall cycles: 0
Overall utilization: 47.80%
Mapping efficiency: 100.00%
Average IFMAP SRAM BW: 7.647 words/cycle
Average Filter SRAM BW: 2.913 words/cycle
Average OFMAP SRAM BW: 7.647 words/cycle
Average IFMAP DRAM BW: 2.555 words/cycle
Average Filter DRAM BW: 7.787 words/cycle
Average OFMAP DRAM BW: 16.000 words/cycle

Running Layer 457
Total cycles: 1301
Compute cycles: 703
Stall cycles: 0
Overall utilization: 47.80%
Mapping efficiency: 100.00%
Average IFMAP SRAM BW: 7.647 words/cycle
Average Filter SRAM BW: 2.913 words/cycle
Average OFMAP SRAM BW: 7.647 words/cycle
Average IFMAP DRAM BW: 5.110 words/cycle
Average Filter DRAM BW: 7.787 words/cycle
Average OFMAP DRAM BW: 16.000 words/cycle

Running Layer 458
Total cycles: 2603
Compute cycles: 1407
Stall cycles: 0
Overall utilization: 47.76%
Mapping efficiency: 100.00%
Average IFMAP SRAM BW: 7.642 words/cycle
Average Filter SRAM BW: 2.911 words/cycle
Average OFMAP SRAM BW: 7.642 words/cycle
Average IFMAP DRAM BW: 5.110 words/cycle
Average Filter DRAM BW: 7.802 words/cycle
Average OFMAP DRAM BW: 16.000 words/cycle

Running Layer 459
Total cycles: 2603
Compute cycles: 1407
Stall cycles: 0
Overall utilization: 47.76%
Mapping efficiency: 100.00%
Average IFMAP SRAM BW: 7.642 words/cycle
Average Filter SRAM BW: 2.911 words/cycle
Average OFMAP SRAM BW: 7.642 words/cycle
Average IFMAP DRAM BW: 5.120 words/cycle
Average Filter DRAM BW: 7.802 words/cycle
Average OFMAP DRAM BW: 16.000 words/cycle

Running Layer 460
Total cycles: 5207
Compute cycles: 2815
Stall cycles: 0
Overall utilization: 47.74%
Mapping efficiency: 100.00%
Average IFMAP SRAM BW: 7.639 words/cycle
Average Filter SRAM BW: 2.910 words/cycle
Average OFMAP SRAM BW: 7.639 words/cycle
Average IFMAP DRAM BW: 5.120 words/cycle
Average Filter DRAM BW: 7.809 words/cycle
Average OFMAP DRAM BW: 16.000 words/cycle

Running Layer 461
Total cycles: 10153
Compute cycles: 5631
Stall cycles: 0
Overall utilization: 47.74%
Mapping efficiency: 100.00%
Average IFMAP SRAM BW: 7.638 words/cycle
Average Filter SRAM BW: 2.910 words/cycle
Average OFMAP SRAM BW: 7.638 words/cycle
Average IFMAP DRAM BW: 6.831 words/cycle
Average Filter DRAM BW: 8.929 words/cycle
Average OFMAP DRAM BW: 16.000 words/cycle

Running Layer 462
Total cycles: 789
Compute cycles: 355
Stall cycles: 0
Overall utilization: 12.11%
Mapping efficiency: 25.00%
Average IFMAP SRAM BW: 1.938 words/cycle
Average Filter SRAM BW: 0.721 words/cycle
Average OFMAP SRAM BW: 7.752 words/cycle
Average IFMAP DRAM BW: 0.654 words/cycle
Average Filter DRAM BW: 0.973 words/cycle
Average OFMAP DRAM BW: 16.000 words/cycle

Running Layer 463
Total cycles: 1317
Compute cycles: 711
Stall cycles: 0
Overall utilization: 12.10%
Mapping efficiency: 25.00%
Average IFMAP SRAM BW: 1.935 words/cycle
Average Filter SRAM BW: 0.720 words/cycle
Average OFMAP SRAM BW: 7.741 words/cycle
Average IFMAP DRAM BW: 0.654 words/cycle
Average Filter DRAM BW: 1.947 words/cycle
Average OFMAP DRAM BW: 16.000 words/cycle

Running Layer 464
Total cycles: 789
Compute cycles: 355
Stall cycles: 0
Overall utilization: 24.23%
Mapping efficiency: 50.00%
Average IFMAP SRAM BW: 3.876 words/cycle
Average Filter SRAM BW: 1.442 words/cycle
Average OFMAP SRAM BW: 7.752 words/cycle
Average IFMAP DRAM BW: 1.308 words/cycle
Average Filter DRAM BW: 1.947 words/cycle
Average OFMAP DRAM BW: 16.000 words/cycle

Running Layer 465
Total cycles: 1317
Compute cycles: 711
Stall cycles: 0
Overall utilization: 24.19%
Mapping efficiency: 50.00%
Average IFMAP SRAM BW: 3.871 words/cycle
Average Filter SRAM BW: 1.440 words/cycle
Average OFMAP SRAM BW: 7.741 words/cycle
Average IFMAP DRAM BW: 1.308 words/cycle
Average Filter DRAM BW: 3.894 words/cycle
Average OFMAP DRAM BW: 16.000 words/cycle

Running Layer 466
Total cycles: 789
Compute cycles: 355
Stall cycles: 0
Overall utilization: 48.45%
Mapping efficiency: 100.00%
Average IFMAP SRAM BW: 7.752 words/cycle
Average Filter SRAM BW: 2.885 words/cycle
Average OFMAP SRAM BW: 7.752 words/cycle
Average IFMAP DRAM BW: 2.616 words/cycle
Average Filter DRAM BW: 3.894 words/cycle
Average OFMAP DRAM BW: 16.000 words/cycle

Running Layer 467
Total cycles: 1317
Compute cycles: 711
Stall cycles: 0
Overall utilization: 48.38%
Mapping efficiency: 100.00%
Average IFMAP SRAM BW: 7.741 words/cycle
Average Filter SRAM BW: 2.880 words/cycle
Average OFMAP SRAM BW: 7.741 words/cycle
Average IFMAP DRAM BW: 2.616 words/cycle
Average Filter DRAM BW: 7.787 words/cycle
Average OFMAP DRAM BW: 16.000 words/cycle

Running Layer 468
Total cycles: 1317
Compute cycles: 711
Stall cycles: 0
Overall utilization: 48.38%
Mapping efficiency: 100.00%
Average IFMAP SRAM BW: 7.741 words/cycle
Average Filter SRAM BW: 2.880 words/cycle
Average OFMAP SRAM BW: 7.741 words/cycle
Average IFMAP DRAM BW: 5.232 words/cycle
Average Filter DRAM BW: 7.787 words/cycle
Average OFMAP DRAM BW: 16.000 words/cycle

Running Layer 469
Total cycles: 2635
Compute cycles: 1423
Stall cycles: 0
Overall utilization: 48.35%
Mapping efficiency: 100.00%
Average IFMAP SRAM BW: 7.736 words/cycle
Average Filter SRAM BW: 2.878 words/cycle
Average OFMAP SRAM BW: 7.736 words/cycle
Average IFMAP DRAM BW: 5.232 words/cycle
Average Filter DRAM BW: 7.802 words/cycle
Average OFMAP DRAM BW: 16.000 words/cycle

Running Layer 470
Total cycles: 2635
Compute cycles: 1423
Stall cycles: 0
Overall utilization: 48.35%
Mapping efficiency: 100.00%
Average IFMAP SRAM BW: 7.736 words/cycle
Average Filter SRAM BW: 2.878 words/cycle
Average OFMAP SRAM BW: 7.736 words/cycle
Average IFMAP DRAM BW: 5.242 words/cycle
Average Filter DRAM BW: 7.802 words/cycle
Average OFMAP DRAM BW: 16.000 words/cycle

Running Layer 471
Total cycles: 5271
Compute cycles: 2847
Stall cycles: 0
Overall utilization: 48.33%
Mapping efficiency: 100.00%
Average IFMAP SRAM BW: 7.733 words/cycle
Average Filter SRAM BW: 2.877 words/cycle
Average OFMAP SRAM BW: 7.733 words/cycle
Average IFMAP DRAM BW: 5.242 words/cycle
Average Filter DRAM BW: 7.809 words/cycle
Average OFMAP DRAM BW: 16.000 words/cycle

Running Layer 472
Total cycles: 10281
Compute cycles: 5695
Stall cycles: 0
Overall utilization: 48.32%
Mapping efficiency: 100.00%
Average IFMAP SRAM BW: 7.732 words/cycle
Average Filter SRAM BW: 2.877 words/cycle
Average OFMAP SRAM BW: 7.732 words/cycle
Average IFMAP DRAM BW: 6.994 words/cycle
Average Filter DRAM BW: 8.929 words/cycle
Average OFMAP DRAM BW: 16.000 words/cycle

Running Layer 473
Total cycles: 797
Compute cycles: 359
Stall cycles: 0
Overall utilization: 12.26%
Mapping efficiency: 25.00%
Average IFMAP SRAM BW: 1.961 words/cycle
Average Filter SRAM BW: 0.713 words/cycle
Average OFMAP SRAM BW: 7.844 words/cycle
Average IFMAP DRAM BW: 0.669 words/cycle
Average Filter DRAM BW: 0.973 words/cycle
Average OFMAP DRAM BW: 16.000 words/cycle

Running Layer 474
Total cycles: 1333
Compute cycles: 719
Stall cycles: 0
Overall utilization: 12.24%
Mapping efficiency: 25.00%
Average IFMAP SRAM BW: 1.958 words/cycle
Average Filter SRAM BW: 0.712 words/cycle
Average OFMAP SRAM BW: 7.833 words/cycle
Average IFMAP DRAM BW: 0.669 words/cycle
Average Filter DRAM BW: 1.947 words/cycle
Average OFMAP DRAM BW: 16.000 words/cycle

Running Layer 475
Total cycles: 797
Compute cycles: 359
Stall cycles: 0
Overall utilization: 24.51%
Mapping efficiency: 50.00%
Average IFMAP SRAM BW: 3.922 words/cycle
Average Filter SRAM BW: 1.426 words/cycle
Average OFMAP SRAM BW: 7.844 words/cycle
Average IFMAP DRAM BW: 1.338 words/cycle
Average Filter DRAM BW: 1.947 words/cycle
Average OFMAP DRAM BW: 16.000 words/cycle

Running Layer 476
Total cycles: 1333
Compute cycles: 719
Stall cycles: 0
Overall utilization: 24.48%
Mapping efficiency: 50.00%
Average IFMAP SRAM BW: 3.917 words/cycle
Average Filter SRAM BW: 1.424 words/cycle
Average OFMAP SRAM BW: 7.833 words/cycle
Average IFMAP DRAM BW: 1.338 words/cycle
Average Filter DRAM BW: 3.894 words/cycle
Average OFMAP DRAM BW: 16.000 words/cycle

Running Layer 477
Total cycles: 797
Compute cycles: 359
Stall cycles: 0
Overall utilization: 49.03%
Mapping efficiency: 100.00%
Average IFMAP SRAM BW: 7.844 words/cycle
Average Filter SRAM BW: 2.852 words/cycle
Average OFMAP SRAM BW: 7.844 words/cycle
Average IFMAP DRAM BW: 2.677 words/cycle
Average Filter DRAM BW: 3.894 words/cycle
Average OFMAP DRAM BW: 16.000 words/cycle

Running Layer 478
Total cycles: 1333
Compute cycles: 719
Stall cycles: 0
Overall utilization: 48.96%
Mapping efficiency: 100.00%
Average IFMAP SRAM BW: 7.833 words/cycle
Average Filter SRAM BW: 2.848 words/cycle
Average OFMAP SRAM BW: 7.833 words/cycle
Average IFMAP DRAM BW: 2.677 words/cycle
Average Filter DRAM BW: 7.787 words/cycle
Average OFMAP DRAM BW: 16.000 words/cycle

Running Layer 479
Total cycles: 1333
Compute cycles: 719
Stall cycles: 0
Overall utilization: 48.96%
Mapping efficiency: 100.00%
Average IFMAP SRAM BW: 7.833 words/cycle
Average Filter SRAM BW: 2.848 words/cycle
Average OFMAP SRAM BW: 7.833 words/cycle
Average IFMAP DRAM BW: 5.354 words/cycle
Average Filter DRAM BW: 7.787 words/cycle
Average OFMAP DRAM BW: 16.000 words/cycle

Running Layer 480
Total cycles: 2667
Compute cycles: 1439
Stall cycles: 0
Overall utilization: 48.92%
Mapping efficiency: 100.00%
Average IFMAP SRAM BW: 7.828 words/cycle
Average Filter SRAM BW: 2.846 words/cycle
Average OFMAP SRAM BW: 7.828 words/cycle
Average IFMAP DRAM BW: 5.354 words/cycle
Average Filter DRAM BW: 7.802 words/cycle
Average OFMAP DRAM BW: 16.000 words/cycle

Running Layer 481
Total cycles: 2667
Compute cycles: 1439
Stall cycles: 0
Overall utilization: 48.92%
Mapping efficiency: 100.00%
Average IFMAP SRAM BW: 7.828 words/cycle
Average Filter SRAM BW: 2.846 words/cycle
Average OFMAP SRAM BW: 7.828 words/cycle
Average IFMAP DRAM BW: 5.364 words/cycle
Average Filter DRAM BW: 7.802 words/cycle
Average OFMAP DRAM BW: 16.000 words/cycle

Running Layer 482
Total cycles: 5335
Compute cycles: 2879
Stall cycles: 0
Overall utilization: 48.91%
Mapping efficiency: 100.00%
Average IFMAP SRAM BW: 7.825 words/cycle
Average Filter SRAM BW: 2.845 words/cycle
Average OFMAP SRAM BW: 7.825 words/cycle
Average IFMAP DRAM BW: 5.364 words/cycle
Average Filter DRAM BW: 7.809 words/cycle
Average OFMAP DRAM BW: 16.000 words/cycle

Running Layer 483
Total cycles: 10409
Compute cycles: 5759
Stall cycles: 0
Overall utilization: 48.90%
Mapping efficiency: 100.00%
Average IFMAP SRAM BW: 7.824 words/cycle
Average Filter SRAM BW: 2.845 words/cycle
Average OFMAP SRAM BW: 7.824 words/cycle
Average IFMAP DRAM BW: 7.156 words/cycle
Average Filter DRAM BW: 8.929 words/cycle
Average OFMAP DRAM BW: 16.000 words/cycle

Running Layer 484
Total cycles: 805
Compute cycles: 363
Stall cycles: 0
Overall utilization: 12.40%
Mapping efficiency: 25.00%
Average IFMAP SRAM BW: 1.983 words/cycle
Average Filter SRAM BW: 0.705 words/cycle
Average OFMAP SRAM BW: 7.934 words/cycle
Average IFMAP DRAM BW: 0.684 words/cycle
Average Filter DRAM BW: 0.973 words/cycle
Average OFMAP DRAM BW: 16.000 words/cycle

Running Layer 485
Total cycles: 1349
Compute cycles: 727
Stall cycles: 0
Overall utilization: 12.38%
Mapping efficiency: 25.00%
Average IFMAP SRAM BW: 1.981 words/cycle
Average Filter SRAM BW: 0.704 words/cycle
Average OFMAP SRAM BW: 7.923 words/cycle
Average IFMAP DRAM BW: 0.684 words/cycle
Average Filter DRAM BW: 1.947 words/cycle
Average OFMAP DRAM BW: 16.000 words/cycle

Running Layer 486
Total cycles: 805
Compute cycles: 363
Stall cycles: 0
Overall utilization: 24.79%
Mapping efficiency: 50.00%
Average IFMAP SRAM BW: 3.967 words/cycle
Average Filter SRAM BW: 1.410 words/cycle
Average OFMAP SRAM BW: 7.934 words/cycle
Average IFMAP DRAM BW: 1.369 words/cycle
Average Filter DRAM BW: 1.947 words/cycle
Average OFMAP DRAM BW: 16.000 words/cycle

Running Layer 487
Total cycles: 1349
Compute cycles: 727
Stall cycles: 0
Overall utilization: 24.76%
Mapping efficiency: 50.00%
Average IFMAP SRAM BW: 3.961 words/cycle
Average Filter SRAM BW: 1.409 words/cycle
Average OFMAP SRAM BW: 7.923 words/cycle
Average IFMAP DRAM BW: 1.369 words/cycle
Average Filter DRAM BW: 3.894 words/cycle
Average OFMAP DRAM BW: 16.000 words/cycle

Running Layer 488
Total cycles: 805
Compute cycles: 363
Stall cycles: 0
Overall utilization: 49.59%
Mapping efficiency: 100.00%
Average IFMAP SRAM BW: 7.934 words/cycle
Average Filter SRAM BW: 2.821 words/cycle
Average OFMAP SRAM BW: 7.934 words/cycle
Average IFMAP DRAM BW: 2.738 words/cycle
Average Filter DRAM BW: 3.894 words/cycle
Average OFMAP DRAM BW: 16.000 words/cycle

Running Layer 489
Total cycles: 1349
Compute cycles: 727
Stall cycles: 0
Overall utilization: 49.52%
Mapping efficiency: 100.00%
Average IFMAP SRAM BW: 7.923 words/cycle
Average Filter SRAM BW: 2.817 words/cycle
Average OFMAP SRAM BW: 7.923 words/cycle
Average IFMAP DRAM BW: 2.738 words/cycle
Average Filter DRAM BW: 7.787 words/cycle
Average OFMAP DRAM BW: 16.000 words/cycle

Running Layer 490
Total cycles: 1349
Compute cycles: 727
Stall cycles: 0
Overall utilization: 49.52%
Mapping efficiency: 100.00%
Average IFMAP SRAM BW: 7.923 words/cycle
Average Filter SRAM BW: 2.817 words/cycle
Average OFMAP SRAM BW: 7.923 words/cycle
Average IFMAP DRAM BW: 5.475 words/cycle
Average Filter DRAM BW: 7.787 words/cycle
Average OFMAP DRAM BW: 16.000 words/cycle

Running Layer 491
Total cycles: 2699
Compute cycles: 1455
Stall cycles: 0
Overall utilization: 49.48%
Mapping efficiency: 100.00%
Average IFMAP SRAM BW: 7.918 words/cycle
Average Filter SRAM BW: 2.815 words/cycle
Average OFMAP SRAM BW: 7.918 words/cycle
Average IFMAP DRAM BW: 5.475 words/cycle
Average Filter DRAM BW: 7.802 words/cycle
Average OFMAP DRAM BW: 16.000 words/cycle

Running Layer 492
Total cycles: 2699
Compute cycles: 1455
Stall cycles: 0
Overall utilization: 49.48%
Mapping efficiency: 100.00%
Average IFMAP SRAM BW: 7.918 words/cycle
Average Filter SRAM BW: 2.815 words/cycle
Average OFMAP SRAM BW: 7.918 words/cycle
Average IFMAP DRAM BW: 5.486 words/cycle
Average Filter DRAM BW: 7.802 words/cycle
Average OFMAP DRAM BW: 16.000 words/cycle

Running Layer 493
Total cycles: 5399
Compute cycles: 2911
Stall cycles: 0
Overall utilization: 49.47%
Mapping efficiency: 100.00%
Average IFMAP SRAM BW: 7.915 words/cycle
Average Filter SRAM BW: 2.814 words/cycle
Average OFMAP SRAM BW: 7.915 words/cycle
Average IFMAP DRAM BW: 5.486 words/cycle
Average Filter DRAM BW: 7.809 words/cycle
Average OFMAP DRAM BW: 16.000 words/cycle

Running Layer 494
Total cycles: 10537
Compute cycles: 5823
Stall cycles: 0
Overall utilization: 49.46%
Mapping efficiency: 100.00%
Average IFMAP SRAM BW: 7.913 words/cycle
Average Filter SRAM BW: 2.814 words/cycle
Average OFMAP SRAM BW: 7.913 words/cycle
Average IFMAP DRAM BW: 7.319 words/cycle
Average Filter DRAM BW: 8.929 words/cycle
Average OFMAP DRAM BW: 16.000 words/cycle

Running Layer 495
Total cycles: 813
Compute cycles: 367
Stall cycles: 0
Overall utilization: 12.53%
Mapping efficiency: 25.00%
Average IFMAP SRAM BW: 2.005 words/cycle
Average Filter SRAM BW: 0.698 words/cycle
Average OFMAP SRAM BW: 8.022 words/cycle
Average IFMAP DRAM BW: 0.700 words/cycle
Average Filter DRAM BW: 0.973 words/cycle
Average OFMAP DRAM BW: 16.000 words/cycle

Running Layer 496
Total cycles: 1365
Compute cycles: 735
Stall cycles: 0
Overall utilization: 12.52%
Mapping efficiency: 25.00%
Average IFMAP SRAM BW: 2.003 words/cycle
Average Filter SRAM BW: 0.697 words/cycle
Average OFMAP SRAM BW: 8.011 words/cycle
Average IFMAP DRAM BW: 0.700 words/cycle
Average Filter DRAM BW: 1.947 words/cycle
Average OFMAP DRAM BW: 16.000 words/cycle

Running Layer 497
Total cycles: 813
Compute cycles: 367
Stall cycles: 0
Overall utilization: 25.07%
Mapping efficiency: 50.00%
Average IFMAP SRAM BW: 4.011 words/cycle
Average Filter SRAM BW: 1.395 words/cycle
Average OFMAP SRAM BW: 8.022 words/cycle
Average IFMAP DRAM BW: 1.399 words/cycle
Average Filter DRAM BW: 1.947 words/cycle
Average OFMAP DRAM BW: 16.000 words/cycle

Running Layer 498
Total cycles: 1365
Compute cycles: 735
Stall cycles: 0
Overall utilization: 25.03%
Mapping efficiency: 50.00%
Average IFMAP SRAM BW: 4.005 words/cycle
Average Filter SRAM BW: 1.393 words/cycle
Average OFMAP SRAM BW: 8.011 words/cycle
Average IFMAP DRAM BW: 1.399 words/cycle
Average Filter DRAM BW: 3.894 words/cycle
Average OFMAP DRAM BW: 16.000 words/cycle

Running Layer 499
Total cycles: 813
Compute cycles: 367
Stall cycles: 0
Overall utilization: 50.14%
Mapping efficiency: 100.00%
Average IFMAP SRAM BW: 8.022 words/cycle
Average Filter SRAM BW: 2.790 words/cycle
Average OFMAP SRAM BW: 8.022 words/cycle
Average IFMAP DRAM BW: 2.798 words/cycle
Average Filter DRAM BW: 3.894 words/cycle
Average OFMAP DRAM BW: 16.000 words/cycle

Running Layer 500
Total cycles: 1365
Compute cycles: 735
Stall cycles: 0
Overall utilization: 50.07%
Mapping efficiency: 100.00%
Average IFMAP SRAM BW: 8.011 words/cycle
Average Filter SRAM BW: 2.786 words/cycle
Average OFMAP SRAM BW: 8.011 words/cycle
Average IFMAP DRAM BW: 2.798 words/cycle
Average Filter DRAM BW: 7.787 words/cycle
Average OFMAP DRAM BW: 16.000 words/cycle

Running Layer 501
Total cycles: 1365
Compute cycles: 735
Stall cycles: 0
Overall utilization: 50.07%
Mapping efficiency: 100.00%
Average IFMAP SRAM BW: 8.011 words/cycle
Average Filter SRAM BW: 2.786 words/cycle
Average OFMAP SRAM BW: 8.011 words/cycle
Average IFMAP DRAM BW: 5.597 words/cycle
Average Filter DRAM BW: 7.787 words/cycle
Average OFMAP DRAM BW: 16.000 words/cycle

Running Layer 502
Total cycles: 2731
Compute cycles: 1471
Stall cycles: 0
Overall utilization: 50.03%
Mapping efficiency: 100.00%
Average IFMAP SRAM BW: 8.005 words/cycle
Average Filter SRAM BW: 2.785 words/cycle
Average OFMAP SRAM BW: 8.005 words/cycle
Average IFMAP DRAM BW: 5.597 words/cycle
Average Filter DRAM BW: 7.802 words/cycle
Average OFMAP DRAM BW: 16.000 words/cycle

Running Layer 503
Total cycles: 2731
Compute cycles: 1471
Stall cycles: 0
Overall utilization: 50.03%
Mapping efficiency: 100.00%
Average IFMAP SRAM BW: 8.005 words/cycle
Average Filter SRAM BW: 2.785 words/cycle
Average OFMAP SRAM BW: 8.005 words/cycle
Average IFMAP DRAM BW: 5.608 words/cycle
Average Filter DRAM BW: 7.802 words/cycle
Average OFMAP DRAM BW: 16.000 words/cycle

Running Layer 504
Total cycles: 5463
Compute cycles: 2943
Stall cycles: 0
Overall utilization: 50.02%
Mapping efficiency: 100.00%
Average IFMAP SRAM BW: 8.003 words/cycle
Average Filter SRAM BW: 2.784 words/cycle
Average OFMAP SRAM BW: 8.003 words/cycle
Average IFMAP DRAM BW: 5.608 words/cycle
Average Filter DRAM BW: 7.809 words/cycle
Average OFMAP DRAM BW: 16.000 words/cycle

Running Layer 505
Total cycles: 10665
Compute cycles: 5887
Stall cycles: 0
Overall utilization: 50.01%
Mapping efficiency: 100.00%
Average IFMAP SRAM BW: 8.001 words/cycle
Average Filter SRAM BW: 2.783 words/cycle
Average OFMAP SRAM BW: 8.001 words/cycle
Average IFMAP DRAM BW: 7.482 words/cycle
Average Filter DRAM BW: 8.929 words/cycle
Average OFMAP DRAM BW: 16.000 words/cycle

Running Layer 506
Total cycles: 821
Compute cycles: 371
Stall cycles: 0
Overall utilization: 12.67%
Mapping efficiency: 25.00%
Average IFMAP SRAM BW: 2.027 words/cycle
Average Filter SRAM BW: 0.690 words/cycle
Average OFMAP SRAM BW: 8.108 words/cycle
Average IFMAP DRAM BW: 0.715 words/cycle
Average Filter DRAM BW: 0.973 words/cycle
Average OFMAP DRAM BW: 16.000 words/cycle

Running Layer 507
Total cycles: 1381
Compute cycles: 743
Stall cycles: 0
Overall utilization: 12.65%
Mapping efficiency: 25.00%
Average IFMAP SRAM BW: 2.024 words/cycle
Average Filter SRAM BW: 0.689 words/cycle
Average OFMAP SRAM BW: 8.097 words/cycle
Average IFMAP DRAM BW: 0.715 words/cycle
Average Filter DRAM BW: 1.947 words/cycle
Average OFMAP DRAM BW: 16.000 words/cycle

Running Layer 508
Total cycles: 821
Compute cycles: 371
Stall cycles: 0
Overall utilization: 25.34%
Mapping efficiency: 50.00%
Average IFMAP SRAM BW: 4.054 words/cycle
Average Filter SRAM BW: 1.380 words/cycle
Average OFMAP SRAM BW: 8.108 words/cycle
Average IFMAP DRAM BW: 1.430 words/cycle
Average Filter DRAM BW: 1.947 words/cycle
Average OFMAP DRAM BW: 16.000 words/cycle

Running Layer 509
Total cycles: 1381
Compute cycles: 743
Stall cycles: 0
Overall utilization: 25.30%
Mapping efficiency: 50.00%
Average IFMAP SRAM BW: 4.048 words/cycle
Average Filter SRAM BW: 1.378 words/cycle
Average OFMAP SRAM BW: 8.097 words/cycle
Average IFMAP DRAM BW: 1.430 words/cycle
Average Filter DRAM BW: 3.894 words/cycle
Average OFMAP DRAM BW: 16.000 words/cycle

Running Layer 510
Total cycles: 821
Compute cycles: 371
Stall cycles: 0
Overall utilization: 50.67%
Mapping efficiency: 100.00%
Average IFMAP SRAM BW: 8.108 words/cycle
Average Filter SRAM BW: 2.760 words/cycle
Average OFMAP SRAM BW: 8.108 words/cycle
Average IFMAP DRAM BW: 2.859 words/cycle
Average Filter DRAM BW: 3.894 words/cycle
Average OFMAP DRAM BW: 16.000 words/cycle

Running Layer 511
Total cycles: 1381
Compute cycles: 743
Stall cycles: 0
Overall utilization: 50.61%
Mapping efficiency: 100.00%
Average IFMAP SRAM BW: 8.097 words/cycle
Average Filter SRAM BW: 2.756 words/cycle
Average OFMAP SRAM BW: 8.097 words/cycle
Average IFMAP DRAM BW: 2.859 words/cycle
Average Filter DRAM BW: 7.787 words/cycle
Average OFMAP DRAM BW: 16.000 words/cycle

Running Layer 512
Total cycles: 1381
Compute cycles: 743
Stall cycles: 0
Overall utilization: 50.61%
Mapping efficiency: 100.00%
Average IFMAP SRAM BW: 8.097 words/cycle
Average Filter SRAM BW: 2.756 words/cycle
Average OFMAP SRAM BW: 8.097 words/cycle
Average IFMAP DRAM BW: 5.719 words/cycle
Average Filter DRAM BW: 7.787 words/cycle
Average OFMAP DRAM BW: 16.000 words/cycle

Running Layer 513
Total cycles: 2763
Compute cycles: 1487
Stall cycles: 0
Overall utilization: 50.57%
Mapping efficiency: 100.00%
Average IFMAP SRAM BW: 8.091 words/cycle
Average Filter SRAM BW: 2.755 words/cycle
Average OFMAP SRAM BW: 8.091 words/cycle
Average IFMAP DRAM BW: 5.719 words/cycle
Average Filter DRAM BW: 7.802 words/cycle
Average OFMAP DRAM BW: 16.000 words/cycle

Running Layer 514
Total cycles: 2763
Compute cycles: 1487
Stall cycles: 0
Overall utilization: 50.57%
Mapping efficiency: 100.00%
Average IFMAP SRAM BW: 8.091 words/cycle
Average Filter SRAM BW: 2.755 words/cycle
Average OFMAP SRAM BW: 8.091 words/cycle
Average IFMAP DRAM BW: 5.730 words/cycle
Average Filter DRAM BW: 7.802 words/cycle
Average OFMAP DRAM BW: 16.000 words/cycle

Running Layer 515
Total cycles: 5527
Compute cycles: 2975
Stall cycles: 0
Overall utilization: 50.55%
Mapping efficiency: 100.00%
Average IFMAP SRAM BW: 8.089 words/cycle
Average Filter SRAM BW: 2.754 words/cycle
Average OFMAP SRAM BW: 8.089 words/cycle
Average IFMAP DRAM BW: 5.730 words/cycle
Average Filter DRAM BW: 7.809 words/cycle
Average OFMAP DRAM BW: 16.000 words/cycle

Running Layer 516
Total cycles: 10793
Compute cycles: 5951
Stall cycles: 0
Overall utilization: 50.55%
Mapping efficiency: 100.00%
Average IFMAP SRAM BW: 8.087 words/cycle
Average Filter SRAM BW: 2.753 words/cycle
Average OFMAP SRAM BW: 8.087 words/cycle
Average IFMAP DRAM BW: 7.644 words/cycle
Average Filter DRAM BW: 8.929 words/cycle
Average OFMAP DRAM BW: 16.000 words/cycle

Running Layer 517
Total cycles: 829
Compute cycles: 375
Stall cycles: 0
Overall utilization: 12.80%
Mapping efficiency: 25.00%
Average IFMAP SRAM BW: 2.048 words/cycle
Average Filter SRAM BW: 0.683 words/cycle
Average OFMAP SRAM BW: 8.192 words/cycle
Average IFMAP DRAM BW: 0.730 words/cycle
Average Filter DRAM BW: 0.973 words/cycle
Average OFMAP DRAM BW: 16.000 words/cycle

Running Layer 518
Total cycles: 1397
Compute cycles: 751
Stall cycles: 0
Overall utilization: 12.78%
Mapping efficiency: 25.00%
Average IFMAP SRAM BW: 2.045 words/cycle
Average Filter SRAM BW: 0.682 words/cycle
Average OFMAP SRAM BW: 8.181 words/cycle
Average IFMAP DRAM BW: 0.730 words/cycle
Average Filter DRAM BW: 1.947 words/cycle
Average OFMAP DRAM BW: 16.000 words/cycle

Running Layer 519
Total cycles: 829
Compute cycles: 375
Stall cycles: 0
Overall utilization: 25.60%
Mapping efficiency: 50.00%
Average IFMAP SRAM BW: 4.096 words/cycle
Average Filter SRAM BW: 1.365 words/cycle
Average OFMAP SRAM BW: 8.192 words/cycle
Average IFMAP DRAM BW: 1.460 words/cycle
Average Filter DRAM BW: 1.947 words/cycle
Average OFMAP DRAM BW: 16.000 words/cycle

Running Layer 520
Total cycles: 1397
Compute cycles: 751
Stall cycles: 0
Overall utilization: 25.57%
Mapping efficiency: 50.00%
Average IFMAP SRAM BW: 4.091 words/cycle
Average Filter SRAM BW: 1.364 words/cycle
Average OFMAP SRAM BW: 8.181 words/cycle
Average IFMAP DRAM BW: 1.460 words/cycle
Average Filter DRAM BW: 3.894 words/cycle
Average OFMAP DRAM BW: 16.000 words/cycle

Running Layer 521
Total cycles: 829
Compute cycles: 375
Stall cycles: 0
Overall utilization: 51.20%
Mapping efficiency: 100.00%
Average IFMAP SRAM BW: 8.192 words/cycle
Average Filter SRAM BW: 2.731 words/cycle
Average OFMAP SRAM BW: 8.192 words/cycle
Average IFMAP DRAM BW: 2.920 words/cycle
Average Filter DRAM BW: 3.894 words/cycle
Average OFMAP DRAM BW: 16.000 words/cycle

Running Layer 522
Total cycles: 1397
Compute cycles: 751
Stall cycles: 0
Overall utilization: 51.13%
Mapping efficiency: 100.00%
Average IFMAP SRAM BW: 8.181 words/cycle
Average Filter SRAM BW: 2.727 words/cycle
Average OFMAP SRAM BW: 8.181 words/cycle
Average IFMAP DRAM BW: 2.920 words/cycle
Average Filter DRAM BW: 7.787 words/cycle
Average OFMAP DRAM BW: 16.000 words/cycle

Running Layer 523
Total cycles: 1397
Compute cycles: 751
Stall cycles: 0
Overall utilization: 51.13%
Mapping efficiency: 100.00%
Average IFMAP SRAM BW: 8.181 words/cycle
Average Filter SRAM BW: 2.727 words/cycle
Average OFMAP SRAM BW: 8.181 words/cycle
Average IFMAP DRAM BW: 5.840 words/cycle
Average Filter DRAM BW: 7.787 words/cycle
Average OFMAP DRAM BW: 16.000 words/cycle

Running Layer 524
Total cycles: 2795
Compute cycles: 1503
Stall cycles: 0
Overall utilization: 51.10%
Mapping efficiency: 100.00%
Average IFMAP SRAM BW: 8.176 words/cycle
Average Filter SRAM BW: 2.725 words/cycle
Average OFMAP SRAM BW: 8.176 words/cycle
Average IFMAP DRAM BW: 5.840 words/cycle
Average Filter DRAM BW: 7.802 words/cycle
Average OFMAP DRAM BW: 16.000 words/cycle

Running Layer 525
Total cycles: 2795
Compute cycles: 1503
Stall cycles: 0
Overall utilization: 51.10%
Mapping efficiency: 100.00%
Average IFMAP SRAM BW: 8.176 words/cycle
Average Filter SRAM BW: 2.725 words/cycle
Average OFMAP SRAM BW: 8.176 words/cycle
Average IFMAP DRAM BW: 5.851 words/cycle
Average Filter DRAM BW: 7.802 words/cycle
Average OFMAP DRAM BW: 16.000 words/cycle

Running Layer 526
Total cycles: 5591
Compute cycles: 3007
Stall cycles: 0
Overall utilization: 51.08%
Mapping efficiency: 100.00%
Average IFMAP SRAM BW: 8.173 words/cycle
Average Filter SRAM BW: 2.724 words/cycle
Average OFMAP SRAM BW: 8.173 words/cycle
Average IFMAP DRAM BW: 5.851 words/cycle
Average Filter DRAM BW: 7.809 words/cycle
Average OFMAP DRAM BW: 16.000 words/cycle

Running Layer 527
Total cycles: 10921
Compute cycles: 6015
Stall cycles: 0
Overall utilization: 51.07%
Mapping efficiency: 100.00%
Average IFMAP SRAM BW: 8.172 words/cycle
Average Filter SRAM BW: 2.724 words/cycle
Average OFMAP SRAM BW: 8.172 words/cycle
Average IFMAP DRAM BW: 7.807 words/cycle
Average Filter DRAM BW: 8.929 words/cycle
Average OFMAP DRAM BW: 16.000 words/cycle

Running Layer 528
Total cycles: 837
Compute cycles: 379
Stall cycles: 0
Overall utilization: 12.93%
Mapping efficiency: 25.00%
Average IFMAP SRAM BW: 2.069 words/cycle
Average Filter SRAM BW: 0.675 words/cycle
Average OFMAP SRAM BW: 8.274 words/cycle
Average IFMAP DRAM BW: 0.745 words/cycle
Average Filter DRAM BW: 0.973 words/cycle
Average OFMAP DRAM BW: 16.000 words/cycle

Running Layer 529
Total cycles: 1413
Compute cycles: 759
Stall cycles: 0
Overall utilization: 12.91%
Mapping efficiency: 25.00%
Average IFMAP SRAM BW: 2.066 words/cycle
Average Filter SRAM BW: 0.675 words/cycle
Average OFMAP SRAM BW: 8.264 words/cycle
Average IFMAP DRAM BW: 0.745 words/cycle
Average Filter DRAM BW: 1.947 words/cycle
Average OFMAP DRAM BW: 16.000 words/cycle

Running Layer 530
Total cycles: 837
Compute cycles: 379
Stall cycles: 0
Overall utilization: 25.86%
Mapping efficiency: 50.00%
Average IFMAP SRAM BW: 4.137 words/cycle
Average Filter SRAM BW: 1.351 words/cycle
Average OFMAP SRAM BW: 8.274 words/cycle
Average IFMAP DRAM BW: 1.490 words/cycle
Average Filter DRAM BW: 1.947 words/cycle
Average OFMAP DRAM BW: 16.000 words/cycle

Running Layer 531
Total cycles: 1413
Compute cycles: 759
Stall cycles: 0
Overall utilization: 25.82%
Mapping efficiency: 50.00%
Average IFMAP SRAM BW: 4.132 words/cycle
Average Filter SRAM BW: 1.349 words/cycle
Average OFMAP SRAM BW: 8.264 words/cycle
Average IFMAP DRAM BW: 1.490 words/cycle
Average Filter DRAM BW: 3.894 words/cycle
Average OFMAP DRAM BW: 16.000 words/cycle

Running Layer 532
Total cycles: 837
Compute cycles: 379
Stall cycles: 0
Overall utilization: 51.72%
Mapping efficiency: 100.00%
Average IFMAP SRAM BW: 8.274 words/cycle
Average Filter SRAM BW: 2.702 words/cycle
Average OFMAP SRAM BW: 8.274 words/cycle
Average IFMAP DRAM BW: 2.981 words/cycle
Average Filter DRAM BW: 3.894 words/cycle
Average OFMAP DRAM BW: 16.000 words/cycle

Running Layer 533
Total cycles: 1413
Compute cycles: 759
Stall cycles: 0
Overall utilization: 51.65%
Mapping efficiency: 100.00%
Average IFMAP SRAM BW: 8.264 words/cycle
Average Filter SRAM BW: 2.698 words/cycle
Average OFMAP SRAM BW: 8.264 words/cycle
Average IFMAP DRAM BW: 2.981 words/cycle
Average Filter DRAM BW: 7.787 words/cycle
Average OFMAP DRAM BW: 16.000 words/cycle

Running Layer 534
Total cycles: 1413
Compute cycles: 759
Stall cycles: 0
Overall utilization: 51.65%
Mapping efficiency: 100.00%
Average IFMAP SRAM BW: 8.264 words/cycle
Average Filter SRAM BW: 2.698 words/cycle
Average OFMAP SRAM BW: 8.264 words/cycle
Average IFMAP DRAM BW: 5.962 words/cycle
Average Filter DRAM BW: 7.787 words/cycle
Average OFMAP DRAM BW: 16.000 words/cycle

Running Layer 535
Total cycles: 2827
Compute cycles: 1519
Stall cycles: 0
Overall utilization: 51.61%
Mapping efficiency: 100.00%
Average IFMAP SRAM BW: 8.258 words/cycle
Average Filter SRAM BW: 2.697 words/cycle
Average OFMAP SRAM BW: 8.258 words/cycle
Average IFMAP DRAM BW: 5.962 words/cycle
Average Filter DRAM BW: 7.802 words/cycle
Average OFMAP DRAM BW: 16.000 words/cycle

Running Layer 536
Total cycles: 2827
Compute cycles: 1519
Stall cycles: 0
Overall utilization: 51.61%
Mapping efficiency: 100.00%
Average IFMAP SRAM BW: 8.258 words/cycle
Average Filter SRAM BW: 2.697 words/cycle
Average OFMAP SRAM BW: 8.258 words/cycle
Average IFMAP DRAM BW: 5.973 words/cycle
Average Filter DRAM BW: 7.802 words/cycle
Average OFMAP DRAM BW: 16.000 words/cycle

Running Layer 537
Total cycles: 5655
Compute cycles: 3039
Stall cycles: 0
Overall utilization: 51.60%
Mapping efficiency: 100.00%
Average IFMAP SRAM BW: 8.255 words/cycle
Average Filter SRAM BW: 2.696 words/cycle
Average OFMAP SRAM BW: 8.255 words/cycle
Average IFMAP DRAM BW: 5.973 words/cycle
Average Filter DRAM BW: 7.809 words/cycle
Average OFMAP DRAM BW: 16.000 words/cycle

Running Layer 538
Total cycles: 11049
Compute cycles: 6079
Stall cycles: 0
Overall utilization: 51.59%
Mapping efficiency: 100.00%
Average IFMAP SRAM BW: 8.254 words/cycle
Average Filter SRAM BW: 2.695 words/cycle
Average OFMAP SRAM BW: 8.254 words/cycle
Average IFMAP DRAM BW: 7.970 words/cycle
Average Filter DRAM BW: 8.929 words/cycle
Average OFMAP DRAM BW: 16.000 words/cycle

Running Layer 539
Total cycles: 845
Compute cycles: 383
Stall cycles: 0
Overall utilization: 13.05%
Mapping efficiency: 25.00%
Average IFMAP SRAM BW: 2.089 words/cycle
Average Filter SRAM BW: 0.668 words/cycle
Average OFMAP SRAM BW: 8.355 words/cycle
Average IFMAP DRAM BW: 0.760 words/cycle
Average Filter DRAM BW: 0.973 words/cycle
Average OFMAP DRAM BW: 16.000 words/cycle

Running Layer 540
Total cycles: 1429
Compute cycles: 767
Stall cycles: 0
Overall utilization: 13.04%
Mapping efficiency: 25.00%
Average IFMAP SRAM BW: 2.086 words/cycle
Average Filter SRAM BW: 0.668 words/cycle
Average OFMAP SRAM BW: 8.344 words/cycle
Average IFMAP DRAM BW: 0.760 words/cycle
Average Filter DRAM BW: 1.947 words/cycle
Average OFMAP DRAM BW: 16.000 words/cycle

Running Layer 541
Total cycles: 845
Compute cycles: 383
Stall cycles: 0
Overall utilization: 26.11%
Mapping efficiency: 50.00%
Average IFMAP SRAM BW: 4.178 words/cycle
Average Filter SRAM BW: 1.337 words/cycle
Average OFMAP SRAM BW: 8.355 words/cycle
Average IFMAP DRAM BW: 1.521 words/cycle
Average Filter DRAM BW: 1.947 words/cycle
Average OFMAP DRAM BW: 16.000 words/cycle

Running Layer 542
Total cycles: 1429
Compute cycles: 767
Stall cycles: 0
Overall utilization: 26.08%
Mapping efficiency: 50.00%
Average IFMAP SRAM BW: 4.172 words/cycle
Average Filter SRAM BW: 1.335 words/cycle
Average OFMAP SRAM BW: 8.344 words/cycle
Average IFMAP DRAM BW: 1.521 words/cycle
Average Filter DRAM BW: 3.894 words/cycle
Average OFMAP DRAM BW: 16.000 words/cycle

Running Layer 543
Total cycles: 845
Compute cycles: 383
Stall cycles: 0
Overall utilization: 52.22%
Mapping efficiency: 100.00%
Average IFMAP SRAM BW: 8.355 words/cycle
Average Filter SRAM BW: 2.674 words/cycle
Average OFMAP SRAM BW: 8.355 words/cycle
Average IFMAP DRAM BW: 3.042 words/cycle
Average Filter DRAM BW: 3.894 words/cycle
Average OFMAP DRAM BW: 16.000 words/cycle

Running Layer 544
Total cycles: 1429
Compute cycles: 767
Stall cycles: 0
Overall utilization: 52.15%
Mapping efficiency: 100.00%
Average IFMAP SRAM BW: 8.344 words/cycle
Average Filter SRAM BW: 2.670 words/cycle
Average OFMAP SRAM BW: 8.344 words/cycle
Average IFMAP DRAM BW: 3.042 words/cycle
Average Filter DRAM BW: 7.787 words/cycle
Average OFMAP DRAM BW: 16.000 words/cycle

Running Layer 545
Total cycles: 1429
Compute cycles: 767
Stall cycles: 0
Overall utilization: 52.15%
Mapping efficiency: 100.00%
Average IFMAP SRAM BW: 8.344 words/cycle
Average Filter SRAM BW: 2.670 words/cycle
Average OFMAP SRAM BW: 8.344 words/cycle
Average IFMAP DRAM BW: 6.084 words/cycle
Average Filter DRAM BW: 7.787 words/cycle
Average OFMAP DRAM BW: 16.000 words/cycle

Running Layer 546
Total cycles: 2859
Compute cycles: 1535
Stall cycles: 0
Overall utilization: 52.12%
Mapping efficiency: 100.00%
Average IFMAP SRAM BW: 8.339 words/cycle
Average Filter SRAM BW: 2.668 words/cycle
Average OFMAP SRAM BW: 8.339 words/cycle
Average IFMAP DRAM BW: 6.084 words/cycle
Average Filter DRAM BW: 7.802 words/cycle
Average OFMAP DRAM BW: 16.000 words/cycle

Running Layer 547
Total cycles: 2859
Compute cycles: 1535
Stall cycles: 0
Overall utilization: 52.12%
Mapping efficiency: 100.00%
Average IFMAP SRAM BW: 8.339 words/cycle
Average Filter SRAM BW: 2.668 words/cycle
Average OFMAP SRAM BW: 8.339 words/cycle
Average IFMAP DRAM BW: 6.095 words/cycle
Average Filter DRAM BW: 7.802 words/cycle
Average OFMAP DRAM BW: 16.000 words/cycle

Running Layer 548
Total cycles: 5719
Compute cycles: 3071
Stall cycles: 0
Overall utilization: 52.10%
Mapping efficiency: 100.00%
Average IFMAP SRAM BW: 8.336 words/cycle
Average Filter SRAM BW: 2.668 words/cycle
Average OFMAP SRAM BW: 8.336 words/cycle
Average IFMAP DRAM BW: 6.095 words/cycle
Average Filter DRAM BW: 7.809 words/cycle
Average OFMAP DRAM BW: 16.000 words/cycle

Running Layer 549
Total cycles: 11177
Compute cycles: 6143
Stall cycles: 0
Overall utilization: 52.09%
Mapping efficiency: 100.00%
Average IFMAP SRAM BW: 8.335 words/cycle
Average Filter SRAM BW: 2.667 words/cycle
Average OFMAP SRAM BW: 8.335 words/cycle
Average IFMAP DRAM BW: 8.132 words/cycle
Average Filter DRAM BW: 8.929 words/cycle
Average OFMAP DRAM BW: 16.000 words/cycle

Running Layer 550
Total cycles: 853
Compute cycles: 387
Stall cycles: 0
Overall utilization: 13.18%
Mapping efficiency: 25.00%
Average IFMAP SRAM BW: 2.109 words/cycle
Average Filter SRAM BW: 0.661 words/cycle
Average OFMAP SRAM BW: 8.434 words/cycle
Average IFMAP DRAM BW: 0.776 words/cycle
Average Filter DRAM BW: 0.973 words/cycle
Average OFMAP DRAM BW: 16.000 words/cycle

Running Layer 551
Total cycles: 1445
Compute cycles: 775
Stall cycles: 0
Overall utilization: 13.16%
Mapping efficiency: 25.00%
Average IFMAP SRAM BW: 2.106 words/cycle
Average Filter SRAM BW: 0.661 words/cycle
Average OFMAP SRAM BW: 8.423 words/cycle
Average IFMAP DRAM BW: 0.776 words/cycle
Average Filter DRAM BW: 1.947 words/cycle
Average OFMAP DRAM BW: 16.000 words/cycle

Running Layer 552
Total cycles: 853
Compute cycles: 387
Stall cycles: 0
Overall utilization: 26.36%
Mapping efficiency: 50.00%
Average IFMAP SRAM BW: 4.217 words/cycle
Average Filter SRAM BW: 1.323 words/cycle
Average OFMAP SRAM BW: 8.434 words/cycle
Average IFMAP DRAM BW: 1.551 words/cycle
Average Filter DRAM BW: 1.947 words/cycle
Average OFMAP DRAM BW: 16.000 words/cycle

Running Layer 553
Total cycles: 1445
Compute cycles: 775
Stall cycles: 0
Overall utilization: 26.32%
Mapping efficiency: 50.00%
Average IFMAP SRAM BW: 4.212 words/cycle
Average Filter SRAM BW: 1.321 words/cycle
Average OFMAP SRAM BW: 8.423 words/cycle
Average IFMAP DRAM BW: 1.551 words/cycle
Average Filter DRAM BW: 3.894 words/cycle
Average OFMAP DRAM BW: 16.000 words/cycle

Running Layer 554
Total cycles: 853
Compute cycles: 387
Stall cycles: 0
Overall utilization: 52.71%
Mapping efficiency: 100.00%
Average IFMAP SRAM BW: 8.434 words/cycle
Average Filter SRAM BW: 2.646 words/cycle
Average OFMAP SRAM BW: 8.434 words/cycle
Average IFMAP DRAM BW: 3.103 words/cycle
Average Filter DRAM BW: 3.894 words/cycle
Average OFMAP DRAM BW: 16.000 words/cycle

Running Layer 555
Total cycles: 1445
Compute cycles: 775
Stall cycles: 0
Overall utilization: 52.65%
Mapping efficiency: 100.00%
Average IFMAP SRAM BW: 8.423 words/cycle
Average Filter SRAM BW: 2.643 words/cycle
Average OFMAP SRAM BW: 8.423 words/cycle
Average IFMAP DRAM BW: 3.103 words/cycle
Average Filter DRAM BW: 7.787 words/cycle
Average OFMAP DRAM BW: 16.000 words/cycle

Running Layer 556
Total cycles: 1445
Compute cycles: 775
Stall cycles: 0
Overall utilization: 52.65%
Mapping efficiency: 100.00%
Average IFMAP SRAM BW: 8.423 words/cycle
Average Filter SRAM BW: 2.643 words/cycle
Average OFMAP SRAM BW: 8.423 words/cycle
Average IFMAP DRAM BW: 6.205 words/cycle
Average Filter DRAM BW: 7.787 words/cycle
Average OFMAP DRAM BW: 16.000 words/cycle

Running Layer 557
Total cycles: 2891
Compute cycles: 1551
Stall cycles: 0
Overall utilization: 52.61%
Mapping efficiency: 100.00%
Average IFMAP SRAM BW: 8.418 words/cycle
Average Filter SRAM BW: 2.641 words/cycle
Average OFMAP SRAM BW: 8.418 words/cycle
Average IFMAP DRAM BW: 6.205 words/cycle
Average Filter DRAM BW: 7.802 words/cycle
Average OFMAP DRAM BW: 16.000 words/cycle

Running Layer 558
Total cycles: 2891
Compute cycles: 1551
Stall cycles: 0
Overall utilization: 52.61%
Mapping efficiency: 100.00%
Average IFMAP SRAM BW: 8.418 words/cycle
Average Filter SRAM BW: 2.641 words/cycle
Average OFMAP SRAM BW: 8.418 words/cycle
Average IFMAP DRAM BW: 6.217 words/cycle
Average Filter DRAM BW: 7.802 words/cycle
Average OFMAP DRAM BW: 16.000 words/cycle

Running Layer 559
Total cycles: 5783
Compute cycles: 3103
Stall cycles: 0
Overall utilization: 52.59%
Mapping efficiency: 100.00%
Average IFMAP SRAM BW: 8.415 words/cycle
Average Filter SRAM BW: 2.640 words/cycle
Average OFMAP SRAM BW: 8.415 words/cycle
Average IFMAP DRAM BW: 6.217 words/cycle
Average Filter DRAM BW: 7.809 words/cycle
Average OFMAP DRAM BW: 16.000 words/cycle

Running Layer 560
Total cycles: 11305
Compute cycles: 6207
Stall cycles: 0
Overall utilization: 52.59%
Mapping efficiency: 100.00%
Average IFMAP SRAM BW: 8.414 words/cycle
Average Filter SRAM BW: 2.640 words/cycle
Average OFMAP SRAM BW: 8.414 words/cycle
Average IFMAP DRAM BW: 8.295 words/cycle
Average Filter DRAM BW: 8.929 words/cycle
Average OFMAP DRAM BW: 16.000 words/cycle

Running Layer 561
Total cycles: 861
Compute cycles: 391
Stall cycles: 0
Overall utilization: 13.30%
Mapping efficiency: 25.00%
Average IFMAP SRAM BW: 2.128 words/cycle
Average Filter SRAM BW: 0.655 words/cycle
Average OFMAP SRAM BW: 8.512 words/cycle
Average IFMAP DRAM BW: 0.791 words/cycle
Average Filter DRAM BW: 0.973 words/cycle
Average OFMAP DRAM BW: 16.000 words/cycle

Running Layer 562
Total cycles: 1461
Compute cycles: 783
Stall cycles: 0
Overall utilization: 13.28%
Mapping efficiency: 25.00%
Average IFMAP SRAM BW: 2.125 words/cycle
Average Filter SRAM BW: 0.654 words/cycle
Average OFMAP SRAM BW: 8.501 words/cycle
Average IFMAP DRAM BW: 0.791 words/cycle
Average Filter DRAM BW: 1.947 words/cycle
Average OFMAP DRAM BW: 16.000 words/cycle

Running Layer 563
Total cycles: 861
Compute cycles: 391
Stall cycles: 0
Overall utilization: 26.60%
Mapping efficiency: 50.00%
Average IFMAP SRAM BW: 4.256 words/cycle
Average Filter SRAM BW: 1.309 words/cycle
Average OFMAP SRAM BW: 8.512 words/cycle
Average IFMAP DRAM BW: 1.582 words/cycle
Average Filter DRAM BW: 1.947 words/cycle
Average OFMAP DRAM BW: 16.000 words/cycle

Running Layer 564
Total cycles: 1461
Compute cycles: 783
Stall cycles: 0
Overall utilization: 26.56%
Mapping efficiency: 50.00%
Average IFMAP SRAM BW: 4.250 words/cycle
Average Filter SRAM BW: 1.308 words/cycle
Average OFMAP SRAM BW: 8.501 words/cycle
Average IFMAP DRAM BW: 1.582 words/cycle
Average Filter DRAM BW: 3.894 words/cycle
Average OFMAP DRAM BW: 16.000 words/cycle

Running Layer 565
Total cycles: 861
Compute cycles: 391
Stall cycles: 0
Overall utilization: 53.20%
Mapping efficiency: 100.00%
Average IFMAP SRAM BW: 8.512 words/cycle
Average Filter SRAM BW: 2.619 words/cycle
Average OFMAP SRAM BW: 8.512 words/cycle
Average IFMAP DRAM BW: 3.163 words/cycle
Average Filter DRAM BW: 3.894 words/cycle
Average OFMAP DRAM BW: 16.000 words/cycle

Running Layer 566
Total cycles: 1461
Compute cycles: 783
Stall cycles: 0
Overall utilization: 53.13%
Mapping efficiency: 100.00%
Average IFMAP SRAM BW: 8.501 words/cycle
Average Filter SRAM BW: 2.616 words/cycle
Average OFMAP SRAM BW: 8.501 words/cycle
Average IFMAP DRAM BW: 3.163 words/cycle
Average Filter DRAM BW: 7.787 words/cycle
Average OFMAP DRAM BW: 16.000 words/cycle

Running Layer 567
Total cycles: 1461
Compute cycles: 783
Stall cycles: 0
Overall utilization: 53.13%
Mapping efficiency: 100.00%
Average IFMAP SRAM BW: 8.501 words/cycle
Average Filter SRAM BW: 2.616 words/cycle
Average OFMAP SRAM BW: 8.501 words/cycle
Average IFMAP DRAM BW: 6.327 words/cycle
Average Filter DRAM BW: 7.787 words/cycle
Average OFMAP DRAM BW: 16.000 words/cycle

Running Layer 568
Total cycles: 2923
Compute cycles: 1567
Stall cycles: 0
Overall utilization: 53.10%
Mapping efficiency: 100.00%
Average IFMAP SRAM BW: 8.495 words/cycle
Average Filter SRAM BW: 2.614 words/cycle
Average OFMAP SRAM BW: 8.495 words/cycle
Average IFMAP DRAM BW: 6.327 words/cycle
Average Filter DRAM BW: 7.802 words/cycle
Average OFMAP DRAM BW: 16.000 words/cycle

Running Layer 569
Total cycles: 2923
Compute cycles: 1567
Stall cycles: 0
Overall utilization: 53.10%
Mapping efficiency: 100.00%
Average IFMAP SRAM BW: 8.495 words/cycle
Average Filter SRAM BW: 2.614 words/cycle
Average OFMAP SRAM BW: 8.495 words/cycle
Average IFMAP DRAM BW: 6.339 words/cycle
Average Filter DRAM BW: 7.802 words/cycle
Average OFMAP DRAM BW: 16.000 words/cycle

Running Layer 570
Total cycles: 5847
Compute cycles: 3135
Stall cycles: 0
Overall utilization: 53.08%
Mapping efficiency: 100.00%
Average IFMAP SRAM BW: 8.493 words/cycle
Average Filter SRAM BW: 2.613 words/cycle
Average OFMAP SRAM BW: 8.493 words/cycle
Average IFMAP DRAM BW: 6.339 words/cycle
Average Filter DRAM BW: 7.809 words/cycle
Average OFMAP DRAM BW: 16.000 words/cycle

Running Layer 571
Total cycles: 11433
Compute cycles: 6271
Stall cycles: 0
Overall utilization: 53.07%
Mapping efficiency: 100.00%
Average IFMAP SRAM BW: 8.491 words/cycle
Average Filter SRAM BW: 2.613 words/cycle
Average OFMAP SRAM BW: 8.491 words/cycle
Average IFMAP DRAM BW: 8.457 words/cycle
Average Filter DRAM BW: 8.929 words/cycle
Average OFMAP DRAM BW: 16.000 words/cycle

Running Layer 572
Total cycles: 869
Compute cycles: 395
Stall cycles: 0
Overall utilization: 13.42%
Mapping efficiency: 25.00%
Average IFMAP SRAM BW: 2.147 words/cycle
Average Filter SRAM BW: 0.648 words/cycle
Average OFMAP SRAM BW: 8.587 words/cycle
Average IFMAP DRAM BW: 0.806 words/cycle
Average Filter DRAM BW: 0.973 words/cycle
Average OFMAP DRAM BW: 16.000 words/cycle

Running Layer 573
Total cycles: 1477
Compute cycles: 791
Stall cycles: 0
Overall utilization: 13.40%
Mapping efficiency: 25.00%
Average IFMAP SRAM BW: 2.144 words/cycle
Average Filter SRAM BW: 0.647 words/cycle
Average OFMAP SRAM BW: 8.576 words/cycle
Average IFMAP DRAM BW: 0.806 words/cycle
Average Filter DRAM BW: 1.947 words/cycle
Average OFMAP DRAM BW: 16.000 words/cycle

Running Layer 574
Total cycles: 869
Compute cycles: 395
Stall cycles: 0
Overall utilization: 26.84%
Mapping efficiency: 50.00%
Average IFMAP SRAM BW: 4.294 words/cycle
Average Filter SRAM BW: 1.296 words/cycle
Average OFMAP SRAM BW: 8.587 words/cycle
Average IFMAP DRAM BW: 1.612 words/cycle
Average Filter DRAM BW: 1.947 words/cycle
Average OFMAP DRAM BW: 16.000 words/cycle

Running Layer 575
Total cycles: 1477
Compute cycles: 791
Stall cycles: 0
Overall utilization: 26.80%
Mapping efficiency: 50.00%
Average IFMAP SRAM BW: 4.288 words/cycle
Average Filter SRAM BW: 1.295 words/cycle
Average OFMAP SRAM BW: 8.576 words/cycle
Average IFMAP DRAM BW: 1.612 words/cycle
Average Filter DRAM BW: 3.894 words/cycle
Average OFMAP DRAM BW: 16.000 words/cycle

Running Layer 576
Total cycles: 869
Compute cycles: 395
Stall cycles: 0
Overall utilization: 53.67%
Mapping efficiency: 100.00%
Average IFMAP SRAM BW: 8.587 words/cycle
Average Filter SRAM BW: 2.592 words/cycle
Average OFMAP SRAM BW: 8.587 words/cycle
Average IFMAP DRAM BW: 3.224 words/cycle
Average Filter DRAM BW: 3.894 words/cycle
Average OFMAP DRAM BW: 16.000 words/cycle

Running Layer 577
Total cycles: 1477
Compute cycles: 791
Stall cycles: 0
Overall utilization: 53.60%
Mapping efficiency: 100.00%
Average IFMAP SRAM BW: 8.576 words/cycle
Average Filter SRAM BW: 2.589 words/cycle
Average OFMAP SRAM BW: 8.576 words/cycle
Average IFMAP DRAM BW: 3.224 words/cycle
Average Filter DRAM BW: 7.787 words/cycle
Average OFMAP DRAM BW: 16.000 words/cycle

Running Layer 578
Total cycles: 1477
Compute cycles: 791
Stall cycles: 0
Overall utilization: 53.60%
Mapping efficiency: 100.00%
Average IFMAP SRAM BW: 8.576 words/cycle
Average Filter SRAM BW: 2.589 words/cycle
Average OFMAP SRAM BW: 8.576 words/cycle
Average IFMAP DRAM BW: 6.449 words/cycle
Average Filter DRAM BW: 7.787 words/cycle
Average OFMAP DRAM BW: 16.000 words/cycle

Running Layer 579
Total cycles: 2955
Compute cycles: 1583
Stall cycles: 0
Overall utilization: 53.57%
Mapping efficiency: 100.00%
Average IFMAP SRAM BW: 8.571 words/cycle
Average Filter SRAM BW: 2.587 words/cycle
Average OFMAP SRAM BW: 8.571 words/cycle
Average IFMAP DRAM BW: 6.449 words/cycle
Average Filter DRAM BW: 7.802 words/cycle
Average OFMAP DRAM BW: 16.000 words/cycle

Running Layer 580
Total cycles: 2955
Compute cycles: 1583
Stall cycles: 0
Overall utilization: 53.57%
Mapping efficiency: 100.00%
Average IFMAP SRAM BW: 8.571 words/cycle
Average Filter SRAM BW: 2.587 words/cycle
Average OFMAP SRAM BW: 8.571 words/cycle
Average IFMAP DRAM BW: 6.461 words/cycle
Average Filter DRAM BW: 7.802 words/cycle
Average OFMAP DRAM BW: 16.000 words/cycle

Running Layer 581
Total cycles: 5911
Compute cycles: 3167
Stall cycles: 0
Overall utilization: 53.55%
Mapping efficiency: 100.00%
Average IFMAP SRAM BW: 8.568 words/cycle
Average Filter SRAM BW: 2.587 words/cycle
Average OFMAP SRAM BW: 8.568 words/cycle
Average IFMAP DRAM BW: 6.461 words/cycle
Average Filter DRAM BW: 7.809 words/cycle
Average OFMAP DRAM BW: 16.000 words/cycle

Running Layer 582
Total cycles: 11561
Compute cycles: 6335
Stall cycles: 0
Overall utilization: 53.54%
Mapping efficiency: 100.00%
Average IFMAP SRAM BW: 8.567 words/cycle
Average Filter SRAM BW: 2.586 words/cycle
Average OFMAP SRAM BW: 8.567 words/cycle
Average IFMAP DRAM BW: 8.620 words/cycle
Average Filter DRAM BW: 8.929 words/cycle
Average OFMAP DRAM BW: 16.000 words/cycle

Running Layer 583
Total cycles: 877
Compute cycles: 399
Stall cycles: 0
Overall utilization: 13.53%
Mapping efficiency: 25.00%
Average IFMAP SRAM BW: 2.165 words/cycle
Average Filter SRAM BW: 0.642 words/cycle
Average OFMAP SRAM BW: 8.662 words/cycle
Average IFMAP DRAM BW: 0.821 words/cycle
Average Filter DRAM BW: 0.973 words/cycle
Average OFMAP DRAM BW: 16.000 words/cycle

Running Layer 584
Total cycles: 1493
Compute cycles: 799
Stall cycles: 0
Overall utilization: 13.52%
Mapping efficiency: 25.00%
Average IFMAP SRAM BW: 2.163 words/cycle
Average Filter SRAM BW: 0.641 words/cycle
Average OFMAP SRAM BW: 8.651 words/cycle
Average IFMAP DRAM BW: 0.821 words/cycle
Average Filter DRAM BW: 1.947 words/cycle
Average OFMAP DRAM BW: 16.000 words/cycle

Running Layer 585
Total cycles: 877
Compute cycles: 399
Stall cycles: 0
Overall utilization: 27.07%
Mapping efficiency: 50.00%
Average IFMAP SRAM BW: 4.331 words/cycle
Average Filter SRAM BW: 1.283 words/cycle
Average OFMAP SRAM BW: 8.662 words/cycle
Average IFMAP DRAM BW: 1.643 words/cycle
Average Filter DRAM BW: 1.947 words/cycle
Average OFMAP DRAM BW: 16.000 words/cycle

Running Layer 586
Total cycles: 1493
Compute cycles: 799
Stall cycles: 0
Overall utilization: 27.03%
Mapping efficiency: 50.00%
Average IFMAP SRAM BW: 4.325 words/cycle
Average Filter SRAM BW: 1.282 words/cycle
Average OFMAP SRAM BW: 8.651 words/cycle
Average IFMAP DRAM BW: 1.643 words/cycle
Average Filter DRAM BW: 3.894 words/cycle
Average OFMAP DRAM BW: 16.000 words/cycle

Running Layer 587
Total cycles: 877
Compute cycles: 399
Stall cycles: 0
Overall utilization: 54.14%
Mapping efficiency: 100.00%
Average IFMAP SRAM BW: 8.662 words/cycle
Average Filter SRAM BW: 2.566 words/cycle
Average OFMAP SRAM BW: 8.662 words/cycle
Average IFMAP DRAM BW: 3.285 words/cycle
Average Filter DRAM BW: 3.894 words/cycle
Average OFMAP DRAM BW: 16.000 words/cycle

Running Layer 588
Total cycles: 1493
Compute cycles: 799
Stall cycles: 0
Overall utilization: 54.07%
Mapping efficiency: 100.00%
Average IFMAP SRAM BW: 8.651 words/cycle
Average Filter SRAM BW: 2.563 words/cycle
Average OFMAP SRAM BW: 8.651 words/cycle
Average IFMAP DRAM BW: 3.285 words/cycle
Average Filter DRAM BW: 7.787 words/cycle
Average OFMAP DRAM BW: 16.000 words/cycle

Running Layer 589
Total cycles: 1493
Compute cycles: 799
Stall cycles: 0
Overall utilization: 54.07%
Mapping efficiency: 100.00%
Average IFMAP SRAM BW: 8.651 words/cycle
Average Filter SRAM BW: 2.563 words/cycle
Average OFMAP SRAM BW: 8.651 words/cycle
Average IFMAP DRAM BW: 6.570 words/cycle
Average Filter DRAM BW: 7.787 words/cycle
Average OFMAP DRAM BW: 16.000 words/cycle

Running Layer 590
Total cycles: 2987
Compute cycles: 1599
Stall cycles: 0
Overall utilization: 54.03%
Mapping efficiency: 100.00%
Average IFMAP SRAM BW: 8.645 words/cycle
Average Filter SRAM BW: 2.562 words/cycle
Average OFMAP SRAM BW: 8.645 words/cycle
Average IFMAP DRAM BW: 6.570 words/cycle
Average Filter DRAM BW: 7.802 words/cycle
Average OFMAP DRAM BW: 16.000 words/cycle

Running Layer 591
Total cycles: 2987
Compute cycles: 1599
Stall cycles: 0
Overall utilization: 54.03%
Mapping efficiency: 100.00%
Average IFMAP SRAM BW: 8.645 words/cycle
Average Filter SRAM BW: 2.562 words/cycle
Average OFMAP SRAM BW: 8.645 words/cycle
Average IFMAP DRAM BW: 6.583 words/cycle
Average Filter DRAM BW: 7.802 words/cycle
Average OFMAP DRAM BW: 16.000 words/cycle

Running Layer 592
Total cycles: 5975
Compute cycles: 3199
Stall cycles: 0
Overall utilization: 54.02%
Mapping efficiency: 100.00%
Average IFMAP SRAM BW: 8.643 words/cycle
Average Filter SRAM BW: 2.561 words/cycle
Average OFMAP SRAM BW: 8.643 words/cycle
Average IFMAP DRAM BW: 6.583 words/cycle
Average Filter DRAM BW: 7.809 words/cycle
Average OFMAP DRAM BW: 16.000 words/cycle

Running Layer 593
Total cycles: 11689
Compute cycles: 6399
Stall cycles: 0
Overall utilization: 54.01%
Mapping efficiency: 100.00%
Average IFMAP SRAM BW: 8.641 words/cycle
Average Filter SRAM BW: 2.560 words/cycle
Average OFMAP SRAM BW: 8.641 words/cycle
Average IFMAP DRAM BW: 8.783 words/cycle
Average Filter DRAM BW: 8.929 words/cycle
Average OFMAP DRAM BW: 16.000 words/cycle

Running Layer 594
Total cycles: 885
Compute cycles: 403
Stall cycles: 0
Overall utilization: 13.65%
Mapping efficiency: 25.00%
Average IFMAP SRAM BW: 2.184 words/cycle
Average Filter SRAM BW: 0.635 words/cycle
Average OFMAP SRAM BW: 8.734 words/cycle
Average IFMAP DRAM BW: 0.837 words/cycle
Average Filter DRAM BW: 0.973 words/cycle
Average OFMAP DRAM BW: 16.000 words/cycle

Running Layer 595
Total cycles: 1509
Compute cycles: 807
Stall cycles: 0
Overall utilization: 13.63%
Mapping efficiency: 25.00%
Average IFMAP SRAM BW: 2.181 words/cycle
Average Filter SRAM BW: 0.634 words/cycle
Average OFMAP SRAM BW: 8.724 words/cycle
Average IFMAP DRAM BW: 0.837 words/cycle
Average Filter DRAM BW: 1.947 words/cycle
Average OFMAP DRAM BW: 16.000 words/cycle

Running Layer 596
Total cycles: 885
Compute cycles: 403
Stall cycles: 0
Overall utilization: 27.30%
Mapping efficiency: 50.00%
Average IFMAP SRAM BW: 4.367 words/cycle
Average Filter SRAM BW: 1.270 words/cycle
Average OFMAP SRAM BW: 8.734 words/cycle
Average IFMAP DRAM BW: 1.673 words/cycle
Average Filter DRAM BW: 1.947 words/cycle
Average OFMAP DRAM BW: 16.000 words/cycle

Running Layer 597
Total cycles: 1509
Compute cycles: 807
Stall cycles: 0
Overall utilization: 27.26%
Mapping efficiency: 50.00%
Average IFMAP SRAM BW: 4.362 words/cycle
Average Filter SRAM BW: 1.269 words/cycle
Average OFMAP SRAM BW: 8.724 words/cycle
Average IFMAP DRAM BW: 1.673 words/cycle
Average Filter DRAM BW: 3.894 words/cycle
Average OFMAP DRAM BW: 16.000 words/cycle

Running Layer 598
Total cycles: 885
Compute cycles: 403
Stall cycles: 0
Overall utilization: 54.59%
Mapping efficiency: 100.00%
Average IFMAP SRAM BW: 8.734 words/cycle
Average Filter SRAM BW: 2.541 words/cycle
Average OFMAP SRAM BW: 8.734 words/cycle
Average IFMAP DRAM BW: 3.346 words/cycle
Average Filter DRAM BW: 3.894 words/cycle
Average OFMAP DRAM BW: 16.000 words/cycle

Running Layer 599
Total cycles: 1509
Compute cycles: 807
Stall cycles: 0
Overall utilization: 54.52%
Mapping efficiency: 100.00%
Average IFMAP SRAM BW: 8.724 words/cycle
Average Filter SRAM BW: 2.538 words/cycle
Average OFMAP SRAM BW: 8.724 words/cycle
Average IFMAP DRAM BW: 3.346 words/cycle
Average Filter DRAM BW: 7.787 words/cycle
Average OFMAP DRAM BW: 16.000 words/cycle

Running Layer 600
Total cycles: 1509
Compute cycles: 807
Stall cycles: 0
Overall utilization: 54.52%
Mapping efficiency: 100.00%
Average IFMAP SRAM BW: 8.724 words/cycle
Average Filter SRAM BW: 2.538 words/cycle
Average OFMAP SRAM BW: 8.724 words/cycle
Average IFMAP DRAM BW: 6.692 words/cycle
Average Filter DRAM BW: 7.787 words/cycle
Average OFMAP DRAM BW: 16.000 words/cycle

Running Layer 601
Total cycles: 3019
Compute cycles: 1615
Stall cycles: 0
Overall utilization: 54.49%
Mapping efficiency: 100.00%
Average IFMAP SRAM BW: 8.718 words/cycle
Average Filter SRAM BW: 2.536 words/cycle
Average OFMAP SRAM BW: 8.718 words/cycle
Average IFMAP DRAM BW: 6.692 words/cycle
Average Filter DRAM BW: 7.802 words/cycle
Average OFMAP DRAM BW: 16.000 words/cycle

Running Layer 602
Total cycles: 3019
Compute cycles: 1615
Stall cycles: 0
Overall utilization: 54.49%
Mapping efficiency: 100.00%
Average IFMAP SRAM BW: 8.718 words/cycle
Average Filter SRAM BW: 2.536 words/cycle
Average OFMAP SRAM BW: 8.718 words/cycle
Average IFMAP DRAM BW: 6.705 words/cycle
Average Filter DRAM BW: 7.802 words/cycle
Average OFMAP DRAM BW: 16.000 words/cycle

Running Layer 603
Total cycles: 6039
Compute cycles: 3231
Stall cycles: 0
Overall utilization: 54.47%
Mapping efficiency: 100.00%
Average IFMAP SRAM BW: 8.716 words/cycle
Average Filter SRAM BW: 2.535 words/cycle
Average OFMAP SRAM BW: 8.716 words/cycle
Average IFMAP DRAM BW: 6.705 words/cycle
Average Filter DRAM BW: 7.809 words/cycle
Average OFMAP DRAM BW: 16.000 words/cycle

Running Layer 604
Total cycles: 11817
Compute cycles: 6463
Stall cycles: 0
Overall utilization: 54.46%
Mapping efficiency: 100.00%
Average IFMAP SRAM BW: 8.714 words/cycle
Average Filter SRAM BW: 2.535 words/cycle
Average OFMAP SRAM BW: 8.714 words/cycle
Average IFMAP DRAM BW: 8.945 words/cycle
Average Filter DRAM BW: 8.929 words/cycle
Average OFMAP DRAM BW: 16.000 words/cycle

Running Layer 605
Total cycles: 893
Compute cycles: 407
Stall cycles: 0
Overall utilization: 13.76%
Mapping efficiency: 25.00%
Average IFMAP SRAM BW: 2.201 words/cycle
Average Filter SRAM BW: 0.629 words/cycle
Average OFMAP SRAM BW: 8.806 words/cycle
Average IFMAP DRAM BW: 0.852 words/cycle
Average Filter DRAM BW: 0.973 words/cycle
Average OFMAP DRAM BW: 16.000 words/cycle

Running Layer 606
Total cycles: 1525
Compute cycles: 815
Stall cycles: 0
Overall utilization: 13.74%
Mapping efficiency: 25.00%
Average IFMAP SRAM BW: 2.199 words/cycle
Average Filter SRAM BW: 0.628 words/cycle
Average OFMAP SRAM BW: 8.795 words/cycle
Average IFMAP DRAM BW: 0.852 words/cycle
Average Filter DRAM BW: 1.947 words/cycle
Average OFMAP DRAM BW: 16.000 words/cycle

Running Layer 607
Total cycles: 893
Compute cycles: 407
Stall cycles: 0
Overall utilization: 27.52%
Mapping efficiency: 50.00%
Average IFMAP SRAM BW: 4.403 words/cycle
Average Filter SRAM BW: 1.258 words/cycle
Average OFMAP SRAM BW: 8.806 words/cycle
Average IFMAP DRAM BW: 1.703 words/cycle
Average Filter DRAM BW: 1.947 words/cycle
Average OFMAP DRAM BW: 16.000 words/cycle

Running Layer 608
Total cycles: 1525
Compute cycles: 815
Stall cycles: 0
Overall utilization: 27.48%
Mapping efficiency: 50.00%
Average IFMAP SRAM BW: 4.398 words/cycle
Average Filter SRAM BW: 1.256 words/cycle
Average OFMAP SRAM BW: 8.795 words/cycle
Average IFMAP DRAM BW: 1.703 words/cycle
Average Filter DRAM BW: 3.894 words/cycle
Average OFMAP DRAM BW: 16.000 words/cycle

Running Layer 609
Total cycles: 893
Compute cycles: 407
Stall cycles: 0
Overall utilization: 55.04%
Mapping efficiency: 100.00%
Average IFMAP SRAM BW: 8.806 words/cycle
Average Filter SRAM BW: 2.516 words/cycle
Average OFMAP SRAM BW: 8.806 words/cycle
Average IFMAP DRAM BW: 3.407 words/cycle
Average Filter DRAM BW: 3.894 words/cycle
Average OFMAP DRAM BW: 16.000 words/cycle

Running Layer 610
Total cycles: 1525
Compute cycles: 815
Stall cycles: 0
Overall utilization: 54.97%
Mapping efficiency: 100.00%
Average IFMAP SRAM BW: 8.795 words/cycle
Average Filter SRAM BW: 2.513 words/cycle
Average OFMAP SRAM BW: 8.795 words/cycle
Average IFMAP DRAM BW: 3.407 words/cycle
Average Filter DRAM BW: 7.787 words/cycle
Average OFMAP DRAM BW: 16.000 words/cycle

Running Layer 611
Total cycles: 1525
Compute cycles: 815
Stall cycles: 0
Overall utilization: 54.97%
Mapping efficiency: 100.00%
Average IFMAP SRAM BW: 8.795 words/cycle
Average Filter SRAM BW: 2.513 words/cycle
Average OFMAP SRAM BW: 8.795 words/cycle
Average IFMAP DRAM BW: 6.814 words/cycle
Average Filter DRAM BW: 7.787 words/cycle
Average OFMAP DRAM BW: 16.000 words/cycle

Running Layer 612
Total cycles: 3051
Compute cycles: 1631
Stall cycles: 0
Overall utilization: 54.94%
Mapping efficiency: 100.00%
Average IFMAP SRAM BW: 8.790 words/cycle
Average Filter SRAM BW: 2.511 words/cycle
Average OFMAP SRAM BW: 8.790 words/cycle
Average IFMAP DRAM BW: 6.814 words/cycle
Average Filter DRAM BW: 7.802 words/cycle
Average OFMAP DRAM BW: 16.000 words/cycle

Running Layer 613
Total cycles: 3051
Compute cycles: 1631
Stall cycles: 0
Overall utilization: 54.94%
Mapping efficiency: 100.00%
Average IFMAP SRAM BW: 8.790 words/cycle
Average Filter SRAM BW: 2.511 words/cycle
Average OFMAP SRAM BW: 8.790 words/cycle
Average IFMAP DRAM BW: 6.827 words/cycle
Average Filter DRAM BW: 7.802 words/cycle
Average OFMAP DRAM BW: 16.000 words/cycle

Running Layer 614
Total cycles: 6103
Compute cycles: 3263
Stall cycles: 0
Overall utilization: 54.92%
Mapping efficiency: 100.00%
Average IFMAP SRAM BW: 8.787 words/cycle
Average Filter SRAM BW: 2.511 words/cycle
Average OFMAP SRAM BW: 8.787 words/cycle
Average IFMAP DRAM BW: 6.827 words/cycle
Average Filter DRAM BW: 7.809 words/cycle
Average OFMAP DRAM BW: 16.000 words/cycle

Running Layer 615
Total cycles: 11945
Compute cycles: 6527
Stall cycles: 0
Overall utilization: 54.91%
Mapping efficiency: 100.00%
Average IFMAP SRAM BW: 8.786 words/cycle
Average Filter SRAM BW: 2.510 words/cycle
Average OFMAP SRAM BW: 8.786 words/cycle
Average IFMAP DRAM BW: 9.108 words/cycle
Average Filter DRAM BW: 8.929 words/cycle
Average OFMAP DRAM BW: 16.000 words/cycle

Running Layer 616
Total cycles: 901
Compute cycles: 411
Stall cycles: 0
Overall utilization: 13.87%
Mapping efficiency: 25.00%
Average IFMAP SRAM BW: 2.219 words/cycle
Average Filter SRAM BW: 0.623 words/cycle
Average OFMAP SRAM BW: 8.876 words/cycle
Average IFMAP DRAM BW: 0.867 words/cycle
Average Filter DRAM BW: 0.973 words/cycle
Average OFMAP DRAM BW: 16.000 words/cycle

Running Layer 617
Total cycles: 1541
Compute cycles: 823
Stall cycles: 0
Overall utilization: 13.85%
Mapping efficiency: 25.00%
Average IFMAP SRAM BW: 2.216 words/cycle
Average Filter SRAM BW: 0.622 words/cycle
Average OFMAP SRAM BW: 8.865 words/cycle
Average IFMAP DRAM BW: 0.867 words/cycle
Average Filter DRAM BW: 1.947 words/cycle
Average OFMAP DRAM BW: 16.000 words/cycle

Running Layer 618
Total cycles: 901
Compute cycles: 411
Stall cycles: 0
Overall utilization: 27.74%
Mapping efficiency: 50.00%
Average IFMAP SRAM BW: 4.438 words/cycle
Average Filter SRAM BW: 1.246 words/cycle
Average OFMAP SRAM BW: 8.876 words/cycle
Average IFMAP DRAM BW: 1.734 words/cycle
Average Filter DRAM BW: 1.947 words/cycle
Average OFMAP DRAM BW: 16.000 words/cycle

Running Layer 619
Total cycles: 1541
Compute cycles: 823
Stall cycles: 0
Overall utilization: 27.70%
Mapping efficiency: 50.00%
Average IFMAP SRAM BW: 4.433 words/cycle
Average Filter SRAM BW: 1.244 words/cycle
Average OFMAP SRAM BW: 8.865 words/cycle
Average IFMAP DRAM BW: 1.734 words/cycle
Average Filter DRAM BW: 3.894 words/cycle
Average OFMAP DRAM BW: 16.000 words/cycle

Running Layer 620
Total cycles: 901
Compute cycles: 411
Stall cycles: 0
Overall utilization: 55.47%
Mapping efficiency: 100.00%
Average IFMAP SRAM BW: 8.876 words/cycle
Average Filter SRAM BW: 2.491 words/cycle
Average OFMAP SRAM BW: 8.876 words/cycle
Average IFMAP DRAM BW: 3.468 words/cycle
Average Filter DRAM BW: 3.894 words/cycle
Average OFMAP DRAM BW: 16.000 words/cycle

Running Layer 621
Total cycles: 1541
Compute cycles: 823
Stall cycles: 0
Overall utilization: 55.41%
Mapping efficiency: 100.00%
Average IFMAP SRAM BW: 8.865 words/cycle
Average Filter SRAM BW: 2.488 words/cycle
Average OFMAP SRAM BW: 8.865 words/cycle
Average IFMAP DRAM BW: 3.468 words/cycle
Average Filter DRAM BW: 7.787 words/cycle
Average OFMAP DRAM BW: 16.000 words/cycle

Running Layer 622
Total cycles: 1541
Compute cycles: 823
Stall cycles: 0
Overall utilization: 55.41%
Mapping efficiency: 100.00%
Average IFMAP SRAM BW: 8.865 words/cycle
Average Filter SRAM BW: 2.488 words/cycle
Average OFMAP SRAM BW: 8.865 words/cycle
Average IFMAP DRAM BW: 6.935 words/cycle
Average Filter DRAM BW: 7.787 words/cycle
Average OFMAP DRAM BW: 16.000 words/cycle

Running Layer 623
Total cycles: 3083
Compute cycles: 1647
Stall cycles: 0
Overall utilization: 55.37%
Mapping efficiency: 100.00%
Average IFMAP SRAM BW: 8.860 words/cycle
Average Filter SRAM BW: 2.487 words/cycle
Average OFMAP SRAM BW: 8.860 words/cycle
Average IFMAP DRAM BW: 6.935 words/cycle
Average Filter DRAM BW: 7.802 words/cycle
Average OFMAP DRAM BW: 16.000 words/cycle

Running Layer 624
Total cycles: 3083
Compute cycles: 1647
Stall cycles: 0
Overall utilization: 55.37%
Mapping efficiency: 100.00%
Average IFMAP SRAM BW: 8.860 words/cycle
Average Filter SRAM BW: 2.487 words/cycle
Average OFMAP SRAM BW: 8.860 words/cycle
Average IFMAP DRAM BW: 6.949 words/cycle
Average Filter DRAM BW: 7.802 words/cycle
Average OFMAP DRAM BW: 16.000 words/cycle

Running Layer 625
Total cycles: 6167
Compute cycles: 3295
Stall cycles: 0
Overall utilization: 55.36%
Mapping efficiency: 100.00%
Average IFMAP SRAM BW: 8.857 words/cycle
Average Filter SRAM BW: 2.486 words/cycle
Average OFMAP SRAM BW: 8.857 words/cycle
Average IFMAP DRAM BW: 6.949 words/cycle
Average Filter DRAM BW: 7.809 words/cycle
Average OFMAP DRAM BW: 16.000 words/cycle

Running Layer 626
Total cycles: 12073
Compute cycles: 6591
Stall cycles: 0
Overall utilization: 55.35%
Mapping efficiency: 100.00%
Average IFMAP SRAM BW: 8.856 words/cycle
Average Filter SRAM BW: 2.486 words/cycle
Average OFMAP SRAM BW: 8.856 words/cycle
Average IFMAP DRAM BW: 9.271 words/cycle
Average Filter DRAM BW: 8.929 words/cycle
Average OFMAP DRAM BW: 16.000 words/cycle

Running Layer 627
Total cycles: 909
Compute cycles: 415
Stall cycles: 0
Overall utilization: 13.98%
Mapping efficiency: 25.00%
Average IFMAP SRAM BW: 2.236 words/cycle
Average Filter SRAM BW: 0.617 words/cycle
Average OFMAP SRAM BW: 8.945 words/cycle
Average IFMAP DRAM BW: 0.882 words/cycle
Average Filter DRAM BW: 0.973 words/cycle
Average OFMAP DRAM BW: 16.000 words/cycle

Running Layer 628
Total cycles: 1557
Compute cycles: 831
Stall cycles: 0
Overall utilization: 13.96%
Mapping efficiency: 25.00%
Average IFMAP SRAM BW: 2.233 words/cycle
Average Filter SRAM BW: 0.616 words/cycle
Average OFMAP SRAM BW: 8.934 words/cycle
Average IFMAP DRAM BW: 0.882 words/cycle
Average Filter DRAM BW: 1.947 words/cycle
Average OFMAP DRAM BW: 16.000 words/cycle

Running Layer 629
Total cycles: 909
Compute cycles: 415
Stall cycles: 0
Overall utilization: 27.95%
Mapping efficiency: 50.00%
Average IFMAP SRAM BW: 4.472 words/cycle
Average Filter SRAM BW: 1.234 words/cycle
Average OFMAP SRAM BW: 8.945 words/cycle
Average IFMAP DRAM BW: 1.764 words/cycle
Average Filter DRAM BW: 1.947 words/cycle
Average OFMAP DRAM BW: 16.000 words/cycle

Running Layer 630
Total cycles: 1557
Compute cycles: 831
Stall cycles: 0
Overall utilization: 27.92%
Mapping efficiency: 50.00%
Average IFMAP SRAM BW: 4.467 words/cycle
Average Filter SRAM BW: 1.232 words/cycle
Average OFMAP SRAM BW: 8.934 words/cycle
Average IFMAP DRAM BW: 1.764 words/cycle
Average Filter DRAM BW: 3.894 words/cycle
Average OFMAP DRAM BW: 16.000 words/cycle

Running Layer 631
Total cycles: 909
Compute cycles: 415
Stall cycles: 0
Overall utilization: 55.90%
Mapping efficiency: 100.00%
Average IFMAP SRAM BW: 8.945 words/cycle
Average Filter SRAM BW: 2.467 words/cycle
Average OFMAP SRAM BW: 8.945 words/cycle
Average IFMAP DRAM BW: 3.529 words/cycle
Average Filter DRAM BW: 3.894 words/cycle
Average OFMAP DRAM BW: 16.000 words/cycle

Running Layer 632
Total cycles: 1557
Compute cycles: 831
Stall cycles: 0
Overall utilization: 55.84%
Mapping efficiency: 100.00%
Average IFMAP SRAM BW: 8.934 words/cycle
Average Filter SRAM BW: 2.465 words/cycle
Average OFMAP SRAM BW: 8.934 words/cycle
Average IFMAP DRAM BW: 3.529 words/cycle
Average Filter DRAM BW: 7.787 words/cycle
Average OFMAP DRAM BW: 16.000 words/cycle

Running Layer 633
Total cycles: 1557
Compute cycles: 831
Stall cycles: 0
Overall utilization: 55.84%
Mapping efficiency: 100.00%
Average IFMAP SRAM BW: 8.934 words/cycle
Average Filter SRAM BW: 2.465 words/cycle
Average OFMAP SRAM BW: 8.934 words/cycle
Average IFMAP DRAM BW: 7.057 words/cycle
Average Filter DRAM BW: 7.787 words/cycle
Average OFMAP DRAM BW: 16.000 words/cycle

Running Layer 634
Total cycles: 3115
Compute cycles: 1663
Stall cycles: 0
Overall utilization: 55.80%
Mapping efficiency: 100.00%
Average IFMAP SRAM BW: 8.928 words/cycle
Average Filter SRAM BW: 2.463 words/cycle
Average OFMAP SRAM BW: 8.928 words/cycle
Average IFMAP DRAM BW: 7.057 words/cycle
Average Filter DRAM BW: 7.802 words/cycle
Average OFMAP DRAM BW: 16.000 words/cycle

Running Layer 635
Total cycles: 3115
Compute cycles: 1663
Stall cycles: 0
Overall utilization: 55.80%
Mapping efficiency: 100.00%
Average IFMAP SRAM BW: 8.928 words/cycle
Average Filter SRAM BW: 2.463 words/cycle
Average OFMAP SRAM BW: 8.928 words/cycle
Average IFMAP DRAM BW: 7.070 words/cycle
Average Filter DRAM BW: 7.802 words/cycle
Average OFMAP DRAM BW: 16.000 words/cycle

Running Layer 636
Total cycles: 6231
Compute cycles: 3327
Stall cycles: 0
Overall utilization: 55.79%
Mapping efficiency: 100.00%
Average IFMAP SRAM BW: 8.926 words/cycle
Average Filter SRAM BW: 2.462 words/cycle
Average OFMAP SRAM BW: 8.926 words/cycle
Average IFMAP DRAM BW: 7.070 words/cycle
Average Filter DRAM BW: 7.809 words/cycle
Average OFMAP DRAM BW: 16.000 words/cycle

Running Layer 637
Total cycles: 12201
Compute cycles: 6655
Stall cycles: 0
Overall utilization: 55.78%
Mapping efficiency: 100.00%
Average IFMAP SRAM BW: 8.924 words/cycle
Average Filter SRAM BW: 2.462 words/cycle
Average OFMAP SRAM BW: 8.924 words/cycle
Average IFMAP DRAM BW: 9.433 words/cycle
Average Filter DRAM BW: 8.929 words/cycle
Average OFMAP DRAM BW: 16.000 words/cycle

Running Layer 638
Total cycles: 917
Compute cycles: 419
Stall cycles: 0
Overall utilization: 14.08%
Mapping efficiency: 25.00%
Average IFMAP SRAM BW: 2.253 words/cycle
Average Filter SRAM BW: 0.611 words/cycle
Average OFMAP SRAM BW: 9.012 words/cycle
Average IFMAP DRAM BW: 0.897 words/cycle
Average Filter DRAM BW: 0.973 words/cycle
Average OFMAP DRAM BW: 16.000 words/cycle

Running Layer 639
Total cycles: 1573
Compute cycles: 839
Stall cycles: 0
Overall utilization: 14.06%
Mapping efficiency: 25.00%
Average IFMAP SRAM BW: 2.250 words/cycle
Average Filter SRAM BW: 0.610 words/cycle
Average OFMAP SRAM BW: 9.001 words/cycle
Average IFMAP DRAM BW: 0.897 words/cycle
Average Filter DRAM BW: 1.947 words/cycle
Average OFMAP DRAM BW: 16.000 words/cycle

Running Layer 640
Total cycles: 917
Compute cycles: 419
Stall cycles: 0
Overall utilization: 28.16%
Mapping efficiency: 50.00%
Average IFMAP SRAM BW: 4.506 words/cycle
Average Filter SRAM BW: 1.222 words/cycle
Average OFMAP SRAM BW: 9.012 words/cycle
Average IFMAP DRAM BW: 1.795 words/cycle
Average Filter DRAM BW: 1.947 words/cycle
Average OFMAP DRAM BW: 16.000 words/cycle

Running Layer 641
Total cycles: 1573
Compute cycles: 839
Stall cycles: 0
Overall utilization: 28.13%
Mapping efficiency: 50.00%
Average IFMAP SRAM BW: 4.501 words/cycle
Average Filter SRAM BW: 1.221 words/cycle
Average OFMAP SRAM BW: 9.001 words/cycle
Average IFMAP DRAM BW: 1.795 words/cycle
Average Filter DRAM BW: 3.894 words/cycle
Average OFMAP DRAM BW: 16.000 words/cycle

Running Layer 642
Total cycles: 917
Compute cycles: 419
Stall cycles: 0
Overall utilization: 56.32%
Mapping efficiency: 100.00%
Average IFMAP SRAM BW: 9.012 words/cycle
Average Filter SRAM BW: 2.444 words/cycle
Average OFMAP SRAM BW: 9.012 words/cycle
Average IFMAP DRAM BW: 3.589 words/cycle
Average Filter DRAM BW: 3.894 words/cycle
Average OFMAP DRAM BW: 16.000 words/cycle

Running Layer 643
Total cycles: 1573
Compute cycles: 839
Stall cycles: 0
Overall utilization: 56.26%
Mapping efficiency: 100.00%
Average IFMAP SRAM BW: 9.001 words/cycle
Average Filter SRAM BW: 2.441 words/cycle
Average OFMAP SRAM BW: 9.001 words/cycle
Average IFMAP DRAM BW: 3.589 words/cycle
Average Filter DRAM BW: 7.787 words/cycle
Average OFMAP DRAM BW: 16.000 words/cycle

Running Layer 644
Total cycles: 1573
Compute cycles: 839
Stall cycles: 0
Overall utilization: 56.26%
Mapping efficiency: 100.00%
Average IFMAP SRAM BW: 9.001 words/cycle
Average Filter SRAM BW: 2.441 words/cycle
Average OFMAP SRAM BW: 9.001 words/cycle
Average IFMAP DRAM BW: 7.179 words/cycle
Average Filter DRAM BW: 7.787 words/cycle
Average OFMAP DRAM BW: 16.000 words/cycle

Running Layer 645
Total cycles: 3147
Compute cycles: 1679
Stall cycles: 0
Overall utilization: 56.22%
Mapping efficiency: 100.00%
Average IFMAP SRAM BW: 8.996 words/cycle
Average Filter SRAM BW: 2.440 words/cycle
Average OFMAP SRAM BW: 8.996 words/cycle
Average IFMAP DRAM BW: 7.179 words/cycle
Average Filter DRAM BW: 7.802 words/cycle
Average OFMAP DRAM BW: 16.000 words/cycle

Running Layer 646
Total cycles: 3147
Compute cycles: 1679
Stall cycles: 0
Overall utilization: 56.22%
Mapping efficiency: 100.00%
Average IFMAP SRAM BW: 8.996 words/cycle
Average Filter SRAM BW: 2.440 words/cycle
Average OFMAP SRAM BW: 8.996 words/cycle
Average IFMAP DRAM BW: 7.192 words/cycle
Average Filter DRAM BW: 7.802 words/cycle
Average OFMAP DRAM BW: 16.000 words/cycle

Running Layer 647
Total cycles: 6295
Compute cycles: 3359
Stall cycles: 0
Overall utilization: 56.21%
Mapping efficiency: 100.00%
Average IFMAP SRAM BW: 8.993 words/cycle
Average Filter SRAM BW: 2.439 words/cycle
Average OFMAP SRAM BW: 8.993 words/cycle
Average IFMAP DRAM BW: 7.192 words/cycle
Average Filter DRAM BW: 7.809 words/cycle
Average OFMAP DRAM BW: 16.000 words/cycle

Running Layer 648
Total cycles: 12329
Compute cycles: 6719
Stall cycles: 0
Overall utilization: 56.20%
Mapping efficiency: 100.00%
Average IFMAP SRAM BW: 8.992 words/cycle
Average Filter SRAM BW: 2.438 words/cycle
Average OFMAP SRAM BW: 8.992 words/cycle
Average IFMAP DRAM BW: 9.596 words/cycle
Average Filter DRAM BW: 8.929 words/cycle
Average OFMAP DRAM BW: 16.000 words/cycle

Running Layer 649
Total cycles: 925
Compute cycles: 423
Stall cycles: 0
Overall utilization: 14.18%
Mapping efficiency: 25.00%
Average IFMAP SRAM BW: 2.270 words/cycle
Average Filter SRAM BW: 0.605 words/cycle
Average OFMAP SRAM BW: 9.078 words/cycle
Average IFMAP DRAM BW: 0.913 words/cycle
Average Filter DRAM BW: 0.973 words/cycle
Average OFMAP DRAM BW: 16.000 words/cycle

Running Layer 650
Total cycles: 1589
Compute cycles: 847
Stall cycles: 0
Overall utilization: 14.17%
Mapping efficiency: 25.00%
Average IFMAP SRAM BW: 2.267 words/cycle
Average Filter SRAM BW: 0.604 words/cycle
Average OFMAP SRAM BW: 9.067 words/cycle
Average IFMAP DRAM BW: 0.913 words/cycle
Average Filter DRAM BW: 1.947 words/cycle
Average OFMAP DRAM BW: 16.000 words/cycle

Running Layer 651
Total cycles: 925
Compute cycles: 423
Stall cycles: 0
Overall utilization: 28.37%
Mapping efficiency: 50.00%
Average IFMAP SRAM BW: 4.539 words/cycle
Average Filter SRAM BW: 1.210 words/cycle
Average OFMAP SRAM BW: 9.078 words/cycle
Average IFMAP DRAM BW: 1.825 words/cycle
Average Filter DRAM BW: 1.947 words/cycle
Average OFMAP DRAM BW: 16.000 words/cycle

Running Layer 652
Total cycles: 1589
Compute cycles: 847
Stall cycles: 0
Overall utilization: 28.34%
Mapping efficiency: 50.00%
Average IFMAP SRAM BW: 4.534 words/cycle
Average Filter SRAM BW: 1.209 words/cycle
Average OFMAP SRAM BW: 9.067 words/cycle
Average IFMAP DRAM BW: 1.825 words/cycle
Average Filter DRAM BW: 3.894 words/cycle
Average OFMAP DRAM BW: 16.000 words/cycle

Running Layer 653
Total cycles: 925
Compute cycles: 423
Stall cycles: 0
Overall utilization: 56.74%
Mapping efficiency: 100.00%
Average IFMAP SRAM BW: 9.078 words/cycle
Average Filter SRAM BW: 2.421 words/cycle
Average OFMAP SRAM BW: 9.078 words/cycle
Average IFMAP DRAM BW: 3.650 words/cycle
Average Filter DRAM BW: 3.894 words/cycle
Average OFMAP DRAM BW: 16.000 words/cycle

Running Layer 654
Total cycles: 1589
Compute cycles: 847
Stall cycles: 0
Overall utilization: 56.67%
Mapping efficiency: 100.00%
Average IFMAP SRAM BW: 9.067 words/cycle
Average Filter SRAM BW: 2.418 words/cycle
Average OFMAP SRAM BW: 9.067 words/cycle
Average IFMAP DRAM BW: 3.650 words/cycle
Average Filter DRAM BW: 7.787 words/cycle
Average OFMAP DRAM BW: 16.000 words/cycle

Running Layer 655
Total cycles: 1589
Compute cycles: 847
Stall cycles: 0
Overall utilization: 56.67%
Mapping efficiency: 100.00%
Average IFMAP SRAM BW: 9.067 words/cycle
Average Filter SRAM BW: 2.418 words/cycle
Average OFMAP SRAM BW: 9.067 words/cycle
Average IFMAP DRAM BW: 7.300 words/cycle
Average Filter DRAM BW: 7.787 words/cycle
Average OFMAP DRAM BW: 16.000 words/cycle

Running Layer 656
Total cycles: 3179
Compute cycles: 1695
Stall cycles: 0
Overall utilization: 56.64%
Mapping efficiency: 100.00%
Average IFMAP SRAM BW: 9.062 words/cycle
Average Filter SRAM BW: 2.417 words/cycle
Average OFMAP SRAM BW: 9.062 words/cycle
Average IFMAP DRAM BW: 7.300 words/cycle
Average Filter DRAM BW: 7.802 words/cycle
Average OFMAP DRAM BW: 16.000 words/cycle

Running Layer 657
Total cycles: 3179
Compute cycles: 1695
Stall cycles: 0
Overall utilization: 56.64%
Mapping efficiency: 100.00%
Average IFMAP SRAM BW: 9.062 words/cycle
Average Filter SRAM BW: 2.417 words/cycle
Average OFMAP SRAM BW: 9.062 words/cycle
Average IFMAP DRAM BW: 7.314 words/cycle
Average Filter DRAM BW: 7.802 words/cycle
Average OFMAP DRAM BW: 16.000 words/cycle

Running Layer 658
Total cycles: 6359
Compute cycles: 3391
Stall cycles: 0
Overall utilization: 56.62%
Mapping efficiency: 100.00%
Average IFMAP SRAM BW: 9.059 words/cycle
Average Filter SRAM BW: 2.416 words/cycle
Average OFMAP SRAM BW: 9.059 words/cycle
Average IFMAP DRAM BW: 7.314 words/cycle
Average Filter DRAM BW: 7.809 words/cycle
Average OFMAP DRAM BW: 16.000 words/cycle

Running Layer 659
Total cycles: 12457
Compute cycles: 6783
Stall cycles: 0
Overall utilization: 56.61%
Mapping efficiency: 100.00%
Average IFMAP SRAM BW: 9.058 words/cycle
Average Filter SRAM BW: 2.415 words/cycle
Average OFMAP SRAM BW: 9.058 words/cycle
Average IFMAP DRAM BW: 9.759 words/cycle
Average Filter DRAM BW: 8.929 words/cycle
Average OFMAP DRAM BW: 16.000 words/cycle

Running Layer 660
Total cycles: 933
Compute cycles: 427
Stall cycles: 0
Overall utilization: 14.29%
Mapping efficiency: 25.00%
Average IFMAP SRAM BW: 2.286 words/cycle
Average Filter SRAM BW: 0.600 words/cycle
Average OFMAP SRAM BW: 9.143 words/cycle
Average IFMAP DRAM BW: 0.928 words/cycle
Average Filter DRAM BW: 0.973 words/cycle
Average OFMAP DRAM BW: 16.000 words/cycle

Running Layer 661
Total cycles: 1605
Compute cycles: 855
Stall cycles: 0
Overall utilization: 14.27%
Mapping efficiency: 25.00%
Average IFMAP SRAM BW: 2.283 words/cycle
Average Filter SRAM BW: 0.599 words/cycle
Average OFMAP SRAM BW: 9.132 words/cycle
Average IFMAP DRAM BW: 0.928 words/cycle
Average Filter DRAM BW: 1.947 words/cycle
Average OFMAP DRAM BW: 16.000 words/cycle

Running Layer 662
Total cycles: 933
Compute cycles: 427
Stall cycles: 0
Overall utilization: 28.57%
Mapping efficiency: 50.00%
Average IFMAP SRAM BW: 4.571 words/cycle
Average Filter SRAM BW: 1.199 words/cycle
Average OFMAP SRAM BW: 9.143 words/cycle
Average IFMAP DRAM BW: 1.856 words/cycle
Average Filter DRAM BW: 1.947 words/cycle
Average OFMAP DRAM BW: 16.000 words/cycle

Running Layer 663
Total cycles: 1605
Compute cycles: 855
Stall cycles: 0
Overall utilization: 28.54%
Mapping efficiency: 50.00%
Average IFMAP SRAM BW: 4.566 words/cycle
Average Filter SRAM BW: 1.198 words/cycle
Average OFMAP SRAM BW: 9.132 words/cycle
Average IFMAP DRAM BW: 1.856 words/cycle
Average Filter DRAM BW: 3.894 words/cycle
Average OFMAP DRAM BW: 16.000 words/cycle

Running Layer 664
Total cycles: 933
Compute cycles: 427
Stall cycles: 0
Overall utilization: 57.14%
Mapping efficiency: 100.00%
Average IFMAP SRAM BW: 9.143 words/cycle
Average Filter SRAM BW: 2.398 words/cycle
Average OFMAP SRAM BW: 9.143 words/cycle
Average IFMAP DRAM BW: 3.711 words/cycle
Average Filter DRAM BW: 3.894 words/cycle
Average OFMAP DRAM BW: 16.000 words/cycle

Running Layer 665
Total cycles: 1605
Compute cycles: 855
Stall cycles: 0
Overall utilization: 57.08%
Mapping efficiency: 100.00%
Average IFMAP SRAM BW: 9.132 words/cycle
Average Filter SRAM BW: 2.395 words/cycle
Average OFMAP SRAM BW: 9.132 words/cycle
Average IFMAP DRAM BW: 3.711 words/cycle
Average Filter DRAM BW: 7.787 words/cycle
Average OFMAP DRAM BW: 16.000 words/cycle

Running Layer 666
Total cycles: 1605
Compute cycles: 855
Stall cycles: 0
Overall utilization: 57.08%
Mapping efficiency: 100.00%
Average IFMAP SRAM BW: 9.132 words/cycle
Average Filter SRAM BW: 2.395 words/cycle
Average OFMAP SRAM BW: 9.132 words/cycle
Average IFMAP DRAM BW: 7.422 words/cycle
Average Filter DRAM BW: 7.787 words/cycle
Average OFMAP DRAM BW: 16.000 words/cycle

Running Layer 667
Total cycles: 3211
Compute cycles: 1711
Stall cycles: 0
Overall utilization: 57.04%
Mapping efficiency: 100.00%
Average IFMAP SRAM BW: 9.127 words/cycle
Average Filter SRAM BW: 2.394 words/cycle
Average OFMAP SRAM BW: 9.127 words/cycle
Average IFMAP DRAM BW: 7.422 words/cycle
Average Filter DRAM BW: 7.802 words/cycle
Average OFMAP DRAM BW: 16.000 words/cycle

Running Layer 668
Total cycles: 3211
Compute cycles: 1711
Stall cycles: 0
Overall utilization: 57.04%
Mapping efficiency: 100.00%
Average IFMAP SRAM BW: 9.127 words/cycle
Average Filter SRAM BW: 2.394 words/cycle
Average OFMAP SRAM BW: 9.127 words/cycle
Average IFMAP DRAM BW: 7.436 words/cycle
Average Filter DRAM BW: 7.802 words/cycle
Average OFMAP DRAM BW: 16.000 words/cycle

Running Layer 669
Total cycles: 6423
Compute cycles: 3423
Stall cycles: 0
Overall utilization: 57.03%
Mapping efficiency: 100.00%
Average IFMAP SRAM BW: 9.124 words/cycle
Average Filter SRAM BW: 2.393 words/cycle
Average OFMAP SRAM BW: 9.124 words/cycle
Average IFMAP DRAM BW: 7.436 words/cycle
Average Filter DRAM BW: 7.809 words/cycle
Average OFMAP DRAM BW: 16.000 words/cycle

Running Layer 670
Total cycles: 12585
Compute cycles: 6847
Stall cycles: 0
Overall utilization: 57.02%
Mapping efficiency: 100.00%
Average IFMAP SRAM BW: 9.123 words/cycle
Average Filter SRAM BW: 2.393 words/cycle
Average OFMAP SRAM BW: 9.123 words/cycle
Average IFMAP DRAM BW: 9.921 words/cycle
Average Filter DRAM BW: 8.929 words/cycle
Average OFMAP DRAM BW: 16.000 words/cycle

Running Layer 671
Total cycles: 941
Compute cycles: 431
Stall cycles: 0
Overall utilization: 14.39%
Mapping efficiency: 25.00%
Average IFMAP SRAM BW: 2.302 words/cycle
Average Filter SRAM BW: 0.594 words/cycle
Average OFMAP SRAM BW: 9.206 words/cycle
Average IFMAP DRAM BW: 0.943 words/cycle
Average Filter DRAM BW: 0.973 words/cycle
Average OFMAP DRAM BW: 16.000 words/cycle

Running Layer 672
Total cycles: 1621
Compute cycles: 863
Stall cycles: 0
Overall utilization: 14.37%
Mapping efficiency: 25.00%
Average IFMAP SRAM BW: 2.299 words/cycle
Average Filter SRAM BW: 0.593 words/cycle
Average OFMAP SRAM BW: 9.196 words/cycle
Average IFMAP DRAM BW: 0.943 words/cycle
Average Filter DRAM BW: 1.947 words/cycle
Average OFMAP DRAM BW: 16.000 words/cycle

Running Layer 673
Total cycles: 941
Compute cycles: 431
Stall cycles: 0
Overall utilization: 28.77%
Mapping efficiency: 50.00%
Average IFMAP SRAM BW: 4.603 words/cycle
Average Filter SRAM BW: 1.188 words/cycle
Average OFMAP SRAM BW: 9.206 words/cycle
Average IFMAP DRAM BW: 1.886 words/cycle
Average Filter DRAM BW: 1.947 words/cycle
Average OFMAP DRAM BW: 16.000 words/cycle

Running Layer 674
Total cycles: 1621
Compute cycles: 863
Stall cycles: 0
Overall utilization: 28.74%
Mapping efficiency: 50.00%
Average IFMAP SRAM BW: 4.598 words/cycle
Average Filter SRAM BW: 1.187 words/cycle
Average OFMAP SRAM BW: 9.196 words/cycle
Average IFMAP DRAM BW: 1.886 words/cycle
Average Filter DRAM BW: 3.894 words/cycle
Average OFMAP DRAM BW: 16.000 words/cycle

Running Layer 675
Total cycles: 941
Compute cycles: 431
Stall cycles: 0
Overall utilization: 57.54%
Mapping efficiency: 100.00%
Average IFMAP SRAM BW: 9.206 words/cycle
Average Filter SRAM BW: 2.376 words/cycle
Average OFMAP SRAM BW: 9.206 words/cycle
Average IFMAP DRAM BW: 3.772 words/cycle
Average Filter DRAM BW: 3.894 words/cycle
Average OFMAP DRAM BW: 16.000 words/cycle

Running Layer 676
Total cycles: 1621
Compute cycles: 863
Stall cycles: 0
Overall utilization: 57.47%
Mapping efficiency: 100.00%
Average IFMAP SRAM BW: 9.196 words/cycle
Average Filter SRAM BW: 2.373 words/cycle
Average OFMAP SRAM BW: 9.196 words/cycle
Average IFMAP DRAM BW: 3.772 words/cycle
Average Filter DRAM BW: 7.787 words/cycle
Average OFMAP DRAM BW: 16.000 words/cycle

Running Layer 677
Total cycles: 1621
Compute cycles: 863
Stall cycles: 0
Overall utilization: 57.47%
Mapping efficiency: 100.00%
Average IFMAP SRAM BW: 9.196 words/cycle
Average Filter SRAM BW: 2.373 words/cycle
Average OFMAP SRAM BW: 9.196 words/cycle
Average IFMAP DRAM BW: 7.544 words/cycle
Average Filter DRAM BW: 7.787 words/cycle
Average OFMAP DRAM BW: 16.000 words/cycle

Running Layer 678
Total cycles: 3243
Compute cycles: 1727
Stall cycles: 0
Overall utilization: 57.44%
Mapping efficiency: 100.00%
Average IFMAP SRAM BW: 9.191 words/cycle
Average Filter SRAM BW: 2.372 words/cycle
Average OFMAP SRAM BW: 9.191 words/cycle
Average IFMAP DRAM BW: 7.544 words/cycle
Average Filter DRAM BW: 7.802 words/cycle
Average OFMAP DRAM BW: 16.000 words/cycle

Running Layer 679
Total cycles: 3243
Compute cycles: 1727
Stall cycles: 0
Overall utilization: 57.44%
Mapping efficiency: 100.00%
Average IFMAP SRAM BW: 9.191 words/cycle
Average Filter SRAM BW: 2.372 words/cycle
Average OFMAP SRAM BW: 9.191 words/cycle
Average IFMAP DRAM BW: 7.558 words/cycle
Average Filter DRAM BW: 7.802 words/cycle
Average OFMAP DRAM BW: 16.000 words/cycle

Running Layer 680
Total cycles: 6487
Compute cycles: 3455
Stall cycles: 0
Overall utilization: 57.42%
Mapping efficiency: 100.00%
Average IFMAP SRAM BW: 9.188 words/cycle
Average Filter SRAM BW: 2.371 words/cycle
Average OFMAP SRAM BW: 9.188 words/cycle
Average IFMAP DRAM BW: 7.558 words/cycle
Average Filter DRAM BW: 7.809 words/cycle
Average OFMAP DRAM BW: 16.000 words/cycle

Running Layer 681
Total cycles: 12713
Compute cycles: 6911
Stall cycles: 0
Overall utilization: 57.42%
Mapping efficiency: 100.00%
Average IFMAP SRAM BW: 9.187 words/cycle
Average Filter SRAM BW: 2.371 words/cycle
Average OFMAP SRAM BW: 9.187 words/cycle
Average IFMAP DRAM BW: 7.565 words/cycle
Average Filter DRAM BW: 8.929 words/cycle
Average OFMAP DRAM BW: 16.000 words/cycle

Running Layer 682
Total cycles: 949
Compute cycles: 435
Stall cycles: 0
Overall utilization: 14.48%
Mapping efficiency: 25.00%
Average IFMAP SRAM BW: 2.317 words/cycle
Average Filter SRAM BW: 0.589 words/cycle
Average OFMAP SRAM BW: 9.269 words/cycle
Average IFMAP DRAM BW: 0.958 words/cycle
Average Filter DRAM BW: 0.973 words/cycle
Average OFMAP DRAM BW: 16.000 words/cycle

Running Layer 683
Total cycles: 1637
Compute cycles: 871
Stall cycles: 0
Overall utilization: 14.47%
Mapping efficiency: 25.00%
Average IFMAP SRAM BW: 2.315 words/cycle
Average Filter SRAM BW: 0.588 words/cycle
Average OFMAP SRAM BW: 9.258 words/cycle
Average IFMAP DRAM BW: 0.958 words/cycle
Average Filter DRAM BW: 1.947 words/cycle
Average OFMAP DRAM BW: 16.000 words/cycle

Running Layer 684
Total cycles: 949
Compute cycles: 435
Stall cycles: 0
Overall utilization: 28.97%
Mapping efficiency: 50.00%
Average IFMAP SRAM BW: 4.634 words/cycle
Average Filter SRAM BW: 1.177 words/cycle
Average OFMAP SRAM BW: 9.269 words/cycle
Average IFMAP DRAM BW: 1.916 words/cycle
Average Filter DRAM BW: 1.947 words/cycle
Average OFMAP DRAM BW: 16.000 words/cycle

Running Layer 685
Total cycles: 1637
Compute cycles: 871
Stall cycles: 0
Overall utilization: 28.93%
Mapping efficiency: 50.00%
Average IFMAP SRAM BW: 4.629 words/cycle
Average Filter SRAM BW: 1.176 words/cycle
Average OFMAP SRAM BW: 9.258 words/cycle
Average IFMAP DRAM BW: 1.916 words/cycle
Average Filter DRAM BW: 3.894 words/cycle
Average OFMAP DRAM BW: 16.000 words/cycle

Running Layer 686
Total cycles: 949
Compute cycles: 435
Stall cycles: 0
Overall utilization: 57.93%
Mapping efficiency: 100.00%
Average IFMAP SRAM BW: 9.269 words/cycle
Average Filter SRAM BW: 2.354 words/cycle
Average OFMAP SRAM BW: 9.269 words/cycle
Average IFMAP DRAM BW: 3.833 words/cycle
Average Filter DRAM BW: 3.894 words/cycle
Average OFMAP DRAM BW: 16.000 words/cycle

Running Layer 687
Total cycles: 1637
Compute cycles: 871
Stall cycles: 0
Overall utilization: 57.86%
Mapping efficiency: 100.00%
Average IFMAP SRAM BW: 9.258 words/cycle
Average Filter SRAM BW: 2.351 words/cycle
Average OFMAP SRAM BW: 9.258 words/cycle
Average IFMAP DRAM BW: 3.833 words/cycle
Average Filter DRAM BW: 7.787 words/cycle
Average OFMAP DRAM BW: 16.000 words/cycle

Running Layer 688
Total cycles: 1637
Compute cycles: 871
Stall cycles: 0
Overall utilization: 57.86%
Mapping efficiency: 100.00%
Average IFMAP SRAM BW: 9.258 words/cycle
Average Filter SRAM BW: 2.351 words/cycle
Average OFMAP SRAM BW: 9.258 words/cycle
Average IFMAP DRAM BW: 7.665 words/cycle
Average Filter DRAM BW: 7.787 words/cycle
Average OFMAP DRAM BW: 16.000 words/cycle

Running Layer 689
Total cycles: 3275
Compute cycles: 1743
Stall cycles: 0
Overall utilization: 57.83%
Mapping efficiency: 100.00%
Average IFMAP SRAM BW: 9.253 words/cycle
Average Filter SRAM BW: 2.350 words/cycle
Average OFMAP SRAM BW: 9.253 words/cycle
Average IFMAP DRAM BW: 7.665 words/cycle
Average Filter DRAM BW: 7.802 words/cycle
Average OFMAP DRAM BW: 16.000 words/cycle

Running Layer 690
Total cycles: 3275
Compute cycles: 1743
Stall cycles: 0
Overall utilization: 57.83%
Mapping efficiency: 100.00%
Average IFMAP SRAM BW: 9.253 words/cycle
Average Filter SRAM BW: 2.350 words/cycle
Average OFMAP SRAM BW: 9.253 words/cycle
Average IFMAP DRAM BW: 7.680 words/cycle
Average Filter DRAM BW: 7.802 words/cycle
Average OFMAP DRAM BW: 16.000 words/cycle

Running Layer 691
Total cycles: 6551
Compute cycles: 3487
Stall cycles: 0
Overall utilization: 57.81%
Mapping efficiency: 100.00%
Average IFMAP SRAM BW: 9.250 words/cycle
Average Filter SRAM BW: 2.349 words/cycle
Average OFMAP SRAM BW: 9.250 words/cycle
Average IFMAP DRAM BW: 7.680 words/cycle
Average Filter DRAM BW: 7.809 words/cycle
Average OFMAP DRAM BW: 16.000 words/cycle

Running Layer 692
Total cycles: 12841
Compute cycles: 6975
Stall cycles: 0
Overall utilization: 57.81%
Mapping efficiency: 100.00%
Average IFMAP SRAM BW: 9.249 words/cycle
Average Filter SRAM BW: 2.349 words/cycle
Average OFMAP SRAM BW: 9.249 words/cycle
Average IFMAP DRAM BW: 7.687 words/cycle
Average Filter DRAM BW: 8.929 words/cycle
Average OFMAP DRAM BW: 16.000 words/cycle

Running Layer 693
Total cycles: 957
Compute cycles: 439
Stall cycles: 0
Overall utilization: 14.58%
Mapping efficiency: 25.00%
Average IFMAP SRAM BW: 2.333 words/cycle
Average Filter SRAM BW: 0.583 words/cycle
Average OFMAP SRAM BW: 9.330 words/cycle
Average IFMAP DRAM BW: 0.973 words/cycle
Average Filter DRAM BW: 0.973 words/cycle
Average OFMAP DRAM BW: 16.000 words/cycle

Running Layer 694
Total cycles: 1653
Compute cycles: 879
Stall cycles: 0
Overall utilization: 14.56%
Mapping efficiency: 25.00%
Average IFMAP SRAM BW: 2.330 words/cycle
Average Filter SRAM BW: 0.582 words/cycle
Average OFMAP SRAM BW: 9.320 words/cycle
Average IFMAP DRAM BW: 0.973 words/cycle
Average Filter DRAM BW: 1.947 words/cycle
Average OFMAP DRAM BW: 16.000 words/cycle

Running Layer 695
Total cycles: 957
Compute cycles: 439
Stall cycles: 0
Overall utilization: 29.16%
Mapping efficiency: 50.00%
Average IFMAP SRAM BW: 4.665 words/cycle
Average Filter SRAM BW: 1.166 words/cycle
Average OFMAP SRAM BW: 9.330 words/cycle
Average IFMAP DRAM BW: 1.947 words/cycle
Average Filter DRAM BW: 1.947 words/cycle
Average OFMAP DRAM BW: 16.000 words/cycle

Running Layer 696
Total cycles: 1653
Compute cycles: 879
Stall cycles: 0
Overall utilization: 29.12%
Mapping efficiency: 50.00%
Average IFMAP SRAM BW: 4.660 words/cycle
Average Filter SRAM BW: 1.165 words/cycle
Average OFMAP SRAM BW: 9.320 words/cycle
Average IFMAP DRAM BW: 1.947 words/cycle
Average Filter DRAM BW: 3.894 words/cycle
Average OFMAP DRAM BW: 16.000 words/cycle

Running Layer 697
Total cycles: 957
Compute cycles: 439
Stall cycles: 0
Overall utilization: 58.31%
Mapping efficiency: 100.00%
Average IFMAP SRAM BW: 9.330 words/cycle
Average Filter SRAM BW: 2.333 words/cycle
Average OFMAP SRAM BW: 9.330 words/cycle
Average IFMAP DRAM BW: 3.894 words/cycle
Average Filter DRAM BW: 3.894 words/cycle
Average OFMAP DRAM BW: 16.000 words/cycle

Running Layer 698
Total cycles: 1653
Compute cycles: 879
Stall cycles: 0
Overall utilization: 58.25%
Mapping efficiency: 100.00%
Average IFMAP SRAM BW: 9.320 words/cycle
Average Filter SRAM BW: 2.330 words/cycle
Average OFMAP SRAM BW: 9.320 words/cycle
Average IFMAP DRAM BW: 3.894 words/cycle
Average Filter DRAM BW: 7.787 words/cycle
Average OFMAP DRAM BW: 16.000 words/cycle

Running Layer 699
Total cycles: 1653
Compute cycles: 879
Stall cycles: 0
Overall utilization: 58.25%
Mapping efficiency: 100.00%
Average IFMAP SRAM BW: 9.320 words/cycle
Average Filter SRAM BW: 2.330 words/cycle
Average OFMAP SRAM BW: 9.320 words/cycle
Average IFMAP DRAM BW: 7.787 words/cycle
Average Filter DRAM BW: 7.787 words/cycle
Average OFMAP DRAM BW: 16.000 words/cycle

Running Layer 700
Total cycles: 3307
Compute cycles: 1759
Stall cycles: 0
Overall utilization: 58.21%
Mapping efficiency: 100.00%
Average IFMAP SRAM BW: 9.314 words/cycle
Average Filter SRAM BW: 2.329 words/cycle
Average OFMAP SRAM BW: 9.314 words/cycle
Average IFMAP DRAM BW: 7.787 words/cycle
Average Filter DRAM BW: 7.802 words/cycle
Average OFMAP DRAM BW: 16.000 words/cycle

Running Layer 701
Total cycles: 3307
Compute cycles: 1759
Stall cycles: 0
Overall utilization: 58.21%
Mapping efficiency: 100.00%
Average IFMAP SRAM BW: 9.314 words/cycle
Average Filter SRAM BW: 2.329 words/cycle
Average OFMAP SRAM BW: 9.314 words/cycle
Average IFMAP DRAM BW: 7.802 words/cycle
Average Filter DRAM BW: 7.802 words/cycle
Average OFMAP DRAM BW: 16.000 words/cycle

Running Layer 702
Total cycles: 6615
Compute cycles: 3519
Stall cycles: 0
Overall utilization: 58.20%
Mapping efficiency: 100.00%
Average IFMAP SRAM BW: 9.312 words/cycle
Average Filter SRAM BW: 2.328 words/cycle
Average OFMAP SRAM BW: 9.312 words/cycle
Average IFMAP DRAM BW: 7.802 words/cycle
Average Filter DRAM BW: 7.809 words/cycle
Average OFMAP DRAM BW: 16.000 words/cycle

Running Layer 703
Total cycles: 12969
Compute cycles: 7039
Stall cycles: 0
Overall utilization: 58.19%
Mapping efficiency: 100.00%
Average IFMAP SRAM BW: 9.310 words/cycle
Average Filter SRAM BW: 2.328 words/cycle
Average OFMAP SRAM BW: 9.310 words/cycle
Average IFMAP DRAM BW: 7.809 words/cycle
Average Filter DRAM BW: 8.929 words/cycle
Average OFMAP DRAM BW: 16.000 words/cycle

Running Layer 704
Total cycles: 965
Compute cycles: 443
Stall cycles: 0
Overall utilization: 14.67%
Mapping efficiency: 25.00%
Average IFMAP SRAM BW: 2.348 words/cycle
Average Filter SRAM BW: 0.578 words/cycle
Average OFMAP SRAM BW: 9.391 words/cycle
Average IFMAP DRAM BW: 0.989 words/cycle
Average Filter DRAM BW: 0.973 words/cycle
Average OFMAP DRAM BW: 16.000 words/cycle

Running Layer 705
Total cycles: 1669
Compute cycles: 887
Stall cycles: 0
Overall utilization: 14.66%
Mapping efficiency: 25.00%
Average IFMAP SRAM BW: 2.345 words/cycle
Average Filter SRAM BW: 0.577 words/cycle
Average OFMAP SRAM BW: 9.380 words/cycle
Average IFMAP DRAM BW: 0.989 words/cycle
Average Filter DRAM BW: 1.947 words/cycle
Average OFMAP DRAM BW: 16.000 words/cycle

Running Layer 706
Total cycles: 965
Compute cycles: 443
Stall cycles: 0
Overall utilization: 29.35%
Mapping efficiency: 50.00%
Average IFMAP SRAM BW: 4.695 words/cycle
Average Filter SRAM BW: 1.156 words/cycle
Average OFMAP SRAM BW: 9.391 words/cycle
Average IFMAP DRAM BW: 1.977 words/cycle
Average Filter DRAM BW: 1.947 words/cycle
Average OFMAP DRAM BW: 16.000 words/cycle

Running Layer 707
Total cycles: 1669
Compute cycles: 887
Stall cycles: 0
Overall utilization: 29.31%
Mapping efficiency: 50.00%
Average IFMAP SRAM BW: 4.690 words/cycle
Average Filter SRAM BW: 1.154 words/cycle
Average OFMAP SRAM BW: 9.380 words/cycle
Average IFMAP DRAM BW: 1.977 words/cycle
Average Filter DRAM BW: 3.894 words/cycle
Average OFMAP DRAM BW: 16.000 words/cycle

Running Layer 708
Total cycles: 965
Compute cycles: 443
Stall cycles: 0
Overall utilization: 58.69%
Mapping efficiency: 100.00%
Average IFMAP SRAM BW: 9.391 words/cycle
Average Filter SRAM BW: 2.312 words/cycle
Average OFMAP SRAM BW: 9.391 words/cycle
Average IFMAP DRAM BW: 3.954 words/cycle
Average Filter DRAM BW: 3.894 words/cycle
Average OFMAP DRAM BW: 16.000 words/cycle

Running Layer 709
Total cycles: 1669
Compute cycles: 887
Stall cycles: 0
Overall utilization: 58.62%
Mapping efficiency: 100.00%
Average IFMAP SRAM BW: 9.380 words/cycle
Average Filter SRAM BW: 2.309 words/cycle
Average OFMAP SRAM BW: 9.380 words/cycle
Average IFMAP DRAM BW: 3.954 words/cycle
Average Filter DRAM BW: 7.787 words/cycle
Average OFMAP DRAM BW: 16.000 words/cycle

Running Layer 710
Total cycles: 1669
Compute cycles: 887
Stall cycles: 0
Overall utilization: 58.62%
Mapping efficiency: 100.00%
Average IFMAP SRAM BW: 9.380 words/cycle
Average Filter SRAM BW: 2.309 words/cycle
Average OFMAP SRAM BW: 9.380 words/cycle
Average IFMAP DRAM BW: 7.909 words/cycle
Average Filter DRAM BW: 7.787 words/cycle
Average OFMAP DRAM BW: 16.000 words/cycle

Running Layer 711
Total cycles: 3339
Compute cycles: 1775
Stall cycles: 0
Overall utilization: 58.59%
Mapping efficiency: 100.00%
Average IFMAP SRAM BW: 9.375 words/cycle
Average Filter SRAM BW: 2.308 words/cycle
Average OFMAP SRAM BW: 9.375 words/cycle
Average IFMAP DRAM BW: 7.909 words/cycle
Average Filter DRAM BW: 7.802 words/cycle
Average OFMAP DRAM BW: 16.000 words/cycle

Running Layer 712
Total cycles: 3339
Compute cycles: 1775
Stall cycles: 0
Overall utilization: 58.59%
Mapping efficiency: 100.00%
Average IFMAP SRAM BW: 9.375 words/cycle
Average Filter SRAM BW: 2.308 words/cycle
Average OFMAP SRAM BW: 9.375 words/cycle
Average IFMAP DRAM BW: 7.924 words/cycle
Average Filter DRAM BW: 7.802 words/cycle
Average OFMAP DRAM BW: 16.000 words/cycle

Running Layer 713
Total cycles: 6679
Compute cycles: 3551
Stall cycles: 0
Overall utilization: 58.58%
Mapping efficiency: 100.00%
Average IFMAP SRAM BW: 9.372 words/cycle
Average Filter SRAM BW: 2.307 words/cycle
Average OFMAP SRAM BW: 9.372 words/cycle
Average IFMAP DRAM BW: 7.924 words/cycle
Average Filter DRAM BW: 7.809 words/cycle
Average OFMAP DRAM BW: 16.000 words/cycle

Running Layer 714
Total cycles: 13097
Compute cycles: 7103
Stall cycles: 0
Overall utilization: 58.57%
Mapping efficiency: 100.00%
Average IFMAP SRAM BW: 9.371 words/cycle
Average Filter SRAM BW: 2.307 words/cycle
Average OFMAP SRAM BW: 9.371 words/cycle
Average IFMAP DRAM BW: 7.931 words/cycle
Average Filter DRAM BW: 8.929 words/cycle
Average OFMAP DRAM BW: 16.000 words/cycle

Running Layer 715
Total cycles: 973
Compute cycles: 447
Stall cycles: 0
Overall utilization: 14.77%
Mapping efficiency: 25.00%
Average IFMAP SRAM BW: 2.362 words/cycle
Average Filter SRAM BW: 0.573 words/cycle
Average OFMAP SRAM BW: 9.450 words/cycle
Average IFMAP DRAM BW: 1.004 words/cycle
Average Filter DRAM BW: 0.973 words/cycle
Average OFMAP DRAM BW: 16.000 words/cycle

Running Layer 716
Total cycles: 1685
Compute cycles: 895
Stall cycles: 0
Overall utilization: 14.75%
Mapping efficiency: 25.00%
Average IFMAP SRAM BW: 2.360 words/cycle
Average Filter SRAM BW: 0.572 words/cycle
Average OFMAP SRAM BW: 9.439 words/cycle
Average IFMAP DRAM BW: 1.004 words/cycle
Average Filter DRAM BW: 1.947 words/cycle
Average OFMAP DRAM BW: 16.000 words/cycle

Running Layer 717
Total cycles: 973
Compute cycles: 447
Stall cycles: 0
Overall utilization: 29.53%
Mapping efficiency: 50.00%
Average IFMAP SRAM BW: 4.725 words/cycle
Average Filter SRAM BW: 1.145 words/cycle
Average OFMAP SRAM BW: 9.450 words/cycle
Average IFMAP DRAM BW: 2.008 words/cycle
Average Filter DRAM BW: 1.947 words/cycle
Average OFMAP DRAM BW: 16.000 words/cycle

Running Layer 718
Total cycles: 1685
Compute cycles: 895
Stall cycles: 0
Overall utilization: 29.50%
Mapping efficiency: 50.00%
Average IFMAP SRAM BW: 4.720 words/cycle
Average Filter SRAM BW: 1.144 words/cycle
Average OFMAP SRAM BW: 9.439 words/cycle
Average IFMAP DRAM BW: 2.008 words/cycle
Average Filter DRAM BW: 3.894 words/cycle
Average OFMAP DRAM BW: 16.000 words/cycle

Running Layer 719
Total cycles: 973
Compute cycles: 447
Stall cycles: 0
Overall utilization: 59.06%
Mapping efficiency: 100.00%
Average IFMAP SRAM BW: 9.450 words/cycle
Average Filter SRAM BW: 2.291 words/cycle
Average OFMAP SRAM BW: 9.450 words/cycle
Average IFMAP DRAM BW: 4.015 words/cycle
Average Filter DRAM BW: 3.894 words/cycle
Average OFMAP DRAM BW: 16.000 words/cycle

Running Layer 720
Total cycles: 1685
Compute cycles: 895
Stall cycles: 0
Overall utilization: 58.99%
Mapping efficiency: 100.00%
Average IFMAP SRAM BW: 9.439 words/cycle
Average Filter SRAM BW: 2.288 words/cycle
Average OFMAP SRAM BW: 9.439 words/cycle
Average IFMAP DRAM BW: 4.015 words/cycle
Average Filter DRAM BW: 7.787 words/cycle
Average OFMAP DRAM BW: 16.000 words/cycle

Running Layer 721
Total cycles: 1685
Compute cycles: 895
Stall cycles: 0
Overall utilization: 58.99%
Mapping efficiency: 100.00%
Average IFMAP SRAM BW: 9.439 words/cycle
Average Filter SRAM BW: 2.288 words/cycle
Average OFMAP SRAM BW: 9.439 words/cycle
Average IFMAP DRAM BW: 8.030 words/cycle
Average Filter DRAM BW: 7.787 words/cycle
Average OFMAP DRAM BW: 16.000 words/cycle

Running Layer 722
Total cycles: 3371
Compute cycles: 1791
Stall cycles: 0
Overall utilization: 58.96%
Mapping efficiency: 100.00%
Average IFMAP SRAM BW: 9.434 words/cycle
Average Filter SRAM BW: 2.287 words/cycle
Average OFMAP SRAM BW: 9.434 words/cycle
Average IFMAP DRAM BW: 8.030 words/cycle
Average Filter DRAM BW: 7.802 words/cycle
Average OFMAP DRAM BW: 16.000 words/cycle

Running Layer 723
Total cycles: 3371
Compute cycles: 1791
Stall cycles: 0
Overall utilization: 58.96%
Mapping efficiency: 100.00%
Average IFMAP SRAM BW: 9.434 words/cycle
Average Filter SRAM BW: 2.287 words/cycle
Average OFMAP SRAM BW: 9.434 words/cycle
Average IFMAP DRAM BW: 8.046 words/cycle
Average Filter DRAM BW: 7.802 words/cycle
Average OFMAP DRAM BW: 16.000 words/cycle

Running Layer 724
Total cycles: 6743
Compute cycles: 3583
Stall cycles: 0
Overall utilization: 58.95%
Mapping efficiency: 100.00%
Average IFMAP SRAM BW: 9.431 words/cycle
Average Filter SRAM BW: 2.286 words/cycle
Average OFMAP SRAM BW: 9.431 words/cycle
Average IFMAP DRAM BW: 8.046 words/cycle
Average Filter DRAM BW: 7.809 words/cycle
Average OFMAP DRAM BW: 16.000 words/cycle

Running Layer 725
Total cycles: 13225
Compute cycles: 7167
Stall cycles: 0
Overall utilization: 58.94%
Mapping efficiency: 100.00%
Average IFMAP SRAM BW: 9.430 words/cycle
Average Filter SRAM BW: 2.286 words/cycle
Average OFMAP SRAM BW: 9.430 words/cycle
Average IFMAP DRAM BW: 8.053 words/cycle
Average Filter DRAM BW: 8.929 words/cycle
Average OFMAP DRAM BW: 16.000 words/cycle

Running Layer 726
Total cycles: 981
Compute cycles: 451
Stall cycles: 0
Overall utilization: 14.86%
Mapping efficiency: 25.00%
Average IFMAP SRAM BW: 2.377 words/cycle
Average Filter SRAM BW: 0.568 words/cycle
Average OFMAP SRAM BW: 9.508 words/cycle
Average IFMAP DRAM BW: 1.019 words/cycle
Average Filter DRAM BW: 0.973 words/cycle
Average OFMAP DRAM BW: 16.000 words/cycle

Running Layer 727
Total cycles: 1701
Compute cycles: 903
Stall cycles: 0
Overall utilization: 14.84%
Mapping efficiency: 25.00%
Average IFMAP SRAM BW: 2.374 words/cycle
Average Filter SRAM BW: 0.567 words/cycle
Average OFMAP SRAM BW: 9.497 words/cycle
Average IFMAP DRAM BW: 1.019 words/cycle
Average Filter DRAM BW: 1.947 words/cycle
Average OFMAP DRAM BW: 16.000 words/cycle

Running Layer 728
Total cycles: 981
Compute cycles: 451
Stall cycles: 0
Overall utilization: 29.71%
Mapping efficiency: 50.00%
Average IFMAP SRAM BW: 4.754 words/cycle
Average Filter SRAM BW: 1.135 words/cycle
Average OFMAP SRAM BW: 9.508 words/cycle
Average IFMAP DRAM BW: 2.038 words/cycle
Average Filter DRAM BW: 1.947 words/cycle
Average OFMAP DRAM BW: 16.000 words/cycle

Running Layer 729
Total cycles: 1701
Compute cycles: 903
Stall cycles: 0
Overall utilization: 29.68%
Mapping efficiency: 50.00%
Average IFMAP SRAM BW: 4.749 words/cycle
Average Filter SRAM BW: 1.134 words/cycle
Average OFMAP SRAM BW: 9.497 words/cycle
Average IFMAP DRAM BW: 2.038 words/cycle
Average Filter DRAM BW: 3.894 words/cycle
Average OFMAP DRAM BW: 16.000 words/cycle

Running Layer 730
Total cycles: 981
Compute cycles: 451
Stall cycles: 0
Overall utilization: 59.42%
Mapping efficiency: 100.00%
Average IFMAP SRAM BW: 9.508 words/cycle
Average Filter SRAM BW: 2.271 words/cycle
Average OFMAP SRAM BW: 9.508 words/cycle
Average IFMAP DRAM BW: 4.076 words/cycle
Average Filter DRAM BW: 3.894 words/cycle
Average OFMAP DRAM BW: 16.000 words/cycle

Running Layer 731
Total cycles: 1701
Compute cycles: 903
Stall cycles: 0
Overall utilization: 59.36%
Mapping efficiency: 100.00%
Average IFMAP SRAM BW: 9.497 words/cycle
Average Filter SRAM BW: 2.268 words/cycle
Average OFMAP SRAM BW: 9.497 words/cycle
Average IFMAP DRAM BW: 4.076 words/cycle
Average Filter DRAM BW: 7.787 words/cycle
Average OFMAP DRAM BW: 16.000 words/cycle

Running Layer 732
Total cycles: 1701
Compute cycles: 903
Stall cycles: 0
Overall utilization: 59.36%
Mapping efficiency: 100.00%
Average IFMAP SRAM BW: 9.497 words/cycle
Average Filter SRAM BW: 2.268 words/cycle
Average OFMAP SRAM BW: 9.497 words/cycle
Average IFMAP DRAM BW: 8.152 words/cycle
Average Filter DRAM BW: 7.787 words/cycle
Average OFMAP DRAM BW: 16.000 words/cycle

Running Layer 733
Total cycles: 3403
Compute cycles: 1807
Stall cycles: 0
Overall utilization: 59.32%
Mapping efficiency: 100.00%
Average IFMAP SRAM BW: 9.492 words/cycle
Average Filter SRAM BW: 2.267 words/cycle
Average OFMAP SRAM BW: 9.492 words/cycle
Average IFMAP DRAM BW: 8.152 words/cycle
Average Filter DRAM BW: 7.802 words/cycle
Average OFMAP DRAM BW: 16.000 words/cycle

Running Layer 734
Total cycles: 3403
Compute cycles: 1807
Stall cycles: 0
Overall utilization: 59.32%
Mapping efficiency: 100.00%
Average IFMAP SRAM BW: 9.492 words/cycle
Average Filter SRAM BW: 2.267 words/cycle
Average OFMAP SRAM BW: 9.492 words/cycle
Average IFMAP DRAM BW: 8.168 words/cycle
Average Filter DRAM BW: 7.802 words/cycle
Average OFMAP DRAM BW: 16.000 words/cycle

Running Layer 735
Total cycles: 6807
Compute cycles: 3615
Stall cycles: 0
Overall utilization: 59.31%
Mapping efficiency: 100.00%
Average IFMAP SRAM BW: 9.489 words/cycle
Average Filter SRAM BW: 2.266 words/cycle
Average OFMAP SRAM BW: 9.489 words/cycle
Average IFMAP DRAM BW: 8.168 words/cycle
Average Filter DRAM BW: 7.809 words/cycle
Average OFMAP DRAM BW: 16.000 words/cycle

Running Layer 736
Total cycles: 13353
Compute cycles: 7231
Stall cycles: 0
Overall utilization: 59.30%
Mapping efficiency: 100.00%
Average IFMAP SRAM BW: 9.488 words/cycle
Average Filter SRAM BW: 2.266 words/cycle
Average OFMAP SRAM BW: 9.488 words/cycle
Average IFMAP DRAM BW: 8.175 words/cycle
Average Filter DRAM BW: 8.929 words/cycle
Average OFMAP DRAM BW: 16.000 words/cycle

Running Layer 737
Total cycles: 989
Compute cycles: 455
Stall cycles: 0
Overall utilization: 14.95%
Mapping efficiency: 25.00%
Average IFMAP SRAM BW: 2.391 words/cycle
Average Filter SRAM BW: 0.563 words/cycle
Average OFMAP SRAM BW: 9.565 words/cycle
Average IFMAP DRAM BW: 1.034 words/cycle
Average Filter DRAM BW: 0.973 words/cycle
Average OFMAP DRAM BW: 16.000 words/cycle

Running Layer 738
Total cycles: 1717
Compute cycles: 911
Stall cycles: 0
Overall utilization: 14.93%
Mapping efficiency: 25.00%
Average IFMAP SRAM BW: 2.389 words/cycle
Average Filter SRAM BW: 0.562 words/cycle
Average OFMAP SRAM BW: 9.554 words/cycle
Average IFMAP DRAM BW: 1.034 words/cycle
Average Filter DRAM BW: 1.947 words/cycle
Average OFMAP DRAM BW: 16.000 words/cycle

Running Layer 739
Total cycles: 989
Compute cycles: 455
Stall cycles: 0
Overall utilization: 29.89%
Mapping efficiency: 50.00%
Average IFMAP SRAM BW: 4.782 words/cycle
Average Filter SRAM BW: 1.125 words/cycle
Average OFMAP SRAM BW: 9.565 words/cycle
Average IFMAP DRAM BW: 2.068 words/cycle
Average Filter DRAM BW: 1.947 words/cycle
Average OFMAP DRAM BW: 16.000 words/cycle

Running Layer 740
Total cycles: 1717
Compute cycles: 911
Stall cycles: 0
Overall utilization: 29.86%
Mapping efficiency: 50.00%
Average IFMAP SRAM BW: 4.777 words/cycle
Average Filter SRAM BW: 1.124 words/cycle
Average OFMAP SRAM BW: 9.554 words/cycle
Average IFMAP DRAM BW: 2.068 words/cycle
Average Filter DRAM BW: 3.894 words/cycle
Average OFMAP DRAM BW: 16.000 words/cycle

Running Layer 741
Total cycles: 989
Compute cycles: 455
Stall cycles: 0
Overall utilization: 59.78%
Mapping efficiency: 100.00%
Average IFMAP SRAM BW: 9.565 words/cycle
Average Filter SRAM BW: 2.251 words/cycle
Average OFMAP SRAM BW: 9.565 words/cycle
Average IFMAP DRAM BW: 4.137 words/cycle
Average Filter DRAM BW: 3.894 words/cycle
Average OFMAP DRAM BW: 16.000 words/cycle

Running Layer 742
Total cycles: 1717
Compute cycles: 911
Stall cycles: 0
Overall utilization: 59.71%
Mapping efficiency: 100.00%
Average IFMAP SRAM BW: 9.554 words/cycle
Average Filter SRAM BW: 2.248 words/cycle
Average OFMAP SRAM BW: 9.554 words/cycle
Average IFMAP DRAM BW: 4.137 words/cycle
Average Filter DRAM BW: 7.787 words/cycle
Average OFMAP DRAM BW: 16.000 words/cycle

Running Layer 743
Total cycles: 1717
Compute cycles: 911
Stall cycles: 0
Overall utilization: 59.71%
Mapping efficiency: 100.00%
Average IFMAP SRAM BW: 9.554 words/cycle
Average Filter SRAM BW: 2.248 words/cycle
Average OFMAP SRAM BW: 9.554 words/cycle
Average IFMAP DRAM BW: 8.274 words/cycle
Average Filter DRAM BW: 7.787 words/cycle
Average OFMAP DRAM BW: 16.000 words/cycle

Running Layer 744
Total cycles: 3435
Compute cycles: 1823
Stall cycles: 0
Overall utilization: 59.68%
Mapping efficiency: 100.00%
Average IFMAP SRAM BW: 9.549 words/cycle
Average Filter SRAM BW: 2.247 words/cycle
Average OFMAP SRAM BW: 9.549 words/cycle
Average IFMAP DRAM BW: 8.274 words/cycle
Average Filter DRAM BW: 7.802 words/cycle
Average OFMAP DRAM BW: 16.000 words/cycle

Running Layer 745
Total cycles: 3435
Compute cycles: 1823
Stall cycles: 0
Overall utilization: 59.68%
Mapping efficiency: 100.00%
Average IFMAP SRAM BW: 9.549 words/cycle
Average Filter SRAM BW: 2.247 words/cycle
Average OFMAP SRAM BW: 9.549 words/cycle
Average IFMAP DRAM BW: 8.290 words/cycle
Average Filter DRAM BW: 7.802 words/cycle
Average OFMAP DRAM BW: 16.000 words/cycle

Running Layer 746
Total cycles: 6871
Compute cycles: 3647
Stall cycles: 0
Overall utilization: 59.67%
Mapping efficiency: 100.00%
Average IFMAP SRAM BW: 9.546 words/cycle
Average Filter SRAM BW: 2.246 words/cycle
Average OFMAP SRAM BW: 9.546 words/cycle
Average IFMAP DRAM BW: 8.290 words/cycle
Average Filter DRAM BW: 7.809 words/cycle
Average OFMAP DRAM BW: 16.000 words/cycle

Running Layer 747
Total cycles: 13481
Compute cycles: 7295
Stall cycles: 0
Overall utilization: 59.66%
Mapping efficiency: 100.00%
Average IFMAP SRAM BW: 9.545 words/cycle
Average Filter SRAM BW: 2.246 words/cycle
Average OFMAP SRAM BW: 9.545 words/cycle
Average IFMAP DRAM BW: 8.297 words/cycle
Average Filter DRAM BW: 8.929 words/cycle
Average OFMAP DRAM BW: 16.000 words/cycle

Running Layer 748
Total cycles: 997
Compute cycles: 459
Stall cycles: 0
Overall utilization: 15.03%
Mapping efficiency: 25.00%
Average IFMAP SRAM BW: 2.405 words/cycle
Average Filter SRAM BW: 0.558 words/cycle
Average OFMAP SRAM BW: 9.621 words/cycle
Average IFMAP DRAM BW: 1.049 words/cycle
Average Filter DRAM BW: 0.973 words/cycle
Average OFMAP DRAM BW: 16.000 words/cycle

Running Layer 749
Total cycles: 1733
Compute cycles: 919
Stall cycles: 0
Overall utilization: 15.02%
Mapping efficiency: 25.00%
Average IFMAP SRAM BW: 2.403 words/cycle
Average Filter SRAM BW: 0.557 words/cycle
Average OFMAP SRAM BW: 9.610 words/cycle
Average IFMAP DRAM BW: 1.049 words/cycle
Average Filter DRAM BW: 1.947 words/cycle
Average OFMAP DRAM BW: 16.000 words/cycle

Running Layer 750
Total cycles: 997
Compute cycles: 459
Stall cycles: 0
Overall utilization: 30.07%
Mapping efficiency: 50.00%
Average IFMAP SRAM BW: 4.810 words/cycle
Average Filter SRAM BW: 1.115 words/cycle
Average OFMAP SRAM BW: 9.621 words/cycle
Average IFMAP DRAM BW: 2.099 words/cycle
Average Filter DRAM BW: 1.947 words/cycle
Average OFMAP DRAM BW: 16.000 words/cycle

Running Layer 751
Total cycles: 1733
Compute cycles: 919
Stall cycles: 0
Overall utilization: 30.03%
Mapping efficiency: 50.00%
Average IFMAP SRAM BW: 4.805 words/cycle
Average Filter SRAM BW: 1.114 words/cycle
Average OFMAP SRAM BW: 9.610 words/cycle
Average IFMAP DRAM BW: 2.099 words/cycle
Average Filter DRAM BW: 3.894 words/cycle
Average OFMAP DRAM BW: 16.000 words/cycle

Running Layer 752
Total cycles: 997
Compute cycles: 459
Stall cycles: 0
Overall utilization: 60.13%
Mapping efficiency: 100.00%
Average IFMAP SRAM BW: 9.621 words/cycle
Average Filter SRAM BW: 2.231 words/cycle
Average OFMAP SRAM BW: 9.621 words/cycle
Average IFMAP DRAM BW: 4.198 words/cycle
Average Filter DRAM BW: 3.894 words/cycle
Average OFMAP DRAM BW: 16.000 words/cycle

Running Layer 753
Total cycles: 1733
Compute cycles: 919
Stall cycles: 0
Overall utilization: 60.07%
Mapping efficiency: 100.00%
Average IFMAP SRAM BW: 9.610 words/cycle
Average Filter SRAM BW: 2.229 words/cycle
Average OFMAP SRAM BW: 9.610 words/cycle
Average IFMAP DRAM BW: 4.198 words/cycle
Average Filter DRAM BW: 7.787 words/cycle
Average OFMAP DRAM BW: 16.000 words/cycle

Running Layer 754
Total cycles: 1733
Compute cycles: 919
Stall cycles: 0
Overall utilization: 60.07%
Mapping efficiency: 100.00%
Average IFMAP SRAM BW: 9.610 words/cycle
Average Filter SRAM BW: 2.229 words/cycle
Average OFMAP SRAM BW: 9.610 words/cycle
Average IFMAP DRAM BW: 8.395 words/cycle
Average Filter DRAM BW: 7.787 words/cycle
Average OFMAP DRAM BW: 16.000 words/cycle

Running Layer 755
Total cycles: 3467
Compute cycles: 1839
Stall cycles: 0
Overall utilization: 60.03%
Mapping efficiency: 100.00%
Average IFMAP SRAM BW: 9.605 words/cycle
Average Filter SRAM BW: 2.227 words/cycle
Average OFMAP SRAM BW: 9.605 words/cycle
Average IFMAP DRAM BW: 8.395 words/cycle
Average Filter DRAM BW: 7.802 words/cycle
Average OFMAP DRAM BW: 16.000 words/cycle

Running Layer 756
Total cycles: 3467
Compute cycles: 1839
Stall cycles: 0
Overall utilization: 60.03%
Mapping efficiency: 100.00%
Average IFMAP SRAM BW: 9.605 words/cycle
Average Filter SRAM BW: 2.227 words/cycle
Average OFMAP SRAM BW: 9.605 words/cycle
Average IFMAP DRAM BW: 8.411 words/cycle
Average Filter DRAM BW: 7.802 words/cycle
Average OFMAP DRAM BW: 16.000 words/cycle

Running Layer 757
Total cycles: 6935
Compute cycles: 3679
Stall cycles: 0
Overall utilization: 60.02%
Mapping efficiency: 100.00%
Average IFMAP SRAM BW: 9.603 words/cycle
Average Filter SRAM BW: 2.227 words/cycle
Average OFMAP SRAM BW: 9.603 words/cycle
Average IFMAP DRAM BW: 8.411 words/cycle
Average Filter DRAM BW: 7.809 words/cycle
Average OFMAP DRAM BW: 16.000 words/cycle

Running Layer 758
Total cycles: 13609
Compute cycles: 7359
Stall cycles: 0
Overall utilization: 60.01%
Mapping efficiency: 100.00%
Average IFMAP SRAM BW: 9.601 words/cycle
Average Filter SRAM BW: 2.226 words/cycle
Average OFMAP SRAM BW: 9.601 words/cycle
Average IFMAP DRAM BW: 8.419 words/cycle
Average Filter DRAM BW: 8.929 words/cycle
Average OFMAP DRAM BW: 16.000 words/cycle

Running Layer 759
Total cycles: 1005
Compute cycles: 463
Stall cycles: 0
Overall utilization: 15.12%
Mapping efficiency: 25.00%
Average IFMAP SRAM BW: 2.419 words/cycle
Average Filter SRAM BW: 0.553 words/cycle
Average OFMAP SRAM BW: 9.676 words/cycle
Average IFMAP DRAM BW: 1.065 words/cycle
Average Filter DRAM BW: 0.973 words/cycle
Average OFMAP DRAM BW: 16.000 words/cycle

Running Layer 760
Total cycles: 1749
Compute cycles: 927
Stall cycles: 0
Overall utilization: 15.10%
Mapping efficiency: 25.00%
Average IFMAP SRAM BW: 2.416 words/cycle
Average Filter SRAM BW: 0.552 words/cycle
Average OFMAP SRAM BW: 9.666 words/cycle
Average IFMAP DRAM BW: 1.065 words/cycle
Average Filter DRAM BW: 1.947 words/cycle
Average OFMAP DRAM BW: 16.000 words/cycle

Running Layer 761
Total cycles: 1005
Compute cycles: 463
Stall cycles: 0
Overall utilization: 30.24%
Mapping efficiency: 50.00%
Average IFMAP SRAM BW: 4.838 words/cycle
Average Filter SRAM BW: 1.106 words/cycle
Average OFMAP SRAM BW: 9.676 words/cycle
Average IFMAP DRAM BW: 2.129 words/cycle
Average Filter DRAM BW: 1.947 words/cycle
Average OFMAP DRAM BW: 16.000 words/cycle

Running Layer 762
Total cycles: 1749
Compute cycles: 927
Stall cycles: 0
Overall utilization: 30.20%
Mapping efficiency: 50.00%
Average IFMAP SRAM BW: 4.833 words/cycle
Average Filter SRAM BW: 1.105 words/cycle
Average OFMAP SRAM BW: 9.666 words/cycle
Average IFMAP DRAM BW: 2.129 words/cycle
Average Filter DRAM BW: 3.894 words/cycle
Average OFMAP DRAM BW: 16.000 words/cycle

Running Layer 763
Total cycles: 1005
Compute cycles: 463
Stall cycles: 0
Overall utilization: 60.48%
Mapping efficiency: 100.00%
Average IFMAP SRAM BW: 9.676 words/cycle
Average Filter SRAM BW: 2.212 words/cycle
Average OFMAP SRAM BW: 9.676 words/cycle
Average IFMAP DRAM BW: 4.259 words/cycle
Average Filter DRAM BW: 3.894 words/cycle
Average OFMAP DRAM BW: 16.000 words/cycle

Running Layer 764
Total cycles: 1749
Compute cycles: 927
Stall cycles: 0
Overall utilization: 60.41%
Mapping efficiency: 100.00%
Average IFMAP SRAM BW: 9.666 words/cycle
Average Filter SRAM BW: 2.209 words/cycle
Average OFMAP SRAM BW: 9.666 words/cycle
Average IFMAP DRAM BW: 4.259 words/cycle
Average Filter DRAM BW: 7.787 words/cycle
Average OFMAP DRAM BW: 16.000 words/cycle

Running Layer 765
Total cycles: 1749
Compute cycles: 927
Stall cycles: 0
Overall utilization: 60.41%
Mapping efficiency: 100.00%
Average IFMAP SRAM BW: 9.666 words/cycle
Average Filter SRAM BW: 2.209 words/cycle
Average OFMAP SRAM BW: 9.666 words/cycle
Average IFMAP DRAM BW: 8.517 words/cycle
Average Filter DRAM BW: 7.787 words/cycle
Average OFMAP DRAM BW: 16.000 words/cycle

Running Layer 766
Total cycles: 3499
Compute cycles: 1855
Stall cycles: 0
Overall utilization: 60.38%
Mapping efficiency: 100.00%
Average IFMAP SRAM BW: 9.660 words/cycle
Average Filter SRAM BW: 2.208 words/cycle
Average OFMAP SRAM BW: 9.660 words/cycle
Average IFMAP DRAM BW: 8.517 words/cycle
Average Filter DRAM BW: 7.802 words/cycle
Average OFMAP DRAM BW: 16.000 words/cycle

Running Layer 767
Total cycles: 3499
Compute cycles: 1855
Stall cycles: 0
Overall utilization: 60.38%
Mapping efficiency: 100.00%
Average IFMAP SRAM BW: 9.660 words/cycle
Average Filter SRAM BW: 2.208 words/cycle
Average OFMAP SRAM BW: 9.660 words/cycle
Average IFMAP DRAM BW: 8.533 words/cycle
Average Filter DRAM BW: 7.802 words/cycle
Average OFMAP DRAM BW: 16.000 words/cycle

Running Layer 768
Total cycles: 6999
Compute cycles: 3711
Stall cycles: 0
Overall utilization: 60.36%
Mapping efficiency: 100.00%
Average IFMAP SRAM BW: 9.658 words/cycle
Average Filter SRAM BW: 2.207 words/cycle
Average OFMAP SRAM BW: 9.658 words/cycle
Average IFMAP DRAM BW: 8.533 words/cycle
Average Filter DRAM BW: 7.809 words/cycle
Average OFMAP DRAM BW: 16.000 words/cycle

Running Layer 769
Total cycles: 13737
Compute cycles: 7423
Stall cycles: 0
Overall utilization: 60.35%
Mapping efficiency: 100.00%
Average IFMAP SRAM BW: 9.656 words/cycle
Average Filter SRAM BW: 2.207 words/cycle
Average OFMAP SRAM BW: 9.656 words/cycle
Average IFMAP DRAM BW: 8.541 words/cycle
Average Filter DRAM BW: 8.929 words/cycle
Average OFMAP DRAM BW: 16.000 words/cycle

Running Layer 770
Total cycles: 1013
Compute cycles: 467
Stall cycles: 0
Overall utilization: 15.20%
Mapping efficiency: 25.00%
Average IFMAP SRAM BW: 2.433 words/cycle
Average Filter SRAM BW: 0.548 words/cycle
Average OFMAP SRAM BW: 9.730 words/cycle
Average IFMAP DRAM BW: 1.080 words/cycle
Average Filter DRAM BW: 0.973 words/cycle
Average OFMAP DRAM BW: 16.000 words/cycle

Running Layer 771
Total cycles: 1765
Compute cycles: 935
Stall cycles: 0
Overall utilization: 15.19%
Mapping efficiency: 25.00%
Average IFMAP SRAM BW: 2.430 words/cycle
Average Filter SRAM BW: 0.548 words/cycle
Average OFMAP SRAM BW: 9.720 words/cycle
Average IFMAP DRAM BW: 1.080 words/cycle
Average Filter DRAM BW: 1.947 words/cycle
Average OFMAP DRAM BW: 16.000 words/cycle

Running Layer 772
Total cycles: 1013
Compute cycles: 467
Stall cycles: 0
Overall utilization: 30.41%
Mapping efficiency: 50.00%
Average IFMAP SRAM BW: 4.865 words/cycle
Average Filter SRAM BW: 1.096 words/cycle
Average OFMAP SRAM BW: 9.730 words/cycle
Average IFMAP DRAM BW: 2.160 words/cycle
Average Filter DRAM BW: 1.947 words/cycle
Average OFMAP DRAM BW: 16.000 words/cycle

Running Layer 773
Total cycles: 1765
Compute cycles: 935
Stall cycles: 0
Overall utilization: 30.37%
Mapping efficiency: 50.00%
Average IFMAP SRAM BW: 4.860 words/cycle
Average Filter SRAM BW: 1.095 words/cycle
Average OFMAP SRAM BW: 9.720 words/cycle
Average IFMAP DRAM BW: 2.160 words/cycle
Average Filter DRAM BW: 3.894 words/cycle
Average OFMAP DRAM BW: 16.000 words/cycle

Running Layer 774
Total cycles: 1013
Compute cycles: 467
Stall cycles: 0
Overall utilization: 60.81%
Mapping efficiency: 100.00%
Average IFMAP SRAM BW: 9.730 words/cycle
Average Filter SRAM BW: 2.193 words/cycle
Average OFMAP SRAM BW: 9.730 words/cycle
Average IFMAP DRAM BW: 4.319 words/cycle
Average Filter DRAM BW: 3.894 words/cycle
Average OFMAP DRAM BW: 16.000 words/cycle

Running Layer 775
Total cycles: 1765
Compute cycles: 935
Stall cycles: 0
Overall utilization: 60.75%
Mapping efficiency: 100.00%
Average IFMAP SRAM BW: 9.720 words/cycle
Average Filter SRAM BW: 2.190 words/cycle
Average OFMAP SRAM BW: 9.720 words/cycle
Average IFMAP DRAM BW: 4.319 words/cycle
Average Filter DRAM BW: 7.787 words/cycle
Average OFMAP DRAM BW: 16.000 words/cycle

Running Layer 776
Total cycles: 1765
Compute cycles: 935
Stall cycles: 0
Overall utilization: 60.75%
Mapping efficiency: 100.00%
Average IFMAP SRAM BW: 9.720 words/cycle
Average Filter SRAM BW: 2.190 words/cycle
Average OFMAP SRAM BW: 9.720 words/cycle
Average IFMAP DRAM BW: 8.639 words/cycle
Average Filter DRAM BW: 7.787 words/cycle
Average OFMAP DRAM BW: 16.000 words/cycle

Running Layer 777
Total cycles: 3531
Compute cycles: 1871
Stall cycles: 0
Overall utilization: 60.72%
Mapping efficiency: 100.00%
Average IFMAP SRAM BW: 9.715 words/cycle
Average Filter SRAM BW: 2.189 words/cycle
Average OFMAP SRAM BW: 9.715 words/cycle
Average IFMAP DRAM BW: 8.639 words/cycle
Average Filter DRAM BW: 7.802 words/cycle
Average OFMAP DRAM BW: 16.000 words/cycle

Running Layer 778
Total cycles: 3531
Compute cycles: 1871
Stall cycles: 0
Overall utilization: 60.72%
Mapping efficiency: 100.00%
Average IFMAP SRAM BW: 9.715 words/cycle
Average Filter SRAM BW: 2.189 words/cycle
Average OFMAP SRAM BW: 9.715 words/cycle
Average IFMAP DRAM BW: 8.655 words/cycle
Average Filter DRAM BW: 7.802 words/cycle
Average OFMAP DRAM BW: 16.000 words/cycle

Running Layer 779
Total cycles: 7063
Compute cycles: 3743
Stall cycles: 0
Overall utilization: 60.70%
Mapping efficiency: 100.00%
Average IFMAP SRAM BW: 9.712 words/cycle
Average Filter SRAM BW: 2.189 words/cycle
Average OFMAP SRAM BW: 9.712 words/cycle
Average IFMAP DRAM BW: 8.655 words/cycle
Average Filter DRAM BW: 7.809 words/cycle
Average OFMAP DRAM BW: 16.000 words/cycle

Running Layer 780
Total cycles: 13865
Compute cycles: 7487
Stall cycles: 0
Overall utilization: 60.69%
Mapping efficiency: 100.00%
Average IFMAP SRAM BW: 9.711 words/cycle
Average Filter SRAM BW: 2.188 words/cycle
Average OFMAP SRAM BW: 9.711 words/cycle
Average IFMAP DRAM BW: 8.663 words/cycle
Average Filter DRAM BW: 8.929 words/cycle
Average OFMAP DRAM BW: 16.000 words/cycle

Running Layer 781
Total cycles: 1021
Compute cycles: 471
Stall cycles: 0
Overall utilization: 15.29%
Mapping efficiency: 25.00%
Average IFMAP SRAM BW: 2.446 words/cycle
Average Filter SRAM BW: 0.544 words/cycle
Average OFMAP SRAM BW: 9.783 words/cycle
Average IFMAP DRAM BW: 1.095 words/cycle
Average Filter DRAM BW: 0.973 words/cycle
Average OFMAP DRAM BW: 16.000 words/cycle

Running Layer 782
Total cycles: 1781
Compute cycles: 943
Stall cycles: 0
Overall utilization: 15.27%
Mapping efficiency: 25.00%
Average IFMAP SRAM BW: 2.443 words/cycle
Average Filter SRAM BW: 0.543 words/cycle
Average OFMAP SRAM BW: 9.773 words/cycle
Average IFMAP DRAM BW: 1.095 words/cycle
Average Filter DRAM BW: 1.947 words/cycle
Average OFMAP DRAM BW: 16.000 words/cycle

Running Layer 783
Total cycles: 1021
Compute cycles: 471
Stall cycles: 0
Overall utilization: 30.57%
Mapping efficiency: 50.00%
Average IFMAP SRAM BW: 4.892 words/cycle
Average Filter SRAM BW: 1.087 words/cycle
Average OFMAP SRAM BW: 9.783 words/cycle
Average IFMAP DRAM BW: 2.190 words/cycle
Average Filter DRAM BW: 1.947 words/cycle
Average OFMAP DRAM BW: 16.000 words/cycle

Running Layer 784
Total cycles: 1781
Compute cycles: 943
Stall cycles: 0
Overall utilization: 30.54%
Mapping efficiency: 50.00%
Average IFMAP SRAM BW: 4.887 words/cycle
Average Filter SRAM BW: 1.086 words/cycle
Average OFMAP SRAM BW: 9.773 words/cycle
Average IFMAP DRAM BW: 2.190 words/cycle
Average Filter DRAM BW: 3.894 words/cycle
Average OFMAP DRAM BW: 16.000 words/cycle

Running Layer 785
Total cycles: 1021
Compute cycles: 471
Stall cycles: 0
Overall utilization: 61.15%
Mapping efficiency: 100.00%
Average IFMAP SRAM BW: 9.783 words/cycle
Average Filter SRAM BW: 2.174 words/cycle
Average OFMAP SRAM BW: 9.783 words/cycle
Average IFMAP DRAM BW: 4.380 words/cycle
Average Filter DRAM BW: 3.894 words/cycle
Average OFMAP DRAM BW: 16.000 words/cycle

Running Layer 786
Total cycles: 1781
Compute cycles: 943
Stall cycles: 0
Overall utilization: 61.08%
Mapping efficiency: 100.00%
Average IFMAP SRAM BW: 9.773 words/cycle
Average Filter SRAM BW: 2.172 words/cycle
Average OFMAP SRAM BW: 9.773 words/cycle
Average IFMAP DRAM BW: 4.380 words/cycle
Average Filter DRAM BW: 7.787 words/cycle
Average OFMAP DRAM BW: 16.000 words/cycle

Running Layer 787
Total cycles: 1781
Compute cycles: 943
Stall cycles: 0
Overall utilization: 61.08%
Mapping efficiency: 100.00%
Average IFMAP SRAM BW: 9.773 words/cycle
Average Filter SRAM BW: 2.172 words/cycle
Average OFMAP SRAM BW: 9.773 words/cycle
Average IFMAP DRAM BW: 8.760 words/cycle
Average Filter DRAM BW: 7.787 words/cycle
Average OFMAP DRAM BW: 16.000 words/cycle

Running Layer 788
Total cycles: 3563
Compute cycles: 1887
Stall cycles: 0
Overall utilization: 61.05%
Mapping efficiency: 100.00%
Average IFMAP SRAM BW: 9.768 words/cycle
Average Filter SRAM BW: 2.171 words/cycle
Average OFMAP SRAM BW: 9.768 words/cycle
Average IFMAP DRAM BW: 8.760 words/cycle
Average Filter DRAM BW: 7.802 words/cycle
Average OFMAP DRAM BW: 16.000 words/cycle

Running Layer 789
Total cycles: 3563
Compute cycles: 1887
Stall cycles: 0
Overall utilization: 61.05%
Mapping efficiency: 100.00%
Average IFMAP SRAM BW: 9.768 words/cycle
Average Filter SRAM BW: 2.171 words/cycle
Average OFMAP SRAM BW: 9.768 words/cycle
Average IFMAP DRAM BW: 8.777 words/cycle
Average Filter DRAM BW: 7.802 words/cycle
Average OFMAP DRAM BW: 16.000 words/cycle

Running Layer 790
Total cycles: 7127
Compute cycles: 3775
Stall cycles: 0
Overall utilization: 61.03%
Mapping efficiency: 100.00%
Average IFMAP SRAM BW: 9.765 words/cycle
Average Filter SRAM BW: 2.170 words/cycle
Average OFMAP SRAM BW: 9.765 words/cycle
Average IFMAP DRAM BW: 8.777 words/cycle
Average Filter DRAM BW: 7.809 words/cycle
Average OFMAP DRAM BW: 16.000 words/cycle

Running Layer 791
Total cycles: 13993
Compute cycles: 7551
Stall cycles: 0
Overall utilization: 61.03%
Mapping efficiency: 100.00%
Average IFMAP SRAM BW: 9.764 words/cycle
Average Filter SRAM BW: 2.170 words/cycle
Average OFMAP SRAM BW: 9.764 words/cycle
Average IFMAP DRAM BW: 8.786 words/cycle
Average Filter DRAM BW: 8.929 words/cycle
Average OFMAP DRAM BW: 16.000 words/cycle

Running Layer 792
Total cycles: 1029
Compute cycles: 475
Stall cycles: 0
Overall utilization: 15.37%
Mapping efficiency: 25.00%
Average IFMAP SRAM BW: 2.459 words/cycle
Average Filter SRAM BW: 0.539 words/cycle
Average OFMAP SRAM BW: 9.836 words/cycle
Average IFMAP DRAM BW: 1.110 words/cycle
Average Filter DRAM BW: 0.973 words/cycle
Average OFMAP DRAM BW: 16.000 words/cycle

Running Layer 793
Total cycles: 1797
Compute cycles: 951
Stall cycles: 0
Overall utilization: 15.35%
Mapping efficiency: 25.00%
Average IFMAP SRAM BW: 2.456 words/cycle
Average Filter SRAM BW: 0.538 words/cycle
Average OFMAP SRAM BW: 9.825 words/cycle
Average IFMAP DRAM BW: 1.110 words/cycle
Average Filter DRAM BW: 1.947 words/cycle
Average OFMAP DRAM BW: 16.000 words/cycle

Running Layer 794
Total cycles: 1029
Compute cycles: 475
Stall cycles: 0
Overall utilization: 30.74%
Mapping efficiency: 50.00%
Average IFMAP SRAM BW: 4.918 words/cycle
Average Filter SRAM BW: 1.078 words/cycle
Average OFMAP SRAM BW: 9.836 words/cycle
Average IFMAP DRAM BW: 2.221 words/cycle
Average Filter DRAM BW: 1.947 words/cycle
Average OFMAP DRAM BW: 16.000 words/cycle

Running Layer 795
Total cycles: 1797
Compute cycles: 951
Stall cycles: 0
Overall utilization: 30.70%
Mapping efficiency: 50.00%
Average IFMAP SRAM BW: 4.913 words/cycle
Average Filter SRAM BW: 1.077 words/cycle
Average OFMAP SRAM BW: 9.825 words/cycle
Average IFMAP DRAM BW: 2.221 words/cycle
Average Filter DRAM BW: 3.894 words/cycle
Average OFMAP DRAM BW: 16.000 words/cycle

Running Layer 796
Total cycles: 1029
Compute cycles: 475
Stall cycles: 0
Overall utilization: 61.47%
Mapping efficiency: 100.00%
Average IFMAP SRAM BW: 9.836 words/cycle
Average Filter SRAM BW: 2.156 words/cycle
Average OFMAP SRAM BW: 9.836 words/cycle
Average IFMAP DRAM BW: 4.441 words/cycle
Average Filter DRAM BW: 3.894 words/cycle
Average OFMAP DRAM BW: 16.000 words/cycle

Running Layer 797
Total cycles: 1797
Compute cycles: 951
Stall cycles: 0
Overall utilization: 61.41%
Mapping efficiency: 100.00%
Average IFMAP SRAM BW: 9.825 words/cycle
Average Filter SRAM BW: 2.154 words/cycle
Average OFMAP SRAM BW: 9.825 words/cycle
Average IFMAP DRAM BW: 4.441 words/cycle
Average Filter DRAM BW: 7.787 words/cycle
Average OFMAP DRAM BW: 16.000 words/cycle

Running Layer 798
Total cycles: 1797
Compute cycles: 951
Stall cycles: 0
Overall utilization: 61.41%
Mapping efficiency: 100.00%
Average IFMAP SRAM BW: 9.825 words/cycle
Average Filter SRAM BW: 2.154 words/cycle
Average OFMAP SRAM BW: 9.825 words/cycle
Average IFMAP DRAM BW: 8.882 words/cycle
Average Filter DRAM BW: 7.787 words/cycle
Average OFMAP DRAM BW: 16.000 words/cycle

Running Layer 799
Total cycles: 3595
Compute cycles: 1903
Stall cycles: 0
Overall utilization: 61.38%
Mapping efficiency: 100.00%
Average IFMAP SRAM BW: 9.820 words/cycle
Average Filter SRAM BW: 2.152 words/cycle
Average OFMAP SRAM BW: 9.820 words/cycle
Average IFMAP DRAM BW: 8.882 words/cycle
Average Filter DRAM BW: 7.802 words/cycle
Average OFMAP DRAM BW: 16.000 words/cycle

Running Layer 800
Total cycles: 3595
Compute cycles: 1903
Stall cycles: 0
Overall utilization: 61.38%
Mapping efficiency: 100.00%
Average IFMAP SRAM BW: 9.820 words/cycle
Average Filter SRAM BW: 2.152 words/cycle
Average OFMAP SRAM BW: 9.820 words/cycle
Average IFMAP DRAM BW: 8.899 words/cycle
Average Filter DRAM BW: 7.802 words/cycle
Average OFMAP DRAM BW: 16.000 words/cycle

Running Layer 801
Total cycles: 7191
Compute cycles: 3807
Stall cycles: 0
Overall utilization: 61.36%
Mapping efficiency: 100.00%
Average IFMAP SRAM BW: 9.818 words/cycle
Average Filter SRAM BW: 2.152 words/cycle
Average OFMAP SRAM BW: 9.818 words/cycle
Average IFMAP DRAM BW: 8.899 words/cycle
Average Filter DRAM BW: 7.809 words/cycle
Average OFMAP DRAM BW: 16.000 words/cycle

Running Layer 802
Total cycles: 14121
Compute cycles: 7615
Stall cycles: 0
Overall utilization: 61.35%
Mapping efficiency: 100.00%
Average IFMAP SRAM BW: 9.816 words/cycle
Average Filter SRAM BW: 2.152 words/cycle
Average OFMAP SRAM BW: 9.816 words/cycle
Average IFMAP DRAM BW: 8.908 words/cycle
Average Filter DRAM BW: 8.929 words/cycle
Average OFMAP DRAM BW: 16.000 words/cycle

Running Layer 803
Total cycles: 1037
Compute cycles: 479
Stall cycles: 0
Overall utilization: 15.45%
Mapping efficiency: 25.00%
Average IFMAP SRAM BW: 2.472 words/cycle
Average Filter SRAM BW: 0.534 words/cycle
Average OFMAP SRAM BW: 9.887 words/cycle
Average IFMAP DRAM BW: 1.125 words/cycle
Average Filter DRAM BW: 0.973 words/cycle
Average OFMAP DRAM BW: 16.000 words/cycle

Running Layer 804
Total cycles: 1813
Compute cycles: 959
Stall cycles: 0
Overall utilization: 15.43%
Mapping efficiency: 25.00%
Average IFMAP SRAM BW: 2.469 words/cycle
Average Filter SRAM BW: 0.534 words/cycle
Average OFMAP SRAM BW: 9.877 words/cycle
Average IFMAP DRAM BW: 1.125 words/cycle
Average Filter DRAM BW: 1.947 words/cycle
Average OFMAP DRAM BW: 16.000 words/cycle

Running Layer 805
Total cycles: 1037
Compute cycles: 479
Stall cycles: 0
Overall utilization: 30.90%
Mapping efficiency: 50.00%
Average IFMAP SRAM BW: 4.944 words/cycle
Average Filter SRAM BW: 1.069 words/cycle
Average OFMAP SRAM BW: 9.887 words/cycle
Average IFMAP DRAM BW: 2.251 words/cycle
Average Filter DRAM BW: 1.947 words/cycle
Average OFMAP DRAM BW: 16.000 words/cycle

Running Layer 806
Total cycles: 1813
Compute cycles: 959
Stall cycles: 0
Overall utilization: 30.87%
Mapping efficiency: 50.00%
Average IFMAP SRAM BW: 4.938 words/cycle
Average Filter SRAM BW: 1.068 words/cycle
Average OFMAP SRAM BW: 9.877 words/cycle
Average IFMAP DRAM BW: 2.251 words/cycle
Average Filter DRAM BW: 3.894 words/cycle
Average OFMAP DRAM BW: 16.000 words/cycle

Running Layer 807
Total cycles: 1037
Compute cycles: 479
Stall cycles: 0
Overall utilization: 61.80%
Mapping efficiency: 100.00%
Average IFMAP SRAM BW: 9.887 words/cycle
Average Filter SRAM BW: 2.138 words/cycle
Average OFMAP SRAM BW: 9.887 words/cycle
Average IFMAP DRAM BW: 4.502 words/cycle
Average Filter DRAM BW: 3.894 words/cycle
Average OFMAP DRAM BW: 16.000 words/cycle

Running Layer 808
Total cycles: 1813
Compute cycles: 959
Stall cycles: 0
Overall utilization: 61.73%
Mapping efficiency: 100.00%
Average IFMAP SRAM BW: 9.877 words/cycle
Average Filter SRAM BW: 2.136 words/cycle
Average OFMAP SRAM BW: 9.877 words/cycle
Average IFMAP DRAM BW: 4.502 words/cycle
Average Filter DRAM BW: 7.787 words/cycle
Average OFMAP DRAM BW: 16.000 words/cycle

Running Layer 809
Total cycles: 1813
Compute cycles: 959
Stall cycles: 0
Overall utilization: 61.73%
Mapping efficiency: 100.00%
Average IFMAP SRAM BW: 9.877 words/cycle
Average Filter SRAM BW: 2.136 words/cycle
Average OFMAP SRAM BW: 9.877 words/cycle
Average IFMAP DRAM BW: 9.004 words/cycle
Average Filter DRAM BW: 7.787 words/cycle
Average OFMAP DRAM BW: 16.000 words/cycle

Running Layer 810
Total cycles: 3627
Compute cycles: 1919
Stall cycles: 0
Overall utilization: 61.70%
Mapping efficiency: 100.00%
Average IFMAP SRAM BW: 9.872 words/cycle
Average Filter SRAM BW: 2.134 words/cycle
Average OFMAP SRAM BW: 9.872 words/cycle
Average IFMAP DRAM BW: 9.004 words/cycle
Average Filter DRAM BW: 7.802 words/cycle
Average OFMAP DRAM BW: 16.000 words/cycle

Running Layer 811
Total cycles: 3627
Compute cycles: 1919
Stall cycles: 0
Overall utilization: 61.70%
Mapping efficiency: 100.00%
Average IFMAP SRAM BW: 9.872 words/cycle
Average Filter SRAM BW: 2.134 words/cycle
Average OFMAP SRAM BW: 9.872 words/cycle
Average IFMAP DRAM BW: 9.021 words/cycle
Average Filter DRAM BW: 7.802 words/cycle
Average OFMAP DRAM BW: 16.000 words/cycle

Running Layer 812
Total cycles: 7255
Compute cycles: 3839
Stall cycles: 0
Overall utilization: 61.68%
Mapping efficiency: 100.00%
Average IFMAP SRAM BW: 9.869 words/cycle
Average Filter SRAM BW: 2.134 words/cycle
Average OFMAP SRAM BW: 9.869 words/cycle
Average IFMAP DRAM BW: 9.021 words/cycle
Average Filter DRAM BW: 7.809 words/cycle
Average OFMAP DRAM BW: 16.000 words/cycle

Running Layer 813
Total cycles: 14249
Compute cycles: 7679
Stall cycles: 0
Overall utilization: 61.67%
Mapping efficiency: 100.00%
Average IFMAP SRAM BW: 9.868 words/cycle
Average Filter SRAM BW: 2.134 words/cycle
Average OFMAP SRAM BW: 9.868 words/cycle
Average IFMAP DRAM BW: 9.030 words/cycle
Average Filter DRAM BW: 8.929 words/cycle
Average OFMAP DRAM BW: 16.000 words/cycle

Running Layer 814
Total cycles: 1045
Compute cycles: 483
Stall cycles: 0
Overall utilization: 15.53%
Mapping efficiency: 25.00%
Average IFMAP SRAM BW: 2.484 words/cycle
Average Filter SRAM BW: 0.530 words/cycle
Average OFMAP SRAM BW: 9.938 words/cycle
Average IFMAP DRAM BW: 1.141 words/cycle
Average Filter DRAM BW: 0.973 words/cycle
Average OFMAP DRAM BW: 16.000 words/cycle

Running Layer 815
Total cycles: 1829
Compute cycles: 967
Stall cycles: 0
Overall utilization: 15.51%
Mapping efficiency: 25.00%
Average IFMAP SRAM BW: 2.482 words/cycle
Average Filter SRAM BW: 0.529 words/cycle
Average OFMAP SRAM BW: 9.928 words/cycle
Average IFMAP DRAM BW: 1.141 words/cycle
Average Filter DRAM BW: 1.947 words/cycle
Average OFMAP DRAM BW: 16.000 words/cycle

Running Layer 816
Total cycles: 1045
Compute cycles: 483
Stall cycles: 0
Overall utilization: 31.06%
Mapping efficiency: 50.00%
Average IFMAP SRAM BW: 4.969 words/cycle
Average Filter SRAM BW: 1.060 words/cycle
Average OFMAP SRAM BW: 9.938 words/cycle
Average IFMAP DRAM BW: 2.281 words/cycle
Average Filter DRAM BW: 1.947 words/cycle
Average OFMAP DRAM BW: 16.000 words/cycle

Running Layer 817
Total cycles: 1829
Compute cycles: 967
Stall cycles: 0
Overall utilization: 31.02%
Mapping efficiency: 50.00%
Average IFMAP SRAM BW: 4.964 words/cycle
Average Filter SRAM BW: 1.059 words/cycle
Average OFMAP SRAM BW: 9.928 words/cycle
Average IFMAP DRAM BW: 2.281 words/cycle
Average Filter DRAM BW: 3.894 words/cycle
Average OFMAP DRAM BW: 16.000 words/cycle

Running Layer 818
Total cycles: 1045
Compute cycles: 483
Stall cycles: 0
Overall utilization: 62.11%
Mapping efficiency: 100.00%
Average IFMAP SRAM BW: 9.938 words/cycle
Average Filter SRAM BW: 2.120 words/cycle
Average OFMAP SRAM BW: 9.938 words/cycle
Average IFMAP DRAM BW: 4.563 words/cycle
Average Filter DRAM BW: 3.894 words/cycle
Average OFMAP DRAM BW: 16.000 words/cycle

Running Layer 819
Total cycles: 1829
Compute cycles: 967
Stall cycles: 0
Overall utilization: 62.05%
Mapping efficiency: 100.00%
Average IFMAP SRAM BW: 9.928 words/cycle
Average Filter SRAM BW: 2.118 words/cycle
Average OFMAP SRAM BW: 9.928 words/cycle
Average IFMAP DRAM BW: 4.563 words/cycle
Average Filter DRAM BW: 7.787 words/cycle
Average OFMAP DRAM BW: 16.000 words/cycle

Running Layer 820
Total cycles: 1829
Compute cycles: 967
Stall cycles: 0
Overall utilization: 62.05%
Mapping efficiency: 100.00%
Average IFMAP SRAM BW: 9.928 words/cycle
Average Filter SRAM BW: 2.118 words/cycle
Average OFMAP SRAM BW: 9.928 words/cycle
Average IFMAP DRAM BW: 9.125 words/cycle
Average Filter DRAM BW: 7.787 words/cycle
Average OFMAP DRAM BW: 16.000 words/cycle

Running Layer 821
Total cycles: 3659
Compute cycles: 1935
Stall cycles: 0
Overall utilization: 62.02%
Mapping efficiency: 100.00%
Average IFMAP SRAM BW: 9.922 words/cycle
Average Filter SRAM BW: 2.117 words/cycle
Average OFMAP SRAM BW: 9.922 words/cycle
Average IFMAP DRAM BW: 9.125 words/cycle
Average Filter DRAM BW: 7.802 words/cycle
Average OFMAP DRAM BW: 16.000 words/cycle

Running Layer 822
Total cycles: 3659
Compute cycles: 1935
Stall cycles: 0
Overall utilization: 62.02%
Mapping efficiency: 100.00%
Average IFMAP SRAM BW: 9.922 words/cycle
Average Filter SRAM BW: 2.117 words/cycle
Average OFMAP SRAM BW: 9.922 words/cycle
Average IFMAP DRAM BW: 9.143 words/cycle
Average Filter DRAM BW: 7.802 words/cycle
Average OFMAP DRAM BW: 16.000 words/cycle

Running Layer 823
Total cycles: 7319
Compute cycles: 3871
Stall cycles: 0
Overall utilization: 62.00%
Mapping efficiency: 100.00%
Average IFMAP SRAM BW: 9.920 words/cycle
Average Filter SRAM BW: 2.116 words/cycle
Average OFMAP SRAM BW: 9.920 words/cycle
Average IFMAP DRAM BW: 9.143 words/cycle
Average Filter DRAM BW: 7.809 words/cycle
Average OFMAP DRAM BW: 16.000 words/cycle

Running Layer 824
Total cycles: 14377
Compute cycles: 7743
Stall cycles: 0
Overall utilization: 61.99%
Mapping efficiency: 100.00%
Average IFMAP SRAM BW: 9.919 words/cycle
Average Filter SRAM BW: 2.116 words/cycle
Average OFMAP SRAM BW: 9.919 words/cycle
Average IFMAP DRAM BW: 9.152 words/cycle
Average Filter DRAM BW: 8.929 words/cycle
Average OFMAP DRAM BW: 16.000 words/cycle

Running Layer 825
Total cycles: 1053
Compute cycles: 487
Stall cycles: 0
Overall utilization: 15.61%
Mapping efficiency: 25.00%
Average IFMAP SRAM BW: 2.497 words/cycle
Average Filter SRAM BW: 0.526 words/cycle
Average OFMAP SRAM BW: 9.988 words/cycle
Average IFMAP DRAM BW: 1.156 words/cycle
Average Filter DRAM BW: 0.973 words/cycle
Average OFMAP DRAM BW: 16.000 words/cycle

Running Layer 826
Total cycles: 1845
Compute cycles: 975
Stall cycles: 0
Overall utilization: 15.59%
Mapping efficiency: 25.00%
Average IFMAP SRAM BW: 2.494 words/cycle
Average Filter SRAM BW: 0.525 words/cycle
Average OFMAP SRAM BW: 9.977 words/cycle
Average IFMAP DRAM BW: 1.156 words/cycle
Average Filter DRAM BW: 1.947 words/cycle
Average OFMAP DRAM BW: 16.000 words/cycle

Running Layer 827
Total cycles: 1053
Compute cycles: 487
Stall cycles: 0
Overall utilization: 31.21%
Mapping efficiency: 50.00%
Average IFMAP SRAM BW: 4.994 words/cycle
Average Filter SRAM BW: 1.051 words/cycle
Average OFMAP SRAM BW: 9.988 words/cycle
Average IFMAP DRAM BW: 2.312 words/cycle
Average Filter DRAM BW: 1.947 words/cycle
Average OFMAP DRAM BW: 16.000 words/cycle

Running Layer 828
Total cycles: 1845
Compute cycles: 975
Stall cycles: 0
Overall utilization: 31.18%
Mapping efficiency: 50.00%
Average IFMAP SRAM BW: 4.989 words/cycle
Average Filter SRAM BW: 1.050 words/cycle
Average OFMAP SRAM BW: 9.977 words/cycle
Average IFMAP DRAM BW: 2.312 words/cycle
Average Filter DRAM BW: 3.894 words/cycle
Average OFMAP DRAM BW: 16.000 words/cycle

Running Layer 829
Total cycles: 1053
Compute cycles: 487
Stall cycles: 0
Overall utilization: 62.42%
Mapping efficiency: 100.00%
Average IFMAP SRAM BW: 9.988 words/cycle
Average Filter SRAM BW: 2.103 words/cycle
Average OFMAP SRAM BW: 9.988 words/cycle
Average IFMAP DRAM BW: 4.624 words/cycle
Average Filter DRAM BW: 3.894 words/cycle
Average OFMAP DRAM BW: 16.000 words/cycle

Running Layer 830
Total cycles: 1845
Compute cycles: 975
Stall cycles: 0
Overall utilization: 62.36%
Mapping efficiency: 100.00%
Average IFMAP SRAM BW: 9.977 words/cycle
Average Filter SRAM BW: 2.101 words/cycle
Average OFMAP SRAM BW: 9.977 words/cycle
Average IFMAP DRAM BW: 4.624 words/cycle
Average Filter DRAM BW: 7.787 words/cycle
Average OFMAP DRAM BW: 16.000 words/cycle

Running Layer 831
Total cycles: 1845
Compute cycles: 975
Stall cycles: 0
Overall utilization: 62.36%
Mapping efficiency: 100.00%
Average IFMAP SRAM BW: 9.977 words/cycle
Average Filter SRAM BW: 2.101 words/cycle
Average OFMAP SRAM BW: 9.977 words/cycle
Average IFMAP DRAM BW: 9.247 words/cycle
Average Filter DRAM BW: 7.787 words/cycle
Average OFMAP DRAM BW: 16.000 words/cycle

Running Layer 832
Total cycles: 3691
Compute cycles: 1951
Stall cycles: 0
Overall utilization: 62.33%
Mapping efficiency: 100.00%
Average IFMAP SRAM BW: 9.972 words/cycle
Average Filter SRAM BW: 2.099 words/cycle
Average OFMAP SRAM BW: 9.972 words/cycle
Average IFMAP DRAM BW: 9.247 words/cycle
Average Filter DRAM BW: 7.802 words/cycle
Average OFMAP DRAM BW: 16.000 words/cycle

Running Layer 833
Total cycles: 3691
Compute cycles: 1951
Stall cycles: 0
Overall utilization: 62.33%
Mapping efficiency: 100.00%
Average IFMAP SRAM BW: 9.972 words/cycle
Average Filter SRAM BW: 2.099 words/cycle
Average OFMAP SRAM BW: 9.972 words/cycle
Average IFMAP DRAM BW: 9.265 words/cycle
Average Filter DRAM BW: 7.802 words/cycle
Average OFMAP DRAM BW: 16.000 words/cycle

Running Layer 834
Total cycles: 7383
Compute cycles: 3903
Stall cycles: 0
Overall utilization: 62.31%
Mapping efficiency: 100.00%
Average IFMAP SRAM BW: 9.970 words/cycle
Average Filter SRAM BW: 2.099 words/cycle
Average OFMAP SRAM BW: 9.970 words/cycle
Average IFMAP DRAM BW: 9.265 words/cycle
Average Filter DRAM BW: 7.809 words/cycle
Average OFMAP DRAM BW: 16.000 words/cycle

Running Layer 835
Total cycles: 14505
Compute cycles: 7807
Stall cycles: 0
Overall utilization: 62.30%
Mapping efficiency: 100.00%
Average IFMAP SRAM BW: 9.968 words/cycle
Average Filter SRAM BW: 2.099 words/cycle
Average OFMAP SRAM BW: 9.968 words/cycle
Average IFMAP DRAM BW: 9.274 words/cycle
Average Filter DRAM BW: 8.929 words/cycle
Average OFMAP DRAM BW: 16.000 words/cycle

Running Layer 836
Total cycles: 1061
Compute cycles: 491
Stall cycles: 0
Overall utilization: 15.68%
Mapping efficiency: 25.00%
Average IFMAP SRAM BW: 2.509 words/cycle
Average Filter SRAM BW: 0.521 words/cycle
Average OFMAP SRAM BW: 10.037 words/cycle
Average IFMAP DRAM BW: 1.171 words/cycle
Average Filter DRAM BW: 0.973 words/cycle
Average OFMAP DRAM BW: 16.000 words/cycle

Running Layer 837
Total cycles: 1861
Compute cycles: 983
Stall cycles: 0
Overall utilization: 15.67%
Mapping efficiency: 25.00%
Average IFMAP SRAM BW: 2.507 words/cycle
Average Filter SRAM BW: 0.521 words/cycle
Average OFMAP SRAM BW: 10.026 words/cycle
Average IFMAP DRAM BW: 1.171 words/cycle
Average Filter DRAM BW: 1.947 words/cycle
Average OFMAP DRAM BW: 16.000 words/cycle

Running Layer 838
Total cycles: 1061
Compute cycles: 491
Stall cycles: 0
Overall utilization: 31.36%
Mapping efficiency: 50.00%
Average IFMAP SRAM BW: 5.018 words/cycle
Average Filter SRAM BW: 1.043 words/cycle
Average OFMAP SRAM BW: 10.037 words/cycle
Average IFMAP DRAM BW: 2.342 words/cycle
Average Filter DRAM BW: 1.947 words/cycle
Average OFMAP DRAM BW: 16.000 words/cycle

Running Layer 839
Total cycles: 1861
Compute cycles: 983
Stall cycles: 0
Overall utilization: 31.33%
Mapping efficiency: 50.00%
Average IFMAP SRAM BW: 5.013 words/cycle
Average Filter SRAM BW: 1.042 words/cycle
Average OFMAP SRAM BW: 10.026 words/cycle
Average IFMAP DRAM BW: 2.342 words/cycle
Average Filter DRAM BW: 3.894 words/cycle
Average OFMAP DRAM BW: 16.000 words/cycle

Running Layer 840
Total cycles: 1061
Compute cycles: 491
Stall cycles: 0
Overall utilization: 62.73%
Mapping efficiency: 100.00%
Average IFMAP SRAM BW: 10.037 words/cycle
Average Filter SRAM BW: 2.086 words/cycle
Average OFMAP SRAM BW: 10.037 words/cycle
Average IFMAP DRAM BW: 4.684 words/cycle
Average Filter DRAM BW: 3.894 words/cycle
Average OFMAP DRAM BW: 16.000 words/cycle

Running Layer 841
Total cycles: 1861
Compute cycles: 983
Stall cycles: 0
Overall utilization: 62.67%
Mapping efficiency: 100.00%
Average IFMAP SRAM BW: 10.026 words/cycle
Average Filter SRAM BW: 2.083 words/cycle
Average OFMAP SRAM BW: 10.026 words/cycle
Average IFMAP DRAM BW: 4.684 words/cycle
Average Filter DRAM BW: 7.787 words/cycle
Average OFMAP DRAM BW: 16.000 words/cycle

Running Layer 842
Total cycles: 1861
Compute cycles: 983
Stall cycles: 0
Overall utilization: 62.67%
Mapping efficiency: 100.00%
Average IFMAP SRAM BW: 10.026 words/cycle
Average Filter SRAM BW: 2.083 words/cycle
Average OFMAP SRAM BW: 10.026 words/cycle
Average IFMAP DRAM BW: 9.369 words/cycle
Average Filter DRAM BW: 7.787 words/cycle
Average OFMAP DRAM BW: 16.000 words/cycle

Running Layer 843
Total cycles: 3723
Compute cycles: 1967
Stall cycles: 0
Overall utilization: 62.63%
Mapping efficiency: 100.00%
Average IFMAP SRAM BW: 10.021 words/cycle
Average Filter SRAM BW: 2.082 words/cycle
Average OFMAP SRAM BW: 10.021 words/cycle
Average IFMAP DRAM BW: 9.369 words/cycle
Average Filter DRAM BW: 7.802 words/cycle
Average OFMAP DRAM BW: 16.000 words/cycle

Running Layer 844
Total cycles: 3723
Compute cycles: 1967
Stall cycles: 0
Overall utilization: 62.63%
Mapping efficiency: 100.00%
Average IFMAP SRAM BW: 10.021 words/cycle
Average Filter SRAM BW: 2.082 words/cycle
Average OFMAP SRAM BW: 10.021 words/cycle
Average IFMAP DRAM BW: 9.387 words/cycle
Average Filter DRAM BW: 7.802 words/cycle
Average OFMAP DRAM BW: 16.000 words/cycle

Running Layer 845
Total cycles: 7447
Compute cycles: 3935
Stall cycles: 0
Overall utilization: 62.62%
Mapping efficiency: 100.00%
Average IFMAP SRAM BW: 10.019 words/cycle
Average Filter SRAM BW: 2.082 words/cycle
Average OFMAP SRAM BW: 10.019 words/cycle
Average IFMAP DRAM BW: 9.387 words/cycle
Average Filter DRAM BW: 7.809 words/cycle
Average OFMAP DRAM BW: 16.000 words/cycle

Running Layer 846
Total cycles: 14633
Compute cycles: 7871
Stall cycles: 0
Overall utilization: 62.61%
Mapping efficiency: 100.00%
Average IFMAP SRAM BW: 10.018 words/cycle
Average Filter SRAM BW: 2.082 words/cycle
Average OFMAP SRAM BW: 10.018 words/cycle
Average IFMAP DRAM BW: 9.396 words/cycle
Average Filter DRAM BW: 8.929 words/cycle
Average OFMAP DRAM BW: 16.000 words/cycle

Running Layer 847
Total cycles: 1069
Compute cycles: 495
Stall cycles: 0
Overall utilization: 15.76%
Mapping efficiency: 25.00%
Average IFMAP SRAM BW: 2.521 words/cycle
Average Filter SRAM BW: 0.517 words/cycle
Average OFMAP SRAM BW: 10.085 words/cycle
Average IFMAP DRAM BW: 1.186 words/cycle
Average Filter DRAM BW: 0.973 words/cycle
Average OFMAP DRAM BW: 16.000 words/cycle

Running Layer 848
Total cycles: 1877
Compute cycles: 991
Stall cycles: 0
Overall utilization: 15.74%
Mapping efficiency: 25.00%
Average IFMAP SRAM BW: 2.519 words/cycle
Average Filter SRAM BW: 0.517 words/cycle
Average OFMAP SRAM BW: 10.075 words/cycle
Average IFMAP DRAM BW: 1.186 words/cycle
Average Filter DRAM BW: 1.947 words/cycle
Average OFMAP DRAM BW: 16.000 words/cycle

Running Layer 849
Total cycles: 1069
Compute cycles: 495
Stall cycles: 0
Overall utilization: 31.52%
Mapping efficiency: 50.00%
Average IFMAP SRAM BW: 5.042 words/cycle
Average Filter SRAM BW: 1.034 words/cycle
Average OFMAP SRAM BW: 10.085 words/cycle
Average IFMAP DRAM BW: 2.373 words/cycle
Average Filter DRAM BW: 1.947 words/cycle
Average OFMAP DRAM BW: 16.000 words/cycle

Running Layer 850
Total cycles: 1877
Compute cycles: 991
Stall cycles: 0
Overall utilization: 31.48%
Mapping efficiency: 50.00%
Average IFMAP SRAM BW: 5.037 words/cycle
Average Filter SRAM BW: 1.033 words/cycle
Average OFMAP SRAM BW: 10.075 words/cycle
Average IFMAP DRAM BW: 2.373 words/cycle
Average Filter DRAM BW: 3.894 words/cycle
Average OFMAP DRAM BW: 16.000 words/cycle

Running Layer 851
Total cycles: 1069
Compute cycles: 495
Stall cycles: 0
Overall utilization: 63.03%
Mapping efficiency: 100.00%
Average IFMAP SRAM BW: 10.085 words/cycle
Average Filter SRAM BW: 2.069 words/cycle
Average OFMAP SRAM BW: 10.085 words/cycle
Average IFMAP DRAM BW: 4.745 words/cycle
Average Filter DRAM BW: 3.894 words/cycle
Average OFMAP DRAM BW: 16.000 words/cycle

Running Layer 852
Total cycles: 1877
Compute cycles: 991
Stall cycles: 0
Overall utilization: 62.97%
Mapping efficiency: 100.00%
Average IFMAP SRAM BW: 10.075 words/cycle
Average Filter SRAM BW: 2.067 words/cycle
Average OFMAP SRAM BW: 10.075 words/cycle
Average IFMAP DRAM BW: 4.745 words/cycle
Average Filter DRAM BW: 7.787 words/cycle
Average OFMAP DRAM BW: 16.000 words/cycle

Running Layer 853
Total cycles: 1877
Compute cycles: 991
Stall cycles: 0
Overall utilization: 62.97%
Mapping efficiency: 100.00%
Average IFMAP SRAM BW: 10.075 words/cycle
Average Filter SRAM BW: 2.067 words/cycle
Average OFMAP SRAM BW: 10.075 words/cycle
Average IFMAP DRAM BW: 9.490 words/cycle
Average Filter DRAM BW: 7.787 words/cycle
Average OFMAP DRAM BW: 16.000 words/cycle

Running Layer 854
Total cycles: 3755
Compute cycles: 1983
Stall cycles: 0
Overall utilization: 62.93%
Mapping efficiency: 100.00%
Average IFMAP SRAM BW: 10.070 words/cycle
Average Filter SRAM BW: 2.066 words/cycle
Average OFMAP SRAM BW: 10.070 words/cycle
Average IFMAP DRAM BW: 9.490 words/cycle
Average Filter DRAM BW: 7.802 words/cycle
Average OFMAP DRAM BW: 16.000 words/cycle

Running Layer 855
Total cycles: 3755
Compute cycles: 1983
Stall cycles: 0
Overall utilization: 62.93%
Mapping efficiency: 100.00%
Average IFMAP SRAM BW: 10.070 words/cycle
Average Filter SRAM BW: 2.066 words/cycle
Average OFMAP SRAM BW: 10.070 words/cycle
Average IFMAP DRAM BW: 9.509 words/cycle
Average Filter DRAM BW: 7.802 words/cycle
Average OFMAP DRAM BW: 16.000 words/cycle

Running Layer 856
Total cycles: 7511
Compute cycles: 3967
Stall cycles: 0
Overall utilization: 62.92%
Mapping efficiency: 100.00%
Average IFMAP SRAM BW: 10.067 words/cycle
Average Filter SRAM BW: 2.065 words/cycle
Average OFMAP SRAM BW: 10.067 words/cycle
Average IFMAP DRAM BW: 9.509 words/cycle
Average Filter DRAM BW: 7.809 words/cycle
Average OFMAP DRAM BW: 16.000 words/cycle

Running Layer 857
Total cycles: 14761
Compute cycles: 7935
Stall cycles: 0
Overall utilization: 62.91%
Mapping efficiency: 100.00%
Average IFMAP SRAM BW: 10.066 words/cycle
Average Filter SRAM BW: 2.065 words/cycle
Average OFMAP SRAM BW: 10.066 words/cycle
Average IFMAP DRAM BW: 9.518 words/cycle
Average Filter DRAM BW: 8.929 words/cycle
Average OFMAP DRAM BW: 16.000 words/cycle

Running Layer 858
Total cycles: 1077
Compute cycles: 499
Stall cycles: 0
Overall utilization: 15.83%
Mapping efficiency: 25.00%
Average IFMAP SRAM BW: 2.533 words/cycle
Average Filter SRAM BW: 0.513 words/cycle
Average OFMAP SRAM BW: 10.132 words/cycle
Average IFMAP DRAM BW: 1.202 words/cycle
Average Filter DRAM BW: 0.973 words/cycle
Average OFMAP DRAM BW: 16.000 words/cycle

Running Layer 859
Total cycles: 1893
Compute cycles: 999
Stall cycles: 0
Overall utilization: 15.82%
Mapping efficiency: 25.00%
Average IFMAP SRAM BW: 2.531 words/cycle
Average Filter SRAM BW: 0.513 words/cycle
Average OFMAP SRAM BW: 10.122 words/cycle
Average IFMAP DRAM BW: 1.202 words/cycle
Average Filter DRAM BW: 1.947 words/cycle
Average OFMAP DRAM BW: 16.000 words/cycle

Running Layer 860
Total cycles: 1077
Compute cycles: 499
Stall cycles: 0
Overall utilization: 31.66%
Mapping efficiency: 50.00%
Average IFMAP SRAM BW: 5.066 words/cycle
Average Filter SRAM BW: 1.026 words/cycle
Average OFMAP SRAM BW: 10.132 words/cycle
Average IFMAP DRAM BW: 2.403 words/cycle
Average Filter DRAM BW: 1.947 words/cycle
Average OFMAP DRAM BW: 16.000 words/cycle

Running Layer 861
Total cycles: 1893
Compute cycles: 999
Stall cycles: 0
Overall utilization: 31.63%
Mapping efficiency: 50.00%
Average IFMAP SRAM BW: 5.061 words/cycle
Average Filter SRAM BW: 1.025 words/cycle
Average OFMAP SRAM BW: 10.122 words/cycle
Average IFMAP DRAM BW: 2.403 words/cycle
Average Filter DRAM BW: 3.894 words/cycle
Average OFMAP DRAM BW: 16.000 words/cycle

Running Layer 862
Total cycles: 1077
Compute cycles: 499
Stall cycles: 0
Overall utilization: 63.33%
Mapping efficiency: 100.00%
Average IFMAP SRAM BW: 10.132 words/cycle
Average Filter SRAM BW: 2.052 words/cycle
Average OFMAP SRAM BW: 10.132 words/cycle
Average IFMAP DRAM BW: 4.806 words/cycle
Average Filter DRAM BW: 3.894 words/cycle
Average OFMAP DRAM BW: 16.000 words/cycle

Running Layer 863
Total cycles: 1893
Compute cycles: 999
Stall cycles: 0
Overall utilization: 63.26%
Mapping efficiency: 100.00%
Average IFMAP SRAM BW: 10.122 words/cycle
Average Filter SRAM BW: 2.050 words/cycle
Average OFMAP SRAM BW: 10.122 words/cycle
Average IFMAP DRAM BW: 4.806 words/cycle
Average Filter DRAM BW: 7.787 words/cycle
Average OFMAP DRAM BW: 16.000 words/cycle

Running Layer 864
Total cycles: 1893
Compute cycles: 999
Stall cycles: 0
Overall utilization: 63.26%
Mapping efficiency: 100.00%
Average IFMAP SRAM BW: 10.122 words/cycle
Average Filter SRAM BW: 2.050 words/cycle
Average OFMAP SRAM BW: 10.122 words/cycle
Average IFMAP DRAM BW: 9.612 words/cycle
Average Filter DRAM BW: 7.787 words/cycle
Average OFMAP DRAM BW: 16.000 words/cycle

Running Layer 865
Total cycles: 3787
Compute cycles: 1999
Stall cycles: 0
Overall utilization: 63.23%
Mapping efficiency: 100.00%
Average IFMAP SRAM BW: 10.117 words/cycle
Average Filter SRAM BW: 2.049 words/cycle
Average OFMAP SRAM BW: 10.117 words/cycle
Average IFMAP DRAM BW: 9.612 words/cycle
Average Filter DRAM BW: 7.802 words/cycle
Average OFMAP DRAM BW: 16.000 words/cycle

Running Layer 866
Total cycles: 3787
Compute cycles: 1999
Stall cycles: 0
Overall utilization: 63.23%
Mapping efficiency: 100.00%
Average IFMAP SRAM BW: 10.117 words/cycle
Average Filter SRAM BW: 2.049 words/cycle
Average OFMAP SRAM BW: 10.117 words/cycle
Average IFMAP DRAM BW: 9.630 words/cycle
Average Filter DRAM BW: 7.802 words/cycle
Average OFMAP DRAM BW: 16.000 words/cycle

Running Layer 867
Total cycles: 7575
Compute cycles: 3999
Stall cycles: 0
Overall utilization: 63.22%
Mapping efficiency: 100.00%
Average IFMAP SRAM BW: 10.115 words/cycle
Average Filter SRAM BW: 2.049 words/cycle
Average OFMAP SRAM BW: 10.115 words/cycle
Average IFMAP DRAM BW: 9.630 words/cycle
Average Filter DRAM BW: 7.809 words/cycle
Average OFMAP DRAM BW: 16.000 words/cycle

Running Layer 868
Total cycles: 14889
Compute cycles: 7999
Stall cycles: 0
Overall utilization: 63.21%
Mapping efficiency: 100.00%
Average IFMAP SRAM BW: 10.113 words/cycle
Average Filter SRAM BW: 2.048 words/cycle
Average OFMAP SRAM BW: 10.113 words/cycle
Average IFMAP DRAM BW: 9.640 words/cycle
Average Filter DRAM BW: 8.929 words/cycle
Average OFMAP DRAM BW: 16.000 words/cycle

Running Layer 869
Total cycles: 1085
Compute cycles: 503
Stall cycles: 0
Overall utilization: 15.90%
Mapping efficiency: 25.00%
Average IFMAP SRAM BW: 2.545 words/cycle
Average Filter SRAM BW: 0.509 words/cycle
Average OFMAP SRAM BW: 10.179 words/cycle
Average IFMAP DRAM BW: 1.217 words/cycle
Average Filter DRAM BW: 0.973 words/cycle
Average OFMAP DRAM BW: 16.000 words/cycle

Running Layer 870
Total cycles: 1909
Compute cycles: 1007
Stall cycles: 0
Overall utilization: 15.89%
Mapping efficiency: 25.00%
Average IFMAP SRAM BW: 2.542 words/cycle
Average Filter SRAM BW: 0.508 words/cycle
Average OFMAP SRAM BW: 10.169 words/cycle
Average IFMAP DRAM BW: 1.217 words/cycle
Average Filter DRAM BW: 1.947 words/cycle
Average OFMAP DRAM BW: 16.000 words/cycle

Running Layer 871
Total cycles: 1085
Compute cycles: 503
Stall cycles: 0
Overall utilization: 31.81%
Mapping efficiency: 50.00%
Average IFMAP SRAM BW: 5.089 words/cycle
Average Filter SRAM BW: 1.018 words/cycle
Average OFMAP SRAM BW: 10.179 words/cycle
Average IFMAP DRAM BW: 2.433 words/cycle
Average Filter DRAM BW: 1.947 words/cycle
Average OFMAP DRAM BW: 16.000 words/cycle

Running Layer 872
Total cycles: 1909
Compute cycles: 1007
Stall cycles: 0
Overall utilization: 31.78%
Mapping efficiency: 50.00%
Average IFMAP SRAM BW: 5.084 words/cycle
Average Filter SRAM BW: 1.017 words/cycle
Average OFMAP SRAM BW: 10.169 words/cycle
Average IFMAP DRAM BW: 2.433 words/cycle
Average Filter DRAM BW: 3.894 words/cycle
Average OFMAP DRAM BW: 16.000 words/cycle

Running Layer 873
Total cycles: 1085
Compute cycles: 503
Stall cycles: 0
Overall utilization: 63.62%
Mapping efficiency: 100.00%
Average IFMAP SRAM BW: 10.179 words/cycle
Average Filter SRAM BW: 2.036 words/cycle
Average OFMAP SRAM BW: 10.179 words/cycle
Average IFMAP DRAM BW: 4.867 words/cycle
Average Filter DRAM BW: 3.894 words/cycle
Average OFMAP DRAM BW: 16.000 words/cycle

Running Layer 874
Total cycles: 1909
Compute cycles: 1007
Stall cycles: 0
Overall utilization: 63.56%
Mapping efficiency: 100.00%
Average IFMAP SRAM BW: 10.169 words/cycle
Average Filter SRAM BW: 2.034 words/cycle
Average OFMAP SRAM BW: 10.169 words/cycle
Average IFMAP DRAM BW: 4.867 words/cycle
Average Filter DRAM BW: 7.787 words/cycle
Average OFMAP DRAM BW: 16.000 words/cycle

Running Layer 875
Total cycles: 1909
Compute cycles: 1007
Stall cycles: 0
Overall utilization: 63.56%
Mapping efficiency: 100.00%
Average IFMAP SRAM BW: 10.169 words/cycle
Average Filter SRAM BW: 2.034 words/cycle
Average OFMAP SRAM BW: 10.169 words/cycle
Average IFMAP DRAM BW: 9.734 words/cycle
Average Filter DRAM BW: 7.787 words/cycle
Average OFMAP DRAM BW: 16.000 words/cycle

Running Layer 876
Total cycles: 3819
Compute cycles: 2015
Stall cycles: 0
Overall utilization: 63.52%
Mapping efficiency: 100.00%
Average IFMAP SRAM BW: 10.164 words/cycle
Average Filter SRAM BW: 2.033 words/cycle
Average OFMAP SRAM BW: 10.164 words/cycle
Average IFMAP DRAM BW: 9.734 words/cycle
Average Filter DRAM BW: 7.802 words/cycle
Average OFMAP DRAM BW: 16.000 words/cycle

Running Layer 877
Total cycles: 3819
Compute cycles: 2015
Stall cycles: 0
Overall utilization: 63.52%
Mapping efficiency: 100.00%
Average IFMAP SRAM BW: 10.164 words/cycle
Average Filter SRAM BW: 2.033 words/cycle
Average OFMAP SRAM BW: 10.164 words/cycle
Average IFMAP DRAM BW: 9.752 words/cycle
Average Filter DRAM BW: 7.802 words/cycle
Average OFMAP DRAM BW: 16.000 words/cycle

Running Layer 878
Total cycles: 7639
Compute cycles: 4031
Stall cycles: 0
Overall utilization: 63.51%
Mapping efficiency: 100.00%
Average IFMAP SRAM BW: 10.161 words/cycle
Average Filter SRAM BW: 2.032 words/cycle
Average OFMAP SRAM BW: 10.161 words/cycle
Average IFMAP DRAM BW: 9.752 words/cycle
Average Filter DRAM BW: 7.809 words/cycle
Average OFMAP DRAM BW: 16.000 words/cycle

Running Layer 879
Total cycles: 15017
Compute cycles: 8063
Stall cycles: 0
Overall utilization: 63.50%
Mapping efficiency: 100.00%
Average IFMAP SRAM BW: 10.160 words/cycle
Average Filter SRAM BW: 2.032 words/cycle
Average OFMAP SRAM BW: 10.160 words/cycle
Average IFMAP DRAM BW: 9.762 words/cycle
Average Filter DRAM BW: 8.929 words/cycle
Average OFMAP DRAM BW: 16.000 words/cycle

Running Layer 880
Total cycles: 1093
Compute cycles: 507
Stall cycles: 0
Overall utilization: 15.98%
Mapping efficiency: 25.00%
Average IFMAP SRAM BW: 2.556 words/cycle
Average Filter SRAM BW: 0.505 words/cycle
Average OFMAP SRAM BW: 10.225 words/cycle
Average IFMAP DRAM BW: 1.232 words/cycle
Average Filter DRAM BW: 0.973 words/cycle
Average OFMAP DRAM BW: 16.000 words/cycle

Running Layer 881
Total cycles: 1925
Compute cycles: 1015
Stall cycles: 0
Overall utilization: 15.96%
Mapping efficiency: 25.00%
Average IFMAP SRAM BW: 2.554 words/cycle
Average Filter SRAM BW: 0.504 words/cycle
Average OFMAP SRAM BW: 10.215 words/cycle
Average IFMAP DRAM BW: 1.232 words/cycle
Average Filter DRAM BW: 1.947 words/cycle
Average OFMAP DRAM BW: 16.000 words/cycle

Running Layer 882
Total cycles: 1093
Compute cycles: 507
Stall cycles: 0
Overall utilization: 31.95%
Mapping efficiency: 50.00%
Average IFMAP SRAM BW: 5.112 words/cycle
Average Filter SRAM BW: 1.010 words/cycle
Average OFMAP SRAM BW: 10.225 words/cycle
Average IFMAP DRAM BW: 2.464 words/cycle
Average Filter DRAM BW: 1.947 words/cycle
Average OFMAP DRAM BW: 16.000 words/cycle

Running Layer 883
Total cycles: 1925
Compute cycles: 1015
Stall cycles: 0
Overall utilization: 31.92%
Mapping efficiency: 50.00%
Average IFMAP SRAM BW: 5.107 words/cycle
Average Filter SRAM BW: 1.009 words/cycle
Average OFMAP SRAM BW: 10.215 words/cycle
Average IFMAP DRAM BW: 2.464 words/cycle
Average Filter DRAM BW: 3.894 words/cycle
Average OFMAP DRAM BW: 16.000 words/cycle

Running Layer 884
Total cycles: 1093
Compute cycles: 507
Stall cycles: 0
Overall utilization: 63.91%
Mapping efficiency: 100.00%
Average IFMAP SRAM BW: 10.225 words/cycle
Average Filter SRAM BW: 2.020 words/cycle
Average OFMAP SRAM BW: 10.225 words/cycle
Average IFMAP DRAM BW: 4.928 words/cycle
Average Filter DRAM BW: 3.894 words/cycle
Average OFMAP DRAM BW: 16.000 words/cycle

Running Layer 885
Total cycles: 1925
Compute cycles: 1015
Stall cycles: 0
Overall utilization: 63.84%
Mapping efficiency: 100.00%
Average IFMAP SRAM BW: 10.215 words/cycle
Average Filter SRAM BW: 2.018 words/cycle
Average OFMAP SRAM BW: 10.215 words/cycle
Average IFMAP DRAM BW: 4.928 words/cycle
Average Filter DRAM BW: 7.787 words/cycle
Average OFMAP DRAM BW: 16.000 words/cycle

Running Layer 886
Total cycles: 1925
Compute cycles: 1015
Stall cycles: 0
Overall utilization: 63.84%
Mapping efficiency: 100.00%
Average IFMAP SRAM BW: 10.215 words/cycle
Average Filter SRAM BW: 2.018 words/cycle
Average OFMAP SRAM BW: 10.215 words/cycle
Average IFMAP DRAM BW: 9.856 words/cycle
Average Filter DRAM BW: 7.787 words/cycle
Average OFMAP DRAM BW: 16.000 words/cycle

Running Layer 887
Total cycles: 3851
Compute cycles: 2031
Stall cycles: 0
Overall utilization: 63.81%
Mapping efficiency: 100.00%
Average IFMAP SRAM BW: 10.210 words/cycle
Average Filter SRAM BW: 2.017 words/cycle
Average OFMAP SRAM BW: 10.210 words/cycle
Average IFMAP DRAM BW: 9.856 words/cycle
Average Filter DRAM BW: 7.802 words/cycle
Average OFMAP DRAM BW: 16.000 words/cycle

Running Layer 888
Total cycles: 3851
Compute cycles: 2031
Stall cycles: 0
Overall utilization: 63.81%
Mapping efficiency: 100.00%
Average IFMAP SRAM BW: 10.210 words/cycle
Average Filter SRAM BW: 2.017 words/cycle
Average OFMAP SRAM BW: 10.210 words/cycle
Average IFMAP DRAM BW: 9.874 words/cycle
Average Filter DRAM BW: 7.802 words/cycle
Average OFMAP DRAM BW: 16.000 words/cycle

Running Layer 889
Total cycles: 7703
Compute cycles: 4063
Stall cycles: 0
Overall utilization: 63.80%
Mapping efficiency: 100.00%
Average IFMAP SRAM BW: 10.207 words/cycle
Average Filter SRAM BW: 2.016 words/cycle
Average OFMAP SRAM BW: 10.207 words/cycle
Average IFMAP DRAM BW: 9.874 words/cycle
Average Filter DRAM BW: 7.809 words/cycle
Average OFMAP DRAM BW: 16.000 words/cycle

Running Layer 890
Total cycles: 15145
Compute cycles: 8127
Stall cycles: 0
Overall utilization: 63.79%
Mapping efficiency: 100.00%
Average IFMAP SRAM BW: 10.206 words/cycle
Average Filter SRAM BW: 2.016 words/cycle
Average OFMAP SRAM BW: 10.206 words/cycle
Average IFMAP DRAM BW: 9.884 words/cycle
Average Filter DRAM BW: 8.929 words/cycle
Average OFMAP DRAM BW: 16.000 words/cycle

Running Layer 891
Total cycles: 1101
Compute cycles: 511
Stall cycles: 0
Overall utilization: 16.05%
Mapping efficiency: 25.00%
Average IFMAP SRAM BW: 2.568 words/cycle
Average Filter SRAM BW: 0.501 words/cycle
Average OFMAP SRAM BW: 10.270 words/cycle
Average IFMAP DRAM BW: 1.247 words/cycle
Average Filter DRAM BW: 0.973 words/cycle
Average OFMAP DRAM BW: 16.000 words/cycle

Running Layer 892
Total cycles: 1941
Compute cycles: 1023
Stall cycles: 0
Overall utilization: 16.03%
Mapping efficiency: 25.00%
Average IFMAP SRAM BW: 2.565 words/cycle
Average Filter SRAM BW: 0.500 words/cycle
Average OFMAP SRAM BW: 10.260 words/cycle
Average IFMAP DRAM BW: 1.247 words/cycle
Average Filter DRAM BW: 1.947 words/cycle
Average OFMAP DRAM BW: 16.000 words/cycle

Running Layer 893
Total cycles: 1101
Compute cycles: 511
Stall cycles: 0
Overall utilization: 32.09%
Mapping efficiency: 50.00%
Average IFMAP SRAM BW: 5.135 words/cycle
Average Filter SRAM BW: 1.002 words/cycle
Average OFMAP SRAM BW: 10.270 words/cycle
Average IFMAP DRAM BW: 2.494 words/cycle
Average Filter DRAM BW: 1.947 words/cycle
Average OFMAP DRAM BW: 16.000 words/cycle

Running Layer 894
Total cycles: 1941
Compute cycles: 1023
Stall cycles: 0
Overall utilization: 32.06%
Mapping efficiency: 50.00%
Average IFMAP SRAM BW: 5.130 words/cycle
Average Filter SRAM BW: 1.001 words/cycle
Average OFMAP SRAM BW: 10.260 words/cycle
Average IFMAP DRAM BW: 2.494 words/cycle
Average Filter DRAM BW: 3.894 words/cycle
Average OFMAP DRAM BW: 16.000 words/cycle

Running Layer 895
Total cycles: 1101
Compute cycles: 511
Stall cycles: 0
Overall utilization: 64.19%
Mapping efficiency: 100.00%
Average IFMAP SRAM BW: 10.270 words/cycle
Average Filter SRAM BW: 2.004 words/cycle
Average OFMAP SRAM BW: 10.270 words/cycle
Average IFMAP DRAM BW: 4.989 words/cycle
Average Filter DRAM BW: 3.894 words/cycle
Average OFMAP DRAM BW: 16.000 words/cycle

Running Layer 896
Total cycles: 1941
Compute cycles: 1023
Stall cycles: 0
Overall utilization: 64.13%
Mapping efficiency: 100.00%
Average IFMAP SRAM BW: 10.260 words/cycle
Average Filter SRAM BW: 2.002 words/cycle
Average OFMAP SRAM BW: 10.260 words/cycle
Average IFMAP DRAM BW: 4.989 words/cycle
Average Filter DRAM BW: 7.787 words/cycle
Average OFMAP DRAM BW: 16.000 words/cycle

Running Layer 897
Total cycles: 2203
Compute cycles: 1023
Stall cycles: 0
Overall utilization: 64.13%
Mapping efficiency: 100.00%
Average IFMAP SRAM BW: 10.260 words/cycle
Average Filter SRAM BW: 2.002 words/cycle
Average OFMAP SRAM BW: 10.260 words/cycle
Average IFMAP DRAM BW: 4.998 words/cycle
Average Filter DRAM BW: 7.787 words/cycle
Average OFMAP DRAM BW: 16.000 words/cycle

Running Layer 898
Total cycles: 3883
Compute cycles: 2047
Stall cycles: 0
Overall utilization: 64.09%
Mapping efficiency: 100.00%
Average IFMAP SRAM BW: 10.255 words/cycle
Average Filter SRAM BW: 2.001 words/cycle
Average OFMAP SRAM BW: 10.255 words/cycle
Average IFMAP DRAM BW: 4.998 words/cycle
Average Filter DRAM BW: 7.802 words/cycle
Average OFMAP DRAM BW: 16.000 words/cycle

Running Layer 899
Total cycles: 4145
Compute cycles: 2047
Stall cycles: 0
Overall utilization: 64.09%
Mapping efficiency: 100.00%
Average IFMAP SRAM BW: 10.255 words/cycle
Average Filter SRAM BW: 2.001 words/cycle
Average OFMAP SRAM BW: 10.255 words/cycle
Average IFMAP DRAM BW: 6.668 words/cycle
Average Filter DRAM BW: 7.802 words/cycle
Average OFMAP DRAM BW: 16.000 words/cycle

Running Layer 900
Total cycles: 7767
Compute cycles: 4095
Stall cycles: 0
Overall utilization: 64.08%
Mapping efficiency: 100.00%
Average IFMAP SRAM BW: 10.253 words/cycle
Average Filter SRAM BW: 2.000 words/cycle
Average OFMAP SRAM BW: 10.253 words/cycle
Average IFMAP DRAM BW: 6.668 words/cycle
Average Filter DRAM BW: 7.809 words/cycle
Average OFMAP DRAM BW: 16.000 words/cycle

Running Layer 901
Total cycles: 15273
Compute cycles: 8191
Stall cycles: 0
Overall utilization: 64.07%
Mapping efficiency: 100.00%
Average IFMAP SRAM BW: 10.251 words/cycle
Average Filter SRAM BW: 2.000 words/cycle
Average OFMAP SRAM BW: 10.251 words/cycle
Average IFMAP DRAM BW: 8.006 words/cycle
Average Filter DRAM BW: 8.929 words/cycle
Average OFMAP DRAM BW: 16.000 words/cycle

Running Layer 902
Total cycles: 1109
Compute cycles: 515
Stall cycles: 0
Overall utilization: 16.12%
Mapping efficiency: 25.00%
Average IFMAP SRAM BW: 2.579 words/cycle
Average Filter SRAM BW: 0.497 words/cycle
Average OFMAP SRAM BW: 10.315 words/cycle
Average IFMAP DRAM BW: 1.262 words/cycle
Average Filter DRAM BW: 0.973 words/cycle
Average OFMAP DRAM BW: 16.000 words/cycle

Running Layer 903
Total cycles: 1957
Compute cycles: 1031
Stall cycles: 0
Overall utilization: 16.10%
Mapping efficiency: 25.00%
Average IFMAP SRAM BW: 2.576 words/cycle
Average Filter SRAM BW: 0.497 words/cycle
Average OFMAP SRAM BW: 10.305 words/cycle
Average IFMAP DRAM BW: 1.262 words/cycle
Average Filter DRAM BW: 1.947 words/cycle
Average OFMAP DRAM BW: 16.000 words/cycle

Running Layer 904
Total cycles: 1109
Compute cycles: 515
Stall cycles: 0
Overall utilization: 32.23%
Mapping efficiency: 50.00%
Average IFMAP SRAM BW: 5.157 words/cycle
Average Filter SRAM BW: 0.994 words/cycle
Average OFMAP SRAM BW: 10.315 words/cycle
Average IFMAP DRAM BW: 2.525 words/cycle
Average Filter DRAM BW: 1.947 words/cycle
Average OFMAP DRAM BW: 16.000 words/cycle

Running Layer 905
Total cycles: 1957
Compute cycles: 1031
Stall cycles: 0
Overall utilization: 32.20%
Mapping efficiency: 50.00%
Average IFMAP SRAM BW: 5.152 words/cycle
Average Filter SRAM BW: 0.993 words/cycle
Average OFMAP SRAM BW: 10.305 words/cycle
Average IFMAP DRAM BW: 2.525 words/cycle
Average Filter DRAM BW: 3.894 words/cycle
Average OFMAP DRAM BW: 16.000 words/cycle

Running Layer 906
Total cycles: 1109
Compute cycles: 515
Stall cycles: 0
Overall utilization: 64.47%
Mapping efficiency: 100.00%
Average IFMAP SRAM BW: 10.315 words/cycle
Average Filter SRAM BW: 1.988 words/cycle
Average OFMAP SRAM BW: 10.315 words/cycle
Average IFMAP DRAM BW: 5.049 words/cycle
Average Filter DRAM BW: 3.894 words/cycle
Average OFMAP DRAM BW: 16.000 words/cycle

Running Layer 907
Total cycles: 1957
Compute cycles: 1031
Stall cycles: 0
Overall utilization: 64.40%
Mapping efficiency: 100.00%
Average IFMAP SRAM BW: 10.305 words/cycle
Average Filter SRAM BW: 1.986 words/cycle
Average OFMAP SRAM BW: 10.305 words/cycle
Average IFMAP DRAM BW: 5.049 words/cycle
Average Filter DRAM BW: 7.787 words/cycle
Average OFMAP DRAM BW: 16.000 words/cycle

Running Layer 908
Total cycles: 2219
Compute cycles: 1031
Stall cycles: 0
Overall utilization: 64.40%
Mapping efficiency: 100.00%
Average IFMAP SRAM BW: 10.305 words/cycle
Average Filter SRAM BW: 1.986 words/cycle
Average OFMAP SRAM BW: 10.305 words/cycle
Average IFMAP DRAM BW: 5.059 words/cycle
Average Filter DRAM BW: 7.787 words/cycle
Average OFMAP DRAM BW: 16.000 words/cycle

Running Layer 909
Total cycles: 3915
Compute cycles: 2063
Stall cycles: 0
Overall utilization: 64.37%
Mapping efficiency: 100.00%
Average IFMAP SRAM BW: 10.300 words/cycle
Average Filter SRAM BW: 1.985 words/cycle
Average OFMAP SRAM BW: 10.300 words/cycle
Average IFMAP DRAM BW: 5.059 words/cycle
Average Filter DRAM BW: 7.802 words/cycle
Average OFMAP DRAM BW: 16.000 words/cycle

Running Layer 910
Total cycles: 4177
Compute cycles: 2063
Stall cycles: 0
Overall utilization: 64.37%
Mapping efficiency: 100.00%
Average IFMAP SRAM BW: 10.300 words/cycle
Average Filter SRAM BW: 1.985 words/cycle
Average OFMAP SRAM BW: 10.300 words/cycle
Average IFMAP DRAM BW: 6.750 words/cycle
Average Filter DRAM BW: 7.802 words/cycle
Average OFMAP DRAM BW: 16.000 words/cycle

Running Layer 911
Total cycles: 7831
Compute cycles: 4127
Stall cycles: 0
Overall utilization: 64.36%
Mapping efficiency: 100.00%
Average IFMAP SRAM BW: 10.297 words/cycle
Average Filter SRAM BW: 1.985 words/cycle
Average OFMAP SRAM BW: 10.297 words/cycle
Average IFMAP DRAM BW: 6.750 words/cycle
Average Filter DRAM BW: 7.809 words/cycle
Average OFMAP DRAM BW: 16.000 words/cycle

Running Layer 912
Total cycles: 15401
Compute cycles: 8255
Stall cycles: 0
Overall utilization: 64.35%
Mapping efficiency: 100.00%
Average IFMAP SRAM BW: 10.296 words/cycle
Average Filter SRAM BW: 1.985 words/cycle
Average OFMAP SRAM BW: 10.296 words/cycle
Average IFMAP DRAM BW: 8.104 words/cycle
Average Filter DRAM BW: 8.929 words/cycle
Average OFMAP DRAM BW: 16.000 words/cycle

Running Layer 913
Total cycles: 1117
Compute cycles: 519
Stall cycles: 0
Overall utilization: 16.18%
Mapping efficiency: 25.00%
Average IFMAP SRAM BW: 2.590 words/cycle
Average Filter SRAM BW: 0.493 words/cycle
Average OFMAP SRAM BW: 10.358 words/cycle
Average IFMAP DRAM BW: 1.278 words/cycle
Average Filter DRAM BW: 0.973 words/cycle
Average OFMAP DRAM BW: 16.000 words/cycle

Running Layer 914
Total cycles: 1973
Compute cycles: 1039
Stall cycles: 0
Overall utilization: 16.17%
Mapping efficiency: 25.00%
Average IFMAP SRAM BW: 2.587 words/cycle
Average Filter SRAM BW: 0.493 words/cycle
Average OFMAP SRAM BW: 10.348 words/cycle
Average IFMAP DRAM BW: 1.278 words/cycle
Average Filter DRAM BW: 1.947 words/cycle
Average OFMAP DRAM BW: 16.000 words/cycle

Running Layer 915
Total cycles: 1117
Compute cycles: 519
Stall cycles: 0
Overall utilization: 32.37%
Mapping efficiency: 50.00%
Average IFMAP SRAM BW: 5.179 words/cycle
Average Filter SRAM BW: 0.987 words/cycle
Average OFMAP SRAM BW: 10.358 words/cycle
Average IFMAP DRAM BW: 2.555 words/cycle
Average Filter DRAM BW: 1.947 words/cycle
Average OFMAP DRAM BW: 16.000 words/cycle

Running Layer 916
Total cycles: 1973
Compute cycles: 1039
Stall cycles: 0
Overall utilization: 32.34%
Mapping efficiency: 50.00%
Average IFMAP SRAM BW: 5.174 words/cycle
Average Filter SRAM BW: 0.986 words/cycle
Average OFMAP SRAM BW: 10.348 words/cycle
Average IFMAP DRAM BW: 2.555 words/cycle
Average Filter DRAM BW: 3.894 words/cycle
Average OFMAP DRAM BW: 16.000 words/cycle

Running Layer 917
Total cycles: 1117
Compute cycles: 519
Stall cycles: 0
Overall utilization: 64.74%
Mapping efficiency: 100.00%
Average IFMAP SRAM BW: 10.358 words/cycle
Average Filter SRAM BW: 1.973 words/cycle
Average OFMAP SRAM BW: 10.358 words/cycle
Average IFMAP DRAM BW: 5.110 words/cycle
Average Filter DRAM BW: 3.894 words/cycle
Average OFMAP DRAM BW: 16.000 words/cycle

Running Layer 918
Total cycles: 1973
Compute cycles: 1039
Stall cycles: 0
Overall utilization: 64.68%
Mapping efficiency: 100.00%
Average IFMAP SRAM BW: 10.348 words/cycle
Average Filter SRAM BW: 1.971 words/cycle
Average OFMAP SRAM BW: 10.348 words/cycle
Average IFMAP DRAM BW: 5.110 words/cycle
Average Filter DRAM BW: 7.787 words/cycle
Average OFMAP DRAM BW: 16.000 words/cycle

Running Layer 919
Total cycles: 2235
Compute cycles: 1039
Stall cycles: 0
Overall utilization: 64.68%
Mapping efficiency: 100.00%
Average IFMAP SRAM BW: 10.348 words/cycle
Average Filter SRAM BW: 1.971 words/cycle
Average OFMAP SRAM BW: 10.348 words/cycle
Average IFMAP DRAM BW: 5.120 words/cycle
Average Filter DRAM BW: 7.787 words/cycle
Average OFMAP DRAM BW: 16.000 words/cycle

Running Layer 920
Total cycles: 3947
Compute cycles: 2079
Stall cycles: 0
Overall utilization: 64.65%
Mapping efficiency: 100.00%
Average IFMAP SRAM BW: 10.343 words/cycle
Average Filter SRAM BW: 1.970 words/cycle
Average OFMAP SRAM BW: 10.343 words/cycle
Average IFMAP DRAM BW: 5.120 words/cycle
Average Filter DRAM BW: 7.802 words/cycle
Average OFMAP DRAM BW: 16.000 words/cycle

Running Layer 921
Total cycles: 4209
Compute cycles: 2079
Stall cycles: 0
Overall utilization: 64.65%
Mapping efficiency: 100.00%
Average IFMAP SRAM BW: 10.343 words/cycle
Average Filter SRAM BW: 1.970 words/cycle
Average OFMAP SRAM BW: 10.343 words/cycle
Average IFMAP DRAM BW: 6.831 words/cycle
Average Filter DRAM BW: 7.802 words/cycle
Average OFMAP DRAM BW: 16.000 words/cycle

Running Layer 922
Total cycles: 7895
Compute cycles: 4159
Stall cycles: 0
Overall utilization: 64.63%
Mapping efficiency: 100.00%
Average IFMAP SRAM BW: 10.341 words/cycle
Average Filter SRAM BW: 1.970 words/cycle
Average OFMAP SRAM BW: 10.341 words/cycle
Average IFMAP DRAM BW: 6.831 words/cycle
Average Filter DRAM BW: 7.809 words/cycle
Average OFMAP DRAM BW: 16.000 words/cycle

Running Layer 923
Total cycles: 15529
Compute cycles: 8319
Stall cycles: 0
Overall utilization: 64.62%
Mapping efficiency: 100.00%
Average IFMAP SRAM BW: 10.340 words/cycle
Average Filter SRAM BW: 1.969 words/cycle
Average OFMAP SRAM BW: 10.340 words/cycle
Average IFMAP DRAM BW: 8.201 words/cycle
Average Filter DRAM BW: 8.929 words/cycle
Average OFMAP DRAM BW: 16.000 words/cycle

Running Layer 924
Total cycles: 1125
Compute cycles: 523
Stall cycles: 0
Overall utilization: 16.25%
Mapping efficiency: 25.00%
Average IFMAP SRAM BW: 2.600 words/cycle
Average Filter SRAM BW: 0.489 words/cycle
Average OFMAP SRAM BW: 10.402 words/cycle
Average IFMAP DRAM BW: 1.293 words/cycle
Average Filter DRAM BW: 0.973 words/cycle
Average OFMAP DRAM BW: 16.000 words/cycle

Running Layer 925
Total cycles: 1989
Compute cycles: 1047
Stall cycles: 0
Overall utilization: 16.24%
Mapping efficiency: 25.00%
Average IFMAP SRAM BW: 2.598 words/cycle
Average Filter SRAM BW: 0.489 words/cycle
Average OFMAP SRAM BW: 10.392 words/cycle
Average IFMAP DRAM BW: 1.293 words/cycle
Average Filter DRAM BW: 1.947 words/cycle
Average OFMAP DRAM BW: 16.000 words/cycle

Running Layer 926
Total cycles: 1125
Compute cycles: 523
Stall cycles: 0
Overall utilization: 32.50%
Mapping efficiency: 50.00%
Average IFMAP SRAM BW: 5.201 words/cycle
Average Filter SRAM BW: 0.979 words/cycle
Average OFMAP SRAM BW: 10.402 words/cycle
Average IFMAP DRAM BW: 2.586 words/cycle
Average Filter DRAM BW: 1.947 words/cycle
Average OFMAP DRAM BW: 16.000 words/cycle

Running Layer 927
Total cycles: 1989
Compute cycles: 1047
Stall cycles: 0
Overall utilization: 32.47%
Mapping efficiency: 50.00%
Average IFMAP SRAM BW: 5.196 words/cycle
Average Filter SRAM BW: 0.978 words/cycle
Average OFMAP SRAM BW: 10.392 words/cycle
Average IFMAP DRAM BW: 2.586 words/cycle
Average Filter DRAM BW: 3.894 words/cycle
Average OFMAP DRAM BW: 16.000 words/cycle

Running Layer 928
Total cycles: 1125
Compute cycles: 523
Stall cycles: 0
Overall utilization: 65.01%
Mapping efficiency: 100.00%
Average IFMAP SRAM BW: 10.402 words/cycle
Average Filter SRAM BW: 1.958 words/cycle
Average OFMAP SRAM BW: 10.402 words/cycle
Average IFMAP DRAM BW: 5.171 words/cycle
Average Filter DRAM BW: 3.894 words/cycle
Average OFMAP DRAM BW: 16.000 words/cycle

Running Layer 929
Total cycles: 1989
Compute cycles: 1047
Stall cycles: 0
Overall utilization: 64.95%
Mapping efficiency: 100.00%
Average IFMAP SRAM BW: 10.392 words/cycle
Average Filter SRAM BW: 1.956 words/cycle
Average OFMAP SRAM BW: 10.392 words/cycle
Average IFMAP DRAM BW: 5.171 words/cycle
Average Filter DRAM BW: 7.787 words/cycle
Average OFMAP DRAM BW: 16.000 words/cycle

Running Layer 930
Total cycles: 2251
Compute cycles: 1047
Stall cycles: 0
Overall utilization: 64.95%
Mapping efficiency: 100.00%
Average IFMAP SRAM BW: 10.392 words/cycle
Average Filter SRAM BW: 1.956 words/cycle
Average OFMAP SRAM BW: 10.392 words/cycle
Average IFMAP DRAM BW: 5.181 words/cycle
Average Filter DRAM BW: 7.787 words/cycle
Average OFMAP DRAM BW: 16.000 words/cycle

Running Layer 931
Total cycles: 3979
Compute cycles: 2095
Stall cycles: 0
Overall utilization: 64.92%
Mapping efficiency: 100.00%
Average IFMAP SRAM BW: 10.387 words/cycle
Average Filter SRAM BW: 1.955 words/cycle
Average OFMAP SRAM BW: 10.387 words/cycle
Average IFMAP DRAM BW: 5.181 words/cycle
Average Filter DRAM BW: 7.802 words/cycle
Average OFMAP DRAM BW: 16.000 words/cycle

Running Layer 932
Total cycles: 4241
Compute cycles: 2095
Stall cycles: 0
Overall utilization: 64.92%
Mapping efficiency: 100.00%
Average IFMAP SRAM BW: 10.387 words/cycle
Average Filter SRAM BW: 1.955 words/cycle
Average OFMAP SRAM BW: 10.387 words/cycle
Average IFMAP DRAM BW: 6.912 words/cycle
Average Filter DRAM BW: 7.802 words/cycle
Average OFMAP DRAM BW: 16.000 words/cycle

Running Layer 933
Total cycles: 7959
Compute cycles: 4191
Stall cycles: 0
Overall utilization: 64.90%
Mapping efficiency: 100.00%
Average IFMAP SRAM BW: 10.384 words/cycle
Average Filter SRAM BW: 1.955 words/cycle
Average OFMAP SRAM BW: 10.384 words/cycle
Average IFMAP DRAM BW: 6.912 words/cycle
Average Filter DRAM BW: 7.809 words/cycle
Average OFMAP DRAM BW: 16.000 words/cycle

Running Layer 934
Total cycles: 15657
Compute cycles: 8383
Stall cycles: 0
Overall utilization: 64.89%
Mapping efficiency: 100.00%
Average IFMAP SRAM BW: 10.383 words/cycle
Average Filter SRAM BW: 1.954 words/cycle
Average OFMAP SRAM BW: 10.383 words/cycle
Average IFMAP DRAM BW: 8.299 words/cycle
Average Filter DRAM BW: 8.929 words/cycle
Average OFMAP DRAM BW: 16.000 words/cycle

Running Layer 935
Total cycles: 1133
Compute cycles: 527
Stall cycles: 0
Overall utilization: 16.32%
Mapping efficiency: 25.00%
Average IFMAP SRAM BW: 2.611 words/cycle
Average Filter SRAM BW: 0.486 words/cycle
Average OFMAP SRAM BW: 10.444 words/cycle
Average IFMAP DRAM BW: 1.308 words/cycle
Average Filter DRAM BW: 0.973 words/cycle
Average OFMAP DRAM BW: 16.000 words/cycle

Running Layer 936
Total cycles: 2005
Compute cycles: 1055
Stall cycles: 0
Overall utilization: 16.30%
Mapping efficiency: 25.00%
Average IFMAP SRAM BW: 2.609 words/cycle
Average Filter SRAM BW: 0.485 words/cycle
Average OFMAP SRAM BW: 10.434 words/cycle
Average IFMAP DRAM BW: 1.308 words/cycle
Average Filter DRAM BW: 1.947 words/cycle
Average OFMAP DRAM BW: 16.000 words/cycle

Running Layer 937
Total cycles: 1133
Compute cycles: 527
Stall cycles: 0
Overall utilization: 32.64%
Mapping efficiency: 50.00%
Average IFMAP SRAM BW: 5.222 words/cycle
Average Filter SRAM BW: 0.972 words/cycle
Average OFMAP SRAM BW: 10.444 words/cycle
Average IFMAP DRAM BW: 2.616 words/cycle
Average Filter DRAM BW: 1.947 words/cycle
Average OFMAP DRAM BW: 16.000 words/cycle

Running Layer 938
Total cycles: 2005
Compute cycles: 1055
Stall cycles: 0
Overall utilization: 32.61%
Mapping efficiency: 50.00%
Average IFMAP SRAM BW: 5.217 words/cycle
Average Filter SRAM BW: 0.971 words/cycle
Average OFMAP SRAM BW: 10.434 words/cycle
Average IFMAP DRAM BW: 2.616 words/cycle
Average Filter DRAM BW: 3.894 words/cycle
Average OFMAP DRAM BW: 16.000 words/cycle

Running Layer 939
Total cycles: 1133
Compute cycles: 527
Stall cycles: 0
Overall utilization: 65.28%
Mapping efficiency: 100.00%
Average IFMAP SRAM BW: 10.444 words/cycle
Average Filter SRAM BW: 1.943 words/cycle
Average OFMAP SRAM BW: 10.444 words/cycle
Average IFMAP DRAM BW: 5.232 words/cycle
Average Filter DRAM BW: 3.894 words/cycle
Average OFMAP DRAM BW: 16.000 words/cycle

Running Layer 940
Total cycles: 2005
Compute cycles: 1055
Stall cycles: 0
Overall utilization: 65.21%
Mapping efficiency: 100.00%
Average IFMAP SRAM BW: 10.434 words/cycle
Average Filter SRAM BW: 1.941 words/cycle
Average OFMAP SRAM BW: 10.434 words/cycle
Average IFMAP DRAM BW: 5.232 words/cycle
Average Filter DRAM BW: 7.787 words/cycle
Average OFMAP DRAM BW: 16.000 words/cycle

Running Layer 941
Total cycles: 2267
Compute cycles: 1055
Stall cycles: 0
Overall utilization: 65.21%
Mapping efficiency: 100.00%
Average IFMAP SRAM BW: 10.434 words/cycle
Average Filter SRAM BW: 1.941 words/cycle
Average OFMAP SRAM BW: 10.434 words/cycle
Average IFMAP DRAM BW: 5.242 words/cycle
Average Filter DRAM BW: 7.787 words/cycle
Average OFMAP DRAM BW: 16.000 words/cycle

Running Layer 942
Total cycles: 4011
Compute cycles: 2111
Stall cycles: 0
Overall utilization: 65.18%
Mapping efficiency: 100.00%
Average IFMAP SRAM BW: 10.429 words/cycle
Average Filter SRAM BW: 1.940 words/cycle
Average OFMAP SRAM BW: 10.429 words/cycle
Average IFMAP DRAM BW: 5.242 words/cycle
Average Filter DRAM BW: 7.802 words/cycle
Average OFMAP DRAM BW: 16.000 words/cycle

Running Layer 943
Total cycles: 4273
Compute cycles: 2111
Stall cycles: 0
Overall utilization: 65.18%
Mapping efficiency: 100.00%
Average IFMAP SRAM BW: 10.429 words/cycle
Average Filter SRAM BW: 1.940 words/cycle
Average OFMAP SRAM BW: 10.429 words/cycle
Average IFMAP DRAM BW: 6.994 words/cycle
Average Filter DRAM BW: 7.802 words/cycle
Average OFMAP DRAM BW: 16.000 words/cycle

Running Layer 944
Total cycles: 8023
Compute cycles: 4223
Stall cycles: 0
Overall utilization: 65.17%
Mapping efficiency: 100.00%
Average IFMAP SRAM BW: 10.427 words/cycle
Average Filter SRAM BW: 1.940 words/cycle
Average OFMAP SRAM BW: 10.427 words/cycle
Average IFMAP DRAM BW: 6.994 words/cycle
Average Filter DRAM BW: 7.809 words/cycle
Average OFMAP DRAM BW: 16.000 words/cycle

Running Layer 945
Total cycles: 15785
Compute cycles: 8447
Stall cycles: 0
Overall utilization: 65.16%
Mapping efficiency: 100.00%
Average IFMAP SRAM BW: 10.425 words/cycle
Average Filter SRAM BW: 1.940 words/cycle
Average OFMAP SRAM BW: 10.425 words/cycle
Average IFMAP DRAM BW: 8.397 words/cycle
Average Filter DRAM BW: 8.929 words/cycle
Average OFMAP DRAM BW: 16.000 words/cycle

Running Layer 946
Total cycles: 1141
Compute cycles: 531
Stall cycles: 0
Overall utilization: 16.38%
Mapping efficiency: 25.00%
Average IFMAP SRAM BW: 2.621 words/cycle
Average Filter SRAM BW: 0.482 words/cycle
Average OFMAP SRAM BW: 10.486 words/cycle
Average IFMAP DRAM BW: 1.323 words/cycle
Average Filter DRAM BW: 0.973 words/cycle
Average OFMAP DRAM BW: 16.000 words/cycle

Running Layer 947
Total cycles: 2021
Compute cycles: 1063
Stall cycles: 0
Overall utilization: 16.37%
Mapping efficiency: 25.00%
Average IFMAP SRAM BW: 2.619 words/cycle
Average Filter SRAM BW: 0.482 words/cycle
Average OFMAP SRAM BW: 10.476 words/cycle
Average IFMAP DRAM BW: 1.323 words/cycle
Average Filter DRAM BW: 1.947 words/cycle
Average OFMAP DRAM BW: 16.000 words/cycle

Running Layer 948
Total cycles: 1141
Compute cycles: 531
Stall cycles: 0
Overall utilization: 32.77%
Mapping efficiency: 50.00%
Average IFMAP SRAM BW: 5.243 words/cycle
Average Filter SRAM BW: 0.964 words/cycle
Average OFMAP SRAM BW: 10.486 words/cycle
Average IFMAP DRAM BW: 2.646 words/cycle
Average Filter DRAM BW: 1.947 words/cycle
Average OFMAP DRAM BW: 16.000 words/cycle

Running Layer 949
Total cycles: 2021
Compute cycles: 1063
Stall cycles: 0
Overall utilization: 32.74%
Mapping efficiency: 50.00%
Average IFMAP SRAM BW: 5.238 words/cycle
Average Filter SRAM BW: 0.963 words/cycle
Average OFMAP SRAM BW: 10.476 words/cycle
Average IFMAP DRAM BW: 2.646 words/cycle
Average Filter DRAM BW: 3.894 words/cycle
Average OFMAP DRAM BW: 16.000 words/cycle

Running Layer 950
Total cycles: 1141
Compute cycles: 531
Stall cycles: 0
Overall utilization: 65.54%
Mapping efficiency: 100.00%
Average IFMAP SRAM BW: 10.486 words/cycle
Average Filter SRAM BW: 1.928 words/cycle
Average OFMAP SRAM BW: 10.486 words/cycle
Average IFMAP DRAM BW: 5.293 words/cycle
Average Filter DRAM BW: 3.894 words/cycle
Average OFMAP DRAM BW: 16.000 words/cycle

Running Layer 951
Total cycles: 2021
Compute cycles: 1063
Stall cycles: 0
Overall utilization: 65.48%
Mapping efficiency: 100.00%
Average IFMAP SRAM BW: 10.476 words/cycle
Average Filter SRAM BW: 1.927 words/cycle
Average OFMAP SRAM BW: 10.476 words/cycle
Average IFMAP DRAM BW: 5.293 words/cycle
Average Filter DRAM BW: 7.787 words/cycle
Average OFMAP DRAM BW: 16.000 words/cycle

Running Layer 952
Total cycles: 2283
Compute cycles: 1063
Stall cycles: 0
Overall utilization: 65.48%
Mapping efficiency: 100.00%
Average IFMAP SRAM BW: 10.476 words/cycle
Average Filter SRAM BW: 1.927 words/cycle
Average OFMAP SRAM BW: 10.476 words/cycle
Average IFMAP DRAM BW: 5.303 words/cycle
Average Filter DRAM BW: 7.787 words/cycle
Average OFMAP DRAM BW: 16.000 words/cycle

Running Layer 953
Total cycles: 4043
Compute cycles: 2127
Stall cycles: 0
Overall utilization: 65.44%
Mapping efficiency: 100.00%
Average IFMAP SRAM BW: 10.471 words/cycle
Average Filter SRAM BW: 1.926 words/cycle
Average OFMAP SRAM BW: 10.471 words/cycle
Average IFMAP DRAM BW: 5.303 words/cycle
Average Filter DRAM BW: 7.802 words/cycle
Average OFMAP DRAM BW: 16.000 words/cycle

Running Layer 954
Total cycles: 4305
Compute cycles: 2127
Stall cycles: 0
Overall utilization: 65.44%
Mapping efficiency: 100.00%
Average IFMAP SRAM BW: 10.471 words/cycle
Average Filter SRAM BW: 1.926 words/cycle
Average OFMAP SRAM BW: 10.471 words/cycle
Average IFMAP DRAM BW: 7.075 words/cycle
Average Filter DRAM BW: 7.802 words/cycle
Average OFMAP DRAM BW: 16.000 words/cycle

Running Layer 955
Total cycles: 8087
Compute cycles: 4255
Stall cycles: 0
Overall utilization: 65.43%
Mapping efficiency: 100.00%
Average IFMAP SRAM BW: 10.469 words/cycle
Average Filter SRAM BW: 1.925 words/cycle
Average OFMAP SRAM BW: 10.469 words/cycle
Average IFMAP DRAM BW: 7.075 words/cycle
Average Filter DRAM BW: 7.809 words/cycle
Average OFMAP DRAM BW: 16.000 words/cycle

Running Layer 956
Total cycles: 15913
Compute cycles: 8511
Stall cycles: 0
Overall utilization: 65.42%
Mapping efficiency: 100.00%
Average IFMAP SRAM BW: 10.467 words/cycle
Average Filter SRAM BW: 1.925 words/cycle
Average OFMAP SRAM BW: 10.467 words/cycle
Average IFMAP DRAM BW: 8.494 words/cycle
Average Filter DRAM BW: 8.929 words/cycle
Average OFMAP DRAM BW: 16.000 words/cycle

Running Layer 957
Total cycles: 1149
Compute cycles: 535
Stall cycles: 0
Overall utilization: 16.45%
Mapping efficiency: 25.00%
Average IFMAP SRAM BW: 2.632 words/cycle
Average Filter SRAM BW: 0.479 words/cycle
Average OFMAP SRAM BW: 10.527 words/cycle
Average IFMAP DRAM BW: 1.338 words/cycle
Average Filter DRAM BW: 0.973 words/cycle
Average OFMAP DRAM BW: 16.000 words/cycle

Running Layer 958
Total cycles: 2037
Compute cycles: 1071
Stall cycles: 0
Overall utilization: 16.43%
Mapping efficiency: 25.00%
Average IFMAP SRAM BW: 2.629 words/cycle
Average Filter SRAM BW: 0.478 words/cycle
Average OFMAP SRAM BW: 10.517 words/cycle
Average IFMAP DRAM BW: 1.338 words/cycle
Average Filter DRAM BW: 1.947 words/cycle
Average OFMAP DRAM BW: 16.000 words/cycle

Running Layer 959
Total cycles: 1149
Compute cycles: 535
Stall cycles: 0
Overall utilization: 32.90%
Mapping efficiency: 50.00%
Average IFMAP SRAM BW: 5.264 words/cycle
Average Filter SRAM BW: 0.957 words/cycle
Average OFMAP SRAM BW: 10.527 words/cycle
Average IFMAP DRAM BW: 2.677 words/cycle
Average Filter DRAM BW: 1.947 words/cycle
Average OFMAP DRAM BW: 16.000 words/cycle

Running Layer 960
Total cycles: 2037
Compute cycles: 1071
Stall cycles: 0
Overall utilization: 32.87%
Mapping efficiency: 50.00%
Average IFMAP SRAM BW: 5.259 words/cycle
Average Filter SRAM BW: 0.956 words/cycle
Average OFMAP SRAM BW: 10.517 words/cycle
Average IFMAP DRAM BW: 2.677 words/cycle
Average Filter DRAM BW: 3.894 words/cycle
Average OFMAP DRAM BW: 16.000 words/cycle

Running Layer 961
Total cycles: 1149
Compute cycles: 535
Stall cycles: 0
Overall utilization: 65.79%
Mapping efficiency: 100.00%
Average IFMAP SRAM BW: 10.527 words/cycle
Average Filter SRAM BW: 1.914 words/cycle
Average OFMAP SRAM BW: 10.527 words/cycle
Average IFMAP DRAM BW: 5.354 words/cycle
Average Filter DRAM BW: 3.894 words/cycle
Average OFMAP DRAM BW: 16.000 words/cycle

Running Layer 962
Total cycles: 2037
Compute cycles: 1071
Stall cycles: 0
Overall utilization: 65.73%
Mapping efficiency: 100.00%
Average IFMAP SRAM BW: 10.517 words/cycle
Average Filter SRAM BW: 1.912 words/cycle
Average OFMAP SRAM BW: 10.517 words/cycle
Average IFMAP DRAM BW: 5.354 words/cycle
Average Filter DRAM BW: 7.787 words/cycle
Average OFMAP DRAM BW: 16.000 words/cycle

Running Layer 963
Total cycles: 2299
Compute cycles: 1071
Stall cycles: 0
Overall utilization: 65.73%
Mapping efficiency: 100.00%
Average IFMAP SRAM BW: 10.517 words/cycle
Average Filter SRAM BW: 1.912 words/cycle
Average OFMAP SRAM BW: 10.517 words/cycle
Average IFMAP DRAM BW: 5.364 words/cycle
Average Filter DRAM BW: 7.787 words/cycle
Average OFMAP DRAM BW: 16.000 words/cycle

Running Layer 964
Total cycles: 4075
Compute cycles: 2143
Stall cycles: 0
Overall utilization: 65.70%
Mapping efficiency: 100.00%
Average IFMAP SRAM BW: 10.512 words/cycle
Average Filter SRAM BW: 1.911 words/cycle
Average OFMAP SRAM BW: 10.512 words/cycle
Average IFMAP DRAM BW: 5.364 words/cycle
Average Filter DRAM BW: 7.802 words/cycle
Average OFMAP DRAM BW: 16.000 words/cycle

Running Layer 965
Total cycles: 4337
Compute cycles: 2143
Stall cycles: 0
Overall utilization: 65.70%
Mapping efficiency: 100.00%
Average IFMAP SRAM BW: 10.512 words/cycle
Average Filter SRAM BW: 1.911 words/cycle
Average OFMAP SRAM BW: 10.512 words/cycle
Average IFMAP DRAM BW: 7.156 words/cycle
Average Filter DRAM BW: 7.802 words/cycle
Average OFMAP DRAM BW: 16.000 words/cycle

Running Layer 966
Total cycles: 8151
Compute cycles: 4287
Stall cycles: 0
Overall utilization: 65.69%
Mapping efficiency: 100.00%
Average IFMAP SRAM BW: 10.510 words/cycle
Average Filter SRAM BW: 1.911 words/cycle
Average OFMAP SRAM BW: 10.510 words/cycle
Average IFMAP DRAM BW: 7.156 words/cycle
Average Filter DRAM BW: 7.809 words/cycle
Average OFMAP DRAM BW: 16.000 words/cycle

Running Layer 967
Total cycles: 16041
Compute cycles: 8575
Stall cycles: 0
Overall utilization: 65.68%
Mapping efficiency: 100.00%
Average IFMAP SRAM BW: 10.509 words/cycle
Average Filter SRAM BW: 1.911 words/cycle
Average OFMAP SRAM BW: 10.509 words/cycle
Average IFMAP DRAM BW: 8.592 words/cycle
Average Filter DRAM BW: 8.929 words/cycle
Average OFMAP DRAM BW: 16.000 words/cycle

Running Layer 968
Total cycles: 1157
Compute cycles: 539
Stall cycles: 0
Overall utilization: 16.51%
Mapping efficiency: 25.00%
Average IFMAP SRAM BW: 2.642 words/cycle
Average Filter SRAM BW: 0.475 words/cycle
Average OFMAP SRAM BW: 10.568 words/cycle
Average IFMAP DRAM BW: 1.354 words/cycle
Average Filter DRAM BW: 0.973 words/cycle
Average OFMAP DRAM BW: 16.000 words/cycle

Running Layer 969
Total cycles: 2053
Compute cycles: 1079
Stall cycles: 0
Overall utilization: 16.50%
Mapping efficiency: 25.00%
Average IFMAP SRAM BW: 2.639 words/cycle
Average Filter SRAM BW: 0.475 words/cycle
Average OFMAP SRAM BW: 10.558 words/cycle
Average IFMAP DRAM BW: 1.354 words/cycle
Average Filter DRAM BW: 1.947 words/cycle
Average OFMAP DRAM BW: 16.000 words/cycle

Running Layer 970
Total cycles: 1157
Compute cycles: 539
Stall cycles: 0
Overall utilization: 33.02%
Mapping efficiency: 50.00%
Average IFMAP SRAM BW: 5.284 words/cycle
Average Filter SRAM BW: 0.950 words/cycle
Average OFMAP SRAM BW: 10.568 words/cycle
Average IFMAP DRAM BW: 2.707 words/cycle
Average Filter DRAM BW: 1.947 words/cycle
Average OFMAP DRAM BW: 16.000 words/cycle

Running Layer 971
Total cycles: 2053
Compute cycles: 1079
Stall cycles: 0
Overall utilization: 32.99%
Mapping efficiency: 50.00%
Average IFMAP SRAM BW: 5.279 words/cycle
Average Filter SRAM BW: 0.949 words/cycle
Average OFMAP SRAM BW: 10.558 words/cycle
Average IFMAP DRAM BW: 2.707 words/cycle
Average Filter DRAM BW: 3.894 words/cycle
Average OFMAP DRAM BW: 16.000 words/cycle

Running Layer 972
Total cycles: 1157
Compute cycles: 539
Stall cycles: 0
Overall utilization: 66.05%
Mapping efficiency: 100.00%
Average IFMAP SRAM BW: 10.568 words/cycle
Average Filter SRAM BW: 1.900 words/cycle
Average OFMAP SRAM BW: 10.568 words/cycle
Average IFMAP DRAM BW: 5.414 words/cycle
Average Filter DRAM BW: 3.894 words/cycle
Average OFMAP DRAM BW: 16.000 words/cycle

Running Layer 973
Total cycles: 2053
Compute cycles: 1079
Stall cycles: 0
Overall utilization: 65.99%
Mapping efficiency: 100.00%
Average IFMAP SRAM BW: 10.558 words/cycle
Average Filter SRAM BW: 1.898 words/cycle
Average OFMAP SRAM BW: 10.558 words/cycle
Average IFMAP DRAM BW: 5.414 words/cycle
Average Filter DRAM BW: 7.787 words/cycle
Average OFMAP DRAM BW: 16.000 words/cycle

Running Layer 974
Total cycles: 2315
Compute cycles: 1079
Stall cycles: 0
Overall utilization: 65.99%
Mapping efficiency: 100.00%
Average IFMAP SRAM BW: 10.558 words/cycle
Average Filter SRAM BW: 1.898 words/cycle
Average OFMAP SRAM BW: 10.558 words/cycle
Average IFMAP DRAM BW: 5.425 words/cycle
Average Filter DRAM BW: 7.787 words/cycle
Average OFMAP DRAM BW: 16.000 words/cycle

Running Layer 975
Total cycles: 4107
Compute cycles: 2159
Stall cycles: 0
Overall utilization: 65.96%
Mapping efficiency: 100.00%
Average IFMAP SRAM BW: 10.553 words/cycle
Average Filter SRAM BW: 1.897 words/cycle
Average OFMAP SRAM BW: 10.553 words/cycle
Average IFMAP DRAM BW: 5.425 words/cycle
Average Filter DRAM BW: 7.802 words/cycle
Average OFMAP DRAM BW: 16.000 words/cycle

Running Layer 976
Total cycles: 4369
Compute cycles: 2159
Stall cycles: 0
Overall utilization: 65.96%
Mapping efficiency: 100.00%
Average IFMAP SRAM BW: 10.553 words/cycle
Average Filter SRAM BW: 1.897 words/cycle
Average OFMAP SRAM BW: 10.553 words/cycle
Average IFMAP DRAM BW: 7.238 words/cycle
Average Filter DRAM BW: 7.802 words/cycle
Average OFMAP DRAM BW: 16.000 words/cycle

Running Layer 977
Total cycles: 8215
Compute cycles: 4319
Stall cycles: 0
Overall utilization: 65.94%
Mapping efficiency: 100.00%
Average IFMAP SRAM BW: 10.551 words/cycle
Average Filter SRAM BW: 1.897 words/cycle
Average OFMAP SRAM BW: 10.551 words/cycle
Average IFMAP DRAM BW: 7.238 words/cycle
Average Filter DRAM BW: 7.809 words/cycle
Average OFMAP DRAM BW: 16.000 words/cycle

Running Layer 978
Total cycles: 16169
Compute cycles: 8639
Stall cycles: 0
Overall utilization: 65.93%
Mapping efficiency: 100.00%
Average IFMAP SRAM BW: 10.549 words/cycle
Average Filter SRAM BW: 1.897 words/cycle
Average OFMAP SRAM BW: 10.549 words/cycle
Average IFMAP DRAM BW: 8.690 words/cycle
Average Filter DRAM BW: 8.929 words/cycle
Average OFMAP DRAM BW: 16.000 words/cycle

Running Layer 979
Total cycles: 1165
Compute cycles: 543
Stall cycles: 0
Overall utilization: 16.57%
Mapping efficiency: 25.00%
Average IFMAP SRAM BW: 2.652 words/cycle
Average Filter SRAM BW: 0.471 words/cycle
Average OFMAP SRAM BW: 10.608 words/cycle
Average IFMAP DRAM BW: 1.369 words/cycle
Average Filter DRAM BW: 0.973 words/cycle
Average OFMAP DRAM BW: 16.000 words/cycle

Running Layer 980
Total cycles: 2069
Compute cycles: 1087
Stall cycles: 0
Overall utilization: 16.56%
Mapping efficiency: 25.00%
Average IFMAP SRAM BW: 2.649 words/cycle
Average Filter SRAM BW: 0.471 words/cycle
Average OFMAP SRAM BW: 10.598 words/cycle
Average IFMAP DRAM BW: 1.369 words/cycle
Average Filter DRAM BW: 1.947 words/cycle
Average OFMAP DRAM BW: 16.000 words/cycle

Running Layer 981
Total cycles: 1165
Compute cycles: 543
Stall cycles: 0
Overall utilization: 33.15%
Mapping efficiency: 50.00%
Average IFMAP SRAM BW: 5.304 words/cycle
Average Filter SRAM BW: 0.943 words/cycle
Average OFMAP SRAM BW: 10.608 words/cycle
Average IFMAP DRAM BW: 2.738 words/cycle
Average Filter DRAM BW: 1.947 words/cycle
Average OFMAP DRAM BW: 16.000 words/cycle

Running Layer 982
Total cycles: 2069
Compute cycles: 1087
Stall cycles: 0
Overall utilization: 33.12%
Mapping efficiency: 50.00%
Average IFMAP SRAM BW: 5.299 words/cycle
Average Filter SRAM BW: 0.942 words/cycle
Average OFMAP SRAM BW: 10.598 words/cycle
Average IFMAP DRAM BW: 2.738 words/cycle
Average Filter DRAM BW: 3.894 words/cycle
Average OFMAP DRAM BW: 16.000 words/cycle

Running Layer 983
Total cycles: 1165
Compute cycles: 543
Stall cycles: 0
Overall utilization: 66.30%
Mapping efficiency: 100.00%
Average IFMAP SRAM BW: 10.608 words/cycle
Average Filter SRAM BW: 1.886 words/cycle
Average OFMAP SRAM BW: 10.608 words/cycle
Average IFMAP DRAM BW: 5.475 words/cycle
Average Filter DRAM BW: 3.894 words/cycle
Average OFMAP DRAM BW: 16.000 words/cycle

Running Layer 984
Total cycles: 2069
Compute cycles: 1087
Stall cycles: 0
Overall utilization: 66.24%
Mapping efficiency: 100.00%
Average IFMAP SRAM BW: 10.598 words/cycle
Average Filter SRAM BW: 1.884 words/cycle
Average OFMAP SRAM BW: 10.598 words/cycle
Average IFMAP DRAM BW: 5.475 words/cycle
Average Filter DRAM BW: 7.787 words/cycle
Average OFMAP DRAM BW: 16.000 words/cycle

Running Layer 985
Total cycles: 2331
Compute cycles: 1087
Stall cycles: 0
Overall utilization: 66.24%
Mapping efficiency: 100.00%
Average IFMAP SRAM BW: 10.598 words/cycle
Average Filter SRAM BW: 1.884 words/cycle
Average OFMAP SRAM BW: 10.598 words/cycle
Average IFMAP DRAM BW: 5.486 words/cycle
Average Filter DRAM BW: 7.787 words/cycle
Average OFMAP DRAM BW: 16.000 words/cycle

Running Layer 986
Total cycles: 4139
Compute cycles: 2175
Stall cycles: 0
Overall utilization: 66.21%
Mapping efficiency: 100.00%
Average IFMAP SRAM BW: 10.593 words/cycle
Average Filter SRAM BW: 1.883 words/cycle
Average OFMAP SRAM BW: 10.593 words/cycle
Average IFMAP DRAM BW: 5.486 words/cycle
Average Filter DRAM BW: 7.802 words/cycle
Average OFMAP DRAM BW: 16.000 words/cycle

Running Layer 987
Total cycles: 4401
Compute cycles: 2175
Stall cycles: 0
Overall utilization: 66.21%
Mapping efficiency: 100.00%
Average IFMAP SRAM BW: 10.593 words/cycle
Average Filter SRAM BW: 1.883 words/cycle
Average OFMAP SRAM BW: 10.593 words/cycle
Average IFMAP DRAM BW: 7.319 words/cycle
Average Filter DRAM BW: 7.802 words/cycle
Average OFMAP DRAM BW: 16.000 words/cycle

Running Layer 988
Total cycles: 8279
Compute cycles: 4351
Stall cycles: 0
Overall utilization: 66.19%
Mapping efficiency: 100.00%
Average IFMAP SRAM BW: 10.591 words/cycle
Average Filter SRAM BW: 1.883 words/cycle
Average OFMAP SRAM BW: 10.591 words/cycle
Average IFMAP DRAM BW: 7.319 words/cycle
Average Filter DRAM BW: 7.809 words/cycle
Average OFMAP DRAM BW: 16.000 words/cycle

Running Layer 989
Total cycles: 16297
Compute cycles: 8703
Stall cycles: 0
Overall utilization: 66.18%
Mapping efficiency: 100.00%
Average IFMAP SRAM BW: 10.589 words/cycle
Average Filter SRAM BW: 1.883 words/cycle
Average OFMAP SRAM BW: 10.589 words/cycle
Average IFMAP DRAM BW: 8.787 words/cycle
Average Filter DRAM BW: 8.929 words/cycle
Average OFMAP DRAM BW: 16.000 words/cycle

Running Layer 990
Total cycles: 1173
Compute cycles: 547
Stall cycles: 0
Overall utilization: 16.64%
Mapping efficiency: 25.00%
Average IFMAP SRAM BW: 2.662 words/cycle
Average Filter SRAM BW: 0.468 words/cycle
Average OFMAP SRAM BW: 10.647 words/cycle
Average IFMAP DRAM BW: 1.384 words/cycle
Average Filter DRAM BW: 0.973 words/cycle
Average OFMAP DRAM BW: 16.000 words/cycle

Running Layer 991
Total cycles: 2085
Compute cycles: 1095
Stall cycles: 0
Overall utilization: 16.62%
Mapping efficiency: 25.00%
Average IFMAP SRAM BW: 2.659 words/cycle
Average Filter SRAM BW: 0.468 words/cycle
Average OFMAP SRAM BW: 10.637 words/cycle
Average IFMAP DRAM BW: 1.384 words/cycle
Average Filter DRAM BW: 1.947 words/cycle
Average OFMAP DRAM BW: 16.000 words/cycle

Running Layer 992
Total cycles: 1173
Compute cycles: 547
Stall cycles: 0
Overall utilization: 33.27%
Mapping efficiency: 50.00%
Average IFMAP SRAM BW: 5.324 words/cycle
Average Filter SRAM BW: 0.936 words/cycle
Average OFMAP SRAM BW: 10.647 words/cycle
Average IFMAP DRAM BW: 2.768 words/cycle
Average Filter DRAM BW: 1.947 words/cycle
Average OFMAP DRAM BW: 16.000 words/cycle

Running Layer 993
Total cycles: 2085
Compute cycles: 1095
Stall cycles: 0
Overall utilization: 33.24%
Mapping efficiency: 50.00%
Average IFMAP SRAM BW: 5.319 words/cycle
Average Filter SRAM BW: 0.935 words/cycle
Average OFMAP SRAM BW: 10.637 words/cycle
Average IFMAP DRAM BW: 2.768 words/cycle
Average Filter DRAM BW: 3.894 words/cycle
Average OFMAP DRAM BW: 16.000 words/cycle

Running Layer 994
Total cycles: 1173
Compute cycles: 547
Stall cycles: 0
Overall utilization: 66.54%
Mapping efficiency: 100.00%
Average IFMAP SRAM BW: 10.647 words/cycle
Average Filter SRAM BW: 1.872 words/cycle
Average OFMAP SRAM BW: 10.647 words/cycle
Average IFMAP DRAM BW: 5.536 words/cycle
Average Filter DRAM BW: 3.894 words/cycle
Average OFMAP DRAM BW: 16.000 words/cycle

Running Layer 995
Total cycles: 2085
Compute cycles: 1095
Stall cycles: 0
Overall utilization: 66.48%
Mapping efficiency: 100.00%
Average IFMAP SRAM BW: 10.637 words/cycle
Average Filter SRAM BW: 1.870 words/cycle
Average OFMAP SRAM BW: 10.637 words/cycle
Average IFMAP DRAM BW: 5.536 words/cycle
Average Filter DRAM BW: 7.787 words/cycle
Average OFMAP DRAM BW: 16.000 words/cycle

Running Layer 996
Total cycles: 2347
Compute cycles: 1095
Stall cycles: 0
Overall utilization: 66.48%
Mapping efficiency: 100.00%
Average IFMAP SRAM BW: 10.637 words/cycle
Average Filter SRAM BW: 1.870 words/cycle
Average OFMAP SRAM BW: 10.637 words/cycle
Average IFMAP DRAM BW: 5.547 words/cycle
Average Filter DRAM BW: 7.787 words/cycle
Average OFMAP DRAM BW: 16.000 words/cycle

Running Layer 997
Total cycles: 4171
Compute cycles: 2191
Stall cycles: 0
Overall utilization: 66.45%
Mapping efficiency: 100.00%
Average IFMAP SRAM BW: 10.633 words/cycle
Average Filter SRAM BW: 1.869 words/cycle
Average OFMAP SRAM BW: 10.633 words/cycle
Average IFMAP DRAM BW: 5.547 words/cycle
Average Filter DRAM BW: 7.802 words/cycle
Average OFMAP DRAM BW: 16.000 words/cycle

Running Layer 998
Total cycles: 4433
Compute cycles: 2191
Stall cycles: 0
Overall utilization: 66.45%
Mapping efficiency: 100.00%
Average IFMAP SRAM BW: 10.633 words/cycle
Average Filter SRAM BW: 1.869 words/cycle
Average OFMAP SRAM BW: 10.633 words/cycle
Average IFMAP DRAM BW: 7.400 words/cycle
Average Filter DRAM BW: 7.802 words/cycle
Average OFMAP DRAM BW: 16.000 words/cycle

Running Layer 999
Total cycles: 8343
Compute cycles: 4383
Stall cycles: 0
Overall utilization: 66.44%
Mapping efficiency: 100.00%
Average IFMAP SRAM BW: 10.630 words/cycle
Average Filter SRAM BW: 1.869 words/cycle
Average OFMAP SRAM BW: 10.630 words/cycle
Average IFMAP DRAM BW: 7.400 words/cycle
Average Filter DRAM BW: 7.809 words/cycle
Average OFMAP DRAM BW: 16.000 words/cycle

Running Layer 1000
Total cycles: 16425
Compute cycles: 8767
Stall cycles: 0
Overall utilization: 66.43%
Mapping efficiency: 100.00%
Average IFMAP SRAM BW: 10.629 words/cycle
Average Filter SRAM BW: 1.869 words/cycle
Average OFMAP SRAM BW: 10.629 words/cycle
Average IFMAP DRAM BW: 8.885 words/cycle
Average Filter DRAM BW: 8.929 words/cycle
Average OFMAP DRAM BW: 16.000 words/cycle

Running Layer 1001
Total cycles: 1181
Compute cycles: 551
Stall cycles: 0
Overall utilization: 16.70%
Mapping efficiency: 25.00%
Average IFMAP SRAM BW: 2.672 words/cycle
Average Filter SRAM BW: 0.465 words/cycle
Average OFMAP SRAM BW: 10.686 words/cycle
Average IFMAP DRAM BW: 1.399 words/cycle
Average Filter DRAM BW: 0.973 words/cycle
Average OFMAP DRAM BW: 16.000 words/cycle

Running Layer 1002
Total cycles: 2101
Compute cycles: 1103
Stall cycles: 0
Overall utilization: 16.68%
Mapping efficiency: 25.00%
Average IFMAP SRAM BW: 2.669 words/cycle
Average Filter SRAM BW: 0.464 words/cycle
Average OFMAP SRAM BW: 10.676 words/cycle
Average IFMAP DRAM BW: 1.399 words/cycle
Average Filter DRAM BW: 1.947 words/cycle
Average OFMAP DRAM BW: 16.000 words/cycle

Running Layer 1003
Total cycles: 1181
Compute cycles: 551
Stall cycles: 0
Overall utilization: 33.39%
Mapping efficiency: 50.00%
Average IFMAP SRAM BW: 5.343 words/cycle
Average Filter SRAM BW: 0.929 words/cycle
Average OFMAP SRAM BW: 10.686 words/cycle
Average IFMAP DRAM BW: 2.798 words/cycle
Average Filter DRAM BW: 1.947 words/cycle
Average OFMAP DRAM BW: 16.000 words/cycle

Running Layer 1004
Total cycles: 2101
Compute cycles: 1103
Stall cycles: 0
Overall utilization: 33.36%
Mapping efficiency: 50.00%
Average IFMAP SRAM BW: 5.338 words/cycle
Average Filter SRAM BW: 0.928 words/cycle
Average OFMAP SRAM BW: 10.676 words/cycle
Average IFMAP DRAM BW: 2.798 words/cycle
Average Filter DRAM BW: 3.894 words/cycle
Average OFMAP DRAM BW: 16.000 words/cycle

Running Layer 1005
Total cycles: 1181
Compute cycles: 551
Stall cycles: 0
Overall utilization: 66.79%
Mapping efficiency: 100.00%
Average IFMAP SRAM BW: 10.686 words/cycle
Average Filter SRAM BW: 1.858 words/cycle
Average OFMAP SRAM BW: 10.686 words/cycle
Average IFMAP DRAM BW: 5.597 words/cycle
Average Filter DRAM BW: 3.894 words/cycle
Average OFMAP DRAM BW: 16.000 words/cycle

Running Layer 1006
Total cycles: 2101
Compute cycles: 1103
Stall cycles: 0
Overall utilization: 66.73%
Mapping efficiency: 100.00%
Average IFMAP SRAM BW: 10.676 words/cycle
Average Filter SRAM BW: 1.857 words/cycle
Average OFMAP SRAM BW: 10.676 words/cycle
Average IFMAP DRAM BW: 5.597 words/cycle
Average Filter DRAM BW: 7.787 words/cycle
Average OFMAP DRAM BW: 16.000 words/cycle

Running Layer 1007
Total cycles: 2363
Compute cycles: 1103
Stall cycles: 0
Overall utilization: 66.73%
Mapping efficiency: 100.00%
Average IFMAP SRAM BW: 10.676 words/cycle
Average Filter SRAM BW: 1.857 words/cycle
Average OFMAP SRAM BW: 10.676 words/cycle
Average IFMAP DRAM BW: 5.608 words/cycle
Average Filter DRAM BW: 7.787 words/cycle
Average OFMAP DRAM BW: 16.000 words/cycle

Running Layer 1008
Total cycles: 4203
Compute cycles: 2207
Stall cycles: 0
Overall utilization: 66.70%
Mapping efficiency: 100.00%
Average IFMAP SRAM BW: 10.671 words/cycle
Average Filter SRAM BW: 1.856 words/cycle
Average OFMAP SRAM BW: 10.671 words/cycle
Average IFMAP DRAM BW: 5.608 words/cycle
Average Filter DRAM BW: 7.802 words/cycle
Average OFMAP DRAM BW: 16.000 words/cycle

Running Layer 1009
Total cycles: 4465
Compute cycles: 2207
Stall cycles: 0
Overall utilization: 66.70%
Mapping efficiency: 100.00%
Average IFMAP SRAM BW: 10.671 words/cycle
Average Filter SRAM BW: 1.856 words/cycle
Average OFMAP SRAM BW: 10.671 words/cycle
Average IFMAP DRAM BW: 7.482 words/cycle
Average Filter DRAM BW: 7.802 words/cycle
Average OFMAP DRAM BW: 16.000 words/cycle

Running Layer 1010
Total cycles: 8407
Compute cycles: 4415
Stall cycles: 0
Overall utilization: 66.68%
Mapping efficiency: 100.00%
Average IFMAP SRAM BW: 10.669 words/cycle
Average Filter SRAM BW: 1.855 words/cycle
Average OFMAP SRAM BW: 10.669 words/cycle
Average IFMAP DRAM BW: 7.482 words/cycle
Average Filter DRAM BW: 7.809 words/cycle
Average OFMAP DRAM BW: 16.000 words/cycle

Running Layer 1011
Total cycles: 16553
Compute cycles: 8831
Stall cycles: 0
Overall utilization: 66.67%
Mapping efficiency: 100.00%
Average IFMAP SRAM BW: 10.668 words/cycle
Average Filter SRAM BW: 1.855 words/cycle
Average OFMAP SRAM BW: 10.668 words/cycle
Average IFMAP DRAM BW: 8.982 words/cycle
Average Filter DRAM BW: 8.929 words/cycle
Average OFMAP DRAM BW: 16.000 words/cycle

Running Layer 1012
Total cycles: 1189
Compute cycles: 555
Stall cycles: 0
Overall utilization: 16.76%
Mapping efficiency: 25.00%
Average IFMAP SRAM BW: 2.681 words/cycle
Average Filter SRAM BW: 0.461 words/cycle
Average OFMAP SRAM BW: 10.724 words/cycle
Average IFMAP DRAM BW: 1.414 words/cycle
Average Filter DRAM BW: 0.973 words/cycle
Average OFMAP DRAM BW: 16.000 words/cycle

Running Layer 1013
Total cycles: 2117
Compute cycles: 1111
Stall cycles: 0
Overall utilization: 16.74%
Mapping efficiency: 25.00%
Average IFMAP SRAM BW: 2.679 words/cycle
Average Filter SRAM BW: 0.461 words/cycle
Average OFMAP SRAM BW: 10.715 words/cycle
Average IFMAP DRAM BW: 1.414 words/cycle
Average Filter DRAM BW: 1.947 words/cycle
Average OFMAP DRAM BW: 16.000 words/cycle

Running Layer 1014
Total cycles: 1189
Compute cycles: 555
Stall cycles: 0
Overall utilization: 33.51%
Mapping efficiency: 50.00%
Average IFMAP SRAM BW: 5.362 words/cycle
Average Filter SRAM BW: 0.923 words/cycle
Average OFMAP SRAM BW: 10.724 words/cycle
Average IFMAP DRAM BW: 2.829 words/cycle
Average Filter DRAM BW: 1.947 words/cycle
Average OFMAP DRAM BW: 16.000 words/cycle

Running Layer 1015
Total cycles: 2117
Compute cycles: 1111
Stall cycles: 0
Overall utilization: 33.48%
Mapping efficiency: 50.00%
Average IFMAP SRAM BW: 5.357 words/cycle
Average Filter SRAM BW: 0.922 words/cycle
Average OFMAP SRAM BW: 10.715 words/cycle
Average IFMAP DRAM BW: 2.829 words/cycle
Average Filter DRAM BW: 3.894 words/cycle
Average OFMAP DRAM BW: 16.000 words/cycle

Running Layer 1016
Total cycles: 1189
Compute cycles: 555
Stall cycles: 0
Overall utilization: 67.03%
Mapping efficiency: 100.00%
Average IFMAP SRAM BW: 10.724 words/cycle
Average Filter SRAM BW: 1.845 words/cycle
Average OFMAP SRAM BW: 10.724 words/cycle
Average IFMAP DRAM BW: 5.658 words/cycle
Average Filter DRAM BW: 3.894 words/cycle
Average OFMAP DRAM BW: 16.000 words/cycle

Running Layer 1017
Total cycles: 2117
Compute cycles: 1111
Stall cycles: 0
Overall utilization: 66.97%
Mapping efficiency: 100.00%
Average IFMAP SRAM BW: 10.715 words/cycle
Average Filter SRAM BW: 1.843 words/cycle
Average OFMAP SRAM BW: 10.715 words/cycle
Average IFMAP DRAM BW: 5.658 words/cycle
Average Filter DRAM BW: 7.787 words/cycle
Average OFMAP DRAM BW: 16.000 words/cycle

Running Layer 1018
Total cycles: 2379
Compute cycles: 1111
Stall cycles: 0
Overall utilization: 66.97%
Mapping efficiency: 100.00%
Average IFMAP SRAM BW: 10.715 words/cycle
Average Filter SRAM BW: 1.843 words/cycle
Average OFMAP SRAM BW: 10.715 words/cycle
Average IFMAP DRAM BW: 5.669 words/cycle
Average Filter DRAM BW: 7.787 words/cycle
Average OFMAP DRAM BW: 16.000 words/cycle

Running Layer 1019
Total cycles: 4235
Compute cycles: 2223
Stall cycles: 0
Overall utilization: 66.94%
Mapping efficiency: 100.00%
Average IFMAP SRAM BW: 10.710 words/cycle
Average Filter SRAM BW: 1.843 words/cycle
Average OFMAP SRAM BW: 10.710 words/cycle
Average IFMAP DRAM BW: 5.669 words/cycle
Average Filter DRAM BW: 7.802 words/cycle
Average OFMAP DRAM BW: 16.000 words/cycle

Running Layer 1020
Total cycles: 4497
Compute cycles: 2223
Stall cycles: 0
Overall utilization: 66.94%
Mapping efficiency: 100.00%
Average IFMAP SRAM BW: 10.710 words/cycle
Average Filter SRAM BW: 1.843 words/cycle
Average OFMAP SRAM BW: 10.710 words/cycle
Average IFMAP DRAM BW: 7.563 words/cycle
Average Filter DRAM BW: 7.802 words/cycle
Average OFMAP DRAM BW: 16.000 words/cycle

Running Layer 1021
Total cycles: 8471
Compute cycles: 4447
Stall cycles: 0
Overall utilization: 66.92%
Mapping efficiency: 100.00%
Average IFMAP SRAM BW: 10.707 words/cycle
Average Filter SRAM BW: 1.842 words/cycle
Average OFMAP SRAM BW: 10.707 words/cycle
Average IFMAP DRAM BW: 7.563 words/cycle
Average Filter DRAM BW: 7.809 words/cycle
Average OFMAP DRAM BW: 16.000 words/cycle

Running Layer 1022
Total cycles: 16681
Compute cycles: 8895
Stall cycles: 0
Overall utilization: 66.91%
Mapping efficiency: 100.00%
Average IFMAP SRAM BW: 10.706 words/cycle
Average Filter SRAM BW: 1.842 words/cycle
Average OFMAP SRAM BW: 10.706 words/cycle
Average IFMAP DRAM BW: 9.080 words/cycle
Average Filter DRAM BW: 8.929 words/cycle
Average OFMAP DRAM BW: 16.000 words/cycle

Running Layer 1023
Total cycles: 1197
Compute cycles: 559
Stall cycles: 0
Overall utilization: 16.82%
Mapping efficiency: 25.00%
Average IFMAP SRAM BW: 2.691 words/cycle
Average Filter SRAM BW: 0.458 words/cycle
Average OFMAP SRAM BW: 10.762 words/cycle
Average IFMAP DRAM BW: 1.430 words/cycle
Average Filter DRAM BW: 0.973 words/cycle
Average OFMAP DRAM BW: 16.000 words/cycle

Running Layer 1024
Total cycles: 2133
Compute cycles: 1119
Stall cycles: 0
Overall utilization: 16.80%
Mapping efficiency: 25.00%
Average IFMAP SRAM BW: 2.688 words/cycle
Average Filter SRAM BW: 0.458 words/cycle
Average OFMAP SRAM BW: 10.752 words/cycle
Average IFMAP DRAM BW: 1.430 words/cycle
Average Filter DRAM BW: 1.947 words/cycle
Average OFMAP DRAM BW: 16.000 words/cycle

Running Layer 1025
Total cycles: 1197
Compute cycles: 559
Stall cycles: 0
Overall utilization: 33.63%
Mapping efficiency: 50.00%
Average IFMAP SRAM BW: 5.381 words/cycle
Average Filter SRAM BW: 0.916 words/cycle
Average OFMAP SRAM BW: 10.762 words/cycle
Average IFMAP DRAM BW: 2.859 words/cycle
Average Filter DRAM BW: 1.947 words/cycle
Average OFMAP DRAM BW: 16.000 words/cycle

Running Layer 1026
Total cycles: 2133
Compute cycles: 1119
Stall cycles: 0
Overall utilization: 33.60%
Mapping efficiency: 50.00%
Average IFMAP SRAM BW: 5.376 words/cycle
Average Filter SRAM BW: 0.915 words/cycle
Average OFMAP SRAM BW: 10.752 words/cycle
Average IFMAP DRAM BW: 2.859 words/cycle
Average Filter DRAM BW: 3.894 words/cycle
Average OFMAP DRAM BW: 16.000 words/cycle

Running Layer 1027
Total cycles: 1197
Compute cycles: 559
Stall cycles: 0
Overall utilization: 67.26%
Mapping efficiency: 100.00%
Average IFMAP SRAM BW: 10.762 words/cycle
Average Filter SRAM BW: 1.832 words/cycle
Average OFMAP SRAM BW: 10.762 words/cycle
Average IFMAP DRAM BW: 5.719 words/cycle
Average Filter DRAM BW: 3.894 words/cycle
Average OFMAP DRAM BW: 16.000 words/cycle

Running Layer 1028
Total cycles: 2133
Compute cycles: 1119
Stall cycles: 0
Overall utilization: 67.20%
Mapping efficiency: 100.00%
Average IFMAP SRAM BW: 10.752 words/cycle
Average Filter SRAM BW: 1.830 words/cycle
Average OFMAP SRAM BW: 10.752 words/cycle
Average IFMAP DRAM BW: 5.719 words/cycle
Average Filter DRAM BW: 7.787 words/cycle
Average OFMAP DRAM BW: 16.000 words/cycle

Running Layer 1029
Total cycles: 2395
Compute cycles: 1119
Stall cycles: 0
Overall utilization: 67.20%
Mapping efficiency: 100.00%
Average IFMAP SRAM BW: 10.752 words/cycle
Average Filter SRAM BW: 1.830 words/cycle
Average OFMAP SRAM BW: 10.752 words/cycle
Average IFMAP DRAM BW: 5.730 words/cycle
Average Filter DRAM BW: 7.787 words/cycle
Average OFMAP DRAM BW: 16.000 words/cycle

Running Layer 1030
Total cycles: 4267
Compute cycles: 2239
Stall cycles: 0
Overall utilization: 67.17%
Mapping efficiency: 100.00%
Average IFMAP SRAM BW: 10.748 words/cycle
Average Filter SRAM BW: 1.829 words/cycle
Average OFMAP SRAM BW: 10.748 words/cycle
Average IFMAP DRAM BW: 5.730 words/cycle
Average Filter DRAM BW: 7.802 words/cycle
Average OFMAP DRAM BW: 16.000 words/cycle

Running Layer 1031
Total cycles: 4529
Compute cycles: 2239
Stall cycles: 0
Overall utilization: 67.17%
Mapping efficiency: 100.00%
Average IFMAP SRAM BW: 10.748 words/cycle
Average Filter SRAM BW: 1.829 words/cycle
Average OFMAP SRAM BW: 10.748 words/cycle
Average IFMAP DRAM BW: 7.644 words/cycle
Average Filter DRAM BW: 7.802 words/cycle
Average OFMAP DRAM BW: 16.000 words/cycle

Running Layer 1032
Total cycles: 8535
Compute cycles: 4479
Stall cycles: 0
Overall utilization: 67.16%
Mapping efficiency: 100.00%
Average IFMAP SRAM BW: 10.745 words/cycle
Average Filter SRAM BW: 1.829 words/cycle
Average OFMAP SRAM BW: 10.745 words/cycle
Average IFMAP DRAM BW: 7.644 words/cycle
Average Filter DRAM BW: 7.809 words/cycle
Average OFMAP DRAM BW: 16.000 words/cycle

Running Layer 1033
Total cycles: 16809
Compute cycles: 8959
Stall cycles: 0
Overall utilization: 67.15%
Mapping efficiency: 100.00%
Average IFMAP SRAM BW: 10.744 words/cycle
Average Filter SRAM BW: 1.829 words/cycle
Average OFMAP SRAM BW: 10.744 words/cycle
Average IFMAP DRAM BW: 9.178 words/cycle
Average Filter DRAM BW: 8.929 words/cycle
Average OFMAP DRAM BW: 16.000 words/cycle

Running Layer 1034
Total cycles: 1205
Compute cycles: 563
Stall cycles: 0
Overall utilization: 16.87%
Mapping efficiency: 25.00%
Average IFMAP SRAM BW: 2.700 words/cycle
Average Filter SRAM BW: 0.455 words/cycle
Average OFMAP SRAM BW: 10.799 words/cycle
Average IFMAP DRAM BW: 1.445 words/cycle
Average Filter DRAM BW: 0.973 words/cycle
Average OFMAP DRAM BW: 16.000 words/cycle

Running Layer 1035
Total cycles: 2149
Compute cycles: 1127
Stall cycles: 0
Overall utilization: 16.86%
Mapping efficiency: 25.00%
Average IFMAP SRAM BW: 2.697 words/cycle
Average Filter SRAM BW: 0.454 words/cycle
Average OFMAP SRAM BW: 10.790 words/cycle
Average IFMAP DRAM BW: 1.445 words/cycle
Average Filter DRAM BW: 1.947 words/cycle
Average OFMAP DRAM BW: 16.000 words/cycle

Running Layer 1036
Total cycles: 1205
Compute cycles: 563
Stall cycles: 0
Overall utilization: 33.75%
Mapping efficiency: 50.00%
Average IFMAP SRAM BW: 5.400 words/cycle
Average Filter SRAM BW: 0.909 words/cycle
Average OFMAP SRAM BW: 10.799 words/cycle
Average IFMAP DRAM BW: 2.890 words/cycle
Average Filter DRAM BW: 1.947 words/cycle
Average OFMAP DRAM BW: 16.000 words/cycle

Running Layer 1037
Total cycles: 2149
Compute cycles: 1127
Stall cycles: 0
Overall utilization: 33.72%
Mapping efficiency: 50.00%
Average IFMAP SRAM BW: 5.395 words/cycle
Average Filter SRAM BW: 0.909 words/cycle
Average OFMAP SRAM BW: 10.790 words/cycle
Average IFMAP DRAM BW: 2.890 words/cycle
Average Filter DRAM BW: 3.894 words/cycle
Average OFMAP DRAM BW: 16.000 words/cycle

Running Layer 1038
Total cycles: 1205
Compute cycles: 563
Stall cycles: 0
Overall utilization: 67.50%
Mapping efficiency: 100.00%
Average IFMAP SRAM BW: 10.799 words/cycle
Average Filter SRAM BW: 1.819 words/cycle
Average OFMAP SRAM BW: 10.799 words/cycle
Average IFMAP DRAM BW: 5.779 words/cycle
Average Filter DRAM BW: 3.894 words/cycle
Average OFMAP DRAM BW: 16.000 words/cycle

Running Layer 1039
Total cycles: 2149
Compute cycles: 1127
Stall cycles: 0
Overall utilization: 67.44%
Mapping efficiency: 100.00%
Average IFMAP SRAM BW: 10.790 words/cycle
Average Filter SRAM BW: 1.817 words/cycle
Average OFMAP SRAM BW: 10.790 words/cycle
Average IFMAP DRAM BW: 5.779 words/cycle
Average Filter DRAM BW: 7.787 words/cycle
Average OFMAP DRAM BW: 16.000 words/cycle

Running Layer 1040
Total cycles: 2411
Compute cycles: 1127
Stall cycles: 0
Overall utilization: 67.44%
Mapping efficiency: 100.00%
Average IFMAP SRAM BW: 10.790 words/cycle
Average Filter SRAM BW: 1.817 words/cycle
Average OFMAP SRAM BW: 10.790 words/cycle
Average IFMAP DRAM BW: 5.790 words/cycle
Average Filter DRAM BW: 7.787 words/cycle
Average OFMAP DRAM BW: 16.000 words/cycle

Running Layer 1041
Total cycles: 4299
Compute cycles: 2255
Stall cycles: 0
Overall utilization: 67.41%
Mapping efficiency: 100.00%
Average IFMAP SRAM BW: 10.785 words/cycle
Average Filter SRAM BW: 1.816 words/cycle
Average OFMAP SRAM BW: 10.785 words/cycle
Average IFMAP DRAM BW: 5.790 words/cycle
Average Filter DRAM BW: 7.802 words/cycle
Average OFMAP DRAM BW: 16.000 words/cycle

Running Layer 1042
Total cycles: 4561
Compute cycles: 2255
Stall cycles: 0
Overall utilization: 67.41%
Mapping efficiency: 100.00%
Average IFMAP SRAM BW: 10.785 words/cycle
Average Filter SRAM BW: 1.816 words/cycle
Average OFMAP SRAM BW: 10.785 words/cycle
Average IFMAP DRAM BW: 7.726 words/cycle
Average Filter DRAM BW: 7.802 words/cycle
Average OFMAP DRAM BW: 16.000 words/cycle

Running Layer 1043
Total cycles: 8599
Compute cycles: 4511
Stall cycles: 0
Overall utilization: 67.39%
Mapping efficiency: 100.00%
Average IFMAP SRAM BW: 10.783 words/cycle
Average Filter SRAM BW: 1.816 words/cycle
Average OFMAP SRAM BW: 10.783 words/cycle
Average IFMAP DRAM BW: 7.726 words/cycle
Average Filter DRAM BW: 7.809 words/cycle
Average OFMAP DRAM BW: 16.000 words/cycle

Running Layer 1044
Total cycles: 16937
Compute cycles: 9023
Stall cycles: 0
Overall utilization: 67.38%
Mapping efficiency: 100.00%
Average IFMAP SRAM BW: 10.781 words/cycle
Average Filter SRAM BW: 1.816 words/cycle
Average OFMAP SRAM BW: 10.781 words/cycle
Average IFMAP DRAM BW: 9.275 words/cycle
Average Filter DRAM BW: 8.929 words/cycle
Average OFMAP DRAM BW: 16.000 words/cycle

Running Layer 1045
Total cycles: 1213
Compute cycles: 567
Stall cycles: 0
Overall utilization: 16.93%
Mapping efficiency: 25.00%
Average IFMAP SRAM BW: 2.709 words/cycle
Average Filter SRAM BW: 0.451 words/cycle
Average OFMAP SRAM BW: 10.836 words/cycle
Average IFMAP DRAM BW: 1.460 words/cycle
Average Filter DRAM BW: 0.973 words/cycle
Average OFMAP DRAM BW: 16.000 words/cycle

Running Layer 1046
Total cycles: 2165
Compute cycles: 1135
Stall cycles: 0
Overall utilization: 16.92%
Mapping efficiency: 25.00%
Average IFMAP SRAM BW: 2.707 words/cycle
Average Filter SRAM BW: 0.451 words/cycle
Average OFMAP SRAM BW: 10.826 words/cycle
Average IFMAP DRAM BW: 1.460 words/cycle
Average Filter DRAM BW: 1.947 words/cycle
Average OFMAP DRAM BW: 16.000 words/cycle

Running Layer 1047
Total cycles: 1213
Compute cycles: 567
Stall cycles: 0
Overall utilization: 33.86%
Mapping efficiency: 50.00%
Average IFMAP SRAM BW: 5.418 words/cycle
Average Filter SRAM BW: 0.903 words/cycle
Average OFMAP SRAM BW: 10.836 words/cycle
Average IFMAP DRAM BW: 2.920 words/cycle
Average Filter DRAM BW: 1.947 words/cycle
Average OFMAP DRAM BW: 16.000 words/cycle

Running Layer 1048
Total cycles: 2165
Compute cycles: 1135
Stall cycles: 0
Overall utilization: 33.83%
Mapping efficiency: 50.00%
Average IFMAP SRAM BW: 5.413 words/cycle
Average Filter SRAM BW: 0.902 words/cycle
Average OFMAP SRAM BW: 10.826 words/cycle
Average IFMAP DRAM BW: 2.920 words/cycle
Average Filter DRAM BW: 3.894 words/cycle
Average OFMAP DRAM BW: 16.000 words/cycle

Running Layer 1049
Total cycles: 1213
Compute cycles: 567
Stall cycles: 0
Overall utilization: 67.72%
Mapping efficiency: 100.00%
Average IFMAP SRAM BW: 10.836 words/cycle
Average Filter SRAM BW: 1.806 words/cycle
Average OFMAP SRAM BW: 10.836 words/cycle
Average IFMAP DRAM BW: 5.840 words/cycle
Average Filter DRAM BW: 3.894 words/cycle
Average OFMAP DRAM BW: 16.000 words/cycle

Running Layer 1050
Total cycles: 2165
Compute cycles: 1135
Stall cycles: 0
Overall utilization: 67.67%
Mapping efficiency: 100.00%
Average IFMAP SRAM BW: 10.826 words/cycle
Average Filter SRAM BW: 1.804 words/cycle
Average OFMAP SRAM BW: 10.826 words/cycle
Average IFMAP DRAM BW: 5.840 words/cycle
Average Filter DRAM BW: 7.787 words/cycle
Average OFMAP DRAM BW: 16.000 words/cycle

Running Layer 1051
Total cycles: 2427
Compute cycles: 1135
Stall cycles: 0
Overall utilization: 67.67%
Mapping efficiency: 100.00%
Average IFMAP SRAM BW: 10.826 words/cycle
Average Filter SRAM BW: 1.804 words/cycle
Average OFMAP SRAM BW: 10.826 words/cycle
Average IFMAP DRAM BW: 5.851 words/cycle
Average Filter DRAM BW: 7.787 words/cycle
Average OFMAP DRAM BW: 16.000 words/cycle

Running Layer 1052
Total cycles: 4331
Compute cycles: 2271
Stall cycles: 0
Overall utilization: 67.64%
Mapping efficiency: 100.00%
Average IFMAP SRAM BW: 10.822 words/cycle
Average Filter SRAM BW: 1.804 words/cycle
Average OFMAP SRAM BW: 10.822 words/cycle
Average IFMAP DRAM BW: 5.851 words/cycle
Average Filter DRAM BW: 7.802 words/cycle
Average OFMAP DRAM BW: 16.000 words/cycle

Running Layer 1053
Total cycles: 4593
Compute cycles: 2271
Stall cycles: 0
Overall utilization: 67.64%
Mapping efficiency: 100.00%
Average IFMAP SRAM BW: 10.822 words/cycle
Average Filter SRAM BW: 1.804 words/cycle
Average OFMAP SRAM BW: 10.822 words/cycle
Average IFMAP DRAM BW: 7.807 words/cycle
Average Filter DRAM BW: 7.802 words/cycle
Average OFMAP DRAM BW: 16.000 words/cycle

Running Layer 1054
Total cycles: 8663
Compute cycles: 4543
Stall cycles: 0
Overall utilization: 67.62%
Mapping efficiency: 100.00%
Average IFMAP SRAM BW: 10.819 words/cycle
Average Filter SRAM BW: 1.803 words/cycle
Average OFMAP SRAM BW: 10.819 words/cycle
Average IFMAP DRAM BW: 7.807 words/cycle
Average Filter DRAM BW: 7.809 words/cycle
Average OFMAP DRAM BW: 16.000 words/cycle

Running Layer 1055
Total cycles: 17065
Compute cycles: 9087
Stall cycles: 0
Overall utilization: 67.61%
Mapping efficiency: 100.00%
Average IFMAP SRAM BW: 10.818 words/cycle
Average Filter SRAM BW: 1.803 words/cycle
Average OFMAP SRAM BW: 10.818 words/cycle
Average IFMAP DRAM BW: 9.373 words/cycle
Average Filter DRAM BW: 8.929 words/cycle
Average OFMAP DRAM BW: 16.000 words/cycle

Running Layer 1056
Total cycles: 1221
Compute cycles: 571
Stall cycles: 0
Overall utilization: 16.99%
Mapping efficiency: 25.00%
Average IFMAP SRAM BW: 2.718 words/cycle
Average Filter SRAM BW: 0.448 words/cycle
Average OFMAP SRAM BW: 10.872 words/cycle
Average IFMAP DRAM BW: 1.475 words/cycle
Average Filter DRAM BW: 0.973 words/cycle
Average OFMAP DRAM BW: 16.000 words/cycle

Running Layer 1057
Total cycles: 2181
Compute cycles: 1143
Stall cycles: 0
Overall utilization: 16.97%
Mapping efficiency: 25.00%
Average IFMAP SRAM BW: 2.716 words/cycle
Average Filter SRAM BW: 0.448 words/cycle
Average OFMAP SRAM BW: 10.863 words/cycle
Average IFMAP DRAM BW: 1.475 words/cycle
Average Filter DRAM BW: 1.947 words/cycle
Average OFMAP DRAM BW: 16.000 words/cycle

Running Layer 1058
Total cycles: 1221
Compute cycles: 571
Stall cycles: 0
Overall utilization: 33.98%
Mapping efficiency: 50.00%
Average IFMAP SRAM BW: 5.436 words/cycle
Average Filter SRAM BW: 0.897 words/cycle
Average OFMAP SRAM BW: 10.872 words/cycle
Average IFMAP DRAM BW: 2.951 words/cycle
Average Filter DRAM BW: 1.947 words/cycle
Average OFMAP DRAM BW: 16.000 words/cycle

Running Layer 1059
Total cycles: 2181
Compute cycles: 1143
Stall cycles: 0
Overall utilization: 33.95%
Mapping efficiency: 50.00%
Average IFMAP SRAM BW: 5.431 words/cycle
Average Filter SRAM BW: 0.896 words/cycle
Average OFMAP SRAM BW: 10.863 words/cycle
Average IFMAP DRAM BW: 2.951 words/cycle
Average Filter DRAM BW: 3.894 words/cycle
Average OFMAP DRAM BW: 16.000 words/cycle

Running Layer 1060
Total cycles: 1221
Compute cycles: 571
Stall cycles: 0
Overall utilization: 67.95%
Mapping efficiency: 100.00%
Average IFMAP SRAM BW: 10.872 words/cycle
Average Filter SRAM BW: 1.793 words/cycle
Average OFMAP SRAM BW: 10.872 words/cycle
Average IFMAP DRAM BW: 5.901 words/cycle
Average Filter DRAM BW: 3.894 words/cycle
Average OFMAP DRAM BW: 16.000 words/cycle

Running Layer 1061
Total cycles: 2181
Compute cycles: 1143
Stall cycles: 0
Overall utilization: 67.89%
Mapping efficiency: 100.00%
Average IFMAP SRAM BW: 10.863 words/cycle
Average Filter SRAM BW: 1.792 words/cycle
Average OFMAP SRAM BW: 10.863 words/cycle
Average IFMAP DRAM BW: 5.901 words/cycle
Average Filter DRAM BW: 7.787 words/cycle
Average OFMAP DRAM BW: 16.000 words/cycle

Running Layer 1062
Total cycles: 2443
Compute cycles: 1143
Stall cycles: 0
Overall utilization: 67.89%
Mapping efficiency: 100.00%
Average IFMAP SRAM BW: 10.863 words/cycle
Average Filter SRAM BW: 1.792 words/cycle
Average OFMAP SRAM BW: 10.863 words/cycle
Average IFMAP DRAM BW: 5.912 words/cycle
Average Filter DRAM BW: 7.787 words/cycle
Average OFMAP DRAM BW: 16.000 words/cycle

Running Layer 1063
Total cycles: 4363
Compute cycles: 2287
Stall cycles: 0
Overall utilization: 67.86%
Mapping efficiency: 100.00%
Average IFMAP SRAM BW: 10.858 words/cycle
Average Filter SRAM BW: 1.791 words/cycle
Average OFMAP SRAM BW: 10.858 words/cycle
Average IFMAP DRAM BW: 5.912 words/cycle
Average Filter DRAM BW: 7.802 words/cycle
Average OFMAP DRAM BW: 16.000 words/cycle

Running Layer 1064
Total cycles: 4625
Compute cycles: 2287
Stall cycles: 0
Overall utilization: 67.86%
Mapping efficiency: 100.00%
Average IFMAP SRAM BW: 10.858 words/cycle
Average Filter SRAM BW: 1.791 words/cycle
Average OFMAP SRAM BW: 10.858 words/cycle
Average IFMAP DRAM BW: 7.888 words/cycle
Average Filter DRAM BW: 7.802 words/cycle
Average OFMAP DRAM BW: 16.000 words/cycle

Running Layer 1065
Total cycles: 8727
Compute cycles: 4575
Stall cycles: 0
Overall utilization: 67.85%
Mapping efficiency: 100.00%
Average IFMAP SRAM BW: 10.856 words/cycle
Average Filter SRAM BW: 1.791 words/cycle
Average OFMAP SRAM BW: 10.856 words/cycle
Average IFMAP DRAM BW: 7.888 words/cycle
Average Filter DRAM BW: 7.809 words/cycle
Average OFMAP DRAM BW: 16.000 words/cycle

Running Layer 1066
Total cycles: 17193
Compute cycles: 9151
Stall cycles: 0
Overall utilization: 67.84%
Mapping efficiency: 100.00%
Average IFMAP SRAM BW: 10.854 words/cycle
Average Filter SRAM BW: 1.790 words/cycle
Average OFMAP SRAM BW: 10.854 words/cycle
Average IFMAP DRAM BW: 9.471 words/cycle
Average Filter DRAM BW: 8.929 words/cycle
Average OFMAP DRAM BW: 16.000 words/cycle

Running Layer 1067
Total cycles: 1229
Compute cycles: 575
Stall cycles: 0
Overall utilization: 17.04%
Mapping efficiency: 25.00%
Average IFMAP SRAM BW: 2.727 words/cycle
Average Filter SRAM BW: 0.445 words/cycle
Average OFMAP SRAM BW: 10.908 words/cycle
Average IFMAP DRAM BW: 1.490 words/cycle
Average Filter DRAM BW: 0.973 words/cycle
Average OFMAP DRAM BW: 16.000 words/cycle

Running Layer 1068
Total cycles: 2197
Compute cycles: 1151
Stall cycles: 0
Overall utilization: 17.03%
Mapping efficiency: 25.00%
Average IFMAP SRAM BW: 2.725 words/cycle
Average Filter SRAM BW: 0.445 words/cycle
Average OFMAP SRAM BW: 10.898 words/cycle
Average IFMAP DRAM BW: 1.490 words/cycle
Average Filter DRAM BW: 1.947 words/cycle
Average OFMAP DRAM BW: 16.000 words/cycle

Running Layer 1069
Total cycles: 1229
Compute cycles: 575
Stall cycles: 0
Overall utilization: 34.09%
Mapping efficiency: 50.00%
Average IFMAP SRAM BW: 5.454 words/cycle
Average Filter SRAM BW: 0.890 words/cycle
Average OFMAP SRAM BW: 10.908 words/cycle
Average IFMAP DRAM BW: 2.981 words/cycle
Average Filter DRAM BW: 1.947 words/cycle
Average OFMAP DRAM BW: 16.000 words/cycle

Running Layer 1070
Total cycles: 2197
Compute cycles: 1151
Stall cycles: 0
Overall utilization: 34.06%
Mapping efficiency: 50.00%
Average IFMAP SRAM BW: 5.449 words/cycle
Average Filter SRAM BW: 0.890 words/cycle
Average OFMAP SRAM BW: 10.898 words/cycle
Average IFMAP DRAM BW: 2.981 words/cycle
Average Filter DRAM BW: 3.894 words/cycle
Average OFMAP DRAM BW: 16.000 words/cycle

Running Layer 1071
Total cycles: 1229
Compute cycles: 575
Stall cycles: 0
Overall utilization: 68.17%
Mapping efficiency: 100.00%
Average IFMAP SRAM BW: 10.908 words/cycle
Average Filter SRAM BW: 1.781 words/cycle
Average OFMAP SRAM BW: 10.908 words/cycle
Average IFMAP DRAM BW: 5.962 words/cycle
Average Filter DRAM BW: 3.894 words/cycle
Average OFMAP DRAM BW: 16.000 words/cycle

Running Layer 1072
Total cycles: 2197
Compute cycles: 1151
Stall cycles: 0
Overall utilization: 68.11%
Mapping efficiency: 100.00%
Average IFMAP SRAM BW: 10.898 words/cycle
Average Filter SRAM BW: 1.779 words/cycle
Average OFMAP SRAM BW: 10.898 words/cycle
Average IFMAP DRAM BW: 5.962 words/cycle
Average Filter DRAM BW: 7.787 words/cycle
Average OFMAP DRAM BW: 16.000 words/cycle

Running Layer 1073
Total cycles: 2459
Compute cycles: 1151
Stall cycles: 0
Overall utilization: 68.11%
Mapping efficiency: 100.00%
Average IFMAP SRAM BW: 10.898 words/cycle
Average Filter SRAM BW: 1.779 words/cycle
Average OFMAP SRAM BW: 10.898 words/cycle
Average IFMAP DRAM BW: 5.973 words/cycle
Average Filter DRAM BW: 7.787 words/cycle
Average OFMAP DRAM BW: 16.000 words/cycle

Running Layer 1074
Total cycles: 4395
Compute cycles: 2303
Stall cycles: 0
Overall utilization: 68.09%
Mapping efficiency: 100.00%
Average IFMAP SRAM BW: 10.894 words/cycle
Average Filter SRAM BW: 1.779 words/cycle
Average OFMAP SRAM BW: 10.894 words/cycle
Average IFMAP DRAM BW: 5.973 words/cycle
Average Filter DRAM BW: 7.802 words/cycle
Average OFMAP DRAM BW: 16.000 words/cycle

Running Layer 1075
Total cycles: 4657
Compute cycles: 2303
Stall cycles: 0
Overall utilization: 68.09%
Mapping efficiency: 100.00%
Average IFMAP SRAM BW: 10.894 words/cycle
Average Filter SRAM BW: 1.779 words/cycle
Average OFMAP SRAM BW: 10.894 words/cycle
Average IFMAP DRAM BW: 7.970 words/cycle
Average Filter DRAM BW: 7.802 words/cycle
Average OFMAP DRAM BW: 16.000 words/cycle

Running Layer 1076
Total cycles: 8791
Compute cycles: 4607
Stall cycles: 0
Overall utilization: 68.07%
Mapping efficiency: 100.00%
Average IFMAP SRAM BW: 10.891 words/cycle
Average Filter SRAM BW: 1.778 words/cycle
Average OFMAP SRAM BW: 10.891 words/cycle
Average IFMAP DRAM BW: 7.970 words/cycle
Average Filter DRAM BW: 7.809 words/cycle
Average OFMAP DRAM BW: 16.000 words/cycle

Running Layer 1077
Total cycles: 17321
Compute cycles: 9215
Stall cycles: 0
Overall utilization: 68.06%
Mapping efficiency: 100.00%
Average IFMAP SRAM BW: 10.890 words/cycle
Average Filter SRAM BW: 1.778 words/cycle
Average OFMAP SRAM BW: 10.890 words/cycle
Average IFMAP DRAM BW: 9.568 words/cycle
Average Filter DRAM BW: 8.929 words/cycle
Average OFMAP DRAM BW: 16.000 words/cycle

Running Layer 1078
Total cycles: 1237
Compute cycles: 579
Stall cycles: 0
Overall utilization: 17.10%
Mapping efficiency: 25.00%
Average IFMAP SRAM BW: 2.736 words/cycle
Average Filter SRAM BW: 0.442 words/cycle
Average OFMAP SRAM BW: 10.943 words/cycle
Average IFMAP DRAM BW: 1.506 words/cycle
Average Filter DRAM BW: 0.973 words/cycle
Average OFMAP DRAM BW: 16.000 words/cycle

Running Layer 1079
Total cycles: 2213
Compute cycles: 1159
Stall cycles: 0
Overall utilization: 17.08%
Mapping efficiency: 25.00%
Average IFMAP SRAM BW: 2.733 words/cycle
Average Filter SRAM BW: 0.442 words/cycle
Average OFMAP SRAM BW: 10.934 words/cycle
Average IFMAP DRAM BW: 1.506 words/cycle
Average Filter DRAM BW: 1.947 words/cycle
Average OFMAP DRAM BW: 16.000 words/cycle

Running Layer 1080
Total cycles: 1237
Compute cycles: 579
Stall cycles: 0
Overall utilization: 34.20%
Mapping efficiency: 50.00%
Average IFMAP SRAM BW: 5.472 words/cycle
Average Filter SRAM BW: 0.884 words/cycle
Average OFMAP SRAM BW: 10.943 words/cycle
Average IFMAP DRAM BW: 3.011 words/cycle
Average Filter DRAM BW: 1.947 words/cycle
Average OFMAP DRAM BW: 16.000 words/cycle

Running Layer 1081
Total cycles: 2213
Compute cycles: 1159
Stall cycles: 0
Overall utilization: 34.17%
Mapping efficiency: 50.00%
Average IFMAP SRAM BW: 5.467 words/cycle
Average Filter SRAM BW: 0.884 words/cycle
Average OFMAP SRAM BW: 10.934 words/cycle
Average IFMAP DRAM BW: 3.011 words/cycle
Average Filter DRAM BW: 3.894 words/cycle
Average OFMAP DRAM BW: 16.000 words/cycle

Running Layer 1082
Total cycles: 1237
Compute cycles: 579
Stall cycles: 0
Overall utilization: 68.39%
Mapping efficiency: 100.00%
Average IFMAP SRAM BW: 10.943 words/cycle
Average Filter SRAM BW: 1.769 words/cycle
Average OFMAP SRAM BW: 10.943 words/cycle
Average IFMAP DRAM BW: 6.023 words/cycle
Average Filter DRAM BW: 3.894 words/cycle
Average OFMAP DRAM BW: 16.000 words/cycle

Running Layer 1083
Total cycles: 2213
Compute cycles: 1159
Stall cycles: 0
Overall utilization: 68.33%
Mapping efficiency: 100.00%
Average IFMAP SRAM BW: 10.934 words/cycle
Average Filter SRAM BW: 1.767 words/cycle
Average OFMAP SRAM BW: 10.934 words/cycle
Average IFMAP DRAM BW: 6.023 words/cycle
Average Filter DRAM BW: 7.787 words/cycle
Average OFMAP DRAM BW: 16.000 words/cycle

Running Layer 1084
Total cycles: 2475
Compute cycles: 1159
Stall cycles: 0
Overall utilization: 68.33%
Mapping efficiency: 100.00%
Average IFMAP SRAM BW: 10.934 words/cycle
Average Filter SRAM BW: 1.767 words/cycle
Average OFMAP SRAM BW: 10.934 words/cycle
Average IFMAP DRAM BW: 6.034 words/cycle
Average Filter DRAM BW: 7.787 words/cycle
Average OFMAP DRAM BW: 16.000 words/cycle

Running Layer 1085
Total cycles: 4427
Compute cycles: 2319
Stall cycles: 0
Overall utilization: 68.31%
Mapping efficiency: 100.00%
Average IFMAP SRAM BW: 10.929 words/cycle
Average Filter SRAM BW: 1.766 words/cycle
Average OFMAP SRAM BW: 10.929 words/cycle
Average IFMAP DRAM BW: 6.034 words/cycle
Average Filter DRAM BW: 7.802 words/cycle
Average OFMAP DRAM BW: 16.000 words/cycle

Running Layer 1086
Total cycles: 4689
Compute cycles: 2319
Stall cycles: 0
Overall utilization: 68.31%
Mapping efficiency: 100.00%
Average IFMAP SRAM BW: 10.929 words/cycle
Average Filter SRAM BW: 1.766 words/cycle
Average OFMAP SRAM BW: 10.929 words/cycle
Average IFMAP DRAM BW: 8.051 words/cycle
Average Filter DRAM BW: 7.802 words/cycle
Average OFMAP DRAM BW: 16.000 words/cycle

Running Layer 1087
Total cycles: 8855
Compute cycles: 4639
Stall cycles: 0
Overall utilization: 68.29%
Mapping efficiency: 100.00%
Average IFMAP SRAM BW: 10.926 words/cycle
Average Filter SRAM BW: 1.766 words/cycle
Average OFMAP SRAM BW: 10.926 words/cycle
Average IFMAP DRAM BW: 8.051 words/cycle
Average Filter DRAM BW: 7.809 words/cycle
Average OFMAP DRAM BW: 16.000 words/cycle

Running Layer 1088
Total cycles: 17449
Compute cycles: 9279
Stall cycles: 0
Overall utilization: 68.28%
Mapping efficiency: 100.00%
Average IFMAP SRAM BW: 10.925 words/cycle
Average Filter SRAM BW: 1.766 words/cycle
Average OFMAP SRAM BW: 10.925 words/cycle
Average IFMAP DRAM BW: 9.666 words/cycle
Average Filter DRAM BW: 8.929 words/cycle
Average OFMAP DRAM BW: 16.000 words/cycle

Running Layer 1089
Total cycles: 1245
Compute cycles: 583
Stall cycles: 0
Overall utilization: 17.15%
Mapping efficiency: 25.00%
Average IFMAP SRAM BW: 2.744 words/cycle
Average Filter SRAM BW: 0.439 words/cycle
Average OFMAP SRAM BW: 10.978 words/cycle
Average IFMAP DRAM BW: 1.521 words/cycle
Average Filter DRAM BW: 0.973 words/cycle
Average OFMAP DRAM BW: 16.000 words/cycle

Running Layer 1090
Total cycles: 2229
Compute cycles: 1167
Stall cycles: 0
Overall utilization: 17.14%
Mapping efficiency: 25.00%
Average IFMAP SRAM BW: 2.742 words/cycle
Average Filter SRAM BW: 0.439 words/cycle
Average OFMAP SRAM BW: 10.968 words/cycle
Average IFMAP DRAM BW: 1.521 words/cycle
Average Filter DRAM BW: 1.947 words/cycle
Average OFMAP DRAM BW: 16.000 words/cycle

Running Layer 1091
Total cycles: 1245
Compute cycles: 583
Stall cycles: 0
Overall utilization: 34.31%
Mapping efficiency: 50.00%
Average IFMAP SRAM BW: 5.489 words/cycle
Average Filter SRAM BW: 0.878 words/cycle
Average OFMAP SRAM BW: 10.978 words/cycle
Average IFMAP DRAM BW: 3.042 words/cycle
Average Filter DRAM BW: 1.947 words/cycle
Average OFMAP DRAM BW: 16.000 words/cycle

Running Layer 1092
Total cycles: 2229
Compute cycles: 1167
Stall cycles: 0
Overall utilization: 34.28%
Mapping efficiency: 50.00%
Average IFMAP SRAM BW: 5.484 words/cycle
Average Filter SRAM BW: 0.877 words/cycle
Average OFMAP SRAM BW: 10.968 words/cycle
Average IFMAP DRAM BW: 3.042 words/cycle
Average Filter DRAM BW: 3.894 words/cycle
Average OFMAP DRAM BW: 16.000 words/cycle

Running Layer 1093
Total cycles: 1245
Compute cycles: 583
Stall cycles: 0
Overall utilization: 68.61%
Mapping efficiency: 100.00%
Average IFMAP SRAM BW: 10.978 words/cycle
Average Filter SRAM BW: 1.756 words/cycle
Average OFMAP SRAM BW: 10.978 words/cycle
Average IFMAP DRAM BW: 6.084 words/cycle
Average Filter DRAM BW: 3.894 words/cycle
Average OFMAP DRAM BW: 16.000 words/cycle

Running Layer 1094
Total cycles: 2229
Compute cycles: 1167
Stall cycles: 0
Overall utilization: 68.55%
Mapping efficiency: 100.00%
Average IFMAP SRAM BW: 10.968 words/cycle
Average Filter SRAM BW: 1.755 words/cycle
Average OFMAP SRAM BW: 10.968 words/cycle
Average IFMAP DRAM BW: 6.084 words/cycle
Average Filter DRAM BW: 7.787 words/cycle
Average OFMAP DRAM BW: 16.000 words/cycle

Running Layer 1095
Total cycles: 2491
Compute cycles: 1167
Stall cycles: 0
Overall utilization: 68.55%
Mapping efficiency: 100.00%
Average IFMAP SRAM BW: 10.968 words/cycle
Average Filter SRAM BW: 1.755 words/cycle
Average OFMAP SRAM BW: 10.968 words/cycle
Average IFMAP DRAM BW: 6.095 words/cycle
Average Filter DRAM BW: 7.787 words/cycle
Average OFMAP DRAM BW: 16.000 words/cycle

Running Layer 1096
Total cycles: 4459
Compute cycles: 2335
Stall cycles: 0
Overall utilization: 68.52%
Mapping efficiency: 100.00%
Average IFMAP SRAM BW: 10.964 words/cycle
Average Filter SRAM BW: 1.754 words/cycle
Average OFMAP SRAM BW: 10.964 words/cycle
Average IFMAP DRAM BW: 6.095 words/cycle
Average Filter DRAM BW: 7.802 words/cycle
Average OFMAP DRAM BW: 16.000 words/cycle

Running Layer 1097
Total cycles: 4721
Compute cycles: 2335
Stall cycles: 0
Overall utilization: 68.52%
Mapping efficiency: 100.00%
Average IFMAP SRAM BW: 10.964 words/cycle
Average Filter SRAM BW: 1.754 words/cycle
Average OFMAP SRAM BW: 10.964 words/cycle
Average IFMAP DRAM BW: 8.132 words/cycle
Average Filter DRAM BW: 7.802 words/cycle
Average OFMAP DRAM BW: 16.000 words/cycle

Running Layer 1098
Total cycles: 8919
Compute cycles: 4671
Stall cycles: 0
Overall utilization: 68.51%
Mapping efficiency: 100.00%
Average IFMAP SRAM BW: 10.961 words/cycle
Average Filter SRAM BW: 1.754 words/cycle
Average OFMAP SRAM BW: 10.961 words/cycle
Average IFMAP DRAM BW: 8.132 words/cycle
Average Filter DRAM BW: 7.809 words/cycle
Average OFMAP DRAM BW: 16.000 words/cycle

Running Layer 1099
Total cycles: 17577
Compute cycles: 9343
Stall cycles: 0
Overall utilization: 68.50%
Mapping efficiency: 100.00%
Average IFMAP SRAM BW: 10.960 words/cycle
Average Filter SRAM BW: 1.754 words/cycle
Average OFMAP SRAM BW: 10.960 words/cycle
Average IFMAP DRAM BW: 9.764 words/cycle
Average Filter DRAM BW: 8.929 words/cycle
Average OFMAP DRAM BW: 16.000 words/cycle

Running Layer 1100
Total cycles: 1253
Compute cycles: 587
Stall cycles: 0
Overall utilization: 17.21%
Mapping efficiency: 25.00%
Average IFMAP SRAM BW: 2.753 words/cycle
Average Filter SRAM BW: 0.436 words/cycle
Average OFMAP SRAM BW: 11.012 words/cycle
Average IFMAP DRAM BW: 1.536 words/cycle
Average Filter DRAM BW: 0.973 words/cycle
Average OFMAP DRAM BW: 16.000 words/cycle

Running Layer 1101
Total cycles: 2245
Compute cycles: 1175
Stall cycles: 0
Overall utilization: 17.19%
Mapping efficiency: 25.00%
Average IFMAP SRAM BW: 2.751 words/cycle
Average Filter SRAM BW: 0.436 words/cycle
Average OFMAP SRAM BW: 11.003 words/cycle
Average IFMAP DRAM BW: 1.536 words/cycle
Average Filter DRAM BW: 1.947 words/cycle
Average OFMAP DRAM BW: 16.000 words/cycle

Running Layer 1102
Total cycles: 1253
Compute cycles: 587
Stall cycles: 0
Overall utilization: 34.41%
Mapping efficiency: 50.00%
Average IFMAP SRAM BW: 5.506 words/cycle
Average Filter SRAM BW: 0.872 words/cycle
Average OFMAP SRAM BW: 11.012 words/cycle
Average IFMAP DRAM BW: 3.072 words/cycle
Average Filter DRAM BW: 1.947 words/cycle
Average OFMAP DRAM BW: 16.000 words/cycle

Running Layer 1103
Total cycles: 2245
Compute cycles: 1175
Stall cycles: 0
Overall utilization: 34.38%
Mapping efficiency: 50.00%
Average IFMAP SRAM BW: 5.501 words/cycle
Average Filter SRAM BW: 0.871 words/cycle
Average OFMAP SRAM BW: 11.003 words/cycle
Average IFMAP DRAM BW: 3.072 words/cycle
Average Filter DRAM BW: 3.894 words/cycle
Average OFMAP DRAM BW: 16.000 words/cycle

Running Layer 1104
Total cycles: 1253
Compute cycles: 587
Stall cycles: 0
Overall utilization: 68.82%
Mapping efficiency: 100.00%
Average IFMAP SRAM BW: 11.012 words/cycle
Average Filter SRAM BW: 1.744 words/cycle
Average OFMAP SRAM BW: 11.012 words/cycle
Average IFMAP DRAM BW: 6.144 words/cycle
Average Filter DRAM BW: 3.894 words/cycle
Average OFMAP DRAM BW: 16.000 words/cycle

Running Layer 1105
Total cycles: 2245
Compute cycles: 1175
Stall cycles: 0
Overall utilization: 68.77%
Mapping efficiency: 100.00%
Average IFMAP SRAM BW: 11.003 words/cycle
Average Filter SRAM BW: 1.743 words/cycle
Average OFMAP SRAM BW: 11.003 words/cycle
Average IFMAP DRAM BW: 6.144 words/cycle
Average Filter DRAM BW: 7.787 words/cycle
Average OFMAP DRAM BW: 16.000 words/cycle

Running Layer 1106
Total cycles: 2507
Compute cycles: 1175
Stall cycles: 0
Overall utilization: 68.77%
Mapping efficiency: 100.00%
Average IFMAP SRAM BW: 11.003 words/cycle
Average Filter SRAM BW: 1.743 words/cycle
Average OFMAP SRAM BW: 11.003 words/cycle
Average IFMAP DRAM BW: 6.156 words/cycle
Average Filter DRAM BW: 7.787 words/cycle
Average OFMAP DRAM BW: 16.000 words/cycle

Running Layer 1107
Total cycles: 4491
Compute cycles: 2351
Stall cycles: 0
Overall utilization: 68.74%
Mapping efficiency: 100.00%
Average IFMAP SRAM BW: 10.998 words/cycle
Average Filter SRAM BW: 1.742 words/cycle
Average OFMAP SRAM BW: 10.998 words/cycle
Average IFMAP DRAM BW: 6.156 words/cycle
Average Filter DRAM BW: 7.802 words/cycle
Average OFMAP DRAM BW: 16.000 words/cycle

Running Layer 1108
Total cycles: 4753
Compute cycles: 2351
Stall cycles: 0
Overall utilization: 68.74%
Mapping efficiency: 100.00%
Average IFMAP SRAM BW: 10.998 words/cycle
Average Filter SRAM BW: 1.742 words/cycle
Average OFMAP SRAM BW: 10.998 words/cycle
Average IFMAP DRAM BW: 8.213 words/cycle
Average Filter DRAM BW: 7.802 words/cycle
Average OFMAP DRAM BW: 16.000 words/cycle

Running Layer 1109
Total cycles: 8983
Compute cycles: 4703
Stall cycles: 0
Overall utilization: 68.72%
Mapping efficiency: 100.00%
Average IFMAP SRAM BW: 10.996 words/cycle
Average Filter SRAM BW: 1.742 words/cycle
Average OFMAP SRAM BW: 10.996 words/cycle
Average IFMAP DRAM BW: 8.213 words/cycle
Average Filter DRAM BW: 7.809 words/cycle
Average OFMAP DRAM BW: 16.000 words/cycle

Running Layer 1110
Total cycles: 17705
Compute cycles: 9407
Stall cycles: 0
Overall utilization: 68.71%
Mapping efficiency: 100.00%
Average IFMAP SRAM BW: 10.994 words/cycle
Average Filter SRAM BW: 1.742 words/cycle
Average OFMAP SRAM BW: 10.994 words/cycle
Average IFMAP DRAM BW: 9.861 words/cycle
Average Filter DRAM BW: 8.929 words/cycle
Average OFMAP DRAM BW: 16.000 words/cycle

Running Layer 1111
Total cycles: 1261
Compute cycles: 591
Stall cycles: 0
Overall utilization: 17.26%
Mapping efficiency: 25.00%
Average IFMAP SRAM BW: 2.761 words/cycle
Average Filter SRAM BW: 0.433 words/cycle
Average OFMAP SRAM BW: 11.046 words/cycle
Average IFMAP DRAM BW: 1.551 words/cycle
Average Filter DRAM BW: 0.973 words/cycle
Average OFMAP DRAM BW: 16.000 words/cycle

Running Layer 1112
Total cycles: 2261
Compute cycles: 1183
Stall cycles: 0
Overall utilization: 17.24%
Mapping efficiency: 25.00%
Average IFMAP SRAM BW: 2.759 words/cycle
Average Filter SRAM BW: 0.433 words/cycle
Average OFMAP SRAM BW: 11.036 words/cycle
Average IFMAP DRAM BW: 1.551 words/cycle
Average Filter DRAM BW: 1.947 words/cycle
Average OFMAP DRAM BW: 16.000 words/cycle

Running Layer 1113
Total cycles: 1261
Compute cycles: 591
Stall cycles: 0
Overall utilization: 34.52%
Mapping efficiency: 50.00%
Average IFMAP SRAM BW: 5.523 words/cycle
Average Filter SRAM BW: 0.866 words/cycle
Average OFMAP SRAM BW: 11.046 words/cycle
Average IFMAP DRAM BW: 3.103 words/cycle
Average Filter DRAM BW: 1.947 words/cycle
Average OFMAP DRAM BW: 16.000 words/cycle

Running Layer 1114
Total cycles: 2261
Compute cycles: 1183
Stall cycles: 0
Overall utilization: 34.49%
Mapping efficiency: 50.00%
Average IFMAP SRAM BW: 5.518 words/cycle
Average Filter SRAM BW: 0.866 words/cycle
Average OFMAP SRAM BW: 11.036 words/cycle
Average IFMAP DRAM BW: 3.103 words/cycle
Average Filter DRAM BW: 3.894 words/cycle
Average OFMAP DRAM BW: 16.000 words/cycle

Running Layer 1115
Total cycles: 1261
Compute cycles: 591
Stall cycles: 0
Overall utilization: 69.04%
Mapping efficiency: 100.00%
Average IFMAP SRAM BW: 11.046 words/cycle
Average Filter SRAM BW: 1.733 words/cycle
Average OFMAP SRAM BW: 11.046 words/cycle
Average IFMAP DRAM BW: 6.205 words/cycle
Average Filter DRAM BW: 3.894 words/cycle
Average OFMAP DRAM BW: 16.000 words/cycle

Running Layer 1116
Total cycles: 2261
Compute cycles: 1183
Stall cycles: 0
Overall utilization: 68.98%
Mapping efficiency: 100.00%
Average IFMAP SRAM BW: 11.036 words/cycle
Average Filter SRAM BW: 1.731 words/cycle
Average OFMAP SRAM BW: 11.036 words/cycle
Average IFMAP DRAM BW: 6.205 words/cycle
Average Filter DRAM BW: 7.787 words/cycle
Average OFMAP DRAM BW: 16.000 words/cycle

Running Layer 1117
Total cycles: 2523
Compute cycles: 1183
Stall cycles: 0
Overall utilization: 68.98%
Mapping efficiency: 100.00%
Average IFMAP SRAM BW: 11.036 words/cycle
Average Filter SRAM BW: 1.731 words/cycle
Average OFMAP SRAM BW: 11.036 words/cycle
Average IFMAP DRAM BW: 6.217 words/cycle
Average Filter DRAM BW: 7.787 words/cycle
Average OFMAP DRAM BW: 16.000 words/cycle

Running Layer 1118
Total cycles: 4523
Compute cycles: 2367
Stall cycles: 0
Overall utilization: 68.95%
Mapping efficiency: 100.00%
Average IFMAP SRAM BW: 11.032 words/cycle
Average Filter SRAM BW: 1.730 words/cycle
Average OFMAP SRAM BW: 11.032 words/cycle
Average IFMAP DRAM BW: 6.217 words/cycle
Average Filter DRAM BW: 7.802 words/cycle
Average OFMAP DRAM BW: 16.000 words/cycle

Running Layer 1119
Total cycles: 4785
Compute cycles: 2367
Stall cycles: 0
Overall utilization: 68.95%
Mapping efficiency: 100.00%
Average IFMAP SRAM BW: 11.032 words/cycle
Average Filter SRAM BW: 1.730 words/cycle
Average OFMAP SRAM BW: 11.032 words/cycle
Average IFMAP DRAM BW: 8.295 words/cycle
Average Filter DRAM BW: 7.802 words/cycle
Average OFMAP DRAM BW: 16.000 words/cycle

Running Layer 1120
Total cycles: 9047
Compute cycles: 4735
Stall cycles: 0
Overall utilization: 68.93%
Mapping efficiency: 100.00%
Average IFMAP SRAM BW: 11.029 words/cycle
Average Filter SRAM BW: 1.730 words/cycle
Average OFMAP SRAM BW: 11.029 words/cycle
Average IFMAP DRAM BW: 8.295 words/cycle
Average Filter DRAM BW: 7.809 words/cycle
Average OFMAP DRAM BW: 16.000 words/cycle

Running Layer 1121
Total cycles: 17833
Compute cycles: 9471
Stall cycles: 0
Overall utilization: 68.93%
Mapping efficiency: 100.00%
Average IFMAP SRAM BW: 11.028 words/cycle
Average Filter SRAM BW: 1.730 words/cycle
Average OFMAP SRAM BW: 11.028 words/cycle
Average IFMAP DRAM BW: 9.959 words/cycle
Average Filter DRAM BW: 8.929 words/cycle
Average OFMAP DRAM BW: 16.000 words/cycle

Running Layer 1122
Total cycles: 1269
Compute cycles: 595
Stall cycles: 0
Overall utilization: 17.31%
Mapping efficiency: 25.00%
Average IFMAP SRAM BW: 2.770 words/cycle
Average Filter SRAM BW: 0.430 words/cycle
Average OFMAP SRAM BW: 11.079 words/cycle
Average IFMAP DRAM BW: 1.567 words/cycle
Average Filter DRAM BW: 0.973 words/cycle
Average OFMAP DRAM BW: 16.000 words/cycle

Running Layer 1123
Total cycles: 2277
Compute cycles: 1191
Stall cycles: 0
Overall utilization: 17.30%
Mapping efficiency: 25.00%
Average IFMAP SRAM BW: 2.767 words/cycle
Average Filter SRAM BW: 0.430 words/cycle
Average OFMAP SRAM BW: 11.070 words/cycle
Average IFMAP DRAM BW: 1.567 words/cycle
Average Filter DRAM BW: 1.947 words/cycle
Average OFMAP DRAM BW: 16.000 words/cycle

Running Layer 1124
Total cycles: 1269
Compute cycles: 595
Stall cycles: 0
Overall utilization: 34.62%
Mapping efficiency: 50.00%
Average IFMAP SRAM BW: 5.539 words/cycle
Average Filter SRAM BW: 0.861 words/cycle
Average OFMAP SRAM BW: 11.079 words/cycle
Average IFMAP DRAM BW: 3.133 words/cycle
Average Filter DRAM BW: 1.947 words/cycle
Average OFMAP DRAM BW: 16.000 words/cycle

Running Layer 1125
Total cycles: 2277
Compute cycles: 1191
Stall cycles: 0
Overall utilization: 34.59%
Mapping efficiency: 50.00%
Average IFMAP SRAM BW: 5.535 words/cycle
Average Filter SRAM BW: 0.860 words/cycle
Average OFMAP SRAM BW: 11.070 words/cycle
Average IFMAP DRAM BW: 3.133 words/cycle
Average Filter DRAM BW: 3.894 words/cycle
Average OFMAP DRAM BW: 16.000 words/cycle

Running Layer 1126
Total cycles: 1269
Compute cycles: 595
Stall cycles: 0
Overall utilization: 69.24%
Mapping efficiency: 100.00%
Average IFMAP SRAM BW: 11.079 words/cycle
Average Filter SRAM BW: 1.721 words/cycle
Average OFMAP SRAM BW: 11.079 words/cycle
Average IFMAP DRAM BW: 6.266 words/cycle
Average Filter DRAM BW: 3.894 words/cycle
Average OFMAP DRAM BW: 16.000 words/cycle

Running Layer 1127
Total cycles: 2277
Compute cycles: 1191
Stall cycles: 0
Overall utilization: 69.19%
Mapping efficiency: 100.00%
Average IFMAP SRAM BW: 11.070 words/cycle
Average Filter SRAM BW: 1.720 words/cycle
Average OFMAP SRAM BW: 11.070 words/cycle
Average IFMAP DRAM BW: 6.266 words/cycle
Average Filter DRAM BW: 7.787 words/cycle
Average OFMAP DRAM BW: 16.000 words/cycle

Running Layer 1128
Total cycles: 2539
Compute cycles: 1191
Stall cycles: 0
Overall utilization: 69.19%
Mapping efficiency: 100.00%
Average IFMAP SRAM BW: 11.070 words/cycle
Average Filter SRAM BW: 1.720 words/cycle
Average OFMAP SRAM BW: 11.070 words/cycle
Average IFMAP DRAM BW: 6.278 words/cycle
Average Filter DRAM BW: 7.787 words/cycle
Average OFMAP DRAM BW: 16.000 words/cycle

Running Layer 1129
Total cycles: 4555
Compute cycles: 2383
Stall cycles: 0
Overall utilization: 69.16%
Mapping efficiency: 100.00%
Average IFMAP SRAM BW: 11.065 words/cycle
Average Filter SRAM BW: 1.719 words/cycle
Average OFMAP SRAM BW: 11.065 words/cycle
Average IFMAP DRAM BW: 6.278 words/cycle
Average Filter DRAM BW: 7.802 words/cycle
Average OFMAP DRAM BW: 16.000 words/cycle

Running Layer 1130
Total cycles: 4817
Compute cycles: 2383
Stall cycles: 0
Overall utilization: 69.16%
Mapping efficiency: 100.00%
Average IFMAP SRAM BW: 11.065 words/cycle
Average Filter SRAM BW: 1.719 words/cycle
Average OFMAP SRAM BW: 11.065 words/cycle
Average IFMAP DRAM BW: 8.376 words/cycle
Average Filter DRAM BW: 7.802 words/cycle
Average OFMAP DRAM BW: 16.000 words/cycle

Running Layer 1131
Total cycles: 9111
Compute cycles: 4767
Stall cycles: 0
Overall utilization: 69.14%
Mapping efficiency: 100.00%
Average IFMAP SRAM BW: 11.063 words/cycle
Average Filter SRAM BW: 1.718 words/cycle
Average OFMAP SRAM BW: 11.063 words/cycle
Average IFMAP DRAM BW: 8.376 words/cycle
Average Filter DRAM BW: 7.809 words/cycle
Average OFMAP DRAM BW: 16.000 words/cycle

Running Layer 1132
Total cycles: 17961
Compute cycles: 9535
Stall cycles: 0
Overall utilization: 69.13%
Mapping efficiency: 100.00%
Average IFMAP SRAM BW: 11.062 words/cycle
Average Filter SRAM BW: 1.718 words/cycle
Average OFMAP SRAM BW: 11.062 words/cycle
Average IFMAP DRAM BW: 8.381 words/cycle
Average Filter DRAM BW: 8.929 words/cycle
Average OFMAP DRAM BW: 16.000 words/cycle

Running Layer 1133
Total cycles: 1277
Compute cycles: 599
Stall cycles: 0
Overall utilization: 17.36%
Mapping efficiency: 25.00%
Average IFMAP SRAM BW: 2.778 words/cycle
Average Filter SRAM BW: 0.427 words/cycle
Average OFMAP SRAM BW: 11.112 words/cycle
Average IFMAP DRAM BW: 1.582 words/cycle
Average Filter DRAM BW: 0.973 words/cycle
Average OFMAP DRAM BW: 16.000 words/cycle

Running Layer 1134
Total cycles: 2293
Compute cycles: 1199
Stall cycles: 0
Overall utilization: 17.35%
Mapping efficiency: 25.00%
Average IFMAP SRAM BW: 2.776 words/cycle
Average Filter SRAM BW: 0.427 words/cycle
Average OFMAP SRAM BW: 11.103 words/cycle
Average IFMAP DRAM BW: 1.582 words/cycle
Average Filter DRAM BW: 1.947 words/cycle
Average OFMAP DRAM BW: 16.000 words/cycle

Running Layer 1135
Total cycles: 1277
Compute cycles: 599
Stall cycles: 0
Overall utilization: 34.72%
Mapping efficiency: 50.00%
Average IFMAP SRAM BW: 5.556 words/cycle
Average Filter SRAM BW: 0.855 words/cycle
Average OFMAP SRAM BW: 11.112 words/cycle
Average IFMAP DRAM BW: 3.163 words/cycle
Average Filter DRAM BW: 1.947 words/cycle
Average OFMAP DRAM BW: 16.000 words/cycle

Running Layer 1136
Total cycles: 2293
Compute cycles: 1199
Stall cycles: 0
Overall utilization: 34.70%
Mapping efficiency: 50.00%
Average IFMAP SRAM BW: 5.551 words/cycle
Average Filter SRAM BW: 0.854 words/cycle
Average OFMAP SRAM BW: 11.103 words/cycle
Average IFMAP DRAM BW: 3.163 words/cycle
Average Filter DRAM BW: 3.894 words/cycle
Average OFMAP DRAM BW: 16.000 words/cycle

Running Layer 1137
Total cycles: 1277
Compute cycles: 599
Stall cycles: 0
Overall utilization: 69.45%
Mapping efficiency: 100.00%
Average IFMAP SRAM BW: 11.112 words/cycle
Average Filter SRAM BW: 1.710 words/cycle
Average OFMAP SRAM BW: 11.112 words/cycle
Average IFMAP DRAM BW: 6.327 words/cycle
Average Filter DRAM BW: 3.894 words/cycle
Average OFMAP DRAM BW: 16.000 words/cycle

Running Layer 1138
Total cycles: 2293
Compute cycles: 1199
Stall cycles: 0
Overall utilization: 69.39%
Mapping efficiency: 100.00%
Average IFMAP SRAM BW: 11.103 words/cycle
Average Filter SRAM BW: 1.708 words/cycle
Average OFMAP SRAM BW: 11.103 words/cycle
Average IFMAP DRAM BW: 6.327 words/cycle
Average Filter DRAM BW: 7.787 words/cycle
Average OFMAP DRAM BW: 16.000 words/cycle

Running Layer 1139
Total cycles: 2555
Compute cycles: 1199
Stall cycles: 0
Overall utilization: 69.39%
Mapping efficiency: 100.00%
Average IFMAP SRAM BW: 11.103 words/cycle
Average Filter SRAM BW: 1.708 words/cycle
Average OFMAP SRAM BW: 11.103 words/cycle
Average IFMAP DRAM BW: 6.339 words/cycle
Average Filter DRAM BW: 7.787 words/cycle
Average OFMAP DRAM BW: 16.000 words/cycle

Running Layer 1140
Total cycles: 4587
Compute cycles: 2399
Stall cycles: 0
Overall utilization: 69.36%
Mapping efficiency: 100.00%
Average IFMAP SRAM BW: 11.098 words/cycle
Average Filter SRAM BW: 1.707 words/cycle
Average OFMAP SRAM BW: 11.098 words/cycle
Average IFMAP DRAM BW: 6.339 words/cycle
Average Filter DRAM BW: 7.802 words/cycle
Average OFMAP DRAM BW: 16.000 words/cycle

Running Layer 1141
Total cycles: 4849
Compute cycles: 2399
Stall cycles: 0
Overall utilization: 69.36%
Mapping efficiency: 100.00%
Average IFMAP SRAM BW: 11.098 words/cycle
Average Filter SRAM BW: 1.707 words/cycle
Average OFMAP SRAM BW: 11.098 words/cycle
Average IFMAP DRAM BW: 8.457 words/cycle
Average Filter DRAM BW: 7.802 words/cycle
Average OFMAP DRAM BW: 16.000 words/cycle

Running Layer 1142
Total cycles: 9175
Compute cycles: 4799
Stall cycles: 0
Overall utilization: 69.35%
Mapping efficiency: 100.00%
Average IFMAP SRAM BW: 11.096 words/cycle
Average Filter SRAM BW: 1.707 words/cycle
Average OFMAP SRAM BW: 11.096 words/cycle
Average IFMAP DRAM BW: 8.457 words/cycle
Average Filter DRAM BW: 7.809 words/cycle
Average OFMAP DRAM BW: 16.000 words/cycle

Running Layer 1143
Total cycles: 18089
Compute cycles: 9599
Stall cycles: 0
Overall utilization: 69.34%
Mapping efficiency: 100.00%
Average IFMAP SRAM BW: 11.094 words/cycle
Average Filter SRAM BW: 1.707 words/cycle
Average OFMAP SRAM BW: 11.094 words/cycle
Average IFMAP DRAM BW: 8.463 words/cycle
Average Filter DRAM BW: 8.929 words/cycle
Average OFMAP DRAM BW: 16.000 words/cycle

Running Layer 1144
Total cycles: 1285
Compute cycles: 603
Stall cycles: 0
Overall utilization: 17.41%
Mapping efficiency: 25.00%
Average IFMAP SRAM BW: 2.786 words/cycle
Average Filter SRAM BW: 0.425 words/cycle
Average OFMAP SRAM BW: 11.144 words/cycle
Average IFMAP DRAM BW: 1.597 words/cycle
Average Filter DRAM BW: 0.973 words/cycle
Average OFMAP DRAM BW: 16.000 words/cycle

Running Layer 1145
Total cycles: 2309
Compute cycles: 1207
Stall cycles: 0
Overall utilization: 17.40%
Mapping efficiency: 25.00%
Average IFMAP SRAM BW: 2.784 words/cycle
Average Filter SRAM BW: 0.424 words/cycle
Average OFMAP SRAM BW: 11.135 words/cycle
Average IFMAP DRAM BW: 1.597 words/cycle
Average Filter DRAM BW: 1.947 words/cycle
Average OFMAP DRAM BW: 16.000 words/cycle

Running Layer 1146
Total cycles: 1285
Compute cycles: 603
Stall cycles: 0
Overall utilization: 34.83%
Mapping efficiency: 50.00%
Average IFMAP SRAM BW: 5.572 words/cycle
Average Filter SRAM BW: 0.849 words/cycle
Average OFMAP SRAM BW: 11.144 words/cycle
Average IFMAP DRAM BW: 3.194 words/cycle
Average Filter DRAM BW: 1.947 words/cycle
Average OFMAP DRAM BW: 16.000 words/cycle

Running Layer 1147
Total cycles: 2309
Compute cycles: 1207
Stall cycles: 0
Overall utilization: 34.80%
Mapping efficiency: 50.00%
Average IFMAP SRAM BW: 5.568 words/cycle
Average Filter SRAM BW: 0.848 words/cycle
Average OFMAP SRAM BW: 11.135 words/cycle
Average IFMAP DRAM BW: 3.194 words/cycle
Average Filter DRAM BW: 3.894 words/cycle
Average OFMAP DRAM BW: 16.000 words/cycle

Running Layer 1148
Total cycles: 1285
Compute cycles: 603
Stall cycles: 0
Overall utilization: 69.65%
Mapping efficiency: 100.00%
Average IFMAP SRAM BW: 11.144 words/cycle
Average Filter SRAM BW: 1.698 words/cycle
Average OFMAP SRAM BW: 11.144 words/cycle
Average IFMAP DRAM BW: 6.388 words/cycle
Average Filter DRAM BW: 3.894 words/cycle
Average OFMAP DRAM BW: 16.000 words/cycle

Running Layer 1149
Total cycles: 2309
Compute cycles: 1207
Stall cycles: 0
Overall utilization: 69.59%
Mapping efficiency: 100.00%
Average IFMAP SRAM BW: 11.135 words/cycle
Average Filter SRAM BW: 1.697 words/cycle
Average OFMAP SRAM BW: 11.135 words/cycle
Average IFMAP DRAM BW: 6.388 words/cycle
Average Filter DRAM BW: 7.787 words/cycle
Average OFMAP DRAM BW: 16.000 words/cycle

Running Layer 1150
Total cycles: 2571
Compute cycles: 1207
Stall cycles: 0
Overall utilization: 69.59%
Mapping efficiency: 100.00%
Average IFMAP SRAM BW: 11.135 words/cycle
Average Filter SRAM BW: 1.697 words/cycle
Average OFMAP SRAM BW: 11.135 words/cycle
Average IFMAP DRAM BW: 6.400 words/cycle
Average Filter DRAM BW: 7.787 words/cycle
Average OFMAP DRAM BW: 16.000 words/cycle

Running Layer 1151
Total cycles: 4619
Compute cycles: 2415
Stall cycles: 0
Overall utilization: 69.57%
Mapping efficiency: 100.00%
Average IFMAP SRAM BW: 11.130 words/cycle
Average Filter SRAM BW: 1.696 words/cycle
Average OFMAP SRAM BW: 11.130 words/cycle
Average IFMAP DRAM BW: 6.400 words/cycle
Average Filter DRAM BW: 7.802 words/cycle
Average OFMAP DRAM BW: 16.000 words/cycle

Running Layer 1152
Total cycles: 4881
Compute cycles: 2415
Stall cycles: 0
Overall utilization: 69.57%
Mapping efficiency: 100.00%
Average IFMAP SRAM BW: 11.130 words/cycle
Average Filter SRAM BW: 1.696 words/cycle
Average OFMAP SRAM BW: 11.130 words/cycle
Average IFMAP DRAM BW: 8.539 words/cycle
Average Filter DRAM BW: 7.802 words/cycle
Average OFMAP DRAM BW: 16.000 words/cycle

Running Layer 1153
Total cycles: 9239
Compute cycles: 4831
Stall cycles: 0
Overall utilization: 69.55%
Mapping efficiency: 100.00%
Average IFMAP SRAM BW: 11.128 words/cycle
Average Filter SRAM BW: 1.696 words/cycle
Average OFMAP SRAM BW: 11.128 words/cycle
Average IFMAP DRAM BW: 8.539 words/cycle
Average Filter DRAM BW: 7.809 words/cycle
Average OFMAP DRAM BW: 16.000 words/cycle

Running Layer 1154
Total cycles: 18217
Compute cycles: 9663
Stall cycles: 0
Overall utilization: 69.54%
Mapping efficiency: 100.00%
Average IFMAP SRAM BW: 11.127 words/cycle
Average Filter SRAM BW: 1.696 words/cycle
Average OFMAP SRAM BW: 11.127 words/cycle
Average IFMAP DRAM BW: 8.544 words/cycle
Average Filter DRAM BW: 8.929 words/cycle
Average OFMAP DRAM BW: 16.000 words/cycle

Running Layer 1155
Total cycles: 1293
Compute cycles: 607
Stall cycles: 0
Overall utilization: 17.46%
Mapping efficiency: 25.00%
Average IFMAP SRAM BW: 2.794 words/cycle
Average Filter SRAM BW: 0.422 words/cycle
Average OFMAP SRAM BW: 11.176 words/cycle
Average IFMAP DRAM BW: 1.612 words/cycle
Average Filter DRAM BW: 0.973 words/cycle
Average OFMAP DRAM BW: 16.000 words/cycle

Running Layer 1156
Total cycles: 2325
Compute cycles: 1215
Stall cycles: 0
Overall utilization: 17.45%
Mapping efficiency: 25.00%
Average IFMAP SRAM BW: 2.792 words/cycle
Average Filter SRAM BW: 0.421 words/cycle
Average OFMAP SRAM BW: 11.167 words/cycle
Average IFMAP DRAM BW: 1.612 words/cycle
Average Filter DRAM BW: 1.947 words/cycle
Average OFMAP DRAM BW: 16.000 words/cycle

Running Layer 1157
Total cycles: 1293
Compute cycles: 607
Stall cycles: 0
Overall utilization: 34.93%
Mapping efficiency: 50.00%
Average IFMAP SRAM BW: 5.588 words/cycle
Average Filter SRAM BW: 0.843 words/cycle
Average OFMAP SRAM BW: 11.176 words/cycle
Average IFMAP DRAM BW: 3.224 words/cycle
Average Filter DRAM BW: 1.947 words/cycle
Average OFMAP DRAM BW: 16.000 words/cycle

Running Layer 1158
Total cycles: 2325
Compute cycles: 1215
Stall cycles: 0
Overall utilization: 34.90%
Mapping efficiency: 50.00%
Average IFMAP SRAM BW: 5.584 words/cycle
Average Filter SRAM BW: 0.843 words/cycle
Average OFMAP SRAM BW: 11.167 words/cycle
Average IFMAP DRAM BW: 3.224 words/cycle
Average Filter DRAM BW: 3.894 words/cycle
Average OFMAP DRAM BW: 16.000 words/cycle

Running Layer 1159
Total cycles: 1293
Compute cycles: 607
Stall cycles: 0
Overall utilization: 69.85%
Mapping efficiency: 100.00%
Average IFMAP SRAM BW: 11.176 words/cycle
Average Filter SRAM BW: 1.687 words/cycle
Average OFMAP SRAM BW: 11.176 words/cycle
Average IFMAP DRAM BW: 6.449 words/cycle
Average Filter DRAM BW: 3.894 words/cycle
Average OFMAP DRAM BW: 16.000 words/cycle

Running Layer 1160
Total cycles: 2325
Compute cycles: 1215
Stall cycles: 0
Overall utilization: 69.79%
Mapping efficiency: 100.00%
Average IFMAP SRAM BW: 11.167 words/cycle
Average Filter SRAM BW: 1.686 words/cycle
Average OFMAP SRAM BW: 11.167 words/cycle
Average IFMAP DRAM BW: 6.449 words/cycle
Average Filter DRAM BW: 7.787 words/cycle
Average OFMAP DRAM BW: 16.000 words/cycle

Running Layer 1161
Total cycles: 2587
Compute cycles: 1215
Stall cycles: 0
Overall utilization: 69.79%
Mapping efficiency: 100.00%
Average IFMAP SRAM BW: 11.167 words/cycle
Average Filter SRAM BW: 1.686 words/cycle
Average OFMAP SRAM BW: 11.167 words/cycle
Average IFMAP DRAM BW: 6.461 words/cycle
Average Filter DRAM BW: 7.787 words/cycle
Average OFMAP DRAM BW: 16.000 words/cycle

Running Layer 1162
Total cycles: 4651
Compute cycles: 2431
Stall cycles: 0
Overall utilization: 69.77%
Mapping efficiency: 100.00%
Average IFMAP SRAM BW: 11.162 words/cycle
Average Filter SRAM BW: 1.685 words/cycle
Average OFMAP SRAM BW: 11.162 words/cycle
Average IFMAP DRAM BW: 6.461 words/cycle
Average Filter DRAM BW: 7.802 words/cycle
Average OFMAP DRAM BW: 16.000 words/cycle

Running Layer 1163
Total cycles: 4913
Compute cycles: 2431
Stall cycles: 0
Overall utilization: 69.77%
Mapping efficiency: 100.00%
Average IFMAP SRAM BW: 11.162 words/cycle
Average Filter SRAM BW: 1.685 words/cycle
Average OFMAP SRAM BW: 11.162 words/cycle
Average IFMAP DRAM BW: 8.620 words/cycle
Average Filter DRAM BW: 7.802 words/cycle
Average OFMAP DRAM BW: 16.000 words/cycle

Running Layer 1164
Total cycles: 9303
Compute cycles: 4863
Stall cycles: 0
Overall utilization: 69.75%
Mapping efficiency: 100.00%
Average IFMAP SRAM BW: 11.160 words/cycle
Average Filter SRAM BW: 1.685 words/cycle
Average OFMAP SRAM BW: 11.160 words/cycle
Average IFMAP DRAM BW: 8.620 words/cycle
Average Filter DRAM BW: 7.809 words/cycle
Average OFMAP DRAM BW: 16.000 words/cycle

Running Layer 1165
Total cycles: 18345
Compute cycles: 9727
Stall cycles: 0
Overall utilization: 69.74%
Mapping efficiency: 100.00%
Average IFMAP SRAM BW: 11.159 words/cycle
Average Filter SRAM BW: 1.684 words/cycle
Average OFMAP SRAM BW: 11.159 words/cycle
Average IFMAP DRAM BW: 8.626 words/cycle
Average Filter DRAM BW: 8.929 words/cycle
Average OFMAP DRAM BW: 16.000 words/cycle

Running Layer 1166
Total cycles: 1301
Compute cycles: 611
Stall cycles: 0
Overall utilization: 17.51%
Mapping efficiency: 25.00%
Average IFMAP SRAM BW: 2.802 words/cycle
Average Filter SRAM BW: 0.419 words/cycle
Average OFMAP SRAM BW: 11.208 words/cycle
Average IFMAP DRAM BW: 1.627 words/cycle
Average Filter DRAM BW: 0.973 words/cycle
Average OFMAP DRAM BW: 16.000 words/cycle

Running Layer 1167
Total cycles: 2341
Compute cycles: 1223
Stall cycles: 0
Overall utilization: 17.50%
Mapping efficiency: 25.00%
Average IFMAP SRAM BW: 2.800 words/cycle
Average Filter SRAM BW: 0.419 words/cycle
Average OFMAP SRAM BW: 11.199 words/cycle
Average IFMAP DRAM BW: 1.627 words/cycle
Average Filter DRAM BW: 1.947 words/cycle
Average OFMAP DRAM BW: 16.000 words/cycle

Running Layer 1168
Total cycles: 1301
Compute cycles: 611
Stall cycles: 0
Overall utilization: 35.02%
Mapping efficiency: 50.00%
Average IFMAP SRAM BW: 5.604 words/cycle
Average Filter SRAM BW: 0.838 words/cycle
Average OFMAP SRAM BW: 11.208 words/cycle
Average IFMAP DRAM BW: 3.255 words/cycle
Average Filter DRAM BW: 1.947 words/cycle
Average OFMAP DRAM BW: 16.000 words/cycle

Running Layer 1169
Total cycles: 2341
Compute cycles: 1223
Stall cycles: 0
Overall utilization: 35.00%
Mapping efficiency: 50.00%
Average IFMAP SRAM BW: 5.599 words/cycle
Average Filter SRAM BW: 0.837 words/cycle
Average OFMAP SRAM BW: 11.199 words/cycle
Average IFMAP DRAM BW: 3.255 words/cycle
Average Filter DRAM BW: 3.894 words/cycle
Average OFMAP DRAM BW: 16.000 words/cycle

Running Layer 1170
Total cycles: 1301
Compute cycles: 611
Stall cycles: 0
Overall utilization: 70.05%
Mapping efficiency: 100.00%
Average IFMAP SRAM BW: 11.208 words/cycle
Average Filter SRAM BW: 1.676 words/cycle
Average OFMAP SRAM BW: 11.208 words/cycle
Average IFMAP DRAM BW: 6.510 words/cycle
Average Filter DRAM BW: 3.894 words/cycle
Average OFMAP DRAM BW: 16.000 words/cycle

Running Layer 1171
Total cycles: 2341
Compute cycles: 1223
Stall cycles: 0
Overall utilization: 69.99%
Mapping efficiency: 100.00%
Average IFMAP SRAM BW: 11.199 words/cycle
Average Filter SRAM BW: 1.675 words/cycle
Average OFMAP SRAM BW: 11.199 words/cycle
Average IFMAP DRAM BW: 6.510 words/cycle
Average Filter DRAM BW: 7.787 words/cycle
Average OFMAP DRAM BW: 16.000 words/cycle

Running Layer 1172
Total cycles: 2603
Compute cycles: 1223
Stall cycles: 0
Overall utilization: 69.99%
Mapping efficiency: 100.00%
Average IFMAP SRAM BW: 11.199 words/cycle
Average Filter SRAM BW: 1.675 words/cycle
Average OFMAP SRAM BW: 11.199 words/cycle
Average IFMAP DRAM BW: 6.522 words/cycle
Average Filter DRAM BW: 7.787 words/cycle
Average OFMAP DRAM BW: 16.000 words/cycle

Running Layer 1173
Total cycles: 4683
Compute cycles: 2447
Stall cycles: 0
Overall utilization: 69.96%
Mapping efficiency: 100.00%
Average IFMAP SRAM BW: 11.194 words/cycle
Average Filter SRAM BW: 1.674 words/cycle
Average OFMAP SRAM BW: 11.194 words/cycle
Average IFMAP DRAM BW: 6.522 words/cycle
Average Filter DRAM BW: 7.802 words/cycle
Average OFMAP DRAM BW: 16.000 words/cycle

Running Layer 1174
Total cycles: 4945
Compute cycles: 2447
Stall cycles: 0
Overall utilization: 69.96%
Mapping efficiency: 100.00%
Average IFMAP SRAM BW: 11.194 words/cycle
Average Filter SRAM BW: 1.674 words/cycle
Average OFMAP SRAM BW: 11.194 words/cycle
Average IFMAP DRAM BW: 8.701 words/cycle
Average Filter DRAM BW: 7.802 words/cycle
Average OFMAP DRAM BW: 16.000 words/cycle

Running Layer 1175
Total cycles: 9367
Compute cycles: 4895
Stall cycles: 0
Overall utilization: 69.95%
Mapping efficiency: 100.00%
Average IFMAP SRAM BW: 11.192 words/cycle
Average Filter SRAM BW: 1.674 words/cycle
Average OFMAP SRAM BW: 11.192 words/cycle
Average IFMAP DRAM BW: 8.701 words/cycle
Average Filter DRAM BW: 7.809 words/cycle
Average OFMAP DRAM BW: 16.000 words/cycle

Running Layer 1176
Total cycles: 18473
Compute cycles: 9791
Stall cycles: 0
Overall utilization: 69.94%
Mapping efficiency: 100.00%
Average IFMAP SRAM BW: 11.191 words/cycle
Average Filter SRAM BW: 1.673 words/cycle
Average OFMAP SRAM BW: 11.191 words/cycle
Average IFMAP DRAM BW: 8.707 words/cycle
Average Filter DRAM BW: 8.929 words/cycle
Average OFMAP DRAM BW: 16.000 words/cycle

Running Layer 1177
Total cycles: 1309
Compute cycles: 615
Stall cycles: 0
Overall utilization: 17.56%
Mapping efficiency: 25.00%
Average IFMAP SRAM BW: 2.810 words/cycle
Average Filter SRAM BW: 0.416 words/cycle
Average OFMAP SRAM BW: 11.239 words/cycle
Average IFMAP DRAM BW: 1.643 words/cycle
Average Filter DRAM BW: 0.973 words/cycle
Average OFMAP DRAM BW: 16.000 words/cycle

Running Layer 1178
Total cycles: 2357
Compute cycles: 1231
Stall cycles: 0
Overall utilization: 17.55%
Mapping efficiency: 25.00%
Average IFMAP SRAM BW: 2.807 words/cycle
Average Filter SRAM BW: 0.416 words/cycle
Average OFMAP SRAM BW: 11.230 words/cycle
Average IFMAP DRAM BW: 1.643 words/cycle
Average Filter DRAM BW: 1.947 words/cycle
Average OFMAP DRAM BW: 16.000 words/cycle

Running Layer 1179
Total cycles: 1309
Compute cycles: 615
Stall cycles: 0
Overall utilization: 35.12%
Mapping efficiency: 50.00%
Average IFMAP SRAM BW: 5.620 words/cycle
Average Filter SRAM BW: 0.833 words/cycle
Average OFMAP SRAM BW: 11.239 words/cycle
Average IFMAP DRAM BW: 3.285 words/cycle
Average Filter DRAM BW: 1.947 words/cycle
Average OFMAP DRAM BW: 16.000 words/cycle

Running Layer 1180
Total cycles: 2357
Compute cycles: 1231
Stall cycles: 0
Overall utilization: 35.09%
Mapping efficiency: 50.00%
Average IFMAP SRAM BW: 5.615 words/cycle
Average Filter SRAM BW: 0.832 words/cycle
Average OFMAP SRAM BW: 11.230 words/cycle
Average IFMAP DRAM BW: 3.285 words/cycle
Average Filter DRAM BW: 3.894 words/cycle
Average OFMAP DRAM BW: 16.000 words/cycle

Running Layer 1181
Total cycles: 1309
Compute cycles: 615
Stall cycles: 0
Overall utilization: 70.24%
Mapping efficiency: 100.00%
Average IFMAP SRAM BW: 11.239 words/cycle
Average Filter SRAM BW: 1.665 words/cycle
Average OFMAP SRAM BW: 11.239 words/cycle
Average IFMAP DRAM BW: 6.570 words/cycle
Average Filter DRAM BW: 3.894 words/cycle
Average OFMAP DRAM BW: 16.000 words/cycle

Running Layer 1182
Total cycles: 2357
Compute cycles: 1231
Stall cycles: 0
Overall utilization: 70.19%
Mapping efficiency: 100.00%
Average IFMAP SRAM BW: 11.230 words/cycle
Average Filter SRAM BW: 1.664 words/cycle
Average OFMAP SRAM BW: 11.230 words/cycle
Average IFMAP DRAM BW: 6.570 words/cycle
Average Filter DRAM BW: 7.787 words/cycle
Average OFMAP DRAM BW: 16.000 words/cycle

Running Layer 1183
Total cycles: 2619
Compute cycles: 1231
Stall cycles: 0
Overall utilization: 70.19%
Mapping efficiency: 100.00%
Average IFMAP SRAM BW: 11.230 words/cycle
Average Filter SRAM BW: 1.664 words/cycle
Average OFMAP SRAM BW: 11.230 words/cycle
Average IFMAP DRAM BW: 6.583 words/cycle
Average Filter DRAM BW: 7.787 words/cycle
Average OFMAP DRAM BW: 16.000 words/cycle

Running Layer 1184
Total cycles: 4715
Compute cycles: 2463
Stall cycles: 0
Overall utilization: 70.16%
Mapping efficiency: 100.00%
Average IFMAP SRAM BW: 11.225 words/cycle
Average Filter SRAM BW: 1.663 words/cycle
Average OFMAP SRAM BW: 11.225 words/cycle
Average IFMAP DRAM BW: 6.583 words/cycle
Average Filter DRAM BW: 7.802 words/cycle
Average OFMAP DRAM BW: 16.000 words/cycle

Running Layer 1185
Total cycles: 4977
Compute cycles: 2463
Stall cycles: 0
Overall utilization: 70.16%
Mapping efficiency: 100.00%
Average IFMAP SRAM BW: 11.225 words/cycle
Average Filter SRAM BW: 1.663 words/cycle
Average OFMAP SRAM BW: 11.225 words/cycle
Average IFMAP DRAM BW: 8.783 words/cycle
Average Filter DRAM BW: 7.802 words/cycle
Average OFMAP DRAM BW: 16.000 words/cycle

Running Layer 1186
Total cycles: 9431
Compute cycles: 4927
Stall cycles: 0
Overall utilization: 70.14%
Mapping efficiency: 100.00%
Average IFMAP SRAM BW: 11.223 words/cycle
Average Filter SRAM BW: 1.663 words/cycle
Average OFMAP SRAM BW: 11.223 words/cycle
Average IFMAP DRAM BW: 8.783 words/cycle
Average Filter DRAM BW: 7.809 words/cycle
Average OFMAP DRAM BW: 16.000 words/cycle

Running Layer 1187
Total cycles: 18601
Compute cycles: 9855
Stall cycles: 0
Overall utilization: 70.14%
Mapping efficiency: 100.00%
Average IFMAP SRAM BW: 11.222 words/cycle
Average Filter SRAM BW: 1.663 words/cycle
Average OFMAP SRAM BW: 11.222 words/cycle
Average IFMAP DRAM BW: 8.788 words/cycle
Average Filter DRAM BW: 8.929 words/cycle
Average OFMAP DRAM BW: 16.000 words/cycle

Running Layer 1188
Total cycles: 1317
Compute cycles: 619
Stall cycles: 0
Overall utilization: 17.61%
Mapping efficiency: 25.00%
Average IFMAP SRAM BW: 2.817 words/cycle
Average Filter SRAM BW: 0.414 words/cycle
Average OFMAP SRAM BW: 11.270 words/cycle
Average IFMAP DRAM BW: 1.658 words/cycle
Average Filter DRAM BW: 0.973 words/cycle
Average OFMAP DRAM BW: 16.000 words/cycle

Running Layer 1189
Total cycles: 2373
Compute cycles: 1239
Stall cycles: 0
Overall utilization: 17.59%
Mapping efficiency: 25.00%
Average IFMAP SRAM BW: 2.815 words/cycle
Average Filter SRAM BW: 0.413 words/cycle
Average OFMAP SRAM BW: 11.261 words/cycle
Average IFMAP DRAM BW: 1.658 words/cycle
Average Filter DRAM BW: 1.947 words/cycle
Average OFMAP DRAM BW: 16.000 words/cycle

Running Layer 1190
Total cycles: 1317
Compute cycles: 619
Stall cycles: 0
Overall utilization: 35.22%
Mapping efficiency: 50.00%
Average IFMAP SRAM BW: 5.635 words/cycle
Average Filter SRAM BW: 0.827 words/cycle
Average OFMAP SRAM BW: 11.270 words/cycle
Average IFMAP DRAM BW: 3.316 words/cycle
Average Filter DRAM BW: 1.947 words/cycle
Average OFMAP DRAM BW: 16.000 words/cycle

Running Layer 1191
Total cycles: 2373
Compute cycles: 1239
Stall cycles: 0
Overall utilization: 35.19%
Mapping efficiency: 50.00%
Average IFMAP SRAM BW: 5.630 words/cycle
Average Filter SRAM BW: 0.826 words/cycle
Average OFMAP SRAM BW: 11.261 words/cycle
Average IFMAP DRAM BW: 3.316 words/cycle
Average Filter DRAM BW: 3.894 words/cycle
Average OFMAP DRAM BW: 16.000 words/cycle

Running Layer 1192
Total cycles: 1317
Compute cycles: 619
Stall cycles: 0
Overall utilization: 70.44%
Mapping efficiency: 100.00%
Average IFMAP SRAM BW: 11.270 words/cycle
Average Filter SRAM BW: 1.654 words/cycle
Average OFMAP SRAM BW: 11.270 words/cycle
Average IFMAP DRAM BW: 6.631 words/cycle
Average Filter DRAM BW: 3.894 words/cycle
Average OFMAP DRAM BW: 16.000 words/cycle

Running Layer 1193
Total cycles: 2373
Compute cycles: 1239
Stall cycles: 0
Overall utilization: 70.38%
Mapping efficiency: 100.00%
Average IFMAP SRAM BW: 11.261 words/cycle
Average Filter SRAM BW: 1.653 words/cycle
Average OFMAP SRAM BW: 11.261 words/cycle
Average IFMAP DRAM BW: 6.631 words/cycle
Average Filter DRAM BW: 7.787 words/cycle
Average OFMAP DRAM BW: 16.000 words/cycle

Running Layer 1194
Total cycles: 2635
Compute cycles: 1239
Stall cycles: 0
Overall utilization: 70.38%
Mapping efficiency: 100.00%
Average IFMAP SRAM BW: 11.261 words/cycle
Average Filter SRAM BW: 1.653 words/cycle
Average OFMAP SRAM BW: 11.261 words/cycle
Average IFMAP DRAM BW: 6.644 words/cycle
Average Filter DRAM BW: 7.787 words/cycle
Average OFMAP DRAM BW: 16.000 words/cycle

Running Layer 1195
Total cycles: 4747
Compute cycles: 2479
Stall cycles: 0
Overall utilization: 70.35%
Mapping efficiency: 100.00%
Average IFMAP SRAM BW: 11.256 words/cycle
Average Filter SRAM BW: 1.652 words/cycle
Average OFMAP SRAM BW: 11.256 words/cycle
Average IFMAP DRAM BW: 6.644 words/cycle
Average Filter DRAM BW: 7.802 words/cycle
Average OFMAP DRAM BW: 16.000 words/cycle

Running Layer 1196
Total cycles: 5009
Compute cycles: 2479
Stall cycles: 0
Overall utilization: 70.35%
Mapping efficiency: 100.00%
Average IFMAP SRAM BW: 11.256 words/cycle
Average Filter SRAM BW: 1.652 words/cycle
Average OFMAP SRAM BW: 11.256 words/cycle
Average IFMAP DRAM BW: 8.864 words/cycle
Average Filter DRAM BW: 7.802 words/cycle
Average OFMAP DRAM BW: 16.000 words/cycle

Running Layer 1197
Total cycles: 9495
Compute cycles: 4959
Stall cycles: 0
Overall utilization: 70.34%
Mapping efficiency: 100.00%
Average IFMAP SRAM BW: 11.254 words/cycle
Average Filter SRAM BW: 1.652 words/cycle
Average OFMAP SRAM BW: 11.254 words/cycle
Average IFMAP DRAM BW: 8.864 words/cycle
Average Filter DRAM BW: 7.809 words/cycle
Average OFMAP DRAM BW: 16.000 words/cycle

Running Layer 1198
Total cycles: 18729
Compute cycles: 9919
Stall cycles: 0
Overall utilization: 70.33%
Mapping efficiency: 100.00%
Average IFMAP SRAM BW: 11.253 words/cycle
Average Filter SRAM BW: 1.652 words/cycle
Average OFMAP SRAM BW: 11.253 words/cycle
Average IFMAP DRAM BW: 8.870 words/cycle
Average Filter DRAM BW: 8.929 words/cycle
Average OFMAP DRAM BW: 16.000 words/cycle

Running Layer 1199
Total cycles: 1325
Compute cycles: 623
Stall cycles: 0
Overall utilization: 17.66%
Mapping efficiency: 25.00%
Average IFMAP SRAM BW: 2.825 words/cycle
Average Filter SRAM BW: 0.411 words/cycle
Average OFMAP SRAM BW: 11.300 words/cycle
Average IFMAP DRAM BW: 1.673 words/cycle
Average Filter DRAM BW: 0.973 words/cycle
Average OFMAP DRAM BW: 16.000 words/cycle

Running Layer 1200
Total cycles: 2389
Compute cycles: 1247
Stall cycles: 0
Overall utilization: 17.64%
Mapping efficiency: 25.00%
Average IFMAP SRAM BW: 2.823 words/cycle
Average Filter SRAM BW: 0.411 words/cycle
Average OFMAP SRAM BW: 11.291 words/cycle
Average IFMAP DRAM BW: 1.673 words/cycle
Average Filter DRAM BW: 1.947 words/cycle
Average OFMAP DRAM BW: 16.000 words/cycle

Running Layer 1201
Total cycles: 1325
Compute cycles: 623
Stall cycles: 0
Overall utilization: 35.31%
Mapping efficiency: 50.00%
Average IFMAP SRAM BW: 5.650 words/cycle
Average Filter SRAM BW: 0.822 words/cycle
Average OFMAP SRAM BW: 11.300 words/cycle
Average IFMAP DRAM BW: 3.346 words/cycle
Average Filter DRAM BW: 1.947 words/cycle
Average OFMAP DRAM BW: 16.000 words/cycle

Running Layer 1202
Total cycles: 2389
Compute cycles: 1247
Stall cycles: 0
Overall utilization: 35.28%
Mapping efficiency: 50.00%
Average IFMAP SRAM BW: 5.646 words/cycle
Average Filter SRAM BW: 0.821 words/cycle
Average OFMAP SRAM BW: 11.291 words/cycle
Average IFMAP DRAM BW: 3.346 words/cycle
Average Filter DRAM BW: 3.894 words/cycle
Average OFMAP DRAM BW: 16.000 words/cycle

Running Layer 1203
Total cycles: 1325
Compute cycles: 623
Stall cycles: 0
Overall utilization: 70.63%
Mapping efficiency: 100.00%
Average IFMAP SRAM BW: 11.300 words/cycle
Average Filter SRAM BW: 1.644 words/cycle
Average OFMAP SRAM BW: 11.300 words/cycle
Average IFMAP DRAM BW: 6.692 words/cycle
Average Filter DRAM BW: 3.894 words/cycle
Average OFMAP DRAM BW: 16.000 words/cycle

Running Layer 1204
Total cycles: 2389
Compute cycles: 1247
Stall cycles: 0
Overall utilization: 70.57%
Mapping efficiency: 100.00%
Average IFMAP SRAM BW: 11.291 words/cycle
Average Filter SRAM BW: 1.642 words/cycle
Average OFMAP SRAM BW: 11.291 words/cycle
Average IFMAP DRAM BW: 6.692 words/cycle
Average Filter DRAM BW: 7.787 words/cycle
Average OFMAP DRAM BW: 16.000 words/cycle

Running Layer 1205
Total cycles: 2651
Compute cycles: 1247
Stall cycles: 0
Overall utilization: 70.57%
Mapping efficiency: 100.00%
Average IFMAP SRAM BW: 11.291 words/cycle
Average Filter SRAM BW: 1.642 words/cycle
Average OFMAP SRAM BW: 11.291 words/cycle
Average IFMAP DRAM BW: 6.705 words/cycle
Average Filter DRAM BW: 7.787 words/cycle
Average OFMAP DRAM BW: 16.000 words/cycle

Running Layer 1206
Total cycles: 4779
Compute cycles: 2495
Stall cycles: 0
Overall utilization: 70.54%
Mapping efficiency: 100.00%
Average IFMAP SRAM BW: 11.287 words/cycle
Average Filter SRAM BW: 1.642 words/cycle
Average OFMAP SRAM BW: 11.287 words/cycle
Average IFMAP DRAM BW: 6.705 words/cycle
Average Filter DRAM BW: 7.802 words/cycle
Average OFMAP DRAM BW: 16.000 words/cycle

Running Layer 1207
Total cycles: 5041
Compute cycles: 2495
Stall cycles: 0
Overall utilization: 70.54%
Mapping efficiency: 100.00%
Average IFMAP SRAM BW: 11.287 words/cycle
Average Filter SRAM BW: 1.642 words/cycle
Average OFMAP SRAM BW: 11.287 words/cycle
Average IFMAP DRAM BW: 8.945 words/cycle
Average Filter DRAM BW: 7.802 words/cycle
Average OFMAP DRAM BW: 16.000 words/cycle

Running Layer 1208
Total cycles: 9559
Compute cycles: 4991
Stall cycles: 0
Overall utilization: 70.53%
Mapping efficiency: 100.00%
Average IFMAP SRAM BW: 11.284 words/cycle
Average Filter SRAM BW: 1.641 words/cycle
Average OFMAP SRAM BW: 11.284 words/cycle
Average IFMAP DRAM BW: 8.945 words/cycle
Average Filter DRAM BW: 7.809 words/cycle
Average OFMAP DRAM BW: 16.000 words/cycle

Running Layer 1209
Total cycles: 18857
Compute cycles: 9983
Stall cycles: 0
Overall utilization: 70.52%
Mapping efficiency: 100.00%
Average IFMAP SRAM BW: 11.283 words/cycle
Average Filter SRAM BW: 1.641 words/cycle
Average OFMAP SRAM BW: 11.283 words/cycle
Average IFMAP DRAM BW: 8.951 words/cycle
Average Filter DRAM BW: 8.929 words/cycle
Average OFMAP DRAM BW: 16.000 words/cycle

Running Layer 1210
Total cycles: 1333
Compute cycles: 627
Stall cycles: 0
Overall utilization: 17.70%
Mapping efficiency: 25.00%
Average IFMAP SRAM BW: 2.833 words/cycle
Average Filter SRAM BW: 0.408 words/cycle
Average OFMAP SRAM BW: 11.330 words/cycle
Average IFMAP DRAM BW: 1.688 words/cycle
Average Filter DRAM BW: 0.973 words/cycle
Average OFMAP DRAM BW: 16.000 words/cycle

Running Layer 1211
Total cycles: 2405
Compute cycles: 1255
Stall cycles: 0
Overall utilization: 17.69%
Mapping efficiency: 25.00%
Average IFMAP SRAM BW: 2.830 words/cycle
Average Filter SRAM BW: 0.408 words/cycle
Average OFMAP SRAM BW: 11.321 words/cycle
Average IFMAP DRAM BW: 1.688 words/cycle
Average Filter DRAM BW: 1.947 words/cycle
Average OFMAP DRAM BW: 16.000 words/cycle

Running Layer 1212
Total cycles: 1333
Compute cycles: 627
Stall cycles: 0
Overall utilization: 35.41%
Mapping efficiency: 50.00%
Average IFMAP SRAM BW: 5.665 words/cycle
Average Filter SRAM BW: 0.817 words/cycle
Average OFMAP SRAM BW: 11.330 words/cycle
Average IFMAP DRAM BW: 3.376 words/cycle
Average Filter DRAM BW: 1.947 words/cycle
Average OFMAP DRAM BW: 16.000 words/cycle

Running Layer 1213
Total cycles: 2405
Compute cycles: 1255
Stall cycles: 0
Overall utilization: 35.38%
Mapping efficiency: 50.00%
Average IFMAP SRAM BW: 5.661 words/cycle
Average Filter SRAM BW: 0.816 words/cycle
Average OFMAP SRAM BW: 11.321 words/cycle
Average IFMAP DRAM BW: 3.376 words/cycle
Average Filter DRAM BW: 3.894 words/cycle
Average OFMAP DRAM BW: 16.000 words/cycle

Running Layer 1214
Total cycles: 1333
Compute cycles: 627
Stall cycles: 0
Overall utilization: 70.81%
Mapping efficiency: 100.00%
Average IFMAP SRAM BW: 11.330 words/cycle
Average Filter SRAM BW: 1.633 words/cycle
Average OFMAP SRAM BW: 11.330 words/cycle
Average IFMAP DRAM BW: 6.753 words/cycle
Average Filter DRAM BW: 3.894 words/cycle
Average OFMAP DRAM BW: 16.000 words/cycle

Running Layer 1215
Total cycles: 2405
Compute cycles: 1255
Stall cycles: 0
Overall utilization: 70.76%
Mapping efficiency: 100.00%
Average IFMAP SRAM BW: 11.321 words/cycle
Average Filter SRAM BW: 1.632 words/cycle
Average OFMAP SRAM BW: 11.321 words/cycle
Average IFMAP DRAM BW: 6.753 words/cycle
Average Filter DRAM BW: 7.787 words/cycle
Average OFMAP DRAM BW: 16.000 words/cycle

Running Layer 1216
Total cycles: 2667
Compute cycles: 1255
Stall cycles: 0
Overall utilization: 70.76%
Mapping efficiency: 100.00%
Average IFMAP SRAM BW: 11.321 words/cycle
Average Filter SRAM BW: 1.632 words/cycle
Average OFMAP SRAM BW: 11.321 words/cycle
Average IFMAP DRAM BW: 6.766 words/cycle
Average Filter DRAM BW: 7.787 words/cycle
Average OFMAP DRAM BW: 16.000 words/cycle

Running Layer 1217
Total cycles: 4811
Compute cycles: 2511
Stall cycles: 0
Overall utilization: 70.73%
Mapping efficiency: 100.00%
Average IFMAP SRAM BW: 11.317 words/cycle
Average Filter SRAM BW: 1.631 words/cycle
Average OFMAP SRAM BW: 11.317 words/cycle
Average IFMAP DRAM BW: 6.766 words/cycle
Average Filter DRAM BW: 7.802 words/cycle
Average OFMAP DRAM BW: 16.000 words/cycle

Running Layer 1218
Total cycles: 5073
Compute cycles: 2511
Stall cycles: 0
Overall utilization: 70.73%
Mapping efficiency: 100.00%
Average IFMAP SRAM BW: 11.317 words/cycle
Average Filter SRAM BW: 1.631 words/cycle
Average OFMAP SRAM BW: 11.317 words/cycle
Average IFMAP DRAM BW: 9.027 words/cycle
Average Filter DRAM BW: 7.802 words/cycle
Average OFMAP DRAM BW: 16.000 words/cycle

Running Layer 1219
Total cycles: 9623
Compute cycles: 5023
Stall cycles: 0
Overall utilization: 70.71%
Mapping efficiency: 100.00%
Average IFMAP SRAM BW: 11.314 words/cycle
Average Filter SRAM BW: 1.631 words/cycle
Average OFMAP SRAM BW: 11.314 words/cycle
Average IFMAP DRAM BW: 9.027 words/cycle
Average Filter DRAM BW: 7.809 words/cycle
Average OFMAP DRAM BW: 16.000 words/cycle

Running Layer 1220
Total cycles: 18985
Compute cycles: 10047
Stall cycles: 0
Overall utilization: 70.71%
Mapping efficiency: 100.00%
Average IFMAP SRAM BW: 11.313 words/cycle
Average Filter SRAM BW: 1.631 words/cycle
Average OFMAP SRAM BW: 11.313 words/cycle
Average IFMAP DRAM BW: 9.032 words/cycle
Average Filter DRAM BW: 8.929 words/cycle
Average OFMAP DRAM BW: 16.000 words/cycle

Running Layer 1221
Total cycles: 1341
Compute cycles: 631
Stall cycles: 0
Overall utilization: 17.75%
Mapping efficiency: 25.00%
Average IFMAP SRAM BW: 2.840 words/cycle
Average Filter SRAM BW: 0.406 words/cycle
Average OFMAP SRAM BW: 11.360 words/cycle
Average IFMAP DRAM BW: 1.703 words/cycle
Average Filter DRAM BW: 0.973 words/cycle
Average OFMAP DRAM BW: 16.000 words/cycle

Running Layer 1222
Total cycles: 2421
Compute cycles: 1263
Stall cycles: 0
Overall utilization: 17.74%
Mapping efficiency: 25.00%
Average IFMAP SRAM BW: 2.838 words/cycle
Average Filter SRAM BW: 0.405 words/cycle
Average OFMAP SRAM BW: 11.351 words/cycle
Average IFMAP DRAM BW: 1.703 words/cycle
Average Filter DRAM BW: 1.947 words/cycle
Average OFMAP DRAM BW: 16.000 words/cycle

Running Layer 1223
Total cycles: 1341
Compute cycles: 631
Stall cycles: 0
Overall utilization: 35.50%
Mapping efficiency: 50.00%
Average IFMAP SRAM BW: 5.680 words/cycle
Average Filter SRAM BW: 0.811 words/cycle
Average OFMAP SRAM BW: 11.360 words/cycle
Average IFMAP DRAM BW: 3.407 words/cycle
Average Filter DRAM BW: 1.947 words/cycle
Average OFMAP DRAM BW: 16.000 words/cycle

Running Layer 1224
Total cycles: 2421
Compute cycles: 1263
Stall cycles: 0
Overall utilization: 35.47%
Mapping efficiency: 50.00%
Average IFMAP SRAM BW: 5.675 words/cycle
Average Filter SRAM BW: 0.811 words/cycle
Average OFMAP SRAM BW: 11.351 words/cycle
Average IFMAP DRAM BW: 3.407 words/cycle
Average Filter DRAM BW: 3.894 words/cycle
Average OFMAP DRAM BW: 16.000 words/cycle

Running Layer 1225
Total cycles: 1341
Compute cycles: 631
Stall cycles: 0
Overall utilization: 71.00%
Mapping efficiency: 100.00%
Average IFMAP SRAM BW: 11.360 words/cycle
Average Filter SRAM BW: 1.623 words/cycle
Average OFMAP SRAM BW: 11.360 words/cycle
Average IFMAP DRAM BW: 6.814 words/cycle
Average Filter DRAM BW: 3.894 words/cycle
Average OFMAP DRAM BW: 16.000 words/cycle

Running Layer 1226
Total cycles: 2421
Compute cycles: 1263
Stall cycles: 0
Overall utilization: 70.94%
Mapping efficiency: 100.00%
Average IFMAP SRAM BW: 11.351 words/cycle
Average Filter SRAM BW: 1.622 words/cycle
Average OFMAP SRAM BW: 11.351 words/cycle
Average IFMAP DRAM BW: 6.814 words/cycle
Average Filter DRAM BW: 7.787 words/cycle
Average OFMAP DRAM BW: 16.000 words/cycle

Running Layer 1227
Total cycles: 2683
Compute cycles: 1263
Stall cycles: 0
Overall utilization: 70.94%
Mapping efficiency: 100.00%
Average IFMAP SRAM BW: 11.351 words/cycle
Average Filter SRAM BW: 1.622 words/cycle
Average OFMAP SRAM BW: 11.351 words/cycle
Average IFMAP DRAM BW: 6.827 words/cycle
Average Filter DRAM BW: 7.787 words/cycle
Average OFMAP DRAM BW: 16.000 words/cycle

Running Layer 1228
Total cycles: 4843
Compute cycles: 2527
Stall cycles: 0
Overall utilization: 70.91%
Mapping efficiency: 100.00%
Average IFMAP SRAM BW: 11.346 words/cycle
Average Filter SRAM BW: 1.621 words/cycle
Average OFMAP SRAM BW: 11.346 words/cycle
Average IFMAP DRAM BW: 6.827 words/cycle
Average Filter DRAM BW: 7.802 words/cycle
Average OFMAP DRAM BW: 16.000 words/cycle

Running Layer 1229
Total cycles: 5105
Compute cycles: 2527
Stall cycles: 0
Overall utilization: 70.91%
Mapping efficiency: 100.00%
Average IFMAP SRAM BW: 11.346 words/cycle
Average Filter SRAM BW: 1.621 words/cycle
Average OFMAP SRAM BW: 11.346 words/cycle
Average IFMAP DRAM BW: 9.108 words/cycle
Average Filter DRAM BW: 7.802 words/cycle
Average OFMAP DRAM BW: 16.000 words/cycle

Running Layer 1230
Total cycles: 9687
Compute cycles: 5055
Stall cycles: 0
Overall utilization: 70.90%
Mapping efficiency: 100.00%
Average IFMAP SRAM BW: 11.344 words/cycle
Average Filter SRAM BW: 1.621 words/cycle
Average OFMAP SRAM BW: 11.344 words/cycle
Average IFMAP DRAM BW: 9.108 words/cycle
Average Filter DRAM BW: 7.809 words/cycle
Average OFMAP DRAM BW: 16.000 words/cycle

Running Layer 1231
Total cycles: 19113
Compute cycles: 10111
Stall cycles: 0
Overall utilization: 70.89%
Mapping efficiency: 100.00%
Average IFMAP SRAM BW: 11.343 words/cycle
Average Filter SRAM BW: 1.620 words/cycle
Average OFMAP SRAM BW: 11.343 words/cycle
Average IFMAP DRAM BW: 9.114 words/cycle
Average Filter DRAM BW: 8.929 words/cycle
Average OFMAP DRAM BW: 16.000 words/cycle

Running Layer 1232
Total cycles: 1349
Compute cycles: 635
Stall cycles: 0
Overall utilization: 17.80%
Mapping efficiency: 25.00%
Average IFMAP SRAM BW: 2.847 words/cycle
Average Filter SRAM BW: 0.403 words/cycle
Average OFMAP SRAM BW: 11.389 words/cycle
Average IFMAP DRAM BW: 1.719 words/cycle
Average Filter DRAM BW: 0.973 words/cycle
Average OFMAP DRAM BW: 16.000 words/cycle

Running Layer 1233
Total cycles: 2437
Compute cycles: 1271
Stall cycles: 0
Overall utilization: 17.78%
Mapping efficiency: 25.00%
Average IFMAP SRAM BW: 2.845 words/cycle
Average Filter SRAM BW: 0.403 words/cycle
Average OFMAP SRAM BW: 11.380 words/cycle
Average IFMAP DRAM BW: 1.719 words/cycle
Average Filter DRAM BW: 1.947 words/cycle
Average OFMAP DRAM BW: 16.000 words/cycle

Running Layer 1234
Total cycles: 1349
Compute cycles: 635
Stall cycles: 0
Overall utilization: 35.59%
Mapping efficiency: 50.00%
Average IFMAP SRAM BW: 5.694 words/cycle
Average Filter SRAM BW: 0.806 words/cycle
Average OFMAP SRAM BW: 11.389 words/cycle
Average IFMAP DRAM BW: 3.437 words/cycle
Average Filter DRAM BW: 1.947 words/cycle
Average OFMAP DRAM BW: 16.000 words/cycle

Running Layer 1235
Total cycles: 2437
Compute cycles: 1271
Stall cycles: 0
Overall utilization: 35.56%
Mapping efficiency: 50.00%
Average IFMAP SRAM BW: 5.690 words/cycle
Average Filter SRAM BW: 0.806 words/cycle
Average OFMAP SRAM BW: 11.380 words/cycle
Average IFMAP DRAM BW: 3.437 words/cycle
Average Filter DRAM BW: 3.894 words/cycle
Average OFMAP DRAM BW: 16.000 words/cycle

Running Layer 1236
Total cycles: 1349
Compute cycles: 635
Stall cycles: 0
Overall utilization: 71.18%
Mapping efficiency: 100.00%
Average IFMAP SRAM BW: 11.389 words/cycle
Average Filter SRAM BW: 1.613 words/cycle
Average OFMAP SRAM BW: 11.389 words/cycle
Average IFMAP DRAM BW: 6.875 words/cycle
Average Filter DRAM BW: 3.894 words/cycle
Average OFMAP DRAM BW: 16.000 words/cycle

Running Layer 1237
Total cycles: 2437
Compute cycles: 1271
Stall cycles: 0
Overall utilization: 71.13%
Mapping efficiency: 100.00%
Average IFMAP SRAM BW: 11.380 words/cycle
Average Filter SRAM BW: 1.611 words/cycle
Average OFMAP SRAM BW: 11.380 words/cycle
Average IFMAP DRAM BW: 6.875 words/cycle
Average Filter DRAM BW: 7.787 words/cycle
Average OFMAP DRAM BW: 16.000 words/cycle

Running Layer 1238
Total cycles: 2699
Compute cycles: 1271
Stall cycles: 0
Overall utilization: 71.13%
Mapping efficiency: 100.00%
Average IFMAP SRAM BW: 11.380 words/cycle
Average Filter SRAM BW: 1.611 words/cycle
Average OFMAP SRAM BW: 11.380 words/cycle
Average IFMAP DRAM BW: 6.888 words/cycle
Average Filter DRAM BW: 7.787 words/cycle
Average OFMAP DRAM BW: 16.000 words/cycle

Running Layer 1239
Total cycles: 4875
Compute cycles: 2543
Stall cycles: 0
Overall utilization: 71.10%
Mapping efficiency: 100.00%
Average IFMAP SRAM BW: 11.376 words/cycle
Average Filter SRAM BW: 1.611 words/cycle
Average OFMAP SRAM BW: 11.376 words/cycle
Average IFMAP DRAM BW: 6.888 words/cycle
Average Filter DRAM BW: 7.802 words/cycle
Average OFMAP DRAM BW: 16.000 words/cycle

Running Layer 1240
Total cycles: 5137
Compute cycles: 2543
Stall cycles: 0
Overall utilization: 71.10%
Mapping efficiency: 100.00%
Average IFMAP SRAM BW: 11.376 words/cycle
Average Filter SRAM BW: 1.611 words/cycle
Average OFMAP SRAM BW: 11.376 words/cycle
Average IFMAP DRAM BW: 9.189 words/cycle
Average Filter DRAM BW: 7.802 words/cycle
Average OFMAP DRAM BW: 16.000 words/cycle

Running Layer 1241
Total cycles: 9751
Compute cycles: 5087
Stall cycles: 0
Overall utilization: 71.08%
Mapping efficiency: 100.00%
Average IFMAP SRAM BW: 11.373 words/cycle
Average Filter SRAM BW: 1.610 words/cycle
Average OFMAP SRAM BW: 11.373 words/cycle
Average IFMAP DRAM BW: 9.189 words/cycle
Average Filter DRAM BW: 7.809 words/cycle
Average OFMAP DRAM BW: 16.000 words/cycle

Running Layer 1242
Total cycles: 19241
Compute cycles: 10175
Stall cycles: 0
Overall utilization: 71.08%
Mapping efficiency: 100.00%
Average IFMAP SRAM BW: 11.372 words/cycle
Average Filter SRAM BW: 1.610 words/cycle
Average OFMAP SRAM BW: 11.372 words/cycle
Average IFMAP DRAM BW: 9.195 words/cycle
Average Filter DRAM BW: 8.929 words/cycle
Average OFMAP DRAM BW: 16.000 words/cycle

Running Layer 1243
Total cycles: 1357
Compute cycles: 639
Stall cycles: 0
Overall utilization: 17.84%
Mapping efficiency: 25.00%
Average IFMAP SRAM BW: 2.854 words/cycle
Average Filter SRAM BW: 0.401 words/cycle
Average OFMAP SRAM BW: 11.418 words/cycle
Average IFMAP DRAM BW: 1.734 words/cycle
Average Filter DRAM BW: 0.973 words/cycle
Average OFMAP DRAM BW: 16.000 words/cycle

Running Layer 1244
Total cycles: 2453
Compute cycles: 1279
Stall cycles: 0
Overall utilization: 17.83%
Mapping efficiency: 25.00%
Average IFMAP SRAM BW: 2.852 words/cycle
Average Filter SRAM BW: 0.400 words/cycle
Average OFMAP SRAM BW: 11.409 words/cycle
Average IFMAP DRAM BW: 1.734 words/cycle
Average Filter DRAM BW: 1.947 words/cycle
Average OFMAP DRAM BW: 16.000 words/cycle

Running Layer 1245
Total cycles: 1357
Compute cycles: 639
Stall cycles: 0
Overall utilization: 35.68%
Mapping efficiency: 50.00%
Average IFMAP SRAM BW: 5.709 words/cycle
Average Filter SRAM BW: 0.801 words/cycle
Average OFMAP SRAM BW: 11.418 words/cycle
Average IFMAP DRAM BW: 3.468 words/cycle
Average Filter DRAM BW: 1.947 words/cycle
Average OFMAP DRAM BW: 16.000 words/cycle

Running Layer 1246
Total cycles: 2453
Compute cycles: 1279
Stall cycles: 0
Overall utilization: 35.65%
Mapping efficiency: 50.00%
Average IFMAP SRAM BW: 5.704 words/cycle
Average Filter SRAM BW: 0.801 words/cycle
Average OFMAP SRAM BW: 11.409 words/cycle
Average IFMAP DRAM BW: 3.468 words/cycle
Average Filter DRAM BW: 3.894 words/cycle
Average OFMAP DRAM BW: 16.000 words/cycle

Running Layer 1247
Total cycles: 1357
Compute cycles: 639
Stall cycles: 0
Overall utilization: 71.36%
Mapping efficiency: 100.00%
Average IFMAP SRAM BW: 11.418 words/cycle
Average Filter SRAM BW: 1.603 words/cycle
Average OFMAP SRAM BW: 11.418 words/cycle
Average IFMAP DRAM BW: 6.935 words/cycle
Average Filter DRAM BW: 3.894 words/cycle
Average OFMAP DRAM BW: 16.000 words/cycle

Running Layer 1248
Total cycles: 2453
Compute cycles: 1279
Stall cycles: 0
Overall utilization: 71.31%
Mapping efficiency: 100.00%
Average IFMAP SRAM BW: 11.409 words/cycle
Average Filter SRAM BW: 1.601 words/cycle
Average OFMAP SRAM BW: 11.409 words/cycle
Average IFMAP DRAM BW: 6.935 words/cycle
Average Filter DRAM BW: 7.787 words/cycle
Average OFMAP DRAM BW: 16.000 words/cycle

Running Layer 1249
Total cycles: 2715
Compute cycles: 1279
Stall cycles: 0
Overall utilization: 71.31%
Mapping efficiency: 100.00%
Average IFMAP SRAM BW: 11.409 words/cycle
Average Filter SRAM BW: 1.601 words/cycle
Average OFMAP SRAM BW: 11.409 words/cycle
Average IFMAP DRAM BW: 6.949 words/cycle
Average Filter DRAM BW: 7.787 words/cycle
Average OFMAP DRAM BW: 16.000 words/cycle

Running Layer 1250
Total cycles: 4907
Compute cycles: 2559
Stall cycles: 0
Overall utilization: 71.28%
Mapping efficiency: 100.00%
Average IFMAP SRAM BW: 11.404 words/cycle
Average Filter SRAM BW: 1.601 words/cycle
Average OFMAP SRAM BW: 11.404 words/cycle
Average IFMAP DRAM BW: 6.949 words/cycle
Average Filter DRAM BW: 7.802 words/cycle
Average OFMAP DRAM BW: 16.000 words/cycle

Running Layer 1251
Total cycles: 5169
Compute cycles: 2559
Stall cycles: 0
Overall utilization: 71.28%
Mapping efficiency: 100.00%
Average IFMAP SRAM BW: 11.404 words/cycle
Average Filter SRAM BW: 1.601 words/cycle
Average OFMAP SRAM BW: 11.404 words/cycle
Average IFMAP DRAM BW: 9.271 words/cycle
Average Filter DRAM BW: 7.802 words/cycle
Average OFMAP DRAM BW: 16.000 words/cycle

Running Layer 1252
Total cycles: 9815
Compute cycles: 5119
Stall cycles: 0
Overall utilization: 71.26%
Mapping efficiency: 100.00%
Average IFMAP SRAM BW: 11.402 words/cycle
Average Filter SRAM BW: 1.600 words/cycle
Average OFMAP SRAM BW: 11.402 words/cycle
Average IFMAP DRAM BW: 9.271 words/cycle
Average Filter DRAM BW: 7.809 words/cycle
Average OFMAP DRAM BW: 16.000 words/cycle

Running Layer 1253
Total cycles: 19369
Compute cycles: 10239
Stall cycles: 0
Overall utilization: 71.26%
Mapping efficiency: 100.00%
Average IFMAP SRAM BW: 11.401 words/cycle
Average Filter SRAM BW: 1.600 words/cycle
Average OFMAP SRAM BW: 11.401 words/cycle
Average IFMAP DRAM BW: 9.277 words/cycle
Average Filter DRAM BW: 8.929 words/cycle
Average OFMAP DRAM BW: 16.000 words/cycle

Running Layer 1254
Total cycles: 1365
Compute cycles: 643
Stall cycles: 0
Overall utilization: 17.88%
Mapping efficiency: 25.00%
Average IFMAP SRAM BW: 2.862 words/cycle
Average Filter SRAM BW: 0.398 words/cycle
Average OFMAP SRAM BW: 11.446 words/cycle
Average IFMAP DRAM BW: 1.749 words/cycle
Average Filter DRAM BW: 0.973 words/cycle
Average OFMAP DRAM BW: 16.000 words/cycle

Running Layer 1255
Total cycles: 2469
Compute cycles: 1287
Stall cycles: 0
Overall utilization: 17.87%
Mapping efficiency: 25.00%
Average IFMAP SRAM BW: 2.859 words/cycle
Average Filter SRAM BW: 0.398 words/cycle
Average OFMAP SRAM BW: 11.437 words/cycle
Average IFMAP DRAM BW: 1.749 words/cycle
Average Filter DRAM BW: 1.947 words/cycle
Average OFMAP DRAM BW: 16.000 words/cycle

Running Layer 1256
Total cycles: 1365
Compute cycles: 643
Stall cycles: 0
Overall utilization: 35.77%
Mapping efficiency: 50.00%
Average IFMAP SRAM BW: 5.723 words/cycle
Average Filter SRAM BW: 0.796 words/cycle
Average OFMAP SRAM BW: 11.446 words/cycle
Average IFMAP DRAM BW: 3.498 words/cycle
Average Filter DRAM BW: 1.947 words/cycle
Average OFMAP DRAM BW: 16.000 words/cycle

Running Layer 1257
Total cycles: 2469
Compute cycles: 1287
Stall cycles: 0
Overall utilization: 35.74%
Mapping efficiency: 50.00%
Average IFMAP SRAM BW: 5.719 words/cycle
Average Filter SRAM BW: 0.796 words/cycle
Average OFMAP SRAM BW: 11.437 words/cycle
Average IFMAP DRAM BW: 3.498 words/cycle
Average Filter DRAM BW: 3.894 words/cycle
Average OFMAP DRAM BW: 16.000 words/cycle

Running Layer 1258
Total cycles: 1365
Compute cycles: 643
Stall cycles: 0
Overall utilization: 71.54%
Mapping efficiency: 100.00%
Average IFMAP SRAM BW: 11.446 words/cycle
Average Filter SRAM BW: 1.593 words/cycle
Average OFMAP SRAM BW: 11.446 words/cycle
Average IFMAP DRAM BW: 6.996 words/cycle
Average Filter DRAM BW: 3.894 words/cycle
Average OFMAP DRAM BW: 16.000 words/cycle

Running Layer 1259
Total cycles: 2469
Compute cycles: 1287
Stall cycles: 0
Overall utilization: 71.48%
Mapping efficiency: 100.00%
Average IFMAP SRAM BW: 11.437 words/cycle
Average Filter SRAM BW: 1.591 words/cycle
Average OFMAP SRAM BW: 11.437 words/cycle
Average IFMAP DRAM BW: 6.996 words/cycle
Average Filter DRAM BW: 7.787 words/cycle
Average OFMAP DRAM BW: 16.000 words/cycle

Running Layer 1260
Total cycles: 2731
Compute cycles: 1287
Stall cycles: 0
Overall utilization: 71.48%
Mapping efficiency: 100.00%
Average IFMAP SRAM BW: 11.437 words/cycle
Average Filter SRAM BW: 1.591 words/cycle
Average OFMAP SRAM BW: 11.437 words/cycle
Average IFMAP DRAM BW: 7.010 words/cycle
Average Filter DRAM BW: 7.787 words/cycle
Average OFMAP DRAM BW: 16.000 words/cycle

Running Layer 1261
Total cycles: 4939
Compute cycles: 2575
Stall cycles: 0
Overall utilization: 71.46%
Mapping efficiency: 100.00%
Average IFMAP SRAM BW: 11.433 words/cycle
Average Filter SRAM BW: 1.591 words/cycle
Average OFMAP SRAM BW: 11.433 words/cycle
Average IFMAP DRAM BW: 7.010 words/cycle
Average Filter DRAM BW: 7.802 words/cycle
Average OFMAP DRAM BW: 16.000 words/cycle

Running Layer 1262
Total cycles: 5201
Compute cycles: 2575
Stall cycles: 0
Overall utilization: 71.46%
Mapping efficiency: 100.00%
Average IFMAP SRAM BW: 11.433 words/cycle
Average Filter SRAM BW: 1.591 words/cycle
Average OFMAP SRAM BW: 11.433 words/cycle
Average IFMAP DRAM BW: 9.352 words/cycle
Average Filter DRAM BW: 7.802 words/cycle
Average OFMAP DRAM BW: 16.000 words/cycle

Running Layer 1263
Total cycles: 9879
Compute cycles: 5151
Stall cycles: 0
Overall utilization: 71.44%
Mapping efficiency: 100.00%
Average IFMAP SRAM BW: 11.431 words/cycle
Average Filter SRAM BW: 1.590 words/cycle
Average OFMAP SRAM BW: 11.431 words/cycle
Average IFMAP DRAM BW: 9.352 words/cycle
Average Filter DRAM BW: 7.809 words/cycle
Average OFMAP DRAM BW: 16.000 words/cycle

Running Layer 1264
Total cycles: 19497
Compute cycles: 10303
Stall cycles: 0
Overall utilization: 71.44%
Mapping efficiency: 100.00%
Average IFMAP SRAM BW: 11.430 words/cycle
Average Filter SRAM BW: 1.590 words/cycle
Average OFMAP SRAM BW: 11.430 words/cycle
Average IFMAP DRAM BW: 9.358 words/cycle
Average Filter DRAM BW: 8.929 words/cycle
Average OFMAP DRAM BW: 16.000 words/cycle

Running Layer 1265
Total cycles: 1373
Compute cycles: 647
Stall cycles: 0
Overall utilization: 17.93%
Mapping efficiency: 25.00%
Average IFMAP SRAM BW: 2.869 words/cycle
Average Filter SRAM BW: 0.396 words/cycle
Average OFMAP SRAM BW: 11.474 words/cycle
Average IFMAP DRAM BW: 1.764 words/cycle
Average Filter DRAM BW: 0.973 words/cycle
Average OFMAP DRAM BW: 16.000 words/cycle

Running Layer 1266
Total cycles: 2485
Compute cycles: 1295
Stall cycles: 0
Overall utilization: 17.92%
Mapping efficiency: 25.00%
Average IFMAP SRAM BW: 2.866 words/cycle
Average Filter SRAM BW: 0.395 words/cycle
Average OFMAP SRAM BW: 11.466 words/cycle
Average IFMAP DRAM BW: 1.764 words/cycle
Average Filter DRAM BW: 1.947 words/cycle
Average OFMAP DRAM BW: 16.000 words/cycle

Running Layer 1267
Total cycles: 1373
Compute cycles: 647
Stall cycles: 0
Overall utilization: 35.86%
Mapping efficiency: 50.00%
Average IFMAP SRAM BW: 5.737 words/cycle
Average Filter SRAM BW: 0.791 words/cycle
Average OFMAP SRAM BW: 11.474 words/cycle
Average IFMAP DRAM BW: 3.529 words/cycle
Average Filter DRAM BW: 1.947 words/cycle
Average OFMAP DRAM BW: 16.000 words/cycle

Running Layer 1268
Total cycles: 2485
Compute cycles: 1295
Stall cycles: 0
Overall utilization: 35.83%
Mapping efficiency: 50.00%
Average IFMAP SRAM BW: 5.733 words/cycle
Average Filter SRAM BW: 0.791 words/cycle
Average OFMAP SRAM BW: 11.466 words/cycle
Average IFMAP DRAM BW: 3.529 words/cycle
Average Filter DRAM BW: 3.894 words/cycle
Average OFMAP DRAM BW: 16.000 words/cycle

Running Layer 1269
Total cycles: 1373
Compute cycles: 647
Stall cycles: 0
Overall utilization: 71.72%
Mapping efficiency: 100.00%
Average IFMAP SRAM BW: 11.474 words/cycle
Average Filter SRAM BW: 1.583 words/cycle
Average OFMAP SRAM BW: 11.474 words/cycle
Average IFMAP DRAM BW: 7.057 words/cycle
Average Filter DRAM BW: 3.894 words/cycle
Average OFMAP DRAM BW: 16.000 words/cycle

Running Layer 1270
Total cycles: 2485
Compute cycles: 1295
Stall cycles: 0
Overall utilization: 71.66%
Mapping efficiency: 100.00%
Average IFMAP SRAM BW: 11.466 words/cycle
Average Filter SRAM BW: 1.581 words/cycle
Average OFMAP SRAM BW: 11.466 words/cycle
Average IFMAP DRAM BW: 7.057 words/cycle
Average Filter DRAM BW: 7.787 words/cycle
Average OFMAP DRAM BW: 16.000 words/cycle

Running Layer 1271
Total cycles: 2747
Compute cycles: 1295
Stall cycles: 0
Overall utilization: 71.66%
Mapping efficiency: 100.00%
Average IFMAP SRAM BW: 11.466 words/cycle
Average Filter SRAM BW: 1.581 words/cycle
Average OFMAP SRAM BW: 11.466 words/cycle
Average IFMAP DRAM BW: 7.070 words/cycle
Average Filter DRAM BW: 7.787 words/cycle
Average OFMAP DRAM BW: 16.000 words/cycle

Running Layer 1272
Total cycles: 4971
Compute cycles: 2591
Stall cycles: 0
Overall utilization: 71.63%
Mapping efficiency: 100.00%
Average IFMAP SRAM BW: 11.461 words/cycle
Average Filter SRAM BW: 1.581 words/cycle
Average OFMAP SRAM BW: 11.461 words/cycle
Average IFMAP DRAM BW: 7.070 words/cycle
Average Filter DRAM BW: 7.802 words/cycle
Average OFMAP DRAM BW: 16.000 words/cycle

Running Layer 1273
Total cycles: 5233
Compute cycles: 2591
Stall cycles: 0
Overall utilization: 71.63%
Mapping efficiency: 100.00%
Average IFMAP SRAM BW: 11.461 words/cycle
Average Filter SRAM BW: 1.581 words/cycle
Average OFMAP SRAM BW: 11.461 words/cycle
Average IFMAP DRAM BW: 9.433 words/cycle
Average Filter DRAM BW: 7.802 words/cycle
Average OFMAP DRAM BW: 16.000 words/cycle

Running Layer 1274
Total cycles: 9943
Compute cycles: 5183
Stall cycles: 0
Overall utilization: 71.62%
Mapping efficiency: 100.00%
Average IFMAP SRAM BW: 11.459 words/cycle
Average Filter SRAM BW: 1.581 words/cycle
Average OFMAP SRAM BW: 11.459 words/cycle
Average IFMAP DRAM BW: 9.433 words/cycle
Average Filter DRAM BW: 7.809 words/cycle
Average OFMAP DRAM BW: 16.000 words/cycle

Running Layer 1275
Total cycles: 19625
Compute cycles: 10367
Stall cycles: 0
Overall utilization: 71.61%
Mapping efficiency: 100.00%
Average IFMAP SRAM BW: 11.458 words/cycle
Average Filter SRAM BW: 1.580 words/cycle
Average OFMAP SRAM BW: 11.458 words/cycle
Average IFMAP DRAM BW: 9.439 words/cycle
Average Filter DRAM BW: 8.929 words/cycle
Average OFMAP DRAM BW: 16.000 words/cycle

Running Layer 1276
Total cycles: 1381
Compute cycles: 651
Stall cycles: 0
Overall utilization: 17.97%
Mapping efficiency: 25.00%
Average IFMAP SRAM BW: 2.876 words/cycle
Average Filter SRAM BW: 0.393 words/cycle
Average OFMAP SRAM BW: 11.502 words/cycle
Average IFMAP DRAM BW: 1.779 words/cycle
Average Filter DRAM BW: 0.973 words/cycle
Average OFMAP DRAM BW: 16.000 words/cycle

Running Layer 1277
Total cycles: 2501
Compute cycles: 1303
Stall cycles: 0
Overall utilization: 17.96%
Mapping efficiency: 25.00%
Average IFMAP SRAM BW: 2.873 words/cycle
Average Filter SRAM BW: 0.393 words/cycle
Average OFMAP SRAM BW: 11.493 words/cycle
Average IFMAP DRAM BW: 1.779 words/cycle
Average Filter DRAM BW: 1.947 words/cycle
Average OFMAP DRAM BW: 16.000 words/cycle

Running Layer 1278
Total cycles: 1381
Compute cycles: 651
Stall cycles: 0
Overall utilization: 35.94%
Mapping efficiency: 50.00%
Average IFMAP SRAM BW: 5.751 words/cycle
Average Filter SRAM BW: 0.786 words/cycle
Average OFMAP SRAM BW: 11.502 words/cycle
Average IFMAP DRAM BW: 3.559 words/cycle
Average Filter DRAM BW: 1.947 words/cycle
Average OFMAP DRAM BW: 16.000 words/cycle

Running Layer 1279
Total cycles: 2501
Compute cycles: 1303
Stall cycles: 0
Overall utilization: 35.92%
Mapping efficiency: 50.00%
Average IFMAP SRAM BW: 5.747 words/cycle
Average Filter SRAM BW: 0.786 words/cycle
Average OFMAP SRAM BW: 11.493 words/cycle
Average IFMAP DRAM BW: 3.559 words/cycle
Average Filter DRAM BW: 3.894 words/cycle
Average OFMAP DRAM BW: 16.000 words/cycle

Running Layer 1280
Total cycles: 1381
Compute cycles: 651
Stall cycles: 0
Overall utilization: 71.89%
Mapping efficiency: 100.00%
Average IFMAP SRAM BW: 11.502 words/cycle
Average Filter SRAM BW: 1.573 words/cycle
Average OFMAP SRAM BW: 11.502 words/cycle
Average IFMAP DRAM BW: 7.118 words/cycle
Average Filter DRAM BW: 3.894 words/cycle
Average OFMAP DRAM BW: 16.000 words/cycle

Running Layer 1281
Total cycles: 2501
Compute cycles: 1303
Stall cycles: 0
Overall utilization: 71.83%
Mapping efficiency: 100.00%
Average IFMAP SRAM BW: 11.493 words/cycle
Average Filter SRAM BW: 1.572 words/cycle
Average OFMAP SRAM BW: 11.493 words/cycle
Average IFMAP DRAM BW: 7.118 words/cycle
Average Filter DRAM BW: 7.787 words/cycle
Average OFMAP DRAM BW: 16.000 words/cycle

Running Layer 1282
Total cycles: 2763
Compute cycles: 1303
Stall cycles: 0
Overall utilization: 71.83%
Mapping efficiency: 100.00%
Average IFMAP SRAM BW: 11.493 words/cycle
Average Filter SRAM BW: 1.572 words/cycle
Average OFMAP SRAM BW: 11.493 words/cycle
Average IFMAP DRAM BW: 7.131 words/cycle
Average Filter DRAM BW: 7.787 words/cycle
Average OFMAP DRAM BW: 16.000 words/cycle

Running Layer 1283
Total cycles: 5003
Compute cycles: 2607
Stall cycles: 0
Overall utilization: 71.81%
Mapping efficiency: 100.00%
Average IFMAP SRAM BW: 11.489 words/cycle
Average Filter SRAM BW: 1.571 words/cycle
Average OFMAP SRAM BW: 11.489 words/cycle
Average IFMAP DRAM BW: 7.131 words/cycle
Average Filter DRAM BW: 7.802 words/cycle
Average OFMAP DRAM BW: 16.000 words/cycle

Running Layer 1284
Total cycles: 5265
Compute cycles: 2607
Stall cycles: 0
Overall utilization: 71.81%
Mapping efficiency: 100.00%
Average IFMAP SRAM BW: 11.489 words/cycle
Average Filter SRAM BW: 1.571 words/cycle
Average OFMAP SRAM BW: 11.489 words/cycle
Average IFMAP DRAM BW: 9.515 words/cycle
Average Filter DRAM BW: 7.802 words/cycle
Average OFMAP DRAM BW: 16.000 words/cycle

Running Layer 1285
Total cycles: 10007
Compute cycles: 5215
Stall cycles: 0
Overall utilization: 71.79%
Mapping efficiency: 100.00%
Average IFMAP SRAM BW: 11.487 words/cycle
Average Filter SRAM BW: 1.571 words/cycle
Average OFMAP SRAM BW: 11.487 words/cycle
Average IFMAP DRAM BW: 9.515 words/cycle
Average Filter DRAM BW: 7.809 words/cycle
Average OFMAP DRAM BW: 16.000 words/cycle

Running Layer 1286
Total cycles: 19753
Compute cycles: 10431
Stall cycles: 0
Overall utilization: 71.79%
Mapping efficiency: 100.00%
Average IFMAP SRAM BW: 11.486 words/cycle
Average Filter SRAM BW: 1.571 words/cycle
Average OFMAP SRAM BW: 11.486 words/cycle
Average IFMAP DRAM BW: 9.521 words/cycle
Average Filter DRAM BW: 8.929 words/cycle
Average OFMAP DRAM BW: 16.000 words/cycle

Running Layer 1287
Total cycles: 1389
Compute cycles: 655
Stall cycles: 0
Overall utilization: 18.02%
Mapping efficiency: 25.00%
Average IFMAP SRAM BW: 2.882 words/cycle
Average Filter SRAM BW: 0.391 words/cycle
Average OFMAP SRAM BW: 11.530 words/cycle
Average IFMAP DRAM BW: 1.795 words/cycle
Average Filter DRAM BW: 0.973 words/cycle
Average OFMAP DRAM BW: 16.000 words/cycle

Running Layer 1288
Total cycles: 2517
Compute cycles: 1311
Stall cycles: 0
Overall utilization: 18.00%
Mapping efficiency: 25.00%
Average IFMAP SRAM BW: 2.880 words/cycle
Average Filter SRAM BW: 0.391 words/cycle
Average OFMAP SRAM BW: 11.521 words/cycle
Average IFMAP DRAM BW: 1.795 words/cycle
Average Filter DRAM BW: 1.947 words/cycle
Average OFMAP DRAM BW: 16.000 words/cycle

Running Layer 1289
Total cycles: 1389
Compute cycles: 655
Stall cycles: 0
Overall utilization: 36.03%
Mapping efficiency: 50.00%
Average IFMAP SRAM BW: 5.765 words/cycle
Average Filter SRAM BW: 0.782 words/cycle
Average OFMAP SRAM BW: 11.530 words/cycle
Average IFMAP DRAM BW: 3.589 words/cycle
Average Filter DRAM BW: 1.947 words/cycle
Average OFMAP DRAM BW: 16.000 words/cycle

Running Layer 1290
Total cycles: 2517
Compute cycles: 1311
Stall cycles: 0
Overall utilization: 36.00%
Mapping efficiency: 50.00%
Average IFMAP SRAM BW: 5.760 words/cycle
Average Filter SRAM BW: 0.781 words/cycle
Average OFMAP SRAM BW: 11.521 words/cycle
Average IFMAP DRAM BW: 3.589 words/cycle
Average Filter DRAM BW: 3.894 words/cycle
Average OFMAP DRAM BW: 16.000 words/cycle

Running Layer 1291
Total cycles: 1389
Compute cycles: 655
Stall cycles: 0
Overall utilization: 72.06%
Mapping efficiency: 100.00%
Average IFMAP SRAM BW: 11.530 words/cycle
Average Filter SRAM BW: 1.563 words/cycle
Average OFMAP SRAM BW: 11.530 words/cycle
Average IFMAP DRAM BW: 7.179 words/cycle
Average Filter DRAM BW: 3.894 words/cycle
Average OFMAP DRAM BW: 16.000 words/cycle

Running Layer 1292
Total cycles: 2517
Compute cycles: 1311
Stall cycles: 0
Overall utilization: 72.01%
Mapping efficiency: 100.00%
Average IFMAP SRAM BW: 11.521 words/cycle
Average Filter SRAM BW: 1.562 words/cycle
Average OFMAP SRAM BW: 11.521 words/cycle
Average IFMAP DRAM BW: 7.179 words/cycle
Average Filter DRAM BW: 7.787 words/cycle
Average OFMAP DRAM BW: 16.000 words/cycle

Running Layer 1293
Total cycles: 2779
Compute cycles: 1311
Stall cycles: 0
Overall utilization: 72.01%
Mapping efficiency: 100.00%
Average IFMAP SRAM BW: 11.521 words/cycle
Average Filter SRAM BW: 1.562 words/cycle
Average OFMAP SRAM BW: 11.521 words/cycle
Average IFMAP DRAM BW: 7.192 words/cycle
Average Filter DRAM BW: 7.787 words/cycle
Average OFMAP DRAM BW: 16.000 words/cycle

Running Layer 1294
Total cycles: 5035
Compute cycles: 2623
Stall cycles: 0
Overall utilization: 71.98%
Mapping efficiency: 100.00%
Average IFMAP SRAM BW: 11.517 words/cycle
Average Filter SRAM BW: 1.562 words/cycle
Average OFMAP SRAM BW: 11.517 words/cycle
Average IFMAP DRAM BW: 7.192 words/cycle
Average Filter DRAM BW: 7.802 words/cycle
Average OFMAP DRAM BW: 16.000 words/cycle

Running Layer 1295
Total cycles: 5297
Compute cycles: 2623
Stall cycles: 0
Overall utilization: 71.98%
Mapping efficiency: 100.00%
Average IFMAP SRAM BW: 11.517 words/cycle
Average Filter SRAM BW: 1.562 words/cycle
Average OFMAP SRAM BW: 11.517 words/cycle
Average IFMAP DRAM BW: 9.596 words/cycle
Average Filter DRAM BW: 7.802 words/cycle
Average OFMAP DRAM BW: 16.000 words/cycle

Running Layer 1296
Total cycles: 10071
Compute cycles: 5247
Stall cycles: 0
Overall utilization: 71.96%
Mapping efficiency: 100.00%
Average IFMAP SRAM BW: 11.514 words/cycle
Average Filter SRAM BW: 1.561 words/cycle
Average OFMAP SRAM BW: 11.514 words/cycle
Average IFMAP DRAM BW: 9.596 words/cycle
Average Filter DRAM BW: 7.809 words/cycle
Average OFMAP DRAM BW: 16.000 words/cycle

Running Layer 1297
Total cycles: 19881
Compute cycles: 10495
Stall cycles: 0
Overall utilization: 71.96%
Mapping efficiency: 100.00%
Average IFMAP SRAM BW: 11.513 words/cycle
Average Filter SRAM BW: 1.561 words/cycle
Average OFMAP SRAM BW: 11.513 words/cycle
Average IFMAP DRAM BW: 9.602 words/cycle
Average Filter DRAM BW: 8.929 words/cycle
Average OFMAP DRAM BW: 16.000 words/cycle

Running Layer 1298
Total cycles: 1397
Compute cycles: 659
Stall cycles: 0
Overall utilization: 18.06%
Mapping efficiency: 25.00%
Average IFMAP SRAM BW: 2.889 words/cycle
Average Filter SRAM BW: 0.388 words/cycle
Average OFMAP SRAM BW: 11.557 words/cycle
Average IFMAP DRAM BW: 1.810 words/cycle
Average Filter DRAM BW: 0.973 words/cycle
Average OFMAP DRAM BW: 16.000 words/cycle

Running Layer 1299
Total cycles: 2533
Compute cycles: 1319
Stall cycles: 0
Overall utilization: 18.04%
Mapping efficiency: 25.00%
Average IFMAP SRAM BW: 2.887 words/cycle
Average Filter SRAM BW: 0.388 words/cycle
Average OFMAP SRAM BW: 11.548 words/cycle
Average IFMAP DRAM BW: 1.810 words/cycle
Average Filter DRAM BW: 1.947 words/cycle
Average OFMAP DRAM BW: 16.000 words/cycle

Running Layer 1300
Total cycles: 1397
Compute cycles: 659
Stall cycles: 0
Overall utilization: 36.12%
Mapping efficiency: 50.00%
Average IFMAP SRAM BW: 5.778 words/cycle
Average Filter SRAM BW: 0.777 words/cycle
Average OFMAP SRAM BW: 11.557 words/cycle
Average IFMAP DRAM BW: 3.620 words/cycle
Average Filter DRAM BW: 1.947 words/cycle
Average OFMAP DRAM BW: 16.000 words/cycle

Running Layer 1301
Total cycles: 2533
Compute cycles: 1319
Stall cycles: 0
Overall utilization: 36.09%
Mapping efficiency: 50.00%
Average IFMAP SRAM BW: 5.774 words/cycle
Average Filter SRAM BW: 0.776 words/cycle
Average OFMAP SRAM BW: 11.548 words/cycle
Average IFMAP DRAM BW: 3.620 words/cycle
Average Filter DRAM BW: 3.894 words/cycle
Average OFMAP DRAM BW: 16.000 words/cycle

Running Layer 1302
Total cycles: 1397
Compute cycles: 659
Stall cycles: 0
Overall utilization: 72.23%
Mapping efficiency: 100.00%
Average IFMAP SRAM BW: 11.557 words/cycle
Average Filter SRAM BW: 1.554 words/cycle
Average OFMAP SRAM BW: 11.557 words/cycle
Average IFMAP DRAM BW: 7.240 words/cycle
Average Filter DRAM BW: 3.894 words/cycle
Average OFMAP DRAM BW: 16.000 words/cycle

Running Layer 1303
Total cycles: 2533
Compute cycles: 1319
Stall cycles: 0
Overall utilization: 72.18%
Mapping efficiency: 100.00%
Average IFMAP SRAM BW: 11.548 words/cycle
Average Filter SRAM BW: 1.553 words/cycle
Average OFMAP SRAM BW: 11.548 words/cycle
Average IFMAP DRAM BW: 7.240 words/cycle
Average Filter DRAM BW: 7.787 words/cycle
Average OFMAP DRAM BW: 16.000 words/cycle

Running Layer 1304
Total cycles: 2795
Compute cycles: 1319
Stall cycles: 0
Overall utilization: 72.18%
Mapping efficiency: 100.00%
Average IFMAP SRAM BW: 11.548 words/cycle
Average Filter SRAM BW: 1.553 words/cycle
Average OFMAP SRAM BW: 11.548 words/cycle
Average IFMAP DRAM BW: 7.253 words/cycle
Average Filter DRAM BW: 7.787 words/cycle
Average OFMAP DRAM BW: 16.000 words/cycle

Running Layer 1305
Total cycles: 5067
Compute cycles: 2639
Stall cycles: 0
Overall utilization: 72.15%
Mapping efficiency: 100.00%
Average IFMAP SRAM BW: 11.544 words/cycle
Average Filter SRAM BW: 1.552 words/cycle
Average OFMAP SRAM BW: 11.544 words/cycle
Average IFMAP DRAM BW: 7.253 words/cycle
Average Filter DRAM BW: 7.802 words/cycle
Average OFMAP DRAM BW: 16.000 words/cycle

Running Layer 1306
Total cycles: 5329
Compute cycles: 2639
Stall cycles: 0
Overall utilization: 72.15%
Mapping efficiency: 100.00%
Average IFMAP SRAM BW: 11.544 words/cycle
Average Filter SRAM BW: 1.552 words/cycle
Average OFMAP SRAM BW: 11.544 words/cycle
Average IFMAP DRAM BW: 9.677 words/cycle
Average Filter DRAM BW: 7.802 words/cycle
Average OFMAP DRAM BW: 16.000 words/cycle

Running Layer 1307
Total cycles: 10135
Compute cycles: 5279
Stall cycles: 0
Overall utilization: 72.13%
Mapping efficiency: 100.00%
Average IFMAP SRAM BW: 11.542 words/cycle
Average Filter SRAM BW: 1.552 words/cycle
Average OFMAP SRAM BW: 11.542 words/cycle
Average IFMAP DRAM BW: 9.677 words/cycle
Average Filter DRAM BW: 7.809 words/cycle
Average OFMAP DRAM BW: 16.000 words/cycle

Running Layer 1308
Total cycles: 20009
Compute cycles: 10559
Stall cycles: 0
Overall utilization: 72.13%
Mapping efficiency: 100.00%
Average IFMAP SRAM BW: 11.540 words/cycle
Average Filter SRAM BW: 1.552 words/cycle
Average OFMAP SRAM BW: 11.540 words/cycle
Average IFMAP DRAM BW: 9.683 words/cycle
Average Filter DRAM BW: 8.929 words/cycle
Average OFMAP DRAM BW: 16.000 words/cycle

Running Layer 1309
Total cycles: 1405
Compute cycles: 663
Stall cycles: 0
Overall utilization: 18.10%
Mapping efficiency: 25.00%
Average IFMAP SRAM BW: 2.896 words/cycle
Average Filter SRAM BW: 0.386 words/cycle
Average OFMAP SRAM BW: 11.584 words/cycle
Average IFMAP DRAM BW: 1.825 words/cycle
Average Filter DRAM BW: 0.973 words/cycle
Average OFMAP DRAM BW: 16.000 words/cycle

Running Layer 1310
Total cycles: 2549
Compute cycles: 1327
Stall cycles: 0
Overall utilization: 18.09%
Mapping efficiency: 25.00%
Average IFMAP SRAM BW: 2.894 words/cycle
Average Filter SRAM BW: 0.386 words/cycle
Average OFMAP SRAM BW: 11.575 words/cycle
Average IFMAP DRAM BW: 1.825 words/cycle
Average Filter DRAM BW: 1.947 words/cycle
Average OFMAP DRAM BW: 16.000 words/cycle

Running Layer 1311
Total cycles: 1405
Compute cycles: 663
Stall cycles: 0
Overall utilization: 36.20%
Mapping efficiency: 50.00%
Average IFMAP SRAM BW: 5.792 words/cycle
Average Filter SRAM BW: 0.772 words/cycle
Average OFMAP SRAM BW: 11.584 words/cycle
Average IFMAP DRAM BW: 3.650 words/cycle
Average Filter DRAM BW: 1.947 words/cycle
Average OFMAP DRAM BW: 16.000 words/cycle

Running Layer 1312
Total cycles: 2549
Compute cycles: 1327
Stall cycles: 0
Overall utilization: 36.17%
Mapping efficiency: 50.00%
Average IFMAP SRAM BW: 5.787 words/cycle
Average Filter SRAM BW: 0.772 words/cycle
Average OFMAP SRAM BW: 11.575 words/cycle
Average IFMAP DRAM BW: 3.650 words/cycle
Average Filter DRAM BW: 3.894 words/cycle
Average OFMAP DRAM BW: 16.000 words/cycle

Running Layer 1313
Total cycles: 1405
Compute cycles: 663
Stall cycles: 0
Overall utilization: 72.40%
Mapping efficiency: 100.00%
Average IFMAP SRAM BW: 11.584 words/cycle
Average Filter SRAM BW: 1.544 words/cycle
Average OFMAP SRAM BW: 11.584 words/cycle
Average IFMAP DRAM BW: 7.300 words/cycle
Average Filter DRAM BW: 3.894 words/cycle
Average OFMAP DRAM BW: 16.000 words/cycle

Running Layer 1314
Total cycles: 2549
Compute cycles: 1327
Stall cycles: 0
Overall utilization: 72.34%
Mapping efficiency: 100.00%
Average IFMAP SRAM BW: 11.575 words/cycle
Average Filter SRAM BW: 1.543 words/cycle
Average OFMAP SRAM BW: 11.575 words/cycle
Average IFMAP DRAM BW: 7.300 words/cycle
Average Filter DRAM BW: 7.787 words/cycle
Average OFMAP DRAM BW: 16.000 words/cycle

Running Layer 1315
Total cycles: 2811
Compute cycles: 1327
Stall cycles: 0
Overall utilization: 72.34%
Mapping efficiency: 100.00%
Average IFMAP SRAM BW: 11.575 words/cycle
Average Filter SRAM BW: 1.543 words/cycle
Average OFMAP SRAM BW: 11.575 words/cycle
Average IFMAP DRAM BW: 7.314 words/cycle
Average Filter DRAM BW: 7.787 words/cycle
Average OFMAP DRAM BW: 16.000 words/cycle

Running Layer 1316
Total cycles: 5099
Compute cycles: 2655
Stall cycles: 0
Overall utilization: 72.32%
Mapping efficiency: 100.00%
Average IFMAP SRAM BW: 11.571 words/cycle
Average Filter SRAM BW: 1.543 words/cycle
Average OFMAP SRAM BW: 11.571 words/cycle
Average IFMAP DRAM BW: 7.314 words/cycle
Average Filter DRAM BW: 7.802 words/cycle
Average OFMAP DRAM BW: 16.000 words/cycle

Running Layer 1317
Total cycles: 5361
Compute cycles: 2655
Stall cycles: 0
Overall utilization: 72.32%
Mapping efficiency: 100.00%
Average IFMAP SRAM BW: 11.571 words/cycle
Average Filter SRAM BW: 1.543 words/cycle
Average OFMAP SRAM BW: 11.571 words/cycle
Average IFMAP DRAM BW: 9.759 words/cycle
Average Filter DRAM BW: 7.802 words/cycle
Average OFMAP DRAM BW: 16.000 words/cycle

Running Layer 1318
Total cycles: 10199
Compute cycles: 5311
Stall cycles: 0
Overall utilization: 72.30%
Mapping efficiency: 100.00%
Average IFMAP SRAM BW: 11.568 words/cycle
Average Filter SRAM BW: 1.542 words/cycle
Average OFMAP SRAM BW: 11.568 words/cycle
Average IFMAP DRAM BW: 9.759 words/cycle
Average Filter DRAM BW: 7.809 words/cycle
Average OFMAP DRAM BW: 16.000 words/cycle

Running Layer 1319
Total cycles: 20137
Compute cycles: 10623
Stall cycles: 0
Overall utilization: 72.30%
Mapping efficiency: 100.00%
Average IFMAP SRAM BW: 11.567 words/cycle
Average Filter SRAM BW: 1.542 words/cycle
Average OFMAP SRAM BW: 11.567 words/cycle
Average IFMAP DRAM BW: 9.765 words/cycle
Average Filter DRAM BW: 8.929 words/cycle
Average OFMAP DRAM BW: 16.000 words/cycle

Running Layer 1320
Total cycles: 1413
Compute cycles: 667
Stall cycles: 0
Overall utilization: 18.14%
Mapping efficiency: 25.00%
Average IFMAP SRAM BW: 2.903 words/cycle
Average Filter SRAM BW: 0.384 words/cycle
Average OFMAP SRAM BW: 11.610 words/cycle
Average IFMAP DRAM BW: 1.840 words/cycle
Average Filter DRAM BW: 0.973 words/cycle
Average OFMAP DRAM BW: 16.000 words/cycle

Running Layer 1321
Total cycles: 2565
Compute cycles: 1335
Stall cycles: 0
Overall utilization: 18.13%
Mapping efficiency: 25.00%
Average IFMAP SRAM BW: 2.900 words/cycle
Average Filter SRAM BW: 0.384 words/cycle
Average OFMAP SRAM BW: 11.601 words/cycle
Average IFMAP DRAM BW: 1.840 words/cycle
Average Filter DRAM BW: 1.947 words/cycle
Average OFMAP DRAM BW: 16.000 words/cycle

Running Layer 1322
Total cycles: 1413
Compute cycles: 667
Stall cycles: 0
Overall utilization: 36.28%
Mapping efficiency: 50.00%
Average IFMAP SRAM BW: 5.805 words/cycle
Average Filter SRAM BW: 0.768 words/cycle
Average OFMAP SRAM BW: 11.610 words/cycle
Average IFMAP DRAM BW: 3.681 words/cycle
Average Filter DRAM BW: 1.947 words/cycle
Average OFMAP DRAM BW: 16.000 words/cycle

Running Layer 1323
Total cycles: 2565
Compute cycles: 1335
Stall cycles: 0
Overall utilization: 36.25%
Mapping efficiency: 50.00%
Average IFMAP SRAM BW: 5.801 words/cycle
Average Filter SRAM BW: 0.767 words/cycle
Average OFMAP SRAM BW: 11.601 words/cycle
Average IFMAP DRAM BW: 3.681 words/cycle
Average Filter DRAM BW: 3.894 words/cycle
Average OFMAP DRAM BW: 16.000 words/cycle

Running Layer 1324
Total cycles: 1413
Compute cycles: 667
Stall cycles: 0
Overall utilization: 72.56%
Mapping efficiency: 100.00%
Average IFMAP SRAM BW: 11.610 words/cycle
Average Filter SRAM BW: 1.535 words/cycle
Average OFMAP SRAM BW: 11.610 words/cycle
Average IFMAP DRAM BW: 7.361 words/cycle
Average Filter DRAM BW: 3.894 words/cycle
Average OFMAP DRAM BW: 16.000 words/cycle

Running Layer 1325
Total cycles: 2565
Compute cycles: 1335
Stall cycles: 0
Overall utilization: 72.51%
Mapping efficiency: 100.00%
Average IFMAP SRAM BW: 11.601 words/cycle
Average Filter SRAM BW: 1.534 words/cycle
Average OFMAP SRAM BW: 11.601 words/cycle
Average IFMAP DRAM BW: 7.361 words/cycle
Average Filter DRAM BW: 7.787 words/cycle
Average OFMAP DRAM BW: 16.000 words/cycle

Running Layer 1326
Total cycles: 2827
Compute cycles: 1335
Stall cycles: 0
Overall utilization: 72.51%
Mapping efficiency: 100.00%
Average IFMAP SRAM BW: 11.601 words/cycle
Average Filter SRAM BW: 1.534 words/cycle
Average OFMAP SRAM BW: 11.601 words/cycle
Average IFMAP DRAM BW: 7.375 words/cycle
Average Filter DRAM BW: 7.787 words/cycle
Average OFMAP DRAM BW: 16.000 words/cycle

Running Layer 1327
Total cycles: 5131
Compute cycles: 2671
Stall cycles: 0
Overall utilization: 72.48%
Mapping efficiency: 100.00%
Average IFMAP SRAM BW: 11.597 words/cycle
Average Filter SRAM BW: 1.534 words/cycle
Average OFMAP SRAM BW: 11.597 words/cycle
Average IFMAP DRAM BW: 7.375 words/cycle
Average Filter DRAM BW: 7.802 words/cycle
Average OFMAP DRAM BW: 16.000 words/cycle

Running Layer 1328
Total cycles: 5393
Compute cycles: 2671
Stall cycles: 0
Overall utilization: 72.48%
Mapping efficiency: 100.00%
Average IFMAP SRAM BW: 11.597 words/cycle
Average Filter SRAM BW: 1.534 words/cycle
Average OFMAP SRAM BW: 11.597 words/cycle
Average IFMAP DRAM BW: 9.840 words/cycle
Average Filter DRAM BW: 7.802 words/cycle
Average OFMAP DRAM BW: 16.000 words/cycle

Running Layer 1329
Total cycles: 10263
Compute cycles: 5343
Stall cycles: 0
Overall utilization: 72.47%
Mapping efficiency: 100.00%
Average IFMAP SRAM BW: 11.595 words/cycle
Average Filter SRAM BW: 1.533 words/cycle
Average OFMAP SRAM BW: 11.595 words/cycle
Average IFMAP DRAM BW: 9.840 words/cycle
Average Filter DRAM BW: 7.809 words/cycle
Average OFMAP DRAM BW: 16.000 words/cycle

Running Layer 1330
Total cycles: 20265
Compute cycles: 10687
Stall cycles: 0
Overall utilization: 72.46%
Mapping efficiency: 100.00%
Average IFMAP SRAM BW: 11.594 words/cycle
Average Filter SRAM BW: 1.533 words/cycle
Average OFMAP SRAM BW: 11.594 words/cycle
Average IFMAP DRAM BW: 9.846 words/cycle
Average Filter DRAM BW: 8.929 words/cycle
Average OFMAP DRAM BW: 16.000 words/cycle

Running Layer 1331
Total cycles: 1421
Compute cycles: 671
Stall cycles: 0
Overall utilization: 18.18%
Mapping efficiency: 25.00%
Average IFMAP SRAM BW: 2.909 words/cycle
Average Filter SRAM BW: 0.382 words/cycle
Average OFMAP SRAM BW: 11.636 words/cycle
Average IFMAP DRAM BW: 1.856 words/cycle
Average Filter DRAM BW: 0.973 words/cycle
Average OFMAP DRAM BW: 16.000 words/cycle

Running Layer 1332
Total cycles: 2581
Compute cycles: 1343
Stall cycles: 0
Overall utilization: 18.17%
Mapping efficiency: 25.00%
Average IFMAP SRAM BW: 2.907 words/cycle
Average Filter SRAM BW: 0.381 words/cycle
Average OFMAP SRAM BW: 11.628 words/cycle
Average IFMAP DRAM BW: 1.856 words/cycle
Average Filter DRAM BW: 1.947 words/cycle
Average OFMAP DRAM BW: 16.000 words/cycle

Running Layer 1333
Total cycles: 1421
Compute cycles: 671
Stall cycles: 0
Overall utilization: 36.36%
Mapping efficiency: 50.00%
Average IFMAP SRAM BW: 5.818 words/cycle
Average Filter SRAM BW: 0.763 words/cycle
Average OFMAP SRAM BW: 11.636 words/cycle
Average IFMAP DRAM BW: 3.711 words/cycle
Average Filter DRAM BW: 1.947 words/cycle
Average OFMAP DRAM BW: 16.000 words/cycle

Running Layer 1334
Total cycles: 2581
Compute cycles: 1343
Stall cycles: 0
Overall utilization: 36.34%
Mapping efficiency: 50.00%
Average IFMAP SRAM BW: 5.814 words/cycle
Average Filter SRAM BW: 0.762 words/cycle
Average OFMAP SRAM BW: 11.628 words/cycle
Average IFMAP DRAM BW: 3.711 words/cycle
Average Filter DRAM BW: 3.894 words/cycle
Average OFMAP DRAM BW: 16.000 words/cycle

Running Layer 1335
Total cycles: 1421
Compute cycles: 671
Stall cycles: 0
Overall utilization: 72.73%
Mapping efficiency: 100.00%
Average IFMAP SRAM BW: 11.636 words/cycle
Average Filter SRAM BW: 1.526 words/cycle
Average OFMAP SRAM BW: 11.636 words/cycle
Average IFMAP DRAM BW: 7.422 words/cycle
Average Filter DRAM BW: 3.894 words/cycle
Average OFMAP DRAM BW: 16.000 words/cycle

Running Layer 1336
Total cycles: 2581
Compute cycles: 1343
Stall cycles: 0
Overall utilization: 72.67%
Mapping efficiency: 100.00%
Average IFMAP SRAM BW: 11.628 words/cycle
Average Filter SRAM BW: 1.525 words/cycle
Average OFMAP SRAM BW: 11.628 words/cycle
Average IFMAP DRAM BW: 7.422 words/cycle
Average Filter DRAM BW: 7.787 words/cycle
Average OFMAP DRAM BW: 16.000 words/cycle

Running Layer 1337
Total cycles: 2843
Compute cycles: 1343
Stall cycles: 0
Overall utilization: 72.67%
Mapping efficiency: 100.00%
Average IFMAP SRAM BW: 11.628 words/cycle
Average Filter SRAM BW: 1.525 words/cycle
Average OFMAP SRAM BW: 11.628 words/cycle
Average IFMAP DRAM BW: 7.436 words/cycle
Average Filter DRAM BW: 7.787 words/cycle
Average OFMAP DRAM BW: 16.000 words/cycle

Running Layer 1338
Total cycles: 5163
Compute cycles: 2687
Stall cycles: 0
Overall utilization: 72.65%
Mapping efficiency: 100.00%
Average IFMAP SRAM BW: 11.623 words/cycle
Average Filter SRAM BW: 1.524 words/cycle
Average OFMAP SRAM BW: 11.623 words/cycle
Average IFMAP DRAM BW: 7.436 words/cycle
Average Filter DRAM BW: 7.802 words/cycle
Average OFMAP DRAM BW: 16.000 words/cycle

Running Layer 1339
Total cycles: 5425
Compute cycles: 2687
Stall cycles: 0
Overall utilization: 72.65%
Mapping efficiency: 100.00%
Average IFMAP SRAM BW: 11.623 words/cycle
Average Filter SRAM BW: 1.524 words/cycle
Average OFMAP SRAM BW: 11.623 words/cycle
Average IFMAP DRAM BW: 9.921 words/cycle
Average Filter DRAM BW: 7.802 words/cycle
Average OFMAP DRAM BW: 16.000 words/cycle

Running Layer 1340
Total cycles: 10327
Compute cycles: 5375
Stall cycles: 0
Overall utilization: 72.63%
Mapping efficiency: 100.00%
Average IFMAP SRAM BW: 11.621 words/cycle
Average Filter SRAM BW: 1.524 words/cycle
Average OFMAP SRAM BW: 11.621 words/cycle
Average IFMAP DRAM BW: 9.921 words/cycle
Average Filter DRAM BW: 7.809 words/cycle
Average OFMAP DRAM BW: 16.000 words/cycle

Running Layer 1341
Total cycles: 20393
Compute cycles: 10751
Stall cycles: 0
Overall utilization: 72.63%
Mapping efficiency: 100.00%
Average IFMAP SRAM BW: 11.620 words/cycle
Average Filter SRAM BW: 1.524 words/cycle
Average OFMAP SRAM BW: 11.620 words/cycle
Average IFMAP DRAM BW: 9.928 words/cycle
Average Filter DRAM BW: 8.929 words/cycle
Average OFMAP DRAM BW: 16.000 words/cycle

Running Layer 1342
Total cycles: 1429
Compute cycles: 675
Stall cycles: 0
Overall utilization: 18.22%
Mapping efficiency: 25.00%
Average IFMAP SRAM BW: 2.916 words/cycle
Average Filter SRAM BW: 0.379 words/cycle
Average OFMAP SRAM BW: 11.662 words/cycle
Average IFMAP DRAM BW: 1.871 words/cycle
Average Filter DRAM BW: 0.973 words/cycle
Average OFMAP DRAM BW: 16.000 words/cycle

Running Layer 1343
Total cycles: 2597
Compute cycles: 1351
Stall cycles: 0
Overall utilization: 18.21%
Mapping efficiency: 25.00%
Average IFMAP SRAM BW: 2.913 words/cycle
Average Filter SRAM BW: 0.379 words/cycle
Average OFMAP SRAM BW: 11.654 words/cycle
Average IFMAP DRAM BW: 1.871 words/cycle
Average Filter DRAM BW: 1.947 words/cycle
Average OFMAP DRAM BW: 16.000 words/cycle

Running Layer 1344
Total cycles: 1429
Compute cycles: 675
Stall cycles: 0
Overall utilization: 36.44%
Mapping efficiency: 50.00%
Average IFMAP SRAM BW: 5.831 words/cycle
Average Filter SRAM BW: 0.759 words/cycle
Average OFMAP SRAM BW: 11.662 words/cycle
Average IFMAP DRAM BW: 3.741 words/cycle
Average Filter DRAM BW: 1.947 words/cycle
Average OFMAP DRAM BW: 16.000 words/cycle

Running Layer 1345
Total cycles: 2597
Compute cycles: 1351
Stall cycles: 0
Overall utilization: 36.42%
Mapping efficiency: 50.00%
Average IFMAP SRAM BW: 5.827 words/cycle
Average Filter SRAM BW: 0.758 words/cycle
Average OFMAP SRAM BW: 11.654 words/cycle
Average IFMAP DRAM BW: 3.741 words/cycle
Average Filter DRAM BW: 3.894 words/cycle
Average OFMAP DRAM BW: 16.000 words/cycle

Running Layer 1346
Total cycles: 1429
Compute cycles: 675
Stall cycles: 0
Overall utilization: 72.89%
Mapping efficiency: 100.00%
Average IFMAP SRAM BW: 11.662 words/cycle
Average Filter SRAM BW: 1.517 words/cycle
Average OFMAP SRAM BW: 11.662 words/cycle
Average IFMAP DRAM BW: 7.483 words/cycle
Average Filter DRAM BW: 3.894 words/cycle
Average OFMAP DRAM BW: 16.000 words/cycle

Running Layer 1347
Total cycles: 2597
Compute cycles: 1351
Stall cycles: 0
Overall utilization: 72.83%
Mapping efficiency: 100.00%
Average IFMAP SRAM BW: 11.654 words/cycle
Average Filter SRAM BW: 1.516 words/cycle
Average OFMAP SRAM BW: 11.654 words/cycle
Average IFMAP DRAM BW: 7.483 words/cycle
Average Filter DRAM BW: 7.787 words/cycle
Average OFMAP DRAM BW: 16.000 words/cycle

Running Layer 1348
Total cycles: 2859
Compute cycles: 1351
Stall cycles: 0
Overall utilization: 72.83%
Mapping efficiency: 100.00%
Average IFMAP SRAM BW: 11.654 words/cycle
Average Filter SRAM BW: 1.516 words/cycle
Average OFMAP SRAM BW: 11.654 words/cycle
Average IFMAP DRAM BW: 7.497 words/cycle
Average Filter DRAM BW: 7.787 words/cycle
Average OFMAP DRAM BW: 16.000 words/cycle

Running Layer 1349
Total cycles: 5195
Compute cycles: 2703
Stall cycles: 0
Overall utilization: 72.81%
Mapping efficiency: 100.00%
Average IFMAP SRAM BW: 11.649 words/cycle
Average Filter SRAM BW: 1.515 words/cycle
Average OFMAP SRAM BW: 11.649 words/cycle
Average IFMAP DRAM BW: 7.497 words/cycle
Average Filter DRAM BW: 7.802 words/cycle
Average OFMAP DRAM BW: 16.000 words/cycle

Running Layer 1350
Total cycles: 5719
Compute cycles: 2703
Stall cycles: 0
Overall utilization: 72.81%
Mapping efficiency: 100.00%
Average IFMAP SRAM BW: 11.649 words/cycle
Average Filter SRAM BW: 1.515 words/cycle
Average OFMAP SRAM BW: 11.649 words/cycle
Average IFMAP DRAM BW: 7.504 words/cycle
Average Filter DRAM BW: 7.802 words/cycle
Average OFMAP DRAM BW: 16.000 words/cycle

Running Layer 1351
Total cycles: 10391
Compute cycles: 5407
Stall cycles: 0
Overall utilization: 72.79%
Mapping efficiency: 100.00%
Average IFMAP SRAM BW: 11.647 words/cycle
Average Filter SRAM BW: 1.515 words/cycle
Average OFMAP SRAM BW: 11.647 words/cycle
Average IFMAP DRAM BW: 7.504 words/cycle
Average Filter DRAM BW: 7.809 words/cycle
Average OFMAP DRAM BW: 16.000 words/cycle

Running Layer 1352
Total cycles: 20521
Compute cycles: 10815
Stall cycles: 0
Overall utilization: 72.79%
Mapping efficiency: 100.00%
Average IFMAP SRAM BW: 11.646 words/cycle
Average Filter SRAM BW: 1.515 words/cycle
Average OFMAP SRAM BW: 11.646 words/cycle
Average IFMAP DRAM BW: 8.580 words/cycle
Average Filter DRAM BW: 8.929 words/cycle
Average OFMAP DRAM BW: 16.000 words/cycle

Running Layer 1353
Total cycles: 1437
Compute cycles: 679
Stall cycles: 0
Overall utilization: 18.26%
Mapping efficiency: 25.00%
Average IFMAP SRAM BW: 2.922 words/cycle
Average Filter SRAM BW: 0.377 words/cycle
Average OFMAP SRAM BW: 11.688 words/cycle
Average IFMAP DRAM BW: 1.886 words/cycle
Average Filter DRAM BW: 0.973 words/cycle
Average OFMAP DRAM BW: 16.000 words/cycle

Running Layer 1354
Total cycles: 2613
Compute cycles: 1359
Stall cycles: 0
Overall utilization: 18.25%
Mapping efficiency: 25.00%
Average IFMAP SRAM BW: 2.920 words/cycle
Average Filter SRAM BW: 0.377 words/cycle
Average OFMAP SRAM BW: 11.679 words/cycle
Average IFMAP DRAM BW: 1.886 words/cycle
Average Filter DRAM BW: 1.947 words/cycle
Average OFMAP DRAM BW: 16.000 words/cycle

Running Layer 1355
Total cycles: 1437
Compute cycles: 679
Stall cycles: 0
Overall utilization: 36.52%
Mapping efficiency: 50.00%
Average IFMAP SRAM BW: 5.844 words/cycle
Average Filter SRAM BW: 0.754 words/cycle
Average OFMAP SRAM BW: 11.688 words/cycle
Average IFMAP DRAM BW: 3.772 words/cycle
Average Filter DRAM BW: 1.947 words/cycle
Average OFMAP DRAM BW: 16.000 words/cycle

Running Layer 1356
Total cycles: 2613
Compute cycles: 1359
Stall cycles: 0
Overall utilization: 36.50%
Mapping efficiency: 50.00%
Average IFMAP SRAM BW: 5.840 words/cycle
Average Filter SRAM BW: 0.753 words/cycle
Average OFMAP SRAM BW: 11.679 words/cycle
Average IFMAP DRAM BW: 3.772 words/cycle
Average Filter DRAM BW: 3.894 words/cycle
Average OFMAP DRAM BW: 16.000 words/cycle

Running Layer 1357
Total cycles: 1437
Compute cycles: 679
Stall cycles: 0
Overall utilization: 73.05%
Mapping efficiency: 100.00%
Average IFMAP SRAM BW: 11.688 words/cycle
Average Filter SRAM BW: 1.508 words/cycle
Average OFMAP SRAM BW: 11.688 words/cycle
Average IFMAP DRAM BW: 7.544 words/cycle
Average Filter DRAM BW: 3.894 words/cycle
Average OFMAP DRAM BW: 16.000 words/cycle

Running Layer 1358
Total cycles: 2613
Compute cycles: 1359
Stall cycles: 0
Overall utilization: 72.99%
Mapping efficiency: 100.00%
Average IFMAP SRAM BW: 11.679 words/cycle
Average Filter SRAM BW: 1.507 words/cycle
Average OFMAP SRAM BW: 11.679 words/cycle
Average IFMAP DRAM BW: 7.544 words/cycle
Average Filter DRAM BW: 7.787 words/cycle
Average OFMAP DRAM BW: 16.000 words/cycle

Running Layer 1359
Total cycles: 2875
Compute cycles: 1359
Stall cycles: 0
Overall utilization: 72.99%
Mapping efficiency: 100.00%
Average IFMAP SRAM BW: 11.679 words/cycle
Average Filter SRAM BW: 1.507 words/cycle
Average OFMAP SRAM BW: 11.679 words/cycle
Average IFMAP DRAM BW: 7.558 words/cycle
Average Filter DRAM BW: 7.787 words/cycle
Average OFMAP DRAM BW: 16.000 words/cycle

Running Layer 1360
Total cycles: 5227
Compute cycles: 2719
Stall cycles: 0
Overall utilization: 72.97%
Mapping efficiency: 100.00%
Average IFMAP SRAM BW: 11.675 words/cycle
Average Filter SRAM BW: 1.506 words/cycle
Average OFMAP SRAM BW: 11.675 words/cycle
Average IFMAP DRAM BW: 7.558 words/cycle
Average Filter DRAM BW: 7.802 words/cycle
Average OFMAP DRAM BW: 16.000 words/cycle

Running Layer 1361
Total cycles: 5751
Compute cycles: 2719
Stall cycles: 0
Overall utilization: 72.97%
Mapping efficiency: 100.00%
Average IFMAP SRAM BW: 11.675 words/cycle
Average Filter SRAM BW: 1.506 words/cycle
Average OFMAP SRAM BW: 11.675 words/cycle
Average IFMAP DRAM BW: 7.565 words/cycle
Average Filter DRAM BW: 7.802 words/cycle
Average OFMAP DRAM BW: 16.000 words/cycle

Running Layer 1362
Total cycles: 10455
Compute cycles: 5439
Stall cycles: 0
Overall utilization: 72.95%
Mapping efficiency: 100.00%
Average IFMAP SRAM BW: 11.673 words/cycle
Average Filter SRAM BW: 1.506 words/cycle
Average OFMAP SRAM BW: 11.673 words/cycle
Average IFMAP DRAM BW: 7.565 words/cycle
Average Filter DRAM BW: 7.809 words/cycle
Average OFMAP DRAM BW: 16.000 words/cycle

Running Layer 1363
Total cycles: 20649
Compute cycles: 10879
Stall cycles: 0
Overall utilization: 72.95%
Mapping efficiency: 100.00%
Average IFMAP SRAM BW: 11.672 words/cycle
Average Filter SRAM BW: 1.506 words/cycle
Average OFMAP SRAM BW: 11.672 words/cycle
Average IFMAP DRAM BW: 8.650 words/cycle
Average Filter DRAM BW: 8.929 words/cycle
Average OFMAP DRAM BW: 16.000 words/cycle

Running Layer 1364
Total cycles: 1445
Compute cycles: 683
Stall cycles: 0
Overall utilization: 18.30%
Mapping efficiency: 25.00%
Average IFMAP SRAM BW: 2.928 words/cycle
Average Filter SRAM BW: 0.375 words/cycle
Average OFMAP SRAM BW: 11.713 words/cycle
Average IFMAP DRAM BW: 1.901 words/cycle
Average Filter DRAM BW: 0.973 words/cycle
Average OFMAP DRAM BW: 16.000 words/cycle

Running Layer 1365
Total cycles: 2629
Compute cycles: 1367
Stall cycles: 0
Overall utilization: 18.29%
Mapping efficiency: 25.00%
Average IFMAP SRAM BW: 2.926 words/cycle
Average Filter SRAM BW: 0.375 words/cycle
Average OFMAP SRAM BW: 11.704 words/cycle
Average IFMAP DRAM BW: 1.901 words/cycle
Average Filter DRAM BW: 1.947 words/cycle
Average OFMAP DRAM BW: 16.000 words/cycle

Running Layer 1366
Total cycles: 1445
Compute cycles: 683
Stall cycles: 0
Overall utilization: 36.60%
Mapping efficiency: 50.00%
Average IFMAP SRAM BW: 5.857 words/cycle
Average Filter SRAM BW: 0.750 words/cycle
Average OFMAP SRAM BW: 11.713 words/cycle
Average IFMAP DRAM BW: 3.802 words/cycle
Average Filter DRAM BW: 1.947 words/cycle
Average OFMAP DRAM BW: 16.000 words/cycle

Running Layer 1367
Total cycles: 2629
Compute cycles: 1367
Stall cycles: 0
Overall utilization: 36.58%
Mapping efficiency: 50.00%
Average IFMAP SRAM BW: 5.852 words/cycle
Average Filter SRAM BW: 0.749 words/cycle
Average OFMAP SRAM BW: 11.704 words/cycle
Average IFMAP DRAM BW: 3.802 words/cycle
Average Filter DRAM BW: 3.894 words/cycle
Average OFMAP DRAM BW: 16.000 words/cycle

Running Layer 1368
Total cycles: 1445
Compute cycles: 683
Stall cycles: 0
Overall utilization: 73.21%
Mapping efficiency: 100.00%
Average IFMAP SRAM BW: 11.713 words/cycle
Average Filter SRAM BW: 1.499 words/cycle
Average OFMAP SRAM BW: 11.713 words/cycle
Average IFMAP DRAM BW: 7.605 words/cycle
Average Filter DRAM BW: 3.894 words/cycle
Average OFMAP DRAM BW: 16.000 words/cycle

Running Layer 1369
Total cycles: 2629
Compute cycles: 1367
Stall cycles: 0
Overall utilization: 73.15%
Mapping efficiency: 100.00%
Average IFMAP SRAM BW: 11.704 words/cycle
Average Filter SRAM BW: 1.498 words/cycle
Average OFMAP SRAM BW: 11.704 words/cycle
Average IFMAP DRAM BW: 7.605 words/cycle
Average Filter DRAM BW: 7.787 words/cycle
Average OFMAP DRAM BW: 16.000 words/cycle

Running Layer 1370
Total cycles: 2891
Compute cycles: 1367
Stall cycles: 0
Overall utilization: 73.15%
Mapping efficiency: 100.00%
Average IFMAP SRAM BW: 11.704 words/cycle
Average Filter SRAM BW: 1.498 words/cycle
Average OFMAP SRAM BW: 11.704 words/cycle
Average IFMAP DRAM BW: 7.619 words/cycle
Average Filter DRAM BW: 7.787 words/cycle
Average OFMAP DRAM BW: 16.000 words/cycle

Running Layer 1371
Total cycles: 5259
Compute cycles: 2735
Stall cycles: 0
Overall utilization: 73.13%
Mapping efficiency: 100.00%
Average IFMAP SRAM BW: 11.700 words/cycle
Average Filter SRAM BW: 1.498 words/cycle
Average OFMAP SRAM BW: 11.700 words/cycle
Average IFMAP DRAM BW: 7.619 words/cycle
Average Filter DRAM BW: 7.802 words/cycle
Average OFMAP DRAM BW: 16.000 words/cycle

Running Layer 1372
Total cycles: 5783
Compute cycles: 2735
Stall cycles: 0
Overall utilization: 73.13%
Mapping efficiency: 100.00%
Average IFMAP SRAM BW: 11.700 words/cycle
Average Filter SRAM BW: 1.498 words/cycle
Average OFMAP SRAM BW: 11.700 words/cycle
Average IFMAP DRAM BW: 7.626 words/cycle
Average Filter DRAM BW: 7.802 words/cycle
Average OFMAP DRAM BW: 16.000 words/cycle

Running Layer 1373
Total cycles: 10519
Compute cycles: 5471
Stall cycles: 0
Overall utilization: 73.11%
Mapping efficiency: 100.00%
Average IFMAP SRAM BW: 11.698 words/cycle
Average Filter SRAM BW: 1.497 words/cycle
Average OFMAP SRAM BW: 11.698 words/cycle
Average IFMAP DRAM BW: 7.626 words/cycle
Average Filter DRAM BW: 7.809 words/cycle
Average OFMAP DRAM BW: 16.000 words/cycle

Running Layer 1374
Total cycles: 20777
Compute cycles: 10943
Stall cycles: 0
Overall utilization: 73.11%
Mapping efficiency: 100.00%
Average IFMAP SRAM BW: 11.697 words/cycle
Average Filter SRAM BW: 1.497 words/cycle
Average OFMAP SRAM BW: 11.697 words/cycle
Average IFMAP DRAM BW: 8.719 words/cycle
Average Filter DRAM BW: 8.929 words/cycle
Average OFMAP DRAM BW: 16.000 words/cycle

Running Layer 1375
Total cycles: 1453
Compute cycles: 687
Stall cycles: 0
Overall utilization: 18.34%
Mapping efficiency: 25.00%
Average IFMAP SRAM BW: 2.934 words/cycle
Average Filter SRAM BW: 0.373 words/cycle
Average OFMAP SRAM BW: 11.738 words/cycle
Average IFMAP DRAM BW: 1.916 words/cycle
Average Filter DRAM BW: 0.973 words/cycle
Average OFMAP DRAM BW: 16.000 words/cycle

Running Layer 1376
Total cycles: 2645
Compute cycles: 1375
Stall cycles: 0
Overall utilization: 18.33%
Mapping efficiency: 25.00%
Average IFMAP SRAM BW: 2.932 words/cycle
Average Filter SRAM BW: 0.372 words/cycle
Average OFMAP SRAM BW: 11.729 words/cycle
Average IFMAP DRAM BW: 1.916 words/cycle
Average Filter DRAM BW: 1.947 words/cycle
Average OFMAP DRAM BW: 16.000 words/cycle

Running Layer 1377
Total cycles: 1453
Compute cycles: 687
Stall cycles: 0
Overall utilization: 36.68%
Mapping efficiency: 50.00%
Average IFMAP SRAM BW: 5.869 words/cycle
Average Filter SRAM BW: 0.745 words/cycle
Average OFMAP SRAM BW: 11.738 words/cycle
Average IFMAP DRAM BW: 3.833 words/cycle
Average Filter DRAM BW: 1.947 words/cycle
Average OFMAP DRAM BW: 16.000 words/cycle

Running Layer 1378
Total cycles: 2645
Compute cycles: 1375
Stall cycles: 0
Overall utilization: 36.65%
Mapping efficiency: 50.00%
Average IFMAP SRAM BW: 5.865 words/cycle
Average Filter SRAM BW: 0.745 words/cycle
Average OFMAP SRAM BW: 11.729 words/cycle
Average IFMAP DRAM BW: 3.833 words/cycle
Average Filter DRAM BW: 3.894 words/cycle
Average OFMAP DRAM BW: 16.000 words/cycle

Running Layer 1379
Total cycles: 1453
Compute cycles: 687
Stall cycles: 0
Overall utilization: 73.36%
Mapping efficiency: 100.00%
Average IFMAP SRAM BW: 11.738 words/cycle
Average Filter SRAM BW: 1.491 words/cycle
Average OFMAP SRAM BW: 11.738 words/cycle
Average IFMAP DRAM BW: 7.665 words/cycle
Average Filter DRAM BW: 3.894 words/cycle
Average OFMAP DRAM BW: 16.000 words/cycle

Running Layer 1380
Total cycles: 2645
Compute cycles: 1375
Stall cycles: 0
Overall utilization: 73.31%
Mapping efficiency: 100.00%
Average IFMAP SRAM BW: 11.729 words/cycle
Average Filter SRAM BW: 1.489 words/cycle
Average OFMAP SRAM BW: 11.729 words/cycle
Average IFMAP DRAM BW: 7.665 words/cycle
Average Filter DRAM BW: 7.787 words/cycle
Average OFMAP DRAM BW: 16.000 words/cycle

Running Layer 1381
Total cycles: 2907
Compute cycles: 1375
Stall cycles: 0
Overall utilization: 73.31%
Mapping efficiency: 100.00%
Average IFMAP SRAM BW: 11.729 words/cycle
Average Filter SRAM BW: 1.489 words/cycle
Average OFMAP SRAM BW: 11.729 words/cycle
Average IFMAP DRAM BW: 7.680 words/cycle
Average Filter DRAM BW: 7.787 words/cycle
Average OFMAP DRAM BW: 16.000 words/cycle

Running Layer 1382
Total cycles: 5291
Compute cycles: 2751
Stall cycles: 0
Overall utilization: 73.28%
Mapping efficiency: 100.00%
Average IFMAP SRAM BW: 11.725 words/cycle
Average Filter SRAM BW: 1.489 words/cycle
Average OFMAP SRAM BW: 11.725 words/cycle
Average IFMAP DRAM BW: 7.680 words/cycle
Average Filter DRAM BW: 7.802 words/cycle
Average OFMAP DRAM BW: 16.000 words/cycle

Running Layer 1383
Total cycles: 5815
Compute cycles: 2751
Stall cycles: 0
Overall utilization: 73.28%
Mapping efficiency: 100.00%
Average IFMAP SRAM BW: 11.725 words/cycle
Average Filter SRAM BW: 1.489 words/cycle
Average OFMAP SRAM BW: 11.725 words/cycle
Average IFMAP DRAM BW: 7.687 words/cycle
Average Filter DRAM BW: 7.802 words/cycle
Average OFMAP DRAM BW: 16.000 words/cycle

Running Layer 1384
Total cycles: 10583
Compute cycles: 5503
Stall cycles: 0
Overall utilization: 73.27%
Mapping efficiency: 100.00%
Average IFMAP SRAM BW: 11.723 words/cycle
Average Filter SRAM BW: 1.489 words/cycle
Average OFMAP SRAM BW: 11.723 words/cycle
Average IFMAP DRAM BW: 7.687 words/cycle
Average Filter DRAM BW: 7.809 words/cycle
Average OFMAP DRAM BW: 16.000 words/cycle

Running Layer 1385
Total cycles: 20905
Compute cycles: 11007
Stall cycles: 0
Overall utilization: 73.26%
Mapping efficiency: 100.00%
Average IFMAP SRAM BW: 11.722 words/cycle
Average Filter SRAM BW: 1.489 words/cycle
Average OFMAP SRAM BW: 11.722 words/cycle
Average IFMAP DRAM BW: 8.789 words/cycle
Average Filter DRAM BW: 8.929 words/cycle
Average OFMAP DRAM BW: 16.000 words/cycle

Running Layer 1386
Total cycles: 1461
Compute cycles: 691
Stall cycles: 0
Overall utilization: 18.38%
Mapping efficiency: 25.00%
Average IFMAP SRAM BW: 2.941 words/cycle
Average Filter SRAM BW: 0.370 words/cycle
Average OFMAP SRAM BW: 11.763 words/cycle
Average IFMAP DRAM BW: 1.932 words/cycle
Average Filter DRAM BW: 0.973 words/cycle
Average OFMAP DRAM BW: 16.000 words/cycle

Running Layer 1387
Total cycles: 2661
Compute cycles: 1383
Stall cycles: 0
Overall utilization: 18.37%
Mapping efficiency: 25.00%
Average IFMAP SRAM BW: 2.939 words/cycle
Average Filter SRAM BW: 0.370 words/cycle
Average OFMAP SRAM BW: 11.754 words/cycle
Average IFMAP DRAM BW: 1.932 words/cycle
Average Filter DRAM BW: 1.947 words/cycle
Average OFMAP DRAM BW: 16.000 words/cycle

Running Layer 1388
Total cycles: 1461
Compute cycles: 691
Stall cycles: 0
Overall utilization: 36.76%
Mapping efficiency: 50.00%
Average IFMAP SRAM BW: 5.881 words/cycle
Average Filter SRAM BW: 0.741 words/cycle
Average OFMAP SRAM BW: 11.763 words/cycle
Average IFMAP DRAM BW: 3.863 words/cycle
Average Filter DRAM BW: 1.947 words/cycle
Average OFMAP DRAM BW: 16.000 words/cycle

Running Layer 1389
Total cycles: 2661
Compute cycles: 1383
Stall cycles: 0
Overall utilization: 36.73%
Mapping efficiency: 50.00%
Average IFMAP SRAM BW: 5.877 words/cycle
Average Filter SRAM BW: 0.740 words/cycle
Average OFMAP SRAM BW: 11.754 words/cycle
Average IFMAP DRAM BW: 3.863 words/cycle
Average Filter DRAM BW: 3.894 words/cycle
Average OFMAP DRAM BW: 16.000 words/cycle

Running Layer 1390
Total cycles: 1461
Compute cycles: 691
Stall cycles: 0
Overall utilization: 73.52%
Mapping efficiency: 100.00%
Average IFMAP SRAM BW: 11.763 words/cycle
Average Filter SRAM BW: 1.482 words/cycle
Average OFMAP SRAM BW: 11.763 words/cycle
Average IFMAP DRAM BW: 7.726 words/cycle
Average Filter DRAM BW: 3.894 words/cycle
Average OFMAP DRAM BW: 16.000 words/cycle

Running Layer 1391
Total cycles: 2661
Compute cycles: 1383
Stall cycles: 0
Overall utilization: 73.46%
Mapping efficiency: 100.00%
Average IFMAP SRAM BW: 11.754 words/cycle
Average Filter SRAM BW: 1.481 words/cycle
Average OFMAP SRAM BW: 11.754 words/cycle
Average IFMAP DRAM BW: 7.726 words/cycle
Average Filter DRAM BW: 7.787 words/cycle
Average OFMAP DRAM BW: 16.000 words/cycle

Running Layer 1392
Total cycles: 2923
Compute cycles: 1383
Stall cycles: 0
Overall utilization: 73.46%
Mapping efficiency: 100.00%
Average IFMAP SRAM BW: 11.754 words/cycle
Average Filter SRAM BW: 1.481 words/cycle
Average OFMAP SRAM BW: 11.754 words/cycle
Average IFMAP DRAM BW: 7.741 words/cycle
Average Filter DRAM BW: 7.787 words/cycle
Average OFMAP DRAM BW: 16.000 words/cycle

Running Layer 1393
Total cycles: 5323
Compute cycles: 2767
Stall cycles: 0
Overall utilization: 73.44%
Mapping efficiency: 100.00%
Average IFMAP SRAM BW: 11.750 words/cycle
Average Filter SRAM BW: 1.480 words/cycle
Average OFMAP SRAM BW: 11.750 words/cycle
Average IFMAP DRAM BW: 7.741 words/cycle
Average Filter DRAM BW: 7.802 words/cycle
Average OFMAP DRAM BW: 16.000 words/cycle

Running Layer 1394
Total cycles: 5847
Compute cycles: 2767
Stall cycles: 0
Overall utilization: 73.44%
Mapping efficiency: 100.00%
Average IFMAP SRAM BW: 11.750 words/cycle
Average Filter SRAM BW: 1.480 words/cycle
Average OFMAP SRAM BW: 11.750 words/cycle
Average IFMAP DRAM BW: 7.748 words/cycle
Average Filter DRAM BW: 7.802 words/cycle
Average OFMAP DRAM BW: 16.000 words/cycle

Running Layer 1395
Total cycles: 10647
Compute cycles: 5535
Stall cycles: 0
Overall utilization: 73.42%
Mapping efficiency: 100.00%
Average IFMAP SRAM BW: 11.748 words/cycle
Average Filter SRAM BW: 1.480 words/cycle
Average OFMAP SRAM BW: 11.748 words/cycle
Average IFMAP DRAM BW: 7.748 words/cycle
Average Filter DRAM BW: 7.809 words/cycle
Average OFMAP DRAM BW: 16.000 words/cycle

Running Layer 1396
Total cycles: 21033
Compute cycles: 11071
Stall cycles: 0
Overall utilization: 73.42%
Mapping efficiency: 100.00%
Average IFMAP SRAM BW: 11.747 words/cycle
Average Filter SRAM BW: 1.480 words/cycle
Average OFMAP SRAM BW: 11.747 words/cycle
Average IFMAP DRAM BW: 8.859 words/cycle
Average Filter DRAM BW: 8.929 words/cycle
Average OFMAP DRAM BW: 16.000 words/cycle

Running Layer 1397
Total cycles: 1469
Compute cycles: 695
Stall cycles: 0
Overall utilization: 18.42%
Mapping efficiency: 25.00%
Average IFMAP SRAM BW: 2.947 words/cycle
Average Filter SRAM BW: 0.368 words/cycle
Average OFMAP SRAM BW: 11.787 words/cycle
Average IFMAP DRAM BW: 1.947 words/cycle
Average Filter DRAM BW: 0.973 words/cycle
Average OFMAP DRAM BW: 16.000 words/cycle

Running Layer 1398
Total cycles: 2677
Compute cycles: 1391
Stall cycles: 0
Overall utilization: 18.40%
Mapping efficiency: 25.00%
Average IFMAP SRAM BW: 2.945 words/cycle
Average Filter SRAM BW: 0.368 words/cycle
Average OFMAP SRAM BW: 11.779 words/cycle
Average IFMAP DRAM BW: 1.947 words/cycle
Average Filter DRAM BW: 1.947 words/cycle
Average OFMAP DRAM BW: 16.000 words/cycle

Running Layer 1399
Total cycles: 1469
Compute cycles: 695
Stall cycles: 0
Overall utilization: 36.83%
Mapping efficiency: 50.00%
Average IFMAP SRAM BW: 5.894 words/cycle
Average Filter SRAM BW: 0.737 words/cycle
Average OFMAP SRAM BW: 11.787 words/cycle
Average IFMAP DRAM BW: 3.894 words/cycle
Average Filter DRAM BW: 1.947 words/cycle
Average OFMAP DRAM BW: 16.000 words/cycle

Running Layer 1400
Total cycles: 2677
Compute cycles: 1391
Stall cycles: 0
Overall utilization: 36.81%
Mapping efficiency: 50.00%
Average IFMAP SRAM BW: 5.889 words/cycle
Average Filter SRAM BW: 0.736 words/cycle
Average OFMAP SRAM BW: 11.779 words/cycle
Average IFMAP DRAM BW: 3.894 words/cycle
Average Filter DRAM BW: 3.894 words/cycle
Average OFMAP DRAM BW: 16.000 words/cycle

Running Layer 1401
Total cycles: 1469
Compute cycles: 695
Stall cycles: 0
Overall utilization: 73.67%
Mapping efficiency: 100.00%
Average IFMAP SRAM BW: 11.787 words/cycle
Average Filter SRAM BW: 1.473 words/cycle
Average OFMAP SRAM BW: 11.787 words/cycle
Average IFMAP DRAM BW: 7.787 words/cycle
Average Filter DRAM BW: 3.894 words/cycle
Average OFMAP DRAM BW: 16.000 words/cycle

Running Layer 1402
Total cycles: 2677
Compute cycles: 1391
Stall cycles: 0
Overall utilization: 73.62%
Mapping efficiency: 100.00%
Average IFMAP SRAM BW: 11.779 words/cycle
Average Filter SRAM BW: 1.472 words/cycle
Average OFMAP SRAM BW: 11.779 words/cycle
Average IFMAP DRAM BW: 7.787 words/cycle
Average Filter DRAM BW: 7.787 words/cycle
Average OFMAP DRAM BW: 16.000 words/cycle

Running Layer 1403
Total cycles: 2939
Compute cycles: 1391
Stall cycles: 0
Overall utilization: 73.62%
Mapping efficiency: 100.00%
Average IFMAP SRAM BW: 11.779 words/cycle
Average Filter SRAM BW: 1.472 words/cycle
Average OFMAP SRAM BW: 11.779 words/cycle
Average IFMAP DRAM BW: 7.802 words/cycle
Average Filter DRAM BW: 7.787 words/cycle
Average OFMAP DRAM BW: 16.000 words/cycle

Running Layer 1404
Total cycles: 5355
Compute cycles: 2783
Stall cycles: 0
Overall utilization: 73.59%
Mapping efficiency: 100.00%
Average IFMAP SRAM BW: 11.774 words/cycle
Average Filter SRAM BW: 1.472 words/cycle
Average OFMAP SRAM BW: 11.774 words/cycle
Average IFMAP DRAM BW: 7.802 words/cycle
Average Filter DRAM BW: 7.802 words/cycle
Average OFMAP DRAM BW: 16.000 words/cycle

Running Layer 1405
Total cycles: 5879
Compute cycles: 2783
Stall cycles: 0
Overall utilization: 73.59%
Mapping efficiency: 100.00%
Average IFMAP SRAM BW: 11.774 words/cycle
Average Filter SRAM BW: 1.472 words/cycle
Average OFMAP SRAM BW: 11.774 words/cycle
Average IFMAP DRAM BW: 7.809 words/cycle
Average Filter DRAM BW: 7.802 words/cycle
Average OFMAP DRAM BW: 16.000 words/cycle

Running Layer 1406
Total cycles: 10711
Compute cycles: 5567
Stall cycles: 0
Overall utilization: 73.58%
Mapping efficiency: 100.00%
Average IFMAP SRAM BW: 11.772 words/cycle
Average Filter SRAM BW: 1.472 words/cycle
Average OFMAP SRAM BW: 11.772 words/cycle
Average IFMAP DRAM BW: 7.809 words/cycle
Average Filter DRAM BW: 7.809 words/cycle
Average OFMAP DRAM BW: 16.000 words/cycle

Running Layer 1407
Total cycles: 21161
Compute cycles: 11135
Stall cycles: 0
Overall utilization: 73.57%
Mapping efficiency: 100.00%
Average IFMAP SRAM BW: 11.771 words/cycle
Average Filter SRAM BW: 1.471 words/cycle
Average OFMAP SRAM BW: 11.771 words/cycle
Average IFMAP DRAM BW: 8.929 words/cycle
Average Filter DRAM BW: 8.929 words/cycle
Average OFMAP DRAM BW: 16.000 words/cycle
************ SCALE SIM Run Complete ****************

  0%|          | 0/188 [00:00<?, ?it/s]
100%|██████████| 188/188 [00:00<00:00, 22798.43it/s]

  0%|          | 0/376 [00:00<?, ?it/s]
100%|██████████| 376/376 [00:00<00:00, 22910.70it/s]

  0%|          | 0/188 [00:00<?, ?it/s]
100%|██████████| 188/188 [00:00<00:00, 26795.20it/s]

  0%|          | 0/376 [00:00<?, ?it/s]
100%|██████████| 376/376 [00:00<00:00, 25441.76it/s]

  0%|          | 0/188 [00:00<?, ?it/s]
100%|██████████| 188/188 [00:00<00:00, 20370.17it/s]

  0%|          | 0/376 [00:00<?, ?it/s]
100%|██████████| 376/376 [00:00<00:00, 21091.56it/s]

  0%|          | 0/376 [00:00<?, ?it/s]
100%|██████████| 376/376 [00:00<00:00, 18353.25it/s]

  0%|          | 0/752 [00:00<?, ?it/s]
100%|██████████| 752/752 [00:00<00:00, 18700.59it/s]

  0%|          | 0/752 [00:00<?, ?it/s]
100%|██████████| 752/752 [00:00<00:00, 20118.49it/s]

  0%|          | 0/1504 [00:00<?, ?it/s]
100%|██████████| 1504/1504 [00:00<00:00, 18759.48it/s]

  0%|          | 0/3008 [00:00<?, ?it/s]
 72%|███████▏  | 2154/3008 [00:00<00:00, 21530.37it/s]
100%|██████████| 3008/3008 [00:00<00:00, 21566.68it/s]

  0%|          | 0/192 [00:00<?, ?it/s]
100%|██████████| 192/192 [00:00<00:00, 27707.08it/s]

  0%|          | 0/384 [00:00<?, ?it/s]
100%|██████████| 384/384 [00:00<00:00, 22214.74it/s]

  0%|          | 0/192 [00:00<?, ?it/s]
100%|██████████| 192/192 [00:00<00:00, 16456.32it/s]

  0%|          | 0/384 [00:00<?, ?it/s]
100%|██████████| 384/384 [00:00<00:00, 17035.59it/s]

  0%|          | 0/192 [00:00<?, ?it/s]
100%|██████████| 192/192 [00:00<00:00, 14748.39it/s]

  0%|          | 0/384 [00:00<?, ?it/s]
100%|██████████| 384/384 [00:00<00:00, 19876.50it/s]

  0%|          | 0/384 [00:00<?, ?it/s]
100%|██████████| 384/384 [00:00<00:00, 20625.35it/s]

  0%|          | 0/768 [00:00<?, ?it/s]
100%|██████████| 768/768 [00:00<00:00, 20452.23it/s]

  0%|          | 0/768 [00:00<?, ?it/s]
100%|██████████| 768/768 [00:00<00:00, 24701.89it/s]

  0%|          | 0/1536 [00:00<?, ?it/s]
100%|██████████| 1536/1536 [00:00<00:00, 17813.26it/s]

  0%|          | 0/3072 [00:00<?, ?it/s]
 67%|██████▋   | 2057/3072 [00:00<00:00, 20568.99it/s]
100%|██████████| 3072/3072 [00:00<00:00, 19657.89it/s]

  0%|          | 0/196 [00:00<?, ?it/s]
100%|██████████| 196/196 [00:00<00:00, 18546.31it/s]

  0%|          | 0/392 [00:00<?, ?it/s]
100%|██████████| 392/392 [00:00<00:00, 20383.16it/s]

  0%|          | 0/196 [00:00<?, ?it/s]
100%|██████████| 196/196 [00:00<00:00, 22087.15it/s]

  0%|          | 0/392 [00:00<?, ?it/s]
100%|██████████| 392/392 [00:00<00:00, 23448.57it/s]

  0%|          | 0/196 [00:00<?, ?it/s]
100%|██████████| 196/196 [00:00<00:00, 18098.40it/s]

  0%|          | 0/392 [00:00<?, ?it/s]
100%|██████████| 392/392 [00:00<00:00, 21920.77it/s]

  0%|          | 0/392 [00:00<?, ?it/s]
100%|██████████| 392/392 [00:00<00:00, 17979.26it/s]

  0%|          | 0/784 [00:00<?, ?it/s]
100%|██████████| 784/784 [00:00<00:00, 19682.02it/s]

  0%|          | 0/784 [00:00<?, ?it/s]
100%|██████████| 784/784 [00:00<00:00, 20569.57it/s]

  0%|          | 0/1568 [00:00<?, ?it/s]
100%|██████████| 1568/1568 [00:00<00:00, 18756.93it/s]

  0%|          | 0/3136 [00:00<?, ?it/s]
 54%|█████▍    | 1701/3136 [00:00<00:00, 17005.68it/s]
100%|██████████| 3136/3136 [00:00<00:00, 17069.60it/s]

  0%|          | 0/200 [00:00<?, ?it/s]
100%|██████████| 200/200 [00:00<00:00, 23094.48it/s]

  0%|          | 0/400 [00:00<?, ?it/s]
100%|██████████| 400/400 [00:00<00:00, 20299.11it/s]

  0%|          | 0/200 [00:00<?, ?it/s]
100%|██████████| 200/200 [00:00<00:00, 23188.96it/s]

  0%|          | 0/400 [00:00<?, ?it/s]
100%|██████████| 400/400 [00:00<00:00, 19638.78it/s]

  0%|          | 0/200 [00:00<?, ?it/s]
100%|██████████| 200/200 [00:00<00:00, 14632.14it/s]

  0%|          | 0/400 [00:00<?, ?it/s]
100%|██████████| 400/400 [00:00<00:00, 18394.86it/s]

  0%|          | 0/400 [00:00<?, ?it/s]
100%|██████████| 400/400 [00:00<00:00, 20105.24it/s]

  0%|          | 0/800 [00:00<?, ?it/s]
100%|██████████| 800/800 [00:00<00:00, 21834.67it/s]

  0%|          | 0/800 [00:00<?, ?it/s]
100%|██████████| 800/800 [00:00<00:00, 17052.53it/s]

  0%|          | 0/1600 [00:00<?, ?it/s]
100%|██████████| 1600/1600 [00:00<00:00, 17851.71it/s]

  0%|          | 0/3200 [00:00<?, ?it/s]
 68%|██████▊   | 2171/3200 [00:00<00:00, 21706.04it/s]
100%|██████████| 3200/3200 [00:00<00:00, 20082.31it/s]

  0%|          | 0/204 [00:00<?, ?it/s]
100%|██████████| 204/204 [00:00<00:00, 16055.35it/s]

  0%|          | 0/408 [00:00<?, ?it/s]
100%|██████████| 408/408 [00:00<00:00, 18883.05it/s]

  0%|          | 0/204 [00:00<?, ?it/s]
100%|██████████| 204/204 [00:00<00:00, 14340.22it/s]

  0%|          | 0/408 [00:00<?, ?it/s]
100%|██████████| 408/408 [00:00<00:00, 16947.19it/s]

  0%|          | 0/204 [00:00<?, ?it/s]
100%|██████████| 204/204 [00:00<00:00, 17137.09it/s]

  0%|          | 0/408 [00:00<?, ?it/s]
100%|██████████| 408/408 [00:00<00:00, 19575.56it/s]

  0%|          | 0/408 [00:00<?, ?it/s]
100%|██████████| 408/408 [00:00<00:00, 22011.40it/s]

  0%|          | 0/816 [00:00<?, ?it/s]
100%|██████████| 816/816 [00:00<00:00, 16118.42it/s]

  0%|          | 0/816 [00:00<?, ?it/s]
100%|██████████| 816/816 [00:00<00:00, 18799.96it/s]

  0%|          | 0/1632 [00:00<?, ?it/s]
100%|██████████| 1632/1632 [00:00<00:00, 19455.66it/s]

  0%|          | 0/3264 [00:00<?, ?it/s]
 51%|█████     | 1651/3264 [00:00<00:00, 16507.38it/s]
100%|██████████| 3264/3264 [00:00<00:00, 16719.11it/s]

  0%|          | 0/208 [00:00<?, ?it/s]
100%|██████████| 208/208 [00:00<00:00, 16055.05it/s]

  0%|          | 0/416 [00:00<?, ?it/s]
100%|██████████| 416/416 [00:00<00:00, 23959.88it/s]

  0%|          | 0/208 [00:00<?, ?it/s]
100%|██████████| 208/208 [00:00<00:00, 20296.75it/s]

  0%|          | 0/416 [00:00<?, ?it/s]
100%|██████████| 416/416 [00:00<00:00, 21392.69it/s]

  0%|          | 0/208 [00:00<?, ?it/s]
100%|██████████| 208/208 [00:00<00:00, 21271.16it/s]

  0%|          | 0/416 [00:00<?, ?it/s]
100%|██████████| 416/416 [00:00<00:00, 13598.77it/s]

  0%|          | 0/416 [00:00<?, ?it/s]
100%|██████████| 416/416 [00:00<00:00, 17312.57it/s]

  0%|          | 0/832 [00:00<?, ?it/s]
100%|██████████| 832/832 [00:00<00:00, 18617.09it/s]

  0%|          | 0/832 [00:00<?, ?it/s]
100%|██████████| 832/832 [00:00<00:00, 21806.16it/s]

  0%|          | 0/1664 [00:00<?, ?it/s]
100%|██████████| 1664/1664 [00:00<00:00, 18213.12it/s]

  0%|          | 0/3328 [00:00<?, ?it/s]
 48%|████▊     | 1587/3328 [00:00<00:00, 15864.04it/s]
 95%|█████████▌| 3174/3328 [00:00<00:00, 15651.96it/s]
100%|██████████| 3328/3328 [00:00<00:00, 15342.07it/s]

  0%|          | 0/212 [00:00<?, ?it/s]
100%|██████████| 212/212 [00:00<00:00, 22602.76it/s]

  0%|          | 0/424 [00:00<?, ?it/s]
100%|██████████| 424/424 [00:00<00:00, 24849.23it/s]

  0%|          | 0/212 [00:00<?, ?it/s]
100%|██████████| 212/212 [00:00<00:00, 23110.91it/s]

  0%|          | 0/424 [00:00<?, ?it/s]
100%|██████████| 424/424 [00:00<00:00, 20412.58it/s]

  0%|          | 0/212 [00:00<?, ?it/s]
100%|██████████| 212/212 [00:00<00:00, 18702.12it/s]

  0%|          | 0/424 [00:00<?, ?it/s]
100%|██████████| 424/424 [00:00<00:00, 19186.99it/s]

  0%|          | 0/424 [00:00<?, ?it/s]
100%|██████████| 424/424 [00:00<00:00, 16146.00it/s]

  0%|          | 0/848 [00:00<?, ?it/s]
100%|██████████| 848/848 [00:00<00:00, 16402.36it/s]

  0%|          | 0/848 [00:00<?, ?it/s]
100%|██████████| 848/848 [00:00<00:00, 23470.52it/s]

  0%|          | 0/1696 [00:00<?, ?it/s]
100%|██████████| 1696/1696 [00:00<00:00, 20951.57it/s]

  0%|          | 0/3392 [00:00<?, ?it/s]
 43%|████▎     | 1453/3392 [00:00<00:00, 14525.58it/s]
 89%|████████▉ | 3011/3392 [00:00<00:00, 15142.81it/s]
100%|██████████| 3392/3392 [00:00<00:00, 15096.13it/s]

  0%|          | 0/216 [00:00<?, ?it/s]
100%|██████████| 216/216 [00:00<00:00, 24282.22it/s]

  0%|          | 0/432 [00:00<?, ?it/s]
100%|██████████| 432/432 [00:00<00:00, 14907.19it/s]

  0%|          | 0/216 [00:00<?, ?it/s]
100%|██████████| 216/216 [00:00<00:00, 26475.63it/s]

  0%|          | 0/432 [00:00<?, ?it/s]
100%|██████████| 432/432 [00:00<00:00, 18573.52it/s]

  0%|          | 0/216 [00:00<?, ?it/s]
100%|██████████| 216/216 [00:00<00:00, 23243.10it/s]

  0%|          | 0/432 [00:00<?, ?it/s]
100%|██████████| 432/432 [00:00<00:00, 20121.03it/s]

  0%|          | 0/432 [00:00<?, ?it/s]
100%|██████████| 432/432 [00:00<00:00, 20651.47it/s]

  0%|          | 0/864 [00:00<?, ?it/s]
100%|██████████| 864/864 [00:00<00:00, 18009.27it/s]

  0%|          | 0/864 [00:00<?, ?it/s]
100%|██████████| 864/864 [00:00<00:00, 18387.30it/s]

  0%|          | 0/1728 [00:00<?, ?it/s]
100%|██████████| 1728/1728 [00:00<00:00, 19138.57it/s]

  0%|          | 0/3456 [00:00<?, ?it/s]
 54%|█████▎    | 1849/3456 [00:00<00:00, 18478.03it/s]
100%|██████████| 3456/3456 [00:00<00:00, 16623.72it/s]

  0%|          | 0/220 [00:00<?, ?it/s]
100%|██████████| 220/220 [00:00<00:00, 15450.96it/s]

  0%|          | 0/440 [00:00<?, ?it/s]
100%|██████████| 440/440 [00:00<00:00, 20714.24it/s]

  0%|          | 0/220 [00:00<?, ?it/s]
100%|██████████| 220/220 [00:00<00:00, 22688.08it/s]

  0%|          | 0/440 [00:00<?, ?it/s]
100%|██████████| 440/440 [00:00<00:00, 18660.58it/s]

  0%|          | 0/220 [00:00<?, ?it/s]
100%|██████████| 220/220 [00:00<00:00, 18832.34it/s]

  0%|          | 0/440 [00:00<?, ?it/s]
100%|██████████| 440/440 [00:00<00:00, 18970.17it/s]

  0%|          | 0/440 [00:00<?, ?it/s]
100%|██████████| 440/440 [00:00<00:00, 15512.13it/s]

  0%|          | 0/880 [00:00<?, ?it/s]
100%|██████████| 880/880 [00:00<00:00, 19307.76it/s]

  0%|          | 0/880 [00:00<?, ?it/s]
100%|██████████| 880/880 [00:00<00:00, 17216.07it/s]

  0%|          | 0/1760 [00:00<?, ?it/s]
 97%|█████████▋| 1707/1760 [00:00<00:00, 17068.35it/s]
100%|██████████| 1760/1760 [00:00<00:00, 16891.58it/s]

  0%|          | 0/3520 [00:00<?, ?it/s]
 50%|█████     | 1773/3520 [00:00<00:00, 17725.96it/s]
100%|██████████| 3520/3520 [00:00<00:00, 16807.26it/s]

  0%|          | 0/224 [00:00<?, ?it/s]
100%|██████████| 224/224 [00:00<00:00, 21753.28it/s]

  0%|          | 0/448 [00:00<?, ?it/s]
100%|██████████| 448/448 [00:00<00:00, 21696.01it/s]

  0%|          | 0/224 [00:00<?, ?it/s]
100%|██████████| 224/224 [00:00<00:00, 20391.63it/s]

  0%|          | 0/448 [00:00<?, ?it/s]
100%|██████████| 448/448 [00:00<00:00, 14895.23it/s]

  0%|          | 0/224 [00:00<?, ?it/s]
100%|██████████| 224/224 [00:00<00:00, 14991.13it/s]

  0%|          | 0/448 [00:00<?, ?it/s]
100%|██████████| 448/448 [00:00<00:00, 14027.56it/s]

  0%|          | 0/448 [00:00<?, ?it/s]
100%|██████████| 448/448 [00:00<00:00, 16076.59it/s]

  0%|          | 0/896 [00:00<?, ?it/s]
100%|██████████| 896/896 [00:00<00:00, 14634.84it/s]

  0%|          | 0/896 [00:00<?, ?it/s]
100%|██████████| 896/896 [00:00<00:00, 21508.76it/s]

  0%|          | 0/1792 [00:00<?, ?it/s]
100%|██████████| 1792/1792 [00:00<00:00, 19533.03it/s]

  0%|          | 0/3584 [00:00<?, ?it/s]
 44%|████▍     | 1588/3584 [00:00<00:00, 15871.61it/s]
 89%|████████▊ | 3178/3584 [00:00<00:00, 15885.09it/s]
100%|██████████| 3584/3584 [00:00<00:00, 15554.44it/s]

  0%|          | 0/228 [00:00<?, ?it/s]
100%|██████████| 228/228 [00:00<00:00, 23192.06it/s]

  0%|          | 0/456 [00:00<?, ?it/s]
100%|██████████| 456/456 [00:00<00:00, 16838.22it/s]

  0%|          | 0/228 [00:00<?, ?it/s]
100%|██████████| 228/228 [00:00<00:00, 18531.89it/s]

  0%|          | 0/456 [00:00<?, ?it/s]
100%|██████████| 456/456 [00:00<00:00, 21304.16it/s]

  0%|          | 0/228 [00:00<?, ?it/s]
100%|██████████| 228/228 [00:00<00:00, 19942.89it/s]

  0%|          | 0/456 [00:00<?, ?it/s]
100%|██████████| 456/456 [00:00<00:00, 21287.09it/s]

  0%|          | 0/456 [00:00<?, ?it/s]
100%|██████████| 456/456 [00:00<00:00, 22064.59it/s]

  0%|          | 0/912 [00:00<?, ?it/s]
100%|██████████| 912/912 [00:00<00:00, 15904.23it/s]

  0%|          | 0/912 [00:00<?, ?it/s]
100%|██████████| 912/912 [00:00<00:00, 17419.36it/s]

  0%|          | 0/1824 [00:00<?, ?it/s]
 82%|████████▏ | 1500/1824 [00:00<00:00, 14998.05it/s]
100%|██████████| 1824/1824 [00:00<00:00, 15465.31it/s]

  0%|          | 0/3648 [00:00<?, ?it/s]
 53%|█████▎    | 1942/3648 [00:00<00:00, 19417.89it/s]
100%|██████████| 3648/3648 [00:00<00:00, 18312.80it/s]

  0%|          | 0/232 [00:00<?, ?it/s]
100%|██████████| 232/232 [00:00<00:00, 20597.31it/s]

  0%|          | 0/464 [00:00<?, ?it/s]
100%|██████████| 464/464 [00:00<00:00, 21077.59it/s]

  0%|          | 0/232 [00:00<?, ?it/s]
100%|██████████| 232/232 [00:00<00:00, 15080.88it/s]

  0%|          | 0/464 [00:00<?, ?it/s]
100%|██████████| 464/464 [00:00<00:00, 17683.66it/s]

  0%|          | 0/232 [00:00<?, ?it/s]
100%|██████████| 232/232 [00:00<00:00, 14515.76it/s]

  0%|          | 0/464 [00:00<?, ?it/s]
100%|██████████| 464/464 [00:00<00:00, 21285.99it/s]

  0%|          | 0/464 [00:00<?, ?it/s]
100%|██████████| 464/464 [00:00<00:00, 15155.81it/s]

  0%|          | 0/928 [00:00<?, ?it/s]
100%|██████████| 928/928 [00:00<00:00, 16719.20it/s]

  0%|          | 0/928 [00:00<?, ?it/s]
100%|██████████| 928/928 [00:00<00:00, 19545.22it/s]

  0%|          | 0/1856 [00:00<?, ?it/s]
 96%|█████████▌| 1780/1856 [00:00<00:00, 17790.98it/s]
100%|██████████| 1856/1856 [00:00<00:00, 17306.63it/s]

  0%|          | 0/3712 [00:00<?, ?it/s]
 52%|█████▏    | 1917/3712 [00:00<00:00, 19160.79it/s]
100%|██████████| 3712/3712 [00:00<00:00, 17015.60it/s]

  0%|          | 0/236 [00:00<?, ?it/s]
100%|██████████| 236/236 [00:00<00:00, 16498.15it/s]

  0%|          | 0/472 [00:00<?, ?it/s]
100%|██████████| 472/472 [00:00<00:00, 16430.23it/s]

  0%|          | 0/236 [00:00<?, ?it/s]
100%|██████████| 236/236 [00:00<00:00, 19286.03it/s]

  0%|          | 0/472 [00:00<?, ?it/s]
100%|██████████| 472/472 [00:00<00:00, 16849.18it/s]

  0%|          | 0/236 [00:00<?, ?it/s]
100%|██████████| 236/236 [00:00<00:00, 15005.77it/s]

  0%|          | 0/472 [00:00<?, ?it/s]
100%|██████████| 472/472 [00:00<00:00, 16453.31it/s]

  0%|          | 0/472 [00:00<?, ?it/s]
100%|██████████| 472/472 [00:00<00:00, 18301.18it/s]

  0%|          | 0/944 [00:00<?, ?it/s]
100%|██████████| 944/944 [00:00<00:00, 15092.20it/s]

  0%|          | 0/944 [00:00<?, ?it/s]
100%|██████████| 944/944 [00:00<00:00, 19567.01it/s]

  0%|          | 0/1888 [00:00<?, ?it/s]
 99%|█████████▉| 1874/1888 [00:00<00:00, 18732.07it/s]
100%|██████████| 1888/1888 [00:00<00:00, 18697.43it/s]

  0%|          | 0/3776 [00:00<?, ?it/s]
 45%|████▌     | 1712/3776 [00:00<00:00, 17115.73it/s]
 91%|█████████ | 3424/3776 [00:00<00:00, 16051.85it/s]
100%|██████████| 3776/3776 [00:00<00:00, 15921.18it/s]

  0%|          | 0/240 [00:00<?, ?it/s]
100%|██████████| 240/240 [00:00<00:00, 17394.43it/s]

  0%|          | 0/480 [00:00<?, ?it/s]
100%|██████████| 480/480 [00:00<00:00, 21917.15it/s]

  0%|          | 0/240 [00:00<?, ?it/s]
100%|██████████| 240/240 [00:00<00:00, 21680.19it/s]

  0%|          | 0/480 [00:00<?, ?it/s]
100%|██████████| 480/480 [00:00<00:00, 16828.54it/s]

  0%|          | 0/240 [00:00<?, ?it/s]
100%|██████████| 240/240 [00:00<00:00, 18391.36it/s]

  0%|          | 0/480 [00:00<?, ?it/s]
100%|██████████| 480/480 [00:00<00:00, 17783.31it/s]

  0%|          | 0/480 [00:00<?, ?it/s]
100%|██████████| 480/480 [00:00<00:00, 13760.28it/s]

  0%|          | 0/960 [00:00<?, ?it/s]
100%|██████████| 960/960 [00:00<00:00, 14206.09it/s]

  0%|          | 0/960 [00:00<?, ?it/s]
100%|██████████| 960/960 [00:00<00:00, 18858.13it/s]

  0%|          | 0/1920 [00:00<?, ?it/s]
 87%|████████▋ | 1676/1920 [00:00<00:00, 16755.30it/s]
100%|██████████| 1920/1920 [00:00<00:00, 17129.66it/s]

  0%|          | 0/3840 [00:00<?, ?it/s]
 46%|████▌     | 1753/3840 [00:00<00:00, 17523.50it/s]
 91%|█████████▏| 3506/3840 [00:00<00:00, 15947.66it/s]
100%|██████████| 3840/3840 [00:00<00:00, 16228.49it/s]

  0%|          | 0/244 [00:00<?, ?it/s]
100%|██████████| 244/244 [00:00<00:00, 15073.42it/s]

  0%|          | 0/488 [00:00<?, ?it/s]
100%|██████████| 488/488 [00:00<00:00, 19142.22it/s]

  0%|          | 0/244 [00:00<?, ?it/s]
100%|██████████| 244/244 [00:00<00:00, 22710.65it/s]

  0%|          | 0/488 [00:00<?, ?it/s]
100%|██████████| 488/488 [00:00<00:00, 20527.53it/s]

  0%|          | 0/244 [00:00<?, ?it/s]
100%|██████████| 244/244 [00:00<00:00, 15223.65it/s]

  0%|          | 0/488 [00:00<?, ?it/s]
100%|██████████| 488/488 [00:00<00:00, 14312.93it/s]

  0%|          | 0/488 [00:00<?, ?it/s]
100%|██████████| 488/488 [00:00<00:00, 13934.94it/s]

  0%|          | 0/976 [00:00<?, ?it/s]
100%|██████████| 976/976 [00:00<00:00, 18803.44it/s]

  0%|          | 0/976 [00:00<?, ?it/s]
100%|██████████| 976/976 [00:00<00:00, 17375.90it/s]

  0%|          | 0/1952 [00:00<?, ?it/s]
 78%|███████▊  | 1530/1952 [00:00<00:00, 15262.97it/s]
100%|██████████| 1952/1952 [00:00<00:00, 16104.81it/s]

  0%|          | 0/3904 [00:00<?, ?it/s]
 45%|████▌     | 1770/3904 [00:00<00:00, 17696.51it/s]
 92%|█████████▏| 3589/3904 [00:00<00:00, 17985.45it/s]
100%|██████████| 3904/3904 [00:00<00:00, 18187.80it/s]

  0%|          | 0/248 [00:00<?, ?it/s]
100%|██████████| 248/248 [00:00<00:00, 20042.15it/s]

  0%|          | 0/496 [00:00<?, ?it/s]
100%|██████████| 496/496 [00:00<00:00, 17885.70it/s]

  0%|          | 0/248 [00:00<?, ?it/s]
100%|██████████| 248/248 [00:00<00:00, 17545.54it/s]

  0%|          | 0/496 [00:00<?, ?it/s]
100%|██████████| 496/496 [00:00<00:00, 14428.11it/s]

  0%|          | 0/248 [00:00<?, ?it/s]
100%|██████████| 248/248 [00:00<00:00, 21098.28it/s]

  0%|          | 0/496 [00:00<?, ?it/s]
100%|██████████| 496/496 [00:00<00:00, 19124.26it/s]

  0%|          | 0/496 [00:00<?, ?it/s]
100%|██████████| 496/496 [00:00<00:00, 13379.99it/s]

  0%|          | 0/992 [00:00<?, ?it/s]
100%|██████████| 992/992 [00:00<00:00, 14149.23it/s]

  0%|          | 0/992 [00:00<?, ?it/s]
100%|██████████| 992/992 [00:00<00:00, 17562.57it/s]

  0%|          | 0/1984 [00:00<?, ?it/s]
 89%|████████▉ | 1768/1984 [00:00<00:00, 17672.05it/s]
100%|██████████| 1984/1984 [00:00<00:00, 17705.17it/s]

  0%|          | 0/3968 [00:00<?, ?it/s]
 44%|████▍     | 1744/3968 [00:00<00:00, 17436.03it/s]
 88%|████████▊ | 3488/3968 [00:00<00:00, 16732.47it/s]
100%|██████████| 3968/3968 [00:00<00:00, 16799.54it/s]

  0%|          | 0/252 [00:00<?, ?it/s]
100%|██████████| 252/252 [00:00<00:00, 20804.75it/s]

  0%|          | 0/504 [00:00<?, ?it/s]
100%|██████████| 504/504 [00:00<00:00, 16090.44it/s]

  0%|          | 0/252 [00:00<?, ?it/s]
100%|██████████| 252/252 [00:00<00:00, 15890.62it/s]

  0%|          | 0/504 [00:00<?, ?it/s]
100%|██████████| 504/504 [00:00<00:00, 18707.67it/s]

  0%|          | 0/252 [00:00<?, ?it/s]
100%|██████████| 252/252 [00:00<00:00, 19369.32it/s]

  0%|          | 0/504 [00:00<?, ?it/s]
100%|██████████| 504/504 [00:00<00:00, 19911.17it/s]

  0%|          | 0/504 [00:00<?, ?it/s]
100%|██████████| 504/504 [00:00<00:00, 20770.82it/s]

  0%|          | 0/1008 [00:00<?, ?it/s]
100%|██████████| 1008/1008 [00:00<00:00, 15249.87it/s]

  0%|          | 0/1008 [00:00<?, ?it/s]
100%|██████████| 1008/1008 [00:00<00:00, 17948.50it/s]

  0%|          | 0/2016 [00:00<?, ?it/s]
 80%|███████▉  | 1612/2016 [00:00<00:00, 16110.76it/s]
100%|██████████| 2016/2016 [00:00<00:00, 16373.47it/s]

  0%|          | 0/4032 [00:00<?, ?it/s]
 42%|████▏     | 1704/4032 [00:00<00:00, 17039.12it/s]
 85%|████████▍ | 3408/4032 [00:00<00:00, 15720.06it/s]
100%|██████████| 4032/4032 [00:00<00:00, 15493.27it/s]

  0%|          | 0/256 [00:00<?, ?it/s]
100%|██████████| 256/256 [00:00<00:00, 19858.37it/s]

  0%|          | 0/512 [00:00<?, ?it/s]
100%|██████████| 512/512 [00:00<00:00, 20169.47it/s]

  0%|          | 0/256 [00:00<?, ?it/s]
100%|██████████| 256/256 [00:00<00:00, 16078.55it/s]

  0%|          | 0/512 [00:00<?, ?it/s]
100%|██████████| 512/512 [00:00<00:00, 17779.83it/s]

  0%|          | 0/256 [00:00<?, ?it/s]
100%|██████████| 256/256 [00:00<00:00, 20514.75it/s]

  0%|          | 0/512 [00:00<?, ?it/s]
100%|██████████| 512/512 [00:00<00:00, 19896.64it/s]

  0%|          | 0/512 [00:00<?, ?it/s]
100%|██████████| 512/512 [00:00<00:00, 14234.57it/s]

  0%|          | 0/1024 [00:00<?, ?it/s]
100%|██████████| 1024/1024 [00:00<00:00, 18294.60it/s]

  0%|          | 0/1024 [00:00<?, ?it/s]
100%|██████████| 1024/1024 [00:00<00:00, 15518.46it/s]

  0%|          | 0/2048 [00:00<?, ?it/s]
 76%|███████▌  | 1560/2048 [00:00<00:00, 15598.79it/s]
100%|██████████| 2048/2048 [00:00<00:00, 14911.92it/s]

  0%|          | 0/4096 [00:00<?, ?it/s]
 42%|████▏     | 1710/4096 [00:00<00:00, 17093.54it/s]
 83%|████████▎ | 3420/4096 [00:00<00:00, 15811.30it/s]
100%|██████████| 4096/4096 [00:00<00:00, 15801.88it/s]

  0%|          | 0/260 [00:00<?, ?it/s]
100%|██████████| 260/260 [00:00<00:00, 16451.97it/s]

  0%|          | 0/520 [00:00<?, ?it/s]
100%|██████████| 520/520 [00:00<00:00, 19108.61it/s]

  0%|          | 0/260 [00:00<?, ?it/s]
100%|██████████| 260/260 [00:00<00:00, 17036.43it/s]

  0%|          | 0/520 [00:00<?, ?it/s]
100%|██████████| 520/520 [00:00<00:00, 15544.42it/s]

  0%|          | 0/260 [00:00<?, ?it/s]
100%|██████████| 260/260 [00:00<00:00, 17888.21it/s]

  0%|          | 0/520 [00:00<?, ?it/s]
100%|██████████| 520/520 [00:00<00:00, 19049.20it/s]

  0%|          | 0/520 [00:00<?, ?it/s]
100%|██████████| 520/520 [00:00<00:00, 19502.81it/s]

  0%|          | 0/1040 [00:00<?, ?it/s]
100%|██████████| 1040/1040 [00:00<00:00, 15462.87it/s]

  0%|          | 0/1040 [00:00<?, ?it/s]
100%|██████████| 1040/1040 [00:00<00:00, 16652.20it/s]

  0%|          | 0/2080 [00:00<?, ?it/s]
 74%|███████▍  | 1543/2080 [00:00<00:00, 15425.71it/s]
100%|██████████| 2080/2080 [00:00<00:00, 14497.34it/s]

  0%|          | 0/4160 [00:00<?, ?it/s]
 45%|████▌     | 1876/4160 [00:00<00:00, 18744.11it/s]
 90%|█████████ | 3751/4160 [00:00<00:00, 16856.99it/s]
100%|██████████| 4160/4160 [00:00<00:00, 16690.35it/s]

  0%|          | 0/264 [00:00<?, ?it/s]
100%|██████████| 264/264 [00:00<00:00, 21733.42it/s]

  0%|          | 0/528 [00:00<?, ?it/s]
100%|██████████| 528/528 [00:00<00:00, 18001.30it/s]

  0%|          | 0/264 [00:00<?, ?it/s]
100%|██████████| 264/264 [00:00<00:00, 13055.28it/s]

  0%|          | 0/528 [00:00<?, ?it/s]
100%|██████████| 528/528 [00:00<00:00, 16802.29it/s]

  0%|          | 0/264 [00:00<?, ?it/s]
100%|██████████| 264/264 [00:00<00:00, 22074.84it/s]

  0%|          | 0/528 [00:00<?, ?it/s]
100%|██████████| 528/528 [00:00<00:00, 16946.94it/s]

  0%|          | 0/528 [00:00<?, ?it/s]
100%|██████████| 528/528 [00:00<00:00, 17703.57it/s]

  0%|          | 0/1056 [00:00<?, ?it/s]
100%|██████████| 1056/1056 [00:00<00:00, 16269.11it/s]

  0%|          | 0/1056 [00:00<?, ?it/s]
100%|██████████| 1056/1056 [00:00<00:00, 16392.43it/s]

  0%|          | 0/2112 [00:00<?, ?it/s]
 76%|███████▌  | 1609/2112 [00:00<00:00, 16086.37it/s]
100%|██████████| 2112/2112 [00:00<00:00, 16443.43it/s]

  0%|          | 0/4224 [00:00<?, ?it/s]
 35%|███▍      | 1478/4224 [00:00<00:00, 14775.15it/s]
 74%|███████▎  | 3110/4224 [00:00<00:00, 15680.56it/s]
100%|██████████| 4224/4224 [00:00<00:00, 15410.90it/s]

  0%|          | 0/268 [00:00<?, ?it/s]
100%|██████████| 268/268 [00:00<00:00, 15613.22it/s]

  0%|          | 0/536 [00:00<?, ?it/s]
100%|██████████| 536/536 [00:00<00:00, 17194.11it/s]

  0%|          | 0/268 [00:00<?, ?it/s]
100%|██████████| 268/268 [00:00<00:00, 20130.98it/s]

  0%|          | 0/536 [00:00<?, ?it/s]
100%|██████████| 536/536 [00:00<00:00, 20302.59it/s]

  0%|          | 0/268 [00:00<?, ?it/s]
100%|██████████| 268/268 [00:00<00:00, 16901.07it/s]

  0%|          | 0/536 [00:00<?, ?it/s]
100%|██████████| 536/536 [00:00<00:00, 16307.46it/s]

  0%|          | 0/536 [00:00<?, ?it/s]
100%|██████████| 536/536 [00:00<00:00, 16866.08it/s]

  0%|          | 0/1072 [00:00<?, ?it/s]
100%|██████████| 1072/1072 [00:00<00:00, 15651.64it/s]

  0%|          | 0/1072 [00:00<?, ?it/s]
100%|██████████| 1072/1072 [00:00<00:00, 18609.18it/s]

  0%|          | 0/2144 [00:00<?, ?it/s]
 88%|████████▊ | 1886/2144 [00:00<00:00, 18857.73it/s]
100%|██████████| 2144/2144 [00:00<00:00, 18338.93it/s]

  0%|          | 0/4288 [00:00<?, ?it/s]
 36%|███▌      | 1530/4288 [00:00<00:00, 15291.81it/s]
 72%|███████▏  | 3101/4288 [00:00<00:00, 15531.92it/s]
100%|██████████| 4288/4288 [00:00<00:00, 15390.24it/s]

  0%|          | 0/272 [00:00<?, ?it/s]
100%|██████████| 272/272 [00:00<00:00, 14579.93it/s]

  0%|          | 0/544 [00:00<?, ?it/s]
100%|██████████| 544/544 [00:00<00:00, 17869.21it/s]

  0%|          | 0/272 [00:00<?, ?it/s]
100%|██████████| 272/272 [00:00<00:00, 18884.82it/s]

  0%|          | 0/544 [00:00<?, ?it/s]
100%|██████████| 544/544 [00:00<00:00, 16219.90it/s]

  0%|          | 0/272 [00:00<?, ?it/s]
100%|██████████| 272/272 [00:00<00:00, 17375.39it/s]

  0%|          | 0/544 [00:00<?, ?it/s]
100%|██████████| 544/544 [00:00<00:00, 16895.11it/s]

  0%|          | 0/544 [00:00<?, ?it/s]
100%|██████████| 544/544 [00:00<00:00, 14508.36it/s]

  0%|          | 0/1088 [00:00<?, ?it/s]
100%|██████████| 1088/1088 [00:00<00:00, 16176.43it/s]

  0%|          | 0/1088 [00:00<?, ?it/s]
100%|██████████| 1088/1088 [00:00<00:00, 15276.68it/s]

  0%|          | 0/2176 [00:00<?, ?it/s]
 76%|███████▌  | 1659/2176 [00:00<00:00, 16580.29it/s]
100%|██████████| 2176/2176 [00:00<00:00, 16724.46it/s]

  0%|          | 0/4352 [00:00<?, ?it/s]
 39%|███▉      | 1706/4352 [00:00<00:00, 17051.56it/s]
 78%|███████▊  | 3412/4352 [00:00<00:00, 15984.77it/s]
100%|██████████| 4352/4352 [00:00<00:00, 15390.20it/s]

  0%|          | 0/276 [00:00<?, ?it/s]
100%|██████████| 276/276 [00:00<00:00, 19676.51it/s]

  0%|          | 0/552 [00:00<?, ?it/s]
100%|██████████| 552/552 [00:00<00:00, 21094.38it/s]

  0%|          | 0/276 [00:00<?, ?it/s]
100%|██████████| 276/276 [00:00<00:00, 16160.99it/s]

  0%|          | 0/552 [00:00<?, ?it/s]
100%|██████████| 552/552 [00:00<00:00, 16341.44it/s]

  0%|          | 0/276 [00:00<?, ?it/s]
100%|██████████| 276/276 [00:00<00:00, 17584.04it/s]

  0%|          | 0/552 [00:00<?, ?it/s]
100%|██████████| 552/552 [00:00<00:00, 15367.22it/s]

  0%|          | 0/552 [00:00<?, ?it/s]
100%|██████████| 552/552 [00:00<00:00, 14901.47it/s]

  0%|          | 0/1104 [00:00<?, ?it/s]
100%|██████████| 1104/1104 [00:00<00:00, 15609.92it/s]

  0%|          | 0/1104 [00:00<?, ?it/s]
100%|██████████| 1104/1104 [00:00<00:00, 15774.99it/s]

  0%|          | 0/2208 [00:00<?, ?it/s]
 75%|███████▌  | 1658/2208 [00:00<00:00, 16569.43it/s]
100%|██████████| 2208/2208 [00:00<00:00, 16354.55it/s]

  0%|          | 0/4416 [00:00<?, ?it/s]
 39%|███▉      | 1721/4416 [00:00<00:00, 17208.33it/s]
 78%|███████▊  | 3442/4416 [00:00<00:00, 16923.27it/s]
100%|██████████| 4416/4416 [00:00<00:00, 17101.94it/s]

  0%|          | 0/280 [00:00<?, ?it/s]
100%|██████████| 280/280 [00:00<00:00, 17234.67it/s]

  0%|          | 0/560 [00:00<?, ?it/s]
100%|██████████| 560/560 [00:00<00:00, 16473.17it/s]

  0%|          | 0/280 [00:00<?, ?it/s]
100%|██████████| 280/280 [00:00<00:00, 17790.24it/s]

  0%|          | 0/560 [00:00<?, ?it/s]
100%|██████████| 560/560 [00:00<00:00, 19385.54it/s]

  0%|          | 0/280 [00:00<?, ?it/s]
100%|██████████| 280/280 [00:00<00:00, 16869.52it/s]

  0%|          | 0/560 [00:00<?, ?it/s]
100%|██████████| 560/560 [00:00<00:00, 15909.58it/s]

  0%|          | 0/560 [00:00<?, ?it/s]
100%|██████████| 560/560 [00:00<00:00, 15343.28it/s]

  0%|          | 0/1120 [00:00<?, ?it/s]
100%|██████████| 1120/1120 [00:00<00:00, 15196.85it/s]

  0%|          | 0/1120 [00:00<?, ?it/s]
100%|██████████| 1120/1120 [00:00<00:00, 17115.68it/s]

  0%|          | 0/2240 [00:00<?, ?it/s]
 78%|███████▊  | 1754/2240 [00:00<00:00, 17538.18it/s]
100%|██████████| 2240/2240 [00:00<00:00, 17160.88it/s]

  0%|          | 0/4480 [00:00<?, ?it/s]
 41%|████      | 1828/4480 [00:00<00:00, 18272.22it/s]
 82%|████████▏ | 3656/4480 [00:00<00:00, 16841.27it/s]
100%|██████████| 4480/4480 [00:00<00:00, 16394.84it/s]

  0%|          | 0/284 [00:00<?, ?it/s]
100%|██████████| 284/284 [00:00<00:00, 19680.51it/s]

  0%|          | 0/568 [00:00<?, ?it/s]
100%|██████████| 568/568 [00:00<00:00, 17440.95it/s]

  0%|          | 0/284 [00:00<?, ?it/s]
100%|██████████| 284/284 [00:00<00:00, 15658.00it/s]

  0%|          | 0/568 [00:00<?, ?it/s]
100%|██████████| 568/568 [00:00<00:00, 17640.48it/s]

  0%|          | 0/284 [00:00<?, ?it/s]
100%|██████████| 284/284 [00:00<00:00, 14071.02it/s]

  0%|          | 0/568 [00:00<?, ?it/s]
100%|██████████| 568/568 [00:00<00:00, 14768.04it/s]

  0%|          | 0/568 [00:00<?, ?it/s]
100%|██████████| 568/568 [00:00<00:00, 15245.38it/s]

  0%|          | 0/1136 [00:00<?, ?it/s]
100%|██████████| 1136/1136 [00:00<00:00, 15808.24it/s]

  0%|          | 0/1136 [00:00<?, ?it/s]
100%|██████████| 1136/1136 [00:00<00:00, 12330.86it/s]

  0%|          | 0/2272 [00:00<?, ?it/s]
 66%|██████▌   | 1501/2272 [00:00<00:00, 15008.69it/s]
100%|██████████| 2272/2272 [00:00<00:00, 14567.94it/s]

  0%|          | 0/4544 [00:00<?, ?it/s]
 32%|███▏      | 1440/4544 [00:00<00:00, 14393.94it/s]
 63%|██████▎   | 2880/4544 [00:00<00:00, 13823.41it/s]
 98%|█████████▊| 4453/4544 [00:00<00:00, 14669.04it/s]
100%|██████████| 4544/4544 [00:00<00:00, 14400.31it/s]

  0%|          | 0/288 [00:00<?, ?it/s]
100%|██████████| 288/288 [00:00<00:00, 19772.47it/s]

  0%|          | 0/576 [00:00<?, ?it/s]
100%|██████████| 576/576 [00:00<00:00, 18524.15it/s]

  0%|          | 0/288 [00:00<?, ?it/s]
100%|██████████| 288/288 [00:00<00:00, 14949.44it/s]

  0%|          | 0/576 [00:00<?, ?it/s]
100%|██████████| 576/576 [00:00<00:00, 14644.77it/s]

  0%|          | 0/288 [00:00<?, ?it/s]
100%|██████████| 288/288 [00:00<00:00, 19759.53it/s]

  0%|          | 0/576 [00:00<?, ?it/s]
100%|██████████| 576/576 [00:00<00:00, 15314.76it/s]

  0%|          | 0/576 [00:00<?, ?it/s]
100%|██████████| 576/576 [00:00<00:00, 15395.77it/s]

  0%|          | 0/1152 [00:00<?, ?it/s]
100%|██████████| 1152/1152 [00:00<00:00, 15435.80it/s]

  0%|          | 0/1152 [00:00<?, ?it/s]
100%|██████████| 1152/1152 [00:00<00:00, 14346.44it/s]

  0%|          | 0/2304 [00:00<?, ?it/s]
 64%|██████▍   | 1478/2304 [00:00<00:00, 14775.86it/s]
100%|██████████| 2304/2304 [00:00<00:00, 14154.48it/s]

  0%|          | 0/4608 [00:00<?, ?it/s]
 33%|███▎      | 1511/4608 [00:00<00:00, 15104.72it/s]
 66%|██████▋   | 3062/4608 [00:00<00:00, 15339.93it/s]
100%|██████████| 4608/4608 [00:00<00:00, 15579.78it/s]

  0%|          | 0/292 [00:00<?, ?it/s]
100%|██████████| 292/292 [00:00<00:00, 13711.48it/s]

  0%|          | 0/584 [00:00<?, ?it/s]
100%|██████████| 584/584 [00:00<00:00, 17669.40it/s]

  0%|          | 0/292 [00:00<?, ?it/s]
100%|██████████| 292/292 [00:00<00:00, 19486.97it/s]

  0%|          | 0/584 [00:00<?, ?it/s]
100%|██████████| 584/584 [00:00<00:00, 18900.26it/s]

  0%|          | 0/292 [00:00<?, ?it/s]
100%|██████████| 292/292 [00:00<00:00, 12446.39it/s]

  0%|          | 0/584 [00:00<?, ?it/s]
100%|██████████| 584/584 [00:00<00:00, 16091.24it/s]

  0%|          | 0/584 [00:00<?, ?it/s]
100%|██████████| 584/584 [00:00<00:00, 14069.67it/s]

  0%|          | 0/1168 [00:00<?, ?it/s]
100%|██████████| 1168/1168 [00:00<00:00, 15597.72it/s]

  0%|          | 0/1168 [00:00<?, ?it/s]
100%|██████████| 1168/1168 [00:00<00:00, 14883.63it/s]

  0%|          | 0/2336 [00:00<?, ?it/s]
 64%|██████▍   | 1500/2336 [00:00<00:00, 14993.51it/s]
100%|██████████| 2336/2336 [00:00<00:00, 15395.79it/s]

  0%|          | 0/4672 [00:00<?, ?it/s]
 35%|███▍      | 1631/4672 [00:00<00:00, 16298.82it/s]
 70%|██████▉   | 3261/4672 [00:00<00:00, 15665.80it/s]
100%|██████████| 4672/4672 [00:00<00:00, 15334.98it/s]

  0%|          | 0/296 [00:00<?, ?it/s]
100%|██████████| 296/296 [00:00<00:00, 20423.00it/s]

  0%|          | 0/592 [00:00<?, ?it/s]
100%|██████████| 592/592 [00:00<00:00, 15618.39it/s]

  0%|          | 0/296 [00:00<?, ?it/s]
100%|██████████| 296/296 [00:00<00:00, 13346.89it/s]

  0%|          | 0/592 [00:00<?, ?it/s]
100%|██████████| 592/592 [00:00<00:00, 16737.97it/s]

  0%|          | 0/296 [00:00<?, ?it/s]
100%|██████████| 296/296 [00:00<00:00, 14004.67it/s]

  0%|          | 0/592 [00:00<?, ?it/s]
100%|██████████| 592/592 [00:00<00:00, 15748.16it/s]

  0%|          | 0/592 [00:00<?, ?it/s]
100%|██████████| 592/592 [00:00<00:00, 17719.71it/s]

  0%|          | 0/1184 [00:00<?, ?it/s]
100%|██████████| 1184/1184 [00:00<00:00, 15155.99it/s]

  0%|          | 0/1184 [00:00<?, ?it/s]
100%|██████████| 1184/1184 [00:00<00:00, 16778.80it/s]

  0%|          | 0/2368 [00:00<?, ?it/s]
 68%|██████▊   | 1615/2368 [00:00<00:00, 16143.78it/s]
100%|██████████| 2368/2368 [00:00<00:00, 15961.92it/s]

  0%|          | 0/4736 [00:00<?, ?it/s]
 31%|███       | 1448/4736 [00:00<00:00, 14474.35it/s]
 63%|██████▎   | 2990/4736 [00:00<00:00, 15027.14it/s]
 95%|█████████▍| 4493/4736 [00:00<00:00, 14697.69it/s]
100%|██████████| 4736/4736 [00:00<00:00, 14682.06it/s]

  0%|          | 0/300 [00:00<?, ?it/s]
100%|██████████| 300/300 [00:00<00:00, 21384.60it/s]

  0%|          | 0/600 [00:00<?, ?it/s]
100%|██████████| 600/600 [00:00<00:00, 17476.39it/s]

  0%|          | 0/300 [00:00<?, ?it/s]
100%|██████████| 300/300 [00:00<00:00, 15327.44it/s]

  0%|          | 0/600 [00:00<?, ?it/s]
100%|██████████| 600/600 [00:00<00:00, 16833.44it/s]

  0%|          | 0/300 [00:00<?, ?it/s]
100%|██████████| 300/300 [00:00<00:00, 12167.63it/s]

  0%|          | 0/600 [00:00<?, ?it/s]
100%|██████████| 600/600 [00:00<00:00, 13777.72it/s]

  0%|          | 0/600 [00:00<?, ?it/s]
100%|██████████| 600/600 [00:00<00:00, 19362.50it/s]

  0%|          | 0/1200 [00:00<?, ?it/s]
100%|██████████| 1200/1200 [00:00<00:00, 14436.86it/s]

  0%|          | 0/1200 [00:00<?, ?it/s]
100%|██████████| 1200/1200 [00:00<00:00, 14926.53it/s]

  0%|          | 0/2400 [00:00<?, ?it/s]
 71%|███████   | 1696/2400 [00:00<00:00, 16952.38it/s]
100%|██████████| 2400/2400 [00:00<00:00, 16544.35it/s]

  0%|          | 0/4800 [00:00<?, ?it/s]
 34%|███▎      | 1614/4800 [00:00<00:00, 16129.75it/s]
 67%|██████▋   | 3227/4800 [00:00<00:00, 15273.03it/s]
 99%|█████████▉| 4758/4800 [00:00<00:00, 14845.16it/s]
100%|██████████| 4800/4800 [00:00<00:00, 15046.52it/s]

  0%|          | 0/304 [00:00<?, ?it/s]
100%|██████████| 304/304 [00:00<00:00, 17137.33it/s]

  0%|          | 0/608 [00:00<?, ?it/s]
100%|██████████| 608/608 [00:00<00:00, 15124.02it/s]

  0%|          | 0/304 [00:00<?, ?it/s]
100%|██████████| 304/304 [00:00<00:00, 16622.80it/s]

  0%|          | 0/608 [00:00<?, ?it/s]
100%|██████████| 608/608 [00:00<00:00, 15038.05it/s]

  0%|          | 0/304 [00:00<?, ?it/s]
100%|██████████| 304/304 [00:00<00:00, 12565.47it/s]

  0%|          | 0/608 [00:00<?, ?it/s]
100%|██████████| 608/608 [00:00<00:00, 15600.41it/s]

  0%|          | 0/608 [00:00<?, ?it/s]
100%|██████████| 608/608 [00:00<00:00, 14754.92it/s]

  0%|          | 0/1216 [00:00<?, ?it/s]
100%|██████████| 1216/1216 [00:00<00:00, 14454.02it/s]

  0%|          | 0/1216 [00:00<?, ?it/s]
100%|██████████| 1216/1216 [00:00<00:00, 15450.60it/s]

  0%|          | 0/2432 [00:00<?, ?it/s]
 61%|██████    | 1487/2432 [00:00<00:00, 14867.71it/s]
100%|██████████| 2432/2432 [00:00<00:00, 14183.21it/s]

  0%|          | 0/4864 [00:00<?, ?it/s]
 32%|███▏      | 1573/4864 [00:00<00:00, 15721.24it/s]
 65%|██████▍   | 3146/4864 [00:00<00:00, 15185.47it/s]
 96%|█████████▌| 4666/4864 [00:00<00:00, 14457.86it/s]
100%|██████████| 4864/4864 [00:00<00:00, 14807.51it/s]

  0%|          | 0/308 [00:00<?, ?it/s]
100%|██████████| 308/308 [00:00<00:00, 17349.53it/s]

  0%|          | 0/616 [00:00<?, ?it/s]
100%|██████████| 616/616 [00:00<00:00, 17731.74it/s]

  0%|          | 0/308 [00:00<?, ?it/s]
100%|██████████| 308/308 [00:00<00:00, 18417.84it/s]

  0%|          | 0/616 [00:00<?, ?it/s]
100%|██████████| 616/616 [00:00<00:00, 14359.11it/s]

  0%|          | 0/308 [00:00<?, ?it/s]
100%|██████████| 308/308 [00:00<00:00, 14153.33it/s]

  0%|          | 0/616 [00:00<?, ?it/s]
100%|██████████| 616/616 [00:00<00:00, 15234.66it/s]

  0%|          | 0/616 [00:00<?, ?it/s]
100%|██████████| 616/616 [00:00<00:00, 11674.48it/s]

  0%|          | 0/1232 [00:00<?, ?it/s]
100%|██████████| 1232/1232 [00:00<00:00, 16715.19it/s]

  0%|          | 0/1232 [00:00<?, ?it/s]
100%|██████████| 1232/1232 [00:00<00:00, 15338.53it/s]

  0%|          | 0/2464 [00:00<?, ?it/s]
 59%|█████▊    | 1444/2464 [00:00<00:00, 14438.71it/s]
100%|██████████| 2464/2464 [00:00<00:00, 14172.26it/s]

  0%|          | 0/4928 [00:00<?, ?it/s]
 34%|███▎      | 1652/4928 [00:00<00:00, 16518.40it/s]
 67%|██████▋   | 3304/4928 [00:00<00:00, 15010.99it/s]
 98%|█████████▊| 4815/4928 [00:00<00:00, 14206.50it/s]
100%|██████████| 4928/4928 [00:00<00:00, 14604.81it/s]

  0%|          | 0/312 [00:00<?, ?it/s]
100%|██████████| 312/312 [00:00<00:00, 16717.42it/s]

  0%|          | 0/624 [00:00<?, ?it/s]
100%|██████████| 624/624 [00:00<00:00, 15496.56it/s]

  0%|          | 0/312 [00:00<?, ?it/s]
100%|██████████| 312/312 [00:00<00:00, 13899.49it/s]

  0%|          | 0/624 [00:00<?, ?it/s]
100%|██████████| 624/624 [00:00<00:00, 15400.73it/s]

  0%|          | 0/312 [00:00<?, ?it/s]
100%|██████████| 312/312 [00:00<00:00, 12980.82it/s]

  0%|          | 0/624 [00:00<?, ?it/s]
100%|██████████| 624/624 [00:00<00:00, 14606.63it/s]

  0%|          | 0/624 [00:00<?, ?it/s]
100%|██████████| 624/624 [00:00<00:00, 14954.24it/s]

  0%|          | 0/1248 [00:00<?, ?it/s]
100%|██████████| 1248/1248 [00:00<00:00, 16449.59it/s]

  0%|          | 0/1248 [00:00<?, ?it/s]
100%|██████████| 1248/1248 [00:00<00:00, 16289.32it/s]

  0%|          | 0/2496 [00:00<?, ?it/s]
 64%|██████▍   | 1603/2496 [00:00<00:00, 16022.91it/s]
100%|██████████| 2496/2496 [00:00<00:00, 15286.04it/s]

  0%|          | 0/4992 [00:00<?, ?it/s]
 30%|██▉       | 1487/4992 [00:00<00:00, 14868.45it/s]
 60%|█████▉    | 2974/4992 [00:00<00:00, 14650.46it/s]
 89%|████████▉ | 4463/4992 [00:00<00:00, 14756.60it/s]
100%|██████████| 4992/4992 [00:00<00:00, 14596.44it/s]

  0%|          | 0/316 [00:00<?, ?it/s]
100%|██████████| 316/316 [00:00<00:00, 14746.99it/s]

  0%|          | 0/632 [00:00<?, ?it/s]
100%|██████████| 632/632 [00:00<00:00, 15664.63it/s]

  0%|          | 0/316 [00:00<?, ?it/s]
100%|██████████| 316/316 [00:00<00:00, 13965.69it/s]

  0%|          | 0/632 [00:00<?, ?it/s]
100%|██████████| 632/632 [00:00<00:00, 17273.44it/s]

  0%|          | 0/316 [00:00<?, ?it/s]
100%|██████████| 316/316 [00:00<00:00, 15316.35it/s]

  0%|          | 0/632 [00:00<?, ?it/s]
100%|██████████| 632/632 [00:00<00:00, 13172.99it/s]

  0%|          | 0/632 [00:00<?, ?it/s]
100%|██████████| 632/632 [00:00<00:00, 18735.16it/s]

  0%|          | 0/1264 [00:00<?, ?it/s]
100%|██████████| 1264/1264 [00:00<00:00, 16755.53it/s]

  0%|          | 0/1264 [00:00<?, ?it/s]
100%|██████████| 1264/1264 [00:00<00:00, 15404.28it/s]

  0%|          | 0/2528 [00:00<?, ?it/s]
 61%|██████    | 1532/2528 [00:00<00:00, 15315.85it/s]
100%|██████████| 2528/2528 [00:00<00:00, 15228.23it/s]

  0%|          | 0/5056 [00:00<?, ?it/s]
 31%|███       | 1545/5056 [00:00<00:00, 15442.84it/s]
 62%|██████▏   | 3110/5056 [00:00<00:00, 15560.38it/s]
 92%|█████████▏| 4667/5056 [00:00<00:00, 13234.74it/s]
100%|██████████| 5056/5056 [00:00<00:00, 13738.26it/s]

  0%|          | 0/320 [00:00<?, ?it/s]
100%|██████████| 320/320 [00:00<00:00, 20705.58it/s]

  0%|          | 0/640 [00:00<?, ?it/s]
100%|██████████| 640/640 [00:00<00:00, 15743.92it/s]

  0%|          | 0/320 [00:00<?, ?it/s]
100%|██████████| 320/320 [00:00<00:00, 15904.27it/s]

  0%|          | 0/640 [00:00<?, ?it/s]
100%|██████████| 640/640 [00:00<00:00, 17018.67it/s]

  0%|          | 0/320 [00:00<?, ?it/s]
100%|██████████| 320/320 [00:00<00:00, 14245.75it/s]

  0%|          | 0/640 [00:00<?, ?it/s]
100%|██████████| 640/640 [00:00<00:00, 15397.42it/s]

  0%|          | 0/640 [00:00<?, ?it/s]
100%|██████████| 640/640 [00:00<00:00, 13953.61it/s]

  0%|          | 0/1280 [00:00<?, ?it/s]
100%|██████████| 1280/1280 [00:00<00:00, 16124.96it/s]

  0%|          | 0/1280 [00:00<?, ?it/s]
100%|██████████| 1280/1280 [00:00<00:00, 16472.53it/s]

  0%|          | 0/2560 [00:00<?, ?it/s]
 62%|██████▏   | 1599/2560 [00:00<00:00, 15987.88it/s]
100%|██████████| 2560/2560 [00:00<00:00, 14531.19it/s]

  0%|          | 0/5120 [00:00<?, ?it/s]
 26%|██▌       | 1320/5120 [00:00<00:00, 13193.72it/s]
 52%|█████▏    | 2640/5120 [00:03<00:03, 723.29it/s]  
 81%|████████  | 4159/5120 [00:03<00:00, 1360.07it/s]
100%|██████████| 5120/5120 [00:03<00:00, 1553.13it/s]

  0%|          | 0/324 [00:00<?, ?it/s]
100%|██████████| 324/324 [00:00<00:00, 19681.30it/s]

  0%|          | 0/648 [00:00<?, ?it/s]
100%|██████████| 648/648 [00:00<00:00, 18273.87it/s]

  0%|          | 0/324 [00:00<?, ?it/s]
100%|██████████| 324/324 [00:00<00:00, 14692.99it/s]

  0%|          | 0/648 [00:00<?, ?it/s]
100%|██████████| 648/648 [00:00<00:00, 17639.25it/s]

  0%|          | 0/324 [00:00<?, ?it/s]
100%|██████████| 324/324 [00:00<00:00, 16279.00it/s]

  0%|          | 0/648 [00:00<?, ?it/s]
100%|██████████| 648/648 [00:00<00:00, 14697.91it/s]

  0%|          | 0/648 [00:00<?, ?it/s]
100%|██████████| 648/648 [00:00<00:00, 15112.84it/s]

  0%|          | 0/1296 [00:00<?, ?it/s]
100%|██████████| 1296/1296 [00:00<00:00, 14531.82it/s]

  0%|          | 0/1296 [00:00<?, ?it/s]
100%|██████████| 1296/1296 [00:00<00:00, 14894.28it/s]

  0%|          | 0/2592 [00:00<?, ?it/s]
 60%|█████▉    | 1555/2592 [00:00<00:00, 15547.27it/s]
100%|██████████| 2592/2592 [00:00<00:00, 15168.02it/s]

  0%|          | 0/5184 [00:00<?, ?it/s]
 31%|███▏      | 1629/5184 [00:00<00:00, 16285.98it/s]
 63%|██████▎   | 3258/5184 [00:00<00:00, 15298.45it/s]
 92%|█████████▏| 4792/5184 [00:00<00:00, 14936.84it/s]
100%|██████████| 5184/5184 [00:00<00:00, 15094.91it/s]

  0%|          | 0/328 [00:00<?, ?it/s]
100%|██████████| 328/328 [00:00<00:00, 17197.08it/s]

  0%|          | 0/656 [00:00<?, ?it/s]
100%|██████████| 656/656 [00:00<00:00, 17408.82it/s]

  0%|          | 0/328 [00:00<?, ?it/s]
100%|██████████| 328/328 [00:00<00:00, 14965.15it/s]

  0%|          | 0/656 [00:00<?, ?it/s]
100%|██████████| 656/656 [00:00<00:00, 16208.82it/s]

  0%|          | 0/328 [00:00<?, ?it/s]
100%|██████████| 328/328 [00:00<00:00, 14617.09it/s]

  0%|          | 0/656 [00:00<?, ?it/s]
100%|██████████| 656/656 [00:00<00:00, 16887.91it/s]

  0%|          | 0/656 [00:00<?, ?it/s]
100%|██████████| 656/656 [00:00<00:00, 13150.80it/s]

  0%|          | 0/1312 [00:00<?, ?it/s]
100%|██████████| 1312/1312 [00:00<00:00, 15385.31it/s]

  0%|          | 0/1312 [00:00<?, ?it/s]
100%|██████████| 1312/1312 [00:00<00:00, 13249.18it/s]

  0%|          | 0/2624 [00:00<?, ?it/s]
 58%|█████▊    | 1529/2624 [00:00<00:00, 15276.50it/s]
100%|██████████| 2624/2624 [00:00<00:00, 15608.79it/s]

  0%|          | 0/5248 [00:00<?, ?it/s]
 27%|██▋       | 1413/5248 [00:00<00:00, 14124.09it/s]
 54%|█████▍    | 2826/5248 [00:00<00:00, 12603.95it/s]
 79%|███████▉  | 4167/5248 [00:00<00:00, 12946.61it/s]
100%|██████████| 5248/5248 [00:00<00:00, 12553.51it/s]

  0%|          | 0/332 [00:00<?, ?it/s]
100%|██████████| 332/332 [00:00<00:00, 19105.30it/s]

  0%|          | 0/664 [00:00<?, ?it/s]
100%|██████████| 664/664 [00:00<00:00, 15228.08it/s]

  0%|          | 0/332 [00:00<?, ?it/s]
100%|██████████| 332/332 [00:00<00:00, 14491.72it/s]

  0%|          | 0/664 [00:00<?, ?it/s]
100%|██████████| 664/664 [00:00<00:00, 18691.77it/s]

  0%|          | 0/332 [00:00<?, ?it/s]
100%|██████████| 332/332 [00:00<00:00, 14724.79it/s]

  0%|          | 0/664 [00:00<?, ?it/s]
100%|██████████| 664/664 [00:00<00:00, 15925.67it/s]

  0%|          | 0/664 [00:00<?, ?it/s]
100%|██████████| 664/664 [00:00<00:00, 13898.68it/s]

  0%|          | 0/1328 [00:00<?, ?it/s]
100%|██████████| 1328/1328 [00:00<00:00, 13800.81it/s]

  0%|          | 0/1328 [00:00<?, ?it/s]
100%|██████████| 1328/1328 [00:00<00:00, 14082.75it/s]

  0%|          | 0/2656 [00:00<?, ?it/s]
 54%|█████▍    | 1443/2656 [00:00<00:00, 14424.44it/s]
100%|██████████| 2656/2656 [00:00<00:00, 13822.49it/s]

  0%|          | 0/5312 [00:00<?, ?it/s]
 25%|██▍       | 1318/5312 [00:00<00:00, 13174.11it/s]
 53%|█████▎    | 2829/5312 [00:00<00:00, 14309.92it/s]
 81%|████████  | 4279/5312 [00:00<00:00, 14391.39it/s]
100%|██████████| 5312/5312 [00:00<00:00, 14490.98it/s]

  0%|          | 0/336 [00:00<?, ?it/s]
100%|██████████| 336/336 [00:00<00:00, 18563.27it/s]

  0%|          | 0/672 [00:00<?, ?it/s]
100%|██████████| 672/672 [00:00<00:00, 16426.97it/s]

  0%|          | 0/336 [00:00<?, ?it/s]
100%|██████████| 336/336 [00:00<00:00, 14257.68it/s]

  0%|          | 0/672 [00:00<?, ?it/s]
100%|██████████| 672/672 [00:00<00:00, 16093.16it/s]

  0%|          | 0/336 [00:00<?, ?it/s]
100%|██████████| 336/336 [00:00<00:00, 15109.10it/s]

  0%|          | 0/672 [00:00<?, ?it/s]
100%|██████████| 672/672 [00:00<00:00, 17966.65it/s]

  0%|          | 0/672 [00:00<?, ?it/s]
100%|██████████| 672/672 [00:00<00:00, 15989.36it/s]

  0%|          | 0/1344 [00:00<?, ?it/s]
100%|██████████| 1344/1344 [00:00<00:00, 14908.23it/s]

  0%|          | 0/1344 [00:00<?, ?it/s]
100%|██████████| 1344/1344 [00:00<00:00, 15216.28it/s]

  0%|          | 0/2688 [00:00<?, ?it/s]
 58%|█████▊    | 1550/2688 [00:00<00:00, 15489.05it/s]
100%|██████████| 2688/2688 [00:00<00:00, 15199.50it/s]

  0%|          | 0/5376 [00:00<?, ?it/s]
 25%|██▍       | 1322/5376 [00:00<00:00, 13210.28it/s]
 49%|████▉     | 2644/5376 [00:00<00:00, 12749.96it/s]
 76%|███████▌  | 4073/5376 [00:00<00:00, 13438.18it/s]
100%|██████████| 5376/5376 [00:00<00:00, 13015.40it/s]

  0%|          | 0/340 [00:00<?, ?it/s]
100%|██████████| 340/340 [00:00<00:00, 16291.16it/s]

  0%|          | 0/680 [00:00<?, ?it/s]
100%|██████████| 680/680 [00:00<00:00, 14824.02it/s]

  0%|          | 0/340 [00:00<?, ?it/s]
100%|██████████| 340/340 [00:00<00:00, 17538.38it/s]

  0%|          | 0/680 [00:00<?, ?it/s]
100%|██████████| 680/680 [00:00<00:00, 13829.77it/s]

  0%|          | 0/340 [00:00<?, ?it/s]
100%|██████████| 340/340 [00:00<00:00, 16220.75it/s]

  0%|          | 0/680 [00:00<?, ?it/s]
100%|██████████| 680/680 [00:00<00:00, 14625.24it/s]

  0%|          | 0/680 [00:00<?, ?it/s]
100%|██████████| 680/680 [00:00<00:00, 14789.43it/s]

  0%|          | 0/1360 [00:00<?, ?it/s]
100%|██████████| 1360/1360 [00:00<00:00, 14224.43it/s]

  0%|          | 0/1360 [00:00<?, ?it/s]
100%|██████████| 1360/1360 [00:00<00:00, 14084.68it/s]

  0%|          | 0/2720 [00:00<?, ?it/s]
 60%|█████▉    | 1623/2720 [00:00<00:00, 16217.14it/s]
100%|██████████| 2720/2720 [00:00<00:00, 15503.89it/s]

  0%|          | 0/5440 [00:00<?, ?it/s]
 27%|██▋       | 1472/5440 [00:00<00:00, 14715.28it/s]
 54%|█████▍    | 2944/5440 [00:00<00:00, 14631.62it/s]
 81%|████████  | 4408/5440 [00:00<00:00, 14430.92it/s]
100%|██████████| 5440/5440 [00:00<00:00, 14430.52it/s]

  0%|          | 0/344 [00:00<?, ?it/s]
100%|██████████| 344/344 [00:00<00:00, 14053.19it/s]

  0%|          | 0/688 [00:00<?, ?it/s]
100%|██████████| 688/688 [00:00<00:00, 14700.21it/s]

  0%|          | 0/344 [00:00<?, ?it/s]
100%|██████████| 344/344 [00:00<00:00, 14117.54it/s]

  0%|          | 0/688 [00:00<?, ?it/s]
100%|██████████| 688/688 [00:00<00:00, 14985.18it/s]

  0%|          | 0/344 [00:00<?, ?it/s]
100%|██████████| 344/344 [00:00<00:00, 11635.25it/s]

  0%|          | 0/688 [00:00<?, ?it/s]
100%|██████████| 688/688 [00:00<00:00, 12861.20it/s]

  0%|          | 0/688 [00:00<?, ?it/s]
100%|██████████| 688/688 [00:00<00:00, 12790.06it/s]

  0%|          | 0/1376 [00:00<?, ?it/s]
100%|██████████| 1376/1376 [00:00<00:00, 14143.17it/s]

  0%|          | 0/1376 [00:00<?, ?it/s]
100%|██████████| 1376/1376 [00:00<00:00, 15557.41it/s]

  0%|          | 0/2752 [00:00<?, ?it/s]
 51%|█████     | 1404/2752 [00:00<00:00, 14037.24it/s]
100%|██████████| 2752/2752 [00:00<00:00, 14317.27it/s]

  0%|          | 0/5504 [00:00<?, ?it/s]
 24%|██▍       | 1330/5504 [00:00<00:00, 13292.25it/s]
 50%|█████     | 2755/5504 [00:00<00:00, 13850.77it/s]
 77%|███████▋  | 4261/5504 [00:00<00:00, 14399.41it/s]
100%|██████████| 5504/5504 [00:00<00:00, 14082.40it/s]

  0%|          | 0/348 [00:00<?, ?it/s]
100%|██████████| 348/348 [00:00<00:00, 20449.41it/s]

  0%|          | 0/696 [00:00<?, ?it/s]
100%|██████████| 696/696 [00:00<00:00, 16392.56it/s]

  0%|          | 0/348 [00:00<?, ?it/s]
100%|██████████| 348/348 [00:00<00:00, 12318.59it/s]

  0%|          | 0/696 [00:00<?, ?it/s]
100%|██████████| 696/696 [00:00<00:00, 17265.82it/s]

  0%|          | 0/348 [00:00<?, ?it/s]
100%|██████████| 348/348 [00:00<00:00, 13985.17it/s]

  0%|          | 0/696 [00:00<?, ?it/s]
100%|██████████| 696/696 [00:00<00:00, 14577.59it/s]

  0%|          | 0/696 [00:00<?, ?it/s]
100%|██████████| 696/696 [00:00<00:00, 18541.89it/s]

  0%|          | 0/1392 [00:00<?, ?it/s]
100%|██████████| 1392/1392 [00:00<00:00, 18806.60it/s]

  0%|          | 0/1392 [00:00<?, ?it/s]
100%|██████████| 1392/1392 [00:00<00:00, 17609.04it/s]

  0%|          | 0/2784 [00:00<?, ?it/s]
 61%|██████    | 1701/2784 [00:00<00:00, 17001.91it/s]
100%|██████████| 2784/2784 [00:00<00:00, 16358.82it/s]

  0%|          | 0/5568 [00:00<?, ?it/s]
 29%|██▉       | 1602/5568 [00:00<00:00, 16017.07it/s]
 58%|█████▊    | 3204/5568 [00:00<00:00, 13929.97it/s]
 87%|████████▋ | 4819/5568 [00:00<00:00, 14864.77it/s]
100%|██████████| 5568/5568 [00:00<00:00, 14905.16it/s]

  0%|          | 0/352 [00:00<?, ?it/s]
100%|██████████| 352/352 [00:00<00:00, 13277.89it/s]

  0%|          | 0/704 [00:00<?, ?it/s]
100%|██████████| 704/704 [00:00<00:00, 18951.22it/s]

  0%|          | 0/352 [00:00<?, ?it/s]
100%|██████████| 352/352 [00:00<00:00, 15281.38it/s]

  0%|          | 0/704 [00:00<?, ?it/s]
100%|██████████| 704/704 [00:00<00:00, 15677.98it/s]

  0%|          | 0/352 [00:00<?, ?it/s]
100%|██████████| 352/352 [00:00<00:00, 14037.91it/s]

  0%|          | 0/704 [00:00<?, ?it/s]
100%|██████████| 704/704 [00:00<00:00, 13645.37it/s]

  0%|          | 0/704 [00:00<?, ?it/s]
100%|██████████| 704/704 [00:00<00:00, 12304.42it/s]

  0%|          | 0/1408 [00:00<?, ?it/s]
 99%|█████████▊| 1387/1408 [00:00<00:00, 13860.76it/s]
100%|██████████| 1408/1408 [00:00<00:00, 13796.79it/s]

  0%|          | 0/1408 [00:00<?, ?it/s]
 94%|█████████▍| 1321/1408 [00:00<00:00, 13202.58it/s]
100%|██████████| 1408/1408 [00:00<00:00, 13317.77it/s]

  0%|          | 0/2816 [00:00<?, ?it/s]
 50%|████▉     | 1407/2816 [00:00<00:00, 14068.07it/s]
100%|██████████| 2816/2816 [00:00<00:00, 14496.81it/s]

  0%|          | 0/5632 [00:00<?, ?it/s]
 23%|██▎       | 1272/5632 [00:00<00:00, 12718.77it/s]
 47%|████▋     | 2630/5632 [00:00<00:00, 13221.80it/s]
 73%|███████▎  | 4098/5632 [00:00<00:00, 13885.89it/s]
 99%|█████████▉| 5572/5632 [00:00<00:00, 14222.74it/s]
100%|██████████| 5632/5632 [00:00<00:00, 13904.97it/s]

  0%|          | 0/356 [00:00<?, ?it/s]
100%|██████████| 356/356 [00:00<00:00, 15374.82it/s]

  0%|          | 0/712 [00:00<?, ?it/s]
100%|██████████| 712/712 [00:00<00:00, 14095.44it/s]

  0%|          | 0/356 [00:00<?, ?it/s]
100%|██████████| 356/356 [00:00<00:00, 17939.45it/s]

  0%|          | 0/712 [00:00<?, ?it/s]
100%|██████████| 712/712 [00:00<00:00, 15509.29it/s]

  0%|          | 0/356 [00:00<?, ?it/s]
100%|██████████| 356/356 [00:00<00:00, 13361.96it/s]

  0%|          | 0/712 [00:00<?, ?it/s]
100%|██████████| 712/712 [00:00<00:00, 15150.57it/s]

  0%|          | 0/712 [00:00<?, ?it/s]
100%|██████████| 712/712 [00:00<00:00, 12561.07it/s]

  0%|          | 0/1424 [00:00<?, ?it/s]
100%|██████████| 1424/1424 [00:00<00:00, 14964.91it/s]

  0%|          | 0/1424 [00:00<?, ?it/s]
 92%|█████████▏| 1310/1424 [00:00<00:00, 13096.73it/s]
100%|██████████| 1424/1424 [00:00<00:00, 12841.51it/s]

  0%|          | 0/2848 [00:00<?, ?it/s]
 54%|█████▎    | 1530/2848 [00:00<00:00, 15295.67it/s]
100%|██████████| 2848/2848 [00:00<00:00, 15781.96it/s]

  0%|          | 0/5696 [00:00<?, ?it/s]
 23%|██▎       | 1336/5696 [00:00<00:00, 13303.18it/s]
 51%|█████▏    | 2924/5696 [00:00<00:00, 14814.08it/s]
 78%|███████▊  | 4468/5696 [00:00<00:00, 15099.07it/s]
100%|██████████| 5696/5696 [00:00<00:00, 15311.05it/s]

  0%|          | 0/360 [00:00<?, ?it/s]
100%|██████████| 360/360 [00:00<00:00, 12216.22it/s]

  0%|          | 0/720 [00:00<?, ?it/s]
100%|██████████| 720/720 [00:00<00:00, 18637.78it/s]

  0%|          | 0/360 [00:00<?, ?it/s]
100%|██████████| 360/360 [00:00<00:00, 20125.15it/s]

  0%|          | 0/720 [00:00<?, ?it/s]
100%|██████████| 720/720 [00:00<00:00, 14474.07it/s]

  0%|          | 0/360 [00:00<?, ?it/s]
100%|██████████| 360/360 [00:00<00:00, 17259.52it/s]

  0%|          | 0/720 [00:00<?, ?it/s]
100%|██████████| 720/720 [00:00<00:00, 15960.23it/s]

  0%|          | 0/720 [00:00<?, ?it/s]
100%|██████████| 720/720 [00:00<00:00, 18530.17it/s]

  0%|          | 0/1440 [00:00<?, ?it/s]
 97%|█████████▋| 1403/1440 [00:00<00:00, 14029.01it/s]
100%|██████████| 1440/1440 [00:00<00:00, 14086.30it/s]

  0%|          | 0/1440 [00:00<?, ?it/s]
100%|██████████| 1440/1440 [00:00<00:00, 15167.64it/s]

  0%|          | 0/2880 [00:00<?, ?it/s]
 46%|████▋     | 1332/2880 [00:00<00:00, 13314.11it/s]
 99%|█████████▉| 2865/2880 [00:00<00:00, 14497.81it/s]
100%|██████████| 2880/2880 [00:00<00:00, 14315.32it/s]

  0%|          | 0/5760 [00:00<?, ?it/s]
 26%|██▌       | 1496/5760 [00:00<00:00, 14953.85it/s]
 52%|█████▏    | 3007/5760 [00:00<00:00, 15037.34it/s]
 78%|███████▊  | 4511/5760 [00:00<00:00, 14936.11it/s]
100%|██████████| 5760/5760 [00:00<00:00, 14707.25it/s]

  0%|          | 0/364 [00:00<?, ?it/s]
100%|██████████| 364/364 [00:00<00:00, 15906.88it/s]

  0%|          | 0/728 [00:00<?, ?it/s]
100%|██████████| 728/728 [00:00<00:00, 15201.44it/s]

  0%|          | 0/364 [00:00<?, ?it/s]
100%|██████████| 364/364 [00:00<00:00, 13684.52it/s]

  0%|          | 0/728 [00:00<?, ?it/s]
100%|██████████| 728/728 [00:00<00:00, 15656.33it/s]

  0%|          | 0/364 [00:00<?, ?it/s]
100%|██████████| 364/364 [00:00<00:00, 14539.98it/s]

  0%|          | 0/728 [00:00<?, ?it/s]
100%|██████████| 728/728 [00:00<00:00, 13888.42it/s]

  0%|          | 0/728 [00:00<?, ?it/s]
100%|██████████| 728/728 [00:00<00:00, 12436.78it/s]

  0%|          | 0/1456 [00:00<?, ?it/s]
 90%|████████▉ | 1307/1456 [00:00<00:00, 13055.69it/s]
100%|██████████| 1456/1456 [00:00<00:00, 13020.71it/s]

  0%|          | 0/1456 [00:00<?, ?it/s]
 86%|████████▋ | 1257/1456 [00:00<00:00, 12568.12it/s]
100%|██████████| 1456/1456 [00:00<00:00, 12300.80it/s]

  0%|          | 0/2912 [00:00<?, ?it/s]
 48%|████▊     | 1411/2912 [00:00<00:00, 14105.44it/s]
100%|██████████| 2912/2912 [00:00<00:00, 14619.79it/s]

  0%|          | 0/5824 [00:00<?, ?it/s]
 26%|██▌       | 1528/5824 [00:00<00:00, 15270.58it/s]
 53%|█████▎    | 3112/5824 [00:00<00:00, 15605.06it/s]
 80%|████████  | 4673/5824 [00:00<00:00, 15018.13it/s]
100%|██████████| 5824/5824 [00:00<00:00, 15053.06it/s]

  0%|          | 0/368 [00:00<?, ?it/s]
100%|██████████| 368/368 [00:00<00:00, 17946.47it/s]

  0%|          | 0/736 [00:00<?, ?it/s]
100%|██████████| 736/736 [00:00<00:00, 18748.91it/s]

  0%|          | 0/368 [00:00<?, ?it/s]
100%|██████████| 368/368 [00:00<00:00, 13652.80it/s]

  0%|          | 0/736 [00:00<?, ?it/s]
100%|██████████| 736/736 [00:00<00:00, 16958.60it/s]

  0%|          | 0/368 [00:00<?, ?it/s]
100%|██████████| 368/368 [00:00<00:00, 17102.16it/s]

  0%|          | 0/736 [00:00<?, ?it/s]
100%|██████████| 736/736 [00:00<00:00, 16087.63it/s]

  0%|          | 0/736 [00:00<?, ?it/s]
100%|██████████| 736/736 [00:00<00:00, 13909.39it/s]

  0%|          | 0/1472 [00:00<?, ?it/s]
100%|██████████| 1472/1472 [00:00<00:00, 15339.70it/s]

  0%|          | 0/1472 [00:00<?, ?it/s]
100%|██████████| 1472/1472 [00:00<00:00, 14953.57it/s]

  0%|          | 0/2944 [00:00<?, ?it/s]
 57%|█████▋    | 1689/2944 [00:00<00:00, 16877.94it/s]
100%|██████████| 2944/2944 [00:00<00:00, 16786.82it/s]

  0%|          | 0/5888 [00:00<?, ?it/s]
 24%|██▍       | 1399/5888 [00:00<00:00, 13985.25it/s]
 49%|████▊     | 2860/5888 [00:00<00:00, 14350.75it/s]
 73%|███████▎  | 4296/5888 [00:00<00:00, 14265.23it/s]
 97%|█████████▋| 5723/5888 [00:00<00:00, 13486.64it/s]
100%|██████████| 5888/5888 [00:00<00:00, 13646.54it/s]

  0%|          | 0/372 [00:00<?, ?it/s]
100%|██████████| 372/372 [00:00<00:00, 15131.32it/s]

  0%|          | 0/744 [00:00<?, ?it/s]
100%|██████████| 744/744 [00:00<00:00, 15935.22it/s]

  0%|          | 0/372 [00:00<?, ?it/s]
100%|██████████| 372/372 [00:00<00:00, 12551.23it/s]

  0%|          | 0/744 [00:00<?, ?it/s]
100%|██████████| 744/744 [00:00<00:00, 13882.86it/s]

  0%|          | 0/372 [00:00<?, ?it/s]
100%|██████████| 372/372 [00:00<00:00, 11844.63it/s]

  0%|          | 0/744 [00:00<?, ?it/s]
100%|██████████| 744/744 [00:00<00:00, 14133.88it/s]

  0%|          | 0/744 [00:00<?, ?it/s]
100%|██████████| 744/744 [00:00<00:00, 14104.87it/s]

  0%|          | 0/1488 [00:00<?, ?it/s]
 95%|█████████▌| 1415/1488 [00:00<00:00, 14148.90it/s]
100%|██████████| 1488/1488 [00:00<00:00, 14125.27it/s]

  0%|          | 0/1488 [00:00<?, ?it/s]
 89%|████████▉ | 1321/1488 [00:00<00:00, 13206.39it/s]
100%|██████████| 1488/1488 [00:00<00:00, 13026.69it/s]

  0%|          | 0/2976 [00:00<?, ?it/s]
 44%|████▍     | 1307/2976 [00:00<00:00, 13065.09it/s]
 93%|█████████▎| 2766/2976 [00:00<00:00, 13956.47it/s]
100%|██████████| 2976/2976 [00:00<00:00, 13991.58it/s]

  0%|          | 0/5952 [00:00<?, ?it/s]
 22%|██▏       | 1288/5952 [00:00<00:00, 12872.22it/s]
 45%|████▌     | 2682/5952 [00:00<00:00, 13493.40it/s]
 68%|██████▊   | 4068/5952 [00:00<00:00, 13658.17it/s]
 91%|█████████▏| 5434/5952 [00:00<00:00, 13113.85it/s]
100%|██████████| 5952/5952 [00:00<00:00, 13326.24it/s]

  0%|          | 0/376 [00:00<?, ?it/s]
100%|██████████| 376/376 [00:00<00:00, 16409.06it/s]

  0%|          | 0/752 [00:00<?, ?it/s]
100%|██████████| 752/752 [00:00<00:00, 19136.50it/s]

  0%|          | 0/376 [00:00<?, ?it/s]
100%|██████████| 376/376 [00:00<00:00, 15135.50it/s]

  0%|          | 0/752 [00:00<?, ?it/s]
100%|██████████| 752/752 [00:00<00:00, 18560.61it/s]

  0%|          | 0/376 [00:00<?, ?it/s]
100%|██████████| 376/376 [00:00<00:00, 16662.18it/s]

  0%|          | 0/752 [00:00<?, ?it/s]
100%|██████████| 752/752 [00:00<00:00, 15533.77it/s]

  0%|          | 0/752 [00:00<?, ?it/s]
100%|██████████| 752/752 [00:00<00:00, 15215.52it/s]

  0%|          | 0/1504 [00:00<?, ?it/s]
 99%|█████████▉| 1496/1504 [00:00<00:00, 14959.19it/s]
100%|██████████| 1504/1504 [00:00<00:00, 14954.20it/s]

  0%|          | 0/1504 [00:00<?, ?it/s]
100%|██████████| 1504/1504 [00:00<00:00, 17325.98it/s]

  0%|          | 0/3008 [00:00<?, ?it/s]
 52%|█████▏    | 1550/3008 [00:00<00:00, 15481.15it/s]
100%|██████████| 3008/3008 [00:00<00:00, 15661.95it/s]

  0%|          | 0/6016 [00:00<?, ?it/s]
 23%|██▎       | 1388/6016 [00:00<00:00, 13874.36it/s]
 48%|████▊     | 2887/6016 [00:00<00:00, 14521.92it/s]
 74%|███████▎  | 4432/6016 [00:00<00:00, 14944.56it/s]
 99%|█████████▊| 5927/6016 [00:00<00:00, 14453.16it/s]
100%|██████████| 6016/6016 [00:00<00:00, 14408.25it/s]

  0%|          | 0/380 [00:00<?, ?it/s]
100%|██████████| 380/380 [00:00<00:00, 17670.21it/s]

  0%|          | 0/760 [00:00<?, ?it/s]
100%|██████████| 760/760 [00:00<00:00, 15489.62it/s]

  0%|          | 0/380 [00:00<?, ?it/s]
100%|██████████| 380/380 [00:00<00:00, 14070.00it/s]

  0%|          | 0/760 [00:00<?, ?it/s]
100%|██████████| 760/760 [00:00<00:00, 15662.92it/s]

  0%|          | 0/380 [00:00<?, ?it/s]
100%|██████████| 380/380 [00:00<00:00, 12681.70it/s]

  0%|          | 0/760 [00:00<?, ?it/s]
100%|██████████| 760/760 [00:00<00:00, 15232.55it/s]

  0%|          | 0/760 [00:00<?, ?it/s]
100%|██████████| 760/760 [00:00<00:00, 14828.86it/s]

  0%|          | 0/1520 [00:00<?, ?it/s]
 83%|████████▎ | 1257/1520 [00:00<00:00, 12563.72it/s]
100%|██████████| 1520/1520 [00:00<00:00, 12369.05it/s]

  0%|          | 0/1520 [00:00<?, ?it/s]
 91%|█████████ | 1379/1520 [00:00<00:00, 13784.00it/s]
100%|██████████| 1520/1520 [00:00<00:00, 13852.09it/s]

  0%|          | 0/3040 [00:00<?, ?it/s]
 41%|████      | 1248/3040 [00:00<00:00, 12476.50it/s]
 87%|████████▋ | 2638/3040 [00:00<00:00, 13310.26it/s]
100%|██████████| 3040/3040 [00:00<00:00, 13352.75it/s]

  0%|          | 0/6080 [00:00<?, ?it/s]
 23%|██▎       | 1382/6080 [00:00<00:00, 13817.58it/s]
 46%|████▌     | 2792/6080 [00:00<00:00, 13979.78it/s]
 69%|██████▉   | 4207/6080 [00:00<00:00, 14053.64it/s]
 92%|█████████▏| 5613/6080 [00:00<00:00, 13889.05it/s]
100%|██████████| 6080/6080 [00:00<00:00, 13839.50it/s]

  0%|          | 0/384 [00:00<?, ?it/s]
100%|██████████| 384/384 [00:00<00:00, 14572.38it/s]

  0%|          | 0/768 [00:00<?, ?it/s]
100%|██████████| 768/768 [00:00<00:00, 18888.28it/s]

  0%|          | 0/384 [00:00<?, ?it/s]
100%|██████████| 384/384 [00:00<00:00, 19996.19it/s]

  0%|          | 0/768 [00:00<?, ?it/s]
100%|██████████| 768/768 [00:00<00:00, 17708.48it/s]

  0%|          | 0/384 [00:00<?, ?it/s]
100%|██████████| 384/384 [00:00<00:00, 14925.38it/s]

  0%|          | 0/768 [00:00<?, ?it/s]
100%|██████████| 768/768 [00:00<00:00, 18921.89it/s]

  0%|          | 0/768 [00:00<?, ?it/s]
100%|██████████| 768/768 [00:00<00:00, 13175.12it/s]

  0%|          | 0/1536 [00:00<?, ?it/s]
100%|██████████| 1536/1536 [00:00<00:00, 16384.92it/s]

  0%|          | 0/1536 [00:00<?, ?it/s]
 96%|█████████▋| 1479/1536 [00:00<00:00, 14782.01it/s]
100%|██████████| 1536/1536 [00:00<00:00, 14680.00it/s]

  0%|          | 0/3072 [00:00<?, ?it/s]
 56%|█████▌    | 1708/3072 [00:00<00:00, 17072.24it/s]
100%|██████████| 3072/3072 [00:00<00:00, 16685.14it/s]

  0%|          | 0/6144 [00:00<?, ?it/s]
 24%|██▍       | 1493/6144 [00:00<00:00, 14919.59it/s]
 49%|████▉     | 3036/6144 [00:00<00:00, 15213.70it/s]
 74%|███████▍  | 4558/6144 [00:00<00:00, 14537.56it/s]
 98%|█████████▊| 6016/6144 [00:00<00:00, 13311.61it/s]
100%|██████████| 6144/6144 [00:00<00:00, 13836.98it/s]

  0%|          | 0/388 [00:00<?, ?it/s]
100%|██████████| 388/388 [00:00<00:00, 14818.43it/s]

  0%|          | 0/776 [00:00<?, ?it/s]
100%|██████████| 776/776 [00:00<00:00, 14219.66it/s]

  0%|          | 0/388 [00:00<?, ?it/s]
100%|██████████| 388/388 [00:00<00:00, 16061.88it/s]

  0%|          | 0/776 [00:00<?, ?it/s]
100%|██████████| 776/776 [00:00<00:00, 11805.34it/s]

  0%|          | 0/388 [00:00<?, ?it/s]
100%|██████████| 388/388 [00:00<00:00, 14477.01it/s]

  0%|          | 0/776 [00:00<?, ?it/s]
100%|██████████| 776/776 [00:00<00:00, 13780.40it/s]

  0%|          | 0/776 [00:00<?, ?it/s]
100%|██████████| 776/776 [00:00<00:00, 13755.65it/s]

  0%|          | 0/1552 [00:00<?, ?it/s]
 87%|████████▋ | 1352/1552 [00:00<00:00, 13515.47it/s]
100%|██████████| 1552/1552 [00:00<00:00, 13401.60it/s]

  0%|          | 0/1552 [00:00<?, ?it/s]
 78%|███████▊  | 1205/1552 [00:00<00:00, 12046.56it/s]
100%|██████████| 1552/1552 [00:00<00:00, 12162.31it/s]

  0%|          | 0/3104 [00:00<?, ?it/s]
 41%|████▏     | 1288/3104 [00:00<00:00, 12869.46it/s]
 85%|████████▌ | 2646/3104 [00:00<00:00, 13286.38it/s]
100%|██████████| 3104/3104 [00:00<00:00, 13287.27it/s]

  0%|          | 0/6208 [00:00<?, ?it/s]
 22%|██▏       | 1396/6208 [00:00<00:00, 13958.85it/s]
 45%|████▍     | 2792/6208 [00:00<00:00, 13331.17it/s]
 68%|██████▊   | 4221/6208 [00:00<00:00, 13757.12it/s]
 91%|█████████ | 5661/6208 [00:00<00:00, 14003.25it/s]
100%|██████████| 6208/6208 [00:00<00:00, 13928.04it/s]

  0%|          | 0/392 [00:00<?, ?it/s]
100%|██████████| 392/392 [00:00<00:00, 13722.21it/s]

  0%|          | 0/784 [00:00<?, ?it/s]
100%|██████████| 784/784 [00:00<00:00, 20567.90it/s]

  0%|          | 0/392 [00:00<?, ?it/s]
100%|██████████| 392/392 [00:00<00:00, 11267.52it/s]

  0%|          | 0/784 [00:00<?, ?it/s]
100%|██████████| 784/784 [00:00<00:00, 14075.33it/s]

  0%|          | 0/392 [00:00<?, ?it/s]
100%|██████████| 392/392 [00:00<00:00, 15272.56it/s]

  0%|          | 0/784 [00:00<?, ?it/s]
100%|██████████| 784/784 [00:00<00:00, 15573.01it/s]

  0%|          | 0/784 [00:00<?, ?it/s]
100%|██████████| 784/784 [00:00<00:00, 16306.17it/s]

  0%|          | 0/1568 [00:00<?, ?it/s]
 96%|█████████▋| 1513/1568 [00:00<00:00, 15125.76it/s]
100%|██████████| 1568/1568 [00:00<00:00, 14864.85it/s]

  0%|          | 0/1568 [00:00<?, ?it/s]
 80%|████████  | 1255/1568 [00:00<00:00, 12548.55it/s]
100%|██████████| 1568/1568 [00:00<00:00, 13037.98it/s]

  0%|          | 0/3136 [00:00<?, ?it/s]
 48%|████▊     | 1516/3136 [00:00<00:00, 15141.68it/s]
 97%|█████████▋| 3031/3136 [00:00<00:00, 14466.09it/s]
100%|██████████| 3136/3136 [00:00<00:00, 14551.81it/s]

  0%|          | 0/6272 [00:00<?, ?it/s]
 23%|██▎       | 1413/6272 [00:00<00:00, 14119.98it/s]
 46%|████▌     | 2870/6272 [00:00<00:00, 14381.56it/s]
 69%|██████▊   | 4309/6272 [00:00<00:00, 14043.03it/s]
 92%|█████████▏| 5744/6272 [00:00<00:00, 14160.56it/s]
100%|██████████| 6272/6272 [00:00<00:00, 14189.03it/s]

  0%|          | 0/396 [00:00<?, ?it/s]
100%|██████████| 396/396 [00:00<00:00, 19996.92it/s]

  0%|          | 0/792 [00:00<?, ?it/s]
100%|██████████| 792/792 [00:00<00:00, 17846.38it/s]

  0%|          | 0/396 [00:00<?, ?it/s]
100%|██████████| 396/396 [00:00<00:00, 16217.47it/s]

  0%|          | 0/792 [00:00<?, ?it/s]
100%|██████████| 792/792 [00:00<00:00, 13931.93it/s]

  0%|          | 0/396 [00:00<?, ?it/s]
100%|██████████| 396/396 [00:00<00:00, 16464.88it/s]

  0%|          | 0/792 [00:00<?, ?it/s]
100%|██████████| 792/792 [00:00<00:00, 16577.45it/s]

  0%|          | 0/792 [00:00<?, ?it/s]
100%|██████████| 792/792 [00:00<00:00, 13491.55it/s]

  0%|          | 0/1584 [00:00<?, ?it/s]
 90%|████████▉ | 1424/1584 [00:00<00:00, 14204.05it/s]
100%|██████████| 1584/1584 [00:00<00:00, 14180.41it/s]

  0%|          | 0/1584 [00:00<?, ?it/s]
 92%|█████████▏| 1453/1584 [00:00<00:00, 14525.65it/s]
100%|██████████| 1584/1584 [00:00<00:00, 14400.92it/s]

  0%|          | 0/3168 [00:00<?, ?it/s]
 42%|████▏     | 1331/3168 [00:00<00:00, 13292.04it/s]
 84%|████████▍ | 2666/3168 [00:00<00:00, 13306.73it/s]
100%|██████████| 3168/3168 [00:00<00:00, 13297.83it/s]

  0%|          | 0/6336 [00:00<?, ?it/s]
 23%|██▎       | 1426/6336 [00:00<00:00, 14207.91it/s]
 45%|████▍     | 2847/6336 [00:00<00:00, 14119.32it/s]
 68%|██████▊   | 4314/6336 [00:00<00:00, 14367.59it/s]
 91%|█████████ | 5765/6336 [00:00<00:00, 14421.70it/s]
100%|██████████| 6336/6336 [00:00<00:00, 14247.19it/s]

  0%|          | 0/400 [00:00<?, ?it/s]
100%|██████████| 400/400 [00:00<00:00, 18992.72it/s]

  0%|          | 0/800 [00:00<?, ?it/s]
100%|██████████| 800/800 [00:00<00:00, 14694.11it/s]

  0%|          | 0/400 [00:00<?, ?it/s]
100%|██████████| 400/400 [00:00<00:00, 13829.24it/s]

  0%|          | 0/800 [00:00<?, ?it/s]
100%|██████████| 800/800 [00:00<00:00, 13732.85it/s]

  0%|          | 0/400 [00:00<?, ?it/s]
100%|██████████| 400/400 [00:00<00:00, 14210.51it/s]

  0%|          | 0/800 [00:00<?, ?it/s]
100%|██████████| 800/800 [00:00<00:00, 16779.73it/s]

  0%|          | 0/800 [00:00<?, ?it/s]
100%|██████████| 800/800 [00:00<00:00, 15237.88it/s]

  0%|          | 0/1600 [00:00<?, ?it/s]
 91%|█████████▏| 1462/1600 [00:00<00:00, 14616.49it/s]
100%|██████████| 1600/1600 [00:00<00:00, 14653.87it/s]

  0%|          | 0/1600 [00:00<?, ?it/s]
 91%|█████████ | 1452/1600 [00:00<00:00, 14506.46it/s]
100%|██████████| 1600/1600 [00:00<00:00, 14408.74it/s]

  0%|          | 0/3200 [00:00<?, ?it/s]
 48%|████▊     | 1541/3200 [00:00<00:00, 15394.60it/s]
 97%|█████████▋| 3098/3200 [00:00<00:00, 15494.66it/s]
100%|██████████| 3200/3200 [00:00<00:00, 15539.98it/s]

  0%|          | 0/6400 [00:00<?, ?it/s]
 26%|██▌       | 1641/6400 [00:00<00:00, 16406.46it/s]
 51%|█████▏    | 3282/6400 [00:00<00:00, 15593.65it/s]
 76%|███████▌  | 4845/6400 [00:00<00:00, 14943.08it/s]
 99%|█████████▉| 6343/6400 [00:00<00:00, 14553.76it/s]
100%|██████████| 6400/6400 [00:00<00:00, 14861.02it/s]

  0%|          | 0/404 [00:00<?, ?it/s]
100%|██████████| 404/404 [00:00<00:00, 14759.16it/s]

  0%|          | 0/808 [00:00<?, ?it/s]
100%|██████████| 808/808 [00:00<00:00, 14419.49it/s]

  0%|          | 0/404 [00:00<?, ?it/s]
100%|██████████| 404/404 [00:00<00:00, 17535.95it/s]

  0%|          | 0/808 [00:00<?, ?it/s]
100%|██████████| 808/808 [00:00<00:00, 16303.21it/s]

  0%|          | 0/404 [00:00<?, ?it/s]
100%|██████████| 404/404 [00:00<00:00, 13506.18it/s]

  0%|          | 0/808 [00:00<?, ?it/s]
100%|██████████| 808/808 [00:00<00:00, 16829.62it/s]

  0%|          | 0/808 [00:00<?, ?it/s]
100%|██████████| 808/808 [00:00<00:00, 13585.44it/s]

  0%|          | 0/1616 [00:00<?, ?it/s]
 86%|████████▌ | 1387/1616 [00:00<00:00, 13864.89it/s]
100%|██████████| 1616/1616 [00:00<00:00, 13920.57it/s]

  0%|          | 0/1616 [00:00<?, ?it/s]
 57%|█████▋    | 924/1616 [00:00<00:00, 9218.03it/s]
100%|██████████| 1616/1616 [00:00<00:00, 10369.12it/s]

  0%|          | 0/3232 [00:00<?, ?it/s]
 43%|████▎     | 1388/3232 [00:00<00:00, 13873.27it/s]
 86%|████████▌ | 2776/3232 [00:00<00:00, 13564.51it/s]
100%|██████████| 3232/3232 [00:00<00:00, 13429.62it/s]

  0%|          | 0/6464 [00:00<?, ?it/s]
 21%|██        | 1353/6464 [00:00<00:00, 13529.27it/s]
 44%|████▍     | 2867/6464 [00:00<00:00, 14475.41it/s]
 67%|██████▋   | 4339/6464 [00:00<00:00, 14585.68it/s]
 91%|█████████▏| 5903/6464 [00:00<00:00, 14999.38it/s]
100%|██████████| 6464/6464 [00:00<00:00, 14744.48it/s]

  0%|          | 0/408 [00:00<?, ?it/s]
100%|██████████| 408/408 [00:00<00:00, 19495.50it/s]

  0%|          | 0/816 [00:00<?, ?it/s]
100%|██████████| 816/816 [00:00<00:00, 18411.71it/s]

  0%|          | 0/408 [00:00<?, ?it/s]
100%|██████████| 408/408 [00:00<00:00, 16210.18it/s]

  0%|          | 0/816 [00:00<?, ?it/s]
100%|██████████| 816/816 [00:00<00:00, 15166.05it/s]

  0%|          | 0/408 [00:00<?, ?it/s]
100%|██████████| 408/408 [00:00<00:00, 15704.10it/s]

  0%|          | 0/816 [00:00<?, ?it/s]
100%|██████████| 816/816 [00:00<00:00, 14527.21it/s]

  0%|          | 0/816 [00:00<?, ?it/s]
100%|██████████| 816/816 [00:00<00:00, 17335.79it/s]

  0%|          | 0/1632 [00:00<?, ?it/s]
 96%|█████████▌| 1567/1632 [00:00<00:00, 15665.76it/s]
100%|██████████| 1632/1632 [00:00<00:00, 15429.27it/s]

  0%|          | 0/1632 [00:00<?, ?it/s]
 97%|█████████▋| 1576/1632 [00:00<00:00, 15755.77it/s]
100%|██████████| 1632/1632 [00:00<00:00, 15761.49it/s]

  0%|          | 0/3264 [00:00<?, ?it/s]
 49%|████▉     | 1612/3264 [00:00<00:00, 16090.74it/s]
 99%|█████████▊| 3222/3264 [00:00<00:00, 15737.32it/s]
100%|██████████| 3264/3264 [00:00<00:00, 15788.01it/s]

  0%|          | 0/6528 [00:00<?, ?it/s]
 21%|██        | 1374/6528 [00:00<00:00, 13735.49it/s]
 42%|████▏     | 2752/6528 [00:00<00:00, 13761.33it/s]
 63%|██████▎   | 4129/6528 [00:00<00:00, 13400.53it/s]
 84%|████████▍ | 5471/6528 [00:00<00:00, 13407.70it/s]
100%|██████████| 6528/6528 [00:00<00:00, 13440.31it/s]

  0%|          | 0/412 [00:00<?, ?it/s]
100%|██████████| 412/412 [00:00<00:00, 15331.72it/s]

  0%|          | 0/824 [00:00<?, ?it/s]
100%|██████████| 824/824 [00:00<00:00, 15469.86it/s]

  0%|          | 0/412 [00:00<?, ?it/s]
100%|██████████| 412/412 [00:00<00:00, 18673.58it/s]

  0%|          | 0/824 [00:00<?, ?it/s]
100%|██████████| 824/824 [00:00<00:00, 16800.95it/s]

  0%|          | 0/412 [00:00<?, ?it/s]
100%|██████████| 412/412 [00:00<00:00, 14227.34it/s]

  0%|          | 0/824 [00:00<?, ?it/s]
100%|██████████| 824/824 [00:00<00:00, 15290.68it/s]

  0%|          | 0/824 [00:00<?, ?it/s]
100%|██████████| 824/824 [00:00<00:00, 14122.76it/s]

  0%|          | 0/1648 [00:00<?, ?it/s]
100%|██████████| 1648/1648 [00:00<00:00, 17410.68it/s]

  0%|          | 0/1648 [00:00<?, ?it/s]
 96%|█████████▌| 1582/1648 [00:00<00:00, 15794.82it/s]
100%|██████████| 1648/1648 [00:00<00:00, 15769.79it/s]

  0%|          | 0/3296 [00:00<?, ?it/s]
 48%|████▊     | 1579/3296 [00:00<00:00, 15780.61it/s]
 96%|█████████▌| 3158/3296 [00:00<00:00, 14779.89it/s]
100%|██████████| 3296/3296 [00:00<00:00, 14586.62it/s]

  0%|          | 0/6592 [00:00<?, ?it/s]
 23%|██▎       | 1502/6592 [00:00<00:00, 15018.15it/s]
 46%|████▌     | 3004/6592 [00:00<00:00, 13458.68it/s]
 68%|██████▊   | 4464/6592 [00:00<00:00, 13946.25it/s]
 91%|█████████ | 5998/6592 [00:00<00:00, 14473.88it/s]
100%|██████████| 6592/6592 [00:00<00:00, 14233.97it/s]

  0%|          | 0/416 [00:00<?, ?it/s]
100%|██████████| 416/416 [00:00<00:00, 17028.72it/s]

  0%|          | 0/832 [00:00<?, ?it/s]
100%|██████████| 832/832 [00:00<00:00, 15344.09it/s]

  0%|          | 0/416 [00:00<?, ?it/s]
100%|██████████| 416/416 [00:00<00:00, 13771.03it/s]

  0%|          | 0/832 [00:00<?, ?it/s]
100%|██████████| 832/832 [00:00<00:00, 14128.70it/s]

  0%|          | 0/416 [00:00<?, ?it/s]
100%|██████████| 416/416 [00:00<00:00, 15677.11it/s]

  0%|          | 0/832 [00:00<?, ?it/s]
100%|██████████| 832/832 [00:00<00:00, 14706.50it/s]

  0%|          | 0/832 [00:00<?, ?it/s]
100%|██████████| 832/832 [00:00<00:00, 15690.78it/s]

  0%|          | 0/1664 [00:00<?, ?it/s]
 86%|████████▋ | 1436/1664 [00:00<00:00, 14358.58it/s]
100%|██████████| 1664/1664 [00:00<00:00, 14018.87it/s]

  0%|          | 0/1664 [00:00<?, ?it/s]
 81%|████████▏ | 1354/1664 [00:00<00:00, 13534.59it/s]
100%|██████████| 1664/1664 [00:00<00:00, 12968.19it/s]

  0%|          | 0/3328 [00:00<?, ?it/s]
 42%|████▏     | 1387/3328 [00:00<00:00, 13868.82it/s]
 86%|████████▌ | 2848/3328 [00:00<00:00, 14299.65it/s]
100%|██████████| 3328/3328 [00:00<00:00, 14059.11it/s]

  0%|          | 0/6656 [00:00<?, ?it/s]
 23%|██▎       | 1535/6656 [00:00<00:00, 15347.71it/s]
 46%|████▌     | 3070/6656 [00:00<00:00, 14669.07it/s]
 69%|██████▉   | 4582/6656 [00:00<00:00, 14865.50it/s]
 91%|█████████ | 6071/6656 [00:00<00:00, 14590.62it/s]
100%|██████████| 6656/6656 [00:00<00:00, 14176.72it/s]

  0%|          | 0/420 [00:00<?, ?it/s]
100%|██████████| 420/420 [00:00<00:00, 15633.03it/s]

  0%|          | 0/840 [00:00<?, ?it/s]
100%|██████████| 840/840 [00:00<00:00, 13907.39it/s]

  0%|          | 0/420 [00:00<?, ?it/s]
100%|██████████| 420/420 [00:00<00:00, 16841.05it/s]

  0%|          | 0/840 [00:00<?, ?it/s]
100%|██████████| 840/840 [00:00<00:00, 14314.51it/s]

  0%|          | 0/420 [00:00<?, ?it/s]
100%|██████████| 420/420 [00:00<00:00, 13529.91it/s]

  0%|          | 0/840 [00:00<?, ?it/s]
100%|██████████| 840/840 [00:00<00:00, 15007.92it/s]

  0%|          | 0/840 [00:00<?, ?it/s]
100%|██████████| 840/840 [00:00<00:00, 13791.98it/s]

  0%|          | 0/1680 [00:00<?, ?it/s]
 91%|█████████▏| 1537/1680 [00:00<00:00, 15363.75it/s]
100%|██████████| 1680/1680 [00:00<00:00, 14928.34it/s]

  0%|          | 0/1680 [00:00<?, ?it/s]
 80%|████████  | 1348/1680 [00:00<00:00, 13473.72it/s]
100%|██████████| 1680/1680 [00:00<00:00, 13936.82it/s]

  0%|          | 0/3360 [00:00<?, ?it/s]
 35%|███▌      | 1191/3360 [00:00<00:00, 11877.42it/s]
 72%|███████▏  | 2430/3360 [00:00<00:00, 12175.36it/s]
100%|██████████| 3360/3360 [00:00<00:00, 12799.13it/s]

  0%|          | 0/6720 [00:00<?, ?it/s]
 19%|█▉        | 1283/6720 [00:00<00:00, 12827.32it/s]
 40%|███▉      | 2660/6720 [00:00<00:00, 13380.69it/s]
 61%|██████    | 4099/6720 [00:00<00:00, 13839.79it/s]
 82%|████████▏ | 5524/6720 [00:00<00:00, 14001.49it/s]
100%|██████████| 6720/6720 [00:00<00:00, 13931.47it/s]

  0%|          | 0/424 [00:00<?, ?it/s]
100%|██████████| 424/424 [00:00<00:00, 18019.91it/s]

  0%|          | 0/848 [00:00<?, ?it/s]
100%|██████████| 848/848 [00:00<00:00, 17286.10it/s]

  0%|          | 0/424 [00:00<?, ?it/s]
100%|██████████| 424/424 [00:00<00:00, 16588.79it/s]

  0%|          | 0/848 [00:00<?, ?it/s]
100%|██████████| 848/848 [00:00<00:00, 15713.58it/s]

  0%|          | 0/424 [00:00<?, ?it/s]
100%|██████████| 424/424 [00:00<00:00, 13444.30it/s]

  0%|          | 0/848 [00:00<?, ?it/s]
100%|██████████| 848/848 [00:00<00:00, 13772.85it/s]

  0%|          | 0/848 [00:00<?, ?it/s]
100%|██████████| 848/848 [00:00<00:00, 14663.34it/s]

  0%|          | 0/1696 [00:00<?, ?it/s]
 89%|████████▉ | 1508/1696 [00:00<00:00, 15078.36it/s]
100%|██████████| 1696/1696 [00:00<00:00, 14337.36it/s]

  0%|          | 0/1696 [00:00<?, ?it/s]
 87%|████████▋ | 1475/1696 [00:00<00:00, 14747.45it/s]
100%|██████████| 1696/1696 [00:00<00:00, 14676.35it/s]

  0%|          | 0/3392 [00:00<?, ?it/s]
 41%|████      | 1393/3392 [00:00<00:00, 13927.16it/s]
 82%|████████▏ | 2786/3392 [00:00<00:00, 12735.97it/s]
100%|██████████| 3392/3392 [00:00<00:00, 13236.94it/s]

  0%|          | 0/6784 [00:00<?, ?it/s]
 19%|█▉        | 1319/6784 [00:00<00:00, 13189.13it/s]
 40%|███▉      | 2702/6784 [00:00<00:00, 13560.20it/s]
 60%|█████▉    | 4059/6784 [00:00<00:00, 13461.46it/s]
 80%|████████  | 5457/6784 [00:00<00:00, 13627.17it/s]
100%|██████████| 6784/6784 [00:00<00:00, 13516.41it/s]

  0%|          | 0/428 [00:00<?, ?it/s]
100%|██████████| 428/428 [00:00<00:00, 17723.69it/s]

  0%|          | 0/856 [00:00<?, ?it/s]
100%|██████████| 856/856 [00:00<00:00, 15692.05it/s]

  0%|          | 0/428 [00:00<?, ?it/s]
100%|██████████| 428/428 [00:00<00:00, 13686.39it/s]

  0%|          | 0/856 [00:00<?, ?it/s]
100%|██████████| 856/856 [00:00<00:00, 14817.74it/s]

  0%|          | 0/428 [00:00<?, ?it/s]
100%|██████████| 428/428 [00:00<00:00, 16061.36it/s]

  0%|          | 0/856 [00:00<?, ?it/s]
100%|██████████| 856/856 [00:00<00:00, 12361.16it/s]

  0%|          | 0/856 [00:00<?, ?it/s]
100%|██████████| 856/856 [00:00<00:00, 15793.72it/s]

  0%|          | 0/1712 [00:00<?, ?it/s]
 84%|████████▎ | 1432/1712 [00:00<00:00, 14319.23it/s]
100%|██████████| 1712/1712 [00:00<00:00, 14056.30it/s]

  0%|          | 0/1712 [00:00<?, ?it/s]
 67%|██████▋   | 1146/1712 [00:00<00:00, 11451.55it/s]
100%|██████████| 1712/1712 [00:00<00:00, 12447.28it/s]

  0%|          | 0/3424 [00:00<?, ?it/s]
 44%|████▍     | 1507/3424 [00:00<00:00, 15067.61it/s]
 88%|████████▊ | 3014/3424 [00:00<00:00, 13802.59it/s]
100%|██████████| 3424/3424 [00:00<00:00, 13429.23it/s]

  0%|          | 0/6848 [00:00<?, ?it/s]
 21%|██        | 1432/6848 [00:00<00:00, 14318.41it/s]
 42%|████▏     | 2864/6848 [00:00<00:00, 13650.28it/s]
 62%|██████▏   | 4232/6848 [00:00<00:00, 13574.09it/s]
 83%|████████▎ | 5675/6848 [00:00<00:00, 13902.61it/s]
100%|██████████| 6848/6848 [00:00<00:00, 13972.42it/s]

  0%|          | 0/432 [00:00<?, ?it/s]
100%|██████████| 432/432 [00:00<00:00, 17678.15it/s]

  0%|          | 0/864 [00:00<?, ?it/s]
100%|██████████| 864/864 [00:00<00:00, 15942.45it/s]

  0%|          | 0/432 [00:00<?, ?it/s]
100%|██████████| 432/432 [00:00<00:00, 16004.55it/s]

  0%|          | 0/864 [00:00<?, ?it/s]
100%|██████████| 864/864 [00:00<00:00, 14430.35it/s]

  0%|          | 0/432 [00:00<?, ?it/s]
100%|██████████| 432/432 [00:00<00:00, 16019.98it/s]

  0%|          | 0/864 [00:00<?, ?it/s]
100%|██████████| 864/864 [00:00<00:00, 12466.86it/s]

  0%|          | 0/864 [00:00<?, ?it/s]
100%|██████████| 864/864 [00:00<00:00, 16182.94it/s]

  0%|          | 0/1728 [00:00<?, ?it/s]
 83%|████████▎ | 1433/1728 [00:00<00:00, 14319.91it/s]
100%|██████████| 1728/1728 [00:00<00:00, 14690.13it/s]

  0%|          | 0/1728 [00:00<?, ?it/s]
 96%|█████████▋| 1665/1728 [00:00<00:00, 16643.98it/s]
100%|██████████| 1728/1728 [00:00<00:00, 16592.96it/s]

  0%|          | 0/3456 [00:00<?, ?it/s]
 39%|███▉      | 1340/3456 [00:00<00:00, 13395.29it/s]
 79%|███████▊  | 2718/3456 [00:00<00:00, 13618.43it/s]
100%|██████████| 3456/3456 [00:00<00:00, 13665.54it/s]

  0%|          | 0/6912 [00:00<?, ?it/s]
 20%|█▉        | 1351/6912 [00:00<00:00, 13503.73it/s]
 39%|███▉      | 2702/6912 [00:00<00:00, 12817.32it/s]
 58%|█████▊    | 3987/6912 [00:00<00:00, 12830.70it/s]
 76%|███████▋  | 5272/6912 [00:00<00:00, 12827.84it/s]
 96%|█████████▌| 6633/6912 [00:00<00:00, 13105.56it/s]
100%|██████████| 6912/6912 [00:00<00:00, 13035.96it/s]

  0%|          | 0/436 [00:00<?, ?it/s]
100%|██████████| 436/436 [00:00<00:00, 18054.80it/s]

  0%|          | 0/872 [00:00<?, ?it/s]
100%|██████████| 872/872 [00:00<00:00, 15834.00it/s]

  0%|          | 0/436 [00:00<?, ?it/s]
100%|██████████| 436/436 [00:00<00:00, 15644.90it/s]

  0%|          | 0/872 [00:00<?, ?it/s]
100%|██████████| 872/872 [00:00<00:00, 13574.61it/s]

  0%|          | 0/436 [00:00<?, ?it/s]
100%|██████████| 436/436 [00:00<00:00, 13387.09it/s]

  0%|          | 0/872 [00:00<?, ?it/s]
100%|██████████| 872/872 [00:00<00:00, 14325.40it/s]

  0%|          | 0/872 [00:00<?, ?it/s]
100%|██████████| 872/872 [00:00<00:00, 12233.69it/s]

  0%|          | 0/1744 [00:00<?, ?it/s]
 84%|████████▍ | 1466/1744 [00:00<00:00, 14623.48it/s]
100%|██████████| 1744/1744 [00:00<00:00, 14737.43it/s]

  0%|          | 0/1744 [00:00<?, ?it/s]
 85%|████████▍ | 1475/1744 [00:00<00:00, 14742.53it/s]
100%|██████████| 1744/1744 [00:00<00:00, 14881.77it/s]

  0%|          | 0/3488 [00:00<?, ?it/s]
 37%|███▋      | 1277/3488 [00:00<00:00, 12761.80it/s]
 81%|████████  | 2816/3488 [00:00<00:00, 14305.25it/s]
100%|██████████| 3488/3488 [00:00<00:00, 14216.56it/s]

  0%|          | 0/6976 [00:00<?, ?it/s]
 20%|█▉        | 1366/6976 [00:00<00:00, 13652.82it/s]
 41%|████      | 2836/6976 [00:00<00:00, 14264.60it/s]
 61%|██████    | 4263/6976 [00:00<00:00, 13498.41it/s]
 82%|████████▏ | 5701/6976 [00:00<00:00, 13833.12it/s]
100%|██████████| 6976/6976 [00:00<00:00, 14097.68it/s]

  0%|          | 0/440 [00:00<?, ?it/s]
100%|██████████| 440/440 [00:00<00:00, 18012.55it/s]

  0%|          | 0/880 [00:00<?, ?it/s]
100%|██████████| 880/880 [00:00<00:00, 18664.92it/s]

  0%|          | 0/440 [00:00<?, ?it/s]
100%|██████████| 440/440 [00:00<00:00, 16401.18it/s]

  0%|          | 0/880 [00:00<?, ?it/s]
100%|██████████| 880/880 [00:00<00:00, 15501.90it/s]

  0%|          | 0/440 [00:00<?, ?it/s]
100%|██████████| 440/440 [00:00<00:00, 11772.51it/s]

  0%|          | 0/880 [00:00<?, ?it/s]
100%|██████████| 880/880 [00:00<00:00, 13860.83it/s]

  0%|          | 0/880 [00:00<?, ?it/s]
100%|██████████| 880/880 [00:00<00:00, 12688.17it/s]

  0%|          | 0/1760 [00:00<?, ?it/s]
 74%|███████▍  | 1311/1760 [00:00<00:00, 13104.14it/s]
100%|██████████| 1760/1760 [00:00<00:00, 13733.80it/s]

  0%|          | 0/1760 [00:00<?, ?it/s]
 71%|███████   | 1245/1760 [00:00<00:00, 12443.72it/s]
100%|██████████| 1760/1760 [00:00<00:00, 12397.70it/s]

  0%|          | 0/3520 [00:00<?, ?it/s]
 41%|████▏     | 1454/3520 [00:00<00:00, 14534.78it/s]
 84%|████████▍ | 2949/3520 [00:00<00:00, 14777.26it/s]
100%|██████████| 3520/3520 [00:00<00:00, 14817.10it/s]

  0%|          | 0/7040 [00:00<?, ?it/s]
 18%|█▊        | 1245/7040 [00:00<00:00, 12444.52it/s]
 36%|███▌      | 2551/7040 [00:00<00:00, 12803.40it/s]
 55%|█████▍    | 3867/7040 [00:00<00:00, 12963.04it/s]
 75%|███████▍  | 5258/7040 [00:00<00:00, 13336.20it/s]
 94%|█████████▍| 6628/7040 [00:00<00:00, 13466.52it/s]
100%|██████████| 7040/7040 [00:00<00:00, 13200.34it/s]

  0%|          | 0/444 [00:00<?, ?it/s]
100%|██████████| 444/444 [00:00<00:00, 17212.97it/s]

  0%|          | 0/888 [00:00<?, ?it/s]
100%|██████████| 888/888 [00:00<00:00, 14064.22it/s]

  0%|          | 0/444 [00:00<?, ?it/s]
100%|██████████| 444/444 [00:00<00:00, 13451.44it/s]

  0%|          | 0/888 [00:00<?, ?it/s]
100%|██████████| 888/888 [00:00<00:00, 16594.08it/s]

  0%|          | 0/444 [00:00<?, ?it/s]
100%|██████████| 444/444 [00:00<00:00, 16159.51it/s]

  0%|          | 0/888 [00:00<?, ?it/s]
100%|██████████| 888/888 [00:00<00:00, 16219.19it/s]

  0%|          | 0/888 [00:00<?, ?it/s]
100%|██████████| 888/888 [00:00<00:00, 16811.82it/s]

  0%|          | 0/1776 [00:00<?, ?it/s]
 98%|█████████▊| 1733/1776 [00:00<00:00, 17320.15it/s]
100%|██████████| 1776/1776 [00:00<00:00, 17287.83it/s]

  0%|          | 0/1776 [00:00<?, ?it/s]
 74%|███████▍  | 1310/1776 [00:00<00:00, 13095.30it/s]
100%|██████████| 1776/1776 [00:00<00:00, 13594.16it/s]

  0%|          | 0/3552 [00:00<?, ?it/s]
 39%|███▊      | 1373/3552 [00:00<00:00, 13715.92it/s]
 85%|████████▍ | 3016/3552 [00:00<00:00, 15309.41it/s]
100%|██████████| 3552/3552 [00:00<00:00, 15000.65it/s]

  0%|          | 0/7104 [00:00<?, ?it/s]
 18%|█▊        | 1294/7104 [00:00<00:00, 12934.49it/s]
 38%|███▊      | 2697/7104 [00:00<00:00, 13575.02it/s]
 59%|█████▉    | 4212/7104 [00:00<00:00, 14292.99it/s]
 79%|███████▉  | 5642/7104 [00:00<00:00, 14062.16it/s]
 99%|█████████▉| 7049/7104 [00:00<00:00, 13953.00it/s]
100%|██████████| 7104/7104 [00:00<00:00, 13924.82it/s]

  0%|          | 0/448 [00:00<?, ?it/s]
100%|██████████| 448/448 [00:00<00:00, 16783.66it/s]

  0%|          | 0/896 [00:00<?, ?it/s]
100%|██████████| 896/896 [00:00<00:00, 15184.23it/s]

  0%|          | 0/448 [00:00<?, ?it/s]
100%|██████████| 448/448 [00:00<00:00, 13956.51it/s]

  0%|          | 0/896 [00:00<?, ?it/s]
100%|██████████| 896/896 [00:00<00:00, 15609.18it/s]

  0%|          | 0/448 [00:00<?, ?it/s]
100%|██████████| 448/448 [00:00<00:00, 12355.17it/s]

  0%|          | 0/896 [00:00<?, ?it/s]
100%|██████████| 896/896 [00:00<00:00, 17297.85it/s]

  0%|          | 0/896 [00:00<?, ?it/s]
100%|██████████| 896/896 [00:00<00:00, 15092.57it/s]

  0%|          | 0/1792 [00:00<?, ?it/s]
 86%|████████▌ | 1536/1792 [00:00<00:00, 15350.61it/s]
100%|██████████| 1792/1792 [00:00<00:00, 14870.36it/s]

  0%|          | 0/1792 [00:00<?, ?it/s]
 85%|████████▍ | 1517/1792 [00:00<00:00, 15163.76it/s]
100%|██████████| 1792/1792 [00:00<00:00, 15343.02it/s]

  0%|          | 0/3584 [00:00<?, ?it/s]
 44%|████▍     | 1570/3584 [00:00<00:00, 15698.18it/s]
 88%|████████▊ | 3140/3584 [00:00<00:00, 14743.48it/s]
100%|██████████| 3584/3584 [00:00<00:00, 14432.87it/s]

  0%|          | 0/7168 [00:00<?, ?it/s]
 19%|█▉        | 1389/7168 [00:00<00:00, 13873.64it/s]
 39%|███▊      | 2777/7168 [00:00<00:00, 13755.71it/s]
 58%|█████▊    | 4153/7168 [00:00<00:00, 12886.72it/s]
 76%|███████▋  | 5466/7168 [00:00<00:00, 12976.79it/s]
 97%|█████████▋| 6925/7168 [00:00<00:00, 13534.66it/s]
100%|██████████| 7168/7168 [00:00<00:00, 13318.08it/s]

  0%|          | 0/452 [00:00<?, ?it/s]
100%|██████████| 452/452 [00:00<00:00, 15810.14it/s]

  0%|          | 0/904 [00:00<?, ?it/s]
100%|██████████| 904/904 [00:00<00:00, 15115.63it/s]

  0%|          | 0/452 [00:00<?, ?it/s]
100%|██████████| 452/452 [00:00<00:00, 15004.32it/s]

  0%|          | 0/904 [00:00<?, ?it/s]
100%|██████████| 904/904 [00:00<00:00, 13850.22it/s]

  0%|          | 0/452 [00:00<?, ?it/s]
100%|██████████| 452/452 [00:00<00:00, 16953.65it/s]

  0%|          | 0/904 [00:00<?, ?it/s]
100%|██████████| 904/904 [00:00<00:00, 15421.74it/s]

  0%|          | 0/904 [00:00<?, ?it/s]
100%|██████████| 904/904 [00:00<00:00, 12888.18it/s]

  0%|          | 0/1808 [00:00<?, ?it/s]
 84%|████████▎ | 1511/1808 [00:00<00:00, 15103.03it/s]
100%|██████████| 1808/1808 [00:00<00:00, 14787.37it/s]

  0%|          | 0/1808 [00:00<?, ?it/s]
 73%|███████▎  | 1319/1808 [00:00<00:00, 13187.81it/s]
100%|██████████| 1808/1808 [00:00<00:00, 13501.52it/s]

  0%|          | 0/3616 [00:00<?, ?it/s]
 46%|████▌     | 1670/3616 [00:00<00:00, 16692.14it/s]
 92%|█████████▏| 3340/3616 [00:00<00:00, 15408.47it/s]
100%|██████████| 3616/3616 [00:00<00:00, 15088.54it/s]

  0%|          | 0/7232 [00:00<?, ?it/s]
 18%|█▊        | 1327/7232 [00:00<00:00, 13267.04it/s]
 38%|███▊      | 2729/7232 [00:00<00:00, 13708.98it/s]
 59%|█████▊    | 4241/7232 [00:00<00:00, 14349.86it/s]
 78%|███████▊  | 5676/7232 [00:00<00:00, 14141.95it/s]
 98%|█████████▊| 7091/7232 [00:00<00:00, 13691.91it/s]
100%|██████████| 7232/7232 [00:00<00:00, 13836.29it/s]

  0%|          | 0/456 [00:00<?, ?it/s]
100%|██████████| 456/456 [00:00<00:00, 14054.16it/s]

  0%|          | 0/912 [00:00<?, ?it/s]
100%|██████████| 912/912 [00:00<00:00, 16670.61it/s]

  0%|          | 0/456 [00:00<?, ?it/s]
100%|██████████| 456/456 [00:00<00:00, 15701.91it/s]

  0%|          | 0/912 [00:00<?, ?it/s]
100%|██████████| 912/912 [00:00<00:00, 16341.72it/s]

  0%|          | 0/456 [00:00<?, ?it/s]
100%|██████████| 456/456 [00:00<00:00, 15275.52it/s]

  0%|          | 0/912 [00:00<?, ?it/s]
100%|██████████| 912/912 [00:00<00:00, 14228.72it/s]

  0%|          | 0/912 [00:00<?, ?it/s]
100%|██████████| 912/912 [00:00<00:00, 12995.92it/s]

  0%|          | 0/1824 [00:00<?, ?it/s]
 86%|████████▌ | 1561/1824 [00:00<00:00, 15601.76it/s]
100%|██████████| 1824/1824 [00:00<00:00, 15009.87it/s]

  0%|          | 0/1824 [00:00<?, ?it/s]
 75%|███████▌  | 1376/1824 [00:00<00:00, 13759.03it/s]
100%|██████████| 1824/1824 [00:00<00:00, 12678.80it/s]

  0%|          | 0/3648 [00:00<?, ?it/s]
 40%|████      | 1465/3648 [00:00<00:00, 14638.08it/s]
 88%|████████▊ | 3226/3648 [00:00<00:00, 16356.20it/s]
100%|██████████| 3648/3648 [00:00<00:00, 15980.89it/s]

  0%|          | 0/7296 [00:00<?, ?it/s]
 18%|█▊        | 1324/7296 [00:00<00:00, 13228.41it/s]
 38%|███▊      | 2792/7296 [00:00<00:00, 14077.86it/s]
 60%|██████    | 4408/7296 [00:00<00:00, 15026.90it/s]
 81%|████████  | 5911/7296 [00:00<00:00, 14366.82it/s]
100%|██████████| 7296/7296 [00:00<00:00, 13725.24it/s]

  0%|          | 0/460 [00:00<?, ?it/s]
100%|██████████| 460/460 [00:00<00:00, 20635.30it/s]

  0%|          | 0/920 [00:00<?, ?it/s]
100%|██████████| 920/920 [00:00<00:00, 19327.14it/s]

  0%|          | 0/460 [00:00<?, ?it/s]
100%|██████████| 460/460 [00:00<00:00, 16782.03it/s]

  0%|          | 0/920 [00:00<?, ?it/s]
100%|██████████| 920/920 [00:00<00:00, 12367.78it/s]

  0%|          | 0/460 [00:00<?, ?it/s]
100%|██████████| 460/460 [00:00<00:00, 12603.65it/s]

  0%|          | 0/920 [00:00<?, ?it/s]
100%|██████████| 920/920 [00:00<00:00, 16847.83it/s]

  0%|          | 0/920 [00:00<?, ?it/s]
100%|██████████| 920/920 [00:00<00:00, 14724.38it/s]

  0%|          | 0/1840 [00:00<?, ?it/s]
 73%|███████▎  | 1348/1840 [00:00<00:00, 13468.90it/s]
100%|██████████| 1840/1840 [00:00<00:00, 13386.57it/s]

  0%|          | 0/1840 [00:00<?, ?it/s]
 70%|██████▉   | 1280/1840 [00:00<00:00, 12788.15it/s]
100%|██████████| 1840/1840 [00:00<00:00, 12679.11it/s]

  0%|          | 0/3680 [00:00<?, ?it/s]
 37%|███▋      | 1346/3680 [00:00<00:00, 13449.85it/s]
 73%|███████▎  | 2695/3680 [00:00<00:00, 13471.22it/s]
100%|██████████| 3680/3680 [00:00<00:00, 13514.88it/s]

  0%|          | 0/7360 [00:00<?, ?it/s]
 18%|█▊        | 1331/7360 [00:00<00:00, 13296.16it/s]
 36%|███▌      | 2661/7360 [00:00<00:00, 12999.79it/s]
 54%|█████▍    | 3962/7360 [00:00<00:00, 12921.93it/s]
 71%|███████▏  | 5261/7360 [00:00<00:00, 12943.99it/s]
 89%|████████▉ | 6556/7360 [00:00<00:00, 12784.12it/s]
100%|██████████| 7360/7360 [00:00<00:00, 12710.69it/s]

  0%|          | 0/464 [00:00<?, ?it/s]
100%|██████████| 464/464 [00:00<00:00, 20591.64it/s]

  0%|          | 0/928 [00:00<?, ?it/s]
100%|██████████| 928/928 [00:00<00:00, 16085.94it/s]

  0%|          | 0/464 [00:00<?, ?it/s]
100%|██████████| 464/464 [00:00<00:00, 15300.82it/s]

  0%|          | 0/928 [00:00<?, ?it/s]
100%|██████████| 928/928 [00:00<00:00, 15849.54it/s]

  0%|          | 0/464 [00:00<?, ?it/s]
100%|██████████| 464/464 [00:00<00:00, 15575.24it/s]

  0%|          | 0/928 [00:00<?, ?it/s]
100%|██████████| 928/928 [00:00<00:00, 15090.52it/s]

  0%|          | 0/928 [00:00<?, ?it/s]
100%|██████████| 928/928 [00:00<00:00, 14479.20it/s]

  0%|          | 0/1856 [00:00<?, ?it/s]
 86%|████████▌ | 1589/1856 [00:00<00:00, 15889.45it/s]
100%|██████████| 1856/1856 [00:00<00:00, 15836.26it/s]

  0%|          | 0/1856 [00:00<?, ?it/s]
 82%|████████▏ | 1519/1856 [00:00<00:00, 15183.53it/s]
100%|██████████| 1856/1856 [00:00<00:00, 15239.21it/s]

  0%|          | 0/3712 [00:00<?, ?it/s]
 41%|████      | 1504/3712 [00:00<00:00, 15038.47it/s]
 81%|████████▏ | 3018/3712 [00:00<00:00, 15021.58it/s]
100%|██████████| 3712/3712 [00:00<00:00, 15115.12it/s]

  0%|          | 0/7424 [00:00<?, ?it/s]
 18%|█▊        | 1333/7424 [00:00<00:00, 13321.72it/s]
 38%|███▊      | 2845/7424 [00:00<00:00, 14377.38it/s]
 58%|█████▊    | 4327/7424 [00:00<00:00, 14576.71it/s]
 78%|███████▊  | 5785/7424 [00:00<00:00, 14182.57it/s]
 97%|█████████▋| 7205/7424 [00:00<00:00, 14066.30it/s]
100%|██████████| 7424/7424 [00:00<00:00, 14004.46it/s]

  0%|          | 0/468 [00:00<?, ?it/s]
100%|██████████| 468/468 [00:00<00:00, 14998.31it/s]

  0%|          | 0/936 [00:00<?, ?it/s]
100%|██████████| 936/936 [00:00<00:00, 14528.68it/s]

  0%|          | 0/468 [00:00<?, ?it/s]
100%|██████████| 468/468 [00:00<00:00, 12466.48it/s]

  0%|          | 0/936 [00:00<?, ?it/s]
100%|██████████| 936/936 [00:00<00:00, 14649.36it/s]

  0%|          | 0/468 [00:00<?, ?it/s]
100%|██████████| 468/468 [00:00<00:00, 13883.61it/s]

  0%|          | 0/936 [00:00<?, ?it/s]
100%|██████████| 936/936 [00:00<00:00, 12105.93it/s]

  0%|          | 0/936 [00:00<?, ?it/s]
100%|██████████| 936/936 [00:00<00:00, 12801.27it/s]

  0%|          | 0/1872 [00:00<?, ?it/s]
 69%|██████▉   | 1296/1872 [00:00<00:00, 12953.13it/s]
100%|██████████| 1872/1872 [00:00<00:00, 13795.40it/s]

  0%|          | 0/1872 [00:00<?, ?it/s]
 77%|███████▋  | 1445/1872 [00:00<00:00, 14448.95it/s]
100%|██████████| 1872/1872 [00:00<00:00, 14016.58it/s]

  0%|          | 0/3744 [00:00<?, ?it/s]
 36%|███▌      | 1352/3744 [00:00<00:00, 13514.18it/s]
 72%|███████▏  | 2704/3744 [00:00<00:00, 12935.31it/s]
100%|██████████| 3744/3744 [00:00<00:00, 13590.34it/s]

  0%|          | 0/7488 [00:00<?, ?it/s]
 21%|██        | 1546/7488 [00:00<00:00, 15458.17it/s]
 41%|████▏     | 3092/7488 [00:00<00:00, 14515.91it/s]
 61%|██████    | 4548/7488 [00:00<00:00, 14377.11it/s]
 80%|███████▉  | 5988/7488 [00:00<00:00, 14181.85it/s]
 99%|█████████▉| 7408/7488 [00:00<00:00, 13551.34it/s]
100%|██████████| 7488/7488 [00:00<00:00, 13934.16it/s]

  0%|          | 0/472 [00:00<?, ?it/s]
100%|██████████| 472/472 [00:00<00:00, 19425.89it/s]

  0%|          | 0/944 [00:00<?, ?it/s]
100%|██████████| 944/944 [00:00<00:00, 15651.63it/s]

  0%|          | 0/472 [00:00<?, ?it/s]
100%|██████████| 472/472 [00:00<00:00, 13409.41it/s]

  0%|          | 0/944 [00:00<?, ?it/s]
100%|██████████| 944/944 [00:00<00:00, 14489.58it/s]

  0%|          | 0/472 [00:00<?, ?it/s]
100%|██████████| 472/472 [00:00<00:00, 15447.31it/s]

  0%|          | 0/944 [00:00<?, ?it/s]
100%|██████████| 944/944 [00:00<00:00, 13938.44it/s]

  0%|          | 0/944 [00:00<?, ?it/s]
100%|██████████| 944/944 [00:00<00:00, 14257.61it/s]

  0%|          | 0/1888 [00:00<?, ?it/s]
 68%|██████▊   | 1277/1888 [00:00<00:00, 12764.69it/s]
100%|██████████| 1888/1888 [00:00<00:00, 13316.93it/s]

  0%|          | 0/1888 [00:00<?, ?it/s]
 67%|██████▋   | 1271/1888 [00:00<00:00, 12709.44it/s]
100%|██████████| 1888/1888 [00:00<00:00, 13280.15it/s]

  0%|          | 0/3776 [00:00<?, ?it/s]
 33%|███▎      | 1235/3776 [00:00<00:00, 12347.74it/s]
 71%|███████   | 2677/3776 [00:00<00:00, 13560.83it/s]
100%|██████████| 3776/3776 [00:00<00:00, 13496.56it/s]

  0%|          | 0/7552 [00:00<?, ?it/s]
 11%|█         | 839/7552 [00:00<00:00, 8388.05it/s]
 28%|██▊       | 2086/7552 [00:00<00:00, 10785.21it/s]
 46%|████▋     | 3502/7552 [00:00<00:00, 12319.50it/s]
 63%|██████▎   | 4734/7552 [00:00<00:00, 12262.66it/s]
 82%|████████▏ | 6198/7552 [00:00<00:00, 13116.11it/s]
 99%|█████████▉| 7510/7552 [00:00<00:00, 13066.31it/s]
100%|██████████| 7552/7552 [00:00<00:00, 12457.28it/s]

  0%|          | 0/476 [00:00<?, ?it/s]
100%|██████████| 476/476 [00:00<00:00, 18499.54it/s]

  0%|          | 0/952 [00:00<?, ?it/s]
100%|██████████| 952/952 [00:00<00:00, 15646.10it/s]

  0%|          | 0/476 [00:00<?, ?it/s]
100%|██████████| 476/476 [00:00<00:00, 16197.77it/s]

  0%|          | 0/952 [00:00<?, ?it/s]
100%|██████████| 952/952 [00:00<00:00, 13675.52it/s]

  0%|          | 0/476 [00:00<?, ?it/s]
100%|██████████| 476/476 [00:00<00:00, 11936.80it/s]

  0%|          | 0/952 [00:00<?, ?it/s]
100%|██████████| 952/952 [00:00<00:00, 13381.70it/s]

  0%|          | 0/952 [00:00<?, ?it/s]
100%|██████████| 952/952 [00:00<00:00, 12866.79it/s]

  0%|          | 0/1904 [00:00<?, ?it/s]
 84%|████████▍ | 1607/1904 [00:00<00:00, 16047.02it/s]
100%|██████████| 1904/1904 [00:00<00:00, 15210.27it/s]

  0%|          | 0/1904 [00:00<?, ?it/s]
 73%|███████▎  | 1397/1904 [00:00<00:00, 13960.33it/s]
100%|██████████| 1904/1904 [00:00<00:00, 14457.80it/s]

  0%|          | 0/3808 [00:00<?, ?it/s]
 39%|███▉      | 1476/3808 [00:00<00:00, 14754.53it/s]
 78%|███████▊  | 2952/3808 [00:00<00:00, 14556.69it/s]
100%|██████████| 3808/3808 [00:00<00:00, 14416.26it/s]

  0%|          | 0/7616 [00:00<?, ?it/s]
 17%|█▋        | 1306/7616 [00:00<00:00, 13059.14it/s]
 37%|███▋      | 2800/7616 [00:00<00:00, 14163.46it/s]
 55%|█████▌    | 4217/7616 [00:00<00:00, 13812.74it/s]
 74%|███████▎  | 5600/7616 [00:00<00:00, 13049.63it/s]
 92%|█████████▏| 6984/7616 [00:00<00:00, 13319.27it/s]
100%|██████████| 7616/7616 [00:00<00:00, 13429.83it/s]

  0%|          | 0/480 [00:00<?, ?it/s]
100%|██████████| 480/480 [00:00<00:00, 17020.04it/s]

  0%|          | 0/960 [00:00<?, ?it/s]
100%|██████████| 960/960 [00:00<00:00, 14389.72it/s]

  0%|          | 0/480 [00:00<?, ?it/s]
100%|██████████| 480/480 [00:00<00:00, 16731.62it/s]

  0%|          | 0/960 [00:00<?, ?it/s]
100%|██████████| 960/960 [00:00<00:00, 14775.29it/s]

  0%|          | 0/480 [00:00<?, ?it/s]
100%|██████████| 480/480 [00:00<00:00, 14195.82it/s]

  0%|          | 0/960 [00:00<?, ?it/s]
100%|██████████| 960/960 [00:00<00:00, 14303.89it/s]

  0%|          | 0/960 [00:00<?, ?it/s]
100%|██████████| 960/960 [00:00<00:00, 11800.33it/s]

  0%|          | 0/1920 [00:00<?, ?it/s]
 59%|█████▉    | 1141/1920 [00:00<00:00, 11409.49it/s]
100%|██████████| 1920/1920 [00:00<00:00, 12038.71it/s]

  0%|          | 0/1920 [00:00<?, ?it/s]
 69%|██████▉   | 1332/1920 [00:00<00:00, 13318.93it/s]
100%|██████████| 1920/1920 [00:00<00:00, 13536.77it/s]

  0%|          | 0/3840 [00:00<?, ?it/s]
 35%|███▌      | 1354/3840 [00:00<00:00, 13537.88it/s]
 71%|███████   | 2708/3840 [00:00<00:00, 13033.53it/s]
100%|██████████| 3840/3840 [00:00<00:00, 13487.02it/s]

  0%|          | 0/7680 [00:00<?, ?it/s]
 17%|█▋        | 1323/7680 [00:00<00:00, 13228.18it/s]
 36%|███▌      | 2773/7680 [00:00<00:00, 13972.18it/s]
 56%|█████▌    | 4274/7680 [00:00<00:00, 14437.34it/s]
 74%|███████▍  | 5718/7680 [00:00<00:00, 13996.44it/s]
 93%|█████████▎| 7120/7680 [00:00<00:00, 13955.23it/s]
100%|██████████| 7680/7680 [00:00<00:00, 14124.04it/s]

  0%|          | 0/484 [00:00<?, ?it/s]
100%|██████████| 484/484 [00:00<00:00, 17763.14it/s]

  0%|          | 0/968 [00:00<?, ?it/s]
100%|██████████| 968/968 [00:00<00:00, 16125.79it/s]

  0%|          | 0/484 [00:00<?, ?it/s]
100%|██████████| 484/484 [00:00<00:00, 17244.82it/s]

  0%|          | 0/968 [00:00<?, ?it/s]
100%|██████████| 968/968 [00:00<00:00, 12625.12it/s]

  0%|          | 0/484 [00:00<?, ?it/s]
100%|██████████| 484/484 [00:00<00:00, 15648.22it/s]

  0%|          | 0/968 [00:00<?, ?it/s]
100%|██████████| 968/968 [00:00<00:00, 14448.35it/s]

  0%|          | 0/968 [00:00<?, ?it/s]
100%|██████████| 968/968 [00:00<00:00, 15218.68it/s]

  0%|          | 0/1936 [00:00<?, ?it/s]
 81%|████████  | 1565/1936 [00:00<00:00, 15644.42it/s]
100%|██████████| 1936/1936 [00:00<00:00, 15364.39it/s]

  0%|          | 0/1936 [00:00<?, ?it/s]
 56%|█████▌    | 1087/1936 [00:00<00:00, 10867.06it/s]
100%|██████████| 1936/1936 [00:00<00:00, 11526.87it/s]

  0%|          | 0/3872 [00:00<?, ?it/s]
 34%|███▍      | 1332/3872 [00:00<00:00, 13317.41it/s]
 70%|███████   | 2717/3872 [00:00<00:00, 13629.63it/s]
100%|██████████| 3872/3872 [00:00<00:00, 13831.33it/s]

  0%|          | 0/7744 [00:00<?, ?it/s]
 16%|█▌        | 1222/7744 [00:00<00:00, 12213.84it/s]
 32%|███▏      | 2509/7744 [00:00<00:00, 12595.15it/s]
 49%|████▉     | 3818/7744 [00:00<00:00, 12818.90it/s]
 66%|██████▌   | 5128/7744 [00:00<00:00, 12929.53it/s]
 83%|████████▎ | 6462/7744 [00:00<00:00, 13074.84it/s]
100%|██████████| 7744/7744 [00:00<00:00, 12752.04it/s]

  0%|          | 0/488 [00:00<?, ?it/s]
100%|██████████| 488/488 [00:00<00:00, 14217.58it/s]

  0%|          | 0/976 [00:00<?, ?it/s]
100%|██████████| 976/976 [00:00<00:00, 15700.75it/s]

  0%|          | 0/488 [00:00<?, ?it/s]
100%|██████████| 488/488 [00:00<00:00, 15101.45it/s]

  0%|          | 0/976 [00:00<?, ?it/s]
100%|██████████| 976/976 [00:00<00:00, 14741.07it/s]

  0%|          | 0/488 [00:00<?, ?it/s]
100%|██████████| 488/488 [00:00<00:00, 15258.61it/s]

  0%|          | 0/976 [00:00<?, ?it/s]
100%|██████████| 976/976 [00:00<00:00, 14550.51it/s]

  0%|          | 0/976 [00:00<?, ?it/s]
100%|██████████| 976/976 [00:00<00:00, 14174.36it/s]

  0%|          | 0/1952 [00:00<?, ?it/s]
 77%|███████▋  | 1511/1952 [00:00<00:00, 15102.74it/s]
100%|██████████| 1952/1952 [00:00<00:00, 14354.79it/s]

  0%|          | 0/1952 [00:00<?, ?it/s]
 78%|███████▊  | 1527/1952 [00:00<00:00, 15260.34it/s]
100%|██████████| 1952/1952 [00:00<00:00, 15055.77it/s]

  0%|          | 0/3904 [00:00<?, ?it/s]
 40%|███▉      | 1559/3904 [00:00<00:00, 15584.37it/s]
 80%|███████▉  | 3118/3904 [00:00<00:00, 14318.05it/s]
100%|██████████| 3904/3904 [00:00<00:00, 14267.74it/s]

  0%|          | 0/7808 [00:00<?, ?it/s]
 19%|█▉        | 1464/7808 [00:00<00:00, 14634.64it/s]
 38%|███▊      | 2928/7808 [00:00<00:00, 14341.42it/s]
 56%|█████▌    | 4363/7808 [00:00<00:00, 13891.27it/s]
 74%|███████▎  | 5754/7808 [00:00<00:00, 13883.92it/s]
 91%|█████████▏| 7144/7808 [00:00<00:00, 13586.96it/s]
100%|██████████| 7808/7808 [00:00<00:00, 13556.14it/s]

  0%|          | 0/492 [00:00<?, ?it/s]
100%|██████████| 492/492 [00:00<00:00, 13915.96it/s]

  0%|          | 0/984 [00:00<?, ?it/s]
100%|██████████| 984/984 [00:00<00:00, 14771.53it/s]

  0%|          | 0/492 [00:00<?, ?it/s]
100%|██████████| 492/492 [00:00<00:00, 16191.05it/s]

  0%|          | 0/984 [00:00<?, ?it/s]
100%|██████████| 984/984 [00:00<00:00, 13929.02it/s]

  0%|          | 0/492 [00:00<?, ?it/s]
100%|██████████| 492/492 [00:00<00:00, 14861.21it/s]

  0%|          | 0/984 [00:00<?, ?it/s]
100%|██████████| 984/984 [00:00<00:00, 12591.63it/s]

  0%|          | 0/984 [00:00<?, ?it/s]
100%|██████████| 984/984 [00:00<00:00, 13205.55it/s]

  0%|          | 0/1968 [00:00<?, ?it/s]
 62%|██████▏   | 1216/1968 [00:00<00:00, 12154.88it/s]
100%|██████████| 1968/1968 [00:00<00:00, 13527.91it/s]

  0%|          | 0/1968 [00:00<?, ?it/s]
 73%|███████▎  | 1440/1968 [00:00<00:00, 14387.63it/s]
100%|██████████| 1968/1968 [00:00<00:00, 13699.28it/s]

  0%|          | 0/3936 [00:00<?, ?it/s]
 30%|██▉       | 1167/3936 [00:00<00:00, 11659.53it/s]
 65%|██████▌   | 2576/3936 [00:00<00:00, 13086.75it/s]
 99%|█████████▊| 3885/3936 [00:00<00:00, 12607.78it/s]
100%|██████████| 3936/3936 [00:00<00:00, 12614.21it/s]

  0%|          | 0/7872 [00:00<?, ?it/s]
 17%|█▋        | 1333/7872 [00:00<00:00, 13329.47it/s]
 34%|███▍      | 2666/7872 [00:00<00:00, 12768.13it/s]
 51%|█████     | 4011/7872 [00:00<00:00, 13069.40it/s]
 68%|██████▊   | 5343/7872 [00:00<00:00, 13166.65it/s]
 85%|████████▍ | 6661/7872 [00:00<00:00, 13090.36it/s]
100%|██████████| 7872/7872 [00:00<00:00, 13195.26it/s]

  0%|          | 0/496 [00:00<?, ?it/s]
100%|██████████| 496/496 [00:00<00:00, 18625.66it/s]

  0%|          | 0/992 [00:00<?, ?it/s]
100%|██████████| 992/992 [00:00<00:00, 13253.16it/s]

  0%|          | 0/496 [00:00<?, ?it/s]
100%|██████████| 496/496 [00:00<00:00, 14690.36it/s]

  0%|          | 0/992 [00:00<?, ?it/s]
100%|██████████| 992/992 [00:00<00:00, 14535.17it/s]

  0%|          | 0/496 [00:00<?, ?it/s]
100%|██████████| 496/496 [00:00<00:00, 14444.64it/s]

  0%|          | 0/992 [00:00<?, ?it/s]
100%|██████████| 992/992 [00:00<00:00, 14100.08it/s]

  0%|          | 0/992 [00:00<?, ?it/s]
100%|██████████| 992/992 [00:00<00:00, 12263.00it/s]

  0%|          | 0/1984 [00:00<?, ?it/s]
 82%|████████▏ | 1618/1984 [00:00<00:00, 16173.58it/s]
100%|██████████| 1984/1984 [00:00<00:00, 16310.72it/s]

  0%|          | 0/1984 [00:00<?, ?it/s]
 63%|██████▎   | 1257/1984 [00:00<00:00, 12564.62it/s]
100%|██████████| 1984/1984 [00:00<00:00, 12862.84it/s]

  0%|          | 0/3968 [00:00<?, ?it/s]
 39%|███▊      | 1528/3968 [00:00<00:00, 15274.04it/s]
 77%|███████▋  | 3063/3968 [00:00<00:00, 15316.23it/s]
100%|██████████| 3968/3968 [00:00<00:00, 15612.03it/s]

  0%|          | 0/7936 [00:00<?, ?it/s]
 18%|█▊        | 1420/7936 [00:00<00:00, 14194.13it/s]
 36%|███▌      | 2840/7936 [00:00<00:00, 13985.01it/s]
 53%|█████▎    | 4239/7936 [00:00<00:00, 13621.69it/s]
 71%|███████   | 5603/7936 [00:00<00:00, 13479.78it/s]
 88%|████████▊ | 6952/7936 [00:00<00:00, 13134.83it/s]
100%|██████████| 7936/7936 [00:00<00:00, 13313.17it/s]

  0%|          | 0/500 [00:00<?, ?it/s]
100%|██████████| 500/500 [00:00<00:00, 13516.15it/s]

  0%|          | 0/1000 [00:00<?, ?it/s]
100%|██████████| 1000/1000 [00:00<00:00, 15600.21it/s]

  0%|          | 0/500 [00:00<?, ?it/s]
100%|██████████| 500/500 [00:00<00:00, 11637.72it/s]

  0%|          | 0/1000 [00:00<?, ?it/s]
 70%|██████▉   | 699/1000 [00:02<00:01, 235.37it/s]
100%|██████████| 1000/1000 [00:03<00:00, 333.12it/s]

  0%|          | 0/500 [00:00<?, ?it/s]
100%|██████████| 500/500 [00:00<00:00, 15711.71it/s]

  0%|          | 0/1000 [00:00<?, ?it/s]
100%|██████████| 1000/1000 [00:00<00:00, 13423.10it/s]

  0%|          | 0/1000 [00:00<?, ?it/s]
100%|██████████| 1000/1000 [00:00<00:00, 13487.29it/s]

  0%|          | 0/2000 [00:00<?, ?it/s]
 66%|██████▌   | 1322/2000 [00:00<00:00, 13208.52it/s]
100%|██████████| 2000/2000 [00:00<00:00, 13353.30it/s]

  0%|          | 0/2000 [00:00<?, ?it/s]
 68%|██████▊   | 1359/2000 [00:00<00:00, 13589.27it/s]
100%|██████████| 2000/2000 [00:00<00:00, 12828.58it/s]

  0%|          | 0/4000 [00:00<?, ?it/s]
 33%|███▎      | 1320/4000 [00:00<00:00, 13192.24it/s]
 68%|██████▊   | 2717/4000 [00:00<00:00, 13648.48it/s]
100%|██████████| 4000/4000 [00:00<00:00, 13598.22it/s]

  0%|          | 0/8000 [00:00<?, ?it/s]
 18%|█▊        | 1454/8000 [00:00<00:00, 14536.79it/s]
 37%|███▋      | 2979/8000 [00:00<00:00, 14952.73it/s]
 56%|█████▋    | 4502/8000 [00:00<00:00, 15074.45it/s]
 75%|███████▌  | 6010/8000 [00:00<00:00, 14968.15it/s]
 94%|█████████▍| 7507/8000 [00:00<00:00, 14778.05it/s]
100%|██████████| 8000/8000 [00:00<00:00, 14796.86it/s]

  0%|          | 0/504 [00:00<?, ?it/s]
100%|██████████| 504/504 [00:00<00:00, 16347.51it/s]

  0%|          | 0/1008 [00:00<?, ?it/s]
100%|██████████| 1008/1008 [00:00<00:00, 17799.56it/s]

  0%|          | 0/504 [00:00<?, ?it/s]
100%|██████████| 504/504 [00:00<00:00, 13533.04it/s]

  0%|          | 0/1008 [00:00<?, ?it/s]
100%|██████████| 1008/1008 [00:00<00:00, 15494.32it/s]

  0%|          | 0/504 [00:00<?, ?it/s]
100%|██████████| 504/504 [00:00<00:00, 15525.45it/s]

  0%|          | 0/1008 [00:00<?, ?it/s]
100%|██████████| 1008/1008 [00:00<00:00, 13320.75it/s]

  0%|          | 0/1008 [00:00<?, ?it/s]
100%|██████████| 1008/1008 [00:00<00:00, 15135.55it/s]

  0%|          | 0/2016 [00:00<?, ?it/s]
 74%|███████▍  | 1498/2016 [00:00<00:00, 14978.98it/s]
100%|██████████| 2016/2016 [00:00<00:00, 14649.52it/s]

  0%|          | 0/2016 [00:00<?, ?it/s]
 72%|███████▏  | 1445/2016 [00:00<00:00, 14446.81it/s]
100%|██████████| 2016/2016 [00:00<00:00, 14238.45it/s]

  0%|          | 0/4032 [00:00<?, ?it/s]
 32%|███▏      | 1297/4032 [00:00<00:00, 12964.11it/s]
 64%|██████▍   | 2594/4032 [00:00<00:00, 11883.24it/s]
 97%|█████████▋| 3894/4032 [00:00<00:00, 12366.50it/s]
100%|██████████| 4032/4032 [00:00<00:00, 12391.02it/s]

  0%|          | 0/8064 [00:00<?, ?it/s]
 16%|█▋        | 1322/8064 [00:00<00:00, 13213.11it/s]
 33%|███▎      | 2644/8064 [00:00<00:00, 12805.47it/s]
 49%|████▊     | 3930/8064 [00:00<00:00, 12827.85it/s]
 65%|██████▍   | 5214/8064 [00:00<00:00, 12778.24it/s]
 81%|████████  | 6544/8064 [00:00<00:00, 12963.16it/s]
 97%|█████████▋| 7856/8064 [00:00<00:00, 13014.12it/s]
100%|██████████| 8064/8064 [00:00<00:00, 12962.25it/s]

  0%|          | 0/508 [00:00<?, ?it/s]
100%|██████████| 508/508 [00:00<00:00, 18011.80it/s]

  0%|          | 0/1016 [00:00<?, ?it/s]
100%|██████████| 1016/1016 [00:00<00:00, 15718.97it/s]

  0%|          | 0/508 [00:00<?, ?it/s]
100%|██████████| 508/508 [00:00<00:00, 15704.03it/s]

  0%|          | 0/1016 [00:00<?, ?it/s]
100%|██████████| 1016/1016 [00:00<00:00, 14818.85it/s]

  0%|          | 0/508 [00:00<?, ?it/s]
100%|██████████| 508/508 [00:00<00:00, 14943.31it/s]

  0%|          | 0/1016 [00:00<?, ?it/s]
100%|██████████| 1016/1016 [00:00<00:00, 13256.39it/s]

  0%|          | 0/1016 [00:00<?, ?it/s]
100%|██████████| 1016/1016 [00:00<00:00, 13634.73it/s]

  0%|          | 0/2032 [00:00<?, ?it/s]
 70%|███████   | 1432/2032 [00:00<00:00, 14314.93it/s]
100%|██████████| 2032/2032 [00:00<00:00, 14727.66it/s]

  0%|          | 0/2032 [00:00<?, ?it/s]
 78%|███████▊  | 1580/2032 [00:00<00:00, 15793.46it/s]
100%|██████████| 2032/2032 [00:00<00:00, 16037.68it/s]

  0%|          | 0/4064 [00:00<?, ?it/s]
 32%|███▏      | 1288/4064 [00:00<00:00, 12878.78it/s]
 68%|██████▊   | 2771/4064 [00:00<00:00, 14015.38it/s]
100%|██████████| 4064/4064 [00:00<00:00, 13675.82it/s]

  0%|          | 0/8128 [00:00<?, ?it/s]
 18%|█▊        | 1430/8128 [00:00<00:00, 14290.78it/s]
 36%|███▋      | 2963/8128 [00:00<00:00, 14896.15it/s]
 55%|█████▍    | 4453/8128 [00:00<00:00, 14359.46it/s]
 72%|███████▏  | 5892/8128 [00:00<00:00, 13781.76it/s]
 89%|████████▉ | 7274/8128 [00:00<00:00, 13570.54it/s]
100%|██████████| 8128/8128 [00:00<00:00, 13942.06it/s]

  0%|          | 0/512 [00:00<?, ?it/s]
100%|██████████| 512/512 [00:00<00:00, 15794.85it/s]

  0%|          | 0/1024 [00:00<?, ?it/s]
100%|██████████| 1024/1024 [00:00<00:00, 17783.44it/s]

  0%|          | 0/512 [00:00<?, ?it/s]
100%|██████████| 512/512 [00:00<00:00, 13845.89it/s]

  0%|          | 0/1024 [00:00<?, ?it/s]
100%|██████████| 1024/1024 [00:00<00:00, 14656.19it/s]

  0%|          | 0/512 [00:00<?, ?it/s]
100%|██████████| 512/512 [00:00<00:00, 15281.64it/s]

  0%|          | 0/1024 [00:00<?, ?it/s]
100%|██████████| 1024/1024 [00:00<00:00, 13987.71it/s]

  0%|          | 0/1024 [00:00<?, ?it/s]
100%|██████████| 1024/1024 [00:00<00:00, 12760.77it/s]

  0%|          | 0/2048 [00:00<?, ?it/s]
 60%|█████▉    | 1223/2048 [00:00<00:00, 12217.86it/s]
100%|██████████| 2048/2048 [00:00<00:00, 12210.87it/s]

  0%|          | 0/2048 [00:00<?, ?it/s]
 61%|██████    | 1243/2048 [00:00<00:00, 12427.40it/s]
100%|██████████| 2048/2048 [00:00<00:00, 12899.08it/s]

  0%|          | 0/4096 [00:00<?, ?it/s]
 30%|██▉       | 1215/4096 [00:00<00:00, 12147.35it/s]
 60%|██████    | 2458/4096 [00:00<00:00, 12311.88it/s]
 94%|█████████▍| 3846/4096 [00:00<00:00, 13025.17it/s]
100%|██████████| 4096/4096 [00:00<00:00, 12868.62it/s]

  0%|          | 0/8192 [00:00<?, ?it/s]
 15%|█▌        | 1246/8192 [00:00<00:00, 12453.27it/s]
 30%|███       | 2492/8192 [00:00<00:00, 12367.24it/s]
 47%|████▋     | 3826/8192 [00:00<00:00, 12804.11it/s]
 62%|██████▏   | 5112/8192 [00:00<00:00, 12824.04it/s]
 78%|███████▊  | 6395/8192 [00:00<00:00, 12619.85it/s]
 96%|█████████▌| 7838/8192 [00:00<00:00, 13224.31it/s]
100%|██████████| 8192/8192 [00:00<00:00, 12899.83it/s]

  0%|          | 0/516 [00:00<?, ?it/s]
100%|██████████| 516/516 [00:00<00:00, 17739.70it/s]

  0%|          | 0/1032 [00:00<?, ?it/s]
100%|██████████| 1032/1032 [00:00<00:00, 16840.40it/s]

  0%|          | 0/516 [00:00<?, ?it/s]
100%|██████████| 516/516 [00:00<00:00, 15528.11it/s]

  0%|          | 0/1032 [00:00<?, ?it/s]
100%|██████████| 1032/1032 [00:00<00:00, 17049.81it/s]

  0%|          | 0/516 [00:00<?, ?it/s]
100%|██████████| 516/516 [00:00<00:00, 16243.20it/s]

  0%|          | 0/1032 [00:00<?, ?it/s]
100%|██████████| 1032/1032 [00:00<00:00, 12682.79it/s]

  0%|          | 0/1032 [00:00<?, ?it/s]
100%|██████████| 1032/1032 [00:00<00:00, 14142.91it/s]

  0%|          | 0/2064 [00:00<?, ?it/s]
 67%|██████▋   | 1377/2064 [00:00<00:00, 13767.88it/s]
100%|██████████| 2064/2064 [00:00<00:00, 14215.67it/s]

  0%|          | 0/2064 [00:00<?, ?it/s]
 66%|██████▋   | 1370/2064 [00:00<00:00, 13692.21it/s]
100%|██████████| 2064/2064 [00:00<00:00, 14086.87it/s]

  0%|          | 0/4128 [00:00<?, ?it/s]
 30%|███       | 1242/4128 [00:00<00:00, 12416.16it/s]
 69%|██████▉   | 2867/4128 [00:00<00:00, 14668.57it/s]
100%|██████████| 4128/4128 [00:00<00:00, 14019.56it/s]

  0%|          | 0/8256 [00:00<?, ?it/s]
 15%|█▌        | 1243/8256 [00:00<00:00, 12421.96it/s]
 31%|███▏      | 2592/8256 [00:00<00:00, 13048.63it/s]
 48%|████▊     | 3940/8256 [00:00<00:00, 13243.00it/s]
 64%|██████▍   | 5265/8256 [00:00<00:00, 12941.54it/s]
 80%|███████▉  | 6587/8256 [00:00<00:00, 13035.05it/s]
 96%|█████████▌| 7892/8256 [00:00<00:00, 12552.92it/s]
100%|██████████| 8256/8256 [00:00<00:00, 12768.67it/s]

  0%|          | 0/520 [00:00<?, ?it/s]
100%|██████████| 520/520 [00:00<00:00, 13909.95it/s]

  0%|          | 0/1040 [00:00<?, ?it/s]
100%|██████████| 1040/1040 [00:00<00:00, 13808.15it/s]

  0%|          | 0/520 [00:00<?, ?it/s]
100%|██████████| 520/520 [00:00<00:00, 15371.11it/s]

  0%|          | 0/1040 [00:00<?, ?it/s]
100%|██████████| 1040/1040 [00:00<00:00, 13928.91it/s]

  0%|          | 0/520 [00:00<?, ?it/s]
100%|██████████| 520/520 [00:00<00:00, 12134.07it/s]

  0%|          | 0/1040 [00:00<?, ?it/s]
100%|██████████| 1040/1040 [00:00<00:00, 13621.40it/s]

  0%|          | 0/1040 [00:00<?, ?it/s]
100%|██████████| 1040/1040 [00:00<00:00, 13768.96it/s]

  0%|          | 0/2080 [00:00<?, ?it/s]
 72%|███████▏  | 1493/2080 [00:00<00:00, 14927.70it/s]
100%|██████████| 2080/2080 [00:00<00:00, 15049.35it/s]

  0%|          | 0/2080 [00:00<?, ?it/s]
 61%|██████    | 1272/2080 [00:00<00:00, 12714.80it/s]
100%|██████████| 2080/2080 [00:00<00:00, 12824.73it/s]

  0%|          | 0/4160 [00:00<?, ?it/s]
 30%|██▉       | 1244/4160 [00:00<00:00, 12435.83it/s]
 67%|██████▋   | 2805/4160 [00:00<00:00, 14299.59it/s]
100%|██████████| 4160/4160 [00:00<00:00, 13158.07it/s]

  0%|          | 0/8320 [00:00<?, ?it/s]
 17%|█▋        | 1437/8320 [00:00<00:00, 14367.96it/s]
 35%|███▍      | 2874/8320 [00:00<00:00, 13478.63it/s]
 51%|█████     | 4226/8320 [00:00<00:00, 13271.42it/s]
 67%|██████▋   | 5555/8320 [00:00<00:00, 13020.58it/s]
 82%|████████▏ | 6859/8320 [00:00<00:00, 11877.62it/s]
 98%|█████████▊| 8170/8320 [00:00<00:00, 12261.89it/s]
100%|██████████| 8320/8320 [00:00<00:00, 12538.95it/s]

  0%|          | 0/524 [00:00<?, ?it/s]
100%|██████████| 524/524 [00:00<00:00, 14414.83it/s]

  0%|          | 0/1048 [00:00<?, ?it/s]
100%|██████████| 1048/1048 [00:00<00:00, 12649.30it/s]

  0%|          | 0/524 [00:00<?, ?it/s]
100%|██████████| 524/524 [00:00<00:00, 12806.89it/s]

  0%|          | 0/1048 [00:00<?, ?it/s]
100%|██████████| 1048/1048 [00:00<00:00, 13717.27it/s]

  0%|          | 0/524 [00:00<?, ?it/s]
100%|██████████| 524/524 [00:00<00:00, 11940.43it/s]

  0%|          | 0/1048 [00:00<?, ?it/s]
100%|██████████| 1048/1048 [00:00<00:00, 12111.64it/s]

  0%|          | 0/1048 [00:00<?, ?it/s]
100%|██████████| 1048/1048 [00:00<00:00, 12664.97it/s]

  0%|          | 0/2096 [00:00<?, ?it/s]
 60%|█████▉    | 1255/2096 [00:00<00:00, 12546.84it/s]
100%|██████████| 2096/2096 [00:00<00:00, 12534.88it/s]

  0%|          | 0/2096 [00:00<?, ?it/s]
 61%|██████    | 1274/2096 [00:00<00:00, 12730.91it/s]
100%|██████████| 2096/2096 [00:00<00:00, 13272.41it/s]

  0%|          | 0/4192 [00:00<?, ?it/s]
 31%|███       | 1287/4192 [00:00<00:00, 12857.47it/s]
 66%|██████▌   | 2773/4192 [00:00<00:00, 14034.55it/s]
100%|█████████▉| 4177/4192 [00:00<00:00, 13733.46it/s]
100%|██████████| 4192/4192 [00:00<00:00, 13674.65it/s]

  0%|          | 0/8384 [00:00<?, ?it/s]
 16%|█▋        | 1366/8384 [00:00<00:00, 13648.46it/s]
 34%|███▍      | 2838/8384 [00:00<00:00, 14272.86it/s]
 51%|█████     | 4266/8384 [00:00<00:00, 13597.29it/s]
 68%|██████▊   | 5690/8384 [00:00<00:00, 13840.84it/s]
 85%|████████▍ | 7085/8384 [00:00<00:00, 13873.14it/s]
100%|██████████| 8384/8384 [00:00<00:00, 13604.64it/s]

  0%|          | 0/528 [00:00<?, ?it/s]
100%|██████████| 528/528 [00:00<00:00, 15370.04it/s]

  0%|          | 0/1056 [00:00<?, ?it/s]
100%|██████████| 1056/1056 [00:00<00:00, 13406.66it/s]

  0%|          | 0/528 [00:00<?, ?it/s]
100%|██████████| 528/528 [00:00<00:00, 13561.17it/s]

  0%|          | 0/1056 [00:00<?, ?it/s]
100%|██████████| 1056/1056 [00:00<00:00, 14116.83it/s]

  0%|          | 0/528 [00:00<?, ?it/s]
100%|██████████| 528/528 [00:00<00:00, 12143.47it/s]

  0%|          | 0/1056 [00:00<?, ?it/s]
100%|██████████| 1056/1056 [00:00<00:00, 11991.48it/s]

  0%|          | 0/1056 [00:00<?, ?it/s]
100%|██████████| 1056/1056 [00:00<00:00, 12374.48it/s]

  0%|          | 0/2112 [00:00<?, ?it/s]
 63%|██████▎   | 1322/2112 [00:00<00:00, 13217.49it/s]
100%|██████████| 2112/2112 [00:00<00:00, 13028.24it/s]

  0%|          | 0/2112 [00:00<?, ?it/s]
 61%|██████    | 1292/2112 [00:00<00:00, 12910.44it/s]
100%|██████████| 2112/2112 [00:00<00:00, 12925.17it/s]

  0%|          | 0/4224 [00:00<?, ?it/s]
 28%|██▊       | 1169/4224 [00:00<00:00, 11682.21it/s]
 57%|█████▋    | 2408/4224 [00:00<00:00, 12093.62it/s]
 92%|█████████▏| 3895/4224 [00:00<00:00, 13359.93it/s]
100%|██████████| 4224/4224 [00:00<00:00, 13228.60it/s]

  0%|          | 0/8448 [00:00<?, ?it/s]
 14%|█▍        | 1215/8448 [00:00<00:00, 12149.35it/s]
 30%|██▉       | 2495/8448 [00:00<00:00, 12531.61it/s]
 47%|████▋     | 4005/8448 [00:00<00:00, 13699.36it/s]
 64%|██████▎   | 5375/8448 [00:00<00:00, 13003.12it/s]
 81%|████████  | 6802/8448 [00:00<00:00, 13440.04it/s]
 96%|█████████▋| 8151/8448 [00:00<00:00, 13356.55it/s]
100%|██████████| 8448/8448 [00:00<00:00, 13263.70it/s]

  0%|          | 0/532 [00:00<?, ?it/s]
100%|██████████| 532/532 [00:00<00:00, 13935.35it/s]

  0%|          | 0/1064 [00:00<?, ?it/s]
100%|██████████| 1064/1064 [00:00<00:00, 15580.67it/s]

  0%|          | 0/532 [00:00<?, ?it/s]
100%|██████████| 532/532 [00:00<00:00, 16015.34it/s]

  0%|          | 0/1064 [00:00<?, ?it/s]
100%|██████████| 1064/1064 [00:00<00:00, 12677.26it/s]

  0%|          | 0/532 [00:00<?, ?it/s]
100%|██████████| 532/532 [00:00<00:00, 15540.73it/s]

  0%|          | 0/1064 [00:00<?, ?it/s]
100%|██████████| 1064/1064 [00:00<00:00, 15130.75it/s]

  0%|          | 0/1064 [00:00<?, ?it/s]
100%|██████████| 1064/1064 [00:00<00:00, 12185.12it/s]

  0%|          | 0/2128 [00:00<?, ?it/s]
 61%|██████    | 1294/2128 [00:00<00:00, 12918.73it/s]
100%|██████████| 2128/2128 [00:00<00:00, 13663.67it/s]

  0%|          | 0/2128 [00:00<?, ?it/s]
 68%|██████▊   | 1457/2128 [00:00<00:00, 14565.22it/s]
100%|██████████| 2128/2128 [00:00<00:00, 12909.53it/s]

  0%|          | 0/4256 [00:00<?, ?it/s]
 28%|██▊       | 1204/4256 [00:00<00:00, 12033.27it/s]
 57%|█████▋    | 2408/4256 [00:00<00:00, 11674.78it/s]
 86%|████████▌ | 3664/4256 [00:00<00:00, 12069.34it/s]
100%|██████████| 4256/4256 [00:00<00:00, 11971.36it/s]

  0%|          | 0/8512 [00:00<?, ?it/s]
 13%|█▎        | 1116/8512 [00:00<00:00, 11155.30it/s]
 28%|██▊       | 2363/8512 [00:00<00:00, 11927.22it/s]
 44%|████▍     | 3740/8512 [00:00<00:00, 12762.15it/s]
 59%|█████▉    | 5017/8512 [00:00<00:00, 12209.76it/s]
 73%|███████▎  | 6242/8512 [00:00<00:00, 12092.94it/s]
 89%|████████▊ | 7540/8512 [00:00<00:00, 12382.77it/s]
100%|██████████| 8512/8512 [00:00<00:00, 12424.40it/s]

  0%|          | 0/536 [00:00<?, ?it/s]
100%|██████████| 536/536 [00:00<00:00, 13371.64it/s]

  0%|          | 0/1072 [00:00<?, ?it/s]
100%|██████████| 1072/1072 [00:00<00:00, 12507.28it/s]

  0%|          | 0/536 [00:00<?, ?it/s]
100%|██████████| 536/536 [00:00<00:00, 10922.72it/s]

  0%|          | 0/1072 [00:00<?, ?it/s]
100%|██████████| 1072/1072 [00:00<00:00, 13535.59it/s]

  0%|          | 0/536 [00:00<?, ?it/s]
100%|██████████| 536/536 [00:00<00:00, 10947.56it/s]

  0%|          | 0/1072 [00:00<?, ?it/s]
100%|██████████| 1072/1072 [00:00<00:00, 12639.31it/s]

  0%|          | 0/1072 [00:00<?, ?it/s]
100%|██████████| 1072/1072 [00:00<00:00, 14272.23it/s]

  0%|          | 0/2144 [00:00<?, ?it/s]
 59%|█████▊    | 1259/2144 [00:00<00:00, 12578.80it/s]
100%|██████████| 2144/2144 [00:00<00:00, 13096.26it/s]

  0%|          | 0/2144 [00:00<?, ?it/s]
 72%|███████▏  | 1542/2144 [00:00<00:00, 15418.65it/s]
100%|██████████| 2144/2144 [00:00<00:00, 13376.45it/s]

  0%|          | 0/4288 [00:00<?, ?it/s]
 31%|███       | 1334/4288 [00:00<00:00, 13339.09it/s]
 64%|██████▍   | 2749/4288 [00:00<00:00, 13815.06it/s]
 97%|█████████▋| 4161/4288 [00:00<00:00, 13951.36it/s]
100%|██████████| 4288/4288 [00:00<00:00, 13759.98it/s]

  0%|          | 0/8576 [00:00<?, ?it/s]
 13%|█▎        | 1155/8576 [00:00<00:00, 11545.66it/s]
 29%|██▉       | 2471/8576 [00:00<00:00, 12490.51it/s]
 44%|████▍     | 3760/8576 [00:00<00:00, 12669.71it/s]
 59%|█████▉    | 5065/8576 [00:00<00:00, 12814.58it/s]
 74%|███████▍  | 6347/8576 [00:00<00:00, 12774.24it/s]
 89%|████████▉ | 7629/8576 [00:00<00:00, 12788.05it/s]
100%|██████████| 8576/8576 [00:00<00:00, 12667.61it/s]

  0%|          | 0/540 [00:00<?, ?it/s]
100%|██████████| 540/540 [00:00<00:00, 13604.46it/s]

  0%|          | 0/1080 [00:00<?, ?it/s]
100%|██████████| 1080/1080 [00:00<00:00, 13442.36it/s]

  0%|          | 0/540 [00:00<?, ?it/s]
100%|██████████| 540/540 [00:00<00:00, 12858.07it/s]

  0%|          | 0/1080 [00:00<?, ?it/s]
100%|██████████| 1080/1080 [00:00<00:00, 13858.21it/s]

  0%|          | 0/540 [00:00<?, ?it/s]
100%|██████████| 540/540 [00:00<00:00, 12134.93it/s]

  0%|          | 0/1080 [00:00<?, ?it/s]
100%|██████████| 1080/1080 [00:00<00:00, 14200.24it/s]

  0%|          | 0/1080 [00:00<?, ?it/s]
100%|██████████| 1080/1080 [00:00<00:00, 13441.37it/s]

  0%|          | 0/2160 [00:00<?, ?it/s]
 70%|██████▉   | 1510/2160 [00:00<00:00, 15096.74it/s]
100%|██████████| 2160/2160 [00:00<00:00, 14789.80it/s]

  0%|          | 0/2160 [00:00<?, ?it/s]
 64%|██████▍   | 1387/2160 [00:00<00:00, 13861.92it/s]
100%|██████████| 2160/2160 [00:00<00:00, 13694.94it/s]

  0%|          | 0/4320 [00:00<?, ?it/s]
 28%|██▊       | 1190/4320 [00:00<00:00, 11875.44it/s]
 55%|█████▌    | 2378/4320 [00:00<00:00, 11743.91it/s]
 85%|████████▍ | 3656/4320 [00:00<00:00, 12211.10it/s]
100%|██████████| 4320/4320 [00:00<00:00, 12554.64it/s]

  0%|          | 0/8640 [00:00<?, ?it/s]
 15%|█▍        | 1274/8640 [00:00<00:00, 12733.24it/s]
 30%|███       | 2597/8640 [00:00<00:00, 13021.67it/s]
 45%|████▌     | 3900/8640 [00:00<00:00, 12760.41it/s]
 61%|██████    | 5232/8640 [00:00<00:00, 12976.02it/s]
 76%|███████▌  | 6531/8640 [00:00<00:00, 12964.41it/s]
 91%|█████████ | 7828/8640 [00:00<00:00, 12875.38it/s]
100%|██████████| 8640/8640 [00:00<00:00, 12744.71it/s]

  0%|          | 0/544 [00:00<?, ?it/s]
100%|██████████| 544/544 [00:00<00:00, 14499.33it/s]

  0%|          | 0/1088 [00:00<?, ?it/s]
100%|██████████| 1088/1088 [00:00<00:00, 16937.69it/s]

  0%|          | 0/544 [00:00<?, ?it/s]
100%|██████████| 544/544 [00:00<00:00, 13143.29it/s]

  0%|          | 0/1088 [00:00<?, ?it/s]
100%|██████████| 1088/1088 [00:00<00:00, 13017.43it/s]

  0%|          | 0/544 [00:00<?, ?it/s]
100%|██████████| 544/544 [00:00<00:00, 11631.25it/s]

  0%|          | 0/1088 [00:00<?, ?it/s]
100%|██████████| 1088/1088 [00:00<00:00, 12412.05it/s]

  0%|          | 0/1088 [00:00<?, ?it/s]
100%|██████████| 1088/1088 [00:00<00:00, 13526.84it/s]

  0%|          | 0/2176 [00:00<?, ?it/s]
 63%|██████▎   | 1369/2176 [00:00<00:00, 13680.55it/s]
100%|██████████| 2176/2176 [00:00<00:00, 13459.70it/s]

  0%|          | 0/2176 [00:00<?, ?it/s]
 58%|█████▊    | 1270/2176 [00:00<00:00, 12688.49it/s]
100%|██████████| 2176/2176 [00:00<00:00, 12659.99it/s]

  0%|          | 0/4352 [00:00<?, ?it/s]
 25%|██▍       | 1079/4352 [00:00<00:00, 10764.35it/s]
 53%|█████▎    | 2324/4352 [00:00<00:00, 11753.90it/s]
 81%|████████▏ | 3544/4352 [00:00<00:00, 11953.61it/s]
100%|██████████| 4352/4352 [00:00<00:00, 12043.01it/s]

  0%|          | 0/8704 [00:00<?, ?it/s]
 16%|█▌        | 1373/8704 [00:00<00:00, 13726.64it/s]
 32%|███▏      | 2746/8704 [00:00<00:00, 13367.58it/s]
 47%|████▋     | 4084/8704 [00:00<00:00, 13188.78it/s]
 62%|██████▏   | 5433/8704 [00:00<00:00, 13305.24it/s]
 78%|███████▊  | 6781/8704 [00:00<00:00, 13366.65it/s]
 94%|█████████▍| 8224/8704 [00:00<00:00, 13723.59it/s]
100%|██████████| 8704/8704 [00:00<00:00, 13388.44it/s]

  0%|          | 0/548 [00:00<?, ?it/s]
100%|██████████| 548/548 [00:00<00:00, 13341.14it/s]

  0%|          | 0/1096 [00:00<?, ?it/s]
100%|██████████| 1096/1096 [00:00<00:00, 16820.68it/s]

  0%|          | 0/548 [00:00<?, ?it/s]
100%|██████████| 548/548 [00:00<00:00, 12975.35it/s]

  0%|          | 0/1096 [00:00<?, ?it/s]
100%|██████████| 1096/1096 [00:00<00:00, 12073.08it/s]

  0%|          | 0/548 [00:00<?, ?it/s]
100%|██████████| 548/548 [00:00<00:00, 12329.44it/s]

  0%|          | 0/1096 [00:00<?, ?it/s]
100%|██████████| 1096/1096 [00:00<00:00, 13014.06it/s]

  0%|          | 0/1096 [00:00<?, ?it/s]
100%|██████████| 1096/1096 [00:00<00:00, 12239.65it/s]

  0%|          | 0/2192 [00:00<?, ?it/s]
 53%|█████▎    | 1157/2192 [00:00<00:00, 11562.54it/s]
100%|██████████| 2192/2192 [00:00<00:00, 11928.10it/s]

  0%|          | 0/2192 [00:00<?, ?it/s]
 58%|█████▊    | 1280/2192 [00:00<00:00, 12792.78it/s]
100%|██████████| 2192/2192 [00:00<00:00, 12838.12it/s]

  0%|          | 0/4384 [00:00<?, ?it/s]
 30%|██▉       | 1299/4384 [00:00<00:00, 12979.27it/s]
 60%|██████    | 2640/4384 [00:00<00:00, 13224.24it/s]
 93%|█████████▎| 4067/4384 [00:00<00:00, 13700.21it/s]
100%|██████████| 4384/4384 [00:00<00:00, 13722.74it/s]

  0%|          | 0/8768 [00:00<?, ?it/s]
 14%|█▍        | 1242/8768 [00:00<00:00, 12417.64it/s]
 30%|███       | 2653/8768 [00:00<00:00, 13410.82it/s]
 46%|████▌     | 3995/8768 [00:00<00:00, 13062.95it/s]
 63%|██████▎   | 5490/8768 [00:00<00:00, 13795.10it/s]
 81%|████████  | 7082/8768 [00:00<00:00, 14548.20it/s]
 97%|█████████▋| 8539/8768 [00:00<00:00, 14415.20it/s]
100%|██████████| 8768/8768 [00:00<00:00, 14004.12it/s]

  0%|          | 0/552 [00:00<?, ?it/s]
100%|██████████| 552/552 [00:00<00:00, 14386.01it/s]

  0%|          | 0/1104 [00:00<?, ?it/s]
100%|██████████| 1104/1104 [00:00<00:00, 16789.08it/s]

  0%|          | 0/552 [00:00<?, ?it/s]
100%|██████████| 552/552 [00:00<00:00, 14476.32it/s]

  0%|          | 0/1104 [00:00<?, ?it/s]
100%|██████████| 1104/1104 [00:00<00:00, 13885.09it/s]

  0%|          | 0/552 [00:00<?, ?it/s]
100%|██████████| 552/552 [00:00<00:00, 13641.22it/s]

  0%|          | 0/1104 [00:00<?, ?it/s]
100%|██████████| 1104/1104 [00:00<00:00, 13388.71it/s]

  0%|          | 0/1104 [00:00<?, ?it/s]
100%|██████████| 1104/1104 [00:00<00:00, 13331.01it/s]

  0%|          | 0/2208 [00:00<?, ?it/s]
 52%|█████▏    | 1147/2208 [00:00<00:00, 11458.43it/s]
100%|██████████| 2208/2208 [00:00<00:00, 12112.69it/s]

  0%|          | 0/2208 [00:00<?, ?it/s]
 57%|█████▋    | 1252/2208 [00:00<00:00, 12517.71it/s]
100%|██████████| 2208/2208 [00:00<00:00, 12508.30it/s]

  0%|          | 0/4416 [00:00<?, ?it/s]
 26%|██▌       | 1153/4416 [00:00<00:00, 11485.49it/s]
 54%|█████▍    | 2380/4416 [00:00<00:00, 11943.53it/s]
 81%|████████  | 3575/4416 [00:00<00:00, 11828.48it/s]
100%|██████████| 4416/4416 [00:00<00:00, 12313.94it/s]

  0%|          | 0/8832 [00:00<?, ?it/s]
 13%|█▎        | 1189/8832 [00:00<00:00, 11872.94it/s]
 29%|██▉       | 2601/8832 [00:00<00:00, 13193.65it/s]
 45%|████▍     | 3954/8832 [00:00<00:00, 13336.35it/s]
 61%|██████    | 5396/8832 [00:00<00:00, 13763.60it/s]
 77%|███████▋  | 6798/8832 [00:00<00:00, 13854.37it/s]
 94%|█████████▍| 8296/8832 [00:00<00:00, 14235.98it/s]
100%|██████████| 8832/8832 [00:00<00:00, 13588.18it/s]

  0%|          | 0/556 [00:00<?, ?it/s]
100%|██████████| 556/556 [00:00<00:00, 14934.95it/s]

  0%|          | 0/1112 [00:00<?, ?it/s]
100%|██████████| 1112/1112 [00:00<00:00, 18390.85it/s]

  0%|          | 0/556 [00:00<?, ?it/s]
100%|██████████| 556/556 [00:00<00:00, 11608.10it/s]

  0%|          | 0/1112 [00:00<?, ?it/s]
100%|██████████| 1112/1112 [00:00<00:00, 13572.34it/s]

  0%|          | 0/556 [00:00<?, ?it/s]
100%|██████████| 556/556 [00:00<00:00, 13720.99it/s]

  0%|          | 0/1112 [00:00<?, ?it/s]
100%|██████████| 1112/1112 [00:00<00:00, 14535.96it/s]

  0%|          | 0/1112 [00:00<?, ?it/s]
100%|██████████| 1112/1112 [00:00<00:00, 16124.97it/s]

  0%|          | 0/2224 [00:00<?, ?it/s]
 55%|█████▌    | 1230/2224 [00:00<00:00, 12294.47it/s]
100%|██████████| 2224/2224 [00:00<00:00, 12742.65it/s]

  0%|          | 0/2224 [00:00<?, ?it/s]
 59%|█████▊    | 1302/2224 [00:00<00:00, 13013.40it/s]
100%|██████████| 2224/2224 [00:00<00:00, 13195.21it/s]

  0%|          | 0/4448 [00:00<?, ?it/s]
 27%|██▋       | 1193/4448 [00:00<00:00, 11919.89it/s]
 55%|█████▌    | 2464/4448 [00:00<00:00, 12380.98it/s]
 88%|████████▊ | 3919/4448 [00:00<00:00, 13369.80it/s]
100%|██████████| 4448/4448 [00:00<00:00, 13267.61it/s]

  0%|          | 0/8896 [00:00<?, ?it/s]
 14%|█▍        | 1276/8896 [00:00<00:00, 12753.87it/s]
 32%|███▏      | 2830/8896 [00:00<00:00, 14387.25it/s]
 49%|████▊     | 4322/8896 [00:00<00:00, 14628.23it/s]
 65%|██████▌   | 5785/8896 [00:00<00:00, 13808.67it/s]
 81%|████████  | 7183/8896 [00:00<00:00, 13866.18it/s]
 96%|█████████▋| 8574/8896 [00:00<00:00, 13830.39it/s]
100%|██████████| 8896/8896 [00:00<00:00, 13935.59it/s]

  0%|          | 0/560 [00:00<?, ?it/s]
100%|██████████| 560/560 [00:00<00:00, 17171.17it/s]

  0%|          | 0/1120 [00:00<?, ?it/s]
100%|██████████| 1120/1120 [00:00<00:00, 14896.53it/s]

  0%|          | 0/560 [00:00<?, ?it/s]
100%|██████████| 560/560 [00:00<00:00, 17005.33it/s]

  0%|          | 0/1120 [00:00<?, ?it/s]
100%|██████████| 1120/1120 [00:00<00:00, 17228.61it/s]

  0%|          | 0/560 [00:00<?, ?it/s]
100%|██████████| 560/560 [00:00<00:00, 12400.54it/s]

  0%|          | 0/1120 [00:00<?, ?it/s]
100%|██████████| 1120/1120 [00:00<00:00, 12070.78it/s]

  0%|          | 0/1120 [00:00<?, ?it/s]
 96%|█████████▌| 1076/1120 [00:00<00:00, 10751.65it/s]
100%|██████████| 1120/1120 [00:00<00:00, 10720.44it/s]

  0%|          | 0/2240 [00:00<?, ?it/s]
 53%|█████▎    | 1179/2240 [00:00<00:00, 11787.48it/s]
100%|██████████| 2240/2240 [00:00<00:00, 12498.69it/s]

  0%|          | 0/2240 [00:00<?, ?it/s]
 53%|█████▎    | 1189/2240 [00:00<00:00, 11876.67it/s]
100%|██████████| 2240/2240 [00:00<00:00, 12029.56it/s]

  0%|          | 0/4480 [00:00<?, ?it/s]
 27%|██▋       | 1194/4480 [00:00<00:00, 11932.84it/s]
 54%|█████▍    | 2412/4480 [00:00<00:00, 12077.03it/s]
 84%|████████▍ | 3765/4480 [00:00<00:00, 12739.58it/s]
100%|██████████| 4480/4480 [00:00<00:00, 12755.85it/s]

  0%|          | 0/8960 [00:00<?, ?it/s]
 15%|█▍        | 1338/8960 [00:00<00:00, 13372.71it/s]
 31%|███       | 2734/8960 [00:00<00:00, 13714.70it/s]
 47%|████▋     | 4186/8960 [00:00<00:00, 14080.77it/s]
 62%|██████▏   | 5595/8960 [00:00<00:00, 13294.27it/s]
 77%|███████▋  | 6931/8960 [00:00<00:00, 13239.20it/s]
 92%|█████████▏| 8259/8960 [00:00<00:00, 13197.23it/s]
100%|██████████| 8960/8960 [00:00<00:00, 13254.73it/s]

  0%|          | 0/564 [00:00<?, ?it/s]
100%|██████████| 564/564 [00:00<00:00, 14905.28it/s]

  0%|          | 0/1128 [00:00<?, ?it/s]
 98%|█████████▊| 1105/1128 [00:00<00:00, 11047.75it/s]
100%|██████████| 1128/1128 [00:00<00:00, 11030.13it/s]

  0%|          | 0/564 [00:00<?, ?it/s]
100%|██████████| 564/564 [00:00<00:00, 13771.51it/s]

  0%|          | 0/1128 [00:00<?, ?it/s]
100%|██████████| 1128/1128 [00:00<00:00, 13860.63it/s]

  0%|          | 0/564 [00:00<?, ?it/s]
100%|██████████| 564/564 [00:00<00:00, 14134.05it/s]

  0%|          | 0/1128 [00:00<?, ?it/s]
 17%|█▋        | 189/1128 [00:02<00:14, 64.07it/s]
100%|██████████| 1128/1128 [00:03<00:00, 372.76it/s]

  0%|          | 0/1128 [00:00<?, ?it/s]
100%|██████████| 1128/1128 [00:00<00:00, 12242.72it/s]

  0%|          | 0/2256 [00:00<?, ?it/s]
 59%|█████▉    | 1340/2256 [00:00<00:00, 13397.46it/s]
100%|██████████| 2256/2256 [00:00<00:00, 12607.19it/s]

  0%|          | 0/2256 [00:00<?, ?it/s]
 55%|█████▍    | 1230/2256 [00:00<00:00, 12295.82it/s]
100%|██████████| 2256/2256 [00:00<00:00, 12509.78it/s]

  0%|          | 0/4512 [00:00<?, ?it/s]
 29%|██▉       | 1315/4512 [00:00<00:00, 13137.61it/s]
 58%|█████▊    | 2629/4512 [00:00<00:00, 12083.30it/s]
 86%|████████▋ | 3894/4512 [00:00<00:00, 12328.74it/s]
100%|██████████| 4512/4512 [00:00<00:00, 12400.95it/s]

  0%|          | 0/9024 [00:00<?, ?it/s]
 16%|█▌        | 1430/9024 [00:00<00:00, 14294.59it/s]
 32%|███▏      | 2860/9024 [00:00<00:00, 14222.75it/s]
 47%|████▋     | 4283/9024 [00:00<00:00, 13700.39it/s]
 63%|██████▎   | 5676/9024 [00:00<00:00, 13786.73it/s]
 78%|███████▊  | 7057/9024 [00:00<00:00, 13634.97it/s]
 93%|█████████▎| 8422/9024 [00:00<00:00, 13194.80it/s]
100%|██████████| 9024/9024 [00:00<00:00, 13400.53it/s]

  0%|          | 0/568 [00:00<?, ?it/s]
100%|██████████| 568/568 [00:00<00:00, 12784.49it/s]

  0%|          | 0/1136 [00:00<?, ?it/s]
100%|██████████| 1136/1136 [00:00<00:00, 14686.78it/s]

  0%|          | 0/568 [00:00<?, ?it/s]
100%|██████████| 568/568 [00:00<00:00, 12931.47it/s]

  0%|          | 0/1136 [00:00<?, ?it/s]
100%|██████████| 1136/1136 [00:00<00:00, 14679.09it/s]

  0%|          | 0/568 [00:00<?, ?it/s]
100%|██████████| 568/568 [00:00<00:00, 14974.29it/s]

  0%|          | 0/1136 [00:00<?, ?it/s]
100%|██████████| 1136/1136 [00:00<00:00, 12979.38it/s]

  0%|          | 0/1136 [00:00<?, ?it/s]
100%|██████████| 1136/1136 [00:00<00:00, 12741.11it/s]

  0%|          | 0/2272 [00:00<?, ?it/s]
 60%|█████▉    | 1357/2272 [00:00<00:00, 13559.47it/s]
100%|██████████| 2272/2272 [00:00<00:00, 14853.60it/s]

  0%|          | 0/2272 [00:00<?, ?it/s]
 64%|██████▎   | 1446/2272 [00:00<00:00, 14456.60it/s]
100%|██████████| 2272/2272 [00:00<00:00, 14991.86it/s]

  0%|          | 0/4544 [00:00<?, ?it/s]
 29%|██▉       | 1336/4544 [00:00<00:00, 13355.55it/s]
 59%|█████▉    | 2672/4544 [00:00<00:00, 12919.34it/s]
 87%|████████▋ | 3965/4544 [00:00<00:00, 12887.75it/s]
100%|██████████| 4544/4544 [00:00<00:00, 12905.32it/s]

  0%|          | 0/9088 [00:00<?, ?it/s]
 13%|█▎        | 1207/9088 [00:00<00:00, 12058.28it/s]
 27%|██▋       | 2428/9088 [00:00<00:00, 12132.75it/s]
 41%|████▏     | 3765/9088 [00:00<00:00, 12695.46it/s]
 55%|█████▌    | 5035/9088 [00:00<00:00, 12626.61it/s]
 71%|███████   | 6455/9088 [00:00<00:00, 13190.13it/s]
 86%|████████▌ | 7775/9088 [00:00<00:00, 12269.99it/s]
 99%|█████████▉| 9013/9088 [00:00<00:00, 11889.59it/s]
100%|██████████| 9088/9088 [00:00<00:00, 12241.20it/s]

  0%|          | 0/572 [00:00<?, ?it/s]
100%|██████████| 572/572 [00:00<00:00, 15478.53it/s]

  0%|          | 0/1144 [00:00<?, ?it/s]
100%|██████████| 1144/1144 [00:00<00:00, 16677.96it/s]

  0%|          | 0/572 [00:00<?, ?it/s]
100%|██████████| 572/572 [00:00<00:00, 18270.82it/s]

  0%|          | 0/1144 [00:00<?, ?it/s]
100%|██████████| 1144/1144 [00:00<00:00, 15971.23it/s]

  0%|          | 0/572 [00:00<?, ?it/s]
100%|██████████| 572/572 [00:00<00:00, 12418.82it/s]

  0%|          | 0/1144 [00:00<?, ?it/s]
100%|██████████| 1144/1144 [00:00<00:00, 13115.01it/s]

  0%|          | 0/1144 [00:00<?, ?it/s]
100%|██████████| 1144/1144 [00:00<00:00, 13413.71it/s]

  0%|          | 0/2288 [00:00<?, ?it/s]
 61%|██████    | 1398/2288 [00:00<00:00, 13964.86it/s]
100%|██████████| 2288/2288 [00:00<00:00, 13277.58it/s]

  0%|          | 0/2288 [00:00<?, ?it/s]
 59%|█████▉    | 1357/2288 [00:00<00:00, 13569.17it/s]
100%|██████████| 2288/2288 [00:00<00:00, 13608.16it/s]

  0%|          | 0/4576 [00:00<?, ?it/s]
 25%|██▍       | 1140/4576 [00:00<00:00, 11391.62it/s]
 54%|█████▍    | 2477/4576 [00:00<00:00, 12551.23it/s]
 82%|████████▏ | 3733/4576 [00:00<00:00, 11871.98it/s]
100%|██████████| 4576/4576 [00:00<00:00, 12381.32it/s]

  0%|          | 0/9152 [00:00<?, ?it/s]
 15%|█▍        | 1349/9152 [00:00<00:00, 13482.65it/s]
 30%|███       | 2774/9152 [00:00<00:00, 13924.94it/s]
 47%|████▋     | 4262/9152 [00:00<00:00, 14357.32it/s]
 62%|██████▏   | 5698/9152 [00:00<00:00, 14294.69it/s]
 78%|███████▊  | 7128/9152 [00:00<00:00, 13938.56it/s]
 93%|█████████▎| 8524/9152 [00:00<00:00, 13667.34it/s]
100%|██████████| 9152/9152 [00:00<00:00, 13571.07it/s]

  0%|          | 0/576 [00:00<?, ?it/s]
100%|██████████| 576/576 [00:00<00:00, 12389.90it/s]

  0%|          | 0/1152 [00:00<?, ?it/s]
100%|██████████| 1152/1152 [00:00<00:00, 13266.74it/s]

  0%|          | 0/576 [00:00<?, ?it/s]
100%|██████████| 576/576 [00:00<00:00, 13347.77it/s]

  0%|          | 0/1152 [00:00<?, ?it/s]
100%|██████████| 1152/1152 [00:00<00:00, 13136.71it/s]

  0%|          | 0/576 [00:00<?, ?it/s]
100%|██████████| 576/576 [00:00<00:00, 13590.75it/s]

  0%|          | 0/1152 [00:00<?, ?it/s]
100%|██████████| 1152/1152 [00:00<00:00, 13305.94it/s]

  0%|          | 0/1152 [00:00<?, ?it/s]
100%|██████████| 1152/1152 [00:00<00:00, 14053.35it/s]

  0%|          | 0/2304 [00:00<?, ?it/s]
 55%|█████▍    | 1266/2304 [00:00<00:00, 12641.87it/s]
100%|██████████| 2304/2304 [00:00<00:00, 13206.72it/s]

  0%|          | 0/2304 [00:00<?, ?it/s]
 47%|████▋     | 1085/2304 [00:00<00:00, 10840.09it/s]
100%|██████████| 2304/2304 [00:00<00:00, 11686.01it/s]

  0%|          | 0/4608 [00:00<?, ?it/s]
 28%|██▊       | 1271/4608 [00:00<00:00, 12703.71it/s]
 55%|█████▌    | 2542/4608 [00:00<00:00, 12379.30it/s]
 83%|████████▎ | 3813/4608 [00:00<00:00, 12526.91it/s]
100%|██████████| 4608/4608 [00:00<00:00, 12506.58it/s]

  0%|          | 0/9216 [00:00<?, ?it/s]
 13%|█▎        | 1244/9216 [00:00<00:00, 12427.66it/s]
 28%|██▊       | 2610/9216 [00:00<00:00, 13149.95it/s]
 43%|████▎     | 3971/9216 [00:00<00:00, 13356.24it/s]
 58%|█████▊    | 5307/9216 [00:00<00:00, 13341.86it/s]
 72%|███████▏  | 6642/9216 [00:00<00:00, 13205.49it/s]
 87%|████████▋ | 8056/9216 [00:00<00:00, 13520.00it/s]
100%|██████████| 9216/9216 [00:00<00:00, 13287.23it/s]

  0%|          | 0/580 [00:00<?, ?it/s]
100%|██████████| 580/580 [00:00<00:00, 17467.23it/s]

  0%|          | 0/1160 [00:00<?, ?it/s]
100%|██████████| 1160/1160 [00:00<00:00, 16028.47it/s]

  0%|          | 0/580 [00:00<?, ?it/s]
100%|██████████| 580/580 [00:00<00:00, 11770.07it/s]

  0%|          | 0/1160 [00:00<?, ?it/s]
100%|██████████| 1160/1160 [00:00<00:00, 15523.06it/s]

  0%|          | 0/580 [00:00<?, ?it/s]
100%|██████████| 580/580 [00:00<00:00, 12664.16it/s]

  0%|          | 0/1160 [00:00<?, ?it/s]
100%|██████████| 1160/1160 [00:00<00:00, 13142.85it/s]

  0%|          | 0/1160 [00:00<?, ?it/s]
100%|██████████| 1160/1160 [00:00<00:00, 12775.49it/s]

  0%|          | 0/2320 [00:00<?, ?it/s]
 57%|█████▋    | 1333/2320 [00:00<00:00, 13322.23it/s]
100%|██████████| 2320/2320 [00:00<00:00, 10667.37it/s]

  0%|          | 0/2320 [00:00<?, ?it/s]
 54%|█████▍    | 1257/2320 [00:00<00:00, 12568.00it/s]
100%|██████████| 2320/2320 [00:00<00:00, 12263.29it/s]

  0%|          | 0/4640 [00:00<?, ?it/s]
 26%|██▌       | 1213/4640 [00:00<00:00, 12126.02it/s]
 52%|█████▏    | 2426/4640 [00:00<00:00, 12062.27it/s]
 82%|████████▏ | 3785/4640 [00:00<00:00, 12749.39it/s]
100%|██████████| 4640/4640 [00:00<00:00, 12150.72it/s]

  0%|          | 0/9280 [00:00<?, ?it/s]
 15%|█▌        | 1418/9280 [00:00<00:00, 14173.83it/s]
 31%|███       | 2842/9280 [00:00<00:00, 14207.59it/s]
 46%|████▌     | 4263/9280 [00:00<00:00, 14106.54it/s]
 61%|██████    | 5674/9280 [00:00<00:00, 13319.07it/s]
 76%|███████▌  | 7012/9280 [00:00<00:00, 13107.73it/s]
 90%|█████████ | 8366/9280 [00:00<00:00, 13245.73it/s]
100%|██████████| 9280/9280 [00:00<00:00, 13449.87it/s]

  0%|          | 0/584 [00:00<?, ?it/s]
100%|██████████| 584/584 [00:00<00:00, 13642.52it/s]

  0%|          | 0/1168 [00:00<?, ?it/s]
100%|██████████| 1168/1168 [00:00<00:00, 14845.65it/s]

  0%|          | 0/584 [00:00<?, ?it/s]
100%|██████████| 584/584 [00:00<00:00, 12884.17it/s]

  0%|          | 0/1168 [00:00<?, ?it/s]
100%|██████████| 1168/1168 [00:00<00:00, 13222.74it/s]

  0%|          | 0/584 [00:00<?, ?it/s]
100%|██████████| 584/584 [00:00<00:00, 12294.64it/s]

  0%|          | 0/1168 [00:00<?, ?it/s]
100%|██████████| 1168/1168 [00:00<00:00, 13438.75it/s]

  0%|          | 0/1168 [00:00<?, ?it/s]
100%|██████████| 1168/1168 [00:00<00:00, 13495.76it/s]

  0%|          | 0/2336 [00:00<?, ?it/s]
 65%|██████▍   | 1518/2336 [00:00<00:00, 15177.08it/s]
100%|██████████| 2336/2336 [00:00<00:00, 15391.19it/s]

  0%|          | 0/2336 [00:00<?, ?it/s]
 56%|█████▌    | 1299/2336 [00:00<00:00, 12986.30it/s]
100%|██████████| 2336/2336 [00:00<00:00, 13698.83it/s]

  0%|          | 0/4672 [00:00<?, ?it/s]
 30%|██▉       | 1396/4672 [00:00<00:00, 13956.99it/s]
 60%|█████▉    | 2792/4672 [00:00<00:00, 13954.99it/s]
 90%|████████▉ | 4188/4672 [00:00<00:00, 13945.22it/s]
100%|██████████| 4672/4672 [00:00<00:00, 13615.43it/s]

  0%|          | 0/9344 [00:00<?, ?it/s]
 13%|█▎        | 1212/9344 [00:00<00:00, 12115.53it/s]
 26%|██▋       | 2476/9344 [00:00<00:00, 12417.04it/s]
 40%|███▉      | 3718/9344 [00:00<00:00, 12356.04it/s]
 54%|█████▍    | 5080/9344 [00:00<00:00, 12849.14it/s]
 69%|██████▊   | 6414/9344 [00:00<00:00, 13024.02it/s]
 84%|████████▍ | 7889/9344 [00:00<00:00, 13608.78it/s]
100%|█████████▉| 9316/9344 [00:00<00:00, 13823.01it/s]
100%|██████████| 9344/9344 [00:00<00:00, 13290.62it/s]

  0%|          | 0/588 [00:00<?, ?it/s]
100%|██████████| 588/588 [00:00<00:00, 14990.77it/s]

  0%|          | 0/1176 [00:00<?, ?it/s]
100%|██████████| 1176/1176 [00:00<00:00, 13718.08it/s]

  0%|          | 0/588 [00:00<?, ?it/s]
100%|██████████| 588/588 [00:00<00:00, 15538.18it/s]

  0%|          | 0/1176 [00:00<?, ?it/s]
100%|██████████| 1176/1176 [00:00<00:00, 15410.07it/s]

  0%|          | 0/588 [00:00<?, ?it/s]
100%|██████████| 588/588 [00:00<00:00, 12731.07it/s]

  0%|          | 0/1176 [00:00<?, ?it/s]
100%|██████████| 1176/1176 [00:00<00:00, 13958.15it/s]

  0%|          | 0/1176 [00:00<?, ?it/s]
100%|██████████| 1176/1176 [00:00<00:00, 13615.73it/s]

  0%|          | 0/2352 [00:00<?, ?it/s]
 51%|█████     | 1189/2352 [00:00<00:00, 11883.83it/s]
100%|██████████| 2352/2352 [00:00<00:00, 13148.95it/s]

  0%|          | 0/2352 [00:00<?, ?it/s]
 58%|█████▊    | 1355/2352 [00:00<00:00, 13548.11it/s]
100%|██████████| 2352/2352 [00:00<00:00, 12922.90it/s]

  0%|          | 0/4704 [00:00<?, ?it/s]
 26%|██▋       | 1245/4704 [00:00<00:00, 12439.31it/s]
 53%|█████▎    | 2489/4704 [00:00<00:00, 11806.29it/s]
 80%|████████  | 3775/4704 [00:00<00:00, 12269.19it/s]
100%|██████████| 4704/4704 [00:00<00:00, 12150.91it/s]

  0%|          | 0/9408 [00:00<?, ?it/s]
 12%|█▏        | 1167/9408 [00:00<00:00, 11660.45it/s]
 29%|██▉       | 2717/9408 [00:00<00:00, 13910.51it/s]
 44%|████▎     | 4109/9408 [00:00<00:00, 13425.19it/s]
 58%|█████▊    | 5454/9408 [00:00<00:00, 13386.23it/s]
 72%|███████▏  | 6794/9408 [00:00<00:00, 13244.88it/s]
 87%|████████▋ | 8149/9408 [00:00<00:00, 13344.75it/s]
100%|██████████| 9408/9408 [00:00<00:00, 13247.46it/s]

  0%|          | 0/592 [00:00<?, ?it/s]
100%|██████████| 592/592 [00:00<00:00, 12299.89it/s]

  0%|          | 0/1184 [00:00<?, ?it/s]
100%|██████████| 1184/1184 [00:00<00:00, 13190.41it/s]

  0%|          | 0/592 [00:00<?, ?it/s]
100%|██████████| 592/592 [00:00<00:00, 14314.95it/s]

  0%|          | 0/1184 [00:00<?, ?it/s]
100%|██████████| 1184/1184 [00:00<00:00, 15002.37it/s]

  0%|          | 0/592 [00:00<?, ?it/s]
100%|██████████| 592/592 [00:00<00:00, 15769.96it/s]

  0%|          | 0/1184 [00:00<?, ?it/s]
100%|██████████| 1184/1184 [00:00<00:00, 12591.39it/s]

  0%|          | 0/1184 [00:00<?, ?it/s]
100%|██████████| 1184/1184 [00:00<00:00, 13067.85it/s]

  0%|          | 0/2368 [00:00<?, ?it/s]
 56%|█████▌    | 1320/2368 [00:00<00:00, 13194.29it/s]
100%|██████████| 2368/2368 [00:00<00:00, 13206.96it/s]

  0%|          | 0/2368 [00:00<?, ?it/s]
 57%|█████▋    | 1360/2368 [00:00<00:00, 13596.84it/s]
100%|██████████| 2368/2368 [00:00<00:00, 13839.85it/s]

  0%|          | 0/4736 [00:00<?, ?it/s]
 33%|███▎      | 1541/4736 [00:00<00:00, 15402.63it/s]
 65%|██████▌   | 3082/4736 [00:00<00:00, 14966.22it/s]
 97%|█████████▋| 4580/4736 [00:00<00:00, 14224.76it/s]
100%|██████████| 4736/4736 [00:00<00:00, 14479.29it/s]

  0%|          | 0/9472 [00:00<?, ?it/s]
 13%|█▎        | 1202/9472 [00:00<00:00, 12017.43it/s]
 27%|██▋       | 2522/9472 [00:00<00:00, 12707.91it/s]
 40%|████      | 3793/9472 [00:00<00:00, 12374.13it/s]
 55%|█████▌    | 5234/9472 [00:00<00:00, 13162.03it/s]
 72%|███████▏  | 6787/9472 [00:00<00:00, 14005.63it/s]
 87%|████████▋ | 8203/9472 [00:00<00:00, 14055.20it/s]
100%|██████████| 9472/9472 [00:00<00:00, 13478.09it/s]

  0%|          | 0/596 [00:00<?, ?it/s]
100%|██████████| 596/596 [00:00<00:00, 15285.12it/s]

  0%|          | 0/1192 [00:00<?, ?it/s]
100%|██████████| 1192/1192 [00:00<00:00, 13188.24it/s]

  0%|          | 0/596 [00:00<?, ?it/s]
100%|██████████| 596/596 [00:00<00:00, 14344.11it/s]

  0%|          | 0/1192 [00:00<?, ?it/s]
100%|██████████| 1192/1192 [00:00<00:00, 14677.50it/s]

  0%|          | 0/596 [00:00<?, ?it/s]
100%|██████████| 596/596 [00:00<00:00, 14512.66it/s]

  0%|          | 0/1192 [00:00<?, ?it/s]
100%|██████████| 1192/1192 [00:00<00:00, 14417.53it/s]

  0%|          | 0/1192 [00:00<?, ?it/s]
 99%|█████████▉| 1180/1192 [00:00<00:00, 11794.95it/s]
100%|██████████| 1192/1192 [00:00<00:00, 11818.99it/s]

  0%|          | 0/2384 [00:00<?, ?it/s]
 62%|██████▏   | 1478/2384 [00:00<00:00, 14777.05it/s]
100%|██████████| 2384/2384 [00:00<00:00, 14116.81it/s]

  0%|          | 0/2384 [00:00<?, ?it/s]
 58%|█████▊    | 1387/2384 [00:00<00:00, 13859.01it/s]
100%|██████████| 2384/2384 [00:00<00:00, 13951.64it/s]

  0%|          | 0/4768 [00:00<?, ?it/s]
 26%|██▌       | 1228/4768 [00:00<00:00, 12269.42it/s]
 52%|█████▏    | 2503/4768 [00:00<00:00, 12548.82it/s]
 79%|███████▉  | 3780/4768 [00:00<00:00, 12647.49it/s]
100%|██████████| 4768/4768 [00:00<00:00, 13054.70it/s]

  0%|          | 0/9536 [00:00<?, ?it/s]
 13%|█▎        | 1264/9536 [00:00<00:00, 12636.34it/s]
 29%|██▉       | 2778/9536 [00:00<00:00, 14107.03it/s]
 44%|████▍     | 4189/9536 [00:00<00:00, 13546.40it/s]
 58%|█████▊    | 5547/9536 [00:00<00:00, 13449.63it/s]
 72%|███████▏  | 6894/9536 [00:00<00:00, 13302.01it/s]
 86%|████████▋ | 8226/9536 [00:00<00:00, 13290.69it/s]
100%|██████████| 9536/9536 [00:00<00:00, 13111.96it/s]

  0%|          | 0/600 [00:00<?, ?it/s]
100%|██████████| 600/600 [00:00<00:00, 17091.24it/s]

  0%|          | 0/1200 [00:00<?, ?it/s]
100%|██████████| 1200/1200 [00:00<00:00, 16268.08it/s]

  0%|          | 0/600 [00:00<?, ?it/s]
100%|██████████| 600/600 [00:00<00:00, 15733.85it/s]

  0%|          | 0/1200 [00:00<?, ?it/s]
100%|██████████| 1200/1200 [00:00<00:00, 15583.86it/s]

  0%|          | 0/600 [00:00<?, ?it/s]
100%|██████████| 600/600 [00:00<00:00, 16501.31it/s]

  0%|          | 0/1200 [00:00<?, ?it/s]
100%|██████████| 1200/1200 [00:00<00:00, 12572.76it/s]

  0%|          | 0/1200 [00:00<?, ?it/s]
100%|██████████| 1200/1200 [00:00<00:00, 15829.40it/s]

  0%|          | 0/2400 [00:00<?, ?it/s]
 58%|█████▊    | 1398/2400 [00:00<00:00, 13972.45it/s]
100%|██████████| 2400/2400 [00:00<00:00, 14394.91it/s]

  0%|          | 0/2400 [00:00<?, ?it/s]
 64%|██████▍   | 1535/2400 [00:00<00:00, 15338.53it/s]
100%|██████████| 2400/2400 [00:00<00:00, 15524.49it/s]

  0%|          | 0/4800 [00:00<?, ?it/s]
 26%|██▌       | 1246/4800 [00:00<00:00, 12446.60it/s]
 54%|█████▍    | 2581/4800 [00:00<00:00, 12976.78it/s]
 84%|████████▍ | 4032/4800 [00:00<00:00, 13670.14it/s]
100%|██████████| 4800/4800 [00:00<00:00, 13392.79it/s]

  0%|          | 0/9600 [00:00<?, ?it/s]
 12%|█▏        | 1184/9600 [00:00<00:00, 11838.18it/s]
 26%|██▌       | 2517/9600 [00:00<00:00, 12712.55it/s]
 41%|████      | 3919/9600 [00:00<00:00, 13308.71it/s]
 55%|█████▍    | 5250/9600 [00:00<00:00, 13114.96it/s]
 68%|██████▊   | 6565/9600 [00:00<00:00, 13126.05it/s]
 82%|████████▏ | 7878/9600 [00:00<00:00, 12749.73it/s]
 98%|█████████▊| 9367/9600 [00:00<00:00, 13429.64it/s]
100%|██████████| 9600/9600 [00:00<00:00, 13179.38it/s]

  0%|          | 0/604 [00:00<?, ?it/s]
100%|██████████| 604/604 [00:00<00:00, 14143.60it/s]

  0%|          | 0/1208 [00:00<?, ?it/s]
100%|██████████| 1208/1208 [00:00<00:00, 15274.50it/s]

  0%|          | 0/604 [00:00<?, ?it/s]
100%|██████████| 604/604 [00:00<00:00, 14586.53it/s]

  0%|          | 0/1208 [00:00<?, ?it/s]
100%|██████████| 1208/1208 [00:00<00:00, 14588.21it/s]

  0%|          | 0/604 [00:00<?, ?it/s]
100%|██████████| 604/604 [00:00<00:00, 13560.94it/s]

  0%|          | 0/1208 [00:00<?, ?it/s]
100%|██████████| 1208/1208 [00:00<00:00, 13074.36it/s]

  0%|          | 0/1208 [00:00<?, ?it/s]
100%|██████████| 1208/1208 [00:00<00:00, 13338.74it/s]

  0%|          | 0/2416 [00:00<?, ?it/s]
 51%|█████     | 1232/2416 [00:00<00:00, 12316.49it/s]
100%|██████████| 2416/2416 [00:00<00:00, 13264.15it/s]

  0%|          | 0/2416 [00:00<?, ?it/s]
 47%|████▋     | 1129/2416 [00:00<00:00, 11253.84it/s]
 93%|█████████▎| 2255/2416 [00:00<00:00, 11237.78it/s]
100%|██████████| 2416/2416 [00:00<00:00, 11210.25it/s]

  0%|          | 0/4832 [00:00<?, ?it/s]
 25%|██▌       | 1217/4832 [00:00<00:00, 12166.36it/s]
 54%|█████▍    | 2632/4832 [00:00<00:00, 13331.65it/s]
 82%|████████▏ | 3966/4832 [00:00<00:00, 13225.31it/s]
100%|██████████| 4832/4832 [00:00<00:00, 13140.66it/s]

  0%|          | 0/9664 [00:00<?, ?it/s]
 12%|█▏        | 1176/9664 [00:00<00:00, 11757.68it/s]
 24%|██▍       | 2352/9664 [00:00<00:00, 11678.41it/s]
 37%|███▋      | 3539/9664 [00:00<00:00, 11762.04it/s]
 49%|████▉     | 4716/9664 [00:00<00:00, 11560.70it/s]
 61%|██████▏   | 5926/9664 [00:00<00:00, 11718.30it/s]
 74%|███████▍  | 7183/9664 [00:00<00:00, 12002.46it/s]
 89%|████████▉ | 8586/9664 [00:00<00:00, 12659.46it/s]
100%|██████████| 9664/9664 [00:00<00:00, 12381.74it/s]

  0%|          | 0/608 [00:00<?, ?it/s]
100%|██████████| 608/608 [00:00<00:00, 14781.43it/s]

  0%|          | 0/1216 [00:00<?, ?it/s]
100%|██████████| 1216/1216 [00:00<00:00, 14093.05it/s]

  0%|          | 0/608 [00:00<?, ?it/s]
100%|██████████| 608/608 [00:00<00:00, 14747.49it/s]

  0%|          | 0/1216 [00:00<?, ?it/s]
100%|██████████| 1216/1216 [00:00<00:00, 13580.92it/s]

  0%|          | 0/608 [00:00<?, ?it/s]
100%|██████████| 608/608 [00:00<00:00, 11296.94it/s]

  0%|          | 0/1216 [00:00<?, ?it/s]
100%|██████████| 1216/1216 [00:00<00:00, 13531.34it/s]

  0%|          | 0/1216 [00:00<?, ?it/s]
 97%|█████████▋| 1177/1216 [00:00<00:00, 11758.55it/s]
100%|██████████| 1216/1216 [00:00<00:00, 11749.13it/s]

  0%|          | 0/2432 [00:00<?, ?it/s]
 52%|█████▏    | 1257/2432 [00:00<00:00, 12551.64it/s]
100%|██████████| 2432/2432 [00:00<00:00, 12851.76it/s]

  0%|          | 0/2432 [00:00<?, ?it/s]
 58%|█████▊    | 1412/2432 [00:00<00:00, 14116.41it/s]
100%|██████████| 2432/2432 [00:00<00:00, 14481.74it/s]

  0%|          | 0/4864 [00:00<?, ?it/s]
 24%|██▍       | 1168/4864 [00:00<00:00, 11674.86it/s]
 49%|████▉     | 2389/4864 [00:00<00:00, 11986.64it/s]
 76%|███████▌  | 3692/4864 [00:00<00:00, 12458.82it/s]
100%|██████████| 4864/4864 [00:00<00:00, 12592.67it/s]

  0%|          | 0/9728 [00:00<?, ?it/s]
 13%|█▎        | 1258/9728 [00:00<00:00, 12572.76it/s]
 26%|██▌       | 2516/9728 [00:00<00:00, 12505.08it/s]
 39%|███▊      | 3767/9728 [00:00<00:00, 12504.79it/s]
 52%|█████▏    | 5018/9728 [00:00<00:00, 12421.43it/s]
 64%|██████▍   | 6261/9728 [00:00<00:00, 12320.86it/s]
 77%|███████▋  | 7494/9728 [00:00<00:00, 11587.51it/s]
 89%|████████▉ | 8660/9728 [00:00<00:00, 11457.71it/s]
100%|██████████| 9728/9728 [00:00<00:00, 11940.79it/s]

  0%|          | 0/612 [00:00<?, ?it/s]
100%|██████████| 612/612 [00:00<00:00, 12962.44it/s]

  0%|          | 0/1224 [00:00<?, ?it/s]
100%|██████████| 1224/1224 [00:00<00:00, 14049.08it/s]

  0%|          | 0/612 [00:00<?, ?it/s]
100%|██████████| 612/612 [00:00<00:00, 14307.85it/s]

  0%|          | 0/1224 [00:00<?, ?it/s]
100%|██████████| 1224/1224 [00:00<00:00, 14761.80it/s]

  0%|          | 0/612 [00:00<?, ?it/s]
100%|██████████| 612/612 [00:00<00:00, 10096.58it/s]

  0%|          | 0/1224 [00:00<?, ?it/s]
100%|██████████| 1224/1224 [00:00<00:00, 13618.09it/s]

  0%|          | 0/1224 [00:00<?, ?it/s]
100%|██████████| 1224/1224 [00:00<00:00, 13011.43it/s]

  0%|          | 0/2448 [00:00<?, ?it/s]
 49%|████▉     | 1200/2448 [00:00<00:00, 11988.52it/s]
100%|██████████| 2448/2448 [00:00<00:00, 12740.56it/s]

  0%|          | 0/2448 [00:00<?, ?it/s]
 55%|█████▍    | 1341/2448 [00:00<00:00, 13407.71it/s]
100%|██████████| 2448/2448 [00:00<00:00, 14918.43it/s]

  0%|          | 0/4896 [00:00<?, ?it/s]
 31%|███       | 1508/4896 [00:00<00:00, 15070.06it/s]
 62%|██████▏   | 3016/4896 [00:00<00:00, 13781.15it/s]
 90%|█████████ | 4421/4896 [00:00<00:00, 13893.96it/s]
100%|██████████| 4896/4896 [00:00<00:00, 13598.16it/s]

  0%|          | 0/9792 [00:00<?, ?it/s]
 11%|█         | 1032/9792 [00:00<00:00, 10303.04it/s]
 23%|██▎       | 2290/9792 [00:00<00:00, 11638.61it/s]
 36%|███▋      | 3551/9792 [00:00<00:00, 12081.39it/s]
 49%|████▉     | 4828/9792 [00:00<00:00, 12352.60it/s]
 62%|██████▏   | 6078/9792 [00:00<00:00, 12403.31it/s]
 75%|███████▌  | 7372/9792 [00:00<00:00, 12584.23it/s]
 88%|████████▊ | 8631/9792 [00:00<00:00, 12380.66it/s]
100%|██████████| 9792/9792 [00:00<00:00, 12123.16it/s]

  0%|          | 0/616 [00:00<?, ?it/s]
100%|██████████| 616/616 [00:00<00:00, 13031.37it/s]

  0%|          | 0/1232 [00:00<?, ?it/s]
100%|██████████| 1232/1232 [00:00<00:00, 12904.52it/s]

  0%|          | 0/616 [00:00<?, ?it/s]
100%|██████████| 616/616 [00:00<00:00, 13097.50it/s]

  0%|          | 0/1232 [00:00<?, ?it/s]
100%|██████████| 1232/1232 [00:00<00:00, 14451.02it/s]

  0%|          | 0/616 [00:00<?, ?it/s]
100%|██████████| 616/616 [00:00<00:00, 14147.13it/s]

  0%|          | 0/1232 [00:00<?, ?it/s]
100%|██████████| 1232/1232 [00:00<00:00, 13326.55it/s]

  0%|          | 0/1232 [00:00<?, ?it/s]
100%|██████████| 1232/1232 [00:00<00:00, 12869.90it/s]

  0%|          | 0/2464 [00:00<?, ?it/s]
 55%|█████▌    | 1356/2464 [00:00<00:00, 13554.78it/s]
100%|██████████| 2464/2464 [00:00<00:00, 14093.46it/s]

  0%|          | 0/2464 [00:00<?, ?it/s]
 50%|█████     | 1237/2464 [00:00<00:00, 12367.00it/s]
100%|██████████| 2464/2464 [00:00<00:00, 12887.48it/s]

  0%|          | 0/4928 [00:00<?, ?it/s]
 27%|██▋       | 1314/4928 [00:00<00:00, 13092.94it/s]
 54%|█████▍    | 2653/4928 [00:00<00:00, 13266.11it/s]
 82%|████████▏ | 4065/4928 [00:00<00:00, 13650.01it/s]
100%|██████████| 4928/4928 [00:00<00:00, 13726.99it/s]

  0%|          | 0/9856 [00:00<?, ?it/s]
 14%|█▍        | 1387/9856 [00:00<00:00, 13867.50it/s]
 28%|██▊       | 2774/9856 [00:00<00:00, 12334.57it/s]
 41%|████      | 4065/9856 [00:00<00:00, 12578.33it/s]
 54%|█████▍    | 5331/9856 [00:00<00:00, 12521.79it/s]
 67%|██████▋   | 6613/9856 [00:00<00:00, 12625.39it/s]
 80%|████████  | 7894/9856 [00:00<00:00, 12685.93it/s]
 93%|█████████▎| 9165/9856 [00:00<00:00, 12544.22it/s]
100%|██████████| 9856/9856 [00:00<00:00, 12562.59it/s]

  0%|          | 0/620 [00:00<?, ?it/s]
100%|██████████| 620/620 [00:00<00:00, 14823.90it/s]

  0%|          | 0/1240 [00:00<?, ?it/s]
100%|██████████| 1240/1240 [00:00<00:00, 15323.83it/s]

  0%|          | 0/620 [00:00<?, ?it/s]
100%|██████████| 620/620 [00:00<00:00, 11580.75it/s]

  0%|          | 0/1240 [00:00<?, ?it/s]
100%|██████████| 1240/1240 [00:00<00:00, 13411.94it/s]

  0%|          | 0/620 [00:00<?, ?it/s]
100%|██████████| 620/620 [00:00<00:00, 14409.18it/s]

  0%|          | 0/1240 [00:00<?, ?it/s]
100%|██████████| 1240/1240 [00:00<00:00, 14170.06it/s]

  0%|          | 0/1240 [00:00<?, ?it/s]
 97%|█████████▋| 1207/1240 [00:00<00:00, 12062.68it/s]
100%|██████████| 1240/1240 [00:00<00:00, 12067.62it/s]

  0%|          | 0/2480 [00:00<?, ?it/s]
 53%|█████▎    | 1310/2480 [00:00<00:00, 13085.82it/s]
100%|██████████| 2480/2480 [00:00<00:00, 14624.37it/s]

  0%|          | 0/2480 [00:00<?, ?it/s]
 21%|██        | 509/2480 [00:02<00:11, 171.92it/s]
 75%|███████▌  | 1870/2480 [00:03<00:00, 790.46it/s]
100%|██████████| 2480/2480 [00:03<00:00, 797.34it/s]

  0%|          | 0/4960 [00:00<?, ?it/s]
 26%|██▌       | 1297/4960 [00:00<00:00, 12961.02it/s]
 52%|█████▏    | 2594/4960 [00:00<00:00, 12819.39it/s]
 79%|███████▉  | 3932/4960 [00:00<00:00, 13071.16it/s]
100%|██████████| 4960/4960 [00:00<00:00, 13100.77it/s]

  0%|          | 0/9920 [00:00<?, ?it/s]
 11%|█         | 1076/9920 [00:00<00:00, 10739.96it/s]
 22%|██▏       | 2223/9920 [00:00<00:00, 11159.92it/s]
 34%|███▍      | 3384/9920 [00:00<00:00, 11364.02it/s]
 46%|████▌     | 4573/9920 [00:00<00:00, 11568.73it/s]
 59%|█████▉    | 5850/9920 [00:00<00:00, 12000.08it/s]
 72%|███████▏  | 7174/9920 [00:00<00:00, 12418.64it/s]
 86%|████████▌ | 8489/9920 [00:00<00:00, 12654.74it/s]
 98%|█████████▊| 9755/9920 [00:00<00:00, 12048.07it/s]
100%|██████████| 9920/9920 [00:00<00:00, 11906.14it/s]

  0%|          | 0/624 [00:00<?, ?it/s]
100%|██████████| 624/624 [00:00<00:00, 14842.13it/s]

  0%|          | 0/1248 [00:00<?, ?it/s]
100%|██████████| 1248/1248 [00:00<00:00, 14223.62it/s]

  0%|          | 0/624 [00:00<?, ?it/s]
100%|██████████| 624/624 [00:00<00:00, 13114.03it/s]

  0%|          | 0/1248 [00:00<?, ?it/s]
100%|██████████| 1248/1248 [00:00<00:00, 12992.33it/s]

  0%|          | 0/624 [00:00<?, ?it/s]
100%|██████████| 624/624 [00:00<00:00, 14057.91it/s]

  0%|          | 0/1248 [00:00<?, ?it/s]
 96%|█████████▌| 1193/1248 [00:00<00:00, 11926.83it/s]
100%|██████████| 1248/1248 [00:00<00:00, 11954.91it/s]

  0%|          | 0/1248 [00:00<?, ?it/s]
 99%|█████████▉| 1233/1248 [00:00<00:00, 12319.50it/s]
100%|██████████| 1248/1248 [00:00<00:00, 12248.49it/s]

  0%|          | 0/2496 [00:00<?, ?it/s]
 56%|█████▌    | 1392/2496 [00:00<00:00, 13913.48it/s]
100%|██████████| 2496/2496 [00:00<00:00, 14474.36it/s]

  0%|          | 0/2496 [00:00<?, ?it/s]
 44%|████▍     | 1092/2496 [00:00<00:00, 10913.92it/s]
100%|█████████▉| 2490/2496 [00:00<00:00, 12716.02it/s]
100%|██████████| 2496/2496 [00:00<00:00, 12443.89it/s]

  0%|          | 0/4992 [00:00<?, ?it/s]
 23%|██▎       | 1150/4992 [00:00<00:00, 11489.16it/s]
 48%|████▊     | 2420/4992 [00:00<00:00, 12195.70it/s]
 77%|███████▋  | 3864/4992 [00:00<00:00, 13216.94it/s]
100%|██████████| 4992/4992 [00:00<00:00, 13199.54it/s]

  0%|          | 0/9984 [00:00<?, ?it/s]
 13%|█▎        | 1322/9984 [00:00<00:00, 13219.26it/s]
 26%|██▋       | 2644/9984 [00:00<00:00, 13117.20it/s]
 40%|███▉      | 3956/9984 [00:00<00:00, 13014.99it/s]
 54%|█████▍    | 5379/9984 [00:00<00:00, 13489.51it/s]
 67%|██████▋   | 6729/9984 [00:00<00:00, 12960.85it/s]
 80%|████████  | 8029/9984 [00:00<00:00, 12099.68it/s]
 95%|█████████▍| 9463/9984 [00:00<00:00, 12783.09it/s]
100%|██████████| 9984/9984 [00:00<00:00, 12936.43it/s]

  0%|          | 0/628 [00:00<?, ?it/s]
100%|██████████| 628/628 [00:00<00:00, 16270.55it/s]

  0%|          | 0/1256 [00:00<?, ?it/s]
100%|██████████| 1256/1256 [00:00<00:00, 14696.86it/s]

  0%|          | 0/628 [00:00<?, ?it/s]
100%|██████████| 628/628 [00:00<00:00, 15022.20it/s]

  0%|          | 0/1256 [00:00<?, ?it/s]
100%|██████████| 1256/1256 [00:00<00:00, 12927.62it/s]

  0%|          | 0/628 [00:00<?, ?it/s]
100%|██████████| 628/628 [00:00<00:00, 13133.34it/s]

  0%|          | 0/1256 [00:00<?, ?it/s]
100%|██████████| 1256/1256 [00:00<00:00, 13465.76it/s]

  0%|          | 0/1256 [00:00<?, ?it/s]
100%|██████████| 1256/1256 [00:00<00:00, 13223.11it/s]

  0%|          | 0/2512 [00:00<?, ?it/s]
 51%|█████     | 1271/2512 [00:00<00:00, 12707.98it/s]
100%|██████████| 2512/2512 [00:00<00:00, 13633.94it/s]

  0%|          | 0/2512 [00:00<?, ?it/s]
 43%|████▎     | 1092/2512 [00:00<00:00, 10916.81it/s]
100%|██████████| 2512/2512 [00:00<00:00, 12599.77it/s]

  0%|          | 0/5024 [00:00<?, ?it/s]
 25%|██▌       | 1273/5024 [00:00<00:00, 12728.49it/s]
 51%|█████     | 2546/5024 [00:00<00:00, 12504.07it/s]
 80%|███████▉  | 3997/5024 [00:00<00:00, 13408.32it/s]
100%|██████████| 5024/5024 [00:00<00:00, 13209.16it/s]

  0%|          | 0/10048 [00:00<?, ?it/s]
 13%|█▎        | 1303/10048 [00:00<00:00, 13024.67it/s]
 26%|██▌       | 2606/10048 [00:00<00:00, 12941.96it/s]
 39%|███▉      | 3901/10048 [00:00<00:00, 12862.86it/s]
 52%|█████▏    | 5223/10048 [00:00<00:00, 13001.48it/s]
 66%|██████▋   | 6658/10048 [00:00<00:00, 13483.67it/s]
 80%|███████▉  | 8007/10048 [00:00<00:00, 13285.86it/s]
 93%|█████████▎| 9354/10048 [00:00<00:00, 13343.99it/s]
100%|██████████| 10048/10048 [00:00<00:00, 13318.85it/s]

  0%|          | 0/632 [00:00<?, ?it/s]
100%|██████████| 632/632 [00:00<00:00, 13236.00it/s]

  0%|          | 0/1264 [00:00<?, ?it/s]
100%|██████████| 1264/1264 [00:00<00:00, 16131.55it/s]

  0%|          | 0/632 [00:00<?, ?it/s]
100%|██████████| 632/632 [00:00<00:00, 15326.80it/s]

  0%|          | 0/1264 [00:00<?, ?it/s]
 97%|█████████▋| 1225/1264 [00:00<00:00, 12239.30it/s]
100%|██████████| 1264/1264 [00:00<00:00, 12148.71it/s]

  0%|          | 0/632 [00:00<?, ?it/s]
100%|██████████| 632/632 [00:00<00:00, 14172.60it/s]

  0%|          | 0/1264 [00:00<?, ?it/s]
100%|██████████| 1264/1264 [00:00<00:00, 13542.14it/s]

  0%|          | 0/1264 [00:00<?, ?it/s]
 99%|█████████▉| 1253/1264 [00:00<00:00, 12525.86it/s]
100%|██████████| 1264/1264 [00:00<00:00, 12524.16it/s]

  0%|          | 0/2528 [00:00<?, ?it/s]
 58%|█████▊    | 1465/2528 [00:00<00:00, 14648.69it/s]
100%|██████████| 2528/2528 [00:00<00:00, 14598.18it/s]

  0%|          | 0/2528 [00:00<?, ?it/s]
 60%|██████    | 1525/2528 [00:00<00:00, 15247.32it/s]
100%|██████████| 2528/2528 [00:00<00:00, 14877.95it/s]

  0%|          | 0/5056 [00:00<?, ?it/s]
 24%|██▍       | 1219/5056 [00:00<00:00, 12189.23it/s]
 52%|█████▏    | 2607/5056 [00:00<00:00, 13182.12it/s]
 78%|███████▊  | 3926/5056 [00:00<00:00, 13072.66it/s]
100%|██████████| 5056/5056 [00:00<00:00, 12984.68it/s]

  0%|          | 0/10112 [00:00<?, ?it/s]
 11%|█▏        | 1145/10112 [00:00<00:00, 11432.81it/s]
 23%|██▎       | 2375/10112 [00:00<00:00, 11942.23it/s]
 37%|███▋      | 3712/10112 [00:00<00:00, 12587.58it/s]
 49%|████▉     | 4971/10112 [00:00<00:00, 12113.94it/s]
 61%|██████    | 6185/10112 [00:00<00:00, 12091.36it/s]
 73%|███████▎  | 7396/10112 [00:00<00:00, 11964.31it/s]
 85%|████████▌ | 8630/10112 [00:00<00:00, 12084.21it/s]
 97%|█████████▋| 9840/10112 [00:00<00:00, 12084.31it/s]
100%|██████████| 10112/10112 [00:00<00:00, 12076.28it/s]

  0%|          | 0/636 [00:00<?, ?it/s]
100%|██████████| 636/636 [00:00<00:00, 11187.48it/s]

  0%|          | 0/1272 [00:00<?, ?it/s]
100%|██████████| 1272/1272 [00:00<00:00, 16546.96it/s]

  0%|          | 0/636 [00:00<?, ?it/s]
100%|██████████| 636/636 [00:00<00:00, 15916.43it/s]

  0%|          | 0/1272 [00:00<?, ?it/s]
100%|██████████| 1272/1272 [00:00<00:00, 15661.41it/s]

  0%|          | 0/636 [00:00<?, ?it/s]
100%|██████████| 636/636 [00:00<00:00, 12740.36it/s]

  0%|          | 0/1272 [00:00<?, ?it/s]
100%|██████████| 1272/1272 [00:00<00:00, 15653.97it/s]

  0%|          | 0/1272 [00:00<?, ?it/s]
 98%|█████████▊| 1249/1272 [00:00<00:00, 12488.55it/s]
100%|██████████| 1272/1272 [00:00<00:00, 12536.85it/s]

  0%|          | 0/2544 [00:00<?, ?it/s]
 58%|█████▊    | 1472/2544 [00:00<00:00, 14713.00it/s]
100%|██████████| 2544/2544 [00:00<00:00, 14266.24it/s]

  0%|          | 0/2544 [00:00<?, ?it/s]
 55%|█████▌    | 1406/2544 [00:00<00:00, 14021.14it/s]
100%|██████████| 2544/2544 [00:00<00:00, 14051.73it/s]

  0%|          | 0/5088 [00:00<?, ?it/s]
 29%|██▉       | 1484/5088 [00:00<00:00, 14831.03it/s]
 58%|█████▊    | 2968/5088 [00:00<00:00, 12945.06it/s]
 86%|████████▋ | 4390/5088 [00:00<00:00, 13483.75it/s]
100%|██████████| 5088/5088 [00:00<00:00, 13521.43it/s]

  0%|          | 0/10176 [00:00<?, ?it/s]
 12%|█▏        | 1267/10176 [00:00<00:00, 12667.23it/s]
 25%|██▍       | 2534/10176 [00:00<00:00, 11900.15it/s]
 37%|███▋      | 3781/10176 [00:00<00:00, 12149.48it/s]
 49%|████▉     | 4999/10176 [00:00<00:00, 11961.50it/s]
 62%|██████▏   | 6348/10176 [00:00<00:00, 12497.94it/s]
 76%|███████▌  | 7735/10176 [00:00<00:00, 12956.62it/s]
 89%|████████▉ | 9033/10176 [00:00<00:00, 12784.72it/s]
100%|██████████| 10176/10176 [00:00<00:00, 12535.88it/s]

  0%|          | 0/640 [00:00<?, ?it/s]
100%|██████████| 640/640 [00:00<00:00, 14743.04it/s]

  0%|          | 0/1280 [00:00<?, ?it/s]
100%|██████████| 1280/1280 [00:00<00:00, 13886.52it/s]

  0%|          | 0/640 [00:00<?, ?it/s]
100%|██████████| 640/640 [00:00<00:00, 12930.73it/s]

  0%|          | 0/1280 [00:00<?, ?it/s]
100%|██████████| 1280/1280 [00:00<00:00, 12840.88it/s]

  0%|          | 0/640 [00:00<?, ?it/s]
100%|██████████| 640/640 [00:00<00:00, 12150.47it/s]

  0%|          | 0/1280 [00:00<?, ?it/s]
 96%|█████████▋| 1232/1280 [00:00<00:00, 12314.87it/s]
100%|██████████| 1280/1280 [00:00<00:00, 12374.32it/s]

  0%|          | 0/1280 [00:00<?, ?it/s]
 92%|█████████▏| 1182/1280 [00:00<00:00, 11814.63it/s]
100%|██████████| 1280/1280 [00:00<00:00, 11938.08it/s]

  0%|          | 0/2560 [00:00<?, ?it/s]
 47%|████▋     | 1209/2560 [00:00<00:00, 12085.23it/s]
 98%|█████████▊| 2509/2560 [00:00<00:00, 12621.90it/s]
100%|██████████| 2560/2560 [00:00<00:00, 12606.23it/s]

  0%|          | 0/2560 [00:00<?, ?it/s]
 46%|████▌     | 1179/2560 [00:00<00:00, 11785.43it/s]
 96%|█████████▋| 2464/2560 [00:00<00:00, 12411.17it/s]
100%|██████████| 2560/2560 [00:00<00:00, 12303.94it/s]

  0%|          | 0/5120 [00:00<?, ?it/s]
 24%|██▍       | 1229/5120 [00:00<00:00, 12264.13it/s]
 53%|█████▎    | 2700/5120 [00:00<00:00, 13696.28it/s]
 79%|███████▉  | 4070/5120 [00:00<00:00, 13221.22it/s]
100%|██████████| 5120/5120 [00:00<00:00, 12997.43it/s]

  0%|          | 0/10240 [00:00<?, ?it/s]
 11%|█         | 1129/10240 [00:00<00:00, 11288.07it/s]
 23%|██▎       | 2365/10240 [00:00<00:00, 11910.80it/s]
 35%|███▌      | 3612/10240 [00:00<00:00, 12162.17it/s]
 47%|████▋     | 4829/10240 [00:00<00:00, 11528.69it/s]
 58%|█████▊    | 5987/10240 [00:00<00:00, 11080.23it/s]
 71%|███████   | 7282/10240 [00:00<00:00, 11681.95it/s]
 83%|████████▎ | 8457/10240 [00:00<00:00, 11593.17it/s]
 94%|█████████▍| 9675/10240 [00:00<00:00, 11774.15it/s]
100%|██████████| 10240/10240 [00:00<00:00, 11587.63it/s]

  0%|          | 0/644 [00:00<?, ?it/s]
100%|██████████| 644/644 [00:00<00:00, 16503.22it/s]

  0%|          | 0/1288 [00:00<?, ?it/s]
100%|██████████| 1288/1288 [00:00<00:00, 14039.33it/s]

  0%|          | 0/644 [00:00<?, ?it/s]
100%|██████████| 644/644 [00:00<00:00, 12304.66it/s]

  0%|          | 0/1288 [00:00<?, ?it/s]
 97%|█████████▋| 1245/1288 [00:00<00:00, 12444.26it/s]
100%|██████████| 1288/1288 [00:00<00:00, 12410.30it/s]

  0%|          | 0/644 [00:00<?, ?it/s]
100%|██████████| 644/644 [00:00<00:00, 12580.26it/s]

  0%|          | 0/1288 [00:00<?, ?it/s]
100%|██████████| 1288/1288 [00:00<00:00, 12955.47it/s]

  0%|          | 0/1288 [00:00<?, ?it/s]
 96%|█████████▌| 1236/1288 [00:00<00:00, 12351.71it/s]
100%|██████████| 1288/1288 [00:00<00:00, 11946.07it/s]

  0%|          | 0/2576 [00:00<?, ?it/s]
 48%|████▊     | 1233/2576 [00:00<00:00, 12327.60it/s]
 96%|█████████▋| 2483/2576 [00:00<00:00, 12426.78it/s]
100%|██████████| 2576/2576 [00:00<00:00, 12528.86it/s]

  0%|          | 0/2576 [00:00<?, ?it/s]
 52%|█████▏    | 1327/2576 [00:00<00:00, 13017.62it/s]
100%|██████████| 2576/2576 [00:00<00:00, 13521.45it/s]

  0%|          | 0/5152 [00:00<?, ?it/s]
 24%|██▍       | 1235/5152 [00:00<00:00, 12346.01it/s]
 48%|████▊     | 2484/5152 [00:00<00:00, 12428.35it/s]
 72%|███████▏  | 3727/5152 [00:00<00:00, 11539.81it/s]
100%|██████████| 5152/5152 [00:00<00:00, 12392.50it/s]

  0%|          | 0/10304 [00:00<?, ?it/s]
 11%|█         | 1138/10304 [00:00<00:00, 11378.19it/s]
 23%|██▎       | 2336/10304 [00:00<00:00, 11731.34it/s]
 34%|███▍      | 3510/10304 [00:00<00:00, 11388.13it/s]
 48%|████▊     | 4950/10304 [00:00<00:00, 12553.36it/s]
 60%|██████    | 6209/10304 [00:00<00:00, 11582.19it/s]
 72%|███████▏  | 7381/10304 [00:00<00:00, 11359.07it/s]
 83%|████████▎ | 8588/10304 [00:00<00:00, 11577.64it/s]
 96%|█████████▌| 9874/10304 [00:00<00:00, 11968.97it/s]
100%|██████████| 10304/10304 [00:00<00:00, 11726.23it/s]

  0%|          | 0/648 [00:00<?, ?it/s]
100%|██████████| 648/648 [00:00<00:00, 14697.91it/s]

  0%|          | 0/1296 [00:00<?, ?it/s]
100%|██████████| 1296/1296 [00:00<00:00, 13778.97it/s]

  0%|          | 0/648 [00:00<?, ?it/s]
100%|██████████| 648/648 [00:00<00:00, 13628.11it/s]

  0%|          | 0/1296 [00:00<?, ?it/s]
100%|██████████| 1296/1296 [00:00<00:00, 14545.40it/s]

  0%|          | 0/648 [00:00<?, ?it/s]
100%|██████████| 648/648 [00:00<00:00, 14230.71it/s]

  0%|          | 0/1296 [00:00<?, ?it/s]
 98%|█████████▊| 1272/1296 [00:00<00:00, 12701.12it/s]
100%|██████████| 1296/1296 [00:00<00:00, 12623.88it/s]

  0%|          | 0/1296 [00:00<?, ?it/s]
 98%|█████████▊| 1273/1296 [00:00<00:00, 12727.98it/s]
100%|██████████| 1296/1296 [00:00<00:00, 12773.54it/s]

  0%|          | 0/2592 [00:00<?, ?it/s]
 54%|█████▍    | 1403/2592 [00:00<00:00, 14008.37it/s]
100%|██████████| 2592/2592 [00:00<00:00, 13231.97it/s]

  0%|          | 0/2592 [00:00<?, ?it/s]
 55%|█████▌    | 1428/2592 [00:00<00:00, 14272.66it/s]
100%|██████████| 2592/2592 [00:00<00:00, 14699.92it/s]

  0%|          | 0/5184 [00:00<?, ?it/s]
 26%|██▌       | 1350/5184 [00:00<00:00, 13497.25it/s]
 52%|█████▏    | 2700/5184 [00:00<00:00, 13293.53it/s]
 80%|███████▉  | 4126/5184 [00:00<00:00, 13718.59it/s]
100%|██████████| 5184/5184 [00:00<00:00, 13312.10it/s]

  0%|          | 0/10368 [00:00<?, ?it/s]
 11%|█         | 1107/10368 [00:00<00:00, 11058.99it/s]
 22%|██▏       | 2316/10368 [00:00<00:00, 11660.34it/s]
 34%|███▍      | 3507/10368 [00:00<00:00, 11771.44it/s]
 45%|████▌     | 4685/10368 [00:00<00:00, 11744.25it/s]
 57%|█████▋    | 5860/10368 [00:00<00:00, 11673.79it/s]
 68%|██████▊   | 7040/10368 [00:00<00:00, 11711.96it/s]
 80%|███████▉  | 8244/10368 [00:00<00:00, 11816.40it/s]
 91%|█████████ | 9426/10368 [00:00<00:00, 11547.90it/s]
100%|██████████| 10368/10368 [00:00<00:00, 11665.91it/s]

  0%|          | 0/652 [00:00<?, ?it/s]
100%|██████████| 652/652 [00:00<00:00, 12531.73it/s]

  0%|          | 0/1304 [00:00<?, ?it/s]
100%|██████████| 1304/1304 [00:00<00:00, 14766.72it/s]

  0%|          | 0/652 [00:00<?, ?it/s]
100%|██████████| 652/652 [00:00<00:00, 13448.70it/s]

  0%|          | 0/1304 [00:00<?, ?it/s]
100%|██████████| 1304/1304 [00:00<00:00, 14572.09it/s]

  0%|          | 0/652 [00:00<?, ?it/s]
100%|██████████| 652/652 [00:00<00:00, 13702.00it/s]

  0%|          | 0/1304 [00:00<?, ?it/s]
100%|██████████| 1304/1304 [00:00<00:00, 14036.81it/s]

  0%|          | 0/1304 [00:00<?, ?it/s]
 93%|█████████▎| 1208/1304 [00:00<00:00, 12047.81it/s]
100%|██████████| 1304/1304 [00:00<00:00, 11944.21it/s]

  0%|          | 0/2608 [00:00<?, ?it/s]
 52%|█████▏    | 1352/2608 [00:00<00:00, 13510.38it/s]
100%|██████████| 2608/2608 [00:00<00:00, 14447.66it/s]

  0%|          | 0/2608 [00:00<?, ?it/s]
 49%|████▉     | 1276/2608 [00:00<00:00, 12747.28it/s]
100%|██████████| 2608/2608 [00:00<00:00, 13532.71it/s]

  0%|          | 0/5216 [00:00<?, ?it/s]
 21%|██        | 1092/5216 [00:00<00:00, 10918.29it/s]
 44%|████▍     | 2298/5216 [00:00<00:00, 11584.08it/s]
 66%|██████▋   | 3457/5216 [00:00<00:00, 11292.02it/s]
 90%|████████▉ | 4674/5216 [00:00<00:00, 11631.50it/s]
100%|██████████| 5216/5216 [00:00<00:00, 11710.69it/s]

  0%|          | 0/10432 [00:00<?, ?it/s]
 11%|█         | 1173/10432 [00:00<00:00, 11720.43it/s]
 22%|██▏       | 2346/10432 [00:00<00:00, 10885.67it/s]
 33%|███▎      | 3484/10432 [00:00<00:00, 11100.07it/s]
 44%|████▍     | 4598/10432 [00:00<00:00, 10082.22it/s]
 54%|█████▍    | 5672/10432 [00:00<00:00, 10297.78it/s]
 64%|██████▍   | 6712/10432 [00:00<00:00, 9920.62it/s] 
 74%|███████▍  | 7712/10432 [00:00<00:00, 9847.17it/s]
 83%|████████▎ | 8702/10432 [00:00<00:00, 6995.77it/s]
 91%|█████████ | 9511/10432 [00:01<00:00, 3800.27it/s]
 97%|█████████▋| 10119/10432 [00:01<00:00, 3616.96it/s]
100%|██████████| 10432/10432 [00:01<00:00, 5561.66it/s]

  0%|          | 0/656 [00:00<?, ?it/s]
100%|██████████| 656/656 [00:00<00:00, 13272.15it/s]

  0%|          | 0/1312 [00:00<?, ?it/s]
100%|██████████| 1312/1312 [00:00<00:00, 14028.99it/s]

  0%|          | 0/656 [00:00<?, ?it/s]
 64%|██████▍   | 419/656 [00:00<00:00, 2179.23it/s]
 97%|█████████▋| 637/656 [00:00<00:00, 1565.60it/s]
100%|██████████| 656/656 [00:00<00:00, 1700.54it/s]

  0%|          | 0/1312 [00:00<?, ?it/s]
 80%|████████  | 1051/1312 [00:00<00:00, 4068.22it/s]
100%|██████████| 1312/1312 [00:00<00:00, 4747.00it/s]

  0%|          | 0/656 [00:00<?, ?it/s]
100%|██████████| 656/656 [00:00<00:00, 13998.73it/s]

  0%|          | 0/1312 [00:00<?, ?it/s]
 82%|████████▏ | 1079/1312 [00:00<00:00, 10784.94it/s]
100%|██████████| 1312/1312 [00:00<00:00, 10276.80it/s]

  0%|          | 0/1312 [00:00<?, ?it/s]
100%|██████████| 1312/1312 [00:00<00:00, 13696.81it/s]

  0%|          | 0/2624 [00:00<?, ?it/s]
 50%|█████     | 1325/2624 [00:00<00:00, 13243.16it/s]
100%|██████████| 2624/2624 [00:00<00:00, 13411.09it/s]

  0%|          | 0/2624 [00:00<?, ?it/s]
 40%|████      | 1062/2624 [00:00<00:00, 10614.92it/s]
 90%|█████████ | 2362/2624 [00:00<00:00, 12009.81it/s]
100%|██████████| 2624/2624 [00:00<00:00, 11585.65it/s]

  0%|          | 0/5248 [00:00<?, ?it/s]
 20%|█▉        | 1043/5248 [00:00<00:00, 10412.31it/s]
 40%|███▉      | 2090/5248 [00:00<00:00, 10441.38it/s]
 62%|██████▏   | 3264/5248 [00:00<00:00, 11031.82it/s]
 85%|████████▌ | 4474/5248 [00:00<00:00, 11448.90it/s]
100%|██████████| 5248/5248 [00:00<00:00, 11577.86it/s]

  0%|          | 0/10496 [00:00<?, ?it/s]
 10%|█         | 1061/10496 [00:00<00:00, 10586.41it/s]
 22%|██▏       | 2267/10496 [00:00<00:00, 11447.19it/s]
 33%|███▎      | 3447/10496 [00:00<00:00, 11576.39it/s]
 44%|████▍     | 4605/10496 [00:00<00:00, 11427.90it/s]
 55%|█████▍    | 5749/10496 [00:00<00:00, 11295.10it/s]
 68%|██████▊   | 7099/10496 [00:00<00:00, 12032.66it/s]
 79%|███████▉  | 8304/10496 [00:00<00:00, 11935.26it/s]
 91%|█████████ | 9523/10496 [00:00<00:00, 12014.81it/s]
100%|██████████| 10496/10496 [00:00<00:00, 11680.31it/s]

  0%|          | 0/660 [00:00<?, ?it/s]
100%|██████████| 660/660 [00:00<00:00, 16125.83it/s]

  0%|          | 0/1320 [00:00<?, ?it/s]
100%|██████████| 1320/1320 [00:00<00:00, 14604.58it/s]

  0%|          | 0/660 [00:00<?, ?it/s]
100%|██████████| 660/660 [00:00<00:00, 12222.03it/s]

  0%|          | 0/1320 [00:00<?, ?it/s]
 98%|█████████▊| 1295/1320 [00:00<00:00, 12948.59it/s]
100%|██████████| 1320/1320 [00:00<00:00, 12916.48it/s]

  0%|          | 0/660 [00:00<?, ?it/s]
100%|██████████| 660/660 [00:00<00:00, 13315.83it/s]

  0%|          | 0/1320 [00:00<?, ?it/s]
100%|██████████| 1320/1320 [00:00<00:00, 13784.89it/s]

  0%|          | 0/1320 [00:00<?, ?it/s]
100%|██████████| 1320/1320 [00:00<00:00, 13680.42it/s]

  0%|          | 0/2640 [00:00<?, ?it/s]
 46%|████▋     | 1221/2640 [00:00<00:00, 12208.59it/s]
 97%|█████████▋| 2558/2640 [00:00<00:00, 12890.28it/s]
100%|██████████| 2640/2640 [00:00<00:00, 12752.64it/s]

  0%|          | 0/2640 [00:00<?, ?it/s]
 45%|████▌     | 1188/2640 [00:00<00:00, 11878.11it/s]
 96%|█████████▌| 2537/2640 [00:00<00:00, 12823.80it/s]
100%|██████████| 2640/2640 [00:00<00:00, 12633.19it/s]

  0%|          | 0/5280 [00:00<?, ?it/s]
 20%|█▉        | 1040/5280 [00:00<00:00, 10382.83it/s]
 44%|████▍     | 2314/5280 [00:00<00:00, 11765.86it/s]
 66%|██████▌   | 3491/5280 [00:00<00:00, 11361.43it/s]
 88%|████████▊ | 4659/5280 [00:00<00:00, 11482.99it/s]
100%|██████████| 5280/5280 [00:00<00:00, 11708.07it/s]

  0%|          | 0/10560 [00:00<?, ?it/s]
 11%|█         | 1122/10560 [00:00<00:00, 11211.88it/s]
 21%|██▏       | 2244/10560 [00:00<00:00, 11096.31it/s]
 32%|███▏      | 3355/10560 [00:00<00:00, 11100.83it/s]
 42%|████▏     | 4466/10560 [00:00<00:00, 11022.39it/s]
 53%|█████▎    | 5623/10560 [00:00<00:00, 11216.03it/s]
 64%|██████▍   | 6745/10560 [00:00<00:00, 10764.77it/s]
 74%|███████▍  | 7858/10560 [00:00<00:00, 10879.52it/s]
 86%|████████▋ | 9120/10560 [00:00<00:00, 11421.13it/s]
 98%|█████████▊| 10385/10560 [00:00<00:00, 11797.74it/s]
100%|██████████| 10560/10560 [00:00<00:00, 11335.81it/s]

  0%|          | 0/664 [00:00<?, ?it/s]
100%|██████████| 664/664 [00:00<00:00, 14030.88it/s]

  0%|          | 0/1328 [00:00<?, ?it/s]
100%|██████████| 1328/1328 [00:00<00:00, 15673.29it/s]

  0%|          | 0/664 [00:00<?, ?it/s]
100%|██████████| 664/664 [00:00<00:00, 13050.63it/s]

  0%|          | 0/1328 [00:00<?, ?it/s]
 93%|█████████▎| 1241/1328 [00:00<00:00, 12409.39it/s]
100%|██████████| 1328/1328 [00:00<00:00, 12579.78it/s]

  0%|          | 0/664 [00:00<?, ?it/s]
100%|██████████| 664/664 [00:00<00:00, 14518.84it/s]

  0%|          | 0/1328 [00:00<?, ?it/s]
100%|██████████| 1328/1328 [00:00<00:00, 13516.78it/s]

  0%|          | 0/1328 [00:00<?, ?it/s]
 76%|███████▋  | 1013/1328 [00:00<00:00, 10125.42it/s]
100%|██████████| 1328/1328 [00:00<00:00, 10256.57it/s]

  0%|          | 0/2656 [00:00<?, ?it/s]
 46%|████▌     | 1214/2656 [00:00<00:00, 12138.65it/s]
 92%|█████████▏| 2435/2656 [00:00<00:00, 12172.48it/s]
100%|██████████| 2656/2656 [00:00<00:00, 12045.94it/s]

  0%|          | 0/2656 [00:00<?, ?it/s]
 38%|███▊      | 1022/2656 [00:00<00:00, 10212.75it/s]
 81%|████████▏ | 2163/2656 [00:00<00:00, 10909.05it/s]
100%|██████████| 2656/2656 [00:00<00:00, 10402.88it/s]

  0%|          | 0/5312 [00:00<?, ?it/s]
 21%|██        | 1119/5312 [00:00<00:00, 11186.20it/s]
 46%|████▌     | 2447/5312 [00:00<00:00, 12415.38it/s]
 69%|██████▉   | 3689/5312 [00:00<00:00, 12384.47it/s]
 94%|█████████▍| 5015/5312 [00:00<00:00, 12727.57it/s]
100%|██████████| 5312/5312 [00:00<00:00, 12593.68it/s]

  0%|          | 0/10624 [00:00<?, ?it/s]
 10%|█         | 1094/10624 [00:00<00:00, 10934.80it/s]
 21%|██▏       | 2284/10624 [00:00<00:00, 11501.93it/s]
 33%|███▎      | 3528/10624 [00:00<00:00, 11929.87it/s]
 46%|████▋     | 4926/10624 [00:00<00:00, 12738.24it/s]
 58%|█████▊    | 6203/10624 [00:00<00:00, 12744.23it/s]
 70%|███████   | 7478/10624 [00:03<00:02, 1163.00it/s] 
 82%|████████▏ | 8737/10624 [00:03<00:01, 1647.73it/s]
 94%|█████████▍| 9967/10624 [00:03<00:00, 2256.22it/s]
100%|██████████| 10624/10624 [00:03<00:00, 2801.08it/s]

  0%|          | 0/668 [00:00<?, ?it/s]
100%|██████████| 668/668 [00:00<00:00, 13136.08it/s]

  0%|          | 0/1336 [00:00<?, ?it/s]
100%|██████████| 1336/1336 [00:00<00:00, 13876.32it/s]

  0%|          | 0/668 [00:00<?, ?it/s]
100%|██████████| 668/668 [00:00<00:00, 12028.12it/s]

  0%|          | 0/1336 [00:00<?, ?it/s]
100%|██████████| 1336/1336 [00:00<00:00, 13942.33it/s]

  0%|          | 0/668 [00:00<?, ?it/s]
100%|██████████| 668/668 [00:00<00:00, 10503.33it/s]

  0%|          | 0/1336 [00:00<?, ?it/s]
100%|██████████| 1336/1336 [00:00<00:00, 15224.04it/s]

  0%|          | 0/1336 [00:00<?, ?it/s]
 86%|████████▌ | 1152/1336 [00:00<00:00, 11510.54it/s]
100%|██████████| 1336/1336 [00:00<00:00, 11721.84it/s]

  0%|          | 0/2672 [00:00<?, ?it/s]
 40%|███▉      | 1067/2672 [00:00<00:00, 10664.92it/s]
 87%|████████▋ | 2314/2672 [00:00<00:00, 11724.12it/s]
100%|██████████| 2672/2672 [00:00<00:00, 11751.08it/s]

  0%|          | 0/2672 [00:00<?, ?it/s]
 41%|████▏     | 1108/2672 [00:00<00:00, 11076.58it/s]
 88%|████████▊ | 2344/2672 [00:00<00:00, 11828.13it/s]
100%|██████████| 2672/2672 [00:00<00:00, 11647.84it/s]

  0%|          | 0/5344 [00:00<?, ?it/s]
 17%|█▋        | 926/5344 [00:00<00:00, 9250.26it/s]
 40%|███▉      | 2123/5344 [00:00<00:00, 10847.28it/s]
 60%|██████    | 3208/5344 [00:00<00:00, 10439.83it/s]
 83%|████████▎ | 4423/5344 [00:00<00:00, 11098.57it/s]
100%|██████████| 5344/5344 [00:00<00:00, 11117.32it/s]

  0%|          | 0/10688 [00:00<?, ?it/s]
 10%|▉         | 1045/10688 [00:00<00:00, 10437.49it/s]
 20%|█▉        | 2089/10688 [00:00<00:00, 10437.86it/s]
 30%|███       | 3236/10688 [00:00<00:00, 10899.77it/s]
 41%|████▏     | 4417/10688 [00:00<00:00, 11256.78it/s]
 53%|█████▎    | 5634/10688 [00:00<00:00, 11583.09it/s]
 64%|██████▎   | 6793/10688 [00:00<00:00, 11268.38it/s]
 76%|███████▋  | 8156/10688 [00:00<00:00, 12024.69it/s]
 88%|████████▊ | 9361/10688 [00:00<00:00, 10127.33it/s]
 98%|█████████▊| 10489/10688 [00:00<00:00, 10443.00it/s]
100%|██████████| 10688/10688 [00:00<00:00, 10797.93it/s]

  0%|          | 0/672 [00:00<?, ?it/s]
100%|██████████| 672/672 [00:00<00:00, 12904.43it/s]

  0%|          | 0/1344 [00:00<?, ?it/s]
100%|██████████| 1344/1344 [00:00<00:00, 14998.91it/s]

  0%|          | 0/672 [00:00<?, ?it/s]
100%|██████████| 672/672 [00:00<00:00, 11653.16it/s]

  0%|          | 0/1344 [00:00<?, ?it/s]
 91%|█████████▏| 1228/1344 [00:00<00:00, 12269.04it/s]
100%|██████████| 1344/1344 [00:00<00:00, 12257.70it/s]

  0%|          | 0/672 [00:00<?, ?it/s]
100%|██████████| 672/672 [00:00<00:00, 12427.79it/s]

  0%|          | 0/1344 [00:00<?, ?it/s]
 91%|█████████ | 1225/1344 [00:00<00:00, 12241.96it/s]
100%|██████████| 1344/1344 [00:00<00:00, 12019.86it/s]

  0%|          | 0/1344 [00:00<?, ?it/s]
100%|██████████| 1344/1344 [00:00<00:00, 13819.34it/s]

  0%|          | 0/2688 [00:00<?, ?it/s]
 40%|████      | 1078/2688 [00:00<00:00, 10777.75it/s]
 83%|████████▎ | 2241/2688 [00:00<00:00, 11277.68it/s]
100%|██████████| 2688/2688 [00:00<00:00, 11600.39it/s]

  0%|          | 0/2688 [00:00<?, ?it/s]
 44%|████▍     | 1191/2688 [00:00<00:00, 11902.60it/s]
 89%|████████▉ | 2388/2688 [00:00<00:00, 11938.88it/s]
100%|██████████| 2688/2688 [00:00<00:00, 11838.02it/s]

  0%|          | 0/5376 [00:00<?, ?it/s]
 21%|██        | 1109/5376 [00:00<00:00, 11082.24it/s]
 45%|████▍     | 2407/5376 [00:00<00:00, 12196.39it/s]
 69%|██████▊   | 3694/5376 [00:00<00:00, 12503.15it/s]
 95%|█████████▍| 5101/5376 [00:00<00:00, 13120.42it/s]
100%|██████████| 5376/5376 [00:00<00:00, 12605.40it/s]

  0%|          | 0/10752 [00:00<?, ?it/s]
 12%|█▏        | 1254/10752 [00:00<00:00, 12534.45it/s]
 23%|██▎       | 2508/10752 [00:00<00:00, 11825.59it/s]
 36%|███▌      | 3828/10752 [00:00<00:00, 12428.52it/s]
 49%|████▉     | 5265/10752 [00:00<00:00, 13177.02it/s]
 61%|██████▏   | 6590/10752 [00:00<00:00, 13201.73it/s]
 76%|███████▌  | 8165/10752 [00:00<00:00, 14058.97it/s]
 89%|████████▉ | 9574/10752 [00:00<00:00, 13569.03it/s]
100%|██████████| 10752/10752 [00:00<00:00, 13132.01it/s]

  0%|          | 0/676 [00:00<?, ?it/s]
100%|██████████| 676/676 [00:00<00:00, 14704.95it/s]

  0%|          | 0/1352 [00:00<?, ?it/s]
100%|██████████| 1352/1352 [00:00<00:00, 15738.13it/s]

  0%|          | 0/676 [00:00<?, ?it/s]
100%|██████████| 676/676 [00:00<00:00, 15373.91it/s]

  0%|          | 0/1352 [00:00<?, ?it/s]
100%|██████████| 1352/1352 [00:00<00:00, 14401.70it/s]

  0%|          | 0/676 [00:00<?, ?it/s]
100%|██████████| 676/676 [00:00<00:00, 12104.31it/s]

  0%|          | 0/1352 [00:00<?, ?it/s]
 93%|█████████▎| 1258/1352 [00:00<00:00, 12566.83it/s]
100%|██████████| 1352/1352 [00:00<00:00, 12372.28it/s]

  0%|          | 0/1352 [00:00<?, ?it/s]
 95%|█████████▍| 1278/1352 [00:00<00:00, 12773.83it/s]
100%|██████████| 1352/1352 [00:00<00:00, 12821.63it/s]

  0%|          | 0/2704 [00:00<?, ?it/s]
 46%|████▋     | 1256/2704 [00:00<00:00, 12548.55it/s]
 99%|█████████▉| 2688/2704 [00:00<00:00, 13586.81it/s]
100%|██████████| 2704/2704 [00:00<00:00, 13446.07it/s]

  0%|          | 0/2704 [00:00<?, ?it/s]
 45%|████▌     | 1228/2704 [00:00<00:00, 12278.40it/s]
 92%|█████████▏| 2479/2704 [00:00<00:00, 12403.99it/s]
100%|██████████| 2704/2704 [00:00<00:00, 12268.54it/s]

  0%|          | 0/5408 [00:00<?, ?it/s]
 19%|█▉        | 1026/5408 [00:00<00:00, 10256.20it/s]
 42%|████▏     | 2261/5408 [00:00<00:00, 11485.94it/s]
 66%|██████▋   | 3587/5408 [00:00<00:00, 12295.62it/s]
 90%|████████▉ | 4852/5408 [00:00<00:00, 12434.39it/s]
100%|██████████| 5408/5408 [00:00<00:00, 12133.54it/s]

  0%|          | 0/10816 [00:00<?, ?it/s]
 14%|█▍        | 1549/10816 [00:00<00:00, 15485.03it/s]
 29%|██▊       | 3098/10816 [00:00<00:00, 15240.44it/s]
 43%|████▎     | 4623/10816 [00:00<00:00, 13967.45it/s]
 56%|█████▌    | 6031/10816 [00:00<00:00, 13321.90it/s]
 68%|██████▊   | 7372/10816 [00:00<00:00, 13017.67it/s]
 82%|████████▏ | 8844/10816 [00:00<00:00, 13558.06it/s]
 95%|█████████▍| 10237/10816 [00:00<00:00, 13674.00it/s]
100%|██████████| 10816/10816 [00:00<00:00, 13547.35it/s]

  0%|          | 0/680 [00:00<?, ?it/s]
100%|██████████| 680/680 [00:00<00:00, 12969.05it/s]

  0%|          | 0/1360 [00:00<?, ?it/s]
 86%|████████▋ | 1173/1360 [00:00<00:00, 11718.89it/s]
100%|██████████| 1360/1360 [00:00<00:00, 11792.01it/s]

  0%|          | 0/680 [00:00<?, ?it/s]
100%|██████████| 680/680 [00:00<00:00, 12979.08it/s]

  0%|          | 0/1360 [00:00<?, ?it/s]
 96%|█████████▋| 1310/1360 [00:00<00:00, 13098.01it/s]
100%|██████████| 1360/1360 [00:00<00:00, 12993.77it/s]

  0%|          | 0/680 [00:00<?, ?it/s]
100%|██████████| 680/680 [00:00<00:00, 11171.36it/s]

  0%|          | 0/1360 [00:00<?, ?it/s]
 96%|█████████▋| 1311/1360 [00:00<00:00, 13103.45it/s]
100%|██████████| 1360/1360 [00:00<00:00, 13093.90it/s]

  0%|          | 0/1360 [00:00<?, ?it/s]
 86%|████████▌ | 1169/1360 [00:00<00:00, 11684.08it/s]
100%|██████████| 1360/1360 [00:00<00:00, 11294.37it/s]

  0%|          | 0/2720 [00:00<?, ?it/s]
 42%|████▏     | 1145/2720 [00:00<00:00, 11442.35it/s]
 97%|█████████▋| 2650/2720 [00:00<00:00, 13562.59it/s]
100%|██████████| 2720/2720 [00:00<00:00, 13291.16it/s]

  0%|          | 0/2720 [00:00<?, ?it/s]
 47%|████▋     | 1271/2720 [00:00<00:00, 12700.11it/s]
 95%|█████████▌| 2597/2720 [00:00<00:00, 13026.89it/s]
100%|██████████| 2720/2720 [00:00<00:00, 12847.97it/s]

  0%|          | 0/5440 [00:00<?, ?it/s]
 20%|█▉        | 1085/5440 [00:00<00:00, 10831.11it/s]
 40%|███▉      | 2169/5440 [00:00<00:00, 10617.53it/s]
 63%|██████▎   | 3414/5440 [00:00<00:00, 11443.42it/s]
 86%|████████▌ | 4670/5440 [00:00<00:00, 11879.76it/s]
100%|██████████| 5440/5440 [00:00<00:00, 11895.53it/s]

  0%|          | 0/10880 [00:00<?, ?it/s]
 10%|█         | 1098/10880 [00:00<00:00, 10972.19it/s]
 20%|██        | 2196/10880 [00:00<00:00, 10855.23it/s]
 30%|███       | 3284/10880 [00:00<00:00, 10863.90it/s]
 40%|████      | 4371/10880 [00:00<00:00, 10831.60it/s]
 52%|█████▏    | 5652/10880 [00:00<00:00, 11400.69it/s]
 63%|██████▎   | 6831/10880 [00:00<00:00, 11530.59it/s]
 73%|███████▎  | 7984/10880 [00:00<00:00, 11198.20it/s]
 85%|████████▍ | 9197/10880 [00:00<00:00, 11486.96it/s]
 95%|█████████▌| 10348/10880 [00:00<00:00, 11123.05it/s]
100%|██████████| 10880/10880 [00:00<00:00, 11248.43it/s]

  0%|          | 0/684 [00:00<?, ?it/s]
100%|██████████| 684/684 [00:00<00:00, 16273.96it/s]

  0%|          | 0/1368 [00:00<?, ?it/s]
100%|██████████| 1368/1368 [00:00<00:00, 15009.08it/s]

  0%|          | 0/684 [00:00<?, ?it/s]
100%|██████████| 684/684 [00:00<00:00, 16093.84it/s]

  0%|          | 0/1368 [00:00<?, ?it/s]
100%|██████████| 1368/1368 [00:00<00:00, 15599.12it/s]

  0%|          | 0/684 [00:00<?, ?it/s]
100%|██████████| 684/684 [00:00<00:00, 15594.84it/s]

  0%|          | 0/1368 [00:00<?, ?it/s]
 97%|█████████▋| 1324/1368 [00:00<00:00, 13235.82it/s]
100%|██████████| 1368/1368 [00:00<00:00, 13313.95it/s]

  0%|          | 0/1368 [00:00<?, ?it/s]
 83%|████████▎ | 1135/1368 [00:00<00:00, 11344.17it/s]
100%|██████████| 1368/1368 [00:00<00:00, 11751.30it/s]

  0%|          | 0/2736 [00:00<?, ?it/s]
 37%|███▋      | 1006/2736 [00:00<00:00, 10054.83it/s]
 78%|███████▊  | 2130/2736 [00:00<00:00, 10748.05it/s]
100%|██████████| 2736/2736 [00:00<00:00, 10556.59it/s]

  0%|          | 0/2736 [00:00<?, ?it/s]
 43%|████▎     | 1185/2736 [00:00<00:00, 11840.78it/s]
 87%|████████▋ | 2370/2736 [00:00<00:00, 11171.98it/s]
100%|██████████| 2736/2736 [00:00<00:00, 11392.22it/s]

  0%|          | 0/5472 [00:00<?, ?it/s]
 19%|█▊        | 1021/5472 [00:00<00:00, 10205.63it/s]
 40%|███▉      | 2173/5472 [00:00<00:00, 10975.21it/s]
 61%|██████    | 3332/5472 [00:00<00:00, 11253.78it/s]
 82%|████████▏ | 4460/5472 [00:00<00:00, 11259.34it/s]
100%|██████████| 5472/5472 [00:00<00:00, 11561.47it/s]

  0%|          | 0/10944 [00:00<?, ?it/s]
 10%|█         | 1098/10944 [00:00<00:00, 10975.93it/s]
 21%|██        | 2304/10944 [00:00<00:00, 11602.30it/s]
 32%|███▏      | 3465/10944 [00:00<00:00, 11457.14it/s]
 42%|████▏     | 4611/10944 [00:00<00:00, 10721.65it/s]
 53%|█████▎    | 5854/10944 [00:00<00:00, 11304.15it/s]
 64%|██████▍   | 6992/10944 [00:00<00:00, 11052.69it/s]
 74%|███████▍  | 8108/10944 [00:00<00:00, 11083.77it/s]
 84%|████████▍ | 9220/10944 [00:00<00:00, 11040.26it/s]
 96%|█████████▌| 10483/10944 [00:00<00:00, 11525.49it/s]
100%|██████████| 10944/10944 [00:00<00:00, 11346.83it/s]

  0%|          | 0/688 [00:00<?, ?it/s]
100%|██████████| 688/688 [00:00<00:00, 13906.56it/s]

  0%|          | 0/1376 [00:00<?, ?it/s]
100%|██████████| 1376/1376 [00:00<00:00, 14007.82it/s]

  0%|          | 0/688 [00:00<?, ?it/s]
100%|██████████| 688/688 [00:00<00:00, 13413.04it/s]

  0%|          | 0/1376 [00:00<?, ?it/s]
100%|█████████▉| 1371/1376 [00:00<00:00, 13702.76it/s]
100%|██████████| 1376/1376 [00:00<00:00, 13662.49it/s]

  0%|          | 0/688 [00:00<?, ?it/s]
100%|██████████| 688/688 [00:00<00:00, 11729.98it/s]

  0%|          | 0/1376 [00:00<?, ?it/s]
 98%|█████████▊| 1349/1376 [00:00<00:00, 13484.03it/s]
100%|██████████| 1376/1376 [00:00<00:00, 13491.33it/s]

  0%|          | 0/1376 [00:00<?, ?it/s]
 75%|███████▍  | 1026/1376 [00:00<00:00, 10256.22it/s]
100%|██████████| 1376/1376 [00:00<00:00, 8886.72it/s] 

  0%|          | 0/2752 [00:00<?, ?it/s]
 42%|████▏     | 1144/2752 [00:00<00:00, 11427.59it/s]
 90%|████████▉ | 2465/2752 [00:00<00:00, 12472.89it/s]
100%|██████████| 2752/2752 [00:00<00:00, 12408.02it/s]

  0%|          | 0/2752 [00:00<?, ?it/s]
 40%|███▉      | 1090/2752 [00:00<00:00, 10849.83it/s]
 87%|████████▋ | 2387/2752 [00:00<00:00, 12092.71it/s]
100%|██████████| 2752/2752 [00:00<00:00, 11785.30it/s]

  0%|          | 0/5504 [00:00<?, ?it/s]
 19%|█▉        | 1059/5504 [00:00<00:00, 10588.17it/s]
 42%|████▏     | 2327/5504 [00:00<00:00, 11817.38it/s]
 64%|██████▍   | 3509/5504 [00:00<00:00, 11817.80it/s]
 89%|████████▉ | 4905/5504 [00:00<00:00, 12659.64it/s]
100%|██████████| 5504/5504 [00:00<00:00, 12036.20it/s]

  0%|          | 0/11008 [00:00<?, ?it/s]
 11%|█         | 1160/11008 [00:00<00:00, 11596.53it/s]
 22%|██▏       | 2397/11008 [00:00<00:00, 12049.23it/s]
 33%|███▎      | 3621/11008 [00:00<00:00, 12133.14it/s]
 44%|████▍     | 4851/11008 [00:00<00:00, 12197.81it/s]
 55%|█████▌    | 6071/11008 [00:00<00:00, 12078.10it/s]
 66%|██████▌   | 7280/11008 [00:00<00:00, 11960.81it/s]
 79%|███████▉  | 8673/11008 [00:00<00:00, 12596.27it/s]
 90%|█████████ | 9934/11008 [00:00<00:00, 12337.90it/s]
100%|██████████| 11008/11008 [00:00<00:00, 12183.81it/s]

  0%|          | 0/692 [00:00<?, ?it/s]
100%|██████████| 692/692 [00:00<00:00, 14598.42it/s]

  0%|          | 0/1384 [00:00<?, ?it/s]
100%|██████████| 1384/1384 [00:00<00:00, 14219.27it/s]

  0%|          | 0/692 [00:00<?, ?it/s]
100%|██████████| 692/692 [00:00<00:00, 13798.69it/s]

  0%|          | 0/1384 [00:00<?, ?it/s]
 96%|█████████▌| 1328/1384 [00:00<00:00, 13272.23it/s]
100%|██████████| 1384/1384 [00:00<00:00, 13326.74it/s]

  0%|          | 0/692 [00:00<?, ?it/s]
100%|██████████| 692/692 [00:00<00:00, 13514.01it/s]

  0%|          | 0/1384 [00:00<?, ?it/s]
 95%|█████████▌| 1321/1384 [00:00<00:00, 13204.09it/s]
100%|██████████| 1384/1384 [00:00<00:00, 12921.78it/s]

  0%|          | 0/1384 [00:00<?, ?it/s]
 86%|████████▋ | 1197/1384 [00:00<00:00, 11964.71it/s]
100%|██████████| 1384/1384 [00:00<00:00, 12012.74it/s]

  0%|          | 0/2768 [00:00<?, ?it/s]
 45%|████▌     | 1258/2768 [00:00<00:00, 12576.38it/s]
 91%|█████████ | 2516/2768 [00:00<00:00, 11702.94it/s]
100%|██████████| 2768/2768 [00:00<00:00, 11807.38it/s]

  0%|          | 0/2768 [00:00<?, ?it/s]
 46%|████▌     | 1261/2768 [00:00<00:00, 12606.89it/s]
 95%|█████████▌| 2643/2768 [00:00<00:00, 13319.56it/s]
100%|██████████| 2768/2768 [00:00<00:00, 13170.84it/s]

  0%|          | 0/5536 [00:00<?, ?it/s]
 23%|██▎       | 1288/5536 [00:00<00:00, 12878.69it/s]
 47%|████▋     | 2576/5536 [00:00<00:00, 12311.60it/s]
 70%|███████   | 3880/5536 [00:00<00:00, 12622.66it/s]
 93%|█████████▎| 5158/5536 [00:00<00:00, 12681.67it/s]
100%|██████████| 5536/5536 [00:00<00:00, 12698.43it/s]

  0%|          | 0/11072 [00:00<?, ?it/s]
 11%|█         | 1168/11072 [00:00<00:00, 11673.69it/s]
 22%|██▏       | 2400/11072 [00:00<00:00, 12050.03it/s]
 33%|███▎      | 3606/11072 [00:00<00:00, 11379.57it/s]
 44%|████▎     | 4825/11072 [00:00<00:00, 11686.31it/s]
 55%|█████▍    | 6081/11072 [00:00<00:00, 11993.30it/s]
 68%|██████▊   | 7476/11072 [00:00<00:00, 12644.47it/s]
 82%|████████▏ | 9064/11072 [00:00<00:00, 13690.91it/s]
 94%|█████████▍| 10437/11072 [00:00<00:00, 13099.84it/s]
100%|██████████| 11072/11072 [00:00<00:00, 12585.50it/s]

  0%|          | 0/696 [00:00<?, ?it/s]
100%|██████████| 696/696 [00:00<00:00, 14859.64it/s]

  0%|          | 0/1392 [00:00<?, ?it/s]
 59%|█████▉    | 828/1392 [00:00<00:00, 8268.20it/s]
100%|██████████| 1392/1392 [00:00<00:00, 9409.09it/s]

  0%|          | 0/696 [00:00<?, ?it/s]
100%|██████████| 696/696 [00:00<00:00, 13700.12it/s]

  0%|          | 0/1392 [00:00<?, ?it/s]
 88%|████████▊ | 1219/1392 [00:00<00:00, 12183.42it/s]
100%|██████████| 1392/1392 [00:00<00:00, 12316.59it/s]

  0%|          | 0/696 [00:00<?, ?it/s]
100%|██████████| 696/696 [00:00<00:00, 11683.49it/s]

  0%|          | 0/1392 [00:00<?, ?it/s]
 98%|█████████▊| 1369/1392 [00:00<00:00, 13685.71it/s]
100%|██████████| 1392/1392 [00:00<00:00, 13717.12it/s]

  0%|          | 0/1392 [00:00<?, ?it/s]
 85%|████████▌ | 1184/1392 [00:00<00:00, 11835.19it/s]
100%|██████████| 1392/1392 [00:00<00:00, 11872.68it/s]

  0%|          | 0/2784 [00:00<?, ?it/s]
 41%|████▏     | 1154/2784 [00:00<00:00, 11534.15it/s]
 90%|████████▉ | 2496/2784 [00:00<00:00, 12639.51it/s]
100%|██████████| 2784/2784 [00:00<00:00, 12203.17it/s]

  0%|          | 0/2784 [00:00<?, ?it/s]
 40%|████      | 1119/2784 [00:00<00:00, 11183.37it/s]
 85%|████████▌ | 2370/2784 [00:00<00:00, 11961.18it/s]
100%|██████████| 2784/2784 [00:00<00:00, 11949.20it/s]

  0%|          | 0/5568 [00:00<?, ?it/s]
 26%|██▌       | 1423/5568 [00:00<00:00, 14224.21it/s]
 51%|█████     | 2846/5568 [00:00<00:00, 13700.67it/s]
 76%|███████▌  | 4218/5568 [00:00<00:00, 13468.43it/s]
100%|█████████▉| 5566/5568 [00:00<00:00, 13470.59it/s]
100%|██████████| 5568/5568 [00:00<00:00, 13489.48it/s]

  0%|          | 0/11136 [00:00<?, ?it/s]
 12%|█▏        | 1287/11136 [00:00<00:00, 12868.48it/s]
 23%|██▎       | 2574/11136 [00:00<00:00, 12342.28it/s]
 34%|███▍      | 3810/11136 [00:00<00:00, 12326.49it/s]
 45%|████▌     | 5046/11136 [00:00<00:00, 12339.36it/s]
 59%|█████▊    | 6531/11136 [00:00<00:00, 13235.11it/s]
 71%|███████   | 7856/11136 [00:00<00:00, 12883.18it/s]
 82%|████████▏ | 9147/11136 [00:00<00:00, 12797.68it/s]
 95%|█████████▍| 10539/11136 [00:00<00:00, 13143.62it/s]
100%|██████████| 11136/11136 [00:00<00:00, 12794.93it/s]
