Layer name, IFMAP Height Intraline Factor, IFMAP Width Intraline Factor, Filter Height Intraline Factor, Filter Width Intraline Factor, Channel Intraline Factor, Num Filter Intraline Factor, IFMAP Height Intraline Order, IFMAP Width Intraline Order, Channel Intraline Order, IFMAP Height Interline Order, IFMAP Width Interline Order, Channel Interline Order, Num Filter Intraline Order, Channel Intraline Order, Filter Height Intraline Order, Filter Width Intraline Order, Num Filter Interline Order, Channel Interline Order, Filter Height Interline Order, Filter Width Interline Order, 
panel_0, 2, 2, 1, 1, 16, 4,     0, 1, 2,     4, 5, 3,     3, 2, 1, 0,     4, 5, 6, 7,
panel_1, 2, 2, 1, 1, 16, 4,     0, 1, 2,     4, 5, 3,     3, 2, 1, 0,     4, 5, 6, 7,
panel_2, 2, 2, 1, 1, 16, 4,     0, 1, 2,     4, 5, 3,     3, 2, 1, 0,     4, 5, 6, 7,
panel_3, 2, 2, 1, 1, 16, 4,     0, 1, 2,     4, 5, 3,     3, 2, 1, 0,     4, 5, 6, 7,
panel_4, 2, 2, 1, 1, 16, 4,     0, 1, 2,     4, 5, 3,     3, 2, 1, 0,     4, 5, 6, 7,
panel_5, 2, 2, 1, 1, 16, 4,     0, 1, 2,     4, 5, 3,     3, 2, 1, 0,     4, 5, 6, 7,
panel_6, 2, 2, 1, 1, 16, 4,     0, 1, 2,     4, 5, 3,     3, 2, 1, 0,     4, 5, 6, 7,
panel_7, 2, 2, 1, 1, 16, 4,     0, 1, 2,     4, 5, 3,     3, 2, 1, 0,     4, 5, 6, 7,
panel_8, 2, 2, 1, 1, 16, 4,     0, 1, 2,     4, 5, 3,     3, 2, 1, 0,     4, 5, 6, 7,
panel_9, 2, 2, 1, 1, 16, 4,     0, 1, 2,     4, 5, 3,     3, 2, 1, 0,     4, 5, 6, 7,
panel_10, 2, 2, 1, 1, 16, 4,     0, 1, 2,     4, 5, 3,     3, 2, 1, 0,     4, 5, 6, 7,
panel_11, 2, 2, 1, 1, 16, 4,     0, 1, 2,     4, 5, 3,     3, 2, 1, 0,     4, 5, 6, 7,
panel_12, 2, 2, 1, 1, 16, 4,     0, 1, 2,     4, 5, 3,     3, 2, 1, 0,     4, 5, 6, 7,
panel_13, 2, 2, 1, 1, 16, 4,     0, 1, 2,     4, 5, 3,     3, 2, 1, 0,     4, 5, 6, 7,
panel_14, 2, 2, 1, 1, 16, 4,     0, 1, 2,     4, 5, 3,     3, 2, 1, 0,     4, 5, 6, 7,
panel_15, 2, 2, 1, 1, 16, 4,     0, 1, 2,     4, 5, 3,     3, 2, 1, 0,     4, 5, 6, 7,
panel_16, 2, 2, 1, 1, 16, 4,     0, 1, 2,     4, 5, 3,     3, 2, 1, 0,     4, 5, 6, 7,
panel_17, 2, 2, 1, 1, 16, 4,     0, 1, 2,     4, 5, 3,     3, 2, 1, 0,     4, 5, 6, 7,
panel_18, 2, 2, 1, 1, 16, 4,     0, 1, 2,     4, 5, 3,     3, 2, 1, 0,     4, 5, 6, 7,
panel_19, 2, 2, 1, 1, 16, 4,     0, 1, 2,     4, 5, 3,     3, 2, 1, 0,     4, 5, 6, 7,
panel_20, 2, 2, 1, 1, 16, 4,     0, 1, 2,     4, 5, 3,     3, 2, 1, 0,     4, 5, 6, 7,
panel_21, 2, 2, 1, 1, 16, 4,     0, 1, 2,     4, 5, 3,     3, 2, 1, 0,     4, 5, 6, 7,
panel_22, 2, 2, 1, 1, 16, 4,     0, 1, 2,     4, 5, 3,     3, 2, 1, 0,     4, 5, 6, 7,
panel_23, 2, 2, 1, 1, 16, 4,     0, 1, 2,     4, 5, 3,     3, 2, 1, 0,     4, 5, 6, 7,
panel_24, 2, 2, 1, 1, 16, 4,     0, 1, 2,     4, 5, 3,     3, 2, 1, 0,     4, 5, 6, 7,
panel_25, 2, 2, 1, 1, 16, 4,     0, 1, 2,     4, 5, 3,     3, 2, 1, 0,     4, 5, 6, 7,
panel_26, 2, 2, 1, 1, 16, 4,     0, 1, 2,     4, 5, 3,     3, 2, 1, 0,     4, 5, 6, 7,
panel_27, 2, 2, 1, 1, 16, 4,     0, 1, 2,     4, 5, 3,     3, 2, 1, 0,     4, 5, 6, 7,
panel_28, 2, 2, 1, 1, 16, 4,     0, 1, 2,     4, 5, 3,     3, 2, 1, 0,     4, 5, 6, 7,
panel_29, 2, 2, 1, 1, 16, 4,     0, 1, 2,     4, 5, 3,     3, 2, 1, 0,     4, 5, 6, 7,
panel_30, 2, 2, 1, 1, 16, 4,     0, 1, 2,     4, 5, 3,     3, 2, 1, 0,     4, 5, 6, 7,
panel_31, 2, 2, 1, 1, 16, 4,     0, 1, 2,     4, 5, 3,     3, 2, 1, 0,     4, 5, 6, 7,
panel_32, 2, 2, 1, 1, 16, 4,     0, 1, 2,     4, 5, 3,     3, 2, 1, 0,     4, 5, 6, 7,
panel_33, 2, 2, 1, 1, 16, 4,     0, 1, 2,     4, 5, 3,     3, 2, 1, 0,     4, 5, 6, 7,
panel_34, 2, 2, 1, 1, 16, 4,     0, 1, 2,     4, 5, 3,     3, 2, 1, 0,     4, 5, 6, 7,
panel_35, 2, 2, 1, 1, 16, 4,     0, 1, 2,     4, 5, 3,     3, 2, 1, 0,     4, 5, 6, 7,
panel_36, 2, 2, 1, 1, 16, 4,     0, 1, 2,     4, 5, 3,     3, 2, 1, 0,     4, 5, 6, 7,
panel_37, 2, 2, 1, 1, 16, 4,     0, 1, 2,     4, 5, 3,     3, 2, 1, 0,     4, 5, 6, 7,
panel_38, 2, 2, 1, 1, 16, 4,     0, 1, 2,     4, 5, 3,     3, 2, 1, 0,     4, 5, 6, 7,
panel_39, 2, 2, 1, 1, 16, 4,     0, 1, 2,     4, 5, 3,     3, 2, 1, 0,     4, 5, 6, 7,
panel_40, 2, 2, 1, 1, 16, 4,     0, 1, 2,     4, 5, 3,     3, 2, 1, 0,     4, 5, 6, 7,
panel_41, 2, 2, 1, 1, 16, 4,     0, 1, 2,     4, 5, 3,     3, 2, 1, 0,     4, 5, 6, 7,
panel_42, 2, 2, 1, 1, 16, 4,     0, 1, 2,     4, 5, 3,     3, 2, 1, 0,     4, 5, 6, 7,
panel_43, 2, 2, 1, 1, 16, 4,     0, 1, 2,     4, 5, 3,     3, 2, 1, 0,     4, 5, 6, 7,
panel_44, 2, 2, 1, 1, 16, 4,     0, 1, 2,     4, 5, 3,     3, 2, 1, 0,     4, 5, 6, 7,
panel_45, 2, 2, 1, 1, 16, 4,     0, 1, 2,     4, 5, 3,     3, 2, 1, 0,     4, 5, 6, 7,
panel_46, 2, 2, 1, 1, 16, 4,     0, 1, 2,     4, 5, 3,     3, 2, 1, 0,     4, 5, 6, 7,
panel_47, 2, 2, 1, 1, 16, 4,     0, 1, 2,     4, 5, 3,     3, 2, 1, 0,     4, 5, 6, 7,
panel_48, 2, 2, 1, 1, 16, 4,     0, 1, 2,     4, 5, 3,     3, 2, 1, 0,     4, 5, 6, 7,
panel_49, 2, 2, 1, 1, 16, 4,     0, 1, 2,     4, 5, 3,     3, 2, 1, 0,     4, 5, 6, 7,
panel_50, 2, 2, 1, 1, 16, 4,     0, 1, 2,     4, 5, 3,     3, 2, 1, 0,     4, 5, 6, 7,
panel_51, 2, 2, 1, 1, 16, 4,     0, 1, 2,     4, 5, 3,     3, 2, 1, 0,     4, 5, 6, 7,
panel_52, 2, 2, 1, 1, 16, 4,     0, 1, 2,     4, 5, 3,     3, 2, 1, 0,     4, 5, 6, 7,
panel_53, 2, 2, 1, 1, 16, 4,     0, 1, 2,     4, 5, 3,     3, 2, 1, 0,     4, 5, 6, 7,
panel_54, 2, 2, 1, 1, 16, 4,     0, 1, 2,     4, 5, 3,     3, 2, 1, 0,     4, 5, 6, 7,
panel_55, 2, 2, 1, 1, 16, 4,     0, 1, 2,     4, 5, 3,     3, 2, 1, 0,     4, 5, 6, 7,
panel_56, 2, 2, 1, 1, 16, 4,     0, 1, 2,     4, 5, 3,     3, 2, 1, 0,     4, 5, 6, 7,
panel_57, 2, 2, 1, 1, 16, 4,     0, 1, 2,     4, 5, 3,     3, 2, 1, 0,     4, 5, 6, 7,
panel_58, 2, 2, 1, 1, 16, 4,     0, 1, 2,     4, 5, 3,     3, 2, 1, 0,     4, 5, 6, 7,
panel_59, 2, 2, 1, 1, 16, 4,     0, 1, 2,     4, 5, 3,     3, 2, 1, 0,     4, 5, 6, 7,
panel_60, 2, 2, 1, 1, 16, 4,     0, 1, 2,     4, 5, 3,     3, 2, 1, 0,     4, 5, 6, 7,
panel_61, 2, 2, 1, 1, 16, 4,     0, 1, 2,     4, 5, 3,     3, 2, 1, 0,     4, 5, 6, 7,
panel_62, 2, 2, 1, 1, 16, 4,     0, 1, 2,     4, 5, 3,     3, 2, 1, 0,     4, 5, 6, 7,
panel_63, 2, 2, 1, 1, 16, 4,     0, 1, 2,     4, 5, 3,     3, 2, 1, 0,     4, 5, 6, 7,
panel_64, 2, 2, 1, 1, 16, 4,     0, 1, 2,     4, 5, 3,     3, 2, 1, 0,     4, 5, 6, 7,
panel_65, 2, 2, 1, 1, 16, 4,     0, 1, 2,     4, 5, 3,     3, 2, 1, 0,     4, 5, 6, 7,
panel_66, 2, 2, 1, 1, 16, 4,     0, 1, 2,     4, 5, 3,     3, 2, 1, 0,     4, 5, 6, 7,
panel_67, 2, 2, 1, 1, 16, 4,     0, 1, 2,     4, 5, 3,     3, 2, 1, 0,     4, 5, 6, 7,
panel_68, 2, 2, 1, 1, 16, 4,     0, 1, 2,     4, 5, 3,     3, 2, 1, 0,     4, 5, 6, 7,
panel_69, 2, 2, 1, 1, 16, 4,     0, 1, 2,     4, 5, 3,     3, 2, 1, 0,     4, 5, 6, 7,
panel_70, 2, 2, 1, 1, 16, 4,     0, 1, 2,     4, 5, 3,     3, 2, 1, 0,     4, 5, 6, 7,
panel_71, 2, 2, 1, 1, 16, 4,     0, 1, 2,     4, 5, 3,     3, 2, 1, 0,     4, 5, 6, 7,
panel_72, 2, 2, 1, 1, 16, 4,     0, 1, 2,     4, 5, 3,     3, 2, 1, 0,     4, 5, 6, 7,
panel_73, 2, 2, 1, 1, 16, 4,     0, 1, 2,     4, 5, 3,     3, 2, 1, 0,     4, 5, 6, 7,
panel_74, 2, 2, 1, 1, 16, 4,     0, 1, 2,     4, 5, 3,     3, 2, 1, 0,     4, 5, 6, 7,
panel_75, 2, 2, 1, 1, 16, 4,     0, 1, 2,     4, 5, 3,     3, 2, 1, 0,     4, 5, 6, 7,
panel_76, 2, 2, 1, 1, 16, 4,     0, 1, 2,     4, 5, 3,     3, 2, 1, 0,     4, 5, 6, 7,
panel_77, 2, 2, 1, 1, 16, 4,     0, 1, 2,     4, 5, 3,     3, 2, 1, 0,     4, 5, 6, 7,
panel_78, 2, 2, 1, 1, 16, 4,     0, 1, 2,     4, 5, 3,     3, 2, 1, 0,     4, 5, 6, 7,
panel_79, 2, 2, 1, 1, 16, 4,     0, 1, 2,     4, 5, 3,     3, 2, 1, 0,     4, 5, 6, 7,
panel_80, 2, 2, 1, 1, 16, 4,     0, 1, 2,     4, 5, 3,     3, 2, 1, 0,     4, 5, 6, 7,
panel_81, 2, 2, 1, 1, 16, 4,     0, 1, 2,     4, 5, 3,     3, 2, 1, 0,     4, 5, 6, 7,
panel_82, 2, 2, 1, 1, 16, 4,     0, 1, 2,     4, 5, 3,     3, 2, 1, 0,     4, 5, 6, 7,
panel_83, 2, 2, 1, 1, 16, 4,     0, 1, 2,     4, 5, 3,     3, 2, 1, 0,     4, 5, 6, 7,
panel_84, 2, 2, 1, 1, 16, 4,     0, 1, 2,     4, 5, 3,     3, 2, 1, 0,     4, 5, 6, 7,
panel_85, 2, 2, 1, 1, 16, 4,     0, 1, 2,     4, 5, 3,     3, 2, 1, 0,     4, 5, 6, 7,
panel_86, 2, 2, 1, 1, 16, 4,     0, 1, 2,     4, 5, 3,     3, 2, 1, 0,     4, 5, 6, 7,
panel_87, 2, 2, 1, 1, 16, 4,     0, 1, 2,     4, 5, 3,     3, 2, 1, 0,     4, 5, 6, 7,
panel_88, 2, 2, 1, 1, 16, 4,     0, 1, 2,     4, 5, 3,     3, 2, 1, 0,     4, 5, 6, 7,
panel_89, 2, 2, 1, 1, 16, 4,     0, 1, 2,     4, 5, 3,     3, 2, 1, 0,     4, 5, 6, 7,
panel_90, 2, 2, 1, 1, 16, 4,     0, 1, 2,     4, 5, 3,     3, 2, 1, 0,     4, 5, 6, 7,
panel_91, 2, 2, 1, 1, 16, 4,     0, 1, 2,     4, 5, 3,     3, 2, 1, 0,     4, 5, 6, 7,
panel_92, 2, 2, 1, 1, 16, 4,     0, 1, 2,     4, 5, 3,     3, 2, 1, 0,     4, 5, 6, 7,
panel_93, 2, 2, 1, 1, 16, 4,     0, 1, 2,     4, 5, 3,     3, 2, 1, 0,     4, 5, 6, 7,
panel_94, 2, 2, 1, 1, 16, 4,     0, 1, 2,     4, 5, 3,     3, 2, 1, 0,     4, 5, 6, 7,
panel_95, 2, 2, 1, 1, 16, 4,     0, 1, 2,     4, 5, 3,     3, 2, 1, 0,     4, 5, 6, 7,
panel_96, 2, 2, 1, 1, 16, 4,     0, 1, 2,     4, 5, 3,     3, 2, 1, 0,     4, 5, 6, 7,
panel_97, 2, 2, 1, 1, 16, 4,     0, 1, 2,     4, 5, 3,     3, 2, 1, 0,     4, 5, 6, 7,
panel_98, 2, 2, 1, 1, 16, 4,     0, 1, 2,     4, 5, 3,     3, 2, 1, 0,     4, 5, 6, 7,
panel_99, 2, 2, 1, 1, 16, 4,     0, 1, 2,     4, 5, 3,     3, 2, 1, 0,     4, 5, 6, 7,
panel_100, 2, 2, 1, 1, 16, 4,     0, 1, 2,     4, 5, 3,     3, 2, 1, 0,     4, 5, 6, 7,
panel_101, 2, 2, 1, 1, 16, 4,     0, 1, 2,     4, 5, 3,     3, 2, 1, 0,     4, 5, 6, 7,
panel_102, 2, 2, 1, 1, 16, 4,     0, 1, 2,     4, 5, 3,     3, 2, 1, 0,     4, 5, 6, 7,
panel_103, 2, 2, 1, 1, 16, 4,     0, 1, 2,     4, 5, 3,     3, 2, 1, 0,     4, 5, 6, 7,
panel_104, 2, 2, 1, 1, 16, 4,     0, 1, 2,     4, 5, 3,     3, 2, 1, 0,     4, 5, 6, 7,
panel_105, 2, 2, 1, 1, 16, 4,     0, 1, 2,     4, 5, 3,     3, 2, 1, 0,     4, 5, 6, 7,
panel_106, 2, 2, 1, 1, 16, 4,     0, 1, 2,     4, 5, 3,     3, 2, 1, 0,     4, 5, 6, 7,
panel_107, 2, 2, 1, 1, 16, 4,     0, 1, 2,     4, 5, 3,     3, 2, 1, 0,     4, 5, 6, 7,
panel_108, 2, 2, 1, 1, 16, 4,     0, 1, 2,     4, 5, 3,     3, 2, 1, 0,     4, 5, 6, 7,
panel_109, 2, 2, 1, 1, 16, 4,     0, 1, 2,     4, 5, 3,     3, 2, 1, 0,     4, 5, 6, 7,
panel_110, 2, 2, 1, 1, 16, 4,     0, 1, 2,     4, 5, 3,     3, 2, 1, 0,     4, 5, 6, 7,
panel_111, 2, 2, 1, 1, 16, 4,     0, 1, 2,     4, 5, 3,     3, 2, 1, 0,     4, 5, 6, 7,
panel_112, 2, 2, 1, 1, 16, 4,     0, 1, 2,     4, 5, 3,     3, 2, 1, 0,     4, 5, 6, 7,
panel_113, 2, 2, 1, 1, 16, 4,     0, 1, 2,     4, 5, 3,     3, 2, 1, 0,     4, 5, 6, 7,
panel_114, 2, 2, 1, 1, 16, 4,     0, 1, 2,     4, 5, 3,     3, 2, 1, 0,     4, 5, 6, 7,
panel_115, 2, 2, 1, 1, 16, 4,     0, 1, 2,     4, 5, 3,     3, 2, 1, 0,     4, 5, 6, 7,
panel_116, 2, 2, 1, 1, 16, 4,     0, 1, 2,     4, 5, 3,     3, 2, 1, 0,     4, 5, 6, 7,
panel_117, 2, 2, 1, 1, 16, 4,     0, 1, 2,     4, 5, 3,     3, 2, 1, 0,     4, 5, 6, 7,
panel_118, 2, 2, 1, 1, 16, 4,     0, 1, 2,     4, 5, 3,     3, 2, 1, 0,     4, 5, 6, 7,
panel_119, 2, 2, 1, 1, 16, 4,     0, 1, 2,     4, 5, 3,     3, 2, 1, 0,     4, 5, 6, 7,
panel_120, 2, 2, 1, 1, 16, 4,     0, 1, 2,     4, 5, 3,     3, 2, 1, 0,     4, 5, 6, 7,
panel_121, 2, 2, 1, 1, 16, 4,     0, 1, 2,     4, 5, 3,     3, 2, 1, 0,     4, 5, 6, 7,
panel_122, 2, 2, 1, 1, 16, 4,     0, 1, 2,     4, 5, 3,     3, 2, 1, 0,     4, 5, 6, 7,
panel_123, 2, 2, 1, 1, 16, 4,     0, 1, 2,     4, 5, 3,     3, 2, 1, 0,     4, 5, 6, 7,
panel_124, 2, 2, 1, 1, 16, 4,     0, 1, 2,     4, 5, 3,     3, 2, 1, 0,     4, 5, 6, 7,
panel_125, 2, 2, 1, 1, 16, 4,     0, 1, 2,     4, 5, 3,     3, 2, 1, 0,     4, 5, 6, 7,
panel_126, 2, 2, 1, 1, 16, 4,     0, 1, 2,     4, 5, 3,     3, 2, 1, 0,     4, 5, 6, 7,
panel_127, 2, 2, 1, 1, 16, 4,     0, 1, 2,     4, 5, 3,     3, 2, 1, 0,     4, 5, 6, 7,
panel_128, 2, 2, 1, 1, 16, 4,     0, 1, 2,     4, 5, 3,     3, 2, 1, 0,     4, 5, 6, 7,
panel_129, 2, 2, 1, 1, 16, 4,     0, 1, 2,     4, 5, 3,     3, 2, 1, 0,     4, 5, 6, 7,
panel_130, 2, 2, 1, 1, 16, 4,     0, 1, 2,     4, 5, 3,     3, 2, 1, 0,     4, 5, 6, 7,
panel_131, 2, 2, 1, 1, 16, 4,     0, 1, 2,     4, 5, 3,     3, 2, 1, 0,     4, 5, 6, 7,
panel_132, 2, 2, 1, 1, 16, 4,     0, 1, 2,     4, 5, 3,     3, 2, 1, 0,     4, 5, 6, 7,
panel_133, 2, 2, 1, 1, 16, 4,     0, 1, 2,     4, 5, 3,     3, 2, 1, 0,     4, 5, 6, 7,
panel_134, 2, 2, 1, 1, 16, 4,     0, 1, 2,     4, 5, 3,     3, 2, 1, 0,     4, 5, 6, 7,
panel_135, 2, 2, 1, 1, 16, 4,     0, 1, 2,     4, 5, 3,     3, 2, 1, 0,     4, 5, 6, 7,
panel_136, 2, 2, 1, 1, 16, 4,     0, 1, 2,     4, 5, 3,     3, 2, 1, 0,     4, 5, 6, 7,
panel_137, 2, 2, 1, 1, 16, 4,     0, 1, 2,     4, 5, 3,     3, 2, 1, 0,     4, 5, 6, 7,
panel_138, 2, 2, 1, 1, 16, 4,     0, 1, 2,     4, 5, 3,     3, 2, 1, 0,     4, 5, 6, 7,
panel_139, 2, 2, 1, 1, 16, 4,     0, 1, 2,     4, 5, 3,     3, 2, 1, 0,     4, 5, 6, 7,
panel_140, 2, 2, 1, 1, 16, 4,     0, 1, 2,     4, 5, 3,     3, 2, 1, 0,     4, 5, 6, 7,
panel_141, 2, 2, 1, 1, 16, 4,     0, 1, 2,     4, 5, 3,     3, 2, 1, 0,     4, 5, 6, 7,
panel_142, 2, 2, 1, 1, 16, 4,     0, 1, 2,     4, 5, 3,     3, 2, 1, 0,     4, 5, 6, 7,
panel_143, 2, 2, 1, 1, 16, 4,     0, 1, 2,     4, 5, 3,     3, 2, 1, 0,     4, 5, 6, 7,
panel_144, 2, 2, 1, 1, 16, 4,     0, 1, 2,     4, 5, 3,     3, 2, 1, 0,     4, 5, 6, 7,
panel_145, 2, 2, 1, 1, 16, 4,     0, 1, 2,     4, 5, 3,     3, 2, 1, 0,     4, 5, 6, 7,
panel_146, 2, 2, 1, 1, 16, 4,     0, 1, 2,     4, 5, 3,     3, 2, 1, 0,     4, 5, 6, 7,
panel_147, 2, 2, 1, 1, 16, 4,     0, 1, 2,     4, 5, 3,     3, 2, 1, 0,     4, 5, 6, 7,
panel_148, 2, 2, 1, 1, 16, 4,     0, 1, 2,     4, 5, 3,     3, 2, 1, 0,     4, 5, 6, 7,
panel_149, 2, 2, 1, 1, 16, 4,     0, 1, 2,     4, 5, 3,     3, 2, 1, 0,     4, 5, 6, 7,
panel_150, 2, 2, 1, 1, 16, 4,     0, 1, 2,     4, 5, 3,     3, 2, 1, 0,     4, 5, 6, 7,
panel_151, 2, 2, 1, 1, 16, 4,     0, 1, 2,     4, 5, 3,     3, 2, 1, 0,     4, 5, 6, 7,
panel_152, 2, 2, 1, 1, 16, 4,     0, 1, 2,     4, 5, 3,     3, 2, 1, 0,     4, 5, 6, 7,
panel_153, 2, 2, 1, 1, 16, 4,     0, 1, 2,     4, 5, 3,     3, 2, 1, 0,     4, 5, 6, 7,
panel_154, 2, 2, 1, 1, 16, 4,     0, 1, 2,     4, 5, 3,     3, 2, 1, 0,     4, 5, 6, 7,
panel_155, 2, 2, 1, 1, 16, 4,     0, 1, 2,     4, 5, 3,     3, 2, 1, 0,     4, 5, 6, 7,
panel_156, 2, 2, 1, 1, 16, 4,     0, 1, 2,     4, 5, 3,     3, 2, 1, 0,     4, 5, 6, 7,
panel_157, 2, 2, 1, 1, 16, 4,     0, 1, 2,     4, 5, 3,     3, 2, 1, 0,     4, 5, 6, 7,
panel_158, 2, 2, 1, 1, 16, 4,     0, 1, 2,     4, 5, 3,     3, 2, 1, 0,     4, 5, 6, 7,
panel_159, 2, 2, 1, 1, 16, 4,     0, 1, 2,     4, 5, 3,     3, 2, 1, 0,     4, 5, 6, 7,
panel_160, 2, 2, 1, 1, 16, 4,     0, 1, 2,     4, 5, 3,     3, 2, 1, 0,     4, 5, 6, 7,
panel_161, 2, 2, 1, 1, 16, 4,     0, 1, 2,     4, 5, 3,     3, 2, 1, 0,     4, 5, 6, 7,
panel_162, 2, 2, 1, 1, 16, 4,     0, 1, 2,     4, 5, 3,     3, 2, 1, 0,     4, 5, 6, 7,
panel_163, 2, 2, 1, 1, 16, 4,     0, 1, 2,     4, 5, 3,     3, 2, 1, 0,     4, 5, 6, 7,
panel_164, 2, 2, 1, 1, 16, 4,     0, 1, 2,     4, 5, 3,     3, 2, 1, 0,     4, 5, 6, 7,
panel_165, 2, 2, 1, 1, 16, 4,     0, 1, 2,     4, 5, 3,     3, 2, 1, 0,     4, 5, 6, 7,
panel_166, 2, 2, 1, 1, 16, 4,     0, 1, 2,     4, 5, 3,     3, 2, 1, 0,     4, 5, 6, 7,
panel_167, 2, 2, 1, 1, 16, 4,     0, 1, 2,     4, 5, 3,     3, 2, 1, 0,     4, 5, 6, 7,
panel_168, 2, 2, 1, 1, 16, 4,     0, 1, 2,     4, 5, 3,     3, 2, 1, 0,     4, 5, 6, 7,
panel_169, 2, 2, 1, 1, 16, 4,     0, 1, 2,     4, 5, 3,     3, 2, 1, 0,     4, 5, 6, 7,
panel_170, 2, 2, 1, 1, 16, 4,     0, 1, 2,     4, 5, 3,     3, 2, 1, 0,     4, 5, 6, 7,
panel_171, 2, 2, 1, 1, 16, 4,     0, 1, 2,     4, 5, 3,     3, 2, 1, 0,     4, 5, 6, 7,
panel_172, 2, 2, 1, 1, 16, 4,     0, 1, 2,     4, 5, 3,     3, 2, 1, 0,     4, 5, 6, 7,
panel_173, 2, 2, 1, 1, 16, 4,     0, 1, 2,     4, 5, 3,     3, 2, 1, 0,     4, 5, 6, 7,
panel_174, 2, 2, 1, 1, 16, 4,     0, 1, 2,     4, 5, 3,     3, 2, 1, 0,     4, 5, 6, 7,
panel_175, 2, 2, 1, 1, 16, 4,     0, 1, 2,     4, 5, 3,     3, 2, 1, 0,     4, 5, 6, 7,
panel_176, 2, 2, 1, 1, 16, 4,     0, 1, 2,     4, 5, 3,     3, 2, 1, 0,     4, 5, 6, 7,
panel_177, 2, 2, 1, 1, 16, 4,     0, 1, 2,     4, 5, 3,     3, 2, 1, 0,     4, 5, 6, 7,
panel_178, 2, 2, 1, 1, 16, 4,     0, 1, 2,     4, 5, 3,     3, 2, 1, 0,     4, 5, 6, 7,
panel_179, 2, 2, 1, 1, 16, 4,     0, 1, 2,     4, 5, 3,     3, 2, 1, 0,     4, 5, 6, 7,
panel_180, 2, 2, 1, 1, 16, 4,     0, 1, 2,     4, 5, 3,     3, 2, 1, 0,     4, 5, 6, 7,
panel_181, 2, 2, 1, 1, 16, 4,     0, 1, 2,     4, 5, 3,     3, 2, 1, 0,     4, 5, 6, 7,
panel_182, 2, 2, 1, 1, 16, 4,     0, 1, 2,     4, 5, 3,     3, 2, 1, 0,     4, 5, 6, 7,
panel_183, 2, 2, 1, 1, 16, 4,     0, 1, 2,     4, 5, 3,     3, 2, 1, 0,     4, 5, 6, 7,
panel_184, 2, 2, 1, 1, 16, 4,     0, 1, 2,     4, 5, 3,     3, 2, 1, 0,     4, 5, 6, 7,
panel_185, 2, 2, 1, 1, 16, 4,     0, 1, 2,     4, 5, 3,     3, 2, 1, 0,     4, 5, 6, 7,
panel_186, 2, 2, 1, 1, 16, 4,     0, 1, 2,     4, 5, 3,     3, 2, 1, 0,     4, 5, 6, 7,
panel_187, 2, 2, 1, 1, 16, 4,     0, 1, 2,     4, 5, 3,     3, 2, 1, 0,     4, 5, 6, 7,
panel_188, 2, 2, 1, 1, 16, 4,     0, 1, 2,     4, 5, 3,     3, 2, 1, 0,     4, 5, 6, 7,
panel_189, 2, 2, 1, 1, 16, 4,     0, 1, 2,     4, 5, 3,     3, 2, 1, 0,     4, 5, 6, 7,
panel_190, 2, 2, 1, 1, 16, 4,     0, 1, 2,     4, 5, 3,     3, 2, 1, 0,     4, 5, 6, 7,
panel_191, 2, 2, 1, 1, 16, 4,     0, 1, 2,     4, 5, 3,     3, 2, 1, 0,     4, 5, 6, 7,
panel_192, 2, 2, 1, 1, 16, 4,     0, 1, 2,     4, 5, 3,     3, 2, 1, 0,     4, 5, 6, 7,
panel_193, 2, 2, 1, 1, 16, 4,     0, 1, 2,     4, 5, 3,     3, 2, 1, 0,     4, 5, 6, 7,
panel_194, 2, 2, 1, 1, 16, 4,     0, 1, 2,     4, 5, 3,     3, 2, 1, 0,     4, 5, 6, 7,
panel_195, 2, 2, 1, 1, 16, 4,     0, 1, 2,     4, 5, 3,     3, 2, 1, 0,     4, 5, 6, 7,
panel_196, 2, 2, 1, 1, 16, 4,     0, 1, 2,     4, 5, 3,     3, 2, 1, 0,     4, 5, 6, 7,
panel_197, 2, 2, 1, 1, 16, 4,     0, 1, 2,     4, 5, 3,     3, 2, 1, 0,     4, 5, 6, 7,
panel_198, 2, 2, 1, 1, 16, 4,     0, 1, 2,     4, 5, 3,     3, 2, 1, 0,     4, 5, 6, 7,
panel_199, 2, 2, 1, 1, 16, 4,     0, 1, 2,     4, 5, 3,     3, 2, 1, 0,     4, 5, 6, 7,
panel_200, 2, 2, 1, 1, 16, 4,     0, 1, 2,     4, 5, 3,     3, 2, 1, 0,     4, 5, 6, 7,
panel_201, 2, 2, 1, 1, 16, 4,     0, 1, 2,     4, 5, 3,     3, 2, 1, 0,     4, 5, 6, 7,
panel_202, 2, 2, 1, 1, 16, 4,     0, 1, 2,     4, 5, 3,     3, 2, 1, 0,     4, 5, 6, 7,
panel_203, 2, 2, 1, 1, 16, 4,     0, 1, 2,     4, 5, 3,     3, 2, 1, 0,     4, 5, 6, 7,
panel_204, 2, 2, 1, 1, 16, 4,     0, 1, 2,     4, 5, 3,     3, 2, 1, 0,     4, 5, 6, 7,
panel_205, 2, 2, 1, 1, 16, 4,     0, 1, 2,     4, 5, 3,     3, 2, 1, 0,     4, 5, 6, 7,
panel_206, 2, 2, 1, 1, 16, 4,     0, 1, 2,     4, 5, 3,     3, 2, 1, 0,     4, 5, 6, 7,
panel_207, 2, 2, 1, 1, 16, 4,     0, 1, 2,     4, 5, 3,     3, 2, 1, 0,     4, 5, 6, 7,
panel_208, 2, 2, 1, 1, 16, 4,     0, 1, 2,     4, 5, 3,     3, 2, 1, 0,     4, 5, 6, 7,
panel_209, 2, 2, 1, 1, 16, 4,     0, 1, 2,     4, 5, 3,     3, 2, 1, 0,     4, 5, 6, 7,
panel_210, 2, 2, 1, 1, 16, 4,     0, 1, 2,     4, 5, 3,     3, 2, 1, 0,     4, 5, 6, 7,
panel_211, 2, 2, 1, 1, 16, 4,     0, 1, 2,     4, 5, 3,     3, 2, 1, 0,     4, 5, 6, 7,
panel_212, 2, 2, 1, 1, 16, 4,     0, 1, 2,     4, 5, 3,     3, 2, 1, 0,     4, 5, 6, 7,
panel_213, 2, 2, 1, 1, 16, 4,     0, 1, 2,     4, 5, 3,     3, 2, 1, 0,     4, 5, 6, 7,
panel_214, 2, 2, 1, 1, 16, 4,     0, 1, 2,     4, 5, 3,     3, 2, 1, 0,     4, 5, 6, 7,
panel_215, 2, 2, 1, 1, 16, 4,     0, 1, 2,     4, 5, 3,     3, 2, 1, 0,     4, 5, 6, 7,
panel_216, 2, 2, 1, 1, 16, 4,     0, 1, 2,     4, 5, 3,     3, 2, 1, 0,     4, 5, 6, 7,
panel_217, 2, 2, 1, 1, 16, 4,     0, 1, 2,     4, 5, 3,     3, 2, 1, 0,     4, 5, 6, 7,
panel_218, 2, 2, 1, 1, 16, 4,     0, 1, 2,     4, 5, 3,     3, 2, 1, 0,     4, 5, 6, 7,
panel_219, 2, 2, 1, 1, 16, 4,     0, 1, 2,     4, 5, 3,     3, 2, 1, 0,     4, 5, 6, 7,
panel_220, 2, 2, 1, 1, 16, 4,     0, 1, 2,     4, 5, 3,     3, 2, 1, 0,     4, 5, 6, 7,
panel_221, 2, 2, 1, 1, 16, 4,     0, 1, 2,     4, 5, 3,     3, 2, 1, 0,     4, 5, 6, 7,
panel_222, 2, 2, 1, 1, 16, 4,     0, 1, 2,     4, 5, 3,     3, 2, 1, 0,     4, 5, 6, 7,
panel_223, 2, 2, 1, 1, 16, 4,     0, 1, 2,     4, 5, 3,     3, 2, 1, 0,     4, 5, 6, 7,
panel_224, 2, 2, 1, 1, 16, 4,     0, 1, 2,     4, 5, 3,     3, 2, 1, 0,     4, 5, 6, 7,
panel_225, 2, 2, 1, 1, 16, 4,     0, 1, 2,     4, 5, 3,     3, 2, 1, 0,     4, 5, 6, 7,
panel_226, 2, 2, 1, 1, 16, 4,     0, 1, 2,     4, 5, 3,     3, 2, 1, 0,     4, 5, 6, 7,
panel_227, 2, 2, 1, 1, 16, 4,     0, 1, 2,     4, 5, 3,     3, 2, 1, 0,     4, 5, 6, 7,
panel_228, 2, 2, 1, 1, 16, 4,     0, 1, 2,     4, 5, 3,     3, 2, 1, 0,     4, 5, 6, 7,
panel_229, 2, 2, 1, 1, 16, 4,     0, 1, 2,     4, 5, 3,     3, 2, 1, 0,     4, 5, 6, 7,
panel_230, 2, 2, 1, 1, 16, 4,     0, 1, 2,     4, 5, 3,     3, 2, 1, 0,     4, 5, 6, 7,
panel_231, 2, 2, 1, 1, 16, 4,     0, 1, 2,     4, 5, 3,     3, 2, 1, 0,     4, 5, 6, 7,
panel_232, 2, 2, 1, 1, 16, 4,     0, 1, 2,     4, 5, 3,     3, 2, 1, 0,     4, 5, 6, 7,
panel_233, 2, 2, 1, 1, 16, 4,     0, 1, 2,     4, 5, 3,     3, 2, 1, 0,     4, 5, 6, 7,
panel_234, 2, 2, 1, 1, 16, 4,     0, 1, 2,     4, 5, 3,     3, 2, 1, 0,     4, 5, 6, 7,
panel_235, 2, 2, 1, 1, 16, 4,     0, 1, 2,     4, 5, 3,     3, 2, 1, 0,     4, 5, 6, 7,
panel_236, 2, 2, 1, 1, 16, 4,     0, 1, 2,     4, 5, 3,     3, 2, 1, 0,     4, 5, 6, 7,
panel_237, 2, 2, 1, 1, 16, 4,     0, 1, 2,     4, 5, 3,     3, 2, 1, 0,     4, 5, 6, 7,
panel_238, 2, 2, 1, 1, 16, 4,     0, 1, 2,     4, 5, 3,     3, 2, 1, 0,     4, 5, 6, 7,
panel_239, 2, 2, 1, 1, 16, 4,     0, 1, 2,     4, 5, 3,     3, 2, 1, 0,     4, 5, 6, 7,
panel_240, 2, 2, 1, 1, 16, 4,     0, 1, 2,     4, 5, 3,     3, 2, 1, 0,     4, 5, 6, 7,
panel_241, 2, 2, 1, 1, 16, 4,     0, 1, 2,     4, 5, 3,     3, 2, 1, 0,     4, 5, 6, 7,
panel_242, 2, 2, 1, 1, 16, 4,     0, 1, 2,     4, 5, 3,     3, 2, 1, 0,     4, 5, 6, 7,
panel_243, 2, 2, 1, 1, 16, 4,     0, 1, 2,     4, 5, 3,     3, 2, 1, 0,     4, 5, 6, 7,
panel_244, 2, 2, 1, 1, 16, 4,     0, 1, 2,     4, 5, 3,     3, 2, 1, 0,     4, 5, 6, 7,
panel_245, 2, 2, 1, 1, 16, 4,     0, 1, 2,     4, 5, 3,     3, 2, 1, 0,     4, 5, 6, 7,
panel_246, 2, 2, 1, 1, 16, 4,     0, 1, 2,     4, 5, 3,     3, 2, 1, 0,     4, 5, 6, 7,
panel_247, 2, 2, 1, 1, 16, 4,     0, 1, 2,     4, 5, 3,     3, 2, 1, 0,     4, 5, 6, 7,
panel_248, 2, 2, 1, 1, 16, 4,     0, 1, 2,     4, 5, 3,     3, 2, 1, 0,     4, 5, 6, 7,
panel_249, 2, 2, 1, 1, 16, 4,     0, 1, 2,     4, 5, 3,     3, 2, 1, 0,     4, 5, 6, 7,
panel_250, 2, 2, 1, 1, 16, 4,     0, 1, 2,     4, 5, 3,     3, 2, 1, 0,     4, 5, 6, 7,
panel_251, 2, 2, 1, 1, 16, 4,     0, 1, 2,     4, 5, 3,     3, 2, 1, 0,     4, 5, 6, 7,
panel_252, 2, 2, 1, 1, 16, 4,     0, 1, 2,     4, 5, 3,     3, 2, 1, 0,     4, 5, 6, 7,
panel_253, 2, 2, 1, 1, 16, 4,     0, 1, 2,     4, 5, 3,     3, 2, 1, 0,     4, 5, 6, 7,
panel_254, 2, 2, 1, 1, 16, 4,     0, 1, 2,     4, 5, 3,     3, 2, 1, 0,     4, 5, 6, 7,
panel_255, 2, 2, 1, 1, 16, 4,     0, 1, 2,     4, 5, 3,     3, 2, 1, 0,     4, 5, 6, 7,
panel_256, 2, 2, 1, 1, 16, 4,     0, 1, 2,     4, 5, 3,     3, 2, 1, 0,     4, 5, 6, 7,
panel_257, 2, 2, 1, 1, 16, 4,     0, 1, 2,     4, 5, 3,     3, 2, 1, 0,     4, 5, 6, 7,
panel_258, 2, 2, 1, 1, 16, 4,     0, 1, 2,     4, 5, 3,     3, 2, 1, 0,     4, 5, 6, 7,
panel_259, 2, 2, 1, 1, 16, 4,     0, 1, 2,     4, 5, 3,     3, 2, 1, 0,     4, 5, 6, 7,
panel_260, 2, 2, 1, 1, 16, 4,     0, 1, 2,     4, 5, 3,     3, 2, 1, 0,     4, 5, 6, 7,
panel_261, 2, 2, 1, 1, 16, 4,     0, 1, 2,     4, 5, 3,     3, 2, 1, 0,     4, 5, 6, 7,
panel_262, 2, 2, 1, 1, 16, 4,     0, 1, 2,     4, 5, 3,     3, 2, 1, 0,     4, 5, 6, 7,
panel_263, 2, 2, 1, 1, 16, 4,     0, 1, 2,     4, 5, 3,     3, 2, 1, 0,     4, 5, 6, 7,
panel_264, 2, 2, 1, 1, 16, 4,     0, 1, 2,     4, 5, 3,     3, 2, 1, 0,     4, 5, 6, 7,
panel_265, 2, 2, 1, 1, 16, 4,     0, 1, 2,     4, 5, 3,     3, 2, 1, 0,     4, 5, 6, 7,
panel_266, 2, 2, 1, 1, 16, 4,     0, 1, 2,     4, 5, 3,     3, 2, 1, 0,     4, 5, 6, 7,
panel_267, 2, 2, 1, 1, 16, 4,     0, 1, 2,     4, 5, 3,     3, 2, 1, 0,     4, 5, 6, 7,
panel_268, 2, 2, 1, 1, 16, 4,     0, 1, 2,     4, 5, 3,     3, 2, 1, 0,     4, 5, 6, 7,
panel_269, 2, 2, 1, 1, 16, 4,     0, 1, 2,     4, 5, 3,     3, 2, 1, 0,     4, 5, 6, 7,
panel_270, 2, 2, 1, 1, 16, 4,     0, 1, 2,     4, 5, 3,     3, 2, 1, 0,     4, 5, 6, 7,
panel_271, 2, 2, 1, 1, 16, 4,     0, 1, 2,     4, 5, 3,     3, 2, 1, 0,     4, 5, 6, 7,
panel_272, 2, 2, 1, 1, 16, 4,     0, 1, 2,     4, 5, 3,     3, 2, 1, 0,     4, 5, 6, 7,
panel_273, 2, 2, 1, 1, 16, 4,     0, 1, 2,     4, 5, 3,     3, 2, 1, 0,     4, 5, 6, 7,
panel_274, 2, 2, 1, 1, 16, 4,     0, 1, 2,     4, 5, 3,     3, 2, 1, 0,     4, 5, 6, 7,
panel_275, 2, 2, 1, 1, 16, 4,     0, 1, 2,     4, 5, 3,     3, 2, 1, 0,     4, 5, 6, 7,
panel_276, 2, 2, 1, 1, 16, 4,     0, 1, 2,     4, 5, 3,     3, 2, 1, 0,     4, 5, 6, 7,
panel_277, 2, 2, 1, 1, 16, 4,     0, 1, 2,     4, 5, 3,     3, 2, 1, 0,     4, 5, 6, 7,
panel_278, 2, 2, 1, 1, 16, 4,     0, 1, 2,     4, 5, 3,     3, 2, 1, 0,     4, 5, 6, 7,
panel_279, 2, 2, 1, 1, 16, 4,     0, 1, 2,     4, 5, 3,     3, 2, 1, 0,     4, 5, 6, 7,
panel_280, 2, 2, 1, 1, 16, 4,     0, 1, 2,     4, 5, 3,     3, 2, 1, 0,     4, 5, 6, 7,
panel_281, 2, 2, 1, 1, 16, 4,     0, 1, 2,     4, 5, 3,     3, 2, 1, 0,     4, 5, 6, 7,
panel_282, 2, 2, 1, 1, 16, 4,     0, 1, 2,     4, 5, 3,     3, 2, 1, 0,     4, 5, 6, 7,
panel_283, 2, 2, 1, 1, 16, 4,     0, 1, 2,     4, 5, 3,     3, 2, 1, 0,     4, 5, 6, 7,
panel_284, 2, 2, 1, 1, 16, 4,     0, 1, 2,     4, 5, 3,     3, 2, 1, 0,     4, 5, 6, 7,
panel_285, 2, 2, 1, 1, 16, 4,     0, 1, 2,     4, 5, 3,     3, 2, 1, 0,     4, 5, 6, 7,
panel_286, 2, 2, 1, 1, 16, 4,     0, 1, 2,     4, 5, 3,     3, 2, 1, 0,     4, 5, 6, 7,
panel_287, 2, 2, 1, 1, 16, 4,     0, 1, 2,     4, 5, 3,     3, 2, 1, 0,     4, 5, 6, 7,
panel_288, 2, 2, 1, 1, 16, 4,     0, 1, 2,     4, 5, 3,     3, 2, 1, 0,     4, 5, 6, 7,
panel_289, 2, 2, 1, 1, 16, 4,     0, 1, 2,     4, 5, 3,     3, 2, 1, 0,     4, 5, 6, 7,
panel_290, 2, 2, 1, 1, 16, 4,     0, 1, 2,     4, 5, 3,     3, 2, 1, 0,     4, 5, 6, 7,
panel_291, 2, 2, 1, 1, 16, 4,     0, 1, 2,     4, 5, 3,     3, 2, 1, 0,     4, 5, 6, 7,
panel_292, 2, 2, 1, 1, 16, 4,     0, 1, 2,     4, 5, 3,     3, 2, 1, 0,     4, 5, 6, 7,
panel_293, 2, 2, 1, 1, 16, 4,     0, 1, 2,     4, 5, 3,     3, 2, 1, 0,     4, 5, 6, 7,
panel_294, 2, 2, 1, 1, 16, 4,     0, 1, 2,     4, 5, 3,     3, 2, 1, 0,     4, 5, 6, 7,
panel_295, 2, 2, 1, 1, 16, 4,     0, 1, 2,     4, 5, 3,     3, 2, 1, 0,     4, 5, 6, 7,
panel_296, 2, 2, 1, 1, 16, 4,     0, 1, 2,     4, 5, 3,     3, 2, 1, 0,     4, 5, 6, 7,
panel_297, 2, 2, 1, 1, 16, 4,     0, 1, 2,     4, 5, 3,     3, 2, 1, 0,     4, 5, 6, 7,
panel_298, 2, 2, 1, 1, 16, 4,     0, 1, 2,     4, 5, 3,     3, 2, 1, 0,     4, 5, 6, 7,
panel_299, 2, 2, 1, 1, 16, 4,     0, 1, 2,     4, 5, 3,     3, 2, 1, 0,     4, 5, 6, 7,
panel_300, 2, 2, 1, 1, 16, 4,     0, 1, 2,     4, 5, 3,     3, 2, 1, 0,     4, 5, 6, 7,
panel_301, 2, 2, 1, 1, 16, 4,     0, 1, 2,     4, 5, 3,     3, 2, 1, 0,     4, 5, 6, 7,
panel_302, 2, 2, 1, 1, 16, 4,     0, 1, 2,     4, 5, 3,     3, 2, 1, 0,     4, 5, 6, 7,
panel_303, 2, 2, 1, 1, 16, 4,     0, 1, 2,     4, 5, 3,     3, 2, 1, 0,     4, 5, 6, 7,
panel_304, 2, 2, 1, 1, 16, 4,     0, 1, 2,     4, 5, 3,     3, 2, 1, 0,     4, 5, 6, 7,
panel_305, 2, 2, 1, 1, 16, 4,     0, 1, 2,     4, 5, 3,     3, 2, 1, 0,     4, 5, 6, 7,
panel_306, 2, 2, 1, 1, 16, 4,     0, 1, 2,     4, 5, 3,     3, 2, 1, 0,     4, 5, 6, 7,
panel_307, 2, 2, 1, 1, 16, 4,     0, 1, 2,     4, 5, 3,     3, 2, 1, 0,     4, 5, 6, 7,
panel_308, 2, 2, 1, 1, 16, 4,     0, 1, 2,     4, 5, 3,     3, 2, 1, 0,     4, 5, 6, 7,
panel_309, 2, 2, 1, 1, 16, 4,     0, 1, 2,     4, 5, 3,     3, 2, 1, 0,     4, 5, 6, 7,
panel_310, 2, 2, 1, 1, 16, 4,     0, 1, 2,     4, 5, 3,     3, 2, 1, 0,     4, 5, 6, 7,
panel_311, 2, 2, 1, 1, 16, 4,     0, 1, 2,     4, 5, 3,     3, 2, 1, 0,     4, 5, 6, 7,
panel_312, 2, 2, 1, 1, 16, 4,     0, 1, 2,     4, 5, 3,     3, 2, 1, 0,     4, 5, 6, 7,
panel_313, 2, 2, 1, 1, 16, 4,     0, 1, 2,     4, 5, 3,     3, 2, 1, 0,     4, 5, 6, 7,
panel_314, 2, 2, 1, 1, 16, 4,     0, 1, 2,     4, 5, 3,     3, 2, 1, 0,     4, 5, 6, 7,
panel_315, 2, 2, 1, 1, 16, 4,     0, 1, 2,     4, 5, 3,     3, 2, 1, 0,     4, 5, 6, 7,
panel_316, 2, 2, 1, 1, 16, 4,     0, 1, 2,     4, 5, 3,     3, 2, 1, 0,     4, 5, 6, 7,
panel_317, 2, 2, 1, 1, 16, 4,     0, 1, 2,     4, 5, 3,     3, 2, 1, 0,     4, 5, 6, 7,
panel_318, 2, 2, 1, 1, 16, 4,     0, 1, 2,     4, 5, 3,     3, 2, 1, 0,     4, 5, 6, 7,
panel_319, 2, 2, 1, 1, 16, 4,     0, 1, 2,     4, 5, 3,     3, 2, 1, 0,     4, 5, 6, 7,
panel_320, 2, 2, 1, 1, 16, 4,     0, 1, 2,     4, 5, 3,     3, 2, 1, 0,     4, 5, 6, 7,
panel_321, 2, 2, 1, 1, 16, 4,     0, 1, 2,     4, 5, 3,     3, 2, 1, 0,     4, 5, 6, 7,
panel_322, 2, 2, 1, 1, 16, 4,     0, 1, 2,     4, 5, 3,     3, 2, 1, 0,     4, 5, 6, 7,
panel_323, 2, 2, 1, 1, 16, 4,     0, 1, 2,     4, 5, 3,     3, 2, 1, 0,     4, 5, 6, 7,
panel_324, 2, 2, 1, 1, 16, 4,     0, 1, 2,     4, 5, 3,     3, 2, 1, 0,     4, 5, 6, 7,
panel_325, 2, 2, 1, 1, 16, 4,     0, 1, 2,     4, 5, 3,     3, 2, 1, 0,     4, 5, 6, 7,
panel_326, 2, 2, 1, 1, 16, 4,     0, 1, 2,     4, 5, 3,     3, 2, 1, 0,     4, 5, 6, 7,
panel_327, 2, 2, 1, 1, 16, 4,     0, 1, 2,     4, 5, 3,     3, 2, 1, 0,     4, 5, 6, 7,
panel_328, 2, 2, 1, 1, 16, 4,     0, 1, 2,     4, 5, 3,     3, 2, 1, 0,     4, 5, 6, 7,
panel_329, 2, 2, 1, 1, 16, 4,     0, 1, 2,     4, 5, 3,     3, 2, 1, 0,     4, 5, 6, 7,
panel_330, 2, 2, 1, 1, 16, 4,     0, 1, 2,     4, 5, 3,     3, 2, 1, 0,     4, 5, 6, 7,
panel_331, 2, 2, 1, 1, 16, 4,     0, 1, 2,     4, 5, 3,     3, 2, 1, 0,     4, 5, 6, 7,
panel_332, 2, 2, 1, 1, 16, 4,     0, 1, 2,     4, 5, 3,     3, 2, 1, 0,     4, 5, 6, 7,
panel_333, 2, 2, 1, 1, 16, 4,     0, 1, 2,     4, 5, 3,     3, 2, 1, 0,     4, 5, 6, 7,
panel_334, 2, 2, 1, 1, 16, 4,     0, 1, 2,     4, 5, 3,     3, 2, 1, 0,     4, 5, 6, 7,
panel_335, 2, 2, 1, 1, 16, 4,     0, 1, 2,     4, 5, 3,     3, 2, 1, 0,     4, 5, 6, 7,
panel_336, 2, 2, 1, 1, 16, 4,     0, 1, 2,     4, 5, 3,     3, 2, 1, 0,     4, 5, 6, 7,
panel_337, 2, 2, 1, 1, 16, 4,     0, 1, 2,     4, 5, 3,     3, 2, 1, 0,     4, 5, 6, 7,
panel_338, 2, 2, 1, 1, 16, 4,     0, 1, 2,     4, 5, 3,     3, 2, 1, 0,     4, 5, 6, 7,
panel_339, 2, 2, 1, 1, 16, 4,     0, 1, 2,     4, 5, 3,     3, 2, 1, 0,     4, 5, 6, 7,
panel_340, 2, 2, 1, 1, 16, 4,     0, 1, 2,     4, 5, 3,     3, 2, 1, 0,     4, 5, 6, 7,
panel_341, 2, 2, 1, 1, 16, 4,     0, 1, 2,     4, 5, 3,     3, 2, 1, 0,     4, 5, 6, 7,
panel_342, 2, 2, 1, 1, 16, 4,     0, 1, 2,     4, 5, 3,     3, 2, 1, 0,     4, 5, 6, 7,
panel_343, 2, 2, 1, 1, 16, 4,     0, 1, 2,     4, 5, 3,     3, 2, 1, 0,     4, 5, 6, 7,
panel_344, 2, 2, 1, 1, 16, 4,     0, 1, 2,     4, 5, 3,     3, 2, 1, 0,     4, 5, 6, 7,
panel_345, 2, 2, 1, 1, 16, 4,     0, 1, 2,     4, 5, 3,     3, 2, 1, 0,     4, 5, 6, 7,
panel_346, 2, 2, 1, 1, 16, 4,     0, 1, 2,     4, 5, 3,     3, 2, 1, 0,     4, 5, 6, 7,
panel_347, 2, 2, 1, 1, 16, 4,     0, 1, 2,     4, 5, 3,     3, 2, 1, 0,     4, 5, 6, 7,
panel_348, 2, 2, 1, 1, 16, 4,     0, 1, 2,     4, 5, 3,     3, 2, 1, 0,     4, 5, 6, 7,
panel_349, 2, 2, 1, 1, 16, 4,     0, 1, 2,     4, 5, 3,     3, 2, 1, 0,     4, 5, 6, 7,
panel_350, 2, 2, 1, 1, 16, 4,     0, 1, 2,     4, 5, 3,     3, 2, 1, 0,     4, 5, 6, 7,
panel_351, 2, 2, 1, 1, 16, 4,     0, 1, 2,     4, 5, 3,     3, 2, 1, 0,     4, 5, 6, 7,
panel_352, 2, 2, 1, 1, 16, 4,     0, 1, 2,     4, 5, 3,     3, 2, 1, 0,     4, 5, 6, 7,
panel_353, 2, 2, 1, 1, 16, 4,     0, 1, 2,     4, 5, 3,     3, 2, 1, 0,     4, 5, 6, 7,
panel_354, 2, 2, 1, 1, 16, 4,     0, 1, 2,     4, 5, 3,     3, 2, 1, 0,     4, 5, 6, 7,
panel_355, 2, 2, 1, 1, 16, 4,     0, 1, 2,     4, 5, 3,     3, 2, 1, 0,     4, 5, 6, 7,
panel_356, 2, 2, 1, 1, 16, 4,     0, 1, 2,     4, 5, 3,     3, 2, 1, 0,     4, 5, 6, 7,
panel_357, 2, 2, 1, 1, 16, 4,     0, 1, 2,     4, 5, 3,     3, 2, 1, 0,     4, 5, 6, 7,
panel_358, 2, 2, 1, 1, 16, 4,     0, 1, 2,     4, 5, 3,     3, 2, 1, 0,     4, 5, 6, 7,
panel_359, 2, 2, 1, 1, 16, 4,     0, 1, 2,     4, 5, 3,     3, 2, 1, 0,     4, 5, 6, 7,
panel_360, 2, 2, 1, 1, 16, 4,     0, 1, 2,     4, 5, 3,     3, 2, 1, 0,     4, 5, 6, 7,
panel_361, 2, 2, 1, 1, 16, 4,     0, 1, 2,     4, 5, 3,     3, 2, 1, 0,     4, 5, 6, 7,
panel_362, 2, 2, 1, 1, 16, 4,     0, 1, 2,     4, 5, 3,     3, 2, 1, 0,     4, 5, 6, 7,
panel_363, 2, 2, 1, 1, 16, 4,     0, 1, 2,     4, 5, 3,     3, 2, 1, 0,     4, 5, 6, 7,
panel_364, 2, 2, 1, 1, 16, 4,     0, 1, 2,     4, 5, 3,     3, 2, 1, 0,     4, 5, 6, 7,
panel_365, 2, 2, 1, 1, 16, 4,     0, 1, 2,     4, 5, 3,     3, 2, 1, 0,     4, 5, 6, 7,
panel_366, 2, 2, 1, 1, 16, 4,     0, 1, 2,     4, 5, 3,     3, 2, 1, 0,     4, 5, 6, 7,
panel_367, 2, 2, 1, 1, 16, 4,     0, 1, 2,     4, 5, 3,     3, 2, 1, 0,     4, 5, 6, 7,
panel_368, 2, 2, 1, 1, 16, 4,     0, 1, 2,     4, 5, 3,     3, 2, 1, 0,     4, 5, 6, 7,
panel_369, 2, 2, 1, 1, 16, 4,     0, 1, 2,     4, 5, 3,     3, 2, 1, 0,     4, 5, 6, 7,
panel_370, 2, 2, 1, 1, 16, 4,     0, 1, 2,     4, 5, 3,     3, 2, 1, 0,     4, 5, 6, 7,
panel_371, 2, 2, 1, 1, 16, 4,     0, 1, 2,     4, 5, 3,     3, 2, 1, 0,     4, 5, 6, 7,
panel_372, 2, 2, 1, 1, 16, 4,     0, 1, 2,     4, 5, 3,     3, 2, 1, 0,     4, 5, 6, 7,
panel_373, 2, 2, 1, 1, 16, 4,     0, 1, 2,     4, 5, 3,     3, 2, 1, 0,     4, 5, 6, 7,
panel_374, 2, 2, 1, 1, 16, 4,     0, 1, 2,     4, 5, 3,     3, 2, 1, 0,     4, 5, 6, 7,
panel_375, 2, 2, 1, 1, 16, 4,     0, 1, 2,     4, 5, 3,     3, 2, 1, 0,     4, 5, 6, 7,
panel_376, 2, 2, 1, 1, 16, 4,     0, 1, 2,     4, 5, 3,     3, 2, 1, 0,     4, 5, 6, 7,
panel_377, 2, 2, 1, 1, 16, 4,     0, 1, 2,     4, 5, 3,     3, 2, 1, 0,     4, 5, 6, 7,
panel_378, 2, 2, 1, 1, 16, 4,     0, 1, 2,     4, 5, 3,     3, 2, 1, 0,     4, 5, 6, 7,
panel_379, 2, 2, 1, 1, 16, 4,     0, 1, 2,     4, 5, 3,     3, 2, 1, 0,     4, 5, 6, 7,
panel_380, 2, 2, 1, 1, 16, 4,     0, 1, 2,     4, 5, 3,     3, 2, 1, 0,     4, 5, 6, 7,
panel_381, 2, 2, 1, 1, 16, 4,     0, 1, 2,     4, 5, 3,     3, 2, 1, 0,     4, 5, 6, 7,
panel_382, 2, 2, 1, 1, 16, 4,     0, 1, 2,     4, 5, 3,     3, 2, 1, 0,     4, 5, 6, 7,
panel_383, 2, 2, 1, 1, 16, 4,     0, 1, 2,     4, 5, 3,     3, 2, 1, 0,     4, 5, 6, 7,
panel_384, 2, 2, 1, 1, 16, 4,     0, 1, 2,     4, 5, 3,     3, 2, 1, 0,     4, 5, 6, 7,
panel_385, 2, 2, 1, 1, 16, 4,     0, 1, 2,     4, 5, 3,     3, 2, 1, 0,     4, 5, 6, 7,
panel_386, 2, 2, 1, 1, 16, 4,     0, 1, 2,     4, 5, 3,     3, 2, 1, 0,     4, 5, 6, 7,
panel_387, 2, 2, 1, 1, 16, 4,     0, 1, 2,     4, 5, 3,     3, 2, 1, 0,     4, 5, 6, 7,
panel_388, 2, 2, 1, 1, 16, 4,     0, 1, 2,     4, 5, 3,     3, 2, 1, 0,     4, 5, 6, 7,
panel_389, 2, 2, 1, 1, 16, 4,     0, 1, 2,     4, 5, 3,     3, 2, 1, 0,     4, 5, 6, 7,
panel_390, 2, 2, 1, 1, 16, 4,     0, 1, 2,     4, 5, 3,     3, 2, 1, 0,     4, 5, 6, 7,
panel_391, 2, 2, 1, 1, 16, 4,     0, 1, 2,     4, 5, 3,     3, 2, 1, 0,     4, 5, 6, 7,
panel_392, 2, 2, 1, 1, 16, 4,     0, 1, 2,     4, 5, 3,     3, 2, 1, 0,     4, 5, 6, 7,
panel_393, 2, 2, 1, 1, 16, 4,     0, 1, 2,     4, 5, 3,     3, 2, 1, 0,     4, 5, 6, 7,
panel_394, 2, 2, 1, 1, 16, 4,     0, 1, 2,     4, 5, 3,     3, 2, 1, 0,     4, 5, 6, 7,
panel_395, 2, 2, 1, 1, 16, 4,     0, 1, 2,     4, 5, 3,     3, 2, 1, 0,     4, 5, 6, 7,
panel_396, 2, 2, 1, 1, 16, 4,     0, 1, 2,     4, 5, 3,     3, 2, 1, 0,     4, 5, 6, 7,
panel_397, 2, 2, 1, 1, 16, 4,     0, 1, 2,     4, 5, 3,     3, 2, 1, 0,     4, 5, 6, 7,
panel_398, 2, 2, 1, 1, 16, 4,     0, 1, 2,     4, 5, 3,     3, 2, 1, 0,     4, 5, 6, 7,
panel_399, 2, 2, 1, 1, 16, 4,     0, 1, 2,     4, 5, 3,     3, 2, 1, 0,     4, 5, 6, 7,
panel_400, 2, 2, 1, 1, 16, 4,     0, 1, 2,     4, 5, 3,     3, 2, 1, 0,     4, 5, 6, 7,
panel_401, 2, 2, 1, 1, 16, 4,     0, 1, 2,     4, 5, 3,     3, 2, 1, 0,     4, 5, 6, 7,
panel_402, 2, 2, 1, 1, 16, 4,     0, 1, 2,     4, 5, 3,     3, 2, 1, 0,     4, 5, 6, 7,
panel_403, 2, 2, 1, 1, 16, 4,     0, 1, 2,     4, 5, 3,     3, 2, 1, 0,     4, 5, 6, 7,
panel_404, 2, 2, 1, 1, 16, 4,     0, 1, 2,     4, 5, 3,     3, 2, 1, 0,     4, 5, 6, 7,
panel_405, 2, 2, 1, 1, 16, 4,     0, 1, 2,     4, 5, 3,     3, 2, 1, 0,     4, 5, 6, 7,
panel_406, 2, 2, 1, 1, 16, 4,     0, 1, 2,     4, 5, 3,     3, 2, 1, 0,     4, 5, 6, 7,
panel_407, 2, 2, 1, 1, 16, 4,     0, 1, 2,     4, 5, 3,     3, 2, 1, 0,     4, 5, 6, 7,
panel_408, 2, 2, 1, 1, 16, 4,     0, 1, 2,     4, 5, 3,     3, 2, 1, 0,     4, 5, 6, 7,
panel_409, 2, 2, 1, 1, 16, 4,     0, 1, 2,     4, 5, 3,     3, 2, 1, 0,     4, 5, 6, 7,
panel_410, 2, 2, 1, 1, 16, 4,     0, 1, 2,     4, 5, 3,     3, 2, 1, 0,     4, 5, 6, 7,
panel_411, 2, 2, 1, 1, 16, 4,     0, 1, 2,     4, 5, 3,     3, 2, 1, 0,     4, 5, 6, 7,
panel_412, 2, 2, 1, 1, 16, 4,     0, 1, 2,     4, 5, 3,     3, 2, 1, 0,     4, 5, 6, 7,
panel_413, 2, 2, 1, 1, 16, 4,     0, 1, 2,     4, 5, 3,     3, 2, 1, 0,     4, 5, 6, 7,
panel_414, 2, 2, 1, 1, 16, 4,     0, 1, 2,     4, 5, 3,     3, 2, 1, 0,     4, 5, 6, 7,
panel_415, 2, 2, 1, 1, 16, 4,     0, 1, 2,     4, 5, 3,     3, 2, 1, 0,     4, 5, 6, 7,
panel_416, 2, 2, 1, 1, 16, 4,     0, 1, 2,     4, 5, 3,     3, 2, 1, 0,     4, 5, 6, 7,
panel_417, 2, 2, 1, 1, 16, 4,     0, 1, 2,     4, 5, 3,     3, 2, 1, 0,     4, 5, 6, 7,
panel_418, 2, 2, 1, 1, 16, 4,     0, 1, 2,     4, 5, 3,     3, 2, 1, 0,     4, 5, 6, 7,
panel_419, 2, 2, 1, 1, 16, 4,     0, 1, 2,     4, 5, 3,     3, 2, 1, 0,     4, 5, 6, 7,
panel_420, 2, 2, 1, 1, 16, 4,     0, 1, 2,     4, 5, 3,     3, 2, 1, 0,     4, 5, 6, 7,
panel_421, 2, 2, 1, 1, 16, 4,     0, 1, 2,     4, 5, 3,     3, 2, 1, 0,     4, 5, 6, 7,
panel_422, 2, 2, 1, 1, 16, 4,     0, 1, 2,     4, 5, 3,     3, 2, 1, 0,     4, 5, 6, 7,
panel_423, 2, 2, 1, 1, 16, 4,     0, 1, 2,     4, 5, 3,     3, 2, 1, 0,     4, 5, 6, 7,
panel_424, 2, 2, 1, 1, 16, 4,     0, 1, 2,     4, 5, 3,     3, 2, 1, 0,     4, 5, 6, 7,
panel_425, 2, 2, 1, 1, 16, 4,     0, 1, 2,     4, 5, 3,     3, 2, 1, 0,     4, 5, 6, 7,
panel_426, 2, 2, 1, 1, 16, 4,     0, 1, 2,     4, 5, 3,     3, 2, 1, 0,     4, 5, 6, 7,
panel_427, 2, 2, 1, 1, 16, 4,     0, 1, 2,     4, 5, 3,     3, 2, 1, 0,     4, 5, 6, 7,
panel_428, 2, 2, 1, 1, 16, 4,     0, 1, 2,     4, 5, 3,     3, 2, 1, 0,     4, 5, 6, 7,
panel_429, 2, 2, 1, 1, 16, 4,     0, 1, 2,     4, 5, 3,     3, 2, 1, 0,     4, 5, 6, 7,
panel_430, 2, 2, 1, 1, 16, 4,     0, 1, 2,     4, 5, 3,     3, 2, 1, 0,     4, 5, 6, 7,
panel_431, 2, 2, 1, 1, 16, 4,     0, 1, 2,     4, 5, 3,     3, 2, 1, 0,     4, 5, 6, 7,
panel_432, 2, 2, 1, 1, 16, 4,     0, 1, 2,     4, 5, 3,     3, 2, 1, 0,     4, 5, 6, 7,
panel_433, 2, 2, 1, 1, 16, 4,     0, 1, 2,     4, 5, 3,     3, 2, 1, 0,     4, 5, 6, 7,
panel_434, 2, 2, 1, 1, 16, 4,     0, 1, 2,     4, 5, 3,     3, 2, 1, 0,     4, 5, 6, 7,
panel_435, 2, 2, 1, 1, 16, 4,     0, 1, 2,     4, 5, 3,     3, 2, 1, 0,     4, 5, 6, 7,
panel_436, 2, 2, 1, 1, 16, 4,     0, 1, 2,     4, 5, 3,     3, 2, 1, 0,     4, 5, 6, 7,
panel_437, 2, 2, 1, 1, 16, 4,     0, 1, 2,     4, 5, 3,     3, 2, 1, 0,     4, 5, 6, 7,
panel_438, 2, 2, 1, 1, 16, 4,     0, 1, 2,     4, 5, 3,     3, 2, 1, 0,     4, 5, 6, 7,
panel_439, 2, 2, 1, 1, 16, 4,     0, 1, 2,     4, 5, 3,     3, 2, 1, 0,     4, 5, 6, 7,
panel_440, 2, 2, 1, 1, 16, 4,     0, 1, 2,     4, 5, 3,     3, 2, 1, 0,     4, 5, 6, 7,
panel_441, 2, 2, 1, 1, 16, 4,     0, 1, 2,     4, 5, 3,     3, 2, 1, 0,     4, 5, 6, 7,
panel_442, 2, 2, 1, 1, 16, 4,     0, 1, 2,     4, 5, 3,     3, 2, 1, 0,     4, 5, 6, 7,
panel_443, 2, 2, 1, 1, 16, 4,     0, 1, 2,     4, 5, 3,     3, 2, 1, 0,     4, 5, 6, 7,
panel_444, 2, 2, 1, 1, 16, 4,     0, 1, 2,     4, 5, 3,     3, 2, 1, 0,     4, 5, 6, 7,
panel_445, 2, 2, 1, 1, 16, 4,     0, 1, 2,     4, 5, 3,     3, 2, 1, 0,     4, 5, 6, 7,
panel_446, 2, 2, 1, 1, 16, 4,     0, 1, 2,     4, 5, 3,     3, 2, 1, 0,     4, 5, 6, 7,
panel_447, 2, 2, 1, 1, 16, 4,     0, 1, 2,     4, 5, 3,     3, 2, 1, 0,     4, 5, 6, 7,
panel_448, 2, 2, 1, 1, 16, 4,     0, 1, 2,     4, 5, 3,     3, 2, 1, 0,     4, 5, 6, 7,
panel_449, 2, 2, 1, 1, 16, 4,     0, 1, 2,     4, 5, 3,     3, 2, 1, 0,     4, 5, 6, 7,
panel_450, 2, 2, 1, 1, 16, 4,     0, 1, 2,     4, 5, 3,     3, 2, 1, 0,     4, 5, 6, 7,
panel_451, 2, 2, 1, 1, 16, 4,     0, 1, 2,     4, 5, 3,     3, 2, 1, 0,     4, 5, 6, 7,
panel_452, 2, 2, 1, 1, 16, 4,     0, 1, 2,     4, 5, 3,     3, 2, 1, 0,     4, 5, 6, 7,
panel_453, 2, 2, 1, 1, 16, 4,     0, 1, 2,     4, 5, 3,     3, 2, 1, 0,     4, 5, 6, 7,
panel_454, 2, 2, 1, 1, 16, 4,     0, 1, 2,     4, 5, 3,     3, 2, 1, 0,     4, 5, 6, 7,
panel_455, 2, 2, 1, 1, 16, 4,     0, 1, 2,     4, 5, 3,     3, 2, 1, 0,     4, 5, 6, 7,
panel_456, 2, 2, 1, 1, 16, 4,     0, 1, 2,     4, 5, 3,     3, 2, 1, 0,     4, 5, 6, 7,
panel_457, 2, 2, 1, 1, 16, 4,     0, 1, 2,     4, 5, 3,     3, 2, 1, 0,     4, 5, 6, 7,
panel_458, 2, 2, 1, 1, 16, 4,     0, 1, 2,     4, 5, 3,     3, 2, 1, 0,     4, 5, 6, 7,
panel_459, 2, 2, 1, 1, 16, 4,     0, 1, 2,     4, 5, 3,     3, 2, 1, 0,     4, 5, 6, 7,
panel_460, 2, 2, 1, 1, 16, 4,     0, 1, 2,     4, 5, 3,     3, 2, 1, 0,     4, 5, 6, 7,
panel_461, 2, 2, 1, 1, 16, 4,     0, 1, 2,     4, 5, 3,     3, 2, 1, 0,     4, 5, 6, 7,
panel_462, 2, 2, 1, 1, 16, 4,     0, 1, 2,     4, 5, 3,     3, 2, 1, 0,     4, 5, 6, 7,
panel_463, 2, 2, 1, 1, 16, 4,     0, 1, 2,     4, 5, 3,     3, 2, 1, 0,     4, 5, 6, 7,
panel_464, 2, 2, 1, 1, 16, 4,     0, 1, 2,     4, 5, 3,     3, 2, 1, 0,     4, 5, 6, 7,
panel_465, 2, 2, 1, 1, 16, 4,     0, 1, 2,     4, 5, 3,     3, 2, 1, 0,     4, 5, 6, 7,
panel_466, 2, 2, 1, 1, 16, 4,     0, 1, 2,     4, 5, 3,     3, 2, 1, 0,     4, 5, 6, 7,
panel_467, 2, 2, 1, 1, 16, 4,     0, 1, 2,     4, 5, 3,     3, 2, 1, 0,     4, 5, 6, 7,
panel_468, 2, 2, 1, 1, 16, 4,     0, 1, 2,     4, 5, 3,     3, 2, 1, 0,     4, 5, 6, 7,
panel_469, 2, 2, 1, 1, 16, 4,     0, 1, 2,     4, 5, 3,     3, 2, 1, 0,     4, 5, 6, 7,
panel_470, 2, 2, 1, 1, 16, 4,     0, 1, 2,     4, 5, 3,     3, 2, 1, 0,     4, 5, 6, 7,
panel_471, 2, 2, 1, 1, 16, 4,     0, 1, 2,     4, 5, 3,     3, 2, 1, 0,     4, 5, 6, 7,
panel_472, 2, 2, 1, 1, 16, 4,     0, 1, 2,     4, 5, 3,     3, 2, 1, 0,     4, 5, 6, 7,
panel_473, 2, 2, 1, 1, 16, 4,     0, 1, 2,     4, 5, 3,     3, 2, 1, 0,     4, 5, 6, 7,
panel_474, 2, 2, 1, 1, 16, 4,     0, 1, 2,     4, 5, 3,     3, 2, 1, 0,     4, 5, 6, 7,
panel_475, 2, 2, 1, 1, 16, 4,     0, 1, 2,     4, 5, 3,     3, 2, 1, 0,     4, 5, 6, 7,
panel_476, 2, 2, 1, 1, 16, 4,     0, 1, 2,     4, 5, 3,     3, 2, 1, 0,     4, 5, 6, 7,
panel_477, 2, 2, 1, 1, 16, 4,     0, 1, 2,     4, 5, 3,     3, 2, 1, 0,     4, 5, 6, 7,
panel_478, 2, 2, 1, 1, 16, 4,     0, 1, 2,     4, 5, 3,     3, 2, 1, 0,     4, 5, 6, 7,
panel_479, 2, 2, 1, 1, 16, 4,     0, 1, 2,     4, 5, 3,     3, 2, 1, 0,     4, 5, 6, 7,
panel_480, 2, 2, 1, 1, 16, 4,     0, 1, 2,     4, 5, 3,     3, 2, 1, 0,     4, 5, 6, 7,
panel_481, 2, 2, 1, 1, 16, 4,     0, 1, 2,     4, 5, 3,     3, 2, 1, 0,     4, 5, 6, 7,
panel_482, 2, 2, 1, 1, 16, 4,     0, 1, 2,     4, 5, 3,     3, 2, 1, 0,     4, 5, 6, 7,
panel_483, 2, 2, 1, 1, 16, 4,     0, 1, 2,     4, 5, 3,     3, 2, 1, 0,     4, 5, 6, 7,
panel_484, 2, 2, 1, 1, 16, 4,     0, 1, 2,     4, 5, 3,     3, 2, 1, 0,     4, 5, 6, 7,
panel_485, 2, 2, 1, 1, 16, 4,     0, 1, 2,     4, 5, 3,     3, 2, 1, 0,     4, 5, 6, 7,
panel_486, 2, 2, 1, 1, 16, 4,     0, 1, 2,     4, 5, 3,     3, 2, 1, 0,     4, 5, 6, 7,
panel_487, 2, 2, 1, 1, 16, 4,     0, 1, 2,     4, 5, 3,     3, 2, 1, 0,     4, 5, 6, 7,
panel_488, 2, 2, 1, 1, 16, 4,     0, 1, 2,     4, 5, 3,     3, 2, 1, 0,     4, 5, 6, 7,
panel_489, 2, 2, 1, 1, 16, 4,     0, 1, 2,     4, 5, 3,     3, 2, 1, 0,     4, 5, 6, 7,
panel_490, 2, 2, 1, 1, 16, 4,     0, 1, 2,     4, 5, 3,     3, 2, 1, 0,     4, 5, 6, 7,
panel_491, 2, 2, 1, 1, 16, 4,     0, 1, 2,     4, 5, 3,     3, 2, 1, 0,     4, 5, 6, 7,
panel_492, 2, 2, 1, 1, 16, 4,     0, 1, 2,     4, 5, 3,     3, 2, 1, 0,     4, 5, 6, 7,
panel_493, 2, 2, 1, 1, 16, 4,     0, 1, 2,     4, 5, 3,     3, 2, 1, 0,     4, 5, 6, 7,
panel_494, 2, 2, 1, 1, 16, 4,     0, 1, 2,     4, 5, 3,     3, 2, 1, 0,     4, 5, 6, 7,
panel_495, 2, 2, 1, 1, 16, 4,     0, 1, 2,     4, 5, 3,     3, 2, 1, 0,     4, 5, 6, 7,
panel_496, 2, 2, 1, 1, 16, 4,     0, 1, 2,     4, 5, 3,     3, 2, 1, 0,     4, 5, 6, 7,
panel_497, 2, 2, 1, 1, 16, 4,     0, 1, 2,     4, 5, 3,     3, 2, 1, 0,     4, 5, 6, 7,
panel_498, 2, 2, 1, 1, 16, 4,     0, 1, 2,     4, 5, 3,     3, 2, 1, 0,     4, 5, 6, 7,
panel_499, 2, 2, 1, 1, 16, 4,     0, 1, 2,     4, 5, 3,     3, 2, 1, 0,     4, 5, 6, 7,
panel_500, 2, 2, 1, 1, 16, 4,     0, 1, 2,     4, 5, 3,     3, 2, 1, 0,     4, 5, 6, 7,
panel_501, 2, 2, 1, 1, 16, 4,     0, 1, 2,     4, 5, 3,     3, 2, 1, 0,     4, 5, 6, 7,
panel_502, 2, 2, 1, 1, 16, 4,     0, 1, 2,     4, 5, 3,     3, 2, 1, 0,     4, 5, 6, 7,
panel_503, 2, 2, 1, 1, 16, 4,     0, 1, 2,     4, 5, 3,     3, 2, 1, 0,     4, 5, 6, 7,
panel_504, 2, 2, 1, 1, 16, 4,     0, 1, 2,     4, 5, 3,     3, 2, 1, 0,     4, 5, 6, 7,
panel_505, 2, 2, 1, 1, 16, 4,     0, 1, 2,     4, 5, 3,     3, 2, 1, 0,     4, 5, 6, 7,
panel_506, 2, 2, 1, 1, 16, 4,     0, 1, 2,     4, 5, 3,     3, 2, 1, 0,     4, 5, 6, 7,
panel_507, 2, 2, 1, 1, 16, 4,     0, 1, 2,     4, 5, 3,     3, 2, 1, 0,     4, 5, 6, 7,
panel_508, 2, 2, 1, 1, 16, 4,     0, 1, 2,     4, 5, 3,     3, 2, 1, 0,     4, 5, 6, 7,
panel_509, 2, 2, 1, 1, 16, 4,     0, 1, 2,     4, 5, 3,     3, 2, 1, 0,     4, 5, 6, 7,
panel_510, 2, 2, 1, 1, 16, 4,     0, 1, 2,     4, 5, 3,     3, 2, 1, 0,     4, 5, 6, 7,
panel_511, 2, 2, 1, 1, 16, 4,     0, 1, 2,     4, 5, 3,     3, 2, 1, 0,     4, 5, 6, 7,
panel_512, 2, 2, 1, 1, 16, 4,     0, 1, 2,     4, 5, 3,     3, 2, 1, 0,     4, 5, 6, 7,
panel_513, 2, 2, 1, 1, 16, 4,     0, 1, 2,     4, 5, 3,     3, 2, 1, 0,     4, 5, 6, 7,
panel_514, 2, 2, 1, 1, 16, 4,     0, 1, 2,     4, 5, 3,     3, 2, 1, 0,     4, 5, 6, 7,
panel_515, 2, 2, 1, 1, 16, 4,     0, 1, 2,     4, 5, 3,     3, 2, 1, 0,     4, 5, 6, 7,
panel_516, 2, 2, 1, 1, 16, 4,     0, 1, 2,     4, 5, 3,     3, 2, 1, 0,     4, 5, 6, 7,
panel_517, 2, 2, 1, 1, 16, 4,     0, 1, 2,     4, 5, 3,     3, 2, 1, 0,     4, 5, 6, 7,
panel_518, 2, 2, 1, 1, 16, 4,     0, 1, 2,     4, 5, 3,     3, 2, 1, 0,     4, 5, 6, 7,
panel_519, 2, 2, 1, 1, 16, 4,     0, 1, 2,     4, 5, 3,     3, 2, 1, 0,     4, 5, 6, 7,
panel_520, 2, 2, 1, 1, 16, 4,     0, 1, 2,     4, 5, 3,     3, 2, 1, 0,     4, 5, 6, 7,
panel_521, 2, 2, 1, 1, 16, 4,     0, 1, 2,     4, 5, 3,     3, 2, 1, 0,     4, 5, 6, 7,
panel_522, 2, 2, 1, 1, 16, 4,     0, 1, 2,     4, 5, 3,     3, 2, 1, 0,     4, 5, 6, 7,
panel_523, 2, 2, 1, 1, 16, 4,     0, 1, 2,     4, 5, 3,     3, 2, 1, 0,     4, 5, 6, 7,
panel_524, 2, 2, 1, 1, 16, 4,     0, 1, 2,     4, 5, 3,     3, 2, 1, 0,     4, 5, 6, 7,
panel_525, 2, 2, 1, 1, 16, 4,     0, 1, 2,     4, 5, 3,     3, 2, 1, 0,     4, 5, 6, 7,
panel_526, 2, 2, 1, 1, 16, 4,     0, 1, 2,     4, 5, 3,     3, 2, 1, 0,     4, 5, 6, 7,
panel_527, 2, 2, 1, 1, 16, 4,     0, 1, 2,     4, 5, 3,     3, 2, 1, 0,     4, 5, 6, 7,
panel_528, 2, 2, 1, 1, 16, 4,     0, 1, 2,     4, 5, 3,     3, 2, 1, 0,     4, 5, 6, 7,
panel_529, 2, 2, 1, 1, 16, 4,     0, 1, 2,     4, 5, 3,     3, 2, 1, 0,     4, 5, 6, 7,
panel_530, 2, 2, 1, 1, 16, 4,     0, 1, 2,     4, 5, 3,     3, 2, 1, 0,     4, 5, 6, 7,
panel_531, 2, 2, 1, 1, 16, 4,     0, 1, 2,     4, 5, 3,     3, 2, 1, 0,     4, 5, 6, 7,
panel_532, 2, 2, 1, 1, 16, 4,     0, 1, 2,     4, 5, 3,     3, 2, 1, 0,     4, 5, 6, 7,
panel_533, 2, 2, 1, 1, 16, 4,     0, 1, 2,     4, 5, 3,     3, 2, 1, 0,     4, 5, 6, 7,
panel_534, 2, 2, 1, 1, 16, 4,     0, 1, 2,     4, 5, 3,     3, 2, 1, 0,     4, 5, 6, 7,
panel_535, 2, 2, 1, 1, 16, 4,     0, 1, 2,     4, 5, 3,     3, 2, 1, 0,     4, 5, 6, 7,
panel_536, 2, 2, 1, 1, 16, 4,     0, 1, 2,     4, 5, 3,     3, 2, 1, 0,     4, 5, 6, 7,
panel_537, 2, 2, 1, 1, 16, 4,     0, 1, 2,     4, 5, 3,     3, 2, 1, 0,     4, 5, 6, 7,
panel_538, 2, 2, 1, 1, 16, 4,     0, 1, 2,     4, 5, 3,     3, 2, 1, 0,     4, 5, 6, 7,
panel_539, 2, 2, 1, 1, 16, 4,     0, 1, 2,     4, 5, 3,     3, 2, 1, 0,     4, 5, 6, 7,
panel_540, 2, 2, 1, 1, 16, 4,     0, 1, 2,     4, 5, 3,     3, 2, 1, 0,     4, 5, 6, 7,
panel_541, 2, 2, 1, 1, 16, 4,     0, 1, 2,     4, 5, 3,     3, 2, 1, 0,     4, 5, 6, 7,
panel_542, 2, 2, 1, 1, 16, 4,     0, 1, 2,     4, 5, 3,     3, 2, 1, 0,     4, 5, 6, 7,
panel_543, 2, 2, 1, 1, 16, 4,     0, 1, 2,     4, 5, 3,     3, 2, 1, 0,     4, 5, 6, 7,
panel_544, 2, 2, 1, 1, 16, 4,     0, 1, 2,     4, 5, 3,     3, 2, 1, 0,     4, 5, 6, 7,
panel_545, 2, 2, 1, 1, 16, 4,     0, 1, 2,     4, 5, 3,     3, 2, 1, 0,     4, 5, 6, 7,
panel_546, 2, 2, 1, 1, 16, 4,     0, 1, 2,     4, 5, 3,     3, 2, 1, 0,     4, 5, 6, 7,
panel_547, 2, 2, 1, 1, 16, 4,     0, 1, 2,     4, 5, 3,     3, 2, 1, 0,     4, 5, 6, 7,
panel_548, 2, 2, 1, 1, 16, 4,     0, 1, 2,     4, 5, 3,     3, 2, 1, 0,     4, 5, 6, 7,
panel_549, 2, 2, 1, 1, 16, 4,     0, 1, 2,     4, 5, 3,     3, 2, 1, 0,     4, 5, 6, 7,
panel_550, 2, 2, 1, 1, 16, 4,     0, 1, 2,     4, 5, 3,     3, 2, 1, 0,     4, 5, 6, 7,
panel_551, 2, 2, 1, 1, 16, 4,     0, 1, 2,     4, 5, 3,     3, 2, 1, 0,     4, 5, 6, 7,
panel_552, 2, 2, 1, 1, 16, 4,     0, 1, 2,     4, 5, 3,     3, 2, 1, 0,     4, 5, 6, 7,
panel_553, 2, 2, 1, 1, 16, 4,     0, 1, 2,     4, 5, 3,     3, 2, 1, 0,     4, 5, 6, 7,
panel_554, 2, 2, 1, 1, 16, 4,     0, 1, 2,     4, 5, 3,     3, 2, 1, 0,     4, 5, 6, 7,
panel_555, 2, 2, 1, 1, 16, 4,     0, 1, 2,     4, 5, 3,     3, 2, 1, 0,     4, 5, 6, 7,
panel_556, 2, 2, 1, 1, 16, 4,     0, 1, 2,     4, 5, 3,     3, 2, 1, 0,     4, 5, 6, 7,
panel_557, 2, 2, 1, 1, 16, 4,     0, 1, 2,     4, 5, 3,     3, 2, 1, 0,     4, 5, 6, 7,
panel_558, 2, 2, 1, 1, 16, 4,     0, 1, 2,     4, 5, 3,     3, 2, 1, 0,     4, 5, 6, 7,
panel_559, 2, 2, 1, 1, 16, 4,     0, 1, 2,     4, 5, 3,     3, 2, 1, 0,     4, 5, 6, 7,
panel_560, 2, 2, 1, 1, 16, 4,     0, 1, 2,     4, 5, 3,     3, 2, 1, 0,     4, 5, 6, 7,
panel_561, 2, 2, 1, 1, 16, 4,     0, 1, 2,     4, 5, 3,     3, 2, 1, 0,     4, 5, 6, 7,
panel_562, 2, 2, 1, 1, 16, 4,     0, 1, 2,     4, 5, 3,     3, 2, 1, 0,     4, 5, 6, 7,
panel_563, 2, 2, 1, 1, 16, 4,     0, 1, 2,     4, 5, 3,     3, 2, 1, 0,     4, 5, 6, 7,
panel_564, 2, 2, 1, 1, 16, 4,     0, 1, 2,     4, 5, 3,     3, 2, 1, 0,     4, 5, 6, 7,
panel_565, 2, 2, 1, 1, 16, 4,     0, 1, 2,     4, 5, 3,     3, 2, 1, 0,     4, 5, 6, 7,
panel_566, 2, 2, 1, 1, 16, 4,     0, 1, 2,     4, 5, 3,     3, 2, 1, 0,     4, 5, 6, 7,
panel_567, 2, 2, 1, 1, 16, 4,     0, 1, 2,     4, 5, 3,     3, 2, 1, 0,     4, 5, 6, 7,
panel_568, 2, 2, 1, 1, 16, 4,     0, 1, 2,     4, 5, 3,     3, 2, 1, 0,     4, 5, 6, 7,
panel_569, 2, 2, 1, 1, 16, 4,     0, 1, 2,     4, 5, 3,     3, 2, 1, 0,     4, 5, 6, 7,
panel_570, 2, 2, 1, 1, 16, 4,     0, 1, 2,     4, 5, 3,     3, 2, 1, 0,     4, 5, 6, 7,
panel_571, 2, 2, 1, 1, 16, 4,     0, 1, 2,     4, 5, 3,     3, 2, 1, 0,     4, 5, 6, 7,
panel_572, 2, 2, 1, 1, 16, 4,     0, 1, 2,     4, 5, 3,     3, 2, 1, 0,     4, 5, 6, 7,
panel_573, 2, 2, 1, 1, 16, 4,     0, 1, 2,     4, 5, 3,     3, 2, 1, 0,     4, 5, 6, 7,
panel_574, 2, 2, 1, 1, 16, 4,     0, 1, 2,     4, 5, 3,     3, 2, 1, 0,     4, 5, 6, 7,
panel_575, 2, 2, 1, 1, 16, 4,     0, 1, 2,     4, 5, 3,     3, 2, 1, 0,     4, 5, 6, 7,
panel_576, 2, 2, 1, 1, 16, 4,     0, 1, 2,     4, 5, 3,     3, 2, 1, 0,     4, 5, 6, 7,
panel_577, 2, 2, 1, 1, 16, 4,     0, 1, 2,     4, 5, 3,     3, 2, 1, 0,     4, 5, 6, 7,
panel_578, 2, 2, 1, 1, 16, 4,     0, 1, 2,     4, 5, 3,     3, 2, 1, 0,     4, 5, 6, 7,
panel_579, 2, 2, 1, 1, 16, 4,     0, 1, 2,     4, 5, 3,     3, 2, 1, 0,     4, 5, 6, 7,
panel_580, 2, 2, 1, 1, 16, 4,     0, 1, 2,     4, 5, 3,     3, 2, 1, 0,     4, 5, 6, 7,
panel_581, 2, 2, 1, 1, 16, 4,     0, 1, 2,     4, 5, 3,     3, 2, 1, 0,     4, 5, 6, 7,
panel_582, 2, 2, 1, 1, 16, 4,     0, 1, 2,     4, 5, 3,     3, 2, 1, 0,     4, 5, 6, 7,
panel_583, 2, 2, 1, 1, 16, 4,     0, 1, 2,     4, 5, 3,     3, 2, 1, 0,     4, 5, 6, 7,
panel_584, 2, 2, 1, 1, 16, 4,     0, 1, 2,     4, 5, 3,     3, 2, 1, 0,     4, 5, 6, 7,
panel_585, 2, 2, 1, 1, 16, 4,     0, 1, 2,     4, 5, 3,     3, 2, 1, 0,     4, 5, 6, 7,
panel_586, 2, 2, 1, 1, 16, 4,     0, 1, 2,     4, 5, 3,     3, 2, 1, 0,     4, 5, 6, 7,
panel_587, 2, 2, 1, 1, 16, 4,     0, 1, 2,     4, 5, 3,     3, 2, 1, 0,     4, 5, 6, 7,
panel_588, 2, 2, 1, 1, 16, 4,     0, 1, 2,     4, 5, 3,     3, 2, 1, 0,     4, 5, 6, 7,
panel_589, 2, 2, 1, 1, 16, 4,     0, 1, 2,     4, 5, 3,     3, 2, 1, 0,     4, 5, 6, 7,
panel_590, 2, 2, 1, 1, 16, 4,     0, 1, 2,     4, 5, 3,     3, 2, 1, 0,     4, 5, 6, 7,
panel_591, 2, 2, 1, 1, 16, 4,     0, 1, 2,     4, 5, 3,     3, 2, 1, 0,     4, 5, 6, 7,
panel_592, 2, 2, 1, 1, 16, 4,     0, 1, 2,     4, 5, 3,     3, 2, 1, 0,     4, 5, 6, 7,
panel_593, 2, 2, 1, 1, 16, 4,     0, 1, 2,     4, 5, 3,     3, 2, 1, 0,     4, 5, 6, 7,
panel_594, 2, 2, 1, 1, 16, 4,     0, 1, 2,     4, 5, 3,     3, 2, 1, 0,     4, 5, 6, 7,
panel_595, 2, 2, 1, 1, 16, 4,     0, 1, 2,     4, 5, 3,     3, 2, 1, 0,     4, 5, 6, 7,
panel_596, 2, 2, 1, 1, 16, 4,     0, 1, 2,     4, 5, 3,     3, 2, 1, 0,     4, 5, 6, 7,
panel_597, 2, 2, 1, 1, 16, 4,     0, 1, 2,     4, 5, 3,     3, 2, 1, 0,     4, 5, 6, 7,
panel_598, 2, 2, 1, 1, 16, 4,     0, 1, 2,     4, 5, 3,     3, 2, 1, 0,     4, 5, 6, 7,
panel_599, 2, 2, 1, 1, 16, 4,     0, 1, 2,     4, 5, 3,     3, 2, 1, 0,     4, 5, 6, 7,
panel_600, 2, 2, 1, 1, 16, 4,     0, 1, 2,     4, 5, 3,     3, 2, 1, 0,     4, 5, 6, 7,
panel_601, 2, 2, 1, 1, 16, 4,     0, 1, 2,     4, 5, 3,     3, 2, 1, 0,     4, 5, 6, 7,
panel_602, 2, 2, 1, 1, 16, 4,     0, 1, 2,     4, 5, 3,     3, 2, 1, 0,     4, 5, 6, 7,
panel_603, 2, 2, 1, 1, 16, 4,     0, 1, 2,     4, 5, 3,     3, 2, 1, 0,     4, 5, 6, 7,
panel_604, 2, 2, 1, 1, 16, 4,     0, 1, 2,     4, 5, 3,     3, 2, 1, 0,     4, 5, 6, 7,
panel_605, 2, 2, 1, 1, 16, 4,     0, 1, 2,     4, 5, 3,     3, 2, 1, 0,     4, 5, 6, 7,
panel_606, 2, 2, 1, 1, 16, 4,     0, 1, 2,     4, 5, 3,     3, 2, 1, 0,     4, 5, 6, 7,
panel_607, 2, 2, 1, 1, 16, 4,     0, 1, 2,     4, 5, 3,     3, 2, 1, 0,     4, 5, 6, 7,
panel_608, 2, 2, 1, 1, 16, 4,     0, 1, 2,     4, 5, 3,     3, 2, 1, 0,     4, 5, 6, 7,
panel_609, 2, 2, 1, 1, 16, 4,     0, 1, 2,     4, 5, 3,     3, 2, 1, 0,     4, 5, 6, 7,
panel_610, 2, 2, 1, 1, 16, 4,     0, 1, 2,     4, 5, 3,     3, 2, 1, 0,     4, 5, 6, 7,
panel_611, 2, 2, 1, 1, 16, 4,     0, 1, 2,     4, 5, 3,     3, 2, 1, 0,     4, 5, 6, 7,
panel_612, 2, 2, 1, 1, 16, 4,     0, 1, 2,     4, 5, 3,     3, 2, 1, 0,     4, 5, 6, 7,
panel_613, 2, 2, 1, 1, 16, 4,     0, 1, 2,     4, 5, 3,     3, 2, 1, 0,     4, 5, 6, 7,
panel_614, 2, 2, 1, 1, 16, 4,     0, 1, 2,     4, 5, 3,     3, 2, 1, 0,     4, 5, 6, 7,
panel_615, 2, 2, 1, 1, 16, 4,     0, 1, 2,     4, 5, 3,     3, 2, 1, 0,     4, 5, 6, 7,
panel_616, 2, 2, 1, 1, 16, 4,     0, 1, 2,     4, 5, 3,     3, 2, 1, 0,     4, 5, 6, 7,
panel_617, 2, 2, 1, 1, 16, 4,     0, 1, 2,     4, 5, 3,     3, 2, 1, 0,     4, 5, 6, 7,
panel_618, 2, 2, 1, 1, 16, 4,     0, 1, 2,     4, 5, 3,     3, 2, 1, 0,     4, 5, 6, 7,
panel_619, 2, 2, 1, 1, 16, 4,     0, 1, 2,     4, 5, 3,     3, 2, 1, 0,     4, 5, 6, 7,
panel_620, 2, 2, 1, 1, 16, 4,     0, 1, 2,     4, 5, 3,     3, 2, 1, 0,     4, 5, 6, 7,
panel_621, 2, 2, 1, 1, 16, 4,     0, 1, 2,     4, 5, 3,     3, 2, 1, 0,     4, 5, 6, 7,
panel_622, 2, 2, 1, 1, 16, 4,     0, 1, 2,     4, 5, 3,     3, 2, 1, 0,     4, 5, 6, 7,
panel_623, 2, 2, 1, 1, 16, 4,     0, 1, 2,     4, 5, 3,     3, 2, 1, 0,     4, 5, 6, 7,
panel_624, 2, 2, 1, 1, 16, 4,     0, 1, 2,     4, 5, 3,     3, 2, 1, 0,     4, 5, 6, 7,
panel_625, 2, 2, 1, 1, 16, 4,     0, 1, 2,     4, 5, 3,     3, 2, 1, 0,     4, 5, 6, 7,
panel_626, 2, 2, 1, 1, 16, 4,     0, 1, 2,     4, 5, 3,     3, 2, 1, 0,     4, 5, 6, 7,
panel_627, 2, 2, 1, 1, 16, 4,     0, 1, 2,     4, 5, 3,     3, 2, 1, 0,     4, 5, 6, 7,
panel_628, 2, 2, 1, 1, 16, 4,     0, 1, 2,     4, 5, 3,     3, 2, 1, 0,     4, 5, 6, 7,
panel_629, 2, 2, 1, 1, 16, 4,     0, 1, 2,     4, 5, 3,     3, 2, 1, 0,     4, 5, 6, 7,
panel_630, 2, 2, 1, 1, 16, 4,     0, 1, 2,     4, 5, 3,     3, 2, 1, 0,     4, 5, 6, 7,
panel_631, 2, 2, 1, 1, 16, 4,     0, 1, 2,     4, 5, 3,     3, 2, 1, 0,     4, 5, 6, 7,
panel_632, 2, 2, 1, 1, 16, 4,     0, 1, 2,     4, 5, 3,     3, 2, 1, 0,     4, 5, 6, 7,
panel_633, 2, 2, 1, 1, 16, 4,     0, 1, 2,     4, 5, 3,     3, 2, 1, 0,     4, 5, 6, 7,
panel_634, 2, 2, 1, 1, 16, 4,     0, 1, 2,     4, 5, 3,     3, 2, 1, 0,     4, 5, 6, 7,
panel_635, 2, 2, 1, 1, 16, 4,     0, 1, 2,     4, 5, 3,     3, 2, 1, 0,     4, 5, 6, 7,
panel_636, 2, 2, 1, 1, 16, 4,     0, 1, 2,     4, 5, 3,     3, 2, 1, 0,     4, 5, 6, 7,
panel_637, 2, 2, 1, 1, 16, 4,     0, 1, 2,     4, 5, 3,     3, 2, 1, 0,     4, 5, 6, 7,
panel_638, 2, 2, 1, 1, 16, 4,     0, 1, 2,     4, 5, 3,     3, 2, 1, 0,     4, 5, 6, 7,
panel_639, 2, 2, 1, 1, 16, 4,     0, 1, 2,     4, 5, 3,     3, 2, 1, 0,     4, 5, 6, 7,
panel_640, 2, 2, 1, 1, 16, 4,     0, 1, 2,     4, 5, 3,     3, 2, 1, 0,     4, 5, 6, 7,
panel_641, 2, 2, 1, 1, 16, 4,     0, 1, 2,     4, 5, 3,     3, 2, 1, 0,     4, 5, 6, 7,
panel_642, 2, 2, 1, 1, 16, 4,     0, 1, 2,     4, 5, 3,     3, 2, 1, 0,     4, 5, 6, 7,
panel_643, 2, 2, 1, 1, 16, 4,     0, 1, 2,     4, 5, 3,     3, 2, 1, 0,     4, 5, 6, 7,
panel_644, 2, 2, 1, 1, 16, 4,     0, 1, 2,     4, 5, 3,     3, 2, 1, 0,     4, 5, 6, 7,
panel_645, 2, 2, 1, 1, 16, 4,     0, 1, 2,     4, 5, 3,     3, 2, 1, 0,     4, 5, 6, 7,
panel_646, 2, 2, 1, 1, 16, 4,     0, 1, 2,     4, 5, 3,     3, 2, 1, 0,     4, 5, 6, 7,
panel_647, 2, 2, 1, 1, 16, 4,     0, 1, 2,     4, 5, 3,     3, 2, 1, 0,     4, 5, 6, 7,
panel_648, 2, 2, 1, 1, 16, 4,     0, 1, 2,     4, 5, 3,     3, 2, 1, 0,     4, 5, 6, 7,
panel_649, 2, 2, 1, 1, 16, 4,     0, 1, 2,     4, 5, 3,     3, 2, 1, 0,     4, 5, 6, 7,
panel_650, 2, 2, 1, 1, 16, 4,     0, 1, 2,     4, 5, 3,     3, 2, 1, 0,     4, 5, 6, 7,
panel_651, 2, 2, 1, 1, 16, 4,     0, 1, 2,     4, 5, 3,     3, 2, 1, 0,     4, 5, 6, 7,
panel_652, 2, 2, 1, 1, 16, 4,     0, 1, 2,     4, 5, 3,     3, 2, 1, 0,     4, 5, 6, 7,
panel_653, 2, 2, 1, 1, 16, 4,     0, 1, 2,     4, 5, 3,     3, 2, 1, 0,     4, 5, 6, 7,
panel_654, 2, 2, 1, 1, 16, 4,     0, 1, 2,     4, 5, 3,     3, 2, 1, 0,     4, 5, 6, 7,
panel_655, 2, 2, 1, 1, 16, 4,     0, 1, 2,     4, 5, 3,     3, 2, 1, 0,     4, 5, 6, 7,
panel_656, 2, 2, 1, 1, 16, 4,     0, 1, 2,     4, 5, 3,     3, 2, 1, 0,     4, 5, 6, 7,
panel_657, 2, 2, 1, 1, 16, 4,     0, 1, 2,     4, 5, 3,     3, 2, 1, 0,     4, 5, 6, 7,
panel_658, 2, 2, 1, 1, 16, 4,     0, 1, 2,     4, 5, 3,     3, 2, 1, 0,     4, 5, 6, 7,
panel_659, 2, 2, 1, 1, 16, 4,     0, 1, 2,     4, 5, 3,     3, 2, 1, 0,     4, 5, 6, 7,
panel_660, 2, 2, 1, 1, 16, 4,     0, 1, 2,     4, 5, 3,     3, 2, 1, 0,     4, 5, 6, 7,
panel_661, 2, 2, 1, 1, 16, 4,     0, 1, 2,     4, 5, 3,     3, 2, 1, 0,     4, 5, 6, 7,
panel_662, 2, 2, 1, 1, 16, 4,     0, 1, 2,     4, 5, 3,     3, 2, 1, 0,     4, 5, 6, 7,
panel_663, 2, 2, 1, 1, 16, 4,     0, 1, 2,     4, 5, 3,     3, 2, 1, 0,     4, 5, 6, 7,
panel_664, 2, 2, 1, 1, 16, 4,     0, 1, 2,     4, 5, 3,     3, 2, 1, 0,     4, 5, 6, 7,
panel_665, 2, 2, 1, 1, 16, 4,     0, 1, 2,     4, 5, 3,     3, 2, 1, 0,     4, 5, 6, 7,
panel_666, 2, 2, 1, 1, 16, 4,     0, 1, 2,     4, 5, 3,     3, 2, 1, 0,     4, 5, 6, 7,
panel_667, 2, 2, 1, 1, 16, 4,     0, 1, 2,     4, 5, 3,     3, 2, 1, 0,     4, 5, 6, 7,
panel_668, 2, 2, 1, 1, 16, 4,     0, 1, 2,     4, 5, 3,     3, 2, 1, 0,     4, 5, 6, 7,
panel_669, 2, 2, 1, 1, 16, 4,     0, 1, 2,     4, 5, 3,     3, 2, 1, 0,     4, 5, 6, 7,
panel_670, 2, 2, 1, 1, 16, 4,     0, 1, 2,     4, 5, 3,     3, 2, 1, 0,     4, 5, 6, 7,
panel_671, 2, 2, 1, 1, 16, 4,     0, 1, 2,     4, 5, 3,     3, 2, 1, 0,     4, 5, 6, 7,
panel_672, 2, 2, 1, 1, 16, 4,     0, 1, 2,     4, 5, 3,     3, 2, 1, 0,     4, 5, 6, 7,
panel_673, 2, 2, 1, 1, 16, 4,     0, 1, 2,     4, 5, 3,     3, 2, 1, 0,     4, 5, 6, 7,
panel_674, 2, 2, 1, 1, 16, 4,     0, 1, 2,     4, 5, 3,     3, 2, 1, 0,     4, 5, 6, 7,
panel_675, 2, 2, 1, 1, 16, 4,     0, 1, 2,     4, 5, 3,     3, 2, 1, 0,     4, 5, 6, 7,
panel_676, 2, 2, 1, 1, 16, 4,     0, 1, 2,     4, 5, 3,     3, 2, 1, 0,     4, 5, 6, 7,
panel_677, 2, 2, 1, 1, 16, 4,     0, 1, 2,     4, 5, 3,     3, 2, 1, 0,     4, 5, 6, 7,
panel_678, 2, 2, 1, 1, 16, 4,     0, 1, 2,     4, 5, 3,     3, 2, 1, 0,     4, 5, 6, 7,
panel_679, 2, 2, 1, 1, 16, 4,     0, 1, 2,     4, 5, 3,     3, 2, 1, 0,     4, 5, 6, 7,
panel_680, 2, 2, 1, 1, 16, 4,     0, 1, 2,     4, 5, 3,     3, 2, 1, 0,     4, 5, 6, 7,
panel_681, 2, 2, 1, 1, 16, 4,     0, 1, 2,     4, 5, 3,     3, 2, 1, 0,     4, 5, 6, 7,
panel_682, 2, 2, 1, 1, 16, 4,     0, 1, 2,     4, 5, 3,     3, 2, 1, 0,     4, 5, 6, 7,
panel_683, 2, 2, 1, 1, 16, 4,     0, 1, 2,     4, 5, 3,     3, 2, 1, 0,     4, 5, 6, 7,
panel_684, 2, 2, 1, 1, 16, 4,     0, 1, 2,     4, 5, 3,     3, 2, 1, 0,     4, 5, 6, 7,
panel_685, 2, 2, 1, 1, 16, 4,     0, 1, 2,     4, 5, 3,     3, 2, 1, 0,     4, 5, 6, 7,
panel_686, 2, 2, 1, 1, 16, 4,     0, 1, 2,     4, 5, 3,     3, 2, 1, 0,     4, 5, 6, 7,
panel_687, 2, 2, 1, 1, 16, 4,     0, 1, 2,     4, 5, 3,     3, 2, 1, 0,     4, 5, 6, 7,
panel_688, 2, 2, 1, 1, 16, 4,     0, 1, 2,     4, 5, 3,     3, 2, 1, 0,     4, 5, 6, 7,
panel_689, 2, 2, 1, 1, 16, 4,     0, 1, 2,     4, 5, 3,     3, 2, 1, 0,     4, 5, 6, 7,
panel_690, 2, 2, 1, 1, 16, 4,     0, 1, 2,     4, 5, 3,     3, 2, 1, 0,     4, 5, 6, 7,
panel_691, 2, 2, 1, 1, 16, 4,     0, 1, 2,     4, 5, 3,     3, 2, 1, 0,     4, 5, 6, 7,
panel_692, 2, 2, 1, 1, 16, 4,     0, 1, 2,     4, 5, 3,     3, 2, 1, 0,     4, 5, 6, 7,
panel_693, 2, 2, 1, 1, 16, 4,     0, 1, 2,     4, 5, 3,     3, 2, 1, 0,     4, 5, 6, 7,
panel_694, 2, 2, 1, 1, 16, 4,     0, 1, 2,     4, 5, 3,     3, 2, 1, 0,     4, 5, 6, 7,
panel_695, 2, 2, 1, 1, 16, 4,     0, 1, 2,     4, 5, 3,     3, 2, 1, 0,     4, 5, 6, 7,
panel_696, 2, 2, 1, 1, 16, 4,     0, 1, 2,     4, 5, 3,     3, 2, 1, 0,     4, 5, 6, 7,
panel_697, 2, 2, 1, 1, 16, 4,     0, 1, 2,     4, 5, 3,     3, 2, 1, 0,     4, 5, 6, 7,
panel_698, 2, 2, 1, 1, 16, 4,     0, 1, 2,     4, 5, 3,     3, 2, 1, 0,     4, 5, 6, 7,
panel_699, 2, 2, 1, 1, 16, 4,     0, 1, 2,     4, 5, 3,     3, 2, 1, 0,     4, 5, 6, 7,
panel_700, 2, 2, 1, 1, 16, 4,     0, 1, 2,     4, 5, 3,     3, 2, 1, 0,     4, 5, 6, 7,
panel_701, 2, 2, 1, 1, 16, 4,     0, 1, 2,     4, 5, 3,     3, 2, 1, 0,     4, 5, 6, 7,
panel_702, 2, 2, 1, 1, 16, 4,     0, 1, 2,     4, 5, 3,     3, 2, 1, 0,     4, 5, 6, 7,
panel_703, 2, 2, 1, 1, 16, 4,     0, 1, 2,     4, 5, 3,     3, 2, 1, 0,     4, 5, 6, 7,
panel_704, 2, 2, 1, 1, 16, 4,     0, 1, 2,     4, 5, 3,     3, 2, 1, 0,     4, 5, 6, 7,
panel_705, 2, 2, 1, 1, 16, 4,     0, 1, 2,     4, 5, 3,     3, 2, 1, 0,     4, 5, 6, 7,
panel_706, 2, 2, 1, 1, 16, 4,     0, 1, 2,     4, 5, 3,     3, 2, 1, 0,     4, 5, 6, 7,
panel_707, 2, 2, 1, 1, 16, 4,     0, 1, 2,     4, 5, 3,     3, 2, 1, 0,     4, 5, 6, 7,
panel_708, 2, 2, 1, 1, 16, 4,     0, 1, 2,     4, 5, 3,     3, 2, 1, 0,     4, 5, 6, 7,
panel_709, 2, 2, 1, 1, 16, 4,     0, 1, 2,     4, 5, 3,     3, 2, 1, 0,     4, 5, 6, 7,
panel_710, 2, 2, 1, 1, 16, 4,     0, 1, 2,     4, 5, 3,     3, 2, 1, 0,     4, 5, 6, 7,
panel_711, 2, 2, 1, 1, 16, 4,     0, 1, 2,     4, 5, 3,     3, 2, 1, 0,     4, 5, 6, 7,
panel_712, 2, 2, 1, 1, 16, 4,     0, 1, 2,     4, 5, 3,     3, 2, 1, 0,     4, 5, 6, 7,
panel_713, 2, 2, 1, 1, 16, 4,     0, 1, 2,     4, 5, 3,     3, 2, 1, 0,     4, 5, 6, 7,
panel_714, 2, 2, 1, 1, 16, 4,     0, 1, 2,     4, 5, 3,     3, 2, 1, 0,     4, 5, 6, 7,
panel_715, 2, 2, 1, 1, 16, 4,     0, 1, 2,     4, 5, 3,     3, 2, 1, 0,     4, 5, 6, 7,
panel_716, 2, 2, 1, 1, 16, 4,     0, 1, 2,     4, 5, 3,     3, 2, 1, 0,     4, 5, 6, 7,
panel_717, 2, 2, 1, 1, 16, 4,     0, 1, 2,     4, 5, 3,     3, 2, 1, 0,     4, 5, 6, 7,
panel_718, 2, 2, 1, 1, 16, 4,     0, 1, 2,     4, 5, 3,     3, 2, 1, 0,     4, 5, 6, 7,
panel_719, 2, 2, 1, 1, 16, 4,     0, 1, 2,     4, 5, 3,     3, 2, 1, 0,     4, 5, 6, 7,
panel_720, 2, 2, 1, 1, 16, 4,     0, 1, 2,     4, 5, 3,     3, 2, 1, 0,     4, 5, 6, 7,
panel_721, 2, 2, 1, 1, 16, 4,     0, 1, 2,     4, 5, 3,     3, 2, 1, 0,     4, 5, 6, 7,
panel_722, 2, 2, 1, 1, 16, 4,     0, 1, 2,     4, 5, 3,     3, 2, 1, 0,     4, 5, 6, 7,
panel_723, 2, 2, 1, 1, 16, 4,     0, 1, 2,     4, 5, 3,     3, 2, 1, 0,     4, 5, 6, 7,
panel_724, 2, 2, 1, 1, 16, 4,     0, 1, 2,     4, 5, 3,     3, 2, 1, 0,     4, 5, 6, 7,
panel_725, 2, 2, 1, 1, 16, 4,     0, 1, 2,     4, 5, 3,     3, 2, 1, 0,     4, 5, 6, 7,
panel_726, 2, 2, 1, 1, 16, 4,     0, 1, 2,     4, 5, 3,     3, 2, 1, 0,     4, 5, 6, 7,
panel_727, 2, 2, 1, 1, 16, 4,     0, 1, 2,     4, 5, 3,     3, 2, 1, 0,     4, 5, 6, 7,
panel_728, 2, 2, 1, 1, 16, 4,     0, 1, 2,     4, 5, 3,     3, 2, 1, 0,     4, 5, 6, 7,
panel_729, 2, 2, 1, 1, 16, 4,     0, 1, 2,     4, 5, 3,     3, 2, 1, 0,     4, 5, 6, 7,
panel_730, 2, 2, 1, 1, 16, 4,     0, 1, 2,     4, 5, 3,     3, 2, 1, 0,     4, 5, 6, 7,
panel_731, 2, 2, 1, 1, 16, 4,     0, 1, 2,     4, 5, 3,     3, 2, 1, 0,     4, 5, 6, 7,
panel_732, 2, 2, 1, 1, 16, 4,     0, 1, 2,     4, 5, 3,     3, 2, 1, 0,     4, 5, 6, 7,
panel_733, 2, 2, 1, 1, 16, 4,     0, 1, 2,     4, 5, 3,     3, 2, 1, 0,     4, 5, 6, 7,
panel_734, 2, 2, 1, 1, 16, 4,     0, 1, 2,     4, 5, 3,     3, 2, 1, 0,     4, 5, 6, 7,
panel_735, 2, 2, 1, 1, 16, 4,     0, 1, 2,     4, 5, 3,     3, 2, 1, 0,     4, 5, 6, 7,
panel_736, 2, 2, 1, 1, 16, 4,     0, 1, 2,     4, 5, 3,     3, 2, 1, 0,     4, 5, 6, 7,
panel_737, 2, 2, 1, 1, 16, 4,     0, 1, 2,     4, 5, 3,     3, 2, 1, 0,     4, 5, 6, 7,
panel_738, 2, 2, 1, 1, 16, 4,     0, 1, 2,     4, 5, 3,     3, 2, 1, 0,     4, 5, 6, 7,
panel_739, 2, 2, 1, 1, 16, 4,     0, 1, 2,     4, 5, 3,     3, 2, 1, 0,     4, 5, 6, 7,
panel_740, 2, 2, 1, 1, 16, 4,     0, 1, 2,     4, 5, 3,     3, 2, 1, 0,     4, 5, 6, 7,
panel_741, 2, 2, 1, 1, 16, 4,     0, 1, 2,     4, 5, 3,     3, 2, 1, 0,     4, 5, 6, 7,
panel_742, 2, 2, 1, 1, 16, 4,     0, 1, 2,     4, 5, 3,     3, 2, 1, 0,     4, 5, 6, 7,
panel_743, 2, 2, 1, 1, 16, 4,     0, 1, 2,     4, 5, 3,     3, 2, 1, 0,     4, 5, 6, 7,
panel_744, 2, 2, 1, 1, 16, 4,     0, 1, 2,     4, 5, 3,     3, 2, 1, 0,     4, 5, 6, 7,
panel_745, 2, 2, 1, 1, 16, 4,     0, 1, 2,     4, 5, 3,     3, 2, 1, 0,     4, 5, 6, 7,
panel_746, 2, 2, 1, 1, 16, 4,     0, 1, 2,     4, 5, 3,     3, 2, 1, 0,     4, 5, 6, 7,
panel_747, 2, 2, 1, 1, 16, 4,     0, 1, 2,     4, 5, 3,     3, 2, 1, 0,     4, 5, 6, 7,
panel_748, 2, 2, 1, 1, 16, 4,     0, 1, 2,     4, 5, 3,     3, 2, 1, 0,     4, 5, 6, 7,
panel_749, 2, 2, 1, 1, 16, 4,     0, 1, 2,     4, 5, 3,     3, 2, 1, 0,     4, 5, 6, 7,
panel_750, 2, 2, 1, 1, 16, 4,     0, 1, 2,     4, 5, 3,     3, 2, 1, 0,     4, 5, 6, 7,
panel_751, 2, 2, 1, 1, 16, 4,     0, 1, 2,     4, 5, 3,     3, 2, 1, 0,     4, 5, 6, 7,
panel_752, 2, 2, 1, 1, 16, 4,     0, 1, 2,     4, 5, 3,     3, 2, 1, 0,     4, 5, 6, 7,
panel_753, 2, 2, 1, 1, 16, 4,     0, 1, 2,     4, 5, 3,     3, 2, 1, 0,     4, 5, 6, 7,
panel_754, 2, 2, 1, 1, 16, 4,     0, 1, 2,     4, 5, 3,     3, 2, 1, 0,     4, 5, 6, 7,
panel_755, 2, 2, 1, 1, 16, 4,     0, 1, 2,     4, 5, 3,     3, 2, 1, 0,     4, 5, 6, 7,
panel_756, 2, 2, 1, 1, 16, 4,     0, 1, 2,     4, 5, 3,     3, 2, 1, 0,     4, 5, 6, 7,
panel_757, 2, 2, 1, 1, 16, 4,     0, 1, 2,     4, 5, 3,     3, 2, 1, 0,     4, 5, 6, 7,
panel_758, 2, 2, 1, 1, 16, 4,     0, 1, 2,     4, 5, 3,     3, 2, 1, 0,     4, 5, 6, 7,
panel_759, 2, 2, 1, 1, 16, 4,     0, 1, 2,     4, 5, 3,     3, 2, 1, 0,     4, 5, 6, 7,
panel_760, 2, 2, 1, 1, 16, 4,     0, 1, 2,     4, 5, 3,     3, 2, 1, 0,     4, 5, 6, 7,
panel_761, 2, 2, 1, 1, 16, 4,     0, 1, 2,     4, 5, 3,     3, 2, 1, 0,     4, 5, 6, 7,
panel_762, 2, 2, 1, 1, 16, 4,     0, 1, 2,     4, 5, 3,     3, 2, 1, 0,     4, 5, 6, 7,
panel_763, 2, 2, 1, 1, 16, 4,     0, 1, 2,     4, 5, 3,     3, 2, 1, 0,     4, 5, 6, 7,
panel_764, 2, 2, 1, 1, 16, 4,     0, 1, 2,     4, 5, 3,     3, 2, 1, 0,     4, 5, 6, 7,
panel_765, 2, 2, 1, 1, 16, 4,     0, 1, 2,     4, 5, 3,     3, 2, 1, 0,     4, 5, 6, 7,
panel_766, 2, 2, 1, 1, 16, 4,     0, 1, 2,     4, 5, 3,     3, 2, 1, 0,     4, 5, 6, 7,
panel_767, 2, 2, 1, 1, 16, 4,     0, 1, 2,     4, 5, 3,     3, 2, 1, 0,     4, 5, 6, 7,
panel_768, 2, 2, 1, 1, 16, 4,     0, 1, 2,     4, 5, 3,     3, 2, 1, 0,     4, 5, 6, 7,
panel_769, 2, 2, 1, 1, 16, 4,     0, 1, 2,     4, 5, 3,     3, 2, 1, 0,     4, 5, 6, 7,
panel_770, 2, 2, 1, 1, 16, 4,     0, 1, 2,     4, 5, 3,     3, 2, 1, 0,     4, 5, 6, 7,
panel_771, 2, 2, 1, 1, 16, 4,     0, 1, 2,     4, 5, 3,     3, 2, 1, 0,     4, 5, 6, 7,
panel_772, 2, 2, 1, 1, 16, 4,     0, 1, 2,     4, 5, 3,     3, 2, 1, 0,     4, 5, 6, 7,
panel_773, 2, 2, 1, 1, 16, 4,     0, 1, 2,     4, 5, 3,     3, 2, 1, 0,     4, 5, 6, 7,
panel_774, 2, 2, 1, 1, 16, 4,     0, 1, 2,     4, 5, 3,     3, 2, 1, 0,     4, 5, 6, 7,
panel_775, 2, 2, 1, 1, 16, 4,     0, 1, 2,     4, 5, 3,     3, 2, 1, 0,     4, 5, 6, 7,
panel_776, 2, 2, 1, 1, 16, 4,     0, 1, 2,     4, 5, 3,     3, 2, 1, 0,     4, 5, 6, 7,
panel_777, 2, 2, 1, 1, 16, 4,     0, 1, 2,     4, 5, 3,     3, 2, 1, 0,     4, 5, 6, 7,
panel_778, 2, 2, 1, 1, 16, 4,     0, 1, 2,     4, 5, 3,     3, 2, 1, 0,     4, 5, 6, 7,
panel_779, 2, 2, 1, 1, 16, 4,     0, 1, 2,     4, 5, 3,     3, 2, 1, 0,     4, 5, 6, 7,
panel_780, 2, 2, 1, 1, 16, 4,     0, 1, 2,     4, 5, 3,     3, 2, 1, 0,     4, 5, 6, 7,
panel_781, 2, 2, 1, 1, 16, 4,     0, 1, 2,     4, 5, 3,     3, 2, 1, 0,     4, 5, 6, 7,
panel_782, 2, 2, 1, 1, 16, 4,     0, 1, 2,     4, 5, 3,     3, 2, 1, 0,     4, 5, 6, 7,
panel_783, 2, 2, 1, 1, 16, 4,     0, 1, 2,     4, 5, 3,     3, 2, 1, 0,     4, 5, 6, 7,
panel_784, 2, 2, 1, 1, 16, 4,     0, 1, 2,     4, 5, 3,     3, 2, 1, 0,     4, 5, 6, 7,
panel_785, 2, 2, 1, 1, 16, 4,     0, 1, 2,     4, 5, 3,     3, 2, 1, 0,     4, 5, 6, 7,
panel_786, 2, 2, 1, 1, 16, 4,     0, 1, 2,     4, 5, 3,     3, 2, 1, 0,     4, 5, 6, 7,
panel_787, 2, 2, 1, 1, 16, 4,     0, 1, 2,     4, 5, 3,     3, 2, 1, 0,     4, 5, 6, 7,
panel_788, 2, 2, 1, 1, 16, 4,     0, 1, 2,     4, 5, 3,     3, 2, 1, 0,     4, 5, 6, 7,
panel_789, 2, 2, 1, 1, 16, 4,     0, 1, 2,     4, 5, 3,     3, 2, 1, 0,     4, 5, 6, 7,
panel_790, 2, 2, 1, 1, 16, 4,     0, 1, 2,     4, 5, 3,     3, 2, 1, 0,     4, 5, 6, 7,
panel_791, 2, 2, 1, 1, 16, 4,     0, 1, 2,     4, 5, 3,     3, 2, 1, 0,     4, 5, 6, 7,
panel_792, 2, 2, 1, 1, 16, 4,     0, 1, 2,     4, 5, 3,     3, 2, 1, 0,     4, 5, 6, 7,
panel_793, 2, 2, 1, 1, 16, 4,     0, 1, 2,     4, 5, 3,     3, 2, 1, 0,     4, 5, 6, 7,
panel_794, 2, 2, 1, 1, 16, 4,     0, 1, 2,     4, 5, 3,     3, 2, 1, 0,     4, 5, 6, 7,
panel_795, 2, 2, 1, 1, 16, 4,     0, 1, 2,     4, 5, 3,     3, 2, 1, 0,     4, 5, 6, 7,
panel_796, 2, 2, 1, 1, 16, 4,     0, 1, 2,     4, 5, 3,     3, 2, 1, 0,     4, 5, 6, 7,
panel_797, 2, 2, 1, 1, 16, 4,     0, 1, 2,     4, 5, 3,     3, 2, 1, 0,     4, 5, 6, 7,
panel_798, 2, 2, 1, 1, 16, 4,     0, 1, 2,     4, 5, 3,     3, 2, 1, 0,     4, 5, 6, 7,
panel_799, 2, 2, 1, 1, 16, 4,     0, 1, 2,     4, 5, 3,     3, 2, 1, 0,     4, 5, 6, 7,
panel_800, 2, 2, 1, 1, 16, 4,     0, 1, 2,     4, 5, 3,     3, 2, 1, 0,     4, 5, 6, 7,
panel_801, 2, 2, 1, 1, 16, 4,     0, 1, 2,     4, 5, 3,     3, 2, 1, 0,     4, 5, 6, 7,
panel_802, 2, 2, 1, 1, 16, 4,     0, 1, 2,     4, 5, 3,     3, 2, 1, 0,     4, 5, 6, 7,
panel_803, 2, 2, 1, 1, 16, 4,     0, 1, 2,     4, 5, 3,     3, 2, 1, 0,     4, 5, 6, 7,
panel_804, 2, 2, 1, 1, 16, 4,     0, 1, 2,     4, 5, 3,     3, 2, 1, 0,     4, 5, 6, 7,
panel_805, 2, 2, 1, 1, 16, 4,     0, 1, 2,     4, 5, 3,     3, 2, 1, 0,     4, 5, 6, 7,
panel_806, 2, 2, 1, 1, 16, 4,     0, 1, 2,     4, 5, 3,     3, 2, 1, 0,     4, 5, 6, 7,
panel_807, 2, 2, 1, 1, 16, 4,     0, 1, 2,     4, 5, 3,     3, 2, 1, 0,     4, 5, 6, 7,
panel_808, 2, 2, 1, 1, 16, 4,     0, 1, 2,     4, 5, 3,     3, 2, 1, 0,     4, 5, 6, 7,
panel_809, 2, 2, 1, 1, 16, 4,     0, 1, 2,     4, 5, 3,     3, 2, 1, 0,     4, 5, 6, 7,
panel_810, 2, 2, 1, 1, 16, 4,     0, 1, 2,     4, 5, 3,     3, 2, 1, 0,     4, 5, 6, 7,
panel_811, 2, 2, 1, 1, 16, 4,     0, 1, 2,     4, 5, 3,     3, 2, 1, 0,     4, 5, 6, 7,
panel_812, 2, 2, 1, 1, 16, 4,     0, 1, 2,     4, 5, 3,     3, 2, 1, 0,     4, 5, 6, 7,
panel_813, 2, 2, 1, 1, 16, 4,     0, 1, 2,     4, 5, 3,     3, 2, 1, 0,     4, 5, 6, 7,
panel_814, 2, 2, 1, 1, 16, 4,     0, 1, 2,     4, 5, 3,     3, 2, 1, 0,     4, 5, 6, 7,
panel_815, 2, 2, 1, 1, 16, 4,     0, 1, 2,     4, 5, 3,     3, 2, 1, 0,     4, 5, 6, 7,
panel_816, 2, 2, 1, 1, 16, 4,     0, 1, 2,     4, 5, 3,     3, 2, 1, 0,     4, 5, 6, 7,
panel_817, 2, 2, 1, 1, 16, 4,     0, 1, 2,     4, 5, 3,     3, 2, 1, 0,     4, 5, 6, 7,
panel_818, 2, 2, 1, 1, 16, 4,     0, 1, 2,     4, 5, 3,     3, 2, 1, 0,     4, 5, 6, 7,
panel_819, 2, 2, 1, 1, 16, 4,     0, 1, 2,     4, 5, 3,     3, 2, 1, 0,     4, 5, 6, 7,
panel_820, 2, 2, 1, 1, 16, 4,     0, 1, 2,     4, 5, 3,     3, 2, 1, 0,     4, 5, 6, 7,
panel_821, 2, 2, 1, 1, 16, 4,     0, 1, 2,     4, 5, 3,     3, 2, 1, 0,     4, 5, 6, 7,
panel_822, 2, 2, 1, 1, 16, 4,     0, 1, 2,     4, 5, 3,     3, 2, 1, 0,     4, 5, 6, 7,
panel_823, 2, 2, 1, 1, 16, 4,     0, 1, 2,     4, 5, 3,     3, 2, 1, 0,     4, 5, 6, 7,
panel_824, 2, 2, 1, 1, 16, 4,     0, 1, 2,     4, 5, 3,     3, 2, 1, 0,     4, 5, 6, 7,
panel_825, 2, 2, 1, 1, 16, 4,     0, 1, 2,     4, 5, 3,     3, 2, 1, 0,     4, 5, 6, 7,
panel_826, 2, 2, 1, 1, 16, 4,     0, 1, 2,     4, 5, 3,     3, 2, 1, 0,     4, 5, 6, 7,
panel_827, 2, 2, 1, 1, 16, 4,     0, 1, 2,     4, 5, 3,     3, 2, 1, 0,     4, 5, 6, 7,
panel_828, 2, 2, 1, 1, 16, 4,     0, 1, 2,     4, 5, 3,     3, 2, 1, 0,     4, 5, 6, 7,
panel_829, 2, 2, 1, 1, 16, 4,     0, 1, 2,     4, 5, 3,     3, 2, 1, 0,     4, 5, 6, 7,
panel_830, 2, 2, 1, 1, 16, 4,     0, 1, 2,     4, 5, 3,     3, 2, 1, 0,     4, 5, 6, 7,
panel_831, 2, 2, 1, 1, 16, 4,     0, 1, 2,     4, 5, 3,     3, 2, 1, 0,     4, 5, 6, 7,
panel_832, 2, 2, 1, 1, 16, 4,     0, 1, 2,     4, 5, 3,     3, 2, 1, 0,     4, 5, 6, 7,
panel_833, 2, 2, 1, 1, 16, 4,     0, 1, 2,     4, 5, 3,     3, 2, 1, 0,     4, 5, 6, 7,
panel_834, 2, 2, 1, 1, 16, 4,     0, 1, 2,     4, 5, 3,     3, 2, 1, 0,     4, 5, 6, 7,
panel_835, 2, 2, 1, 1, 16, 4,     0, 1, 2,     4, 5, 3,     3, 2, 1, 0,     4, 5, 6, 7,
panel_836, 2, 2, 1, 1, 16, 4,     0, 1, 2,     4, 5, 3,     3, 2, 1, 0,     4, 5, 6, 7,
panel_837, 2, 2, 1, 1, 16, 4,     0, 1, 2,     4, 5, 3,     3, 2, 1, 0,     4, 5, 6, 7,
panel_838, 2, 2, 1, 1, 16, 4,     0, 1, 2,     4, 5, 3,     3, 2, 1, 0,     4, 5, 6, 7,
panel_839, 2, 2, 1, 1, 16, 4,     0, 1, 2,     4, 5, 3,     3, 2, 1, 0,     4, 5, 6, 7,
panel_840, 2, 2, 1, 1, 16, 4,     0, 1, 2,     4, 5, 3,     3, 2, 1, 0,     4, 5, 6, 7,
panel_841, 2, 2, 1, 1, 16, 4,     0, 1, 2,     4, 5, 3,     3, 2, 1, 0,     4, 5, 6, 7,
panel_842, 2, 2, 1, 1, 16, 4,     0, 1, 2,     4, 5, 3,     3, 2, 1, 0,     4, 5, 6, 7,
panel_843, 2, 2, 1, 1, 16, 4,     0, 1, 2,     4, 5, 3,     3, 2, 1, 0,     4, 5, 6, 7,
panel_844, 2, 2, 1, 1, 16, 4,     0, 1, 2,     4, 5, 3,     3, 2, 1, 0,     4, 5, 6, 7,
panel_845, 2, 2, 1, 1, 16, 4,     0, 1, 2,     4, 5, 3,     3, 2, 1, 0,     4, 5, 6, 7,
panel_846, 2, 2, 1, 1, 16, 4,     0, 1, 2,     4, 5, 3,     3, 2, 1, 0,     4, 5, 6, 7,
panel_847, 2, 2, 1, 1, 16, 4,     0, 1, 2,     4, 5, 3,     3, 2, 1, 0,     4, 5, 6, 7,
panel_848, 2, 2, 1, 1, 16, 4,     0, 1, 2,     4, 5, 3,     3, 2, 1, 0,     4, 5, 6, 7,
panel_849, 2, 2, 1, 1, 16, 4,     0, 1, 2,     4, 5, 3,     3, 2, 1, 0,     4, 5, 6, 7,
panel_850, 2, 2, 1, 1, 16, 4,     0, 1, 2,     4, 5, 3,     3, 2, 1, 0,     4, 5, 6, 7,
panel_851, 2, 2, 1, 1, 16, 4,     0, 1, 2,     4, 5, 3,     3, 2, 1, 0,     4, 5, 6, 7,
panel_852, 2, 2, 1, 1, 16, 4,     0, 1, 2,     4, 5, 3,     3, 2, 1, 0,     4, 5, 6, 7,
panel_853, 2, 2, 1, 1, 16, 4,     0, 1, 2,     4, 5, 3,     3, 2, 1, 0,     4, 5, 6, 7,
panel_854, 2, 2, 1, 1, 16, 4,     0, 1, 2,     4, 5, 3,     3, 2, 1, 0,     4, 5, 6, 7,
panel_855, 2, 2, 1, 1, 16, 4,     0, 1, 2,     4, 5, 3,     3, 2, 1, 0,     4, 5, 6, 7,
panel_856, 2, 2, 1, 1, 16, 4,     0, 1, 2,     4, 5, 3,     3, 2, 1, 0,     4, 5, 6, 7,
panel_857, 2, 2, 1, 1, 16, 4,     0, 1, 2,     4, 5, 3,     3, 2, 1, 0,     4, 5, 6, 7,
panel_858, 2, 2, 1, 1, 16, 4,     0, 1, 2,     4, 5, 3,     3, 2, 1, 0,     4, 5, 6, 7,
panel_859, 2, 2, 1, 1, 16, 4,     0, 1, 2,     4, 5, 3,     3, 2, 1, 0,     4, 5, 6, 7,
panel_860, 2, 2, 1, 1, 16, 4,     0, 1, 2,     4, 5, 3,     3, 2, 1, 0,     4, 5, 6, 7,
panel_861, 2, 2, 1, 1, 16, 4,     0, 1, 2,     4, 5, 3,     3, 2, 1, 0,     4, 5, 6, 7,
panel_862, 2, 2, 1, 1, 16, 4,     0, 1, 2,     4, 5, 3,     3, 2, 1, 0,     4, 5, 6, 7,
panel_863, 2, 2, 1, 1, 16, 4,     0, 1, 2,     4, 5, 3,     3, 2, 1, 0,     4, 5, 6, 7,
panel_864, 2, 2, 1, 1, 16, 4,     0, 1, 2,     4, 5, 3,     3, 2, 1, 0,     4, 5, 6, 7,
panel_865, 2, 2, 1, 1, 16, 4,     0, 1, 2,     4, 5, 3,     3, 2, 1, 0,     4, 5, 6, 7,
panel_866, 2, 2, 1, 1, 16, 4,     0, 1, 2,     4, 5, 3,     3, 2, 1, 0,     4, 5, 6, 7,
panel_867, 2, 2, 1, 1, 16, 4,     0, 1, 2,     4, 5, 3,     3, 2, 1, 0,     4, 5, 6, 7,
panel_868, 2, 2, 1, 1, 16, 4,     0, 1, 2,     4, 5, 3,     3, 2, 1, 0,     4, 5, 6, 7,
panel_869, 2, 2, 1, 1, 16, 4,     0, 1, 2,     4, 5, 3,     3, 2, 1, 0,     4, 5, 6, 7,
panel_870, 2, 2, 1, 1, 16, 4,     0, 1, 2,     4, 5, 3,     3, 2, 1, 0,     4, 5, 6, 7,
panel_871, 2, 2, 1, 1, 16, 4,     0, 1, 2,     4, 5, 3,     3, 2, 1, 0,     4, 5, 6, 7,
panel_872, 2, 2, 1, 1, 16, 4,     0, 1, 2,     4, 5, 3,     3, 2, 1, 0,     4, 5, 6, 7,
panel_873, 2, 2, 1, 1, 16, 4,     0, 1, 2,     4, 5, 3,     3, 2, 1, 0,     4, 5, 6, 7,
panel_874, 2, 2, 1, 1, 16, 4,     0, 1, 2,     4, 5, 3,     3, 2, 1, 0,     4, 5, 6, 7,
panel_875, 2, 2, 1, 1, 16, 4,     0, 1, 2,     4, 5, 3,     3, 2, 1, 0,     4, 5, 6, 7,
panel_876, 2, 2, 1, 1, 16, 4,     0, 1, 2,     4, 5, 3,     3, 2, 1, 0,     4, 5, 6, 7,
panel_877, 2, 2, 1, 1, 16, 4,     0, 1, 2,     4, 5, 3,     3, 2, 1, 0,     4, 5, 6, 7,
panel_878, 2, 2, 1, 1, 16, 4,     0, 1, 2,     4, 5, 3,     3, 2, 1, 0,     4, 5, 6, 7,
panel_879, 2, 2, 1, 1, 16, 4,     0, 1, 2,     4, 5, 3,     3, 2, 1, 0,     4, 5, 6, 7,
panel_880, 2, 2, 1, 1, 16, 4,     0, 1, 2,     4, 5, 3,     3, 2, 1, 0,     4, 5, 6, 7,
panel_881, 2, 2, 1, 1, 16, 4,     0, 1, 2,     4, 5, 3,     3, 2, 1, 0,     4, 5, 6, 7,
panel_882, 2, 2, 1, 1, 16, 4,     0, 1, 2,     4, 5, 3,     3, 2, 1, 0,     4, 5, 6, 7,
panel_883, 2, 2, 1, 1, 16, 4,     0, 1, 2,     4, 5, 3,     3, 2, 1, 0,     4, 5, 6, 7,
panel_884, 2, 2, 1, 1, 16, 4,     0, 1, 2,     4, 5, 3,     3, 2, 1, 0,     4, 5, 6, 7,
panel_885, 2, 2, 1, 1, 16, 4,     0, 1, 2,     4, 5, 3,     3, 2, 1, 0,     4, 5, 6, 7,
panel_886, 2, 2, 1, 1, 16, 4,     0, 1, 2,     4, 5, 3,     3, 2, 1, 0,     4, 5, 6, 7,
panel_887, 2, 2, 1, 1, 16, 4,     0, 1, 2,     4, 5, 3,     3, 2, 1, 0,     4, 5, 6, 7,
panel_888, 2, 2, 1, 1, 16, 4,     0, 1, 2,     4, 5, 3,     3, 2, 1, 0,     4, 5, 6, 7,
panel_889, 2, 2, 1, 1, 16, 4,     0, 1, 2,     4, 5, 3,     3, 2, 1, 0,     4, 5, 6, 7,
panel_890, 2, 2, 1, 1, 16, 4,     0, 1, 2,     4, 5, 3,     3, 2, 1, 0,     4, 5, 6, 7,
panel_891, 2, 2, 1, 1, 16, 4,     0, 1, 2,     4, 5, 3,     3, 2, 1, 0,     4, 5, 6, 7,
panel_892, 2, 2, 1, 1, 16, 4,     0, 1, 2,     4, 5, 3,     3, 2, 1, 0,     4, 5, 6, 7,
panel_893, 2, 2, 1, 1, 16, 4,     0, 1, 2,     4, 5, 3,     3, 2, 1, 0,     4, 5, 6, 7,
panel_894, 2, 2, 1, 1, 16, 4,     0, 1, 2,     4, 5, 3,     3, 2, 1, 0,     4, 5, 6, 7,
panel_895, 2, 2, 1, 1, 16, 4,     0, 1, 2,     4, 5, 3,     3, 2, 1, 0,     4, 5, 6, 7,
panel_896, 2, 2, 1, 1, 16, 4,     0, 1, 2,     4, 5, 3,     3, 2, 1, 0,     4, 5, 6, 7,
panel_897, 2, 2, 1, 1, 16, 4,     0, 1, 2,     4, 5, 3,     3, 2, 1, 0,     4, 5, 6, 7,
panel_898, 2, 2, 1, 1, 16, 4,     0, 1, 2,     4, 5, 3,     3, 2, 1, 0,     4, 5, 6, 7,
panel_899, 2, 2, 1, 1, 16, 4,     0, 1, 2,     4, 5, 3,     3, 2, 1, 0,     4, 5, 6, 7,
panel_900, 2, 2, 1, 1, 16, 4,     0, 1, 2,     4, 5, 3,     3, 2, 1, 0,     4, 5, 6, 7,
panel_901, 2, 2, 1, 1, 16, 4,     0, 1, 2,     4, 5, 3,     3, 2, 1, 0,     4, 5, 6, 7,
panel_902, 2, 2, 1, 1, 16, 4,     0, 1, 2,     4, 5, 3,     3, 2, 1, 0,     4, 5, 6, 7,
panel_903, 2, 2, 1, 1, 16, 4,     0, 1, 2,     4, 5, 3,     3, 2, 1, 0,     4, 5, 6, 7,
panel_904, 2, 2, 1, 1, 16, 4,     0, 1, 2,     4, 5, 3,     3, 2, 1, 0,     4, 5, 6, 7,
panel_905, 2, 2, 1, 1, 16, 4,     0, 1, 2,     4, 5, 3,     3, 2, 1, 0,     4, 5, 6, 7,
panel_906, 2, 2, 1, 1, 16, 4,     0, 1, 2,     4, 5, 3,     3, 2, 1, 0,     4, 5, 6, 7,
panel_907, 2, 2, 1, 1, 16, 4,     0, 1, 2,     4, 5, 3,     3, 2, 1, 0,     4, 5, 6, 7,
panel_908, 2, 2, 1, 1, 16, 4,     0, 1, 2,     4, 5, 3,     3, 2, 1, 0,     4, 5, 6, 7,
panel_909, 2, 2, 1, 1, 16, 4,     0, 1, 2,     4, 5, 3,     3, 2, 1, 0,     4, 5, 6, 7,
panel_910, 2, 2, 1, 1, 16, 4,     0, 1, 2,     4, 5, 3,     3, 2, 1, 0,     4, 5, 6, 7,
panel_911, 2, 2, 1, 1, 16, 4,     0, 1, 2,     4, 5, 3,     3, 2, 1, 0,     4, 5, 6, 7,
panel_912, 2, 2, 1, 1, 16, 4,     0, 1, 2,     4, 5, 3,     3, 2, 1, 0,     4, 5, 6, 7,
panel_913, 2, 2, 1, 1, 16, 4,     0, 1, 2,     4, 5, 3,     3, 2, 1, 0,     4, 5, 6, 7,
panel_914, 2, 2, 1, 1, 16, 4,     0, 1, 2,     4, 5, 3,     3, 2, 1, 0,     4, 5, 6, 7,
panel_915, 2, 2, 1, 1, 16, 4,     0, 1, 2,     4, 5, 3,     3, 2, 1, 0,     4, 5, 6, 7,
panel_916, 2, 2, 1, 1, 16, 4,     0, 1, 2,     4, 5, 3,     3, 2, 1, 0,     4, 5, 6, 7,
panel_917, 2, 2, 1, 1, 16, 4,     0, 1, 2,     4, 5, 3,     3, 2, 1, 0,     4, 5, 6, 7,
panel_918, 2, 2, 1, 1, 16, 4,     0, 1, 2,     4, 5, 3,     3, 2, 1, 0,     4, 5, 6, 7,
panel_919, 2, 2, 1, 1, 16, 4,     0, 1, 2,     4, 5, 3,     3, 2, 1, 0,     4, 5, 6, 7,
panel_920, 2, 2, 1, 1, 16, 4,     0, 1, 2,     4, 5, 3,     3, 2, 1, 0,     4, 5, 6, 7,
panel_921, 2, 2, 1, 1, 16, 4,     0, 1, 2,     4, 5, 3,     3, 2, 1, 0,     4, 5, 6, 7,
panel_922, 2, 2, 1, 1, 16, 4,     0, 1, 2,     4, 5, 3,     3, 2, 1, 0,     4, 5, 6, 7,
panel_923, 2, 2, 1, 1, 16, 4,     0, 1, 2,     4, 5, 3,     3, 2, 1, 0,     4, 5, 6, 7,
panel_924, 2, 2, 1, 1, 16, 4,     0, 1, 2,     4, 5, 3,     3, 2, 1, 0,     4, 5, 6, 7,
panel_925, 2, 2, 1, 1, 16, 4,     0, 1, 2,     4, 5, 3,     3, 2, 1, 0,     4, 5, 6, 7,
panel_926, 2, 2, 1, 1, 16, 4,     0, 1, 2,     4, 5, 3,     3, 2, 1, 0,     4, 5, 6, 7,
panel_927, 2, 2, 1, 1, 16, 4,     0, 1, 2,     4, 5, 3,     3, 2, 1, 0,     4, 5, 6, 7,
panel_928, 2, 2, 1, 1, 16, 4,     0, 1, 2,     4, 5, 3,     3, 2, 1, 0,     4, 5, 6, 7,
panel_929, 2, 2, 1, 1, 16, 4,     0, 1, 2,     4, 5, 3,     3, 2, 1, 0,     4, 5, 6, 7,
panel_930, 2, 2, 1, 1, 16, 4,     0, 1, 2,     4, 5, 3,     3, 2, 1, 0,     4, 5, 6, 7,
panel_931, 2, 2, 1, 1, 16, 4,     0, 1, 2,     4, 5, 3,     3, 2, 1, 0,     4, 5, 6, 7,
panel_932, 2, 2, 1, 1, 16, 4,     0, 1, 2,     4, 5, 3,     3, 2, 1, 0,     4, 5, 6, 7,
panel_933, 2, 2, 1, 1, 16, 4,     0, 1, 2,     4, 5, 3,     3, 2, 1, 0,     4, 5, 6, 7,
panel_934, 2, 2, 1, 1, 16, 4,     0, 1, 2,     4, 5, 3,     3, 2, 1, 0,     4, 5, 6, 7,
panel_935, 2, 2, 1, 1, 16, 4,     0, 1, 2,     4, 5, 3,     3, 2, 1, 0,     4, 5, 6, 7,
panel_936, 2, 2, 1, 1, 16, 4,     0, 1, 2,     4, 5, 3,     3, 2, 1, 0,     4, 5, 6, 7,
panel_937, 2, 2, 1, 1, 16, 4,     0, 1, 2,     4, 5, 3,     3, 2, 1, 0,     4, 5, 6, 7,
panel_938, 2, 2, 1, 1, 16, 4,     0, 1, 2,     4, 5, 3,     3, 2, 1, 0,     4, 5, 6, 7,
panel_939, 2, 2, 1, 1, 16, 4,     0, 1, 2,     4, 5, 3,     3, 2, 1, 0,     4, 5, 6, 7,
panel_940, 2, 2, 1, 1, 16, 4,     0, 1, 2,     4, 5, 3,     3, 2, 1, 0,     4, 5, 6, 7,
panel_941, 2, 2, 1, 1, 16, 4,     0, 1, 2,     4, 5, 3,     3, 2, 1, 0,     4, 5, 6, 7,
panel_942, 2, 2, 1, 1, 16, 4,     0, 1, 2,     4, 5, 3,     3, 2, 1, 0,     4, 5, 6, 7,
panel_943, 2, 2, 1, 1, 16, 4,     0, 1, 2,     4, 5, 3,     3, 2, 1, 0,     4, 5, 6, 7,
panel_944, 2, 2, 1, 1, 16, 4,     0, 1, 2,     4, 5, 3,     3, 2, 1, 0,     4, 5, 6, 7,
panel_945, 2, 2, 1, 1, 16, 4,     0, 1, 2,     4, 5, 3,     3, 2, 1, 0,     4, 5, 6, 7,
panel_946, 2, 2, 1, 1, 16, 4,     0, 1, 2,     4, 5, 3,     3, 2, 1, 0,     4, 5, 6, 7,
panel_947, 2, 2, 1, 1, 16, 4,     0, 1, 2,     4, 5, 3,     3, 2, 1, 0,     4, 5, 6, 7,
panel_948, 2, 2, 1, 1, 16, 4,     0, 1, 2,     4, 5, 3,     3, 2, 1, 0,     4, 5, 6, 7,
panel_949, 2, 2, 1, 1, 16, 4,     0, 1, 2,     4, 5, 3,     3, 2, 1, 0,     4, 5, 6, 7,
panel_950, 2, 2, 1, 1, 16, 4,     0, 1, 2,     4, 5, 3,     3, 2, 1, 0,     4, 5, 6, 7,
panel_951, 2, 2, 1, 1, 16, 4,     0, 1, 2,     4, 5, 3,     3, 2, 1, 0,     4, 5, 6, 7,
panel_952, 2, 2, 1, 1, 16, 4,     0, 1, 2,     4, 5, 3,     3, 2, 1, 0,     4, 5, 6, 7,
panel_953, 2, 2, 1, 1, 16, 4,     0, 1, 2,     4, 5, 3,     3, 2, 1, 0,     4, 5, 6, 7,
panel_954, 2, 2, 1, 1, 16, 4,     0, 1, 2,     4, 5, 3,     3, 2, 1, 0,     4, 5, 6, 7,
panel_955, 2, 2, 1, 1, 16, 4,     0, 1, 2,     4, 5, 3,     3, 2, 1, 0,     4, 5, 6, 7,
panel_956, 2, 2, 1, 1, 16, 4,     0, 1, 2,     4, 5, 3,     3, 2, 1, 0,     4, 5, 6, 7,
panel_957, 2, 2, 1, 1, 16, 4,     0, 1, 2,     4, 5, 3,     3, 2, 1, 0,     4, 5, 6, 7,
panel_958, 2, 2, 1, 1, 16, 4,     0, 1, 2,     4, 5, 3,     3, 2, 1, 0,     4, 5, 6, 7,
panel_959, 2, 2, 1, 1, 16, 4,     0, 1, 2,     4, 5, 3,     3, 2, 1, 0,     4, 5, 6, 7,
panel_960, 2, 2, 1, 1, 16, 4,     0, 1, 2,     4, 5, 3,     3, 2, 1, 0,     4, 5, 6, 7,
panel_961, 2, 2, 1, 1, 16, 4,     0, 1, 2,     4, 5, 3,     3, 2, 1, 0,     4, 5, 6, 7,
panel_962, 2, 2, 1, 1, 16, 4,     0, 1, 2,     4, 5, 3,     3, 2, 1, 0,     4, 5, 6, 7,
panel_963, 2, 2, 1, 1, 16, 4,     0, 1, 2,     4, 5, 3,     3, 2, 1, 0,     4, 5, 6, 7,
panel_964, 2, 2, 1, 1, 16, 4,     0, 1, 2,     4, 5, 3,     3, 2, 1, 0,     4, 5, 6, 7,
panel_965, 2, 2, 1, 1, 16, 4,     0, 1, 2,     4, 5, 3,     3, 2, 1, 0,     4, 5, 6, 7,
panel_966, 2, 2, 1, 1, 16, 4,     0, 1, 2,     4, 5, 3,     3, 2, 1, 0,     4, 5, 6, 7,
panel_967, 2, 2, 1, 1, 16, 4,     0, 1, 2,     4, 5, 3,     3, 2, 1, 0,     4, 5, 6, 7,
panel_968, 2, 2, 1, 1, 16, 4,     0, 1, 2,     4, 5, 3,     3, 2, 1, 0,     4, 5, 6, 7,
panel_969, 2, 2, 1, 1, 16, 4,     0, 1, 2,     4, 5, 3,     3, 2, 1, 0,     4, 5, 6, 7,
panel_970, 2, 2, 1, 1, 16, 4,     0, 1, 2,     4, 5, 3,     3, 2, 1, 0,     4, 5, 6, 7,
panel_971, 2, 2, 1, 1, 16, 4,     0, 1, 2,     4, 5, 3,     3, 2, 1, 0,     4, 5, 6, 7,
panel_972, 2, 2, 1, 1, 16, 4,     0, 1, 2,     4, 5, 3,     3, 2, 1, 0,     4, 5, 6, 7,
panel_973, 2, 2, 1, 1, 16, 4,     0, 1, 2,     4, 5, 3,     3, 2, 1, 0,     4, 5, 6, 7,
panel_974, 2, 2, 1, 1, 16, 4,     0, 1, 2,     4, 5, 3,     3, 2, 1, 0,     4, 5, 6, 7,
panel_975, 2, 2, 1, 1, 16, 4,     0, 1, 2,     4, 5, 3,     3, 2, 1, 0,     4, 5, 6, 7,
panel_976, 2, 2, 1, 1, 16, 4,     0, 1, 2,     4, 5, 3,     3, 2, 1, 0,     4, 5, 6, 7,
panel_977, 2, 2, 1, 1, 16, 4,     0, 1, 2,     4, 5, 3,     3, 2, 1, 0,     4, 5, 6, 7,
panel_978, 2, 2, 1, 1, 16, 4,     0, 1, 2,     4, 5, 3,     3, 2, 1, 0,     4, 5, 6, 7,
panel_979, 2, 2, 1, 1, 16, 4,     0, 1, 2,     4, 5, 3,     3, 2, 1, 0,     4, 5, 6, 7,
panel_980, 2, 2, 1, 1, 16, 4,     0, 1, 2,     4, 5, 3,     3, 2, 1, 0,     4, 5, 6, 7,
panel_981, 2, 2, 1, 1, 16, 4,     0, 1, 2,     4, 5, 3,     3, 2, 1, 0,     4, 5, 6, 7,
panel_982, 2, 2, 1, 1, 16, 4,     0, 1, 2,     4, 5, 3,     3, 2, 1, 0,     4, 5, 6, 7,
panel_983, 2, 2, 1, 1, 16, 4,     0, 1, 2,     4, 5, 3,     3, 2, 1, 0,     4, 5, 6, 7,
panel_984, 2, 2, 1, 1, 16, 4,     0, 1, 2,     4, 5, 3,     3, 2, 1, 0,     4, 5, 6, 7,
panel_985, 2, 2, 1, 1, 16, 4,     0, 1, 2,     4, 5, 3,     3, 2, 1, 0,     4, 5, 6, 7,
panel_986, 2, 2, 1, 1, 16, 4,     0, 1, 2,     4, 5, 3,     3, 2, 1, 0,     4, 5, 6, 7,
panel_987, 2, 2, 1, 1, 16, 4,     0, 1, 2,     4, 5, 3,     3, 2, 1, 0,     4, 5, 6, 7,
panel_988, 2, 2, 1, 1, 16, 4,     0, 1, 2,     4, 5, 3,     3, 2, 1, 0,     4, 5, 6, 7,
panel_989, 2, 2, 1, 1, 16, 4,     0, 1, 2,     4, 5, 3,     3, 2, 1, 0,     4, 5, 6, 7,
panel_990, 2, 2, 1, 1, 16, 4,     0, 1, 2,     4, 5, 3,     3, 2, 1, 0,     4, 5, 6, 7,
panel_991, 2, 2, 1, 1, 16, 4,     0, 1, 2,     4, 5, 3,     3, 2, 1, 0,     4, 5, 6, 7,
panel_992, 2, 2, 1, 1, 16, 4,     0, 1, 2,     4, 5, 3,     3, 2, 1, 0,     4, 5, 6, 7,
panel_993, 2, 2, 1, 1, 16, 4,     0, 1, 2,     4, 5, 3,     3, 2, 1, 0,     4, 5, 6, 7,
panel_994, 2, 2, 1, 1, 16, 4,     0, 1, 2,     4, 5, 3,     3, 2, 1, 0,     4, 5, 6, 7,
panel_995, 2, 2, 1, 1, 16, 4,     0, 1, 2,     4, 5, 3,     3, 2, 1, 0,     4, 5, 6, 7,
panel_996, 2, 2, 1, 1, 16, 4,     0, 1, 2,     4, 5, 3,     3, 2, 1, 0,     4, 5, 6, 7,
panel_997, 2, 2, 1, 1, 16, 4,     0, 1, 2,     4, 5, 3,     3, 2, 1, 0,     4, 5, 6, 7,
panel_998, 2, 2, 1, 1, 16, 4,     0, 1, 2,     4, 5, 3,     3, 2, 1, 0,     4, 5, 6, 7,
panel_999, 2, 2, 1, 1, 16, 4,     0, 1, 2,     4, 5, 3,     3, 2, 1, 0,     4, 5, 6, 7,
panel_1000, 2, 2, 1, 1, 16, 4,     0, 1, 2,     4, 5, 3,     3, 2, 1, 0,     4, 5, 6, 7,
panel_1001, 2, 2, 1, 1, 16, 4,     0, 1, 2,     4, 5, 3,     3, 2, 1, 0,     4, 5, 6, 7,
panel_1002, 2, 2, 1, 1, 16, 4,     0, 1, 2,     4, 5, 3,     3, 2, 1, 0,     4, 5, 6, 7,
panel_1003, 2, 2, 1, 1, 16, 4,     0, 1, 2,     4, 5, 3,     3, 2, 1, 0,     4, 5, 6, 7,
panel_1004, 2, 2, 1, 1, 16, 4,     0, 1, 2,     4, 5, 3,     3, 2, 1, 0,     4, 5, 6, 7,
panel_1005, 2, 2, 1, 1, 16, 4,     0, 1, 2,     4, 5, 3,     3, 2, 1, 0,     4, 5, 6, 7,
panel_1006, 2, 2, 1, 1, 16, 4,     0, 1, 2,     4, 5, 3,     3, 2, 1, 0,     4, 5, 6, 7,
panel_1007, 2, 2, 1, 1, 16, 4,     0, 1, 2,     4, 5, 3,     3, 2, 1, 0,     4, 5, 6, 7,
panel_1008, 2, 2, 1, 1, 16, 4,     0, 1, 2,     4, 5, 3,     3, 2, 1, 0,     4, 5, 6, 7,
panel_1009, 2, 2, 1, 1, 16, 4,     0, 1, 2,     4, 5, 3,     3, 2, 1, 0,     4, 5, 6, 7,
panel_1010, 2, 2, 1, 1, 16, 4,     0, 1, 2,     4, 5, 3,     3, 2, 1, 0,     4, 5, 6, 7,
panel_1011, 2, 2, 1, 1, 16, 4,     0, 1, 2,     4, 5, 3,     3, 2, 1, 0,     4, 5, 6, 7,
panel_1012, 2, 2, 1, 1, 16, 4,     0, 1, 2,     4, 5, 3,     3, 2, 1, 0,     4, 5, 6, 7,
panel_1013, 2, 2, 1, 1, 16, 4,     0, 1, 2,     4, 5, 3,     3, 2, 1, 0,     4, 5, 6, 7,
panel_1014, 2, 2, 1, 1, 16, 4,     0, 1, 2,     4, 5, 3,     3, 2, 1, 0,     4, 5, 6, 7,
panel_1015, 2, 2, 1, 1, 16, 4,     0, 1, 2,     4, 5, 3,     3, 2, 1, 0,     4, 5, 6, 7,
panel_1016, 2, 2, 1, 1, 16, 4,     0, 1, 2,     4, 5, 3,     3, 2, 1, 0,     4, 5, 6, 7,
panel_1017, 2, 2, 1, 1, 16, 4,     0, 1, 2,     4, 5, 3,     3, 2, 1, 0,     4, 5, 6, 7,
panel_1018, 2, 2, 1, 1, 16, 4,     0, 1, 2,     4, 5, 3,     3, 2, 1, 0,     4, 5, 6, 7,
panel_1019, 2, 2, 1, 1, 16, 4,     0, 1, 2,     4, 5, 3,     3, 2, 1, 0,     4, 5, 6, 7,
panel_1020, 2, 2, 1, 1, 16, 4,     0, 1, 2,     4, 5, 3,     3, 2, 1, 0,     4, 5, 6, 7,
panel_1021, 2, 2, 1, 1, 16, 4,     0, 1, 2,     4, 5, 3,     3, 2, 1, 0,     4, 5, 6, 7,
panel_1022, 2, 2, 1, 1, 16, 4,     0, 1, 2,     4, 5, 3,     3, 2, 1, 0,     4, 5, 6, 7,
panel_1023, 2, 2, 1, 1, 16, 4,     0, 1, 2,     4, 5, 3,     3, 2, 1, 0,     4, 5, 6, 7,
panel_1024, 2, 2, 1, 1, 16, 4,     0, 1, 2,     4, 5, 3,     3, 2, 1, 0,     4, 5, 6, 7,
panel_1025, 2, 2, 1, 1, 16, 4,     0, 1, 2,     4, 5, 3,     3, 2, 1, 0,     4, 5, 6, 7,
panel_1026, 2, 2, 1, 1, 16, 4,     0, 1, 2,     4, 5, 3,     3, 2, 1, 0,     4, 5, 6, 7,
panel_1027, 2, 2, 1, 1, 16, 4,     0, 1, 2,     4, 5, 3,     3, 2, 1, 0,     4, 5, 6, 7,
panel_1028, 2, 2, 1, 1, 16, 4,     0, 1, 2,     4, 5, 3,     3, 2, 1, 0,     4, 5, 6, 7,
panel_1029, 2, 2, 1, 1, 16, 4,     0, 1, 2,     4, 5, 3,     3, 2, 1, 0,     4, 5, 6, 7,
panel_1030, 2, 2, 1, 1, 16, 4,     0, 1, 2,     4, 5, 3,     3, 2, 1, 0,     4, 5, 6, 7,
panel_1031, 2, 2, 1, 1, 16, 4,     0, 1, 2,     4, 5, 3,     3, 2, 1, 0,     4, 5, 6, 7,
panel_1032, 2, 2, 1, 1, 16, 4,     0, 1, 2,     4, 5, 3,     3, 2, 1, 0,     4, 5, 6, 7,
panel_1033, 2, 2, 1, 1, 16, 4,     0, 1, 2,     4, 5, 3,     3, 2, 1, 0,     4, 5, 6, 7,
panel_1034, 2, 2, 1, 1, 16, 4,     0, 1, 2,     4, 5, 3,     3, 2, 1, 0,     4, 5, 6, 7,
panel_1035, 2, 2, 1, 1, 16, 4,     0, 1, 2,     4, 5, 3,     3, 2, 1, 0,     4, 5, 6, 7,
panel_1036, 2, 2, 1, 1, 16, 4,     0, 1, 2,     4, 5, 3,     3, 2, 1, 0,     4, 5, 6, 7,
panel_1037, 2, 2, 1, 1, 16, 4,     0, 1, 2,     4, 5, 3,     3, 2, 1, 0,     4, 5, 6, 7,
panel_1038, 2, 2, 1, 1, 16, 4,     0, 1, 2,     4, 5, 3,     3, 2, 1, 0,     4, 5, 6, 7,
panel_1039, 2, 2, 1, 1, 16, 4,     0, 1, 2,     4, 5, 3,     3, 2, 1, 0,     4, 5, 6, 7,
panel_1040, 2, 2, 1, 1, 16, 4,     0, 1, 2,     4, 5, 3,     3, 2, 1, 0,     4, 5, 6, 7,
panel_1041, 2, 2, 1, 1, 16, 4,     0, 1, 2,     4, 5, 3,     3, 2, 1, 0,     4, 5, 6, 7,
panel_1042, 2, 2, 1, 1, 16, 4,     0, 1, 2,     4, 5, 3,     3, 2, 1, 0,     4, 5, 6, 7,
panel_1043, 2, 2, 1, 1, 16, 4,     0, 1, 2,     4, 5, 3,     3, 2, 1, 0,     4, 5, 6, 7,
panel_1044, 2, 2, 1, 1, 16, 4,     0, 1, 2,     4, 5, 3,     3, 2, 1, 0,     4, 5, 6, 7,
panel_1045, 2, 2, 1, 1, 16, 4,     0, 1, 2,     4, 5, 3,     3, 2, 1, 0,     4, 5, 6, 7,
panel_1046, 2, 2, 1, 1, 16, 4,     0, 1, 2,     4, 5, 3,     3, 2, 1, 0,     4, 5, 6, 7,
panel_1047, 2, 2, 1, 1, 16, 4,     0, 1, 2,     4, 5, 3,     3, 2, 1, 0,     4, 5, 6, 7,
panel_1048, 2, 2, 1, 1, 16, 4,     0, 1, 2,     4, 5, 3,     3, 2, 1, 0,     4, 5, 6, 7,
panel_1049, 2, 2, 1, 1, 16, 4,     0, 1, 2,     4, 5, 3,     3, 2, 1, 0,     4, 5, 6, 7,
panel_1050, 2, 2, 1, 1, 16, 4,     0, 1, 2,     4, 5, 3,     3, 2, 1, 0,     4, 5, 6, 7,
panel_1051, 2, 2, 1, 1, 16, 4,     0, 1, 2,     4, 5, 3,     3, 2, 1, 0,     4, 5, 6, 7,
panel_1052, 2, 2, 1, 1, 16, 4,     0, 1, 2,     4, 5, 3,     3, 2, 1, 0,     4, 5, 6, 7,
panel_1053, 2, 2, 1, 1, 16, 4,     0, 1, 2,     4, 5, 3,     3, 2, 1, 0,     4, 5, 6, 7,
panel_1054, 2, 2, 1, 1, 16, 4,     0, 1, 2,     4, 5, 3,     3, 2, 1, 0,     4, 5, 6, 7,
panel_1055, 2, 2, 1, 1, 16, 4,     0, 1, 2,     4, 5, 3,     3, 2, 1, 0,     4, 5, 6, 7,
panel_1056, 2, 2, 1, 1, 16, 4,     0, 1, 2,     4, 5, 3,     3, 2, 1, 0,     4, 5, 6, 7,
panel_1057, 2, 2, 1, 1, 16, 4,     0, 1, 2,     4, 5, 3,     3, 2, 1, 0,     4, 5, 6, 7,
panel_1058, 2, 2, 1, 1, 16, 4,     0, 1, 2,     4, 5, 3,     3, 2, 1, 0,     4, 5, 6, 7,
panel_1059, 2, 2, 1, 1, 16, 4,     0, 1, 2,     4, 5, 3,     3, 2, 1, 0,     4, 5, 6, 7,
panel_1060, 2, 2, 1, 1, 16, 4,     0, 1, 2,     4, 5, 3,     3, 2, 1, 0,     4, 5, 6, 7,
panel_1061, 2, 2, 1, 1, 16, 4,     0, 1, 2,     4, 5, 3,     3, 2, 1, 0,     4, 5, 6, 7,
panel_1062, 2, 2, 1, 1, 16, 4,     0, 1, 2,     4, 5, 3,     3, 2, 1, 0,     4, 5, 6, 7,
panel_1063, 2, 2, 1, 1, 16, 4,     0, 1, 2,     4, 5, 3,     3, 2, 1, 0,     4, 5, 6, 7,
panel_1064, 2, 2, 1, 1, 16, 4,     0, 1, 2,     4, 5, 3,     3, 2, 1, 0,     4, 5, 6, 7,
panel_1065, 2, 2, 1, 1, 16, 4,     0, 1, 2,     4, 5, 3,     3, 2, 1, 0,     4, 5, 6, 7,
panel_1066, 2, 2, 1, 1, 16, 4,     0, 1, 2,     4, 5, 3,     3, 2, 1, 0,     4, 5, 6, 7,
panel_1067, 2, 2, 1, 1, 16, 4,     0, 1, 2,     4, 5, 3,     3, 2, 1, 0,     4, 5, 6, 7,
panel_1068, 2, 2, 1, 1, 16, 4,     0, 1, 2,     4, 5, 3,     3, 2, 1, 0,     4, 5, 6, 7,
panel_1069, 2, 2, 1, 1, 16, 4,     0, 1, 2,     4, 5, 3,     3, 2, 1, 0,     4, 5, 6, 7,
panel_1070, 2, 2, 1, 1, 16, 4,     0, 1, 2,     4, 5, 3,     3, 2, 1, 0,     4, 5, 6, 7,
panel_1071, 2, 2, 1, 1, 16, 4,     0, 1, 2,     4, 5, 3,     3, 2, 1, 0,     4, 5, 6, 7,
panel_1072, 2, 2, 1, 1, 16, 4,     0, 1, 2,     4, 5, 3,     3, 2, 1, 0,     4, 5, 6, 7,
panel_1073, 2, 2, 1, 1, 16, 4,     0, 1, 2,     4, 5, 3,     3, 2, 1, 0,     4, 5, 6, 7,
panel_1074, 2, 2, 1, 1, 16, 4,     0, 1, 2,     4, 5, 3,     3, 2, 1, 0,     4, 5, 6, 7,
panel_1075, 2, 2, 1, 1, 16, 4,     0, 1, 2,     4, 5, 3,     3, 2, 1, 0,     4, 5, 6, 7,
panel_1076, 2, 2, 1, 1, 16, 4,     0, 1, 2,     4, 5, 3,     3, 2, 1, 0,     4, 5, 6, 7,
panel_1077, 2, 2, 1, 1, 16, 4,     0, 1, 2,     4, 5, 3,     3, 2, 1, 0,     4, 5, 6, 7,
panel_1078, 2, 2, 1, 1, 16, 4,     0, 1, 2,     4, 5, 3,     3, 2, 1, 0,     4, 5, 6, 7,
panel_1079, 2, 2, 1, 1, 16, 4,     0, 1, 2,     4, 5, 3,     3, 2, 1, 0,     4, 5, 6, 7,
panel_1080, 2, 2, 1, 1, 16, 4,     0, 1, 2,     4, 5, 3,     3, 2, 1, 0,     4, 5, 6, 7,
panel_1081, 2, 2, 1, 1, 16, 4,     0, 1, 2,     4, 5, 3,     3, 2, 1, 0,     4, 5, 6, 7,
panel_1082, 2, 2, 1, 1, 16, 4,     0, 1, 2,     4, 5, 3,     3, 2, 1, 0,     4, 5, 6, 7,
panel_1083, 2, 2, 1, 1, 16, 4,     0, 1, 2,     4, 5, 3,     3, 2, 1, 0,     4, 5, 6, 7,
panel_1084, 2, 2, 1, 1, 16, 4,     0, 1, 2,     4, 5, 3,     3, 2, 1, 0,     4, 5, 6, 7,
panel_1085, 2, 2, 1, 1, 16, 4,     0, 1, 2,     4, 5, 3,     3, 2, 1, 0,     4, 5, 6, 7,
panel_1086, 2, 2, 1, 1, 16, 4,     0, 1, 2,     4, 5, 3,     3, 2, 1, 0,     4, 5, 6, 7,
panel_1087, 2, 2, 1, 1, 16, 4,     0, 1, 2,     4, 5, 3,     3, 2, 1, 0,     4, 5, 6, 7,
panel_1088, 2, 2, 1, 1, 16, 4,     0, 1, 2,     4, 5, 3,     3, 2, 1, 0,     4, 5, 6, 7,
panel_1089, 2, 2, 1, 1, 16, 4,     0, 1, 2,     4, 5, 3,     3, 2, 1, 0,     4, 5, 6, 7,
panel_1090, 2, 2, 1, 1, 16, 4,     0, 1, 2,     4, 5, 3,     3, 2, 1, 0,     4, 5, 6, 7,
panel_1091, 2, 2, 1, 1, 16, 4,     0, 1, 2,     4, 5, 3,     3, 2, 1, 0,     4, 5, 6, 7,
panel_1092, 2, 2, 1, 1, 16, 4,     0, 1, 2,     4, 5, 3,     3, 2, 1, 0,     4, 5, 6, 7,
panel_1093, 2, 2, 1, 1, 16, 4,     0, 1, 2,     4, 5, 3,     3, 2, 1, 0,     4, 5, 6, 7,
panel_1094, 2, 2, 1, 1, 16, 4,     0, 1, 2,     4, 5, 3,     3, 2, 1, 0,     4, 5, 6, 7,
panel_1095, 2, 2, 1, 1, 16, 4,     0, 1, 2,     4, 5, 3,     3, 2, 1, 0,     4, 5, 6, 7,
panel_1096, 2, 2, 1, 1, 16, 4,     0, 1, 2,     4, 5, 3,     3, 2, 1, 0,     4, 5, 6, 7,
panel_1097, 2, 2, 1, 1, 16, 4,     0, 1, 2,     4, 5, 3,     3, 2, 1, 0,     4, 5, 6, 7,
panel_1098, 2, 2, 1, 1, 16, 4,     0, 1, 2,     4, 5, 3,     3, 2, 1, 0,     4, 5, 6, 7,
panel_1099, 2, 2, 1, 1, 16, 4,     0, 1, 2,     4, 5, 3,     3, 2, 1, 0,     4, 5, 6, 7,
panel_1100, 2, 2, 1, 1, 16, 4,     0, 1, 2,     4, 5, 3,     3, 2, 1, 0,     4, 5, 6, 7,
panel_1101, 2, 2, 1, 1, 16, 4,     0, 1, 2,     4, 5, 3,     3, 2, 1, 0,     4, 5, 6, 7,
panel_1102, 2, 2, 1, 1, 16, 4,     0, 1, 2,     4, 5, 3,     3, 2, 1, 0,     4, 5, 6, 7,
panel_1103, 2, 2, 1, 1, 16, 4,     0, 1, 2,     4, 5, 3,     3, 2, 1, 0,     4, 5, 6, 7,
panel_1104, 2, 2, 1, 1, 16, 4,     0, 1, 2,     4, 5, 3,     3, 2, 1, 0,     4, 5, 6, 7,
panel_1105, 2, 2, 1, 1, 16, 4,     0, 1, 2,     4, 5, 3,     3, 2, 1, 0,     4, 5, 6, 7,
panel_1106, 2, 2, 1, 1, 16, 4,     0, 1, 2,     4, 5, 3,     3, 2, 1, 0,     4, 5, 6, 7,
panel_1107, 2, 2, 1, 1, 16, 4,     0, 1, 2,     4, 5, 3,     3, 2, 1, 0,     4, 5, 6, 7,
panel_1108, 2, 2, 1, 1, 16, 4,     0, 1, 2,     4, 5, 3,     3, 2, 1, 0,     4, 5, 6, 7,
panel_1109, 2, 2, 1, 1, 16, 4,     0, 1, 2,     4, 5, 3,     3, 2, 1, 0,     4, 5, 6, 7,
panel_1110, 2, 2, 1, 1, 16, 4,     0, 1, 2,     4, 5, 3,     3, 2, 1, 0,     4, 5, 6, 7,
panel_1111, 2, 2, 1, 1, 16, 4,     0, 1, 2,     4, 5, 3,     3, 2, 1, 0,     4, 5, 6, 7,
panel_1112, 2, 2, 1, 1, 16, 4,     0, 1, 2,     4, 5, 3,     3, 2, 1, 0,     4, 5, 6, 7,
panel_1113, 2, 2, 1, 1, 16, 4,     0, 1, 2,     4, 5, 3,     3, 2, 1, 0,     4, 5, 6, 7,
panel_1114, 2, 2, 1, 1, 16, 4,     0, 1, 2,     4, 5, 3,     3, 2, 1, 0,     4, 5, 6, 7,
panel_1115, 2, 2, 1, 1, 16, 4,     0, 1, 2,     4, 5, 3,     3, 2, 1, 0,     4, 5, 6, 7,
panel_1116, 2, 2, 1, 1, 16, 4,     0, 1, 2,     4, 5, 3,     3, 2, 1, 0,     4, 5, 6, 7,
panel_1117, 2, 2, 1, 1, 16, 4,     0, 1, 2,     4, 5, 3,     3, 2, 1, 0,     4, 5, 6, 7,
panel_1118, 2, 2, 1, 1, 16, 4,     0, 1, 2,     4, 5, 3,     3, 2, 1, 0,     4, 5, 6, 7,
panel_1119, 2, 2, 1, 1, 16, 4,     0, 1, 2,     4, 5, 3,     3, 2, 1, 0,     4, 5, 6, 7,
panel_1120, 2, 2, 1, 1, 16, 4,     0, 1, 2,     4, 5, 3,     3, 2, 1, 0,     4, 5, 6, 7,
panel_1121, 2, 2, 1, 1, 16, 4,     0, 1, 2,     4, 5, 3,     3, 2, 1, 0,     4, 5, 6, 7,
panel_1122, 2, 2, 1, 1, 16, 4,     0, 1, 2,     4, 5, 3,     3, 2, 1, 0,     4, 5, 6, 7,
panel_1123, 2, 2, 1, 1, 16, 4,     0, 1, 2,     4, 5, 3,     3, 2, 1, 0,     4, 5, 6, 7,
panel_1124, 2, 2, 1, 1, 16, 4,     0, 1, 2,     4, 5, 3,     3, 2, 1, 0,     4, 5, 6, 7,
panel_1125, 2, 2, 1, 1, 16, 4,     0, 1, 2,     4, 5, 3,     3, 2, 1, 0,     4, 5, 6, 7,
panel_1126, 2, 2, 1, 1, 16, 4,     0, 1, 2,     4, 5, 3,     3, 2, 1, 0,     4, 5, 6, 7,
panel_1127, 2, 2, 1, 1, 16, 4,     0, 1, 2,     4, 5, 3,     3, 2, 1, 0,     4, 5, 6, 7,
panel_1128, 2, 2, 1, 1, 16, 4,     0, 1, 2,     4, 5, 3,     3, 2, 1, 0,     4, 5, 6, 7,
panel_1129, 2, 2, 1, 1, 16, 4,     0, 1, 2,     4, 5, 3,     3, 2, 1, 0,     4, 5, 6, 7,
panel_1130, 2, 2, 1, 1, 16, 4,     0, 1, 2,     4, 5, 3,     3, 2, 1, 0,     4, 5, 6, 7,
panel_1131, 2, 2, 1, 1, 16, 4,     0, 1, 2,     4, 5, 3,     3, 2, 1, 0,     4, 5, 6, 7,
panel_1132, 2, 2, 1, 1, 16, 4,     0, 1, 2,     4, 5, 3,     3, 2, 1, 0,     4, 5, 6, 7,
panel_1133, 2, 2, 1, 1, 16, 4,     0, 1, 2,     4, 5, 3,     3, 2, 1, 0,     4, 5, 6, 7,
panel_1134, 2, 2, 1, 1, 16, 4,     0, 1, 2,     4, 5, 3,     3, 2, 1, 0,     4, 5, 6, 7,
panel_1135, 2, 2, 1, 1, 16, 4,     0, 1, 2,     4, 5, 3,     3, 2, 1, 0,     4, 5, 6, 7,
panel_1136, 2, 2, 1, 1, 16, 4,     0, 1, 2,     4, 5, 3,     3, 2, 1, 0,     4, 5, 6, 7,
panel_1137, 2, 2, 1, 1, 16, 4,     0, 1, 2,     4, 5, 3,     3, 2, 1, 0,     4, 5, 6, 7,
panel_1138, 2, 2, 1, 1, 16, 4,     0, 1, 2,     4, 5, 3,     3, 2, 1, 0,     4, 5, 6, 7,
panel_1139, 2, 2, 1, 1, 16, 4,     0, 1, 2,     4, 5, 3,     3, 2, 1, 0,     4, 5, 6, 7,
panel_1140, 2, 2, 1, 1, 16, 4,     0, 1, 2,     4, 5, 3,     3, 2, 1, 0,     4, 5, 6, 7,
panel_1141, 2, 2, 1, 1, 16, 4,     0, 1, 2,     4, 5, 3,     3, 2, 1, 0,     4, 5, 6, 7,
panel_1142, 2, 2, 1, 1, 16, 4,     0, 1, 2,     4, 5, 3,     3, 2, 1, 0,     4, 5, 6, 7,
panel_1143, 2, 2, 1, 1, 16, 4,     0, 1, 2,     4, 5, 3,     3, 2, 1, 0,     4, 5, 6, 7,
panel_1144, 2, 2, 1, 1, 16, 4,     0, 1, 2,     4, 5, 3,     3, 2, 1, 0,     4, 5, 6, 7,
panel_1145, 2, 2, 1, 1, 16, 4,     0, 1, 2,     4, 5, 3,     3, 2, 1, 0,     4, 5, 6, 7,
panel_1146, 2, 2, 1, 1, 16, 4,     0, 1, 2,     4, 5, 3,     3, 2, 1, 0,     4, 5, 6, 7,
panel_1147, 2, 2, 1, 1, 16, 4,     0, 1, 2,     4, 5, 3,     3, 2, 1, 0,     4, 5, 6, 7,
panel_1148, 2, 2, 1, 1, 16, 4,     0, 1, 2,     4, 5, 3,     3, 2, 1, 0,     4, 5, 6, 7,
panel_1149, 2, 2, 1, 1, 16, 4,     0, 1, 2,     4, 5, 3,     3, 2, 1, 0,     4, 5, 6, 7,
panel_1150, 2, 2, 1, 1, 16, 4,     0, 1, 2,     4, 5, 3,     3, 2, 1, 0,     4, 5, 6, 7,
panel_1151, 2, 2, 1, 1, 16, 4,     0, 1, 2,     4, 5, 3,     3, 2, 1, 0,     4, 5, 6, 7,
panel_1152, 2, 2, 1, 1, 16, 4,     0, 1, 2,     4, 5, 3,     3, 2, 1, 0,     4, 5, 6, 7,
panel_1153, 2, 2, 1, 1, 16, 4,     0, 1, 2,     4, 5, 3,     3, 2, 1, 0,     4, 5, 6, 7,
panel_1154, 2, 2, 1, 1, 16, 4,     0, 1, 2,     4, 5, 3,     3, 2, 1, 0,     4, 5, 6, 7,
panel_1155, 2, 2, 1, 1, 16, 4,     0, 1, 2,     4, 5, 3,     3, 2, 1, 0,     4, 5, 6, 7,
panel_1156, 2, 2, 1, 1, 16, 4,     0, 1, 2,     4, 5, 3,     3, 2, 1, 0,     4, 5, 6, 7,
panel_1157, 2, 2, 1, 1, 16, 4,     0, 1, 2,     4, 5, 3,     3, 2, 1, 0,     4, 5, 6, 7,
panel_1158, 2, 2, 1, 1, 16, 4,     0, 1, 2,     4, 5, 3,     3, 2, 1, 0,     4, 5, 6, 7,
panel_1159, 2, 2, 1, 1, 16, 4,     0, 1, 2,     4, 5, 3,     3, 2, 1, 0,     4, 5, 6, 7,
panel_1160, 2, 2, 1, 1, 16, 4,     0, 1, 2,     4, 5, 3,     3, 2, 1, 0,     4, 5, 6, 7,
panel_1161, 2, 2, 1, 1, 16, 4,     0, 1, 2,     4, 5, 3,     3, 2, 1, 0,     4, 5, 6, 7,
panel_1162, 2, 2, 1, 1, 16, 4,     0, 1, 2,     4, 5, 3,     3, 2, 1, 0,     4, 5, 6, 7,
panel_1163, 2, 2, 1, 1, 16, 4,     0, 1, 2,     4, 5, 3,     3, 2, 1, 0,     4, 5, 6, 7,
panel_1164, 2, 2, 1, 1, 16, 4,     0, 1, 2,     4, 5, 3,     3, 2, 1, 0,     4, 5, 6, 7,
panel_1165, 2, 2, 1, 1, 16, 4,     0, 1, 2,     4, 5, 3,     3, 2, 1, 0,     4, 5, 6, 7,
panel_1166, 2, 2, 1, 1, 16, 4,     0, 1, 2,     4, 5, 3,     3, 2, 1, 0,     4, 5, 6, 7,
panel_1167, 2, 2, 1, 1, 16, 4,     0, 1, 2,     4, 5, 3,     3, 2, 1, 0,     4, 5, 6, 7,
panel_1168, 2, 2, 1, 1, 16, 4,     0, 1, 2,     4, 5, 3,     3, 2, 1, 0,     4, 5, 6, 7,
panel_1169, 2, 2, 1, 1, 16, 4,     0, 1, 2,     4, 5, 3,     3, 2, 1, 0,     4, 5, 6, 7,
panel_1170, 2, 2, 1, 1, 16, 4,     0, 1, 2,     4, 5, 3,     3, 2, 1, 0,     4, 5, 6, 7,
panel_1171, 2, 2, 1, 1, 16, 4,     0, 1, 2,     4, 5, 3,     3, 2, 1, 0,     4, 5, 6, 7,
panel_1172, 2, 2, 1, 1, 16, 4,     0, 1, 2,     4, 5, 3,     3, 2, 1, 0,     4, 5, 6, 7,
panel_1173, 2, 2, 1, 1, 16, 4,     0, 1, 2,     4, 5, 3,     3, 2, 1, 0,     4, 5, 6, 7,
panel_1174, 2, 2, 1, 1, 16, 4,     0, 1, 2,     4, 5, 3,     3, 2, 1, 0,     4, 5, 6, 7,
panel_1175, 2, 2, 1, 1, 16, 4,     0, 1, 2,     4, 5, 3,     3, 2, 1, 0,     4, 5, 6, 7,
panel_1176, 2, 2, 1, 1, 16, 4,     0, 1, 2,     4, 5, 3,     3, 2, 1, 0,     4, 5, 6, 7,
panel_1177, 2, 2, 1, 1, 16, 4,     0, 1, 2,     4, 5, 3,     3, 2, 1, 0,     4, 5, 6, 7,
panel_1178, 2, 2, 1, 1, 16, 4,     0, 1, 2,     4, 5, 3,     3, 2, 1, 0,     4, 5, 6, 7,
panel_1179, 2, 2, 1, 1, 16, 4,     0, 1, 2,     4, 5, 3,     3, 2, 1, 0,     4, 5, 6, 7,
panel_1180, 2, 2, 1, 1, 16, 4,     0, 1, 2,     4, 5, 3,     3, 2, 1, 0,     4, 5, 6, 7,
panel_1181, 2, 2, 1, 1, 16, 4,     0, 1, 2,     4, 5, 3,     3, 2, 1, 0,     4, 5, 6, 7,
panel_1182, 2, 2, 1, 1, 16, 4,     0, 1, 2,     4, 5, 3,     3, 2, 1, 0,     4, 5, 6, 7,
panel_1183, 2, 2, 1, 1, 16, 4,     0, 1, 2,     4, 5, 3,     3, 2, 1, 0,     4, 5, 6, 7,
panel_1184, 2, 2, 1, 1, 16, 4,     0, 1, 2,     4, 5, 3,     3, 2, 1, 0,     4, 5, 6, 7,
panel_1185, 2, 2, 1, 1, 16, 4,     0, 1, 2,     4, 5, 3,     3, 2, 1, 0,     4, 5, 6, 7,
panel_1186, 2, 2, 1, 1, 16, 4,     0, 1, 2,     4, 5, 3,     3, 2, 1, 0,     4, 5, 6, 7,
panel_1187, 2, 2, 1, 1, 16, 4,     0, 1, 2,     4, 5, 3,     3, 2, 1, 0,     4, 5, 6, 7,
panel_1188, 2, 2, 1, 1, 16, 4,     0, 1, 2,     4, 5, 3,     3, 2, 1, 0,     4, 5, 6, 7,
panel_1189, 2, 2, 1, 1, 16, 4,     0, 1, 2,     4, 5, 3,     3, 2, 1, 0,     4, 5, 6, 7,
panel_1190, 2, 2, 1, 1, 16, 4,     0, 1, 2,     4, 5, 3,     3, 2, 1, 0,     4, 5, 6, 7,
panel_1191, 2, 2, 1, 1, 16, 4,     0, 1, 2,     4, 5, 3,     3, 2, 1, 0,     4, 5, 6, 7,
panel_1192, 2, 2, 1, 1, 16, 4,     0, 1, 2,     4, 5, 3,     3, 2, 1, 0,     4, 5, 6, 7,
panel_1193, 2, 2, 1, 1, 16, 4,     0, 1, 2,     4, 5, 3,     3, 2, 1, 0,     4, 5, 6, 7,
panel_1194, 2, 2, 1, 1, 16, 4,     0, 1, 2,     4, 5, 3,     3, 2, 1, 0,     4, 5, 6, 7,
panel_1195, 2, 2, 1, 1, 16, 4,     0, 1, 2,     4, 5, 3,     3, 2, 1, 0,     4, 5, 6, 7,
panel_1196, 2, 2, 1, 1, 16, 4,     0, 1, 2,     4, 5, 3,     3, 2, 1, 0,     4, 5, 6, 7,
panel_1197, 2, 2, 1, 1, 16, 4,     0, 1, 2,     4, 5, 3,     3, 2, 1, 0,     4, 5, 6, 7,
panel_1198, 2, 2, 1, 1, 16, 4,     0, 1, 2,     4, 5, 3,     3, 2, 1, 0,     4, 5, 6, 7,
panel_1199, 2, 2, 1, 1, 16, 4,     0, 1, 2,     4, 5, 3,     3, 2, 1, 0,     4, 5, 6, 7,
panel_1200, 2, 2, 1, 1, 16, 4,     0, 1, 2,     4, 5, 3,     3, 2, 1, 0,     4, 5, 6, 7,
panel_1201, 2, 2, 1, 1, 16, 4,     0, 1, 2,     4, 5, 3,     3, 2, 1, 0,     4, 5, 6, 7,
panel_1202, 2, 2, 1, 1, 16, 4,     0, 1, 2,     4, 5, 3,     3, 2, 1, 0,     4, 5, 6, 7,
panel_1203, 2, 2, 1, 1, 16, 4,     0, 1, 2,     4, 5, 3,     3, 2, 1, 0,     4, 5, 6, 7,
panel_1204, 2, 2, 1, 1, 16, 4,     0, 1, 2,     4, 5, 3,     3, 2, 1, 0,     4, 5, 6, 7,
panel_1205, 2, 2, 1, 1, 16, 4,     0, 1, 2,     4, 5, 3,     3, 2, 1, 0,     4, 5, 6, 7,
panel_1206, 2, 2, 1, 1, 16, 4,     0, 1, 2,     4, 5, 3,     3, 2, 1, 0,     4, 5, 6, 7,
panel_1207, 2, 2, 1, 1, 16, 4,     0, 1, 2,     4, 5, 3,     3, 2, 1, 0,     4, 5, 6, 7,
panel_1208, 2, 2, 1, 1, 16, 4,     0, 1, 2,     4, 5, 3,     3, 2, 1, 0,     4, 5, 6, 7,
panel_1209, 2, 2, 1, 1, 16, 4,     0, 1, 2,     4, 5, 3,     3, 2, 1, 0,     4, 5, 6, 7,
panel_1210, 2, 2, 1, 1, 16, 4,     0, 1, 2,     4, 5, 3,     3, 2, 1, 0,     4, 5, 6, 7,
panel_1211, 2, 2, 1, 1, 16, 4,     0, 1, 2,     4, 5, 3,     3, 2, 1, 0,     4, 5, 6, 7,
panel_1212, 2, 2, 1, 1, 16, 4,     0, 1, 2,     4, 5, 3,     3, 2, 1, 0,     4, 5, 6, 7,
panel_1213, 2, 2, 1, 1, 16, 4,     0, 1, 2,     4, 5, 3,     3, 2, 1, 0,     4, 5, 6, 7,
panel_1214, 2, 2, 1, 1, 16, 4,     0, 1, 2,     4, 5, 3,     3, 2, 1, 0,     4, 5, 6, 7,
panel_1215, 2, 2, 1, 1, 16, 4,     0, 1, 2,     4, 5, 3,     3, 2, 1, 0,     4, 5, 6, 7,
panel_1216, 2, 2, 1, 1, 16, 4,     0, 1, 2,     4, 5, 3,     3, 2, 1, 0,     4, 5, 6, 7,
panel_1217, 2, 2, 1, 1, 16, 4,     0, 1, 2,     4, 5, 3,     3, 2, 1, 0,     4, 5, 6, 7,
panel_1218, 2, 2, 1, 1, 16, 4,     0, 1, 2,     4, 5, 3,     3, 2, 1, 0,     4, 5, 6, 7,
panel_1219, 2, 2, 1, 1, 16, 4,     0, 1, 2,     4, 5, 3,     3, 2, 1, 0,     4, 5, 6, 7,
panel_1220, 2, 2, 1, 1, 16, 4,     0, 1, 2,     4, 5, 3,     3, 2, 1, 0,     4, 5, 6, 7,
panel_1221, 2, 2, 1, 1, 16, 4,     0, 1, 2,     4, 5, 3,     3, 2, 1, 0,     4, 5, 6, 7,
panel_1222, 2, 2, 1, 1, 16, 4,     0, 1, 2,     4, 5, 3,     3, 2, 1, 0,     4, 5, 6, 7,
panel_1223, 2, 2, 1, 1, 16, 4,     0, 1, 2,     4, 5, 3,     3, 2, 1, 0,     4, 5, 6, 7,
panel_1224, 2, 2, 1, 1, 16, 4,     0, 1, 2,     4, 5, 3,     3, 2, 1, 0,     4, 5, 6, 7,
panel_1225, 2, 2, 1, 1, 16, 4,     0, 1, 2,     4, 5, 3,     3, 2, 1, 0,     4, 5, 6, 7,
panel_1226, 2, 2, 1, 1, 16, 4,     0, 1, 2,     4, 5, 3,     3, 2, 1, 0,     4, 5, 6, 7,
panel_1227, 2, 2, 1, 1, 16, 4,     0, 1, 2,     4, 5, 3,     3, 2, 1, 0,     4, 5, 6, 7,
panel_1228, 2, 2, 1, 1, 16, 4,     0, 1, 2,     4, 5, 3,     3, 2, 1, 0,     4, 5, 6, 7,
panel_1229, 2, 2, 1, 1, 16, 4,     0, 1, 2,     4, 5, 3,     3, 2, 1, 0,     4, 5, 6, 7,
panel_1230, 2, 2, 1, 1, 16, 4,     0, 1, 2,     4, 5, 3,     3, 2, 1, 0,     4, 5, 6, 7,
panel_1231, 2, 2, 1, 1, 16, 4,     0, 1, 2,     4, 5, 3,     3, 2, 1, 0,     4, 5, 6, 7,
panel_1232, 2, 2, 1, 1, 16, 4,     0, 1, 2,     4, 5, 3,     3, 2, 1, 0,     4, 5, 6, 7,
panel_1233, 2, 2, 1, 1, 16, 4,     0, 1, 2,     4, 5, 3,     3, 2, 1, 0,     4, 5, 6, 7,
panel_1234, 2, 2, 1, 1, 16, 4,     0, 1, 2,     4, 5, 3,     3, 2, 1, 0,     4, 5, 6, 7,
panel_1235, 2, 2, 1, 1, 16, 4,     0, 1, 2,     4, 5, 3,     3, 2, 1, 0,     4, 5, 6, 7,
panel_1236, 2, 2, 1, 1, 16, 4,     0, 1, 2,     4, 5, 3,     3, 2, 1, 0,     4, 5, 6, 7,
panel_1237, 2, 2, 1, 1, 16, 4,     0, 1, 2,     4, 5, 3,     3, 2, 1, 0,     4, 5, 6, 7,
panel_1238, 2, 2, 1, 1, 16, 4,     0, 1, 2,     4, 5, 3,     3, 2, 1, 0,     4, 5, 6, 7,
panel_1239, 2, 2, 1, 1, 16, 4,     0, 1, 2,     4, 5, 3,     3, 2, 1, 0,     4, 5, 6, 7,
panel_1240, 2, 2, 1, 1, 16, 4,     0, 1, 2,     4, 5, 3,     3, 2, 1, 0,     4, 5, 6, 7,
panel_1241, 2, 2, 1, 1, 16, 4,     0, 1, 2,     4, 5, 3,     3, 2, 1, 0,     4, 5, 6, 7,
panel_1242, 2, 2, 1, 1, 16, 4,     0, 1, 2,     4, 5, 3,     3, 2, 1, 0,     4, 5, 6, 7,
panel_1243, 2, 2, 1, 1, 16, 4,     0, 1, 2,     4, 5, 3,     3, 2, 1, 0,     4, 5, 6, 7,
panel_1244, 2, 2, 1, 1, 16, 4,     0, 1, 2,     4, 5, 3,     3, 2, 1, 0,     4, 5, 6, 7,
panel_1245, 2, 2, 1, 1, 16, 4,     0, 1, 2,     4, 5, 3,     3, 2, 1, 0,     4, 5, 6, 7,
panel_1246, 2, 2, 1, 1, 16, 4,     0, 1, 2,     4, 5, 3,     3, 2, 1, 0,     4, 5, 6, 7,
panel_1247, 2, 2, 1, 1, 16, 4,     0, 1, 2,     4, 5, 3,     3, 2, 1, 0,     4, 5, 6, 7,
panel_1248, 2, 2, 1, 1, 16, 4,     0, 1, 2,     4, 5, 3,     3, 2, 1, 0,     4, 5, 6, 7,
panel_1249, 2, 2, 1, 1, 16, 4,     0, 1, 2,     4, 5, 3,     3, 2, 1, 0,     4, 5, 6, 7,
panel_1250, 2, 2, 1, 1, 16, 4,     0, 1, 2,     4, 5, 3,     3, 2, 1, 0,     4, 5, 6, 7,
panel_1251, 2, 2, 1, 1, 16, 4,     0, 1, 2,     4, 5, 3,     3, 2, 1, 0,     4, 5, 6, 7,
panel_1252, 2, 2, 1, 1, 16, 4,     0, 1, 2,     4, 5, 3,     3, 2, 1, 0,     4, 5, 6, 7,
panel_1253, 2, 2, 1, 1, 16, 4,     0, 1, 2,     4, 5, 3,     3, 2, 1, 0,     4, 5, 6, 7,
panel_1254, 2, 2, 1, 1, 16, 4,     0, 1, 2,     4, 5, 3,     3, 2, 1, 0,     4, 5, 6, 7,
panel_1255, 2, 2, 1, 1, 16, 4,     0, 1, 2,     4, 5, 3,     3, 2, 1, 0,     4, 5, 6, 7,
panel_1256, 2, 2, 1, 1, 16, 4,     0, 1, 2,     4, 5, 3,     3, 2, 1, 0,     4, 5, 6, 7,
panel_1257, 2, 2, 1, 1, 16, 4,     0, 1, 2,     4, 5, 3,     3, 2, 1, 0,     4, 5, 6, 7,
panel_1258, 2, 2, 1, 1, 16, 4,     0, 1, 2,     4, 5, 3,     3, 2, 1, 0,     4, 5, 6, 7,
panel_1259, 2, 2, 1, 1, 16, 4,     0, 1, 2,     4, 5, 3,     3, 2, 1, 0,     4, 5, 6, 7,
panel_1260, 2, 2, 1, 1, 16, 4,     0, 1, 2,     4, 5, 3,     3, 2, 1, 0,     4, 5, 6, 7,
panel_1261, 2, 2, 1, 1, 16, 4,     0, 1, 2,     4, 5, 3,     3, 2, 1, 0,     4, 5, 6, 7,
panel_1262, 2, 2, 1, 1, 16, 4,     0, 1, 2,     4, 5, 3,     3, 2, 1, 0,     4, 5, 6, 7,
panel_1263, 2, 2, 1, 1, 16, 4,     0, 1, 2,     4, 5, 3,     3, 2, 1, 0,     4, 5, 6, 7,
panel_1264, 2, 2, 1, 1, 16, 4,     0, 1, 2,     4, 5, 3,     3, 2, 1, 0,     4, 5, 6, 7,
panel_1265, 2, 2, 1, 1, 16, 4,     0, 1, 2,     4, 5, 3,     3, 2, 1, 0,     4, 5, 6, 7,
panel_1266, 2, 2, 1, 1, 16, 4,     0, 1, 2,     4, 5, 3,     3, 2, 1, 0,     4, 5, 6, 7,
panel_1267, 2, 2, 1, 1, 16, 4,     0, 1, 2,     4, 5, 3,     3, 2, 1, 0,     4, 5, 6, 7,
panel_1268, 2, 2, 1, 1, 16, 4,     0, 1, 2,     4, 5, 3,     3, 2, 1, 0,     4, 5, 6, 7,
panel_1269, 2, 2, 1, 1, 16, 4,     0, 1, 2,     4, 5, 3,     3, 2, 1, 0,     4, 5, 6, 7,
panel_1270, 2, 2, 1, 1, 16, 4,     0, 1, 2,     4, 5, 3,     3, 2, 1, 0,     4, 5, 6, 7,
panel_1271, 2, 2, 1, 1, 16, 4,     0, 1, 2,     4, 5, 3,     3, 2, 1, 0,     4, 5, 6, 7,
panel_1272, 2, 2, 1, 1, 16, 4,     0, 1, 2,     4, 5, 3,     3, 2, 1, 0,     4, 5, 6, 7,
panel_1273, 2, 2, 1, 1, 16, 4,     0, 1, 2,     4, 5, 3,     3, 2, 1, 0,     4, 5, 6, 7,
panel_1274, 2, 2, 1, 1, 16, 4,     0, 1, 2,     4, 5, 3,     3, 2, 1, 0,     4, 5, 6, 7,
panel_1275, 2, 2, 1, 1, 16, 4,     0, 1, 2,     4, 5, 3,     3, 2, 1, 0,     4, 5, 6, 7,
panel_1276, 2, 2, 1, 1, 16, 4,     0, 1, 2,     4, 5, 3,     3, 2, 1, 0,     4, 5, 6, 7,
panel_1277, 2, 2, 1, 1, 16, 4,     0, 1, 2,     4, 5, 3,     3, 2, 1, 0,     4, 5, 6, 7,
panel_1278, 2, 2, 1, 1, 16, 4,     0, 1, 2,     4, 5, 3,     3, 2, 1, 0,     4, 5, 6, 7,
panel_1279, 2, 2, 1, 1, 16, 4,     0, 1, 2,     4, 5, 3,     3, 2, 1, 0,     4, 5, 6, 7,
panel_1280, 2, 2, 1, 1, 16, 4,     0, 1, 2,     4, 5, 3,     3, 2, 1, 0,     4, 5, 6, 7,
panel_1281, 2, 2, 1, 1, 16, 4,     0, 1, 2,     4, 5, 3,     3, 2, 1, 0,     4, 5, 6, 7,
panel_1282, 2, 2, 1, 1, 16, 4,     0, 1, 2,     4, 5, 3,     3, 2, 1, 0,     4, 5, 6, 7,
panel_1283, 2, 2, 1, 1, 16, 4,     0, 1, 2,     4, 5, 3,     3, 2, 1, 0,     4, 5, 6, 7,
panel_1284, 2, 2, 1, 1, 16, 4,     0, 1, 2,     4, 5, 3,     3, 2, 1, 0,     4, 5, 6, 7,
panel_1285, 2, 2, 1, 1, 16, 4,     0, 1, 2,     4, 5, 3,     3, 2, 1, 0,     4, 5, 6, 7,
panel_1286, 2, 2, 1, 1, 16, 4,     0, 1, 2,     4, 5, 3,     3, 2, 1, 0,     4, 5, 6, 7,
panel_1287, 2, 2, 1, 1, 16, 4,     0, 1, 2,     4, 5, 3,     3, 2, 1, 0,     4, 5, 6, 7,
panel_1288, 2, 2, 1, 1, 16, 4,     0, 1, 2,     4, 5, 3,     3, 2, 1, 0,     4, 5, 6, 7,
panel_1289, 2, 2, 1, 1, 16, 4,     0, 1, 2,     4, 5, 3,     3, 2, 1, 0,     4, 5, 6, 7,
panel_1290, 2, 2, 1, 1, 16, 4,     0, 1, 2,     4, 5, 3,     3, 2, 1, 0,     4, 5, 6, 7,
panel_1291, 2, 2, 1, 1, 16, 4,     0, 1, 2,     4, 5, 3,     3, 2, 1, 0,     4, 5, 6, 7,
panel_1292, 2, 2, 1, 1, 16, 4,     0, 1, 2,     4, 5, 3,     3, 2, 1, 0,     4, 5, 6, 7,
panel_1293, 2, 2, 1, 1, 16, 4,     0, 1, 2,     4, 5, 3,     3, 2, 1, 0,     4, 5, 6, 7,
panel_1294, 2, 2, 1, 1, 16, 4,     0, 1, 2,     4, 5, 3,     3, 2, 1, 0,     4, 5, 6, 7,
panel_1295, 2, 2, 1, 1, 16, 4,     0, 1, 2,     4, 5, 3,     3, 2, 1, 0,     4, 5, 6, 7,
panel_1296, 2, 2, 1, 1, 16, 4,     0, 1, 2,     4, 5, 3,     3, 2, 1, 0,     4, 5, 6, 7,
panel_1297, 2, 2, 1, 1, 16, 4,     0, 1, 2,     4, 5, 3,     3, 2, 1, 0,     4, 5, 6, 7,
panel_1298, 2, 2, 1, 1, 16, 4,     0, 1, 2,     4, 5, 3,     3, 2, 1, 0,     4, 5, 6, 7,
panel_1299, 2, 2, 1, 1, 16, 4,     0, 1, 2,     4, 5, 3,     3, 2, 1, 0,     4, 5, 6, 7,
panel_1300, 2, 2, 1, 1, 16, 4,     0, 1, 2,     4, 5, 3,     3, 2, 1, 0,     4, 5, 6, 7,
panel_1301, 2, 2, 1, 1, 16, 4,     0, 1, 2,     4, 5, 3,     3, 2, 1, 0,     4, 5, 6, 7,
panel_1302, 2, 2, 1, 1, 16, 4,     0, 1, 2,     4, 5, 3,     3, 2, 1, 0,     4, 5, 6, 7,
panel_1303, 2, 2, 1, 1, 16, 4,     0, 1, 2,     4, 5, 3,     3, 2, 1, 0,     4, 5, 6, 7,
panel_1304, 2, 2, 1, 1, 16, 4,     0, 1, 2,     4, 5, 3,     3, 2, 1, 0,     4, 5, 6, 7,
panel_1305, 2, 2, 1, 1, 16, 4,     0, 1, 2,     4, 5, 3,     3, 2, 1, 0,     4, 5, 6, 7,
panel_1306, 2, 2, 1, 1, 16, 4,     0, 1, 2,     4, 5, 3,     3, 2, 1, 0,     4, 5, 6, 7,
panel_1307, 2, 2, 1, 1, 16, 4,     0, 1, 2,     4, 5, 3,     3, 2, 1, 0,     4, 5, 6, 7,
panel_1308, 2, 2, 1, 1, 16, 4,     0, 1, 2,     4, 5, 3,     3, 2, 1, 0,     4, 5, 6, 7,
panel_1309, 2, 2, 1, 1, 16, 4,     0, 1, 2,     4, 5, 3,     3, 2, 1, 0,     4, 5, 6, 7,
panel_1310, 2, 2, 1, 1, 16, 4,     0, 1, 2,     4, 5, 3,     3, 2, 1, 0,     4, 5, 6, 7,
panel_1311, 2, 2, 1, 1, 16, 4,     0, 1, 2,     4, 5, 3,     3, 2, 1, 0,     4, 5, 6, 7,
panel_1312, 2, 2, 1, 1, 16, 4,     0, 1, 2,     4, 5, 3,     3, 2, 1, 0,     4, 5, 6, 7,
panel_1313, 2, 2, 1, 1, 16, 4,     0, 1, 2,     4, 5, 3,     3, 2, 1, 0,     4, 5, 6, 7,
panel_1314, 2, 2, 1, 1, 16, 4,     0, 1, 2,     4, 5, 3,     3, 2, 1, 0,     4, 5, 6, 7,
panel_1315, 2, 2, 1, 1, 16, 4,     0, 1, 2,     4, 5, 3,     3, 2, 1, 0,     4, 5, 6, 7,
panel_1316, 2, 2, 1, 1, 16, 4,     0, 1, 2,     4, 5, 3,     3, 2, 1, 0,     4, 5, 6, 7,
panel_1317, 2, 2, 1, 1, 16, 4,     0, 1, 2,     4, 5, 3,     3, 2, 1, 0,     4, 5, 6, 7,
panel_1318, 2, 2, 1, 1, 16, 4,     0, 1, 2,     4, 5, 3,     3, 2, 1, 0,     4, 5, 6, 7,
panel_1319, 2, 2, 1, 1, 16, 4,     0, 1, 2,     4, 5, 3,     3, 2, 1, 0,     4, 5, 6, 7,
panel_1320, 2, 2, 1, 1, 16, 4,     0, 1, 2,     4, 5, 3,     3, 2, 1, 0,     4, 5, 6, 7,
panel_1321, 2, 2, 1, 1, 16, 4,     0, 1, 2,     4, 5, 3,     3, 2, 1, 0,     4, 5, 6, 7,
panel_1322, 2, 2, 1, 1, 16, 4,     0, 1, 2,     4, 5, 3,     3, 2, 1, 0,     4, 5, 6, 7,
panel_1323, 2, 2, 1, 1, 16, 4,     0, 1, 2,     4, 5, 3,     3, 2, 1, 0,     4, 5, 6, 7,
panel_1324, 2, 2, 1, 1, 16, 4,     0, 1, 2,     4, 5, 3,     3, 2, 1, 0,     4, 5, 6, 7,
panel_1325, 2, 2, 1, 1, 16, 4,     0, 1, 2,     4, 5, 3,     3, 2, 1, 0,     4, 5, 6, 7,
panel_1326, 2, 2, 1, 1, 16, 4,     0, 1, 2,     4, 5, 3,     3, 2, 1, 0,     4, 5, 6, 7,
panel_1327, 2, 2, 1, 1, 16, 4,     0, 1, 2,     4, 5, 3,     3, 2, 1, 0,     4, 5, 6, 7,
panel_1328, 2, 2, 1, 1, 16, 4,     0, 1, 2,     4, 5, 3,     3, 2, 1, 0,     4, 5, 6, 7,
panel_1329, 2, 2, 1, 1, 16, 4,     0, 1, 2,     4, 5, 3,     3, 2, 1, 0,     4, 5, 6, 7,
panel_1330, 2, 2, 1, 1, 16, 4,     0, 1, 2,     4, 5, 3,     3, 2, 1, 0,     4, 5, 6, 7,
panel_1331, 2, 2, 1, 1, 16, 4,     0, 1, 2,     4, 5, 3,     3, 2, 1, 0,     4, 5, 6, 7,
panel_1332, 2, 2, 1, 1, 16, 4,     0, 1, 2,     4, 5, 3,     3, 2, 1, 0,     4, 5, 6, 7,
panel_1333, 2, 2, 1, 1, 16, 4,     0, 1, 2,     4, 5, 3,     3, 2, 1, 0,     4, 5, 6, 7,
panel_1334, 2, 2, 1, 1, 16, 4,     0, 1, 2,     4, 5, 3,     3, 2, 1, 0,     4, 5, 6, 7,
panel_1335, 2, 2, 1, 1, 16, 4,     0, 1, 2,     4, 5, 3,     3, 2, 1, 0,     4, 5, 6, 7,
panel_1336, 2, 2, 1, 1, 16, 4,     0, 1, 2,     4, 5, 3,     3, 2, 1, 0,     4, 5, 6, 7,
panel_1337, 2, 2, 1, 1, 16, 4,     0, 1, 2,     4, 5, 3,     3, 2, 1, 0,     4, 5, 6, 7,
panel_1338, 2, 2, 1, 1, 16, 4,     0, 1, 2,     4, 5, 3,     3, 2, 1, 0,     4, 5, 6, 7,
panel_1339, 2, 2, 1, 1, 16, 4,     0, 1, 2,     4, 5, 3,     3, 2, 1, 0,     4, 5, 6, 7,
panel_1340, 2, 2, 1, 1, 16, 4,     0, 1, 2,     4, 5, 3,     3, 2, 1, 0,     4, 5, 6, 7,
panel_1341, 2, 2, 1, 1, 16, 4,     0, 1, 2,     4, 5, 3,     3, 2, 1, 0,     4, 5, 6, 7,
panel_1342, 2, 2, 1, 1, 16, 4,     0, 1, 2,     4, 5, 3,     3, 2, 1, 0,     4, 5, 6, 7,
panel_1343, 2, 2, 1, 1, 16, 4,     0, 1, 2,     4, 5, 3,     3, 2, 1, 0,     4, 5, 6, 7,
panel_1344, 2, 2, 1, 1, 16, 4,     0, 1, 2,     4, 5, 3,     3, 2, 1, 0,     4, 5, 6, 7,
panel_1345, 2, 2, 1, 1, 16, 4,     0, 1, 2,     4, 5, 3,     3, 2, 1, 0,     4, 5, 6, 7,
panel_1346, 2, 2, 1, 1, 16, 4,     0, 1, 2,     4, 5, 3,     3, 2, 1, 0,     4, 5, 6, 7,
panel_1347, 2, 2, 1, 1, 16, 4,     0, 1, 2,     4, 5, 3,     3, 2, 1, 0,     4, 5, 6, 7,
panel_1348, 2, 2, 1, 1, 16, 4,     0, 1, 2,     4, 5, 3,     3, 2, 1, 0,     4, 5, 6, 7,
panel_1349, 2, 2, 1, 1, 16, 4,     0, 1, 2,     4, 5, 3,     3, 2, 1, 0,     4, 5, 6, 7,
panel_1350, 2, 2, 1, 1, 16, 4,     0, 1, 2,     4, 5, 3,     3, 2, 1, 0,     4, 5, 6, 7,
panel_1351, 2, 2, 1, 1, 16, 4,     0, 1, 2,     4, 5, 3,     3, 2, 1, 0,     4, 5, 6, 7,
panel_1352, 2, 2, 1, 1, 16, 4,     0, 1, 2,     4, 5, 3,     3, 2, 1, 0,     4, 5, 6, 7,
panel_1353, 2, 2, 1, 1, 16, 4,     0, 1, 2,     4, 5, 3,     3, 2, 1, 0,     4, 5, 6, 7,
panel_1354, 2, 2, 1, 1, 16, 4,     0, 1, 2,     4, 5, 3,     3, 2, 1, 0,     4, 5, 6, 7,
panel_1355, 2, 2, 1, 1, 16, 4,     0, 1, 2,     4, 5, 3,     3, 2, 1, 0,     4, 5, 6, 7,
panel_1356, 2, 2, 1, 1, 16, 4,     0, 1, 2,     4, 5, 3,     3, 2, 1, 0,     4, 5, 6, 7,
panel_1357, 2, 2, 1, 1, 16, 4,     0, 1, 2,     4, 5, 3,     3, 2, 1, 0,     4, 5, 6, 7,
panel_1358, 2, 2, 1, 1, 16, 4,     0, 1, 2,     4, 5, 3,     3, 2, 1, 0,     4, 5, 6, 7,
panel_1359, 2, 2, 1, 1, 16, 4,     0, 1, 2,     4, 5, 3,     3, 2, 1, 0,     4, 5, 6, 7,
panel_1360, 2, 2, 1, 1, 16, 4,     0, 1, 2,     4, 5, 3,     3, 2, 1, 0,     4, 5, 6, 7,
panel_1361, 2, 2, 1, 1, 16, 4,     0, 1, 2,     4, 5, 3,     3, 2, 1, 0,     4, 5, 6, 7,
panel_1362, 2, 2, 1, 1, 16, 4,     0, 1, 2,     4, 5, 3,     3, 2, 1, 0,     4, 5, 6, 7,
panel_1363, 2, 2, 1, 1, 16, 4,     0, 1, 2,     4, 5, 3,     3, 2, 1, 0,     4, 5, 6, 7,
panel_1364, 2, 2, 1, 1, 16, 4,     0, 1, 2,     4, 5, 3,     3, 2, 1, 0,     4, 5, 6, 7,
panel_1365, 2, 2, 1, 1, 16, 4,     0, 1, 2,     4, 5, 3,     3, 2, 1, 0,     4, 5, 6, 7,
panel_1366, 2, 2, 1, 1, 16, 4,     0, 1, 2,     4, 5, 3,     3, 2, 1, 0,     4, 5, 6, 7,
panel_1367, 2, 2, 1, 1, 16, 4,     0, 1, 2,     4, 5, 3,     3, 2, 1, 0,     4, 5, 6, 7,
panel_1368, 2, 2, 1, 1, 16, 4,     0, 1, 2,     4, 5, 3,     3, 2, 1, 0,     4, 5, 6, 7,
panel_1369, 2, 2, 1, 1, 16, 4,     0, 1, 2,     4, 5, 3,     3, 2, 1, 0,     4, 5, 6, 7,
panel_1370, 2, 2, 1, 1, 16, 4,     0, 1, 2,     4, 5, 3,     3, 2, 1, 0,     4, 5, 6, 7,
panel_1371, 2, 2, 1, 1, 16, 4,     0, 1, 2,     4, 5, 3,     3, 2, 1, 0,     4, 5, 6, 7,
panel_1372, 2, 2, 1, 1, 16, 4,     0, 1, 2,     4, 5, 3,     3, 2, 1, 0,     4, 5, 6, 7,
panel_1373, 2, 2, 1, 1, 16, 4,     0, 1, 2,     4, 5, 3,     3, 2, 1, 0,     4, 5, 6, 7,
panel_1374, 2, 2, 1, 1, 16, 4,     0, 1, 2,     4, 5, 3,     3, 2, 1, 0,     4, 5, 6, 7,
panel_1375, 2, 2, 1, 1, 16, 4,     0, 1, 2,     4, 5, 3,     3, 2, 1, 0,     4, 5, 6, 7,
panel_1376, 2, 2, 1, 1, 16, 4,     0, 1, 2,     4, 5, 3,     3, 2, 1, 0,     4, 5, 6, 7,
panel_1377, 2, 2, 1, 1, 16, 4,     0, 1, 2,     4, 5, 3,     3, 2, 1, 0,     4, 5, 6, 7,
panel_1378, 2, 2, 1, 1, 16, 4,     0, 1, 2,     4, 5, 3,     3, 2, 1, 0,     4, 5, 6, 7,
panel_1379, 2, 2, 1, 1, 16, 4,     0, 1, 2,     4, 5, 3,     3, 2, 1, 0,     4, 5, 6, 7,
panel_1380, 2, 2, 1, 1, 16, 4,     0, 1, 2,     4, 5, 3,     3, 2, 1, 0,     4, 5, 6, 7,
panel_1381, 2, 2, 1, 1, 16, 4,     0, 1, 2,     4, 5, 3,     3, 2, 1, 0,     4, 5, 6, 7,
panel_1382, 2, 2, 1, 1, 16, 4,     0, 1, 2,     4, 5, 3,     3, 2, 1, 0,     4, 5, 6, 7,
panel_1383, 2, 2, 1, 1, 16, 4,     0, 1, 2,     4, 5, 3,     3, 2, 1, 0,     4, 5, 6, 7,
panel_1384, 2, 2, 1, 1, 16, 4,     0, 1, 2,     4, 5, 3,     3, 2, 1, 0,     4, 5, 6, 7,
panel_1385, 2, 2, 1, 1, 16, 4,     0, 1, 2,     4, 5, 3,     3, 2, 1, 0,     4, 5, 6, 7,
panel_1386, 2, 2, 1, 1, 16, 4,     0, 1, 2,     4, 5, 3,     3, 2, 1, 0,     4, 5, 6, 7,
panel_1387, 2, 2, 1, 1, 16, 4,     0, 1, 2,     4, 5, 3,     3, 2, 1, 0,     4, 5, 6, 7,
panel_1388, 2, 2, 1, 1, 16, 4,     0, 1, 2,     4, 5, 3,     3, 2, 1, 0,     4, 5, 6, 7,
panel_1389, 2, 2, 1, 1, 16, 4,     0, 1, 2,     4, 5, 3,     3, 2, 1, 0,     4, 5, 6, 7,
panel_1390, 2, 2, 1, 1, 16, 4,     0, 1, 2,     4, 5, 3,     3, 2, 1, 0,     4, 5, 6, 7,
panel_1391, 2, 2, 1, 1, 16, 4,     0, 1, 2,     4, 5, 3,     3, 2, 1, 0,     4, 5, 6, 7,
panel_1392, 2, 2, 1, 1, 16, 4,     0, 1, 2,     4, 5, 3,     3, 2, 1, 0,     4, 5, 6, 7,
panel_1393, 2, 2, 1, 1, 16, 4,     0, 1, 2,     4, 5, 3,     3, 2, 1, 0,     4, 5, 6, 7,
panel_1394, 2, 2, 1, 1, 16, 4,     0, 1, 2,     4, 5, 3,     3, 2, 1, 0,     4, 5, 6, 7,
panel_1395, 2, 2, 1, 1, 16, 4,     0, 1, 2,     4, 5, 3,     3, 2, 1, 0,     4, 5, 6, 7,
panel_1396, 2, 2, 1, 1, 16, 4,     0, 1, 2,     4, 5, 3,     3, 2, 1, 0,     4, 5, 6, 7,
panel_1397, 2, 2, 1, 1, 16, 4,     0, 1, 2,     4, 5, 3,     3, 2, 1, 0,     4, 5, 6, 7,
panel_1398, 2, 2, 1, 1, 16, 4,     0, 1, 2,     4, 5, 3,     3, 2, 1, 0,     4, 5, 6, 7,
panel_1399, 2, 2, 1, 1, 16, 4,     0, 1, 2,     4, 5, 3,     3, 2, 1, 0,     4, 5, 6, 7,
panel_1400, 2, 2, 1, 1, 16, 4,     0, 1, 2,     4, 5, 3,     3, 2, 1, 0,     4, 5, 6, 7,
panel_1401, 2, 2, 1, 1, 16, 4,     0, 1, 2,     4, 5, 3,     3, 2, 1, 0,     4, 5, 6, 7,
panel_1402, 2, 2, 1, 1, 16, 4,     0, 1, 2,     4, 5, 3,     3, 2, 1, 0,     4, 5, 6, 7,
panel_1403, 2, 2, 1, 1, 16, 4,     0, 1, 2,     4, 5, 3,     3, 2, 1, 0,     4, 5, 6, 7,
panel_1404, 2, 2, 1, 1, 16, 4,     0, 1, 2,     4, 5, 3,     3, 2, 1, 0,     4, 5, 6, 7,
panel_1405, 2, 2, 1, 1, 16, 4,     0, 1, 2,     4, 5, 3,     3, 2, 1, 0,     4, 5, 6, 7,
panel_1406, 2, 2, 1, 1, 16, 4,     0, 1, 2,     4, 5, 3,     3, 2, 1, 0,     4, 5, 6, 7,
panel_1407, 2, 2, 1, 1, 16, 4,     0, 1, 2,     4, 5, 3,     3, 2, 1, 0,     4, 5, 6, 7,
