LayerID, Avg IFMAP SRAM BW, Avg FILTER SRAM BW, Avg OFMAP SRAM BW, Avg IFMAP DRAM BW, Avg FILTER DRAM BW, Avg OFMAP DRAM BW,
0, 0.021052631578947368, 1.3473684210526315, 0.3368421052631579, 0.015209125475285171, 0.973384030418251, 64.0,
1, 0.02099737532808399, 1.3438320209973753, 0.3359580052493438, 0.015209125475285171, 1.946768060836502, 64.0,
2, 0.042105263157894736, 2.694736842105263, 0.3368421052631579, 0.030418250950570342, 1.946768060836502, 64.0,
3, 0.04199475065616798, 2.6876640419947506, 0.3359580052493438, 0.030418250950570342, 3.893536121673004, 64.0,
4, 0.08421052631578947, 5.389473684210526, 0.3368421052631579, 0.060836501901140684, 3.893536121673004, 64.0,
5, 0.08398950131233596, 5.375328083989501, 0.3359580052493438, 0.060836501901140684, 7.787072243346008, 64.0,
6, 0.16842105263157894, 10.778947368421052, 0.3368421052631579, 0.12167300380228137, 7.787072243346008, 64.0,
7, 0.1679790026246719, 10.750656167979002, 0.3359580052493438, 0.12167300380228137, 7.801904761904762, 64.0,
8, 0.3368421052631579, 21.557894736842105, 0.3368421052631579, 0.24334600760456274, 7.801904761904762, 64.0,
9, 0.3359580052493438, 21.501312335958005, 0.3359580052493438, 0.24334600760456274, 7.809342230695901, 64.0,
10, 0.33551769331585846, 21.47313237221494, 0.33551769331585846, 0.4866920152091255, 8.928610354223434, 64.0,
11, 0.041884816753926704, 1.3403141361256545, 0.6701570680628273, 0.030418250950570342, 0.973384030418251, 64.0,
12, 0.04177545691906005, 1.3368146214099217, 0.6684073107049608, 0.030418250950570342, 1.946768060836502, 64.0,
13, 0.08376963350785341, 2.680628272251309, 0.6701570680628273, 0.060836501901140684, 1.946768060836502, 64.0,
14, 0.0835509138381201, 2.6736292428198434, 0.6684073107049608, 0.060836501901140684, 3.893536121673004, 64.0,
15, 0.16753926701570682, 5.361256544502618, 0.6701570680628273, 0.12167300380228137, 3.893536121673004, 64.0,
16, 0.1671018276762402, 5.347258485639687, 0.6684073107049608, 0.12167300380228137, 7.787072243346008, 64.0,
17, 0.33507853403141363, 10.722513089005236, 0.6701570680628273, 0.24334600760456274, 7.787072243346008, 64.0,
18, 0.3342036553524804, 10.694516971279374, 0.6684073107049608, 0.24334600760456274, 7.801904761904762, 64.0,
19, 0.6701570680628273, 21.445026178010473, 0.6701570680628273, 0.4866920152091255, 7.801904761904762, 64.0,
20, 0.6684073107049608, 21.389033942558747, 0.6684073107049608, 0.4866920152091255, 7.809342230695901, 64.0,
21, 0.6675358539765319, 21.36114732724902, 0.6675358539765319, 0.973384030418251, 8.928610354223434, 64.0,
22, 0.0625, 1.3333333333333333, 1.0, 0.045627376425855515, 0.973384030418251, 64.0,
23, 0.06233766233766234, 1.3298701298701299, 0.9974025974025974, 0.045627376425855515, 1.946768060836502, 64.0,
24, 0.125, 2.6666666666666665, 1.0, 0.09125475285171103, 1.946768060836502, 64.0,
25, 0.12467532467532468, 2.6597402597402597, 0.9974025974025974, 0.09125475285171103, 3.893536121673004, 64.0,
26, 0.25, 5.333333333333333, 1.0, 0.18250950570342206, 3.893536121673004, 64.0,
27, 0.24935064935064935, 5.3194805194805195, 0.9974025974025974, 0.18250950570342206, 7.787072243346008, 64.0,
28, 0.5, 10.666666666666666, 1.0, 0.3650190114068441, 7.787072243346008, 64.0,
29, 0.4987012987012987, 10.638961038961039, 0.9974025974025974, 0.3650190114068441, 7.801904761904762, 64.0,
30, 1.0, 21.333333333333332, 1.0, 0.7300380228136882, 7.801904761904762, 64.0,
31, 0.9974025974025974, 21.277922077922078, 0.9974025974025974, 0.7300380228136882, 7.809342230695901, 64.0,
32, 0.9961089494163424, 21.250324254215304, 0.9961089494163424, 1.4600760456273765, 8.928610354223434, 64.0,
33, 0.08290155440414508, 1.3264248704663213, 1.3264248704663213, 0.060836501901140684, 0.973384030418251, 64.0,
34, 0.082687338501292, 1.322997416020672, 1.322997416020672, 0.060836501901140684, 1.946768060836502, 64.0,
35, 0.16580310880829016, 2.6528497409326426, 1.3264248704663213, 0.12167300380228137, 1.946768060836502, 64.0,
36, 0.165374677002584, 2.645994832041344, 1.322997416020672, 0.12167300380228137, 3.893536121673004, 64.0,
37, 0.3316062176165803, 5.305699481865285, 1.3264248704663213, 0.24334600760456274, 3.893536121673004, 64.0,
38, 0.330749354005168, 5.291989664082688, 1.322997416020672, 0.24334600760456274, 7.787072243346008, 64.0,
39, 0.6632124352331606, 10.61139896373057, 1.3264248704663213, 0.4866920152091255, 7.787072243346008, 64.0,
40, 0.661498708010336, 10.583979328165375, 1.322997416020672, 0.4866920152091255, 7.801904761904762, 64.0,
41, 1.3264248704663213, 21.22279792746114, 1.3264248704663213, 0.973384030418251, 7.801904761904762, 64.0,
42, 1.322997416020672, 21.16795865633075, 1.322997416020672, 0.973384030418251, 7.809342230695901, 64.0,
43, 1.3212903225806452, 21.140645161290323, 1.3212903225806452, 1.946768060836502, 8.928610354223434, 64.0,
44, 0.10309278350515463, 1.3195876288659794, 1.6494845360824741, 0.07604562737642585, 0.973384030418251, 64.0,
45, 0.10282776349614396, 1.3161953727506426, 1.6452442159383034, 0.07604562737642585, 1.946768060836502, 64.0,
46, 0.20618556701030927, 2.6391752577319587, 1.6494845360824741, 0.1520912547528517, 1.946768060836502, 64.0,
47, 0.20565552699228792, 2.632390745501285, 1.6452442159383034, 0.1520912547528517, 3.893536121673004, 64.0,
48, 0.41237113402061853, 5.278350515463917, 1.6494845360824741, 0.3041825095057034, 3.893536121673004, 64.0,
49, 0.41131105398457585, 5.26478149100257, 1.6452442159383034, 0.3041825095057034, 7.787072243346008, 64.0,
50, 0.8247422680412371, 10.556701030927835, 1.6494845360824741, 0.6083650190114068, 7.787072243346008, 64.0,
51, 0.8226221079691517, 10.52956298200514, 1.6452442159383034, 0.6083650190114068, 7.801904761904762, 64.0,
52, 1.6494845360824741, 21.11340206185567, 1.6494845360824741, 1.2167300380228137, 7.801904761904762, 64.0,
53, 1.6452442159383034, 21.05912596401028, 1.6452442159383034, 1.2167300380228137, 7.809342230695901, 64.0,
54, 1.6431322207958923, 21.03209242618742, 1.6431322207958923, 2.4334600760456273, 8.928610354223434, 64.0,
55, 0.12307692307692308, 1.3128205128205128, 1.9692307692307693, 0.09125475285171103, 0.973384030418251, 64.0,
56, 0.12276214833759591, 1.3094629156010231, 1.9641943734015346, 0.09125475285171103, 1.946768060836502, 64.0,
57, 0.24615384615384617, 2.6256410256410256, 1.9692307692307693, 0.18250950570342206, 1.946768060836502, 64.0,
58, 0.24552429667519182, 2.6189258312020463, 1.9641943734015346, 0.18250950570342206, 3.893536121673004, 64.0,
59, 0.49230769230769234, 5.251282051282051, 1.9692307692307693, 0.3650190114068441, 3.893536121673004, 64.0,
60, 0.49104859335038364, 5.2378516624040925, 1.9641943734015346, 0.3650190114068441, 7.787072243346008, 64.0,
61, 0.9846153846153847, 10.502564102564103, 1.9692307692307693, 0.7300380228136882, 7.787072243346008, 64.0,
62, 0.9820971867007673, 10.475703324808185, 1.9641943734015346, 0.7300380228136882, 7.801904761904762, 64.0,
63, 1.9692307692307693, 21.005128205128205, 1.9692307692307693, 1.4600760456273765, 7.801904761904762, 64.0,
64, 1.9641943734015346, 20.95140664961637, 1.9641943734015346, 1.4600760456273765, 7.809342230695901, 64.0,
65, 1.9616858237547892, 20.924648786717754, 1.9616858237547892, 2.920152091254753, 8.928610354223434, 64.0,
66, 0.14285714285714285, 1.3061224489795917, 2.2857142857142856, 0.10646387832699619, 0.973384030418251, 64.0,
67, 0.14249363867684478, 1.3027989821882953, 2.2798982188295165, 0.10646387832699619, 1.946768060836502, 64.0,
68, 0.2857142857142857, 2.6122448979591835, 2.2857142857142856, 0.21292775665399238, 1.946768060836502, 64.0,
69, 0.28498727735368956, 2.6055979643765905, 2.2798982188295165, 0.21292775665399238, 3.893536121673004, 64.0,
70, 0.5714285714285714, 5.224489795918367, 2.2857142857142856, 0.42585551330798477, 3.893536121673004, 64.0,
71, 0.5699745547073791, 5.211195928753181, 2.2798982188295165, 0.42585551330798477, 7.787072243346008, 64.0,
72, 1.1428571428571428, 10.448979591836734, 2.2857142857142856, 0.8517110266159695, 7.787072243346008, 64.0,
73, 1.1399491094147582, 10.422391857506362, 2.2798982188295165, 0.8517110266159695, 7.801904761904762, 64.0,
74, 2.2857142857142856, 20.897959183673468, 2.2857142857142856, 1.703422053231939, 7.801904761904762, 64.0,
75, 2.2798982188295165, 20.844783715012724, 2.2798982188295165, 1.703422053231939, 7.809342230695901, 64.0,
76, 2.2770012706480305, 20.818297331639137, 2.2770012706480305, 3.406844106463878, 8.928610354223434, 64.0,
77, 0.16243654822335024, 1.299492385786802, 2.598984771573604, 0.12167300380228137, 0.973384030418251, 64.0,
78, 0.1620253164556962, 1.2962025316455696, 2.5924050632911393, 0.12167300380228137, 1.946768060836502, 64.0,
79, 0.3248730964467005, 2.598984771573604, 2.598984771573604, 0.24334600760456274, 1.946768060836502, 64.0,
80, 0.3240506329113924, 2.5924050632911393, 2.5924050632911393, 0.24334600760456274, 3.893536121673004, 64.0,
81, 0.649746192893401, 5.197969543147208, 2.598984771573604, 0.4866920152091255, 3.893536121673004, 64.0,
82, 0.6481012658227848, 5.184810126582279, 2.5924050632911393, 0.4866920152091255, 7.787072243346008, 64.0,
83, 1.299492385786802, 10.395939086294415, 2.598984771573604, 0.973384030418251, 7.787072243346008, 64.0,
84, 1.2962025316455696, 10.369620253164557, 2.5924050632911393, 0.973384030418251, 7.801904761904762, 64.0,
85, 2.598984771573604, 20.79187817258883, 2.598984771573604, 1.946768060836502, 7.801904761904762, 64.0,
86, 2.5924050632911393, 20.739240506329114, 2.5924050632911393, 1.946768060836502, 7.809342230695901, 64.0,
87, 2.5891276864728194, 20.713021491782555, 2.5891276864728194, 3.893536121673004, 8.928610354223434, 64.0,
88, 0.18181818181818182, 1.292929292929293, 2.909090909090909, 0.13688212927756654, 0.973384030418251, 64.0,
89, 0.181360201511335, 1.2896725440806045, 2.90176322418136, 0.13688212927756654, 1.946768060836502, 64.0,
90, 0.36363636363636365, 2.585858585858586, 2.909090909090909, 0.2737642585551331, 1.946768060836502, 64.0,
91, 0.36272040302267, 2.579345088161209, 2.90176322418136, 0.2737642585551331, 3.893536121673004, 64.0,
92, 0.7272727272727273, 5.171717171717172, 2.909090909090909, 0.5475285171102662, 3.893536121673004, 64.0,
93, 0.72544080604534, 5.158690176322418, 2.90176322418136, 0.5475285171102662, 7.787072243346008, 64.0,
94, 1.4545454545454546, 10.343434343434344, 2.909090909090909, 1.0950570342205324, 7.787072243346008, 64.0,
95, 1.45088161209068, 10.317380352644836, 2.90176322418136, 1.0950570342205324, 7.801904761904762, 64.0,
96, 2.909090909090909, 20.68686868686869, 2.909090909090909, 2.1901140684410647, 7.801904761904762, 64.0,
97, 2.90176322418136, 20.634760705289672, 2.90176322418136, 2.1901140684410647, 7.809342230695901, 64.0,
98, 2.8981132075471696, 20.60880503144654, 2.8981132075471696, 4.380228136882129, 8.928610354223434, 64.0,
99, 0.20100502512562815, 1.2864321608040201, 3.2160804020100504, 0.1520912547528517, 0.973384030418251, 64.0,
100, 0.20050125313283207, 1.2832080200501252, 3.208020050125313, 0.1520912547528517, 1.946768060836502, 64.0,
101, 0.4020100502512563, 2.5728643216080402, 3.2160804020100504, 0.3041825095057034, 1.946768060836502, 64.0,
102, 0.40100250626566414, 2.5664160401002505, 3.208020050125313, 0.3041825095057034, 3.893536121673004, 64.0,
103, 0.8040201005025126, 5.1457286432160805, 3.2160804020100504, 0.6083650190114068, 3.893536121673004, 64.0,
104, 0.8020050125313283, 5.132832080200501, 3.208020050125313, 0.6083650190114068, 7.787072243346008, 64.0,
105, 1.6080402010050252, 10.291457286432161, 3.2160804020100504, 1.2167300380228137, 7.787072243346008, 64.0,
106, 1.6040100250626566, 10.265664160401002, 3.208020050125313, 1.2167300380228137, 7.801904761904762, 64.0,
107, 3.2160804020100504, 20.582914572864322, 3.2160804020100504, 2.4334600760456273, 7.801904761904762, 64.0,
108, 3.208020050125313, 20.531328320802004, 3.208020050125313, 2.4334600760456273, 7.809342230695901, 64.0,
109, 3.2040050062578223, 20.505632040050063, 3.2040050062578223, 4.866920152091255, 8.928610354223434, 64.0,
110, 0.22, 1.28, 3.52, 0.16730038022813687, 0.973384030418251, 64.0,
111, 0.2194513715710723, 1.2768079800498753, 3.511221945137157, 0.16730038022813687, 1.946768060836502, 64.0,
112, 0.44, 2.56, 3.52, 0.33460076045627374, 1.946768060836502, 64.0,
113, 0.4389027431421446, 2.5536159600997506, 3.511221945137157, 0.33460076045627374, 3.893536121673004, 64.0,
114, 0.88, 5.12, 3.52, 0.6692015209125475, 3.893536121673004, 64.0,
115, 0.8778054862842892, 5.107231920199501, 3.511221945137157, 0.6692015209125475, 7.787072243346008, 64.0,
116, 1.76, 10.24, 3.52, 1.338403041825095, 7.787072243346008, 64.0,
117, 1.7556109725685785, 10.214463840399002, 3.511221945137157, 1.338403041825095, 7.801904761904762, 64.0,
118, 3.52, 20.48, 3.52, 2.67680608365019, 7.801904761904762, 64.0,
119, 3.511221945137157, 20.428927680798004, 3.511221945137157, 2.67680608365019, 7.809342230695901, 64.0,
120, 3.506849315068493, 20.40348692403487, 3.506849315068493, 5.35361216730038, 8.928610354223434, 64.0,
121, 0.23880597014925373, 1.2736318407960199, 3.8208955223880596, 0.18250950570342206, 0.973384030418251, 64.0,
122, 0.23821339950372208, 1.2704714640198511, 3.8114143920595533, 0.18250950570342206, 1.946768060836502, 64.0,
123, 0.47761194029850745, 2.5472636815920398, 3.8208955223880596, 0.3650190114068441, 1.946768060836502, 64.0,
124, 0.47642679900744417, 2.5409429280397022, 3.8114143920595533, 0.3650190114068441, 3.893536121673004, 64.0,
125, 0.9552238805970149, 5.0945273631840795, 3.8208955223880596, 0.7300380228136882, 3.893536121673004, 64.0,
126, 0.9528535980148883, 5.0818858560794045, 3.8114143920595533, 0.7300380228136882, 7.787072243346008, 64.0,
127, 1.9104477611940298, 10.189054726368159, 3.8208955223880596, 1.4600760456273765, 7.787072243346008, 64.0,
128, 1.9057071960297767, 10.163771712158809, 3.8114143920595533, 1.4600760456273765, 7.801904761904762, 64.0,
129, 3.8208955223880596, 20.378109452736318, 3.8208955223880596, 2.920152091254753, 7.801904761904762, 64.0,
130, 3.8114143920595533, 20.327543424317618, 3.8114143920595533, 2.920152091254753, 7.809342230695901, 64.0,
131, 3.806691449814126, 20.302354399008674, 3.806691449814126, 5.840304182509506, 8.928610354223434, 64.0,
132, 0.25742574257425743, 1.2673267326732673, 4.118811881188119, 0.19771863117870722, 0.973384030418251, 64.0,
133, 0.25679012345679014, 1.2641975308641975, 4.108641975308642, 0.19771863117870722, 1.946768060836502, 64.0,
134, 0.5148514851485149, 2.5346534653465347, 4.118811881188119, 0.39543726235741444, 1.946768060836502, 64.0,
135, 0.5135802469135803, 2.528395061728395, 4.108641975308642, 0.39543726235741444, 3.893536121673004, 64.0,
136, 1.0297029702970297, 5.069306930693069, 4.118811881188119, 0.7908745247148289, 3.893536121673004, 64.0,
137, 1.0271604938271606, 5.05679012345679, 4.108641975308642, 0.7908745247148289, 7.787072243346008, 64.0,
138, 2.0594059405940595, 10.138613861386139, 4.118811881188119, 1.5817490494296578, 7.787072243346008, 64.0,
139, 2.054320987654321, 10.11358024691358, 4.108641975308642, 1.5817490494296578, 7.801904761904762, 64.0,
140, 4.118811881188119, 20.277227722772277, 4.118811881188119, 3.1634980988593155, 7.801904761904762, 64.0,
141, 4.108641975308642, 20.22716049382716, 4.108641975308642, 3.1634980988593155, 7.809342230695901, 64.0,
142, 4.103575832305795, 20.20221948212084, 4.103575832305795, 6.326996197718631, 8.928610354223434, 64.0,
143, 0.27586206896551724, 1.2610837438423645, 4.413793103448276, 0.21292775665399238, 0.973384030418251, 64.0,
144, 0.2751842751842752, 1.257985257985258, 4.402948402948403, 0.21292775665399238, 1.946768060836502, 64.0,
145, 0.5517241379310345, 2.522167487684729, 4.413793103448276, 0.42585551330798477, 1.946768060836502, 64.0,
146, 0.5503685503685504, 2.515970515970516, 4.402948402948403, 0.42585551330798477, 3.893536121673004, 64.0,
147, 1.103448275862069, 5.044334975369458, 4.413793103448276, 0.8517110266159695, 3.893536121673004, 64.0,
148, 1.1007371007371007, 5.031941031941032, 4.402948402948403, 0.8517110266159695, 7.787072243346008, 64.0,
149, 2.206896551724138, 10.088669950738916, 4.413793103448276, 1.703422053231939, 7.787072243346008, 64.0,
150, 2.2014742014742015, 10.063882063882064, 4.402948402948403, 1.703422053231939, 7.801904761904762, 64.0,
151, 4.413793103448276, 20.177339901477833, 4.413793103448276, 3.406844106463878, 7.801904761904762, 64.0,
152, 4.402948402948403, 20.127764127764127, 4.402948402948403, 3.406844106463878, 7.809342230695901, 64.0,
153, 4.397546012269939, 20.103067484662578, 4.397546012269939, 6.813688212927756, 8.928610354223434, 64.0,
154, 0.29411764705882354, 1.2549019607843137, 4.705882352941177, 0.22813688212927757, 0.973384030418251, 64.0,
155, 0.293398533007335, 1.2518337408312958, 4.69437652811736, 0.22813688212927757, 1.946768060836502, 64.0,
156, 0.5882352941176471, 2.5098039215686274, 4.705882352941177, 0.45627376425855515, 1.946768060836502, 64.0,
157, 0.58679706601467, 2.5036674816625917, 4.69437652811736, 0.45627376425855515, 3.893536121673004, 64.0,
158, 1.1764705882352942, 5.019607843137255, 4.705882352941177, 0.9125475285171103, 3.893536121673004, 64.0,
159, 1.17359413202934, 5.007334963325183, 4.69437652811736, 0.9125475285171103, 7.787072243346008, 64.0,
160, 2.3529411764705883, 10.03921568627451, 4.705882352941177, 1.8250950570342206, 7.787072243346008, 64.0,
161, 2.34718826405868, 10.014669926650367, 4.69437652811736, 1.8250950570342206, 7.801904761904762, 64.0,
162, 4.705882352941177, 20.07843137254902, 4.705882352941177, 3.650190114068441, 7.801904761904762, 64.0,
163, 4.69437652811736, 20.029339853300733, 4.69437652811736, 3.650190114068441, 7.809342230695901, 64.0,
164, 4.688644688644689, 20.004884004884005, 4.688644688644689, 7.300380228136882, 8.928610354223434, 64.0,
165, 0.3121951219512195, 1.248780487804878, 4.995121951219512, 0.24334600760456274, 0.973384030418251, 64.0,
166, 0.31143552311435524, 1.245742092457421, 4.982968369829684, 0.24334600760456274, 1.946768060836502, 64.0,
167, 0.624390243902439, 2.497560975609756, 4.995121951219512, 0.4866920152091255, 1.946768060836502, 64.0,
168, 0.6228710462287105, 2.491484184914842, 4.982968369829684, 0.4866920152091255, 3.893536121673004, 64.0,
169, 1.248780487804878, 4.995121951219512, 4.995121951219512, 0.973384030418251, 3.893536121673004, 64.0,
170, 1.245742092457421, 4.982968369829684, 4.982968369829684, 0.973384030418251, 7.787072243346008, 64.0,
171, 2.497560975609756, 9.990243902439024, 4.995121951219512, 1.946768060836502, 7.787072243346008, 64.0,
172, 2.491484184914842, 9.965936739659368, 4.982968369829684, 1.946768060836502, 7.801904761904762, 64.0,
173, 4.995121951219512, 19.98048780487805, 4.995121951219512, 3.893536121673004, 7.801904761904762, 64.0,
174, 4.982968369829684, 19.931873479318735, 4.982968369829684, 3.893536121673004, 7.809342230695901, 64.0,
175, 4.976913730255164, 19.907654921020654, 4.976913730255164, 7.787072243346008, 8.928610354223434, 64.0,
176, 0.3300970873786408, 1.2427184466019416, 5.281553398058253, 0.2585551330798479, 0.973384030418251, 64.0,
177, 0.32929782082324455, 1.2397094430992737, 5.268765133171913, 0.2585551330798479, 1.946768060836502, 64.0,
178, 0.6601941747572816, 2.4854368932038833, 5.281553398058253, 0.5171102661596958, 1.946768060836502, 64.0,
179, 0.6585956416464891, 2.4794188861985473, 5.268765133171913, 0.5171102661596958, 3.893536121673004, 64.0,
180, 1.3203883495145632, 4.970873786407767, 5.281553398058253, 1.0342205323193916, 3.893536121673004, 64.0,
181, 1.3171912832929782, 4.958837772397095, 5.268765133171913, 1.0342205323193916, 7.787072243346008, 64.0,
182, 2.6407766990291264, 9.941747572815533, 5.281553398058253, 2.068441064638783, 7.787072243346008, 64.0,
183, 2.6343825665859564, 9.91767554479419, 5.268765133171913, 2.068441064638783, 7.801904761904762, 64.0,
184, 5.281553398058253, 19.883495145631066, 5.281553398058253, 4.136882129277566, 7.801904761904762, 64.0,
185, 5.268765133171913, 19.83535108958838, 5.268765133171913, 4.136882129277566, 7.809342230695901, 64.0,
186, 5.262394195888755, 19.81136638452237, 5.262394195888755, 8.273764258555133, 8.928610354223434, 64.0,
187, 0.34782608695652173, 1.2367149758454106, 5.565217391304348, 0.2737642585551331, 0.973384030418251, 64.0,
188, 0.3469879518072289, 1.2337349397590363, 5.551807228915663, 0.2737642585551331, 1.946768060836502, 64.0,
189, 0.6956521739130435, 2.473429951690821, 5.565217391304348, 0.5475285171102662, 1.946768060836502, 64.0,
190, 0.6939759036144578, 2.4674698795180725, 5.551807228915663, 0.5475285171102662, 3.893536121673004, 64.0,
191, 1.391304347826087, 4.946859903381642, 5.565217391304348, 1.0950570342205324, 3.893536121673004, 64.0,
192, 1.3879518072289156, 4.934939759036145, 5.551807228915663, 1.0950570342205324, 7.787072243346008, 64.0,
193, 2.782608695652174, 9.893719806763285, 5.565217391304348, 2.1901140684410647, 7.787072243346008, 64.0,
194, 2.7759036144578313, 9.86987951807229, 5.551807228915663, 2.1901140684410647, 7.801904761904762, 64.0,
195, 5.565217391304348, 19.78743961352657, 5.565217391304348, 4.380228136882129, 7.801904761904762, 64.0,
196, 5.551807228915663, 19.73975903614458, 5.551807228915663, 4.380228136882129, 7.809342230695901, 64.0,
197, 5.5451263537906135, 19.71600481347774, 5.5451263537906135, 8.760456273764259, 8.928610354223434, 64.0,
198, 0.36538461538461536, 1.2307692307692308, 5.846153846153846, 0.2889733840304182, 0.973384030418251, 64.0,
199, 0.3645083932853717, 1.2278177458033572, 5.832134292565947, 0.2889733840304182, 1.946768060836502, 64.0,
200, 0.7307692307692307, 2.4615384615384617, 5.846153846153846, 0.5779467680608364, 1.946768060836502, 64.0,
201, 0.7290167865707434, 2.4556354916067145, 5.832134292565947, 0.5779467680608364, 3.893536121673004, 64.0,
202, 1.4615384615384615, 4.923076923076923, 5.846153846153846, 1.155893536121673, 3.893536121673004, 64.0,
203, 1.4580335731414868, 4.911270983213429, 5.832134292565947, 1.155893536121673, 7.787072243346008, 64.0,
204, 2.923076923076923, 9.846153846153847, 5.846153846153846, 2.311787072243346, 7.787072243346008, 64.0,
205, 2.9160671462829737, 9.822541966426858, 5.832134292565947, 2.311787072243346, 7.801904761904762, 64.0,
206, 5.846153846153846, 19.692307692307693, 5.846153846153846, 4.623574144486692, 7.801904761904762, 64.0,
207, 5.832134292565947, 19.645083932853716, 5.832134292565947, 4.623574144486692, 7.809342230695901, 64.0,
208, 5.825149700598803, 19.621556886227545, 5.825149700598803, 9.247148288973383, 8.928610354223434, 64.0,
209, 0.3827751196172249, 1.2248803827751196, 6.124401913875598, 0.3041825095057034, 0.973384030418251, 64.0,
210, 0.3818615751789976, 1.2219570405727924, 6.109785202863962, 0.3041825095057034, 1.946768060836502, 64.0,
211, 0.7655502392344498, 2.449760765550239, 6.124401913875598, 0.6083650190114068, 1.946768060836502, 64.0,
212, 0.7637231503579952, 2.443914081145585, 6.109785202863962, 0.6083650190114068, 3.893536121673004, 64.0,
213, 1.5311004784688995, 4.899521531100478, 6.124401913875598, 1.2167300380228137, 3.893536121673004, 64.0,
214, 1.5274463007159904, 4.88782816229117, 6.109785202863962, 1.2167300380228137, 7.787072243346008, 64.0,
215, 3.062200956937799, 9.799043062200957, 6.124401913875598, 2.4334600760456273, 7.787072243346008, 64.0,
216, 3.054892601431981, 9.77565632458234, 6.109785202863962, 2.4334600760456273, 7.801904761904762, 64.0,
217, 6.124401913875598, 19.598086124401913, 6.124401913875598, 4.866920152091255, 7.801904761904762, 64.0,
218, 6.109785202863962, 19.55131264916468, 6.109785202863962, 4.866920152091255, 7.809342230695901, 64.0,
219, 6.102502979737783, 19.528009535160905, 6.102502979737783, 9.73384030418251, 8.928610354223434, 64.0,
220, 0.4, 1.2190476190476192, 6.4, 0.3193916349809886, 0.973384030418251, 64.0,
221, 0.3990498812351544, 1.2161520190023754, 6.38479809976247, 0.3193916349809886, 1.946768060836502, 64.0,
222, 0.8, 2.4380952380952383, 6.4, 0.6387832699619772, 1.946768060836502, 64.0,
223, 0.7980997624703088, 2.4323040380047507, 6.38479809976247, 0.6387832699619772, 3.893536121673004, 64.0,
224, 1.6, 4.876190476190477, 6.4, 1.2775665399239544, 3.893536121673004, 64.0,
225, 1.5961995249406176, 4.864608076009501, 6.38479809976247, 1.2775665399239544, 7.787072243346008, 64.0,
226, 3.2, 9.752380952380953, 6.4, 2.555133079847909, 7.787072243346008, 64.0,
227, 3.192399049881235, 9.729216152019003, 6.38479809976247, 2.555133079847909, 7.801904761904762, 64.0,
228, 6.4, 19.504761904761907, 6.4, 5.110266159695818, 7.801904761904762, 64.0,
229, 6.38479809976247, 19.458432304038006, 6.38479809976247, 5.110266159695818, 7.809342230695901, 64.0,
230, 6.377224199288256, 19.43534994068802, 6.377224199288256, 5.12, 8.928610354223434, 64.0,
231, 0.41706161137440756, 1.2132701421800949, 6.672985781990521, 0.33460076045627374, 0.973384030418251, 64.0,
232, 0.4160756501182033, 1.210401891252955, 6.657210401891253, 0.33460076045627374, 1.946768060836502, 64.0,
233, 0.8341232227488151, 2.4265402843601898, 6.672985781990521, 0.6692015209125475, 1.946768060836502, 64.0,
234, 0.8321513002364066, 2.42080378250591, 6.657210401891253, 0.6692015209125475, 3.893536121673004, 64.0,
235, 1.6682464454976302, 4.8530805687203795, 6.672985781990521, 1.338403041825095, 3.893536121673004, 64.0,
236, 1.6643026004728132, 4.84160756501182, 6.657210401891253, 1.338403041825095, 7.787072243346008, 64.0,
237, 3.3364928909952605, 9.706161137440759, 6.672985781990521, 2.67680608365019, 7.787072243346008, 64.0,
238, 3.3286052009456264, 9.68321513002364, 6.657210401891253, 2.67680608365019, 7.801904761904762, 64.0,
239, 6.672985781990521, 19.412322274881518, 6.672985781990521, 5.35361216730038, 7.801904761904762, 64.0,
240, 6.657210401891253, 19.36643026004728, 6.657210401891253, 5.35361216730038, 7.809342230695901, 64.0,
241, 6.64935064935065, 19.343565525383706, 6.64935064935065, 5.363809523809524, 8.928610354223434, 64.0,
242, 0.4339622641509434, 1.2075471698113207, 6.943396226415095, 0.34980988593155893, 0.973384030418251, 64.0,
243, 0.4329411764705882, 1.204705882352941, 6.9270588235294115, 0.34980988593155893, 1.946768060836502, 64.0,
244, 0.8679245283018868, 2.4150943396226414, 6.943396226415095, 0.6996197718631179, 1.946768060836502, 64.0,
245, 0.8658823529411764, 2.409411764705882, 6.9270588235294115, 0.6996197718631179, 3.893536121673004, 64.0,
246, 1.7358490566037736, 4.830188679245283, 6.943396226415095, 1.3992395437262357, 3.893536121673004, 64.0,
247, 1.7317647058823529, 4.818823529411764, 6.9270588235294115, 1.3992395437262357, 7.787072243346008, 64.0,
248, 3.4716981132075473, 9.660377358490566, 6.943396226415095, 2.7984790874524714, 7.787072243346008, 64.0,
249, 3.4635294117647057, 9.637647058823529, 6.9270588235294115, 2.7984790874524714, 7.801904761904762, 64.0,
250, 6.943396226415095, 19.32075471698113, 6.943396226415095, 5.596958174904943, 7.801904761904762, 64.0,
251, 6.9270588235294115, 19.275294117647057, 6.9270588235294115, 5.596958174904943, 7.809342230695901, 64.0,
252, 6.918918918918919, 19.25264394829612, 6.918918918918919, 5.607619047619048, 8.928610354223434, 64.0,
253, 0.4507042253521127, 1.2018779342723005, 7.211267605633803, 0.3650190114068441, 0.973384030418251, 64.0,
254, 0.4496487119437939, 1.199063231850117, 7.194379391100703, 0.3650190114068441, 1.946768060836502, 64.0,
255, 0.9014084507042254, 2.403755868544601, 7.211267605633803, 0.7300380228136882, 1.946768060836502, 64.0,
256, 0.8992974238875878, 2.398126463700234, 7.194379391100703, 0.7300380228136882, 3.893536121673004, 64.0,
257, 1.8028169014084507, 4.807511737089202, 7.211267605633803, 1.4600760456273765, 3.893536121673004, 64.0,
258, 1.7985948477751756, 4.796252927400468, 7.194379391100703, 1.4600760456273765, 7.787072243346008, 64.0,
259, 3.6056338028169015, 9.615023474178404, 7.211267605633803, 2.920152091254753, 7.787072243346008, 64.0,
260, 3.5971896955503513, 9.592505854800937, 7.194379391100703, 2.920152091254753, 7.801904761904762, 64.0,
261, 7.211267605633803, 19.230046948356808, 7.211267605633803, 5.840304182509506, 7.801904761904762, 64.0,
262, 7.194379391100703, 19.185011709601874, 7.194379391100703, 5.840304182509506, 7.809342230695901, 64.0,
263, 7.185964912280702, 19.162573099415205, 7.185964912280702, 5.851428571428571, 8.928610354223434, 64.0,
264, 0.4672897196261682, 1.1962616822429906, 7.4766355140186915, 0.38022813688212925, 0.973384030418251, 64.0,
265, 0.4662004662004662, 1.1934731934731935, 7.459207459207459, 0.38022813688212925, 1.946768060836502, 64.0,
266, 0.9345794392523364, 2.392523364485981, 7.4766355140186915, 0.7604562737642585, 1.946768060836502, 64.0,
267, 0.9324009324009324, 2.386946386946387, 7.459207459207459, 0.7604562737642585, 3.893536121673004, 64.0,
268, 1.8691588785046729, 4.785046728971962, 7.4766355140186915, 1.520912547528517, 3.893536121673004, 64.0,
269, 1.8648018648018647, 4.773892773892774, 7.459207459207459, 1.520912547528517, 7.787072243346008, 64.0,
270, 3.7383177570093458, 9.570093457943925, 7.4766355140186915, 3.041825095057034, 7.787072243346008, 64.0,
271, 3.7296037296037294, 9.547785547785548, 7.459207459207459, 3.041825095057034, 7.801904761904762, 64.0,
272, 7.4766355140186915, 19.14018691588785, 7.4766355140186915, 6.083650190114068, 7.801904761904762, 64.0,
273, 7.459207459207459, 19.095571095571096, 7.459207459207459, 6.083650190114068, 7.809342230695901, 64.0,
274, 7.450523864959255, 19.073341094295692, 7.450523864959255, 6.095238095238095, 8.928610354223434, 64.0,
275, 0.48372093023255813, 1.1906976744186046, 7.73953488372093, 0.39543726235741444, 0.973384030418251, 64.0,
276, 0.48259860788863107, 1.1879350348027842, 7.721577726218097, 0.39543726235741444, 1.946768060836502, 64.0,
277, 0.9674418604651163, 2.3813953488372093, 7.73953488372093, 0.7908745247148289, 1.946768060836502, 64.0,
278, 0.9651972157772621, 2.3758700696055683, 7.721577726218097, 0.7908745247148289, 3.893536121673004, 64.0,
279, 1.9348837209302325, 4.7627906976744185, 7.73953488372093, 1.5817490494296578, 3.893536121673004, 64.0,
280, 1.9303944315545243, 4.751740139211137, 7.721577726218097, 1.5817490494296578, 7.787072243346008, 64.0,
281, 3.869767441860465, 9.525581395348837, 7.73953488372093, 3.1634980988593155, 7.787072243346008, 64.0,
282, 3.8607888631090486, 9.503480278422273, 7.721577726218097, 3.1634980988593155, 7.801904761904762, 64.0,
283, 7.73953488372093, 19.051162790697674, 7.73953488372093, 6.326996197718631, 7.801904761904762, 64.0,
284, 7.721577726218097, 19.006960556844547, 7.721577726218097, 6.326996197718631, 7.809342230695901, 64.0,
285, 7.712630359212051, 18.984936268829664, 7.712630359212051, 6.339047619047619, 8.928610354223434, 64.0,
286, 0.5, 1.1851851851851851, 8.0, 0.41064638783269963, 0.973384030418251, 64.0,
287, 0.49884526558891457, 1.1824480369515011, 7.981524249422633, 0.41064638783269963, 1.946768060836502, 64.0,
288, 1.0, 2.3703703703703702, 8.0, 0.8212927756653993, 1.946768060836502, 64.0,
289, 0.9976905311778291, 2.3648960739030023, 7.981524249422633, 0.8212927756653993, 3.893536121673004, 64.0,
290, 2.0, 4.7407407407407405, 8.0, 1.6425855513307985, 3.893536121673004, 64.0,
291, 1.9953810623556583, 4.7297921478060045, 7.981524249422633, 1.6425855513307985, 7.787072243346008, 64.0,
292, 4.0, 9.481481481481481, 8.0, 3.285171102661597, 7.787072243346008, 64.0,
293, 3.9907621247113165, 9.459584295612009, 7.981524249422633, 3.285171102661597, 7.801904761904762, 64.0,
294, 8.0, 18.962962962962962, 8.0, 6.570342205323194, 7.801904761904762, 64.0,
295, 7.981524249422633, 18.919168591224018, 7.981524249422633, 6.570342205323194, 7.809342230695901, 64.0,
296, 7.972318339100346, 18.897347174163784, 7.972318339100346, 6.582857142857143, 8.928610354223434, 64.0,
297, 0.5161290322580645, 1.1797235023041475, 8.258064516129032, 0.42585551330798477, 0.973384030418251, 64.0,
298, 0.5149425287356322, 1.1770114942528735, 8.239080459770115, 0.42585551330798477, 1.946768060836502, 64.0,
299, 1.032258064516129, 2.359447004608295, 8.258064516129032, 0.8517110266159695, 1.946768060836502, 64.0,
300, 1.0298850574712644, 2.354022988505747, 8.239080459770115, 0.8517110266159695, 3.893536121673004, 64.0,
301, 2.064516129032258, 4.71889400921659, 8.258064516129032, 1.703422053231939, 3.893536121673004, 64.0,
302, 2.0597701149425287, 4.708045977011494, 8.239080459770115, 1.703422053231939, 7.787072243346008, 64.0,
303, 4.129032258064516, 9.43778801843318, 8.258064516129032, 3.406844106463878, 7.787072243346008, 64.0,
304, 4.119540229885057, 9.416091954022988, 8.239080459770115, 3.406844106463878, 7.801904761904762, 64.0,
305, 8.258064516129032, 18.87557603686636, 8.258064516129032, 6.813688212927756, 7.801904761904762, 64.0,
306, 8.239080459770115, 18.832183908045977, 8.239080459770115, 6.813688212927756, 7.809342230695901, 64.0,
307, 8.229621125143513, 18.810562571756602, 8.229621125143513, 6.826666666666667, 8.928610354223434, 64.0,
308, 0.5321100917431193, 1.1743119266055047, 8.513761467889909, 0.44106463878326996, 0.973384030418251, 64.0,
309, 0.5308924485125858, 1.17162471395881, 8.494279176201372, 0.44106463878326996, 1.946768060836502, 64.0,
310, 1.0642201834862386, 2.3486238532110093, 8.513761467889909, 0.8821292775665399, 1.946768060836502, 64.0,
311, 1.0617848970251715, 2.34324942791762, 8.494279176201372, 0.8821292775665399, 3.893536121673004, 64.0,
312, 2.128440366972477, 4.697247706422019, 8.513761467889909, 1.7642585551330798, 3.893536121673004, 64.0,
313, 2.123569794050343, 4.68649885583524, 8.494279176201372, 1.7642585551330798, 7.787072243346008, 64.0,
314, 4.256880733944954, 9.394495412844037, 8.513761467889909, 3.5285171102661597, 7.787072243346008, 64.0,
315, 4.247139588100686, 9.37299771167048, 8.494279176201372, 3.5285171102661597, 7.801904761904762, 64.0,
316, 8.513761467889909, 18.788990825688074, 8.513761467889909, 7.057034220532319, 7.801904761904762, 64.0,
317, 8.494279176201372, 18.74599542334096, 8.494279176201372, 7.057034220532319, 7.809342230695901, 64.0,
318, 8.484571428571428, 18.72457142857143, 8.484571428571428, 7.070476190476191, 8.928610354223434, 64.0,
319, 0.547945205479452, 1.1689497716894977, 8.767123287671232, 0.45627376425855515, 0.973384030418251, 64.0,
320, 0.5466970387243736, 1.1662870159453302, 8.747152619589977, 0.45627376425855515, 1.946768060836502, 64.0,
321, 1.095890410958904, 2.3378995433789953, 8.767123287671232, 0.9125475285171103, 1.946768060836502, 64.0,
322, 1.0933940774487472, 2.3325740318906605, 8.747152619589977, 0.9125475285171103, 3.893536121673004, 64.0,
323, 2.191780821917808, 4.675799086757991, 8.767123287671232, 1.8250950570342206, 3.893536121673004, 64.0,
324, 2.1867881548974943, 4.665148063781321, 8.747152619589977, 1.8250950570342206, 7.787072243346008, 64.0,
325, 4.383561643835616, 9.351598173515981, 8.767123287671232, 3.650190114068441, 7.787072243346008, 64.0,
326, 4.373576309794989, 9.330296127562642, 8.747152619589977, 3.650190114068441, 7.801904761904762, 64.0,
327, 8.767123287671232, 18.703196347031962, 8.767123287671232, 7.300380228136882, 7.801904761904762, 64.0,
328, 8.747152619589977, 18.660592255125284, 8.747152619589977, 7.300380228136882, 7.809342230695901, 64.0,
329, 8.737201365187714, 18.639362912400454, 8.737201365187714, 7.314285714285714, 8.928610354223434, 64.0,
330, 0.5636363636363636, 1.1636363636363636, 9.018181818181818, 0.4714828897338403, 0.973384030418251, 64.0,
331, 0.562358276643991, 1.1609977324263039, 8.997732426303855, 0.4714828897338403, 1.946768060836502, 64.0,
332, 1.1272727272727272, 2.327272727272727, 9.018181818181818, 0.9429657794676806, 1.946768060836502, 64.0,
333, 1.124716553287982, 2.3219954648526078, 8.997732426303855, 0.9429657794676806, 3.893536121673004, 64.0,
334, 2.2545454545454544, 4.654545454545454, 9.018181818181818, 1.8859315589353611, 3.893536121673004, 64.0,
335, 2.249433106575964, 4.6439909297052155, 8.997732426303855, 1.8859315589353611, 7.787072243346008, 64.0,
336, 4.509090909090909, 9.309090909090909, 9.018181818181818, 3.7718631178707223, 7.787072243346008, 64.0,
337, 4.498866213151928, 9.287981859410431, 8.997732426303855, 3.7718631178707223, 7.801904761904762, 64.0,
338, 9.018181818181818, 18.618181818181817, 9.018181818181818, 7.5437262357414445, 7.801904761904762, 64.0,
339, 8.997732426303855, 18.575963718820862, 8.997732426303855, 7.5437262357414445, 7.809342230695901, 64.0,
340, 8.987542468856173, 18.55492638731597, 8.987542468856173, 7.558095238095238, 8.928610354223434, 64.0,
341, 0.579185520361991, 1.158371040723982, 9.266968325791856, 0.4866920152091255, 0.973384030418251, 64.0,
342, 0.5778781038374717, 1.1557562076749435, 9.246049661399548, 0.4866920152091255, 1.946768060836502, 64.0,
343, 1.158371040723982, 2.316742081447964, 9.266968325791856, 0.973384030418251, 1.946768060836502, 64.0,
344, 1.1557562076749435, 2.311512415349887, 9.246049661399548, 0.973384030418251, 3.893536121673004, 64.0,
345, 2.316742081447964, 4.633484162895928, 9.266968325791856, 1.946768060836502, 3.893536121673004, 64.0,
346, 2.311512415349887, 4.623024830699774, 9.246049661399548, 1.946768060836502, 7.787072243346008, 64.0,
347, 4.633484162895928, 9.266968325791856, 9.266968325791856, 3.893536121673004, 7.787072243346008, 64.0,
348, 4.623024830699774, 9.246049661399548, 9.246049661399548, 3.893536121673004, 7.801904761904762, 64.0,
349, 9.266968325791856, 18.533936651583712, 9.266968325791856, 7.787072243346008, 7.801904761904762, 64.0,
350, 9.246049661399548, 18.492099322799096, 9.246049661399548, 7.787072243346008, 7.809342230695901, 64.0,
351, 9.235625704622322, 18.471251409244644, 9.235625704622322, 7.801904761904762, 8.928610354223434, 64.0,
352, 0.5945945945945946, 1.1531531531531531, 9.513513513513514, 0.5019011406844106, 0.973384030418251, 64.0,
353, 0.5932584269662922, 1.150561797752809, 9.492134831460675, 0.5019011406844106, 1.946768060836502, 64.0,
354, 1.1891891891891893, 2.3063063063063063, 9.513513513513514, 1.0038022813688212, 1.946768060836502, 64.0,
355, 1.1865168539325843, 2.301123595505618, 9.492134831460675, 1.0038022813688212, 3.893536121673004, 64.0,
356, 2.3783783783783785, 4.612612612612613, 9.513513513513514, 2.0076045627376424, 3.893536121673004, 64.0,
357, 2.3730337078651687, 4.602247191011236, 9.492134831460675, 2.0076045627376424, 7.787072243346008, 64.0,
358, 4.756756756756757, 9.225225225225225, 9.513513513513514, 4.015209125475285, 7.787072243346008, 64.0,
359, 4.746067415730337, 9.204494382022473, 9.492134831460675, 4.015209125475285, 7.801904761904762, 64.0,
360, 9.513513513513514, 18.45045045045045, 9.513513513513514, 8.03041825095057, 7.801904761904762, 64.0,
361, 9.492134831460675, 18.408988764044945, 9.492134831460675, 8.03041825095057, 7.809342230695901, 64.0,
362, 9.481481481481481, 18.388327721661057, 9.481481481481481, 8.045714285714286, 8.928610354223434, 64.0,
363, 0.6098654708520179, 1.147982062780269, 9.757847533632287, 0.5171102661596958, 0.973384030418251, 64.0,
364, 0.6085011185682326, 1.145413870246085, 9.736017897091722, 0.5171102661596958, 1.946768060836502, 64.0,
365, 1.2197309417040358, 2.295964125560538, 9.757847533632287, 1.0342205323193916, 1.946768060836502, 64.0,
366, 1.2170022371364653, 2.29082774049217, 9.736017897091722, 1.0342205323193916, 3.893536121673004, 64.0,
367, 2.4394618834080717, 4.591928251121076, 9.757847533632287, 2.068441064638783, 3.893536121673004, 64.0,
368, 2.4340044742729305, 4.58165548098434, 9.736017897091722, 2.068441064638783, 7.787072243346008, 64.0,
369, 4.878923766816143, 9.183856502242152, 9.757847533632287, 4.136882129277566, 7.787072243346008, 64.0,
370, 4.868008948545861, 9.16331096196868, 9.736017897091722, 4.136882129277566, 7.801904761904762, 64.0,
371, 9.757847533632287, 18.367713004484305, 9.757847533632287, 8.273764258555133, 7.801904761904762, 64.0,
372, 9.736017897091722, 18.32662192393736, 9.736017897091722, 8.273764258555133, 7.809342230695901, 64.0,
373, 9.72513966480447, 18.306145251396647, 9.72513966480447, 8.289523809523809, 8.928610354223434, 64.0,
374, 0.625, 1.1428571428571428, 10.0, 0.532319391634981, 0.973384030418251, 64.0,
375, 0.623608017817372, 1.1403118040089086, 9.977728285077951, 0.532319391634981, 1.946768060836502, 64.0,
376, 1.25, 2.2857142857142856, 10.0, 1.064638783269962, 1.946768060836502, 64.0,
377, 1.247216035634744, 2.2806236080178173, 9.977728285077951, 1.064638783269962, 3.893536121673004, 64.0,
378, 2.5, 4.571428571428571, 10.0, 2.129277566539924, 3.893536121673004, 64.0,
379, 2.494432071269488, 4.5612472160356345, 9.977728285077951, 2.129277566539924, 7.787072243346008, 64.0,
380, 5.0, 9.142857142857142, 10.0, 4.258555133079848, 7.787072243346008, 64.0,
381, 4.988864142538976, 9.122494432071269, 9.977728285077951, 4.258555133079848, 7.801904761904762, 64.0,
382, 10.0, 18.285714285714285, 10.0, 8.517110266159696, 7.801904761904762, 64.0,
383, 9.977728285077951, 18.244988864142538, 9.977728285077951, 8.517110266159696, 7.809342230695901, 64.0,
384, 9.96662958843159, 18.224694104560623, 9.96662958843159, 8.533333333333333, 8.928610354223434, 64.0,
385, 0.64, 1.1377777777777778, 10.24, 0.5475285171102662, 0.973384030418251, 64.0,
386, 0.6385809312638581, 1.1352549889135255, 10.217294900221729, 0.5475285171102662, 1.946768060836502, 64.0,
387, 1.28, 2.2755555555555556, 10.24, 1.0950570342205324, 1.946768060836502, 64.0,
388, 1.2771618625277161, 2.270509977827051, 10.217294900221729, 1.0950570342205324, 3.893536121673004, 64.0,
389, 2.56, 4.551111111111111, 10.24, 2.1901140684410647, 3.893536121673004, 64.0,
390, 2.5543237250554323, 4.541019955654102, 10.217294900221729, 2.1901140684410647, 7.787072243346008, 64.0,
391, 5.12, 9.102222222222222, 10.24, 4.380228136882129, 7.787072243346008, 64.0,
392, 5.1086474501108645, 9.082039911308204, 10.217294900221729, 4.380228136882129, 7.801904761904762, 64.0,
393, 10.24, 18.204444444444444, 10.24, 8.760456273764259, 7.801904761904762, 64.0,
394, 10.217294900221729, 18.164079822616408, 10.217294900221729, 8.760456273764259, 7.809342230695901, 64.0,
395, 10.205980066445182, 18.143964562569213, 10.205980066445182, 8.777142857142858, 8.928610354223434, 64.0,
396, 0.6548672566371682, 1.1327433628318584, 10.47787610619469, 0.5627376425855514, 0.973384030418251, 64.0,
397, 0.6534216335540839, 1.130242825607064, 10.454746136865342, 0.5627376425855514, 1.946768060836502, 64.0,
398, 1.3097345132743363, 2.265486725663717, 10.47787610619469, 1.1254752851711027, 1.946768060836502, 64.0,
399, 1.3068432671081678, 2.260485651214128, 10.454746136865342, 1.1254752851711027, 3.893536121673004, 64.0,
400, 2.6194690265486726, 4.530973451327434, 10.47787610619469, 2.2509505703422055, 3.893536121673004, 64.0,
401, 2.6136865342163356, 4.520971302428256, 10.454746136865342, 2.2509505703422055, 7.787072243346008, 64.0,
402, 5.238938053097345, 9.061946902654867, 10.47787610619469, 4.501901140684411, 7.787072243346008, 64.0,
403, 5.227373068432671, 9.041942604856512, 10.454746136865342, 4.501901140684411, 7.801904761904762, 64.0,
404, 10.47787610619469, 18.123893805309734, 10.47787610619469, 9.003802281368822, 7.801904761904762, 64.0,
405, 10.454746136865342, 18.083885209713024, 10.454746136865342, 9.003802281368822, 7.809342230695901, 64.0,
406, 10.44321940463065, 18.063947078280044, 10.44321940463065, 9.02095238095238, 8.928610354223434, 64.0,
407, 0.6696035242290749, 1.1277533039647578, 10.713656387665198, 0.5779467680608364, 0.973384030418251, 64.0,
408, 0.6681318681318681, 1.1252747252747253, 10.69010989010989, 0.5779467680608364, 1.946768060836502, 64.0,
409, 1.3392070484581498, 2.2555066079295156, 10.713656387665198, 1.155893536121673, 1.946768060836502, 64.0,
410, 1.3362637362637362, 2.2505494505494505, 10.69010989010989, 1.155893536121673, 3.893536121673004, 64.0,
411, 2.6784140969162995, 4.511013215859031, 10.713656387665198, 2.311787072243346, 3.893536121673004, 64.0,
412, 2.6725274725274724, 4.501098901098901, 10.69010989010989, 2.311787072243346, 7.787072243346008, 64.0,
413, 5.356828193832599, 9.022026431718063, 10.713656387665198, 4.623574144486692, 7.787072243346008, 64.0,
414, 5.345054945054945, 9.002197802197802, 10.69010989010989, 4.623574144486692, 7.801904761904762, 64.0,
415, 10.713656387665198, 18.044052863436125, 10.713656387665198, 9.247148288973383, 7.801904761904762, 64.0,
416, 10.69010989010989, 18.004395604395604, 10.69010989010989, 9.247148288973383, 7.809342230695901, 64.0,
417, 10.678375411635566, 17.98463227222832, 10.678375411635566, 9.264761904761905, 8.928610354223434, 64.0,
418, 0.6842105263157895, 1.1228070175438596, 10.947368421052632, 0.5931558935361216, 0.973384030418251, 64.0,
419, 0.6827133479212254, 1.1203501094091903, 10.923413566739606, 0.5931558935361216, 1.946768060836502, 64.0,
420, 1.368421052631579, 2.245614035087719, 10.947368421052632, 1.1863117870722433, 1.946768060836502, 64.0,
421, 1.3654266958424508, 2.2407002188183807, 10.923413566739606, 1.1863117870722433, 3.893536121673004, 64.0,
422, 2.736842105263158, 4.491228070175438, 10.947368421052632, 2.3726235741444865, 3.893536121673004, 64.0,
423, 2.7308533916849016, 4.481400437636761, 10.923413566739606, 2.3726235741444865, 7.787072243346008, 64.0,
424, 5.473684210526316, 8.982456140350877, 10.947368421052632, 4.745247148288973, 7.787072243346008, 64.0,
425, 5.461706783369803, 8.962800875273523, 10.923413566739606, 4.745247148288973, 7.801904761904762, 64.0,
426, 10.947368421052632, 17.964912280701753, 10.947368421052632, 9.490494296577946, 7.801904761904762, 64.0,
427, 10.923413566739606, 17.925601750547045, 10.923413566739606, 9.490494296577946, 7.809342230695901, 64.0,
428, 10.911475409836065, 17.90601092896175, 10.911475409836065, 9.508571428571429, 8.928610354223434, 64.0,
429, 0.6986899563318777, 1.1179039301310043, 11.179039301310043, 0.6083650190114068, 0.973384030418251, 64.0,
430, 0.6971677559912854, 1.1154684095860568, 11.154684095860567, 0.6083650190114068, 1.946768060836502, 64.0,
431, 1.3973799126637554, 2.2358078602620086, 11.179039301310043, 1.2167300380228137, 1.946768060836502, 64.0,
432, 1.3943355119825709, 2.2309368191721135, 11.154684095860567, 1.2167300380228137, 3.893536121673004, 64.0,
433, 2.7947598253275108, 4.471615720524017, 11.179039301310043, 2.4334600760456273, 3.893536121673004, 64.0,
434, 2.7886710239651418, 4.461873638344227, 11.154684095860567, 2.4334600760456273, 7.787072243346008, 64.0,
435, 5.5895196506550215, 8.943231441048034, 11.179039301310043, 4.866920152091255, 7.787072243346008, 64.0,
436, 5.5773420479302835, 8.923747276688454, 11.154684095860567, 4.866920152091255, 7.801904761904762, 64.0,
437, 11.179039301310043, 17.88646288209607, 11.179039301310043, 9.73384030418251, 7.801904761904762, 64.0,
438, 11.154684095860567, 17.847494553376908, 11.154684095860567, 9.73384030418251, 7.809342230695901, 64.0,
439, 11.142546245919478, 17.828073993471165, 11.142546245919478, 9.752380952380953, 8.928610354223434, 64.0,
440, 0.7130434782608696, 1.1130434782608696, 11.408695652173913, 0.623574144486692, 0.973384030418251, 64.0,
441, 0.7114967462039046, 1.1106290672451193, 11.383947939262473, 0.623574144486692, 1.946768060836502, 64.0,
442, 1.4260869565217391, 2.226086956521739, 11.408695652173913, 1.247148288973384, 1.946768060836502, 64.0,
443, 1.4229934924078091, 2.2212581344902387, 11.383947939262473, 1.247148288973384, 3.893536121673004, 64.0,
444, 2.8521739130434782, 4.452173913043478, 11.408695652173913, 2.494296577946768, 3.893536121673004, 64.0,
445, 2.8459869848156183, 4.442516268980477, 11.383947939262473, 2.494296577946768, 7.787072243346008, 64.0,
446, 5.7043478260869565, 8.904347826086957, 11.408695652173913, 4.988593155893536, 7.787072243346008, 64.0,
447, 5.691973969631237, 8.885032537960955, 11.383947939262473, 4.988593155893536, 7.801904761904762, 64.0,
448, 11.408695652173913, 17.808695652173913, 11.408695652173913, 4.998095238095238, 7.801904761904762, 64.0,
449, 11.383947939262473, 17.77006507592191, 11.383947939262473, 4.998095238095238, 7.809342230695901, 64.0,
450, 11.371614301191766, 17.750812567713975, 11.371614301191766, 6.668360864040661, 8.928610354223434, 64.0,
451, 0.7272727272727273, 1.1082251082251082, 11.636363636363637, 0.6387832699619772, 0.973384030418251, 64.0,
452, 0.7257019438444925, 1.1058315334773219, 11.61123110151188, 0.6387832699619772, 1.946768060836502, 64.0,
453, 1.4545454545454546, 2.2164502164502164, 11.636363636363637, 1.2775665399239544, 1.946768060836502, 64.0,
454, 1.451403887688985, 2.2116630669546438, 11.61123110151188, 1.2775665399239544, 3.893536121673004, 64.0,
455, 2.909090909090909, 4.432900432900433, 11.636363636363637, 2.555133079847909, 3.893536121673004, 64.0,
456, 2.90280777537797, 4.4233261339092875, 11.61123110151188, 2.555133079847909, 7.787072243346008, 64.0,
457, 5.818181818181818, 8.865800865800866, 11.636363636363637, 5.110266159695818, 7.787072243346008, 64.0,
458, 5.80561555075594, 8.846652267818575, 11.61123110151188, 5.110266159695818, 7.801904761904762, 64.0,
459, 11.636363636363637, 17.73160173160173, 11.636363636363637, 5.12, 7.801904761904762, 64.0,
460, 11.61123110151188, 17.69330453563715, 11.61123110151188, 5.12, 7.809342230695901, 64.0,
461, 11.598705501618124, 17.674217907227614, 11.598705501618124, 6.8310038119440915, 8.928610354223434, 64.0,
462, 0.7413793103448276, 1.103448275862069, 11.862068965517242, 0.6539923954372624, 0.973384030418251, 64.0,
463, 0.7397849462365591, 1.1010752688172043, 11.836559139784946, 0.6539923954372624, 1.946768060836502, 64.0,
464, 1.4827586206896552, 2.206896551724138, 11.862068965517242, 1.3079847908745248, 1.946768060836502, 64.0,
465, 1.4795698924731182, 2.2021505376344086, 11.836559139784946, 1.3079847908745248, 3.893536121673004, 64.0,
466, 2.9655172413793105, 4.413793103448276, 11.862068965517242, 2.6159695817490496, 3.893536121673004, 64.0,
467, 2.9591397849462364, 4.404301075268817, 11.836559139784946, 2.6159695817490496, 7.787072243346008, 64.0,
468, 5.931034482758621, 8.827586206896552, 11.862068965517242, 5.231939163498099, 7.787072243346008, 64.0,
469, 5.918279569892473, 8.808602150537634, 11.836559139784946, 5.231939163498099, 7.801904761904762, 64.0,
470, 11.862068965517242, 17.655172413793103, 11.862068965517242, 5.241904761904762, 7.801904761904762, 64.0,
471, 11.836559139784946, 17.61720430107527, 11.836559139784946, 5.241904761904762, 7.809342230695901, 64.0,
472, 11.823845327604726, 17.59828141783029, 11.823845327604726, 6.993646759847522, 8.928610354223434, 64.0,
473, 0.7553648068669528, 1.0987124463519313, 12.085836909871245, 0.6692015209125475, 0.973384030418251, 64.0,
474, 0.7537473233404711, 1.0963597430406853, 12.059957173447538, 0.6692015209125475, 1.946768060836502, 64.0,
475, 1.5107296137339057, 2.1974248927038627, 12.085836909871245, 1.338403041825095, 1.946768060836502, 64.0,
476, 1.5074946466809422, 2.1927194860813706, 12.059957173447538, 1.338403041825095, 3.893536121673004, 64.0,
477, 3.0214592274678114, 4.394849785407725, 12.085836909871245, 2.67680608365019, 3.893536121673004, 64.0,
478, 3.0149892933618845, 4.385438972162741, 12.059957173447538, 2.67680608365019, 7.787072243346008, 64.0,
479, 6.042918454935623, 8.78969957081545, 12.085836909871245, 5.35361216730038, 7.787072243346008, 64.0,
480, 6.029978586723769, 8.770877944325482, 12.059957173447538, 5.35361216730038, 7.801904761904762, 64.0,
481, 12.085836909871245, 17.5793991416309, 12.085836909871245, 5.363809523809524, 7.801904761904762, 64.0,
482, 12.059957173447538, 17.541755888650965, 12.059957173447538, 5.363809523809524, 7.809342230695901, 64.0,
483, 12.047058823529412, 17.522994652406418, 12.047058823529412, 7.156289707750953, 8.928610354223434, 64.0,
484, 0.7692307692307693, 1.0940170940170941, 12.307692307692308, 0.6844106463878327, 0.973384030418251, 64.0,
485, 0.767590618336887, 1.091684434968017, 12.281449893390192, 0.6844106463878327, 1.946768060836502, 64.0,
486, 1.5384615384615385, 2.1880341880341883, 12.307692307692308, 1.3688212927756653, 1.946768060836502, 64.0,
487, 1.535181236673774, 2.183368869936034, 12.281449893390192, 1.3688212927756653, 3.893536121673004, 64.0,
488, 3.076923076923077, 4.3760683760683765, 12.307692307692308, 2.7376425855513307, 3.893536121673004, 64.0,
489, 3.070362473347548, 4.366737739872068, 12.281449893390192, 2.7376425855513307, 7.787072243346008, 64.0,
490, 6.153846153846154, 8.752136752136753, 12.307692307692308, 5.475285171102661, 7.787072243346008, 64.0,
491, 6.140724946695096, 8.733475479744136, 12.281449893390192, 5.475285171102661, 7.801904761904762, 64.0,
492, 12.307692307692308, 17.504273504273506, 12.307692307692308, 5.485714285714286, 7.801904761904762, 64.0,
493, 12.281449893390192, 17.466950959488273, 12.281449893390192, 5.485714285714286, 7.809342230695901, 64.0,
494, 12.268370607028753, 17.44834930777423, 12.268370607028753, 7.3189326556543834, 8.928610354223434, 64.0,
495, 0.7829787234042553, 1.0893617021276596, 12.527659574468085, 0.6996197718631179, 0.973384030418251, 64.0,
496, 0.7813163481953291, 1.0870488322717622, 12.501061571125266, 0.6996197718631179, 1.946768060836502, 64.0,
497, 1.5659574468085107, 2.178723404255319, 12.527659574468085, 1.3992395437262357, 1.946768060836502, 64.0,
498, 1.5626326963906583, 2.1740976645435244, 12.501061571125266, 1.3992395437262357, 3.893536121673004, 64.0,
499, 3.1319148936170214, 4.357446808510638, 12.527659574468085, 2.7984790874524714, 3.893536121673004, 64.0,
500, 3.1252653927813165, 4.348195329087049, 12.501061571125266, 2.7984790874524714, 7.787072243346008, 64.0,
501, 6.263829787234043, 8.714893617021277, 12.527659574468085, 5.596958174904943, 7.787072243346008, 64.0,
502, 6.250530785562633, 8.696390658174098, 12.501061571125266, 5.596958174904943, 7.801904761904762, 64.0,
503, 12.527659574468085, 17.429787234042553, 12.527659574468085, 5.607619047619048, 7.801904761904762, 64.0,
504, 12.501061571125266, 17.392781316348195, 12.501061571125266, 5.607619047619048, 7.809342230695901, 64.0,
505, 12.487804878048781, 17.374337221633088, 12.487804878048781, 7.481575603557815, 8.928610354223434, 64.0,
506, 0.7966101694915254, 1.0847457627118644, 12.745762711864407, 0.714828897338403, 0.973384030418251, 64.0,
507, 0.7949260042283298, 1.0824524312896406, 12.718816067653277, 0.714828897338403, 1.946768060836502, 64.0,
508, 1.5932203389830508, 2.169491525423729, 12.745762711864407, 1.429657794676806, 1.946768060836502, 64.0,
509, 1.5898520084566596, 2.1649048625792813, 12.718816067653277, 1.429657794676806, 3.893536121673004, 64.0,
510, 3.1864406779661016, 4.338983050847458, 12.745762711864407, 2.859315589353612, 3.893536121673004, 64.0,
511, 3.1797040169133193, 4.3298097251585626, 12.718816067653277, 2.859315589353612, 7.787072243346008, 64.0,
512, 6.372881355932203, 8.677966101694915, 12.745762711864407, 5.718631178707224, 7.787072243346008, 64.0,
513, 6.3594080338266386, 8.659619450317125, 12.718816067653277, 5.718631178707224, 7.801904761904762, 64.0,
514, 12.745762711864407, 17.35593220338983, 12.745762711864407, 5.729523809523809, 7.801904761904762, 64.0,
515, 12.718816067653277, 17.31923890063425, 12.718816067653277, 5.729523809523809, 7.809342230695901, 64.0,
516, 12.705385427666315, 17.300950369588172, 12.705385427666315, 7.644218551461245, 8.928610354223434, 64.0,
517, 0.810126582278481, 1.080168776371308, 12.962025316455696, 0.7300380228136882, 0.973384030418251, 64.0,
518, 0.8084210526315789, 1.0778947368421052, 12.934736842105263, 0.7300380228136882, 1.946768060836502, 64.0,
519, 1.620253164556962, 2.160337552742616, 12.962025316455696, 1.4600760456273765, 1.946768060836502, 64.0,
520, 1.6168421052631579, 2.1557894736842105, 12.934736842105263, 1.4600760456273765, 3.893536121673004, 64.0,
521, 3.240506329113924, 4.320675105485232, 12.962025316455696, 2.920152091254753, 3.893536121673004, 64.0,
522, 3.2336842105263157, 4.311578947368421, 12.934736842105263, 2.920152091254753, 7.787072243346008, 64.0,
523, 6.481012658227848, 8.641350210970463, 12.962025316455696, 5.840304182509506, 7.787072243346008, 64.0,
524, 6.467368421052631, 8.623157894736842, 12.934736842105263, 5.840304182509506, 7.801904761904762, 64.0,
525, 12.962025316455696, 17.282700421940927, 12.962025316455696, 5.851428571428571, 7.801904761904762, 64.0,
526, 12.934736842105263, 17.246315789473684, 12.934736842105263, 5.851428571428571, 7.809342230695901, 64.0,
527, 12.921135646687697, 17.228180862250262, 12.921135646687697, 7.806861499364676, 8.928610354223434, 64.0,
528, 0.8235294117647058, 1.0756302521008403, 13.176470588235293, 0.7452471482889734, 0.973384030418251, 64.0,
529, 0.8218029350104822, 1.0733752620545074, 13.148846960167715, 0.7452471482889734, 1.946768060836502, 64.0,
530, 1.6470588235294117, 2.1512605042016806, 13.176470588235293, 1.4904942965779469, 1.946768060836502, 64.0,
531, 1.6436058700209644, 2.146750524109015, 13.148846960167715, 1.4904942965779469, 3.893536121673004, 64.0,
532, 3.2941176470588234, 4.302521008403361, 13.176470588235293, 2.9809885931558937, 3.893536121673004, 64.0,
533, 3.2872117400419287, 4.29350104821803, 13.148846960167715, 2.9809885931558937, 7.787072243346008, 64.0,
534, 6.588235294117647, 8.605042016806722, 13.176470588235293, 5.961977186311787, 7.787072243346008, 64.0,
535, 6.5744234800838575, 8.58700209643606, 13.148846960167715, 5.961977186311787, 7.801904761904762, 64.0,
536, 13.176470588235293, 17.210084033613445, 13.176470588235293, 5.973333333333334, 7.801904761904762, 64.0,
537, 13.148846960167715, 17.17400419287212, 13.148846960167715, 5.973333333333334, 7.809342230695901, 64.0,
538, 13.135078534031413, 17.15602094240838, 13.135078534031413, 7.969504447268107, 8.928610354223434, 64.0,
539, 0.8368200836820083, 1.0711297071129706, 13.389121338912133, 0.7604562737642585, 0.973384030418251, 64.0,
540, 0.8350730688935282, 1.068893528183716, 13.36116910229645, 0.7604562737642585, 1.946768060836502, 64.0,
541, 1.6736401673640167, 2.1422594142259412, 13.389121338912133, 1.520912547528517, 1.946768060836502, 64.0,
542, 1.6701461377870563, 2.137787056367432, 13.36116910229645, 1.520912547528517, 3.893536121673004, 64.0,
543, 3.3472803347280333, 4.2845188284518825, 13.389121338912133, 3.041825095057034, 3.893536121673004, 64.0,
544, 3.3402922755741127, 4.275574112734864, 13.36116910229645, 3.041825095057034, 7.787072243346008, 64.0,
545, 6.694560669456067, 8.569037656903765, 13.389121338912133, 6.083650190114068, 7.787072243346008, 64.0,
546, 6.680584551148225, 8.551148225469728, 13.36116910229645, 6.083650190114068, 7.801904761904762, 64.0,
547, 13.389121338912133, 17.13807531380753, 13.389121338912133, 6.095238095238095, 7.801904761904762, 64.0,
548, 13.36116910229645, 17.102296450939455, 13.36116910229645, 6.095238095238095, 7.809342230695901, 64.0,
549, 13.347236704900938, 17.0844629822732, 13.347236704900938, 8.132147395171538, 8.928610354223434, 64.0,
550, 0.85, 1.0666666666666667, 13.6, 0.7756653992395437, 0.973384030418251, 64.0,
551, 0.8482328482328483, 1.0644490644490645, 13.571725571725572, 0.7756653992395437, 1.946768060836502, 64.0,
552, 1.7, 2.1333333333333333, 13.6, 1.5513307984790874, 1.946768060836502, 64.0,
553, 1.6964656964656966, 2.128898128898129, 13.571725571725572, 1.5513307984790874, 3.893536121673004, 64.0,
554, 3.4, 4.266666666666667, 13.6, 3.102661596958175, 3.893536121673004, 64.0,
555, 3.392931392931393, 4.257796257796258, 13.571725571725572, 3.102661596958175, 7.787072243346008, 64.0,
556, 6.8, 8.533333333333333, 13.6, 6.20532319391635, 7.787072243346008, 64.0,
557, 6.785862785862786, 8.515592515592516, 13.571725571725572, 6.20532319391635, 7.801904761904762, 64.0,
558, 13.6, 17.066666666666666, 13.6, 6.217142857142857, 7.801904761904762, 64.0,
559, 13.571725571725572, 17.031185031185032, 13.571725571725572, 6.217142857142857, 7.809342230695901, 64.0,
560, 13.557632398753894, 17.0134994807892, 13.557632398753894, 8.294790343074968, 8.928610354223434, 64.0,
561, 0.8630705394190872, 1.062240663900415, 13.809128630705395, 0.7908745247148289, 0.973384030418251, 64.0,
562, 0.8612836438923396, 1.060041407867495, 13.780538302277433, 0.7908745247148289, 1.946768060836502, 64.0,
563, 1.7261410788381744, 2.12448132780083, 13.809128630705395, 1.5817490494296578, 1.946768060836502, 64.0,
564, 1.7225672877846792, 2.12008281573499, 13.780538302277433, 1.5817490494296578, 3.893536121673004, 64.0,
565, 3.4522821576763487, 4.24896265560166, 13.809128630705395, 3.1634980988593155, 3.893536121673004, 64.0,
566, 3.4451345755693583, 4.24016563146998, 13.780538302277433, 3.1634980988593155, 7.787072243346008, 64.0,
567, 6.904564315352697, 8.49792531120332, 13.809128630705395, 6.326996197718631, 7.787072243346008, 64.0,
568, 6.890269151138717, 8.48033126293996, 13.780538302277433, 6.326996197718631, 7.801904761904762, 64.0,
569, 13.809128630705395, 16.99585062240664, 13.809128630705395, 6.339047619047619, 7.801904761904762, 64.0,
570, 13.780538302277433, 16.96066252587992, 13.780538302277433, 6.339047619047619, 7.809342230695901, 64.0,
571, 13.766287487073424, 16.943123061013445, 13.766287487073424, 8.457433290978399, 8.928610354223434, 64.0,
572, 0.8760330578512396, 1.0578512396694215, 14.016528925619834, 0.8060836501901141, 0.973384030418251, 64.0,
573, 0.8742268041237113, 1.0556701030927835, 13.987628865979381, 0.8060836501901141, 1.946768060836502, 64.0,
574, 1.7520661157024793, 2.115702479338843, 14.016528925619834, 1.6121673003802282, 1.946768060836502, 64.0,
575, 1.7484536082474227, 2.111340206185567, 13.987628865979381, 1.6121673003802282, 3.893536121673004, 64.0,
576, 3.5041322314049586, 4.231404958677686, 14.016528925619834, 3.2243346007604563, 3.893536121673004, 64.0,
577, 3.4969072164948454, 4.222680412371134, 13.987628865979381, 3.2243346007604563, 7.787072243346008, 64.0,
578, 7.008264462809917, 8.462809917355372, 14.016528925619834, 6.448669201520913, 7.787072243346008, 64.0,
579, 6.993814432989691, 8.445360824742268, 13.987628865979381, 6.448669201520913, 7.801904761904762, 64.0,
580, 14.016528925619834, 16.925619834710744, 14.016528925619834, 6.460952380952381, 7.801904761904762, 64.0,
581, 13.987628865979381, 16.890721649484536, 13.987628865979381, 6.460952380952381, 7.809342230695901, 64.0,
582, 13.973223480947476, 16.873326467559217, 13.973223480947476, 8.620076238881829, 8.928610354223434, 64.0,
583, 0.8888888888888888, 1.0534979423868314, 14.222222222222221, 0.8212927756653993, 0.973384030418251, 64.0,
584, 0.8870636550308009, 1.051334702258727, 14.193018480492814, 0.8212927756653993, 1.946768060836502, 64.0,
585, 1.7777777777777777, 2.1069958847736627, 14.222222222222221, 1.6425855513307985, 1.946768060836502, 64.0,
586, 1.7741273100616017, 2.102669404517454, 14.193018480492814, 1.6425855513307985, 3.893536121673004, 64.0,
587, 3.5555555555555554, 4.2139917695473255, 14.222222222222221, 3.285171102661597, 3.893536121673004, 64.0,
588, 3.5482546201232035, 4.205338809034908, 14.193018480492814, 3.285171102661597, 7.787072243346008, 64.0,
589, 7.111111111111111, 8.427983539094651, 14.222222222222221, 6.570342205323194, 7.787072243346008, 64.0,
590, 7.096509240246407, 8.410677618069816, 14.193018480492814, 6.570342205323194, 7.801904761904762, 64.0,
591, 14.222222222222221, 16.855967078189302, 14.222222222222221, 6.582857142857143, 7.801904761904762, 64.0,
592, 14.193018480492814, 16.82135523613963, 14.193018480492814, 6.582857142857143, 7.809342230695901, 64.0,
593, 14.178461538461539, 16.804102564102564, 14.178461538461539, 8.782719186785261, 8.928610354223434, 64.0,
594, 0.9016393442622951, 1.0491803278688525, 14.426229508196721, 0.8365019011406845, 0.973384030418251, 64.0,
595, 0.8997955010224948, 1.047034764826176, 14.396728016359917, 0.8365019011406845, 1.946768060836502, 64.0,
596, 1.8032786885245902, 2.098360655737705, 14.426229508196721, 1.673003802281369, 1.946768060836502, 64.0,
597, 1.7995910020449897, 2.094069529652352, 14.396728016359917, 1.673003802281369, 3.893536121673004, 64.0,
598, 3.6065573770491803, 4.19672131147541, 14.426229508196721, 3.346007604562738, 3.893536121673004, 64.0,
599, 3.5991820040899793, 4.188139059304704, 14.396728016359917, 3.346007604562738, 7.787072243346008, 64.0,
600, 7.213114754098361, 8.39344262295082, 14.426229508196721, 6.692015209125476, 7.787072243346008, 64.0,
601, 7.198364008179959, 8.376278118609408, 14.396728016359917, 6.692015209125476, 7.801904761904762, 64.0,
602, 14.426229508196721, 16.78688524590164, 14.426229508196721, 6.704761904761905, 7.801904761904762, 64.0,
603, 14.396728016359917, 16.752556237218815, 14.396728016359917, 6.704761904761905, 7.809342230695901, 64.0,
604, 14.382022471910112, 16.73544433094995, 14.382022471910112, 8.945362134688692, 8.928610354223434, 64.0,
605, 0.9142857142857143, 1.0448979591836736, 14.628571428571428, 0.8517110266159695, 0.973384030418251, 64.0,
606, 0.9124236252545825, 1.0427698574338085, 14.59877800407332, 0.8517110266159695, 1.946768060836502, 64.0,
607, 1.8285714285714285, 2.089795918367347, 14.628571428571428, 1.703422053231939, 1.946768060836502, 64.0,
608, 1.824847250509165, 2.085539714867617, 14.59877800407332, 1.703422053231939, 3.893536121673004, 64.0,
609, 3.657142857142857, 4.179591836734694, 14.628571428571428, 3.406844106463878, 3.893536121673004, 64.0,
610, 3.64969450101833, 4.171079429735234, 14.59877800407332, 3.406844106463878, 7.787072243346008, 64.0,
611, 7.314285714285714, 8.359183673469389, 14.628571428571428, 6.813688212927756, 7.787072243346008, 64.0,
612, 7.29938900203666, 8.342158859470468, 14.59877800407332, 6.813688212927756, 7.801904761904762, 64.0,
613, 14.628571428571428, 16.718367346938777, 14.628571428571428, 6.826666666666667, 7.801904761904762, 64.0,
614, 14.59877800407332, 16.684317718940935, 14.59877800407332, 6.826666666666667, 7.809342230695901, 64.0,
615, 14.583926754832147, 16.66734486266531, 14.583926754832147, 9.108005082592122, 8.928610354223434, 64.0,
616, 0.926829268292683, 1.0406504065040652, 14.829268292682928, 0.8669201520912547, 0.973384030418251, 64.0,
617, 0.9249492900608519, 1.0385395537525355, 14.79918864097363, 0.8669201520912547, 1.946768060836502, 64.0,
618, 1.853658536585366, 2.0813008130081303, 14.829268292682928, 1.7338403041825095, 1.946768060836502, 64.0,
619, 1.8498985801217038, 2.077079107505071, 14.79918864097363, 1.7338403041825095, 3.893536121673004, 64.0,
620, 3.707317073170732, 4.162601626016261, 14.829268292682928, 3.467680608365019, 3.893536121673004, 64.0,
621, 3.6997971602434077, 4.154158215010142, 14.79918864097363, 3.467680608365019, 7.787072243346008, 64.0,
622, 7.414634146341464, 8.325203252032521, 14.829268292682928, 6.935361216730038, 7.787072243346008, 64.0,
623, 7.399594320486815, 8.308316430020284, 14.79918864097363, 6.935361216730038, 7.801904761904762, 64.0,
624, 14.829268292682928, 16.650406504065042, 14.829268292682928, 6.948571428571428, 7.801904761904762, 64.0,
625, 14.79918864097363, 16.616632860040568, 14.79918864097363, 6.948571428571428, 7.809342230695901, 64.0,
626, 14.78419452887538, 16.599797365754814, 14.78419452887538, 9.270648030495552, 8.928610354223434, 64.0,
627, 0.9392712550607287, 1.0364372469635628, 15.02834008097166, 0.8821292775665399, 0.973384030418251, 64.0,
628, 0.9373737373737374, 1.0343434343434343, 14.997979797979799, 0.8821292775665399, 1.946768060836502, 64.0,
629, 1.8785425101214575, 2.0728744939271255, 15.02834008097166, 1.7642585551330798, 1.946768060836502, 64.0,
630, 1.8747474747474748, 2.0686868686868687, 14.997979797979799, 1.7642585551330798, 3.893536121673004, 64.0,
631, 3.757085020242915, 4.145748987854251, 15.02834008097166, 3.5285171102661597, 3.893536121673004, 64.0,
632, 3.7494949494949497, 4.137373737373737, 14.997979797979799, 3.5285171102661597, 7.787072243346008, 64.0,
633, 7.51417004048583, 8.291497975708502, 15.02834008097166, 7.057034220532319, 7.787072243346008, 64.0,
634, 7.498989898989899, 8.274747474747475, 14.997979797979799, 7.057034220532319, 7.801904761904762, 64.0,
635, 15.02834008097166, 16.582995951417004, 15.02834008097166, 7.070476190476191, 7.801904761904762, 64.0,
636, 14.997979797979799, 16.54949494949495, 14.997979797979799, 7.070476190476191, 7.809342230695901, 64.0,
637, 14.98284561049445, 16.53279515640767, 14.98284561049445, 9.433290978398983, 8.928610354223434, 64.0,
638, 0.9516129032258065, 1.032258064516129, 15.225806451612904, 0.8973384030418251, 0.973384030418251, 64.0,
639, 0.9496981891348089, 1.0301810865191148, 15.195171026156942, 0.8973384030418251, 1.946768060836502, 64.0,
640, 1.903225806451613, 2.064516129032258, 15.225806451612904, 1.7946768060836502, 1.946768060836502, 64.0,
641, 1.8993963782696177, 2.0603621730382295, 15.195171026156942, 1.7946768060836502, 3.893536121673004, 64.0,
642, 3.806451612903226, 4.129032258064516, 15.225806451612904, 3.5893536121673004, 3.893536121673004, 64.0,
643, 3.7987927565392354, 4.120724346076459, 15.195171026156942, 3.5893536121673004, 7.787072243346008, 64.0,
644, 7.612903225806452, 8.258064516129032, 15.225806451612904, 7.178707224334601, 7.787072243346008, 64.0,
645, 7.597585513078471, 8.241448692152918, 15.195171026156942, 7.178707224334601, 7.801904761904762, 64.0,
646, 15.225806451612904, 16.516129032258064, 15.225806451612904, 7.192380952380953, 7.801904761904762, 64.0,
647, 15.195171026156942, 16.482897384305836, 15.195171026156942, 7.192380952380953, 7.809342230695901, 64.0,
648, 15.179899497487437, 16.46633165829146, 15.179899497487437, 9.595933926302415, 8.928610354223434, 64.0,
649, 0.963855421686747, 1.0281124497991967, 15.421686746987952, 0.9125475285171103, 0.973384030418251, 64.0,
650, 0.9619238476953907, 1.0260521042084167, 15.390781563126252, 0.9125475285171103, 1.946768060836502, 64.0,
651, 1.927710843373494, 2.0562248995983934, 15.421686746987952, 1.8250950570342206, 1.946768060836502, 64.0,
652, 1.9238476953907815, 2.0521042084168335, 15.390781563126252, 1.8250950570342206, 3.893536121673004, 64.0,
653, 3.855421686746988, 4.112449799196787, 15.421686746987952, 3.650190114068441, 3.893536121673004, 64.0,
654, 3.847695390781563, 4.104208416833667, 15.390781563126252, 3.650190114068441, 7.787072243346008, 64.0,
655, 7.710843373493976, 8.224899598393574, 15.421686746987952, 7.300380228136882, 7.787072243346008, 64.0,
656, 7.695390781563126, 8.208416833667334, 15.390781563126252, 7.300380228136882, 7.801904761904762, 64.0,
657, 15.421686746987952, 16.449799196787147, 15.421686746987952, 7.314285714285714, 7.801904761904762, 64.0,
658, 15.390781563126252, 16.416833667334668, 15.390781563126252, 7.314285714285714, 7.809342230695901, 64.0,
659, 15.375375375375375, 16.4004004004004, 15.375375375375375, 9.758576874205845, 8.928610354223434, 64.0,
660, 0.976, 1.024, 15.616, 0.9277566539923955, 0.973384030418251, 64.0,
661, 0.9740518962075848, 1.0219560878243512, 15.584830339321357, 0.9277566539923955, 1.946768060836502, 64.0,
662, 1.952, 2.048, 15.616, 1.855513307984791, 1.946768060836502, 64.0,
663, 1.9481037924151696, 2.0439121756487024, 15.584830339321357, 1.855513307984791, 3.893536121673004, 64.0,
664, 3.904, 4.096, 15.616, 3.711026615969582, 3.893536121673004, 64.0,
665, 3.8962075848303392, 4.087824351297405, 15.584830339321357, 3.711026615969582, 7.787072243346008, 64.0,
666, 7.808, 8.192, 15.616, 7.422053231939164, 7.787072243346008, 64.0,
667, 7.7924151696606785, 8.17564870259481, 15.584830339321357, 7.422053231939164, 7.801904761904762, 64.0,
668, 15.616, 16.384, 15.616, 7.436190476190476, 7.801904761904762, 64.0,
669, 15.584830339321357, 16.35129740518962, 15.584830339321357, 7.436190476190476, 7.809342230695901, 64.0,
670, 15.569292123629113, 16.334995014955133, 15.569292123629113, 9.921219822109276, 8.928610354223434, 64.0,
671, 0.9880478087649402, 1.0199203187250996, 15.808764940239044, 0.9429657794676806, 0.973384030418251, 64.0,
672, 0.9860834990059643, 1.0178926441351888, 15.777335984095428, 0.9429657794676806, 1.946768060836502, 64.0,
673, 1.9760956175298805, 2.039840637450199, 15.808764940239044, 1.8859315589353611, 1.946768060836502, 64.0,
674, 1.9721669980119285, 2.0357852882703775, 15.777335984095428, 1.8859315589353611, 3.893536121673004, 64.0,
675, 3.952191235059761, 4.079681274900398, 15.808764940239044, 3.7718631178707223, 3.893536121673004, 64.0,
676, 3.944333996023857, 4.071570576540755, 15.777335984095428, 3.7718631178707223, 7.787072243346008, 64.0,
677, 7.904382470119522, 8.159362549800797, 15.808764940239044, 7.5437262357414445, 7.787072243346008, 64.0,
678, 7.888667992047714, 8.14314115308151, 15.777335984095428, 7.5437262357414445, 7.801904761904762, 64.0,
679, 15.808764940239044, 16.318725099601593, 15.808764940239044, 7.558095238095238, 7.801904761904762, 64.0,
680, 15.777335984095428, 16.28628230616302, 15.777335984095428, 7.558095238095238, 7.809342230695901, 64.0,
681, 15.761668321747766, 16.270109235352532, 15.761668321747766, 7.565300285986654, 8.928610354223434, 64.0,
682, 1.0, 1.0158730158730158, 16.0, 0.9581749049429658, 0.973384030418251, 64.0,
683, 0.998019801980198, 1.0138613861386139, 15.968316831683168, 0.9581749049429658, 1.946768060836502, 64.0,
684, 2.0, 2.0317460317460316, 16.0, 1.9163498098859315, 1.946768060836502, 64.0,
685, 1.996039603960396, 2.0277227722772277, 15.968316831683168, 1.9163498098859315, 3.893536121673004, 64.0,
686, 4.0, 4.063492063492063, 16.0, 3.832699619771863, 3.893536121673004, 64.0,
687, 3.992079207920792, 4.0554455445544555, 15.968316831683168, 3.832699619771863, 7.787072243346008, 64.0,
688, 8.0, 8.126984126984127, 16.0, 7.665399239543726, 7.787072243346008, 64.0,
689, 7.984158415841584, 8.110891089108911, 15.968316831683168, 7.665399239543726, 7.801904761904762, 64.0,
690, 16.0, 16.253968253968253, 16.0, 7.68, 7.801904761904762, 64.0,
691, 15.968316831683168, 16.221782178217822, 15.968316831683168, 7.68, 7.809342230695901, 64.0,
692, 15.952522255192878, 16.205736894164193, 15.952522255192878, 7.687321258341277, 8.928610354223434, 64.0,
693, 1.0118577075098814, 1.0118577075098814, 16.1897233201581, 0.973384030418251, 0.973384030418251, 64.0,
694, 1.009861932938856, 1.009861932938856, 16.157790927021697, 0.973384030418251, 1.946768060836502, 64.0,
695, 2.0237154150197627, 2.0237154150197627, 16.1897233201581, 1.946768060836502, 1.946768060836502, 64.0,
696, 2.019723865877712, 2.019723865877712, 16.157790927021697, 1.946768060836502, 3.893536121673004, 64.0,
697, 4.047430830039525, 4.047430830039525, 16.1897233201581, 3.893536121673004, 3.893536121673004, 64.0,
698, 4.039447731755424, 4.039447731755424, 16.157790927021697, 3.893536121673004, 7.787072243346008, 64.0,
699, 8.09486166007905, 8.09486166007905, 16.1897233201581, 7.787072243346008, 7.787072243346008, 64.0,
700, 8.078895463510849, 8.078895463510849, 16.157790927021697, 7.787072243346008, 7.801904761904762, 64.0,
701, 16.1897233201581, 16.1897233201581, 16.1897233201581, 7.801904761904762, 7.801904761904762, 64.0,
702, 16.157790927021697, 16.157790927021697, 16.157790927021697, 7.801904761904762, 7.809342230695901, 64.0,
703, 16.141871921182265, 16.141871921182265, 16.141871921182265, 7.809342230695901, 8.928610354223434, 64.0,
704, 1.0236220472440944, 1.0078740157480315, 16.37795275590551, 0.9885931558935361, 0.973384030418251, 64.0,
705, 1.0216110019646365, 1.005893909626719, 16.345776031434184, 0.9885931558935361, 1.946768060836502, 64.0,
706, 2.047244094488189, 2.015748031496063, 16.37795275590551, 1.9771863117870723, 1.946768060836502, 64.0,
707, 2.043222003929273, 2.011787819253438, 16.345776031434184, 1.9771863117870723, 3.893536121673004, 64.0,
708, 4.094488188976378, 4.031496062992126, 16.37795275590551, 3.9543726235741445, 3.893536121673004, 64.0,
709, 4.086444007858546, 4.023575638506876, 16.345776031434184, 3.9543726235741445, 7.787072243346008, 64.0,
710, 8.188976377952756, 8.062992125984252, 16.37795275590551, 7.908745247148289, 7.787072243346008, 64.0,
711, 8.172888015717092, 8.047151277013752, 16.345776031434184, 7.908745247148289, 7.801904761904762, 64.0,
712, 16.37795275590551, 16.125984251968504, 16.37795275590551, 7.923809523809524, 7.801904761904762, 64.0,
713, 16.345776031434184, 16.094302554027504, 16.345776031434184, 7.923809523809524, 7.809342230695901, 64.0,
714, 16.3297350343474, 16.078508341511284, 16.3297350343474, 7.931363203050524, 8.928610354223434, 64.0,
715, 1.035294117647059, 1.003921568627451, 16.564705882352943, 1.0038022813688212, 0.973384030418251, 64.0,
716, 1.0332681017612524, 1.0019569471624266, 16.532289628180038, 1.0038022813688212, 1.946768060836502, 64.0,
717, 2.070588235294118, 2.007843137254902, 16.564705882352943, 2.0076045627376424, 1.946768060836502, 64.0,
718, 2.0665362035225048, 2.003913894324853, 16.532289628180038, 2.0076045627376424, 3.893536121673004, 64.0,
719, 4.141176470588236, 4.015686274509804, 16.564705882352943, 4.015209125475285, 3.893536121673004, 64.0,
720, 4.1330724070450096, 4.007827788649706, 16.532289628180038, 4.015209125475285, 7.787072243346008, 64.0,
721, 8.282352941176471, 8.031372549019608, 16.564705882352943, 8.03041825095057, 7.787072243346008, 64.0,
722, 8.266144814090019, 8.015655577299412, 16.532289628180038, 8.03041825095057, 7.801904761904762, 64.0,
723, 16.564705882352943, 16.062745098039215, 16.564705882352943, 8.045714285714286, 7.801904761904762, 64.0,
724, 16.532289628180038, 16.031311154598825, 16.532289628180038, 8.045714285714286, 7.809342230695901, 64.0,
725, 16.516129032258064, 16.01564027370479, 16.516129032258064, 8.053384175405148, 8.928610354223434, 64.0,
726, 1.046875, 1.0, 16.75, 1.0190114068441065, 0.973384030418251, 64.0,
727, 1.0448343079922027, 0.9980506822612085, 16.717348927875243, 1.0190114068441065, 1.946768060836502, 64.0,
728, 2.09375, 2.0, 16.75, 2.038022813688213, 1.946768060836502, 64.0,
729, 2.0896686159844053, 1.996101364522417, 16.717348927875243, 2.038022813688213, 3.893536121673004, 64.0,
730, 4.1875, 4.0, 16.75, 4.076045627376426, 3.893536121673004, 64.0,
731, 4.179337231968811, 3.992202729044834, 16.717348927875243, 4.076045627376426, 7.787072243346008, 64.0,
732, 8.375, 8.0, 16.75, 8.152091254752852, 7.787072243346008, 64.0,
733, 8.358674463937621, 7.984405458089668, 16.717348927875243, 8.152091254752852, 7.801904761904762, 64.0,
734, 16.75, 16.0, 16.75, 8.167619047619048, 7.801904761904762, 64.0,
735, 16.717348927875243, 15.968810916179336, 16.717348927875243, 8.167619047619048, 7.809342230695901, 64.0,
736, 16.701071080817915, 15.953261927945473, 16.701071080817915, 8.175405147759772, 8.928610354223434, 64.0,
737, 1.0583657587548638, 0.9961089494163424, 16.93385214007782, 1.0342205323193916, 0.973384030418251, 64.0,
738, 1.0563106796116506, 0.9941747572815534, 16.90097087378641, 1.0342205323193916, 1.946768060836502, 64.0,
739, 2.1167315175097277, 1.9922178988326849, 16.93385214007782, 2.068441064638783, 1.946768060836502, 64.0,
740, 2.112621359223301, 1.9883495145631067, 16.90097087378641, 2.068441064638783, 3.893536121673004, 64.0,
741, 4.233463035019455, 3.9844357976653697, 16.93385214007782, 4.136882129277566, 3.893536121673004, 64.0,
742, 4.225242718446602, 3.9766990291262134, 16.90097087378641, 4.136882129277566, 7.787072243346008, 64.0,
743, 8.46692607003891, 7.968871595330739, 16.93385214007782, 8.273764258555133, 7.787072243346008, 64.0,
744, 8.450485436893205, 7.953398058252427, 16.90097087378641, 8.273764258555133, 7.801904761904762, 64.0,
745, 16.93385214007782, 15.937743190661479, 16.93385214007782, 8.289523809523809, 7.801904761904762, 64.0,
746, 16.90097087378641, 15.906796116504854, 16.90097087378641, 8.289523809523809, 7.809342230695901, 64.0,
747, 16.884578079534432, 15.891367604267701, 16.884578079534432, 8.297426120114395, 8.928610354223434, 64.0,
748, 1.069767441860465, 0.9922480620155039, 17.11627906976744, 1.049429657794677, 0.973384030418251, 64.0,
749, 1.067698259187621, 0.9903288201160542, 17.083172147001935, 1.049429657794677, 1.946768060836502, 64.0,
750, 2.13953488372093, 1.9844961240310077, 17.11627906976744, 2.098859315589354, 1.946768060836502, 64.0,
751, 2.135396518375242, 1.9806576402321083, 17.083172147001935, 2.098859315589354, 3.893536121673004, 64.0,
752, 4.27906976744186, 3.9689922480620154, 17.11627906976744, 4.197718631178708, 3.893536121673004, 64.0,
753, 4.270793036750484, 3.9613152804642167, 17.083172147001935, 4.197718631178708, 7.787072243346008, 64.0,
754, 8.55813953488372, 7.937984496124031, 17.11627906976744, 8.395437262357415, 7.787072243346008, 64.0,
755, 8.541586073500968, 7.922630560928433, 17.083172147001935, 8.395437262357415, 7.801904761904762, 64.0,
756, 17.11627906976744, 15.875968992248062, 17.11627906976744, 8.411428571428571, 7.801904761904762, 64.0,
757, 17.083172147001935, 15.845261121856867, 17.083172147001935, 8.411428571428571, 7.809342230695901, 64.0,
758, 17.066666666666666, 15.829951690821256, 17.066666666666666, 8.419447092469017, 8.928610354223434, 64.0,
759, 1.0810810810810811, 0.9884169884169884, 17.2972972972973, 1.064638783269962, 0.973384030418251, 64.0,
760, 1.0789980732177264, 0.9865125240847784, 17.263969171483623, 1.064638783269962, 1.946768060836502, 64.0,
761, 2.1621621621621623, 1.9768339768339769, 17.2972972972973, 2.129277566539924, 1.946768060836502, 64.0,
762, 2.157996146435453, 1.9730250481695568, 17.263969171483623, 2.129277566539924, 3.893536121673004, 64.0,
763, 4.324324324324325, 3.9536679536679538, 17.2972972972973, 4.258555133079848, 3.893536121673004, 64.0,
764, 4.315992292870906, 3.9460500963391136, 17.263969171483623, 4.258555133079848, 7.787072243346008, 64.0,
765, 8.64864864864865, 7.9073359073359075, 17.2972972972973, 8.517110266159696, 7.787072243346008, 64.0,
766, 8.631984585741812, 7.892100192678227, 17.263969171483623, 8.517110266159696, 7.801904761904762, 64.0,
767, 17.2972972972973, 15.814671814671815, 17.2972972972973, 8.533333333333333, 7.801904761904762, 64.0,
768, 17.263969171483623, 15.784200385356455, 17.263969171483623, 8.533333333333333, 7.809342230695901, 64.0,
769, 17.24735322425409, 15.76900866217517, 17.24735322425409, 8.541468064823642, 8.928610354223434, 64.0,
770, 1.0923076923076922, 0.9846153846153847, 17.476923076923075, 1.079847908745247, 0.973384030418251, 64.0,
771, 1.09021113243762, 0.982725527831094, 17.44337811900192, 1.079847908745247, 1.946768060836502, 64.0,
772, 2.1846153846153844, 1.9692307692307693, 17.476923076923075, 2.159695817490494, 1.946768060836502, 64.0,
773, 2.18042226487524, 1.965451055662188, 17.44337811900192, 2.159695817490494, 3.893536121673004, 64.0,
774, 4.369230769230769, 3.9384615384615387, 17.476923076923075, 4.319391634980988, 3.893536121673004, 64.0,
775, 4.36084452975048, 3.930902111324376, 17.44337811900192, 4.319391634980988, 7.787072243346008, 64.0,
776, 8.738461538461538, 7.876923076923077, 17.476923076923075, 8.638783269961976, 7.787072243346008, 64.0,
777, 8.72168905950096, 7.861804222648752, 17.44337811900192, 8.638783269961976, 7.801904761904762, 64.0,
778, 17.476923076923075, 15.753846153846155, 17.476923076923075, 8.655238095238095, 7.801904761904762, 64.0,
779, 17.44337811900192, 15.723608445297504, 17.44337811900192, 8.655238095238095, 7.809342230695901, 64.0,
780, 17.426653883029722, 15.708533077660594, 17.426653883029722, 8.663489037178264, 8.928610354223434, 64.0,
781, 1.103448275862069, 0.9808429118773946, 17.655172413793103, 1.0950570342205324, 0.973384030418251, 64.0,
782, 1.101338432122371, 0.9789674952198852, 17.621414913957935, 1.0950570342205324, 1.946768060836502, 64.0,
783, 2.206896551724138, 1.9616858237547892, 17.655172413793103, 2.1901140684410647, 1.946768060836502, 64.0,
784, 2.202676864244742, 1.9579349904397705, 17.621414913957935, 2.1901140684410647, 3.893536121673004, 64.0,
785, 4.413793103448276, 3.9233716475095783, 17.655172413793103, 4.380228136882129, 3.893536121673004, 64.0,
786, 4.405353728489484, 3.915869980879541, 17.621414913957935, 4.380228136882129, 7.787072243346008, 64.0,
787, 8.827586206896552, 7.846743295019157, 17.655172413793103, 8.760456273764259, 7.787072243346008, 64.0,
788, 8.810707456978967, 7.831739961759082, 17.621414913957935, 8.760456273764259, 7.801904761904762, 64.0,
789, 17.655172413793103, 15.693486590038313, 17.655172413793103, 8.777142857142858, 7.801904761904762, 64.0,
790, 17.621414913957935, 15.663479923518164, 17.621414913957935, 8.777142857142858, 7.809342230695901, 64.0,
791, 17.60458452722063, 15.648519579751671, 17.60458452722063, 8.785510009532889, 8.928610354223434, 64.0,
792, 1.1145038167938932, 0.9770992366412213, 17.83206106870229, 1.1102661596958174, 0.973384030418251, 64.0,
793, 1.1123809523809525, 0.9752380952380952, 17.79809523809524, 1.1102661596958174, 1.946768060836502, 64.0,
794, 2.2290076335877864, 1.9541984732824427, 17.83206106870229, 2.220532319391635, 1.946768060836502, 64.0,
795, 2.224761904761905, 1.9504761904761905, 17.79809523809524, 2.220532319391635, 3.893536121673004, 64.0,
796, 4.458015267175573, 3.9083969465648853, 17.83206106870229, 4.44106463878327, 3.893536121673004, 64.0,
797, 4.44952380952381, 3.900952380952381, 17.79809523809524, 4.44106463878327, 7.787072243346008, 64.0,
798, 8.916030534351146, 7.816793893129771, 17.83206106870229, 8.88212927756654, 7.787072243346008, 64.0,
799, 8.89904761904762, 7.801904761904762, 17.79809523809524, 8.88212927756654, 7.801904761904762, 64.0,
800, 17.83206106870229, 15.633587786259541, 17.83206106870229, 8.89904761904762, 7.801904761904762, 64.0,
801, 17.79809523809524, 15.603809523809524, 17.79809523809524, 8.89904761904762, 7.809342230695901, 64.0,
802, 17.78116079923882, 15.58896289248335, 17.78116079923882, 8.907530981887511, 8.928610354223434, 64.0,
803, 1.1254752851711027, 0.973384030418251, 18.007604562737644, 1.1254752851711027, 0.973384030418251, 64.0,
804, 1.1233396584440227, 0.9715370018975332, 17.973434535104364, 1.1254752851711027, 1.946768060836502, 64.0,
805, 2.2509505703422055, 1.946768060836502, 18.007604562737644, 2.2509505703422055, 1.946768060836502, 64.0,
806, 2.2466793168880455, 1.9430740037950665, 17.973434535104364, 2.2509505703422055, 3.893536121673004, 64.0,
807, 4.501901140684411, 3.893536121673004, 18.007604562737644, 4.501901140684411, 3.893536121673004, 64.0,
808, 4.493358633776091, 3.886148007590133, 17.973434535104364, 4.501901140684411, 7.787072243346008, 64.0,
809, 9.003802281368822, 7.787072243346008, 18.007604562737644, 9.003802281368822, 7.787072243346008, 64.0,
810, 8.986717267552182, 7.772296015180266, 17.973434535104364, 9.003802281368822, 7.801904761904762, 64.0,
811, 18.007604562737644, 15.574144486692015, 18.007604562737644, 9.02095238095238, 7.801904761904762, 64.0,
812, 17.973434535104364, 15.544592030360532, 17.973434535104364, 9.02095238095238, 7.809342230695901, 64.0,
813, 17.956398104265404, 15.529857819905214, 17.956398104265404, 9.029551954242136, 8.928610354223434, 64.0,
814, 1.1363636363636365, 0.9696969696969697, 18.181818181818183, 1.1406844106463878, 0.973384030418251, 64.0,
815, 1.1342155009451795, 0.9678638941398866, 18.147448015122873, 1.1406844106463878, 1.946768060836502, 64.0,
816, 2.272727272727273, 1.9393939393939394, 18.181818181818183, 2.2813688212927756, 1.946768060836502, 64.0,
817, 2.268431001890359, 1.9357277882797732, 18.147448015122873, 2.2813688212927756, 3.893536121673004, 64.0,
818, 4.545454545454546, 3.878787878787879, 18.181818181818183, 4.562737642585551, 3.893536121673004, 64.0,
819, 4.536862003780718, 3.8714555765595464, 18.147448015122873, 4.562737642585551, 7.787072243346008, 64.0,
820, 9.090909090909092, 7.757575757575758, 18.181818181818183, 9.125475285171103, 7.787072243346008, 64.0,
821, 9.073724007561436, 7.742911153119093, 18.147448015122873, 9.125475285171103, 7.801904761904762, 64.0,
822, 18.181818181818183, 15.515151515151516, 18.181818181818183, 9.142857142857142, 7.801904761904762, 64.0,
823, 18.147448015122873, 15.485822306238186, 18.147448015122873, 9.142857142857142, 7.809342230695901, 64.0,
824, 18.13031161473088, 15.47119924457035, 18.13031161473088, 9.151572926596758, 8.928610354223434, 64.0,
825, 1.1471698113207547, 0.9660377358490566, 18.354716981132075, 1.155893536121673, 0.973384030418251, 64.0,
826, 1.1450094161958568, 0.9642184557438794, 18.32015065913371, 1.155893536121673, 1.946768060836502, 64.0,
827, 2.2943396226415094, 1.9320754716981132, 18.354716981132075, 2.311787072243346, 1.946768060836502, 64.0,
828, 2.2900188323917137, 1.9284369114877589, 18.32015065913371, 2.311787072243346, 3.893536121673004, 64.0,
829, 4.588679245283019, 3.8641509433962264, 18.354716981132075, 4.623574144486692, 3.893536121673004, 64.0,
830, 4.580037664783427, 3.8568738229755177, 18.32015065913371, 4.623574144486692, 7.787072243346008, 64.0,
831, 9.177358490566037, 7.728301886792453, 18.354716981132075, 9.247148288973383, 7.787072243346008, 64.0,
832, 9.160075329566855, 7.7137476459510355, 18.32015065913371, 9.247148288973383, 7.801904761904762, 64.0,
833, 18.354716981132075, 15.456603773584906, 18.354716981132075, 9.264761904761905, 7.801904761904762, 64.0,
834, 18.32015065913371, 15.427495291902071, 18.32015065913371, 9.264761904761905, 7.809342230695901, 64.0,
835, 18.30291627469426, 15.412982126058326, 18.30291627469426, 9.273593898951383, 8.928610354223434, 64.0,
836, 1.1578947368421053, 0.9624060150375939, 18.526315789473685, 1.1711026615969582, 0.973384030418251, 64.0,
837, 1.1557223264540337, 0.9606003752345216, 18.49155722326454, 1.1711026615969582, 1.946768060836502, 64.0,
838, 2.3157894736842106, 1.9248120300751879, 18.526315789473685, 2.3422053231939164, 1.946768060836502, 64.0,
839, 2.3114446529080674, 1.9212007504690432, 18.49155722326454, 2.3422053231939164, 3.893536121673004, 64.0,
840, 4.631578947368421, 3.8496240601503757, 18.526315789473685, 4.684410646387833, 3.893536121673004, 64.0,
841, 4.622889305816135, 3.8424015009380863, 18.49155722326454, 4.684410646387833, 7.787072243346008, 64.0,
842, 9.263157894736842, 7.6992481203007515, 18.526315789473685, 9.368821292775666, 7.787072243346008, 64.0,
843, 9.24577861163227, 7.684803001876173, 18.49155722326454, 9.368821292775666, 7.801904761904762, 64.0,
844, 18.526315789473685, 15.398496240601503, 18.526315789473685, 9.386666666666667, 7.801904761904762, 64.0,
845, 18.49155722326454, 15.369606003752345, 18.49155722326454, 9.386666666666667, 7.809342230695901, 64.0,
846, 18.47422680412371, 15.355201499531397, 18.47422680412371, 9.395614871306005, 8.928610354223434, 64.0,
847, 1.1685393258426966, 0.9588014981273408, 18.696629213483146, 1.1863117870722433, 0.973384030418251, 64.0,
848, 1.1663551401869159, 0.9570093457943926, 18.661682242990654, 1.1863117870722433, 1.946768060836502, 64.0,
849, 2.337078651685393, 1.9176029962546817, 18.696629213483146, 2.3726235741444865, 1.946768060836502, 64.0,
850, 2.3327102803738318, 1.9140186915887851, 18.661682242990654, 2.3726235741444865, 3.893536121673004, 64.0,
851, 4.674157303370786, 3.8352059925093633, 18.696629213483146, 4.745247148288973, 3.893536121673004, 64.0,
852, 4.6654205607476635, 3.8280373831775703, 18.661682242990654, 4.745247148288973, 7.787072243346008, 64.0,
853, 9.348314606741573, 7.670411985018727, 18.696629213483146, 9.490494296577946, 7.787072243346008, 64.0,
854, 9.330841121495327, 7.6560747663551405, 18.661682242990654, 9.490494296577946, 7.801904761904762, 64.0,
855, 18.696629213483146, 15.340823970037453, 18.696629213483146, 9.508571428571429, 7.801904761904762, 64.0,
856, 18.661682242990654, 15.312149532710281, 18.661682242990654, 9.508571428571429, 7.809342230695901, 64.0,
857, 18.644257703081234, 15.297852474323063, 18.644257703081234, 9.51763584366063, 8.928610354223434, 64.0,
858, 1.1791044776119404, 0.9552238805970149, 18.865671641791046, 1.2015209125475286, 0.973384030418251, 64.0,
859, 1.1769087523277468, 0.9534450651769087, 18.83054003724395, 1.2015209125475286, 1.946768060836502, 64.0,
860, 2.3582089552238807, 1.9104477611940298, 18.865671641791046, 2.403041825095057, 1.946768060836502, 64.0,
861, 2.3538175046554937, 1.9068901303538175, 18.83054003724395, 2.403041825095057, 3.893536121673004, 64.0,
862, 4.7164179104477615, 3.8208955223880596, 18.865671641791046, 4.806083650190114, 3.893536121673004, 64.0,
863, 4.707635009310987, 3.813780260707635, 18.83054003724395, 4.806083650190114, 7.787072243346008, 64.0,
864, 9.432835820895523, 7.641791044776119, 18.865671641791046, 9.612167300380229, 7.787072243346008, 64.0,
865, 9.415270018621975, 7.62756052141527, 18.83054003724395, 9.612167300380229, 7.801904761904762, 64.0,
866, 18.865671641791046, 15.283582089552239, 18.865671641791046, 9.630476190476191, 7.801904761904762, 64.0,
867, 18.83054003724395, 15.25512104283054, 18.83054003724395, 9.630476190476191, 7.809342230695901, 64.0,
868, 18.813023255813953, 15.24093023255814, 18.813023255813953, 9.639656816015252, 8.928610354223434, 64.0,
869, 1.1895910780669146, 0.9516728624535316, 19.033457249070633, 1.2167300380228137, 0.973384030418251, 64.0,
870, 1.1873840445269017, 0.9499072356215214, 18.998144712430427, 1.2167300380228137, 1.946768060836502, 64.0,
871, 2.379182156133829, 1.903345724907063, 19.033457249070633, 2.4334600760456273, 1.946768060836502, 64.0,
872, 2.3747680890538034, 1.8998144712430427, 18.998144712430427, 2.4334600760456273, 3.893536121673004, 64.0,
873, 4.758364312267658, 3.806691449814126, 19.033457249070633, 4.866920152091255, 3.893536121673004, 64.0,
874, 4.749536178107607, 3.7996289424860854, 18.998144712430427, 4.866920152091255, 7.787072243346008, 64.0,
875, 9.516728624535316, 7.613382899628252, 19.033457249070633, 9.73384030418251, 7.787072243346008, 64.0,
876, 9.499072356215214, 7.599257884972171, 18.998144712430427, 9.73384030418251, 7.801904761904762, 64.0,
877, 19.033457249070633, 15.226765799256505, 19.033457249070633, 9.752380952380953, 7.801904761904762, 64.0,
878, 18.998144712430427, 15.198515769944342, 18.998144712430427, 9.752380952380953, 7.809342230695901, 64.0,
879, 18.9805375347544, 15.184430027803522, 18.9805375347544, 9.761677788369877, 8.928610354223434, 64.0,
880, 1.2, 0.9481481481481482, 19.2, 1.231939163498099, 0.973384030418251, 64.0,
881, 1.1977818853974123, 0.9463955637707948, 19.164510166358596, 1.231939163498099, 1.946768060836502, 64.0,
882, 2.4, 1.8962962962962964, 19.2, 2.463878326996198, 1.946768060836502, 64.0,
883, 2.3955637707948245, 1.8927911275415896, 19.164510166358596, 2.463878326996198, 3.893536121673004, 64.0,
884, 4.8, 3.7925925925925927, 19.2, 4.927756653992396, 3.893536121673004, 64.0,
885, 4.791127541589649, 3.7855822550831792, 19.164510166358596, 4.927756653992396, 7.787072243346008, 64.0,
886, 9.6, 7.5851851851851855, 19.2, 9.855513307984792, 7.787072243346008, 64.0,
887, 9.582255083179298, 7.5711645101663585, 19.164510166358596, 9.855513307984792, 7.801904761904762, 64.0,
888, 19.2, 15.170370370370371, 19.2, 9.874285714285714, 7.801904761904762, 64.0,
889, 19.164510166358596, 15.142329020332717, 19.164510166358596, 9.874285714285714, 7.809342230695901, 64.0,
890, 19.14681440443213, 15.128347183748845, 19.14681440443213, 9.8836987607245, 8.928610354223434, 64.0,
891, 1.2103321033210332, 0.9446494464944649, 19.365313653136532, 1.247148288973384, 0.973384030418251, 64.0,
892, 1.2081031307550645, 0.9429097605893186, 19.32965009208103, 1.247148288973384, 1.946768060836502, 64.0,
893, 2.4206642066420665, 1.8892988929889298, 19.365313653136532, 2.494296577946768, 1.946768060836502, 64.0,
894, 2.416206261510129, 1.8858195211786373, 19.32965009208103, 2.494296577946768, 3.893536121673004, 64.0,
895, 4.841328413284133, 3.7785977859778597, 19.365313653136532, 4.988593155893536, 3.893536121673004, 64.0,
896, 4.832412523020258, 3.7716390423572745, 19.32965009208103, 4.988593155893536, 7.787072243346008, 64.0,
897, 9.682656826568266, 7.557195571955719, 19.365313653136532, 4.998095238095238, 7.787072243346008, 64.0,
898, 9.664825046040516, 7.543278084714549, 19.32965009208103, 4.998095238095238, 7.801904761904762, 64.0,
899, 19.365313653136532, 15.114391143911439, 19.365313653136532, 6.668360864040661, 7.801904761904762, 64.0,
900, 19.32965009208103, 15.086556169429098, 19.32965009208103, 6.668360864040661, 7.809342230695901, 64.0,
901, 19.31186752529899, 15.072677092916283, 19.31186752529899, 8.00610221205187, 8.928610354223434, 64.0,
902, 1.2205882352941178, 0.9411764705882353, 19.529411764705884, 1.2623574144486691, 0.973384030418251, 64.0,
903, 1.218348623853211, 0.9394495412844037, 19.493577981651377, 1.2623574144486691, 1.946768060836502, 64.0,
904, 2.4411764705882355, 1.8823529411764706, 19.529411764705884, 2.5247148288973382, 1.946768060836502, 64.0,
905, 2.436697247706422, 1.8788990825688074, 19.493577981651377, 2.5247148288973382, 3.893536121673004, 64.0,
906, 4.882352941176471, 3.764705882352941, 19.529411764705884, 5.0494296577946765, 3.893536121673004, 64.0,
907, 4.873394495412844, 3.757798165137615, 19.493577981651377, 5.0494296577946765, 7.787072243346008, 64.0,
908, 9.764705882352942, 7.529411764705882, 19.529411764705884, 5.059047619047619, 7.787072243346008, 64.0,
909, 9.746788990825689, 7.51559633027523, 19.493577981651377, 5.059047619047619, 7.801904761904762, 64.0,
910, 19.529411764705884, 15.058823529411764, 19.529411764705884, 6.749682337992376, 7.801904761904762, 64.0,
911, 19.493577981651377, 15.03119266055046, 19.493577981651377, 6.749682337992376, 7.809342230695901, 64.0,
912, 19.47571035747021, 15.017415215398717, 19.47571035747021, 8.10373760488177, 8.928610354223434, 64.0,
913, 1.2307692307692308, 0.9377289377289377, 19.692307692307693, 1.2775665399239544, 0.973384030418251, 64.0,
914, 1.2285191956124315, 0.9360146252285192, 19.656307129798904, 1.2775665399239544, 1.946768060836502, 64.0,
915, 2.4615384615384617, 1.8754578754578755, 19.692307692307693, 2.555133079847909, 1.946768060836502, 64.0,
916, 2.457038391224863, 1.8720292504570384, 19.656307129798904, 2.555133079847909, 3.893536121673004, 64.0,
917, 4.923076923076923, 3.750915750915751, 19.692307692307693, 5.110266159695818, 3.893536121673004, 64.0,
918, 4.914076782449726, 3.7440585009140768, 19.656307129798904, 5.110266159695818, 7.787072243346008, 64.0,
919, 9.846153846153847, 7.501831501831502, 19.692307692307693, 5.12, 7.787072243346008, 64.0,
920, 9.828153564899452, 7.4881170018281535, 19.656307129798904, 5.12, 7.801904761904762, 64.0,
921, 19.692307692307693, 15.003663003663004, 19.692307692307693, 6.8310038119440915, 7.801904761904762, 64.0,
922, 19.656307129798904, 14.976234003656307, 19.656307129798904, 6.8310038119440915, 7.809342230695901, 64.0,
923, 19.638356164383563, 14.96255707762557, 19.638356164383563, 8.20137299771167, 8.928610354223434, 64.0,
924, 1.2408759124087592, 0.9343065693430657, 19.854014598540147, 1.2927756653992395, 0.973384030418251, 64.0,
925, 1.238615664845173, 0.9326047358834244, 19.817850637522767, 1.2927756653992395, 1.946768060836502, 64.0,
926, 2.4817518248175183, 1.8686131386861313, 19.854014598540147, 2.585551330798479, 1.946768060836502, 64.0,
927, 2.477231329690346, 1.8652094717668488, 19.817850637522767, 2.585551330798479, 3.893536121673004, 64.0,
928, 4.963503649635037, 3.7372262773722627, 19.854014598540147, 5.171102661596958, 3.893536121673004, 64.0,
929, 4.954462659380692, 3.7304189435336976, 19.817850637522767, 5.171102661596958, 7.787072243346008, 64.0,
930, 9.927007299270073, 7.474452554744525, 19.854014598540147, 5.180952380952381, 7.787072243346008, 64.0,
931, 9.908925318761383, 7.460837887067395, 19.817850637522767, 5.180952380952381, 7.801904761904762, 64.0,
932, 19.854014598540147, 14.94890510948905, 19.854014598540147, 6.912325285895807, 7.801904761904762, 64.0,
933, 19.817850637522767, 14.92167577413479, 19.817850637522767, 6.912325285895807, 7.809342230695901, 64.0,
934, 19.799818016378527, 14.908098271155596, 19.799818016378527, 8.299008390541571, 8.928610354223434, 64.0,
935, 1.250909090909091, 0.9309090909090909, 20.014545454545456, 1.3079847908745248, 0.973384030418251, 64.0,
936, 1.2486388384754992, 0.9292196007259528, 19.978221415607987, 1.3079847908745248, 1.946768060836502, 64.0,
937, 2.501818181818182, 1.8618181818181818, 20.014545454545456, 2.6159695817490496, 1.946768060836502, 64.0,
938, 2.4972776769509983, 1.8584392014519056, 19.978221415607987, 2.6159695817490496, 3.893536121673004, 64.0,
939, 5.003636363636364, 3.7236363636363636, 20.014545454545456, 5.231939163498099, 3.893536121673004, 64.0,
940, 4.994555353901997, 3.716878402903811, 19.978221415607987, 5.231939163498099, 7.787072243346008, 64.0,
941, 10.007272727272728, 7.447272727272727, 20.014545454545456, 5.241904761904762, 7.787072243346008, 64.0,
942, 9.989110707803993, 7.433756805807622, 19.978221415607987, 5.241904761904762, 7.801904761904762, 64.0,
943, 20.014545454545456, 14.894545454545455, 20.014545454545456, 6.993646759847522, 7.801904761904762, 64.0,
944, 19.978221415607987, 14.867513611615244, 19.978221415607987, 6.993646759847522, 7.809342230695901, 64.0,
945, 19.960108794197644, 14.85403445149592, 19.960108794197644, 8.396643783371472, 8.928610354223434, 64.0,
946, 1.2608695652173914, 0.927536231884058, 20.17391304347826, 1.3231939163498099, 0.973384030418251, 64.0,
947, 1.2585895117540686, 0.9258589511754068, 20.137432188065098, 1.3231939163498099, 1.946768060836502, 64.0,
948, 2.5217391304347827, 1.855072463768116, 20.17391304347826, 2.6463878326996197, 1.946768060836502, 64.0,
949, 2.5171790235081373, 1.8517179023508137, 20.137432188065098, 2.6463878326996197, 3.893536121673004, 64.0,
950, 5.043478260869565, 3.710144927536232, 20.17391304347826, 5.2927756653992395, 3.893536121673004, 64.0,
951, 5.0343580470162745, 3.7034358047016274, 20.137432188065098, 5.2927756653992395, 7.787072243346008, 64.0,
952, 10.08695652173913, 7.420289855072464, 20.17391304347826, 5.3028571428571425, 7.787072243346008, 64.0,
953, 10.068716094032549, 7.406871609403255, 20.137432188065098, 5.3028571428571425, 7.801904761904762, 64.0,
954, 20.17391304347826, 14.840579710144928, 20.17391304347826, 7.074968233799238, 7.801904761904762, 64.0,
955, 20.137432188065098, 14.81374321880651, 20.137432188065098, 7.074968233799238, 7.809342230695901, 64.0,
956, 20.119241192411923, 14.800361336946702, 20.119241192411923, 8.494279176201372, 8.928610354223434, 64.0,
957, 1.2707581227436824, 0.924187725631769, 20.332129963898918, 1.338403041825095, 0.973384030418251, 64.0,
958, 1.2684684684684684, 0.9225225225225225, 20.295495495495494, 1.338403041825095, 1.946768060836502, 64.0,
959, 2.5415162454873648, 1.848375451263538, 20.332129963898918, 2.67680608365019, 1.946768060836502, 64.0,
960, 2.536936936936937, 1.845045045045045, 20.295495495495494, 2.67680608365019, 3.893536121673004, 64.0,
961, 5.0830324909747295, 3.696750902527076, 20.332129963898918, 5.35361216730038, 3.893536121673004, 64.0,
962, 5.073873873873874, 3.69009009009009, 20.295495495495494, 5.35361216730038, 7.787072243346008, 64.0,
963, 10.166064981949459, 7.393501805054152, 20.332129963898918, 5.363809523809524, 7.787072243346008, 64.0,
964, 10.147747747747747, 7.38018018018018, 20.295495495495494, 5.363809523809524, 7.801904761904762, 64.0,
965, 20.332129963898918, 14.787003610108304, 20.332129963898918, 7.156289707750953, 7.801904761904762, 64.0,
966, 20.295495495495494, 14.76036036036036, 20.295495495495494, 7.156289707750953, 7.809342230695901, 64.0,
967, 20.277227722772277, 14.747074707470746, 20.277227722772277, 8.591914569031275, 8.928610354223434, 64.0,
968, 1.2805755395683454, 0.920863309352518, 20.489208633093526, 1.3536121673003803, 0.973384030418251, 64.0,
969, 1.2782764811490126, 0.9192100538599641, 20.4524236983842, 1.3536121673003803, 1.946768060836502, 64.0,
970, 2.5611510791366907, 1.841726618705036, 20.489208633093526, 2.7072243346007605, 1.946768060836502, 64.0,
971, 2.556552962298025, 1.8384201077199283, 20.4524236983842, 2.7072243346007605, 3.893536121673004, 64.0,
972, 5.122302158273381, 3.683453237410072, 20.489208633093526, 5.414448669201521, 3.893536121673004, 64.0,
973, 5.11310592459605, 3.6768402154398565, 20.4524236983842, 5.414448669201521, 7.787072243346008, 64.0,
974, 10.244604316546763, 7.366906474820144, 20.489208633093526, 5.424761904761905, 7.787072243346008, 64.0,
975, 10.2262118491921, 7.353680430879713, 20.4524236983842, 5.424761904761905, 7.801904761904762, 64.0,
976, 20.489208633093526, 14.733812949640289, 20.489208633093526, 7.237611181702668, 7.801904761904762, 64.0,
977, 20.4524236983842, 14.707360861759426, 20.4524236983842, 7.237611181702668, 7.809342230695901, 64.0,
978, 20.43408071748879, 14.694170403587444, 20.43408071748879, 8.689549961861175, 8.928610354223434, 64.0,
979, 1.2903225806451613, 0.9175627240143369, 20.64516129032258, 1.3688212927756653, 0.973384030418251, 64.0,
980, 1.2880143112701252, 0.9159212880143113, 20.608228980322004, 1.3688212927756653, 1.946768060836502, 64.0,
981, 2.5806451612903225, 1.8351254480286738, 20.64516129032258, 2.7376425855513307, 1.946768060836502, 64.0,
982, 2.5760286225402504, 1.8318425760286225, 20.608228980322004, 2.7376425855513307, 3.893536121673004, 64.0,
983, 5.161290322580645, 3.6702508960573477, 20.64516129032258, 5.475285171102661, 3.893536121673004, 64.0,
984, 5.152057245080501, 3.663685152057245, 20.608228980322004, 5.475285171102661, 7.787072243346008, 64.0,
985, 10.32258064516129, 7.340501792114695, 20.64516129032258, 5.485714285714286, 7.787072243346008, 64.0,
986, 10.304114490161002, 7.32737030411449, 20.608228980322004, 5.485714285714286, 7.801904761904762, 64.0,
987, 20.64516129032258, 14.68100358422939, 20.64516129032258, 7.3189326556543834, 7.801904761904762, 64.0,
988, 20.608228980322004, 14.65474060822898, 20.608228980322004, 7.3189326556543834, 7.809342230695901, 64.0,
989, 20.589812332439678, 14.641644325290438, 20.589812332439678, 8.787185354691076, 8.928610354223434, 64.0,
990, 1.3, 0.9142857142857143, 20.8, 1.3840304182509506, 0.973384030418251, 64.0,
991, 1.2976827094474153, 0.9126559714795008, 20.762923351158644, 1.3840304182509506, 1.946768060836502, 64.0,
992, 2.6, 1.8285714285714285, 20.8, 2.7680608365019013, 1.946768060836502, 64.0,
993, 2.5953654188948305, 1.8253119429590017, 20.762923351158644, 2.7680608365019013, 3.893536121673004, 64.0,
994, 5.2, 3.657142857142857, 20.8, 5.5361216730038025, 3.893536121673004, 64.0,
995, 5.190730837789661, 3.6506238859180034, 20.762923351158644, 5.5361216730038025, 7.787072243346008, 64.0,
996, 10.4, 7.314285714285714, 20.8, 5.546666666666667, 7.787072243346008, 64.0,
997, 10.381461675579322, 7.301247771836007, 20.762923351158644, 5.546666666666667, 7.801904761904762, 64.0,
998, 20.8, 14.628571428571428, 20.8, 7.4002541296060995, 7.801904761904762, 64.0,
999, 20.762923351158644, 14.602495543672013, 20.762923351158644, 7.4002541296060995, 7.809342230695901, 64.0,
1000, 20.744434550311666, 14.589492430988424, 20.744434550311666, 8.884820747520976, 8.928610354223434, 64.0,
1001, 1.309608540925267, 0.9110320284697508, 20.95373665480427, 1.3992395437262357, 0.973384030418251, 64.0,
1002, 1.3072824156305507, 0.9094138543516874, 20.91651865008881, 1.3992395437262357, 1.946768060836502, 64.0,
1003, 2.619217081850534, 1.8220640569395017, 20.95373665480427, 2.7984790874524714, 1.946768060836502, 64.0,
1004, 2.6145648312611014, 1.8188277087033748, 20.91651865008881, 2.7984790874524714, 3.893536121673004, 64.0,
1005, 5.238434163701068, 3.6441281138790034, 20.95373665480427, 5.596958174904943, 3.893536121673004, 64.0,
1006, 5.229129662522203, 3.6376554174067497, 20.91651865008881, 5.596958174904943, 7.787072243346008, 64.0,
1007, 10.476868327402135, 7.288256227758007, 20.95373665480427, 5.607619047619048, 7.787072243346008, 64.0,
1008, 10.458259325044406, 7.275310834813499, 20.91651865008881, 5.607619047619048, 7.801904761904762, 64.0,
1009, 20.95373665480427, 14.576512455516013, 20.95373665480427, 7.481575603557815, 7.801904761904762, 64.0,
1010, 20.91651865008881, 14.550621669626999, 20.91651865008881, 7.481575603557815, 7.809342230695901, 64.0,
1011, 20.897959183673468, 14.537710736468501, 20.897959183673468, 8.982456140350877, 8.928610354223434, 64.0,
1012, 1.3191489361702127, 0.9078014184397163, 21.106382978723403, 1.414448669201521, 0.973384030418251, 64.0,
1013, 1.3168141592920355, 0.9061946902654867, 21.069026548672568, 1.414448669201521, 1.946768060836502, 64.0,
1014, 2.6382978723404253, 1.8156028368794326, 21.106382978723403, 2.828897338403042, 1.946768060836502, 64.0,
1015, 2.633628318584071, 1.8123893805309734, 21.069026548672568, 2.828897338403042, 3.893536121673004, 64.0,
1016, 5.276595744680851, 3.631205673758865, 21.106382978723403, 5.657794676806084, 3.893536121673004, 64.0,
1017, 5.267256637168142, 3.624778761061947, 21.069026548672568, 5.657794676806084, 7.787072243346008, 64.0,
1018, 10.553191489361701, 7.26241134751773, 21.106382978723403, 5.668571428571428, 7.787072243346008, 64.0,
1019, 10.534513274336284, 7.249557522123894, 21.069026548672568, 5.668571428571428, 7.801904761904762, 64.0,
1020, 21.106382978723403, 14.52482269503546, 21.106382978723403, 7.56289707750953, 7.801904761904762, 64.0,
1021, 21.069026548672568, 14.499115044247787, 21.069026548672568, 7.56289707750953, 7.809342230695901, 64.0,
1022, 21.050397877984086, 14.48629531388152, 21.050397877984086, 9.080091533180777, 8.928610354223434, 64.0,
1023, 1.3286219081272084, 0.9045936395759717, 21.257950530035334, 1.429657794676806, 0.973384030418251, 64.0,
1024, 1.3262786596119929, 0.9029982363315696, 21.220458553791886, 1.429657794676806, 1.946768060836502, 64.0,
1025, 2.6572438162544167, 1.8091872791519434, 21.257950530035334, 2.859315589353612, 1.946768060836502, 64.0,
1026, 2.6525573192239857, 1.8059964726631392, 21.220458553791886, 2.859315589353612, 3.893536121673004, 64.0,
1027, 5.3144876325088335, 3.618374558303887, 21.257950530035334, 5.718631178707224, 3.893536121673004, 64.0,
1028, 5.3051146384479715, 3.6119929453262785, 21.220458553791886, 5.718631178707224, 7.787072243346008, 64.0,
1029, 10.628975265017667, 7.236749116607774, 21.257950530035334, 5.729523809523809, 7.787072243346008, 64.0,
1030, 10.610229276895943, 7.223985890652557, 21.220458553791886, 5.729523809523809, 7.801904761904762, 64.0,
1031, 21.257950530035334, 14.473498233215548, 21.257950530035334, 7.644218551461245, 7.801904761904762, 64.0,
1032, 21.220458553791886, 14.447971781305114, 21.220458553791886, 7.644218551461245, 7.809342230695901, 64.0,
1033, 21.201762114537445, 14.4352422907489, 21.201762114537445, 9.17772692601068, 8.928610354223434, 64.0,
1034, 1.3380281690140845, 0.9014084507042254, 21.408450704225352, 1.4448669201520912, 0.973384030418251, 64.0,
1035, 1.3356766256590509, 0.8998242530755711, 21.370826010544814, 1.4448669201520912, 1.946768060836502, 64.0,
1036, 2.676056338028169, 1.8028169014084507, 21.408450704225352, 2.8897338403041823, 1.946768060836502, 64.0,
1037, 2.6713532513181018, 1.7996485061511422, 21.370826010544814, 2.8897338403041823, 3.893536121673004, 64.0,
1038, 5.352112676056338, 3.6056338028169015, 21.408450704225352, 5.779467680608365, 3.893536121673004, 64.0,
1039, 5.3427065026362035, 3.5992970123022845, 21.370826010544814, 5.779467680608365, 7.787072243346008, 64.0,
1040, 10.704225352112676, 7.211267605633803, 21.408450704225352, 5.79047619047619, 7.787072243346008, 64.0,
1041, 10.685413005272407, 7.198594024604569, 21.370826010544814, 5.79047619047619, 7.801904761904762, 64.0,
1042, 21.408450704225352, 14.422535211267606, 21.408450704225352, 7.72554002541296, 7.801904761904762, 64.0,
1043, 21.370826010544814, 14.397188049209138, 21.370826010544814, 7.72554002541296, 7.809342230695901, 64.0,
1044, 21.35206321334504, 14.384547848990342, 21.35206321334504, 9.27536231884058, 8.928610354223434, 64.0,
1045, 1.3473684210526315, 0.8982456140350877, 21.557894736842105, 1.4600760456273765, 0.973384030418251, 64.0,
1046, 1.3450087565674256, 0.8966725043782837, 21.52014010507881, 1.4600760456273765, 1.946768060836502, 64.0,
1047, 2.694736842105263, 1.7964912280701755, 21.557894736842105, 2.920152091254753, 1.946768060836502, 64.0,
1048, 2.690017513134851, 1.7933450087565674, 21.52014010507881, 2.920152091254753, 3.893536121673004, 64.0,
1049, 5.389473684210526, 3.592982456140351, 21.557894736842105, 5.840304182509506, 3.893536121673004, 64.0,
1050, 5.380035026269702, 3.586690017513135, 21.52014010507881, 5.840304182509506, 7.787072243346008, 64.0,
1051, 10.778947368421052, 7.185964912280702, 21.557894736842105, 5.851428571428571, 7.787072243346008, 64.0,
1052, 10.760070052539405, 7.17338003502627, 21.52014010507881, 5.851428571428571, 7.801904761904762, 64.0,
1053, 21.557894736842105, 14.371929824561404, 21.557894736842105, 7.806861499364676, 7.801904761904762, 64.0,
1054, 21.52014010507881, 14.34676007005254, 21.52014010507881, 7.806861499364676, 7.809342230695901, 64.0,
1055, 21.501312335958005, 14.334208223972004, 21.501312335958005, 9.37299771167048, 8.928610354223434, 64.0,
1056, 1.3566433566433567, 0.8951048951048951, 21.706293706293707, 1.4752851711026616, 0.973384030418251, 64.0,
1057, 1.3542757417102966, 0.893542757417103, 21.668411867364746, 1.4752851711026616, 1.946768060836502, 64.0,
1058, 2.7132867132867133, 1.7902097902097902, 21.706293706293707, 2.950570342205323, 1.946768060836502, 64.0,
1059, 2.7085514834205933, 1.787085514834206, 21.668411867364746, 2.950570342205323, 3.893536121673004, 64.0,
1060, 5.426573426573427, 3.5804195804195804, 21.706293706293707, 5.901140684410646, 3.893536121673004, 64.0,
1061, 5.4171029668411865, 3.574171029668412, 21.668411867364746, 5.901140684410646, 7.787072243346008, 64.0,
1062, 10.853146853146853, 7.160839160839161, 21.706293706293707, 5.9123809523809525, 7.787072243346008, 64.0,
1063, 10.834205933682373, 7.148342059336824, 21.668411867364746, 5.9123809523809525, 7.801904761904762, 64.0,
1064, 21.706293706293707, 14.321678321678322, 21.706293706293707, 7.8881829733163915, 7.801904761904762, 64.0,
1065, 21.668411867364746, 14.296684118673648, 21.668411867364746, 7.8881829733163915, 7.809342230695901, 64.0,
1066, 21.649520488230166, 14.284219703574543, 21.649520488230166, 9.470633104500381, 8.928610354223434, 64.0,
1067, 1.3658536585365855, 0.89198606271777, 21.853658536585368, 1.4904942965779469, 0.973384030418251, 64.0,
1068, 1.3634782608695653, 0.8904347826086957, 21.815652173913044, 1.4904942965779469, 1.946768060836502, 64.0,
1069, 2.731707317073171, 1.78397212543554, 21.853658536585368, 2.9809885931558937, 1.946768060836502, 64.0,
1070, 2.7269565217391305, 1.7808695652173914, 21.815652173913044, 2.9809885931558937, 3.893536121673004, 64.0,
1071, 5.463414634146342, 3.56794425087108, 21.853658536585368, 5.961977186311787, 3.893536121673004, 64.0,
1072, 5.453913043478261, 3.5617391304347827, 21.815652173913044, 5.961977186311787, 7.787072243346008, 64.0,
1073, 10.926829268292684, 7.13588850174216, 21.853658536585368, 5.973333333333334, 7.787072243346008, 64.0,
1074, 10.907826086956522, 7.1234782608695655, 21.815652173913044, 5.973333333333334, 7.801904761904762, 64.0,
1075, 21.853658536585368, 14.27177700348432, 21.853658536585368, 7.969504447268107, 7.801904761904762, 64.0,
1076, 21.815652173913044, 14.246956521739131, 21.815652173913044, 7.969504447268107, 7.809342230695901, 64.0,
1077, 21.79669852302346, 14.234578627280625, 21.79669852302346, 9.568268497330282, 8.928610354223434, 64.0,
1078, 1.375, 0.8888888888888888, 22.0, 1.505703422053232, 0.973384030418251, 64.0,
1079, 1.3726169844020797, 0.8873483535528596, 21.961871750433275, 1.505703422053232, 1.946768060836502, 64.0,
1080, 2.75, 1.7777777777777777, 22.0, 3.011406844106464, 1.946768060836502, 64.0,
1081, 2.7452339688041594, 1.7746967071057191, 21.961871750433275, 3.011406844106464, 3.893536121673004, 64.0,
1082, 5.5, 3.5555555555555554, 22.0, 6.022813688212928, 3.893536121673004, 64.0,
1083, 5.490467937608319, 3.5493934142114383, 21.961871750433275, 6.022813688212928, 7.787072243346008, 64.0,
1084, 11.0, 7.111111111111111, 22.0, 6.034285714285715, 7.787072243346008, 64.0,
1085, 10.980935875216637, 7.098786828422877, 21.961871750433275, 6.034285714285715, 7.801904761904762, 64.0,
1086, 22.0, 14.222222222222221, 22.0, 8.050825921219822, 7.801904761904762, 64.0,
1087, 21.961871750433275, 14.197573656845753, 21.961871750433275, 8.050825921219822, 7.809342230695901, 64.0,
1088, 21.942857142857143, 14.185281385281385, 21.942857142857143, 9.665903890160184, 8.928610354223434, 64.0,
1089, 1.3840830449826989, 0.8858131487889274, 22.14532871972318, 1.520912547528517, 0.973384030418251, 64.0,
1090, 1.381692573402418, 0.8842832469775475, 22.107081174438687, 1.520912547528517, 1.946768060836502, 64.0,
1091, 2.7681660899653977, 1.7716262975778547, 22.14532871972318, 3.041825095057034, 1.946768060836502, 64.0,
1092, 2.763385146804836, 1.768566493955095, 22.107081174438687, 3.041825095057034, 3.893536121673004, 64.0,
1093, 5.536332179930795, 3.5432525951557095, 22.14532871972318, 6.083650190114068, 3.893536121673004, 64.0,
1094, 5.526770293609672, 3.53713298791019, 22.107081174438687, 6.083650190114068, 7.787072243346008, 64.0,
1095, 11.07266435986159, 7.086505190311419, 22.14532871972318, 6.095238095238095, 7.787072243346008, 64.0,
1096, 11.053540587219343, 7.07426597582038, 22.107081174438687, 6.095238095238095, 7.801904761904762, 64.0,
1097, 22.14532871972318, 14.173010380622838, 22.14532871972318, 8.132147395171538, 7.801904761904762, 64.0,
1098, 22.107081174438687, 14.14853195164076, 22.107081174438687, 8.132147395171538, 7.809342230695901, 64.0,
1099, 22.08800690250216, 14.136324417601381, 22.08800690250216, 9.763539282990084, 8.928610354223434, 64.0,
1100, 1.393103448275862, 0.8827586206896552, 22.28965517241379, 1.5361216730038023, 0.973384030418251, 64.0,
1101, 1.3907056798623063, 0.8812392426850258, 22.2512908777969, 1.5361216730038023, 1.946768060836502, 64.0,
1102, 2.786206896551724, 1.7655172413793103, 22.28965517241379, 3.0722433460076046, 1.946768060836502, 64.0,
1103, 2.7814113597246126, 1.7624784853700517, 22.2512908777969, 3.0722433460076046, 3.893536121673004, 64.0,
1104, 5.572413793103448, 3.5310344827586206, 22.28965517241379, 6.144486692015209, 3.893536121673004, 64.0,
1105, 5.562822719449225, 3.5249569707401034, 22.2512908777969, 6.144486692015209, 7.787072243346008, 64.0,
1106, 11.144827586206896, 7.062068965517241, 22.28965517241379, 6.156190476190476, 7.787072243346008, 64.0,
1107, 11.12564543889845, 7.049913941480207, 22.2512908777969, 6.156190476190476, 7.801904761904762, 64.0,
1108, 22.28965517241379, 14.124137931034483, 22.28965517241379, 8.213468869123252, 7.801904761904762, 64.0,
1109, 22.2512908777969, 14.099827882960414, 22.2512908777969, 8.213468869123252, 7.809342230695901, 64.0,
1110, 22.232158211521927, 14.087704213241617, 22.232158211521927, 9.861174675819985, 8.928610354223434, 64.0,
1111, 1.402061855670103, 0.8797250859106529, 22.432989690721648, 1.5513307984790874, 0.973384030418251, 64.0,
1112, 1.3996569468267581, 0.8782161234991424, 22.39451114922813, 1.5513307984790874, 1.946768060836502, 64.0,
1113, 2.804123711340206, 1.7594501718213058, 22.432989690721648, 3.102661596958175, 1.946768060836502, 64.0,
1114, 2.7993138936535162, 1.7564322469982847, 22.39451114922813, 3.102661596958175, 3.893536121673004, 64.0,
1115, 5.608247422680412, 3.5189003436426116, 22.432989690721648, 6.20532319391635, 3.893536121673004, 64.0,
1116, 5.5986277873070325, 3.5128644939965694, 22.39451114922813, 6.20532319391635, 7.787072243346008, 64.0,
1117, 11.216494845360824, 7.037800687285223, 22.432989690721648, 6.217142857142857, 7.787072243346008, 64.0,
1118, 11.197255574614065, 7.025728987993139, 22.39451114922813, 6.217142857142857, 7.801904761904762, 64.0,
1119, 22.432989690721648, 14.075601374570446, 22.432989690721648, 8.294790343074968, 7.801904761904762, 64.0,
1120, 22.39451114922813, 14.051457975986278, 22.39451114922813, 8.294790343074968, 7.809342230695901, 64.0,
1121, 22.375321336760926, 14.03941730934019, 22.375321336760926, 9.958810068649885, 8.928610354223434, 64.0,
1122, 1.4109589041095891, 0.8767123287671232, 22.575342465753426, 1.5665399239543727, 0.973384030418251, 64.0,
1123, 1.4085470085470086, 0.8752136752136752, 22.53675213675214, 1.5665399239543727, 1.946768060836502, 64.0,
1124, 2.8219178082191783, 1.7534246575342465, 22.575342465753426, 3.1330798479087454, 1.946768060836502, 64.0,
1125, 2.8170940170940173, 1.7504273504273504, 22.53675213675214, 3.1330798479087454, 3.893536121673004, 64.0,
1126, 5.6438356164383565, 3.506849315068493, 22.575342465753426, 6.266159695817491, 3.893536121673004, 64.0,
1127, 5.634188034188035, 3.500854700854701, 22.53675213675214, 6.266159695817491, 7.787072243346008, 64.0,
1128, 11.287671232876713, 7.013698630136986, 22.575342465753426, 6.278095238095238, 7.787072243346008, 64.0,
1129, 11.26837606837607, 7.001709401709402, 22.53675213675214, 6.278095238095238, 7.801904761904762, 64.0,
1130, 22.575342465753426, 14.027397260273972, 22.575342465753426, 8.376111817026684, 7.801904761904762, 64.0,
1131, 22.53675213675214, 14.003418803418803, 22.53675213675214, 8.376111817026684, 7.809342230695901, 64.0,
1132, 22.51750640478224, 13.991460290350128, 22.51750640478224, 8.381436745073108, 8.928610354223434, 64.0,
1133, 1.4197952218430034, 0.8737201365187713, 22.716723549488055, 1.5817490494296578, 0.973384030418251, 64.0,
1134, 1.4173764906303237, 0.8722316865417377, 22.67802385008518, 1.5817490494296578, 1.946768060836502, 64.0,
1135, 2.839590443686007, 1.7474402730375427, 22.716723549488055, 3.1634980988593155, 1.946768060836502, 64.0,
1136, 2.8347529812606473, 1.7444633730834753, 22.67802385008518, 3.1634980988593155, 3.893536121673004, 64.0,
1137, 5.679180887372014, 3.4948805460750854, 22.716723549488055, 6.326996197718631, 3.893536121673004, 64.0,
1138, 5.669505962521295, 3.4889267461669506, 22.67802385008518, 6.326996197718631, 7.787072243346008, 64.0,
1139, 11.358361774744028, 6.989761092150171, 22.716723549488055, 6.339047619047619, 7.787072243346008, 64.0,
1140, 11.33901192504259, 6.977853492333901, 22.67802385008518, 6.339047619047619, 7.801904761904762, 64.0,
1141, 22.716723549488055, 13.979522184300341, 22.716723549488055, 8.457433290978399, 7.801904761904762, 64.0,
1142, 22.67802385008518, 13.955706984667803, 22.67802385008518, 8.457433290978399, 7.809342230695901, 64.0,
1143, 22.65872340425532, 13.943829787234042, 22.65872340425532, 8.462809917355372, 8.928610354223434, 64.0,
1144, 1.4285714285714286, 0.8707482993197279, 22.857142857142858, 1.596958174904943, 0.973384030418251, 64.0,
1145, 1.4261460101867571, 0.8692699490662139, 22.818336162988114, 1.596958174904943, 1.946768060836502, 64.0,
1146, 2.857142857142857, 1.7414965986394557, 22.857142857142858, 3.193916349809886, 1.946768060836502, 64.0,
1147, 2.8522920203735143, 1.7385398981324278, 22.818336162988114, 3.193916349809886, 3.893536121673004, 64.0,
1148, 5.714285714285714, 3.4829931972789114, 22.857142857142858, 6.387832699619772, 3.893536121673004, 64.0,
1149, 5.7045840407470285, 3.4770797962648556, 22.818336162988114, 6.387832699619772, 7.787072243346008, 64.0,
1150, 11.428571428571429, 6.965986394557823, 22.857142857142858, 6.4, 7.787072243346008, 64.0,
1151, 11.409168081494057, 6.954159592529711, 22.818336162988114, 6.4, 7.801904761904762, 64.0,
1152, 22.857142857142858, 13.931972789115646, 22.857142857142858, 8.538754764930115, 7.801904761904762, 64.0,
1153, 22.818336162988114, 13.908319185059423, 22.818336162988114, 8.538754764930115, 7.809342230695901, 64.0,
1154, 22.798982188295167, 13.896522476675148, 22.798982188295167, 8.544183089637635, 8.928610354223434, 64.0,
1155, 1.4372881355932203, 0.8677966101694915, 22.996610169491525, 1.6121673003802282, 0.973384030418251, 64.0,
1156, 1.4348561759729273, 0.8663282571912013, 22.957698815566836, 1.6121673003802282, 1.946768060836502, 64.0,
1157, 2.8745762711864407, 1.735593220338983, 22.996610169491525, 3.2243346007604563, 1.946768060836502, 64.0,
1158, 2.8697123519458545, 1.7326565143824026, 22.957698815566836, 3.2243346007604563, 3.893536121673004, 64.0,
1159, 5.749152542372881, 3.471186440677966, 22.996610169491525, 6.448669201520913, 3.893536121673004, 64.0,
1160, 5.739424703891709, 3.4653130287648053, 22.957698815566836, 6.448669201520913, 7.787072243346008, 64.0,
1161, 11.498305084745763, 6.942372881355932, 22.996610169491525, 6.460952380952381, 7.787072243346008, 64.0,
1162, 11.478849407783418, 6.930626057529611, 22.957698815566836, 6.460952380952381, 7.801904761904762, 64.0,
1163, 22.996610169491525, 13.884745762711864, 22.996610169491525, 8.620076238881829, 7.801904761904762, 64.0,
1164, 22.957698815566836, 13.861252115059221, 22.957698815566836, 8.620076238881829, 7.809342230695901, 64.0,
1165, 22.938292476754015, 13.84953508030431, 22.938292476754015, 8.625556261919899, 8.928610354223434, 64.0,
1166, 1.445945945945946, 0.8648648648648649, 23.135135135135137, 1.6273764258555132, 0.973384030418251, 64.0,
1167, 1.4435075885328836, 0.863406408094435, 23.096121416526138, 1.6273764258555132, 1.946768060836502, 64.0,
1168, 2.891891891891892, 1.7297297297297298, 23.135135135135137, 3.2547528517110265, 1.946768060836502, 64.0,
1169, 2.8870151770657673, 1.72681281618887, 23.096121416526138, 3.2547528517110265, 3.893536121673004, 64.0,
1170, 5.783783783783784, 3.4594594594594597, 23.135135135135137, 6.509505703422053, 3.893536121673004, 64.0,
1171, 5.7740303541315345, 3.45362563237774, 23.096121416526138, 6.509505703422053, 7.787072243346008, 64.0,
1172, 11.567567567567568, 6.918918918918919, 23.135135135135137, 6.521904761904762, 7.787072243346008, 64.0,
1173, 11.548060708263069, 6.90725126475548, 23.096121416526138, 6.521904761904762, 7.801904761904762, 64.0,
1174, 23.135135135135137, 13.837837837837839, 23.135135135135137, 8.701397712833545, 7.801904761904762, 64.0,
1175, 23.096121416526138, 13.81450252951096, 23.096121416526138, 8.701397712833545, 7.809342230695901, 64.0,
1176, 23.076663858466723, 13.802864363942712, 23.076663858466723, 8.706929434202161, 8.928610354223434, 64.0,
1177, 1.4545454545454546, 0.8619528619528619, 23.272727272727273, 1.6425855513307985, 0.973384030418251, 64.0,
1178, 1.4521008403361344, 0.8605042016806723, 23.23361344537815, 1.6425855513307985, 1.946768060836502, 64.0,
1179, 2.909090909090909, 1.7239057239057238, 23.272727272727273, 3.285171102661597, 1.946768060836502, 64.0,
1180, 2.904201680672269, 1.7210084033613446, 23.23361344537815, 3.285171102661597, 3.893536121673004, 64.0,
1181, 5.818181818181818, 3.4478114478114477, 23.272727272727273, 6.570342205323194, 3.893536121673004, 64.0,
1182, 5.808403361344538, 3.4420168067226893, 23.23361344537815, 6.570342205323194, 7.787072243346008, 64.0,
1183, 11.636363636363637, 6.895622895622895, 23.272727272727273, 6.582857142857143, 7.787072243346008, 64.0,
1184, 11.616806722689075, 6.884033613445379, 23.23361344537815, 6.582857142857143, 7.801904761904762, 64.0,
1185, 23.272727272727273, 13.79124579124579, 23.272727272727273, 8.782719186785261, 7.801904761904762, 64.0,
1186, 23.23361344537815, 13.768067226890757, 23.23361344537815, 8.782719186785261, 7.809342230695901, 64.0,
1187, 23.21410579345088, 13.756507136859781, 23.21410579345088, 8.788302606484425, 8.928610354223434, 64.0,
1188, 1.4630872483221478, 0.8590604026845637, 23.409395973154364, 1.6577946768060836, 0.973384030418251, 64.0,
1189, 1.4606365159128978, 0.8576214405360134, 23.370184254606365, 1.6577946768060836, 1.946768060836502, 64.0,
1190, 2.9261744966442955, 1.7181208053691275, 23.409395973154364, 3.3155893536121672, 1.946768060836502, 64.0,
1191, 2.9212730318257956, 1.7152428810720268, 23.370184254606365, 3.3155893536121672, 3.893536121673004, 64.0,
1192, 5.852348993288591, 3.436241610738255, 23.409395973154364, 6.6311787072243344, 3.893536121673004, 64.0,
1193, 5.842546063651591, 3.4304857621440537, 23.370184254606365, 6.6311787072243344, 7.787072243346008, 64.0,
1194, 11.704697986577182, 6.87248322147651, 23.409395973154364, 6.643809523809524, 7.787072243346008, 64.0,
1195, 11.685092127303182, 6.860971524288107, 23.370184254606365, 6.643809523809524, 7.801904761904762, 64.0,
1196, 23.409395973154364, 13.74496644295302, 23.409395973154364, 8.864040660736975, 7.801904761904762, 64.0,
1197, 23.370184254606365, 13.721943048576215, 23.370184254606365, 8.864040660736975, 7.809342230695901, 64.0,
1198, 23.350627615062763, 13.710460251046024, 23.350627615062763, 8.869675778766688, 8.928610354223434, 64.0,
1199, 1.471571906354515, 0.8561872909698997, 23.54515050167224, 1.673003802281369, 0.973384030418251, 64.0,
1200, 1.4691151919866443, 0.8547579298831386, 23.50584307178631, 1.673003802281369, 1.946768060836502, 64.0,
1201, 2.94314381270903, 1.7123745819397993, 23.54515050167224, 3.346007604562738, 1.946768060836502, 64.0,
1202, 2.9382303839732886, 1.7095158597662772, 23.50584307178631, 3.346007604562738, 3.893536121673004, 64.0,
1203, 5.88628762541806, 3.4247491638795986, 23.54515050167224, 6.692015209125476, 3.893536121673004, 64.0,
1204, 5.876460767946577, 3.4190317195325544, 23.50584307178631, 6.692015209125476, 7.787072243346008, 64.0,
1205, 11.77257525083612, 6.849498327759197, 23.54515050167224, 6.704761904761905, 7.787072243346008, 64.0,
1206, 11.752921535893154, 6.838063439065109, 23.50584307178631, 6.704761904761905, 7.801904761904762, 64.0,
1207, 23.54515050167224, 13.698996655518394, 23.54515050167224, 8.945362134688692, 7.801904761904762, 64.0,
1208, 23.50584307178631, 13.676126878130217, 23.50584307178631, 8.945362134688692, 7.809342230695901, 64.0,
1209, 23.486238532110093, 13.664720600500416, 23.486238532110093, 8.951048951048952, 8.928610354223434, 64.0,
1210, 1.48, 0.8533333333333334, 23.68, 1.688212927756654, 0.973384030418251, 64.0,
1211, 1.4775374376039934, 0.8519134775374376, 23.640599001663894, 1.688212927756654, 1.946768060836502, 64.0,
1212, 2.96, 1.7066666666666668, 23.68, 3.376425855513308, 1.946768060836502, 64.0,
1213, 2.9550748752079867, 1.7038269550748752, 23.640599001663894, 3.376425855513308, 3.893536121673004, 64.0,
1214, 5.92, 3.4133333333333336, 23.68, 6.752851711026616, 3.893536121673004, 64.0,
1215, 5.9101497504159735, 3.4076539101497505, 23.640599001663894, 6.752851711026616, 7.787072243346008, 64.0,
1216, 11.84, 6.826666666666667, 23.68, 6.765714285714286, 7.787072243346008, 64.0,
1217, 11.820299500831947, 6.815307820299501, 23.640599001663894, 6.765714285714286, 7.801904761904762, 64.0,
1218, 23.68, 13.653333333333334, 23.68, 9.026683608640406, 7.801904761904762, 64.0,
1219, 23.640599001663894, 13.630615640599002, 23.640599001663894, 9.026683608640406, 7.809342230695901, 64.0,
1220, 23.620947630922693, 13.619285120532004, 23.620947630922693, 9.032422123331214, 8.928610354223434, 64.0,
1221, 1.4883720930232558, 0.8504983388704319, 23.813953488372093, 1.703422053231939, 0.973384030418251, 64.0,
1222, 1.4859038142620231, 0.8490878938640133, 23.77446102819237, 1.703422053231939, 1.946768060836502, 64.0,
1223, 2.9767441860465116, 1.7009966777408638, 23.813953488372093, 3.406844106463878, 1.946768060836502, 64.0,
1224, 2.9718076285240462, 1.6981757877280266, 23.77446102819237, 3.406844106463878, 3.893536121673004, 64.0,
1225, 5.953488372093023, 3.4019933554817277, 23.813953488372093, 6.813688212927756, 3.893536121673004, 64.0,
1226, 5.9436152570480925, 3.396351575456053, 23.77446102819237, 6.813688212927756, 7.787072243346008, 64.0,
1227, 11.906976744186046, 6.803986710963455, 23.813953488372093, 6.826666666666667, 7.787072243346008, 64.0,
1228, 11.887230514096185, 6.792703150912106, 23.77446102819237, 6.826666666666667, 7.801904761904762, 64.0,
1229, 23.813953488372093, 13.60797342192691, 23.813953488372093, 9.108005082592122, 7.801904761904762, 64.0,
1230, 23.77446102819237, 13.585406301824213, 23.77446102819237, 9.108005082592122, 7.809342230695901, 64.0,
1231, 23.75476387738194, 13.574150787075393, 23.75476387738194, 9.113795295613478, 8.928610354223434, 64.0,
1232, 1.4966887417218544, 0.847682119205298, 23.94701986754967, 1.7186311787072244, 0.973384030418251, 64.0,
1233, 1.4942148760330578, 0.8462809917355372, 23.907438016528925, 1.7186311787072244, 1.946768060836502, 64.0,
1234, 2.993377483443709, 1.695364238410596, 23.94701986754967, 3.4372623574144487, 1.946768060836502, 64.0,
1235, 2.9884297520661156, 1.6925619834710743, 23.907438016528925, 3.4372623574144487, 3.893536121673004, 64.0,
1236, 5.986754966887418, 3.390728476821192, 23.94701986754967, 6.8745247148288975, 3.893536121673004, 64.0,
1237, 5.976859504132231, 3.3851239669421487, 23.907438016528925, 6.8745247148288975, 7.787072243346008, 64.0,
1238, 11.973509933774835, 6.781456953642384, 23.94701986754967, 6.887619047619047, 7.787072243346008, 64.0,
1239, 11.953719008264462, 6.770247933884297, 23.907438016528925, 6.887619047619047, 7.801904761904762, 64.0,
1240, 23.94701986754967, 13.562913907284768, 23.94701986754967, 9.189326556543838, 7.801904761904762, 64.0,
1241, 23.907438016528925, 13.540495867768595, 23.907438016528925, 9.189326556543838, 7.809342230695901, 64.0,
1242, 23.887696118909993, 13.529314616019818, 23.887696118909993, 9.19516846789574, 8.928610354223434, 64.0,
1243, 1.504950495049505, 0.8448844884488449, 24.07920792079208, 1.7338403041825095, 0.973384030418251, 64.0,
1244, 1.5024711696869852, 0.8434925864909391, 24.039538714991764, 1.7338403041825095, 1.946768060836502, 64.0,
1245, 3.00990099009901, 1.6897689768976898, 24.07920792079208, 3.467680608365019, 1.946768060836502, 64.0,
1246, 3.0049423393739705, 1.6869851729818781, 24.039538714991764, 3.467680608365019, 3.893536121673004, 64.0,
1247, 6.01980198019802, 3.3795379537953796, 24.07920792079208, 6.935361216730038, 3.893536121673004, 64.0,
1248, 6.009884678747941, 3.3739703459637562, 24.039538714991764, 6.935361216730038, 7.787072243346008, 64.0,
1249, 12.03960396039604, 6.759075907590759, 24.07920792079208, 6.948571428571428, 7.787072243346008, 64.0,
1250, 12.019769357495882, 6.7479406919275124, 24.039538714991764, 6.948571428571428, 7.801904761904762, 64.0,
1251, 24.07920792079208, 13.518151815181518, 24.07920792079208, 9.270648030495552, 7.801904761904762, 64.0,
1252, 24.039538714991764, 13.495881383855025, 24.039538714991764, 9.270648030495552, 7.809342230695901, 64.0,
1253, 24.019753086419755, 13.48477366255144, 24.019753086419755, 9.276541640178003, 8.928610354223434, 64.0,
1254, 1.513157894736842, 0.8421052631578947, 24.210526315789473, 1.7490494296577948, 0.973384030418251, 64.0,
1255, 1.5106732348111658, 0.8407224958949097, 24.170771756978652, 1.7490494296577948, 1.946768060836502, 64.0,
1256, 3.026315789473684, 1.6842105263157894, 24.210526315789473, 3.4980988593155895, 1.946768060836502, 64.0,
1257, 3.0213464696223316, 1.6814449917898193, 24.170771756978652, 3.4980988593155895, 3.893536121673004, 64.0,
1258, 6.052631578947368, 3.3684210526315788, 24.210526315789473, 6.996197718631179, 3.893536121673004, 64.0,
1259, 6.042692939244663, 3.3628899835796386, 24.170771756978652, 6.996197718631179, 7.787072243346008, 64.0,
1260, 12.105263157894736, 6.7368421052631575, 24.210526315789473, 7.0095238095238095, 7.787072243346008, 64.0,
1261, 12.085385878489326, 6.725779967159277, 24.170771756978652, 7.0095238095238095, 7.801904761904762, 64.0,
1262, 24.210526315789473, 13.473684210526315, 24.210526315789473, 9.351969504447268, 7.801904761904762, 64.0,
1263, 24.170771756978652, 13.451559934318555, 24.170771756978652, 9.351969504447268, 7.809342230695901, 64.0,
1264, 24.150943396226417, 13.440525020508614, 24.150943396226417, 9.357914812460267, 8.928610354223434, 64.0,
1265, 1.521311475409836, 0.839344262295082, 24.340983606557376, 1.7642585551330798, 0.973384030418251, 64.0,
1266, 1.518821603927987, 0.8379705400981997, 24.30114566284779, 1.7642585551330798, 1.946768060836502, 64.0,
1267, 3.042622950819672, 1.678688524590164, 24.340983606557376, 3.5285171102661597, 1.946768060836502, 64.0,
1268, 3.037643207855974, 1.6759410801963994, 24.30114566284779, 3.5285171102661597, 3.893536121673004, 64.0,
1269, 6.085245901639344, 3.357377049180328, 24.340983606557376, 7.057034220532319, 3.893536121673004, 64.0,
1270, 6.075286415711948, 3.351882160392799, 24.30114566284779, 7.057034220532319, 7.787072243346008, 64.0,
1271, 12.170491803278688, 6.714754098360656, 24.340983606557376, 7.070476190476191, 7.787072243346008, 64.0,
1272, 12.150572831423895, 6.703764320785598, 24.30114566284779, 7.070476190476191, 7.801904761904762, 64.0,
1273, 24.340983606557376, 13.429508196721311, 24.340983606557376, 9.433290978398983, 7.801904761904762, 64.0,
1274, 24.30114566284779, 13.407528641571195, 24.30114566284779, 9.433290978398983, 7.809342230695901, 64.0,
1275, 24.281275551921503, 13.396565821749796, 24.281275551921503, 9.43928798474253, 8.928610354223434, 64.0,
1276, 1.5294117647058822, 0.8366013071895425, 24.470588235294116, 1.779467680608365, 0.973384030418251, 64.0,
1277, 1.526916802610114, 0.835236541598695, 24.430668841761825, 1.779467680608365, 1.946768060836502, 64.0,
1278, 3.0588235294117645, 1.673202614379085, 24.470588235294116, 3.55893536121673, 1.946768060836502, 64.0,
1279, 3.053833605220228, 1.67047308319739, 24.430668841761825, 3.55893536121673, 3.893536121673004, 64.0,
1280, 6.117647058823529, 3.34640522875817, 24.470588235294116, 7.11787072243346, 3.893536121673004, 64.0,
1281, 6.107667210440456, 3.34094616639478, 24.430668841761825, 7.11787072243346, 7.787072243346008, 64.0,
1282, 12.235294117647058, 6.69281045751634, 24.470588235294116, 7.131428571428572, 7.787072243346008, 64.0,
1283, 12.215334420880913, 6.68189233278956, 24.430668841761825, 7.131428571428572, 7.801904761904762, 64.0,
1284, 24.470588235294116, 13.38562091503268, 24.470588235294116, 9.514612452350699, 7.801904761904762, 64.0,
1285, 24.430668841761825, 13.36378466557912, 24.430668841761825, 9.514612452350699, 7.809342230695901, 64.0,
1286, 24.410757946210268, 13.352893235533822, 24.410757946210268, 9.520661157024794, 8.928610354223434, 64.0,
1287, 1.5374592833876222, 0.8338762214983714, 24.599348534201955, 1.7946768060836502, 0.973384030418251, 64.0,
1288, 1.534959349593496, 0.832520325203252, 24.559349593495934, 1.7946768060836502, 1.946768060836502, 64.0,
1289, 3.0749185667752443, 1.6677524429967427, 24.599348534201955, 3.5893536121673004, 1.946768060836502, 64.0,
1290, 3.069918699186992, 1.665040650406504, 24.559349593495934, 3.5893536121673004, 3.893536121673004, 64.0,
1291, 6.149837133550489, 3.3355048859934855, 24.599348534201955, 7.178707224334601, 3.893536121673004, 64.0,
1292, 6.139837398373984, 3.330081300813008, 24.559349593495934, 7.178707224334601, 7.787072243346008, 64.0,
1293, 12.299674267100977, 6.671009771986971, 24.599348534201955, 7.192380952380953, 7.787072243346008, 64.0,
1294, 12.279674796747967, 6.660162601626016, 24.559349593495934, 7.192380952380953, 7.801904761904762, 64.0,
1295, 24.599348534201955, 13.342019543973942, 24.599348534201955, 9.595933926302415, 7.801904761904762, 64.0,
1296, 24.559349593495934, 13.320325203252033, 24.559349593495934, 9.595933926302415, 7.809342230695901, 64.0,
1297, 24.53939886271324, 13.309504467912266, 24.53939886271324, 9.602034329307056, 8.928610354223434, 64.0,
1298, 1.5454545454545454, 0.8311688311688312, 24.727272727272727, 1.8098859315589353, 0.973384030418251, 64.0,
1299, 1.5429497568881685, 0.8298217179902755, 24.687196110210696, 1.8098859315589353, 1.946768060836502, 64.0,
1300, 3.090909090909091, 1.6623376623376624, 24.727272727272727, 3.6197718631178706, 1.946768060836502, 64.0,
1301, 3.085899513776337, 1.659643435980551, 24.687196110210696, 3.6197718631178706, 3.893536121673004, 64.0,
1302, 6.181818181818182, 3.324675324675325, 24.727272727272727, 7.239543726235741, 3.893536121673004, 64.0,
1303, 6.171799027552674, 3.319286871961102, 24.687196110210696, 7.239543726235741, 7.787072243346008, 64.0,
1304, 12.363636363636363, 6.64935064935065, 24.727272727272727, 7.253333333333333, 7.787072243346008, 64.0,
1305, 12.343598055105348, 6.638573743922204, 24.687196110210696, 7.253333333333333, 7.801904761904762, 64.0,
1306, 24.727272727272727, 13.2987012987013, 24.727272727272727, 9.67725540025413, 7.801904761904762, 64.0,
1307, 24.687196110210696, 13.277147487844408, 24.687196110210696, 9.67725540025413, 7.809342230695901, 64.0,
1308, 24.667206477732794, 13.266396761133603, 24.667206477732794, 9.68340750158932, 8.928610354223434, 64.0,
1309, 1.5533980582524272, 0.8284789644012945, 24.854368932038835, 1.8250950570342206, 0.973384030418251, 64.0,
1310, 1.5508885298869144, 0.827140549273021, 24.81421647819063, 1.8250950570342206, 1.946768060836502, 64.0,
1311, 3.1067961165048543, 1.656957928802589, 24.854368932038835, 3.650190114068441, 1.946768060836502, 64.0,
1312, 3.101777059773829, 1.654281098546042, 24.81421647819063, 3.650190114068441, 3.893536121673004, 64.0,
1313, 6.213592233009709, 3.313915857605178, 24.854368932038835, 7.300380228136882, 3.893536121673004, 64.0,
1314, 6.203554119547658, 3.308562197092084, 24.81421647819063, 7.300380228136882, 7.787072243346008, 64.0,
1315, 12.427184466019417, 6.627831715210356, 24.854368932038835, 7.314285714285714, 7.787072243346008, 64.0,
1316, 12.407108239095315, 6.617124394184168, 24.81421647819063, 7.314285714285714, 7.801904761904762, 64.0,
1317, 24.854368932038835, 13.255663430420713, 24.854368932038835, 9.758576874205845, 7.801904761904762, 64.0,
1318, 24.81421647819063, 13.234248788368337, 24.81421647819063, 9.758576874205845, 7.809342230695901, 64.0,
1319, 24.79418886198547, 13.223567393058918, 24.79418886198547, 9.764780673871583, 8.928610354223434, 64.0,
1320, 1.5612903225806452, 0.8258064516129032, 24.980645161290322, 1.8403041825095057, 0.973384030418251, 64.0,
1321, 1.5587761674718197, 0.8244766505636071, 24.940418679549115, 1.8403041825095057, 1.946768060836502, 64.0,
1322, 3.1225806451612903, 1.6516129032258065, 24.980645161290322, 3.6806083650190113, 1.946768060836502, 64.0,
1323, 3.1175523349436394, 1.6489533011272142, 24.940418679549115, 3.6806083650190113, 3.893536121673004, 64.0,
1324, 6.245161290322581, 3.303225806451613, 24.980645161290322, 7.361216730038023, 3.893536121673004, 64.0,
1325, 6.235104669887279, 3.2979066022544283, 24.940418679549115, 7.361216730038023, 7.787072243346008, 64.0,
1326, 12.490322580645161, 6.606451612903226, 24.980645161290322, 7.375238095238095, 7.787072243346008, 64.0,
1327, 12.470209339774557, 6.595813204508857, 24.940418679549115, 7.375238095238095, 7.801904761904762, 64.0,
1328, 24.980645161290322, 13.212903225806452, 24.980645161290322, 9.83989834815756, 7.801904761904762, 64.0,
1329, 24.940418679549115, 13.191626409017713, 24.940418679549115, 9.83989834815756, 7.809342230695901, 64.0,
1330, 24.920353982300885, 13.181013676588897, 24.920353982300885, 9.846153846153847, 8.928610354223434, 64.0,
1331, 1.5691318327974277, 0.8231511254019293, 25.106109324758844, 1.855513307984791, 0.973384030418251, 64.0,
1332, 1.56661316211878, 0.8218298555377207, 25.06581059390048, 1.855513307984791, 1.946768060836502, 64.0,
1333, 3.1382636655948555, 1.6463022508038585, 25.106109324758844, 3.711026615969582, 1.946768060836502, 64.0,
1334, 3.13322632423756, 1.6436597110754414, 25.06581059390048, 3.711026615969582, 3.893536121673004, 64.0,
1335, 6.276527331189711, 3.292604501607717, 25.106109324758844, 7.422053231939164, 3.893536121673004, 64.0,
1336, 6.26645264847512, 3.287319422150883, 25.06581059390048, 7.422053231939164, 7.787072243346008, 64.0,
1337, 12.553054662379422, 6.585209003215434, 25.106109324758844, 7.436190476190476, 7.787072243346008, 64.0,
1338, 12.53290529695024, 6.574638844301766, 25.06581059390048, 7.436190476190476, 7.801904761904762, 64.0,
1339, 25.106109324758844, 13.170418006430868, 25.106109324758844, 9.921219822109276, 7.801904761904762, 64.0,
1340, 25.06581059390048, 13.149277688603531, 25.06581059390048, 9.921219822109276, 7.809342230695901, 64.0,
1341, 25.04570970328789, 13.138732959101844, 25.04570970328789, 9.927527018436109, 8.928610354223434, 64.0,
1342, 1.5769230769230769, 0.8205128205128205, 25.23076923076923, 1.870722433460076, 0.973384030418251, 64.0,
1343, 1.5744, 0.8192, 25.1904, 1.870722433460076, 1.946768060836502, 64.0,
1344, 3.1538461538461537, 1.641025641025641, 25.23076923076923, 3.741444866920152, 1.946768060836502, 64.0,
1345, 3.1488, 1.6384, 25.1904, 3.741444866920152, 3.893536121673004, 64.0,
1346, 6.3076923076923075, 3.282051282051282, 25.23076923076923, 7.482889733840304, 3.893536121673004, 64.0,
1347, 6.2976, 3.2768, 25.1904, 7.482889733840304, 7.787072243346008, 64.0,
1348, 12.615384615384615, 6.564102564102564, 25.23076923076923, 7.497142857142857, 7.787072243346008, 64.0,
1349, 12.5952, 6.5536, 25.1904, 7.497142857142857, 7.801904761904762, 64.0,
1350, 25.23076923076923, 13.128205128205128, 25.23076923076923, 7.504289799809342, 7.801904761904762, 64.0,
1351, 25.1904, 13.1072, 25.1904, 7.504289799809342, 7.809342230695901, 64.0,
1352, 25.170263788968825, 13.096722621902478, 25.170263788968825, 8.579836512261581, 8.928610354223434, 64.0,
1353, 1.584664536741214, 0.8178913738019169, 25.354632587859424, 1.8859315589353611, 0.973384030418251, 64.0,
1354, 1.5821371610845294, 0.8165869218500797, 25.31419457735247, 1.8859315589353611, 1.946768060836502, 64.0,
1355, 3.169329073482428, 1.6357827476038338, 25.354632587859424, 3.7718631178707223, 1.946768060836502, 64.0,
1356, 3.164274322169059, 1.6331738437001595, 25.31419457735247, 3.7718631178707223, 3.893536121673004, 64.0,
1357, 6.338658146964856, 3.2715654952076676, 25.354632587859424, 7.5437262357414445, 3.893536121673004, 64.0,
1358, 6.328548644338118, 3.266347687400319, 25.31419457735247, 7.5437262357414445, 7.787072243346008, 64.0,
1359, 12.677316293929712, 6.543130990415335, 25.354632587859424, 7.558095238095238, 7.787072243346008, 64.0,
1360, 12.657097288676235, 6.532695374800638, 25.31419457735247, 7.558095238095238, 7.801904761904762, 64.0,
1361, 25.354632587859424, 13.08626198083067, 25.354632587859424, 7.565300285986654, 7.801904761904762, 64.0,
1362, 25.31419457735247, 13.065390749601276, 25.31419457735247, 7.565300285986654, 7.809342230695901, 64.0,
1363, 25.29402390438247, 13.054980079681275, 25.29402390438247, 8.64959128065395, 8.928610354223434, 64.0,
1364, 1.5923566878980893, 0.8152866242038217, 25.477707006369428, 1.9011406844106464, 0.973384030418251, 64.0,
1365, 1.589825119236884, 0.8139904610492846, 25.437201907790143, 1.9011406844106464, 1.946768060836502, 64.0,
1366, 3.1847133757961785, 1.6305732484076434, 25.477707006369428, 3.802281368821293, 1.946768060836502, 64.0,
1367, 3.179650238473768, 1.6279809220985693, 25.437201907790143, 3.802281368821293, 3.893536121673004, 64.0,
1368, 6.369426751592357, 3.261146496815287, 25.477707006369428, 7.604562737642586, 3.893536121673004, 64.0,
1369, 6.359300476947536, 3.2559618441971385, 25.437201907790143, 7.604562737642586, 7.787072243346008, 64.0,
1370, 12.738853503184714, 6.522292993630574, 25.477707006369428, 7.619047619047619, 7.787072243346008, 64.0,
1371, 12.718600953895072, 6.511923688394277, 25.437201907790143, 7.619047619047619, 7.801904761904762, 64.0,
1372, 25.477707006369428, 13.044585987261147, 25.477707006369428, 7.626310772163966, 7.801904761904762, 64.0,
1373, 25.437201907790143, 13.023847376788554, 25.437201907790143, 7.626310772163966, 7.809342230695901, 64.0,
1374, 25.416997617156472, 13.013502779984114, 25.416997617156472, 8.719346049046322, 8.928610354223434, 64.0,
1375, 1.6, 0.8126984126984127, 25.6, 1.9163498098859315, 0.973384030418251, 64.0,
1376, 1.5974643423137875, 0.8114104595879557, 25.5594294770206, 1.9163498098859315, 1.946768060836502, 64.0,
1377, 3.2, 1.6253968253968254, 25.6, 3.832699619771863, 1.946768060836502, 64.0,
1378, 3.194928684627575, 1.6228209191759113, 25.5594294770206, 3.832699619771863, 3.893536121673004, 64.0,
1379, 6.4, 3.250793650793651, 25.6, 7.665399239543726, 3.893536121673004, 64.0,
1380, 6.38985736925515, 3.2456418383518226, 25.5594294770206, 7.665399239543726, 7.787072243346008, 64.0,
1381, 12.8, 6.501587301587302, 25.6, 7.68, 7.787072243346008, 64.0,
1382, 12.7797147385103, 6.491283676703645, 25.5594294770206, 7.68, 7.801904761904762, 64.0,
1383, 25.6, 13.003174603174603, 25.6, 7.687321258341277, 7.801904761904762, 64.0,
1384, 25.5594294770206, 12.98256735340729, 25.5594294770206, 7.687321258341277, 7.809342230695901, 64.0,
1385, 25.53919239904988, 12.972288202692003, 25.53919239904988, 8.789100817438692, 8.928610354223434, 64.0,
1386, 1.6075949367088607, 0.810126582278481, 25.72151898734177, 1.9315589353612168, 0.973384030418251, 64.0,
1387, 1.6050552922590837, 0.8088467614533965, 25.68088467614534, 1.9315589353612168, 1.946768060836502, 64.0,
1388, 3.2151898734177213, 1.620253164556962, 25.72151898734177, 3.8631178707224336, 1.946768060836502, 64.0,
1389, 3.2101105845181674, 1.617693522906793, 25.68088467614534, 3.8631178707224336, 3.893536121673004, 64.0,
1390, 6.430379746835443, 3.240506329113924, 25.72151898734177, 7.726235741444867, 3.893536121673004, 64.0,
1391, 6.420221169036335, 3.235387045813586, 25.68088467614534, 7.726235741444867, 7.787072243346008, 64.0,
1392, 12.860759493670885, 6.481012658227848, 25.72151898734177, 7.740952380952381, 7.787072243346008, 64.0,
1393, 12.84044233807267, 6.470774091627172, 25.68088467614534, 7.740952380952381, 7.801904761904762, 64.0,
1394, 25.72151898734177, 12.962025316455696, 25.72151898734177, 7.748331744518589, 7.801904761904762, 64.0,
1395, 25.68088467614534, 12.941548183254344, 25.68088467614534, 7.748331744518589, 7.809342230695901, 64.0,
1396, 25.660615627466456, 12.931333859510655, 25.660615627466456, 8.858855585831062, 8.928610354223434, 64.0,
1397, 1.615141955835962, 0.807570977917981, 25.842271293375394, 1.946768060836502, 0.973384030418251, 64.0,
1398, 1.6125984251968504, 0.8062992125984252, 25.801574803149606, 1.946768060836502, 1.946768060836502, 64.0,
1399, 3.230283911671924, 1.615141955835962, 25.842271293375394, 3.893536121673004, 1.946768060836502, 64.0,
1400, 3.2251968503937007, 1.6125984251968504, 25.801574803149606, 3.893536121673004, 3.893536121673004, 64.0,
1401, 6.460567823343848, 3.230283911671924, 25.842271293375394, 7.787072243346008, 3.893536121673004, 64.0,
1402, 6.4503937007874015, 3.2251968503937007, 25.801574803149606, 7.787072243346008, 7.787072243346008, 64.0,
1403, 12.921135646687697, 6.460567823343848, 25.842271293375394, 7.801904761904762, 7.787072243346008, 64.0,
1404, 12.900787401574803, 6.4503937007874015, 25.801574803149606, 7.801904761904762, 7.801904761904762, 64.0,
1405, 25.842271293375394, 12.921135646687697, 25.842271293375394, 7.809342230695901, 7.801904761904762, 64.0,
1406, 25.801574803149606, 12.900787401574803, 25.801574803149606, 7.809342230695901, 7.809342230695901, 64.0,
1407, 25.781274586939418, 12.890637293469709, 25.781274586939418, 8.928610354223434, 8.928610354223434, 64.0,
