LayerID, SRAM IFMAP Start Cycle, SRAM IFMAP Stop Cycle, SRAM IFMAP Reads, SRAM Filter Start Cycle, SRAM Filter Stop Cycle, SRAM Filter Reads, SRAM OFMAP Start Cycle, SRAM OFMAP Stop Cycle, SRAM OFMAP Writes, DRAM IFMAP Start Cycle, DRAM IFMAP Stop Cycle, DRAM IFMAP Reads, DRAM Filter Start Cycle, DRAM Filter Stop Cycle, DRAM Filter Reads, DRAM OFMAP Start Cycle, DRAM OFMAP Stop Cycle, DRAM OFMAP Writes,
0, 65.0, 68.0, 4, 61.0, 64.0, 256, 127.0, 190.0, 64, -263.0, -1.0, 4, -263.0, -1.0, 256, 190.0, 190.0, 64,
1, 65.0, 259.0, 8, 61.0, 255.0, 512, 127.0, 381.0, 128, -263.0, -1.0, 4, -263.0, -1.0, 512, 381.0, 382.0, 128,
2, 65.0, 72.0, 8, 57.0, 64.0, 512, 127.0, 190.0, 64, -263.0, -1.0, 8, -263.0, -1.0, 512, 190.0, 190.0, 64,
3, 65.0, 263.0, 16, 57.0, 255.0, 1024, 127.0, 381.0, 128, -263.0, -1.0, 8, -263.0, -1.0, 1024, 381.0, 382.0, 128,
4, 65.0, 80.0, 16, 49.0, 64.0, 1024, 127.0, 190.0, 64, -263.0, -1.0, 16, -263.0, -1.0, 1024, 190.0, 190.0, 64,
5, 65.0, 271.0, 32, 49.0, 255.0, 2048, 127.0, 381.0, 128, -263.0, -1.0, 16, -263.0, -1.0, 2048, 381.0, 382.0, 128,
6, 65.0, 96.0, 32, 33.0, 64.0, 2048, 127.0, 190.0, 64, -263.0, -1.0, 32, -263.0, -1.0, 2048, 190.0, 190.0, 64,
7, 65.0, 287.0, 64, 33.0, 255.0, 4096, 127.0, 381.0, 128, -263.0, -1.0, 32, -525.0, -1.0, 4096, 381.0, 382.0, 128,
8, 65.0, 128.0, 64, 1.0, 64.0, 4096, 127.0, 190.0, 64, -263.0, -1.0, 64, -525.0, -1.0, 4096, 190.0, 190.0, 64,
9, 65.0, 319.0, 128, 1.0, 255.0, 8192, 127.0, 381.0, 128, -263.0, -1.0, 64, -1049.0, -1.0, 8192, 381.0, 382.0, 128,
10, 65.0, 701.0, 256, 1.0, 637.0, 16384, 127.0, 763.0, 256, -263.0, -1.0, 128, -1835.0, -1.0, 16384, 763.0, 766.0, 256,
11, 65.0, 69.0, 8, 61.0, 64.0, 256, 127.0, 191.0, 128, -263.0, -1.0, 8, -263.0, -1.0, 256, 191.0, 192.0, 128,
12, 65.0, 261.0, 16, 61.0, 256.0, 512, 127.0, 383.0, 256, -263.0, -1.0, 8, -263.0, -1.0, 512, 383.0, 386.0, 256,
13, 65.0, 73.0, 16, 57.0, 64.0, 512, 127.0, 191.0, 128, -263.0, -1.0, 16, -263.0, -1.0, 512, 191.0, 192.0, 128,
14, 65.0, 265.0, 32, 57.0, 256.0, 1024, 127.0, 383.0, 256, -263.0, -1.0, 16, -263.0, -1.0, 1024, 383.0, 386.0, 256,
15, 65.0, 81.0, 32, 49.0, 64.0, 1024, 127.0, 191.0, 128, -263.0, -1.0, 32, -263.0, -1.0, 1024, 191.0, 192.0, 128,
16, 65.0, 273.0, 64, 49.0, 256.0, 2048, 127.0, 383.0, 256, -263.0, -1.0, 32, -263.0, -1.0, 2048, 383.0, 386.0, 256,
17, 65.0, 97.0, 64, 33.0, 64.0, 2048, 127.0, 191.0, 128, -263.0, -1.0, 64, -263.0, -1.0, 2048, 191.0, 192.0, 128,
18, 65.0, 289.0, 128, 33.0, 256.0, 4096, 127.0, 383.0, 256, -263.0, -1.0, 64, -525.0, -1.0, 4096, 383.0, 386.0, 256,
19, 65.0, 129.0, 128, 1.0, 64.0, 4096, 127.0, 191.0, 128, -263.0, -1.0, 128, -525.0, -1.0, 4096, 191.0, 192.0, 128,
20, 65.0, 321.0, 256, 1.0, 256.0, 8192, 127.0, 383.0, 256, -263.0, -1.0, 128, -1049.0, -1.0, 8192, 383.0, 386.0, 256,
21, 65.0, 705.0, 512, 1.0, 640.0, 16384, 127.0, 767.0, 512, -263.0, -1.0, 256, -1835.0, -1.0, 16384, 767.0, 774.0, 512,
22, 65.0, 70.0, 12, 61.0, 64.0, 256, 127.0, 192.0, 192, -263.0, -1.0, 12, -263.0, -1.0, 256, 192.0, 194.0, 192,
23, 65.0, 263.0, 24, 61.0, 257.0, 512, 127.0, 385.0, 384, -263.0, -1.0, 12, -263.0, -1.0, 512, 385.0, 390.0, 384,
24, 65.0, 74.0, 24, 57.0, 64.0, 512, 127.0, 192.0, 192, -263.0, -1.0, 24, -263.0, -1.0, 512, 192.0, 194.0, 192,
25, 65.0, 267.0, 48, 57.0, 257.0, 1024, 127.0, 385.0, 384, -263.0, -1.0, 24, -263.0, -1.0, 1024, 385.0, 390.0, 384,
26, 65.0, 82.0, 48, 49.0, 64.0, 1024, 127.0, 192.0, 192, -263.0, -1.0, 48, -263.0, -1.0, 1024, 192.0, 194.0, 192,
27, 65.0, 275.0, 96, 49.0, 257.0, 2048, 127.0, 385.0, 384, -263.0, -1.0, 48, -263.0, -1.0, 2048, 385.0, 390.0, 384,
28, 65.0, 98.0, 96, 33.0, 64.0, 2048, 127.0, 192.0, 192, -263.0, -1.0, 96, -263.0, -1.0, 2048, 192.0, 194.0, 192,
29, 65.0, 291.0, 192, 33.0, 257.0, 4096, 127.0, 385.0, 384, -263.0, -1.0, 96, -525.0, -1.0, 4096, 385.0, 390.0, 384,
30, 65.0, 130.0, 192, 1.0, 64.0, 4096, 127.0, 192.0, 192, -263.0, -1.0, 192, -525.0, -1.0, 4096, 192.0, 194.0, 192,
31, 65.0, 323.0, 384, 1.0, 257.0, 8192, 127.0, 385.0, 384, -263.0, -1.0, 192, -1049.0, -1.0, 8192, 385.0, 390.0, 384,
32, 65.0, 709.0, 768, 1.0, 643.0, 16384, 127.0, 771.0, 768, -263.0, -1.0, 384, -1835.0, -1.0, 16384, 771.0, 782.0, 768,
33, 65.0, 71.0, 16, 61.0, 64.0, 256, 127.0, 193.0, 256, -263.0, -1.0, 16, -263.0, -1.0, 256, 193.0, 196.0, 256,
34, 65.0, 265.0, 32, 61.0, 258.0, 512, 127.0, 387.0, 512, -263.0, -1.0, 16, -263.0, -1.0, 512, 387.0, 394.0, 512,
35, 65.0, 75.0, 32, 57.0, 64.0, 512, 127.0, 193.0, 256, -263.0, -1.0, 32, -263.0, -1.0, 512, 193.0, 196.0, 256,
36, 65.0, 269.0, 64, 57.0, 258.0, 1024, 127.0, 387.0, 512, -263.0, -1.0, 32, -263.0, -1.0, 1024, 387.0, 394.0, 512,
37, 65.0, 83.0, 64, 49.0, 64.0, 1024, 127.0, 193.0, 256, -263.0, -1.0, 64, -263.0, -1.0, 1024, 193.0, 196.0, 256,
38, 65.0, 277.0, 128, 49.0, 258.0, 2048, 127.0, 387.0, 512, -263.0, -1.0, 64, -263.0, -1.0, 2048, 387.0, 394.0, 512,
39, 65.0, 99.0, 128, 33.0, 64.0, 2048, 127.0, 193.0, 256, -263.0, -1.0, 128, -263.0, -1.0, 2048, 193.0, 196.0, 256,
40, 65.0, 293.0, 256, 33.0, 258.0, 4096, 127.0, 387.0, 512, -263.0, -1.0, 128, -525.0, -1.0, 4096, 387.0, 394.0, 512,
41, 65.0, 131.0, 256, 1.0, 64.0, 4096, 127.0, 193.0, 256, -263.0, -1.0, 256, -525.0, -1.0, 4096, 193.0, 196.0, 256,
42, 65.0, 325.0, 512, 1.0, 258.0, 8192, 127.0, 387.0, 512, -263.0, -1.0, 256, -1049.0, -1.0, 8192, 387.0, 394.0, 512,
43, 65.0, 713.0, 1024, 1.0, 646.0, 16384, 127.0, 775.0, 1024, -263.0, -1.0, 512, -1835.0, -1.0, 16384, 775.0, 790.0, 1024,
44, 65.0, 72.0, 20, 61.0, 64.0, 256, 127.0, 194.0, 320, -263.0, -1.0, 20, -263.0, -1.0, 256, 194.0, 198.0, 320,
45, 65.0, 267.0, 40, 61.0, 259.0, 512, 127.0, 389.0, 640, -263.0, -1.0, 20, -263.0, -1.0, 512, 389.0, 398.0, 640,
46, 65.0, 76.0, 40, 57.0, 64.0, 512, 127.0, 194.0, 320, -263.0, -1.0, 40, -263.0, -1.0, 512, 194.0, 198.0, 320,
47, 65.0, 271.0, 80, 57.0, 259.0, 1024, 127.0, 389.0, 640, -263.0, -1.0, 40, -263.0, -1.0, 1024, 389.0, 398.0, 640,
48, 65.0, 84.0, 80, 49.0, 64.0, 1024, 127.0, 194.0, 320, -263.0, -1.0, 80, -263.0, -1.0, 1024, 194.0, 198.0, 320,
49, 65.0, 279.0, 160, 49.0, 259.0, 2048, 127.0, 389.0, 640, -263.0, -1.0, 80, -263.0, -1.0, 2048, 389.0, 398.0, 640,
50, 65.0, 100.0, 160, 33.0, 64.0, 2048, 127.0, 194.0, 320, -263.0, -1.0, 160, -263.0, -1.0, 2048, 194.0, 198.0, 320,
51, 65.0, 295.0, 320, 33.0, 259.0, 4096, 127.0, 389.0, 640, -263.0, -1.0, 160, -525.0, -1.0, 4096, 389.0, 398.0, 640,
52, 65.0, 132.0, 320, 1.0, 64.0, 4096, 127.0, 194.0, 320, -263.0, -1.0, 320, -525.0, -1.0, 4096, 194.0, 198.0, 320,
53, 65.0, 327.0, 640, 1.0, 259.0, 8192, 127.0, 389.0, 640, -263.0, -1.0, 320, -1049.0, -1.0, 8192, 389.0, 398.0, 640,
54, 65.0, 717.0, 1280, 1.0, 649.0, 16384, 127.0, 779.0, 1280, -263.0, -1.0, 640, -1835.0, -1.0, 16384, 779.0, 798.0, 1280,
55, 65.0, 73.0, 24, 61.0, 64.0, 256, 127.0, 195.0, 384, -263.0, -1.0, 24, -263.0, -1.0, 256, 195.0, 200.0, 384,
56, 65.0, 269.0, 48, 61.0, 260.0, 512, 127.0, 391.0, 768, -263.0, -1.0, 24, -263.0, -1.0, 512, 391.0, 402.0, 768,
57, 65.0, 77.0, 48, 57.0, 64.0, 512, 127.0, 195.0, 384, -263.0, -1.0, 48, -263.0, -1.0, 512, 195.0, 200.0, 384,
58, 65.0, 273.0, 96, 57.0, 260.0, 1024, 127.0, 391.0, 768, -263.0, -1.0, 48, -263.0, -1.0, 1024, 391.0, 402.0, 768,
59, 65.0, 85.0, 96, 49.0, 64.0, 1024, 127.0, 195.0, 384, -263.0, -1.0, 96, -263.0, -1.0, 1024, 195.0, 200.0, 384,
60, 65.0, 281.0, 192, 49.0, 260.0, 2048, 127.0, 391.0, 768, -263.0, -1.0, 96, -263.0, -1.0, 2048, 391.0, 402.0, 768,
61, 65.0, 101.0, 192, 33.0, 64.0, 2048, 127.0, 195.0, 384, -263.0, -1.0, 192, -263.0, -1.0, 2048, 195.0, 200.0, 384,
62, 65.0, 297.0, 384, 33.0, 260.0, 4096, 127.0, 391.0, 768, -263.0, -1.0, 192, -525.0, -1.0, 4096, 391.0, 402.0, 768,
63, 65.0, 133.0, 384, 1.0, 64.0, 4096, 127.0, 195.0, 384, -263.0, -1.0, 384, -525.0, -1.0, 4096, 195.0, 200.0, 384,
64, 65.0, 329.0, 768, 1.0, 260.0, 8192, 127.0, 391.0, 768, -263.0, -1.0, 384, -1049.0, -1.0, 8192, 391.0, 402.0, 768,
65, 65.0, 721.0, 1536, 1.0, 652.0, 16384, 127.0, 783.0, 1536, -263.0, -1.0, 768, -1835.0, -1.0, 16384, 783.0, 806.0, 1536,
66, 65.0, 74.0, 28, 61.0, 64.0, 256, 127.0, 196.0, 448, -263.0, -1.0, 28, -263.0, -1.0, 256, 196.0, 202.0, 448,
67, 65.0, 271.0, 56, 61.0, 261.0, 512, 127.0, 393.0, 896, -263.0, -1.0, 28, -263.0, -1.0, 512, 393.0, 406.0, 896,
68, 65.0, 78.0, 56, 57.0, 64.0, 512, 127.0, 196.0, 448, -263.0, -1.0, 56, -263.0, -1.0, 512, 196.0, 202.0, 448,
69, 65.0, 275.0, 112, 57.0, 261.0, 1024, 127.0, 393.0, 896, -263.0, -1.0, 56, -263.0, -1.0, 1024, 393.0, 406.0, 896,
70, 65.0, 86.0, 112, 49.0, 64.0, 1024, 127.0, 196.0, 448, -263.0, -1.0, 112, -263.0, -1.0, 1024, 196.0, 202.0, 448,
71, 65.0, 283.0, 224, 49.0, 261.0, 2048, 127.0, 393.0, 896, -263.0, -1.0, 112, -263.0, -1.0, 2048, 393.0, 406.0, 896,
72, 65.0, 102.0, 224, 33.0, 64.0, 2048, 127.0, 196.0, 448, -263.0, -1.0, 224, -263.0, -1.0, 2048, 196.0, 202.0, 448,
73, 65.0, 299.0, 448, 33.0, 261.0, 4096, 127.0, 393.0, 896, -263.0, -1.0, 224, -525.0, -1.0, 4096, 393.0, 406.0, 896,
74, 65.0, 134.0, 448, 1.0, 64.0, 4096, 127.0, 196.0, 448, -263.0, -1.0, 448, -525.0, -1.0, 4096, 196.0, 202.0, 448,
75, 65.0, 331.0, 896, 1.0, 261.0, 8192, 127.0, 393.0, 896, -263.0, -1.0, 448, -1049.0, -1.0, 8192, 393.0, 406.0, 896,
76, 65.0, 725.0, 1792, 1.0, 655.0, 16384, 127.0, 787.0, 1792, -263.0, -1.0, 896, -1835.0, -1.0, 16384, 787.0, 814.0, 1792,
77, 65.0, 75.0, 32, 61.0, 64.0, 256, 127.0, 197.0, 512, -263.0, -1.0, 32, -263.0, -1.0, 256, 197.0, 204.0, 512,
78, 65.0, 273.0, 64, 61.0, 262.0, 512, 127.0, 395.0, 1024, -263.0, -1.0, 32, -263.0, -1.0, 512, 395.0, 410.0, 1024,
79, 65.0, 79.0, 64, 57.0, 64.0, 512, 127.0, 197.0, 512, -263.0, -1.0, 64, -263.0, -1.0, 512, 197.0, 204.0, 512,
80, 65.0, 277.0, 128, 57.0, 262.0, 1024, 127.0, 395.0, 1024, -263.0, -1.0, 64, -263.0, -1.0, 1024, 395.0, 410.0, 1024,
81, 65.0, 87.0, 128, 49.0, 64.0, 1024, 127.0, 197.0, 512, -263.0, -1.0, 128, -263.0, -1.0, 1024, 197.0, 204.0, 512,
82, 65.0, 285.0, 256, 49.0, 262.0, 2048, 127.0, 395.0, 1024, -263.0, -1.0, 128, -263.0, -1.0, 2048, 395.0, 410.0, 1024,
83, 65.0, 103.0, 256, 33.0, 64.0, 2048, 127.0, 197.0, 512, -263.0, -1.0, 256, -263.0, -1.0, 2048, 197.0, 204.0, 512,
84, 65.0, 301.0, 512, 33.0, 262.0, 4096, 127.0, 395.0, 1024, -263.0, -1.0, 256, -525.0, -1.0, 4096, 395.0, 410.0, 1024,
85, 65.0, 135.0, 512, 1.0, 64.0, 4096, 127.0, 197.0, 512, -263.0, -1.0, 512, -525.0, -1.0, 4096, 197.0, 204.0, 512,
86, 65.0, 333.0, 1024, 1.0, 262.0, 8192, 127.0, 395.0, 1024, -263.0, -1.0, 512, -1049.0, -1.0, 8192, 395.0, 410.0, 1024,
87, 65.0, 729.0, 2048, 1.0, 658.0, 16384, 127.0, 791.0, 2048, -263.0, -1.0, 1024, -1835.0, -1.0, 16384, 791.0, 822.0, 2048,
88, 65.0, 76.0, 36, 61.0, 64.0, 256, 127.0, 198.0, 576, -263.0, -1.0, 36, -263.0, -1.0, 256, 198.0, 206.0, 576,
89, 65.0, 275.0, 72, 61.0, 263.0, 512, 127.0, 397.0, 1152, -263.0, -1.0, 36, -263.0, -1.0, 512, 397.0, 414.0, 1152,
90, 65.0, 80.0, 72, 57.0, 64.0, 512, 127.0, 198.0, 576, -263.0, -1.0, 72, -263.0, -1.0, 512, 198.0, 206.0, 576,
91, 65.0, 279.0, 144, 57.0, 263.0, 1024, 127.0, 397.0, 1152, -263.0, -1.0, 72, -263.0, -1.0, 1024, 397.0, 414.0, 1152,
92, 65.0, 88.0, 144, 49.0, 64.0, 1024, 127.0, 198.0, 576, -263.0, -1.0, 144, -263.0, -1.0, 1024, 198.0, 206.0, 576,
93, 65.0, 287.0, 288, 49.0, 263.0, 2048, 127.0, 397.0, 1152, -263.0, -1.0, 144, -263.0, -1.0, 2048, 397.0, 414.0, 1152,
94, 65.0, 104.0, 288, 33.0, 64.0, 2048, 127.0, 198.0, 576, -263.0, -1.0, 288, -263.0, -1.0, 2048, 198.0, 206.0, 576,
95, 65.0, 303.0, 576, 33.0, 263.0, 4096, 127.0, 397.0, 1152, -263.0, -1.0, 288, -525.0, -1.0, 4096, 397.0, 414.0, 1152,
96, 65.0, 136.0, 576, 1.0, 64.0, 4096, 127.0, 198.0, 576, -263.0, -1.0, 576, -525.0, -1.0, 4096, 198.0, 206.0, 576,
97, 65.0, 335.0, 1152, 1.0, 263.0, 8192, 127.0, 397.0, 1152, -263.0, -1.0, 576, -1049.0, -1.0, 8192, 397.0, 414.0, 1152,
98, 65.0, 733.0, 2304, 1.0, 661.0, 16384, 127.0, 795.0, 2304, -263.0, -1.0, 1152, -1835.0, -1.0, 16384, 795.0, 830.0, 2304,
99, 65.0, 77.0, 40, 61.0, 64.0, 256, 127.0, 199.0, 640, -263.0, -1.0, 40, -263.0, -1.0, 256, 199.0, 208.0, 640,
100, 65.0, 277.0, 80, 61.0, 264.0, 512, 127.0, 399.0, 1280, -263.0, -1.0, 40, -263.0, -1.0, 512, 399.0, 418.0, 1280,
101, 65.0, 81.0, 80, 57.0, 64.0, 512, 127.0, 199.0, 640, -263.0, -1.0, 80, -263.0, -1.0, 512, 199.0, 208.0, 640,
102, 65.0, 281.0, 160, 57.0, 264.0, 1024, 127.0, 399.0, 1280, -263.0, -1.0, 80, -263.0, -1.0, 1024, 399.0, 418.0, 1280,
103, 65.0, 89.0, 160, 49.0, 64.0, 1024, 127.0, 199.0, 640, -263.0, -1.0, 160, -263.0, -1.0, 1024, 199.0, 208.0, 640,
104, 65.0, 289.0, 320, 49.0, 264.0, 2048, 127.0, 399.0, 1280, -263.0, -1.0, 160, -263.0, -1.0, 2048, 399.0, 418.0, 1280,
105, 65.0, 105.0, 320, 33.0, 64.0, 2048, 127.0, 199.0, 640, -263.0, -1.0, 320, -263.0, -1.0, 2048, 199.0, 208.0, 640,
106, 65.0, 305.0, 640, 33.0, 264.0, 4096, 127.0, 399.0, 1280, -263.0, -1.0, 320, -525.0, -1.0, 4096, 399.0, 418.0, 1280,
107, 65.0, 137.0, 640, 1.0, 64.0, 4096, 127.0, 199.0, 640, -263.0, -1.0, 640, -525.0, -1.0, 4096, 199.0, 208.0, 640,
108, 65.0, 337.0, 1280, 1.0, 264.0, 8192, 127.0, 399.0, 1280, -263.0, -1.0, 640, -1049.0, -1.0, 8192, 399.0, 418.0, 1280,
109, 65.0, 737.0, 2560, 1.0, 664.0, 16384, 127.0, 799.0, 2560, -263.0, -1.0, 1280, -1835.0, -1.0, 16384, 799.0, 838.0, 2560,
110, 65.0, 78.0, 44, 61.0, 64.0, 256, 127.0, 200.0, 704, -263.0, -1.0, 44, -263.0, -1.0, 256, 200.0, 210.0, 704,
111, 65.0, 279.0, 88, 61.0, 265.0, 512, 127.0, 401.0, 1408, -263.0, -1.0, 44, -263.0, -1.0, 512, 401.0, 422.0, 1408,
112, 65.0, 82.0, 88, 57.0, 64.0, 512, 127.0, 200.0, 704, -263.0, -1.0, 88, -263.0, -1.0, 512, 200.0, 210.0, 704,
113, 65.0, 283.0, 176, 57.0, 265.0, 1024, 127.0, 401.0, 1408, -263.0, -1.0, 88, -263.0, -1.0, 1024, 401.0, 422.0, 1408,
114, 65.0, 90.0, 176, 49.0, 64.0, 1024, 127.0, 200.0, 704, -263.0, -1.0, 176, -263.0, -1.0, 1024, 200.0, 210.0, 704,
115, 65.0, 291.0, 352, 49.0, 265.0, 2048, 127.0, 401.0, 1408, -263.0, -1.0, 176, -263.0, -1.0, 2048, 401.0, 422.0, 1408,
116, 65.0, 106.0, 352, 33.0, 64.0, 2048, 127.0, 200.0, 704, -263.0, -1.0, 352, -263.0, -1.0, 2048, 200.0, 210.0, 704,
117, 65.0, 307.0, 704, 33.0, 265.0, 4096, 127.0, 401.0, 1408, -263.0, -1.0, 352, -525.0, -1.0, 4096, 401.0, 422.0, 1408,
118, 65.0, 138.0, 704, 1.0, 64.0, 4096, 127.0, 200.0, 704, -263.0, -1.0, 704, -525.0, -1.0, 4096, 200.0, 210.0, 704,
119, 65.0, 339.0, 1408, 1.0, 265.0, 8192, 127.0, 401.0, 1408, -263.0, -1.0, 704, -1049.0, -1.0, 8192, 401.0, 422.0, 1408,
120, 65.0, 741.0, 2816, 1.0, 667.0, 16384, 127.0, 803.0, 2816, -263.0, -1.0, 1408, -1835.0, -1.0, 16384, 803.0, 846.0, 2816,
121, 65.0, 79.0, 48, 61.0, 64.0, 256, 127.0, 201.0, 768, -263.0, -1.0, 48, -263.0, -1.0, 256, 201.0, 212.0, 768,
122, 65.0, 281.0, 96, 61.0, 266.0, 512, 127.0, 403.0, 1536, -263.0, -1.0, 48, -263.0, -1.0, 512, 403.0, 426.0, 1536,
123, 65.0, 83.0, 96, 57.0, 64.0, 512, 127.0, 201.0, 768, -263.0, -1.0, 96, -263.0, -1.0, 512, 201.0, 212.0, 768,
124, 65.0, 285.0, 192, 57.0, 266.0, 1024, 127.0, 403.0, 1536, -263.0, -1.0, 96, -263.0, -1.0, 1024, 403.0, 426.0, 1536,
125, 65.0, 91.0, 192, 49.0, 64.0, 1024, 127.0, 201.0, 768, -263.0, -1.0, 192, -263.0, -1.0, 1024, 201.0, 212.0, 768,
126, 65.0, 293.0, 384, 49.0, 266.0, 2048, 127.0, 403.0, 1536, -263.0, -1.0, 192, -263.0, -1.0, 2048, 403.0, 426.0, 1536,
127, 65.0, 107.0, 384, 33.0, 64.0, 2048, 127.0, 201.0, 768, -263.0, -1.0, 384, -263.0, -1.0, 2048, 201.0, 212.0, 768,
128, 65.0, 309.0, 768, 33.0, 266.0, 4096, 127.0, 403.0, 1536, -263.0, -1.0, 384, -525.0, -1.0, 4096, 403.0, 426.0, 1536,
129, 65.0, 139.0, 768, 1.0, 64.0, 4096, 127.0, 201.0, 768, -263.0, -1.0, 768, -525.0, -1.0, 4096, 201.0, 212.0, 768,
130, 65.0, 341.0, 1536, 1.0, 266.0, 8192, 127.0, 403.0, 1536, -263.0, -1.0, 768, -1049.0, -1.0, 8192, 403.0, 426.0, 1536,
131, 65.0, 745.0, 3072, 1.0, 670.0, 16384, 127.0, 807.0, 3072, -263.0, -1.0, 1536, -1835.0, -1.0, 16384, 807.0, 854.0, 3072,
132, 65.0, 80.0, 52, 61.0, 64.0, 256, 127.0, 202.0, 832, -263.0, -1.0, 52, -263.0, -1.0, 256, 202.0, 214.0, 832,
133, 65.0, 283.0, 104, 61.0, 267.0, 512, 127.0, 405.0, 1664, -263.0, -1.0, 52, -263.0, -1.0, 512, 405.0, 430.0, 1664,
134, 65.0, 84.0, 104, 57.0, 64.0, 512, 127.0, 202.0, 832, -263.0, -1.0, 104, -263.0, -1.0, 512, 202.0, 214.0, 832,
135, 65.0, 287.0, 208, 57.0, 267.0, 1024, 127.0, 405.0, 1664, -263.0, -1.0, 104, -263.0, -1.0, 1024, 405.0, 430.0, 1664,
136, 65.0, 92.0, 208, 49.0, 64.0, 1024, 127.0, 202.0, 832, -263.0, -1.0, 208, -263.0, -1.0, 1024, 202.0, 214.0, 832,
137, 65.0, 295.0, 416, 49.0, 267.0, 2048, 127.0, 405.0, 1664, -263.0, -1.0, 208, -263.0, -1.0, 2048, 405.0, 430.0, 1664,
138, 65.0, 108.0, 416, 33.0, 64.0, 2048, 127.0, 202.0, 832, -263.0, -1.0, 416, -263.0, -1.0, 2048, 202.0, 214.0, 832,
139, 65.0, 311.0, 832, 33.0, 267.0, 4096, 127.0, 405.0, 1664, -263.0, -1.0, 416, -525.0, -1.0, 4096, 405.0, 430.0, 1664,
140, 65.0, 140.0, 832, 1.0, 64.0, 4096, 127.0, 202.0, 832, -263.0, -1.0, 832, -525.0, -1.0, 4096, 202.0, 214.0, 832,
141, 65.0, 343.0, 1664, 1.0, 267.0, 8192, 127.0, 405.0, 1664, -263.0, -1.0, 832, -1049.0, -1.0, 8192, 405.0, 430.0, 1664,
142, 65.0, 749.0, 3328, 1.0, 673.0, 16384, 127.0, 811.0, 3328, -263.0, -1.0, 1664, -1835.0, -1.0, 16384, 811.0, 862.0, 3328,
143, 65.0, 81.0, 56, 61.0, 64.0, 256, 127.0, 203.0, 896, -263.0, -1.0, 56, -263.0, -1.0, 256, 203.0, 216.0, 896,
144, 65.0, 285.0, 112, 61.0, 268.0, 512, 127.0, 407.0, 1792, -263.0, -1.0, 56, -263.0, -1.0, 512, 407.0, 434.0, 1792,
145, 65.0, 85.0, 112, 57.0, 64.0, 512, 127.0, 203.0, 896, -263.0, -1.0, 112, -263.0, -1.0, 512, 203.0, 216.0, 896,
146, 65.0, 289.0, 224, 57.0, 268.0, 1024, 127.0, 407.0, 1792, -263.0, -1.0, 112, -263.0, -1.0, 1024, 407.0, 434.0, 1792,
147, 65.0, 93.0, 224, 49.0, 64.0, 1024, 127.0, 203.0, 896, -263.0, -1.0, 224, -263.0, -1.0, 1024, 203.0, 216.0, 896,
148, 65.0, 297.0, 448, 49.0, 268.0, 2048, 127.0, 407.0, 1792, -263.0, -1.0, 224, -263.0, -1.0, 2048, 407.0, 434.0, 1792,
149, 65.0, 109.0, 448, 33.0, 64.0, 2048, 127.0, 203.0, 896, -263.0, -1.0, 448, -263.0, -1.0, 2048, 203.0, 216.0, 896,
150, 65.0, 313.0, 896, 33.0, 268.0, 4096, 127.0, 407.0, 1792, -263.0, -1.0, 448, -525.0, -1.0, 4096, 407.0, 434.0, 1792,
151, 65.0, 141.0, 896, 1.0, 64.0, 4096, 127.0, 203.0, 896, -263.0, -1.0, 896, -525.0, -1.0, 4096, 203.0, 216.0, 896,
152, 65.0, 345.0, 1792, 1.0, 268.0, 8192, 127.0, 407.0, 1792, -263.0, -1.0, 896, -1049.0, -1.0, 8192, 407.0, 434.0, 1792,
153, 65.0, 753.0, 3584, 1.0, 676.0, 16384, 127.0, 815.0, 3584, -263.0, -1.0, 1792, -1835.0, -1.0, 16384, 815.0, 870.0, 3584,
154, 65.0, 82.0, 60, 61.0, 64.0, 256, 127.0, 204.0, 960, -263.0, -1.0, 60, -263.0, -1.0, 256, 204.0, 218.0, 960,
155, 65.0, 287.0, 120, 61.0, 269.0, 512, 127.0, 409.0, 1920, -263.0, -1.0, 60, -263.0, -1.0, 512, 409.0, 438.0, 1920,
156, 65.0, 86.0, 120, 57.0, 64.0, 512, 127.0, 204.0, 960, -263.0, -1.0, 120, -263.0, -1.0, 512, 204.0, 218.0, 960,
157, 65.0, 291.0, 240, 57.0, 269.0, 1024, 127.0, 409.0, 1920, -263.0, -1.0, 120, -263.0, -1.0, 1024, 409.0, 438.0, 1920,
158, 65.0, 94.0, 240, 49.0, 64.0, 1024, 127.0, 204.0, 960, -263.0, -1.0, 240, -263.0, -1.0, 1024, 204.0, 218.0, 960,
159, 65.0, 299.0, 480, 49.0, 269.0, 2048, 127.0, 409.0, 1920, -263.0, -1.0, 240, -263.0, -1.0, 2048, 409.0, 438.0, 1920,
160, 65.0, 110.0, 480, 33.0, 64.0, 2048, 127.0, 204.0, 960, -263.0, -1.0, 480, -263.0, -1.0, 2048, 204.0, 218.0, 960,
161, 65.0, 315.0, 960, 33.0, 269.0, 4096, 127.0, 409.0, 1920, -263.0, -1.0, 480, -525.0, -1.0, 4096, 409.0, 438.0, 1920,
162, 65.0, 142.0, 960, 1.0, 64.0, 4096, 127.0, 204.0, 960, -263.0, -1.0, 960, -525.0, -1.0, 4096, 204.0, 218.0, 960,
163, 65.0, 347.0, 1920, 1.0, 269.0, 8192, 127.0, 409.0, 1920, -263.0, -1.0, 960, -1049.0, -1.0, 8192, 409.0, 438.0, 1920,
164, 65.0, 757.0, 3840, 1.0, 679.0, 16384, 127.0, 819.0, 3840, -263.0, -1.0, 1920, -1835.0, -1.0, 16384, 819.0, 878.0, 3840,
165, 65.0, 83.0, 64, 61.0, 64.0, 256, 127.0, 205.0, 1024, -263.0, -1.0, 64, -263.0, -1.0, 256, 205.0, 220.0, 1024,
166, 65.0, 289.0, 128, 61.0, 270.0, 512, 127.0, 411.0, 2048, -263.0, -1.0, 64, -263.0, -1.0, 512, 411.0, 442.0, 2048,
167, 65.0, 87.0, 128, 57.0, 64.0, 512, 127.0, 205.0, 1024, -263.0, -1.0, 128, -263.0, -1.0, 512, 205.0, 220.0, 1024,
168, 65.0, 293.0, 256, 57.0, 270.0, 1024, 127.0, 411.0, 2048, -263.0, -1.0, 128, -263.0, -1.0, 1024, 411.0, 442.0, 2048,
169, 65.0, 95.0, 256, 49.0, 64.0, 1024, 127.0, 205.0, 1024, -263.0, -1.0, 256, -263.0, -1.0, 1024, 205.0, 220.0, 1024,
170, 65.0, 301.0, 512, 49.0, 270.0, 2048, 127.0, 411.0, 2048, -263.0, -1.0, 256, -263.0, -1.0, 2048, 411.0, 442.0, 2048,
171, 65.0, 111.0, 512, 33.0, 64.0, 2048, 127.0, 205.0, 1024, -263.0, -1.0, 512, -263.0, -1.0, 2048, 205.0, 220.0, 1024,
172, 65.0, 317.0, 1024, 33.0, 270.0, 4096, 127.0, 411.0, 2048, -263.0, -1.0, 512, -525.0, -1.0, 4096, 411.0, 442.0, 2048,
173, 65.0, 143.0, 1024, 1.0, 64.0, 4096, 127.0, 205.0, 1024, -263.0, -1.0, 1024, -525.0, -1.0, 4096, 205.0, 220.0, 1024,
174, 65.0, 349.0, 2048, 1.0, 270.0, 8192, 127.0, 411.0, 2048, -263.0, -1.0, 1024, -1049.0, -1.0, 8192, 411.0, 442.0, 2048,
175, 65.0, 761.0, 4096, 1.0, 682.0, 16384, 127.0, 823.0, 4096, -263.0, -1.0, 2048, -1835.0, -1.0, 16384, 823.0, 886.0, 4096,
176, 65.0, 84.0, 68, 61.0, 64.0, 256, 127.0, 206.0, 1088, -263.0, -1.0, 68, -263.0, -1.0, 256, 206.0, 222.0, 1088,
177, 65.0, 291.0, 136, 61.0, 271.0, 512, 127.0, 413.0, 2176, -263.0, -1.0, 68, -263.0, -1.0, 512, 413.0, 446.0, 2176,
178, 65.0, 88.0, 136, 57.0, 64.0, 512, 127.0, 206.0, 1088, -263.0, -1.0, 136, -263.0, -1.0, 512, 206.0, 222.0, 1088,
179, 65.0, 295.0, 272, 57.0, 271.0, 1024, 127.0, 413.0, 2176, -263.0, -1.0, 136, -263.0, -1.0, 1024, 413.0, 446.0, 2176,
180, 65.0, 96.0, 272, 49.0, 64.0, 1024, 127.0, 206.0, 1088, -263.0, -1.0, 272, -263.0, -1.0, 1024, 206.0, 222.0, 1088,
181, 65.0, 303.0, 544, 49.0, 271.0, 2048, 127.0, 413.0, 2176, -263.0, -1.0, 272, -263.0, -1.0, 2048, 413.0, 446.0, 2176,
182, 65.0, 112.0, 544, 33.0, 64.0, 2048, 127.0, 206.0, 1088, -263.0, -1.0, 544, -263.0, -1.0, 2048, 206.0, 222.0, 1088,
183, 65.0, 319.0, 1088, 33.0, 271.0, 4096, 127.0, 413.0, 2176, -263.0, -1.0, 544, -525.0, -1.0, 4096, 413.0, 446.0, 2176,
184, 65.0, 144.0, 1088, 1.0, 64.0, 4096, 127.0, 206.0, 1088, -263.0, -1.0, 1088, -525.0, -1.0, 4096, 206.0, 222.0, 1088,
185, 65.0, 351.0, 2176, 1.0, 271.0, 8192, 127.0, 413.0, 2176, -263.0, -1.0, 1088, -1049.0, -1.0, 8192, 413.0, 446.0, 2176,
186, 65.0, 765.0, 4352, 1.0, 685.0, 16384, 127.0, 827.0, 4352, -263.0, -1.0, 2176, -1835.0, -1.0, 16384, 827.0, 894.0, 4352,
187, 65.0, 85.0, 72, 61.0, 64.0, 256, 127.0, 207.0, 1152, -263.0, -1.0, 72, -263.0, -1.0, 256, 207.0, 224.0, 1152,
188, 65.0, 293.0, 144, 61.0, 272.0, 512, 127.0, 415.0, 2304, -263.0, -1.0, 72, -263.0, -1.0, 512, 415.0, 450.0, 2304,
189, 65.0, 89.0, 144, 57.0, 64.0, 512, 127.0, 207.0, 1152, -263.0, -1.0, 144, -263.0, -1.0, 512, 207.0, 224.0, 1152,
190, 65.0, 297.0, 288, 57.0, 272.0, 1024, 127.0, 415.0, 2304, -263.0, -1.0, 144, -263.0, -1.0, 1024, 415.0, 450.0, 2304,
191, 65.0, 97.0, 288, 49.0, 64.0, 1024, 127.0, 207.0, 1152, -263.0, -1.0, 288, -263.0, -1.0, 1024, 207.0, 224.0, 1152,
192, 65.0, 305.0, 576, 49.0, 272.0, 2048, 127.0, 415.0, 2304, -263.0, -1.0, 288, -263.0, -1.0, 2048, 415.0, 450.0, 2304,
193, 65.0, 113.0, 576, 33.0, 64.0, 2048, 127.0, 207.0, 1152, -263.0, -1.0, 576, -263.0, -1.0, 2048, 207.0, 224.0, 1152,
194, 65.0, 321.0, 1152, 33.0, 272.0, 4096, 127.0, 415.0, 2304, -263.0, -1.0, 576, -525.0, -1.0, 4096, 415.0, 450.0, 2304,
195, 65.0, 145.0, 1152, 1.0, 64.0, 4096, 127.0, 207.0, 1152, -263.0, -1.0, 1152, -525.0, -1.0, 4096, 207.0, 224.0, 1152,
196, 65.0, 353.0, 2304, 1.0, 272.0, 8192, 127.0, 415.0, 2304, -263.0, -1.0, 1152, -1049.0, -1.0, 8192, 415.0, 450.0, 2304,
197, 65.0, 769.0, 4608, 1.0, 688.0, 16384, 127.0, 831.0, 4608, -263.0, -1.0, 2304, -1835.0, -1.0, 16384, 831.0, 902.0, 4608,
198, 65.0, 86.0, 76, 61.0, 64.0, 256, 127.0, 208.0, 1216, -263.0, -1.0, 76, -263.0, -1.0, 256, 208.0, 226.0, 1216,
199, 65.0, 295.0, 152, 61.0, 273.0, 512, 127.0, 417.0, 2432, -263.0, -1.0, 76, -263.0, -1.0, 512, 417.0, 454.0, 2432,
200, 65.0, 90.0, 152, 57.0, 64.0, 512, 127.0, 208.0, 1216, -263.0, -1.0, 152, -263.0, -1.0, 512, 208.0, 226.0, 1216,
201, 65.0, 299.0, 304, 57.0, 273.0, 1024, 127.0, 417.0, 2432, -263.0, -1.0, 152, -263.0, -1.0, 1024, 417.0, 454.0, 2432,
202, 65.0, 98.0, 304, 49.0, 64.0, 1024, 127.0, 208.0, 1216, -263.0, -1.0, 304, -263.0, -1.0, 1024, 208.0, 226.0, 1216,
203, 65.0, 307.0, 608, 49.0, 273.0, 2048, 127.0, 417.0, 2432, -263.0, -1.0, 304, -263.0, -1.0, 2048, 417.0, 454.0, 2432,
204, 65.0, 114.0, 608, 33.0, 64.0, 2048, 127.0, 208.0, 1216, -263.0, -1.0, 608, -263.0, -1.0, 2048, 208.0, 226.0, 1216,
205, 65.0, 323.0, 1216, 33.0, 273.0, 4096, 127.0, 417.0, 2432, -263.0, -1.0, 608, -525.0, -1.0, 4096, 417.0, 454.0, 2432,
206, 65.0, 146.0, 1216, 1.0, 64.0, 4096, 127.0, 208.0, 1216, -263.0, -1.0, 1216, -525.0, -1.0, 4096, 208.0, 226.0, 1216,
207, 65.0, 355.0, 2432, 1.0, 273.0, 8192, 127.0, 417.0, 2432, -263.0, -1.0, 1216, -1049.0, -1.0, 8192, 417.0, 454.0, 2432,
208, 65.0, 773.0, 4864, 1.0, 691.0, 16384, 127.0, 835.0, 4864, -263.0, -1.0, 2432, -1835.0, -1.0, 16384, 835.0, 910.0, 4864,
209, 65.0, 87.0, 80, 61.0, 64.0, 256, 127.0, 209.0, 1280, -263.0, -1.0, 80, -263.0, -1.0, 256, 209.0, 228.0, 1280,
210, 65.0, 297.0, 160, 61.0, 274.0, 512, 127.0, 419.0, 2560, -263.0, -1.0, 80, -263.0, -1.0, 512, 419.0, 458.0, 2560,
211, 65.0, 91.0, 160, 57.0, 64.0, 512, 127.0, 209.0, 1280, -263.0, -1.0, 160, -263.0, -1.0, 512, 209.0, 228.0, 1280,
212, 65.0, 301.0, 320, 57.0, 274.0, 1024, 127.0, 419.0, 2560, -263.0, -1.0, 160, -263.0, -1.0, 1024, 419.0, 458.0, 2560,
213, 65.0, 99.0, 320, 49.0, 64.0, 1024, 127.0, 209.0, 1280, -263.0, -1.0, 320, -263.0, -1.0, 1024, 209.0, 228.0, 1280,
214, 65.0, 309.0, 640, 49.0, 274.0, 2048, 127.0, 419.0, 2560, -263.0, -1.0, 320, -263.0, -1.0, 2048, 419.0, 458.0, 2560,
215, 65.0, 115.0, 640, 33.0, 64.0, 2048, 127.0, 209.0, 1280, -263.0, -1.0, 640, -263.0, -1.0, 2048, 209.0, 228.0, 1280,
216, 65.0, 325.0, 1280, 33.0, 274.0, 4096, 127.0, 419.0, 2560, -263.0, -1.0, 640, -525.0, -1.0, 4096, 419.0, 458.0, 2560,
217, 65.0, 147.0, 1280, 1.0, 64.0, 4096, 127.0, 209.0, 1280, -263.0, -1.0, 1280, -525.0, -1.0, 4096, 209.0, 228.0, 1280,
218, 65.0, 357.0, 2560, 1.0, 274.0, 8192, 127.0, 419.0, 2560, -263.0, -1.0, 1280, -1049.0, -1.0, 8192, 419.0, 458.0, 2560,
219, 65.0, 777.0, 5120, 1.0, 694.0, 16384, 127.0, 839.0, 5120, -263.0, -1.0, 2560, -1835.0, -1.0, 16384, 839.0, 918.0, 5120,
220, 65.0, 88.0, 84, 61.0, 64.0, 256, 127.0, 210.0, 1344, -263.0, -1.0, 84, -263.0, -1.0, 256, 210.0, 230.0, 1344,
221, 65.0, 299.0, 168, 61.0, 275.0, 512, 127.0, 421.0, 2688, -263.0, -1.0, 84, -263.0, -1.0, 512, 421.0, 462.0, 2688,
222, 65.0, 92.0, 168, 57.0, 64.0, 512, 127.0, 210.0, 1344, -263.0, -1.0, 168, -263.0, -1.0, 512, 210.0, 230.0, 1344,
223, 65.0, 303.0, 336, 57.0, 275.0, 1024, 127.0, 421.0, 2688, -263.0, -1.0, 168, -263.0, -1.0, 1024, 421.0, 462.0, 2688,
224, 65.0, 100.0, 336, 49.0, 64.0, 1024, 127.0, 210.0, 1344, -263.0, -1.0, 336, -263.0, -1.0, 1024, 210.0, 230.0, 1344,
225, 65.0, 311.0, 672, 49.0, 275.0, 2048, 127.0, 421.0, 2688, -263.0, -1.0, 336, -263.0, -1.0, 2048, 421.0, 462.0, 2688,
226, 65.0, 116.0, 672, 33.0, 64.0, 2048, 127.0, 210.0, 1344, -263.0, -1.0, 672, -263.0, -1.0, 2048, 210.0, 230.0, 1344,
227, 65.0, 327.0, 1344, 33.0, 275.0, 4096, 127.0, 421.0, 2688, -263.0, -1.0, 672, -525.0, -1.0, 4096, 421.0, 462.0, 2688,
228, 65.0, 148.0, 1344, 1.0, 64.0, 4096, 127.0, 210.0, 1344, -263.0, -1.0, 1344, -525.0, -1.0, 4096, 210.0, 230.0, 1344,
229, 65.0, 359.0, 2688, 1.0, 275.0, 8192, 127.0, 421.0, 2688, -263.0, -1.0, 1344, -1049.0, -1.0, 8192, 421.0, 462.0, 2688,
230, 65.0, 781.0, 5376, 1.0, 697.0, 16384, 127.0, 843.0, 5376, -525.0, -1.0, 2688, -1835.0, -1.0, 16384, 843.0, 926.0, 5376,
231, 65.0, 89.0, 88, 61.0, 64.0, 256, 127.0, 211.0, 1408, -263.0, -1.0, 88, -263.0, -1.0, 256, 211.0, 232.0, 1408,
232, 65.0, 301.0, 176, 61.0, 276.0, 512, 127.0, 423.0, 2816, -263.0, -1.0, 88, -263.0, -1.0, 512, 423.0, 466.0, 2816,
233, 65.0, 93.0, 176, 57.0, 64.0, 512, 127.0, 211.0, 1408, -263.0, -1.0, 176, -263.0, -1.0, 512, 211.0, 232.0, 1408,
234, 65.0, 305.0, 352, 57.0, 276.0, 1024, 127.0, 423.0, 2816, -263.0, -1.0, 176, -263.0, -1.0, 1024, 423.0, 466.0, 2816,
235, 65.0, 101.0, 352, 49.0, 64.0, 1024, 127.0, 211.0, 1408, -263.0, -1.0, 352, -263.0, -1.0, 1024, 211.0, 232.0, 1408,
236, 65.0, 313.0, 704, 49.0, 276.0, 2048, 127.0, 423.0, 2816, -263.0, -1.0, 352, -263.0, -1.0, 2048, 423.0, 466.0, 2816,
237, 65.0, 117.0, 704, 33.0, 64.0, 2048, 127.0, 211.0, 1408, -263.0, -1.0, 704, -263.0, -1.0, 2048, 211.0, 232.0, 1408,
238, 65.0, 329.0, 1408, 33.0, 276.0, 4096, 127.0, 423.0, 2816, -263.0, -1.0, 704, -525.0, -1.0, 4096, 423.0, 466.0, 2816,
239, 65.0, 149.0, 1408, 1.0, 64.0, 4096, 127.0, 211.0, 1408, -263.0, -1.0, 1408, -525.0, -1.0, 4096, 211.0, 232.0, 1408,
240, 65.0, 361.0, 2816, 1.0, 276.0, 8192, 127.0, 423.0, 2816, -263.0, -1.0, 1408, -1049.0, -1.0, 8192, 423.0, 466.0, 2816,
241, 65.0, 785.0, 5632, 1.0, 700.0, 16384, 127.0, 847.0, 5632, -525.0, -1.0, 2816, -1835.0, -1.0, 16384, 847.0, 934.0, 5632,
242, 65.0, 90.0, 92, 61.0, 64.0, 256, 127.0, 212.0, 1472, -263.0, -1.0, 92, -263.0, -1.0, 256, 212.0, 234.0, 1472,
243, 65.0, 303.0, 184, 61.0, 277.0, 512, 127.0, 425.0, 2944, -263.0, -1.0, 92, -263.0, -1.0, 512, 425.0, 470.0, 2944,
244, 65.0, 94.0, 184, 57.0, 64.0, 512, 127.0, 212.0, 1472, -263.0, -1.0, 184, -263.0, -1.0, 512, 212.0, 234.0, 1472,
245, 65.0, 307.0, 368, 57.0, 277.0, 1024, 127.0, 425.0, 2944, -263.0, -1.0, 184, -263.0, -1.0, 1024, 425.0, 470.0, 2944,
246, 65.0, 102.0, 368, 49.0, 64.0, 1024, 127.0, 212.0, 1472, -263.0, -1.0, 368, -263.0, -1.0, 1024, 212.0, 234.0, 1472,
247, 65.0, 315.0, 736, 49.0, 277.0, 2048, 127.0, 425.0, 2944, -263.0, -1.0, 368, -263.0, -1.0, 2048, 425.0, 470.0, 2944,
248, 65.0, 118.0, 736, 33.0, 64.0, 2048, 127.0, 212.0, 1472, -263.0, -1.0, 736, -263.0, -1.0, 2048, 212.0, 234.0, 1472,
249, 65.0, 331.0, 1472, 33.0, 277.0, 4096, 127.0, 425.0, 2944, -263.0, -1.0, 736, -525.0, -1.0, 4096, 425.0, 470.0, 2944,
250, 65.0, 150.0, 1472, 1.0, 64.0, 4096, 127.0, 212.0, 1472, -263.0, -1.0, 1472, -525.0, -1.0, 4096, 212.0, 234.0, 1472,
251, 65.0, 363.0, 2944, 1.0, 277.0, 8192, 127.0, 425.0, 2944, -263.0, -1.0, 1472, -1049.0, -1.0, 8192, 425.0, 470.0, 2944,
252, 65.0, 789.0, 5888, 1.0, 703.0, 16384, 127.0, 851.0, 5888, -525.0, -1.0, 2944, -1835.0, -1.0, 16384, 851.0, 942.0, 5888,
253, 65.0, 91.0, 96, 61.0, 64.0, 256, 127.0, 213.0, 1536, -263.0, -1.0, 96, -263.0, -1.0, 256, 213.0, 236.0, 1536,
254, 65.0, 305.0, 192, 61.0, 278.0, 512, 127.0, 427.0, 3072, -263.0, -1.0, 96, -263.0, -1.0, 512, 427.0, 474.0, 3072,
255, 65.0, 95.0, 192, 57.0, 64.0, 512, 127.0, 213.0, 1536, -263.0, -1.0, 192, -263.0, -1.0, 512, 213.0, 236.0, 1536,
256, 65.0, 309.0, 384, 57.0, 278.0, 1024, 127.0, 427.0, 3072, -263.0, -1.0, 192, -263.0, -1.0, 1024, 427.0, 474.0, 3072,
257, 65.0, 103.0, 384, 49.0, 64.0, 1024, 127.0, 213.0, 1536, -263.0, -1.0, 384, -263.0, -1.0, 1024, 213.0, 236.0, 1536,
258, 65.0, 317.0, 768, 49.0, 278.0, 2048, 127.0, 427.0, 3072, -263.0, -1.0, 384, -263.0, -1.0, 2048, 427.0, 474.0, 3072,
259, 65.0, 119.0, 768, 33.0, 64.0, 2048, 127.0, 213.0, 1536, -263.0, -1.0, 768, -263.0, -1.0, 2048, 213.0, 236.0, 1536,
260, 65.0, 333.0, 1536, 33.0, 278.0, 4096, 127.0, 427.0, 3072, -263.0, -1.0, 768, -525.0, -1.0, 4096, 427.0, 474.0, 3072,
261, 65.0, 151.0, 1536, 1.0, 64.0, 4096, 127.0, 213.0, 1536, -263.0, -1.0, 1536, -525.0, -1.0, 4096, 213.0, 236.0, 1536,
262, 65.0, 365.0, 3072, 1.0, 278.0, 8192, 127.0, 427.0, 3072, -263.0, -1.0, 1536, -1049.0, -1.0, 8192, 427.0, 474.0, 3072,
263, 65.0, 793.0, 6144, 1.0, 706.0, 16384, 127.0, 855.0, 6144, -525.0, -1.0, 3072, -1835.0, -1.0, 16384, 855.0, 950.0, 6144,
264, 65.0, 92.0, 100, 61.0, 64.0, 256, 127.0, 214.0, 1600, -263.0, -1.0, 100, -263.0, -1.0, 256, 214.0, 238.0, 1600,
265, 65.0, 307.0, 200, 61.0, 279.0, 512, 127.0, 429.0, 3200, -263.0, -1.0, 100, -263.0, -1.0, 512, 429.0, 478.0, 3200,
266, 65.0, 96.0, 200, 57.0, 64.0, 512, 127.0, 214.0, 1600, -263.0, -1.0, 200, -263.0, -1.0, 512, 214.0, 238.0, 1600,
267, 65.0, 311.0, 400, 57.0, 279.0, 1024, 127.0, 429.0, 3200, -263.0, -1.0, 200, -263.0, -1.0, 1024, 429.0, 478.0, 3200,
268, 65.0, 104.0, 400, 49.0, 64.0, 1024, 127.0, 214.0, 1600, -263.0, -1.0, 400, -263.0, -1.0, 1024, 214.0, 238.0, 1600,
269, 65.0, 319.0, 800, 49.0, 279.0, 2048, 127.0, 429.0, 3200, -263.0, -1.0, 400, -263.0, -1.0, 2048, 429.0, 478.0, 3200,
270, 65.0, 120.0, 800, 33.0, 64.0, 2048, 127.0, 214.0, 1600, -263.0, -1.0, 800, -263.0, -1.0, 2048, 214.0, 238.0, 1600,
271, 65.0, 335.0, 1600, 33.0, 279.0, 4096, 127.0, 429.0, 3200, -263.0, -1.0, 800, -525.0, -1.0, 4096, 429.0, 478.0, 3200,
272, 65.0, 152.0, 1600, 1.0, 64.0, 4096, 127.0, 214.0, 1600, -263.0, -1.0, 1600, -525.0, -1.0, 4096, 214.0, 238.0, 1600,
273, 65.0, 367.0, 3200, 1.0, 279.0, 8192, 127.0, 429.0, 3200, -263.0, -1.0, 1600, -1049.0, -1.0, 8192, 429.0, 478.0, 3200,
274, 65.0, 797.0, 6400, 1.0, 709.0, 16384, 127.0, 859.0, 6400, -525.0, -1.0, 3200, -1835.0, -1.0, 16384, 859.0, 958.0, 6400,
275, 65.0, 93.0, 104, 61.0, 64.0, 256, 127.0, 215.0, 1664, -263.0, -1.0, 104, -263.0, -1.0, 256, 215.0, 240.0, 1664,
276, 65.0, 309.0, 208, 61.0, 280.0, 512, 127.0, 431.0, 3328, -263.0, -1.0, 104, -263.0, -1.0, 512, 431.0, 482.0, 3328,
277, 65.0, 97.0, 208, 57.0, 64.0, 512, 127.0, 215.0, 1664, -263.0, -1.0, 208, -263.0, -1.0, 512, 215.0, 240.0, 1664,
278, 65.0, 313.0, 416, 57.0, 280.0, 1024, 127.0, 431.0, 3328, -263.0, -1.0, 208, -263.0, -1.0, 1024, 431.0, 482.0, 3328,
279, 65.0, 105.0, 416, 49.0, 64.0, 1024, 127.0, 215.0, 1664, -263.0, -1.0, 416, -263.0, -1.0, 1024, 215.0, 240.0, 1664,
280, 65.0, 321.0, 832, 49.0, 280.0, 2048, 127.0, 431.0, 3328, -263.0, -1.0, 416, -263.0, -1.0, 2048, 431.0, 482.0, 3328,
281, 65.0, 121.0, 832, 33.0, 64.0, 2048, 127.0, 215.0, 1664, -263.0, -1.0, 832, -263.0, -1.0, 2048, 215.0, 240.0, 1664,
282, 65.0, 337.0, 1664, 33.0, 280.0, 4096, 127.0, 431.0, 3328, -263.0, -1.0, 832, -525.0, -1.0, 4096, 431.0, 482.0, 3328,
283, 65.0, 153.0, 1664, 1.0, 64.0, 4096, 127.0, 215.0, 1664, -263.0, -1.0, 1664, -525.0, -1.0, 4096, 215.0, 240.0, 1664,
284, 65.0, 369.0, 3328, 1.0, 280.0, 8192, 127.0, 431.0, 3328, -263.0, -1.0, 1664, -1049.0, -1.0, 8192, 431.0, 482.0, 3328,
285, 65.0, 801.0, 6656, 1.0, 712.0, 16384, 127.0, 863.0, 6656, -525.0, -1.0, 3328, -1835.0, -1.0, 16384, 863.0, 966.0, 6656,
286, 65.0, 94.0, 108, 61.0, 64.0, 256, 127.0, 216.0, 1728, -263.0, -1.0, 108, -263.0, -1.0, 256, 216.0, 242.0, 1728,
287, 65.0, 311.0, 216, 61.0, 281.0, 512, 127.0, 433.0, 3456, -263.0, -1.0, 108, -263.0, -1.0, 512, 433.0, 486.0, 3456,
288, 65.0, 98.0, 216, 57.0, 64.0, 512, 127.0, 216.0, 1728, -263.0, -1.0, 216, -263.0, -1.0, 512, 216.0, 242.0, 1728,
289, 65.0, 315.0, 432, 57.0, 281.0, 1024, 127.0, 433.0, 3456, -263.0, -1.0, 216, -263.0, -1.0, 1024, 433.0, 486.0, 3456,
290, 65.0, 106.0, 432, 49.0, 64.0, 1024, 127.0, 216.0, 1728, -263.0, -1.0, 432, -263.0, -1.0, 1024, 216.0, 242.0, 1728,
291, 65.0, 323.0, 864, 49.0, 281.0, 2048, 127.0, 433.0, 3456, -263.0, -1.0, 432, -263.0, -1.0, 2048, 433.0, 486.0, 3456,
292, 65.0, 122.0, 864, 33.0, 64.0, 2048, 127.0, 216.0, 1728, -263.0, -1.0, 864, -263.0, -1.0, 2048, 216.0, 242.0, 1728,
293, 65.0, 339.0, 1728, 33.0, 281.0, 4096, 127.0, 433.0, 3456, -263.0, -1.0, 864, -525.0, -1.0, 4096, 433.0, 486.0, 3456,
294, 65.0, 154.0, 1728, 1.0, 64.0, 4096, 127.0, 216.0, 1728, -263.0, -1.0, 1728, -525.0, -1.0, 4096, 216.0, 242.0, 1728,
295, 65.0, 371.0, 3456, 1.0, 281.0, 8192, 127.0, 433.0, 3456, -263.0, -1.0, 1728, -1049.0, -1.0, 8192, 433.0, 486.0, 3456,
296, 65.0, 805.0, 6912, 1.0, 715.0, 16384, 127.0, 867.0, 6912, -525.0, -1.0, 3456, -1835.0, -1.0, 16384, 867.0, 974.0, 6912,
297, 65.0, 95.0, 112, 61.0, 64.0, 256, 127.0, 217.0, 1792, -263.0, -1.0, 112, -263.0, -1.0, 256, 217.0, 244.0, 1792,
298, 65.0, 313.0, 224, 61.0, 282.0, 512, 127.0, 435.0, 3584, -263.0, -1.0, 112, -263.0, -1.0, 512, 435.0, 490.0, 3584,
299, 65.0, 99.0, 224, 57.0, 64.0, 512, 127.0, 217.0, 1792, -263.0, -1.0, 224, -263.0, -1.0, 512, 217.0, 244.0, 1792,
300, 65.0, 317.0, 448, 57.0, 282.0, 1024, 127.0, 435.0, 3584, -263.0, -1.0, 224, -263.0, -1.0, 1024, 435.0, 490.0, 3584,
301, 65.0, 107.0, 448, 49.0, 64.0, 1024, 127.0, 217.0, 1792, -263.0, -1.0, 448, -263.0, -1.0, 1024, 217.0, 244.0, 1792,
302, 65.0, 325.0, 896, 49.0, 282.0, 2048, 127.0, 435.0, 3584, -263.0, -1.0, 448, -263.0, -1.0, 2048, 435.0, 490.0, 3584,
303, 65.0, 123.0, 896, 33.0, 64.0, 2048, 127.0, 217.0, 1792, -263.0, -1.0, 896, -263.0, -1.0, 2048, 217.0, 244.0, 1792,
304, 65.0, 341.0, 1792, 33.0, 282.0, 4096, 127.0, 435.0, 3584, -263.0, -1.0, 896, -525.0, -1.0, 4096, 435.0, 490.0, 3584,
305, 65.0, 155.0, 1792, 1.0, 64.0, 4096, 127.0, 217.0, 1792, -263.0, -1.0, 1792, -525.0, -1.0, 4096, 217.0, 244.0, 1792,
306, 65.0, 373.0, 3584, 1.0, 282.0, 8192, 127.0, 435.0, 3584, -263.0, -1.0, 1792, -1049.0, -1.0, 8192, 435.0, 490.0, 3584,
307, 65.0, 809.0, 7168, 1.0, 718.0, 16384, 127.0, 871.0, 7168, -525.0, -1.0, 3584, -1835.0, -1.0, 16384, 871.0, 982.0, 7168,
308, 65.0, 96.0, 116, 61.0, 64.0, 256, 127.0, 218.0, 1856, -263.0, -1.0, 116, -263.0, -1.0, 256, 218.0, 246.0, 1856,
309, 65.0, 315.0, 232, 61.0, 283.0, 512, 127.0, 437.0, 3712, -263.0, -1.0, 116, -263.0, -1.0, 512, 437.0, 494.0, 3712,
310, 65.0, 100.0, 232, 57.0, 64.0, 512, 127.0, 218.0, 1856, -263.0, -1.0, 232, -263.0, -1.0, 512, 218.0, 246.0, 1856,
311, 65.0, 319.0, 464, 57.0, 283.0, 1024, 127.0, 437.0, 3712, -263.0, -1.0, 232, -263.0, -1.0, 1024, 437.0, 494.0, 3712,
312, 65.0, 108.0, 464, 49.0, 64.0, 1024, 127.0, 218.0, 1856, -263.0, -1.0, 464, -263.0, -1.0, 1024, 218.0, 246.0, 1856,
313, 65.0, 327.0, 928, 49.0, 283.0, 2048, 127.0, 437.0, 3712, -263.0, -1.0, 464, -263.0, -1.0, 2048, 437.0, 494.0, 3712,
314, 65.0, 124.0, 928, 33.0, 64.0, 2048, 127.0, 218.0, 1856, -263.0, -1.0, 928, -263.0, -1.0, 2048, 218.0, 246.0, 1856,
315, 65.0, 343.0, 1856, 33.0, 283.0, 4096, 127.0, 437.0, 3712, -263.0, -1.0, 928, -525.0, -1.0, 4096, 437.0, 494.0, 3712,
316, 65.0, 156.0, 1856, 1.0, 64.0, 4096, 127.0, 218.0, 1856, -263.0, -1.0, 1856, -525.0, -1.0, 4096, 218.0, 246.0, 1856,
317, 65.0, 375.0, 3712, 1.0, 283.0, 8192, 127.0, 437.0, 3712, -263.0, -1.0, 1856, -1049.0, -1.0, 8192, 437.0, 494.0, 3712,
318, 65.0, 813.0, 7424, 1.0, 721.0, 16384, 127.0, 875.0, 7424, -525.0, -1.0, 3712, -1835.0, -1.0, 16384, 875.0, 990.0, 7424,
319, 65.0, 97.0, 120, 61.0, 64.0, 256, 127.0, 219.0, 1920, -263.0, -1.0, 120, -263.0, -1.0, 256, 219.0, 248.0, 1920,
320, 65.0, 317.0, 240, 61.0, 284.0, 512, 127.0, 439.0, 3840, -263.0, -1.0, 120, -263.0, -1.0, 512, 439.0, 498.0, 3840,
321, 65.0, 101.0, 240, 57.0, 64.0, 512, 127.0, 219.0, 1920, -263.0, -1.0, 240, -263.0, -1.0, 512, 219.0, 248.0, 1920,
322, 65.0, 321.0, 480, 57.0, 284.0, 1024, 127.0, 439.0, 3840, -263.0, -1.0, 240, -263.0, -1.0, 1024, 439.0, 498.0, 3840,
323, 65.0, 109.0, 480, 49.0, 64.0, 1024, 127.0, 219.0, 1920, -263.0, -1.0, 480, -263.0, -1.0, 1024, 219.0, 248.0, 1920,
324, 65.0, 329.0, 960, 49.0, 284.0, 2048, 127.0, 439.0, 3840, -263.0, -1.0, 480, -263.0, -1.0, 2048, 439.0, 498.0, 3840,
325, 65.0, 125.0, 960, 33.0, 64.0, 2048, 127.0, 219.0, 1920, -263.0, -1.0, 960, -263.0, -1.0, 2048, 219.0, 248.0, 1920,
326, 65.0, 345.0, 1920, 33.0, 284.0, 4096, 127.0, 439.0, 3840, -263.0, -1.0, 960, -525.0, -1.0, 4096, 439.0, 498.0, 3840,
327, 65.0, 157.0, 1920, 1.0, 64.0, 4096, 127.0, 219.0, 1920, -263.0, -1.0, 1920, -525.0, -1.0, 4096, 219.0, 248.0, 1920,
328, 65.0, 377.0, 3840, 1.0, 284.0, 8192, 127.0, 439.0, 3840, -263.0, -1.0, 1920, -1049.0, -1.0, 8192, 439.0, 498.0, 3840,
329, 65.0, 817.0, 7680, 1.0, 724.0, 16384, 127.0, 879.0, 7680, -525.0, -1.0, 3840, -1835.0, -1.0, 16384, 879.0, 998.0, 7680,
330, 65.0, 98.0, 124, 61.0, 64.0, 256, 127.0, 220.0, 1984, -263.0, -1.0, 124, -263.0, -1.0, 256, 220.0, 250.0, 1984,
331, 65.0, 319.0, 248, 61.0, 285.0, 512, 127.0, 441.0, 3968, -263.0, -1.0, 124, -263.0, -1.0, 512, 441.0, 502.0, 3968,
332, 65.0, 102.0, 248, 57.0, 64.0, 512, 127.0, 220.0, 1984, -263.0, -1.0, 248, -263.0, -1.0, 512, 220.0, 250.0, 1984,
333, 65.0, 323.0, 496, 57.0, 285.0, 1024, 127.0, 441.0, 3968, -263.0, -1.0, 248, -263.0, -1.0, 1024, 441.0, 502.0, 3968,
334, 65.0, 110.0, 496, 49.0, 64.0, 1024, 127.0, 220.0, 1984, -263.0, -1.0, 496, -263.0, -1.0, 1024, 220.0, 250.0, 1984,
335, 65.0, 331.0, 992, 49.0, 285.0, 2048, 127.0, 441.0, 3968, -263.0, -1.0, 496, -263.0, -1.0, 2048, 441.0, 502.0, 3968,
336, 65.0, 126.0, 992, 33.0, 64.0, 2048, 127.0, 220.0, 1984, -263.0, -1.0, 992, -263.0, -1.0, 2048, 220.0, 250.0, 1984,
337, 65.0, 347.0, 1984, 33.0, 285.0, 4096, 127.0, 441.0, 3968, -263.0, -1.0, 992, -525.0, -1.0, 4096, 441.0, 502.0, 3968,
338, 65.0, 158.0, 1984, 1.0, 64.0, 4096, 127.0, 220.0, 1984, -263.0, -1.0, 1984, -525.0, -1.0, 4096, 220.0, 250.0, 1984,
339, 65.0, 379.0, 3968, 1.0, 285.0, 8192, 127.0, 441.0, 3968, -263.0, -1.0, 1984, -1049.0, -1.0, 8192, 441.0, 502.0, 3968,
340, 65.0, 821.0, 7936, 1.0, 727.0, 16384, 127.0, 883.0, 7936, -525.0, -1.0, 3968, -1835.0, -1.0, 16384, 883.0, 1006.0, 7936,
341, 65.0, 99.0, 128, 61.0, 64.0, 256, 127.0, 221.0, 2048, -263.0, -1.0, 128, -263.0, -1.0, 256, 221.0, 252.0, 2048,
342, 65.0, 321.0, 256, 61.0, 286.0, 512, 127.0, 443.0, 4096, -263.0, -1.0, 128, -263.0, -1.0, 512, 443.0, 506.0, 4096,
343, 65.0, 103.0, 256, 57.0, 64.0, 512, 127.0, 221.0, 2048, -263.0, -1.0, 256, -263.0, -1.0, 512, 221.0, 252.0, 2048,
344, 65.0, 325.0, 512, 57.0, 286.0, 1024, 127.0, 443.0, 4096, -263.0, -1.0, 256, -263.0, -1.0, 1024, 443.0, 506.0, 4096,
345, 65.0, 111.0, 512, 49.0, 64.0, 1024, 127.0, 221.0, 2048, -263.0, -1.0, 512, -263.0, -1.0, 1024, 221.0, 252.0, 2048,
346, 65.0, 333.0, 1024, 49.0, 286.0, 2048, 127.0, 443.0, 4096, -263.0, -1.0, 512, -263.0, -1.0, 2048, 443.0, 506.0, 4096,
347, 65.0, 127.0, 1024, 33.0, 64.0, 2048, 127.0, 221.0, 2048, -263.0, -1.0, 1024, -263.0, -1.0, 2048, 221.0, 252.0, 2048,
348, 65.0, 349.0, 2048, 33.0, 286.0, 4096, 127.0, 443.0, 4096, -263.0, -1.0, 1024, -525.0, -1.0, 4096, 443.0, 506.0, 4096,
349, 65.0, 159.0, 2048, 1.0, 64.0, 4096, 127.0, 221.0, 2048, -263.0, -1.0, 2048, -525.0, -1.0, 4096, 221.0, 252.0, 2048,
350, 65.0, 381.0, 4096, 1.0, 286.0, 8192, 127.0, 443.0, 4096, -263.0, -1.0, 2048, -1049.0, -1.0, 8192, 443.0, 506.0, 4096,
351, 65.0, 825.0, 8192, 1.0, 730.0, 16384, 127.0, 887.0, 8192, -525.0, -1.0, 4096, -1835.0, -1.0, 16384, 887.0, 1014.0, 8192,
352, 65.0, 100.0, 132, 61.0, 64.0, 256, 127.0, 222.0, 2112, -263.0, -1.0, 132, -263.0, -1.0, 256, 222.0, 254.0, 2112,
353, 65.0, 323.0, 264, 61.0, 287.0, 512, 127.0, 445.0, 4224, -263.0, -1.0, 132, -263.0, -1.0, 512, 445.0, 510.0, 4224,
354, 65.0, 104.0, 264, 57.0, 64.0, 512, 127.0, 222.0, 2112, -263.0, -1.0, 264, -263.0, -1.0, 512, 222.0, 254.0, 2112,
355, 65.0, 327.0, 528, 57.0, 287.0, 1024, 127.0, 445.0, 4224, -263.0, -1.0, 264, -263.0, -1.0, 1024, 445.0, 510.0, 4224,
356, 65.0, 112.0, 528, 49.0, 64.0, 1024, 127.0, 222.0, 2112, -263.0, -1.0, 528, -263.0, -1.0, 1024, 222.0, 254.0, 2112,
357, 65.0, 335.0, 1056, 49.0, 287.0, 2048, 127.0, 445.0, 4224, -263.0, -1.0, 528, -263.0, -1.0, 2048, 445.0, 510.0, 4224,
358, 65.0, 128.0, 1056, 33.0, 64.0, 2048, 127.0, 222.0, 2112, -263.0, -1.0, 1056, -263.0, -1.0, 2048, 222.0, 254.0, 2112,
359, 65.0, 351.0, 2112, 33.0, 287.0, 4096, 127.0, 445.0, 4224, -263.0, -1.0, 1056, -525.0, -1.0, 4096, 445.0, 510.0, 4224,
360, 65.0, 160.0, 2112, 1.0, 64.0, 4096, 127.0, 222.0, 2112, -263.0, -1.0, 2112, -525.0, -1.0, 4096, 222.0, 254.0, 2112,
361, 65.0, 383.0, 4224, 1.0, 287.0, 8192, 127.0, 445.0, 4224, -263.0, -1.0, 2112, -1049.0, -1.0, 8192, 445.0, 510.0, 4224,
362, 65.0, 829.0, 8448, 1.0, 733.0, 16384, 127.0, 891.0, 8448, -525.0, -1.0, 4224, -1835.0, -1.0, 16384, 891.0, 1022.0, 8448,
363, 65.0, 101.0, 136, 61.0, 64.0, 256, 127.0, 223.0, 2176, -263.0, -1.0, 136, -263.0, -1.0, 256, 223.0, 256.0, 2176,
364, 65.0, 325.0, 272, 61.0, 288.0, 512, 127.0, 447.0, 4352, -263.0, -1.0, 136, -263.0, -1.0, 512, 447.0, 514.0, 4352,
365, 65.0, 105.0, 272, 57.0, 64.0, 512, 127.0, 223.0, 2176, -263.0, -1.0, 272, -263.0, -1.0, 512, 223.0, 256.0, 2176,
366, 65.0, 329.0, 544, 57.0, 288.0, 1024, 127.0, 447.0, 4352, -263.0, -1.0, 272, -263.0, -1.0, 1024, 447.0, 514.0, 4352,
367, 65.0, 113.0, 544, 49.0, 64.0, 1024, 127.0, 223.0, 2176, -263.0, -1.0, 544, -263.0, -1.0, 1024, 223.0, 256.0, 2176,
368, 65.0, 337.0, 1088, 49.0, 288.0, 2048, 127.0, 447.0, 4352, -263.0, -1.0, 544, -263.0, -1.0, 2048, 447.0, 514.0, 4352,
369, 65.0, 129.0, 1088, 33.0, 64.0, 2048, 127.0, 223.0, 2176, -263.0, -1.0, 1088, -263.0, -1.0, 2048, 223.0, 256.0, 2176,
370, 65.0, 353.0, 2176, 33.0, 288.0, 4096, 127.0, 447.0, 4352, -263.0, -1.0, 1088, -525.0, -1.0, 4096, 447.0, 514.0, 4352,
371, 65.0, 161.0, 2176, 1.0, 64.0, 4096, 127.0, 223.0, 2176, -263.0, -1.0, 2176, -525.0, -1.0, 4096, 223.0, 256.0, 2176,
372, 65.0, 385.0, 4352, 1.0, 288.0, 8192, 127.0, 447.0, 4352, -263.0, -1.0, 2176, -1049.0, -1.0, 8192, 447.0, 514.0, 4352,
373, 65.0, 833.0, 8704, 1.0, 736.0, 16384, 127.0, 895.0, 8704, -525.0, -1.0, 4352, -1835.0, -1.0, 16384, 895.0, 1030.0, 8704,
374, 65.0, 102.0, 140, 61.0, 64.0, 256, 127.0, 224.0, 2240, -263.0, -1.0, 140, -263.0, -1.0, 256, 224.0, 258.0, 2240,
375, 65.0, 327.0, 280, 61.0, 289.0, 512, 127.0, 449.0, 4480, -263.0, -1.0, 140, -263.0, -1.0, 512, 449.0, 518.0, 4480,
376, 65.0, 106.0, 280, 57.0, 64.0, 512, 127.0, 224.0, 2240, -263.0, -1.0, 280, -263.0, -1.0, 512, 224.0, 258.0, 2240,
377, 65.0, 331.0, 560, 57.0, 289.0, 1024, 127.0, 449.0, 4480, -263.0, -1.0, 280, -263.0, -1.0, 1024, 449.0, 518.0, 4480,
378, 65.0, 114.0, 560, 49.0, 64.0, 1024, 127.0, 224.0, 2240, -263.0, -1.0, 560, -263.0, -1.0, 1024, 224.0, 258.0, 2240,
379, 65.0, 339.0, 1120, 49.0, 289.0, 2048, 127.0, 449.0, 4480, -263.0, -1.0, 560, -263.0, -1.0, 2048, 449.0, 518.0, 4480,
380, 65.0, 130.0, 1120, 33.0, 64.0, 2048, 127.0, 224.0, 2240, -263.0, -1.0, 1120, -263.0, -1.0, 2048, 224.0, 258.0, 2240,
381, 65.0, 355.0, 2240, 33.0, 289.0, 4096, 127.0, 449.0, 4480, -263.0, -1.0, 1120, -525.0, -1.0, 4096, 449.0, 518.0, 4480,
382, 65.0, 162.0, 2240, 1.0, 64.0, 4096, 127.0, 224.0, 2240, -263.0, -1.0, 2240, -525.0, -1.0, 4096, 224.0, 258.0, 2240,
383, 65.0, 387.0, 4480, 1.0, 289.0, 8192, 127.0, 449.0, 4480, -263.0, -1.0, 2240, -1049.0, -1.0, 8192, 449.0, 518.0, 4480,
384, 65.0, 837.0, 8960, 1.0, 739.0, 16384, 127.0, 899.0, 8960, -525.0, -1.0, 4480, -1835.0, -1.0, 16384, 899.0, 1038.0, 8960,
385, 65.0, 103.0, 144, 61.0, 64.0, 256, 127.0, 225.0, 2304, -263.0, -1.0, 144, -263.0, -1.0, 256, 225.0, 260.0, 2304,
386, 65.0, 329.0, 288, 61.0, 290.0, 512, 127.0, 451.0, 4608, -263.0, -1.0, 144, -263.0, -1.0, 512, 451.0, 522.0, 4608,
387, 65.0, 107.0, 288, 57.0, 64.0, 512, 127.0, 225.0, 2304, -263.0, -1.0, 288, -263.0, -1.0, 512, 225.0, 260.0, 2304,
388, 65.0, 333.0, 576, 57.0, 290.0, 1024, 127.0, 451.0, 4608, -263.0, -1.0, 288, -263.0, -1.0, 1024, 451.0, 522.0, 4608,
389, 65.0, 115.0, 576, 49.0, 64.0, 1024, 127.0, 225.0, 2304, -263.0, -1.0, 576, -263.0, -1.0, 1024, 225.0, 260.0, 2304,
390, 65.0, 341.0, 1152, 49.0, 290.0, 2048, 127.0, 451.0, 4608, -263.0, -1.0, 576, -263.0, -1.0, 2048, 451.0, 522.0, 4608,
391, 65.0, 131.0, 1152, 33.0, 64.0, 2048, 127.0, 225.0, 2304, -263.0, -1.0, 1152, -263.0, -1.0, 2048, 225.0, 260.0, 2304,
392, 65.0, 357.0, 2304, 33.0, 290.0, 4096, 127.0, 451.0, 4608, -263.0, -1.0, 1152, -525.0, -1.0, 4096, 451.0, 522.0, 4608,
393, 65.0, 163.0, 2304, 1.0, 64.0, 4096, 127.0, 225.0, 2304, -263.0, -1.0, 2304, -525.0, -1.0, 4096, 225.0, 260.0, 2304,
394, 65.0, 389.0, 4608, 1.0, 290.0, 8192, 127.0, 451.0, 4608, -263.0, -1.0, 2304, -1049.0, -1.0, 8192, 451.0, 522.0, 4608,
395, 65.0, 841.0, 9216, 1.0, 742.0, 16384, 127.0, 903.0, 9216, -525.0, -1.0, 4608, -1835.0, -1.0, 16384, 903.0, 1046.0, 9216,
396, 65.0, 104.0, 148, 61.0, 64.0, 256, 127.0, 226.0, 2368, -263.0, -1.0, 148, -263.0, -1.0, 256, 226.0, 262.0, 2368,
397, 65.0, 331.0, 296, 61.0, 291.0, 512, 127.0, 453.0, 4736, -263.0, -1.0, 148, -263.0, -1.0, 512, 453.0, 526.0, 4736,
398, 65.0, 108.0, 296, 57.0, 64.0, 512, 127.0, 226.0, 2368, -263.0, -1.0, 296, -263.0, -1.0, 512, 226.0, 262.0, 2368,
399, 65.0, 335.0, 592, 57.0, 291.0, 1024, 127.0, 453.0, 4736, -263.0, -1.0, 296, -263.0, -1.0, 1024, 453.0, 526.0, 4736,
400, 65.0, 116.0, 592, 49.0, 64.0, 1024, 127.0, 226.0, 2368, -263.0, -1.0, 592, -263.0, -1.0, 1024, 226.0, 262.0, 2368,
401, 65.0, 343.0, 1184, 49.0, 291.0, 2048, 127.0, 453.0, 4736, -263.0, -1.0, 592, -263.0, -1.0, 2048, 453.0, 526.0, 4736,
402, 65.0, 132.0, 1184, 33.0, 64.0, 2048, 127.0, 226.0, 2368, -263.0, -1.0, 1184, -263.0, -1.0, 2048, 226.0, 262.0, 2368,
403, 65.0, 359.0, 2368, 33.0, 291.0, 4096, 127.0, 453.0, 4736, -263.0, -1.0, 1184, -525.0, -1.0, 4096, 453.0, 526.0, 4736,
404, 65.0, 164.0, 2368, 1.0, 64.0, 4096, 127.0, 226.0, 2368, -263.0, -1.0, 2368, -525.0, -1.0, 4096, 226.0, 262.0, 2368,
405, 65.0, 391.0, 4736, 1.0, 291.0, 8192, 127.0, 453.0, 4736, -263.0, -1.0, 2368, -1049.0, -1.0, 8192, 453.0, 526.0, 4736,
406, 65.0, 845.0, 9472, 1.0, 745.0, 16384, 127.0, 907.0, 9472, -525.0, -1.0, 4736, -1835.0, -1.0, 16384, 907.0, 1054.0, 9472,
407, 65.0, 105.0, 152, 61.0, 64.0, 256, 127.0, 227.0, 2432, -263.0, -1.0, 152, -263.0, -1.0, 256, 227.0, 264.0, 2432,
408, 65.0, 333.0, 304, 61.0, 292.0, 512, 127.0, 455.0, 4864, -263.0, -1.0, 152, -263.0, -1.0, 512, 455.0, 530.0, 4864,
409, 65.0, 109.0, 304, 57.0, 64.0, 512, 127.0, 227.0, 2432, -263.0, -1.0, 304, -263.0, -1.0, 512, 227.0, 264.0, 2432,
410, 65.0, 337.0, 608, 57.0, 292.0, 1024, 127.0, 455.0, 4864, -263.0, -1.0, 304, -263.0, -1.0, 1024, 455.0, 530.0, 4864,
411, 65.0, 117.0, 608, 49.0, 64.0, 1024, 127.0, 227.0, 2432, -263.0, -1.0, 608, -263.0, -1.0, 1024, 227.0, 264.0, 2432,
412, 65.0, 345.0, 1216, 49.0, 292.0, 2048, 127.0, 455.0, 4864, -263.0, -1.0, 608, -263.0, -1.0, 2048, 455.0, 530.0, 4864,
413, 65.0, 133.0, 1216, 33.0, 64.0, 2048, 127.0, 227.0, 2432, -263.0, -1.0, 1216, -263.0, -1.0, 2048, 227.0, 264.0, 2432,
414, 65.0, 361.0, 2432, 33.0, 292.0, 4096, 127.0, 455.0, 4864, -263.0, -1.0, 1216, -525.0, -1.0, 4096, 455.0, 530.0, 4864,
415, 65.0, 165.0, 2432, 1.0, 64.0, 4096, 127.0, 227.0, 2432, -263.0, -1.0, 2432, -525.0, -1.0, 4096, 227.0, 264.0, 2432,
416, 65.0, 393.0, 4864, 1.0, 292.0, 8192, 127.0, 455.0, 4864, -263.0, -1.0, 2432, -1049.0, -1.0, 8192, 455.0, 530.0, 4864,
417, 65.0, 849.0, 9728, 1.0, 748.0, 16384, 127.0, 911.0, 9728, -525.0, -1.0, 4864, -1835.0, -1.0, 16384, 911.0, 1062.0, 9728,
418, 65.0, 106.0, 156, 61.0, 64.0, 256, 127.0, 228.0, 2496, -263.0, -1.0, 156, -263.0, -1.0, 256, 228.0, 266.0, 2496,
419, 65.0, 335.0, 312, 61.0, 293.0, 512, 127.0, 457.0, 4992, -263.0, -1.0, 156, -263.0, -1.0, 512, 457.0, 534.0, 4992,
420, 65.0, 110.0, 312, 57.0, 64.0, 512, 127.0, 228.0, 2496, -263.0, -1.0, 312, -263.0, -1.0, 512, 228.0, 266.0, 2496,
421, 65.0, 339.0, 624, 57.0, 293.0, 1024, 127.0, 457.0, 4992, -263.0, -1.0, 312, -263.0, -1.0, 1024, 457.0, 534.0, 4992,
422, 65.0, 118.0, 624, 49.0, 64.0, 1024, 127.0, 228.0, 2496, -263.0, -1.0, 624, -263.0, -1.0, 1024, 228.0, 266.0, 2496,
423, 65.0, 347.0, 1248, 49.0, 293.0, 2048, 127.0, 457.0, 4992, -263.0, -1.0, 624, -263.0, -1.0, 2048, 457.0, 534.0, 4992,
424, 65.0, 134.0, 1248, 33.0, 64.0, 2048, 127.0, 228.0, 2496, -263.0, -1.0, 1248, -263.0, -1.0, 2048, 228.0, 266.0, 2496,
425, 65.0, 363.0, 2496, 33.0, 293.0, 4096, 127.0, 457.0, 4992, -263.0, -1.0, 1248, -525.0, -1.0, 4096, 457.0, 534.0, 4992,
426, 65.0, 166.0, 2496, 1.0, 64.0, 4096, 127.0, 228.0, 2496, -263.0, -1.0, 2496, -525.0, -1.0, 4096, 228.0, 266.0, 2496,
427, 65.0, 395.0, 4992, 1.0, 293.0, 8192, 127.0, 457.0, 4992, -263.0, -1.0, 2496, -1049.0, -1.0, 8192, 457.0, 534.0, 4992,
428, 65.0, 853.0, 9984, 1.0, 751.0, 16384, 127.0, 915.0, 9984, -525.0, -1.0, 4992, -1835.0, -1.0, 16384, 915.0, 1070.0, 9984,
429, 65.0, 107.0, 160, 61.0, 64.0, 256, 127.0, 229.0, 2560, -263.0, -1.0, 160, -263.0, -1.0, 256, 229.0, 268.0, 2560,
430, 65.0, 337.0, 320, 61.0, 294.0, 512, 127.0, 459.0, 5120, -263.0, -1.0, 160, -263.0, -1.0, 512, 459.0, 538.0, 5120,
431, 65.0, 111.0, 320, 57.0, 64.0, 512, 127.0, 229.0, 2560, -263.0, -1.0, 320, -263.0, -1.0, 512, 229.0, 268.0, 2560,
432, 65.0, 341.0, 640, 57.0, 294.0, 1024, 127.0, 459.0, 5120, -263.0, -1.0, 320, -263.0, -1.0, 1024, 459.0, 538.0, 5120,
433, 65.0, 119.0, 640, 49.0, 64.0, 1024, 127.0, 229.0, 2560, -263.0, -1.0, 640, -263.0, -1.0, 1024, 229.0, 268.0, 2560,
434, 65.0, 349.0, 1280, 49.0, 294.0, 2048, 127.0, 459.0, 5120, -263.0, -1.0, 640, -263.0, -1.0, 2048, 459.0, 538.0, 5120,
435, 65.0, 135.0, 1280, 33.0, 64.0, 2048, 127.0, 229.0, 2560, -263.0, -1.0, 1280, -263.0, -1.0, 2048, 229.0, 268.0, 2560,
436, 65.0, 365.0, 2560, 33.0, 294.0, 4096, 127.0, 459.0, 5120, -263.0, -1.0, 1280, -525.0, -1.0, 4096, 459.0, 538.0, 5120,
437, 65.0, 167.0, 2560, 1.0, 64.0, 4096, 127.0, 229.0, 2560, -263.0, -1.0, 2560, -525.0, -1.0, 4096, 229.0, 268.0, 2560,
438, 65.0, 397.0, 5120, 1.0, 294.0, 8192, 127.0, 459.0, 5120, -263.0, -1.0, 2560, -1049.0, -1.0, 8192, 459.0, 538.0, 5120,
439, 65.0, 857.0, 10240, 1.0, 754.0, 16384, 127.0, 919.0, 10240, -525.0, -1.0, 5120, -1835.0, -1.0, 16384, 919.0, 1078.0, 10240,
440, 65.0, 108.0, 164, 61.0, 64.0, 256, 127.0, 230.0, 2624, -263.0, -1.0, 164, -263.0, -1.0, 256, 230.0, 270.0, 2624,
441, 65.0, 339.0, 328, 61.0, 295.0, 512, 127.0, 461.0, 5248, -263.0, -1.0, 164, -263.0, -1.0, 512, 461.0, 542.0, 5248,
442, 65.0, 112.0, 328, 57.0, 64.0, 512, 127.0, 230.0, 2624, -263.0, -1.0, 328, -263.0, -1.0, 512, 230.0, 270.0, 2624,
443, 65.0, 343.0, 656, 57.0, 295.0, 1024, 127.0, 461.0, 5248, -263.0, -1.0, 328, -263.0, -1.0, 1024, 461.0, 542.0, 5248,
444, 65.0, 120.0, 656, 49.0, 64.0, 1024, 127.0, 230.0, 2624, -263.0, -1.0, 656, -263.0, -1.0, 1024, 230.0, 270.0, 2624,
445, 65.0, 351.0, 1312, 49.0, 295.0, 2048, 127.0, 461.0, 5248, -263.0, -1.0, 656, -263.0, -1.0, 2048, 461.0, 542.0, 5248,
446, 65.0, 136.0, 1312, 33.0, 64.0, 2048, 127.0, 230.0, 2624, -263.0, -1.0, 1312, -263.0, -1.0, 2048, 230.0, 270.0, 2624,
447, 65.0, 367.0, 2624, 33.0, 295.0, 4096, 127.0, 461.0, 5248, -263.0, -1.0, 1312, -525.0, -1.0, 4096, 461.0, 542.0, 5248,
448, 65.0, 168.0, 2624, 1.0, 64.0, 4096, 127.0, 230.0, 2624, -525.0, -1.0, 2624, -525.0, -1.0, 4096, 230.0, 270.0, 2624,
449, 65.0, 399.0, 5248, 1.0, 295.0, 8192, 127.0, 461.0, 5248, -525.0, -1.0, 2624, -1049.0, -1.0, 8192, 461.0, 542.0, 5248,
450, 65.0, 861.0, 10496, 1.0, 757.0, 16384, 127.0, 923.0, 10496, -787.0, -1.0, 5248, -1835.0, -1.0, 16384, 923.0, 1086.0, 10496,
451, 65.0, 109.0, 168, 61.0, 64.0, 256, 127.0, 231.0, 2688, -263.0, -1.0, 168, -263.0, -1.0, 256, 231.0, 272.0, 2688,
452, 65.0, 341.0, 336, 61.0, 296.0, 512, 127.0, 463.0, 5376, -263.0, -1.0, 168, -263.0, -1.0, 512, 463.0, 546.0, 5376,
453, 65.0, 113.0, 336, 57.0, 64.0, 512, 127.0, 231.0, 2688, -263.0, -1.0, 336, -263.0, -1.0, 512, 231.0, 272.0, 2688,
454, 65.0, 345.0, 672, 57.0, 296.0, 1024, 127.0, 463.0, 5376, -263.0, -1.0, 336, -263.0, -1.0, 1024, 463.0, 546.0, 5376,
455, 65.0, 121.0, 672, 49.0, 64.0, 1024, 127.0, 231.0, 2688, -263.0, -1.0, 672, -263.0, -1.0, 1024, 231.0, 272.0, 2688,
456, 65.0, 353.0, 1344, 49.0, 296.0, 2048, 127.0, 463.0, 5376, -263.0, -1.0, 672, -263.0, -1.0, 2048, 463.0, 546.0, 5376,
457, 65.0, 137.0, 1344, 33.0, 64.0, 2048, 127.0, 231.0, 2688, -263.0, -1.0, 1344, -263.0, -1.0, 2048, 231.0, 272.0, 2688,
458, 65.0, 369.0, 2688, 33.0, 296.0, 4096, 127.0, 463.0, 5376, -263.0, -1.0, 1344, -525.0, -1.0, 4096, 463.0, 546.0, 5376,
459, 65.0, 169.0, 2688, 1.0, 64.0, 4096, 127.0, 231.0, 2688, -525.0, -1.0, 2688, -525.0, -1.0, 4096, 231.0, 272.0, 2688,
460, 65.0, 401.0, 5376, 1.0, 296.0, 8192, 127.0, 463.0, 5376, -525.0, -1.0, 2688, -1049.0, -1.0, 8192, 463.0, 546.0, 5376,
461, 65.0, 865.0, 10752, 1.0, 760.0, 16384, 127.0, 927.0, 10752, -787.0, -1.0, 5376, -1835.0, -1.0, 16384, 927.0, 1094.0, 10752,
462, 65.0, 110.0, 172, 61.0, 64.0, 256, 127.0, 232.0, 2752, -263.0, -1.0, 172, -263.0, -1.0, 256, 232.0, 274.0, 2752,
463, 65.0, 343.0, 344, 61.0, 297.0, 512, 127.0, 465.0, 5504, -263.0, -1.0, 172, -263.0, -1.0, 512, 465.0, 550.0, 5504,
464, 65.0, 114.0, 344, 57.0, 64.0, 512, 127.0, 232.0, 2752, -263.0, -1.0, 344, -263.0, -1.0, 512, 232.0, 274.0, 2752,
465, 65.0, 347.0, 688, 57.0, 297.0, 1024, 127.0, 465.0, 5504, -263.0, -1.0, 344, -263.0, -1.0, 1024, 465.0, 550.0, 5504,
466, 65.0, 122.0, 688, 49.0, 64.0, 1024, 127.0, 232.0, 2752, -263.0, -1.0, 688, -263.0, -1.0, 1024, 232.0, 274.0, 2752,
467, 65.0, 355.0, 1376, 49.0, 297.0, 2048, 127.0, 465.0, 5504, -263.0, -1.0, 688, -263.0, -1.0, 2048, 465.0, 550.0, 5504,
468, 65.0, 138.0, 1376, 33.0, 64.0, 2048, 127.0, 232.0, 2752, -263.0, -1.0, 1376, -263.0, -1.0, 2048, 232.0, 274.0, 2752,
469, 65.0, 371.0, 2752, 33.0, 297.0, 4096, 127.0, 465.0, 5504, -263.0, -1.0, 1376, -525.0, -1.0, 4096, 465.0, 550.0, 5504,
470, 65.0, 170.0, 2752, 1.0, 64.0, 4096, 127.0, 232.0, 2752, -525.0, -1.0, 2752, -525.0, -1.0, 4096, 232.0, 274.0, 2752,
471, 65.0, 403.0, 5504, 1.0, 297.0, 8192, 127.0, 465.0, 5504, -525.0, -1.0, 2752, -1049.0, -1.0, 8192, 465.0, 550.0, 5504,
472, 65.0, 869.0, 11008, 1.0, 763.0, 16384, 127.0, 931.0, 11008, -787.0, -1.0, 5504, -1835.0, -1.0, 16384, 931.0, 1102.0, 11008,
473, 65.0, 111.0, 176, 61.0, 64.0, 256, 127.0, 233.0, 2816, -263.0, -1.0, 176, -263.0, -1.0, 256, 233.0, 276.0, 2816,
474, 65.0, 345.0, 352, 61.0, 298.0, 512, 127.0, 467.0, 5632, -263.0, -1.0, 176, -263.0, -1.0, 512, 467.0, 554.0, 5632,
475, 65.0, 115.0, 352, 57.0, 64.0, 512, 127.0, 233.0, 2816, -263.0, -1.0, 352, -263.0, -1.0, 512, 233.0, 276.0, 2816,
476, 65.0, 349.0, 704, 57.0, 298.0, 1024, 127.0, 467.0, 5632, -263.0, -1.0, 352, -263.0, -1.0, 1024, 467.0, 554.0, 5632,
477, 65.0, 123.0, 704, 49.0, 64.0, 1024, 127.0, 233.0, 2816, -263.0, -1.0, 704, -263.0, -1.0, 1024, 233.0, 276.0, 2816,
478, 65.0, 357.0, 1408, 49.0, 298.0, 2048, 127.0, 467.0, 5632, -263.0, -1.0, 704, -263.0, -1.0, 2048, 467.0, 554.0, 5632,
479, 65.0, 139.0, 1408, 33.0, 64.0, 2048, 127.0, 233.0, 2816, -263.0, -1.0, 1408, -263.0, -1.0, 2048, 233.0, 276.0, 2816,
480, 65.0, 373.0, 2816, 33.0, 298.0, 4096, 127.0, 467.0, 5632, -263.0, -1.0, 1408, -525.0, -1.0, 4096, 467.0, 554.0, 5632,
481, 65.0, 171.0, 2816, 1.0, 64.0, 4096, 127.0, 233.0, 2816, -525.0, -1.0, 2816, -525.0, -1.0, 4096, 233.0, 276.0, 2816,
482, 65.0, 405.0, 5632, 1.0, 298.0, 8192, 127.0, 467.0, 5632, -525.0, -1.0, 2816, -1049.0, -1.0, 8192, 467.0, 554.0, 5632,
483, 65.0, 873.0, 11264, 1.0, 766.0, 16384, 127.0, 935.0, 11264, -787.0, -1.0, 5632, -1835.0, -1.0, 16384, 935.0, 1110.0, 11264,
484, 65.0, 112.0, 180, 61.0, 64.0, 256, 127.0, 234.0, 2880, -263.0, -1.0, 180, -263.0, -1.0, 256, 234.0, 278.0, 2880,
485, 65.0, 347.0, 360, 61.0, 299.0, 512, 127.0, 469.0, 5760, -263.0, -1.0, 180, -263.0, -1.0, 512, 469.0, 558.0, 5760,
486, 65.0, 116.0, 360, 57.0, 64.0, 512, 127.0, 234.0, 2880, -263.0, -1.0, 360, -263.0, -1.0, 512, 234.0, 278.0, 2880,
487, 65.0, 351.0, 720, 57.0, 299.0, 1024, 127.0, 469.0, 5760, -263.0, -1.0, 360, -263.0, -1.0, 1024, 469.0, 558.0, 5760,
488, 65.0, 124.0, 720, 49.0, 64.0, 1024, 127.0, 234.0, 2880, -263.0, -1.0, 720, -263.0, -1.0, 1024, 234.0, 278.0, 2880,
489, 65.0, 359.0, 1440, 49.0, 299.0, 2048, 127.0, 469.0, 5760, -263.0, -1.0, 720, -263.0, -1.0, 2048, 469.0, 558.0, 5760,
490, 65.0, 140.0, 1440, 33.0, 64.0, 2048, 127.0, 234.0, 2880, -263.0, -1.0, 1440, -263.0, -1.0, 2048, 234.0, 278.0, 2880,
491, 65.0, 375.0, 2880, 33.0, 299.0, 4096, 127.0, 469.0, 5760, -263.0, -1.0, 1440, -525.0, -1.0, 4096, 469.0, 558.0, 5760,
492, 65.0, 172.0, 2880, 1.0, 64.0, 4096, 127.0, 234.0, 2880, -525.0, -1.0, 2880, -525.0, -1.0, 4096, 234.0, 278.0, 2880,
493, 65.0, 407.0, 5760, 1.0, 299.0, 8192, 127.0, 469.0, 5760, -525.0, -1.0, 2880, -1049.0, -1.0, 8192, 469.0, 558.0, 5760,
494, 65.0, 877.0, 11520, 1.0, 769.0, 16384, 127.0, 939.0, 11520, -787.0, -1.0, 5760, -1835.0, -1.0, 16384, 939.0, 1118.0, 11520,
495, 65.0, 113.0, 184, 61.0, 64.0, 256, 127.0, 235.0, 2944, -263.0, -1.0, 184, -263.0, -1.0, 256, 235.0, 280.0, 2944,
496, 65.0, 349.0, 368, 61.0, 300.0, 512, 127.0, 471.0, 5888, -263.0, -1.0, 184, -263.0, -1.0, 512, 471.0, 562.0, 5888,
497, 65.0, 117.0, 368, 57.0, 64.0, 512, 127.0, 235.0, 2944, -263.0, -1.0, 368, -263.0, -1.0, 512, 235.0, 280.0, 2944,
498, 65.0, 353.0, 736, 57.0, 300.0, 1024, 127.0, 471.0, 5888, -263.0, -1.0, 368, -263.0, -1.0, 1024, 471.0, 562.0, 5888,
499, 65.0, 125.0, 736, 49.0, 64.0, 1024, 127.0, 235.0, 2944, -263.0, -1.0, 736, -263.0, -1.0, 1024, 235.0, 280.0, 2944,
500, 65.0, 361.0, 1472, 49.0, 300.0, 2048, 127.0, 471.0, 5888, -263.0, -1.0, 736, -263.0, -1.0, 2048, 471.0, 562.0, 5888,
501, 65.0, 141.0, 1472, 33.0, 64.0, 2048, 127.0, 235.0, 2944, -263.0, -1.0, 1472, -263.0, -1.0, 2048, 235.0, 280.0, 2944,
502, 65.0, 377.0, 2944, 33.0, 300.0, 4096, 127.0, 471.0, 5888, -263.0, -1.0, 1472, -525.0, -1.0, 4096, 471.0, 562.0, 5888,
503, 65.0, 173.0, 2944, 1.0, 64.0, 4096, 127.0, 235.0, 2944, -525.0, -1.0, 2944, -525.0, -1.0, 4096, 235.0, 280.0, 2944,
504, 65.0, 409.0, 5888, 1.0, 300.0, 8192, 127.0, 471.0, 5888, -525.0, -1.0, 2944, -1049.0, -1.0, 8192, 471.0, 562.0, 5888,
505, 65.0, 881.0, 11776, 1.0, 772.0, 16384, 127.0, 943.0, 11776, -787.0, -1.0, 5888, -1835.0, -1.0, 16384, 943.0, 1126.0, 11776,
506, 65.0, 114.0, 188, 61.0, 64.0, 256, 127.0, 236.0, 3008, -263.0, -1.0, 188, -263.0, -1.0, 256, 236.0, 282.0, 3008,
507, 65.0, 351.0, 376, 61.0, 301.0, 512, 127.0, 473.0, 6016, -263.0, -1.0, 188, -263.0, -1.0, 512, 473.0, 566.0, 6016,
508, 65.0, 118.0, 376, 57.0, 64.0, 512, 127.0, 236.0, 3008, -263.0, -1.0, 376, -263.0, -1.0, 512, 236.0, 282.0, 3008,
509, 65.0, 355.0, 752, 57.0, 301.0, 1024, 127.0, 473.0, 6016, -263.0, -1.0, 376, -263.0, -1.0, 1024, 473.0, 566.0, 6016,
510, 65.0, 126.0, 752, 49.0, 64.0, 1024, 127.0, 236.0, 3008, -263.0, -1.0, 752, -263.0, -1.0, 1024, 236.0, 282.0, 3008,
511, 65.0, 363.0, 1504, 49.0, 301.0, 2048, 127.0, 473.0, 6016, -263.0, -1.0, 752, -263.0, -1.0, 2048, 473.0, 566.0, 6016,
512, 65.0, 142.0, 1504, 33.0, 64.0, 2048, 127.0, 236.0, 3008, -263.0, -1.0, 1504, -263.0, -1.0, 2048, 236.0, 282.0, 3008,
513, 65.0, 379.0, 3008, 33.0, 301.0, 4096, 127.0, 473.0, 6016, -263.0, -1.0, 1504, -525.0, -1.0, 4096, 473.0, 566.0, 6016,
514, 65.0, 174.0, 3008, 1.0, 64.0, 4096, 127.0, 236.0, 3008, -525.0, -1.0, 3008, -525.0, -1.0, 4096, 236.0, 282.0, 3008,
515, 65.0, 411.0, 6016, 1.0, 301.0, 8192, 127.0, 473.0, 6016, -525.0, -1.0, 3008, -1049.0, -1.0, 8192, 473.0, 566.0, 6016,
516, 65.0, 885.0, 12032, 1.0, 775.0, 16384, 127.0, 947.0, 12032, -787.0, -1.0, 6016, -1835.0, -1.0, 16384, 947.0, 1134.0, 12032,
517, 65.0, 115.0, 192, 61.0, 64.0, 256, 127.0, 237.0, 3072, -263.0, -1.0, 192, -263.0, -1.0, 256, 237.0, 284.0, 3072,
518, 65.0, 353.0, 384, 61.0, 302.0, 512, 127.0, 475.0, 6144, -263.0, -1.0, 192, -263.0, -1.0, 512, 475.0, 570.0, 6144,
519, 65.0, 119.0, 384, 57.0, 64.0, 512, 127.0, 237.0, 3072, -263.0, -1.0, 384, -263.0, -1.0, 512, 237.0, 284.0, 3072,
520, 65.0, 357.0, 768, 57.0, 302.0, 1024, 127.0, 475.0, 6144, -263.0, -1.0, 384, -263.0, -1.0, 1024, 475.0, 570.0, 6144,
521, 65.0, 127.0, 768, 49.0, 64.0, 1024, 127.0, 237.0, 3072, -263.0, -1.0, 768, -263.0, -1.0, 1024, 237.0, 284.0, 3072,
522, 65.0, 365.0, 1536, 49.0, 302.0, 2048, 127.0, 475.0, 6144, -263.0, -1.0, 768, -263.0, -1.0, 2048, 475.0, 570.0, 6144,
523, 65.0, 143.0, 1536, 33.0, 64.0, 2048, 127.0, 237.0, 3072, -263.0, -1.0, 1536, -263.0, -1.0, 2048, 237.0, 284.0, 3072,
524, 65.0, 381.0, 3072, 33.0, 302.0, 4096, 127.0, 475.0, 6144, -263.0, -1.0, 1536, -525.0, -1.0, 4096, 475.0, 570.0, 6144,
525, 65.0, 175.0, 3072, 1.0, 64.0, 4096, 127.0, 237.0, 3072, -525.0, -1.0, 3072, -525.0, -1.0, 4096, 237.0, 284.0, 3072,
526, 65.0, 413.0, 6144, 1.0, 302.0, 8192, 127.0, 475.0, 6144, -525.0, -1.0, 3072, -1049.0, -1.0, 8192, 475.0, 570.0, 6144,
527, 65.0, 889.0, 12288, 1.0, 778.0, 16384, 127.0, 951.0, 12288, -787.0, -1.0, 6144, -1835.0, -1.0, 16384, 951.0, 1142.0, 12288,
528, 65.0, 116.0, 196, 61.0, 64.0, 256, 127.0, 238.0, 3136, -263.0, -1.0, 196, -263.0, -1.0, 256, 238.0, 286.0, 3136,
529, 65.0, 355.0, 392, 61.0, 303.0, 512, 127.0, 477.0, 6272, -263.0, -1.0, 196, -263.0, -1.0, 512, 477.0, 574.0, 6272,
530, 65.0, 120.0, 392, 57.0, 64.0, 512, 127.0, 238.0, 3136, -263.0, -1.0, 392, -263.0, -1.0, 512, 238.0, 286.0, 3136,
531, 65.0, 359.0, 784, 57.0, 303.0, 1024, 127.0, 477.0, 6272, -263.0, -1.0, 392, -263.0, -1.0, 1024, 477.0, 574.0, 6272,
532, 65.0, 128.0, 784, 49.0, 64.0, 1024, 127.0, 238.0, 3136, -263.0, -1.0, 784, -263.0, -1.0, 1024, 238.0, 286.0, 3136,
533, 65.0, 367.0, 1568, 49.0, 303.0, 2048, 127.0, 477.0, 6272, -263.0, -1.0, 784, -263.0, -1.0, 2048, 477.0, 574.0, 6272,
534, 65.0, 144.0, 1568, 33.0, 64.0, 2048, 127.0, 238.0, 3136, -263.0, -1.0, 1568, -263.0, -1.0, 2048, 238.0, 286.0, 3136,
535, 65.0, 383.0, 3136, 33.0, 303.0, 4096, 127.0, 477.0, 6272, -263.0, -1.0, 1568, -525.0, -1.0, 4096, 477.0, 574.0, 6272,
536, 65.0, 176.0, 3136, 1.0, 64.0, 4096, 127.0, 238.0, 3136, -525.0, -1.0, 3136, -525.0, -1.0, 4096, 238.0, 286.0, 3136,
537, 65.0, 415.0, 6272, 1.0, 303.0, 8192, 127.0, 477.0, 6272, -525.0, -1.0, 3136, -1049.0, -1.0, 8192, 477.0, 574.0, 6272,
538, 65.0, 893.0, 12544, 1.0, 781.0, 16384, 127.0, 955.0, 12544, -787.0, -1.0, 6272, -1835.0, -1.0, 16384, 955.0, 1150.0, 12544,
539, 65.0, 117.0, 200, 61.0, 64.0, 256, 127.0, 239.0, 3200, -263.0, -1.0, 200, -263.0, -1.0, 256, 239.0, 288.0, 3200,
540, 65.0, 357.0, 400, 61.0, 304.0, 512, 127.0, 479.0, 6400, -263.0, -1.0, 200, -263.0, -1.0, 512, 479.0, 578.0, 6400,
541, 65.0, 121.0, 400, 57.0, 64.0, 512, 127.0, 239.0, 3200, -263.0, -1.0, 400, -263.0, -1.0, 512, 239.0, 288.0, 3200,
542, 65.0, 361.0, 800, 57.0, 304.0, 1024, 127.0, 479.0, 6400, -263.0, -1.0, 400, -263.0, -1.0, 1024, 479.0, 578.0, 6400,
543, 65.0, 129.0, 800, 49.0, 64.0, 1024, 127.0, 239.0, 3200, -263.0, -1.0, 800, -263.0, -1.0, 1024, 239.0, 288.0, 3200,
544, 65.0, 369.0, 1600, 49.0, 304.0, 2048, 127.0, 479.0, 6400, -263.0, -1.0, 800, -263.0, -1.0, 2048, 479.0, 578.0, 6400,
545, 65.0, 145.0, 1600, 33.0, 64.0, 2048, 127.0, 239.0, 3200, -263.0, -1.0, 1600, -263.0, -1.0, 2048, 239.0, 288.0, 3200,
546, 65.0, 385.0, 3200, 33.0, 304.0, 4096, 127.0, 479.0, 6400, -263.0, -1.0, 1600, -525.0, -1.0, 4096, 479.0, 578.0, 6400,
547, 65.0, 177.0, 3200, 1.0, 64.0, 4096, 127.0, 239.0, 3200, -525.0, -1.0, 3200, -525.0, -1.0, 4096, 239.0, 288.0, 3200,
548, 65.0, 417.0, 6400, 1.0, 304.0, 8192, 127.0, 479.0, 6400, -525.0, -1.0, 3200, -1049.0, -1.0, 8192, 479.0, 578.0, 6400,
549, 65.0, 897.0, 12800, 1.0, 784.0, 16384, 127.0, 959.0, 12800, -787.0, -1.0, 6400, -1835.0, -1.0, 16384, 959.0, 1158.0, 12800,
550, 65.0, 118.0, 204, 61.0, 64.0, 256, 127.0, 240.0, 3264, -263.0, -1.0, 204, -263.0, -1.0, 256, 240.0, 290.0, 3264,
551, 65.0, 359.0, 408, 61.0, 305.0, 512, 127.0, 481.0, 6528, -263.0, -1.0, 204, -263.0, -1.0, 512, 481.0, 582.0, 6528,
552, 65.0, 122.0, 408, 57.0, 64.0, 512, 127.0, 240.0, 3264, -263.0, -1.0, 408, -263.0, -1.0, 512, 240.0, 290.0, 3264,
553, 65.0, 363.0, 816, 57.0, 305.0, 1024, 127.0, 481.0, 6528, -263.0, -1.0, 408, -263.0, -1.0, 1024, 481.0, 582.0, 6528,
554, 65.0, 130.0, 816, 49.0, 64.0, 1024, 127.0, 240.0, 3264, -263.0, -1.0, 816, -263.0, -1.0, 1024, 240.0, 290.0, 3264,
555, 65.0, 371.0, 1632, 49.0, 305.0, 2048, 127.0, 481.0, 6528, -263.0, -1.0, 816, -263.0, -1.0, 2048, 481.0, 582.0, 6528,
556, 65.0, 146.0, 1632, 33.0, 64.0, 2048, 127.0, 240.0, 3264, -263.0, -1.0, 1632, -263.0, -1.0, 2048, 240.0, 290.0, 3264,
557, 65.0, 387.0, 3264, 33.0, 305.0, 4096, 127.0, 481.0, 6528, -263.0, -1.0, 1632, -525.0, -1.0, 4096, 481.0, 582.0, 6528,
558, 65.0, 178.0, 3264, 1.0, 64.0, 4096, 127.0, 240.0, 3264, -525.0, -1.0, 3264, -525.0, -1.0, 4096, 240.0, 290.0, 3264,
559, 65.0, 419.0, 6528, 1.0, 305.0, 8192, 127.0, 481.0, 6528, -525.0, -1.0, 3264, -1049.0, -1.0, 8192, 481.0, 582.0, 6528,
560, 65.0, 901.0, 13056, 1.0, 787.0, 16384, 127.0, 963.0, 13056, -787.0, -1.0, 6528, -1835.0, -1.0, 16384, 963.0, 1166.0, 13056,
561, 65.0, 119.0, 208, 61.0, 64.0, 256, 127.0, 241.0, 3328, -263.0, -1.0, 208, -263.0, -1.0, 256, 241.0, 292.0, 3328,
562, 65.0, 361.0, 416, 61.0, 306.0, 512, 127.0, 483.0, 6656, -263.0, -1.0, 208, -263.0, -1.0, 512, 483.0, 586.0, 6656,
563, 65.0, 123.0, 416, 57.0, 64.0, 512, 127.0, 241.0, 3328, -263.0, -1.0, 416, -263.0, -1.0, 512, 241.0, 292.0, 3328,
564, 65.0, 365.0, 832, 57.0, 306.0, 1024, 127.0, 483.0, 6656, -263.0, -1.0, 416, -263.0, -1.0, 1024, 483.0, 586.0, 6656,
565, 65.0, 131.0, 832, 49.0, 64.0, 1024, 127.0, 241.0, 3328, -263.0, -1.0, 832, -263.0, -1.0, 1024, 241.0, 292.0, 3328,
566, 65.0, 373.0, 1664, 49.0, 306.0, 2048, 127.0, 483.0, 6656, -263.0, -1.0, 832, -263.0, -1.0, 2048, 483.0, 586.0, 6656,
567, 65.0, 147.0, 1664, 33.0, 64.0, 2048, 127.0, 241.0, 3328, -263.0, -1.0, 1664, -263.0, -1.0, 2048, 241.0, 292.0, 3328,
568, 65.0, 389.0, 3328, 33.0, 306.0, 4096, 127.0, 483.0, 6656, -263.0, -1.0, 1664, -525.0, -1.0, 4096, 483.0, 586.0, 6656,
569, 65.0, 179.0, 3328, 1.0, 64.0, 4096, 127.0, 241.0, 3328, -525.0, -1.0, 3328, -525.0, -1.0, 4096, 241.0, 292.0, 3328,
570, 65.0, 421.0, 6656, 1.0, 306.0, 8192, 127.0, 483.0, 6656, -525.0, -1.0, 3328, -1049.0, -1.0, 8192, 483.0, 586.0, 6656,
571, 65.0, 905.0, 13312, 1.0, 790.0, 16384, 127.0, 967.0, 13312, -787.0, -1.0, 6656, -1835.0, -1.0, 16384, 967.0, 1174.0, 13312,
572, 65.0, 120.0, 212, 61.0, 64.0, 256, 127.0, 242.0, 3392, -263.0, -1.0, 212, -263.0, -1.0, 256, 242.0, 294.0, 3392,
573, 65.0, 363.0, 424, 61.0, 307.0, 512, 127.0, 485.0, 6784, -263.0, -1.0, 212, -263.0, -1.0, 512, 485.0, 590.0, 6784,
574, 65.0, 124.0, 424, 57.0, 64.0, 512, 127.0, 242.0, 3392, -263.0, -1.0, 424, -263.0, -1.0, 512, 242.0, 294.0, 3392,
575, 65.0, 367.0, 848, 57.0, 307.0, 1024, 127.0, 485.0, 6784, -263.0, -1.0, 424, -263.0, -1.0, 1024, 485.0, 590.0, 6784,
576, 65.0, 132.0, 848, 49.0, 64.0, 1024, 127.0, 242.0, 3392, -263.0, -1.0, 848, -263.0, -1.0, 1024, 242.0, 294.0, 3392,
577, 65.0, 375.0, 1696, 49.0, 307.0, 2048, 127.0, 485.0, 6784, -263.0, -1.0, 848, -263.0, -1.0, 2048, 485.0, 590.0, 6784,
578, 65.0, 148.0, 1696, 33.0, 64.0, 2048, 127.0, 242.0, 3392, -263.0, -1.0, 1696, -263.0, -1.0, 2048, 242.0, 294.0, 3392,
579, 65.0, 391.0, 3392, 33.0, 307.0, 4096, 127.0, 485.0, 6784, -263.0, -1.0, 1696, -525.0, -1.0, 4096, 485.0, 590.0, 6784,
580, 65.0, 180.0, 3392, 1.0, 64.0, 4096, 127.0, 242.0, 3392, -525.0, -1.0, 3392, -525.0, -1.0, 4096, 242.0, 294.0, 3392,
581, 65.0, 423.0, 6784, 1.0, 307.0, 8192, 127.0, 485.0, 6784, -525.0, -1.0, 3392, -1049.0, -1.0, 8192, 485.0, 590.0, 6784,
582, 65.0, 909.0, 13568, 1.0, 793.0, 16384, 127.0, 971.0, 13568, -787.0, -1.0, 6784, -1835.0, -1.0, 16384, 971.0, 1182.0, 13568,
583, 65.0, 121.0, 216, 61.0, 64.0, 256, 127.0, 243.0, 3456, -263.0, -1.0, 216, -263.0, -1.0, 256, 243.0, 296.0, 3456,
584, 65.0, 365.0, 432, 61.0, 308.0, 512, 127.0, 487.0, 6912, -263.0, -1.0, 216, -263.0, -1.0, 512, 487.0, 594.0, 6912,
585, 65.0, 125.0, 432, 57.0, 64.0, 512, 127.0, 243.0, 3456, -263.0, -1.0, 432, -263.0, -1.0, 512, 243.0, 296.0, 3456,
586, 65.0, 369.0, 864, 57.0, 308.0, 1024, 127.0, 487.0, 6912, -263.0, -1.0, 432, -263.0, -1.0, 1024, 487.0, 594.0, 6912,
587, 65.0, 133.0, 864, 49.0, 64.0, 1024, 127.0, 243.0, 3456, -263.0, -1.0, 864, -263.0, -1.0, 1024, 243.0, 296.0, 3456,
588, 65.0, 377.0, 1728, 49.0, 308.0, 2048, 127.0, 487.0, 6912, -263.0, -1.0, 864, -263.0, -1.0, 2048, 487.0, 594.0, 6912,
589, 65.0, 149.0, 1728, 33.0, 64.0, 2048, 127.0, 243.0, 3456, -263.0, -1.0, 1728, -263.0, -1.0, 2048, 243.0, 296.0, 3456,
590, 65.0, 393.0, 3456, 33.0, 308.0, 4096, 127.0, 487.0, 6912, -263.0, -1.0, 1728, -525.0, -1.0, 4096, 487.0, 594.0, 6912,
591, 65.0, 181.0, 3456, 1.0, 64.0, 4096, 127.0, 243.0, 3456, -525.0, -1.0, 3456, -525.0, -1.0, 4096, 243.0, 296.0, 3456,
592, 65.0, 425.0, 6912, 1.0, 308.0, 8192, 127.0, 487.0, 6912, -525.0, -1.0, 3456, -1049.0, -1.0, 8192, 487.0, 594.0, 6912,
593, 65.0, 913.0, 13824, 1.0, 796.0, 16384, 127.0, 975.0, 13824, -787.0, -1.0, 6912, -1835.0, -1.0, 16384, 975.0, 1190.0, 13824,
594, 65.0, 122.0, 220, 61.0, 64.0, 256, 127.0, 244.0, 3520, -263.0, -1.0, 220, -263.0, -1.0, 256, 244.0, 298.0, 3520,
595, 65.0, 367.0, 440, 61.0, 309.0, 512, 127.0, 489.0, 7040, -263.0, -1.0, 220, -263.0, -1.0, 512, 489.0, 598.0, 7040,
596, 65.0, 126.0, 440, 57.0, 64.0, 512, 127.0, 244.0, 3520, -263.0, -1.0, 440, -263.0, -1.0, 512, 244.0, 298.0, 3520,
597, 65.0, 371.0, 880, 57.0, 309.0, 1024, 127.0, 489.0, 7040, -263.0, -1.0, 440, -263.0, -1.0, 1024, 489.0, 598.0, 7040,
598, 65.0, 134.0, 880, 49.0, 64.0, 1024, 127.0, 244.0, 3520, -263.0, -1.0, 880, -263.0, -1.0, 1024, 244.0, 298.0, 3520,
599, 65.0, 379.0, 1760, 49.0, 309.0, 2048, 127.0, 489.0, 7040, -263.0, -1.0, 880, -263.0, -1.0, 2048, 489.0, 598.0, 7040,
600, 65.0, 150.0, 1760, 33.0, 64.0, 2048, 127.0, 244.0, 3520, -263.0, -1.0, 1760, -263.0, -1.0, 2048, 244.0, 298.0, 3520,
601, 65.0, 395.0, 3520, 33.0, 309.0, 4096, 127.0, 489.0, 7040, -263.0, -1.0, 1760, -525.0, -1.0, 4096, 489.0, 598.0, 7040,
602, 65.0, 182.0, 3520, 1.0, 64.0, 4096, 127.0, 244.0, 3520, -525.0, -1.0, 3520, -525.0, -1.0, 4096, 244.0, 298.0, 3520,
603, 65.0, 427.0, 7040, 1.0, 309.0, 8192, 127.0, 489.0, 7040, -525.0, -1.0, 3520, -1049.0, -1.0, 8192, 489.0, 598.0, 7040,
604, 65.0, 917.0, 14080, 1.0, 799.0, 16384, 127.0, 979.0, 14080, -787.0, -1.0, 7040, -1835.0, -1.0, 16384, 979.0, 1198.0, 14080,
605, 65.0, 123.0, 224, 61.0, 64.0, 256, 127.0, 245.0, 3584, -263.0, -1.0, 224, -263.0, -1.0, 256, 245.0, 300.0, 3584,
606, 65.0, 369.0, 448, 61.0, 310.0, 512, 127.0, 491.0, 7168, -263.0, -1.0, 224, -263.0, -1.0, 512, 491.0, 602.0, 7168,
607, 65.0, 127.0, 448, 57.0, 64.0, 512, 127.0, 245.0, 3584, -263.0, -1.0, 448, -263.0, -1.0, 512, 245.0, 300.0, 3584,
608, 65.0, 373.0, 896, 57.0, 310.0, 1024, 127.0, 491.0, 7168, -263.0, -1.0, 448, -263.0, -1.0, 1024, 491.0, 602.0, 7168,
609, 65.0, 135.0, 896, 49.0, 64.0, 1024, 127.0, 245.0, 3584, -263.0, -1.0, 896, -263.0, -1.0, 1024, 245.0, 300.0, 3584,
610, 65.0, 381.0, 1792, 49.0, 310.0, 2048, 127.0, 491.0, 7168, -263.0, -1.0, 896, -263.0, -1.0, 2048, 491.0, 602.0, 7168,
611, 65.0, 151.0, 1792, 33.0, 64.0, 2048, 127.0, 245.0, 3584, -263.0, -1.0, 1792, -263.0, -1.0, 2048, 245.0, 300.0, 3584,
612, 65.0, 397.0, 3584, 33.0, 310.0, 4096, 127.0, 491.0, 7168, -263.0, -1.0, 1792, -525.0, -1.0, 4096, 491.0, 602.0, 7168,
613, 65.0, 183.0, 3584, 1.0, 64.0, 4096, 127.0, 245.0, 3584, -525.0, -1.0, 3584, -525.0, -1.0, 4096, 245.0, 300.0, 3584,
614, 65.0, 429.0, 7168, 1.0, 310.0, 8192, 127.0, 491.0, 7168, -525.0, -1.0, 3584, -1049.0, -1.0, 8192, 491.0, 602.0, 7168,
615, 65.0, 921.0, 14336, 1.0, 802.0, 16384, 127.0, 983.0, 14336, -787.0, -1.0, 7168, -1835.0, -1.0, 16384, 983.0, 1206.0, 14336,
616, 65.0, 124.0, 228, 61.0, 64.0, 256, 127.0, 246.0, 3648, -263.0, -1.0, 228, -263.0, -1.0, 256, 246.0, 302.0, 3648,
617, 65.0, 371.0, 456, 61.0, 311.0, 512, 127.0, 493.0, 7296, -263.0, -1.0, 228, -263.0, -1.0, 512, 493.0, 606.0, 7296,
618, 65.0, 128.0, 456, 57.0, 64.0, 512, 127.0, 246.0, 3648, -263.0, -1.0, 456, -263.0, -1.0, 512, 246.0, 302.0, 3648,
619, 65.0, 375.0, 912, 57.0, 311.0, 1024, 127.0, 493.0, 7296, -263.0, -1.0, 456, -263.0, -1.0, 1024, 493.0, 606.0, 7296,
620, 65.0, 136.0, 912, 49.0, 64.0, 1024, 127.0, 246.0, 3648, -263.0, -1.0, 912, -263.0, -1.0, 1024, 246.0, 302.0, 3648,
621, 65.0, 383.0, 1824, 49.0, 311.0, 2048, 127.0, 493.0, 7296, -263.0, -1.0, 912, -263.0, -1.0, 2048, 493.0, 606.0, 7296,
622, 65.0, 152.0, 1824, 33.0, 64.0, 2048, 127.0, 246.0, 3648, -263.0, -1.0, 1824, -263.0, -1.0, 2048, 246.0, 302.0, 3648,
623, 65.0, 399.0, 3648, 33.0, 311.0, 4096, 127.0, 493.0, 7296, -263.0, -1.0, 1824, -525.0, -1.0, 4096, 493.0, 606.0, 7296,
624, 65.0, 184.0, 3648, 1.0, 64.0, 4096, 127.0, 246.0, 3648, -525.0, -1.0, 3648, -525.0, -1.0, 4096, 246.0, 302.0, 3648,
625, 65.0, 431.0, 7296, 1.0, 311.0, 8192, 127.0, 493.0, 7296, -525.0, -1.0, 3648, -1049.0, -1.0, 8192, 493.0, 606.0, 7296,
626, 65.0, 925.0, 14592, 1.0, 805.0, 16384, 127.0, 987.0, 14592, -787.0, -1.0, 7296, -1835.0, -1.0, 16384, 987.0, 1214.0, 14592,
627, 65.0, 125.0, 232, 61.0, 64.0, 256, 127.0, 247.0, 3712, -263.0, -1.0, 232, -263.0, -1.0, 256, 247.0, 304.0, 3712,
628, 65.0, 373.0, 464, 61.0, 312.0, 512, 127.0, 495.0, 7424, -263.0, -1.0, 232, -263.0, -1.0, 512, 495.0, 610.0, 7424,
629, 65.0, 129.0, 464, 57.0, 64.0, 512, 127.0, 247.0, 3712, -263.0, -1.0, 464, -263.0, -1.0, 512, 247.0, 304.0, 3712,
630, 65.0, 377.0, 928, 57.0, 312.0, 1024, 127.0, 495.0, 7424, -263.0, -1.0, 464, -263.0, -1.0, 1024, 495.0, 610.0, 7424,
631, 65.0, 137.0, 928, 49.0, 64.0, 1024, 127.0, 247.0, 3712, -263.0, -1.0, 928, -263.0, -1.0, 1024, 247.0, 304.0, 3712,
632, 65.0, 385.0, 1856, 49.0, 312.0, 2048, 127.0, 495.0, 7424, -263.0, -1.0, 928, -263.0, -1.0, 2048, 495.0, 610.0, 7424,
633, 65.0, 153.0, 1856, 33.0, 64.0, 2048, 127.0, 247.0, 3712, -263.0, -1.0, 1856, -263.0, -1.0, 2048, 247.0, 304.0, 3712,
634, 65.0, 401.0, 3712, 33.0, 312.0, 4096, 127.0, 495.0, 7424, -263.0, -1.0, 1856, -525.0, -1.0, 4096, 495.0, 610.0, 7424,
635, 65.0, 185.0, 3712, 1.0, 64.0, 4096, 127.0, 247.0, 3712, -525.0, -1.0, 3712, -525.0, -1.0, 4096, 247.0, 304.0, 3712,
636, 65.0, 433.0, 7424, 1.0, 312.0, 8192, 127.0, 495.0, 7424, -525.0, -1.0, 3712, -1049.0, -1.0, 8192, 495.0, 610.0, 7424,
637, 65.0, 929.0, 14848, 1.0, 808.0, 16384, 127.0, 991.0, 14848, -787.0, -1.0, 7424, -1835.0, -1.0, 16384, 991.0, 1222.0, 14848,
638, 65.0, 126.0, 236, 61.0, 64.0, 256, 127.0, 248.0, 3776, -263.0, -1.0, 236, -263.0, -1.0, 256, 248.0, 306.0, 3776,
639, 65.0, 375.0, 472, 61.0, 313.0, 512, 127.0, 497.0, 7552, -263.0, -1.0, 236, -263.0, -1.0, 512, 497.0, 614.0, 7552,
640, 65.0, 130.0, 472, 57.0, 64.0, 512, 127.0, 248.0, 3776, -263.0, -1.0, 472, -263.0, -1.0, 512, 248.0, 306.0, 3776,
641, 65.0, 379.0, 944, 57.0, 313.0, 1024, 127.0, 497.0, 7552, -263.0, -1.0, 472, -263.0, -1.0, 1024, 497.0, 614.0, 7552,
642, 65.0, 138.0, 944, 49.0, 64.0, 1024, 127.0, 248.0, 3776, -263.0, -1.0, 944, -263.0, -1.0, 1024, 248.0, 306.0, 3776,
643, 65.0, 387.0, 1888, 49.0, 313.0, 2048, 127.0, 497.0, 7552, -263.0, -1.0, 944, -263.0, -1.0, 2048, 497.0, 614.0, 7552,
644, 65.0, 154.0, 1888, 33.0, 64.0, 2048, 127.0, 248.0, 3776, -263.0, -1.0, 1888, -263.0, -1.0, 2048, 248.0, 306.0, 3776,
645, 65.0, 403.0, 3776, 33.0, 313.0, 4096, 127.0, 497.0, 7552, -263.0, -1.0, 1888, -525.0, -1.0, 4096, 497.0, 614.0, 7552,
646, 65.0, 186.0, 3776, 1.0, 64.0, 4096, 127.0, 248.0, 3776, -525.0, -1.0, 3776, -525.0, -1.0, 4096, 248.0, 306.0, 3776,
647, 65.0, 435.0, 7552, 1.0, 313.0, 8192, 127.0, 497.0, 7552, -525.0, -1.0, 3776, -1049.0, -1.0, 8192, 497.0, 614.0, 7552,
648, 65.0, 933.0, 15104, 1.0, 811.0, 16384, 127.0, 995.0, 15104, -787.0, -1.0, 7552, -1835.0, -1.0, 16384, 995.0, 1230.0, 15104,
649, 65.0, 127.0, 240, 61.0, 64.0, 256, 127.0, 249.0, 3840, -263.0, -1.0, 240, -263.0, -1.0, 256, 249.0, 308.0, 3840,
650, 65.0, 377.0, 480, 61.0, 314.0, 512, 127.0, 499.0, 7680, -263.0, -1.0, 240, -263.0, -1.0, 512, 499.0, 618.0, 7680,
651, 65.0, 131.0, 480, 57.0, 64.0, 512, 127.0, 249.0, 3840, -263.0, -1.0, 480, -263.0, -1.0, 512, 249.0, 308.0, 3840,
652, 65.0, 381.0, 960, 57.0, 314.0, 1024, 127.0, 499.0, 7680, -263.0, -1.0, 480, -263.0, -1.0, 1024, 499.0, 618.0, 7680,
653, 65.0, 139.0, 960, 49.0, 64.0, 1024, 127.0, 249.0, 3840, -263.0, -1.0, 960, -263.0, -1.0, 1024, 249.0, 308.0, 3840,
654, 65.0, 389.0, 1920, 49.0, 314.0, 2048, 127.0, 499.0, 7680, -263.0, -1.0, 960, -263.0, -1.0, 2048, 499.0, 618.0, 7680,
655, 65.0, 155.0, 1920, 33.0, 64.0, 2048, 127.0, 249.0, 3840, -263.0, -1.0, 1920, -263.0, -1.0, 2048, 249.0, 308.0, 3840,
656, 65.0, 405.0, 3840, 33.0, 314.0, 4096, 127.0, 499.0, 7680, -263.0, -1.0, 1920, -525.0, -1.0, 4096, 499.0, 618.0, 7680,
657, 65.0, 187.0, 3840, 1.0, 64.0, 4096, 127.0, 249.0, 3840, -525.0, -1.0, 3840, -525.0, -1.0, 4096, 249.0, 308.0, 3840,
658, 65.0, 437.0, 7680, 1.0, 314.0, 8192, 127.0, 499.0, 7680, -525.0, -1.0, 3840, -1049.0, -1.0, 8192, 499.0, 618.0, 7680,
659, 65.0, 937.0, 15360, 1.0, 814.0, 16384, 127.0, 999.0, 15360, -787.0, -1.0, 7680, -1835.0, -1.0, 16384, 999.0, 1238.0, 15360,
660, 65.0, 128.0, 244, 61.0, 64.0, 256, 127.0, 250.0, 3904, -263.0, -1.0, 244, -263.0, -1.0, 256, 250.0, 310.0, 3904,
661, 65.0, 379.0, 488, 61.0, 315.0, 512, 127.0, 501.0, 7808, -263.0, -1.0, 244, -263.0, -1.0, 512, 501.0, 622.0, 7808,
662, 65.0, 132.0, 488, 57.0, 64.0, 512, 127.0, 250.0, 3904, -263.0, -1.0, 488, -263.0, -1.0, 512, 250.0, 310.0, 3904,
663, 65.0, 383.0, 976, 57.0, 315.0, 1024, 127.0, 501.0, 7808, -263.0, -1.0, 488, -263.0, -1.0, 1024, 501.0, 622.0, 7808,
664, 65.0, 140.0, 976, 49.0, 64.0, 1024, 127.0, 250.0, 3904, -263.0, -1.0, 976, -263.0, -1.0, 1024, 250.0, 310.0, 3904,
665, 65.0, 391.0, 1952, 49.0, 315.0, 2048, 127.0, 501.0, 7808, -263.0, -1.0, 976, -263.0, -1.0, 2048, 501.0, 622.0, 7808,
666, 65.0, 156.0, 1952, 33.0, 64.0, 2048, 127.0, 250.0, 3904, -263.0, -1.0, 1952, -263.0, -1.0, 2048, 250.0, 310.0, 3904,
667, 65.0, 407.0, 3904, 33.0, 315.0, 4096, 127.0, 501.0, 7808, -263.0, -1.0, 1952, -525.0, -1.0, 4096, 501.0, 622.0, 7808,
668, 65.0, 188.0, 3904, 1.0, 64.0, 4096, 127.0, 250.0, 3904, -525.0, -1.0, 3904, -525.0, -1.0, 4096, 250.0, 310.0, 3904,
669, 65.0, 439.0, 7808, 1.0, 315.0, 8192, 127.0, 501.0, 7808, -525.0, -1.0, 3904, -1049.0, -1.0, 8192, 501.0, 622.0, 7808,
670, 65.0, 941.0, 15616, 1.0, 817.0, 16384, 127.0, 1003.0, 15616, -787.0, -1.0, 7808, -1835.0, -1.0, 16384, 1003.0, 1246.0, 15616,
671, 65.0, 129.0, 248, 61.0, 64.0, 256, 127.0, 251.0, 3968, -263.0, -1.0, 248, -263.0, -1.0, 256, 251.0, 312.0, 3968,
672, 65.0, 381.0, 496, 61.0, 316.0, 512, 127.0, 503.0, 7936, -263.0, -1.0, 248, -263.0, -1.0, 512, 503.0, 626.0, 7936,
673, 65.0, 133.0, 496, 57.0, 64.0, 512, 127.0, 251.0, 3968, -263.0, -1.0, 496, -263.0, -1.0, 512, 251.0, 312.0, 3968,
674, 65.0, 385.0, 992, 57.0, 316.0, 1024, 127.0, 503.0, 7936, -263.0, -1.0, 496, -263.0, -1.0, 1024, 503.0, 626.0, 7936,
675, 65.0, 141.0, 992, 49.0, 64.0, 1024, 127.0, 251.0, 3968, -263.0, -1.0, 992, -263.0, -1.0, 1024, 251.0, 312.0, 3968,
676, 65.0, 393.0, 1984, 49.0, 316.0, 2048, 127.0, 503.0, 7936, -263.0, -1.0, 992, -263.0, -1.0, 2048, 503.0, 626.0, 7936,
677, 65.0, 157.0, 1984, 33.0, 64.0, 2048, 127.0, 251.0, 3968, -263.0, -1.0, 1984, -263.0, -1.0, 2048, 251.0, 312.0, 3968,
678, 65.0, 409.0, 3968, 33.0, 316.0, 4096, 127.0, 503.0, 7936, -263.0, -1.0, 1984, -525.0, -1.0, 4096, 503.0, 626.0, 7936,
679, 65.0, 189.0, 3968, 1.0, 64.0, 4096, 127.0, 251.0, 3968, -525.0, -1.0, 3968, -525.0, -1.0, 4096, 251.0, 312.0, 3968,
680, 65.0, 441.0, 7936, 1.0, 316.0, 8192, 127.0, 503.0, 7936, -525.0, -1.0, 3968, -1049.0, -1.0, 8192, 503.0, 626.0, 7936,
681, 65.0, 945.0, 15872, 1.0, 820.0, 16384, 127.0, 1007.0, 15872, -1049.0, -1.0, 7936, -1835.0, -1.0, 16384, 1007.0, 1254.0, 15872,
682, 65.0, 130.0, 252, 61.0, 64.0, 256, 127.0, 252.0, 4032, -263.0, -1.0, 252, -263.0, -1.0, 256, 252.0, 314.0, 4032,
683, 65.0, 383.0, 504, 61.0, 317.0, 512, 127.0, 505.0, 8064, -263.0, -1.0, 252, -263.0, -1.0, 512, 505.0, 630.0, 8064,
684, 65.0, 134.0, 504, 57.0, 64.0, 512, 127.0, 252.0, 4032, -263.0, -1.0, 504, -263.0, -1.0, 512, 252.0, 314.0, 4032,
685, 65.0, 387.0, 1008, 57.0, 317.0, 1024, 127.0, 505.0, 8064, -263.0, -1.0, 504, -263.0, -1.0, 1024, 505.0, 630.0, 8064,
686, 65.0, 142.0, 1008, 49.0, 64.0, 1024, 127.0, 252.0, 4032, -263.0, -1.0, 1008, -263.0, -1.0, 1024, 252.0, 314.0, 4032,
687, 65.0, 395.0, 2016, 49.0, 317.0, 2048, 127.0, 505.0, 8064, -263.0, -1.0, 1008, -263.0, -1.0, 2048, 505.0, 630.0, 8064,
688, 65.0, 158.0, 2016, 33.0, 64.0, 2048, 127.0, 252.0, 4032, -263.0, -1.0, 2016, -263.0, -1.0, 2048, 252.0, 314.0, 4032,
689, 65.0, 411.0, 4032, 33.0, 317.0, 4096, 127.0, 505.0, 8064, -263.0, -1.0, 2016, -525.0, -1.0, 4096, 505.0, 630.0, 8064,
690, 65.0, 190.0, 4032, 1.0, 64.0, 4096, 127.0, 252.0, 4032, -525.0, -1.0, 4032, -525.0, -1.0, 4096, 252.0, 314.0, 4032,
691, 65.0, 443.0, 8064, 1.0, 317.0, 8192, 127.0, 505.0, 8064, -525.0, -1.0, 4032, -1049.0, -1.0, 8192, 505.0, 630.0, 8064,
692, 65.0, 949.0, 16128, 1.0, 823.0, 16384, 127.0, 1011.0, 16128, -1049.0, -1.0, 8064, -1835.0, -1.0, 16384, 1011.0, 1262.0, 16128,
693, 65.0, 131.0, 256, 61.0, 64.0, 256, 127.0, 253.0, 4096, -263.0, -1.0, 256, -263.0, -1.0, 256, 253.0, 316.0, 4096,
694, 65.0, 385.0, 512, 61.0, 318.0, 512, 127.0, 507.0, 8192, -263.0, -1.0, 256, -263.0, -1.0, 512, 507.0, 634.0, 8192,
695, 65.0, 135.0, 512, 57.0, 64.0, 512, 127.0, 253.0, 4096, -263.0, -1.0, 512, -263.0, -1.0, 512, 253.0, 316.0, 4096,
696, 65.0, 389.0, 1024, 57.0, 318.0, 1024, 127.0, 507.0, 8192, -263.0, -1.0, 512, -263.0, -1.0, 1024, 507.0, 634.0, 8192,
697, 65.0, 143.0, 1024, 49.0, 64.0, 1024, 127.0, 253.0, 4096, -263.0, -1.0, 1024, -263.0, -1.0, 1024, 253.0, 316.0, 4096,
698, 65.0, 397.0, 2048, 49.0, 318.0, 2048, 127.0, 507.0, 8192, -263.0, -1.0, 1024, -263.0, -1.0, 2048, 507.0, 634.0, 8192,
699, 65.0, 159.0, 2048, 33.0, 64.0, 2048, 127.0, 253.0, 4096, -263.0, -1.0, 2048, -263.0, -1.0, 2048, 253.0, 316.0, 4096,
700, 65.0, 413.0, 4096, 33.0, 318.0, 4096, 127.0, 507.0, 8192, -263.0, -1.0, 2048, -525.0, -1.0, 4096, 507.0, 634.0, 8192,
701, 65.0, 191.0, 4096, 1.0, 64.0, 4096, 127.0, 253.0, 4096, -525.0, -1.0, 4096, -525.0, -1.0, 4096, 253.0, 316.0, 4096,
702, 65.0, 445.0, 8192, 1.0, 318.0, 8192, 127.0, 507.0, 8192, -525.0, -1.0, 4096, -1049.0, -1.0, 8192, 507.0, 634.0, 8192,
703, 65.0, 953.0, 16384, 1.0, 826.0, 16384, 127.0, 1015.0, 16384, -1049.0, -1.0, 8192, -1835.0, -1.0, 16384, 1015.0, 1270.0, 16384,
704, 65.0, 132.0, 260, 61.0, 64.0, 256, 127.0, 254.0, 4160, -263.0, -1.0, 260, -263.0, -1.0, 256, 254.0, 318.0, 4160,
705, 65.0, 387.0, 520, 61.0, 319.0, 512, 127.0, 509.0, 8320, -263.0, -1.0, 260, -263.0, -1.0, 512, 509.0, 638.0, 8320,
706, 65.0, 136.0, 520, 57.0, 64.0, 512, 127.0, 254.0, 4160, -263.0, -1.0, 520, -263.0, -1.0, 512, 254.0, 318.0, 4160,
707, 65.0, 391.0, 1040, 57.0, 319.0, 1024, 127.0, 509.0, 8320, -263.0, -1.0, 520, -263.0, -1.0, 1024, 509.0, 638.0, 8320,
708, 65.0, 144.0, 1040, 49.0, 64.0, 1024, 127.0, 254.0, 4160, -263.0, -1.0, 1040, -263.0, -1.0, 1024, 254.0, 318.0, 4160,
709, 65.0, 399.0, 2080, 49.0, 319.0, 2048, 127.0, 509.0, 8320, -263.0, -1.0, 1040, -263.0, -1.0, 2048, 509.0, 638.0, 8320,
710, 65.0, 160.0, 2080, 33.0, 64.0, 2048, 127.0, 254.0, 4160, -263.0, -1.0, 2080, -263.0, -1.0, 2048, 254.0, 318.0, 4160,
711, 65.0, 415.0, 4160, 33.0, 319.0, 4096, 127.0, 509.0, 8320, -263.0, -1.0, 2080, -525.0, -1.0, 4096, 509.0, 638.0, 8320,
712, 65.0, 192.0, 4160, 1.0, 64.0, 4096, 127.0, 254.0, 4160, -525.0, -1.0, 4160, -525.0, -1.0, 4096, 254.0, 318.0, 4160,
713, 65.0, 447.0, 8320, 1.0, 319.0, 8192, 127.0, 509.0, 8320, -525.0, -1.0, 4160, -1049.0, -1.0, 8192, 509.0, 638.0, 8320,
714, 65.0, 957.0, 16640, 1.0, 829.0, 16384, 127.0, 1019.0, 16640, -1049.0, -1.0, 8320, -1835.0, -1.0, 16384, 1019.0, 1278.0, 16640,
715, 65.0, 133.0, 264, 61.0, 64.0, 256, 127.0, 255.0, 4224, -263.0, -1.0, 264, -263.0, -1.0, 256, 255.0, 320.0, 4224,
716, 65.0, 389.0, 528, 61.0, 320.0, 512, 127.0, 511.0, 8448, -263.0, -1.0, 264, -263.0, -1.0, 512, 511.0, 642.0, 8448,
717, 65.0, 137.0, 528, 57.0, 64.0, 512, 127.0, 255.0, 4224, -263.0, -1.0, 528, -263.0, -1.0, 512, 255.0, 320.0, 4224,
718, 65.0, 393.0, 1056, 57.0, 320.0, 1024, 127.0, 511.0, 8448, -263.0, -1.0, 528, -263.0, -1.0, 1024, 511.0, 642.0, 8448,
719, 65.0, 145.0, 1056, 49.0, 64.0, 1024, 127.0, 255.0, 4224, -263.0, -1.0, 1056, -263.0, -1.0, 1024, 255.0, 320.0, 4224,
720, 65.0, 401.0, 2112, 49.0, 320.0, 2048, 127.0, 511.0, 8448, -263.0, -1.0, 1056, -263.0, -1.0, 2048, 511.0, 642.0, 8448,
721, 65.0, 161.0, 2112, 33.0, 64.0, 2048, 127.0, 255.0, 4224, -263.0, -1.0, 2112, -263.0, -1.0, 2048, 255.0, 320.0, 4224,
722, 65.0, 417.0, 4224, 33.0, 320.0, 4096, 127.0, 511.0, 8448, -263.0, -1.0, 2112, -525.0, -1.0, 4096, 511.0, 642.0, 8448,
723, 65.0, 193.0, 4224, 1.0, 64.0, 4096, 127.0, 255.0, 4224, -525.0, -1.0, 4224, -525.0, -1.0, 4096, 255.0, 320.0, 4224,
724, 65.0, 449.0, 8448, 1.0, 320.0, 8192, 127.0, 511.0, 8448, -525.0, -1.0, 4224, -1049.0, -1.0, 8192, 511.0, 642.0, 8448,
725, 65.0, 961.0, 16896, 1.0, 832.0, 16384, 127.0, 1023.0, 16896, -1049.0, -1.0, 8448, -1835.0, -1.0, 16384, 1023.0, 1286.0, 16896,
726, 65.0, 134.0, 268, 61.0, 64.0, 256, 127.0, 256.0, 4288, -263.0, -1.0, 268, -263.0, -1.0, 256, 256.0, 322.0, 4288,
727, 65.0, 391.0, 536, 61.0, 321.0, 512, 127.0, 513.0, 8576, -263.0, -1.0, 268, -263.0, -1.0, 512, 513.0, 646.0, 8576,
728, 65.0, 138.0, 536, 57.0, 64.0, 512, 127.0, 256.0, 4288, -263.0, -1.0, 536, -263.0, -1.0, 512, 256.0, 322.0, 4288,
729, 65.0, 395.0, 1072, 57.0, 321.0, 1024, 127.0, 513.0, 8576, -263.0, -1.0, 536, -263.0, -1.0, 1024, 513.0, 646.0, 8576,
730, 65.0, 146.0, 1072, 49.0, 64.0, 1024, 127.0, 256.0, 4288, -263.0, -1.0, 1072, -263.0, -1.0, 1024, 256.0, 322.0, 4288,
731, 65.0, 403.0, 2144, 49.0, 321.0, 2048, 127.0, 513.0, 8576, -263.0, -1.0, 1072, -263.0, -1.0, 2048, 513.0, 646.0, 8576,
732, 65.0, 162.0, 2144, 33.0, 64.0, 2048, 127.0, 256.0, 4288, -263.0, -1.0, 2144, -263.0, -1.0, 2048, 256.0, 322.0, 4288,
733, 65.0, 419.0, 4288, 33.0, 321.0, 4096, 127.0, 513.0, 8576, -263.0, -1.0, 2144, -525.0, -1.0, 4096, 513.0, 646.0, 8576,
734, 65.0, 194.0, 4288, 1.0, 64.0, 4096, 127.0, 256.0, 4288, -525.0, -1.0, 4288, -525.0, -1.0, 4096, 256.0, 322.0, 4288,
735, 65.0, 451.0, 8576, 1.0, 321.0, 8192, 127.0, 513.0, 8576, -525.0, -1.0, 4288, -1049.0, -1.0, 8192, 513.0, 646.0, 8576,
736, 65.0, 965.0, 17152, 1.0, 835.0, 16384, 127.0, 1027.0, 17152, -1049.0, -1.0, 8576, -1835.0, -1.0, 16384, 1027.0, 1294.0, 17152,
737, 65.0, 135.0, 272, 61.0, 64.0, 256, 127.0, 257.0, 4352, -263.0, -1.0, 272, -263.0, -1.0, 256, 257.0, 324.0, 4352,
738, 65.0, 393.0, 544, 61.0, 322.0, 512, 127.0, 515.0, 8704, -263.0, -1.0, 272, -263.0, -1.0, 512, 515.0, 650.0, 8704,
739, 65.0, 139.0, 544, 57.0, 64.0, 512, 127.0, 257.0, 4352, -263.0, -1.0, 544, -263.0, -1.0, 512, 257.0, 324.0, 4352,
740, 65.0, 397.0, 1088, 57.0, 322.0, 1024, 127.0, 515.0, 8704, -263.0, -1.0, 544, -263.0, -1.0, 1024, 515.0, 650.0, 8704,
741, 65.0, 147.0, 1088, 49.0, 64.0, 1024, 127.0, 257.0, 4352, -263.0, -1.0, 1088, -263.0, -1.0, 1024, 257.0, 324.0, 4352,
742, 65.0, 405.0, 2176, 49.0, 322.0, 2048, 127.0, 515.0, 8704, -263.0, -1.0, 1088, -263.0, -1.0, 2048, 515.0, 650.0, 8704,
743, 65.0, 163.0, 2176, 33.0, 64.0, 2048, 127.0, 257.0, 4352, -263.0, -1.0, 2176, -263.0, -1.0, 2048, 257.0, 324.0, 4352,
744, 65.0, 421.0, 4352, 33.0, 322.0, 4096, 127.0, 515.0, 8704, -263.0, -1.0, 2176, -525.0, -1.0, 4096, 515.0, 650.0, 8704,
745, 65.0, 195.0, 4352, 1.0, 64.0, 4096, 127.0, 257.0, 4352, -525.0, -1.0, 4352, -525.0, -1.0, 4096, 257.0, 324.0, 4352,
746, 65.0, 453.0, 8704, 1.0, 322.0, 8192, 127.0, 515.0, 8704, -525.0, -1.0, 4352, -1049.0, -1.0, 8192, 515.0, 650.0, 8704,
747, 65.0, 969.0, 17408, 1.0, 838.0, 16384, 127.0, 1031.0, 17408, -1049.0, -1.0, 8704, -1835.0, -1.0, 16384, 1031.0, 1302.0, 17408,
748, 65.0, 136.0, 276, 61.0, 64.0, 256, 127.0, 258.0, 4416, -263.0, -1.0, 276, -263.0, -1.0, 256, 258.0, 326.0, 4416,
749, 65.0, 395.0, 552, 61.0, 323.0, 512, 127.0, 517.0, 8832, -263.0, -1.0, 276, -263.0, -1.0, 512, 517.0, 654.0, 8832,
750, 65.0, 140.0, 552, 57.0, 64.0, 512, 127.0, 258.0, 4416, -263.0, -1.0, 552, -263.0, -1.0, 512, 258.0, 326.0, 4416,
751, 65.0, 399.0, 1104, 57.0, 323.0, 1024, 127.0, 517.0, 8832, -263.0, -1.0, 552, -263.0, -1.0, 1024, 517.0, 654.0, 8832,
752, 65.0, 148.0, 1104, 49.0, 64.0, 1024, 127.0, 258.0, 4416, -263.0, -1.0, 1104, -263.0, -1.0, 1024, 258.0, 326.0, 4416,
753, 65.0, 407.0, 2208, 49.0, 323.0, 2048, 127.0, 517.0, 8832, -263.0, -1.0, 1104, -263.0, -1.0, 2048, 517.0, 654.0, 8832,
754, 65.0, 164.0, 2208, 33.0, 64.0, 2048, 127.0, 258.0, 4416, -263.0, -1.0, 2208, -263.0, -1.0, 2048, 258.0, 326.0, 4416,
755, 65.0, 423.0, 4416, 33.0, 323.0, 4096, 127.0, 517.0, 8832, -263.0, -1.0, 2208, -525.0, -1.0, 4096, 517.0, 654.0, 8832,
756, 65.0, 196.0, 4416, 1.0, 64.0, 4096, 127.0, 258.0, 4416, -525.0, -1.0, 4416, -525.0, -1.0, 4096, 258.0, 326.0, 4416,
757, 65.0, 455.0, 8832, 1.0, 323.0, 8192, 127.0, 517.0, 8832, -525.0, -1.0, 4416, -1049.0, -1.0, 8192, 517.0, 654.0, 8832,
758, 65.0, 973.0, 17664, 1.0, 841.0, 16384, 127.0, 1035.0, 17664, -1049.0, -1.0, 8832, -1835.0, -1.0, 16384, 1035.0, 1310.0, 17664,
759, 65.0, 137.0, 280, 61.0, 64.0, 256, 127.0, 259.0, 4480, -263.0, -1.0, 280, -263.0, -1.0, 256, 259.0, 328.0, 4480,
760, 65.0, 397.0, 560, 61.0, 324.0, 512, 127.0, 519.0, 8960, -263.0, -1.0, 280, -263.0, -1.0, 512, 519.0, 658.0, 8960,
761, 65.0, 141.0, 560, 57.0, 64.0, 512, 127.0, 259.0, 4480, -263.0, -1.0, 560, -263.0, -1.0, 512, 259.0, 328.0, 4480,
762, 65.0, 401.0, 1120, 57.0, 324.0, 1024, 127.0, 519.0, 8960, -263.0, -1.0, 560, -263.0, -1.0, 1024, 519.0, 658.0, 8960,
763, 65.0, 149.0, 1120, 49.0, 64.0, 1024, 127.0, 259.0, 4480, -263.0, -1.0, 1120, -263.0, -1.0, 1024, 259.0, 328.0, 4480,
764, 65.0, 409.0, 2240, 49.0, 324.0, 2048, 127.0, 519.0, 8960, -263.0, -1.0, 1120, -263.0, -1.0, 2048, 519.0, 658.0, 8960,
765, 65.0, 165.0, 2240, 33.0, 64.0, 2048, 127.0, 259.0, 4480, -263.0, -1.0, 2240, -263.0, -1.0, 2048, 259.0, 328.0, 4480,
766, 65.0, 425.0, 4480, 33.0, 324.0, 4096, 127.0, 519.0, 8960, -263.0, -1.0, 2240, -525.0, -1.0, 4096, 519.0, 658.0, 8960,
767, 65.0, 197.0, 4480, 1.0, 64.0, 4096, 127.0, 259.0, 4480, -525.0, -1.0, 4480, -525.0, -1.0, 4096, 259.0, 328.0, 4480,
768, 65.0, 457.0, 8960, 1.0, 324.0, 8192, 127.0, 519.0, 8960, -525.0, -1.0, 4480, -1049.0, -1.0, 8192, 519.0, 658.0, 8960,
769, 65.0, 977.0, 17920, 1.0, 844.0, 16384, 127.0, 1039.0, 17920, -1049.0, -1.0, 8960, -1835.0, -1.0, 16384, 1039.0, 1318.0, 17920,
770, 65.0, 138.0, 284, 61.0, 64.0, 256, 127.0, 260.0, 4544, -263.0, -1.0, 284, -263.0, -1.0, 256, 260.0, 330.0, 4544,
771, 65.0, 399.0, 568, 61.0, 325.0, 512, 127.0, 521.0, 9088, -263.0, -1.0, 284, -263.0, -1.0, 512, 521.0, 662.0, 9088,
772, 65.0, 142.0, 568, 57.0, 64.0, 512, 127.0, 260.0, 4544, -263.0, -1.0, 568, -263.0, -1.0, 512, 260.0, 330.0, 4544,
773, 65.0, 403.0, 1136, 57.0, 325.0, 1024, 127.0, 521.0, 9088, -263.0, -1.0, 568, -263.0, -1.0, 1024, 521.0, 662.0, 9088,
774, 65.0, 150.0, 1136, 49.0, 64.0, 1024, 127.0, 260.0, 4544, -263.0, -1.0, 1136, -263.0, -1.0, 1024, 260.0, 330.0, 4544,
775, 65.0, 411.0, 2272, 49.0, 325.0, 2048, 127.0, 521.0, 9088, -263.0, -1.0, 1136, -263.0, -1.0, 2048, 521.0, 662.0, 9088,
776, 65.0, 166.0, 2272, 33.0, 64.0, 2048, 127.0, 260.0, 4544, -263.0, -1.0, 2272, -263.0, -1.0, 2048, 260.0, 330.0, 4544,
777, 65.0, 427.0, 4544, 33.0, 325.0, 4096, 127.0, 521.0, 9088, -263.0, -1.0, 2272, -525.0, -1.0, 4096, 521.0, 662.0, 9088,
778, 65.0, 198.0, 4544, 1.0, 64.0, 4096, 127.0, 260.0, 4544, -525.0, -1.0, 4544, -525.0, -1.0, 4096, 260.0, 330.0, 4544,
779, 65.0, 459.0, 9088, 1.0, 325.0, 8192, 127.0, 521.0, 9088, -525.0, -1.0, 4544, -1049.0, -1.0, 8192, 521.0, 662.0, 9088,
780, 65.0, 981.0, 18176, 1.0, 847.0, 16384, 127.0, 1043.0, 18176, -1049.0, -1.0, 9088, -1835.0, -1.0, 16384, 1043.0, 1326.0, 18176,
781, 65.0, 139.0, 288, 61.0, 64.0, 256, 127.0, 261.0, 4608, -263.0, -1.0, 288, -263.0, -1.0, 256, 261.0, 332.0, 4608,
782, 65.0, 401.0, 576, 61.0, 326.0, 512, 127.0, 523.0, 9216, -263.0, -1.0, 288, -263.0, -1.0, 512, 523.0, 666.0, 9216,
783, 65.0, 143.0, 576, 57.0, 64.0, 512, 127.0, 261.0, 4608, -263.0, -1.0, 576, -263.0, -1.0, 512, 261.0, 332.0, 4608,
784, 65.0, 405.0, 1152, 57.0, 326.0, 1024, 127.0, 523.0, 9216, -263.0, -1.0, 576, -263.0, -1.0, 1024, 523.0, 666.0, 9216,
785, 65.0, 151.0, 1152, 49.0, 64.0, 1024, 127.0, 261.0, 4608, -263.0, -1.0, 1152, -263.0, -1.0, 1024, 261.0, 332.0, 4608,
786, 65.0, 413.0, 2304, 49.0, 326.0, 2048, 127.0, 523.0, 9216, -263.0, -1.0, 1152, -263.0, -1.0, 2048, 523.0, 666.0, 9216,
787, 65.0, 167.0, 2304, 33.0, 64.0, 2048, 127.0, 261.0, 4608, -263.0, -1.0, 2304, -263.0, -1.0, 2048, 261.0, 332.0, 4608,
788, 65.0, 429.0, 4608, 33.0, 326.0, 4096, 127.0, 523.0, 9216, -263.0, -1.0, 2304, -525.0, -1.0, 4096, 523.0, 666.0, 9216,
789, 65.0, 199.0, 4608, 1.0, 64.0, 4096, 127.0, 261.0, 4608, -525.0, -1.0, 4608, -525.0, -1.0, 4096, 261.0, 332.0, 4608,
790, 65.0, 461.0, 9216, 1.0, 326.0, 8192, 127.0, 523.0, 9216, -525.0, -1.0, 4608, -1049.0, -1.0, 8192, 523.0, 666.0, 9216,
791, 65.0, 985.0, 18432, 1.0, 850.0, 16384, 127.0, 1047.0, 18432, -1049.0, -1.0, 9216, -1835.0, -1.0, 16384, 1047.0, 1334.0, 18432,
792, 65.0, 140.0, 292, 61.0, 64.0, 256, 127.0, 262.0, 4672, -263.0, -1.0, 292, -263.0, -1.0, 256, 262.0, 334.0, 4672,
793, 65.0, 403.0, 584, 61.0, 327.0, 512, 127.0, 525.0, 9344, -263.0, -1.0, 292, -263.0, -1.0, 512, 525.0, 670.0, 9344,
794, 65.0, 144.0, 584, 57.0, 64.0, 512, 127.0, 262.0, 4672, -263.0, -1.0, 584, -263.0, -1.0, 512, 262.0, 334.0, 4672,
795, 65.0, 407.0, 1168, 57.0, 327.0, 1024, 127.0, 525.0, 9344, -263.0, -1.0, 584, -263.0, -1.0, 1024, 525.0, 670.0, 9344,
796, 65.0, 152.0, 1168, 49.0, 64.0, 1024, 127.0, 262.0, 4672, -263.0, -1.0, 1168, -263.0, -1.0, 1024, 262.0, 334.0, 4672,
797, 65.0, 415.0, 2336, 49.0, 327.0, 2048, 127.0, 525.0, 9344, -263.0, -1.0, 1168, -263.0, -1.0, 2048, 525.0, 670.0, 9344,
798, 65.0, 168.0, 2336, 33.0, 64.0, 2048, 127.0, 262.0, 4672, -263.0, -1.0, 2336, -263.0, -1.0, 2048, 262.0, 334.0, 4672,
799, 65.0, 431.0, 4672, 33.0, 327.0, 4096, 127.0, 525.0, 9344, -263.0, -1.0, 2336, -525.0, -1.0, 4096, 525.0, 670.0, 9344,
800, 65.0, 200.0, 4672, 1.0, 64.0, 4096, 127.0, 262.0, 4672, -525.0, -1.0, 4672, -525.0, -1.0, 4096, 262.0, 334.0, 4672,
801, 65.0, 463.0, 9344, 1.0, 327.0, 8192, 127.0, 525.0, 9344, -525.0, -1.0, 4672, -1049.0, -1.0, 8192, 525.0, 670.0, 9344,
802, 65.0, 989.0, 18688, 1.0, 853.0, 16384, 127.0, 1051.0, 18688, -1049.0, -1.0, 9344, -1835.0, -1.0, 16384, 1051.0, 1342.0, 18688,
803, 65.0, 141.0, 296, 61.0, 64.0, 256, 127.0, 263.0, 4736, -263.0, -1.0, 296, -263.0, -1.0, 256, 263.0, 336.0, 4736,
804, 65.0, 405.0, 592, 61.0, 328.0, 512, 127.0, 527.0, 9472, -263.0, -1.0, 296, -263.0, -1.0, 512, 527.0, 674.0, 9472,
805, 65.0, 145.0, 592, 57.0, 64.0, 512, 127.0, 263.0, 4736, -263.0, -1.0, 592, -263.0, -1.0, 512, 263.0, 336.0, 4736,
806, 65.0, 409.0, 1184, 57.0, 328.0, 1024, 127.0, 527.0, 9472, -263.0, -1.0, 592, -263.0, -1.0, 1024, 527.0, 674.0, 9472,
807, 65.0, 153.0, 1184, 49.0, 64.0, 1024, 127.0, 263.0, 4736, -263.0, -1.0, 1184, -263.0, -1.0, 1024, 263.0, 336.0, 4736,
808, 65.0, 417.0, 2368, 49.0, 328.0, 2048, 127.0, 527.0, 9472, -263.0, -1.0, 1184, -263.0, -1.0, 2048, 527.0, 674.0, 9472,
809, 65.0, 169.0, 2368, 33.0, 64.0, 2048, 127.0, 263.0, 4736, -263.0, -1.0, 2368, -263.0, -1.0, 2048, 263.0, 336.0, 4736,
810, 65.0, 433.0, 4736, 33.0, 328.0, 4096, 127.0, 527.0, 9472, -263.0, -1.0, 2368, -525.0, -1.0, 4096, 527.0, 674.0, 9472,
811, 65.0, 201.0, 4736, 1.0, 64.0, 4096, 127.0, 263.0, 4736, -525.0, -1.0, 4736, -525.0, -1.0, 4096, 263.0, 336.0, 4736,
812, 65.0, 465.0, 9472, 1.0, 328.0, 8192, 127.0, 527.0, 9472, -525.0, -1.0, 4736, -1049.0, -1.0, 8192, 527.0, 674.0, 9472,
813, 65.0, 993.0, 18944, 1.0, 856.0, 16384, 127.0, 1055.0, 18944, -1049.0, -1.0, 9472, -1835.0, -1.0, 16384, 1055.0, 1350.0, 18944,
814, 65.0, 142.0, 300, 61.0, 64.0, 256, 127.0, 264.0, 4800, -263.0, -1.0, 300, -263.0, -1.0, 256, 264.0, 338.0, 4800,
815, 65.0, 407.0, 600, 61.0, 329.0, 512, 127.0, 529.0, 9600, -263.0, -1.0, 300, -263.0, -1.0, 512, 529.0, 678.0, 9600,
816, 65.0, 146.0, 600, 57.0, 64.0, 512, 127.0, 264.0, 4800, -263.0, -1.0, 600, -263.0, -1.0, 512, 264.0, 338.0, 4800,
817, 65.0, 411.0, 1200, 57.0, 329.0, 1024, 127.0, 529.0, 9600, -263.0, -1.0, 600, -263.0, -1.0, 1024, 529.0, 678.0, 9600,
818, 65.0, 154.0, 1200, 49.0, 64.0, 1024, 127.0, 264.0, 4800, -263.0, -1.0, 1200, -263.0, -1.0, 1024, 264.0, 338.0, 4800,
819, 65.0, 419.0, 2400, 49.0, 329.0, 2048, 127.0, 529.0, 9600, -263.0, -1.0, 1200, -263.0, -1.0, 2048, 529.0, 678.0, 9600,
820, 65.0, 170.0, 2400, 33.0, 64.0, 2048, 127.0, 264.0, 4800, -263.0, -1.0, 2400, -263.0, -1.0, 2048, 264.0, 338.0, 4800,
821, 65.0, 435.0, 4800, 33.0, 329.0, 4096, 127.0, 529.0, 9600, -263.0, -1.0, 2400, -525.0, -1.0, 4096, 529.0, 678.0, 9600,
822, 65.0, 202.0, 4800, 1.0, 64.0, 4096, 127.0, 264.0, 4800, -525.0, -1.0, 4800, -525.0, -1.0, 4096, 264.0, 338.0, 4800,
823, 65.0, 467.0, 9600, 1.0, 329.0, 8192, 127.0, 529.0, 9600, -525.0, -1.0, 4800, -1049.0, -1.0, 8192, 529.0, 678.0, 9600,
824, 65.0, 997.0, 19200, 1.0, 859.0, 16384, 127.0, 1059.0, 19200, -1049.0, -1.0, 9600, -1835.0, -1.0, 16384, 1059.0, 1358.0, 19200,
825, 65.0, 143.0, 304, 61.0, 64.0, 256, 127.0, 265.0, 4864, -263.0, -1.0, 304, -263.0, -1.0, 256, 265.0, 340.0, 4864,
826, 65.0, 409.0, 608, 61.0, 330.0, 512, 127.0, 531.0, 9728, -263.0, -1.0, 304, -263.0, -1.0, 512, 531.0, 682.0, 9728,
827, 65.0, 147.0, 608, 57.0, 64.0, 512, 127.0, 265.0, 4864, -263.0, -1.0, 608, -263.0, -1.0, 512, 265.0, 340.0, 4864,
828, 65.0, 413.0, 1216, 57.0, 330.0, 1024, 127.0, 531.0, 9728, -263.0, -1.0, 608, -263.0, -1.0, 1024, 531.0, 682.0, 9728,
829, 65.0, 155.0, 1216, 49.0, 64.0, 1024, 127.0, 265.0, 4864, -263.0, -1.0, 1216, -263.0, -1.0, 1024, 265.0, 340.0, 4864,
830, 65.0, 421.0, 2432, 49.0, 330.0, 2048, 127.0, 531.0, 9728, -263.0, -1.0, 1216, -263.0, -1.0, 2048, 531.0, 682.0, 9728,
831, 65.0, 171.0, 2432, 33.0, 64.0, 2048, 127.0, 265.0, 4864, -263.0, -1.0, 2432, -263.0, -1.0, 2048, 265.0, 340.0, 4864,
832, 65.0, 437.0, 4864, 33.0, 330.0, 4096, 127.0, 531.0, 9728, -263.0, -1.0, 2432, -525.0, -1.0, 4096, 531.0, 682.0, 9728,
833, 65.0, 203.0, 4864, 1.0, 64.0, 4096, 127.0, 265.0, 4864, -525.0, -1.0, 4864, -525.0, -1.0, 4096, 265.0, 340.0, 4864,
834, 65.0, 469.0, 9728, 1.0, 330.0, 8192, 127.0, 531.0, 9728, -525.0, -1.0, 4864, -1049.0, -1.0, 8192, 531.0, 682.0, 9728,
835, 65.0, 1001.0, 19456, 1.0, 862.0, 16384, 127.0, 1063.0, 19456, -1049.0, -1.0, 9728, -1835.0, -1.0, 16384, 1063.0, 1366.0, 19456,
836, 65.0, 144.0, 308, 61.0, 64.0, 256, 127.0, 266.0, 4928, -263.0, -1.0, 308, -263.0, -1.0, 256, 266.0, 342.0, 4928,
837, 65.0, 411.0, 616, 61.0, 331.0, 512, 127.0, 533.0, 9856, -263.0, -1.0, 308, -263.0, -1.0, 512, 533.0, 686.0, 9856,
838, 65.0, 148.0, 616, 57.0, 64.0, 512, 127.0, 266.0, 4928, -263.0, -1.0, 616, -263.0, -1.0, 512, 266.0, 342.0, 4928,
839, 65.0, 415.0, 1232, 57.0, 331.0, 1024, 127.0, 533.0, 9856, -263.0, -1.0, 616, -263.0, -1.0, 1024, 533.0, 686.0, 9856,
840, 65.0, 156.0, 1232, 49.0, 64.0, 1024, 127.0, 266.0, 4928, -263.0, -1.0, 1232, -263.0, -1.0, 1024, 266.0, 342.0, 4928,
841, 65.0, 423.0, 2464, 49.0, 331.0, 2048, 127.0, 533.0, 9856, -263.0, -1.0, 1232, -263.0, -1.0, 2048, 533.0, 686.0, 9856,
842, 65.0, 172.0, 2464, 33.0, 64.0, 2048, 127.0, 266.0, 4928, -263.0, -1.0, 2464, -263.0, -1.0, 2048, 266.0, 342.0, 4928,
843, 65.0, 439.0, 4928, 33.0, 331.0, 4096, 127.0, 533.0, 9856, -263.0, -1.0, 2464, -525.0, -1.0, 4096, 533.0, 686.0, 9856,
844, 65.0, 204.0, 4928, 1.0, 64.0, 4096, 127.0, 266.0, 4928, -525.0, -1.0, 4928, -525.0, -1.0, 4096, 266.0, 342.0, 4928,
845, 65.0, 471.0, 9856, 1.0, 331.0, 8192, 127.0, 533.0, 9856, -525.0, -1.0, 4928, -1049.0, -1.0, 8192, 533.0, 686.0, 9856,
846, 65.0, 1005.0, 19712, 1.0, 865.0, 16384, 127.0, 1067.0, 19712, -1049.0, -1.0, 9856, -1835.0, -1.0, 16384, 1067.0, 1374.0, 19712,
847, 65.0, 145.0, 312, 61.0, 64.0, 256, 127.0, 267.0, 4992, -263.0, -1.0, 312, -263.0, -1.0, 256, 267.0, 344.0, 4992,
848, 65.0, 413.0, 624, 61.0, 332.0, 512, 127.0, 535.0, 9984, -263.0, -1.0, 312, -263.0, -1.0, 512, 535.0, 690.0, 9984,
849, 65.0, 149.0, 624, 57.0, 64.0, 512, 127.0, 267.0, 4992, -263.0, -1.0, 624, -263.0, -1.0, 512, 267.0, 344.0, 4992,
850, 65.0, 417.0, 1248, 57.0, 332.0, 1024, 127.0, 535.0, 9984, -263.0, -1.0, 624, -263.0, -1.0, 1024, 535.0, 690.0, 9984,
851, 65.0, 157.0, 1248, 49.0, 64.0, 1024, 127.0, 267.0, 4992, -263.0, -1.0, 1248, -263.0, -1.0, 1024, 267.0, 344.0, 4992,
852, 65.0, 425.0, 2496, 49.0, 332.0, 2048, 127.0, 535.0, 9984, -263.0, -1.0, 1248, -263.0, -1.0, 2048, 535.0, 690.0, 9984,
853, 65.0, 173.0, 2496, 33.0, 64.0, 2048, 127.0, 267.0, 4992, -263.0, -1.0, 2496, -263.0, -1.0, 2048, 267.0, 344.0, 4992,
854, 65.0, 441.0, 4992, 33.0, 332.0, 4096, 127.0, 535.0, 9984, -263.0, -1.0, 2496, -525.0, -1.0, 4096, 535.0, 690.0, 9984,
855, 65.0, 205.0, 4992, 1.0, 64.0, 4096, 127.0, 267.0, 4992, -525.0, -1.0, 4992, -525.0, -1.0, 4096, 267.0, 344.0, 4992,
856, 65.0, 473.0, 9984, 1.0, 332.0, 8192, 127.0, 535.0, 9984, -525.0, -1.0, 4992, -1049.0, -1.0, 8192, 535.0, 690.0, 9984,
857, 65.0, 1009.0, 19968, 1.0, 868.0, 16384, 127.0, 1071.0, 19968, -1049.0, -1.0, 9984, -1835.0, -1.0, 16384, 1071.0, 1382.0, 19968,
858, 65.0, 146.0, 316, 61.0, 64.0, 256, 127.0, 268.0, 5056, -263.0, -1.0, 316, -263.0, -1.0, 256, 268.0, 346.0, 5056,
859, 65.0, 415.0, 632, 61.0, 333.0, 512, 127.0, 537.0, 10112, -263.0, -1.0, 316, -263.0, -1.0, 512, 537.0, 694.0, 10112,
860, 65.0, 150.0, 632, 57.0, 64.0, 512, 127.0, 268.0, 5056, -263.0, -1.0, 632, -263.0, -1.0, 512, 268.0, 346.0, 5056,
861, 65.0, 419.0, 1264, 57.0, 333.0, 1024, 127.0, 537.0, 10112, -263.0, -1.0, 632, -263.0, -1.0, 1024, 537.0, 694.0, 10112,
862, 65.0, 158.0, 1264, 49.0, 64.0, 1024, 127.0, 268.0, 5056, -263.0, -1.0, 1264, -263.0, -1.0, 1024, 268.0, 346.0, 5056,
863, 65.0, 427.0, 2528, 49.0, 333.0, 2048, 127.0, 537.0, 10112, -263.0, -1.0, 1264, -263.0, -1.0, 2048, 537.0, 694.0, 10112,
864, 65.0, 174.0, 2528, 33.0, 64.0, 2048, 127.0, 268.0, 5056, -263.0, -1.0, 2528, -263.0, -1.0, 2048, 268.0, 346.0, 5056,
865, 65.0, 443.0, 5056, 33.0, 333.0, 4096, 127.0, 537.0, 10112, -263.0, -1.0, 2528, -525.0, -1.0, 4096, 537.0, 694.0, 10112,
866, 65.0, 206.0, 5056, 1.0, 64.0, 4096, 127.0, 268.0, 5056, -525.0, -1.0, 5056, -525.0, -1.0, 4096, 268.0, 346.0, 5056,
867, 65.0, 475.0, 10112, 1.0, 333.0, 8192, 127.0, 537.0, 10112, -525.0, -1.0, 5056, -1049.0, -1.0, 8192, 537.0, 694.0, 10112,
868, 65.0, 1013.0, 20224, 1.0, 871.0, 16384, 127.0, 1075.0, 20224, -1049.0, -1.0, 10112, -1835.0, -1.0, 16384, 1075.0, 1390.0, 20224,
869, 65.0, 147.0, 320, 61.0, 64.0, 256, 127.0, 269.0, 5120, -263.0, -1.0, 320, -263.0, -1.0, 256, 269.0, 348.0, 5120,
870, 65.0, 417.0, 640, 61.0, 334.0, 512, 127.0, 539.0, 10240, -263.0, -1.0, 320, -263.0, -1.0, 512, 539.0, 698.0, 10240,
871, 65.0, 151.0, 640, 57.0, 64.0, 512, 127.0, 269.0, 5120, -263.0, -1.0, 640, -263.0, -1.0, 512, 269.0, 348.0, 5120,
872, 65.0, 421.0, 1280, 57.0, 334.0, 1024, 127.0, 539.0, 10240, -263.0, -1.0, 640, -263.0, -1.0, 1024, 539.0, 698.0, 10240,
873, 65.0, 159.0, 1280, 49.0, 64.0, 1024, 127.0, 269.0, 5120, -263.0, -1.0, 1280, -263.0, -1.0, 1024, 269.0, 348.0, 5120,
874, 65.0, 429.0, 2560, 49.0, 334.0, 2048, 127.0, 539.0, 10240, -263.0, -1.0, 1280, -263.0, -1.0, 2048, 539.0, 698.0, 10240,
875, 65.0, 175.0, 2560, 33.0, 64.0, 2048, 127.0, 269.0, 5120, -263.0, -1.0, 2560, -263.0, -1.0, 2048, 269.0, 348.0, 5120,
876, 65.0, 445.0, 5120, 33.0, 334.0, 4096, 127.0, 539.0, 10240, -263.0, -1.0, 2560, -525.0, -1.0, 4096, 539.0, 698.0, 10240,
877, 65.0, 207.0, 5120, 1.0, 64.0, 4096, 127.0, 269.0, 5120, -525.0, -1.0, 5120, -525.0, -1.0, 4096, 269.0, 348.0, 5120,
878, 65.0, 477.0, 10240, 1.0, 334.0, 8192, 127.0, 539.0, 10240, -525.0, -1.0, 5120, -1049.0, -1.0, 8192, 539.0, 698.0, 10240,
879, 65.0, 1017.0, 20480, 1.0, 874.0, 16384, 127.0, 1079.0, 20480, -1049.0, -1.0, 10240, -1835.0, -1.0, 16384, 1079.0, 1398.0, 20480,
880, 65.0, 148.0, 324, 61.0, 64.0, 256, 127.0, 270.0, 5184, -263.0, -1.0, 324, -263.0, -1.0, 256, 270.0, 350.0, 5184,
881, 65.0, 419.0, 648, 61.0, 335.0, 512, 127.0, 541.0, 10368, -263.0, -1.0, 324, -263.0, -1.0, 512, 541.0, 702.0, 10368,
882, 65.0, 152.0, 648, 57.0, 64.0, 512, 127.0, 270.0, 5184, -263.0, -1.0, 648, -263.0, -1.0, 512, 270.0, 350.0, 5184,
883, 65.0, 423.0, 1296, 57.0, 335.0, 1024, 127.0, 541.0, 10368, -263.0, -1.0, 648, -263.0, -1.0, 1024, 541.0, 702.0, 10368,
884, 65.0, 160.0, 1296, 49.0, 64.0, 1024, 127.0, 270.0, 5184, -263.0, -1.0, 1296, -263.0, -1.0, 1024, 270.0, 350.0, 5184,
885, 65.0, 431.0, 2592, 49.0, 335.0, 2048, 127.0, 541.0, 10368, -263.0, -1.0, 1296, -263.0, -1.0, 2048, 541.0, 702.0, 10368,
886, 65.0, 176.0, 2592, 33.0, 64.0, 2048, 127.0, 270.0, 5184, -263.0, -1.0, 2592, -263.0, -1.0, 2048, 270.0, 350.0, 5184,
887, 65.0, 447.0, 5184, 33.0, 335.0, 4096, 127.0, 541.0, 10368, -263.0, -1.0, 2592, -525.0, -1.0, 4096, 541.0, 702.0, 10368,
888, 65.0, 208.0, 5184, 1.0, 64.0, 4096, 127.0, 270.0, 5184, -525.0, -1.0, 5184, -525.0, -1.0, 4096, 270.0, 350.0, 5184,
889, 65.0, 479.0, 10368, 1.0, 335.0, 8192, 127.0, 541.0, 10368, -525.0, -1.0, 5184, -1049.0, -1.0, 8192, 541.0, 702.0, 10368,
890, 65.0, 1021.0, 20736, 1.0, 877.0, 16384, 127.0, 1083.0, 20736, -1049.0, -1.0, 10368, -1835.0, -1.0, 16384, 1083.0, 1406.0, 20736,
891, 65.0, 149.0, 328, 61.0, 64.0, 256, 127.0, 271.0, 5248, -263.0, -1.0, 328, -263.0, -1.0, 256, 271.0, 352.0, 5248,
892, 65.0, 421.0, 656, 61.0, 336.0, 512, 127.0, 543.0, 10496, -263.0, -1.0, 328, -263.0, -1.0, 512, 543.0, 706.0, 10496,
893, 65.0, 153.0, 656, 57.0, 64.0, 512, 127.0, 271.0, 5248, -263.0, -1.0, 656, -263.0, -1.0, 512, 271.0, 352.0, 5248,
894, 65.0, 425.0, 1312, 57.0, 336.0, 1024, 127.0, 543.0, 10496, -263.0, -1.0, 656, -263.0, -1.0, 1024, 543.0, 706.0, 10496,
895, 65.0, 161.0, 1312, 49.0, 64.0, 1024, 127.0, 271.0, 5248, -263.0, -1.0, 1312, -263.0, -1.0, 1024, 271.0, 352.0, 5248,
896, 65.0, 433.0, 2624, 49.0, 336.0, 2048, 127.0, 543.0, 10496, -263.0, -1.0, 1312, -263.0, -1.0, 2048, 543.0, 706.0, 10496,
897, 65.0, 177.0, 2624, 33.0, 64.0, 2048, 127.0, 271.0, 5248, -525.0, -1.0, 2624, -263.0, -1.0, 2048, 271.0, 352.0, 5248,
898, 65.0, 449.0, 5248, 33.0, 336.0, 4096, 127.0, 543.0, 10496, -525.0, -1.0, 2624, -525.0, -1.0, 4096, 543.0, 706.0, 10496,
899, 65.0, 209.0, 5248, 1.0, 64.0, 4096, 127.0, 271.0, 5248, -787.0, -1.0, 5248, -525.0, -1.0, 4096, 271.0, 352.0, 5248,
900, 65.0, 481.0, 10496, 1.0, 336.0, 8192, 127.0, 543.0, 10496, -787.0, -1.0, 5248, -1049.0, -1.0, 8192, 543.0, 706.0, 10496,
901, 65.0, 1025.0, 20992, 1.0, 880.0, 16384, 127.0, 1087.0, 20992, -1311.0, -1.0, 10496, -1835.0, -1.0, 16384, 1087.0, 1414.0, 20992,
902, 65.0, 150.0, 332, 61.0, 64.0, 256, 127.0, 272.0, 5312, -263.0, -1.0, 332, -263.0, -1.0, 256, 272.0, 354.0, 5312,
903, 65.0, 423.0, 664, 61.0, 337.0, 512, 127.0, 545.0, 10624, -263.0, -1.0, 332, -263.0, -1.0, 512, 545.0, 710.0, 10624,
904, 65.0, 154.0, 664, 57.0, 64.0, 512, 127.0, 272.0, 5312, -263.0, -1.0, 664, -263.0, -1.0, 512, 272.0, 354.0, 5312,
905, 65.0, 427.0, 1328, 57.0, 337.0, 1024, 127.0, 545.0, 10624, -263.0, -1.0, 664, -263.0, -1.0, 1024, 545.0, 710.0, 10624,
906, 65.0, 162.0, 1328, 49.0, 64.0, 1024, 127.0, 272.0, 5312, -263.0, -1.0, 1328, -263.0, -1.0, 1024, 272.0, 354.0, 5312,
907, 65.0, 435.0, 2656, 49.0, 337.0, 2048, 127.0, 545.0, 10624, -263.0, -1.0, 1328, -263.0, -1.0, 2048, 545.0, 710.0, 10624,
908, 65.0, 178.0, 2656, 33.0, 64.0, 2048, 127.0, 272.0, 5312, -525.0, -1.0, 2656, -263.0, -1.0, 2048, 272.0, 354.0, 5312,
909, 65.0, 451.0, 5312, 33.0, 337.0, 4096, 127.0, 545.0, 10624, -525.0, -1.0, 2656, -525.0, -1.0, 4096, 545.0, 710.0, 10624,
910, 65.0, 210.0, 5312, 1.0, 64.0, 4096, 127.0, 272.0, 5312, -787.0, -1.0, 5312, -525.0, -1.0, 4096, 272.0, 354.0, 5312,
911, 65.0, 483.0, 10624, 1.0, 337.0, 8192, 127.0, 545.0, 10624, -787.0, -1.0, 5312, -1049.0, -1.0, 8192, 545.0, 710.0, 10624,
912, 65.0, 1029.0, 21248, 1.0, 883.0, 16384, 127.0, 1091.0, 21248, -1311.0, -1.0, 10624, -1835.0, -1.0, 16384, 1091.0, 1422.0, 21248,
913, 65.0, 151.0, 336, 61.0, 64.0, 256, 127.0, 273.0, 5376, -263.0, -1.0, 336, -263.0, -1.0, 256, 273.0, 356.0, 5376,
914, 65.0, 425.0, 672, 61.0, 338.0, 512, 127.0, 547.0, 10752, -263.0, -1.0, 336, -263.0, -1.0, 512, 547.0, 714.0, 10752,
915, 65.0, 155.0, 672, 57.0, 64.0, 512, 127.0, 273.0, 5376, -263.0, -1.0, 672, -263.0, -1.0, 512, 273.0, 356.0, 5376,
916, 65.0, 429.0, 1344, 57.0, 338.0, 1024, 127.0, 547.0, 10752, -263.0, -1.0, 672, -263.0, -1.0, 1024, 547.0, 714.0, 10752,
917, 65.0, 163.0, 1344, 49.0, 64.0, 1024, 127.0, 273.0, 5376, -263.0, -1.0, 1344, -263.0, -1.0, 1024, 273.0, 356.0, 5376,
918, 65.0, 437.0, 2688, 49.0, 338.0, 2048, 127.0, 547.0, 10752, -263.0, -1.0, 1344, -263.0, -1.0, 2048, 547.0, 714.0, 10752,
919, 65.0, 179.0, 2688, 33.0, 64.0, 2048, 127.0, 273.0, 5376, -525.0, -1.0, 2688, -263.0, -1.0, 2048, 273.0, 356.0, 5376,
920, 65.0, 453.0, 5376, 33.0, 338.0, 4096, 127.0, 547.0, 10752, -525.0, -1.0, 2688, -525.0, -1.0, 4096, 547.0, 714.0, 10752,
921, 65.0, 211.0, 5376, 1.0, 64.0, 4096, 127.0, 273.0, 5376, -787.0, -1.0, 5376, -525.0, -1.0, 4096, 273.0, 356.0, 5376,
922, 65.0, 485.0, 10752, 1.0, 338.0, 8192, 127.0, 547.0, 10752, -787.0, -1.0, 5376, -1049.0, -1.0, 8192, 547.0, 714.0, 10752,
923, 65.0, 1033.0, 21504, 1.0, 886.0, 16384, 127.0, 1095.0, 21504, -1311.0, -1.0, 10752, -1835.0, -1.0, 16384, 1095.0, 1430.0, 21504,
924, 65.0, 152.0, 340, 61.0, 64.0, 256, 127.0, 274.0, 5440, -263.0, -1.0, 340, -263.0, -1.0, 256, 274.0, 358.0, 5440,
925, 65.0, 427.0, 680, 61.0, 339.0, 512, 127.0, 549.0, 10880, -263.0, -1.0, 340, -263.0, -1.0, 512, 549.0, 718.0, 10880,
926, 65.0, 156.0, 680, 57.0, 64.0, 512, 127.0, 274.0, 5440, -263.0, -1.0, 680, -263.0, -1.0, 512, 274.0, 358.0, 5440,
927, 65.0, 431.0, 1360, 57.0, 339.0, 1024, 127.0, 549.0, 10880, -263.0, -1.0, 680, -263.0, -1.0, 1024, 549.0, 718.0, 10880,
928, 65.0, 164.0, 1360, 49.0, 64.0, 1024, 127.0, 274.0, 5440, -263.0, -1.0, 1360, -263.0, -1.0, 1024, 274.0, 358.0, 5440,
929, 65.0, 439.0, 2720, 49.0, 339.0, 2048, 127.0, 549.0, 10880, -263.0, -1.0, 1360, -263.0, -1.0, 2048, 549.0, 718.0, 10880,
930, 65.0, 180.0, 2720, 33.0, 64.0, 2048, 127.0, 274.0, 5440, -525.0, -1.0, 2720, -263.0, -1.0, 2048, 274.0, 358.0, 5440,
931, 65.0, 455.0, 5440, 33.0, 339.0, 4096, 127.0, 549.0, 10880, -525.0, -1.0, 2720, -525.0, -1.0, 4096, 549.0, 718.0, 10880,
932, 65.0, 212.0, 5440, 1.0, 64.0, 4096, 127.0, 274.0, 5440, -787.0, -1.0, 5440, -525.0, -1.0, 4096, 274.0, 358.0, 5440,
933, 65.0, 487.0, 10880, 1.0, 339.0, 8192, 127.0, 549.0, 10880, -787.0, -1.0, 5440, -1049.0, -1.0, 8192, 549.0, 718.0, 10880,
934, 65.0, 1037.0, 21760, 1.0, 889.0, 16384, 127.0, 1099.0, 21760, -1311.0, -1.0, 10880, -1835.0, -1.0, 16384, 1099.0, 1438.0, 21760,
935, 65.0, 153.0, 344, 61.0, 64.0, 256, 127.0, 275.0, 5504, -263.0, -1.0, 344, -263.0, -1.0, 256, 275.0, 360.0, 5504,
936, 65.0, 429.0, 688, 61.0, 340.0, 512, 127.0, 551.0, 11008, -263.0, -1.0, 344, -263.0, -1.0, 512, 551.0, 722.0, 11008,
937, 65.0, 157.0, 688, 57.0, 64.0, 512, 127.0, 275.0, 5504, -263.0, -1.0, 688, -263.0, -1.0, 512, 275.0, 360.0, 5504,
938, 65.0, 433.0, 1376, 57.0, 340.0, 1024, 127.0, 551.0, 11008, -263.0, -1.0, 688, -263.0, -1.0, 1024, 551.0, 722.0, 11008,
939, 65.0, 165.0, 1376, 49.0, 64.0, 1024, 127.0, 275.0, 5504, -263.0, -1.0, 1376, -263.0, -1.0, 1024, 275.0, 360.0, 5504,
940, 65.0, 441.0, 2752, 49.0, 340.0, 2048, 127.0, 551.0, 11008, -263.0, -1.0, 1376, -263.0, -1.0, 2048, 551.0, 722.0, 11008,
941, 65.0, 181.0, 2752, 33.0, 64.0, 2048, 127.0, 275.0, 5504, -525.0, -1.0, 2752, -263.0, -1.0, 2048, 275.0, 360.0, 5504,
942, 65.0, 457.0, 5504, 33.0, 340.0, 4096, 127.0, 551.0, 11008, -525.0, -1.0, 2752, -525.0, -1.0, 4096, 551.0, 722.0, 11008,
943, 65.0, 213.0, 5504, 1.0, 64.0, 4096, 127.0, 275.0, 5504, -787.0, -1.0, 5504, -525.0, -1.0, 4096, 275.0, 360.0, 5504,
944, 65.0, 489.0, 11008, 1.0, 340.0, 8192, 127.0, 551.0, 11008, -787.0, -1.0, 5504, -1049.0, -1.0, 8192, 551.0, 722.0, 11008,
945, 65.0, 1041.0, 22016, 1.0, 892.0, 16384, 127.0, 1103.0, 22016, -1311.0, -1.0, 11008, -1835.0, -1.0, 16384, 1103.0, 1446.0, 22016,
946, 65.0, 154.0, 348, 61.0, 64.0, 256, 127.0, 276.0, 5568, -263.0, -1.0, 348, -263.0, -1.0, 256, 276.0, 362.0, 5568,
947, 65.0, 431.0, 696, 61.0, 341.0, 512, 127.0, 553.0, 11136, -263.0, -1.0, 348, -263.0, -1.0, 512, 553.0, 726.0, 11136,
948, 65.0, 158.0, 696, 57.0, 64.0, 512, 127.0, 276.0, 5568, -263.0, -1.0, 696, -263.0, -1.0, 512, 276.0, 362.0, 5568,
949, 65.0, 435.0, 1392, 57.0, 341.0, 1024, 127.0, 553.0, 11136, -263.0, -1.0, 696, -263.0, -1.0, 1024, 553.0, 726.0, 11136,
950, 65.0, 166.0, 1392, 49.0, 64.0, 1024, 127.0, 276.0, 5568, -263.0, -1.0, 1392, -263.0, -1.0, 1024, 276.0, 362.0, 5568,
951, 65.0, 443.0, 2784, 49.0, 341.0, 2048, 127.0, 553.0, 11136, -263.0, -1.0, 1392, -263.0, -1.0, 2048, 553.0, 726.0, 11136,
952, 65.0, 182.0, 2784, 33.0, 64.0, 2048, 127.0, 276.0, 5568, -525.0, -1.0, 2784, -263.0, -1.0, 2048, 276.0, 362.0, 5568,
953, 65.0, 459.0, 5568, 33.0, 341.0, 4096, 127.0, 553.0, 11136, -525.0, -1.0, 2784, -525.0, -1.0, 4096, 553.0, 726.0, 11136,
954, 65.0, 214.0, 5568, 1.0, 64.0, 4096, 127.0, 276.0, 5568, -787.0, -1.0, 5568, -525.0, -1.0, 4096, 276.0, 362.0, 5568,
955, 65.0, 491.0, 11136, 1.0, 341.0, 8192, 127.0, 553.0, 11136, -787.0, -1.0, 5568, -1049.0, -1.0, 8192, 553.0, 726.0, 11136,
956, 65.0, 1045.0, 22272, 1.0, 895.0, 16384, 127.0, 1107.0, 22272, -1311.0, -1.0, 11136, -1835.0, -1.0, 16384, 1107.0, 1454.0, 22272,
957, 65.0, 155.0, 352, 61.0, 64.0, 256, 127.0, 277.0, 5632, -263.0, -1.0, 352, -263.0, -1.0, 256, 277.0, 364.0, 5632,
958, 65.0, 433.0, 704, 61.0, 342.0, 512, 127.0, 555.0, 11264, -263.0, -1.0, 352, -263.0, -1.0, 512, 555.0, 730.0, 11264,
959, 65.0, 159.0, 704, 57.0, 64.0, 512, 127.0, 277.0, 5632, -263.0, -1.0, 704, -263.0, -1.0, 512, 277.0, 364.0, 5632,
960, 65.0, 437.0, 1408, 57.0, 342.0, 1024, 127.0, 555.0, 11264, -263.0, -1.0, 704, -263.0, -1.0, 1024, 555.0, 730.0, 11264,
961, 65.0, 167.0, 1408, 49.0, 64.0, 1024, 127.0, 277.0, 5632, -263.0, -1.0, 1408, -263.0, -1.0, 1024, 277.0, 364.0, 5632,
962, 65.0, 445.0, 2816, 49.0, 342.0, 2048, 127.0, 555.0, 11264, -263.0, -1.0, 1408, -263.0, -1.0, 2048, 555.0, 730.0, 11264,
963, 65.0, 183.0, 2816, 33.0, 64.0, 2048, 127.0, 277.0, 5632, -525.0, -1.0, 2816, -263.0, -1.0, 2048, 277.0, 364.0, 5632,
964, 65.0, 461.0, 5632, 33.0, 342.0, 4096, 127.0, 555.0, 11264, -525.0, -1.0, 2816, -525.0, -1.0, 4096, 555.0, 730.0, 11264,
965, 65.0, 215.0, 5632, 1.0, 64.0, 4096, 127.0, 277.0, 5632, -787.0, -1.0, 5632, -525.0, -1.0, 4096, 277.0, 364.0, 5632,
966, 65.0, 493.0, 11264, 1.0, 342.0, 8192, 127.0, 555.0, 11264, -787.0, -1.0, 5632, -1049.0, -1.0, 8192, 555.0, 730.0, 11264,
967, 65.0, 1049.0, 22528, 1.0, 898.0, 16384, 127.0, 1111.0, 22528, -1311.0, -1.0, 11264, -1835.0, -1.0, 16384, 1111.0, 1462.0, 22528,
968, 65.0, 156.0, 356, 61.0, 64.0, 256, 127.0, 278.0, 5696, -263.0, -1.0, 356, -263.0, -1.0, 256, 278.0, 366.0, 5696,
969, 65.0, 435.0, 712, 61.0, 343.0, 512, 127.0, 557.0, 11392, -263.0, -1.0, 356, -263.0, -1.0, 512, 557.0, 734.0, 11392,
970, 65.0, 160.0, 712, 57.0, 64.0, 512, 127.0, 278.0, 5696, -263.0, -1.0, 712, -263.0, -1.0, 512, 278.0, 366.0, 5696,
971, 65.0, 439.0, 1424, 57.0, 343.0, 1024, 127.0, 557.0, 11392, -263.0, -1.0, 712, -263.0, -1.0, 1024, 557.0, 734.0, 11392,
972, 65.0, 168.0, 1424, 49.0, 64.0, 1024, 127.0, 278.0, 5696, -263.0, -1.0, 1424, -263.0, -1.0, 1024, 278.0, 366.0, 5696,
973, 65.0, 447.0, 2848, 49.0, 343.0, 2048, 127.0, 557.0, 11392, -263.0, -1.0, 1424, -263.0, -1.0, 2048, 557.0, 734.0, 11392,
974, 65.0, 184.0, 2848, 33.0, 64.0, 2048, 127.0, 278.0, 5696, -525.0, -1.0, 2848, -263.0, -1.0, 2048, 278.0, 366.0, 5696,
975, 65.0, 463.0, 5696, 33.0, 343.0, 4096, 127.0, 557.0, 11392, -525.0, -1.0, 2848, -525.0, -1.0, 4096, 557.0, 734.0, 11392,
976, 65.0, 216.0, 5696, 1.0, 64.0, 4096, 127.0, 278.0, 5696, -787.0, -1.0, 5696, -525.0, -1.0, 4096, 278.0, 366.0, 5696,
977, 65.0, 495.0, 11392, 1.0, 343.0, 8192, 127.0, 557.0, 11392, -787.0, -1.0, 5696, -1049.0, -1.0, 8192, 557.0, 734.0, 11392,
978, 65.0, 1053.0, 22784, 1.0, 901.0, 16384, 127.0, 1115.0, 22784, -1311.0, -1.0, 11392, -1835.0, -1.0, 16384, 1115.0, 1470.0, 22784,
979, 65.0, 157.0, 360, 61.0, 64.0, 256, 127.0, 279.0, 5760, -263.0, -1.0, 360, -263.0, -1.0, 256, 279.0, 368.0, 5760,
980, 65.0, 437.0, 720, 61.0, 344.0, 512, 127.0, 559.0, 11520, -263.0, -1.0, 360, -263.0, -1.0, 512, 559.0, 738.0, 11520,
981, 65.0, 161.0, 720, 57.0, 64.0, 512, 127.0, 279.0, 5760, -263.0, -1.0, 720, -263.0, -1.0, 512, 279.0, 368.0, 5760,
982, 65.0, 441.0, 1440, 57.0, 344.0, 1024, 127.0, 559.0, 11520, -263.0, -1.0, 720, -263.0, -1.0, 1024, 559.0, 738.0, 11520,
983, 65.0, 169.0, 1440, 49.0, 64.0, 1024, 127.0, 279.0, 5760, -263.0, -1.0, 1440, -263.0, -1.0, 1024, 279.0, 368.0, 5760,
984, 65.0, 449.0, 2880, 49.0, 344.0, 2048, 127.0, 559.0, 11520, -263.0, -1.0, 1440, -263.0, -1.0, 2048, 559.0, 738.0, 11520,
985, 65.0, 185.0, 2880, 33.0, 64.0, 2048, 127.0, 279.0, 5760, -525.0, -1.0, 2880, -263.0, -1.0, 2048, 279.0, 368.0, 5760,
986, 65.0, 465.0, 5760, 33.0, 344.0, 4096, 127.0, 559.0, 11520, -525.0, -1.0, 2880, -525.0, -1.0, 4096, 559.0, 738.0, 11520,
987, 65.0, 217.0, 5760, 1.0, 64.0, 4096, 127.0, 279.0, 5760, -787.0, -1.0, 5760, -525.0, -1.0, 4096, 279.0, 368.0, 5760,
988, 65.0, 497.0, 11520, 1.0, 344.0, 8192, 127.0, 559.0, 11520, -787.0, -1.0, 5760, -1049.0, -1.0, 8192, 559.0, 738.0, 11520,
989, 65.0, 1057.0, 23040, 1.0, 904.0, 16384, 127.0, 1119.0, 23040, -1311.0, -1.0, 11520, -1835.0, -1.0, 16384, 1119.0, 1478.0, 23040,
990, 65.0, 158.0, 364, 61.0, 64.0, 256, 127.0, 280.0, 5824, -263.0, -1.0, 364, -263.0, -1.0, 256, 280.0, 370.0, 5824,
991, 65.0, 439.0, 728, 61.0, 345.0, 512, 127.0, 561.0, 11648, -263.0, -1.0, 364, -263.0, -1.0, 512, 561.0, 742.0, 11648,
992, 65.0, 162.0, 728, 57.0, 64.0, 512, 127.0, 280.0, 5824, -263.0, -1.0, 728, -263.0, -1.0, 512, 280.0, 370.0, 5824,
993, 65.0, 443.0, 1456, 57.0, 345.0, 1024, 127.0, 561.0, 11648, -263.0, -1.0, 728, -263.0, -1.0, 1024, 561.0, 742.0, 11648,
994, 65.0, 170.0, 1456, 49.0, 64.0, 1024, 127.0, 280.0, 5824, -263.0, -1.0, 1456, -263.0, -1.0, 1024, 280.0, 370.0, 5824,
995, 65.0, 451.0, 2912, 49.0, 345.0, 2048, 127.0, 561.0, 11648, -263.0, -1.0, 1456, -263.0, -1.0, 2048, 561.0, 742.0, 11648,
996, 65.0, 186.0, 2912, 33.0, 64.0, 2048, 127.0, 280.0, 5824, -525.0, -1.0, 2912, -263.0, -1.0, 2048, 280.0, 370.0, 5824,
997, 65.0, 467.0, 5824, 33.0, 345.0, 4096, 127.0, 561.0, 11648, -525.0, -1.0, 2912, -525.0, -1.0, 4096, 561.0, 742.0, 11648,
998, 65.0, 218.0, 5824, 1.0, 64.0, 4096, 127.0, 280.0, 5824, -787.0, -1.0, 5824, -525.0, -1.0, 4096, 280.0, 370.0, 5824,
999, 65.0, 499.0, 11648, 1.0, 345.0, 8192, 127.0, 561.0, 11648, -787.0, -1.0, 5824, -1049.0, -1.0, 8192, 561.0, 742.0, 11648,
1000, 65.0, 1061.0, 23296, 1.0, 907.0, 16384, 127.0, 1123.0, 23296, -1311.0, -1.0, 11648, -1835.0, -1.0, 16384, 1123.0, 1486.0, 23296,
1001, 65.0, 159.0, 368, 61.0, 64.0, 256, 127.0, 281.0, 5888, -263.0, -1.0, 368, -263.0, -1.0, 256, 281.0, 372.0, 5888,
1002, 65.0, 441.0, 736, 61.0, 346.0, 512, 127.0, 563.0, 11776, -263.0, -1.0, 368, -263.0, -1.0, 512, 563.0, 746.0, 11776,
1003, 65.0, 163.0, 736, 57.0, 64.0, 512, 127.0, 281.0, 5888, -263.0, -1.0, 736, -263.0, -1.0, 512, 281.0, 372.0, 5888,
1004, 65.0, 445.0, 1472, 57.0, 346.0, 1024, 127.0, 563.0, 11776, -263.0, -1.0, 736, -263.0, -1.0, 1024, 563.0, 746.0, 11776,
1005, 65.0, 171.0, 1472, 49.0, 64.0, 1024, 127.0, 281.0, 5888, -263.0, -1.0, 1472, -263.0, -1.0, 1024, 281.0, 372.0, 5888,
1006, 65.0, 453.0, 2944, 49.0, 346.0, 2048, 127.0, 563.0, 11776, -263.0, -1.0, 1472, -263.0, -1.0, 2048, 563.0, 746.0, 11776,
1007, 65.0, 187.0, 2944, 33.0, 64.0, 2048, 127.0, 281.0, 5888, -525.0, -1.0, 2944, -263.0, -1.0, 2048, 281.0, 372.0, 5888,
1008, 65.0, 469.0, 5888, 33.0, 346.0, 4096, 127.0, 563.0, 11776, -525.0, -1.0, 2944, -525.0, -1.0, 4096, 563.0, 746.0, 11776,
1009, 65.0, 219.0, 5888, 1.0, 64.0, 4096, 127.0, 281.0, 5888, -787.0, -1.0, 5888, -525.0, -1.0, 4096, 281.0, 372.0, 5888,
1010, 65.0, 501.0, 11776, 1.0, 346.0, 8192, 127.0, 563.0, 11776, -787.0, -1.0, 5888, -1049.0, -1.0, 8192, 563.0, 746.0, 11776,
1011, 65.0, 1065.0, 23552, 1.0, 910.0, 16384, 127.0, 1127.0, 23552, -1311.0, -1.0, 11776, -1835.0, -1.0, 16384, 1127.0, 1494.0, 23552,
1012, 65.0, 160.0, 372, 61.0, 64.0, 256, 127.0, 282.0, 5952, -263.0, -1.0, 372, -263.0, -1.0, 256, 282.0, 374.0, 5952,
1013, 65.0, 443.0, 744, 61.0, 347.0, 512, 127.0, 565.0, 11904, -263.0, -1.0, 372, -263.0, -1.0, 512, 565.0, 750.0, 11904,
1014, 65.0, 164.0, 744, 57.0, 64.0, 512, 127.0, 282.0, 5952, -263.0, -1.0, 744, -263.0, -1.0, 512, 282.0, 374.0, 5952,
1015, 65.0, 447.0, 1488, 57.0, 347.0, 1024, 127.0, 565.0, 11904, -263.0, -1.0, 744, -263.0, -1.0, 1024, 565.0, 750.0, 11904,
1016, 65.0, 172.0, 1488, 49.0, 64.0, 1024, 127.0, 282.0, 5952, -263.0, -1.0, 1488, -263.0, -1.0, 1024, 282.0, 374.0, 5952,
1017, 65.0, 455.0, 2976, 49.0, 347.0, 2048, 127.0, 565.0, 11904, -263.0, -1.0, 1488, -263.0, -1.0, 2048, 565.0, 750.0, 11904,
1018, 65.0, 188.0, 2976, 33.0, 64.0, 2048, 127.0, 282.0, 5952, -525.0, -1.0, 2976, -263.0, -1.0, 2048, 282.0, 374.0, 5952,
1019, 65.0, 471.0, 5952, 33.0, 347.0, 4096, 127.0, 565.0, 11904, -525.0, -1.0, 2976, -525.0, -1.0, 4096, 565.0, 750.0, 11904,
1020, 65.0, 220.0, 5952, 1.0, 64.0, 4096, 127.0, 282.0, 5952, -787.0, -1.0, 5952, -525.0, -1.0, 4096, 282.0, 374.0, 5952,
1021, 65.0, 503.0, 11904, 1.0, 347.0, 8192, 127.0, 565.0, 11904, -787.0, -1.0, 5952, -1049.0, -1.0, 8192, 565.0, 750.0, 11904,
1022, 65.0, 1069.0, 23808, 1.0, 913.0, 16384, 127.0, 1131.0, 23808, -1311.0, -1.0, 11904, -1835.0, -1.0, 16384, 1131.0, 1502.0, 23808,
1023, 65.0, 161.0, 376, 61.0, 64.0, 256, 127.0, 283.0, 6016, -263.0, -1.0, 376, -263.0, -1.0, 256, 283.0, 376.0, 6016,
1024, 65.0, 445.0, 752, 61.0, 348.0, 512, 127.0, 567.0, 12032, -263.0, -1.0, 376, -263.0, -1.0, 512, 567.0, 754.0, 12032,
1025, 65.0, 165.0, 752, 57.0, 64.0, 512, 127.0, 283.0, 6016, -263.0, -1.0, 752, -263.0, -1.0, 512, 283.0, 376.0, 6016,
1026, 65.0, 449.0, 1504, 57.0, 348.0, 1024, 127.0, 567.0, 12032, -263.0, -1.0, 752, -263.0, -1.0, 1024, 567.0, 754.0, 12032,
1027, 65.0, 173.0, 1504, 49.0, 64.0, 1024, 127.0, 283.0, 6016, -263.0, -1.0, 1504, -263.0, -1.0, 1024, 283.0, 376.0, 6016,
1028, 65.0, 457.0, 3008, 49.0, 348.0, 2048, 127.0, 567.0, 12032, -263.0, -1.0, 1504, -263.0, -1.0, 2048, 567.0, 754.0, 12032,
1029, 65.0, 189.0, 3008, 33.0, 64.0, 2048, 127.0, 283.0, 6016, -525.0, -1.0, 3008, -263.0, -1.0, 2048, 283.0, 376.0, 6016,
1030, 65.0, 473.0, 6016, 33.0, 348.0, 4096, 127.0, 567.0, 12032, -525.0, -1.0, 3008, -525.0, -1.0, 4096, 567.0, 754.0, 12032,
1031, 65.0, 221.0, 6016, 1.0, 64.0, 4096, 127.0, 283.0, 6016, -787.0, -1.0, 6016, -525.0, -1.0, 4096, 283.0, 376.0, 6016,
1032, 65.0, 505.0, 12032, 1.0, 348.0, 8192, 127.0, 567.0, 12032, -787.0, -1.0, 6016, -1049.0, -1.0, 8192, 567.0, 754.0, 12032,
1033, 65.0, 1073.0, 24064, 1.0, 916.0, 16384, 127.0, 1135.0, 24064, -1311.0, -1.0, 12032, -1835.0, -1.0, 16384, 1135.0, 1510.0, 24064,
1034, 65.0, 162.0, 380, 61.0, 64.0, 256, 127.0, 284.0, 6080, -263.0, -1.0, 380, -263.0, -1.0, 256, 284.0, 378.0, 6080,
1035, 65.0, 447.0, 760, 61.0, 349.0, 512, 127.0, 569.0, 12160, -263.0, -1.0, 380, -263.0, -1.0, 512, 569.0, 758.0, 12160,
1036, 65.0, 166.0, 760, 57.0, 64.0, 512, 127.0, 284.0, 6080, -263.0, -1.0, 760, -263.0, -1.0, 512, 284.0, 378.0, 6080,
1037, 65.0, 451.0, 1520, 57.0, 349.0, 1024, 127.0, 569.0, 12160, -263.0, -1.0, 760, -263.0, -1.0, 1024, 569.0, 758.0, 12160,
1038, 65.0, 174.0, 1520, 49.0, 64.0, 1024, 127.0, 284.0, 6080, -263.0, -1.0, 1520, -263.0, -1.0, 1024, 284.0, 378.0, 6080,
1039, 65.0, 459.0, 3040, 49.0, 349.0, 2048, 127.0, 569.0, 12160, -263.0, -1.0, 1520, -263.0, -1.0, 2048, 569.0, 758.0, 12160,
1040, 65.0, 190.0, 3040, 33.0, 64.0, 2048, 127.0, 284.0, 6080, -525.0, -1.0, 3040, -263.0, -1.0, 2048, 284.0, 378.0, 6080,
1041, 65.0, 475.0, 6080, 33.0, 349.0, 4096, 127.0, 569.0, 12160, -525.0, -1.0, 3040, -525.0, -1.0, 4096, 569.0, 758.0, 12160,
1042, 65.0, 222.0, 6080, 1.0, 64.0, 4096, 127.0, 284.0, 6080, -787.0, -1.0, 6080, -525.0, -1.0, 4096, 284.0, 378.0, 6080,
1043, 65.0, 507.0, 12160, 1.0, 349.0, 8192, 127.0, 569.0, 12160, -787.0, -1.0, 6080, -1049.0, -1.0, 8192, 569.0, 758.0, 12160,
1044, 65.0, 1077.0, 24320, 1.0, 919.0, 16384, 127.0, 1139.0, 24320, -1311.0, -1.0, 12160, -1835.0, -1.0, 16384, 1139.0, 1518.0, 24320,
1045, 65.0, 163.0, 384, 61.0, 64.0, 256, 127.0, 285.0, 6144, -263.0, -1.0, 384, -263.0, -1.0, 256, 285.0, 380.0, 6144,
1046, 65.0, 449.0, 768, 61.0, 350.0, 512, 127.0, 571.0, 12288, -263.0, -1.0, 384, -263.0, -1.0, 512, 571.0, 762.0, 12288,
1047, 65.0, 167.0, 768, 57.0, 64.0, 512, 127.0, 285.0, 6144, -263.0, -1.0, 768, -263.0, -1.0, 512, 285.0, 380.0, 6144,
1048, 65.0, 453.0, 1536, 57.0, 350.0, 1024, 127.0, 571.0, 12288, -263.0, -1.0, 768, -263.0, -1.0, 1024, 571.0, 762.0, 12288,
1049, 65.0, 175.0, 1536, 49.0, 64.0, 1024, 127.0, 285.0, 6144, -263.0, -1.0, 1536, -263.0, -1.0, 1024, 285.0, 380.0, 6144,
1050, 65.0, 461.0, 3072, 49.0, 350.0, 2048, 127.0, 571.0, 12288, -263.0, -1.0, 1536, -263.0, -1.0, 2048, 571.0, 762.0, 12288,
1051, 65.0, 191.0, 3072, 33.0, 64.0, 2048, 127.0, 285.0, 6144, -525.0, -1.0, 3072, -263.0, -1.0, 2048, 285.0, 380.0, 6144,
1052, 65.0, 477.0, 6144, 33.0, 350.0, 4096, 127.0, 571.0, 12288, -525.0, -1.0, 3072, -525.0, -1.0, 4096, 571.0, 762.0, 12288,
1053, 65.0, 223.0, 6144, 1.0, 64.0, 4096, 127.0, 285.0, 6144, -787.0, -1.0, 6144, -525.0, -1.0, 4096, 285.0, 380.0, 6144,
1054, 65.0, 509.0, 12288, 1.0, 350.0, 8192, 127.0, 571.0, 12288, -787.0, -1.0, 6144, -1049.0, -1.0, 8192, 571.0, 762.0, 12288,
1055, 65.0, 1081.0, 24576, 1.0, 922.0, 16384, 127.0, 1143.0, 24576, -1311.0, -1.0, 12288, -1835.0, -1.0, 16384, 1143.0, 1526.0, 24576,
1056, 65.0, 164.0, 388, 61.0, 64.0, 256, 127.0, 286.0, 6208, -263.0, -1.0, 388, -263.0, -1.0, 256, 286.0, 382.0, 6208,
1057, 65.0, 451.0, 776, 61.0, 351.0, 512, 127.0, 573.0, 12416, -263.0, -1.0, 388, -263.0, -1.0, 512, 573.0, 766.0, 12416,
1058, 65.0, 168.0, 776, 57.0, 64.0, 512, 127.0, 286.0, 6208, -263.0, -1.0, 776, -263.0, -1.0, 512, 286.0, 382.0, 6208,
1059, 65.0, 455.0, 1552, 57.0, 351.0, 1024, 127.0, 573.0, 12416, -263.0, -1.0, 776, -263.0, -1.0, 1024, 573.0, 766.0, 12416,
1060, 65.0, 176.0, 1552, 49.0, 64.0, 1024, 127.0, 286.0, 6208, -263.0, -1.0, 1552, -263.0, -1.0, 1024, 286.0, 382.0, 6208,
1061, 65.0, 463.0, 3104, 49.0, 351.0, 2048, 127.0, 573.0, 12416, -263.0, -1.0, 1552, -263.0, -1.0, 2048, 573.0, 766.0, 12416,
1062, 65.0, 192.0, 3104, 33.0, 64.0, 2048, 127.0, 286.0, 6208, -525.0, -1.0, 3104, -263.0, -1.0, 2048, 286.0, 382.0, 6208,
1063, 65.0, 479.0, 6208, 33.0, 351.0, 4096, 127.0, 573.0, 12416, -525.0, -1.0, 3104, -525.0, -1.0, 4096, 573.0, 766.0, 12416,
1064, 65.0, 224.0, 6208, 1.0, 64.0, 4096, 127.0, 286.0, 6208, -787.0, -1.0, 6208, -525.0, -1.0, 4096, 286.0, 382.0, 6208,
1065, 65.0, 511.0, 12416, 1.0, 351.0, 8192, 127.0, 573.0, 12416, -787.0, -1.0, 6208, -1049.0, -1.0, 8192, 573.0, 766.0, 12416,
1066, 65.0, 1085.0, 24832, 1.0, 925.0, 16384, 127.0, 1147.0, 24832, -1311.0, -1.0, 12416, -1835.0, -1.0, 16384, 1147.0, 1534.0, 24832,
1067, 65.0, 165.0, 392, 61.0, 64.0, 256, 127.0, 287.0, 6272, -263.0, -1.0, 392, -263.0, -1.0, 256, 287.0, 384.0, 6272,
1068, 65.0, 453.0, 784, 61.0, 352.0, 512, 127.0, 575.0, 12544, -263.0, -1.0, 392, -263.0, -1.0, 512, 575.0, 770.0, 12544,
1069, 65.0, 169.0, 784, 57.0, 64.0, 512, 127.0, 287.0, 6272, -263.0, -1.0, 784, -263.0, -1.0, 512, 287.0, 384.0, 6272,
1070, 65.0, 457.0, 1568, 57.0, 352.0, 1024, 127.0, 575.0, 12544, -263.0, -1.0, 784, -263.0, -1.0, 1024, 575.0, 770.0, 12544,
1071, 65.0, 177.0, 1568, 49.0, 64.0, 1024, 127.0, 287.0, 6272, -263.0, -1.0, 1568, -263.0, -1.0, 1024, 287.0, 384.0, 6272,
1072, 65.0, 465.0, 3136, 49.0, 352.0, 2048, 127.0, 575.0, 12544, -263.0, -1.0, 1568, -263.0, -1.0, 2048, 575.0, 770.0, 12544,
1073, 65.0, 193.0, 3136, 33.0, 64.0, 2048, 127.0, 287.0, 6272, -525.0, -1.0, 3136, -263.0, -1.0, 2048, 287.0, 384.0, 6272,
1074, 65.0, 481.0, 6272, 33.0, 352.0, 4096, 127.0, 575.0, 12544, -525.0, -1.0, 3136, -525.0, -1.0, 4096, 575.0, 770.0, 12544,
1075, 65.0, 225.0, 6272, 1.0, 64.0, 4096, 127.0, 287.0, 6272, -787.0, -1.0, 6272, -525.0, -1.0, 4096, 287.0, 384.0, 6272,
1076, 65.0, 513.0, 12544, 1.0, 352.0, 8192, 127.0, 575.0, 12544, -787.0, -1.0, 6272, -1049.0, -1.0, 8192, 575.0, 770.0, 12544,
1077, 65.0, 1089.0, 25088, 1.0, 928.0, 16384, 127.0, 1151.0, 25088, -1311.0, -1.0, 12544, -1835.0, -1.0, 16384, 1151.0, 1542.0, 25088,
1078, 65.0, 166.0, 396, 61.0, 64.0, 256, 127.0, 288.0, 6336, -263.0, -1.0, 396, -263.0, -1.0, 256, 288.0, 386.0, 6336,
1079, 65.0, 455.0, 792, 61.0, 353.0, 512, 127.0, 577.0, 12672, -263.0, -1.0, 396, -263.0, -1.0, 512, 577.0, 774.0, 12672,
1080, 65.0, 170.0, 792, 57.0, 64.0, 512, 127.0, 288.0, 6336, -263.0, -1.0, 792, -263.0, -1.0, 512, 288.0, 386.0, 6336,
1081, 65.0, 459.0, 1584, 57.0, 353.0, 1024, 127.0, 577.0, 12672, -263.0, -1.0, 792, -263.0, -1.0, 1024, 577.0, 774.0, 12672,
1082, 65.0, 178.0, 1584, 49.0, 64.0, 1024, 127.0, 288.0, 6336, -263.0, -1.0, 1584, -263.0, -1.0, 1024, 288.0, 386.0, 6336,
1083, 65.0, 467.0, 3168, 49.0, 353.0, 2048, 127.0, 577.0, 12672, -263.0, -1.0, 1584, -263.0, -1.0, 2048, 577.0, 774.0, 12672,
1084, 65.0, 194.0, 3168, 33.0, 64.0, 2048, 127.0, 288.0, 6336, -525.0, -1.0, 3168, -263.0, -1.0, 2048, 288.0, 386.0, 6336,
1085, 65.0, 483.0, 6336, 33.0, 353.0, 4096, 127.0, 577.0, 12672, -525.0, -1.0, 3168, -525.0, -1.0, 4096, 577.0, 774.0, 12672,
1086, 65.0, 226.0, 6336, 1.0, 64.0, 4096, 127.0, 288.0, 6336, -787.0, -1.0, 6336, -525.0, -1.0, 4096, 288.0, 386.0, 6336,
1087, 65.0, 515.0, 12672, 1.0, 353.0, 8192, 127.0, 577.0, 12672, -787.0, -1.0, 6336, -1049.0, -1.0, 8192, 577.0, 774.0, 12672,
1088, 65.0, 1093.0, 25344, 1.0, 931.0, 16384, 127.0, 1155.0, 25344, -1311.0, -1.0, 12672, -1835.0, -1.0, 16384, 1155.0, 1550.0, 25344,
1089, 65.0, 167.0, 400, 61.0, 64.0, 256, 127.0, 289.0, 6400, -263.0, -1.0, 400, -263.0, -1.0, 256, 289.0, 388.0, 6400,
1090, 65.0, 457.0, 800, 61.0, 354.0, 512, 127.0, 579.0, 12800, -263.0, -1.0, 400, -263.0, -1.0, 512, 579.0, 778.0, 12800,
1091, 65.0, 171.0, 800, 57.0, 64.0, 512, 127.0, 289.0, 6400, -263.0, -1.0, 800, -263.0, -1.0, 512, 289.0, 388.0, 6400,
1092, 65.0, 461.0, 1600, 57.0, 354.0, 1024, 127.0, 579.0, 12800, -263.0, -1.0, 800, -263.0, -1.0, 1024, 579.0, 778.0, 12800,
1093, 65.0, 179.0, 1600, 49.0, 64.0, 1024, 127.0, 289.0, 6400, -263.0, -1.0, 1600, -263.0, -1.0, 1024, 289.0, 388.0, 6400,
1094, 65.0, 469.0, 3200, 49.0, 354.0, 2048, 127.0, 579.0, 12800, -263.0, -1.0, 1600, -263.0, -1.0, 2048, 579.0, 778.0, 12800,
1095, 65.0, 195.0, 3200, 33.0, 64.0, 2048, 127.0, 289.0, 6400, -525.0, -1.0, 3200, -263.0, -1.0, 2048, 289.0, 388.0, 6400,
1096, 65.0, 485.0, 6400, 33.0, 354.0, 4096, 127.0, 579.0, 12800, -525.0, -1.0, 3200, -525.0, -1.0, 4096, 579.0, 778.0, 12800,
1097, 65.0, 227.0, 6400, 1.0, 64.0, 4096, 127.0, 289.0, 6400, -787.0, -1.0, 6400, -525.0, -1.0, 4096, 289.0, 388.0, 6400,
1098, 65.0, 517.0, 12800, 1.0, 354.0, 8192, 127.0, 579.0, 12800, -787.0, -1.0, 6400, -1049.0, -1.0, 8192, 579.0, 778.0, 12800,
1099, 65.0, 1097.0, 25600, 1.0, 934.0, 16384, 127.0, 1159.0, 25600, -1311.0, -1.0, 12800, -1835.0, -1.0, 16384, 1159.0, 1558.0, 25600,
1100, 65.0, 168.0, 404, 61.0, 64.0, 256, 127.0, 290.0, 6464, -263.0, -1.0, 404, -263.0, -1.0, 256, 290.0, 390.0, 6464,
1101, 65.0, 459.0, 808, 61.0, 355.0, 512, 127.0, 581.0, 12928, -263.0, -1.0, 404, -263.0, -1.0, 512, 581.0, 782.0, 12928,
1102, 65.0, 172.0, 808, 57.0, 64.0, 512, 127.0, 290.0, 6464, -263.0, -1.0, 808, -263.0, -1.0, 512, 290.0, 390.0, 6464,
1103, 65.0, 463.0, 1616, 57.0, 355.0, 1024, 127.0, 581.0, 12928, -263.0, -1.0, 808, -263.0, -1.0, 1024, 581.0, 782.0, 12928,
1104, 65.0, 180.0, 1616, 49.0, 64.0, 1024, 127.0, 290.0, 6464, -263.0, -1.0, 1616, -263.0, -1.0, 1024, 290.0, 390.0, 6464,
1105, 65.0, 471.0, 3232, 49.0, 355.0, 2048, 127.0, 581.0, 12928, -263.0, -1.0, 1616, -263.0, -1.0, 2048, 581.0, 782.0, 12928,
1106, 65.0, 196.0, 3232, 33.0, 64.0, 2048, 127.0, 290.0, 6464, -525.0, -1.0, 3232, -263.0, -1.0, 2048, 290.0, 390.0, 6464,
1107, 65.0, 487.0, 6464, 33.0, 355.0, 4096, 127.0, 581.0, 12928, -525.0, -1.0, 3232, -525.0, -1.0, 4096, 581.0, 782.0, 12928,
1108, 65.0, 228.0, 6464, 1.0, 64.0, 4096, 127.0, 290.0, 6464, -787.0, -1.0, 6464, -525.0, -1.0, 4096, 290.0, 390.0, 6464,
1109, 65.0, 519.0, 12928, 1.0, 355.0, 8192, 127.0, 581.0, 12928, -787.0, -1.0, 6464, -1049.0, -1.0, 8192, 581.0, 782.0, 12928,
1110, 65.0, 1101.0, 25856, 1.0, 937.0, 16384, 127.0, 1163.0, 25856, -1311.0, -1.0, 12928, -1835.0, -1.0, 16384, 1163.0, 1566.0, 25856,
1111, 65.0, 169.0, 408, 61.0, 64.0, 256, 127.0, 291.0, 6528, -263.0, -1.0, 408, -263.0, -1.0, 256, 291.0, 392.0, 6528,
1112, 65.0, 461.0, 816, 61.0, 356.0, 512, 127.0, 583.0, 13056, -263.0, -1.0, 408, -263.0, -1.0, 512, 583.0, 786.0, 13056,
1113, 65.0, 173.0, 816, 57.0, 64.0, 512, 127.0, 291.0, 6528, -263.0, -1.0, 816, -263.0, -1.0, 512, 291.0, 392.0, 6528,
1114, 65.0, 465.0, 1632, 57.0, 356.0, 1024, 127.0, 583.0, 13056, -263.0, -1.0, 816, -263.0, -1.0, 1024, 583.0, 786.0, 13056,
1115, 65.0, 181.0, 1632, 49.0, 64.0, 1024, 127.0, 291.0, 6528, -263.0, -1.0, 1632, -263.0, -1.0, 1024, 291.0, 392.0, 6528,
1116, 65.0, 473.0, 3264, 49.0, 356.0, 2048, 127.0, 583.0, 13056, -263.0, -1.0, 1632, -263.0, -1.0, 2048, 583.0, 786.0, 13056,
1117, 65.0, 197.0, 3264, 33.0, 64.0, 2048, 127.0, 291.0, 6528, -525.0, -1.0, 3264, -263.0, -1.0, 2048, 291.0, 392.0, 6528,
1118, 65.0, 489.0, 6528, 33.0, 356.0, 4096, 127.0, 583.0, 13056, -525.0, -1.0, 3264, -525.0, -1.0, 4096, 583.0, 786.0, 13056,
1119, 65.0, 229.0, 6528, 1.0, 64.0, 4096, 127.0, 291.0, 6528, -787.0, -1.0, 6528, -525.0, -1.0, 4096, 291.0, 392.0, 6528,
1120, 65.0, 521.0, 13056, 1.0, 356.0, 8192, 127.0, 583.0, 13056, -787.0, -1.0, 6528, -1049.0, -1.0, 8192, 583.0, 786.0, 13056,
1121, 65.0, 1105.0, 26112, 1.0, 940.0, 16384, 127.0, 1167.0, 26112, -1311.0, -1.0, 13056, -1835.0, -1.0, 16384, 1167.0, 1574.0, 26112,
1122, 65.0, 170.0, 412, 61.0, 64.0, 256, 127.0, 292.0, 6592, -263.0, -1.0, 412, -263.0, -1.0, 256, 292.0, 394.0, 6592,
1123, 65.0, 463.0, 824, 61.0, 357.0, 512, 127.0, 585.0, 13184, -263.0, -1.0, 412, -263.0, -1.0, 512, 585.0, 790.0, 13184,
1124, 65.0, 174.0, 824, 57.0, 64.0, 512, 127.0, 292.0, 6592, -263.0, -1.0, 824, -263.0, -1.0, 512, 292.0, 394.0, 6592,
1125, 65.0, 467.0, 1648, 57.0, 357.0, 1024, 127.0, 585.0, 13184, -263.0, -1.0, 824, -263.0, -1.0, 1024, 585.0, 790.0, 13184,
1126, 65.0, 182.0, 1648, 49.0, 64.0, 1024, 127.0, 292.0, 6592, -263.0, -1.0, 1648, -263.0, -1.0, 1024, 292.0, 394.0, 6592,
1127, 65.0, 475.0, 3296, 49.0, 357.0, 2048, 127.0, 585.0, 13184, -263.0, -1.0, 1648, -263.0, -1.0, 2048, 585.0, 790.0, 13184,
1128, 65.0, 198.0, 3296, 33.0, 64.0, 2048, 127.0, 292.0, 6592, -525.0, -1.0, 3296, -263.0, -1.0, 2048, 292.0, 394.0, 6592,
1129, 65.0, 491.0, 6592, 33.0, 357.0, 4096, 127.0, 585.0, 13184, -525.0, -1.0, 3296, -525.0, -1.0, 4096, 585.0, 790.0, 13184,
1130, 65.0, 230.0, 6592, 1.0, 64.0, 4096, 127.0, 292.0, 6592, -787.0, -1.0, 6592, -525.0, -1.0, 4096, 292.0, 394.0, 6592,
1131, 65.0, 523.0, 13184, 1.0, 357.0, 8192, 127.0, 585.0, 13184, -787.0, -1.0, 6592, -1049.0, -1.0, 8192, 585.0, 790.0, 13184,
1132, 65.0, 1109.0, 26368, 1.0, 943.0, 16384, 127.0, 1171.0, 26368, -1573.0, -1.0, 13184, -1835.0, -1.0, 16384, 1171.0, 1582.0, 26368,
1133, 65.0, 171.0, 416, 61.0, 64.0, 256, 127.0, 293.0, 6656, -263.0, -1.0, 416, -263.0, -1.0, 256, 293.0, 396.0, 6656,
1134, 65.0, 465.0, 832, 61.0, 358.0, 512, 127.0, 587.0, 13312, -263.0, -1.0, 416, -263.0, -1.0, 512, 587.0, 794.0, 13312,
1135, 65.0, 175.0, 832, 57.0, 64.0, 512, 127.0, 293.0, 6656, -263.0, -1.0, 832, -263.0, -1.0, 512, 293.0, 396.0, 6656,
1136, 65.0, 469.0, 1664, 57.0, 358.0, 1024, 127.0, 587.0, 13312, -263.0, -1.0, 832, -263.0, -1.0, 1024, 587.0, 794.0, 13312,
1137, 65.0, 183.0, 1664, 49.0, 64.0, 1024, 127.0, 293.0, 6656, -263.0, -1.0, 1664, -263.0, -1.0, 1024, 293.0, 396.0, 6656,
1138, 65.0, 477.0, 3328, 49.0, 358.0, 2048, 127.0, 587.0, 13312, -263.0, -1.0, 1664, -263.0, -1.0, 2048, 587.0, 794.0, 13312,
1139, 65.0, 199.0, 3328, 33.0, 64.0, 2048, 127.0, 293.0, 6656, -525.0, -1.0, 3328, -263.0, -1.0, 2048, 293.0, 396.0, 6656,
1140, 65.0, 493.0, 6656, 33.0, 358.0, 4096, 127.0, 587.0, 13312, -525.0, -1.0, 3328, -525.0, -1.0, 4096, 587.0, 794.0, 13312,
1141, 65.0, 231.0, 6656, 1.0, 64.0, 4096, 127.0, 293.0, 6656, -787.0, -1.0, 6656, -525.0, -1.0, 4096, 293.0, 396.0, 6656,
1142, 65.0, 525.0, 13312, 1.0, 358.0, 8192, 127.0, 587.0, 13312, -787.0, -1.0, 6656, -1049.0, -1.0, 8192, 587.0, 794.0, 13312,
1143, 65.0, 1113.0, 26624, 1.0, 946.0, 16384, 127.0, 1175.0, 26624, -1573.0, -1.0, 13312, -1835.0, -1.0, 16384, 1175.0, 1590.0, 26624,
1144, 65.0, 172.0, 420, 61.0, 64.0, 256, 127.0, 294.0, 6720, -263.0, -1.0, 420, -263.0, -1.0, 256, 294.0, 398.0, 6720,
1145, 65.0, 467.0, 840, 61.0, 359.0, 512, 127.0, 589.0, 13440, -263.0, -1.0, 420, -263.0, -1.0, 512, 589.0, 798.0, 13440,
1146, 65.0, 176.0, 840, 57.0, 64.0, 512, 127.0, 294.0, 6720, -263.0, -1.0, 840, -263.0, -1.0, 512, 294.0, 398.0, 6720,
1147, 65.0, 471.0, 1680, 57.0, 359.0, 1024, 127.0, 589.0, 13440, -263.0, -1.0, 840, -263.0, -1.0, 1024, 589.0, 798.0, 13440,
1148, 65.0, 184.0, 1680, 49.0, 64.0, 1024, 127.0, 294.0, 6720, -263.0, -1.0, 1680, -263.0, -1.0, 1024, 294.0, 398.0, 6720,
1149, 65.0, 479.0, 3360, 49.0, 359.0, 2048, 127.0, 589.0, 13440, -263.0, -1.0, 1680, -263.0, -1.0, 2048, 589.0, 798.0, 13440,
1150, 65.0, 200.0, 3360, 33.0, 64.0, 2048, 127.0, 294.0, 6720, -525.0, -1.0, 3360, -263.0, -1.0, 2048, 294.0, 398.0, 6720,
1151, 65.0, 495.0, 6720, 33.0, 359.0, 4096, 127.0, 589.0, 13440, -525.0, -1.0, 3360, -525.0, -1.0, 4096, 589.0, 798.0, 13440,
1152, 65.0, 232.0, 6720, 1.0, 64.0, 4096, 127.0, 294.0, 6720, -787.0, -1.0, 6720, -525.0, -1.0, 4096, 294.0, 398.0, 6720,
1153, 65.0, 527.0, 13440, 1.0, 359.0, 8192, 127.0, 589.0, 13440, -787.0, -1.0, 6720, -1049.0, -1.0, 8192, 589.0, 798.0, 13440,
1154, 65.0, 1117.0, 26880, 1.0, 949.0, 16384, 127.0, 1179.0, 26880, -1573.0, -1.0, 13440, -1835.0, -1.0, 16384, 1179.0, 1598.0, 26880,
1155, 65.0, 173.0, 424, 61.0, 64.0, 256, 127.0, 295.0, 6784, -263.0, -1.0, 424, -263.0, -1.0, 256, 295.0, 400.0, 6784,
1156, 65.0, 469.0, 848, 61.0, 360.0, 512, 127.0, 591.0, 13568, -263.0, -1.0, 424, -263.0, -1.0, 512, 591.0, 802.0, 13568,
1157, 65.0, 177.0, 848, 57.0, 64.0, 512, 127.0, 295.0, 6784, -263.0, -1.0, 848, -263.0, -1.0, 512, 295.0, 400.0, 6784,
1158, 65.0, 473.0, 1696, 57.0, 360.0, 1024, 127.0, 591.0, 13568, -263.0, -1.0, 848, -263.0, -1.0, 1024, 591.0, 802.0, 13568,
1159, 65.0, 185.0, 1696, 49.0, 64.0, 1024, 127.0, 295.0, 6784, -263.0, -1.0, 1696, -263.0, -1.0, 1024, 295.0, 400.0, 6784,
1160, 65.0, 481.0, 3392, 49.0, 360.0, 2048, 127.0, 591.0, 13568, -263.0, -1.0, 1696, -263.0, -1.0, 2048, 591.0, 802.0, 13568,
1161, 65.0, 201.0, 3392, 33.0, 64.0, 2048, 127.0, 295.0, 6784, -525.0, -1.0, 3392, -263.0, -1.0, 2048, 295.0, 400.0, 6784,
1162, 65.0, 497.0, 6784, 33.0, 360.0, 4096, 127.0, 591.0, 13568, -525.0, -1.0, 3392, -525.0, -1.0, 4096, 591.0, 802.0, 13568,
1163, 65.0, 233.0, 6784, 1.0, 64.0, 4096, 127.0, 295.0, 6784, -787.0, -1.0, 6784, -525.0, -1.0, 4096, 295.0, 400.0, 6784,
1164, 65.0, 529.0, 13568, 1.0, 360.0, 8192, 127.0, 591.0, 13568, -787.0, -1.0, 6784, -1049.0, -1.0, 8192, 591.0, 802.0, 13568,
1165, 65.0, 1121.0, 27136, 1.0, 952.0, 16384, 127.0, 1183.0, 27136, -1573.0, -1.0, 13568, -1835.0, -1.0, 16384, 1183.0, 1606.0, 27136,
1166, 65.0, 174.0, 428, 61.0, 64.0, 256, 127.0, 296.0, 6848, -263.0, -1.0, 428, -263.0, -1.0, 256, 296.0, 402.0, 6848,
1167, 65.0, 471.0, 856, 61.0, 361.0, 512, 127.0, 593.0, 13696, -263.0, -1.0, 428, -263.0, -1.0, 512, 593.0, 806.0, 13696,
1168, 65.0, 178.0, 856, 57.0, 64.0, 512, 127.0, 296.0, 6848, -263.0, -1.0, 856, -263.0, -1.0, 512, 296.0, 402.0, 6848,
1169, 65.0, 475.0, 1712, 57.0, 361.0, 1024, 127.0, 593.0, 13696, -263.0, -1.0, 856, -263.0, -1.0, 1024, 593.0, 806.0, 13696,
1170, 65.0, 186.0, 1712, 49.0, 64.0, 1024, 127.0, 296.0, 6848, -263.0, -1.0, 1712, -263.0, -1.0, 1024, 296.0, 402.0, 6848,
1171, 65.0, 483.0, 3424, 49.0, 361.0, 2048, 127.0, 593.0, 13696, -263.0, -1.0, 1712, -263.0, -1.0, 2048, 593.0, 806.0, 13696,
1172, 65.0, 202.0, 3424, 33.0, 64.0, 2048, 127.0, 296.0, 6848, -525.0, -1.0, 3424, -263.0, -1.0, 2048, 296.0, 402.0, 6848,
1173, 65.0, 499.0, 6848, 33.0, 361.0, 4096, 127.0, 593.0, 13696, -525.0, -1.0, 3424, -525.0, -1.0, 4096, 593.0, 806.0, 13696,
1174, 65.0, 234.0, 6848, 1.0, 64.0, 4096, 127.0, 296.0, 6848, -787.0, -1.0, 6848, -525.0, -1.0, 4096, 296.0, 402.0, 6848,
1175, 65.0, 531.0, 13696, 1.0, 361.0, 8192, 127.0, 593.0, 13696, -787.0, -1.0, 6848, -1049.0, -1.0, 8192, 593.0, 806.0, 13696,
1176, 65.0, 1125.0, 27392, 1.0, 955.0, 16384, 127.0, 1187.0, 27392, -1573.0, -1.0, 13696, -1835.0, -1.0, 16384, 1187.0, 1614.0, 27392,
1177, 65.0, 175.0, 432, 61.0, 64.0, 256, 127.0, 297.0, 6912, -263.0, -1.0, 432, -263.0, -1.0, 256, 297.0, 404.0, 6912,
1178, 65.0, 473.0, 864, 61.0, 362.0, 512, 127.0, 595.0, 13824, -263.0, -1.0, 432, -263.0, -1.0, 512, 595.0, 810.0, 13824,
1179, 65.0, 179.0, 864, 57.0, 64.0, 512, 127.0, 297.0, 6912, -263.0, -1.0, 864, -263.0, -1.0, 512, 297.0, 404.0, 6912,
1180, 65.0, 477.0, 1728, 57.0, 362.0, 1024, 127.0, 595.0, 13824, -263.0, -1.0, 864, -263.0, -1.0, 1024, 595.0, 810.0, 13824,
1181, 65.0, 187.0, 1728, 49.0, 64.0, 1024, 127.0, 297.0, 6912, -263.0, -1.0, 1728, -263.0, -1.0, 1024, 297.0, 404.0, 6912,
1182, 65.0, 485.0, 3456, 49.0, 362.0, 2048, 127.0, 595.0, 13824, -263.0, -1.0, 1728, -263.0, -1.0, 2048, 595.0, 810.0, 13824,
1183, 65.0, 203.0, 3456, 33.0, 64.0, 2048, 127.0, 297.0, 6912, -525.0, -1.0, 3456, -263.0, -1.0, 2048, 297.0, 404.0, 6912,
1184, 65.0, 501.0, 6912, 33.0, 362.0, 4096, 127.0, 595.0, 13824, -525.0, -1.0, 3456, -525.0, -1.0, 4096, 595.0, 810.0, 13824,
1185, 65.0, 235.0, 6912, 1.0, 64.0, 4096, 127.0, 297.0, 6912, -787.0, -1.0, 6912, -525.0, -1.0, 4096, 297.0, 404.0, 6912,
1186, 65.0, 533.0, 13824, 1.0, 362.0, 8192, 127.0, 595.0, 13824, -787.0, -1.0, 6912, -1049.0, -1.0, 8192, 595.0, 810.0, 13824,
1187, 65.0, 1129.0, 27648, 1.0, 958.0, 16384, 127.0, 1191.0, 27648, -1573.0, -1.0, 13824, -1835.0, -1.0, 16384, 1191.0, 1622.0, 27648,
1188, 65.0, 176.0, 436, 61.0, 64.0, 256, 127.0, 298.0, 6976, -263.0, -1.0, 436, -263.0, -1.0, 256, 298.0, 406.0, 6976,
1189, 65.0, 475.0, 872, 61.0, 363.0, 512, 127.0, 597.0, 13952, -263.0, -1.0, 436, -263.0, -1.0, 512, 597.0, 814.0, 13952,
1190, 65.0, 180.0, 872, 57.0, 64.0, 512, 127.0, 298.0, 6976, -263.0, -1.0, 872, -263.0, -1.0, 512, 298.0, 406.0, 6976,
1191, 65.0, 479.0, 1744, 57.0, 363.0, 1024, 127.0, 597.0, 13952, -263.0, -1.0, 872, -263.0, -1.0, 1024, 597.0, 814.0, 13952,
1192, 65.0, 188.0, 1744, 49.0, 64.0, 1024, 127.0, 298.0, 6976, -263.0, -1.0, 1744, -263.0, -1.0, 1024, 298.0, 406.0, 6976,
1193, 65.0, 487.0, 3488, 49.0, 363.0, 2048, 127.0, 597.0, 13952, -263.0, -1.0, 1744, -263.0, -1.0, 2048, 597.0, 814.0, 13952,
1194, 65.0, 204.0, 3488, 33.0, 64.0, 2048, 127.0, 298.0, 6976, -525.0, -1.0, 3488, -263.0, -1.0, 2048, 298.0, 406.0, 6976,
1195, 65.0, 503.0, 6976, 33.0, 363.0, 4096, 127.0, 597.0, 13952, -525.0, -1.0, 3488, -525.0, -1.0, 4096, 597.0, 814.0, 13952,
1196, 65.0, 236.0, 6976, 1.0, 64.0, 4096, 127.0, 298.0, 6976, -787.0, -1.0, 6976, -525.0, -1.0, 4096, 298.0, 406.0, 6976,
1197, 65.0, 535.0, 13952, 1.0, 363.0, 8192, 127.0, 597.0, 13952, -787.0, -1.0, 6976, -1049.0, -1.0, 8192, 597.0, 814.0, 13952,
1198, 65.0, 1133.0, 27904, 1.0, 961.0, 16384, 127.0, 1195.0, 27904, -1573.0, -1.0, 13952, -1835.0, -1.0, 16384, 1195.0, 1630.0, 27904,
1199, 65.0, 177.0, 440, 61.0, 64.0, 256, 127.0, 299.0, 7040, -263.0, -1.0, 440, -263.0, -1.0, 256, 299.0, 408.0, 7040,
1200, 65.0, 477.0, 880, 61.0, 364.0, 512, 127.0, 599.0, 14080, -263.0, -1.0, 440, -263.0, -1.0, 512, 599.0, 818.0, 14080,
1201, 65.0, 181.0, 880, 57.0, 64.0, 512, 127.0, 299.0, 7040, -263.0, -1.0, 880, -263.0, -1.0, 512, 299.0, 408.0, 7040,
1202, 65.0, 481.0, 1760, 57.0, 364.0, 1024, 127.0, 599.0, 14080, -263.0, -1.0, 880, -263.0, -1.0, 1024, 599.0, 818.0, 14080,
1203, 65.0, 189.0, 1760, 49.0, 64.0, 1024, 127.0, 299.0, 7040, -263.0, -1.0, 1760, -263.0, -1.0, 1024, 299.0, 408.0, 7040,
1204, 65.0, 489.0, 3520, 49.0, 364.0, 2048, 127.0, 599.0, 14080, -263.0, -1.0, 1760, -263.0, -1.0, 2048, 599.0, 818.0, 14080,
1205, 65.0, 205.0, 3520, 33.0, 64.0, 2048, 127.0, 299.0, 7040, -525.0, -1.0, 3520, -263.0, -1.0, 2048, 299.0, 408.0, 7040,
1206, 65.0, 505.0, 7040, 33.0, 364.0, 4096, 127.0, 599.0, 14080, -525.0, -1.0, 3520, -525.0, -1.0, 4096, 599.0, 818.0, 14080,
1207, 65.0, 237.0, 7040, 1.0, 64.0, 4096, 127.0, 299.0, 7040, -787.0, -1.0, 7040, -525.0, -1.0, 4096, 299.0, 408.0, 7040,
1208, 65.0, 537.0, 14080, 1.0, 364.0, 8192, 127.0, 599.0, 14080, -787.0, -1.0, 7040, -1049.0, -1.0, 8192, 599.0, 818.0, 14080,
1209, 65.0, 1137.0, 28160, 1.0, 964.0, 16384, 127.0, 1199.0, 28160, -1573.0, -1.0, 14080, -1835.0, -1.0, 16384, 1199.0, 1638.0, 28160,
1210, 65.0, 178.0, 444, 61.0, 64.0, 256, 127.0, 300.0, 7104, -263.0, -1.0, 444, -263.0, -1.0, 256, 300.0, 410.0, 7104,
1211, 65.0, 479.0, 888, 61.0, 365.0, 512, 127.0, 601.0, 14208, -263.0, -1.0, 444, -263.0, -1.0, 512, 601.0, 822.0, 14208,
1212, 65.0, 182.0, 888, 57.0, 64.0, 512, 127.0, 300.0, 7104, -263.0, -1.0, 888, -263.0, -1.0, 512, 300.0, 410.0, 7104,
1213, 65.0, 483.0, 1776, 57.0, 365.0, 1024, 127.0, 601.0, 14208, -263.0, -1.0, 888, -263.0, -1.0, 1024, 601.0, 822.0, 14208,
1214, 65.0, 190.0, 1776, 49.0, 64.0, 1024, 127.0, 300.0, 7104, -263.0, -1.0, 1776, -263.0, -1.0, 1024, 300.0, 410.0, 7104,
1215, 65.0, 491.0, 3552, 49.0, 365.0, 2048, 127.0, 601.0, 14208, -263.0, -1.0, 1776, -263.0, -1.0, 2048, 601.0, 822.0, 14208,
1216, 65.0, 206.0, 3552, 33.0, 64.0, 2048, 127.0, 300.0, 7104, -525.0, -1.0, 3552, -263.0, -1.0, 2048, 300.0, 410.0, 7104,
1217, 65.0, 507.0, 7104, 33.0, 365.0, 4096, 127.0, 601.0, 14208, -525.0, -1.0, 3552, -525.0, -1.0, 4096, 601.0, 822.0, 14208,
1218, 65.0, 238.0, 7104, 1.0, 64.0, 4096, 127.0, 300.0, 7104, -787.0, -1.0, 7104, -525.0, -1.0, 4096, 300.0, 410.0, 7104,
1219, 65.0, 539.0, 14208, 1.0, 365.0, 8192, 127.0, 601.0, 14208, -787.0, -1.0, 7104, -1049.0, -1.0, 8192, 601.0, 822.0, 14208,
1220, 65.0, 1141.0, 28416, 1.0, 967.0, 16384, 127.0, 1203.0, 28416, -1573.0, -1.0, 14208, -1835.0, -1.0, 16384, 1203.0, 1646.0, 28416,
1221, 65.0, 179.0, 448, 61.0, 64.0, 256, 127.0, 301.0, 7168, -263.0, -1.0, 448, -263.0, -1.0, 256, 301.0, 412.0, 7168,
1222, 65.0, 481.0, 896, 61.0, 366.0, 512, 127.0, 603.0, 14336, -263.0, -1.0, 448, -263.0, -1.0, 512, 603.0, 826.0, 14336,
1223, 65.0, 183.0, 896, 57.0, 64.0, 512, 127.0, 301.0, 7168, -263.0, -1.0, 896, -263.0, -1.0, 512, 301.0, 412.0, 7168,
1224, 65.0, 485.0, 1792, 57.0, 366.0, 1024, 127.0, 603.0, 14336, -263.0, -1.0, 896, -263.0, -1.0, 1024, 603.0, 826.0, 14336,
1225, 65.0, 191.0, 1792, 49.0, 64.0, 1024, 127.0, 301.0, 7168, -263.0, -1.0, 1792, -263.0, -1.0, 1024, 301.0, 412.0, 7168,
1226, 65.0, 493.0, 3584, 49.0, 366.0, 2048, 127.0, 603.0, 14336, -263.0, -1.0, 1792, -263.0, -1.0, 2048, 603.0, 826.0, 14336,
1227, 65.0, 207.0, 3584, 33.0, 64.0, 2048, 127.0, 301.0, 7168, -525.0, -1.0, 3584, -263.0, -1.0, 2048, 301.0, 412.0, 7168,
1228, 65.0, 509.0, 7168, 33.0, 366.0, 4096, 127.0, 603.0, 14336, -525.0, -1.0, 3584, -525.0, -1.0, 4096, 603.0, 826.0, 14336,
1229, 65.0, 239.0, 7168, 1.0, 64.0, 4096, 127.0, 301.0, 7168, -787.0, -1.0, 7168, -525.0, -1.0, 4096, 301.0, 412.0, 7168,
1230, 65.0, 541.0, 14336, 1.0, 366.0, 8192, 127.0, 603.0, 14336, -787.0, -1.0, 7168, -1049.0, -1.0, 8192, 603.0, 826.0, 14336,
1231, 65.0, 1145.0, 28672, 1.0, 970.0, 16384, 127.0, 1207.0, 28672, -1573.0, -1.0, 14336, -1835.0, -1.0, 16384, 1207.0, 1654.0, 28672,
1232, 65.0, 180.0, 452, 61.0, 64.0, 256, 127.0, 302.0, 7232, -263.0, -1.0, 452, -263.0, -1.0, 256, 302.0, 414.0, 7232,
1233, 65.0, 483.0, 904, 61.0, 367.0, 512, 127.0, 605.0, 14464, -263.0, -1.0, 452, -263.0, -1.0, 512, 605.0, 830.0, 14464,
1234, 65.0, 184.0, 904, 57.0, 64.0, 512, 127.0, 302.0, 7232, -263.0, -1.0, 904, -263.0, -1.0, 512, 302.0, 414.0, 7232,
1235, 65.0, 487.0, 1808, 57.0, 367.0, 1024, 127.0, 605.0, 14464, -263.0, -1.0, 904, -263.0, -1.0, 1024, 605.0, 830.0, 14464,
1236, 65.0, 192.0, 1808, 49.0, 64.0, 1024, 127.0, 302.0, 7232, -263.0, -1.0, 1808, -263.0, -1.0, 1024, 302.0, 414.0, 7232,
1237, 65.0, 495.0, 3616, 49.0, 367.0, 2048, 127.0, 605.0, 14464, -263.0, -1.0, 1808, -263.0, -1.0, 2048, 605.0, 830.0, 14464,
1238, 65.0, 208.0, 3616, 33.0, 64.0, 2048, 127.0, 302.0, 7232, -525.0, -1.0, 3616, -263.0, -1.0, 2048, 302.0, 414.0, 7232,
1239, 65.0, 511.0, 7232, 33.0, 367.0, 4096, 127.0, 605.0, 14464, -525.0, -1.0, 3616, -525.0, -1.0, 4096, 605.0, 830.0, 14464,
1240, 65.0, 240.0, 7232, 1.0, 64.0, 4096, 127.0, 302.0, 7232, -787.0, -1.0, 7232, -525.0, -1.0, 4096, 302.0, 414.0, 7232,
1241, 65.0, 543.0, 14464, 1.0, 367.0, 8192, 127.0, 605.0, 14464, -787.0, -1.0, 7232, -1049.0, -1.0, 8192, 605.0, 830.0, 14464,
1242, 65.0, 1149.0, 28928, 1.0, 973.0, 16384, 127.0, 1211.0, 28928, -1573.0, -1.0, 14464, -1835.0, -1.0, 16384, 1211.0, 1662.0, 28928,
1243, 65.0, 181.0, 456, 61.0, 64.0, 256, 127.0, 303.0, 7296, -263.0, -1.0, 456, -263.0, -1.0, 256, 303.0, 416.0, 7296,
1244, 65.0, 485.0, 912, 61.0, 368.0, 512, 127.0, 607.0, 14592, -263.0, -1.0, 456, -263.0, -1.0, 512, 607.0, 834.0, 14592,
1245, 65.0, 185.0, 912, 57.0, 64.0, 512, 127.0, 303.0, 7296, -263.0, -1.0, 912, -263.0, -1.0, 512, 303.0, 416.0, 7296,
1246, 65.0, 489.0, 1824, 57.0, 368.0, 1024, 127.0, 607.0, 14592, -263.0, -1.0, 912, -263.0, -1.0, 1024, 607.0, 834.0, 14592,
1247, 65.0, 193.0, 1824, 49.0, 64.0, 1024, 127.0, 303.0, 7296, -263.0, -1.0, 1824, -263.0, -1.0, 1024, 303.0, 416.0, 7296,
1248, 65.0, 497.0, 3648, 49.0, 368.0, 2048, 127.0, 607.0, 14592, -263.0, -1.0, 1824, -263.0, -1.0, 2048, 607.0, 834.0, 14592,
1249, 65.0, 209.0, 3648, 33.0, 64.0, 2048, 127.0, 303.0, 7296, -525.0, -1.0, 3648, -263.0, -1.0, 2048, 303.0, 416.0, 7296,
1250, 65.0, 513.0, 7296, 33.0, 368.0, 4096, 127.0, 607.0, 14592, -525.0, -1.0, 3648, -525.0, -1.0, 4096, 607.0, 834.0, 14592,
1251, 65.0, 241.0, 7296, 1.0, 64.0, 4096, 127.0, 303.0, 7296, -787.0, -1.0, 7296, -525.0, -1.0, 4096, 303.0, 416.0, 7296,
1252, 65.0, 545.0, 14592, 1.0, 368.0, 8192, 127.0, 607.0, 14592, -787.0, -1.0, 7296, -1049.0, -1.0, 8192, 607.0, 834.0, 14592,
1253, 65.0, 1153.0, 29184, 1.0, 976.0, 16384, 127.0, 1215.0, 29184, -1573.0, -1.0, 14592, -1835.0, -1.0, 16384, 1215.0, 1670.0, 29184,
1254, 65.0, 182.0, 460, 61.0, 64.0, 256, 127.0, 304.0, 7360, -263.0, -1.0, 460, -263.0, -1.0, 256, 304.0, 418.0, 7360,
1255, 65.0, 487.0, 920, 61.0, 369.0, 512, 127.0, 609.0, 14720, -263.0, -1.0, 460, -263.0, -1.0, 512, 609.0, 838.0, 14720,
1256, 65.0, 186.0, 920, 57.0, 64.0, 512, 127.0, 304.0, 7360, -263.0, -1.0, 920, -263.0, -1.0, 512, 304.0, 418.0, 7360,
1257, 65.0, 491.0, 1840, 57.0, 369.0, 1024, 127.0, 609.0, 14720, -263.0, -1.0, 920, -263.0, -1.0, 1024, 609.0, 838.0, 14720,
1258, 65.0, 194.0, 1840, 49.0, 64.0, 1024, 127.0, 304.0, 7360, -263.0, -1.0, 1840, -263.0, -1.0, 1024, 304.0, 418.0, 7360,
1259, 65.0, 499.0, 3680, 49.0, 369.0, 2048, 127.0, 609.0, 14720, -263.0, -1.0, 1840, -263.0, -1.0, 2048, 609.0, 838.0, 14720,
1260, 65.0, 210.0, 3680, 33.0, 64.0, 2048, 127.0, 304.0, 7360, -525.0, -1.0, 3680, -263.0, -1.0, 2048, 304.0, 418.0, 7360,
1261, 65.0, 515.0, 7360, 33.0, 369.0, 4096, 127.0, 609.0, 14720, -525.0, -1.0, 3680, -525.0, -1.0, 4096, 609.0, 838.0, 14720,
1262, 65.0, 242.0, 7360, 1.0, 64.0, 4096, 127.0, 304.0, 7360, -787.0, -1.0, 7360, -525.0, -1.0, 4096, 304.0, 418.0, 7360,
1263, 65.0, 547.0, 14720, 1.0, 369.0, 8192, 127.0, 609.0, 14720, -787.0, -1.0, 7360, -1049.0, -1.0, 8192, 609.0, 838.0, 14720,
1264, 65.0, 1157.0, 29440, 1.0, 979.0, 16384, 127.0, 1219.0, 29440, -1573.0, -1.0, 14720, -1835.0, -1.0, 16384, 1219.0, 1678.0, 29440,
1265, 65.0, 183.0, 464, 61.0, 64.0, 256, 127.0, 305.0, 7424, -263.0, -1.0, 464, -263.0, -1.0, 256, 305.0, 420.0, 7424,
1266, 65.0, 489.0, 928, 61.0, 370.0, 512, 127.0, 611.0, 14848, -263.0, -1.0, 464, -263.0, -1.0, 512, 611.0, 842.0, 14848,
1267, 65.0, 187.0, 928, 57.0, 64.0, 512, 127.0, 305.0, 7424, -263.0, -1.0, 928, -263.0, -1.0, 512, 305.0, 420.0, 7424,
1268, 65.0, 493.0, 1856, 57.0, 370.0, 1024, 127.0, 611.0, 14848, -263.0, -1.0, 928, -263.0, -1.0, 1024, 611.0, 842.0, 14848,
1269, 65.0, 195.0, 1856, 49.0, 64.0, 1024, 127.0, 305.0, 7424, -263.0, -1.0, 1856, -263.0, -1.0, 1024, 305.0, 420.0, 7424,
1270, 65.0, 501.0, 3712, 49.0, 370.0, 2048, 127.0, 611.0, 14848, -263.0, -1.0, 1856, -263.0, -1.0, 2048, 611.0, 842.0, 14848,
1271, 65.0, 211.0, 3712, 33.0, 64.0, 2048, 127.0, 305.0, 7424, -525.0, -1.0, 3712, -263.0, -1.0, 2048, 305.0, 420.0, 7424,
1272, 65.0, 517.0, 7424, 33.0, 370.0, 4096, 127.0, 611.0, 14848, -525.0, -1.0, 3712, -525.0, -1.0, 4096, 611.0, 842.0, 14848,
1273, 65.0, 243.0, 7424, 1.0, 64.0, 4096, 127.0, 305.0, 7424, -787.0, -1.0, 7424, -525.0, -1.0, 4096, 305.0, 420.0, 7424,
1274, 65.0, 549.0, 14848, 1.0, 370.0, 8192, 127.0, 611.0, 14848, -787.0, -1.0, 7424, -1049.0, -1.0, 8192, 611.0, 842.0, 14848,
1275, 65.0, 1161.0, 29696, 1.0, 982.0, 16384, 127.0, 1223.0, 29696, -1573.0, -1.0, 14848, -1835.0, -1.0, 16384, 1223.0, 1686.0, 29696,
1276, 65.0, 184.0, 468, 61.0, 64.0, 256, 127.0, 306.0, 7488, -263.0, -1.0, 468, -263.0, -1.0, 256, 306.0, 422.0, 7488,
1277, 65.0, 491.0, 936, 61.0, 371.0, 512, 127.0, 613.0, 14976, -263.0, -1.0, 468, -263.0, -1.0, 512, 613.0, 846.0, 14976,
1278, 65.0, 188.0, 936, 57.0, 64.0, 512, 127.0, 306.0, 7488, -263.0, -1.0, 936, -263.0, -1.0, 512, 306.0, 422.0, 7488,
1279, 65.0, 495.0, 1872, 57.0, 371.0, 1024, 127.0, 613.0, 14976, -263.0, -1.0, 936, -263.0, -1.0, 1024, 613.0, 846.0, 14976,
1280, 65.0, 196.0, 1872, 49.0, 64.0, 1024, 127.0, 306.0, 7488, -263.0, -1.0, 1872, -263.0, -1.0, 1024, 306.0, 422.0, 7488,
1281, 65.0, 503.0, 3744, 49.0, 371.0, 2048, 127.0, 613.0, 14976, -263.0, -1.0, 1872, -263.0, -1.0, 2048, 613.0, 846.0, 14976,
1282, 65.0, 212.0, 3744, 33.0, 64.0, 2048, 127.0, 306.0, 7488, -525.0, -1.0, 3744, -263.0, -1.0, 2048, 306.0, 422.0, 7488,
1283, 65.0, 519.0, 7488, 33.0, 371.0, 4096, 127.0, 613.0, 14976, -525.0, -1.0, 3744, -525.0, -1.0, 4096, 613.0, 846.0, 14976,
1284, 65.0, 244.0, 7488, 1.0, 64.0, 4096, 127.0, 306.0, 7488, -787.0, -1.0, 7488, -525.0, -1.0, 4096, 306.0, 422.0, 7488,
1285, 65.0, 551.0, 14976, 1.0, 371.0, 8192, 127.0, 613.0, 14976, -787.0, -1.0, 7488, -1049.0, -1.0, 8192, 613.0, 846.0, 14976,
1286, 65.0, 1165.0, 29952, 1.0, 985.0, 16384, 127.0, 1227.0, 29952, -1573.0, -1.0, 14976, -1835.0, -1.0, 16384, 1227.0, 1694.0, 29952,
1287, 65.0, 185.0, 472, 61.0, 64.0, 256, 127.0, 307.0, 7552, -263.0, -1.0, 472, -263.0, -1.0, 256, 307.0, 424.0, 7552,
1288, 65.0, 493.0, 944, 61.0, 372.0, 512, 127.0, 615.0, 15104, -263.0, -1.0, 472, -263.0, -1.0, 512, 615.0, 850.0, 15104,
1289, 65.0, 189.0, 944, 57.0, 64.0, 512, 127.0, 307.0, 7552, -263.0, -1.0, 944, -263.0, -1.0, 512, 307.0, 424.0, 7552,
1290, 65.0, 497.0, 1888, 57.0, 372.0, 1024, 127.0, 615.0, 15104, -263.0, -1.0, 944, -263.0, -1.0, 1024, 615.0, 850.0, 15104,
1291, 65.0, 197.0, 1888, 49.0, 64.0, 1024, 127.0, 307.0, 7552, -263.0, -1.0, 1888, -263.0, -1.0, 1024, 307.0, 424.0, 7552,
1292, 65.0, 505.0, 3776, 49.0, 372.0, 2048, 127.0, 615.0, 15104, -263.0, -1.0, 1888, -263.0, -1.0, 2048, 615.0, 850.0, 15104,
1293, 65.0, 213.0, 3776, 33.0, 64.0, 2048, 127.0, 307.0, 7552, -525.0, -1.0, 3776, -263.0, -1.0, 2048, 307.0, 424.0, 7552,
1294, 65.0, 521.0, 7552, 33.0, 372.0, 4096, 127.0, 615.0, 15104, -525.0, -1.0, 3776, -525.0, -1.0, 4096, 615.0, 850.0, 15104,
1295, 65.0, 245.0, 7552, 1.0, 64.0, 4096, 127.0, 307.0, 7552, -787.0, -1.0, 7552, -525.0, -1.0, 4096, 307.0, 424.0, 7552,
1296, 65.0, 553.0, 15104, 1.0, 372.0, 8192, 127.0, 615.0, 15104, -787.0, -1.0, 7552, -1049.0, -1.0, 8192, 615.0, 850.0, 15104,
1297, 65.0, 1169.0, 30208, 1.0, 988.0, 16384, 127.0, 1231.0, 30208, -1573.0, -1.0, 15104, -1835.0, -1.0, 16384, 1231.0, 1702.0, 30208,
1298, 65.0, 186.0, 476, 61.0, 64.0, 256, 127.0, 308.0, 7616, -263.0, -1.0, 476, -263.0, -1.0, 256, 308.0, 426.0, 7616,
1299, 65.0, 495.0, 952, 61.0, 373.0, 512, 127.0, 617.0, 15232, -263.0, -1.0, 476, -263.0, -1.0, 512, 617.0, 854.0, 15232,
1300, 65.0, 190.0, 952, 57.0, 64.0, 512, 127.0, 308.0, 7616, -263.0, -1.0, 952, -263.0, -1.0, 512, 308.0, 426.0, 7616,
1301, 65.0, 499.0, 1904, 57.0, 373.0, 1024, 127.0, 617.0, 15232, -263.0, -1.0, 952, -263.0, -1.0, 1024, 617.0, 854.0, 15232,
1302, 65.0, 198.0, 1904, 49.0, 64.0, 1024, 127.0, 308.0, 7616, -263.0, -1.0, 1904, -263.0, -1.0, 1024, 308.0, 426.0, 7616,
1303, 65.0, 507.0, 3808, 49.0, 373.0, 2048, 127.0, 617.0, 15232, -263.0, -1.0, 1904, -263.0, -1.0, 2048, 617.0, 854.0, 15232,
1304, 65.0, 214.0, 3808, 33.0, 64.0, 2048, 127.0, 308.0, 7616, -525.0, -1.0, 3808, -263.0, -1.0, 2048, 308.0, 426.0, 7616,
1305, 65.0, 523.0, 7616, 33.0, 373.0, 4096, 127.0, 617.0, 15232, -525.0, -1.0, 3808, -525.0, -1.0, 4096, 617.0, 854.0, 15232,
1306, 65.0, 246.0, 7616, 1.0, 64.0, 4096, 127.0, 308.0, 7616, -787.0, -1.0, 7616, -525.0, -1.0, 4096, 308.0, 426.0, 7616,
1307, 65.0, 555.0, 15232, 1.0, 373.0, 8192, 127.0, 617.0, 15232, -787.0, -1.0, 7616, -1049.0, -1.0, 8192, 617.0, 854.0, 15232,
1308, 65.0, 1173.0, 30464, 1.0, 991.0, 16384, 127.0, 1235.0, 30464, -1573.0, -1.0, 15232, -1835.0, -1.0, 16384, 1235.0, 1710.0, 30464,
1309, 65.0, 187.0, 480, 61.0, 64.0, 256, 127.0, 309.0, 7680, -263.0, -1.0, 480, -263.0, -1.0, 256, 309.0, 428.0, 7680,
1310, 65.0, 497.0, 960, 61.0, 374.0, 512, 127.0, 619.0, 15360, -263.0, -1.0, 480, -263.0, -1.0, 512, 619.0, 858.0, 15360,
1311, 65.0, 191.0, 960, 57.0, 64.0, 512, 127.0, 309.0, 7680, -263.0, -1.0, 960, -263.0, -1.0, 512, 309.0, 428.0, 7680,
1312, 65.0, 501.0, 1920, 57.0, 374.0, 1024, 127.0, 619.0, 15360, -263.0, -1.0, 960, -263.0, -1.0, 1024, 619.0, 858.0, 15360,
1313, 65.0, 199.0, 1920, 49.0, 64.0, 1024, 127.0, 309.0, 7680, -263.0, -1.0, 1920, -263.0, -1.0, 1024, 309.0, 428.0, 7680,
1314, 65.0, 509.0, 3840, 49.0, 374.0, 2048, 127.0, 619.0, 15360, -263.0, -1.0, 1920, -263.0, -1.0, 2048, 619.0, 858.0, 15360,
1315, 65.0, 215.0, 3840, 33.0, 64.0, 2048, 127.0, 309.0, 7680, -525.0, -1.0, 3840, -263.0, -1.0, 2048, 309.0, 428.0, 7680,
1316, 65.0, 525.0, 7680, 33.0, 374.0, 4096, 127.0, 619.0, 15360, -525.0, -1.0, 3840, -525.0, -1.0, 4096, 619.0, 858.0, 15360,
1317, 65.0, 247.0, 7680, 1.0, 64.0, 4096, 127.0, 309.0, 7680, -787.0, -1.0, 7680, -525.0, -1.0, 4096, 309.0, 428.0, 7680,
1318, 65.0, 557.0, 15360, 1.0, 374.0, 8192, 127.0, 619.0, 15360, -787.0, -1.0, 7680, -1049.0, -1.0, 8192, 619.0, 858.0, 15360,
1319, 65.0, 1177.0, 30720, 1.0, 994.0, 16384, 127.0, 1239.0, 30720, -1573.0, -1.0, 15360, -1835.0, -1.0, 16384, 1239.0, 1718.0, 30720,
1320, 65.0, 188.0, 484, 61.0, 64.0, 256, 127.0, 310.0, 7744, -263.0, -1.0, 484, -263.0, -1.0, 256, 310.0, 430.0, 7744,
1321, 65.0, 499.0, 968, 61.0, 375.0, 512, 127.0, 621.0, 15488, -263.0, -1.0, 484, -263.0, -1.0, 512, 621.0, 862.0, 15488,
1322, 65.0, 192.0, 968, 57.0, 64.0, 512, 127.0, 310.0, 7744, -263.0, -1.0, 968, -263.0, -1.0, 512, 310.0, 430.0, 7744,
1323, 65.0, 503.0, 1936, 57.0, 375.0, 1024, 127.0, 621.0, 15488, -263.0, -1.0, 968, -263.0, -1.0, 1024, 621.0, 862.0, 15488,
1324, 65.0, 200.0, 1936, 49.0, 64.0, 1024, 127.0, 310.0, 7744, -263.0, -1.0, 1936, -263.0, -1.0, 1024, 310.0, 430.0, 7744,
1325, 65.0, 511.0, 3872, 49.0, 375.0, 2048, 127.0, 621.0, 15488, -263.0, -1.0, 1936, -263.0, -1.0, 2048, 621.0, 862.0, 15488,
1326, 65.0, 216.0, 3872, 33.0, 64.0, 2048, 127.0, 310.0, 7744, -525.0, -1.0, 3872, -263.0, -1.0, 2048, 310.0, 430.0, 7744,
1327, 65.0, 527.0, 7744, 33.0, 375.0, 4096, 127.0, 621.0, 15488, -525.0, -1.0, 3872, -525.0, -1.0, 4096, 621.0, 862.0, 15488,
1328, 65.0, 248.0, 7744, 1.0, 64.0, 4096, 127.0, 310.0, 7744, -787.0, -1.0, 7744, -525.0, -1.0, 4096, 310.0, 430.0, 7744,
1329, 65.0, 559.0, 15488, 1.0, 375.0, 8192, 127.0, 621.0, 15488, -787.0, -1.0, 7744, -1049.0, -1.0, 8192, 621.0, 862.0, 15488,
1330, 65.0, 1181.0, 30976, 1.0, 997.0, 16384, 127.0, 1243.0, 30976, -1573.0, -1.0, 15488, -1835.0, -1.0, 16384, 1243.0, 1726.0, 30976,
1331, 65.0, 189.0, 488, 61.0, 64.0, 256, 127.0, 311.0, 7808, -263.0, -1.0, 488, -263.0, -1.0, 256, 311.0, 432.0, 7808,
1332, 65.0, 501.0, 976, 61.0, 376.0, 512, 127.0, 623.0, 15616, -263.0, -1.0, 488, -263.0, -1.0, 512, 623.0, 866.0, 15616,
1333, 65.0, 193.0, 976, 57.0, 64.0, 512, 127.0, 311.0, 7808, -263.0, -1.0, 976, -263.0, -1.0, 512, 311.0, 432.0, 7808,
1334, 65.0, 505.0, 1952, 57.0, 376.0, 1024, 127.0, 623.0, 15616, -263.0, -1.0, 976, -263.0, -1.0, 1024, 623.0, 866.0, 15616,
1335, 65.0, 201.0, 1952, 49.0, 64.0, 1024, 127.0, 311.0, 7808, -263.0, -1.0, 1952, -263.0, -1.0, 1024, 311.0, 432.0, 7808,
1336, 65.0, 513.0, 3904, 49.0, 376.0, 2048, 127.0, 623.0, 15616, -263.0, -1.0, 1952, -263.0, -1.0, 2048, 623.0, 866.0, 15616,
1337, 65.0, 217.0, 3904, 33.0, 64.0, 2048, 127.0, 311.0, 7808, -525.0, -1.0, 3904, -263.0, -1.0, 2048, 311.0, 432.0, 7808,
1338, 65.0, 529.0, 7808, 33.0, 376.0, 4096, 127.0, 623.0, 15616, -525.0, -1.0, 3904, -525.0, -1.0, 4096, 623.0, 866.0, 15616,
1339, 65.0, 249.0, 7808, 1.0, 64.0, 4096, 127.0, 311.0, 7808, -787.0, -1.0, 7808, -525.0, -1.0, 4096, 311.0, 432.0, 7808,
1340, 65.0, 561.0, 15616, 1.0, 376.0, 8192, 127.0, 623.0, 15616, -787.0, -1.0, 7808, -1049.0, -1.0, 8192, 623.0, 866.0, 15616,
1341, 65.0, 1185.0, 31232, 1.0, 1000.0, 16384, 127.0, 1247.0, 31232, -1573.0, -1.0, 15616, -1835.0, -1.0, 16384, 1247.0, 1734.0, 31232,
1342, 65.0, 190.0, 492, 61.0, 64.0, 256, 127.0, 312.0, 7872, -263.0, -1.0, 492, -263.0, -1.0, 256, 312.0, 434.0, 7872,
1343, 65.0, 503.0, 984, 61.0, 377.0, 512, 127.0, 625.0, 15744, -263.0, -1.0, 492, -263.0, -1.0, 512, 625.0, 870.0, 15744,
1344, 65.0, 194.0, 984, 57.0, 64.0, 512, 127.0, 312.0, 7872, -263.0, -1.0, 984, -263.0, -1.0, 512, 312.0, 434.0, 7872,
1345, 65.0, 507.0, 1968, 57.0, 377.0, 1024, 127.0, 625.0, 15744, -263.0, -1.0, 984, -263.0, -1.0, 1024, 625.0, 870.0, 15744,
1346, 65.0, 202.0, 1968, 49.0, 64.0, 1024, 127.0, 312.0, 7872, -263.0, -1.0, 1968, -263.0, -1.0, 1024, 312.0, 434.0, 7872,
1347, 65.0, 515.0, 3936, 49.0, 377.0, 2048, 127.0, 625.0, 15744, -263.0, -1.0, 1968, -263.0, -1.0, 2048, 625.0, 870.0, 15744,
1348, 65.0, 218.0, 3936, 33.0, 64.0, 2048, 127.0, 312.0, 7872, -525.0, -1.0, 3936, -263.0, -1.0, 2048, 312.0, 434.0, 7872,
1349, 65.0, 531.0, 7872, 33.0, 377.0, 4096, 127.0, 625.0, 15744, -525.0, -1.0, 3936, -525.0, -1.0, 4096, 625.0, 870.0, 15744,
1350, 65.0, 250.0, 7872, 1.0, 64.0, 4096, 127.0, 312.0, 7872, -1049.0, -1.0, 7872, -525.0, -1.0, 4096, 312.0, 434.0, 7872,
1351, 65.0, 563.0, 15744, 1.0, 377.0, 8192, 127.0, 625.0, 15744, -1049.0, -1.0, 7872, -1049.0, -1.0, 8192, 625.0, 870.0, 15744,
1352, 65.0, 1189.0, 31488, 1.0, 1003.0, 16384, 127.0, 1251.0, 31488, -1835.0, -1.0, 15744, -1835.0, -1.0, 16384, 1251.0, 1742.0, 31488,
1353, 65.0, 191.0, 496, 61.0, 64.0, 256, 127.0, 313.0, 7936, -263.0, -1.0, 496, -263.0, -1.0, 256, 313.0, 436.0, 7936,
1354, 65.0, 505.0, 992, 61.0, 378.0, 512, 127.0, 627.0, 15872, -263.0, -1.0, 496, -263.0, -1.0, 512, 627.0, 874.0, 15872,
1355, 65.0, 195.0, 992, 57.0, 64.0, 512, 127.0, 313.0, 7936, -263.0, -1.0, 992, -263.0, -1.0, 512, 313.0, 436.0, 7936,
1356, 65.0, 509.0, 1984, 57.0, 378.0, 1024, 127.0, 627.0, 15872, -263.0, -1.0, 992, -263.0, -1.0, 1024, 627.0, 874.0, 15872,
1357, 65.0, 203.0, 1984, 49.0, 64.0, 1024, 127.0, 313.0, 7936, -263.0, -1.0, 1984, -263.0, -1.0, 1024, 313.0, 436.0, 7936,
1358, 65.0, 517.0, 3968, 49.0, 378.0, 2048, 127.0, 627.0, 15872, -263.0, -1.0, 1984, -263.0, -1.0, 2048, 627.0, 874.0, 15872,
1359, 65.0, 219.0, 3968, 33.0, 64.0, 2048, 127.0, 313.0, 7936, -525.0, -1.0, 3968, -263.0, -1.0, 2048, 313.0, 436.0, 7936,
1360, 65.0, 533.0, 7936, 33.0, 378.0, 4096, 127.0, 627.0, 15872, -525.0, -1.0, 3968, -525.0, -1.0, 4096, 627.0, 874.0, 15872,
1361, 65.0, 251.0, 7936, 1.0, 64.0, 4096, 127.0, 313.0, 7936, -1049.0, -1.0, 7936, -525.0, -1.0, 4096, 313.0, 436.0, 7936,
1362, 65.0, 565.0, 15872, 1.0, 378.0, 8192, 127.0, 627.0, 15872, -1049.0, -1.0, 7936, -1049.0, -1.0, 8192, 627.0, 874.0, 15872,
1363, 65.0, 1193.0, 31744, 1.0, 1006.0, 16384, 127.0, 1255.0, 31744, -1835.0, -1.0, 15872, -1835.0, -1.0, 16384, 1255.0, 1750.0, 31744,
1364, 65.0, 192.0, 500, 61.0, 64.0, 256, 127.0, 314.0, 8000, -263.0, -1.0, 500, -263.0, -1.0, 256, 314.0, 438.0, 8000,
1365, 65.0, 507.0, 1000, 61.0, 379.0, 512, 127.0, 629.0, 16000, -263.0, -1.0, 500, -263.0, -1.0, 512, 629.0, 878.0, 16000,
1366, 65.0, 196.0, 1000, 57.0, 64.0, 512, 127.0, 314.0, 8000, -263.0, -1.0, 1000, -263.0, -1.0, 512, 314.0, 438.0, 8000,
1367, 65.0, 511.0, 2000, 57.0, 379.0, 1024, 127.0, 629.0, 16000, -263.0, -1.0, 1000, -263.0, -1.0, 1024, 629.0, 878.0, 16000,
1368, 65.0, 204.0, 2000, 49.0, 64.0, 1024, 127.0, 314.0, 8000, -263.0, -1.0, 2000, -263.0, -1.0, 1024, 314.0, 438.0, 8000,
1369, 65.0, 519.0, 4000, 49.0, 379.0, 2048, 127.0, 629.0, 16000, -263.0, -1.0, 2000, -263.0, -1.0, 2048, 629.0, 878.0, 16000,
1370, 65.0, 220.0, 4000, 33.0, 64.0, 2048, 127.0, 314.0, 8000, -525.0, -1.0, 4000, -263.0, -1.0, 2048, 314.0, 438.0, 8000,
1371, 65.0, 535.0, 8000, 33.0, 379.0, 4096, 127.0, 629.0, 16000, -525.0, -1.0, 4000, -525.0, -1.0, 4096, 629.0, 878.0, 16000,
1372, 65.0, 252.0, 8000, 1.0, 64.0, 4096, 127.0, 314.0, 8000, -1049.0, -1.0, 8000, -525.0, -1.0, 4096, 314.0, 438.0, 8000,
1373, 65.0, 567.0, 16000, 1.0, 379.0, 8192, 127.0, 629.0, 16000, -1049.0, -1.0, 8000, -1049.0, -1.0, 8192, 629.0, 878.0, 16000,
1374, 65.0, 1197.0, 32000, 1.0, 1009.0, 16384, 127.0, 1259.0, 32000, -1835.0, -1.0, 16000, -1835.0, -1.0, 16384, 1259.0, 1758.0, 32000,
1375, 65.0, 193.0, 504, 61.0, 64.0, 256, 127.0, 315.0, 8064, -263.0, -1.0, 504, -263.0, -1.0, 256, 315.0, 440.0, 8064,
1376, 65.0, 509.0, 1008, 61.0, 380.0, 512, 127.0, 631.0, 16128, -263.0, -1.0, 504, -263.0, -1.0, 512, 631.0, 882.0, 16128,
1377, 65.0, 197.0, 1008, 57.0, 64.0, 512, 127.0, 315.0, 8064, -263.0, -1.0, 1008, -263.0, -1.0, 512, 315.0, 440.0, 8064,
1378, 65.0, 513.0, 2016, 57.0, 380.0, 1024, 127.0, 631.0, 16128, -263.0, -1.0, 1008, -263.0, -1.0, 1024, 631.0, 882.0, 16128,
1379, 65.0, 205.0, 2016, 49.0, 64.0, 1024, 127.0, 315.0, 8064, -263.0, -1.0, 2016, -263.0, -1.0, 1024, 315.0, 440.0, 8064,
1380, 65.0, 521.0, 4032, 49.0, 380.0, 2048, 127.0, 631.0, 16128, -263.0, -1.0, 2016, -263.0, -1.0, 2048, 631.0, 882.0, 16128,
1381, 65.0, 221.0, 4032, 33.0, 64.0, 2048, 127.0, 315.0, 8064, -525.0, -1.0, 4032, -263.0, -1.0, 2048, 315.0, 440.0, 8064,
1382, 65.0, 537.0, 8064, 33.0, 380.0, 4096, 127.0, 631.0, 16128, -525.0, -1.0, 4032, -525.0, -1.0, 4096, 631.0, 882.0, 16128,
1383, 65.0, 253.0, 8064, 1.0, 64.0, 4096, 127.0, 315.0, 8064, -1049.0, -1.0, 8064, -525.0, -1.0, 4096, 315.0, 440.0, 8064,
1384, 65.0, 569.0, 16128, 1.0, 380.0, 8192, 127.0, 631.0, 16128, -1049.0, -1.0, 8064, -1049.0, -1.0, 8192, 631.0, 882.0, 16128,
1385, 65.0, 1201.0, 32256, 1.0, 1012.0, 16384, 127.0, 1263.0, 32256, -1835.0, -1.0, 16128, -1835.0, -1.0, 16384, 1263.0, 1766.0, 32256,
1386, 65.0, 194.0, 508, 61.0, 64.0, 256, 127.0, 316.0, 8128, -263.0, -1.0, 508, -263.0, -1.0, 256, 316.0, 442.0, 8128,
1387, 65.0, 511.0, 1016, 61.0, 381.0, 512, 127.0, 633.0, 16256, -263.0, -1.0, 508, -263.0, -1.0, 512, 633.0, 886.0, 16256,
1388, 65.0, 198.0, 1016, 57.0, 64.0, 512, 127.0, 316.0, 8128, -263.0, -1.0, 1016, -263.0, -1.0, 512, 316.0, 442.0, 8128,
1389, 65.0, 515.0, 2032, 57.0, 381.0, 1024, 127.0, 633.0, 16256, -263.0, -1.0, 1016, -263.0, -1.0, 1024, 633.0, 886.0, 16256,
1390, 65.0, 206.0, 2032, 49.0, 64.0, 1024, 127.0, 316.0, 8128, -263.0, -1.0, 2032, -263.0, -1.0, 1024, 316.0, 442.0, 8128,
1391, 65.0, 523.0, 4064, 49.0, 381.0, 2048, 127.0, 633.0, 16256, -263.0, -1.0, 2032, -263.0, -1.0, 2048, 633.0, 886.0, 16256,
1392, 65.0, 222.0, 4064, 33.0, 64.0, 2048, 127.0, 316.0, 8128, -525.0, -1.0, 4064, -263.0, -1.0, 2048, 316.0, 442.0, 8128,
1393, 65.0, 539.0, 8128, 33.0, 381.0, 4096, 127.0, 633.0, 16256, -525.0, -1.0, 4064, -525.0, -1.0, 4096, 633.0, 886.0, 16256,
1394, 65.0, 254.0, 8128, 1.0, 64.0, 4096, 127.0, 316.0, 8128, -1049.0, -1.0, 8128, -525.0, -1.0, 4096, 316.0, 442.0, 8128,
1395, 65.0, 571.0, 16256, 1.0, 381.0, 8192, 127.0, 633.0, 16256, -1049.0, -1.0, 8128, -1049.0, -1.0, 8192, 633.0, 886.0, 16256,
1396, 65.0, 1205.0, 32512, 1.0, 1015.0, 16384, 127.0, 1267.0, 32512, -1835.0, -1.0, 16256, -1835.0, -1.0, 16384, 1267.0, 1774.0, 32512,
1397, 65.0, 195.0, 512, 61.0, 64.0, 256, 127.0, 317.0, 8192, -263.0, -1.0, 512, -263.0, -1.0, 256, 317.0, 444.0, 8192,
1398, 65.0, 513.0, 1024, 61.0, 382.0, 512, 127.0, 635.0, 16384, -263.0, -1.0, 512, -263.0, -1.0, 512, 635.0, 890.0, 16384,
1399, 65.0, 199.0, 1024, 57.0, 64.0, 512, 127.0, 317.0, 8192, -263.0, -1.0, 1024, -263.0, -1.0, 512, 317.0, 444.0, 8192,
1400, 65.0, 517.0, 2048, 57.0, 382.0, 1024, 127.0, 635.0, 16384, -263.0, -1.0, 1024, -263.0, -1.0, 1024, 635.0, 890.0, 16384,
1401, 65.0, 207.0, 2048, 49.0, 64.0, 1024, 127.0, 317.0, 8192, -263.0, -1.0, 2048, -263.0, -1.0, 1024, 317.0, 444.0, 8192,
1402, 65.0, 525.0, 4096, 49.0, 382.0, 2048, 127.0, 635.0, 16384, -263.0, -1.0, 2048, -263.0, -1.0, 2048, 635.0, 890.0, 16384,
1403, 65.0, 223.0, 4096, 33.0, 64.0, 2048, 127.0, 317.0, 8192, -525.0, -1.0, 4096, -263.0, -1.0, 2048, 317.0, 444.0, 8192,
1404, 65.0, 541.0, 8192, 33.0, 382.0, 4096, 127.0, 635.0, 16384, -525.0, -1.0, 4096, -525.0, -1.0, 4096, 635.0, 890.0, 16384,
1405, 65.0, 255.0, 8192, 1.0, 64.0, 4096, 127.0, 317.0, 8192, -1049.0, -1.0, 8192, -525.0, -1.0, 4096, 317.0, 444.0, 8192,
1406, 65.0, 573.0, 16384, 1.0, 382.0, 8192, 127.0, 635.0, 16384, -1049.0, -1.0, 8192, -1049.0, -1.0, 8192, 635.0, 890.0, 16384,
1407, 65.0, 1209.0, 32768, 1.0, 1018.0, 16384, 127.0, 1271.0, 32768, -1835.0, -1.0, 16384, -1835.0, -1.0, 16384, 1271.0, 1782.0, 32768,
