config_id,layer_id,slice_width,format,edge_order,feature_cache_bytes,cache_accesses,cache_hits,cache_misses,cache_hit_rate,metadata_dram_bytes,feature_dram_bytes,topology_dram_bytes,total_dram_bytes,support_decode_cycles,descriptor_cycles,serialized_cycles,alignment_waste_bytes
cora_gcnii16,4,32,beicsr,O0,262144,21112,14248,6864,0.6748768472906403,0,439296,53060,492356,0,339,2263,175958
cora_gcnii16,4,32,xorflow,O0,262144,21112,14248,6864,0.6748768472906403,18496,439296,53060,510852,2312,339,4647,197622
cora_gcnii16,4,32,free_support,O0,262144,21112,14248,6864,0.6748768472906403,0,439296,53060,492356,0,339,2263,197622
cora_gcnii16,4,32,beicsr,O0,524288,21112,15696,5416,0.7434634331186055,0,346624,53060,399684,0,339,1901,175958
cora_gcnii16,4,32,xorflow,O0,524288,21112,15696,5416,0.7434634331186055,18496,346624,53060,418180,2312,339,4285,197622
cora_gcnii16,4,32,free_support,O0,524288,21112,15696,5416,0.7434634331186055,0,346624,53060,399684,0,339,1901,197622
cora_gcnii16,4,32,beicsr,O0,1048576,21112,15696,5416,0.7434634331186055,0,346624,53060,399684,0,339,1901,175958
cora_gcnii16,4,32,xorflow,O0,1048576,21112,15696,5416,0.7434634331186055,18496,346624,53060,418180,2312,339,4285,197622
cora_gcnii16,4,32,free_support,O0,1048576,21112,15696,5416,0.7434634331186055,0,346624,53060,399684,0,339,1901,197622
cora_gcnii16,8,32,beicsr,O0,262144,21112,14248,6864,0.6748768472906403,0,439296,53060,492356,0,339,2263,173373
cora_gcnii16,8,32,xorflow,O0,262144,21112,14248,6864,0.6748768472906403,12288,439296,53060,504644,1536,339,3847,195037
cora_gcnii16,8,32,free_support,O0,262144,21112,14248,6864,0.6748768472906403,0,439296,53060,492356,0,339,2263,195037
cora_gcnii16,8,32,beicsr,O0,524288,21112,15696,5416,0.7434634331186055,0,346624,53060,399684,0,339,1901,173373
cora_gcnii16,8,32,xorflow,O0,524288,21112,15696,5416,0.7434634331186055,12288,346624,53060,411972,1536,339,3485,195037
cora_gcnii16,8,32,free_support,O0,524288,21112,15696,5416,0.7434634331186055,0,346624,53060,399684,0,339,1901,195037
cora_gcnii16,8,32,beicsr,O0,1048576,21112,15696,5416,0.7434634331186055,0,346624,53060,399684,0,339,1901,173373
cora_gcnii16,8,32,xorflow,O0,1048576,21112,15696,5416,0.7434634331186055,12288,346624,53060,411972,1536,339,3485,195037
cora_gcnii16,8,32,free_support,O0,1048576,21112,15696,5416,0.7434634331186055,0,346624,53060,399684,0,339,1901,195037
cora_gcnii16,12,32,beicsr,O0,262144,21112,14248,6864,0.6748768472906403,0,439296,53060,492356,0,339,2263,165341
cora_gcnii16,12,32,xorflow,O0,262144,21112,14248,6864,0.6748768472906403,10688,439296,53060,503044,1336,339,3641,187005
cora_gcnii16,12,32,free_support,O0,262144,21112,14248,6864,0.6748768472906403,0,439296,53060,492356,0,339,2263,187005
cora_gcnii16,12,32,beicsr,O0,524288,21112,15696,5416,0.7434634331186055,0,346624,53060,399684,0,339,1901,165341
cora_gcnii16,12,32,xorflow,O0,524288,21112,15696,5416,0.7434634331186055,10688,346624,53060,410372,1336,339,3279,187005
cora_gcnii16,12,32,free_support,O0,524288,21112,15696,5416,0.7434634331186055,0,346624,53060,399684,0,339,1901,187005
cora_gcnii16,12,32,beicsr,O0,1048576,21112,15696,5416,0.7434634331186055,0,346624,53060,399684,0,339,1901,165341
cora_gcnii16,12,32,xorflow,O0,1048576,21112,15696,5416,0.7434634331186055,10688,346624,53060,410372,1336,339,3279,187005
cora_gcnii16,12,32,free_support,O0,1048576,21112,15696,5416,0.7434634331186055,0,346624,53060,399684,0,339,1901,187005
cora_gcnii16,16,32,beicsr,O0,262144,21112,14248,6864,0.6748768472906403,0,439296,53060,492356,0,339,2263,159380
cora_gcnii16,16,32,xorflow,O0,262144,21112,14248,6864,0.6748768472906403,15168,439296,53060,507524,1896,339,4218,181044
cora_gcnii16,16,32,free_support,O0,262144,21112,14248,6864,0.6748768472906403,0,439296,53060,492356,0,339,2263,181044
cora_gcnii16,16,32,beicsr,O0,524288,21112,15696,5416,0.7434634331186055,0,346624,53060,399684,0,339,1901,159380
cora_gcnii16,16,32,xorflow,O0,524288,21112,15696,5416,0.7434634331186055,15168,346624,53060,414852,1896,339,3856,181044
cora_gcnii16,16,32,free_support,O0,524288,21112,15696,5416,0.7434634331186055,0,346624,53060,399684,0,339,1901,181044
cora_gcnii16,16,32,beicsr,O0,1048576,21112,15696,5416,0.7434634331186055,0,346624,53060,399684,0,339,1901,159380
cora_gcnii16,16,32,xorflow,O0,1048576,21112,15696,5416,0.7434634331186055,15168,346624,53060,414852,1896,339,3856,181044
cora_gcnii16,16,32,free_support,O0,1048576,21112,15696,5416,0.7434634331186055,0,346624,53060,399684,0,339,1901,181044
cora_gcnii16,4,32,beicsr,O1,262144,21112,14248,6864,0.6748768472906403,0,439296,53060,492356,0,339,2263,175958
cora_gcnii16,4,32,xorflow,O1,262144,21112,14248,6864,0.6748768472906403,18496,439296,53060,510852,2312,339,4647,197622
cora_gcnii16,4,32,free_support,O1,262144,21112,14248,6864,0.6748768472906403,0,439296,53060,492356,0,339,2263,197622
cora_gcnii16,4,32,beicsr,O1,524288,21112,15696,5416,0.7434634331186055,0,346624,53060,399684,0,339,1901,175958
cora_gcnii16,4,32,xorflow,O1,524288,21112,15696,5416,0.7434634331186055,18496,346624,53060,418180,2312,339,4285,197622
cora_gcnii16,4,32,free_support,O1,524288,21112,15696,5416,0.7434634331186055,0,346624,53060,399684,0,339,1901,197622
cora_gcnii16,4,32,beicsr,O1,1048576,21112,15696,5416,0.7434634331186055,0,346624,53060,399684,0,339,1901,175958
cora_gcnii16,4,32,xorflow,O1,1048576,21112,15696,5416,0.7434634331186055,18496,346624,53060,418180,2312,339,4285,197622
cora_gcnii16,4,32,free_support,O1,1048576,21112,15696,5416,0.7434634331186055,0,346624,53060,399684,0,339,1901,197622
cora_gcnii16,8,32,beicsr,O1,262144,21112,14248,6864,0.6748768472906403,0,439296,53060,492356,0,339,2263,173373
cora_gcnii16,8,32,xorflow,O1,262144,21112,14248,6864,0.6748768472906403,12288,439296,53060,504644,1536,339,3847,195037
cora_gcnii16,8,32,free_support,O1,262144,21112,14248,6864,0.6748768472906403,0,439296,53060,492356,0,339,2263,195037
cora_gcnii16,8,32,beicsr,O1,524288,21112,15696,5416,0.7434634331186055,0,346624,53060,399684,0,339,1901,173373
cora_gcnii16,8,32,xorflow,O1,524288,21112,15696,5416,0.7434634331186055,12288,346624,53060,411972,1536,339,3485,195037
cora_gcnii16,8,32,free_support,O1,524288,21112,15696,5416,0.7434634331186055,0,346624,53060,399684,0,339,1901,195037
cora_gcnii16,8,32,beicsr,O1,1048576,21112,15696,5416,0.7434634331186055,0,346624,53060,399684,0,339,1901,173373
cora_gcnii16,8,32,xorflow,O1,1048576,21112,15696,5416,0.7434634331186055,12288,346624,53060,411972,1536,339,3485,195037
cora_gcnii16,8,32,free_support,O1,1048576,21112,15696,5416,0.7434634331186055,0,346624,53060,399684,0,339,1901,195037
cora_gcnii16,12,32,beicsr,O1,262144,21112,14248,6864,0.6748768472906403,0,439296,53060,492356,0,339,2263,165341
cora_gcnii16,12,32,xorflow,O1,262144,21112,14248,6864,0.6748768472906403,10688,439296,53060,503044,1336,339,3641,187005
cora_gcnii16,12,32,free_support,O1,262144,21112,14248,6864,0.6748768472906403,0,439296,53060,492356,0,339,2263,187005
cora_gcnii16,12,32,beicsr,O1,524288,21112,15696,5416,0.7434634331186055,0,346624,53060,399684,0,339,1901,165341
cora_gcnii16,12,32,xorflow,O1,524288,21112,15696,5416,0.7434634331186055,10688,346624,53060,410372,1336,339,3279,187005
cora_gcnii16,12,32,free_support,O1,524288,21112,15696,5416,0.7434634331186055,0,346624,53060,399684,0,339,1901,187005
cora_gcnii16,12,32,beicsr,O1,1048576,21112,15696,5416,0.7434634331186055,0,346624,53060,399684,0,339,1901,165341
cora_gcnii16,12,32,xorflow,O1,1048576,21112,15696,5416,0.7434634331186055,10688,346624,53060,410372,1336,339,3279,187005
cora_gcnii16,12,32,free_support,O1,1048576,21112,15696,5416,0.7434634331186055,0,346624,53060,399684,0,339,1901,187005
cora_gcnii16,16,32,beicsr,O1,262144,21112,14248,6864,0.6748768472906403,0,439296,53060,492356,0,339,2263,159380
cora_gcnii16,16,32,xorflow,O1,262144,21112,14248,6864,0.6748768472906403,15168,439296,53060,507524,1896,339,4218,181044
cora_gcnii16,16,32,free_support,O1,262144,21112,14248,6864,0.6748768472906403,0,439296,53060,492356,0,339,2263,181044
cora_gcnii16,16,32,beicsr,O1,524288,21112,15696,5416,0.7434634331186055,0,346624,53060,399684,0,339,1901,159380
cora_gcnii16,16,32,xorflow,O1,524288,21112,15696,5416,0.7434634331186055,15168,346624,53060,414852,1896,339,3856,181044
cora_gcnii16,16,32,free_support,O1,524288,21112,15696,5416,0.7434634331186055,0,346624,53060,399684,0,339,1901,181044
cora_gcnii16,16,32,beicsr,O1,1048576,21112,15696,5416,0.7434634331186055,0,346624,53060,399684,0,339,1901,159380
cora_gcnii16,16,32,xorflow,O1,1048576,21112,15696,5416,0.7434634331186055,15168,346624,53060,414852,1896,339,3856,181044
cora_gcnii16,16,32,free_support,O1,1048576,21112,15696,5416,0.7434634331186055,0,346624,53060,399684,0,339,1901,181044
cora_gcnii16,4,64,beicsr,O0,262144,12936,8887,4049,0.6869975262832406,0,259136,53060,312196,0,170,1390,52966
cora_gcnii16,4,64,xorflow,O0,262144,11211,7608,3603,0.6786192132726786,16800,230592,53060,300452,2100,170,3444,46086
cora_gcnii16,4,64,free_support,O0,262144,11211,7608,3603,0.6786192132726786,0,230592,53060,283652,0,170,1279,46086
cora_gcnii16,4,64,beicsr,O0,524288,12936,9611,3325,0.7429653679653679,0,212800,53060,265860,0,170,1209,52966
cora_gcnii16,4,64,xorflow,O0,524288,11211,8332,2879,0.7431986441887432,16800,184256,53060,254116,2100,170,3263,46086
cora_gcnii16,4,64,free_support,O0,524288,11211,8332,2879,0.7431986441887432,0,184256,53060,237316,0,170,1098,46086
cora_gcnii16,4,64,beicsr,O0,1048576,12936,9611,3325,0.7429653679653679,0,212800,53060,265860,0,170,1209,52966
cora_gcnii16,4,64,xorflow,O0,1048576,11211,8332,2879,0.7431986441887432,16800,184256,53060,254116,2100,170,3263,46086
cora_gcnii16,4,64,free_support,O0,1048576,11211,8332,2879,0.7431986441887432,0,184256,53060,237316,0,170,1098,46086
cora_gcnii16,8,64,beicsr,O0,262144,13909,9666,4243,0.694945718599468,0,271552,53060,324612,0,170,1439,62797
cora_gcnii16,8,64,xorflow,O0,262144,11474,7814,3660,0.6810179536343036,10592,234240,53060,297892,1324,170,2658,47149
cora_gcnii16,8,64,free_support,O0,262144,11474,7814,3660,0.6810179536343036,0,234240,53060,287300,0,170,1293,47149
cora_gcnii16,8,64,beicsr,O0,524288,13909,10390,3519,0.7469983463944209,0,225216,53060,278276,0,170,1258,62797
cora_gcnii16,8,64,xorflow,O0,524288,11474,8538,2936,0.7441171343907966,10592,187904,53060,251556,1324,170,2477,47149
cora_gcnii16,8,64,free_support,O0,524288,11474,8538,2936,0.7441171343907966,0,187904,53060,240964,0,170,1112,47149
cora_gcnii16,8,64,beicsr,O0,1048576,13909,10390,3519,0.7469983463944209,0,225216,53060,278276,0,170,1258,62797
cora_gcnii16,8,64,xorflow,O0,1048576,11474,8538,2936,0.7441171343907966,10592,187904,53060,251556,1324,170,2477,47149
cora_gcnii16,8,64,free_support,O0,1048576,11474,8538,2936,0.7441171343907966,0,187904,53060,240964,0,170,1112,47149
cora_gcnii16,12,64,beicsr,O0,262144,15812,11080,4732,0.7007336200354162,0,302848,53060,355908,0,170,1561,86061
cora_gcnii16,12,64,xorflow,O0,262144,12433,8557,3876,0.6882490147188932,9120,248064,53060,310244,1140,170,2522,52941
cora_gcnii16,12,64,free_support,O0,262144,12433,8557,3876,0.6882490147188932,0,248064,53060,301124,0,170,1347,52941
cora_gcnii16,12,64,beicsr,O0,524288,15812,11804,4008,0.7465216291424235,0,256512,53060,309572,0,170,1380,86061
cora_gcnii16,12,64,xorflow,O0,524288,12433,9281,3152,0.7464811389045283,9120,201728,53060,263908,1140,170,2341,52941
cora_gcnii16,12,64,free_support,O0,524288,12433,9281,3152,0.7464811389045283,0,201728,53060,254788,0,170,1166,52941
cora_gcnii16,12,64,beicsr,O0,1048576,15812,11804,4008,0.7465216291424235,0,256512,53060,309572,0,170,1380,86061
cora_gcnii16,12,64,xorflow,O0,1048576,12433,9281,3152,0.7464811389045283,9120,201728,53060,263908,1140,170,2341,52941
cora_gcnii16,12,64,free_support,O0,1048576,12433,9281,3152,0.7464811389045283,0,201728,53060,254788,0,170,1166,52941
cora_gcnii16,16,64,beicsr,O0,262144,16855,11853,5002,0.7032334618807475,0,320128,53060,373188,0,170,1628,97316
cora_gcnii16,16,64,xorflow,O0,262144,13458,9327,4131,0.693045028979046,13664,264384,53060,331108,1708,170,3172,63300
cora_gcnii16,16,64,free_support,O0,262144,13458,9327,4131,0.693045028979046,0,264384,53060,317444,0,170,1411,63300
cora_gcnii16,16,64,beicsr,O0,524288,16855,12578,4277,0.7462474043310591,0,273728,53060,326788,0,170,1447,97316
cora_gcnii16,16,64,xorflow,O0,524288,13458,10051,3407,0.7468420270471096,13664,218048,53060,284772,1708,170,2991,63300
cora_gcnii16,16,64,free_support,O0,524288,13458,10051,3407,0.7468420270471096,0,218048,53060,271108,0,170,1230,63300
cora_gcnii16,16,64,beicsr,O0,1048576,16855,12578,4277,0.7462474043310591,0,273728,53060,326788,0,170,1447,97316
cora_gcnii16,16,64,xorflow,O0,1048576,13458,10051,3407,0.7468420270471096,13664,218048,53060,284772,1708,170,2991,63300
cora_gcnii16,16,64,free_support,O0,1048576,13458,10051,3407,0.7468420270471096,0,218048,53060,271108,0,170,1230,63300
cora_gcnii16,4,64,beicsr,O1,262144,12936,8887,4049,0.6869975262832406,0,259136,53060,312196,0,170,1390,52966
cora_gcnii16,4,64,xorflow,O1,262144,11211,7608,3603,0.6786192132726786,16800,230592,53060,300452,2100,170,3444,46086
cora_gcnii16,4,64,free_support,O1,262144,11211,7608,3603,0.6786192132726786,0,230592,53060,283652,0,170,1279,46086
cora_gcnii16,4,64,beicsr,O1,524288,12936,9611,3325,0.7429653679653679,0,212800,53060,265860,0,170,1209,52966
cora_gcnii16,4,64,xorflow,O1,524288,11211,8332,2879,0.7431986441887432,16800,184256,53060,254116,2100,170,3263,46086
cora_gcnii16,4,64,free_support,O1,524288,11211,8332,2879,0.7431986441887432,0,184256,53060,237316,0,170,1098,46086
cora_gcnii16,4,64,beicsr,O1,1048576,12936,9611,3325,0.7429653679653679,0,212800,53060,265860,0,170,1209,52966
cora_gcnii16,4,64,xorflow,O1,1048576,11211,8332,2879,0.7431986441887432,16800,184256,53060,254116,2100,170,3263,46086
cora_gcnii16,4,64,free_support,O1,1048576,11211,8332,2879,0.7431986441887432,0,184256,53060,237316,0,170,1098,46086
cora_gcnii16,8,64,beicsr,O1,262144,13909,9666,4243,0.694945718599468,0,271552,53060,324612,0,170,1439,62797
cora_gcnii16,8,64,xorflow,O1,262144,11474,7814,3660,0.6810179536343036,10592,234240,53060,297892,1324,170,2658,47149
cora_gcnii16,8,64,free_support,O1,262144,11474,7814,3660,0.6810179536343036,0,234240,53060,287300,0,170,1293,47149
cora_gcnii16,8,64,beicsr,O1,524288,13909,10390,3519,0.7469983463944209,0,225216,53060,278276,0,170,1258,62797
cora_gcnii16,8,64,xorflow,O1,524288,11474,8538,2936,0.7441171343907966,10592,187904,53060,251556,1324,170,2477,47149
cora_gcnii16,8,64,free_support,O1,524288,11474,8538,2936,0.7441171343907966,0,187904,53060,240964,0,170,1112,47149
cora_gcnii16,8,64,beicsr,O1,1048576,13909,10390,3519,0.7469983463944209,0,225216,53060,278276,0,170,1258,62797
cora_gcnii16,8,64,xorflow,O1,1048576,11474,8538,2936,0.7441171343907966,10592,187904,53060,251556,1324,170,2477,47149
cora_gcnii16,8,64,free_support,O1,1048576,11474,8538,2936,0.7441171343907966,0,187904,53060,240964,0,170,1112,47149
cora_gcnii16,12,64,beicsr,O1,262144,15812,11080,4732,0.7007336200354162,0,302848,53060,355908,0,170,1561,86061
cora_gcnii16,12,64,xorflow,O1,262144,12433,8557,3876,0.6882490147188932,9120,248064,53060,310244,1140,170,2522,52941
cora_gcnii16,12,64,free_support,O1,262144,12433,8557,3876,0.6882490147188932,0,248064,53060,301124,0,170,1347,52941
cora_gcnii16,12,64,beicsr,O1,524288,15812,11804,4008,0.7465216291424235,0,256512,53060,309572,0,170,1380,86061
cora_gcnii16,12,64,xorflow,O1,524288,12433,9281,3152,0.7464811389045283,9120,201728,53060,263908,1140,170,2341,52941
cora_gcnii16,12,64,free_support,O1,524288,12433,9281,3152,0.7464811389045283,0,201728,53060,254788,0,170,1166,52941
cora_gcnii16,12,64,beicsr,O1,1048576,15812,11804,4008,0.7465216291424235,0,256512,53060,309572,0,170,1380,86061
cora_gcnii16,12,64,xorflow,O1,1048576,12433,9281,3152,0.7464811389045283,9120,201728,53060,263908,1140,170,2341,52941
cora_gcnii16,12,64,free_support,O1,1048576,12433,9281,3152,0.7464811389045283,0,201728,53060,254788,0,170,1166,52941
cora_gcnii16,16,64,beicsr,O1,262144,16855,11853,5002,0.7032334618807475,0,320128,53060,373188,0,170,1628,97316
cora_gcnii16,16,64,xorflow,O1,262144,13458,9327,4131,0.693045028979046,13664,264384,53060,331108,1708,170,3172,63300
cora_gcnii16,16,64,free_support,O1,262144,13458,9327,4131,0.693045028979046,0,264384,53060,317444,0,170,1411,63300
cora_gcnii16,16,64,beicsr,O1,524288,16855,12578,4277,0.7462474043310591,0,273728,53060,326788,0,170,1447,97316
cora_gcnii16,16,64,xorflow,O1,524288,13458,10051,3407,0.7468420270471096,13664,218048,53060,284772,1708,170,2991,63300
cora_gcnii16,16,64,free_support,O1,524288,13458,10051,3407,0.7468420270471096,0,218048,53060,271108,0,170,1230,63300
cora_gcnii16,16,64,beicsr,O1,1048576,16855,12578,4277,0.7462474043310591,0,273728,53060,326788,0,170,1447,97316
cora_gcnii16,16,64,xorflow,O1,1048576,13458,10051,3407,0.7468420270471096,13664,218048,53060,284772,1708,170,2991,63300
cora_gcnii16,16,64,free_support,O1,1048576,13458,10051,3407,0.7468420270471096,0,218048,53060,271108,0,170,1230,63300
cora_gcnii16,4,96,beicsr,O0,262144,12936,8887,4049,0.6869975262832406,0,259136,53060,312196,0,170,1390,52966
cora_gcnii16,4,96,xorflow,O0,262144,11211,7608,3603,0.6786192132726786,16800,230592,53060,300452,2100,170,3444,46086
cora_gcnii16,4,96,free_support,O0,262144,11211,7608,3603,0.6786192132726786,0,230592,53060,283652,0,170,1279,46086
cora_gcnii16,4,96,beicsr,O0,524288,12936,9611,3325,0.7429653679653679,0,212800,53060,265860,0,170,1209,52966
cora_gcnii16,4,96,xorflow,O0,524288,11211,8332,2879,0.7431986441887432,16800,184256,53060,254116,2100,170,3263,46086
cora_gcnii16,4,96,free_support,O0,524288,11211,8332,2879,0.7431986441887432,0,184256,53060,237316,0,170,1098,46086
cora_gcnii16,4,96,beicsr,O0,1048576,12936,9611,3325,0.7429653679653679,0,212800,53060,265860,0,170,1209,52966
cora_gcnii16,4,96,xorflow,O0,1048576,11211,8332,2879,0.7431986441887432,16800,184256,53060,254116,2100,170,3263,46086
cora_gcnii16,4,96,free_support,O0,1048576,11211,8332,2879,0.7431986441887432,0,184256,53060,237316,0,170,1098,46086
cora_gcnii16,8,96,beicsr,O0,262144,13909,9666,4243,0.694945718599468,0,271552,53060,324612,0,170,1439,62797
cora_gcnii16,8,96,xorflow,O0,262144,11474,7814,3660,0.6810179536343036,10592,234240,53060,297892,1324,170,2658,47149
cora_gcnii16,8,96,free_support,O0,262144,11474,7814,3660,0.6810179536343036,0,234240,53060,287300,0,170,1293,47149
cora_gcnii16,8,96,beicsr,O0,524288,13909,10390,3519,0.7469983463944209,0,225216,53060,278276,0,170,1258,62797
cora_gcnii16,8,96,xorflow,O0,524288,11474,8538,2936,0.7441171343907966,10592,187904,53060,251556,1324,170,2477,47149
cora_gcnii16,8,96,free_support,O0,524288,11474,8538,2936,0.7441171343907966,0,187904,53060,240964,0,170,1112,47149
cora_gcnii16,8,96,beicsr,O0,1048576,13909,10390,3519,0.7469983463944209,0,225216,53060,278276,0,170,1258,62797
cora_gcnii16,8,96,xorflow,O0,1048576,11474,8538,2936,0.7441171343907966,10592,187904,53060,251556,1324,170,2477,47149
cora_gcnii16,8,96,free_support,O0,1048576,11474,8538,2936,0.7441171343907966,0,187904,53060,240964,0,170,1112,47149
cora_gcnii16,12,96,beicsr,O0,262144,15812,11080,4732,0.7007336200354162,0,302848,53060,355908,0,170,1561,86061
cora_gcnii16,12,96,xorflow,O0,262144,12433,8557,3876,0.6882490147188932,9120,248064,53060,310244,1140,170,2522,52941
cora_gcnii16,12,96,free_support,O0,262144,12433,8557,3876,0.6882490147188932,0,248064,53060,301124,0,170,1347,52941
cora_gcnii16,12,96,beicsr,O0,524288,15812,11804,4008,0.7465216291424235,0,256512,53060,309572,0,170,1380,86061
cora_gcnii16,12,96,xorflow,O0,524288,12433,9281,3152,0.7464811389045283,9120,201728,53060,263908,1140,170,2341,52941
cora_gcnii16,12,96,free_support,O0,524288,12433,9281,3152,0.7464811389045283,0,201728,53060,254788,0,170,1166,52941
cora_gcnii16,12,96,beicsr,O0,1048576,15812,11804,4008,0.7465216291424235,0,256512,53060,309572,0,170,1380,86061
cora_gcnii16,12,96,xorflow,O0,1048576,12433,9281,3152,0.7464811389045283,9120,201728,53060,263908,1140,170,2341,52941
cora_gcnii16,12,96,free_support,O0,1048576,12433,9281,3152,0.7464811389045283,0,201728,53060,254788,0,170,1166,52941
cora_gcnii16,16,96,beicsr,O0,262144,16855,11853,5002,0.7032334618807475,0,320128,53060,373188,0,170,1628,97316
cora_gcnii16,16,96,xorflow,O0,262144,13458,9327,4131,0.693045028979046,13664,264384,53060,331108,1708,170,3172,63300
cora_gcnii16,16,96,free_support,O0,262144,13458,9327,4131,0.693045028979046,0,264384,53060,317444,0,170,1411,63300
cora_gcnii16,16,96,beicsr,O0,524288,16855,12578,4277,0.7462474043310591,0,273728,53060,326788,0,170,1447,97316
cora_gcnii16,16,96,xorflow,O0,524288,13458,10051,3407,0.7468420270471096,13664,218048,53060,284772,1708,170,2991,63300
cora_gcnii16,16,96,free_support,O0,524288,13458,10051,3407,0.7468420270471096,0,218048,53060,271108,0,170,1230,63300
cora_gcnii16,16,96,beicsr,O0,1048576,16855,12578,4277,0.7462474043310591,0,273728,53060,326788,0,170,1447,97316
cora_gcnii16,16,96,xorflow,O0,1048576,13458,10051,3407,0.7468420270471096,13664,218048,53060,284772,1708,170,2991,63300
cora_gcnii16,16,96,free_support,O0,1048576,13458,10051,3407,0.7468420270471096,0,218048,53060,271108,0,170,1230,63300
cora_gcnii16,4,96,beicsr,O1,262144,12936,8887,4049,0.6869975262832406,0,259136,53060,312196,0,170,1390,52966
cora_gcnii16,4,96,xorflow,O1,262144,11211,7608,3603,0.6786192132726786,16800,230592,53060,300452,2100,170,3444,46086
cora_gcnii16,4,96,free_support,O1,262144,11211,7608,3603,0.6786192132726786,0,230592,53060,283652,0,170,1279,46086
cora_gcnii16,4,96,beicsr,O1,524288,12936,9611,3325,0.7429653679653679,0,212800,53060,265860,0,170,1209,52966
cora_gcnii16,4,96,xorflow,O1,524288,11211,8332,2879,0.7431986441887432,16800,184256,53060,254116,2100,170,3263,46086
cora_gcnii16,4,96,free_support,O1,524288,11211,8332,2879,0.7431986441887432,0,184256,53060,237316,0,170,1098,46086
cora_gcnii16,4,96,beicsr,O1,1048576,12936,9611,3325,0.7429653679653679,0,212800,53060,265860,0,170,1209,52966
cora_gcnii16,4,96,xorflow,O1,1048576,11211,8332,2879,0.7431986441887432,16800,184256,53060,254116,2100,170,3263,46086
cora_gcnii16,4,96,free_support,O1,1048576,11211,8332,2879,0.7431986441887432,0,184256,53060,237316,0,170,1098,46086
cora_gcnii16,8,96,beicsr,O1,262144,13909,9666,4243,0.694945718599468,0,271552,53060,324612,0,170,1439,62797
cora_gcnii16,8,96,xorflow,O1,262144,11474,7814,3660,0.6810179536343036,10592,234240,53060,297892,1324,170,2658,47149
cora_gcnii16,8,96,free_support,O1,262144,11474,7814,3660,0.6810179536343036,0,234240,53060,287300,0,170,1293,47149
cora_gcnii16,8,96,beicsr,O1,524288,13909,10390,3519,0.7469983463944209,0,225216,53060,278276,0,170,1258,62797
cora_gcnii16,8,96,xorflow,O1,524288,11474,8538,2936,0.7441171343907966,10592,187904,53060,251556,1324,170,2477,47149
cora_gcnii16,8,96,free_support,O1,524288,11474,8538,2936,0.7441171343907966,0,187904,53060,240964,0,170,1112,47149
cora_gcnii16,8,96,beicsr,O1,1048576,13909,10390,3519,0.7469983463944209,0,225216,53060,278276,0,170,1258,62797
cora_gcnii16,8,96,xorflow,O1,1048576,11474,8538,2936,0.7441171343907966,10592,187904,53060,251556,1324,170,2477,47149
cora_gcnii16,8,96,free_support,O1,1048576,11474,8538,2936,0.7441171343907966,0,187904,53060,240964,0,170,1112,47149
cora_gcnii16,12,96,beicsr,O1,262144,15812,11080,4732,0.7007336200354162,0,302848,53060,355908,0,170,1561,86061
cora_gcnii16,12,96,xorflow,O1,262144,12433,8557,3876,0.6882490147188932,9120,248064,53060,310244,1140,170,2522,52941
cora_gcnii16,12,96,free_support,O1,262144,12433,8557,3876,0.6882490147188932,0,248064,53060,301124,0,170,1347,52941
cora_gcnii16,12,96,beicsr,O1,524288,15812,11804,4008,0.7465216291424235,0,256512,53060,309572,0,170,1380,86061
cora_gcnii16,12,96,xorflow,O1,524288,12433,9281,3152,0.7464811389045283,9120,201728,53060,263908,1140,170,2341,52941
cora_gcnii16,12,96,free_support,O1,524288,12433,9281,3152,0.7464811389045283,0,201728,53060,254788,0,170,1166,52941
cora_gcnii16,12,96,beicsr,O1,1048576,15812,11804,4008,0.7465216291424235,0,256512,53060,309572,0,170,1380,86061
cora_gcnii16,12,96,xorflow,O1,1048576,12433,9281,3152,0.7464811389045283,9120,201728,53060,263908,1140,170,2341,52941
cora_gcnii16,12,96,free_support,O1,1048576,12433,9281,3152,0.7464811389045283,0,201728,53060,254788,0,170,1166,52941
cora_gcnii16,16,96,beicsr,O1,262144,16855,11853,5002,0.7032334618807475,0,320128,53060,373188,0,170,1628,97316
cora_gcnii16,16,96,xorflow,O1,262144,13458,9327,4131,0.693045028979046,13664,264384,53060,331108,1708,170,3172,63300
cora_gcnii16,16,96,free_support,O1,262144,13458,9327,4131,0.693045028979046,0,264384,53060,317444,0,170,1411,63300
cora_gcnii16,16,96,beicsr,O1,524288,16855,12578,4277,0.7462474043310591,0,273728,53060,326788,0,170,1447,97316
cora_gcnii16,16,96,xorflow,O1,524288,13458,10051,3407,0.7468420270471096,13664,218048,53060,284772,1708,170,2991,63300
cora_gcnii16,16,96,free_support,O1,524288,13458,10051,3407,0.7468420270471096,0,218048,53060,271108,0,170,1230,63300
cora_gcnii16,16,96,beicsr,O1,1048576,16855,12578,4277,0.7462474043310591,0,273728,53060,326788,0,170,1447,97316
cora_gcnii16,16,96,xorflow,O1,1048576,13458,10051,3407,0.7468420270471096,13664,218048,53060,284772,1708,170,2991,63300
cora_gcnii16,16,96,free_support,O1,1048576,13458,10051,3407,0.7468420270471096,0,218048,53060,271108,0,170,1230,63300
cora_gcnii16,4,128,beicsr,O0,262144,12936,9611,3325,0.7429653679653679,0,212800,53060,265860,0,170,1209,52966
cora_gcnii16,4,128,xorflow,O0,262144,11211,8332,2879,0.7431986441887432,16800,184256,53060,254116,2100,170,3263,46086
cora_gcnii16,4,128,free_support,O0,262144,11211,8332,2879,0.7431986441887432,0,184256,53060,237316,0,170,1098,46086
cora_gcnii16,4,128,beicsr,O0,524288,12936,9611,3325,0.7429653679653679,0,212800,53060,265860,0,170,1209,52966
cora_gcnii16,4,128,xorflow,O0,524288,11211,8332,2879,0.7431986441887432,16800,184256,53060,254116,2100,170,3263,46086
cora_gcnii16,4,128,free_support,O0,524288,11211,8332,2879,0.7431986441887432,0,184256,53060,237316,0,170,1098,46086
cora_gcnii16,4,128,beicsr,O0,1048576,12936,9611,3325,0.7429653679653679,0,212800,53060,265860,0,170,1209,52966
cora_gcnii16,4,128,xorflow,O0,1048576,11211,8332,2879,0.7431986441887432,16800,184256,53060,254116,2100,170,3263,46086
cora_gcnii16,4,128,free_support,O0,1048576,11211,8332,2879,0.7431986441887432,0,184256,53060,237316,0,170,1098,46086
cora_gcnii16,8,128,beicsr,O0,262144,13909,10387,3522,0.7467826587101877,0,225408,53060,278468,0,170,1258,62797
cora_gcnii16,8,128,xorflow,O0,262144,11474,8538,2936,0.7441171343907966,10592,187904,53060,251556,1324,170,2477,47149
cora_gcnii16,8,128,free_support,O0,262144,11474,8538,2936,0.7441171343907966,0,187904,53060,240964,0,170,1112,47149
cora_gcnii16,8,128,beicsr,O0,524288,13909,10390,3519,0.7469983463944209,0,225216,53060,278276,0,170,1258,62797
cora_gcnii16,8,128,xorflow,O0,524288,11474,8538,2936,0.7441171343907966,10592,187904,53060,251556,1324,170,2477,47149
cora_gcnii16,8,128,free_support,O0,524288,11474,8538,2936,0.7441171343907966,0,187904,53060,240964,0,170,1112,47149
cora_gcnii16,8,128,beicsr,O0,1048576,13909,10390,3519,0.7469983463944209,0,225216,53060,278276,0,170,1258,62797
cora_gcnii16,8,128,xorflow,O0,1048576,11474,8538,2936,0.7441171343907966,10592,187904,53060,251556,1324,170,2477,47149
cora_gcnii16,8,128,free_support,O0,1048576,11474,8538,2936,0.7441171343907966,0,187904,53060,240964,0,170,1112,47149
cora_gcnii16,12,128,beicsr,O0,262144,15812,11718,4094,0.7410827219833038,0,262016,53060,315076,0,170,1401,86061
cora_gcnii16,12,128,xorflow,O0,262144,12433,9281,3152,0.7464811389045283,9120,201728,53060,263908,1140,170,2341,52941
cora_gcnii16,12,128,free_support,O0,262144,12433,9281,3152,0.7464811389045283,0,201728,53060,254788,0,170,1166,52941
cora_gcnii16,12,128,beicsr,O0,524288,15812,11804,4008,0.7465216291424235,0,256512,53060,309572,0,170,1380,86061
cora_gcnii16,12,128,xorflow,O0,524288,12433,9281,3152,0.7464811389045283,9120,201728,53060,263908,1140,170,2341,52941
cora_gcnii16,12,128,free_support,O0,524288,12433,9281,3152,0.7464811389045283,0,201728,53060,254788,0,170,1166,52941
cora_gcnii16,12,128,beicsr,O0,1048576,15812,11804,4008,0.7465216291424235,0,256512,53060,309572,0,170,1380,86061
cora_gcnii16,12,128,xorflow,O0,1048576,12433,9281,3152,0.7464811389045283,9120,201728,53060,263908,1140,170,2341,52941
cora_gcnii16,12,128,free_support,O0,1048576,12433,9281,3152,0.7464811389045283,0,201728,53060,254788,0,170,1166,52941
cora_gcnii16,16,128,beicsr,O0,262144,16855,12372,4483,0.7340255117175912,0,286912,53060,339972,0,170,1499,97316
cora_gcnii16,16,128,xorflow,O0,262144,13458,10050,3408,0.7467677218011591,13664,218112,53060,284836,1708,170,2991,63300
cora_gcnii16,16,128,free_support,O0,262144,13458,10050,3408,0.7467677218011591,0,218112,53060,271172,0,170,1230,63300
cora_gcnii16,16,128,beicsr,O0,524288,16855,12578,4277,0.7462474043310591,0,273728,53060,326788,0,170,1447,97316
cora_gcnii16,16,128,xorflow,O0,524288,13458,10051,3407,0.7468420270471096,13664,218048,53060,284772,1708,170,2991,63300
cora_gcnii16,16,128,free_support,O0,524288,13458,10051,3407,0.7468420270471096,0,218048,53060,271108,0,170,1230,63300
cora_gcnii16,16,128,beicsr,O0,1048576,16855,12578,4277,0.7462474043310591,0,273728,53060,326788,0,170,1447,97316
cora_gcnii16,16,128,xorflow,O0,1048576,13458,10051,3407,0.7468420270471096,13664,218048,53060,284772,1708,170,2991,63300
cora_gcnii16,16,128,free_support,O0,1048576,13458,10051,3407,0.7468420270471096,0,218048,53060,271108,0,170,1230,63300
cora_gcnii16,4,128,beicsr,O1,262144,12936,9611,3325,0.7429653679653679,0,212800,53060,265860,0,170,1209,52966
cora_gcnii16,4,128,xorflow,O1,262144,11211,8332,2879,0.7431986441887432,16800,184256,53060,254116,2100,170,3263,46086
cora_gcnii16,4,128,free_support,O1,262144,11211,8332,2879,0.7431986441887432,0,184256,53060,237316,0,170,1098,46086
cora_gcnii16,4,128,beicsr,O1,524288,12936,9611,3325,0.7429653679653679,0,212800,53060,265860,0,170,1209,52966
cora_gcnii16,4,128,xorflow,O1,524288,11211,8332,2879,0.7431986441887432,16800,184256,53060,254116,2100,170,3263,46086
cora_gcnii16,4,128,free_support,O1,524288,11211,8332,2879,0.7431986441887432,0,184256,53060,237316,0,170,1098,46086
cora_gcnii16,4,128,beicsr,O1,1048576,12936,9611,3325,0.7429653679653679,0,212800,53060,265860,0,170,1209,52966
cora_gcnii16,4,128,xorflow,O1,1048576,11211,8332,2879,0.7431986441887432,16800,184256,53060,254116,2100,170,3263,46086
cora_gcnii16,4,128,free_support,O1,1048576,11211,8332,2879,0.7431986441887432,0,184256,53060,237316,0,170,1098,46086
cora_gcnii16,8,128,beicsr,O1,262144,13909,10387,3522,0.7467826587101877,0,225408,53060,278468,0,170,1258,62797
cora_gcnii16,8,128,xorflow,O1,262144,11474,8538,2936,0.7441171343907966,10592,187904,53060,251556,1324,170,2477,47149
cora_gcnii16,8,128,free_support,O1,262144,11474,8538,2936,0.7441171343907966,0,187904,53060,240964,0,170,1112,47149
cora_gcnii16,8,128,beicsr,O1,524288,13909,10390,3519,0.7469983463944209,0,225216,53060,278276,0,170,1258,62797
cora_gcnii16,8,128,xorflow,O1,524288,11474,8538,2936,0.7441171343907966,10592,187904,53060,251556,1324,170,2477,47149
cora_gcnii16,8,128,free_support,O1,524288,11474,8538,2936,0.7441171343907966,0,187904,53060,240964,0,170,1112,47149
cora_gcnii16,8,128,beicsr,O1,1048576,13909,10390,3519,0.7469983463944209,0,225216,53060,278276,0,170,1258,62797
cora_gcnii16,8,128,xorflow,O1,1048576,11474,8538,2936,0.7441171343907966,10592,187904,53060,251556,1324,170,2477,47149
cora_gcnii16,8,128,free_support,O1,1048576,11474,8538,2936,0.7441171343907966,0,187904,53060,240964,0,170,1112,47149
cora_gcnii16,12,128,beicsr,O1,262144,15812,11712,4100,0.7407032633442955,0,262400,53060,315460,0,170,1403,86061
cora_gcnii16,12,128,xorflow,O1,262144,12433,9281,3152,0.7464811389045283,9120,201728,53060,263908,1140,170,2341,52941
cora_gcnii16,12,128,free_support,O1,262144,12433,9281,3152,0.7464811389045283,0,201728,53060,254788,0,170,1166,52941
cora_gcnii16,12,128,beicsr,O1,524288,15812,11804,4008,0.7465216291424235,0,256512,53060,309572,0,170,1380,86061
cora_gcnii16,12,128,xorflow,O1,524288,12433,9281,3152,0.7464811389045283,9120,201728,53060,263908,1140,170,2341,52941
cora_gcnii16,12,128,free_support,O1,524288,12433,9281,3152,0.7464811389045283,0,201728,53060,254788,0,170,1166,52941
cora_gcnii16,12,128,beicsr,O1,1048576,15812,11804,4008,0.7465216291424235,0,256512,53060,309572,0,170,1380,86061
cora_gcnii16,12,128,xorflow,O1,1048576,12433,9281,3152,0.7464811389045283,9120,201728,53060,263908,1140,170,2341,52941
cora_gcnii16,12,128,free_support,O1,1048576,12433,9281,3152,0.7464811389045283,0,201728,53060,254788,0,170,1166,52941
cora_gcnii16,16,128,beicsr,O1,262144,16855,12366,4489,0.73366953426283,0,287296,53060,340356,0,170,1500,97316
cora_gcnii16,16,128,xorflow,O1,262144,13458,10050,3408,0.7467677218011591,13664,218112,53060,284836,1708,170,2991,63300
cora_gcnii16,16,128,free_support,O1,262144,13458,10050,3408,0.7467677218011591,0,218112,53060,271172,0,170,1230,63300
cora_gcnii16,16,128,beicsr,O1,524288,16855,12578,4277,0.7462474043310591,0,273728,53060,326788,0,170,1447,97316
cora_gcnii16,16,128,xorflow,O1,524288,13458,10051,3407,0.7468420270471096,13664,218048,53060,284772,1708,170,2991,63300
cora_gcnii16,16,128,free_support,O1,524288,13458,10051,3407,0.7468420270471096,0,218048,53060,271108,0,170,1230,63300
cora_gcnii16,16,128,beicsr,O1,1048576,16855,12578,4277,0.7462474043310591,0,273728,53060,326788,0,170,1447,97316
cora_gcnii16,16,128,xorflow,O1,1048576,13458,10051,3407,0.7468420270471096,13664,218048,53060,284772,1708,170,2991,63300
cora_gcnii16,16,128,free_support,O1,1048576,13458,10051,3407,0.7468420270471096,0,218048,53060,271108,0,170,1230,63300
pubmed_gcnii16,4,32,beicsr,O0,262144,177296,51754,125542,0.29190731883404025,0,8034688,433464,8468152,0,2465,35544,1439540
pubmed_gcnii16,4,32,xorflow,O0,262144,177296,51754,125542,0.29190731883404025,131584,8034688,433464,8599736,16448,2465,52506,1597276
pubmed_gcnii16,4,32,free_support,O0,262144,177296,51754,125542,0.29190731883404025,0,8034688,433464,8468152,0,2465,35544,1597276
pubmed_gcnii16,4,32,beicsr,O0,524288,177296,83600,93696,0.47152784044761303,0,5996544,433464,6430008,0,2465,27583,1439540
pubmed_gcnii16,4,32,xorflow,O0,524288,177296,83600,93696,0.47152784044761303,131584,5996544,433464,6561592,16448,2465,44545,1597276
pubmed_gcnii16,4,32,free_support,O0,524288,177296,83600,93696,0.47152784044761303,0,5996544,433464,6430008,0,2465,27583,1597276
pubmed_gcnii16,4,32,beicsr,O0,1048576,177296,117406,59890,0.6622033209999098,0,3832960,433464,4266424,0,2465,19131,1439540
pubmed_gcnii16,4,32,xorflow,O0,1048576,177296,117406,59890,0.6622033209999098,131584,3832960,433464,4398008,16448,2465,36093,1597276
pubmed_gcnii16,4,32,free_support,O0,1048576,177296,117406,59890,0.6622033209999098,0,3832960,433464,4266424,0,2465,19131,1597276
pubmed_gcnii16,8,32,beicsr,O0,262144,177296,51754,125542,0.29190731883404025,0,8034688,433464,8468152,0,2465,35544,1404087
pubmed_gcnii16,8,32,xorflow,O0,262144,177296,51754,125542,0.29190731883404025,81728,8034688,433464,8549880,10216,2465,46079,1561823
pubmed_gcnii16,8,32,free_support,O0,262144,177296,51754,125542,0.29190731883404025,0,8034688,433464,8468152,0,2465,35544,1561823
pubmed_gcnii16,8,32,beicsr,O0,524288,177296,83600,93696,0.47152784044761303,0,5996544,433464,6430008,0,2465,27583,1404087
pubmed_gcnii16,8,32,xorflow,O0,524288,177296,83600,93696,0.47152784044761303,81728,5996544,433464,6511736,10216,2465,38118,1561823
pubmed_gcnii16,8,32,free_support,O0,524288,177296,83600,93696,0.47152784044761303,0,5996544,433464,6430008,0,2465,27583,1561823
pubmed_gcnii16,8,32,beicsr,O0,1048576,177296,117406,59890,0.6622033209999098,0,3832960,433464,4266424,0,2465,19131,1404087
pubmed_gcnii16,8,32,xorflow,O0,1048576,177296,117406,59890,0.6622033209999098,81728,3832960,433464,4348152,10216,2465,29666,1561823
pubmed_gcnii16,8,32,free_support,O0,1048576,177296,117406,59890,0.6622033209999098,0,3832960,433464,4266424,0,2465,19131,1561823
pubmed_gcnii16,12,32,beicsr,O0,262144,177296,51754,125542,0.29190731883404025,0,8034688,433464,8468152,0,2465,35544,1343443
pubmed_gcnii16,12,32,xorflow,O0,262144,177296,51754,125542,0.29190731883404025,71936,8034688,433464,8540088,8992,2465,44817,1501179
pubmed_gcnii16,12,32,free_support,O0,262144,177296,51754,125542,0.29190731883404025,0,8034688,433464,8468152,0,2465,35544,1501179
pubmed_gcnii16,12,32,beicsr,O0,524288,177296,83600,93696,0.47152784044761303,0,5996544,433464,6430008,0,2465,27583,1343443
pubmed_gcnii16,12,32,xorflow,O0,524288,177296,83600,93696,0.47152784044761303,71936,5996544,433464,6501944,8992,2465,36856,1501179
pubmed_gcnii16,12,32,free_support,O0,524288,177296,83600,93696,0.47152784044761303,0,5996544,433464,6430008,0,2465,27583,1501179
pubmed_gcnii16,12,32,beicsr,O0,1048576,177296,117406,59890,0.6622033209999098,0,3832960,433464,4266424,0,2465,19131,1343443
pubmed_gcnii16,12,32,xorflow,O0,1048576,177296,117406,59890,0.6622033209999098,71936,3832960,433464,4338360,8992,2465,28404,1501179
pubmed_gcnii16,12,32,free_support,O0,1048576,177296,117406,59890,0.6622033209999098,0,3832960,433464,4266424,0,2465,19131,1501179
pubmed_gcnii16,16,32,beicsr,O0,262144,177296,51754,125542,0.29190731883404025,0,8034688,433464,8468152,0,2465,35544,1318515
pubmed_gcnii16,16,32,xorflow,O0,262144,177296,51754,125542,0.29190731883404025,93184,8034688,433464,8561336,11648,2465,47556,1476251
pubmed_gcnii16,16,32,free_support,O0,262144,177296,51754,125542,0.29190731883404025,0,8034688,433464,8468152,0,2465,35544,1476251
pubmed_gcnii16,16,32,beicsr,O0,524288,177296,83600,93696,0.47152784044761303,0,5996544,433464,6430008,0,2465,27583,1318515
pubmed_gcnii16,16,32,xorflow,O0,524288,177296,83600,93696,0.47152784044761303,93184,5996544,433464,6523192,11648,2465,39595,1476251
pubmed_gcnii16,16,32,free_support,O0,524288,177296,83600,93696,0.47152784044761303,0,5996544,433464,6430008,0,2465,27583,1476251
pubmed_gcnii16,16,32,beicsr,O0,1048576,177296,117406,59890,0.6622033209999098,0,3832960,433464,4266424,0,2465,19131,1318515
pubmed_gcnii16,16,32,xorflow,O0,1048576,177296,117406,59890,0.6622033209999098,93184,3832960,433464,4359608,11648,2465,31143,1476251
pubmed_gcnii16,16,32,free_support,O0,1048576,177296,117406,59890,0.6622033209999098,0,3832960,433464,4266424,0,2465,19131,1476251
pubmed_gcnii16,4,32,beicsr,O1,262144,177296,51664,125632,0.2913996931684866,0,8040448,433464,8473912,0,2465,35567,1439540
pubmed_gcnii16,4,32,xorflow,O1,262144,177296,51664,125632,0.2913996931684866,131584,8040448,433464,8605496,16448,2465,52529,1597276
pubmed_gcnii16,4,32,free_support,O1,262144,177296,51664,125632,0.2913996931684866,0,8040448,433464,8473912,0,2465,35567,1597276
pubmed_gcnii16,4,32,beicsr,O1,524288,177296,83620,93676,0.4716406461510694,0,5995264,433464,6428728,0,2465,27578,1439540
pubmed_gcnii16,4,32,xorflow,O1,524288,177296,83620,93676,0.4716406461510694,131584,5995264,433464,6560312,16448,2465,44540,1597276
pubmed_gcnii16,4,32,free_support,O1,524288,177296,83620,93676,0.4716406461510694,0,5995264,433464,6428728,0,2465,27578,1597276
pubmed_gcnii16,4,32,beicsr,O1,1048576,177296,117454,59842,0.6624740546882051,0,3829888,433464,4263352,0,2465,19119,1439540
pubmed_gcnii16,4,32,xorflow,O1,1048576,177296,117454,59842,0.6624740546882051,131584,3829888,433464,4394936,16448,2465,36081,1597276
pubmed_gcnii16,4,32,free_support,O1,1048576,177296,117454,59842,0.6624740546882051,0,3829888,433464,4263352,0,2465,19119,1597276
pubmed_gcnii16,8,32,beicsr,O1,262144,177296,51664,125632,0.2913996931684866,0,8040448,433464,8473912,0,2465,35567,1404087
pubmed_gcnii16,8,32,xorflow,O1,262144,177296,51664,125632,0.2913996931684866,81728,8040448,433464,8555640,10216,2465,46102,1561823
pubmed_gcnii16,8,32,free_support,O1,262144,177296,51664,125632,0.2913996931684866,0,8040448,433464,8473912,0,2465,35567,1561823
pubmed_gcnii16,8,32,beicsr,O1,524288,177296,83620,93676,0.4716406461510694,0,5995264,433464,6428728,0,2465,27578,1404087
pubmed_gcnii16,8,32,xorflow,O1,524288,177296,83620,93676,0.4716406461510694,81728,5995264,433464,6510456,10216,2465,38113,1561823
pubmed_gcnii16,8,32,free_support,O1,524288,177296,83620,93676,0.4716406461510694,0,5995264,433464,6428728,0,2465,27578,1561823
pubmed_gcnii16,8,32,beicsr,O1,1048576,177296,117454,59842,0.6624740546882051,0,3829888,433464,4263352,0,2465,19119,1404087
pubmed_gcnii16,8,32,xorflow,O1,1048576,177296,117454,59842,0.6624740546882051,81728,3829888,433464,4345080,10216,2465,29654,1561823
pubmed_gcnii16,8,32,free_support,O1,1048576,177296,117454,59842,0.6624740546882051,0,3829888,433464,4263352,0,2465,19119,1561823
pubmed_gcnii16,12,32,beicsr,O1,262144,177296,51664,125632,0.2913996931684866,0,8040448,433464,8473912,0,2465,35567,1343443
pubmed_gcnii16,12,32,xorflow,O1,262144,177296,51664,125632,0.2913996931684866,71936,8040448,433464,8545848,8992,2465,44840,1501179
pubmed_gcnii16,12,32,free_support,O1,262144,177296,51664,125632,0.2913996931684866,0,8040448,433464,8473912,0,2465,35567,1501179
pubmed_gcnii16,12,32,beicsr,O1,524288,177296,83620,93676,0.4716406461510694,0,5995264,433464,6428728,0,2465,27578,1343443
pubmed_gcnii16,12,32,xorflow,O1,524288,177296,83620,93676,0.4716406461510694,71936,5995264,433464,6500664,8992,2465,36851,1501179
pubmed_gcnii16,12,32,free_support,O1,524288,177296,83620,93676,0.4716406461510694,0,5995264,433464,6428728,0,2465,27578,1501179
pubmed_gcnii16,12,32,beicsr,O1,1048576,177296,117454,59842,0.6624740546882051,0,3829888,433464,4263352,0,2465,19119,1343443
pubmed_gcnii16,12,32,xorflow,O1,1048576,177296,117454,59842,0.6624740546882051,71936,3829888,433464,4335288,8992,2465,28392,1501179
pubmed_gcnii16,12,32,free_support,O1,1048576,177296,117454,59842,0.6624740546882051,0,3829888,433464,4263352,0,2465,19119,1501179
pubmed_gcnii16,16,32,beicsr,O1,262144,177296,51664,125632,0.2913996931684866,0,8040448,433464,8473912,0,2465,35567,1318515
pubmed_gcnii16,16,32,xorflow,O1,262144,177296,51664,125632,0.2913996931684866,93184,8040448,433464,8567096,11648,2465,47579,1476251
pubmed_gcnii16,16,32,free_support,O1,262144,177296,51664,125632,0.2913996931684866,0,8040448,433464,8473912,0,2465,35567,1476251
pubmed_gcnii16,16,32,beicsr,O1,524288,177296,83620,93676,0.4716406461510694,0,5995264,433464,6428728,0,2465,27578,1318515
pubmed_gcnii16,16,32,xorflow,O1,524288,177296,83620,93676,0.4716406461510694,93184,5995264,433464,6521912,11648,2465,39590,1476251
pubmed_gcnii16,16,32,free_support,O1,524288,177296,83620,93676,0.4716406461510694,0,5995264,433464,6428728,0,2465,27578,1476251
pubmed_gcnii16,16,32,beicsr,O1,1048576,177296,117454,59842,0.6624740546882051,0,3829888,433464,4263352,0,2465,19119,1318515
pubmed_gcnii16,16,32,xorflow,O1,1048576,177296,117454,59842,0.6624740546882051,93184,3829888,433464,4356536,11648,2465,31131,1476251
pubmed_gcnii16,16,32,free_support,O1,1048576,177296,117454,59842,0.6624740546882051,0,3829888,433464,4263352,0,2465,19119,1476251
pubmed_gcnii16,4,64,beicsr,O0,262144,105830,37963,67867,0.35871680997826705,0,4343488,433464,4776952,0,1233,19893,497352
pubmed_gcnii16,4,64,xorflow,O0,262144,90221,27138,63083,0.3007947151993438,118768,4037312,433464,4589544,14846,1233,34007,434224
pubmed_gcnii16,4,64,free_support,O0,262144,90221,27138,63083,0.3007947151993438,0,4037312,433464,4470776,0,1233,18697,434224
pubmed_gcnii16,4,64,beicsr,O0,524288,105830,55162,50668,0.5212321647925919,0,3242752,433464,3676216,0,1233,15594,497352
pubmed_gcnii16,4,64,xorflow,O0,524288,90221,43061,47160,0.47728355926003924,118768,3018240,433464,3570472,14846,1233,30027,434224
pubmed_gcnii16,4,64,free_support,O0,524288,90221,43061,47160,0.47728355926003924,0,3018240,433464,3451704,0,1233,14717,434224
pubmed_gcnii16,4,64,beicsr,O0,1048576,105830,72122,33708,0.6814891807615988,0,2157312,433464,2590776,0,1233,11354,497352
pubmed_gcnii16,4,64,xorflow,O0,1048576,90221,59964,30257,0.6646346194344998,118768,1936448,433464,2488680,14846,1233,25801,434224
pubmed_gcnii16,4,64,free_support,O0,1048576,90221,59964,30257,0.6646346194344998,0,1936448,433464,2369912,0,1233,10491,434224
pubmed_gcnii16,8,64,beicsr,O0,262144,105578,37266,68312,0.352971262952509,0,4371968,433464,4805432,0,1233,20005,475531
pubmed_gcnii16,8,64,xorflow,O0,262144,93095,29530,63565,0.3172028572963102,70576,4068160,433464,4572200,8822,1233,27916,429619
pubmed_gcnii16,8,64,free_support,O0,262144,93095,29530,63565,0.3172028572963102,0,4068160,433464,4501624,0,1233,18818,429619
pubmed_gcnii16,8,64,beicsr,O0,524288,105578,54667,50911,0.5177877967000701,0,3258304,433464,3691768,0,1233,15654,475531
pubmed_gcnii16,8,64,xorflow,O0,524288,93095,45453,47642,0.4882431924378323,70576,3049088,433464,3553128,8822,1233,23935,429619
pubmed_gcnii16,8,64,free_support,O0,524288,93095,45453,47642,0.4882431924378323,0,3049088,433464,3482552,0,1233,14837,429619
pubmed_gcnii16,8,64,beicsr,O0,1048576,105578,71657,33921,0.6787114739813218,0,2170944,433464,2604408,0,1233,11407,475531
pubmed_gcnii16,8,64,xorflow,O0,1048576,93095,62356,30739,0.6698104087222729,70576,1967296,433464,2471336,8822,1233,19709,429619
pubmed_gcnii16,8,64,free_support,O0,1048576,93095,62356,30739,0.6698104087222729,0,1967296,433464,2400760,0,1233,10611,429619
pubmed_gcnii16,12,64,beicsr,O0,262144,111683,39484,72199,0.3535363484147095,0,4620736,433464,5054200,0,1233,20976,512935
pubmed_gcnii16,12,64,xorflow,O0,262144,98032,33007,65025,0.33669618083890973,59824,4161600,433464,4654888,7478,1233,26895,456975
pubmed_gcnii16,12,64,free_support,O0,262144,98032,33007,65025,0.33669618083890973,0,4161600,433464,4595064,0,1233,19183,456975
pubmed_gcnii16,12,64,beicsr,O0,524288,111683,58700,52983,0.5255947637509737,0,3390912,433464,3824376,0,1233,16172,512935
pubmed_gcnii16,12,64,xorflow,O0,524288,98032,49015,49017,0.49998979924922476,59824,3137088,433464,3630376,7478,1233,22893,456975
pubmed_gcnii16,12,64,free_support,O0,524288,98032,49015,49017,0.49998979924922476,0,3137088,433464,3570552,0,1233,15181,456975
pubmed_gcnii16,12,64,beicsr,O0,1048576,111683,76227,35456,0.6825300179973676,0,2269184,433464,2702648,0,1233,11791,512935
pubmed_gcnii16,12,64,xorflow,O0,1048576,98032,65918,32114,0.6724130896033949,59824,2055296,433464,2548584,7478,1233,18667,456975
pubmed_gcnii16,12,64,free_support,O0,1048576,98032,65918,32114,0.6724130896033949,0,2055296,433464,2488760,0,1233,10955,456975
pubmed_gcnii16,16,64,beicsr,O0,262144,114699,40129,74570,0.34986355591591906,0,4772480,433464,5205944,0,1233,21569,549191
pubmed_gcnii16,16,64,xorflow,O0,262144,101489,34686,66803,0.34177102937264137,81200,4275392,433464,4790056,10150,1233,30095,505135
pubmed_gcnii16,16,64,free_support,O0,262144,101489,34686,66803,0.34177102937264137,0,4275392,433464,4708856,0,1233,19627,505135
pubmed_gcnii16,16,64,beicsr,O0,524288,114699,60201,54498,0.5248607224125755,0,3487872,433464,3921336,0,1233,16551,549191
pubmed_gcnii16,16,64,xorflow,O0,524288,101489,51298,50191,0.5054537930219039,81200,3212224,433464,3726888,10150,1233,25942,505135
pubmed_gcnii16,16,64,free_support,O0,524288,101489,51298,50191,0.5054537930219039,0,3212224,433464,3645688,0,1233,15474,505135
pubmed_gcnii16,16,64,beicsr,O0,1048576,114699,78268,36431,0.6823773528975842,0,2331584,433464,2765048,0,1233,12034,549191
pubmed_gcnii16,16,64,xorflow,O0,1048576,101489,68233,33256,0.6723191675945176,81200,2128384,433464,2643048,10150,1233,21708,505135
pubmed_gcnii16,16,64,free_support,O0,1048576,101489,68233,33256,0.6723191675945176,0,2128384,433464,2561848,0,1233,11241,505135
pubmed_gcnii16,4,64,beicsr,O1,262144,105830,37927,67903,0.3583766417839932,0,4345792,433464,4779256,0,1233,19902,497352
pubmed_gcnii16,4,64,xorflow,O1,262144,90221,27093,63128,0.3002959399696301,118768,4040192,433464,4592424,14846,1233,34019,434224
pubmed_gcnii16,4,64,free_support,O1,262144,90221,27093,63128,0.3002959399696301,0,4040192,433464,4473656,0,1233,18709,434224
pubmed_gcnii16,4,64,beicsr,O1,524288,105830,55173,50657,0.5213361050741756,0,3242048,433464,3675512,0,1233,15591,497352
pubmed_gcnii16,4,64,xorflow,O1,524288,90221,43071,47150,0.4773943981999756,118768,3017600,433464,3569832,14846,1233,30024,434224
pubmed_gcnii16,4,64,free_support,O1,524288,90221,43071,47150,0.4773943981999756,0,3017600,433464,3451064,0,1233,14714,434224
pubmed_gcnii16,4,64,beicsr,O1,1048576,105830,72146,33684,0.6817159595577813,0,2155776,433464,2589240,0,1233,11348,497352
pubmed_gcnii16,4,64,xorflow,O1,1048576,90221,59988,30233,0.6649006328903471,118768,1934912,433464,2487144,14846,1233,25795,434224
pubmed_gcnii16,4,64,free_support,O1,1048576,90221,59988,30233,0.6649006328903471,0,1934912,433464,2368376,0,1233,10485,434224
pubmed_gcnii16,8,64,beicsr,O1,262144,105578,37237,68341,0.3526965845157135,0,4373824,433464,4807288,0,1233,20012,475531
pubmed_gcnii16,8,64,xorflow,O1,262144,93095,29485,63610,0.3167194801009721,70576,4071040,433464,4575080,8822,1233,27927,429619
pubmed_gcnii16,8,64,free_support,O1,262144,93095,29485,63610,0.3167194801009721,0,4071040,433464,4504504,0,1233,18829,429619
pubmed_gcnii16,8,64,beicsr,O1,524288,105578,54675,50903,0.5178635700619447,0,3257792,433464,3691256,0,1233,15652,475531
pubmed_gcnii16,8,64,xorflow,O1,524288,93095,45463,47632,0.4883506095923519,70576,3048448,433464,3552488,8822,1233,23932,429619
pubmed_gcnii16,8,64,free_support,O1,524288,93095,45463,47632,0.4883506095923519,0,3048448,433464,3481912,0,1233,14835,429619
pubmed_gcnii16,8,64,beicsr,O1,1048576,105578,71681,33897,0.6789387940669458,0,2169408,433464,2602872,0,1233,11401,475531
pubmed_gcnii16,8,64,xorflow,O1,1048576,93095,62380,30715,0.6700682098931199,70576,1965760,433464,2469800,8822,1233,19703,429619
pubmed_gcnii16,8,64,free_support,O1,1048576,93095,62380,30715,0.6700682098931199,0,1965760,433464,2399224,0,1233,10605,429619
pubmed_gcnii16,12,64,beicsr,O1,262144,111683,39418,72265,0.35294539007727227,0,4624960,433464,5058424,0,1233,20993,512935
pubmed_gcnii16,12,64,xorflow,O1,262144,98032,32959,65073,0.3362065448016974,59824,4164672,433464,4657960,7478,1233,26907,456975
pubmed_gcnii16,12,64,free_support,O1,262144,98032,32959,65073,0.3362065448016974,0,4164672,433464,4598136,0,1233,19195,456975
pubmed_gcnii16,12,64,beicsr,O1,524288,111683,58715,52968,0.5257290724640277,0,3389952,433464,3823416,0,1233,16169,512935
pubmed_gcnii16,12,64,xorflow,O1,524288,98032,49025,49007,0.5000918067569773,59824,3136448,433464,3629736,7478,1233,22890,456975
pubmed_gcnii16,12,64,free_support,O1,524288,98032,49025,49007,0.5000918067569773,0,3136448,433464,3569912,0,1233,15178,456975
pubmed_gcnii16,12,64,beicsr,O1,1048576,111683,76250,35433,0.6827359580240502,0,2267712,433464,2701176,0,1233,11785,512935
pubmed_gcnii16,12,64,xorflow,O1,1048576,98032,65942,32090,0.672657907622001,59824,2053760,433464,2547048,7478,1233,18661,456975
pubmed_gcnii16,12,64,free_support,O1,1048576,98032,65942,32090,0.672657907622001,0,2053760,433464,2487224,0,1233,10949,456975
pubmed_gcnii16,16,64,beicsr,O1,262144,114699,40072,74627,0.3493666030218223,0,4776128,433464,5209592,0,1233,21583,549191
pubmed_gcnii16,16,64,xorflow,O1,262144,101489,34643,66846,0.3413473381351674,81200,4278144,433464,4792808,10150,1233,30105,505135
pubmed_gcnii16,16,64,free_support,O1,262144,101489,34643,66846,0.3413473381351674,0,4278144,433464,4711608,0,1233,19638,505135
pubmed_gcnii16,16,64,beicsr,O1,524288,114699,60212,54487,0.5249566256026643,0,3487168,433464,3920632,0,1233,16548,549191
pubmed_gcnii16,16,64,xorflow,O1,524288,101489,51307,50182,0.5055424725832356,81200,3211648,433464,3726312,10150,1233,25939,505135
pubmed_gcnii16,16,64,free_support,O1,524288,101489,51307,50182,0.5055424725832356,0,3211648,433464,3645112,0,1233,15472,505135
pubmed_gcnii16,16,64,beicsr,O1,1048576,114699,78290,36409,0.6825691592777617,0,2330176,433464,2763640,0,1233,12029,549191
pubmed_gcnii16,16,64,xorflow,O1,1048576,101489,68257,33232,0.6725556464247356,81200,2126848,433464,2641512,10150,1233,21702,505135
pubmed_gcnii16,16,64,free_support,O1,1048576,101489,68257,33232,0.6725556464247356,0,2126848,433464,2560312,0,1233,11235,505135
pubmed_gcnii16,4,96,beicsr,O0,262144,105830,37963,67867,0.35871680997826705,0,4343488,433464,4776952,0,1233,19893,497352
pubmed_gcnii16,4,96,xorflow,O0,262144,90221,27138,63083,0.3007947151993438,118768,4037312,433464,4589544,14846,1233,34007,434224
pubmed_gcnii16,4,96,free_support,O0,262144,90221,27138,63083,0.3007947151993438,0,4037312,433464,4470776,0,1233,18697,434224
pubmed_gcnii16,4,96,beicsr,O0,524288,105830,55162,50668,0.5212321647925919,0,3242752,433464,3676216,0,1233,15594,497352
pubmed_gcnii16,4,96,xorflow,O0,524288,90221,43061,47160,0.47728355926003924,118768,3018240,433464,3570472,14846,1233,30027,434224
pubmed_gcnii16,4,96,free_support,O0,524288,90221,43061,47160,0.47728355926003924,0,3018240,433464,3451704,0,1233,14717,434224
pubmed_gcnii16,4,96,beicsr,O0,1048576,105830,72122,33708,0.6814891807615988,0,2157312,433464,2590776,0,1233,11354,497352
pubmed_gcnii16,4,96,xorflow,O0,1048576,90221,59964,30257,0.6646346194344998,118768,1936448,433464,2488680,14846,1233,25801,434224
pubmed_gcnii16,4,96,free_support,O0,1048576,90221,59964,30257,0.6646346194344998,0,1936448,433464,2369912,0,1233,10491,434224
pubmed_gcnii16,8,96,beicsr,O0,262144,105578,37266,68312,0.352971262952509,0,4371968,433464,4805432,0,1233,20005,475531
pubmed_gcnii16,8,96,xorflow,O0,262144,93095,29530,63565,0.3172028572963102,70576,4068160,433464,4572200,8822,1233,27916,429619
pubmed_gcnii16,8,96,free_support,O0,262144,93095,29530,63565,0.3172028572963102,0,4068160,433464,4501624,0,1233,18818,429619
pubmed_gcnii16,8,96,beicsr,O0,524288,105578,54667,50911,0.5177877967000701,0,3258304,433464,3691768,0,1233,15654,475531
pubmed_gcnii16,8,96,xorflow,O0,524288,93095,45453,47642,0.4882431924378323,70576,3049088,433464,3553128,8822,1233,23935,429619
pubmed_gcnii16,8,96,free_support,O0,524288,93095,45453,47642,0.4882431924378323,0,3049088,433464,3482552,0,1233,14837,429619
pubmed_gcnii16,8,96,beicsr,O0,1048576,105578,71657,33921,0.6787114739813218,0,2170944,433464,2604408,0,1233,11407,475531
pubmed_gcnii16,8,96,xorflow,O0,1048576,93095,62356,30739,0.6698104087222729,70576,1967296,433464,2471336,8822,1233,19709,429619
pubmed_gcnii16,8,96,free_support,O0,1048576,93095,62356,30739,0.6698104087222729,0,1967296,433464,2400760,0,1233,10611,429619
pubmed_gcnii16,12,96,beicsr,O0,262144,111683,39484,72199,0.3535363484147095,0,4620736,433464,5054200,0,1233,20976,512935
pubmed_gcnii16,12,96,xorflow,O0,262144,98032,33007,65025,0.33669618083890973,59824,4161600,433464,4654888,7478,1233,26895,456975
pubmed_gcnii16,12,96,free_support,O0,262144,98032,33007,65025,0.33669618083890973,0,4161600,433464,4595064,0,1233,19183,456975
pubmed_gcnii16,12,96,beicsr,O0,524288,111683,58700,52983,0.5255947637509737,0,3390912,433464,3824376,0,1233,16172,512935
pubmed_gcnii16,12,96,xorflow,O0,524288,98032,49015,49017,0.49998979924922476,59824,3137088,433464,3630376,7478,1233,22893,456975
pubmed_gcnii16,12,96,free_support,O0,524288,98032,49015,49017,0.49998979924922476,0,3137088,433464,3570552,0,1233,15181,456975
pubmed_gcnii16,12,96,beicsr,O0,1048576,111683,76227,35456,0.6825300179973676,0,2269184,433464,2702648,0,1233,11791,512935
pubmed_gcnii16,12,96,xorflow,O0,1048576,98032,65918,32114,0.6724130896033949,59824,2055296,433464,2548584,7478,1233,18667,456975
pubmed_gcnii16,12,96,free_support,O0,1048576,98032,65918,32114,0.6724130896033949,0,2055296,433464,2488760,0,1233,10955,456975
pubmed_gcnii16,16,96,beicsr,O0,262144,114699,40129,74570,0.34986355591591906,0,4772480,433464,5205944,0,1233,21569,549191
pubmed_gcnii16,16,96,xorflow,O0,262144,101489,34686,66803,0.34177102937264137,81200,4275392,433464,4790056,10150,1233,30095,505135
pubmed_gcnii16,16,96,free_support,O0,262144,101489,34686,66803,0.34177102937264137,0,4275392,433464,4708856,0,1233,19627,505135
pubmed_gcnii16,16,96,beicsr,O0,524288,114699,60201,54498,0.5248607224125755,0,3487872,433464,3921336,0,1233,16551,549191
pubmed_gcnii16,16,96,xorflow,O0,524288,101489,51298,50191,0.5054537930219039,81200,3212224,433464,3726888,10150,1233,25942,505135
pubmed_gcnii16,16,96,free_support,O0,524288,101489,51298,50191,0.5054537930219039,0,3212224,433464,3645688,0,1233,15474,505135
pubmed_gcnii16,16,96,beicsr,O0,1048576,114699,78268,36431,0.6823773528975842,0,2331584,433464,2765048,0,1233,12034,549191
pubmed_gcnii16,16,96,xorflow,O0,1048576,101489,68233,33256,0.6723191675945176,81200,2128384,433464,2643048,10150,1233,21708,505135
pubmed_gcnii16,16,96,free_support,O0,1048576,101489,68233,33256,0.6723191675945176,0,2128384,433464,2561848,0,1233,11241,505135
pubmed_gcnii16,4,96,beicsr,O1,262144,105830,37927,67903,0.3583766417839932,0,4345792,433464,4779256,0,1233,19902,497352
pubmed_gcnii16,4,96,xorflow,O1,262144,90221,27093,63128,0.3002959399696301,118768,4040192,433464,4592424,14846,1233,34019,434224
pubmed_gcnii16,4,96,free_support,O1,262144,90221,27093,63128,0.3002959399696301,0,4040192,433464,4473656,0,1233,18709,434224
pubmed_gcnii16,4,96,beicsr,O1,524288,105830,55173,50657,0.5213361050741756,0,3242048,433464,3675512,0,1233,15591,497352
pubmed_gcnii16,4,96,xorflow,O1,524288,90221,43071,47150,0.4773943981999756,118768,3017600,433464,3569832,14846,1233,30024,434224
pubmed_gcnii16,4,96,free_support,O1,524288,90221,43071,47150,0.4773943981999756,0,3017600,433464,3451064,0,1233,14714,434224
pubmed_gcnii16,4,96,beicsr,O1,1048576,105830,72146,33684,0.6817159595577813,0,2155776,433464,2589240,0,1233,11348,497352
pubmed_gcnii16,4,96,xorflow,O1,1048576,90221,59988,30233,0.6649006328903471,118768,1934912,433464,2487144,14846,1233,25795,434224
pubmed_gcnii16,4,96,free_support,O1,1048576,90221,59988,30233,0.6649006328903471,0,1934912,433464,2368376,0,1233,10485,434224
pubmed_gcnii16,8,96,beicsr,O1,262144,105578,37237,68341,0.3526965845157135,0,4373824,433464,4807288,0,1233,20012,475531
pubmed_gcnii16,8,96,xorflow,O1,262144,93095,29485,63610,0.3167194801009721,70576,4071040,433464,4575080,8822,1233,27927,429619
pubmed_gcnii16,8,96,free_support,O1,262144,93095,29485,63610,0.3167194801009721,0,4071040,433464,4504504,0,1233,18829,429619
pubmed_gcnii16,8,96,beicsr,O1,524288,105578,54675,50903,0.5178635700619447,0,3257792,433464,3691256,0,1233,15652,475531
pubmed_gcnii16,8,96,xorflow,O1,524288,93095,45463,47632,0.4883506095923519,70576,3048448,433464,3552488,8822,1233,23932,429619
pubmed_gcnii16,8,96,free_support,O1,524288,93095,45463,47632,0.4883506095923519,0,3048448,433464,3481912,0,1233,14835,429619
pubmed_gcnii16,8,96,beicsr,O1,1048576,105578,71681,33897,0.6789387940669458,0,2169408,433464,2602872,0,1233,11401,475531
pubmed_gcnii16,8,96,xorflow,O1,1048576,93095,62380,30715,0.6700682098931199,70576,1965760,433464,2469800,8822,1233,19703,429619
pubmed_gcnii16,8,96,free_support,O1,1048576,93095,62380,30715,0.6700682098931199,0,1965760,433464,2399224,0,1233,10605,429619
pubmed_gcnii16,12,96,beicsr,O1,262144,111683,39418,72265,0.35294539007727227,0,4624960,433464,5058424,0,1233,20993,512935
pubmed_gcnii16,12,96,xorflow,O1,262144,98032,32959,65073,0.3362065448016974,59824,4164672,433464,4657960,7478,1233,26907,456975
pubmed_gcnii16,12,96,free_support,O1,262144,98032,32959,65073,0.3362065448016974,0,4164672,433464,4598136,0,1233,19195,456975
pubmed_gcnii16,12,96,beicsr,O1,524288,111683,58715,52968,0.5257290724640277,0,3389952,433464,3823416,0,1233,16169,512935
pubmed_gcnii16,12,96,xorflow,O1,524288,98032,49025,49007,0.5000918067569773,59824,3136448,433464,3629736,7478,1233,22890,456975
pubmed_gcnii16,12,96,free_support,O1,524288,98032,49025,49007,0.5000918067569773,0,3136448,433464,3569912,0,1233,15178,456975
pubmed_gcnii16,12,96,beicsr,O1,1048576,111683,76250,35433,0.6827359580240502,0,2267712,433464,2701176,0,1233,11785,512935
pubmed_gcnii16,12,96,xorflow,O1,1048576,98032,65942,32090,0.672657907622001,59824,2053760,433464,2547048,7478,1233,18661,456975
pubmed_gcnii16,12,96,free_support,O1,1048576,98032,65942,32090,0.672657907622001,0,2053760,433464,2487224,0,1233,10949,456975
pubmed_gcnii16,16,96,beicsr,O1,262144,114699,40072,74627,0.3493666030218223,0,4776128,433464,5209592,0,1233,21583,549191
pubmed_gcnii16,16,96,xorflow,O1,262144,101489,34643,66846,0.3413473381351674,81200,4278144,433464,4792808,10150,1233,30105,505135
pubmed_gcnii16,16,96,free_support,O1,262144,101489,34643,66846,0.3413473381351674,0,4278144,433464,4711608,0,1233,19638,505135
pubmed_gcnii16,16,96,beicsr,O1,524288,114699,60212,54487,0.5249566256026643,0,3487168,433464,3920632,0,1233,16548,549191
pubmed_gcnii16,16,96,xorflow,O1,524288,101489,51307,50182,0.5055424725832356,81200,3211648,433464,3726312,10150,1233,25939,505135
pubmed_gcnii16,16,96,free_support,O1,524288,101489,51307,50182,0.5055424725832356,0,3211648,433464,3645112,0,1233,15472,505135
pubmed_gcnii16,16,96,beicsr,O1,1048576,114699,78290,36409,0.6825691592777617,0,2330176,433464,2763640,0,1233,12029,549191
pubmed_gcnii16,16,96,xorflow,O1,1048576,101489,68257,33232,0.6725556464247356,81200,2126848,433464,2641512,10150,1233,21702,505135
pubmed_gcnii16,16,96,free_support,O1,1048576,101489,68257,33232,0.6725556464247356,0,2126848,433464,2560312,0,1233,11235,505135
pubmed_gcnii16,4,128,beicsr,O0,262144,105830,43990,61840,0.41566663516961166,0,3957760,433464,4391224,0,1233,18387,497352
pubmed_gcnii16,4,128,xorflow,O0,262144,90221,41958,48263,0.4650580241850567,118768,3088832,433464,3641064,14846,1233,30302,434224
pubmed_gcnii16,4,128,free_support,O0,262144,90221,41958,48263,0.4650580241850567,0,3088832,433464,3522296,0,1233,14992,434224
pubmed_gcnii16,4,128,beicsr,O0,524288,105830,65141,40689,0.6155248984219975,0,2604096,433464,3037560,0,1233,13099,497352
pubmed_gcnii16,4,128,xorflow,O0,524288,90221,59275,30946,0.6569978164728832,118768,1980544,433464,2532776,14846,1233,25973,434224
pubmed_gcnii16,4,128,free_support,O0,524288,90221,59275,30946,0.6569978164728832,0,1980544,433464,2414008,0,1233,10663,434224
pubmed_gcnii16,4,128,beicsr,O0,1048576,105830,79733,26097,0.7534064065009921,0,1670208,433464,2103672,0,1233,9451,497352
pubmed_gcnii16,4,128,xorflow,O0,1048576,90221,69396,20825,0.7691779075824918,118768,1332800,433464,1885032,14846,1233,23443,434224
pubmed_gcnii16,4,128,free_support,O0,1048576,90221,69396,20825,0.7691779075824918,0,1332800,433464,1766264,0,1233,8133,434224
pubmed_gcnii16,8,128,beicsr,O0,262144,105578,43370,62208,0.41078633806285403,0,3981312,433464,4414776,0,1233,18479,475531
pubmed_gcnii16,8,128,xorflow,O0,262144,93095,42537,50558,0.4569203501799237,70576,3235712,433464,3739752,8822,1233,24664,429619
pubmed_gcnii16,8,128,free_support,O0,262144,93095,42537,50558,0.4569203501799237,0,3235712,433464,3669176,0,1233,15566,429619
pubmed_gcnii16,8,128,beicsr,O0,524288,105578,64331,41247,0.6093220178446267,0,2639808,433464,3073272,0,1233,13238,475531
pubmed_gcnii16,8,128,xorflow,O0,524288,93095,60628,32467,0.6512487244212901,70576,2077888,433464,2581928,8822,1233,20141,429619
pubmed_gcnii16,8,128,free_support,O0,524288,93095,60628,32467,0.6512487244212901,0,2077888,433464,2511352,0,1233,11043,429619
pubmed_gcnii16,8,128,beicsr,O0,1048576,105578,79155,26423,0.7497300573983217,0,1691072,433464,2124536,0,1233,9532,475531
pubmed_gcnii16,8,128,xorflow,O0,1048576,93095,71553,21542,0.7686019657339277,70576,1378688,433464,1882728,8822,1233,17410,429619
pubmed_gcnii16,8,128,free_support,O0,1048576,93095,71553,21542,0.7686019657339277,0,1378688,433464,1812152,0,1233,8312,429619
pubmed_gcnii16,12,128,beicsr,O0,262144,111683,43809,67874,0.392262027345254,0,4343936,433464,4777400,0,1233,19895,512935
pubmed_gcnii16,12,128,xorflow,O0,262144,98032,42801,55231,0.4366023339317774,59824,3534784,433464,4028072,7478,1233,24446,456975
pubmed_gcnii16,12,128,free_support,O0,262144,98032,42801,55231,0.4366023339317774,0,3534784,433464,3968248,0,1233,16734,456975
pubmed_gcnii16,12,128,beicsr,O0,524288,111683,66047,45636,0.5913791714047796,0,2920704,433464,3354168,0,1233,14336,512935
pubmed_gcnii16,12,128,xorflow,O0,524288,98032,62084,35948,0.6333034111310593,59824,2300672,433464,2793960,7478,1233,19625,456975
pubmed_gcnii16,12,128,free_support,O0,524288,98032,62084,35948,0.6333034111310593,0,2300672,433464,2734136,0,1233,11914,456975
pubmed_gcnii16,12,128,beicsr,O0,1048576,111683,82674,29009,0.7402559028679387,0,1856576,433464,2290040,0,1233,10179,512935
pubmed_gcnii16,12,128,xorflow,O0,1048576,98032,74507,23525,0.7600273380120777,59824,1505600,433464,1998888,7478,1233,16520,456975
pubmed_gcnii16,12,128,free_support,O0,1048576,98032,74507,23525,0.7600273380120777,0,1505600,433464,1939064,0,1233,8808,456975
pubmed_gcnii16,16,128,beicsr,O0,262144,114699,43969,70730,0.3833424877287509,0,4526720,433464,4960184,0,1233,20609,549191
pubmed_gcnii16,16,128,xorflow,O0,262144,101489,42741,58748,0.4211392367645755,81200,3759872,433464,4274536,10150,1233,28081,505135
pubmed_gcnii16,16,128,free_support,O0,262144,101489,42741,58748,0.4211392367645755,0,3759872,433464,4193336,0,1233,17614,505135
pubmed_gcnii16,16,128,beicsr,O0,524288,114699,66629,48070,0.5809030593117638,0,3076480,433464,3509944,0,1233,14944,549191
pubmed_gcnii16,16,128,xorflow,O0,524288,101489,62545,38944,0.6162736848328391,81200,2492416,433464,3007080,10150,1233,23130,505135
pubmed_gcnii16,16,128,free_support,O0,524288,101489,62545,38944,0.6162736848328391,0,2492416,433464,2925880,0,1233,12663,505135
pubmed_gcnii16,16,128,beicsr,O0,1048576,114699,84069,30630,0.7329532079617085,0,1960320,433464,2393784,0,1233,10584,549191
pubmed_gcnii16,16,128,xorflow,O0,1048576,101489,76227,25262,0.7510863246263142,81200,1616768,433464,2131432,10150,1233,19709,505135
pubmed_gcnii16,16,128,free_support,O0,1048576,101489,76227,25262,0.7510863246263142,0,1616768,433464,2050232,0,1233,9242,505135
pubmed_gcnii16,4,128,beicsr,O1,262144,105830,44056,61774,0.4162902768591137,0,3953536,433464,4387000,0,1233,18370,497352
pubmed_gcnii16,4,128,xorflow,O1,262144,90221,41942,48279,0.4648806818811585,118768,3089856,433464,3642088,14846,1233,30306,434224
pubmed_gcnii16,4,128,free_support,O1,262144,90221,41942,48279,0.4648806818811585,0,3089856,433464,3523320,0,1233,14996,434224
pubmed_gcnii16,4,128,beicsr,O1,524288,105830,65114,40716,0.6152697722762922,0,2605824,433464,3039288,0,1233,13106,497352
pubmed_gcnii16,4,128,xorflow,O1,524288,90221,59333,30888,0.6576406823245142,118768,1976832,433464,2529064,14846,1233,25959,434224
pubmed_gcnii16,4,128,free_support,O1,524288,90221,59333,30888,0.6576406823245142,0,1976832,433464,2410296,0,1233,10649,434224
pubmed_gcnii16,4,128,beicsr,O1,1048576,105830,79742,26088,0.7534914485495606,0,1669632,433464,2103096,0,1233,9449,497352
pubmed_gcnii16,4,128,xorflow,O1,1048576,90221,69393,20828,0.769144655900511,118768,1332992,433464,1885224,14846,1233,23444,434224
pubmed_gcnii16,4,128,free_support,O1,1048576,90221,69393,20828,0.769144655900511,0,1332992,433464,1766456,0,1233,8134,434224
pubmed_gcnii16,8,128,beicsr,O1,262144,105578,43392,62186,0.41099471480800925,0,3979904,433464,4413368,0,1233,18473,475531
pubmed_gcnii16,8,128,xorflow,O1,262144,93095,42508,50587,0.456608840431817,70576,3237568,433464,3741608,8822,1233,24671,429619
pubmed_gcnii16,8,128,free_support,O1,262144,93095,42508,50587,0.456608840431817,0,3237568,433464,3671032,0,1233,15573,429619
pubmed_gcnii16,8,128,beicsr,O1,524288,105578,64358,41220,0.6095777529409536,0,2638080,433464,3071544,0,1233,13232,475531
pubmed_gcnii16,8,128,xorflow,O1,524288,93095,60643,32452,0.6514098501530694,70576,2076928,433464,2580968,8822,1233,20137,429619
pubmed_gcnii16,8,128,free_support,O1,524288,93095,60643,32452,0.6514098501530694,0,2076928,433464,2510392,0,1233,11040,429619
pubmed_gcnii16,8,128,beicsr,O1,1048576,105578,79171,26407,0.7498816041220708,0,1690048,433464,2123512,0,1233,9528,475531
pubmed_gcnii16,8,128,xorflow,O1,1048576,93095,71545,21550,0.768516032010312,70576,1379200,433464,1883240,8822,1233,17412,429619
pubmed_gcnii16,8,128,free_support,O1,1048576,93095,71545,21550,0.768516032010312,0,1379200,433464,1812664,0,1233,8314,429619
pubmed_gcnii16,12,128,beicsr,O1,262144,111683,43845,67838,0.3925843682565834,0,4341632,433464,4775096,0,1233,19886,512935
pubmed_gcnii16,12,128,xorflow,O1,262144,98032,42851,55181,0.4371123714705402,59824,3531584,433464,4024872,7478,1233,24434,456975
pubmed_gcnii16,12,128,free_support,O1,262144,98032,42851,55181,0.4371123714705402,0,3531584,433464,3965048,0,1233,16722,456975
pubmed_gcnii16,12,128,beicsr,O1,524288,111683,66053,45630,0.5914328948900012,0,2920320,433464,3353784,0,1233,14334,512935
pubmed_gcnii16,12,128,xorflow,O1,524288,98032,62093,35939,0.6333952178880365,59824,2300096,433464,2793384,7478,1233,19623,456975
pubmed_gcnii16,12,128,free_support,O1,524288,98032,62093,35939,0.6333952178880365,0,2300096,433464,2733560,0,1233,11911,456975
pubmed_gcnii16,12,128,beicsr,O1,1048576,111683,82679,29004,0.7403006724389567,0,1856256,433464,2289720,0,1233,10178,512935
pubmed_gcnii16,12,128,xorflow,O1,1048576,98032,74492,23540,0.7598743267504489,59824,1506560,433464,1999848,7478,1233,16523,456975
pubmed_gcnii16,12,128,free_support,O1,1048576,98032,74492,23540,0.7598743267504489,0,1506560,433464,1940024,0,1233,8812,456975
pubmed_gcnii16,16,128,beicsr,O1,262144,114699,43904,70795,0.3827757870600441,0,4530880,433464,4964344,0,1233,20625,549191
pubmed_gcnii16,16,128,xorflow,O1,262144,101489,42767,58722,0.42139542216397835,81200,3758208,433464,4272872,10150,1233,28074,505135
pubmed_gcnii16,16,128,free_support,O1,262144,101489,42767,58722,0.42139542216397835,0,3758208,433464,4191672,0,1233,17607,505135
pubmed_gcnii16,16,128,beicsr,O1,524288,114699,66649,48050,0.581077428748289,0,3075200,433464,3508664,0,1233,14939,549191
pubmed_gcnii16,16,128,xorflow,O1,524288,101489,62596,38893,0.6167762023470524,81200,2489152,433464,3003816,10150,1233,23117,505135
pubmed_gcnii16,16,128,free_support,O1,524288,101489,62596,38893,0.6167762023470524,0,2489152,433464,2922616,0,1233,12650,505135
pubmed_gcnii16,16,128,beicsr,O1,1048576,114699,84050,30649,0.7327875569970096,0,1961536,433464,2395000,0,1233,10589,549191
pubmed_gcnii16,16,128,xorflow,O1,1048576,101489,76215,25274,0.7509680852112052,81200,1617536,433464,2132200,10150,1233,19712,505135
pubmed_gcnii16,16,128,free_support,O1,1048576,101489,76215,25274,0.7509680852112052,0,1617536,433464,2051000,0,1233,9245,505135
cora_deepres28_w128,4,32,beicsr,O0,262144,42224,19612,22612,0.4644751799924214,0,1447168,53060,1500228,0,677,6538,439090
cora_deepres28_w128,4,32,xorflow,O0,262144,42224,19612,22612,0.4644751799924214,52626,1447168,53060,1552854,6579,677,13322,482418
cora_deepres28_w128,4,32,free_support,O0,262144,42224,19612,22612,0.4644751799924214,0,1447168,53060,1500228,0,677,6538,482418
cora_deepres28_w128,4,32,beicsr,O0,524288,42224,28496,13728,0.6748768472906403,0,878592,53060,931652,0,677,4317,439090
cora_deepres28_w128,4,32,xorflow,O0,524288,42224,28496,13728,0.6748768472906403,52626,878592,53060,984278,6579,677,11101,482418
cora_deepres28_w128,4,32,free_support,O0,524288,42224,28496,13728,0.6748768472906403,0,878592,53060,931652,0,677,4317,482418
cora_deepres28_w128,4,32,beicsr,O0,1048576,42224,31392,10832,0.7434634331186055,0,693248,53060,746308,0,677,3593,439090
cora_deepres28_w128,4,32,xorflow,O0,1048576,42224,31392,10832,0.7434634331186055,52626,693248,53060,798934,6579,677,10377,482418
cora_deepres28_w128,4,32,free_support,O0,1048576,42224,31392,10832,0.7434634331186055,0,693248,53060,746308,0,677,3593,482418
cora_deepres28_w128,8,32,beicsr,O0,262144,42224,19612,22612,0.4644751799924214,0,1447168,53060,1500228,0,677,6538,440034
cora_deepres28_w128,8,32,xorflow,O0,262144,42224,19612,22612,0.4644751799924214,43474,1447168,53060,1543702,5435,677,12143,483362
cora_deepres28_w128,8,32,free_support,O0,262144,42224,19612,22612,0.4644751799924214,0,1447168,53060,1500228,0,677,6538,483362
cora_deepres28_w128,8,32,beicsr,O0,524288,42224,28496,13728,0.6748768472906403,0,878592,53060,931652,0,677,4317,440034
cora_deepres28_w128,8,32,xorflow,O0,524288,42224,28496,13728,0.6748768472906403,43474,878592,53060,975126,5435,677,9922,483362
cora_deepres28_w128,8,32,free_support,O0,524288,42224,28496,13728,0.6748768472906403,0,878592,53060,931652,0,677,4317,483362
cora_deepres28_w128,8,32,beicsr,O0,1048576,42224,31392,10832,0.7434634331186055,0,693248,53060,746308,0,677,3593,440034
cora_deepres28_w128,8,32,xorflow,O0,1048576,42224,31392,10832,0.7434634331186055,43474,693248,53060,789782,5435,677,9198,483362
cora_deepres28_w128,8,32,free_support,O0,1048576,42224,31392,10832,0.7434634331186055,0,693248,53060,746308,0,677,3593,483362
cora_deepres28_w128,12,32,beicsr,O0,262144,42224,19612,22612,0.4644751799924214,0,1447168,53060,1500228,0,677,6538,445588
cora_deepres28_w128,12,32,xorflow,O0,262144,42224,19612,22612,0.4644751799924214,33426,1447168,53060,1533654,4179,677,10847,488916
cora_deepres28_w128,12,32,free_support,O0,262144,42224,19612,22612,0.4644751799924214,0,1447168,53060,1500228,0,677,6538,488916
cora_deepres28_w128,12,32,beicsr,O0,524288,42224,28496,13728,0.6748768472906403,0,878592,53060,931652,0,677,4317,445588
cora_deepres28_w128,12,32,xorflow,O0,524288,42224,28496,13728,0.6748768472906403,33426,878592,53060,965078,4179,677,8626,488916
cora_deepres28_w128,12,32,free_support,O0,524288,42224,28496,13728,0.6748768472906403,0,878592,53060,931652,0,677,4317,488916
cora_deepres28_w128,12,32,beicsr,O0,1048576,42224,31392,10832,0.7434634331186055,0,693248,53060,746308,0,677,3593,445588
cora_deepres28_w128,12,32,xorflow,O0,1048576,42224,31392,10832,0.7434634331186055,33426,693248,53060,779734,4179,677,7902,488916
cora_deepres28_w128,12,32,free_support,O0,1048576,42224,31392,10832,0.7434634331186055,0,693248,53060,746308,0,677,3593,488916
cora_deepres28_w128,16,32,beicsr,O0,262144,42224,19612,22612,0.4644751799924214,0,1447168,53060,1500228,0,677,6538,455200
cora_deepres28_w128,16,32,xorflow,O0,262144,42224,19612,22612,0.4644751799924214,19730,1447168,53060,1519958,2467,677,9082,498528
cora_deepres28_w128,16,32,free_support,O0,262144,42224,19612,22612,0.4644751799924214,0,1447168,53060,1500228,0,677,6538,498528
cora_deepres28_w128,16,32,beicsr,O0,524288,42224,28496,13728,0.6748768472906403,0,878592,53060,931652,0,677,4317,455200
cora_deepres28_w128,16,32,xorflow,O0,524288,42224,28496,13728,0.6748768472906403,19730,878592,53060,951382,2467,677,6861,498528
cora_deepres28_w128,16,32,free_support,O0,524288,42224,28496,13728,0.6748768472906403,0,878592,53060,931652,0,677,4317,498528
cora_deepres28_w128,16,32,beicsr,O0,1048576,42224,31392,10832,0.7434634331186055,0,693248,53060,746308,0,677,3593,455200
cora_deepres28_w128,16,32,xorflow,O0,1048576,42224,31392,10832,0.7434634331186055,19730,693248,53060,766038,2467,677,6137,498528
cora_deepres28_w128,16,32,free_support,O0,1048576,42224,31392,10832,0.7434634331186055,0,693248,53060,746308,0,677,3593,498528
cora_deepres28_w128,20,32,beicsr,O0,262144,42224,19612,22612,0.4644751799924214,0,1447168,53060,1500228,0,677,6538,460687
cora_deepres28_w128,20,32,xorflow,O0,262144,42224,19612,22612,0.4644751799924214,25106,1447168,53060,1525334,3139,677,9775,504015
cora_deepres28_w128,20,32,free_support,O0,262144,42224,19612,22612,0.4644751799924214,0,1447168,53060,1500228,0,677,6538,504015
cora_deepres28_w128,20,32,beicsr,O0,524288,42224,28496,13728,0.6748768472906403,0,878592,53060,931652,0,677,4317,460687
cora_deepres28_w128,20,32,xorflow,O0,524288,42224,28496,13728,0.6748768472906403,25106,878592,53060,956758,3139,677,7554,504015
cora_deepres28_w128,20,32,free_support,O0,524288,42224,28496,13728,0.6748768472906403,0,878592,53060,931652,0,677,4317,504015
cora_deepres28_w128,20,32,beicsr,O0,1048576,42224,31392,10832,0.7434634331186055,0,693248,53060,746308,0,677,3593,460687
cora_deepres28_w128,20,32,xorflow,O0,1048576,42224,31392,10832,0.7434634331186055,25106,693248,53060,771414,3139,677,6830,504015
cora_deepres28_w128,20,32,free_support,O0,1048576,42224,31392,10832,0.7434634331186055,0,693248,53060,746308,0,677,3593,504015
cora_deepres28_w128,24,32,beicsr,O0,262144,42224,19612,22612,0.4644751799924214,0,1447168,53060,1500228,0,677,6538,467809
cora_deepres28_w128,24,32,xorflow,O0,262144,42224,19612,22612,0.4644751799924214,33810,1447168,53060,1534038,4227,677,10897,511137
cora_deepres28_w128,24,32,free_support,O0,262144,42224,19612,22612,0.4644751799924214,0,1447168,53060,1500228,0,677,6538,511137
cora_deepres28_w128,24,32,beicsr,O0,524288,42224,28496,13728,0.6748768472906403,0,878592,53060,931652,0,677,4317,467809
cora_deepres28_w128,24,32,xorflow,O0,524288,42224,28496,13728,0.6748768472906403,33810,878592,53060,965462,4227,677,8676,511137
cora_deepres28_w128,24,32,free_support,O0,524288,42224,28496,13728,0.6748768472906403,0,878592,53060,931652,0,677,4317,511137
cora_deepres28_w128,24,32,beicsr,O0,1048576,42224,31392,10832,0.7434634331186055,0,693248,53060,746308,0,677,3593,467809
cora_deepres28_w128,24,32,xorflow,O0,1048576,42224,31392,10832,0.7434634331186055,33810,693248,53060,780118,4227,677,7952,511137
cora_deepres28_w128,24,32,free_support,O0,1048576,42224,31392,10832,0.7434634331186055,0,693248,53060,746308,0,677,3593,511137
cora_deepres28_w128,28,32,beicsr,O0,262144,42224,19612,22612,0.4644751799924214,0,1447168,53060,1500228,0,677,6538,471507
cora_deepres28_w128,28,32,xorflow,O0,262144,42224,19612,22612,0.4644751799924214,39890,1447168,53060,1540118,4987,677,11681,514835
cora_deepres28_w128,28,32,free_support,O0,262144,42224,19612,22612,0.4644751799924214,0,1447168,53060,1500228,0,677,6538,514835
cora_deepres28_w128,28,32,beicsr,O0,524288,42224,28496,13728,0.6748768472906403,0,878592,53060,931652,0,677,4317,471507
cora_deepres28_w128,28,32,xorflow,O0,524288,42224,28496,13728,0.6748768472906403,39890,878592,53060,971542,4987,677,9460,514835
cora_deepres28_w128,28,32,free_support,O0,524288,42224,28496,13728,0.6748768472906403,0,878592,53060,931652,0,677,4317,514835
cora_deepres28_w128,28,32,beicsr,O0,1048576,42224,31392,10832,0.7434634331186055,0,693248,53060,746308,0,677,3593,471507
cora_deepres28_w128,28,32,xorflow,O0,1048576,42224,31392,10832,0.7434634331186055,39890,693248,53060,786198,4987,677,8736,514835
cora_deepres28_w128,28,32,free_support,O0,1048576,42224,31392,10832,0.7434634331186055,0,693248,53060,746308,0,677,3593,514835
cora_deepres28_w128,4,32,beicsr,O1,262144,42224,19604,22620,0.4642857142857143,0,1447680,53060,1500740,0,677,6540,439090
cora_deepres28_w128,4,32,xorflow,O1,262144,42224,19604,22620,0.4642857142857143,52626,1447680,53060,1553366,6579,677,13324,482418
cora_deepres28_w128,4,32,free_support,O1,262144,42224,19604,22620,0.4642857142857143,0,1447680,53060,1500740,0,677,6540,482418
cora_deepres28_w128,4,32,beicsr,O1,524288,42224,28496,13728,0.6748768472906403,0,878592,53060,931652,0,677,4317,439090
cora_deepres28_w128,4,32,xorflow,O1,524288,42224,28496,13728,0.6748768472906403,52626,878592,53060,984278,6579,677,11101,482418
cora_deepres28_w128,4,32,free_support,O1,524288,42224,28496,13728,0.6748768472906403,0,878592,53060,931652,0,677,4317,482418
cora_deepres28_w128,4,32,beicsr,O1,1048576,42224,31392,10832,0.7434634331186055,0,693248,53060,746308,0,677,3593,439090
cora_deepres28_w128,4,32,xorflow,O1,1048576,42224,31392,10832,0.7434634331186055,52626,693248,53060,798934,6579,677,10377,482418
cora_deepres28_w128,4,32,free_support,O1,1048576,42224,31392,10832,0.7434634331186055,0,693248,53060,746308,0,677,3593,482418
cora_deepres28_w128,8,32,beicsr,O1,262144,42224,19604,22620,0.4642857142857143,0,1447680,53060,1500740,0,677,6540,440034
cora_deepres28_w128,8,32,xorflow,O1,262144,42224,19604,22620,0.4642857142857143,43474,1447680,53060,1544214,5435,677,12145,483362
cora_deepres28_w128,8,32,free_support,O1,262144,42224,19604,22620,0.4642857142857143,0,1447680,53060,1500740,0,677,6540,483362
cora_deepres28_w128,8,32,beicsr,O1,524288,42224,28496,13728,0.6748768472906403,0,878592,53060,931652,0,677,4317,440034
cora_deepres28_w128,8,32,xorflow,O1,524288,42224,28496,13728,0.6748768472906403,43474,878592,53060,975126,5435,677,9922,483362
cora_deepres28_w128,8,32,free_support,O1,524288,42224,28496,13728,0.6748768472906403,0,878592,53060,931652,0,677,4317,483362
cora_deepres28_w128,8,32,beicsr,O1,1048576,42224,31392,10832,0.7434634331186055,0,693248,53060,746308,0,677,3593,440034
cora_deepres28_w128,8,32,xorflow,O1,1048576,42224,31392,10832,0.7434634331186055,43474,693248,53060,789782,5435,677,9198,483362
cora_deepres28_w128,8,32,free_support,O1,1048576,42224,31392,10832,0.7434634331186055,0,693248,53060,746308,0,677,3593,483362
cora_deepres28_w128,12,32,beicsr,O1,262144,42224,19604,22620,0.4642857142857143,0,1447680,53060,1500740,0,677,6540,445588
cora_deepres28_w128,12,32,xorflow,O1,262144,42224,19604,22620,0.4642857142857143,33426,1447680,53060,1534166,4179,677,10849,488916
cora_deepres28_w128,12,32,free_support,O1,262144,42224,19604,22620,0.4642857142857143,0,1447680,53060,1500740,0,677,6540,488916
cora_deepres28_w128,12,32,beicsr,O1,524288,42224,28496,13728,0.6748768472906403,0,878592,53060,931652,0,677,4317,445588
cora_deepres28_w128,12,32,xorflow,O1,524288,42224,28496,13728,0.6748768472906403,33426,878592,53060,965078,4179,677,8626,488916
cora_deepres28_w128,12,32,free_support,O1,524288,42224,28496,13728,0.6748768472906403,0,878592,53060,931652,0,677,4317,488916
cora_deepres28_w128,12,32,beicsr,O1,1048576,42224,31392,10832,0.7434634331186055,0,693248,53060,746308,0,677,3593,445588
cora_deepres28_w128,12,32,xorflow,O1,1048576,42224,31392,10832,0.7434634331186055,33426,693248,53060,779734,4179,677,7902,488916
cora_deepres28_w128,12,32,free_support,O1,1048576,42224,31392,10832,0.7434634331186055,0,693248,53060,746308,0,677,3593,488916
cora_deepres28_w128,16,32,beicsr,O1,262144,42224,19604,22620,0.4642857142857143,0,1447680,53060,1500740,0,677,6540,455200
cora_deepres28_w128,16,32,xorflow,O1,262144,42224,19604,22620,0.4642857142857143,19730,1447680,53060,1520470,2467,677,9084,498528
cora_deepres28_w128,16,32,free_support,O1,262144,42224,19604,22620,0.4642857142857143,0,1447680,53060,1500740,0,677,6540,498528
cora_deepres28_w128,16,32,beicsr,O1,524288,42224,28496,13728,0.6748768472906403,0,878592,53060,931652,0,677,4317,455200
cora_deepres28_w128,16,32,xorflow,O1,524288,42224,28496,13728,0.6748768472906403,19730,878592,53060,951382,2467,677,6861,498528
cora_deepres28_w128,16,32,free_support,O1,524288,42224,28496,13728,0.6748768472906403,0,878592,53060,931652,0,677,4317,498528
cora_deepres28_w128,16,32,beicsr,O1,1048576,42224,31392,10832,0.7434634331186055,0,693248,53060,746308,0,677,3593,455200
cora_deepres28_w128,16,32,xorflow,O1,1048576,42224,31392,10832,0.7434634331186055,19730,693248,53060,766038,2467,677,6137,498528
cora_deepres28_w128,16,32,free_support,O1,1048576,42224,31392,10832,0.7434634331186055,0,693248,53060,746308,0,677,3593,498528
cora_deepres28_w128,20,32,beicsr,O1,262144,42224,19604,22620,0.4642857142857143,0,1447680,53060,1500740,0,677,6540,460687
cora_deepres28_w128,20,32,xorflow,O1,262144,42224,19604,22620,0.4642857142857143,25106,1447680,53060,1525846,3139,677,9777,504015
cora_deepres28_w128,20,32,free_support,O1,262144,42224,19604,22620,0.4642857142857143,0,1447680,53060,1500740,0,677,6540,504015
cora_deepres28_w128,20,32,beicsr,O1,524288,42224,28496,13728,0.6748768472906403,0,878592,53060,931652,0,677,4317,460687
cora_deepres28_w128,20,32,xorflow,O1,524288,42224,28496,13728,0.6748768472906403,25106,878592,53060,956758,3139,677,7554,504015
cora_deepres28_w128,20,32,free_support,O1,524288,42224,28496,13728,0.6748768472906403,0,878592,53060,931652,0,677,4317,504015
cora_deepres28_w128,20,32,beicsr,O1,1048576,42224,31392,10832,0.7434634331186055,0,693248,53060,746308,0,677,3593,460687
cora_deepres28_w128,20,32,xorflow,O1,1048576,42224,31392,10832,0.7434634331186055,25106,693248,53060,771414,3139,677,6830,504015
cora_deepres28_w128,20,32,free_support,O1,1048576,42224,31392,10832,0.7434634331186055,0,693248,53060,746308,0,677,3593,504015
cora_deepres28_w128,24,32,beicsr,O1,262144,42224,19604,22620,0.4642857142857143,0,1447680,53060,1500740,0,677,6540,467809
cora_deepres28_w128,24,32,xorflow,O1,262144,42224,19604,22620,0.4642857142857143,33810,1447680,53060,1534550,4227,677,10899,511137
cora_deepres28_w128,24,32,free_support,O1,262144,42224,19604,22620,0.4642857142857143,0,1447680,53060,1500740,0,677,6540,511137
cora_deepres28_w128,24,32,beicsr,O1,524288,42224,28496,13728,0.6748768472906403,0,878592,53060,931652,0,677,4317,467809
cora_deepres28_w128,24,32,xorflow,O1,524288,42224,28496,13728,0.6748768472906403,33810,878592,53060,965462,4227,677,8676,511137
cora_deepres28_w128,24,32,free_support,O1,524288,42224,28496,13728,0.6748768472906403,0,878592,53060,931652,0,677,4317,511137
cora_deepres28_w128,24,32,beicsr,O1,1048576,42224,31392,10832,0.7434634331186055,0,693248,53060,746308,0,677,3593,467809
cora_deepres28_w128,24,32,xorflow,O1,1048576,42224,31392,10832,0.7434634331186055,33810,693248,53060,780118,4227,677,7952,511137
cora_deepres28_w128,24,32,free_support,O1,1048576,42224,31392,10832,0.7434634331186055,0,693248,53060,746308,0,677,3593,511137
cora_deepres28_w128,28,32,beicsr,O1,262144,42224,19604,22620,0.4642857142857143,0,1447680,53060,1500740,0,677,6540,471507
cora_deepres28_w128,28,32,xorflow,O1,262144,42224,19604,22620,0.4642857142857143,39890,1447680,53060,1540630,4987,677,11683,514835
cora_deepres28_w128,28,32,free_support,O1,262144,42224,19604,22620,0.4642857142857143,0,1447680,53060,1500740,0,677,6540,514835
cora_deepres28_w128,28,32,beicsr,O1,524288,42224,28496,13728,0.6748768472906403,0,878592,53060,931652,0,677,4317,471507
cora_deepres28_w128,28,32,xorflow,O1,524288,42224,28496,13728,0.6748768472906403,39890,878592,53060,971542,4987,677,9460,514835
cora_deepres28_w128,28,32,free_support,O1,524288,42224,28496,13728,0.6748768472906403,0,878592,53060,931652,0,677,4317,514835
cora_deepres28_w128,28,32,beicsr,O1,1048576,42224,31392,10832,0.7434634331186055,0,693248,53060,746308,0,677,3593,471507
cora_deepres28_w128,28,32,xorflow,O1,1048576,42224,31392,10832,0.7434634331186055,39890,693248,53060,786198,4987,677,8736,514835
cora_deepres28_w128,28,32,free_support,O1,1048576,42224,31392,10832,0.7434634331186055,0,693248,53060,746308,0,677,3593,514835
cora_deepres28_w128,4,64,beicsr,O0,262144,21112,9806,11306,0.4644751799924214,0,723584,53060,776644,0,339,3373,114130
cora_deepres28_w128,4,64,xorflow,O0,262144,21112,9806,11306,0.4644751799924214,49965,723584,53060,826609,6246,339,9814,157458
cora_deepres28_w128,4,64,free_support,O0,262144,21112,9806,11306,0.4644751799924214,0,723584,53060,776644,0,339,3373,157458
cora_deepres28_w128,4,64,beicsr,O0,524288,21112,14248,6864,0.6748768472906403,0,439296,53060,492356,0,339,2263,114130
cora_deepres28_w128,4,64,xorflow,O0,524288,21112,14248,6864,0.6748768472906403,49965,439296,53060,542321,6246,339,8704,157458
cora_deepres28_w128,4,64,free_support,O0,524288,21112,14248,6864,0.6748768472906403,0,439296,53060,492356,0,339,2263,157458
cora_deepres28_w128,4,64,beicsr,O0,1048576,21112,15696,5416,0.7434634331186055,0,346624,53060,399684,0,339,1901,114130
cora_deepres28_w128,4,64,xorflow,O0,1048576,21112,15696,5416,0.7434634331186055,49965,346624,53060,449649,6246,339,8342,157458
cora_deepres28_w128,4,64,free_support,O0,1048576,21112,15696,5416,0.7434634331186055,0,346624,53060,399684,0,339,1901,157458
cora_deepres28_w128,8,64,beicsr,O0,262144,21112,9806,11306,0.4644751799924214,0,723584,53060,776644,0,339,3373,115074
cora_deepres28_w128,8,64,xorflow,O0,262144,21112,9806,11306,0.4644751799924214,42285,723584,53060,818929,5286,339,8824,158402
cora_deepres28_w128,8,64,free_support,O0,262144,21112,9806,11306,0.4644751799924214,0,723584,53060,776644,0,339,3373,158402
cora_deepres28_w128,8,64,beicsr,O0,524288,21112,14248,6864,0.6748768472906403,0,439296,53060,492356,0,339,2263,115074
cora_deepres28_w128,8,64,xorflow,O0,524288,21112,14248,6864,0.6748768472906403,42285,439296,53060,534641,5286,339,7714,158402
cora_deepres28_w128,8,64,free_support,O0,524288,21112,14248,6864,0.6748768472906403,0,439296,53060,492356,0,339,2263,158402
cora_deepres28_w128,8,64,beicsr,O0,1048576,21112,15696,5416,0.7434634331186055,0,346624,53060,399684,0,339,1901,115074
cora_deepres28_w128,8,64,xorflow,O0,1048576,21112,15696,5416,0.7434634331186055,42285,346624,53060,441969,5286,339,7352,158402
cora_deepres28_w128,8,64,free_support,O0,1048576,21112,15696,5416,0.7434634331186055,0,346624,53060,399684,0,339,1901,158402
cora_deepres28_w128,12,64,beicsr,O0,262144,21112,9806,11306,0.4644751799924214,0,723584,53060,776644,0,339,3373,120628
cora_deepres28_w128,12,64,xorflow,O0,262144,21112,9806,11306,0.4644751799924214,31341,723584,53060,807985,3918,339,7414,163956
cora_deepres28_w128,12,64,free_support,O0,262144,21112,9806,11306,0.4644751799924214,0,723584,53060,776644,0,339,3373,163956
cora_deepres28_w128,12,64,beicsr,O0,524288,21112,14248,6864,0.6748768472906403,0,439296,53060,492356,0,339,2263,120628
cora_deepres28_w128,12,64,xorflow,O0,524288,21112,14248,6864,0.6748768472906403,31341,439296,53060,523697,3918,339,6303,163956
cora_deepres28_w128,12,64,free_support,O0,524288,21112,14248,6864,0.6748768472906403,0,439296,53060,492356,0,339,2263,163956
cora_deepres28_w128,12,64,beicsr,O0,1048576,21112,15696,5416,0.7434634331186055,0,346624,53060,399684,0,339,1901,120628
cora_deepres28_w128,12,64,xorflow,O0,1048576,21112,15696,5416,0.7434634331186055,31341,346624,53060,431025,3918,339,5941,163956
cora_deepres28_w128,12,64,free_support,O0,1048576,21112,15696,5416,0.7434634331186055,0,346624,53060,399684,0,339,1901,163956
cora_deepres28_w128,16,64,beicsr,O0,262144,21112,9806,11306,0.4644751799924214,0,723584,53060,776644,0,339,3373,130240
cora_deepres28_w128,16,64,xorflow,O0,262144,21112,9806,11306,0.4644751799924214,16813,723584,53060,793457,2102,339,5541,173568
cora_deepres28_w128,16,64,free_support,O0,262144,21112,9806,11306,0.4644751799924214,0,723584,53060,776644,0,339,3373,173568
cora_deepres28_w128,16,64,beicsr,O0,524288,21112,14248,6864,0.6748768472906403,0,439296,53060,492356,0,339,2263,130240
cora_deepres28_w128,16,64,xorflow,O0,524288,21112,14248,6864,0.6748768472906403,16813,439296,53060,509169,2102,339,4430,173568
cora_deepres28_w128,16,64,free_support,O0,524288,21112,14248,6864,0.6748768472906403,0,439296,53060,492356,0,339,2263,173568
cora_deepres28_w128,16,64,beicsr,O0,1048576,21112,15696,5416,0.7434634331186055,0,346624,53060,399684,0,339,1901,130240
cora_deepres28_w128,16,64,xorflow,O0,1048576,21112,15696,5416,0.7434634331186055,16813,346624,53060,416497,2102,339,4068,173568
cora_deepres28_w128,16,64,free_support,O0,1048576,21112,15696,5416,0.7434634331186055,0,346624,53060,399684,0,339,1901,173568
cora_deepres28_w128,20,64,beicsr,O0,262144,21112,9806,11306,0.4644751799924214,0,723584,53060,776644,0,339,3373,135727
cora_deepres28_w128,20,64,xorflow,O0,262144,21112,9806,11306,0.4644751799924214,23341,723584,53060,799985,2918,339,6382,179055
cora_deepres28_w128,20,64,free_support,O0,262144,21112,9806,11306,0.4644751799924214,0,723584,53060,776644,0,339,3373,179055
cora_deepres28_w128,20,64,beicsr,O0,524288,21112,14248,6864,0.6748768472906403,0,439296,53060,492356,0,339,2263,135727
cora_deepres28_w128,20,64,xorflow,O0,524288,21112,14248,6864,0.6748768472906403,23341,439296,53060,515697,2918,339,5272,179055
cora_deepres28_w128,20,64,free_support,O0,524288,21112,14248,6864,0.6748768472906403,0,439296,53060,492356,0,339,2263,179055
cora_deepres28_w128,20,64,beicsr,O0,1048576,21112,15696,5416,0.7434634331186055,0,346624,53060,399684,0,339,1901,135727
cora_deepres28_w128,20,64,xorflow,O0,1048576,21112,15696,5416,0.7434634331186055,23341,346624,53060,423025,2918,339,4910,179055
cora_deepres28_w128,20,64,free_support,O0,1048576,21112,15696,5416,0.7434634331186055,0,346624,53060,399684,0,339,1901,179055
cora_deepres28_w128,24,64,beicsr,O0,262144,21112,9806,11306,0.4644751799924214,0,723584,53060,776644,0,339,3373,142849
cora_deepres28_w128,24,64,xorflow,O0,262144,21112,9806,11306,0.4644751799924214,32749,723584,53060,809393,4094,339,7595,186177
cora_deepres28_w128,24,64,free_support,O0,262144,21112,9806,11306,0.4644751799924214,0,723584,53060,776644,0,339,3373,186177
cora_deepres28_w128,24,64,beicsr,O0,524288,21112,14248,6864,0.6748768472906403,0,439296,53060,492356,0,339,2263,142849
cora_deepres28_w128,24,64,xorflow,O0,524288,21112,14248,6864,0.6748768472906403,32749,439296,53060,525105,4094,339,6485,186177
cora_deepres28_w128,24,64,free_support,O0,524288,21112,14248,6864,0.6748768472906403,0,439296,53060,492356,0,339,2263,186177
cora_deepres28_w128,24,64,beicsr,O0,1048576,21112,15696,5416,0.7434634331186055,0,346624,53060,399684,0,339,1901,142849
cora_deepres28_w128,24,64,xorflow,O0,1048576,21112,15696,5416,0.7434634331186055,32749,346624,53060,432433,4094,339,6123,186177
cora_deepres28_w128,24,64,free_support,O0,1048576,21112,15696,5416,0.7434634331186055,0,346624,53060,399684,0,339,1901,186177
cora_deepres28_w128,28,64,beicsr,O0,262144,21112,9806,11306,0.4644751799924214,0,723584,53060,776644,0,339,3373,146547
cora_deepres28_w128,28,64,xorflow,O0,262144,21112,9806,11306,0.4644751799924214,39341,723584,53060,815985,4918,339,8445,189875
cora_deepres28_w128,28,64,free_support,O0,262144,21112,9806,11306,0.4644751799924214,0,723584,53060,776644,0,339,3373,189875
cora_deepres28_w128,28,64,beicsr,O0,524288,21112,14248,6864,0.6748768472906403,0,439296,53060,492356,0,339,2263,146547
cora_deepres28_w128,28,64,xorflow,O0,524288,21112,14248,6864,0.6748768472906403,39341,439296,53060,531697,4918,339,7334,189875
cora_deepres28_w128,28,64,free_support,O0,524288,21112,14248,6864,0.6748768472906403,0,439296,53060,492356,0,339,2263,189875
cora_deepres28_w128,28,64,beicsr,O0,1048576,21112,15696,5416,0.7434634331186055,0,346624,53060,399684,0,339,1901,146547
cora_deepres28_w128,28,64,xorflow,O0,1048576,21112,15696,5416,0.7434634331186055,39341,346624,53060,439025,4918,339,6972,189875
cora_deepres28_w128,28,64,free_support,O0,1048576,21112,15696,5416,0.7434634331186055,0,346624,53060,399684,0,339,1901,189875
cora_deepres28_w128,4,64,beicsr,O1,262144,21112,9802,11310,0.4642857142857143,0,723840,53060,776900,0,339,3374,114130
cora_deepres28_w128,4,64,xorflow,O1,262144,21112,9802,11310,0.4642857142857143,49965,723840,53060,826865,6246,339,9815,157458
cora_deepres28_w128,4,64,free_support,O1,262144,21112,9802,11310,0.4642857142857143,0,723840,53060,776900,0,339,3374,157458
cora_deepres28_w128,4,64,beicsr,O1,524288,21112,14248,6864,0.6748768472906403,0,439296,53060,492356,0,339,2263,114130
cora_deepres28_w128,4,64,xorflow,O1,524288,21112,14248,6864,0.6748768472906403,49965,439296,53060,542321,6246,339,8704,157458
cora_deepres28_w128,4,64,free_support,O1,524288,21112,14248,6864,0.6748768472906403,0,439296,53060,492356,0,339,2263,157458
cora_deepres28_w128,4,64,beicsr,O1,1048576,21112,15696,5416,0.7434634331186055,0,346624,53060,399684,0,339,1901,114130
cora_deepres28_w128,4,64,xorflow,O1,1048576,21112,15696,5416,0.7434634331186055,49965,346624,53060,449649,6246,339,8342,157458
cora_deepres28_w128,4,64,free_support,O1,1048576,21112,15696,5416,0.7434634331186055,0,346624,53060,399684,0,339,1901,157458
cora_deepres28_w128,8,64,beicsr,O1,262144,21112,9802,11310,0.4642857142857143,0,723840,53060,776900,0,339,3374,115074
cora_deepres28_w128,8,64,xorflow,O1,262144,21112,9802,11310,0.4642857142857143,42285,723840,53060,819185,5286,339,8825,158402
cora_deepres28_w128,8,64,free_support,O1,262144,21112,9802,11310,0.4642857142857143,0,723840,53060,776900,0,339,3374,158402
cora_deepres28_w128,8,64,beicsr,O1,524288,21112,14248,6864,0.6748768472906403,0,439296,53060,492356,0,339,2263,115074
cora_deepres28_w128,8,64,xorflow,O1,524288,21112,14248,6864,0.6748768472906403,42285,439296,53060,534641,5286,339,7714,158402
cora_deepres28_w128,8,64,free_support,O1,524288,21112,14248,6864,0.6748768472906403,0,439296,53060,492356,0,339,2263,158402
cora_deepres28_w128,8,64,beicsr,O1,1048576,21112,15696,5416,0.7434634331186055,0,346624,53060,399684,0,339,1901,115074
cora_deepres28_w128,8,64,xorflow,O1,1048576,21112,15696,5416,0.7434634331186055,42285,346624,53060,441969,5286,339,7352,158402
cora_deepres28_w128,8,64,free_support,O1,1048576,21112,15696,5416,0.7434634331186055,0,346624,53060,399684,0,339,1901,158402
cora_deepres28_w128,12,64,beicsr,O1,262144,21112,9802,11310,0.4642857142857143,0,723840,53060,776900,0,339,3374,120628
cora_deepres28_w128,12,64,xorflow,O1,262144,21112,9802,11310,0.4642857142857143,31341,723840,53060,808241,3918,339,7415,163956
cora_deepres28_w128,12,64,free_support,O1,262144,21112,9802,11310,0.4642857142857143,0,723840,53060,776900,0,339,3374,163956
cora_deepres28_w128,12,64,beicsr,O1,524288,21112,14248,6864,0.6748768472906403,0,439296,53060,492356,0,339,2263,120628
cora_deepres28_w128,12,64,xorflow,O1,524288,21112,14248,6864,0.6748768472906403,31341,439296,53060,523697,3918,339,6303,163956
cora_deepres28_w128,12,64,free_support,O1,524288,21112,14248,6864,0.6748768472906403,0,439296,53060,492356,0,339,2263,163956
cora_deepres28_w128,12,64,beicsr,O1,1048576,21112,15696,5416,0.7434634331186055,0,346624,53060,399684,0,339,1901,120628
cora_deepres28_w128,12,64,xorflow,O1,1048576,21112,15696,5416,0.7434634331186055,31341,346624,53060,431025,3918,339,5941,163956
cora_deepres28_w128,12,64,free_support,O1,1048576,21112,15696,5416,0.7434634331186055,0,346624,53060,399684,0,339,1901,163956
cora_deepres28_w128,16,64,beicsr,O1,262144,21112,9802,11310,0.4642857142857143,0,723840,53060,776900,0,339,3374,130240
cora_deepres28_w128,16,64,xorflow,O1,262144,21112,9802,11310,0.4642857142857143,16813,723840,53060,793713,2102,339,5542,173568
cora_deepres28_w128,16,64,free_support,O1,262144,21112,9802,11310,0.4642857142857143,0,723840,53060,776900,0,339,3374,173568
cora_deepres28_w128,16,64,beicsr,O1,524288,21112,14248,6864,0.6748768472906403,0,439296,53060,492356,0,339,2263,130240
cora_deepres28_w128,16,64,xorflow,O1,524288,21112,14248,6864,0.6748768472906403,16813,439296,53060,509169,2102,339,4430,173568
cora_deepres28_w128,16,64,free_support,O1,524288,21112,14248,6864,0.6748768472906403,0,439296,53060,492356,0,339,2263,173568
cora_deepres28_w128,16,64,beicsr,O1,1048576,21112,15696,5416,0.7434634331186055,0,346624,53060,399684,0,339,1901,130240
cora_deepres28_w128,16,64,xorflow,O1,1048576,21112,15696,5416,0.7434634331186055,16813,346624,53060,416497,2102,339,4068,173568
cora_deepres28_w128,16,64,free_support,O1,1048576,21112,15696,5416,0.7434634331186055,0,346624,53060,399684,0,339,1901,173568
cora_deepres28_w128,20,64,beicsr,O1,262144,21112,9802,11310,0.4642857142857143,0,723840,53060,776900,0,339,3374,135727
cora_deepres28_w128,20,64,xorflow,O1,262144,21112,9802,11310,0.4642857142857143,23341,723840,53060,800241,2918,339,6383,179055
cora_deepres28_w128,20,64,free_support,O1,262144,21112,9802,11310,0.4642857142857143,0,723840,53060,776900,0,339,3374,179055
cora_deepres28_w128,20,64,beicsr,O1,524288,21112,14248,6864,0.6748768472906403,0,439296,53060,492356,0,339,2263,135727
cora_deepres28_w128,20,64,xorflow,O1,524288,21112,14248,6864,0.6748768472906403,23341,439296,53060,515697,2918,339,5272,179055
cora_deepres28_w128,20,64,free_support,O1,524288,21112,14248,6864,0.6748768472906403,0,439296,53060,492356,0,339,2263,179055
cora_deepres28_w128,20,64,beicsr,O1,1048576,21112,15696,5416,0.7434634331186055,0,346624,53060,399684,0,339,1901,135727
cora_deepres28_w128,20,64,xorflow,O1,1048576,21112,15696,5416,0.7434634331186055,23341,346624,53060,423025,2918,339,4910,179055
cora_deepres28_w128,20,64,free_support,O1,1048576,21112,15696,5416,0.7434634331186055,0,346624,53060,399684,0,339,1901,179055
cora_deepres28_w128,24,64,beicsr,O1,262144,21112,9802,11310,0.4642857142857143,0,723840,53060,776900,0,339,3374,142849
cora_deepres28_w128,24,64,xorflow,O1,262144,21112,9802,11310,0.4642857142857143,32749,723840,53060,809649,4094,339,7596,186177
cora_deepres28_w128,24,64,free_support,O1,262144,21112,9802,11310,0.4642857142857143,0,723840,53060,776900,0,339,3374,186177
cora_deepres28_w128,24,64,beicsr,O1,524288,21112,14248,6864,0.6748768472906403,0,439296,53060,492356,0,339,2263,142849
cora_deepres28_w128,24,64,xorflow,O1,524288,21112,14248,6864,0.6748768472906403,32749,439296,53060,525105,4094,339,6485,186177
cora_deepres28_w128,24,64,free_support,O1,524288,21112,14248,6864,0.6748768472906403,0,439296,53060,492356,0,339,2263,186177
cora_deepres28_w128,24,64,beicsr,O1,1048576,21112,15696,5416,0.7434634331186055,0,346624,53060,399684,0,339,1901,142849
cora_deepres28_w128,24,64,xorflow,O1,1048576,21112,15696,5416,0.7434634331186055,32749,346624,53060,432433,4094,339,6123,186177
cora_deepres28_w128,24,64,free_support,O1,1048576,21112,15696,5416,0.7434634331186055,0,346624,53060,399684,0,339,1901,186177
cora_deepres28_w128,28,64,beicsr,O1,262144,21112,9802,11310,0.4642857142857143,0,723840,53060,776900,0,339,3374,146547
cora_deepres28_w128,28,64,xorflow,O1,262144,21112,9802,11310,0.4642857142857143,39341,723840,53060,816241,4918,339,8446,189875
cora_deepres28_w128,28,64,free_support,O1,262144,21112,9802,11310,0.4642857142857143,0,723840,53060,776900,0,339,3374,189875
cora_deepres28_w128,28,64,beicsr,O1,524288,21112,14248,6864,0.6748768472906403,0,439296,53060,492356,0,339,2263,146547
cora_deepres28_w128,28,64,xorflow,O1,524288,21112,14248,6864,0.6748768472906403,39341,439296,53060,531697,4918,339,7334,189875
cora_deepres28_w128,28,64,free_support,O1,524288,21112,14248,6864,0.6748768472906403,0,439296,53060,492356,0,339,2263,189875
cora_deepres28_w128,28,64,beicsr,O1,1048576,21112,15696,5416,0.7434634331186055,0,346624,53060,399684,0,339,1901,146547
cora_deepres28_w128,28,64,xorflow,O1,1048576,21112,15696,5416,0.7434634331186055,39341,346624,53060,439025,4918,339,6972,189875
cora_deepres28_w128,28,64,free_support,O1,1048576,21112,15696,5416,0.7434634331186055,0,346624,53060,399684,0,339,1901,189875
cora_deepres28_w128,4,96,beicsr,O0,262144,23915,11978,11937,0.5008572025925152,0,763968,53060,817028,0,339,3531,154514
cora_deepres28_w128,4,96,xorflow,O0,262144,21112,9806,11306,0.4644751799924214,49938,723584,53060,826582,6243,339,9811,157458
cora_deepres28_w128,4,96,free_support,O0,262144,21112,9806,11306,0.4644751799924214,0,723584,53060,776644,0,339,3373,157458
cora_deepres28_w128,4,96,beicsr,O0,524288,23915,16420,7495,0.6865983692243361,0,479680,53060,532740,0,339,2421,154514
cora_deepres28_w128,4,96,xorflow,O0,524288,21112,14248,6864,0.6748768472906403,49938,439296,53060,542294,6243,339,8701,157458
cora_deepres28_w128,4,96,free_support,O0,524288,21112,14248,6864,0.6748768472906403,0,439296,53060,492356,0,339,2263,157458
cora_deepres28_w128,4,96,beicsr,O0,1048576,23915,17868,6047,0.7471461425883337,0,387008,53060,440068,0,339,2059,154514
cora_deepres28_w128,4,96,xorflow,O0,1048576,21112,15696,5416,0.7434634331186055,49938,346624,53060,449622,6243,339,8339,157458
cora_deepres28_w128,4,96,free_support,O0,1048576,21112,15696,5416,0.7434634331186055,0,346624,53060,399684,0,339,1901,157458
cora_deepres28_w128,8,96,beicsr,O0,262144,23961,11972,11989,0.49964525687575645,0,767296,53060,820356,0,339,3544,158722
cora_deepres28_w128,8,96,xorflow,O0,262144,21112,9806,11306,0.4644751799924214,42386,723584,53060,819030,5299,339,8838,158402
cora_deepres28_w128,8,96,free_support,O0,262144,21112,9806,11306,0.4644751799924214,0,723584,53060,776644,0,339,3373,158402
cora_deepres28_w128,8,96,beicsr,O0,524288,23961,16415,7546,0.6850715746421268,0,482944,53060,536004,0,339,2433,158722
cora_deepres28_w128,8,96,xorflow,O0,524288,21112,14248,6864,0.6748768472906403,42386,439296,53060,534742,5299,339,7727,158402
cora_deepres28_w128,8,96,free_support,O0,524288,21112,14248,6864,0.6748768472906403,0,439296,53060,492356,0,339,2263,158402
cora_deepres28_w128,8,96,beicsr,O0,1048576,23961,17863,6098,0.7455031092191478,0,390272,53060,443332,0,339,2071,158722
cora_deepres28_w128,8,96,xorflow,O0,1048576,21112,15696,5416,0.7434634331186055,42386,346624,53060,442070,5299,339,7365,158402
cora_deepres28_w128,8,96,free_support,O0,1048576,21112,15696,5416,0.7434634331186055,0,346624,53060,399684,0,339,1901,158402
cora_deepres28_w128,12,96,beicsr,O0,262144,22327,10741,11586,0.4810767232498768,0,741504,53060,794564,0,339,3443,138548
cora_deepres28_w128,12,96,xorflow,O0,262144,21112,9806,11306,0.4644751799924214,31314,723584,53060,807958,3915,339,7411,163956
cora_deepres28_w128,12,96,free_support,O0,262144,21112,9806,11306,0.4644751799924214,0,723584,53060,776644,0,339,3373,163956
cora_deepres28_w128,12,96,beicsr,O0,524288,22327,15183,7144,0.6800286648452546,0,457216,53060,510276,0,339,2333,138548
cora_deepres28_w128,12,96,xorflow,O0,524288,21112,14248,6864,0.6748768472906403,31314,439296,53060,523670,3915,339,6300,163956
cora_deepres28_w128,12,96,free_support,O0,524288,21112,14248,6864,0.6748768472906403,0,439296,53060,492356,0,339,2263,163956
cora_deepres28_w128,12,96,beicsr,O0,1048576,22327,16631,5696,0.7448828772338424,0,364544,53060,417604,0,339,1971,138548
cora_deepres28_w128,12,96,xorflow,O0,1048576,21112,15696,5416,0.7434634331186055,31314,346624,53060,430998,3915,339,5938,163956
cora_deepres28_w128,12,96,free_support,O0,1048576,21112,15696,5416,0.7434634331186055,0,346624,53060,399684,0,339,1901,163956
cora_deepres28_w128,16,96,beicsr,O0,262144,21407,10023,11384,0.4682113327416266,0,728576,53060,781636,0,339,3393,135232
cora_deepres28_w128,16,96,xorflow,O0,262144,21112,9806,11306,0.4644751799924214,17042,723584,53060,793686,2131,339,5571,173568
cora_deepres28_w128,16,96,free_support,O0,262144,21112,9806,11306,0.4644751799924214,0,723584,53060,776644,0,339,3373,173568
cora_deepres28_w128,16,96,beicsr,O0,524288,21407,14465,6942,0.6757135516419863,0,444288,53060,497348,0,339,2282,135232
cora_deepres28_w128,16,96,xorflow,O0,524288,21112,14248,6864,0.6748768472906403,17042,439296,53060,509398,2131,339,4460,173568
cora_deepres28_w128,16,96,free_support,O0,524288,21112,14248,6864,0.6748768472906403,0,439296,53060,492356,0,339,2263,173568
cora_deepres28_w128,16,96,beicsr,O0,1048576,21407,15913,5494,0.7433549773438595,0,351616,53060,404676,0,339,1920,135232
cora_deepres28_w128,16,96,xorflow,O0,1048576,21112,15696,5416,0.7434634331186055,17042,346624,53060,416726,2131,339,4098,173568
cora_deepres28_w128,16,96,free_support,O0,1048576,21112,15696,5416,0.7434634331186055,0,346624,53060,399684,0,339,1901,173568
cora_deepres28_w128,20,96,beicsr,O0,262144,21246,9903,11343,0.46611126800338887,0,725952,53060,779012,0,339,3383,138095
cora_deepres28_w128,20,96,xorflow,O0,262144,21112,9806,11306,0.4644751799924214,23058,723584,53060,799702,2883,339,6346,179055
cora_deepres28_w128,20,96,free_support,O0,262144,21112,9806,11306,0.4644751799924214,0,723584,53060,776644,0,339,3373,179055
cora_deepres28_w128,20,96,beicsr,O0,524288,21246,14345,6901,0.6751859173491481,0,441664,53060,494724,0,339,2272,138095
cora_deepres28_w128,20,96,xorflow,O0,524288,21112,14248,6864,0.6748768472906403,23058,439296,53060,515414,2883,339,5236,179055
cora_deepres28_w128,20,96,free_support,O0,524288,21112,14248,6864,0.6748768472906403,0,439296,53060,492356,0,339,2263,179055
cora_deepres28_w128,20,96,beicsr,O0,1048576,21246,15793,5453,0.7433399228089993,0,348992,53060,402052,0,339,1910,138095
cora_deepres28_w128,20,96,xorflow,O0,1048576,21112,15696,5416,0.7434634331186055,23058,346624,53060,422742,2883,339,4874,179055
cora_deepres28_w128,20,96,free_support,O0,1048576,21112,15696,5416,0.7434634331186055,0,346624,53060,399684,0,339,1901,179055
cora_deepres28_w128,24,96,beicsr,O0,262144,21186,9859,11327,0.465354479373171,0,724928,53060,777988,0,339,3379,144193
cora_deepres28_w128,24,96,xorflow,O0,262144,21112,9806,11306,0.4644751799924214,33170,723584,53060,809814,4147,339,7650,186177
cora_deepres28_w128,24,96,free_support,O0,262144,21112,9806,11306,0.4644751799924214,0,723584,53060,776644,0,339,3373,186177
cora_deepres28_w128,24,96,beicsr,O0,524288,21186,14301,6885,0.6750212404418012,0,440640,53060,493700,0,339,2268,144193
cora_deepres28_w128,24,96,xorflow,O0,524288,21112,14248,6864,0.6748768472906403,33170,439296,53060,525526,4147,339,6539,186177
cora_deepres28_w128,24,96,free_support,O0,524288,21112,14248,6864,0.6748768472906403,0,439296,53060,492356,0,339,2263,186177
cora_deepres28_w128,24,96,beicsr,O0,1048576,21186,15749,5437,0.7433682620598508,0,347968,53060,401028,0,339,1906,144193
cora_deepres28_w128,24,96,xorflow,O0,1048576,21112,15696,5416,0.7434634331186055,33170,346624,53060,432854,4147,339,6177,186177
cora_deepres28_w128,24,96,free_support,O0,1048576,21112,15696,5416,0.7434634331186055,0,346624,53060,399684,0,339,1901,186177
cora_deepres28_w128,28,96,beicsr,O0,262144,21180,9861,11319,0.46558073654390936,0,724416,53060,777476,0,339,3377,147379
cora_deepres28_w128,28,96,xorflow,O0,262144,21112,9806,11306,0.4644751799924214,40210,723584,53060,816854,5027,339,8557,189875
cora_deepres28_w128,28,96,free_support,O0,262144,21112,9806,11306,0.4644751799924214,0,723584,53060,776644,0,339,3373,189875
cora_deepres28_w128,28,96,beicsr,O0,524288,21180,14303,6877,0.6753068932955618,0,440128,53060,493188,0,339,2266,147379
cora_deepres28_w128,28,96,xorflow,O0,524288,21112,14248,6864,0.6748768472906403,40210,439296,53060,532566,5027,339,7447,189875
cora_deepres28_w128,28,96,free_support,O0,524288,21112,14248,6864,0.6748768472906403,0,439296,53060,492356,0,339,2263,189875
cora_deepres28_w128,28,96,beicsr,O0,1048576,21180,15751,5429,0.7436732766761095,0,347456,53060,400516,0,339,1904,147379
cora_deepres28_w128,28,96,xorflow,O0,1048576,21112,15696,5416,0.7434634331186055,40210,346624,53060,439894,5027,339,7085,189875
cora_deepres28_w128,28,96,free_support,O0,1048576,21112,15696,5416,0.7434634331186055,0,346624,53060,399684,0,339,1901,189875
cora_deepres28_w128,4,96,beicsr,O1,262144,23915,11974,11941,0.5006899435500731,0,764224,53060,817284,0,339,3532,154514
cora_deepres28_w128,4,96,xorflow,O1,262144,21112,9802,11310,0.4642857142857143,49938,723840,53060,826838,6243,339,9812,157458
cora_deepres28_w128,4,96,free_support,O1,262144,21112,9802,11310,0.4642857142857143,0,723840,53060,776900,0,339,3374,157458
cora_deepres28_w128,4,96,beicsr,O1,524288,23915,16420,7495,0.6865983692243361,0,479680,53060,532740,0,339,2421,154514
cora_deepres28_w128,4,96,xorflow,O1,524288,21112,14248,6864,0.6748768472906403,49938,439296,53060,542294,6243,339,8701,157458
cora_deepres28_w128,4,96,free_support,O1,524288,21112,14248,6864,0.6748768472906403,0,439296,53060,492356,0,339,2263,157458
cora_deepres28_w128,4,96,beicsr,O1,1048576,23915,17868,6047,0.7471461425883337,0,387008,53060,440068,0,339,2059,154514
cora_deepres28_w128,4,96,xorflow,O1,1048576,21112,15696,5416,0.7434634331186055,49938,346624,53060,449622,6243,339,8339,157458
cora_deepres28_w128,4,96,free_support,O1,1048576,21112,15696,5416,0.7434634331186055,0,346624,53060,399684,0,339,1901,157458
cora_deepres28_w128,8,96,beicsr,O1,262144,23961,11968,11993,0.49947831893493594,0,767552,53060,820612,0,339,3545,158722
cora_deepres28_w128,8,96,xorflow,O1,262144,21112,9802,11310,0.4642857142857143,42386,723840,53060,819286,5299,339,8839,158402
cora_deepres28_w128,8,96,free_support,O1,262144,21112,9802,11310,0.4642857142857143,0,723840,53060,776900,0,339,3374,158402
cora_deepres28_w128,8,96,beicsr,O1,524288,23961,16415,7546,0.6850715746421268,0,482944,53060,536004,0,339,2433,158722
cora_deepres28_w128,8,96,xorflow,O1,524288,21112,14248,6864,0.6748768472906403,42386,439296,53060,534742,5299,339,7727,158402
cora_deepres28_w128,8,96,free_support,O1,524288,21112,14248,6864,0.6748768472906403,0,439296,53060,492356,0,339,2263,158402
cora_deepres28_w128,8,96,beicsr,O1,1048576,23961,17863,6098,0.7455031092191478,0,390272,53060,443332,0,339,2071,158722
cora_deepres28_w128,8,96,xorflow,O1,1048576,21112,15696,5416,0.7434634331186055,42386,346624,53060,442070,5299,339,7365,158402
cora_deepres28_w128,8,96,free_support,O1,1048576,21112,15696,5416,0.7434634331186055,0,346624,53060,399684,0,339,1901,158402
cora_deepres28_w128,12,96,beicsr,O1,262144,22327,10737,11590,0.4808975679670354,0,741760,53060,794820,0,339,3444,138548
cora_deepres28_w128,12,96,xorflow,O1,262144,21112,9802,11310,0.4642857142857143,31314,723840,53060,808214,3915,339,7412,163956
cora_deepres28_w128,12,96,free_support,O1,262144,21112,9802,11310,0.4642857142857143,0,723840,53060,776900,0,339,3374,163956
cora_deepres28_w128,12,96,beicsr,O1,524288,22327,15183,7144,0.6800286648452546,0,457216,53060,510276,0,339,2333,138548
cora_deepres28_w128,12,96,xorflow,O1,524288,21112,14248,6864,0.6748768472906403,31314,439296,53060,523670,3915,339,6300,163956
cora_deepres28_w128,12,96,free_support,O1,524288,21112,14248,6864,0.6748768472906403,0,439296,53060,492356,0,339,2263,163956
cora_deepres28_w128,12,96,beicsr,O1,1048576,22327,16631,5696,0.7448828772338424,0,364544,53060,417604,0,339,1971,138548
cora_deepres28_w128,12,96,xorflow,O1,1048576,21112,15696,5416,0.7434634331186055,31314,346624,53060,430998,3915,339,5938,163956
cora_deepres28_w128,12,96,free_support,O1,1048576,21112,15696,5416,0.7434634331186055,0,346624,53060,399684,0,339,1901,163956
cora_deepres28_w128,16,96,beicsr,O1,262144,21407,10019,11388,0.4680244779744943,0,728832,53060,781892,0,339,3394,135232
cora_deepres28_w128,16,96,xorflow,O1,262144,21112,9802,11310,0.4642857142857143,17042,723840,53060,793942,2131,339,5572,173568
cora_deepres28_w128,16,96,free_support,O1,262144,21112,9802,11310,0.4642857142857143,0,723840,53060,776900,0,339,3374,173568
cora_deepres28_w128,16,96,beicsr,O1,524288,21407,14465,6942,0.6757135516419863,0,444288,53060,497348,0,339,2282,135232
cora_deepres28_w128,16,96,xorflow,O1,524288,21112,14248,6864,0.6748768472906403,17042,439296,53060,509398,2131,339,4460,173568
cora_deepres28_w128,16,96,free_support,O1,524288,21112,14248,6864,0.6748768472906403,0,439296,53060,492356,0,339,2263,173568
cora_deepres28_w128,16,96,beicsr,O1,1048576,21407,15913,5494,0.7433549773438595,0,351616,53060,404676,0,339,1920,135232
cora_deepres28_w128,16,96,xorflow,O1,1048576,21112,15696,5416,0.7434634331186055,17042,346624,53060,416726,2131,339,4098,173568
cora_deepres28_w128,16,96,free_support,O1,1048576,21112,15696,5416,0.7434634331186055,0,346624,53060,399684,0,339,1901,173568
cora_deepres28_w128,20,96,beicsr,O1,262144,21246,9899,11347,0.46592299727007436,0,726208,53060,779268,0,339,3384,138095
cora_deepres28_w128,20,96,xorflow,O1,262144,21112,9802,11310,0.4642857142857143,23058,723840,53060,799958,2883,339,6347,179055
cora_deepres28_w128,20,96,free_support,O1,262144,21112,9802,11310,0.4642857142857143,0,723840,53060,776900,0,339,3374,179055
cora_deepres28_w128,20,96,beicsr,O1,524288,21246,14345,6901,0.6751859173491481,0,441664,53060,494724,0,339,2272,138095
cora_deepres28_w128,20,96,xorflow,O1,524288,21112,14248,6864,0.6748768472906403,23058,439296,53060,515414,2883,339,5236,179055
cora_deepres28_w128,20,96,free_support,O1,524288,21112,14248,6864,0.6748768472906403,0,439296,53060,492356,0,339,2263,179055
cora_deepres28_w128,20,96,beicsr,O1,1048576,21246,15793,5453,0.7433399228089993,0,348992,53060,402052,0,339,1910,138095
cora_deepres28_w128,20,96,xorflow,O1,1048576,21112,15696,5416,0.7434634331186055,23058,346624,53060,422742,2883,339,4874,179055
cora_deepres28_w128,20,96,free_support,O1,1048576,21112,15696,5416,0.7434634331186055,0,346624,53060,399684,0,339,1901,179055
cora_deepres28_w128,24,96,beicsr,O1,262144,21186,9855,11331,0.46516567544604925,0,725184,53060,778244,0,339,3380,144193
cora_deepres28_w128,24,96,xorflow,O1,262144,21112,9802,11310,0.4642857142857143,33170,723840,53060,810070,4147,339,7651,186177
cora_deepres28_w128,24,96,free_support,O1,262144,21112,9802,11310,0.4642857142857143,0,723840,53060,776900,0,339,3374,186177
cora_deepres28_w128,24,96,beicsr,O1,524288,21186,14301,6885,0.6750212404418012,0,440640,53060,493700,0,339,2268,144193
cora_deepres28_w128,24,96,xorflow,O1,524288,21112,14248,6864,0.6748768472906403,33170,439296,53060,525526,4147,339,6539,186177
cora_deepres28_w128,24,96,free_support,O1,524288,21112,14248,6864,0.6748768472906403,0,439296,53060,492356,0,339,2263,186177
cora_deepres28_w128,24,96,beicsr,O1,1048576,21186,15749,5437,0.7433682620598508,0,347968,53060,401028,0,339,1906,144193
cora_deepres28_w128,24,96,xorflow,O1,1048576,21112,15696,5416,0.7434634331186055,33170,346624,53060,432854,4147,339,6177,186177
cora_deepres28_w128,24,96,free_support,O1,1048576,21112,15696,5416,0.7434634331186055,0,346624,53060,399684,0,339,1901,186177
cora_deepres28_w128,28,96,beicsr,O1,262144,21180,9857,11323,0.4653918791312559,0,724672,53060,777732,0,339,3378,147379
cora_deepres28_w128,28,96,xorflow,O1,262144,21112,9802,11310,0.4642857142857143,40210,723840,53060,817110,5027,339,8558,189875
cora_deepres28_w128,28,96,free_support,O1,262144,21112,9802,11310,0.4642857142857143,0,723840,53060,776900,0,339,3374,189875
cora_deepres28_w128,28,96,beicsr,O1,524288,21180,14303,6877,0.6753068932955618,0,440128,53060,493188,0,339,2266,147379
cora_deepres28_w128,28,96,xorflow,O1,524288,21112,14248,6864,0.6748768472906403,40210,439296,53060,532566,5027,339,7447,189875
cora_deepres28_w128,28,96,free_support,O1,524288,21112,14248,6864,0.6748768472906403,0,439296,53060,492356,0,339,2263,189875
cora_deepres28_w128,28,96,beicsr,O1,1048576,21180,15751,5429,0.7436732766761095,0,347456,53060,400516,0,339,1904,147379
cora_deepres28_w128,28,96,xorflow,O1,1048576,21112,15696,5416,0.7434634331186055,40210,346624,53060,439894,5027,339,7085,189875
cora_deepres28_w128,28,96,free_support,O1,1048576,21112,15696,5416,0.7434634331186055,0,346624,53060,399684,0,339,1901,189875
cora_deepres28_w128,4,128,beicsr,O0,262144,21112,14202,6910,0.6726979916635089,0,442240,53060,495300,0,170,2105,124962
cora_deepres28_w128,4,128,xorflow,O0,262144,18030,13080,4950,0.7254575707154742,48091,316800,53060,417951,6012,170,7815,111778
cora_deepres28_w128,4,128,free_support,O0,262144,18030,13080,4950,0.7254575707154742,0,316800,53060,369860,0,170,1615,111778
cora_deepres28_w128,4,128,beicsr,O0,524288,21112,15696,5416,0.7434634331186055,0,346624,53060,399684,0,170,1732,124962
cora_deepres28_w128,4,128,xorflow,O0,524288,18030,13497,4533,0.748585690515807,48091,290112,53060,391263,6012,170,7711,111778
cora_deepres28_w128,4,128,free_support,O0,524288,18030,13497,4533,0.748585690515807,0,290112,53060,343172,0,170,1511,111778
cora_deepres28_w128,4,128,beicsr,O0,1048576,21112,15696,5416,0.7434634331186055,0,346624,53060,399684,0,170,1732,124962
cora_deepres28_w128,4,128,xorflow,O0,1048576,18030,13497,4533,0.748585690515807,48091,290112,53060,391263,6012,170,7711,111778
cora_deepres28_w128,4,128,free_support,O0,1048576,18030,13497,4533,0.748585690515807,0,290112,53060,343172,0,170,1511,111778
cora_deepres28_w128,8,128,beicsr,O0,262144,21112,14202,6910,0.6726979916635089,0,442240,53060,495300,0,170,2105,125906
cora_deepres28_w128,8,128,xorflow,O0,262144,17214,12578,4636,0.7306843267108167,41947,296704,53060,391711,5244,170,6945,101330
cora_deepres28_w128,8,128,free_support,O0,262144,17214,12578,4636,0.7306843267108167,0,296704,53060,349764,0,170,1537,101330
cora_deepres28_w128,8,128,beicsr,O0,524288,21112,15696,5416,0.7434634331186055,0,346624,53060,399684,0,170,1732,125906
cora_deepres28_w128,8,128,xorflow,O0,524288,17214,12859,4355,0.7470082490995701,41947,278720,53060,373727,5244,170,6874,101330
cora_deepres28_w128,8,128,free_support,O0,524288,17214,12859,4355,0.7470082490995701,0,278720,53060,331780,0,170,1467,101330
cora_deepres28_w128,8,128,beicsr,O0,1048576,21112,15696,5416,0.7434634331186055,0,346624,53060,399684,0,170,1732,125906
cora_deepres28_w128,8,128,xorflow,O0,1048576,17214,12859,4355,0.7470082490995701,41947,278720,53060,373727,5244,170,6874,101330
cora_deepres28_w128,8,128,free_support,O0,1048576,17214,12859,4355,0.7470082490995701,0,278720,53060,331780,0,170,1467,101330
cora_deepres28_w128,12,128,beicsr,O0,262144,21112,14202,6910,0.6726979916635089,0,442240,53060,495300,0,170,2105,131460
cora_deepres28_w128,12,128,xorflow,O0,262144,15634,11621,4013,0.7433158500703595,30299,256832,53060,340191,3788,170,5287,80196
cora_deepres28_w128,12,128,free_support,O0,262144,15634,11621,4013,0.7433158500703595,0,256832,53060,309892,0,170,1381,80196
cora_deepres28_w128,12,128,beicsr,O0,524288,21112,15696,5416,0.7434634331186055,0,346624,53060,399684,0,170,1732,131460
cora_deepres28_w128,12,128,xorflow,O0,524288,15634,11696,3938,0.7481130868619675,30299,252032,53060,335391,3788,170,5269,80196
cora_deepres28_w128,12,128,free_support,O0,524288,15634,11696,3938,0.7481130868619675,0,252032,53060,305092,0,170,1362,80196
cora_deepres28_w128,12,128,beicsr,O0,1048576,21112,15696,5416,0.7434634331186055,0,346624,53060,399684,0,170,1732,131460
cora_deepres28_w128,12,128,xorflow,O0,1048576,15634,11696,3938,0.7481130868619675,30299,252032,53060,335391,3788,170,5269,80196
cora_deepres28_w128,12,128,free_support,O0,1048576,15634,11696,3938,0.7481130868619675,0,252032,53060,305092,0,170,1362,80196
cora_deepres28_w128,16,128,beicsr,O0,262144,21112,14202,6910,0.6726979916635089,0,442240,53060,495300,0,170,2105,141072
cora_deepres28_w128,16,128,xorflow,O0,262144,11944,8871,3073,0.7427160080375084,15643,196672,53060,265375,1956,170,3163,34448
cora_deepres28_w128,16,128,free_support,O0,262144,11944,8871,3073,0.7427160080375084,0,196672,53060,249732,0,170,1146,34448
cora_deepres28_w128,16,128,beicsr,O0,524288,21112,15696,5416,0.7434634331186055,0,346624,53060,399684,0,170,1732,141072
cora_deepres28_w128,16,128,xorflow,O0,524288,11944,8871,3073,0.7427160080375084,15643,196672,53060,265375,1956,170,3163,34448
cora_deepres28_w128,16,128,free_support,O0,524288,11944,8871,3073,0.7427160080375084,0,196672,53060,249732,0,170,1146,34448
cora_deepres28_w128,16,128,beicsr,O0,1048576,21112,15696,5416,0.7434634331186055,0,346624,53060,399684,0,170,1732,141072
cora_deepres28_w128,16,128,xorflow,O0,1048576,11944,8871,3073,0.7427160080375084,15643,196672,53060,265375,1956,170,3163,34448
cora_deepres28_w128,16,128,free_support,O0,1048576,11944,8871,3073,0.7427160080375084,0,196672,53060,249732,0,170,1146,34448
cora_deepres28_w128,20,128,beicsr,O0,262144,20991,14169,6822,0.6750035729598399,0,436608,53060,489668,0,170,2083,144447
cora_deepres28_w128,20,128,xorflow,O0,262144,11037,8202,2835,0.7431367219353086,22171,181440,53060,256671,2772,170,3945,24703
cora_deepres28_w128,20,128,free_support,O0,262144,11037,8202,2835,0.7431367219353086,0,181440,53060,234500,0,170,1087,24703
cora_deepres28_w128,20,128,beicsr,O0,524288,20991,15608,5383,0.7435567624219904,0,344512,53060,397572,0,170,1724,144447
cora_deepres28_w128,20,128,xorflow,O0,524288,11037,8202,2835,0.7431367219353086,22171,181440,53060,256671,2772,170,3945,24703
cora_deepres28_w128,20,128,free_support,O0,524288,11037,8202,2835,0.7431367219353086,0,181440,53060,234500,0,170,1087,24703
cora_deepres28_w128,20,128,beicsr,O0,1048576,20991,15608,5383,0.7435567624219904,0,344512,53060,397572,0,170,1724,144447
cora_deepres28_w128,20,128,xorflow,O0,1048576,11037,8202,2835,0.7431367219353086,22171,181440,53060,256671,2772,170,3945,24703
cora_deepres28_w128,20,128,free_support,O0,1048576,11037,8202,2835,0.7431367219353086,0,181440,53060,234500,0,170,1087,24703
cora_deepres28_w128,24,128,beicsr,O0,262144,20979,14158,6821,0.6748653415320082,0,436544,53060,489604,0,170,2083,151505
cora_deepres28_w128,24,128,xorflow,O0,262144,10598,7877,2721,0.7432534440460464,31963,174144,53060,259167,3996,170,5179,24529
cora_deepres28_w128,24,128,free_support,O0,262144,10598,7877,2721,0.7432534440460464,0,174144,53060,227204,0,170,1058,24529
cora_deepres28_w128,24,128,beicsr,O0,524288,20979,15597,5382,0.7434577434577434,0,344448,53060,397508,0,170,1723,151505
cora_deepres28_w128,24,128,xorflow,O0,524288,10598,7877,2721,0.7432534440460464,31963,174144,53060,259167,3996,170,5179,24529
cora_deepres28_w128,24,128,free_support,O0,524288,10598,7877,2721,0.7432534440460464,0,174144,53060,227204,0,170,1058,24529
cora_deepres28_w128,24,128,beicsr,O0,1048576,20979,15597,5382,0.7434577434577434,0,344448,53060,397508,0,170,1723,151505
cora_deepres28_w128,24,128,xorflow,O0,1048576,10598,7877,2721,0.7432534440460464,31963,174144,53060,259167,3996,170,5179,24529
cora_deepres28_w128,24,128,free_support,O0,1048576,10598,7877,2721,0.7432534440460464,0,174144,53060,227204,0,170,1058,24529
cora_deepres28_w128,28,128,beicsr,O0,262144,20118,13896,6222,0.6907247241276468,0,398208,53060,451268,0,170,1933,138691
cora_deepres28_w128,28,128,xorflow,O0,262144,10558,7849,2709,0.7434173138852055,39259,173376,53060,265695,4908,170,6116,27459
cora_deepres28_w128,28,128,free_support,O0,262144,10558,7849,2709,0.7434173138852055,0,173376,53060,226436,0,170,1055,27459
cora_deepres28_w128,28,128,beicsr,O0,524288,20118,14994,5124,0.7453027139874739,0,327936,53060,380996,0,170,1659,138691
cora_deepres28_w128,28,128,xorflow,O0,524288,10558,7849,2709,0.7434173138852055,39259,173376,53060,265695,4908,170,6116,27459
cora_deepres28_w128,28,128,free_support,O0,524288,10558,7849,2709,0.7434173138852055,0,173376,53060,226436,0,170,1055,27459
cora_deepres28_w128,28,128,beicsr,O0,1048576,20118,14994,5124,0.7453027139874739,0,327936,53060,380996,0,170,1659,138691
cora_deepres28_w128,28,128,xorflow,O0,1048576,10558,7849,2709,0.7434173138852055,39259,173376,53060,265695,4908,170,6116,27459
cora_deepres28_w128,28,128,free_support,O0,1048576,10558,7849,2709,0.7434173138852055,0,173376,53060,226436,0,170,1055,27459
cora_deepres28_w128,4,128,beicsr,O1,262144,21112,14224,6888,0.6737400530503979,0,440832,53060,493892,0,170,2100,124962
cora_deepres28_w128,4,128,xorflow,O1,262144,18030,13089,4941,0.7259567387687188,48091,316224,53060,417375,6012,170,7813,111778
cora_deepres28_w128,4,128,free_support,O1,262144,18030,13089,4941,0.7259567387687188,0,316224,53060,369284,0,170,1613,111778
cora_deepres28_w128,4,128,beicsr,O1,524288,21112,15696,5416,0.7434634331186055,0,346624,53060,399684,0,170,1732,124962
cora_deepres28_w128,4,128,xorflow,O1,524288,18030,13497,4533,0.748585690515807,48091,290112,53060,391263,6012,170,7711,111778
cora_deepres28_w128,4,128,free_support,O1,524288,18030,13497,4533,0.748585690515807,0,290112,53060,343172,0,170,1511,111778
cora_deepres28_w128,4,128,beicsr,O1,1048576,21112,15696,5416,0.7434634331186055,0,346624,53060,399684,0,170,1732,124962
cora_deepres28_w128,4,128,xorflow,O1,1048576,18030,13497,4533,0.748585690515807,48091,290112,53060,391263,6012,170,7711,111778
cora_deepres28_w128,4,128,free_support,O1,1048576,18030,13497,4533,0.748585690515807,0,290112,53060,343172,0,170,1511,111778
cora_deepres28_w128,8,128,beicsr,O1,262144,21112,14224,6888,0.6737400530503979,0,440832,53060,493892,0,170,2100,125906
cora_deepres28_w128,8,128,xorflow,O1,262144,17214,12582,4632,0.7309166957127919,41947,296448,53060,391455,5244,170,6944,101330
cora_deepres28_w128,8,128,free_support,O1,262144,17214,12582,4632,0.7309166957127919,0,296448,53060,349508,0,170,1536,101330
cora_deepres28_w128,8,128,beicsr,O1,524288,21112,15696,5416,0.7434634331186055,0,346624,53060,399684,0,170,1732,125906
cora_deepres28_w128,8,128,xorflow,O1,524288,17214,12859,4355,0.7470082490995701,41947,278720,53060,373727,5244,170,6874,101330
cora_deepres28_w128,8,128,free_support,O1,524288,17214,12859,4355,0.7470082490995701,0,278720,53060,331780,0,170,1467,101330
cora_deepres28_w128,8,128,beicsr,O1,1048576,21112,15696,5416,0.7434634331186055,0,346624,53060,399684,0,170,1732,125906
cora_deepres28_w128,8,128,xorflow,O1,1048576,17214,12859,4355,0.7470082490995701,41947,278720,53060,373727,5244,170,6874,101330
cora_deepres28_w128,8,128,free_support,O1,1048576,17214,12859,4355,0.7470082490995701,0,278720,53060,331780,0,170,1467,101330
cora_deepres28_w128,12,128,beicsr,O1,262144,21112,14224,6888,0.6737400530503979,0,440832,53060,493892,0,170,2100,131460
cora_deepres28_w128,12,128,xorflow,O1,262144,15634,11627,4007,0.7436996290136881,30299,256448,53060,339807,3788,170,5286,80196
cora_deepres28_w128,12,128,free_support,O1,262144,15634,11627,4007,0.7436996290136881,0,256448,53060,309508,0,170,1380,80196
cora_deepres28_w128,12,128,beicsr,O1,524288,21112,15696,5416,0.7434634331186055,0,346624,53060,399684,0,170,1732,131460
cora_deepres28_w128,12,128,xorflow,O1,524288,15634,11696,3938,0.7481130868619675,30299,252032,53060,335391,3788,170,5269,80196
cora_deepres28_w128,12,128,free_support,O1,524288,15634,11696,3938,0.7481130868619675,0,252032,53060,305092,0,170,1362,80196
cora_deepres28_w128,12,128,beicsr,O1,1048576,21112,15696,5416,0.7434634331186055,0,346624,53060,399684,0,170,1732,131460
cora_deepres28_w128,12,128,xorflow,O1,1048576,15634,11696,3938,0.7481130868619675,30299,252032,53060,335391,3788,170,5269,80196
cora_deepres28_w128,12,128,free_support,O1,1048576,15634,11696,3938,0.7481130868619675,0,252032,53060,305092,0,170,1362,80196
cora_deepres28_w128,16,128,beicsr,O1,262144,21112,14224,6888,0.6737400530503979,0,440832,53060,493892,0,170,2100,141072
cora_deepres28_w128,16,128,xorflow,O1,262144,11944,8871,3073,0.7427160080375084,15643,196672,53060,265375,1956,170,3163,34448
cora_deepres28_w128,16,128,free_support,O1,262144,11944,8871,3073,0.7427160080375084,0,196672,53060,249732,0,170,1146,34448
cora_deepres28_w128,16,128,beicsr,O1,524288,21112,15696,5416,0.7434634331186055,0,346624,53060,399684,0,170,1732,141072
cora_deepres28_w128,16,128,xorflow,O1,524288,11944,8871,3073,0.7427160080375084,15643,196672,53060,265375,1956,170,3163,34448
cora_deepres28_w128,16,128,free_support,O1,524288,11944,8871,3073,0.7427160080375084,0,196672,53060,249732,0,170,1146,34448
cora_deepres28_w128,16,128,beicsr,O1,1048576,21112,15696,5416,0.7434634331186055,0,346624,53060,399684,0,170,1732,141072
cora_deepres28_w128,16,128,xorflow,O1,1048576,11944,8871,3073,0.7427160080375084,15643,196672,53060,265375,1956,170,3163,34448
cora_deepres28_w128,16,128,free_support,O1,1048576,11944,8871,3073,0.7427160080375084,0,196672,53060,249732,0,170,1146,34448
cora_deepres28_w128,20,128,beicsr,O1,262144,20991,14198,6793,0.67638511743128,0,434752,53060,487812,0,170,2076,144447
cora_deepres28_w128,20,128,xorflow,O1,262144,11037,8202,2835,0.7431367219353086,22171,181440,53060,256671,2772,170,3945,24703
cora_deepres28_w128,20,128,free_support,O1,262144,11037,8202,2835,0.7431367219353086,0,181440,53060,234500,0,170,1087,24703
cora_deepres28_w128,20,128,beicsr,O1,524288,20991,15608,5383,0.7435567624219904,0,344512,53060,397572,0,170,1724,144447
cora_deepres28_w128,20,128,xorflow,O1,524288,11037,8202,2835,0.7431367219353086,22171,181440,53060,256671,2772,170,3945,24703
cora_deepres28_w128,20,128,free_support,O1,524288,11037,8202,2835,0.7431367219353086,0,181440,53060,234500,0,170,1087,24703
cora_deepres28_w128,20,128,beicsr,O1,1048576,20991,15608,5383,0.7435567624219904,0,344512,53060,397572,0,170,1724,144447
cora_deepres28_w128,20,128,xorflow,O1,1048576,11037,8202,2835,0.7431367219353086,22171,181440,53060,256671,2772,170,3945,24703
cora_deepres28_w128,20,128,free_support,O1,1048576,11037,8202,2835,0.7431367219353086,0,181440,53060,234500,0,170,1087,24703
cora_deepres28_w128,24,128,beicsr,O1,262144,20979,14171,6808,0.6754850088183422,0,435712,53060,488772,0,170,2080,151505
cora_deepres28_w128,24,128,xorflow,O1,262144,10598,7877,2721,0.7432534440460464,31963,174144,53060,259167,3996,170,5179,24529
cora_deepres28_w128,24,128,free_support,O1,262144,10598,7877,2721,0.7432534440460464,0,174144,53060,227204,0,170,1058,24529
cora_deepres28_w128,24,128,beicsr,O1,524288,20979,15597,5382,0.7434577434577434,0,344448,53060,397508,0,170,1723,151505
cora_deepres28_w128,24,128,xorflow,O1,524288,10598,7877,2721,0.7432534440460464,31963,174144,53060,259167,3996,170,5179,24529
cora_deepres28_w128,24,128,free_support,O1,524288,10598,7877,2721,0.7432534440460464,0,174144,53060,227204,0,170,1058,24529
cora_deepres28_w128,24,128,beicsr,O1,1048576,20979,15597,5382,0.7434577434577434,0,344448,53060,397508,0,170,1723,151505
cora_deepres28_w128,24,128,xorflow,O1,1048576,10598,7877,2721,0.7432534440460464,31963,174144,53060,259167,3996,170,5179,24529
cora_deepres28_w128,24,128,free_support,O1,1048576,10598,7877,2721,0.7432534440460464,0,174144,53060,227204,0,170,1058,24529
cora_deepres28_w128,28,128,beicsr,O1,262144,20118,13932,6186,0.692514166418133,0,395904,53060,448964,0,170,1924,138691
cora_deepres28_w128,28,128,xorflow,O1,262144,10558,7849,2709,0.7434173138852055,39259,173376,53060,265695,4908,170,6116,27459
cora_deepres28_w128,28,128,free_support,O1,262144,10558,7849,2709,0.7434173138852055,0,173376,53060,226436,0,170,1055,27459
cora_deepres28_w128,28,128,beicsr,O1,524288,20118,14994,5124,0.7453027139874739,0,327936,53060,380996,0,170,1659,138691
cora_deepres28_w128,28,128,xorflow,O1,524288,10558,7849,2709,0.7434173138852055,39259,173376,53060,265695,4908,170,6116,27459
cora_deepres28_w128,28,128,free_support,O1,524288,10558,7849,2709,0.7434173138852055,0,173376,53060,226436,0,170,1055,27459
cora_deepres28_w128,28,128,beicsr,O1,1048576,20118,14994,5124,0.7453027139874739,0,327936,53060,380996,0,170,1659,138691
cora_deepres28_w128,28,128,xorflow,O1,1048576,10558,7849,2709,0.7434173138852055,39259,173376,53060,265695,4908,170,6116,27459
cora_deepres28_w128,28,128,free_support,O1,1048576,10558,7849,2709,0.7434173138852055,0,173376,53060,226436,0,170,1055,27459
chameleon_gcnii16,4,32,beicsr,O0,262144,72202,66704,5498,0.9238525248608072,0,351872,153516,505388,0,285,2260,193988
chameleon_gcnii16,4,32,xorflow,O0,262144,72202,66704,5498,0.9238525248608072,17216,351872,153516,522604,2152,285,4479,212204
chameleon_gcnii16,4,32,free_support,O0,262144,72202,66704,5498,0.9238525248608072,0,351872,153516,505388,0,285,2260,212204
chameleon_gcnii16,4,32,beicsr,O0,524288,72202,67648,4554,0.9369269549319963,0,291456,153516,444972,0,285,2024,193988
chameleon_gcnii16,4,32,xorflow,O0,524288,72202,67648,4554,0.9369269549319963,17216,291456,153516,462188,2152,285,4243,212204
chameleon_gcnii16,4,32,free_support,O0,524288,72202,67648,4554,0.9369269549319963,0,291456,153516,444972,0,285,2024,212204
chameleon_gcnii16,4,32,beicsr,O0,1048576,72202,67648,4554,0.9369269549319963,0,291456,153516,444972,0,285,2024,193988
chameleon_gcnii16,4,32,xorflow,O0,1048576,72202,67648,4554,0.9369269549319963,17216,291456,153516,462188,2152,285,4243,212204
chameleon_gcnii16,4,32,free_support,O0,1048576,72202,67648,4554,0.9369269549319963,0,291456,153516,444972,0,285,2024,212204
chameleon_gcnii16,8,32,beicsr,O0,262144,72202,66704,5498,0.9238525248608072,0,351872,153516,505388,0,285,2260,185119
chameleon_gcnii16,8,32,xorflow,O0,262144,72202,66704,5498,0.9238525248608072,10368,351872,153516,515756,1296,285,3596,203335
chameleon_gcnii16,8,32,free_support,O0,262144,72202,66704,5498,0.9238525248608072,0,351872,153516,505388,0,285,2260,203335
chameleon_gcnii16,8,32,beicsr,O0,524288,72202,67648,4554,0.9369269549319963,0,291456,153516,444972,0,285,2024,185119
chameleon_gcnii16,8,32,xorflow,O0,524288,72202,67648,4554,0.9369269549319963,10368,291456,153516,455340,1296,285,3360,203335
chameleon_gcnii16,8,32,free_support,O0,524288,72202,67648,4554,0.9369269549319963,0,291456,153516,444972,0,285,2024,203335
chameleon_gcnii16,8,32,beicsr,O0,1048576,72202,67648,4554,0.9369269549319963,0,291456,153516,444972,0,285,2024,185119
chameleon_gcnii16,8,32,xorflow,O0,1048576,72202,67648,4554,0.9369269549319963,10368,291456,153516,455340,1296,285,3360,203335
chameleon_gcnii16,8,32,free_support,O0,1048576,72202,67648,4554,0.9369269549319963,0,291456,153516,444972,0,285,2024,203335
chameleon_gcnii16,12,32,beicsr,O0,262144,72202,66704,5498,0.9238525248608072,0,351872,153516,505388,0,285,2260,175263
chameleon_gcnii16,12,32,xorflow,O0,262144,72202,66704,5498,0.9238525248608072,10048,351872,153516,515436,1256,285,3555,193479
chameleon_gcnii16,12,32,free_support,O0,262144,72202,66704,5498,0.9238525248608072,0,351872,153516,505388,0,285,2260,193479
chameleon_gcnii16,12,32,beicsr,O0,524288,72202,67648,4554,0.9369269549319963,0,291456,153516,444972,0,285,2024,175263
chameleon_gcnii16,12,32,xorflow,O0,524288,72202,67648,4554,0.9369269549319963,10048,291456,153516,455020,1256,285,3319,193479
chameleon_gcnii16,12,32,free_support,O0,524288,72202,67648,4554,0.9369269549319963,0,291456,153516,444972,0,285,2024,193479
chameleon_gcnii16,12,32,beicsr,O0,1048576,72202,67648,4554,0.9369269549319963,0,291456,153516,444972,0,285,2024,175263
chameleon_gcnii16,12,32,xorflow,O0,1048576,72202,67648,4554,0.9369269549319963,10048,291456,153516,455020,1256,285,3319,193479
chameleon_gcnii16,12,32,free_support,O0,1048576,72202,67648,4554,0.9369269549319963,0,291456,153516,444972,0,285,2024,193479
chameleon_gcnii16,16,32,beicsr,O0,262144,72202,66704,5498,0.9238525248608072,0,351872,153516,505388,0,285,2260,171716
chameleon_gcnii16,16,32,xorflow,O0,262144,72202,66704,5498,0.9238525248608072,12608,351872,153516,517996,1576,285,3885,189932
chameleon_gcnii16,16,32,free_support,O0,262144,72202,66704,5498,0.9238525248608072,0,351872,153516,505388,0,285,2260,189932
chameleon_gcnii16,16,32,beicsr,O0,524288,72202,67648,4554,0.9369269549319963,0,291456,153516,444972,0,285,2024,171716
chameleon_gcnii16,16,32,xorflow,O0,524288,72202,67648,4554,0.9369269549319963,12608,291456,153516,457580,1576,285,3649,189932
chameleon_gcnii16,16,32,free_support,O0,524288,72202,67648,4554,0.9369269549319963,0,291456,153516,444972,0,285,2024,189932
chameleon_gcnii16,16,32,beicsr,O0,1048576,72202,67648,4554,0.9369269549319963,0,291456,153516,444972,0,285,2024,171716
chameleon_gcnii16,16,32,xorflow,O0,1048576,72202,67648,4554,0.9369269549319963,12608,291456,153516,457580,1576,285,3649,189932
chameleon_gcnii16,16,32,free_support,O0,1048576,72202,67648,4554,0.9369269549319963,0,291456,153516,444972,0,285,2024,189932
chameleon_gcnii16,4,32,beicsr,O1,262144,72202,66624,5578,0.9227445223124013,0,356992,153516,510508,0,285,2280,193988
chameleon_gcnii16,4,32,xorflow,O1,262144,72202,66624,5578,0.9227445223124013,17216,356992,153516,527724,2152,285,4499,212204
chameleon_gcnii16,4,32,free_support,O1,262144,72202,66624,5578,0.9227445223124013,0,356992,153516,510508,0,285,2280,212204
chameleon_gcnii16,4,32,beicsr,O1,524288,72202,67648,4554,0.9369269549319963,0,291456,153516,444972,0,285,2024,193988
chameleon_gcnii16,4,32,xorflow,O1,524288,72202,67648,4554,0.9369269549319963,17216,291456,153516,462188,2152,285,4243,212204
chameleon_gcnii16,4,32,free_support,O1,524288,72202,67648,4554,0.9369269549319963,0,291456,153516,444972,0,285,2024,212204
chameleon_gcnii16,4,32,beicsr,O1,1048576,72202,67648,4554,0.9369269549319963,0,291456,153516,444972,0,285,2024,193988
chameleon_gcnii16,4,32,xorflow,O1,1048576,72202,67648,4554,0.9369269549319963,17216,291456,153516,462188,2152,285,4243,212204
chameleon_gcnii16,4,32,free_support,O1,1048576,72202,67648,4554,0.9369269549319963,0,291456,153516,444972,0,285,2024,212204
chameleon_gcnii16,8,32,beicsr,O1,262144,72202,66624,5578,0.9227445223124013,0,356992,153516,510508,0,285,2280,185119
chameleon_gcnii16,8,32,xorflow,O1,262144,72202,66624,5578,0.9227445223124013,10368,356992,153516,520876,1296,285,3616,203335
chameleon_gcnii16,8,32,free_support,O1,262144,72202,66624,5578,0.9227445223124013,0,356992,153516,510508,0,285,2280,203335
chameleon_gcnii16,8,32,beicsr,O1,524288,72202,67648,4554,0.9369269549319963,0,291456,153516,444972,0,285,2024,185119
chameleon_gcnii16,8,32,xorflow,O1,524288,72202,67648,4554,0.9369269549319963,10368,291456,153516,455340,1296,285,3360,203335
chameleon_gcnii16,8,32,free_support,O1,524288,72202,67648,4554,0.9369269549319963,0,291456,153516,444972,0,285,2024,203335
chameleon_gcnii16,8,32,beicsr,O1,1048576,72202,67648,4554,0.9369269549319963,0,291456,153516,444972,0,285,2024,185119
chameleon_gcnii16,8,32,xorflow,O1,1048576,72202,67648,4554,0.9369269549319963,10368,291456,153516,455340,1296,285,3360,203335
chameleon_gcnii16,8,32,free_support,O1,1048576,72202,67648,4554,0.9369269549319963,0,291456,153516,444972,0,285,2024,203335
chameleon_gcnii16,12,32,beicsr,O1,262144,72202,66624,5578,0.9227445223124013,0,356992,153516,510508,0,285,2280,175263
chameleon_gcnii16,12,32,xorflow,O1,262144,72202,66624,5578,0.9227445223124013,10048,356992,153516,520556,1256,285,3575,193479
chameleon_gcnii16,12,32,free_support,O1,262144,72202,66624,5578,0.9227445223124013,0,356992,153516,510508,0,285,2280,193479
chameleon_gcnii16,12,32,beicsr,O1,524288,72202,67648,4554,0.9369269549319963,0,291456,153516,444972,0,285,2024,175263
chameleon_gcnii16,12,32,xorflow,O1,524288,72202,67648,4554,0.9369269549319963,10048,291456,153516,455020,1256,285,3319,193479
chameleon_gcnii16,12,32,free_support,O1,524288,72202,67648,4554,0.9369269549319963,0,291456,153516,444972,0,285,2024,193479
chameleon_gcnii16,12,32,beicsr,O1,1048576,72202,67648,4554,0.9369269549319963,0,291456,153516,444972,0,285,2024,175263
chameleon_gcnii16,12,32,xorflow,O1,1048576,72202,67648,4554,0.9369269549319963,10048,291456,153516,455020,1256,285,3319,193479
chameleon_gcnii16,12,32,free_support,O1,1048576,72202,67648,4554,0.9369269549319963,0,291456,153516,444972,0,285,2024,193479
chameleon_gcnii16,16,32,beicsr,O1,262144,72202,66624,5578,0.9227445223124013,0,356992,153516,510508,0,285,2280,171716
chameleon_gcnii16,16,32,xorflow,O1,262144,72202,66624,5578,0.9227445223124013,12608,356992,153516,523116,1576,285,3905,189932
chameleon_gcnii16,16,32,free_support,O1,262144,72202,66624,5578,0.9227445223124013,0,356992,153516,510508,0,285,2280,189932
chameleon_gcnii16,16,32,beicsr,O1,524288,72202,67648,4554,0.9369269549319963,0,291456,153516,444972,0,285,2024,171716
chameleon_gcnii16,16,32,xorflow,O1,524288,72202,67648,4554,0.9369269549319963,12608,291456,153516,457580,1576,285,3649,189932
chameleon_gcnii16,16,32,free_support,O1,524288,72202,67648,4554,0.9369269549319963,0,291456,153516,444972,0,285,2024,189932
chameleon_gcnii16,16,32,beicsr,O1,1048576,72202,67648,4554,0.9369269549319963,0,291456,153516,444972,0,285,2024,171716
chameleon_gcnii16,16,32,xorflow,O1,1048576,72202,67648,4554,0.9369269549319963,12608,291456,153516,457580,1576,285,3649,189932
chameleon_gcnii16,16,32,free_support,O1,1048576,72202,67648,4554,0.9369269549319963,0,291456,153516,444972,0,285,2024,189932
chameleon_gcnii16,4,64,beicsr,O0,262144,36106,33356,2750,0.9238353736221127,0,176000,153516,329516,0,143,1431,57432
chameleon_gcnii16,4,64,xorflow,O0,262144,36101,33352,2749,0.9238525248608072,16128,175936,153516,345580,2016,143,3509,75584
chameleon_gcnii16,4,64,free_support,O0,262144,36101,33352,2749,0.9238525248608072,0,175936,153516,329452,0,143,1430,75584
chameleon_gcnii16,4,64,beicsr,O0,524288,36106,33828,2278,0.9369079931313355,0,145792,153516,299308,0,143,1313,57432
chameleon_gcnii16,4,64,xorflow,O0,524288,36101,33824,2277,0.9369269549319963,16128,145728,153516,315372,2016,143,3391,75584
chameleon_gcnii16,4,64,free_support,O0,524288,36101,33824,2277,0.9369269549319963,0,145728,153516,299244,0,143,1312,75584
chameleon_gcnii16,4,64,beicsr,O0,1048576,36106,33828,2278,0.9369079931313355,0,145792,153516,299308,0,143,1313,57432
chameleon_gcnii16,4,64,xorflow,O0,1048576,36101,33824,2277,0.9369269549319963,16128,145728,153516,315372,2016,143,3391,75584
chameleon_gcnii16,4,64,free_support,O0,1048576,36101,33824,2277,0.9369269549319963,0,145728,153516,299244,0,143,1312,75584
chameleon_gcnii16,8,64,beicsr,O0,262144,39874,36929,2945,0.926142348397452,0,188480,153516,341996,0,143,1479,61043
chameleon_gcnii16,8,64,xorflow,O0,262144,36335,33568,2767,0.9238475299298198,9152,177088,153516,339756,1144,143,2615,67867
chameleon_gcnii16,8,64,free_support,O0,262144,36335,33568,2767,0.9238475299298198,0,177088,153516,330604,0,143,1435,67867
chameleon_gcnii16,8,64,beicsr,O0,524288,39874,37401,2473,0.9379796358529368,0,158272,153516,311788,0,143,1361,61043
chameleon_gcnii16,8,64,xorflow,O0,524288,36335,34040,2295,0.936837759735792,9152,146880,153516,309548,1144,143,2497,67867
chameleon_gcnii16,8,64,free_support,O0,524288,36335,34040,2295,0.936837759735792,0,146880,153516,300396,0,143,1317,67867
chameleon_gcnii16,8,64,beicsr,O0,1048576,39874,37401,2473,0.9379796358529368,0,158272,153516,311788,0,143,1361,61043
chameleon_gcnii16,8,64,xorflow,O0,1048576,36335,34040,2295,0.936837759735792,9152,146880,153516,309548,1144,143,2497,67867
chameleon_gcnii16,8,64,free_support,O0,1048576,36335,34040,2295,0.936837759735792,0,146880,153516,300396,0,143,1317,67867
chameleon_gcnii16,12,64,beicsr,O0,262144,41118,38006,3112,0.9243153849895422,0,199168,153516,352684,0,143,1521,61875
chameleon_gcnii16,12,64,xorflow,O0,262144,39672,36773,2899,0.9269257914902198,8832,185536,153516,347884,1104,143,2606,66459
chameleon_gcnii16,12,64,free_support,O0,262144,39672,36773,2899,0.9269257914902198,0,185536,153516,339052,0,143,1468,66459
chameleon_gcnii16,12,64,beicsr,O0,524288,41118,38478,2640,0.9357945425361156,0,168960,153516,322476,0,143,1403,61875
chameleon_gcnii16,12,64,xorflow,O0,524288,39672,37245,2427,0.9388233514821537,8832,155328,153516,317676,1104,143,2488,66459
chameleon_gcnii16,12,64,free_support,O0,524288,39672,37245,2427,0.9388233514821537,0,155328,153516,308844,0,143,1350,66459
chameleon_gcnii16,12,64,beicsr,O0,1048576,41118,38478,2640,0.9357945425361156,0,168960,153516,322476,0,143,1403,61875
chameleon_gcnii16,12,64,xorflow,O0,1048576,39672,37245,2427,0.9388233514821537,8832,155328,153516,317676,1104,143,2488,66459
chameleon_gcnii16,12,64,free_support,O0,1048576,39672,37245,2427,0.9388233514821537,0,155328,153516,308844,0,143,1350,66459
chameleon_gcnii16,16,64,beicsr,O0,262144,41828,38619,3209,0.9232810557521277,0,205376,153516,358892,0,143,1545,64536
chameleon_gcnii16,16,64,xorflow,O0,262144,40259,37296,2963,0.9264015499639832,11456,189632,153516,354604,1432,143,2961,67008
chameleon_gcnii16,16,64,free_support,O0,262144,40259,37296,2963,0.9264015499639832,0,189632,153516,343148,0,143,1484,67008
chameleon_gcnii16,16,64,beicsr,O0,524288,41828,39091,2737,0.934565362914794,0,175168,153516,328684,0,143,1427,64536
chameleon_gcnii16,16,64,xorflow,O0,524288,40259,37768,2491,0.9381256365036389,11456,159424,153516,324396,1432,143,2843,67008
chameleon_gcnii16,16,64,free_support,O0,524288,40259,37768,2491,0.9381256365036389,0,159424,153516,312940,0,143,1366,67008
chameleon_gcnii16,16,64,beicsr,O0,1048576,41828,39091,2737,0.934565362914794,0,175168,153516,328684,0,143,1427,64536
chameleon_gcnii16,16,64,xorflow,O0,1048576,40259,37768,2491,0.9381256365036389,11456,159424,153516,324396,1432,143,2843,67008
chameleon_gcnii16,16,64,free_support,O0,1048576,40259,37768,2491,0.9381256365036389,0,159424,153516,312940,0,143,1366,67008
chameleon_gcnii16,4,64,beicsr,O1,262144,36106,33316,2790,0.9227275245111616,0,178560,153516,332076,0,143,1441,57432
chameleon_gcnii16,4,64,xorflow,O1,262144,36101,33312,2789,0.9227445223124013,16128,178496,153516,348140,2016,143,3519,75584
chameleon_gcnii16,4,64,free_support,O1,262144,36101,33312,2789,0.9227445223124013,0,178496,153516,332012,0,143,1440,75584
chameleon_gcnii16,4,64,beicsr,O1,524288,36106,33828,2278,0.9369079931313355,0,145792,153516,299308,0,143,1313,57432
chameleon_gcnii16,4,64,xorflow,O1,524288,36101,33824,2277,0.9369269549319963,16128,145728,153516,315372,2016,143,3391,75584
chameleon_gcnii16,4,64,free_support,O1,524288,36101,33824,2277,0.9369269549319963,0,145728,153516,299244,0,143,1312,75584
chameleon_gcnii16,4,64,beicsr,O1,1048576,36106,33828,2278,0.9369079931313355,0,145792,153516,299308,0,143,1313,57432
chameleon_gcnii16,4,64,xorflow,O1,1048576,36101,33824,2277,0.9369269549319963,16128,145728,153516,315372,2016,143,3391,75584
chameleon_gcnii16,4,64,free_support,O1,1048576,36101,33824,2277,0.9369269549319963,0,145728,153516,299244,0,143,1312,75584
chameleon_gcnii16,8,64,beicsr,O1,262144,39874,36889,2985,0.9251391884435973,0,191040,153516,344556,0,143,1489,61043
chameleon_gcnii16,8,64,xorflow,O1,262144,36335,33528,2807,0.9227466629971103,9152,179648,153516,342316,1144,143,2625,67867
chameleon_gcnii16,8,64,free_support,O1,262144,36335,33528,2807,0.9227466629971103,0,179648,153516,333164,0,143,1445,67867
chameleon_gcnii16,8,64,beicsr,O1,524288,39874,37401,2473,0.9379796358529368,0,158272,153516,311788,0,143,1361,61043
chameleon_gcnii16,8,64,xorflow,O1,524288,36335,34040,2295,0.936837759735792,9152,146880,153516,309548,1144,143,2497,67867
chameleon_gcnii16,8,64,free_support,O1,524288,36335,34040,2295,0.936837759735792,0,146880,153516,300396,0,143,1317,67867
chameleon_gcnii16,8,64,beicsr,O1,1048576,39874,37401,2473,0.9379796358529368,0,158272,153516,311788,0,143,1361,61043
chameleon_gcnii16,8,64,xorflow,O1,1048576,36335,34040,2295,0.936837759735792,9152,146880,153516,309548,1144,143,2497,67867
chameleon_gcnii16,8,64,free_support,O1,1048576,36335,34040,2295,0.936837759735792,0,146880,153516,300396,0,143,1317,67867
chameleon_gcnii16,12,64,beicsr,O1,262144,41118,37966,3152,0.9233425750279682,0,201728,153516,355244,0,143,1531,61875
chameleon_gcnii16,12,64,xorflow,O1,262144,39672,36733,2939,0.9259175236942933,8832,188096,153516,350444,1104,143,2616,66459
chameleon_gcnii16,12,64,free_support,O1,262144,39672,36733,2939,0.9259175236942933,0,188096,153516,341612,0,143,1478,66459
chameleon_gcnii16,12,64,beicsr,O1,524288,41118,38478,2640,0.9357945425361156,0,168960,153516,322476,0,143,1403,61875
chameleon_gcnii16,12,64,xorflow,O1,524288,39672,37245,2427,0.9388233514821537,8832,155328,153516,317676,1104,143,2488,66459
chameleon_gcnii16,12,64,free_support,O1,524288,39672,37245,2427,0.9388233514821537,0,155328,153516,308844,0,143,1350,66459
chameleon_gcnii16,12,64,beicsr,O1,1048576,41118,38478,2640,0.9357945425361156,0,168960,153516,322476,0,143,1403,61875
chameleon_gcnii16,12,64,xorflow,O1,1048576,39672,37245,2427,0.9388233514821537,8832,155328,153516,317676,1104,143,2488,66459
chameleon_gcnii16,12,64,free_support,O1,1048576,39672,37245,2427,0.9388233514821537,0,155328,153516,308844,0,143,1350,66459
chameleon_gcnii16,16,64,beicsr,O1,262144,41828,38579,3249,0.9223247585349527,0,207936,153516,361452,0,143,1555,64536
chameleon_gcnii16,16,64,xorflow,O1,262144,40259,37256,3003,0.9254079833080802,11456,192192,153516,357164,1432,143,2971,67008
chameleon_gcnii16,16,64,free_support,O1,262144,40259,37256,3003,0.9254079833080802,0,192192,153516,345708,0,143,1494,67008
chameleon_gcnii16,16,64,beicsr,O1,524288,41828,39091,2737,0.934565362914794,0,175168,153516,328684,0,143,1427,64536
chameleon_gcnii16,16,64,xorflow,O1,524288,40259,37768,2491,0.9381256365036389,11456,159424,153516,324396,1432,143,2843,67008
chameleon_gcnii16,16,64,free_support,O1,524288,40259,37768,2491,0.9381256365036389,0,159424,153516,312940,0,143,1366,67008
chameleon_gcnii16,16,64,beicsr,O1,1048576,41828,39091,2737,0.934565362914794,0,175168,153516,328684,0,143,1427,64536
chameleon_gcnii16,16,64,xorflow,O1,1048576,40259,37768,2491,0.9381256365036389,11456,159424,153516,324396,1432,143,2843,67008
chameleon_gcnii16,16,64,free_support,O1,1048576,40259,37768,2491,0.9381256365036389,0,159424,153516,312940,0,143,1366,67008
chameleon_gcnii16,4,96,beicsr,O0,262144,36106,33356,2750,0.9238353736221127,0,176000,153516,329516,0,143,1431,57432
chameleon_gcnii16,4,96,xorflow,O0,262144,36101,33352,2749,0.9238525248608072,16128,175936,153516,345580,2016,143,3509,75584
chameleon_gcnii16,4,96,free_support,O0,262144,36101,33352,2749,0.9238525248608072,0,175936,153516,329452,0,143,1430,75584
chameleon_gcnii16,4,96,beicsr,O0,524288,36106,33828,2278,0.9369079931313355,0,145792,153516,299308,0,143,1313,57432
chameleon_gcnii16,4,96,xorflow,O0,524288,36101,33824,2277,0.9369269549319963,16128,145728,153516,315372,2016,143,3391,75584
chameleon_gcnii16,4,96,free_support,O0,524288,36101,33824,2277,0.9369269549319963,0,145728,153516,299244,0,143,1312,75584
chameleon_gcnii16,4,96,beicsr,O0,1048576,36106,33828,2278,0.9369079931313355,0,145792,153516,299308,0,143,1313,57432
chameleon_gcnii16,4,96,xorflow,O0,1048576,36101,33824,2277,0.9369269549319963,16128,145728,153516,315372,2016,143,3391,75584
chameleon_gcnii16,4,96,free_support,O0,1048576,36101,33824,2277,0.9369269549319963,0,145728,153516,299244,0,143,1312,75584
chameleon_gcnii16,8,96,beicsr,O0,262144,39874,36929,2945,0.926142348397452,0,188480,153516,341996,0,143,1479,61043
chameleon_gcnii16,8,96,xorflow,O0,262144,36335,33568,2767,0.9238475299298198,9152,177088,153516,339756,1144,143,2615,67867
chameleon_gcnii16,8,96,free_support,O0,262144,36335,33568,2767,0.9238475299298198,0,177088,153516,330604,0,143,1435,67867
chameleon_gcnii16,8,96,beicsr,O0,524288,39874,37401,2473,0.9379796358529368,0,158272,153516,311788,0,143,1361,61043
chameleon_gcnii16,8,96,xorflow,O0,524288,36335,34040,2295,0.936837759735792,9152,146880,153516,309548,1144,143,2497,67867
chameleon_gcnii16,8,96,free_support,O0,524288,36335,34040,2295,0.936837759735792,0,146880,153516,300396,0,143,1317,67867
chameleon_gcnii16,8,96,beicsr,O0,1048576,39874,37401,2473,0.9379796358529368,0,158272,153516,311788,0,143,1361,61043
chameleon_gcnii16,8,96,xorflow,O0,1048576,36335,34040,2295,0.936837759735792,9152,146880,153516,309548,1144,143,2497,67867
chameleon_gcnii16,8,96,free_support,O0,1048576,36335,34040,2295,0.936837759735792,0,146880,153516,300396,0,143,1317,67867
chameleon_gcnii16,12,96,beicsr,O0,262144,41118,38006,3112,0.9243153849895422,0,199168,153516,352684,0,143,1521,61875
chameleon_gcnii16,12,96,xorflow,O0,262144,39672,36773,2899,0.9269257914902198,8832,185536,153516,347884,1104,143,2606,66459
chameleon_gcnii16,12,96,free_support,O0,262144,39672,36773,2899,0.9269257914902198,0,185536,153516,339052,0,143,1468,66459
chameleon_gcnii16,12,96,beicsr,O0,524288,41118,38478,2640,0.9357945425361156,0,168960,153516,322476,0,143,1403,61875
chameleon_gcnii16,12,96,xorflow,O0,524288,39672,37245,2427,0.9388233514821537,8832,155328,153516,317676,1104,143,2488,66459
chameleon_gcnii16,12,96,free_support,O0,524288,39672,37245,2427,0.9388233514821537,0,155328,153516,308844,0,143,1350,66459
chameleon_gcnii16,12,96,beicsr,O0,1048576,41118,38478,2640,0.9357945425361156,0,168960,153516,322476,0,143,1403,61875
chameleon_gcnii16,12,96,xorflow,O0,1048576,39672,37245,2427,0.9388233514821537,8832,155328,153516,317676,1104,143,2488,66459
chameleon_gcnii16,12,96,free_support,O0,1048576,39672,37245,2427,0.9388233514821537,0,155328,153516,308844,0,143,1350,66459
chameleon_gcnii16,16,96,beicsr,O0,262144,41828,38619,3209,0.9232810557521277,0,205376,153516,358892,0,143,1545,64536
chameleon_gcnii16,16,96,xorflow,O0,262144,40259,37296,2963,0.9264015499639832,11456,189632,153516,354604,1432,143,2961,67008
chameleon_gcnii16,16,96,free_support,O0,262144,40259,37296,2963,0.9264015499639832,0,189632,153516,343148,0,143,1484,67008
chameleon_gcnii16,16,96,beicsr,O0,524288,41828,39091,2737,0.934565362914794,0,175168,153516,328684,0,143,1427,64536
chameleon_gcnii16,16,96,xorflow,O0,524288,40259,37768,2491,0.9381256365036389,11456,159424,153516,324396,1432,143,2843,67008
chameleon_gcnii16,16,96,free_support,O0,524288,40259,37768,2491,0.9381256365036389,0,159424,153516,312940,0,143,1366,67008
chameleon_gcnii16,16,96,beicsr,O0,1048576,41828,39091,2737,0.934565362914794,0,175168,153516,328684,0,143,1427,64536
chameleon_gcnii16,16,96,xorflow,O0,1048576,40259,37768,2491,0.9381256365036389,11456,159424,153516,324396,1432,143,2843,67008
chameleon_gcnii16,16,96,free_support,O0,1048576,40259,37768,2491,0.9381256365036389,0,159424,153516,312940,0,143,1366,67008
chameleon_gcnii16,4,96,beicsr,O1,262144,36106,33316,2790,0.9227275245111616,0,178560,153516,332076,0,143,1441,57432
chameleon_gcnii16,4,96,xorflow,O1,262144,36101,33312,2789,0.9227445223124013,16128,178496,153516,348140,2016,143,3519,75584
chameleon_gcnii16,4,96,free_support,O1,262144,36101,33312,2789,0.9227445223124013,0,178496,153516,332012,0,143,1440,75584
chameleon_gcnii16,4,96,beicsr,O1,524288,36106,33828,2278,0.9369079931313355,0,145792,153516,299308,0,143,1313,57432
chameleon_gcnii16,4,96,xorflow,O1,524288,36101,33824,2277,0.9369269549319963,16128,145728,153516,315372,2016,143,3391,75584
chameleon_gcnii16,4,96,free_support,O1,524288,36101,33824,2277,0.9369269549319963,0,145728,153516,299244,0,143,1312,75584
chameleon_gcnii16,4,96,beicsr,O1,1048576,36106,33828,2278,0.9369079931313355,0,145792,153516,299308,0,143,1313,57432
chameleon_gcnii16,4,96,xorflow,O1,1048576,36101,33824,2277,0.9369269549319963,16128,145728,153516,315372,2016,143,3391,75584
chameleon_gcnii16,4,96,free_support,O1,1048576,36101,33824,2277,0.9369269549319963,0,145728,153516,299244,0,143,1312,75584
chameleon_gcnii16,8,96,beicsr,O1,262144,39874,36889,2985,0.9251391884435973,0,191040,153516,344556,0,143,1489,61043
chameleon_gcnii16,8,96,xorflow,O1,262144,36335,33528,2807,0.9227466629971103,9152,179648,153516,342316,1144,143,2625,67867
chameleon_gcnii16,8,96,free_support,O1,262144,36335,33528,2807,0.9227466629971103,0,179648,153516,333164,0,143,1445,67867
chameleon_gcnii16,8,96,beicsr,O1,524288,39874,37401,2473,0.9379796358529368,0,158272,153516,311788,0,143,1361,61043
chameleon_gcnii16,8,96,xorflow,O1,524288,36335,34040,2295,0.936837759735792,9152,146880,153516,309548,1144,143,2497,67867
chameleon_gcnii16,8,96,free_support,O1,524288,36335,34040,2295,0.936837759735792,0,146880,153516,300396,0,143,1317,67867
chameleon_gcnii16,8,96,beicsr,O1,1048576,39874,37401,2473,0.9379796358529368,0,158272,153516,311788,0,143,1361,61043
chameleon_gcnii16,8,96,xorflow,O1,1048576,36335,34040,2295,0.936837759735792,9152,146880,153516,309548,1144,143,2497,67867
chameleon_gcnii16,8,96,free_support,O1,1048576,36335,34040,2295,0.936837759735792,0,146880,153516,300396,0,143,1317,67867
chameleon_gcnii16,12,96,beicsr,O1,262144,41118,37966,3152,0.9233425750279682,0,201728,153516,355244,0,143,1531,61875
chameleon_gcnii16,12,96,xorflow,O1,262144,39672,36733,2939,0.9259175236942933,8832,188096,153516,350444,1104,143,2616,66459
chameleon_gcnii16,12,96,free_support,O1,262144,39672,36733,2939,0.9259175236942933,0,188096,153516,341612,0,143,1478,66459
chameleon_gcnii16,12,96,beicsr,O1,524288,41118,38478,2640,0.9357945425361156,0,168960,153516,322476,0,143,1403,61875
chameleon_gcnii16,12,96,xorflow,O1,524288,39672,37245,2427,0.9388233514821537,8832,155328,153516,317676,1104,143,2488,66459
chameleon_gcnii16,12,96,free_support,O1,524288,39672,37245,2427,0.9388233514821537,0,155328,153516,308844,0,143,1350,66459
chameleon_gcnii16,12,96,beicsr,O1,1048576,41118,38478,2640,0.9357945425361156,0,168960,153516,322476,0,143,1403,61875
chameleon_gcnii16,12,96,xorflow,O1,1048576,39672,37245,2427,0.9388233514821537,8832,155328,153516,317676,1104,143,2488,66459
chameleon_gcnii16,12,96,free_support,O1,1048576,39672,37245,2427,0.9388233514821537,0,155328,153516,308844,0,143,1350,66459
chameleon_gcnii16,16,96,beicsr,O1,262144,41828,38579,3249,0.9223247585349527,0,207936,153516,361452,0,143,1555,64536
chameleon_gcnii16,16,96,xorflow,O1,262144,40259,37256,3003,0.9254079833080802,11456,192192,153516,357164,1432,143,2971,67008
chameleon_gcnii16,16,96,free_support,O1,262144,40259,37256,3003,0.9254079833080802,0,192192,153516,345708,0,143,1494,67008
chameleon_gcnii16,16,96,beicsr,O1,524288,41828,39091,2737,0.934565362914794,0,175168,153516,328684,0,143,1427,64536
chameleon_gcnii16,16,96,xorflow,O1,524288,40259,37768,2491,0.9381256365036389,11456,159424,153516,324396,1432,143,2843,67008
chameleon_gcnii16,16,96,free_support,O1,524288,40259,37768,2491,0.9381256365036389,0,159424,153516,312940,0,143,1366,67008
chameleon_gcnii16,16,96,beicsr,O1,1048576,41828,39091,2737,0.934565362914794,0,175168,153516,328684,0,143,1427,64536
chameleon_gcnii16,16,96,xorflow,O1,1048576,40259,37768,2491,0.9381256365036389,11456,159424,153516,324396,1432,143,2843,67008
chameleon_gcnii16,16,96,free_support,O1,1048576,40259,37768,2491,0.9381256365036389,0,159424,153516,312940,0,143,1366,67008
chameleon_gcnii16,4,128,beicsr,O0,262144,36106,33828,2278,0.9369079931313355,0,145792,153516,299308,0,143,1313,57432
chameleon_gcnii16,4,128,xorflow,O0,262144,36101,33824,2277,0.9369269549319963,16128,145728,153516,315372,2016,143,3391,75584
chameleon_gcnii16,4,128,free_support,O0,262144,36101,33824,2277,0.9369269549319963,0,145728,153516,299244,0,143,1312,75584
chameleon_gcnii16,4,128,beicsr,O0,524288,36106,33828,2278,0.9369079931313355,0,145792,153516,299308,0,143,1313,57432
chameleon_gcnii16,4,128,xorflow,O0,524288,36101,33824,2277,0.9369269549319963,16128,145728,153516,315372,2016,143,3391,75584
chameleon_gcnii16,4,128,free_support,O0,524288,36101,33824,2277,0.9369269549319963,0,145728,153516,299244,0,143,1312,75584
chameleon_gcnii16,4,128,beicsr,O0,1048576,36106,33828,2278,0.9369079931313355,0,145792,153516,299308,0,143,1313,57432
chameleon_gcnii16,4,128,xorflow,O0,1048576,36101,33824,2277,0.9369269549319963,16128,145728,153516,315372,2016,143,3391,75584
chameleon_gcnii16,4,128,free_support,O0,1048576,36101,33824,2277,0.9369269549319963,0,145728,153516,299244,0,143,1312,75584
chameleon_gcnii16,8,128,beicsr,O0,262144,39874,37401,2473,0.9379796358529368,0,158272,153516,311788,0,143,1361,61043
chameleon_gcnii16,8,128,xorflow,O0,262144,36335,34040,2295,0.936837759735792,9152,146880,153516,309548,1144,143,2497,67867
chameleon_gcnii16,8,128,free_support,O0,262144,36335,34040,2295,0.936837759735792,0,146880,153516,300396,0,143,1317,67867
chameleon_gcnii16,8,128,beicsr,O0,524288,39874,37401,2473,0.9379796358529368,0,158272,153516,311788,0,143,1361,61043
chameleon_gcnii16,8,128,xorflow,O0,524288,36335,34040,2295,0.936837759735792,9152,146880,153516,309548,1144,143,2497,67867
chameleon_gcnii16,8,128,free_support,O0,524288,36335,34040,2295,0.936837759735792,0,146880,153516,300396,0,143,1317,67867
chameleon_gcnii16,8,128,beicsr,O0,1048576,39874,37401,2473,0.9379796358529368,0,158272,153516,311788,0,143,1361,61043
chameleon_gcnii16,8,128,xorflow,O0,1048576,36335,34040,2295,0.936837759735792,9152,146880,153516,309548,1144,143,2497,67867
chameleon_gcnii16,8,128,free_support,O0,1048576,36335,34040,2295,0.936837759735792,0,146880,153516,300396,0,143,1317,67867
chameleon_gcnii16,12,128,beicsr,O0,262144,41118,38478,2640,0.9357945425361156,0,168960,153516,322476,0,143,1403,61875
chameleon_gcnii16,12,128,xorflow,O0,262144,39672,37245,2427,0.9388233514821537,8832,155328,153516,317676,1104,143,2488,66459
chameleon_gcnii16,12,128,free_support,O0,262144,39672,37245,2427,0.9388233514821537,0,155328,153516,308844,0,143,1350,66459
chameleon_gcnii16,12,128,beicsr,O0,524288,41118,38478,2640,0.9357945425361156,0,168960,153516,322476,0,143,1403,61875
chameleon_gcnii16,12,128,xorflow,O0,524288,39672,37245,2427,0.9388233514821537,8832,155328,153516,317676,1104,143,2488,66459
chameleon_gcnii16,12,128,free_support,O0,524288,39672,37245,2427,0.9388233514821537,0,155328,153516,308844,0,143,1350,66459
chameleon_gcnii16,12,128,beicsr,O0,1048576,41118,38478,2640,0.9357945425361156,0,168960,153516,322476,0,143,1403,61875
chameleon_gcnii16,12,128,xorflow,O0,1048576,39672,37245,2427,0.9388233514821537,8832,155328,153516,317676,1104,143,2488,66459
chameleon_gcnii16,12,128,free_support,O0,1048576,39672,37245,2427,0.9388233514821537,0,155328,153516,308844,0,143,1350,66459
chameleon_gcnii16,16,128,beicsr,O0,262144,41828,39091,2737,0.934565362914794,0,175168,153516,328684,0,143,1427,64536
chameleon_gcnii16,16,128,xorflow,O0,262144,40259,37768,2491,0.9381256365036389,11456,159424,153516,324396,1432,143,2843,67008
chameleon_gcnii16,16,128,free_support,O0,262144,40259,37768,2491,0.9381256365036389,0,159424,153516,312940,0,143,1366,67008
chameleon_gcnii16,16,128,beicsr,O0,524288,41828,39091,2737,0.934565362914794,0,175168,153516,328684,0,143,1427,64536
chameleon_gcnii16,16,128,xorflow,O0,524288,40259,37768,2491,0.9381256365036389,11456,159424,153516,324396,1432,143,2843,67008
chameleon_gcnii16,16,128,free_support,O0,524288,40259,37768,2491,0.9381256365036389,0,159424,153516,312940,0,143,1366,67008
chameleon_gcnii16,16,128,beicsr,O0,1048576,41828,39091,2737,0.934565362914794,0,175168,153516,328684,0,143,1427,64536
chameleon_gcnii16,16,128,xorflow,O0,1048576,40259,37768,2491,0.9381256365036389,11456,159424,153516,324396,1432,143,2843,67008
chameleon_gcnii16,16,128,free_support,O0,1048576,40259,37768,2491,0.9381256365036389,0,159424,153516,312940,0,143,1366,67008
chameleon_gcnii16,4,128,beicsr,O1,262144,36106,33828,2278,0.9369079931313355,0,145792,153516,299308,0,143,1313,57432
chameleon_gcnii16,4,128,xorflow,O1,262144,36101,33824,2277,0.9369269549319963,16128,145728,153516,315372,2016,143,3391,75584
chameleon_gcnii16,4,128,free_support,O1,262144,36101,33824,2277,0.9369269549319963,0,145728,153516,299244,0,143,1312,75584
chameleon_gcnii16,4,128,beicsr,O1,524288,36106,33828,2278,0.9369079931313355,0,145792,153516,299308,0,143,1313,57432
chameleon_gcnii16,4,128,xorflow,O1,524288,36101,33824,2277,0.9369269549319963,16128,145728,153516,315372,2016,143,3391,75584
chameleon_gcnii16,4,128,free_support,O1,524288,36101,33824,2277,0.9369269549319963,0,145728,153516,299244,0,143,1312,75584
chameleon_gcnii16,4,128,beicsr,O1,1048576,36106,33828,2278,0.9369079931313355,0,145792,153516,299308,0,143,1313,57432
chameleon_gcnii16,4,128,xorflow,O1,1048576,36101,33824,2277,0.9369269549319963,16128,145728,153516,315372,2016,143,3391,75584
chameleon_gcnii16,4,128,free_support,O1,1048576,36101,33824,2277,0.9369269549319963,0,145728,153516,299244,0,143,1312,75584
chameleon_gcnii16,8,128,beicsr,O1,262144,39874,37401,2473,0.9379796358529368,0,158272,153516,311788,0,143,1361,61043
chameleon_gcnii16,8,128,xorflow,O1,262144,36335,34040,2295,0.936837759735792,9152,146880,153516,309548,1144,143,2497,67867
chameleon_gcnii16,8,128,free_support,O1,262144,36335,34040,2295,0.936837759735792,0,146880,153516,300396,0,143,1317,67867
chameleon_gcnii16,8,128,beicsr,O1,524288,39874,37401,2473,0.9379796358529368,0,158272,153516,311788,0,143,1361,61043
chameleon_gcnii16,8,128,xorflow,O1,524288,36335,34040,2295,0.936837759735792,9152,146880,153516,309548,1144,143,2497,67867
chameleon_gcnii16,8,128,free_support,O1,524288,36335,34040,2295,0.936837759735792,0,146880,153516,300396,0,143,1317,67867
chameleon_gcnii16,8,128,beicsr,O1,1048576,39874,37401,2473,0.9379796358529368,0,158272,153516,311788,0,143,1361,61043
chameleon_gcnii16,8,128,xorflow,O1,1048576,36335,34040,2295,0.936837759735792,9152,146880,153516,309548,1144,143,2497,67867
chameleon_gcnii16,8,128,free_support,O1,1048576,36335,34040,2295,0.936837759735792,0,146880,153516,300396,0,143,1317,67867
chameleon_gcnii16,12,128,beicsr,O1,262144,41118,38478,2640,0.9357945425361156,0,168960,153516,322476,0,143,1403,61875
chameleon_gcnii16,12,128,xorflow,O1,262144,39672,37245,2427,0.9388233514821537,8832,155328,153516,317676,1104,143,2488,66459
chameleon_gcnii16,12,128,free_support,O1,262144,39672,37245,2427,0.9388233514821537,0,155328,153516,308844,0,143,1350,66459
chameleon_gcnii16,12,128,beicsr,O1,524288,41118,38478,2640,0.9357945425361156,0,168960,153516,322476,0,143,1403,61875
chameleon_gcnii16,12,128,xorflow,O1,524288,39672,37245,2427,0.9388233514821537,8832,155328,153516,317676,1104,143,2488,66459
chameleon_gcnii16,12,128,free_support,O1,524288,39672,37245,2427,0.9388233514821537,0,155328,153516,308844,0,143,1350,66459
chameleon_gcnii16,12,128,beicsr,O1,1048576,41118,38478,2640,0.9357945425361156,0,168960,153516,322476,0,143,1403,61875
chameleon_gcnii16,12,128,xorflow,O1,1048576,39672,37245,2427,0.9388233514821537,8832,155328,153516,317676,1104,143,2488,66459
chameleon_gcnii16,12,128,free_support,O1,1048576,39672,37245,2427,0.9388233514821537,0,155328,153516,308844,0,143,1350,66459
chameleon_gcnii16,16,128,beicsr,O1,262144,41828,39091,2737,0.934565362914794,0,175168,153516,328684,0,143,1427,64536
chameleon_gcnii16,16,128,xorflow,O1,262144,40259,37768,2491,0.9381256365036389,11456,159424,153516,324396,1432,143,2843,67008
chameleon_gcnii16,16,128,free_support,O1,262144,40259,37768,2491,0.9381256365036389,0,159424,153516,312940,0,143,1366,67008
chameleon_gcnii16,16,128,beicsr,O1,524288,41828,39091,2737,0.934565362914794,0,175168,153516,328684,0,143,1427,64536
chameleon_gcnii16,16,128,xorflow,O1,524288,40259,37768,2491,0.9381256365036389,11456,159424,153516,324396,1432,143,2843,67008
chameleon_gcnii16,16,128,free_support,O1,524288,40259,37768,2491,0.9381256365036389,0,159424,153516,312940,0,143,1366,67008
chameleon_gcnii16,16,128,beicsr,O1,1048576,41828,39091,2737,0.934565362914794,0,175168,153516,328684,0,143,1427,64536
chameleon_gcnii16,16,128,xorflow,O1,1048576,40259,37768,2491,0.9381256365036389,11456,159424,153516,324396,1432,143,2843,67008
chameleon_gcnii16,16,128,free_support,O1,1048576,40259,37768,2491,0.9381256365036389,0,159424,153516,312940,0,143,1366,67008
