config_id,trace_state,window_start,window_end,W,tile_size,cohort_size,grouping_method,num_cohorts,regular_feature_planes,delta_feature_planes,absent_feature_planes,regular_slots,regular_true_nnz,regular_holes,delta_active_nnz,initial_mask_bits,transition_dense_bits,transition_sparse_bytes,flip_count,total_nnz,dense_bytes,independent_bitmap_bytes,phase0_mosaic_bytes,mosaic_delta_bytes,selected_bytes,selected_representation,byte_ratio_to_best_baseline,proxy_cycles_rho1_10,proxy_cycles_rho1_25,proxy_cycles_rho1_50,proxy_cycles_rho1_75,proxy_speedup_rho1_10,proxy_speedup_rho1_25,proxy_speedup_rho1_50,proxy_speedup_rho1_75,rho_delta_max_for_1x,rho_delta_max_for_1_15x,rho_delta_max_for_1_25x,grouping_objective,cluster_iterations,exact_decode_pass
chameleon_gcnii16,trained,4,7,4,128,32,random_balanced_window,72,1422,3112,74,177804,165722,12082,168620,99008,106592,10243,32451,334342,2331648,1663040,1731712,1450560,1450560,mosaic_delta,0.8722339811429671,374969.032,400262.032,442417.032,461638.912,1.5545603776687351,1.4563259899704901,1.3175622949344319,1.2627011823474708,2.3366616059779384,1.8857542403036418,1.645270311944016,399679.12,0,True
chameleon_gcnii16,trained,4,7,4,128,32,rcm_contiguous_window,72,1587,2901,120,200760,187730,13030,146612,91848,101016,9110,32077,334342,2331648,1663040,1695808,1452992,1452992,mosaic_delta,0.8736963632865115,373323.232,395315.032,431968.032,445761.912,1.5614136759643182,1.4745505554162686,1.3494331913894961,1.3076756544421857,2.5335230404059694,2.014929746541893,1.738346656481052,394732.12,0,True
chameleon_gcnii16,trained,4,7,4,128,32,first_layer_rcm_cost_reused,72,1898,2447,263,239680,229499,10181,104843,77920,90016,7516,31866,334342,2331648,1663040,1601664,1438592,1438592,mosaic_delta,0.8650375216471041,365595.332,381321.782,407360.912,407360.912,1.5944186070734623,1.5286616907711819,1.4309473069914964,1.4309473069914964,3.178341710939214,2.45314308060624,2.066370477761987,380738.87,0,True
chameleon_gcnii16,trained,4,7,4,128,32,window_cost_cluster,72,1890,2480,238,238680,229627,9053,104715,78976,90696,7594,32063,334342,2331648,1663040,1598912,1434112,1434112,mosaic_delta,0.862343659803733,364499.532,380206.782,406385.532,407802.912,1.5992119298523544,1.5331446665251751,1.434381773217261,1.4293963648793169,3.1913467984529436,2.465261710356683,2.0780163300386763,379623.87,5,True
chameleon_gcnii16,trained,4,7,4,128,32,window_global_oracle,72,1845,2424,339,234216,222747,11469,111595,76608,92800,7097,31787,334342,2331648,1663040,1619776,1441728,1441728,mosaic_delta,0.8669232249374639,367523.532,384262.782,412161.532,413983.912,1.5860535428245721,1.5169619003070665,1.4142804574008618,1.4080547168702535,3.035314126977015,2.353993279268785,1.9906221604910612,383679.87,0,True
chameleon_gcnii16,trained,8,11,4,128,32,random_balanced_window,72,2285,2316,7,287944,265576,22368,146853,73584,83984,7486,23059,412429,2331648,1991616,2059712,1799104,1799104,mosaic_delta,0.9033387962338122,459871.33200000005,481899.282,518612.532,536861.912,1.2675545515413862,1.2096137549339614,1.1239836371713439,1.0857764109740011,1.9418185532471246,1.4240763212191787,1.1479471308042735,481316.37,0,True
chameleon_gcnii16,trained,8,11,4,128,32,rcm_contiguous_window,72,2387,2204,17,301756,281397,20359,131032,69832,82424,6767,23961,412429,2331648,1991616,2019840,1788736,1788736,mosaic_delta,0.8981329734245959,456079.232,475734.032,508492.032,520396.912,1.278093715085014,1.2252896803481153,1.1463542461172724,1.1201296290551392,2.072401245497283,1.4921460406618234,1.1826765980829108,475151.12,0,True
chameleon_gcnii16,trained,8,11,4,128,32,first_layer_rcm_cost_reused,72,2681,1836,91,338704,325818,12886,86611,58432,72072,5364,24878,412429,2331648,1991616,1903360,1755136,1755136,mosaic_delta,0.8812622513576914,443557.132,456548.782,477133.912,477133.912,1.3141756899988253,1.2767792248759082,1.221694759772179,1.221694759772179,2.715704471718373,1.837848310260822,1.3696583574834602,455965.87,0,True
chameleon_gcnii16,trained,8,11,4,128,32,window_cost_cluster,72,2665,1872,71,336680,325210,11470,87219,59584,72576,5532,24998,412429,2331648,1991616,1900032,1749440,1749440,mosaic_delta,0.8784022622834924,442257.93200000003,455340.782,477056.912,477056.912,1.318036281144642,1.2801664666179626,1.2218919490259896,1.2218919490259896,2.719337300358867,1.84760063747578,1.3826744172714658,454757.87,3,True
chameleon_gcnii16,trained,8,11,4,128,32,window_global_oracle,72,2663,1737,208,337516,322671,14845,89758,54816,68320,4864,23945,412429,2331648,1991616,1914816,1760064,1760064,mosaic_delta,0.8837366239275041,445628.832,459092.532,479016.912,479016.912,1.3080661710865242,1.2697048184613031,1.2168923171547645,1.2168923171547645,2.635975400521402,1.7888977027117368,1.3371229305465806,458509.62,0,True
chameleon_gcnii16,trained,12,15,4,128,32,random_balanced_window,72,3026,1580,2,380740,353464,27276,122057,50488,38952,5799,9812,475521,2331648,2281280,2302400,2059840,2059840,mosaic_delta,0.902931687473699,523932.732,542241.282,572755.532,582971.912,1.112570306067459,1.0750048352091348,1.0177326405989213,0.9998972300401326,1.5879865964262598,0.9650645190361885,0.6328394110948162,541658.37,0,True
chameleon_gcnii16,trained,12,15,4,128,32,rcm_contiguous_window,72,3124,1483,1,393824,369313,24511,106208,47264,38560,5425,10293,475521,2331648,2281280,2266432,2047232,2047232,mosaic_delta,0.8974049656333286,519454.832,535386.032,561938.032,572334.912,1.1221610890703968,1.0887695329339484,1.0373243432649528,1.0184805920069402,1.7029685146128353,0.9870902380235016,0.6052884905091893,534803.12,0,True
chameleon_gcnii16,trained,12,15,4,128,32,first_layer_rcm_cost_reused,72,3397,1149,62,429884,419953,9931,55568,36472,37792,3705,11777,475521,2331648,2281280,2119680,1983808,1983808,mosaic_delta,0.8696030298779632,499331.832,507667.032,521559.032,522918.912,1.1673840172881267,1.1482171645134522,1.1176337945193517,1.11472732506565,2.6145961704578173,1.2463266628275278,0.5165829254247045,507084.12,0,True
chameleon_gcnii16,trained,12,15,4,128,32,window_cost_cluster,72,3403,1119,86,430616,421034,9582,54487,35520,37640,3619,11640,475521,2331648,2281280,2117312,1981760,1981760,mosaic_delta,0.8687052882592229,498839.732,507012.782,520634.532,522617.912,1.168535628994364,1.149698825541641,1.1196183967297813,1.1153693484581524,2.6536766568172228,1.2582612366252512,0.5140396791895311,506429.87,3,True
chameleon_gcnii16,trained,12,15,4,128,32,window_global_oracle,72,3300,1221,87,417540,405260,12280,70261,38736,36432,3821,11167,475521,2331648,2281280,2154496,1994112,1994112,mosaic_delta,0.8741197923972507,503197.132,513736.282,531301.532,536558.912,1.1584167773038898,1.134652194956322,1.0971396935478817,1.0863895594003292,2.2428499452043096,1.160713340259889,0.583573817622863,513153.37,0,True
chameleon_gcnii16,random_init,4,7,4,128,32,window_cost_cluster,72,3825,783,0,483612,474116,9496,57155,24984,54136,1105,30389,531271,2331648,2345984,2289216,2204160,2289216,phase0_mosaic,0.9818017127799736,553284.912,553284.912,553284.912,553284.912,1.0535476159884873,1.0535476159884873,1.0535476159884873,1.0535476159884873,1.6079062199282654,0.2776289038579312,-0.43185233137958223,562455.87,4,True
chameleon_gcnii16,random_init,8,11,4,128,32,window_cost_cluster,72,3680,928,0,465148,458251,6897,62860,29656,74080,793,40500,521111,2331648,2342656,2249920,2153664,2249920,phase0_mosaic,0.9649483970136145,542658.032,545415.912,545415.912,545415.912,1.074179254016828,1.0687476972619017,1.0687476972619017,1.0687476972619017,1.7496481069042318,0.5401030862233543,-0.10498759147311523,551504.12,5,True
chameleon_gcnii16,random_init,12,15,4,128,32,window_cost_cluster,72,3922,686,0,495916,487780,8136,50618,21912,50816,726,33118,538398,2331648,2355456,2303808,2227968,2303808,phase0_mosaic,0.9880599472990778,555712.912,555712.912,555712.912,555712.912,1.0489444952828448,1.0489444952828448,1.0489444952828448,1.0489444952828448,1.5758797265794777,0.07380536568019397,-0.7273009601327596,566416.62,4,True
cora_gcnii16,trained,4,7,4,128,32,random_balanced_window,85,2989,2448,3,380912,351569,29343,167186,78120,54544,10102,12578,518755,2772992,2488256,2582656,2255872,2255872,mosaic_delta,0.9066076802386893,576390.328,601468.228,643264.728,668793.248,1.2027405151045492,1.1525928847566658,1.077702491407239,1.0365654887712024,1.803114614860096,1.262258010994264,0.9738011555991531,600774.98,0,True
cora_gcnii16,trained,4,7,4,128,32,rcm_contiguous_window,85,3124,2300,16,398192,376512,21680,142243,73384,54864,9100,12983,518755,2772992,2488256,2510336,2223232,2223232,mosaic_delta,0.8934900589006919,566002.028,587338.478,622899.228,647725.248,1.2248153994246818,1.1803211026811018,1.1129376451884123,1.0702809596207064,1.9994412378816533,1.3637428051017415,1.0247036409524546,586645.23,0,True
cora_gcnii16,trained,4,7,4,128,32,first_layer_rcm_cost_reused,85,3437,1902,101,438256,423664,14592,95091,60648,56720,7066,13820,518755,2772992,2488256,2399168,2191936,2191936,mosaic_delta,0.8809125749119062,553674.828,567938.478,591711.228,605229.248,1.2520850956944714,1.2206392538172066,1.1715985217032252,1.1454304336594123,2.5750756643636095,1.6241586251704896,1.1170028709341582,567245.23,0,True
cora_gcnii16,trained,4,7,4,128,32,window_cost_cluster,85,3425,1909,106,436720,423492,13228,95263,60872,58544,6951,13974,518755,2772992,2488256,2395840,2185664,2185664,mosaic_delta,0.8783919339489185,552347.028,566636.478,590452.228,605201.248,1.2550950124782783,1.2234440014290784,1.1740966789950025,1.1454834276878425,2.5863506293104352,1.6371504973188649,1.1309104269233599,565943.23,3,True
cora_gcnii16,trained,4,7,4,128,32,window_global_oracle,85,3355,1972,113,427760,413006,14754,105749,62904,56272,7074,13436,518755,2772992,2488256,2418944,2193088,2193088,mosaic_delta,0.881375549782659,554949.628,570811.978,597249.228,613429.248,1.249208874143078,1.2144944863087648,1.1607348615944968,1.130118921228875,2.414353989163018,1.5592759064018291,1.1032342622625275,570118.73,0,True
cora_gcnii16,trained,8,11,4,128,32,random_balanced_window,85,3332,2096,12,424816,395204,29612,144716,66936,41024,8388,9962,539920,2772992,2565440,2633152,2335168,2335168,mosaic_delta,0.9102407384308345,594889.328,616596.728,652775.728,673997.248,1.1653394461297177,1.1243134588933466,1.0620002709414464,1.028562063208899,1.7844572818485862,1.1596220723768418,0.8263766273252441,615903.48,0,True
cora_gcnii16,trained,8,11,4,128,32,rcm_contiguous_window,85,3423,2002,15,436464,415106,21358,124814,63928,43232,7733,10458,539920,2772992,2565440,2567168,2301312,2301312,mosaic_delta,0.8970437819633279,584527.128,603249.228,634452.728,655749.248,1.185997991867368,1.1491900326145132,1.092670847496143,1.0571845901682224,1.9766173666415625,1.252150142020022,0.8657676222218663,602555.98,0,True
cora_gcnii16,trained,8,11,4,128,32,first_layer_rcm_cost_reused,85,3678,1657,105,469104,454825,14279,85095,52888,44992,6065,11137,539920,2772992,2565440,2467648,2270528,2270528,mosaic_delta,0.885044280903081,573036.228,585800.478,607074.228,618907.248,1.2097804050183019,1.1834199971410744,1.141949316945802,1.1201161438005973,2.5208240202127032,1.4582039817390804,0.8914732945531468,585107.23,0,True
cora_gcnii16,trained,8,11,4,128,32,window_cost_cluster,85,3650,1701,89,465520,453061,12459,86859,54296,45664,6236,11239,539920,2772992,2565440,2465728,2263936,2263936,mosaic_delta,0.8824747411750031,571457.628,584486.478,606201.228,619245.248,1.2131223139434582,1.1860804759284782,1.143593856263188,1.1195047555697997,2.5101431054928103,1.4691035796645948,0.9138824992228788,583793.23,5,True
cora_gcnii16,trained,8,11,4,128,32,window_global_oracle,85,3550,1796,94,453728,435165,18563,104755,57072,41672,6172,10190,539920,2772992,2565440,2518464,2289472,2289472,mosaic_delta,0.8924285892478483,579348.228,595061.478,621250.228,634865.248,1.1965998453006401,1.1650023159455802,1.11589174338299,1.0919608565501446,2.1939145625507135,1.330722808706859,0.8703538733234694,594368.23,0,True
cora_gcnii16,trained,12,15,4,128,32,random_balanced_window,85,3675,1754,11,468720,439652,29068,125828,55984,29344,6930,7090,565480,2772992,2662272,2703808,2431232,2431232,mosaic_delta,0.9132169815856531,617394.528,636268.728,667725.728,683375.248,1.1228606159593302,1.0895522119704113,1.0382226877440313,1.0144470435955855,1.7083440887560797,0.9897150699851149,0.6064462599739329,635575.48,0,True
cora_gcnii16,trained,12,15,4,128,32,rcm_contiguous_window,85,3708,1719,13,472944,452727,20217,112753,54864,33792,6481,7874,565480,2772992,2662272,2648192,2395968,2395968,mosaic_delta,0.8999711524592529,607224.028,624136.978,652325.228,669703.248,1.1416676021259158,1.1107305358215773,1.0627336951622544,1.0351569923997144,1.8690901350740112,1.0671278620177471,0.639414649721072,623443.73,0,True
cora_gcnii16,trained,12,15,4,128,32,first_layer_rcm_cost_reused,85,3963,1367,110,505584,491745,13839,73735,43600,35296,5052,8423,565480,2772992,2662272,2555328,2369152,2369152,mosaic_delta,0.8898985528150392,596524.228,607584.478,626018.228,635731.248,1.1621455884940184,1.1409903068656075,1.107392674834382,1.0904733756299485,2.421177459822337,1.1948446168859705,0.5408004339865738,606891.23,0,True
cora_gcnii16,trained,12,15,4,128,32,window_cost_cluster,85,3932,1406,102,501616,489641,11975,75839,44848,35232,5177,8450,565480,2772992,2662272,2552576,2361792,2361792,mosaic_delta,0.8871339968267705,594914.628,606290.478,625250.228,636271.248,1.165289887610563,1.1434255116241492,1.1087528943691964,1.0895478967171561,2.4057479660860506,1.2134372529448838,0.5775382059362599,605597.23,3,True
cora_gcnii16,trained,12,15,4,128,32,window_global_oracle,85,3961,1322,157,505472,493203,12269,72277,42064,32536,4674,8053,565480,2772992,2662272,2545408,2361920,2361920,mosaic_delta,0.8871820760613491,594683.428,605524.978,623594.228,631541.248,1.1657429270082167,1.144871021323913,1.1116972686283426,1.0977081896003094,2.4732974528549883,1.2222265426911332,0.5549887239370757,604831.73,0,True
cora_gcnii16,random_init,4,7,4,128,32,window_cost_cluster,85,4559,860,21,580960,576624,4336,62261,27448,50200,1261,38570,638885,2772992,2774720,2701632,2621376,2701632,phase0_mosaic,0.9742660635155096,649815.248,649815.248,649815.248,649815.248,1.0668386162585093,1.0668386162585093,1.0668386162585093,1.0668386162585093,1.666685726217054,0.21435357328162144,-0.5602235749506108,667304.73,4,True
cora_gcnii16,random_init,8,11,4,128,32,window_cost_cluster,85,4918,522,0,626768,620644,6124,41286,16648,34888,586,22661,661930,2772992,2921792,2795328,2721984,2795328,phase0_mosaic,1.008054837518464,673679.248,673679.248,673679.248,673679.248,1.0290475802217378,1.0290475802217378,1.0290475802217378,1.0290475802217378,1.4178782153756722,-0.7722988948775121,-1.9403933536792126,686316.98,6,True
cora_gcnii16,random_init,12,15,4,128,32,window_cost_cluster,85,5062,378,0,645104,643858,1246,26338,12056,26856,389,19312,670196,2772992,3008512,2819264,2734272,2819264,phase0_mosaic,1.0166866691285081,676885.248,676885.248,676885.248,676885.248,1.0241735981812976,1.0241735981812976,1.0241735981812976,1.0241735981812976,1.5361652365403597,-1.8970359242885932,-3.7280765433973717,685710.98,5,True
cora_resgcn16,trained,4,7,4,128,32,random_balanced_window,85,960,4001,479,122352,112851,9501,151097,127664,234832,7401,94838,263948,2772992,1445440,1368320,1183744,1183744,mosaic_delta,0.8189506309497454,303774.428,326438.978,354795.248,354795.248,1.7377894626469348,1.6171353164817224,1.4878891500824158,1.4878891500824158,2.587884074468719,2.132176813570091,1.8891329410908224,325745.73,0,True
cora_resgcn16,trained,4,7,4,128,32,rcm_contiguous_window,85,968,3898,574,123376,115058,8318,148890,124368,221360,7249,95686,263948,2772992,1445440,1347712,1176192,1176192,mosaic_delta,0.8137259242860305,302063.728,324397.228,346059.248,346059.248,1.7476312150924656,1.6273135354905066,1.5254497692256441,1.5254497692256441,2.6214287057559273,2.158966485324737,1.9123199677614346,323703.98,0,True
cora_resgcn16,trained,4,7,4,128,32,first_layer_rcm_cost_reused,85,1035,3454,951,131952,126857,5095,137091,110160,182928,6375,97586,263948,2772992,1445440,1276928,1156224,1276928,phase0_mosaic,0.8834181979189728,296617.828,315403.248,315403.248,315403.248,1.7797177046283275,1.673717703756811,1.673717703756811,1.673717703756811,2.7920980954256662,2.289833176503199,2.0219585530778827,316488.23,0,True
cora_resgcn16,trained,4,7,4,128,32,window_cost_cluster,85,1050,3480,910,133872,128694,5178,135254,110992,187024,6216,97581,263948,2772992,1445440,1281024,1156544,1281024,phase0_mosaic,0.8862519371264114,296581.128,316733.248,316733.248,316733.248,1.779937933205244,1.6666895671148485,1.6666895671148485,1.6666895671148485,2.815351265027282,2.3062646576071693,2.0347518003164415,316175.98,3,True
cora_resgcn16,trained,4,7,4,128,32,window_global_oracle,85,1068,3231,1141,136080,131486,4594,132462,103040,166488,5724,98036,263948,2772992,1445440,1248832,1149952,1248832,phase0_mosaic,0.8639805180429488,295148.928,303489.248,303489.248,303489.248,1.7885750206756637,1.739422412750517,1.739422412750517,1.739422412750517,2.8623191556823846,2.3425021515604483,2.0652664160287477,314324.98,0,True
cora_resgcn16,trained,8,11,4,128,32,random_balanced_window,85,707,4297,436,89968,82094,7874,155835,137216,267600,7049,113388,237929,2772992,1390336,1272576,1078976,1078976,mosaic_delta,0.7760541336770392,277293.228,300668.478,335827.248,335827.248,1.7160822982665844,1.5826667403424977,1.4169725739467096,1.4169725739467096,2.3786474155356627,1.9803515591323604,1.767927102383932,299975.23,0,True
cora_resgcn16,trained,8,11,4,128,32,rcm_contiguous_window,85,726,4181,533,92400,85694,6706,152235,133504,246480,7358,113775,237929,2772992,1390336,1247872,1072000,1072000,mosaic_delta,0.7710366415024857,275387.228,298222.478,324393.248,324393.248,1.7279595842404136,1.5956476627492848,1.4669170919365127,1.4669170919365127,2.4214045390350445,2.0136899216171797,1.7962421256609848,297529.23,0,True
cora_resgcn16,trained,8,11,4,128,32,first_layer_rcm_cost_reused,85,828,3628,984,105456,100568,4888,137361,115808,202992,6249,114582,237929,2772992,1390336,1173504,1054848,1173504,phase0_mosaic,0.844043454244154,270848.828,291411.248,291411.248,291411.248,1.7569136389248103,1.6329431456949115,1.6329431456949115,1.6329431456949115,2.597531468175101,2.1456678767437,1.904673961313619,290759.73,0,True
cora_resgcn16,trained,8,11,4,128,32,window_cost_cluster,85,835,3658,947,106352,102021,4331,135908,116768,203280,6440,114986,237929,2772992,1390336,1171264,1052672,1171264,phase0_mosaic,0.842432332903701,270197.52800000005,290295.248,290295.248,290295.248,1.761148606807387,1.6392207701588004,1.6392207701588004,1.6392207701588004,2.61833387291403,2.161639382651436,1.9180689878447186,289890.48,5,True
cora_resgcn16,trained,8,11,4,128,32,window_global_oracle,85,857,3318,1265,109120,105529,3591,132400,105848,175272,5689,115719,237929,2772992,1390336,1135424,1044224,1135424,phase0_mosaic,0.8166543914564537,268319.728,274219.248,274219.248,274219.248,1.7734737715595776,1.73531946962381,1.73531946962381,1.73531946962381,2.6727456193353474,2.2039507946932884,1.9539268882175227,287486.48,0,True
cora_resgcn16,trained,12,15,4,128,32,random_balanced_window,85,428,4588,424,54304,48835,5469,160786,146536,247728,8933,108376,209621,2772992,1385600,1144704,956864,956864,mosaic_delta,0.6905773672055427,247218.328,271336.228,304899.248,304899.248,1.6958370497514246,1.5451014525048974,1.37501815025795,1.37501815025795,2.174203724204844,1.834101108738107,1.6527130471558469,270642.98,0,True
cora_resgcn16,trained,12,15,4,128,32,rcm_contiguous_window,85,483,4408,549,61344,56017,5327,153604,140776,229712,8752,108215,209621,2772992,1385600,1119680,953088,953088,mosaic_delta,0.6878521939953811,245919.12800000003,268959.728,292073.248,292073.248,1.7047962206502292,1.5587538071870746,1.4354002048143757,1.4354002048143757,2.232887945626416,1.8768832899505563,1.687014140256764,268266.48,0,True
cora_resgcn16,trained,12,15,4,128,32,first_layer_rcm_cost_reused,85,594,3766,1080,75552,72308,3244,137313,120232,185616,7213,109025,209621,2772992,1385600,1039872,934208,1039872,phase0_mosaic,0.7504849884526559,240844.02800000002,256531.248,256531.248,256531.248,1.7407199318224322,1.6342726403451637,1.6342726403451637,1.6342726403451637,2.4042553873267645,2.0060138578981253,1.7936183755361834,260747.73,0,True
cora_resgcn16,trained,12,15,4,128,32,window_cost_cluster,85,594,3766,1080,75552,72308,3244,137313,120232,185616,7213,109025,209621,2772992,1385600,1039872,934208,1039872,phase0_mosaic,0.7504849884526559,240844.02800000002,256531.248,256531.248,256531.248,1.7407199318224322,1.6342726403451637,1.6342726403451637,1.6342726403451637,2.4042553873267645,2.0060138578981253,1.7936183755361834,260747.73,1,True
cora_resgcn16,trained,12,15,4,128,32,window_global_oracle,85,654,3424,1362,83376,81204,2172,128417,109296,161224,6462,109539,209621,2772992,1385600,1002688,925056,1002688,phase0_mosaic,0.7236489607390301,238151.428,239663.248,239663.248,239663.248,1.7604009496008564,1.7492961624220331,1.7492961624220331,1.7492961624220331,2.5155744177172807,2.0897449782315833,1.862635943839211,256720.73,0,True
cora_resgcn16,random_init,4,7,4,128,32,window_cost_cluster,85,2973,2421,46,378816,370062,8754,171446,77256,164216,2933,118653,541508,2772992,2672192,2352128,2270464,2352128,phase0_mosaic,0.8802241755083468,570129.248,570129.248,570129.248,570129.248,1.2159488439365242,1.2159488439365242,1.2159488439365242,1.2159488439365242,1.7658885013356977,1.2384708177856993,0.9571813865590333,604800.98,4,True
cora_resgcn16,random_init,8,11,4,128,32,window_cost_cluster,85,3893,1523,24,496048,487000,9048,88777,48600,95752,2172,67412,575777,2772992,2772992,2485248,2393856,2485248,phase0_mosaic,0.8962333825701625,600019.248,600019.248,600019.248,600019.248,1.1553762688626281,1.1553762688626281,1.1553762688626281,1.1553762688626281,2.110451130360341,1.0919029458766014,0.5486772474852724,616859.73,5,True
cora_resgcn16,random_init,12,15,4,128,32,window_cost_cluster,85,3712,1727,1,472928,467392,5536,104251,55120,109160,2222,65313,571643,2772992,2772672,2453120,2367680,2453120,phase0_mosaic,0.8847494402511368,593387.248,593387.248,593387.248,593387.248,1.1682893461842645,1.1682893461842645,1.1682893461842645,1.1682893461842645,2.015429300438365,1.1480644581451214,0.6854698755887236,613451.23,5,True
pubmed_gcnii16,trained,4,7,4,128,32,random_balanced_window,617,15046,24124,318,1921136,1791860,129276,1388502,771776,290592,103164,94602,3180362,20190208,16000640,16449600,13743616,13743616,mosaic_delta,0.8589416423343066,3539537.2720000003,3747812.572,4094938.072,4396744.552,1.4260485515802754,1.3467994738345201,1.2326320719020631,1.1480203000886098,2.189708390769333,1.7155453374744243,1.4626583757171399,3742765.02,0,True
pubmed_gcnii16,trained,4,7,4,128,32,rcm_contiguous_window,617,17421,21230,837,2225136,2121720,103416,1058642,679168,312576,85688,93944,3180362,20190208,16000640,15762176,13606400,13606400,mosaic_delta,0.8503659853605856,3476680.2720000003,3635476.572,3900137.072,4142162.552,1.4518309436307002,1.3884154938242852,1.2941986157967527,1.218578927464554,2.588623425104993,1.9667169186315232,1.6350334485123394,3630429.02,0,True
pubmed_gcnii16,trained,4,7,4,128,32,first_layer_rcm_cost_reused,617,20936,15870,2682,2675056,2609601,65455,570761,507648,339552,61612,96787,3180362,20190208,16000640,14709504,13407744,13407744,mosaic_delta,0.8379504819807208,3383323.1720000003,3468937.322,3611627.572,3694280.552,1.4918917713131779,1.4550715482774583,1.3975837484275357,1.3663152889856645,4.024650387815566,2.8711441955107535,2.255940892948187,3463889.77,0,True
pubmed_gcnii16,trained,4,7,4,128,32,window_cost_cluster,617,20954,15885,2649,2677360,2619439,57921,560923,508128,339008,61776,96879,3180362,20190208,16000640,14673984,13377216,13377216,mosaic_delta,0.836042558297668,3374828.372,3458966.822,3599197.572,3696182.552,1.495647020713147,1.4592658038510669,1.402410370374633,1.3656122036691005,4.09109000700631,2.91735252819712,2.291359206165552,3453919.27,6,True
pubmed_gcnii16,trained,4,7,4,128,32,window_global_oracle,617,23086,6866,9536,2951768,2916571,35197,263791,219616,255904,18884,94639,3180362,20190208,16000640,13956800,13220160,13220160,mosaic_delta,0.8262269509219631,3308968.1720000003,3348536.822,3367893.552,3367893.552,1.5254156998884545,1.5073903224947125,1.4987267032244966,1.4987267032244966,7.709897153428282,5.2140714890724595,3.882964468082687,3343489.27,0,True
pubmed_gcnii16,trained,8,11,4,128,32,random_balanced_window,617,17237,22058,193,2201368,2063006,138362,1318802,705712,192304,91546,61342,3381808,20190208,16670080,17178304,14550080,14550080,mosaic_delta,0.8728260452259378,3738563.2720000003,3936383.572,4266084.072,4543829.552,1.3501314897633754,1.282281542861799,1.183181558265362,1.11085857033926,2.096386326378031,1.5971632831720857,1.3309109934622483,3931336.02,0,True
pubmed_gcnii16,trained,8,11,4,128,32,rcm_contiguous_window,617,19206,19678,604,2453400,2355980,97420,1025828,629552,223664,78547,62996,3381808,20190208,16670080,16500224,14366400,14366400,mosaic_delta,0.8618075018236265,3665403.872,3819278.072,4075735.072,4302639.552,1.3770793550359408,1.321598455217167,1.2384396705949585,1.1731291777982522,2.4522692693122043,1.8104693303106496,1.4681760295098205,3814230.52,0,True
pubmed_gcnii16,trained,8,11,4,128,32,first_layer_rcm_cost_reused,617,22641,14400,2447,2893080,2829499,63581,552309,460656,243024,56968,64374,3381808,20190208,16670080,15491264,14184512,14184512,mosaic_delta,0.8508964564057281,3577858.972,3660705.322,3798782.572,3882651.552,1.410774443459534,1.3788468494487576,1.3287288504491959,1.300027038841522,3.770136789369719,2.578093299536877,1.9423367716260282,3655657.77,0,True
pubmed_gcnii16,trained,8,11,4,128,32,window_cost_cluster,617,22601,14636,2251,2887960,2829236,58724,552572,468208,241264,57676,64092,3381808,20190208,16670080,15483904,14164608,14164608,mosaic_delta,0.8497024609360003,3573266.2720000003,3656152.072,3794295.072,3891939.552,1.4125877042952144,1.3805640193841477,1.3303003335845989,1.2969245623062544,3.777177417603498,2.5857012881107133,1.9502473523812283,3651104.52,6,True
pubmed_gcnii16,trained,8,11,4,128,32,window_global_oracle,617,24672,6355,8461,3153588,3121084,32504,260724,203096,204520,19911,63890,3381808,20190208,16670080,14784960,14000512,14000512,mosaic_delta,0.8398587169347718,3506354.472,3545463.072,3576175.552,3576175.552,1.439544130608367,1.4236650890154863,1.4114385400283616,1.4114385400283616,7.030582071462542,4.505397018202824,3.1586316564643075,3540415.52,0,True
pubmed_gcnii16,trained,12,15,4,128,32,random_balanced_window,617,19622,19748,118,2506108,2360243,145865,1223933,631744,159264,81483,47880,3584176,20190208,17469696,17869952,15360128,15360128,mosaic_delta,0.879244149411644,3935439.372,4119029.322,4425012.572,4683974.552,1.282589190907754,1.2254226919533446,1.1406864766756193,1.0776215677441623,2.0127625286678272,1.47484391071563,1.1879539811411246,4113981.77,0,True
pubmed_gcnii16,trained,12,15,4,128,32,rcm_contiguous_window,617,21141,17907,440,2700540,2602407,98133,981769,572832,180800,72351,49845,3584176,20190208,17469696,17260800,15157312,15157312,mosaic_delta,0.8676345598687006,3861305.9720000005,4008571.322,4254013.572,4467144.552,1.307213682780381,1.2591897697560785,1.18653876264596,1.1299280650634294,2.313415355343263,1.642813260730287,1.285158810270033,4003523.77,0,True
pubmed_gcnii16,trained,12,15,4,128,32,first_layer_rcm_cost_reused,617,24590,12231,2667,3142012,3075993,66019,508183,391200,203200,48688,49952,3584176,20190208,17469696,16287296,14990976,14990976,mosaic_delta,0.8581131577790478,3774968.372,3851195.822,3978241.572,4065668.552,1.337111070238127,1.310645376993245,1.2687897174284517,1.2415060242717002,3.6141163321087086,2.318566603317925,1.6276067479628402,3846148.27,0,True
pubmed_gcnii16,trained,12,15,4,128,32,window_cost_cluster,617,24491,12682,2315,3129340,3068688,60652,515488,405632,204096,50503,50586,3584176,20190208,17469696,16289216,14971904,14971904,mosaic_delta,0.8570214387245204,3770910.872,3848234.072,3977106.072,4075650.552,1.3385498017148574,1.311654100442152,1.269151968446669,1.2384653531012537,3.5863598764665716,2.3091694320215272,1.6280011949841704,3843186.52,4,True
pubmed_gcnii16,trained,12,15,4,128,32,window_global_oracle,617,26313,6355,6820,3364284,3327111,37173,257065,203168,173152,21379,48512,3584176,20190208,17469696,15692800,14823808,14823808,mosaic_delta,0.8485441303615129,3712720.572,3751280.322,3811920.552,3811920.552,1.3595291921688955,1.3455544685364624,1.3241493182096098,1.3241493182096098,6.312218621749363,3.751090705362119,2.3851558166222553,3746232.77,0,True
pubmed_gcnii16,random_init,4,7,4,128,32,window_cost_cluster,617,31459,8029,0,4021460,3997288,24172,447833,256568,517416,10661,371287,4445121,20190208,20190208,18917056,18221248,18917056,phase0_mosaic,0.936942105797028,4550174.552,4550174.552,4550174.552,4550174.552,1.109309531385204,1.109309531385204,1.109309531385204,1.109309531385204,2.144063702317605,0.6739256199831479,-0.11014802392856246,4647160.77,4,True
pubmed_gcnii16,random_init,8,11,4,128,32,window_cost_cluster,617,34765,4723,0,4443980,4395709,48271,332056,150920,272664,6572,208179,4727765,20190208,20706176,19972608,19443264,19972608,phase0_mosaic,0.9892224983516762,4805143.552,4805143.552,4805143.552,4805143.552,1.05044770158825,1.05044770158825,1.05044770158825,1.05044770158825,1.6397098079841954,-0.34301704479391104,-1.4004713662755677,4918146.52,5,True
pubmed_gcnii16,random_init,12,15,4,128,32,window_cost_cluster,617,30937,8551,0,3954212,3916221,37991,625812,273368,518408,11093,394490,4542033,20190208,20190208,19275520,18666624,19275520,phase0_mosaic,0.9546964548359284,4631230.552,4631230.552,4631230.552,4631230.552,1.0898943473717178,1.0898943473717178,1.0898943473717178,1.0898943473717178,1.641017557988661,0.5889822057964901,0.027896684627332313,4802848.52,5,True
cora_deepres28_w128,trained,4,7,4,128,32,random_balanced_window,85,2115,8295,470,268512,242337,26175,430375,265128,327896,27942,74470,672712,5545984,3221376,3660608,2945216,2945216,mosaic_delta,0.914272658640283,772008.956,836565.206,944158.956,1043336.496,1.7427569842855553,1.6082715254595468,1.4249973391133093,1.2895398609730988,2.4355830148126634,2.0278221389334377,1.8103496717978507,835178.71,0,True
cora_deepres28_w128,trained,4,7,4,128,32,rcm_contiguous_window,85,2665,7572,643,338912,309302,29610,363410,241992,301688,24375,73046,672712,5545984,3221376,3544704,2948864,2948864,mosaic_delta,0.9154050939722652,767349.456,821860.956,912713.456,983852.496,1.7533393546837934,1.6370457681165231,1.4740924341100106,1.367505805463749,2.6945104427506124,2.2116120994014428,1.9540663162818854,820474.46,0,True
cora_deepres28_w128,trained,4,7,4,128,32,first_layer_rcm_cost_reused,85,3521,5908,1451,448480,423068,25412,249644,188744,266232,17094,72075,672712,5545984,3221376,3299520,2911360,2911360,mosaic_delta,0.9037628640680256,749062.856,786509.456,848920.456,876180.496,1.7961429928385075,1.7106266043418046,1.5848646248194542,1.5355557515172078,3.4944001858646714,2.7914388210550958,2.416526093156655,785122.96,0,True
cora_deepres28_w128,trained,4,7,4,128,32,window_cost_cluster,85,3555,5793,1532,452832,428966,23866,243746,185064,264280,16547,71759,672712,5545984,3221376,3283840,2903872,2903872,mosaic_delta,0.9014383915444829,746742.0560000001,783303.956,844240.456,871242.496,1.8017252265218604,1.7176269693191746,1.5936502336959792,1.5442589246702676,3.5618596407735925,2.8418884947587992,2.4579038835509097,781917.46,5,True
cora_deepres28_w128,trained,4,7,4,128,32,window_global_oracle,85,3615,5878,1387,460992,435180,25812,237532,187424,252512,17151,71521,672712,5545984,3221376,3277312,2912064,2912064,mosaic_delta,0.9039814042198117,748016.656,783646.456,843029.456,866172.496,1.7986551358289542,1.7168762644158504,1.5959394899245372,1.5532979934287823,3.620897563275685,2.882091478383874,2.488061566441574,782259.96,0,True
cora_deepres28_w128,trained,8,11,4,128,32,random_balanced_window,85,2140,8021,719,271616,244394,27222,412900,256472,172864,31238,42562,657294,5545984,3138240,3589568,2870208,2870208,mosaic_delta,0.9145916182318752,753676.456,815611.456,918836.456,1022061.456,1.7442338679079024,1.6117821670224308,1.4307094493429633,1.2862122842836174,2.4618262048922257,2.046548898038266,1.825067667716154,814224.96,0,True
cora_deepres28_w128,trained,8,11,4,128,32,rcm_contiguous_window,85,2649,7283,948,336768,308468,28300,348826,232856,168384,26883,42108,657294,5545984,3138240,3464576,2866240,2866240,mosaic_delta,0.9133272152544101,747179.0560000001,799502.956,886709.456,959224.496,1.7594015643821792,1.6442565848374424,1.4825464994251736,1.370469588174487,2.7305993245916302,2.2390419292139923,1.9768779850125848,798116.46,0,True
cora_deepres28_w128,trained,8,11,4,128,32,first_layer_rcm_cost_reused,85,3645,5296,1939,464256,441667,22589,215627,169272,159808,18105,41897,657294,5545984,3138240,3198272,2822528,2822528,mosaic_delta,0.8993983889058835,725426.156,757770.206,811676.956,845510.496,1.8121596376516649,1.7348108827598852,1.6195950744719676,1.5547861395206144,3.8387495072509474,3.04354297003622,2.619432816855032,756383.71,0,True
cora_deepres28_w128,trained,8,11,4,128,32,window_cost_cluster,85,3633,5283,1964,462720,441484,21236,215810,168856,159584,18049,41936,657294,5545984,3138240,3192960,2816640,2816640,mosaic_delta,0.8975221780360967,724071.456,756442.956,810395.456,843930.496,1.815550093995143,1.737854770902249,1.6221561834621145,1.557696997834286,3.8427044159214123,3.048172188499143,2.6244216672072653,755056.46,2,True
cora_deepres28_w128,trained,8,11,4,128,32,window_global_oracle,85,3835,4644,2401,488144,468756,19388,188538,148408,149328,15377,41635,657294,5545984,3138240,3128640,2801408,2801408,mosaic_delta,0.8926685020903437,718523.256,746803.956,793938.456,814756.496,1.8295691740282376,1.7602852655483254,1.6557807347223397,1.6134734812841554,4.268863783428275,3.359402560756983,2.8743565753322935,745417.46,0,True
cora_deepres28_w128,trained,12,15,4,128,32,random_balanced_window,85,1923,8034,923,243888,218891,24997,416176,256872,142320,31888,36520,635067,5545984,3020608,3496832,2769920,2769920,mosaic_delta,0.9170074369133632,729165.0560000001,791591.456,895635.456,999679.456,1.741901904854859,1.6045322247641844,1.4181372471256877,1.270541264379049,2.4031876898235365,2.005111750379857,1.79280458267656,790204.96,0,True
cora_deepres28_w128,trained,12,15,4,128,32,rcm_contiguous_window,85,2518,7222,1140,320048,292100,27948,342967,230888,137232,27496,35836,635067,5545984,3020608,3367104,2772096,2772096,mosaic_delta,0.9177278216835816,723558.156,775003.206,860744.956,934190.496,1.7554000179081668,1.6388758009860414,1.4756217752381462,1.359609207585002,2.697711558254876,2.2146631828312553,1.9570373826053236,773616.71,0,True
cora_deepres28_w128,trained,12,15,4,128,32,first_layer_rcm_cost_reused,85,3511,5196,2173,447152,425058,22094,210009,166056,132944,18517,35193,635067,5545984,3020608,3099904,2728768,2728768,mosaic_delta,0.9033836896412908,701699.356,733200.706,785702.956,819982.496,1.810082892537242,1.7323142075643336,1.6165574919893773,1.54897696743029,3.8133177149550734,3.0244484180491655,2.603718126366013,731814.21,0,True
cora_deepres28_w128,trained,12,15,4,128,32,window_cost_cluster,85,3499,5204,2177,445616,424905,20711,210162,166312,133584,18565,35358,635067,5545984,3020608,3095872,2723328,2723328,mosaic_delta,0.9015827277157447,700353.656,731877.956,784418.456,820166.496,1.8135608904424712,1.7354450828684338,1.6192046353381568,1.5486294626694919,3.817745548671977,3.0294505563616982,2.609026560462881,730491.46,6,True
cora_deepres28_w128,trained,12,15,4,128,32,window_global_oracle,85,3506,5210,2164,447664,425106,22558,209961,166024,128608,18106,35008,635067,5545984,3020608,3101312,2729280,2729280,mosaic_delta,0.9035531919401657,702042.556,733536.706,786026.956,821048.496,1.8091980167652402,1.7315207127480816,1.615891147631329,1.546965868871161,3.8123034277794448,3.02325378439847,2.602427307928615,732150.21,0,True
cora_deepres28_w128,trained,16,19,4,128,32,random_balanced_window,85,1553,8198,1129,196528,174559,21969,424234,262176,129472,32059,32822,598793,5545984,2846656,3364608,2610624,2610624,mosaic_delta,0.9170844668270419,690613.856,754248.956,860307.456,966365.956,1.7340891579215578,1.5877860890270825,1.392044194953484,1.2392675803244046,2.2982977319121054,1.9300885134967558,1.733710263675236,752862.46,0,True
cora_deepres28_w128,trained,16,19,4,128,32,rcm_contiguous_window,85,2203,7322,1355,279728,253837,25891,344956,234144,121152,27630,31843,598793,5545984,2846656,3223040,2615744,2615744,mosaic_delta,0.9188830684143079,685267.0560000001,737010.456,823249.456,901168.496,1.7476193981810206,1.6249240295717053,1.4547060933618157,1.328925728446681,2.5891912011966745,2.13635991382896,1.894849893899512,735623.96,0,True
cora_deepres28_w128,trained,16,19,4,128,32,first_layer_rcm_cost_reused,85,3268,5136,2476,416048,394815,21233,203978,164192,113984,18649,31308,598793,5545984,2846656,2945088,2575744,2575744,mosaic_delta,0.904831493513793,663637.256,694233.956,745228.456,782604.496,1.8045792172945756,1.725046707453186,1.6070051946593944,1.5302569894768403,3.7244753846003,2.958672849203261,2.5502448303248393,692847.46,0,True
cora_deepres28_w128,trained,16,19,4,128,32,window_cost_cluster,85,3239,5049,2592,412336,393851,18485,204942,161408,115712,18274,31610,598793,5545984,2846656,2937024,2564160,2564160,mosaic_delta,0.9007621574226039,660900.656,691641.956,742877.456,781142.496,1.8120514620884263,1.7315114989929847,1.6120909179938825,1.5331210453054136,3.72548350264953,2.963283126127308,2.5567762586487888,690255.46,4,True
cora_deepres28_w128,trained,16,19,4,128,32,window_global_oracle,85,3195,5099,2586,406800,385325,21475,213468,162728,109880,17897,30822,598793,5545984,2846656,2961792,2575616,2575616,mosaic_delta,0.9047865284741113,664638.256,696658.456,750025.456,787324.496,1.8018613722409622,1.7190432265419886,1.5967271382852903,1.5210831189482004,3.6031116607641427,2.8713538817751734,2.4810830663143895,695271.96,0,True
cora_deepres28_w128,trained,20,23,4,128,32,random_balanced_window,85,1417,8051,1412,179120,159119,20001,414447,257520,110632,31425,27907,573566,5545984,2780352,3242048,2497728,2497728,mosaic_delta,0.898349561494372,661957.156,724124.206,827735.956,931347.706,1.7329399487600676,1.5841646923207535,1.3858670650764868,1.231690369353849,2.27400135602381,1.9129759099632084,1.720429005397554,722737.71,0,True
cora_deepres28_w128,trained,20,23,4,128,32,rcm_contiguous_window,85,2067,7168,1645,262320,237981,24339,335585,229264,106600,26940,27160,573566,5545984,2780352,3102720,2503616,2503616,mosaic_delta,0.9004672789632392,657122.956,707460.706,791356.956,869862.496,1.745688519212225,1.621478041495636,1.449575935742454,1.31875095808246,2.5642953052132844,2.1184293903378335,1.8806342357375927,706074.21,0,True
cora_deepres28_w128,trained,20,23,4,128,32,first_layer_rcm_cost_reused,85,3054,5040,2786,388656,370168,18488,203398,161168,101192,18565,26663,573566,5545984,2780352,2832320,2461120,2461120,mosaic_delta,0.8851828833183712,635325.256,665834.956,716684.456,754996.496,1.8055822417989942,1.7228473657967576,1.6006095714736697,1.5193871840168116,3.62309875220012,2.8874675609225355,2.495130925574489,664448.46,0,True
cora_deepres28_w128,trained,20,23,4,128,32,window_cost_cluster,85,3057,4982,2841,389040,371835,17205,201731,159312,100040,18463,26622,573566,5545984,2780352,2826368,2455552,2455552,mosaic_delta,0.8831802591902033,633801.556,664061.206,714493.956,753340.496,1.8099229784787718,1.7274492014219545,1.605516730221298,1.5227271148848474,3.6515014549077733,2.9097913902995667,2.5142126891751886,662674.71,5,True
cora_deepres28_w128,trained,20,23,4,128,32,window_global_oracle,85,3356,4221,3303,428080,411703,16377,161863,134480,97808,14889,26716,573566,5545984,2780352,2743360,2444928,2444928,mosaic_delta,0.8793591602789863,627926.756,652206.206,692671.956,714486.496,1.8268563794086836,1.7588486424184684,1.656097074615794,1.6055334935259573,4.316249173683918,3.3918506820985765,2.8988381532530596,650819.71,0,True
cora_deepres28_w128,trained,24,27,4,128,32,random_balanced_window,85,1399,7782,1699,177104,157308,19796,390616,248872,75784,31159,21496,547924,5545984,2727680,3091136,2386304,2386304,mosaic_delta,0.8748474894415768,632947.0560000001,691539.456,789193.456,886847.456,1.7313422814940778,1.5846500015177731,1.3885670131557706,1.2356668473095331,2.288603231818461,1.9226768600052897,1.7275161283715978,690152.96,0,True
cora_deepres28_w128,trained,24,27,4,128,32,rcm_contiguous_window,85,2003,6877,2000,254416,231207,23209,316717,219912,77224,26383,20814,547924,5545984,2727680,2958976,2392256,2392256,mosaic_delta,0.8770295635851713,627716.156,675223.706,754402.956,826984.496,1.7457699463768463,1.6229406495393395,1.4526030038514324,1.3251131131241909,2.582453862596577,2.1311465578034214,1.8904493285804047,673837.21,0,True
cora_deepres28_w128,trained,24,27,4,128,32,first_layer_rcm_cost_reused,85,3010,4751,3119,383312,364655,18657,183269,151880,75496,17684,19972,547924,5545984,2727680,2694464,2353984,2353984,mosaic_delta,0.8629985922102299,607110.356,634600.706,680417.956,715040.496,1.8050227428503953,1.7268307293689018,1.6105512653460896,1.5325677442470333,3.7743428512187007,2.9944144636999503,2.578452657023283,633214.21,0,True
cora_deepres28_w128,trained,24,27,4,128,32,window_cost_cluster,85,2986,4713,3181,380240,363630,16610,184294,150664,75240,17661,20090,547924,5545984,2727680,2689536,2345920,2345920,mosaic_delta,0.8600422336931018,605130.856,632774.956,678848.456,714832.496,1.810927321147874,1.731813166132953,1.6142748654936914,1.5330136866077784,3.7702097735140594,2.9946191647466884,2.5809708400707567,631388.46,5,True
cora_deepres28_w128,trained,24,27,4,128,32,window_global_oracle,85,3180,4000,3700,406224,390253,15971,157671,127288,72480,14362,19767,547924,5545984,2727680,2630400,2335744,2335744,mosaic_delta,0.8563115908024401,600830.556,624481.206,663898.956,686376.496,1.8238885973036298,1.754813418676366,1.6506246772889939,1.596569821936327,4.248352835968568,3.3418025150333683,2.8583090105345943,623094.71,0,True
cora_deepres28_w128,random_init,4,7,4,128,32,window_cost_cluster,85,4066,4473,2341,518096,504302,13794,233151,142752,256296,7277,145416,737453,5545984,3466048,3223168,3107328,3223168,phase0_mosaic,0.9299259560167661,798076.5560000001,799170.496,799170.496,799170.496,1.7372969918439751,1.7349189027118437,1.7349189027118437,1.7349189027118437,3.629716535635704,2.8540505322824012,2.4403619971606387,831662.71,4,True
cora_deepres28_w128,random_init,8,11,4,128,32,window_cost_cluster,85,4292,3225,3363,547120,534710,12410,161715,102872,156696,7036,89230,696425,5545984,3389824,3014912,2916352,3014912,phase0_mosaic,0.8894007476494354,741440.496,741440.496,741440.496,741440.496,1.8700030649526322,1.8700030649526322,1.8700030649526322,1.8700030649526322,5.0692207896608235,3.9509120097218817,3.3544806604211117,768870.71,6,True
cora_deepres28_w128,random_init,12,15,4,128,32,window_cost_cluster,85,4348,3226,3306,553904,540716,13188,139644,102992,158704,6898,84864,680360,5545984,3281920,2955840,2855168,2955840,phase0_mosaic,0.9006435257410297,728521.856,729122.496,729122.496,729122.496,1.867781987312128,1.866243336976946,1.866243336976946,1.866243336976946,5.637141875053708,4.3661583928324585,3.68830053564779,748081.96,5,True
cora_deepres28_w128,random_init,16,19,4,128,32,window_cost_cluster,85,4460,3122,3298,568480,556544,11936,119853,99616,170368,6158,77762,676397,5545984,3349184,2950912,2834560,2950912,phase0_mosaic,0.8810838699814642,721338.756,729494.496,729494.496,729494.496,1.8753934801750758,1.8544266028293652,1.8544266028293652,1.8544266028293652,6.380149349619951,4.90791760486306,4.122727340992715,737930.21,5,True
cora_deepres28_w128,random_init,20,23,4,128,32,window_cost_cluster,85,4537,2886,3457,578096,568131,9965,125678,92128,148616,5964,69351,693809,5545984,3386944,3010880,2893056,3010880,phase0_mosaic,0.8889665728160844,736822.256,741682.496,741682.496,741682.496,1.8817238332713988,1.8693929106829021,1.8693929106829021,1.8693929106829021,6.280383519788667,4.841410076959962,4.073957574117984,754287.46,5,True
cora_deepres28_w128,random_init,24,27,4,128,32,window_cost_cluster,85,4980,2413,3487,634704,621558,13146,105927,76992,130768,4951,61733,727485,5545984,3464832,3144128,3032704,3144128,phase0_mosaic,0.9074402452990505,770944.156,773368.496,773368.496,773368.496,1.7984389520425914,1.7928012418028467,1.7928012418028467,1.7928012418028467,6.924184013518745,5.216901598763055,4.306350977560018,785446.71,5,True
pubmed_deepres28_w128,trained,4,7,4,128,32,random_balanced_window,617,23639,44002,11335,3019960,2825955,194005,2107349,1407512,1137224,153763,348500,4933304,40380416,23690752,24612352,21305408,21305408,mosaic_delta,0.8993132847788031,5519073.044000001,5835175.394,6362012.644,6636718.104,1.7877291931706492,1.6908845636662964,1.5508626832587602,1.4866697432957594,3.16782552866184,2.557129877602041,2.2314255303701476,5825080.29,0,True
pubmed_deepres28_w128,trained,4,7,4,128,32,rcm_contiguous_window,617,25775,39583,13618,3293368,3107677,185691,1825627,1266104,1095880,133755,350465,4933304,40380416,23690752,24008128,21224512,21224512,mosaic_delta,0.8958986190054246,5476125.8440000005,5749969.894,6206376.644,6354948.104,1.8017496823617554,1.7159408104546154,1.5897533401454969,1.5525867148764996,3.5104470737998508,2.805511799745941,2.4295463202505223,5739874.79,0,True
pubmed_deepres28_w128,trained,4,7,4,128,32,first_layer_rcm_cost_reused,617,30916,24577,23483,3951416,3830654,120762,1102650,785912,975624,67520,356168,4933304,40380416,23690752,22309696,20797568,20797568,mosaic_delta,0.8778770720321584,5317486.144,5482883.644,5640640.104,5640640.104,1.8555023431763924,1.7995289779306503,1.7492000585187484,1.7492000585187484,5.234781626082619,4.067639858916958,3.4451642497619375,5472788.54,0,True
pubmed_deepres28_w128,trained,4,7,4,128,32,window_cost_cluster,617,31012,24368,23596,3963704,3846159,117545,1087145,779224,978792,66548,357207,4933304,40380416,23690752,22280896,20784384,20784384,mosaic_delta,0.8773205679583325,5312489.644,5475561.394,5632154.104,5632154.104,1.8572474792762155,1.8019354163048216,1.7518355886236594,1.7518355886236594,5.298348389589245,4.114560698374902,3.4832072630605855,5465466.29,3,True
pubmed_deepres28_w128,trained,4,7,4,128,32,window_global_oracle,617,32637,18604,27735,4172136,4084847,87289,848457,594584,762152,44941,366075,4933304,40380416,23690752,21543808,20576640,21543808,phase0_mosaic,0.9093762832011411,5247952.8440000005,5320108.104,5320108.104,5320108.104,1.880087015507489,1.85458787812632,1.85458787812632,1.85458787812632,6.5554918634650905,5.038680911860923,4.229715071005367,5365126.29,0,True
pubmed_deepres28_w128,trained,8,11,4,128,32,random_balanced_window,617,21487,42244,15245,2744612,2578087,166525,1983486,1351616,762144,154592,238906,4561573,40380416,21214784,23123072,19655104,19655104,mosaic_delta,0.9264814574591003,5100405.744,5397928.644,5893800.144,6288457.104,1.7887098513157036,1.690119785140309,1.5479225248734527,1.4507765337537077,3.133205860792564,2.533264361221914,2.2132955614509,5387833.54,0,True
pubmed_deepres28_w128,trained,8,11,4,128,32,rcm_contiguous_window,617,23989,37618,17369,3064868,2903954,160914,1657619,1203584,729536,135177,237097,4561573,40380416,21214784,22483904,19585728,19585728,mosaic_delta,0.9232112851113639,5055802.044000001,5304444.894,5718849.644,5984307.104,1.8044903500181422,1.7199058869137154,1.5952764223433742,1.5245116671739578,3.559816797466728,2.8419343617457384,2.45906372936121,5294349.79,0,True
pubmed_deepres28_w128,trained,8,11,4,128,32,first_layer_rcm_cost_reused,617,29332,22349,27295,3748772,3652803,95969,908770,714976,699168,71176,238467,4561573,40380416,21214784,20812480,19165120,19165120,mosaic_delta,0.9033851110621725,4896046.144,5032361.644,5259554.144,5273837.104,1.8633701014399588,1.8128955439594396,1.734585432570841,1.7298877117536393,5.76256033979995,4.453124987381416,3.75475946609153,5022266.54,0,True
pubmed_deepres28_w128,trained,8,11,4,128,32,window_cost_cluster,617,29473,22067,27436,3766820,3674840,91980,886733,705952,699712,69580,239521,4561573,40380416,21214784,20773824,19146176,19146176,mosaic_delta,0.9024921488712777,4889450.444,5022460.394,5244143.644,5262211.104,1.8658837234346657,1.8164694759761204,1.7396827049995276,1.7337096174391713,5.885872026867163,4.543894717781575,3.82817348626926,5012365.29,5,True
pubmed_deepres28_w128,trained,8,11,4,128,32,window_global_oracle,617,31432,15250,32294,4017032,3952464,64568,609109,487544,569288,40476,242116,4561573,40380416,21214784,20055488,18949504,18949504,mosaic_delta,0.8932216326124273,4823483.044000001,4914849.394,4953377.104,4953377.104,1.8914021085548152,1.8562412128309458,1.8418032401839115,1.8418032401839115,8.175512034791803,6.221878834137419,5.179941127121746,4904754.29,0,True
pubmed_deepres28_w128,trained,12,15,4,128,32,random_balanced_window,617,20156,40017,18803,2574568,2414948,159620,1871435,1280376,613800,150145,158758,4286383,40380416,20532544,21921024,18484160,18484160,mosaic_delta,0.9002372039236833,4802561.644,5083276.894,5551135.644,5978053.104,1.785040283805673,1.6864644950029746,1.5443265215949027,1.4340397870108983,3.120000406105475,2.5224980244757544,2.203830087606569,5073181.79,0,True
pubmed_deepres28_w128,trained,12,15,4,128,32,rcm_contiguous_window,617,22631,35132,21213,2891368,2742594,148774,1543789,1124056,595944,129332,158524,4286383,40380416,20532544,21263360,18388480,18388480,mosaic_delta,0.8955772845293793,4752407.044000001,4983975.394,5369922.644,5671217.104,1.803878733582653,1.720065875590075,1.5964412466124902,1.5116271944435862,3.581203104828445,2.8568898278422656,2.470589413449636,4973880.29,0,True
pubmed_deepres28_w128,trained,12,15,4,128,32,first_layer_rcm_cost_reused,617,28157,19841,30978,3598696,3513417,85279,772966,634744,562984,66259,159523,4286383,40380416,20532544,19590080,17980416,17980416,mosaic_delta,0.8757032737881871,4591962.744,4707907.644,4901149.144,4959701.104,1.8669066971855206,1.820929093824849,1.7491338761838746,1.728484402635889,6.263096902062963,4.816478461452099,4.044948626459637,4697812.54,0,True
pubmed_deepres28_w128,trained,12,15,4,128,32,window_cost_cluster,617,28228,19610,31138,3607784,3526667,81117,759716,627352,565160,65247,159570,4286383,40380416,20532544,19561024,17963456,17963456,mosaic_delta,0.8748772680092637,4586209.744,4700167.144,4890096.144,4952161.104,1.8692485687588736,1.8239279024243993,1.7530874133259167,1.7311161369680674,6.360717636590516,4.888869117452815,4.103883240579374,4690072.04,7,True
pubmed_deepres28_w128,trained,12,15,4,128,32,window_global_oracle,617,30686,11027,37263,3922192,3878511,43681,407872,352336,431888,30152,164772,4286383,40380416,20532544,18688064,17714304,17714304,mosaic_delta,0.8627427755664374,4500677.3440000005,4561858.144,4577560.104,4577560.104,1.9047724030758688,1.8792267820241977,1.8727806528436135,1.8727806528436135,11.10849227208536,8.366978097135334,6.904837203828651,4551763.04,0,True
pubmed_deepres28_w128,trained,16,19,4,128,32,random_balanced_window,617,19931,38572,20473,2546092,2388370,157722,1825383,1234136,515272,146243,138527,4213753,40380416,20378432,21567296,18160192,18160192,mosaic_delta,0.8911476604284373,4720317.444,4994124.894,5450470.644,5876366.104,1.7853684842133257,1.6874840295093347,1.5461978516070327,1.4341356292051743,3.1364403853876146,2.5342435242119175,2.2130718649182115,4984029.79,0,True
pubmed_deepres28_w128,trained,16,19,4,128,32,rcm_contiguous_window,617,22448,33711,22817,2868268,2721273,146995,1492480,1078584,500200,125451,137561,4213753,40380416,20378432,20890304,18067584,18067584,mosaic_delta,0.8866032479829655,4669820.144,4893692.144,5266812.144,5566236.104,1.8046746427328786,1.7221160939461009,1.600115168261828,1.5140403393855029,3.6245101843910805,2.8879911603214263,2.495181014150943,4883597.04,0,True
pubmed_deepres28_w128,trained,16,19,4,128,32,first_layer_rcm_cost_reused,617,27675,18711,32590,3537324,3455722,81602,758031,598584,495624,63350,140059,4213753,40380416,20378432,19266176,17659904,17659904,mosaic_delta,0.8665977833819599,4511898.244,4625602.894,4815110.644,4878688.104,1.8678404397100583,1.8219259614636516,1.7502206331439805,1.7274123330594449,6.278815721256782,4.828690445320207,4.055290298154033,4615507.79,0,True
pubmed_deepres28_w128,trained,16,19,4,128,32,window_cost_cluster,617,27684,18613,32679,3538476,3462046,76430,751707,595448,493320,63035,140373,4213753,40380416,20378432,19246464,17634240,17634240,mosaic_delta,0.8653384126904367,4505944.8440000005,4618700.894,4806627.644,4881766.104,1.8703082908841746,1.8246485740065763,1.7533095184770255,1.7263231831395418,6.33030417436581,4.867979208596597,4.088072560186349,4608605.79,3,True
pubmed_deepres28_w128,trained,16,19,4,128,32,window_global_oracle,617,30251,10304,38421,3865972,3824172,41800,389581,329440,358400,28543,146028,4213753,40380416,20378432,18369600,17410624,17410624,mosaic_delta,0.8543652426251441,4422449.244,4480886.394,4497218.104,4497218.104,1.905619609186859,1.8807676113557812,1.8739375776558955,1.8739375776558955,11.406333881785816,8.58473859596983,7.0798877768679676,4470791.29,0,True
pubmed_deepres28_w128,trained,20,23,4,128,32,random_balanced_window,617,19468,36615,22893,2487368,2335052,152316,1720973,1171536,529584,136441,141537,4056025,40380416,19622080,20696000,17487936,17487936,mosaic_delta,0.8912376261843801,4544273.444,4802419.394,5232662.644,5610066.104,1.7851148483836705,1.6891590122543136,1.5502719269130854,1.4459811791194537,3.178981866653341,2.5641590435986683,2.236253537969509,4792324.29,0,True
pubmed_deepres28_w128,trained,20,23,4,128,32,rcm_contiguous_window,617,21787,32159,25030,2784200,2645820,138380,1410205,1028944,515920,117439,140404,4056025,40380416,19622080,20057024,17386240,17386240,mosaic_delta,0.8860548932630995,4493330.644,4704861.394,5057412.644,5326276.104,1.805353454420747,1.7241846933780254,1.6039921143519804,1.5230246877190428,3.6732531511376005,2.9229413324581395,2.522775029162427,4694766.29,0,True
pubmed_deepres28_w128,trained,20,23,4,128,32,first_layer_rcm_cost_reused,617,26643,18314,34019,3405768,3328600,77168,727425,585904,493008,60941,141589,4056025,40380416,19622080,18544640,17005888,17005888,mosaic_delta,0.8666710155090592,4346036.644,4455150.394,4637006.644,4695648.104,1.8665397152597039,1.8208251759412994,1.7494152203763802,1.7275677010570125,6.291062253840602,4.836488272659217,4.0607154826958105,4445055.29,0,True
pubmed_deepres28_w128,trained,20,23,4,128,32,window_cost_cluster,617,26626,18259,34091,3403592,3330723,72869,725302,584144,499184,60591,142711,4056025,40380416,19622080,18536384,16991104,16991104,mosaic_delta,0.8659175785645559,4341536.3440000005,4450331.644,4631657.144,4697968.104,1.8684745116117354,1.8227967371682916,1.751435770782087,1.7267145754125366,6.312461512583724,4.853629911042753,4.075586390220901,4440236.54,3,True
pubmed_deepres28_w128,trained,20,23,4,128,32,window_global_oracle,617,29234,9522,40220,3737200,3694900,42300,361125,304296,356280,25560,143903,4056025,40380416,19622080,17664832,16777088,16777088,mosaic_delta,0.8550106818441267,4261380.644,4315549.394,4317656.104,4317656.104,1.9036201357467843,1.8797259072688068,1.8788087343234132,1.8788087343234132,11.79093654551748,8.860944220807562,7.298281647628937,4305454.29,0,True
pubmed_deepres28_w128,trained,24,27,4,128,32,random_balanced_window,617,19908,32036,27032,2543904,2398905,144999,1523728,1024936,373432,121402,103430,3922633,40380416,19293248,19784960,16855424,16855424,mosaic_delta,0.8736436705732492,4376084.944,4604644.144,4985576.144,5305236.104,1.792759075839365,1.7037724859200323,1.5735926547710148,1.4787779179299652,3.3833971417470834,2.7118234978832243,2.353650887822498,4594549.04,0,True
pubmed_deepres28_w128,trained,24,27,4,128,32,rcm_contiguous_window,617,22015,27930,29031,2813600,2686268,127332,1236365,893544,370328,103971,103392,3922633,40380416,19293248,19190016,16749760,16749760,mosaic_delta,0.8681669359145748,4324374.644,4509829.394,4818920.644,5048714.104,1.8141966517367267,1.739592635241935,1.6280131132202973,1.5539136973084582,3.955941780946565,3.1282771631214157,2.6868560336146685,4499734.29,0,True
pubmed_deepres28_w128,trained,24,27,4,128,32,first_layer_rcm_cost_reused,617,26472,15403,37101,3384096,3317402,66694,605231,492680,368824,53593,105582,3922633,40380416,19293248,17779584,16394688,16394688,mosaic_delta,0.8497629844389084,4184907.244,4275691.894,4426999.644,4468458.104,1.8746570814079435,1.8348529768969362,1.7721406439760716,1.7556986811574231,7.164550328717465,5.473798260139698,4.5720638235648865,4265596.79,0,True
pubmed_deepres28_w128,trained,24,27,4,128,32,window_cost_cluster,617,26455,15369,37152,3381920,3320040,61880,602593,491592,373144,53260,106067,3922633,40380416,19293248,17766336,16374336,16374336,mosaic_delta,0.8487081076239729,4179830.4439999997,4270219.394,4420867.644,4470116.104,1.876934030006314,1.8372044328736894,1.7745987059005468,1.7550474791873547,7.199524322386752,5.501370568165593,4.5956885659143065,4260124.29,3,True
pubmed_deepres28_w128,trained,24,27,4,128,32,window_global_oracle,617,28432,8176,42368,3634976,3598990,35986,323643,261200,258768,22828,107060,3922633,40380416,19293248,17083776,16203520,16203520,mosaic_delta,0.8398544402684297,4115051.4439999997,4163597.894,4166518.104,4166518.104,1.9064806617275427,1.884251601554874,1.8829309759792658,1.8829309759792658,12.656899608519263,9.495096123761705,7.808800931891002,4153502.79,0,True
pubmed_deepres28_w128,random_init,4,7,4,128,32,window_cost_cluster,617,26230,35978,16768,3352904,3281062,71842,1635854,1149976,1808584,71596,1027049,4916916,40380416,23643200,21449088,20700480,21449088,phase0_mosaic,0.907199025512621,5296335.104,5296335.104,5296335.104,5296335.104,1.8567239056632017,1.8567239056632017,1.8567239056632017,1.8567239056632017,3.8608610303853523,3.076760652765813,2.6585737847020576,5562844.54,6,True
pubmed_deepres28_w128,random_init,8,11,4,128,32,window_cost_cluster,617,31443,24578,22955,4019088,3967756,51332,980247,785728,1325312,45575,654164,4948003,40380416,24411648,21627008,20600128,21627008,phase0_mosaic,0.8859298643008452,5253232.8440000005,5335502.104,5335502.104,5335502.104,1.8837935217934914,1.8547469023732577,1.8547469023732577,1.8547469023732577,5.846628411002533,4.529834387348957,3.8275442414003815,5390174.79,6,True
pubmed_deepres28_w128,random_init,12,15,4,128,32,window_cost_cluster,617,32859,20816,25301,4200444,4130924,69520,826127,665440,1109792,41926,480610,4957051,40380416,24412608,21652160,20667584,21652160,phase0_mosaic,0.886925313346284,5258412.8440000005,5345390.104,5345390.104,5345390.104,1.8853791617583382,1.8547013046963952,1.8547013046963952,1.8547013046963952,6.747780861780331,5.182472211741738,4.347640931721151,5372236.79,6,True
pubmed_deepres28_w128,random_init,16,19,4,128,32,window_cost_cluster,617,33420,18285,27271,4272036,4221355,50681,744510,584472,1024712,35663,459928,4965865,40380416,24667200,21539712,20586688,21539712,phase0_mosaic,0.8732126872932477,5236216.144,5305225.104,5305225.104,5305225.104,1.8967379739242483,1.8720657098059301,1.8720657098059301,1.8720657098059301,7.420410686223153,5.680416537751998,4.75241965856738,5337797.54,6,True
pubmed_deepres28_w128,random_init,20,23,4,128,32,window_cost_cluster,617,34306,17808,26862,4384904,4328505,56399,701398,569352,1015640,33491,482575,5029903,40380416,24995968,21785152,20856512,21785152,phase0_mosaic,0.8715466430425899,5300891.944,5368144.104,5368144.104,5368144.104,1.8977572277032628,1.8739821072433713,1.8739821072433713,1.8739821072433713,7.899291072971408,6.028529239182815,5.030789594495564,5396006.54,4,True
pubmed_deepres28_w128,random_init,24,27,4,128,32,window_cost_cluster,617,32148,18223,28605,4109328,4055904,53424,815036,582536,1072856,35577,473272,4870940,40380416,23916544,21304512,20219392,21304512,phase0_mosaic,0.8907855583147799,5151782.744,5265628.104,5265628.104,5265628.104,1.8909725980478962,1.8500888797292092,1.8500888797292092,1.8500888797292092,6.7441584911586725,5.185110792652104,4.3536186867819335,5263943.04,6,True
cora_gcnii16,trained,4,4,1,64,16,window_cost_cluster,170,7277,2904,699,115958,112043,3915,16173,46464,0,0,0,128216,693248,616256,600192,577152,577152,mosaic_delta,0.936545851074878,137106.732,139532.682,143575.932,147619.182,1.2640663041986882,1.2420889322545954,1.207110395076523,1.1740479634956926,3.34934025845545,1.9515839335016236,1.2061138935262479,139359.37,6,True
cora_gcnii16,trained,5,5,1,64,16,window_cost_cluster,170,7342,2880,658,117016,113415,3601,16347,46080,0,0,0,129762,693248,622400,605312,582016,582016,mosaic_delta,0.9351156812339332,138344.132,140796.182,144882.932,148969.682,1.2527600375562007,1.2309424697325955,1.1962209599678726,1.1634045107245379,3.2497020860096653,1.8668236958782505,1.1292885544748277,140622.87,1,True
cora_gcnii16,trained,6,6,1,64,16,window_cost_cluster,170,7400,2898,582,117944,114419,3525,15860,46368,0,0,0,130279,693248,624576,605696,583872,583872,mosaic_delta,0.9348293882569936,138745.432,141124.432,145089.432,149054.432,1.2491366202240086,1.2280793449003926,1.1945184264006217,1.1627430172623112,3.2904085750315257,1.8650672734250795,1.1048852459016398,140951.12,2,True
cora_gcnii16,trained,7,7,1,64,16,window_cost_cluster,170,7457,2765,658,118862,115302,3560,15196,44240,0,0,0,130498,693248,625024,605888,584384,584384,mosaic_delta,0.9349784968257219,138867.032,141146.432,144945.432,148744.432,1.2480428039968479,1.227887928474168,1.1957051533710976,1.1651663035023725,3.3781179257699394,1.890495324856657,1.0970966043695713,140973.12,6,True
cora_gcnii16,trained,8,8,1,64,16,window_cost_cluster,170,7478,2723,679,119210,115697,3513,15348,43568,0,0,0,131045,693248,624512,608256,586624,586624,mosaic_delta,0.9393318302930929,139361.232,141663.432,145500.432,149337.432,1.2436170196888043,1.2234067575039407,1.1911442297298471,1.1605395759048542,3.3233567891581965,1.8504669635471567,1.064925723221267,141490.12,1,True
cora_gcnii16,trained,9,9,1,64,16,window_cost_cluster,170,7725,2561,594,123162,119644,3518,14269,40976,0,0,0,133913,693248,637696,617792,598272,598272,mosaic_delta,0.9381774387796066,142045.332,144185.682,147752.932,151320.182,1.2201175326197977,1.2020056193929158,1.1729851831299023,1.145333013146918,3.3033765505641597,1.7191090445386334,0.8741663746583507,144012.37,1,True
cora_gcnii16,trained,10,10,1,64,16,window_cost_cluster,170,7894,2462,524,125860,122521,3339,14088,39392,0,0,0,136609,693248,648832,628032,607872,607872,mosaic_delta,0.9368711777470902,144494.232,146607.432,150129.432,153651.432,1.199438881408083,1.1821501654841073,1.1544172098113312,1.1279556444355168,3.1578563316297554,1.5532344517690062,0.6974361158432713,146434.12,2,True
cora_gcnii16,trained,11,11,1,64,16,window_cost_cluster,170,8086,2209,585,128962,125584,3378,12769,35344,0,0,0,138353,693248,654400,632832,614720,614720,mosaic_delta,0.9393643031784841,146019.332,147934.682,151126.932,154319.182,1.1869113330829373,1.17154407375547,1.1467975807250557,1.123074900695106,3.2509891142611007,1.4806145317974595,0.5364147544835153,147761.37,5,True
cora_gcnii16,trained,12,12,1,64,16,window_cost_cluster,170,8151,2175,554,129984,126438,3546,12587,34800,0,0,0,139025,693248,654656,636352,618752,618752,mosaic_delta,0.9451559292208427,146824.132,148712.182,151858.932,155005.682,1.180405411829712,1.1654189836310787,1.1412697147112822,1.118100948067181,3.2181520616509096,1.4221789907461475,0.4643266862636058,148538.87,2,True
cora_gcnii16,trained,13,13,1,64,16,window_cost_cluster,170,8198,2186,496,130730,127501,3229,12884,34976,0,0,0,140385,693248,661760,641216,622464,622464,mosaic_delta,0.9406189555125726,147901.832,149834.432,153055.432,156276.432,1.1718042816400003,1.1566900724127283,1.1323479195432933,1.1090091946813836,3.0856783607575284,1.3311057867526979,0.39533374728345283,149661.12,5,True
cora_gcnii16,trained,14,14,1,64,16,window_cost_cluster,170,8407,2002,471,134080,130608,3472,11608,32032,0,0,0,142216,693248,669440,647232,630656,630656,mosaic_delta,0.9420650095602294,149756.232,151497.432,154399.432,157301.432,1.1572940750806284,1.143992988607226,1.122491176003808,1.101782722486595,3.1442005513439004,1.1967580079705167,0.1581219848380432,151324.12,2,True
cora_gcnii16,trained,15,15,1,64,16,window_cost_cluster,170,8513,1930,437,135788,132468,3320,11386,30880,0,0,0,143854,693248,676416,653056,635328,635328,mosaic_delta,0.9392563156400795,151184.032,152891.932,155738.432,158584.932,1.1463644520341936,1.1335588329147415,1.1128402782429452,1.0928654936775457,3.0586580010539257,1.0732449461199505,0.014357983488495143,152718.62,3,True
cora_gcnii16,trained,16,16,1,64,16,window_cost_cluster,170,8643,1864,373,137850,134594,3256,10664,29824,0,0,0,145258,693248,682176,657728,641920,641920,mosaic_delta,0.9409888357256778,152418.832,154018.432,156684.432,159350.432,1.1370773396295282,1.125267915985536,1.1061213790531532,1.087615501412635,3.075476369092273,0.9556420626895872,-0.1749362340585141,153845.12,4,True
cora_gcnii16,trained,4,4,1,128,16,window_cost_cluster,170,7338,2764,778,116934,114102,2832,14114,44224,0,0,0,128216,693248,616256,591744,572800,572800,mosaic_delta,0.9294838508671721,135747.832,137864.932,141393.432,144921.932,1.276720205741481,1.2571144633067386,1.2257429326703095,1.19589904445933,3.773762221907326,2.1720962842937337,1.3178744508998164,137691.62,7,True
cora_gcnii16,trained,5,5,1,128,16,window_cost_cluster,170,7449,2615,816,118728,116044,2684,13718,41840,0,0,0,129762,693248,622400,596416,578304,578304,mosaic_delta,0.9291516709511568,137032.232,139089.932,142519.432,145948.932,1.2647535362337237,1.2460427401747525,1.216058733660965,1.1874838522285316,3.7573173932060064,2.109415873780563,1.2305350634203243,138916.62,6,True
cora_gcnii16,trained,6,6,1,128,16,window_cost_cluster,170,7470,2610,800,119064,116658,2406,13621,41760,0,0,0,130279,693248,624576,597120,578944,578944,mosaic_delta,0.9269392355774158,137258.532,139301.682,142706.932,146112.182,1.2626683199555129,1.2441486528497194,1.2144609765697998,1.1861570857931614,3.7596270464723585,2.099990232473516,1.2148505983407978,139128.37,5,True
cora_gcnii16,trained,7,7,1,128,16,window_cost_cluster,170,7545,2541,794,120270,117604,2666,12894,40656,0,0,0,130498,693248,625024,597696,581056,581056,mosaic_delta,0.9296539012901904,137630.832,139564.932,142788.432,146011.932,1.2592527232560797,1.2418019162578748,1.2137677931780917,1.1869714866864443,3.880710407941678,2.127498600629887,1.1924523033969292,139391.62,7,True
cora_gcnii16,trained,8,8,1,128,16,window_cost_cluster,170,7589,2451,840,120986,118381,2605,12664,39216,0,0,0,131045,693248,624512,599488,582784,582784,mosaic_delta,0.9331830293092847,138048.832,139948.432,143114.432,146280.432,1.2554398142245782,1.2383990125734314,1.2110029546146681,1.1847927821268671,3.8982059380922296,2.1131527918921162,1.1611244472520534,139775.12,5,True
cora_gcnii16,trained,9,9,1,128,16,window_cost_cluster,170,7798,2298,784,124330,121651,2679,12262,36768,0,0,0,133913,693248,637696,611136,594624,594624,mosaic_delta,0.9324568446407066,140873.632,142712.932,145778.432,148843.932,1.230265717859819,1.214409917666046,1.1888727133517254,1.164387406804061,3.7595726635132927,1.9159979576351134,0.932758114500082,142539.62,6,True
cora_gcnii16,trained,10,10,1,128,16,window_cost_cluster,170,7952,2218,710,126788,124255,2533,12354,35488,0,0,0,136609,693248,648832,621696,604736,604736,mosaic_delta,0.9320378772933517,143392.832,145245.932,148334.432,151422.932,1.208651768590497,1.1932313532884349,1.1683868516785099,1.1445558325340048,3.5358491176946734,1.7060034771346737,0.7300858021693383,145072.62,4,True
cora_gcnii16,trained,11,11,1,128,16,window_cost_cluster,170,8107,2116,657,129298,126790,2508,11563,33856,0,0,0,138353,693248,654400,627520,611072,611072,mosaic_delta,0.9337897310513448,144981.732,146716.182,149606.932,152497.682,1.1954057770533464,1.1812739238266166,1.1584489948634198,1.136489405786509,3.565067888956153,1.610046437474856,0.5673683300181619,146542.87,7,True
cora_gcnii16,trained,12,12,1,128,16,window_cost_cluster,170,8150,2070,660,129968,127672,2296,11353,33120,0,0,0,139025,693248,654656,628544,612800,612800,mosaic_delta,0.9360641313911429,145397.732,147100.682,149938.932,152777.182,1.1919855806279014,1.1781862438951847,1.1558839167935384,1.134410241969249,3.5740227252708534,1.5828386291307812,0.5208737778560738,146927.37,7,True
cora_gcnii16,trained,13,13,1,128,16,window_cost_cluster,170,8257,2052,571,131674,129227,2447,11158,32832,0,0,0,140385,693248,661760,634560,618944,618944,mosaic_delta,0.9352998065764023,146880.232,148553.932,151343.432,154132.932,1.1799545632525963,1.1666604691419409,1.1451570623824627,1.1244319935469729,3.4843950528768595,1.4584125252304856,0.3778885104857507,148380.62,4,True
cora_gcnii16,trained,14,14,1,128,16,window_cost_cluster,170,8410,1893,577,134128,131676,2452,10540,30288,0,0,0,142216,693248,669440,641344,625984,625984,mosaic_delta,0.9350860420650096,148575.432,150156.432,152791.432,155381.312,1.166491644459765,1.1542096311931547,1.1343044418878148,1.1153979701239747,3.4633662239089182,1.3185926903720833,0.17471347248576904,149983.12,6,True
cora_gcnii16,trained,15,15,1,128,16,window_cost_cluster,170,8571,1805,504,136716,134198,2518,9656,28880,0,0,0,143854,693248,676416,646656,632384,632384,mosaic_delta,0.9349039644242596,150147.032,151595.432,154009.432,156201.312,1.154281890833513,1.143253445789844,1.125333674368723,1.1095425370050669,3.516971830985915,1.1758457908576798,-0.07275476387738135,151422.12,7,True
cora_gcnii16,trained,16,16,1,128,16,window_cost_cluster,170,8655,1738,487,138042,135684,2358,9574,27808,0,0,0,145258,693248,682176,652160,637696,637696,mosaic_delta,0.9347968852612816,151348.832,152784.932,155178.432,157363.312,1.1451162041343008,1.1343526991261155,1.1168562394031665,1.1013494682928382,3.4121453937748067,1.050967929446601,-0.20832671819511117,152611.62,4,True
cora_gcnii16,trained,4,4,1,256,16,window_cost_cluster,170,7440,2538,902,118544,116437,2107,11779,40608,0,0,0,128216,693248,616256,584640,569536,569536,mosaic_delta,0.9241873507113927,134676.332,136443.182,139387.932,142247.312,1.2868779348698034,1.2702137069773116,1.2433788026929045,1.2183850616453125,4.394760166397827,2.475589350243803,1.4520315816283222,136269.87,7,True
cora_gcnii16,trained,5,5,1,256,16,window_cost_cluster,170,7557,2440,883,120456,118404,2052,11358,39040,0,0,0,129762,693248,622400,589504,576192,576192,mosaic_delta,0.925758354755784,136076.232,137779.932,140619.432,143303.312,1.273639029040722,1.2578900097003967,1.2324896889072914,1.2094068000326468,4.393632681810177,2.4033251414440713,1.341827786582145,137606.62,6,True
cora_gcnii16,trained,6,6,1,256,16,window_cost_cluster,170,7574,2400,906,120731,118847,1884,11432,38400,0,0,0,130279,693248,624576,591360,577280,577280,mosaic_delta,0.9242750281791167,136412.632,138127.432,140985.432,143747.312,1.2704981749783992,1.2547254190608568,1.2292901297773802,1.2056712406559644,4.342886634009797,2.3654624699546676,1.3108362491252628,137954.12,5,True
cora_gcnii16,trained,7,7,1,256,16,window_cost_cluster,170,7618,2326,936,121441,119646,1795,10852,37216,0,0,0,130498,693248,625024,591488,577600,577600,mosaic_delta,0.9241245136186771,136447.632,138075.432,140788.432,143318.312,1.2701722811869685,1.2551979558535802,1.231010229590454,1.2092802209392475,4.512981938813121,2.429871632558216,1.3188794692222636,137902.12,7,True
cora_gcnii16,trained,8,8,1,256,16,window_cost_cluster,170,7686,2195,999,122533,120799,1734,10246,35120,0,0,0,131045,693248,624512,591872,579520,579520,mosaic_delta,0.9279565484730478,136808.032,138344.932,140906.432,143191.312,1.2668262050579018,1.2527527932862768,1.229979338345605,1.2103527621843426,4.679668163185633,2.473352230775108,1.296650400156159,138171.62,7,True
cora_gcnii16,trained,9,9,1,256,16,window_cost_cluster,170,7861,2207,812,125350,123548,1802,10365,35312,0,0,0,133913,693248,637696,604096,590912,590912,mosaic_delta,0.926635889201124,139761.932,141316.682,143907.932,146225.312,1.2400515470836508,1.2264086415501887,1.2043255544802076,1.1852393927530138,4.353582247949831,2.1725969084922103,1.0094047274481432,141143.37,6,True
cora_gcnii16,trained,10,10,1,256,16,window_cost_cluster,170,8081,2034,765,128839,126970,1869,9639,32544,0,0,0,136609,693248,648832,614016,601600,601600,mosaic_delta,0.9272045768396133,142365.332,143811.182,146220.932,148255.312,1.2173750277911761,1.205135773100036,1.1852748962097985,1.1690103893208224,4.328548604627036,1.983293594410391,0.7324909222948445,143637.87,6,True
cora_gcnii16,trained,11,11,1,256,16,window_cost_cluster,170,8196,1956,728,130686,128877,1809,9476,31296,0,0,0,138353,693248,654400,620736,608192,608192,mosaic_delta,0.9293887530562347,143994.032,145415.432,147784.432,149783.312,1.2036054383142767,1.1918404918674657,1.172735163335743,1.1570848426692555,4.212207682566484,1.8266111182483917,0.5542929506120732,145242.12,7,True
cora_gcnii16,trained,12,12,1,256,16,window_cost_cluster,170,8214,1999,667,130968,129279,1689,9746,31984,0,0,0,139025,693248,654656,623808,610560,610560,mosaic_delta,0.9326424870466321,144595.032,146056.932,148493.432,150598.312,1.1986027293109212,1.186605781915233,1.1671357962822222,1.1508229919602286,4.064321773035091,1.7448149965649251,0.5077447157808338,145883.62,6,True
cora_gcnii16,trained,13,13,1,256,16,window_cost_cluster,170,8353,1855,672,133181,131475,1706,8910,29680,0,0,0,140385,693248,661760,628032,615936,615936,mosaic_delta,0.9307543520309478,145816.432,147152.932,149380.432,151146.312,1.188562891183622,1.1777679020354144,1.1602055080413745,1.146650538188454,4.205373737373737,1.668234226321185,0.3150931537598211,146979.62,6,True
cora_gcnii16,trained,14,14,1,256,16,window_cost_cluster,170,8506,1715,659,135621,133778,1843,8438,27440,0,0,0,142216,693248,669440,635008,623104,623104,mosaic_delta,0.9307839388145316,147667.232,148932.932,151042.432,152649.312,1.1736659355814296,1.1636915870292541,1.1474391514034943,1.1353605052605804,4.159739274709646,1.480678710182716,0.05184640910168354,148759.62,4,True
cora_gcnii16,trained,15,15,1,256,16,window_cost_cluster,170,8617,1645,618,137395,135541,1854,8313,26320,0,0,0,143854,693248,676416,641856,629248,629248,mosaic_delta,0.9302677642161037,149268.732,150515.682,152593.932,154173.312,1.1610737069837238,1.1514547700086162,1.1357725548352735,1.1241374901513435,4.013097558041621,1.2937527915941005,-0.15656441717791342,150342.37,6,True
cora_gcnii16,trained,16,16,1,256,16,window_cost_cluster,170,8730,1580,570,139184,137534,1650,7724,25280,0,0,0,145258,693248,682176,646144,633408,633408,mosaic_delta,0.9285111173656065,150376.832,151535.432,153466.432,154791.312,1.152517962341433,1.1437061135642521,1.1293153671546883,1.1196494025452797,4.091776281719317,1.1650656339360121,-0.3958467115484197,151362.12,7,True
cora_gcnii16,trained,4,4,1,64,32,window_cost_cluster,85,3334,1939,167,106232,101750,4482,26466,61872,0,0,0,128216,693248,616256,606656,559808,559808,mosaic_delta,0.9084017031882854,138703.032,142672.932,149289.432,155459.312,1.2495184676280184,1.2147503914757987,1.160912716179401,1.1148383314600028,2.414225043451976,1.5600758315016154,1.1045295851280892,142499.62,5,True
cora_gcnii16,trained,5,5,1,64,32,window_cost_cluster,85,3439,1854,147,109616,105147,4469,24615,59128,0,0,0,129762,693248,622400,609344,566080,566080,mosaic_delta,0.9095115681233933,139986.932,143679.182,149832.932,155251.312,1.238058421053188,1.2062429475691197,1.156701652210877,1.1163319508694394,2.4608929514523665,1.5425133843803274,1.0527109486085724,143505.87,6,True
cora_gcnii16,trained,6,6,1,64,32,window_cost_cluster,85,3493,1810,137,111332,106875,4457,23404,57760,0,0,0,130279,693248,624576,609472,567360,567360,mosaic_delta,0.9083922533046419,140337.832,143848.432,149699.432,154817.312,1.2349627860860783,1.2048236994338597,1.1577331836502893,1.119461368764754,2.516316868911297,1.550417319967602,1.035270893864297,143675.12,4,True
cora_gcnii16,trained,7,7,1,64,32,window_cost_cluster,85,3516,1785,139,112080,107532,4548,22966,56968,0,0,0,130498,693248,625024,610432,568256,568256,mosaic_delta,0.9091746876919926,140586.032,144030.932,149772.432,154859.312,1.232782500042394,1.2032970806576464,1.1571688974109735,1.1191577552662768,2.5325211181746927,1.5482002506540866,1.0232291213097626,143857.62,5,True
cora_gcnii16,trained,8,8,1,64,32,window_cost_cluster,85,3510,1782,148,111900,107691,4209,23354,56904,0,0,0,131045,693248,624512,611264,568640,568640,mosaic_delta,0.9105349456855913,140830.832,144333.932,150172.432,155195.312,1.230639608803845,1.2007710009590815,1.154086656863891,1.1167347632253222,2.498239273786075,1.5302717717102747,1.014022437269847,144160.62,5,True
cora_gcnii16,trained,9,9,1,64,32,window_cost_cluster,85,3672,1595,173,117084,112620,4464,21293,50944,0,0,0,133913,693248,637696,620288,581184,581184,mosaic_delta,0.9113809714973906,143607.732,146801.682,152124.932,156205.312,1.2068430967212824,1.1805859281639566,1.139274132921223,1.109514124590078,2.503164420232001,1.4415050465656205,0.8752867139435498,146628.37,5,True
cora_gcnii16,trained,10,10,1,64,32,window_cost_cluster,85,3774,1540,126,120348,116073,4275,20536,49200,0,0,0,136609,693248,648832,629120,591424,591424,mosaic_delta,0.911521010061156,145998.032,149078.432,154212.432,158107.312,1.187084494399212,1.162555828330687,1.1238523233976363,1.096166886955867,2.43849240358395,1.3376980403448462,0.7506077132839893,148905.12,5,True
cora_gcnii16,trained,11,11,1,64,32,window_cost_cluster,85,3830,1512,98,122152,117929,4223,20424,48288,0,0,0,138353,693248,654400,636032,597760,597760,mosaic_delta,0.9134474327628361,147657.832,150721.432,155827.432,159735.312,1.1737406519689386,1.1498829177790721,1.112204685501074,1.0849949070747738,2.3645652173913043,1.2577343789914688,0.6674245985115553,150548.12,4,True
cora_gcnii16,trained,12,12,1,64,32,window_cost_cluster,85,3863,1484,93,123184,119030,4154,19995,47408,0,0,0,139025,693248,654656,638016,599872,599872,mosaic_delta,0.9163163554599668,148196.932,151196.182,156194.932,160209.312,1.169470903756631,1.1462723311359806,1.1095878578185878,1.0817848091127187,2.3647351837959487,1.2341568870478499,0.6311817954488624,151022.87,5,True
cora_gcnii16,trained,13,13,1,64,32,window_cost_cluster,85,3913,1434,93,124784,120594,4190,19791,45792,0,0,0,140385,693248,661760,643456,605312,605312,mosaic_delta,0.9147001934235977,149534.532,152503.182,157450.932,161317.312,1.1590098800723836,1.1364484184992285,1.1007365774119393,1.0743546235136872,2.310185437825274,1.16795346149875,0.5587630741246024,152329.87,4,True
cora_gcnii16,trained,14,14,1,64,32,window_cost_cluster,85,4000,1378,62,127568,123454,4114,18762,43992,0,0,0,142216,693248,669440,648064,612480,612480,mosaic_delta,0.9149139579349904,151144.632,153958.932,158649.432,162175.312,1.1466632834171708,1.125702794560825,1.0924211818167744,1.0686706741159222,2.290740859183456,1.085863285178646,0.4432619123760796,153785.62,6,True
cora_gcnii16,trained,15,15,1,64,32,window_cost_cluster,85,4101,1249,90,130812,126598,4214,17256,39840,0,0,0,143854,693248,676416,652736,619200,619200,mosaic_delta,0.915413000283849,152635.032,155223.432,159537.432,162491.312,1.1354667256203674,1.116532457548033,1.0863406651800689,1.0665924095683343,2.308291608715809,0.9982595593719147,0.29957579972183623,155050.12,4,True
cora_gcnii16,trained,16,16,1,64,32,window_cost_cluster,85,4169,1186,85,132976,128715,4261,16543,37816,0,0,0,145258,693248,682176,657536,624704,624704,mosaic_delta,0.915751946711699,153967.732,156449.182,160584.932,163675.312,1.1256384552056662,1.1077846351411411,1.0792544346564221,1.0588768573723568,2.2798089826512724,0.9133148133060363,0.18451792298857558,156275.87,4,True
cora_gcnii16,trained,4,4,1,128,32,window_cost_cluster,85,3460,1786,194,110264,106673,3591,21543,56976,0,0,0,128216,693248,616256,594368,555712,555712,mosaic_delta,0.9017551147575034,137204.732,140436.182,145821.932,150635.312,1.2631634308356072,1.2340979192954704,1.1885180618783737,1.150540319523486,2.784100635937427,1.7347614982370958,1.1751139581302514,140262.87,5,True
cora_gcnii16,trained,5,5,1,128,32,window_cost_cluster,85,3569,1682,189,113776,110156,3620,19606,53624,0,0,0,129762,693248,622400,596544,562112,562112,mosaic_delta,0.9031362467866324,138508.032,141448.932,146350.432,150289.312,1.251277615438215,1.2252619906667093,1.1842260909759392,1.1531891236550473,2.8840089768438233,1.7309990286913066,1.11606038967663,141275.62,1,True
cora_gcnii16,trained,6,6,1,128,32,window_cost_cluster,85,3597,1662,181,114660,110984,3676,19295,53024,0,0,0,130279,693248,624576,598976,563776,563776,mosaic_delta,0.902653960446767,139034.932,141929.182,146752.932,150867.312,1.2465356547950122,1.2211160351787274,1.1809781081580026,1.148771047236528,2.8854563358383,1.713861982716857,1.0890116610520864,141755.87,3,True
cora_gcnii16,trained,7,7,1,128,32,window_cost_cluster,85,3599,1648,193,114736,111215,3521,19283,52584,0,0,0,130498,693248,625024,599104,563648,563648,mosaic_delta,0.9018021707966414,139087.732,141980.182,146800.932,150549.312,1.2460624492748218,1.2206774041182733,1.18059195972952,1.1511975557882324,2.883829279676399,1.7115058318996916,1.0862666597521136,141806.87,2,True
cora_gcnii16,trained,8,8,1,128,32,window_cost_cluster,85,3591,1668,181,114492,111191,3301,19854,53256,0,0,0,131045,693248,624512,601600,564736,564736,mosaic_delta,0.9042836646853863,139487.832,142465.932,147429.432,151685.312,1.2424883053598539,1.2165153982216605,1.175559029488766,1.1425760194896128,2.8123743326281856,1.673766845800431,1.066509519492294,142292.62,4,True
cora_gcnii16,trained,9,9,1,128,32,window_cost_cluster,85,3719,1502,219,118588,115167,3421,18746,47968,0,0,0,133913,693248,637696,611328,576704,576704,mosaic_delta,0.9043556804496187,142240.032,145051.932,149738.432,153003.312,1.2184474199218402,1.194827242976674,1.1574316472073114,1.1327336495826965,2.7667705110423557,1.5608645554529905,0.9177147124719944,144878.62,4,True
cora_gcnii16,trained,10,10,1,128,32,window_cost_cluster,85,3869,1389,182,123388,119849,3539,16760,44368,0,0,0,136609,693248,648832,619456,587072,587072,mosaic_delta,0.9048135726967844,144771.432,147285.432,151475.432,154703.312,1.1971422649186754,1.1767083658348505,1.1441591399455457,1.120286293547484,2.8132386634844866,1.4644371692435416,0.7450763723150361,147112.12,4,True
cora_gcnii16,trained,11,11,1,128,32,window_cost_cluster,85,3895,1404,141,124232,120916,3316,17437,44832,0,0,0,138353,693248,654400,627136,593792,593792,mosaic_delta,0.9073838630806846,146371.132,148986.682,153345.932,156637.312,1.1840586161484354,1.1632717614316694,1.1302027888160737,1.1064541250554656,2.65497964099329,1.35854602033158,0.6671147559786663,148813.37,4,True
cora_gcnii16,trained,12,12,1,128,32,window_cost_cluster,85,3940,1376,124,125648,122332,3316,16693,43952,0,0,0,139025,693248,654656,628544,596352,596352,mosaic_delta,0.9109394857757357,146947.732,149451.682,153624.932,156905.312,1.1794125546626335,1.1596523885224657,1.1281502145758475,1.1045642610238715,2.68974300605044,1.3355278833356352,0.6132798178877377,149278.37,4,True
cora_gcnii16,trained,13,13,1,128,32,window_cost_cluster,85,4012,1275,153,127952,124330,3622,16055,40704,0,0,0,140385,693248,661760,634048,602688,602688,mosaic_delta,0.9107350096711799,148473.932,150882.182,154895.932,157949.312,1.1672890834466485,1.1486578315788143,1.1188931675752465,1.0972634056171133,2.6578561195889128,1.2498266556538,0.49887760822173816,150708.87,4,True
cora_gcnii16,trained,14,14,1,128,32,window_cost_cluster,85,4084,1234,122,130256,126761,3495,15455,39384,0,0,0,142216,693248,669440,640256,609152,609152,mosaic_delta,0.9099426386233269,150086.932,152405.182,156268.932,159245.312,1.1547441052362906,1.1371791806921632,1.1090624206736115,1.0883334512227274,2.6139682950501455,1.1512757655465389,0.3711730831446138,152231.87,7,True
cora_gcnii16,trained,15,15,1,128,32,window_cost_cluster,85,4142,1169,129,132124,128735,3389,15119,37280,0,0,0,143854,693248,676416,645504,614400,614400,mosaic_delta,0.9083167754754471,151536.332,153804.182,157583.932,160251.312,1.1436993208994923,1.1268354198587396,1.0998075615983487,1.0815012859301893,2.5517481314901778,1.0565491736571042,0.2591097294794633,153630.87,2,True
cora_gcnii16,trained,16,16,1,128,32,window_cost_cluster,85,4201,1150,89,134000,130596,3404,14662,36664,0,0,0,145258,693248,682176,650304,620096,620096,mosaic_delta,0.9089970916596304,152895.632,155094.932,158760.432,161155.312,1.133531401341799,1.1174575323969966,1.0916573973545247,1.0754346093165084,2.5042886372936843,0.9624858107026161,0.14019096985404486,154921.62,2,True
cora_gcnii16,trained,4,4,1,256,32,window_cost_cluster,85,3523,1693,224,112294,109794,2500,18422,54176,0,0,0,128216,693248,616256,584000,551040,551040,mosaic_delta,0.8941738498286427,135734.632,138497.932,143103.432,147183.312,1.2768443649664882,1.2513688652044277,1.211096041358393,1.1775247998224145,3.149217240256215,1.9221022123831155,1.2676408641841281,138324.62,3,True
cora_gcnii16,trained,5,5,1,256,32,window_cost_cluster,85,3636,1607,197,115900,113303,2597,16459,51424,0,0,0,129762,693248,622400,587008,556864,556864,mosaic_delta,0.8947043701799486,137117.332,139586.182,143700.932,147301.312,1.2639685842195354,1.2416128696750226,1.2060603754469734,1.1765815093350966,3.309610547420864,1.936142351085835,1.2036259797071516,139412.87,4,True
cora_gcnii16,trained,6,6,1,256,32,window_cost_cluster,85,3634,1635,171,115869,113569,2300,16710,52320,0,0,0,130279,693248,624576,588992,557824,557824,mosaic_delta,0.8931242955220822,137383.432,139889.932,144067.432,147778.312,1.2615203847870098,1.238916893604609,1.2029922210316069,1.1727837302675375,3.260495511669659,1.9076581063148867,1.186144823459007,139716.62,3,True
cora_gcnii16,trained,7,7,1,256,32,window_cost_cluster,85,3631,1589,220,115762,113691,2071,16807,50848,0,0,0,130498,693248,625024,588416,557888,557888,mosaic_delta,0.8925865246774524,137348.132,139869.182,144070.932,147531.312,1.2618446095794007,1.2391006905295263,1.202962996033093,1.1747472292525942,3.2501267329089067,1.9050970998108978,1.1877479621586249,139695.87,7,True
cora_gcnii16,trained,8,8,1,256,32,window_cost_cluster,85,3676,1534,230,117202,115104,2098,15941,49088,0,0,0,131045,693248,624512,589824,560256,560256,mosaic_delta,0.8971100635376101,137794.532,140185.682,144170.932,147661.312,1.2577567301436896,1.236303148277297,1.2021285955202121,1.1737129898994803,3.338929803650963,1.920830999091761,1.1645116366601849,140012.37,7,True
cora_gcnii16,trained,9,9,1,256,32,window_cost_cluster,85,3771,1454,215,120250,118111,2139,15802,46528,0,0,0,133913,693248,637696,601280,571200,571200,mosaic_delta,0.8957246085909273,140629.632,142999.932,146950.432,150039.312,1.232400295266363,1.211972604294665,1.1793908846759975,1.1551106019467752,3.1792102265536006,1.7486373216378788,0.9856651056828253,142826.62,4,True
cora_gcnii16,trained,10,10,1,256,32,window_cost_cluster,85,3908,1353,179,124616,122354,2262,14255,43296,0,0,0,136609,693248,648832,610432,581504,581504,mosaic_delta,0.8962319984217795,143217.932,145356.182,148919.932,152055.312,1.210127793215168,1.1923263091761724,1.163793171756216,1.1397957606374185,3.2232816555594526,1.6374582221341114,0.7916857243072609,145182.87,6,True
cora_gcnii16,trained,11,11,1,256,32,window_cost_cluster,85,3915,1410,115,124834,122461,2373,15892,45120,0,0,0,138353,693248,654400,620864,590336,590336,mosaic_delta,0.9021026894865526,145279.632,147663.432,151636.432,155027.312,1.1929545636514276,1.1736961389330298,1.1429443288404464,1.117944946371772,2.8748351371759373,1.4523638910471783,0.6937125597785052,147490.12,4,True
cora_gcnii16,trained,12,12,1,256,32,window_cost_cluster,85,3945,1344,151,125786,123710,2076,15315,43008,0,0,0,139025,693248,654656,621184,590976,590976,mosaic_delta,0.9027275393489099,145546.932,147844.182,151672.932,154549.312,1.1907636775194959,1.172261212145636,1.1426692799740958,1.1214025980264473,2.924249428664708,1.4481858933412837,0.6609520078354557,147670.87,7,True
cora_gcnii16,trained,13,13,1,256,32,window_cost_cluster,85,4032,1289,119,128566,126382,2184,14003,41248,0,0,0,140385,693248,661760,624896,596864,596864,mosaic_delta,0.9019342359767891,146842.732,148943.182,152443.932,155031.312,1.1802558944490356,1.1636115038820642,1.1368901190504586,1.1179161020065418,3.002633721345426,1.3882715815555067,0.5272784403342146,148769.87,4,True
cora_gcnii16,trained,14,14,1,256,32,window_cost_cluster,85,4095,1213,132,130572,128334,2238,13882,38816,0,0,0,142216,693248,669440,632320,603712,603712,mosaic_delta,0.9018164435946463,148658.632,150740.932,154211.432,156957.312,1.1658387923279152,1.1497341677574344,1.1238596111344066,1.1041983185848647,2.888408010373145,1.2599745682554213,0.39147673245930026,150567.62,6,True
cora_gcnii16,trained,15,15,1,256,32,window_cost_cluster,85,4160,1149,131,132648,130489,2159,13365,36768,0,0,0,143854,693248,676416,637952,609856,609856,mosaic_delta,0.9015990159901599,150117.932,152122.682,155463.932,157997.312,1.154505645601353,1.139290983576006,1.1148052012475793,1.0969300541011735,2.8484010475121586,1.156974706810457,0.25488065843621444,151949.37,4,True
cora_gcnii16,trained,16,16,1,256,32,window_cost_cluster,85,4234,1083,123,135004,132795,2209,12463,34656,0,0,0,145258,693248,682176,641984,615680,615680,mosaic_delta,0.9025236889013979,151432.732,153302.182,156417.932,158747.312,1.144481762370899,1.1305253306831602,1.108005954202233,1.0917476196384353,2.869443954104148,1.0556019382589872,0.08821952980823282,153128.87,7,True
cora_gcnii16,trained,4,4,1,64,64,window_cost_cluster,43,1592,1150,10,100216,92640,7576,35576,72720,0,0,0,128216,693248,616256,629312,563008,563008,mosaic_delta,0.9135943503998338,142680.032,148016.432,156910.432,165399.312,1.2146899434393175,1.1708970258112965,1.10452821900331,1.047839908789947,1.9659006071508884,1.3304746727153631,0.9915808410164156,147843.12,1,True
cora_gcnii16,trained,5,5,1,64,64,window_cost_cluster,43,1627,1118,7,102544,95498,7046,34264,70552,0,0,0,129762,693248,622400,631296,566912,566912,mosaic_delta,0.9108483290488432,143522.832,148662.432,157228.432,165249.312,1.207556996924364,1.165808992012185,1.1022942720690618,1.0487910533630542,1.9744594910109738,1.3147025144910622,0.9628321270137755,148489.12,1,True
cora_gcnii16,trained,6,6,1,64,64,window_cost_cluster,43,1642,1100,10,103460,96767,6693,33512,69600,0,0,0,130279,693248,624576,630400,567424,567424,mosaic_delta,0.908494722819961,143592.632,148619.432,156997.432,164841.312,1.2069700066504805,1.1661462950551447,1.1039161455838336,1.0513869241710476,1.9919992838386251,1.3174375434626926,0.9576712819288615,148446.12,1,True
cora_gcnii16,trained,7,7,1,64,64,window_cost_cluster,43,1633,1105,14,102928,96457,6471,34041,69960,0,0,0,130498,693248,625024,631808,567360,567360,mosaic_delta,0.9077411427401187,143649.532,148755.682,157265.932,165697.312,1.206491922298779,1.165078185047076,1.102031430430845,1.0459554105500517,1.9764660262624483,1.312387032006162,0.9582115684028086,148582.37,1,True
cora_gcnii16,trained,8,8,1,64,64,window_cost_cluster,43,1649,1084,19,103996,97532,6464,33513,68776,0,0,0,131045,693248,624512,632768,569216,569216,mosaic_delta,0.9114572658331626,144112.732,149139.682,157517.932,165767.312,1.2026140757639652,1.1620783796494887,1.1002683808723441,1.0455137258906628,1.9764533166234,1.3019117046078166,0.9421561781995049,148966.37,1,True
cora_gcnii16,trained,9,9,1,64,64,window_cost_cluster,43,1726,1008,18,108924,102551,6373,31362,64032,0,0,0,133913,693248,637696,639616,579584,579584,mosaic_delta,0.9088719389803291,146581.632,151285.932,159126.432,166067.312,1.1823582370811643,1.145592307948369,1.0891465221818082,1.0436250091167851,1.9578432497927427,1.237037400565071,0.8526076143103121,151112.62,1,True
cora_gcnii16,trained,10,10,1,64,64,window_cost_cluster,43,1793,940,19,113212,106744,6468,29865,59760,0,0,0,136609,693248,648832,648320,590464,590464,mosaic_delta,0.9100414282896034,149138.932,153618.682,161084.932,167683.312,1.1620842235882445,1.128196113543013,1.0759044800043744,1.0335673713315014,1.9152144650929182,1.1582778153866318,0.7545782688766116,153445.37,1,True
cora_gcnii16,trained,11,11,1,64,64,window_cost_cluster,43,1840,894,18,116264,109542,6722,28811,56736,0,0,0,138353,693248,654400,653888,598080,598080,mosaic_delta,0.9139364303178484,150972.532,155294.182,162496.932,168557.312,1.147970413584903,1.1160237799507517,1.0665555211836246,1.028208138487638,1.8813953004060948,1.0967674484232328,0.6782992606990388,155120.87,1,True
cora_gcnii16,trained,12,12,1,64,64,window_cost_cluster,43,1858,876,18,117328,110650,6678,28375,55664,0,0,0,139025,693248,654656,655360,600448,600448,mosaic_delta,0.917196206862841,151535.932,155792.182,162885.932,168683.312,1.1437023398516466,1.1124563362235982,1.0640084006763701,1.0274401062269871,1.8735464317180617,1.0768622715954805,0.6519640528634364,155618.87,1,True
cora_gcnii16,trained,13,13,1,64,64,window_cost_cluster,43,1885,851,16,119056,112352,6704,28033,53984,0,0,0,140385,693248,661760,660544,605824,605824,mosaic_delta,0.9154738878143134,152855.732,157060.682,164068.932,169765.312,1.1338272875498054,1.1034715868609306,1.0563364915424696,1.0208917119652805,1.8359033995647986,1.0294997665794514,0.5994178289872653,156887.37,1,True
cora_gcnii16,trained,14,14,1,64,64,window_cost_cluster,43,1934,803,15,122192,115627,6565,26589,50872,0,0,0,142216,693248,669440,664128,612224,612224,mosaic_delta,0.9145315487571701,154342.332,158330.682,164977.932,169887.312,1.122906449281847,1.0946204349703994,1.0505162593503719,1.0201585860632134,1.8199586295084433,0.969760688875917,0.5163217872052355,158157.37,1,True
cora_gcnii16,trained,15,15,1,64,64,window_cost_cluster,43,1972,767,13,124668,118291,6377,25563,48448,0,0,0,143854,693248,676416,668416,617856,617856,mosaic_delta,0.9134260573374965,155642.732,159477.182,165867.932,170583.312,1.1135245300114625,1.0867510814180301,1.044879488821263,1.0159962189032887,1.7979845870985407,0.9136629877761514,0.4420248014708761,159303.87,1,True
cora_gcnii16,trained,16,16,1,64,64,window_cost_cluster,43,1996,745,11,126160,119941,6219,25317,47000,0,0,0,145258,693248,682176,672704,622592,622592,mosaic_delta,0.9126559714795008,156836.132,160633.682,166962.932,171159.312,1.1050514813767531,1.0789268965396683,1.0380268118434814,1.0125771012680864,1.7576284709878736,0.8647141034293857,0.38849310739819115,160460.37,1,True
cora_gcnii16,trained,4,4,1,128,64,window_cost_cluster,43,1663,1054,35,104760,99474,5286,28742,66576,0,0,0,128216,693248,616256,608384,552960,552960,mosaic_delta,0.8972894381555717,139586.632,143897.932,151083.432,158041.312,1.2416088669579761,1.2044092475213612,1.147127767126709,1.0966246597598481,2.2794127061443183,1.4929012231759013,1.0734284322594116,143724.62,4,True
cora_gcnii16,trained,5,5,1,128,64,window_cost_cluster,43,1692,1028,32,106704,101792,4912,27970,64792,0,0,0,129762,693248,622400,611968,557888,557888,mosaic_delta,0.8963496143958869,140647.432,144842.932,151835.432,158511.312,1.2322443256553735,1.1965513098008813,1.1414463522585427,1.093373071065111,2.274039327851269,1.4658193405978461,1.034768680729353,144669.62,6,True
cora_gcnii16,trained,6,6,1,128,64,window_cost_cluster,43,1719,982,51,108388,103447,4941,26832,62048,0,0,0,130279,693248,624576,611456,559360,559360,mosaic_delta,0.8955835638897428,141024.632,145049.432,151757.432,158169.312,1.2289484293779258,1.1948478364258606,1.1420330307118007,1.0957372059631896,2.3097748956469886,1.467276645666434,1.017944245676804,144876.12,6,True
cora_gcnii16,trained,7,7,1,128,64,window_cost_cluster,43,1709,1007,36,107792,103114,4678,27384,63688,0,0,0,130498,693248,625024,612736,559232,559232,mosaic_delta,0.8947368421052632,141067.832,145175.432,152021.432,158531.312,1.2285720815501013,1.193810809531464,1.1400497792969086,1.0932351332587218,2.283810984516506,1.458295608987794,1.0180207420391472,145002.12,4,True
cora_gcnii16,trained,8,8,1,128,64,window_cost_cluster,43,1707,994,51,107708,103169,4539,27876,63016,0,0,0,131045,693248,624512,614464,560640,560640,mosaic_delta,0.897724943635991,141512.032,145693.432,152662.432,158965.312,1.224715648207214,1.1895663216993886,1.135262930961299,1.0902504314903618,2.246982350408954,1.4360369836605595,1.003532788061415,145520.12,4,True
cora_gcnii16,trained,9,9,1,128,64,window_cost_cluster,43,1779,920,53,112316,107850,4466,26063,58400,0,0,0,133913,693248,637696,621952,571136,571136,mosaic_delta,0.8956242472902449,144034.732,147944.182,154459.932,159547.312,1.2032653346416475,1.1714688449188222,1.1220515104201911,1.0862733933116968,2.229976595173234,1.3626200727668247,0.9000299274834058,147770.87,4,True
cora_gcnii16,trained,10,10,1,128,64,window_cost_cluster,43,1837,866,49,116028,111530,4498,25079,55024,0,0,0,136609,693248,648832,631616,581888,581888,mosaic_delta,0.8968238311304004,146598.332,150360.182,156629.932,161885.312,1.1822235467181168,1.1526455853850988,1.106506258331262,1.0705850818633873,2.172091391203796,1.2707032559719988,0.7899629171817061,150186.87,4,True
cora_gcnii16,trained,11,11,1,128,64,window_cost_cluster,43,1877,825,50,118632,113917,4715,24436,52320,0,0,0,138353,693248,654400,638208,589824,589824,mosaic_delta,0.901320293398533,148442.032,152107.432,158216.432,163015.312,1.1675399323555473,1.1394052067094262,1.095410873631634,1.063163931496202,2.1248518579145523,1.199744923740455,0.7063545588476022,151934.12,4,True
cora_gcnii16,trained,12,12,1,128,64,window_cost_cluster,43,1878,828,46,118608,114229,4379,24796,52592,0,0,0,139025,693248,654656,639616,590720,590720,mosaic_delta,0.9023364942809659,148819.032,152538.432,158737.432,162857.312,1.1645822289718966,1.1361857974257923,1.0918155712636197,1.0641953859584763,2.0947685110501695,1.1830927148137507,0.6968656234876596,152365.12,5,True
cora_gcnii16,trained,13,13,1,128,64,window_cost_cluster,43,1908,802,42,120528,115903,4625,24482,50848,0,0,0,140385,693248,661760,645504,597312,597312,mosaic_delta,0.9026112185686653,150359.632,154031.932,160152.432,164675.312,1.1526498016435687,1.125169292819102,1.0821690175769545,1.0524467687056818,2.0445992974430194,1.1212305757912653,0.6287672575769956,153858.62,7,True
cora_gcnii16,trained,14,14,1,128,64,window_cost_cluster,43,1979,734,39,125072,120243,4829,21973,46456,0,0,0,142216,693248,669440,648896,604736,604736,mosaic_delta,0.9033460803059273,152058.732,155354.682,160847.932,164383.312,1.1397701251382262,1.11558916518525,1.0774897621935233,1.0543162678216387,2.0751322077094616,1.0463280824885888,0.4976325490374553,155181.37,4,True
cora_gcnii16,trained,15,15,1,128,64,window_cost_cluster,43,2026,686,40,128124,123199,4925,20655,43264,0,0,0,143854,693248,676416,652992,611392,611392,mosaic_delta,0.9038698079288485,153598.932,156697.182,161860.932,164823.312,1.1283411788305924,1.1060313771309558,1.0707463367380092,1.0515017438795309,2.062787702735415,0.9683353646343141,0.38462745098039247,156523.87,5,True
cora_gcnii16,trained,16,16,1,128,64,window_cost_cluster,43,2059,653,40,130192,125313,4879,19945,41112,0,0,0,145258,693248,682176,657408,616384,616384,mosaic_delta,0.9035556806454639,154843.932,157835.682,162821.932,165601.312,1.1192689165242846,1.0980533539938073,1.064426627734647,1.0465617567087875,2.0346392579593884,0.9012267213096896,0.2967400350965157,157662.37,7,True
cora_gcnii16,trained,4,4,1,256,64,window_cost_cluster,43,1692,1017,43,106924,103320,3604,24896,64096,0,0,0,128216,693248,616256,594432,546048,546048,mosaic_delta,0.886073320178627,137472.032,141206.432,147430.432,153433.312,1.2607073415485703,1.227366186832056,1.1755510558362876,1.1295591403254073,2.5465488431876606,1.638534983793451,1.1542609254498717,141033.12,1,True
cora_gcnii16,trained,5,5,1,256,64,window_cost_cluster,43,1735,954,63,109556,106167,3389,23595,60168,0,0,0,129762,693248,622400,597120,551040,551040,mosaic_delta,0.8853470437017995,138595.932,142135.182,148033.932,153011.312,1.2504840329657005,1.2193462418052132,1.1707586068848053,1.1326744260581205,2.5786768383132017,1.6205961837898604,1.109619834710744,141961.87,1,True
cora_gcnii16,trained,6,6,1,256,64,window_cost_cluster,43,1736,971,45,109712,106446,3266,23833,61144,0,0,0,130279,693248,624576,599872,552256,552256,mosaic_delta,0.8842094476893124,139033.732,142608.682,148566.932,154525.182,1.2465464136429856,1.2152976773181312,1.1665583832612225,1.1215777115214787,2.545541056518273,1.597027942622488,1.0911542818780686,142435.37,6,True
cora_gcnii16,trained,7,7,1,256,64,window_cost_cluster,43,1777,895,80,112430,108448,3982,22050,56232,0,0,0,130498,693248,625024,600128,555648,555648,mosaic_delta,0.8890026622977678,139694.432,143001.932,148514.432,153777.312,1.2406507368883535,1.2119556538578793,1.1669707628144852,1.1270323154042385,2.632466213151927,1.6072547372572226,1.0604752834467124,142828.62,1,True
cora_gcnii16,trained,8,8,1,256,64,window_cost_cluster,43,1749,956,47,110636,107268,3368,23777,60136,0,0,0,131045,693248,624512,603264,555712,555712,mosaic_delta,0.8898339823734371,139876.132,143442.682,149386.932,155331.182,1.2390391235582636,1.2082317311942061,1.160155026143786,1.1157579422784538,2.513516423434411,1.5627693551129982,1.0557042520082436,143269.37,3,True
cora_gcnii16,trained,9,9,1,256,64,window_cost_cluster,43,1835,852,65,116204,112689,3515,21224,53416,0,0,0,133913,693248,637696,610176,567104,567104,mosaic_delta,0.8893014853472501,142504.832,145688.432,150994.432,155613.312,1.2161833221206142,1.189607147395203,1.1478039137231233,1.1137350511503796,2.559690915944214,1.4945800488372483,0.9265209197135321,145515.12,7,True
cora_gcnii16,trained,10,10,1,256,64,window_cost_cluster,43,1880,829,43,118980,115488,3492,21121,52048,0,0,0,136609,693248,648832,620416,577920,577920,mosaic_delta,0.8907082264746499,145140.532,148308.682,153588.932,158069.312,1.1940978692292514,1.1685897120979067,1.1284146438364453,1.0964304064282888,2.442018843804744,1.3717137899020766,0.8008844278206527,148135.37,3,True
cora_gcnii16,trained,11,11,1,256,64,window_cost_cluster,43,1934,760,58,122440,118718,3722,19635,47616,0,0,0,138353,693248,654400,626240,584960,584960,mosaic_delta,0.8938875305623472,146878.932,149824.182,154732.932,159207.312,1.1799650068261662,1.1567692056546652,1.1200718409446284,1.08859321737685,2.4550486376368728,1.303741632621429,0.6897112299465243,149650.87,3,True
cora_gcnii16,trained,12,12,1,256,64,window_cost_cluster,43,1949,742,61,123356,119627,3729,19398,46464,0,0,0,139025,693248,654656,628480,588032,588032,mosaic_delta,0.8982305210675531,147512.232,150421.932,155271.432,159615.312,1.1748991771746766,1.1521724106029965,1.1161872970940334,1.085810614460347,2.4389565934632436,1.2735832022126898,0.65205072687906,150248.62,3,True
cora_gcnii16,trained,13,13,1,256,64,window_cost_cluster,43,1977,711,64,125166,121479,3687,18906,44480,0,0,0,140385,693248,661760,632192,592448,592448,mosaic_delta,0.8952611218568666,148742.032,151577.932,156304.432,160283.312,1.1651851038313097,1.1433854368721694,1.1088105294416732,1.0812853679988843,2.408752776896223,1.2130523091358172,0.5753453929969324,151404.62,4,True
cora_gcnii16,trained,14,14,1,256,64,window_cost_cluster,43,2014,707,31,127534,123660,3874,18556,44104,0,0,0,142216,693248,669440,639488,600832,600832,mosaic_delta,0.8975143403441682,150718.032,153501.432,158140.432,161737.312,1.1499088576209646,1.1290578709389498,1.0959373122238594,1.0715647357858895,2.3269497736581157,1.1086962145139987,0.45896098297046806,153328.12,4,True
cora_gcnii16,trained,15,15,1,256,64,window_cost_cluster,43,2076,627,49,131458,127329,4129,16525,39096,0,0,0,143854,693248,676416,643584,607488,607488,mosaic_delta,0.8980982117513483,152309.932,154788.682,158919.932,161821.312,1.1378903379721816,1.119668426403424,1.0905617553372726,1.0710084960873385,2.38141482602118,1.0134321910149324,0.2838414523449323,154615.37,3,True
cora_gcnii16,trained,16,16,1,256,64,window_cost_cluster,43,2086,625,41,132040,128362,3678,16896,39000,0,0,0,145258,693248,682176,648256,611264,611264,mosaic_delta,0.8960502861431654,153298.032,155832.432,160056.432,163453.312,1.1305559356430617,1.1121689995828339,1.082818090059636,1.0603150090956859,2.294796401515151,0.956851737483532,0.24328125000000034,155659.12,7,True
cora_gcnii16,trained,4,5,2,64,16,window_cost_cluster,170,7034,3319,527,224188,218258,5930,39720,53104,33568,1221,5270,257978,1386496,1238656,1206208,1120320,1120320,mosaic_delta,0.9044641934483828,274029.864,279987.864,289917.864,299476.624,1.2649132285815388,1.2379965154489696,1.1955937975591597,1.1574325747708443,2.93637361530715,1.7981101186566846,1.1910362537764354,279641.24,6,True
cora_gcnii16,trained,6,7,2,64,16,window_cost_cluster,170,7164,3144,572,228360,223243,5117,37534,50304,27648,1416,4052,260777,1386496,1249600,1210560,1128832,1128832,mosaic_delta,0.9033546734955186,275641.264,281271.364,290654.864,299574.624,1.25751854047513,1.2323472786941794,1.1925621860572062,1.1570539432605613,3.0003932434592633,1.7958366790921167,1.1534065114296375,280924.74,4,True
cora_gcnii16,trained,8,9,2,64,16,window_cost_cluster,170,7370,2936,574,234964,229396,5568,35562,46976,25344,1352,4050,264958,1386496,1262208,1226880,1146496,1146496,mosaic_delta,0.9083257276138322,279928.064,285262.364,294152.864,302144.624,1.2382609840791097,1.2151059646971165,1.1783805035466186,1.1472122039146393,2.985230302007761,1.7138781258940308,1.0358236319667065,284915.74,5,True
cora_gcnii16,trained,10,11,2,64,16,window_cost_cluster,170,7726,2634,520,246392,241152,5240,33810,42144,21952,1262,3624,274962,1386496,1303232,1263168,1185856,1185856,mosaic_delta,0.9099346854589206,289213.864,294285.364,302737.864,310056.624,1.1985040938424723,1.1778499456738187,1.144964146275406,1.1179377351409205,2.8082744750073942,1.471042115144736,0.7578515232179831,293938.74,5,True
cora_gcnii16,trained,12,13,2,64,16,window_cost_cluster,170,7947,2490,443,253440,248232,5208,31178,39840,19840,1250,2804,279410,1386496,1316416,1278144,1202944,1202944,mosaic_delta,0.9138023238854587,293260.664,297937.364,305731.864,312396.624,1.181965543118323,1.1634123204500124,1.1337516327706032,1.1095638472712817,2.8226877926743215,1.3725682825403656,0.5991712104689207,297590.74,4,True
cora_gcnii16,trained,14,15,2,64,16,window_cost_cluster,170,8230,2289,361,262496,257284,5212,28786,36624,17888,1171,2710,286070,1386496,1345856,1300352,1229056,1229056,mosaic_delta,0.9132150839317134,299544.464,303862.364,311058.864,316852.624,1.1571704426492089,1.1407269904607205,1.1143357097838562,1.0939596952809203,2.747542555408879,1.1769239878080844,0.3392607517543254,303515.74,6,True
cora_gcnii16,trained,4,5,2,128,16,window_cost_cluster,170,7165,3057,658,228380,224021,4359,33957,48912,32368,1034,5543,257978,1386496,1238656,1190720,1113856,1113856,mosaic_delta,0.8992456339774724,271709.564,276803.114,285292.364,292680.624,1.2757151235206428,1.2522402475573307,1.2149781898824323,1.1843079848018911,3.3163636363636364,1.984920161175708,1.2748169744088116,276456.49,6,True
cora_gcnii16,trained,6,7,2,128,16,window_cost_cluster,170,7258,2934,688,231368,227659,3709,33118,46944,27072,1242,4260,260777,1386496,1249600,1197376,1122944,1122944,mosaic_delta,0.8986427656850192,273656.664,278624.364,286903.864,294682.624,1.2666382573457082,1.2440548810010024,1.2081538225640627,1.1762620927387968,3.3137194275016606,1.948545622110137,1.220452925901323,278277.74,6,True
cora_gcnii16,trained,8,9,2,128,16,window_cost_cluster,170,7439,2806,635,237172,233188,3984,31770,44896,25008,1243,4240,264958,1386496,1262208,1213184,1140352,1140352,mosaic_delta,0.9034580671331508,277881.864,282647.364,290589.864,297212.624,1.2473789941181623,1.2263478954645408,1.1928289418931695,1.1662492505701911,3.2746540761724896,1.851555993485789,1.0925703493862138,282300.74,7,True
cora_gcnii16,trained,10,11,2,128,16,window_cost_cluster,170,7779,2511,590,248088,244306,3782,30656,40176,21600,1161,3810,274962,1386496,1303232,1251648,1178752,1178752,mosaic_delta,0.9044836222560526,287361.464,291959.864,299623.864,305970.624,1.2062299348530603,1.1872316805846985,1.1568637937330652,1.1328669251594559,3.0444532881002084,1.5696416333847703,0.7830754175365348,291613.24,6,True
cora_gcnii16,trained,12,13,2,128,16,window_cost_cluster,170,7982,2424,474,254560,250622,3938,28788,38784,20016,1173,2938,279410,1386496,1316416,1268864,1196608,1196608,mosaic_delta,0.9089892556760173,291711.664,296029.864,303226.864,309326.624,1.1882418249823565,1.170908891813699,1.143117715322215,1.1205760290455955,3.019513686258163,1.4490042348563124,0.6113991941086567,295683.24,2,True
cora_gcnii16,trained,14,15,2,128,16,window_cost_cluster,170,8287,2143,450,264320,260436,3884,25634,34288,18032,1016,2836,286070,1386496,1345856,1289856,1222976,1222976,mosaic_delta,0.9086975129582957,297811.264,301656.364,308064.864,312904.624,1.163904935442603,1.1490690778199528,1.1251656404412287,1.1077624726951942,3.0177405008972458,1.253996017517497,0.3133322930482957,301309.74,4,True
cora_gcnii16,trained,4,5,2,256,16,window_cost_cluster,170,7322,2836,722,233338,229877,3461,28101,45376,30864,907,5657,257978,1386496,1238656,1176192,1110464,1110464,mosaic_delta,0.8965071819778857,270075.964,274291.114,281316.364,286352.624,1.283431501516366,1.2637084553894808,1.2321501496443343,1.2104795659214913,3.836367389060887,2.2274628629957482,1.3693804490943389,273944.49,7,True
cora_gcnii16,trained,6,7,2,256,16,window_cost_cluster,170,7393,2762,725,235662,232683,2979,28094,44192,25696,1156,4354,260777,1386496,1249600,1186432,1120128,1120128,mosaic_delta,0.8963892445582586,272305.264,276519.364,283542.864,289371.624,1.2729243456711141,1.253525232323332,1.2224747789808599,1.1978506918148961,3.7576977290524667,2.1483923226683106,1.2900961059300924,276172.74,5,True
cora_gcnii16,trained,8,9,2,256,16,window_cost_cluster,170,7588,2538,754,241948,239224,2724,25734,40608,24384,1014,4364,264958,1386496,1262208,1198208,1135168,1135168,mosaic_delta,0.8993509786025758,275845.264,279705.364,286138.864,290697.624,1.2565885488612194,1.2392468812289206,1.2113838545189723,1.1923867668075607,3.8638672573249395,2.106976525726413,1.1699681355405305,279358.74,6,True
cora_gcnii16,trained,10,11,2,256,16,window_cost_cluster,170,7928,2295,657,252790,249938,2852,25024,36720,21568,947,3898,274962,1386496,1303232,1238720,1175552,1175552,mosaic_delta,0.9020281883808869,285732.264,289485.864,295741.864,299955.624,1.2131076664131986,1.197377983195753,1.1720491489158937,1.1555842673581609,3.54718510230179,1.7404465278549999,0.7768526214833764,289139.24,7,True
cora_gcnii16,trained,12,13,2,256,16,window_cost_cluster,170,8082,2240,558,257708,255083,2625,24327,35840,19536,1019,2973,279410,1386496,1316416,1257088,1191680,1191680,mosaic_delta,0.9052457581797851,289833.564,293482.614,299564.364,304892.624,1.1959415438855108,1.1810716664803864,1.1570935720511804,1.1368723698609382,3.4487096641591646,1.5902056937988045,0.599003576273277,293135.99,7,True
cora_gcnii16,trained,14,15,2,256,16,window_cost_cluster,170,8396,1952,532,267714,264988,2726,21082,31232,17664,848,2994,286070,1386496,1345856,1278784,1217088,1217088,mosaic_delta,0.9043226021208807,296075.064,299237.364,304507.864,307444.624,1.1707301361927596,1.158358018419117,1.1383088615406005,1.127435554052817,3.514171330993264,1.3696012671019597,0.22583056635992846,298890.74,7,True
cora_gcnii16,trained,4,5,2,64,32,window_cost_cluster,85,3324,1977,139,211848,203222,8626,54756,63064,22448,2383,5110,257978,1386496,1238656,1216512,1105664,1105664,mosaic_delta,0.8926320140539423,278021.464,286234.864,299923.864,310694.624,1.2467526607945638,1.2109775698043548,1.1557066362681965,1.1156420910585179,2.359207392797136,1.5335111022179033,1.0931397472423117,285888.24,4,True
cora_gcnii16,trained,6,7,2,64,32,window_cost_cluster,85,3424,1906,110,218272,210118,8154,50659,60824,16400,2421,3889,260777,1386496,1249600,1219904,1114176,1114176,mosaic_delta,0.8916261203585147,279795.764,287394.614,300059.364,309970.624,1.2388464894700835,1.2060908002959303,1.1551847453759183,1.1182479020979743,2.4260202530646082,1.5335465349304864,1.0575605519256206,287047.99,4,True
cora_gcnii16,trained,8,9,2,64,32,window_cost_cluster,85,3509,1805,126,223736,215836,7900,49122,57640,15272,2262,3908,264958,1386496,1262208,1232128,1128640,1128640,mosaic_delta,0.8941790893418518,283457.064,290825.364,303105.864,311816.624,1.2228448115161454,1.1918630315889505,1.143574048438733,1.1116277110357016,2.3929758560319203,1.4725771327112802,0.9816978136069381,290478.74,6,True
cora_gcnii16,trained,10,11,2,64,32,window_cost_cluster,85,3704,1665,71,236240,228811,7429,46151,53176,12528,2102,3463,274962,1386496,1303232,1266112,1166400,1166400,mosaic_delta,0.8950056474979129,292524.964,299447.614,310985.364,318068.624,1.184938185309887,1.1575447049646554,1.1145990780453578,1.0897774060229215,2.2797287166041906,1.3000787396382205,0.7775987519230355,299100.99,4,True
cora_gcnii16,trained,12,13,2,64,32,window_cost_cluster,85,3817,1544,79,243424,235972,7452,43438,49312,11000,1989,2702,279410,1386496,1316416,1281664,1183168,1183168,mosaic_delta,0.8987797170499295,296595.664,303111.364,313970.864,321590.624,1.1686752103024676,1.1435532981204888,1.1040005291701207,1.0778423689367262,2.259697960311248,1.2188621463475187,0.6637497122335285,302764.74,5,True
cora_gcnii16,trained,14,15,2,64,32,window_cost_cluster,85,3985,1391,64,254176,246500,7676,39570,44392,10880,1669,2546,286070,1386496,1345856,1301952,1210624,1210624,mosaic_delta,0.8995197108754577,302935.864,308871.364,318763.864,325136.624,1.1442157934789787,1.1222276986480366,1.0874005467570815,1.06608722122919,2.212831943391458,1.0702535737438341,0.4608784432651001,308524.74,4,True
cora_gcnii16,trained,4,5,2,128,32,window_cost_cluster,85,3426,1861,153,218376,211620,6756,46358,59352,22608,2173,5296,257978,1386496,1238656,1194176,1097472,1097472,mosaic_delta,0.8860183941304123,275200.664,282154.364,293743.864,302272.624,1.2595318447342119,1.2284906569795249,1.1800212446310028,1.146726406821413,2.648167738038742,1.6728921418750489,1.1527451572544116,281807.74,3,True
cora_gcnii16,trained,6,7,2,128,32,window_cost_cluster,85,3530,1760,150,225056,218554,6502,42223,56152,16240,2236,3997,260777,1386496,1249600,1198272,1106304,1106304,mosaic_delta,0.885326504481434,277165.164,283498.614,294054.364,301974.624,1.2506044951594277,1.2226655894691605,1.17877522810714,1.1478580398861593,2.7532567557966034,1.682470073491782,1.1113838429292096,283151.99,6,True
cora_gcnii16,trained,8,9,2,128,32,window_cost_cluster,85,3563,1731,146,227192,221239,5953,43719,55272,15624,2160,4123,264958,1386496,1262208,1214912,1120960,1120960,mosaic_delta,0.8880945137409999,280906.764,287464.614,298394.364,306056.624,1.233946790971541,1.2057971072571736,1.1616305192681187,1.1325485966283153,2.6111018092820055,1.576955875318363,1.0254113772044195,287117.99,3,True
cora_gcnii16,trained,10,11,2,128,32,window_cost_cluster,85,3842,1441,157,245072,238314,6758,36648,46008,12912,1782,3506,274962,1386496,1303232,1247680,1162432,1162432,mosaic_delta,0.8919609094927073,290701.664,296198.864,305360.864,311510.624,1.1923701957206547,1.1702408149681491,1.1351290910678062,1.1127196740487413,2.6353896529142107,1.4017117963611525,0.7437502728661867,295852.24,3,True
cora_gcnii16,trained,12,13,2,128,32,window_cost_cluster,85,3884,1436,120,247712,241635,6077,37775,45856,11416,1829,2805,279410,1386496,1316416,1264768,1177728,1177728,mosaic_delta,0.894647284748894,294560.364,300226.614,309670.364,315340.624,1.1767503111857915,1.1545412159895991,1.1193321683181798,1.099205029796605,2.4874324288550627,1.2905607918740838,0.6522292521508937,299879.99,2,True
cora_gcnii16,trained,14,15,2,128,32,window_cost_cluster,85,4076,1242,122,260000,253436,6564,32634,39624,10976,1466,2638,286070,1386496,1345856,1285440,1204672,1204672,mosaic_delta,0.8950972466593752,300995.264,305890.364,314048.864,318868.624,1.1515928702452938,1.1331641685842708,1.1037263296707864,1.0870432959249072,2.508817797389226,1.1233968840180033,0.3845057302200163,305543.74,3,True
cora_gcnii16,trained,4,5,2,256,32,window_cost_cluster,85,3532,1741,167,225164,220351,4813,37627,55712,22112,2024,5523,257978,1386496,1238656,1171136,1089088,1089088,mosaic_delta,0.8792497674899246,272271.564,277915.614,287322.364,294230.624,1.2730818999519171,1.2472275127370138,1.2063940835458251,1.1780690782207632,3.0852515480904668,1.8836722011598988,1.2428298827969282,277568.99,5,True
cora_gcnii16,trained,6,7,2,256,32,window_cost_cluster,85,3587,1695,158,228750,224156,4594,36621,54240,16960,2047,4123,260777,1386496,1249600,1181696,1099072,1099072,mosaic_delta,0.879539052496799,274638.964,280132.114,289287.364,296341.624,1.2621078777445434,1.2373590269625423,1.1981995867610726,1.1696770616334342,3.075141585429125,1.8405541605374924,1.1821075339286207,279785.49,3,True
cora_gcnii16,trained,8,9,2,256,32,window_cost_cluster,85,3657,1638,145,233200,229340,3860,35618,52416,16512,1970,4394,264958,1386496,1262208,1192384,1112640,1112640,mosaic_delta,0.8815028901734104,277925.664,283268.364,292172.864,297712.624,1.2471824120567723,1.2236594129515994,1.1863661643813712,1.164290567671729,3.038485035656129,1.7691317287058095,1.0921432983323043,282921.74,7,True
cora_gcnii16,trained,10,11,2,256,32,window_cost_cluster,85,3863,1424,153,246360,241928,4432,33034,45568,14304,1634,3716,274962,1386496,1303232,1232640,1153664,1153664,mosaic_delta,0.8852330206747532,288006.264,292961.364,301219.864,306924.624,1.2035293787915666,1.1831730821679272,1.1507342025756973,1.1293456858645528,2.8849597384512924,1.516314521797043,0.7863704062481083,292614.74,5,True
cora_gcnii16,trained,12,13,2,256,32,window_cost_cluster,85,3948,1389,103,251772,248223,3549,31187,44448,12256,1726,3021,279410,1386496,1316416,1244480,1166976,1166976,mosaic_delta,0.8864796538480237,291339.564,296017.614,303814.364,309218.624,1.1897594519637573,1.1709573471529975,1.1409072153020388,1.120967409776715,2.8837900407220958,1.434089008658849,0.6609151248917822,295670.99,5,True
cora_gcnii16,trained,14,15,2,256,32,window_cost_cluster,85,4080,1241,119,260188,256071,4117,29999,39712,11680,1407,2793,286070,1386496,1345856,1272320,1196160,1196160,mosaic_delta,0.8887726472965904,298289.764,302789.614,310289.364,315334.624,1.1620378632905417,1.1447684595945222,1.117099199056014,1.0992259448172745,2.7227494249808326,1.2156383183787298,0.4118457281909401,302442.99,6,True
cora_gcnii16,trained,4,5,2,64,64,window_cost_cluster,43,1550,1196,6,195144,181837,13307,76141,75544,13328,3331,4877,257978,1386496,1238656,1260608,1113024,1113024,mosaic_delta,0.8985739382039888,284815.964,296237.114,315272.364,330648.624,1.217010434148277,1.1700897140119992,1.0994430200041256,1.0483152653313326,1.9163100038087235,1.3225191935099816,1.005830761350652,295890.49,1,True
cora_gcnii16,trained,6,7,2,64,64,window_cost_cluster,43,1596,1146,10,201120,188840,12280,71937,72504,10096,2958,3763,260777,1386496,1249600,1262208,1118336,1118336,mosaic_delta,0.894955185659411,286010.564,296801.114,314785.364,330538.624,1.2119272629384417,1.1678662365128454,1.1011439528046165,1.0486641343312424,1.9474089828600025,1.318917023409977,0.983721311703296,296454.49,1,True
cora_gcnii16,trained,8,9,2,64,64,window_cost_cluster,43,1647,1090,15,207736,195618,12118,69340,69160,9512,2715,3736,264958,1386496,1262208,1272384,1133952,1133952,mosaic_delta,0.8983875874657743,289664.864,300065.864,317400.864,331834.624,1.1966380568683677,1.1551597218669298,1.092070121144976,1.0445685137425562,1.9264459186616674,1.274414968460391,0.9266651283530432,299719.24,1,True
cora_gcnii16,trained,10,11,2,64,64,window_cost_cluster,43,1766,969,17,223056,211001,12055,63961,61496,8016,2298,3349,274962,1386496,1303232,1302208,1172992,1172992,mosaic_delta,0.9000638412807543,298841.964,308436.114,324426.364,336240.624,1.1598906504308746,1.1238113316393294,1.0684211841673878,1.0308807897049346,1.8524688482043745,1.145603319414073,0.7686083707259113,308089.49,1,True
cora_gcnii16,trained,12,13,2,64,64,window_cost_cluster,43,1829,907,16,230944,218640,12304,60770,57568,7288,2043,2574,279410,1386496,1316416,1315904,1190144,1190144,mosaic_delta,0.9040789537653751,303099.864,312215.364,327407.864,338448.624,1.1435966860084108,1.1102080165407875,1.058691736249805,1.0241554416838166,1.821914760572651,1.0779321032259916,0.681141352641106,311868.74,1,True
cora_gcnii16,trained,14,15,2,64,64,window_cost_cluster,43,1914,825,13,241824,229759,12065,56311,52200,6976,1772,2309,286070,1386496,1345856,1332544,1215360,1215360,mosaic_delta,0.9030386608968567,308931.964,317378.614,331456.364,340470.624,1.1220075628043462,1.0921466813135683,1.0457605816251578,1.0180731480669534,1.775510291062137,0.9726151890934901,0.544404468043544,317031.99,1,True
cora_gcnii16,trained,4,5,2,128,64,window_cost_cluster,43,1633,1093,26,205768,196439,9329,61539,68952,15376,2921,5121,257978,1386496,1238656,1220480,1096000,1096000,mosaic_delta,0.884830009300403,279229.764,288460.614,303845.364,316928.624,1.24135763693157,1.201633717662405,1.1407908135797655,1.093697361965008,2.200779343180747,1.4660935977679765,1.0742612002144982,288113.99,5,True
cora_gcnii16,trained,6,7,2,128,64,window_cost_cluster,43,1680,1031,41,211872,203008,8864,57769,65144,10864,2613,3851,260777,1386496,1249600,1223744,1103424,1103424,mosaic_delta,0.8830217669654289,281002.764,289668.114,304110.364,316352.624,1.2335252332251079,1.1966246309043183,1.1397967351089686,1.0956887147552157,2.2419249078225345,1.4592936334893025,1.0418902871782447,289321.49,5,True
cora_gcnii16,trained,8,9,2,128,64,window_cost_cluster,43,1708,1004,40,215544,206987,8557,57971,63656,11176,2423,4021,264958,1386496,1262208,1237376,1119104,1119104,mosaic_delta,0.8866240746374607,284848.964,293544.614,308037.364,318736.624,1.216869442431955,1.1808222105550197,1.1252660894734834,1.0874934786282984,2.1715989028997256,1.3916947079236774,0.9757458039364513,293197.99,4,True
cora_gcnii16,trained,10,11,2,128,64,window_cost_cluster,43,1826,895,31,230736,222121,8615,52841,56760,8144,2169,3449,274962,1386496,1303232,1270464,1158080,1158080,mosaic_delta,0.8886215194224819,294182.964,302109.114,315319.364,325254.624,1.17825993486149,1.1473470475968495,1.0992791422730384,1.0657004525783467,2.0989905565753864,1.2433703736311483,0.7870396093942207,301762.49,3,True
cora_gcnii16,trained,12,13,2,128,64,window_cost_cluster,43,1867,843,42,235808,227472,8336,51938,53472,7032,2066,2710,279410,1386496,1316416,1284160,1174656,1174656,mosaic_delta,0.8923136759200739,298167.664,305958.364,318942.864,326706.624,1.1625137191268333,1.132912320056725,1.0867902659831887,1.060964102154231,2.039638800107821,1.1691427069398805,0.7048781239169782,305611.74,6,True
cora_gcnii16,trained,14,15,2,128,64,window_cost_cluster,43,1977,738,37,249888,240666,9222,45404,46632,7680,1654,2492,286070,1386496,1345856,1302208,1203328,1203328,mosaic_delta,0.8940986257073565,304885.264,311695.864,323046.864,329166.624,1.1368998142199485,1.112058387787911,1.072983639921668,1.0530350732035334,2.02690864241036,1.0311411750736392,0.5000651924940536,311349.24,5,True
cora_gcnii16,trained,4,5,2,256,64,window_cost_cluster,43,1673,1032,47,211472,204969,6503,53009,65032,15888,2841,5387,257978,1386496,1238656,1195456,1084224,1084224,mosaic_delta,0.8753229306603286,275472.764,283424.114,296676.364,308672.624,1.258287734028036,1.222986975624805,1.1683573147741557,1.1229502490638754,2.448787187081439,1.5958786982030129,1.140994170801185,283077.49,3,True
cora_gcnii16,trained,6,7,2,256,64,window_cost_cluster,43,1704,999,49,215512,209489,6023,51288,62864,12008,2541,4158,260777,1386496,1249600,1203456,1092672,1092672,mosaic_delta,0.8744174135723431,277479.664,285172.864,297994.864,310708.624,1.2491870395230118,1.2154873192983748,1.1631878326600957,1.1155918221310779,2.454916549680237,1.5733881982733489,1.1032397441896742,284826.24,5,True
cora_gcnii16,trained,8,9,2,256,64,window_cost_cluster,43,1757,952,43,222328,215794,6534,49164,59856,11088,2353,4048,264958,1386496,1262208,1216448,1109952,1109952,mosaic_delta,0.8793732887131123,281862.264,289236.864,301527.864,312222.624,1.229763768590179,1.1984087892752149,1.1495587684725548,1.1101822012744342,2.4243096574729477,1.5046972157074996,1.0142372467659266,288890.24,7,True
cora_gcnii16,trained,10,11,2,256,64,window_cost_cluster,43,1893,820,39,239688,232556,7132,42406,51432,9344,1890,3494,274962,1386496,1303232,1246656,1151552,1151552,mosaic_delta,0.8836124343171439,291538.464,297899.364,308500.864,317284.624,1.1889477472173278,1.1635607251581779,1.1235754594191347,1.0924702105955189,2.4071772862330802,1.341011505754929,0.7723897561665805,297552.74,5,True
cora_gcnii16,trained,12,13,2,256,64,window_cost_cluster,43,1935,762,55,244892,237994,6898,41416,47744,7624,1853,2786,279410,1386496,1316416,1262272,1167488,1167488,mosaic_delta,0.886868588652827,295550.464,301762.864,312116.864,320530.624,1.172808173970588,1.1486635413163364,1.1105583836700346,1.0814068112256257,2.3415530229862855,1.2499018232819084,0.6676878501062393,301416.24,5,True
cora_gcnii16,trained,14,15,2,256,64,window_cost_cluster,43,2004,710,38,253760,246368,7392,39702,44368,7568,1593,2610,286070,1386496,1345856,1286016,1195456,1195456,mosaic_delta,0.8882495601312473,302434.064,308389.364,318314.864,325134.624,1.1461142816240435,1.1239816947772556,1.0889343829071079,1.0660937790495053,2.221771195405773,1.0829916355106421,0.47564253689990454,308042.74,3,True
cora_gcnii16,trained,4,7,4,64,16,window_cost_cluster,170,6987,3491,402,445464,434053,11411,84702,55856,94288,4580,14115,518755,2772992,2488256,2422400,2216896,2216896,mosaic_delta,0.8909436971115512,550053.928,562759.228,583934.728,600431.248,1.2603273328501712,1.2318731804074476,1.1872011832116962,1.1545834803054753,2.7987476092654244,1.7311972305977075,1.1618370286415909,562065.98,2,True
cora_gcnii16,trained,8,11,4,64,16,window_cost_cluster,170,7449,3002,429,475008,464245,10763,75675,48032,75056,4315,11408,539920,2772992,2565440,2490816,2298048,2298048,mosaic_delta,0.8957714855931146,569090.228,580441.478,599360.228,612567.248,1.2181688700513058,1.1943460732487488,1.156646650234523,1.1317092160304332,2.7498317806408985,1.5549371367834428,0.9176599933927985,579748.23,2,True
cora_gcnii16,trained,12,15,4,64,16,window_cost_cluster,170,8003,2528,349,510512,500226,10286,65254,40448,59168,3886,8524,565480,2772992,2662272,2581184,2397440,2397440,mosaic_delta,0.9005240636569066,592592.128,602380.228,618693.728,629269.248,1.169856917167823,1.1508478661421138,1.1205027118037958,1.1016715058035063,2.65314800625249,1.2674298560408104,0.5283801759279128,601686.98,6,True
cora_gcnii16,trained,4,7,4,128,16,window_cost_cluster,170,7115,3253,512,453656,445305,8351,73450,52048,91600,4034,14614,518755,2772992,2488256,2390336,2205504,2205504,mosaic_delta,0.8863653900563286,545638.728,556656.228,575018.728,588105.248,1.2705256508112086,1.2453790420898696,1.205609428428912,1.1787822032834503,3.119094894486045,1.8880036463728662,1.23142164737917,555962.98,6,True
cora_gcnii16,trained,8,11,4,128,16,window_cost_cluster,170,7505,2940,435,478592,470806,7786,69114,47040,74800,4145,11889,539920,2772992,2565440,2467648,2286528,2286528,mosaic_delta,0.8912810278158912,565400.128,575767.228,593045.728,604701.248,1.2261192837932997,1.2040421307202291,1.1689621344005365,1.1464305759130828,2.959842000173626,1.6515158698105599,0.9537419336169232,575073.98,4,True
cora_gcnii16,trained,12,15,4,128,16,window_cost_cluster,170,8068,2397,415,514672,507146,7526,58334,38352,59344,3482,8897,565480,2772992,2662272,2558656,2386240,2386240,mosaic_delta,0.8963171306312804,589026.128,597776.228,612359.728,621701.248,1.176939302088141,1.1597115568135306,1.1320927361833304,1.1150822074592328,2.898524359721603,1.3484223236206507,0.521701237700141,597082.98,7,True
cora_gcnii16,trained,4,7,4,256,16,window_cost_cluster,170,7230,3092,558,460984,454398,6586,64357,49472,89024,3712,14906,518755,2772992,2488256,2366912,2198784,2198784,mosaic_delta,0.8836647033102704,542803.428,552456.978,568546.228,577731.248,1.2771621626531071,1.2548452234410912,1.219334446098902,1.199948942349748,3.448428609164504,2.0433964887438356,1.2940460245194778,551763.73,7,True
cora_gcnii16,trained,8,11,4,256,16,window_cost_cluster,170,7671,2698,511,489148,482911,6237,57009,43168,72080,3589,11937,539920,2772992,2565440,2442304,2282624,2282624,mosaic_delta,0.8897592615691655,562407.628,570958.978,585211.228,593346.248,1.2326433097383238,1.2141818006406757,1.18461158438334,1.1683700745336136,3.407243066884176,1.8211136456715087,0.9751779543580842,570265.73,7,True
cora_gcnii16,trained,12,15,4,256,16,window_cost_cluster,170,8167,2265,448,520816,514792,6024,50688,36240,57040,3230,9065,565480,2772992,2662272,2540992,2381440,2381440,mosaic_delta,0.8945141593345834,586626.528,594229.728,606901.728,614530.248,1.181753580704076,1.1666329827241495,1.142273893805753,1.1280941861790992,3.2171622474747474,1.4332360287659216,0.48180871212121257,593536.48,4,True
cora_gcnii16,trained,4,7,4,64,32,window_cost_cluster,85,3324,2028,88,423792,406913,16879,111842,64680,56688,7702,13409,518755,2772992,2488256,2438592,2200768,2200768,mosaic_delta,0.8844620489210113,557810.928,574587.228,602547.728,621159.248,1.2428010374153158,1.2065148096191236,1.1505279462276887,1.1160551858997678,2.3171663596859853,1.5086717675478534,1.0774746517408489,573893.98,4,True
cora_gcnii16,trained,8,11,4,64,32,window_cost_cluster,85,3586,1780,74,457328,441411,15917,98509,56824,45184,6589,10932,539920,2772992,2565440,2499456,2278656,2278656,mosaic_delta,0.8882125483347886,576176.628,590952.978,615580.228,630721.248,1.2031866033969014,1.173101796265083,1.1261700237714587,1.0991353188088566,2.295470667654732,1.3775479177139858,0.887989117745587,590259.73,6,True
cora_gcnii16,trained,12,15,4,64,32,window_cost_cluster,85,3882,1505,53,495216,479947,15269,85533,48016,34656,5585,8234,565480,2772992,2662272,2582976,2375552,2375552,mosaic_delta,0.8923025145439685,599295.028,612124.978,633508.228,646709.248,1.156772487022869,1.132526893878851,1.0942999149176007,1.0719624037292257,2.2065462453088283,1.1493677039983052,0.5855391486326917,611431.73,4,True
cora_gcnii16,trained,4,7,4,256,32,window_cost_cluster,85,3519,1804,117,448744,438731,10013,80024,57728,59936,6341,14543,518755,2772992,2488256,2357120,2174464,2174464,mosaic_delta,0.8738907893721546,547479.128,559482.728,579488.728,592339.248,1.2662546653285383,1.2390874021762472,1.1963097235603175,1.1703563495762144,2.9302274317704686,1.8002707665961089,1.1976272118364495,558789.48,7,True
cora_gcnii16,trained,8,11,4,256,32,window_cost_cluster,85,3759,1568,113,479448,470351,9097,69569,50176,46304,5547,11668,539920,2772992,2565440,2422784,2249152,2249152,mosaic_delta,0.8767119870275665,566192.628,576627.978,594020.228,603909.248,1.2244030842450317,1.202244820663211,1.1670444327023826,1.1479340683983035,2.93628656441806,1.6365172393751102,0.9433069326855357,575934.73,6,True
cora_gcnii16,trained,12,15,4,256,32,window_cost_cluster,85,4010,1354,76,511448,503054,8394,62426,43328,36096,4884,8803,565480,2772992,2662272,2517120,2347072,2347072,mosaic_delta,0.8816048848502331,589932.328,599296.228,614902.728,623671.248,1.1751313957488358,1.156770170761028,1.1274108382228547,1.1115599800746305,2.7661154006343507,1.3176219496057258,0.5450921090571239,598602.98,7,True
cora_gcnii16,trained,4,7,4,64,64,window_cost_cluster,43,1539,1208,5,387824,362949,24875,155806,76232,35600,9451,12861,518755,2772992,2488256,2522816,2215488,2215488,mosaic_delta,0.8903778389361866,570067.328,593438.228,632389.728,661187.248,1.216080918778773,1.1681889829315142,1.096235389832265,1.048489670811074,1.8950523086402322,1.3146917822554138,1.0051661681835105,592744.98,1,True
cora_gcnii16,trained,8,11,4,64,64,window_cost_cluster,43,1675,1065,12,422640,399246,23394,140674,67480,27520,7841,10477,539920,2772992,2565440,2574592,2291584,2291584,mosaic_delta,0.8932518398403393,587738.128,608839.228,644007.728,668075.248,1.1795185082836757,1.1386388526200548,1.076459132179855,1.037679516005658,1.8549591253536544,1.2121704638105621,0.8693498443209123,608145.98,1,True
cora_gcnii16,trained,12,15,4,64,64,window_cost_cluster,43,1852,889,11,467952,444069,23883,121411,56176,22368,5904,7573,565480,2772992,2662272,2648448,2391488,2391488,mosaic_delta,0.8982883792490024,611317.828,629529.478,659882.228,678919.248,1.1340222192898324,1.101216105403725,1.0505632226240225,1.0211052375407097,1.7805266409139204,1.0357534970149906,0.6385411536022274,628836.23,1,True
cora_gcnii16,trained,4,7,4,128,64,window_cost_cluster,43,1632,1092,28,411632,393686,17946,125069,68808,38800,8460,13398,518755,2772992,2488256,2445184,2186816,2186816,mosaic_delta,0.8788549088196713,559845.628,578605.978,609873.228,633809.248,1.2382842078745322,1.198134873055183,1.1367083652342254,1.0937801904714397,2.1721731204375185,1.449182993596231,1.063588259280877,577912.73,5,True
cora_gcnii16,trained,8,11,4,128,64,window_cost_cluster,43,1742,980,30,439792,422909,16883,117011,62040,30976,7087,10979,539920,2772992,2565440,2509184,2264384,2264384,mosaic_delta,0.8826493700885618,578714.828,596266.478,625519.228,644585.248,1.1979095168441063,1.1626479528503697,1.1082760832413612,1.0754946721957868,2.0847486133782294,1.3119695398388787,0.8998207006178909,595573.23,6,True
cora_gcnii16,trained,12,15,4,128,64,window_cost_cluster,43,1902,818,32,480752,463690,17062,101790,51632,23264,5643,8033,565480,2772992,2662272,2586368,2364608,2364608,mosaic_delta,0.8881917399874995,602427.728,617696.228,643143.728,656223.248,1.1507571245127017,1.1223121796366222,1.0779052485761005,1.0564209697124294,1.9990423420768246,1.1107070225570983,0.6369281854799098,617002.98,5,True
cora_gcnii16,trained,4,7,4,256,64,window_cost_cluster,43,1655,1074,23,418512,406108,12404,112647,67664,42560,8302,14359,518755,2772992,2488256,2402752,2166016,2166016,mosaic_delta,0.8704956403199671,553078.428,569975.478,598137.228,620989.248,1.2534352542131693,1.2162768869154754,1.1590116240014408,1.1163607135433042,2.350479995028718,1.5477630813611283,1.1196473940717464,569282.23,3,True
cora_gcnii16,trained,8,11,4,256,64,window_cost_cluster,43,1798,928,26,455288,441368,13920,98552,58280,32496,6555,11148,539920,2772992,2565440,2465280,2252608,2252608,mosaic_delta,0.8780591243607334,573790.928,588573.728,613211.728,629891.248,1.208189196048077,1.1778439420931817,1.1305197998430976,1.100583635986636,2.3191565873853395,1.4016343435555547,0.9122891468463352,587880.48,2,True
cora_gcnii16,trained,12,15,4,256,64,window_cost_cluster,43,1954,759,39,494592,481245,13347,84235,47536,23760,5330,8220,565480,2772992,2662272,2545344,2348800,2348800,mosaic_delta,0.8822539545170441,596846.228,609481.478,630540.228,644677.248,1.1615186081062072,1.1374389953159496,1.099450866440198,1.0753411915042486,2.252668368255476,1.179199475587191,0.6066827328307713,608788.23,5,True
cora_gcnii16,trained,4,11,8,64,16,window_cost_cluster,170,7117,3522,241,907760,885399,22361,173276,56352,198320,12259,28665,1058675,5545984,5053696,4912448,4485376,4485376,mosaic_delta,0.8875436907958056,1120008.056,1145999.456,1189318.456,1214452.496,1.2379339528607818,1.2098574678555518,1.165790367588477,1.141663428225191,2.645940811191394,1.6022457562049797,1.0456083935455578,1144612.96,7,True
cora_gcnii16,trained,4,11,8,128,16,window_cost_cluster,170,7238,3352,290,923248,904476,18772,154199,53632,192256,11448,29349,1058675,5545984,5053696,4862720,4471104,4471104,mosaic_delta,0.8847196190669165,1114229.356,1137359.206,1175908.956,1193830.496,1.2443542189351544,1.2190484700749853,1.179084480074323,1.1613843042588854,2.8746751924461247,1.7018575713991273,1.0763548401740612,1135972.71,4,True
cora_gcnii16,trained,4,11,8,256,16,window_cost_cluster,170,7382,3158,340,941424,926279,15145,132396,50528,184800,10556,29672,1058675,5545984,5053696,4813248,4456576,4456576,mosaic_delta,0.8818448913428905,1108097.056,1127956.456,1161055.456,1171170.496,1.2512405772513846,1.2292105715825612,1.1941686272046594,1.1838549594063543,3.2132469258889995,1.8472894623113543,1.118778815069942,1126569.96,7,True
cora_gcnii16,trained,4,11,8,64,32,window_cost_cluster,85,3395,2014,31,865856,832979,32877,225696,64216,113840,17798,27447,1058675,5545984,5053696,4941952,4461056,4461056,mosaic_delta,0.8827313712577883,1134884.056,1168738.456,1225162.456,1252974.496,1.2217071802795685,1.1863184554954012,1.1316833887701174,1.1065636247395734,2.220969977314618,1.4196828284602918,0.9923296824046507,1167351.96,4,True
cora_gcnii16,trained,4,11,8,128,32,window_cost_cluster,85,3487,1910,43,889408,862623,26785,196052,60888,116752,16513,28228,1058675,5545984,5053696,4867520,4435904,4435904,mosaic_delta,0.8777544197355757,1125634.656,1155042.456,1204055.456,1226972.496,1.231746013335254,1.200385312936064,1.1515217119700507,1.1300139200512282,2.4376442984514313,1.51519870061093,1.0232277150959952,1153655.96,3,True
cora_gcnii16,trained,4,11,8,256,32,window_cost_cluster,85,3581,1800,59,913392,894847,18545,163828,57600,121536,15133,29701,1058675,5545984,5053696,4779584,4404736,4404736,mosaic_delta,0.871587052327643,1113995.256,1138569.456,1179526.456,1196294.496,1.2446157131570406,1.2177526743700036,1.1754683355741535,1.1589922085539712,2.7717974949337107,1.6679122961409163,1.079173523451425,1137182.96,6,True
cora_gcnii16,trained,4,11,8,64,64,window_cost_cluster,43,1600,1151,1,807232,757135,50097,301540,72504,68752,20268,26083,1058675,5545984,5053696,5097408,4502080,4502080,mosaic_delta,0.8908489944784965,1159206.456,1204437.456,1279822.456,1329262.496,1.1960733938493524,1.1511564947545105,1.0833502674530349,1.0430565852660603,1.8583605491808717,1.2586148957092727,0.9387505471910859,1203050.96,1,True
cora_gcnii16,trained,4,11,8,128,64,window_cost_cluster,43,1661,1085,6,838464,803959,34505,254716,68280,76368,18766,27756,1058675,5545984,5053696,4954048,4438144,4438144,mosaic_delta,0.8781976596930247,1138781.056,1176988.456,1240667.456,1278284.496,1.2175264004391726,1.1780030576612555,1.117540395933461,1.0846536935546154,2.0779575684291527,1.3679617128573551,0.9892972565523959,1175601.96,5,True
cora_gcnii16,trained,4,11,8,256,64,window_cost_cluster,43,1712,1020,20,866624,839717,26907,218958,64128,82720,17762,28399,1058675,5545984,5053696,4870336,4407808,4407808,mosaic_delta,0.8721949242692872,1127499.256,1160342.956,1215082.456,1254306.496,1.2297090154354833,1.1949018976075898,1.141071532350394,1.1053885190115447,2.289192630550151,1.4632474522610457,1.022743357173522,1158956.46,5,True
pubmed_gcnii16,trained,4,4,1,64,16,window_cost_cluster,1233,43644,21816,13452,697798,681525,16273,101597,349040,0,0,0,783122,5047552,3968128,3667648,3532800,3532800,mosaic_delta,0.8902938614883391,834343.468,849583.018,874982.268,900381.518,1.5124322876583005,1.4853027582526372,1.4421869404100884,1.401503667915138,5.320660255716212,3.700591878140873,2.8365554101006922,848321.13,1,True
pubmed_gcnii16,trained,5,5,1,64,16,window_cost_cluster,1233,44871,21214,12827,717452,700452,17000,99754,339400,0,0,0,800206,5047552,4040000,3737600,3608448,3608448,mosaic_delta,0.893180198019802,851669.1680000001,866632.268,891570.768,916509.268,1.4816645329116809,1.4560824084154687,1.415353716487035,1.3768415051095806,5.224954588287186,3.57495471904363,2.6949547887804,865370.38,1,True
pubmed_gcnii16,trained,6,6,1,64,16,window_cost_cluster,1233,44625,21548,12739,713505,696781,16724,97174,344768,0,0,0,793955,5047552,3996864,3706176,3577792,3577792,mosaic_delta,0.8951497974411939,845051.1680000001,859627.268,883920.768,908214.268,1.4932681567514263,1.4679478501605652,1.427603067699389,1.389416621673246,5.402578055858563,3.7087701755971585,2.805405972791076,858365.38,4,True
pubmed_gcnii16,trained,7,7,1,64,16,window_cost_cluster,1233,44868,21939,12105,717382,700800,16582,102279,351008,0,0,0,803079,5047552,3995648,3751296,3615616,3615616,mosaic_delta,0.9048885187083547,854739.6680000001,870081.518,895651.268,921221.018,1.476341917010455,1.4503100846235881,1.4089055027162647,1.3697994024708628,5.093099463232922,3.483833759065676,2.625558716843145,868819.63,1,True
pubmed_gcnii16,trained,8,8,1,64,16,window_cost_cluster,1233,45854,21696,11362,733169,716088,17081,100261,347128,0,0,0,816349,5047552,4039168,3807168,3672896,3672896,mosaic_delta,0.9093199391557866,868184.868,883224.018,908289.268,933354.518,1.4534784543146402,1.4287292626591592,1.3893018936341763,1.3519921698177284,5.039368448349807,3.397712301328316,2.5221623562501874,881962.13,1,True
pubmed_gcnii16,trained,9,9,1,64,16,window_cost_cluster,1233,47585,20954,10373,760843,742207,18636,97872,335240,0,0,0,840079,5047552,4156224,3907904,3776384,3776384,mosaic_delta,0.9086093531051261,892859.968,907540.768,932008.768,956476.768,1.4133100880607519,1.3904477291757322,1.3539443440085748,1.3193085731069214,4.883410168383194,3.2016821260777166,2.304760503514795,906278.88,5,True
pubmed_gcnii16,trained,10,10,1,64,16,window_cost_cluster,1233,48632,20456,9824,777573,759236,18337,97669,327280,0,0,0,856905,5047552,4212224,3978112,3842688,3842688,mosaic_delta,0.912270572505166,909117.6680000001,923768.018,948185.268,972602.518,1.388035943439612,1.366022611101048,1.330845397610628,1.2974344366235744,4.724816676734686,3.039593249070619,2.1408074209831165,922506.13,1,True
pubmed_gcnii16,trained,11,11,1,64,16,window_cost_cluster,1233,49436,19853,9623,790437,772284,18153,96191,317624,0,0,0,868475,5047552,4262464,4023232,3887872,3887872,mosaic_delta,0.9121184366601102,920054.868,934483.518,958531.268,982579.018,1.3715355941141545,1.350358755070092,1.3164807890231496,1.28426108932035,4.666809992618852,2.9556926640068015,2.0430967554137083,933221.63,1,True
pubmed_gcnii16,trained,12,12,1,64,16,window_cost_cluster,1233,50574,19326,9012,808623,789903,18720,96099,309200,0,0,0,886002,5047552,4345408,4097792,3961984,3961984,mosaic_delta,0.9117634063360679,937875.6680000001,952290.518,976315.268,1000340.018,1.3454747180838473,1.3251082271093242,1.292500528630471,1.2614590812061264,4.484782567976774,2.7720271079145284,1.8585575292146643,951028.63,1,True
pubmed_gcnii16,trained,13,13,1,64,16,window_cost_cluster,1233,51028,18833,9051,815887,797561,18326,95317,301296,0,0,0,892878,5047552,4357120,4123136,3987648,3987648,mosaic_delta,0.9152027027027027,944032.468,958330.018,982159.268,1005988.518,1.3366997881687264,1.3167572509452583,1.2848099499886814,1.254376145871677,4.447959125864221,2.7211518726300477,1.8001880042384886,957068.13,1,True
pubmed_gcnii16,trained,14,14,1,64,16,window_cost_cluster,1233,51696,18537,8679,826564,807869,18695,93918,296568,0,0,0,901787,5047552,4383616,4156864,4030592,4030592,mosaic_delta,0.9194673986042573,953023.5680000001,967111.268,990590.768,1014070.268,1.3240889757303462,1.3048012589178104,1.273874177676568,1.2443792504524942,4.40209672267297,2.64956699507526,1.7148844736898148,965849.38,1,True
pubmed_gcnii16,trained,15,15,1,64,16,window_cost_cluster,1233,51767,18426,8719,827689,809586,18103,93923,294776,0,0,0,903509,5047552,4383552,4161600,4033024,4033024,mosaic_delta,0.920035624078373,954098.0680000001,968186.518,991667.268,1015148.018,1.3225977940037081,1.3033521708262414,1.2724913292187032,1.2430581330258776,4.3904807129244166,2.638044281416461,1.7034115179455513,966924.63,1,True
pubmed_gcnii16,trained,16,16,1,64,16,window_cost_cluster,1233,52480,18058,8374,839075,821432,17643,92311,288880,0,0,0,913743,5047552,4413632,4200384,4070720,4070720,mosaic_delta,0.9223061641749923,963526.868,977373.518,1000451.268,1023529.018,1.309655228005536,1.2911010752390777,1.2613188071845194,1.232879554764123,4.345799742175905,2.562761025700927,1.6118070435809386,976111.63,1,True
pubmed_gcnii16,trained,4,4,1,128,16,window_cost_cluster,1233,45030,18830,15052,719974,708369,11605,74753,301264,0,0,0,783122,5047552,3968128,3599104,3508416,3508416,mosaic_delta,0.8841488984226316,825498.0680000001,836711.018,855399.268,870741.888,1.528638344432806,1.5081527228078164,1.4752035069546026,1.4492101705344855,6.95463887736947,4.752799660795931,3.578485411956711,835449.13,7,True
pubmed_gcnii16,trained,5,5,1,128,16,window_cost_cluster,1233,46066,17841,15005,736572,724614,11958,75592,285432,0,0,0,800206,5047552,4040000,3671232,3582528,3582528,mosaic_delta,0.8867643564356436,842524.968,853863.768,872761.768,889017.888,1.4977455243795221,1.4778563598684047,1.4458561846627542,1.4194180083809516,6.664410519631707,4.487009644452829,3.325729177690761,852601.88,7,True
pubmed_gcnii16,trained,6,6,1,128,16,window_cost_cluster,1233,45635,18704,14573,729665,718102,11563,75853,299264,0,0,0,793955,5047552,3996864,3644544,3553856,3553856,mosaic_delta,0.8891611023042065,836336.0680000001,847714.018,866677.268,882632.888,1.5088288647142263,1.488577483922178,1.4560068050613737,1.4296861324297265,6.7268548376465,4.5569461068577155,3.39966145043703,846452.13,7,True
pubmed_gcnii16,trained,7,7,1,128,16,window_cost_cluster,1233,45999,19306,13607,735478,723906,11572,79173,308880,0,0,0,803079,5047552,3995648,3688960,3592896,3592896,mosaic_delta,0.8992023321373654,846102.0680000001,857978.018,877771.268,895085.888,1.4914134449320362,1.4707696159180619,1.4376045856174002,1.409795436301192,6.367551059073169,4.288634168763067,3.179878493931012,856716.13,7,True
pubmed_gcnii16,trained,8,8,1,128,16,window_cost_cluster,1233,46801,19254,12857,748321,736057,12264,80292,308056,0,0,0,816349,5047552,4039168,3747776,3650752,3650752,mosaic_delta,0.9038376220053239,860149.968,872193.768,892266.768,910166.888,1.4670558006694014,1.4467977716621336,1.4142496899537111,1.386435846697161,6.119178996662183,4.0692352045468825,2.9759318487520554,870931.88,7,True
pubmed_gcnii16,trained,9,9,1,128,16,window_cost_cluster,1233,48300,19076,11536,772283,759505,12778,80574,305192,0,0,0,840079,5047552,4156224,3851200,3749760,3749760,mosaic_delta,0.9022035385965723,884333.1680000001,896419.268,916562.768,934692.888,1.426937319171093,1.4076984342554315,1.3767611385235756,1.3500562764525923,5.801475910343287,3.758706692524614,2.6692297763546557,895157.38,7,True
pubmed_gcnii16,trained,10,10,1,128,16,window_cost_cluster,1233,49373,18617,10922,789429,777108,12321,79797,297856,0,0,0,856905,5047552,4212224,3921024,3813504,3813504,mosaic_delta,0.9053421660386533,900395.468,912365.018,932314.268,950284.888,1.4014819541495072,1.3830955539770595,1.353500684599627,1.327904942964851,5.645965637805933,3.5833055508788334,2.4832201711843807,911103.13,7,True
pubmed_gcnii16,trained,11,11,1,128,16,window_cost_cluster,1233,50145,18223,10544,801781,788725,13056,79750,291544,0,0,0,868475,5047552,4262464,3972736,3863232,3863232,mosaic_delta,0.9063377426765364,912498.768,924461.268,944398.768,962542.888,1.382892825998862,1.3649982359239305,1.336181328012914,1.3109940509996267,5.496879247648903,3.433003549134524,2.3322698432601885,923199.38,7,True
pubmed_gcnii16,trained,12,12,1,128,16,window_cost_cluster,1233,51407,17283,10222,821951,808350,13601,77652,276512,0,0,0,886002,5047552,4345408,4042560,3936576,3936576,mosaic_delta,0.9059163144174264,929890.968,941538.768,960951.768,978516.888,1.357027913405865,1.3402400866408084,1.3131647622922111,1.289592459236125,5.391697831350126,3.2720603853536065,2.14158708082213,940276.88,7,True
pubmed_gcnii16,trained,13,13,1,128,16,window_cost_cluster,1233,51713,17484,9715,826847,813970,12877,78908,279712,0,0,0,892878,5047552,4357120,4070784,3965056,3965056,mosaic_delta,0.9100176263219741,936268.5680000001,948104.768,967831.768,985924.888,1.3477842182564863,1.3309583946739523,1.3038299028018678,1.2799027749059115,5.242562477822274,3.15666387493636,2.0441846200638722,946842.88,7,True
pubmed_gcnii16,trained,14,14,1,128,16,window_cost_cluster,1233,52444,16605,9863,838532,824733,13799,77054,265656,0,0,0,901787,5047552,4383616,4106624,4006144,4006144,mosaic_delta,0.9138902677606797,945475.1680000001,957033.268,976296.768,993901.888,1.3346601187520557,1.3185414156365565,1.292525020424937,1.2696303480610753,5.222754431956809,3.086666922463185,1.9474202507332523,955771.38,7,True
pubmed_gcnii16,trained,15,15,1,128,16,window_cost_cluster,1233,52620,16477,9815,841337,828274,13063,75235,263592,0,0,0,903509,5047552,4383552,4107072,4010432,4010432,mosaic_delta,0.914881812739988,946214.268,957499.518,976308.268,993068.888,1.3336175987572405,1.3178993579399378,1.2925097956867861,1.2706953316616239,5.312608759221107,3.124875829646817,1.9580849338738622,956237.63,7,True
pubmed_gcnii16,trained,16,16,1,128,16,window_cost_cluster,1233,53200,16413,9299,850595,838027,12568,75716,262560,0,0,0,913743,5047552,4413632,4148096,4046912,4046912,mosaic_delta,0.916911967286806,955969.368,967326.768,986255.768,1003288.888,1.3200088227094742,1.3045105767196137,1.2794733789582258,1.2577513965249858,5.157009350731681,2.9831744022858877,1.8237957631147976,966064.88,7,True
pubmed_gcnii16,trained,4,4,1,256,16,window_cost_cluster,1233,45702,15541,17669,730726,723409,7317,59713,248640,0,0,0,783122,5047552,3968128,3550976,3485376,3485376,mosaic_delta,0.8783426341085772,818062.0680000001,827019.018,841947.268,851413.888,1.54253332278939,1.525827063870495,1.4987731987034607,1.4821087813874136,8.553784268082326,5.797364611449404,4.327274127911846,825757.13,7,True
pubmed_gcnii16,trained,5,5,1,256,16,window_cost_cluster,1233,46856,14991,17065,749212,741550,7662,58656,239832,0,0,0,800206,5047552,4040000,3620736,3562496,3562496,mosaic_delta,0.8818059405940594,835110.368,843908.768,858572.768,867785.888,1.5110433882195557,1.4952895950951892,1.4697507852939495,1.4541467168915287,8.397454991816694,5.591363765743969,4.094781778505183,842646.88,7,True
pubmed_gcnii16,trained,6,6,1,256,16,window_cost_cluster,1233,46414,15794,16704,742129,733806,8323,60149,252704,0,0,0,793955,5047552,3996864,3603392,3537088,3537088,mosaic_delta,0.8849658131975469,830070.6680000001,839093.018,854130.268,863688.888,1.5202175533324591,1.5038714098798518,1.477395249034776,1.4610446163341169,8.300106734941561,5.563667443240591,4.104233154333405,837831.13,6,True
pubmed_gcnii16,trained,7,7,1,256,16,window_cost_cluster,1233,46811,16217,15884,748470,740557,7913,62522,259456,0,0,0,803079,5047552,3995648,3642688,3572032,3572032,mosaic_delta,0.8939806509482316,839233.968,848612.268,864242.768,874775.888,1.5036188335026974,1.4870018353305257,1.4601082551378666,1.4425271858887816,7.8802680656408945,5.247689342047251,3.843647356130642,847350.38,7,True
pubmed_gcnii16,trained,8,8,1,256,16,window_cost_cluster,1233,47557,16312,15043,760417,752615,7802,63734,260984,0,0,0,816349,5047552,4039168,3699008,3629056,3629056,mosaic_delta,0.8984662187856509,852561.1680000001,862121.268,878054.768,889146.888,1.4801143277029947,1.4637012759555306,1.437140422202001,1.4192120751144102,7.54222424451627,4.95970805289921,3.5823660840367784,860859.38,7,True
pubmed_gcnii16,trained,9,9,1,256,16,window_cost_cluster,1233,49114,16161,13637,785307,776162,9145,63917,258552,0,0,0,840079,5047552,4156224,3806784,3728512,3728512,mosaic_delta,0.8970912058637841,877577.468,887165.018,903144.268,914402.888,1.4379220593206936,1.422382504265965,1.3972164190273086,1.3800131392410913,7.132392321291675,4.557270100966539,3.1838715834598,885903.13,7,True
pubmed_gcnii16,trained,10,10,1,256,16,window_cost_cluster,1233,50226,16076,12610,803077,793946,9131,62959,257200,0,0,0,856905,5047552,4212224,3876672,3798144,3798144,mosaic_delta,0.9016956363194361,894250.6680000001,903694.518,919434.268,930256.888,1.4111121692782453,1.396365668780122,1.3724613535940124,1.3564941214388513,6.959356406550294,4.345050477985328,2.9507539827506792,902432.63,7,True
pubmed_gcnii16,trained,11,11,1,256,16,window_cost_cluster,1233,50915,15778,12219,814101,804986,9115,63489,252424,0,0,0,868475,5047552,4262464,3925312,3845120,3845120,mosaic_delta,0.9020885572288705,905708.6680000001,915232.018,931104.268,942340.888,1.393260376746223,1.3787629531990433,1.3552596023542232,1.3390992750810151,6.729970861094047,4.137488904274414,2.754831860637276,913970.13,6,True
pubmed_gcnii16,trained,12,12,1,256,16,window_cost_cluster,1233,52163,14965,11784,834047,824800,9247,61202,239424,0,0,0,886002,5047552,4345408,3993856,3915392,3915392,mosaic_delta,0.9010412831200201,922732.968,931913.268,947213.768,957712.888,1.367554908908381,1.3540830926338951,1.3322103654219688,1.3176057415654199,6.662186203065259,3.9728282252782305,2.538503970458482,930651.38,7,True
pubmed_gcnii16,trained,13,13,1,256,16,window_cost_cluster,1233,52522,14987,11403,839791,830736,9055,62142,239760,0,0,0,892878,5047552,4357120,4021824,3943808,3943808,mosaic_delta,0.9051410105757932,929520.968,938842.268,954377.768,965336.888,1.3575680844673532,1.3440894631727425,1.3222101795648702,1.3071996063616704,6.468815294004055,3.8201382807678907,2.4075105403752697,937580.38,7,True
pubmed_gcnii16,trained,14,14,1,256,16,window_cost_cluster,1233,53006,14929,10977,847524,837946,9578,63841,238840,0,0,0,901787,5047552,4383616,4063360,3988224,3988224,mosaic_delta,0.9098023184512513,939094.868,948671.018,964631.268,976467.888,1.3437279267508466,1.3301639620659307,1.3081558123409285,1.292298513353672,6.175970301217086,3.5977825072207246,2.2227490170893316,947409.13,7,True
pubmed_gcnii16,trained,15,15,1,256,16,window_cost_cluster,1233,53242,14243,11427,851289,841899,9390,61610,227848,0,0,0,903509,5047552,4383552,4066496,3991552,3991552,mosaic_delta,0.9105748032645672,940061.768,949303.268,964705.768,975770.888,1.3423458361514815,1.3292780532174466,1.3080547891986896,1.2932216112600399,6.3440857003733155,3.6725374621567646,2.2477117351079374,948041.38,6,True
pubmed_gcnii16,trained,16,16,1,256,16,window_cost_cluster,1233,53983,14064,10865,863123,854308,8815,59435,224976,0,0,0,913743,5047552,4413632,4104256,4029568,4029568,mosaic_delta,0.9129823238548207,949414.268,958329.518,973188.268,983254.888,1.3291226417507347,1.3167579379517766,1.2966535268589983,1.2833783135995964,6.378634138134096,3.609321663051708,2.1323550096744346,957067.63,7,True
pubmed_gcnii16,trained,4,4,1,64,32,window_cost_cluster,617,19849,15938,3701,633926,613034,20892,170088,509968,0,0,0,783122,5047552,3968128,3724032,3423232,3423232,mosaic_delta,0.8626818489726138,846856.5680000001,872369.768,914891.768,952983.888,1.490084682203232,1.4465058812079328,1.3792757177808599,1.3241441076703702,3.5475172851700294,2.579817700504905,2.0637112553501717,871107.88,5,True
pubmed_gcnii16,trained,5,5,1,64,32,window_cost_cluster,617,20473,15620,3395,653948,632380,21568,167826,499768,0,0,0,800206,5047552,4040000,3791552,3495552,3495552,mosaic_delta,0.8652356435643564,864151.368,889325.268,931281.768,969191.888,1.4602626886080448,1.4189274109323968,1.3550012932283668,1.3020001669679677,3.4774535530847426,2.4967110760161018,1.9736484215794932,888063.38,7,True
pubmed_gcnii16,trained,6,6,1,64,32,window_cost_cluster,617,20391,15412,3685,651297,630081,21216,163874,493184,0,0,0,793955,5047552,3996864,3756416,3466496,3466496,mosaic_delta,0.8673039663095867,856998.1680000001,881579.268,922547.768,959340.888,1.4724512223227995,1.4313948226831485,1.3678294433855267,1.3153697666642141,3.5784390446318515,2.574044894513335,2.0383680144501266,880317.38,5,True
pubmed_gcnii16,trained,7,7,1,64,32,window_cost_cluster,617,20711,15202,3575,661510,640036,21474,163043,486416,0,0,0,803079,5047552,3995648,3794496,3504000,3504000,mosaic_delta,0.876954126089185,866139.0680000001,890595.518,931356.268,969011.888,1.456911536058318,1.4169036049426873,1.3548929054933896,1.3022420216169732,3.535006838686727,2.525493477447534,1.9870863514532977,889333.63,5,True
pubmed_gcnii16,trained,8,8,1,64,32,window_cost_cluster,617,21130,14925,3433,674945,653540,21405,162809,477576,0,0,0,816349,5047552,4039168,3846848,3557376,3557376,mosaic_delta,0.8807199898592978,879109.6680000001,903531.018,944233.268,981028.888,1.4354159053566453,1.3966183505168828,1.3364155265073756,1.2862903584547654,3.458839007671566,2.4478747062108255,1.9086937454317636,902269.13,5,True
pubmed_gcnii16,trained,9,9,1,64,32,window_cost_cluster,617,21814,14987,2687,696779,675415,21364,164664,479512,0,0,0,840079,5047552,4156224,3945600,3654720,3654720,mosaic_delta,0.879336628632143,903030.1680000001,927729.768,968895.768,1006136.888,1.397392960630303,1.3601891881947243,1.3023980924230851,1.25419116926364,3.2869972793081668,2.2874218593224884,1.7543149686634603,926467.88,6,True
pubmed_gcnii16,trained,10,10,1,64,32,window_cost_cluster,617,22480,14248,2760,718037,696226,21811,160679,455888,0,0,0,856905,5047552,4212224,4008000,3719872,3719872,mosaic_delta,0.8831135286252583,919350.6680000001,943452.518,983622.268,1018962.888,1.3725861566459425,1.3375214713243258,1.282898975605542,1.2384042783705387,3.239664921987316,2.215299031257839,1.6689705562021173,942190.63,6,True
pubmed_gcnii16,trained,11,11,1,64,32,window_cost_cluster,617,22949,13751,2788,733045,710760,22285,157715,439960,0,0,0,868475,5047552,4262464,4052352,3766976,3766976,mosaic_delta,0.8837554991666792,930725.268,954382.518,993811.268,1028136.888,1.3558114766902407,1.3222035988718728,1.2697461184350347,1.2273540758319723,3.2077552547316364,2.164138053092466,1.607542212218242,953120.63,5,True
pubmed_gcnii16,trained,12,12,1,64,32,window_cost_cluster,617,23581,13236,2671,753215,730471,22744,155531,423504,0,0,0,886002,5047552,4345408,4120896,3836672,3836672,mosaic_delta,0.8829256079060931,948106.868,971436.518,1010319.268,1043872.888,1.3309554466807216,1.2989917268067948,1.2489992420890859,1.2088521643834473,3.12559631198925,2.067324411490174,1.5029127312240005,970174.63,5,True
pubmed_gcnii16,trained,13,13,1,64,32,window_cost_cluster,617,23768,13009,2711,759199,736896,22303,155982,416192,0,0,0,892878,5047552,4357120,4145984,3862464,3862464,mosaic_delta,0.8864717978848413,954415.968,977813.268,1016808.768,1050030.888,1.322157258793893,1.2905204309418308,1.2410278507747878,1.2017627428118096,3.0792919695862344,2.0240799133456315,1.4613001500173097,976551.38,6,True
pubmed_gcnii16,trained,14,14,1,64,32,window_cost_cluster,617,24090,12893,2505,769476,747061,22415,154726,412504,0,0,0,901787,5047552,4383616,4181056,3898944,3898944,mosaic_delta,0.8894355709989196,963224.368,986433.268,1025114.768,1057873.888,1.3100665243967333,1.2792431489648421,1.230972413422494,1.1928529613163115,3.038429998836653,1.9746521789710731,1.4073040083760973,985171.38,4,True
pubmed_gcnii16,trained,15,15,1,64,32,window_cost_cluster,617,24287,12556,2645,775753,753072,22681,150437,401672,0,0,0,903509,5047552,4383552,4181504,3905472,3905472,mosaic_delta,0.8909377600630721,964530.468,987096.018,1024705.268,1056594.888,1.3082925235286607,1.278384247316455,1.2314643433647303,1.1942969006679502,3.0850131284192055,1.990906712068695,1.4073832900150895,985834.13,6,True
pubmed_gcnii16,trained,16,16,1,64,32,window_cost_cluster,617,24694,12249,2545,788723,766200,22523,147543,391824,0,0,0,913743,5047552,4413632,4217536,3945984,3945984,mosaic_delta,0.894044632629091,974086.0680000001,996217.518,1033103.268,1064100.888,1.2954584214420772,1.2666791912406423,1.2214538847049703,1.1858725185087902,3.0591835600469017,1.9436166612003163,1.3486476484821375,994955.63,6,True
pubmed_gcnii16,trained,4,4,1,128,32,window_cost_cluster,617,21299,13324,4865,680326,664855,15471,118267,426320,0,0,0,783122,5047552,3968128,3609024,3389632,3389632,mosaic_delta,0.8542143801812845,834293.468,852033.518,881600.268,905397.888,1.5125229291619002,1.4810309375645947,1.431360726401231,1.393738616717427,4.7261714594941955,3.3344553683062754,2.5922067863393847,850771.63,3,True
pubmed_gcnii16,trained,5,5,1,128,32,window_cost_cluster,617,21907,12381,5200,699836,682618,17218,117588,396120,0,0,0,800206,5047552,4040000,3680704,3461824,3461824,mosaic_delta,0.8568871287128713,852348.5680000001,869986.768,899383.768,920897.888,1.4804835103565281,1.4504680374633008,1.4030584550198375,1.3702800456417161,4.593564989624792,3.193812574782106,2.4472779535326734,868724.88,1,True
pubmed_gcnii16,trained,6,6,1,128,32,window_cost_cluster,617,21759,12666,5063,695073,678212,16861,115743,405312,0,0,0,793955,5047552,3996864,3649792,3437120,3437120,mosaic_delta,0.8599542040960113,845771.0680000001,863132.518,892068.268,913742.888,1.4919971227958815,1.4619863968559228,1.4145643839894997,1.381009928035686,4.706082614067373,3.284017461474804,2.5255827134254343,861870.63,1,True
pubmed_gcnii16,trained,7,7,1,128,32,window_cost_cluster,617,21948,13153,4387,701094,684955,16139,118124,420848,0,0,0,803079,5047552,3995648,3689920,3474368,3474368,mosaic_delta,0.8695380574064582,854775.1680000001,872493.768,902024.768,926335.888,1.4762806024800195,1.4463003018263392,1.3989504997716427,1.3622358977416622,4.557169753818021,3.163768861903409,2.4206217195489486,871231.88,5,True
pubmed_gcnii16,trained,8,8,1,128,32,window_cost_cluster,617,22379,12948,4161,714913,698742,16171,117607,414312,0,0,0,816349,5047552,4039168,3742464,3528064,3528064,mosaic_delta,0.8734630498161998,867872.468,885513.518,914915.268,938840.888,1.4540016494681567,1.4250352754072806,1.3792402904790086,1.3440914388466643,4.461002491348304,3.061476213520269,2.31506219867865,884251.63,3,True
pubmed_gcnii16,trained,9,9,1,128,32,window_cost_cluster,617,23182,12650,3656,740555,722538,18017,117541,404728,0,0,0,840079,5047552,4156224,3845376,3630592,3630592,mosaic_delta,0.873531359233766,893217.868,910849.018,940234.268,963316.888,1.412743794328127,1.3853975522428459,1.342099562786835,1.3099407014652067,4.24725942437107,2.8469473038639985,2.1001141729268937,909587.13,1,True
pubmed_gcnii16,trained,10,10,1,128,32,window_cost_cluster,617,23658,12465,3365,755733,739053,16680,117852,398832,0,0,0,856905,5047552,4212224,3909696,3691648,3691648,mosaic_delta,0.8764130302661967,908598.968,926276.768,955739.768,980690.888,1.388828343903644,1.362322843014454,1.3203259320689897,1.286733684834645,4.108442113837695,2.7118252812296633,1.9669629705053797,925014.88,7,True
pubmed_gcnii16,trained,11,11,1,128,32,window_cost_cluster,617,24123,11575,3790,770613,752616,17997,115859,370328,0,0,0,868475,5047552,4262464,3955456,3740800,3740800,mosaic_delta,0.87761445023348,920619.6680000001,937998.518,966963.268,987492.888,1.3706941572749454,1.345298500780787,1.3050009672135756,1.2778704690782543,4.056440328330125,2.635798971538493,1.8781235812496226,936736.63,1,True
pubmed_gcnii16,trained,12,12,1,128,32,window_cost_cluster,617,24701,11159,3628,789055,770793,18262,115209,357040,0,0,0,886002,5047552,4345408,4028096,3810176,3810176,mosaic_delta,0.8768281367365274,938034.6680000001,955316.018,984118.268,1004792.888,1.3452466556385312,1.3209115896976407,1.2822523887952053,1.2558687616825568,3.921960263521079,2.493303761368281,1.7313536268867886,954054.13,1,True
pubmed_gcnii16,trained,13,13,1,128,32,window_cost_cluster,617,24944,10746,3798,796831,778074,18757,114804,343776,0,0,0,892878,5047552,4357120,4056064,3839616,3839616,mosaic_delta,0.8812279670975323,945054.1680000001,962274.768,990975.768,1012040.888,1.3352546792852196,1.3113593351540522,1.2733792699560742,1.2468745235123346,3.870772098533152,2.43707565105291,1.6724375457301142,961012.88,1,True
pubmed_gcnii16,trained,14,14,1,128,32,window_cost_cluster,617,25146,11162,3180,803268,786015,17253,115772,357112,0,0,0,901787,5047552,4383616,4089728,3873920,3873920,mosaic_delta,0.8837270417846819,952868.968,970234.768,999177.768,1021903.888,1.3243038050117295,1.300600681009609,1.2629264185149482,1.23484019859214,3.780103306498981,2.3583943703441097,1.600149604394845,968972.88,4,True
pubmed_gcnii16,trained,15,15,1,128,32,window_cost_cluster,617,25357,10568,3563,809993,791735,18258,111774,338056,0,0,0,903509,5047552,4383552,4092928,3882880,3882880,mosaic_delta,0.8857839487246872,954750.1680000001,971516.268,999459.768,1020488.888,1.3216944519039875,1.2988850949431554,1.262570080759869,1.2365524160415944,3.8591364718091863,2.3865749909950282,1.6012088678941436,970254.38,1,True
pubmed_gcnii16,trained,16,16,1,128,32,window_cost_cluster,617,25568,11102,2818,816691,800219,16472,113524,355120,0,0,0,913743,5047552,4413632,4131904,3917760,3917760,mosaic_delta,0.8876498992213215,963773.1680000001,980801.768,1009182.768,1032276.888,1.3093205350576849,1.2865882191191156,1.2504058135086984,1.2224317086521848,3.7371227229484516,2.2872611345924936,1.5140016208026499,979539.88,6,True
pubmed_gcnii16,trained,4,4,1,256,32,window_cost_cluster,617,21708,12179,5601,693414,684143,9271,98979,389680,0,0,0,783122,5047552,3968128,3547904,3359488,3359488,mosaic_delta,0.8466178510370633,825305.6680000001,840152.518,864897.268,884125.888,1.5289947093880856,1.5019749068942265,1.459003336798608,1.427271859276221,5.523607229816426,3.8606879544497144,2.973797674254135,838890.63,7,True
pubmed_gcnii16,trained,5,5,1,256,32,window_cost_cluster,617,22285,12059,5144,711932,702693,9239,97513,385816,0,0,0,800206,5047552,4040000,3615040,3430080,3430080,mosaic_delta,0.849029702970297,842121.0680000001,856748.018,881126.268,900429.888,1.4984638764553506,1.4728811429826967,1.4321307238567083,1.4014283808402415,5.417668618543169,3.7297491928612416,2.8295254991642143,855486.13,7,True
pubmed_gcnii16,trained,6,6,1,256,32,window_cost_cluster,617,21840,12615,5033,697665,688178,9487,105777,403680,0,0,0,793955,5047552,3996864,3603840,3407552,3407552,mosaic_delta,0.8525564042209092,837362.468,853229.018,879673.268,901402.888,1.506979412409012,1.4789557942578084,1.4344962452581882,1.399915639054398,5.125330837516662,3.5692828596337414,2.7393906047628502,851967.13,6,True
pubmed_gcnii16,trained,7,7,1,256,32,window_cost_cluster,617,22244,12344,4900,710566,700642,9924,102437,394960,0,0,0,803079,5047552,3995648,3636352,3446976,3446976,mosaic_delta,0.8626825986673501,846385.468,861751.018,887360.268,907253.888,1.490914066591701,1.4643301529584034,1.4220695308390796,1.3908873984346044,5.168494977400744,3.561711423054934,2.704760194070502,860489.13,7,True
pubmed_gcnii16,trained,8,8,1,256,32,window_cost_cluster,617,22670,12185,4633,724225,714338,9887,102011,389896,0,0,0,816349,5047552,4039168,3689024,3498304,3498304,mosaic_delta,0.8660951958423121,859456.868,874758.518,900261.268,920256.888,1.4682388924722631,1.4425558300193653,1.4016908700330757,1.371234506858698,5.057347933066042,3.443854418087052,2.583324543431591,873496.63,6,True
pubmed_gcnii16,trained,9,9,1,256,32,window_cost_cluster,617,23401,12136,3951,747563,736520,11043,103559,388280,0,0,0,840079,5047552,4156224,3793280,3599744,3599744,mosaic_delta,0.8661092376156819,884459.6680000001,899993.518,925883.268,945648.888,1.4267332312093624,1.4021078760702808,1.3629018296505169,1.3344149356203758,4.756758176498421,3.1673831636408063,2.319716490116745,898731.63,6,True
pubmed_gcnii16,trained,10,10,1,256,32,window_cost_cluster,617,24052,11599,3837,768341,757327,11014,99578,371120,0,0,0,856905,5047552,4212224,3853440,3664128,3664128,mosaic_delta,0.8698796645192658,900456.5680000001,915393.268,940287.768,958948.888,1.4013868573392425,1.3785200788695333,1.3420232007101893,1.3159074647156794,4.742303721705597,3.0893875458783895,2.2078322521038785,914131.38,7,True
pubmed_gcnii16,trained,11,11,1,256,32,window_cost_cluster,617,24361,11396,3731,778229,767617,10612,100858,364600,0,0,0,868475,5047552,4262464,3901696,3707328,3707328,mosaic_delta,0.8697617152895603,911599.5680000001,926728.268,951942.768,971432.888,1.3842569087307859,1.361659122283297,1.3255922965318436,1.298996580811664,4.585596779630768,2.953657945264414,2.083290566935692,925466.38,4,True
pubmed_gcnii16,trained,12,12,1,256,32,window_cost_cluster,617,24888,11204,3396,795039,784469,10570,101533,358480,0,0,0,886002,5047552,4345408,3973824,3779968,3779968,mosaic_delta,0.8698764304755733,929009.0680000001,944239.018,969622.268,989576.888,1.358316127867979,1.3364073883250607,1.3014222565276317,1.2751793370501596,4.390957816670442,2.7698682501598326,1.9052871480208406,942977.13,7,True
pubmed_gcnii16,trained,13,13,1,256,32,window_cost_cluster,617,25210,10807,3471,805343,794529,10814,98349,345728,0,0,0,892878,5047552,4357120,3995968,3809088,3809088,mosaic_delta,0.8742215041128084,935511.6680000001,950264.018,974851.268,994008.888,1.3488746780654797,1.3279341068347175,1.2944415639822504,1.269493678813061,4.431383338925663,2.7578118033073875,1.8652403176443078,949002.13,7,True
pubmed_gcnii16,trained,14,14,1,256,32,window_cost_cluster,617,25527,10482,3479,815460,804404,11056,97383,335352,0,0,0,901787,5047552,4383616,4030784,3845248,3845248,mosaic_delta,0.8771863228895962,944323.0680000001,958930.518,983276.268,1002069.888,1.3362884406420112,1.3159326732367067,1.2833504082903382,1.259281428482561,4.373947403550928,2.6837747147189783,1.782349280675272,957668.63,7,True
pubmed_gcnii16,trained,15,15,1,256,32,window_cost_cluster,617,25611,10448,3429,818121,807029,11092,96480,334216,0,0,0,903509,5047552,4383552,4037184,3851264,3851264,mosaic_delta,0.8785715328573723,945964.768,960436.768,984556.768,1002734.888,1.3339693429258879,1.3138689001127453,1.281681301692093,1.2584462903418994,4.387573797678275,2.681582017448987,1.7717197346600333,959174.88,4,True
pubmed_gcnii16,trained,16,16,1,256,32,window_cost_cluster,617,25992,10228,3268,830259,819315,10944,94428,327152,0,0,0,913743,5047552,4413632,4075136,3893248,3893248,mosaic_delta,0.8820961965111727,955679.5680000001,969843.768,993450.768,1011062.888,1.3204091018089024,1.3011250282117603,1.2702068795421173,1.2480806238434496,4.356135044690134,2.613070625698715,1.6834362689032916,968581.88,7,True
pubmed_gcnii16,trained,4,4,1,64,64,window_cost_cluster,309,8235,11325,216,524326,491035,33291,292087,724688,0,0,0,783122,5047552,3968128,3946880,3433408,3433408,mosaic_delta,0.8652462823779878,873657.468,917470.518,990492.268,1062511.888,1.4443738492715545,1.3753989640460578,1.2740008587325993,1.1876460058957947,2.43348084646013,1.8699703617192078,1.5694314365240494,916208.63,1,True
pubmed_gcnii16,trained,5,5,1,64,64,window_cost_cluster,309,8529,11081,166,543260,509432,33828,290774,709016,0,0,0,800206,5047552,4040000,4015616,3500416,3500416,mosaic_delta,0.866439603960396,890841.1680000001,934457.268,1007150.768,1077975.888,1.4165128929021384,1.3503966882303706,1.2529285982731833,1.170608743708746,2.3804058134496207,1.8143507777293646,1.5124547586785615,933195.38,1,True
pubmed_gcnii16,trained,6,6,1,64,64,window_cost_cluster,309,8507,10864,405,541793,509255,32538,284700,695296,0,0,0,793955,5047552,3996864,3975872,3468416,3468416,mosaic_delta,0.8677843429248531,882423.768,925128.768,996303.768,1067180.888,1.4300249446590154,1.3640133607865494,1.2665695348449189,1.182449961566403,2.4372887952230418,1.8591571234403874,1.5508202318229716,923866.88,1,True
pubmed_gcnii16,trained,7,7,1,64,64,window_cost_cluster,309,8676,10663,437,552550,520202,32348,282877,682320,0,0,0,803079,5047552,3995648,4010496,3502720,3502720,mosaic_delta,0.8766337775499744,890922.468,933354.018,1004073.268,1074792.518,1.416383630814438,1.3519928940831967,1.2567688436856184,1.1740759066207047,2.415863149001156,1.8340057093488629,1.5236817415343065,932092.13,1,True
pubmed_gcnii16,trained,8,8,1,64,64,window_cost_cluster,309,8927,10435,414,568673,536211,32462,280138,667784,0,0,0,816349,5047552,4039168,4058944,3556160,3556160,mosaic_delta,0.88041893776144,903748.5680000001,945769.268,1015803.768,1085838.268,1.3962821570965962,1.3342450877775824,1.242255679445363,1.162132554348324,2.3829438348242653,1.7953973864433896,1.482039280640256,944507.38,1,True
pubmed_gcnii16,trained,9,9,1,64,64,window_cost_cluster,309,9278,10402,96,591019,558126,32893,281953,665560,0,0,0,840079,5047552,4156224,4160448,3652096,3652096,mosaic_delta,0.8787052863368288,928048.0680000001,970341.018,1040829.268,1109864.888,1.3597226733303214,1.300458268373439,1.2123871213045097,1.1369744314318735,2.2885024099761306,1.7047381409081594,1.3933971974052413,969079.13,1,True
pubmed_gcnii16,trained,10,10,1,64,64,window_cost_cluster,309,9648,10041,87,614581,581339,33242,275566,642512,0,0,0,856905,5047552,4212224,4217280,3718592,3718592,mosaic_delta,0.8828096511486568,944134.3680000001,985469.268,1054360.768,1120466.888,1.3365555187585332,1.2804945227373645,1.1968275359805498,1.126216234959368,2.257673733334301,1.6603791216749464,1.341821995456624,984207.38,1,True
pubmed_gcnii16,trained,11,11,1,64,64,window_cost_cluster,309,9893,9796,87,630261,596627,33634,271848,626776,0,0,0,868475,5047552,4262464,4257600,3763584,3763584,mosaic_delta,0.8829597153195898,955417.5680000001,996194.768,1064156.768,1128754.888,1.320771191848128,1.2667081182662867,1.1858102470857002,1.1179468752829889,2.2320014125540744,1.6265377455176357,1.3036237897648686,994932.88,1,True
pubmed_gcnii16,trained,12,12,1,64,64,window_cost_cluster,309,10224,9483,69,651327,617119,34208,268883,606800,0,0,0,886002,5047552,4345408,4324736,3832064,3832064,mosaic_delta,0.8818651781374729,972831.0680000001,1013163.518,1080384.268,1143252.888,1.297129626620847,1.2454929313789207,1.1679992363605947,1.1037697899084598,2.179721737707479,1.5675815616587077,1.2411068010993629,1011901.63,1,True
pubmed_gcnii16,trained,13,13,1,64,64,window_cost_cluster,309,10386,9306,84,661695,627473,34222,265405,595360,0,0,0,892878,5047552,4357120,4347328,3859072,3859072,mosaic_delta,0.8856933019976498,979150.268,1018961.018,1085312.268,1147074.888,1.2887582644260687,1.2384065510934001,1.16269578554142,1.1000920804745227,2.170061302537631,1.5498993351424362,1.2191462858649988,1017699.13,1,True
pubmed_gcnii16,trained,14,14,1,64,64,window_cost_cluster,309,10601,9084,91,675396,640454,34942,261333,581208,0,0,0,901787,5047552,4383616,4378752,3895488,3895488,mosaic_delta,0.8886471807749584,988096.0680000001,1027296.018,1092629.268,1153339.888,1.2770903972466774,1.228358698845847,1.1549095717615356,1.0941163252302255,2.1525032047234753,1.5226780890414844,1.1867713606777561,1026034.13,1,True
pubmed_gcnii16,trained,15,15,1,64,64,window_cost_cluster,309,10713,8972,91,682505,648245,34260,255264,573928,0,0,0,903509,5047552,4383552,4371072,3898688,3898688,mosaic_delta,0.8893901566583446,988387.1680000001,1026676.768,1090492.768,1148654.888,1.2767142683098855,1.2290995952486576,1.1571722775515005,1.0985788796817446,2.1763864861476745,1.5315870355533028,1.1876939952363044,1025414.88,1,True
pubmed_gcnii16,trained,16,16,1,64,64,window_cost_cluster,309,11034,8671,71,702931,667783,35148,245960,554608,0,0,0,913743,5047552,4413632,4397632,3941888,3941888,mosaic_delta,0.8931165987558546,998201.768,1035095.768,1096585.768,1152058.888,1.264161255222301,1.2191026560162692,1.1507426384910004,1.0953328976009775,2.177200032525614,1.5080095667729643,1.1511079850382178,1033833.88,1,True
pubmed_gcnii16,trained,4,4,1,128,64,window_cost_cluster,309,9636,8841,1299,613990,591628,22362,191494,565712,0,0,0,783122,5047552,3968128,3721024,3366208,3366208,mosaic_delta,0.8483113447953292,849564.1680000001,878288.268,926161.768,971479.888,1.4853357139233772,1.436758346862035,1.3624920004255672,1.2989337356204742,3.259784223004376,2.400258144085341,1.9418442353285221,877026.38,5,True
pubmed_gcnii16,trained,5,5,1,128,64,window_cost_cluster,309,9924,8614,1238,632540,609080,23460,191126,551128,0,0,0,800206,5047552,4040000,3794048,3436480,3436480,mosaic_delta,0.8506138613861386,867424.368,896093.268,943874.768,987781.888,1.454752767563477,1.4082105569394814,1.336923120292585,1.277496596495602,3.1704954846541025,2.3093144472414964,1.8500178939547733,894831.38,6,True
pubmed_gcnii16,trained,6,6,1,128,64,window_cost_cluster,309,9896,8492,1388,630689,606962,23727,186993,543488,0,0,0,793955,5047552,3996864,3764544,3412160,3412160,mosaic_delta,0.8537093080975485,860877.0680000001,888926.018,935674.268,980664.888,1.4658167198385634,1.419564704427405,1.3486402727492768,1.2867677995217464,3.251272079703518,2.371056847280263,1.901608723321194,887664.13,5,True
pubmed_gcnii16,trained,7,7,1,128,64,window_cost_cluster,309,10016,8443,1317,638310,614973,23337,188106,540240,0,0,0,803079,5047552,3995648,3803584,3448064,3448064,mosaic_delta,0.8629548949256791,869659.368,897875.268,944901.768,991449.888,1.451014094060791,1.4054157019057127,1.3354700379817683,1.2727703288620473,3.191855230561492,2.316848123098031,1.8501776657841855,896613.38,7,True
pubmed_gcnii16,trained,8,8,1,128,64,window_cost_cluster,309,10226,8204,1346,651809,627986,23823,188363,525000,0,0,0,816349,5047552,4039168,3858560,3500544,3500544,mosaic_delta,0.8666497654962606,883144.0680000001,911398.518,958489.268,1003866.888,1.4288586038489928,1.384562268950277,1.3165384758382084,1.2570272165406853,3.117412230639775,2.243598971366342,1.7775652330871776,910136.63,6,True
pubmed_gcnii16,trained,9,9,1,128,64,window_cost_cluster,309,10644,8091,1041,678443,653556,24887,186523,517656,0,0,0,840079,5047552,4156224,3955200,3599808,3599808,mosaic_delta,0.8661246362082505,907611.0680000001,935589.518,982220.268,1026896.888,1.390340030538279,1.3487624387856811,1.2847301578997756,1.2288361321823384,3.006139296494266,2.12370610082123,1.653075063128944,934327.63,7,True
pubmed_gcnii16,trained,10,10,1,128,64,window_cost_cluster,309,10989,7762,1025,700405,675124,25281,181781,496656,0,0,0,856905,5047552,4212224,4014528,3666624,3666624,mosaic_delta,0.8704722255986387,923945.868,951213.018,996658.268,1038902.888,1.3657596659115099,1.3266092621957786,1.2661190304799639,1.2146351834956108,2.9660037077582366,2.060551064431807,1.5776429879910443,949951.13,5,True
pubmed_gcnii16,trained,11,11,1,128,64,window_cost_cluster,309,11230,7501,1045,715829,689981,25848,178494,479896,0,0,0,868475,5047552,4262464,4057920,3713280,3713280,mosaic_delta,0.8711580907193586,935427.1680000001,962201.268,1006824.768,1048382.888,1.3489965260448795,1.3114595064117085,1.2533342842833202,1.2036518474727336,2.936043340392394,2.0139166192896023,1.5221157013681132,960939.38,5,True
pubmed_gcnii16,trained,12,12,1,128,64,window_cost_cluster,309,11524,7248,1004,734527,708813,25714,177189,463760,0,0,0,886002,5047552,4345408,4125056,3780800,3780800,mosaic_delta,0.8700678969615742,952374.6680000001,978953.018,1023250.268,1063906.888,1.3249911430865566,1.2890179373245467,1.2332154111881455,1.186088758549329,2.85391937422752,1.9250011741331474,1.4295781340828155,977691.13,7,True
pubmed_gcnii16,trained,13,13,1,128,64,window_cost_cluster,309,11591,7236,949,738815,714155,24660,178723,462880,0,0,0,892878,5047552,4357120,4150528,3803200,3803200,mosaic_delta,0.8728701527614571,958333.0680000001,985141.518,1029822.268,1070610.888,1.3167530602210211,1.280920534708395,1.2253454204779344,1.1786616539621817,2.8055265410719383,1.8845813523915684,1.393410585095371,983879.63,6,True
pubmed_gcnii16,trained,14,14,1,128,64,window_cost_cluster,309,11832,7013,931,754180,728006,26174,173781,448664,0,0,0,901787,5047552,4383616,4184960,3844160,3844160,mosaic_delta,0.876938125967238,967983.868,994051.018,1037496.268,1077427.888,1.3036250310733484,1.2694398749662565,1.2162819654595616,1.1712041372368858,2.798494196718859,1.851359084384819,1.3462203578066647,992789.13,5,True
pubmed_gcnii16,trained,15,15,1,128,64,window_cost_cluster,309,11927,6899,950,760201,733894,26307,169615,441256,0,0,0,903509,5047552,4383552,4184384,3850880,3850880,mosaic_delta,0.8784839326646519,969278.268,994720.518,1037124.268,1075206.888,1.301884135506069,1.2685854741763756,1.2167182264796834,1.1736234338558291,2.832580373198125,1.8621821952272988,1.3446365003095246,993458.63,4,True
pubmed_gcnii16,trained,16,16,1,128,64,window_cost_cluster,309,12147,6717,912,774163,747711,26452,166032,429552,0,0,0,913743,5047552,4413632,4217472,3891072,3891072,mosaic_delta,0.8816031785160159,979069.968,1003974.768,1045482.768,1081292.888,1.2888639640103843,1.2568921453213253,1.2069907210560546,1.1670177562473711,2.8109949889177988,1.8196554461999992,1.2909410234171728,1002712.88,7,True
pubmed_gcnii16,trained,4,4,1,256,64,window_cost_cluster,309,10560,7281,1935,673126,654950,18176,128172,465872,0,0,0,783122,5047552,3968128,3586240,3334976,3334976,mosaic_delta,0.8404406309473887,837095.968,856321.768,888364.768,913311.888,1.5074591782050013,1.473614296816521,1.420461555269603,1.3816616388989782,4.424079518147489,3.1399138114680136,2.4550254345722937,855059.88,1,True
pubmed_gcnii16,trained,5,5,1,256,64,window_cost_cluster,309,10897,7021,1858,694812,674877,19935,125329,449176,0,0,0,800206,5047552,4040000,3658944,3408448,3408448,mosaic_delta,0.8436752475247524,855328.6680000001,874128.018,905460.268,930605.888,1.475325272272997,1.4435963314471862,1.3936425976893334,1.35598540292064,4.354005218265525,3.0407091179493833,2.340284531114108,872866.13,1,True
pubmed_gcnii16,trained,6,6,1,256,64,window_cost_cluster,309,10708,7235,1833,682657,664205,18452,129750,463040,0,0,0,793955,5047552,3996864,3635072,3379520,3379520,mosaic_delta,0.8455429056380203,848306.768,867769.268,900206.768,925920.888,1.4875373480457719,1.4541745675187934,1.401775730706348,1.3628464551930488,4.297249479768786,3.0287016034179444,2.3521427360308285,866507.38,1,True
pubmed_gcnii16,trained,7,7,1,256,64,window_cost_cluster,309,10754,7454,1568,685542,667686,17856,135393,476944,0,0,0,803079,5047552,3995648,3683776,3415680,3415680,mosaic_delta,0.8548500768836494,857671.0680000001,877980.018,911828.268,943021.888,1.4712959864002313,1.4372627783426386,1.3839097166485301,1.338132249163659,4.094828536187247,2.879152046586443,2.2307912521326805,876718.13,5,True
pubmed_gcnii16,trained,8,8,1,256,64,window_cost_cluster,309,11002,6996,1778,701473,682197,19276,134152,447688,0,0,0,816349,5047552,4039168,3737280,3471104,3471104,mosaic_delta,0.8593611357586513,871665.968,891788.768,925326.768,951538.888,1.4476738180972553,1.4150077297228305,1.3637214913034916,1.3261549432333868,4.018211580893315,2.7912892319419633,2.136930645834576,890526.88,1,True
pubmed_gcnii16,trained,9,9,1,256,64,window_cost_cluster,309,11386,7210,1180,725931,706861,19070,133218,461272,0,0,0,840079,5047552,4156224,3832576,3567104,3567104,mosaic_delta,0.8582559554056759,895361.5680000001,915344.268,948648.768,978354.888,1.4093613631627306,1.3785938734911047,1.3301951602808595,1.2898059952249148,3.8608004924259482,2.625276111662675,1.9663297752555962,914082.38,3,True
pubmed_gcnii16,trained,10,10,1,256,64,window_cost_cluster,309,11683,6900,1193,744821,726016,18805,130889,441488,0,0,0,856905,5047552,4212224,3895232,3632256,3632256,mosaic_delta,0.8623131153518901,911303.6680000001,930937.018,963659.268,991904.888,1.3847063764918368,1.3555030851721914,1.3094752905961777,1.2721864921387502,3.788126733338936,2.530617798619275,1.859946366768789,929675.13,4,True
pubmed_gcnii16,trained,11,11,1,256,64,window_cost_cluster,309,11948,6506,1322,761781,741065,20716,127410,416216,0,0,0,868475,5047552,4262464,3940160,3684032,3684032,mosaic_delta,0.8642963318869086,923942.768,943054.268,974906.768,999938.888,1.3657642482894568,1.338086304064105,1.2943678733390431,1.2619651212124874,3.76232728985166,2.470481383278222,1.7814968997723886,941792.38,1,True
pubmed_gcnii16,trained,12,12,1,256,64,window_cost_cluster,309,12119,6693,964,772607,754685,17922,131317,428240,0,0,0,886002,5047552,4345408,4010624,3743680,3743680,mosaic_delta,0.8615255460476899,939301.468,958999.018,991828.268,1021174.888,1.3434323728747755,1.3158386779495117,1.2722847701695068,1.2357217307521569,3.566157618587083,2.3127472683923505,1.644261748288493,957737.13,6,True
pubmed_gcnii16,trained,13,13,1,256,64,window_cost_cluster,309,12251,6458,1067,781055,762938,18117,129940,413088,0,0,0,892878,5047552,4357120,4036032,3770240,3770240,mosaic_delta,0.8653055229142186,945938.768,965429.768,997914.768,1026360.888,1.3340060083043346,1.3070738461008382,1.2645248276353798,1.2294778715301162,3.541212251808527,2.2745192630712503,1.5989496690780363,964167.88,5,True
pubmed_gcnii16,trained,14,14,1,256,64,window_cost_cluster,309,12340,6498,938,786692,768780,17912,133007,415704,0,0,0,901787,5047552,4383616,4077120,3807104,3807104,mosaic_delta,0.8684848307880982,955000.468,974951.518,1008203.268,1037345.888,1.3213480435697547,1.2943084622183234,1.2516206206147706,1.2164582851269758,3.4167909959626184,2.179306600731377,1.519314923274715,973689.63,4,True
pubmed_gcnii16,trained,15,15,1,256,64,window_cost_cluster,309,12569,6026,1181,801289,781139,20150,122370,385384,0,0,0,903509,5047552,4383552,4071296,3818112,3818112,mosaic_delta,0.8710087162191756,957305.768,975661.268,1006253.768,1030660.888,1.318166088810195,1.2933669106151295,1.2540454904413336,1.2243483911072794,3.5993390536896297,2.2542864512828165,1.5369250633325162,974399.38,1,True
pubmed_gcnii16,trained,16,16,1,256,64,window_cost_cluster,309,12794,5841,1141,815571,794892,20679,118851,373488,0,0,0,913743,5047552,4413632,4108672,3859712,3859712,mosaic_delta,0.8744979191740498,967483.868,985311.518,1015024.268,1038374.888,1.3042987503332717,1.2806995320235361,1.2432096845195824,1.215252809542135,3.5877032587020725,2.202825664432594,1.4642242808222061,984049.63,1,True
pubmed_gcnii16,trained,4,5,2,64,16,window_cost_cluster,1233,42840,25024,11048,1369912,1344099,25813,239229,400344,224792,10972,37057,1583328,10095104,8008128,7407936,6897408,6897408,mosaic_delta,0.8613009182670407,1678221.436,1714105.786,1773913.036,1823977.776,1.5038396875774385,1.472357202579328,1.422716868742826,1.3836659816846364,4.645048217398393,3.2690103042982104,2.5351234173114463,1711582.01,3,True
pubmed_gcnii16,trained,6,7,2,64,16,window_cost_cluster,1233,43639,24046,11227,1395458,1369227,26231,227807,384712,175752,13060,22443,1597034,10095104,7992512,7464896,6951360,6951360,mosaic_delta,0.8697340710905408,1690209.236,1724380.286,1781332.036,1835386.776,1.4931737126065496,1.463584349977891,1.4167914510015582,1.3750649361767004,4.770170539096691,3.3251395527220695,2.5544563599889383,1721856.51,4,True
pubmed_gcnii16,trained,8,9,2,64,16,window_cost_cluster,1233,45158,24606,9148,1444044,1417933,26111,238495,393664,179072,13412,27967,1656428,10095104,8195392,7721152,7193408,7193408,mosaic_delta,0.8777381240580072,1750927.036,1786701.286,1846325.036,1898637.776,1.441394157557574,1.4125338240787497,1.3669185819348875,1.329256181406558,4.351106899515713,2.970834047199969,2.234688525964905,1784177.51,6,True
pubmed_gcnii16,trained,10,11,2,64,16,window_cost_cluster,1233,47694,22668,8550,1525130,1498249,26881,227131,362664,142056,13788,15651,1725380,10095104,8474688,8007424,7467712,7467712,mosaic_delta,0.8811783985439936,1818012.6360000002,1852082.286,1908865.036,1963495.776,1.3882059728434142,1.362669476986726,1.3221343323928951,1.285348321523458,4.218408055263263,2.769076286755029,1.9960993435506384,1849558.51,5,True
pubmed_gcnii16,trained,12,13,2,64,16,window_cost_cluster,1233,49535,21594,7783,1583998,1557016,26982,221864,345472,147056,12401,16182,1778880,10095104,8702528,8217216,7683840,7683840,mosaic_delta,0.8829434389639425,1870454.936,1903734.536,1959200.536,2012195.776,1.3492845785406296,1.3256974395720056,1.2881662461937995,1.2542397862582533,4.056066959939423,2.572328390757205,1.7810011538600226,1901210.76,5,True
pubmed_gcnii16,trained,14,15,2,64,16,window_cost_cluster,1233,50578,20281,8053,1617352,1588290,29062,217006,324448,142656,11362,17236,1805296,10095104,8767168,8319680,7801344,7801344,mosaic_delta,0.8898362618350646,1897609.1360000002,1930160.036,1984411.536,2032556.776,1.3299767334172445,1.3075475364365072,1.271800709789867,1.2416755240494202,3.9971117849276054,2.4801575352154157,1.6711152687022481,1927636.26,1,True
pubmed_gcnii16,trained,4,5,2,128,16,window_cost_cluster,1233,44096,22492,12324,1410104,1391253,18851,192075,359832,217400,8902,38111,1583328,10095104,8008128,7293504,6866944,6866944,mosaic_delta,0.8574967832681996,1664903.036,1693714.286,1741733.036,1774185.776,1.5158696605319901,1.490083670463886,1.4490027735800493,1.422498158952662,5.58468952232201,3.8708372567328206,2.9567827150852533,1691190.51,7,True
pubmed_gcnii16,trained,6,7,2,128,16,window_cost_cluster,1233,44795,21456,12661,1432450,1413783,18667,183251,343272,173864,10588,23269,1597034,10095104,7992512,7352896,6916480,6916480,mosaic_delta,0.8653699863071835,1676555.6360000002,1704043.286,1749856.036,1786918.776,1.505333879656589,1.4810515793435073,1.4422763633567852,1.412361901333561,5.737050493585301,3.9406718985814897,2.982603314579457,1701519.51,7,True
pubmed_gcnii16,trained,8,9,2,128,16,window_cost_cluster,1233,46229,22344,10339,1478316,1460430,17886,195998,357472,172496,11561,28528,1656428,10095104,8195392,7609792,7154496,7154496,mosaic_delta,0.8729900900408425,1736987.3360000001,1766387.036,1815386.536,1852863.776,1.452961658207507,1.4287786020639703,1.3902141224209232,1.3620947382588366,5.12714537903448,3.4475967412267297,2.551837467729263,1763863.26,7,True
pubmed_gcnii16,trained,10,11,2,128,16,window_cost_cluster,1233,48499,21169,9244,1550890,1533190,17700,192190,338680,140728,12372,16208,1725380,10095104,8474688,7908224,7429312,7429312,mosaic_delta,0.8766472582825467,1804390.536,1833219.036,1881266.536,1924203.776,1.3986861212399975,1.3766909193277654,1.341530267883317,1.3115949731926937,4.8562268588376085,3.1434001045161377,2.2298925022113534,1830695.26,7,True
pubmed_gcnii16,trained,12,13,2,128,16,window_cost_cluster,1233,50355,20021,8536,1610238,1591301,18937,187579,320304,145248,10941,16749,1778880,10095104,8702528,8126976,7649216,7649216,mosaic_delta,0.8789648249336285,1857984.436,1886121.286,1933016.036,1974811.776,1.358340764916935,1.3380772587283127,1.3056156560513914,1.277983061814596,4.662847333656752,2.9079164836519893,1.9719533636494493,1883597.51,7,True
pubmed_gcnii16,trained,14,15,2,128,16,window_cost_cluster,1233,51308,19206,8398,1640712,1620931,19781,184365,307248,143968,10205,18105,1805296,10095104,8767168,8228544,7763264,7763264,mosaic_delta,0.8854927839868016,1884403.036,1912057.786,1958149.036,1996884.776,1.339297354008296,1.3199266353135208,1.2888579743426638,1.2638565982036412,4.581662680009763,2.7961384540826977,1.8438588669215958,1909534.01,6,True
pubmed_gcnii16,trained,4,5,2,256,16,window_cost_cluster,1233,44994,19668,14250,1438840,1425538,13302,157790,314648,205592,6816,39044,1583328,10095104,8008128,7207424,6836928,6836928,mosaic_delta,0.853748591431106,1654068.536,1677737.036,1717184.536,1734795.776,1.5257989285638645,1.5042738795449706,1.469717404909125,1.4547971783855669,6.6277979593130105,4.541555650465534,3.428893085746879,1675213.26,7,True
pubmed_gcnii16,trained,6,7,2,256,16,window_cost_cluster,1233,45684,18794,14434,1460898,1447841,13057,149193,300680,163320,8585,24011,1597034,10095104,7992512,7268352,6891200,6891200,mosaic_delta,0.8622070257761264,1665793.8360000001,1688172.786,1725471.036,1749856.776,1.5150590339920071,1.4949749343963183,1.4626591506575715,1.4422757534300052,6.867736690059185,4.661278116848354,3.4845002111359116,1685649.01,7,True
pubmed_gcnii16,trained,8,9,2,256,16,window_cost_cluster,1233,47064,19592,12256,1505036,1492581,12455,163847,313440,165168,9267,29053,1656428,10095104,8195392,7532608,7126400,7126400,mosaic_delta,0.8695618220580541,1726564.236,1751141.286,1792103.036,1818111.776,1.4617330461141325,1.4412178047408561,1.4082761701208344,1.3881302752202183,5.980989825874139,3.971870501668975,2.900340195426221,1748617.51,7,True
pubmed_gcnii16,trained,10,11,2,256,16,window_cost_cluster,1233,49717,17997,11198,1589866,1576307,13559,149073,287928,134856,9567,16445,1725380,10095104,8474688,7814400,7409984,7409984,mosaic_delta,0.8743665843509519,1793909.8360000001,1816270.786,1853539.036,1881225.776,1.4068577747627666,1.389537297771633,1.3615985155869141,1.341559334449604,6.012961703326558,3.8047269866907927,2.6270018044850514,1813747.01,7,True
pubmed_gcnii16,trained,12,13,2,256,16,window_cost_cluster,1233,51313,17618,9981,1640894,1627161,13733,151719,281856,138544,8957,17061,1778880,10095104,8702528,8040704,7624896,7624896,mosaic_delta,0.8761702346720401,1847639.436,1870397.286,1908327.036,1937623.776,1.3659461639678923,1.349326166633456,1.3225070715814142,1.3025108544085082,5.573140081334572,3.4034172785673285,2.246231783758132,1867873.51,7,True
pubmed_gcnii16,trained,14,15,2,256,16,window_cost_cluster,1233,52221,16796,9895,1669928,1655944,13984,149352,268688,136480,8263,18644,1805296,10095104,8767168,8140224,7736832,7736832,mosaic_delta,0.8824778993627133,1873539.736,1895942.536,1933280.536,1959200.776,1.3470629693652785,1.3311458296223382,1.305437029445167,1.2881660883948118,5.470614655310944,3.266505075840675,2.090979966789866,1893418.76,7,True
pubmed_gcnii16,trained,4,5,2,64,32,window_cost_cluster,617,19654,16903,2931,1255480,1217182,38298,366146,540776,124328,22511,35970,1583328,10095104,8008128,7519872,6774656,6774656,mosaic_delta,0.8459724919481807,1703434.1360000002,1758356.036,1849892.536,1924411.776,1.481581205086288,1.4353043117144906,1.3642824925696115,1.3114532094819191,3.347370283985077,2.4483076862425275,1.9688076341131682,1755832.26,5,True
pubmed_gcnii16,trained,6,7,2,64,32,window_cost_cluster,617,20117,16134,3237,1285058,1247719,37339,349315,516216,86136,21443,21643,1597034,10095104,7992512,7552320,6816192,6816192,mosaic_delta,0.8528222416181546,1713192.036,1765589.286,1852918.036,1930388.776,1.4731425006460863,1.4294241701690977,1.3620548513026616,1.3073925995516666,3.4277206532785596,2.485338637295726,1.982734895438215,1763065.51,6,True
pubmed_gcnii16,trained,8,9,2,64,32,window_cost_cluster,617,20953,16059,2476,1338508,1301387,37121,355041,513792,90976,20970,27057,1656428,10095104,8195392,7793536,7057408,7057408,mosaic_delta,0.8611434327973574,1772900.6360000002,1826156.786,1914917.036,1988315.776,1.4235292992472026,1.3820149613374981,1.317955792628919,1.2693034126989695,3.2220060218397313,2.2948224742690466,1.800324582231348,1823633.01,5,True
pubmed_gcnii16,trained,10,11,2,64,32,window_cost_cluster,617,22211,14802,2475,1418858,1381436,37422,343944,473592,57336,20032,15174,1725380,10095104,8474688,8062656,7323392,7323392,mosaic_delta,0.8641488630613894,1839458.936,1891050.536,1977036.536,2048911.776,1.3720208429811884,1.3345893998889937,1.2765449469670296,1.231764114766843,3.0969554346056336,2.1398572619000666,1.6294049031237645,1888526.76,6,True
pubmed_gcnii16,trained,12,13,2,64,32,window_cost_cluster,617,23167,14008,2313,1479934,1441741,38193,337139,448160,64960,18805,15661,1778880,10095104,8702528,8270976,7540096,7540096,mosaic_delta,0.8664259396809755,1892419.436,1942990.286,2027275.036,2095687.776,1.3336240116696836,1.298913338983106,1.2449105105046043,1.20427099346692,2.980175061324854,2.0037582898654756,1.4830026784204735,1940466.51,7,True
pubmed_gcnii16,trained,14,15,2,64,32,window_cost_cluster,617,23699,13501,2288,1513928,1474950,38978,330346,431888,67216,18129,17058,1805296,10095104,8767168,8363904,7645760,7645760,mosaic_delta,0.8720900523407331,1918510.1360000002,1968062.036,2050648.536,2115548.776,1.3154874465568107,1.282366080862707,1.2307208942410401,1.1929651675400557,2.93985772493083,1.9433626140076057,1.4118985548485528,1965538.26,6,True
pubmed_gcnii16,trained,4,5,2,128,32,window_cost_cluster,617,21108,14665,3715,1348536,1319788,28748,263540,469160,131912,18758,37096,1583328,10095104,8008128,7298816,6722048,6722048,mosaic_delta,0.8394031663829549,1681594.536,1721125.536,1787010.536,1835115.776,1.500823144920114,1.4663520743904643,1.41228937891388,1.3752679983499851,4.305225923958412,3.056124558271824,2.389937163238977,1718601.76,3,True
pubmed_gcnii16,trained,6,7,2,128,32,window_cost_cluster,617,21517,14037,3934,1374658,1345911,28747,251123,449112,88600,18737,22253,1597034,10095104,7992512,7343232,6772096,6772096,mosaic_delta,0.8473050775525892,1692908.8360000001,1730577.286,1793358.036,1845096.776,1.4907926205661317,1.4583434212483937,1.4072906521383552,1.367828524133739,4.418656355650418,3.1077920624035094,2.4086644393384917,1728053.51,3,True
pubmed_gcnii16,trained,8,9,2,128,32,window_cost_cluster,617,22248,14203,3037,1421388,1392901,28487,263527,454400,93728,18389,27781,1656428,10095104,8195392,7597120,7010880,7010880,mosaic_delta,0.8554660960695962,1753443.236,1792972.286,1858854.036,1908711.776,1.4393257495790415,1.4075934244529644,1.3577053125864693,1.3222404931607652,4.03274138892789,2.783578404060899,2.117358145465171,1790448.51,5,True
pubmed_gcnii16,trained,10,11,2,128,32,window_cost_cluster,617,23425,13205,2858,1496554,1467748,28806,257632,422488,60184,17956,15592,1725380,10095104,8474688,7875456,7277760,7277760,mosaic_delta,0.8587643580507035,1820798.736,1859443.536,1923851.536,1977051.776,1.386081805803714,1.357274878821596,1.3118351144950302,1.2765351067872084,3.8384060986212893,2.5606604229558307,1.8791960626009192,1856919.76,4,True
pubmed_gcnii16,trained,12,13,2,128,32,window_cost_cluster,617,24388,12303,2797,1558078,1527623,30455,251257,393600,70144,16388,16355,1778880,10095104,8702528,8088512,7498880,7498880,mosaic_delta,0.8616898446060731,1874593.236,1912281.786,1975096.036,2024731.776,1.3463059353533269,1.3197720223435732,1.277799131788648,1.2464742391636174,3.6937846109760124,2.383619425874529,1.6848646604870712,1909758.01,5,True
pubmed_gcnii16,trained,14,15,2,128,32,window_cost_cluster,617,24848,11846,2794,1587464,1557141,30323,248155,378928,71152,15891,17675,1805296,10095104,8767168,8184192,7607680,7607680,mosaic_delta,0.8677465744924701,1900177.036,1937400.286,1999439.036,2044722.776,1.3281794023322782,1.302661106348159,1.2622420361707891,1.2342876157212619,3.6231115230400355,2.29656894314826,1.5890795672059803,1934876.51,4,True
pubmed_gcnii16,trained,4,5,2,256,32,window_cost_cluster,617,21543,13650,4295,1376376,1358406,17970,224922,436680,130504,17543,38148,1583328,10095104,8008128,7188416,6674304,6674304,mosaic_delta,0.8334412237167038,1666019.736,1699758.036,1755988.536,1794587.776,1.5148536031508333,1.4847854497803357,1.437239451317238,1.4063263072176415,4.924792772605614,3.461226852361959,2.6806583615653428,1697234.26,7,True
pubmed_gcnii16,trained,6,7,2,256,32,window_cost_cluster,617,21734,13391,4363,1388546,1370853,17693,226181,428440,93368,17583,23497,1597034,10095104,7992512,7254720,6723712,6723712,mosaic_delta,0.8412514113209965,1678805.6360000002,1712732.786,1769278.036,1813904.776,1.5033163731885397,1.4735375072104213,1.4264439780792033,1.3913497739199954,4.846973176349914,3.3915539593818957,2.615330376998952,1710209.01,7,True
pubmed_gcnii16,trained,8,9,2,256,32,window_cost_cluster,617,22649,13273,3566,1447052,1428463,18589,227965,424640,95040,17032,28465,1656428,10095104,8195392,7491712,6964480,6964480,mosaic_delta,0.8498043778747862,1739143.036,1773337.786,1830329.036,1871341.776,1.4511606853250223,1.42317838142541,1.378864646935536,1.3486451445521515,4.55297190358169,3.1089424520735927,2.338793411269274,1770814.01,5,True
pubmed_gcnii16,trained,10,11,2,256,32,window_cost_cluster,617,23902,12311,3275,1527082,1507648,19434,217732,393880,62008,16851,16140,1725380,10095104,8474688,7770176,7238656,7238656,mosaic_delta,0.8541501468844634,1806656.736,1839316.536,1893749.536,1938471.776,1.3969316637247464,1.3721270649197272,1.3326873232300556,1.3019410606058779,4.405178108867783,2.8932819525240046,2.086937335807323,1836792.76,7,True
pubmed_gcnii16,trained,12,13,2,256,32,window_cost_cluster,617,24778,11646,3064,1583038,1564000,19038,214880,372576,73376,15401,16900,1778880,10095104,8702528,7981056,7451776,7451776,mosaic_delta,0.8562771645204704,1858972.536,1891204.536,1944924.536,1988945.776,1.3576187658105348,1.3344807248283799,1.2976215546082246,1.2689013599333037,4.205580975428146,2.6736181407620836,1.8565712956068505,1888680.76,7,True
pubmed_gcnii16,trained,14,15,2,256,32,window_cost_cluster,617,25271,11243,2974,1614536,1594509,20027,210787,359632,73872,14708,18175,1805296,10095104,8767168,8079552,7560960,7560960,mosaic_delta,0.8624176016702315,1885586.236,1917204.286,1969901.036,2010112.776,1.3384569487279605,1.3163834539852473,1.2811689287319101,1.2555395051128215,4.139625498726202,2.5779154600945815,1.7450034394910503,1914680.51,7,True
pubmed_gcnii16,trained,4,5,2,64,64,window_cost_cluster,309,8108,11521,147,1032632,971451,61181,611877,737064,69416,28627,36153,1583328,10095104,8008128,7962496,6803072,6803072,mosaic_delta,0.8495208867790325,1752518.2360000003,1844299.786,1997269.036,2140487.776,1.4400854428541305,1.36841961331768,1.2636134414092022,1.1790658317686182,2.364603081991969,1.8266057820231134,1.5396738887063903,1841776.01,1,True
pubmed_gcnii16,trained,6,7,2,64,64,window_cost_cluster,309,8399,10997,380,1069762,1009620,60142,587414,703640,42840,25607,21920,1597034,10095104,7992512,7986368,6844096,6844096,mosaic_delta,0.8563135094448404,1761292.936,1849405.036,1996258.536,2142516.776,1.4329109873861436,1.3646421150980363,1.2642530786904047,1.1779492362770652,2.402329941063713,1.8419276116792527,1.5430463693408738,1846881.26,1,True
pubmed_gcnii16,trained,8,9,2,64,64,window_cost_cluster,309,8857,10828,91,1128268,1068851,59417,587577,692768,49760,24446,27299,1656428,10095104,8195392,8219392,7077504,7077504,mosaic_delta,0.8635955424706957,1819729.2360000003,1907865.786,2054760.036,2195763.776,1.3868964404548367,1.3228268039185855,1.2282582665531265,1.1493841129839277,2.3025156532675717,1.7422687853455063,1.4434704557870714,1905342.01,1,True
pubmed_gcnii16,trained,10,11,2,64,64,window_cost_cluster,309,9538,10163,75,1215082,1154355,60727,571025,650264,22104,21774,15537,1725380,10095104,8474688,8474880,7347968,7347968,mosaic_delta,0.8670487928287154,1886740.036,1972393.786,2115150.036,2249221.776,1.3376384408265134,1.2795497622805834,1.1931900607735424,1.122066319528644,2.220020559520161,1.6435341116185045,1.336074672737621,1969870.01,1,True
pubmed_gcnii16,trained,12,13,2,64,64,window_cost_cluster,309,10094,9619,63,1286014,1223157,62857,555723,615392,26528,21525,16115,1778880,10095104,8702528,8672064,7564224,7564224,mosaic_delta,0.8691984673878671,1940196.8360000001,2023555.286,2162486.036,2290327.776,1.300783484011413,1.2471989361796958,1.167071582422001,1.1019278665902186,2.1546674152410463,1.56230723955452,1.246381812521706,2021031.51,1,True
pubmed_gcnii16,trained,14,15,2,64,64,window_cost_cluster,309,10430,9268,78,1328904,1265324,63580,539972,592816,29936,21177,17270,1805296,10095104,8767168,8749824,7669952,7669952,mosaic_delta,0.8748494382678649,1965329.7360000003,2046325.536,2181318.536,2301994.776,1.2841488905249026,1.2333208747095457,1.1569956236781367,1.096343061379736,2.1388872756365145,1.5292479352391541,1.2041069536938953,2043801.76,1,True
pubmed_gcnii16,trained,4,5,2,128,64,window_cost_cluster,309,9554,9252,970,1217720,1175797,41923,407531,591848,81704,23793,36627,1583328,10095104,8008128,7519872,6701568,6701568,mosaic_delta,0.8368457647030617,1709577.6360000002,1770707.286,1872590.036,1963643.776,1.4762570279668772,1.4252926047992778,1.3477461438334812,1.285251444710102,3.104073653292633,2.296311363029945,1.8655048082231782,1768183.51,5,True
pubmed_gcnii16,trained,6,7,2,128,64,window_cost_cluster,309,9779,8821,1176,1246402,1202999,43403,394035,564376,53144,21071,22263,1597034,10095104,7992512,7573888,6753280,6753280,mosaic_delta,0.8449508740180809,1722090.036,1781195.286,1879704.036,1975384.776,1.465530806892143,1.4169002241565554,1.3426454120780533,1.2776123571785591,3.140960168512949,2.3055314022534965,1.8599693935817885,1778671.51,6,True
pubmed_gcnii16,trained,8,9,2,128,64,window_cost_cluster,309,10240,8591,945,1305292,1260191,45101,396237,549600,55648,20178,27073,1656428,10095104,8195392,7815936,6996544,6996544,mosaic_delta,0.8537168203790618,1783041.236,1842476.786,1941536.036,2032905.776,1.4154333332535445,1.3697735673940805,1.299886251506073,1.2414623588535665,2.9757928714380535,2.1450068168468786,1.7019209210649182,1839953.01,6,True
pubmed_gcnii16,trained,10,11,2,128,64,window_cost_cluster,309,10964,7889,923,1397610,1350246,47364,375134,504728,27160,18089,15178,1725380,10095104,8474688,8071808,7269760,7269760,mosaic_delta,0.8578203704962354,1850563.936,1906834.036,2000617.536,2088127.776,1.3637875195250753,1.3235425592120067,1.2614984896343526,1.2086310181815234,2.901318568831404,2.0237970061017037,1.555785505979197,1904310.26,5,True
pubmed_gcnii16,trained,12,13,2,128,64,window_cost_cluster,309,11423,7518,835,1456126,1408975,47151,369905,480928,33632,17594,15621,1778880,10095104,8702528,8274880,7479424,7479424,mosaic_delta,0.8594541723968024,1902902.036,1958387.786,2050864.036,2133705.776,1.3262774185186692,1.2887008477288369,1.2305915729656882,1.182813501461881,2.785291466727944,1.8953652048146323,1.4207378651275329,1955864.01,5,True
pubmed_gcnii16,trained,14,15,2,128,64,window_cost_cluster,309,11679,7286,811,1488776,1441428,47348,363868,465968,35184,17518,17100,1805296,10095104,8767168,8370688,7585728,7585728,mosaic_delta,0.8652426872622949,1928634.3360000001,1983214.536,2074181.536,2153786.776,1.3085819083955166,1.2725683249025963,1.2167575287874899,1.1717854469731408,2.7425336660547233,1.8378424760818663,1.3553405080963428,1980690.76,6,True
pubmed_gcnii16,trained,4,5,2,256,64,window_cost_cluster,309,10412,8146,1218,1327544,1294391,33153,288937,521064,86120,21328,37247,1583328,10095104,8008128,7268480,6655040,6655040,mosaic_delta,0.8310356677615542,1687326.236,1730666.786,1802901.036,1857279.776,1.4957249796476229,1.4582680042257423,1.3998416716201831,1.3588561252927787,4.003655606585519,2.8643478200678922,2.2567170005918245,1728143.01,4,True
pubmed_gcnii16,trained,6,7,2,256,64,window_cost_cluster,309,10624,7722,1430,1354562,1319516,35046,277518,494040,56024,18830,22308,1597034,10095104,7992512,7323072,6707392,6707392,mosaic_delta,0.8392095000920862,1700472.3360000001,1742100.036,1811479.536,1867686.776,1.4841617511618252,1.4486975189982718,1.3932125369590704,1.351284397593229,4.075761716357137,2.889574968423513,2.256942036192247,1739576.26,1,True
pubmed_gcnii16,trained,8,9,2,256,64,window_cost_cluster,309,10940,7791,1045,1394892,1360539,34353,295889,498400,60064,18466,27793,1656428,10095104,8195392,7589440,6944128,6944128,mosaic_delta,0.8473210311355455,1761113.436,1805496.786,1879469.036,1941527.776,1.4330570356286805,1.3978291291181506,1.342813290167979,1.2998917817181925,3.686058758520932,2.5735193470759525,1.980164994305297,1802973.01,2,True
pubmed_gcnii16,trained,10,11,2,256,64,window_cost_cluster,309,11647,7159,970,1485034,1449987,35047,275393,458008,31576,16807,15519,1725380,10095104,8474688,7842560,7213248,7213248,mosaic_delta,0.8511520424114728,1827268.8360000001,1868577.786,1937426.036,1998705.776,1.381173886555574,1.350640053044064,1.3026437929009023,1.2627051116301973,3.6383032248459473,2.4429635687434197,1.805449085488738,1866054.01,4,True
pubmed_gcnii16,trained,12,13,2,256,64,window_cost_cluster,309,12049,6870,857,1536254,1503388,32866,275492,439456,39584,16555,16416,1778880,10095104,8702528,8049984,7416896,7416896,mosaic_delta,0.8522691337505608,1878328.736,1919652.536,1988525.536,2050671.776,1.343628488256275,1.3147045898518792,1.2691695199834738,1.230706946639129,3.4520502954713748,2.257140193134307,1.6198548052212043,1917128.76,5,True
pubmed_gcnii16,trained,14,15,2,256,64,window_cost_cluster,309,12312,6625,839,1569800,1534905,34895,270391,423664,41136,16050,17607,1805296,10095104,8767168,8156544,7530368,7530368,mosaic_delta,0.8589282194660808,1905916.6360000002,1946475.286,2014073.036,2073330.776,1.3241796374141097,1.296587744089138,1.253070745146503,1.2172568068801,3.394392712775203,2.1769403052873675,1.5276323546271882,1943951.51,5,True
pubmed_gcnii16,trained,4,7,4,64,16,window_cost_cluster,1233,42353,27987,8572,2708656,2657598,51058,522764,447728,629280,44619,96802,3180362,20190208,16000640,14903360,13639680,13639680,mosaic_delta,0.8524459021639135,3368622.472,3447037.072,3577728.072,3674516.552,1.4984024009681307,1.4643161342826427,1.4108260601198648,1.3736642436003375,4.321295039444185,3.0618809485234504,2.3901934333657255,3441989.52,5,True
pubmed_gcnii16,trained,8,11,4,64,16,window_cost_cluster,1233,45659,25705,7548,2920152,2869271,50881,512537,411232,503552,45634,64411,3381808,20190208,16670080,15743296,14429440,14429440,mosaic_delta,0.8655891273467194,3565889.7720000003,3642770.322,3770904.572,3870169.552,1.4155098229996548,1.385635533900125,1.3385520380121674,1.3042198622516576,4.000687716203903,2.7161436777713863,2.031053523940711,3637722.77,5,True
pubmed_gcnii16,trained,12,15,4,64,16,window_cost_cluster,1233,49610,22667,6635,3172796,3118929,53867,465247,362608,439680,40509,50386,3584176,20190208,17469696,16556096,15248704,15248704,mosaic_delta,0.8728660189622075,3763357.7720000003,3833144.822,3949456.572,4053156.552,1.3412362857325486,1.3168174526122822,1.2780370939599737,1.2453385244913184,3.8710910118711137,2.4559795811126413,1.7012534847081229,3828097.27,5,True
pubmed_gcnii16,trained,4,7,4,128,16,window_cost_cluster,1233,43610,25927,9375,2789104,2751073,38031,429289,414768,613264,39440,98564,3180362,20190208,16000640,14677888,13575488,13575488,mosaic_delta,0.8484340626374945,3344319.972,3408713.322,3516035.572,3577442.552,1.5092909895764004,1.4807792627860066,1.435580470287688,1.410938659847416,5.079322973567923,3.545679325987652,2.727736047278174,3403665.77,6,True
pubmed_gcnii16,trained,8,11,4,128,16,window_cost_cluster,1233,46724,23572,8616,2988312,2950762,37550,431046,377104,489120,40137,65561,3381808,20190208,16670080,15545280,14371776,14371776,mosaic_delta,0.8621299957768649,3542430.6720000003,3607087.572,3714849.072,3785215.552,1.4248837782194992,1.3993427936658922,1.3587502216563807,1.3334912980934512,4.603498188128413,3.076105873094549,2.261496638409822,3602040.02,7,True
pubmed_gcnii16,trained,12,15,4,128,16,window_cost_cluster,1233,50490,20951,7471,3229116,3191486,37630,392690,335152,430208,35953,51395,3584176,20190208,17469696,16367936,15181696,15181696,mosaic_delta,0.8690303483243211,3738289.072,3797192.572,3895365.072,3977552.552,1.3502305206428402,1.3292852296246407,1.2957840681691053,1.2690095062256264,4.4469415569533215,2.7703611810178845,1.8761849805189845,3792145.02,7,True
pubmed_gcnii16,trained,4,7,4,256,16,window_cost_cluster,1233,44461,23423,11028,2843568,2814109,29459,366253,374704,582368,33859,99483,3180362,20190208,16000640,14526848,13535680,13535680,mosaic_delta,0.8459461621535138,3327012.372,3381950.322,3473513.572,3508384.552,1.517142539799368,1.4924973815153515,1.4531545351336257,1.4387111575675413,5.81146224058233,4.013862363376991,3.055142428867477,3376902.77,7,True
pubmed_gcnii16,trained,8,11,4,256,16,window_cost_cluster,1233,47683,20954,10275,3049688,3020159,29529,361649,335216,461120,34033,66353,3381808,20190208,16670080,15386752,14330304,14330304,mosaic_delta,0.8596421852804546,3524960.972,3579208.322,3669620.572,3714223.552,1.4319454995656615,1.4102425860419086,1.3754969760399522,1.3589790515657147,5.324091812779795,3.503607454116873,2.5326824628299818,3574160.77,7,True
pubmed_gcnii16,trained,12,15,4,256,16,window_cost_cluster,1233,51441,18680,8791,3289980,3261683,28297,322493,298816,406832,30601,52297,3584176,20190208,17469696,16200640,15137536,15137536,mosaic_delta,0.8665025424598115,3719766.372,3768140.322,3848763.572,3904494.552,1.356954038295177,1.3395339792762633,1.311473647464672,1.2927542689013336,5.232905768497301,3.191384408883024,2.1025730170887433,3763092.77,7,True
pubmed_gcnii16,trained,4,7,4,64,32,window_cost_cluster,617,19645,17735,2108,2509808,2433324,76484,747038,567328,322656,70246,94350,3180362,20190208,16000640,15081856,13466432,13466432,mosaic_delta,0.8416183352665894,3414193.872,3526249.572,3713009.072,3859914.552,1.4784022786155362,1.4314222226582662,1.3594235570453785,1.3076849064921994,3.2932025947809884,2.411886854716779,1.9418517933492006,3521202.02,6,True
pubmed_gcnii16,trained,8,11,4,64,32,window_cost_cluster,617,21382,16144,1962,2731928,2656647,75281,725161,516464,231408,63980,62565,3381808,20190208,16670080,15863744,14246272,14246272,mosaic_delta,0.8546012976542404,3608847.1720000003,3717621.322,3898911.572,4043399.552,1.3986605027673362,1.3577369943866489,1.2946054063521089,1.2483436116283173,3.090940467013532,2.183036776900458,1.6988214755068185,3712573.77,5,True
pubmed_gcnii16,trained,12,15,4,64,32,window_cost_cluster,617,23321,14241,1926,2979580,2902950,76630,681226,455520,191648,57303,49077,3584176,20190208,17469696,16640192,15043520,15043520,mosaic_delta,0.8611208804091383,3805287.6720000003,3907471.572,4077778.072,4213474.552,1.3264574021934812,1.2917693467483018,1.237819202241274,1.1979547847521923,2.9309810253865822,1.9645229808814006,1.4490786904786372,3902424.02,5,True
pubmed_gcnii16,trained,4,7,4,256,32,window_cost_cluster,617,21306,15362,2820,2722416,2682909,39507,497453,491392,340928,58666,98406,3180362,20190208,16000640,14485824,13297216,13297216,mosaic_delta,0.8310427582896684,3349316.372,3423934.322,3548297.572,3623614.552,1.5070394789208643,1.4741965018334835,1.4225278172357299,1.3929605170655026,4.5240082580665915,3.200513681039039,2.4946499066243444,3418886.77,4,True
pubmed_gcnii16,trained,8,11,4,256,32,window_cost_cluster,617,23021,13600,2867,2941720,2901674,40046,480134,435056,250384,52618,65419,3381808,20190208,16670080,15279552,14081472,14081472,mosaic_delta,0.8447153223019925,3546078.472,3618098.572,3738132.072,3812903.552,1.4234180207391642,1.395084158033271,1.350287229765915,1.3238079408938588,4.237709639392336,2.8664750510772263,2.135149937309168,3613051.02,7,True
pubmed_gcnii16,trained,12,15,4,256,32,window_cost_cluster,617,24925,11981,2582,3184892,3145256,39636,438920,383200,213856,47031,51968,3584176,20190208,17469696,16072384,14882368,14882368,mosaic_delta,0.8518962207470582,3741431.072,3807269.072,3916999.072,4002644.552,1.3490966164724254,1.3257670799055097,1.2886273157636325,1.261054269102634,4.087260730884899,2.587269051703985,1.787273489474164,3802221.52,5,True
pubmed_gcnii16,trained,4,7,4,64,64,window_cost_cluster,309,8092,11578,106,2061168,1943578,117590,1236784,740544,170496,82717,94485,3180362,20190208,16000640,15948864,13524160,13524160,mosaic_delta,0.845226190952362,3504623.4720000005,3690141.072,3999337.072,4283004.552,1.4402551487562483,1.3678479769512724,1.2620971698881598,1.1785072695388534,2.3516139277351584,1.8192846383636214,1.535375684032135,3685093.52,1,True
pubmed_gcnii16,trained,8,11,4,64,64,window_cost_cluster,309,9031,10679,66,2301080,2185729,115351,1196079,683120,111312,70889,63040,3381808,20190208,16670080,16694272,14296640,14296640,mosaic_delta,0.8576227588589856,3696233.9720000005,3875645.822,4174665.572,4444985.552,1.3655932060136369,1.3023770054909831,1.209091342275309,1.135560946363229,2.2340100277657244,1.683564490450809,1.3899935372161873,3870598.27,1,True
pubmed_gcnii16,trained,12,15,4,64,64,window_cost_cluster,309,10150,9577,49,2586364,2464374,121990,1119802,612480,83968,63306,49509,3584176,20190208,17469696,17421888,15109504,15109504,mosaic_delta,0.8648979352588619,3894859.2720000003,4062829.572,4342780.072,4592322.552,1.2959523432044555,1.2423735503912001,1.1622858897561967,1.0991283697617762,2.133879453689134,1.5459394894578802,1.2323715085345446,4057782.02,1,True
pubmed_gcnii16,trained,4,7,4,128,64,window_cost_cluster,309,9458,9691,627,2410864,2330365,80499,849997,619776,207168,70125,96302,3180362,20190208,16000640,15110656,13347520,13347520,mosaic_delta,0.8341866325346986,3425493.7720000003,3552993.322,3765492.572,3947412.552,1.473525376475272,1.4206477588195139,1.3404758882100378,1.2786988776844725,3.01424885029006,2.2396857073306293,1.8265853644189334,3547945.77,6,True
pubmed_gcnii16,trained,8,11,4,128,64,window_cost_cluster,309,10405,8632,739,2652824,2565567,87257,816241,552112,129744,59536,62381,3381808,20190208,16670080,15901184,14155264,14155264,mosaic_delta,0.8491419357315622,3626466.1720000003,3748902.322,3952962.572,4129607.552,1.3918651824115236,1.3464079793114438,1.276903564873925,1.2222837004343021,2.847196453008364,2.040600915874004,1.6104166294023456,3743854.77,6,True
pubmed_gcnii16,trained,12,15,4,128,64,window_cost_cluster,309,11457,7660,659,2920956,2830030,90926,754146,489792,99072,53228,48742,3584176,20190208,17469696,16648192,14959616,14959616,mosaic_delta,0.85631804926657,3823809.6720000003,3936931.572,4125468.072,4289340.552,1.3200322277965093,1.282103056070084,1.2235101355548679,1.1767664373598097,2.729379297907832,1.856370161976478,1.390765289479756,3931884.02,7,True
pubmed_gcnii16,trained,4,7,4,256,64,window_cost_cluster,309,10320,8745,711,2631536,2563801,67735,616561,559232,215360,64069,96950,3180362,20190208,16000640,14643712,13282368,13282368,mosaic_delta,0.8301147954081837,3387574.1720000003,3480058.322,3634198.572,3755026.552,1.4900196257606841,1.4504216691113259,1.388903743149674,1.3442120661734271,3.8005038917479372,2.7326835984986286,2.163179442098998,3475010.77,4,True
pubmed_gcnii16,trained,8,11,4,256,64,window_cost_cluster,309,11076,8021,679,2824600,2759188,65412,622620,513008,141520,55891,64019,3381808,20190208,16670080,15464128,14057664,14057664,mosaic_delta,0.843287134794794,3584224.072,3677617.072,3833272.072,3958139.552,1.4082690977474133,1.3725061367672484,1.3167737392995567,1.2752334609954652,3.4583814846937138,2.4009526391280605,1.8369905881597124,3672569.52,4,True
pubmed_gcnii16,trained,12,15,4,256,64,window_cost_cluster,309,12056,7069,651,3074300,3011250,63050,572926,451968,116288,49985,50706,3584176,20190208,17469696,16219328,14840576,14840576,mosaic_delta,0.8495039638926745,3776936.6720000003,3862875.572,4006107.072,4130304.552,1.3364142526983835,1.3066825233996948,1.2599643267847236,1.2220774367729965,3.3265752994278492,2.1774280311487226,1.5645494880665218,3857828.02,3,True
pubmed_gcnii16,trained,4,11,8,64,16,window_cost_cluster,1233,43049,30557,5306,5506400,5392240,114160,1169930,488816,1352432,129330,182551,6562170,40380416,32670720,30729984,27901312,27901312,mosaic_delta,0.8540158282400878,6956944.144,7132433.644,7424916.144,7583324.104,1.4510830892190645,1.4153800096678473,1.3596253215812748,1.3312241256674107,3.790977203764328,2.6654802119338985,2.0652151496243367,7122338.54,4,True
pubmed_gcnii16,trained,4,11,8,128,16,window_cost_cluster,1233,44184,28810,5918,5651680,5560107,91573,1002063,460864,1307168,119930,183934,6562170,40380416,32670720,30329280,27801600,27801600,mosaic_delta,0.8509637987776211,6914815.444,7065124.894,7315640.644,7402558.104,1.4599238521629008,1.4288641958153045,1.3799343750269644,1.3637318151606366,4.283815448729271,2.9697736213669463,2.2689513134403727,7055029.79,7,True
pubmed_gcnii16,trained,4,11,8,256,16,window_cost_cluster,1233,45034,26841,7037,5760480,5687049,73431,875121,429360,1248640,109805,185403,6562170,40380416,32670720,30011136,27714240,27714240,mosaic_delta,0.8482898448519041,6880814.244,7012082.394,7230862.644,7261280.104,1.467137992978495,1.439672758072272,1.3961133680746487,1.3902650573194304,4.784501754614505,3.2798496029095703,2.4773684553336053,7001987.29,7,True
pubmed_gcnii16,trained,4,11,8,64,32,window_cost_cluster,617,20108,18169,1211,5138144,4979734,158410,1582436,581120,645568,167029,178430,6562170,40380416,32670720,31000448,27601664,27601664,mosaic_delta,0.8448440683278483,7034457.744,7271823.144,7667432.144,7929728.104,1.4350934169176808,1.3882493839704415,1.3166212377764213,1.2730706359159676,3.0405153573351464,2.2084104913865876,1.7646212295473562,7261728.04,6,True
pubmed_gcnii16,trained,4,11,8,128,32,window_cost_cluster,617,21309,16883,1296,5445600,5319751,125849,1242419,539968,671008,152892,181963,6562170,40380416,32670720,30241088,27459200,27459200,mosaic_delta,0.8404834665412945,6965561.044000001,7151923.894,7462528.644,7620708.104,1.4492879950705087,1.41152285030174,1.3527725629725569,1.3246936980437847,3.6270364184707415,2.567206606102954,2.001964039506801,7141828.79,5,True
pubmed_gcnii16,trained,4,11,8,256,32,window_cost_cluster,617,21712,16075,1701,5548768,5456046,92722,1106124,514112,679424,143629,184431,6562170,40380416,32670720,29855744,27314496,27314496,mosaic_delta,0.8360543018335684,6917172.544000001,7083091.144,7359622.144,7475386.104,1.4594263676068855,1.4252398839384466,1.3716878125638727,1.3504458310987062,3.982160191804897,2.791739682303093,2.1568487439021307,7072996.04,7,True
pubmed_gcnii16,trained,4,11,8,64,64,window_cost_cluster,309,8454,11278,44,4307680,4067553,240127,2494617,721120,314656,182059,178651,6562170,40380416,32670720,32643136,27737856,27737856,mosaic_delta,0.8490126939351199,7204565.8440000005,7578758.394,8202412.644,8727990.104,1.401209207964593,1.3320261017942143,1.2307481271848093,1.156635591895717,2.262756952269627,1.7349193340492053,1.4534059376649804,7568663.29,1,True
pubmed_gcnii16,trained,4,11,8,128,64,window_cost_cluster,309,9697,9737,342,4944096,4773310,170786,1788860,622496,374624,159396,180488,6562170,40380416,32670720,31102272,27426752,27426752,mosaic_delta,0.8394902836545995,7060827.144,7329156.144,7776371.144,8122242.104,1.4297339099397728,1.377389675108005,1.2981767219005564,1.2428962188936001,2.801850318079671,2.065765495537843,1.6731869235155352,7319061.04,6,True
pubmed_gcnii16,trained,4,11,8,256,64,window_cost_cluster,309,10423,9025,328,5315808,5176055,139753,1386115,576928,411808,147419,183203,6562170,40380416,32670720,30247104,27288576,27288576,mosaic_delta,0.8352609308885754,6987713.644,7195630.894,7542159.644,7778806.104,1.4446934311150772,1.4029491157499052,1.3384898326875032,1.2977703602624724,3.34908139656522,2.399122197182648,1.8924772908452763,7185535.79,6,True
chameleon_gcnii16,trained,4,4,1,128,32,window_cost_cluster,72,1994,1839,775,62956,60597,2359,15580,58488,0,0,0,76177,582912,382144,365184,337856,337856,mosaic_delta,0.8841065148216379,83071.008,85408.008,89303.008,92828.728,1.7542582365197734,1.7062568652812977,1.6318375300415413,1.5698588480066213,5.130983311938382,3.910957637997434,3.260277278562259,85262.28,5,True
chameleon_gcnii16,trained,5,5,1,128,32,window_cost_cluster,72,2134,1980,494,67397,64957,2440,18319,63016,0,0,0,83276,582912,418432,399232,367360,367360,mosaic_delta,0.8779443254817987,90630.908,93378.758,97958.508,102504.728,1.6079282798314236,1.5606118899118362,1.4876502610676756,1.4216710081899833,4.115602380042579,3.0779911567225295,2.524598504285168,93233.03,4,True
chameleon_gcnii16,trained,6,6,1,128,32,window_cost_cluster,72,2332,1846,430,73613,70751,2862,15797,58728,0,0,0,86548,582912,426496,409600,381568,381568,mosaic_delta,0.8946578631452581,93972.708,96342.258,100291.508,103886.728,1.5507481172086688,1.5126072714633696,1.4530442597393192,1.40275858914336,4.385498512375768,3.1822320693802633,2.5404899664493255,96196.53,1,True
chameleon_gcnii16,trained,7,7,1,128,32,window_cost_cluster,72,2346,1910,352,74028,71263,2765,17078,60808,0,0,0,88341,582912,435968,419264,388480,388480,mosaic_delta,0.8910745742806812,95844.808,98406.508,102676.008,106670.728,1.5204579469761157,1.480877667155916,1.4192994336125728,1.3661479839155124,4.029436702189952,2.9164258109848937,2.3228200023421945,98260.78,6,True
chameleon_gcnii16,trained,8,8,1,128,32,window_cost_cluster,72,2536,1756,316,80078,77223,2855,16141,55856,0,0,0,93364,582912,452288,437824,409024,409024,mosaic_delta,0.9043441347106269,100748.10800000001,103169.258,107204.508,110962.728,1.4464589250648756,1.412513793595375,1.3593458215395195,1.313305851673005,3.8957140201970137,2.7180918158726235,2.090026640232947,103023.53,7,True
chameleon_gcnii16,trained,9,9,1,128,32,window_cost_cluster,72,2835,1507,266,89580,86447,3133,14580,47920,0,0,0,101027,582912,489216,466304,439744,439744,mosaic_delta,0.8988749345892203,108347.008,110534.008,114179.008,116889.728,1.3450117607308547,1.3183996729766643,1.276311666676943,1.2467134836689842,3.673849108367627,2.370145404663924,1.6748367626886143,110388.28,1,True
chameleon_gcnii16,trained,10,10,1,128,32,window_cost_cluster,72,3074,1312,222,97165,94133,3032,12928,41688,0,0,0,107061,582912,516864,487616,462592,462592,mosaic_delta,0.8949975235264983,113968.808,115908.008,119140.008,121441.728,1.2786656503418024,1.257272922851025,1.2231659410330071,1.199982925144148,3.5678929455445547,2.0975959158415853,1.3134374999999996,115762.28,1,True
chameleon_gcnii16,trained,11,11,1,128,32,window_cost_cluster,72,3192,1196,220,100926,98479,2447,12498,37968,0,0,0,110977,582912,533248,500224,475584,475584,mosaic_delta,0.891862698031685,117169.808,119044.508,122169.008,124160.728,1.2437333685824594,1.2241471903936971,1.1928393492398661,1.1737044583050447,3.3966810689710356,1.875797727636423,1.0646599455912942,118898.78,1,True
chameleon_gcnii16,trained,12,12,1,128,32,window_cost_cluster,72,3330,1092,186,105303,103092,2211,11886,34664,0,0,0,114978,582912,551104,514624,489984,489984,mosaic_delta,0.8890953431657183,120795.60800000001,122578.508,125550.008,127438.728,1.2064014777755827,1.1888544115743356,1.1607167719176887,1.1435142384660337,3.209887262325425,1.6106949352179047,0.7577923607605581,122432.78,3,True
chameleon_gcnii16,trained,13,13,1,128,32,window_cost_cluster,72,3470,994,144,109771,107411,2360,10740,31528,0,0,0,118151,582912,567424,526400,503104,503104,mosaic_delta,0.8866456124520641,123930.008,125541.008,128226.008,129875.728,1.1758895391986095,1.1607999833807292,1.1364933079722797,1.122057233049735,3.143176908752328,1.3733445065176921,0.42943389199255066,125395.28,3,True
chameleon_gcnii16,trained,14,14,1,128,32,window_cost_cluster,72,3552,944,112,112431,110241,2190,10507,29912,0,0,0,120748,582912,577152,535808,511744,511744,mosaic_delta,0.8866711022399645,126295.708,127871.758,130498.508,131918.728,1.153863439286472,1.1396417964317032,1.1167024223755877,1.1046801482197433,2.9633311125916055,1.1542514514133448,0.18940896545160313,127726.03,4,True
chameleon_gcnii16,trained,15,15,1,128,32,window_cost_cluster,72,3559,951,98,112637,110491,2146,11153,30152,0,0,0,121644,582912,585600,540672,514368,514368,mosaic_delta,0.8824110671936759,127217.308,128890.258,131678.508,133616.728,1.1455045094964593,1.1306362657758044,1.1066954069680073,1.0906418843005945,2.772771451627365,1.0684766430556814,0.1595194118174477,128744.53,2,True
chameleon_gcnii16,trained,16,16,1,128,32,window_cost_cluster,72,3452,993,163,109234,107245,1989,10571,31472,0,0,0,117816,582912,569088,523136,499520,499520,mosaic_delta,0.8777552856500225,123205.10800000001,124790.758,127433.508,129064.728,1.1828081024043255,1.1677787869515144,1.1435610797122528,1.1291078690376195,3.244415854696812,1.4462889036042015,0.4872878630214733,124645.03,3,True
chameleon_gcnii16,trained,4,5,2,128,32,window_cost_cluster,72,1919,2206,483,121142,116662,4480,42791,70216,34808,2032,12971,159453,1165824,800576,765696,692608,692608,mosaic_delta,0.8651371012870733,173865.116,180283.766,190981.516,195013.456,1.6763339691442185,1.616651385017107,1.5260953316550279,1.4945430227132634,3.854839569068262,2.9664284545815716,2.4926091935220023,179992.31,4,True
chameleon_gcnii16,trained,6,7,2,128,32,window_cost_cluster,72,2227,2069,312,140512,135543,4969,39346,65968,22696,2295,7612,174889,1165824,862464,829952,754240,754240,mosaic_delta,0.874517661027011,189188.616,195090.516,204927.016,211383.456,1.5405578103071487,1.4939526839941313,1.4222429316005851,1.3788023221647014,3.7065887256646164,2.7403913993798614,2.2250861586946575,194799.06,4,True
chameleon_gcnii16,trained,8,9,2,128,32,window_cost_cluster,72,2512,1906,190,158620,153412,5208,40979,60656,25792,1740,10197,194391,1165824,941504,906816,833216,833216,mosaic_delta,0.8849840255591054,208947.916,215094.766,225339.516,229373.456,1.3948739263807732,1.3550120508278662,1.2934082986137239,1.270661414283264,3.1205358842333877,2.1928412113521567,1.698070719148832,214803.31,4,True
chameleon_gcnii16,trained,10,11,2,128,32,window_cost_cluster,72,3029,1435,144,191492,186438,5054,31600,45600,19680,1422,6540,218038,1165824,1050112,989888,923904,923904,mosaic_delta,0.8798147245246222,231015.016,235755.016,243655.016,246799.456,1.261632274154854,1.2362663791636994,1.1961830492338397,1.1809426354651285,3.021912658227848,1.8188746835443048,1.1772544303797465,235463.56,3,True
chameleon_gcnii16,trained,12,13,2,128,32,window_cost_cluster,72,3333,1156,119,210834,206384,4450,26745,36696,15096,1155,5375,233129,1165824,1118528,1041664,978880,978880,mosaic_delta,0.8751501974023002,244702.516,248714.266,255400.516,257378.456,1.1910625389728318,1.1718507534264238,1.141172322455292,1.1324024727228919,2.8590181342306975,1.4375935688913828,0.6795004673770794,248422.81,3,True
chameleon_gcnii16,trained,14,15,2,128,32,window_cost_cluster,72,3518,1001,89,222680,218478,4202,23914,31744,9760,1177,3010,242392,1165824,1162752,1076160,1012992,1012992,mosaic_delta,0.8712021136063408,253237.416,256824.516,262803.016,265231.456,1.1509199730580097,1.1348449304582744,1.109028368228468,1.098874184817656,2.7103554403278416,1.1206590281843283,0.27282094170778576,256533.06,3,True
chameleon_gcnii16,trained,4,11,8,128,32,window_cost_cluster,72,2166,2405,37,546984,520151,26833,226620,76616,190600,17180,65644,746771,4663296,3654656,3505792,3196288,3196288,mosaic_delta,0.8745797142056598,816014.064,850007.064,886625.824,886625.824,1.4286812586112487,1.3715462487027048,1.3148996661752996,1.3148996661752996,2.648741329097167,1.9777325920042368,1.619861265554673,848841.24,2,True
cora_resgcn16,trained,4,4,1,128,32,window_cost_cluster,85,2030,1398,2012,64624,62894,1730,13916,44664,0,0,0,76810,693248,379008,365632,336384,336384,mosaic_delta,0.8875379939209727,82886.032,84973.432,88452.432,91167.312,1.853388276567516,1.8078591906232526,1.736752698896962,1.6850337761411678,6.195377982178788,4.755496457002889,3.98755964357574,84800.12,3,True
cora_resgcn16,trained,5,5,1,128,32,window_cost_cluster,85,1742,1227,2471,55432,54170,1262,12119,39208,0,0,0,66289,693248,359232,317760,291456,291456,mosaic_delta,0.8113308391234634,71589.332,73407.182,76436.932,78327.312,1.8519239710184754,1.8060630634206882,1.7344756851308474,1.692615214473337,6.146784388150838,4.719869410950107,3.9588480897763834,73233.87,7,True
cora_resgcn16,trained,6,6,1,128,32,window_cost_cluster,85,1452,1245,2743,46224,45004,1220,11801,39720,0,0,0,56805,693248,346624,277632,252864,252864,mosaic_delta,0.7295051698670606,62043.532,63813.682,66763.932,68687.312,1.8311336627321604,1.7803392068804305,1.7016673014405443,1.6540172659544456,5.484355563087874,4.228640314195923,3.5589255147868823,63640.37,3,True
cora_resgcn16,trained,7,7,1,128,32,window_cost_cluster,85,1725,1092,2623,54924,53496,1428,10548,34848,0,0,0,64044,693248,360576,306688,282304,282304,mosaic_delta,0.7829250976215832,69251.232,70833.432,73470.432,74929.312,1.8496133036304683,1.8082986576169287,1.7433952205425987,1.7094511691232397,6.694433067880167,5.110518540502219,4.265764125900644,70660.12,2,True
cora_resgcn16,trained,8,8,1,128,32,window_cost_cluster,85,1592,1286,2562,50680,49197,1483,12434,41072,0,0,0,61631,693248,351808,300288,273536,273536,mosaic_delta,0.7775150081862834,67227.83200000001,69092.932,72201.432,74337.312,1.8334965792143942,1.784003029427091,1.7071960567208695,1.6581444322334387,5.620466462924241,4.327427040862712,3.63780601576323,68919.62,4,True
cora_resgcn16,trained,9,9,1,128,32,window_cost_cluster,85,1593,1313,2534,50688,49022,1666,13279,42008,0,0,0,62301,693248,349440,305088,277568,277568,mosaic_delta,0.7943223443223443,68186.332,70178.182,73497.932,75739.312,1.8273750229004841,1.775509089135424,1.6953130055414347,1.6451430137099738,5.361539272535583,4.137619189501567,3.4848618118834254,70004.87,2,True
cora_resgcn16,trained,10,10,1,128,32,window_cost_cluster,85,1617,1159,2664,51480,50284,1196,11278,37032,0,0,0,61562,693248,346624,296896,271744,271744,mosaic_delta,0.78397341211226,66661.232,68352.932,71172.432,72973.312,1.8470105683015279,1.8012980043050677,1.7299394799379624,1.6872469759903455,6.121819471537507,4.697838963121738,3.9383826919666602,68179.62,5,True
cora_resgcn16,trained,11,11,1,128,32,window_cost_cluster,85,1355,1188,2897,43132,41965,1167,10470,37984,0,0,0,52435,693248,342464,256640,235776,235776,mosaic_delta,0.6884694449635582,57446.432,59016.932,61634.432,63207.312,1.8255267794525516,1.7769476732541774,1.701484001669716,1.6591434864371388,5.646024832855778,4.3395591545201615,3.6427774594078315,58843.62,4,True
cora_resgcn16,trained,12,12,1,128,32,window_cost_cluster,85,1403,1076,2961,44680,43513,1167,10517,34400,0,0,0,54030,693248,346624,263616,241280,241280,mosaic_delta,0.6960856720827179,58962.132,60539.682,63168.932,64715.312,1.8327017075976832,1.7849449556077945,1.710651052324266,1.669774844012187,5.784908243795759,4.444717827451208,3.7299496054007792,60366.37,3,True
cora_resgcn16,trained,13,13,1,128,32,window_cost_cluster,85,1328,932,3180,42244,41345,899,9087,29792,0,0,0,50432,693248,346624,245248,226432,226432,mosaic_delta,0.6532496307237814,54845.132,56208.182,58479.932,59553.312,1.8390693270644332,1.7944718439746015,1.7247626074531004,1.6936757438444399,6.183325630020908,4.735523944861508,3.963363046109827,56034.87,4,True
cora_resgcn16,trained,14,14,1,128,32,window_cost_cluster,85,1361,1246,2833,43336,42034,1302,11405,39800,0,0,0,53439,693248,346624,264384,240576,240576,mosaic_delta,0.6940546528803545,58721.932,60432.682,63283.932,64967.312,1.8200695440333945,1.768546363704328,1.6888647184564953,1.6451042333412225,5.337560718982902,4.115236414234795,3.4633301183691354,60259.37,5,True
cora_resgcn16,trained,15,15,1,128,32,window_cost_cluster,85,1269,1454,2717,40308,38643,1665,13077,46496,0,0,0,51720,693248,345728,259072,236416,236416,mosaic_delta,0.6838208071084784,57689.132,59650.682,62919.932,65091.312,1.7930586995138011,1.734095848225172,1.6439941479911326,1.5891521744100043,4.611828401009405,3.5800799944143553,3.029814177563661,59477.37,4,True
cora_resgcn16,trained,16,16,1,128,32,window_cost_cluster,85,1411,1489,2540,44852,43124,1728,14037,47600,0,0,0,57161,693248,347968,285248,258496,258496,mosaic_delta,0.7428729078535957,63315.132,65420.682,68929.932,71233.312,1.8056031218571889,1.7474901897231827,1.6585247755648447,1.6048951928558368,4.746091045095106,3.6837867623145044,3.11722447816485,65247.37,5,True
cora_resgcn16,trained,4,5,2,128,32,window_cost_cluster,85,1479,2627,1334,94128,91236,2892,51863,83888,67064,1147,37519,143099,1386496,738240,687552,627456,627456,mosaic_delta,0.8499349804941483,158149.164,165928.614,170176.624,170176.624,1.8096712797040142,1.7248260749047177,1.681770347024865,1.681770347024865,3.575665888976727,2.8558815742814057,2.4719966064439,165581.99,3,True
cora_resgcn16,trained,6,7,2,128,32,window_cost_cluster,85,1242,2096,2102,79104,76809,2295,44040,66824,54256,827,29908,120849,1386496,707200,587328,531200,531200,mosaic_delta,0.751131221719457,133880.864,140486.864,144506.624,144506.624,1.805321483434705,1.7204313137774931,1.672573846857013,1.672573846857013,3.556034514078111,2.840189235082731,2.458405086285195,140140.24,4,True
cora_resgcn16,trained,8,9,2,128,32,window_cost_cluster,85,1241,2255,1944,79064,75749,3315,48183,71984,57992,919,32201,123932,1386496,701248,608512,548864,548864,mosaic_delta,0.7826959934288583,138588.164,145815.614,150768.624,150768.624,1.788493279988903,1.6998453951577503,1.6440025346387719,1.6440025346387719,3.3751273270655626,2.704141980438708,2.3462831289043855,145468.99,3,True
cora_resgcn16,trained,10,11,2,128,32,window_cost_cluster,85,947,2707,1786,60272,58304,1968,55693,86464,71216,1013,44511,113997,1386496,689088,557888,508032,508032,mosaic_delta,0.7372527166341599,128615.164,136969.114,137392.624,137392.624,1.772683662713364,1.6645650493146944,1.6594340610308163,1.6594340610308163,2.8906282656707307,2.3566590446539615,2.0718754601116838,136622.49,3,True
cora_resgcn16,trained,12,13,2,128,32,window_cost_cluster,85,850,2445,2145,54112,52480,1632,51982,78088,67024,739,41966,104462,1386496,693248,513408,465984,513408,phase0_mosaic,0.7405834564254062,118076.06400000001,125544.624,125544.624,125544.624,1.7694017984881336,1.6641413494535617,1.6641413494535617,1.6641413494535617,2.8543488130506716,2.3301104897514695,2.050516717325228,125526.74,2,True
cora_resgcn16,trained,14,15,2,128,32,window_cost_cluster,85,947,2471,2022,60200,57626,2574,47533,78928,59928,1209,32171,105159,1386496,692352,526272,472960,472960,mosaic_delta,0.6831207247180625,119238.164,126368.114,131190.624,131190.624,1.7638480243624013,1.6643280756726337,1.603148103022972,1.603148103022972,3.0234313003597504,2.446299989298053,2.138496623398481,126021.49,2,True
cora_resgcn16,trained,4,11,8,128,32,window_cost_cluster,85,611,4557,272,155744,145752,9992,356125,145384,470816,21621,252176,501877,5545984,2835776,2451328,2202880,2451328,phase0_mosaic,0.864429348439369,576202.956,606988.496,606988.496,606988.496,1.7420146660962288,1.6536623125720655,1.6536623125720655,1.6536623125720655,2.3044578167778167,1.9368216362720714,1.7407490066690066,628235.21,4,True
cora_deepres28_w128,trained,4,4,1,128,32,window_cost_cluster,85,3863,4831,2186,122980,116596,6384,51067,154424,0,0,0,167663,1386496,811072,822784,742976,742976,mosaic_delta,0.9160419790104948,186587.564,194247.614,207014.364,219186.624,1.797150854062278,1.7262811784138568,1.6198199657295278,1.5298652530913563,4.019401178843481,3.162915113222953,2.7061225448920045,193900.99,5,True
cora_deepres28_w128,trained,5,5,1,128,32,window_cost_cluster,85,3934,4758,2188,125252,118978,6274,48584,152096,0,0,0,167562,1386496,797504,816576,742208,742208,mosaic_delta,0.9306636706524356,186073.264,193360.864,205506.864,216204.624,1.8010325223294843,1.7331531989844646,1.630719254224034,1.5500316033943844,4.175032109336407,3.275315616520738,2.79546682035238,193014.24,4,True
cora_deepres28_w128,trained,6,6,1,128,32,window_cost_cluster,85,3912,4738,2230,124584,118921,5663,50864,151480,0,0,0,169785,1386496,811904,827200,748224,748224,mosaic_delta,0.9215670818224815,187899.264,195528.864,208244.864,219538.624,1.8071917514269775,1.7366745402867987,1.6306284509374502,1.5467437747992807,4.088702422145329,3.2179148488039724,2.7534948096885814,195182.24,6,True
cora_deepres28_w128,trained,7,7,1,128,32,window_cost_cluster,85,3932,4657,2291,125212,119286,5926,48416,148920,0,0,0,167702,1386496,800896,815680,741504,741504,mosaic_delta,0.9258430557775291,185774.464,193036.864,205140.864,216310.624,1.8054365103699075,1.7375126856598748,1.634993601274878,1.550566466860176,4.1976569729015205,3.2940641972470486,2.812148050231329,192690.24,2,True
cora_deepres28_w128,trained,8,8,1,128,32,window_cost_cluster,85,3933,4603,2344,125244,119538,5706,47193,147168,0,0,0,166731,1386496,799104,808320,735488,735488,mosaic_delta,0.9203908377382669,184420.164,191499.114,203297.364,213468.624,1.8081645345462334,1.7413239833579595,1.640267209760772,1.5621124723228645,4.265479202424088,3.343837359814785,2.852295043756489,191152.49,3,True
cora_deepres28_w128,trained,9,9,1,128,32,window_cost_cluster,85,3815,4672,2393,121504,115935,5569,47939,149368,0,0,0,163874,1386496,779904,797440,723648,723648,mosaic_delta,0.9278680452978828,181551.764,188742.614,200727.364,211382.624,1.8052592427578946,1.7364811954972712,1.6328017937803438,1.5504964116634297,4.156861010867979,3.265108176423481,2.789506664719749,188395.99,5,True
cora_deepres28_w128,trained,10,10,1,128,32,window_cost_cluster,85,3911,4476,2493,124564,119021,5543,46245,143104,0,0,0,165266,1386496,789440,800128,727808,727808,mosaic_delta,0.921929468990677,182601.364,189538.114,201099.364,211174.624,1.8101288662882058,1.7438814443410575,1.6436252876463597,1.5652070013866817,4.306341442318089,3.3740705035091936,2.876859336144448,189191.49,3,True
cora_deepres28_w128,trained,11,11,1,128,32,window_cost_cluster,85,3754,4556,2570,119552,114188,5364,47235,145656,0,0,0,161423,1386496,769792,785664,712448,712448,mosaic_delta,0.9255071499833721,178738.364,185823.614,197632.364,208268.624,1.8062490490290042,1.7373787596230907,1.633568477681115,1.550142281633358,4.1582038742457925,3.266696563436289,2.7912259976712184,185476.99,2,True
cora_deepres28_w128,trained,12,12,1,128,32,window_cost_cluster,85,3782,4523,2575,120448,114839,5609,46343,144576,0,0,0,161182,1386496,772672,783936,711360,711360,mosaic_delta,0.9206493829205665,178628.164,185579.614,197165.364,207314.624,1.8046650247158114,1.7370657964618894,1.6349930508078487,1.554950604931758,4.209044731674687,3.3017344958058485,2.8178357033424684,185232.99,2,True
cora_deepres28_w128,trained,13,13,1,128,32,window_cost_cluster,85,3760,4592,2528,119708,114031,5677,46493,146824,0,0,0,160524,1386496,766464,782336,709440,709440,mosaic_delta,0.9256012024048096,178106.164,185080.114,196703.364,207640.624,1.802565350854449,1.7346434096101757,1.6321429052936787,1.546171427417787,4.181936205450283,3.2812452178401808,2.8008766911147913,184733.49,3,True
cora_deepres28_w128,trained,14,14,1,128,32,window_cost_cluster,85,3705,4479,2696,117948,112545,5403,45709,143200,0,0,0,158254,1386496,749056,770240,698624,698624,mosaic_delta,0.9326725905673274,175398.764,182255.114,193682.364,203958.624,1.8045053042677086,1.7366206799552413,1.6341601448028586,1.5518245504539194,4.1947047627381915,3.291520440746614,2.8098221356844384,181908.49,2,True
cora_deepres28_w128,trained,15,15,1,128,32,window_cost_cluster,85,3600,4549,2731,114636,109231,5405,45876,145400,0,0,0,155107,1386496,732416,757248,686656,686656,mosaic_delta,0.9375218455085634,172322.464,179203.864,190672.864,200688.624,1.8001947790161588,1.7310675845694934,1.6269436221401699,1.545747804818274,4.113300200540588,3.2312988130575055,2.760898073066527,178857.24,4,True
cora_deepres28_w128,trained,16,16,1,128,32,window_cost_cluster,85,3524,4464,2892,112192,106765,5427,44756,142728,0,0,0,151521,1386496,716608,740544,671680,671680,mosaic_delta,0.9373046351701348,168583.464,175296.864,186485.864,196656.624,1.7975784386539833,1.7287360029441257,1.6250132503340844,1.5409702141535797,4.112001966216821,3.2288306061465657,2.757805880775762,174950.24,4,True
cora_deepres28_w128,trained,17,17,1,128,32,window_cost_cluster,85,3406,4546,2928,108452,103147,5305,45702,145336,0,0,0,148849,1386496,710592,730368,661568,661568,mosaic_delta,0.9310096370350356,165945.064,172800.364,184225.864,194326.624,1.7939551368638478,1.72278572283563,1.6159403111823647,1.5319465437736415,3.9904546846965125,3.14081629003012,2.68767581287471,172453.74,4,True
cora_deepres28_w128,trained,18,18,1,128,32,window_cost_cluster,85,3411,4474,2995,108564,103311,5253,46339,143072,0,0,0,149650,1386496,712896,734848,663680,663680,mosaic_delta,0.9309632821617739,166703.764,173654.614,185239.364,195580.624,1.7954003726034644,1.723536122109603,1.6157472879252597,1.5303151911408155,3.9689194846673432,3.126451359874348,2.6771350266514164,173307.99,7,True
cora_deepres28_w128,trained,19,19,1,128,32,window_cost_cluster,85,3451,4379,3050,109844,104280,5564,44493,140048,0,0,0,148773,1386496,706560,728960,660992,660992,mosaic_delta,0.9355072463768116,165882.164,172556.114,183679.364,193272.624,1.7937190643353316,1.7243434214101507,1.6199206787323153,1.5395144632589042,4.066993909154249,3.194714048814714,2.729498123300294,172209.49,2,True
cora_deepres28_w128,trained,20,20,1,128,32,window_cost_cluster,85,3312,4430,3138,105420,100493,4927,45547,141664,0,0,0,146040,1386496,699392,717440,647936,647936,mosaic_delta,0.9264275256222547,162655.564,169487.614,180874.364,191266.624,1.7956963341260184,1.7233117695550306,1.614822540578498,1.527082947833073,3.94916811206007,3.1127268249424156,2.6666248051463324,169140.99,5,True
cora_deepres28_w128,trained,21,21,1,128,32,window_cost_cluster,85,3254,4427,3199,103552,98497,5055,45523,141576,0,0,0,144020,1386496,697664,708928,639680,639680,mosaic_delta,0.916888358866159,160759.164,167587.614,178968.364,188640.624,1.7917485562440472,1.7187427705725318,1.609446460604624,1.5269245504616227,3.9035819256200166,3.078275272222642,2.6381117237440415,167240.99,3,True
cora_deepres28_w128,trained,22,22,1,128,32,window_cost_cluster,85,3190,4571,3119,101480,96120,5360,46184,146192,0,0,0,142304,1386496,691328,704960,635392,635392,mosaic_delta,0.9190890575819293,159522.264,166449.864,177995.864,188254.624,1.7841271360090527,1.7098722291536388,1.5989585016424877,1.511824750716349,3.8159267278711244,3.012124921862645,2.5834306253247874,166103.24,3,True
cora_deepres28_w128,trained,23,23,1,128,32,window_cost_cluster,85,3226,4427,3227,102680,97747,4933,43455,141584,0,0,0,141202,1386496,691968,693056,628480,628480,mosaic_delta,0.9082500924898261,157612.364,164130.614,174994.364,184270.624,1.7917629863098812,1.720605273553659,1.613789116088333,1.5325502994986329,3.979720630537338,3.13205512949428,2.679966862271315,163783.99,5,True
cora_deepres28_w128,trained,24,24,1,128,32,window_cost_cluster,85,3174,4245,3461,101064,96460,4604,42463,135744,0,0,0,138923,1386496,692096,681088,616320,616320,mosaic_delta,0.8905122988718328,154769.164,161138.614,171754.364,180842.624,1.7952284086770671,1.7242670338470207,1.6176939760319569,1.536396640650381,4.00661187386666,3.1531445585875795,2.6979619904387344,160791.99,3,True
cora_deepres28_w128,trained,25,25,1,128,32,window_cost_cluster,85,3149,4304,3427,100252,95571,4681,42251,137632,0,0,0,137822,1386496,685888,676416,613120,613120,mosaic_delta,0.8939068769245124,153767.964,160105.614,170668.364,179754.624,1.7925970587735687,1.72163856790181,1.6150854999699886,1.5334459490733323,3.9927755556081514,3.1418237386714805,2.6879827696385887,159758.99,3,True
cora_deepres28_w128,trained,26,26,1,128,32,window_cost_cluster,85,3178,4088,3614,101180,96409,4771,40533,130720,0,0,0,136942,1386496,678336,670272,608960,608960,mosaic_delta,0.8977262005849609,152644.164,158724.114,168857.364,177524.624,1.7942644698817312,1.7255349114753917,1.6219843393978364,1.5427944238315918,4.099690622455777,3.2183346902523877,2.7482781930772457,158377.49,4,True
cora_deepres28_w128,trained,27,27,1,128,32,window_cost_cluster,85,3089,4151,3640,98356,93526,4830,40711,132720,0,0,0,134237,1386496,671360,659456,598080,598080,mosaic_delta,0.8908484270734033,150062.964,156169.614,166347.364,175256.624,1.7890756842574427,1.7191180353432902,1.6139360044202444,1.5318907432565858,4.017090221316106,3.1569210329864914,2.69816413254403,155822.99,7,True
cora_deepres28_w128,trained,28,28,1,128,32,window_cost_cluster,85,3123,3958,3799,99408,94665,4743,40549,126576,0,0,0,135214,1386496,675392,662912,600320,600320,mosaic_delta,0.8888467734293566,150792.764,156875.114,167012.364,176092.624,1.7933751781352056,1.7238425719964736,1.6192094616420134,1.5357145226026048,4.058935115539224,3.1890439371796018,2.725101975387802,156528.49,2,True
cora_deepres28_w128,trained,4,5,2,128,32,window_cost_cluster,85,3662,5386,1832,233096,220915,12181,114310,172112,99672,4546,28458,335225,2772992,1608576,1642176,1461760,1461760,mosaic_delta,0.9087292114267526,372624.728,389771.228,418348.728,436523.248,1.7992633060036745,1.7201115727300424,1.6026103466484067,1.535886125359353,3.711482110051614,2.946457177849707,2.5384438806753566,389077.98,3,True
cora_deepres28_w128,trained,6,7,2,128,32,window_cost_cluster,85,3765,5186,1929,239784,228308,11476,109179,165768,70752,5457,17911,337487,2772992,1612800,1648832,1464192,1464192,mosaic_delta,0.9078571428571428,373181.628,389558.478,416853.228,438325.248,1.8087010435572675,1.7326641264883471,1.619212602091209,1.539893043076542,3.870547632786525,3.064164656605009,2.634093735974867,388865.23,2,True
cora_deepres28_w128,trained,8,9,2,128,32,window_cost_cluster,85,3729,4954,2197,237528,226955,10573,103650,158344,56880,5627,15570,330605,2772992,1579008,1605632,1429952,1429952,mosaic_delta,0.9056014915693904,364473.728,380021.228,405933.728,424911.248,1.8141499625454485,1.7399291178544374,1.6288619407353113,1.5561131956666865,3.9695563917028465,3.13747937666478,2.693704968644477,379327.98,5,True
cora_deepres28_w128,trained,10,11,2,128,32,window_cost_cluster,85,3702,4857,2321,235824,225754,10070,100935,155256,50656,5498,14315,326689,2772992,1559232,1584064,1411136,1411136,mosaic_delta,0.905019907236383,359597.228,374737.478,399971.228,418583.248,1.816971737056883,1.7435619289725806,1.6335625021507798,1.5609272543080843,4.017461930945658,3.173124313753363,2.722810917917472,374044.23,3,True
cora_deepres28_w128,trained,12,13,2,128,32,window_cost_cluster,85,3655,4793,2432,232792,222434,10358,99272,153184,43856,5834,11194,321706,2772992,1539136,1565504,1391104,1391104,mosaic_delta,0.9038213647137096,354623.928,369514.728,394332.728,414553.248,1.8143502149691375,1.7412350611367242,1.631647475124104,1.5520611721271569,4.016041985655573,3.170654521437807,2.719781207188331,368821.48,2,True
cora_deepres28_w128,trained,14,15,2,128,32,window_cost_cluster,85,3459,4871,2550,220224,210885,9339,102476,155704,43880,5718,11832,313361,2772992,1481472,1531072,1353856,1353856,mosaic_delta,0.9138586486953516,345624.328,360995.728,386614.728,407145.248,1.813304068109465,1.7360925667242244,1.6210505048322938,1.5393081537328908,3.8498235684452946,3.0521114424246956,2.6266649752137083,360302.48,6,True
cora_deepres28_w128,trained,16,17,2,128,32,window_cost_cluster,85,3290,4827,2763,209432,200170,9262,100200,154320,40912,5752,11790,300370,2772992,1427200,1473216,1299648,1299648,mosaic_delta,0.910627802690583,332254.728,347284.728,372334.728,392203.248,1.8080705837239432,1.7298198036511412,1.613440688777223,1.531705826158788,3.786412375249501,3.0044024819925372,2.5873305389221555,346591.48,5,True
cora_deepres28_w128,trained,18,19,2,128,32,window_cost_cluster,85,3266,4754,2860,207872,198584,9288,99839,152016,34560,5833,9287,298423,2772992,1419456,1467008,1291776,1291776,mosaic_delta,0.9100500473420804,330153.628,345129.478,370089.228,391105.248,1.8077826483857387,1.7293393872313625,1.6127083817743542,1.5260495814159978,3.778168050561404,2.998417870162266,2.582551107282725,344436.23,4,True
cora_deepres28_w128,trained,20,21,2,128,32,window_cost_cluster,85,3148,4723,3009,200344,191497,8847,98563,151024,34336,5867,9403,290060,2772992,1397056,1428352,1256384,1256384,mosaic_delta,0.8993082596545879,321200.028,335984.478,360625.228,380735.248,1.806101959617513,1.7266273830661902,1.6086506294007805,1.523683459956405,3.7339825289408806,2.9662722716743963,2.556826801132271,335291.23,5,True
cora_deepres28_w128,trained,22,23,2,128,32,window_cost_cluster,85,3046,4821,3013,193792,184987,8805,98519,154176,29424,6077,7581,283506,2772992,1383296,1401664,1229824,1229824,mosaic_delta,0.8890533913204405,314622.628,329400.478,354030.228,373961.248,1.8021971388529625,1.721345407397982,1.601592053885297,1.5162319706452578,3.668871182208508,2.9181724646360427,2.5177998152640604,328707.23,2,True
cora_deepres28_w128,trained,24,25,2,128,32,window_cost_cluster,85,3045,4486,3349,193848,185683,8165,91062,143448,25064,5600,6542,276745,2772992,1377984,1358784,1197888,1197888,mosaic_delta,0.8693047234220427,306096.928,319756.228,342521.728,361473.248,1.8082180818227616,1.73097488503023,1.615926683635089,1.531205982911355,3.824367134479805,3.0315628052745724,2.6087338296984472,319062.98,5,True
cora_deepres28_w128,trained,26,27,2,128,32,window_cost_cluster,85,3041,4357,3482,193616,184982,8634,86197,139304,24936,5477,6857,271179,2772992,1349696,1328832,1175744,1175744,mosaic_delta,0.8711176442695244,300399.428,313328.978,334878.228,352503.248,1.8054561675130751,1.7309538474925228,1.6195678149610848,1.5385900784664541,3.915084283675766,3.094378831907295,2.656669257630776,312635.73,4,True
cora_deepres28_w128,trained,4,11,8,128,32,window_cost_cluster,85,3412,6212,1256,869248,819961,49287,510045,198424,489520,46119,128181,1330006,11091968,6359616,6493632,5715584,5715584,mosaic_delta,0.898730992563073,1478867.412,1555374.162,1682885.412,1721694.992,1.7986818685811976,1.710207141784833,1.5806257401915134,1.5449960721033449,3.421202207648345,2.740952255278414,2.3781522806811166,1552601.17,3,True
cora_deepres28_w128,trained,12,19,8,128,32,window_cost_cluster,85,3180,5769,1931,809664,770945,38719,462915,184368,299856,47877,79839,1233860,11091968,5867264,6043520,5263808,5263808,mosaic_delta,0.8971486539552337,1364366.412,1433803.662,1549532.412,1605496.992,1.808693015524044,1.7211003608107678,1.5925578457664427,1.5370442998625062,3.48948096302777,2.7941556403678205,2.423315468282514,1431030.67,3,True
cora_deepres28_w128,trained,20,27,8,128,32,window_cost_cluster,85,2924,5358,2598,744320,711013,33307,410477,171296,208824,45826,54532,1121490,11091968,5508032,5518144,4775488,4775488,mosaic_delta,0.8670044037507407,1239355.612,1300927.162,1403546.412,1469508.992,1.8097953309626842,1.724139571774119,1.5980803918011084,1.5263465635193607,3.551775324805044,2.8390371964917596,2.458910194724674,1298154.17,2,True
pubmed_deepres28_w128,trained,4,4,1,128,32,window_cost_cluster,617,34309,16668,27999,1096214,1074470,21744,166645,533184,0,0,0,1241115,10095104,5981504,5587136,5287680,5287680,mosaic_delta,0.8840050930334578,1319783.036,1344779.786,1386441.036,1411945.776,1.8807864113204134,1.8458263768102177,1.7903610291004108,1.7580207697721104,8.090733235320592,6.147865879955701,5.111669957094422,1342256.01,6,True
pubmed_deepres28_w128,trained,5,5,1,128,32,window_cost_cluster,617,35111,15890,27975,1121959,1099752,22207,163188,508360,0,0,0,1262940,10095104,6112000,5669760,5375552,5375552,mosaic_delta,0.8795078534031414,1341143.3360000001,1365621.536,1406418.536,1430318.776,1.8818092982717545,1.8480786465863115,1.7944700922229597,1.764484982192529,8.362521999166605,6.345289274253968,5.269431820967228,1363097.76,4,True
pubmed_deepres28_w128,trained,6,6,1,128,32,window_cost_cluster,617,33829,16127,29020,1080935,1057540,23395,168112,515968,0,0,0,1225652,10095104,5866880,5533376,5226944,5226944,mosaic_delta,0.8909239664012217,1305713.736,1330930.536,1372958.536,1397858.776,1.8773670923532353,1.8417970988682761,1.7854173565515454,1.7536134852008827,7.929459170077092,6.027540780266574,5.013184305700961,1328406.76,5,True
pubmed_deepres28_w128,trained,7,7,1,128,32,window_cost_cluster,617,32988,16546,29442,1054023,1030395,23628,173202,529400,0,0,0,1203597,10095104,5730368,5455424,5143616,5143616,mosaic_delta,0.8976065760523583,1284715.736,1310696.036,1353996.536,1380686.776,1.8737172220641345,1.8365768522092332,1.7778435439069689,1.7434758135178952,7.595317836976478,5.782510674894307,4.81568018845048,1308172.26,5,True
pubmed_deepres28_w128,trained,8,8,1,128,32,window_cost_cluster,617,31983,16727,30266,1021890,998519,23371,170897,535264,0,0,0,1169416,10095104,5484096,5312960,5005824,5005824,mosaic_delta,0.9127892728354865,1250184.236,1275818.786,1318543.036,1344765.776,1.8707898665265204,1.833200784989852,1.773800275109109,1.7392114238338556,7.484966032171425,5.699884705534557,4.747841331328227,1273295.01,3,True
pubmed_deepres28_w128,trained,9,9,1,128,32,window_cost_cluster,617,31453,16294,31229,1004984,982734,22250,169221,521360,0,0,0,1151955,10095104,5344896,5231936,4929920,4929920,mosaic_delta,0.9223603228201259,1231108.6360000002,1256491.786,1298797.036,1323583.776,1.8714108021251827,1.8336053014197737,1.77387993361574,1.7406605020217472,7.454560840557614,5.678717416869066,4.731600924235171,1253968.01,3,True
pubmed_deepres28_w128,trained,10,10,1,128,32,window_cost_cluster,617,30722,16718,31536,981592,959783,21809,170251,534952,0,0,0,1130034,10095104,5241856,5145728,4843520,4843520,mosaic_delta,0.9240085954287947,1209168.6360000002,1234706.286,1277269.036,1303519.776,1.8691090164862658,1.8304499018319567,1.769453369885027,1.7338194951942179,7.287471086807126,5.555960092681573,4.632487562481277,1232182.51,4,True
pubmed_deepres28_w128,trained,11,11,1,128,32,window_cost_cluster,617,30155,16496,32325,963502,943575,19927,166593,527824,0,0,0,1110168,10095104,5143936,5048064,4754688,4754688,mosaic_delta,0.9243287630328215,1186887.8360000001,1211876.786,1253525.036,1277983.776,1.8707210004636021,1.832146655212851,1.7712737569925965,1.7373741683556394,7.318580252471593,5.580157608793522,4.65299886549855,1209353.01,5,True
pubmed_deepres28_w128,trained,12,12,1,128,32,window_cost_cluster,617,29554,16232,33190,944324,924012,20312,163380,519328,0,0,0,1087392,10095104,5157440,4949120,4662784,4662784,mosaic_delta,0.9040888502823106,1163976.536,1188483.536,1229328.536,1252409.776,1.8684087975464136,1.829881470061862,1.769082825553152,1.7364795785496965,7.302296731546089,5.566053138322503,4.640056555269923,1185959.76,7,True
pubmed_deepres28_w128,trained,13,13,1,128,32,window_cost_cluster,617,29389,15725,33862,939071,919507,19564,158382,503080,0,0,0,1077889,10095104,5131712,4899584,4620032,4620032,mosaic_delta,0.9002905852861579,1152844.736,1176602.036,1216197.536,1238146.776,1.8699638664958955,1.8322065864587709,1.7725558029744273,1.7411328299577948,7.44830372138248,5.672922460995513,4.726052455455796,1174078.26,3,True
pubmed_deepres28_w128,trained,14,14,1,128,32,window_cost_cluster,617,28695,16408,33873,916863,895669,21194,169165,525008,0,0,0,1064834,10095104,5128448,4874240,4576512,4576512,mosaic_delta,0.8923775769979534,1143012.036,1168386.786,1210678.036,1237028.776,1.8632069767636286,1.8227422849337154,1.7590704850286059,1.7215994011767435,6.947425531286022,5.3053436431372,4.429566636124493,1165863.01,3,True
pubmed_deepres28_w128,trained,15,15,1,128,32,window_cost_cluster,617,28519,16279,34178,911258,890924,20334,165344,520832,0,0,0,1056268,10095104,5114944,4826240,4538496,4538496,mosaic_delta,0.8873012099448205,1133105.936,1157907.536,1199243.536,1224449.776,1.8643764302016683,1.8244427420325553,1.7615571287932295,1.7252941210060704,7.0388537836268625,5.3723392810562025,4.483531546351848,1155383.76,6,True
pubmed_deepres28_w128,trained,16,16,1,128,32,window_cost_cluster,617,28532,15948,34496,911701,891540,20161,165122,510288,0,0,0,1056662,10095104,5101504,4825600,4537344,4537344,mosaic_delta,0.8894130044786792,1133057.736,1157826.036,1199106.536,1223694.776,1.8651512035570268,1.8252517513779591,1.7624155457026045,1.7270025511655858,7.0519024721115295,5.382524942032322,4.492190259323409,1155302.26,4,True
pubmed_deepres28_w128,trained,17,17,1,128,32,window_cost_cluster,617,28729,15459,34788,917978,897041,20937,162088,494664,0,0,0,1059129,10095104,5116224,4835264,4548608,4548608,mosaic_delta,0.8890556785629402,1135630.3360000001,1159943.536,1200465.536,1225651.776,1.8652707072453547,1.8261733733218544,1.7645304562912498,1.728270656868856,7.177880163861606,5.473284377997567,4.564166625536745,1157419.76,5,True
pubmed_deepres28_w128,trained,18,18,1,128,32,window_cost_cluster,617,28419,15961,34596,908085,888045,20040,161481,510728,0,0,0,1049526,10095104,5076352,4789376,4508352,4508352,mosaic_delta,0.8881086260369652,1125446.6360000002,1149668.786,1190039.036,1213958.776,1.8650835435968194,1.8257884579985455,1.7638513834431897,1.7290966064897082,7.144854441079755,5.449364623055668,4.545103386776153,1147145.01,6,True
pubmed_deepres28_w128,trained,19,19,1,128,32,window_cost_cluster,617,28380,16000,34596,906891,887145,19746,161291,511952,0,0,0,1048436,10095104,5084352,4782080,4500992,4500992,mosaic_delta,0.885263648150246,1124072.6360000002,1148266.286,1188589.036,1212744.776,1.8654239351130328,1.8261199737079103,1.7641690580090459,1.7290299175034334,7.146978070692103,5.451253923168306,4.546867711155613,1145742.51,4,True
pubmed_deepres28_w128,trained,20,20,1,128,32,window_cost_cluster,617,27908,15982,35086,891895,872704,19191,160497,511352,0,0,0,1033201,10095104,5003520,4716736,4437312,4437312,mosaic_delta,0.8868380660015349,1108189.236,1132263.786,1172388.036,1196628.776,1.8646652871838578,1.8250181852941465,1.7625580750979275,1.7268530069178278,7.086009333507791,5.406658967755323,4.511005439354007,1129740.01,6,True
pubmed_deepres28_w128,trained,21,21,1,128,32,window_cost_cluster,617,27523,15066,36387,879602,860166,19436,157247,482088,0,0,0,1017413,10095104,4896384,4646720,4371520,4371520,mosaic_delta,0.8928057930096985,1091635.236,1115222.286,1154534.036,1177055.776,1.86401641582775,1.8245923037445468,1.762465147454518,1.7287422070302978,7.11419766354843,5.426330251410065,4.526134298269602,1112698.51,4,True
pubmed_deepres28_w128,trained,22,22,1,128,32,window_cost_cluster,617,27124,14665,37187,866834,847863,18971,149015,469256,0,0,0,996878,10095104,4870080,4543360,4284672,4284672,mosaic_delta,0.8797949931007294,1069511.036,1091863.286,1129117.036,1148383.776,1.86417524727627,1.8260124921903453,1.7657655818063487,1.7361408630698034,7.319298325671912,5.574137567125574,4.643385162567527,1089339.51,7,True
pubmed_deepres28_w128,trained,23,23,1,128,32,window_cost_cluster,617,27596,14317,37063,881938,863653,18285,144880,458096,0,0,0,1008533,10095104,4852096,4583616,4329344,4329344,mosaic_delta,0.8922626427836547,1079804.536,1101536.536,1137756.536,1156301.776,1.8679917825423915,1.8311385361075303,1.7728450122478574,1.7444114000911124,7.586645775814467,5.770690742563562,4.802181391496411,1099012.76,5,True
pubmed_deepres28_w128,trained,24,24,1,128,32,window_cost_cluster,617,27350,13255,38371,874039,856259,17780,136277,424112,0,0,0,992536,10095104,4847680,4497408,4257280,4257280,mosaic_delta,0.8782097828239488,1061646.236,1082087.786,1116157.036,1131706.776,1.8698055271963494,1.8344833253667276,1.7784880943939145,1.7540515282732565,7.894613471091967,5.994641834039429,4.98132362761141,1079564.01,3,True
pubmed_deepres28_w128,trained,25,25,1,128,32,window_cost_cluster,617,26970,13234,38772,861933,845033,16900,134793,423392,0,0,0,979826,10095104,4830720,4438336,4201344,4201344,mosaic_delta,0.8697138314785373,1047890.836,1068109.786,1101808.036,1117518.776,1.8700917430296147,1.8346915510799373,1.7785784238008588,1.753574116234804,7.882881455268449,5.9865902338497134,4.975234915759721,1065586.01,6,True
pubmed_deepres28_w128,trained,26,26,1,128,32,window_cost_cluster,617,27075,12719,39182,865239,848326,16913,129625,406960,0,0,0,977951,10095104,4814528,4422976,4191232,4191232,mosaic_delta,0.8705385034628524,1045127.036,1064570.786,1096977.036,1111116.776,1.8714490512902586,1.8372681513730735,1.7829926569219448,1.7603028252720756,8.145699054966249,6.177578305312148,5.127913905496626,1062047.01,3,True
pubmed_deepres28_w128,trained,27,27,1,128,32,window_cost_cluster,617,27001,12563,39412,862952,846792,16160,125528,401944,0,0,0,972320,10095104,4800320,4388992,4164800,4164800,mosaic_delta,0.8676088260782614,1038216.336,1057045.536,1088427.536,1101467.776,1.8730585645494986,1.8396936875196264,1.7866508662088827,1.7654987666202955,8.34099356318909,6.32033924182514,5.242656937097699,1054521.76,4,True
pubmed_deepres28_w128,trained,28,28,1,128,32,window_cost_cluster,617,26867,12461,39648,858664,842060,16604,126569,398680,0,0,0,968629,10095104,4805632,4375296,4151232,4151232,mosaic_delta,0.863826443639463,1034996.436,1053981.786,1085624.036,1097881.776,1.871753305245198,1.8380374554214545,1.7844649121235925,1.7645415402177145,8.248554069321871,6.252126617995272,5.187365310621083,1051458.01,6,True
pubmed_deepres28_w128,trained,4,5,2,128,32,window_cost_cluster,617,33291,19831,25854,2127546,2080274,47272,423781,634208,336032,16770,132117,2504055,20190208,12093504,11265536,10553536,10553536,mosaic_delta,0.8726615545006642,2671442.1720000003,2735009.322,2840954.572,2845250.552,1.8746840386406836,1.8311125888001634,1.7628264983041761,1.7601648461080766,6.625767743244742,5.084330682285344,4.262230916440331,2729961.77,3,True
pubmed_deepres28_w128,trained,6,7,2,128,32,window_cost_cluster,617,32265,19213,27498,2061882,2011737,50145,417512,614576,295216,17141,114776,2429249,20190208,11597248,11000960,10256576,10256576,mosaic_delta,0.8843974018663738,2597830.2720000003,2660457.072,2764835.072,2779793.552,1.8702137904719895,1.8261892105432926,1.7572469508951598,1.7477909453039842,6.526706968901492,5.0088652531309705,4.19934967138669,2655409.52,5,True
pubmed_deepres28_w128,trained,8,9,2,128,32,window_cost_cluster,617,30422,19638,28916,1944038,1899463,44575,421908,628296,270376,18941,109498,2321371,20190208,10828992,10556032,9803904,9803904,mosaic_delta,0.9053385578269889,2484978.872,2548265.072,2653742.072,2672099.552,1.8683225247156146,1.8219227077331301,1.749507628863488,1.737488409264177,6.226261365036928,4.790936499240923,4.02542990414972,2543217.52,7,True
pubmed_deepres28_w128,trained,10,11,2,128,32,window_cost_cluster,617,29954,18536,30486,1914194,1872454,41740,367748,593056,212544,20540,64960,2240202,20190208,10385792,10196224,9455296,9455296,mosaic_delta,0.9104068327191609,2394028.872,2449191.072,2541128.072,2581095.552,1.871491213995685,1.8293403284135439,1.76315552504746,1.7358535977206626,6.787108237162404,5.197975130417759,4.35043747348728,2444143.52,5,True
pubmed_deepres28_w128,trained,12,13,2,128,32,window_cost_cluster,617,28921,17730,32325,1848298,1809428,38870,355853,567168,183168,19751,53045,2165281,20190208,10289152,9857664,9133696,9133696,mosaic_delta,0.8877015326433121,2313885.372,2367263.322,2456226.572,2493294.552,1.8715542491445423,1.8293537350721474,1.7630954934559675,1.7368834326157865,6.781346454856359,5.194017099635304,4.347441443517408,2362215.77,3,True
pubmed_deepres28_w128,trained,14,15,2,128,32,window_cost_cluster,617,28046,18058,32872,1792244,1754264,37980,366838,577760,174112,20590,46234,2121102,20190208,10243392,9712192,8953984,8953984,mosaic_delta,0.8741229467738811,2270125.872,2325151.572,2416861.072,2465426.552,1.8687087144919337,1.8244849286754368,1.7552535597296424,1.7206775016512437,6.489642512498705,4.981262910271731,4.1767937890840106,2320104.02,2,True
pubmed_deepres28_w128,trained,16,17,2,128,32,window_cost_cluster,617,28016,17351,33609,1790432,1751704,38728,364087,555112,170728,19648,51383,2115791,20190208,10217728,9671680,8931904,8931904,mosaic_delta,0.8741575426552752,2264585.7720000003,2319198.822,2410220.572,2452632.552,1.8685898552929703,1.824587853296176,1.755682467056795,1.725322448545892,6.516408111248135,5.000436713585299,4.191918634831785,2314151.27,3,True
pubmed_deepres28_w128,trained,18,19,2,128,32,window_cost_cluster,617,27899,17215,33862,1782998,1746296,36702,351666,550784,163968,19473,42860,2097962,20190208,10160704,9580608,8850240,8850240,mosaic_delta,0.8710262595977601,2243259.6720000003,2296009.572,2383926.072,2430963.552,1.8704584459716527,1.8274854125913025,1.7600898154026312,1.7260332827894245,6.666963766755956,5.1106733241695,4.280651754790057,2290962.02,5,True
pubmed_deepres28_w128,trained,20,21,2,128,32,window_cost_cluster,617,27110,17016,34850,1732772,1697399,35373,353215,544416,158848,19098,44845,2050614,20190208,9899904,9374656,8651968,8651968,mosaic_delta,0.873944636230816,2194461.572,2247443.822,2335747.572,2378676.552,1.868899438627308,1.8248411639274336,1.7558524085238778,1.7241637987946163,6.512606995739139,4.998110774999093,4.190379457271067,2242396.27,4,True
pubmed_deepres28_w128,trained,22,23,2,128,32,window_cost_cluster,617,26815,16132,36029,1713892,1678773,35119,326638,516152,162200,17742,44696,2005411,20190208,9722176,9141248,8464512,8464512,mosaic_delta,0.8706396592696943,2145566.872,2194562.572,2276222.072,2310629.552,1.869353061114937,1.8276179732459228,1.762052151825369,1.735813513043825,6.825918845939541,5.224296574029434,4.370098029010709,2189515.02,5,True
pubmed_deepres28_w128,trained,24,25,2,128,32,window_cost_cluster,617,26627,14510,37839,1701914,1670914,31000,301448,464176,123792,16829,38692,1972362,20190208,9678400,8944192,8303616,8303616,mosaic_delta,0.8579533807240867,2103948.872,2149166.072,2224528.072,2253777.552,1.8749143824251637,1.8354672779330938,1.7732857812189478,1.750272113811523,7.223187680794034,5.516328728698468,4.606003954247499,2144118.52,5,True
pubmed_deepres28_w128,trained,26,27,2,128,32,window_cost_cluster,617,26588,13835,38553,1699472,1669370,30102,280901,442576,119984,16214,32649,1950271,20190208,9614848,8822976,8205888,8205888,mosaic_delta,0.8534599818946695,2078262.172,2120397.322,2190622.572,2216588.552,1.876828656437673,1.8395335437987315,1.7805632288536466,1.7597050189944317,7.605236293213623,5.794041787583216,4.8280713845803325,2115349.77,6,True
pubmed_deepres28_w128,trained,4,11,8,128,32,window_cost_cluster,617,27719,30002,21255,7085264,6845047,240217,2649830,959368,2003192,207821,698001,9494877,80760832,44905536,43052416,39993792,39993792,mosaic_delta,0.8906205239371823,10301938.288,10699412.788,10889911.208,10889911.208,1.84331855512276,1.774840767083787,1.7437932814410508,1.7437932814410508,4.386250785899473,3.4515023549500885,2.952969858443749,10679222.58,4,True
pubmed_deepres28_w128,trained,12,19,8,128,32,window_cost_cluster,617,27417,21756,29803,7008384,6844158,164226,1655978,695952,1284400,167681,355823,8500136,80760832,40910976,38852736,35499584,35499584,mosaic_delta,0.8677276239999749,9109395.088000001,9357791.788,9771786.288,9847323.208,1.8662350063611597,1.8166969713731356,1.7397302293519008,1.726385093787611,5.877277910696881,4.538234286561358,3.824077687022412,9337601.58,3,True
pubmed_deepres28_w128,trained,20,27,8,128,32,window_cost_cluster,617,26126,19517,33333,6679400,6542114,137286,1436544,624280,1055176,151759,301588,7978658,80760832,38915328,36323968,33244096,33244096,mosaic_delta,0.8542673981830501,8531781.688000001,8747263.288,9106399.288,9175858.208,1.870338058748509,1.8242638268235467,1.752318945758048,1.7390543356574064,6.283081423193442,4.834195037897718,4.061455632406665,8727073.08,5,True
