
 /----------------------------------------------------------------------------\
 |                                                                            |
 |  yosys -- Yosys Open SYnthesis Suite                                       |
 |                                                                            |
 |  Copyright (C) 2012 - 2020  Claire Xenia Wolf <claire@yosyshq.com>         |
 |                                                                            |
 |  Permission to use, copy, modify, and/or distribute this software for any  |
 |  purpose with or without fee is hereby granted, provided that the above    |
 |  copyright notice and this permission notice appear in all copies.         |
 |                                                                            |
 |  THE SOFTWARE IS PROVIDED "AS IS" AND THE AUTHOR DISCLAIMS ALL WARRANTIES  |
 |  WITH REGARD TO THIS SOFTWARE INCLUDING ALL IMPLIED WARRANTIES OF          |
 |  MERCHANTABILITY AND FITNESS. IN NO EVENT SHALL THE AUTHOR BE LIABLE FOR   |
 |  ANY SPECIAL, DIRECT, INDIRECT, OR CONSEQUENTIAL DAMAGES OR ANY DAMAGES    |
 |  WHATSOEVER RESULTING FROM LOSS OF USE, DATA OR PROFITS, WHETHER IN AN     |
 |  ACTION OF CONTRACT, NEGLIGENCE OR OTHER TORTIOUS ACTION, ARISING OUT OF   |
 |  OR IN CONNECTION WITH THE USE OR PERFORMANCE OF THIS SOFTWARE.            |
 |                                                                            |
 \----------------------------------------------------------------------------/

 Yosys 0.33 (git sha1 2584903a060)


-- Running command `
    read_verilog -sv /home/rishabh/HPCA2/mosaic_delta_phase1/rtl/xorflow_decoder_pipelined.sv;
    hierarchy -check -top xorflow_decoder_bank_pipelined;
    synth -noabc -flatten -top xorflow_decoder_bank_pipelined;
    stat;
  ' --

1. Executing Verilog-2005 frontend: /home/rishabh/HPCA2/mosaic_delta_phase1/rtl/xorflow_decoder_pipelined.sv
Parsing SystemVerilog input from `/home/rishabh/HPCA2/mosaic_delta_phase1/rtl/xorflow_decoder_pipelined.sv' to AST representation.
Generating RTLIL representation for module `\xorflow_decoder_lane_pipelined'.
Warning: Replacing memory \s2_q with list of registers. See /home/rishabh/HPCA2/mosaic_delta_phase1/rtl/xorflow_decoder_pipelined.sv:26
/home/rishabh/HPCA2/mosaic_delta_phase1/rtl/xorflow_decoder_pipelined.sv:30: Warning: Range [69:56] select out of bounds on signal `\word_q': Setting 6 MSB bits to undef.
/home/rishabh/HPCA2/mosaic_delta_phase1/rtl/xorflow_decoder_pipelined.sv:30: Warning: Range select [83:70] out of bounds on signal `\word_q': Setting all 14 result bits to undef.
/home/rishabh/HPCA2/mosaic_delta_phase1/rtl/xorflow_decoder_pipelined.sv:30: Warning: Range select [97:84] out of bounds on signal `\word_q': Setting all 14 result bits to undef.
/home/rishabh/HPCA2/mosaic_delta_phase1/rtl/xorflow_decoder_pipelined.sv:30: Warning: Range select [111:98] out of bounds on signal `\word_q': Setting all 14 result bits to undef.
Generating RTLIL representation for module `\xorflow_decoder_bank_pipelined'.
Successfully finished Verilog frontend.

2. Executing HIERARCHY pass (managing design hierarchy).

2.1. Analyzing design hierarchy..
Top module:  \xorflow_decoder_bank_pipelined
Used module:     \xorflow_decoder_lane_pipelined

2.2. Analyzing design hierarchy..
Top module:  \xorflow_decoder_bank_pipelined
Used module:     \xorflow_decoder_lane_pipelined
Removed 0 unused modules.

3. Executing SYNTH pass.

3.1. Executing HIERARCHY pass (managing design hierarchy).

3.1.1. Analyzing design hierarchy..
Top module:  \xorflow_decoder_bank_pipelined
Used module:     \xorflow_decoder_lane_pipelined

3.1.2. Analyzing design hierarchy..
Top module:  \xorflow_decoder_bank_pipelined
Used module:     \xorflow_decoder_lane_pipelined
Removed 0 unused modules.

3.2. Executing PROC pass (convert processes to netlists).

3.2.1. Executing PROC_CLEAN pass (remove empty switches from decision trees).
Cleaned up 0 empty switches.

3.2.2. Executing PROC_RMDEAD pass (remove dead branches from decision trees).
Marked 16 switch rules as full_case in process $proc$/home/rishabh/HPCA2/mosaic_delta_phase1/rtl/xorflow_decoder_pipelined.sv:25$3 in module xorflow_decoder_lane_pipelined.
Removed a total of 0 dead cases.

3.2.3. Executing PROC_PRUNE pass (remove redundant assignments in processes).
Removed 1 redundant assignment.
Promoted 54 assignments to connections.

3.2.4. Executing PROC_INIT pass (extract init attributes).

3.2.5. Executing PROC_ARST pass (detect async resets in processes).

3.2.6. Executing PROC_ROM pass (convert switches to ROMs).
Converted 0 switches.
<suppressed ~16 debug messages>

3.2.7. Executing PROC_MUX pass (convert decision trees to multiplexers).
Creating decoders for process `\xorflow_decoder_lane_pipelined.$proc$/home/rishabh/HPCA2/mosaic_delta_phase1/rtl/xorflow_decoder_pipelined.sv:0$102'.
Creating decoders for process `\xorflow_decoder_lane_pipelined.$proc$/home/rishabh/HPCA2/mosaic_delta_phase1/rtl/xorflow_decoder_pipelined.sv:25$3'.
     1/8: $0\event_ids[111:0] [111:98]
     2/8: $0\event_ids[111:0] [97:84]
     3/8: $0\event_ids[111:0] [83:70]
     4/8: $0\event_ids[111:0] [69:56]
     5/8: $0\event_ids[111:0] [55:42]
     6/8: $0\event_ids[111:0] [41:28]
     7/8: $0\event_ids[111:0] [27:14]
     8/8: $0\event_ids[111:0] [13:0]

3.2.8. Executing PROC_DLATCH pass (convert process syncs to latches).
No latch inferred for signal `\xorflow_decoder_lane_pipelined.\s0[0]' from process `\xorflow_decoder_lane_pipelined.$proc$/home/rishabh/HPCA2/mosaic_delta_phase1/rtl/xorflow_decoder_pipelined.sv:0$102'.
No latch inferred for signal `\xorflow_decoder_lane_pipelined.\s0[1]' from process `\xorflow_decoder_lane_pipelined.$proc$/home/rishabh/HPCA2/mosaic_delta_phase1/rtl/xorflow_decoder_pipelined.sv:0$102'.
No latch inferred for signal `\xorflow_decoder_lane_pipelined.\s0[2]' from process `\xorflow_decoder_lane_pipelined.$proc$/home/rishabh/HPCA2/mosaic_delta_phase1/rtl/xorflow_decoder_pipelined.sv:0$102'.
No latch inferred for signal `\xorflow_decoder_lane_pipelined.\s0[3]' from process `\xorflow_decoder_lane_pipelined.$proc$/home/rishabh/HPCA2/mosaic_delta_phase1/rtl/xorflow_decoder_pipelined.sv:0$102'.
No latch inferred for signal `\xorflow_decoder_lane_pipelined.\s0[4]' from process `\xorflow_decoder_lane_pipelined.$proc$/home/rishabh/HPCA2/mosaic_delta_phase1/rtl/xorflow_decoder_pipelined.sv:0$102'.
No latch inferred for signal `\xorflow_decoder_lane_pipelined.\s0[5]' from process `\xorflow_decoder_lane_pipelined.$proc$/home/rishabh/HPCA2/mosaic_delta_phase1/rtl/xorflow_decoder_pipelined.sv:0$102'.
No latch inferred for signal `\xorflow_decoder_lane_pipelined.\s0[6]' from process `\xorflow_decoder_lane_pipelined.$proc$/home/rishabh/HPCA2/mosaic_delta_phase1/rtl/xorflow_decoder_pipelined.sv:0$102'.
No latch inferred for signal `\xorflow_decoder_lane_pipelined.\s0[7]' from process `\xorflow_decoder_lane_pipelined.$proc$/home/rishabh/HPCA2/mosaic_delta_phase1/rtl/xorflow_decoder_pipelined.sv:0$102'.
No latch inferred for signal `\xorflow_decoder_lane_pipelined.\s1[0]' from process `\xorflow_decoder_lane_pipelined.$proc$/home/rishabh/HPCA2/mosaic_delta_phase1/rtl/xorflow_decoder_pipelined.sv:0$102'.
No latch inferred for signal `\xorflow_decoder_lane_pipelined.\s1[1]' from process `\xorflow_decoder_lane_pipelined.$proc$/home/rishabh/HPCA2/mosaic_delta_phase1/rtl/xorflow_decoder_pipelined.sv:0$102'.
No latch inferred for signal `\xorflow_decoder_lane_pipelined.\s1[2]' from process `\xorflow_decoder_lane_pipelined.$proc$/home/rishabh/HPCA2/mosaic_delta_phase1/rtl/xorflow_decoder_pipelined.sv:0$102'.
No latch inferred for signal `\xorflow_decoder_lane_pipelined.\s1[3]' from process `\xorflow_decoder_lane_pipelined.$proc$/home/rishabh/HPCA2/mosaic_delta_phase1/rtl/xorflow_decoder_pipelined.sv:0$102'.
No latch inferred for signal `\xorflow_decoder_lane_pipelined.\s1[4]' from process `\xorflow_decoder_lane_pipelined.$proc$/home/rishabh/HPCA2/mosaic_delta_phase1/rtl/xorflow_decoder_pipelined.sv:0$102'.
No latch inferred for signal `\xorflow_decoder_lane_pipelined.\s1[5]' from process `\xorflow_decoder_lane_pipelined.$proc$/home/rishabh/HPCA2/mosaic_delta_phase1/rtl/xorflow_decoder_pipelined.sv:0$102'.
No latch inferred for signal `\xorflow_decoder_lane_pipelined.\s1[6]' from process `\xorflow_decoder_lane_pipelined.$proc$/home/rishabh/HPCA2/mosaic_delta_phase1/rtl/xorflow_decoder_pipelined.sv:0$102'.
No latch inferred for signal `\xorflow_decoder_lane_pipelined.\s1[7]' from process `\xorflow_decoder_lane_pipelined.$proc$/home/rishabh/HPCA2/mosaic_delta_phase1/rtl/xorflow_decoder_pipelined.sv:0$102'.
No latch inferred for signal `\xorflow_decoder_lane_pipelined.\s2[0]' from process `\xorflow_decoder_lane_pipelined.$proc$/home/rishabh/HPCA2/mosaic_delta_phase1/rtl/xorflow_decoder_pipelined.sv:0$102'.
No latch inferred for signal `\xorflow_decoder_lane_pipelined.\s2[1]' from process `\xorflow_decoder_lane_pipelined.$proc$/home/rishabh/HPCA2/mosaic_delta_phase1/rtl/xorflow_decoder_pipelined.sv:0$102'.
No latch inferred for signal `\xorflow_decoder_lane_pipelined.\s2[2]' from process `\xorflow_decoder_lane_pipelined.$proc$/home/rishabh/HPCA2/mosaic_delta_phase1/rtl/xorflow_decoder_pipelined.sv:0$102'.
No latch inferred for signal `\xorflow_decoder_lane_pipelined.\s2[3]' from process `\xorflow_decoder_lane_pipelined.$proc$/home/rishabh/HPCA2/mosaic_delta_phase1/rtl/xorflow_decoder_pipelined.sv:0$102'.
No latch inferred for signal `\xorflow_decoder_lane_pipelined.\s2[4]' from process `\xorflow_decoder_lane_pipelined.$proc$/home/rishabh/HPCA2/mosaic_delta_phase1/rtl/xorflow_decoder_pipelined.sv:0$102'.
No latch inferred for signal `\xorflow_decoder_lane_pipelined.\s2[5]' from process `\xorflow_decoder_lane_pipelined.$proc$/home/rishabh/HPCA2/mosaic_delta_phase1/rtl/xorflow_decoder_pipelined.sv:0$102'.
No latch inferred for signal `\xorflow_decoder_lane_pipelined.\s2[6]' from process `\xorflow_decoder_lane_pipelined.$proc$/home/rishabh/HPCA2/mosaic_delta_phase1/rtl/xorflow_decoder_pipelined.sv:0$102'.
No latch inferred for signal `\xorflow_decoder_lane_pipelined.\s2[7]' from process `\xorflow_decoder_lane_pipelined.$proc$/home/rishabh/HPCA2/mosaic_delta_phase1/rtl/xorflow_decoder_pipelined.sv:0$102'.
No latch inferred for signal `\xorflow_decoder_lane_pipelined.\s3[0]' from process `\xorflow_decoder_lane_pipelined.$proc$/home/rishabh/HPCA2/mosaic_delta_phase1/rtl/xorflow_decoder_pipelined.sv:0$102'.
No latch inferred for signal `\xorflow_decoder_lane_pipelined.\s3[1]' from process `\xorflow_decoder_lane_pipelined.$proc$/home/rishabh/HPCA2/mosaic_delta_phase1/rtl/xorflow_decoder_pipelined.sv:0$102'.
No latch inferred for signal `\xorflow_decoder_lane_pipelined.\s3[2]' from process `\xorflow_decoder_lane_pipelined.$proc$/home/rishabh/HPCA2/mosaic_delta_phase1/rtl/xorflow_decoder_pipelined.sv:0$102'.
No latch inferred for signal `\xorflow_decoder_lane_pipelined.\s3[3]' from process `\xorflow_decoder_lane_pipelined.$proc$/home/rishabh/HPCA2/mosaic_delta_phase1/rtl/xorflow_decoder_pipelined.sv:0$102'.
No latch inferred for signal `\xorflow_decoder_lane_pipelined.\s3[4]' from process `\xorflow_decoder_lane_pipelined.$proc$/home/rishabh/HPCA2/mosaic_delta_phase1/rtl/xorflow_decoder_pipelined.sv:0$102'.
No latch inferred for signal `\xorflow_decoder_lane_pipelined.\s3[5]' from process `\xorflow_decoder_lane_pipelined.$proc$/home/rishabh/HPCA2/mosaic_delta_phase1/rtl/xorflow_decoder_pipelined.sv:0$102'.
No latch inferred for signal `\xorflow_decoder_lane_pipelined.\s3[6]' from process `\xorflow_decoder_lane_pipelined.$proc$/home/rishabh/HPCA2/mosaic_delta_phase1/rtl/xorflow_decoder_pipelined.sv:0$102'.
No latch inferred for signal `\xorflow_decoder_lane_pipelined.\s3[7]' from process `\xorflow_decoder_lane_pipelined.$proc$/home/rishabh/HPCA2/mosaic_delta_phase1/rtl/xorflow_decoder_pipelined.sv:0$102'.

3.2.9. Executing PROC_DFF pass (convert process syncs to FFs).
Creating register for signal `\xorflow_decoder_lane_pipelined.\dense_mask' using process `\xorflow_decoder_lane_pipelined.$proc$/home/rishabh/HPCA2/mosaic_delta_phase1/rtl/xorflow_decoder_pipelined.sv:25$3'.
  created $dff cell `$procdff$168' with positive edge clock.
Creating register for signal `\xorflow_decoder_lane_pipelined.\event_ids' using process `\xorflow_decoder_lane_pipelined.$proc$/home/rishabh/HPCA2/mosaic_delta_phase1/rtl/xorflow_decoder_pipelined.sv:25$3'.
  created $dff cell `$procdff$169' with positive edge clock.
Creating register for signal `\xorflow_decoder_lane_pipelined.\event_valid' using process `\xorflow_decoder_lane_pipelined.$proc$/home/rishabh/HPCA2/mosaic_delta_phase1/rtl/xorflow_decoder_pipelined.sv:25$3'.
  created $dff cell `$procdff$170' with positive edge clock.
Creating register for signal `\xorflow_decoder_lane_pipelined.\word_q' using process `\xorflow_decoder_lane_pipelined.$proc$/home/rishabh/HPCA2/mosaic_delta_phase1/rtl/xorflow_decoder_pipelined.sv:25$3'.
  created $dff cell `$procdff$171' with positive edge clock.
Creating register for signal `\xorflow_decoder_lane_pipelined.\mode_q' using process `\xorflow_decoder_lane_pipelined.$proc$/home/rishabh/HPCA2/mosaic_delta_phase1/rtl/xorflow_decoder_pipelined.sv:25$3'.
  created $dff cell `$procdff$172' with positive edge clock.
Creating register for signal `\xorflow_decoder_lane_pipelined.\base_q' using process `\xorflow_decoder_lane_pipelined.$proc$/home/rishabh/HPCA2/mosaic_delta_phase1/rtl/xorflow_decoder_pipelined.sv:25$3'.
  created $dff cell `$procdff$173' with positive edge clock.
Creating register for signal `\xorflow_decoder_lane_pipelined.\count_q' using process `\xorflow_decoder_lane_pipelined.$proc$/home/rishabh/HPCA2/mosaic_delta_phase1/rtl/xorflow_decoder_pipelined.sv:25$3'.
  created $dff cell `$procdff$174' with positive edge clock.
Creating register for signal `\xorflow_decoder_lane_pipelined.\k' using process `\xorflow_decoder_lane_pipelined.$proc$/home/rishabh/HPCA2/mosaic_delta_phase1/rtl/xorflow_decoder_pipelined.sv:25$3'.
  created $dff cell `$procdff$175' with positive edge clock.
Creating register for signal `\xorflow_decoder_lane_pipelined.\s2_q[0]' using process `\xorflow_decoder_lane_pipelined.$proc$/home/rishabh/HPCA2/mosaic_delta_phase1/rtl/xorflow_decoder_pipelined.sv:25$3'.
  created $dff cell `$procdff$176' with positive edge clock.
Creating register for signal `\xorflow_decoder_lane_pipelined.\s2_q[1]' using process `\xorflow_decoder_lane_pipelined.$proc$/home/rishabh/HPCA2/mosaic_delta_phase1/rtl/xorflow_decoder_pipelined.sv:25$3'.
  created $dff cell `$procdff$177' with positive edge clock.
Creating register for signal `\xorflow_decoder_lane_pipelined.\s2_q[2]' using process `\xorflow_decoder_lane_pipelined.$proc$/home/rishabh/HPCA2/mosaic_delta_phase1/rtl/xorflow_decoder_pipelined.sv:25$3'.
  created $dff cell `$procdff$178' with positive edge clock.
Creating register for signal `\xorflow_decoder_lane_pipelined.\s2_q[3]' using process `\xorflow_decoder_lane_pipelined.$proc$/home/rishabh/HPCA2/mosaic_delta_phase1/rtl/xorflow_decoder_pipelined.sv:25$3'.
  created $dff cell `$procdff$179' with positive edge clock.
Creating register for signal `\xorflow_decoder_lane_pipelined.\s2_q[4]' using process `\xorflow_decoder_lane_pipelined.$proc$/home/rishabh/HPCA2/mosaic_delta_phase1/rtl/xorflow_decoder_pipelined.sv:25$3'.
  created $dff cell `$procdff$180' with positive edge clock.
Creating register for signal `\xorflow_decoder_lane_pipelined.\s2_q[5]' using process `\xorflow_decoder_lane_pipelined.$proc$/home/rishabh/HPCA2/mosaic_delta_phase1/rtl/xorflow_decoder_pipelined.sv:25$3'.
  created $dff cell `$procdff$181' with positive edge clock.
Creating register for signal `\xorflow_decoder_lane_pipelined.\s2_q[6]' using process `\xorflow_decoder_lane_pipelined.$proc$/home/rishabh/HPCA2/mosaic_delta_phase1/rtl/xorflow_decoder_pipelined.sv:25$3'.
  created $dff cell `$procdff$182' with positive edge clock.
Creating register for signal `\xorflow_decoder_lane_pipelined.\s2_q[7]' using process `\xorflow_decoder_lane_pipelined.$proc$/home/rishabh/HPCA2/mosaic_delta_phase1/rtl/xorflow_decoder_pipelined.sv:25$3'.
  created $dff cell `$procdff$183' with positive edge clock.

3.2.10. Executing PROC_MEMWR pass (convert process memory writes to cells).

3.2.11. Executing PROC_CLEAN pass (remove empty switches from decision trees).
Removing empty process `xorflow_decoder_lane_pipelined.$proc$/home/rishabh/HPCA2/mosaic_delta_phase1/rtl/xorflow_decoder_pipelined.sv:0$102'.
Found and cleaned up 16 empty switches in `\xorflow_decoder_lane_pipelined.$proc$/home/rishabh/HPCA2/mosaic_delta_phase1/rtl/xorflow_decoder_pipelined.sv:25$3'.
Removing empty process `xorflow_decoder_lane_pipelined.$proc$/home/rishabh/HPCA2/mosaic_delta_phase1/rtl/xorflow_decoder_pipelined.sv:25$3'.
Cleaned up 16 empty switches.

3.2.12. Executing OPT_EXPR pass (perform const folding).
Optimizing module xorflow_decoder_bank_pipelined.
Optimizing module xorflow_decoder_lane_pipelined.
<suppressed ~29 debug messages>

3.3. Executing FLATTEN pass (flatten design).
Deleting now unused module xorflow_decoder_lane_pipelined.
<suppressed ~32 debug messages>

3.4. Executing OPT_EXPR pass (perform const folding).
Optimizing module xorflow_decoder_bank_pipelined.

3.5. Executing OPT_CLEAN pass (remove unused cells and wires).
Finding unused cells or wires in module \xorflow_decoder_bank_pipelined..
Removed 416 unused cells and 4352 unused wires.
<suppressed ~449 debug messages>

3.6. Executing CHECK pass (checking for obvious problems).
Checking module xorflow_decoder_bank_pipelined...
Found and reported 0 problems.

3.7. Executing OPT pass (performing simple optimizations).

3.7.1. Executing OPT_EXPR pass (perform const folding).
Optimizing module xorflow_decoder_bank_pipelined.

3.7.2. Executing OPT_MERGE pass (detect identical cells).
Finding identical cells in module `\xorflow_decoder_bank_pipelined'.
<suppressed ~2496 debug messages>
Removed a total of 832 cells.

3.7.3. Executing OPT_MUXTREE pass (detect dead branches in mux trees).
Running muxtree optimizer on module \xorflow_decoder_bank_pipelined..
  Creating internal representation of mux trees.
  Evaluating internal representation of mux trees.
  Analyzing evaluation results.
Removed 0 multiplexer ports.
<suppressed ~288 debug messages>

3.7.4. Executing OPT_REDUCE pass (consolidate $*mux and $reduce_* inputs).
  Optimizing cells in module \xorflow_decoder_bank_pipelined.
Performed a total of 0 changes.

3.7.5. Executing OPT_MERGE pass (detect identical cells).
Finding identical cells in module `\xorflow_decoder_bank_pipelined'.
Removed a total of 0 cells.

3.7.6. Executing OPT_DFF pass (perform DFF optimizations).
Setting constant 0-bit at position 8 on $flatten\lanes[17].decoder.$procdff$176 ($dff) from module xorflow_decoder_bank_pipelined.
Setting constant 0-bit at position 9 on $flatten\lanes[17].decoder.$procdff$176 ($dff) from module xorflow_decoder_bank_pipelined.
Setting constant 0-bit at position 10 on $flatten\lanes[17].decoder.$procdff$176 ($dff) from module xorflow_decoder_bank_pipelined.
Setting constant 0-bit at position 11 on $flatten\lanes[17].decoder.$procdff$176 ($dff) from module xorflow_decoder_bank_pipelined.
Setting constant 0-bit at position 12 on $flatten\lanes[17].decoder.$procdff$176 ($dff) from module xorflow_decoder_bank_pipelined.
Setting constant 0-bit at position 13 on $flatten\lanes[17].decoder.$procdff$176 ($dff) from module xorflow_decoder_bank_pipelined.
Setting constant 0-bit at position 8 on $flatten\lanes[18].decoder.$procdff$176 ($dff) from module xorflow_decoder_bank_pipelined.
Setting constant 0-bit at position 9 on $flatten\lanes[18].decoder.$procdff$176 ($dff) from module xorflow_decoder_bank_pipelined.
Setting constant 0-bit at position 10 on $flatten\lanes[18].decoder.$procdff$176 ($dff) from module xorflow_decoder_bank_pipelined.
Setting constant 0-bit at position 11 on $flatten\lanes[18].decoder.$procdff$176 ($dff) from module xorflow_decoder_bank_pipelined.
Setting constant 0-bit at position 12 on $flatten\lanes[18].decoder.$procdff$176 ($dff) from module xorflow_decoder_bank_pipelined.
Setting constant 0-bit at position 13 on $flatten\lanes[18].decoder.$procdff$176 ($dff) from module xorflow_decoder_bank_pipelined.
Setting constant 0-bit at position 8 on $flatten\lanes[19].decoder.$procdff$176 ($dff) from module xorflow_decoder_bank_pipelined.
Setting constant 0-bit at position 9 on $flatten\lanes[19].decoder.$procdff$176 ($dff) from module xorflow_decoder_bank_pipelined.
Setting constant 0-bit at position 10 on $flatten\lanes[19].decoder.$procdff$176 ($dff) from module xorflow_decoder_bank_pipelined.
Setting constant 0-bit at position 11 on $flatten\lanes[19].decoder.$procdff$176 ($dff) from module xorflow_decoder_bank_pipelined.
Setting constant 0-bit at position 12 on $flatten\lanes[19].decoder.$procdff$176 ($dff) from module xorflow_decoder_bank_pipelined.
Setting constant 0-bit at position 13 on $flatten\lanes[19].decoder.$procdff$176 ($dff) from module xorflow_decoder_bank_pipelined.
Setting constant 0-bit at position 8 on $flatten\lanes[11].decoder.$procdff$176 ($dff) from module xorflow_decoder_bank_pipelined.
Setting constant 0-bit at position 9 on $flatten\lanes[11].decoder.$procdff$176 ($dff) from module xorflow_decoder_bank_pipelined.
Setting constant 0-bit at position 10 on $flatten\lanes[11].decoder.$procdff$176 ($dff) from module xorflow_decoder_bank_pipelined.
Setting constant 0-bit at position 11 on $flatten\lanes[11].decoder.$procdff$176 ($dff) from module xorflow_decoder_bank_pipelined.
Setting constant 0-bit at position 12 on $flatten\lanes[11].decoder.$procdff$176 ($dff) from module xorflow_decoder_bank_pipelined.
Setting constant 0-bit at position 13 on $flatten\lanes[11].decoder.$procdff$176 ($dff) from module xorflow_decoder_bank_pipelined.
Setting constant 0-bit at position 8 on $flatten\lanes[1].decoder.$procdff$176 ($dff) from module xorflow_decoder_bank_pipelined.
Setting constant 0-bit at position 9 on $flatten\lanes[1].decoder.$procdff$176 ($dff) from module xorflow_decoder_bank_pipelined.
Setting constant 0-bit at position 10 on $flatten\lanes[1].decoder.$procdff$176 ($dff) from module xorflow_decoder_bank_pipelined.
Setting constant 0-bit at position 11 on $flatten\lanes[1].decoder.$procdff$176 ($dff) from module xorflow_decoder_bank_pipelined.
Setting constant 0-bit at position 12 on $flatten\lanes[1].decoder.$procdff$176 ($dff) from module xorflow_decoder_bank_pipelined.
Setting constant 0-bit at position 13 on $flatten\lanes[1].decoder.$procdff$176 ($dff) from module xorflow_decoder_bank_pipelined.
Setting constant 0-bit at position 8 on $flatten\lanes[20].decoder.$procdff$176 ($dff) from module xorflow_decoder_bank_pipelined.
Setting constant 0-bit at position 9 on $flatten\lanes[20].decoder.$procdff$176 ($dff) from module xorflow_decoder_bank_pipelined.
Setting constant 0-bit at position 10 on $flatten\lanes[20].decoder.$procdff$176 ($dff) from module xorflow_decoder_bank_pipelined.
Setting constant 0-bit at position 11 on $flatten\lanes[20].decoder.$procdff$176 ($dff) from module xorflow_decoder_bank_pipelined.
Setting constant 0-bit at position 12 on $flatten\lanes[20].decoder.$procdff$176 ($dff) from module xorflow_decoder_bank_pipelined.
Setting constant 0-bit at position 13 on $flatten\lanes[20].decoder.$procdff$176 ($dff) from module xorflow_decoder_bank_pipelined.
Setting constant 0-bit at position 8 on $flatten\lanes[0].decoder.$procdff$176 ($dff) from module xorflow_decoder_bank_pipelined.
Setting constant 0-bit at position 9 on $flatten\lanes[0].decoder.$procdff$176 ($dff) from module xorflow_decoder_bank_pipelined.
Setting constant 0-bit at position 10 on $flatten\lanes[0].decoder.$procdff$176 ($dff) from module xorflow_decoder_bank_pipelined.
Setting constant 0-bit at position 11 on $flatten\lanes[0].decoder.$procdff$176 ($dff) from module xorflow_decoder_bank_pipelined.
Setting constant 0-bit at position 12 on $flatten\lanes[0].decoder.$procdff$176 ($dff) from module xorflow_decoder_bank_pipelined.
Setting constant 0-bit at position 13 on $flatten\lanes[0].decoder.$procdff$176 ($dff) from module xorflow_decoder_bank_pipelined.
Setting constant 0-bit at position 8 on $flatten\lanes[21].decoder.$procdff$176 ($dff) from module xorflow_decoder_bank_pipelined.
Setting constant 0-bit at position 9 on $flatten\lanes[21].decoder.$procdff$176 ($dff) from module xorflow_decoder_bank_pipelined.
Setting constant 0-bit at position 10 on $flatten\lanes[21].decoder.$procdff$176 ($dff) from module xorflow_decoder_bank_pipelined.
Setting constant 0-bit at position 11 on $flatten\lanes[21].decoder.$procdff$176 ($dff) from module xorflow_decoder_bank_pipelined.
Setting constant 0-bit at position 12 on $flatten\lanes[21].decoder.$procdff$176 ($dff) from module xorflow_decoder_bank_pipelined.
Setting constant 0-bit at position 13 on $flatten\lanes[21].decoder.$procdff$176 ($dff) from module xorflow_decoder_bank_pipelined.
Setting constant 0-bit at position 8 on $flatten\lanes[22].decoder.$procdff$176 ($dff) from module xorflow_decoder_bank_pipelined.
Setting constant 0-bit at position 9 on $flatten\lanes[22].decoder.$procdff$176 ($dff) from module xorflow_decoder_bank_pipelined.
Setting constant 0-bit at position 10 on $flatten\lanes[22].decoder.$procdff$176 ($dff) from module xorflow_decoder_bank_pipelined.
Setting constant 0-bit at position 11 on $flatten\lanes[22].decoder.$procdff$176 ($dff) from module xorflow_decoder_bank_pipelined.
Setting constant 0-bit at position 12 on $flatten\lanes[22].decoder.$procdff$176 ($dff) from module xorflow_decoder_bank_pipelined.
Setting constant 0-bit at position 13 on $flatten\lanes[22].decoder.$procdff$176 ($dff) from module xorflow_decoder_bank_pipelined.
Setting constant 0-bit at position 8 on $flatten\lanes[12].decoder.$procdff$176 ($dff) from module xorflow_decoder_bank_pipelined.
Setting constant 0-bit at position 9 on $flatten\lanes[12].decoder.$procdff$176 ($dff) from module xorflow_decoder_bank_pipelined.
Setting constant 0-bit at position 10 on $flatten\lanes[12].decoder.$procdff$176 ($dff) from module xorflow_decoder_bank_pipelined.
Setting constant 0-bit at position 11 on $flatten\lanes[12].decoder.$procdff$176 ($dff) from module xorflow_decoder_bank_pipelined.
Setting constant 0-bit at position 12 on $flatten\lanes[12].decoder.$procdff$176 ($dff) from module xorflow_decoder_bank_pipelined.
Setting constant 0-bit at position 13 on $flatten\lanes[12].decoder.$procdff$176 ($dff) from module xorflow_decoder_bank_pipelined.
Setting constant 0-bit at position 8 on $flatten\lanes[23].decoder.$procdff$176 ($dff) from module xorflow_decoder_bank_pipelined.
Setting constant 0-bit at position 9 on $flatten\lanes[23].decoder.$procdff$176 ($dff) from module xorflow_decoder_bank_pipelined.
Setting constant 0-bit at position 10 on $flatten\lanes[23].decoder.$procdff$176 ($dff) from module xorflow_decoder_bank_pipelined.
Setting constant 0-bit at position 11 on $flatten\lanes[23].decoder.$procdff$176 ($dff) from module xorflow_decoder_bank_pipelined.
Setting constant 0-bit at position 12 on $flatten\lanes[23].decoder.$procdff$176 ($dff) from module xorflow_decoder_bank_pipelined.
Setting constant 0-bit at position 13 on $flatten\lanes[23].decoder.$procdff$176 ($dff) from module xorflow_decoder_bank_pipelined.
Setting constant 0-bit at position 8 on $flatten\lanes[24].decoder.$procdff$176 ($dff) from module xorflow_decoder_bank_pipelined.
Setting constant 0-bit at position 9 on $flatten\lanes[24].decoder.$procdff$176 ($dff) from module xorflow_decoder_bank_pipelined.
Setting constant 0-bit at position 10 on $flatten\lanes[24].decoder.$procdff$176 ($dff) from module xorflow_decoder_bank_pipelined.
Setting constant 0-bit at position 11 on $flatten\lanes[24].decoder.$procdff$176 ($dff) from module xorflow_decoder_bank_pipelined.
Setting constant 0-bit at position 12 on $flatten\lanes[24].decoder.$procdff$176 ($dff) from module xorflow_decoder_bank_pipelined.
Setting constant 0-bit at position 13 on $flatten\lanes[24].decoder.$procdff$176 ($dff) from module xorflow_decoder_bank_pipelined.
Setting constant 0-bit at position 8 on $flatten\lanes[25].decoder.$procdff$176 ($dff) from module xorflow_decoder_bank_pipelined.
Setting constant 0-bit at position 9 on $flatten\lanes[25].decoder.$procdff$176 ($dff) from module xorflow_decoder_bank_pipelined.
Setting constant 0-bit at position 10 on $flatten\lanes[25].decoder.$procdff$176 ($dff) from module xorflow_decoder_bank_pipelined.
Setting constant 0-bit at position 11 on $flatten\lanes[25].decoder.$procdff$176 ($dff) from module xorflow_decoder_bank_pipelined.
Setting constant 0-bit at position 12 on $flatten\lanes[25].decoder.$procdff$176 ($dff) from module xorflow_decoder_bank_pipelined.
Setting constant 0-bit at position 13 on $flatten\lanes[25].decoder.$procdff$176 ($dff) from module xorflow_decoder_bank_pipelined.
Setting constant 0-bit at position 8 on $flatten\lanes[26].decoder.$procdff$176 ($dff) from module xorflow_decoder_bank_pipelined.
Setting constant 0-bit at position 9 on $flatten\lanes[26].decoder.$procdff$176 ($dff) from module xorflow_decoder_bank_pipelined.
Setting constant 0-bit at position 10 on $flatten\lanes[26].decoder.$procdff$176 ($dff) from module xorflow_decoder_bank_pipelined.
Setting constant 0-bit at position 11 on $flatten\lanes[26].decoder.$procdff$176 ($dff) from module xorflow_decoder_bank_pipelined.
Setting constant 0-bit at position 12 on $flatten\lanes[26].decoder.$procdff$176 ($dff) from module xorflow_decoder_bank_pipelined.
Setting constant 0-bit at position 13 on $flatten\lanes[26].decoder.$procdff$176 ($dff) from module xorflow_decoder_bank_pipelined.
Setting constant 0-bit at position 8 on $flatten\lanes[13].decoder.$procdff$176 ($dff) from module xorflow_decoder_bank_pipelined.
Setting constant 0-bit at position 9 on $flatten\lanes[13].decoder.$procdff$176 ($dff) from module xorflow_decoder_bank_pipelined.
Setting constant 0-bit at position 10 on $flatten\lanes[13].decoder.$procdff$176 ($dff) from module xorflow_decoder_bank_pipelined.
Setting constant 0-bit at position 11 on $flatten\lanes[13].decoder.$procdff$176 ($dff) from module xorflow_decoder_bank_pipelined.
Setting constant 0-bit at position 12 on $flatten\lanes[13].decoder.$procdff$176 ($dff) from module xorflow_decoder_bank_pipelined.
Setting constant 0-bit at position 13 on $flatten\lanes[13].decoder.$procdff$176 ($dff) from module xorflow_decoder_bank_pipelined.
Setting constant 0-bit at position 8 on $flatten\lanes[27].decoder.$procdff$176 ($dff) from module xorflow_decoder_bank_pipelined.
Setting constant 0-bit at position 9 on $flatten\lanes[27].decoder.$procdff$176 ($dff) from module xorflow_decoder_bank_pipelined.
Setting constant 0-bit at position 10 on $flatten\lanes[27].decoder.$procdff$176 ($dff) from module xorflow_decoder_bank_pipelined.
Setting constant 0-bit at position 11 on $flatten\lanes[27].decoder.$procdff$176 ($dff) from module xorflow_decoder_bank_pipelined.
Setting constant 0-bit at position 12 on $flatten\lanes[27].decoder.$procdff$176 ($dff) from module xorflow_decoder_bank_pipelined.
Setting constant 0-bit at position 13 on $flatten\lanes[27].decoder.$procdff$176 ($dff) from module xorflow_decoder_bank_pipelined.
Setting constant 0-bit at position 8 on $flatten\lanes[28].decoder.$procdff$176 ($dff) from module xorflow_decoder_bank_pipelined.
Setting constant 0-bit at position 9 on $flatten\lanes[28].decoder.$procdff$176 ($dff) from module xorflow_decoder_bank_pipelined.
Setting constant 0-bit at position 10 on $flatten\lanes[28].decoder.$procdff$176 ($dff) from module xorflow_decoder_bank_pipelined.
Setting constant 0-bit at position 11 on $flatten\lanes[28].decoder.$procdff$176 ($dff) from module xorflow_decoder_bank_pipelined.
Setting constant 0-bit at position 12 on $flatten\lanes[28].decoder.$procdff$176 ($dff) from module xorflow_decoder_bank_pipelined.
Setting constant 0-bit at position 13 on $flatten\lanes[28].decoder.$procdff$176 ($dff) from module xorflow_decoder_bank_pipelined.
Setting constant 0-bit at position 8 on $flatten\lanes[29].decoder.$procdff$176 ($dff) from module xorflow_decoder_bank_pipelined.
Setting constant 0-bit at position 9 on $flatten\lanes[29].decoder.$procdff$176 ($dff) from module xorflow_decoder_bank_pipelined.
Setting constant 0-bit at position 10 on $flatten\lanes[29].decoder.$procdff$176 ($dff) from module xorflow_decoder_bank_pipelined.
Setting constant 0-bit at position 11 on $flatten\lanes[29].decoder.$procdff$176 ($dff) from module xorflow_decoder_bank_pipelined.
Setting constant 0-bit at position 12 on $flatten\lanes[29].decoder.$procdff$176 ($dff) from module xorflow_decoder_bank_pipelined.
Setting constant 0-bit at position 13 on $flatten\lanes[29].decoder.$procdff$176 ($dff) from module xorflow_decoder_bank_pipelined.
Setting constant 0-bit at position 8 on $flatten\lanes[2].decoder.$procdff$176 ($dff) from module xorflow_decoder_bank_pipelined.
Setting constant 0-bit at position 9 on $flatten\lanes[2].decoder.$procdff$176 ($dff) from module xorflow_decoder_bank_pipelined.
Setting constant 0-bit at position 10 on $flatten\lanes[2].decoder.$procdff$176 ($dff) from module xorflow_decoder_bank_pipelined.
Setting constant 0-bit at position 11 on $flatten\lanes[2].decoder.$procdff$176 ($dff) from module xorflow_decoder_bank_pipelined.
Setting constant 0-bit at position 12 on $flatten\lanes[2].decoder.$procdff$176 ($dff) from module xorflow_decoder_bank_pipelined.
Setting constant 0-bit at position 13 on $flatten\lanes[2].decoder.$procdff$176 ($dff) from module xorflow_decoder_bank_pipelined.
Setting constant 0-bit at position 8 on $flatten\lanes[14].decoder.$procdff$176 ($dff) from module xorflow_decoder_bank_pipelined.
Setting constant 0-bit at position 9 on $flatten\lanes[14].decoder.$procdff$176 ($dff) from module xorflow_decoder_bank_pipelined.
Setting constant 0-bit at position 10 on $flatten\lanes[14].decoder.$procdff$176 ($dff) from module xorflow_decoder_bank_pipelined.
Setting constant 0-bit at position 11 on $flatten\lanes[14].decoder.$procdff$176 ($dff) from module xorflow_decoder_bank_pipelined.
Setting constant 0-bit at position 12 on $flatten\lanes[14].decoder.$procdff$176 ($dff) from module xorflow_decoder_bank_pipelined.
Setting constant 0-bit at position 13 on $flatten\lanes[14].decoder.$procdff$176 ($dff) from module xorflow_decoder_bank_pipelined.
Setting constant 0-bit at position 8 on $flatten\lanes[30].decoder.$procdff$176 ($dff) from module xorflow_decoder_bank_pipelined.
Setting constant 0-bit at position 9 on $flatten\lanes[30].decoder.$procdff$176 ($dff) from module xorflow_decoder_bank_pipelined.
Setting constant 0-bit at position 10 on $flatten\lanes[30].decoder.$procdff$176 ($dff) from module xorflow_decoder_bank_pipelined.
Setting constant 0-bit at position 11 on $flatten\lanes[30].decoder.$procdff$176 ($dff) from module xorflow_decoder_bank_pipelined.
Setting constant 0-bit at position 12 on $flatten\lanes[30].decoder.$procdff$176 ($dff) from module xorflow_decoder_bank_pipelined.
Setting constant 0-bit at position 13 on $flatten\lanes[30].decoder.$procdff$176 ($dff) from module xorflow_decoder_bank_pipelined.
Setting constant 0-bit at position 8 on $flatten\lanes[31].decoder.$procdff$176 ($dff) from module xorflow_decoder_bank_pipelined.
Setting constant 0-bit at position 9 on $flatten\lanes[31].decoder.$procdff$176 ($dff) from module xorflow_decoder_bank_pipelined.
Setting constant 0-bit at position 10 on $flatten\lanes[31].decoder.$procdff$176 ($dff) from module xorflow_decoder_bank_pipelined.
Setting constant 0-bit at position 11 on $flatten\lanes[31].decoder.$procdff$176 ($dff) from module xorflow_decoder_bank_pipelined.
Setting constant 0-bit at position 12 on $flatten\lanes[31].decoder.$procdff$176 ($dff) from module xorflow_decoder_bank_pipelined.
Setting constant 0-bit at position 13 on $flatten\lanes[31].decoder.$procdff$176 ($dff) from module xorflow_decoder_bank_pipelined.
Setting constant 0-bit at position 8 on $flatten\lanes[3].decoder.$procdff$176 ($dff) from module xorflow_decoder_bank_pipelined.
Setting constant 0-bit at position 9 on $flatten\lanes[3].decoder.$procdff$176 ($dff) from module xorflow_decoder_bank_pipelined.
Setting constant 0-bit at position 10 on $flatten\lanes[3].decoder.$procdff$176 ($dff) from module xorflow_decoder_bank_pipelined.
Setting constant 0-bit at position 11 on $flatten\lanes[3].decoder.$procdff$176 ($dff) from module xorflow_decoder_bank_pipelined.
Setting constant 0-bit at position 12 on $flatten\lanes[3].decoder.$procdff$176 ($dff) from module xorflow_decoder_bank_pipelined.
Setting constant 0-bit at position 13 on $flatten\lanes[3].decoder.$procdff$176 ($dff) from module xorflow_decoder_bank_pipelined.
Setting constant 0-bit at position 8 on $flatten\lanes[4].decoder.$procdff$176 ($dff) from module xorflow_decoder_bank_pipelined.
Setting constant 0-bit at position 9 on $flatten\lanes[4].decoder.$procdff$176 ($dff) from module xorflow_decoder_bank_pipelined.
Setting constant 0-bit at position 10 on $flatten\lanes[4].decoder.$procdff$176 ($dff) from module xorflow_decoder_bank_pipelined.
Setting constant 0-bit at position 11 on $flatten\lanes[4].decoder.$procdff$176 ($dff) from module xorflow_decoder_bank_pipelined.
Setting constant 0-bit at position 12 on $flatten\lanes[4].decoder.$procdff$176 ($dff) from module xorflow_decoder_bank_pipelined.
Setting constant 0-bit at position 13 on $flatten\lanes[4].decoder.$procdff$176 ($dff) from module xorflow_decoder_bank_pipelined.
Setting constant 0-bit at position 8 on $flatten\lanes[15].decoder.$procdff$176 ($dff) from module xorflow_decoder_bank_pipelined.
Setting constant 0-bit at position 9 on $flatten\lanes[15].decoder.$procdff$176 ($dff) from module xorflow_decoder_bank_pipelined.
Setting constant 0-bit at position 10 on $flatten\lanes[15].decoder.$procdff$176 ($dff) from module xorflow_decoder_bank_pipelined.
Setting constant 0-bit at position 11 on $flatten\lanes[15].decoder.$procdff$176 ($dff) from module xorflow_decoder_bank_pipelined.
Setting constant 0-bit at position 12 on $flatten\lanes[15].decoder.$procdff$176 ($dff) from module xorflow_decoder_bank_pipelined.
Setting constant 0-bit at position 13 on $flatten\lanes[15].decoder.$procdff$176 ($dff) from module xorflow_decoder_bank_pipelined.
Setting constant 0-bit at position 8 on $flatten\lanes[5].decoder.$procdff$176 ($dff) from module xorflow_decoder_bank_pipelined.
Setting constant 0-bit at position 9 on $flatten\lanes[5].decoder.$procdff$176 ($dff) from module xorflow_decoder_bank_pipelined.
Setting constant 0-bit at position 10 on $flatten\lanes[5].decoder.$procdff$176 ($dff) from module xorflow_decoder_bank_pipelined.
Setting constant 0-bit at position 11 on $flatten\lanes[5].decoder.$procdff$176 ($dff) from module xorflow_decoder_bank_pipelined.
Setting constant 0-bit at position 12 on $flatten\lanes[5].decoder.$procdff$176 ($dff) from module xorflow_decoder_bank_pipelined.
Setting constant 0-bit at position 13 on $flatten\lanes[5].decoder.$procdff$176 ($dff) from module xorflow_decoder_bank_pipelined.
Setting constant 0-bit at position 8 on $flatten\lanes[6].decoder.$procdff$176 ($dff) from module xorflow_decoder_bank_pipelined.
Setting constant 0-bit at position 9 on $flatten\lanes[6].decoder.$procdff$176 ($dff) from module xorflow_decoder_bank_pipelined.
Setting constant 0-bit at position 10 on $flatten\lanes[6].decoder.$procdff$176 ($dff) from module xorflow_decoder_bank_pipelined.
Setting constant 0-bit at position 11 on $flatten\lanes[6].decoder.$procdff$176 ($dff) from module xorflow_decoder_bank_pipelined.
Setting constant 0-bit at position 12 on $flatten\lanes[6].decoder.$procdff$176 ($dff) from module xorflow_decoder_bank_pipelined.
Setting constant 0-bit at position 13 on $flatten\lanes[6].decoder.$procdff$176 ($dff) from module xorflow_decoder_bank_pipelined.
Setting constant 0-bit at position 8 on $flatten\lanes[10].decoder.$procdff$176 ($dff) from module xorflow_decoder_bank_pipelined.
Setting constant 0-bit at position 9 on $flatten\lanes[10].decoder.$procdff$176 ($dff) from module xorflow_decoder_bank_pipelined.
Setting constant 0-bit at position 10 on $flatten\lanes[10].decoder.$procdff$176 ($dff) from module xorflow_decoder_bank_pipelined.
Setting constant 0-bit at position 11 on $flatten\lanes[10].decoder.$procdff$176 ($dff) from module xorflow_decoder_bank_pipelined.
Setting constant 0-bit at position 12 on $flatten\lanes[10].decoder.$procdff$176 ($dff) from module xorflow_decoder_bank_pipelined.
Setting constant 0-bit at position 13 on $flatten\lanes[10].decoder.$procdff$176 ($dff) from module xorflow_decoder_bank_pipelined.
Setting constant 0-bit at position 8 on $flatten\lanes[7].decoder.$procdff$176 ($dff) from module xorflow_decoder_bank_pipelined.
Setting constant 0-bit at position 9 on $flatten\lanes[7].decoder.$procdff$176 ($dff) from module xorflow_decoder_bank_pipelined.
Setting constant 0-bit at position 10 on $flatten\lanes[7].decoder.$procdff$176 ($dff) from module xorflow_decoder_bank_pipelined.
Setting constant 0-bit at position 11 on $flatten\lanes[7].decoder.$procdff$176 ($dff) from module xorflow_decoder_bank_pipelined.
Setting constant 0-bit at position 12 on $flatten\lanes[7].decoder.$procdff$176 ($dff) from module xorflow_decoder_bank_pipelined.
Setting constant 0-bit at position 13 on $flatten\lanes[7].decoder.$procdff$176 ($dff) from module xorflow_decoder_bank_pipelined.
Setting constant 0-bit at position 8 on $flatten\lanes[8].decoder.$procdff$176 ($dff) from module xorflow_decoder_bank_pipelined.
Setting constant 0-bit at position 9 on $flatten\lanes[8].decoder.$procdff$176 ($dff) from module xorflow_decoder_bank_pipelined.
Setting constant 0-bit at position 10 on $flatten\lanes[8].decoder.$procdff$176 ($dff) from module xorflow_decoder_bank_pipelined.
Setting constant 0-bit at position 11 on $flatten\lanes[8].decoder.$procdff$176 ($dff) from module xorflow_decoder_bank_pipelined.
Setting constant 0-bit at position 12 on $flatten\lanes[8].decoder.$procdff$176 ($dff) from module xorflow_decoder_bank_pipelined.
Setting constant 0-bit at position 13 on $flatten\lanes[8].decoder.$procdff$176 ($dff) from module xorflow_decoder_bank_pipelined.
Setting constant 0-bit at position 8 on $flatten\lanes[16].decoder.$procdff$176 ($dff) from module xorflow_decoder_bank_pipelined.
Setting constant 0-bit at position 9 on $flatten\lanes[16].decoder.$procdff$176 ($dff) from module xorflow_decoder_bank_pipelined.
Setting constant 0-bit at position 10 on $flatten\lanes[16].decoder.$procdff$176 ($dff) from module xorflow_decoder_bank_pipelined.
Setting constant 0-bit at position 11 on $flatten\lanes[16].decoder.$procdff$176 ($dff) from module xorflow_decoder_bank_pipelined.
Setting constant 0-bit at position 12 on $flatten\lanes[16].decoder.$procdff$176 ($dff) from module xorflow_decoder_bank_pipelined.
Setting constant 0-bit at position 13 on $flatten\lanes[16].decoder.$procdff$176 ($dff) from module xorflow_decoder_bank_pipelined.
Setting constant 0-bit at position 8 on $flatten\lanes[9].decoder.$procdff$176 ($dff) from module xorflow_decoder_bank_pipelined.
Setting constant 0-bit at position 9 on $flatten\lanes[9].decoder.$procdff$176 ($dff) from module xorflow_decoder_bank_pipelined.
Setting constant 0-bit at position 10 on $flatten\lanes[9].decoder.$procdff$176 ($dff) from module xorflow_decoder_bank_pipelined.
Setting constant 0-bit at position 11 on $flatten\lanes[9].decoder.$procdff$176 ($dff) from module xorflow_decoder_bank_pipelined.
Setting constant 0-bit at position 12 on $flatten\lanes[9].decoder.$procdff$176 ($dff) from module xorflow_decoder_bank_pipelined.
Setting constant 0-bit at position 13 on $flatten\lanes[9].decoder.$procdff$176 ($dff) from module xorflow_decoder_bank_pipelined.

3.7.7. Executing OPT_CLEAN pass (remove unused cells and wires).
Finding unused cells or wires in module \xorflow_decoder_bank_pipelined..
Removed 0 unused cells and 832 unused wires.
<suppressed ~1 debug messages>

3.7.8. Executing OPT_EXPR pass (perform const folding).
Optimizing module xorflow_decoder_bank_pipelined.

3.7.9. Rerunning OPT passes. (Maybe there is more to do..)

3.7.10. Executing OPT_MUXTREE pass (detect dead branches in mux trees).
Running muxtree optimizer on module \xorflow_decoder_bank_pipelined..
  Creating internal representation of mux trees.
  Evaluating internal representation of mux trees.
  Analyzing evaluation results.
Removed 0 multiplexer ports.
<suppressed ~288 debug messages>

3.7.11. Executing OPT_REDUCE pass (consolidate $*mux and $reduce_* inputs).
  Optimizing cells in module \xorflow_decoder_bank_pipelined.
Performed a total of 0 changes.

3.7.12. Executing OPT_MERGE pass (detect identical cells).
Finding identical cells in module `\xorflow_decoder_bank_pipelined'.
Removed a total of 0 cells.

3.7.13. Executing OPT_DFF pass (perform DFF optimizations).

3.7.14. Executing OPT_CLEAN pass (remove unused cells and wires).
Finding unused cells or wires in module \xorflow_decoder_bank_pipelined..

3.7.15. Executing OPT_EXPR pass (perform const folding).
Optimizing module xorflow_decoder_bank_pipelined.

3.7.16. Finished OPT passes. (There is nothing left to do.)

3.8. Executing FSM pass (extract and optimize FSM).

3.8.1. Executing FSM_DETECT pass (finding FSMs in design).

3.8.2. Executing FSM_EXTRACT pass (extracting FSM from design).

3.8.3. Executing FSM_OPT pass (simple optimizations of FSMs).

3.8.4. Executing OPT_CLEAN pass (remove unused cells and wires).
Finding unused cells or wires in module \xorflow_decoder_bank_pipelined..

3.8.5. Executing FSM_OPT pass (simple optimizations of FSMs).

3.8.6. Executing FSM_RECODE pass (re-assigning FSM state encoding).

3.8.7. Executing FSM_INFO pass (dumping all available information on FSM cells).

3.8.8. Executing FSM_MAP pass (mapping FSMs to basic logic).

3.9. Executing OPT pass (performing simple optimizations).

3.9.1. Executing OPT_EXPR pass (perform const folding).
Optimizing module xorflow_decoder_bank_pipelined.

3.9.2. Executing OPT_MERGE pass (detect identical cells).
Finding identical cells in module `\xorflow_decoder_bank_pipelined'.
Removed a total of 0 cells.

3.9.3. Executing OPT_MUXTREE pass (detect dead branches in mux trees).
Running muxtree optimizer on module \xorflow_decoder_bank_pipelined..
  Creating internal representation of mux trees.
  Evaluating internal representation of mux trees.
  Analyzing evaluation results.
Removed 0 multiplexer ports.
<suppressed ~288 debug messages>

3.9.4. Executing OPT_REDUCE pass (consolidate $*mux and $reduce_* inputs).
  Optimizing cells in module \xorflow_decoder_bank_pipelined.
Performed a total of 0 changes.

3.9.5. Executing OPT_MERGE pass (detect identical cells).
Finding identical cells in module `\xorflow_decoder_bank_pipelined'.
Removed a total of 0 cells.

3.9.6. Executing OPT_DFF pass (perform DFF optimizations).
Adding SRST signal on $flatten\lanes[9].decoder.$procdff$169 ($dff) from module xorflow_decoder_bank_pipelined (D = { $flatten\lanes[9].decoder.$add$/home/rishabh/HPCA2/mosaic_delta_phase1/rtl/xorflow_decoder_pipelined.sv:31$93_Y $flatten\lanes[9].decoder.$add$/home/rishabh/HPCA2/mosaic_delta_phase1/rtl/xorflow_decoder_pipelined.sv:31$81_Y $flatten\lanes[9].decoder.$add$/home/rishabh/HPCA2/mosaic_delta_phase1/rtl/xorflow_decoder_pipelined.sv:31$69_Y $flatten\lanes[9].decoder.$add$/home/rishabh/HPCA2/mosaic_delta_phase1/rtl/xorflow_decoder_pipelined.sv:31$57_Y }, Q = \lanes[9].decoder.event_ids [111:56], rval = 56'00000000000000000000000000000000000000000000000000000000).
Adding SRST signal on $flatten\lanes[9].decoder.$procdff$168 ($dff) from module xorflow_decoder_bank_pipelined (D = \lanes[9].decoder.word_q, Q = \lanes[9].decoder.dense_mask, rval = 64'0000000000000000000000000000000000000000000000000000000000000000).
Adding SRST signal on $flatten\lanes[8].decoder.$procdff$169 ($dff) from module xorflow_decoder_bank_pipelined (D = { $flatten\lanes[8].decoder.$add$/home/rishabh/HPCA2/mosaic_delta_phase1/rtl/xorflow_decoder_pipelined.sv:31$93_Y $flatten\lanes[8].decoder.$add$/home/rishabh/HPCA2/mosaic_delta_phase1/rtl/xorflow_decoder_pipelined.sv:31$81_Y $flatten\lanes[8].decoder.$add$/home/rishabh/HPCA2/mosaic_delta_phase1/rtl/xorflow_decoder_pipelined.sv:31$69_Y $flatten\lanes[8].decoder.$add$/home/rishabh/HPCA2/mosaic_delta_phase1/rtl/xorflow_decoder_pipelined.sv:31$57_Y }, Q = \lanes[8].decoder.event_ids [111:56], rval = 56'00000000000000000000000000000000000000000000000000000000).
Adding SRST signal on $flatten\lanes[8].decoder.$procdff$168 ($dff) from module xorflow_decoder_bank_pipelined (D = \lanes[8].decoder.word_q, Q = \lanes[8].decoder.dense_mask, rval = 64'0000000000000000000000000000000000000000000000000000000000000000).
Adding SRST signal on $flatten\lanes[7].decoder.$procdff$169 ($dff) from module xorflow_decoder_bank_pipelined (D = { $flatten\lanes[7].decoder.$add$/home/rishabh/HPCA2/mosaic_delta_phase1/rtl/xorflow_decoder_pipelined.sv:31$93_Y $flatten\lanes[7].decoder.$add$/home/rishabh/HPCA2/mosaic_delta_phase1/rtl/xorflow_decoder_pipelined.sv:31$81_Y $flatten\lanes[7].decoder.$add$/home/rishabh/HPCA2/mosaic_delta_phase1/rtl/xorflow_decoder_pipelined.sv:31$69_Y $flatten\lanes[7].decoder.$add$/home/rishabh/HPCA2/mosaic_delta_phase1/rtl/xorflow_decoder_pipelined.sv:31$57_Y }, Q = \lanes[7].decoder.event_ids [111:56], rval = 56'00000000000000000000000000000000000000000000000000000000).
Adding SRST signal on $flatten\lanes[7].decoder.$procdff$168 ($dff) from module xorflow_decoder_bank_pipelined (D = \lanes[7].decoder.word_q, Q = \lanes[7].decoder.dense_mask, rval = 64'0000000000000000000000000000000000000000000000000000000000000000).
Adding SRST signal on $flatten\lanes[6].decoder.$procdff$169 ($dff) from module xorflow_decoder_bank_pipelined (D = { $flatten\lanes[6].decoder.$add$/home/rishabh/HPCA2/mosaic_delta_phase1/rtl/xorflow_decoder_pipelined.sv:31$93_Y $flatten\lanes[6].decoder.$add$/home/rishabh/HPCA2/mosaic_delta_phase1/rtl/xorflow_decoder_pipelined.sv:31$81_Y $flatten\lanes[6].decoder.$add$/home/rishabh/HPCA2/mosaic_delta_phase1/rtl/xorflow_decoder_pipelined.sv:31$69_Y $flatten\lanes[6].decoder.$add$/home/rishabh/HPCA2/mosaic_delta_phase1/rtl/xorflow_decoder_pipelined.sv:31$57_Y }, Q = \lanes[6].decoder.event_ids [111:56], rval = 56'00000000000000000000000000000000000000000000000000000000).
Adding SRST signal on $flatten\lanes[6].decoder.$procdff$168 ($dff) from module xorflow_decoder_bank_pipelined (D = \lanes[6].decoder.word_q, Q = \lanes[6].decoder.dense_mask, rval = 64'0000000000000000000000000000000000000000000000000000000000000000).
Adding SRST signal on $flatten\lanes[5].decoder.$procdff$169 ($dff) from module xorflow_decoder_bank_pipelined (D = { $flatten\lanes[5].decoder.$add$/home/rishabh/HPCA2/mosaic_delta_phase1/rtl/xorflow_decoder_pipelined.sv:31$93_Y $flatten\lanes[5].decoder.$add$/home/rishabh/HPCA2/mosaic_delta_phase1/rtl/xorflow_decoder_pipelined.sv:31$81_Y $flatten\lanes[5].decoder.$add$/home/rishabh/HPCA2/mosaic_delta_phase1/rtl/xorflow_decoder_pipelined.sv:31$69_Y $flatten\lanes[5].decoder.$add$/home/rishabh/HPCA2/mosaic_delta_phase1/rtl/xorflow_decoder_pipelined.sv:31$57_Y }, Q = \lanes[5].decoder.event_ids [111:56], rval = 56'00000000000000000000000000000000000000000000000000000000).
Adding SRST signal on $flatten\lanes[5].decoder.$procdff$168 ($dff) from module xorflow_decoder_bank_pipelined (D = \lanes[5].decoder.word_q, Q = \lanes[5].decoder.dense_mask, rval = 64'0000000000000000000000000000000000000000000000000000000000000000).
Adding SRST signal on $flatten\lanes[4].decoder.$procdff$169 ($dff) from module xorflow_decoder_bank_pipelined (D = { $flatten\lanes[4].decoder.$add$/home/rishabh/HPCA2/mosaic_delta_phase1/rtl/xorflow_decoder_pipelined.sv:31$93_Y $flatten\lanes[4].decoder.$add$/home/rishabh/HPCA2/mosaic_delta_phase1/rtl/xorflow_decoder_pipelined.sv:31$81_Y $flatten\lanes[4].decoder.$add$/home/rishabh/HPCA2/mosaic_delta_phase1/rtl/xorflow_decoder_pipelined.sv:31$69_Y $flatten\lanes[4].decoder.$add$/home/rishabh/HPCA2/mosaic_delta_phase1/rtl/xorflow_decoder_pipelined.sv:31$57_Y }, Q = \lanes[4].decoder.event_ids [111:56], rval = 56'00000000000000000000000000000000000000000000000000000000).
Adding SRST signal on $flatten\lanes[4].decoder.$procdff$168 ($dff) from module xorflow_decoder_bank_pipelined (D = \lanes[4].decoder.word_q, Q = \lanes[4].decoder.dense_mask, rval = 64'0000000000000000000000000000000000000000000000000000000000000000).
Adding SRST signal on $flatten\lanes[3].decoder.$procdff$169 ($dff) from module xorflow_decoder_bank_pipelined (D = { $flatten\lanes[3].decoder.$add$/home/rishabh/HPCA2/mosaic_delta_phase1/rtl/xorflow_decoder_pipelined.sv:31$93_Y $flatten\lanes[3].decoder.$add$/home/rishabh/HPCA2/mosaic_delta_phase1/rtl/xorflow_decoder_pipelined.sv:31$81_Y $flatten\lanes[3].decoder.$add$/home/rishabh/HPCA2/mosaic_delta_phase1/rtl/xorflow_decoder_pipelined.sv:31$69_Y $flatten\lanes[3].decoder.$add$/home/rishabh/HPCA2/mosaic_delta_phase1/rtl/xorflow_decoder_pipelined.sv:31$57_Y }, Q = \lanes[3].decoder.event_ids [111:56], rval = 56'00000000000000000000000000000000000000000000000000000000).
Adding SRST signal on $flatten\lanes[3].decoder.$procdff$168 ($dff) from module xorflow_decoder_bank_pipelined (D = \lanes[3].decoder.word_q, Q = \lanes[3].decoder.dense_mask, rval = 64'0000000000000000000000000000000000000000000000000000000000000000).
Adding SRST signal on $flatten\lanes[31].decoder.$procdff$169 ($dff) from module xorflow_decoder_bank_pipelined (D = { $flatten\lanes[31].decoder.$add$/home/rishabh/HPCA2/mosaic_delta_phase1/rtl/xorflow_decoder_pipelined.sv:31$93_Y $flatten\lanes[31].decoder.$add$/home/rishabh/HPCA2/mosaic_delta_phase1/rtl/xorflow_decoder_pipelined.sv:31$81_Y $flatten\lanes[31].decoder.$add$/home/rishabh/HPCA2/mosaic_delta_phase1/rtl/xorflow_decoder_pipelined.sv:31$69_Y $flatten\lanes[31].decoder.$add$/home/rishabh/HPCA2/mosaic_delta_phase1/rtl/xorflow_decoder_pipelined.sv:31$57_Y }, Q = \lanes[31].decoder.event_ids [111:56], rval = 56'00000000000000000000000000000000000000000000000000000000).
Adding SRST signal on $flatten\lanes[31].decoder.$procdff$168 ($dff) from module xorflow_decoder_bank_pipelined (D = \lanes[31].decoder.word_q, Q = \lanes[31].decoder.dense_mask, rval = 64'0000000000000000000000000000000000000000000000000000000000000000).
Adding SRST signal on $flatten\lanes[30].decoder.$procdff$169 ($dff) from module xorflow_decoder_bank_pipelined (D = { $flatten\lanes[30].decoder.$add$/home/rishabh/HPCA2/mosaic_delta_phase1/rtl/xorflow_decoder_pipelined.sv:31$93_Y $flatten\lanes[30].decoder.$add$/home/rishabh/HPCA2/mosaic_delta_phase1/rtl/xorflow_decoder_pipelined.sv:31$81_Y $flatten\lanes[30].decoder.$add$/home/rishabh/HPCA2/mosaic_delta_phase1/rtl/xorflow_decoder_pipelined.sv:31$69_Y $flatten\lanes[30].decoder.$add$/home/rishabh/HPCA2/mosaic_delta_phase1/rtl/xorflow_decoder_pipelined.sv:31$57_Y }, Q = \lanes[30].decoder.event_ids [111:56], rval = 56'00000000000000000000000000000000000000000000000000000000).
Adding SRST signal on $flatten\lanes[30].decoder.$procdff$168 ($dff) from module xorflow_decoder_bank_pipelined (D = \lanes[30].decoder.word_q, Q = \lanes[30].decoder.dense_mask, rval = 64'0000000000000000000000000000000000000000000000000000000000000000).
Adding SRST signal on $flatten\lanes[2].decoder.$procdff$169 ($dff) from module xorflow_decoder_bank_pipelined (D = { $flatten\lanes[2].decoder.$add$/home/rishabh/HPCA2/mosaic_delta_phase1/rtl/xorflow_decoder_pipelined.sv:31$93_Y $flatten\lanes[2].decoder.$add$/home/rishabh/HPCA2/mosaic_delta_phase1/rtl/xorflow_decoder_pipelined.sv:31$81_Y $flatten\lanes[2].decoder.$add$/home/rishabh/HPCA2/mosaic_delta_phase1/rtl/xorflow_decoder_pipelined.sv:31$69_Y $flatten\lanes[2].decoder.$add$/home/rishabh/HPCA2/mosaic_delta_phase1/rtl/xorflow_decoder_pipelined.sv:31$57_Y }, Q = \lanes[2].decoder.event_ids [111:56], rval = 56'00000000000000000000000000000000000000000000000000000000).
Adding SRST signal on $flatten\lanes[2].decoder.$procdff$168 ($dff) from module xorflow_decoder_bank_pipelined (D = \lanes[2].decoder.word_q, Q = \lanes[2].decoder.dense_mask, rval = 64'0000000000000000000000000000000000000000000000000000000000000000).
Adding SRST signal on $flatten\lanes[29].decoder.$procdff$169 ($dff) from module xorflow_decoder_bank_pipelined (D = { $flatten\lanes[29].decoder.$add$/home/rishabh/HPCA2/mosaic_delta_phase1/rtl/xorflow_decoder_pipelined.sv:31$93_Y $flatten\lanes[29].decoder.$add$/home/rishabh/HPCA2/mosaic_delta_phase1/rtl/xorflow_decoder_pipelined.sv:31$81_Y $flatten\lanes[29].decoder.$add$/home/rishabh/HPCA2/mosaic_delta_phase1/rtl/xorflow_decoder_pipelined.sv:31$69_Y $flatten\lanes[29].decoder.$add$/home/rishabh/HPCA2/mosaic_delta_phase1/rtl/xorflow_decoder_pipelined.sv:31$57_Y }, Q = \lanes[29].decoder.event_ids [111:56], rval = 56'00000000000000000000000000000000000000000000000000000000).
Adding SRST signal on $flatten\lanes[29].decoder.$procdff$168 ($dff) from module xorflow_decoder_bank_pipelined (D = \lanes[29].decoder.word_q, Q = \lanes[29].decoder.dense_mask, rval = 64'0000000000000000000000000000000000000000000000000000000000000000).
Adding SRST signal on $flatten\lanes[28].decoder.$procdff$169 ($dff) from module xorflow_decoder_bank_pipelined (D = { $flatten\lanes[28].decoder.$add$/home/rishabh/HPCA2/mosaic_delta_phase1/rtl/xorflow_decoder_pipelined.sv:31$93_Y $flatten\lanes[28].decoder.$add$/home/rishabh/HPCA2/mosaic_delta_phase1/rtl/xorflow_decoder_pipelined.sv:31$81_Y $flatten\lanes[28].decoder.$add$/home/rishabh/HPCA2/mosaic_delta_phase1/rtl/xorflow_decoder_pipelined.sv:31$69_Y $flatten\lanes[28].decoder.$add$/home/rishabh/HPCA2/mosaic_delta_phase1/rtl/xorflow_decoder_pipelined.sv:31$57_Y }, Q = \lanes[28].decoder.event_ids [111:56], rval = 56'00000000000000000000000000000000000000000000000000000000).
Adding SRST signal on $flatten\lanes[28].decoder.$procdff$168 ($dff) from module xorflow_decoder_bank_pipelined (D = \lanes[28].decoder.word_q, Q = \lanes[28].decoder.dense_mask, rval = 64'0000000000000000000000000000000000000000000000000000000000000000).
Adding SRST signal on $flatten\lanes[27].decoder.$procdff$169 ($dff) from module xorflow_decoder_bank_pipelined (D = { $flatten\lanes[27].decoder.$add$/home/rishabh/HPCA2/mosaic_delta_phase1/rtl/xorflow_decoder_pipelined.sv:31$93_Y $flatten\lanes[27].decoder.$add$/home/rishabh/HPCA2/mosaic_delta_phase1/rtl/xorflow_decoder_pipelined.sv:31$81_Y $flatten\lanes[27].decoder.$add$/home/rishabh/HPCA2/mosaic_delta_phase1/rtl/xorflow_decoder_pipelined.sv:31$69_Y $flatten\lanes[27].decoder.$add$/home/rishabh/HPCA2/mosaic_delta_phase1/rtl/xorflow_decoder_pipelined.sv:31$57_Y }, Q = \lanes[27].decoder.event_ids [111:56], rval = 56'00000000000000000000000000000000000000000000000000000000).
Adding SRST signal on $flatten\lanes[27].decoder.$procdff$168 ($dff) from module xorflow_decoder_bank_pipelined (D = \lanes[27].decoder.word_q, Q = \lanes[27].decoder.dense_mask, rval = 64'0000000000000000000000000000000000000000000000000000000000000000).
Adding SRST signal on $flatten\lanes[26].decoder.$procdff$169 ($dff) from module xorflow_decoder_bank_pipelined (D = { $flatten\lanes[26].decoder.$add$/home/rishabh/HPCA2/mosaic_delta_phase1/rtl/xorflow_decoder_pipelined.sv:31$93_Y $flatten\lanes[26].decoder.$add$/home/rishabh/HPCA2/mosaic_delta_phase1/rtl/xorflow_decoder_pipelined.sv:31$81_Y $flatten\lanes[26].decoder.$add$/home/rishabh/HPCA2/mosaic_delta_phase1/rtl/xorflow_decoder_pipelined.sv:31$69_Y $flatten\lanes[26].decoder.$add$/home/rishabh/HPCA2/mosaic_delta_phase1/rtl/xorflow_decoder_pipelined.sv:31$57_Y }, Q = \lanes[26].decoder.event_ids [111:56], rval = 56'00000000000000000000000000000000000000000000000000000000).
Adding SRST signal on $flatten\lanes[26].decoder.$procdff$168 ($dff) from module xorflow_decoder_bank_pipelined (D = \lanes[26].decoder.word_q, Q = \lanes[26].decoder.dense_mask, rval = 64'0000000000000000000000000000000000000000000000000000000000000000).
Adding SRST signal on $flatten\lanes[25].decoder.$procdff$169 ($dff) from module xorflow_decoder_bank_pipelined (D = { $flatten\lanes[25].decoder.$add$/home/rishabh/HPCA2/mosaic_delta_phase1/rtl/xorflow_decoder_pipelined.sv:31$93_Y $flatten\lanes[25].decoder.$add$/home/rishabh/HPCA2/mosaic_delta_phase1/rtl/xorflow_decoder_pipelined.sv:31$81_Y $flatten\lanes[25].decoder.$add$/home/rishabh/HPCA2/mosaic_delta_phase1/rtl/xorflow_decoder_pipelined.sv:31$69_Y $flatten\lanes[25].decoder.$add$/home/rishabh/HPCA2/mosaic_delta_phase1/rtl/xorflow_decoder_pipelined.sv:31$57_Y }, Q = \lanes[25].decoder.event_ids [111:56], rval = 56'00000000000000000000000000000000000000000000000000000000).
Adding SRST signal on $flatten\lanes[25].decoder.$procdff$168 ($dff) from module xorflow_decoder_bank_pipelined (D = \lanes[25].decoder.word_q, Q = \lanes[25].decoder.dense_mask, rval = 64'0000000000000000000000000000000000000000000000000000000000000000).
Adding SRST signal on $flatten\lanes[24].decoder.$procdff$169 ($dff) from module xorflow_decoder_bank_pipelined (D = { $flatten\lanes[24].decoder.$add$/home/rishabh/HPCA2/mosaic_delta_phase1/rtl/xorflow_decoder_pipelined.sv:31$93_Y $flatten\lanes[24].decoder.$add$/home/rishabh/HPCA2/mosaic_delta_phase1/rtl/xorflow_decoder_pipelined.sv:31$81_Y $flatten\lanes[24].decoder.$add$/home/rishabh/HPCA2/mosaic_delta_phase1/rtl/xorflow_decoder_pipelined.sv:31$69_Y $flatten\lanes[24].decoder.$add$/home/rishabh/HPCA2/mosaic_delta_phase1/rtl/xorflow_decoder_pipelined.sv:31$57_Y }, Q = \lanes[24].decoder.event_ids [111:56], rval = 56'00000000000000000000000000000000000000000000000000000000).
Adding SRST signal on $flatten\lanes[24].decoder.$procdff$168 ($dff) from module xorflow_decoder_bank_pipelined (D = \lanes[24].decoder.word_q, Q = \lanes[24].decoder.dense_mask, rval = 64'0000000000000000000000000000000000000000000000000000000000000000).
Adding SRST signal on $flatten\lanes[23].decoder.$procdff$169 ($dff) from module xorflow_decoder_bank_pipelined (D = { $flatten\lanes[23].decoder.$add$/home/rishabh/HPCA2/mosaic_delta_phase1/rtl/xorflow_decoder_pipelined.sv:31$93_Y $flatten\lanes[23].decoder.$add$/home/rishabh/HPCA2/mosaic_delta_phase1/rtl/xorflow_decoder_pipelined.sv:31$81_Y $flatten\lanes[23].decoder.$add$/home/rishabh/HPCA2/mosaic_delta_phase1/rtl/xorflow_decoder_pipelined.sv:31$69_Y $flatten\lanes[23].decoder.$add$/home/rishabh/HPCA2/mosaic_delta_phase1/rtl/xorflow_decoder_pipelined.sv:31$57_Y }, Q = \lanes[23].decoder.event_ids [111:56], rval = 56'00000000000000000000000000000000000000000000000000000000).
Adding SRST signal on $flatten\lanes[23].decoder.$procdff$168 ($dff) from module xorflow_decoder_bank_pipelined (D = \lanes[23].decoder.word_q, Q = \lanes[23].decoder.dense_mask, rval = 64'0000000000000000000000000000000000000000000000000000000000000000).
Adding SRST signal on $flatten\lanes[22].decoder.$procdff$169 ($dff) from module xorflow_decoder_bank_pipelined (D = { $flatten\lanes[22].decoder.$add$/home/rishabh/HPCA2/mosaic_delta_phase1/rtl/xorflow_decoder_pipelined.sv:31$93_Y $flatten\lanes[22].decoder.$add$/home/rishabh/HPCA2/mosaic_delta_phase1/rtl/xorflow_decoder_pipelined.sv:31$81_Y $flatten\lanes[22].decoder.$add$/home/rishabh/HPCA2/mosaic_delta_phase1/rtl/xorflow_decoder_pipelined.sv:31$69_Y $flatten\lanes[22].decoder.$add$/home/rishabh/HPCA2/mosaic_delta_phase1/rtl/xorflow_decoder_pipelined.sv:31$57_Y }, Q = \lanes[22].decoder.event_ids [111:56], rval = 56'00000000000000000000000000000000000000000000000000000000).
Adding SRST signal on $flatten\lanes[22].decoder.$procdff$168 ($dff) from module xorflow_decoder_bank_pipelined (D = \lanes[22].decoder.word_q, Q = \lanes[22].decoder.dense_mask, rval = 64'0000000000000000000000000000000000000000000000000000000000000000).
Adding SRST signal on $flatten\lanes[21].decoder.$procdff$169 ($dff) from module xorflow_decoder_bank_pipelined (D = { $flatten\lanes[21].decoder.$add$/home/rishabh/HPCA2/mosaic_delta_phase1/rtl/xorflow_decoder_pipelined.sv:31$93_Y $flatten\lanes[21].decoder.$add$/home/rishabh/HPCA2/mosaic_delta_phase1/rtl/xorflow_decoder_pipelined.sv:31$81_Y $flatten\lanes[21].decoder.$add$/home/rishabh/HPCA2/mosaic_delta_phase1/rtl/xorflow_decoder_pipelined.sv:31$69_Y $flatten\lanes[21].decoder.$add$/home/rishabh/HPCA2/mosaic_delta_phase1/rtl/xorflow_decoder_pipelined.sv:31$57_Y }, Q = \lanes[21].decoder.event_ids [111:56], rval = 56'00000000000000000000000000000000000000000000000000000000).
Adding SRST signal on $flatten\lanes[21].decoder.$procdff$168 ($dff) from module xorflow_decoder_bank_pipelined (D = \lanes[21].decoder.word_q, Q = \lanes[21].decoder.dense_mask, rval = 64'0000000000000000000000000000000000000000000000000000000000000000).
Adding SRST signal on $flatten\lanes[20].decoder.$procdff$169 ($dff) from module xorflow_decoder_bank_pipelined (D = { $flatten\lanes[20].decoder.$add$/home/rishabh/HPCA2/mosaic_delta_phase1/rtl/xorflow_decoder_pipelined.sv:31$93_Y $flatten\lanes[20].decoder.$add$/home/rishabh/HPCA2/mosaic_delta_phase1/rtl/xorflow_decoder_pipelined.sv:31$81_Y $flatten\lanes[20].decoder.$add$/home/rishabh/HPCA2/mosaic_delta_phase1/rtl/xorflow_decoder_pipelined.sv:31$69_Y $flatten\lanes[20].decoder.$add$/home/rishabh/HPCA2/mosaic_delta_phase1/rtl/xorflow_decoder_pipelined.sv:31$57_Y }, Q = \lanes[20].decoder.event_ids [111:56], rval = 56'00000000000000000000000000000000000000000000000000000000).
Adding SRST signal on $flatten\lanes[20].decoder.$procdff$168 ($dff) from module xorflow_decoder_bank_pipelined (D = \lanes[20].decoder.word_q, Q = \lanes[20].decoder.dense_mask, rval = 64'0000000000000000000000000000000000000000000000000000000000000000).
Adding SRST signal on $flatten\lanes[1].decoder.$procdff$169 ($dff) from module xorflow_decoder_bank_pipelined (D = { $flatten\lanes[1].decoder.$add$/home/rishabh/HPCA2/mosaic_delta_phase1/rtl/xorflow_decoder_pipelined.sv:31$93_Y $flatten\lanes[1].decoder.$add$/home/rishabh/HPCA2/mosaic_delta_phase1/rtl/xorflow_decoder_pipelined.sv:31$81_Y $flatten\lanes[1].decoder.$add$/home/rishabh/HPCA2/mosaic_delta_phase1/rtl/xorflow_decoder_pipelined.sv:31$69_Y $flatten\lanes[1].decoder.$add$/home/rishabh/HPCA2/mosaic_delta_phase1/rtl/xorflow_decoder_pipelined.sv:31$57_Y }, Q = \lanes[1].decoder.event_ids [111:56], rval = 56'00000000000000000000000000000000000000000000000000000000).
Adding SRST signal on $flatten\lanes[1].decoder.$procdff$168 ($dff) from module xorflow_decoder_bank_pipelined (D = \lanes[1].decoder.word_q, Q = \lanes[1].decoder.dense_mask, rval = 64'0000000000000000000000000000000000000000000000000000000000000000).
Adding SRST signal on $flatten\lanes[19].decoder.$procdff$169 ($dff) from module xorflow_decoder_bank_pipelined (D = { $flatten\lanes[19].decoder.$add$/home/rishabh/HPCA2/mosaic_delta_phase1/rtl/xorflow_decoder_pipelined.sv:31$93_Y $flatten\lanes[19].decoder.$add$/home/rishabh/HPCA2/mosaic_delta_phase1/rtl/xorflow_decoder_pipelined.sv:31$81_Y $flatten\lanes[19].decoder.$add$/home/rishabh/HPCA2/mosaic_delta_phase1/rtl/xorflow_decoder_pipelined.sv:31$69_Y $flatten\lanes[19].decoder.$add$/home/rishabh/HPCA2/mosaic_delta_phase1/rtl/xorflow_decoder_pipelined.sv:31$57_Y }, Q = \lanes[19].decoder.event_ids [111:56], rval = 56'00000000000000000000000000000000000000000000000000000000).
Adding SRST signal on $flatten\lanes[19].decoder.$procdff$168 ($dff) from module xorflow_decoder_bank_pipelined (D = \lanes[19].decoder.word_q, Q = \lanes[19].decoder.dense_mask, rval = 64'0000000000000000000000000000000000000000000000000000000000000000).
Adding SRST signal on $flatten\lanes[18].decoder.$procdff$169 ($dff) from module xorflow_decoder_bank_pipelined (D = { $flatten\lanes[18].decoder.$add$/home/rishabh/HPCA2/mosaic_delta_phase1/rtl/xorflow_decoder_pipelined.sv:31$93_Y $flatten\lanes[18].decoder.$add$/home/rishabh/HPCA2/mosaic_delta_phase1/rtl/xorflow_decoder_pipelined.sv:31$81_Y $flatten\lanes[18].decoder.$add$/home/rishabh/HPCA2/mosaic_delta_phase1/rtl/xorflow_decoder_pipelined.sv:31$69_Y $flatten\lanes[18].decoder.$add$/home/rishabh/HPCA2/mosaic_delta_phase1/rtl/xorflow_decoder_pipelined.sv:31$57_Y }, Q = \lanes[18].decoder.event_ids [111:56], rval = 56'00000000000000000000000000000000000000000000000000000000).
Adding SRST signal on $flatten\lanes[18].decoder.$procdff$168 ($dff) from module xorflow_decoder_bank_pipelined (D = \lanes[18].decoder.word_q, Q = \lanes[18].decoder.dense_mask, rval = 64'0000000000000000000000000000000000000000000000000000000000000000).
Adding SRST signal on $flatten\lanes[17].decoder.$procdff$169 ($dff) from module xorflow_decoder_bank_pipelined (D = { $flatten\lanes[17].decoder.$add$/home/rishabh/HPCA2/mosaic_delta_phase1/rtl/xorflow_decoder_pipelined.sv:31$93_Y $flatten\lanes[17].decoder.$add$/home/rishabh/HPCA2/mosaic_delta_phase1/rtl/xorflow_decoder_pipelined.sv:31$81_Y $flatten\lanes[17].decoder.$add$/home/rishabh/HPCA2/mosaic_delta_phase1/rtl/xorflow_decoder_pipelined.sv:31$69_Y $flatten\lanes[17].decoder.$add$/home/rishabh/HPCA2/mosaic_delta_phase1/rtl/xorflow_decoder_pipelined.sv:31$57_Y }, Q = \lanes[17].decoder.event_ids [111:56], rval = 56'00000000000000000000000000000000000000000000000000000000).
Adding SRST signal on $flatten\lanes[17].decoder.$procdff$168 ($dff) from module xorflow_decoder_bank_pipelined (D = \lanes[17].decoder.word_q, Q = \lanes[17].decoder.dense_mask, rval = 64'0000000000000000000000000000000000000000000000000000000000000000).
Adding SRST signal on $flatten\lanes[16].decoder.$procdff$169 ($dff) from module xorflow_decoder_bank_pipelined (D = { $flatten\lanes[16].decoder.$add$/home/rishabh/HPCA2/mosaic_delta_phase1/rtl/xorflow_decoder_pipelined.sv:31$93_Y $flatten\lanes[16].decoder.$add$/home/rishabh/HPCA2/mosaic_delta_phase1/rtl/xorflow_decoder_pipelined.sv:31$81_Y $flatten\lanes[16].decoder.$add$/home/rishabh/HPCA2/mosaic_delta_phase1/rtl/xorflow_decoder_pipelined.sv:31$69_Y $flatten\lanes[16].decoder.$add$/home/rishabh/HPCA2/mosaic_delta_phase1/rtl/xorflow_decoder_pipelined.sv:31$57_Y }, Q = \lanes[16].decoder.event_ids [111:56], rval = 56'00000000000000000000000000000000000000000000000000000000).
Adding SRST signal on $flatten\lanes[16].decoder.$procdff$168 ($dff) from module xorflow_decoder_bank_pipelined (D = \lanes[16].decoder.word_q, Q = \lanes[16].decoder.dense_mask, rval = 64'0000000000000000000000000000000000000000000000000000000000000000).
Adding SRST signal on $flatten\lanes[15].decoder.$procdff$169 ($dff) from module xorflow_decoder_bank_pipelined (D = { $flatten\lanes[15].decoder.$add$/home/rishabh/HPCA2/mosaic_delta_phase1/rtl/xorflow_decoder_pipelined.sv:31$93_Y $flatten\lanes[15].decoder.$add$/home/rishabh/HPCA2/mosaic_delta_phase1/rtl/xorflow_decoder_pipelined.sv:31$81_Y $flatten\lanes[15].decoder.$add$/home/rishabh/HPCA2/mosaic_delta_phase1/rtl/xorflow_decoder_pipelined.sv:31$69_Y $flatten\lanes[15].decoder.$add$/home/rishabh/HPCA2/mosaic_delta_phase1/rtl/xorflow_decoder_pipelined.sv:31$57_Y }, Q = \lanes[15].decoder.event_ids [111:56], rval = 56'00000000000000000000000000000000000000000000000000000000).
Adding SRST signal on $flatten\lanes[15].decoder.$procdff$168 ($dff) from module xorflow_decoder_bank_pipelined (D = \lanes[15].decoder.word_q, Q = \lanes[15].decoder.dense_mask, rval = 64'0000000000000000000000000000000000000000000000000000000000000000).
Adding SRST signal on $flatten\lanes[14].decoder.$procdff$169 ($dff) from module xorflow_decoder_bank_pipelined (D = { $flatten\lanes[14].decoder.$add$/home/rishabh/HPCA2/mosaic_delta_phase1/rtl/xorflow_decoder_pipelined.sv:31$93_Y $flatten\lanes[14].decoder.$add$/home/rishabh/HPCA2/mosaic_delta_phase1/rtl/xorflow_decoder_pipelined.sv:31$81_Y $flatten\lanes[14].decoder.$add$/home/rishabh/HPCA2/mosaic_delta_phase1/rtl/xorflow_decoder_pipelined.sv:31$69_Y $flatten\lanes[14].decoder.$add$/home/rishabh/HPCA2/mosaic_delta_phase1/rtl/xorflow_decoder_pipelined.sv:31$57_Y }, Q = \lanes[14].decoder.event_ids [111:56], rval = 56'00000000000000000000000000000000000000000000000000000000).
Adding SRST signal on $flatten\lanes[14].decoder.$procdff$168 ($dff) from module xorflow_decoder_bank_pipelined (D = \lanes[14].decoder.word_q, Q = \lanes[14].decoder.dense_mask, rval = 64'0000000000000000000000000000000000000000000000000000000000000000).
Adding SRST signal on $flatten\lanes[13].decoder.$procdff$169 ($dff) from module xorflow_decoder_bank_pipelined (D = { $flatten\lanes[13].decoder.$add$/home/rishabh/HPCA2/mosaic_delta_phase1/rtl/xorflow_decoder_pipelined.sv:31$93_Y $flatten\lanes[13].decoder.$add$/home/rishabh/HPCA2/mosaic_delta_phase1/rtl/xorflow_decoder_pipelined.sv:31$81_Y $flatten\lanes[13].decoder.$add$/home/rishabh/HPCA2/mosaic_delta_phase1/rtl/xorflow_decoder_pipelined.sv:31$69_Y $flatten\lanes[13].decoder.$add$/home/rishabh/HPCA2/mosaic_delta_phase1/rtl/xorflow_decoder_pipelined.sv:31$57_Y }, Q = \lanes[13].decoder.event_ids [111:56], rval = 56'00000000000000000000000000000000000000000000000000000000).
Adding SRST signal on $flatten\lanes[13].decoder.$procdff$168 ($dff) from module xorflow_decoder_bank_pipelined (D = \lanes[13].decoder.word_q, Q = \lanes[13].decoder.dense_mask, rval = 64'0000000000000000000000000000000000000000000000000000000000000000).
Adding SRST signal on $flatten\lanes[12].decoder.$procdff$169 ($dff) from module xorflow_decoder_bank_pipelined (D = { $flatten\lanes[12].decoder.$add$/home/rishabh/HPCA2/mosaic_delta_phase1/rtl/xorflow_decoder_pipelined.sv:31$93_Y $flatten\lanes[12].decoder.$add$/home/rishabh/HPCA2/mosaic_delta_phase1/rtl/xorflow_decoder_pipelined.sv:31$81_Y $flatten\lanes[12].decoder.$add$/home/rishabh/HPCA2/mosaic_delta_phase1/rtl/xorflow_decoder_pipelined.sv:31$69_Y $flatten\lanes[12].decoder.$add$/home/rishabh/HPCA2/mosaic_delta_phase1/rtl/xorflow_decoder_pipelined.sv:31$57_Y }, Q = \lanes[12].decoder.event_ids [111:56], rval = 56'00000000000000000000000000000000000000000000000000000000).
Adding SRST signal on $flatten\lanes[12].decoder.$procdff$168 ($dff) from module xorflow_decoder_bank_pipelined (D = \lanes[12].decoder.word_q, Q = \lanes[12].decoder.dense_mask, rval = 64'0000000000000000000000000000000000000000000000000000000000000000).
Adding SRST signal on $flatten\lanes[11].decoder.$procdff$169 ($dff) from module xorflow_decoder_bank_pipelined (D = { $flatten\lanes[11].decoder.$add$/home/rishabh/HPCA2/mosaic_delta_phase1/rtl/xorflow_decoder_pipelined.sv:31$93_Y $flatten\lanes[11].decoder.$add$/home/rishabh/HPCA2/mosaic_delta_phase1/rtl/xorflow_decoder_pipelined.sv:31$81_Y $flatten\lanes[11].decoder.$add$/home/rishabh/HPCA2/mosaic_delta_phase1/rtl/xorflow_decoder_pipelined.sv:31$69_Y $flatten\lanes[11].decoder.$add$/home/rishabh/HPCA2/mosaic_delta_phase1/rtl/xorflow_decoder_pipelined.sv:31$57_Y }, Q = \lanes[11].decoder.event_ids [111:56], rval = 56'00000000000000000000000000000000000000000000000000000000).
Adding SRST signal on $flatten\lanes[11].decoder.$procdff$168 ($dff) from module xorflow_decoder_bank_pipelined (D = \lanes[11].decoder.word_q, Q = \lanes[11].decoder.dense_mask, rval = 64'0000000000000000000000000000000000000000000000000000000000000000).
Adding SRST signal on $flatten\lanes[10].decoder.$procdff$169 ($dff) from module xorflow_decoder_bank_pipelined (D = { $flatten\lanes[10].decoder.$add$/home/rishabh/HPCA2/mosaic_delta_phase1/rtl/xorflow_decoder_pipelined.sv:31$93_Y $flatten\lanes[10].decoder.$add$/home/rishabh/HPCA2/mosaic_delta_phase1/rtl/xorflow_decoder_pipelined.sv:31$81_Y $flatten\lanes[10].decoder.$add$/home/rishabh/HPCA2/mosaic_delta_phase1/rtl/xorflow_decoder_pipelined.sv:31$69_Y $flatten\lanes[10].decoder.$add$/home/rishabh/HPCA2/mosaic_delta_phase1/rtl/xorflow_decoder_pipelined.sv:31$57_Y }, Q = \lanes[10].decoder.event_ids [111:56], rval = 56'00000000000000000000000000000000000000000000000000000000).
Adding SRST signal on $flatten\lanes[10].decoder.$procdff$168 ($dff) from module xorflow_decoder_bank_pipelined (D = \lanes[10].decoder.word_q, Q = \lanes[10].decoder.dense_mask, rval = 64'0000000000000000000000000000000000000000000000000000000000000000).
Adding SRST signal on $flatten\lanes[0].decoder.$procdff$169 ($dff) from module xorflow_decoder_bank_pipelined (D = { $flatten\lanes[0].decoder.$add$/home/rishabh/HPCA2/mosaic_delta_phase1/rtl/xorflow_decoder_pipelined.sv:31$93_Y $flatten\lanes[0].decoder.$add$/home/rishabh/HPCA2/mosaic_delta_phase1/rtl/xorflow_decoder_pipelined.sv:31$81_Y $flatten\lanes[0].decoder.$add$/home/rishabh/HPCA2/mosaic_delta_phase1/rtl/xorflow_decoder_pipelined.sv:31$69_Y $flatten\lanes[0].decoder.$add$/home/rishabh/HPCA2/mosaic_delta_phase1/rtl/xorflow_decoder_pipelined.sv:31$57_Y }, Q = \lanes[0].decoder.event_ids [111:56], rval = 56'00000000000000000000000000000000000000000000000000000000).
Adding SRST signal on $flatten\lanes[0].decoder.$procdff$168 ($dff) from module xorflow_decoder_bank_pipelined (D = \lanes[0].decoder.word_q, Q = \lanes[0].decoder.dense_mask, rval = 64'0000000000000000000000000000000000000000000000000000000000000000).

3.9.7. Executing OPT_CLEAN pass (remove unused cells and wires).
Finding unused cells or wires in module \xorflow_decoder_bank_pipelined..
Removed 160 unused cells and 32 unused wires.
<suppressed ~161 debug messages>

3.9.8. Executing OPT_EXPR pass (perform const folding).
Optimizing module xorflow_decoder_bank_pipelined.

3.9.9. Rerunning OPT passes. (Maybe there is more to do..)

3.9.10. Executing OPT_MUXTREE pass (detect dead branches in mux trees).
Running muxtree optimizer on module \xorflow_decoder_bank_pipelined..
  Creating internal representation of mux trees.
  Evaluating internal representation of mux trees.
  Analyzing evaluation results.
Removed 0 multiplexer ports.
<suppressed ~128 debug messages>

3.9.11. Executing OPT_REDUCE pass (consolidate $*mux and $reduce_* inputs).
  Optimizing cells in module \xorflow_decoder_bank_pipelined.
Performed a total of 0 changes.

3.9.12. Executing OPT_MERGE pass (detect identical cells).
Finding identical cells in module `\xorflow_decoder_bank_pipelined'.
Removed a total of 0 cells.

3.9.13. Executing OPT_DFF pass (perform DFF optimizations).

3.9.14. Executing OPT_CLEAN pass (remove unused cells and wires).
Finding unused cells or wires in module \xorflow_decoder_bank_pipelined..

3.9.15. Executing OPT_EXPR pass (perform const folding).
Optimizing module xorflow_decoder_bank_pipelined.

3.9.16. Finished OPT passes. (There is nothing left to do.)

3.10. Executing WREDUCE pass (reducing word size of cells).
Removed top 6 bits (of 14) from port A of cell xorflow_decoder_bank_pipelined.$flatten\lanes[0].decoder.$add$/home/rishabh/HPCA2/mosaic_delta_phase1/rtl/xorflow_decoder_pipelined.sv:20$117 ($add).
Removed top 6 bits (of 14) from port B of cell xorflow_decoder_bank_pipelined.$flatten\lanes[0].decoder.$add$/home/rishabh/HPCA2/mosaic_delta_phase1/rtl/xorflow_decoder_pipelined.sv:20$117 ($add).
Removed top 5 bits (of 14) from port Y of cell xorflow_decoder_bank_pipelined.$flatten\lanes[0].decoder.$add$/home/rishabh/HPCA2/mosaic_delta_phase1/rtl/xorflow_decoder_pipelined.sv:20$117 ($add).
Removed top 6 bits (of 14) from port A of cell xorflow_decoder_bank_pipelined.$flatten\lanes[0].decoder.$add$/home/rishabh/HPCA2/mosaic_delta_phase1/rtl/xorflow_decoder_pipelined.sv:20$114 ($add).
Removed top 6 bits (of 14) from port B of cell xorflow_decoder_bank_pipelined.$flatten\lanes[0].decoder.$add$/home/rishabh/HPCA2/mosaic_delta_phase1/rtl/xorflow_decoder_pipelined.sv:20$114 ($add).
Removed top 5 bits (of 14) from port Y of cell xorflow_decoder_bank_pipelined.$flatten\lanes[0].decoder.$add$/home/rishabh/HPCA2/mosaic_delta_phase1/rtl/xorflow_decoder_pipelined.sv:20$114 ($add).
Removed top 6 bits (of 14) from port A of cell xorflow_decoder_bank_pipelined.$flatten\lanes[0].decoder.$add$/home/rishabh/HPCA2/mosaic_delta_phase1/rtl/xorflow_decoder_pipelined.sv:20$111 ($add).
Removed top 6 bits (of 14) from port B of cell xorflow_decoder_bank_pipelined.$flatten\lanes[0].decoder.$add$/home/rishabh/HPCA2/mosaic_delta_phase1/rtl/xorflow_decoder_pipelined.sv:20$111 ($add).
Removed top 5 bits (of 14) from port Y of cell xorflow_decoder_bank_pipelined.$flatten\lanes[0].decoder.$add$/home/rishabh/HPCA2/mosaic_delta_phase1/rtl/xorflow_decoder_pipelined.sv:20$111 ($add).
Removed top 6 bits (of 14) from port B of cell xorflow_decoder_bank_pipelined.$flatten\lanes[0].decoder.$add$/home/rishabh/HPCA2/mosaic_delta_phase1/rtl/xorflow_decoder_pipelined.sv:22$110 ($add).
Removed top 6 bits (of 14) from port A of cell xorflow_decoder_bank_pipelined.$flatten\lanes[0].decoder.$add$/home/rishabh/HPCA2/mosaic_delta_phase1/rtl/xorflow_decoder_pipelined.sv:20$108 ($add).
Removed top 6 bits (of 14) from port B of cell xorflow_decoder_bank_pipelined.$flatten\lanes[0].decoder.$add$/home/rishabh/HPCA2/mosaic_delta_phase1/rtl/xorflow_decoder_pipelined.sv:20$108 ($add).
Removed top 5 bits (of 14) from port Y of cell xorflow_decoder_bank_pipelined.$flatten\lanes[0].decoder.$add$/home/rishabh/HPCA2/mosaic_delta_phase1/rtl/xorflow_decoder_pipelined.sv:20$108 ($add).
Removed top 6 bits (of 14) from port A of cell xorflow_decoder_bank_pipelined.$flatten\lanes[0].decoder.$add$/home/rishabh/HPCA2/mosaic_delta_phase1/rtl/xorflow_decoder_pipelined.sv:20$106 ($add).
Removed top 6 bits (of 14) from port B of cell xorflow_decoder_bank_pipelined.$flatten\lanes[0].decoder.$add$/home/rishabh/HPCA2/mosaic_delta_phase1/rtl/xorflow_decoder_pipelined.sv:20$106 ($add).
Removed top 5 bits (of 14) from port Y of cell xorflow_decoder_bank_pipelined.$flatten\lanes[0].decoder.$add$/home/rishabh/HPCA2/mosaic_delta_phase1/rtl/xorflow_decoder_pipelined.sv:20$106 ($add).
Removed top 6 bits (of 14) from port B of cell xorflow_decoder_bank_pipelined.$flatten\lanes[0].decoder.$add$/home/rishabh/HPCA2/mosaic_delta_phase1/rtl/xorflow_decoder_pipelined.sv:21$105 ($add).
Removed top 6 bits (of 14) from port A of cell xorflow_decoder_bank_pipelined.$flatten\lanes[0].decoder.$add$/home/rishabh/HPCA2/mosaic_delta_phase1/rtl/xorflow_decoder_pipelined.sv:20$104 ($add).
Removed top 6 bits (of 14) from port B of cell xorflow_decoder_bank_pipelined.$flatten\lanes[0].decoder.$add$/home/rishabh/HPCA2/mosaic_delta_phase1/rtl/xorflow_decoder_pipelined.sv:20$104 ($add).
Removed top 5 bits (of 14) from port Y of cell xorflow_decoder_bank_pipelined.$flatten\lanes[0].decoder.$add$/home/rishabh/HPCA2/mosaic_delta_phase1/rtl/xorflow_decoder_pipelined.sv:20$104 ($add).
Removed top 6 bits (of 14) from port A of cell xorflow_decoder_bank_pipelined.$flatten\lanes[0].decoder.$add$/home/rishabh/HPCA2/mosaic_delta_phase1/rtl/xorflow_decoder_pipelined.sv:20$103 ($add).
Removed top 6 bits (of 14) from port B of cell xorflow_decoder_bank_pipelined.$flatten\lanes[0].decoder.$add$/home/rishabh/HPCA2/mosaic_delta_phase1/rtl/xorflow_decoder_pipelined.sv:20$103 ($add).
Removed top 5 bits (of 14) from port Y of cell xorflow_decoder_bank_pipelined.$flatten\lanes[0].decoder.$add$/home/rishabh/HPCA2/mosaic_delta_phase1/rtl/xorflow_decoder_pipelined.sv:20$103 ($add).
Removed top 29 bits (of 32) from port A of cell xorflow_decoder_bank_pipelined.$flatten\lanes[0].decoder.$lt$/home/rishabh/HPCA2/mosaic_delta_phase1/rtl/xorflow_decoder_pipelined.sv:33$99 ($lt).
Removed top 29 bits (of 32) from port A of cell xorflow_decoder_bank_pipelined.$flatten\lanes[0].decoder.$lt$/home/rishabh/HPCA2/mosaic_delta_phase1/rtl/xorflow_decoder_pipelined.sv:33$87 ($lt).
Removed top 29 bits (of 32) from port A of cell xorflow_decoder_bank_pipelined.$flatten\lanes[0].decoder.$lt$/home/rishabh/HPCA2/mosaic_delta_phase1/rtl/xorflow_decoder_pipelined.sv:33$75 ($lt).
Removed top 29 bits (of 32) from port A of cell xorflow_decoder_bank_pipelined.$flatten\lanes[0].decoder.$lt$/home/rishabh/HPCA2/mosaic_delta_phase1/rtl/xorflow_decoder_pipelined.sv:33$63 ($lt).
Removed top 30 bits (of 32) from port A of cell xorflow_decoder_bank_pipelined.$flatten\lanes[0].decoder.$lt$/home/rishabh/HPCA2/mosaic_delta_phase1/rtl/xorflow_decoder_pipelined.sv:33$48 ($lt).
Removed top 5 bits (of 14) from FF cell xorflow_decoder_bank_pipelined.$flatten\lanes[0].decoder.$procdff$177 ($dff).
Removed top 30 bits (of 32) from port A of cell xorflow_decoder_bank_pipelined.$flatten\lanes[0].decoder.$lt$/home/rishabh/HPCA2/mosaic_delta_phase1/rtl/xorflow_decoder_pipelined.sv:33$36 ($lt).
Removed top 31 bits (of 32) from port A of cell xorflow_decoder_bank_pipelined.$flatten\lanes[0].decoder.$lt$/home/rishabh/HPCA2/mosaic_delta_phase1/rtl/xorflow_decoder_pipelined.sv:33$24 ($lt).
Removed top 5 bits (of 14) from port B of cell xorflow_decoder_bank_pipelined.$flatten\lanes[0].decoder.$add$/home/rishabh/HPCA2/mosaic_delta_phase1/rtl/xorflow_decoder_pipelined.sv:31$21 ($add).
Removed top 1 bits (of 2) from port B of cell xorflow_decoder_bank_pipelined.$flatten\lanes[0].decoder.$eq$/home/rishabh/HPCA2/mosaic_delta_phase1/rtl/xorflow_decoder_pipelined.sv:30$18 ($eq).
Removed top 31 bits (of 32) from port A of cell xorflow_decoder_bank_pipelined.$flatten\lanes[0].decoder.$lt$/home/rishabh/HPCA2/mosaic_delta_phase1/rtl/xorflow_decoder_pipelined.sv:33$12 ($lt).
Removed top 6 bits (of 14) from port B of cell xorflow_decoder_bank_pipelined.$flatten\lanes[0].decoder.$add$/home/rishabh/HPCA2/mosaic_delta_phase1/rtl/xorflow_decoder_pipelined.sv:31$9 ($add).
Removed top 6 bits (of 14) from port A of cell xorflow_decoder_bank_pipelined.$flatten\lanes[1].decoder.$add$/home/rishabh/HPCA2/mosaic_delta_phase1/rtl/xorflow_decoder_pipelined.sv:20$117 ($add).
Removed top 6 bits (of 14) from port B of cell xorflow_decoder_bank_pipelined.$flatten\lanes[1].decoder.$add$/home/rishabh/HPCA2/mosaic_delta_phase1/rtl/xorflow_decoder_pipelined.sv:20$117 ($add).
Removed top 5 bits (of 14) from port Y of cell xorflow_decoder_bank_pipelined.$flatten\lanes[1].decoder.$add$/home/rishabh/HPCA2/mosaic_delta_phase1/rtl/xorflow_decoder_pipelined.sv:20$117 ($add).
Removed top 6 bits (of 14) from port A of cell xorflow_decoder_bank_pipelined.$flatten\lanes[1].decoder.$add$/home/rishabh/HPCA2/mosaic_delta_phase1/rtl/xorflow_decoder_pipelined.sv:20$114 ($add).
Removed top 6 bits (of 14) from port B of cell xorflow_decoder_bank_pipelined.$flatten\lanes[1].decoder.$add$/home/rishabh/HPCA2/mosaic_delta_phase1/rtl/xorflow_decoder_pipelined.sv:20$114 ($add).
Removed top 5 bits (of 14) from port Y of cell xorflow_decoder_bank_pipelined.$flatten\lanes[1].decoder.$add$/home/rishabh/HPCA2/mosaic_delta_phase1/rtl/xorflow_decoder_pipelined.sv:20$114 ($add).
Removed top 6 bits (of 14) from port A of cell xorflow_decoder_bank_pipelined.$flatten\lanes[1].decoder.$add$/home/rishabh/HPCA2/mosaic_delta_phase1/rtl/xorflow_decoder_pipelined.sv:20$111 ($add).
Removed top 6 bits (of 14) from port B of cell xorflow_decoder_bank_pipelined.$flatten\lanes[1].decoder.$add$/home/rishabh/HPCA2/mosaic_delta_phase1/rtl/xorflow_decoder_pipelined.sv:20$111 ($add).
Removed top 5 bits (of 14) from port Y of cell xorflow_decoder_bank_pipelined.$flatten\lanes[1].decoder.$add$/home/rishabh/HPCA2/mosaic_delta_phase1/rtl/xorflow_decoder_pipelined.sv:20$111 ($add).
Removed top 6 bits (of 14) from port B of cell xorflow_decoder_bank_pipelined.$flatten\lanes[1].decoder.$add$/home/rishabh/HPCA2/mosaic_delta_phase1/rtl/xorflow_decoder_pipelined.sv:22$110 ($add).
Removed top 6 bits (of 14) from port A of cell xorflow_decoder_bank_pipelined.$flatten\lanes[1].decoder.$add$/home/rishabh/HPCA2/mosaic_delta_phase1/rtl/xorflow_decoder_pipelined.sv:20$108 ($add).
Removed top 6 bits (of 14) from port B of cell xorflow_decoder_bank_pipelined.$flatten\lanes[1].decoder.$add$/home/rishabh/HPCA2/mosaic_delta_phase1/rtl/xorflow_decoder_pipelined.sv:20$108 ($add).
Removed top 5 bits (of 14) from port Y of cell xorflow_decoder_bank_pipelined.$flatten\lanes[1].decoder.$add$/home/rishabh/HPCA2/mosaic_delta_phase1/rtl/xorflow_decoder_pipelined.sv:20$108 ($add).
Removed top 6 bits (of 14) from port A of cell xorflow_decoder_bank_pipelined.$flatten\lanes[1].decoder.$add$/home/rishabh/HPCA2/mosaic_delta_phase1/rtl/xorflow_decoder_pipelined.sv:20$106 ($add).
Removed top 6 bits (of 14) from port B of cell xorflow_decoder_bank_pipelined.$flatten\lanes[1].decoder.$add$/home/rishabh/HPCA2/mosaic_delta_phase1/rtl/xorflow_decoder_pipelined.sv:20$106 ($add).
Removed top 5 bits (of 14) from port Y of cell xorflow_decoder_bank_pipelined.$flatten\lanes[1].decoder.$add$/home/rishabh/HPCA2/mosaic_delta_phase1/rtl/xorflow_decoder_pipelined.sv:20$106 ($add).
Removed top 6 bits (of 14) from port B of cell xorflow_decoder_bank_pipelined.$flatten\lanes[1].decoder.$add$/home/rishabh/HPCA2/mosaic_delta_phase1/rtl/xorflow_decoder_pipelined.sv:21$105 ($add).
Removed top 6 bits (of 14) from port A of cell xorflow_decoder_bank_pipelined.$flatten\lanes[1].decoder.$add$/home/rishabh/HPCA2/mosaic_delta_phase1/rtl/xorflow_decoder_pipelined.sv:20$104 ($add).
Removed top 6 bits (of 14) from port B of cell xorflow_decoder_bank_pipelined.$flatten\lanes[1].decoder.$add$/home/rishabh/HPCA2/mosaic_delta_phase1/rtl/xorflow_decoder_pipelined.sv:20$104 ($add).
Removed top 5 bits (of 14) from port Y of cell xorflow_decoder_bank_pipelined.$flatten\lanes[1].decoder.$add$/home/rishabh/HPCA2/mosaic_delta_phase1/rtl/xorflow_decoder_pipelined.sv:20$104 ($add).
Removed top 6 bits (of 14) from port A of cell xorflow_decoder_bank_pipelined.$flatten\lanes[1].decoder.$add$/home/rishabh/HPCA2/mosaic_delta_phase1/rtl/xorflow_decoder_pipelined.sv:20$103 ($add).
Removed top 6 bits (of 14) from port B of cell xorflow_decoder_bank_pipelined.$flatten\lanes[1].decoder.$add$/home/rishabh/HPCA2/mosaic_delta_phase1/rtl/xorflow_decoder_pipelined.sv:20$103 ($add).
Removed top 5 bits (of 14) from port Y of cell xorflow_decoder_bank_pipelined.$flatten\lanes[1].decoder.$add$/home/rishabh/HPCA2/mosaic_delta_phase1/rtl/xorflow_decoder_pipelined.sv:20$103 ($add).
Removed top 29 bits (of 32) from port A of cell xorflow_decoder_bank_pipelined.$flatten\lanes[1].decoder.$lt$/home/rishabh/HPCA2/mosaic_delta_phase1/rtl/xorflow_decoder_pipelined.sv:33$99 ($lt).
Removed top 29 bits (of 32) from port A of cell xorflow_decoder_bank_pipelined.$flatten\lanes[1].decoder.$lt$/home/rishabh/HPCA2/mosaic_delta_phase1/rtl/xorflow_decoder_pipelined.sv:33$87 ($lt).
Removed top 29 bits (of 32) from port A of cell xorflow_decoder_bank_pipelined.$flatten\lanes[1].decoder.$lt$/home/rishabh/HPCA2/mosaic_delta_phase1/rtl/xorflow_decoder_pipelined.sv:33$75 ($lt).
Removed top 29 bits (of 32) from port A of cell xorflow_decoder_bank_pipelined.$flatten\lanes[1].decoder.$lt$/home/rishabh/HPCA2/mosaic_delta_phase1/rtl/xorflow_decoder_pipelined.sv:33$63 ($lt).
Removed top 30 bits (of 32) from port A of cell xorflow_decoder_bank_pipelined.$flatten\lanes[1].decoder.$lt$/home/rishabh/HPCA2/mosaic_delta_phase1/rtl/xorflow_decoder_pipelined.sv:33$48 ($lt).
Removed top 5 bits (of 14) from FF cell xorflow_decoder_bank_pipelined.$flatten\lanes[1].decoder.$procdff$177 ($dff).
Removed top 30 bits (of 32) from port A of cell xorflow_decoder_bank_pipelined.$flatten\lanes[1].decoder.$lt$/home/rishabh/HPCA2/mosaic_delta_phase1/rtl/xorflow_decoder_pipelined.sv:33$36 ($lt).
Removed top 31 bits (of 32) from port A of cell xorflow_decoder_bank_pipelined.$flatten\lanes[1].decoder.$lt$/home/rishabh/HPCA2/mosaic_delta_phase1/rtl/xorflow_decoder_pipelined.sv:33$24 ($lt).
Removed top 5 bits (of 14) from port B of cell xorflow_decoder_bank_pipelined.$flatten\lanes[1].decoder.$add$/home/rishabh/HPCA2/mosaic_delta_phase1/rtl/xorflow_decoder_pipelined.sv:31$21 ($add).
Removed top 1 bits (of 2) from port B of cell xorflow_decoder_bank_pipelined.$flatten\lanes[1].decoder.$eq$/home/rishabh/HPCA2/mosaic_delta_phase1/rtl/xorflow_decoder_pipelined.sv:30$18 ($eq).
Removed top 31 bits (of 32) from port A of cell xorflow_decoder_bank_pipelined.$flatten\lanes[1].decoder.$lt$/home/rishabh/HPCA2/mosaic_delta_phase1/rtl/xorflow_decoder_pipelined.sv:33$12 ($lt).
Removed top 6 bits (of 14) from port B of cell xorflow_decoder_bank_pipelined.$flatten\lanes[1].decoder.$add$/home/rishabh/HPCA2/mosaic_delta_phase1/rtl/xorflow_decoder_pipelined.sv:31$9 ($add).
Removed top 6 bits (of 14) from port A of cell xorflow_decoder_bank_pipelined.$flatten\lanes[2].decoder.$add$/home/rishabh/HPCA2/mosaic_delta_phase1/rtl/xorflow_decoder_pipelined.sv:20$117 ($add).
Removed top 6 bits (of 14) from port B of cell xorflow_decoder_bank_pipelined.$flatten\lanes[2].decoder.$add$/home/rishabh/HPCA2/mosaic_delta_phase1/rtl/xorflow_decoder_pipelined.sv:20$117 ($add).
Removed top 5 bits (of 14) from port Y of cell xorflow_decoder_bank_pipelined.$flatten\lanes[2].decoder.$add$/home/rishabh/HPCA2/mosaic_delta_phase1/rtl/xorflow_decoder_pipelined.sv:20$117 ($add).
Removed top 6 bits (of 14) from port A of cell xorflow_decoder_bank_pipelined.$flatten\lanes[2].decoder.$add$/home/rishabh/HPCA2/mosaic_delta_phase1/rtl/xorflow_decoder_pipelined.sv:20$114 ($add).
Removed top 6 bits (of 14) from port B of cell xorflow_decoder_bank_pipelined.$flatten\lanes[2].decoder.$add$/home/rishabh/HPCA2/mosaic_delta_phase1/rtl/xorflow_decoder_pipelined.sv:20$114 ($add).
Removed top 5 bits (of 14) from port Y of cell xorflow_decoder_bank_pipelined.$flatten\lanes[2].decoder.$add$/home/rishabh/HPCA2/mosaic_delta_phase1/rtl/xorflow_decoder_pipelined.sv:20$114 ($add).
Removed top 6 bits (of 14) from port A of cell xorflow_decoder_bank_pipelined.$flatten\lanes[2].decoder.$add$/home/rishabh/HPCA2/mosaic_delta_phase1/rtl/xorflow_decoder_pipelined.sv:20$111 ($add).
Removed top 6 bits (of 14) from port B of cell xorflow_decoder_bank_pipelined.$flatten\lanes[2].decoder.$add$/home/rishabh/HPCA2/mosaic_delta_phase1/rtl/xorflow_decoder_pipelined.sv:20$111 ($add).
Removed top 5 bits (of 14) from port Y of cell xorflow_decoder_bank_pipelined.$flatten\lanes[2].decoder.$add$/home/rishabh/HPCA2/mosaic_delta_phase1/rtl/xorflow_decoder_pipelined.sv:20$111 ($add).
Removed top 6 bits (of 14) from port B of cell xorflow_decoder_bank_pipelined.$flatten\lanes[2].decoder.$add$/home/rishabh/HPCA2/mosaic_delta_phase1/rtl/xorflow_decoder_pipelined.sv:22$110 ($add).
Removed top 6 bits (of 14) from port A of cell xorflow_decoder_bank_pipelined.$flatten\lanes[2].decoder.$add$/home/rishabh/HPCA2/mosaic_delta_phase1/rtl/xorflow_decoder_pipelined.sv:20$108 ($add).
Removed top 6 bits (of 14) from port B of cell xorflow_decoder_bank_pipelined.$flatten\lanes[2].decoder.$add$/home/rishabh/HPCA2/mosaic_delta_phase1/rtl/xorflow_decoder_pipelined.sv:20$108 ($add).
Removed top 5 bits (of 14) from port Y of cell xorflow_decoder_bank_pipelined.$flatten\lanes[2].decoder.$add$/home/rishabh/HPCA2/mosaic_delta_phase1/rtl/xorflow_decoder_pipelined.sv:20$108 ($add).
Removed top 6 bits (of 14) from port A of cell xorflow_decoder_bank_pipelined.$flatten\lanes[2].decoder.$add$/home/rishabh/HPCA2/mosaic_delta_phase1/rtl/xorflow_decoder_pipelined.sv:20$106 ($add).
Removed top 6 bits (of 14) from port B of cell xorflow_decoder_bank_pipelined.$flatten\lanes[2].decoder.$add$/home/rishabh/HPCA2/mosaic_delta_phase1/rtl/xorflow_decoder_pipelined.sv:20$106 ($add).
Removed top 5 bits (of 14) from port Y of cell xorflow_decoder_bank_pipelined.$flatten\lanes[2].decoder.$add$/home/rishabh/HPCA2/mosaic_delta_phase1/rtl/xorflow_decoder_pipelined.sv:20$106 ($add).
Removed top 6 bits (of 14) from port B of cell xorflow_decoder_bank_pipelined.$flatten\lanes[2].decoder.$add$/home/rishabh/HPCA2/mosaic_delta_phase1/rtl/xorflow_decoder_pipelined.sv:21$105 ($add).
Removed top 6 bits (of 14) from port A of cell xorflow_decoder_bank_pipelined.$flatten\lanes[2].decoder.$add$/home/rishabh/HPCA2/mosaic_delta_phase1/rtl/xorflow_decoder_pipelined.sv:20$104 ($add).
Removed top 6 bits (of 14) from port B of cell xorflow_decoder_bank_pipelined.$flatten\lanes[2].decoder.$add$/home/rishabh/HPCA2/mosaic_delta_phase1/rtl/xorflow_decoder_pipelined.sv:20$104 ($add).
Removed top 5 bits (of 14) from port Y of cell xorflow_decoder_bank_pipelined.$flatten\lanes[2].decoder.$add$/home/rishabh/HPCA2/mosaic_delta_phase1/rtl/xorflow_decoder_pipelined.sv:20$104 ($add).
Removed top 6 bits (of 14) from port A of cell xorflow_decoder_bank_pipelined.$flatten\lanes[2].decoder.$add$/home/rishabh/HPCA2/mosaic_delta_phase1/rtl/xorflow_decoder_pipelined.sv:20$103 ($add).
Removed top 6 bits (of 14) from port B of cell xorflow_decoder_bank_pipelined.$flatten\lanes[2].decoder.$add$/home/rishabh/HPCA2/mosaic_delta_phase1/rtl/xorflow_decoder_pipelined.sv:20$103 ($add).
Removed top 5 bits (of 14) from port Y of cell xorflow_decoder_bank_pipelined.$flatten\lanes[2].decoder.$add$/home/rishabh/HPCA2/mosaic_delta_phase1/rtl/xorflow_decoder_pipelined.sv:20$103 ($add).
Removed top 29 bits (of 32) from port A of cell xorflow_decoder_bank_pipelined.$flatten\lanes[2].decoder.$lt$/home/rishabh/HPCA2/mosaic_delta_phase1/rtl/xorflow_decoder_pipelined.sv:33$99 ($lt).
Removed top 29 bits (of 32) from port A of cell xorflow_decoder_bank_pipelined.$flatten\lanes[2].decoder.$lt$/home/rishabh/HPCA2/mosaic_delta_phase1/rtl/xorflow_decoder_pipelined.sv:33$87 ($lt).
Removed top 29 bits (of 32) from port A of cell xorflow_decoder_bank_pipelined.$flatten\lanes[2].decoder.$lt$/home/rishabh/HPCA2/mosaic_delta_phase1/rtl/xorflow_decoder_pipelined.sv:33$75 ($lt).
Removed top 29 bits (of 32) from port A of cell xorflow_decoder_bank_pipelined.$flatten\lanes[2].decoder.$lt$/home/rishabh/HPCA2/mosaic_delta_phase1/rtl/xorflow_decoder_pipelined.sv:33$63 ($lt).
Removed top 30 bits (of 32) from port A of cell xorflow_decoder_bank_pipelined.$flatten\lanes[2].decoder.$lt$/home/rishabh/HPCA2/mosaic_delta_phase1/rtl/xorflow_decoder_pipelined.sv:33$48 ($lt).
Removed top 5 bits (of 14) from FF cell xorflow_decoder_bank_pipelined.$flatten\lanes[2].decoder.$procdff$177 ($dff).
Removed top 30 bits (of 32) from port A of cell xorflow_decoder_bank_pipelined.$flatten\lanes[2].decoder.$lt$/home/rishabh/HPCA2/mosaic_delta_phase1/rtl/xorflow_decoder_pipelined.sv:33$36 ($lt).
Removed top 31 bits (of 32) from port A of cell xorflow_decoder_bank_pipelined.$flatten\lanes[2].decoder.$lt$/home/rishabh/HPCA2/mosaic_delta_phase1/rtl/xorflow_decoder_pipelined.sv:33$24 ($lt).
Removed top 5 bits (of 14) from port B of cell xorflow_decoder_bank_pipelined.$flatten\lanes[2].decoder.$add$/home/rishabh/HPCA2/mosaic_delta_phase1/rtl/xorflow_decoder_pipelined.sv:31$21 ($add).
Removed top 1 bits (of 2) from port B of cell xorflow_decoder_bank_pipelined.$flatten\lanes[2].decoder.$eq$/home/rishabh/HPCA2/mosaic_delta_phase1/rtl/xorflow_decoder_pipelined.sv:30$18 ($eq).
Removed top 31 bits (of 32) from port A of cell xorflow_decoder_bank_pipelined.$flatten\lanes[2].decoder.$lt$/home/rishabh/HPCA2/mosaic_delta_phase1/rtl/xorflow_decoder_pipelined.sv:33$12 ($lt).
Removed top 6 bits (of 14) from port B of cell xorflow_decoder_bank_pipelined.$flatten\lanes[2].decoder.$add$/home/rishabh/HPCA2/mosaic_delta_phase1/rtl/xorflow_decoder_pipelined.sv:31$9 ($add).
Removed top 6 bits (of 14) from port A of cell xorflow_decoder_bank_pipelined.$flatten\lanes[3].decoder.$add$/home/rishabh/HPCA2/mosaic_delta_phase1/rtl/xorflow_decoder_pipelined.sv:20$117 ($add).
Removed top 6 bits (of 14) from port B of cell xorflow_decoder_bank_pipelined.$flatten\lanes[3].decoder.$add$/home/rishabh/HPCA2/mosaic_delta_phase1/rtl/xorflow_decoder_pipelined.sv:20$117 ($add).
Removed top 5 bits (of 14) from port Y of cell xorflow_decoder_bank_pipelined.$flatten\lanes[3].decoder.$add$/home/rishabh/HPCA2/mosaic_delta_phase1/rtl/xorflow_decoder_pipelined.sv:20$117 ($add).
Removed top 6 bits (of 14) from port A of cell xorflow_decoder_bank_pipelined.$flatten\lanes[3].decoder.$add$/home/rishabh/HPCA2/mosaic_delta_phase1/rtl/xorflow_decoder_pipelined.sv:20$114 ($add).
Removed top 6 bits (of 14) from port B of cell xorflow_decoder_bank_pipelined.$flatten\lanes[3].decoder.$add$/home/rishabh/HPCA2/mosaic_delta_phase1/rtl/xorflow_decoder_pipelined.sv:20$114 ($add).
Removed top 5 bits (of 14) from port Y of cell xorflow_decoder_bank_pipelined.$flatten\lanes[3].decoder.$add$/home/rishabh/HPCA2/mosaic_delta_phase1/rtl/xorflow_decoder_pipelined.sv:20$114 ($add).
Removed top 6 bits (of 14) from port A of cell xorflow_decoder_bank_pipelined.$flatten\lanes[3].decoder.$add$/home/rishabh/HPCA2/mosaic_delta_phase1/rtl/xorflow_decoder_pipelined.sv:20$111 ($add).
Removed top 6 bits (of 14) from port B of cell xorflow_decoder_bank_pipelined.$flatten\lanes[3].decoder.$add$/home/rishabh/HPCA2/mosaic_delta_phase1/rtl/xorflow_decoder_pipelined.sv:20$111 ($add).
Removed top 5 bits (of 14) from port Y of cell xorflow_decoder_bank_pipelined.$flatten\lanes[3].decoder.$add$/home/rishabh/HPCA2/mosaic_delta_phase1/rtl/xorflow_decoder_pipelined.sv:20$111 ($add).
Removed top 6 bits (of 14) from port B of cell xorflow_decoder_bank_pipelined.$flatten\lanes[3].decoder.$add$/home/rishabh/HPCA2/mosaic_delta_phase1/rtl/xorflow_decoder_pipelined.sv:22$110 ($add).
Removed top 6 bits (of 14) from port A of cell xorflow_decoder_bank_pipelined.$flatten\lanes[3].decoder.$add$/home/rishabh/HPCA2/mosaic_delta_phase1/rtl/xorflow_decoder_pipelined.sv:20$108 ($add).
Removed top 6 bits (of 14) from port B of cell xorflow_decoder_bank_pipelined.$flatten\lanes[3].decoder.$add$/home/rishabh/HPCA2/mosaic_delta_phase1/rtl/xorflow_decoder_pipelined.sv:20$108 ($add).
Removed top 5 bits (of 14) from port Y of cell xorflow_decoder_bank_pipelined.$flatten\lanes[3].decoder.$add$/home/rishabh/HPCA2/mosaic_delta_phase1/rtl/xorflow_decoder_pipelined.sv:20$108 ($add).
Removed top 6 bits (of 14) from port A of cell xorflow_decoder_bank_pipelined.$flatten\lanes[3].decoder.$add$/home/rishabh/HPCA2/mosaic_delta_phase1/rtl/xorflow_decoder_pipelined.sv:20$106 ($add).
Removed top 6 bits (of 14) from port B of cell xorflow_decoder_bank_pipelined.$flatten\lanes[3].decoder.$add$/home/rishabh/HPCA2/mosaic_delta_phase1/rtl/xorflow_decoder_pipelined.sv:20$106 ($add).
Removed top 5 bits (of 14) from port Y of cell xorflow_decoder_bank_pipelined.$flatten\lanes[3].decoder.$add$/home/rishabh/HPCA2/mosaic_delta_phase1/rtl/xorflow_decoder_pipelined.sv:20$106 ($add).
Removed top 6 bits (of 14) from port B of cell xorflow_decoder_bank_pipelined.$flatten\lanes[3].decoder.$add$/home/rishabh/HPCA2/mosaic_delta_phase1/rtl/xorflow_decoder_pipelined.sv:21$105 ($add).
Removed top 6 bits (of 14) from port A of cell xorflow_decoder_bank_pipelined.$flatten\lanes[3].decoder.$add$/home/rishabh/HPCA2/mosaic_delta_phase1/rtl/xorflow_decoder_pipelined.sv:20$104 ($add).
Removed top 6 bits (of 14) from port B of cell xorflow_decoder_bank_pipelined.$flatten\lanes[3].decoder.$add$/home/rishabh/HPCA2/mosaic_delta_phase1/rtl/xorflow_decoder_pipelined.sv:20$104 ($add).
Removed top 5 bits (of 14) from port Y of cell xorflow_decoder_bank_pipelined.$flatten\lanes[3].decoder.$add$/home/rishabh/HPCA2/mosaic_delta_phase1/rtl/xorflow_decoder_pipelined.sv:20$104 ($add).
Removed top 6 bits (of 14) from port A of cell xorflow_decoder_bank_pipelined.$flatten\lanes[3].decoder.$add$/home/rishabh/HPCA2/mosaic_delta_phase1/rtl/xorflow_decoder_pipelined.sv:20$103 ($add).
Removed top 6 bits (of 14) from port B of cell xorflow_decoder_bank_pipelined.$flatten\lanes[3].decoder.$add$/home/rishabh/HPCA2/mosaic_delta_phase1/rtl/xorflow_decoder_pipelined.sv:20$103 ($add).
Removed top 5 bits (of 14) from port Y of cell xorflow_decoder_bank_pipelined.$flatten\lanes[3].decoder.$add$/home/rishabh/HPCA2/mosaic_delta_phase1/rtl/xorflow_decoder_pipelined.sv:20$103 ($add).
Removed top 29 bits (of 32) from port A of cell xorflow_decoder_bank_pipelined.$flatten\lanes[3].decoder.$lt$/home/rishabh/HPCA2/mosaic_delta_phase1/rtl/xorflow_decoder_pipelined.sv:33$99 ($lt).
Removed top 29 bits (of 32) from port A of cell xorflow_decoder_bank_pipelined.$flatten\lanes[3].decoder.$lt$/home/rishabh/HPCA2/mosaic_delta_phase1/rtl/xorflow_decoder_pipelined.sv:33$87 ($lt).
Removed top 29 bits (of 32) from port A of cell xorflow_decoder_bank_pipelined.$flatten\lanes[3].decoder.$lt$/home/rishabh/HPCA2/mosaic_delta_phase1/rtl/xorflow_decoder_pipelined.sv:33$75 ($lt).
Removed top 29 bits (of 32) from port A of cell xorflow_decoder_bank_pipelined.$flatten\lanes[3].decoder.$lt$/home/rishabh/HPCA2/mosaic_delta_phase1/rtl/xorflow_decoder_pipelined.sv:33$63 ($lt).
Removed top 30 bits (of 32) from port A of cell xorflow_decoder_bank_pipelined.$flatten\lanes[3].decoder.$lt$/home/rishabh/HPCA2/mosaic_delta_phase1/rtl/xorflow_decoder_pipelined.sv:33$48 ($lt).
Removed top 5 bits (of 14) from FF cell xorflow_decoder_bank_pipelined.$flatten\lanes[3].decoder.$procdff$177 ($dff).
Removed top 30 bits (of 32) from port A of cell xorflow_decoder_bank_pipelined.$flatten\lanes[3].decoder.$lt$/home/rishabh/HPCA2/mosaic_delta_phase1/rtl/xorflow_decoder_pipelined.sv:33$36 ($lt).
Removed top 31 bits (of 32) from port A of cell xorflow_decoder_bank_pipelined.$flatten\lanes[3].decoder.$lt$/home/rishabh/HPCA2/mosaic_delta_phase1/rtl/xorflow_decoder_pipelined.sv:33$24 ($lt).
Removed top 5 bits (of 14) from port B of cell xorflow_decoder_bank_pipelined.$flatten\lanes[3].decoder.$add$/home/rishabh/HPCA2/mosaic_delta_phase1/rtl/xorflow_decoder_pipelined.sv:31$21 ($add).
Removed top 1 bits (of 2) from port B of cell xorflow_decoder_bank_pipelined.$flatten\lanes[3].decoder.$eq$/home/rishabh/HPCA2/mosaic_delta_phase1/rtl/xorflow_decoder_pipelined.sv:30$18 ($eq).
Removed top 31 bits (of 32) from port A of cell xorflow_decoder_bank_pipelined.$flatten\lanes[3].decoder.$lt$/home/rishabh/HPCA2/mosaic_delta_phase1/rtl/xorflow_decoder_pipelined.sv:33$12 ($lt).
Removed top 6 bits (of 14) from port B of cell xorflow_decoder_bank_pipelined.$flatten\lanes[3].decoder.$add$/home/rishabh/HPCA2/mosaic_delta_phase1/rtl/xorflow_decoder_pipelined.sv:31$9 ($add).
Removed top 6 bits (of 14) from port A of cell xorflow_decoder_bank_pipelined.$flatten\lanes[4].decoder.$add$/home/rishabh/HPCA2/mosaic_delta_phase1/rtl/xorflow_decoder_pipelined.sv:20$117 ($add).
Removed top 6 bits (of 14) from port B of cell xorflow_decoder_bank_pipelined.$flatten\lanes[4].decoder.$add$/home/rishabh/HPCA2/mosaic_delta_phase1/rtl/xorflow_decoder_pipelined.sv:20$117 ($add).
Removed top 5 bits (of 14) from port Y of cell xorflow_decoder_bank_pipelined.$flatten\lanes[4].decoder.$add$/home/rishabh/HPCA2/mosaic_delta_phase1/rtl/xorflow_decoder_pipelined.sv:20$117 ($add).
Removed top 6 bits (of 14) from port A of cell xorflow_decoder_bank_pipelined.$flatten\lanes[4].decoder.$add$/home/rishabh/HPCA2/mosaic_delta_phase1/rtl/xorflow_decoder_pipelined.sv:20$114 ($add).
Removed top 6 bits (of 14) from port B of cell xorflow_decoder_bank_pipelined.$flatten\lanes[4].decoder.$add$/home/rishabh/HPCA2/mosaic_delta_phase1/rtl/xorflow_decoder_pipelined.sv:20$114 ($add).
Removed top 5 bits (of 14) from port Y of cell xorflow_decoder_bank_pipelined.$flatten\lanes[4].decoder.$add$/home/rishabh/HPCA2/mosaic_delta_phase1/rtl/xorflow_decoder_pipelined.sv:20$114 ($add).
Removed top 6 bits (of 14) from port A of cell xorflow_decoder_bank_pipelined.$flatten\lanes[4].decoder.$add$/home/rishabh/HPCA2/mosaic_delta_phase1/rtl/xorflow_decoder_pipelined.sv:20$111 ($add).
Removed top 6 bits (of 14) from port B of cell xorflow_decoder_bank_pipelined.$flatten\lanes[4].decoder.$add$/home/rishabh/HPCA2/mosaic_delta_phase1/rtl/xorflow_decoder_pipelined.sv:20$111 ($add).
Removed top 5 bits (of 14) from port Y of cell xorflow_decoder_bank_pipelined.$flatten\lanes[4].decoder.$add$/home/rishabh/HPCA2/mosaic_delta_phase1/rtl/xorflow_decoder_pipelined.sv:20$111 ($add).
Removed top 6 bits (of 14) from port B of cell xorflow_decoder_bank_pipelined.$flatten\lanes[4].decoder.$add$/home/rishabh/HPCA2/mosaic_delta_phase1/rtl/xorflow_decoder_pipelined.sv:22$110 ($add).
Removed top 6 bits (of 14) from port A of cell xorflow_decoder_bank_pipelined.$flatten\lanes[4].decoder.$add$/home/rishabh/HPCA2/mosaic_delta_phase1/rtl/xorflow_decoder_pipelined.sv:20$108 ($add).
Removed top 6 bits (of 14) from port B of cell xorflow_decoder_bank_pipelined.$flatten\lanes[4].decoder.$add$/home/rishabh/HPCA2/mosaic_delta_phase1/rtl/xorflow_decoder_pipelined.sv:20$108 ($add).
Removed top 5 bits (of 14) from port Y of cell xorflow_decoder_bank_pipelined.$flatten\lanes[4].decoder.$add$/home/rishabh/HPCA2/mosaic_delta_phase1/rtl/xorflow_decoder_pipelined.sv:20$108 ($add).
Removed top 6 bits (of 14) from port A of cell xorflow_decoder_bank_pipelined.$flatten\lanes[4].decoder.$add$/home/rishabh/HPCA2/mosaic_delta_phase1/rtl/xorflow_decoder_pipelined.sv:20$106 ($add).
Removed top 6 bits (of 14) from port B of cell xorflow_decoder_bank_pipelined.$flatten\lanes[4].decoder.$add$/home/rishabh/HPCA2/mosaic_delta_phase1/rtl/xorflow_decoder_pipelined.sv:20$106 ($add).
Removed top 5 bits (of 14) from port Y of cell xorflow_decoder_bank_pipelined.$flatten\lanes[4].decoder.$add$/home/rishabh/HPCA2/mosaic_delta_phase1/rtl/xorflow_decoder_pipelined.sv:20$106 ($add).
Removed top 6 bits (of 14) from port B of cell xorflow_decoder_bank_pipelined.$flatten\lanes[4].decoder.$add$/home/rishabh/HPCA2/mosaic_delta_phase1/rtl/xorflow_decoder_pipelined.sv:21$105 ($add).
Removed top 6 bits (of 14) from port A of cell xorflow_decoder_bank_pipelined.$flatten\lanes[4].decoder.$add$/home/rishabh/HPCA2/mosaic_delta_phase1/rtl/xorflow_decoder_pipelined.sv:20$104 ($add).
Removed top 6 bits (of 14) from port B of cell xorflow_decoder_bank_pipelined.$flatten\lanes[4].decoder.$add$/home/rishabh/HPCA2/mosaic_delta_phase1/rtl/xorflow_decoder_pipelined.sv:20$104 ($add).
Removed top 5 bits (of 14) from port Y of cell xorflow_decoder_bank_pipelined.$flatten\lanes[4].decoder.$add$/home/rishabh/HPCA2/mosaic_delta_phase1/rtl/xorflow_decoder_pipelined.sv:20$104 ($add).
Removed top 6 bits (of 14) from port A of cell xorflow_decoder_bank_pipelined.$flatten\lanes[4].decoder.$add$/home/rishabh/HPCA2/mosaic_delta_phase1/rtl/xorflow_decoder_pipelined.sv:20$103 ($add).
Removed top 6 bits (of 14) from port B of cell xorflow_decoder_bank_pipelined.$flatten\lanes[4].decoder.$add$/home/rishabh/HPCA2/mosaic_delta_phase1/rtl/xorflow_decoder_pipelined.sv:20$103 ($add).
Removed top 5 bits (of 14) from port Y of cell xorflow_decoder_bank_pipelined.$flatten\lanes[4].decoder.$add$/home/rishabh/HPCA2/mosaic_delta_phase1/rtl/xorflow_decoder_pipelined.sv:20$103 ($add).
Removed top 29 bits (of 32) from port A of cell xorflow_decoder_bank_pipelined.$flatten\lanes[4].decoder.$lt$/home/rishabh/HPCA2/mosaic_delta_phase1/rtl/xorflow_decoder_pipelined.sv:33$99 ($lt).
Removed top 29 bits (of 32) from port A of cell xorflow_decoder_bank_pipelined.$flatten\lanes[4].decoder.$lt$/home/rishabh/HPCA2/mosaic_delta_phase1/rtl/xorflow_decoder_pipelined.sv:33$87 ($lt).
Removed top 29 bits (of 32) from port A of cell xorflow_decoder_bank_pipelined.$flatten\lanes[4].decoder.$lt$/home/rishabh/HPCA2/mosaic_delta_phase1/rtl/xorflow_decoder_pipelined.sv:33$75 ($lt).
Removed top 29 bits (of 32) from port A of cell xorflow_decoder_bank_pipelined.$flatten\lanes[4].decoder.$lt$/home/rishabh/HPCA2/mosaic_delta_phase1/rtl/xorflow_decoder_pipelined.sv:33$63 ($lt).
Removed top 30 bits (of 32) from port A of cell xorflow_decoder_bank_pipelined.$flatten\lanes[4].decoder.$lt$/home/rishabh/HPCA2/mosaic_delta_phase1/rtl/xorflow_decoder_pipelined.sv:33$48 ($lt).
Removed top 5 bits (of 14) from FF cell xorflow_decoder_bank_pipelined.$flatten\lanes[4].decoder.$procdff$177 ($dff).
Removed top 30 bits (of 32) from port A of cell xorflow_decoder_bank_pipelined.$flatten\lanes[4].decoder.$lt$/home/rishabh/HPCA2/mosaic_delta_phase1/rtl/xorflow_decoder_pipelined.sv:33$36 ($lt).
Removed top 31 bits (of 32) from port A of cell xorflow_decoder_bank_pipelined.$flatten\lanes[4].decoder.$lt$/home/rishabh/HPCA2/mosaic_delta_phase1/rtl/xorflow_decoder_pipelined.sv:33$24 ($lt).
Removed top 5 bits (of 14) from port B of cell xorflow_decoder_bank_pipelined.$flatten\lanes[4].decoder.$add$/home/rishabh/HPCA2/mosaic_delta_phase1/rtl/xorflow_decoder_pipelined.sv:31$21 ($add).
Removed top 1 bits (of 2) from port B of cell xorflow_decoder_bank_pipelined.$flatten\lanes[4].decoder.$eq$/home/rishabh/HPCA2/mosaic_delta_phase1/rtl/xorflow_decoder_pipelined.sv:30$18 ($eq).
Removed top 31 bits (of 32) from port A of cell xorflow_decoder_bank_pipelined.$flatten\lanes[4].decoder.$lt$/home/rishabh/HPCA2/mosaic_delta_phase1/rtl/xorflow_decoder_pipelined.sv:33$12 ($lt).
Removed top 6 bits (of 14) from port B of cell xorflow_decoder_bank_pipelined.$flatten\lanes[4].decoder.$add$/home/rishabh/HPCA2/mosaic_delta_phase1/rtl/xorflow_decoder_pipelined.sv:31$9 ($add).
Removed top 6 bits (of 14) from port A of cell xorflow_decoder_bank_pipelined.$flatten\lanes[5].decoder.$add$/home/rishabh/HPCA2/mosaic_delta_phase1/rtl/xorflow_decoder_pipelined.sv:20$117 ($add).
Removed top 6 bits (of 14) from port B of cell xorflow_decoder_bank_pipelined.$flatten\lanes[5].decoder.$add$/home/rishabh/HPCA2/mosaic_delta_phase1/rtl/xorflow_decoder_pipelined.sv:20$117 ($add).
Removed top 5 bits (of 14) from port Y of cell xorflow_decoder_bank_pipelined.$flatten\lanes[5].decoder.$add$/home/rishabh/HPCA2/mosaic_delta_phase1/rtl/xorflow_decoder_pipelined.sv:20$117 ($add).
Removed top 6 bits (of 14) from port A of cell xorflow_decoder_bank_pipelined.$flatten\lanes[5].decoder.$add$/home/rishabh/HPCA2/mosaic_delta_phase1/rtl/xorflow_decoder_pipelined.sv:20$114 ($add).
Removed top 6 bits (of 14) from port B of cell xorflow_decoder_bank_pipelined.$flatten\lanes[5].decoder.$add$/home/rishabh/HPCA2/mosaic_delta_phase1/rtl/xorflow_decoder_pipelined.sv:20$114 ($add).
Removed top 5 bits (of 14) from port Y of cell xorflow_decoder_bank_pipelined.$flatten\lanes[5].decoder.$add$/home/rishabh/HPCA2/mosaic_delta_phase1/rtl/xorflow_decoder_pipelined.sv:20$114 ($add).
Removed top 6 bits (of 14) from port A of cell xorflow_decoder_bank_pipelined.$flatten\lanes[5].decoder.$add$/home/rishabh/HPCA2/mosaic_delta_phase1/rtl/xorflow_decoder_pipelined.sv:20$111 ($add).
Removed top 6 bits (of 14) from port B of cell xorflow_decoder_bank_pipelined.$flatten\lanes[5].decoder.$add$/home/rishabh/HPCA2/mosaic_delta_phase1/rtl/xorflow_decoder_pipelined.sv:20$111 ($add).
Removed top 5 bits (of 14) from port Y of cell xorflow_decoder_bank_pipelined.$flatten\lanes[5].decoder.$add$/home/rishabh/HPCA2/mosaic_delta_phase1/rtl/xorflow_decoder_pipelined.sv:20$111 ($add).
Removed top 6 bits (of 14) from port B of cell xorflow_decoder_bank_pipelined.$flatten\lanes[5].decoder.$add$/home/rishabh/HPCA2/mosaic_delta_phase1/rtl/xorflow_decoder_pipelined.sv:22$110 ($add).
Removed top 6 bits (of 14) from port A of cell xorflow_decoder_bank_pipelined.$flatten\lanes[5].decoder.$add$/home/rishabh/HPCA2/mosaic_delta_phase1/rtl/xorflow_decoder_pipelined.sv:20$108 ($add).
Removed top 6 bits (of 14) from port B of cell xorflow_decoder_bank_pipelined.$flatten\lanes[5].decoder.$add$/home/rishabh/HPCA2/mosaic_delta_phase1/rtl/xorflow_decoder_pipelined.sv:20$108 ($add).
Removed top 5 bits (of 14) from port Y of cell xorflow_decoder_bank_pipelined.$flatten\lanes[5].decoder.$add$/home/rishabh/HPCA2/mosaic_delta_phase1/rtl/xorflow_decoder_pipelined.sv:20$108 ($add).
Removed top 6 bits (of 14) from port A of cell xorflow_decoder_bank_pipelined.$flatten\lanes[5].decoder.$add$/home/rishabh/HPCA2/mosaic_delta_phase1/rtl/xorflow_decoder_pipelined.sv:20$106 ($add).
Removed top 6 bits (of 14) from port B of cell xorflow_decoder_bank_pipelined.$flatten\lanes[5].decoder.$add$/home/rishabh/HPCA2/mosaic_delta_phase1/rtl/xorflow_decoder_pipelined.sv:20$106 ($add).
Removed top 5 bits (of 14) from port Y of cell xorflow_decoder_bank_pipelined.$flatten\lanes[5].decoder.$add$/home/rishabh/HPCA2/mosaic_delta_phase1/rtl/xorflow_decoder_pipelined.sv:20$106 ($add).
Removed top 6 bits (of 14) from port B of cell xorflow_decoder_bank_pipelined.$flatten\lanes[5].decoder.$add$/home/rishabh/HPCA2/mosaic_delta_phase1/rtl/xorflow_decoder_pipelined.sv:21$105 ($add).
Removed top 6 bits (of 14) from port A of cell xorflow_decoder_bank_pipelined.$flatten\lanes[5].decoder.$add$/home/rishabh/HPCA2/mosaic_delta_phase1/rtl/xorflow_decoder_pipelined.sv:20$104 ($add).
Removed top 6 bits (of 14) from port B of cell xorflow_decoder_bank_pipelined.$flatten\lanes[5].decoder.$add$/home/rishabh/HPCA2/mosaic_delta_phase1/rtl/xorflow_decoder_pipelined.sv:20$104 ($add).
Removed top 5 bits (of 14) from port Y of cell xorflow_decoder_bank_pipelined.$flatten\lanes[5].decoder.$add$/home/rishabh/HPCA2/mosaic_delta_phase1/rtl/xorflow_decoder_pipelined.sv:20$104 ($add).
Removed top 6 bits (of 14) from port A of cell xorflow_decoder_bank_pipelined.$flatten\lanes[5].decoder.$add$/home/rishabh/HPCA2/mosaic_delta_phase1/rtl/xorflow_decoder_pipelined.sv:20$103 ($add).
Removed top 6 bits (of 14) from port B of cell xorflow_decoder_bank_pipelined.$flatten\lanes[5].decoder.$add$/home/rishabh/HPCA2/mosaic_delta_phase1/rtl/xorflow_decoder_pipelined.sv:20$103 ($add).
Removed top 5 bits (of 14) from port Y of cell xorflow_decoder_bank_pipelined.$flatten\lanes[5].decoder.$add$/home/rishabh/HPCA2/mosaic_delta_phase1/rtl/xorflow_decoder_pipelined.sv:20$103 ($add).
Removed top 29 bits (of 32) from port A of cell xorflow_decoder_bank_pipelined.$flatten\lanes[5].decoder.$lt$/home/rishabh/HPCA2/mosaic_delta_phase1/rtl/xorflow_decoder_pipelined.sv:33$99 ($lt).
Removed top 29 bits (of 32) from port A of cell xorflow_decoder_bank_pipelined.$flatten\lanes[5].decoder.$lt$/home/rishabh/HPCA2/mosaic_delta_phase1/rtl/xorflow_decoder_pipelined.sv:33$87 ($lt).
Removed top 29 bits (of 32) from port A of cell xorflow_decoder_bank_pipelined.$flatten\lanes[5].decoder.$lt$/home/rishabh/HPCA2/mosaic_delta_phase1/rtl/xorflow_decoder_pipelined.sv:33$75 ($lt).
Removed top 29 bits (of 32) from port A of cell xorflow_decoder_bank_pipelined.$flatten\lanes[5].decoder.$lt$/home/rishabh/HPCA2/mosaic_delta_phase1/rtl/xorflow_decoder_pipelined.sv:33$63 ($lt).
Removed top 30 bits (of 32) from port A of cell xorflow_decoder_bank_pipelined.$flatten\lanes[5].decoder.$lt$/home/rishabh/HPCA2/mosaic_delta_phase1/rtl/xorflow_decoder_pipelined.sv:33$48 ($lt).
Removed top 5 bits (of 14) from FF cell xorflow_decoder_bank_pipelined.$flatten\lanes[5].decoder.$procdff$177 ($dff).
Removed top 30 bits (of 32) from port A of cell xorflow_decoder_bank_pipelined.$flatten\lanes[5].decoder.$lt$/home/rishabh/HPCA2/mosaic_delta_phase1/rtl/xorflow_decoder_pipelined.sv:33$36 ($lt).
Removed top 31 bits (of 32) from port A of cell xorflow_decoder_bank_pipelined.$flatten\lanes[5].decoder.$lt$/home/rishabh/HPCA2/mosaic_delta_phase1/rtl/xorflow_decoder_pipelined.sv:33$24 ($lt).
Removed top 5 bits (of 14) from port B of cell xorflow_decoder_bank_pipelined.$flatten\lanes[5].decoder.$add$/home/rishabh/HPCA2/mosaic_delta_phase1/rtl/xorflow_decoder_pipelined.sv:31$21 ($add).
Removed top 1 bits (of 2) from port B of cell xorflow_decoder_bank_pipelined.$flatten\lanes[5].decoder.$eq$/home/rishabh/HPCA2/mosaic_delta_phase1/rtl/xorflow_decoder_pipelined.sv:30$18 ($eq).
Removed top 31 bits (of 32) from port A of cell xorflow_decoder_bank_pipelined.$flatten\lanes[5].decoder.$lt$/home/rishabh/HPCA2/mosaic_delta_phase1/rtl/xorflow_decoder_pipelined.sv:33$12 ($lt).
Removed top 6 bits (of 14) from port B of cell xorflow_decoder_bank_pipelined.$flatten\lanes[5].decoder.$add$/home/rishabh/HPCA2/mosaic_delta_phase1/rtl/xorflow_decoder_pipelined.sv:31$9 ($add).
Removed top 6 bits (of 14) from port A of cell xorflow_decoder_bank_pipelined.$flatten\lanes[6].decoder.$add$/home/rishabh/HPCA2/mosaic_delta_phase1/rtl/xorflow_decoder_pipelined.sv:20$117 ($add).
Removed top 6 bits (of 14) from port B of cell xorflow_decoder_bank_pipelined.$flatten\lanes[6].decoder.$add$/home/rishabh/HPCA2/mosaic_delta_phase1/rtl/xorflow_decoder_pipelined.sv:20$117 ($add).
Removed top 5 bits (of 14) from port Y of cell xorflow_decoder_bank_pipelined.$flatten\lanes[6].decoder.$add$/home/rishabh/HPCA2/mosaic_delta_phase1/rtl/xorflow_decoder_pipelined.sv:20$117 ($add).
Removed top 6 bits (of 14) from port A of cell xorflow_decoder_bank_pipelined.$flatten\lanes[6].decoder.$add$/home/rishabh/HPCA2/mosaic_delta_phase1/rtl/xorflow_decoder_pipelined.sv:20$114 ($add).
Removed top 6 bits (of 14) from port B of cell xorflow_decoder_bank_pipelined.$flatten\lanes[6].decoder.$add$/home/rishabh/HPCA2/mosaic_delta_phase1/rtl/xorflow_decoder_pipelined.sv:20$114 ($add).
Removed top 5 bits (of 14) from port Y of cell xorflow_decoder_bank_pipelined.$flatten\lanes[6].decoder.$add$/home/rishabh/HPCA2/mosaic_delta_phase1/rtl/xorflow_decoder_pipelined.sv:20$114 ($add).
Removed top 6 bits (of 14) from port A of cell xorflow_decoder_bank_pipelined.$flatten\lanes[6].decoder.$add$/home/rishabh/HPCA2/mosaic_delta_phase1/rtl/xorflow_decoder_pipelined.sv:20$111 ($add).
Removed top 6 bits (of 14) from port B of cell xorflow_decoder_bank_pipelined.$flatten\lanes[6].decoder.$add$/home/rishabh/HPCA2/mosaic_delta_phase1/rtl/xorflow_decoder_pipelined.sv:20$111 ($add).
Removed top 5 bits (of 14) from port Y of cell xorflow_decoder_bank_pipelined.$flatten\lanes[6].decoder.$add$/home/rishabh/HPCA2/mosaic_delta_phase1/rtl/xorflow_decoder_pipelined.sv:20$111 ($add).
Removed top 6 bits (of 14) from port B of cell xorflow_decoder_bank_pipelined.$flatten\lanes[6].decoder.$add$/home/rishabh/HPCA2/mosaic_delta_phase1/rtl/xorflow_decoder_pipelined.sv:22$110 ($add).
Removed top 6 bits (of 14) from port A of cell xorflow_decoder_bank_pipelined.$flatten\lanes[6].decoder.$add$/home/rishabh/HPCA2/mosaic_delta_phase1/rtl/xorflow_decoder_pipelined.sv:20$108 ($add).
Removed top 6 bits (of 14) from port B of cell xorflow_decoder_bank_pipelined.$flatten\lanes[6].decoder.$add$/home/rishabh/HPCA2/mosaic_delta_phase1/rtl/xorflow_decoder_pipelined.sv:20$108 ($add).
Removed top 5 bits (of 14) from port Y of cell xorflow_decoder_bank_pipelined.$flatten\lanes[6].decoder.$add$/home/rishabh/HPCA2/mosaic_delta_phase1/rtl/xorflow_decoder_pipelined.sv:20$108 ($add).
Removed top 6 bits (of 14) from port A of cell xorflow_decoder_bank_pipelined.$flatten\lanes[6].decoder.$add$/home/rishabh/HPCA2/mosaic_delta_phase1/rtl/xorflow_decoder_pipelined.sv:20$106 ($add).
Removed top 6 bits (of 14) from port B of cell xorflow_decoder_bank_pipelined.$flatten\lanes[6].decoder.$add$/home/rishabh/HPCA2/mosaic_delta_phase1/rtl/xorflow_decoder_pipelined.sv:20$106 ($add).
Removed top 5 bits (of 14) from port Y of cell xorflow_decoder_bank_pipelined.$flatten\lanes[6].decoder.$add$/home/rishabh/HPCA2/mosaic_delta_phase1/rtl/xorflow_decoder_pipelined.sv:20$106 ($add).
Removed top 6 bits (of 14) from port B of cell xorflow_decoder_bank_pipelined.$flatten\lanes[6].decoder.$add$/home/rishabh/HPCA2/mosaic_delta_phase1/rtl/xorflow_decoder_pipelined.sv:21$105 ($add).
Removed top 6 bits (of 14) from port A of cell xorflow_decoder_bank_pipelined.$flatten\lanes[6].decoder.$add$/home/rishabh/HPCA2/mosaic_delta_phase1/rtl/xorflow_decoder_pipelined.sv:20$104 ($add).
Removed top 6 bits (of 14) from port B of cell xorflow_decoder_bank_pipelined.$flatten\lanes[6].decoder.$add$/home/rishabh/HPCA2/mosaic_delta_phase1/rtl/xorflow_decoder_pipelined.sv:20$104 ($add).
Removed top 5 bits (of 14) from port Y of cell xorflow_decoder_bank_pipelined.$flatten\lanes[6].decoder.$add$/home/rishabh/HPCA2/mosaic_delta_phase1/rtl/xorflow_decoder_pipelined.sv:20$104 ($add).
Removed top 6 bits (of 14) from port A of cell xorflow_decoder_bank_pipelined.$flatten\lanes[6].decoder.$add$/home/rishabh/HPCA2/mosaic_delta_phase1/rtl/xorflow_decoder_pipelined.sv:20$103 ($add).
Removed top 6 bits (of 14) from port B of cell xorflow_decoder_bank_pipelined.$flatten\lanes[6].decoder.$add$/home/rishabh/HPCA2/mosaic_delta_phase1/rtl/xorflow_decoder_pipelined.sv:20$103 ($add).
Removed top 5 bits (of 14) from port Y of cell xorflow_decoder_bank_pipelined.$flatten\lanes[6].decoder.$add$/home/rishabh/HPCA2/mosaic_delta_phase1/rtl/xorflow_decoder_pipelined.sv:20$103 ($add).
Removed top 29 bits (of 32) from port A of cell xorflow_decoder_bank_pipelined.$flatten\lanes[6].decoder.$lt$/home/rishabh/HPCA2/mosaic_delta_phase1/rtl/xorflow_decoder_pipelined.sv:33$99 ($lt).
Removed top 29 bits (of 32) from port A of cell xorflow_decoder_bank_pipelined.$flatten\lanes[6].decoder.$lt$/home/rishabh/HPCA2/mosaic_delta_phase1/rtl/xorflow_decoder_pipelined.sv:33$87 ($lt).
Removed top 29 bits (of 32) from port A of cell xorflow_decoder_bank_pipelined.$flatten\lanes[6].decoder.$lt$/home/rishabh/HPCA2/mosaic_delta_phase1/rtl/xorflow_decoder_pipelined.sv:33$75 ($lt).
Removed top 29 bits (of 32) from port A of cell xorflow_decoder_bank_pipelined.$flatten\lanes[6].decoder.$lt$/home/rishabh/HPCA2/mosaic_delta_phase1/rtl/xorflow_decoder_pipelined.sv:33$63 ($lt).
Removed top 30 bits (of 32) from port A of cell xorflow_decoder_bank_pipelined.$flatten\lanes[6].decoder.$lt$/home/rishabh/HPCA2/mosaic_delta_phase1/rtl/xorflow_decoder_pipelined.sv:33$48 ($lt).
Removed top 5 bits (of 14) from FF cell xorflow_decoder_bank_pipelined.$flatten\lanes[6].decoder.$procdff$177 ($dff).
Removed top 30 bits (of 32) from port A of cell xorflow_decoder_bank_pipelined.$flatten\lanes[6].decoder.$lt$/home/rishabh/HPCA2/mosaic_delta_phase1/rtl/xorflow_decoder_pipelined.sv:33$36 ($lt).
Removed top 31 bits (of 32) from port A of cell xorflow_decoder_bank_pipelined.$flatten\lanes[6].decoder.$lt$/home/rishabh/HPCA2/mosaic_delta_phase1/rtl/xorflow_decoder_pipelined.sv:33$24 ($lt).
Removed top 5 bits (of 14) from port B of cell xorflow_decoder_bank_pipelined.$flatten\lanes[6].decoder.$add$/home/rishabh/HPCA2/mosaic_delta_phase1/rtl/xorflow_decoder_pipelined.sv:31$21 ($add).
Removed top 1 bits (of 2) from port B of cell xorflow_decoder_bank_pipelined.$flatten\lanes[6].decoder.$eq$/home/rishabh/HPCA2/mosaic_delta_phase1/rtl/xorflow_decoder_pipelined.sv:30$18 ($eq).
Removed top 31 bits (of 32) from port A of cell xorflow_decoder_bank_pipelined.$flatten\lanes[6].decoder.$lt$/home/rishabh/HPCA2/mosaic_delta_phase1/rtl/xorflow_decoder_pipelined.sv:33$12 ($lt).
Removed top 6 bits (of 14) from port B of cell xorflow_decoder_bank_pipelined.$flatten\lanes[6].decoder.$add$/home/rishabh/HPCA2/mosaic_delta_phase1/rtl/xorflow_decoder_pipelined.sv:31$9 ($add).
Removed top 6 bits (of 14) from port A of cell xorflow_decoder_bank_pipelined.$flatten\lanes[7].decoder.$add$/home/rishabh/HPCA2/mosaic_delta_phase1/rtl/xorflow_decoder_pipelined.sv:20$117 ($add).
Removed top 6 bits (of 14) from port B of cell xorflow_decoder_bank_pipelined.$flatten\lanes[7].decoder.$add$/home/rishabh/HPCA2/mosaic_delta_phase1/rtl/xorflow_decoder_pipelined.sv:20$117 ($add).
Removed top 5 bits (of 14) from port Y of cell xorflow_decoder_bank_pipelined.$flatten\lanes[7].decoder.$add$/home/rishabh/HPCA2/mosaic_delta_phase1/rtl/xorflow_decoder_pipelined.sv:20$117 ($add).
Removed top 6 bits (of 14) from port A of cell xorflow_decoder_bank_pipelined.$flatten\lanes[7].decoder.$add$/home/rishabh/HPCA2/mosaic_delta_phase1/rtl/xorflow_decoder_pipelined.sv:20$114 ($add).
Removed top 6 bits (of 14) from port B of cell xorflow_decoder_bank_pipelined.$flatten\lanes[7].decoder.$add$/home/rishabh/HPCA2/mosaic_delta_phase1/rtl/xorflow_decoder_pipelined.sv:20$114 ($add).
Removed top 5 bits (of 14) from port Y of cell xorflow_decoder_bank_pipelined.$flatten\lanes[7].decoder.$add$/home/rishabh/HPCA2/mosaic_delta_phase1/rtl/xorflow_decoder_pipelined.sv:20$114 ($add).
Removed top 6 bits (of 14) from port A of cell xorflow_decoder_bank_pipelined.$flatten\lanes[7].decoder.$add$/home/rishabh/HPCA2/mosaic_delta_phase1/rtl/xorflow_decoder_pipelined.sv:20$111 ($add).
Removed top 6 bits (of 14) from port B of cell xorflow_decoder_bank_pipelined.$flatten\lanes[7].decoder.$add$/home/rishabh/HPCA2/mosaic_delta_phase1/rtl/xorflow_decoder_pipelined.sv:20$111 ($add).
Removed top 5 bits (of 14) from port Y of cell xorflow_decoder_bank_pipelined.$flatten\lanes[7].decoder.$add$/home/rishabh/HPCA2/mosaic_delta_phase1/rtl/xorflow_decoder_pipelined.sv:20$111 ($add).
Removed top 6 bits (of 14) from port B of cell xorflow_decoder_bank_pipelined.$flatten\lanes[7].decoder.$add$/home/rishabh/HPCA2/mosaic_delta_phase1/rtl/xorflow_decoder_pipelined.sv:22$110 ($add).
Removed top 6 bits (of 14) from port A of cell xorflow_decoder_bank_pipelined.$flatten\lanes[7].decoder.$add$/home/rishabh/HPCA2/mosaic_delta_phase1/rtl/xorflow_decoder_pipelined.sv:20$108 ($add).
Removed top 6 bits (of 14) from port B of cell xorflow_decoder_bank_pipelined.$flatten\lanes[7].decoder.$add$/home/rishabh/HPCA2/mosaic_delta_phase1/rtl/xorflow_decoder_pipelined.sv:20$108 ($add).
Removed top 5 bits (of 14) from port Y of cell xorflow_decoder_bank_pipelined.$flatten\lanes[7].decoder.$add$/home/rishabh/HPCA2/mosaic_delta_phase1/rtl/xorflow_decoder_pipelined.sv:20$108 ($add).
Removed top 6 bits (of 14) from port A of cell xorflow_decoder_bank_pipelined.$flatten\lanes[7].decoder.$add$/home/rishabh/HPCA2/mosaic_delta_phase1/rtl/xorflow_decoder_pipelined.sv:20$106 ($add).
Removed top 6 bits (of 14) from port B of cell xorflow_decoder_bank_pipelined.$flatten\lanes[7].decoder.$add$/home/rishabh/HPCA2/mosaic_delta_phase1/rtl/xorflow_decoder_pipelined.sv:20$106 ($add).
Removed top 5 bits (of 14) from port Y of cell xorflow_decoder_bank_pipelined.$flatten\lanes[7].decoder.$add$/home/rishabh/HPCA2/mosaic_delta_phase1/rtl/xorflow_decoder_pipelined.sv:20$106 ($add).
Removed top 6 bits (of 14) from port B of cell xorflow_decoder_bank_pipelined.$flatten\lanes[7].decoder.$add$/home/rishabh/HPCA2/mosaic_delta_phase1/rtl/xorflow_decoder_pipelined.sv:21$105 ($add).
Removed top 6 bits (of 14) from port A of cell xorflow_decoder_bank_pipelined.$flatten\lanes[7].decoder.$add$/home/rishabh/HPCA2/mosaic_delta_phase1/rtl/xorflow_decoder_pipelined.sv:20$104 ($add).
Removed top 6 bits (of 14) from port B of cell xorflow_decoder_bank_pipelined.$flatten\lanes[7].decoder.$add$/home/rishabh/HPCA2/mosaic_delta_phase1/rtl/xorflow_decoder_pipelined.sv:20$104 ($add).
Removed top 5 bits (of 14) from port Y of cell xorflow_decoder_bank_pipelined.$flatten\lanes[7].decoder.$add$/home/rishabh/HPCA2/mosaic_delta_phase1/rtl/xorflow_decoder_pipelined.sv:20$104 ($add).
Removed top 6 bits (of 14) from port A of cell xorflow_decoder_bank_pipelined.$flatten\lanes[7].decoder.$add$/home/rishabh/HPCA2/mosaic_delta_phase1/rtl/xorflow_decoder_pipelined.sv:20$103 ($add).
Removed top 6 bits (of 14) from port B of cell xorflow_decoder_bank_pipelined.$flatten\lanes[7].decoder.$add$/home/rishabh/HPCA2/mosaic_delta_phase1/rtl/xorflow_decoder_pipelined.sv:20$103 ($add).
Removed top 5 bits (of 14) from port Y of cell xorflow_decoder_bank_pipelined.$flatten\lanes[7].decoder.$add$/home/rishabh/HPCA2/mosaic_delta_phase1/rtl/xorflow_decoder_pipelined.sv:20$103 ($add).
Removed top 29 bits (of 32) from port A of cell xorflow_decoder_bank_pipelined.$flatten\lanes[7].decoder.$lt$/home/rishabh/HPCA2/mosaic_delta_phase1/rtl/xorflow_decoder_pipelined.sv:33$99 ($lt).
Removed top 29 bits (of 32) from port A of cell xorflow_decoder_bank_pipelined.$flatten\lanes[7].decoder.$lt$/home/rishabh/HPCA2/mosaic_delta_phase1/rtl/xorflow_decoder_pipelined.sv:33$87 ($lt).
Removed top 29 bits (of 32) from port A of cell xorflow_decoder_bank_pipelined.$flatten\lanes[7].decoder.$lt$/home/rishabh/HPCA2/mosaic_delta_phase1/rtl/xorflow_decoder_pipelined.sv:33$75 ($lt).
Removed top 29 bits (of 32) from port A of cell xorflow_decoder_bank_pipelined.$flatten\lanes[7].decoder.$lt$/home/rishabh/HPCA2/mosaic_delta_phase1/rtl/xorflow_decoder_pipelined.sv:33$63 ($lt).
Removed top 30 bits (of 32) from port A of cell xorflow_decoder_bank_pipelined.$flatten\lanes[7].decoder.$lt$/home/rishabh/HPCA2/mosaic_delta_phase1/rtl/xorflow_decoder_pipelined.sv:33$48 ($lt).
Removed top 5 bits (of 14) from FF cell xorflow_decoder_bank_pipelined.$flatten\lanes[7].decoder.$procdff$177 ($dff).
Removed top 30 bits (of 32) from port A of cell xorflow_decoder_bank_pipelined.$flatten\lanes[7].decoder.$lt$/home/rishabh/HPCA2/mosaic_delta_phase1/rtl/xorflow_decoder_pipelined.sv:33$36 ($lt).
Removed top 31 bits (of 32) from port A of cell xorflow_decoder_bank_pipelined.$flatten\lanes[7].decoder.$lt$/home/rishabh/HPCA2/mosaic_delta_phase1/rtl/xorflow_decoder_pipelined.sv:33$24 ($lt).
Removed top 5 bits (of 14) from port B of cell xorflow_decoder_bank_pipelined.$flatten\lanes[7].decoder.$add$/home/rishabh/HPCA2/mosaic_delta_phase1/rtl/xorflow_decoder_pipelined.sv:31$21 ($add).
Removed top 1 bits (of 2) from port B of cell xorflow_decoder_bank_pipelined.$flatten\lanes[7].decoder.$eq$/home/rishabh/HPCA2/mosaic_delta_phase1/rtl/xorflow_decoder_pipelined.sv:30$18 ($eq).
Removed top 31 bits (of 32) from port A of cell xorflow_decoder_bank_pipelined.$flatten\lanes[7].decoder.$lt$/home/rishabh/HPCA2/mosaic_delta_phase1/rtl/xorflow_decoder_pipelined.sv:33$12 ($lt).
Removed top 6 bits (of 14) from port B of cell xorflow_decoder_bank_pipelined.$flatten\lanes[7].decoder.$add$/home/rishabh/HPCA2/mosaic_delta_phase1/rtl/xorflow_decoder_pipelined.sv:31$9 ($add).
Removed top 6 bits (of 14) from port A of cell xorflow_decoder_bank_pipelined.$flatten\lanes[8].decoder.$add$/home/rishabh/HPCA2/mosaic_delta_phase1/rtl/xorflow_decoder_pipelined.sv:20$117 ($add).
Removed top 6 bits (of 14) from port B of cell xorflow_decoder_bank_pipelined.$flatten\lanes[8].decoder.$add$/home/rishabh/HPCA2/mosaic_delta_phase1/rtl/xorflow_decoder_pipelined.sv:20$117 ($add).
Removed top 5 bits (of 14) from port Y of cell xorflow_decoder_bank_pipelined.$flatten\lanes[8].decoder.$add$/home/rishabh/HPCA2/mosaic_delta_phase1/rtl/xorflow_decoder_pipelined.sv:20$117 ($add).
Removed top 6 bits (of 14) from port A of cell xorflow_decoder_bank_pipelined.$flatten\lanes[8].decoder.$add$/home/rishabh/HPCA2/mosaic_delta_phase1/rtl/xorflow_decoder_pipelined.sv:20$114 ($add).
Removed top 6 bits (of 14) from port B of cell xorflow_decoder_bank_pipelined.$flatten\lanes[8].decoder.$add$/home/rishabh/HPCA2/mosaic_delta_phase1/rtl/xorflow_decoder_pipelined.sv:20$114 ($add).
Removed top 5 bits (of 14) from port Y of cell xorflow_decoder_bank_pipelined.$flatten\lanes[8].decoder.$add$/home/rishabh/HPCA2/mosaic_delta_phase1/rtl/xorflow_decoder_pipelined.sv:20$114 ($add).
Removed top 6 bits (of 14) from port A of cell xorflow_decoder_bank_pipelined.$flatten\lanes[8].decoder.$add$/home/rishabh/HPCA2/mosaic_delta_phase1/rtl/xorflow_decoder_pipelined.sv:20$111 ($add).
Removed top 6 bits (of 14) from port B of cell xorflow_decoder_bank_pipelined.$flatten\lanes[8].decoder.$add$/home/rishabh/HPCA2/mosaic_delta_phase1/rtl/xorflow_decoder_pipelined.sv:20$111 ($add).
Removed top 5 bits (of 14) from port Y of cell xorflow_decoder_bank_pipelined.$flatten\lanes[8].decoder.$add$/home/rishabh/HPCA2/mosaic_delta_phase1/rtl/xorflow_decoder_pipelined.sv:20$111 ($add).
Removed top 6 bits (of 14) from port B of cell xorflow_decoder_bank_pipelined.$flatten\lanes[8].decoder.$add$/home/rishabh/HPCA2/mosaic_delta_phase1/rtl/xorflow_decoder_pipelined.sv:22$110 ($add).
Removed top 6 bits (of 14) from port A of cell xorflow_decoder_bank_pipelined.$flatten\lanes[8].decoder.$add$/home/rishabh/HPCA2/mosaic_delta_phase1/rtl/xorflow_decoder_pipelined.sv:20$108 ($add).
Removed top 6 bits (of 14) from port B of cell xorflow_decoder_bank_pipelined.$flatten\lanes[8].decoder.$add$/home/rishabh/HPCA2/mosaic_delta_phase1/rtl/xorflow_decoder_pipelined.sv:20$108 ($add).
Removed top 5 bits (of 14) from port Y of cell xorflow_decoder_bank_pipelined.$flatten\lanes[8].decoder.$add$/home/rishabh/HPCA2/mosaic_delta_phase1/rtl/xorflow_decoder_pipelined.sv:20$108 ($add).
Removed top 6 bits (of 14) from port A of cell xorflow_decoder_bank_pipelined.$flatten\lanes[8].decoder.$add$/home/rishabh/HPCA2/mosaic_delta_phase1/rtl/xorflow_decoder_pipelined.sv:20$106 ($add).
Removed top 6 bits (of 14) from port B of cell xorflow_decoder_bank_pipelined.$flatten\lanes[8].decoder.$add$/home/rishabh/HPCA2/mosaic_delta_phase1/rtl/xorflow_decoder_pipelined.sv:20$106 ($add).
Removed top 5 bits (of 14) from port Y of cell xorflow_decoder_bank_pipelined.$flatten\lanes[8].decoder.$add$/home/rishabh/HPCA2/mosaic_delta_phase1/rtl/xorflow_decoder_pipelined.sv:20$106 ($add).
Removed top 6 bits (of 14) from port B of cell xorflow_decoder_bank_pipelined.$flatten\lanes[8].decoder.$add$/home/rishabh/HPCA2/mosaic_delta_phase1/rtl/xorflow_decoder_pipelined.sv:21$105 ($add).
Removed top 6 bits (of 14) from port A of cell xorflow_decoder_bank_pipelined.$flatten\lanes[8].decoder.$add$/home/rishabh/HPCA2/mosaic_delta_phase1/rtl/xorflow_decoder_pipelined.sv:20$104 ($add).
Removed top 6 bits (of 14) from port B of cell xorflow_decoder_bank_pipelined.$flatten\lanes[8].decoder.$add$/home/rishabh/HPCA2/mosaic_delta_phase1/rtl/xorflow_decoder_pipelined.sv:20$104 ($add).
Removed top 5 bits (of 14) from port Y of cell xorflow_decoder_bank_pipelined.$flatten\lanes[8].decoder.$add$/home/rishabh/HPCA2/mosaic_delta_phase1/rtl/xorflow_decoder_pipelined.sv:20$104 ($add).
Removed top 6 bits (of 14) from port A of cell xorflow_decoder_bank_pipelined.$flatten\lanes[8].decoder.$add$/home/rishabh/HPCA2/mosaic_delta_phase1/rtl/xorflow_decoder_pipelined.sv:20$103 ($add).
Removed top 6 bits (of 14) from port B of cell xorflow_decoder_bank_pipelined.$flatten\lanes[8].decoder.$add$/home/rishabh/HPCA2/mosaic_delta_phase1/rtl/xorflow_decoder_pipelined.sv:20$103 ($add).
Removed top 5 bits (of 14) from port Y of cell xorflow_decoder_bank_pipelined.$flatten\lanes[8].decoder.$add$/home/rishabh/HPCA2/mosaic_delta_phase1/rtl/xorflow_decoder_pipelined.sv:20$103 ($add).
Removed top 29 bits (of 32) from port A of cell xorflow_decoder_bank_pipelined.$flatten\lanes[8].decoder.$lt$/home/rishabh/HPCA2/mosaic_delta_phase1/rtl/xorflow_decoder_pipelined.sv:33$99 ($lt).
Removed top 29 bits (of 32) from port A of cell xorflow_decoder_bank_pipelined.$flatten\lanes[8].decoder.$lt$/home/rishabh/HPCA2/mosaic_delta_phase1/rtl/xorflow_decoder_pipelined.sv:33$87 ($lt).
Removed top 29 bits (of 32) from port A of cell xorflow_decoder_bank_pipelined.$flatten\lanes[8].decoder.$lt$/home/rishabh/HPCA2/mosaic_delta_phase1/rtl/xorflow_decoder_pipelined.sv:33$75 ($lt).
Removed top 29 bits (of 32) from port A of cell xorflow_decoder_bank_pipelined.$flatten\lanes[8].decoder.$lt$/home/rishabh/HPCA2/mosaic_delta_phase1/rtl/xorflow_decoder_pipelined.sv:33$63 ($lt).
Removed top 30 bits (of 32) from port A of cell xorflow_decoder_bank_pipelined.$flatten\lanes[8].decoder.$lt$/home/rishabh/HPCA2/mosaic_delta_phase1/rtl/xorflow_decoder_pipelined.sv:33$48 ($lt).
Removed top 5 bits (of 14) from FF cell xorflow_decoder_bank_pipelined.$flatten\lanes[8].decoder.$procdff$177 ($dff).
Removed top 30 bits (of 32) from port A of cell xorflow_decoder_bank_pipelined.$flatten\lanes[8].decoder.$lt$/home/rishabh/HPCA2/mosaic_delta_phase1/rtl/xorflow_decoder_pipelined.sv:33$36 ($lt).
Removed top 31 bits (of 32) from port A of cell xorflow_decoder_bank_pipelined.$flatten\lanes[8].decoder.$lt$/home/rishabh/HPCA2/mosaic_delta_phase1/rtl/xorflow_decoder_pipelined.sv:33$24 ($lt).
Removed top 5 bits (of 14) from port B of cell xorflow_decoder_bank_pipelined.$flatten\lanes[8].decoder.$add$/home/rishabh/HPCA2/mosaic_delta_phase1/rtl/xorflow_decoder_pipelined.sv:31$21 ($add).
Removed top 1 bits (of 2) from port B of cell xorflow_decoder_bank_pipelined.$flatten\lanes[8].decoder.$eq$/home/rishabh/HPCA2/mosaic_delta_phase1/rtl/xorflow_decoder_pipelined.sv:30$18 ($eq).
Removed top 31 bits (of 32) from port A of cell xorflow_decoder_bank_pipelined.$flatten\lanes[8].decoder.$lt$/home/rishabh/HPCA2/mosaic_delta_phase1/rtl/xorflow_decoder_pipelined.sv:33$12 ($lt).
Removed top 6 bits (of 14) from port B of cell xorflow_decoder_bank_pipelined.$flatten\lanes[8].decoder.$add$/home/rishabh/HPCA2/mosaic_delta_phase1/rtl/xorflow_decoder_pipelined.sv:31$9 ($add).
Removed top 6 bits (of 14) from port A of cell xorflow_decoder_bank_pipelined.$flatten\lanes[9].decoder.$add$/home/rishabh/HPCA2/mosaic_delta_phase1/rtl/xorflow_decoder_pipelined.sv:20$117 ($add).
Removed top 6 bits (of 14) from port B of cell xorflow_decoder_bank_pipelined.$flatten\lanes[9].decoder.$add$/home/rishabh/HPCA2/mosaic_delta_phase1/rtl/xorflow_decoder_pipelined.sv:20$117 ($add).
Removed top 5 bits (of 14) from port Y of cell xorflow_decoder_bank_pipelined.$flatten\lanes[9].decoder.$add$/home/rishabh/HPCA2/mosaic_delta_phase1/rtl/xorflow_decoder_pipelined.sv:20$117 ($add).
Removed top 6 bits (of 14) from port A of cell xorflow_decoder_bank_pipelined.$flatten\lanes[9].decoder.$add$/home/rishabh/HPCA2/mosaic_delta_phase1/rtl/xorflow_decoder_pipelined.sv:20$114 ($add).
Removed top 6 bits (of 14) from port B of cell xorflow_decoder_bank_pipelined.$flatten\lanes[9].decoder.$add$/home/rishabh/HPCA2/mosaic_delta_phase1/rtl/xorflow_decoder_pipelined.sv:20$114 ($add).
Removed top 5 bits (of 14) from port Y of cell xorflow_decoder_bank_pipelined.$flatten\lanes[9].decoder.$add$/home/rishabh/HPCA2/mosaic_delta_phase1/rtl/xorflow_decoder_pipelined.sv:20$114 ($add).
Removed top 6 bits (of 14) from port A of cell xorflow_decoder_bank_pipelined.$flatten\lanes[9].decoder.$add$/home/rishabh/HPCA2/mosaic_delta_phase1/rtl/xorflow_decoder_pipelined.sv:20$111 ($add).
Removed top 6 bits (of 14) from port B of cell xorflow_decoder_bank_pipelined.$flatten\lanes[9].decoder.$add$/home/rishabh/HPCA2/mosaic_delta_phase1/rtl/xorflow_decoder_pipelined.sv:20$111 ($add).
Removed top 5 bits (of 14) from port Y of cell xorflow_decoder_bank_pipelined.$flatten\lanes[9].decoder.$add$/home/rishabh/HPCA2/mosaic_delta_phase1/rtl/xorflow_decoder_pipelined.sv:20$111 ($add).
Removed top 6 bits (of 14) from port B of cell xorflow_decoder_bank_pipelined.$flatten\lanes[9].decoder.$add$/home/rishabh/HPCA2/mosaic_delta_phase1/rtl/xorflow_decoder_pipelined.sv:22$110 ($add).
Removed top 6 bits (of 14) from port A of cell xorflow_decoder_bank_pipelined.$flatten\lanes[9].decoder.$add$/home/rishabh/HPCA2/mosaic_delta_phase1/rtl/xorflow_decoder_pipelined.sv:20$108 ($add).
Removed top 6 bits (of 14) from port B of cell xorflow_decoder_bank_pipelined.$flatten\lanes[9].decoder.$add$/home/rishabh/HPCA2/mosaic_delta_phase1/rtl/xorflow_decoder_pipelined.sv:20$108 ($add).
Removed top 5 bits (of 14) from port Y of cell xorflow_decoder_bank_pipelined.$flatten\lanes[9].decoder.$add$/home/rishabh/HPCA2/mosaic_delta_phase1/rtl/xorflow_decoder_pipelined.sv:20$108 ($add).
Removed top 6 bits (of 14) from port A of cell xorflow_decoder_bank_pipelined.$flatten\lanes[9].decoder.$add$/home/rishabh/HPCA2/mosaic_delta_phase1/rtl/xorflow_decoder_pipelined.sv:20$106 ($add).
Removed top 6 bits (of 14) from port B of cell xorflow_decoder_bank_pipelined.$flatten\lanes[9].decoder.$add$/home/rishabh/HPCA2/mosaic_delta_phase1/rtl/xorflow_decoder_pipelined.sv:20$106 ($add).
Removed top 5 bits (of 14) from port Y of cell xorflow_decoder_bank_pipelined.$flatten\lanes[9].decoder.$add$/home/rishabh/HPCA2/mosaic_delta_phase1/rtl/xorflow_decoder_pipelined.sv:20$106 ($add).
Removed top 6 bits (of 14) from port B of cell xorflow_decoder_bank_pipelined.$flatten\lanes[9].decoder.$add$/home/rishabh/HPCA2/mosaic_delta_phase1/rtl/xorflow_decoder_pipelined.sv:21$105 ($add).
Removed top 6 bits (of 14) from port A of cell xorflow_decoder_bank_pipelined.$flatten\lanes[9].decoder.$add$/home/rishabh/HPCA2/mosaic_delta_phase1/rtl/xorflow_decoder_pipelined.sv:20$104 ($add).
Removed top 6 bits (of 14) from port B of cell xorflow_decoder_bank_pipelined.$flatten\lanes[9].decoder.$add$/home/rishabh/HPCA2/mosaic_delta_phase1/rtl/xorflow_decoder_pipelined.sv:20$104 ($add).
Removed top 5 bits (of 14) from port Y of cell xorflow_decoder_bank_pipelined.$flatten\lanes[9].decoder.$add$/home/rishabh/HPCA2/mosaic_delta_phase1/rtl/xorflow_decoder_pipelined.sv:20$104 ($add).
Removed top 6 bits (of 14) from port A of cell xorflow_decoder_bank_pipelined.$flatten\lanes[9].decoder.$add$/home/rishabh/HPCA2/mosaic_delta_phase1/rtl/xorflow_decoder_pipelined.sv:20$103 ($add).
Removed top 6 bits (of 14) from port B of cell xorflow_decoder_bank_pipelined.$flatten\lanes[9].decoder.$add$/home/rishabh/HPCA2/mosaic_delta_phase1/rtl/xorflow_decoder_pipelined.sv:20$103 ($add).
Removed top 5 bits (of 14) from port Y of cell xorflow_decoder_bank_pipelined.$flatten\lanes[9].decoder.$add$/home/rishabh/HPCA2/mosaic_delta_phase1/rtl/xorflow_decoder_pipelined.sv:20$103 ($add).
Removed top 29 bits (of 32) from port A of cell xorflow_decoder_bank_pipelined.$flatten\lanes[9].decoder.$lt$/home/rishabh/HPCA2/mosaic_delta_phase1/rtl/xorflow_decoder_pipelined.sv:33$99 ($lt).
Removed top 29 bits (of 32) from port A of cell xorflow_decoder_bank_pipelined.$flatten\lanes[9].decoder.$lt$/home/rishabh/HPCA2/mosaic_delta_phase1/rtl/xorflow_decoder_pipelined.sv:33$87 ($lt).
Removed top 29 bits (of 32) from port A of cell xorflow_decoder_bank_pipelined.$flatten\lanes[9].decoder.$lt$/home/rishabh/HPCA2/mosaic_delta_phase1/rtl/xorflow_decoder_pipelined.sv:33$75 ($lt).
Removed top 29 bits (of 32) from port A of cell xorflow_decoder_bank_pipelined.$flatten\lanes[9].decoder.$lt$/home/rishabh/HPCA2/mosaic_delta_phase1/rtl/xorflow_decoder_pipelined.sv:33$63 ($lt).
Removed top 30 bits (of 32) from port A of cell xorflow_decoder_bank_pipelined.$flatten\lanes[9].decoder.$lt$/home/rishabh/HPCA2/mosaic_delta_phase1/rtl/xorflow_decoder_pipelined.sv:33$48 ($lt).
Removed top 5 bits (of 14) from FF cell xorflow_decoder_bank_pipelined.$flatten\lanes[9].decoder.$procdff$177 ($dff).
Removed top 30 bits (of 32) from port A of cell xorflow_decoder_bank_pipelined.$flatten\lanes[9].decoder.$lt$/home/rishabh/HPCA2/mosaic_delta_phase1/rtl/xorflow_decoder_pipelined.sv:33$36 ($lt).
Removed top 31 bits (of 32) from port A of cell xorflow_decoder_bank_pipelined.$flatten\lanes[9].decoder.$lt$/home/rishabh/HPCA2/mosaic_delta_phase1/rtl/xorflow_decoder_pipelined.sv:33$24 ($lt).
Removed top 5 bits (of 14) from port B of cell xorflow_decoder_bank_pipelined.$flatten\lanes[9].decoder.$add$/home/rishabh/HPCA2/mosaic_delta_phase1/rtl/xorflow_decoder_pipelined.sv:31$21 ($add).
Removed top 1 bits (of 2) from port B of cell xorflow_decoder_bank_pipelined.$flatten\lanes[9].decoder.$eq$/home/rishabh/HPCA2/mosaic_delta_phase1/rtl/xorflow_decoder_pipelined.sv:30$18 ($eq).
Removed top 31 bits (of 32) from port A of cell xorflow_decoder_bank_pipelined.$flatten\lanes[9].decoder.$lt$/home/rishabh/HPCA2/mosaic_delta_phase1/rtl/xorflow_decoder_pipelined.sv:33$12 ($lt).
Removed top 6 bits (of 14) from port B of cell xorflow_decoder_bank_pipelined.$flatten\lanes[9].decoder.$add$/home/rishabh/HPCA2/mosaic_delta_phase1/rtl/xorflow_decoder_pipelined.sv:31$9 ($add).
Removed top 6 bits (of 14) from port A of cell xorflow_decoder_bank_pipelined.$flatten\lanes[10].decoder.$add$/home/rishabh/HPCA2/mosaic_delta_phase1/rtl/xorflow_decoder_pipelined.sv:20$117 ($add).
Removed top 6 bits (of 14) from port B of cell xorflow_decoder_bank_pipelined.$flatten\lanes[10].decoder.$add$/home/rishabh/HPCA2/mosaic_delta_phase1/rtl/xorflow_decoder_pipelined.sv:20$117 ($add).
Removed top 5 bits (of 14) from port Y of cell xorflow_decoder_bank_pipelined.$flatten\lanes[10].decoder.$add$/home/rishabh/HPCA2/mosaic_delta_phase1/rtl/xorflow_decoder_pipelined.sv:20$117 ($add).
Removed top 6 bits (of 14) from port A of cell xorflow_decoder_bank_pipelined.$flatten\lanes[10].decoder.$add$/home/rishabh/HPCA2/mosaic_delta_phase1/rtl/xorflow_decoder_pipelined.sv:20$114 ($add).
Removed top 6 bits (of 14) from port B of cell xorflow_decoder_bank_pipelined.$flatten\lanes[10].decoder.$add$/home/rishabh/HPCA2/mosaic_delta_phase1/rtl/xorflow_decoder_pipelined.sv:20$114 ($add).
Removed top 5 bits (of 14) from port Y of cell xorflow_decoder_bank_pipelined.$flatten\lanes[10].decoder.$add$/home/rishabh/HPCA2/mosaic_delta_phase1/rtl/xorflow_decoder_pipelined.sv:20$114 ($add).
Removed top 6 bits (of 14) from port A of cell xorflow_decoder_bank_pipelined.$flatten\lanes[10].decoder.$add$/home/rishabh/HPCA2/mosaic_delta_phase1/rtl/xorflow_decoder_pipelined.sv:20$111 ($add).
Removed top 6 bits (of 14) from port B of cell xorflow_decoder_bank_pipelined.$flatten\lanes[10].decoder.$add$/home/rishabh/HPCA2/mosaic_delta_phase1/rtl/xorflow_decoder_pipelined.sv:20$111 ($add).
Removed top 5 bits (of 14) from port Y of cell xorflow_decoder_bank_pipelined.$flatten\lanes[10].decoder.$add$/home/rishabh/HPCA2/mosaic_delta_phase1/rtl/xorflow_decoder_pipelined.sv:20$111 ($add).
Removed top 6 bits (of 14) from port B of cell xorflow_decoder_bank_pipelined.$flatten\lanes[10].decoder.$add$/home/rishabh/HPCA2/mosaic_delta_phase1/rtl/xorflow_decoder_pipelined.sv:22$110 ($add).
Removed top 6 bits (of 14) from port A of cell xorflow_decoder_bank_pipelined.$flatten\lanes[10].decoder.$add$/home/rishabh/HPCA2/mosaic_delta_phase1/rtl/xorflow_decoder_pipelined.sv:20$108 ($add).
Removed top 6 bits (of 14) from port B of cell xorflow_decoder_bank_pipelined.$flatten\lanes[10].decoder.$add$/home/rishabh/HPCA2/mosaic_delta_phase1/rtl/xorflow_decoder_pipelined.sv:20$108 ($add).
Removed top 5 bits (of 14) from port Y of cell xorflow_decoder_bank_pipelined.$flatten\lanes[10].decoder.$add$/home/rishabh/HPCA2/mosaic_delta_phase1/rtl/xorflow_decoder_pipelined.sv:20$108 ($add).
Removed top 6 bits (of 14) from port A of cell xorflow_decoder_bank_pipelined.$flatten\lanes[10].decoder.$add$/home/rishabh/HPCA2/mosaic_delta_phase1/rtl/xorflow_decoder_pipelined.sv:20$106 ($add).
Removed top 6 bits (of 14) from port B of cell xorflow_decoder_bank_pipelined.$flatten\lanes[10].decoder.$add$/home/rishabh/HPCA2/mosaic_delta_phase1/rtl/xorflow_decoder_pipelined.sv:20$106 ($add).
Removed top 5 bits (of 14) from port Y of cell xorflow_decoder_bank_pipelined.$flatten\lanes[10].decoder.$add$/home/rishabh/HPCA2/mosaic_delta_phase1/rtl/xorflow_decoder_pipelined.sv:20$106 ($add).
Removed top 6 bits (of 14) from port B of cell xorflow_decoder_bank_pipelined.$flatten\lanes[10].decoder.$add$/home/rishabh/HPCA2/mosaic_delta_phase1/rtl/xorflow_decoder_pipelined.sv:21$105 ($add).
Removed top 6 bits (of 14) from port A of cell xorflow_decoder_bank_pipelined.$flatten\lanes[10].decoder.$add$/home/rishabh/HPCA2/mosaic_delta_phase1/rtl/xorflow_decoder_pipelined.sv:20$104 ($add).
Removed top 6 bits (of 14) from port B of cell xorflow_decoder_bank_pipelined.$flatten\lanes[10].decoder.$add$/home/rishabh/HPCA2/mosaic_delta_phase1/rtl/xorflow_decoder_pipelined.sv:20$104 ($add).
Removed top 5 bits (of 14) from port Y of cell xorflow_decoder_bank_pipelined.$flatten\lanes[10].decoder.$add$/home/rishabh/HPCA2/mosaic_delta_phase1/rtl/xorflow_decoder_pipelined.sv:20$104 ($add).
Removed top 6 bits (of 14) from port A of cell xorflow_decoder_bank_pipelined.$flatten\lanes[10].decoder.$add$/home/rishabh/HPCA2/mosaic_delta_phase1/rtl/xorflow_decoder_pipelined.sv:20$103 ($add).
Removed top 6 bits (of 14) from port B of cell xorflow_decoder_bank_pipelined.$flatten\lanes[10].decoder.$add$/home/rishabh/HPCA2/mosaic_delta_phase1/rtl/xorflow_decoder_pipelined.sv:20$103 ($add).
Removed top 5 bits (of 14) from port Y of cell xorflow_decoder_bank_pipelined.$flatten\lanes[10].decoder.$add$/home/rishabh/HPCA2/mosaic_delta_phase1/rtl/xorflow_decoder_pipelined.sv:20$103 ($add).
Removed top 29 bits (of 32) from port A of cell xorflow_decoder_bank_pipelined.$flatten\lanes[10].decoder.$lt$/home/rishabh/HPCA2/mosaic_delta_phase1/rtl/xorflow_decoder_pipelined.sv:33$99 ($lt).
Removed top 29 bits (of 32) from port A of cell xorflow_decoder_bank_pipelined.$flatten\lanes[10].decoder.$lt$/home/rishabh/HPCA2/mosaic_delta_phase1/rtl/xorflow_decoder_pipelined.sv:33$87 ($lt).
Removed top 29 bits (of 32) from port A of cell xorflow_decoder_bank_pipelined.$flatten\lanes[10].decoder.$lt$/home/rishabh/HPCA2/mosaic_delta_phase1/rtl/xorflow_decoder_pipelined.sv:33$75 ($lt).
Removed top 29 bits (of 32) from port A of cell xorflow_decoder_bank_pipelined.$flatten\lanes[10].decoder.$lt$/home/rishabh/HPCA2/mosaic_delta_phase1/rtl/xorflow_decoder_pipelined.sv:33$63 ($lt).
Removed top 30 bits (of 32) from port A of cell xorflow_decoder_bank_pipelined.$flatten\lanes[10].decoder.$lt$/home/rishabh/HPCA2/mosaic_delta_phase1/rtl/xorflow_decoder_pipelined.sv:33$48 ($lt).
Removed top 5 bits (of 14) from FF cell xorflow_decoder_bank_pipelined.$flatten\lanes[10].decoder.$procdff$177 ($dff).
Removed top 30 bits (of 32) from port A of cell xorflow_decoder_bank_pipelined.$flatten\lanes[10].decoder.$lt$/home/rishabh/HPCA2/mosaic_delta_phase1/rtl/xorflow_decoder_pipelined.sv:33$36 ($lt).
Removed top 31 bits (of 32) from port A of cell xorflow_decoder_bank_pipelined.$flatten\lanes[10].decoder.$lt$/home/rishabh/HPCA2/mosaic_delta_phase1/rtl/xorflow_decoder_pipelined.sv:33$24 ($lt).
Removed top 5 bits (of 14) from port B of cell xorflow_decoder_bank_pipelined.$flatten\lanes[10].decoder.$add$/home/rishabh/HPCA2/mosaic_delta_phase1/rtl/xorflow_decoder_pipelined.sv:31$21 ($add).
Removed top 1 bits (of 2) from port B of cell xorflow_decoder_bank_pipelined.$flatten\lanes[10].decoder.$eq$/home/rishabh/HPCA2/mosaic_delta_phase1/rtl/xorflow_decoder_pipelined.sv:30$18 ($eq).
Removed top 31 bits (of 32) from port A of cell xorflow_decoder_bank_pipelined.$flatten\lanes[10].decoder.$lt$/home/rishabh/HPCA2/mosaic_delta_phase1/rtl/xorflow_decoder_pipelined.sv:33$12 ($lt).
Removed top 6 bits (of 14) from port B of cell xorflow_decoder_bank_pipelined.$flatten\lanes[10].decoder.$add$/home/rishabh/HPCA2/mosaic_delta_phase1/rtl/xorflow_decoder_pipelined.sv:31$9 ($add).
Removed top 6 bits (of 14) from port A of cell xorflow_decoder_bank_pipelined.$flatten\lanes[11].decoder.$add$/home/rishabh/HPCA2/mosaic_delta_phase1/rtl/xorflow_decoder_pipelined.sv:20$117 ($add).
Removed top 6 bits (of 14) from port B of cell xorflow_decoder_bank_pipelined.$flatten\lanes[11].decoder.$add$/home/rishabh/HPCA2/mosaic_delta_phase1/rtl/xorflow_decoder_pipelined.sv:20$117 ($add).
Removed top 5 bits (of 14) from port Y of cell xorflow_decoder_bank_pipelined.$flatten\lanes[11].decoder.$add$/home/rishabh/HPCA2/mosaic_delta_phase1/rtl/xorflow_decoder_pipelined.sv:20$117 ($add).
Removed top 6 bits (of 14) from port A of cell xorflow_decoder_bank_pipelined.$flatten\lanes[11].decoder.$add$/home/rishabh/HPCA2/mosaic_delta_phase1/rtl/xorflow_decoder_pipelined.sv:20$114 ($add).
Removed top 6 bits (of 14) from port B of cell xorflow_decoder_bank_pipelined.$flatten\lanes[11].decoder.$add$/home/rishabh/HPCA2/mosaic_delta_phase1/rtl/xorflow_decoder_pipelined.sv:20$114 ($add).
Removed top 5 bits (of 14) from port Y of cell xorflow_decoder_bank_pipelined.$flatten\lanes[11].decoder.$add$/home/rishabh/HPCA2/mosaic_delta_phase1/rtl/xorflow_decoder_pipelined.sv:20$114 ($add).
Removed top 6 bits (of 14) from port A of cell xorflow_decoder_bank_pipelined.$flatten\lanes[11].decoder.$add$/home/rishabh/HPCA2/mosaic_delta_phase1/rtl/xorflow_decoder_pipelined.sv:20$111 ($add).
Removed top 6 bits (of 14) from port B of cell xorflow_decoder_bank_pipelined.$flatten\lanes[11].decoder.$add$/home/rishabh/HPCA2/mosaic_delta_phase1/rtl/xorflow_decoder_pipelined.sv:20$111 ($add).
Removed top 5 bits (of 14) from port Y of cell xorflow_decoder_bank_pipelined.$flatten\lanes[11].decoder.$add$/home/rishabh/HPCA2/mosaic_delta_phase1/rtl/xorflow_decoder_pipelined.sv:20$111 ($add).
Removed top 6 bits (of 14) from port B of cell xorflow_decoder_bank_pipelined.$flatten\lanes[11].decoder.$add$/home/rishabh/HPCA2/mosaic_delta_phase1/rtl/xorflow_decoder_pipelined.sv:22$110 ($add).
Removed top 6 bits (of 14) from port A of cell xorflow_decoder_bank_pipelined.$flatten\lanes[11].decoder.$add$/home/rishabh/HPCA2/mosaic_delta_phase1/rtl/xorflow_decoder_pipelined.sv:20$108 ($add).
Removed top 6 bits (of 14) from port B of cell xorflow_decoder_bank_pipelined.$flatten\lanes[11].decoder.$add$/home/rishabh/HPCA2/mosaic_delta_phase1/rtl/xorflow_decoder_pipelined.sv:20$108 ($add).
Removed top 5 bits (of 14) from port Y of cell xorflow_decoder_bank_pipelined.$flatten\lanes[11].decoder.$add$/home/rishabh/HPCA2/mosaic_delta_phase1/rtl/xorflow_decoder_pipelined.sv:20$108 ($add).
Removed top 6 bits (of 14) from port A of cell xorflow_decoder_bank_pipelined.$flatten\lanes[11].decoder.$add$/home/rishabh/HPCA2/mosaic_delta_phase1/rtl/xorflow_decoder_pipelined.sv:20$106 ($add).
Removed top 6 bits (of 14) from port B of cell xorflow_decoder_bank_pipelined.$flatten\lanes[11].decoder.$add$/home/rishabh/HPCA2/mosaic_delta_phase1/rtl/xorflow_decoder_pipelined.sv:20$106 ($add).
Removed top 5 bits (of 14) from port Y of cell xorflow_decoder_bank_pipelined.$flatten\lanes[11].decoder.$add$/home/rishabh/HPCA2/mosaic_delta_phase1/rtl/xorflow_decoder_pipelined.sv:20$106 ($add).
Removed top 6 bits (of 14) from port B of cell xorflow_decoder_bank_pipelined.$flatten\lanes[11].decoder.$add$/home/rishabh/HPCA2/mosaic_delta_phase1/rtl/xorflow_decoder_pipelined.sv:21$105 ($add).
Removed top 6 bits (of 14) from port A of cell xorflow_decoder_bank_pipelined.$flatten\lanes[11].decoder.$add$/home/rishabh/HPCA2/mosaic_delta_phase1/rtl/xorflow_decoder_pipelined.sv:20$104 ($add).
Removed top 6 bits (of 14) from port B of cell xorflow_decoder_bank_pipelined.$flatten\lanes[11].decoder.$add$/home/rishabh/HPCA2/mosaic_delta_phase1/rtl/xorflow_decoder_pipelined.sv:20$104 ($add).
Removed top 5 bits (of 14) from port Y of cell xorflow_decoder_bank_pipelined.$flatten\lanes[11].decoder.$add$/home/rishabh/HPCA2/mosaic_delta_phase1/rtl/xorflow_decoder_pipelined.sv:20$104 ($add).
Removed top 6 bits (of 14) from port A of cell xorflow_decoder_bank_pipelined.$flatten\lanes[11].decoder.$add$/home/rishabh/HPCA2/mosaic_delta_phase1/rtl/xorflow_decoder_pipelined.sv:20$103 ($add).
Removed top 6 bits (of 14) from port B of cell xorflow_decoder_bank_pipelined.$flatten\lanes[11].decoder.$add$/home/rishabh/HPCA2/mosaic_delta_phase1/rtl/xorflow_decoder_pipelined.sv:20$103 ($add).
Removed top 5 bits (of 14) from port Y of cell xorflow_decoder_bank_pipelined.$flatten\lanes[11].decoder.$add$/home/rishabh/HPCA2/mosaic_delta_phase1/rtl/xorflow_decoder_pipelined.sv:20$103 ($add).
Removed top 29 bits (of 32) from port A of cell xorflow_decoder_bank_pipelined.$flatten\lanes[11].decoder.$lt$/home/rishabh/HPCA2/mosaic_delta_phase1/rtl/xorflow_decoder_pipelined.sv:33$99 ($lt).
Removed top 29 bits (of 32) from port A of cell xorflow_decoder_bank_pipelined.$flatten\lanes[11].decoder.$lt$/home/rishabh/HPCA2/mosaic_delta_phase1/rtl/xorflow_decoder_pipelined.sv:33$87 ($lt).
Removed top 29 bits (of 32) from port A of cell xorflow_decoder_bank_pipelined.$flatten\lanes[11].decoder.$lt$/home/rishabh/HPCA2/mosaic_delta_phase1/rtl/xorflow_decoder_pipelined.sv:33$75 ($lt).
Removed top 29 bits (of 32) from port A of cell xorflow_decoder_bank_pipelined.$flatten\lanes[11].decoder.$lt$/home/rishabh/HPCA2/mosaic_delta_phase1/rtl/xorflow_decoder_pipelined.sv:33$63 ($lt).
Removed top 30 bits (of 32) from port A of cell xorflow_decoder_bank_pipelined.$flatten\lanes[11].decoder.$lt$/home/rishabh/HPCA2/mosaic_delta_phase1/rtl/xorflow_decoder_pipelined.sv:33$48 ($lt).
Removed top 5 bits (of 14) from FF cell xorflow_decoder_bank_pipelined.$flatten\lanes[11].decoder.$procdff$177 ($dff).
Removed top 30 bits (of 32) from port A of cell xorflow_decoder_bank_pipelined.$flatten\lanes[11].decoder.$lt$/home/rishabh/HPCA2/mosaic_delta_phase1/rtl/xorflow_decoder_pipelined.sv:33$36 ($lt).
Removed top 31 bits (of 32) from port A of cell xorflow_decoder_bank_pipelined.$flatten\lanes[11].decoder.$lt$/home/rishabh/HPCA2/mosaic_delta_phase1/rtl/xorflow_decoder_pipelined.sv:33$24 ($lt).
Removed top 5 bits (of 14) from port B of cell xorflow_decoder_bank_pipelined.$flatten\lanes[11].decoder.$add$/home/rishabh/HPCA2/mosaic_delta_phase1/rtl/xorflow_decoder_pipelined.sv:31$21 ($add).
Removed top 1 bits (of 2) from port B of cell xorflow_decoder_bank_pipelined.$flatten\lanes[11].decoder.$eq$/home/rishabh/HPCA2/mosaic_delta_phase1/rtl/xorflow_decoder_pipelined.sv:30$18 ($eq).
Removed top 31 bits (of 32) from port A of cell xorflow_decoder_bank_pipelined.$flatten\lanes[11].decoder.$lt$/home/rishabh/HPCA2/mosaic_delta_phase1/rtl/xorflow_decoder_pipelined.sv:33$12 ($lt).
Removed top 6 bits (of 14) from port B of cell xorflow_decoder_bank_pipelined.$flatten\lanes[11].decoder.$add$/home/rishabh/HPCA2/mosaic_delta_phase1/rtl/xorflow_decoder_pipelined.sv:31$9 ($add).
Removed top 6 bits (of 14) from port A of cell xorflow_decoder_bank_pipelined.$flatten\lanes[12].decoder.$add$/home/rishabh/HPCA2/mosaic_delta_phase1/rtl/xorflow_decoder_pipelined.sv:20$117 ($add).
Removed top 6 bits (of 14) from port B of cell xorflow_decoder_bank_pipelined.$flatten\lanes[12].decoder.$add$/home/rishabh/HPCA2/mosaic_delta_phase1/rtl/xorflow_decoder_pipelined.sv:20$117 ($add).
Removed top 5 bits (of 14) from port Y of cell xorflow_decoder_bank_pipelined.$flatten\lanes[12].decoder.$add$/home/rishabh/HPCA2/mosaic_delta_phase1/rtl/xorflow_decoder_pipelined.sv:20$117 ($add).
Removed top 6 bits (of 14) from port A of cell xorflow_decoder_bank_pipelined.$flatten\lanes[12].decoder.$add$/home/rishabh/HPCA2/mosaic_delta_phase1/rtl/xorflow_decoder_pipelined.sv:20$114 ($add).
Removed top 6 bits (of 14) from port B of cell xorflow_decoder_bank_pipelined.$flatten\lanes[12].decoder.$add$/home/rishabh/HPCA2/mosaic_delta_phase1/rtl/xorflow_decoder_pipelined.sv:20$114 ($add).
Removed top 5 bits (of 14) from port Y of cell xorflow_decoder_bank_pipelined.$flatten\lanes[12].decoder.$add$/home/rishabh/HPCA2/mosaic_delta_phase1/rtl/xorflow_decoder_pipelined.sv:20$114 ($add).
Removed top 6 bits (of 14) from port A of cell xorflow_decoder_bank_pipelined.$flatten\lanes[12].decoder.$add$/home/rishabh/HPCA2/mosaic_delta_phase1/rtl/xorflow_decoder_pipelined.sv:20$111 ($add).
Removed top 6 bits (of 14) from port B of cell xorflow_decoder_bank_pipelined.$flatten\lanes[12].decoder.$add$/home/rishabh/HPCA2/mosaic_delta_phase1/rtl/xorflow_decoder_pipelined.sv:20$111 ($add).
Removed top 5 bits (of 14) from port Y of cell xorflow_decoder_bank_pipelined.$flatten\lanes[12].decoder.$add$/home/rishabh/HPCA2/mosaic_delta_phase1/rtl/xorflow_decoder_pipelined.sv:20$111 ($add).
Removed top 6 bits (of 14) from port B of cell xorflow_decoder_bank_pipelined.$flatten\lanes[12].decoder.$add$/home/rishabh/HPCA2/mosaic_delta_phase1/rtl/xorflow_decoder_pipelined.sv:22$110 ($add).
Removed top 6 bits (of 14) from port A of cell xorflow_decoder_bank_pipelined.$flatten\lanes[12].decoder.$add$/home/rishabh/HPCA2/mosaic_delta_phase1/rtl/xorflow_decoder_pipelined.sv:20$108 ($add).
Removed top 6 bits (of 14) from port B of cell xorflow_decoder_bank_pipelined.$flatten\lanes[12].decoder.$add$/home/rishabh/HPCA2/mosaic_delta_phase1/rtl/xorflow_decoder_pipelined.sv:20$108 ($add).
Removed top 5 bits (of 14) from port Y of cell xorflow_decoder_bank_pipelined.$flatten\lanes[12].decoder.$add$/home/rishabh/HPCA2/mosaic_delta_phase1/rtl/xorflow_decoder_pipelined.sv:20$108 ($add).
Removed top 6 bits (of 14) from port A of cell xorflow_decoder_bank_pipelined.$flatten\lanes[12].decoder.$add$/home/rishabh/HPCA2/mosaic_delta_phase1/rtl/xorflow_decoder_pipelined.sv:20$106 ($add).
Removed top 6 bits (of 14) from port B of cell xorflow_decoder_bank_pipelined.$flatten\lanes[12].decoder.$add$/home/rishabh/HPCA2/mosaic_delta_phase1/rtl/xorflow_decoder_pipelined.sv:20$106 ($add).
Removed top 5 bits (of 14) from port Y of cell xorflow_decoder_bank_pipelined.$flatten\lanes[12].decoder.$add$/home/rishabh/HPCA2/mosaic_delta_phase1/rtl/xorflow_decoder_pipelined.sv:20$106 ($add).
Removed top 6 bits (of 14) from port B of cell xorflow_decoder_bank_pipelined.$flatten\lanes[12].decoder.$add$/home/rishabh/HPCA2/mosaic_delta_phase1/rtl/xorflow_decoder_pipelined.sv:21$105 ($add).
Removed top 6 bits (of 14) from port A of cell xorflow_decoder_bank_pipelined.$flatten\lanes[12].decoder.$add$/home/rishabh/HPCA2/mosaic_delta_phase1/rtl/xorflow_decoder_pipelined.sv:20$104 ($add).
Removed top 6 bits (of 14) from port B of cell xorflow_decoder_bank_pipelined.$flatten\lanes[12].decoder.$add$/home/rishabh/HPCA2/mosaic_delta_phase1/rtl/xorflow_decoder_pipelined.sv:20$104 ($add).
Removed top 5 bits (of 14) from port Y of cell xorflow_decoder_bank_pipelined.$flatten\lanes[12].decoder.$add$/home/rishabh/HPCA2/mosaic_delta_phase1/rtl/xorflow_decoder_pipelined.sv:20$104 ($add).
Removed top 6 bits (of 14) from port A of cell xorflow_decoder_bank_pipelined.$flatten\lanes[12].decoder.$add$/home/rishabh/HPCA2/mosaic_delta_phase1/rtl/xorflow_decoder_pipelined.sv:20$103 ($add).
Removed top 6 bits (of 14) from port B of cell xorflow_decoder_bank_pipelined.$flatten\lanes[12].decoder.$add$/home/rishabh/HPCA2/mosaic_delta_phase1/rtl/xorflow_decoder_pipelined.sv:20$103 ($add).
Removed top 5 bits (of 14) from port Y of cell xorflow_decoder_bank_pipelined.$flatten\lanes[12].decoder.$add$/home/rishabh/HPCA2/mosaic_delta_phase1/rtl/xorflow_decoder_pipelined.sv:20$103 ($add).
Removed top 29 bits (of 32) from port A of cell xorflow_decoder_bank_pipelined.$flatten\lanes[12].decoder.$lt$/home/rishabh/HPCA2/mosaic_delta_phase1/rtl/xorflow_decoder_pipelined.sv:33$99 ($lt).
Removed top 29 bits (of 32) from port A of cell xorflow_decoder_bank_pipelined.$flatten\lanes[12].decoder.$lt$/home/rishabh/HPCA2/mosaic_delta_phase1/rtl/xorflow_decoder_pipelined.sv:33$87 ($lt).
Removed top 29 bits (of 32) from port A of cell xorflow_decoder_bank_pipelined.$flatten\lanes[12].decoder.$lt$/home/rishabh/HPCA2/mosaic_delta_phase1/rtl/xorflow_decoder_pipelined.sv:33$75 ($lt).
Removed top 29 bits (of 32) from port A of cell xorflow_decoder_bank_pipelined.$flatten\lanes[12].decoder.$lt$/home/rishabh/HPCA2/mosaic_delta_phase1/rtl/xorflow_decoder_pipelined.sv:33$63 ($lt).
Removed top 30 bits (of 32) from port A of cell xorflow_decoder_bank_pipelined.$flatten\lanes[12].decoder.$lt$/home/rishabh/HPCA2/mosaic_delta_phase1/rtl/xorflow_decoder_pipelined.sv:33$48 ($lt).
Removed top 5 bits (of 14) from FF cell xorflow_decoder_bank_pipelined.$flatten\lanes[12].decoder.$procdff$177 ($dff).
Removed top 30 bits (of 32) from port A of cell xorflow_decoder_bank_pipelined.$flatten\lanes[12].decoder.$lt$/home/rishabh/HPCA2/mosaic_delta_phase1/rtl/xorflow_decoder_pipelined.sv:33$36 ($lt).
Removed top 31 bits (of 32) from port A of cell xorflow_decoder_bank_pipelined.$flatten\lanes[12].decoder.$lt$/home/rishabh/HPCA2/mosaic_delta_phase1/rtl/xorflow_decoder_pipelined.sv:33$24 ($lt).
Removed top 5 bits (of 14) from port B of cell xorflow_decoder_bank_pipelined.$flatten\lanes[12].decoder.$add$/home/rishabh/HPCA2/mosaic_delta_phase1/rtl/xorflow_decoder_pipelined.sv:31$21 ($add).
Removed top 1 bits (of 2) from port B of cell xorflow_decoder_bank_pipelined.$flatten\lanes[12].decoder.$eq$/home/rishabh/HPCA2/mosaic_delta_phase1/rtl/xorflow_decoder_pipelined.sv:30$18 ($eq).
Removed top 31 bits (of 32) from port A of cell xorflow_decoder_bank_pipelined.$flatten\lanes[12].decoder.$lt$/home/rishabh/HPCA2/mosaic_delta_phase1/rtl/xorflow_decoder_pipelined.sv:33$12 ($lt).
Removed top 6 bits (of 14) from port B of cell xorflow_decoder_bank_pipelined.$flatten\lanes[12].decoder.$add$/home/rishabh/HPCA2/mosaic_delta_phase1/rtl/xorflow_decoder_pipelined.sv:31$9 ($add).
Removed top 6 bits (of 14) from port A of cell xorflow_decoder_bank_pipelined.$flatten\lanes[13].decoder.$add$/home/rishabh/HPCA2/mosaic_delta_phase1/rtl/xorflow_decoder_pipelined.sv:20$117 ($add).
Removed top 6 bits (of 14) from port B of cell xorflow_decoder_bank_pipelined.$flatten\lanes[13].decoder.$add$/home/rishabh/HPCA2/mosaic_delta_phase1/rtl/xorflow_decoder_pipelined.sv:20$117 ($add).
Removed top 5 bits (of 14) from port Y of cell xorflow_decoder_bank_pipelined.$flatten\lanes[13].decoder.$add$/home/rishabh/HPCA2/mosaic_delta_phase1/rtl/xorflow_decoder_pipelined.sv:20$117 ($add).
Removed top 6 bits (of 14) from port A of cell xorflow_decoder_bank_pipelined.$flatten\lanes[13].decoder.$add$/home/rishabh/HPCA2/mosaic_delta_phase1/rtl/xorflow_decoder_pipelined.sv:20$114 ($add).
Removed top 6 bits (of 14) from port B of cell xorflow_decoder_bank_pipelined.$flatten\lanes[13].decoder.$add$/home/rishabh/HPCA2/mosaic_delta_phase1/rtl/xorflow_decoder_pipelined.sv:20$114 ($add).
Removed top 5 bits (of 14) from port Y of cell xorflow_decoder_bank_pipelined.$flatten\lanes[13].decoder.$add$/home/rishabh/HPCA2/mosaic_delta_phase1/rtl/xorflow_decoder_pipelined.sv:20$114 ($add).
Removed top 6 bits (of 14) from port A of cell xorflow_decoder_bank_pipelined.$flatten\lanes[13].decoder.$add$/home/rishabh/HPCA2/mosaic_delta_phase1/rtl/xorflow_decoder_pipelined.sv:20$111 ($add).
Removed top 6 bits (of 14) from port B of cell xorflow_decoder_bank_pipelined.$flatten\lanes[13].decoder.$add$/home/rishabh/HPCA2/mosaic_delta_phase1/rtl/xorflow_decoder_pipelined.sv:20$111 ($add).
Removed top 5 bits (of 14) from port Y of cell xorflow_decoder_bank_pipelined.$flatten\lanes[13].decoder.$add$/home/rishabh/HPCA2/mosaic_delta_phase1/rtl/xorflow_decoder_pipelined.sv:20$111 ($add).
Removed top 6 bits (of 14) from port B of cell xorflow_decoder_bank_pipelined.$flatten\lanes[13].decoder.$add$/home/rishabh/HPCA2/mosaic_delta_phase1/rtl/xorflow_decoder_pipelined.sv:22$110 ($add).
Removed top 6 bits (of 14) from port A of cell xorflow_decoder_bank_pipelined.$flatten\lanes[13].decoder.$add$/home/rishabh/HPCA2/mosaic_delta_phase1/rtl/xorflow_decoder_pipelined.sv:20$108 ($add).
Removed top 6 bits (of 14) from port B of cell xorflow_decoder_bank_pipelined.$flatten\lanes[13].decoder.$add$/home/rishabh/HPCA2/mosaic_delta_phase1/rtl/xorflow_decoder_pipelined.sv:20$108 ($add).
Removed top 5 bits (of 14) from port Y of cell xorflow_decoder_bank_pipelined.$flatten\lanes[13].decoder.$add$/home/rishabh/HPCA2/mosaic_delta_phase1/rtl/xorflow_decoder_pipelined.sv:20$108 ($add).
Removed top 6 bits (of 14) from port A of cell xorflow_decoder_bank_pipelined.$flatten\lanes[13].decoder.$add$/home/rishabh/HPCA2/mosaic_delta_phase1/rtl/xorflow_decoder_pipelined.sv:20$106 ($add).
Removed top 6 bits (of 14) from port B of cell xorflow_decoder_bank_pipelined.$flatten\lanes[13].decoder.$add$/home/rishabh/HPCA2/mosaic_delta_phase1/rtl/xorflow_decoder_pipelined.sv:20$106 ($add).
Removed top 5 bits (of 14) from port Y of cell xorflow_decoder_bank_pipelined.$flatten\lanes[13].decoder.$add$/home/rishabh/HPCA2/mosaic_delta_phase1/rtl/xorflow_decoder_pipelined.sv:20$106 ($add).
Removed top 6 bits (of 14) from port B of cell xorflow_decoder_bank_pipelined.$flatten\lanes[13].decoder.$add$/home/rishabh/HPCA2/mosaic_delta_phase1/rtl/xorflow_decoder_pipelined.sv:21$105 ($add).
Removed top 6 bits (of 14) from port A of cell xorflow_decoder_bank_pipelined.$flatten\lanes[13].decoder.$add$/home/rishabh/HPCA2/mosaic_delta_phase1/rtl/xorflow_decoder_pipelined.sv:20$104 ($add).
Removed top 6 bits (of 14) from port B of cell xorflow_decoder_bank_pipelined.$flatten\lanes[13].decoder.$add$/home/rishabh/HPCA2/mosaic_delta_phase1/rtl/xorflow_decoder_pipelined.sv:20$104 ($add).
Removed top 5 bits (of 14) from port Y of cell xorflow_decoder_bank_pipelined.$flatten\lanes[13].decoder.$add$/home/rishabh/HPCA2/mosaic_delta_phase1/rtl/xorflow_decoder_pipelined.sv:20$104 ($add).
Removed top 6 bits (of 14) from port A of cell xorflow_decoder_bank_pipelined.$flatten\lanes[13].decoder.$add$/home/rishabh/HPCA2/mosaic_delta_phase1/rtl/xorflow_decoder_pipelined.sv:20$103 ($add).
Removed top 6 bits (of 14) from port B of cell xorflow_decoder_bank_pipelined.$flatten\lanes[13].decoder.$add$/home/rishabh/HPCA2/mosaic_delta_phase1/rtl/xorflow_decoder_pipelined.sv:20$103 ($add).
Removed top 5 bits (of 14) from port Y of cell xorflow_decoder_bank_pipelined.$flatten\lanes[13].decoder.$add$/home/rishabh/HPCA2/mosaic_delta_phase1/rtl/xorflow_decoder_pipelined.sv:20$103 ($add).
Removed top 29 bits (of 32) from port A of cell xorflow_decoder_bank_pipelined.$flatten\lanes[13].decoder.$lt$/home/rishabh/HPCA2/mosaic_delta_phase1/rtl/xorflow_decoder_pipelined.sv:33$99 ($lt).
Removed top 29 bits (of 32) from port A of cell xorflow_decoder_bank_pipelined.$flatten\lanes[13].decoder.$lt$/home/rishabh/HPCA2/mosaic_delta_phase1/rtl/xorflow_decoder_pipelined.sv:33$87 ($lt).
Removed top 29 bits (of 32) from port A of cell xorflow_decoder_bank_pipelined.$flatten\lanes[13].decoder.$lt$/home/rishabh/HPCA2/mosaic_delta_phase1/rtl/xorflow_decoder_pipelined.sv:33$75 ($lt).
Removed top 29 bits (of 32) from port A of cell xorflow_decoder_bank_pipelined.$flatten\lanes[13].decoder.$lt$/home/rishabh/HPCA2/mosaic_delta_phase1/rtl/xorflow_decoder_pipelined.sv:33$63 ($lt).
Removed top 30 bits (of 32) from port A of cell xorflow_decoder_bank_pipelined.$flatten\lanes[13].decoder.$lt$/home/rishabh/HPCA2/mosaic_delta_phase1/rtl/xorflow_decoder_pipelined.sv:33$48 ($lt).
Removed top 5 bits (of 14) from FF cell xorflow_decoder_bank_pipelined.$flatten\lanes[13].decoder.$procdff$177 ($dff).
Removed top 30 bits (of 32) from port A of cell xorflow_decoder_bank_pipelined.$flatten\lanes[13].decoder.$lt$/home/rishabh/HPCA2/mosaic_delta_phase1/rtl/xorflow_decoder_pipelined.sv:33$36 ($lt).
Removed top 31 bits (of 32) from port A of cell xorflow_decoder_bank_pipelined.$flatten\lanes[13].decoder.$lt$/home/rishabh/HPCA2/mosaic_delta_phase1/rtl/xorflow_decoder_pipelined.sv:33$24 ($lt).
Removed top 5 bits (of 14) from port B of cell xorflow_decoder_bank_pipelined.$flatten\lanes[13].decoder.$add$/home/rishabh/HPCA2/mosaic_delta_phase1/rtl/xorflow_decoder_pipelined.sv:31$21 ($add).
Removed top 1 bits (of 2) from port B of cell xorflow_decoder_bank_pipelined.$flatten\lanes[13].decoder.$eq$/home/rishabh/HPCA2/mosaic_delta_phase1/rtl/xorflow_decoder_pipelined.sv:30$18 ($eq).
Removed top 31 bits (of 32) from port A of cell xorflow_decoder_bank_pipelined.$flatten\lanes[13].decoder.$lt$/home/rishabh/HPCA2/mosaic_delta_phase1/rtl/xorflow_decoder_pipelined.sv:33$12 ($lt).
Removed top 6 bits (of 14) from port B of cell xorflow_decoder_bank_pipelined.$flatten\lanes[13].decoder.$add$/home/rishabh/HPCA2/mosaic_delta_phase1/rtl/xorflow_decoder_pipelined.sv:31$9 ($add).
Removed top 6 bits (of 14) from port A of cell xorflow_decoder_bank_pipelined.$flatten\lanes[14].decoder.$add$/home/rishabh/HPCA2/mosaic_delta_phase1/rtl/xorflow_decoder_pipelined.sv:20$117 ($add).
Removed top 6 bits (of 14) from port B of cell xorflow_decoder_bank_pipelined.$flatten\lanes[14].decoder.$add$/home/rishabh/HPCA2/mosaic_delta_phase1/rtl/xorflow_decoder_pipelined.sv:20$117 ($add).
Removed top 5 bits (of 14) from port Y of cell xorflow_decoder_bank_pipelined.$flatten\lanes[14].decoder.$add$/home/rishabh/HPCA2/mosaic_delta_phase1/rtl/xorflow_decoder_pipelined.sv:20$117 ($add).
Removed top 6 bits (of 14) from port A of cell xorflow_decoder_bank_pipelined.$flatten\lanes[14].decoder.$add$/home/rishabh/HPCA2/mosaic_delta_phase1/rtl/xorflow_decoder_pipelined.sv:20$114 ($add).
Removed top 6 bits (of 14) from port B of cell xorflow_decoder_bank_pipelined.$flatten\lanes[14].decoder.$add$/home/rishabh/HPCA2/mosaic_delta_phase1/rtl/xorflow_decoder_pipelined.sv:20$114 ($add).
Removed top 5 bits (of 14) from port Y of cell xorflow_decoder_bank_pipelined.$flatten\lanes[14].decoder.$add$/home/rishabh/HPCA2/mosaic_delta_phase1/rtl/xorflow_decoder_pipelined.sv:20$114 ($add).
Removed top 6 bits (of 14) from port A of cell xorflow_decoder_bank_pipelined.$flatten\lanes[14].decoder.$add$/home/rishabh/HPCA2/mosaic_delta_phase1/rtl/xorflow_decoder_pipelined.sv:20$111 ($add).
Removed top 6 bits (of 14) from port B of cell xorflow_decoder_bank_pipelined.$flatten\lanes[14].decoder.$add$/home/rishabh/HPCA2/mosaic_delta_phase1/rtl/xorflow_decoder_pipelined.sv:20$111 ($add).
Removed top 5 bits (of 14) from port Y of cell xorflow_decoder_bank_pipelined.$flatten\lanes[14].decoder.$add$/home/rishabh/HPCA2/mosaic_delta_phase1/rtl/xorflow_decoder_pipelined.sv:20$111 ($add).
Removed top 6 bits (of 14) from port B of cell xorflow_decoder_bank_pipelined.$flatten\lanes[14].decoder.$add$/home/rishabh/HPCA2/mosaic_delta_phase1/rtl/xorflow_decoder_pipelined.sv:22$110 ($add).
Removed top 6 bits (of 14) from port A of cell xorflow_decoder_bank_pipelined.$flatten\lanes[14].decoder.$add$/home/rishabh/HPCA2/mosaic_delta_phase1/rtl/xorflow_decoder_pipelined.sv:20$108 ($add).
Removed top 6 bits (of 14) from port B of cell xorflow_decoder_bank_pipelined.$flatten\lanes[14].decoder.$add$/home/rishabh/HPCA2/mosaic_delta_phase1/rtl/xorflow_decoder_pipelined.sv:20$108 ($add).
Removed top 5 bits (of 14) from port Y of cell xorflow_decoder_bank_pipelined.$flatten\lanes[14].decoder.$add$/home/rishabh/HPCA2/mosaic_delta_phase1/rtl/xorflow_decoder_pipelined.sv:20$108 ($add).
Removed top 6 bits (of 14) from port A of cell xorflow_decoder_bank_pipelined.$flatten\lanes[14].decoder.$add$/home/rishabh/HPCA2/mosaic_delta_phase1/rtl/xorflow_decoder_pipelined.sv:20$106 ($add).
Removed top 6 bits (of 14) from port B of cell xorflow_decoder_bank_pipelined.$flatten\lanes[14].decoder.$add$/home/rishabh/HPCA2/mosaic_delta_phase1/rtl/xorflow_decoder_pipelined.sv:20$106 ($add).
Removed top 5 bits (of 14) from port Y of cell xorflow_decoder_bank_pipelined.$flatten\lanes[14].decoder.$add$/home/rishabh/HPCA2/mosaic_delta_phase1/rtl/xorflow_decoder_pipelined.sv:20$106 ($add).
Removed top 6 bits (of 14) from port B of cell xorflow_decoder_bank_pipelined.$flatten\lanes[14].decoder.$add$/home/rishabh/HPCA2/mosaic_delta_phase1/rtl/xorflow_decoder_pipelined.sv:21$105 ($add).
Removed top 6 bits (of 14) from port A of cell xorflow_decoder_bank_pipelined.$flatten\lanes[14].decoder.$add$/home/rishabh/HPCA2/mosaic_delta_phase1/rtl/xorflow_decoder_pipelined.sv:20$104 ($add).
Removed top 6 bits (of 14) from port B of cell xorflow_decoder_bank_pipelined.$flatten\lanes[14].decoder.$add$/home/rishabh/HPCA2/mosaic_delta_phase1/rtl/xorflow_decoder_pipelined.sv:20$104 ($add).
Removed top 5 bits (of 14) from port Y of cell xorflow_decoder_bank_pipelined.$flatten\lanes[14].decoder.$add$/home/rishabh/HPCA2/mosaic_delta_phase1/rtl/xorflow_decoder_pipelined.sv:20$104 ($add).
Removed top 6 bits (of 14) from port A of cell xorflow_decoder_bank_pipelined.$flatten\lanes[14].decoder.$add$/home/rishabh/HPCA2/mosaic_delta_phase1/rtl/xorflow_decoder_pipelined.sv:20$103 ($add).
Removed top 6 bits (of 14) from port B of cell xorflow_decoder_bank_pipelined.$flatten\lanes[14].decoder.$add$/home/rishabh/HPCA2/mosaic_delta_phase1/rtl/xorflow_decoder_pipelined.sv:20$103 ($add).
Removed top 5 bits (of 14) from port Y of cell xorflow_decoder_bank_pipelined.$flatten\lanes[14].decoder.$add$/home/rishabh/HPCA2/mosaic_delta_phase1/rtl/xorflow_decoder_pipelined.sv:20$103 ($add).
Removed top 29 bits (of 32) from port A of cell xorflow_decoder_bank_pipelined.$flatten\lanes[14].decoder.$lt$/home/rishabh/HPCA2/mosaic_delta_phase1/rtl/xorflow_decoder_pipelined.sv:33$99 ($lt).
Removed top 29 bits (of 32) from port A of cell xorflow_decoder_bank_pipelined.$flatten\lanes[14].decoder.$lt$/home/rishabh/HPCA2/mosaic_delta_phase1/rtl/xorflow_decoder_pipelined.sv:33$87 ($lt).
Removed top 29 bits (of 32) from port A of cell xorflow_decoder_bank_pipelined.$flatten\lanes[14].decoder.$lt$/home/rishabh/HPCA2/mosaic_delta_phase1/rtl/xorflow_decoder_pipelined.sv:33$75 ($lt).
Removed top 29 bits (of 32) from port A of cell xorflow_decoder_bank_pipelined.$flatten\lanes[14].decoder.$lt$/home/rishabh/HPCA2/mosaic_delta_phase1/rtl/xorflow_decoder_pipelined.sv:33$63 ($lt).
Removed top 30 bits (of 32) from port A of cell xorflow_decoder_bank_pipelined.$flatten\lanes[14].decoder.$lt$/home/rishabh/HPCA2/mosaic_delta_phase1/rtl/xorflow_decoder_pipelined.sv:33$48 ($lt).
Removed top 5 bits (of 14) from FF cell xorflow_decoder_bank_pipelined.$flatten\lanes[14].decoder.$procdff$177 ($dff).
Removed top 30 bits (of 32) from port A of cell xorflow_decoder_bank_pipelined.$flatten\lanes[14].decoder.$lt$/home/rishabh/HPCA2/mosaic_delta_phase1/rtl/xorflow_decoder_pipelined.sv:33$36 ($lt).
Removed top 31 bits (of 32) from port A of cell xorflow_decoder_bank_pipelined.$flatten\lanes[14].decoder.$lt$/home/rishabh/HPCA2/mosaic_delta_phase1/rtl/xorflow_decoder_pipelined.sv:33$24 ($lt).
Removed top 5 bits (of 14) from port B of cell xorflow_decoder_bank_pipelined.$flatten\lanes[14].decoder.$add$/home/rishabh/HPCA2/mosaic_delta_phase1/rtl/xorflow_decoder_pipelined.sv:31$21 ($add).
Removed top 1 bits (of 2) from port B of cell xorflow_decoder_bank_pipelined.$flatten\lanes[14].decoder.$eq$/home/rishabh/HPCA2/mosaic_delta_phase1/rtl/xorflow_decoder_pipelined.sv:30$18 ($eq).
Removed top 31 bits (of 32) from port A of cell xorflow_decoder_bank_pipelined.$flatten\lanes[14].decoder.$lt$/home/rishabh/HPCA2/mosaic_delta_phase1/rtl/xorflow_decoder_pipelined.sv:33$12 ($lt).
Removed top 6 bits (of 14) from port B of cell xorflow_decoder_bank_pipelined.$flatten\lanes[14].decoder.$add$/home/rishabh/HPCA2/mosaic_delta_phase1/rtl/xorflow_decoder_pipelined.sv:31$9 ($add).
Removed top 6 bits (of 14) from port A of cell xorflow_decoder_bank_pipelined.$flatten\lanes[15].decoder.$add$/home/rishabh/HPCA2/mosaic_delta_phase1/rtl/xorflow_decoder_pipelined.sv:20$117 ($add).
Removed top 6 bits (of 14) from port B of cell xorflow_decoder_bank_pipelined.$flatten\lanes[15].decoder.$add$/home/rishabh/HPCA2/mosaic_delta_phase1/rtl/xorflow_decoder_pipelined.sv:20$117 ($add).
Removed top 5 bits (of 14) from port Y of cell xorflow_decoder_bank_pipelined.$flatten\lanes[15].decoder.$add$/home/rishabh/HPCA2/mosaic_delta_phase1/rtl/xorflow_decoder_pipelined.sv:20$117 ($add).
Removed top 6 bits (of 14) from port A of cell xorflow_decoder_bank_pipelined.$flatten\lanes[15].decoder.$add$/home/rishabh/HPCA2/mosaic_delta_phase1/rtl/xorflow_decoder_pipelined.sv:20$114 ($add).
Removed top 6 bits (of 14) from port B of cell xorflow_decoder_bank_pipelined.$flatten\lanes[15].decoder.$add$/home/rishabh/HPCA2/mosaic_delta_phase1/rtl/xorflow_decoder_pipelined.sv:20$114 ($add).
Removed top 5 bits (of 14) from port Y of cell xorflow_decoder_bank_pipelined.$flatten\lanes[15].decoder.$add$/home/rishabh/HPCA2/mosaic_delta_phase1/rtl/xorflow_decoder_pipelined.sv:20$114 ($add).
Removed top 6 bits (of 14) from port A of cell xorflow_decoder_bank_pipelined.$flatten\lanes[15].decoder.$add$/home/rishabh/HPCA2/mosaic_delta_phase1/rtl/xorflow_decoder_pipelined.sv:20$111 ($add).
Removed top 6 bits (of 14) from port B of cell xorflow_decoder_bank_pipelined.$flatten\lanes[15].decoder.$add$/home/rishabh/HPCA2/mosaic_delta_phase1/rtl/xorflow_decoder_pipelined.sv:20$111 ($add).
Removed top 5 bits (of 14) from port Y of cell xorflow_decoder_bank_pipelined.$flatten\lanes[15].decoder.$add$/home/rishabh/HPCA2/mosaic_delta_phase1/rtl/xorflow_decoder_pipelined.sv:20$111 ($add).
Removed top 6 bits (of 14) from port B of cell xorflow_decoder_bank_pipelined.$flatten\lanes[15].decoder.$add$/home/rishabh/HPCA2/mosaic_delta_phase1/rtl/xorflow_decoder_pipelined.sv:22$110 ($add).
Removed top 6 bits (of 14) from port A of cell xorflow_decoder_bank_pipelined.$flatten\lanes[15].decoder.$add$/home/rishabh/HPCA2/mosaic_delta_phase1/rtl/xorflow_decoder_pipelined.sv:20$108 ($add).
Removed top 6 bits (of 14) from port B of cell xorflow_decoder_bank_pipelined.$flatten\lanes[15].decoder.$add$/home/rishabh/HPCA2/mosaic_delta_phase1/rtl/xorflow_decoder_pipelined.sv:20$108 ($add).
Removed top 5 bits (of 14) from port Y of cell xorflow_decoder_bank_pipelined.$flatten\lanes[15].decoder.$add$/home/rishabh/HPCA2/mosaic_delta_phase1/rtl/xorflow_decoder_pipelined.sv:20$108 ($add).
Removed top 6 bits (of 14) from port A of cell xorflow_decoder_bank_pipelined.$flatten\lanes[15].decoder.$add$/home/rishabh/HPCA2/mosaic_delta_phase1/rtl/xorflow_decoder_pipelined.sv:20$106 ($add).
Removed top 6 bits (of 14) from port B of cell xorflow_decoder_bank_pipelined.$flatten\lanes[15].decoder.$add$/home/rishabh/HPCA2/mosaic_delta_phase1/rtl/xorflow_decoder_pipelined.sv:20$106 ($add).
Removed top 5 bits (of 14) from port Y of cell xorflow_decoder_bank_pipelined.$flatten\lanes[15].decoder.$add$/home/rishabh/HPCA2/mosaic_delta_phase1/rtl/xorflow_decoder_pipelined.sv:20$106 ($add).
Removed top 6 bits (of 14) from port B of cell xorflow_decoder_bank_pipelined.$flatten\lanes[15].decoder.$add$/home/rishabh/HPCA2/mosaic_delta_phase1/rtl/xorflow_decoder_pipelined.sv:21$105 ($add).
Removed top 6 bits (of 14) from port A of cell xorflow_decoder_bank_pipelined.$flatten\lanes[15].decoder.$add$/home/rishabh/HPCA2/mosaic_delta_phase1/rtl/xorflow_decoder_pipelined.sv:20$104 ($add).
Removed top 6 bits (of 14) from port B of cell xorflow_decoder_bank_pipelined.$flatten\lanes[15].decoder.$add$/home/rishabh/HPCA2/mosaic_delta_phase1/rtl/xorflow_decoder_pipelined.sv:20$104 ($add).
Removed top 5 bits (of 14) from port Y of cell xorflow_decoder_bank_pipelined.$flatten\lanes[15].decoder.$add$/home/rishabh/HPCA2/mosaic_delta_phase1/rtl/xorflow_decoder_pipelined.sv:20$104 ($add).
Removed top 6 bits (of 14) from port A of cell xorflow_decoder_bank_pipelined.$flatten\lanes[15].decoder.$add$/home/rishabh/HPCA2/mosaic_delta_phase1/rtl/xorflow_decoder_pipelined.sv:20$103 ($add).
Removed top 6 bits (of 14) from port B of cell xorflow_decoder_bank_pipelined.$flatten\lanes[15].decoder.$add$/home/rishabh/HPCA2/mosaic_delta_phase1/rtl/xorflow_decoder_pipelined.sv:20$103 ($add).
Removed top 5 bits (of 14) from port Y of cell xorflow_decoder_bank_pipelined.$flatten\lanes[15].decoder.$add$/home/rishabh/HPCA2/mosaic_delta_phase1/rtl/xorflow_decoder_pipelined.sv:20$103 ($add).
Removed top 29 bits (of 32) from port A of cell xorflow_decoder_bank_pipelined.$flatten\lanes[15].decoder.$lt$/home/rishabh/HPCA2/mosaic_delta_phase1/rtl/xorflow_decoder_pipelined.sv:33$99 ($lt).
Removed top 29 bits (of 32) from port A of cell xorflow_decoder_bank_pipelined.$flatten\lanes[15].decoder.$lt$/home/rishabh/HPCA2/mosaic_delta_phase1/rtl/xorflow_decoder_pipelined.sv:33$87 ($lt).
Removed top 29 bits (of 32) from port A of cell xorflow_decoder_bank_pipelined.$flatten\lanes[15].decoder.$lt$/home/rishabh/HPCA2/mosaic_delta_phase1/rtl/xorflow_decoder_pipelined.sv:33$75 ($lt).
Removed top 29 bits (of 32) from port A of cell xorflow_decoder_bank_pipelined.$flatten\lanes[15].decoder.$lt$/home/rishabh/HPCA2/mosaic_delta_phase1/rtl/xorflow_decoder_pipelined.sv:33$63 ($lt).
Removed top 30 bits (of 32) from port A of cell xorflow_decoder_bank_pipelined.$flatten\lanes[15].decoder.$lt$/home/rishabh/HPCA2/mosaic_delta_phase1/rtl/xorflow_decoder_pipelined.sv:33$48 ($lt).
Removed top 5 bits (of 14) from FF cell xorflow_decoder_bank_pipelined.$flatten\lanes[15].decoder.$procdff$177 ($dff).
Removed top 30 bits (of 32) from port A of cell xorflow_decoder_bank_pipelined.$flatten\lanes[15].decoder.$lt$/home/rishabh/HPCA2/mosaic_delta_phase1/rtl/xorflow_decoder_pipelined.sv:33$36 ($lt).
Removed top 31 bits (of 32) from port A of cell xorflow_decoder_bank_pipelined.$flatten\lanes[15].decoder.$lt$/home/rishabh/HPCA2/mosaic_delta_phase1/rtl/xorflow_decoder_pipelined.sv:33$24 ($lt).
Removed top 5 bits (of 14) from port B of cell xorflow_decoder_bank_pipelined.$flatten\lanes[15].decoder.$add$/home/rishabh/HPCA2/mosaic_delta_phase1/rtl/xorflow_decoder_pipelined.sv:31$21 ($add).
Removed top 1 bits (of 2) from port B of cell xorflow_decoder_bank_pipelined.$flatten\lanes[15].decoder.$eq$/home/rishabh/HPCA2/mosaic_delta_phase1/rtl/xorflow_decoder_pipelined.sv:30$18 ($eq).
Removed top 31 bits (of 32) from port A of cell xorflow_decoder_bank_pipelined.$flatten\lanes[15].decoder.$lt$/home/rishabh/HPCA2/mosaic_delta_phase1/rtl/xorflow_decoder_pipelined.sv:33$12 ($lt).
Removed top 6 bits (of 14) from port B of cell xorflow_decoder_bank_pipelined.$flatten\lanes[15].decoder.$add$/home/rishabh/HPCA2/mosaic_delta_phase1/rtl/xorflow_decoder_pipelined.sv:31$9 ($add).
Removed top 6 bits (of 14) from port A of cell xorflow_decoder_bank_pipelined.$flatten\lanes[16].decoder.$add$/home/rishabh/HPCA2/mosaic_delta_phase1/rtl/xorflow_decoder_pipelined.sv:20$117 ($add).
Removed top 6 bits (of 14) from port B of cell xorflow_decoder_bank_pipelined.$flatten\lanes[16].decoder.$add$/home/rishabh/HPCA2/mosaic_delta_phase1/rtl/xorflow_decoder_pipelined.sv:20$117 ($add).
Removed top 5 bits (of 14) from port Y of cell xorflow_decoder_bank_pipelined.$flatten\lanes[16].decoder.$add$/home/rishabh/HPCA2/mosaic_delta_phase1/rtl/xorflow_decoder_pipelined.sv:20$117 ($add).
Removed top 6 bits (of 14) from port A of cell xorflow_decoder_bank_pipelined.$flatten\lanes[16].decoder.$add$/home/rishabh/HPCA2/mosaic_delta_phase1/rtl/xorflow_decoder_pipelined.sv:20$114 ($add).
Removed top 6 bits (of 14) from port B of cell xorflow_decoder_bank_pipelined.$flatten\lanes[16].decoder.$add$/home/rishabh/HPCA2/mosaic_delta_phase1/rtl/xorflow_decoder_pipelined.sv:20$114 ($add).
Removed top 5 bits (of 14) from port Y of cell xorflow_decoder_bank_pipelined.$flatten\lanes[16].decoder.$add$/home/rishabh/HPCA2/mosaic_delta_phase1/rtl/xorflow_decoder_pipelined.sv:20$114 ($add).
Removed top 6 bits (of 14) from port A of cell xorflow_decoder_bank_pipelined.$flatten\lanes[16].decoder.$add$/home/rishabh/HPCA2/mosaic_delta_phase1/rtl/xorflow_decoder_pipelined.sv:20$111 ($add).
Removed top 6 bits (of 14) from port B of cell xorflow_decoder_bank_pipelined.$flatten\lanes[16].decoder.$add$/home/rishabh/HPCA2/mosaic_delta_phase1/rtl/xorflow_decoder_pipelined.sv:20$111 ($add).
Removed top 5 bits (of 14) from port Y of cell xorflow_decoder_bank_pipelined.$flatten\lanes[16].decoder.$add$/home/rishabh/HPCA2/mosaic_delta_phase1/rtl/xorflow_decoder_pipelined.sv:20$111 ($add).
Removed top 6 bits (of 14) from port B of cell xorflow_decoder_bank_pipelined.$flatten\lanes[16].decoder.$add$/home/rishabh/HPCA2/mosaic_delta_phase1/rtl/xorflow_decoder_pipelined.sv:22$110 ($add).
Removed top 6 bits (of 14) from port A of cell xorflow_decoder_bank_pipelined.$flatten\lanes[16].decoder.$add$/home/rishabh/HPCA2/mosaic_delta_phase1/rtl/xorflow_decoder_pipelined.sv:20$108 ($add).
Removed top 6 bits (of 14) from port B of cell xorflow_decoder_bank_pipelined.$flatten\lanes[16].decoder.$add$/home/rishabh/HPCA2/mosaic_delta_phase1/rtl/xorflow_decoder_pipelined.sv:20$108 ($add).
Removed top 5 bits (of 14) from port Y of cell xorflow_decoder_bank_pipelined.$flatten\lanes[16].decoder.$add$/home/rishabh/HPCA2/mosaic_delta_phase1/rtl/xorflow_decoder_pipelined.sv:20$108 ($add).
Removed top 6 bits (of 14) from port A of cell xorflow_decoder_bank_pipelined.$flatten\lanes[16].decoder.$add$/home/rishabh/HPCA2/mosaic_delta_phase1/rtl/xorflow_decoder_pipelined.sv:20$106 ($add).
Removed top 6 bits (of 14) from port B of cell xorflow_decoder_bank_pipelined.$flatten\lanes[16].decoder.$add$/home/rishabh/HPCA2/mosaic_delta_phase1/rtl/xorflow_decoder_pipelined.sv:20$106 ($add).
Removed top 5 bits (of 14) from port Y of cell xorflow_decoder_bank_pipelined.$flatten\lanes[16].decoder.$add$/home/rishabh/HPCA2/mosaic_delta_phase1/rtl/xorflow_decoder_pipelined.sv:20$106 ($add).
Removed top 6 bits (of 14) from port B of cell xorflow_decoder_bank_pipelined.$flatten\lanes[16].decoder.$add$/home/rishabh/HPCA2/mosaic_delta_phase1/rtl/xorflow_decoder_pipelined.sv:21$105 ($add).
Removed top 6 bits (of 14) from port A of cell xorflow_decoder_bank_pipelined.$flatten\lanes[16].decoder.$add$/home/rishabh/HPCA2/mosaic_delta_phase1/rtl/xorflow_decoder_pipelined.sv:20$104 ($add).
Removed top 6 bits (of 14) from port B of cell xorflow_decoder_bank_pipelined.$flatten\lanes[16].decoder.$add$/home/rishabh/HPCA2/mosaic_delta_phase1/rtl/xorflow_decoder_pipelined.sv:20$104 ($add).
Removed top 5 bits (of 14) from port Y of cell xorflow_decoder_bank_pipelined.$flatten\lanes[16].decoder.$add$/home/rishabh/HPCA2/mosaic_delta_phase1/rtl/xorflow_decoder_pipelined.sv:20$104 ($add).
Removed top 6 bits (of 14) from port A of cell xorflow_decoder_bank_pipelined.$flatten\lanes[16].decoder.$add$/home/rishabh/HPCA2/mosaic_delta_phase1/rtl/xorflow_decoder_pipelined.sv:20$103 ($add).
Removed top 6 bits (of 14) from port B of cell xorflow_decoder_bank_pipelined.$flatten\lanes[16].decoder.$add$/home/rishabh/HPCA2/mosaic_delta_phase1/rtl/xorflow_decoder_pipelined.sv:20$103 ($add).
Removed top 5 bits (of 14) from port Y of cell xorflow_decoder_bank_pipelined.$flatten\lanes[16].decoder.$add$/home/rishabh/HPCA2/mosaic_delta_phase1/rtl/xorflow_decoder_pipelined.sv:20$103 ($add).
Removed top 29 bits (of 32) from port A of cell xorflow_decoder_bank_pipelined.$flatten\lanes[16].decoder.$lt$/home/rishabh/HPCA2/mosaic_delta_phase1/rtl/xorflow_decoder_pipelined.sv:33$99 ($lt).
Removed top 29 bits (of 32) from port A of cell xorflow_decoder_bank_pipelined.$flatten\lanes[16].decoder.$lt$/home/rishabh/HPCA2/mosaic_delta_phase1/rtl/xorflow_decoder_pipelined.sv:33$87 ($lt).
Removed top 29 bits (of 32) from port A of cell xorflow_decoder_bank_pipelined.$flatten\lanes[16].decoder.$lt$/home/rishabh/HPCA2/mosaic_delta_phase1/rtl/xorflow_decoder_pipelined.sv:33$75 ($lt).
Removed top 29 bits (of 32) from port A of cell xorflow_decoder_bank_pipelined.$flatten\lanes[16].decoder.$lt$/home/rishabh/HPCA2/mosaic_delta_phase1/rtl/xorflow_decoder_pipelined.sv:33$63 ($lt).
Removed top 30 bits (of 32) from port A of cell xorflow_decoder_bank_pipelined.$flatten\lanes[16].decoder.$lt$/home/rishabh/HPCA2/mosaic_delta_phase1/rtl/xorflow_decoder_pipelined.sv:33$48 ($lt).
Removed top 5 bits (of 14) from FF cell xorflow_decoder_bank_pipelined.$flatten\lanes[16].decoder.$procdff$177 ($dff).
Removed top 30 bits (of 32) from port A of cell xorflow_decoder_bank_pipelined.$flatten\lanes[16].decoder.$lt$/home/rishabh/HPCA2/mosaic_delta_phase1/rtl/xorflow_decoder_pipelined.sv:33$36 ($lt).
Removed top 31 bits (of 32) from port A of cell xorflow_decoder_bank_pipelined.$flatten\lanes[16].decoder.$lt$/home/rishabh/HPCA2/mosaic_delta_phase1/rtl/xorflow_decoder_pipelined.sv:33$24 ($lt).
Removed top 5 bits (of 14) from port B of cell xorflow_decoder_bank_pipelined.$flatten\lanes[16].decoder.$add$/home/rishabh/HPCA2/mosaic_delta_phase1/rtl/xorflow_decoder_pipelined.sv:31$21 ($add).
Removed top 1 bits (of 2) from port B of cell xorflow_decoder_bank_pipelined.$flatten\lanes[16].decoder.$eq$/home/rishabh/HPCA2/mosaic_delta_phase1/rtl/xorflow_decoder_pipelined.sv:30$18 ($eq).
Removed top 31 bits (of 32) from port A of cell xorflow_decoder_bank_pipelined.$flatten\lanes[16].decoder.$lt$/home/rishabh/HPCA2/mosaic_delta_phase1/rtl/xorflow_decoder_pipelined.sv:33$12 ($lt).
Removed top 6 bits (of 14) from port B of cell xorflow_decoder_bank_pipelined.$flatten\lanes[16].decoder.$add$/home/rishabh/HPCA2/mosaic_delta_phase1/rtl/xorflow_decoder_pipelined.sv:31$9 ($add).
Removed top 6 bits (of 14) from port A of cell xorflow_decoder_bank_pipelined.$flatten\lanes[17].decoder.$add$/home/rishabh/HPCA2/mosaic_delta_phase1/rtl/xorflow_decoder_pipelined.sv:20$117 ($add).
Removed top 6 bits (of 14) from port B of cell xorflow_decoder_bank_pipelined.$flatten\lanes[17].decoder.$add$/home/rishabh/HPCA2/mosaic_delta_phase1/rtl/xorflow_decoder_pipelined.sv:20$117 ($add).
Removed top 5 bits (of 14) from port Y of cell xorflow_decoder_bank_pipelined.$flatten\lanes[17].decoder.$add$/home/rishabh/HPCA2/mosaic_delta_phase1/rtl/xorflow_decoder_pipelined.sv:20$117 ($add).
Removed top 6 bits (of 14) from port A of cell xorflow_decoder_bank_pipelined.$flatten\lanes[17].decoder.$add$/home/rishabh/HPCA2/mosaic_delta_phase1/rtl/xorflow_decoder_pipelined.sv:20$114 ($add).
Removed top 6 bits (of 14) from port B of cell xorflow_decoder_bank_pipelined.$flatten\lanes[17].decoder.$add$/home/rishabh/HPCA2/mosaic_delta_phase1/rtl/xorflow_decoder_pipelined.sv:20$114 ($add).
Removed top 5 bits (of 14) from port Y of cell xorflow_decoder_bank_pipelined.$flatten\lanes[17].decoder.$add$/home/rishabh/HPCA2/mosaic_delta_phase1/rtl/xorflow_decoder_pipelined.sv:20$114 ($add).
Removed top 6 bits (of 14) from port A of cell xorflow_decoder_bank_pipelined.$flatten\lanes[17].decoder.$add$/home/rishabh/HPCA2/mosaic_delta_phase1/rtl/xorflow_decoder_pipelined.sv:20$111 ($add).
Removed top 6 bits (of 14) from port B of cell xorflow_decoder_bank_pipelined.$flatten\lanes[17].decoder.$add$/home/rishabh/HPCA2/mosaic_delta_phase1/rtl/xorflow_decoder_pipelined.sv:20$111 ($add).
Removed top 5 bits (of 14) from port Y of cell xorflow_decoder_bank_pipelined.$flatten\lanes[17].decoder.$add$/home/rishabh/HPCA2/mosaic_delta_phase1/rtl/xorflow_decoder_pipelined.sv:20$111 ($add).
Removed top 6 bits (of 14) from port B of cell xorflow_decoder_bank_pipelined.$flatten\lanes[17].decoder.$add$/home/rishabh/HPCA2/mosaic_delta_phase1/rtl/xorflow_decoder_pipelined.sv:22$110 ($add).
Removed top 6 bits (of 14) from port A of cell xorflow_decoder_bank_pipelined.$flatten\lanes[17].decoder.$add$/home/rishabh/HPCA2/mosaic_delta_phase1/rtl/xorflow_decoder_pipelined.sv:20$108 ($add).
Removed top 6 bits (of 14) from port B of cell xorflow_decoder_bank_pipelined.$flatten\lanes[17].decoder.$add$/home/rishabh/HPCA2/mosaic_delta_phase1/rtl/xorflow_decoder_pipelined.sv:20$108 ($add).
Removed top 5 bits (of 14) from port Y of cell xorflow_decoder_bank_pipelined.$flatten\lanes[17].decoder.$add$/home/rishabh/HPCA2/mosaic_delta_phase1/rtl/xorflow_decoder_pipelined.sv:20$108 ($add).
Removed top 6 bits (of 14) from port A of cell xorflow_decoder_bank_pipelined.$flatten\lanes[17].decoder.$add$/home/rishabh/HPCA2/mosaic_delta_phase1/rtl/xorflow_decoder_pipelined.sv:20$106 ($add).
Removed top 6 bits (of 14) from port B of cell xorflow_decoder_bank_pipelined.$flatten\lanes[17].decoder.$add$/home/rishabh/HPCA2/mosaic_delta_phase1/rtl/xorflow_decoder_pipelined.sv:20$106 ($add).
Removed top 5 bits (of 14) from port Y of cell xorflow_decoder_bank_pipelined.$flatten\lanes[17].decoder.$add$/home/rishabh/HPCA2/mosaic_delta_phase1/rtl/xorflow_decoder_pipelined.sv:20$106 ($add).
Removed top 6 bits (of 14) from port B of cell xorflow_decoder_bank_pipelined.$flatten\lanes[17].decoder.$add$/home/rishabh/HPCA2/mosaic_delta_phase1/rtl/xorflow_decoder_pipelined.sv:21$105 ($add).
Removed top 6 bits (of 14) from port A of cell xorflow_decoder_bank_pipelined.$flatten\lanes[17].decoder.$add$/home/rishabh/HPCA2/mosaic_delta_phase1/rtl/xorflow_decoder_pipelined.sv:20$104 ($add).
Removed top 6 bits (of 14) from port B of cell xorflow_decoder_bank_pipelined.$flatten\lanes[17].decoder.$add$/home/rishabh/HPCA2/mosaic_delta_phase1/rtl/xorflow_decoder_pipelined.sv:20$104 ($add).
Removed top 5 bits (of 14) from port Y of cell xorflow_decoder_bank_pipelined.$flatten\lanes[17].decoder.$add$/home/rishabh/HPCA2/mosaic_delta_phase1/rtl/xorflow_decoder_pipelined.sv:20$104 ($add).
Removed top 6 bits (of 14) from port A of cell xorflow_decoder_bank_pipelined.$flatten\lanes[17].decoder.$add$/home/rishabh/HPCA2/mosaic_delta_phase1/rtl/xorflow_decoder_pipelined.sv:20$103 ($add).
Removed top 6 bits (of 14) from port B of cell xorflow_decoder_bank_pipelined.$flatten\lanes[17].decoder.$add$/home/rishabh/HPCA2/mosaic_delta_phase1/rtl/xorflow_decoder_pipelined.sv:20$103 ($add).
Removed top 5 bits (of 14) from port Y of cell xorflow_decoder_bank_pipelined.$flatten\lanes[17].decoder.$add$/home/rishabh/HPCA2/mosaic_delta_phase1/rtl/xorflow_decoder_pipelined.sv:20$103 ($add).
Removed top 29 bits (of 32) from port A of cell xorflow_decoder_bank_pipelined.$flatten\lanes[17].decoder.$lt$/home/rishabh/HPCA2/mosaic_delta_phase1/rtl/xorflow_decoder_pipelined.sv:33$99 ($lt).
Removed top 29 bits (of 32) from port A of cell xorflow_decoder_bank_pipelined.$flatten\lanes[17].decoder.$lt$/home/rishabh/HPCA2/mosaic_delta_phase1/rtl/xorflow_decoder_pipelined.sv:33$87 ($lt).
Removed top 29 bits (of 32) from port A of cell xorflow_decoder_bank_pipelined.$flatten\lanes[17].decoder.$lt$/home/rishabh/HPCA2/mosaic_delta_phase1/rtl/xorflow_decoder_pipelined.sv:33$75 ($lt).
Removed top 29 bits (of 32) from port A of cell xorflow_decoder_bank_pipelined.$flatten\lanes[17].decoder.$lt$/home/rishabh/HPCA2/mosaic_delta_phase1/rtl/xorflow_decoder_pipelined.sv:33$63 ($lt).
Removed top 30 bits (of 32) from port A of cell xorflow_decoder_bank_pipelined.$flatten\lanes[17].decoder.$lt$/home/rishabh/HPCA2/mosaic_delta_phase1/rtl/xorflow_decoder_pipelined.sv:33$48 ($lt).
Removed top 5 bits (of 14) from FF cell xorflow_decoder_bank_pipelined.$flatten\lanes[17].decoder.$procdff$177 ($dff).
Removed top 30 bits (of 32) from port A of cell xorflow_decoder_bank_pipelined.$flatten\lanes[17].decoder.$lt$/home/rishabh/HPCA2/mosaic_delta_phase1/rtl/xorflow_decoder_pipelined.sv:33$36 ($lt).
Removed top 31 bits (of 32) from port A of cell xorflow_decoder_bank_pipelined.$flatten\lanes[17].decoder.$lt$/home/rishabh/HPCA2/mosaic_delta_phase1/rtl/xorflow_decoder_pipelined.sv:33$24 ($lt).
Removed top 5 bits (of 14) from port B of cell xorflow_decoder_bank_pipelined.$flatten\lanes[17].decoder.$add$/home/rishabh/HPCA2/mosaic_delta_phase1/rtl/xorflow_decoder_pipelined.sv:31$21 ($add).
Removed top 1 bits (of 2) from port B of cell xorflow_decoder_bank_pipelined.$flatten\lanes[17].decoder.$eq$/home/rishabh/HPCA2/mosaic_delta_phase1/rtl/xorflow_decoder_pipelined.sv:30$18 ($eq).
Removed top 31 bits (of 32) from port A of cell xorflow_decoder_bank_pipelined.$flatten\lanes[17].decoder.$lt$/home/rishabh/HPCA2/mosaic_delta_phase1/rtl/xorflow_decoder_pipelined.sv:33$12 ($lt).
Removed top 6 bits (of 14) from port B of cell xorflow_decoder_bank_pipelined.$flatten\lanes[17].decoder.$add$/home/rishabh/HPCA2/mosaic_delta_phase1/rtl/xorflow_decoder_pipelined.sv:31$9 ($add).
Removed top 6 bits (of 14) from port A of cell xorflow_decoder_bank_pipelined.$flatten\lanes[18].decoder.$add$/home/rishabh/HPCA2/mosaic_delta_phase1/rtl/xorflow_decoder_pipelined.sv:20$117 ($add).
Removed top 6 bits (of 14) from port B of cell xorflow_decoder_bank_pipelined.$flatten\lanes[18].decoder.$add$/home/rishabh/HPCA2/mosaic_delta_phase1/rtl/xorflow_decoder_pipelined.sv:20$117 ($add).
Removed top 5 bits (of 14) from port Y of cell xorflow_decoder_bank_pipelined.$flatten\lanes[18].decoder.$add$/home/rishabh/HPCA2/mosaic_delta_phase1/rtl/xorflow_decoder_pipelined.sv:20$117 ($add).
Removed top 6 bits (of 14) from port A of cell xorflow_decoder_bank_pipelined.$flatten\lanes[18].decoder.$add$/home/rishabh/HPCA2/mosaic_delta_phase1/rtl/xorflow_decoder_pipelined.sv:20$114 ($add).
Removed top 6 bits (of 14) from port B of cell xorflow_decoder_bank_pipelined.$flatten\lanes[18].decoder.$add$/home/rishabh/HPCA2/mosaic_delta_phase1/rtl/xorflow_decoder_pipelined.sv:20$114 ($add).
Removed top 5 bits (of 14) from port Y of cell xorflow_decoder_bank_pipelined.$flatten\lanes[18].decoder.$add$/home/rishabh/HPCA2/mosaic_delta_phase1/rtl/xorflow_decoder_pipelined.sv:20$114 ($add).
Removed top 6 bits (of 14) from port A of cell xorflow_decoder_bank_pipelined.$flatten\lanes[18].decoder.$add$/home/rishabh/HPCA2/mosaic_delta_phase1/rtl/xorflow_decoder_pipelined.sv:20$111 ($add).
Removed top 6 bits (of 14) from port B of cell xorflow_decoder_bank_pipelined.$flatten\lanes[18].decoder.$add$/home/rishabh/HPCA2/mosaic_delta_phase1/rtl/xorflow_decoder_pipelined.sv:20$111 ($add).
Removed top 5 bits (of 14) from port Y of cell xorflow_decoder_bank_pipelined.$flatten\lanes[18].decoder.$add$/home/rishabh/HPCA2/mosaic_delta_phase1/rtl/xorflow_decoder_pipelined.sv:20$111 ($add).
Removed top 6 bits (of 14) from port B of cell xorflow_decoder_bank_pipelined.$flatten\lanes[18].decoder.$add$/home/rishabh/HPCA2/mosaic_delta_phase1/rtl/xorflow_decoder_pipelined.sv:22$110 ($add).
Removed top 6 bits (of 14) from port A of cell xorflow_decoder_bank_pipelined.$flatten\lanes[18].decoder.$add$/home/rishabh/HPCA2/mosaic_delta_phase1/rtl/xorflow_decoder_pipelined.sv:20$108 ($add).
Removed top 6 bits (of 14) from port B of cell xorflow_decoder_bank_pipelined.$flatten\lanes[18].decoder.$add$/home/rishabh/HPCA2/mosaic_delta_phase1/rtl/xorflow_decoder_pipelined.sv:20$108 ($add).
Removed top 5 bits (of 14) from port Y of cell xorflow_decoder_bank_pipelined.$flatten\lanes[18].decoder.$add$/home/rishabh/HPCA2/mosaic_delta_phase1/rtl/xorflow_decoder_pipelined.sv:20$108 ($add).
Removed top 6 bits (of 14) from port A of cell xorflow_decoder_bank_pipelined.$flatten\lanes[18].decoder.$add$/home/rishabh/HPCA2/mosaic_delta_phase1/rtl/xorflow_decoder_pipelined.sv:20$106 ($add).
Removed top 6 bits (of 14) from port B of cell xorflow_decoder_bank_pipelined.$flatten\lanes[18].decoder.$add$/home/rishabh/HPCA2/mosaic_delta_phase1/rtl/xorflow_decoder_pipelined.sv:20$106 ($add).
Removed top 5 bits (of 14) from port Y of cell xorflow_decoder_bank_pipelined.$flatten\lanes[18].decoder.$add$/home/rishabh/HPCA2/mosaic_delta_phase1/rtl/xorflow_decoder_pipelined.sv:20$106 ($add).
Removed top 6 bits (of 14) from port B of cell xorflow_decoder_bank_pipelined.$flatten\lanes[18].decoder.$add$/home/rishabh/HPCA2/mosaic_delta_phase1/rtl/xorflow_decoder_pipelined.sv:21$105 ($add).
Removed top 6 bits (of 14) from port A of cell xorflow_decoder_bank_pipelined.$flatten\lanes[18].decoder.$add$/home/rishabh/HPCA2/mosaic_delta_phase1/rtl/xorflow_decoder_pipelined.sv:20$104 ($add).
Removed top 6 bits (of 14) from port B of cell xorflow_decoder_bank_pipelined.$flatten\lanes[18].decoder.$add$/home/rishabh/HPCA2/mosaic_delta_phase1/rtl/xorflow_decoder_pipelined.sv:20$104 ($add).
Removed top 5 bits (of 14) from port Y of cell xorflow_decoder_bank_pipelined.$flatten\lanes[18].decoder.$add$/home/rishabh/HPCA2/mosaic_delta_phase1/rtl/xorflow_decoder_pipelined.sv:20$104 ($add).
Removed top 6 bits (of 14) from port A of cell xorflow_decoder_bank_pipelined.$flatten\lanes[18].decoder.$add$/home/rishabh/HPCA2/mosaic_delta_phase1/rtl/xorflow_decoder_pipelined.sv:20$103 ($add).
Removed top 6 bits (of 14) from port B of cell xorflow_decoder_bank_pipelined.$flatten\lanes[18].decoder.$add$/home/rishabh/HPCA2/mosaic_delta_phase1/rtl/xorflow_decoder_pipelined.sv:20$103 ($add).
Removed top 5 bits (of 14) from port Y of cell xorflow_decoder_bank_pipelined.$flatten\lanes[18].decoder.$add$/home/rishabh/HPCA2/mosaic_delta_phase1/rtl/xorflow_decoder_pipelined.sv:20$103 ($add).
Removed top 29 bits (of 32) from port A of cell xorflow_decoder_bank_pipelined.$flatten\lanes[18].decoder.$lt$/home/rishabh/HPCA2/mosaic_delta_phase1/rtl/xorflow_decoder_pipelined.sv:33$99 ($lt).
Removed top 29 bits (of 32) from port A of cell xorflow_decoder_bank_pipelined.$flatten\lanes[18].decoder.$lt$/home/rishabh/HPCA2/mosaic_delta_phase1/rtl/xorflow_decoder_pipelined.sv:33$87 ($lt).
Removed top 29 bits (of 32) from port A of cell xorflow_decoder_bank_pipelined.$flatten\lanes[18].decoder.$lt$/home/rishabh/HPCA2/mosaic_delta_phase1/rtl/xorflow_decoder_pipelined.sv:33$75 ($lt).
Removed top 29 bits (of 32) from port A of cell xorflow_decoder_bank_pipelined.$flatten\lanes[18].decoder.$lt$/home/rishabh/HPCA2/mosaic_delta_phase1/rtl/xorflow_decoder_pipelined.sv:33$63 ($lt).
Removed top 30 bits (of 32) from port A of cell xorflow_decoder_bank_pipelined.$flatten\lanes[18].decoder.$lt$/home/rishabh/HPCA2/mosaic_delta_phase1/rtl/xorflow_decoder_pipelined.sv:33$48 ($lt).
Removed top 5 bits (of 14) from FF cell xorflow_decoder_bank_pipelined.$flatten\lanes[18].decoder.$procdff$177 ($dff).
Removed top 30 bits (of 32) from port A of cell xorflow_decoder_bank_pipelined.$flatten\lanes[18].decoder.$lt$/home/rishabh/HPCA2/mosaic_delta_phase1/rtl/xorflow_decoder_pipelined.sv:33$36 ($lt).
Removed top 31 bits (of 32) from port A of cell xorflow_decoder_bank_pipelined.$flatten\lanes[18].decoder.$lt$/home/rishabh/HPCA2/mosaic_delta_phase1/rtl/xorflow_decoder_pipelined.sv:33$24 ($lt).
Removed top 5 bits (of 14) from port B of cell xorflow_decoder_bank_pipelined.$flatten\lanes[18].decoder.$add$/home/rishabh/HPCA2/mosaic_delta_phase1/rtl/xorflow_decoder_pipelined.sv:31$21 ($add).
Removed top 1 bits (of 2) from port B of cell xorflow_decoder_bank_pipelined.$flatten\lanes[18].decoder.$eq$/home/rishabh/HPCA2/mosaic_delta_phase1/rtl/xorflow_decoder_pipelined.sv:30$18 ($eq).
Removed top 31 bits (of 32) from port A of cell xorflow_decoder_bank_pipelined.$flatten\lanes[18].decoder.$lt$/home/rishabh/HPCA2/mosaic_delta_phase1/rtl/xorflow_decoder_pipelined.sv:33$12 ($lt).
Removed top 6 bits (of 14) from port B of cell xorflow_decoder_bank_pipelined.$flatten\lanes[18].decoder.$add$/home/rishabh/HPCA2/mosaic_delta_phase1/rtl/xorflow_decoder_pipelined.sv:31$9 ($add).
Removed top 6 bits (of 14) from port A of cell xorflow_decoder_bank_pipelined.$flatten\lanes[19].decoder.$add$/home/rishabh/HPCA2/mosaic_delta_phase1/rtl/xorflow_decoder_pipelined.sv:20$117 ($add).
Removed top 6 bits (of 14) from port B of cell xorflow_decoder_bank_pipelined.$flatten\lanes[19].decoder.$add$/home/rishabh/HPCA2/mosaic_delta_phase1/rtl/xorflow_decoder_pipelined.sv:20$117 ($add).
Removed top 5 bits (of 14) from port Y of cell xorflow_decoder_bank_pipelined.$flatten\lanes[19].decoder.$add$/home/rishabh/HPCA2/mosaic_delta_phase1/rtl/xorflow_decoder_pipelined.sv:20$117 ($add).
Removed top 6 bits (of 14) from port A of cell xorflow_decoder_bank_pipelined.$flatten\lanes[19].decoder.$add$/home/rishabh/HPCA2/mosaic_delta_phase1/rtl/xorflow_decoder_pipelined.sv:20$114 ($add).
Removed top 6 bits (of 14) from port B of cell xorflow_decoder_bank_pipelined.$flatten\lanes[19].decoder.$add$/home/rishabh/HPCA2/mosaic_delta_phase1/rtl/xorflow_decoder_pipelined.sv:20$114 ($add).
Removed top 5 bits (of 14) from port Y of cell xorflow_decoder_bank_pipelined.$flatten\lanes[19].decoder.$add$/home/rishabh/HPCA2/mosaic_delta_phase1/rtl/xorflow_decoder_pipelined.sv:20$114 ($add).
Removed top 6 bits (of 14) from port A of cell xorflow_decoder_bank_pipelined.$flatten\lanes[19].decoder.$add$/home/rishabh/HPCA2/mosaic_delta_phase1/rtl/xorflow_decoder_pipelined.sv:20$111 ($add).
Removed top 6 bits (of 14) from port B of cell xorflow_decoder_bank_pipelined.$flatten\lanes[19].decoder.$add$/home/rishabh/HPCA2/mosaic_delta_phase1/rtl/xorflow_decoder_pipelined.sv:20$111 ($add).
Removed top 5 bits (of 14) from port Y of cell xorflow_decoder_bank_pipelined.$flatten\lanes[19].decoder.$add$/home/rishabh/HPCA2/mosaic_delta_phase1/rtl/xorflow_decoder_pipelined.sv:20$111 ($add).
Removed top 6 bits (of 14) from port B of cell xorflow_decoder_bank_pipelined.$flatten\lanes[19].decoder.$add$/home/rishabh/HPCA2/mosaic_delta_phase1/rtl/xorflow_decoder_pipelined.sv:22$110 ($add).
Removed top 6 bits (of 14) from port A of cell xorflow_decoder_bank_pipelined.$flatten\lanes[19].decoder.$add$/home/rishabh/HPCA2/mosaic_delta_phase1/rtl/xorflow_decoder_pipelined.sv:20$108 ($add).
Removed top 6 bits (of 14) from port B of cell xorflow_decoder_bank_pipelined.$flatten\lanes[19].decoder.$add$/home/rishabh/HPCA2/mosaic_delta_phase1/rtl/xorflow_decoder_pipelined.sv:20$108 ($add).
Removed top 5 bits (of 14) from port Y of cell xorflow_decoder_bank_pipelined.$flatten\lanes[19].decoder.$add$/home/rishabh/HPCA2/mosaic_delta_phase1/rtl/xorflow_decoder_pipelined.sv:20$108 ($add).
Removed top 6 bits (of 14) from port A of cell xorflow_decoder_bank_pipelined.$flatten\lanes[19].decoder.$add$/home/rishabh/HPCA2/mosaic_delta_phase1/rtl/xorflow_decoder_pipelined.sv:20$106 ($add).
Removed top 6 bits (of 14) from port B of cell xorflow_decoder_bank_pipelined.$flatten\lanes[19].decoder.$add$/home/rishabh/HPCA2/mosaic_delta_phase1/rtl/xorflow_decoder_pipelined.sv:20$106 ($add).
Removed top 5 bits (of 14) from port Y of cell xorflow_decoder_bank_pipelined.$flatten\lanes[19].decoder.$add$/home/rishabh/HPCA2/mosaic_delta_phase1/rtl/xorflow_decoder_pipelined.sv:20$106 ($add).
Removed top 6 bits (of 14) from port B of cell xorflow_decoder_bank_pipelined.$flatten\lanes[19].decoder.$add$/home/rishabh/HPCA2/mosaic_delta_phase1/rtl/xorflow_decoder_pipelined.sv:21$105 ($add).
Removed top 6 bits (of 14) from port A of cell xorflow_decoder_bank_pipelined.$flatten\lanes[19].decoder.$add$/home/rishabh/HPCA2/mosaic_delta_phase1/rtl/xorflow_decoder_pipelined.sv:20$104 ($add).
Removed top 6 bits (of 14) from port B of cell xorflow_decoder_bank_pipelined.$flatten\lanes[19].decoder.$add$/home/rishabh/HPCA2/mosaic_delta_phase1/rtl/xorflow_decoder_pipelined.sv:20$104 ($add).
Removed top 5 bits (of 14) from port Y of cell xorflow_decoder_bank_pipelined.$flatten\lanes[19].decoder.$add$/home/rishabh/HPCA2/mosaic_delta_phase1/rtl/xorflow_decoder_pipelined.sv:20$104 ($add).
Removed top 6 bits (of 14) from port A of cell xorflow_decoder_bank_pipelined.$flatten\lanes[19].decoder.$add$/home/rishabh/HPCA2/mosaic_delta_phase1/rtl/xorflow_decoder_pipelined.sv:20$103 ($add).
Removed top 6 bits (of 14) from port B of cell xorflow_decoder_bank_pipelined.$flatten\lanes[19].decoder.$add$/home/rishabh/HPCA2/mosaic_delta_phase1/rtl/xorflow_decoder_pipelined.sv:20$103 ($add).
Removed top 5 bits (of 14) from port Y of cell xorflow_decoder_bank_pipelined.$flatten\lanes[19].decoder.$add$/home/rishabh/HPCA2/mosaic_delta_phase1/rtl/xorflow_decoder_pipelined.sv:20$103 ($add).
Removed top 29 bits (of 32) from port A of cell xorflow_decoder_bank_pipelined.$flatten\lanes[19].decoder.$lt$/home/rishabh/HPCA2/mosaic_delta_phase1/rtl/xorflow_decoder_pipelined.sv:33$99 ($lt).
Removed top 29 bits (of 32) from port A of cell xorflow_decoder_bank_pipelined.$flatten\lanes[19].decoder.$lt$/home/rishabh/HPCA2/mosaic_delta_phase1/rtl/xorflow_decoder_pipelined.sv:33$87 ($lt).
Removed top 29 bits (of 32) from port A of cell xorflow_decoder_bank_pipelined.$flatten\lanes[19].decoder.$lt$/home/rishabh/HPCA2/mosaic_delta_phase1/rtl/xorflow_decoder_pipelined.sv:33$75 ($lt).
Removed top 29 bits (of 32) from port A of cell xorflow_decoder_bank_pipelined.$flatten\lanes[19].decoder.$lt$/home/rishabh/HPCA2/mosaic_delta_phase1/rtl/xorflow_decoder_pipelined.sv:33$63 ($lt).
Removed top 30 bits (of 32) from port A of cell xorflow_decoder_bank_pipelined.$flatten\lanes[19].decoder.$lt$/home/rishabh/HPCA2/mosaic_delta_phase1/rtl/xorflow_decoder_pipelined.sv:33$48 ($lt).
Removed top 5 bits (of 14) from FF cell xorflow_decoder_bank_pipelined.$flatten\lanes[19].decoder.$procdff$177 ($dff).
Removed top 30 bits (of 32) from port A of cell xorflow_decoder_bank_pipelined.$flatten\lanes[19].decoder.$lt$/home/rishabh/HPCA2/mosaic_delta_phase1/rtl/xorflow_decoder_pipelined.sv:33$36 ($lt).
Removed top 31 bits (of 32) from port A of cell xorflow_decoder_bank_pipelined.$flatten\lanes[19].decoder.$lt$/home/rishabh/HPCA2/mosaic_delta_phase1/rtl/xorflow_decoder_pipelined.sv:33$24 ($lt).
Removed top 5 bits (of 14) from port B of cell xorflow_decoder_bank_pipelined.$flatten\lanes[19].decoder.$add$/home/rishabh/HPCA2/mosaic_delta_phase1/rtl/xorflow_decoder_pipelined.sv:31$21 ($add).
Removed top 1 bits (of 2) from port B of cell xorflow_decoder_bank_pipelined.$flatten\lanes[19].decoder.$eq$/home/rishabh/HPCA2/mosaic_delta_phase1/rtl/xorflow_decoder_pipelined.sv:30$18 ($eq).
Removed top 31 bits (of 32) from port A of cell xorflow_decoder_bank_pipelined.$flatten\lanes[19].decoder.$lt$/home/rishabh/HPCA2/mosaic_delta_phase1/rtl/xorflow_decoder_pipelined.sv:33$12 ($lt).
Removed top 6 bits (of 14) from port B of cell xorflow_decoder_bank_pipelined.$flatten\lanes[19].decoder.$add$/home/rishabh/HPCA2/mosaic_delta_phase1/rtl/xorflow_decoder_pipelined.sv:31$9 ($add).
Removed top 6 bits (of 14) from port A of cell xorflow_decoder_bank_pipelined.$flatten\lanes[20].decoder.$add$/home/rishabh/HPCA2/mosaic_delta_phase1/rtl/xorflow_decoder_pipelined.sv:20$117 ($add).
Removed top 6 bits (of 14) from port B of cell xorflow_decoder_bank_pipelined.$flatten\lanes[20].decoder.$add$/home/rishabh/HPCA2/mosaic_delta_phase1/rtl/xorflow_decoder_pipelined.sv:20$117 ($add).
Removed top 5 bits (of 14) from port Y of cell xorflow_decoder_bank_pipelined.$flatten\lanes[20].decoder.$add$/home/rishabh/HPCA2/mosaic_delta_phase1/rtl/xorflow_decoder_pipelined.sv:20$117 ($add).
Removed top 6 bits (of 14) from port A of cell xorflow_decoder_bank_pipelined.$flatten\lanes[20].decoder.$add$/home/rishabh/HPCA2/mosaic_delta_phase1/rtl/xorflow_decoder_pipelined.sv:20$114 ($add).
Removed top 6 bits (of 14) from port B of cell xorflow_decoder_bank_pipelined.$flatten\lanes[20].decoder.$add$/home/rishabh/HPCA2/mosaic_delta_phase1/rtl/xorflow_decoder_pipelined.sv:20$114 ($add).
Removed top 5 bits (of 14) from port Y of cell xorflow_decoder_bank_pipelined.$flatten\lanes[20].decoder.$add$/home/rishabh/HPCA2/mosaic_delta_phase1/rtl/xorflow_decoder_pipelined.sv:20$114 ($add).
Removed top 6 bits (of 14) from port A of cell xorflow_decoder_bank_pipelined.$flatten\lanes[20].decoder.$add$/home/rishabh/HPCA2/mosaic_delta_phase1/rtl/xorflow_decoder_pipelined.sv:20$111 ($add).
Removed top 6 bits (of 14) from port B of cell xorflow_decoder_bank_pipelined.$flatten\lanes[20].decoder.$add$/home/rishabh/HPCA2/mosaic_delta_phase1/rtl/xorflow_decoder_pipelined.sv:20$111 ($add).
Removed top 5 bits (of 14) from port Y of cell xorflow_decoder_bank_pipelined.$flatten\lanes[20].decoder.$add$/home/rishabh/HPCA2/mosaic_delta_phase1/rtl/xorflow_decoder_pipelined.sv:20$111 ($add).
Removed top 6 bits (of 14) from port B of cell xorflow_decoder_bank_pipelined.$flatten\lanes[20].decoder.$add$/home/rishabh/HPCA2/mosaic_delta_phase1/rtl/xorflow_decoder_pipelined.sv:22$110 ($add).
Removed top 6 bits (of 14) from port A of cell xorflow_decoder_bank_pipelined.$flatten\lanes[20].decoder.$add$/home/rishabh/HPCA2/mosaic_delta_phase1/rtl/xorflow_decoder_pipelined.sv:20$108 ($add).
Removed top 6 bits (of 14) from port B of cell xorflow_decoder_bank_pipelined.$flatten\lanes[20].decoder.$add$/home/rishabh/HPCA2/mosaic_delta_phase1/rtl/xorflow_decoder_pipelined.sv:20$108 ($add).
Removed top 5 bits (of 14) from port Y of cell xorflow_decoder_bank_pipelined.$flatten\lanes[20].decoder.$add$/home/rishabh/HPCA2/mosaic_delta_phase1/rtl/xorflow_decoder_pipelined.sv:20$108 ($add).
Removed top 6 bits (of 14) from port A of cell xorflow_decoder_bank_pipelined.$flatten\lanes[20].decoder.$add$/home/rishabh/HPCA2/mosaic_delta_phase1/rtl/xorflow_decoder_pipelined.sv:20$106 ($add).
Removed top 6 bits (of 14) from port B of cell xorflow_decoder_bank_pipelined.$flatten\lanes[20].decoder.$add$/home/rishabh/HPCA2/mosaic_delta_phase1/rtl/xorflow_decoder_pipelined.sv:20$106 ($add).
Removed top 5 bits (of 14) from port Y of cell xorflow_decoder_bank_pipelined.$flatten\lanes[20].decoder.$add$/home/rishabh/HPCA2/mosaic_delta_phase1/rtl/xorflow_decoder_pipelined.sv:20$106 ($add).
Removed top 6 bits (of 14) from port B of cell xorflow_decoder_bank_pipelined.$flatten\lanes[20].decoder.$add$/home/rishabh/HPCA2/mosaic_delta_phase1/rtl/xorflow_decoder_pipelined.sv:21$105 ($add).
Removed top 6 bits (of 14) from port A of cell xorflow_decoder_bank_pipelined.$flatten\lanes[20].decoder.$add$/home/rishabh/HPCA2/mosaic_delta_phase1/rtl/xorflow_decoder_pipelined.sv:20$104 ($add).
Removed top 6 bits (of 14) from port B of cell xorflow_decoder_bank_pipelined.$flatten\lanes[20].decoder.$add$/home/rishabh/HPCA2/mosaic_delta_phase1/rtl/xorflow_decoder_pipelined.sv:20$104 ($add).
Removed top 5 bits (of 14) from port Y of cell xorflow_decoder_bank_pipelined.$flatten\lanes[20].decoder.$add$/home/rishabh/HPCA2/mosaic_delta_phase1/rtl/xorflow_decoder_pipelined.sv:20$104 ($add).
Removed top 6 bits (of 14) from port A of cell xorflow_decoder_bank_pipelined.$flatten\lanes[20].decoder.$add$/home/rishabh/HPCA2/mosaic_delta_phase1/rtl/xorflow_decoder_pipelined.sv:20$103 ($add).
Removed top 6 bits (of 14) from port B of cell xorflow_decoder_bank_pipelined.$flatten\lanes[20].decoder.$add$/home/rishabh/HPCA2/mosaic_delta_phase1/rtl/xorflow_decoder_pipelined.sv:20$103 ($add).
Removed top 5 bits (of 14) from port Y of cell xorflow_decoder_bank_pipelined.$flatten\lanes[20].decoder.$add$/home/rishabh/HPCA2/mosaic_delta_phase1/rtl/xorflow_decoder_pipelined.sv:20$103 ($add).
Removed top 29 bits (of 32) from port A of cell xorflow_decoder_bank_pipelined.$flatten\lanes[20].decoder.$lt$/home/rishabh/HPCA2/mosaic_delta_phase1/rtl/xorflow_decoder_pipelined.sv:33$99 ($lt).
Removed top 29 bits (of 32) from port A of cell xorflow_decoder_bank_pipelined.$flatten\lanes[20].decoder.$lt$/home/rishabh/HPCA2/mosaic_delta_phase1/rtl/xorflow_decoder_pipelined.sv:33$87 ($lt).
Removed top 29 bits (of 32) from port A of cell xorflow_decoder_bank_pipelined.$flatten\lanes[20].decoder.$lt$/home/rishabh/HPCA2/mosaic_delta_phase1/rtl/xorflow_decoder_pipelined.sv:33$75 ($lt).
Removed top 29 bits (of 32) from port A of cell xorflow_decoder_bank_pipelined.$flatten\lanes[20].decoder.$lt$/home/rishabh/HPCA2/mosaic_delta_phase1/rtl/xorflow_decoder_pipelined.sv:33$63 ($lt).
Removed top 30 bits (of 32) from port A of cell xorflow_decoder_bank_pipelined.$flatten\lanes[20].decoder.$lt$/home/rishabh/HPCA2/mosaic_delta_phase1/rtl/xorflow_decoder_pipelined.sv:33$48 ($lt).
Removed top 5 bits (of 14) from FF cell xorflow_decoder_bank_pipelined.$flatten\lanes[20].decoder.$procdff$177 ($dff).
Removed top 30 bits (of 32) from port A of cell xorflow_decoder_bank_pipelined.$flatten\lanes[20].decoder.$lt$/home/rishabh/HPCA2/mosaic_delta_phase1/rtl/xorflow_decoder_pipelined.sv:33$36 ($lt).
Removed top 31 bits (of 32) from port A of cell xorflow_decoder_bank_pipelined.$flatten\lanes[20].decoder.$lt$/home/rishabh/HPCA2/mosaic_delta_phase1/rtl/xorflow_decoder_pipelined.sv:33$24 ($lt).
Removed top 5 bits (of 14) from port B of cell xorflow_decoder_bank_pipelined.$flatten\lanes[20].decoder.$add$/home/rishabh/HPCA2/mosaic_delta_phase1/rtl/xorflow_decoder_pipelined.sv:31$21 ($add).
Removed top 1 bits (of 2) from port B of cell xorflow_decoder_bank_pipelined.$flatten\lanes[20].decoder.$eq$/home/rishabh/HPCA2/mosaic_delta_phase1/rtl/xorflow_decoder_pipelined.sv:30$18 ($eq).
Removed top 31 bits (of 32) from port A of cell xorflow_decoder_bank_pipelined.$flatten\lanes[20].decoder.$lt$/home/rishabh/HPCA2/mosaic_delta_phase1/rtl/xorflow_decoder_pipelined.sv:33$12 ($lt).
Removed top 6 bits (of 14) from port B of cell xorflow_decoder_bank_pipelined.$flatten\lanes[20].decoder.$add$/home/rishabh/HPCA2/mosaic_delta_phase1/rtl/xorflow_decoder_pipelined.sv:31$9 ($add).
Removed top 6 bits (of 14) from port A of cell xorflow_decoder_bank_pipelined.$flatten\lanes[21].decoder.$add$/home/rishabh/HPCA2/mosaic_delta_phase1/rtl/xorflow_decoder_pipelined.sv:20$117 ($add).
Removed top 6 bits (of 14) from port B of cell xorflow_decoder_bank_pipelined.$flatten\lanes[21].decoder.$add$/home/rishabh/HPCA2/mosaic_delta_phase1/rtl/xorflow_decoder_pipelined.sv:20$117 ($add).
Removed top 5 bits (of 14) from port Y of cell xorflow_decoder_bank_pipelined.$flatten\lanes[21].decoder.$add$/home/rishabh/HPCA2/mosaic_delta_phase1/rtl/xorflow_decoder_pipelined.sv:20$117 ($add).
Removed top 6 bits (of 14) from port A of cell xorflow_decoder_bank_pipelined.$flatten\lanes[21].decoder.$add$/home/rishabh/HPCA2/mosaic_delta_phase1/rtl/xorflow_decoder_pipelined.sv:20$114 ($add).
Removed top 6 bits (of 14) from port B of cell xorflow_decoder_bank_pipelined.$flatten\lanes[21].decoder.$add$/home/rishabh/HPCA2/mosaic_delta_phase1/rtl/xorflow_decoder_pipelined.sv:20$114 ($add).
Removed top 5 bits (of 14) from port Y of cell xorflow_decoder_bank_pipelined.$flatten\lanes[21].decoder.$add$/home/rishabh/HPCA2/mosaic_delta_phase1/rtl/xorflow_decoder_pipelined.sv:20$114 ($add).
Removed top 6 bits (of 14) from port A of cell xorflow_decoder_bank_pipelined.$flatten\lanes[21].decoder.$add$/home/rishabh/HPCA2/mosaic_delta_phase1/rtl/xorflow_decoder_pipelined.sv:20$111 ($add).
Removed top 6 bits (of 14) from port B of cell xorflow_decoder_bank_pipelined.$flatten\lanes[21].decoder.$add$/home/rishabh/HPCA2/mosaic_delta_phase1/rtl/xorflow_decoder_pipelined.sv:20$111 ($add).
Removed top 5 bits (of 14) from port Y of cell xorflow_decoder_bank_pipelined.$flatten\lanes[21].decoder.$add$/home/rishabh/HPCA2/mosaic_delta_phase1/rtl/xorflow_decoder_pipelined.sv:20$111 ($add).
Removed top 6 bits (of 14) from port B of cell xorflow_decoder_bank_pipelined.$flatten\lanes[21].decoder.$add$/home/rishabh/HPCA2/mosaic_delta_phase1/rtl/xorflow_decoder_pipelined.sv:22$110 ($add).
Removed top 6 bits (of 14) from port A of cell xorflow_decoder_bank_pipelined.$flatten\lanes[21].decoder.$add$/home/rishabh/HPCA2/mosaic_delta_phase1/rtl/xorflow_decoder_pipelined.sv:20$108 ($add).
Removed top 6 bits (of 14) from port B of cell xorflow_decoder_bank_pipelined.$flatten\lanes[21].decoder.$add$/home/rishabh/HPCA2/mosaic_delta_phase1/rtl/xorflow_decoder_pipelined.sv:20$108 ($add).
Removed top 5 bits (of 14) from port Y of cell xorflow_decoder_bank_pipelined.$flatten\lanes[21].decoder.$add$/home/rishabh/HPCA2/mosaic_delta_phase1/rtl/xorflow_decoder_pipelined.sv:20$108 ($add).
Removed top 6 bits (of 14) from port A of cell xorflow_decoder_bank_pipelined.$flatten\lanes[21].decoder.$add$/home/rishabh/HPCA2/mosaic_delta_phase1/rtl/xorflow_decoder_pipelined.sv:20$106 ($add).
Removed top 6 bits (of 14) from port B of cell xorflow_decoder_bank_pipelined.$flatten\lanes[21].decoder.$add$/home/rishabh/HPCA2/mosaic_delta_phase1/rtl/xorflow_decoder_pipelined.sv:20$106 ($add).
Removed top 5 bits (of 14) from port Y of cell xorflow_decoder_bank_pipelined.$flatten\lanes[21].decoder.$add$/home/rishabh/HPCA2/mosaic_delta_phase1/rtl/xorflow_decoder_pipelined.sv:20$106 ($add).
Removed top 6 bits (of 14) from port B of cell xorflow_decoder_bank_pipelined.$flatten\lanes[21].decoder.$add$/home/rishabh/HPCA2/mosaic_delta_phase1/rtl/xorflow_decoder_pipelined.sv:21$105 ($add).
Removed top 6 bits (of 14) from port A of cell xorflow_decoder_bank_pipelined.$flatten\lanes[21].decoder.$add$/home/rishabh/HPCA2/mosaic_delta_phase1/rtl/xorflow_decoder_pipelined.sv:20$104 ($add).
Removed top 6 bits (of 14) from port B of cell xorflow_decoder_bank_pipelined.$flatten\lanes[21].decoder.$add$/home/rishabh/HPCA2/mosaic_delta_phase1/rtl/xorflow_decoder_pipelined.sv:20$104 ($add).
Removed top 5 bits (of 14) from port Y of cell xorflow_decoder_bank_pipelined.$flatten\lanes[21].decoder.$add$/home/rishabh/HPCA2/mosaic_delta_phase1/rtl/xorflow_decoder_pipelined.sv:20$104 ($add).
Removed top 6 bits (of 14) from port A of cell xorflow_decoder_bank_pipelined.$flatten\lanes[21].decoder.$add$/home/rishabh/HPCA2/mosaic_delta_phase1/rtl/xorflow_decoder_pipelined.sv:20$103 ($add).
Removed top 6 bits (of 14) from port B of cell xorflow_decoder_bank_pipelined.$flatten\lanes[21].decoder.$add$/home/rishabh/HPCA2/mosaic_delta_phase1/rtl/xorflow_decoder_pipelined.sv:20$103 ($add).
Removed top 5 bits (of 14) from port Y of cell xorflow_decoder_bank_pipelined.$flatten\lanes[21].decoder.$add$/home/rishabh/HPCA2/mosaic_delta_phase1/rtl/xorflow_decoder_pipelined.sv:20$103 ($add).
Removed top 29 bits (of 32) from port A of cell xorflow_decoder_bank_pipelined.$flatten\lanes[21].decoder.$lt$/home/rishabh/HPCA2/mosaic_delta_phase1/rtl/xorflow_decoder_pipelined.sv:33$99 ($lt).
Removed top 29 bits (of 32) from port A of cell xorflow_decoder_bank_pipelined.$flatten\lanes[21].decoder.$lt$/home/rishabh/HPCA2/mosaic_delta_phase1/rtl/xorflow_decoder_pipelined.sv:33$87 ($lt).
Removed top 29 bits (of 32) from port A of cell xorflow_decoder_bank_pipelined.$flatten\lanes[21].decoder.$lt$/home/rishabh/HPCA2/mosaic_delta_phase1/rtl/xorflow_decoder_pipelined.sv:33$75 ($lt).
Removed top 29 bits (of 32) from port A of cell xorflow_decoder_bank_pipelined.$flatten\lanes[21].decoder.$lt$/home/rishabh/HPCA2/mosaic_delta_phase1/rtl/xorflow_decoder_pipelined.sv:33$63 ($lt).
Removed top 30 bits (of 32) from port A of cell xorflow_decoder_bank_pipelined.$flatten\lanes[21].decoder.$lt$/home/rishabh/HPCA2/mosaic_delta_phase1/rtl/xorflow_decoder_pipelined.sv:33$48 ($lt).
Removed top 5 bits (of 14) from FF cell xorflow_decoder_bank_pipelined.$flatten\lanes[21].decoder.$procdff$177 ($dff).
Removed top 30 bits (of 32) from port A of cell xorflow_decoder_bank_pipelined.$flatten\lanes[21].decoder.$lt$/home/rishabh/HPCA2/mosaic_delta_phase1/rtl/xorflow_decoder_pipelined.sv:33$36 ($lt).
Removed top 31 bits (of 32) from port A of cell xorflow_decoder_bank_pipelined.$flatten\lanes[21].decoder.$lt$/home/rishabh/HPCA2/mosaic_delta_phase1/rtl/xorflow_decoder_pipelined.sv:33$24 ($lt).
Removed top 5 bits (of 14) from port B of cell xorflow_decoder_bank_pipelined.$flatten\lanes[21].decoder.$add$/home/rishabh/HPCA2/mosaic_delta_phase1/rtl/xorflow_decoder_pipelined.sv:31$21 ($add).
Removed top 1 bits (of 2) from port B of cell xorflow_decoder_bank_pipelined.$flatten\lanes[21].decoder.$eq$/home/rishabh/HPCA2/mosaic_delta_phase1/rtl/xorflow_decoder_pipelined.sv:30$18 ($eq).
Removed top 31 bits (of 32) from port A of cell xorflow_decoder_bank_pipelined.$flatten\lanes[21].decoder.$lt$/home/rishabh/HPCA2/mosaic_delta_phase1/rtl/xorflow_decoder_pipelined.sv:33$12 ($lt).
Removed top 6 bits (of 14) from port B of cell xorflow_decoder_bank_pipelined.$flatten\lanes[21].decoder.$add$/home/rishabh/HPCA2/mosaic_delta_phase1/rtl/xorflow_decoder_pipelined.sv:31$9 ($add).
Removed top 6 bits (of 14) from port A of cell xorflow_decoder_bank_pipelined.$flatten\lanes[22].decoder.$add$/home/rishabh/HPCA2/mosaic_delta_phase1/rtl/xorflow_decoder_pipelined.sv:20$117 ($add).
Removed top 6 bits (of 14) from port B of cell xorflow_decoder_bank_pipelined.$flatten\lanes[22].decoder.$add$/home/rishabh/HPCA2/mosaic_delta_phase1/rtl/xorflow_decoder_pipelined.sv:20$117 ($add).
Removed top 5 bits (of 14) from port Y of cell xorflow_decoder_bank_pipelined.$flatten\lanes[22].decoder.$add$/home/rishabh/HPCA2/mosaic_delta_phase1/rtl/xorflow_decoder_pipelined.sv:20$117 ($add).
Removed top 6 bits (of 14) from port A of cell xorflow_decoder_bank_pipelined.$flatten\lanes[22].decoder.$add$/home/rishabh/HPCA2/mosaic_delta_phase1/rtl/xorflow_decoder_pipelined.sv:20$114 ($add).
Removed top 6 bits (of 14) from port B of cell xorflow_decoder_bank_pipelined.$flatten\lanes[22].decoder.$add$/home/rishabh/HPCA2/mosaic_delta_phase1/rtl/xorflow_decoder_pipelined.sv:20$114 ($add).
Removed top 5 bits (of 14) from port Y of cell xorflow_decoder_bank_pipelined.$flatten\lanes[22].decoder.$add$/home/rishabh/HPCA2/mosaic_delta_phase1/rtl/xorflow_decoder_pipelined.sv:20$114 ($add).
Removed top 6 bits (of 14) from port A of cell xorflow_decoder_bank_pipelined.$flatten\lanes[22].decoder.$add$/home/rishabh/HPCA2/mosaic_delta_phase1/rtl/xorflow_decoder_pipelined.sv:20$111 ($add).
Removed top 6 bits (of 14) from port B of cell xorflow_decoder_bank_pipelined.$flatten\lanes[22].decoder.$add$/home/rishabh/HPCA2/mosaic_delta_phase1/rtl/xorflow_decoder_pipelined.sv:20$111 ($add).
Removed top 5 bits (of 14) from port Y of cell xorflow_decoder_bank_pipelined.$flatten\lanes[22].decoder.$add$/home/rishabh/HPCA2/mosaic_delta_phase1/rtl/xorflow_decoder_pipelined.sv:20$111 ($add).
Removed top 6 bits (of 14) from port B of cell xorflow_decoder_bank_pipelined.$flatten\lanes[22].decoder.$add$/home/rishabh/HPCA2/mosaic_delta_phase1/rtl/xorflow_decoder_pipelined.sv:22$110 ($add).
Removed top 6 bits (of 14) from port A of cell xorflow_decoder_bank_pipelined.$flatten\lanes[22].decoder.$add$/home/rishabh/HPCA2/mosaic_delta_phase1/rtl/xorflow_decoder_pipelined.sv:20$108 ($add).
Removed top 6 bits (of 14) from port B of cell xorflow_decoder_bank_pipelined.$flatten\lanes[22].decoder.$add$/home/rishabh/HPCA2/mosaic_delta_phase1/rtl/xorflow_decoder_pipelined.sv:20$108 ($add).
Removed top 5 bits (of 14) from port Y of cell xorflow_decoder_bank_pipelined.$flatten\lanes[22].decoder.$add$/home/rishabh/HPCA2/mosaic_delta_phase1/rtl/xorflow_decoder_pipelined.sv:20$108 ($add).
Removed top 6 bits (of 14) from port A of cell xorflow_decoder_bank_pipelined.$flatten\lanes[22].decoder.$add$/home/rishabh/HPCA2/mosaic_delta_phase1/rtl/xorflow_decoder_pipelined.sv:20$106 ($add).
Removed top 6 bits (of 14) from port B of cell xorflow_decoder_bank_pipelined.$flatten\lanes[22].decoder.$add$/home/rishabh/HPCA2/mosaic_delta_phase1/rtl/xorflow_decoder_pipelined.sv:20$106 ($add).
Removed top 5 bits (of 14) from port Y of cell xorflow_decoder_bank_pipelined.$flatten\lanes[22].decoder.$add$/home/rishabh/HPCA2/mosaic_delta_phase1/rtl/xorflow_decoder_pipelined.sv:20$106 ($add).
Removed top 6 bits (of 14) from port B of cell xorflow_decoder_bank_pipelined.$flatten\lanes[22].decoder.$add$/home/rishabh/HPCA2/mosaic_delta_phase1/rtl/xorflow_decoder_pipelined.sv:21$105 ($add).
Removed top 6 bits (of 14) from port A of cell xorflow_decoder_bank_pipelined.$flatten\lanes[22].decoder.$add$/home/rishabh/HPCA2/mosaic_delta_phase1/rtl/xorflow_decoder_pipelined.sv:20$104 ($add).
Removed top 6 bits (of 14) from port B of cell xorflow_decoder_bank_pipelined.$flatten\lanes[22].decoder.$add$/home/rishabh/HPCA2/mosaic_delta_phase1/rtl/xorflow_decoder_pipelined.sv:20$104 ($add).
Removed top 5 bits (of 14) from port Y of cell xorflow_decoder_bank_pipelined.$flatten\lanes[22].decoder.$add$/home/rishabh/HPCA2/mosaic_delta_phase1/rtl/xorflow_decoder_pipelined.sv:20$104 ($add).
Removed top 6 bits (of 14) from port A of cell xorflow_decoder_bank_pipelined.$flatten\lanes[22].decoder.$add$/home/rishabh/HPCA2/mosaic_delta_phase1/rtl/xorflow_decoder_pipelined.sv:20$103 ($add).
Removed top 6 bits (of 14) from port B of cell xorflow_decoder_bank_pipelined.$flatten\lanes[22].decoder.$add$/home/rishabh/HPCA2/mosaic_delta_phase1/rtl/xorflow_decoder_pipelined.sv:20$103 ($add).
Removed top 5 bits (of 14) from port Y of cell xorflow_decoder_bank_pipelined.$flatten\lanes[22].decoder.$add$/home/rishabh/HPCA2/mosaic_delta_phase1/rtl/xorflow_decoder_pipelined.sv:20$103 ($add).
Removed top 29 bits (of 32) from port A of cell xorflow_decoder_bank_pipelined.$flatten\lanes[22].decoder.$lt$/home/rishabh/HPCA2/mosaic_delta_phase1/rtl/xorflow_decoder_pipelined.sv:33$99 ($lt).
Removed top 29 bits (of 32) from port A of cell xorflow_decoder_bank_pipelined.$flatten\lanes[22].decoder.$lt$/home/rishabh/HPCA2/mosaic_delta_phase1/rtl/xorflow_decoder_pipelined.sv:33$87 ($lt).
Removed top 29 bits (of 32) from port A of cell xorflow_decoder_bank_pipelined.$flatten\lanes[22].decoder.$lt$/home/rishabh/HPCA2/mosaic_delta_phase1/rtl/xorflow_decoder_pipelined.sv:33$75 ($lt).
Removed top 29 bits (of 32) from port A of cell xorflow_decoder_bank_pipelined.$flatten\lanes[22].decoder.$lt$/home/rishabh/HPCA2/mosaic_delta_phase1/rtl/xorflow_decoder_pipelined.sv:33$63 ($lt).
Removed top 30 bits (of 32) from port A of cell xorflow_decoder_bank_pipelined.$flatten\lanes[22].decoder.$lt$/home/rishabh/HPCA2/mosaic_delta_phase1/rtl/xorflow_decoder_pipelined.sv:33$48 ($lt).
Removed top 5 bits (of 14) from FF cell xorflow_decoder_bank_pipelined.$flatten\lanes[22].decoder.$procdff$177 ($dff).
Removed top 30 bits (of 32) from port A of cell xorflow_decoder_bank_pipelined.$flatten\lanes[22].decoder.$lt$/home/rishabh/HPCA2/mosaic_delta_phase1/rtl/xorflow_decoder_pipelined.sv:33$36 ($lt).
Removed top 31 bits (of 32) from port A of cell xorflow_decoder_bank_pipelined.$flatten\lanes[22].decoder.$lt$/home/rishabh/HPCA2/mosaic_delta_phase1/rtl/xorflow_decoder_pipelined.sv:33$24 ($lt).
Removed top 5 bits (of 14) from port B of cell xorflow_decoder_bank_pipelined.$flatten\lanes[22].decoder.$add$/home/rishabh/HPCA2/mosaic_delta_phase1/rtl/xorflow_decoder_pipelined.sv:31$21 ($add).
Removed top 1 bits (of 2) from port B of cell xorflow_decoder_bank_pipelined.$flatten\lanes[22].decoder.$eq$/home/rishabh/HPCA2/mosaic_delta_phase1/rtl/xorflow_decoder_pipelined.sv:30$18 ($eq).
Removed top 31 bits (of 32) from port A of cell xorflow_decoder_bank_pipelined.$flatten\lanes[22].decoder.$lt$/home/rishabh/HPCA2/mosaic_delta_phase1/rtl/xorflow_decoder_pipelined.sv:33$12 ($lt).
Removed top 6 bits (of 14) from port B of cell xorflow_decoder_bank_pipelined.$flatten\lanes[22].decoder.$add$/home/rishabh/HPCA2/mosaic_delta_phase1/rtl/xorflow_decoder_pipelined.sv:31$9 ($add).
Removed top 6 bits (of 14) from port A of cell xorflow_decoder_bank_pipelined.$flatten\lanes[23].decoder.$add$/home/rishabh/HPCA2/mosaic_delta_phase1/rtl/xorflow_decoder_pipelined.sv:20$117 ($add).
Removed top 6 bits (of 14) from port B of cell xorflow_decoder_bank_pipelined.$flatten\lanes[23].decoder.$add$/home/rishabh/HPCA2/mosaic_delta_phase1/rtl/xorflow_decoder_pipelined.sv:20$117 ($add).
Removed top 5 bits (of 14) from port Y of cell xorflow_decoder_bank_pipelined.$flatten\lanes[23].decoder.$add$/home/rishabh/HPCA2/mosaic_delta_phase1/rtl/xorflow_decoder_pipelined.sv:20$117 ($add).
Removed top 6 bits (of 14) from port A of cell xorflow_decoder_bank_pipelined.$flatten\lanes[23].decoder.$add$/home/rishabh/HPCA2/mosaic_delta_phase1/rtl/xorflow_decoder_pipelined.sv:20$114 ($add).
Removed top 6 bits (of 14) from port B of cell xorflow_decoder_bank_pipelined.$flatten\lanes[23].decoder.$add$/home/rishabh/HPCA2/mosaic_delta_phase1/rtl/xorflow_decoder_pipelined.sv:20$114 ($add).
Removed top 5 bits (of 14) from port Y of cell xorflow_decoder_bank_pipelined.$flatten\lanes[23].decoder.$add$/home/rishabh/HPCA2/mosaic_delta_phase1/rtl/xorflow_decoder_pipelined.sv:20$114 ($add).
Removed top 6 bits (of 14) from port A of cell xorflow_decoder_bank_pipelined.$flatten\lanes[23].decoder.$add$/home/rishabh/HPCA2/mosaic_delta_phase1/rtl/xorflow_decoder_pipelined.sv:20$111 ($add).
Removed top 6 bits (of 14) from port B of cell xorflow_decoder_bank_pipelined.$flatten\lanes[23].decoder.$add$/home/rishabh/HPCA2/mosaic_delta_phase1/rtl/xorflow_decoder_pipelined.sv:20$111 ($add).
Removed top 5 bits (of 14) from port Y of cell xorflow_decoder_bank_pipelined.$flatten\lanes[23].decoder.$add$/home/rishabh/HPCA2/mosaic_delta_phase1/rtl/xorflow_decoder_pipelined.sv:20$111 ($add).
Removed top 6 bits (of 14) from port B of cell xorflow_decoder_bank_pipelined.$flatten\lanes[23].decoder.$add$/home/rishabh/HPCA2/mosaic_delta_phase1/rtl/xorflow_decoder_pipelined.sv:22$110 ($add).
Removed top 6 bits (of 14) from port A of cell xorflow_decoder_bank_pipelined.$flatten\lanes[23].decoder.$add$/home/rishabh/HPCA2/mosaic_delta_phase1/rtl/xorflow_decoder_pipelined.sv:20$108 ($add).
Removed top 6 bits (of 14) from port B of cell xorflow_decoder_bank_pipelined.$flatten\lanes[23].decoder.$add$/home/rishabh/HPCA2/mosaic_delta_phase1/rtl/xorflow_decoder_pipelined.sv:20$108 ($add).
Removed top 5 bits (of 14) from port Y of cell xorflow_decoder_bank_pipelined.$flatten\lanes[23].decoder.$add$/home/rishabh/HPCA2/mosaic_delta_phase1/rtl/xorflow_decoder_pipelined.sv:20$108 ($add).
Removed top 6 bits (of 14) from port A of cell xorflow_decoder_bank_pipelined.$flatten\lanes[23].decoder.$add$/home/rishabh/HPCA2/mosaic_delta_phase1/rtl/xorflow_decoder_pipelined.sv:20$106 ($add).
Removed top 6 bits (of 14) from port B of cell xorflow_decoder_bank_pipelined.$flatten\lanes[23].decoder.$add$/home/rishabh/HPCA2/mosaic_delta_phase1/rtl/xorflow_decoder_pipelined.sv:20$106 ($add).
Removed top 5 bits (of 14) from port Y of cell xorflow_decoder_bank_pipelined.$flatten\lanes[23].decoder.$add$/home/rishabh/HPCA2/mosaic_delta_phase1/rtl/xorflow_decoder_pipelined.sv:20$106 ($add).
Removed top 6 bits (of 14) from port B of cell xorflow_decoder_bank_pipelined.$flatten\lanes[23].decoder.$add$/home/rishabh/HPCA2/mosaic_delta_phase1/rtl/xorflow_decoder_pipelined.sv:21$105 ($add).
Removed top 6 bits (of 14) from port A of cell xorflow_decoder_bank_pipelined.$flatten\lanes[23].decoder.$add$/home/rishabh/HPCA2/mosaic_delta_phase1/rtl/xorflow_decoder_pipelined.sv:20$104 ($add).
Removed top 6 bits (of 14) from port B of cell xorflow_decoder_bank_pipelined.$flatten\lanes[23].decoder.$add$/home/rishabh/HPCA2/mosaic_delta_phase1/rtl/xorflow_decoder_pipelined.sv:20$104 ($add).
Removed top 5 bits (of 14) from port Y of cell xorflow_decoder_bank_pipelined.$flatten\lanes[23].decoder.$add$/home/rishabh/HPCA2/mosaic_delta_phase1/rtl/xorflow_decoder_pipelined.sv:20$104 ($add).
Removed top 6 bits (of 14) from port A of cell xorflow_decoder_bank_pipelined.$flatten\lanes[23].decoder.$add$/home/rishabh/HPCA2/mosaic_delta_phase1/rtl/xorflow_decoder_pipelined.sv:20$103 ($add).
Removed top 6 bits (of 14) from port B of cell xorflow_decoder_bank_pipelined.$flatten\lanes[23].decoder.$add$/home/rishabh/HPCA2/mosaic_delta_phase1/rtl/xorflow_decoder_pipelined.sv:20$103 ($add).
Removed top 5 bits (of 14) from port Y of cell xorflow_decoder_bank_pipelined.$flatten\lanes[23].decoder.$add$/home/rishabh/HPCA2/mosaic_delta_phase1/rtl/xorflow_decoder_pipelined.sv:20$103 ($add).
Removed top 29 bits (of 32) from port A of cell xorflow_decoder_bank_pipelined.$flatten\lanes[23].decoder.$lt$/home/rishabh/HPCA2/mosaic_delta_phase1/rtl/xorflow_decoder_pipelined.sv:33$99 ($lt).
Removed top 29 bits (of 32) from port A of cell xorflow_decoder_bank_pipelined.$flatten\lanes[23].decoder.$lt$/home/rishabh/HPCA2/mosaic_delta_phase1/rtl/xorflow_decoder_pipelined.sv:33$87 ($lt).
Removed top 29 bits (of 32) from port A of cell xorflow_decoder_bank_pipelined.$flatten\lanes[23].decoder.$lt$/home/rishabh/HPCA2/mosaic_delta_phase1/rtl/xorflow_decoder_pipelined.sv:33$75 ($lt).
Removed top 29 bits (of 32) from port A of cell xorflow_decoder_bank_pipelined.$flatten\lanes[23].decoder.$lt$/home/rishabh/HPCA2/mosaic_delta_phase1/rtl/xorflow_decoder_pipelined.sv:33$63 ($lt).
Removed top 30 bits (of 32) from port A of cell xorflow_decoder_bank_pipelined.$flatten\lanes[23].decoder.$lt$/home/rishabh/HPCA2/mosaic_delta_phase1/rtl/xorflow_decoder_pipelined.sv:33$48 ($lt).
Removed top 5 bits (of 14) from FF cell xorflow_decoder_bank_pipelined.$flatten\lanes[23].decoder.$procdff$177 ($dff).
Removed top 30 bits (of 32) from port A of cell xorflow_decoder_bank_pipelined.$flatten\lanes[23].decoder.$lt$/home/rishabh/HPCA2/mosaic_delta_phase1/rtl/xorflow_decoder_pipelined.sv:33$36 ($lt).
Removed top 31 bits (of 32) from port A of cell xorflow_decoder_bank_pipelined.$flatten\lanes[23].decoder.$lt$/home/rishabh/HPCA2/mosaic_delta_phase1/rtl/xorflow_decoder_pipelined.sv:33$24 ($lt).
Removed top 5 bits (of 14) from port B of cell xorflow_decoder_bank_pipelined.$flatten\lanes[23].decoder.$add$/home/rishabh/HPCA2/mosaic_delta_phase1/rtl/xorflow_decoder_pipelined.sv:31$21 ($add).
Removed top 1 bits (of 2) from port B of cell xorflow_decoder_bank_pipelined.$flatten\lanes[23].decoder.$eq$/home/rishabh/HPCA2/mosaic_delta_phase1/rtl/xorflow_decoder_pipelined.sv:30$18 ($eq).
Removed top 31 bits (of 32) from port A of cell xorflow_decoder_bank_pipelined.$flatten\lanes[23].decoder.$lt$/home/rishabh/HPCA2/mosaic_delta_phase1/rtl/xorflow_decoder_pipelined.sv:33$12 ($lt).
Removed top 6 bits (of 14) from port B of cell xorflow_decoder_bank_pipelined.$flatten\lanes[23].decoder.$add$/home/rishabh/HPCA2/mosaic_delta_phase1/rtl/xorflow_decoder_pipelined.sv:31$9 ($add).
Removed top 6 bits (of 14) from port A of cell xorflow_decoder_bank_pipelined.$flatten\lanes[24].decoder.$add$/home/rishabh/HPCA2/mosaic_delta_phase1/rtl/xorflow_decoder_pipelined.sv:20$117 ($add).
Removed top 6 bits (of 14) from port B of cell xorflow_decoder_bank_pipelined.$flatten\lanes[24].decoder.$add$/home/rishabh/HPCA2/mosaic_delta_phase1/rtl/xorflow_decoder_pipelined.sv:20$117 ($add).
Removed top 5 bits (of 14) from port Y of cell xorflow_decoder_bank_pipelined.$flatten\lanes[24].decoder.$add$/home/rishabh/HPCA2/mosaic_delta_phase1/rtl/xorflow_decoder_pipelined.sv:20$117 ($add).
Removed top 6 bits (of 14) from port A of cell xorflow_decoder_bank_pipelined.$flatten\lanes[24].decoder.$add$/home/rishabh/HPCA2/mosaic_delta_phase1/rtl/xorflow_decoder_pipelined.sv:20$114 ($add).
Removed top 6 bits (of 14) from port B of cell xorflow_decoder_bank_pipelined.$flatten\lanes[24].decoder.$add$/home/rishabh/HPCA2/mosaic_delta_phase1/rtl/xorflow_decoder_pipelined.sv:20$114 ($add).
Removed top 5 bits (of 14) from port Y of cell xorflow_decoder_bank_pipelined.$flatten\lanes[24].decoder.$add$/home/rishabh/HPCA2/mosaic_delta_phase1/rtl/xorflow_decoder_pipelined.sv:20$114 ($add).
Removed top 6 bits (of 14) from port A of cell xorflow_decoder_bank_pipelined.$flatten\lanes[24].decoder.$add$/home/rishabh/HPCA2/mosaic_delta_phase1/rtl/xorflow_decoder_pipelined.sv:20$111 ($add).
Removed top 6 bits (of 14) from port B of cell xorflow_decoder_bank_pipelined.$flatten\lanes[24].decoder.$add$/home/rishabh/HPCA2/mosaic_delta_phase1/rtl/xorflow_decoder_pipelined.sv:20$111 ($add).
Removed top 5 bits (of 14) from port Y of cell xorflow_decoder_bank_pipelined.$flatten\lanes[24].decoder.$add$/home/rishabh/HPCA2/mosaic_delta_phase1/rtl/xorflow_decoder_pipelined.sv:20$111 ($add).
Removed top 6 bits (of 14) from port B of cell xorflow_decoder_bank_pipelined.$flatten\lanes[24].decoder.$add$/home/rishabh/HPCA2/mosaic_delta_phase1/rtl/xorflow_decoder_pipelined.sv:22$110 ($add).
Removed top 6 bits (of 14) from port A of cell xorflow_decoder_bank_pipelined.$flatten\lanes[24].decoder.$add$/home/rishabh/HPCA2/mosaic_delta_phase1/rtl/xorflow_decoder_pipelined.sv:20$108 ($add).
Removed top 6 bits (of 14) from port B of cell xorflow_decoder_bank_pipelined.$flatten\lanes[24].decoder.$add$/home/rishabh/HPCA2/mosaic_delta_phase1/rtl/xorflow_decoder_pipelined.sv:20$108 ($add).
Removed top 5 bits (of 14) from port Y of cell xorflow_decoder_bank_pipelined.$flatten\lanes[24].decoder.$add$/home/rishabh/HPCA2/mosaic_delta_phase1/rtl/xorflow_decoder_pipelined.sv:20$108 ($add).
Removed top 6 bits (of 14) from port A of cell xorflow_decoder_bank_pipelined.$flatten\lanes[24].decoder.$add$/home/rishabh/HPCA2/mosaic_delta_phase1/rtl/xorflow_decoder_pipelined.sv:20$106 ($add).
Removed top 6 bits (of 14) from port B of cell xorflow_decoder_bank_pipelined.$flatten\lanes[24].decoder.$add$/home/rishabh/HPCA2/mosaic_delta_phase1/rtl/xorflow_decoder_pipelined.sv:20$106 ($add).
Removed top 5 bits (of 14) from port Y of cell xorflow_decoder_bank_pipelined.$flatten\lanes[24].decoder.$add$/home/rishabh/HPCA2/mosaic_delta_phase1/rtl/xorflow_decoder_pipelined.sv:20$106 ($add).
Removed top 6 bits (of 14) from port B of cell xorflow_decoder_bank_pipelined.$flatten\lanes[24].decoder.$add$/home/rishabh/HPCA2/mosaic_delta_phase1/rtl/xorflow_decoder_pipelined.sv:21$105 ($add).
Removed top 6 bits (of 14) from port A of cell xorflow_decoder_bank_pipelined.$flatten\lanes[24].decoder.$add$/home/rishabh/HPCA2/mosaic_delta_phase1/rtl/xorflow_decoder_pipelined.sv:20$104 ($add).
Removed top 6 bits (of 14) from port B of cell xorflow_decoder_bank_pipelined.$flatten\lanes[24].decoder.$add$/home/rishabh/HPCA2/mosaic_delta_phase1/rtl/xorflow_decoder_pipelined.sv:20$104 ($add).
Removed top 5 bits (of 14) from port Y of cell xorflow_decoder_bank_pipelined.$flatten\lanes[24].decoder.$add$/home/rishabh/HPCA2/mosaic_delta_phase1/rtl/xorflow_decoder_pipelined.sv:20$104 ($add).
Removed top 6 bits (of 14) from port A of cell xorflow_decoder_bank_pipelined.$flatten\lanes[24].decoder.$add$/home/rishabh/HPCA2/mosaic_delta_phase1/rtl/xorflow_decoder_pipelined.sv:20$103 ($add).
Removed top 6 bits (of 14) from port B of cell xorflow_decoder_bank_pipelined.$flatten\lanes[24].decoder.$add$/home/rishabh/HPCA2/mosaic_delta_phase1/rtl/xorflow_decoder_pipelined.sv:20$103 ($add).
Removed top 5 bits (of 14) from port Y of cell xorflow_decoder_bank_pipelined.$flatten\lanes[24].decoder.$add$/home/rishabh/HPCA2/mosaic_delta_phase1/rtl/xorflow_decoder_pipelined.sv:20$103 ($add).
Removed top 29 bits (of 32) from port A of cell xorflow_decoder_bank_pipelined.$flatten\lanes[24].decoder.$lt$/home/rishabh/HPCA2/mosaic_delta_phase1/rtl/xorflow_decoder_pipelined.sv:33$99 ($lt).
Removed top 29 bits (of 32) from port A of cell xorflow_decoder_bank_pipelined.$flatten\lanes[24].decoder.$lt$/home/rishabh/HPCA2/mosaic_delta_phase1/rtl/xorflow_decoder_pipelined.sv:33$87 ($lt).
Removed top 29 bits (of 32) from port A of cell xorflow_decoder_bank_pipelined.$flatten\lanes[24].decoder.$lt$/home/rishabh/HPCA2/mosaic_delta_phase1/rtl/xorflow_decoder_pipelined.sv:33$75 ($lt).
Removed top 29 bits (of 32) from port A of cell xorflow_decoder_bank_pipelined.$flatten\lanes[24].decoder.$lt$/home/rishabh/HPCA2/mosaic_delta_phase1/rtl/xorflow_decoder_pipelined.sv:33$63 ($lt).
Removed top 30 bits (of 32) from port A of cell xorflow_decoder_bank_pipelined.$flatten\lanes[24].decoder.$lt$/home/rishabh/HPCA2/mosaic_delta_phase1/rtl/xorflow_decoder_pipelined.sv:33$48 ($lt).
Removed top 5 bits (of 14) from FF cell xorflow_decoder_bank_pipelined.$flatten\lanes[24].decoder.$procdff$177 ($dff).
Removed top 30 bits (of 32) from port A of cell xorflow_decoder_bank_pipelined.$flatten\lanes[24].decoder.$lt$/home/rishabh/HPCA2/mosaic_delta_phase1/rtl/xorflow_decoder_pipelined.sv:33$36 ($lt).
Removed top 31 bits (of 32) from port A of cell xorflow_decoder_bank_pipelined.$flatten\lanes[24].decoder.$lt$/home/rishabh/HPCA2/mosaic_delta_phase1/rtl/xorflow_decoder_pipelined.sv:33$24 ($lt).
Removed top 5 bits (of 14) from port B of cell xorflow_decoder_bank_pipelined.$flatten\lanes[24].decoder.$add$/home/rishabh/HPCA2/mosaic_delta_phase1/rtl/xorflow_decoder_pipelined.sv:31$21 ($add).
Removed top 1 bits (of 2) from port B of cell xorflow_decoder_bank_pipelined.$flatten\lanes[24].decoder.$eq$/home/rishabh/HPCA2/mosaic_delta_phase1/rtl/xorflow_decoder_pipelined.sv:30$18 ($eq).
Removed top 31 bits (of 32) from port A of cell xorflow_decoder_bank_pipelined.$flatten\lanes[24].decoder.$lt$/home/rishabh/HPCA2/mosaic_delta_phase1/rtl/xorflow_decoder_pipelined.sv:33$12 ($lt).
Removed top 6 bits (of 14) from port B of cell xorflow_decoder_bank_pipelined.$flatten\lanes[24].decoder.$add$/home/rishabh/HPCA2/mosaic_delta_phase1/rtl/xorflow_decoder_pipelined.sv:31$9 ($add).
Removed top 6 bits (of 14) from port A of cell xorflow_decoder_bank_pipelined.$flatten\lanes[25].decoder.$add$/home/rishabh/HPCA2/mosaic_delta_phase1/rtl/xorflow_decoder_pipelined.sv:20$117 ($add).
Removed top 6 bits (of 14) from port B of cell xorflow_decoder_bank_pipelined.$flatten\lanes[25].decoder.$add$/home/rishabh/HPCA2/mosaic_delta_phase1/rtl/xorflow_decoder_pipelined.sv:20$117 ($add).
Removed top 5 bits (of 14) from port Y of cell xorflow_decoder_bank_pipelined.$flatten\lanes[25].decoder.$add$/home/rishabh/HPCA2/mosaic_delta_phase1/rtl/xorflow_decoder_pipelined.sv:20$117 ($add).
Removed top 6 bits (of 14) from port A of cell xorflow_decoder_bank_pipelined.$flatten\lanes[25].decoder.$add$/home/rishabh/HPCA2/mosaic_delta_phase1/rtl/xorflow_decoder_pipelined.sv:20$114 ($add).
Removed top 6 bits (of 14) from port B of cell xorflow_decoder_bank_pipelined.$flatten\lanes[25].decoder.$add$/home/rishabh/HPCA2/mosaic_delta_phase1/rtl/xorflow_decoder_pipelined.sv:20$114 ($add).
Removed top 5 bits (of 14) from port Y of cell xorflow_decoder_bank_pipelined.$flatten\lanes[25].decoder.$add$/home/rishabh/HPCA2/mosaic_delta_phase1/rtl/xorflow_decoder_pipelined.sv:20$114 ($add).
Removed top 6 bits (of 14) from port A of cell xorflow_decoder_bank_pipelined.$flatten\lanes[25].decoder.$add$/home/rishabh/HPCA2/mosaic_delta_phase1/rtl/xorflow_decoder_pipelined.sv:20$111 ($add).
Removed top 6 bits (of 14) from port B of cell xorflow_decoder_bank_pipelined.$flatten\lanes[25].decoder.$add$/home/rishabh/HPCA2/mosaic_delta_phase1/rtl/xorflow_decoder_pipelined.sv:20$111 ($add).
Removed top 5 bits (of 14) from port Y of cell xorflow_decoder_bank_pipelined.$flatten\lanes[25].decoder.$add$/home/rishabh/HPCA2/mosaic_delta_phase1/rtl/xorflow_decoder_pipelined.sv:20$111 ($add).
Removed top 6 bits (of 14) from port B of cell xorflow_decoder_bank_pipelined.$flatten\lanes[25].decoder.$add$/home/rishabh/HPCA2/mosaic_delta_phase1/rtl/xorflow_decoder_pipelined.sv:22$110 ($add).
Removed top 6 bits (of 14) from port A of cell xorflow_decoder_bank_pipelined.$flatten\lanes[25].decoder.$add$/home/rishabh/HPCA2/mosaic_delta_phase1/rtl/xorflow_decoder_pipelined.sv:20$108 ($add).
Removed top 6 bits (of 14) from port B of cell xorflow_decoder_bank_pipelined.$flatten\lanes[25].decoder.$add$/home/rishabh/HPCA2/mosaic_delta_phase1/rtl/xorflow_decoder_pipelined.sv:20$108 ($add).
Removed top 5 bits (of 14) from port Y of cell xorflow_decoder_bank_pipelined.$flatten\lanes[25].decoder.$add$/home/rishabh/HPCA2/mosaic_delta_phase1/rtl/xorflow_decoder_pipelined.sv:20$108 ($add).
Removed top 6 bits (of 14) from port A of cell xorflow_decoder_bank_pipelined.$flatten\lanes[25].decoder.$add$/home/rishabh/HPCA2/mosaic_delta_phase1/rtl/xorflow_decoder_pipelined.sv:20$106 ($add).
Removed top 6 bits (of 14) from port B of cell xorflow_decoder_bank_pipelined.$flatten\lanes[25].decoder.$add$/home/rishabh/HPCA2/mosaic_delta_phase1/rtl/xorflow_decoder_pipelined.sv:20$106 ($add).
Removed top 5 bits (of 14) from port Y of cell xorflow_decoder_bank_pipelined.$flatten\lanes[25].decoder.$add$/home/rishabh/HPCA2/mosaic_delta_phase1/rtl/xorflow_decoder_pipelined.sv:20$106 ($add).
Removed top 6 bits (of 14) from port B of cell xorflow_decoder_bank_pipelined.$flatten\lanes[25].decoder.$add$/home/rishabh/HPCA2/mosaic_delta_phase1/rtl/xorflow_decoder_pipelined.sv:21$105 ($add).
Removed top 6 bits (of 14) from port A of cell xorflow_decoder_bank_pipelined.$flatten\lanes[25].decoder.$add$/home/rishabh/HPCA2/mosaic_delta_phase1/rtl/xorflow_decoder_pipelined.sv:20$104 ($add).
Removed top 6 bits (of 14) from port B of cell xorflow_decoder_bank_pipelined.$flatten\lanes[25].decoder.$add$/home/rishabh/HPCA2/mosaic_delta_phase1/rtl/xorflow_decoder_pipelined.sv:20$104 ($add).
Removed top 5 bits (of 14) from port Y of cell xorflow_decoder_bank_pipelined.$flatten\lanes[25].decoder.$add$/home/rishabh/HPCA2/mosaic_delta_phase1/rtl/xorflow_decoder_pipelined.sv:20$104 ($add).
Removed top 6 bits (of 14) from port A of cell xorflow_decoder_bank_pipelined.$flatten\lanes[25].decoder.$add$/home/rishabh/HPCA2/mosaic_delta_phase1/rtl/xorflow_decoder_pipelined.sv:20$103 ($add).
Removed top 6 bits (of 14) from port B of cell xorflow_decoder_bank_pipelined.$flatten\lanes[25].decoder.$add$/home/rishabh/HPCA2/mosaic_delta_phase1/rtl/xorflow_decoder_pipelined.sv:20$103 ($add).
Removed top 5 bits (of 14) from port Y of cell xorflow_decoder_bank_pipelined.$flatten\lanes[25].decoder.$add$/home/rishabh/HPCA2/mosaic_delta_phase1/rtl/xorflow_decoder_pipelined.sv:20$103 ($add).
Removed top 29 bits (of 32) from port A of cell xorflow_decoder_bank_pipelined.$flatten\lanes[25].decoder.$lt$/home/rishabh/HPCA2/mosaic_delta_phase1/rtl/xorflow_decoder_pipelined.sv:33$99 ($lt).
Removed top 29 bits (of 32) from port A of cell xorflow_decoder_bank_pipelined.$flatten\lanes[25].decoder.$lt$/home/rishabh/HPCA2/mosaic_delta_phase1/rtl/xorflow_decoder_pipelined.sv:33$87 ($lt).
Removed top 29 bits (of 32) from port A of cell xorflow_decoder_bank_pipelined.$flatten\lanes[25].decoder.$lt$/home/rishabh/HPCA2/mosaic_delta_phase1/rtl/xorflow_decoder_pipelined.sv:33$75 ($lt).
Removed top 29 bits (of 32) from port A of cell xorflow_decoder_bank_pipelined.$flatten\lanes[25].decoder.$lt$/home/rishabh/HPCA2/mosaic_delta_phase1/rtl/xorflow_decoder_pipelined.sv:33$63 ($lt).
Removed top 30 bits (of 32) from port A of cell xorflow_decoder_bank_pipelined.$flatten\lanes[25].decoder.$lt$/home/rishabh/HPCA2/mosaic_delta_phase1/rtl/xorflow_decoder_pipelined.sv:33$48 ($lt).
Removed top 5 bits (of 14) from FF cell xorflow_decoder_bank_pipelined.$flatten\lanes[25].decoder.$procdff$177 ($dff).
Removed top 30 bits (of 32) from port A of cell xorflow_decoder_bank_pipelined.$flatten\lanes[25].decoder.$lt$/home/rishabh/HPCA2/mosaic_delta_phase1/rtl/xorflow_decoder_pipelined.sv:33$36 ($lt).
Removed top 31 bits (of 32) from port A of cell xorflow_decoder_bank_pipelined.$flatten\lanes[25].decoder.$lt$/home/rishabh/HPCA2/mosaic_delta_phase1/rtl/xorflow_decoder_pipelined.sv:33$24 ($lt).
Removed top 5 bits (of 14) from port B of cell xorflow_decoder_bank_pipelined.$flatten\lanes[25].decoder.$add$/home/rishabh/HPCA2/mosaic_delta_phase1/rtl/xorflow_decoder_pipelined.sv:31$21 ($add).
Removed top 1 bits (of 2) from port B of cell xorflow_decoder_bank_pipelined.$flatten\lanes[25].decoder.$eq$/home/rishabh/HPCA2/mosaic_delta_phase1/rtl/xorflow_decoder_pipelined.sv:30$18 ($eq).
Removed top 31 bits (of 32) from port A of cell xorflow_decoder_bank_pipelined.$flatten\lanes[25].decoder.$lt$/home/rishabh/HPCA2/mosaic_delta_phase1/rtl/xorflow_decoder_pipelined.sv:33$12 ($lt).
Removed top 6 bits (of 14) from port B of cell xorflow_decoder_bank_pipelined.$flatten\lanes[25].decoder.$add$/home/rishabh/HPCA2/mosaic_delta_phase1/rtl/xorflow_decoder_pipelined.sv:31$9 ($add).
Removed top 6 bits (of 14) from port A of cell xorflow_decoder_bank_pipelined.$flatten\lanes[26].decoder.$add$/home/rishabh/HPCA2/mosaic_delta_phase1/rtl/xorflow_decoder_pipelined.sv:20$117 ($add).
Removed top 6 bits (of 14) from port B of cell xorflow_decoder_bank_pipelined.$flatten\lanes[26].decoder.$add$/home/rishabh/HPCA2/mosaic_delta_phase1/rtl/xorflow_decoder_pipelined.sv:20$117 ($add).
Removed top 5 bits (of 14) from port Y of cell xorflow_decoder_bank_pipelined.$flatten\lanes[26].decoder.$add$/home/rishabh/HPCA2/mosaic_delta_phase1/rtl/xorflow_decoder_pipelined.sv:20$117 ($add).
Removed top 6 bits (of 14) from port A of cell xorflow_decoder_bank_pipelined.$flatten\lanes[26].decoder.$add$/home/rishabh/HPCA2/mosaic_delta_phase1/rtl/xorflow_decoder_pipelined.sv:20$114 ($add).
Removed top 6 bits (of 14) from port B of cell xorflow_decoder_bank_pipelined.$flatten\lanes[26].decoder.$add$/home/rishabh/HPCA2/mosaic_delta_phase1/rtl/xorflow_decoder_pipelined.sv:20$114 ($add).
Removed top 5 bits (of 14) from port Y of cell xorflow_decoder_bank_pipelined.$flatten\lanes[26].decoder.$add$/home/rishabh/HPCA2/mosaic_delta_phase1/rtl/xorflow_decoder_pipelined.sv:20$114 ($add).
Removed top 6 bits (of 14) from port A of cell xorflow_decoder_bank_pipelined.$flatten\lanes[26].decoder.$add$/home/rishabh/HPCA2/mosaic_delta_phase1/rtl/xorflow_decoder_pipelined.sv:20$111 ($add).
Removed top 6 bits (of 14) from port B of cell xorflow_decoder_bank_pipelined.$flatten\lanes[26].decoder.$add$/home/rishabh/HPCA2/mosaic_delta_phase1/rtl/xorflow_decoder_pipelined.sv:20$111 ($add).
Removed top 5 bits (of 14) from port Y of cell xorflow_decoder_bank_pipelined.$flatten\lanes[26].decoder.$add$/home/rishabh/HPCA2/mosaic_delta_phase1/rtl/xorflow_decoder_pipelined.sv:20$111 ($add).
Removed top 6 bits (of 14) from port B of cell xorflow_decoder_bank_pipelined.$flatten\lanes[26].decoder.$add$/home/rishabh/HPCA2/mosaic_delta_phase1/rtl/xorflow_decoder_pipelined.sv:22$110 ($add).
Removed top 6 bits (of 14) from port A of cell xorflow_decoder_bank_pipelined.$flatten\lanes[26].decoder.$add$/home/rishabh/HPCA2/mosaic_delta_phase1/rtl/xorflow_decoder_pipelined.sv:20$108 ($add).
Removed top 6 bits (of 14) from port B of cell xorflow_decoder_bank_pipelined.$flatten\lanes[26].decoder.$add$/home/rishabh/HPCA2/mosaic_delta_phase1/rtl/xorflow_decoder_pipelined.sv:20$108 ($add).
Removed top 5 bits (of 14) from port Y of cell xorflow_decoder_bank_pipelined.$flatten\lanes[26].decoder.$add$/home/rishabh/HPCA2/mosaic_delta_phase1/rtl/xorflow_decoder_pipelined.sv:20$108 ($add).
Removed top 6 bits (of 14) from port A of cell xorflow_decoder_bank_pipelined.$flatten\lanes[26].decoder.$add$/home/rishabh/HPCA2/mosaic_delta_phase1/rtl/xorflow_decoder_pipelined.sv:20$106 ($add).
Removed top 6 bits (of 14) from port B of cell xorflow_decoder_bank_pipelined.$flatten\lanes[26].decoder.$add$/home/rishabh/HPCA2/mosaic_delta_phase1/rtl/xorflow_decoder_pipelined.sv:20$106 ($add).
Removed top 5 bits (of 14) from port Y of cell xorflow_decoder_bank_pipelined.$flatten\lanes[26].decoder.$add$/home/rishabh/HPCA2/mosaic_delta_phase1/rtl/xorflow_decoder_pipelined.sv:20$106 ($add).
Removed top 6 bits (of 14) from port B of cell xorflow_decoder_bank_pipelined.$flatten\lanes[26].decoder.$add$/home/rishabh/HPCA2/mosaic_delta_phase1/rtl/xorflow_decoder_pipelined.sv:21$105 ($add).
Removed top 6 bits (of 14) from port A of cell xorflow_decoder_bank_pipelined.$flatten\lanes[26].decoder.$add$/home/rishabh/HPCA2/mosaic_delta_phase1/rtl/xorflow_decoder_pipelined.sv:20$104 ($add).
Removed top 6 bits (of 14) from port B of cell xorflow_decoder_bank_pipelined.$flatten\lanes[26].decoder.$add$/home/rishabh/HPCA2/mosaic_delta_phase1/rtl/xorflow_decoder_pipelined.sv:20$104 ($add).
Removed top 5 bits (of 14) from port Y of cell xorflow_decoder_bank_pipelined.$flatten\lanes[26].decoder.$add$/home/rishabh/HPCA2/mosaic_delta_phase1/rtl/xorflow_decoder_pipelined.sv:20$104 ($add).
Removed top 6 bits (of 14) from port A of cell xorflow_decoder_bank_pipelined.$flatten\lanes[26].decoder.$add$/home/rishabh/HPCA2/mosaic_delta_phase1/rtl/xorflow_decoder_pipelined.sv:20$103 ($add).
Removed top 6 bits (of 14) from port B of cell xorflow_decoder_bank_pipelined.$flatten\lanes[26].decoder.$add$/home/rishabh/HPCA2/mosaic_delta_phase1/rtl/xorflow_decoder_pipelined.sv:20$103 ($add).
Removed top 5 bits (of 14) from port Y of cell xorflow_decoder_bank_pipelined.$flatten\lanes[26].decoder.$add$/home/rishabh/HPCA2/mosaic_delta_phase1/rtl/xorflow_decoder_pipelined.sv:20$103 ($add).
Removed top 29 bits (of 32) from port A of cell xorflow_decoder_bank_pipelined.$flatten\lanes[26].decoder.$lt$/home/rishabh/HPCA2/mosaic_delta_phase1/rtl/xorflow_decoder_pipelined.sv:33$99 ($lt).
Removed top 29 bits (of 32) from port A of cell xorflow_decoder_bank_pipelined.$flatten\lanes[26].decoder.$lt$/home/rishabh/HPCA2/mosaic_delta_phase1/rtl/xorflow_decoder_pipelined.sv:33$87 ($lt).
Removed top 29 bits (of 32) from port A of cell xorflow_decoder_bank_pipelined.$flatten\lanes[26].decoder.$lt$/home/rishabh/HPCA2/mosaic_delta_phase1/rtl/xorflow_decoder_pipelined.sv:33$75 ($lt).
Removed top 29 bits (of 32) from port A of cell xorflow_decoder_bank_pipelined.$flatten\lanes[26].decoder.$lt$/home/rishabh/HPCA2/mosaic_delta_phase1/rtl/xorflow_decoder_pipelined.sv:33$63 ($lt).
Removed top 30 bits (of 32) from port A of cell xorflow_decoder_bank_pipelined.$flatten\lanes[26].decoder.$lt$/home/rishabh/HPCA2/mosaic_delta_phase1/rtl/xorflow_decoder_pipelined.sv:33$48 ($lt).
Removed top 5 bits (of 14) from FF cell xorflow_decoder_bank_pipelined.$flatten\lanes[26].decoder.$procdff$177 ($dff).
Removed top 30 bits (of 32) from port A of cell xorflow_decoder_bank_pipelined.$flatten\lanes[26].decoder.$lt$/home/rishabh/HPCA2/mosaic_delta_phase1/rtl/xorflow_decoder_pipelined.sv:33$36 ($lt).
Removed top 31 bits (of 32) from port A of cell xorflow_decoder_bank_pipelined.$flatten\lanes[26].decoder.$lt$/home/rishabh/HPCA2/mosaic_delta_phase1/rtl/xorflow_decoder_pipelined.sv:33$24 ($lt).
Removed top 5 bits (of 14) from port B of cell xorflow_decoder_bank_pipelined.$flatten\lanes[26].decoder.$add$/home/rishabh/HPCA2/mosaic_delta_phase1/rtl/xorflow_decoder_pipelined.sv:31$21 ($add).
Removed top 1 bits (of 2) from port B of cell xorflow_decoder_bank_pipelined.$flatten\lanes[26].decoder.$eq$/home/rishabh/HPCA2/mosaic_delta_phase1/rtl/xorflow_decoder_pipelined.sv:30$18 ($eq).
Removed top 31 bits (of 32) from port A of cell xorflow_decoder_bank_pipelined.$flatten\lanes[26].decoder.$lt$/home/rishabh/HPCA2/mosaic_delta_phase1/rtl/xorflow_decoder_pipelined.sv:33$12 ($lt).
Removed top 6 bits (of 14) from port B of cell xorflow_decoder_bank_pipelined.$flatten\lanes[26].decoder.$add$/home/rishabh/HPCA2/mosaic_delta_phase1/rtl/xorflow_decoder_pipelined.sv:31$9 ($add).
Removed top 6 bits (of 14) from port A of cell xorflow_decoder_bank_pipelined.$flatten\lanes[27].decoder.$add$/home/rishabh/HPCA2/mosaic_delta_phase1/rtl/xorflow_decoder_pipelined.sv:20$117 ($add).
Removed top 6 bits (of 14) from port B of cell xorflow_decoder_bank_pipelined.$flatten\lanes[27].decoder.$add$/home/rishabh/HPCA2/mosaic_delta_phase1/rtl/xorflow_decoder_pipelined.sv:20$117 ($add).
Removed top 5 bits (of 14) from port Y of cell xorflow_decoder_bank_pipelined.$flatten\lanes[27].decoder.$add$/home/rishabh/HPCA2/mosaic_delta_phase1/rtl/xorflow_decoder_pipelined.sv:20$117 ($add).
Removed top 6 bits (of 14) from port A of cell xorflow_decoder_bank_pipelined.$flatten\lanes[27].decoder.$add$/home/rishabh/HPCA2/mosaic_delta_phase1/rtl/xorflow_decoder_pipelined.sv:20$114 ($add).
Removed top 6 bits (of 14) from port B of cell xorflow_decoder_bank_pipelined.$flatten\lanes[27].decoder.$add$/home/rishabh/HPCA2/mosaic_delta_phase1/rtl/xorflow_decoder_pipelined.sv:20$114 ($add).
Removed top 5 bits (of 14) from port Y of cell xorflow_decoder_bank_pipelined.$flatten\lanes[27].decoder.$add$/home/rishabh/HPCA2/mosaic_delta_phase1/rtl/xorflow_decoder_pipelined.sv:20$114 ($add).
Removed top 6 bits (of 14) from port A of cell xorflow_decoder_bank_pipelined.$flatten\lanes[27].decoder.$add$/home/rishabh/HPCA2/mosaic_delta_phase1/rtl/xorflow_decoder_pipelined.sv:20$111 ($add).
Removed top 6 bits (of 14) from port B of cell xorflow_decoder_bank_pipelined.$flatten\lanes[27].decoder.$add$/home/rishabh/HPCA2/mosaic_delta_phase1/rtl/xorflow_decoder_pipelined.sv:20$111 ($add).
Removed top 5 bits (of 14) from port Y of cell xorflow_decoder_bank_pipelined.$flatten\lanes[27].decoder.$add$/home/rishabh/HPCA2/mosaic_delta_phase1/rtl/xorflow_decoder_pipelined.sv:20$111 ($add).
Removed top 6 bits (of 14) from port B of cell xorflow_decoder_bank_pipelined.$flatten\lanes[27].decoder.$add$/home/rishabh/HPCA2/mosaic_delta_phase1/rtl/xorflow_decoder_pipelined.sv:22$110 ($add).
Removed top 6 bits (of 14) from port A of cell xorflow_decoder_bank_pipelined.$flatten\lanes[27].decoder.$add$/home/rishabh/HPCA2/mosaic_delta_phase1/rtl/xorflow_decoder_pipelined.sv:20$108 ($add).
Removed top 6 bits (of 14) from port B of cell xorflow_decoder_bank_pipelined.$flatten\lanes[27].decoder.$add$/home/rishabh/HPCA2/mosaic_delta_phase1/rtl/xorflow_decoder_pipelined.sv:20$108 ($add).
Removed top 5 bits (of 14) from port Y of cell xorflow_decoder_bank_pipelined.$flatten\lanes[27].decoder.$add$/home/rishabh/HPCA2/mosaic_delta_phase1/rtl/xorflow_decoder_pipelined.sv:20$108 ($add).
Removed top 6 bits (of 14) from port A of cell xorflow_decoder_bank_pipelined.$flatten\lanes[27].decoder.$add$/home/rishabh/HPCA2/mosaic_delta_phase1/rtl/xorflow_decoder_pipelined.sv:20$106 ($add).
Removed top 6 bits (of 14) from port B of cell xorflow_decoder_bank_pipelined.$flatten\lanes[27].decoder.$add$/home/rishabh/HPCA2/mosaic_delta_phase1/rtl/xorflow_decoder_pipelined.sv:20$106 ($add).
Removed top 5 bits (of 14) from port Y of cell xorflow_decoder_bank_pipelined.$flatten\lanes[27].decoder.$add$/home/rishabh/HPCA2/mosaic_delta_phase1/rtl/xorflow_decoder_pipelined.sv:20$106 ($add).
Removed top 6 bits (of 14) from port B of cell xorflow_decoder_bank_pipelined.$flatten\lanes[27].decoder.$add$/home/rishabh/HPCA2/mosaic_delta_phase1/rtl/xorflow_decoder_pipelined.sv:21$105 ($add).
Removed top 6 bits (of 14) from port A of cell xorflow_decoder_bank_pipelined.$flatten\lanes[27].decoder.$add$/home/rishabh/HPCA2/mosaic_delta_phase1/rtl/xorflow_decoder_pipelined.sv:20$104 ($add).
Removed top 6 bits (of 14) from port B of cell xorflow_decoder_bank_pipelined.$flatten\lanes[27].decoder.$add$/home/rishabh/HPCA2/mosaic_delta_phase1/rtl/xorflow_decoder_pipelined.sv:20$104 ($add).
Removed top 5 bits (of 14) from port Y of cell xorflow_decoder_bank_pipelined.$flatten\lanes[27].decoder.$add$/home/rishabh/HPCA2/mosaic_delta_phase1/rtl/xorflow_decoder_pipelined.sv:20$104 ($add).
Removed top 6 bits (of 14) from port A of cell xorflow_decoder_bank_pipelined.$flatten\lanes[27].decoder.$add$/home/rishabh/HPCA2/mosaic_delta_phase1/rtl/xorflow_decoder_pipelined.sv:20$103 ($add).
Removed top 6 bits (of 14) from port B of cell xorflow_decoder_bank_pipelined.$flatten\lanes[27].decoder.$add$/home/rishabh/HPCA2/mosaic_delta_phase1/rtl/xorflow_decoder_pipelined.sv:20$103 ($add).
Removed top 5 bits (of 14) from port Y of cell xorflow_decoder_bank_pipelined.$flatten\lanes[27].decoder.$add$/home/rishabh/HPCA2/mosaic_delta_phase1/rtl/xorflow_decoder_pipelined.sv:20$103 ($add).
Removed top 29 bits (of 32) from port A of cell xorflow_decoder_bank_pipelined.$flatten\lanes[27].decoder.$lt$/home/rishabh/HPCA2/mosaic_delta_phase1/rtl/xorflow_decoder_pipelined.sv:33$99 ($lt).
Removed top 29 bits (of 32) from port A of cell xorflow_decoder_bank_pipelined.$flatten\lanes[27].decoder.$lt$/home/rishabh/HPCA2/mosaic_delta_phase1/rtl/xorflow_decoder_pipelined.sv:33$87 ($lt).
Removed top 29 bits (of 32) from port A of cell xorflow_decoder_bank_pipelined.$flatten\lanes[27].decoder.$lt$/home/rishabh/HPCA2/mosaic_delta_phase1/rtl/xorflow_decoder_pipelined.sv:33$75 ($lt).
Removed top 29 bits (of 32) from port A of cell xorflow_decoder_bank_pipelined.$flatten\lanes[27].decoder.$lt$/home/rishabh/HPCA2/mosaic_delta_phase1/rtl/xorflow_decoder_pipelined.sv:33$63 ($lt).
Removed top 30 bits (of 32) from port A of cell xorflow_decoder_bank_pipelined.$flatten\lanes[27].decoder.$lt$/home/rishabh/HPCA2/mosaic_delta_phase1/rtl/xorflow_decoder_pipelined.sv:33$48 ($lt).
Removed top 5 bits (of 14) from FF cell xorflow_decoder_bank_pipelined.$flatten\lanes[27].decoder.$procdff$177 ($dff).
Removed top 30 bits (of 32) from port A of cell xorflow_decoder_bank_pipelined.$flatten\lanes[27].decoder.$lt$/home/rishabh/HPCA2/mosaic_delta_phase1/rtl/xorflow_decoder_pipelined.sv:33$36 ($lt).
Removed top 31 bits (of 32) from port A of cell xorflow_decoder_bank_pipelined.$flatten\lanes[27].decoder.$lt$/home/rishabh/HPCA2/mosaic_delta_phase1/rtl/xorflow_decoder_pipelined.sv:33$24 ($lt).
Removed top 5 bits (of 14) from port B of cell xorflow_decoder_bank_pipelined.$flatten\lanes[27].decoder.$add$/home/rishabh/HPCA2/mosaic_delta_phase1/rtl/xorflow_decoder_pipelined.sv:31$21 ($add).
Removed top 1 bits (of 2) from port B of cell xorflow_decoder_bank_pipelined.$flatten\lanes[27].decoder.$eq$/home/rishabh/HPCA2/mosaic_delta_phase1/rtl/xorflow_decoder_pipelined.sv:30$18 ($eq).
Removed top 31 bits (of 32) from port A of cell xorflow_decoder_bank_pipelined.$flatten\lanes[27].decoder.$lt$/home/rishabh/HPCA2/mosaic_delta_phase1/rtl/xorflow_decoder_pipelined.sv:33$12 ($lt).
Removed top 6 bits (of 14) from port B of cell xorflow_decoder_bank_pipelined.$flatten\lanes[27].decoder.$add$/home/rishabh/HPCA2/mosaic_delta_phase1/rtl/xorflow_decoder_pipelined.sv:31$9 ($add).
Removed top 6 bits (of 14) from port A of cell xorflow_decoder_bank_pipelined.$flatten\lanes[28].decoder.$add$/home/rishabh/HPCA2/mosaic_delta_phase1/rtl/xorflow_decoder_pipelined.sv:20$117 ($add).
Removed top 6 bits (of 14) from port B of cell xorflow_decoder_bank_pipelined.$flatten\lanes[28].decoder.$add$/home/rishabh/HPCA2/mosaic_delta_phase1/rtl/xorflow_decoder_pipelined.sv:20$117 ($add).
Removed top 5 bits (of 14) from port Y of cell xorflow_decoder_bank_pipelined.$flatten\lanes[28].decoder.$add$/home/rishabh/HPCA2/mosaic_delta_phase1/rtl/xorflow_decoder_pipelined.sv:20$117 ($add).
Removed top 6 bits (of 14) from port A of cell xorflow_decoder_bank_pipelined.$flatten\lanes[28].decoder.$add$/home/rishabh/HPCA2/mosaic_delta_phase1/rtl/xorflow_decoder_pipelined.sv:20$114 ($add).
Removed top 6 bits (of 14) from port B of cell xorflow_decoder_bank_pipelined.$flatten\lanes[28].decoder.$add$/home/rishabh/HPCA2/mosaic_delta_phase1/rtl/xorflow_decoder_pipelined.sv:20$114 ($add).
Removed top 5 bits (of 14) from port Y of cell xorflow_decoder_bank_pipelined.$flatten\lanes[28].decoder.$add$/home/rishabh/HPCA2/mosaic_delta_phase1/rtl/xorflow_decoder_pipelined.sv:20$114 ($add).
Removed top 6 bits (of 14) from port A of cell xorflow_decoder_bank_pipelined.$flatten\lanes[28].decoder.$add$/home/rishabh/HPCA2/mosaic_delta_phase1/rtl/xorflow_decoder_pipelined.sv:20$111 ($add).
Removed top 6 bits (of 14) from port B of cell xorflow_decoder_bank_pipelined.$flatten\lanes[28].decoder.$add$/home/rishabh/HPCA2/mosaic_delta_phase1/rtl/xorflow_decoder_pipelined.sv:20$111 ($add).
Removed top 5 bits (of 14) from port Y of cell xorflow_decoder_bank_pipelined.$flatten\lanes[28].decoder.$add$/home/rishabh/HPCA2/mosaic_delta_phase1/rtl/xorflow_decoder_pipelined.sv:20$111 ($add).
Removed top 6 bits (of 14) from port B of cell xorflow_decoder_bank_pipelined.$flatten\lanes[28].decoder.$add$/home/rishabh/HPCA2/mosaic_delta_phase1/rtl/xorflow_decoder_pipelined.sv:22$110 ($add).
Removed top 6 bits (of 14) from port A of cell xorflow_decoder_bank_pipelined.$flatten\lanes[28].decoder.$add$/home/rishabh/HPCA2/mosaic_delta_phase1/rtl/xorflow_decoder_pipelined.sv:20$108 ($add).
Removed top 6 bits (of 14) from port B of cell xorflow_decoder_bank_pipelined.$flatten\lanes[28].decoder.$add$/home/rishabh/HPCA2/mosaic_delta_phase1/rtl/xorflow_decoder_pipelined.sv:20$108 ($add).
Removed top 5 bits (of 14) from port Y of cell xorflow_decoder_bank_pipelined.$flatten\lanes[28].decoder.$add$/home/rishabh/HPCA2/mosaic_delta_phase1/rtl/xorflow_decoder_pipelined.sv:20$108 ($add).
Removed top 6 bits (of 14) from port A of cell xorflow_decoder_bank_pipelined.$flatten\lanes[28].decoder.$add$/home/rishabh/HPCA2/mosaic_delta_phase1/rtl/xorflow_decoder_pipelined.sv:20$106 ($add).
Removed top 6 bits (of 14) from port B of cell xorflow_decoder_bank_pipelined.$flatten\lanes[28].decoder.$add$/home/rishabh/HPCA2/mosaic_delta_phase1/rtl/xorflow_decoder_pipelined.sv:20$106 ($add).
Removed top 5 bits (of 14) from port Y of cell xorflow_decoder_bank_pipelined.$flatten\lanes[28].decoder.$add$/home/rishabh/HPCA2/mosaic_delta_phase1/rtl/xorflow_decoder_pipelined.sv:20$106 ($add).
Removed top 6 bits (of 14) from port B of cell xorflow_decoder_bank_pipelined.$flatten\lanes[28].decoder.$add$/home/rishabh/HPCA2/mosaic_delta_phase1/rtl/xorflow_decoder_pipelined.sv:21$105 ($add).
Removed top 6 bits (of 14) from port A of cell xorflow_decoder_bank_pipelined.$flatten\lanes[28].decoder.$add$/home/rishabh/HPCA2/mosaic_delta_phase1/rtl/xorflow_decoder_pipelined.sv:20$104 ($add).
Removed top 6 bits (of 14) from port B of cell xorflow_decoder_bank_pipelined.$flatten\lanes[28].decoder.$add$/home/rishabh/HPCA2/mosaic_delta_phase1/rtl/xorflow_decoder_pipelined.sv:20$104 ($add).
Removed top 5 bits (of 14) from port Y of cell xorflow_decoder_bank_pipelined.$flatten\lanes[28].decoder.$add$/home/rishabh/HPCA2/mosaic_delta_phase1/rtl/xorflow_decoder_pipelined.sv:20$104 ($add).
Removed top 6 bits (of 14) from port A of cell xorflow_decoder_bank_pipelined.$flatten\lanes[28].decoder.$add$/home/rishabh/HPCA2/mosaic_delta_phase1/rtl/xorflow_decoder_pipelined.sv:20$103 ($add).
Removed top 6 bits (of 14) from port B of cell xorflow_decoder_bank_pipelined.$flatten\lanes[28].decoder.$add$/home/rishabh/HPCA2/mosaic_delta_phase1/rtl/xorflow_decoder_pipelined.sv:20$103 ($add).
Removed top 5 bits (of 14) from port Y of cell xorflow_decoder_bank_pipelined.$flatten\lanes[28].decoder.$add$/home/rishabh/HPCA2/mosaic_delta_phase1/rtl/xorflow_decoder_pipelined.sv:20$103 ($add).
Removed top 29 bits (of 32) from port A of cell xorflow_decoder_bank_pipelined.$flatten\lanes[28].decoder.$lt$/home/rishabh/HPCA2/mosaic_delta_phase1/rtl/xorflow_decoder_pipelined.sv:33$99 ($lt).
Removed top 29 bits (of 32) from port A of cell xorflow_decoder_bank_pipelined.$flatten\lanes[28].decoder.$lt$/home/rishabh/HPCA2/mosaic_delta_phase1/rtl/xorflow_decoder_pipelined.sv:33$87 ($lt).
Removed top 29 bits (of 32) from port A of cell xorflow_decoder_bank_pipelined.$flatten\lanes[28].decoder.$lt$/home/rishabh/HPCA2/mosaic_delta_phase1/rtl/xorflow_decoder_pipelined.sv:33$75 ($lt).
Removed top 29 bits (of 32) from port A of cell xorflow_decoder_bank_pipelined.$flatten\lanes[28].decoder.$lt$/home/rishabh/HPCA2/mosaic_delta_phase1/rtl/xorflow_decoder_pipelined.sv:33$63 ($lt).
Removed top 30 bits (of 32) from port A of cell xorflow_decoder_bank_pipelined.$flatten\lanes[28].decoder.$lt$/home/rishabh/HPCA2/mosaic_delta_phase1/rtl/xorflow_decoder_pipelined.sv:33$48 ($lt).
Removed top 5 bits (of 14) from FF cell xorflow_decoder_bank_pipelined.$flatten\lanes[28].decoder.$procdff$177 ($dff).
Removed top 30 bits (of 32) from port A of cell xorflow_decoder_bank_pipelined.$flatten\lanes[28].decoder.$lt$/home/rishabh/HPCA2/mosaic_delta_phase1/rtl/xorflow_decoder_pipelined.sv:33$36 ($lt).
Removed top 31 bits (of 32) from port A of cell xorflow_decoder_bank_pipelined.$flatten\lanes[28].decoder.$lt$/home/rishabh/HPCA2/mosaic_delta_phase1/rtl/xorflow_decoder_pipelined.sv:33$24 ($lt).
Removed top 5 bits (of 14) from port B of cell xorflow_decoder_bank_pipelined.$flatten\lanes[28].decoder.$add$/home/rishabh/HPCA2/mosaic_delta_phase1/rtl/xorflow_decoder_pipelined.sv:31$21 ($add).
Removed top 1 bits (of 2) from port B of cell xorflow_decoder_bank_pipelined.$flatten\lanes[28].decoder.$eq$/home/rishabh/HPCA2/mosaic_delta_phase1/rtl/xorflow_decoder_pipelined.sv:30$18 ($eq).
Removed top 31 bits (of 32) from port A of cell xorflow_decoder_bank_pipelined.$flatten\lanes[28].decoder.$lt$/home/rishabh/HPCA2/mosaic_delta_phase1/rtl/xorflow_decoder_pipelined.sv:33$12 ($lt).
Removed top 6 bits (of 14) from port B of cell xorflow_decoder_bank_pipelined.$flatten\lanes[28].decoder.$add$/home/rishabh/HPCA2/mosaic_delta_phase1/rtl/xorflow_decoder_pipelined.sv:31$9 ($add).
Removed top 6 bits (of 14) from port A of cell xorflow_decoder_bank_pipelined.$flatten\lanes[29].decoder.$add$/home/rishabh/HPCA2/mosaic_delta_phase1/rtl/xorflow_decoder_pipelined.sv:20$117 ($add).
Removed top 6 bits (of 14) from port B of cell xorflow_decoder_bank_pipelined.$flatten\lanes[29].decoder.$add$/home/rishabh/HPCA2/mosaic_delta_phase1/rtl/xorflow_decoder_pipelined.sv:20$117 ($add).
Removed top 5 bits (of 14) from port Y of cell xorflow_decoder_bank_pipelined.$flatten\lanes[29].decoder.$add$/home/rishabh/HPCA2/mosaic_delta_phase1/rtl/xorflow_decoder_pipelined.sv:20$117 ($add).
Removed top 6 bits (of 14) from port A of cell xorflow_decoder_bank_pipelined.$flatten\lanes[29].decoder.$add$/home/rishabh/HPCA2/mosaic_delta_phase1/rtl/xorflow_decoder_pipelined.sv:20$114 ($add).
Removed top 6 bits (of 14) from port B of cell xorflow_decoder_bank_pipelined.$flatten\lanes[29].decoder.$add$/home/rishabh/HPCA2/mosaic_delta_phase1/rtl/xorflow_decoder_pipelined.sv:20$114 ($add).
Removed top 5 bits (of 14) from port Y of cell xorflow_decoder_bank_pipelined.$flatten\lanes[29].decoder.$add$/home/rishabh/HPCA2/mosaic_delta_phase1/rtl/xorflow_decoder_pipelined.sv:20$114 ($add).
Removed top 6 bits (of 14) from port A of cell xorflow_decoder_bank_pipelined.$flatten\lanes[29].decoder.$add$/home/rishabh/HPCA2/mosaic_delta_phase1/rtl/xorflow_decoder_pipelined.sv:20$111 ($add).
Removed top 6 bits (of 14) from port B of cell xorflow_decoder_bank_pipelined.$flatten\lanes[29].decoder.$add$/home/rishabh/HPCA2/mosaic_delta_phase1/rtl/xorflow_decoder_pipelined.sv:20$111 ($add).
Removed top 5 bits (of 14) from port Y of cell xorflow_decoder_bank_pipelined.$flatten\lanes[29].decoder.$add$/home/rishabh/HPCA2/mosaic_delta_phase1/rtl/xorflow_decoder_pipelined.sv:20$111 ($add).
Removed top 6 bits (of 14) from port B of cell xorflow_decoder_bank_pipelined.$flatten\lanes[29].decoder.$add$/home/rishabh/HPCA2/mosaic_delta_phase1/rtl/xorflow_decoder_pipelined.sv:22$110 ($add).
Removed top 6 bits (of 14) from port A of cell xorflow_decoder_bank_pipelined.$flatten\lanes[29].decoder.$add$/home/rishabh/HPCA2/mosaic_delta_phase1/rtl/xorflow_decoder_pipelined.sv:20$108 ($add).
Removed top 6 bits (of 14) from port B of cell xorflow_decoder_bank_pipelined.$flatten\lanes[29].decoder.$add$/home/rishabh/HPCA2/mosaic_delta_phase1/rtl/xorflow_decoder_pipelined.sv:20$108 ($add).
Removed top 5 bits (of 14) from port Y of cell xorflow_decoder_bank_pipelined.$flatten\lanes[29].decoder.$add$/home/rishabh/HPCA2/mosaic_delta_phase1/rtl/xorflow_decoder_pipelined.sv:20$108 ($add).
Removed top 6 bits (of 14) from port A of cell xorflow_decoder_bank_pipelined.$flatten\lanes[29].decoder.$add$/home/rishabh/HPCA2/mosaic_delta_phase1/rtl/xorflow_decoder_pipelined.sv:20$106 ($add).
Removed top 6 bits (of 14) from port B of cell xorflow_decoder_bank_pipelined.$flatten\lanes[29].decoder.$add$/home/rishabh/HPCA2/mosaic_delta_phase1/rtl/xorflow_decoder_pipelined.sv:20$106 ($add).
Removed top 5 bits (of 14) from port Y of cell xorflow_decoder_bank_pipelined.$flatten\lanes[29].decoder.$add$/home/rishabh/HPCA2/mosaic_delta_phase1/rtl/xorflow_decoder_pipelined.sv:20$106 ($add).
Removed top 6 bits (of 14) from port B of cell xorflow_decoder_bank_pipelined.$flatten\lanes[29].decoder.$add$/home/rishabh/HPCA2/mosaic_delta_phase1/rtl/xorflow_decoder_pipelined.sv:21$105 ($add).
Removed top 6 bits (of 14) from port A of cell xorflow_decoder_bank_pipelined.$flatten\lanes[29].decoder.$add$/home/rishabh/HPCA2/mosaic_delta_phase1/rtl/xorflow_decoder_pipelined.sv:20$104 ($add).
Removed top 6 bits (of 14) from port B of cell xorflow_decoder_bank_pipelined.$flatten\lanes[29].decoder.$add$/home/rishabh/HPCA2/mosaic_delta_phase1/rtl/xorflow_decoder_pipelined.sv:20$104 ($add).
Removed top 5 bits (of 14) from port Y of cell xorflow_decoder_bank_pipelined.$flatten\lanes[29].decoder.$add$/home/rishabh/HPCA2/mosaic_delta_phase1/rtl/xorflow_decoder_pipelined.sv:20$104 ($add).
Removed top 6 bits (of 14) from port A of cell xorflow_decoder_bank_pipelined.$flatten\lanes[29].decoder.$add$/home/rishabh/HPCA2/mosaic_delta_phase1/rtl/xorflow_decoder_pipelined.sv:20$103 ($add).
Removed top 6 bits (of 14) from port B of cell xorflow_decoder_bank_pipelined.$flatten\lanes[29].decoder.$add$/home/rishabh/HPCA2/mosaic_delta_phase1/rtl/xorflow_decoder_pipelined.sv:20$103 ($add).
Removed top 5 bits (of 14) from port Y of cell xorflow_decoder_bank_pipelined.$flatten\lanes[29].decoder.$add$/home/rishabh/HPCA2/mosaic_delta_phase1/rtl/xorflow_decoder_pipelined.sv:20$103 ($add).
Removed top 29 bits (of 32) from port A of cell xorflow_decoder_bank_pipelined.$flatten\lanes[29].decoder.$lt$/home/rishabh/HPCA2/mosaic_delta_phase1/rtl/xorflow_decoder_pipelined.sv:33$99 ($lt).
Removed top 29 bits (of 32) from port A of cell xorflow_decoder_bank_pipelined.$flatten\lanes[29].decoder.$lt$/home/rishabh/HPCA2/mosaic_delta_phase1/rtl/xorflow_decoder_pipelined.sv:33$87 ($lt).
Removed top 29 bits (of 32) from port A of cell xorflow_decoder_bank_pipelined.$flatten\lanes[29].decoder.$lt$/home/rishabh/HPCA2/mosaic_delta_phase1/rtl/xorflow_decoder_pipelined.sv:33$75 ($lt).
Removed top 29 bits (of 32) from port A of cell xorflow_decoder_bank_pipelined.$flatten\lanes[29].decoder.$lt$/home/rishabh/HPCA2/mosaic_delta_phase1/rtl/xorflow_decoder_pipelined.sv:33$63 ($lt).
Removed top 30 bits (of 32) from port A of cell xorflow_decoder_bank_pipelined.$flatten\lanes[29].decoder.$lt$/home/rishabh/HPCA2/mosaic_delta_phase1/rtl/xorflow_decoder_pipelined.sv:33$48 ($lt).
Removed top 5 bits (of 14) from FF cell xorflow_decoder_bank_pipelined.$flatten\lanes[29].decoder.$procdff$177 ($dff).
Removed top 30 bits (of 32) from port A of cell xorflow_decoder_bank_pipelined.$flatten\lanes[29].decoder.$lt$/home/rishabh/HPCA2/mosaic_delta_phase1/rtl/xorflow_decoder_pipelined.sv:33$36 ($lt).
Removed top 31 bits (of 32) from port A of cell xorflow_decoder_bank_pipelined.$flatten\lanes[29].decoder.$lt$/home/rishabh/HPCA2/mosaic_delta_phase1/rtl/xorflow_decoder_pipelined.sv:33$24 ($lt).
Removed top 5 bits (of 14) from port B of cell xorflow_decoder_bank_pipelined.$flatten\lanes[29].decoder.$add$/home/rishabh/HPCA2/mosaic_delta_phase1/rtl/xorflow_decoder_pipelined.sv:31$21 ($add).
Removed top 1 bits (of 2) from port B of cell xorflow_decoder_bank_pipelined.$flatten\lanes[29].decoder.$eq$/home/rishabh/HPCA2/mosaic_delta_phase1/rtl/xorflow_decoder_pipelined.sv:30$18 ($eq).
Removed top 31 bits (of 32) from port A of cell xorflow_decoder_bank_pipelined.$flatten\lanes[29].decoder.$lt$/home/rishabh/HPCA2/mosaic_delta_phase1/rtl/xorflow_decoder_pipelined.sv:33$12 ($lt).
Removed top 6 bits (of 14) from port B of cell xorflow_decoder_bank_pipelined.$flatten\lanes[29].decoder.$add$/home/rishabh/HPCA2/mosaic_delta_phase1/rtl/xorflow_decoder_pipelined.sv:31$9 ($add).
Removed top 6 bits (of 14) from port A of cell xorflow_decoder_bank_pipelined.$flatten\lanes[30].decoder.$add$/home/rishabh/HPCA2/mosaic_delta_phase1/rtl/xorflow_decoder_pipelined.sv:20$117 ($add).
Removed top 6 bits (of 14) from port B of cell xorflow_decoder_bank_pipelined.$flatten\lanes[30].decoder.$add$/home/rishabh/HPCA2/mosaic_delta_phase1/rtl/xorflow_decoder_pipelined.sv:20$117 ($add).
Removed top 5 bits (of 14) from port Y of cell xorflow_decoder_bank_pipelined.$flatten\lanes[30].decoder.$add$/home/rishabh/HPCA2/mosaic_delta_phase1/rtl/xorflow_decoder_pipelined.sv:20$117 ($add).
Removed top 6 bits (of 14) from port A of cell xorflow_decoder_bank_pipelined.$flatten\lanes[30].decoder.$add$/home/rishabh/HPCA2/mosaic_delta_phase1/rtl/xorflow_decoder_pipelined.sv:20$114 ($add).
Removed top 6 bits (of 14) from port B of cell xorflow_decoder_bank_pipelined.$flatten\lanes[30].decoder.$add$/home/rishabh/HPCA2/mosaic_delta_phase1/rtl/xorflow_decoder_pipelined.sv:20$114 ($add).
Removed top 5 bits (of 14) from port Y of cell xorflow_decoder_bank_pipelined.$flatten\lanes[30].decoder.$add$/home/rishabh/HPCA2/mosaic_delta_phase1/rtl/xorflow_decoder_pipelined.sv:20$114 ($add).
Removed top 6 bits (of 14) from port A of cell xorflow_decoder_bank_pipelined.$flatten\lanes[30].decoder.$add$/home/rishabh/HPCA2/mosaic_delta_phase1/rtl/xorflow_decoder_pipelined.sv:20$111 ($add).
Removed top 6 bits (of 14) from port B of cell xorflow_decoder_bank_pipelined.$flatten\lanes[30].decoder.$add$/home/rishabh/HPCA2/mosaic_delta_phase1/rtl/xorflow_decoder_pipelined.sv:20$111 ($add).
Removed top 5 bits (of 14) from port Y of cell xorflow_decoder_bank_pipelined.$flatten\lanes[30].decoder.$add$/home/rishabh/HPCA2/mosaic_delta_phase1/rtl/xorflow_decoder_pipelined.sv:20$111 ($add).
Removed top 6 bits (of 14) from port B of cell xorflow_decoder_bank_pipelined.$flatten\lanes[30].decoder.$add$/home/rishabh/HPCA2/mosaic_delta_phase1/rtl/xorflow_decoder_pipelined.sv:22$110 ($add).
Removed top 6 bits (of 14) from port A of cell xorflow_decoder_bank_pipelined.$flatten\lanes[30].decoder.$add$/home/rishabh/HPCA2/mosaic_delta_phase1/rtl/xorflow_decoder_pipelined.sv:20$108 ($add).
Removed top 6 bits (of 14) from port B of cell xorflow_decoder_bank_pipelined.$flatten\lanes[30].decoder.$add$/home/rishabh/HPCA2/mosaic_delta_phase1/rtl/xorflow_decoder_pipelined.sv:20$108 ($add).
Removed top 5 bits (of 14) from port Y of cell xorflow_decoder_bank_pipelined.$flatten\lanes[30].decoder.$add$/home/rishabh/HPCA2/mosaic_delta_phase1/rtl/xorflow_decoder_pipelined.sv:20$108 ($add).
Removed top 6 bits (of 14) from port A of cell xorflow_decoder_bank_pipelined.$flatten\lanes[30].decoder.$add$/home/rishabh/HPCA2/mosaic_delta_phase1/rtl/xorflow_decoder_pipelined.sv:20$106 ($add).
Removed top 6 bits (of 14) from port B of cell xorflow_decoder_bank_pipelined.$flatten\lanes[30].decoder.$add$/home/rishabh/HPCA2/mosaic_delta_phase1/rtl/xorflow_decoder_pipelined.sv:20$106 ($add).
Removed top 5 bits (of 14) from port Y of cell xorflow_decoder_bank_pipelined.$flatten\lanes[30].decoder.$add$/home/rishabh/HPCA2/mosaic_delta_phase1/rtl/xorflow_decoder_pipelined.sv:20$106 ($add).
Removed top 6 bits (of 14) from port B of cell xorflow_decoder_bank_pipelined.$flatten\lanes[30].decoder.$add$/home/rishabh/HPCA2/mosaic_delta_phase1/rtl/xorflow_decoder_pipelined.sv:21$105 ($add).
Removed top 6 bits (of 14) from port A of cell xorflow_decoder_bank_pipelined.$flatten\lanes[30].decoder.$add$/home/rishabh/HPCA2/mosaic_delta_phase1/rtl/xorflow_decoder_pipelined.sv:20$104 ($add).
Removed top 6 bits (of 14) from port B of cell xorflow_decoder_bank_pipelined.$flatten\lanes[30].decoder.$add$/home/rishabh/HPCA2/mosaic_delta_phase1/rtl/xorflow_decoder_pipelined.sv:20$104 ($add).
Removed top 5 bits (of 14) from port Y of cell xorflow_decoder_bank_pipelined.$flatten\lanes[30].decoder.$add$/home/rishabh/HPCA2/mosaic_delta_phase1/rtl/xorflow_decoder_pipelined.sv:20$104 ($add).
Removed top 6 bits (of 14) from port A of cell xorflow_decoder_bank_pipelined.$flatten\lanes[30].decoder.$add$/home/rishabh/HPCA2/mosaic_delta_phase1/rtl/xorflow_decoder_pipelined.sv:20$103 ($add).
Removed top 6 bits (of 14) from port B of cell xorflow_decoder_bank_pipelined.$flatten\lanes[30].decoder.$add$/home/rishabh/HPCA2/mosaic_delta_phase1/rtl/xorflow_decoder_pipelined.sv:20$103 ($add).
Removed top 5 bits (of 14) from port Y of cell xorflow_decoder_bank_pipelined.$flatten\lanes[30].decoder.$add$/home/rishabh/HPCA2/mosaic_delta_phase1/rtl/xorflow_decoder_pipelined.sv:20$103 ($add).
Removed top 29 bits (of 32) from port A of cell xorflow_decoder_bank_pipelined.$flatten\lanes[30].decoder.$lt$/home/rishabh/HPCA2/mosaic_delta_phase1/rtl/xorflow_decoder_pipelined.sv:33$99 ($lt).
Removed top 29 bits (of 32) from port A of cell xorflow_decoder_bank_pipelined.$flatten\lanes[30].decoder.$lt$/home/rishabh/HPCA2/mosaic_delta_phase1/rtl/xorflow_decoder_pipelined.sv:33$87 ($lt).
Removed top 29 bits (of 32) from port A of cell xorflow_decoder_bank_pipelined.$flatten\lanes[30].decoder.$lt$/home/rishabh/HPCA2/mosaic_delta_phase1/rtl/xorflow_decoder_pipelined.sv:33$75 ($lt).
Removed top 29 bits (of 32) from port A of cell xorflow_decoder_bank_pipelined.$flatten\lanes[30].decoder.$lt$/home/rishabh/HPCA2/mosaic_delta_phase1/rtl/xorflow_decoder_pipelined.sv:33$63 ($lt).
Removed top 30 bits (of 32) from port A of cell xorflow_decoder_bank_pipelined.$flatten\lanes[30].decoder.$lt$/home/rishabh/HPCA2/mosaic_delta_phase1/rtl/xorflow_decoder_pipelined.sv:33$48 ($lt).
Removed top 5 bits (of 14) from FF cell xorflow_decoder_bank_pipelined.$flatten\lanes[30].decoder.$procdff$177 ($dff).
Removed top 30 bits (of 32) from port A of cell xorflow_decoder_bank_pipelined.$flatten\lanes[30].decoder.$lt$/home/rishabh/HPCA2/mosaic_delta_phase1/rtl/xorflow_decoder_pipelined.sv:33$36 ($lt).
Removed top 31 bits (of 32) from port A of cell xorflow_decoder_bank_pipelined.$flatten\lanes[30].decoder.$lt$/home/rishabh/HPCA2/mosaic_delta_phase1/rtl/xorflow_decoder_pipelined.sv:33$24 ($lt).
Removed top 5 bits (of 14) from port B of cell xorflow_decoder_bank_pipelined.$flatten\lanes[30].decoder.$add$/home/rishabh/HPCA2/mosaic_delta_phase1/rtl/xorflow_decoder_pipelined.sv:31$21 ($add).
Removed top 1 bits (of 2) from port B of cell xorflow_decoder_bank_pipelined.$flatten\lanes[30].decoder.$eq$/home/rishabh/HPCA2/mosaic_delta_phase1/rtl/xorflow_decoder_pipelined.sv:30$18 ($eq).
Removed top 31 bits (of 32) from port A of cell xorflow_decoder_bank_pipelined.$flatten\lanes[30].decoder.$lt$/home/rishabh/HPCA2/mosaic_delta_phase1/rtl/xorflow_decoder_pipelined.sv:33$12 ($lt).
Removed top 6 bits (of 14) from port B of cell xorflow_decoder_bank_pipelined.$flatten\lanes[30].decoder.$add$/home/rishabh/HPCA2/mosaic_delta_phase1/rtl/xorflow_decoder_pipelined.sv:31$9 ($add).
Removed top 6 bits (of 14) from port A of cell xorflow_decoder_bank_pipelined.$flatten\lanes[31].decoder.$add$/home/rishabh/HPCA2/mosaic_delta_phase1/rtl/xorflow_decoder_pipelined.sv:20$117 ($add).
Removed top 6 bits (of 14) from port B of cell xorflow_decoder_bank_pipelined.$flatten\lanes[31].decoder.$add$/home/rishabh/HPCA2/mosaic_delta_phase1/rtl/xorflow_decoder_pipelined.sv:20$117 ($add).
Removed top 5 bits (of 14) from port Y of cell xorflow_decoder_bank_pipelined.$flatten\lanes[31].decoder.$add$/home/rishabh/HPCA2/mosaic_delta_phase1/rtl/xorflow_decoder_pipelined.sv:20$117 ($add).
Removed top 6 bits (of 14) from port A of cell xorflow_decoder_bank_pipelined.$flatten\lanes[31].decoder.$add$/home/rishabh/HPCA2/mosaic_delta_phase1/rtl/xorflow_decoder_pipelined.sv:20$114 ($add).
Removed top 6 bits (of 14) from port B of cell xorflow_decoder_bank_pipelined.$flatten\lanes[31].decoder.$add$/home/rishabh/HPCA2/mosaic_delta_phase1/rtl/xorflow_decoder_pipelined.sv:20$114 ($add).
Removed top 5 bits (of 14) from port Y of cell xorflow_decoder_bank_pipelined.$flatten\lanes[31].decoder.$add$/home/rishabh/HPCA2/mosaic_delta_phase1/rtl/xorflow_decoder_pipelined.sv:20$114 ($add).
Removed top 6 bits (of 14) from port A of cell xorflow_decoder_bank_pipelined.$flatten\lanes[31].decoder.$add$/home/rishabh/HPCA2/mosaic_delta_phase1/rtl/xorflow_decoder_pipelined.sv:20$111 ($add).
Removed top 6 bits (of 14) from port B of cell xorflow_decoder_bank_pipelined.$flatten\lanes[31].decoder.$add$/home/rishabh/HPCA2/mosaic_delta_phase1/rtl/xorflow_decoder_pipelined.sv:20$111 ($add).
Removed top 5 bits (of 14) from port Y of cell xorflow_decoder_bank_pipelined.$flatten\lanes[31].decoder.$add$/home/rishabh/HPCA2/mosaic_delta_phase1/rtl/xorflow_decoder_pipelined.sv:20$111 ($add).
Removed top 6 bits (of 14) from port B of cell xorflow_decoder_bank_pipelined.$flatten\lanes[31].decoder.$add$/home/rishabh/HPCA2/mosaic_delta_phase1/rtl/xorflow_decoder_pipelined.sv:22$110 ($add).
Removed top 6 bits (of 14) from port A of cell xorflow_decoder_bank_pipelined.$flatten\lanes[31].decoder.$add$/home/rishabh/HPCA2/mosaic_delta_phase1/rtl/xorflow_decoder_pipelined.sv:20$108 ($add).
Removed top 6 bits (of 14) from port B of cell xorflow_decoder_bank_pipelined.$flatten\lanes[31].decoder.$add$/home/rishabh/HPCA2/mosaic_delta_phase1/rtl/xorflow_decoder_pipelined.sv:20$108 ($add).
Removed top 5 bits (of 14) from port Y of cell xorflow_decoder_bank_pipelined.$flatten\lanes[31].decoder.$add$/home/rishabh/HPCA2/mosaic_delta_phase1/rtl/xorflow_decoder_pipelined.sv:20$108 ($add).
Removed top 6 bits (of 14) from port A of cell xorflow_decoder_bank_pipelined.$flatten\lanes[31].decoder.$add$/home/rishabh/HPCA2/mosaic_delta_phase1/rtl/xorflow_decoder_pipelined.sv:20$106 ($add).
Removed top 6 bits (of 14) from port B of cell xorflow_decoder_bank_pipelined.$flatten\lanes[31].decoder.$add$/home/rishabh/HPCA2/mosaic_delta_phase1/rtl/xorflow_decoder_pipelined.sv:20$106 ($add).
Removed top 5 bits (of 14) from port Y of cell xorflow_decoder_bank_pipelined.$flatten\lanes[31].decoder.$add$/home/rishabh/HPCA2/mosaic_delta_phase1/rtl/xorflow_decoder_pipelined.sv:20$106 ($add).
Removed top 6 bits (of 14) from port B of cell xorflow_decoder_bank_pipelined.$flatten\lanes[31].decoder.$add$/home/rishabh/HPCA2/mosaic_delta_phase1/rtl/xorflow_decoder_pipelined.sv:21$105 ($add).
Removed top 6 bits (of 14) from port A of cell xorflow_decoder_bank_pipelined.$flatten\lanes[31].decoder.$add$/home/rishabh/HPCA2/mosaic_delta_phase1/rtl/xorflow_decoder_pipelined.sv:20$104 ($add).
Removed top 6 bits (of 14) from port B of cell xorflow_decoder_bank_pipelined.$flatten\lanes[31].decoder.$add$/home/rishabh/HPCA2/mosaic_delta_phase1/rtl/xorflow_decoder_pipelined.sv:20$104 ($add).
Removed top 5 bits (of 14) from port Y of cell xorflow_decoder_bank_pipelined.$flatten\lanes[31].decoder.$add$/home/rishabh/HPCA2/mosaic_delta_phase1/rtl/xorflow_decoder_pipelined.sv:20$104 ($add).
Removed top 6 bits (of 14) from port A of cell xorflow_decoder_bank_pipelined.$flatten\lanes[31].decoder.$add$/home/rishabh/HPCA2/mosaic_delta_phase1/rtl/xorflow_decoder_pipelined.sv:20$103 ($add).
Removed top 6 bits (of 14) from port B of cell xorflow_decoder_bank_pipelined.$flatten\lanes[31].decoder.$add$/home/rishabh/HPCA2/mosaic_delta_phase1/rtl/xorflow_decoder_pipelined.sv:20$103 ($add).
Removed top 5 bits (of 14) from port Y of cell xorflow_decoder_bank_pipelined.$flatten\lanes[31].decoder.$add$/home/rishabh/HPCA2/mosaic_delta_phase1/rtl/xorflow_decoder_pipelined.sv:20$103 ($add).
Removed top 29 bits (of 32) from port A of cell xorflow_decoder_bank_pipelined.$flatten\lanes[31].decoder.$lt$/home/rishabh/HPCA2/mosaic_delta_phase1/rtl/xorflow_decoder_pipelined.sv:33$99 ($lt).
Removed top 29 bits (of 32) from port A of cell xorflow_decoder_bank_pipelined.$flatten\lanes[31].decoder.$lt$/home/rishabh/HPCA2/mosaic_delta_phase1/rtl/xorflow_decoder_pipelined.sv:33$87 ($lt).
Removed top 29 bits (of 32) from port A of cell xorflow_decoder_bank_pipelined.$flatten\lanes[31].decoder.$lt$/home/rishabh/HPCA2/mosaic_delta_phase1/rtl/xorflow_decoder_pipelined.sv:33$75 ($lt).
Removed top 29 bits (of 32) from port A of cell xorflow_decoder_bank_pipelined.$flatten\lanes[31].decoder.$lt$/home/rishabh/HPCA2/mosaic_delta_phase1/rtl/xorflow_decoder_pipelined.sv:33$63 ($lt).
Removed top 30 bits (of 32) from port A of cell xorflow_decoder_bank_pipelined.$flatten\lanes[31].decoder.$lt$/home/rishabh/HPCA2/mosaic_delta_phase1/rtl/xorflow_decoder_pipelined.sv:33$48 ($lt).
Removed top 5 bits (of 14) from FF cell xorflow_decoder_bank_pipelined.$flatten\lanes[31].decoder.$procdff$177 ($dff).
Removed top 30 bits (of 32) from port A of cell xorflow_decoder_bank_pipelined.$flatten\lanes[31].decoder.$lt$/home/rishabh/HPCA2/mosaic_delta_phase1/rtl/xorflow_decoder_pipelined.sv:33$36 ($lt).
Removed top 31 bits (of 32) from port A of cell xorflow_decoder_bank_pipelined.$flatten\lanes[31].decoder.$lt$/home/rishabh/HPCA2/mosaic_delta_phase1/rtl/xorflow_decoder_pipelined.sv:33$24 ($lt).
Removed top 5 bits (of 14) from port B of cell xorflow_decoder_bank_pipelined.$flatten\lanes[31].decoder.$add$/home/rishabh/HPCA2/mosaic_delta_phase1/rtl/xorflow_decoder_pipelined.sv:31$21 ($add).
Removed top 1 bits (of 2) from port B of cell xorflow_decoder_bank_pipelined.$flatten\lanes[31].decoder.$eq$/home/rishabh/HPCA2/mosaic_delta_phase1/rtl/xorflow_decoder_pipelined.sv:30$18 ($eq).
Removed top 31 bits (of 32) from port A of cell xorflow_decoder_bank_pipelined.$flatten\lanes[31].decoder.$lt$/home/rishabh/HPCA2/mosaic_delta_phase1/rtl/xorflow_decoder_pipelined.sv:33$12 ($lt).
Removed top 6 bits (of 14) from port B of cell xorflow_decoder_bank_pipelined.$flatten\lanes[31].decoder.$add$/home/rishabh/HPCA2/mosaic_delta_phase1/rtl/xorflow_decoder_pipelined.sv:31$9 ($add).
Removed top 5 bits (of 14) from port B of cell xorflow_decoder_bank_pipelined.$flatten\lanes[0].decoder.$add$/home/rishabh/HPCA2/mosaic_delta_phase1/rtl/xorflow_decoder_pipelined.sv:22$113 ($add).
Removed top 5 bits (of 14) from port A of cell xorflow_decoder_bank_pipelined.$flatten\lanes[0].decoder.$add$/home/rishabh/HPCA2/mosaic_delta_phase1/rtl/xorflow_decoder_pipelined.sv:21$107 ($add).
Removed top 5 bits (of 14) from port B of cell xorflow_decoder_bank_pipelined.$flatten\lanes[0].decoder.$add$/home/rishabh/HPCA2/mosaic_delta_phase1/rtl/xorflow_decoder_pipelined.sv:21$107 ($add).
Removed top 4 bits (of 14) from port Y of cell xorflow_decoder_bank_pipelined.$flatten\lanes[0].decoder.$add$/home/rishabh/HPCA2/mosaic_delta_phase1/rtl/xorflow_decoder_pipelined.sv:21$107 ($add).
Removed top 5 bits (of 14) from port B of cell xorflow_decoder_bank_pipelined.$flatten\lanes[1].decoder.$add$/home/rishabh/HPCA2/mosaic_delta_phase1/rtl/xorflow_decoder_pipelined.sv:22$113 ($add).
Removed top 5 bits (of 14) from port A of cell xorflow_decoder_bank_pipelined.$flatten\lanes[1].decoder.$add$/home/rishabh/HPCA2/mosaic_delta_phase1/rtl/xorflow_decoder_pipelined.sv:21$107 ($add).
Removed top 5 bits (of 14) from port B of cell xorflow_decoder_bank_pipelined.$flatten\lanes[1].decoder.$add$/home/rishabh/HPCA2/mosaic_delta_phase1/rtl/xorflow_decoder_pipelined.sv:21$107 ($add).
Removed top 4 bits (of 14) from port Y of cell xorflow_decoder_bank_pipelined.$flatten\lanes[1].decoder.$add$/home/rishabh/HPCA2/mosaic_delta_phase1/rtl/xorflow_decoder_pipelined.sv:21$107 ($add).
Removed top 5 bits (of 14) from port B of cell xorflow_decoder_bank_pipelined.$flatten\lanes[2].decoder.$add$/home/rishabh/HPCA2/mosaic_delta_phase1/rtl/xorflow_decoder_pipelined.sv:22$113 ($add).
Removed top 5 bits (of 14) from port A of cell xorflow_decoder_bank_pipelined.$flatten\lanes[2].decoder.$add$/home/rishabh/HPCA2/mosaic_delta_phase1/rtl/xorflow_decoder_pipelined.sv:21$107 ($add).
Removed top 5 bits (of 14) from port B of cell xorflow_decoder_bank_pipelined.$flatten\lanes[2].decoder.$add$/home/rishabh/HPCA2/mosaic_delta_phase1/rtl/xorflow_decoder_pipelined.sv:21$107 ($add).
Removed top 4 bits (of 14) from port Y of cell xorflow_decoder_bank_pipelined.$flatten\lanes[2].decoder.$add$/home/rishabh/HPCA2/mosaic_delta_phase1/rtl/xorflow_decoder_pipelined.sv:21$107 ($add).
Removed top 5 bits (of 14) from port B of cell xorflow_decoder_bank_pipelined.$flatten\lanes[3].decoder.$add$/home/rishabh/HPCA2/mosaic_delta_phase1/rtl/xorflow_decoder_pipelined.sv:22$113 ($add).
Removed top 5 bits (of 14) from port A of cell xorflow_decoder_bank_pipelined.$flatten\lanes[3].decoder.$add$/home/rishabh/HPCA2/mosaic_delta_phase1/rtl/xorflow_decoder_pipelined.sv:21$107 ($add).
Removed top 5 bits (of 14) from port B of cell xorflow_decoder_bank_pipelined.$flatten\lanes[3].decoder.$add$/home/rishabh/HPCA2/mosaic_delta_phase1/rtl/xorflow_decoder_pipelined.sv:21$107 ($add).
Removed top 4 bits (of 14) from port Y of cell xorflow_decoder_bank_pipelined.$flatten\lanes[3].decoder.$add$/home/rishabh/HPCA2/mosaic_delta_phase1/rtl/xorflow_decoder_pipelined.sv:21$107 ($add).
Removed top 5 bits (of 14) from port B of cell xorflow_decoder_bank_pipelined.$flatten\lanes[4].decoder.$add$/home/rishabh/HPCA2/mosaic_delta_phase1/rtl/xorflow_decoder_pipelined.sv:22$113 ($add).
Removed top 5 bits (of 14) from port A of cell xorflow_decoder_bank_pipelined.$flatten\lanes[4].decoder.$add$/home/rishabh/HPCA2/mosaic_delta_phase1/rtl/xorflow_decoder_pipelined.sv:21$107 ($add).
Removed top 5 bits (of 14) from port B of cell xorflow_decoder_bank_pipelined.$flatten\lanes[4].decoder.$add$/home/rishabh/HPCA2/mosaic_delta_phase1/rtl/xorflow_decoder_pipelined.sv:21$107 ($add).
Removed top 4 bits (of 14) from port Y of cell xorflow_decoder_bank_pipelined.$flatten\lanes[4].decoder.$add$/home/rishabh/HPCA2/mosaic_delta_phase1/rtl/xorflow_decoder_pipelined.sv:21$107 ($add).
Removed top 5 bits (of 14) from port B of cell xorflow_decoder_bank_pipelined.$flatten\lanes[5].decoder.$add$/home/rishabh/HPCA2/mosaic_delta_phase1/rtl/xorflow_decoder_pipelined.sv:22$113 ($add).
Removed top 5 bits (of 14) from port A of cell xorflow_decoder_bank_pipelined.$flatten\lanes[5].decoder.$add$/home/rishabh/HPCA2/mosaic_delta_phase1/rtl/xorflow_decoder_pipelined.sv:21$107 ($add).
Removed top 5 bits (of 14) from port B of cell xorflow_decoder_bank_pipelined.$flatten\lanes[5].decoder.$add$/home/rishabh/HPCA2/mosaic_delta_phase1/rtl/xorflow_decoder_pipelined.sv:21$107 ($add).
Removed top 4 bits (of 14) from port Y of cell xorflow_decoder_bank_pipelined.$flatten\lanes[5].decoder.$add$/home/rishabh/HPCA2/mosaic_delta_phase1/rtl/xorflow_decoder_pipelined.sv:21$107 ($add).
Removed top 5 bits (of 14) from port B of cell xorflow_decoder_bank_pipelined.$flatten\lanes[6].decoder.$add$/home/rishabh/HPCA2/mosaic_delta_phase1/rtl/xorflow_decoder_pipelined.sv:22$113 ($add).
Removed top 5 bits (of 14) from port A of cell xorflow_decoder_bank_pipelined.$flatten\lanes[6].decoder.$add$/home/rishabh/HPCA2/mosaic_delta_phase1/rtl/xorflow_decoder_pipelined.sv:21$107 ($add).
Removed top 5 bits (of 14) from port B of cell xorflow_decoder_bank_pipelined.$flatten\lanes[6].decoder.$add$/home/rishabh/HPCA2/mosaic_delta_phase1/rtl/xorflow_decoder_pipelined.sv:21$107 ($add).
Removed top 4 bits (of 14) from port Y of cell xorflow_decoder_bank_pipelined.$flatten\lanes[6].decoder.$add$/home/rishabh/HPCA2/mosaic_delta_phase1/rtl/xorflow_decoder_pipelined.sv:21$107 ($add).
Removed top 5 bits (of 14) from port B of cell xorflow_decoder_bank_pipelined.$flatten\lanes[7].decoder.$add$/home/rishabh/HPCA2/mosaic_delta_phase1/rtl/xorflow_decoder_pipelined.sv:22$113 ($add).
Removed top 5 bits (of 14) from port A of cell xorflow_decoder_bank_pipelined.$flatten\lanes[7].decoder.$add$/home/rishabh/HPCA2/mosaic_delta_phase1/rtl/xorflow_decoder_pipelined.sv:21$107 ($add).
Removed top 5 bits (of 14) from port B of cell xorflow_decoder_bank_pipelined.$flatten\lanes[7].decoder.$add$/home/rishabh/HPCA2/mosaic_delta_phase1/rtl/xorflow_decoder_pipelined.sv:21$107 ($add).
Removed top 4 bits (of 14) from port Y of cell xorflow_decoder_bank_pipelined.$flatten\lanes[7].decoder.$add$/home/rishabh/HPCA2/mosaic_delta_phase1/rtl/xorflow_decoder_pipelined.sv:21$107 ($add).
Removed top 5 bits (of 14) from port B of cell xorflow_decoder_bank_pipelined.$flatten\lanes[8].decoder.$add$/home/rishabh/HPCA2/mosaic_delta_phase1/rtl/xorflow_decoder_pipelined.sv:22$113 ($add).
Removed top 5 bits (of 14) from port A of cell xorflow_decoder_bank_pipelined.$flatten\lanes[8].decoder.$add$/home/rishabh/HPCA2/mosaic_delta_phase1/rtl/xorflow_decoder_pipelined.sv:21$107 ($add).
Removed top 5 bits (of 14) from port B of cell xorflow_decoder_bank_pipelined.$flatten\lanes[8].decoder.$add$/home/rishabh/HPCA2/mosaic_delta_phase1/rtl/xorflow_decoder_pipelined.sv:21$107 ($add).
Removed top 4 bits (of 14) from port Y of cell xorflow_decoder_bank_pipelined.$flatten\lanes[8].decoder.$add$/home/rishabh/HPCA2/mosaic_delta_phase1/rtl/xorflow_decoder_pipelined.sv:21$107 ($add).
Removed top 5 bits (of 14) from port B of cell xorflow_decoder_bank_pipelined.$flatten\lanes[9].decoder.$add$/home/rishabh/HPCA2/mosaic_delta_phase1/rtl/xorflow_decoder_pipelined.sv:22$113 ($add).
Removed top 5 bits (of 14) from port A of cell xorflow_decoder_bank_pipelined.$flatten\lanes[9].decoder.$add$/home/rishabh/HPCA2/mosaic_delta_phase1/rtl/xorflow_decoder_pipelined.sv:21$107 ($add).
Removed top 5 bits (of 14) from port B of cell xorflow_decoder_bank_pipelined.$flatten\lanes[9].decoder.$add$/home/rishabh/HPCA2/mosaic_delta_phase1/rtl/xorflow_decoder_pipelined.sv:21$107 ($add).
Removed top 4 bits (of 14) from port Y of cell xorflow_decoder_bank_pipelined.$flatten\lanes[9].decoder.$add$/home/rishabh/HPCA2/mosaic_delta_phase1/rtl/xorflow_decoder_pipelined.sv:21$107 ($add).
Removed top 5 bits (of 14) from port B of cell xorflow_decoder_bank_pipelined.$flatten\lanes[10].decoder.$add$/home/rishabh/HPCA2/mosaic_delta_phase1/rtl/xorflow_decoder_pipelined.sv:22$113 ($add).
Removed top 5 bits (of 14) from port A of cell xorflow_decoder_bank_pipelined.$flatten\lanes[10].decoder.$add$/home/rishabh/HPCA2/mosaic_delta_phase1/rtl/xorflow_decoder_pipelined.sv:21$107 ($add).
Removed top 5 bits (of 14) from port B of cell xorflow_decoder_bank_pipelined.$flatten\lanes[10].decoder.$add$/home/rishabh/HPCA2/mosaic_delta_phase1/rtl/xorflow_decoder_pipelined.sv:21$107 ($add).
Removed top 4 bits (of 14) from port Y of cell xorflow_decoder_bank_pipelined.$flatten\lanes[10].decoder.$add$/home/rishabh/HPCA2/mosaic_delta_phase1/rtl/xorflow_decoder_pipelined.sv:21$107 ($add).
Removed top 5 bits (of 14) from port B of cell xorflow_decoder_bank_pipelined.$flatten\lanes[11].decoder.$add$/home/rishabh/HPCA2/mosaic_delta_phase1/rtl/xorflow_decoder_pipelined.sv:22$113 ($add).
Removed top 5 bits (of 14) from port A of cell xorflow_decoder_bank_pipelined.$flatten\lanes[11].decoder.$add$/home/rishabh/HPCA2/mosaic_delta_phase1/rtl/xorflow_decoder_pipelined.sv:21$107 ($add).
Removed top 5 bits (of 14) from port B of cell xorflow_decoder_bank_pipelined.$flatten\lanes[11].decoder.$add$/home/rishabh/HPCA2/mosaic_delta_phase1/rtl/xorflow_decoder_pipelined.sv:21$107 ($add).
Removed top 4 bits (of 14) from port Y of cell xorflow_decoder_bank_pipelined.$flatten\lanes[11].decoder.$add$/home/rishabh/HPCA2/mosaic_delta_phase1/rtl/xorflow_decoder_pipelined.sv:21$107 ($add).
Removed top 5 bits (of 14) from port B of cell xorflow_decoder_bank_pipelined.$flatten\lanes[12].decoder.$add$/home/rishabh/HPCA2/mosaic_delta_phase1/rtl/xorflow_decoder_pipelined.sv:22$113 ($add).
Removed top 5 bits (of 14) from port A of cell xorflow_decoder_bank_pipelined.$flatten\lanes[12].decoder.$add$/home/rishabh/HPCA2/mosaic_delta_phase1/rtl/xorflow_decoder_pipelined.sv:21$107 ($add).
Removed top 5 bits (of 14) from port B of cell xorflow_decoder_bank_pipelined.$flatten\lanes[12].decoder.$add$/home/rishabh/HPCA2/mosaic_delta_phase1/rtl/xorflow_decoder_pipelined.sv:21$107 ($add).
Removed top 4 bits (of 14) from port Y of cell xorflow_decoder_bank_pipelined.$flatten\lanes[12].decoder.$add$/home/rishabh/HPCA2/mosaic_delta_phase1/rtl/xorflow_decoder_pipelined.sv:21$107 ($add).
Removed top 5 bits (of 14) from port B of cell xorflow_decoder_bank_pipelined.$flatten\lanes[13].decoder.$add$/home/rishabh/HPCA2/mosaic_delta_phase1/rtl/xorflow_decoder_pipelined.sv:22$113 ($add).
Removed top 5 bits (of 14) from port A of cell xorflow_decoder_bank_pipelined.$flatten\lanes[13].decoder.$add$/home/rishabh/HPCA2/mosaic_delta_phase1/rtl/xorflow_decoder_pipelined.sv:21$107 ($add).
Removed top 5 bits (of 14) from port B of cell xorflow_decoder_bank_pipelined.$flatten\lanes[13].decoder.$add$/home/rishabh/HPCA2/mosaic_delta_phase1/rtl/xorflow_decoder_pipelined.sv:21$107 ($add).
Removed top 4 bits (of 14) from port Y of cell xorflow_decoder_bank_pipelined.$flatten\lanes[13].decoder.$add$/home/rishabh/HPCA2/mosaic_delta_phase1/rtl/xorflow_decoder_pipelined.sv:21$107 ($add).
Removed top 5 bits (of 14) from port B of cell xorflow_decoder_bank_pipelined.$flatten\lanes[14].decoder.$add$/home/rishabh/HPCA2/mosaic_delta_phase1/rtl/xorflow_decoder_pipelined.sv:22$113 ($add).
Removed top 5 bits (of 14) from port A of cell xorflow_decoder_bank_pipelined.$flatten\lanes[14].decoder.$add$/home/rishabh/HPCA2/mosaic_delta_phase1/rtl/xorflow_decoder_pipelined.sv:21$107 ($add).
Removed top 5 bits (of 14) from port B of cell xorflow_decoder_bank_pipelined.$flatten\lanes[14].decoder.$add$/home/rishabh/HPCA2/mosaic_delta_phase1/rtl/xorflow_decoder_pipelined.sv:21$107 ($add).
Removed top 4 bits (of 14) from port Y of cell xorflow_decoder_bank_pipelined.$flatten\lanes[14].decoder.$add$/home/rishabh/HPCA2/mosaic_delta_phase1/rtl/xorflow_decoder_pipelined.sv:21$107 ($add).
Removed top 5 bits (of 14) from port B of cell xorflow_decoder_bank_pipelined.$flatten\lanes[15].decoder.$add$/home/rishabh/HPCA2/mosaic_delta_phase1/rtl/xorflow_decoder_pipelined.sv:22$113 ($add).
Removed top 5 bits (of 14) from port A of cell xorflow_decoder_bank_pipelined.$flatten\lanes[15].decoder.$add$/home/rishabh/HPCA2/mosaic_delta_phase1/rtl/xorflow_decoder_pipelined.sv:21$107 ($add).
Removed top 5 bits (of 14) from port B of cell xorflow_decoder_bank_pipelined.$flatten\lanes[15].decoder.$add$/home/rishabh/HPCA2/mosaic_delta_phase1/rtl/xorflow_decoder_pipelined.sv:21$107 ($add).
Removed top 4 bits (of 14) from port Y of cell xorflow_decoder_bank_pipelined.$flatten\lanes[15].decoder.$add$/home/rishabh/HPCA2/mosaic_delta_phase1/rtl/xorflow_decoder_pipelined.sv:21$107 ($add).
Removed top 5 bits (of 14) from port B of cell xorflow_decoder_bank_pipelined.$flatten\lanes[16].decoder.$add$/home/rishabh/HPCA2/mosaic_delta_phase1/rtl/xorflow_decoder_pipelined.sv:22$113 ($add).
Removed top 5 bits (of 14) from port A of cell xorflow_decoder_bank_pipelined.$flatten\lanes[16].decoder.$add$/home/rishabh/HPCA2/mosaic_delta_phase1/rtl/xorflow_decoder_pipelined.sv:21$107 ($add).
Removed top 5 bits (of 14) from port B of cell xorflow_decoder_bank_pipelined.$flatten\lanes[16].decoder.$add$/home/rishabh/HPCA2/mosaic_delta_phase1/rtl/xorflow_decoder_pipelined.sv:21$107 ($add).
Removed top 4 bits (of 14) from port Y of cell xorflow_decoder_bank_pipelined.$flatten\lanes[16].decoder.$add$/home/rishabh/HPCA2/mosaic_delta_phase1/rtl/xorflow_decoder_pipelined.sv:21$107 ($add).
Removed top 5 bits (of 14) from port B of cell xorflow_decoder_bank_pipelined.$flatten\lanes[17].decoder.$add$/home/rishabh/HPCA2/mosaic_delta_phase1/rtl/xorflow_decoder_pipelined.sv:22$113 ($add).
Removed top 5 bits (of 14) from port A of cell xorflow_decoder_bank_pipelined.$flatten\lanes[17].decoder.$add$/home/rishabh/HPCA2/mosaic_delta_phase1/rtl/xorflow_decoder_pipelined.sv:21$107 ($add).
Removed top 5 bits (of 14) from port B of cell xorflow_decoder_bank_pipelined.$flatten\lanes[17].decoder.$add$/home/rishabh/HPCA2/mosaic_delta_phase1/rtl/xorflow_decoder_pipelined.sv:21$107 ($add).
Removed top 4 bits (of 14) from port Y of cell xorflow_decoder_bank_pipelined.$flatten\lanes[17].decoder.$add$/home/rishabh/HPCA2/mosaic_delta_phase1/rtl/xorflow_decoder_pipelined.sv:21$107 ($add).
Removed top 5 bits (of 14) from port B of cell xorflow_decoder_bank_pipelined.$flatten\lanes[18].decoder.$add$/home/rishabh/HPCA2/mosaic_delta_phase1/rtl/xorflow_decoder_pipelined.sv:22$113 ($add).
Removed top 5 bits (of 14) from port A of cell xorflow_decoder_bank_pipelined.$flatten\lanes[18].decoder.$add$/home/rishabh/HPCA2/mosaic_delta_phase1/rtl/xorflow_decoder_pipelined.sv:21$107 ($add).
Removed top 5 bits (of 14) from port B of cell xorflow_decoder_bank_pipelined.$flatten\lanes[18].decoder.$add$/home/rishabh/HPCA2/mosaic_delta_phase1/rtl/xorflow_decoder_pipelined.sv:21$107 ($add).
Removed top 4 bits (of 14) from port Y of cell xorflow_decoder_bank_pipelined.$flatten\lanes[18].decoder.$add$/home/rishabh/HPCA2/mosaic_delta_phase1/rtl/xorflow_decoder_pipelined.sv:21$107 ($add).
Removed top 5 bits (of 14) from port B of cell xorflow_decoder_bank_pipelined.$flatten\lanes[19].decoder.$add$/home/rishabh/HPCA2/mosaic_delta_phase1/rtl/xorflow_decoder_pipelined.sv:22$113 ($add).
Removed top 5 bits (of 14) from port A of cell xorflow_decoder_bank_pipelined.$flatten\lanes[19].decoder.$add$/home/rishabh/HPCA2/mosaic_delta_phase1/rtl/xorflow_decoder_pipelined.sv:21$107 ($add).
Removed top 5 bits (of 14) from port B of cell xorflow_decoder_bank_pipelined.$flatten\lanes[19].decoder.$add$/home/rishabh/HPCA2/mosaic_delta_phase1/rtl/xorflow_decoder_pipelined.sv:21$107 ($add).
Removed top 4 bits (of 14) from port Y of cell xorflow_decoder_bank_pipelined.$flatten\lanes[19].decoder.$add$/home/rishabh/HPCA2/mosaic_delta_phase1/rtl/xorflow_decoder_pipelined.sv:21$107 ($add).
Removed top 5 bits (of 14) from port B of cell xorflow_decoder_bank_pipelined.$flatten\lanes[20].decoder.$add$/home/rishabh/HPCA2/mosaic_delta_phase1/rtl/xorflow_decoder_pipelined.sv:22$113 ($add).
Removed top 5 bits (of 14) from port A of cell xorflow_decoder_bank_pipelined.$flatten\lanes[20].decoder.$add$/home/rishabh/HPCA2/mosaic_delta_phase1/rtl/xorflow_decoder_pipelined.sv:21$107 ($add).
Removed top 5 bits (of 14) from port B of cell xorflow_decoder_bank_pipelined.$flatten\lanes[20].decoder.$add$/home/rishabh/HPCA2/mosaic_delta_phase1/rtl/xorflow_decoder_pipelined.sv:21$107 ($add).
Removed top 4 bits (of 14) from port Y of cell xorflow_decoder_bank_pipelined.$flatten\lanes[20].decoder.$add$/home/rishabh/HPCA2/mosaic_delta_phase1/rtl/xorflow_decoder_pipelined.sv:21$107 ($add).
Removed top 5 bits (of 14) from port B of cell xorflow_decoder_bank_pipelined.$flatten\lanes[21].decoder.$add$/home/rishabh/HPCA2/mosaic_delta_phase1/rtl/xorflow_decoder_pipelined.sv:22$113 ($add).
Removed top 5 bits (of 14) from port A of cell xorflow_decoder_bank_pipelined.$flatten\lanes[21].decoder.$add$/home/rishabh/HPCA2/mosaic_delta_phase1/rtl/xorflow_decoder_pipelined.sv:21$107 ($add).
Removed top 5 bits (of 14) from port B of cell xorflow_decoder_bank_pipelined.$flatten\lanes[21].decoder.$add$/home/rishabh/HPCA2/mosaic_delta_phase1/rtl/xorflow_decoder_pipelined.sv:21$107 ($add).
Removed top 4 bits (of 14) from port Y of cell xorflow_decoder_bank_pipelined.$flatten\lanes[21].decoder.$add$/home/rishabh/HPCA2/mosaic_delta_phase1/rtl/xorflow_decoder_pipelined.sv:21$107 ($add).
Removed top 5 bits (of 14) from port B of cell xorflow_decoder_bank_pipelined.$flatten\lanes[22].decoder.$add$/home/rishabh/HPCA2/mosaic_delta_phase1/rtl/xorflow_decoder_pipelined.sv:22$113 ($add).
Removed top 5 bits (of 14) from port A of cell xorflow_decoder_bank_pipelined.$flatten\lanes[22].decoder.$add$/home/rishabh/HPCA2/mosaic_delta_phase1/rtl/xorflow_decoder_pipelined.sv:21$107 ($add).
Removed top 5 bits (of 14) from port B of cell xorflow_decoder_bank_pipelined.$flatten\lanes[22].decoder.$add$/home/rishabh/HPCA2/mosaic_delta_phase1/rtl/xorflow_decoder_pipelined.sv:21$107 ($add).
Removed top 4 bits (of 14) from port Y of cell xorflow_decoder_bank_pipelined.$flatten\lanes[22].decoder.$add$/home/rishabh/HPCA2/mosaic_delta_phase1/rtl/xorflow_decoder_pipelined.sv:21$107 ($add).
Removed top 5 bits (of 14) from port B of cell xorflow_decoder_bank_pipelined.$flatten\lanes[23].decoder.$add$/home/rishabh/HPCA2/mosaic_delta_phase1/rtl/xorflow_decoder_pipelined.sv:22$113 ($add).
Removed top 5 bits (of 14) from port A of cell xorflow_decoder_bank_pipelined.$flatten\lanes[23].decoder.$add$/home/rishabh/HPCA2/mosaic_delta_phase1/rtl/xorflow_decoder_pipelined.sv:21$107 ($add).
Removed top 5 bits (of 14) from port B of cell xorflow_decoder_bank_pipelined.$flatten\lanes[23].decoder.$add$/home/rishabh/HPCA2/mosaic_delta_phase1/rtl/xorflow_decoder_pipelined.sv:21$107 ($add).
Removed top 4 bits (of 14) from port Y of cell xorflow_decoder_bank_pipelined.$flatten\lanes[23].decoder.$add$/home/rishabh/HPCA2/mosaic_delta_phase1/rtl/xorflow_decoder_pipelined.sv:21$107 ($add).
Removed top 5 bits (of 14) from port B of cell xorflow_decoder_bank_pipelined.$flatten\lanes[24].decoder.$add$/home/rishabh/HPCA2/mosaic_delta_phase1/rtl/xorflow_decoder_pipelined.sv:22$113 ($add).
Removed top 5 bits (of 14) from port A of cell xorflow_decoder_bank_pipelined.$flatten\lanes[24].decoder.$add$/home/rishabh/HPCA2/mosaic_delta_phase1/rtl/xorflow_decoder_pipelined.sv:21$107 ($add).
Removed top 5 bits (of 14) from port B of cell xorflow_decoder_bank_pipelined.$flatten\lanes[24].decoder.$add$/home/rishabh/HPCA2/mosaic_delta_phase1/rtl/xorflow_decoder_pipelined.sv:21$107 ($add).
Removed top 4 bits (of 14) from port Y of cell xorflow_decoder_bank_pipelined.$flatten\lanes[24].decoder.$add$/home/rishabh/HPCA2/mosaic_delta_phase1/rtl/xorflow_decoder_pipelined.sv:21$107 ($add).
Removed top 5 bits (of 14) from port B of cell xorflow_decoder_bank_pipelined.$flatten\lanes[25].decoder.$add$/home/rishabh/HPCA2/mosaic_delta_phase1/rtl/xorflow_decoder_pipelined.sv:22$113 ($add).
Removed top 5 bits (of 14) from port A of cell xorflow_decoder_bank_pipelined.$flatten\lanes[25].decoder.$add$/home/rishabh/HPCA2/mosaic_delta_phase1/rtl/xorflow_decoder_pipelined.sv:21$107 ($add).
Removed top 5 bits (of 14) from port B of cell xorflow_decoder_bank_pipelined.$flatten\lanes[25].decoder.$add$/home/rishabh/HPCA2/mosaic_delta_phase1/rtl/xorflow_decoder_pipelined.sv:21$107 ($add).
Removed top 4 bits (of 14) from port Y of cell xorflow_decoder_bank_pipelined.$flatten\lanes[25].decoder.$add$/home/rishabh/HPCA2/mosaic_delta_phase1/rtl/xorflow_decoder_pipelined.sv:21$107 ($add).
Removed top 5 bits (of 14) from port B of cell xorflow_decoder_bank_pipelined.$flatten\lanes[26].decoder.$add$/home/rishabh/HPCA2/mosaic_delta_phase1/rtl/xorflow_decoder_pipelined.sv:22$113 ($add).
Removed top 5 bits (of 14) from port A of cell xorflow_decoder_bank_pipelined.$flatten\lanes[26].decoder.$add$/home/rishabh/HPCA2/mosaic_delta_phase1/rtl/xorflow_decoder_pipelined.sv:21$107 ($add).
Removed top 5 bits (of 14) from port B of cell xorflow_decoder_bank_pipelined.$flatten\lanes[26].decoder.$add$/home/rishabh/HPCA2/mosaic_delta_phase1/rtl/xorflow_decoder_pipelined.sv:21$107 ($add).
Removed top 4 bits (of 14) from port Y of cell xorflow_decoder_bank_pipelined.$flatten\lanes[26].decoder.$add$/home/rishabh/HPCA2/mosaic_delta_phase1/rtl/xorflow_decoder_pipelined.sv:21$107 ($add).
Removed top 5 bits (of 14) from port B of cell xorflow_decoder_bank_pipelined.$flatten\lanes[27].decoder.$add$/home/rishabh/HPCA2/mosaic_delta_phase1/rtl/xorflow_decoder_pipelined.sv:22$113 ($add).
Removed top 5 bits (of 14) from port A of cell xorflow_decoder_bank_pipelined.$flatten\lanes[27].decoder.$add$/home/rishabh/HPCA2/mosaic_delta_phase1/rtl/xorflow_decoder_pipelined.sv:21$107 ($add).
Removed top 5 bits (of 14) from port B of cell xorflow_decoder_bank_pipelined.$flatten\lanes[27].decoder.$add$/home/rishabh/HPCA2/mosaic_delta_phase1/rtl/xorflow_decoder_pipelined.sv:21$107 ($add).
Removed top 4 bits (of 14) from port Y of cell xorflow_decoder_bank_pipelined.$flatten\lanes[27].decoder.$add$/home/rishabh/HPCA2/mosaic_delta_phase1/rtl/xorflow_decoder_pipelined.sv:21$107 ($add).
Removed top 5 bits (of 14) from port B of cell xorflow_decoder_bank_pipelined.$flatten\lanes[28].decoder.$add$/home/rishabh/HPCA2/mosaic_delta_phase1/rtl/xorflow_decoder_pipelined.sv:22$113 ($add).
Removed top 5 bits (of 14) from port A of cell xorflow_decoder_bank_pipelined.$flatten\lanes[28].decoder.$add$/home/rishabh/HPCA2/mosaic_delta_phase1/rtl/xorflow_decoder_pipelined.sv:21$107 ($add).
Removed top 5 bits (of 14) from port B of cell xorflow_decoder_bank_pipelined.$flatten\lanes[28].decoder.$add$/home/rishabh/HPCA2/mosaic_delta_phase1/rtl/xorflow_decoder_pipelined.sv:21$107 ($add).
Removed top 4 bits (of 14) from port Y of cell xorflow_decoder_bank_pipelined.$flatten\lanes[28].decoder.$add$/home/rishabh/HPCA2/mosaic_delta_phase1/rtl/xorflow_decoder_pipelined.sv:21$107 ($add).
Removed top 5 bits (of 14) from port B of cell xorflow_decoder_bank_pipelined.$flatten\lanes[29].decoder.$add$/home/rishabh/HPCA2/mosaic_delta_phase1/rtl/xorflow_decoder_pipelined.sv:22$113 ($add).
Removed top 5 bits (of 14) from port A of cell xorflow_decoder_bank_pipelined.$flatten\lanes[29].decoder.$add$/home/rishabh/HPCA2/mosaic_delta_phase1/rtl/xorflow_decoder_pipelined.sv:21$107 ($add).
Removed top 5 bits (of 14) from port B of cell xorflow_decoder_bank_pipelined.$flatten\lanes[29].decoder.$add$/home/rishabh/HPCA2/mosaic_delta_phase1/rtl/xorflow_decoder_pipelined.sv:21$107 ($add).
Removed top 4 bits (of 14) from port Y of cell xorflow_decoder_bank_pipelined.$flatten\lanes[29].decoder.$add$/home/rishabh/HPCA2/mosaic_delta_phase1/rtl/xorflow_decoder_pipelined.sv:21$107 ($add).
Removed top 5 bits (of 14) from port B of cell xorflow_decoder_bank_pipelined.$flatten\lanes[30].decoder.$add$/home/rishabh/HPCA2/mosaic_delta_phase1/rtl/xorflow_decoder_pipelined.sv:22$113 ($add).
Removed top 5 bits (of 14) from port A of cell xorflow_decoder_bank_pipelined.$flatten\lanes[30].decoder.$add$/home/rishabh/HPCA2/mosaic_delta_phase1/rtl/xorflow_decoder_pipelined.sv:21$107 ($add).
Removed top 5 bits (of 14) from port B of cell xorflow_decoder_bank_pipelined.$flatten\lanes[30].decoder.$add$/home/rishabh/HPCA2/mosaic_delta_phase1/rtl/xorflow_decoder_pipelined.sv:21$107 ($add).
Removed top 4 bits (of 14) from port Y of cell xorflow_decoder_bank_pipelined.$flatten\lanes[30].decoder.$add$/home/rishabh/HPCA2/mosaic_delta_phase1/rtl/xorflow_decoder_pipelined.sv:21$107 ($add).
Removed top 5 bits (of 14) from port B of cell xorflow_decoder_bank_pipelined.$flatten\lanes[31].decoder.$add$/home/rishabh/HPCA2/mosaic_delta_phase1/rtl/xorflow_decoder_pipelined.sv:22$113 ($add).
Removed top 5 bits (of 14) from port A of cell xorflow_decoder_bank_pipelined.$flatten\lanes[31].decoder.$add$/home/rishabh/HPCA2/mosaic_delta_phase1/rtl/xorflow_decoder_pipelined.sv:21$107 ($add).
Removed top 5 bits (of 14) from port B of cell xorflow_decoder_bank_pipelined.$flatten\lanes[31].decoder.$add$/home/rishabh/HPCA2/mosaic_delta_phase1/rtl/xorflow_decoder_pipelined.sv:21$107 ($add).
Removed top 4 bits (of 14) from port Y of cell xorflow_decoder_bank_pipelined.$flatten\lanes[31].decoder.$add$/home/rishabh/HPCA2/mosaic_delta_phase1/rtl/xorflow_decoder_pipelined.sv:21$107 ($add).
Removed top 56 bits (of 112) from wire xorflow_decoder_bank_pipelined.$flatten\lanes[0].decoder.$0\event_ids[111:0].
Removed top 56 bits (of 112) from wire xorflow_decoder_bank_pipelined.$flatten\lanes[10].decoder.$0\event_ids[111:0].
Removed top 56 bits (of 112) from wire xorflow_decoder_bank_pipelined.$flatten\lanes[11].decoder.$0\event_ids[111:0].
Removed top 56 bits (of 112) from wire xorflow_decoder_bank_pipelined.$flatten\lanes[12].decoder.$0\event_ids[111:0].
Removed top 56 bits (of 112) from wire xorflow_decoder_bank_pipelined.$flatten\lanes[13].decoder.$0\event_ids[111:0].
Removed top 56 bits (of 112) from wire xorflow_decoder_bank_pipelined.$flatten\lanes[14].decoder.$0\event_ids[111:0].
Removed top 56 bits (of 112) from wire xorflow_decoder_bank_pipelined.$flatten\lanes[15].decoder.$0\event_ids[111:0].
Removed top 56 bits (of 112) from wire xorflow_decoder_bank_pipelined.$flatten\lanes[16].decoder.$0\event_ids[111:0].
Removed top 56 bits (of 112) from wire xorflow_decoder_bank_pipelined.$flatten\lanes[17].decoder.$0\event_ids[111:0].
Removed top 56 bits (of 112) from wire xorflow_decoder_bank_pipelined.$flatten\lanes[18].decoder.$0\event_ids[111:0].
Removed top 56 bits (of 112) from wire xorflow_decoder_bank_pipelined.$flatten\lanes[19].decoder.$0\event_ids[111:0].
Removed top 56 bits (of 112) from wire xorflow_decoder_bank_pipelined.$flatten\lanes[1].decoder.$0\event_ids[111:0].
Removed top 56 bits (of 112) from wire xorflow_decoder_bank_pipelined.$flatten\lanes[20].decoder.$0\event_ids[111:0].
Removed top 56 bits (of 112) from wire xorflow_decoder_bank_pipelined.$flatten\lanes[21].decoder.$0\event_ids[111:0].
Removed top 56 bits (of 112) from wire xorflow_decoder_bank_pipelined.$flatten\lanes[22].decoder.$0\event_ids[111:0].
Removed top 56 bits (of 112) from wire xorflow_decoder_bank_pipelined.$flatten\lanes[23].decoder.$0\event_ids[111:0].
Removed top 56 bits (of 112) from wire xorflow_decoder_bank_pipelined.$flatten\lanes[24].decoder.$0\event_ids[111:0].
Removed top 56 bits (of 112) from wire xorflow_decoder_bank_pipelined.$flatten\lanes[25].decoder.$0\event_ids[111:0].
Removed top 56 bits (of 112) from wire xorflow_decoder_bank_pipelined.$flatten\lanes[26].decoder.$0\event_ids[111:0].
Removed top 56 bits (of 112) from wire xorflow_decoder_bank_pipelined.$flatten\lanes[27].decoder.$0\event_ids[111:0].
Removed top 56 bits (of 112) from wire xorflow_decoder_bank_pipelined.$flatten\lanes[28].decoder.$0\event_ids[111:0].
Removed top 56 bits (of 112) from wire xorflow_decoder_bank_pipelined.$flatten\lanes[29].decoder.$0\event_ids[111:0].
Removed top 56 bits (of 112) from wire xorflow_decoder_bank_pipelined.$flatten\lanes[2].decoder.$0\event_ids[111:0].
Removed top 56 bits (of 112) from wire xorflow_decoder_bank_pipelined.$flatten\lanes[30].decoder.$0\event_ids[111:0].
Removed top 56 bits (of 112) from wire xorflow_decoder_bank_pipelined.$flatten\lanes[31].decoder.$0\event_ids[111:0].
Removed top 56 bits (of 112) from wire xorflow_decoder_bank_pipelined.$flatten\lanes[3].decoder.$0\event_ids[111:0].
Removed top 56 bits (of 112) from wire xorflow_decoder_bank_pipelined.$flatten\lanes[4].decoder.$0\event_ids[111:0].
Removed top 56 bits (of 112) from wire xorflow_decoder_bank_pipelined.$flatten\lanes[5].decoder.$0\event_ids[111:0].
Removed top 56 bits (of 112) from wire xorflow_decoder_bank_pipelined.$flatten\lanes[6].decoder.$0\event_ids[111:0].
Removed top 56 bits (of 112) from wire xorflow_decoder_bank_pipelined.$flatten\lanes[7].decoder.$0\event_ids[111:0].
Removed top 56 bits (of 112) from wire xorflow_decoder_bank_pipelined.$flatten\lanes[8].decoder.$0\event_ids[111:0].
Removed top 56 bits (of 112) from wire xorflow_decoder_bank_pipelined.$flatten\lanes[9].decoder.$0\event_ids[111:0].

3.11. Executing PEEPOPT pass (run peephole optimizers).

3.12. Executing OPT_CLEAN pass (remove unused cells and wires).
Finding unused cells or wires in module \xorflow_decoder_bank_pipelined..
Removed 0 unused cells and 32 unused wires.
<suppressed ~1 debug messages>

3.13. Executing ALUMACC pass (create $alu and $macc cells).
Extracting $alu and $macc cells in module xorflow_decoder_bank_pipelined:
  creating $macc model for $flatten\lanes[0].decoder.$add$/home/rishabh/HPCA2/mosaic_delta_phase1/rtl/xorflow_decoder_pipelined.sv:20$103 ($add).
  creating $macc model for $flatten\lanes[0].decoder.$add$/home/rishabh/HPCA2/mosaic_delta_phase1/rtl/xorflow_decoder_pipelined.sv:20$104 ($add).
  creating $macc model for $flatten\lanes[0].decoder.$add$/home/rishabh/HPCA2/mosaic_delta_phase1/rtl/xorflow_decoder_pipelined.sv:20$106 ($add).
  creating $macc model for $flatten\lanes[0].decoder.$add$/home/rishabh/HPCA2/mosaic_delta_phase1/rtl/xorflow_decoder_pipelined.sv:20$108 ($add).
  creating $macc model for $flatten\lanes[0].decoder.$add$/home/rishabh/HPCA2/mosaic_delta_phase1/rtl/xorflow_decoder_pipelined.sv:20$111 ($add).
  creating $macc model for $flatten\lanes[0].decoder.$add$/home/rishabh/HPCA2/mosaic_delta_phase1/rtl/xorflow_decoder_pipelined.sv:20$114 ($add).
  creating $macc model for $flatten\lanes[0].decoder.$add$/home/rishabh/HPCA2/mosaic_delta_phase1/rtl/xorflow_decoder_pipelined.sv:20$117 ($add).
  creating $macc model for $flatten\lanes[0].decoder.$add$/home/rishabh/HPCA2/mosaic_delta_phase1/rtl/xorflow_decoder_pipelined.sv:21$105 ($add).
  creating $macc model for $flatten\lanes[0].decoder.$add$/home/rishabh/HPCA2/mosaic_delta_phase1/rtl/xorflow_decoder_pipelined.sv:21$107 ($add).
  creating $macc model for $flatten\lanes[0].decoder.$add$/home/rishabh/HPCA2/mosaic_delta_phase1/rtl/xorflow_decoder_pipelined.sv:21$109 ($add).
  creating $macc model for $flatten\lanes[0].decoder.$add$/home/rishabh/HPCA2/mosaic_delta_phase1/rtl/xorflow_decoder_pipelined.sv:21$112 ($add).
  creating $macc model for $flatten\lanes[0].decoder.$add$/home/rishabh/HPCA2/mosaic_delta_phase1/rtl/xorflow_decoder_pipelined.sv:21$115 ($add).
  creating $macc model for $flatten\lanes[0].decoder.$add$/home/rishabh/HPCA2/mosaic_delta_phase1/rtl/xorflow_decoder_pipelined.sv:21$118 ($add).
  creating $macc model for $flatten\lanes[0].decoder.$add$/home/rishabh/HPCA2/mosaic_delta_phase1/rtl/xorflow_decoder_pipelined.sv:22$110 ($add).
  creating $macc model for $flatten\lanes[0].decoder.$add$/home/rishabh/HPCA2/mosaic_delta_phase1/rtl/xorflow_decoder_pipelined.sv:22$113 ($add).
  creating $macc model for $flatten\lanes[0].decoder.$add$/home/rishabh/HPCA2/mosaic_delta_phase1/rtl/xorflow_decoder_pipelined.sv:22$116 ($add).
  creating $macc model for $flatten\lanes[0].decoder.$add$/home/rishabh/HPCA2/mosaic_delta_phase1/rtl/xorflow_decoder_pipelined.sv:22$119 ($add).
  creating $macc model for $flatten\lanes[0].decoder.$add$/home/rishabh/HPCA2/mosaic_delta_phase1/rtl/xorflow_decoder_pipelined.sv:31$21 ($add).
  creating $macc model for $flatten\lanes[0].decoder.$add$/home/rishabh/HPCA2/mosaic_delta_phase1/rtl/xorflow_decoder_pipelined.sv:31$33 ($add).
  creating $macc model for $flatten\lanes[0].decoder.$add$/home/rishabh/HPCA2/mosaic_delta_phase1/rtl/xorflow_decoder_pipelined.sv:31$45 ($add).
  creating $macc model for $flatten\lanes[0].decoder.$add$/home/rishabh/HPCA2/mosaic_delta_phase1/rtl/xorflow_decoder_pipelined.sv:31$57 ($add).
  creating $macc model for $flatten\lanes[0].decoder.$add$/home/rishabh/HPCA2/mosaic_delta_phase1/rtl/xorflow_decoder_pipelined.sv:31$69 ($add).
  creating $macc model for $flatten\lanes[0].decoder.$add$/home/rishabh/HPCA2/mosaic_delta_phase1/rtl/xorflow_decoder_pipelined.sv:31$81 ($add).
  creating $macc model for $flatten\lanes[0].decoder.$add$/home/rishabh/HPCA2/mosaic_delta_phase1/rtl/xorflow_decoder_pipelined.sv:31$9 ($add).
  creating $macc model for $flatten\lanes[0].decoder.$add$/home/rishabh/HPCA2/mosaic_delta_phase1/rtl/xorflow_decoder_pipelined.sv:31$93 ($add).
  creating $macc model for $flatten\lanes[10].decoder.$add$/home/rishabh/HPCA2/mosaic_delta_phase1/rtl/xorflow_decoder_pipelined.sv:20$103 ($add).
  creating $macc model for $flatten\lanes[10].decoder.$add$/home/rishabh/HPCA2/mosaic_delta_phase1/rtl/xorflow_decoder_pipelined.sv:20$104 ($add).
  creating $macc model for $flatten\lanes[10].decoder.$add$/home/rishabh/HPCA2/mosaic_delta_phase1/rtl/xorflow_decoder_pipelined.sv:20$106 ($add).
  creating $macc model for $flatten\lanes[10].decoder.$add$/home/rishabh/HPCA2/mosaic_delta_phase1/rtl/xorflow_decoder_pipelined.sv:20$108 ($add).
  creating $macc model for $flatten\lanes[10].decoder.$add$/home/rishabh/HPCA2/mosaic_delta_phase1/rtl/xorflow_decoder_pipelined.sv:20$111 ($add).
  creating $macc model for $flatten\lanes[10].decoder.$add$/home/rishabh/HPCA2/mosaic_delta_phase1/rtl/xorflow_decoder_pipelined.sv:20$114 ($add).
  creating $macc model for $flatten\lanes[10].decoder.$add$/home/rishabh/HPCA2/mosaic_delta_phase1/rtl/xorflow_decoder_pipelined.sv:20$117 ($add).
  creating $macc model for $flatten\lanes[10].decoder.$add$/home/rishabh/HPCA2/mosaic_delta_phase1/rtl/xorflow_decoder_pipelined.sv:21$105 ($add).
  creating $macc model for $flatten\lanes[10].decoder.$add$/home/rishabh/HPCA2/mosaic_delta_phase1/rtl/xorflow_decoder_pipelined.sv:21$107 ($add).
  creating $macc model for $flatten\lanes[10].decoder.$add$/home/rishabh/HPCA2/mosaic_delta_phase1/rtl/xorflow_decoder_pipelined.sv:21$109 ($add).
  creating $macc model for $flatten\lanes[10].decoder.$add$/home/rishabh/HPCA2/mosaic_delta_phase1/rtl/xorflow_decoder_pipelined.sv:21$112 ($add).
  creating $macc model for $flatten\lanes[10].decoder.$add$/home/rishabh/HPCA2/mosaic_delta_phase1/rtl/xorflow_decoder_pipelined.sv:21$115 ($add).
  creating $macc model for $flatten\lanes[10].decoder.$add$/home/rishabh/HPCA2/mosaic_delta_phase1/rtl/xorflow_decoder_pipelined.sv:21$118 ($add).
  creating $macc model for $flatten\lanes[10].decoder.$add$/home/rishabh/HPCA2/mosaic_delta_phase1/rtl/xorflow_decoder_pipelined.sv:22$110 ($add).
  creating $macc model for $flatten\lanes[10].decoder.$add$/home/rishabh/HPCA2/mosaic_delta_phase1/rtl/xorflow_decoder_pipelined.sv:22$113 ($add).
  creating $macc model for $flatten\lanes[10].decoder.$add$/home/rishabh/HPCA2/mosaic_delta_phase1/rtl/xorflow_decoder_pipelined.sv:22$116 ($add).
  creating $macc model for $flatten\lanes[10].decoder.$add$/home/rishabh/HPCA2/mosaic_delta_phase1/rtl/xorflow_decoder_pipelined.sv:22$119 ($add).
  creating $macc model for $flatten\lanes[10].decoder.$add$/home/rishabh/HPCA2/mosaic_delta_phase1/rtl/xorflow_decoder_pipelined.sv:31$21 ($add).
  creating $macc model for $flatten\lanes[10].decoder.$add$/home/rishabh/HPCA2/mosaic_delta_phase1/rtl/xorflow_decoder_pipelined.sv:31$33 ($add).
  creating $macc model for $flatten\lanes[10].decoder.$add$/home/rishabh/HPCA2/mosaic_delta_phase1/rtl/xorflow_decoder_pipelined.sv:31$45 ($add).
  creating $macc model for $flatten\lanes[10].decoder.$add$/home/rishabh/HPCA2/mosaic_delta_phase1/rtl/xorflow_decoder_pipelined.sv:31$57 ($add).
  creating $macc model for $flatten\lanes[10].decoder.$add$/home/rishabh/HPCA2/mosaic_delta_phase1/rtl/xorflow_decoder_pipelined.sv:31$69 ($add).
  creating $macc model for $flatten\lanes[10].decoder.$add$/home/rishabh/HPCA2/mosaic_delta_phase1/rtl/xorflow_decoder_pipelined.sv:31$81 ($add).
  creating $macc model for $flatten\lanes[10].decoder.$add$/home/rishabh/HPCA2/mosaic_delta_phase1/rtl/xorflow_decoder_pipelined.sv:31$9 ($add).
  creating $macc model for $flatten\lanes[10].decoder.$add$/home/rishabh/HPCA2/mosaic_delta_phase1/rtl/xorflow_decoder_pipelined.sv:31$93 ($add).
  creating $macc model for $flatten\lanes[11].decoder.$add$/home/rishabh/HPCA2/mosaic_delta_phase1/rtl/xorflow_decoder_pipelined.sv:20$103 ($add).
  creating $macc model for $flatten\lanes[11].decoder.$add$/home/rishabh/HPCA2/mosaic_delta_phase1/rtl/xorflow_decoder_pipelined.sv:20$104 ($add).
  creating $macc model for $flatten\lanes[11].decoder.$add$/home/rishabh/HPCA2/mosaic_delta_phase1/rtl/xorflow_decoder_pipelined.sv:20$106 ($add).
  creating $macc model for $flatten\lanes[11].decoder.$add$/home/rishabh/HPCA2/mosaic_delta_phase1/rtl/xorflow_decoder_pipelined.sv:20$108 ($add).
  creating $macc model for $flatten\lanes[11].decoder.$add$/home/rishabh/HPCA2/mosaic_delta_phase1/rtl/xorflow_decoder_pipelined.sv:20$111 ($add).
  creating $macc model for $flatten\lanes[11].decoder.$add$/home/rishabh/HPCA2/mosaic_delta_phase1/rtl/xorflow_decoder_pipelined.sv:20$114 ($add).
  creating $macc model for $flatten\lanes[11].decoder.$add$/home/rishabh/HPCA2/mosaic_delta_phase1/rtl/xorflow_decoder_pipelined.sv:20$117 ($add).
  creating $macc model for $flatten\lanes[11].decoder.$add$/home/rishabh/HPCA2/mosaic_delta_phase1/rtl/xorflow_decoder_pipelined.sv:21$105 ($add).
  creating $macc model for $flatten\lanes[11].decoder.$add$/home/rishabh/HPCA2/mosaic_delta_phase1/rtl/xorflow_decoder_pipelined.sv:21$107 ($add).
  creating $macc model for $flatten\lanes[11].decoder.$add$/home/rishabh/HPCA2/mosaic_delta_phase1/rtl/xorflow_decoder_pipelined.sv:21$109 ($add).
  creating $macc model for $flatten\lanes[11].decoder.$add$/home/rishabh/HPCA2/mosaic_delta_phase1/rtl/xorflow_decoder_pipelined.sv:21$112 ($add).
  creating $macc model for $flatten\lanes[11].decoder.$add$/home/rishabh/HPCA2/mosaic_delta_phase1/rtl/xorflow_decoder_pipelined.sv:21$115 ($add).
  creating $macc model for $flatten\lanes[11].decoder.$add$/home/rishabh/HPCA2/mosaic_delta_phase1/rtl/xorflow_decoder_pipelined.sv:21$118 ($add).
  creating $macc model for $flatten\lanes[11].decoder.$add$/home/rishabh/HPCA2/mosaic_delta_phase1/rtl/xorflow_decoder_pipelined.sv:22$110 ($add).
  creating $macc model for $flatten\lanes[11].decoder.$add$/home/rishabh/HPCA2/mosaic_delta_phase1/rtl/xorflow_decoder_pipelined.sv:22$113 ($add).
  creating $macc model for $flatten\lanes[11].decoder.$add$/home/rishabh/HPCA2/mosaic_delta_phase1/rtl/xorflow_decoder_pipelined.sv:22$116 ($add).
  creating $macc model for $flatten\lanes[11].decoder.$add$/home/rishabh/HPCA2/mosaic_delta_phase1/rtl/xorflow_decoder_pipelined.sv:22$119 ($add).
  creating $macc model for $flatten\lanes[11].decoder.$add$/home/rishabh/HPCA2/mosaic_delta_phase1/rtl/xorflow_decoder_pipelined.sv:31$21 ($add).
  creating $macc model for $flatten\lanes[11].decoder.$add$/home/rishabh/HPCA2/mosaic_delta_phase1/rtl/xorflow_decoder_pipelined.sv:31$33 ($add).
  creating $macc model for $flatten\lanes[11].decoder.$add$/home/rishabh/HPCA2/mosaic_delta_phase1/rtl/xorflow_decoder_pipelined.sv:31$45 ($add).
  creating $macc model for $flatten\lanes[11].decoder.$add$/home/rishabh/HPCA2/mosaic_delta_phase1/rtl/xorflow_decoder_pipelined.sv:31$57 ($add).
  creating $macc model for $flatten\lanes[11].decoder.$add$/home/rishabh/HPCA2/mosaic_delta_phase1/rtl/xorflow_decoder_pipelined.sv:31$69 ($add).
  creating $macc model for $flatten\lanes[11].decoder.$add$/home/rishabh/HPCA2/mosaic_delta_phase1/rtl/xorflow_decoder_pipelined.sv:31$81 ($add).
  creating $macc model for $flatten\lanes[11].decoder.$add$/home/rishabh/HPCA2/mosaic_delta_phase1/rtl/xorflow_decoder_pipelined.sv:31$9 ($add).
  creating $macc model for $flatten\lanes[11].decoder.$add$/home/rishabh/HPCA2/mosaic_delta_phase1/rtl/xorflow_decoder_pipelined.sv:31$93 ($add).
  creating $macc model for $flatten\lanes[12].decoder.$add$/home/rishabh/HPCA2/mosaic_delta_phase1/rtl/xorflow_decoder_pipelined.sv:20$103 ($add).
  creating $macc model for $flatten\lanes[12].decoder.$add$/home/rishabh/HPCA2/mosaic_delta_phase1/rtl/xorflow_decoder_pipelined.sv:20$104 ($add).
  creating $macc model for $flatten\lanes[12].decoder.$add$/home/rishabh/HPCA2/mosaic_delta_phase1/rtl/xorflow_decoder_pipelined.sv:20$106 ($add).
  creating $macc model for $flatten\lanes[12].decoder.$add$/home/rishabh/HPCA2/mosaic_delta_phase1/rtl/xorflow_decoder_pipelined.sv:20$108 ($add).
  creating $macc model for $flatten\lanes[12].decoder.$add$/home/rishabh/HPCA2/mosaic_delta_phase1/rtl/xorflow_decoder_pipelined.sv:20$111 ($add).
  creating $macc model for $flatten\lanes[12].decoder.$add$/home/rishabh/HPCA2/mosaic_delta_phase1/rtl/xorflow_decoder_pipelined.sv:20$114 ($add).
  creating $macc model for $flatten\lanes[12].decoder.$add$/home/rishabh/HPCA2/mosaic_delta_phase1/rtl/xorflow_decoder_pipelined.sv:20$117 ($add).
  creating $macc model for $flatten\lanes[12].decoder.$add$/home/rishabh/HPCA2/mosaic_delta_phase1/rtl/xorflow_decoder_pipelined.sv:21$105 ($add).
  creating $macc model for $flatten\lanes[12].decoder.$add$/home/rishabh/HPCA2/mosaic_delta_phase1/rtl/xorflow_decoder_pipelined.sv:21$107 ($add).
  creating $macc model for $flatten\lanes[12].decoder.$add$/home/rishabh/HPCA2/mosaic_delta_phase1/rtl/xorflow_decoder_pipelined.sv:21$109 ($add).
  creating $macc model for $flatten\lanes[12].decoder.$add$/home/rishabh/HPCA2/mosaic_delta_phase1/rtl/xorflow_decoder_pipelined.sv:21$112 ($add).
  creating $macc model for $flatten\lanes[12].decoder.$add$/home/rishabh/HPCA2/mosaic_delta_phase1/rtl/xorflow_decoder_pipelined.sv:21$115 ($add).
  creating $macc model for $flatten\lanes[12].decoder.$add$/home/rishabh/HPCA2/mosaic_delta_phase1/rtl/xorflow_decoder_pipelined.sv:21$118 ($add).
  creating $macc model for $flatten\lanes[12].decoder.$add$/home/rishabh/HPCA2/mosaic_delta_phase1/rtl/xorflow_decoder_pipelined.sv:22$110 ($add).
  creating $macc model for $flatten\lanes[12].decoder.$add$/home/rishabh/HPCA2/mosaic_delta_phase1/rtl/xorflow_decoder_pipelined.sv:22$113 ($add).
  creating $macc model for $flatten\lanes[12].decoder.$add$/home/rishabh/HPCA2/mosaic_delta_phase1/rtl/xorflow_decoder_pipelined.sv:22$116 ($add).
  creating $macc model for $flatten\lanes[12].decoder.$add$/home/rishabh/HPCA2/mosaic_delta_phase1/rtl/xorflow_decoder_pipelined.sv:22$119 ($add).
  creating $macc model for $flatten\lanes[12].decoder.$add$/home/rishabh/HPCA2/mosaic_delta_phase1/rtl/xorflow_decoder_pipelined.sv:31$21 ($add).
  creating $macc model for $flatten\lanes[12].decoder.$add$/home/rishabh/HPCA2/mosaic_delta_phase1/rtl/xorflow_decoder_pipelined.sv:31$33 ($add).
  creating $macc model for $flatten\lanes[12].decoder.$add$/home/rishabh/HPCA2/mosaic_delta_phase1/rtl/xorflow_decoder_pipelined.sv:31$45 ($add).
  creating $macc model for $flatten\lanes[12].decoder.$add$/home/rishabh/HPCA2/mosaic_delta_phase1/rtl/xorflow_decoder_pipelined.sv:31$57 ($add).
  creating $macc model for $flatten\lanes[12].decoder.$add$/home/rishabh/HPCA2/mosaic_delta_phase1/rtl/xorflow_decoder_pipelined.sv:31$69 ($add).
  creating $macc model for $flatten\lanes[12].decoder.$add$/home/rishabh/HPCA2/mosaic_delta_phase1/rtl/xorflow_decoder_pipelined.sv:31$81 ($add).
  creating $macc model for $flatten\lanes[12].decoder.$add$/home/rishabh/HPCA2/mosaic_delta_phase1/rtl/xorflow_decoder_pipelined.sv:31$9 ($add).
  creating $macc model for $flatten\lanes[12].decoder.$add$/home/rishabh/HPCA2/mosaic_delta_phase1/rtl/xorflow_decoder_pipelined.sv:31$93 ($add).
  creating $macc model for $flatten\lanes[13].decoder.$add$/home/rishabh/HPCA2/mosaic_delta_phase1/rtl/xorflow_decoder_pipelined.sv:20$103 ($add).
  creating $macc model for $flatten\lanes[13].decoder.$add$/home/rishabh/HPCA2/mosaic_delta_phase1/rtl/xorflow_decoder_pipelined.sv:20$104 ($add).
  creating $macc model for $flatten\lanes[13].decoder.$add$/home/rishabh/HPCA2/mosaic_delta_phase1/rtl/xorflow_decoder_pipelined.sv:20$106 ($add).
  creating $macc model for $flatten\lanes[13].decoder.$add$/home/rishabh/HPCA2/mosaic_delta_phase1/rtl/xorflow_decoder_pipelined.sv:20$108 ($add).
  creating $macc model for $flatten\lanes[13].decoder.$add$/home/rishabh/HPCA2/mosaic_delta_phase1/rtl/xorflow_decoder_pipelined.sv:20$111 ($add).
  creating $macc model for $flatten\lanes[13].decoder.$add$/home/rishabh/HPCA2/mosaic_delta_phase1/rtl/xorflow_decoder_pipelined.sv:20$114 ($add).
  creating $macc model for $flatten\lanes[13].decoder.$add$/home/rishabh/HPCA2/mosaic_delta_phase1/rtl/xorflow_decoder_pipelined.sv:20$117 ($add).
  creating $macc model for $flatten\lanes[13].decoder.$add$/home/rishabh/HPCA2/mosaic_delta_phase1/rtl/xorflow_decoder_pipelined.sv:21$105 ($add).
  creating $macc model for $flatten\lanes[13].decoder.$add$/home/rishabh/HPCA2/mosaic_delta_phase1/rtl/xorflow_decoder_pipelined.sv:21$107 ($add).
  creating $macc model for $flatten\lanes[13].decoder.$add$/home/rishabh/HPCA2/mosaic_delta_phase1/rtl/xorflow_decoder_pipelined.sv:21$109 ($add).
  creating $macc model for $flatten\lanes[13].decoder.$add$/home/rishabh/HPCA2/mosaic_delta_phase1/rtl/xorflow_decoder_pipelined.sv:21$112 ($add).
  creating $macc model for $flatten\lanes[13].decoder.$add$/home/rishabh/HPCA2/mosaic_delta_phase1/rtl/xorflow_decoder_pipelined.sv:21$115 ($add).
  creating $macc model for $flatten\lanes[13].decoder.$add$/home/rishabh/HPCA2/mosaic_delta_phase1/rtl/xorflow_decoder_pipelined.sv:21$118 ($add).
  creating $macc model for $flatten\lanes[13].decoder.$add$/home/rishabh/HPCA2/mosaic_delta_phase1/rtl/xorflow_decoder_pipelined.sv:22$110 ($add).
  creating $macc model for $flatten\lanes[13].decoder.$add$/home/rishabh/HPCA2/mosaic_delta_phase1/rtl/xorflow_decoder_pipelined.sv:22$113 ($add).
  creating $macc model for $flatten\lanes[13].decoder.$add$/home/rishabh/HPCA2/mosaic_delta_phase1/rtl/xorflow_decoder_pipelined.sv:22$116 ($add).
  creating $macc model for $flatten\lanes[13].decoder.$add$/home/rishabh/HPCA2/mosaic_delta_phase1/rtl/xorflow_decoder_pipelined.sv:22$119 ($add).
  creating $macc model for $flatten\lanes[13].decoder.$add$/home/rishabh/HPCA2/mosaic_delta_phase1/rtl/xorflow_decoder_pipelined.sv:31$21 ($add).
  creating $macc model for $flatten\lanes[13].decoder.$add$/home/rishabh/HPCA2/mosaic_delta_phase1/rtl/xorflow_decoder_pipelined.sv:31$33 ($add).
  creating $macc model for $flatten\lanes[13].decoder.$add$/home/rishabh/HPCA2/mosaic_delta_phase1/rtl/xorflow_decoder_pipelined.sv:31$45 ($add).
  creating $macc model for $flatten\lanes[13].decoder.$add$/home/rishabh/HPCA2/mosaic_delta_phase1/rtl/xorflow_decoder_pipelined.sv:31$57 ($add).
  creating $macc model for $flatten\lanes[13].decoder.$add$/home/rishabh/HPCA2/mosaic_delta_phase1/rtl/xorflow_decoder_pipelined.sv:31$69 ($add).
  creating $macc model for $flatten\lanes[13].decoder.$add$/home/rishabh/HPCA2/mosaic_delta_phase1/rtl/xorflow_decoder_pipelined.sv:31$81 ($add).
  creating $macc model for $flatten\lanes[13].decoder.$add$/home/rishabh/HPCA2/mosaic_delta_phase1/rtl/xorflow_decoder_pipelined.sv:31$9 ($add).
  creating $macc model for $flatten\lanes[13].decoder.$add$/home/rishabh/HPCA2/mosaic_delta_phase1/rtl/xorflow_decoder_pipelined.sv:31$93 ($add).
  creating $macc model for $flatten\lanes[14].decoder.$add$/home/rishabh/HPCA2/mosaic_delta_phase1/rtl/xorflow_decoder_pipelined.sv:20$103 ($add).
  creating $macc model for $flatten\lanes[14].decoder.$add$/home/rishabh/HPCA2/mosaic_delta_phase1/rtl/xorflow_decoder_pipelined.sv:20$104 ($add).
  creating $macc model for $flatten\lanes[14].decoder.$add$/home/rishabh/HPCA2/mosaic_delta_phase1/rtl/xorflow_decoder_pipelined.sv:20$106 ($add).
  creating $macc model for $flatten\lanes[14].decoder.$add$/home/rishabh/HPCA2/mosaic_delta_phase1/rtl/xorflow_decoder_pipelined.sv:20$108 ($add).
  creating $macc model for $flatten\lanes[14].decoder.$add$/home/rishabh/HPCA2/mosaic_delta_phase1/rtl/xorflow_decoder_pipelined.sv:20$111 ($add).
  creating $macc model for $flatten\lanes[14].decoder.$add$/home/rishabh/HPCA2/mosaic_delta_phase1/rtl/xorflow_decoder_pipelined.sv:20$114 ($add).
  creating $macc model for $flatten\lanes[14].decoder.$add$/home/rishabh/HPCA2/mosaic_delta_phase1/rtl/xorflow_decoder_pipelined.sv:20$117 ($add).
  creating $macc model for $flatten\lanes[14].decoder.$add$/home/rishabh/HPCA2/mosaic_delta_phase1/rtl/xorflow_decoder_pipelined.sv:21$105 ($add).
  creating $macc model for $flatten\lanes[14].decoder.$add$/home/rishabh/HPCA2/mosaic_delta_phase1/rtl/xorflow_decoder_pipelined.sv:21$107 ($add).
  creating $macc model for $flatten\lanes[14].decoder.$add$/home/rishabh/HPCA2/mosaic_delta_phase1/rtl/xorflow_decoder_pipelined.sv:21$109 ($add).
  creating $macc model for $flatten\lanes[14].decoder.$add$/home/rishabh/HPCA2/mosaic_delta_phase1/rtl/xorflow_decoder_pipelined.sv:21$112 ($add).
  creating $macc model for $flatten\lanes[14].decoder.$add$/home/rishabh/HPCA2/mosaic_delta_phase1/rtl/xorflow_decoder_pipelined.sv:21$115 ($add).
  creating $macc model for $flatten\lanes[14].decoder.$add$/home/rishabh/HPCA2/mosaic_delta_phase1/rtl/xorflow_decoder_pipelined.sv:21$118 ($add).
  creating $macc model for $flatten\lanes[14].decoder.$add$/home/rishabh/HPCA2/mosaic_delta_phase1/rtl/xorflow_decoder_pipelined.sv:22$110 ($add).
  creating $macc model for $flatten\lanes[14].decoder.$add$/home/rishabh/HPCA2/mosaic_delta_phase1/rtl/xorflow_decoder_pipelined.sv:22$113 ($add).
  creating $macc model for $flatten\lanes[14].decoder.$add$/home/rishabh/HPCA2/mosaic_delta_phase1/rtl/xorflow_decoder_pipelined.sv:22$116 ($add).
  creating $macc model for $flatten\lanes[14].decoder.$add$/home/rishabh/HPCA2/mosaic_delta_phase1/rtl/xorflow_decoder_pipelined.sv:22$119 ($add).
  creating $macc model for $flatten\lanes[14].decoder.$add$/home/rishabh/HPCA2/mosaic_delta_phase1/rtl/xorflow_decoder_pipelined.sv:31$21 ($add).
  creating $macc model for $flatten\lanes[14].decoder.$add$/home/rishabh/HPCA2/mosaic_delta_phase1/rtl/xorflow_decoder_pipelined.sv:31$33 ($add).
  creating $macc model for $flatten\lanes[14].decoder.$add$/home/rishabh/HPCA2/mosaic_delta_phase1/rtl/xorflow_decoder_pipelined.sv:31$45 ($add).
  creating $macc model for $flatten\lanes[14].decoder.$add$/home/rishabh/HPCA2/mosaic_delta_phase1/rtl/xorflow_decoder_pipelined.sv:31$57 ($add).
  creating $macc model for $flatten\lanes[14].decoder.$add$/home/rishabh/HPCA2/mosaic_delta_phase1/rtl/xorflow_decoder_pipelined.sv:31$69 ($add).
  creating $macc model for $flatten\lanes[14].decoder.$add$/home/rishabh/HPCA2/mosaic_delta_phase1/rtl/xorflow_decoder_pipelined.sv:31$81 ($add).
  creating $macc model for $flatten\lanes[14].decoder.$add$/home/rishabh/HPCA2/mosaic_delta_phase1/rtl/xorflow_decoder_pipelined.sv:31$9 ($add).
  creating $macc model for $flatten\lanes[14].decoder.$add$/home/rishabh/HPCA2/mosaic_delta_phase1/rtl/xorflow_decoder_pipelined.sv:31$93 ($add).
  creating $macc model for $flatten\lanes[15].decoder.$add$/home/rishabh/HPCA2/mosaic_delta_phase1/rtl/xorflow_decoder_pipelined.sv:20$103 ($add).
  creating $macc model for $flatten\lanes[15].decoder.$add$/home/rishabh/HPCA2/mosaic_delta_phase1/rtl/xorflow_decoder_pipelined.sv:20$104 ($add).
  creating $macc model for $flatten\lanes[15].decoder.$add$/home/rishabh/HPCA2/mosaic_delta_phase1/rtl/xorflow_decoder_pipelined.sv:20$106 ($add).
  creating $macc model for $flatten\lanes[15].decoder.$add$/home/rishabh/HPCA2/mosaic_delta_phase1/rtl/xorflow_decoder_pipelined.sv:20$108 ($add).
  creating $macc model for $flatten\lanes[15].decoder.$add$/home/rishabh/HPCA2/mosaic_delta_phase1/rtl/xorflow_decoder_pipelined.sv:20$111 ($add).
  creating $macc model for $flatten\lanes[15].decoder.$add$/home/rishabh/HPCA2/mosaic_delta_phase1/rtl/xorflow_decoder_pipelined.sv:20$114 ($add).
  creating $macc model for $flatten\lanes[15].decoder.$add$/home/rishabh/HPCA2/mosaic_delta_phase1/rtl/xorflow_decoder_pipelined.sv:20$117 ($add).
  creating $macc model for $flatten\lanes[15].decoder.$add$/home/rishabh/HPCA2/mosaic_delta_phase1/rtl/xorflow_decoder_pipelined.sv:21$105 ($add).
  creating $macc model for $flatten\lanes[15].decoder.$add$/home/rishabh/HPCA2/mosaic_delta_phase1/rtl/xorflow_decoder_pipelined.sv:21$107 ($add).
  creating $macc model for $flatten\lanes[15].decoder.$add$/home/rishabh/HPCA2/mosaic_delta_phase1/rtl/xorflow_decoder_pipelined.sv:21$109 ($add).
  creating $macc model for $flatten\lanes[15].decoder.$add$/home/rishabh/HPCA2/mosaic_delta_phase1/rtl/xorflow_decoder_pipelined.sv:21$112 ($add).
  creating $macc model for $flatten\lanes[15].decoder.$add$/home/rishabh/HPCA2/mosaic_delta_phase1/rtl/xorflow_decoder_pipelined.sv:21$115 ($add).
  creating $macc model for $flatten\lanes[15].decoder.$add$/home/rishabh/HPCA2/mosaic_delta_phase1/rtl/xorflow_decoder_pipelined.sv:21$118 ($add).
  creating $macc model for $flatten\lanes[15].decoder.$add$/home/rishabh/HPCA2/mosaic_delta_phase1/rtl/xorflow_decoder_pipelined.sv:22$110 ($add).
  creating $macc model for $flatten\lanes[15].decoder.$add$/home/rishabh/HPCA2/mosaic_delta_phase1/rtl/xorflow_decoder_pipelined.sv:22$113 ($add).
  creating $macc model for $flatten\lanes[15].decoder.$add$/home/rishabh/HPCA2/mosaic_delta_phase1/rtl/xorflow_decoder_pipelined.sv:22$116 ($add).
  creating $macc model for $flatten\lanes[15].decoder.$add$/home/rishabh/HPCA2/mosaic_delta_phase1/rtl/xorflow_decoder_pipelined.sv:22$119 ($add).
  creating $macc model for $flatten\lanes[15].decoder.$add$/home/rishabh/HPCA2/mosaic_delta_phase1/rtl/xorflow_decoder_pipelined.sv:31$21 ($add).
  creating $macc model for $flatten\lanes[15].decoder.$add$/home/rishabh/HPCA2/mosaic_delta_phase1/rtl/xorflow_decoder_pipelined.sv:31$33 ($add).
  creating $macc model for $flatten\lanes[15].decoder.$add$/home/rishabh/HPCA2/mosaic_delta_phase1/rtl/xorflow_decoder_pipelined.sv:31$45 ($add).
  creating $macc model for $flatten\lanes[15].decoder.$add$/home/rishabh/HPCA2/mosaic_delta_phase1/rtl/xorflow_decoder_pipelined.sv:31$57 ($add).
  creating $macc model for $flatten\lanes[15].decoder.$add$/home/rishabh/HPCA2/mosaic_delta_phase1/rtl/xorflow_decoder_pipelined.sv:31$69 ($add).
  creating $macc model for $flatten\lanes[15].decoder.$add$/home/rishabh/HPCA2/mosaic_delta_phase1/rtl/xorflow_decoder_pipelined.sv:31$81 ($add).
  creating $macc model for $flatten\lanes[15].decoder.$add$/home/rishabh/HPCA2/mosaic_delta_phase1/rtl/xorflow_decoder_pipelined.sv:31$9 ($add).
  creating $macc model for $flatten\lanes[15].decoder.$add$/home/rishabh/HPCA2/mosaic_delta_phase1/rtl/xorflow_decoder_pipelined.sv:31$93 ($add).
  creating $macc model for $flatten\lanes[16].decoder.$add$/home/rishabh/HPCA2/mosaic_delta_phase1/rtl/xorflow_decoder_pipelined.sv:20$103 ($add).
  creating $macc model for $flatten\lanes[16].decoder.$add$/home/rishabh/HPCA2/mosaic_delta_phase1/rtl/xorflow_decoder_pipelined.sv:20$104 ($add).
  creating $macc model for $flatten\lanes[16].decoder.$add$/home/rishabh/HPCA2/mosaic_delta_phase1/rtl/xorflow_decoder_pipelined.sv:20$106 ($add).
  creating $macc model for $flatten\lanes[16].decoder.$add$/home/rishabh/HPCA2/mosaic_delta_phase1/rtl/xorflow_decoder_pipelined.sv:20$108 ($add).
  creating $macc model for $flatten\lanes[16].decoder.$add$/home/rishabh/HPCA2/mosaic_delta_phase1/rtl/xorflow_decoder_pipelined.sv:20$111 ($add).
  creating $macc model for $flatten\lanes[16].decoder.$add$/home/rishabh/HPCA2/mosaic_delta_phase1/rtl/xorflow_decoder_pipelined.sv:20$114 ($add).
  creating $macc model for $flatten\lanes[16].decoder.$add$/home/rishabh/HPCA2/mosaic_delta_phase1/rtl/xorflow_decoder_pipelined.sv:20$117 ($add).
  creating $macc model for $flatten\lanes[16].decoder.$add$/home/rishabh/HPCA2/mosaic_delta_phase1/rtl/xorflow_decoder_pipelined.sv:21$105 ($add).
  creating $macc model for $flatten\lanes[16].decoder.$add$/home/rishabh/HPCA2/mosaic_delta_phase1/rtl/xorflow_decoder_pipelined.sv:21$107 ($add).
  creating $macc model for $flatten\lanes[16].decoder.$add$/home/rishabh/HPCA2/mosaic_delta_phase1/rtl/xorflow_decoder_pipelined.sv:21$109 ($add).
  creating $macc model for $flatten\lanes[16].decoder.$add$/home/rishabh/HPCA2/mosaic_delta_phase1/rtl/xorflow_decoder_pipelined.sv:21$112 ($add).
  creating $macc model for $flatten\lanes[16].decoder.$add$/home/rishabh/HPCA2/mosaic_delta_phase1/rtl/xorflow_decoder_pipelined.sv:21$115 ($add).
  creating $macc model for $flatten\lanes[16].decoder.$add$/home/rishabh/HPCA2/mosaic_delta_phase1/rtl/xorflow_decoder_pipelined.sv:21$118 ($add).
  creating $macc model for $flatten\lanes[16].decoder.$add$/home/rishabh/HPCA2/mosaic_delta_phase1/rtl/xorflow_decoder_pipelined.sv:22$110 ($add).
  creating $macc model for $flatten\lanes[16].decoder.$add$/home/rishabh/HPCA2/mosaic_delta_phase1/rtl/xorflow_decoder_pipelined.sv:22$113 ($add).
  creating $macc model for $flatten\lanes[16].decoder.$add$/home/rishabh/HPCA2/mosaic_delta_phase1/rtl/xorflow_decoder_pipelined.sv:22$116 ($add).
  creating $macc model for $flatten\lanes[16].decoder.$add$/home/rishabh/HPCA2/mosaic_delta_phase1/rtl/xorflow_decoder_pipelined.sv:22$119 ($add).
  creating $macc model for $flatten\lanes[16].decoder.$add$/home/rishabh/HPCA2/mosaic_delta_phase1/rtl/xorflow_decoder_pipelined.sv:31$21 ($add).
  creating $macc model for $flatten\lanes[16].decoder.$add$/home/rishabh/HPCA2/mosaic_delta_phase1/rtl/xorflow_decoder_pipelined.sv:31$33 ($add).
  creating $macc model for $flatten\lanes[16].decoder.$add$/home/rishabh/HPCA2/mosaic_delta_phase1/rtl/xorflow_decoder_pipelined.sv:31$45 ($add).
  creating $macc model for $flatten\lanes[16].decoder.$add$/home/rishabh/HPCA2/mosaic_delta_phase1/rtl/xorflow_decoder_pipelined.sv:31$57 ($add).
  creating $macc model for $flatten\lanes[16].decoder.$add$/home/rishabh/HPCA2/mosaic_delta_phase1/rtl/xorflow_decoder_pipelined.sv:31$69 ($add).
  creating $macc model for $flatten\lanes[16].decoder.$add$/home/rishabh/HPCA2/mosaic_delta_phase1/rtl/xorflow_decoder_pipelined.sv:31$81 ($add).
  creating $macc model for $flatten\lanes[16].decoder.$add$/home/rishabh/HPCA2/mosaic_delta_phase1/rtl/xorflow_decoder_pipelined.sv:31$9 ($add).
  creating $macc model for $flatten\lanes[16].decoder.$add$/home/rishabh/HPCA2/mosaic_delta_phase1/rtl/xorflow_decoder_pipelined.sv:31$93 ($add).
  creating $macc model for $flatten\lanes[17].decoder.$add$/home/rishabh/HPCA2/mosaic_delta_phase1/rtl/xorflow_decoder_pipelined.sv:20$103 ($add).
  creating $macc model for $flatten\lanes[17].decoder.$add$/home/rishabh/HPCA2/mosaic_delta_phase1/rtl/xorflow_decoder_pipelined.sv:20$104 ($add).
  creating $macc model for $flatten\lanes[17].decoder.$add$/home/rishabh/HPCA2/mosaic_delta_phase1/rtl/xorflow_decoder_pipelined.sv:20$106 ($add).
  creating $macc model for $flatten\lanes[17].decoder.$add$/home/rishabh/HPCA2/mosaic_delta_phase1/rtl/xorflow_decoder_pipelined.sv:20$108 ($add).
  creating $macc model for $flatten\lanes[17].decoder.$add$/home/rishabh/HPCA2/mosaic_delta_phase1/rtl/xorflow_decoder_pipelined.sv:20$111 ($add).
  creating $macc model for $flatten\lanes[17].decoder.$add$/home/rishabh/HPCA2/mosaic_delta_phase1/rtl/xorflow_decoder_pipelined.sv:20$114 ($add).
  creating $macc model for $flatten\lanes[17].decoder.$add$/home/rishabh/HPCA2/mosaic_delta_phase1/rtl/xorflow_decoder_pipelined.sv:20$117 ($add).
  creating $macc model for $flatten\lanes[17].decoder.$add$/home/rishabh/HPCA2/mosaic_delta_phase1/rtl/xorflow_decoder_pipelined.sv:21$105 ($add).
  creating $macc model for $flatten\lanes[17].decoder.$add$/home/rishabh/HPCA2/mosaic_delta_phase1/rtl/xorflow_decoder_pipelined.sv:21$107 ($add).
  creating $macc model for $flatten\lanes[17].decoder.$add$/home/rishabh/HPCA2/mosaic_delta_phase1/rtl/xorflow_decoder_pipelined.sv:21$109 ($add).
  creating $macc model for $flatten\lanes[17].decoder.$add$/home/rishabh/HPCA2/mosaic_delta_phase1/rtl/xorflow_decoder_pipelined.sv:21$112 ($add).
  creating $macc model for $flatten\lanes[17].decoder.$add$/home/rishabh/HPCA2/mosaic_delta_phase1/rtl/xorflow_decoder_pipelined.sv:21$115 ($add).
  creating $macc model for $flatten\lanes[17].decoder.$add$/home/rishabh/HPCA2/mosaic_delta_phase1/rtl/xorflow_decoder_pipelined.sv:21$118 ($add).
  creating $macc model for $flatten\lanes[17].decoder.$add$/home/rishabh/HPCA2/mosaic_delta_phase1/rtl/xorflow_decoder_pipelined.sv:22$110 ($add).
  creating $macc model for $flatten\lanes[17].decoder.$add$/home/rishabh/HPCA2/mosaic_delta_phase1/rtl/xorflow_decoder_pipelined.sv:22$113 ($add).
  creating $macc model for $flatten\lanes[17].decoder.$add$/home/rishabh/HPCA2/mosaic_delta_phase1/rtl/xorflow_decoder_pipelined.sv:22$116 ($add).
  creating $macc model for $flatten\lanes[17].decoder.$add$/home/rishabh/HPCA2/mosaic_delta_phase1/rtl/xorflow_decoder_pipelined.sv:22$119 ($add).
  creating $macc model for $flatten\lanes[17].decoder.$add$/home/rishabh/HPCA2/mosaic_delta_phase1/rtl/xorflow_decoder_pipelined.sv:31$21 ($add).
  creating $macc model for $flatten\lanes[17].decoder.$add$/home/rishabh/HPCA2/mosaic_delta_phase1/rtl/xorflow_decoder_pipelined.sv:31$33 ($add).
  creating $macc model for $flatten\lanes[17].decoder.$add$/home/rishabh/HPCA2/mosaic_delta_phase1/rtl/xorflow_decoder_pipelined.sv:31$45 ($add).
  creating $macc model for $flatten\lanes[17].decoder.$add$/home/rishabh/HPCA2/mosaic_delta_phase1/rtl/xorflow_decoder_pipelined.sv:31$57 ($add).
  creating $macc model for $flatten\lanes[17].decoder.$add$/home/rishabh/HPCA2/mosaic_delta_phase1/rtl/xorflow_decoder_pipelined.sv:31$69 ($add).
  creating $macc model for $flatten\lanes[17].decoder.$add$/home/rishabh/HPCA2/mosaic_delta_phase1/rtl/xorflow_decoder_pipelined.sv:31$81 ($add).
  creating $macc model for $flatten\lanes[17].decoder.$add$/home/rishabh/HPCA2/mosaic_delta_phase1/rtl/xorflow_decoder_pipelined.sv:31$9 ($add).
  creating $macc model for $flatten\lanes[17].decoder.$add$/home/rishabh/HPCA2/mosaic_delta_phase1/rtl/xorflow_decoder_pipelined.sv:31$93 ($add).
  creating $macc model for $flatten\lanes[18].decoder.$add$/home/rishabh/HPCA2/mosaic_delta_phase1/rtl/xorflow_decoder_pipelined.sv:20$103 ($add).
  creating $macc model for $flatten\lanes[18].decoder.$add$/home/rishabh/HPCA2/mosaic_delta_phase1/rtl/xorflow_decoder_pipelined.sv:20$104 ($add).
  creating $macc model for $flatten\lanes[18].decoder.$add$/home/rishabh/HPCA2/mosaic_delta_phase1/rtl/xorflow_decoder_pipelined.sv:20$106 ($add).
  creating $macc model for $flatten\lanes[18].decoder.$add$/home/rishabh/HPCA2/mosaic_delta_phase1/rtl/xorflow_decoder_pipelined.sv:20$108 ($add).
  creating $macc model for $flatten\lanes[18].decoder.$add$/home/rishabh/HPCA2/mosaic_delta_phase1/rtl/xorflow_decoder_pipelined.sv:20$111 ($add).
  creating $macc model for $flatten\lanes[18].decoder.$add$/home/rishabh/HPCA2/mosaic_delta_phase1/rtl/xorflow_decoder_pipelined.sv:20$114 ($add).
  creating $macc model for $flatten\lanes[18].decoder.$add$/home/rishabh/HPCA2/mosaic_delta_phase1/rtl/xorflow_decoder_pipelined.sv:20$117 ($add).
  creating $macc model for $flatten\lanes[18].decoder.$add$/home/rishabh/HPCA2/mosaic_delta_phase1/rtl/xorflow_decoder_pipelined.sv:21$105 ($add).
  creating $macc model for $flatten\lanes[18].decoder.$add$/home/rishabh/HPCA2/mosaic_delta_phase1/rtl/xorflow_decoder_pipelined.sv:21$107 ($add).
  creating $macc model for $flatten\lanes[18].decoder.$add$/home/rishabh/HPCA2/mosaic_delta_phase1/rtl/xorflow_decoder_pipelined.sv:21$109 ($add).
  creating $macc model for $flatten\lanes[18].decoder.$add$/home/rishabh/HPCA2/mosaic_delta_phase1/rtl/xorflow_decoder_pipelined.sv:21$112 ($add).
  creating $macc model for $flatten\lanes[18].decoder.$add$/home/rishabh/HPCA2/mosaic_delta_phase1/rtl/xorflow_decoder_pipelined.sv:21$115 ($add).
  creating $macc model for $flatten\lanes[18].decoder.$add$/home/rishabh/HPCA2/mosaic_delta_phase1/rtl/xorflow_decoder_pipelined.sv:21$118 ($add).
  creating $macc model for $flatten\lanes[18].decoder.$add$/home/rishabh/HPCA2/mosaic_delta_phase1/rtl/xorflow_decoder_pipelined.sv:22$110 ($add).
  creating $macc model for $flatten\lanes[18].decoder.$add$/home/rishabh/HPCA2/mosaic_delta_phase1/rtl/xorflow_decoder_pipelined.sv:22$113 ($add).
  creating $macc model for $flatten\lanes[18].decoder.$add$/home/rishabh/HPCA2/mosaic_delta_phase1/rtl/xorflow_decoder_pipelined.sv:22$116 ($add).
  creating $macc model for $flatten\lanes[18].decoder.$add$/home/rishabh/HPCA2/mosaic_delta_phase1/rtl/xorflow_decoder_pipelined.sv:22$119 ($add).
  creating $macc model for $flatten\lanes[18].decoder.$add$/home/rishabh/HPCA2/mosaic_delta_phase1/rtl/xorflow_decoder_pipelined.sv:31$21 ($add).
  creating $macc model for $flatten\lanes[18].decoder.$add$/home/rishabh/HPCA2/mosaic_delta_phase1/rtl/xorflow_decoder_pipelined.sv:31$33 ($add).
  creating $macc model for $flatten\lanes[18].decoder.$add$/home/rishabh/HPCA2/mosaic_delta_phase1/rtl/xorflow_decoder_pipelined.sv:31$45 ($add).
  creating $macc model for $flatten\lanes[18].decoder.$add$/home/rishabh/HPCA2/mosaic_delta_phase1/rtl/xorflow_decoder_pipelined.sv:31$57 ($add).
  creating $macc model for $flatten\lanes[18].decoder.$add$/home/rishabh/HPCA2/mosaic_delta_phase1/rtl/xorflow_decoder_pipelined.sv:31$69 ($add).
  creating $macc model for $flatten\lanes[18].decoder.$add$/home/rishabh/HPCA2/mosaic_delta_phase1/rtl/xorflow_decoder_pipelined.sv:31$81 ($add).
  creating $macc model for $flatten\lanes[18].decoder.$add$/home/rishabh/HPCA2/mosaic_delta_phase1/rtl/xorflow_decoder_pipelined.sv:31$9 ($add).
  creating $macc model for $flatten\lanes[18].decoder.$add$/home/rishabh/HPCA2/mosaic_delta_phase1/rtl/xorflow_decoder_pipelined.sv:31$93 ($add).
  creating $macc model for $flatten\lanes[19].decoder.$add$/home/rishabh/HPCA2/mosaic_delta_phase1/rtl/xorflow_decoder_pipelined.sv:20$103 ($add).
  creating $macc model for $flatten\lanes[19].decoder.$add$/home/rishabh/HPCA2/mosaic_delta_phase1/rtl/xorflow_decoder_pipelined.sv:20$104 ($add).
  creating $macc model for $flatten\lanes[19].decoder.$add$/home/rishabh/HPCA2/mosaic_delta_phase1/rtl/xorflow_decoder_pipelined.sv:20$106 ($add).
  creating $macc model for $flatten\lanes[19].decoder.$add$/home/rishabh/HPCA2/mosaic_delta_phase1/rtl/xorflow_decoder_pipelined.sv:20$108 ($add).
  creating $macc model for $flatten\lanes[19].decoder.$add$/home/rishabh/HPCA2/mosaic_delta_phase1/rtl/xorflow_decoder_pipelined.sv:20$111 ($add).
  creating $macc model for $flatten\lanes[19].decoder.$add$/home/rishabh/HPCA2/mosaic_delta_phase1/rtl/xorflow_decoder_pipelined.sv:20$114 ($add).
  creating $macc model for $flatten\lanes[19].decoder.$add$/home/rishabh/HPCA2/mosaic_delta_phase1/rtl/xorflow_decoder_pipelined.sv:20$117 ($add).
  creating $macc model for $flatten\lanes[19].decoder.$add$/home/rishabh/HPCA2/mosaic_delta_phase1/rtl/xorflow_decoder_pipelined.sv:21$105 ($add).
  creating $macc model for $flatten\lanes[19].decoder.$add$/home/rishabh/HPCA2/mosaic_delta_phase1/rtl/xorflow_decoder_pipelined.sv:21$107 ($add).
  creating $macc model for $flatten\lanes[19].decoder.$add$/home/rishabh/HPCA2/mosaic_delta_phase1/rtl/xorflow_decoder_pipelined.sv:21$109 ($add).
  creating $macc model for $flatten\lanes[19].decoder.$add$/home/rishabh/HPCA2/mosaic_delta_phase1/rtl/xorflow_decoder_pipelined.sv:21$112 ($add).
  creating $macc model for $flatten\lanes[19].decoder.$add$/home/rishabh/HPCA2/mosaic_delta_phase1/rtl/xorflow_decoder_pipelined.sv:21$115 ($add).
  creating $macc model for $flatten\lanes[19].decoder.$add$/home/rishabh/HPCA2/mosaic_delta_phase1/rtl/xorflow_decoder_pipelined.sv:21$118 ($add).
  creating $macc model for $flatten\lanes[19].decoder.$add$/home/rishabh/HPCA2/mosaic_delta_phase1/rtl/xorflow_decoder_pipelined.sv:22$110 ($add).
  creating $macc model for $flatten\lanes[19].decoder.$add$/home/rishabh/HPCA2/mosaic_delta_phase1/rtl/xorflow_decoder_pipelined.sv:22$113 ($add).
  creating $macc model for $flatten\lanes[19].decoder.$add$/home/rishabh/HPCA2/mosaic_delta_phase1/rtl/xorflow_decoder_pipelined.sv:22$116 ($add).
  creating $macc model for $flatten\lanes[19].decoder.$add$/home/rishabh/HPCA2/mosaic_delta_phase1/rtl/xorflow_decoder_pipelined.sv:22$119 ($add).
  creating $macc model for $flatten\lanes[19].decoder.$add$/home/rishabh/HPCA2/mosaic_delta_phase1/rtl/xorflow_decoder_pipelined.sv:31$21 ($add).
  creating $macc model for $flatten\lanes[19].decoder.$add$/home/rishabh/HPCA2/mosaic_delta_phase1/rtl/xorflow_decoder_pipelined.sv:31$33 ($add).
  creating $macc model for $flatten\lanes[19].decoder.$add$/home/rishabh/HPCA2/mosaic_delta_phase1/rtl/xorflow_decoder_pipelined.sv:31$45 ($add).
  creating $macc model for $flatten\lanes[19].decoder.$add$/home/rishabh/HPCA2/mosaic_delta_phase1/rtl/xorflow_decoder_pipelined.sv:31$57 ($add).
  creating $macc model for $flatten\lanes[19].decoder.$add$/home/rishabh/HPCA2/mosaic_delta_phase1/rtl/xorflow_decoder_pipelined.sv:31$69 ($add).
  creating $macc model for $flatten\lanes[19].decoder.$add$/home/rishabh/HPCA2/mosaic_delta_phase1/rtl/xorflow_decoder_pipelined.sv:31$81 ($add).
  creating $macc model for $flatten\lanes[19].decoder.$add$/home/rishabh/HPCA2/mosaic_delta_phase1/rtl/xorflow_decoder_pipelined.sv:31$9 ($add).
  creating $macc model for $flatten\lanes[19].decoder.$add$/home/rishabh/HPCA2/mosaic_delta_phase1/rtl/xorflow_decoder_pipelined.sv:31$93 ($add).
  creating $macc model for $flatten\lanes[1].decoder.$add$/home/rishabh/HPCA2/mosaic_delta_phase1/rtl/xorflow_decoder_pipelined.sv:20$103 ($add).
  creating $macc model for $flatten\lanes[1].decoder.$add$/home/rishabh/HPCA2/mosaic_delta_phase1/rtl/xorflow_decoder_pipelined.sv:20$104 ($add).
  creating $macc model for $flatten\lanes[1].decoder.$add$/home/rishabh/HPCA2/mosaic_delta_phase1/rtl/xorflow_decoder_pipelined.sv:20$106 ($add).
  creating $macc model for $flatten\lanes[1].decoder.$add$/home/rishabh/HPCA2/mosaic_delta_phase1/rtl/xorflow_decoder_pipelined.sv:20$108 ($add).
  creating $macc model for $flatten\lanes[1].decoder.$add$/home/rishabh/HPCA2/mosaic_delta_phase1/rtl/xorflow_decoder_pipelined.sv:20$111 ($add).
  creating $macc model for $flatten\lanes[1].decoder.$add$/home/rishabh/HPCA2/mosaic_delta_phase1/rtl/xorflow_decoder_pipelined.sv:20$114 ($add).
  creating $macc model for $flatten\lanes[1].decoder.$add$/home/rishabh/HPCA2/mosaic_delta_phase1/rtl/xorflow_decoder_pipelined.sv:20$117 ($add).
  creating $macc model for $flatten\lanes[1].decoder.$add$/home/rishabh/HPCA2/mosaic_delta_phase1/rtl/xorflow_decoder_pipelined.sv:21$105 ($add).
  creating $macc model for $flatten\lanes[1].decoder.$add$/home/rishabh/HPCA2/mosaic_delta_phase1/rtl/xorflow_decoder_pipelined.sv:21$107 ($add).
  creating $macc model for $flatten\lanes[1].decoder.$add$/home/rishabh/HPCA2/mosaic_delta_phase1/rtl/xorflow_decoder_pipelined.sv:21$109 ($add).
  creating $macc model for $flatten\lanes[1].decoder.$add$/home/rishabh/HPCA2/mosaic_delta_phase1/rtl/xorflow_decoder_pipelined.sv:21$112 ($add).
  creating $macc model for $flatten\lanes[1].decoder.$add$/home/rishabh/HPCA2/mosaic_delta_phase1/rtl/xorflow_decoder_pipelined.sv:21$115 ($add).
  creating $macc model for $flatten\lanes[1].decoder.$add$/home/rishabh/HPCA2/mosaic_delta_phase1/rtl/xorflow_decoder_pipelined.sv:21$118 ($add).
  creating $macc model for $flatten\lanes[1].decoder.$add$/home/rishabh/HPCA2/mosaic_delta_phase1/rtl/xorflow_decoder_pipelined.sv:22$110 ($add).
  creating $macc model for $flatten\lanes[1].decoder.$add$/home/rishabh/HPCA2/mosaic_delta_phase1/rtl/xorflow_decoder_pipelined.sv:22$113 ($add).
  creating $macc model for $flatten\lanes[1].decoder.$add$/home/rishabh/HPCA2/mosaic_delta_phase1/rtl/xorflow_decoder_pipelined.sv:22$116 ($add).
  creating $macc model for $flatten\lanes[1].decoder.$add$/home/rishabh/HPCA2/mosaic_delta_phase1/rtl/xorflow_decoder_pipelined.sv:22$119 ($add).
  creating $macc model for $flatten\lanes[1].decoder.$add$/home/rishabh/HPCA2/mosaic_delta_phase1/rtl/xorflow_decoder_pipelined.sv:31$21 ($add).
  creating $macc model for $flatten\lanes[1].decoder.$add$/home/rishabh/HPCA2/mosaic_delta_phase1/rtl/xorflow_decoder_pipelined.sv:31$33 ($add).
  creating $macc model for $flatten\lanes[1].decoder.$add$/home/rishabh/HPCA2/mosaic_delta_phase1/rtl/xorflow_decoder_pipelined.sv:31$45 ($add).
  creating $macc model for $flatten\lanes[1].decoder.$add$/home/rishabh/HPCA2/mosaic_delta_phase1/rtl/xorflow_decoder_pipelined.sv:31$57 ($add).
  creating $macc model for $flatten\lanes[1].decoder.$add$/home/rishabh/HPCA2/mosaic_delta_phase1/rtl/xorflow_decoder_pipelined.sv:31$69 ($add).
  creating $macc model for $flatten\lanes[1].decoder.$add$/home/rishabh/HPCA2/mosaic_delta_phase1/rtl/xorflow_decoder_pipelined.sv:31$81 ($add).
  creating $macc model for $flatten\lanes[1].decoder.$add$/home/rishabh/HPCA2/mosaic_delta_phase1/rtl/xorflow_decoder_pipelined.sv:31$9 ($add).
  creating $macc model for $flatten\lanes[1].decoder.$add$/home/rishabh/HPCA2/mosaic_delta_phase1/rtl/xorflow_decoder_pipelined.sv:31$93 ($add).
  creating $macc model for $flatten\lanes[20].decoder.$add$/home/rishabh/HPCA2/mosaic_delta_phase1/rtl/xorflow_decoder_pipelined.sv:20$103 ($add).
  creating $macc model for $flatten\lanes[20].decoder.$add$/home/rishabh/HPCA2/mosaic_delta_phase1/rtl/xorflow_decoder_pipelined.sv:20$104 ($add).
  creating $macc model for $flatten\lanes[20].decoder.$add$/home/rishabh/HPCA2/mosaic_delta_phase1/rtl/xorflow_decoder_pipelined.sv:20$106 ($add).
  creating $macc model for $flatten\lanes[20].decoder.$add$/home/rishabh/HPCA2/mosaic_delta_phase1/rtl/xorflow_decoder_pipelined.sv:20$108 ($add).
  creating $macc model for $flatten\lanes[20].decoder.$add$/home/rishabh/HPCA2/mosaic_delta_phase1/rtl/xorflow_decoder_pipelined.sv:20$111 ($add).
  creating $macc model for $flatten\lanes[20].decoder.$add$/home/rishabh/HPCA2/mosaic_delta_phase1/rtl/xorflow_decoder_pipelined.sv:20$114 ($add).
  creating $macc model for $flatten\lanes[20].decoder.$add$/home/rishabh/HPCA2/mosaic_delta_phase1/rtl/xorflow_decoder_pipelined.sv:20$117 ($add).
  creating $macc model for $flatten\lanes[20].decoder.$add$/home/rishabh/HPCA2/mosaic_delta_phase1/rtl/xorflow_decoder_pipelined.sv:21$105 ($add).
  creating $macc model for $flatten\lanes[20].decoder.$add$/home/rishabh/HPCA2/mosaic_delta_phase1/rtl/xorflow_decoder_pipelined.sv:21$107 ($add).
  creating $macc model for $flatten\lanes[20].decoder.$add$/home/rishabh/HPCA2/mosaic_delta_phase1/rtl/xorflow_decoder_pipelined.sv:21$109 ($add).
  creating $macc model for $flatten\lanes[20].decoder.$add$/home/rishabh/HPCA2/mosaic_delta_phase1/rtl/xorflow_decoder_pipelined.sv:21$112 ($add).
  creating $macc model for $flatten\lanes[20].decoder.$add$/home/rishabh/HPCA2/mosaic_delta_phase1/rtl/xorflow_decoder_pipelined.sv:21$115 ($add).
  creating $macc model for $flatten\lanes[20].decoder.$add$/home/rishabh/HPCA2/mosaic_delta_phase1/rtl/xorflow_decoder_pipelined.sv:21$118 ($add).
  creating $macc model for $flatten\lanes[20].decoder.$add$/home/rishabh/HPCA2/mosaic_delta_phase1/rtl/xorflow_decoder_pipelined.sv:22$110 ($add).
  creating $macc model for $flatten\lanes[20].decoder.$add$/home/rishabh/HPCA2/mosaic_delta_phase1/rtl/xorflow_decoder_pipelined.sv:22$113 ($add).
  creating $macc model for $flatten\lanes[20].decoder.$add$/home/rishabh/HPCA2/mosaic_delta_phase1/rtl/xorflow_decoder_pipelined.sv:22$116 ($add).
  creating $macc model for $flatten\lanes[20].decoder.$add$/home/rishabh/HPCA2/mosaic_delta_phase1/rtl/xorflow_decoder_pipelined.sv:22$119 ($add).
  creating $macc model for $flatten\lanes[20].decoder.$add$/home/rishabh/HPCA2/mosaic_delta_phase1/rtl/xorflow_decoder_pipelined.sv:31$21 ($add).
  creating $macc model for $flatten\lanes[20].decoder.$add$/home/rishabh/HPCA2/mosaic_delta_phase1/rtl/xorflow_decoder_pipelined.sv:31$33 ($add).
  creating $macc model for $flatten\lanes[20].decoder.$add$/home/rishabh/HPCA2/mosaic_delta_phase1/rtl/xorflow_decoder_pipelined.sv:31$45 ($add).
  creating $macc model for $flatten\lanes[20].decoder.$add$/home/rishabh/HPCA2/mosaic_delta_phase1/rtl/xorflow_decoder_pipelined.sv:31$57 ($add).
  creating $macc model for $flatten\lanes[20].decoder.$add$/home/rishabh/HPCA2/mosaic_delta_phase1/rtl/xorflow_decoder_pipelined.sv:31$69 ($add).
  creating $macc model for $flatten\lanes[20].decoder.$add$/home/rishabh/HPCA2/mosaic_delta_phase1/rtl/xorflow_decoder_pipelined.sv:31$81 ($add).
  creating $macc model for $flatten\lanes[20].decoder.$add$/home/rishabh/HPCA2/mosaic_delta_phase1/rtl/xorflow_decoder_pipelined.sv:31$9 ($add).
  creating $macc model for $flatten\lanes[20].decoder.$add$/home/rishabh/HPCA2/mosaic_delta_phase1/rtl/xorflow_decoder_pipelined.sv:31$93 ($add).
  creating $macc model for $flatten\lanes[21].decoder.$add$/home/rishabh/HPCA2/mosaic_delta_phase1/rtl/xorflow_decoder_pipelined.sv:20$103 ($add).
  creating $macc model for $flatten\lanes[21].decoder.$add$/home/rishabh/HPCA2/mosaic_delta_phase1/rtl/xorflow_decoder_pipelined.sv:20$104 ($add).
  creating $macc model for $flatten\lanes[21].decoder.$add$/home/rishabh/HPCA2/mosaic_delta_phase1/rtl/xorflow_decoder_pipelined.sv:20$106 ($add).
  creating $macc model for $flatten\lanes[21].decoder.$add$/home/rishabh/HPCA2/mosaic_delta_phase1/rtl/xorflow_decoder_pipelined.sv:20$108 ($add).
  creating $macc model for $flatten\lanes[21].decoder.$add$/home/rishabh/HPCA2/mosaic_delta_phase1/rtl/xorflow_decoder_pipelined.sv:20$111 ($add).
  creating $macc model for $flatten\lanes[21].decoder.$add$/home/rishabh/HPCA2/mosaic_delta_phase1/rtl/xorflow_decoder_pipelined.sv:20$114 ($add).
  creating $macc model for $flatten\lanes[21].decoder.$add$/home/rishabh/HPCA2/mosaic_delta_phase1/rtl/xorflow_decoder_pipelined.sv:20$117 ($add).
  creating $macc model for $flatten\lanes[21].decoder.$add$/home/rishabh/HPCA2/mosaic_delta_phase1/rtl/xorflow_decoder_pipelined.sv:21$105 ($add).
  creating $macc model for $flatten\lanes[21].decoder.$add$/home/rishabh/HPCA2/mosaic_delta_phase1/rtl/xorflow_decoder_pipelined.sv:21$107 ($add).
  creating $macc model for $flatten\lanes[21].decoder.$add$/home/rishabh/HPCA2/mosaic_delta_phase1/rtl/xorflow_decoder_pipelined.sv:21$109 ($add).
  creating $macc model for $flatten\lanes[21].decoder.$add$/home/rishabh/HPCA2/mosaic_delta_phase1/rtl/xorflow_decoder_pipelined.sv:21$112 ($add).
  creating $macc model for $flatten\lanes[21].decoder.$add$/home/rishabh/HPCA2/mosaic_delta_phase1/rtl/xorflow_decoder_pipelined.sv:21$115 ($add).
  creating $macc model for $flatten\lanes[21].decoder.$add$/home/rishabh/HPCA2/mosaic_delta_phase1/rtl/xorflow_decoder_pipelined.sv:21$118 ($add).
  creating $macc model for $flatten\lanes[21].decoder.$add$/home/rishabh/HPCA2/mosaic_delta_phase1/rtl/xorflow_decoder_pipelined.sv:22$110 ($add).
  creating $macc model for $flatten\lanes[21].decoder.$add$/home/rishabh/HPCA2/mosaic_delta_phase1/rtl/xorflow_decoder_pipelined.sv:22$113 ($add).
  creating $macc model for $flatten\lanes[21].decoder.$add$/home/rishabh/HPCA2/mosaic_delta_phase1/rtl/xorflow_decoder_pipelined.sv:22$116 ($add).
  creating $macc model for $flatten\lanes[21].decoder.$add$/home/rishabh/HPCA2/mosaic_delta_phase1/rtl/xorflow_decoder_pipelined.sv:22$119 ($add).
  creating $macc model for $flatten\lanes[21].decoder.$add$/home/rishabh/HPCA2/mosaic_delta_phase1/rtl/xorflow_decoder_pipelined.sv:31$21 ($add).
  creating $macc model for $flatten\lanes[21].decoder.$add$/home/rishabh/HPCA2/mosaic_delta_phase1/rtl/xorflow_decoder_pipelined.sv:31$33 ($add).
  creating $macc model for $flatten\lanes[21].decoder.$add$/home/rishabh/HPCA2/mosaic_delta_phase1/rtl/xorflow_decoder_pipelined.sv:31$45 ($add).
  creating $macc model for $flatten\lanes[21].decoder.$add$/home/rishabh/HPCA2/mosaic_delta_phase1/rtl/xorflow_decoder_pipelined.sv:31$57 ($add).
  creating $macc model for $flatten\lanes[21].decoder.$add$/home/rishabh/HPCA2/mosaic_delta_phase1/rtl/xorflow_decoder_pipelined.sv:31$69 ($add).
  creating $macc model for $flatten\lanes[21].decoder.$add$/home/rishabh/HPCA2/mosaic_delta_phase1/rtl/xorflow_decoder_pipelined.sv:31$81 ($add).
  creating $macc model for $flatten\lanes[21].decoder.$add$/home/rishabh/HPCA2/mosaic_delta_phase1/rtl/xorflow_decoder_pipelined.sv:31$9 ($add).
  creating $macc model for $flatten\lanes[21].decoder.$add$/home/rishabh/HPCA2/mosaic_delta_phase1/rtl/xorflow_decoder_pipelined.sv:31$93 ($add).
  creating $macc model for $flatten\lanes[22].decoder.$add$/home/rishabh/HPCA2/mosaic_delta_phase1/rtl/xorflow_decoder_pipelined.sv:20$103 ($add).
  creating $macc model for $flatten\lanes[22].decoder.$add$/home/rishabh/HPCA2/mosaic_delta_phase1/rtl/xorflow_decoder_pipelined.sv:20$104 ($add).
  creating $macc model for $flatten\lanes[22].decoder.$add$/home/rishabh/HPCA2/mosaic_delta_phase1/rtl/xorflow_decoder_pipelined.sv:20$106 ($add).
  creating $macc model for $flatten\lanes[22].decoder.$add$/home/rishabh/HPCA2/mosaic_delta_phase1/rtl/xorflow_decoder_pipelined.sv:20$108 ($add).
  creating $macc model for $flatten\lanes[22].decoder.$add$/home/rishabh/HPCA2/mosaic_delta_phase1/rtl/xorflow_decoder_pipelined.sv:20$111 ($add).
  creating $macc model for $flatten\lanes[22].decoder.$add$/home/rishabh/HPCA2/mosaic_delta_phase1/rtl/xorflow_decoder_pipelined.sv:20$114 ($add).
  creating $macc model for $flatten\lanes[22].decoder.$add$/home/rishabh/HPCA2/mosaic_delta_phase1/rtl/xorflow_decoder_pipelined.sv:20$117 ($add).
  creating $macc model for $flatten\lanes[22].decoder.$add$/home/rishabh/HPCA2/mosaic_delta_phase1/rtl/xorflow_decoder_pipelined.sv:21$105 ($add).
  creating $macc model for $flatten\lanes[22].decoder.$add$/home/rishabh/HPCA2/mosaic_delta_phase1/rtl/xorflow_decoder_pipelined.sv:21$107 ($add).
  creating $macc model for $flatten\lanes[22].decoder.$add$/home/rishabh/HPCA2/mosaic_delta_phase1/rtl/xorflow_decoder_pipelined.sv:21$109 ($add).
  creating $macc model for $flatten\lanes[22].decoder.$add$/home/rishabh/HPCA2/mosaic_delta_phase1/rtl/xorflow_decoder_pipelined.sv:21$112 ($add).
  creating $macc model for $flatten\lanes[22].decoder.$add$/home/rishabh/HPCA2/mosaic_delta_phase1/rtl/xorflow_decoder_pipelined.sv:21$115 ($add).
  creating $macc model for $flatten\lanes[22].decoder.$add$/home/rishabh/HPCA2/mosaic_delta_phase1/rtl/xorflow_decoder_pipelined.sv:21$118 ($add).
  creating $macc model for $flatten\lanes[22].decoder.$add$/home/rishabh/HPCA2/mosaic_delta_phase1/rtl/xorflow_decoder_pipelined.sv:22$110 ($add).
  creating $macc model for $flatten\lanes[22].decoder.$add$/home/rishabh/HPCA2/mosaic_delta_phase1/rtl/xorflow_decoder_pipelined.sv:22$113 ($add).
  creating $macc model for $flatten\lanes[22].decoder.$add$/home/rishabh/HPCA2/mosaic_delta_phase1/rtl/xorflow_decoder_pipelined.sv:22$116 ($add).
  creating $macc model for $flatten\lanes[22].decoder.$add$/home/rishabh/HPCA2/mosaic_delta_phase1/rtl/xorflow_decoder_pipelined.sv:22$119 ($add).
  creating $macc model for $flatten\lanes[22].decoder.$add$/home/rishabh/HPCA2/mosaic_delta_phase1/rtl/xorflow_decoder_pipelined.sv:31$21 ($add).
  creating $macc model for $flatten\lanes[22].decoder.$add$/home/rishabh/HPCA2/mosaic_delta_phase1/rtl/xorflow_decoder_pipelined.sv:31$33 ($add).
  creating $macc model for $flatten\lanes[22].decoder.$add$/home/rishabh/HPCA2/mosaic_delta_phase1/rtl/xorflow_decoder_pipelined.sv:31$45 ($add).
  creating $macc model for $flatten\lanes[22].decoder.$add$/home/rishabh/HPCA2/mosaic_delta_phase1/rtl/xorflow_decoder_pipelined.sv:31$57 ($add).
  creating $macc model for $flatten\lanes[22].decoder.$add$/home/rishabh/HPCA2/mosaic_delta_phase1/rtl/xorflow_decoder_pipelined.sv:31$69 ($add).
  creating $macc model for $flatten\lanes[22].decoder.$add$/home/rishabh/HPCA2/mosaic_delta_phase1/rtl/xorflow_decoder_pipelined.sv:31$81 ($add).
  creating $macc model for $flatten\lanes[22].decoder.$add$/home/rishabh/HPCA2/mosaic_delta_phase1/rtl/xorflow_decoder_pipelined.sv:31$9 ($add).
  creating $macc model for $flatten\lanes[22].decoder.$add$/home/rishabh/HPCA2/mosaic_delta_phase1/rtl/xorflow_decoder_pipelined.sv:31$93 ($add).
  creating $macc model for $flatten\lanes[23].decoder.$add$/home/rishabh/HPCA2/mosaic_delta_phase1/rtl/xorflow_decoder_pipelined.sv:20$103 ($add).
  creating $macc model for $flatten\lanes[23].decoder.$add$/home/rishabh/HPCA2/mosaic_delta_phase1/rtl/xorflow_decoder_pipelined.sv:20$104 ($add).
  creating $macc model for $flatten\lanes[23].decoder.$add$/home/rishabh/HPCA2/mosaic_delta_phase1/rtl/xorflow_decoder_pipelined.sv:20$106 ($add).
  creating $macc model for $flatten\lanes[23].decoder.$add$/home/rishabh/HPCA2/mosaic_delta_phase1/rtl/xorflow_decoder_pipelined.sv:20$108 ($add).
  creating $macc model for $flatten\lanes[23].decoder.$add$/home/rishabh/HPCA2/mosaic_delta_phase1/rtl/xorflow_decoder_pipelined.sv:20$111 ($add).
  creating $macc model for $flatten\lanes[23].decoder.$add$/home/rishabh/HPCA2/mosaic_delta_phase1/rtl/xorflow_decoder_pipelined.sv:20$114 ($add).
  creating $macc model for $flatten\lanes[23].decoder.$add$/home/rishabh/HPCA2/mosaic_delta_phase1/rtl/xorflow_decoder_pipelined.sv:20$117 ($add).
  creating $macc model for $flatten\lanes[23].decoder.$add$/home/rishabh/HPCA2/mosaic_delta_phase1/rtl/xorflow_decoder_pipelined.sv:21$105 ($add).
  creating $macc model for $flatten\lanes[23].decoder.$add$/home/rishabh/HPCA2/mosaic_delta_phase1/rtl/xorflow_decoder_pipelined.sv:21$107 ($add).
  creating $macc model for $flatten\lanes[23].decoder.$add$/home/rishabh/HPCA2/mosaic_delta_phase1/rtl/xorflow_decoder_pipelined.sv:21$109 ($add).
  creating $macc model for $flatten\lanes[23].decoder.$add$/home/rishabh/HPCA2/mosaic_delta_phase1/rtl/xorflow_decoder_pipelined.sv:21$112 ($add).
  creating $macc model for $flatten\lanes[23].decoder.$add$/home/rishabh/HPCA2/mosaic_delta_phase1/rtl/xorflow_decoder_pipelined.sv:21$115 ($add).
  creating $macc model for $flatten\lanes[23].decoder.$add$/home/rishabh/HPCA2/mosaic_delta_phase1/rtl/xorflow_decoder_pipelined.sv:21$118 ($add).
  creating $macc model for $flatten\lanes[23].decoder.$add$/home/rishabh/HPCA2/mosaic_delta_phase1/rtl/xorflow_decoder_pipelined.sv:22$110 ($add).
  creating $macc model for $flatten\lanes[23].decoder.$add$/home/rishabh/HPCA2/mosaic_delta_phase1/rtl/xorflow_decoder_pipelined.sv:22$113 ($add).
  creating $macc model for $flatten\lanes[23].decoder.$add$/home/rishabh/HPCA2/mosaic_delta_phase1/rtl/xorflow_decoder_pipelined.sv:22$116 ($add).
  creating $macc model for $flatten\lanes[23].decoder.$add$/home/rishabh/HPCA2/mosaic_delta_phase1/rtl/xorflow_decoder_pipelined.sv:22$119 ($add).
  creating $macc model for $flatten\lanes[23].decoder.$add$/home/rishabh/HPCA2/mosaic_delta_phase1/rtl/xorflow_decoder_pipelined.sv:31$21 ($add).
  creating $macc model for $flatten\lanes[23].decoder.$add$/home/rishabh/HPCA2/mosaic_delta_phase1/rtl/xorflow_decoder_pipelined.sv:31$33 ($add).
  creating $macc model for $flatten\lanes[23].decoder.$add$/home/rishabh/HPCA2/mosaic_delta_phase1/rtl/xorflow_decoder_pipelined.sv:31$45 ($add).
  creating $macc model for $flatten\lanes[23].decoder.$add$/home/rishabh/HPCA2/mosaic_delta_phase1/rtl/xorflow_decoder_pipelined.sv:31$57 ($add).
  creating $macc model for $flatten\lanes[23].decoder.$add$/home/rishabh/HPCA2/mosaic_delta_phase1/rtl/xorflow_decoder_pipelined.sv:31$69 ($add).
  creating $macc model for $flatten\lanes[23].decoder.$add$/home/rishabh/HPCA2/mosaic_delta_phase1/rtl/xorflow_decoder_pipelined.sv:31$81 ($add).
  creating $macc model for $flatten\lanes[23].decoder.$add$/home/rishabh/HPCA2/mosaic_delta_phase1/rtl/xorflow_decoder_pipelined.sv:31$9 ($add).
  creating $macc model for $flatten\lanes[23].decoder.$add$/home/rishabh/HPCA2/mosaic_delta_phase1/rtl/xorflow_decoder_pipelined.sv:31$93 ($add).
  creating $macc model for $flatten\lanes[24].decoder.$add$/home/rishabh/HPCA2/mosaic_delta_phase1/rtl/xorflow_decoder_pipelined.sv:20$103 ($add).
  creating $macc model for $flatten\lanes[24].decoder.$add$/home/rishabh/HPCA2/mosaic_delta_phase1/rtl/xorflow_decoder_pipelined.sv:20$104 ($add).
  creating $macc model for $flatten\lanes[24].decoder.$add$/home/rishabh/HPCA2/mosaic_delta_phase1/rtl/xorflow_decoder_pipelined.sv:20$106 ($add).
  creating $macc model for $flatten\lanes[24].decoder.$add$/home/rishabh/HPCA2/mosaic_delta_phase1/rtl/xorflow_decoder_pipelined.sv:20$108 ($add).
  creating $macc model for $flatten\lanes[24].decoder.$add$/home/rishabh/HPCA2/mosaic_delta_phase1/rtl/xorflow_decoder_pipelined.sv:20$111 ($add).
  creating $macc model for $flatten\lanes[24].decoder.$add$/home/rishabh/HPCA2/mosaic_delta_phase1/rtl/xorflow_decoder_pipelined.sv:20$114 ($add).
  creating $macc model for $flatten\lanes[24].decoder.$add$/home/rishabh/HPCA2/mosaic_delta_phase1/rtl/xorflow_decoder_pipelined.sv:20$117 ($add).
  creating $macc model for $flatten\lanes[24].decoder.$add$/home/rishabh/HPCA2/mosaic_delta_phase1/rtl/xorflow_decoder_pipelined.sv:21$105 ($add).
  creating $macc model for $flatten\lanes[24].decoder.$add$/home/rishabh/HPCA2/mosaic_delta_phase1/rtl/xorflow_decoder_pipelined.sv:21$107 ($add).
  creating $macc model for $flatten\lanes[24].decoder.$add$/home/rishabh/HPCA2/mosaic_delta_phase1/rtl/xorflow_decoder_pipelined.sv:21$109 ($add).
  creating $macc model for $flatten\lanes[24].decoder.$add$/home/rishabh/HPCA2/mosaic_delta_phase1/rtl/xorflow_decoder_pipelined.sv:21$112 ($add).
  creating $macc model for $flatten\lanes[24].decoder.$add$/home/rishabh/HPCA2/mosaic_delta_phase1/rtl/xorflow_decoder_pipelined.sv:21$115 ($add).
  creating $macc model for $flatten\lanes[24].decoder.$add$/home/rishabh/HPCA2/mosaic_delta_phase1/rtl/xorflow_decoder_pipelined.sv:21$118 ($add).
  creating $macc model for $flatten\lanes[24].decoder.$add$/home/rishabh/HPCA2/mosaic_delta_phase1/rtl/xorflow_decoder_pipelined.sv:22$110 ($add).
  creating $macc model for $flatten\lanes[24].decoder.$add$/home/rishabh/HPCA2/mosaic_delta_phase1/rtl/xorflow_decoder_pipelined.sv:22$113 ($add).
  creating $macc model for $flatten\lanes[24].decoder.$add$/home/rishabh/HPCA2/mosaic_delta_phase1/rtl/xorflow_decoder_pipelined.sv:22$116 ($add).
  creating $macc model for $flatten\lanes[24].decoder.$add$/home/rishabh/HPCA2/mosaic_delta_phase1/rtl/xorflow_decoder_pipelined.sv:22$119 ($add).
  creating $macc model for $flatten\lanes[24].decoder.$add$/home/rishabh/HPCA2/mosaic_delta_phase1/rtl/xorflow_decoder_pipelined.sv:31$21 ($add).
  creating $macc model for $flatten\lanes[24].decoder.$add$/home/rishabh/HPCA2/mosaic_delta_phase1/rtl/xorflow_decoder_pipelined.sv:31$33 ($add).
  creating $macc model for $flatten\lanes[24].decoder.$add$/home/rishabh/HPCA2/mosaic_delta_phase1/rtl/xorflow_decoder_pipelined.sv:31$45 ($add).
  creating $macc model for $flatten\lanes[24].decoder.$add$/home/rishabh/HPCA2/mosaic_delta_phase1/rtl/xorflow_decoder_pipelined.sv:31$57 ($add).
  creating $macc model for $flatten\lanes[24].decoder.$add$/home/rishabh/HPCA2/mosaic_delta_phase1/rtl/xorflow_decoder_pipelined.sv:31$69 ($add).
  creating $macc model for $flatten\lanes[24].decoder.$add$/home/rishabh/HPCA2/mosaic_delta_phase1/rtl/xorflow_decoder_pipelined.sv:31$81 ($add).
  creating $macc model for $flatten\lanes[24].decoder.$add$/home/rishabh/HPCA2/mosaic_delta_phase1/rtl/xorflow_decoder_pipelined.sv:31$9 ($add).
  creating $macc model for $flatten\lanes[24].decoder.$add$/home/rishabh/HPCA2/mosaic_delta_phase1/rtl/xorflow_decoder_pipelined.sv:31$93 ($add).
  creating $macc model for $flatten\lanes[25].decoder.$add$/home/rishabh/HPCA2/mosaic_delta_phase1/rtl/xorflow_decoder_pipelined.sv:20$103 ($add).
  creating $macc model for $flatten\lanes[25].decoder.$add$/home/rishabh/HPCA2/mosaic_delta_phase1/rtl/xorflow_decoder_pipelined.sv:20$104 ($add).
  creating $macc model for $flatten\lanes[25].decoder.$add$/home/rishabh/HPCA2/mosaic_delta_phase1/rtl/xorflow_decoder_pipelined.sv:20$106 ($add).
  creating $macc model for $flatten\lanes[25].decoder.$add$/home/rishabh/HPCA2/mosaic_delta_phase1/rtl/xorflow_decoder_pipelined.sv:20$108 ($add).
  creating $macc model for $flatten\lanes[25].decoder.$add$/home/rishabh/HPCA2/mosaic_delta_phase1/rtl/xorflow_decoder_pipelined.sv:20$111 ($add).
  creating $macc model for $flatten\lanes[25].decoder.$add$/home/rishabh/HPCA2/mosaic_delta_phase1/rtl/xorflow_decoder_pipelined.sv:20$114 ($add).
  creating $macc model for $flatten\lanes[25].decoder.$add$/home/rishabh/HPCA2/mosaic_delta_phase1/rtl/xorflow_decoder_pipelined.sv:20$117 ($add).
  creating $macc model for $flatten\lanes[25].decoder.$add$/home/rishabh/HPCA2/mosaic_delta_phase1/rtl/xorflow_decoder_pipelined.sv:21$105 ($add).
  creating $macc model for $flatten\lanes[25].decoder.$add$/home/rishabh/HPCA2/mosaic_delta_phase1/rtl/xorflow_decoder_pipelined.sv:21$107 ($add).
  creating $macc model for $flatten\lanes[25].decoder.$add$/home/rishabh/HPCA2/mosaic_delta_phase1/rtl/xorflow_decoder_pipelined.sv:21$109 ($add).
  creating $macc model for $flatten\lanes[25].decoder.$add$/home/rishabh/HPCA2/mosaic_delta_phase1/rtl/xorflow_decoder_pipelined.sv:21$112 ($add).
  creating $macc model for $flatten\lanes[25].decoder.$add$/home/rishabh/HPCA2/mosaic_delta_phase1/rtl/xorflow_decoder_pipelined.sv:21$115 ($add).
  creating $macc model for $flatten\lanes[25].decoder.$add$/home/rishabh/HPCA2/mosaic_delta_phase1/rtl/xorflow_decoder_pipelined.sv:21$118 ($add).
  creating $macc model for $flatten\lanes[25].decoder.$add$/home/rishabh/HPCA2/mosaic_delta_phase1/rtl/xorflow_decoder_pipelined.sv:22$110 ($add).
  creating $macc model for $flatten\lanes[25].decoder.$add$/home/rishabh/HPCA2/mosaic_delta_phase1/rtl/xorflow_decoder_pipelined.sv:22$113 ($add).
  creating $macc model for $flatten\lanes[25].decoder.$add$/home/rishabh/HPCA2/mosaic_delta_phase1/rtl/xorflow_decoder_pipelined.sv:22$116 ($add).
  creating $macc model for $flatten\lanes[25].decoder.$add$/home/rishabh/HPCA2/mosaic_delta_phase1/rtl/xorflow_decoder_pipelined.sv:22$119 ($add).
  creating $macc model for $flatten\lanes[25].decoder.$add$/home/rishabh/HPCA2/mosaic_delta_phase1/rtl/xorflow_decoder_pipelined.sv:31$21 ($add).
  creating $macc model for $flatten\lanes[25].decoder.$add$/home/rishabh/HPCA2/mosaic_delta_phase1/rtl/xorflow_decoder_pipelined.sv:31$33 ($add).
  creating $macc model for $flatten\lanes[25].decoder.$add$/home/rishabh/HPCA2/mosaic_delta_phase1/rtl/xorflow_decoder_pipelined.sv:31$45 ($add).
  creating $macc model for $flatten\lanes[25].decoder.$add$/home/rishabh/HPCA2/mosaic_delta_phase1/rtl/xorflow_decoder_pipelined.sv:31$57 ($add).
  creating $macc model for $flatten\lanes[25].decoder.$add$/home/rishabh/HPCA2/mosaic_delta_phase1/rtl/xorflow_decoder_pipelined.sv:31$69 ($add).
  creating $macc model for $flatten\lanes[25].decoder.$add$/home/rishabh/HPCA2/mosaic_delta_phase1/rtl/xorflow_decoder_pipelined.sv:31$81 ($add).
  creating $macc model for $flatten\lanes[25].decoder.$add$/home/rishabh/HPCA2/mosaic_delta_phase1/rtl/xorflow_decoder_pipelined.sv:31$9 ($add).
  creating $macc model for $flatten\lanes[25].decoder.$add$/home/rishabh/HPCA2/mosaic_delta_phase1/rtl/xorflow_decoder_pipelined.sv:31$93 ($add).
  creating $macc model for $flatten\lanes[26].decoder.$add$/home/rishabh/HPCA2/mosaic_delta_phase1/rtl/xorflow_decoder_pipelined.sv:20$103 ($add).
  creating $macc model for $flatten\lanes[26].decoder.$add$/home/rishabh/HPCA2/mosaic_delta_phase1/rtl/xorflow_decoder_pipelined.sv:20$104 ($add).
  creating $macc model for $flatten\lanes[26].decoder.$add$/home/rishabh/HPCA2/mosaic_delta_phase1/rtl/xorflow_decoder_pipelined.sv:20$106 ($add).
  creating $macc model for $flatten\lanes[26].decoder.$add$/home/rishabh/HPCA2/mosaic_delta_phase1/rtl/xorflow_decoder_pipelined.sv:20$108 ($add).
  creating $macc model for $flatten\lanes[26].decoder.$add$/home/rishabh/HPCA2/mosaic_delta_phase1/rtl/xorflow_decoder_pipelined.sv:20$111 ($add).
  creating $macc model for $flatten\lanes[26].decoder.$add$/home/rishabh/HPCA2/mosaic_delta_phase1/rtl/xorflow_decoder_pipelined.sv:20$114 ($add).
  creating $macc model for $flatten\lanes[26].decoder.$add$/home/rishabh/HPCA2/mosaic_delta_phase1/rtl/xorflow_decoder_pipelined.sv:20$117 ($add).
  creating $macc model for $flatten\lanes[26].decoder.$add$/home/rishabh/HPCA2/mosaic_delta_phase1/rtl/xorflow_decoder_pipelined.sv:21$105 ($add).
  creating $macc model for $flatten\lanes[26].decoder.$add$/home/rishabh/HPCA2/mosaic_delta_phase1/rtl/xorflow_decoder_pipelined.sv:21$107 ($add).
  creating $macc model for $flatten\lanes[26].decoder.$add$/home/rishabh/HPCA2/mosaic_delta_phase1/rtl/xorflow_decoder_pipelined.sv:21$109 ($add).
  creating $macc model for $flatten\lanes[26].decoder.$add$/home/rishabh/HPCA2/mosaic_delta_phase1/rtl/xorflow_decoder_pipelined.sv:21$112 ($add).
  creating $macc model for $flatten\lanes[26].decoder.$add$/home/rishabh/HPCA2/mosaic_delta_phase1/rtl/xorflow_decoder_pipelined.sv:21$115 ($add).
  creating $macc model for $flatten\lanes[26].decoder.$add$/home/rishabh/HPCA2/mosaic_delta_phase1/rtl/xorflow_decoder_pipelined.sv:21$118 ($add).
  creating $macc model for $flatten\lanes[26].decoder.$add$/home/rishabh/HPCA2/mosaic_delta_phase1/rtl/xorflow_decoder_pipelined.sv:22$110 ($add).
  creating $macc model for $flatten\lanes[26].decoder.$add$/home/rishabh/HPCA2/mosaic_delta_phase1/rtl/xorflow_decoder_pipelined.sv:22$113 ($add).
  creating $macc model for $flatten\lanes[26].decoder.$add$/home/rishabh/HPCA2/mosaic_delta_phase1/rtl/xorflow_decoder_pipelined.sv:22$116 ($add).
  creating $macc model for $flatten\lanes[26].decoder.$add$/home/rishabh/HPCA2/mosaic_delta_phase1/rtl/xorflow_decoder_pipelined.sv:22$119 ($add).
  creating $macc model for $flatten\lanes[26].decoder.$add$/home/rishabh/HPCA2/mosaic_delta_phase1/rtl/xorflow_decoder_pipelined.sv:31$21 ($add).
  creating $macc model for $flatten\lanes[26].decoder.$add$/home/rishabh/HPCA2/mosaic_delta_phase1/rtl/xorflow_decoder_pipelined.sv:31$33 ($add).
  creating $macc model for $flatten\lanes[26].decoder.$add$/home/rishabh/HPCA2/mosaic_delta_phase1/rtl/xorflow_decoder_pipelined.sv:31$45 ($add).
  creating $macc model for $flatten\lanes[26].decoder.$add$/home/rishabh/HPCA2/mosaic_delta_phase1/rtl/xorflow_decoder_pipelined.sv:31$57 ($add).
  creating $macc model for $flatten\lanes[26].decoder.$add$/home/rishabh/HPCA2/mosaic_delta_phase1/rtl/xorflow_decoder_pipelined.sv:31$69 ($add).
  creating $macc model for $flatten\lanes[26].decoder.$add$/home/rishabh/HPCA2/mosaic_delta_phase1/rtl/xorflow_decoder_pipelined.sv:31$81 ($add).
  creating $macc model for $flatten\lanes[26].decoder.$add$/home/rishabh/HPCA2/mosaic_delta_phase1/rtl/xorflow_decoder_pipelined.sv:31$9 ($add).
  creating $macc model for $flatten\lanes[26].decoder.$add$/home/rishabh/HPCA2/mosaic_delta_phase1/rtl/xorflow_decoder_pipelined.sv:31$93 ($add).
  creating $macc model for $flatten\lanes[27].decoder.$add$/home/rishabh/HPCA2/mosaic_delta_phase1/rtl/xorflow_decoder_pipelined.sv:20$103 ($add).
  creating $macc model for $flatten\lanes[27].decoder.$add$/home/rishabh/HPCA2/mosaic_delta_phase1/rtl/xorflow_decoder_pipelined.sv:20$104 ($add).
  creating $macc model for $flatten\lanes[27].decoder.$add$/home/rishabh/HPCA2/mosaic_delta_phase1/rtl/xorflow_decoder_pipelined.sv:20$106 ($add).
  creating $macc model for $flatten\lanes[27].decoder.$add$/home/rishabh/HPCA2/mosaic_delta_phase1/rtl/xorflow_decoder_pipelined.sv:20$108 ($add).
  creating $macc model for $flatten\lanes[27].decoder.$add$/home/rishabh/HPCA2/mosaic_delta_phase1/rtl/xorflow_decoder_pipelined.sv:20$111 ($add).
  creating $macc model for $flatten\lanes[27].decoder.$add$/home/rishabh/HPCA2/mosaic_delta_phase1/rtl/xorflow_decoder_pipelined.sv:20$114 ($add).
  creating $macc model for $flatten\lanes[27].decoder.$add$/home/rishabh/HPCA2/mosaic_delta_phase1/rtl/xorflow_decoder_pipelined.sv:20$117 ($add).
  creating $macc model for $flatten\lanes[27].decoder.$add$/home/rishabh/HPCA2/mosaic_delta_phase1/rtl/xorflow_decoder_pipelined.sv:21$105 ($add).
  creating $macc model for $flatten\lanes[27].decoder.$add$/home/rishabh/HPCA2/mosaic_delta_phase1/rtl/xorflow_decoder_pipelined.sv:21$107 ($add).
  creating $macc model for $flatten\lanes[27].decoder.$add$/home/rishabh/HPCA2/mosaic_delta_phase1/rtl/xorflow_decoder_pipelined.sv:21$109 ($add).
  creating $macc model for $flatten\lanes[27].decoder.$add$/home/rishabh/HPCA2/mosaic_delta_phase1/rtl/xorflow_decoder_pipelined.sv:21$112 ($add).
  creating $macc model for $flatten\lanes[27].decoder.$add$/home/rishabh/HPCA2/mosaic_delta_phase1/rtl/xorflow_decoder_pipelined.sv:21$115 ($add).
  creating $macc model for $flatten\lanes[27].decoder.$add$/home/rishabh/HPCA2/mosaic_delta_phase1/rtl/xorflow_decoder_pipelined.sv:21$118 ($add).
  creating $macc model for $flatten\lanes[27].decoder.$add$/home/rishabh/HPCA2/mosaic_delta_phase1/rtl/xorflow_decoder_pipelined.sv:22$110 ($add).
  creating $macc model for $flatten\lanes[27].decoder.$add$/home/rishabh/HPCA2/mosaic_delta_phase1/rtl/xorflow_decoder_pipelined.sv:22$113 ($add).
  creating $macc model for $flatten\lanes[27].decoder.$add$/home/rishabh/HPCA2/mosaic_delta_phase1/rtl/xorflow_decoder_pipelined.sv:22$116 ($add).
  creating $macc model for $flatten\lanes[27].decoder.$add$/home/rishabh/HPCA2/mosaic_delta_phase1/rtl/xorflow_decoder_pipelined.sv:22$119 ($add).
  creating $macc model for $flatten\lanes[27].decoder.$add$/home/rishabh/HPCA2/mosaic_delta_phase1/rtl/xorflow_decoder_pipelined.sv:31$21 ($add).
  creating $macc model for $flatten\lanes[27].decoder.$add$/home/rishabh/HPCA2/mosaic_delta_phase1/rtl/xorflow_decoder_pipelined.sv:31$33 ($add).
  creating $macc model for $flatten\lanes[27].decoder.$add$/home/rishabh/HPCA2/mosaic_delta_phase1/rtl/xorflow_decoder_pipelined.sv:31$45 ($add).
  creating $macc model for $flatten\lanes[27].decoder.$add$/home/rishabh/HPCA2/mosaic_delta_phase1/rtl/xorflow_decoder_pipelined.sv:31$57 ($add).
  creating $macc model for $flatten\lanes[27].decoder.$add$/home/rishabh/HPCA2/mosaic_delta_phase1/rtl/xorflow_decoder_pipelined.sv:31$69 ($add).
  creating $macc model for $flatten\lanes[27].decoder.$add$/home/rishabh/HPCA2/mosaic_delta_phase1/rtl/xorflow_decoder_pipelined.sv:31$81 ($add).
  creating $macc model for $flatten\lanes[27].decoder.$add$/home/rishabh/HPCA2/mosaic_delta_phase1/rtl/xorflow_decoder_pipelined.sv:31$9 ($add).
  creating $macc model for $flatten\lanes[27].decoder.$add$/home/rishabh/HPCA2/mosaic_delta_phase1/rtl/xorflow_decoder_pipelined.sv:31$93 ($add).
  creating $macc model for $flatten\lanes[28].decoder.$add$/home/rishabh/HPCA2/mosaic_delta_phase1/rtl/xorflow_decoder_pipelined.sv:20$103 ($add).
  creating $macc model for $flatten\lanes[28].decoder.$add$/home/rishabh/HPCA2/mosaic_delta_phase1/rtl/xorflow_decoder_pipelined.sv:20$104 ($add).
  creating $macc model for $flatten\lanes[28].decoder.$add$/home/rishabh/HPCA2/mosaic_delta_phase1/rtl/xorflow_decoder_pipelined.sv:20$106 ($add).
  creating $macc model for $flatten\lanes[28].decoder.$add$/home/rishabh/HPCA2/mosaic_delta_phase1/rtl/xorflow_decoder_pipelined.sv:20$108 ($add).
  creating $macc model for $flatten\lanes[28].decoder.$add$/home/rishabh/HPCA2/mosaic_delta_phase1/rtl/xorflow_decoder_pipelined.sv:20$111 ($add).
  creating $macc model for $flatten\lanes[28].decoder.$add$/home/rishabh/HPCA2/mosaic_delta_phase1/rtl/xorflow_decoder_pipelined.sv:20$114 ($add).
  creating $macc model for $flatten\lanes[28].decoder.$add$/home/rishabh/HPCA2/mosaic_delta_phase1/rtl/xorflow_decoder_pipelined.sv:20$117 ($add).
  creating $macc model for $flatten\lanes[28].decoder.$add$/home/rishabh/HPCA2/mosaic_delta_phase1/rtl/xorflow_decoder_pipelined.sv:21$105 ($add).
  creating $macc model for $flatten\lanes[28].decoder.$add$/home/rishabh/HPCA2/mosaic_delta_phase1/rtl/xorflow_decoder_pipelined.sv:21$107 ($add).
  creating $macc model for $flatten\lanes[28].decoder.$add$/home/rishabh/HPCA2/mosaic_delta_phase1/rtl/xorflow_decoder_pipelined.sv:21$109 ($add).
  creating $macc model for $flatten\lanes[28].decoder.$add$/home/rishabh/HPCA2/mosaic_delta_phase1/rtl/xorflow_decoder_pipelined.sv:21$112 ($add).
  creating $macc model for $flatten\lanes[28].decoder.$add$/home/rishabh/HPCA2/mosaic_delta_phase1/rtl/xorflow_decoder_pipelined.sv:21$115 ($add).
  creating $macc model for $flatten\lanes[28].decoder.$add$/home/rishabh/HPCA2/mosaic_delta_phase1/rtl/xorflow_decoder_pipelined.sv:21$118 ($add).
  creating $macc model for $flatten\lanes[28].decoder.$add$/home/rishabh/HPCA2/mosaic_delta_phase1/rtl/xorflow_decoder_pipelined.sv:22$110 ($add).
  creating $macc model for $flatten\lanes[28].decoder.$add$/home/rishabh/HPCA2/mosaic_delta_phase1/rtl/xorflow_decoder_pipelined.sv:22$113 ($add).
  creating $macc model for $flatten\lanes[28].decoder.$add$/home/rishabh/HPCA2/mosaic_delta_phase1/rtl/xorflow_decoder_pipelined.sv:22$116 ($add).
  creating $macc model for $flatten\lanes[28].decoder.$add$/home/rishabh/HPCA2/mosaic_delta_phase1/rtl/xorflow_decoder_pipelined.sv:22$119 ($add).
  creating $macc model for $flatten\lanes[28].decoder.$add$/home/rishabh/HPCA2/mosaic_delta_phase1/rtl/xorflow_decoder_pipelined.sv:31$21 ($add).
  creating $macc model for $flatten\lanes[28].decoder.$add$/home/rishabh/HPCA2/mosaic_delta_phase1/rtl/xorflow_decoder_pipelined.sv:31$33 ($add).
  creating $macc model for $flatten\lanes[28].decoder.$add$/home/rishabh/HPCA2/mosaic_delta_phase1/rtl/xorflow_decoder_pipelined.sv:31$45 ($add).
  creating $macc model for $flatten\lanes[28].decoder.$add$/home/rishabh/HPCA2/mosaic_delta_phase1/rtl/xorflow_decoder_pipelined.sv:31$57 ($add).
  creating $macc model for $flatten\lanes[28].decoder.$add$/home/rishabh/HPCA2/mosaic_delta_phase1/rtl/xorflow_decoder_pipelined.sv:31$69 ($add).
  creating $macc model for $flatten\lanes[28].decoder.$add$/home/rishabh/HPCA2/mosaic_delta_phase1/rtl/xorflow_decoder_pipelined.sv:31$81 ($add).
  creating $macc model for $flatten\lanes[28].decoder.$add$/home/rishabh/HPCA2/mosaic_delta_phase1/rtl/xorflow_decoder_pipelined.sv:31$9 ($add).
  creating $macc model for $flatten\lanes[28].decoder.$add$/home/rishabh/HPCA2/mosaic_delta_phase1/rtl/xorflow_decoder_pipelined.sv:31$93 ($add).
  creating $macc model for $flatten\lanes[29].decoder.$add$/home/rishabh/HPCA2/mosaic_delta_phase1/rtl/xorflow_decoder_pipelined.sv:20$103 ($add).
  creating $macc model for $flatten\lanes[29].decoder.$add$/home/rishabh/HPCA2/mosaic_delta_phase1/rtl/xorflow_decoder_pipelined.sv:20$104 ($add).
  creating $macc model for $flatten\lanes[29].decoder.$add$/home/rishabh/HPCA2/mosaic_delta_phase1/rtl/xorflow_decoder_pipelined.sv:20$106 ($add).
  creating $macc model for $flatten\lanes[29].decoder.$add$/home/rishabh/HPCA2/mosaic_delta_phase1/rtl/xorflow_decoder_pipelined.sv:20$108 ($add).
  creating $macc model for $flatten\lanes[29].decoder.$add$/home/rishabh/HPCA2/mosaic_delta_phase1/rtl/xorflow_decoder_pipelined.sv:20$111 ($add).
  creating $macc model for $flatten\lanes[29].decoder.$add$/home/rishabh/HPCA2/mosaic_delta_phase1/rtl/xorflow_decoder_pipelined.sv:20$114 ($add).
  creating $macc model for $flatten\lanes[29].decoder.$add$/home/rishabh/HPCA2/mosaic_delta_phase1/rtl/xorflow_decoder_pipelined.sv:20$117 ($add).
  creating $macc model for $flatten\lanes[29].decoder.$add$/home/rishabh/HPCA2/mosaic_delta_phase1/rtl/xorflow_decoder_pipelined.sv:21$105 ($add).
  creating $macc model for $flatten\lanes[29].decoder.$add$/home/rishabh/HPCA2/mosaic_delta_phase1/rtl/xorflow_decoder_pipelined.sv:21$107 ($add).
  creating $macc model for $flatten\lanes[29].decoder.$add$/home/rishabh/HPCA2/mosaic_delta_phase1/rtl/xorflow_decoder_pipelined.sv:21$109 ($add).
  creating $macc model for $flatten\lanes[29].decoder.$add$/home/rishabh/HPCA2/mosaic_delta_phase1/rtl/xorflow_decoder_pipelined.sv:21$112 ($add).
  creating $macc model for $flatten\lanes[29].decoder.$add$/home/rishabh/HPCA2/mosaic_delta_phase1/rtl/xorflow_decoder_pipelined.sv:21$115 ($add).
  creating $macc model for $flatten\lanes[29].decoder.$add$/home/rishabh/HPCA2/mosaic_delta_phase1/rtl/xorflow_decoder_pipelined.sv:21$118 ($add).
  creating $macc model for $flatten\lanes[29].decoder.$add$/home/rishabh/HPCA2/mosaic_delta_phase1/rtl/xorflow_decoder_pipelined.sv:22$110 ($add).
  creating $macc model for $flatten\lanes[29].decoder.$add$/home/rishabh/HPCA2/mosaic_delta_phase1/rtl/xorflow_decoder_pipelined.sv:22$113 ($add).
  creating $macc model for $flatten\lanes[29].decoder.$add$/home/rishabh/HPCA2/mosaic_delta_phase1/rtl/xorflow_decoder_pipelined.sv:22$116 ($add).
  creating $macc model for $flatten\lanes[29].decoder.$add$/home/rishabh/HPCA2/mosaic_delta_phase1/rtl/xorflow_decoder_pipelined.sv:22$119 ($add).
  creating $macc model for $flatten\lanes[29].decoder.$add$/home/rishabh/HPCA2/mosaic_delta_phase1/rtl/xorflow_decoder_pipelined.sv:31$21 ($add).
  creating $macc model for $flatten\lanes[29].decoder.$add$/home/rishabh/HPCA2/mosaic_delta_phase1/rtl/xorflow_decoder_pipelined.sv:31$33 ($add).
  creating $macc model for $flatten\lanes[29].decoder.$add$/home/rishabh/HPCA2/mosaic_delta_phase1/rtl/xorflow_decoder_pipelined.sv:31$45 ($add).
  creating $macc model for $flatten\lanes[29].decoder.$add$/home/rishabh/HPCA2/mosaic_delta_phase1/rtl/xorflow_decoder_pipelined.sv:31$57 ($add).
  creating $macc model for $flatten\lanes[29].decoder.$add$/home/rishabh/HPCA2/mosaic_delta_phase1/rtl/xorflow_decoder_pipelined.sv:31$69 ($add).
  creating $macc model for $flatten\lanes[29].decoder.$add$/home/rishabh/HPCA2/mosaic_delta_phase1/rtl/xorflow_decoder_pipelined.sv:31$81 ($add).
  creating $macc model for $flatten\lanes[29].decoder.$add$/home/rishabh/HPCA2/mosaic_delta_phase1/rtl/xorflow_decoder_pipelined.sv:31$9 ($add).
  creating $macc model for $flatten\lanes[29].decoder.$add$/home/rishabh/HPCA2/mosaic_delta_phase1/rtl/xorflow_decoder_pipelined.sv:31$93 ($add).
  creating $macc model for $flatten\lanes[2].decoder.$add$/home/rishabh/HPCA2/mosaic_delta_phase1/rtl/xorflow_decoder_pipelined.sv:20$103 ($add).
  creating $macc model for $flatten\lanes[2].decoder.$add$/home/rishabh/HPCA2/mosaic_delta_phase1/rtl/xorflow_decoder_pipelined.sv:20$104 ($add).
  creating $macc model for $flatten\lanes[2].decoder.$add$/home/rishabh/HPCA2/mosaic_delta_phase1/rtl/xorflow_decoder_pipelined.sv:20$106 ($add).
  creating $macc model for $flatten\lanes[2].decoder.$add$/home/rishabh/HPCA2/mosaic_delta_phase1/rtl/xorflow_decoder_pipelined.sv:20$108 ($add).
  creating $macc model for $flatten\lanes[2].decoder.$add$/home/rishabh/HPCA2/mosaic_delta_phase1/rtl/xorflow_decoder_pipelined.sv:20$111 ($add).
  creating $macc model for $flatten\lanes[2].decoder.$add$/home/rishabh/HPCA2/mosaic_delta_phase1/rtl/xorflow_decoder_pipelined.sv:20$114 ($add).
  creating $macc model for $flatten\lanes[2].decoder.$add$/home/rishabh/HPCA2/mosaic_delta_phase1/rtl/xorflow_decoder_pipelined.sv:20$117 ($add).
  creating $macc model for $flatten\lanes[2].decoder.$add$/home/rishabh/HPCA2/mosaic_delta_phase1/rtl/xorflow_decoder_pipelined.sv:21$105 ($add).
  creating $macc model for $flatten\lanes[2].decoder.$add$/home/rishabh/HPCA2/mosaic_delta_phase1/rtl/xorflow_decoder_pipelined.sv:21$107 ($add).
  creating $macc model for $flatten\lanes[2].decoder.$add$/home/rishabh/HPCA2/mosaic_delta_phase1/rtl/xorflow_decoder_pipelined.sv:21$109 ($add).
  creating $macc model for $flatten\lanes[2].decoder.$add$/home/rishabh/HPCA2/mosaic_delta_phase1/rtl/xorflow_decoder_pipelined.sv:21$112 ($add).
  creating $macc model for $flatten\lanes[2].decoder.$add$/home/rishabh/HPCA2/mosaic_delta_phase1/rtl/xorflow_decoder_pipelined.sv:21$115 ($add).
  creating $macc model for $flatten\lanes[2].decoder.$add$/home/rishabh/HPCA2/mosaic_delta_phase1/rtl/xorflow_decoder_pipelined.sv:21$118 ($add).
  creating $macc model for $flatten\lanes[2].decoder.$add$/home/rishabh/HPCA2/mosaic_delta_phase1/rtl/xorflow_decoder_pipelined.sv:22$110 ($add).
  creating $macc model for $flatten\lanes[2].decoder.$add$/home/rishabh/HPCA2/mosaic_delta_phase1/rtl/xorflow_decoder_pipelined.sv:22$113 ($add).
  creating $macc model for $flatten\lanes[2].decoder.$add$/home/rishabh/HPCA2/mosaic_delta_phase1/rtl/xorflow_decoder_pipelined.sv:22$116 ($add).
  creating $macc model for $flatten\lanes[2].decoder.$add$/home/rishabh/HPCA2/mosaic_delta_phase1/rtl/xorflow_decoder_pipelined.sv:22$119 ($add).
  creating $macc model for $flatten\lanes[2].decoder.$add$/home/rishabh/HPCA2/mosaic_delta_phase1/rtl/xorflow_decoder_pipelined.sv:31$21 ($add).
  creating $macc model for $flatten\lanes[2].decoder.$add$/home/rishabh/HPCA2/mosaic_delta_phase1/rtl/xorflow_decoder_pipelined.sv:31$33 ($add).
  creating $macc model for $flatten\lanes[2].decoder.$add$/home/rishabh/HPCA2/mosaic_delta_phase1/rtl/xorflow_decoder_pipelined.sv:31$45 ($add).
  creating $macc model for $flatten\lanes[2].decoder.$add$/home/rishabh/HPCA2/mosaic_delta_phase1/rtl/xorflow_decoder_pipelined.sv:31$57 ($add).
  creating $macc model for $flatten\lanes[2].decoder.$add$/home/rishabh/HPCA2/mosaic_delta_phase1/rtl/xorflow_decoder_pipelined.sv:31$69 ($add).
  creating $macc model for $flatten\lanes[2].decoder.$add$/home/rishabh/HPCA2/mosaic_delta_phase1/rtl/xorflow_decoder_pipelined.sv:31$81 ($add).
  creating $macc model for $flatten\lanes[2].decoder.$add$/home/rishabh/HPCA2/mosaic_delta_phase1/rtl/xorflow_decoder_pipelined.sv:31$9 ($add).
  creating $macc model for $flatten\lanes[2].decoder.$add$/home/rishabh/HPCA2/mosaic_delta_phase1/rtl/xorflow_decoder_pipelined.sv:31$93 ($add).
  creating $macc model for $flatten\lanes[30].decoder.$add$/home/rishabh/HPCA2/mosaic_delta_phase1/rtl/xorflow_decoder_pipelined.sv:20$103 ($add).
  creating $macc model for $flatten\lanes[30].decoder.$add$/home/rishabh/HPCA2/mosaic_delta_phase1/rtl/xorflow_decoder_pipelined.sv:20$104 ($add).
  creating $macc model for $flatten\lanes[30].decoder.$add$/home/rishabh/HPCA2/mosaic_delta_phase1/rtl/xorflow_decoder_pipelined.sv:20$106 ($add).
  creating $macc model for $flatten\lanes[30].decoder.$add$/home/rishabh/HPCA2/mosaic_delta_phase1/rtl/xorflow_decoder_pipelined.sv:20$108 ($add).
  creating $macc model for $flatten\lanes[30].decoder.$add$/home/rishabh/HPCA2/mosaic_delta_phase1/rtl/xorflow_decoder_pipelined.sv:20$111 ($add).
  creating $macc model for $flatten\lanes[30].decoder.$add$/home/rishabh/HPCA2/mosaic_delta_phase1/rtl/xorflow_decoder_pipelined.sv:20$114 ($add).
  creating $macc model for $flatten\lanes[30].decoder.$add$/home/rishabh/HPCA2/mosaic_delta_phase1/rtl/xorflow_decoder_pipelined.sv:20$117 ($add).
  creating $macc model for $flatten\lanes[30].decoder.$add$/home/rishabh/HPCA2/mosaic_delta_phase1/rtl/xorflow_decoder_pipelined.sv:21$105 ($add).
  creating $macc model for $flatten\lanes[30].decoder.$add$/home/rishabh/HPCA2/mosaic_delta_phase1/rtl/xorflow_decoder_pipelined.sv:21$107 ($add).
  creating $macc model for $flatten\lanes[30].decoder.$add$/home/rishabh/HPCA2/mosaic_delta_phase1/rtl/xorflow_decoder_pipelined.sv:21$109 ($add).
  creating $macc model for $flatten\lanes[30].decoder.$add$/home/rishabh/HPCA2/mosaic_delta_phase1/rtl/xorflow_decoder_pipelined.sv:21$112 ($add).
  creating $macc model for $flatten\lanes[30].decoder.$add$/home/rishabh/HPCA2/mosaic_delta_phase1/rtl/xorflow_decoder_pipelined.sv:21$115 ($add).
  creating $macc model for $flatten\lanes[30].decoder.$add$/home/rishabh/HPCA2/mosaic_delta_phase1/rtl/xorflow_decoder_pipelined.sv:21$118 ($add).
  creating $macc model for $flatten\lanes[30].decoder.$add$/home/rishabh/HPCA2/mosaic_delta_phase1/rtl/xorflow_decoder_pipelined.sv:22$110 ($add).
  creating $macc model for $flatten\lanes[30].decoder.$add$/home/rishabh/HPCA2/mosaic_delta_phase1/rtl/xorflow_decoder_pipelined.sv:22$113 ($add).
  creating $macc model for $flatten\lanes[30].decoder.$add$/home/rishabh/HPCA2/mosaic_delta_phase1/rtl/xorflow_decoder_pipelined.sv:22$116 ($add).
  creating $macc model for $flatten\lanes[30].decoder.$add$/home/rishabh/HPCA2/mosaic_delta_phase1/rtl/xorflow_decoder_pipelined.sv:22$119 ($add).
  creating $macc model for $flatten\lanes[30].decoder.$add$/home/rishabh/HPCA2/mosaic_delta_phase1/rtl/xorflow_decoder_pipelined.sv:31$21 ($add).
  creating $macc model for $flatten\lanes[30].decoder.$add$/home/rishabh/HPCA2/mosaic_delta_phase1/rtl/xorflow_decoder_pipelined.sv:31$33 ($add).
  creating $macc model for $flatten\lanes[30].decoder.$add$/home/rishabh/HPCA2/mosaic_delta_phase1/rtl/xorflow_decoder_pipelined.sv:31$45 ($add).
  creating $macc model for $flatten\lanes[30].decoder.$add$/home/rishabh/HPCA2/mosaic_delta_phase1/rtl/xorflow_decoder_pipelined.sv:31$57 ($add).
  creating $macc model for $flatten\lanes[30].decoder.$add$/home/rishabh/HPCA2/mosaic_delta_phase1/rtl/xorflow_decoder_pipelined.sv:31$69 ($add).
  creating $macc model for $flatten\lanes[30].decoder.$add$/home/rishabh/HPCA2/mosaic_delta_phase1/rtl/xorflow_decoder_pipelined.sv:31$81 ($add).
  creating $macc model for $flatten\lanes[30].decoder.$add$/home/rishabh/HPCA2/mosaic_delta_phase1/rtl/xorflow_decoder_pipelined.sv:31$9 ($add).
  creating $macc model for $flatten\lanes[30].decoder.$add$/home/rishabh/HPCA2/mosaic_delta_phase1/rtl/xorflow_decoder_pipelined.sv:31$93 ($add).
  creating $macc model for $flatten\lanes[31].decoder.$add$/home/rishabh/HPCA2/mosaic_delta_phase1/rtl/xorflow_decoder_pipelined.sv:20$103 ($add).
  creating $macc model for $flatten\lanes[31].decoder.$add$/home/rishabh/HPCA2/mosaic_delta_phase1/rtl/xorflow_decoder_pipelined.sv:20$104 ($add).
  creating $macc model for $flatten\lanes[31].decoder.$add$/home/rishabh/HPCA2/mosaic_delta_phase1/rtl/xorflow_decoder_pipelined.sv:20$106 ($add).
  creating $macc model for $flatten\lanes[31].decoder.$add$/home/rishabh/HPCA2/mosaic_delta_phase1/rtl/xorflow_decoder_pipelined.sv:20$108 ($add).
  creating $macc model for $flatten\lanes[31].decoder.$add$/home/rishabh/HPCA2/mosaic_delta_phase1/rtl/xorflow_decoder_pipelined.sv:20$111 ($add).
  creating $macc model for $flatten\lanes[31].decoder.$add$/home/rishabh/HPCA2/mosaic_delta_phase1/rtl/xorflow_decoder_pipelined.sv:20$114 ($add).
  creating $macc model for $flatten\lanes[31].decoder.$add$/home/rishabh/HPCA2/mosaic_delta_phase1/rtl/xorflow_decoder_pipelined.sv:20$117 ($add).
  creating $macc model for $flatten\lanes[31].decoder.$add$/home/rishabh/HPCA2/mosaic_delta_phase1/rtl/xorflow_decoder_pipelined.sv:21$105 ($add).
  creating $macc model for $flatten\lanes[31].decoder.$add$/home/rishabh/HPCA2/mosaic_delta_phase1/rtl/xorflow_decoder_pipelined.sv:21$107 ($add).
  creating $macc model for $flatten\lanes[31].decoder.$add$/home/rishabh/HPCA2/mosaic_delta_phase1/rtl/xorflow_decoder_pipelined.sv:21$109 ($add).
  creating $macc model for $flatten\lanes[31].decoder.$add$/home/rishabh/HPCA2/mosaic_delta_phase1/rtl/xorflow_decoder_pipelined.sv:21$112 ($add).
  creating $macc model for $flatten\lanes[31].decoder.$add$/home/rishabh/HPCA2/mosaic_delta_phase1/rtl/xorflow_decoder_pipelined.sv:21$115 ($add).
  creating $macc model for $flatten\lanes[31].decoder.$add$/home/rishabh/HPCA2/mosaic_delta_phase1/rtl/xorflow_decoder_pipelined.sv:21$118 ($add).
  creating $macc model for $flatten\lanes[31].decoder.$add$/home/rishabh/HPCA2/mosaic_delta_phase1/rtl/xorflow_decoder_pipelined.sv:22$110 ($add).
  creating $macc model for $flatten\lanes[31].decoder.$add$/home/rishabh/HPCA2/mosaic_delta_phase1/rtl/xorflow_decoder_pipelined.sv:22$113 ($add).
  creating $macc model for $flatten\lanes[31].decoder.$add$/home/rishabh/HPCA2/mosaic_delta_phase1/rtl/xorflow_decoder_pipelined.sv:22$116 ($add).
  creating $macc model for $flatten\lanes[31].decoder.$add$/home/rishabh/HPCA2/mosaic_delta_phase1/rtl/xorflow_decoder_pipelined.sv:22$119 ($add).
  creating $macc model for $flatten\lanes[31].decoder.$add$/home/rishabh/HPCA2/mosaic_delta_phase1/rtl/xorflow_decoder_pipelined.sv:31$21 ($add).
  creating $macc model for $flatten\lanes[31].decoder.$add$/home/rishabh/HPCA2/mosaic_delta_phase1/rtl/xorflow_decoder_pipelined.sv:31$33 ($add).
  creating $macc model for $flatten\lanes[31].decoder.$add$/home/rishabh/HPCA2/mosaic_delta_phase1/rtl/xorflow_decoder_pipelined.sv:31$45 ($add).
  creating $macc model for $flatten\lanes[31].decoder.$add$/home/rishabh/HPCA2/mosaic_delta_phase1/rtl/xorflow_decoder_pipelined.sv:31$57 ($add).
  creating $macc model for $flatten\lanes[31].decoder.$add$/home/rishabh/HPCA2/mosaic_delta_phase1/rtl/xorflow_decoder_pipelined.sv:31$69 ($add).
  creating $macc model for $flatten\lanes[31].decoder.$add$/home/rishabh/HPCA2/mosaic_delta_phase1/rtl/xorflow_decoder_pipelined.sv:31$81 ($add).
  creating $macc model for $flatten\lanes[31].decoder.$add$/home/rishabh/HPCA2/mosaic_delta_phase1/rtl/xorflow_decoder_pipelined.sv:31$9 ($add).
  creating $macc model for $flatten\lanes[31].decoder.$add$/home/rishabh/HPCA2/mosaic_delta_phase1/rtl/xorflow_decoder_pipelined.sv:31$93 ($add).
  creating $macc model for $flatten\lanes[3].decoder.$add$/home/rishabh/HPCA2/mosaic_delta_phase1/rtl/xorflow_decoder_pipelined.sv:20$103 ($add).
  creating $macc model for $flatten\lanes[3].decoder.$add$/home/rishabh/HPCA2/mosaic_delta_phase1/rtl/xorflow_decoder_pipelined.sv:20$104 ($add).
  creating $macc model for $flatten\lanes[3].decoder.$add$/home/rishabh/HPCA2/mosaic_delta_phase1/rtl/xorflow_decoder_pipelined.sv:20$106 ($add).
  creating $macc model for $flatten\lanes[3].decoder.$add$/home/rishabh/HPCA2/mosaic_delta_phase1/rtl/xorflow_decoder_pipelined.sv:20$108 ($add).
  creating $macc model for $flatten\lanes[3].decoder.$add$/home/rishabh/HPCA2/mosaic_delta_phase1/rtl/xorflow_decoder_pipelined.sv:20$111 ($add).
  creating $macc model for $flatten\lanes[3].decoder.$add$/home/rishabh/HPCA2/mosaic_delta_phase1/rtl/xorflow_decoder_pipelined.sv:20$114 ($add).
  creating $macc model for $flatten\lanes[3].decoder.$add$/home/rishabh/HPCA2/mosaic_delta_phase1/rtl/xorflow_decoder_pipelined.sv:20$117 ($add).
  creating $macc model for $flatten\lanes[3].decoder.$add$/home/rishabh/HPCA2/mosaic_delta_phase1/rtl/xorflow_decoder_pipelined.sv:21$105 ($add).
  creating $macc model for $flatten\lanes[3].decoder.$add$/home/rishabh/HPCA2/mosaic_delta_phase1/rtl/xorflow_decoder_pipelined.sv:21$107 ($add).
  creating $macc model for $flatten\lanes[3].decoder.$add$/home/rishabh/HPCA2/mosaic_delta_phase1/rtl/xorflow_decoder_pipelined.sv:21$109 ($add).
  creating $macc model for $flatten\lanes[3].decoder.$add$/home/rishabh/HPCA2/mosaic_delta_phase1/rtl/xorflow_decoder_pipelined.sv:21$112 ($add).
  creating $macc model for $flatten\lanes[3].decoder.$add$/home/rishabh/HPCA2/mosaic_delta_phase1/rtl/xorflow_decoder_pipelined.sv:21$115 ($add).
  creating $macc model for $flatten\lanes[3].decoder.$add$/home/rishabh/HPCA2/mosaic_delta_phase1/rtl/xorflow_decoder_pipelined.sv:21$118 ($add).
  creating $macc model for $flatten\lanes[3].decoder.$add$/home/rishabh/HPCA2/mosaic_delta_phase1/rtl/xorflow_decoder_pipelined.sv:22$110 ($add).
  creating $macc model for $flatten\lanes[3].decoder.$add$/home/rishabh/HPCA2/mosaic_delta_phase1/rtl/xorflow_decoder_pipelined.sv:22$113 ($add).
  creating $macc model for $flatten\lanes[3].decoder.$add$/home/rishabh/HPCA2/mosaic_delta_phase1/rtl/xorflow_decoder_pipelined.sv:22$116 ($add).
  creating $macc model for $flatten\lanes[3].decoder.$add$/home/rishabh/HPCA2/mosaic_delta_phase1/rtl/xorflow_decoder_pipelined.sv:22$119 ($add).
  creating $macc model for $flatten\lanes[3].decoder.$add$/home/rishabh/HPCA2/mosaic_delta_phase1/rtl/xorflow_decoder_pipelined.sv:31$21 ($add).
  creating $macc model for $flatten\lanes[3].decoder.$add$/home/rishabh/HPCA2/mosaic_delta_phase1/rtl/xorflow_decoder_pipelined.sv:31$33 ($add).
  creating $macc model for $flatten\lanes[3].decoder.$add$/home/rishabh/HPCA2/mosaic_delta_phase1/rtl/xorflow_decoder_pipelined.sv:31$45 ($add).
  creating $macc model for $flatten\lanes[3].decoder.$add$/home/rishabh/HPCA2/mosaic_delta_phase1/rtl/xorflow_decoder_pipelined.sv:31$57 ($add).
  creating $macc model for $flatten\lanes[3].decoder.$add$/home/rishabh/HPCA2/mosaic_delta_phase1/rtl/xorflow_decoder_pipelined.sv:31$69 ($add).
  creating $macc model for $flatten\lanes[3].decoder.$add$/home/rishabh/HPCA2/mosaic_delta_phase1/rtl/xorflow_decoder_pipelined.sv:31$81 ($add).
  creating $macc model for $flatten\lanes[3].decoder.$add$/home/rishabh/HPCA2/mosaic_delta_phase1/rtl/xorflow_decoder_pipelined.sv:31$9 ($add).
  creating $macc model for $flatten\lanes[3].decoder.$add$/home/rishabh/HPCA2/mosaic_delta_phase1/rtl/xorflow_decoder_pipelined.sv:31$93 ($add).
  creating $macc model for $flatten\lanes[4].decoder.$add$/home/rishabh/HPCA2/mosaic_delta_phase1/rtl/xorflow_decoder_pipelined.sv:20$103 ($add).
  creating $macc model for $flatten\lanes[4].decoder.$add$/home/rishabh/HPCA2/mosaic_delta_phase1/rtl/xorflow_decoder_pipelined.sv:20$104 ($add).
  creating $macc model for $flatten\lanes[4].decoder.$add$/home/rishabh/HPCA2/mosaic_delta_phase1/rtl/xorflow_decoder_pipelined.sv:20$106 ($add).
  creating $macc model for $flatten\lanes[4].decoder.$add$/home/rishabh/HPCA2/mosaic_delta_phase1/rtl/xorflow_decoder_pipelined.sv:20$108 ($add).
  creating $macc model for $flatten\lanes[4].decoder.$add$/home/rishabh/HPCA2/mosaic_delta_phase1/rtl/xorflow_decoder_pipelined.sv:20$111 ($add).
  creating $macc model for $flatten\lanes[4].decoder.$add$/home/rishabh/HPCA2/mosaic_delta_phase1/rtl/xorflow_decoder_pipelined.sv:20$114 ($add).
  creating $macc model for $flatten\lanes[4].decoder.$add$/home/rishabh/HPCA2/mosaic_delta_phase1/rtl/xorflow_decoder_pipelined.sv:20$117 ($add).
  creating $macc model for $flatten\lanes[4].decoder.$add$/home/rishabh/HPCA2/mosaic_delta_phase1/rtl/xorflow_decoder_pipelined.sv:21$105 ($add).
  creating $macc model for $flatten\lanes[4].decoder.$add$/home/rishabh/HPCA2/mosaic_delta_phase1/rtl/xorflow_decoder_pipelined.sv:21$107 ($add).
  creating $macc model for $flatten\lanes[4].decoder.$add$/home/rishabh/HPCA2/mosaic_delta_phase1/rtl/xorflow_decoder_pipelined.sv:21$109 ($add).
  creating $macc model for $flatten\lanes[4].decoder.$add$/home/rishabh/HPCA2/mosaic_delta_phase1/rtl/xorflow_decoder_pipelined.sv:21$112 ($add).
  creating $macc model for $flatten\lanes[4].decoder.$add$/home/rishabh/HPCA2/mosaic_delta_phase1/rtl/xorflow_decoder_pipelined.sv:21$115 ($add).
  creating $macc model for $flatten\lanes[4].decoder.$add$/home/rishabh/HPCA2/mosaic_delta_phase1/rtl/xorflow_decoder_pipelined.sv:21$118 ($add).
  creating $macc model for $flatten\lanes[4].decoder.$add$/home/rishabh/HPCA2/mosaic_delta_phase1/rtl/xorflow_decoder_pipelined.sv:22$110 ($add).
  creating $macc model for $flatten\lanes[4].decoder.$add$/home/rishabh/HPCA2/mosaic_delta_phase1/rtl/xorflow_decoder_pipelined.sv:22$113 ($add).
  creating $macc model for $flatten\lanes[4].decoder.$add$/home/rishabh/HPCA2/mosaic_delta_phase1/rtl/xorflow_decoder_pipelined.sv:22$116 ($add).
  creating $macc model for $flatten\lanes[4].decoder.$add$/home/rishabh/HPCA2/mosaic_delta_phase1/rtl/xorflow_decoder_pipelined.sv:22$119 ($add).
  creating $macc model for $flatten\lanes[4].decoder.$add$/home/rishabh/HPCA2/mosaic_delta_phase1/rtl/xorflow_decoder_pipelined.sv:31$21 ($add).
  creating $macc model for $flatten\lanes[4].decoder.$add$/home/rishabh/HPCA2/mosaic_delta_phase1/rtl/xorflow_decoder_pipelined.sv:31$33 ($add).
  creating $macc model for $flatten\lanes[4].decoder.$add$/home/rishabh/HPCA2/mosaic_delta_phase1/rtl/xorflow_decoder_pipelined.sv:31$45 ($add).
  creating $macc model for $flatten\lanes[4].decoder.$add$/home/rishabh/HPCA2/mosaic_delta_phase1/rtl/xorflow_decoder_pipelined.sv:31$57 ($add).
  creating $macc model for $flatten\lanes[4].decoder.$add$/home/rishabh/HPCA2/mosaic_delta_phase1/rtl/xorflow_decoder_pipelined.sv:31$69 ($add).
  creating $macc model for $flatten\lanes[4].decoder.$add$/home/rishabh/HPCA2/mosaic_delta_phase1/rtl/xorflow_decoder_pipelined.sv:31$81 ($add).
  creating $macc model for $flatten\lanes[4].decoder.$add$/home/rishabh/HPCA2/mosaic_delta_phase1/rtl/xorflow_decoder_pipelined.sv:31$9 ($add).
  creating $macc model for $flatten\lanes[4].decoder.$add$/home/rishabh/HPCA2/mosaic_delta_phase1/rtl/xorflow_decoder_pipelined.sv:31$93 ($add).
  creating $macc model for $flatten\lanes[5].decoder.$add$/home/rishabh/HPCA2/mosaic_delta_phase1/rtl/xorflow_decoder_pipelined.sv:20$103 ($add).
  creating $macc model for $flatten\lanes[5].decoder.$add$/home/rishabh/HPCA2/mosaic_delta_phase1/rtl/xorflow_decoder_pipelined.sv:20$104 ($add).
  creating $macc model for $flatten\lanes[5].decoder.$add$/home/rishabh/HPCA2/mosaic_delta_phase1/rtl/xorflow_decoder_pipelined.sv:20$106 ($add).
  creating $macc model for $flatten\lanes[5].decoder.$add$/home/rishabh/HPCA2/mosaic_delta_phase1/rtl/xorflow_decoder_pipelined.sv:20$108 ($add).
  creating $macc model for $flatten\lanes[5].decoder.$add$/home/rishabh/HPCA2/mosaic_delta_phase1/rtl/xorflow_decoder_pipelined.sv:20$111 ($add).
  creating $macc model for $flatten\lanes[5].decoder.$add$/home/rishabh/HPCA2/mosaic_delta_phase1/rtl/xorflow_decoder_pipelined.sv:20$114 ($add).
  creating $macc model for $flatten\lanes[5].decoder.$add$/home/rishabh/HPCA2/mosaic_delta_phase1/rtl/xorflow_decoder_pipelined.sv:20$117 ($add).
  creating $macc model for $flatten\lanes[5].decoder.$add$/home/rishabh/HPCA2/mosaic_delta_phase1/rtl/xorflow_decoder_pipelined.sv:21$105 ($add).
  creating $macc model for $flatten\lanes[5].decoder.$add$/home/rishabh/HPCA2/mosaic_delta_phase1/rtl/xorflow_decoder_pipelined.sv:21$107 ($add).
  creating $macc model for $flatten\lanes[5].decoder.$add$/home/rishabh/HPCA2/mosaic_delta_phase1/rtl/xorflow_decoder_pipelined.sv:21$109 ($add).
  creating $macc model for $flatten\lanes[5].decoder.$add$/home/rishabh/HPCA2/mosaic_delta_phase1/rtl/xorflow_decoder_pipelined.sv:21$112 ($add).
  creating $macc model for $flatten\lanes[5].decoder.$add$/home/rishabh/HPCA2/mosaic_delta_phase1/rtl/xorflow_decoder_pipelined.sv:21$115 ($add).
  creating $macc model for $flatten\lanes[5].decoder.$add$/home/rishabh/HPCA2/mosaic_delta_phase1/rtl/xorflow_decoder_pipelined.sv:21$118 ($add).
  creating $macc model for $flatten\lanes[5].decoder.$add$/home/rishabh/HPCA2/mosaic_delta_phase1/rtl/xorflow_decoder_pipelined.sv:22$110 ($add).
  creating $macc model for $flatten\lanes[5].decoder.$add$/home/rishabh/HPCA2/mosaic_delta_phase1/rtl/xorflow_decoder_pipelined.sv:22$113 ($add).
  creating $macc model for $flatten\lanes[5].decoder.$add$/home/rishabh/HPCA2/mosaic_delta_phase1/rtl/xorflow_decoder_pipelined.sv:22$116 ($add).
  creating $macc model for $flatten\lanes[5].decoder.$add$/home/rishabh/HPCA2/mosaic_delta_phase1/rtl/xorflow_decoder_pipelined.sv:22$119 ($add).
  creating $macc model for $flatten\lanes[5].decoder.$add$/home/rishabh/HPCA2/mosaic_delta_phase1/rtl/xorflow_decoder_pipelined.sv:31$21 ($add).
  creating $macc model for $flatten\lanes[5].decoder.$add$/home/rishabh/HPCA2/mosaic_delta_phase1/rtl/xorflow_decoder_pipelined.sv:31$33 ($add).
  creating $macc model for $flatten\lanes[5].decoder.$add$/home/rishabh/HPCA2/mosaic_delta_phase1/rtl/xorflow_decoder_pipelined.sv:31$45 ($add).
  creating $macc model for $flatten\lanes[5].decoder.$add$/home/rishabh/HPCA2/mosaic_delta_phase1/rtl/xorflow_decoder_pipelined.sv:31$57 ($add).
  creating $macc model for $flatten\lanes[5].decoder.$add$/home/rishabh/HPCA2/mosaic_delta_phase1/rtl/xorflow_decoder_pipelined.sv:31$69 ($add).
  creating $macc model for $flatten\lanes[5].decoder.$add$/home/rishabh/HPCA2/mosaic_delta_phase1/rtl/xorflow_decoder_pipelined.sv:31$81 ($add).
  creating $macc model for $flatten\lanes[5].decoder.$add$/home/rishabh/HPCA2/mosaic_delta_phase1/rtl/xorflow_decoder_pipelined.sv:31$9 ($add).
  creating $macc model for $flatten\lanes[5].decoder.$add$/home/rishabh/HPCA2/mosaic_delta_phase1/rtl/xorflow_decoder_pipelined.sv:31$93 ($add).
  creating $macc model for $flatten\lanes[6].decoder.$add$/home/rishabh/HPCA2/mosaic_delta_phase1/rtl/xorflow_decoder_pipelined.sv:20$103 ($add).
  creating $macc model for $flatten\lanes[6].decoder.$add$/home/rishabh/HPCA2/mosaic_delta_phase1/rtl/xorflow_decoder_pipelined.sv:20$104 ($add).
  creating $macc model for $flatten\lanes[6].decoder.$add$/home/rishabh/HPCA2/mosaic_delta_phase1/rtl/xorflow_decoder_pipelined.sv:20$106 ($add).
  creating $macc model for $flatten\lanes[6].decoder.$add$/home/rishabh/HPCA2/mosaic_delta_phase1/rtl/xorflow_decoder_pipelined.sv:20$108 ($add).
  creating $macc model for $flatten\lanes[6].decoder.$add$/home/rishabh/HPCA2/mosaic_delta_phase1/rtl/xorflow_decoder_pipelined.sv:20$111 ($add).
  creating $macc model for $flatten\lanes[6].decoder.$add$/home/rishabh/HPCA2/mosaic_delta_phase1/rtl/xorflow_decoder_pipelined.sv:20$114 ($add).
  creating $macc model for $flatten\lanes[6].decoder.$add$/home/rishabh/HPCA2/mosaic_delta_phase1/rtl/xorflow_decoder_pipelined.sv:20$117 ($add).
  creating $macc model for $flatten\lanes[6].decoder.$add$/home/rishabh/HPCA2/mosaic_delta_phase1/rtl/xorflow_decoder_pipelined.sv:21$105 ($add).
  creating $macc model for $flatten\lanes[6].decoder.$add$/home/rishabh/HPCA2/mosaic_delta_phase1/rtl/xorflow_decoder_pipelined.sv:21$107 ($add).
  creating $macc model for $flatten\lanes[6].decoder.$add$/home/rishabh/HPCA2/mosaic_delta_phase1/rtl/xorflow_decoder_pipelined.sv:21$109 ($add).
  creating $macc model for $flatten\lanes[6].decoder.$add$/home/rishabh/HPCA2/mosaic_delta_phase1/rtl/xorflow_decoder_pipelined.sv:21$112 ($add).
  creating $macc model for $flatten\lanes[6].decoder.$add$/home/rishabh/HPCA2/mosaic_delta_phase1/rtl/xorflow_decoder_pipelined.sv:21$115 ($add).
  creating $macc model for $flatten\lanes[6].decoder.$add$/home/rishabh/HPCA2/mosaic_delta_phase1/rtl/xorflow_decoder_pipelined.sv:21$118 ($add).
  creating $macc model for $flatten\lanes[6].decoder.$add$/home/rishabh/HPCA2/mosaic_delta_phase1/rtl/xorflow_decoder_pipelined.sv:22$110 ($add).
  creating $macc model for $flatten\lanes[6].decoder.$add$/home/rishabh/HPCA2/mosaic_delta_phase1/rtl/xorflow_decoder_pipelined.sv:22$113 ($add).
  creating $macc model for $flatten\lanes[6].decoder.$add$/home/rishabh/HPCA2/mosaic_delta_phase1/rtl/xorflow_decoder_pipelined.sv:22$116 ($add).
  creating $macc model for $flatten\lanes[6].decoder.$add$/home/rishabh/HPCA2/mosaic_delta_phase1/rtl/xorflow_decoder_pipelined.sv:22$119 ($add).
  creating $macc model for $flatten\lanes[6].decoder.$add$/home/rishabh/HPCA2/mosaic_delta_phase1/rtl/xorflow_decoder_pipelined.sv:31$21 ($add).
  creating $macc model for $flatten\lanes[6].decoder.$add$/home/rishabh/HPCA2/mosaic_delta_phase1/rtl/xorflow_decoder_pipelined.sv:31$33 ($add).
  creating $macc model for $flatten\lanes[6].decoder.$add$/home/rishabh/HPCA2/mosaic_delta_phase1/rtl/xorflow_decoder_pipelined.sv:31$45 ($add).
  creating $macc model for $flatten\lanes[6].decoder.$add$/home/rishabh/HPCA2/mosaic_delta_phase1/rtl/xorflow_decoder_pipelined.sv:31$57 ($add).
  creating $macc model for $flatten\lanes[6].decoder.$add$/home/rishabh/HPCA2/mosaic_delta_phase1/rtl/xorflow_decoder_pipelined.sv:31$69 ($add).
  creating $macc model for $flatten\lanes[6].decoder.$add$/home/rishabh/HPCA2/mosaic_delta_phase1/rtl/xorflow_decoder_pipelined.sv:31$81 ($add).
  creating $macc model for $flatten\lanes[6].decoder.$add$/home/rishabh/HPCA2/mosaic_delta_phase1/rtl/xorflow_decoder_pipelined.sv:31$9 ($add).
  creating $macc model for $flatten\lanes[6].decoder.$add$/home/rishabh/HPCA2/mosaic_delta_phase1/rtl/xorflow_decoder_pipelined.sv:31$93 ($add).
  creating $macc model for $flatten\lanes[7].decoder.$add$/home/rishabh/HPCA2/mosaic_delta_phase1/rtl/xorflow_decoder_pipelined.sv:20$103 ($add).
  creating $macc model for $flatten\lanes[7].decoder.$add$/home/rishabh/HPCA2/mosaic_delta_phase1/rtl/xorflow_decoder_pipelined.sv:20$104 ($add).
  creating $macc model for $flatten\lanes[7].decoder.$add$/home/rishabh/HPCA2/mosaic_delta_phase1/rtl/xorflow_decoder_pipelined.sv:20$106 ($add).
  creating $macc model for $flatten\lanes[7].decoder.$add$/home/rishabh/HPCA2/mosaic_delta_phase1/rtl/xorflow_decoder_pipelined.sv:20$108 ($add).
  creating $macc model for $flatten\lanes[7].decoder.$add$/home/rishabh/HPCA2/mosaic_delta_phase1/rtl/xorflow_decoder_pipelined.sv:20$111 ($add).
  creating $macc model for $flatten\lanes[7].decoder.$add$/home/rishabh/HPCA2/mosaic_delta_phase1/rtl/xorflow_decoder_pipelined.sv:20$114 ($add).
  creating $macc model for $flatten\lanes[7].decoder.$add$/home/rishabh/HPCA2/mosaic_delta_phase1/rtl/xorflow_decoder_pipelined.sv:20$117 ($add).
  creating $macc model for $flatten\lanes[7].decoder.$add$/home/rishabh/HPCA2/mosaic_delta_phase1/rtl/xorflow_decoder_pipelined.sv:21$105 ($add).
  creating $macc model for $flatten\lanes[7].decoder.$add$/home/rishabh/HPCA2/mosaic_delta_phase1/rtl/xorflow_decoder_pipelined.sv:21$107 ($add).
  creating $macc model for $flatten\lanes[7].decoder.$add$/home/rishabh/HPCA2/mosaic_delta_phase1/rtl/xorflow_decoder_pipelined.sv:21$109 ($add).
  creating $macc model for $flatten\lanes[7].decoder.$add$/home/rishabh/HPCA2/mosaic_delta_phase1/rtl/xorflow_decoder_pipelined.sv:21$112 ($add).
  creating $macc model for $flatten\lanes[7].decoder.$add$/home/rishabh/HPCA2/mosaic_delta_phase1/rtl/xorflow_decoder_pipelined.sv:21$115 ($add).
  creating $macc model for $flatten\lanes[7].decoder.$add$/home/rishabh/HPCA2/mosaic_delta_phase1/rtl/xorflow_decoder_pipelined.sv:21$118 ($add).
  creating $macc model for $flatten\lanes[7].decoder.$add$/home/rishabh/HPCA2/mosaic_delta_phase1/rtl/xorflow_decoder_pipelined.sv:22$110 ($add).
  creating $macc model for $flatten\lanes[7].decoder.$add$/home/rishabh/HPCA2/mosaic_delta_phase1/rtl/xorflow_decoder_pipelined.sv:22$113 ($add).
  creating $macc model for $flatten\lanes[7].decoder.$add$/home/rishabh/HPCA2/mosaic_delta_phase1/rtl/xorflow_decoder_pipelined.sv:22$116 ($add).
  creating $macc model for $flatten\lanes[7].decoder.$add$/home/rishabh/HPCA2/mosaic_delta_phase1/rtl/xorflow_decoder_pipelined.sv:22$119 ($add).
  creating $macc model for $flatten\lanes[7].decoder.$add$/home/rishabh/HPCA2/mosaic_delta_phase1/rtl/xorflow_decoder_pipelined.sv:31$21 ($add).
  creating $macc model for $flatten\lanes[7].decoder.$add$/home/rishabh/HPCA2/mosaic_delta_phase1/rtl/xorflow_decoder_pipelined.sv:31$33 ($add).
  creating $macc model for $flatten\lanes[7].decoder.$add$/home/rishabh/HPCA2/mosaic_delta_phase1/rtl/xorflow_decoder_pipelined.sv:31$45 ($add).
  creating $macc model for $flatten\lanes[7].decoder.$add$/home/rishabh/HPCA2/mosaic_delta_phase1/rtl/xorflow_decoder_pipelined.sv:31$57 ($add).
  creating $macc model for $flatten\lanes[7].decoder.$add$/home/rishabh/HPCA2/mosaic_delta_phase1/rtl/xorflow_decoder_pipelined.sv:31$69 ($add).
  creating $macc model for $flatten\lanes[7].decoder.$add$/home/rishabh/HPCA2/mosaic_delta_phase1/rtl/xorflow_decoder_pipelined.sv:31$81 ($add).
  creating $macc model for $flatten\lanes[7].decoder.$add$/home/rishabh/HPCA2/mosaic_delta_phase1/rtl/xorflow_decoder_pipelined.sv:31$9 ($add).
  creating $macc model for $flatten\lanes[7].decoder.$add$/home/rishabh/HPCA2/mosaic_delta_phase1/rtl/xorflow_decoder_pipelined.sv:31$93 ($add).
  creating $macc model for $flatten\lanes[8].decoder.$add$/home/rishabh/HPCA2/mosaic_delta_phase1/rtl/xorflow_decoder_pipelined.sv:20$103 ($add).
  creating $macc model for $flatten\lanes[8].decoder.$add$/home/rishabh/HPCA2/mosaic_delta_phase1/rtl/xorflow_decoder_pipelined.sv:20$104 ($add).
  creating $macc model for $flatten\lanes[8].decoder.$add$/home/rishabh/HPCA2/mosaic_delta_phase1/rtl/xorflow_decoder_pipelined.sv:20$106 ($add).
  creating $macc model for $flatten\lanes[8].decoder.$add$/home/rishabh/HPCA2/mosaic_delta_phase1/rtl/xorflow_decoder_pipelined.sv:20$108 ($add).
  creating $macc model for $flatten\lanes[8].decoder.$add$/home/rishabh/HPCA2/mosaic_delta_phase1/rtl/xorflow_decoder_pipelined.sv:20$111 ($add).
  creating $macc model for $flatten\lanes[8].decoder.$add$/home/rishabh/HPCA2/mosaic_delta_phase1/rtl/xorflow_decoder_pipelined.sv:20$114 ($add).
  creating $macc model for $flatten\lanes[8].decoder.$add$/home/rishabh/HPCA2/mosaic_delta_phase1/rtl/xorflow_decoder_pipelined.sv:20$117 ($add).
  creating $macc model for $flatten\lanes[8].decoder.$add$/home/rishabh/HPCA2/mosaic_delta_phase1/rtl/xorflow_decoder_pipelined.sv:21$105 ($add).
  creating $macc model for $flatten\lanes[8].decoder.$add$/home/rishabh/HPCA2/mosaic_delta_phase1/rtl/xorflow_decoder_pipelined.sv:21$107 ($add).
  creating $macc model for $flatten\lanes[8].decoder.$add$/home/rishabh/HPCA2/mosaic_delta_phase1/rtl/xorflow_decoder_pipelined.sv:21$109 ($add).
  creating $macc model for $flatten\lanes[8].decoder.$add$/home/rishabh/HPCA2/mosaic_delta_phase1/rtl/xorflow_decoder_pipelined.sv:21$112 ($add).
  creating $macc model for $flatten\lanes[8].decoder.$add$/home/rishabh/HPCA2/mosaic_delta_phase1/rtl/xorflow_decoder_pipelined.sv:21$115 ($add).
  creating $macc model for $flatten\lanes[8].decoder.$add$/home/rishabh/HPCA2/mosaic_delta_phase1/rtl/xorflow_decoder_pipelined.sv:21$118 ($add).
  creating $macc model for $flatten\lanes[8].decoder.$add$/home/rishabh/HPCA2/mosaic_delta_phase1/rtl/xorflow_decoder_pipelined.sv:22$110 ($add).
  creating $macc model for $flatten\lanes[8].decoder.$add$/home/rishabh/HPCA2/mosaic_delta_phase1/rtl/xorflow_decoder_pipelined.sv:22$113 ($add).
  creating $macc model for $flatten\lanes[8].decoder.$add$/home/rishabh/HPCA2/mosaic_delta_phase1/rtl/xorflow_decoder_pipelined.sv:22$116 ($add).
  creating $macc model for $flatten\lanes[8].decoder.$add$/home/rishabh/HPCA2/mosaic_delta_phase1/rtl/xorflow_decoder_pipelined.sv:22$119 ($add).
  creating $macc model for $flatten\lanes[8].decoder.$add$/home/rishabh/HPCA2/mosaic_delta_phase1/rtl/xorflow_decoder_pipelined.sv:31$21 ($add).
  creating $macc model for $flatten\lanes[8].decoder.$add$/home/rishabh/HPCA2/mosaic_delta_phase1/rtl/xorflow_decoder_pipelined.sv:31$33 ($add).
  creating $macc model for $flatten\lanes[8].decoder.$add$/home/rishabh/HPCA2/mosaic_delta_phase1/rtl/xorflow_decoder_pipelined.sv:31$45 ($add).
  creating $macc model for $flatten\lanes[8].decoder.$add$/home/rishabh/HPCA2/mosaic_delta_phase1/rtl/xorflow_decoder_pipelined.sv:31$57 ($add).
  creating $macc model for $flatten\lanes[8].decoder.$add$/home/rishabh/HPCA2/mosaic_delta_phase1/rtl/xorflow_decoder_pipelined.sv:31$69 ($add).
  creating $macc model for $flatten\lanes[8].decoder.$add$/home/rishabh/HPCA2/mosaic_delta_phase1/rtl/xorflow_decoder_pipelined.sv:31$81 ($add).
  creating $macc model for $flatten\lanes[8].decoder.$add$/home/rishabh/HPCA2/mosaic_delta_phase1/rtl/xorflow_decoder_pipelined.sv:31$9 ($add).
  creating $macc model for $flatten\lanes[8].decoder.$add$/home/rishabh/HPCA2/mosaic_delta_phase1/rtl/xorflow_decoder_pipelined.sv:31$93 ($add).
  creating $macc model for $flatten\lanes[9].decoder.$add$/home/rishabh/HPCA2/mosaic_delta_phase1/rtl/xorflow_decoder_pipelined.sv:20$103 ($add).
  creating $macc model for $flatten\lanes[9].decoder.$add$/home/rishabh/HPCA2/mosaic_delta_phase1/rtl/xorflow_decoder_pipelined.sv:20$104 ($add).
  creating $macc model for $flatten\lanes[9].decoder.$add$/home/rishabh/HPCA2/mosaic_delta_phase1/rtl/xorflow_decoder_pipelined.sv:20$106 ($add).
  creating $macc model for $flatten\lanes[9].decoder.$add$/home/rishabh/HPCA2/mosaic_delta_phase1/rtl/xorflow_decoder_pipelined.sv:20$108 ($add).
  creating $macc model for $flatten\lanes[9].decoder.$add$/home/rishabh/HPCA2/mosaic_delta_phase1/rtl/xorflow_decoder_pipelined.sv:20$111 ($add).
  creating $macc model for $flatten\lanes[9].decoder.$add$/home/rishabh/HPCA2/mosaic_delta_phase1/rtl/xorflow_decoder_pipelined.sv:20$114 ($add).
  creating $macc model for $flatten\lanes[9].decoder.$add$/home/rishabh/HPCA2/mosaic_delta_phase1/rtl/xorflow_decoder_pipelined.sv:20$117 ($add).
  creating $macc model for $flatten\lanes[9].decoder.$add$/home/rishabh/HPCA2/mosaic_delta_phase1/rtl/xorflow_decoder_pipelined.sv:21$105 ($add).
  creating $macc model for $flatten\lanes[9].decoder.$add$/home/rishabh/HPCA2/mosaic_delta_phase1/rtl/xorflow_decoder_pipelined.sv:21$107 ($add).
  creating $macc model for $flatten\lanes[9].decoder.$add$/home/rishabh/HPCA2/mosaic_delta_phase1/rtl/xorflow_decoder_pipelined.sv:21$109 ($add).
  creating $macc model for $flatten\lanes[9].decoder.$add$/home/rishabh/HPCA2/mosaic_delta_phase1/rtl/xorflow_decoder_pipelined.sv:21$112 ($add).
  creating $macc model for $flatten\lanes[9].decoder.$add$/home/rishabh/HPCA2/mosaic_delta_phase1/rtl/xorflow_decoder_pipelined.sv:21$115 ($add).
  creating $macc model for $flatten\lanes[9].decoder.$add$/home/rishabh/HPCA2/mosaic_delta_phase1/rtl/xorflow_decoder_pipelined.sv:21$118 ($add).
  creating $macc model for $flatten\lanes[9].decoder.$add$/home/rishabh/HPCA2/mosaic_delta_phase1/rtl/xorflow_decoder_pipelined.sv:22$110 ($add).
  creating $macc model for $flatten\lanes[9].decoder.$add$/home/rishabh/HPCA2/mosaic_delta_phase1/rtl/xorflow_decoder_pipelined.sv:22$113 ($add).
  creating $macc model for $flatten\lanes[9].decoder.$add$/home/rishabh/HPCA2/mosaic_delta_phase1/rtl/xorflow_decoder_pipelined.sv:22$116 ($add).
  creating $macc model for $flatten\lanes[9].decoder.$add$/home/rishabh/HPCA2/mosaic_delta_phase1/rtl/xorflow_decoder_pipelined.sv:22$119 ($add).
  creating $macc model for $flatten\lanes[9].decoder.$add$/home/rishabh/HPCA2/mosaic_delta_phase1/rtl/xorflow_decoder_pipelined.sv:31$21 ($add).
  creating $macc model for $flatten\lanes[9].decoder.$add$/home/rishabh/HPCA2/mosaic_delta_phase1/rtl/xorflow_decoder_pipelined.sv:31$33 ($add).
  creating $macc model for $flatten\lanes[9].decoder.$add$/home/rishabh/HPCA2/mosaic_delta_phase1/rtl/xorflow_decoder_pipelined.sv:31$45 ($add).
  creating $macc model for $flatten\lanes[9].decoder.$add$/home/rishabh/HPCA2/mosaic_delta_phase1/rtl/xorflow_decoder_pipelined.sv:31$57 ($add).
  creating $macc model for $flatten\lanes[9].decoder.$add$/home/rishabh/HPCA2/mosaic_delta_phase1/rtl/xorflow_decoder_pipelined.sv:31$69 ($add).
  creating $macc model for $flatten\lanes[9].decoder.$add$/home/rishabh/HPCA2/mosaic_delta_phase1/rtl/xorflow_decoder_pipelined.sv:31$81 ($add).
  creating $macc model for $flatten\lanes[9].decoder.$add$/home/rishabh/HPCA2/mosaic_delta_phase1/rtl/xorflow_decoder_pipelined.sv:31$9 ($add).
  creating $macc model for $flatten\lanes[9].decoder.$add$/home/rishabh/HPCA2/mosaic_delta_phase1/rtl/xorflow_decoder_pipelined.sv:31$93 ($add).
  merging $macc model for $flatten\lanes[9].decoder.$add$/home/rishabh/HPCA2/mosaic_delta_phase1/rtl/xorflow_decoder_pipelined.sv:22$119 into $flatten\lanes[9].decoder.$add$/home/rishabh/HPCA2/mosaic_delta_phase1/rtl/xorflow_decoder_pipelined.sv:31$93.
  merging $macc model for $flatten\lanes[9].decoder.$add$/home/rishabh/HPCA2/mosaic_delta_phase1/rtl/xorflow_decoder_pipelined.sv:22$116 into $flatten\lanes[9].decoder.$add$/home/rishabh/HPCA2/mosaic_delta_phase1/rtl/xorflow_decoder_pipelined.sv:31$81.
  merging $macc model for $flatten\lanes[9].decoder.$add$/home/rishabh/HPCA2/mosaic_delta_phase1/rtl/xorflow_decoder_pipelined.sv:22$113 into $flatten\lanes[9].decoder.$add$/home/rishabh/HPCA2/mosaic_delta_phase1/rtl/xorflow_decoder_pipelined.sv:31$69.
  merging $macc model for $flatten\lanes[9].decoder.$add$/home/rishabh/HPCA2/mosaic_delta_phase1/rtl/xorflow_decoder_pipelined.sv:22$110 into $flatten\lanes[9].decoder.$add$/home/rishabh/HPCA2/mosaic_delta_phase1/rtl/xorflow_decoder_pipelined.sv:31$57.
  merging $macc model for $flatten\lanes[8].decoder.$add$/home/rishabh/HPCA2/mosaic_delta_phase1/rtl/xorflow_decoder_pipelined.sv:22$119 into $flatten\lanes[8].decoder.$add$/home/rishabh/HPCA2/mosaic_delta_phase1/rtl/xorflow_decoder_pipelined.sv:31$93.
  merging $macc model for $flatten\lanes[8].decoder.$add$/home/rishabh/HPCA2/mosaic_delta_phase1/rtl/xorflow_decoder_pipelined.sv:22$116 into $flatten\lanes[8].decoder.$add$/home/rishabh/HPCA2/mosaic_delta_phase1/rtl/xorflow_decoder_pipelined.sv:31$81.
  merging $macc model for $flatten\lanes[8].decoder.$add$/home/rishabh/HPCA2/mosaic_delta_phase1/rtl/xorflow_decoder_pipelined.sv:22$113 into $flatten\lanes[8].decoder.$add$/home/rishabh/HPCA2/mosaic_delta_phase1/rtl/xorflow_decoder_pipelined.sv:31$69.
  merging $macc model for $flatten\lanes[8].decoder.$add$/home/rishabh/HPCA2/mosaic_delta_phase1/rtl/xorflow_decoder_pipelined.sv:22$110 into $flatten\lanes[8].decoder.$add$/home/rishabh/HPCA2/mosaic_delta_phase1/rtl/xorflow_decoder_pipelined.sv:31$57.
  merging $macc model for $flatten\lanes[7].decoder.$add$/home/rishabh/HPCA2/mosaic_delta_phase1/rtl/xorflow_decoder_pipelined.sv:22$119 into $flatten\lanes[7].decoder.$add$/home/rishabh/HPCA2/mosaic_delta_phase1/rtl/xorflow_decoder_pipelined.sv:31$93.
  merging $macc model for $flatten\lanes[7].decoder.$add$/home/rishabh/HPCA2/mosaic_delta_phase1/rtl/xorflow_decoder_pipelined.sv:22$116 into $flatten\lanes[7].decoder.$add$/home/rishabh/HPCA2/mosaic_delta_phase1/rtl/xorflow_decoder_pipelined.sv:31$81.
  merging $macc model for $flatten\lanes[7].decoder.$add$/home/rishabh/HPCA2/mosaic_delta_phase1/rtl/xorflow_decoder_pipelined.sv:22$113 into $flatten\lanes[7].decoder.$add$/home/rishabh/HPCA2/mosaic_delta_phase1/rtl/xorflow_decoder_pipelined.sv:31$69.
  merging $macc model for $flatten\lanes[7].decoder.$add$/home/rishabh/HPCA2/mosaic_delta_phase1/rtl/xorflow_decoder_pipelined.sv:22$110 into $flatten\lanes[7].decoder.$add$/home/rishabh/HPCA2/mosaic_delta_phase1/rtl/xorflow_decoder_pipelined.sv:31$57.
  merging $macc model for $flatten\lanes[6].decoder.$add$/home/rishabh/HPCA2/mosaic_delta_phase1/rtl/xorflow_decoder_pipelined.sv:22$119 into $flatten\lanes[6].decoder.$add$/home/rishabh/HPCA2/mosaic_delta_phase1/rtl/xorflow_decoder_pipelined.sv:31$93.
  merging $macc model for $flatten\lanes[6].decoder.$add$/home/rishabh/HPCA2/mosaic_delta_phase1/rtl/xorflow_decoder_pipelined.sv:22$116 into $flatten\lanes[6].decoder.$add$/home/rishabh/HPCA2/mosaic_delta_phase1/rtl/xorflow_decoder_pipelined.sv:31$81.
  merging $macc model for $flatten\lanes[6].decoder.$add$/home/rishabh/HPCA2/mosaic_delta_phase1/rtl/xorflow_decoder_pipelined.sv:22$113 into $flatten\lanes[6].decoder.$add$/home/rishabh/HPCA2/mosaic_delta_phase1/rtl/xorflow_decoder_pipelined.sv:31$69.
  merging $macc model for $flatten\lanes[6].decoder.$add$/home/rishabh/HPCA2/mosaic_delta_phase1/rtl/xorflow_decoder_pipelined.sv:22$110 into $flatten\lanes[6].decoder.$add$/home/rishabh/HPCA2/mosaic_delta_phase1/rtl/xorflow_decoder_pipelined.sv:31$57.
  merging $macc model for $flatten\lanes[5].decoder.$add$/home/rishabh/HPCA2/mosaic_delta_phase1/rtl/xorflow_decoder_pipelined.sv:22$119 into $flatten\lanes[5].decoder.$add$/home/rishabh/HPCA2/mosaic_delta_phase1/rtl/xorflow_decoder_pipelined.sv:31$93.
  merging $macc model for $flatten\lanes[5].decoder.$add$/home/rishabh/HPCA2/mosaic_delta_phase1/rtl/xorflow_decoder_pipelined.sv:22$116 into $flatten\lanes[5].decoder.$add$/home/rishabh/HPCA2/mosaic_delta_phase1/rtl/xorflow_decoder_pipelined.sv:31$81.
  merging $macc model for $flatten\lanes[5].decoder.$add$/home/rishabh/HPCA2/mosaic_delta_phase1/rtl/xorflow_decoder_pipelined.sv:22$113 into $flatten\lanes[5].decoder.$add$/home/rishabh/HPCA2/mosaic_delta_phase1/rtl/xorflow_decoder_pipelined.sv:31$69.
  merging $macc model for $flatten\lanes[5].decoder.$add$/home/rishabh/HPCA2/mosaic_delta_phase1/rtl/xorflow_decoder_pipelined.sv:22$110 into $flatten\lanes[5].decoder.$add$/home/rishabh/HPCA2/mosaic_delta_phase1/rtl/xorflow_decoder_pipelined.sv:31$57.
  merging $macc model for $flatten\lanes[4].decoder.$add$/home/rishabh/HPCA2/mosaic_delta_phase1/rtl/xorflow_decoder_pipelined.sv:22$119 into $flatten\lanes[4].decoder.$add$/home/rishabh/HPCA2/mosaic_delta_phase1/rtl/xorflow_decoder_pipelined.sv:31$93.
  merging $macc model for $flatten\lanes[4].decoder.$add$/home/rishabh/HPCA2/mosaic_delta_phase1/rtl/xorflow_decoder_pipelined.sv:22$116 into $flatten\lanes[4].decoder.$add$/home/rishabh/HPCA2/mosaic_delta_phase1/rtl/xorflow_decoder_pipelined.sv:31$81.
  merging $macc model for $flatten\lanes[4].decoder.$add$/home/rishabh/HPCA2/mosaic_delta_phase1/rtl/xorflow_decoder_pipelined.sv:22$113 into $flatten\lanes[4].decoder.$add$/home/rishabh/HPCA2/mosaic_delta_phase1/rtl/xorflow_decoder_pipelined.sv:31$69.
  merging $macc model for $flatten\lanes[4].decoder.$add$/home/rishabh/HPCA2/mosaic_delta_phase1/rtl/xorflow_decoder_pipelined.sv:22$110 into $flatten\lanes[4].decoder.$add$/home/rishabh/HPCA2/mosaic_delta_phase1/rtl/xorflow_decoder_pipelined.sv:31$57.
  merging $macc model for $flatten\lanes[3].decoder.$add$/home/rishabh/HPCA2/mosaic_delta_phase1/rtl/xorflow_decoder_pipelined.sv:22$119 into $flatten\lanes[3].decoder.$add$/home/rishabh/HPCA2/mosaic_delta_phase1/rtl/xorflow_decoder_pipelined.sv:31$93.
  merging $macc model for $flatten\lanes[3].decoder.$add$/home/rishabh/HPCA2/mosaic_delta_phase1/rtl/xorflow_decoder_pipelined.sv:22$116 into $flatten\lanes[3].decoder.$add$/home/rishabh/HPCA2/mosaic_delta_phase1/rtl/xorflow_decoder_pipelined.sv:31$81.
  merging $macc model for $flatten\lanes[3].decoder.$add$/home/rishabh/HPCA2/mosaic_delta_phase1/rtl/xorflow_decoder_pipelined.sv:22$113 into $flatten\lanes[3].decoder.$add$/home/rishabh/HPCA2/mosaic_delta_phase1/rtl/xorflow_decoder_pipelined.sv:31$69.
  merging $macc model for $flatten\lanes[3].decoder.$add$/home/rishabh/HPCA2/mosaic_delta_phase1/rtl/xorflow_decoder_pipelined.sv:22$110 into $flatten\lanes[3].decoder.$add$/home/rishabh/HPCA2/mosaic_delta_phase1/rtl/xorflow_decoder_pipelined.sv:31$57.
  merging $macc model for $flatten\lanes[31].decoder.$add$/home/rishabh/HPCA2/mosaic_delta_phase1/rtl/xorflow_decoder_pipelined.sv:22$119 into $flatten\lanes[31].decoder.$add$/home/rishabh/HPCA2/mosaic_delta_phase1/rtl/xorflow_decoder_pipelined.sv:31$93.
  merging $macc model for $flatten\lanes[31].decoder.$add$/home/rishabh/HPCA2/mosaic_delta_phase1/rtl/xorflow_decoder_pipelined.sv:22$116 into $flatten\lanes[31].decoder.$add$/home/rishabh/HPCA2/mosaic_delta_phase1/rtl/xorflow_decoder_pipelined.sv:31$81.
  merging $macc model for $flatten\lanes[31].decoder.$add$/home/rishabh/HPCA2/mosaic_delta_phase1/rtl/xorflow_decoder_pipelined.sv:22$113 into $flatten\lanes[31].decoder.$add$/home/rishabh/HPCA2/mosaic_delta_phase1/rtl/xorflow_decoder_pipelined.sv:31$69.
  merging $macc model for $flatten\lanes[31].decoder.$add$/home/rishabh/HPCA2/mosaic_delta_phase1/rtl/xorflow_decoder_pipelined.sv:22$110 into $flatten\lanes[31].decoder.$add$/home/rishabh/HPCA2/mosaic_delta_phase1/rtl/xorflow_decoder_pipelined.sv:31$57.
  merging $macc model for $flatten\lanes[30].decoder.$add$/home/rishabh/HPCA2/mosaic_delta_phase1/rtl/xorflow_decoder_pipelined.sv:22$119 into $flatten\lanes[30].decoder.$add$/home/rishabh/HPCA2/mosaic_delta_phase1/rtl/xorflow_decoder_pipelined.sv:31$93.
  merging $macc model for $flatten\lanes[30].decoder.$add$/home/rishabh/HPCA2/mosaic_delta_phase1/rtl/xorflow_decoder_pipelined.sv:22$116 into $flatten\lanes[30].decoder.$add$/home/rishabh/HPCA2/mosaic_delta_phase1/rtl/xorflow_decoder_pipelined.sv:31$81.
  merging $macc model for $flatten\lanes[30].decoder.$add$/home/rishabh/HPCA2/mosaic_delta_phase1/rtl/xorflow_decoder_pipelined.sv:22$113 into $flatten\lanes[30].decoder.$add$/home/rishabh/HPCA2/mosaic_delta_phase1/rtl/xorflow_decoder_pipelined.sv:31$69.
  merging $macc model for $flatten\lanes[30].decoder.$add$/home/rishabh/HPCA2/mosaic_delta_phase1/rtl/xorflow_decoder_pipelined.sv:22$110 into $flatten\lanes[30].decoder.$add$/home/rishabh/HPCA2/mosaic_delta_phase1/rtl/xorflow_decoder_pipelined.sv:31$57.
  merging $macc model for $flatten\lanes[2].decoder.$add$/home/rishabh/HPCA2/mosaic_delta_phase1/rtl/xorflow_decoder_pipelined.sv:22$119 into $flatten\lanes[2].decoder.$add$/home/rishabh/HPCA2/mosaic_delta_phase1/rtl/xorflow_decoder_pipelined.sv:31$93.
  merging $macc model for $flatten\lanes[2].decoder.$add$/home/rishabh/HPCA2/mosaic_delta_phase1/rtl/xorflow_decoder_pipelined.sv:22$116 into $flatten\lanes[2].decoder.$add$/home/rishabh/HPCA2/mosaic_delta_phase1/rtl/xorflow_decoder_pipelined.sv:31$81.
  merging $macc model for $flatten\lanes[2].decoder.$add$/home/rishabh/HPCA2/mosaic_delta_phase1/rtl/xorflow_decoder_pipelined.sv:22$113 into $flatten\lanes[2].decoder.$add$/home/rishabh/HPCA2/mosaic_delta_phase1/rtl/xorflow_decoder_pipelined.sv:31$69.
  merging $macc model for $flatten\lanes[2].decoder.$add$/home/rishabh/HPCA2/mosaic_delta_phase1/rtl/xorflow_decoder_pipelined.sv:22$110 into $flatten\lanes[2].decoder.$add$/home/rishabh/HPCA2/mosaic_delta_phase1/rtl/xorflow_decoder_pipelined.sv:31$57.
  merging $macc model for $flatten\lanes[29].decoder.$add$/home/rishabh/HPCA2/mosaic_delta_phase1/rtl/xorflow_decoder_pipelined.sv:22$119 into $flatten\lanes[29].decoder.$add$/home/rishabh/HPCA2/mosaic_delta_phase1/rtl/xorflow_decoder_pipelined.sv:31$93.
  merging $macc model for $flatten\lanes[29].decoder.$add$/home/rishabh/HPCA2/mosaic_delta_phase1/rtl/xorflow_decoder_pipelined.sv:22$116 into $flatten\lanes[29].decoder.$add$/home/rishabh/HPCA2/mosaic_delta_phase1/rtl/xorflow_decoder_pipelined.sv:31$81.
  merging $macc model for $flatten\lanes[29].decoder.$add$/home/rishabh/HPCA2/mosaic_delta_phase1/rtl/xorflow_decoder_pipelined.sv:22$113 into $flatten\lanes[29].decoder.$add$/home/rishabh/HPCA2/mosaic_delta_phase1/rtl/xorflow_decoder_pipelined.sv:31$69.
  merging $macc model for $flatten\lanes[29].decoder.$add$/home/rishabh/HPCA2/mosaic_delta_phase1/rtl/xorflow_decoder_pipelined.sv:22$110 into $flatten\lanes[29].decoder.$add$/home/rishabh/HPCA2/mosaic_delta_phase1/rtl/xorflow_decoder_pipelined.sv:31$57.
  merging $macc model for $flatten\lanes[28].decoder.$add$/home/rishabh/HPCA2/mosaic_delta_phase1/rtl/xorflow_decoder_pipelined.sv:22$119 into $flatten\lanes[28].decoder.$add$/home/rishabh/HPCA2/mosaic_delta_phase1/rtl/xorflow_decoder_pipelined.sv:31$93.
  merging $macc model for $flatten\lanes[28].decoder.$add$/home/rishabh/HPCA2/mosaic_delta_phase1/rtl/xorflow_decoder_pipelined.sv:22$116 into $flatten\lanes[28].decoder.$add$/home/rishabh/HPCA2/mosaic_delta_phase1/rtl/xorflow_decoder_pipelined.sv:31$81.
  merging $macc model for $flatten\lanes[28].decoder.$add$/home/rishabh/HPCA2/mosaic_delta_phase1/rtl/xorflow_decoder_pipelined.sv:22$113 into $flatten\lanes[28].decoder.$add$/home/rishabh/HPCA2/mosaic_delta_phase1/rtl/xorflow_decoder_pipelined.sv:31$69.
  merging $macc model for $flatten\lanes[28].decoder.$add$/home/rishabh/HPCA2/mosaic_delta_phase1/rtl/xorflow_decoder_pipelined.sv:22$110 into $flatten\lanes[28].decoder.$add$/home/rishabh/HPCA2/mosaic_delta_phase1/rtl/xorflow_decoder_pipelined.sv:31$57.
  merging $macc model for $flatten\lanes[27].decoder.$add$/home/rishabh/HPCA2/mosaic_delta_phase1/rtl/xorflow_decoder_pipelined.sv:22$119 into $flatten\lanes[27].decoder.$add$/home/rishabh/HPCA2/mosaic_delta_phase1/rtl/xorflow_decoder_pipelined.sv:31$93.
  merging $macc model for $flatten\lanes[27].decoder.$add$/home/rishabh/HPCA2/mosaic_delta_phase1/rtl/xorflow_decoder_pipelined.sv:22$116 into $flatten\lanes[27].decoder.$add$/home/rishabh/HPCA2/mosaic_delta_phase1/rtl/xorflow_decoder_pipelined.sv:31$81.
  merging $macc model for $flatten\lanes[27].decoder.$add$/home/rishabh/HPCA2/mosaic_delta_phase1/rtl/xorflow_decoder_pipelined.sv:22$113 into $flatten\lanes[27].decoder.$add$/home/rishabh/HPCA2/mosaic_delta_phase1/rtl/xorflow_decoder_pipelined.sv:31$69.
  merging $macc model for $flatten\lanes[27].decoder.$add$/home/rishabh/HPCA2/mosaic_delta_phase1/rtl/xorflow_decoder_pipelined.sv:22$110 into $flatten\lanes[27].decoder.$add$/home/rishabh/HPCA2/mosaic_delta_phase1/rtl/xorflow_decoder_pipelined.sv:31$57.
  merging $macc model for $flatten\lanes[26].decoder.$add$/home/rishabh/HPCA2/mosaic_delta_phase1/rtl/xorflow_decoder_pipelined.sv:22$119 into $flatten\lanes[26].decoder.$add$/home/rishabh/HPCA2/mosaic_delta_phase1/rtl/xorflow_decoder_pipelined.sv:31$93.
  merging $macc model for $flatten\lanes[26].decoder.$add$/home/rishabh/HPCA2/mosaic_delta_phase1/rtl/xorflow_decoder_pipelined.sv:22$116 into $flatten\lanes[26].decoder.$add$/home/rishabh/HPCA2/mosaic_delta_phase1/rtl/xorflow_decoder_pipelined.sv:31$81.
  merging $macc model for $flatten\lanes[26].decoder.$add$/home/rishabh/HPCA2/mosaic_delta_phase1/rtl/xorflow_decoder_pipelined.sv:22$113 into $flatten\lanes[26].decoder.$add$/home/rishabh/HPCA2/mosaic_delta_phase1/rtl/xorflow_decoder_pipelined.sv:31$69.
  merging $macc model for $flatten\lanes[26].decoder.$add$/home/rishabh/HPCA2/mosaic_delta_phase1/rtl/xorflow_decoder_pipelined.sv:22$110 into $flatten\lanes[26].decoder.$add$/home/rishabh/HPCA2/mosaic_delta_phase1/rtl/xorflow_decoder_pipelined.sv:31$57.
  merging $macc model for $flatten\lanes[25].decoder.$add$/home/rishabh/HPCA2/mosaic_delta_phase1/rtl/xorflow_decoder_pipelined.sv:22$119 into $flatten\lanes[25].decoder.$add$/home/rishabh/HPCA2/mosaic_delta_phase1/rtl/xorflow_decoder_pipelined.sv:31$93.
  merging $macc model for $flatten\lanes[25].decoder.$add$/home/rishabh/HPCA2/mosaic_delta_phase1/rtl/xorflow_decoder_pipelined.sv:22$116 into $flatten\lanes[25].decoder.$add$/home/rishabh/HPCA2/mosaic_delta_phase1/rtl/xorflow_decoder_pipelined.sv:31$81.
  merging $macc model for $flatten\lanes[25].decoder.$add$/home/rishabh/HPCA2/mosaic_delta_phase1/rtl/xorflow_decoder_pipelined.sv:22$113 into $flatten\lanes[25].decoder.$add$/home/rishabh/HPCA2/mosaic_delta_phase1/rtl/xorflow_decoder_pipelined.sv:31$69.
  merging $macc model for $flatten\lanes[25].decoder.$add$/home/rishabh/HPCA2/mosaic_delta_phase1/rtl/xorflow_decoder_pipelined.sv:22$110 into $flatten\lanes[25].decoder.$add$/home/rishabh/HPCA2/mosaic_delta_phase1/rtl/xorflow_decoder_pipelined.sv:31$57.
  merging $macc model for $flatten\lanes[24].decoder.$add$/home/rishabh/HPCA2/mosaic_delta_phase1/rtl/xorflow_decoder_pipelined.sv:22$119 into $flatten\lanes[24].decoder.$add$/home/rishabh/HPCA2/mosaic_delta_phase1/rtl/xorflow_decoder_pipelined.sv:31$93.
  merging $macc model for $flatten\lanes[24].decoder.$add$/home/rishabh/HPCA2/mosaic_delta_phase1/rtl/xorflow_decoder_pipelined.sv:22$116 into $flatten\lanes[24].decoder.$add$/home/rishabh/HPCA2/mosaic_delta_phase1/rtl/xorflow_decoder_pipelined.sv:31$81.
  merging $macc model for $flatten\lanes[24].decoder.$add$/home/rishabh/HPCA2/mosaic_delta_phase1/rtl/xorflow_decoder_pipelined.sv:22$113 into $flatten\lanes[24].decoder.$add$/home/rishabh/HPCA2/mosaic_delta_phase1/rtl/xorflow_decoder_pipelined.sv:31$69.
  merging $macc model for $flatten\lanes[24].decoder.$add$/home/rishabh/HPCA2/mosaic_delta_phase1/rtl/xorflow_decoder_pipelined.sv:22$110 into $flatten\lanes[24].decoder.$add$/home/rishabh/HPCA2/mosaic_delta_phase1/rtl/xorflow_decoder_pipelined.sv:31$57.
  merging $macc model for $flatten\lanes[23].decoder.$add$/home/rishabh/HPCA2/mosaic_delta_phase1/rtl/xorflow_decoder_pipelined.sv:22$119 into $flatten\lanes[23].decoder.$add$/home/rishabh/HPCA2/mosaic_delta_phase1/rtl/xorflow_decoder_pipelined.sv:31$93.
  merging $macc model for $flatten\lanes[23].decoder.$add$/home/rishabh/HPCA2/mosaic_delta_phase1/rtl/xorflow_decoder_pipelined.sv:22$116 into $flatten\lanes[23].decoder.$add$/home/rishabh/HPCA2/mosaic_delta_phase1/rtl/xorflow_decoder_pipelined.sv:31$81.
  merging $macc model for $flatten\lanes[23].decoder.$add$/home/rishabh/HPCA2/mosaic_delta_phase1/rtl/xorflow_decoder_pipelined.sv:22$113 into $flatten\lanes[23].decoder.$add$/home/rishabh/HPCA2/mosaic_delta_phase1/rtl/xorflow_decoder_pipelined.sv:31$69.
  merging $macc model for $flatten\lanes[23].decoder.$add$/home/rishabh/HPCA2/mosaic_delta_phase1/rtl/xorflow_decoder_pipelined.sv:22$110 into $flatten\lanes[23].decoder.$add$/home/rishabh/HPCA2/mosaic_delta_phase1/rtl/xorflow_decoder_pipelined.sv:31$57.
  merging $macc model for $flatten\lanes[22].decoder.$add$/home/rishabh/HPCA2/mosaic_delta_phase1/rtl/xorflow_decoder_pipelined.sv:22$119 into $flatten\lanes[22].decoder.$add$/home/rishabh/HPCA2/mosaic_delta_phase1/rtl/xorflow_decoder_pipelined.sv:31$93.
  merging $macc model for $flatten\lanes[22].decoder.$add$/home/rishabh/HPCA2/mosaic_delta_phase1/rtl/xorflow_decoder_pipelined.sv:22$116 into $flatten\lanes[22].decoder.$add$/home/rishabh/HPCA2/mosaic_delta_phase1/rtl/xorflow_decoder_pipelined.sv:31$81.
  merging $macc model for $flatten\lanes[22].decoder.$add$/home/rishabh/HPCA2/mosaic_delta_phase1/rtl/xorflow_decoder_pipelined.sv:22$113 into $flatten\lanes[22].decoder.$add$/home/rishabh/HPCA2/mosaic_delta_phase1/rtl/xorflow_decoder_pipelined.sv:31$69.
  merging $macc model for $flatten\lanes[22].decoder.$add$/home/rishabh/HPCA2/mosaic_delta_phase1/rtl/xorflow_decoder_pipelined.sv:22$110 into $flatten\lanes[22].decoder.$add$/home/rishabh/HPCA2/mosaic_delta_phase1/rtl/xorflow_decoder_pipelined.sv:31$57.
  merging $macc model for $flatten\lanes[21].decoder.$add$/home/rishabh/HPCA2/mosaic_delta_phase1/rtl/xorflow_decoder_pipelined.sv:22$119 into $flatten\lanes[21].decoder.$add$/home/rishabh/HPCA2/mosaic_delta_phase1/rtl/xorflow_decoder_pipelined.sv:31$93.
  merging $macc model for $flatten\lanes[21].decoder.$add$/home/rishabh/HPCA2/mosaic_delta_phase1/rtl/xorflow_decoder_pipelined.sv:22$116 into $flatten\lanes[21].decoder.$add$/home/rishabh/HPCA2/mosaic_delta_phase1/rtl/xorflow_decoder_pipelined.sv:31$81.
  merging $macc model for $flatten\lanes[21].decoder.$add$/home/rishabh/HPCA2/mosaic_delta_phase1/rtl/xorflow_decoder_pipelined.sv:22$113 into $flatten\lanes[21].decoder.$add$/home/rishabh/HPCA2/mosaic_delta_phase1/rtl/xorflow_decoder_pipelined.sv:31$69.
  merging $macc model for $flatten\lanes[21].decoder.$add$/home/rishabh/HPCA2/mosaic_delta_phase1/rtl/xorflow_decoder_pipelined.sv:22$110 into $flatten\lanes[21].decoder.$add$/home/rishabh/HPCA2/mosaic_delta_phase1/rtl/xorflow_decoder_pipelined.sv:31$57.
  merging $macc model for $flatten\lanes[20].decoder.$add$/home/rishabh/HPCA2/mosaic_delta_phase1/rtl/xorflow_decoder_pipelined.sv:22$119 into $flatten\lanes[20].decoder.$add$/home/rishabh/HPCA2/mosaic_delta_phase1/rtl/xorflow_decoder_pipelined.sv:31$93.
  merging $macc model for $flatten\lanes[20].decoder.$add$/home/rishabh/HPCA2/mosaic_delta_phase1/rtl/xorflow_decoder_pipelined.sv:22$116 into $flatten\lanes[20].decoder.$add$/home/rishabh/HPCA2/mosaic_delta_phase1/rtl/xorflow_decoder_pipelined.sv:31$81.
  merging $macc model for $flatten\lanes[20].decoder.$add$/home/rishabh/HPCA2/mosaic_delta_phase1/rtl/xorflow_decoder_pipelined.sv:22$113 into $flatten\lanes[20].decoder.$add$/home/rishabh/HPCA2/mosaic_delta_phase1/rtl/xorflow_decoder_pipelined.sv:31$69.
  merging $macc model for $flatten\lanes[20].decoder.$add$/home/rishabh/HPCA2/mosaic_delta_phase1/rtl/xorflow_decoder_pipelined.sv:22$110 into $flatten\lanes[20].decoder.$add$/home/rishabh/HPCA2/mosaic_delta_phase1/rtl/xorflow_decoder_pipelined.sv:31$57.
  merging $macc model for $flatten\lanes[1].decoder.$add$/home/rishabh/HPCA2/mosaic_delta_phase1/rtl/xorflow_decoder_pipelined.sv:22$119 into $flatten\lanes[1].decoder.$add$/home/rishabh/HPCA2/mosaic_delta_phase1/rtl/xorflow_decoder_pipelined.sv:31$93.
  merging $macc model for $flatten\lanes[1].decoder.$add$/home/rishabh/HPCA2/mosaic_delta_phase1/rtl/xorflow_decoder_pipelined.sv:22$116 into $flatten\lanes[1].decoder.$add$/home/rishabh/HPCA2/mosaic_delta_phase1/rtl/xorflow_decoder_pipelined.sv:31$81.
  merging $macc model for $flatten\lanes[1].decoder.$add$/home/rishabh/HPCA2/mosaic_delta_phase1/rtl/xorflow_decoder_pipelined.sv:22$113 into $flatten\lanes[1].decoder.$add$/home/rishabh/HPCA2/mosaic_delta_phase1/rtl/xorflow_decoder_pipelined.sv:31$69.
  merging $macc model for $flatten\lanes[1].decoder.$add$/home/rishabh/HPCA2/mosaic_delta_phase1/rtl/xorflow_decoder_pipelined.sv:22$110 into $flatten\lanes[1].decoder.$add$/home/rishabh/HPCA2/mosaic_delta_phase1/rtl/xorflow_decoder_pipelined.sv:31$57.
  merging $macc model for $flatten\lanes[19].decoder.$add$/home/rishabh/HPCA2/mosaic_delta_phase1/rtl/xorflow_decoder_pipelined.sv:22$119 into $flatten\lanes[19].decoder.$add$/home/rishabh/HPCA2/mosaic_delta_phase1/rtl/xorflow_decoder_pipelined.sv:31$93.
  merging $macc model for $flatten\lanes[19].decoder.$add$/home/rishabh/HPCA2/mosaic_delta_phase1/rtl/xorflow_decoder_pipelined.sv:22$116 into $flatten\lanes[19].decoder.$add$/home/rishabh/HPCA2/mosaic_delta_phase1/rtl/xorflow_decoder_pipelined.sv:31$81.
  merging $macc model for $flatten\lanes[19].decoder.$add$/home/rishabh/HPCA2/mosaic_delta_phase1/rtl/xorflow_decoder_pipelined.sv:22$113 into $flatten\lanes[19].decoder.$add$/home/rishabh/HPCA2/mosaic_delta_phase1/rtl/xorflow_decoder_pipelined.sv:31$69.
  merging $macc model for $flatten\lanes[19].decoder.$add$/home/rishabh/HPCA2/mosaic_delta_phase1/rtl/xorflow_decoder_pipelined.sv:22$110 into $flatten\lanes[19].decoder.$add$/home/rishabh/HPCA2/mosaic_delta_phase1/rtl/xorflow_decoder_pipelined.sv:31$57.
  merging $macc model for $flatten\lanes[18].decoder.$add$/home/rishabh/HPCA2/mosaic_delta_phase1/rtl/xorflow_decoder_pipelined.sv:22$119 into $flatten\lanes[18].decoder.$add$/home/rishabh/HPCA2/mosaic_delta_phase1/rtl/xorflow_decoder_pipelined.sv:31$93.
  merging $macc model for $flatten\lanes[18].decoder.$add$/home/rishabh/HPCA2/mosaic_delta_phase1/rtl/xorflow_decoder_pipelined.sv:22$116 into $flatten\lanes[18].decoder.$add$/home/rishabh/HPCA2/mosaic_delta_phase1/rtl/xorflow_decoder_pipelined.sv:31$81.
  merging $macc model for $flatten\lanes[18].decoder.$add$/home/rishabh/HPCA2/mosaic_delta_phase1/rtl/xorflow_decoder_pipelined.sv:22$113 into $flatten\lanes[18].decoder.$add$/home/rishabh/HPCA2/mosaic_delta_phase1/rtl/xorflow_decoder_pipelined.sv:31$69.
  merging $macc model for $flatten\lanes[18].decoder.$add$/home/rishabh/HPCA2/mosaic_delta_phase1/rtl/xorflow_decoder_pipelined.sv:22$110 into $flatten\lanes[18].decoder.$add$/home/rishabh/HPCA2/mosaic_delta_phase1/rtl/xorflow_decoder_pipelined.sv:31$57.
  merging $macc model for $flatten\lanes[17].decoder.$add$/home/rishabh/HPCA2/mosaic_delta_phase1/rtl/xorflow_decoder_pipelined.sv:22$119 into $flatten\lanes[17].decoder.$add$/home/rishabh/HPCA2/mosaic_delta_phase1/rtl/xorflow_decoder_pipelined.sv:31$93.
  merging $macc model for $flatten\lanes[17].decoder.$add$/home/rishabh/HPCA2/mosaic_delta_phase1/rtl/xorflow_decoder_pipelined.sv:22$116 into $flatten\lanes[17].decoder.$add$/home/rishabh/HPCA2/mosaic_delta_phase1/rtl/xorflow_decoder_pipelined.sv:31$81.
  merging $macc model for $flatten\lanes[17].decoder.$add$/home/rishabh/HPCA2/mosaic_delta_phase1/rtl/xorflow_decoder_pipelined.sv:22$113 into $flatten\lanes[17].decoder.$add$/home/rishabh/HPCA2/mosaic_delta_phase1/rtl/xorflow_decoder_pipelined.sv:31$69.
  merging $macc model for $flatten\lanes[17].decoder.$add$/home/rishabh/HPCA2/mosaic_delta_phase1/rtl/xorflow_decoder_pipelined.sv:22$110 into $flatten\lanes[17].decoder.$add$/home/rishabh/HPCA2/mosaic_delta_phase1/rtl/xorflow_decoder_pipelined.sv:31$57.
  merging $macc model for $flatten\lanes[16].decoder.$add$/home/rishabh/HPCA2/mosaic_delta_phase1/rtl/xorflow_decoder_pipelined.sv:22$119 into $flatten\lanes[16].decoder.$add$/home/rishabh/HPCA2/mosaic_delta_phase1/rtl/xorflow_decoder_pipelined.sv:31$93.
  merging $macc model for $flatten\lanes[16].decoder.$add$/home/rishabh/HPCA2/mosaic_delta_phase1/rtl/xorflow_decoder_pipelined.sv:22$116 into $flatten\lanes[16].decoder.$add$/home/rishabh/HPCA2/mosaic_delta_phase1/rtl/xorflow_decoder_pipelined.sv:31$81.
  merging $macc model for $flatten\lanes[16].decoder.$add$/home/rishabh/HPCA2/mosaic_delta_phase1/rtl/xorflow_decoder_pipelined.sv:22$113 into $flatten\lanes[16].decoder.$add$/home/rishabh/HPCA2/mosaic_delta_phase1/rtl/xorflow_decoder_pipelined.sv:31$69.
  merging $macc model for $flatten\lanes[16].decoder.$add$/home/rishabh/HPCA2/mosaic_delta_phase1/rtl/xorflow_decoder_pipelined.sv:22$110 into $flatten\lanes[16].decoder.$add$/home/rishabh/HPCA2/mosaic_delta_phase1/rtl/xorflow_decoder_pipelined.sv:31$57.
  merging $macc model for $flatten\lanes[15].decoder.$add$/home/rishabh/HPCA2/mosaic_delta_phase1/rtl/xorflow_decoder_pipelined.sv:22$119 into $flatten\lanes[15].decoder.$add$/home/rishabh/HPCA2/mosaic_delta_phase1/rtl/xorflow_decoder_pipelined.sv:31$93.
  merging $macc model for $flatten\lanes[15].decoder.$add$/home/rishabh/HPCA2/mosaic_delta_phase1/rtl/xorflow_decoder_pipelined.sv:22$116 into $flatten\lanes[15].decoder.$add$/home/rishabh/HPCA2/mosaic_delta_phase1/rtl/xorflow_decoder_pipelined.sv:31$81.
  merging $macc model for $flatten\lanes[15].decoder.$add$/home/rishabh/HPCA2/mosaic_delta_phase1/rtl/xorflow_decoder_pipelined.sv:22$113 into $flatten\lanes[15].decoder.$add$/home/rishabh/HPCA2/mosaic_delta_phase1/rtl/xorflow_decoder_pipelined.sv:31$69.
  merging $macc model for $flatten\lanes[15].decoder.$add$/home/rishabh/HPCA2/mosaic_delta_phase1/rtl/xorflow_decoder_pipelined.sv:22$110 into $flatten\lanes[15].decoder.$add$/home/rishabh/HPCA2/mosaic_delta_phase1/rtl/xorflow_decoder_pipelined.sv:31$57.
  merging $macc model for $flatten\lanes[14].decoder.$add$/home/rishabh/HPCA2/mosaic_delta_phase1/rtl/xorflow_decoder_pipelined.sv:22$119 into $flatten\lanes[14].decoder.$add$/home/rishabh/HPCA2/mosaic_delta_phase1/rtl/xorflow_decoder_pipelined.sv:31$93.
  merging $macc model for $flatten\lanes[14].decoder.$add$/home/rishabh/HPCA2/mosaic_delta_phase1/rtl/xorflow_decoder_pipelined.sv:22$116 into $flatten\lanes[14].decoder.$add$/home/rishabh/HPCA2/mosaic_delta_phase1/rtl/xorflow_decoder_pipelined.sv:31$81.
  merging $macc model for $flatten\lanes[14].decoder.$add$/home/rishabh/HPCA2/mosaic_delta_phase1/rtl/xorflow_decoder_pipelined.sv:22$113 into $flatten\lanes[14].decoder.$add$/home/rishabh/HPCA2/mosaic_delta_phase1/rtl/xorflow_decoder_pipelined.sv:31$69.
  merging $macc model for $flatten\lanes[14].decoder.$add$/home/rishabh/HPCA2/mosaic_delta_phase1/rtl/xorflow_decoder_pipelined.sv:22$110 into $flatten\lanes[14].decoder.$add$/home/rishabh/HPCA2/mosaic_delta_phase1/rtl/xorflow_decoder_pipelined.sv:31$57.
  merging $macc model for $flatten\lanes[13].decoder.$add$/home/rishabh/HPCA2/mosaic_delta_phase1/rtl/xorflow_decoder_pipelined.sv:22$119 into $flatten\lanes[13].decoder.$add$/home/rishabh/HPCA2/mosaic_delta_phase1/rtl/xorflow_decoder_pipelined.sv:31$93.
  merging $macc model for $flatten\lanes[13].decoder.$add$/home/rishabh/HPCA2/mosaic_delta_phase1/rtl/xorflow_decoder_pipelined.sv:22$116 into $flatten\lanes[13].decoder.$add$/home/rishabh/HPCA2/mosaic_delta_phase1/rtl/xorflow_decoder_pipelined.sv:31$81.
  merging $macc model for $flatten\lanes[13].decoder.$add$/home/rishabh/HPCA2/mosaic_delta_phase1/rtl/xorflow_decoder_pipelined.sv:22$113 into $flatten\lanes[13].decoder.$add$/home/rishabh/HPCA2/mosaic_delta_phase1/rtl/xorflow_decoder_pipelined.sv:31$69.
  merging $macc model for $flatten\lanes[13].decoder.$add$/home/rishabh/HPCA2/mosaic_delta_phase1/rtl/xorflow_decoder_pipelined.sv:22$110 into $flatten\lanes[13].decoder.$add$/home/rishabh/HPCA2/mosaic_delta_phase1/rtl/xorflow_decoder_pipelined.sv:31$57.
  merging $macc model for $flatten\lanes[12].decoder.$add$/home/rishabh/HPCA2/mosaic_delta_phase1/rtl/xorflow_decoder_pipelined.sv:22$119 into $flatten\lanes[12].decoder.$add$/home/rishabh/HPCA2/mosaic_delta_phase1/rtl/xorflow_decoder_pipelined.sv:31$93.
  merging $macc model for $flatten\lanes[12].decoder.$add$/home/rishabh/HPCA2/mosaic_delta_phase1/rtl/xorflow_decoder_pipelined.sv:22$116 into $flatten\lanes[12].decoder.$add$/home/rishabh/HPCA2/mosaic_delta_phase1/rtl/xorflow_decoder_pipelined.sv:31$81.
  merging $macc model for $flatten\lanes[12].decoder.$add$/home/rishabh/HPCA2/mosaic_delta_phase1/rtl/xorflow_decoder_pipelined.sv:22$113 into $flatten\lanes[12].decoder.$add$/home/rishabh/HPCA2/mosaic_delta_phase1/rtl/xorflow_decoder_pipelined.sv:31$69.
  merging $macc model for $flatten\lanes[12].decoder.$add$/home/rishabh/HPCA2/mosaic_delta_phase1/rtl/xorflow_decoder_pipelined.sv:22$110 into $flatten\lanes[12].decoder.$add$/home/rishabh/HPCA2/mosaic_delta_phase1/rtl/xorflow_decoder_pipelined.sv:31$57.
  merging $macc model for $flatten\lanes[11].decoder.$add$/home/rishabh/HPCA2/mosaic_delta_phase1/rtl/xorflow_decoder_pipelined.sv:22$119 into $flatten\lanes[11].decoder.$add$/home/rishabh/HPCA2/mosaic_delta_phase1/rtl/xorflow_decoder_pipelined.sv:31$93.
  merging $macc model for $flatten\lanes[11].decoder.$add$/home/rishabh/HPCA2/mosaic_delta_phase1/rtl/xorflow_decoder_pipelined.sv:22$116 into $flatten\lanes[11].decoder.$add$/home/rishabh/HPCA2/mosaic_delta_phase1/rtl/xorflow_decoder_pipelined.sv:31$81.
  merging $macc model for $flatten\lanes[11].decoder.$add$/home/rishabh/HPCA2/mosaic_delta_phase1/rtl/xorflow_decoder_pipelined.sv:22$113 into $flatten\lanes[11].decoder.$add$/home/rishabh/HPCA2/mosaic_delta_phase1/rtl/xorflow_decoder_pipelined.sv:31$69.
  merging $macc model for $flatten\lanes[11].decoder.$add$/home/rishabh/HPCA2/mosaic_delta_phase1/rtl/xorflow_decoder_pipelined.sv:22$110 into $flatten\lanes[11].decoder.$add$/home/rishabh/HPCA2/mosaic_delta_phase1/rtl/xorflow_decoder_pipelined.sv:31$57.
  merging $macc model for $flatten\lanes[10].decoder.$add$/home/rishabh/HPCA2/mosaic_delta_phase1/rtl/xorflow_decoder_pipelined.sv:22$119 into $flatten\lanes[10].decoder.$add$/home/rishabh/HPCA2/mosaic_delta_phase1/rtl/xorflow_decoder_pipelined.sv:31$93.
  merging $macc model for $flatten\lanes[10].decoder.$add$/home/rishabh/HPCA2/mosaic_delta_phase1/rtl/xorflow_decoder_pipelined.sv:22$116 into $flatten\lanes[10].decoder.$add$/home/rishabh/HPCA2/mosaic_delta_phase1/rtl/xorflow_decoder_pipelined.sv:31$81.
  merging $macc model for $flatten\lanes[10].decoder.$add$/home/rishabh/HPCA2/mosaic_delta_phase1/rtl/xorflow_decoder_pipelined.sv:22$113 into $flatten\lanes[10].decoder.$add$/home/rishabh/HPCA2/mosaic_delta_phase1/rtl/xorflow_decoder_pipelined.sv:31$69.
  merging $macc model for $flatten\lanes[10].decoder.$add$/home/rishabh/HPCA2/mosaic_delta_phase1/rtl/xorflow_decoder_pipelined.sv:22$110 into $flatten\lanes[10].decoder.$add$/home/rishabh/HPCA2/mosaic_delta_phase1/rtl/xorflow_decoder_pipelined.sv:31$57.
  merging $macc model for $flatten\lanes[0].decoder.$add$/home/rishabh/HPCA2/mosaic_delta_phase1/rtl/xorflow_decoder_pipelined.sv:22$119 into $flatten\lanes[0].decoder.$add$/home/rishabh/HPCA2/mosaic_delta_phase1/rtl/xorflow_decoder_pipelined.sv:31$93.
  merging $macc model for $flatten\lanes[0].decoder.$add$/home/rishabh/HPCA2/mosaic_delta_phase1/rtl/xorflow_decoder_pipelined.sv:22$116 into $flatten\lanes[0].decoder.$add$/home/rishabh/HPCA2/mosaic_delta_phase1/rtl/xorflow_decoder_pipelined.sv:31$81.
  merging $macc model for $flatten\lanes[0].decoder.$add$/home/rishabh/HPCA2/mosaic_delta_phase1/rtl/xorflow_decoder_pipelined.sv:22$113 into $flatten\lanes[0].decoder.$add$/home/rishabh/HPCA2/mosaic_delta_phase1/rtl/xorflow_decoder_pipelined.sv:31$69.
  merging $macc model for $flatten\lanes[0].decoder.$add$/home/rishabh/HPCA2/mosaic_delta_phase1/rtl/xorflow_decoder_pipelined.sv:22$110 into $flatten\lanes[0].decoder.$add$/home/rishabh/HPCA2/mosaic_delta_phase1/rtl/xorflow_decoder_pipelined.sv:31$57.
  creating $alu model for $macc $flatten\lanes[4].decoder.$add$/home/rishabh/HPCA2/mosaic_delta_phase1/rtl/xorflow_decoder_pipelined.sv:31$45.
  creating $alu model for $macc $flatten\lanes[4].decoder.$add$/home/rishabh/HPCA2/mosaic_delta_phase1/rtl/xorflow_decoder_pipelined.sv:31$33.
  creating $alu model for $macc $flatten\lanes[4].decoder.$add$/home/rishabh/HPCA2/mosaic_delta_phase1/rtl/xorflow_decoder_pipelined.sv:31$21.
  creating $alu model for $macc $flatten\lanes[5].decoder.$add$/home/rishabh/HPCA2/mosaic_delta_phase1/rtl/xorflow_decoder_pipelined.sv:31$21.
  creating $alu model for $macc $flatten\lanes[5].decoder.$add$/home/rishabh/HPCA2/mosaic_delta_phase1/rtl/xorflow_decoder_pipelined.sv:31$33.
  creating $alu model for $macc $flatten\lanes[5].decoder.$add$/home/rishabh/HPCA2/mosaic_delta_phase1/rtl/xorflow_decoder_pipelined.sv:31$45.
  creating $alu model for $macc $flatten\lanes[4].decoder.$add$/home/rishabh/HPCA2/mosaic_delta_phase1/rtl/xorflow_decoder_pipelined.sv:21$118.
  creating $alu model for $macc $flatten\lanes[4].decoder.$add$/home/rishabh/HPCA2/mosaic_delta_phase1/rtl/xorflow_decoder_pipelined.sv:21$115.
  creating $alu model for $macc $flatten\lanes[4].decoder.$add$/home/rishabh/HPCA2/mosaic_delta_phase1/rtl/xorflow_decoder_pipelined.sv:21$112.
  creating $alu model for $macc $flatten\lanes[4].decoder.$add$/home/rishabh/HPCA2/mosaic_delta_phase1/rtl/xorflow_decoder_pipelined.sv:21$109.
  creating $alu model for $macc $flatten\lanes[4].decoder.$add$/home/rishabh/HPCA2/mosaic_delta_phase1/rtl/xorflow_decoder_pipelined.sv:21$107.
  creating $alu model for $macc $flatten\lanes[4].decoder.$add$/home/rishabh/HPCA2/mosaic_delta_phase1/rtl/xorflow_decoder_pipelined.sv:21$105.
  creating $alu model for $macc $flatten\lanes[4].decoder.$add$/home/rishabh/HPCA2/mosaic_delta_phase1/rtl/xorflow_decoder_pipelined.sv:20$117.
  creating $alu model for $macc $flatten\lanes[4].decoder.$add$/home/rishabh/HPCA2/mosaic_delta_phase1/rtl/xorflow_decoder_pipelined.sv:20$114.
  creating $alu model for $macc $flatten\lanes[4].decoder.$add$/home/rishabh/HPCA2/mosaic_delta_phase1/rtl/xorflow_decoder_pipelined.sv:20$111.
  creating $alu model for $macc $flatten\lanes[4].decoder.$add$/home/rishabh/HPCA2/mosaic_delta_phase1/rtl/xorflow_decoder_pipelined.sv:20$108.
  creating $alu model for $macc $flatten\lanes[4].decoder.$add$/home/rishabh/HPCA2/mosaic_delta_phase1/rtl/xorflow_decoder_pipelined.sv:20$106.
  creating $alu model for $macc $flatten\lanes[4].decoder.$add$/home/rishabh/HPCA2/mosaic_delta_phase1/rtl/xorflow_decoder_pipelined.sv:20$104.
  creating $alu model for $macc $flatten\lanes[4].decoder.$add$/home/rishabh/HPCA2/mosaic_delta_phase1/rtl/xorflow_decoder_pipelined.sv:20$103.
  creating $alu model for $macc $flatten\lanes[3].decoder.$add$/home/rishabh/HPCA2/mosaic_delta_phase1/rtl/xorflow_decoder_pipelined.sv:31$9.
  creating $alu model for $macc $flatten\lanes[3].decoder.$add$/home/rishabh/HPCA2/mosaic_delta_phase1/rtl/xorflow_decoder_pipelined.sv:31$45.
  creating $alu model for $macc $flatten\lanes[3].decoder.$add$/home/rishabh/HPCA2/mosaic_delta_phase1/rtl/xorflow_decoder_pipelined.sv:31$33.
  creating $alu model for $macc $flatten\lanes[3].decoder.$add$/home/rishabh/HPCA2/mosaic_delta_phase1/rtl/xorflow_decoder_pipelined.sv:31$21.
  creating $alu model for $macc $flatten\lanes[5].decoder.$add$/home/rishabh/HPCA2/mosaic_delta_phase1/rtl/xorflow_decoder_pipelined.sv:31$9.
  creating $alu model for $macc $flatten\lanes[3].decoder.$add$/home/rishabh/HPCA2/mosaic_delta_phase1/rtl/xorflow_decoder_pipelined.sv:21$118.
  creating $alu model for $macc $flatten\lanes[3].decoder.$add$/home/rishabh/HPCA2/mosaic_delta_phase1/rtl/xorflow_decoder_pipelined.sv:21$115.
  creating $alu model for $macc $flatten\lanes[3].decoder.$add$/home/rishabh/HPCA2/mosaic_delta_phase1/rtl/xorflow_decoder_pipelined.sv:21$112.
  creating $alu model for $macc $flatten\lanes[3].decoder.$add$/home/rishabh/HPCA2/mosaic_delta_phase1/rtl/xorflow_decoder_pipelined.sv:21$109.
  creating $alu model for $macc $flatten\lanes[3].decoder.$add$/home/rishabh/HPCA2/mosaic_delta_phase1/rtl/xorflow_decoder_pipelined.sv:21$107.
  creating $alu model for $macc $flatten\lanes[3].decoder.$add$/home/rishabh/HPCA2/mosaic_delta_phase1/rtl/xorflow_decoder_pipelined.sv:21$105.
  creating $alu model for $macc $flatten\lanes[3].decoder.$add$/home/rishabh/HPCA2/mosaic_delta_phase1/rtl/xorflow_decoder_pipelined.sv:20$117.
  creating $alu model for $macc $flatten\lanes[3].decoder.$add$/home/rishabh/HPCA2/mosaic_delta_phase1/rtl/xorflow_decoder_pipelined.sv:20$114.
  creating $alu model for $macc $flatten\lanes[3].decoder.$add$/home/rishabh/HPCA2/mosaic_delta_phase1/rtl/xorflow_decoder_pipelined.sv:20$111.
  creating $alu model for $macc $flatten\lanes[3].decoder.$add$/home/rishabh/HPCA2/mosaic_delta_phase1/rtl/xorflow_decoder_pipelined.sv:20$108.
  creating $alu model for $macc $flatten\lanes[3].decoder.$add$/home/rishabh/HPCA2/mosaic_delta_phase1/rtl/xorflow_decoder_pipelined.sv:20$106.
  creating $alu model for $macc $flatten\lanes[3].decoder.$add$/home/rishabh/HPCA2/mosaic_delta_phase1/rtl/xorflow_decoder_pipelined.sv:20$104.
  creating $alu model for $macc $flatten\lanes[3].decoder.$add$/home/rishabh/HPCA2/mosaic_delta_phase1/rtl/xorflow_decoder_pipelined.sv:20$103.
  creating $alu model for $macc $flatten\lanes[31].decoder.$add$/home/rishabh/HPCA2/mosaic_delta_phase1/rtl/xorflow_decoder_pipelined.sv:31$9.
  creating $alu model for $macc $flatten\lanes[31].decoder.$add$/home/rishabh/HPCA2/mosaic_delta_phase1/rtl/xorflow_decoder_pipelined.sv:31$45.
  creating $alu model for $macc $flatten\lanes[31].decoder.$add$/home/rishabh/HPCA2/mosaic_delta_phase1/rtl/xorflow_decoder_pipelined.sv:31$33.
  creating $alu model for $macc $flatten\lanes[31].decoder.$add$/home/rishabh/HPCA2/mosaic_delta_phase1/rtl/xorflow_decoder_pipelined.sv:31$21.
  creating $alu model for $macc $flatten\lanes[6].decoder.$add$/home/rishabh/HPCA2/mosaic_delta_phase1/rtl/xorflow_decoder_pipelined.sv:20$103.
  creating $alu model for $macc $flatten\lanes[6].decoder.$add$/home/rishabh/HPCA2/mosaic_delta_phase1/rtl/xorflow_decoder_pipelined.sv:20$104.
  creating $alu model for $macc $flatten\lanes[6].decoder.$add$/home/rishabh/HPCA2/mosaic_delta_phase1/rtl/xorflow_decoder_pipelined.sv:20$106.
  creating $alu model for $macc $flatten\lanes[6].decoder.$add$/home/rishabh/HPCA2/mosaic_delta_phase1/rtl/xorflow_decoder_pipelined.sv:20$108.
  creating $alu model for $macc $flatten\lanes[31].decoder.$add$/home/rishabh/HPCA2/mosaic_delta_phase1/rtl/xorflow_decoder_pipelined.sv:21$118.
  creating $alu model for $macc $flatten\lanes[31].decoder.$add$/home/rishabh/HPCA2/mosaic_delta_phase1/rtl/xorflow_decoder_pipelined.sv:21$115.
  creating $alu model for $macc $flatten\lanes[31].decoder.$add$/home/rishabh/HPCA2/mosaic_delta_phase1/rtl/xorflow_decoder_pipelined.sv:21$112.
  creating $alu model for $macc $flatten\lanes[31].decoder.$add$/home/rishabh/HPCA2/mosaic_delta_phase1/rtl/xorflow_decoder_pipelined.sv:21$109.
  creating $alu model for $macc $flatten\lanes[31].decoder.$add$/home/rishabh/HPCA2/mosaic_delta_phase1/rtl/xorflow_decoder_pipelined.sv:21$107.
  creating $alu model for $macc $flatten\lanes[31].decoder.$add$/home/rishabh/HPCA2/mosaic_delta_phase1/rtl/xorflow_decoder_pipelined.sv:21$105.
  creating $alu model for $macc $flatten\lanes[31].decoder.$add$/home/rishabh/HPCA2/mosaic_delta_phase1/rtl/xorflow_decoder_pipelined.sv:20$117.
  creating $alu model for $macc $flatten\lanes[31].decoder.$add$/home/rishabh/HPCA2/mosaic_delta_phase1/rtl/xorflow_decoder_pipelined.sv:20$114.
  creating $alu model for $macc $flatten\lanes[31].decoder.$add$/home/rishabh/HPCA2/mosaic_delta_phase1/rtl/xorflow_decoder_pipelined.sv:20$111.
  creating $alu model for $macc $flatten\lanes[31].decoder.$add$/home/rishabh/HPCA2/mosaic_delta_phase1/rtl/xorflow_decoder_pipelined.sv:20$108.
  creating $alu model for $macc $flatten\lanes[31].decoder.$add$/home/rishabh/HPCA2/mosaic_delta_phase1/rtl/xorflow_decoder_pipelined.sv:20$106.
  creating $alu model for $macc $flatten\lanes[31].decoder.$add$/home/rishabh/HPCA2/mosaic_delta_phase1/rtl/xorflow_decoder_pipelined.sv:20$104.
  creating $alu model for $macc $flatten\lanes[31].decoder.$add$/home/rishabh/HPCA2/mosaic_delta_phase1/rtl/xorflow_decoder_pipelined.sv:20$103.
  creating $alu model for $macc $flatten\lanes[30].decoder.$add$/home/rishabh/HPCA2/mosaic_delta_phase1/rtl/xorflow_decoder_pipelined.sv:31$9.
  creating $alu model for $macc $flatten\lanes[30].decoder.$add$/home/rishabh/HPCA2/mosaic_delta_phase1/rtl/xorflow_decoder_pipelined.sv:31$45.
  creating $alu model for $macc $flatten\lanes[30].decoder.$add$/home/rishabh/HPCA2/mosaic_delta_phase1/rtl/xorflow_decoder_pipelined.sv:31$33.
  creating $alu model for $macc $flatten\lanes[30].decoder.$add$/home/rishabh/HPCA2/mosaic_delta_phase1/rtl/xorflow_decoder_pipelined.sv:31$21.
  creating $alu model for $macc $flatten\lanes[6].decoder.$add$/home/rishabh/HPCA2/mosaic_delta_phase1/rtl/xorflow_decoder_pipelined.sv:20$111.
  creating $alu model for $macc $flatten\lanes[6].decoder.$add$/home/rishabh/HPCA2/mosaic_delta_phase1/rtl/xorflow_decoder_pipelined.sv:20$114.
  creating $alu model for $macc $flatten\lanes[6].decoder.$add$/home/rishabh/HPCA2/mosaic_delta_phase1/rtl/xorflow_decoder_pipelined.sv:20$117.
  creating $alu model for $macc $flatten\lanes[6].decoder.$add$/home/rishabh/HPCA2/mosaic_delta_phase1/rtl/xorflow_decoder_pipelined.sv:21$105.
  creating $alu model for $macc $flatten\lanes[30].decoder.$add$/home/rishabh/HPCA2/mosaic_delta_phase1/rtl/xorflow_decoder_pipelined.sv:21$118.
  creating $alu model for $macc $flatten\lanes[30].decoder.$add$/home/rishabh/HPCA2/mosaic_delta_phase1/rtl/xorflow_decoder_pipelined.sv:21$115.
  creating $alu model for $macc $flatten\lanes[30].decoder.$add$/home/rishabh/HPCA2/mosaic_delta_phase1/rtl/xorflow_decoder_pipelined.sv:21$112.
  creating $alu model for $macc $flatten\lanes[30].decoder.$add$/home/rishabh/HPCA2/mosaic_delta_phase1/rtl/xorflow_decoder_pipelined.sv:21$109.
  creating $alu model for $macc $flatten\lanes[30].decoder.$add$/home/rishabh/HPCA2/mosaic_delta_phase1/rtl/xorflow_decoder_pipelined.sv:21$107.
  creating $alu model for $macc $flatten\lanes[30].decoder.$add$/home/rishabh/HPCA2/mosaic_delta_phase1/rtl/xorflow_decoder_pipelined.sv:21$105.
  creating $alu model for $macc $flatten\lanes[30].decoder.$add$/home/rishabh/HPCA2/mosaic_delta_phase1/rtl/xorflow_decoder_pipelined.sv:20$117.
  creating $alu model for $macc $flatten\lanes[30].decoder.$add$/home/rishabh/HPCA2/mosaic_delta_phase1/rtl/xorflow_decoder_pipelined.sv:20$114.
  creating $alu model for $macc $flatten\lanes[30].decoder.$add$/home/rishabh/HPCA2/mosaic_delta_phase1/rtl/xorflow_decoder_pipelined.sv:20$111.
  creating $alu model for $macc $flatten\lanes[30].decoder.$add$/home/rishabh/HPCA2/mosaic_delta_phase1/rtl/xorflow_decoder_pipelined.sv:20$108.
  creating $alu model for $macc $flatten\lanes[30].decoder.$add$/home/rishabh/HPCA2/mosaic_delta_phase1/rtl/xorflow_decoder_pipelined.sv:20$106.
  creating $alu model for $macc $flatten\lanes[30].decoder.$add$/home/rishabh/HPCA2/mosaic_delta_phase1/rtl/xorflow_decoder_pipelined.sv:20$104.
  creating $alu model for $macc $flatten\lanes[30].decoder.$add$/home/rishabh/HPCA2/mosaic_delta_phase1/rtl/xorflow_decoder_pipelined.sv:20$103.
  creating $alu model for $macc $flatten\lanes[2].decoder.$add$/home/rishabh/HPCA2/mosaic_delta_phase1/rtl/xorflow_decoder_pipelined.sv:31$9.
  creating $alu model for $macc $flatten\lanes[2].decoder.$add$/home/rishabh/HPCA2/mosaic_delta_phase1/rtl/xorflow_decoder_pipelined.sv:31$45.
  creating $alu model for $macc $flatten\lanes[2].decoder.$add$/home/rishabh/HPCA2/mosaic_delta_phase1/rtl/xorflow_decoder_pipelined.sv:31$33.
  creating $alu model for $macc $flatten\lanes[2].decoder.$add$/home/rishabh/HPCA2/mosaic_delta_phase1/rtl/xorflow_decoder_pipelined.sv:31$21.
  creating $alu model for $macc $flatten\lanes[6].decoder.$add$/home/rishabh/HPCA2/mosaic_delta_phase1/rtl/xorflow_decoder_pipelined.sv:21$107.
  creating $alu model for $macc $flatten\lanes[6].decoder.$add$/home/rishabh/HPCA2/mosaic_delta_phase1/rtl/xorflow_decoder_pipelined.sv:21$109.
  creating $alu model for $macc $flatten\lanes[6].decoder.$add$/home/rishabh/HPCA2/mosaic_delta_phase1/rtl/xorflow_decoder_pipelined.sv:21$112.
  creating $alu model for $macc $flatten\lanes[6].decoder.$add$/home/rishabh/HPCA2/mosaic_delta_phase1/rtl/xorflow_decoder_pipelined.sv:21$115.
  creating $alu model for $macc $flatten\lanes[2].decoder.$add$/home/rishabh/HPCA2/mosaic_delta_phase1/rtl/xorflow_decoder_pipelined.sv:21$118.
  creating $alu model for $macc $flatten\lanes[2].decoder.$add$/home/rishabh/HPCA2/mosaic_delta_phase1/rtl/xorflow_decoder_pipelined.sv:21$115.
  creating $alu model for $macc $flatten\lanes[2].decoder.$add$/home/rishabh/HPCA2/mosaic_delta_phase1/rtl/xorflow_decoder_pipelined.sv:21$112.
  creating $alu model for $macc $flatten\lanes[2].decoder.$add$/home/rishabh/HPCA2/mosaic_delta_phase1/rtl/xorflow_decoder_pipelined.sv:21$109.
  creating $alu model for $macc $flatten\lanes[2].decoder.$add$/home/rishabh/HPCA2/mosaic_delta_phase1/rtl/xorflow_decoder_pipelined.sv:21$107.
  creating $alu model for $macc $flatten\lanes[2].decoder.$add$/home/rishabh/HPCA2/mosaic_delta_phase1/rtl/xorflow_decoder_pipelined.sv:21$105.
  creating $alu model for $macc $flatten\lanes[2].decoder.$add$/home/rishabh/HPCA2/mosaic_delta_phase1/rtl/xorflow_decoder_pipelined.sv:20$117.
  creating $alu model for $macc $flatten\lanes[2].decoder.$add$/home/rishabh/HPCA2/mosaic_delta_phase1/rtl/xorflow_decoder_pipelined.sv:20$114.
  creating $alu model for $macc $flatten\lanes[2].decoder.$add$/home/rishabh/HPCA2/mosaic_delta_phase1/rtl/xorflow_decoder_pipelined.sv:20$111.
  creating $alu model for $macc $flatten\lanes[2].decoder.$add$/home/rishabh/HPCA2/mosaic_delta_phase1/rtl/xorflow_decoder_pipelined.sv:20$108.
  creating $alu model for $macc $flatten\lanes[2].decoder.$add$/home/rishabh/HPCA2/mosaic_delta_phase1/rtl/xorflow_decoder_pipelined.sv:20$106.
  creating $alu model for $macc $flatten\lanes[2].decoder.$add$/home/rishabh/HPCA2/mosaic_delta_phase1/rtl/xorflow_decoder_pipelined.sv:20$104.
  creating $alu model for $macc $flatten\lanes[2].decoder.$add$/home/rishabh/HPCA2/mosaic_delta_phase1/rtl/xorflow_decoder_pipelined.sv:20$103.
  creating $alu model for $macc $flatten\lanes[29].decoder.$add$/home/rishabh/HPCA2/mosaic_delta_phase1/rtl/xorflow_decoder_pipelined.sv:31$9.
  creating $alu model for $macc $flatten\lanes[29].decoder.$add$/home/rishabh/HPCA2/mosaic_delta_phase1/rtl/xorflow_decoder_pipelined.sv:31$45.
  creating $alu model for $macc $flatten\lanes[29].decoder.$add$/home/rishabh/HPCA2/mosaic_delta_phase1/rtl/xorflow_decoder_pipelined.sv:31$33.
  creating $alu model for $macc $flatten\lanes[29].decoder.$add$/home/rishabh/HPCA2/mosaic_delta_phase1/rtl/xorflow_decoder_pipelined.sv:31$21.
  creating $alu model for $macc $flatten\lanes[6].decoder.$add$/home/rishabh/HPCA2/mosaic_delta_phase1/rtl/xorflow_decoder_pipelined.sv:21$118.
  creating $alu model for $macc $flatten\lanes[5].decoder.$add$/home/rishabh/HPCA2/mosaic_delta_phase1/rtl/xorflow_decoder_pipelined.sv:21$118.
  creating $alu model for $macc $flatten\lanes[5].decoder.$add$/home/rishabh/HPCA2/mosaic_delta_phase1/rtl/xorflow_decoder_pipelined.sv:21$115.
  creating $alu model for $macc $flatten\lanes[5].decoder.$add$/home/rishabh/HPCA2/mosaic_delta_phase1/rtl/xorflow_decoder_pipelined.sv:21$112.
  creating $alu model for $macc $flatten\lanes[29].decoder.$add$/home/rishabh/HPCA2/mosaic_delta_phase1/rtl/xorflow_decoder_pipelined.sv:21$118.
  creating $alu model for $macc $flatten\lanes[29].decoder.$add$/home/rishabh/HPCA2/mosaic_delta_phase1/rtl/xorflow_decoder_pipelined.sv:21$115.
  creating $alu model for $macc $flatten\lanes[29].decoder.$add$/home/rishabh/HPCA2/mosaic_delta_phase1/rtl/xorflow_decoder_pipelined.sv:21$112.
  creating $alu model for $macc $flatten\lanes[29].decoder.$add$/home/rishabh/HPCA2/mosaic_delta_phase1/rtl/xorflow_decoder_pipelined.sv:21$109.
  creating $alu model for $macc $flatten\lanes[29].decoder.$add$/home/rishabh/HPCA2/mosaic_delta_phase1/rtl/xorflow_decoder_pipelined.sv:21$107.
  creating $alu model for $macc $flatten\lanes[29].decoder.$add$/home/rishabh/HPCA2/mosaic_delta_phase1/rtl/xorflow_decoder_pipelined.sv:21$105.
  creating $alu model for $macc $flatten\lanes[29].decoder.$add$/home/rishabh/HPCA2/mosaic_delta_phase1/rtl/xorflow_decoder_pipelined.sv:20$117.
  creating $alu model for $macc $flatten\lanes[29].decoder.$add$/home/rishabh/HPCA2/mosaic_delta_phase1/rtl/xorflow_decoder_pipelined.sv:20$114.
  creating $alu model for $macc $flatten\lanes[29].decoder.$add$/home/rishabh/HPCA2/mosaic_delta_phase1/rtl/xorflow_decoder_pipelined.sv:20$111.
  creating $alu model for $macc $flatten\lanes[29].decoder.$add$/home/rishabh/HPCA2/mosaic_delta_phase1/rtl/xorflow_decoder_pipelined.sv:20$108.
  creating $alu model for $macc $flatten\lanes[29].decoder.$add$/home/rishabh/HPCA2/mosaic_delta_phase1/rtl/xorflow_decoder_pipelined.sv:20$106.
  creating $alu model for $macc $flatten\lanes[29].decoder.$add$/home/rishabh/HPCA2/mosaic_delta_phase1/rtl/xorflow_decoder_pipelined.sv:20$104.
  creating $alu model for $macc $flatten\lanes[29].decoder.$add$/home/rishabh/HPCA2/mosaic_delta_phase1/rtl/xorflow_decoder_pipelined.sv:20$103.
  creating $alu model for $macc $flatten\lanes[28].decoder.$add$/home/rishabh/HPCA2/mosaic_delta_phase1/rtl/xorflow_decoder_pipelined.sv:31$9.
  creating $alu model for $macc $flatten\lanes[28].decoder.$add$/home/rishabh/HPCA2/mosaic_delta_phase1/rtl/xorflow_decoder_pipelined.sv:31$45.
  creating $alu model for $macc $flatten\lanes[28].decoder.$add$/home/rishabh/HPCA2/mosaic_delta_phase1/rtl/xorflow_decoder_pipelined.sv:31$33.
  creating $alu model for $macc $flatten\lanes[28].decoder.$add$/home/rishabh/HPCA2/mosaic_delta_phase1/rtl/xorflow_decoder_pipelined.sv:31$21.
  creating $alu model for $macc $flatten\lanes[5].decoder.$add$/home/rishabh/HPCA2/mosaic_delta_phase1/rtl/xorflow_decoder_pipelined.sv:21$109.
  creating $alu model for $macc $flatten\lanes[6].decoder.$add$/home/rishabh/HPCA2/mosaic_delta_phase1/rtl/xorflow_decoder_pipelined.sv:31$21.
  creating $alu model for $macc $flatten\lanes[6].decoder.$add$/home/rishabh/HPCA2/mosaic_delta_phase1/rtl/xorflow_decoder_pipelined.sv:31$33.
  creating $alu model for $macc $flatten\lanes[6].decoder.$add$/home/rishabh/HPCA2/mosaic_delta_phase1/rtl/xorflow_decoder_pipelined.sv:31$45.
  creating $alu model for $macc $flatten\lanes[28].decoder.$add$/home/rishabh/HPCA2/mosaic_delta_phase1/rtl/xorflow_decoder_pipelined.sv:21$118.
  creating $alu model for $macc $flatten\lanes[28].decoder.$add$/home/rishabh/HPCA2/mosaic_delta_phase1/rtl/xorflow_decoder_pipelined.sv:21$115.
  creating $alu model for $macc $flatten\lanes[28].decoder.$add$/home/rishabh/HPCA2/mosaic_delta_phase1/rtl/xorflow_decoder_pipelined.sv:21$112.
  creating $alu model for $macc $flatten\lanes[28].decoder.$add$/home/rishabh/HPCA2/mosaic_delta_phase1/rtl/xorflow_decoder_pipelined.sv:21$109.
  creating $alu model for $macc $flatten\lanes[28].decoder.$add$/home/rishabh/HPCA2/mosaic_delta_phase1/rtl/xorflow_decoder_pipelined.sv:21$107.
  creating $alu model for $macc $flatten\lanes[28].decoder.$add$/home/rishabh/HPCA2/mosaic_delta_phase1/rtl/xorflow_decoder_pipelined.sv:21$105.
  creating $alu model for $macc $flatten\lanes[28].decoder.$add$/home/rishabh/HPCA2/mosaic_delta_phase1/rtl/xorflow_decoder_pipelined.sv:20$117.
  creating $alu model for $macc $flatten\lanes[28].decoder.$add$/home/rishabh/HPCA2/mosaic_delta_phase1/rtl/xorflow_decoder_pipelined.sv:20$114.
  creating $alu model for $macc $flatten\lanes[28].decoder.$add$/home/rishabh/HPCA2/mosaic_delta_phase1/rtl/xorflow_decoder_pipelined.sv:20$111.
  creating $alu model for $macc $flatten\lanes[28].decoder.$add$/home/rishabh/HPCA2/mosaic_delta_phase1/rtl/xorflow_decoder_pipelined.sv:20$108.
  creating $alu model for $macc $flatten\lanes[28].decoder.$add$/home/rishabh/HPCA2/mosaic_delta_phase1/rtl/xorflow_decoder_pipelined.sv:20$106.
  creating $alu model for $macc $flatten\lanes[28].decoder.$add$/home/rishabh/HPCA2/mosaic_delta_phase1/rtl/xorflow_decoder_pipelined.sv:20$104.
  creating $alu model for $macc $flatten\lanes[28].decoder.$add$/home/rishabh/HPCA2/mosaic_delta_phase1/rtl/xorflow_decoder_pipelined.sv:20$103.
  creating $alu model for $macc $flatten\lanes[27].decoder.$add$/home/rishabh/HPCA2/mosaic_delta_phase1/rtl/xorflow_decoder_pipelined.sv:31$9.
  creating $alu model for $macc $flatten\lanes[27].decoder.$add$/home/rishabh/HPCA2/mosaic_delta_phase1/rtl/xorflow_decoder_pipelined.sv:31$45.
  creating $alu model for $macc $flatten\lanes[27].decoder.$add$/home/rishabh/HPCA2/mosaic_delta_phase1/rtl/xorflow_decoder_pipelined.sv:31$33.
  creating $alu model for $macc $flatten\lanes[27].decoder.$add$/home/rishabh/HPCA2/mosaic_delta_phase1/rtl/xorflow_decoder_pipelined.sv:31$21.
  creating $alu model for $macc $flatten\lanes[6].decoder.$add$/home/rishabh/HPCA2/mosaic_delta_phase1/rtl/xorflow_decoder_pipelined.sv:31$9.
  creating $alu model for $macc $flatten\lanes[27].decoder.$add$/home/rishabh/HPCA2/mosaic_delta_phase1/rtl/xorflow_decoder_pipelined.sv:21$118.
  creating $alu model for $macc $flatten\lanes[27].decoder.$add$/home/rishabh/HPCA2/mosaic_delta_phase1/rtl/xorflow_decoder_pipelined.sv:21$115.
  creating $alu model for $macc $flatten\lanes[27].decoder.$add$/home/rishabh/HPCA2/mosaic_delta_phase1/rtl/xorflow_decoder_pipelined.sv:21$112.
  creating $alu model for $macc $flatten\lanes[27].decoder.$add$/home/rishabh/HPCA2/mosaic_delta_phase1/rtl/xorflow_decoder_pipelined.sv:21$109.
  creating $alu model for $macc $flatten\lanes[27].decoder.$add$/home/rishabh/HPCA2/mosaic_delta_phase1/rtl/xorflow_decoder_pipelined.sv:21$107.
  creating $alu model for $macc $flatten\lanes[27].decoder.$add$/home/rishabh/HPCA2/mosaic_delta_phase1/rtl/xorflow_decoder_pipelined.sv:21$105.
  creating $alu model for $macc $flatten\lanes[27].decoder.$add$/home/rishabh/HPCA2/mosaic_delta_phase1/rtl/xorflow_decoder_pipelined.sv:20$117.
  creating $alu model for $macc $flatten\lanes[27].decoder.$add$/home/rishabh/HPCA2/mosaic_delta_phase1/rtl/xorflow_decoder_pipelined.sv:20$114.
  creating $alu model for $macc $flatten\lanes[27].decoder.$add$/home/rishabh/HPCA2/mosaic_delta_phase1/rtl/xorflow_decoder_pipelined.sv:20$111.
  creating $alu model for $macc $flatten\lanes[27].decoder.$add$/home/rishabh/HPCA2/mosaic_delta_phase1/rtl/xorflow_decoder_pipelined.sv:20$108.
  creating $alu model for $macc $flatten\lanes[27].decoder.$add$/home/rishabh/HPCA2/mosaic_delta_phase1/rtl/xorflow_decoder_pipelined.sv:20$106.
  creating $alu model for $macc $flatten\lanes[27].decoder.$add$/home/rishabh/HPCA2/mosaic_delta_phase1/rtl/xorflow_decoder_pipelined.sv:20$104.
  creating $alu model for $macc $flatten\lanes[27].decoder.$add$/home/rishabh/HPCA2/mosaic_delta_phase1/rtl/xorflow_decoder_pipelined.sv:20$103.
  creating $alu model for $macc $flatten\lanes[26].decoder.$add$/home/rishabh/HPCA2/mosaic_delta_phase1/rtl/xorflow_decoder_pipelined.sv:31$9.
  creating $alu model for $macc $flatten\lanes[26].decoder.$add$/home/rishabh/HPCA2/mosaic_delta_phase1/rtl/xorflow_decoder_pipelined.sv:31$45.
  creating $alu model for $macc $flatten\lanes[26].decoder.$add$/home/rishabh/HPCA2/mosaic_delta_phase1/rtl/xorflow_decoder_pipelined.sv:31$33.
  creating $alu model for $macc $flatten\lanes[26].decoder.$add$/home/rishabh/HPCA2/mosaic_delta_phase1/rtl/xorflow_decoder_pipelined.sv:31$21.
  creating $alu model for $macc $flatten\lanes[7].decoder.$add$/home/rishabh/HPCA2/mosaic_delta_phase1/rtl/xorflow_decoder_pipelined.sv:20$103.
  creating $alu model for $macc $flatten\lanes[7].decoder.$add$/home/rishabh/HPCA2/mosaic_delta_phase1/rtl/xorflow_decoder_pipelined.sv:20$104.
  creating $alu model for $macc $flatten\lanes[7].decoder.$add$/home/rishabh/HPCA2/mosaic_delta_phase1/rtl/xorflow_decoder_pipelined.sv:20$106.
  creating $alu model for $macc $flatten\lanes[26].decoder.$add$/home/rishabh/HPCA2/mosaic_delta_phase1/rtl/xorflow_decoder_pipelined.sv:21$118.
  creating $alu model for $macc $flatten\lanes[26].decoder.$add$/home/rishabh/HPCA2/mosaic_delta_phase1/rtl/xorflow_decoder_pipelined.sv:21$115.
  creating $alu model for $macc $flatten\lanes[26].decoder.$add$/home/rishabh/HPCA2/mosaic_delta_phase1/rtl/xorflow_decoder_pipelined.sv:21$112.
  creating $alu model for $macc $flatten\lanes[26].decoder.$add$/home/rishabh/HPCA2/mosaic_delta_phase1/rtl/xorflow_decoder_pipelined.sv:21$109.
  creating $alu model for $macc $flatten\lanes[26].decoder.$add$/home/rishabh/HPCA2/mosaic_delta_phase1/rtl/xorflow_decoder_pipelined.sv:21$107.
  creating $alu model for $macc $flatten\lanes[26].decoder.$add$/home/rishabh/HPCA2/mosaic_delta_phase1/rtl/xorflow_decoder_pipelined.sv:21$105.
  creating $alu model for $macc $flatten\lanes[26].decoder.$add$/home/rishabh/HPCA2/mosaic_delta_phase1/rtl/xorflow_decoder_pipelined.sv:20$117.
  creating $alu model for $macc $flatten\lanes[26].decoder.$add$/home/rishabh/HPCA2/mosaic_delta_phase1/rtl/xorflow_decoder_pipelined.sv:20$114.
  creating $alu model for $macc $flatten\lanes[26].decoder.$add$/home/rishabh/HPCA2/mosaic_delta_phase1/rtl/xorflow_decoder_pipelined.sv:20$111.
  creating $alu model for $macc $flatten\lanes[26].decoder.$add$/home/rishabh/HPCA2/mosaic_delta_phase1/rtl/xorflow_decoder_pipelined.sv:20$108.
  creating $alu model for $macc $flatten\lanes[26].decoder.$add$/home/rishabh/HPCA2/mosaic_delta_phase1/rtl/xorflow_decoder_pipelined.sv:20$106.
  creating $alu model for $macc $flatten\lanes[26].decoder.$add$/home/rishabh/HPCA2/mosaic_delta_phase1/rtl/xorflow_decoder_pipelined.sv:20$104.
  creating $alu model for $macc $flatten\lanes[26].decoder.$add$/home/rishabh/HPCA2/mosaic_delta_phase1/rtl/xorflow_decoder_pipelined.sv:20$103.
  creating $alu model for $macc $flatten\lanes[25].decoder.$add$/home/rishabh/HPCA2/mosaic_delta_phase1/rtl/xorflow_decoder_pipelined.sv:31$9.
  creating $alu model for $macc $flatten\lanes[25].decoder.$add$/home/rishabh/HPCA2/mosaic_delta_phase1/rtl/xorflow_decoder_pipelined.sv:31$45.
  creating $alu model for $macc $flatten\lanes[25].decoder.$add$/home/rishabh/HPCA2/mosaic_delta_phase1/rtl/xorflow_decoder_pipelined.sv:31$33.
  creating $alu model for $macc $flatten\lanes[25].decoder.$add$/home/rishabh/HPCA2/mosaic_delta_phase1/rtl/xorflow_decoder_pipelined.sv:31$21.
  creating $alu model for $macc $flatten\lanes[7].decoder.$add$/home/rishabh/HPCA2/mosaic_delta_phase1/rtl/xorflow_decoder_pipelined.sv:20$108.
  creating $alu model for $macc $flatten\lanes[7].decoder.$add$/home/rishabh/HPCA2/mosaic_delta_phase1/rtl/xorflow_decoder_pipelined.sv:20$111.
  creating $alu model for $macc $flatten\lanes[7].decoder.$add$/home/rishabh/HPCA2/mosaic_delta_phase1/rtl/xorflow_decoder_pipelined.sv:20$114.
  creating $alu model for $macc $flatten\lanes[7].decoder.$add$/home/rishabh/HPCA2/mosaic_delta_phase1/rtl/xorflow_decoder_pipelined.sv:20$117.
  creating $alu model for $macc $flatten\lanes[25].decoder.$add$/home/rishabh/HPCA2/mosaic_delta_phase1/rtl/xorflow_decoder_pipelined.sv:21$118.
  creating $alu model for $macc $flatten\lanes[25].decoder.$add$/home/rishabh/HPCA2/mosaic_delta_phase1/rtl/xorflow_decoder_pipelined.sv:21$115.
  creating $alu model for $macc $flatten\lanes[25].decoder.$add$/home/rishabh/HPCA2/mosaic_delta_phase1/rtl/xorflow_decoder_pipelined.sv:21$112.
  creating $alu model for $macc $flatten\lanes[25].decoder.$add$/home/rishabh/HPCA2/mosaic_delta_phase1/rtl/xorflow_decoder_pipelined.sv:21$109.
  creating $alu model for $macc $flatten\lanes[25].decoder.$add$/home/rishabh/HPCA2/mosaic_delta_phase1/rtl/xorflow_decoder_pipelined.sv:21$107.
  creating $alu model for $macc $flatten\lanes[25].decoder.$add$/home/rishabh/HPCA2/mosaic_delta_phase1/rtl/xorflow_decoder_pipelined.sv:21$105.
  creating $alu model for $macc $flatten\lanes[25].decoder.$add$/home/rishabh/HPCA2/mosaic_delta_phase1/rtl/xorflow_decoder_pipelined.sv:20$117.
  creating $alu model for $macc $flatten\lanes[25].decoder.$add$/home/rishabh/HPCA2/mosaic_delta_phase1/rtl/xorflow_decoder_pipelined.sv:20$114.
  creating $alu model for $macc $flatten\lanes[25].decoder.$add$/home/rishabh/HPCA2/mosaic_delta_phase1/rtl/xorflow_decoder_pipelined.sv:20$111.
  creating $alu model for $macc $flatten\lanes[25].decoder.$add$/home/rishabh/HPCA2/mosaic_delta_phase1/rtl/xorflow_decoder_pipelined.sv:20$108.
  creating $alu model for $macc $flatten\lanes[25].decoder.$add$/home/rishabh/HPCA2/mosaic_delta_phase1/rtl/xorflow_decoder_pipelined.sv:20$106.
  creating $alu model for $macc $flatten\lanes[25].decoder.$add$/home/rishabh/HPCA2/mosaic_delta_phase1/rtl/xorflow_decoder_pipelined.sv:20$104.
  creating $alu model for $macc $flatten\lanes[25].decoder.$add$/home/rishabh/HPCA2/mosaic_delta_phase1/rtl/xorflow_decoder_pipelined.sv:20$103.
  creating $alu model for $macc $flatten\lanes[24].decoder.$add$/home/rishabh/HPCA2/mosaic_delta_phase1/rtl/xorflow_decoder_pipelined.sv:31$9.
  creating $alu model for $macc $flatten\lanes[24].decoder.$add$/home/rishabh/HPCA2/mosaic_delta_phase1/rtl/xorflow_decoder_pipelined.sv:31$45.
  creating $alu model for $macc $flatten\lanes[24].decoder.$add$/home/rishabh/HPCA2/mosaic_delta_phase1/rtl/xorflow_decoder_pipelined.sv:31$33.
  creating $alu model for $macc $flatten\lanes[24].decoder.$add$/home/rishabh/HPCA2/mosaic_delta_phase1/rtl/xorflow_decoder_pipelined.sv:31$21.
  creating $alu model for $macc $flatten\lanes[7].decoder.$add$/home/rishabh/HPCA2/mosaic_delta_phase1/rtl/xorflow_decoder_pipelined.sv:21$105.
  creating $alu model for $macc $flatten\lanes[7].decoder.$add$/home/rishabh/HPCA2/mosaic_delta_phase1/rtl/xorflow_decoder_pipelined.sv:21$107.
  creating $alu model for $macc $flatten\lanes[7].decoder.$add$/home/rishabh/HPCA2/mosaic_delta_phase1/rtl/xorflow_decoder_pipelined.sv:21$109.
  creating $alu model for $macc $flatten\lanes[7].decoder.$add$/home/rishabh/HPCA2/mosaic_delta_phase1/rtl/xorflow_decoder_pipelined.sv:21$112.
  creating $alu model for $macc $flatten\lanes[24].decoder.$add$/home/rishabh/HPCA2/mosaic_delta_phase1/rtl/xorflow_decoder_pipelined.sv:21$118.
  creating $alu model for $macc $flatten\lanes[24].decoder.$add$/home/rishabh/HPCA2/mosaic_delta_phase1/rtl/xorflow_decoder_pipelined.sv:21$115.
  creating $alu model for $macc $flatten\lanes[24].decoder.$add$/home/rishabh/HPCA2/mosaic_delta_phase1/rtl/xorflow_decoder_pipelined.sv:21$112.
  creating $alu model for $macc $flatten\lanes[24].decoder.$add$/home/rishabh/HPCA2/mosaic_delta_phase1/rtl/xorflow_decoder_pipelined.sv:21$109.
  creating $alu model for $macc $flatten\lanes[24].decoder.$add$/home/rishabh/HPCA2/mosaic_delta_phase1/rtl/xorflow_decoder_pipelined.sv:21$107.
  creating $alu model for $macc $flatten\lanes[24].decoder.$add$/home/rishabh/HPCA2/mosaic_delta_phase1/rtl/xorflow_decoder_pipelined.sv:21$105.
  creating $alu model for $macc $flatten\lanes[24].decoder.$add$/home/rishabh/HPCA2/mosaic_delta_phase1/rtl/xorflow_decoder_pipelined.sv:20$117.
  creating $alu model for $macc $flatten\lanes[24].decoder.$add$/home/rishabh/HPCA2/mosaic_delta_phase1/rtl/xorflow_decoder_pipelined.sv:20$114.
  creating $alu model for $macc $flatten\lanes[24].decoder.$add$/home/rishabh/HPCA2/mosaic_delta_phase1/rtl/xorflow_decoder_pipelined.sv:20$111.
  creating $alu model for $macc $flatten\lanes[24].decoder.$add$/home/rishabh/HPCA2/mosaic_delta_phase1/rtl/xorflow_decoder_pipelined.sv:20$108.
  creating $alu model for $macc $flatten\lanes[24].decoder.$add$/home/rishabh/HPCA2/mosaic_delta_phase1/rtl/xorflow_decoder_pipelined.sv:20$106.
  creating $alu model for $macc $flatten\lanes[24].decoder.$add$/home/rishabh/HPCA2/mosaic_delta_phase1/rtl/xorflow_decoder_pipelined.sv:20$104.
  creating $alu model for $macc $flatten\lanes[24].decoder.$add$/home/rishabh/HPCA2/mosaic_delta_phase1/rtl/xorflow_decoder_pipelined.sv:20$103.
  creating $alu model for $macc $flatten\lanes[23].decoder.$add$/home/rishabh/HPCA2/mosaic_delta_phase1/rtl/xorflow_decoder_pipelined.sv:31$9.
  creating $alu model for $macc $flatten\lanes[23].decoder.$add$/home/rishabh/HPCA2/mosaic_delta_phase1/rtl/xorflow_decoder_pipelined.sv:31$45.
  creating $alu model for $macc $flatten\lanes[23].decoder.$add$/home/rishabh/HPCA2/mosaic_delta_phase1/rtl/xorflow_decoder_pipelined.sv:31$33.
  creating $alu model for $macc $flatten\lanes[23].decoder.$add$/home/rishabh/HPCA2/mosaic_delta_phase1/rtl/xorflow_decoder_pipelined.sv:31$21.
  creating $alu model for $macc $flatten\lanes[7].decoder.$add$/home/rishabh/HPCA2/mosaic_delta_phase1/rtl/xorflow_decoder_pipelined.sv:21$115.
  creating $alu model for $macc $flatten\lanes[7].decoder.$add$/home/rishabh/HPCA2/mosaic_delta_phase1/rtl/xorflow_decoder_pipelined.sv:21$118.
  creating $alu model for $macc $flatten\lanes[5].decoder.$add$/home/rishabh/HPCA2/mosaic_delta_phase1/rtl/xorflow_decoder_pipelined.sv:21$107.
  creating $alu model for $macc $flatten\lanes[5].decoder.$add$/home/rishabh/HPCA2/mosaic_delta_phase1/rtl/xorflow_decoder_pipelined.sv:21$105.
  creating $alu model for $macc $flatten\lanes[23].decoder.$add$/home/rishabh/HPCA2/mosaic_delta_phase1/rtl/xorflow_decoder_pipelined.sv:21$118.
  creating $alu model for $macc $flatten\lanes[23].decoder.$add$/home/rishabh/HPCA2/mosaic_delta_phase1/rtl/xorflow_decoder_pipelined.sv:21$115.
  creating $alu model for $macc $flatten\lanes[23].decoder.$add$/home/rishabh/HPCA2/mosaic_delta_phase1/rtl/xorflow_decoder_pipelined.sv:21$112.
  creating $alu model for $macc $flatten\lanes[23].decoder.$add$/home/rishabh/HPCA2/mosaic_delta_phase1/rtl/xorflow_decoder_pipelined.sv:21$109.
  creating $alu model for $macc $flatten\lanes[23].decoder.$add$/home/rishabh/HPCA2/mosaic_delta_phase1/rtl/xorflow_decoder_pipelined.sv:21$107.
  creating $alu model for $macc $flatten\lanes[23].decoder.$add$/home/rishabh/HPCA2/mosaic_delta_phase1/rtl/xorflow_decoder_pipelined.sv:21$105.
  creating $alu model for $macc $flatten\lanes[23].decoder.$add$/home/rishabh/HPCA2/mosaic_delta_phase1/rtl/xorflow_decoder_pipelined.sv:20$117.
  creating $alu model for $macc $flatten\lanes[23].decoder.$add$/home/rishabh/HPCA2/mosaic_delta_phase1/rtl/xorflow_decoder_pipelined.sv:20$114.
  creating $alu model for $macc $flatten\lanes[23].decoder.$add$/home/rishabh/HPCA2/mosaic_delta_phase1/rtl/xorflow_decoder_pipelined.sv:20$111.
  creating $alu model for $macc $flatten\lanes[23].decoder.$add$/home/rishabh/HPCA2/mosaic_delta_phase1/rtl/xorflow_decoder_pipelined.sv:20$108.
  creating $alu model for $macc $flatten\lanes[23].decoder.$add$/home/rishabh/HPCA2/mosaic_delta_phase1/rtl/xorflow_decoder_pipelined.sv:20$106.
  creating $alu model for $macc $flatten\lanes[23].decoder.$add$/home/rishabh/HPCA2/mosaic_delta_phase1/rtl/xorflow_decoder_pipelined.sv:20$104.
  creating $alu model for $macc $flatten\lanes[23].decoder.$add$/home/rishabh/HPCA2/mosaic_delta_phase1/rtl/xorflow_decoder_pipelined.sv:20$103.
  creating $alu model for $macc $flatten\lanes[22].decoder.$add$/home/rishabh/HPCA2/mosaic_delta_phase1/rtl/xorflow_decoder_pipelined.sv:31$9.
  creating $alu model for $macc $flatten\lanes[22].decoder.$add$/home/rishabh/HPCA2/mosaic_delta_phase1/rtl/xorflow_decoder_pipelined.sv:31$45.
  creating $alu model for $macc $flatten\lanes[22].decoder.$add$/home/rishabh/HPCA2/mosaic_delta_phase1/rtl/xorflow_decoder_pipelined.sv:31$33.
  creating $alu model for $macc $flatten\lanes[22].decoder.$add$/home/rishabh/HPCA2/mosaic_delta_phase1/rtl/xorflow_decoder_pipelined.sv:31$21.
  creating $alu model for $macc $flatten\lanes[5].decoder.$add$/home/rishabh/HPCA2/mosaic_delta_phase1/rtl/xorflow_decoder_pipelined.sv:20$117.
  creating $alu model for $macc $flatten\lanes[5].decoder.$add$/home/rishabh/HPCA2/mosaic_delta_phase1/rtl/xorflow_decoder_pipelined.sv:20$114.
  creating $alu model for $macc $flatten\lanes[7].decoder.$add$/home/rishabh/HPCA2/mosaic_delta_phase1/rtl/xorflow_decoder_pipelined.sv:31$21.
  creating $alu model for $macc $flatten\lanes[7].decoder.$add$/home/rishabh/HPCA2/mosaic_delta_phase1/rtl/xorflow_decoder_pipelined.sv:31$33.
  creating $alu model for $macc $flatten\lanes[22].decoder.$add$/home/rishabh/HPCA2/mosaic_delta_phase1/rtl/xorflow_decoder_pipelined.sv:21$118.
  creating $alu model for $macc $flatten\lanes[22].decoder.$add$/home/rishabh/HPCA2/mosaic_delta_phase1/rtl/xorflow_decoder_pipelined.sv:21$115.
  creating $alu model for $macc $flatten\lanes[22].decoder.$add$/home/rishabh/HPCA2/mosaic_delta_phase1/rtl/xorflow_decoder_pipelined.sv:21$112.
  creating $alu model for $macc $flatten\lanes[22].decoder.$add$/home/rishabh/HPCA2/mosaic_delta_phase1/rtl/xorflow_decoder_pipelined.sv:21$109.
  creating $alu model for $macc $flatten\lanes[22].decoder.$add$/home/rishabh/HPCA2/mosaic_delta_phase1/rtl/xorflow_decoder_pipelined.sv:21$107.
  creating $alu model for $macc $flatten\lanes[22].decoder.$add$/home/rishabh/HPCA2/mosaic_delta_phase1/rtl/xorflow_decoder_pipelined.sv:21$105.
  creating $alu model for $macc $flatten\lanes[22].decoder.$add$/home/rishabh/HPCA2/mosaic_delta_phase1/rtl/xorflow_decoder_pipelined.sv:20$117.
  creating $alu model for $macc $flatten\lanes[22].decoder.$add$/home/rishabh/HPCA2/mosaic_delta_phase1/rtl/xorflow_decoder_pipelined.sv:20$114.
  creating $alu model for $macc $flatten\lanes[22].decoder.$add$/home/rishabh/HPCA2/mosaic_delta_phase1/rtl/xorflow_decoder_pipelined.sv:20$111.
  creating $alu model for $macc $flatten\lanes[22].decoder.$add$/home/rishabh/HPCA2/mosaic_delta_phase1/rtl/xorflow_decoder_pipelined.sv:20$108.
  creating $alu model for $macc $flatten\lanes[22].decoder.$add$/home/rishabh/HPCA2/mosaic_delta_phase1/rtl/xorflow_decoder_pipelined.sv:20$106.
  creating $alu model for $macc $flatten\lanes[22].decoder.$add$/home/rishabh/HPCA2/mosaic_delta_phase1/rtl/xorflow_decoder_pipelined.sv:20$104.
  creating $alu model for $macc $flatten\lanes[22].decoder.$add$/home/rishabh/HPCA2/mosaic_delta_phase1/rtl/xorflow_decoder_pipelined.sv:20$103.
  creating $alu model for $macc $flatten\lanes[21].decoder.$add$/home/rishabh/HPCA2/mosaic_delta_phase1/rtl/xorflow_decoder_pipelined.sv:31$9.
  creating $alu model for $macc $flatten\lanes[21].decoder.$add$/home/rishabh/HPCA2/mosaic_delta_phase1/rtl/xorflow_decoder_pipelined.sv:31$45.
  creating $alu model for $macc $flatten\lanes[21].decoder.$add$/home/rishabh/HPCA2/mosaic_delta_phase1/rtl/xorflow_decoder_pipelined.sv:31$33.
  creating $alu model for $macc $flatten\lanes[21].decoder.$add$/home/rishabh/HPCA2/mosaic_delta_phase1/rtl/xorflow_decoder_pipelined.sv:31$21.
  creating $alu model for $macc $flatten\lanes[7].decoder.$add$/home/rishabh/HPCA2/mosaic_delta_phase1/rtl/xorflow_decoder_pipelined.sv:31$45.
  creating $alu model for $macc $flatten\lanes[21].decoder.$add$/home/rishabh/HPCA2/mosaic_delta_phase1/rtl/xorflow_decoder_pipelined.sv:21$118.
  creating $alu model for $macc $flatten\lanes[21].decoder.$add$/home/rishabh/HPCA2/mosaic_delta_phase1/rtl/xorflow_decoder_pipelined.sv:21$115.
  creating $alu model for $macc $flatten\lanes[21].decoder.$add$/home/rishabh/HPCA2/mosaic_delta_phase1/rtl/xorflow_decoder_pipelined.sv:21$112.
  creating $alu model for $macc $flatten\lanes[21].decoder.$add$/home/rishabh/HPCA2/mosaic_delta_phase1/rtl/xorflow_decoder_pipelined.sv:21$109.
  creating $alu model for $macc $flatten\lanes[21].decoder.$add$/home/rishabh/HPCA2/mosaic_delta_phase1/rtl/xorflow_decoder_pipelined.sv:21$107.
  creating $alu model for $macc $flatten\lanes[21].decoder.$add$/home/rishabh/HPCA2/mosaic_delta_phase1/rtl/xorflow_decoder_pipelined.sv:21$105.
  creating $alu model for $macc $flatten\lanes[21].decoder.$add$/home/rishabh/HPCA2/mosaic_delta_phase1/rtl/xorflow_decoder_pipelined.sv:20$117.
  creating $alu model for $macc $flatten\lanes[21].decoder.$add$/home/rishabh/HPCA2/mosaic_delta_phase1/rtl/xorflow_decoder_pipelined.sv:20$114.
  creating $alu model for $macc $flatten\lanes[21].decoder.$add$/home/rishabh/HPCA2/mosaic_delta_phase1/rtl/xorflow_decoder_pipelined.sv:20$111.
  creating $alu model for $macc $flatten\lanes[21].decoder.$add$/home/rishabh/HPCA2/mosaic_delta_phase1/rtl/xorflow_decoder_pipelined.sv:20$108.
  creating $alu model for $macc $flatten\lanes[21].decoder.$add$/home/rishabh/HPCA2/mosaic_delta_phase1/rtl/xorflow_decoder_pipelined.sv:20$106.
  creating $alu model for $macc $flatten\lanes[21].decoder.$add$/home/rishabh/HPCA2/mosaic_delta_phase1/rtl/xorflow_decoder_pipelined.sv:20$104.
  creating $alu model for $macc $flatten\lanes[21].decoder.$add$/home/rishabh/HPCA2/mosaic_delta_phase1/rtl/xorflow_decoder_pipelined.sv:20$103.
  creating $alu model for $macc $flatten\lanes[20].decoder.$add$/home/rishabh/HPCA2/mosaic_delta_phase1/rtl/xorflow_decoder_pipelined.sv:31$9.
  creating $alu model for $macc $flatten\lanes[20].decoder.$add$/home/rishabh/HPCA2/mosaic_delta_phase1/rtl/xorflow_decoder_pipelined.sv:31$45.
  creating $alu model for $macc $flatten\lanes[20].decoder.$add$/home/rishabh/HPCA2/mosaic_delta_phase1/rtl/xorflow_decoder_pipelined.sv:31$33.
  creating $alu model for $macc $flatten\lanes[20].decoder.$add$/home/rishabh/HPCA2/mosaic_delta_phase1/rtl/xorflow_decoder_pipelined.sv:31$21.
  creating $alu model for $macc $flatten\lanes[7].decoder.$add$/home/rishabh/HPCA2/mosaic_delta_phase1/rtl/xorflow_decoder_pipelined.sv:31$9.
  creating $alu model for $macc $flatten\lanes[8].decoder.$add$/home/rishabh/HPCA2/mosaic_delta_phase1/rtl/xorflow_decoder_pipelined.sv:20$103.
  creating $alu model for $macc $flatten\lanes[8].decoder.$add$/home/rishabh/HPCA2/mosaic_delta_phase1/rtl/xorflow_decoder_pipelined.sv:20$104.
  creating $alu model for $macc $flatten\lanes[20].decoder.$add$/home/rishabh/HPCA2/mosaic_delta_phase1/rtl/xorflow_decoder_pipelined.sv:21$118.
  creating $alu model for $macc $flatten\lanes[20].decoder.$add$/home/rishabh/HPCA2/mosaic_delta_phase1/rtl/xorflow_decoder_pipelined.sv:21$115.
  creating $alu model for $macc $flatten\lanes[20].decoder.$add$/home/rishabh/HPCA2/mosaic_delta_phase1/rtl/xorflow_decoder_pipelined.sv:21$112.
  creating $alu model for $macc $flatten\lanes[20].decoder.$add$/home/rishabh/HPCA2/mosaic_delta_phase1/rtl/xorflow_decoder_pipelined.sv:21$109.
  creating $alu model for $macc $flatten\lanes[20].decoder.$add$/home/rishabh/HPCA2/mosaic_delta_phase1/rtl/xorflow_decoder_pipelined.sv:21$107.
  creating $alu model for $macc $flatten\lanes[20].decoder.$add$/home/rishabh/HPCA2/mosaic_delta_phase1/rtl/xorflow_decoder_pipelined.sv:21$105.
  creating $alu model for $macc $flatten\lanes[20].decoder.$add$/home/rishabh/HPCA2/mosaic_delta_phase1/rtl/xorflow_decoder_pipelined.sv:20$117.
  creating $alu model for $macc $flatten\lanes[20].decoder.$add$/home/rishabh/HPCA2/mosaic_delta_phase1/rtl/xorflow_decoder_pipelined.sv:20$114.
  creating $alu model for $macc $flatten\lanes[20].decoder.$add$/home/rishabh/HPCA2/mosaic_delta_phase1/rtl/xorflow_decoder_pipelined.sv:20$111.
  creating $alu model for $macc $flatten\lanes[20].decoder.$add$/home/rishabh/HPCA2/mosaic_delta_phase1/rtl/xorflow_decoder_pipelined.sv:20$108.
  creating $alu model for $macc $flatten\lanes[20].decoder.$add$/home/rishabh/HPCA2/mosaic_delta_phase1/rtl/xorflow_decoder_pipelined.sv:20$106.
  creating $alu model for $macc $flatten\lanes[20].decoder.$add$/home/rishabh/HPCA2/mosaic_delta_phase1/rtl/xorflow_decoder_pipelined.sv:20$104.
  creating $alu model for $macc $flatten\lanes[20].decoder.$add$/home/rishabh/HPCA2/mosaic_delta_phase1/rtl/xorflow_decoder_pipelined.sv:20$103.
  creating $alu model for $macc $flatten\lanes[1].decoder.$add$/home/rishabh/HPCA2/mosaic_delta_phase1/rtl/xorflow_decoder_pipelined.sv:31$9.
  creating $alu model for $macc $flatten\lanes[1].decoder.$add$/home/rishabh/HPCA2/mosaic_delta_phase1/rtl/xorflow_decoder_pipelined.sv:31$45.
  creating $alu model for $macc $flatten\lanes[1].decoder.$add$/home/rishabh/HPCA2/mosaic_delta_phase1/rtl/xorflow_decoder_pipelined.sv:31$33.
  creating $alu model for $macc $flatten\lanes[1].decoder.$add$/home/rishabh/HPCA2/mosaic_delta_phase1/rtl/xorflow_decoder_pipelined.sv:31$21.
  creating $alu model for $macc $flatten\lanes[8].decoder.$add$/home/rishabh/HPCA2/mosaic_delta_phase1/rtl/xorflow_decoder_pipelined.sv:20$106.
  creating $alu model for $macc $flatten\lanes[8].decoder.$add$/home/rishabh/HPCA2/mosaic_delta_phase1/rtl/xorflow_decoder_pipelined.sv:20$108.
  creating $alu model for $macc $flatten\lanes[8].decoder.$add$/home/rishabh/HPCA2/mosaic_delta_phase1/rtl/xorflow_decoder_pipelined.sv:20$111.
  creating $alu model for $macc $flatten\lanes[8].decoder.$add$/home/rishabh/HPCA2/mosaic_delta_phase1/rtl/xorflow_decoder_pipelined.sv:20$114.
  creating $alu model for $macc $flatten\lanes[1].decoder.$add$/home/rishabh/HPCA2/mosaic_delta_phase1/rtl/xorflow_decoder_pipelined.sv:21$118.
  creating $alu model for $macc $flatten\lanes[1].decoder.$add$/home/rishabh/HPCA2/mosaic_delta_phase1/rtl/xorflow_decoder_pipelined.sv:21$115.
  creating $alu model for $macc $flatten\lanes[1].decoder.$add$/home/rishabh/HPCA2/mosaic_delta_phase1/rtl/xorflow_decoder_pipelined.sv:21$112.
  creating $alu model for $macc $flatten\lanes[1].decoder.$add$/home/rishabh/HPCA2/mosaic_delta_phase1/rtl/xorflow_decoder_pipelined.sv:21$109.
  creating $alu model for $macc $flatten\lanes[1].decoder.$add$/home/rishabh/HPCA2/mosaic_delta_phase1/rtl/xorflow_decoder_pipelined.sv:21$107.
  creating $alu model for $macc $flatten\lanes[1].decoder.$add$/home/rishabh/HPCA2/mosaic_delta_phase1/rtl/xorflow_decoder_pipelined.sv:21$105.
  creating $alu model for $macc $flatten\lanes[1].decoder.$add$/home/rishabh/HPCA2/mosaic_delta_phase1/rtl/xorflow_decoder_pipelined.sv:20$117.
  creating $alu model for $macc $flatten\lanes[1].decoder.$add$/home/rishabh/HPCA2/mosaic_delta_phase1/rtl/xorflow_decoder_pipelined.sv:20$114.
  creating $alu model for $macc $flatten\lanes[1].decoder.$add$/home/rishabh/HPCA2/mosaic_delta_phase1/rtl/xorflow_decoder_pipelined.sv:20$111.
  creating $alu model for $macc $flatten\lanes[1].decoder.$add$/home/rishabh/HPCA2/mosaic_delta_phase1/rtl/xorflow_decoder_pipelined.sv:20$108.
  creating $alu model for $macc $flatten\lanes[1].decoder.$add$/home/rishabh/HPCA2/mosaic_delta_phase1/rtl/xorflow_decoder_pipelined.sv:20$106.
  creating $alu model for $macc $flatten\lanes[1].decoder.$add$/home/rishabh/HPCA2/mosaic_delta_phase1/rtl/xorflow_decoder_pipelined.sv:20$104.
  creating $alu model for $macc $flatten\lanes[1].decoder.$add$/home/rishabh/HPCA2/mosaic_delta_phase1/rtl/xorflow_decoder_pipelined.sv:20$103.
  creating $alu model for $macc $flatten\lanes[19].decoder.$add$/home/rishabh/HPCA2/mosaic_delta_phase1/rtl/xorflow_decoder_pipelined.sv:31$9.
  creating $alu model for $macc $flatten\lanes[19].decoder.$add$/home/rishabh/HPCA2/mosaic_delta_phase1/rtl/xorflow_decoder_pipelined.sv:31$45.
  creating $alu model for $macc $flatten\lanes[19].decoder.$add$/home/rishabh/HPCA2/mosaic_delta_phase1/rtl/xorflow_decoder_pipelined.sv:31$33.
  creating $alu model for $macc $flatten\lanes[19].decoder.$add$/home/rishabh/HPCA2/mosaic_delta_phase1/rtl/xorflow_decoder_pipelined.sv:31$21.
  creating $alu model for $macc $flatten\lanes[8].decoder.$add$/home/rishabh/HPCA2/mosaic_delta_phase1/rtl/xorflow_decoder_pipelined.sv:20$117.
  creating $alu model for $macc $flatten\lanes[8].decoder.$add$/home/rishabh/HPCA2/mosaic_delta_phase1/rtl/xorflow_decoder_pipelined.sv:21$105.
  creating $alu model for $macc $flatten\lanes[8].decoder.$add$/home/rishabh/HPCA2/mosaic_delta_phase1/rtl/xorflow_decoder_pipelined.sv:21$107.
  creating $alu model for $macc $flatten\lanes[8].decoder.$add$/home/rishabh/HPCA2/mosaic_delta_phase1/rtl/xorflow_decoder_pipelined.sv:21$109.
  creating $alu model for $macc $flatten\lanes[19].decoder.$add$/home/rishabh/HPCA2/mosaic_delta_phase1/rtl/xorflow_decoder_pipelined.sv:21$118.
  creating $alu model for $macc $flatten\lanes[19].decoder.$add$/home/rishabh/HPCA2/mosaic_delta_phase1/rtl/xorflow_decoder_pipelined.sv:21$115.
  creating $alu model for $macc $flatten\lanes[19].decoder.$add$/home/rishabh/HPCA2/mosaic_delta_phase1/rtl/xorflow_decoder_pipelined.sv:21$112.
  creating $alu model for $macc $flatten\lanes[19].decoder.$add$/home/rishabh/HPCA2/mosaic_delta_phase1/rtl/xorflow_decoder_pipelined.sv:21$109.
  creating $alu model for $macc $flatten\lanes[19].decoder.$add$/home/rishabh/HPCA2/mosaic_delta_phase1/rtl/xorflow_decoder_pipelined.sv:21$107.
  creating $alu model for $macc $flatten\lanes[19].decoder.$add$/home/rishabh/HPCA2/mosaic_delta_phase1/rtl/xorflow_decoder_pipelined.sv:21$105.
  creating $alu model for $macc $flatten\lanes[19].decoder.$add$/home/rishabh/HPCA2/mosaic_delta_phase1/rtl/xorflow_decoder_pipelined.sv:20$117.
  creating $alu model for $macc $flatten\lanes[19].decoder.$add$/home/rishabh/HPCA2/mosaic_delta_phase1/rtl/xorflow_decoder_pipelined.sv:20$114.
  creating $alu model for $macc $flatten\lanes[19].decoder.$add$/home/rishabh/HPCA2/mosaic_delta_phase1/rtl/xorflow_decoder_pipelined.sv:20$111.
  creating $alu model for $macc $flatten\lanes[19].decoder.$add$/home/rishabh/HPCA2/mosaic_delta_phase1/rtl/xorflow_decoder_pipelined.sv:20$108.
  creating $alu model for $macc $flatten\lanes[19].decoder.$add$/home/rishabh/HPCA2/mosaic_delta_phase1/rtl/xorflow_decoder_pipelined.sv:20$106.
  creating $alu model for $macc $flatten\lanes[19].decoder.$add$/home/rishabh/HPCA2/mosaic_delta_phase1/rtl/xorflow_decoder_pipelined.sv:20$104.
  creating $alu model for $macc $flatten\lanes[19].decoder.$add$/home/rishabh/HPCA2/mosaic_delta_phase1/rtl/xorflow_decoder_pipelined.sv:20$103.
  creating $alu model for $macc $flatten\lanes[18].decoder.$add$/home/rishabh/HPCA2/mosaic_delta_phase1/rtl/xorflow_decoder_pipelined.sv:31$9.
  creating $alu model for $macc $flatten\lanes[18].decoder.$add$/home/rishabh/HPCA2/mosaic_delta_phase1/rtl/xorflow_decoder_pipelined.sv:31$45.
  creating $alu model for $macc $flatten\lanes[18].decoder.$add$/home/rishabh/HPCA2/mosaic_delta_phase1/rtl/xorflow_decoder_pipelined.sv:31$33.
  creating $alu model for $macc $flatten\lanes[18].decoder.$add$/home/rishabh/HPCA2/mosaic_delta_phase1/rtl/xorflow_decoder_pipelined.sv:31$21.
  creating $alu model for $macc $flatten\lanes[8].decoder.$add$/home/rishabh/HPCA2/mosaic_delta_phase1/rtl/xorflow_decoder_pipelined.sv:21$112.
  creating $alu model for $macc $flatten\lanes[8].decoder.$add$/home/rishabh/HPCA2/mosaic_delta_phase1/rtl/xorflow_decoder_pipelined.sv:21$115.
  creating $alu model for $macc $flatten\lanes[8].decoder.$add$/home/rishabh/HPCA2/mosaic_delta_phase1/rtl/xorflow_decoder_pipelined.sv:21$118.
  creating $alu model for $macc $flatten\lanes[5].decoder.$add$/home/rishabh/HPCA2/mosaic_delta_phase1/rtl/xorflow_decoder_pipelined.sv:20$111.
  creating $alu model for $macc $flatten\lanes[18].decoder.$add$/home/rishabh/HPCA2/mosaic_delta_phase1/rtl/xorflow_decoder_pipelined.sv:21$118.
  creating $alu model for $macc $flatten\lanes[18].decoder.$add$/home/rishabh/HPCA2/mosaic_delta_phase1/rtl/xorflow_decoder_pipelined.sv:21$115.
  creating $alu model for $macc $flatten\lanes[18].decoder.$add$/home/rishabh/HPCA2/mosaic_delta_phase1/rtl/xorflow_decoder_pipelined.sv:21$112.
  creating $alu model for $macc $flatten\lanes[18].decoder.$add$/home/rishabh/HPCA2/mosaic_delta_phase1/rtl/xorflow_decoder_pipelined.sv:21$109.
  creating $alu model for $macc $flatten\lanes[18].decoder.$add$/home/rishabh/HPCA2/mosaic_delta_phase1/rtl/xorflow_decoder_pipelined.sv:21$107.
  creating $alu model for $macc $flatten\lanes[18].decoder.$add$/home/rishabh/HPCA2/mosaic_delta_phase1/rtl/xorflow_decoder_pipelined.sv:21$105.
  creating $alu model for $macc $flatten\lanes[18].decoder.$add$/home/rishabh/HPCA2/mosaic_delta_phase1/rtl/xorflow_decoder_pipelined.sv:20$117.
  creating $alu model for $macc $flatten\lanes[18].decoder.$add$/home/rishabh/HPCA2/mosaic_delta_phase1/rtl/xorflow_decoder_pipelined.sv:20$114.
  creating $alu model for $macc $flatten\lanes[18].decoder.$add$/home/rishabh/HPCA2/mosaic_delta_phase1/rtl/xorflow_decoder_pipelined.sv:20$111.
  creating $alu model for $macc $flatten\lanes[18].decoder.$add$/home/rishabh/HPCA2/mosaic_delta_phase1/rtl/xorflow_decoder_pipelined.sv:20$108.
  creating $alu model for $macc $flatten\lanes[18].decoder.$add$/home/rishabh/HPCA2/mosaic_delta_phase1/rtl/xorflow_decoder_pipelined.sv:20$106.
  creating $alu model for $macc $flatten\lanes[18].decoder.$add$/home/rishabh/HPCA2/mosaic_delta_phase1/rtl/xorflow_decoder_pipelined.sv:20$104.
  creating $alu model for $macc $flatten\lanes[18].decoder.$add$/home/rishabh/HPCA2/mosaic_delta_phase1/rtl/xorflow_decoder_pipelined.sv:20$103.
  creating $alu model for $macc $flatten\lanes[17].decoder.$add$/home/rishabh/HPCA2/mosaic_delta_phase1/rtl/xorflow_decoder_pipelined.sv:31$9.
  creating $alu model for $macc $flatten\lanes[17].decoder.$add$/home/rishabh/HPCA2/mosaic_delta_phase1/rtl/xorflow_decoder_pipelined.sv:31$45.
  creating $alu model for $macc $flatten\lanes[17].decoder.$add$/home/rishabh/HPCA2/mosaic_delta_phase1/rtl/xorflow_decoder_pipelined.sv:31$33.
  creating $alu model for $macc $flatten\lanes[17].decoder.$add$/home/rishabh/HPCA2/mosaic_delta_phase1/rtl/xorflow_decoder_pipelined.sv:31$21.
  creating $alu model for $macc $flatten\lanes[5].decoder.$add$/home/rishabh/HPCA2/mosaic_delta_phase1/rtl/xorflow_decoder_pipelined.sv:20$108.
  creating $alu model for $macc $flatten\lanes[5].decoder.$add$/home/rishabh/HPCA2/mosaic_delta_phase1/rtl/xorflow_decoder_pipelined.sv:20$106.
  creating $alu model for $macc $flatten\lanes[5].decoder.$add$/home/rishabh/HPCA2/mosaic_delta_phase1/rtl/xorflow_decoder_pipelined.sv:20$104.
  creating $alu model for $macc $flatten\lanes[8].decoder.$add$/home/rishabh/HPCA2/mosaic_delta_phase1/rtl/xorflow_decoder_pipelined.sv:31$21.
  creating $alu model for $macc $flatten\lanes[17].decoder.$add$/home/rishabh/HPCA2/mosaic_delta_phase1/rtl/xorflow_decoder_pipelined.sv:21$118.
  creating $alu model for $macc $flatten\lanes[17].decoder.$add$/home/rishabh/HPCA2/mosaic_delta_phase1/rtl/xorflow_decoder_pipelined.sv:21$115.
  creating $alu model for $macc $flatten\lanes[17].decoder.$add$/home/rishabh/HPCA2/mosaic_delta_phase1/rtl/xorflow_decoder_pipelined.sv:21$112.
  creating $alu model for $macc $flatten\lanes[17].decoder.$add$/home/rishabh/HPCA2/mosaic_delta_phase1/rtl/xorflow_decoder_pipelined.sv:21$109.
  creating $alu model for $macc $flatten\lanes[17].decoder.$add$/home/rishabh/HPCA2/mosaic_delta_phase1/rtl/xorflow_decoder_pipelined.sv:21$107.
  creating $alu model for $macc $flatten\lanes[17].decoder.$add$/home/rishabh/HPCA2/mosaic_delta_phase1/rtl/xorflow_decoder_pipelined.sv:21$105.
  creating $alu model for $macc $flatten\lanes[17].decoder.$add$/home/rishabh/HPCA2/mosaic_delta_phase1/rtl/xorflow_decoder_pipelined.sv:20$117.
  creating $alu model for $macc $flatten\lanes[17].decoder.$add$/home/rishabh/HPCA2/mosaic_delta_phase1/rtl/xorflow_decoder_pipelined.sv:20$114.
  creating $alu model for $macc $flatten\lanes[17].decoder.$add$/home/rishabh/HPCA2/mosaic_delta_phase1/rtl/xorflow_decoder_pipelined.sv:20$111.
  creating $alu model for $macc $flatten\lanes[17].decoder.$add$/home/rishabh/HPCA2/mosaic_delta_phase1/rtl/xorflow_decoder_pipelined.sv:20$108.
  creating $alu model for $macc $flatten\lanes[17].decoder.$add$/home/rishabh/HPCA2/mosaic_delta_phase1/rtl/xorflow_decoder_pipelined.sv:20$106.
  creating $alu model for $macc $flatten\lanes[17].decoder.$add$/home/rishabh/HPCA2/mosaic_delta_phase1/rtl/xorflow_decoder_pipelined.sv:20$104.
  creating $alu model for $macc $flatten\lanes[17].decoder.$add$/home/rishabh/HPCA2/mosaic_delta_phase1/rtl/xorflow_decoder_pipelined.sv:20$103.
  creating $alu model for $macc $flatten\lanes[16].decoder.$add$/home/rishabh/HPCA2/mosaic_delta_phase1/rtl/xorflow_decoder_pipelined.sv:31$9.
  creating $alu model for $macc $flatten\lanes[16].decoder.$add$/home/rishabh/HPCA2/mosaic_delta_phase1/rtl/xorflow_decoder_pipelined.sv:31$45.
  creating $alu model for $macc $flatten\lanes[16].decoder.$add$/home/rishabh/HPCA2/mosaic_delta_phase1/rtl/xorflow_decoder_pipelined.sv:31$33.
  creating $alu model for $macc $flatten\lanes[16].decoder.$add$/home/rishabh/HPCA2/mosaic_delta_phase1/rtl/xorflow_decoder_pipelined.sv:31$21.
  creating $alu model for $macc $flatten\lanes[8].decoder.$add$/home/rishabh/HPCA2/mosaic_delta_phase1/rtl/xorflow_decoder_pipelined.sv:31$33.
  creating $alu model for $macc $flatten\lanes[8].decoder.$add$/home/rishabh/HPCA2/mosaic_delta_phase1/rtl/xorflow_decoder_pipelined.sv:31$45.
  creating $alu model for $macc $flatten\lanes[16].decoder.$add$/home/rishabh/HPCA2/mosaic_delta_phase1/rtl/xorflow_decoder_pipelined.sv:21$118.
  creating $alu model for $macc $flatten\lanes[16].decoder.$add$/home/rishabh/HPCA2/mosaic_delta_phase1/rtl/xorflow_decoder_pipelined.sv:21$115.
  creating $alu model for $macc $flatten\lanes[16].decoder.$add$/home/rishabh/HPCA2/mosaic_delta_phase1/rtl/xorflow_decoder_pipelined.sv:21$112.
  creating $alu model for $macc $flatten\lanes[16].decoder.$add$/home/rishabh/HPCA2/mosaic_delta_phase1/rtl/xorflow_decoder_pipelined.sv:21$109.
  creating $alu model for $macc $flatten\lanes[16].decoder.$add$/home/rishabh/HPCA2/mosaic_delta_phase1/rtl/xorflow_decoder_pipelined.sv:21$107.
  creating $alu model for $macc $flatten\lanes[16].decoder.$add$/home/rishabh/HPCA2/mosaic_delta_phase1/rtl/xorflow_decoder_pipelined.sv:21$105.
  creating $alu model for $macc $flatten\lanes[16].decoder.$add$/home/rishabh/HPCA2/mosaic_delta_phase1/rtl/xorflow_decoder_pipelined.sv:20$117.
  creating $alu model for $macc $flatten\lanes[16].decoder.$add$/home/rishabh/HPCA2/mosaic_delta_phase1/rtl/xorflow_decoder_pipelined.sv:20$114.
  creating $alu model for $macc $flatten\lanes[16].decoder.$add$/home/rishabh/HPCA2/mosaic_delta_phase1/rtl/xorflow_decoder_pipelined.sv:20$111.
  creating $alu model for $macc $flatten\lanes[16].decoder.$add$/home/rishabh/HPCA2/mosaic_delta_phase1/rtl/xorflow_decoder_pipelined.sv:20$108.
  creating $alu model for $macc $flatten\lanes[16].decoder.$add$/home/rishabh/HPCA2/mosaic_delta_phase1/rtl/xorflow_decoder_pipelined.sv:20$106.
  creating $alu model for $macc $flatten\lanes[16].decoder.$add$/home/rishabh/HPCA2/mosaic_delta_phase1/rtl/xorflow_decoder_pipelined.sv:20$104.
  creating $alu model for $macc $flatten\lanes[16].decoder.$add$/home/rishabh/HPCA2/mosaic_delta_phase1/rtl/xorflow_decoder_pipelined.sv:20$103.
  creating $alu model for $macc $flatten\lanes[15].decoder.$add$/home/rishabh/HPCA2/mosaic_delta_phase1/rtl/xorflow_decoder_pipelined.sv:31$9.
  creating $alu model for $macc $flatten\lanes[15].decoder.$add$/home/rishabh/HPCA2/mosaic_delta_phase1/rtl/xorflow_decoder_pipelined.sv:31$45.
  creating $alu model for $macc $flatten\lanes[15].decoder.$add$/home/rishabh/HPCA2/mosaic_delta_phase1/rtl/xorflow_decoder_pipelined.sv:31$33.
  creating $alu model for $macc $flatten\lanes[15].decoder.$add$/home/rishabh/HPCA2/mosaic_delta_phase1/rtl/xorflow_decoder_pipelined.sv:31$21.
  creating $alu model for $macc $flatten\lanes[8].decoder.$add$/home/rishabh/HPCA2/mosaic_delta_phase1/rtl/xorflow_decoder_pipelined.sv:31$9.
  creating $alu model for $macc $flatten\lanes[9].decoder.$add$/home/rishabh/HPCA2/mosaic_delta_phase1/rtl/xorflow_decoder_pipelined.sv:20$103.
  creating $alu model for $macc $flatten\lanes[15].decoder.$add$/home/rishabh/HPCA2/mosaic_delta_phase1/rtl/xorflow_decoder_pipelined.sv:21$118.
  creating $alu model for $macc $flatten\lanes[15].decoder.$add$/home/rishabh/HPCA2/mosaic_delta_phase1/rtl/xorflow_decoder_pipelined.sv:21$115.
  creating $alu model for $macc $flatten\lanes[15].decoder.$add$/home/rishabh/HPCA2/mosaic_delta_phase1/rtl/xorflow_decoder_pipelined.sv:21$112.
  creating $alu model for $macc $flatten\lanes[15].decoder.$add$/home/rishabh/HPCA2/mosaic_delta_phase1/rtl/xorflow_decoder_pipelined.sv:21$109.
  creating $alu model for $macc $flatten\lanes[15].decoder.$add$/home/rishabh/HPCA2/mosaic_delta_phase1/rtl/xorflow_decoder_pipelined.sv:21$107.
  creating $alu model for $macc $flatten\lanes[15].decoder.$add$/home/rishabh/HPCA2/mosaic_delta_phase1/rtl/xorflow_decoder_pipelined.sv:21$105.
  creating $alu model for $macc $flatten\lanes[15].decoder.$add$/home/rishabh/HPCA2/mosaic_delta_phase1/rtl/xorflow_decoder_pipelined.sv:20$117.
  creating $alu model for $macc $flatten\lanes[15].decoder.$add$/home/rishabh/HPCA2/mosaic_delta_phase1/rtl/xorflow_decoder_pipelined.sv:20$114.
  creating $alu model for $macc $flatten\lanes[15].decoder.$add$/home/rishabh/HPCA2/mosaic_delta_phase1/rtl/xorflow_decoder_pipelined.sv:20$111.
  creating $alu model for $macc $flatten\lanes[15].decoder.$add$/home/rishabh/HPCA2/mosaic_delta_phase1/rtl/xorflow_decoder_pipelined.sv:20$108.
  creating $alu model for $macc $flatten\lanes[15].decoder.$add$/home/rishabh/HPCA2/mosaic_delta_phase1/rtl/xorflow_decoder_pipelined.sv:20$106.
  creating $alu model for $macc $flatten\lanes[15].decoder.$add$/home/rishabh/HPCA2/mosaic_delta_phase1/rtl/xorflow_decoder_pipelined.sv:20$104.
  creating $alu model for $macc $flatten\lanes[15].decoder.$add$/home/rishabh/HPCA2/mosaic_delta_phase1/rtl/xorflow_decoder_pipelined.sv:20$103.
  creating $alu model for $macc $flatten\lanes[14].decoder.$add$/home/rishabh/HPCA2/mosaic_delta_phase1/rtl/xorflow_decoder_pipelined.sv:31$9.
  creating $alu model for $macc $flatten\lanes[14].decoder.$add$/home/rishabh/HPCA2/mosaic_delta_phase1/rtl/xorflow_decoder_pipelined.sv:31$45.
  creating $alu model for $macc $flatten\lanes[14].decoder.$add$/home/rishabh/HPCA2/mosaic_delta_phase1/rtl/xorflow_decoder_pipelined.sv:31$33.
  creating $alu model for $macc $flatten\lanes[14].decoder.$add$/home/rishabh/HPCA2/mosaic_delta_phase1/rtl/xorflow_decoder_pipelined.sv:31$21.
  creating $alu model for $macc $flatten\lanes[9].decoder.$add$/home/rishabh/HPCA2/mosaic_delta_phase1/rtl/xorflow_decoder_pipelined.sv:20$104.
  creating $alu model for $macc $flatten\lanes[9].decoder.$add$/home/rishabh/HPCA2/mosaic_delta_phase1/rtl/xorflow_decoder_pipelined.sv:20$106.
  creating $alu model for $macc $flatten\lanes[9].decoder.$add$/home/rishabh/HPCA2/mosaic_delta_phase1/rtl/xorflow_decoder_pipelined.sv:20$108.
  creating $alu model for $macc $flatten\lanes[9].decoder.$add$/home/rishabh/HPCA2/mosaic_delta_phase1/rtl/xorflow_decoder_pipelined.sv:20$111.
  creating $alu model for $macc $flatten\lanes[14].decoder.$add$/home/rishabh/HPCA2/mosaic_delta_phase1/rtl/xorflow_decoder_pipelined.sv:21$118.
  creating $alu model for $macc $flatten\lanes[14].decoder.$add$/home/rishabh/HPCA2/mosaic_delta_phase1/rtl/xorflow_decoder_pipelined.sv:21$115.
  creating $alu model for $macc $flatten\lanes[14].decoder.$add$/home/rishabh/HPCA2/mosaic_delta_phase1/rtl/xorflow_decoder_pipelined.sv:21$112.
  creating $alu model for $macc $flatten\lanes[14].decoder.$add$/home/rishabh/HPCA2/mosaic_delta_phase1/rtl/xorflow_decoder_pipelined.sv:21$109.
  creating $alu model for $macc $flatten\lanes[14].decoder.$add$/home/rishabh/HPCA2/mosaic_delta_phase1/rtl/xorflow_decoder_pipelined.sv:21$107.
  creating $alu model for $macc $flatten\lanes[14].decoder.$add$/home/rishabh/HPCA2/mosaic_delta_phase1/rtl/xorflow_decoder_pipelined.sv:21$105.
  creating $alu model for $macc $flatten\lanes[14].decoder.$add$/home/rishabh/HPCA2/mosaic_delta_phase1/rtl/xorflow_decoder_pipelined.sv:20$117.
  creating $alu model for $macc $flatten\lanes[14].decoder.$add$/home/rishabh/HPCA2/mosaic_delta_phase1/rtl/xorflow_decoder_pipelined.sv:20$114.
  creating $alu model for $macc $flatten\lanes[14].decoder.$add$/home/rishabh/HPCA2/mosaic_delta_phase1/rtl/xorflow_decoder_pipelined.sv:20$111.
  creating $alu model for $macc $flatten\lanes[14].decoder.$add$/home/rishabh/HPCA2/mosaic_delta_phase1/rtl/xorflow_decoder_pipelined.sv:20$108.
  creating $alu model for $macc $flatten\lanes[14].decoder.$add$/home/rishabh/HPCA2/mosaic_delta_phase1/rtl/xorflow_decoder_pipelined.sv:20$106.
  creating $alu model for $macc $flatten\lanes[14].decoder.$add$/home/rishabh/HPCA2/mosaic_delta_phase1/rtl/xorflow_decoder_pipelined.sv:20$104.
  creating $alu model for $macc $flatten\lanes[14].decoder.$add$/home/rishabh/HPCA2/mosaic_delta_phase1/rtl/xorflow_decoder_pipelined.sv:20$103.
  creating $alu model for $macc $flatten\lanes[13].decoder.$add$/home/rishabh/HPCA2/mosaic_delta_phase1/rtl/xorflow_decoder_pipelined.sv:31$9.
  creating $alu model for $macc $flatten\lanes[13].decoder.$add$/home/rishabh/HPCA2/mosaic_delta_phase1/rtl/xorflow_decoder_pipelined.sv:31$45.
  creating $alu model for $macc $flatten\lanes[13].decoder.$add$/home/rishabh/HPCA2/mosaic_delta_phase1/rtl/xorflow_decoder_pipelined.sv:31$33.
  creating $alu model for $macc $flatten\lanes[13].decoder.$add$/home/rishabh/HPCA2/mosaic_delta_phase1/rtl/xorflow_decoder_pipelined.sv:31$21.
  creating $alu model for $macc $flatten\lanes[9].decoder.$add$/home/rishabh/HPCA2/mosaic_delta_phase1/rtl/xorflow_decoder_pipelined.sv:20$114.
  creating $alu model for $macc $flatten\lanes[9].decoder.$add$/home/rishabh/HPCA2/mosaic_delta_phase1/rtl/xorflow_decoder_pipelined.sv:20$117.
  creating $alu model for $macc $flatten\lanes[9].decoder.$add$/home/rishabh/HPCA2/mosaic_delta_phase1/rtl/xorflow_decoder_pipelined.sv:21$105.
  creating $alu model for $macc $flatten\lanes[9].decoder.$add$/home/rishabh/HPCA2/mosaic_delta_phase1/rtl/xorflow_decoder_pipelined.sv:21$107.
  creating $alu model for $macc $flatten\lanes[13].decoder.$add$/home/rishabh/HPCA2/mosaic_delta_phase1/rtl/xorflow_decoder_pipelined.sv:21$118.
  creating $alu model for $macc $flatten\lanes[13].decoder.$add$/home/rishabh/HPCA2/mosaic_delta_phase1/rtl/xorflow_decoder_pipelined.sv:21$115.
  creating $alu model for $macc $flatten\lanes[13].decoder.$add$/home/rishabh/HPCA2/mosaic_delta_phase1/rtl/xorflow_decoder_pipelined.sv:21$112.
  creating $alu model for $macc $flatten\lanes[13].decoder.$add$/home/rishabh/HPCA2/mosaic_delta_phase1/rtl/xorflow_decoder_pipelined.sv:21$109.
  creating $alu model for $macc $flatten\lanes[13].decoder.$add$/home/rishabh/HPCA2/mosaic_delta_phase1/rtl/xorflow_decoder_pipelined.sv:21$107.
  creating $alu model for $macc $flatten\lanes[13].decoder.$add$/home/rishabh/HPCA2/mosaic_delta_phase1/rtl/xorflow_decoder_pipelined.sv:21$105.
  creating $alu model for $macc $flatten\lanes[13].decoder.$add$/home/rishabh/HPCA2/mosaic_delta_phase1/rtl/xorflow_decoder_pipelined.sv:20$117.
  creating $alu model for $macc $flatten\lanes[13].decoder.$add$/home/rishabh/HPCA2/mosaic_delta_phase1/rtl/xorflow_decoder_pipelined.sv:20$114.
  creating $alu model for $macc $flatten\lanes[13].decoder.$add$/home/rishabh/HPCA2/mosaic_delta_phase1/rtl/xorflow_decoder_pipelined.sv:20$111.
  creating $alu model for $macc $flatten\lanes[13].decoder.$add$/home/rishabh/HPCA2/mosaic_delta_phase1/rtl/xorflow_decoder_pipelined.sv:20$108.
  creating $alu model for $macc $flatten\lanes[13].decoder.$add$/home/rishabh/HPCA2/mosaic_delta_phase1/rtl/xorflow_decoder_pipelined.sv:20$106.
  creating $alu model for $macc $flatten\lanes[13].decoder.$add$/home/rishabh/HPCA2/mosaic_delta_phase1/rtl/xorflow_decoder_pipelined.sv:20$104.
  creating $alu model for $macc $flatten\lanes[13].decoder.$add$/home/rishabh/HPCA2/mosaic_delta_phase1/rtl/xorflow_decoder_pipelined.sv:20$103.
  creating $alu model for $macc $flatten\lanes[12].decoder.$add$/home/rishabh/HPCA2/mosaic_delta_phase1/rtl/xorflow_decoder_pipelined.sv:31$9.
  creating $alu model for $macc $flatten\lanes[12].decoder.$add$/home/rishabh/HPCA2/mosaic_delta_phase1/rtl/xorflow_decoder_pipelined.sv:31$45.
  creating $alu model for $macc $flatten\lanes[12].decoder.$add$/home/rishabh/HPCA2/mosaic_delta_phase1/rtl/xorflow_decoder_pipelined.sv:31$33.
  creating $alu model for $macc $flatten\lanes[12].decoder.$add$/home/rishabh/HPCA2/mosaic_delta_phase1/rtl/xorflow_decoder_pipelined.sv:31$21.
  creating $alu model for $macc $flatten\lanes[9].decoder.$add$/home/rishabh/HPCA2/mosaic_delta_phase1/rtl/xorflow_decoder_pipelined.sv:21$109.
  creating $alu model for $macc $flatten\lanes[9].decoder.$add$/home/rishabh/HPCA2/mosaic_delta_phase1/rtl/xorflow_decoder_pipelined.sv:21$112.
  creating $alu model for $macc $flatten\lanes[9].decoder.$add$/home/rishabh/HPCA2/mosaic_delta_phase1/rtl/xorflow_decoder_pipelined.sv:21$115.
  creating $alu model for $macc $flatten\lanes[9].decoder.$add$/home/rishabh/HPCA2/mosaic_delta_phase1/rtl/xorflow_decoder_pipelined.sv:21$118.
  creating $alu model for $macc $flatten\lanes[12].decoder.$add$/home/rishabh/HPCA2/mosaic_delta_phase1/rtl/xorflow_decoder_pipelined.sv:21$118.
  creating $alu model for $macc $flatten\lanes[12].decoder.$add$/home/rishabh/HPCA2/mosaic_delta_phase1/rtl/xorflow_decoder_pipelined.sv:21$115.
  creating $alu model for $macc $flatten\lanes[12].decoder.$add$/home/rishabh/HPCA2/mosaic_delta_phase1/rtl/xorflow_decoder_pipelined.sv:21$112.
  creating $alu model for $macc $flatten\lanes[12].decoder.$add$/home/rishabh/HPCA2/mosaic_delta_phase1/rtl/xorflow_decoder_pipelined.sv:21$109.
  creating $alu model for $macc $flatten\lanes[12].decoder.$add$/home/rishabh/HPCA2/mosaic_delta_phase1/rtl/xorflow_decoder_pipelined.sv:21$107.
  creating $alu model for $macc $flatten\lanes[12].decoder.$add$/home/rishabh/HPCA2/mosaic_delta_phase1/rtl/xorflow_decoder_pipelined.sv:21$105.
  creating $alu model for $macc $flatten\lanes[12].decoder.$add$/home/rishabh/HPCA2/mosaic_delta_phase1/rtl/xorflow_decoder_pipelined.sv:20$117.
  creating $alu model for $macc $flatten\lanes[12].decoder.$add$/home/rishabh/HPCA2/mosaic_delta_phase1/rtl/xorflow_decoder_pipelined.sv:20$114.
  creating $alu model for $macc $flatten\lanes[12].decoder.$add$/home/rishabh/HPCA2/mosaic_delta_phase1/rtl/xorflow_decoder_pipelined.sv:20$111.
  creating $alu model for $macc $flatten\lanes[12].decoder.$add$/home/rishabh/HPCA2/mosaic_delta_phase1/rtl/xorflow_decoder_pipelined.sv:20$108.
  creating $alu model for $macc $flatten\lanes[12].decoder.$add$/home/rishabh/HPCA2/mosaic_delta_phase1/rtl/xorflow_decoder_pipelined.sv:20$106.
  creating $alu model for $macc $flatten\lanes[12].decoder.$add$/home/rishabh/HPCA2/mosaic_delta_phase1/rtl/xorflow_decoder_pipelined.sv:20$104.
  creating $alu model for $macc $flatten\lanes[12].decoder.$add$/home/rishabh/HPCA2/mosaic_delta_phase1/rtl/xorflow_decoder_pipelined.sv:20$103.
  creating $alu model for $macc $flatten\lanes[11].decoder.$add$/home/rishabh/HPCA2/mosaic_delta_phase1/rtl/xorflow_decoder_pipelined.sv:31$9.
  creating $alu model for $macc $flatten\lanes[11].decoder.$add$/home/rishabh/HPCA2/mosaic_delta_phase1/rtl/xorflow_decoder_pipelined.sv:31$45.
  creating $alu model for $macc $flatten\lanes[11].decoder.$add$/home/rishabh/HPCA2/mosaic_delta_phase1/rtl/xorflow_decoder_pipelined.sv:31$33.
  creating $alu model for $macc $flatten\lanes[11].decoder.$add$/home/rishabh/HPCA2/mosaic_delta_phase1/rtl/xorflow_decoder_pipelined.sv:31$21.
  creating $alu model for $macc $flatten\lanes[5].decoder.$add$/home/rishabh/HPCA2/mosaic_delta_phase1/rtl/xorflow_decoder_pipelined.sv:20$103.
  creating $alu model for $macc $flatten\lanes[4].decoder.$add$/home/rishabh/HPCA2/mosaic_delta_phase1/rtl/xorflow_decoder_pipelined.sv:31$9.
  creating $alu model for $macc $flatten\lanes[11].decoder.$add$/home/rishabh/HPCA2/mosaic_delta_phase1/rtl/xorflow_decoder_pipelined.sv:21$118.
  creating $alu model for $macc $flatten\lanes[11].decoder.$add$/home/rishabh/HPCA2/mosaic_delta_phase1/rtl/xorflow_decoder_pipelined.sv:21$115.
  creating $alu model for $macc $flatten\lanes[11].decoder.$add$/home/rishabh/HPCA2/mosaic_delta_phase1/rtl/xorflow_decoder_pipelined.sv:21$112.
  creating $alu model for $macc $flatten\lanes[11].decoder.$add$/home/rishabh/HPCA2/mosaic_delta_phase1/rtl/xorflow_decoder_pipelined.sv:21$109.
  creating $alu model for $macc $flatten\lanes[11].decoder.$add$/home/rishabh/HPCA2/mosaic_delta_phase1/rtl/xorflow_decoder_pipelined.sv:21$107.
  creating $alu model for $macc $flatten\lanes[11].decoder.$add$/home/rishabh/HPCA2/mosaic_delta_phase1/rtl/xorflow_decoder_pipelined.sv:21$105.
  creating $alu model for $macc $flatten\lanes[11].decoder.$add$/home/rishabh/HPCA2/mosaic_delta_phase1/rtl/xorflow_decoder_pipelined.sv:20$117.
  creating $alu model for $macc $flatten\lanes[11].decoder.$add$/home/rishabh/HPCA2/mosaic_delta_phase1/rtl/xorflow_decoder_pipelined.sv:20$114.
  creating $alu model for $macc $flatten\lanes[11].decoder.$add$/home/rishabh/HPCA2/mosaic_delta_phase1/rtl/xorflow_decoder_pipelined.sv:20$111.
  creating $alu model for $macc $flatten\lanes[11].decoder.$add$/home/rishabh/HPCA2/mosaic_delta_phase1/rtl/xorflow_decoder_pipelined.sv:20$108.
  creating $alu model for $macc $flatten\lanes[11].decoder.$add$/home/rishabh/HPCA2/mosaic_delta_phase1/rtl/xorflow_decoder_pipelined.sv:20$106.
  creating $alu model for $macc $flatten\lanes[11].decoder.$add$/home/rishabh/HPCA2/mosaic_delta_phase1/rtl/xorflow_decoder_pipelined.sv:20$104.
  creating $alu model for $macc $flatten\lanes[11].decoder.$add$/home/rishabh/HPCA2/mosaic_delta_phase1/rtl/xorflow_decoder_pipelined.sv:20$103.
  creating $alu model for $macc $flatten\lanes[10].decoder.$add$/home/rishabh/HPCA2/mosaic_delta_phase1/rtl/xorflow_decoder_pipelined.sv:31$9.
  creating $alu model for $macc $flatten\lanes[10].decoder.$add$/home/rishabh/HPCA2/mosaic_delta_phase1/rtl/xorflow_decoder_pipelined.sv:31$45.
  creating $alu model for $macc $flatten\lanes[10].decoder.$add$/home/rishabh/HPCA2/mosaic_delta_phase1/rtl/xorflow_decoder_pipelined.sv:31$33.
  creating $alu model for $macc $flatten\lanes[10].decoder.$add$/home/rishabh/HPCA2/mosaic_delta_phase1/rtl/xorflow_decoder_pipelined.sv:31$21.
  creating $alu model for $macc $flatten\lanes[9].decoder.$add$/home/rishabh/HPCA2/mosaic_delta_phase1/rtl/xorflow_decoder_pipelined.sv:31$21.
  creating $alu model for $macc $flatten\lanes[9].decoder.$add$/home/rishabh/HPCA2/mosaic_delta_phase1/rtl/xorflow_decoder_pipelined.sv:31$33.
  creating $alu model for $macc $flatten\lanes[9].decoder.$add$/home/rishabh/HPCA2/mosaic_delta_phase1/rtl/xorflow_decoder_pipelined.sv:31$45.
  creating $alu model for $macc $flatten\lanes[10].decoder.$add$/home/rishabh/HPCA2/mosaic_delta_phase1/rtl/xorflow_decoder_pipelined.sv:21$118.
  creating $alu model for $macc $flatten\lanes[10].decoder.$add$/home/rishabh/HPCA2/mosaic_delta_phase1/rtl/xorflow_decoder_pipelined.sv:21$115.
  creating $alu model for $macc $flatten\lanes[10].decoder.$add$/home/rishabh/HPCA2/mosaic_delta_phase1/rtl/xorflow_decoder_pipelined.sv:21$112.
  creating $alu model for $macc $flatten\lanes[10].decoder.$add$/home/rishabh/HPCA2/mosaic_delta_phase1/rtl/xorflow_decoder_pipelined.sv:21$109.
  creating $alu model for $macc $flatten\lanes[10].decoder.$add$/home/rishabh/HPCA2/mosaic_delta_phase1/rtl/xorflow_decoder_pipelined.sv:21$107.
  creating $alu model for $macc $flatten\lanes[10].decoder.$add$/home/rishabh/HPCA2/mosaic_delta_phase1/rtl/xorflow_decoder_pipelined.sv:21$105.
  creating $alu model for $macc $flatten\lanes[10].decoder.$add$/home/rishabh/HPCA2/mosaic_delta_phase1/rtl/xorflow_decoder_pipelined.sv:20$117.
  creating $alu model for $macc $flatten\lanes[10].decoder.$add$/home/rishabh/HPCA2/mosaic_delta_phase1/rtl/xorflow_decoder_pipelined.sv:20$114.
  creating $alu model for $macc $flatten\lanes[10].decoder.$add$/home/rishabh/HPCA2/mosaic_delta_phase1/rtl/xorflow_decoder_pipelined.sv:20$111.
  creating $alu model for $macc $flatten\lanes[10].decoder.$add$/home/rishabh/HPCA2/mosaic_delta_phase1/rtl/xorflow_decoder_pipelined.sv:20$108.
  creating $alu model for $macc $flatten\lanes[10].decoder.$add$/home/rishabh/HPCA2/mosaic_delta_phase1/rtl/xorflow_decoder_pipelined.sv:20$106.
  creating $alu model for $macc $flatten\lanes[10].decoder.$add$/home/rishabh/HPCA2/mosaic_delta_phase1/rtl/xorflow_decoder_pipelined.sv:20$104.
  creating $alu model for $macc $flatten\lanes[10].decoder.$add$/home/rishabh/HPCA2/mosaic_delta_phase1/rtl/xorflow_decoder_pipelined.sv:20$103.
  creating $alu model for $macc $flatten\lanes[0].decoder.$add$/home/rishabh/HPCA2/mosaic_delta_phase1/rtl/xorflow_decoder_pipelined.sv:31$9.
  creating $alu model for $macc $flatten\lanes[0].decoder.$add$/home/rishabh/HPCA2/mosaic_delta_phase1/rtl/xorflow_decoder_pipelined.sv:31$45.
  creating $alu model for $macc $flatten\lanes[0].decoder.$add$/home/rishabh/HPCA2/mosaic_delta_phase1/rtl/xorflow_decoder_pipelined.sv:31$33.
  creating $alu model for $macc $flatten\lanes[0].decoder.$add$/home/rishabh/HPCA2/mosaic_delta_phase1/rtl/xorflow_decoder_pipelined.sv:31$21.
  creating $alu model for $macc $flatten\lanes[9].decoder.$add$/home/rishabh/HPCA2/mosaic_delta_phase1/rtl/xorflow_decoder_pipelined.sv:31$9.
  creating $alu model for $macc $flatten\lanes[0].decoder.$add$/home/rishabh/HPCA2/mosaic_delta_phase1/rtl/xorflow_decoder_pipelined.sv:21$118.
  creating $alu model for $macc $flatten\lanes[0].decoder.$add$/home/rishabh/HPCA2/mosaic_delta_phase1/rtl/xorflow_decoder_pipelined.sv:21$115.
  creating $alu model for $macc $flatten\lanes[0].decoder.$add$/home/rishabh/HPCA2/mosaic_delta_phase1/rtl/xorflow_decoder_pipelined.sv:21$112.
  creating $alu model for $macc $flatten\lanes[0].decoder.$add$/home/rishabh/HPCA2/mosaic_delta_phase1/rtl/xorflow_decoder_pipelined.sv:21$109.
  creating $alu model for $macc $flatten\lanes[0].decoder.$add$/home/rishabh/HPCA2/mosaic_delta_phase1/rtl/xorflow_decoder_pipelined.sv:21$107.
  creating $alu model for $macc $flatten\lanes[0].decoder.$add$/home/rishabh/HPCA2/mosaic_delta_phase1/rtl/xorflow_decoder_pipelined.sv:21$105.
  creating $alu model for $macc $flatten\lanes[0].decoder.$add$/home/rishabh/HPCA2/mosaic_delta_phase1/rtl/xorflow_decoder_pipelined.sv:20$117.
  creating $alu model for $macc $flatten\lanes[0].decoder.$add$/home/rishabh/HPCA2/mosaic_delta_phase1/rtl/xorflow_decoder_pipelined.sv:20$114.
  creating $alu model for $macc $flatten\lanes[0].decoder.$add$/home/rishabh/HPCA2/mosaic_delta_phase1/rtl/xorflow_decoder_pipelined.sv:20$111.
  creating $alu model for $macc $flatten\lanes[0].decoder.$add$/home/rishabh/HPCA2/mosaic_delta_phase1/rtl/xorflow_decoder_pipelined.sv:20$108.
  creating $alu model for $macc $flatten\lanes[0].decoder.$add$/home/rishabh/HPCA2/mosaic_delta_phase1/rtl/xorflow_decoder_pipelined.sv:20$106.
  creating $alu model for $macc $flatten\lanes[0].decoder.$add$/home/rishabh/HPCA2/mosaic_delta_phase1/rtl/xorflow_decoder_pipelined.sv:20$104.
  creating $alu model for $macc $flatten\lanes[0].decoder.$add$/home/rishabh/HPCA2/mosaic_delta_phase1/rtl/xorflow_decoder_pipelined.sv:20$103.
  creating $macc cell for $flatten\lanes[2].decoder.$add$/home/rishabh/HPCA2/mosaic_delta_phase1/rtl/xorflow_decoder_pipelined.sv:31$57: $auto$alumacc.cc:365:replace_macc$344
  creating $macc cell for $flatten\lanes[2].decoder.$add$/home/rishabh/HPCA2/mosaic_delta_phase1/rtl/xorflow_decoder_pipelined.sv:31$69: $auto$alumacc.cc:365:replace_macc$345
  creating $macc cell for $flatten\lanes[2].decoder.$add$/home/rishabh/HPCA2/mosaic_delta_phase1/rtl/xorflow_decoder_pipelined.sv:31$81: $auto$alumacc.cc:365:replace_macc$346
  creating $macc cell for $flatten\lanes[13].decoder.$add$/home/rishabh/HPCA2/mosaic_delta_phase1/rtl/xorflow_decoder_pipelined.sv:31$93: $auto$alumacc.cc:365:replace_macc$347
  creating $macc cell for $flatten\lanes[1].decoder.$add$/home/rishabh/HPCA2/mosaic_delta_phase1/rtl/xorflow_decoder_pipelined.sv:31$93: $auto$alumacc.cc:365:replace_macc$348
  creating $macc cell for $flatten\lanes[13].decoder.$add$/home/rishabh/HPCA2/mosaic_delta_phase1/rtl/xorflow_decoder_pipelined.sv:31$81: $auto$alumacc.cc:365:replace_macc$349
  creating $macc cell for $flatten\lanes[13].decoder.$add$/home/rishabh/HPCA2/mosaic_delta_phase1/rtl/xorflow_decoder_pipelined.sv:31$69: $auto$alumacc.cc:365:replace_macc$350
  creating $macc cell for $flatten\lanes[13].decoder.$add$/home/rishabh/HPCA2/mosaic_delta_phase1/rtl/xorflow_decoder_pipelined.sv:31$57: $auto$alumacc.cc:365:replace_macc$351
  creating $macc cell for $flatten\lanes[2].decoder.$add$/home/rishabh/HPCA2/mosaic_delta_phase1/rtl/xorflow_decoder_pipelined.sv:31$93: $auto$alumacc.cc:365:replace_macc$352
  creating $macc cell for $flatten\lanes[7].decoder.$add$/home/rishabh/HPCA2/mosaic_delta_phase1/rtl/xorflow_decoder_pipelined.sv:31$69: $auto$alumacc.cc:365:replace_macc$353
  creating $macc cell for $flatten\lanes[1].decoder.$add$/home/rishabh/HPCA2/mosaic_delta_phase1/rtl/xorflow_decoder_pipelined.sv:31$81: $auto$alumacc.cc:365:replace_macc$354
  creating $macc cell for $flatten\lanes[1].decoder.$add$/home/rishabh/HPCA2/mosaic_delta_phase1/rtl/xorflow_decoder_pipelined.sv:31$69: $auto$alumacc.cc:365:replace_macc$355
  creating $macc cell for $flatten\lanes[1].decoder.$add$/home/rishabh/HPCA2/mosaic_delta_phase1/rtl/xorflow_decoder_pipelined.sv:31$57: $auto$alumacc.cc:365:replace_macc$356
  creating $macc cell for $flatten\lanes[20].decoder.$add$/home/rishabh/HPCA2/mosaic_delta_phase1/rtl/xorflow_decoder_pipelined.sv:31$81: $auto$alumacc.cc:365:replace_macc$357
  creating $macc cell for $flatten\lanes[20].decoder.$add$/home/rishabh/HPCA2/mosaic_delta_phase1/rtl/xorflow_decoder_pipelined.sv:31$69: $auto$alumacc.cc:365:replace_macc$358
  creating $macc cell for $flatten\lanes[20].decoder.$add$/home/rishabh/HPCA2/mosaic_delta_phase1/rtl/xorflow_decoder_pipelined.sv:31$57: $auto$alumacc.cc:365:replace_macc$359
  creating $macc cell for $flatten\lanes[16].decoder.$add$/home/rishabh/HPCA2/mosaic_delta_phase1/rtl/xorflow_decoder_pipelined.sv:31$93: $auto$alumacc.cc:365:replace_macc$360
  creating $macc cell for $flatten\lanes[6].decoder.$add$/home/rishabh/HPCA2/mosaic_delta_phase1/rtl/xorflow_decoder_pipelined.sv:31$93: $auto$alumacc.cc:365:replace_macc$361
  creating $macc cell for $flatten\lanes[16].decoder.$add$/home/rishabh/HPCA2/mosaic_delta_phase1/rtl/xorflow_decoder_pipelined.sv:31$81: $auto$alumacc.cc:365:replace_macc$362
  creating $macc cell for $flatten\lanes[16].decoder.$add$/home/rishabh/HPCA2/mosaic_delta_phase1/rtl/xorflow_decoder_pipelined.sv:31$69: $auto$alumacc.cc:365:replace_macc$363
  creating $macc cell for $flatten\lanes[16].decoder.$add$/home/rishabh/HPCA2/mosaic_delta_phase1/rtl/xorflow_decoder_pipelined.sv:31$57: $auto$alumacc.cc:365:replace_macc$364
  creating $macc cell for $flatten\lanes[7].decoder.$add$/home/rishabh/HPCA2/mosaic_delta_phase1/rtl/xorflow_decoder_pipelined.sv:31$81: $auto$alumacc.cc:365:replace_macc$365
  creating $macc cell for $flatten\lanes[23].decoder.$add$/home/rishabh/HPCA2/mosaic_delta_phase1/rtl/xorflow_decoder_pipelined.sv:31$81: $auto$alumacc.cc:365:replace_macc$366
  creating $macc cell for $flatten\lanes[22].decoder.$add$/home/rishabh/HPCA2/mosaic_delta_phase1/rtl/xorflow_decoder_pipelined.sv:31$57: $auto$alumacc.cc:365:replace_macc$367
  creating $macc cell for $flatten\lanes[26].decoder.$add$/home/rishabh/HPCA2/mosaic_delta_phase1/rtl/xorflow_decoder_pipelined.sv:31$57: $auto$alumacc.cc:365:replace_macc$368
  creating $macc cell for $flatten\lanes[26].decoder.$add$/home/rishabh/HPCA2/mosaic_delta_phase1/rtl/xorflow_decoder_pipelined.sv:31$69: $auto$alumacc.cc:365:replace_macc$369
  creating $macc cell for $flatten\lanes[8].decoder.$add$/home/rishabh/HPCA2/mosaic_delta_phase1/rtl/xorflow_decoder_pipelined.sv:31$57: $auto$alumacc.cc:365:replace_macc$370
  creating $macc cell for $flatten\lanes[8].decoder.$add$/home/rishabh/HPCA2/mosaic_delta_phase1/rtl/xorflow_decoder_pipelined.sv:31$69: $auto$alumacc.cc:365:replace_macc$371
  creating $macc cell for $flatten\lanes[12].decoder.$add$/home/rishabh/HPCA2/mosaic_delta_phase1/rtl/xorflow_decoder_pipelined.sv:31$93: $auto$alumacc.cc:365:replace_macc$372
  creating $macc cell for $flatten\lanes[28].decoder.$add$/home/rishabh/HPCA2/mosaic_delta_phase1/rtl/xorflow_decoder_pipelined.sv:31$57: $auto$alumacc.cc:365:replace_macc$373
  creating $macc cell for $flatten\lanes[12].decoder.$add$/home/rishabh/HPCA2/mosaic_delta_phase1/rtl/xorflow_decoder_pipelined.sv:31$81: $auto$alumacc.cc:365:replace_macc$374
  creating $macc cell for $flatten\lanes[12].decoder.$add$/home/rishabh/HPCA2/mosaic_delta_phase1/rtl/xorflow_decoder_pipelined.sv:31$69: $auto$alumacc.cc:365:replace_macc$375
  creating $macc cell for $flatten\lanes[12].decoder.$add$/home/rishabh/HPCA2/mosaic_delta_phase1/rtl/xorflow_decoder_pipelined.sv:31$57: $auto$alumacc.cc:365:replace_macc$376
  creating $macc cell for $flatten\lanes[30].decoder.$add$/home/rishabh/HPCA2/mosaic_delta_phase1/rtl/xorflow_decoder_pipelined.sv:31$57: $auto$alumacc.cc:365:replace_macc$377
  creating $macc cell for $flatten\lanes[30].decoder.$add$/home/rishabh/HPCA2/mosaic_delta_phase1/rtl/xorflow_decoder_pipelined.sv:31$69: $auto$alumacc.cc:365:replace_macc$378
  creating $macc cell for $flatten\lanes[30].decoder.$add$/home/rishabh/HPCA2/mosaic_delta_phase1/rtl/xorflow_decoder_pipelined.sv:31$81: $auto$alumacc.cc:365:replace_macc$379
  creating $macc cell for $flatten\lanes[28].decoder.$add$/home/rishabh/HPCA2/mosaic_delta_phase1/rtl/xorflow_decoder_pipelined.sv:31$69: $auto$alumacc.cc:365:replace_macc$380
  creating $macc cell for $flatten\lanes[30].decoder.$add$/home/rishabh/HPCA2/mosaic_delta_phase1/rtl/xorflow_decoder_pipelined.sv:31$93: $auto$alumacc.cc:365:replace_macc$381
  creating $macc cell for $flatten\lanes[28].decoder.$add$/home/rishabh/HPCA2/mosaic_delta_phase1/rtl/xorflow_decoder_pipelined.sv:31$81: $auto$alumacc.cc:365:replace_macc$382
  creating $macc cell for $flatten\lanes[18].decoder.$add$/home/rishabh/HPCA2/mosaic_delta_phase1/rtl/xorflow_decoder_pipelined.sv:31$93: $auto$alumacc.cc:365:replace_macc$383
  creating $macc cell for $flatten\lanes[28].decoder.$add$/home/rishabh/HPCA2/mosaic_delta_phase1/rtl/xorflow_decoder_pipelined.sv:31$93: $auto$alumacc.cc:365:replace_macc$384
  creating $macc cell for $flatten\lanes[26].decoder.$add$/home/rishabh/HPCA2/mosaic_delta_phase1/rtl/xorflow_decoder_pipelined.sv:31$81: $auto$alumacc.cc:365:replace_macc$385
  creating $macc cell for $flatten\lanes[18].decoder.$add$/home/rishabh/HPCA2/mosaic_delta_phase1/rtl/xorflow_decoder_pipelined.sv:31$81: $auto$alumacc.cc:365:replace_macc$386
  creating $macc cell for $flatten\lanes[18].decoder.$add$/home/rishabh/HPCA2/mosaic_delta_phase1/rtl/xorflow_decoder_pipelined.sv:31$69: $auto$alumacc.cc:365:replace_macc$387
  creating $macc cell for $flatten\lanes[18].decoder.$add$/home/rishabh/HPCA2/mosaic_delta_phase1/rtl/xorflow_decoder_pipelined.sv:31$57: $auto$alumacc.cc:365:replace_macc$388
  creating $macc cell for $flatten\lanes[23].decoder.$add$/home/rishabh/HPCA2/mosaic_delta_phase1/rtl/xorflow_decoder_pipelined.sv:31$93: $auto$alumacc.cc:365:replace_macc$389
  creating $macc cell for $flatten\lanes[26].decoder.$add$/home/rishabh/HPCA2/mosaic_delta_phase1/rtl/xorflow_decoder_pipelined.sv:31$93: $auto$alumacc.cc:365:replace_macc$390
  creating $macc cell for $flatten\lanes[7].decoder.$add$/home/rishabh/HPCA2/mosaic_delta_phase1/rtl/xorflow_decoder_pipelined.sv:31$93: $auto$alumacc.cc:365:replace_macc$391
  creating $macc cell for $flatten\lanes[21].decoder.$add$/home/rishabh/HPCA2/mosaic_delta_phase1/rtl/xorflow_decoder_pipelined.sv:31$93: $auto$alumacc.cc:365:replace_macc$392
  creating $macc cell for $flatten\lanes[15].decoder.$add$/home/rishabh/HPCA2/mosaic_delta_phase1/rtl/xorflow_decoder_pipelined.sv:31$93: $auto$alumacc.cc:365:replace_macc$393
  creating $macc cell for $flatten\lanes[22].decoder.$add$/home/rishabh/HPCA2/mosaic_delta_phase1/rtl/xorflow_decoder_pipelined.sv:31$81: $auto$alumacc.cc:365:replace_macc$394
  creating $macc cell for $flatten\lanes[15].decoder.$add$/home/rishabh/HPCA2/mosaic_delta_phase1/rtl/xorflow_decoder_pipelined.sv:31$81: $auto$alumacc.cc:365:replace_macc$395
  creating $macc cell for $flatten\lanes[15].decoder.$add$/home/rishabh/HPCA2/mosaic_delta_phase1/rtl/xorflow_decoder_pipelined.sv:31$69: $auto$alumacc.cc:365:replace_macc$396
  creating $macc cell for $flatten\lanes[11].decoder.$add$/home/rishabh/HPCA2/mosaic_delta_phase1/rtl/xorflow_decoder_pipelined.sv:31$93: $auto$alumacc.cc:365:replace_macc$397
  creating $macc cell for $flatten\lanes[15].decoder.$add$/home/rishabh/HPCA2/mosaic_delta_phase1/rtl/xorflow_decoder_pipelined.sv:31$57: $auto$alumacc.cc:365:replace_macc$398
  creating $macc cell for $flatten\lanes[11].decoder.$add$/home/rishabh/HPCA2/mosaic_delta_phase1/rtl/xorflow_decoder_pipelined.sv:31$81: $auto$alumacc.cc:365:replace_macc$399
  creating $macc cell for $flatten\lanes[11].decoder.$add$/home/rishabh/HPCA2/mosaic_delta_phase1/rtl/xorflow_decoder_pipelined.sv:31$69: $auto$alumacc.cc:365:replace_macc$400
  creating $macc cell for $flatten\lanes[11].decoder.$add$/home/rishabh/HPCA2/mosaic_delta_phase1/rtl/xorflow_decoder_pipelined.sv:31$57: $auto$alumacc.cc:365:replace_macc$401
  creating $macc cell for $flatten\lanes[21].decoder.$add$/home/rishabh/HPCA2/mosaic_delta_phase1/rtl/xorflow_decoder_pipelined.sv:31$81: $auto$alumacc.cc:365:replace_macc$402
  creating $macc cell for $flatten\lanes[21].decoder.$add$/home/rishabh/HPCA2/mosaic_delta_phase1/rtl/xorflow_decoder_pipelined.sv:31$69: $auto$alumacc.cc:365:replace_macc$403
  creating $macc cell for $flatten\lanes[21].decoder.$add$/home/rishabh/HPCA2/mosaic_delta_phase1/rtl/xorflow_decoder_pipelined.sv:31$57: $auto$alumacc.cc:365:replace_macc$404
  creating $macc cell for $flatten\lanes[8].decoder.$add$/home/rishabh/HPCA2/mosaic_delta_phase1/rtl/xorflow_decoder_pipelined.sv:31$81: $auto$alumacc.cc:365:replace_macc$405
  creating $macc cell for $flatten\lanes[4].decoder.$add$/home/rishabh/HPCA2/mosaic_delta_phase1/rtl/xorflow_decoder_pipelined.sv:31$93: $auto$alumacc.cc:365:replace_macc$406
  creating $macc cell for $flatten\lanes[31].decoder.$add$/home/rishabh/HPCA2/mosaic_delta_phase1/rtl/xorflow_decoder_pipelined.sv:31$57: $auto$alumacc.cc:365:replace_macc$407
  creating $macc cell for $flatten\lanes[4].decoder.$add$/home/rishabh/HPCA2/mosaic_delta_phase1/rtl/xorflow_decoder_pipelined.sv:31$81: $auto$alumacc.cc:365:replace_macc$408
  creating $macc cell for $flatten\lanes[31].decoder.$add$/home/rishabh/HPCA2/mosaic_delta_phase1/rtl/xorflow_decoder_pipelined.sv:31$69: $auto$alumacc.cc:365:replace_macc$409
  creating $macc cell for $flatten\lanes[31].decoder.$add$/home/rishabh/HPCA2/mosaic_delta_phase1/rtl/xorflow_decoder_pipelined.sv:31$81: $auto$alumacc.cc:365:replace_macc$410
  creating $macc cell for $flatten\lanes[24].decoder.$add$/home/rishabh/HPCA2/mosaic_delta_phase1/rtl/xorflow_decoder_pipelined.sv:31$57: $auto$alumacc.cc:365:replace_macc$411
  creating $macc cell for $flatten\lanes[31].decoder.$add$/home/rishabh/HPCA2/mosaic_delta_phase1/rtl/xorflow_decoder_pipelined.sv:31$93: $auto$alumacc.cc:365:replace_macc$412
  creating $macc cell for $flatten\lanes[8].decoder.$add$/home/rishabh/HPCA2/mosaic_delta_phase1/rtl/xorflow_decoder_pipelined.sv:31$93: $auto$alumacc.cc:365:replace_macc$413
  creating $macc cell for $flatten\lanes[25].decoder.$add$/home/rishabh/HPCA2/mosaic_delta_phase1/rtl/xorflow_decoder_pipelined.sv:31$57: $auto$alumacc.cc:365:replace_macc$414
  creating $macc cell for $flatten\lanes[25].decoder.$add$/home/rishabh/HPCA2/mosaic_delta_phase1/rtl/xorflow_decoder_pipelined.sv:31$69: $auto$alumacc.cc:365:replace_macc$415
  creating $macc cell for $flatten\lanes[25].decoder.$add$/home/rishabh/HPCA2/mosaic_delta_phase1/rtl/xorflow_decoder_pipelined.sv:31$81: $auto$alumacc.cc:365:replace_macc$416
  creating $macc cell for $flatten\lanes[24].decoder.$add$/home/rishabh/HPCA2/mosaic_delta_phase1/rtl/xorflow_decoder_pipelined.sv:31$69: $auto$alumacc.cc:365:replace_macc$417
  creating $macc cell for $flatten\lanes[25].decoder.$add$/home/rishabh/HPCA2/mosaic_delta_phase1/rtl/xorflow_decoder_pipelined.sv:31$93: $auto$alumacc.cc:365:replace_macc$418
  creating $macc cell for $flatten\lanes[24].decoder.$add$/home/rishabh/HPCA2/mosaic_delta_phase1/rtl/xorflow_decoder_pipelined.sv:31$81: $auto$alumacc.cc:365:replace_macc$419
  creating $macc cell for $flatten\lanes[19].decoder.$add$/home/rishabh/HPCA2/mosaic_delta_phase1/rtl/xorflow_decoder_pipelined.sv:31$93: $auto$alumacc.cc:365:replace_macc$420
  creating $macc cell for $flatten\lanes[29].decoder.$add$/home/rishabh/HPCA2/mosaic_delta_phase1/rtl/xorflow_decoder_pipelined.sv:31$57: $auto$alumacc.cc:365:replace_macc$421
  creating $macc cell for $flatten\lanes[10].decoder.$add$/home/rishabh/HPCA2/mosaic_delta_phase1/rtl/xorflow_decoder_pipelined.sv:31$93: $auto$alumacc.cc:365:replace_macc$422
  creating $macc cell for $flatten\lanes[29].decoder.$add$/home/rishabh/HPCA2/mosaic_delta_phase1/rtl/xorflow_decoder_pipelined.sv:31$69: $auto$alumacc.cc:365:replace_macc$423
  creating $macc cell for $flatten\lanes[10].decoder.$add$/home/rishabh/HPCA2/mosaic_delta_phase1/rtl/xorflow_decoder_pipelined.sv:31$81: $auto$alumacc.cc:365:replace_macc$424
  creating $macc cell for $flatten\lanes[10].decoder.$add$/home/rishabh/HPCA2/mosaic_delta_phase1/rtl/xorflow_decoder_pipelined.sv:31$69: $auto$alumacc.cc:365:replace_macc$425
  creating $macc cell for $flatten\lanes[10].decoder.$add$/home/rishabh/HPCA2/mosaic_delta_phase1/rtl/xorflow_decoder_pipelined.sv:31$57: $auto$alumacc.cc:365:replace_macc$426
  creating $macc cell for $flatten\lanes[29].decoder.$add$/home/rishabh/HPCA2/mosaic_delta_phase1/rtl/xorflow_decoder_pipelined.sv:31$81: $auto$alumacc.cc:365:replace_macc$427
  creating $macc cell for $flatten\lanes[6].decoder.$add$/home/rishabh/HPCA2/mosaic_delta_phase1/rtl/xorflow_decoder_pipelined.sv:31$81: $auto$alumacc.cc:365:replace_macc$428
  creating $macc cell for $flatten\lanes[29].decoder.$add$/home/rishabh/HPCA2/mosaic_delta_phase1/rtl/xorflow_decoder_pipelined.sv:31$93: $auto$alumacc.cc:365:replace_macc$429
  creating $macc cell for $flatten\lanes[5].decoder.$add$/home/rishabh/HPCA2/mosaic_delta_phase1/rtl/xorflow_decoder_pipelined.sv:31$93: $auto$alumacc.cc:365:replace_macc$430
  creating $macc cell for $flatten\lanes[6].decoder.$add$/home/rishabh/HPCA2/mosaic_delta_phase1/rtl/xorflow_decoder_pipelined.sv:31$69: $auto$alumacc.cc:365:replace_macc$431
  creating $macc cell for $flatten\lanes[5].decoder.$add$/home/rishabh/HPCA2/mosaic_delta_phase1/rtl/xorflow_decoder_pipelined.sv:31$81: $auto$alumacc.cc:365:replace_macc$432
  creating $macc cell for $flatten\lanes[9].decoder.$add$/home/rishabh/HPCA2/mosaic_delta_phase1/rtl/xorflow_decoder_pipelined.sv:31$57: $auto$alumacc.cc:365:replace_macc$433
  creating $macc cell for $flatten\lanes[5].decoder.$add$/home/rishabh/HPCA2/mosaic_delta_phase1/rtl/xorflow_decoder_pipelined.sv:31$69: $auto$alumacc.cc:365:replace_macc$434
  creating $macc cell for $flatten\lanes[6].decoder.$add$/home/rishabh/HPCA2/mosaic_delta_phase1/rtl/xorflow_decoder_pipelined.sv:31$57: $auto$alumacc.cc:365:replace_macc$435
  creating $macc cell for $flatten\lanes[14].decoder.$add$/home/rishabh/HPCA2/mosaic_delta_phase1/rtl/xorflow_decoder_pipelined.sv:31$93: $auto$alumacc.cc:365:replace_macc$436
  creating $macc cell for $flatten\lanes[22].decoder.$add$/home/rishabh/HPCA2/mosaic_delta_phase1/rtl/xorflow_decoder_pipelined.sv:31$69: $auto$alumacc.cc:365:replace_macc$437
  creating $macc cell for $flatten\lanes[3].decoder.$add$/home/rishabh/HPCA2/mosaic_delta_phase1/rtl/xorflow_decoder_pipelined.sv:31$57: $auto$alumacc.cc:365:replace_macc$438
  creating $macc cell for $flatten\lanes[3].decoder.$add$/home/rishabh/HPCA2/mosaic_delta_phase1/rtl/xorflow_decoder_pipelined.sv:31$69: $auto$alumacc.cc:365:replace_macc$439
  creating $macc cell for $flatten\lanes[3].decoder.$add$/home/rishabh/HPCA2/mosaic_delta_phase1/rtl/xorflow_decoder_pipelined.sv:31$81: $auto$alumacc.cc:365:replace_macc$440
  creating $macc cell for $flatten\lanes[14].decoder.$add$/home/rishabh/HPCA2/mosaic_delta_phase1/rtl/xorflow_decoder_pipelined.sv:31$81: $auto$alumacc.cc:365:replace_macc$441
  creating $macc cell for $flatten\lanes[3].decoder.$add$/home/rishabh/HPCA2/mosaic_delta_phase1/rtl/xorflow_decoder_pipelined.sv:31$93: $auto$alumacc.cc:365:replace_macc$442
  creating $macc cell for $flatten\lanes[14].decoder.$add$/home/rishabh/HPCA2/mosaic_delta_phase1/rtl/xorflow_decoder_pipelined.sv:31$69: $auto$alumacc.cc:365:replace_macc$443
  creating $macc cell for $flatten\lanes[14].decoder.$add$/home/rishabh/HPCA2/mosaic_delta_phase1/rtl/xorflow_decoder_pipelined.sv:31$57: $auto$alumacc.cc:365:replace_macc$444
  creating $macc cell for $flatten\lanes[17].decoder.$add$/home/rishabh/HPCA2/mosaic_delta_phase1/rtl/xorflow_decoder_pipelined.sv:31$93: $auto$alumacc.cc:365:replace_macc$445
  creating $macc cell for $flatten\lanes[19].decoder.$add$/home/rishabh/HPCA2/mosaic_delta_phase1/rtl/xorflow_decoder_pipelined.sv:31$81: $auto$alumacc.cc:365:replace_macc$446
  creating $macc cell for $flatten\lanes[0].decoder.$add$/home/rishabh/HPCA2/mosaic_delta_phase1/rtl/xorflow_decoder_pipelined.sv:31$93: $auto$alumacc.cc:365:replace_macc$447
  creating $macc cell for $flatten\lanes[17].decoder.$add$/home/rishabh/HPCA2/mosaic_delta_phase1/rtl/xorflow_decoder_pipelined.sv:31$81: $auto$alumacc.cc:365:replace_macc$448
  creating $macc cell for $flatten\lanes[0].decoder.$add$/home/rishabh/HPCA2/mosaic_delta_phase1/rtl/xorflow_decoder_pipelined.sv:31$81: $auto$alumacc.cc:365:replace_macc$449
  creating $macc cell for $flatten\lanes[0].decoder.$add$/home/rishabh/HPCA2/mosaic_delta_phase1/rtl/xorflow_decoder_pipelined.sv:31$69: $auto$alumacc.cc:365:replace_macc$450
  creating $macc cell for $flatten\lanes[0].decoder.$add$/home/rishabh/HPCA2/mosaic_delta_phase1/rtl/xorflow_decoder_pipelined.sv:31$57: $auto$alumacc.cc:365:replace_macc$451
  creating $macc cell for $flatten\lanes[17].decoder.$add$/home/rishabh/HPCA2/mosaic_delta_phase1/rtl/xorflow_decoder_pipelined.sv:31$69: $auto$alumacc.cc:365:replace_macc$452
  creating $macc cell for $flatten\lanes[17].decoder.$add$/home/rishabh/HPCA2/mosaic_delta_phase1/rtl/xorflow_decoder_pipelined.sv:31$57: $auto$alumacc.cc:365:replace_macc$453
  creating $macc cell for $flatten\lanes[19].decoder.$add$/home/rishabh/HPCA2/mosaic_delta_phase1/rtl/xorflow_decoder_pipelined.sv:31$69: $auto$alumacc.cc:365:replace_macc$454
  creating $macc cell for $flatten\lanes[9].decoder.$add$/home/rishabh/HPCA2/mosaic_delta_phase1/rtl/xorflow_decoder_pipelined.sv:31$69: $auto$alumacc.cc:365:replace_macc$455
  creating $macc cell for $flatten\lanes[9].decoder.$add$/home/rishabh/HPCA2/mosaic_delta_phase1/rtl/xorflow_decoder_pipelined.sv:31$81: $auto$alumacc.cc:365:replace_macc$456
  creating $macc cell for $flatten\lanes[27].decoder.$add$/home/rishabh/HPCA2/mosaic_delta_phase1/rtl/xorflow_decoder_pipelined.sv:31$57: $auto$alumacc.cc:365:replace_macc$457
  creating $macc cell for $flatten\lanes[9].decoder.$add$/home/rishabh/HPCA2/mosaic_delta_phase1/rtl/xorflow_decoder_pipelined.sv:31$93: $auto$alumacc.cc:365:replace_macc$458
  creating $macc cell for $flatten\lanes[27].decoder.$add$/home/rishabh/HPCA2/mosaic_delta_phase1/rtl/xorflow_decoder_pipelined.sv:31$69: $auto$alumacc.cc:365:replace_macc$459
  creating $macc cell for $flatten\lanes[27].decoder.$add$/home/rishabh/HPCA2/mosaic_delta_phase1/rtl/xorflow_decoder_pipelined.sv:31$81: $auto$alumacc.cc:365:replace_macc$460
  creating $macc cell for $flatten\lanes[19].decoder.$add$/home/rishabh/HPCA2/mosaic_delta_phase1/rtl/xorflow_decoder_pipelined.sv:31$57: $auto$alumacc.cc:365:replace_macc$461
  creating $macc cell for $flatten\lanes[27].decoder.$add$/home/rishabh/HPCA2/mosaic_delta_phase1/rtl/xorflow_decoder_pipelined.sv:31$93: $auto$alumacc.cc:365:replace_macc$462
  creating $macc cell for $flatten\lanes[5].decoder.$add$/home/rishabh/HPCA2/mosaic_delta_phase1/rtl/xorflow_decoder_pipelined.sv:31$57: $auto$alumacc.cc:365:replace_macc$463
  creating $macc cell for $flatten\lanes[24].decoder.$add$/home/rishabh/HPCA2/mosaic_delta_phase1/rtl/xorflow_decoder_pipelined.sv:31$93: $auto$alumacc.cc:365:replace_macc$464
  creating $macc cell for $flatten\lanes[22].decoder.$add$/home/rishabh/HPCA2/mosaic_delta_phase1/rtl/xorflow_decoder_pipelined.sv:31$93: $auto$alumacc.cc:365:replace_macc$465
  creating $macc cell for $flatten\lanes[23].decoder.$add$/home/rishabh/HPCA2/mosaic_delta_phase1/rtl/xorflow_decoder_pipelined.sv:31$57: $auto$alumacc.cc:365:replace_macc$466
  creating $macc cell for $flatten\lanes[23].decoder.$add$/home/rishabh/HPCA2/mosaic_delta_phase1/rtl/xorflow_decoder_pipelined.sv:31$69: $auto$alumacc.cc:365:replace_macc$467
  creating $macc cell for $flatten\lanes[7].decoder.$add$/home/rishabh/HPCA2/mosaic_delta_phase1/rtl/xorflow_decoder_pipelined.sv:31$57: $auto$alumacc.cc:365:replace_macc$468
  creating $macc cell for $flatten\lanes[20].decoder.$add$/home/rishabh/HPCA2/mosaic_delta_phase1/rtl/xorflow_decoder_pipelined.sv:31$93: $auto$alumacc.cc:365:replace_macc$469
  creating $macc cell for $flatten\lanes[4].decoder.$add$/home/rishabh/HPCA2/mosaic_delta_phase1/rtl/xorflow_decoder_pipelined.sv:31$57: $auto$alumacc.cc:365:replace_macc$470
  creating $macc cell for $flatten\lanes[4].decoder.$add$/home/rishabh/HPCA2/mosaic_delta_phase1/rtl/xorflow_decoder_pipelined.sv:31$69: $auto$alumacc.cc:365:replace_macc$471
  creating $alu model for $flatten\lanes[0].decoder.$lt$/home/rishabh/HPCA2/mosaic_delta_phase1/rtl/xorflow_decoder_pipelined.sv:33$12 ($lt): new $alu
  creating $alu model for $flatten\lanes[0].decoder.$lt$/home/rishabh/HPCA2/mosaic_delta_phase1/rtl/xorflow_decoder_pipelined.sv:33$24 ($lt): new $alu
  creating $alu model for $flatten\lanes[0].decoder.$lt$/home/rishabh/HPCA2/mosaic_delta_phase1/rtl/xorflow_decoder_pipelined.sv:33$36 ($lt): new $alu
  creating $alu model for $flatten\lanes[0].decoder.$lt$/home/rishabh/HPCA2/mosaic_delta_phase1/rtl/xorflow_decoder_pipelined.sv:33$48 ($lt): new $alu
  creating $alu model for $flatten\lanes[0].decoder.$lt$/home/rishabh/HPCA2/mosaic_delta_phase1/rtl/xorflow_decoder_pipelined.sv:33$63 ($lt): new $alu
  creating $alu model for $flatten\lanes[0].decoder.$lt$/home/rishabh/HPCA2/mosaic_delta_phase1/rtl/xorflow_decoder_pipelined.sv:33$75 ($lt): new $alu
  creating $alu model for $flatten\lanes[0].decoder.$lt$/home/rishabh/HPCA2/mosaic_delta_phase1/rtl/xorflow_decoder_pipelined.sv:33$87 ($lt): new $alu
  creating $alu model for $flatten\lanes[0].decoder.$lt$/home/rishabh/HPCA2/mosaic_delta_phase1/rtl/xorflow_decoder_pipelined.sv:33$99 ($lt): new $alu
  creating $alu model for $flatten\lanes[10].decoder.$lt$/home/rishabh/HPCA2/mosaic_delta_phase1/rtl/xorflow_decoder_pipelined.sv:33$12 ($lt): new $alu
  creating $alu model for $flatten\lanes[10].decoder.$lt$/home/rishabh/HPCA2/mosaic_delta_phase1/rtl/xorflow_decoder_pipelined.sv:33$24 ($lt): new $alu
  creating $alu model for $flatten\lanes[10].decoder.$lt$/home/rishabh/HPCA2/mosaic_delta_phase1/rtl/xorflow_decoder_pipelined.sv:33$36 ($lt): new $alu
  creating $alu model for $flatten\lanes[10].decoder.$lt$/home/rishabh/HPCA2/mosaic_delta_phase1/rtl/xorflow_decoder_pipelined.sv:33$48 ($lt): new $alu
  creating $alu model for $flatten\lanes[10].decoder.$lt$/home/rishabh/HPCA2/mosaic_delta_phase1/rtl/xorflow_decoder_pipelined.sv:33$63 ($lt): new $alu
  creating $alu model for $flatten\lanes[10].decoder.$lt$/home/rishabh/HPCA2/mosaic_delta_phase1/rtl/xorflow_decoder_pipelined.sv:33$75 ($lt): new $alu
  creating $alu model for $flatten\lanes[10].decoder.$lt$/home/rishabh/HPCA2/mosaic_delta_phase1/rtl/xorflow_decoder_pipelined.sv:33$87 ($lt): new $alu
  creating $alu model for $flatten\lanes[10].decoder.$lt$/home/rishabh/HPCA2/mosaic_delta_phase1/rtl/xorflow_decoder_pipelined.sv:33$99 ($lt): new $alu
  creating $alu model for $flatten\lanes[11].decoder.$lt$/home/rishabh/HPCA2/mosaic_delta_phase1/rtl/xorflow_decoder_pipelined.sv:33$12 ($lt): new $alu
  creating $alu model for $flatten\lanes[11].decoder.$lt$/home/rishabh/HPCA2/mosaic_delta_phase1/rtl/xorflow_decoder_pipelined.sv:33$24 ($lt): new $alu
  creating $alu model for $flatten\lanes[11].decoder.$lt$/home/rishabh/HPCA2/mosaic_delta_phase1/rtl/xorflow_decoder_pipelined.sv:33$36 ($lt): new $alu
  creating $alu model for $flatten\lanes[11].decoder.$lt$/home/rishabh/HPCA2/mosaic_delta_phase1/rtl/xorflow_decoder_pipelined.sv:33$48 ($lt): new $alu
  creating $alu model for $flatten\lanes[11].decoder.$lt$/home/rishabh/HPCA2/mosaic_delta_phase1/rtl/xorflow_decoder_pipelined.sv:33$63 ($lt): new $alu
  creating $alu model for $flatten\lanes[11].decoder.$lt$/home/rishabh/HPCA2/mosaic_delta_phase1/rtl/xorflow_decoder_pipelined.sv:33$75 ($lt): new $alu
  creating $alu model for $flatten\lanes[11].decoder.$lt$/home/rishabh/HPCA2/mosaic_delta_phase1/rtl/xorflow_decoder_pipelined.sv:33$87 ($lt): new $alu
  creating $alu model for $flatten\lanes[11].decoder.$lt$/home/rishabh/HPCA2/mosaic_delta_phase1/rtl/xorflow_decoder_pipelined.sv:33$99 ($lt): new $alu
  creating $alu model for $flatten\lanes[12].decoder.$lt$/home/rishabh/HPCA2/mosaic_delta_phase1/rtl/xorflow_decoder_pipelined.sv:33$12 ($lt): new $alu
  creating $alu model for $flatten\lanes[12].decoder.$lt$/home/rishabh/HPCA2/mosaic_delta_phase1/rtl/xorflow_decoder_pipelined.sv:33$24 ($lt): new $alu
  creating $alu model for $flatten\lanes[12].decoder.$lt$/home/rishabh/HPCA2/mosaic_delta_phase1/rtl/xorflow_decoder_pipelined.sv:33$36 ($lt): new $alu
  creating $alu model for $flatten\lanes[12].decoder.$lt$/home/rishabh/HPCA2/mosaic_delta_phase1/rtl/xorflow_decoder_pipelined.sv:33$48 ($lt): new $alu
  creating $alu model for $flatten\lanes[12].decoder.$lt$/home/rishabh/HPCA2/mosaic_delta_phase1/rtl/xorflow_decoder_pipelined.sv:33$63 ($lt): new $alu
  creating $alu model for $flatten\lanes[12].decoder.$lt$/home/rishabh/HPCA2/mosaic_delta_phase1/rtl/xorflow_decoder_pipelined.sv:33$75 ($lt): new $alu
  creating $alu model for $flatten\lanes[12].decoder.$lt$/home/rishabh/HPCA2/mosaic_delta_phase1/rtl/xorflow_decoder_pipelined.sv:33$87 ($lt): new $alu
  creating $alu model for $flatten\lanes[12].decoder.$lt$/home/rishabh/HPCA2/mosaic_delta_phase1/rtl/xorflow_decoder_pipelined.sv:33$99 ($lt): new $alu
  creating $alu model for $flatten\lanes[13].decoder.$lt$/home/rishabh/HPCA2/mosaic_delta_phase1/rtl/xorflow_decoder_pipelined.sv:33$12 ($lt): new $alu
  creating $alu model for $flatten\lanes[13].decoder.$lt$/home/rishabh/HPCA2/mosaic_delta_phase1/rtl/xorflow_decoder_pipelined.sv:33$24 ($lt): new $alu
  creating $alu model for $flatten\lanes[13].decoder.$lt$/home/rishabh/HPCA2/mosaic_delta_phase1/rtl/xorflow_decoder_pipelined.sv:33$36 ($lt): new $alu
  creating $alu model for $flatten\lanes[13].decoder.$lt$/home/rishabh/HPCA2/mosaic_delta_phase1/rtl/xorflow_decoder_pipelined.sv:33$48 ($lt): new $alu
  creating $alu model for $flatten\lanes[13].decoder.$lt$/home/rishabh/HPCA2/mosaic_delta_phase1/rtl/xorflow_decoder_pipelined.sv:33$63 ($lt): new $alu
  creating $alu model for $flatten\lanes[13].decoder.$lt$/home/rishabh/HPCA2/mosaic_delta_phase1/rtl/xorflow_decoder_pipelined.sv:33$75 ($lt): new $alu
  creating $alu model for $flatten\lanes[13].decoder.$lt$/home/rishabh/HPCA2/mosaic_delta_phase1/rtl/xorflow_decoder_pipelined.sv:33$87 ($lt): new $alu
  creating $alu model for $flatten\lanes[13].decoder.$lt$/home/rishabh/HPCA2/mosaic_delta_phase1/rtl/xorflow_decoder_pipelined.sv:33$99 ($lt): new $alu
  creating $alu model for $flatten\lanes[14].decoder.$lt$/home/rishabh/HPCA2/mosaic_delta_phase1/rtl/xorflow_decoder_pipelined.sv:33$12 ($lt): new $alu
  creating $alu model for $flatten\lanes[14].decoder.$lt$/home/rishabh/HPCA2/mosaic_delta_phase1/rtl/xorflow_decoder_pipelined.sv:33$24 ($lt): new $alu
  creating $alu model for $flatten\lanes[14].decoder.$lt$/home/rishabh/HPCA2/mosaic_delta_phase1/rtl/xorflow_decoder_pipelined.sv:33$36 ($lt): new $alu
  creating $alu model for $flatten\lanes[14].decoder.$lt$/home/rishabh/HPCA2/mosaic_delta_phase1/rtl/xorflow_decoder_pipelined.sv:33$48 ($lt): new $alu
  creating $alu model for $flatten\lanes[14].decoder.$lt$/home/rishabh/HPCA2/mosaic_delta_phase1/rtl/xorflow_decoder_pipelined.sv:33$63 ($lt): new $alu
  creating $alu model for $flatten\lanes[14].decoder.$lt$/home/rishabh/HPCA2/mosaic_delta_phase1/rtl/xorflow_decoder_pipelined.sv:33$75 ($lt): new $alu
  creating $alu model for $flatten\lanes[14].decoder.$lt$/home/rishabh/HPCA2/mosaic_delta_phase1/rtl/xorflow_decoder_pipelined.sv:33$87 ($lt): new $alu
  creating $alu model for $flatten\lanes[14].decoder.$lt$/home/rishabh/HPCA2/mosaic_delta_phase1/rtl/xorflow_decoder_pipelined.sv:33$99 ($lt): new $alu
  creating $alu model for $flatten\lanes[15].decoder.$lt$/home/rishabh/HPCA2/mosaic_delta_phase1/rtl/xorflow_decoder_pipelined.sv:33$12 ($lt): new $alu
  creating $alu model for $flatten\lanes[15].decoder.$lt$/home/rishabh/HPCA2/mosaic_delta_phase1/rtl/xorflow_decoder_pipelined.sv:33$24 ($lt): new $alu
  creating $alu model for $flatten\lanes[15].decoder.$lt$/home/rishabh/HPCA2/mosaic_delta_phase1/rtl/xorflow_decoder_pipelined.sv:33$36 ($lt): new $alu
  creating $alu model for $flatten\lanes[15].decoder.$lt$/home/rishabh/HPCA2/mosaic_delta_phase1/rtl/xorflow_decoder_pipelined.sv:33$48 ($lt): new $alu
  creating $alu model for $flatten\lanes[15].decoder.$lt$/home/rishabh/HPCA2/mosaic_delta_phase1/rtl/xorflow_decoder_pipelined.sv:33$63 ($lt): new $alu
  creating $alu model for $flatten\lanes[15].decoder.$lt$/home/rishabh/HPCA2/mosaic_delta_phase1/rtl/xorflow_decoder_pipelined.sv:33$75 ($lt): new $alu
  creating $alu model for $flatten\lanes[15].decoder.$lt$/home/rishabh/HPCA2/mosaic_delta_phase1/rtl/xorflow_decoder_pipelined.sv:33$87 ($lt): new $alu
  creating $alu model for $flatten\lanes[15].decoder.$lt$/home/rishabh/HPCA2/mosaic_delta_phase1/rtl/xorflow_decoder_pipelined.sv:33$99 ($lt): new $alu
  creating $alu model for $flatten\lanes[16].decoder.$lt$/home/rishabh/HPCA2/mosaic_delta_phase1/rtl/xorflow_decoder_pipelined.sv:33$12 ($lt): new $alu
  creating $alu model for $flatten\lanes[16].decoder.$lt$/home/rishabh/HPCA2/mosaic_delta_phase1/rtl/xorflow_decoder_pipelined.sv:33$24 ($lt): new $alu
  creating $alu model for $flatten\lanes[16].decoder.$lt$/home/rishabh/HPCA2/mosaic_delta_phase1/rtl/xorflow_decoder_pipelined.sv:33$36 ($lt): new $alu
  creating $alu model for $flatten\lanes[16].decoder.$lt$/home/rishabh/HPCA2/mosaic_delta_phase1/rtl/xorflow_decoder_pipelined.sv:33$48 ($lt): new $alu
  creating $alu model for $flatten\lanes[16].decoder.$lt$/home/rishabh/HPCA2/mosaic_delta_phase1/rtl/xorflow_decoder_pipelined.sv:33$63 ($lt): new $alu
  creating $alu model for $flatten\lanes[16].decoder.$lt$/home/rishabh/HPCA2/mosaic_delta_phase1/rtl/xorflow_decoder_pipelined.sv:33$75 ($lt): new $alu
  creating $alu model for $flatten\lanes[16].decoder.$lt$/home/rishabh/HPCA2/mosaic_delta_phase1/rtl/xorflow_decoder_pipelined.sv:33$87 ($lt): new $alu
  creating $alu model for $flatten\lanes[16].decoder.$lt$/home/rishabh/HPCA2/mosaic_delta_phase1/rtl/xorflow_decoder_pipelined.sv:33$99 ($lt): new $alu
  creating $alu model for $flatten\lanes[17].decoder.$lt$/home/rishabh/HPCA2/mosaic_delta_phase1/rtl/xorflow_decoder_pipelined.sv:33$12 ($lt): new $alu
  creating $alu model for $flatten\lanes[17].decoder.$lt$/home/rishabh/HPCA2/mosaic_delta_phase1/rtl/xorflow_decoder_pipelined.sv:33$24 ($lt): new $alu
  creating $alu model for $flatten\lanes[17].decoder.$lt$/home/rishabh/HPCA2/mosaic_delta_phase1/rtl/xorflow_decoder_pipelined.sv:33$36 ($lt): new $alu
  creating $alu model for $flatten\lanes[17].decoder.$lt$/home/rishabh/HPCA2/mosaic_delta_phase1/rtl/xorflow_decoder_pipelined.sv:33$48 ($lt): new $alu
  creating $alu model for $flatten\lanes[17].decoder.$lt$/home/rishabh/HPCA2/mosaic_delta_phase1/rtl/xorflow_decoder_pipelined.sv:33$63 ($lt): new $alu
  creating $alu model for $flatten\lanes[17].decoder.$lt$/home/rishabh/HPCA2/mosaic_delta_phase1/rtl/xorflow_decoder_pipelined.sv:33$75 ($lt): new $alu
  creating $alu model for $flatten\lanes[17].decoder.$lt$/home/rishabh/HPCA2/mosaic_delta_phase1/rtl/xorflow_decoder_pipelined.sv:33$87 ($lt): new $alu
  creating $alu model for $flatten\lanes[17].decoder.$lt$/home/rishabh/HPCA2/mosaic_delta_phase1/rtl/xorflow_decoder_pipelined.sv:33$99 ($lt): new $alu
  creating $alu model for $flatten\lanes[18].decoder.$lt$/home/rishabh/HPCA2/mosaic_delta_phase1/rtl/xorflow_decoder_pipelined.sv:33$12 ($lt): new $alu
  creating $alu model for $flatten\lanes[18].decoder.$lt$/home/rishabh/HPCA2/mosaic_delta_phase1/rtl/xorflow_decoder_pipelined.sv:33$24 ($lt): new $alu
  creating $alu model for $flatten\lanes[18].decoder.$lt$/home/rishabh/HPCA2/mosaic_delta_phase1/rtl/xorflow_decoder_pipelined.sv:33$36 ($lt): new $alu
  creating $alu model for $flatten\lanes[18].decoder.$lt$/home/rishabh/HPCA2/mosaic_delta_phase1/rtl/xorflow_decoder_pipelined.sv:33$48 ($lt): new $alu
  creating $alu model for $flatten\lanes[18].decoder.$lt$/home/rishabh/HPCA2/mosaic_delta_phase1/rtl/xorflow_decoder_pipelined.sv:33$63 ($lt): new $alu
  creating $alu model for $flatten\lanes[18].decoder.$lt$/home/rishabh/HPCA2/mosaic_delta_phase1/rtl/xorflow_decoder_pipelined.sv:33$75 ($lt): new $alu
  creating $alu model for $flatten\lanes[18].decoder.$lt$/home/rishabh/HPCA2/mosaic_delta_phase1/rtl/xorflow_decoder_pipelined.sv:33$87 ($lt): new $alu
  creating $alu model for $flatten\lanes[18].decoder.$lt$/home/rishabh/HPCA2/mosaic_delta_phase1/rtl/xorflow_decoder_pipelined.sv:33$99 ($lt): new $alu
  creating $alu model for $flatten\lanes[19].decoder.$lt$/home/rishabh/HPCA2/mosaic_delta_phase1/rtl/xorflow_decoder_pipelined.sv:33$12 ($lt): new $alu
  creating $alu model for $flatten\lanes[19].decoder.$lt$/home/rishabh/HPCA2/mosaic_delta_phase1/rtl/xorflow_decoder_pipelined.sv:33$24 ($lt): new $alu
  creating $alu model for $flatten\lanes[19].decoder.$lt$/home/rishabh/HPCA2/mosaic_delta_phase1/rtl/xorflow_decoder_pipelined.sv:33$36 ($lt): new $alu
  creating $alu model for $flatten\lanes[19].decoder.$lt$/home/rishabh/HPCA2/mosaic_delta_phase1/rtl/xorflow_decoder_pipelined.sv:33$48 ($lt): new $alu
  creating $alu model for $flatten\lanes[19].decoder.$lt$/home/rishabh/HPCA2/mosaic_delta_phase1/rtl/xorflow_decoder_pipelined.sv:33$63 ($lt): new $alu
  creating $alu model for $flatten\lanes[19].decoder.$lt$/home/rishabh/HPCA2/mosaic_delta_phase1/rtl/xorflow_decoder_pipelined.sv:33$75 ($lt): new $alu
  creating $alu model for $flatten\lanes[19].decoder.$lt$/home/rishabh/HPCA2/mosaic_delta_phase1/rtl/xorflow_decoder_pipelined.sv:33$87 ($lt): new $alu
  creating $alu model for $flatten\lanes[19].decoder.$lt$/home/rishabh/HPCA2/mosaic_delta_phase1/rtl/xorflow_decoder_pipelined.sv:33$99 ($lt): new $alu
  creating $alu model for $flatten\lanes[1].decoder.$lt$/home/rishabh/HPCA2/mosaic_delta_phase1/rtl/xorflow_decoder_pipelined.sv:33$12 ($lt): new $alu
  creating $alu model for $flatten\lanes[1].decoder.$lt$/home/rishabh/HPCA2/mosaic_delta_phase1/rtl/xorflow_decoder_pipelined.sv:33$24 ($lt): new $alu
  creating $alu model for $flatten\lanes[1].decoder.$lt$/home/rishabh/HPCA2/mosaic_delta_phase1/rtl/xorflow_decoder_pipelined.sv:33$36 ($lt): new $alu
  creating $alu model for $flatten\lanes[1].decoder.$lt$/home/rishabh/HPCA2/mosaic_delta_phase1/rtl/xorflow_decoder_pipelined.sv:33$48 ($lt): new $alu
  creating $alu model for $flatten\lanes[1].decoder.$lt$/home/rishabh/HPCA2/mosaic_delta_phase1/rtl/xorflow_decoder_pipelined.sv:33$63 ($lt): new $alu
  creating $alu model for $flatten\lanes[1].decoder.$lt$/home/rishabh/HPCA2/mosaic_delta_phase1/rtl/xorflow_decoder_pipelined.sv:33$75 ($lt): new $alu
  creating $alu model for $flatten\lanes[1].decoder.$lt$/home/rishabh/HPCA2/mosaic_delta_phase1/rtl/xorflow_decoder_pipelined.sv:33$87 ($lt): new $alu
  creating $alu model for $flatten\lanes[1].decoder.$lt$/home/rishabh/HPCA2/mosaic_delta_phase1/rtl/xorflow_decoder_pipelined.sv:33$99 ($lt): new $alu
  creating $alu model for $flatten\lanes[20].decoder.$lt$/home/rishabh/HPCA2/mosaic_delta_phase1/rtl/xorflow_decoder_pipelined.sv:33$12 ($lt): new $alu
  creating $alu model for $flatten\lanes[20].decoder.$lt$/home/rishabh/HPCA2/mosaic_delta_phase1/rtl/xorflow_decoder_pipelined.sv:33$24 ($lt): new $alu
  creating $alu model for $flatten\lanes[20].decoder.$lt$/home/rishabh/HPCA2/mosaic_delta_phase1/rtl/xorflow_decoder_pipelined.sv:33$36 ($lt): new $alu
  creating $alu model for $flatten\lanes[20].decoder.$lt$/home/rishabh/HPCA2/mosaic_delta_phase1/rtl/xorflow_decoder_pipelined.sv:33$48 ($lt): new $alu
  creating $alu model for $flatten\lanes[20].decoder.$lt$/home/rishabh/HPCA2/mosaic_delta_phase1/rtl/xorflow_decoder_pipelined.sv:33$63 ($lt): new $alu
  creating $alu model for $flatten\lanes[20].decoder.$lt$/home/rishabh/HPCA2/mosaic_delta_phase1/rtl/xorflow_decoder_pipelined.sv:33$75 ($lt): new $alu
  creating $alu model for $flatten\lanes[20].decoder.$lt$/home/rishabh/HPCA2/mosaic_delta_phase1/rtl/xorflow_decoder_pipelined.sv:33$87 ($lt): new $alu
  creating $alu model for $flatten\lanes[20].decoder.$lt$/home/rishabh/HPCA2/mosaic_delta_phase1/rtl/xorflow_decoder_pipelined.sv:33$99 ($lt): new $alu
  creating $alu model for $flatten\lanes[21].decoder.$lt$/home/rishabh/HPCA2/mosaic_delta_phase1/rtl/xorflow_decoder_pipelined.sv:33$12 ($lt): new $alu
  creating $alu model for $flatten\lanes[21].decoder.$lt$/home/rishabh/HPCA2/mosaic_delta_phase1/rtl/xorflow_decoder_pipelined.sv:33$24 ($lt): new $alu
  creating $alu model for $flatten\lanes[21].decoder.$lt$/home/rishabh/HPCA2/mosaic_delta_phase1/rtl/xorflow_decoder_pipelined.sv:33$36 ($lt): new $alu
  creating $alu model for $flatten\lanes[21].decoder.$lt$/home/rishabh/HPCA2/mosaic_delta_phase1/rtl/xorflow_decoder_pipelined.sv:33$48 ($lt): new $alu
  creating $alu model for $flatten\lanes[21].decoder.$lt$/home/rishabh/HPCA2/mosaic_delta_phase1/rtl/xorflow_decoder_pipelined.sv:33$63 ($lt): new $alu
  creating $alu model for $flatten\lanes[21].decoder.$lt$/home/rishabh/HPCA2/mosaic_delta_phase1/rtl/xorflow_decoder_pipelined.sv:33$75 ($lt): new $alu
  creating $alu model for $flatten\lanes[21].decoder.$lt$/home/rishabh/HPCA2/mosaic_delta_phase1/rtl/xorflow_decoder_pipelined.sv:33$87 ($lt): new $alu
  creating $alu model for $flatten\lanes[21].decoder.$lt$/home/rishabh/HPCA2/mosaic_delta_phase1/rtl/xorflow_decoder_pipelined.sv:33$99 ($lt): new $alu
  creating $alu model for $flatten\lanes[22].decoder.$lt$/home/rishabh/HPCA2/mosaic_delta_phase1/rtl/xorflow_decoder_pipelined.sv:33$12 ($lt): new $alu
  creating $alu model for $flatten\lanes[22].decoder.$lt$/home/rishabh/HPCA2/mosaic_delta_phase1/rtl/xorflow_decoder_pipelined.sv:33$24 ($lt): new $alu
  creating $alu model for $flatten\lanes[22].decoder.$lt$/home/rishabh/HPCA2/mosaic_delta_phase1/rtl/xorflow_decoder_pipelined.sv:33$36 ($lt): new $alu
  creating $alu model for $flatten\lanes[22].decoder.$lt$/home/rishabh/HPCA2/mosaic_delta_phase1/rtl/xorflow_decoder_pipelined.sv:33$48 ($lt): new $alu
  creating $alu model for $flatten\lanes[22].decoder.$lt$/home/rishabh/HPCA2/mosaic_delta_phase1/rtl/xorflow_decoder_pipelined.sv:33$63 ($lt): new $alu
  creating $alu model for $flatten\lanes[22].decoder.$lt$/home/rishabh/HPCA2/mosaic_delta_phase1/rtl/xorflow_decoder_pipelined.sv:33$75 ($lt): new $alu
  creating $alu model for $flatten\lanes[22].decoder.$lt$/home/rishabh/HPCA2/mosaic_delta_phase1/rtl/xorflow_decoder_pipelined.sv:33$87 ($lt): new $alu
  creating $alu model for $flatten\lanes[22].decoder.$lt$/home/rishabh/HPCA2/mosaic_delta_phase1/rtl/xorflow_decoder_pipelined.sv:33$99 ($lt): new $alu
  creating $alu model for $flatten\lanes[23].decoder.$lt$/home/rishabh/HPCA2/mosaic_delta_phase1/rtl/xorflow_decoder_pipelined.sv:33$12 ($lt): new $alu
  creating $alu model for $flatten\lanes[23].decoder.$lt$/home/rishabh/HPCA2/mosaic_delta_phase1/rtl/xorflow_decoder_pipelined.sv:33$24 ($lt): new $alu
  creating $alu model for $flatten\lanes[23].decoder.$lt$/home/rishabh/HPCA2/mosaic_delta_phase1/rtl/xorflow_decoder_pipelined.sv:33$36 ($lt): new $alu
  creating $alu model for $flatten\lanes[23].decoder.$lt$/home/rishabh/HPCA2/mosaic_delta_phase1/rtl/xorflow_decoder_pipelined.sv:33$48 ($lt): new $alu
  creating $alu model for $flatten\lanes[23].decoder.$lt$/home/rishabh/HPCA2/mosaic_delta_phase1/rtl/xorflow_decoder_pipelined.sv:33$63 ($lt): new $alu
  creating $alu model for $flatten\lanes[23].decoder.$lt$/home/rishabh/HPCA2/mosaic_delta_phase1/rtl/xorflow_decoder_pipelined.sv:33$75 ($lt): new $alu
  creating $alu model for $flatten\lanes[23].decoder.$lt$/home/rishabh/HPCA2/mosaic_delta_phase1/rtl/xorflow_decoder_pipelined.sv:33$87 ($lt): new $alu
  creating $alu model for $flatten\lanes[23].decoder.$lt$/home/rishabh/HPCA2/mosaic_delta_phase1/rtl/xorflow_decoder_pipelined.sv:33$99 ($lt): new $alu
  creating $alu model for $flatten\lanes[24].decoder.$lt$/home/rishabh/HPCA2/mosaic_delta_phase1/rtl/xorflow_decoder_pipelined.sv:33$12 ($lt): new $alu
  creating $alu model for $flatten\lanes[24].decoder.$lt$/home/rishabh/HPCA2/mosaic_delta_phase1/rtl/xorflow_decoder_pipelined.sv:33$24 ($lt): new $alu
  creating $alu model for $flatten\lanes[24].decoder.$lt$/home/rishabh/HPCA2/mosaic_delta_phase1/rtl/xorflow_decoder_pipelined.sv:33$36 ($lt): new $alu
  creating $alu model for $flatten\lanes[24].decoder.$lt$/home/rishabh/HPCA2/mosaic_delta_phase1/rtl/xorflow_decoder_pipelined.sv:33$48 ($lt): new $alu
  creating $alu model for $flatten\lanes[24].decoder.$lt$/home/rishabh/HPCA2/mosaic_delta_phase1/rtl/xorflow_decoder_pipelined.sv:33$63 ($lt): new $alu
  creating $alu model for $flatten\lanes[24].decoder.$lt$/home/rishabh/HPCA2/mosaic_delta_phase1/rtl/xorflow_decoder_pipelined.sv:33$75 ($lt): new $alu
  creating $alu model for $flatten\lanes[24].decoder.$lt$/home/rishabh/HPCA2/mosaic_delta_phase1/rtl/xorflow_decoder_pipelined.sv:33$87 ($lt): new $alu
  creating $alu model for $flatten\lanes[24].decoder.$lt$/home/rishabh/HPCA2/mosaic_delta_phase1/rtl/xorflow_decoder_pipelined.sv:33$99 ($lt): new $alu
  creating $alu model for $flatten\lanes[25].decoder.$lt$/home/rishabh/HPCA2/mosaic_delta_phase1/rtl/xorflow_decoder_pipelined.sv:33$12 ($lt): new $alu
  creating $alu model for $flatten\lanes[25].decoder.$lt$/home/rishabh/HPCA2/mosaic_delta_phase1/rtl/xorflow_decoder_pipelined.sv:33$24 ($lt): new $alu
  creating $alu model for $flatten\lanes[25].decoder.$lt$/home/rishabh/HPCA2/mosaic_delta_phase1/rtl/xorflow_decoder_pipelined.sv:33$36 ($lt): new $alu
  creating $alu model for $flatten\lanes[25].decoder.$lt$/home/rishabh/HPCA2/mosaic_delta_phase1/rtl/xorflow_decoder_pipelined.sv:33$48 ($lt): new $alu
  creating $alu model for $flatten\lanes[25].decoder.$lt$/home/rishabh/HPCA2/mosaic_delta_phase1/rtl/xorflow_decoder_pipelined.sv:33$63 ($lt): new $alu
  creating $alu model for $flatten\lanes[25].decoder.$lt$/home/rishabh/HPCA2/mosaic_delta_phase1/rtl/xorflow_decoder_pipelined.sv:33$75 ($lt): new $alu
  creating $alu model for $flatten\lanes[25].decoder.$lt$/home/rishabh/HPCA2/mosaic_delta_phase1/rtl/xorflow_decoder_pipelined.sv:33$87 ($lt): new $alu
  creating $alu model for $flatten\lanes[25].decoder.$lt$/home/rishabh/HPCA2/mosaic_delta_phase1/rtl/xorflow_decoder_pipelined.sv:33$99 ($lt): new $alu
  creating $alu model for $flatten\lanes[26].decoder.$lt$/home/rishabh/HPCA2/mosaic_delta_phase1/rtl/xorflow_decoder_pipelined.sv:33$12 ($lt): new $alu
  creating $alu model for $flatten\lanes[26].decoder.$lt$/home/rishabh/HPCA2/mosaic_delta_phase1/rtl/xorflow_decoder_pipelined.sv:33$24 ($lt): new $alu
  creating $alu model for $flatten\lanes[26].decoder.$lt$/home/rishabh/HPCA2/mosaic_delta_phase1/rtl/xorflow_decoder_pipelined.sv:33$36 ($lt): new $alu
  creating $alu model for $flatten\lanes[26].decoder.$lt$/home/rishabh/HPCA2/mosaic_delta_phase1/rtl/xorflow_decoder_pipelined.sv:33$48 ($lt): new $alu
  creating $alu model for $flatten\lanes[26].decoder.$lt$/home/rishabh/HPCA2/mosaic_delta_phase1/rtl/xorflow_decoder_pipelined.sv:33$63 ($lt): new $alu
  creating $alu model for $flatten\lanes[26].decoder.$lt$/home/rishabh/HPCA2/mosaic_delta_phase1/rtl/xorflow_decoder_pipelined.sv:33$75 ($lt): new $alu
  creating $alu model for $flatten\lanes[26].decoder.$lt$/home/rishabh/HPCA2/mosaic_delta_phase1/rtl/xorflow_decoder_pipelined.sv:33$87 ($lt): new $alu
  creating $alu model for $flatten\lanes[26].decoder.$lt$/home/rishabh/HPCA2/mosaic_delta_phase1/rtl/xorflow_decoder_pipelined.sv:33$99 ($lt): new $alu
  creating $alu model for $flatten\lanes[27].decoder.$lt$/home/rishabh/HPCA2/mosaic_delta_phase1/rtl/xorflow_decoder_pipelined.sv:33$12 ($lt): new $alu
  creating $alu model for $flatten\lanes[27].decoder.$lt$/home/rishabh/HPCA2/mosaic_delta_phase1/rtl/xorflow_decoder_pipelined.sv:33$24 ($lt): new $alu
  creating $alu model for $flatten\lanes[27].decoder.$lt$/home/rishabh/HPCA2/mosaic_delta_phase1/rtl/xorflow_decoder_pipelined.sv:33$36 ($lt): new $alu
  creating $alu model for $flatten\lanes[27].decoder.$lt$/home/rishabh/HPCA2/mosaic_delta_phase1/rtl/xorflow_decoder_pipelined.sv:33$48 ($lt): new $alu
  creating $alu model for $flatten\lanes[27].decoder.$lt$/home/rishabh/HPCA2/mosaic_delta_phase1/rtl/xorflow_decoder_pipelined.sv:33$63 ($lt): new $alu
  creating $alu model for $flatten\lanes[27].decoder.$lt$/home/rishabh/HPCA2/mosaic_delta_phase1/rtl/xorflow_decoder_pipelined.sv:33$75 ($lt): new $alu
  creating $alu model for $flatten\lanes[27].decoder.$lt$/home/rishabh/HPCA2/mosaic_delta_phase1/rtl/xorflow_decoder_pipelined.sv:33$87 ($lt): new $alu
  creating $alu model for $flatten\lanes[27].decoder.$lt$/home/rishabh/HPCA2/mosaic_delta_phase1/rtl/xorflow_decoder_pipelined.sv:33$99 ($lt): new $alu
  creating $alu model for $flatten\lanes[28].decoder.$lt$/home/rishabh/HPCA2/mosaic_delta_phase1/rtl/xorflow_decoder_pipelined.sv:33$12 ($lt): new $alu
  creating $alu model for $flatten\lanes[28].decoder.$lt$/home/rishabh/HPCA2/mosaic_delta_phase1/rtl/xorflow_decoder_pipelined.sv:33$24 ($lt): new $alu
  creating $alu model for $flatten\lanes[28].decoder.$lt$/home/rishabh/HPCA2/mosaic_delta_phase1/rtl/xorflow_decoder_pipelined.sv:33$36 ($lt): new $alu
  creating $alu model for $flatten\lanes[28].decoder.$lt$/home/rishabh/HPCA2/mosaic_delta_phase1/rtl/xorflow_decoder_pipelined.sv:33$48 ($lt): new $alu
  creating $alu model for $flatten\lanes[28].decoder.$lt$/home/rishabh/HPCA2/mosaic_delta_phase1/rtl/xorflow_decoder_pipelined.sv:33$63 ($lt): new $alu
  creating $alu model for $flatten\lanes[28].decoder.$lt$/home/rishabh/HPCA2/mosaic_delta_phase1/rtl/xorflow_decoder_pipelined.sv:33$75 ($lt): new $alu
  creating $alu model for $flatten\lanes[28].decoder.$lt$/home/rishabh/HPCA2/mosaic_delta_phase1/rtl/xorflow_decoder_pipelined.sv:33$87 ($lt): new $alu
  creating $alu model for $flatten\lanes[28].decoder.$lt$/home/rishabh/HPCA2/mosaic_delta_phase1/rtl/xorflow_decoder_pipelined.sv:33$99 ($lt): new $alu
  creating $alu model for $flatten\lanes[29].decoder.$lt$/home/rishabh/HPCA2/mosaic_delta_phase1/rtl/xorflow_decoder_pipelined.sv:33$12 ($lt): new $alu
  creating $alu model for $flatten\lanes[29].decoder.$lt$/home/rishabh/HPCA2/mosaic_delta_phase1/rtl/xorflow_decoder_pipelined.sv:33$24 ($lt): new $alu
  creating $alu model for $flatten\lanes[29].decoder.$lt$/home/rishabh/HPCA2/mosaic_delta_phase1/rtl/xorflow_decoder_pipelined.sv:33$36 ($lt): new $alu
  creating $alu model for $flatten\lanes[29].decoder.$lt$/home/rishabh/HPCA2/mosaic_delta_phase1/rtl/xorflow_decoder_pipelined.sv:33$48 ($lt): new $alu
  creating $alu model for $flatten\lanes[29].decoder.$lt$/home/rishabh/HPCA2/mosaic_delta_phase1/rtl/xorflow_decoder_pipelined.sv:33$63 ($lt): new $alu
  creating $alu model for $flatten\lanes[29].decoder.$lt$/home/rishabh/HPCA2/mosaic_delta_phase1/rtl/xorflow_decoder_pipelined.sv:33$75 ($lt): new $alu
  creating $alu model for $flatten\lanes[29].decoder.$lt$/home/rishabh/HPCA2/mosaic_delta_phase1/rtl/xorflow_decoder_pipelined.sv:33$87 ($lt): new $alu
  creating $alu model for $flatten\lanes[29].decoder.$lt$/home/rishabh/HPCA2/mosaic_delta_phase1/rtl/xorflow_decoder_pipelined.sv:33$99 ($lt): new $alu
  creating $alu model for $flatten\lanes[2].decoder.$lt$/home/rishabh/HPCA2/mosaic_delta_phase1/rtl/xorflow_decoder_pipelined.sv:33$12 ($lt): new $alu
  creating $alu model for $flatten\lanes[2].decoder.$lt$/home/rishabh/HPCA2/mosaic_delta_phase1/rtl/xorflow_decoder_pipelined.sv:33$24 ($lt): new $alu
  creating $alu model for $flatten\lanes[2].decoder.$lt$/home/rishabh/HPCA2/mosaic_delta_phase1/rtl/xorflow_decoder_pipelined.sv:33$36 ($lt): new $alu
  creating $alu model for $flatten\lanes[2].decoder.$lt$/home/rishabh/HPCA2/mosaic_delta_phase1/rtl/xorflow_decoder_pipelined.sv:33$48 ($lt): new $alu
  creating $alu model for $flatten\lanes[2].decoder.$lt$/home/rishabh/HPCA2/mosaic_delta_phase1/rtl/xorflow_decoder_pipelined.sv:33$63 ($lt): new $alu
  creating $alu model for $flatten\lanes[2].decoder.$lt$/home/rishabh/HPCA2/mosaic_delta_phase1/rtl/xorflow_decoder_pipelined.sv:33$75 ($lt): new $alu
  creating $alu model for $flatten\lanes[2].decoder.$lt$/home/rishabh/HPCA2/mosaic_delta_phase1/rtl/xorflow_decoder_pipelined.sv:33$87 ($lt): new $alu
  creating $alu model for $flatten\lanes[2].decoder.$lt$/home/rishabh/HPCA2/mosaic_delta_phase1/rtl/xorflow_decoder_pipelined.sv:33$99 ($lt): new $alu
  creating $alu model for $flatten\lanes[30].decoder.$lt$/home/rishabh/HPCA2/mosaic_delta_phase1/rtl/xorflow_decoder_pipelined.sv:33$12 ($lt): new $alu
  creating $alu model for $flatten\lanes[30].decoder.$lt$/home/rishabh/HPCA2/mosaic_delta_phase1/rtl/xorflow_decoder_pipelined.sv:33$24 ($lt): new $alu
  creating $alu model for $flatten\lanes[30].decoder.$lt$/home/rishabh/HPCA2/mosaic_delta_phase1/rtl/xorflow_decoder_pipelined.sv:33$36 ($lt): new $alu
  creating $alu model for $flatten\lanes[30].decoder.$lt$/home/rishabh/HPCA2/mosaic_delta_phase1/rtl/xorflow_decoder_pipelined.sv:33$48 ($lt): new $alu
  creating $alu model for $flatten\lanes[30].decoder.$lt$/home/rishabh/HPCA2/mosaic_delta_phase1/rtl/xorflow_decoder_pipelined.sv:33$63 ($lt): new $alu
  creating $alu model for $flatten\lanes[30].decoder.$lt$/home/rishabh/HPCA2/mosaic_delta_phase1/rtl/xorflow_decoder_pipelined.sv:33$75 ($lt): new $alu
  creating $alu model for $flatten\lanes[30].decoder.$lt$/home/rishabh/HPCA2/mosaic_delta_phase1/rtl/xorflow_decoder_pipelined.sv:33$87 ($lt): new $alu
  creating $alu model for $flatten\lanes[30].decoder.$lt$/home/rishabh/HPCA2/mosaic_delta_phase1/rtl/xorflow_decoder_pipelined.sv:33$99 ($lt): new $alu
  creating $alu model for $flatten\lanes[31].decoder.$lt$/home/rishabh/HPCA2/mosaic_delta_phase1/rtl/xorflow_decoder_pipelined.sv:33$12 ($lt): new $alu
  creating $alu model for $flatten\lanes[31].decoder.$lt$/home/rishabh/HPCA2/mosaic_delta_phase1/rtl/xorflow_decoder_pipelined.sv:33$24 ($lt): new $alu
  creating $alu model for $flatten\lanes[31].decoder.$lt$/home/rishabh/HPCA2/mosaic_delta_phase1/rtl/xorflow_decoder_pipelined.sv:33$36 ($lt): new $alu
  creating $alu model for $flatten\lanes[31].decoder.$lt$/home/rishabh/HPCA2/mosaic_delta_phase1/rtl/xorflow_decoder_pipelined.sv:33$48 ($lt): new $alu
  creating $alu model for $flatten\lanes[31].decoder.$lt$/home/rishabh/HPCA2/mosaic_delta_phase1/rtl/xorflow_decoder_pipelined.sv:33$63 ($lt): new $alu
  creating $alu model for $flatten\lanes[31].decoder.$lt$/home/rishabh/HPCA2/mosaic_delta_phase1/rtl/xorflow_decoder_pipelined.sv:33$75 ($lt): new $alu
  creating $alu model for $flatten\lanes[31].decoder.$lt$/home/rishabh/HPCA2/mosaic_delta_phase1/rtl/xorflow_decoder_pipelined.sv:33$87 ($lt): new $alu
  creating $alu model for $flatten\lanes[31].decoder.$lt$/home/rishabh/HPCA2/mosaic_delta_phase1/rtl/xorflow_decoder_pipelined.sv:33$99 ($lt): new $alu
  creating $alu model for $flatten\lanes[3].decoder.$lt$/home/rishabh/HPCA2/mosaic_delta_phase1/rtl/xorflow_decoder_pipelined.sv:33$12 ($lt): new $alu
  creating $alu model for $flatten\lanes[3].decoder.$lt$/home/rishabh/HPCA2/mosaic_delta_phase1/rtl/xorflow_decoder_pipelined.sv:33$24 ($lt): new $alu
  creating $alu model for $flatten\lanes[3].decoder.$lt$/home/rishabh/HPCA2/mosaic_delta_phase1/rtl/xorflow_decoder_pipelined.sv:33$36 ($lt): new $alu
  creating $alu model for $flatten\lanes[3].decoder.$lt$/home/rishabh/HPCA2/mosaic_delta_phase1/rtl/xorflow_decoder_pipelined.sv:33$48 ($lt): new $alu
  creating $alu model for $flatten\lanes[3].decoder.$lt$/home/rishabh/HPCA2/mosaic_delta_phase1/rtl/xorflow_decoder_pipelined.sv:33$63 ($lt): new $alu
  creating $alu model for $flatten\lanes[3].decoder.$lt$/home/rishabh/HPCA2/mosaic_delta_phase1/rtl/xorflow_decoder_pipelined.sv:33$75 ($lt): new $alu
  creating $alu model for $flatten\lanes[3].decoder.$lt$/home/rishabh/HPCA2/mosaic_delta_phase1/rtl/xorflow_decoder_pipelined.sv:33$87 ($lt): new $alu
  creating $alu model for $flatten\lanes[3].decoder.$lt$/home/rishabh/HPCA2/mosaic_delta_phase1/rtl/xorflow_decoder_pipelined.sv:33$99 ($lt): new $alu
  creating $alu model for $flatten\lanes[4].decoder.$lt$/home/rishabh/HPCA2/mosaic_delta_phase1/rtl/xorflow_decoder_pipelined.sv:33$12 ($lt): new $alu
  creating $alu model for $flatten\lanes[4].decoder.$lt$/home/rishabh/HPCA2/mosaic_delta_phase1/rtl/xorflow_decoder_pipelined.sv:33$24 ($lt): new $alu
  creating $alu model for $flatten\lanes[4].decoder.$lt$/home/rishabh/HPCA2/mosaic_delta_phase1/rtl/xorflow_decoder_pipelined.sv:33$36 ($lt): new $alu
  creating $alu model for $flatten\lanes[4].decoder.$lt$/home/rishabh/HPCA2/mosaic_delta_phase1/rtl/xorflow_decoder_pipelined.sv:33$48 ($lt): new $alu
  creating $alu model for $flatten\lanes[4].decoder.$lt$/home/rishabh/HPCA2/mosaic_delta_phase1/rtl/xorflow_decoder_pipelined.sv:33$63 ($lt): new $alu
  creating $alu model for $flatten\lanes[4].decoder.$lt$/home/rishabh/HPCA2/mosaic_delta_phase1/rtl/xorflow_decoder_pipelined.sv:33$75 ($lt): new $alu
  creating $alu model for $flatten\lanes[4].decoder.$lt$/home/rishabh/HPCA2/mosaic_delta_phase1/rtl/xorflow_decoder_pipelined.sv:33$87 ($lt): new $alu
  creating $alu model for $flatten\lanes[4].decoder.$lt$/home/rishabh/HPCA2/mosaic_delta_phase1/rtl/xorflow_decoder_pipelined.sv:33$99 ($lt): new $alu
  creating $alu model for $flatten\lanes[5].decoder.$lt$/home/rishabh/HPCA2/mosaic_delta_phase1/rtl/xorflow_decoder_pipelined.sv:33$12 ($lt): new $alu
  creating $alu model for $flatten\lanes[5].decoder.$lt$/home/rishabh/HPCA2/mosaic_delta_phase1/rtl/xorflow_decoder_pipelined.sv:33$24 ($lt): new $alu
  creating $alu model for $flatten\lanes[5].decoder.$lt$/home/rishabh/HPCA2/mosaic_delta_phase1/rtl/xorflow_decoder_pipelined.sv:33$36 ($lt): new $alu
  creating $alu model for $flatten\lanes[5].decoder.$lt$/home/rishabh/HPCA2/mosaic_delta_phase1/rtl/xorflow_decoder_pipelined.sv:33$48 ($lt): new $alu
  creating $alu model for $flatten\lanes[5].decoder.$lt$/home/rishabh/HPCA2/mosaic_delta_phase1/rtl/xorflow_decoder_pipelined.sv:33$63 ($lt): new $alu
  creating $alu model for $flatten\lanes[5].decoder.$lt$/home/rishabh/HPCA2/mosaic_delta_phase1/rtl/xorflow_decoder_pipelined.sv:33$75 ($lt): new $alu
  creating $alu model for $flatten\lanes[5].decoder.$lt$/home/rishabh/HPCA2/mosaic_delta_phase1/rtl/xorflow_decoder_pipelined.sv:33$87 ($lt): new $alu
  creating $alu model for $flatten\lanes[5].decoder.$lt$/home/rishabh/HPCA2/mosaic_delta_phase1/rtl/xorflow_decoder_pipelined.sv:33$99 ($lt): new $alu
  creating $alu model for $flatten\lanes[6].decoder.$lt$/home/rishabh/HPCA2/mosaic_delta_phase1/rtl/xorflow_decoder_pipelined.sv:33$12 ($lt): new $alu
  creating $alu model for $flatten\lanes[6].decoder.$lt$/home/rishabh/HPCA2/mosaic_delta_phase1/rtl/xorflow_decoder_pipelined.sv:33$24 ($lt): new $alu
  creating $alu model for $flatten\lanes[6].decoder.$lt$/home/rishabh/HPCA2/mosaic_delta_phase1/rtl/xorflow_decoder_pipelined.sv:33$36 ($lt): new $alu
  creating $alu model for $flatten\lanes[6].decoder.$lt$/home/rishabh/HPCA2/mosaic_delta_phase1/rtl/xorflow_decoder_pipelined.sv:33$48 ($lt): new $alu
  creating $alu model for $flatten\lanes[6].decoder.$lt$/home/rishabh/HPCA2/mosaic_delta_phase1/rtl/xorflow_decoder_pipelined.sv:33$63 ($lt): new $alu
  creating $alu model for $flatten\lanes[6].decoder.$lt$/home/rishabh/HPCA2/mosaic_delta_phase1/rtl/xorflow_decoder_pipelined.sv:33$75 ($lt): new $alu
  creating $alu model for $flatten\lanes[6].decoder.$lt$/home/rishabh/HPCA2/mosaic_delta_phase1/rtl/xorflow_decoder_pipelined.sv:33$87 ($lt): new $alu
  creating $alu model for $flatten\lanes[6].decoder.$lt$/home/rishabh/HPCA2/mosaic_delta_phase1/rtl/xorflow_decoder_pipelined.sv:33$99 ($lt): new $alu
  creating $alu model for $flatten\lanes[7].decoder.$lt$/home/rishabh/HPCA2/mosaic_delta_phase1/rtl/xorflow_decoder_pipelined.sv:33$12 ($lt): new $alu
  creating $alu model for $flatten\lanes[7].decoder.$lt$/home/rishabh/HPCA2/mosaic_delta_phase1/rtl/xorflow_decoder_pipelined.sv:33$24 ($lt): new $alu
  creating $alu model for $flatten\lanes[7].decoder.$lt$/home/rishabh/HPCA2/mosaic_delta_phase1/rtl/xorflow_decoder_pipelined.sv:33$36 ($lt): new $alu
  creating $alu model for $flatten\lanes[7].decoder.$lt$/home/rishabh/HPCA2/mosaic_delta_phase1/rtl/xorflow_decoder_pipelined.sv:33$48 ($lt): new $alu
  creating $alu model for $flatten\lanes[7].decoder.$lt$/home/rishabh/HPCA2/mosaic_delta_phase1/rtl/xorflow_decoder_pipelined.sv:33$63 ($lt): new $alu
  creating $alu model for $flatten\lanes[7].decoder.$lt$/home/rishabh/HPCA2/mosaic_delta_phase1/rtl/xorflow_decoder_pipelined.sv:33$75 ($lt): new $alu
  creating $alu model for $flatten\lanes[7].decoder.$lt$/home/rishabh/HPCA2/mosaic_delta_phase1/rtl/xorflow_decoder_pipelined.sv:33$87 ($lt): new $alu
  creating $alu model for $flatten\lanes[7].decoder.$lt$/home/rishabh/HPCA2/mosaic_delta_phase1/rtl/xorflow_decoder_pipelined.sv:33$99 ($lt): new $alu
  creating $alu model for $flatten\lanes[8].decoder.$lt$/home/rishabh/HPCA2/mosaic_delta_phase1/rtl/xorflow_decoder_pipelined.sv:33$12 ($lt): new $alu
  creating $alu model for $flatten\lanes[8].decoder.$lt$/home/rishabh/HPCA2/mosaic_delta_phase1/rtl/xorflow_decoder_pipelined.sv:33$24 ($lt): new $alu
  creating $alu model for $flatten\lanes[8].decoder.$lt$/home/rishabh/HPCA2/mosaic_delta_phase1/rtl/xorflow_decoder_pipelined.sv:33$36 ($lt): new $alu
  creating $alu model for $flatten\lanes[8].decoder.$lt$/home/rishabh/HPCA2/mosaic_delta_phase1/rtl/xorflow_decoder_pipelined.sv:33$48 ($lt): new $alu
  creating $alu model for $flatten\lanes[8].decoder.$lt$/home/rishabh/HPCA2/mosaic_delta_phase1/rtl/xorflow_decoder_pipelined.sv:33$63 ($lt): new $alu
  creating $alu model for $flatten\lanes[8].decoder.$lt$/home/rishabh/HPCA2/mosaic_delta_phase1/rtl/xorflow_decoder_pipelined.sv:33$75 ($lt): new $alu
  creating $alu model for $flatten\lanes[8].decoder.$lt$/home/rishabh/HPCA2/mosaic_delta_phase1/rtl/xorflow_decoder_pipelined.sv:33$87 ($lt): new $alu
  creating $alu model for $flatten\lanes[8].decoder.$lt$/home/rishabh/HPCA2/mosaic_delta_phase1/rtl/xorflow_decoder_pipelined.sv:33$99 ($lt): new $alu
  creating $alu model for $flatten\lanes[9].decoder.$lt$/home/rishabh/HPCA2/mosaic_delta_phase1/rtl/xorflow_decoder_pipelined.sv:33$12 ($lt): new $alu
  creating $alu model for $flatten\lanes[9].decoder.$lt$/home/rishabh/HPCA2/mosaic_delta_phase1/rtl/xorflow_decoder_pipelined.sv:33$24 ($lt): new $alu
  creating $alu model for $flatten\lanes[9].decoder.$lt$/home/rishabh/HPCA2/mosaic_delta_phase1/rtl/xorflow_decoder_pipelined.sv:33$36 ($lt): new $alu
  creating $alu model for $flatten\lanes[9].decoder.$lt$/home/rishabh/HPCA2/mosaic_delta_phase1/rtl/xorflow_decoder_pipelined.sv:33$48 ($lt): new $alu
  creating $alu model for $flatten\lanes[9].decoder.$lt$/home/rishabh/HPCA2/mosaic_delta_phase1/rtl/xorflow_decoder_pipelined.sv:33$63 ($lt): new $alu
  creating $alu model for $flatten\lanes[9].decoder.$lt$/home/rishabh/HPCA2/mosaic_delta_phase1/rtl/xorflow_decoder_pipelined.sv:33$75 ($lt): new $alu
  creating $alu model for $flatten\lanes[9].decoder.$lt$/home/rishabh/HPCA2/mosaic_delta_phase1/rtl/xorflow_decoder_pipelined.sv:33$87 ($lt): new $alu
  creating $alu model for $flatten\lanes[9].decoder.$lt$/home/rishabh/HPCA2/mosaic_delta_phase1/rtl/xorflow_decoder_pipelined.sv:33$99 ($lt): new $alu
  creating $alu cell for $flatten\lanes[9].decoder.$lt$/home/rishabh/HPCA2/mosaic_delta_phase1/rtl/xorflow_decoder_pipelined.sv:33$99: $auto$alumacc.cc:485:replace_alu$728
  creating $alu cell for $flatten\lanes[9].decoder.$lt$/home/rishabh/HPCA2/mosaic_delta_phase1/rtl/xorflow_decoder_pipelined.sv:33$87: $auto$alumacc.cc:485:replace_alu$733
  creating $alu cell for $flatten\lanes[9].decoder.$lt$/home/rishabh/HPCA2/mosaic_delta_phase1/rtl/xorflow_decoder_pipelined.sv:33$75: $auto$alumacc.cc:485:replace_alu$738
  creating $alu cell for $flatten\lanes[9].decoder.$lt$/home/rishabh/HPCA2/mosaic_delta_phase1/rtl/xorflow_decoder_pipelined.sv:33$63: $auto$alumacc.cc:485:replace_alu$743
  creating $alu cell for $flatten\lanes[9].decoder.$lt$/home/rishabh/HPCA2/mosaic_delta_phase1/rtl/xorflow_decoder_pipelined.sv:33$48: $auto$alumacc.cc:485:replace_alu$748
  creating $alu cell for $flatten\lanes[9].decoder.$lt$/home/rishabh/HPCA2/mosaic_delta_phase1/rtl/xorflow_decoder_pipelined.sv:33$36: $auto$alumacc.cc:485:replace_alu$753
  creating $alu cell for $flatten\lanes[9].decoder.$lt$/home/rishabh/HPCA2/mosaic_delta_phase1/rtl/xorflow_decoder_pipelined.sv:33$24: $auto$alumacc.cc:485:replace_alu$758
  creating $alu cell for $flatten\lanes[9].decoder.$lt$/home/rishabh/HPCA2/mosaic_delta_phase1/rtl/xorflow_decoder_pipelined.sv:33$12: $auto$alumacc.cc:485:replace_alu$763
  creating $alu cell for $flatten\lanes[8].decoder.$lt$/home/rishabh/HPCA2/mosaic_delta_phase1/rtl/xorflow_decoder_pipelined.sv:33$99: $auto$alumacc.cc:485:replace_alu$768
  creating $alu cell for $flatten\lanes[8].decoder.$lt$/home/rishabh/HPCA2/mosaic_delta_phase1/rtl/xorflow_decoder_pipelined.sv:33$87: $auto$alumacc.cc:485:replace_alu$773
  creating $alu cell for $flatten\lanes[8].decoder.$lt$/home/rishabh/HPCA2/mosaic_delta_phase1/rtl/xorflow_decoder_pipelined.sv:33$75: $auto$alumacc.cc:485:replace_alu$778
  creating $alu cell for $flatten\lanes[8].decoder.$lt$/home/rishabh/HPCA2/mosaic_delta_phase1/rtl/xorflow_decoder_pipelined.sv:33$63: $auto$alumacc.cc:485:replace_alu$783
  creating $alu cell for $flatten\lanes[8].decoder.$lt$/home/rishabh/HPCA2/mosaic_delta_phase1/rtl/xorflow_decoder_pipelined.sv:33$48: $auto$alumacc.cc:485:replace_alu$788
  creating $alu cell for $flatten\lanes[8].decoder.$lt$/home/rishabh/HPCA2/mosaic_delta_phase1/rtl/xorflow_decoder_pipelined.sv:33$36: $auto$alumacc.cc:485:replace_alu$793
  creating $alu cell for $flatten\lanes[8].decoder.$lt$/home/rishabh/HPCA2/mosaic_delta_phase1/rtl/xorflow_decoder_pipelined.sv:33$24: $auto$alumacc.cc:485:replace_alu$798
  creating $alu cell for $flatten\lanes[8].decoder.$lt$/home/rishabh/HPCA2/mosaic_delta_phase1/rtl/xorflow_decoder_pipelined.sv:33$12: $auto$alumacc.cc:485:replace_alu$803
  creating $alu cell for $flatten\lanes[7].decoder.$lt$/home/rishabh/HPCA2/mosaic_delta_phase1/rtl/xorflow_decoder_pipelined.sv:33$99: $auto$alumacc.cc:485:replace_alu$808
  creating $alu cell for $flatten\lanes[7].decoder.$lt$/home/rishabh/HPCA2/mosaic_delta_phase1/rtl/xorflow_decoder_pipelined.sv:33$87: $auto$alumacc.cc:485:replace_alu$813
  creating $alu cell for $flatten\lanes[7].decoder.$lt$/home/rishabh/HPCA2/mosaic_delta_phase1/rtl/xorflow_decoder_pipelined.sv:33$75: $auto$alumacc.cc:485:replace_alu$818
  creating $alu cell for $flatten\lanes[7].decoder.$lt$/home/rishabh/HPCA2/mosaic_delta_phase1/rtl/xorflow_decoder_pipelined.sv:33$63: $auto$alumacc.cc:485:replace_alu$823
  creating $alu cell for $flatten\lanes[7].decoder.$lt$/home/rishabh/HPCA2/mosaic_delta_phase1/rtl/xorflow_decoder_pipelined.sv:33$48: $auto$alumacc.cc:485:replace_alu$828
  creating $alu cell for $flatten\lanes[7].decoder.$lt$/home/rishabh/HPCA2/mosaic_delta_phase1/rtl/xorflow_decoder_pipelined.sv:33$36: $auto$alumacc.cc:485:replace_alu$833
  creating $alu cell for $flatten\lanes[7].decoder.$lt$/home/rishabh/HPCA2/mosaic_delta_phase1/rtl/xorflow_decoder_pipelined.sv:33$24: $auto$alumacc.cc:485:replace_alu$838
  creating $alu cell for $flatten\lanes[7].decoder.$lt$/home/rishabh/HPCA2/mosaic_delta_phase1/rtl/xorflow_decoder_pipelined.sv:33$12: $auto$alumacc.cc:485:replace_alu$843
  creating $alu cell for $flatten\lanes[6].decoder.$lt$/home/rishabh/HPCA2/mosaic_delta_phase1/rtl/xorflow_decoder_pipelined.sv:33$99: $auto$alumacc.cc:485:replace_alu$848
  creating $alu cell for $flatten\lanes[6].decoder.$lt$/home/rishabh/HPCA2/mosaic_delta_phase1/rtl/xorflow_decoder_pipelined.sv:33$87: $auto$alumacc.cc:485:replace_alu$853
  creating $alu cell for $flatten\lanes[6].decoder.$lt$/home/rishabh/HPCA2/mosaic_delta_phase1/rtl/xorflow_decoder_pipelined.sv:33$75: $auto$alumacc.cc:485:replace_alu$858
  creating $alu cell for $flatten\lanes[6].decoder.$lt$/home/rishabh/HPCA2/mosaic_delta_phase1/rtl/xorflow_decoder_pipelined.sv:33$63: $auto$alumacc.cc:485:replace_alu$863
  creating $alu cell for $flatten\lanes[6].decoder.$lt$/home/rishabh/HPCA2/mosaic_delta_phase1/rtl/xorflow_decoder_pipelined.sv:33$48: $auto$alumacc.cc:485:replace_alu$868
  creating $alu cell for $flatten\lanes[6].decoder.$lt$/home/rishabh/HPCA2/mosaic_delta_phase1/rtl/xorflow_decoder_pipelined.sv:33$36: $auto$alumacc.cc:485:replace_alu$873
  creating $alu cell for $flatten\lanes[6].decoder.$lt$/home/rishabh/HPCA2/mosaic_delta_phase1/rtl/xorflow_decoder_pipelined.sv:33$24: $auto$alumacc.cc:485:replace_alu$878
  creating $alu cell for $flatten\lanes[6].decoder.$lt$/home/rishabh/HPCA2/mosaic_delta_phase1/rtl/xorflow_decoder_pipelined.sv:33$12: $auto$alumacc.cc:485:replace_alu$883
  creating $alu cell for $flatten\lanes[5].decoder.$lt$/home/rishabh/HPCA2/mosaic_delta_phase1/rtl/xorflow_decoder_pipelined.sv:33$99: $auto$alumacc.cc:485:replace_alu$888
  creating $alu cell for $flatten\lanes[5].decoder.$lt$/home/rishabh/HPCA2/mosaic_delta_phase1/rtl/xorflow_decoder_pipelined.sv:33$87: $auto$alumacc.cc:485:replace_alu$893
  creating $alu cell for $flatten\lanes[5].decoder.$lt$/home/rishabh/HPCA2/mosaic_delta_phase1/rtl/xorflow_decoder_pipelined.sv:33$75: $auto$alumacc.cc:485:replace_alu$898
  creating $alu cell for $flatten\lanes[5].decoder.$lt$/home/rishabh/HPCA2/mosaic_delta_phase1/rtl/xorflow_decoder_pipelined.sv:33$63: $auto$alumacc.cc:485:replace_alu$903
  creating $alu cell for $flatten\lanes[5].decoder.$lt$/home/rishabh/HPCA2/mosaic_delta_phase1/rtl/xorflow_decoder_pipelined.sv:33$48: $auto$alumacc.cc:485:replace_alu$908
  creating $alu cell for $flatten\lanes[5].decoder.$lt$/home/rishabh/HPCA2/mosaic_delta_phase1/rtl/xorflow_decoder_pipelined.sv:33$36: $auto$alumacc.cc:485:replace_alu$913
  creating $alu cell for $flatten\lanes[5].decoder.$lt$/home/rishabh/HPCA2/mosaic_delta_phase1/rtl/xorflow_decoder_pipelined.sv:33$24: $auto$alumacc.cc:485:replace_alu$918
  creating $alu cell for $flatten\lanes[5].decoder.$lt$/home/rishabh/HPCA2/mosaic_delta_phase1/rtl/xorflow_decoder_pipelined.sv:33$12: $auto$alumacc.cc:485:replace_alu$923
  creating $alu cell for $flatten\lanes[4].decoder.$lt$/home/rishabh/HPCA2/mosaic_delta_phase1/rtl/xorflow_decoder_pipelined.sv:33$99: $auto$alumacc.cc:485:replace_alu$928
  creating $alu cell for $flatten\lanes[4].decoder.$lt$/home/rishabh/HPCA2/mosaic_delta_phase1/rtl/xorflow_decoder_pipelined.sv:33$87: $auto$alumacc.cc:485:replace_alu$933
  creating $alu cell for $flatten\lanes[4].decoder.$lt$/home/rishabh/HPCA2/mosaic_delta_phase1/rtl/xorflow_decoder_pipelined.sv:33$75: $auto$alumacc.cc:485:replace_alu$938
  creating $alu cell for $flatten\lanes[4].decoder.$lt$/home/rishabh/HPCA2/mosaic_delta_phase1/rtl/xorflow_decoder_pipelined.sv:33$63: $auto$alumacc.cc:485:replace_alu$943
  creating $alu cell for $flatten\lanes[4].decoder.$lt$/home/rishabh/HPCA2/mosaic_delta_phase1/rtl/xorflow_decoder_pipelined.sv:33$48: $auto$alumacc.cc:485:replace_alu$948
  creating $alu cell for $flatten\lanes[4].decoder.$lt$/home/rishabh/HPCA2/mosaic_delta_phase1/rtl/xorflow_decoder_pipelined.sv:33$36: $auto$alumacc.cc:485:replace_alu$953
  creating $alu cell for $flatten\lanes[4].decoder.$lt$/home/rishabh/HPCA2/mosaic_delta_phase1/rtl/xorflow_decoder_pipelined.sv:33$24: $auto$alumacc.cc:485:replace_alu$958
  creating $alu cell for $flatten\lanes[4].decoder.$lt$/home/rishabh/HPCA2/mosaic_delta_phase1/rtl/xorflow_decoder_pipelined.sv:33$12: $auto$alumacc.cc:485:replace_alu$963
  creating $alu cell for $flatten\lanes[3].decoder.$lt$/home/rishabh/HPCA2/mosaic_delta_phase1/rtl/xorflow_decoder_pipelined.sv:33$99: $auto$alumacc.cc:485:replace_alu$968
  creating $alu cell for $flatten\lanes[3].decoder.$lt$/home/rishabh/HPCA2/mosaic_delta_phase1/rtl/xorflow_decoder_pipelined.sv:33$87: $auto$alumacc.cc:485:replace_alu$973
  creating $alu cell for $flatten\lanes[3].decoder.$lt$/home/rishabh/HPCA2/mosaic_delta_phase1/rtl/xorflow_decoder_pipelined.sv:33$75: $auto$alumacc.cc:485:replace_alu$978
  creating $alu cell for $flatten\lanes[3].decoder.$lt$/home/rishabh/HPCA2/mosaic_delta_phase1/rtl/xorflow_decoder_pipelined.sv:33$63: $auto$alumacc.cc:485:replace_alu$983
  creating $alu cell for $flatten\lanes[3].decoder.$lt$/home/rishabh/HPCA2/mosaic_delta_phase1/rtl/xorflow_decoder_pipelined.sv:33$48: $auto$alumacc.cc:485:replace_alu$988
  creating $alu cell for $flatten\lanes[3].decoder.$lt$/home/rishabh/HPCA2/mosaic_delta_phase1/rtl/xorflow_decoder_pipelined.sv:33$36: $auto$alumacc.cc:485:replace_alu$993
  creating $alu cell for $flatten\lanes[3].decoder.$lt$/home/rishabh/HPCA2/mosaic_delta_phase1/rtl/xorflow_decoder_pipelined.sv:33$24: $auto$alumacc.cc:485:replace_alu$998
  creating $alu cell for $flatten\lanes[3].decoder.$lt$/home/rishabh/HPCA2/mosaic_delta_phase1/rtl/xorflow_decoder_pipelined.sv:33$12: $auto$alumacc.cc:485:replace_alu$1003
  creating $alu cell for $flatten\lanes[31].decoder.$lt$/home/rishabh/HPCA2/mosaic_delta_phase1/rtl/xorflow_decoder_pipelined.sv:33$99: $auto$alumacc.cc:485:replace_alu$1008
  creating $alu cell for $flatten\lanes[31].decoder.$lt$/home/rishabh/HPCA2/mosaic_delta_phase1/rtl/xorflow_decoder_pipelined.sv:33$87: $auto$alumacc.cc:485:replace_alu$1013
  creating $alu cell for $flatten\lanes[31].decoder.$lt$/home/rishabh/HPCA2/mosaic_delta_phase1/rtl/xorflow_decoder_pipelined.sv:33$75: $auto$alumacc.cc:485:replace_alu$1018
  creating $alu cell for $flatten\lanes[31].decoder.$lt$/home/rishabh/HPCA2/mosaic_delta_phase1/rtl/xorflow_decoder_pipelined.sv:33$63: $auto$alumacc.cc:485:replace_alu$1023
  creating $alu cell for $flatten\lanes[31].decoder.$lt$/home/rishabh/HPCA2/mosaic_delta_phase1/rtl/xorflow_decoder_pipelined.sv:33$48: $auto$alumacc.cc:485:replace_alu$1028
  creating $alu cell for $flatten\lanes[31].decoder.$lt$/home/rishabh/HPCA2/mosaic_delta_phase1/rtl/xorflow_decoder_pipelined.sv:33$36: $auto$alumacc.cc:485:replace_alu$1033
  creating $alu cell for $flatten\lanes[31].decoder.$lt$/home/rishabh/HPCA2/mosaic_delta_phase1/rtl/xorflow_decoder_pipelined.sv:33$24: $auto$alumacc.cc:485:replace_alu$1038
  creating $alu cell for $flatten\lanes[31].decoder.$lt$/home/rishabh/HPCA2/mosaic_delta_phase1/rtl/xorflow_decoder_pipelined.sv:33$12: $auto$alumacc.cc:485:replace_alu$1043
  creating $alu cell for $flatten\lanes[30].decoder.$lt$/home/rishabh/HPCA2/mosaic_delta_phase1/rtl/xorflow_decoder_pipelined.sv:33$99: $auto$alumacc.cc:485:replace_alu$1048
  creating $alu cell for $flatten\lanes[30].decoder.$lt$/home/rishabh/HPCA2/mosaic_delta_phase1/rtl/xorflow_decoder_pipelined.sv:33$87: $auto$alumacc.cc:485:replace_alu$1053
  creating $alu cell for $flatten\lanes[30].decoder.$lt$/home/rishabh/HPCA2/mosaic_delta_phase1/rtl/xorflow_decoder_pipelined.sv:33$75: $auto$alumacc.cc:485:replace_alu$1058
  creating $alu cell for $flatten\lanes[30].decoder.$lt$/home/rishabh/HPCA2/mosaic_delta_phase1/rtl/xorflow_decoder_pipelined.sv:33$63: $auto$alumacc.cc:485:replace_alu$1063
  creating $alu cell for $flatten\lanes[30].decoder.$lt$/home/rishabh/HPCA2/mosaic_delta_phase1/rtl/xorflow_decoder_pipelined.sv:33$48: $auto$alumacc.cc:485:replace_alu$1068
  creating $alu cell for $flatten\lanes[30].decoder.$lt$/home/rishabh/HPCA2/mosaic_delta_phase1/rtl/xorflow_decoder_pipelined.sv:33$36: $auto$alumacc.cc:485:replace_alu$1073
  creating $alu cell for $flatten\lanes[30].decoder.$lt$/home/rishabh/HPCA2/mosaic_delta_phase1/rtl/xorflow_decoder_pipelined.sv:33$24: $auto$alumacc.cc:485:replace_alu$1078
  creating $alu cell for $flatten\lanes[30].decoder.$lt$/home/rishabh/HPCA2/mosaic_delta_phase1/rtl/xorflow_decoder_pipelined.sv:33$12: $auto$alumacc.cc:485:replace_alu$1083
  creating $alu cell for $flatten\lanes[2].decoder.$lt$/home/rishabh/HPCA2/mosaic_delta_phase1/rtl/xorflow_decoder_pipelined.sv:33$99: $auto$alumacc.cc:485:replace_alu$1088
  creating $alu cell for $flatten\lanes[2].decoder.$lt$/home/rishabh/HPCA2/mosaic_delta_phase1/rtl/xorflow_decoder_pipelined.sv:33$87: $auto$alumacc.cc:485:replace_alu$1093
  creating $alu cell for $flatten\lanes[2].decoder.$lt$/home/rishabh/HPCA2/mosaic_delta_phase1/rtl/xorflow_decoder_pipelined.sv:33$75: $auto$alumacc.cc:485:replace_alu$1098
  creating $alu cell for $flatten\lanes[2].decoder.$lt$/home/rishabh/HPCA2/mosaic_delta_phase1/rtl/xorflow_decoder_pipelined.sv:33$63: $auto$alumacc.cc:485:replace_alu$1103
  creating $alu cell for $flatten\lanes[2].decoder.$lt$/home/rishabh/HPCA2/mosaic_delta_phase1/rtl/xorflow_decoder_pipelined.sv:33$48: $auto$alumacc.cc:485:replace_alu$1108
  creating $alu cell for $flatten\lanes[2].decoder.$lt$/home/rishabh/HPCA2/mosaic_delta_phase1/rtl/xorflow_decoder_pipelined.sv:33$36: $auto$alumacc.cc:485:replace_alu$1113
  creating $alu cell for $flatten\lanes[2].decoder.$lt$/home/rishabh/HPCA2/mosaic_delta_phase1/rtl/xorflow_decoder_pipelined.sv:33$24: $auto$alumacc.cc:485:replace_alu$1118
  creating $alu cell for $flatten\lanes[2].decoder.$lt$/home/rishabh/HPCA2/mosaic_delta_phase1/rtl/xorflow_decoder_pipelined.sv:33$12: $auto$alumacc.cc:485:replace_alu$1123
  creating $alu cell for $flatten\lanes[29].decoder.$lt$/home/rishabh/HPCA2/mosaic_delta_phase1/rtl/xorflow_decoder_pipelined.sv:33$99: $auto$alumacc.cc:485:replace_alu$1128
  creating $alu cell for $flatten\lanes[29].decoder.$lt$/home/rishabh/HPCA2/mosaic_delta_phase1/rtl/xorflow_decoder_pipelined.sv:33$87: $auto$alumacc.cc:485:replace_alu$1133
  creating $alu cell for $flatten\lanes[29].decoder.$lt$/home/rishabh/HPCA2/mosaic_delta_phase1/rtl/xorflow_decoder_pipelined.sv:33$75: $auto$alumacc.cc:485:replace_alu$1138
  creating $alu cell for $flatten\lanes[29].decoder.$lt$/home/rishabh/HPCA2/mosaic_delta_phase1/rtl/xorflow_decoder_pipelined.sv:33$63: $auto$alumacc.cc:485:replace_alu$1143
  creating $alu cell for $flatten\lanes[29].decoder.$lt$/home/rishabh/HPCA2/mosaic_delta_phase1/rtl/xorflow_decoder_pipelined.sv:33$48: $auto$alumacc.cc:485:replace_alu$1148
  creating $alu cell for $flatten\lanes[29].decoder.$lt$/home/rishabh/HPCA2/mosaic_delta_phase1/rtl/xorflow_decoder_pipelined.sv:33$36: $auto$alumacc.cc:485:replace_alu$1153
  creating $alu cell for $flatten\lanes[29].decoder.$lt$/home/rishabh/HPCA2/mosaic_delta_phase1/rtl/xorflow_decoder_pipelined.sv:33$24: $auto$alumacc.cc:485:replace_alu$1158
  creating $alu cell for $flatten\lanes[29].decoder.$lt$/home/rishabh/HPCA2/mosaic_delta_phase1/rtl/xorflow_decoder_pipelined.sv:33$12: $auto$alumacc.cc:485:replace_alu$1163
  creating $alu cell for $flatten\lanes[28].decoder.$lt$/home/rishabh/HPCA2/mosaic_delta_phase1/rtl/xorflow_decoder_pipelined.sv:33$99: $auto$alumacc.cc:485:replace_alu$1168
  creating $alu cell for $flatten\lanes[28].decoder.$lt$/home/rishabh/HPCA2/mosaic_delta_phase1/rtl/xorflow_decoder_pipelined.sv:33$87: $auto$alumacc.cc:485:replace_alu$1173
  creating $alu cell for $flatten\lanes[28].decoder.$lt$/home/rishabh/HPCA2/mosaic_delta_phase1/rtl/xorflow_decoder_pipelined.sv:33$75: $auto$alumacc.cc:485:replace_alu$1178
  creating $alu cell for $flatten\lanes[28].decoder.$lt$/home/rishabh/HPCA2/mosaic_delta_phase1/rtl/xorflow_decoder_pipelined.sv:33$63: $auto$alumacc.cc:485:replace_alu$1183
  creating $alu cell for $flatten\lanes[28].decoder.$lt$/home/rishabh/HPCA2/mosaic_delta_phase1/rtl/xorflow_decoder_pipelined.sv:33$48: $auto$alumacc.cc:485:replace_alu$1188
  creating $alu cell for $flatten\lanes[28].decoder.$lt$/home/rishabh/HPCA2/mosaic_delta_phase1/rtl/xorflow_decoder_pipelined.sv:33$36: $auto$alumacc.cc:485:replace_alu$1193
  creating $alu cell for $flatten\lanes[28].decoder.$lt$/home/rishabh/HPCA2/mosaic_delta_phase1/rtl/xorflow_decoder_pipelined.sv:33$24: $auto$alumacc.cc:485:replace_alu$1198
  creating $alu cell for $flatten\lanes[28].decoder.$lt$/home/rishabh/HPCA2/mosaic_delta_phase1/rtl/xorflow_decoder_pipelined.sv:33$12: $auto$alumacc.cc:485:replace_alu$1203
  creating $alu cell for $flatten\lanes[27].decoder.$lt$/home/rishabh/HPCA2/mosaic_delta_phase1/rtl/xorflow_decoder_pipelined.sv:33$99: $auto$alumacc.cc:485:replace_alu$1208
  creating $alu cell for $flatten\lanes[27].decoder.$lt$/home/rishabh/HPCA2/mosaic_delta_phase1/rtl/xorflow_decoder_pipelined.sv:33$87: $auto$alumacc.cc:485:replace_alu$1213
  creating $alu cell for $flatten\lanes[27].decoder.$lt$/home/rishabh/HPCA2/mosaic_delta_phase1/rtl/xorflow_decoder_pipelined.sv:33$75: $auto$alumacc.cc:485:replace_alu$1218
  creating $alu cell for $flatten\lanes[27].decoder.$lt$/home/rishabh/HPCA2/mosaic_delta_phase1/rtl/xorflow_decoder_pipelined.sv:33$63: $auto$alumacc.cc:485:replace_alu$1223
  creating $alu cell for $flatten\lanes[27].decoder.$lt$/home/rishabh/HPCA2/mosaic_delta_phase1/rtl/xorflow_decoder_pipelined.sv:33$48: $auto$alumacc.cc:485:replace_alu$1228
  creating $alu cell for $flatten\lanes[27].decoder.$lt$/home/rishabh/HPCA2/mosaic_delta_phase1/rtl/xorflow_decoder_pipelined.sv:33$36: $auto$alumacc.cc:485:replace_alu$1233
  creating $alu cell for $flatten\lanes[27].decoder.$lt$/home/rishabh/HPCA2/mosaic_delta_phase1/rtl/xorflow_decoder_pipelined.sv:33$24: $auto$alumacc.cc:485:replace_alu$1238
  creating $alu cell for $flatten\lanes[27].decoder.$lt$/home/rishabh/HPCA2/mosaic_delta_phase1/rtl/xorflow_decoder_pipelined.sv:33$12: $auto$alumacc.cc:485:replace_alu$1243
  creating $alu cell for $flatten\lanes[26].decoder.$lt$/home/rishabh/HPCA2/mosaic_delta_phase1/rtl/xorflow_decoder_pipelined.sv:33$99: $auto$alumacc.cc:485:replace_alu$1248
  creating $alu cell for $flatten\lanes[26].decoder.$lt$/home/rishabh/HPCA2/mosaic_delta_phase1/rtl/xorflow_decoder_pipelined.sv:33$87: $auto$alumacc.cc:485:replace_alu$1253
  creating $alu cell for $flatten\lanes[26].decoder.$lt$/home/rishabh/HPCA2/mosaic_delta_phase1/rtl/xorflow_decoder_pipelined.sv:33$75: $auto$alumacc.cc:485:replace_alu$1258
  creating $alu cell for $flatten\lanes[26].decoder.$lt$/home/rishabh/HPCA2/mosaic_delta_phase1/rtl/xorflow_decoder_pipelined.sv:33$63: $auto$alumacc.cc:485:replace_alu$1263
  creating $alu cell for $flatten\lanes[26].decoder.$lt$/home/rishabh/HPCA2/mosaic_delta_phase1/rtl/xorflow_decoder_pipelined.sv:33$48: $auto$alumacc.cc:485:replace_alu$1268
  creating $alu cell for $flatten\lanes[26].decoder.$lt$/home/rishabh/HPCA2/mosaic_delta_phase1/rtl/xorflow_decoder_pipelined.sv:33$36: $auto$alumacc.cc:485:replace_alu$1273
  creating $alu cell for $flatten\lanes[26].decoder.$lt$/home/rishabh/HPCA2/mosaic_delta_phase1/rtl/xorflow_decoder_pipelined.sv:33$24: $auto$alumacc.cc:485:replace_alu$1278
  creating $alu cell for $flatten\lanes[26].decoder.$lt$/home/rishabh/HPCA2/mosaic_delta_phase1/rtl/xorflow_decoder_pipelined.sv:33$12: $auto$alumacc.cc:485:replace_alu$1283
  creating $alu cell for $flatten\lanes[25].decoder.$lt$/home/rishabh/HPCA2/mosaic_delta_phase1/rtl/xorflow_decoder_pipelined.sv:33$99: $auto$alumacc.cc:485:replace_alu$1288
  creating $alu cell for $flatten\lanes[25].decoder.$lt$/home/rishabh/HPCA2/mosaic_delta_phase1/rtl/xorflow_decoder_pipelined.sv:33$87: $auto$alumacc.cc:485:replace_alu$1293
  creating $alu cell for $flatten\lanes[25].decoder.$lt$/home/rishabh/HPCA2/mosaic_delta_phase1/rtl/xorflow_decoder_pipelined.sv:33$75: $auto$alumacc.cc:485:replace_alu$1298
  creating $alu cell for $flatten\lanes[25].decoder.$lt$/home/rishabh/HPCA2/mosaic_delta_phase1/rtl/xorflow_decoder_pipelined.sv:33$63: $auto$alumacc.cc:485:replace_alu$1303
  creating $alu cell for $flatten\lanes[25].decoder.$lt$/home/rishabh/HPCA2/mosaic_delta_phase1/rtl/xorflow_decoder_pipelined.sv:33$48: $auto$alumacc.cc:485:replace_alu$1308
  creating $alu cell for $flatten\lanes[25].decoder.$lt$/home/rishabh/HPCA2/mosaic_delta_phase1/rtl/xorflow_decoder_pipelined.sv:33$36: $auto$alumacc.cc:485:replace_alu$1313
  creating $alu cell for $flatten\lanes[25].decoder.$lt$/home/rishabh/HPCA2/mosaic_delta_phase1/rtl/xorflow_decoder_pipelined.sv:33$24: $auto$alumacc.cc:485:replace_alu$1318
  creating $alu cell for $flatten\lanes[25].decoder.$lt$/home/rishabh/HPCA2/mosaic_delta_phase1/rtl/xorflow_decoder_pipelined.sv:33$12: $auto$alumacc.cc:485:replace_alu$1323
  creating $alu cell for $flatten\lanes[24].decoder.$lt$/home/rishabh/HPCA2/mosaic_delta_phase1/rtl/xorflow_decoder_pipelined.sv:33$99: $auto$alumacc.cc:485:replace_alu$1328
  creating $alu cell for $flatten\lanes[24].decoder.$lt$/home/rishabh/HPCA2/mosaic_delta_phase1/rtl/xorflow_decoder_pipelined.sv:33$87: $auto$alumacc.cc:485:replace_alu$1333
  creating $alu cell for $flatten\lanes[24].decoder.$lt$/home/rishabh/HPCA2/mosaic_delta_phase1/rtl/xorflow_decoder_pipelined.sv:33$75: $auto$alumacc.cc:485:replace_alu$1338
  creating $alu cell for $flatten\lanes[24].decoder.$lt$/home/rishabh/HPCA2/mosaic_delta_phase1/rtl/xorflow_decoder_pipelined.sv:33$63: $auto$alumacc.cc:485:replace_alu$1343
  creating $alu cell for $flatten\lanes[24].decoder.$lt$/home/rishabh/HPCA2/mosaic_delta_phase1/rtl/xorflow_decoder_pipelined.sv:33$48: $auto$alumacc.cc:485:replace_alu$1348
  creating $alu cell for $flatten\lanes[24].decoder.$lt$/home/rishabh/HPCA2/mosaic_delta_phase1/rtl/xorflow_decoder_pipelined.sv:33$36: $auto$alumacc.cc:485:replace_alu$1353
  creating $alu cell for $flatten\lanes[24].decoder.$lt$/home/rishabh/HPCA2/mosaic_delta_phase1/rtl/xorflow_decoder_pipelined.sv:33$24: $auto$alumacc.cc:485:replace_alu$1358
  creating $alu cell for $flatten\lanes[24].decoder.$lt$/home/rishabh/HPCA2/mosaic_delta_phase1/rtl/xorflow_decoder_pipelined.sv:33$12: $auto$alumacc.cc:485:replace_alu$1363
  creating $alu cell for $flatten\lanes[23].decoder.$lt$/home/rishabh/HPCA2/mosaic_delta_phase1/rtl/xorflow_decoder_pipelined.sv:33$99: $auto$alumacc.cc:485:replace_alu$1368
  creating $alu cell for $flatten\lanes[23].decoder.$lt$/home/rishabh/HPCA2/mosaic_delta_phase1/rtl/xorflow_decoder_pipelined.sv:33$87: $auto$alumacc.cc:485:replace_alu$1373
  creating $alu cell for $flatten\lanes[23].decoder.$lt$/home/rishabh/HPCA2/mosaic_delta_phase1/rtl/xorflow_decoder_pipelined.sv:33$75: $auto$alumacc.cc:485:replace_alu$1378
  creating $alu cell for $flatten\lanes[23].decoder.$lt$/home/rishabh/HPCA2/mosaic_delta_phase1/rtl/xorflow_decoder_pipelined.sv:33$63: $auto$alumacc.cc:485:replace_alu$1383
  creating $alu cell for $flatten\lanes[23].decoder.$lt$/home/rishabh/HPCA2/mosaic_delta_phase1/rtl/xorflow_decoder_pipelined.sv:33$48: $auto$alumacc.cc:485:replace_alu$1388
  creating $alu cell for $flatten\lanes[23].decoder.$lt$/home/rishabh/HPCA2/mosaic_delta_phase1/rtl/xorflow_decoder_pipelined.sv:33$36: $auto$alumacc.cc:485:replace_alu$1393
  creating $alu cell for $flatten\lanes[23].decoder.$lt$/home/rishabh/HPCA2/mosaic_delta_phase1/rtl/xorflow_decoder_pipelined.sv:33$24: $auto$alumacc.cc:485:replace_alu$1398
  creating $alu cell for $flatten\lanes[23].decoder.$lt$/home/rishabh/HPCA2/mosaic_delta_phase1/rtl/xorflow_decoder_pipelined.sv:33$12: $auto$alumacc.cc:485:replace_alu$1403
  creating $alu cell for $flatten\lanes[22].decoder.$lt$/home/rishabh/HPCA2/mosaic_delta_phase1/rtl/xorflow_decoder_pipelined.sv:33$99: $auto$alumacc.cc:485:replace_alu$1408
  creating $alu cell for $flatten\lanes[22].decoder.$lt$/home/rishabh/HPCA2/mosaic_delta_phase1/rtl/xorflow_decoder_pipelined.sv:33$87: $auto$alumacc.cc:485:replace_alu$1413
  creating $alu cell for $flatten\lanes[22].decoder.$lt$/home/rishabh/HPCA2/mosaic_delta_phase1/rtl/xorflow_decoder_pipelined.sv:33$75: $auto$alumacc.cc:485:replace_alu$1418
  creating $alu cell for $flatten\lanes[22].decoder.$lt$/home/rishabh/HPCA2/mosaic_delta_phase1/rtl/xorflow_decoder_pipelined.sv:33$63: $auto$alumacc.cc:485:replace_alu$1423
  creating $alu cell for $flatten\lanes[22].decoder.$lt$/home/rishabh/HPCA2/mosaic_delta_phase1/rtl/xorflow_decoder_pipelined.sv:33$48: $auto$alumacc.cc:485:replace_alu$1428
  creating $alu cell for $flatten\lanes[22].decoder.$lt$/home/rishabh/HPCA2/mosaic_delta_phase1/rtl/xorflow_decoder_pipelined.sv:33$36: $auto$alumacc.cc:485:replace_alu$1433
  creating $alu cell for $flatten\lanes[22].decoder.$lt$/home/rishabh/HPCA2/mosaic_delta_phase1/rtl/xorflow_decoder_pipelined.sv:33$24: $auto$alumacc.cc:485:replace_alu$1438
  creating $alu cell for $flatten\lanes[22].decoder.$lt$/home/rishabh/HPCA2/mosaic_delta_phase1/rtl/xorflow_decoder_pipelined.sv:33$12: $auto$alumacc.cc:485:replace_alu$1443
  creating $alu cell for $flatten\lanes[21].decoder.$lt$/home/rishabh/HPCA2/mosaic_delta_phase1/rtl/xorflow_decoder_pipelined.sv:33$99: $auto$alumacc.cc:485:replace_alu$1448
  creating $alu cell for $flatten\lanes[21].decoder.$lt$/home/rishabh/HPCA2/mosaic_delta_phase1/rtl/xorflow_decoder_pipelined.sv:33$87: $auto$alumacc.cc:485:replace_alu$1453
  creating $alu cell for $flatten\lanes[21].decoder.$lt$/home/rishabh/HPCA2/mosaic_delta_phase1/rtl/xorflow_decoder_pipelined.sv:33$75: $auto$alumacc.cc:485:replace_alu$1458
  creating $alu cell for $flatten\lanes[21].decoder.$lt$/home/rishabh/HPCA2/mosaic_delta_phase1/rtl/xorflow_decoder_pipelined.sv:33$63: $auto$alumacc.cc:485:replace_alu$1463
  creating $alu cell for $flatten\lanes[21].decoder.$lt$/home/rishabh/HPCA2/mosaic_delta_phase1/rtl/xorflow_decoder_pipelined.sv:33$48: $auto$alumacc.cc:485:replace_alu$1468
  creating $alu cell for $flatten\lanes[21].decoder.$lt$/home/rishabh/HPCA2/mosaic_delta_phase1/rtl/xorflow_decoder_pipelined.sv:33$36: $auto$alumacc.cc:485:replace_alu$1473
  creating $alu cell for $flatten\lanes[21].decoder.$lt$/home/rishabh/HPCA2/mosaic_delta_phase1/rtl/xorflow_decoder_pipelined.sv:33$24: $auto$alumacc.cc:485:replace_alu$1478
  creating $alu cell for $flatten\lanes[21].decoder.$lt$/home/rishabh/HPCA2/mosaic_delta_phase1/rtl/xorflow_decoder_pipelined.sv:33$12: $auto$alumacc.cc:485:replace_alu$1483
  creating $alu cell for $flatten\lanes[20].decoder.$lt$/home/rishabh/HPCA2/mosaic_delta_phase1/rtl/xorflow_decoder_pipelined.sv:33$99: $auto$alumacc.cc:485:replace_alu$1488
  creating $alu cell for $flatten\lanes[20].decoder.$lt$/home/rishabh/HPCA2/mosaic_delta_phase1/rtl/xorflow_decoder_pipelined.sv:33$87: $auto$alumacc.cc:485:replace_alu$1493
  creating $alu cell for $flatten\lanes[20].decoder.$lt$/home/rishabh/HPCA2/mosaic_delta_phase1/rtl/xorflow_decoder_pipelined.sv:33$75: $auto$alumacc.cc:485:replace_alu$1498
  creating $alu cell for $flatten\lanes[20].decoder.$lt$/home/rishabh/HPCA2/mosaic_delta_phase1/rtl/xorflow_decoder_pipelined.sv:33$63: $auto$alumacc.cc:485:replace_alu$1503
  creating $alu cell for $flatten\lanes[20].decoder.$lt$/home/rishabh/HPCA2/mosaic_delta_phase1/rtl/xorflow_decoder_pipelined.sv:33$48: $auto$alumacc.cc:485:replace_alu$1508
  creating $alu cell for $flatten\lanes[20].decoder.$lt$/home/rishabh/HPCA2/mosaic_delta_phase1/rtl/xorflow_decoder_pipelined.sv:33$36: $auto$alumacc.cc:485:replace_alu$1513
  creating $alu cell for $flatten\lanes[20].decoder.$lt$/home/rishabh/HPCA2/mosaic_delta_phase1/rtl/xorflow_decoder_pipelined.sv:33$24: $auto$alumacc.cc:485:replace_alu$1518
  creating $alu cell for $flatten\lanes[20].decoder.$lt$/home/rishabh/HPCA2/mosaic_delta_phase1/rtl/xorflow_decoder_pipelined.sv:33$12: $auto$alumacc.cc:485:replace_alu$1523
  creating $alu cell for $flatten\lanes[1].decoder.$lt$/home/rishabh/HPCA2/mosaic_delta_phase1/rtl/xorflow_decoder_pipelined.sv:33$99: $auto$alumacc.cc:485:replace_alu$1528
  creating $alu cell for $flatten\lanes[1].decoder.$lt$/home/rishabh/HPCA2/mosaic_delta_phase1/rtl/xorflow_decoder_pipelined.sv:33$87: $auto$alumacc.cc:485:replace_alu$1533
  creating $alu cell for $flatten\lanes[1].decoder.$lt$/home/rishabh/HPCA2/mosaic_delta_phase1/rtl/xorflow_decoder_pipelined.sv:33$75: $auto$alumacc.cc:485:replace_alu$1538
  creating $alu cell for $flatten\lanes[1].decoder.$lt$/home/rishabh/HPCA2/mosaic_delta_phase1/rtl/xorflow_decoder_pipelined.sv:33$63: $auto$alumacc.cc:485:replace_alu$1543
  creating $alu cell for $flatten\lanes[1].decoder.$lt$/home/rishabh/HPCA2/mosaic_delta_phase1/rtl/xorflow_decoder_pipelined.sv:33$48: $auto$alumacc.cc:485:replace_alu$1548
  creating $alu cell for $flatten\lanes[1].decoder.$lt$/home/rishabh/HPCA2/mosaic_delta_phase1/rtl/xorflow_decoder_pipelined.sv:33$36: $auto$alumacc.cc:485:replace_alu$1553
  creating $alu cell for $flatten\lanes[1].decoder.$lt$/home/rishabh/HPCA2/mosaic_delta_phase1/rtl/xorflow_decoder_pipelined.sv:33$24: $auto$alumacc.cc:485:replace_alu$1558
  creating $alu cell for $flatten\lanes[1].decoder.$lt$/home/rishabh/HPCA2/mosaic_delta_phase1/rtl/xorflow_decoder_pipelined.sv:33$12: $auto$alumacc.cc:485:replace_alu$1563
  creating $alu cell for $flatten\lanes[19].decoder.$lt$/home/rishabh/HPCA2/mosaic_delta_phase1/rtl/xorflow_decoder_pipelined.sv:33$99: $auto$alumacc.cc:485:replace_alu$1568
  creating $alu cell for $flatten\lanes[19].decoder.$lt$/home/rishabh/HPCA2/mosaic_delta_phase1/rtl/xorflow_decoder_pipelined.sv:33$87: $auto$alumacc.cc:485:replace_alu$1573
  creating $alu cell for $flatten\lanes[19].decoder.$lt$/home/rishabh/HPCA2/mosaic_delta_phase1/rtl/xorflow_decoder_pipelined.sv:33$75: $auto$alumacc.cc:485:replace_alu$1578
  creating $alu cell for $flatten\lanes[19].decoder.$lt$/home/rishabh/HPCA2/mosaic_delta_phase1/rtl/xorflow_decoder_pipelined.sv:33$63: $auto$alumacc.cc:485:replace_alu$1583
  creating $alu cell for $flatten\lanes[19].decoder.$lt$/home/rishabh/HPCA2/mosaic_delta_phase1/rtl/xorflow_decoder_pipelined.sv:33$48: $auto$alumacc.cc:485:replace_alu$1588
  creating $alu cell for $flatten\lanes[19].decoder.$lt$/home/rishabh/HPCA2/mosaic_delta_phase1/rtl/xorflow_decoder_pipelined.sv:33$36: $auto$alumacc.cc:485:replace_alu$1593
  creating $alu cell for $flatten\lanes[19].decoder.$lt$/home/rishabh/HPCA2/mosaic_delta_phase1/rtl/xorflow_decoder_pipelined.sv:33$24: $auto$alumacc.cc:485:replace_alu$1598
  creating $alu cell for $flatten\lanes[19].decoder.$lt$/home/rishabh/HPCA2/mosaic_delta_phase1/rtl/xorflow_decoder_pipelined.sv:33$12: $auto$alumacc.cc:485:replace_alu$1603
  creating $alu cell for $flatten\lanes[18].decoder.$lt$/home/rishabh/HPCA2/mosaic_delta_phase1/rtl/xorflow_decoder_pipelined.sv:33$99: $auto$alumacc.cc:485:replace_alu$1608
  creating $alu cell for $flatten\lanes[18].decoder.$lt$/home/rishabh/HPCA2/mosaic_delta_phase1/rtl/xorflow_decoder_pipelined.sv:33$87: $auto$alumacc.cc:485:replace_alu$1613
  creating $alu cell for $flatten\lanes[18].decoder.$lt$/home/rishabh/HPCA2/mosaic_delta_phase1/rtl/xorflow_decoder_pipelined.sv:33$75: $auto$alumacc.cc:485:replace_alu$1618
  creating $alu cell for $flatten\lanes[18].decoder.$lt$/home/rishabh/HPCA2/mosaic_delta_phase1/rtl/xorflow_decoder_pipelined.sv:33$63: $auto$alumacc.cc:485:replace_alu$1623
  creating $alu cell for $flatten\lanes[18].decoder.$lt$/home/rishabh/HPCA2/mosaic_delta_phase1/rtl/xorflow_decoder_pipelined.sv:33$48: $auto$alumacc.cc:485:replace_alu$1628
  creating $alu cell for $flatten\lanes[18].decoder.$lt$/home/rishabh/HPCA2/mosaic_delta_phase1/rtl/xorflow_decoder_pipelined.sv:33$36: $auto$alumacc.cc:485:replace_alu$1633
  creating $alu cell for $flatten\lanes[18].decoder.$lt$/home/rishabh/HPCA2/mosaic_delta_phase1/rtl/xorflow_decoder_pipelined.sv:33$24: $auto$alumacc.cc:485:replace_alu$1638
  creating $alu cell for $flatten\lanes[18].decoder.$lt$/home/rishabh/HPCA2/mosaic_delta_phase1/rtl/xorflow_decoder_pipelined.sv:33$12: $auto$alumacc.cc:485:replace_alu$1643
  creating $alu cell for $flatten\lanes[17].decoder.$lt$/home/rishabh/HPCA2/mosaic_delta_phase1/rtl/xorflow_decoder_pipelined.sv:33$99: $auto$alumacc.cc:485:replace_alu$1648
  creating $alu cell for $flatten\lanes[17].decoder.$lt$/home/rishabh/HPCA2/mosaic_delta_phase1/rtl/xorflow_decoder_pipelined.sv:33$87: $auto$alumacc.cc:485:replace_alu$1653
  creating $alu cell for $flatten\lanes[17].decoder.$lt$/home/rishabh/HPCA2/mosaic_delta_phase1/rtl/xorflow_decoder_pipelined.sv:33$75: $auto$alumacc.cc:485:replace_alu$1658
  creating $alu cell for $flatten\lanes[17].decoder.$lt$/home/rishabh/HPCA2/mosaic_delta_phase1/rtl/xorflow_decoder_pipelined.sv:33$63: $auto$alumacc.cc:485:replace_alu$1663
  creating $alu cell for $flatten\lanes[17].decoder.$lt$/home/rishabh/HPCA2/mosaic_delta_phase1/rtl/xorflow_decoder_pipelined.sv:33$48: $auto$alumacc.cc:485:replace_alu$1668
  creating $alu cell for $flatten\lanes[17].decoder.$lt$/home/rishabh/HPCA2/mosaic_delta_phase1/rtl/xorflow_decoder_pipelined.sv:33$36: $auto$alumacc.cc:485:replace_alu$1673
  creating $alu cell for $flatten\lanes[17].decoder.$lt$/home/rishabh/HPCA2/mosaic_delta_phase1/rtl/xorflow_decoder_pipelined.sv:33$24: $auto$alumacc.cc:485:replace_alu$1678
  creating $alu cell for $flatten\lanes[17].decoder.$lt$/home/rishabh/HPCA2/mosaic_delta_phase1/rtl/xorflow_decoder_pipelined.sv:33$12: $auto$alumacc.cc:485:replace_alu$1683
  creating $alu cell for $flatten\lanes[16].decoder.$lt$/home/rishabh/HPCA2/mosaic_delta_phase1/rtl/xorflow_decoder_pipelined.sv:33$99: $auto$alumacc.cc:485:replace_alu$1688
  creating $alu cell for $flatten\lanes[16].decoder.$lt$/home/rishabh/HPCA2/mosaic_delta_phase1/rtl/xorflow_decoder_pipelined.sv:33$87: $auto$alumacc.cc:485:replace_alu$1693
  creating $alu cell for $flatten\lanes[16].decoder.$lt$/home/rishabh/HPCA2/mosaic_delta_phase1/rtl/xorflow_decoder_pipelined.sv:33$75: $auto$alumacc.cc:485:replace_alu$1698
  creating $alu cell for $flatten\lanes[16].decoder.$lt$/home/rishabh/HPCA2/mosaic_delta_phase1/rtl/xorflow_decoder_pipelined.sv:33$63: $auto$alumacc.cc:485:replace_alu$1703
  creating $alu cell for $flatten\lanes[16].decoder.$lt$/home/rishabh/HPCA2/mosaic_delta_phase1/rtl/xorflow_decoder_pipelined.sv:33$48: $auto$alumacc.cc:485:replace_alu$1708
  creating $alu cell for $flatten\lanes[16].decoder.$lt$/home/rishabh/HPCA2/mosaic_delta_phase1/rtl/xorflow_decoder_pipelined.sv:33$36: $auto$alumacc.cc:485:replace_alu$1713
  creating $alu cell for $flatten\lanes[16].decoder.$lt$/home/rishabh/HPCA2/mosaic_delta_phase1/rtl/xorflow_decoder_pipelined.sv:33$24: $auto$alumacc.cc:485:replace_alu$1718
  creating $alu cell for $flatten\lanes[16].decoder.$lt$/home/rishabh/HPCA2/mosaic_delta_phase1/rtl/xorflow_decoder_pipelined.sv:33$12: $auto$alumacc.cc:485:replace_alu$1723
  creating $alu cell for $flatten\lanes[15].decoder.$lt$/home/rishabh/HPCA2/mosaic_delta_phase1/rtl/xorflow_decoder_pipelined.sv:33$99: $auto$alumacc.cc:485:replace_alu$1728
  creating $alu cell for $flatten\lanes[15].decoder.$lt$/home/rishabh/HPCA2/mosaic_delta_phase1/rtl/xorflow_decoder_pipelined.sv:33$87: $auto$alumacc.cc:485:replace_alu$1733
  creating $alu cell for $flatten\lanes[15].decoder.$lt$/home/rishabh/HPCA2/mosaic_delta_phase1/rtl/xorflow_decoder_pipelined.sv:33$75: $auto$alumacc.cc:485:replace_alu$1738
  creating $alu cell for $flatten\lanes[15].decoder.$lt$/home/rishabh/HPCA2/mosaic_delta_phase1/rtl/xorflow_decoder_pipelined.sv:33$63: $auto$alumacc.cc:485:replace_alu$1743
  creating $alu cell for $flatten\lanes[15].decoder.$lt$/home/rishabh/HPCA2/mosaic_delta_phase1/rtl/xorflow_decoder_pipelined.sv:33$48: $auto$alumacc.cc:485:replace_alu$1748
  creating $alu cell for $flatten\lanes[15].decoder.$lt$/home/rishabh/HPCA2/mosaic_delta_phase1/rtl/xorflow_decoder_pipelined.sv:33$36: $auto$alumacc.cc:485:replace_alu$1753
  creating $alu cell for $flatten\lanes[15].decoder.$lt$/home/rishabh/HPCA2/mosaic_delta_phase1/rtl/xorflow_decoder_pipelined.sv:33$24: $auto$alumacc.cc:485:replace_alu$1758
  creating $alu cell for $flatten\lanes[15].decoder.$lt$/home/rishabh/HPCA2/mosaic_delta_phase1/rtl/xorflow_decoder_pipelined.sv:33$12: $auto$alumacc.cc:485:replace_alu$1763
  creating $alu cell for $flatten\lanes[14].decoder.$lt$/home/rishabh/HPCA2/mosaic_delta_phase1/rtl/xorflow_decoder_pipelined.sv:33$99: $auto$alumacc.cc:485:replace_alu$1768
  creating $alu cell for $flatten\lanes[14].decoder.$lt$/home/rishabh/HPCA2/mosaic_delta_phase1/rtl/xorflow_decoder_pipelined.sv:33$87: $auto$alumacc.cc:485:replace_alu$1773
  creating $alu cell for $flatten\lanes[14].decoder.$lt$/home/rishabh/HPCA2/mosaic_delta_phase1/rtl/xorflow_decoder_pipelined.sv:33$75: $auto$alumacc.cc:485:replace_alu$1778
  creating $alu cell for $flatten\lanes[14].decoder.$lt$/home/rishabh/HPCA2/mosaic_delta_phase1/rtl/xorflow_decoder_pipelined.sv:33$63: $auto$alumacc.cc:485:replace_alu$1783
  creating $alu cell for $flatten\lanes[14].decoder.$lt$/home/rishabh/HPCA2/mosaic_delta_phase1/rtl/xorflow_decoder_pipelined.sv:33$48: $auto$alumacc.cc:485:replace_alu$1788
  creating $alu cell for $flatten\lanes[14].decoder.$lt$/home/rishabh/HPCA2/mosaic_delta_phase1/rtl/xorflow_decoder_pipelined.sv:33$36: $auto$alumacc.cc:485:replace_alu$1793
  creating $alu cell for $flatten\lanes[14].decoder.$lt$/home/rishabh/HPCA2/mosaic_delta_phase1/rtl/xorflow_decoder_pipelined.sv:33$24: $auto$alumacc.cc:485:replace_alu$1798
  creating $alu cell for $flatten\lanes[14].decoder.$lt$/home/rishabh/HPCA2/mosaic_delta_phase1/rtl/xorflow_decoder_pipelined.sv:33$12: $auto$alumacc.cc:485:replace_alu$1803
  creating $alu cell for $flatten\lanes[13].decoder.$lt$/home/rishabh/HPCA2/mosaic_delta_phase1/rtl/xorflow_decoder_pipelined.sv:33$99: $auto$alumacc.cc:485:replace_alu$1808
  creating $alu cell for $flatten\lanes[13].decoder.$lt$/home/rishabh/HPCA2/mosaic_delta_phase1/rtl/xorflow_decoder_pipelined.sv:33$87: $auto$alumacc.cc:485:replace_alu$1813
  creating $alu cell for $flatten\lanes[13].decoder.$lt$/home/rishabh/HPCA2/mosaic_delta_phase1/rtl/xorflow_decoder_pipelined.sv:33$75: $auto$alumacc.cc:485:replace_alu$1818
  creating $alu cell for $flatten\lanes[13].decoder.$lt$/home/rishabh/HPCA2/mosaic_delta_phase1/rtl/xorflow_decoder_pipelined.sv:33$63: $auto$alumacc.cc:485:replace_alu$1823
  creating $alu cell for $flatten\lanes[13].decoder.$lt$/home/rishabh/HPCA2/mosaic_delta_phase1/rtl/xorflow_decoder_pipelined.sv:33$48: $auto$alumacc.cc:485:replace_alu$1828
  creating $alu cell for $flatten\lanes[13].decoder.$lt$/home/rishabh/HPCA2/mosaic_delta_phase1/rtl/xorflow_decoder_pipelined.sv:33$36: $auto$alumacc.cc:485:replace_alu$1833
  creating $alu cell for $flatten\lanes[13].decoder.$lt$/home/rishabh/HPCA2/mosaic_delta_phase1/rtl/xorflow_decoder_pipelined.sv:33$24: $auto$alumacc.cc:485:replace_alu$1838
  creating $alu cell for $flatten\lanes[13].decoder.$lt$/home/rishabh/HPCA2/mosaic_delta_phase1/rtl/xorflow_decoder_pipelined.sv:33$12: $auto$alumacc.cc:485:replace_alu$1843
  creating $alu cell for $flatten\lanes[12].decoder.$lt$/home/rishabh/HPCA2/mosaic_delta_phase1/rtl/xorflow_decoder_pipelined.sv:33$99: $auto$alumacc.cc:485:replace_alu$1848
  creating $alu cell for $flatten\lanes[12].decoder.$lt$/home/rishabh/HPCA2/mosaic_delta_phase1/rtl/xorflow_decoder_pipelined.sv:33$87: $auto$alumacc.cc:485:replace_alu$1853
  creating $alu cell for $flatten\lanes[12].decoder.$lt$/home/rishabh/HPCA2/mosaic_delta_phase1/rtl/xorflow_decoder_pipelined.sv:33$75: $auto$alumacc.cc:485:replace_alu$1858
  creating $alu cell for $flatten\lanes[12].decoder.$lt$/home/rishabh/HPCA2/mosaic_delta_phase1/rtl/xorflow_decoder_pipelined.sv:33$63: $auto$alumacc.cc:485:replace_alu$1863
  creating $alu cell for $flatten\lanes[12].decoder.$lt$/home/rishabh/HPCA2/mosaic_delta_phase1/rtl/xorflow_decoder_pipelined.sv:33$48: $auto$alumacc.cc:485:replace_alu$1868
  creating $alu cell for $flatten\lanes[12].decoder.$lt$/home/rishabh/HPCA2/mosaic_delta_phase1/rtl/xorflow_decoder_pipelined.sv:33$36: $auto$alumacc.cc:485:replace_alu$1873
  creating $alu cell for $flatten\lanes[12].decoder.$lt$/home/rishabh/HPCA2/mosaic_delta_phase1/rtl/xorflow_decoder_pipelined.sv:33$24: $auto$alumacc.cc:485:replace_alu$1878
  creating $alu cell for $flatten\lanes[12].decoder.$lt$/home/rishabh/HPCA2/mosaic_delta_phase1/rtl/xorflow_decoder_pipelined.sv:33$12: $auto$alumacc.cc:485:replace_alu$1883
  creating $alu cell for $flatten\lanes[11].decoder.$lt$/home/rishabh/HPCA2/mosaic_delta_phase1/rtl/xorflow_decoder_pipelined.sv:33$99: $auto$alumacc.cc:485:replace_alu$1888
  creating $alu cell for $flatten\lanes[11].decoder.$lt$/home/rishabh/HPCA2/mosaic_delta_phase1/rtl/xorflow_decoder_pipelined.sv:33$87: $auto$alumacc.cc:485:replace_alu$1893
  creating $alu cell for $flatten\lanes[11].decoder.$lt$/home/rishabh/HPCA2/mosaic_delta_phase1/rtl/xorflow_decoder_pipelined.sv:33$75: $auto$alumacc.cc:485:replace_alu$1898
  creating $alu cell for $flatten\lanes[11].decoder.$lt$/home/rishabh/HPCA2/mosaic_delta_phase1/rtl/xorflow_decoder_pipelined.sv:33$63: $auto$alumacc.cc:485:replace_alu$1903
  creating $alu cell for $flatten\lanes[11].decoder.$lt$/home/rishabh/HPCA2/mosaic_delta_phase1/rtl/xorflow_decoder_pipelined.sv:33$48: $auto$alumacc.cc:485:replace_alu$1908
  creating $alu cell for $flatten\lanes[11].decoder.$lt$/home/rishabh/HPCA2/mosaic_delta_phase1/rtl/xorflow_decoder_pipelined.sv:33$36: $auto$alumacc.cc:485:replace_alu$1913
  creating $alu cell for $flatten\lanes[11].decoder.$lt$/home/rishabh/HPCA2/mosaic_delta_phase1/rtl/xorflow_decoder_pipelined.sv:33$24: $auto$alumacc.cc:485:replace_alu$1918
  creating $alu cell for $flatten\lanes[11].decoder.$lt$/home/rishabh/HPCA2/mosaic_delta_phase1/rtl/xorflow_decoder_pipelined.sv:33$12: $auto$alumacc.cc:485:replace_alu$1923
  creating $alu cell for $flatten\lanes[10].decoder.$lt$/home/rishabh/HPCA2/mosaic_delta_phase1/rtl/xorflow_decoder_pipelined.sv:33$99: $auto$alumacc.cc:485:replace_alu$1928
  creating $alu cell for $flatten\lanes[10].decoder.$lt$/home/rishabh/HPCA2/mosaic_delta_phase1/rtl/xorflow_decoder_pipelined.sv:33$87: $auto$alumacc.cc:485:replace_alu$1933
  creating $alu cell for $flatten\lanes[10].decoder.$lt$/home/rishabh/HPCA2/mosaic_delta_phase1/rtl/xorflow_decoder_pipelined.sv:33$75: $auto$alumacc.cc:485:replace_alu$1938
  creating $alu cell for $flatten\lanes[10].decoder.$lt$/home/rishabh/HPCA2/mosaic_delta_phase1/rtl/xorflow_decoder_pipelined.sv:33$63: $auto$alumacc.cc:485:replace_alu$1943
  creating $alu cell for $flatten\lanes[10].decoder.$lt$/home/rishabh/HPCA2/mosaic_delta_phase1/rtl/xorflow_decoder_pipelined.sv:33$48: $auto$alumacc.cc:485:replace_alu$1948
  creating $alu cell for $flatten\lanes[10].decoder.$lt$/home/rishabh/HPCA2/mosaic_delta_phase1/rtl/xorflow_decoder_pipelined.sv:33$36: $auto$alumacc.cc:485:replace_alu$1953
  creating $alu cell for $flatten\lanes[10].decoder.$lt$/home/rishabh/HPCA2/mosaic_delta_phase1/rtl/xorflow_decoder_pipelined.sv:33$24: $auto$alumacc.cc:485:replace_alu$1958
  creating $alu cell for $flatten\lanes[10].decoder.$lt$/home/rishabh/HPCA2/mosaic_delta_phase1/rtl/xorflow_decoder_pipelined.sv:33$12: $auto$alumacc.cc:485:replace_alu$1963
  creating $alu cell for $flatten\lanes[0].decoder.$lt$/home/rishabh/HPCA2/mosaic_delta_phase1/rtl/xorflow_decoder_pipelined.sv:33$99: $auto$alumacc.cc:485:replace_alu$1968
  creating $alu cell for $flatten\lanes[0].decoder.$lt$/home/rishabh/HPCA2/mosaic_delta_phase1/rtl/xorflow_decoder_pipelined.sv:33$87: $auto$alumacc.cc:485:replace_alu$1973
  creating $alu cell for $flatten\lanes[0].decoder.$lt$/home/rishabh/HPCA2/mosaic_delta_phase1/rtl/xorflow_decoder_pipelined.sv:33$75: $auto$alumacc.cc:485:replace_alu$1978
  creating $alu cell for $flatten\lanes[0].decoder.$lt$/home/rishabh/HPCA2/mosaic_delta_phase1/rtl/xorflow_decoder_pipelined.sv:33$63: $auto$alumacc.cc:485:replace_alu$1983
  creating $alu cell for $flatten\lanes[0].decoder.$lt$/home/rishabh/HPCA2/mosaic_delta_phase1/rtl/xorflow_decoder_pipelined.sv:33$48: $auto$alumacc.cc:485:replace_alu$1988
  creating $alu cell for $flatten\lanes[0].decoder.$lt$/home/rishabh/HPCA2/mosaic_delta_phase1/rtl/xorflow_decoder_pipelined.sv:33$36: $auto$alumacc.cc:485:replace_alu$1993
  creating $alu cell for $flatten\lanes[0].decoder.$lt$/home/rishabh/HPCA2/mosaic_delta_phase1/rtl/xorflow_decoder_pipelined.sv:33$24: $auto$alumacc.cc:485:replace_alu$1998
  creating $alu cell for $flatten\lanes[0].decoder.$lt$/home/rishabh/HPCA2/mosaic_delta_phase1/rtl/xorflow_decoder_pipelined.sv:33$12: $auto$alumacc.cc:485:replace_alu$2003
  creating $alu cell for $flatten\lanes[0].decoder.$add$/home/rishabh/HPCA2/mosaic_delta_phase1/rtl/xorflow_decoder_pipelined.sv:20$103: $auto$alumacc.cc:485:replace_alu$2008
  creating $alu cell for $flatten\lanes[0].decoder.$add$/home/rishabh/HPCA2/mosaic_delta_phase1/rtl/xorflow_decoder_pipelined.sv:20$104: $auto$alumacc.cc:485:replace_alu$2011
  creating $alu cell for $flatten\lanes[0].decoder.$add$/home/rishabh/HPCA2/mosaic_delta_phase1/rtl/xorflow_decoder_pipelined.sv:20$106: $auto$alumacc.cc:485:replace_alu$2014
  creating $alu cell for $flatten\lanes[0].decoder.$add$/home/rishabh/HPCA2/mosaic_delta_phase1/rtl/xorflow_decoder_pipelined.sv:20$108: $auto$alumacc.cc:485:replace_alu$2017
  creating $alu cell for $flatten\lanes[0].decoder.$add$/home/rishabh/HPCA2/mosaic_delta_phase1/rtl/xorflow_decoder_pipelined.sv:20$111: $auto$alumacc.cc:485:replace_alu$2020
  creating $alu cell for $flatten\lanes[0].decoder.$add$/home/rishabh/HPCA2/mosaic_delta_phase1/rtl/xorflow_decoder_pipelined.sv:20$114: $auto$alumacc.cc:485:replace_alu$2023
  creating $alu cell for $flatten\lanes[0].decoder.$add$/home/rishabh/HPCA2/mosaic_delta_phase1/rtl/xorflow_decoder_pipelined.sv:20$117: $auto$alumacc.cc:485:replace_alu$2026
  creating $alu cell for $flatten\lanes[0].decoder.$add$/home/rishabh/HPCA2/mosaic_delta_phase1/rtl/xorflow_decoder_pipelined.sv:21$105: $auto$alumacc.cc:485:replace_alu$2029
  creating $alu cell for $flatten\lanes[0].decoder.$add$/home/rishabh/HPCA2/mosaic_delta_phase1/rtl/xorflow_decoder_pipelined.sv:21$107: $auto$alumacc.cc:485:replace_alu$2032
  creating $alu cell for $flatten\lanes[0].decoder.$add$/home/rishabh/HPCA2/mosaic_delta_phase1/rtl/xorflow_decoder_pipelined.sv:21$109: $auto$alumacc.cc:485:replace_alu$2035
  creating $alu cell for $flatten\lanes[0].decoder.$add$/home/rishabh/HPCA2/mosaic_delta_phase1/rtl/xorflow_decoder_pipelined.sv:21$112: $auto$alumacc.cc:485:replace_alu$2038
  creating $alu cell for $flatten\lanes[0].decoder.$add$/home/rishabh/HPCA2/mosaic_delta_phase1/rtl/xorflow_decoder_pipelined.sv:21$115: $auto$alumacc.cc:485:replace_alu$2041
  creating $alu cell for $flatten\lanes[0].decoder.$add$/home/rishabh/HPCA2/mosaic_delta_phase1/rtl/xorflow_decoder_pipelined.sv:21$118: $auto$alumacc.cc:485:replace_alu$2044
  creating $alu cell for $flatten\lanes[9].decoder.$add$/home/rishabh/HPCA2/mosaic_delta_phase1/rtl/xorflow_decoder_pipelined.sv:31$9: $auto$alumacc.cc:485:replace_alu$2047
  creating $alu cell for $flatten\lanes[0].decoder.$add$/home/rishabh/HPCA2/mosaic_delta_phase1/rtl/xorflow_decoder_pipelined.sv:31$21: $auto$alumacc.cc:485:replace_alu$2050
  creating $alu cell for $flatten\lanes[0].decoder.$add$/home/rishabh/HPCA2/mosaic_delta_phase1/rtl/xorflow_decoder_pipelined.sv:31$33: $auto$alumacc.cc:485:replace_alu$2053
  creating $alu cell for $flatten\lanes[0].decoder.$add$/home/rishabh/HPCA2/mosaic_delta_phase1/rtl/xorflow_decoder_pipelined.sv:31$45: $auto$alumacc.cc:485:replace_alu$2056
  creating $alu cell for $flatten\lanes[0].decoder.$add$/home/rishabh/HPCA2/mosaic_delta_phase1/rtl/xorflow_decoder_pipelined.sv:31$9: $auto$alumacc.cc:485:replace_alu$2059
  creating $alu cell for $flatten\lanes[10].decoder.$add$/home/rishabh/HPCA2/mosaic_delta_phase1/rtl/xorflow_decoder_pipelined.sv:20$103: $auto$alumacc.cc:485:replace_alu$2062
  creating $alu cell for $flatten\lanes[10].decoder.$add$/home/rishabh/HPCA2/mosaic_delta_phase1/rtl/xorflow_decoder_pipelined.sv:20$104: $auto$alumacc.cc:485:replace_alu$2065
  creating $alu cell for $flatten\lanes[10].decoder.$add$/home/rishabh/HPCA2/mosaic_delta_phase1/rtl/xorflow_decoder_pipelined.sv:20$106: $auto$alumacc.cc:485:replace_alu$2068
  creating $alu cell for $flatten\lanes[10].decoder.$add$/home/rishabh/HPCA2/mosaic_delta_phase1/rtl/xorflow_decoder_pipelined.sv:20$108: $auto$alumacc.cc:485:replace_alu$2071
  creating $alu cell for $flatten\lanes[10].decoder.$add$/home/rishabh/HPCA2/mosaic_delta_phase1/rtl/xorflow_decoder_pipelined.sv:20$111: $auto$alumacc.cc:485:replace_alu$2074
  creating $alu cell for $flatten\lanes[10].decoder.$add$/home/rishabh/HPCA2/mosaic_delta_phase1/rtl/xorflow_decoder_pipelined.sv:20$114: $auto$alumacc.cc:485:replace_alu$2077
  creating $alu cell for $flatten\lanes[10].decoder.$add$/home/rishabh/HPCA2/mosaic_delta_phase1/rtl/xorflow_decoder_pipelined.sv:20$117: $auto$alumacc.cc:485:replace_alu$2080
  creating $alu cell for $flatten\lanes[10].decoder.$add$/home/rishabh/HPCA2/mosaic_delta_phase1/rtl/xorflow_decoder_pipelined.sv:21$105: $auto$alumacc.cc:485:replace_alu$2083
  creating $alu cell for $flatten\lanes[10].decoder.$add$/home/rishabh/HPCA2/mosaic_delta_phase1/rtl/xorflow_decoder_pipelined.sv:21$107: $auto$alumacc.cc:485:replace_alu$2086
  creating $alu cell for $flatten\lanes[10].decoder.$add$/home/rishabh/HPCA2/mosaic_delta_phase1/rtl/xorflow_decoder_pipelined.sv:21$109: $auto$alumacc.cc:485:replace_alu$2089
  creating $alu cell for $flatten\lanes[10].decoder.$add$/home/rishabh/HPCA2/mosaic_delta_phase1/rtl/xorflow_decoder_pipelined.sv:21$112: $auto$alumacc.cc:485:replace_alu$2092
  creating $alu cell for $flatten\lanes[10].decoder.$add$/home/rishabh/HPCA2/mosaic_delta_phase1/rtl/xorflow_decoder_pipelined.sv:21$115: $auto$alumacc.cc:485:replace_alu$2095
  creating $alu cell for $flatten\lanes[10].decoder.$add$/home/rishabh/HPCA2/mosaic_delta_phase1/rtl/xorflow_decoder_pipelined.sv:21$118: $auto$alumacc.cc:485:replace_alu$2098
  creating $alu cell for $flatten\lanes[9].decoder.$add$/home/rishabh/HPCA2/mosaic_delta_phase1/rtl/xorflow_decoder_pipelined.sv:31$45: $auto$alumacc.cc:485:replace_alu$2101
  creating $alu cell for $flatten\lanes[9].decoder.$add$/home/rishabh/HPCA2/mosaic_delta_phase1/rtl/xorflow_decoder_pipelined.sv:31$33: $auto$alumacc.cc:485:replace_alu$2104
  creating $alu cell for $flatten\lanes[9].decoder.$add$/home/rishabh/HPCA2/mosaic_delta_phase1/rtl/xorflow_decoder_pipelined.sv:31$21: $auto$alumacc.cc:485:replace_alu$2107
  creating $alu cell for $flatten\lanes[10].decoder.$add$/home/rishabh/HPCA2/mosaic_delta_phase1/rtl/xorflow_decoder_pipelined.sv:31$21: $auto$alumacc.cc:485:replace_alu$2110
  creating $alu cell for $flatten\lanes[10].decoder.$add$/home/rishabh/HPCA2/mosaic_delta_phase1/rtl/xorflow_decoder_pipelined.sv:31$33: $auto$alumacc.cc:485:replace_alu$2113
  creating $alu cell for $flatten\lanes[10].decoder.$add$/home/rishabh/HPCA2/mosaic_delta_phase1/rtl/xorflow_decoder_pipelined.sv:31$45: $auto$alumacc.cc:485:replace_alu$2116
  creating $alu cell for $flatten\lanes[10].decoder.$add$/home/rishabh/HPCA2/mosaic_delta_phase1/rtl/xorflow_decoder_pipelined.sv:31$9: $auto$alumacc.cc:485:replace_alu$2119
  creating $alu cell for $flatten\lanes[11].decoder.$add$/home/rishabh/HPCA2/mosaic_delta_phase1/rtl/xorflow_decoder_pipelined.sv:20$103: $auto$alumacc.cc:485:replace_alu$2122
  creating $alu cell for $flatten\lanes[11].decoder.$add$/home/rishabh/HPCA2/mosaic_delta_phase1/rtl/xorflow_decoder_pipelined.sv:20$104: $auto$alumacc.cc:485:replace_alu$2125
  creating $alu cell for $flatten\lanes[11].decoder.$add$/home/rishabh/HPCA2/mosaic_delta_phase1/rtl/xorflow_decoder_pipelined.sv:20$106: $auto$alumacc.cc:485:replace_alu$2128
  creating $alu cell for $flatten\lanes[11].decoder.$add$/home/rishabh/HPCA2/mosaic_delta_phase1/rtl/xorflow_decoder_pipelined.sv:20$108: $auto$alumacc.cc:485:replace_alu$2131
  creating $alu cell for $flatten\lanes[11].decoder.$add$/home/rishabh/HPCA2/mosaic_delta_phase1/rtl/xorflow_decoder_pipelined.sv:20$111: $auto$alumacc.cc:485:replace_alu$2134
  creating $alu cell for $flatten\lanes[11].decoder.$add$/home/rishabh/HPCA2/mosaic_delta_phase1/rtl/xorflow_decoder_pipelined.sv:20$114: $auto$alumacc.cc:485:replace_alu$2137
  creating $alu cell for $flatten\lanes[11].decoder.$add$/home/rishabh/HPCA2/mosaic_delta_phase1/rtl/xorflow_decoder_pipelined.sv:20$117: $auto$alumacc.cc:485:replace_alu$2140
  creating $alu cell for $flatten\lanes[11].decoder.$add$/home/rishabh/HPCA2/mosaic_delta_phase1/rtl/xorflow_decoder_pipelined.sv:21$105: $auto$alumacc.cc:485:replace_alu$2143
  creating $alu cell for $flatten\lanes[11].decoder.$add$/home/rishabh/HPCA2/mosaic_delta_phase1/rtl/xorflow_decoder_pipelined.sv:21$107: $auto$alumacc.cc:485:replace_alu$2146
  creating $alu cell for $flatten\lanes[11].decoder.$add$/home/rishabh/HPCA2/mosaic_delta_phase1/rtl/xorflow_decoder_pipelined.sv:21$109: $auto$alumacc.cc:485:replace_alu$2149
  creating $alu cell for $flatten\lanes[11].decoder.$add$/home/rishabh/HPCA2/mosaic_delta_phase1/rtl/xorflow_decoder_pipelined.sv:21$112: $auto$alumacc.cc:485:replace_alu$2152
  creating $alu cell for $flatten\lanes[11].decoder.$add$/home/rishabh/HPCA2/mosaic_delta_phase1/rtl/xorflow_decoder_pipelined.sv:21$115: $auto$alumacc.cc:485:replace_alu$2155
  creating $alu cell for $flatten\lanes[11].decoder.$add$/home/rishabh/HPCA2/mosaic_delta_phase1/rtl/xorflow_decoder_pipelined.sv:21$118: $auto$alumacc.cc:485:replace_alu$2158
  creating $alu cell for $flatten\lanes[4].decoder.$add$/home/rishabh/HPCA2/mosaic_delta_phase1/rtl/xorflow_decoder_pipelined.sv:31$9: $auto$alumacc.cc:485:replace_alu$2161
  creating $alu cell for $flatten\lanes[5].decoder.$add$/home/rishabh/HPCA2/mosaic_delta_phase1/rtl/xorflow_decoder_pipelined.sv:20$103: $auto$alumacc.cc:485:replace_alu$2164
  creating $alu cell for $flatten\lanes[11].decoder.$add$/home/rishabh/HPCA2/mosaic_delta_phase1/rtl/xorflow_decoder_pipelined.sv:31$21: $auto$alumacc.cc:485:replace_alu$2167
  creating $alu cell for $flatten\lanes[11].decoder.$add$/home/rishabh/HPCA2/mosaic_delta_phase1/rtl/xorflow_decoder_pipelined.sv:31$33: $auto$alumacc.cc:485:replace_alu$2170
  creating $alu cell for $flatten\lanes[11].decoder.$add$/home/rishabh/HPCA2/mosaic_delta_phase1/rtl/xorflow_decoder_pipelined.sv:31$45: $auto$alumacc.cc:485:replace_alu$2173
  creating $alu cell for $flatten\lanes[11].decoder.$add$/home/rishabh/HPCA2/mosaic_delta_phase1/rtl/xorflow_decoder_pipelined.sv:31$9: $auto$alumacc.cc:485:replace_alu$2176
  creating $alu cell for $flatten\lanes[12].decoder.$add$/home/rishabh/HPCA2/mosaic_delta_phase1/rtl/xorflow_decoder_pipelined.sv:20$103: $auto$alumacc.cc:485:replace_alu$2179
  creating $alu cell for $flatten\lanes[12].decoder.$add$/home/rishabh/HPCA2/mosaic_delta_phase1/rtl/xorflow_decoder_pipelined.sv:20$104: $auto$alumacc.cc:485:replace_alu$2182
  creating $alu cell for $flatten\lanes[12].decoder.$add$/home/rishabh/HPCA2/mosaic_delta_phase1/rtl/xorflow_decoder_pipelined.sv:20$106: $auto$alumacc.cc:485:replace_alu$2185
  creating $alu cell for $flatten\lanes[12].decoder.$add$/home/rishabh/HPCA2/mosaic_delta_phase1/rtl/xorflow_decoder_pipelined.sv:20$108: $auto$alumacc.cc:485:replace_alu$2188
  creating $alu cell for $flatten\lanes[12].decoder.$add$/home/rishabh/HPCA2/mosaic_delta_phase1/rtl/xorflow_decoder_pipelined.sv:20$111: $auto$alumacc.cc:485:replace_alu$2191
  creating $alu cell for $flatten\lanes[12].decoder.$add$/home/rishabh/HPCA2/mosaic_delta_phase1/rtl/xorflow_decoder_pipelined.sv:20$114: $auto$alumacc.cc:485:replace_alu$2194
  creating $alu cell for $flatten\lanes[12].decoder.$add$/home/rishabh/HPCA2/mosaic_delta_phase1/rtl/xorflow_decoder_pipelined.sv:20$117: $auto$alumacc.cc:485:replace_alu$2197
  creating $alu cell for $flatten\lanes[12].decoder.$add$/home/rishabh/HPCA2/mosaic_delta_phase1/rtl/xorflow_decoder_pipelined.sv:21$105: $auto$alumacc.cc:485:replace_alu$2200
  creating $alu cell for $flatten\lanes[12].decoder.$add$/home/rishabh/HPCA2/mosaic_delta_phase1/rtl/xorflow_decoder_pipelined.sv:21$107: $auto$alumacc.cc:485:replace_alu$2203
  creating $alu cell for $flatten\lanes[12].decoder.$add$/home/rishabh/HPCA2/mosaic_delta_phase1/rtl/xorflow_decoder_pipelined.sv:21$109: $auto$alumacc.cc:485:replace_alu$2206
  creating $alu cell for $flatten\lanes[12].decoder.$add$/home/rishabh/HPCA2/mosaic_delta_phase1/rtl/xorflow_decoder_pipelined.sv:21$112: $auto$alumacc.cc:485:replace_alu$2209
  creating $alu cell for $flatten\lanes[12].decoder.$add$/home/rishabh/HPCA2/mosaic_delta_phase1/rtl/xorflow_decoder_pipelined.sv:21$115: $auto$alumacc.cc:485:replace_alu$2212
  creating $alu cell for $flatten\lanes[12].decoder.$add$/home/rishabh/HPCA2/mosaic_delta_phase1/rtl/xorflow_decoder_pipelined.sv:21$118: $auto$alumacc.cc:485:replace_alu$2215
  creating $alu cell for $flatten\lanes[9].decoder.$add$/home/rishabh/HPCA2/mosaic_delta_phase1/rtl/xorflow_decoder_pipelined.sv:21$118: $auto$alumacc.cc:485:replace_alu$2218
  creating $alu cell for $flatten\lanes[9].decoder.$add$/home/rishabh/HPCA2/mosaic_delta_phase1/rtl/xorflow_decoder_pipelined.sv:21$115: $auto$alumacc.cc:485:replace_alu$2221
  creating $alu cell for $flatten\lanes[9].decoder.$add$/home/rishabh/HPCA2/mosaic_delta_phase1/rtl/xorflow_decoder_pipelined.sv:21$112: $auto$alumacc.cc:485:replace_alu$2224
  creating $alu cell for $flatten\lanes[9].decoder.$add$/home/rishabh/HPCA2/mosaic_delta_phase1/rtl/xorflow_decoder_pipelined.sv:21$109: $auto$alumacc.cc:485:replace_alu$2227
  creating $alu cell for $flatten\lanes[12].decoder.$add$/home/rishabh/HPCA2/mosaic_delta_phase1/rtl/xorflow_decoder_pipelined.sv:31$21: $auto$alumacc.cc:485:replace_alu$2230
  creating $alu cell for $flatten\lanes[12].decoder.$add$/home/rishabh/HPCA2/mosaic_delta_phase1/rtl/xorflow_decoder_pipelined.sv:31$33: $auto$alumacc.cc:485:replace_alu$2233
  creating $alu cell for $flatten\lanes[12].decoder.$add$/home/rishabh/HPCA2/mosaic_delta_phase1/rtl/xorflow_decoder_pipelined.sv:31$45: $auto$alumacc.cc:485:replace_alu$2236
  creating $alu cell for $flatten\lanes[12].decoder.$add$/home/rishabh/HPCA2/mosaic_delta_phase1/rtl/xorflow_decoder_pipelined.sv:31$9: $auto$alumacc.cc:485:replace_alu$2239
  creating $alu cell for $flatten\lanes[13].decoder.$add$/home/rishabh/HPCA2/mosaic_delta_phase1/rtl/xorflow_decoder_pipelined.sv:20$103: $auto$alumacc.cc:485:replace_alu$2242
  creating $alu cell for $flatten\lanes[13].decoder.$add$/home/rishabh/HPCA2/mosaic_delta_phase1/rtl/xorflow_decoder_pipelined.sv:20$104: $auto$alumacc.cc:485:replace_alu$2245
  creating $alu cell for $flatten\lanes[13].decoder.$add$/home/rishabh/HPCA2/mosaic_delta_phase1/rtl/xorflow_decoder_pipelined.sv:20$106: $auto$alumacc.cc:485:replace_alu$2248
  creating $alu cell for $flatten\lanes[13].decoder.$add$/home/rishabh/HPCA2/mosaic_delta_phase1/rtl/xorflow_decoder_pipelined.sv:20$108: $auto$alumacc.cc:485:replace_alu$2251
  creating $alu cell for $flatten\lanes[13].decoder.$add$/home/rishabh/HPCA2/mosaic_delta_phase1/rtl/xorflow_decoder_pipelined.sv:20$111: $auto$alumacc.cc:485:replace_alu$2254
  creating $alu cell for $flatten\lanes[13].decoder.$add$/home/rishabh/HPCA2/mosaic_delta_phase1/rtl/xorflow_decoder_pipelined.sv:20$114: $auto$alumacc.cc:485:replace_alu$2257
  creating $alu cell for $flatten\lanes[13].decoder.$add$/home/rishabh/HPCA2/mosaic_delta_phase1/rtl/xorflow_decoder_pipelined.sv:20$117: $auto$alumacc.cc:485:replace_alu$2260
  creating $alu cell for $flatten\lanes[13].decoder.$add$/home/rishabh/HPCA2/mosaic_delta_phase1/rtl/xorflow_decoder_pipelined.sv:21$105: $auto$alumacc.cc:485:replace_alu$2263
  creating $alu cell for $flatten\lanes[13].decoder.$add$/home/rishabh/HPCA2/mosaic_delta_phase1/rtl/xorflow_decoder_pipelined.sv:21$107: $auto$alumacc.cc:485:replace_alu$2266
  creating $alu cell for $flatten\lanes[13].decoder.$add$/home/rishabh/HPCA2/mosaic_delta_phase1/rtl/xorflow_decoder_pipelined.sv:21$109: $auto$alumacc.cc:485:replace_alu$2269
  creating $alu cell for $flatten\lanes[13].decoder.$add$/home/rishabh/HPCA2/mosaic_delta_phase1/rtl/xorflow_decoder_pipelined.sv:21$112: $auto$alumacc.cc:485:replace_alu$2272
  creating $alu cell for $flatten\lanes[13].decoder.$add$/home/rishabh/HPCA2/mosaic_delta_phase1/rtl/xorflow_decoder_pipelined.sv:21$115: $auto$alumacc.cc:485:replace_alu$2275
  creating $alu cell for $flatten\lanes[13].decoder.$add$/home/rishabh/HPCA2/mosaic_delta_phase1/rtl/xorflow_decoder_pipelined.sv:21$118: $auto$alumacc.cc:485:replace_alu$2278
  creating $alu cell for $flatten\lanes[9].decoder.$add$/home/rishabh/HPCA2/mosaic_delta_phase1/rtl/xorflow_decoder_pipelined.sv:21$107: $auto$alumacc.cc:485:replace_alu$2281
  creating $alu cell for $flatten\lanes[9].decoder.$add$/home/rishabh/HPCA2/mosaic_delta_phase1/rtl/xorflow_decoder_pipelined.sv:21$105: $auto$alumacc.cc:485:replace_alu$2284
  creating $alu cell for $flatten\lanes[9].decoder.$add$/home/rishabh/HPCA2/mosaic_delta_phase1/rtl/xorflow_decoder_pipelined.sv:20$117: $auto$alumacc.cc:485:replace_alu$2287
  creating $alu cell for $flatten\lanes[9].decoder.$add$/home/rishabh/HPCA2/mosaic_delta_phase1/rtl/xorflow_decoder_pipelined.sv:20$114: $auto$alumacc.cc:485:replace_alu$2290
  creating $alu cell for $flatten\lanes[13].decoder.$add$/home/rishabh/HPCA2/mosaic_delta_phase1/rtl/xorflow_decoder_pipelined.sv:31$21: $auto$alumacc.cc:485:replace_alu$2293
  creating $alu cell for $flatten\lanes[13].decoder.$add$/home/rishabh/HPCA2/mosaic_delta_phase1/rtl/xorflow_decoder_pipelined.sv:31$33: $auto$alumacc.cc:485:replace_alu$2296
  creating $alu cell for $flatten\lanes[13].decoder.$add$/home/rishabh/HPCA2/mosaic_delta_phase1/rtl/xorflow_decoder_pipelined.sv:31$45: $auto$alumacc.cc:485:replace_alu$2299
  creating $alu cell for $flatten\lanes[13].decoder.$add$/home/rishabh/HPCA2/mosaic_delta_phase1/rtl/xorflow_decoder_pipelined.sv:31$9: $auto$alumacc.cc:485:replace_alu$2302
  creating $alu cell for $flatten\lanes[14].decoder.$add$/home/rishabh/HPCA2/mosaic_delta_phase1/rtl/xorflow_decoder_pipelined.sv:20$103: $auto$alumacc.cc:485:replace_alu$2305
  creating $alu cell for $flatten\lanes[14].decoder.$add$/home/rishabh/HPCA2/mosaic_delta_phase1/rtl/xorflow_decoder_pipelined.sv:20$104: $auto$alumacc.cc:485:replace_alu$2308
  creating $alu cell for $flatten\lanes[14].decoder.$add$/home/rishabh/HPCA2/mosaic_delta_phase1/rtl/xorflow_decoder_pipelined.sv:20$106: $auto$alumacc.cc:485:replace_alu$2311
  creating $alu cell for $flatten\lanes[14].decoder.$add$/home/rishabh/HPCA2/mosaic_delta_phase1/rtl/xorflow_decoder_pipelined.sv:20$108: $auto$alumacc.cc:485:replace_alu$2314
  creating $alu cell for $flatten\lanes[14].decoder.$add$/home/rishabh/HPCA2/mosaic_delta_phase1/rtl/xorflow_decoder_pipelined.sv:20$111: $auto$alumacc.cc:485:replace_alu$2317
  creating $alu cell for $flatten\lanes[14].decoder.$add$/home/rishabh/HPCA2/mosaic_delta_phase1/rtl/xorflow_decoder_pipelined.sv:20$114: $auto$alumacc.cc:485:replace_alu$2320
  creating $alu cell for $flatten\lanes[14].decoder.$add$/home/rishabh/HPCA2/mosaic_delta_phase1/rtl/xorflow_decoder_pipelined.sv:20$117: $auto$alumacc.cc:485:replace_alu$2323
  creating $alu cell for $flatten\lanes[14].decoder.$add$/home/rishabh/HPCA2/mosaic_delta_phase1/rtl/xorflow_decoder_pipelined.sv:21$105: $auto$alumacc.cc:485:replace_alu$2326
  creating $alu cell for $flatten\lanes[14].decoder.$add$/home/rishabh/HPCA2/mosaic_delta_phase1/rtl/xorflow_decoder_pipelined.sv:21$107: $auto$alumacc.cc:485:replace_alu$2329
  creating $alu cell for $flatten\lanes[14].decoder.$add$/home/rishabh/HPCA2/mosaic_delta_phase1/rtl/xorflow_decoder_pipelined.sv:21$109: $auto$alumacc.cc:485:replace_alu$2332
  creating $alu cell for $flatten\lanes[14].decoder.$add$/home/rishabh/HPCA2/mosaic_delta_phase1/rtl/xorflow_decoder_pipelined.sv:21$112: $auto$alumacc.cc:485:replace_alu$2335
  creating $alu cell for $flatten\lanes[14].decoder.$add$/home/rishabh/HPCA2/mosaic_delta_phase1/rtl/xorflow_decoder_pipelined.sv:21$115: $auto$alumacc.cc:485:replace_alu$2338
  creating $alu cell for $flatten\lanes[14].decoder.$add$/home/rishabh/HPCA2/mosaic_delta_phase1/rtl/xorflow_decoder_pipelined.sv:21$118: $auto$alumacc.cc:485:replace_alu$2341
  creating $alu cell for $flatten\lanes[9].decoder.$add$/home/rishabh/HPCA2/mosaic_delta_phase1/rtl/xorflow_decoder_pipelined.sv:20$111: $auto$alumacc.cc:485:replace_alu$2344
  creating $alu cell for $flatten\lanes[9].decoder.$add$/home/rishabh/HPCA2/mosaic_delta_phase1/rtl/xorflow_decoder_pipelined.sv:20$108: $auto$alumacc.cc:485:replace_alu$2347
  creating $alu cell for $flatten\lanes[9].decoder.$add$/home/rishabh/HPCA2/mosaic_delta_phase1/rtl/xorflow_decoder_pipelined.sv:20$106: $auto$alumacc.cc:485:replace_alu$2350
  creating $alu cell for $flatten\lanes[9].decoder.$add$/home/rishabh/HPCA2/mosaic_delta_phase1/rtl/xorflow_decoder_pipelined.sv:20$104: $auto$alumacc.cc:485:replace_alu$2353
  creating $alu cell for $flatten\lanes[14].decoder.$add$/home/rishabh/HPCA2/mosaic_delta_phase1/rtl/xorflow_decoder_pipelined.sv:31$21: $auto$alumacc.cc:485:replace_alu$2356
  creating $alu cell for $flatten\lanes[14].decoder.$add$/home/rishabh/HPCA2/mosaic_delta_phase1/rtl/xorflow_decoder_pipelined.sv:31$33: $auto$alumacc.cc:485:replace_alu$2359
  creating $alu cell for $flatten\lanes[14].decoder.$add$/home/rishabh/HPCA2/mosaic_delta_phase1/rtl/xorflow_decoder_pipelined.sv:31$45: $auto$alumacc.cc:485:replace_alu$2362
  creating $alu cell for $flatten\lanes[14].decoder.$add$/home/rishabh/HPCA2/mosaic_delta_phase1/rtl/xorflow_decoder_pipelined.sv:31$9: $auto$alumacc.cc:485:replace_alu$2365
  creating $alu cell for $flatten\lanes[15].decoder.$add$/home/rishabh/HPCA2/mosaic_delta_phase1/rtl/xorflow_decoder_pipelined.sv:20$103: $auto$alumacc.cc:485:replace_alu$2368
  creating $alu cell for $flatten\lanes[15].decoder.$add$/home/rishabh/HPCA2/mosaic_delta_phase1/rtl/xorflow_decoder_pipelined.sv:20$104: $auto$alumacc.cc:485:replace_alu$2371
  creating $alu cell for $flatten\lanes[15].decoder.$add$/home/rishabh/HPCA2/mosaic_delta_phase1/rtl/xorflow_decoder_pipelined.sv:20$106: $auto$alumacc.cc:485:replace_alu$2374
  creating $alu cell for $flatten\lanes[15].decoder.$add$/home/rishabh/HPCA2/mosaic_delta_phase1/rtl/xorflow_decoder_pipelined.sv:20$108: $auto$alumacc.cc:485:replace_alu$2377
  creating $alu cell for $flatten\lanes[15].decoder.$add$/home/rishabh/HPCA2/mosaic_delta_phase1/rtl/xorflow_decoder_pipelined.sv:20$111: $auto$alumacc.cc:485:replace_alu$2380
  creating $alu cell for $flatten\lanes[15].decoder.$add$/home/rishabh/HPCA2/mosaic_delta_phase1/rtl/xorflow_decoder_pipelined.sv:20$114: $auto$alumacc.cc:485:replace_alu$2383
  creating $alu cell for $flatten\lanes[15].decoder.$add$/home/rishabh/HPCA2/mosaic_delta_phase1/rtl/xorflow_decoder_pipelined.sv:20$117: $auto$alumacc.cc:485:replace_alu$2386
  creating $alu cell for $flatten\lanes[15].decoder.$add$/home/rishabh/HPCA2/mosaic_delta_phase1/rtl/xorflow_decoder_pipelined.sv:21$105: $auto$alumacc.cc:485:replace_alu$2389
  creating $alu cell for $flatten\lanes[15].decoder.$add$/home/rishabh/HPCA2/mosaic_delta_phase1/rtl/xorflow_decoder_pipelined.sv:21$107: $auto$alumacc.cc:485:replace_alu$2392
  creating $alu cell for $flatten\lanes[15].decoder.$add$/home/rishabh/HPCA2/mosaic_delta_phase1/rtl/xorflow_decoder_pipelined.sv:21$109: $auto$alumacc.cc:485:replace_alu$2395
  creating $alu cell for $flatten\lanes[15].decoder.$add$/home/rishabh/HPCA2/mosaic_delta_phase1/rtl/xorflow_decoder_pipelined.sv:21$112: $auto$alumacc.cc:485:replace_alu$2398
  creating $alu cell for $flatten\lanes[15].decoder.$add$/home/rishabh/HPCA2/mosaic_delta_phase1/rtl/xorflow_decoder_pipelined.sv:21$115: $auto$alumacc.cc:485:replace_alu$2401
  creating $alu cell for $flatten\lanes[15].decoder.$add$/home/rishabh/HPCA2/mosaic_delta_phase1/rtl/xorflow_decoder_pipelined.sv:21$118: $auto$alumacc.cc:485:replace_alu$2404
  creating $alu cell for $flatten\lanes[9].decoder.$add$/home/rishabh/HPCA2/mosaic_delta_phase1/rtl/xorflow_decoder_pipelined.sv:20$103: $auto$alumacc.cc:485:replace_alu$2407
  creating $alu cell for $flatten\lanes[8].decoder.$add$/home/rishabh/HPCA2/mosaic_delta_phase1/rtl/xorflow_decoder_pipelined.sv:31$9: $auto$alumacc.cc:485:replace_alu$2410
  creating $alu cell for $flatten\lanes[15].decoder.$add$/home/rishabh/HPCA2/mosaic_delta_phase1/rtl/xorflow_decoder_pipelined.sv:31$21: $auto$alumacc.cc:485:replace_alu$2413
  creating $alu cell for $flatten\lanes[15].decoder.$add$/home/rishabh/HPCA2/mosaic_delta_phase1/rtl/xorflow_decoder_pipelined.sv:31$33: $auto$alumacc.cc:485:replace_alu$2416
  creating $alu cell for $flatten\lanes[15].decoder.$add$/home/rishabh/HPCA2/mosaic_delta_phase1/rtl/xorflow_decoder_pipelined.sv:31$45: $auto$alumacc.cc:485:replace_alu$2419
  creating $alu cell for $flatten\lanes[15].decoder.$add$/home/rishabh/HPCA2/mosaic_delta_phase1/rtl/xorflow_decoder_pipelined.sv:31$9: $auto$alumacc.cc:485:replace_alu$2422
  creating $alu cell for $flatten\lanes[16].decoder.$add$/home/rishabh/HPCA2/mosaic_delta_phase1/rtl/xorflow_decoder_pipelined.sv:20$103: $auto$alumacc.cc:485:replace_alu$2425
  creating $alu cell for $flatten\lanes[16].decoder.$add$/home/rishabh/HPCA2/mosaic_delta_phase1/rtl/xorflow_decoder_pipelined.sv:20$104: $auto$alumacc.cc:485:replace_alu$2428
  creating $alu cell for $flatten\lanes[16].decoder.$add$/home/rishabh/HPCA2/mosaic_delta_phase1/rtl/xorflow_decoder_pipelined.sv:20$106: $auto$alumacc.cc:485:replace_alu$2431
  creating $alu cell for $flatten\lanes[16].decoder.$add$/home/rishabh/HPCA2/mosaic_delta_phase1/rtl/xorflow_decoder_pipelined.sv:20$108: $auto$alumacc.cc:485:replace_alu$2434
  creating $alu cell for $flatten\lanes[16].decoder.$add$/home/rishabh/HPCA2/mosaic_delta_phase1/rtl/xorflow_decoder_pipelined.sv:20$111: $auto$alumacc.cc:485:replace_alu$2437
  creating $alu cell for $flatten\lanes[16].decoder.$add$/home/rishabh/HPCA2/mosaic_delta_phase1/rtl/xorflow_decoder_pipelined.sv:20$114: $auto$alumacc.cc:485:replace_alu$2440
  creating $alu cell for $flatten\lanes[16].decoder.$add$/home/rishabh/HPCA2/mosaic_delta_phase1/rtl/xorflow_decoder_pipelined.sv:20$117: $auto$alumacc.cc:485:replace_alu$2443
  creating $alu cell for $flatten\lanes[16].decoder.$add$/home/rishabh/HPCA2/mosaic_delta_phase1/rtl/xorflow_decoder_pipelined.sv:21$105: $auto$alumacc.cc:485:replace_alu$2446
  creating $alu cell for $flatten\lanes[16].decoder.$add$/home/rishabh/HPCA2/mosaic_delta_phase1/rtl/xorflow_decoder_pipelined.sv:21$107: $auto$alumacc.cc:485:replace_alu$2449
  creating $alu cell for $flatten\lanes[16].decoder.$add$/home/rishabh/HPCA2/mosaic_delta_phase1/rtl/xorflow_decoder_pipelined.sv:21$109: $auto$alumacc.cc:485:replace_alu$2452
  creating $alu cell for $flatten\lanes[16].decoder.$add$/home/rishabh/HPCA2/mosaic_delta_phase1/rtl/xorflow_decoder_pipelined.sv:21$112: $auto$alumacc.cc:485:replace_alu$2455
  creating $alu cell for $flatten\lanes[16].decoder.$add$/home/rishabh/HPCA2/mosaic_delta_phase1/rtl/xorflow_decoder_pipelined.sv:21$115: $auto$alumacc.cc:485:replace_alu$2458
  creating $alu cell for $flatten\lanes[16].decoder.$add$/home/rishabh/HPCA2/mosaic_delta_phase1/rtl/xorflow_decoder_pipelined.sv:21$118: $auto$alumacc.cc:485:replace_alu$2461
  creating $alu cell for $flatten\lanes[8].decoder.$add$/home/rishabh/HPCA2/mosaic_delta_phase1/rtl/xorflow_decoder_pipelined.sv:31$45: $auto$alumacc.cc:485:replace_alu$2464
  creating $alu cell for $flatten\lanes[8].decoder.$add$/home/rishabh/HPCA2/mosaic_delta_phase1/rtl/xorflow_decoder_pipelined.sv:31$33: $auto$alumacc.cc:485:replace_alu$2467
  creating $alu cell for $flatten\lanes[16].decoder.$add$/home/rishabh/HPCA2/mosaic_delta_phase1/rtl/xorflow_decoder_pipelined.sv:31$21: $auto$alumacc.cc:485:replace_alu$2470
  creating $alu cell for $flatten\lanes[16].decoder.$add$/home/rishabh/HPCA2/mosaic_delta_phase1/rtl/xorflow_decoder_pipelined.sv:31$33: $auto$alumacc.cc:485:replace_alu$2473
  creating $alu cell for $flatten\lanes[16].decoder.$add$/home/rishabh/HPCA2/mosaic_delta_phase1/rtl/xorflow_decoder_pipelined.sv:31$45: $auto$alumacc.cc:485:replace_alu$2476
  creating $alu cell for $flatten\lanes[16].decoder.$add$/home/rishabh/HPCA2/mosaic_delta_phase1/rtl/xorflow_decoder_pipelined.sv:31$9: $auto$alumacc.cc:485:replace_alu$2479
  creating $alu cell for $flatten\lanes[17].decoder.$add$/home/rishabh/HPCA2/mosaic_delta_phase1/rtl/xorflow_decoder_pipelined.sv:20$103: $auto$alumacc.cc:485:replace_alu$2482
  creating $alu cell for $flatten\lanes[17].decoder.$add$/home/rishabh/HPCA2/mosaic_delta_phase1/rtl/xorflow_decoder_pipelined.sv:20$104: $auto$alumacc.cc:485:replace_alu$2485
  creating $alu cell for $flatten\lanes[17].decoder.$add$/home/rishabh/HPCA2/mosaic_delta_phase1/rtl/xorflow_decoder_pipelined.sv:20$106: $auto$alumacc.cc:485:replace_alu$2488
  creating $alu cell for $flatten\lanes[17].decoder.$add$/home/rishabh/HPCA2/mosaic_delta_phase1/rtl/xorflow_decoder_pipelined.sv:20$108: $auto$alumacc.cc:485:replace_alu$2491
  creating $alu cell for $flatten\lanes[17].decoder.$add$/home/rishabh/HPCA2/mosaic_delta_phase1/rtl/xorflow_decoder_pipelined.sv:20$111: $auto$alumacc.cc:485:replace_alu$2494
  creating $alu cell for $flatten\lanes[17].decoder.$add$/home/rishabh/HPCA2/mosaic_delta_phase1/rtl/xorflow_decoder_pipelined.sv:20$114: $auto$alumacc.cc:485:replace_alu$2497
  creating $alu cell for $flatten\lanes[17].decoder.$add$/home/rishabh/HPCA2/mosaic_delta_phase1/rtl/xorflow_decoder_pipelined.sv:20$117: $auto$alumacc.cc:485:replace_alu$2500
  creating $alu cell for $flatten\lanes[17].decoder.$add$/home/rishabh/HPCA2/mosaic_delta_phase1/rtl/xorflow_decoder_pipelined.sv:21$105: $auto$alumacc.cc:485:replace_alu$2503
  creating $alu cell for $flatten\lanes[17].decoder.$add$/home/rishabh/HPCA2/mosaic_delta_phase1/rtl/xorflow_decoder_pipelined.sv:21$107: $auto$alumacc.cc:485:replace_alu$2506
  creating $alu cell for $flatten\lanes[17].decoder.$add$/home/rishabh/HPCA2/mosaic_delta_phase1/rtl/xorflow_decoder_pipelined.sv:21$109: $auto$alumacc.cc:485:replace_alu$2509
  creating $alu cell for $flatten\lanes[17].decoder.$add$/home/rishabh/HPCA2/mosaic_delta_phase1/rtl/xorflow_decoder_pipelined.sv:21$112: $auto$alumacc.cc:485:replace_alu$2512
  creating $alu cell for $flatten\lanes[17].decoder.$add$/home/rishabh/HPCA2/mosaic_delta_phase1/rtl/xorflow_decoder_pipelined.sv:21$115: $auto$alumacc.cc:485:replace_alu$2515
  creating $alu cell for $flatten\lanes[17].decoder.$add$/home/rishabh/HPCA2/mosaic_delta_phase1/rtl/xorflow_decoder_pipelined.sv:21$118: $auto$alumacc.cc:485:replace_alu$2518
  creating $alu cell for $flatten\lanes[8].decoder.$add$/home/rishabh/HPCA2/mosaic_delta_phase1/rtl/xorflow_decoder_pipelined.sv:31$21: $auto$alumacc.cc:485:replace_alu$2521
  creating $alu cell for $flatten\lanes[5].decoder.$add$/home/rishabh/HPCA2/mosaic_delta_phase1/rtl/xorflow_decoder_pipelined.sv:20$104: $auto$alumacc.cc:485:replace_alu$2524
  creating $alu cell for $flatten\lanes[5].decoder.$add$/home/rishabh/HPCA2/mosaic_delta_phase1/rtl/xorflow_decoder_pipelined.sv:20$106: $auto$alumacc.cc:485:replace_alu$2527
  creating $alu cell for $flatten\lanes[5].decoder.$add$/home/rishabh/HPCA2/mosaic_delta_phase1/rtl/xorflow_decoder_pipelined.sv:20$108: $auto$alumacc.cc:485:replace_alu$2530
  creating $alu cell for $flatten\lanes[17].decoder.$add$/home/rishabh/HPCA2/mosaic_delta_phase1/rtl/xorflow_decoder_pipelined.sv:31$21: $auto$alumacc.cc:485:replace_alu$2533
  creating $alu cell for $flatten\lanes[17].decoder.$add$/home/rishabh/HPCA2/mosaic_delta_phase1/rtl/xorflow_decoder_pipelined.sv:31$33: $auto$alumacc.cc:485:replace_alu$2536
  creating $alu cell for $flatten\lanes[17].decoder.$add$/home/rishabh/HPCA2/mosaic_delta_phase1/rtl/xorflow_decoder_pipelined.sv:31$45: $auto$alumacc.cc:485:replace_alu$2539
  creating $alu cell for $flatten\lanes[17].decoder.$add$/home/rishabh/HPCA2/mosaic_delta_phase1/rtl/xorflow_decoder_pipelined.sv:31$9: $auto$alumacc.cc:485:replace_alu$2542
  creating $alu cell for $flatten\lanes[18].decoder.$add$/home/rishabh/HPCA2/mosaic_delta_phase1/rtl/xorflow_decoder_pipelined.sv:20$103: $auto$alumacc.cc:485:replace_alu$2545
  creating $alu cell for $flatten\lanes[18].decoder.$add$/home/rishabh/HPCA2/mosaic_delta_phase1/rtl/xorflow_decoder_pipelined.sv:20$104: $auto$alumacc.cc:485:replace_alu$2548
  creating $alu cell for $flatten\lanes[18].decoder.$add$/home/rishabh/HPCA2/mosaic_delta_phase1/rtl/xorflow_decoder_pipelined.sv:20$106: $auto$alumacc.cc:485:replace_alu$2551
  creating $alu cell for $flatten\lanes[18].decoder.$add$/home/rishabh/HPCA2/mosaic_delta_phase1/rtl/xorflow_decoder_pipelined.sv:20$108: $auto$alumacc.cc:485:replace_alu$2554
  creating $alu cell for $flatten\lanes[18].decoder.$add$/home/rishabh/HPCA2/mosaic_delta_phase1/rtl/xorflow_decoder_pipelined.sv:20$111: $auto$alumacc.cc:485:replace_alu$2557
  creating $alu cell for $flatten\lanes[18].decoder.$add$/home/rishabh/HPCA2/mosaic_delta_phase1/rtl/xorflow_decoder_pipelined.sv:20$114: $auto$alumacc.cc:485:replace_alu$2560
  creating $alu cell for $flatten\lanes[18].decoder.$add$/home/rishabh/HPCA2/mosaic_delta_phase1/rtl/xorflow_decoder_pipelined.sv:20$117: $auto$alumacc.cc:485:replace_alu$2563
  creating $alu cell for $flatten\lanes[18].decoder.$add$/home/rishabh/HPCA2/mosaic_delta_phase1/rtl/xorflow_decoder_pipelined.sv:21$105: $auto$alumacc.cc:485:replace_alu$2566
  creating $alu cell for $flatten\lanes[18].decoder.$add$/home/rishabh/HPCA2/mosaic_delta_phase1/rtl/xorflow_decoder_pipelined.sv:21$107: $auto$alumacc.cc:485:replace_alu$2569
  creating $alu cell for $flatten\lanes[18].decoder.$add$/home/rishabh/HPCA2/mosaic_delta_phase1/rtl/xorflow_decoder_pipelined.sv:21$109: $auto$alumacc.cc:485:replace_alu$2572
  creating $alu cell for $flatten\lanes[18].decoder.$add$/home/rishabh/HPCA2/mosaic_delta_phase1/rtl/xorflow_decoder_pipelined.sv:21$112: $auto$alumacc.cc:485:replace_alu$2575
  creating $alu cell for $flatten\lanes[18].decoder.$add$/home/rishabh/HPCA2/mosaic_delta_phase1/rtl/xorflow_decoder_pipelined.sv:21$115: $auto$alumacc.cc:485:replace_alu$2578
  creating $alu cell for $flatten\lanes[18].decoder.$add$/home/rishabh/HPCA2/mosaic_delta_phase1/rtl/xorflow_decoder_pipelined.sv:21$118: $auto$alumacc.cc:485:replace_alu$2581
  creating $alu cell for $flatten\lanes[5].decoder.$add$/home/rishabh/HPCA2/mosaic_delta_phase1/rtl/xorflow_decoder_pipelined.sv:20$111: $auto$alumacc.cc:485:replace_alu$2584
  creating $alu cell for $flatten\lanes[8].decoder.$add$/home/rishabh/HPCA2/mosaic_delta_phase1/rtl/xorflow_decoder_pipelined.sv:21$118: $auto$alumacc.cc:485:replace_alu$2587
  creating $alu cell for $flatten\lanes[8].decoder.$add$/home/rishabh/HPCA2/mosaic_delta_phase1/rtl/xorflow_decoder_pipelined.sv:21$115: $auto$alumacc.cc:485:replace_alu$2590
  creating $alu cell for $flatten\lanes[8].decoder.$add$/home/rishabh/HPCA2/mosaic_delta_phase1/rtl/xorflow_decoder_pipelined.sv:21$112: $auto$alumacc.cc:485:replace_alu$2593
  creating $alu cell for $flatten\lanes[18].decoder.$add$/home/rishabh/HPCA2/mosaic_delta_phase1/rtl/xorflow_decoder_pipelined.sv:31$21: $auto$alumacc.cc:485:replace_alu$2596
  creating $alu cell for $flatten\lanes[18].decoder.$add$/home/rishabh/HPCA2/mosaic_delta_phase1/rtl/xorflow_decoder_pipelined.sv:31$33: $auto$alumacc.cc:485:replace_alu$2599
  creating $alu cell for $flatten\lanes[18].decoder.$add$/home/rishabh/HPCA2/mosaic_delta_phase1/rtl/xorflow_decoder_pipelined.sv:31$45: $auto$alumacc.cc:485:replace_alu$2602
  creating $alu cell for $flatten\lanes[18].decoder.$add$/home/rishabh/HPCA2/mosaic_delta_phase1/rtl/xorflow_decoder_pipelined.sv:31$9: $auto$alumacc.cc:485:replace_alu$2605
  creating $alu cell for $flatten\lanes[19].decoder.$add$/home/rishabh/HPCA2/mosaic_delta_phase1/rtl/xorflow_decoder_pipelined.sv:20$103: $auto$alumacc.cc:485:replace_alu$2608
  creating $alu cell for $flatten\lanes[19].decoder.$add$/home/rishabh/HPCA2/mosaic_delta_phase1/rtl/xorflow_decoder_pipelined.sv:20$104: $auto$alumacc.cc:485:replace_alu$2611
  creating $alu cell for $flatten\lanes[19].decoder.$add$/home/rishabh/HPCA2/mosaic_delta_phase1/rtl/xorflow_decoder_pipelined.sv:20$106: $auto$alumacc.cc:485:replace_alu$2614
  creating $alu cell for $flatten\lanes[19].decoder.$add$/home/rishabh/HPCA2/mosaic_delta_phase1/rtl/xorflow_decoder_pipelined.sv:20$108: $auto$alumacc.cc:485:replace_alu$2617
  creating $alu cell for $flatten\lanes[19].decoder.$add$/home/rishabh/HPCA2/mosaic_delta_phase1/rtl/xorflow_decoder_pipelined.sv:20$111: $auto$alumacc.cc:485:replace_alu$2620
  creating $alu cell for $flatten\lanes[19].decoder.$add$/home/rishabh/HPCA2/mosaic_delta_phase1/rtl/xorflow_decoder_pipelined.sv:20$114: $auto$alumacc.cc:485:replace_alu$2623
  creating $alu cell for $flatten\lanes[19].decoder.$add$/home/rishabh/HPCA2/mosaic_delta_phase1/rtl/xorflow_decoder_pipelined.sv:20$117: $auto$alumacc.cc:485:replace_alu$2626
  creating $alu cell for $flatten\lanes[19].decoder.$add$/home/rishabh/HPCA2/mosaic_delta_phase1/rtl/xorflow_decoder_pipelined.sv:21$105: $auto$alumacc.cc:485:replace_alu$2629
  creating $alu cell for $flatten\lanes[19].decoder.$add$/home/rishabh/HPCA2/mosaic_delta_phase1/rtl/xorflow_decoder_pipelined.sv:21$107: $auto$alumacc.cc:485:replace_alu$2632
  creating $alu cell for $flatten\lanes[19].decoder.$add$/home/rishabh/HPCA2/mosaic_delta_phase1/rtl/xorflow_decoder_pipelined.sv:21$109: $auto$alumacc.cc:485:replace_alu$2635
  creating $alu cell for $flatten\lanes[19].decoder.$add$/home/rishabh/HPCA2/mosaic_delta_phase1/rtl/xorflow_decoder_pipelined.sv:21$112: $auto$alumacc.cc:485:replace_alu$2638
  creating $alu cell for $flatten\lanes[19].decoder.$add$/home/rishabh/HPCA2/mosaic_delta_phase1/rtl/xorflow_decoder_pipelined.sv:21$115: $auto$alumacc.cc:485:replace_alu$2641
  creating $alu cell for $flatten\lanes[19].decoder.$add$/home/rishabh/HPCA2/mosaic_delta_phase1/rtl/xorflow_decoder_pipelined.sv:21$118: $auto$alumacc.cc:485:replace_alu$2644
  creating $alu cell for $flatten\lanes[8].decoder.$add$/home/rishabh/HPCA2/mosaic_delta_phase1/rtl/xorflow_decoder_pipelined.sv:21$109: $auto$alumacc.cc:485:replace_alu$2647
  creating $alu cell for $flatten\lanes[8].decoder.$add$/home/rishabh/HPCA2/mosaic_delta_phase1/rtl/xorflow_decoder_pipelined.sv:21$107: $auto$alumacc.cc:485:replace_alu$2650
  creating $alu cell for $flatten\lanes[8].decoder.$add$/home/rishabh/HPCA2/mosaic_delta_phase1/rtl/xorflow_decoder_pipelined.sv:21$105: $auto$alumacc.cc:485:replace_alu$2653
  creating $alu cell for $flatten\lanes[8].decoder.$add$/home/rishabh/HPCA2/mosaic_delta_phase1/rtl/xorflow_decoder_pipelined.sv:20$117: $auto$alumacc.cc:485:replace_alu$2656
  creating $alu cell for $flatten\lanes[19].decoder.$add$/home/rishabh/HPCA2/mosaic_delta_phase1/rtl/xorflow_decoder_pipelined.sv:31$21: $auto$alumacc.cc:485:replace_alu$2659
  creating $alu cell for $flatten\lanes[19].decoder.$add$/home/rishabh/HPCA2/mosaic_delta_phase1/rtl/xorflow_decoder_pipelined.sv:31$33: $auto$alumacc.cc:485:replace_alu$2662
  creating $alu cell for $flatten\lanes[19].decoder.$add$/home/rishabh/HPCA2/mosaic_delta_phase1/rtl/xorflow_decoder_pipelined.sv:31$45: $auto$alumacc.cc:485:replace_alu$2665
  creating $alu cell for $flatten\lanes[19].decoder.$add$/home/rishabh/HPCA2/mosaic_delta_phase1/rtl/xorflow_decoder_pipelined.sv:31$9: $auto$alumacc.cc:485:replace_alu$2668
  creating $alu cell for $flatten\lanes[1].decoder.$add$/home/rishabh/HPCA2/mosaic_delta_phase1/rtl/xorflow_decoder_pipelined.sv:20$103: $auto$alumacc.cc:485:replace_alu$2671
  creating $alu cell for $flatten\lanes[1].decoder.$add$/home/rishabh/HPCA2/mosaic_delta_phase1/rtl/xorflow_decoder_pipelined.sv:20$104: $auto$alumacc.cc:485:replace_alu$2674
  creating $alu cell for $flatten\lanes[1].decoder.$add$/home/rishabh/HPCA2/mosaic_delta_phase1/rtl/xorflow_decoder_pipelined.sv:20$106: $auto$alumacc.cc:485:replace_alu$2677
  creating $alu cell for $flatten\lanes[1].decoder.$add$/home/rishabh/HPCA2/mosaic_delta_phase1/rtl/xorflow_decoder_pipelined.sv:20$108: $auto$alumacc.cc:485:replace_alu$2680
  creating $alu cell for $flatten\lanes[1].decoder.$add$/home/rishabh/HPCA2/mosaic_delta_phase1/rtl/xorflow_decoder_pipelined.sv:20$111: $auto$alumacc.cc:485:replace_alu$2683
  creating $alu cell for $flatten\lanes[1].decoder.$add$/home/rishabh/HPCA2/mosaic_delta_phase1/rtl/xorflow_decoder_pipelined.sv:20$114: $auto$alumacc.cc:485:replace_alu$2686
  creating $alu cell for $flatten\lanes[1].decoder.$add$/home/rishabh/HPCA2/mosaic_delta_phase1/rtl/xorflow_decoder_pipelined.sv:20$117: $auto$alumacc.cc:485:replace_alu$2689
  creating $alu cell for $flatten\lanes[1].decoder.$add$/home/rishabh/HPCA2/mosaic_delta_phase1/rtl/xorflow_decoder_pipelined.sv:21$105: $auto$alumacc.cc:485:replace_alu$2692
  creating $alu cell for $flatten\lanes[1].decoder.$add$/home/rishabh/HPCA2/mosaic_delta_phase1/rtl/xorflow_decoder_pipelined.sv:21$107: $auto$alumacc.cc:485:replace_alu$2695
  creating $alu cell for $flatten\lanes[1].decoder.$add$/home/rishabh/HPCA2/mosaic_delta_phase1/rtl/xorflow_decoder_pipelined.sv:21$109: $auto$alumacc.cc:485:replace_alu$2698
  creating $alu cell for $flatten\lanes[1].decoder.$add$/home/rishabh/HPCA2/mosaic_delta_phase1/rtl/xorflow_decoder_pipelined.sv:21$112: $auto$alumacc.cc:485:replace_alu$2701
  creating $alu cell for $flatten\lanes[1].decoder.$add$/home/rishabh/HPCA2/mosaic_delta_phase1/rtl/xorflow_decoder_pipelined.sv:21$115: $auto$alumacc.cc:485:replace_alu$2704
  creating $alu cell for $flatten\lanes[1].decoder.$add$/home/rishabh/HPCA2/mosaic_delta_phase1/rtl/xorflow_decoder_pipelined.sv:21$118: $auto$alumacc.cc:485:replace_alu$2707
  creating $alu cell for $flatten\lanes[8].decoder.$add$/home/rishabh/HPCA2/mosaic_delta_phase1/rtl/xorflow_decoder_pipelined.sv:20$114: $auto$alumacc.cc:485:replace_alu$2710
  creating $alu cell for $flatten\lanes[8].decoder.$add$/home/rishabh/HPCA2/mosaic_delta_phase1/rtl/xorflow_decoder_pipelined.sv:20$111: $auto$alumacc.cc:485:replace_alu$2713
  creating $alu cell for $flatten\lanes[8].decoder.$add$/home/rishabh/HPCA2/mosaic_delta_phase1/rtl/xorflow_decoder_pipelined.sv:20$108: $auto$alumacc.cc:485:replace_alu$2716
  creating $alu cell for $flatten\lanes[8].decoder.$add$/home/rishabh/HPCA2/mosaic_delta_phase1/rtl/xorflow_decoder_pipelined.sv:20$106: $auto$alumacc.cc:485:replace_alu$2719
  creating $alu cell for $flatten\lanes[1].decoder.$add$/home/rishabh/HPCA2/mosaic_delta_phase1/rtl/xorflow_decoder_pipelined.sv:31$21: $auto$alumacc.cc:485:replace_alu$2722
  creating $alu cell for $flatten\lanes[1].decoder.$add$/home/rishabh/HPCA2/mosaic_delta_phase1/rtl/xorflow_decoder_pipelined.sv:31$33: $auto$alumacc.cc:485:replace_alu$2725
  creating $alu cell for $flatten\lanes[1].decoder.$add$/home/rishabh/HPCA2/mosaic_delta_phase1/rtl/xorflow_decoder_pipelined.sv:31$45: $auto$alumacc.cc:485:replace_alu$2728
  creating $alu cell for $flatten\lanes[1].decoder.$add$/home/rishabh/HPCA2/mosaic_delta_phase1/rtl/xorflow_decoder_pipelined.sv:31$9: $auto$alumacc.cc:485:replace_alu$2731
  creating $alu cell for $flatten\lanes[20].decoder.$add$/home/rishabh/HPCA2/mosaic_delta_phase1/rtl/xorflow_decoder_pipelined.sv:20$103: $auto$alumacc.cc:485:replace_alu$2734
  creating $alu cell for $flatten\lanes[20].decoder.$add$/home/rishabh/HPCA2/mosaic_delta_phase1/rtl/xorflow_decoder_pipelined.sv:20$104: $auto$alumacc.cc:485:replace_alu$2737
  creating $alu cell for $flatten\lanes[20].decoder.$add$/home/rishabh/HPCA2/mosaic_delta_phase1/rtl/xorflow_decoder_pipelined.sv:20$106: $auto$alumacc.cc:485:replace_alu$2740
  creating $alu cell for $flatten\lanes[20].decoder.$add$/home/rishabh/HPCA2/mosaic_delta_phase1/rtl/xorflow_decoder_pipelined.sv:20$108: $auto$alumacc.cc:485:replace_alu$2743
  creating $alu cell for $flatten\lanes[20].decoder.$add$/home/rishabh/HPCA2/mosaic_delta_phase1/rtl/xorflow_decoder_pipelined.sv:20$111: $auto$alumacc.cc:485:replace_alu$2746
  creating $alu cell for $flatten\lanes[20].decoder.$add$/home/rishabh/HPCA2/mosaic_delta_phase1/rtl/xorflow_decoder_pipelined.sv:20$114: $auto$alumacc.cc:485:replace_alu$2749
  creating $alu cell for $flatten\lanes[20].decoder.$add$/home/rishabh/HPCA2/mosaic_delta_phase1/rtl/xorflow_decoder_pipelined.sv:20$117: $auto$alumacc.cc:485:replace_alu$2752
  creating $alu cell for $flatten\lanes[20].decoder.$add$/home/rishabh/HPCA2/mosaic_delta_phase1/rtl/xorflow_decoder_pipelined.sv:21$105: $auto$alumacc.cc:485:replace_alu$2755
  creating $alu cell for $flatten\lanes[20].decoder.$add$/home/rishabh/HPCA2/mosaic_delta_phase1/rtl/xorflow_decoder_pipelined.sv:21$107: $auto$alumacc.cc:485:replace_alu$2758
  creating $alu cell for $flatten\lanes[20].decoder.$add$/home/rishabh/HPCA2/mosaic_delta_phase1/rtl/xorflow_decoder_pipelined.sv:21$109: $auto$alumacc.cc:485:replace_alu$2761
  creating $alu cell for $flatten\lanes[20].decoder.$add$/home/rishabh/HPCA2/mosaic_delta_phase1/rtl/xorflow_decoder_pipelined.sv:21$112: $auto$alumacc.cc:485:replace_alu$2764
  creating $alu cell for $flatten\lanes[20].decoder.$add$/home/rishabh/HPCA2/mosaic_delta_phase1/rtl/xorflow_decoder_pipelined.sv:21$115: $auto$alumacc.cc:485:replace_alu$2767
  creating $alu cell for $flatten\lanes[20].decoder.$add$/home/rishabh/HPCA2/mosaic_delta_phase1/rtl/xorflow_decoder_pipelined.sv:21$118: $auto$alumacc.cc:485:replace_alu$2770
  creating $alu cell for $flatten\lanes[8].decoder.$add$/home/rishabh/HPCA2/mosaic_delta_phase1/rtl/xorflow_decoder_pipelined.sv:20$104: $auto$alumacc.cc:485:replace_alu$2773
  creating $alu cell for $flatten\lanes[8].decoder.$add$/home/rishabh/HPCA2/mosaic_delta_phase1/rtl/xorflow_decoder_pipelined.sv:20$103: $auto$alumacc.cc:485:replace_alu$2776
  creating $alu cell for $flatten\lanes[7].decoder.$add$/home/rishabh/HPCA2/mosaic_delta_phase1/rtl/xorflow_decoder_pipelined.sv:31$9: $auto$alumacc.cc:485:replace_alu$2779
  creating $alu cell for $flatten\lanes[20].decoder.$add$/home/rishabh/HPCA2/mosaic_delta_phase1/rtl/xorflow_decoder_pipelined.sv:31$21: $auto$alumacc.cc:485:replace_alu$2782
  creating $alu cell for $flatten\lanes[20].decoder.$add$/home/rishabh/HPCA2/mosaic_delta_phase1/rtl/xorflow_decoder_pipelined.sv:31$33: $auto$alumacc.cc:485:replace_alu$2785
  creating $alu cell for $flatten\lanes[20].decoder.$add$/home/rishabh/HPCA2/mosaic_delta_phase1/rtl/xorflow_decoder_pipelined.sv:31$45: $auto$alumacc.cc:485:replace_alu$2788
  creating $alu cell for $flatten\lanes[20].decoder.$add$/home/rishabh/HPCA2/mosaic_delta_phase1/rtl/xorflow_decoder_pipelined.sv:31$9: $auto$alumacc.cc:485:replace_alu$2791
  creating $alu cell for $flatten\lanes[21].decoder.$add$/home/rishabh/HPCA2/mosaic_delta_phase1/rtl/xorflow_decoder_pipelined.sv:20$103: $auto$alumacc.cc:485:replace_alu$2794
  creating $alu cell for $flatten\lanes[21].decoder.$add$/home/rishabh/HPCA2/mosaic_delta_phase1/rtl/xorflow_decoder_pipelined.sv:20$104: $auto$alumacc.cc:485:replace_alu$2797
  creating $alu cell for $flatten\lanes[21].decoder.$add$/home/rishabh/HPCA2/mosaic_delta_phase1/rtl/xorflow_decoder_pipelined.sv:20$106: $auto$alumacc.cc:485:replace_alu$2800
  creating $alu cell for $flatten\lanes[21].decoder.$add$/home/rishabh/HPCA2/mosaic_delta_phase1/rtl/xorflow_decoder_pipelined.sv:20$108: $auto$alumacc.cc:485:replace_alu$2803
  creating $alu cell for $flatten\lanes[21].decoder.$add$/home/rishabh/HPCA2/mosaic_delta_phase1/rtl/xorflow_decoder_pipelined.sv:20$111: $auto$alumacc.cc:485:replace_alu$2806
  creating $alu cell for $flatten\lanes[21].decoder.$add$/home/rishabh/HPCA2/mosaic_delta_phase1/rtl/xorflow_decoder_pipelined.sv:20$114: $auto$alumacc.cc:485:replace_alu$2809
  creating $alu cell for $flatten\lanes[21].decoder.$add$/home/rishabh/HPCA2/mosaic_delta_phase1/rtl/xorflow_decoder_pipelined.sv:20$117: $auto$alumacc.cc:485:replace_alu$2812
  creating $alu cell for $flatten\lanes[21].decoder.$add$/home/rishabh/HPCA2/mosaic_delta_phase1/rtl/xorflow_decoder_pipelined.sv:21$105: $auto$alumacc.cc:485:replace_alu$2815
  creating $alu cell for $flatten\lanes[21].decoder.$add$/home/rishabh/HPCA2/mosaic_delta_phase1/rtl/xorflow_decoder_pipelined.sv:21$107: $auto$alumacc.cc:485:replace_alu$2818
  creating $alu cell for $flatten\lanes[21].decoder.$add$/home/rishabh/HPCA2/mosaic_delta_phase1/rtl/xorflow_decoder_pipelined.sv:21$109: $auto$alumacc.cc:485:replace_alu$2821
  creating $alu cell for $flatten\lanes[21].decoder.$add$/home/rishabh/HPCA2/mosaic_delta_phase1/rtl/xorflow_decoder_pipelined.sv:21$112: $auto$alumacc.cc:485:replace_alu$2824
  creating $alu cell for $flatten\lanes[21].decoder.$add$/home/rishabh/HPCA2/mosaic_delta_phase1/rtl/xorflow_decoder_pipelined.sv:21$115: $auto$alumacc.cc:485:replace_alu$2827
  creating $alu cell for $flatten\lanes[21].decoder.$add$/home/rishabh/HPCA2/mosaic_delta_phase1/rtl/xorflow_decoder_pipelined.sv:21$118: $auto$alumacc.cc:485:replace_alu$2830
  creating $alu cell for $flatten\lanes[7].decoder.$add$/home/rishabh/HPCA2/mosaic_delta_phase1/rtl/xorflow_decoder_pipelined.sv:31$45: $auto$alumacc.cc:485:replace_alu$2833
  creating $alu cell for $flatten\lanes[21].decoder.$add$/home/rishabh/HPCA2/mosaic_delta_phase1/rtl/xorflow_decoder_pipelined.sv:31$21: $auto$alumacc.cc:485:replace_alu$2836
  creating $alu cell for $flatten\lanes[21].decoder.$add$/home/rishabh/HPCA2/mosaic_delta_phase1/rtl/xorflow_decoder_pipelined.sv:31$33: $auto$alumacc.cc:485:replace_alu$2839
  creating $alu cell for $flatten\lanes[21].decoder.$add$/home/rishabh/HPCA2/mosaic_delta_phase1/rtl/xorflow_decoder_pipelined.sv:31$45: $auto$alumacc.cc:485:replace_alu$2842
  creating $alu cell for $flatten\lanes[21].decoder.$add$/home/rishabh/HPCA2/mosaic_delta_phase1/rtl/xorflow_decoder_pipelined.sv:31$9: $auto$alumacc.cc:485:replace_alu$2845
  creating $alu cell for $flatten\lanes[22].decoder.$add$/home/rishabh/HPCA2/mosaic_delta_phase1/rtl/xorflow_decoder_pipelined.sv:20$103: $auto$alumacc.cc:485:replace_alu$2848
  creating $alu cell for $flatten\lanes[22].decoder.$add$/home/rishabh/HPCA2/mosaic_delta_phase1/rtl/xorflow_decoder_pipelined.sv:20$104: $auto$alumacc.cc:485:replace_alu$2851
  creating $alu cell for $flatten\lanes[22].decoder.$add$/home/rishabh/HPCA2/mosaic_delta_phase1/rtl/xorflow_decoder_pipelined.sv:20$106: $auto$alumacc.cc:485:replace_alu$2854
  creating $alu cell for $flatten\lanes[22].decoder.$add$/home/rishabh/HPCA2/mosaic_delta_phase1/rtl/xorflow_decoder_pipelined.sv:20$108: $auto$alumacc.cc:485:replace_alu$2857
  creating $alu cell for $flatten\lanes[22].decoder.$add$/home/rishabh/HPCA2/mosaic_delta_phase1/rtl/xorflow_decoder_pipelined.sv:20$111: $auto$alumacc.cc:485:replace_alu$2860
  creating $alu cell for $flatten\lanes[22].decoder.$add$/home/rishabh/HPCA2/mosaic_delta_phase1/rtl/xorflow_decoder_pipelined.sv:20$114: $auto$alumacc.cc:485:replace_alu$2863
  creating $alu cell for $flatten\lanes[22].decoder.$add$/home/rishabh/HPCA2/mosaic_delta_phase1/rtl/xorflow_decoder_pipelined.sv:20$117: $auto$alumacc.cc:485:replace_alu$2866
  creating $alu cell for $flatten\lanes[22].decoder.$add$/home/rishabh/HPCA2/mosaic_delta_phase1/rtl/xorflow_decoder_pipelined.sv:21$105: $auto$alumacc.cc:485:replace_alu$2869
  creating $alu cell for $flatten\lanes[22].decoder.$add$/home/rishabh/HPCA2/mosaic_delta_phase1/rtl/xorflow_decoder_pipelined.sv:21$107: $auto$alumacc.cc:485:replace_alu$2872
  creating $alu cell for $flatten\lanes[22].decoder.$add$/home/rishabh/HPCA2/mosaic_delta_phase1/rtl/xorflow_decoder_pipelined.sv:21$109: $auto$alumacc.cc:485:replace_alu$2875
  creating $alu cell for $flatten\lanes[22].decoder.$add$/home/rishabh/HPCA2/mosaic_delta_phase1/rtl/xorflow_decoder_pipelined.sv:21$112: $auto$alumacc.cc:485:replace_alu$2878
  creating $alu cell for $flatten\lanes[22].decoder.$add$/home/rishabh/HPCA2/mosaic_delta_phase1/rtl/xorflow_decoder_pipelined.sv:21$115: $auto$alumacc.cc:485:replace_alu$2881
  creating $alu cell for $flatten\lanes[22].decoder.$add$/home/rishabh/HPCA2/mosaic_delta_phase1/rtl/xorflow_decoder_pipelined.sv:21$118: $auto$alumacc.cc:485:replace_alu$2884
  creating $alu cell for $flatten\lanes[7].decoder.$add$/home/rishabh/HPCA2/mosaic_delta_phase1/rtl/xorflow_decoder_pipelined.sv:31$33: $auto$alumacc.cc:485:replace_alu$2887
  creating $alu cell for $flatten\lanes[7].decoder.$add$/home/rishabh/HPCA2/mosaic_delta_phase1/rtl/xorflow_decoder_pipelined.sv:31$21: $auto$alumacc.cc:485:replace_alu$2890
  creating $alu cell for $flatten\lanes[5].decoder.$add$/home/rishabh/HPCA2/mosaic_delta_phase1/rtl/xorflow_decoder_pipelined.sv:20$114: $auto$alumacc.cc:485:replace_alu$2893
  creating $alu cell for $flatten\lanes[5].decoder.$add$/home/rishabh/HPCA2/mosaic_delta_phase1/rtl/xorflow_decoder_pipelined.sv:20$117: $auto$alumacc.cc:485:replace_alu$2896
  creating $alu cell for $flatten\lanes[22].decoder.$add$/home/rishabh/HPCA2/mosaic_delta_phase1/rtl/xorflow_decoder_pipelined.sv:31$21: $auto$alumacc.cc:485:replace_alu$2899
  creating $alu cell for $flatten\lanes[22].decoder.$add$/home/rishabh/HPCA2/mosaic_delta_phase1/rtl/xorflow_decoder_pipelined.sv:31$33: $auto$alumacc.cc:485:replace_alu$2902
  creating $alu cell for $flatten\lanes[22].decoder.$add$/home/rishabh/HPCA2/mosaic_delta_phase1/rtl/xorflow_decoder_pipelined.sv:31$45: $auto$alumacc.cc:485:replace_alu$2905
  creating $alu cell for $flatten\lanes[22].decoder.$add$/home/rishabh/HPCA2/mosaic_delta_phase1/rtl/xorflow_decoder_pipelined.sv:31$9: $auto$alumacc.cc:485:replace_alu$2908
  creating $alu cell for $flatten\lanes[23].decoder.$add$/home/rishabh/HPCA2/mosaic_delta_phase1/rtl/xorflow_decoder_pipelined.sv:20$103: $auto$alumacc.cc:485:replace_alu$2911
  creating $alu cell for $flatten\lanes[23].decoder.$add$/home/rishabh/HPCA2/mosaic_delta_phase1/rtl/xorflow_decoder_pipelined.sv:20$104: $auto$alumacc.cc:485:replace_alu$2914
  creating $alu cell for $flatten\lanes[23].decoder.$add$/home/rishabh/HPCA2/mosaic_delta_phase1/rtl/xorflow_decoder_pipelined.sv:20$106: $auto$alumacc.cc:485:replace_alu$2917
  creating $alu cell for $flatten\lanes[23].decoder.$add$/home/rishabh/HPCA2/mosaic_delta_phase1/rtl/xorflow_decoder_pipelined.sv:20$108: $auto$alumacc.cc:485:replace_alu$2920
  creating $alu cell for $flatten\lanes[23].decoder.$add$/home/rishabh/HPCA2/mosaic_delta_phase1/rtl/xorflow_decoder_pipelined.sv:20$111: $auto$alumacc.cc:485:replace_alu$2923
  creating $alu cell for $flatten\lanes[23].decoder.$add$/home/rishabh/HPCA2/mosaic_delta_phase1/rtl/xorflow_decoder_pipelined.sv:20$114: $auto$alumacc.cc:485:replace_alu$2926
  creating $alu cell for $flatten\lanes[23].decoder.$add$/home/rishabh/HPCA2/mosaic_delta_phase1/rtl/xorflow_decoder_pipelined.sv:20$117: $auto$alumacc.cc:485:replace_alu$2929
  creating $alu cell for $flatten\lanes[23].decoder.$add$/home/rishabh/HPCA2/mosaic_delta_phase1/rtl/xorflow_decoder_pipelined.sv:21$105: $auto$alumacc.cc:485:replace_alu$2932
  creating $alu cell for $flatten\lanes[23].decoder.$add$/home/rishabh/HPCA2/mosaic_delta_phase1/rtl/xorflow_decoder_pipelined.sv:21$107: $auto$alumacc.cc:485:replace_alu$2935
  creating $alu cell for $flatten\lanes[23].decoder.$add$/home/rishabh/HPCA2/mosaic_delta_phase1/rtl/xorflow_decoder_pipelined.sv:21$109: $auto$alumacc.cc:485:replace_alu$2938
  creating $alu cell for $flatten\lanes[23].decoder.$add$/home/rishabh/HPCA2/mosaic_delta_phase1/rtl/xorflow_decoder_pipelined.sv:21$112: $auto$alumacc.cc:485:replace_alu$2941
  creating $alu cell for $flatten\lanes[23].decoder.$add$/home/rishabh/HPCA2/mosaic_delta_phase1/rtl/xorflow_decoder_pipelined.sv:21$115: $auto$alumacc.cc:485:replace_alu$2944
  creating $alu cell for $flatten\lanes[23].decoder.$add$/home/rishabh/HPCA2/mosaic_delta_phase1/rtl/xorflow_decoder_pipelined.sv:21$118: $auto$alumacc.cc:485:replace_alu$2947
  creating $alu cell for $flatten\lanes[5].decoder.$add$/home/rishabh/HPCA2/mosaic_delta_phase1/rtl/xorflow_decoder_pipelined.sv:21$105: $auto$alumacc.cc:485:replace_alu$2950
  creating $alu cell for $flatten\lanes[5].decoder.$add$/home/rishabh/HPCA2/mosaic_delta_phase1/rtl/xorflow_decoder_pipelined.sv:21$107: $auto$alumacc.cc:485:replace_alu$2953
  creating $alu cell for $flatten\lanes[7].decoder.$add$/home/rishabh/HPCA2/mosaic_delta_phase1/rtl/xorflow_decoder_pipelined.sv:21$118: $auto$alumacc.cc:485:replace_alu$2956
  creating $alu cell for $flatten\lanes[7].decoder.$add$/home/rishabh/HPCA2/mosaic_delta_phase1/rtl/xorflow_decoder_pipelined.sv:21$115: $auto$alumacc.cc:485:replace_alu$2959
  creating $alu cell for $flatten\lanes[23].decoder.$add$/home/rishabh/HPCA2/mosaic_delta_phase1/rtl/xorflow_decoder_pipelined.sv:31$21: $auto$alumacc.cc:485:replace_alu$2962
  creating $alu cell for $flatten\lanes[23].decoder.$add$/home/rishabh/HPCA2/mosaic_delta_phase1/rtl/xorflow_decoder_pipelined.sv:31$33: $auto$alumacc.cc:485:replace_alu$2965
  creating $alu cell for $flatten\lanes[23].decoder.$add$/home/rishabh/HPCA2/mosaic_delta_phase1/rtl/xorflow_decoder_pipelined.sv:31$45: $auto$alumacc.cc:485:replace_alu$2968
  creating $alu cell for $flatten\lanes[23].decoder.$add$/home/rishabh/HPCA2/mosaic_delta_phase1/rtl/xorflow_decoder_pipelined.sv:31$9: $auto$alumacc.cc:485:replace_alu$2971
  creating $alu cell for $flatten\lanes[24].decoder.$add$/home/rishabh/HPCA2/mosaic_delta_phase1/rtl/xorflow_decoder_pipelined.sv:20$103: $auto$alumacc.cc:485:replace_alu$2974
  creating $alu cell for $flatten\lanes[24].decoder.$add$/home/rishabh/HPCA2/mosaic_delta_phase1/rtl/xorflow_decoder_pipelined.sv:20$104: $auto$alumacc.cc:485:replace_alu$2977
  creating $alu cell for $flatten\lanes[24].decoder.$add$/home/rishabh/HPCA2/mosaic_delta_phase1/rtl/xorflow_decoder_pipelined.sv:20$106: $auto$alumacc.cc:485:replace_alu$2980
  creating $alu cell for $flatten\lanes[24].decoder.$add$/home/rishabh/HPCA2/mosaic_delta_phase1/rtl/xorflow_decoder_pipelined.sv:20$108: $auto$alumacc.cc:485:replace_alu$2983
  creating $alu cell for $flatten\lanes[24].decoder.$add$/home/rishabh/HPCA2/mosaic_delta_phase1/rtl/xorflow_decoder_pipelined.sv:20$111: $auto$alumacc.cc:485:replace_alu$2986
  creating $alu cell for $flatten\lanes[24].decoder.$add$/home/rishabh/HPCA2/mosaic_delta_phase1/rtl/xorflow_decoder_pipelined.sv:20$114: $auto$alumacc.cc:485:replace_alu$2989
  creating $alu cell for $flatten\lanes[24].decoder.$add$/home/rishabh/HPCA2/mosaic_delta_phase1/rtl/xorflow_decoder_pipelined.sv:20$117: $auto$alumacc.cc:485:replace_alu$2992
  creating $alu cell for $flatten\lanes[24].decoder.$add$/home/rishabh/HPCA2/mosaic_delta_phase1/rtl/xorflow_decoder_pipelined.sv:21$105: $auto$alumacc.cc:485:replace_alu$2995
  creating $alu cell for $flatten\lanes[24].decoder.$add$/home/rishabh/HPCA2/mosaic_delta_phase1/rtl/xorflow_decoder_pipelined.sv:21$107: $auto$alumacc.cc:485:replace_alu$2998
  creating $alu cell for $flatten\lanes[24].decoder.$add$/home/rishabh/HPCA2/mosaic_delta_phase1/rtl/xorflow_decoder_pipelined.sv:21$109: $auto$alumacc.cc:485:replace_alu$3001
  creating $alu cell for $flatten\lanes[24].decoder.$add$/home/rishabh/HPCA2/mosaic_delta_phase1/rtl/xorflow_decoder_pipelined.sv:21$112: $auto$alumacc.cc:485:replace_alu$3004
  creating $alu cell for $flatten\lanes[24].decoder.$add$/home/rishabh/HPCA2/mosaic_delta_phase1/rtl/xorflow_decoder_pipelined.sv:21$115: $auto$alumacc.cc:485:replace_alu$3007
  creating $alu cell for $flatten\lanes[24].decoder.$add$/home/rishabh/HPCA2/mosaic_delta_phase1/rtl/xorflow_decoder_pipelined.sv:21$118: $auto$alumacc.cc:485:replace_alu$3010
  creating $alu cell for $flatten\lanes[7].decoder.$add$/home/rishabh/HPCA2/mosaic_delta_phase1/rtl/xorflow_decoder_pipelined.sv:21$112: $auto$alumacc.cc:485:replace_alu$3013
  creating $alu cell for $flatten\lanes[7].decoder.$add$/home/rishabh/HPCA2/mosaic_delta_phase1/rtl/xorflow_decoder_pipelined.sv:21$109: $auto$alumacc.cc:485:replace_alu$3016
  creating $alu cell for $flatten\lanes[7].decoder.$add$/home/rishabh/HPCA2/mosaic_delta_phase1/rtl/xorflow_decoder_pipelined.sv:21$107: $auto$alumacc.cc:485:replace_alu$3019
  creating $alu cell for $flatten\lanes[7].decoder.$add$/home/rishabh/HPCA2/mosaic_delta_phase1/rtl/xorflow_decoder_pipelined.sv:21$105: $auto$alumacc.cc:485:replace_alu$3022
  creating $alu cell for $flatten\lanes[24].decoder.$add$/home/rishabh/HPCA2/mosaic_delta_phase1/rtl/xorflow_decoder_pipelined.sv:31$21: $auto$alumacc.cc:485:replace_alu$3025
  creating $alu cell for $flatten\lanes[24].decoder.$add$/home/rishabh/HPCA2/mosaic_delta_phase1/rtl/xorflow_decoder_pipelined.sv:31$33: $auto$alumacc.cc:485:replace_alu$3028
  creating $alu cell for $flatten\lanes[24].decoder.$add$/home/rishabh/HPCA2/mosaic_delta_phase1/rtl/xorflow_decoder_pipelined.sv:31$45: $auto$alumacc.cc:485:replace_alu$3031
  creating $alu cell for $flatten\lanes[24].decoder.$add$/home/rishabh/HPCA2/mosaic_delta_phase1/rtl/xorflow_decoder_pipelined.sv:31$9: $auto$alumacc.cc:485:replace_alu$3034
  creating $alu cell for $flatten\lanes[25].decoder.$add$/home/rishabh/HPCA2/mosaic_delta_phase1/rtl/xorflow_decoder_pipelined.sv:20$103: $auto$alumacc.cc:485:replace_alu$3037
  creating $alu cell for $flatten\lanes[25].decoder.$add$/home/rishabh/HPCA2/mosaic_delta_phase1/rtl/xorflow_decoder_pipelined.sv:20$104: $auto$alumacc.cc:485:replace_alu$3040
  creating $alu cell for $flatten\lanes[25].decoder.$add$/home/rishabh/HPCA2/mosaic_delta_phase1/rtl/xorflow_decoder_pipelined.sv:20$106: $auto$alumacc.cc:485:replace_alu$3043
  creating $alu cell for $flatten\lanes[25].decoder.$add$/home/rishabh/HPCA2/mosaic_delta_phase1/rtl/xorflow_decoder_pipelined.sv:20$108: $auto$alumacc.cc:485:replace_alu$3046
  creating $alu cell for $flatten\lanes[25].decoder.$add$/home/rishabh/HPCA2/mosaic_delta_phase1/rtl/xorflow_decoder_pipelined.sv:20$111: $auto$alumacc.cc:485:replace_alu$3049
  creating $alu cell for $flatten\lanes[25].decoder.$add$/home/rishabh/HPCA2/mosaic_delta_phase1/rtl/xorflow_decoder_pipelined.sv:20$114: $auto$alumacc.cc:485:replace_alu$3052
  creating $alu cell for $flatten\lanes[25].decoder.$add$/home/rishabh/HPCA2/mosaic_delta_phase1/rtl/xorflow_decoder_pipelined.sv:20$117: $auto$alumacc.cc:485:replace_alu$3055
  creating $alu cell for $flatten\lanes[25].decoder.$add$/home/rishabh/HPCA2/mosaic_delta_phase1/rtl/xorflow_decoder_pipelined.sv:21$105: $auto$alumacc.cc:485:replace_alu$3058
  creating $alu cell for $flatten\lanes[25].decoder.$add$/home/rishabh/HPCA2/mosaic_delta_phase1/rtl/xorflow_decoder_pipelined.sv:21$107: $auto$alumacc.cc:485:replace_alu$3061
  creating $alu cell for $flatten\lanes[25].decoder.$add$/home/rishabh/HPCA2/mosaic_delta_phase1/rtl/xorflow_decoder_pipelined.sv:21$109: $auto$alumacc.cc:485:replace_alu$3064
  creating $alu cell for $flatten\lanes[25].decoder.$add$/home/rishabh/HPCA2/mosaic_delta_phase1/rtl/xorflow_decoder_pipelined.sv:21$112: $auto$alumacc.cc:485:replace_alu$3067
  creating $alu cell for $flatten\lanes[25].decoder.$add$/home/rishabh/HPCA2/mosaic_delta_phase1/rtl/xorflow_decoder_pipelined.sv:21$115: $auto$alumacc.cc:485:replace_alu$3070
  creating $alu cell for $flatten\lanes[25].decoder.$add$/home/rishabh/HPCA2/mosaic_delta_phase1/rtl/xorflow_decoder_pipelined.sv:21$118: $auto$alumacc.cc:485:replace_alu$3073
  creating $alu cell for $flatten\lanes[7].decoder.$add$/home/rishabh/HPCA2/mosaic_delta_phase1/rtl/xorflow_decoder_pipelined.sv:20$117: $auto$alumacc.cc:485:replace_alu$3076
  creating $alu cell for $flatten\lanes[7].decoder.$add$/home/rishabh/HPCA2/mosaic_delta_phase1/rtl/xorflow_decoder_pipelined.sv:20$114: $auto$alumacc.cc:485:replace_alu$3079
  creating $alu cell for $flatten\lanes[7].decoder.$add$/home/rishabh/HPCA2/mosaic_delta_phase1/rtl/xorflow_decoder_pipelined.sv:20$111: $auto$alumacc.cc:485:replace_alu$3082
  creating $alu cell for $flatten\lanes[7].decoder.$add$/home/rishabh/HPCA2/mosaic_delta_phase1/rtl/xorflow_decoder_pipelined.sv:20$108: $auto$alumacc.cc:485:replace_alu$3085
  creating $alu cell for $flatten\lanes[25].decoder.$add$/home/rishabh/HPCA2/mosaic_delta_phase1/rtl/xorflow_decoder_pipelined.sv:31$21: $auto$alumacc.cc:485:replace_alu$3088
  creating $alu cell for $flatten\lanes[25].decoder.$add$/home/rishabh/HPCA2/mosaic_delta_phase1/rtl/xorflow_decoder_pipelined.sv:31$33: $auto$alumacc.cc:485:replace_alu$3091
  creating $alu cell for $flatten\lanes[25].decoder.$add$/home/rishabh/HPCA2/mosaic_delta_phase1/rtl/xorflow_decoder_pipelined.sv:31$45: $auto$alumacc.cc:485:replace_alu$3094
  creating $alu cell for $flatten\lanes[25].decoder.$add$/home/rishabh/HPCA2/mosaic_delta_phase1/rtl/xorflow_decoder_pipelined.sv:31$9: $auto$alumacc.cc:485:replace_alu$3097
  creating $alu cell for $flatten\lanes[26].decoder.$add$/home/rishabh/HPCA2/mosaic_delta_phase1/rtl/xorflow_decoder_pipelined.sv:20$103: $auto$alumacc.cc:485:replace_alu$3100
  creating $alu cell for $flatten\lanes[26].decoder.$add$/home/rishabh/HPCA2/mosaic_delta_phase1/rtl/xorflow_decoder_pipelined.sv:20$104: $auto$alumacc.cc:485:replace_alu$3103
  creating $alu cell for $flatten\lanes[26].decoder.$add$/home/rishabh/HPCA2/mosaic_delta_phase1/rtl/xorflow_decoder_pipelined.sv:20$106: $auto$alumacc.cc:485:replace_alu$3106
  creating $alu cell for $flatten\lanes[26].decoder.$add$/home/rishabh/HPCA2/mosaic_delta_phase1/rtl/xorflow_decoder_pipelined.sv:20$108: $auto$alumacc.cc:485:replace_alu$3109
  creating $alu cell for $flatten\lanes[26].decoder.$add$/home/rishabh/HPCA2/mosaic_delta_phase1/rtl/xorflow_decoder_pipelined.sv:20$111: $auto$alumacc.cc:485:replace_alu$3112
  creating $alu cell for $flatten\lanes[26].decoder.$add$/home/rishabh/HPCA2/mosaic_delta_phase1/rtl/xorflow_decoder_pipelined.sv:20$114: $auto$alumacc.cc:485:replace_alu$3115
  creating $alu cell for $flatten\lanes[26].decoder.$add$/home/rishabh/HPCA2/mosaic_delta_phase1/rtl/xorflow_decoder_pipelined.sv:20$117: $auto$alumacc.cc:485:replace_alu$3118
  creating $alu cell for $flatten\lanes[26].decoder.$add$/home/rishabh/HPCA2/mosaic_delta_phase1/rtl/xorflow_decoder_pipelined.sv:21$105: $auto$alumacc.cc:485:replace_alu$3121
  creating $alu cell for $flatten\lanes[26].decoder.$add$/home/rishabh/HPCA2/mosaic_delta_phase1/rtl/xorflow_decoder_pipelined.sv:21$107: $auto$alumacc.cc:485:replace_alu$3124
  creating $alu cell for $flatten\lanes[26].decoder.$add$/home/rishabh/HPCA2/mosaic_delta_phase1/rtl/xorflow_decoder_pipelined.sv:21$109: $auto$alumacc.cc:485:replace_alu$3127
  creating $alu cell for $flatten\lanes[26].decoder.$add$/home/rishabh/HPCA2/mosaic_delta_phase1/rtl/xorflow_decoder_pipelined.sv:21$112: $auto$alumacc.cc:485:replace_alu$3130
  creating $alu cell for $flatten\lanes[26].decoder.$add$/home/rishabh/HPCA2/mosaic_delta_phase1/rtl/xorflow_decoder_pipelined.sv:21$115: $auto$alumacc.cc:485:replace_alu$3133
  creating $alu cell for $flatten\lanes[26].decoder.$add$/home/rishabh/HPCA2/mosaic_delta_phase1/rtl/xorflow_decoder_pipelined.sv:21$118: $auto$alumacc.cc:485:replace_alu$3136
  creating $alu cell for $flatten\lanes[7].decoder.$add$/home/rishabh/HPCA2/mosaic_delta_phase1/rtl/xorflow_decoder_pipelined.sv:20$106: $auto$alumacc.cc:485:replace_alu$3139
  creating $alu cell for $flatten\lanes[7].decoder.$add$/home/rishabh/HPCA2/mosaic_delta_phase1/rtl/xorflow_decoder_pipelined.sv:20$104: $auto$alumacc.cc:485:replace_alu$3142
  creating $alu cell for $flatten\lanes[7].decoder.$add$/home/rishabh/HPCA2/mosaic_delta_phase1/rtl/xorflow_decoder_pipelined.sv:20$103: $auto$alumacc.cc:485:replace_alu$3145
  creating $alu cell for $flatten\lanes[26].decoder.$add$/home/rishabh/HPCA2/mosaic_delta_phase1/rtl/xorflow_decoder_pipelined.sv:31$21: $auto$alumacc.cc:485:replace_alu$3148
  creating $alu cell for $flatten\lanes[26].decoder.$add$/home/rishabh/HPCA2/mosaic_delta_phase1/rtl/xorflow_decoder_pipelined.sv:31$33: $auto$alumacc.cc:485:replace_alu$3151
  creating $alu cell for $flatten\lanes[26].decoder.$add$/home/rishabh/HPCA2/mosaic_delta_phase1/rtl/xorflow_decoder_pipelined.sv:31$45: $auto$alumacc.cc:485:replace_alu$3154
  creating $alu cell for $flatten\lanes[26].decoder.$add$/home/rishabh/HPCA2/mosaic_delta_phase1/rtl/xorflow_decoder_pipelined.sv:31$9: $auto$alumacc.cc:485:replace_alu$3157
  creating $alu cell for $flatten\lanes[27].decoder.$add$/home/rishabh/HPCA2/mosaic_delta_phase1/rtl/xorflow_decoder_pipelined.sv:20$103: $auto$alumacc.cc:485:replace_alu$3160
  creating $alu cell for $flatten\lanes[27].decoder.$add$/home/rishabh/HPCA2/mosaic_delta_phase1/rtl/xorflow_decoder_pipelined.sv:20$104: $auto$alumacc.cc:485:replace_alu$3163
  creating $alu cell for $flatten\lanes[27].decoder.$add$/home/rishabh/HPCA2/mosaic_delta_phase1/rtl/xorflow_decoder_pipelined.sv:20$106: $auto$alumacc.cc:485:replace_alu$3166
  creating $alu cell for $flatten\lanes[27].decoder.$add$/home/rishabh/HPCA2/mosaic_delta_phase1/rtl/xorflow_decoder_pipelined.sv:20$108: $auto$alumacc.cc:485:replace_alu$3169
  creating $alu cell for $flatten\lanes[27].decoder.$add$/home/rishabh/HPCA2/mosaic_delta_phase1/rtl/xorflow_decoder_pipelined.sv:20$111: $auto$alumacc.cc:485:replace_alu$3172
  creating $alu cell for $flatten\lanes[27].decoder.$add$/home/rishabh/HPCA2/mosaic_delta_phase1/rtl/xorflow_decoder_pipelined.sv:20$114: $auto$alumacc.cc:485:replace_alu$3175
  creating $alu cell for $flatten\lanes[27].decoder.$add$/home/rishabh/HPCA2/mosaic_delta_phase1/rtl/xorflow_decoder_pipelined.sv:20$117: $auto$alumacc.cc:485:replace_alu$3178
  creating $alu cell for $flatten\lanes[27].decoder.$add$/home/rishabh/HPCA2/mosaic_delta_phase1/rtl/xorflow_decoder_pipelined.sv:21$105: $auto$alumacc.cc:485:replace_alu$3181
  creating $alu cell for $flatten\lanes[27].decoder.$add$/home/rishabh/HPCA2/mosaic_delta_phase1/rtl/xorflow_decoder_pipelined.sv:21$107: $auto$alumacc.cc:485:replace_alu$3184
  creating $alu cell for $flatten\lanes[27].decoder.$add$/home/rishabh/HPCA2/mosaic_delta_phase1/rtl/xorflow_decoder_pipelined.sv:21$109: $auto$alumacc.cc:485:replace_alu$3187
  creating $alu cell for $flatten\lanes[27].decoder.$add$/home/rishabh/HPCA2/mosaic_delta_phase1/rtl/xorflow_decoder_pipelined.sv:21$112: $auto$alumacc.cc:485:replace_alu$3190
  creating $alu cell for $flatten\lanes[27].decoder.$add$/home/rishabh/HPCA2/mosaic_delta_phase1/rtl/xorflow_decoder_pipelined.sv:21$115: $auto$alumacc.cc:485:replace_alu$3193
  creating $alu cell for $flatten\lanes[27].decoder.$add$/home/rishabh/HPCA2/mosaic_delta_phase1/rtl/xorflow_decoder_pipelined.sv:21$118: $auto$alumacc.cc:485:replace_alu$3196
  creating $alu cell for $flatten\lanes[6].decoder.$add$/home/rishabh/HPCA2/mosaic_delta_phase1/rtl/xorflow_decoder_pipelined.sv:31$9: $auto$alumacc.cc:485:replace_alu$3199
  creating $alu cell for $flatten\lanes[27].decoder.$add$/home/rishabh/HPCA2/mosaic_delta_phase1/rtl/xorflow_decoder_pipelined.sv:31$21: $auto$alumacc.cc:485:replace_alu$3202
  creating $alu cell for $flatten\lanes[27].decoder.$add$/home/rishabh/HPCA2/mosaic_delta_phase1/rtl/xorflow_decoder_pipelined.sv:31$33: $auto$alumacc.cc:485:replace_alu$3205
  creating $alu cell for $flatten\lanes[27].decoder.$add$/home/rishabh/HPCA2/mosaic_delta_phase1/rtl/xorflow_decoder_pipelined.sv:31$45: $auto$alumacc.cc:485:replace_alu$3208
  creating $alu cell for $flatten\lanes[27].decoder.$add$/home/rishabh/HPCA2/mosaic_delta_phase1/rtl/xorflow_decoder_pipelined.sv:31$9: $auto$alumacc.cc:485:replace_alu$3211
  creating $alu cell for $flatten\lanes[28].decoder.$add$/home/rishabh/HPCA2/mosaic_delta_phase1/rtl/xorflow_decoder_pipelined.sv:20$103: $auto$alumacc.cc:485:replace_alu$3214
  creating $alu cell for $flatten\lanes[28].decoder.$add$/home/rishabh/HPCA2/mosaic_delta_phase1/rtl/xorflow_decoder_pipelined.sv:20$104: $auto$alumacc.cc:485:replace_alu$3217
  creating $alu cell for $flatten\lanes[28].decoder.$add$/home/rishabh/HPCA2/mosaic_delta_phase1/rtl/xorflow_decoder_pipelined.sv:20$106: $auto$alumacc.cc:485:replace_alu$3220
  creating $alu cell for $flatten\lanes[28].decoder.$add$/home/rishabh/HPCA2/mosaic_delta_phase1/rtl/xorflow_decoder_pipelined.sv:20$108: $auto$alumacc.cc:485:replace_alu$3223
  creating $alu cell for $flatten\lanes[28].decoder.$add$/home/rishabh/HPCA2/mosaic_delta_phase1/rtl/xorflow_decoder_pipelined.sv:20$111: $auto$alumacc.cc:485:replace_alu$3226
  creating $alu cell for $flatten\lanes[28].decoder.$add$/home/rishabh/HPCA2/mosaic_delta_phase1/rtl/xorflow_decoder_pipelined.sv:20$114: $auto$alumacc.cc:485:replace_alu$3229
  creating $alu cell for $flatten\lanes[28].decoder.$add$/home/rishabh/HPCA2/mosaic_delta_phase1/rtl/xorflow_decoder_pipelined.sv:20$117: $auto$alumacc.cc:485:replace_alu$3232
  creating $alu cell for $flatten\lanes[28].decoder.$add$/home/rishabh/HPCA2/mosaic_delta_phase1/rtl/xorflow_decoder_pipelined.sv:21$105: $auto$alumacc.cc:485:replace_alu$3235
  creating $alu cell for $flatten\lanes[28].decoder.$add$/home/rishabh/HPCA2/mosaic_delta_phase1/rtl/xorflow_decoder_pipelined.sv:21$107: $auto$alumacc.cc:485:replace_alu$3238
  creating $alu cell for $flatten\lanes[28].decoder.$add$/home/rishabh/HPCA2/mosaic_delta_phase1/rtl/xorflow_decoder_pipelined.sv:21$109: $auto$alumacc.cc:485:replace_alu$3241
  creating $alu cell for $flatten\lanes[28].decoder.$add$/home/rishabh/HPCA2/mosaic_delta_phase1/rtl/xorflow_decoder_pipelined.sv:21$112: $auto$alumacc.cc:485:replace_alu$3244
  creating $alu cell for $flatten\lanes[28].decoder.$add$/home/rishabh/HPCA2/mosaic_delta_phase1/rtl/xorflow_decoder_pipelined.sv:21$115: $auto$alumacc.cc:485:replace_alu$3247
  creating $alu cell for $flatten\lanes[28].decoder.$add$/home/rishabh/HPCA2/mosaic_delta_phase1/rtl/xorflow_decoder_pipelined.sv:21$118: $auto$alumacc.cc:485:replace_alu$3250
  creating $alu cell for $flatten\lanes[6].decoder.$add$/home/rishabh/HPCA2/mosaic_delta_phase1/rtl/xorflow_decoder_pipelined.sv:31$45: $auto$alumacc.cc:485:replace_alu$3253
  creating $alu cell for $flatten\lanes[6].decoder.$add$/home/rishabh/HPCA2/mosaic_delta_phase1/rtl/xorflow_decoder_pipelined.sv:31$33: $auto$alumacc.cc:485:replace_alu$3256
  creating $alu cell for $flatten\lanes[6].decoder.$add$/home/rishabh/HPCA2/mosaic_delta_phase1/rtl/xorflow_decoder_pipelined.sv:31$21: $auto$alumacc.cc:485:replace_alu$3259
  creating $alu cell for $flatten\lanes[5].decoder.$add$/home/rishabh/HPCA2/mosaic_delta_phase1/rtl/xorflow_decoder_pipelined.sv:21$109: $auto$alumacc.cc:485:replace_alu$3262
  creating $alu cell for $flatten\lanes[28].decoder.$add$/home/rishabh/HPCA2/mosaic_delta_phase1/rtl/xorflow_decoder_pipelined.sv:31$21: $auto$alumacc.cc:485:replace_alu$3265
  creating $alu cell for $flatten\lanes[28].decoder.$add$/home/rishabh/HPCA2/mosaic_delta_phase1/rtl/xorflow_decoder_pipelined.sv:31$33: $auto$alumacc.cc:485:replace_alu$3268
  creating $alu cell for $flatten\lanes[28].decoder.$add$/home/rishabh/HPCA2/mosaic_delta_phase1/rtl/xorflow_decoder_pipelined.sv:31$45: $auto$alumacc.cc:485:replace_alu$3271
  creating $alu cell for $flatten\lanes[28].decoder.$add$/home/rishabh/HPCA2/mosaic_delta_phase1/rtl/xorflow_decoder_pipelined.sv:31$9: $auto$alumacc.cc:485:replace_alu$3274
  creating $alu cell for $flatten\lanes[29].decoder.$add$/home/rishabh/HPCA2/mosaic_delta_phase1/rtl/xorflow_decoder_pipelined.sv:20$103: $auto$alumacc.cc:485:replace_alu$3277
  creating $alu cell for $flatten\lanes[29].decoder.$add$/home/rishabh/HPCA2/mosaic_delta_phase1/rtl/xorflow_decoder_pipelined.sv:20$104: $auto$alumacc.cc:485:replace_alu$3280
  creating $alu cell for $flatten\lanes[29].decoder.$add$/home/rishabh/HPCA2/mosaic_delta_phase1/rtl/xorflow_decoder_pipelined.sv:20$106: $auto$alumacc.cc:485:replace_alu$3283
  creating $alu cell for $flatten\lanes[29].decoder.$add$/home/rishabh/HPCA2/mosaic_delta_phase1/rtl/xorflow_decoder_pipelined.sv:20$108: $auto$alumacc.cc:485:replace_alu$3286
  creating $alu cell for $flatten\lanes[29].decoder.$add$/home/rishabh/HPCA2/mosaic_delta_phase1/rtl/xorflow_decoder_pipelined.sv:20$111: $auto$alumacc.cc:485:replace_alu$3289
  creating $alu cell for $flatten\lanes[29].decoder.$add$/home/rishabh/HPCA2/mosaic_delta_phase1/rtl/xorflow_decoder_pipelined.sv:20$114: $auto$alumacc.cc:485:replace_alu$3292
  creating $alu cell for $flatten\lanes[29].decoder.$add$/home/rishabh/HPCA2/mosaic_delta_phase1/rtl/xorflow_decoder_pipelined.sv:20$117: $auto$alumacc.cc:485:replace_alu$3295
  creating $alu cell for $flatten\lanes[29].decoder.$add$/home/rishabh/HPCA2/mosaic_delta_phase1/rtl/xorflow_decoder_pipelined.sv:21$105: $auto$alumacc.cc:485:replace_alu$3298
  creating $alu cell for $flatten\lanes[29].decoder.$add$/home/rishabh/HPCA2/mosaic_delta_phase1/rtl/xorflow_decoder_pipelined.sv:21$107: $auto$alumacc.cc:485:replace_alu$3301
  creating $alu cell for $flatten\lanes[29].decoder.$add$/home/rishabh/HPCA2/mosaic_delta_phase1/rtl/xorflow_decoder_pipelined.sv:21$109: $auto$alumacc.cc:485:replace_alu$3304
  creating $alu cell for $flatten\lanes[29].decoder.$add$/home/rishabh/HPCA2/mosaic_delta_phase1/rtl/xorflow_decoder_pipelined.sv:21$112: $auto$alumacc.cc:485:replace_alu$3307
  creating $alu cell for $flatten\lanes[29].decoder.$add$/home/rishabh/HPCA2/mosaic_delta_phase1/rtl/xorflow_decoder_pipelined.sv:21$115: $auto$alumacc.cc:485:replace_alu$3310
  creating $alu cell for $flatten\lanes[29].decoder.$add$/home/rishabh/HPCA2/mosaic_delta_phase1/rtl/xorflow_decoder_pipelined.sv:21$118: $auto$alumacc.cc:485:replace_alu$3313
  creating $alu cell for $flatten\lanes[5].decoder.$add$/home/rishabh/HPCA2/mosaic_delta_phase1/rtl/xorflow_decoder_pipelined.sv:21$112: $auto$alumacc.cc:485:replace_alu$3316
  creating $alu cell for $flatten\lanes[5].decoder.$add$/home/rishabh/HPCA2/mosaic_delta_phase1/rtl/xorflow_decoder_pipelined.sv:21$115: $auto$alumacc.cc:485:replace_alu$3319
  creating $alu cell for $flatten\lanes[5].decoder.$add$/home/rishabh/HPCA2/mosaic_delta_phase1/rtl/xorflow_decoder_pipelined.sv:21$118: $auto$alumacc.cc:485:replace_alu$3322
  creating $alu cell for $flatten\lanes[6].decoder.$add$/home/rishabh/HPCA2/mosaic_delta_phase1/rtl/xorflow_decoder_pipelined.sv:21$118: $auto$alumacc.cc:485:replace_alu$3325
  creating $alu cell for $flatten\lanes[29].decoder.$add$/home/rishabh/HPCA2/mosaic_delta_phase1/rtl/xorflow_decoder_pipelined.sv:31$21: $auto$alumacc.cc:485:replace_alu$3328
  creating $alu cell for $flatten\lanes[29].decoder.$add$/home/rishabh/HPCA2/mosaic_delta_phase1/rtl/xorflow_decoder_pipelined.sv:31$33: $auto$alumacc.cc:485:replace_alu$3331
  creating $alu cell for $flatten\lanes[29].decoder.$add$/home/rishabh/HPCA2/mosaic_delta_phase1/rtl/xorflow_decoder_pipelined.sv:31$45: $auto$alumacc.cc:485:replace_alu$3334
  creating $alu cell for $flatten\lanes[29].decoder.$add$/home/rishabh/HPCA2/mosaic_delta_phase1/rtl/xorflow_decoder_pipelined.sv:31$9: $auto$alumacc.cc:485:replace_alu$3337
  creating $alu cell for $flatten\lanes[2].decoder.$add$/home/rishabh/HPCA2/mosaic_delta_phase1/rtl/xorflow_decoder_pipelined.sv:20$103: $auto$alumacc.cc:485:replace_alu$3340
  creating $alu cell for $flatten\lanes[2].decoder.$add$/home/rishabh/HPCA2/mosaic_delta_phase1/rtl/xorflow_decoder_pipelined.sv:20$104: $auto$alumacc.cc:485:replace_alu$3343
  creating $alu cell for $flatten\lanes[2].decoder.$add$/home/rishabh/HPCA2/mosaic_delta_phase1/rtl/xorflow_decoder_pipelined.sv:20$106: $auto$alumacc.cc:485:replace_alu$3346
  creating $alu cell for $flatten\lanes[2].decoder.$add$/home/rishabh/HPCA2/mosaic_delta_phase1/rtl/xorflow_decoder_pipelined.sv:20$108: $auto$alumacc.cc:485:replace_alu$3349
  creating $alu cell for $flatten\lanes[2].decoder.$add$/home/rishabh/HPCA2/mosaic_delta_phase1/rtl/xorflow_decoder_pipelined.sv:20$111: $auto$alumacc.cc:485:replace_alu$3352
  creating $alu cell for $flatten\lanes[2].decoder.$add$/home/rishabh/HPCA2/mosaic_delta_phase1/rtl/xorflow_decoder_pipelined.sv:20$114: $auto$alumacc.cc:485:replace_alu$3355
  creating $alu cell for $flatten\lanes[2].decoder.$add$/home/rishabh/HPCA2/mosaic_delta_phase1/rtl/xorflow_decoder_pipelined.sv:20$117: $auto$alumacc.cc:485:replace_alu$3358
  creating $alu cell for $flatten\lanes[2].decoder.$add$/home/rishabh/HPCA2/mosaic_delta_phase1/rtl/xorflow_decoder_pipelined.sv:21$105: $auto$alumacc.cc:485:replace_alu$3361
  creating $alu cell for $flatten\lanes[2].decoder.$add$/home/rishabh/HPCA2/mosaic_delta_phase1/rtl/xorflow_decoder_pipelined.sv:21$107: $auto$alumacc.cc:485:replace_alu$3364
  creating $alu cell for $flatten\lanes[2].decoder.$add$/home/rishabh/HPCA2/mosaic_delta_phase1/rtl/xorflow_decoder_pipelined.sv:21$109: $auto$alumacc.cc:485:replace_alu$3367
  creating $alu cell for $flatten\lanes[2].decoder.$add$/home/rishabh/HPCA2/mosaic_delta_phase1/rtl/xorflow_decoder_pipelined.sv:21$112: $auto$alumacc.cc:485:replace_alu$3370
  creating $alu cell for $flatten\lanes[2].decoder.$add$/home/rishabh/HPCA2/mosaic_delta_phase1/rtl/xorflow_decoder_pipelined.sv:21$115: $auto$alumacc.cc:485:replace_alu$3373
  creating $alu cell for $flatten\lanes[2].decoder.$add$/home/rishabh/HPCA2/mosaic_delta_phase1/rtl/xorflow_decoder_pipelined.sv:21$118: $auto$alumacc.cc:485:replace_alu$3376
  creating $alu cell for $flatten\lanes[6].decoder.$add$/home/rishabh/HPCA2/mosaic_delta_phase1/rtl/xorflow_decoder_pipelined.sv:21$115: $auto$alumacc.cc:485:replace_alu$3379
  creating $alu cell for $flatten\lanes[6].decoder.$add$/home/rishabh/HPCA2/mosaic_delta_phase1/rtl/xorflow_decoder_pipelined.sv:21$112: $auto$alumacc.cc:485:replace_alu$3382
  creating $alu cell for $flatten\lanes[6].decoder.$add$/home/rishabh/HPCA2/mosaic_delta_phase1/rtl/xorflow_decoder_pipelined.sv:21$109: $auto$alumacc.cc:485:replace_alu$3385
  creating $alu cell for $flatten\lanes[6].decoder.$add$/home/rishabh/HPCA2/mosaic_delta_phase1/rtl/xorflow_decoder_pipelined.sv:21$107: $auto$alumacc.cc:485:replace_alu$3388
  creating $alu cell for $flatten\lanes[2].decoder.$add$/home/rishabh/HPCA2/mosaic_delta_phase1/rtl/xorflow_decoder_pipelined.sv:31$21: $auto$alumacc.cc:485:replace_alu$3391
  creating $alu cell for $flatten\lanes[2].decoder.$add$/home/rishabh/HPCA2/mosaic_delta_phase1/rtl/xorflow_decoder_pipelined.sv:31$33: $auto$alumacc.cc:485:replace_alu$3394
  creating $alu cell for $flatten\lanes[2].decoder.$add$/home/rishabh/HPCA2/mosaic_delta_phase1/rtl/xorflow_decoder_pipelined.sv:31$45: $auto$alumacc.cc:485:replace_alu$3397
  creating $alu cell for $flatten\lanes[2].decoder.$add$/home/rishabh/HPCA2/mosaic_delta_phase1/rtl/xorflow_decoder_pipelined.sv:31$9: $auto$alumacc.cc:485:replace_alu$3400
  creating $alu cell for $flatten\lanes[30].decoder.$add$/home/rishabh/HPCA2/mosaic_delta_phase1/rtl/xorflow_decoder_pipelined.sv:20$103: $auto$alumacc.cc:485:replace_alu$3403
  creating $alu cell for $flatten\lanes[30].decoder.$add$/home/rishabh/HPCA2/mosaic_delta_phase1/rtl/xorflow_decoder_pipelined.sv:20$104: $auto$alumacc.cc:485:replace_alu$3406
  creating $alu cell for $flatten\lanes[30].decoder.$add$/home/rishabh/HPCA2/mosaic_delta_phase1/rtl/xorflow_decoder_pipelined.sv:20$106: $auto$alumacc.cc:485:replace_alu$3409
  creating $alu cell for $flatten\lanes[30].decoder.$add$/home/rishabh/HPCA2/mosaic_delta_phase1/rtl/xorflow_decoder_pipelined.sv:20$108: $auto$alumacc.cc:485:replace_alu$3412
  creating $alu cell for $flatten\lanes[30].decoder.$add$/home/rishabh/HPCA2/mosaic_delta_phase1/rtl/xorflow_decoder_pipelined.sv:20$111: $auto$alumacc.cc:485:replace_alu$3415
  creating $alu cell for $flatten\lanes[30].decoder.$add$/home/rishabh/HPCA2/mosaic_delta_phase1/rtl/xorflow_decoder_pipelined.sv:20$114: $auto$alumacc.cc:485:replace_alu$3418
  creating $alu cell for $flatten\lanes[30].decoder.$add$/home/rishabh/HPCA2/mosaic_delta_phase1/rtl/xorflow_decoder_pipelined.sv:20$117: $auto$alumacc.cc:485:replace_alu$3421
  creating $alu cell for $flatten\lanes[30].decoder.$add$/home/rishabh/HPCA2/mosaic_delta_phase1/rtl/xorflow_decoder_pipelined.sv:21$105: $auto$alumacc.cc:485:replace_alu$3424
  creating $alu cell for $flatten\lanes[30].decoder.$add$/home/rishabh/HPCA2/mosaic_delta_phase1/rtl/xorflow_decoder_pipelined.sv:21$107: $auto$alumacc.cc:485:replace_alu$3427
  creating $alu cell for $flatten\lanes[30].decoder.$add$/home/rishabh/HPCA2/mosaic_delta_phase1/rtl/xorflow_decoder_pipelined.sv:21$109: $auto$alumacc.cc:485:replace_alu$3430
  creating $alu cell for $flatten\lanes[30].decoder.$add$/home/rishabh/HPCA2/mosaic_delta_phase1/rtl/xorflow_decoder_pipelined.sv:21$112: $auto$alumacc.cc:485:replace_alu$3433
  creating $alu cell for $flatten\lanes[30].decoder.$add$/home/rishabh/HPCA2/mosaic_delta_phase1/rtl/xorflow_decoder_pipelined.sv:21$115: $auto$alumacc.cc:485:replace_alu$3436
  creating $alu cell for $flatten\lanes[30].decoder.$add$/home/rishabh/HPCA2/mosaic_delta_phase1/rtl/xorflow_decoder_pipelined.sv:21$118: $auto$alumacc.cc:485:replace_alu$3439
  creating $alu cell for $flatten\lanes[6].decoder.$add$/home/rishabh/HPCA2/mosaic_delta_phase1/rtl/xorflow_decoder_pipelined.sv:21$105: $auto$alumacc.cc:485:replace_alu$3442
  creating $alu cell for $flatten\lanes[6].decoder.$add$/home/rishabh/HPCA2/mosaic_delta_phase1/rtl/xorflow_decoder_pipelined.sv:20$117: $auto$alumacc.cc:485:replace_alu$3445
  creating $alu cell for $flatten\lanes[6].decoder.$add$/home/rishabh/HPCA2/mosaic_delta_phase1/rtl/xorflow_decoder_pipelined.sv:20$114: $auto$alumacc.cc:485:replace_alu$3448
  creating $alu cell for $flatten\lanes[6].decoder.$add$/home/rishabh/HPCA2/mosaic_delta_phase1/rtl/xorflow_decoder_pipelined.sv:20$111: $auto$alumacc.cc:485:replace_alu$3451
  creating $alu cell for $flatten\lanes[30].decoder.$add$/home/rishabh/HPCA2/mosaic_delta_phase1/rtl/xorflow_decoder_pipelined.sv:31$21: $auto$alumacc.cc:485:replace_alu$3454
  creating $alu cell for $flatten\lanes[30].decoder.$add$/home/rishabh/HPCA2/mosaic_delta_phase1/rtl/xorflow_decoder_pipelined.sv:31$33: $auto$alumacc.cc:485:replace_alu$3457
  creating $alu cell for $flatten\lanes[30].decoder.$add$/home/rishabh/HPCA2/mosaic_delta_phase1/rtl/xorflow_decoder_pipelined.sv:31$45: $auto$alumacc.cc:485:replace_alu$3460
  creating $alu cell for $flatten\lanes[30].decoder.$add$/home/rishabh/HPCA2/mosaic_delta_phase1/rtl/xorflow_decoder_pipelined.sv:31$9: $auto$alumacc.cc:485:replace_alu$3463
  creating $alu cell for $flatten\lanes[31].decoder.$add$/home/rishabh/HPCA2/mosaic_delta_phase1/rtl/xorflow_decoder_pipelined.sv:20$103: $auto$alumacc.cc:485:replace_alu$3466
  creating $alu cell for $flatten\lanes[31].decoder.$add$/home/rishabh/HPCA2/mosaic_delta_phase1/rtl/xorflow_decoder_pipelined.sv:20$104: $auto$alumacc.cc:485:replace_alu$3469
  creating $alu cell for $flatten\lanes[31].decoder.$add$/home/rishabh/HPCA2/mosaic_delta_phase1/rtl/xorflow_decoder_pipelined.sv:20$106: $auto$alumacc.cc:485:replace_alu$3472
  creating $alu cell for $flatten\lanes[31].decoder.$add$/home/rishabh/HPCA2/mosaic_delta_phase1/rtl/xorflow_decoder_pipelined.sv:20$108: $auto$alumacc.cc:485:replace_alu$3475
  creating $alu cell for $flatten\lanes[31].decoder.$add$/home/rishabh/HPCA2/mosaic_delta_phase1/rtl/xorflow_decoder_pipelined.sv:20$111: $auto$alumacc.cc:485:replace_alu$3478
  creating $alu cell for $flatten\lanes[31].decoder.$add$/home/rishabh/HPCA2/mosaic_delta_phase1/rtl/xorflow_decoder_pipelined.sv:20$114: $auto$alumacc.cc:485:replace_alu$3481
  creating $alu cell for $flatten\lanes[31].decoder.$add$/home/rishabh/HPCA2/mosaic_delta_phase1/rtl/xorflow_decoder_pipelined.sv:20$117: $auto$alumacc.cc:485:replace_alu$3484
  creating $alu cell for $flatten\lanes[31].decoder.$add$/home/rishabh/HPCA2/mosaic_delta_phase1/rtl/xorflow_decoder_pipelined.sv:21$105: $auto$alumacc.cc:485:replace_alu$3487
  creating $alu cell for $flatten\lanes[31].decoder.$add$/home/rishabh/HPCA2/mosaic_delta_phase1/rtl/xorflow_decoder_pipelined.sv:21$107: $auto$alumacc.cc:485:replace_alu$3490
  creating $alu cell for $flatten\lanes[31].decoder.$add$/home/rishabh/HPCA2/mosaic_delta_phase1/rtl/xorflow_decoder_pipelined.sv:21$109: $auto$alumacc.cc:485:replace_alu$3493
  creating $alu cell for $flatten\lanes[31].decoder.$add$/home/rishabh/HPCA2/mosaic_delta_phase1/rtl/xorflow_decoder_pipelined.sv:21$112: $auto$alumacc.cc:485:replace_alu$3496
  creating $alu cell for $flatten\lanes[31].decoder.$add$/home/rishabh/HPCA2/mosaic_delta_phase1/rtl/xorflow_decoder_pipelined.sv:21$115: $auto$alumacc.cc:485:replace_alu$3499
  creating $alu cell for $flatten\lanes[31].decoder.$add$/home/rishabh/HPCA2/mosaic_delta_phase1/rtl/xorflow_decoder_pipelined.sv:21$118: $auto$alumacc.cc:485:replace_alu$3502
  creating $alu cell for $flatten\lanes[6].decoder.$add$/home/rishabh/HPCA2/mosaic_delta_phase1/rtl/xorflow_decoder_pipelined.sv:20$108: $auto$alumacc.cc:485:replace_alu$3505
  creating $alu cell for $flatten\lanes[6].decoder.$add$/home/rishabh/HPCA2/mosaic_delta_phase1/rtl/xorflow_decoder_pipelined.sv:20$106: $auto$alumacc.cc:485:replace_alu$3508
  creating $alu cell for $flatten\lanes[6].decoder.$add$/home/rishabh/HPCA2/mosaic_delta_phase1/rtl/xorflow_decoder_pipelined.sv:20$104: $auto$alumacc.cc:485:replace_alu$3511
  creating $alu cell for $flatten\lanes[6].decoder.$add$/home/rishabh/HPCA2/mosaic_delta_phase1/rtl/xorflow_decoder_pipelined.sv:20$103: $auto$alumacc.cc:485:replace_alu$3514
  creating $alu cell for $flatten\lanes[31].decoder.$add$/home/rishabh/HPCA2/mosaic_delta_phase1/rtl/xorflow_decoder_pipelined.sv:31$21: $auto$alumacc.cc:485:replace_alu$3517
  creating $alu cell for $flatten\lanes[31].decoder.$add$/home/rishabh/HPCA2/mosaic_delta_phase1/rtl/xorflow_decoder_pipelined.sv:31$33: $auto$alumacc.cc:485:replace_alu$3520
  creating $alu cell for $flatten\lanes[31].decoder.$add$/home/rishabh/HPCA2/mosaic_delta_phase1/rtl/xorflow_decoder_pipelined.sv:31$45: $auto$alumacc.cc:485:replace_alu$3523
  creating $alu cell for $flatten\lanes[31].decoder.$add$/home/rishabh/HPCA2/mosaic_delta_phase1/rtl/xorflow_decoder_pipelined.sv:31$9: $auto$alumacc.cc:485:replace_alu$3526
  creating $alu cell for $flatten\lanes[3].decoder.$add$/home/rishabh/HPCA2/mosaic_delta_phase1/rtl/xorflow_decoder_pipelined.sv:20$103: $auto$alumacc.cc:485:replace_alu$3529
  creating $alu cell for $flatten\lanes[3].decoder.$add$/home/rishabh/HPCA2/mosaic_delta_phase1/rtl/xorflow_decoder_pipelined.sv:20$104: $auto$alumacc.cc:485:replace_alu$3532
  creating $alu cell for $flatten\lanes[3].decoder.$add$/home/rishabh/HPCA2/mosaic_delta_phase1/rtl/xorflow_decoder_pipelined.sv:20$106: $auto$alumacc.cc:485:replace_alu$3535
  creating $alu cell for $flatten\lanes[3].decoder.$add$/home/rishabh/HPCA2/mosaic_delta_phase1/rtl/xorflow_decoder_pipelined.sv:20$108: $auto$alumacc.cc:485:replace_alu$3538
  creating $alu cell for $flatten\lanes[3].decoder.$add$/home/rishabh/HPCA2/mosaic_delta_phase1/rtl/xorflow_decoder_pipelined.sv:20$111: $auto$alumacc.cc:485:replace_alu$3541
  creating $alu cell for $flatten\lanes[3].decoder.$add$/home/rishabh/HPCA2/mosaic_delta_phase1/rtl/xorflow_decoder_pipelined.sv:20$114: $auto$alumacc.cc:485:replace_alu$3544
  creating $alu cell for $flatten\lanes[3].decoder.$add$/home/rishabh/HPCA2/mosaic_delta_phase1/rtl/xorflow_decoder_pipelined.sv:20$117: $auto$alumacc.cc:485:replace_alu$3547
  creating $alu cell for $flatten\lanes[3].decoder.$add$/home/rishabh/HPCA2/mosaic_delta_phase1/rtl/xorflow_decoder_pipelined.sv:21$105: $auto$alumacc.cc:485:replace_alu$3550
  creating $alu cell for $flatten\lanes[3].decoder.$add$/home/rishabh/HPCA2/mosaic_delta_phase1/rtl/xorflow_decoder_pipelined.sv:21$107: $auto$alumacc.cc:485:replace_alu$3553
  creating $alu cell for $flatten\lanes[3].decoder.$add$/home/rishabh/HPCA2/mosaic_delta_phase1/rtl/xorflow_decoder_pipelined.sv:21$109: $auto$alumacc.cc:485:replace_alu$3556
  creating $alu cell for $flatten\lanes[3].decoder.$add$/home/rishabh/HPCA2/mosaic_delta_phase1/rtl/xorflow_decoder_pipelined.sv:21$112: $auto$alumacc.cc:485:replace_alu$3559
  creating $alu cell for $flatten\lanes[3].decoder.$add$/home/rishabh/HPCA2/mosaic_delta_phase1/rtl/xorflow_decoder_pipelined.sv:21$115: $auto$alumacc.cc:485:replace_alu$3562
  creating $alu cell for $flatten\lanes[3].decoder.$add$/home/rishabh/HPCA2/mosaic_delta_phase1/rtl/xorflow_decoder_pipelined.sv:21$118: $auto$alumacc.cc:485:replace_alu$3565
  creating $alu cell for $flatten\lanes[5].decoder.$add$/home/rishabh/HPCA2/mosaic_delta_phase1/rtl/xorflow_decoder_pipelined.sv:31$9: $auto$alumacc.cc:485:replace_alu$3568
  creating $alu cell for $flatten\lanes[3].decoder.$add$/home/rishabh/HPCA2/mosaic_delta_phase1/rtl/xorflow_decoder_pipelined.sv:31$21: $auto$alumacc.cc:485:replace_alu$3571
  creating $alu cell for $flatten\lanes[3].decoder.$add$/home/rishabh/HPCA2/mosaic_delta_phase1/rtl/xorflow_decoder_pipelined.sv:31$33: $auto$alumacc.cc:485:replace_alu$3574
  creating $alu cell for $flatten\lanes[3].decoder.$add$/home/rishabh/HPCA2/mosaic_delta_phase1/rtl/xorflow_decoder_pipelined.sv:31$45: $auto$alumacc.cc:485:replace_alu$3577
  creating $alu cell for $flatten\lanes[3].decoder.$add$/home/rishabh/HPCA2/mosaic_delta_phase1/rtl/xorflow_decoder_pipelined.sv:31$9: $auto$alumacc.cc:485:replace_alu$3580
  creating $alu cell for $flatten\lanes[4].decoder.$add$/home/rishabh/HPCA2/mosaic_delta_phase1/rtl/xorflow_decoder_pipelined.sv:20$103: $auto$alumacc.cc:485:replace_alu$3583
  creating $alu cell for $flatten\lanes[4].decoder.$add$/home/rishabh/HPCA2/mosaic_delta_phase1/rtl/xorflow_decoder_pipelined.sv:20$104: $auto$alumacc.cc:485:replace_alu$3586
  creating $alu cell for $flatten\lanes[4].decoder.$add$/home/rishabh/HPCA2/mosaic_delta_phase1/rtl/xorflow_decoder_pipelined.sv:20$106: $auto$alumacc.cc:485:replace_alu$3589
  creating $alu cell for $flatten\lanes[4].decoder.$add$/home/rishabh/HPCA2/mosaic_delta_phase1/rtl/xorflow_decoder_pipelined.sv:20$108: $auto$alumacc.cc:485:replace_alu$3592
  creating $alu cell for $flatten\lanes[4].decoder.$add$/home/rishabh/HPCA2/mosaic_delta_phase1/rtl/xorflow_decoder_pipelined.sv:20$111: $auto$alumacc.cc:485:replace_alu$3595
  creating $alu cell for $flatten\lanes[4].decoder.$add$/home/rishabh/HPCA2/mosaic_delta_phase1/rtl/xorflow_decoder_pipelined.sv:20$114: $auto$alumacc.cc:485:replace_alu$3598
  creating $alu cell for $flatten\lanes[4].decoder.$add$/home/rishabh/HPCA2/mosaic_delta_phase1/rtl/xorflow_decoder_pipelined.sv:20$117: $auto$alumacc.cc:485:replace_alu$3601
  creating $alu cell for $flatten\lanes[4].decoder.$add$/home/rishabh/HPCA2/mosaic_delta_phase1/rtl/xorflow_decoder_pipelined.sv:21$105: $auto$alumacc.cc:485:replace_alu$3604
  creating $alu cell for $flatten\lanes[4].decoder.$add$/home/rishabh/HPCA2/mosaic_delta_phase1/rtl/xorflow_decoder_pipelined.sv:21$107: $auto$alumacc.cc:485:replace_alu$3607
  creating $alu cell for $flatten\lanes[4].decoder.$add$/home/rishabh/HPCA2/mosaic_delta_phase1/rtl/xorflow_decoder_pipelined.sv:21$109: $auto$alumacc.cc:485:replace_alu$3610
  creating $alu cell for $flatten\lanes[4].decoder.$add$/home/rishabh/HPCA2/mosaic_delta_phase1/rtl/xorflow_decoder_pipelined.sv:21$112: $auto$alumacc.cc:485:replace_alu$3613
  creating $alu cell for $flatten\lanes[4].decoder.$add$/home/rishabh/HPCA2/mosaic_delta_phase1/rtl/xorflow_decoder_pipelined.sv:21$115: $auto$alumacc.cc:485:replace_alu$3616
  creating $alu cell for $flatten\lanes[4].decoder.$add$/home/rishabh/HPCA2/mosaic_delta_phase1/rtl/xorflow_decoder_pipelined.sv:21$118: $auto$alumacc.cc:485:replace_alu$3619
  creating $alu cell for $flatten\lanes[5].decoder.$add$/home/rishabh/HPCA2/mosaic_delta_phase1/rtl/xorflow_decoder_pipelined.sv:31$45: $auto$alumacc.cc:485:replace_alu$3622
  creating $alu cell for $flatten\lanes[5].decoder.$add$/home/rishabh/HPCA2/mosaic_delta_phase1/rtl/xorflow_decoder_pipelined.sv:31$33: $auto$alumacc.cc:485:replace_alu$3625
  creating $alu cell for $flatten\lanes[5].decoder.$add$/home/rishabh/HPCA2/mosaic_delta_phase1/rtl/xorflow_decoder_pipelined.sv:31$21: $auto$alumacc.cc:485:replace_alu$3628
  creating $alu cell for $flatten\lanes[4].decoder.$add$/home/rishabh/HPCA2/mosaic_delta_phase1/rtl/xorflow_decoder_pipelined.sv:31$21: $auto$alumacc.cc:485:replace_alu$3631
  creating $alu cell for $flatten\lanes[4].decoder.$add$/home/rishabh/HPCA2/mosaic_delta_phase1/rtl/xorflow_decoder_pipelined.sv:31$33: $auto$alumacc.cc:485:replace_alu$3634
  creating $alu cell for $flatten\lanes[4].decoder.$add$/home/rishabh/HPCA2/mosaic_delta_phase1/rtl/xorflow_decoder_pipelined.sv:31$45: $auto$alumacc.cc:485:replace_alu$3637
  created 800 $alu and 128 $macc cells.

3.14. Executing SHARE pass (SAT-based resource sharing).

3.15. Executing OPT pass (performing simple optimizations).

3.15.1. Executing OPT_EXPR pass (perform const folding).
Optimizing module xorflow_decoder_bank_pipelined.

3.15.2. Executing OPT_MERGE pass (detect identical cells).
Finding identical cells in module `\xorflow_decoder_bank_pipelined'.
Removed a total of 0 cells.

3.15.3. Executing OPT_MUXTREE pass (detect dead branches in mux trees).
Running muxtree optimizer on module \xorflow_decoder_bank_pipelined..
  Creating internal representation of mux trees.
  Evaluating internal representation of mux trees.
  Analyzing evaluation results.
Removed 0 multiplexer ports.
<suppressed ~128 debug messages>

3.15.4. Executing OPT_REDUCE pass (consolidate $*mux and $reduce_* inputs).
  Optimizing cells in module \xorflow_decoder_bank_pipelined.
Performed a total of 0 changes.

3.15.5. Executing OPT_MERGE pass (detect identical cells).
Finding identical cells in module `\xorflow_decoder_bank_pipelined'.
Removed a total of 0 cells.

3.15.6. Executing OPT_DFF pass (perform DFF optimizations).
Setting constant 0-bit at position 10 on $flatten\lanes[0].decoder.$procdff$179 ($dff) from module xorflow_decoder_bank_pipelined.
Setting constant 0-bit at position 11 on $flatten\lanes[0].decoder.$procdff$179 ($dff) from module xorflow_decoder_bank_pipelined.
Setting constant 0-bit at position 12 on $flatten\lanes[0].decoder.$procdff$179 ($dff) from module xorflow_decoder_bank_pipelined.
Setting constant 0-bit at position 13 on $flatten\lanes[0].decoder.$procdff$179 ($dff) from module xorflow_decoder_bank_pipelined.
Setting constant 0-bit at position 10 on $flatten\lanes[10].decoder.$procdff$179 ($dff) from module xorflow_decoder_bank_pipelined.
Setting constant 0-bit at position 11 on $flatten\lanes[10].decoder.$procdff$179 ($dff) from module xorflow_decoder_bank_pipelined.
Setting constant 0-bit at position 12 on $flatten\lanes[10].decoder.$procdff$179 ($dff) from module xorflow_decoder_bank_pipelined.
Setting constant 0-bit at position 13 on $flatten\lanes[10].decoder.$procdff$179 ($dff) from module xorflow_decoder_bank_pipelined.
Setting constant 0-bit at position 10 on $flatten\lanes[11].decoder.$procdff$179 ($dff) from module xorflow_decoder_bank_pipelined.
Setting constant 0-bit at position 11 on $flatten\lanes[11].decoder.$procdff$179 ($dff) from module xorflow_decoder_bank_pipelined.
Setting constant 0-bit at position 12 on $flatten\lanes[11].decoder.$procdff$179 ($dff) from module xorflow_decoder_bank_pipelined.
Setting constant 0-bit at position 13 on $flatten\lanes[11].decoder.$procdff$179 ($dff) from module xorflow_decoder_bank_pipelined.
Setting constant 0-bit at position 10 on $flatten\lanes[12].decoder.$procdff$179 ($dff) from module xorflow_decoder_bank_pipelined.
Setting constant 0-bit at position 11 on $flatten\lanes[12].decoder.$procdff$179 ($dff) from module xorflow_decoder_bank_pipelined.
Setting constant 0-bit at position 12 on $flatten\lanes[12].decoder.$procdff$179 ($dff) from module xorflow_decoder_bank_pipelined.
Setting constant 0-bit at position 13 on $flatten\lanes[12].decoder.$procdff$179 ($dff) from module xorflow_decoder_bank_pipelined.
Setting constant 0-bit at position 10 on $flatten\lanes[13].decoder.$procdff$179 ($dff) from module xorflow_decoder_bank_pipelined.
Setting constant 0-bit at position 11 on $flatten\lanes[13].decoder.$procdff$179 ($dff) from module xorflow_decoder_bank_pipelined.
Setting constant 0-bit at position 12 on $flatten\lanes[13].decoder.$procdff$179 ($dff) from module xorflow_decoder_bank_pipelined.
Setting constant 0-bit at position 13 on $flatten\lanes[13].decoder.$procdff$179 ($dff) from module xorflow_decoder_bank_pipelined.
Setting constant 0-bit at position 10 on $flatten\lanes[14].decoder.$procdff$179 ($dff) from module xorflow_decoder_bank_pipelined.
Setting constant 0-bit at position 11 on $flatten\lanes[14].decoder.$procdff$179 ($dff) from module xorflow_decoder_bank_pipelined.
Setting constant 0-bit at position 12 on $flatten\lanes[14].decoder.$procdff$179 ($dff) from module xorflow_decoder_bank_pipelined.
Setting constant 0-bit at position 13 on $flatten\lanes[14].decoder.$procdff$179 ($dff) from module xorflow_decoder_bank_pipelined.
Setting constant 0-bit at position 10 on $flatten\lanes[15].decoder.$procdff$179 ($dff) from module xorflow_decoder_bank_pipelined.
Setting constant 0-bit at position 11 on $flatten\lanes[15].decoder.$procdff$179 ($dff) from module xorflow_decoder_bank_pipelined.
Setting constant 0-bit at position 12 on $flatten\lanes[15].decoder.$procdff$179 ($dff) from module xorflow_decoder_bank_pipelined.
Setting constant 0-bit at position 13 on $flatten\lanes[15].decoder.$procdff$179 ($dff) from module xorflow_decoder_bank_pipelined.
Setting constant 0-bit at position 10 on $flatten\lanes[16].decoder.$procdff$179 ($dff) from module xorflow_decoder_bank_pipelined.
Setting constant 0-bit at position 11 on $flatten\lanes[16].decoder.$procdff$179 ($dff) from module xorflow_decoder_bank_pipelined.
Setting constant 0-bit at position 12 on $flatten\lanes[16].decoder.$procdff$179 ($dff) from module xorflow_decoder_bank_pipelined.
Setting constant 0-bit at position 13 on $flatten\lanes[16].decoder.$procdff$179 ($dff) from module xorflow_decoder_bank_pipelined.
Setting constant 0-bit at position 10 on $flatten\lanes[17].decoder.$procdff$179 ($dff) from module xorflow_decoder_bank_pipelined.
Setting constant 0-bit at position 11 on $flatten\lanes[17].decoder.$procdff$179 ($dff) from module xorflow_decoder_bank_pipelined.
Setting constant 0-bit at position 12 on $flatten\lanes[17].decoder.$procdff$179 ($dff) from module xorflow_decoder_bank_pipelined.
Setting constant 0-bit at position 13 on $flatten\lanes[17].decoder.$procdff$179 ($dff) from module xorflow_decoder_bank_pipelined.
Setting constant 0-bit at position 10 on $flatten\lanes[18].decoder.$procdff$179 ($dff) from module xorflow_decoder_bank_pipelined.
Setting constant 0-bit at position 11 on $flatten\lanes[18].decoder.$procdff$179 ($dff) from module xorflow_decoder_bank_pipelined.
Setting constant 0-bit at position 12 on $flatten\lanes[18].decoder.$procdff$179 ($dff) from module xorflow_decoder_bank_pipelined.
Setting constant 0-bit at position 13 on $flatten\lanes[18].decoder.$procdff$179 ($dff) from module xorflow_decoder_bank_pipelined.
Setting constant 0-bit at position 10 on $flatten\lanes[19].decoder.$procdff$179 ($dff) from module xorflow_decoder_bank_pipelined.
Setting constant 0-bit at position 11 on $flatten\lanes[19].decoder.$procdff$179 ($dff) from module xorflow_decoder_bank_pipelined.
Setting constant 0-bit at position 12 on $flatten\lanes[19].decoder.$procdff$179 ($dff) from module xorflow_decoder_bank_pipelined.
Setting constant 0-bit at position 13 on $flatten\lanes[19].decoder.$procdff$179 ($dff) from module xorflow_decoder_bank_pipelined.
Setting constant 0-bit at position 10 on $flatten\lanes[1].decoder.$procdff$179 ($dff) from module xorflow_decoder_bank_pipelined.
Setting constant 0-bit at position 11 on $flatten\lanes[1].decoder.$procdff$179 ($dff) from module xorflow_decoder_bank_pipelined.
Setting constant 0-bit at position 12 on $flatten\lanes[1].decoder.$procdff$179 ($dff) from module xorflow_decoder_bank_pipelined.
Setting constant 0-bit at position 13 on $flatten\lanes[1].decoder.$procdff$179 ($dff) from module xorflow_decoder_bank_pipelined.
Setting constant 0-bit at position 10 on $flatten\lanes[20].decoder.$procdff$179 ($dff) from module xorflow_decoder_bank_pipelined.
Setting constant 0-bit at position 11 on $flatten\lanes[20].decoder.$procdff$179 ($dff) from module xorflow_decoder_bank_pipelined.
Setting constant 0-bit at position 12 on $flatten\lanes[20].decoder.$procdff$179 ($dff) from module xorflow_decoder_bank_pipelined.
Setting constant 0-bit at position 13 on $flatten\lanes[20].decoder.$procdff$179 ($dff) from module xorflow_decoder_bank_pipelined.
Setting constant 0-bit at position 10 on $flatten\lanes[21].decoder.$procdff$179 ($dff) from module xorflow_decoder_bank_pipelined.
Setting constant 0-bit at position 11 on $flatten\lanes[21].decoder.$procdff$179 ($dff) from module xorflow_decoder_bank_pipelined.
Setting constant 0-bit at position 12 on $flatten\lanes[21].decoder.$procdff$179 ($dff) from module xorflow_decoder_bank_pipelined.
Setting constant 0-bit at position 13 on $flatten\lanes[21].decoder.$procdff$179 ($dff) from module xorflow_decoder_bank_pipelined.
Setting constant 0-bit at position 10 on $flatten\lanes[22].decoder.$procdff$179 ($dff) from module xorflow_decoder_bank_pipelined.
Setting constant 0-bit at position 11 on $flatten\lanes[22].decoder.$procdff$179 ($dff) from module xorflow_decoder_bank_pipelined.
Setting constant 0-bit at position 12 on $flatten\lanes[22].decoder.$procdff$179 ($dff) from module xorflow_decoder_bank_pipelined.
Setting constant 0-bit at position 13 on $flatten\lanes[22].decoder.$procdff$179 ($dff) from module xorflow_decoder_bank_pipelined.
Setting constant 0-bit at position 10 on $flatten\lanes[23].decoder.$procdff$179 ($dff) from module xorflow_decoder_bank_pipelined.
Setting constant 0-bit at position 11 on $flatten\lanes[23].decoder.$procdff$179 ($dff) from module xorflow_decoder_bank_pipelined.
Setting constant 0-bit at position 12 on $flatten\lanes[23].decoder.$procdff$179 ($dff) from module xorflow_decoder_bank_pipelined.
Setting constant 0-bit at position 13 on $flatten\lanes[23].decoder.$procdff$179 ($dff) from module xorflow_decoder_bank_pipelined.
Setting constant 0-bit at position 10 on $flatten\lanes[24].decoder.$procdff$179 ($dff) from module xorflow_decoder_bank_pipelined.
Setting constant 0-bit at position 11 on $flatten\lanes[24].decoder.$procdff$179 ($dff) from module xorflow_decoder_bank_pipelined.
Setting constant 0-bit at position 12 on $flatten\lanes[24].decoder.$procdff$179 ($dff) from module xorflow_decoder_bank_pipelined.
Setting constant 0-bit at position 13 on $flatten\lanes[24].decoder.$procdff$179 ($dff) from module xorflow_decoder_bank_pipelined.
Setting constant 0-bit at position 10 on $flatten\lanes[25].decoder.$procdff$179 ($dff) from module xorflow_decoder_bank_pipelined.
Setting constant 0-bit at position 11 on $flatten\lanes[25].decoder.$procdff$179 ($dff) from module xorflow_decoder_bank_pipelined.
Setting constant 0-bit at position 12 on $flatten\lanes[25].decoder.$procdff$179 ($dff) from module xorflow_decoder_bank_pipelined.
Setting constant 0-bit at position 13 on $flatten\lanes[25].decoder.$procdff$179 ($dff) from module xorflow_decoder_bank_pipelined.
Setting constant 0-bit at position 10 on $flatten\lanes[26].decoder.$procdff$179 ($dff) from module xorflow_decoder_bank_pipelined.
Setting constant 0-bit at position 11 on $flatten\lanes[26].decoder.$procdff$179 ($dff) from module xorflow_decoder_bank_pipelined.
Setting constant 0-bit at position 12 on $flatten\lanes[26].decoder.$procdff$179 ($dff) from module xorflow_decoder_bank_pipelined.
Setting constant 0-bit at position 13 on $flatten\lanes[26].decoder.$procdff$179 ($dff) from module xorflow_decoder_bank_pipelined.
Setting constant 0-bit at position 10 on $flatten\lanes[27].decoder.$procdff$179 ($dff) from module xorflow_decoder_bank_pipelined.
Setting constant 0-bit at position 11 on $flatten\lanes[27].decoder.$procdff$179 ($dff) from module xorflow_decoder_bank_pipelined.
Setting constant 0-bit at position 12 on $flatten\lanes[27].decoder.$procdff$179 ($dff) from module xorflow_decoder_bank_pipelined.
Setting constant 0-bit at position 13 on $flatten\lanes[27].decoder.$procdff$179 ($dff) from module xorflow_decoder_bank_pipelined.
Setting constant 0-bit at position 10 on $flatten\lanes[28].decoder.$procdff$179 ($dff) from module xorflow_decoder_bank_pipelined.
Setting constant 0-bit at position 11 on $flatten\lanes[28].decoder.$procdff$179 ($dff) from module xorflow_decoder_bank_pipelined.
Setting constant 0-bit at position 12 on $flatten\lanes[28].decoder.$procdff$179 ($dff) from module xorflow_decoder_bank_pipelined.
Setting constant 0-bit at position 13 on $flatten\lanes[28].decoder.$procdff$179 ($dff) from module xorflow_decoder_bank_pipelined.
Setting constant 0-bit at position 10 on $flatten\lanes[29].decoder.$procdff$179 ($dff) from module xorflow_decoder_bank_pipelined.
Setting constant 0-bit at position 11 on $flatten\lanes[29].decoder.$procdff$179 ($dff) from module xorflow_decoder_bank_pipelined.
Setting constant 0-bit at position 12 on $flatten\lanes[29].decoder.$procdff$179 ($dff) from module xorflow_decoder_bank_pipelined.
Setting constant 0-bit at position 13 on $flatten\lanes[29].decoder.$procdff$179 ($dff) from module xorflow_decoder_bank_pipelined.
Setting constant 0-bit at position 10 on $flatten\lanes[2].decoder.$procdff$179 ($dff) from module xorflow_decoder_bank_pipelined.
Setting constant 0-bit at position 11 on $flatten\lanes[2].decoder.$procdff$179 ($dff) from module xorflow_decoder_bank_pipelined.
Setting constant 0-bit at position 12 on $flatten\lanes[2].decoder.$procdff$179 ($dff) from module xorflow_decoder_bank_pipelined.
Setting constant 0-bit at position 13 on $flatten\lanes[2].decoder.$procdff$179 ($dff) from module xorflow_decoder_bank_pipelined.
Setting constant 0-bit at position 10 on $flatten\lanes[30].decoder.$procdff$179 ($dff) from module xorflow_decoder_bank_pipelined.
Setting constant 0-bit at position 11 on $flatten\lanes[30].decoder.$procdff$179 ($dff) from module xorflow_decoder_bank_pipelined.
Setting constant 0-bit at position 12 on $flatten\lanes[30].decoder.$procdff$179 ($dff) from module xorflow_decoder_bank_pipelined.
Setting constant 0-bit at position 13 on $flatten\lanes[30].decoder.$procdff$179 ($dff) from module xorflow_decoder_bank_pipelined.
Setting constant 0-bit at position 10 on $flatten\lanes[31].decoder.$procdff$179 ($dff) from module xorflow_decoder_bank_pipelined.
Setting constant 0-bit at position 11 on $flatten\lanes[31].decoder.$procdff$179 ($dff) from module xorflow_decoder_bank_pipelined.
Setting constant 0-bit at position 12 on $flatten\lanes[31].decoder.$procdff$179 ($dff) from module xorflow_decoder_bank_pipelined.
Setting constant 0-bit at position 13 on $flatten\lanes[31].decoder.$procdff$179 ($dff) from module xorflow_decoder_bank_pipelined.
Setting constant 0-bit at position 10 on $flatten\lanes[3].decoder.$procdff$179 ($dff) from module xorflow_decoder_bank_pipelined.
Setting constant 0-bit at position 11 on $flatten\lanes[3].decoder.$procdff$179 ($dff) from module xorflow_decoder_bank_pipelined.
Setting constant 0-bit at position 12 on $flatten\lanes[3].decoder.$procdff$179 ($dff) from module xorflow_decoder_bank_pipelined.
Setting constant 0-bit at position 13 on $flatten\lanes[3].decoder.$procdff$179 ($dff) from module xorflow_decoder_bank_pipelined.
Setting constant 0-bit at position 10 on $flatten\lanes[4].decoder.$procdff$179 ($dff) from module xorflow_decoder_bank_pipelined.
Setting constant 0-bit at position 11 on $flatten\lanes[4].decoder.$procdff$179 ($dff) from module xorflow_decoder_bank_pipelined.
Setting constant 0-bit at position 12 on $flatten\lanes[4].decoder.$procdff$179 ($dff) from module xorflow_decoder_bank_pipelined.
Setting constant 0-bit at position 13 on $flatten\lanes[4].decoder.$procdff$179 ($dff) from module xorflow_decoder_bank_pipelined.
Setting constant 0-bit at position 10 on $flatten\lanes[5].decoder.$procdff$179 ($dff) from module xorflow_decoder_bank_pipelined.
Setting constant 0-bit at position 11 on $flatten\lanes[5].decoder.$procdff$179 ($dff) from module xorflow_decoder_bank_pipelined.
Setting constant 0-bit at position 12 on $flatten\lanes[5].decoder.$procdff$179 ($dff) from module xorflow_decoder_bank_pipelined.
Setting constant 0-bit at position 13 on $flatten\lanes[5].decoder.$procdff$179 ($dff) from module xorflow_decoder_bank_pipelined.
Setting constant 0-bit at position 10 on $flatten\lanes[6].decoder.$procdff$179 ($dff) from module xorflow_decoder_bank_pipelined.
Setting constant 0-bit at position 11 on $flatten\lanes[6].decoder.$procdff$179 ($dff) from module xorflow_decoder_bank_pipelined.
Setting constant 0-bit at position 12 on $flatten\lanes[6].decoder.$procdff$179 ($dff) from module xorflow_decoder_bank_pipelined.
Setting constant 0-bit at position 13 on $flatten\lanes[6].decoder.$procdff$179 ($dff) from module xorflow_decoder_bank_pipelined.
Setting constant 0-bit at position 10 on $flatten\lanes[7].decoder.$procdff$179 ($dff) from module xorflow_decoder_bank_pipelined.
Setting constant 0-bit at position 11 on $flatten\lanes[7].decoder.$procdff$179 ($dff) from module xorflow_decoder_bank_pipelined.
Setting constant 0-bit at position 12 on $flatten\lanes[7].decoder.$procdff$179 ($dff) from module xorflow_decoder_bank_pipelined.
Setting constant 0-bit at position 13 on $flatten\lanes[7].decoder.$procdff$179 ($dff) from module xorflow_decoder_bank_pipelined.
Setting constant 0-bit at position 10 on $flatten\lanes[8].decoder.$procdff$179 ($dff) from module xorflow_decoder_bank_pipelined.
Setting constant 0-bit at position 11 on $flatten\lanes[8].decoder.$procdff$179 ($dff) from module xorflow_decoder_bank_pipelined.
Setting constant 0-bit at position 12 on $flatten\lanes[8].decoder.$procdff$179 ($dff) from module xorflow_decoder_bank_pipelined.
Setting constant 0-bit at position 13 on $flatten\lanes[8].decoder.$procdff$179 ($dff) from module xorflow_decoder_bank_pipelined.
Setting constant 0-bit at position 10 on $flatten\lanes[9].decoder.$procdff$179 ($dff) from module xorflow_decoder_bank_pipelined.
Setting constant 0-bit at position 11 on $flatten\lanes[9].decoder.$procdff$179 ($dff) from module xorflow_decoder_bank_pipelined.
Setting constant 0-bit at position 12 on $flatten\lanes[9].decoder.$procdff$179 ($dff) from module xorflow_decoder_bank_pipelined.
Setting constant 0-bit at position 13 on $flatten\lanes[9].decoder.$procdff$179 ($dff) from module xorflow_decoder_bank_pipelined.

3.15.7. Executing OPT_CLEAN pass (remove unused cells and wires).
Finding unused cells or wires in module \xorflow_decoder_bank_pipelined..
Removed 128 unused cells and 384 unused wires.
<suppressed ~257 debug messages>

3.15.8. Executing OPT_EXPR pass (perform const folding).
Optimizing module xorflow_decoder_bank_pipelined.

3.15.9. Rerunning OPT passes. (Maybe there is more to do..)

3.15.10. Executing OPT_MUXTREE pass (detect dead branches in mux trees).
Running muxtree optimizer on module \xorflow_decoder_bank_pipelined..
  Creating internal representation of mux trees.
  Evaluating internal representation of mux trees.
  Analyzing evaluation results.
Removed 0 multiplexer ports.
<suppressed ~128 debug messages>

3.15.11. Executing OPT_REDUCE pass (consolidate $*mux and $reduce_* inputs).
  Optimizing cells in module \xorflow_decoder_bank_pipelined.
Performed a total of 0 changes.

3.15.12. Executing OPT_MERGE pass (detect identical cells).
Finding identical cells in module `\xorflow_decoder_bank_pipelined'.
Removed a total of 0 cells.

3.15.13. Executing OPT_DFF pass (perform DFF optimizations).

3.15.14. Executing OPT_CLEAN pass (remove unused cells and wires).
Finding unused cells or wires in module \xorflow_decoder_bank_pipelined..

3.15.15. Executing OPT_EXPR pass (perform const folding).
Optimizing module xorflow_decoder_bank_pipelined.

3.15.16. Finished OPT passes. (There is nothing left to do.)

3.16. Executing MEMORY pass.

3.16.1. Executing OPT_MEM pass (optimize memories).
Performed a total of 0 transformations.

3.16.2. Executing OPT_MEM_PRIORITY pass (removing unnecessary memory write priority relations).
Performed a total of 0 transformations.

3.16.3. Executing OPT_MEM_FEEDBACK pass (finding memory read-to-write feedback paths).

3.16.4. Executing MEMORY_BMUX2ROM pass (converting muxes to ROMs).

3.16.5. Executing MEMORY_DFF pass (merging $dff cells to $memrd).

3.16.6. Executing OPT_CLEAN pass (remove unused cells and wires).
Finding unused cells or wires in module \xorflow_decoder_bank_pipelined..

3.16.7. Executing MEMORY_SHARE pass (consolidating $memrd/$memwr cells).

3.16.8. Executing OPT_MEM_WIDEN pass (optimize memories where all ports are wide).
Performed a total of 0 transformations.

3.16.9. Executing OPT_CLEAN pass (remove unused cells and wires).
Finding unused cells or wires in module \xorflow_decoder_bank_pipelined..

3.16.10. Executing MEMORY_COLLECT pass (generating $mem cells).

3.17. Executing OPT_CLEAN pass (remove unused cells and wires).
Finding unused cells or wires in module \xorflow_decoder_bank_pipelined..

3.18. Executing OPT pass (performing simple optimizations).

3.18.1. Executing OPT_EXPR pass (perform const folding).
Optimizing module xorflow_decoder_bank_pipelined.
<suppressed ~2848 debug messages>

3.18.2. Executing OPT_MERGE pass (detect identical cells).
Finding identical cells in module `\xorflow_decoder_bank_pipelined'.
<suppressed ~384 debug messages>
Removed a total of 128 cells.

3.18.3. Executing OPT_DFF pass (perform DFF optimizations).

3.18.4. Executing OPT_CLEAN pass (remove unused cells and wires).
Finding unused cells or wires in module \xorflow_decoder_bank_pipelined..
Removed 96 unused cells and 864 unused wires.
<suppressed ~97 debug messages>

3.18.5. Finished fast OPT passes.

3.19. Executing MEMORY_MAP pass (converting memories to logic and flip-flops).

3.20. Executing OPT pass (performing simple optimizations).

3.20.1. Executing OPT_EXPR pass (perform const folding).
Optimizing module xorflow_decoder_bank_pipelined.

3.20.2. Executing OPT_MERGE pass (detect identical cells).
Finding identical cells in module `\xorflow_decoder_bank_pipelined'.
Removed a total of 0 cells.

3.20.3. Executing OPT_MUXTREE pass (detect dead branches in mux trees).
Running muxtree optimizer on module \xorflow_decoder_bank_pipelined..
  Creating internal representation of mux trees.
  Evaluating internal representation of mux trees.
  Analyzing evaluation results.
Removed 0 multiplexer ports.
<suppressed ~128 debug messages>

3.20.4. Executing OPT_REDUCE pass (consolidate $*mux and $reduce_* inputs).
  Optimizing cells in module \xorflow_decoder_bank_pipelined.
Performed a total of 0 changes.

3.20.5. Executing OPT_MERGE pass (detect identical cells).
Finding identical cells in module `\xorflow_decoder_bank_pipelined'.
Removed a total of 0 cells.

3.20.6. Executing OPT_SHARE pass.

3.20.7. Executing OPT_DFF pass (perform DFF optimizations).
Setting constant 0-bit at position 10 on $flatten\lanes[0].decoder.$procdff$178 ($dff) from module xorflow_decoder_bank_pipelined.
Setting constant 0-bit at position 11 on $flatten\lanes[0].decoder.$procdff$178 ($dff) from module xorflow_decoder_bank_pipelined.
Setting constant 0-bit at position 12 on $flatten\lanes[0].decoder.$procdff$178 ($dff) from module xorflow_decoder_bank_pipelined.
Setting constant 0-bit at position 13 on $flatten\lanes[0].decoder.$procdff$178 ($dff) from module xorflow_decoder_bank_pipelined.
Setting constant 0-bit at position 10 on $flatten\lanes[0].decoder.$procdff$180 ($dff) from module xorflow_decoder_bank_pipelined.
Setting constant 0-bit at position 11 on $flatten\lanes[0].decoder.$procdff$180 ($dff) from module xorflow_decoder_bank_pipelined.
Setting constant 0-bit at position 12 on $flatten\lanes[0].decoder.$procdff$180 ($dff) from module xorflow_decoder_bank_pipelined.
Setting constant 0-bit at position 13 on $flatten\lanes[0].decoder.$procdff$180 ($dff) from module xorflow_decoder_bank_pipelined.
Setting constant 0-bit at position 10 on $flatten\lanes[0].decoder.$procdff$181 ($dff) from module xorflow_decoder_bank_pipelined.
Setting constant 0-bit at position 11 on $flatten\lanes[0].decoder.$procdff$181 ($dff) from module xorflow_decoder_bank_pipelined.
Setting constant 0-bit at position 12 on $flatten\lanes[0].decoder.$procdff$181 ($dff) from module xorflow_decoder_bank_pipelined.
Setting constant 0-bit at position 13 on $flatten\lanes[0].decoder.$procdff$181 ($dff) from module xorflow_decoder_bank_pipelined.
Setting constant 0-bit at position 10 on $flatten\lanes[0].decoder.$procdff$182 ($dff) from module xorflow_decoder_bank_pipelined.
Setting constant 0-bit at position 11 on $flatten\lanes[0].decoder.$procdff$182 ($dff) from module xorflow_decoder_bank_pipelined.
Setting constant 0-bit at position 12 on $flatten\lanes[0].decoder.$procdff$182 ($dff) from module xorflow_decoder_bank_pipelined.
Setting constant 0-bit at position 13 on $flatten\lanes[0].decoder.$procdff$182 ($dff) from module xorflow_decoder_bank_pipelined.
Setting constant 0-bit at position 10 on $flatten\lanes[0].decoder.$procdff$183 ($dff) from module xorflow_decoder_bank_pipelined.
Setting constant 0-bit at position 11 on $flatten\lanes[0].decoder.$procdff$183 ($dff) from module xorflow_decoder_bank_pipelined.
Setting constant 0-bit at position 12 on $flatten\lanes[0].decoder.$procdff$183 ($dff) from module xorflow_decoder_bank_pipelined.
Setting constant 0-bit at position 13 on $flatten\lanes[0].decoder.$procdff$183 ($dff) from module xorflow_decoder_bank_pipelined.
Setting constant 0-bit at position 10 on $flatten\lanes[10].decoder.$procdff$178 ($dff) from module xorflow_decoder_bank_pipelined.
Setting constant 0-bit at position 11 on $flatten\lanes[10].decoder.$procdff$178 ($dff) from module xorflow_decoder_bank_pipelined.
Setting constant 0-bit at position 12 on $flatten\lanes[10].decoder.$procdff$178 ($dff) from module xorflow_decoder_bank_pipelined.
Setting constant 0-bit at position 13 on $flatten\lanes[10].decoder.$procdff$178 ($dff) from module xorflow_decoder_bank_pipelined.
Setting constant 0-bit at position 10 on $flatten\lanes[10].decoder.$procdff$180 ($dff) from module xorflow_decoder_bank_pipelined.
Setting constant 0-bit at position 11 on $flatten\lanes[10].decoder.$procdff$180 ($dff) from module xorflow_decoder_bank_pipelined.
Setting constant 0-bit at position 12 on $flatten\lanes[10].decoder.$procdff$180 ($dff) from module xorflow_decoder_bank_pipelined.
Setting constant 0-bit at position 13 on $flatten\lanes[10].decoder.$procdff$180 ($dff) from module xorflow_decoder_bank_pipelined.
Setting constant 0-bit at position 10 on $flatten\lanes[10].decoder.$procdff$181 ($dff) from module xorflow_decoder_bank_pipelined.
Setting constant 0-bit at position 11 on $flatten\lanes[10].decoder.$procdff$181 ($dff) from module xorflow_decoder_bank_pipelined.
Setting constant 0-bit at position 12 on $flatten\lanes[10].decoder.$procdff$181 ($dff) from module xorflow_decoder_bank_pipelined.
Setting constant 0-bit at position 13 on $flatten\lanes[10].decoder.$procdff$181 ($dff) from module xorflow_decoder_bank_pipelined.
Setting constant 0-bit at position 10 on $flatten\lanes[10].decoder.$procdff$182 ($dff) from module xorflow_decoder_bank_pipelined.
Setting constant 0-bit at position 11 on $flatten\lanes[10].decoder.$procdff$182 ($dff) from module xorflow_decoder_bank_pipelined.
Setting constant 0-bit at position 12 on $flatten\lanes[10].decoder.$procdff$182 ($dff) from module xorflow_decoder_bank_pipelined.
Setting constant 0-bit at position 13 on $flatten\lanes[10].decoder.$procdff$182 ($dff) from module xorflow_decoder_bank_pipelined.
Setting constant 0-bit at position 10 on $flatten\lanes[10].decoder.$procdff$183 ($dff) from module xorflow_decoder_bank_pipelined.
Setting constant 0-bit at position 11 on $flatten\lanes[10].decoder.$procdff$183 ($dff) from module xorflow_decoder_bank_pipelined.
Setting constant 0-bit at position 12 on $flatten\lanes[10].decoder.$procdff$183 ($dff) from module xorflow_decoder_bank_pipelined.
Setting constant 0-bit at position 13 on $flatten\lanes[10].decoder.$procdff$183 ($dff) from module xorflow_decoder_bank_pipelined.
Setting constant 0-bit at position 10 on $flatten\lanes[11].decoder.$procdff$178 ($dff) from module xorflow_decoder_bank_pipelined.
Setting constant 0-bit at position 11 on $flatten\lanes[11].decoder.$procdff$178 ($dff) from module xorflow_decoder_bank_pipelined.
Setting constant 0-bit at position 12 on $flatten\lanes[11].decoder.$procdff$178 ($dff) from module xorflow_decoder_bank_pipelined.
Setting constant 0-bit at position 13 on $flatten\lanes[11].decoder.$procdff$178 ($dff) from module xorflow_decoder_bank_pipelined.
Setting constant 0-bit at position 10 on $flatten\lanes[11].decoder.$procdff$180 ($dff) from module xorflow_decoder_bank_pipelined.
Setting constant 0-bit at position 11 on $flatten\lanes[11].decoder.$procdff$180 ($dff) from module xorflow_decoder_bank_pipelined.
Setting constant 0-bit at position 12 on $flatten\lanes[11].decoder.$procdff$180 ($dff) from module xorflow_decoder_bank_pipelined.
Setting constant 0-bit at position 13 on $flatten\lanes[11].decoder.$procdff$180 ($dff) from module xorflow_decoder_bank_pipelined.
Setting constant 0-bit at position 10 on $flatten\lanes[11].decoder.$procdff$181 ($dff) from module xorflow_decoder_bank_pipelined.
Setting constant 0-bit at position 11 on $flatten\lanes[11].decoder.$procdff$181 ($dff) from module xorflow_decoder_bank_pipelined.
Setting constant 0-bit at position 12 on $flatten\lanes[11].decoder.$procdff$181 ($dff) from module xorflow_decoder_bank_pipelined.
Setting constant 0-bit at position 13 on $flatten\lanes[11].decoder.$procdff$181 ($dff) from module xorflow_decoder_bank_pipelined.
Setting constant 0-bit at position 10 on $flatten\lanes[11].decoder.$procdff$182 ($dff) from module xorflow_decoder_bank_pipelined.
Setting constant 0-bit at position 11 on $flatten\lanes[11].decoder.$procdff$182 ($dff) from module xorflow_decoder_bank_pipelined.
Setting constant 0-bit at position 12 on $flatten\lanes[11].decoder.$procdff$182 ($dff) from module xorflow_decoder_bank_pipelined.
Setting constant 0-bit at position 13 on $flatten\lanes[11].decoder.$procdff$182 ($dff) from module xorflow_decoder_bank_pipelined.
Setting constant 0-bit at position 10 on $flatten\lanes[11].decoder.$procdff$183 ($dff) from module xorflow_decoder_bank_pipelined.
Setting constant 0-bit at position 11 on $flatten\lanes[11].decoder.$procdff$183 ($dff) from module xorflow_decoder_bank_pipelined.
Setting constant 0-bit at position 12 on $flatten\lanes[11].decoder.$procdff$183 ($dff) from module xorflow_decoder_bank_pipelined.
Setting constant 0-bit at position 13 on $flatten\lanes[11].decoder.$procdff$183 ($dff) from module xorflow_decoder_bank_pipelined.
Setting constant 0-bit at position 10 on $flatten\lanes[12].decoder.$procdff$178 ($dff) from module xorflow_decoder_bank_pipelined.
Setting constant 0-bit at position 11 on $flatten\lanes[12].decoder.$procdff$178 ($dff) from module xorflow_decoder_bank_pipelined.
Setting constant 0-bit at position 12 on $flatten\lanes[12].decoder.$procdff$178 ($dff) from module xorflow_decoder_bank_pipelined.
Setting constant 0-bit at position 13 on $flatten\lanes[12].decoder.$procdff$178 ($dff) from module xorflow_decoder_bank_pipelined.
Setting constant 0-bit at position 10 on $flatten\lanes[12].decoder.$procdff$180 ($dff) from module xorflow_decoder_bank_pipelined.
Setting constant 0-bit at position 11 on $flatten\lanes[12].decoder.$procdff$180 ($dff) from module xorflow_decoder_bank_pipelined.
Setting constant 0-bit at position 12 on $flatten\lanes[12].decoder.$procdff$180 ($dff) from module xorflow_decoder_bank_pipelined.
Setting constant 0-bit at position 13 on $flatten\lanes[12].decoder.$procdff$180 ($dff) from module xorflow_decoder_bank_pipelined.
Setting constant 0-bit at position 10 on $flatten\lanes[12].decoder.$procdff$181 ($dff) from module xorflow_decoder_bank_pipelined.
Setting constant 0-bit at position 11 on $flatten\lanes[12].decoder.$procdff$181 ($dff) from module xorflow_decoder_bank_pipelined.
Setting constant 0-bit at position 12 on $flatten\lanes[12].decoder.$procdff$181 ($dff) from module xorflow_decoder_bank_pipelined.
Setting constant 0-bit at position 13 on $flatten\lanes[12].decoder.$procdff$181 ($dff) from module xorflow_decoder_bank_pipelined.
Setting constant 0-bit at position 10 on $flatten\lanes[12].decoder.$procdff$182 ($dff) from module xorflow_decoder_bank_pipelined.
Setting constant 0-bit at position 11 on $flatten\lanes[12].decoder.$procdff$182 ($dff) from module xorflow_decoder_bank_pipelined.
Setting constant 0-bit at position 12 on $flatten\lanes[12].decoder.$procdff$182 ($dff) from module xorflow_decoder_bank_pipelined.
Setting constant 0-bit at position 13 on $flatten\lanes[12].decoder.$procdff$182 ($dff) from module xorflow_decoder_bank_pipelined.
Setting constant 0-bit at position 10 on $flatten\lanes[12].decoder.$procdff$183 ($dff) from module xorflow_decoder_bank_pipelined.
Setting constant 0-bit at position 11 on $flatten\lanes[12].decoder.$procdff$183 ($dff) from module xorflow_decoder_bank_pipelined.
Setting constant 0-bit at position 12 on $flatten\lanes[12].decoder.$procdff$183 ($dff) from module xorflow_decoder_bank_pipelined.
Setting constant 0-bit at position 13 on $flatten\lanes[12].decoder.$procdff$183 ($dff) from module xorflow_decoder_bank_pipelined.
Setting constant 0-bit at position 10 on $flatten\lanes[13].decoder.$procdff$178 ($dff) from module xorflow_decoder_bank_pipelined.
Setting constant 0-bit at position 11 on $flatten\lanes[13].decoder.$procdff$178 ($dff) from module xorflow_decoder_bank_pipelined.
Setting constant 0-bit at position 12 on $flatten\lanes[13].decoder.$procdff$178 ($dff) from module xorflow_decoder_bank_pipelined.
Setting constant 0-bit at position 13 on $flatten\lanes[13].decoder.$procdff$178 ($dff) from module xorflow_decoder_bank_pipelined.
Setting constant 0-bit at position 10 on $flatten\lanes[13].decoder.$procdff$180 ($dff) from module xorflow_decoder_bank_pipelined.
Setting constant 0-bit at position 11 on $flatten\lanes[13].decoder.$procdff$180 ($dff) from module xorflow_decoder_bank_pipelined.
Setting constant 0-bit at position 12 on $flatten\lanes[13].decoder.$procdff$180 ($dff) from module xorflow_decoder_bank_pipelined.
Setting constant 0-bit at position 13 on $flatten\lanes[13].decoder.$procdff$180 ($dff) from module xorflow_decoder_bank_pipelined.
Setting constant 0-bit at position 10 on $flatten\lanes[13].decoder.$procdff$181 ($dff) from module xorflow_decoder_bank_pipelined.
Setting constant 0-bit at position 11 on $flatten\lanes[13].decoder.$procdff$181 ($dff) from module xorflow_decoder_bank_pipelined.
Setting constant 0-bit at position 12 on $flatten\lanes[13].decoder.$procdff$181 ($dff) from module xorflow_decoder_bank_pipelined.
Setting constant 0-bit at position 13 on $flatten\lanes[13].decoder.$procdff$181 ($dff) from module xorflow_decoder_bank_pipelined.
Setting constant 0-bit at position 10 on $flatten\lanes[13].decoder.$procdff$182 ($dff) from module xorflow_decoder_bank_pipelined.
Setting constant 0-bit at position 11 on $flatten\lanes[13].decoder.$procdff$182 ($dff) from module xorflow_decoder_bank_pipelined.
Setting constant 0-bit at position 12 on $flatten\lanes[13].decoder.$procdff$182 ($dff) from module xorflow_decoder_bank_pipelined.
Setting constant 0-bit at position 13 on $flatten\lanes[13].decoder.$procdff$182 ($dff) from module xorflow_decoder_bank_pipelined.
Setting constant 0-bit at position 10 on $flatten\lanes[13].decoder.$procdff$183 ($dff) from module xorflow_decoder_bank_pipelined.
Setting constant 0-bit at position 11 on $flatten\lanes[13].decoder.$procdff$183 ($dff) from module xorflow_decoder_bank_pipelined.
Setting constant 0-bit at position 12 on $flatten\lanes[13].decoder.$procdff$183 ($dff) from module xorflow_decoder_bank_pipelined.
Setting constant 0-bit at position 13 on $flatten\lanes[13].decoder.$procdff$183 ($dff) from module xorflow_decoder_bank_pipelined.
Setting constant 0-bit at position 10 on $flatten\lanes[14].decoder.$procdff$178 ($dff) from module xorflow_decoder_bank_pipelined.
Setting constant 0-bit at position 11 on $flatten\lanes[14].decoder.$procdff$178 ($dff) from module xorflow_decoder_bank_pipelined.
Setting constant 0-bit at position 12 on $flatten\lanes[14].decoder.$procdff$178 ($dff) from module xorflow_decoder_bank_pipelined.
Setting constant 0-bit at position 13 on $flatten\lanes[14].decoder.$procdff$178 ($dff) from module xorflow_decoder_bank_pipelined.
Setting constant 0-bit at position 10 on $flatten\lanes[14].decoder.$procdff$180 ($dff) from module xorflow_decoder_bank_pipelined.
Setting constant 0-bit at position 11 on $flatten\lanes[14].decoder.$procdff$180 ($dff) from module xorflow_decoder_bank_pipelined.
Setting constant 0-bit at position 12 on $flatten\lanes[14].decoder.$procdff$180 ($dff) from module xorflow_decoder_bank_pipelined.
Setting constant 0-bit at position 13 on $flatten\lanes[14].decoder.$procdff$180 ($dff) from module xorflow_decoder_bank_pipelined.
Setting constant 0-bit at position 10 on $flatten\lanes[14].decoder.$procdff$181 ($dff) from module xorflow_decoder_bank_pipelined.
Setting constant 0-bit at position 11 on $flatten\lanes[14].decoder.$procdff$181 ($dff) from module xorflow_decoder_bank_pipelined.
Setting constant 0-bit at position 12 on $flatten\lanes[14].decoder.$procdff$181 ($dff) from module xorflow_decoder_bank_pipelined.
Setting constant 0-bit at position 13 on $flatten\lanes[14].decoder.$procdff$181 ($dff) from module xorflow_decoder_bank_pipelined.
Setting constant 0-bit at position 10 on $flatten\lanes[14].decoder.$procdff$182 ($dff) from module xorflow_decoder_bank_pipelined.
Setting constant 0-bit at position 11 on $flatten\lanes[14].decoder.$procdff$182 ($dff) from module xorflow_decoder_bank_pipelined.
Setting constant 0-bit at position 12 on $flatten\lanes[14].decoder.$procdff$182 ($dff) from module xorflow_decoder_bank_pipelined.
Setting constant 0-bit at position 13 on $flatten\lanes[14].decoder.$procdff$182 ($dff) from module xorflow_decoder_bank_pipelined.
Setting constant 0-bit at position 10 on $flatten\lanes[14].decoder.$procdff$183 ($dff) from module xorflow_decoder_bank_pipelined.
Setting constant 0-bit at position 11 on $flatten\lanes[14].decoder.$procdff$183 ($dff) from module xorflow_decoder_bank_pipelined.
Setting constant 0-bit at position 12 on $flatten\lanes[14].decoder.$procdff$183 ($dff) from module xorflow_decoder_bank_pipelined.
Setting constant 0-bit at position 13 on $flatten\lanes[14].decoder.$procdff$183 ($dff) from module xorflow_decoder_bank_pipelined.
Setting constant 0-bit at position 10 on $flatten\lanes[15].decoder.$procdff$178 ($dff) from module xorflow_decoder_bank_pipelined.
Setting constant 0-bit at position 11 on $flatten\lanes[15].decoder.$procdff$178 ($dff) from module xorflow_decoder_bank_pipelined.
Setting constant 0-bit at position 12 on $flatten\lanes[15].decoder.$procdff$178 ($dff) from module xorflow_decoder_bank_pipelined.
Setting constant 0-bit at position 13 on $flatten\lanes[15].decoder.$procdff$178 ($dff) from module xorflow_decoder_bank_pipelined.
Setting constant 0-bit at position 10 on $flatten\lanes[15].decoder.$procdff$180 ($dff) from module xorflow_decoder_bank_pipelined.
Setting constant 0-bit at position 11 on $flatten\lanes[15].decoder.$procdff$180 ($dff) from module xorflow_decoder_bank_pipelined.
Setting constant 0-bit at position 12 on $flatten\lanes[15].decoder.$procdff$180 ($dff) from module xorflow_decoder_bank_pipelined.
Setting constant 0-bit at position 13 on $flatten\lanes[15].decoder.$procdff$180 ($dff) from module xorflow_decoder_bank_pipelined.
Setting constant 0-bit at position 10 on $flatten\lanes[15].decoder.$procdff$181 ($dff) from module xorflow_decoder_bank_pipelined.
Setting constant 0-bit at position 11 on $flatten\lanes[15].decoder.$procdff$181 ($dff) from module xorflow_decoder_bank_pipelined.
Setting constant 0-bit at position 12 on $flatten\lanes[15].decoder.$procdff$181 ($dff) from module xorflow_decoder_bank_pipelined.
Setting constant 0-bit at position 13 on $flatten\lanes[15].decoder.$procdff$181 ($dff) from module xorflow_decoder_bank_pipelined.
Setting constant 0-bit at position 10 on $flatten\lanes[15].decoder.$procdff$182 ($dff) from module xorflow_decoder_bank_pipelined.
Setting constant 0-bit at position 11 on $flatten\lanes[15].decoder.$procdff$182 ($dff) from module xorflow_decoder_bank_pipelined.
Setting constant 0-bit at position 12 on $flatten\lanes[15].decoder.$procdff$182 ($dff) from module xorflow_decoder_bank_pipelined.
Setting constant 0-bit at position 13 on $flatten\lanes[15].decoder.$procdff$182 ($dff) from module xorflow_decoder_bank_pipelined.
Setting constant 0-bit at position 10 on $flatten\lanes[15].decoder.$procdff$183 ($dff) from module xorflow_decoder_bank_pipelined.
Setting constant 0-bit at position 11 on $flatten\lanes[15].decoder.$procdff$183 ($dff) from module xorflow_decoder_bank_pipelined.
Setting constant 0-bit at position 12 on $flatten\lanes[15].decoder.$procdff$183 ($dff) from module xorflow_decoder_bank_pipelined.
Setting constant 0-bit at position 13 on $flatten\lanes[15].decoder.$procdff$183 ($dff) from module xorflow_decoder_bank_pipelined.
Setting constant 0-bit at position 10 on $flatten\lanes[16].decoder.$procdff$178 ($dff) from module xorflow_decoder_bank_pipelined.
Setting constant 0-bit at position 11 on $flatten\lanes[16].decoder.$procdff$178 ($dff) from module xorflow_decoder_bank_pipelined.
Setting constant 0-bit at position 12 on $flatten\lanes[16].decoder.$procdff$178 ($dff) from module xorflow_decoder_bank_pipelined.
Setting constant 0-bit at position 13 on $flatten\lanes[16].decoder.$procdff$178 ($dff) from module xorflow_decoder_bank_pipelined.
Setting constant 0-bit at position 10 on $flatten\lanes[16].decoder.$procdff$180 ($dff) from module xorflow_decoder_bank_pipelined.
Setting constant 0-bit at position 11 on $flatten\lanes[16].decoder.$procdff$180 ($dff) from module xorflow_decoder_bank_pipelined.
Setting constant 0-bit at position 12 on $flatten\lanes[16].decoder.$procdff$180 ($dff) from module xorflow_decoder_bank_pipelined.
Setting constant 0-bit at position 13 on $flatten\lanes[16].decoder.$procdff$180 ($dff) from module xorflow_decoder_bank_pipelined.
Setting constant 0-bit at position 10 on $flatten\lanes[16].decoder.$procdff$181 ($dff) from module xorflow_decoder_bank_pipelined.
Setting constant 0-bit at position 11 on $flatten\lanes[16].decoder.$procdff$181 ($dff) from module xorflow_decoder_bank_pipelined.
Setting constant 0-bit at position 12 on $flatten\lanes[16].decoder.$procdff$181 ($dff) from module xorflow_decoder_bank_pipelined.
Setting constant 0-bit at position 13 on $flatten\lanes[16].decoder.$procdff$181 ($dff) from module xorflow_decoder_bank_pipelined.
Setting constant 0-bit at position 10 on $flatten\lanes[16].decoder.$procdff$182 ($dff) from module xorflow_decoder_bank_pipelined.
Setting constant 0-bit at position 11 on $flatten\lanes[16].decoder.$procdff$182 ($dff) from module xorflow_decoder_bank_pipelined.
Setting constant 0-bit at position 12 on $flatten\lanes[16].decoder.$procdff$182 ($dff) from module xorflow_decoder_bank_pipelined.
Setting constant 0-bit at position 13 on $flatten\lanes[16].decoder.$procdff$182 ($dff) from module xorflow_decoder_bank_pipelined.
Setting constant 0-bit at position 10 on $flatten\lanes[16].decoder.$procdff$183 ($dff) from module xorflow_decoder_bank_pipelined.
Setting constant 0-bit at position 11 on $flatten\lanes[16].decoder.$procdff$183 ($dff) from module xorflow_decoder_bank_pipelined.
Setting constant 0-bit at position 12 on $flatten\lanes[16].decoder.$procdff$183 ($dff) from module xorflow_decoder_bank_pipelined.
Setting constant 0-bit at position 13 on $flatten\lanes[16].decoder.$procdff$183 ($dff) from module xorflow_decoder_bank_pipelined.
Setting constant 0-bit at position 10 on $flatten\lanes[17].decoder.$procdff$178 ($dff) from module xorflow_decoder_bank_pipelined.
Setting constant 0-bit at position 11 on $flatten\lanes[17].decoder.$procdff$178 ($dff) from module xorflow_decoder_bank_pipelined.
Setting constant 0-bit at position 12 on $flatten\lanes[17].decoder.$procdff$178 ($dff) from module xorflow_decoder_bank_pipelined.
Setting constant 0-bit at position 13 on $flatten\lanes[17].decoder.$procdff$178 ($dff) from module xorflow_decoder_bank_pipelined.
Setting constant 0-bit at position 10 on $flatten\lanes[17].decoder.$procdff$180 ($dff) from module xorflow_decoder_bank_pipelined.
Setting constant 0-bit at position 11 on $flatten\lanes[17].decoder.$procdff$180 ($dff) from module xorflow_decoder_bank_pipelined.
Setting constant 0-bit at position 12 on $flatten\lanes[17].decoder.$procdff$180 ($dff) from module xorflow_decoder_bank_pipelined.
Setting constant 0-bit at position 13 on $flatten\lanes[17].decoder.$procdff$180 ($dff) from module xorflow_decoder_bank_pipelined.
Setting constant 0-bit at position 10 on $flatten\lanes[17].decoder.$procdff$181 ($dff) from module xorflow_decoder_bank_pipelined.
Setting constant 0-bit at position 11 on $flatten\lanes[17].decoder.$procdff$181 ($dff) from module xorflow_decoder_bank_pipelined.
Setting constant 0-bit at position 12 on $flatten\lanes[17].decoder.$procdff$181 ($dff) from module xorflow_decoder_bank_pipelined.
Setting constant 0-bit at position 13 on $flatten\lanes[17].decoder.$procdff$181 ($dff) from module xorflow_decoder_bank_pipelined.
Setting constant 0-bit at position 10 on $flatten\lanes[17].decoder.$procdff$182 ($dff) from module xorflow_decoder_bank_pipelined.
Setting constant 0-bit at position 11 on $flatten\lanes[17].decoder.$procdff$182 ($dff) from module xorflow_decoder_bank_pipelined.
Setting constant 0-bit at position 12 on $flatten\lanes[17].decoder.$procdff$182 ($dff) from module xorflow_decoder_bank_pipelined.
Setting constant 0-bit at position 13 on $flatten\lanes[17].decoder.$procdff$182 ($dff) from module xorflow_decoder_bank_pipelined.
Setting constant 0-bit at position 10 on $flatten\lanes[17].decoder.$procdff$183 ($dff) from module xorflow_decoder_bank_pipelined.
Setting constant 0-bit at position 11 on $flatten\lanes[17].decoder.$procdff$183 ($dff) from module xorflow_decoder_bank_pipelined.
Setting constant 0-bit at position 12 on $flatten\lanes[17].decoder.$procdff$183 ($dff) from module xorflow_decoder_bank_pipelined.
Setting constant 0-bit at position 13 on $flatten\lanes[17].decoder.$procdff$183 ($dff) from module xorflow_decoder_bank_pipelined.
Setting constant 0-bit at position 10 on $flatten\lanes[18].decoder.$procdff$178 ($dff) from module xorflow_decoder_bank_pipelined.
Setting constant 0-bit at position 11 on $flatten\lanes[18].decoder.$procdff$178 ($dff) from module xorflow_decoder_bank_pipelined.
Setting constant 0-bit at position 12 on $flatten\lanes[18].decoder.$procdff$178 ($dff) from module xorflow_decoder_bank_pipelined.
Setting constant 0-bit at position 13 on $flatten\lanes[18].decoder.$procdff$178 ($dff) from module xorflow_decoder_bank_pipelined.
Setting constant 0-bit at position 10 on $flatten\lanes[18].decoder.$procdff$180 ($dff) from module xorflow_decoder_bank_pipelined.
Setting constant 0-bit at position 11 on $flatten\lanes[18].decoder.$procdff$180 ($dff) from module xorflow_decoder_bank_pipelined.
Setting constant 0-bit at position 12 on $flatten\lanes[18].decoder.$procdff$180 ($dff) from module xorflow_decoder_bank_pipelined.
Setting constant 0-bit at position 13 on $flatten\lanes[18].decoder.$procdff$180 ($dff) from module xorflow_decoder_bank_pipelined.
Setting constant 0-bit at position 10 on $flatten\lanes[18].decoder.$procdff$181 ($dff) from module xorflow_decoder_bank_pipelined.
Setting constant 0-bit at position 11 on $flatten\lanes[18].decoder.$procdff$181 ($dff) from module xorflow_decoder_bank_pipelined.
Setting constant 0-bit at position 12 on $flatten\lanes[18].decoder.$procdff$181 ($dff) from module xorflow_decoder_bank_pipelined.
Setting constant 0-bit at position 13 on $flatten\lanes[18].decoder.$procdff$181 ($dff) from module xorflow_decoder_bank_pipelined.
Setting constant 0-bit at position 10 on $flatten\lanes[18].decoder.$procdff$182 ($dff) from module xorflow_decoder_bank_pipelined.
Setting constant 0-bit at position 11 on $flatten\lanes[18].decoder.$procdff$182 ($dff) from module xorflow_decoder_bank_pipelined.
Setting constant 0-bit at position 12 on $flatten\lanes[18].decoder.$procdff$182 ($dff) from module xorflow_decoder_bank_pipelined.
Setting constant 0-bit at position 13 on $flatten\lanes[18].decoder.$procdff$182 ($dff) from module xorflow_decoder_bank_pipelined.
Setting constant 0-bit at position 10 on $flatten\lanes[18].decoder.$procdff$183 ($dff) from module xorflow_decoder_bank_pipelined.
Setting constant 0-bit at position 11 on $flatten\lanes[18].decoder.$procdff$183 ($dff) from module xorflow_decoder_bank_pipelined.
Setting constant 0-bit at position 12 on $flatten\lanes[18].decoder.$procdff$183 ($dff) from module xorflow_decoder_bank_pipelined.
Setting constant 0-bit at position 13 on $flatten\lanes[18].decoder.$procdff$183 ($dff) from module xorflow_decoder_bank_pipelined.
Setting constant 0-bit at position 10 on $flatten\lanes[19].decoder.$procdff$178 ($dff) from module xorflow_decoder_bank_pipelined.
Setting constant 0-bit at position 11 on $flatten\lanes[19].decoder.$procdff$178 ($dff) from module xorflow_decoder_bank_pipelined.
Setting constant 0-bit at position 12 on $flatten\lanes[19].decoder.$procdff$178 ($dff) from module xorflow_decoder_bank_pipelined.
Setting constant 0-bit at position 13 on $flatten\lanes[19].decoder.$procdff$178 ($dff) from module xorflow_decoder_bank_pipelined.
Setting constant 0-bit at position 10 on $flatten\lanes[19].decoder.$procdff$180 ($dff) from module xorflow_decoder_bank_pipelined.
Setting constant 0-bit at position 11 on $flatten\lanes[19].decoder.$procdff$180 ($dff) from module xorflow_decoder_bank_pipelined.
Setting constant 0-bit at position 12 on $flatten\lanes[19].decoder.$procdff$180 ($dff) from module xorflow_decoder_bank_pipelined.
Setting constant 0-bit at position 13 on $flatten\lanes[19].decoder.$procdff$180 ($dff) from module xorflow_decoder_bank_pipelined.
Setting constant 0-bit at position 10 on $flatten\lanes[19].decoder.$procdff$181 ($dff) from module xorflow_decoder_bank_pipelined.
Setting constant 0-bit at position 11 on $flatten\lanes[19].decoder.$procdff$181 ($dff) from module xorflow_decoder_bank_pipelined.
Setting constant 0-bit at position 12 on $flatten\lanes[19].decoder.$procdff$181 ($dff) from module xorflow_decoder_bank_pipelined.
Setting constant 0-bit at position 13 on $flatten\lanes[19].decoder.$procdff$181 ($dff) from module xorflow_decoder_bank_pipelined.
Setting constant 0-bit at position 10 on $flatten\lanes[19].decoder.$procdff$182 ($dff) from module xorflow_decoder_bank_pipelined.
Setting constant 0-bit at position 11 on $flatten\lanes[19].decoder.$procdff$182 ($dff) from module xorflow_decoder_bank_pipelined.
Setting constant 0-bit at position 12 on $flatten\lanes[19].decoder.$procdff$182 ($dff) from module xorflow_decoder_bank_pipelined.
Setting constant 0-bit at position 13 on $flatten\lanes[19].decoder.$procdff$182 ($dff) from module xorflow_decoder_bank_pipelined.
Setting constant 0-bit at position 10 on $flatten\lanes[19].decoder.$procdff$183 ($dff) from module xorflow_decoder_bank_pipelined.
Setting constant 0-bit at position 11 on $flatten\lanes[19].decoder.$procdff$183 ($dff) from module xorflow_decoder_bank_pipelined.
Setting constant 0-bit at position 12 on $flatten\lanes[19].decoder.$procdff$183 ($dff) from module xorflow_decoder_bank_pipelined.
Setting constant 0-bit at position 13 on $flatten\lanes[19].decoder.$procdff$183 ($dff) from module xorflow_decoder_bank_pipelined.
Setting constant 0-bit at position 10 on $flatten\lanes[1].decoder.$procdff$178 ($dff) from module xorflow_decoder_bank_pipelined.
Setting constant 0-bit at position 11 on $flatten\lanes[1].decoder.$procdff$178 ($dff) from module xorflow_decoder_bank_pipelined.
Setting constant 0-bit at position 12 on $flatten\lanes[1].decoder.$procdff$178 ($dff) from module xorflow_decoder_bank_pipelined.
Setting constant 0-bit at position 13 on $flatten\lanes[1].decoder.$procdff$178 ($dff) from module xorflow_decoder_bank_pipelined.
Setting constant 0-bit at position 10 on $flatten\lanes[1].decoder.$procdff$180 ($dff) from module xorflow_decoder_bank_pipelined.
Setting constant 0-bit at position 11 on $flatten\lanes[1].decoder.$procdff$180 ($dff) from module xorflow_decoder_bank_pipelined.
Setting constant 0-bit at position 12 on $flatten\lanes[1].decoder.$procdff$180 ($dff) from module xorflow_decoder_bank_pipelined.
Setting constant 0-bit at position 13 on $flatten\lanes[1].decoder.$procdff$180 ($dff) from module xorflow_decoder_bank_pipelined.
Setting constant 0-bit at position 10 on $flatten\lanes[1].decoder.$procdff$181 ($dff) from module xorflow_decoder_bank_pipelined.
Setting constant 0-bit at position 11 on $flatten\lanes[1].decoder.$procdff$181 ($dff) from module xorflow_decoder_bank_pipelined.
Setting constant 0-bit at position 12 on $flatten\lanes[1].decoder.$procdff$181 ($dff) from module xorflow_decoder_bank_pipelined.
Setting constant 0-bit at position 13 on $flatten\lanes[1].decoder.$procdff$181 ($dff) from module xorflow_decoder_bank_pipelined.
Setting constant 0-bit at position 10 on $flatten\lanes[1].decoder.$procdff$182 ($dff) from module xorflow_decoder_bank_pipelined.
Setting constant 0-bit at position 11 on $flatten\lanes[1].decoder.$procdff$182 ($dff) from module xorflow_decoder_bank_pipelined.
Setting constant 0-bit at position 12 on $flatten\lanes[1].decoder.$procdff$182 ($dff) from module xorflow_decoder_bank_pipelined.
Setting constant 0-bit at position 13 on $flatten\lanes[1].decoder.$procdff$182 ($dff) from module xorflow_decoder_bank_pipelined.
Setting constant 0-bit at position 10 on $flatten\lanes[1].decoder.$procdff$183 ($dff) from module xorflow_decoder_bank_pipelined.
Setting constant 0-bit at position 11 on $flatten\lanes[1].decoder.$procdff$183 ($dff) from module xorflow_decoder_bank_pipelined.
Setting constant 0-bit at position 12 on $flatten\lanes[1].decoder.$procdff$183 ($dff) from module xorflow_decoder_bank_pipelined.
Setting constant 0-bit at position 13 on $flatten\lanes[1].decoder.$procdff$183 ($dff) from module xorflow_decoder_bank_pipelined.
Setting constant 0-bit at position 10 on $flatten\lanes[20].decoder.$procdff$178 ($dff) from module xorflow_decoder_bank_pipelined.
Setting constant 0-bit at position 11 on $flatten\lanes[20].decoder.$procdff$178 ($dff) from module xorflow_decoder_bank_pipelined.
Setting constant 0-bit at position 12 on $flatten\lanes[20].decoder.$procdff$178 ($dff) from module xorflow_decoder_bank_pipelined.
Setting constant 0-bit at position 13 on $flatten\lanes[20].decoder.$procdff$178 ($dff) from module xorflow_decoder_bank_pipelined.
Setting constant 0-bit at position 10 on $flatten\lanes[20].decoder.$procdff$180 ($dff) from module xorflow_decoder_bank_pipelined.
Setting constant 0-bit at position 11 on $flatten\lanes[20].decoder.$procdff$180 ($dff) from module xorflow_decoder_bank_pipelined.
Setting constant 0-bit at position 12 on $flatten\lanes[20].decoder.$procdff$180 ($dff) from module xorflow_decoder_bank_pipelined.
Setting constant 0-bit at position 13 on $flatten\lanes[20].decoder.$procdff$180 ($dff) from module xorflow_decoder_bank_pipelined.
Setting constant 0-bit at position 10 on $flatten\lanes[20].decoder.$procdff$181 ($dff) from module xorflow_decoder_bank_pipelined.
Setting constant 0-bit at position 11 on $flatten\lanes[20].decoder.$procdff$181 ($dff) from module xorflow_decoder_bank_pipelined.
Setting constant 0-bit at position 12 on $flatten\lanes[20].decoder.$procdff$181 ($dff) from module xorflow_decoder_bank_pipelined.
Setting constant 0-bit at position 13 on $flatten\lanes[20].decoder.$procdff$181 ($dff) from module xorflow_decoder_bank_pipelined.
Setting constant 0-bit at position 10 on $flatten\lanes[20].decoder.$procdff$182 ($dff) from module xorflow_decoder_bank_pipelined.
Setting constant 0-bit at position 11 on $flatten\lanes[20].decoder.$procdff$182 ($dff) from module xorflow_decoder_bank_pipelined.
Setting constant 0-bit at position 12 on $flatten\lanes[20].decoder.$procdff$182 ($dff) from module xorflow_decoder_bank_pipelined.
Setting constant 0-bit at position 13 on $flatten\lanes[20].decoder.$procdff$182 ($dff) from module xorflow_decoder_bank_pipelined.
Setting constant 0-bit at position 10 on $flatten\lanes[20].decoder.$procdff$183 ($dff) from module xorflow_decoder_bank_pipelined.
Setting constant 0-bit at position 11 on $flatten\lanes[20].decoder.$procdff$183 ($dff) from module xorflow_decoder_bank_pipelined.
Setting constant 0-bit at position 12 on $flatten\lanes[20].decoder.$procdff$183 ($dff) from module xorflow_decoder_bank_pipelined.
Setting constant 0-bit at position 13 on $flatten\lanes[20].decoder.$procdff$183 ($dff) from module xorflow_decoder_bank_pipelined.
Setting constant 0-bit at position 10 on $flatten\lanes[21].decoder.$procdff$178 ($dff) from module xorflow_decoder_bank_pipelined.
Setting constant 0-bit at position 11 on $flatten\lanes[21].decoder.$procdff$178 ($dff) from module xorflow_decoder_bank_pipelined.
Setting constant 0-bit at position 12 on $flatten\lanes[21].decoder.$procdff$178 ($dff) from module xorflow_decoder_bank_pipelined.
Setting constant 0-bit at position 13 on $flatten\lanes[21].decoder.$procdff$178 ($dff) from module xorflow_decoder_bank_pipelined.
Setting constant 0-bit at position 10 on $flatten\lanes[21].decoder.$procdff$180 ($dff) from module xorflow_decoder_bank_pipelined.
Setting constant 0-bit at position 11 on $flatten\lanes[21].decoder.$procdff$180 ($dff) from module xorflow_decoder_bank_pipelined.
Setting constant 0-bit at position 12 on $flatten\lanes[21].decoder.$procdff$180 ($dff) from module xorflow_decoder_bank_pipelined.
Setting constant 0-bit at position 13 on $flatten\lanes[21].decoder.$procdff$180 ($dff) from module xorflow_decoder_bank_pipelined.
Setting constant 0-bit at position 10 on $flatten\lanes[21].decoder.$procdff$181 ($dff) from module xorflow_decoder_bank_pipelined.
Setting constant 0-bit at position 11 on $flatten\lanes[21].decoder.$procdff$181 ($dff) from module xorflow_decoder_bank_pipelined.
Setting constant 0-bit at position 12 on $flatten\lanes[21].decoder.$procdff$181 ($dff) from module xorflow_decoder_bank_pipelined.
Setting constant 0-bit at position 13 on $flatten\lanes[21].decoder.$procdff$181 ($dff) from module xorflow_decoder_bank_pipelined.
Setting constant 0-bit at position 10 on $flatten\lanes[21].decoder.$procdff$182 ($dff) from module xorflow_decoder_bank_pipelined.
Setting constant 0-bit at position 11 on $flatten\lanes[21].decoder.$procdff$182 ($dff) from module xorflow_decoder_bank_pipelined.
Setting constant 0-bit at position 12 on $flatten\lanes[21].decoder.$procdff$182 ($dff) from module xorflow_decoder_bank_pipelined.
Setting constant 0-bit at position 13 on $flatten\lanes[21].decoder.$procdff$182 ($dff) from module xorflow_decoder_bank_pipelined.
Setting constant 0-bit at position 10 on $flatten\lanes[21].decoder.$procdff$183 ($dff) from module xorflow_decoder_bank_pipelined.
Setting constant 0-bit at position 11 on $flatten\lanes[21].decoder.$procdff$183 ($dff) from module xorflow_decoder_bank_pipelined.
Setting constant 0-bit at position 12 on $flatten\lanes[21].decoder.$procdff$183 ($dff) from module xorflow_decoder_bank_pipelined.
Setting constant 0-bit at position 13 on $flatten\lanes[21].decoder.$procdff$183 ($dff) from module xorflow_decoder_bank_pipelined.
Setting constant 0-bit at position 10 on $flatten\lanes[22].decoder.$procdff$178 ($dff) from module xorflow_decoder_bank_pipelined.
Setting constant 0-bit at position 11 on $flatten\lanes[22].decoder.$procdff$178 ($dff) from module xorflow_decoder_bank_pipelined.
Setting constant 0-bit at position 12 on $flatten\lanes[22].decoder.$procdff$178 ($dff) from module xorflow_decoder_bank_pipelined.
Setting constant 0-bit at position 13 on $flatten\lanes[22].decoder.$procdff$178 ($dff) from module xorflow_decoder_bank_pipelined.
Setting constant 0-bit at position 10 on $flatten\lanes[22].decoder.$procdff$180 ($dff) from module xorflow_decoder_bank_pipelined.
Setting constant 0-bit at position 11 on $flatten\lanes[22].decoder.$procdff$180 ($dff) from module xorflow_decoder_bank_pipelined.
Setting constant 0-bit at position 12 on $flatten\lanes[22].decoder.$procdff$180 ($dff) from module xorflow_decoder_bank_pipelined.
Setting constant 0-bit at position 13 on $flatten\lanes[22].decoder.$procdff$180 ($dff) from module xorflow_decoder_bank_pipelined.
Setting constant 0-bit at position 10 on $flatten\lanes[22].decoder.$procdff$181 ($dff) from module xorflow_decoder_bank_pipelined.
Setting constant 0-bit at position 11 on $flatten\lanes[22].decoder.$procdff$181 ($dff) from module xorflow_decoder_bank_pipelined.
Setting constant 0-bit at position 12 on $flatten\lanes[22].decoder.$procdff$181 ($dff) from module xorflow_decoder_bank_pipelined.
Setting constant 0-bit at position 13 on $flatten\lanes[22].decoder.$procdff$181 ($dff) from module xorflow_decoder_bank_pipelined.
Setting constant 0-bit at position 10 on $flatten\lanes[22].decoder.$procdff$182 ($dff) from module xorflow_decoder_bank_pipelined.
Setting constant 0-bit at position 11 on $flatten\lanes[22].decoder.$procdff$182 ($dff) from module xorflow_decoder_bank_pipelined.
Setting constant 0-bit at position 12 on $flatten\lanes[22].decoder.$procdff$182 ($dff) from module xorflow_decoder_bank_pipelined.
Setting constant 0-bit at position 13 on $flatten\lanes[22].decoder.$procdff$182 ($dff) from module xorflow_decoder_bank_pipelined.
Setting constant 0-bit at position 10 on $flatten\lanes[22].decoder.$procdff$183 ($dff) from module xorflow_decoder_bank_pipelined.
Setting constant 0-bit at position 11 on $flatten\lanes[22].decoder.$procdff$183 ($dff) from module xorflow_decoder_bank_pipelined.
Setting constant 0-bit at position 12 on $flatten\lanes[22].decoder.$procdff$183 ($dff) from module xorflow_decoder_bank_pipelined.
Setting constant 0-bit at position 13 on $flatten\lanes[22].decoder.$procdff$183 ($dff) from module xorflow_decoder_bank_pipelined.
Setting constant 0-bit at position 10 on $flatten\lanes[23].decoder.$procdff$178 ($dff) from module xorflow_decoder_bank_pipelined.
Setting constant 0-bit at position 11 on $flatten\lanes[23].decoder.$procdff$178 ($dff) from module xorflow_decoder_bank_pipelined.
Setting constant 0-bit at position 12 on $flatten\lanes[23].decoder.$procdff$178 ($dff) from module xorflow_decoder_bank_pipelined.
Setting constant 0-bit at position 13 on $flatten\lanes[23].decoder.$procdff$178 ($dff) from module xorflow_decoder_bank_pipelined.
Setting constant 0-bit at position 10 on $flatten\lanes[23].decoder.$procdff$180 ($dff) from module xorflow_decoder_bank_pipelined.
Setting constant 0-bit at position 11 on $flatten\lanes[23].decoder.$procdff$180 ($dff) from module xorflow_decoder_bank_pipelined.
Setting constant 0-bit at position 12 on $flatten\lanes[23].decoder.$procdff$180 ($dff) from module xorflow_decoder_bank_pipelined.
Setting constant 0-bit at position 13 on $flatten\lanes[23].decoder.$procdff$180 ($dff) from module xorflow_decoder_bank_pipelined.
Setting constant 0-bit at position 10 on $flatten\lanes[23].decoder.$procdff$181 ($dff) from module xorflow_decoder_bank_pipelined.
Setting constant 0-bit at position 11 on $flatten\lanes[23].decoder.$procdff$181 ($dff) from module xorflow_decoder_bank_pipelined.
Setting constant 0-bit at position 12 on $flatten\lanes[23].decoder.$procdff$181 ($dff) from module xorflow_decoder_bank_pipelined.
Setting constant 0-bit at position 13 on $flatten\lanes[23].decoder.$procdff$181 ($dff) from module xorflow_decoder_bank_pipelined.
Setting constant 0-bit at position 10 on $flatten\lanes[23].decoder.$procdff$182 ($dff) from module xorflow_decoder_bank_pipelined.
Setting constant 0-bit at position 11 on $flatten\lanes[23].decoder.$procdff$182 ($dff) from module xorflow_decoder_bank_pipelined.
Setting constant 0-bit at position 12 on $flatten\lanes[23].decoder.$procdff$182 ($dff) from module xorflow_decoder_bank_pipelined.
Setting constant 0-bit at position 13 on $flatten\lanes[23].decoder.$procdff$182 ($dff) from module xorflow_decoder_bank_pipelined.
Setting constant 0-bit at position 10 on $flatten\lanes[23].decoder.$procdff$183 ($dff) from module xorflow_decoder_bank_pipelined.
Setting constant 0-bit at position 11 on $flatten\lanes[23].decoder.$procdff$183 ($dff) from module xorflow_decoder_bank_pipelined.
Setting constant 0-bit at position 12 on $flatten\lanes[23].decoder.$procdff$183 ($dff) from module xorflow_decoder_bank_pipelined.
Setting constant 0-bit at position 13 on $flatten\lanes[23].decoder.$procdff$183 ($dff) from module xorflow_decoder_bank_pipelined.
Setting constant 0-bit at position 10 on $flatten\lanes[24].decoder.$procdff$178 ($dff) from module xorflow_decoder_bank_pipelined.
Setting constant 0-bit at position 11 on $flatten\lanes[24].decoder.$procdff$178 ($dff) from module xorflow_decoder_bank_pipelined.
Setting constant 0-bit at position 12 on $flatten\lanes[24].decoder.$procdff$178 ($dff) from module xorflow_decoder_bank_pipelined.
Setting constant 0-bit at position 13 on $flatten\lanes[24].decoder.$procdff$178 ($dff) from module xorflow_decoder_bank_pipelined.
Setting constant 0-bit at position 10 on $flatten\lanes[24].decoder.$procdff$180 ($dff) from module xorflow_decoder_bank_pipelined.
Setting constant 0-bit at position 11 on $flatten\lanes[24].decoder.$procdff$180 ($dff) from module xorflow_decoder_bank_pipelined.
Setting constant 0-bit at position 12 on $flatten\lanes[24].decoder.$procdff$180 ($dff) from module xorflow_decoder_bank_pipelined.
Setting constant 0-bit at position 13 on $flatten\lanes[24].decoder.$procdff$180 ($dff) from module xorflow_decoder_bank_pipelined.
Setting constant 0-bit at position 10 on $flatten\lanes[24].decoder.$procdff$181 ($dff) from module xorflow_decoder_bank_pipelined.
Setting constant 0-bit at position 11 on $flatten\lanes[24].decoder.$procdff$181 ($dff) from module xorflow_decoder_bank_pipelined.
Setting constant 0-bit at position 12 on $flatten\lanes[24].decoder.$procdff$181 ($dff) from module xorflow_decoder_bank_pipelined.
Setting constant 0-bit at position 13 on $flatten\lanes[24].decoder.$procdff$181 ($dff) from module xorflow_decoder_bank_pipelined.
Setting constant 0-bit at position 10 on $flatten\lanes[24].decoder.$procdff$182 ($dff) from module xorflow_decoder_bank_pipelined.
Setting constant 0-bit at position 11 on $flatten\lanes[24].decoder.$procdff$182 ($dff) from module xorflow_decoder_bank_pipelined.
Setting constant 0-bit at position 12 on $flatten\lanes[24].decoder.$procdff$182 ($dff) from module xorflow_decoder_bank_pipelined.
Setting constant 0-bit at position 13 on $flatten\lanes[24].decoder.$procdff$182 ($dff) from module xorflow_decoder_bank_pipelined.
Setting constant 0-bit at position 10 on $flatten\lanes[24].decoder.$procdff$183 ($dff) from module xorflow_decoder_bank_pipelined.
Setting constant 0-bit at position 11 on $flatten\lanes[24].decoder.$procdff$183 ($dff) from module xorflow_decoder_bank_pipelined.
Setting constant 0-bit at position 12 on $flatten\lanes[24].decoder.$procdff$183 ($dff) from module xorflow_decoder_bank_pipelined.
Setting constant 0-bit at position 13 on $flatten\lanes[24].decoder.$procdff$183 ($dff) from module xorflow_decoder_bank_pipelined.
Setting constant 0-bit at position 10 on $flatten\lanes[25].decoder.$procdff$178 ($dff) from module xorflow_decoder_bank_pipelined.
Setting constant 0-bit at position 11 on $flatten\lanes[25].decoder.$procdff$178 ($dff) from module xorflow_decoder_bank_pipelined.
Setting constant 0-bit at position 12 on $flatten\lanes[25].decoder.$procdff$178 ($dff) from module xorflow_decoder_bank_pipelined.
Setting constant 0-bit at position 13 on $flatten\lanes[25].decoder.$procdff$178 ($dff) from module xorflow_decoder_bank_pipelined.
Setting constant 0-bit at position 10 on $flatten\lanes[25].decoder.$procdff$180 ($dff) from module xorflow_decoder_bank_pipelined.
Setting constant 0-bit at position 11 on $flatten\lanes[25].decoder.$procdff$180 ($dff) from module xorflow_decoder_bank_pipelined.
Setting constant 0-bit at position 12 on $flatten\lanes[25].decoder.$procdff$180 ($dff) from module xorflow_decoder_bank_pipelined.
Setting constant 0-bit at position 13 on $flatten\lanes[25].decoder.$procdff$180 ($dff) from module xorflow_decoder_bank_pipelined.
Setting constant 0-bit at position 10 on $flatten\lanes[25].decoder.$procdff$181 ($dff) from module xorflow_decoder_bank_pipelined.
Setting constant 0-bit at position 11 on $flatten\lanes[25].decoder.$procdff$181 ($dff) from module xorflow_decoder_bank_pipelined.
Setting constant 0-bit at position 12 on $flatten\lanes[25].decoder.$procdff$181 ($dff) from module xorflow_decoder_bank_pipelined.
Setting constant 0-bit at position 13 on $flatten\lanes[25].decoder.$procdff$181 ($dff) from module xorflow_decoder_bank_pipelined.
Setting constant 0-bit at position 10 on $flatten\lanes[25].decoder.$procdff$182 ($dff) from module xorflow_decoder_bank_pipelined.
Setting constant 0-bit at position 11 on $flatten\lanes[25].decoder.$procdff$182 ($dff) from module xorflow_decoder_bank_pipelined.
Setting constant 0-bit at position 12 on $flatten\lanes[25].decoder.$procdff$182 ($dff) from module xorflow_decoder_bank_pipelined.
Setting constant 0-bit at position 13 on $flatten\lanes[25].decoder.$procdff$182 ($dff) from module xorflow_decoder_bank_pipelined.
Setting constant 0-bit at position 10 on $flatten\lanes[25].decoder.$procdff$183 ($dff) from module xorflow_decoder_bank_pipelined.
Setting constant 0-bit at position 11 on $flatten\lanes[25].decoder.$procdff$183 ($dff) from module xorflow_decoder_bank_pipelined.
Setting constant 0-bit at position 12 on $flatten\lanes[25].decoder.$procdff$183 ($dff) from module xorflow_decoder_bank_pipelined.
Setting constant 0-bit at position 13 on $flatten\lanes[25].decoder.$procdff$183 ($dff) from module xorflow_decoder_bank_pipelined.
Setting constant 0-bit at position 10 on $flatten\lanes[26].decoder.$procdff$178 ($dff) from module xorflow_decoder_bank_pipelined.
Setting constant 0-bit at position 11 on $flatten\lanes[26].decoder.$procdff$178 ($dff) from module xorflow_decoder_bank_pipelined.
Setting constant 0-bit at position 12 on $flatten\lanes[26].decoder.$procdff$178 ($dff) from module xorflow_decoder_bank_pipelined.
Setting constant 0-bit at position 13 on $flatten\lanes[26].decoder.$procdff$178 ($dff) from module xorflow_decoder_bank_pipelined.
Setting constant 0-bit at position 10 on $flatten\lanes[26].decoder.$procdff$180 ($dff) from module xorflow_decoder_bank_pipelined.
Setting constant 0-bit at position 11 on $flatten\lanes[26].decoder.$procdff$180 ($dff) from module xorflow_decoder_bank_pipelined.
Setting constant 0-bit at position 12 on $flatten\lanes[26].decoder.$procdff$180 ($dff) from module xorflow_decoder_bank_pipelined.
Setting constant 0-bit at position 13 on $flatten\lanes[26].decoder.$procdff$180 ($dff) from module xorflow_decoder_bank_pipelined.
Setting constant 0-bit at position 10 on $flatten\lanes[26].decoder.$procdff$181 ($dff) from module xorflow_decoder_bank_pipelined.
Setting constant 0-bit at position 11 on $flatten\lanes[26].decoder.$procdff$181 ($dff) from module xorflow_decoder_bank_pipelined.
Setting constant 0-bit at position 12 on $flatten\lanes[26].decoder.$procdff$181 ($dff) from module xorflow_decoder_bank_pipelined.
Setting constant 0-bit at position 13 on $flatten\lanes[26].decoder.$procdff$181 ($dff) from module xorflow_decoder_bank_pipelined.
Setting constant 0-bit at position 10 on $flatten\lanes[26].decoder.$procdff$182 ($dff) from module xorflow_decoder_bank_pipelined.
Setting constant 0-bit at position 11 on $flatten\lanes[26].decoder.$procdff$182 ($dff) from module xorflow_decoder_bank_pipelined.
Setting constant 0-bit at position 12 on $flatten\lanes[26].decoder.$procdff$182 ($dff) from module xorflow_decoder_bank_pipelined.
Setting constant 0-bit at position 13 on $flatten\lanes[26].decoder.$procdff$182 ($dff) from module xorflow_decoder_bank_pipelined.
Setting constant 0-bit at position 10 on $flatten\lanes[26].decoder.$procdff$183 ($dff) from module xorflow_decoder_bank_pipelined.
Setting constant 0-bit at position 11 on $flatten\lanes[26].decoder.$procdff$183 ($dff) from module xorflow_decoder_bank_pipelined.
Setting constant 0-bit at position 12 on $flatten\lanes[26].decoder.$procdff$183 ($dff) from module xorflow_decoder_bank_pipelined.
Setting constant 0-bit at position 13 on $flatten\lanes[26].decoder.$procdff$183 ($dff) from module xorflow_decoder_bank_pipelined.
Setting constant 0-bit at position 10 on $flatten\lanes[27].decoder.$procdff$178 ($dff) from module xorflow_decoder_bank_pipelined.
Setting constant 0-bit at position 11 on $flatten\lanes[27].decoder.$procdff$178 ($dff) from module xorflow_decoder_bank_pipelined.
Setting constant 0-bit at position 12 on $flatten\lanes[27].decoder.$procdff$178 ($dff) from module xorflow_decoder_bank_pipelined.
Setting constant 0-bit at position 13 on $flatten\lanes[27].decoder.$procdff$178 ($dff) from module xorflow_decoder_bank_pipelined.
Setting constant 0-bit at position 10 on $flatten\lanes[27].decoder.$procdff$180 ($dff) from module xorflow_decoder_bank_pipelined.
Setting constant 0-bit at position 11 on $flatten\lanes[27].decoder.$procdff$180 ($dff) from module xorflow_decoder_bank_pipelined.
Setting constant 0-bit at position 12 on $flatten\lanes[27].decoder.$procdff$180 ($dff) from module xorflow_decoder_bank_pipelined.
Setting constant 0-bit at position 13 on $flatten\lanes[27].decoder.$procdff$180 ($dff) from module xorflow_decoder_bank_pipelined.
Setting constant 0-bit at position 10 on $flatten\lanes[27].decoder.$procdff$181 ($dff) from module xorflow_decoder_bank_pipelined.
Setting constant 0-bit at position 11 on $flatten\lanes[27].decoder.$procdff$181 ($dff) from module xorflow_decoder_bank_pipelined.
Setting constant 0-bit at position 12 on $flatten\lanes[27].decoder.$procdff$181 ($dff) from module xorflow_decoder_bank_pipelined.
Setting constant 0-bit at position 13 on $flatten\lanes[27].decoder.$procdff$181 ($dff) from module xorflow_decoder_bank_pipelined.
Setting constant 0-bit at position 10 on $flatten\lanes[27].decoder.$procdff$182 ($dff) from module xorflow_decoder_bank_pipelined.
Setting constant 0-bit at position 11 on $flatten\lanes[27].decoder.$procdff$182 ($dff) from module xorflow_decoder_bank_pipelined.
Setting constant 0-bit at position 12 on $flatten\lanes[27].decoder.$procdff$182 ($dff) from module xorflow_decoder_bank_pipelined.
Setting constant 0-bit at position 13 on $flatten\lanes[27].decoder.$procdff$182 ($dff) from module xorflow_decoder_bank_pipelined.
Setting constant 0-bit at position 10 on $flatten\lanes[27].decoder.$procdff$183 ($dff) from module xorflow_decoder_bank_pipelined.
Setting constant 0-bit at position 11 on $flatten\lanes[27].decoder.$procdff$183 ($dff) from module xorflow_decoder_bank_pipelined.
Setting constant 0-bit at position 12 on $flatten\lanes[27].decoder.$procdff$183 ($dff) from module xorflow_decoder_bank_pipelined.
Setting constant 0-bit at position 13 on $flatten\lanes[27].decoder.$procdff$183 ($dff) from module xorflow_decoder_bank_pipelined.
Setting constant 0-bit at position 10 on $flatten\lanes[28].decoder.$procdff$178 ($dff) from module xorflow_decoder_bank_pipelined.
Setting constant 0-bit at position 11 on $flatten\lanes[28].decoder.$procdff$178 ($dff) from module xorflow_decoder_bank_pipelined.
Setting constant 0-bit at position 12 on $flatten\lanes[28].decoder.$procdff$178 ($dff) from module xorflow_decoder_bank_pipelined.
Setting constant 0-bit at position 13 on $flatten\lanes[28].decoder.$procdff$178 ($dff) from module xorflow_decoder_bank_pipelined.
Setting constant 0-bit at position 10 on $flatten\lanes[28].decoder.$procdff$180 ($dff) from module xorflow_decoder_bank_pipelined.
Setting constant 0-bit at position 11 on $flatten\lanes[28].decoder.$procdff$180 ($dff) from module xorflow_decoder_bank_pipelined.
Setting constant 0-bit at position 12 on $flatten\lanes[28].decoder.$procdff$180 ($dff) from module xorflow_decoder_bank_pipelined.
Setting constant 0-bit at position 13 on $flatten\lanes[28].decoder.$procdff$180 ($dff) from module xorflow_decoder_bank_pipelined.
Setting constant 0-bit at position 10 on $flatten\lanes[28].decoder.$procdff$181 ($dff) from module xorflow_decoder_bank_pipelined.
Setting constant 0-bit at position 11 on $flatten\lanes[28].decoder.$procdff$181 ($dff) from module xorflow_decoder_bank_pipelined.
Setting constant 0-bit at position 12 on $flatten\lanes[28].decoder.$procdff$181 ($dff) from module xorflow_decoder_bank_pipelined.
Setting constant 0-bit at position 13 on $flatten\lanes[28].decoder.$procdff$181 ($dff) from module xorflow_decoder_bank_pipelined.
Setting constant 0-bit at position 10 on $flatten\lanes[28].decoder.$procdff$182 ($dff) from module xorflow_decoder_bank_pipelined.
Setting constant 0-bit at position 11 on $flatten\lanes[28].decoder.$procdff$182 ($dff) from module xorflow_decoder_bank_pipelined.
Setting constant 0-bit at position 12 on $flatten\lanes[28].decoder.$procdff$182 ($dff) from module xorflow_decoder_bank_pipelined.
Setting constant 0-bit at position 13 on $flatten\lanes[28].decoder.$procdff$182 ($dff) from module xorflow_decoder_bank_pipelined.
Setting constant 0-bit at position 10 on $flatten\lanes[28].decoder.$procdff$183 ($dff) from module xorflow_decoder_bank_pipelined.
Setting constant 0-bit at position 11 on $flatten\lanes[28].decoder.$procdff$183 ($dff) from module xorflow_decoder_bank_pipelined.
Setting constant 0-bit at position 12 on $flatten\lanes[28].decoder.$procdff$183 ($dff) from module xorflow_decoder_bank_pipelined.
Setting constant 0-bit at position 13 on $flatten\lanes[28].decoder.$procdff$183 ($dff) from module xorflow_decoder_bank_pipelined.
Setting constant 0-bit at position 10 on $flatten\lanes[29].decoder.$procdff$178 ($dff) from module xorflow_decoder_bank_pipelined.
Setting constant 0-bit at position 11 on $flatten\lanes[29].decoder.$procdff$178 ($dff) from module xorflow_decoder_bank_pipelined.
Setting constant 0-bit at position 12 on $flatten\lanes[29].decoder.$procdff$178 ($dff) from module xorflow_decoder_bank_pipelined.
Setting constant 0-bit at position 13 on $flatten\lanes[29].decoder.$procdff$178 ($dff) from module xorflow_decoder_bank_pipelined.
Setting constant 0-bit at position 10 on $flatten\lanes[29].decoder.$procdff$180 ($dff) from module xorflow_decoder_bank_pipelined.
Setting constant 0-bit at position 11 on $flatten\lanes[29].decoder.$procdff$180 ($dff) from module xorflow_decoder_bank_pipelined.
Setting constant 0-bit at position 12 on $flatten\lanes[29].decoder.$procdff$180 ($dff) from module xorflow_decoder_bank_pipelined.
Setting constant 0-bit at position 13 on $flatten\lanes[29].decoder.$procdff$180 ($dff) from module xorflow_decoder_bank_pipelined.
Setting constant 0-bit at position 10 on $flatten\lanes[29].decoder.$procdff$181 ($dff) from module xorflow_decoder_bank_pipelined.
Setting constant 0-bit at position 11 on $flatten\lanes[29].decoder.$procdff$181 ($dff) from module xorflow_decoder_bank_pipelined.
Setting constant 0-bit at position 12 on $flatten\lanes[29].decoder.$procdff$181 ($dff) from module xorflow_decoder_bank_pipelined.
Setting constant 0-bit at position 13 on $flatten\lanes[29].decoder.$procdff$181 ($dff) from module xorflow_decoder_bank_pipelined.
Setting constant 0-bit at position 10 on $flatten\lanes[29].decoder.$procdff$182 ($dff) from module xorflow_decoder_bank_pipelined.
Setting constant 0-bit at position 11 on $flatten\lanes[29].decoder.$procdff$182 ($dff) from module xorflow_decoder_bank_pipelined.
Setting constant 0-bit at position 12 on $flatten\lanes[29].decoder.$procdff$182 ($dff) from module xorflow_decoder_bank_pipelined.
Setting constant 0-bit at position 13 on $flatten\lanes[29].decoder.$procdff$182 ($dff) from module xorflow_decoder_bank_pipelined.
Setting constant 0-bit at position 10 on $flatten\lanes[29].decoder.$procdff$183 ($dff) from module xorflow_decoder_bank_pipelined.
Setting constant 0-bit at position 11 on $flatten\lanes[29].decoder.$procdff$183 ($dff) from module xorflow_decoder_bank_pipelined.
Setting constant 0-bit at position 12 on $flatten\lanes[29].decoder.$procdff$183 ($dff) from module xorflow_decoder_bank_pipelined.
Setting constant 0-bit at position 13 on $flatten\lanes[29].decoder.$procdff$183 ($dff) from module xorflow_decoder_bank_pipelined.
Setting constant 0-bit at position 10 on $flatten\lanes[2].decoder.$procdff$178 ($dff) from module xorflow_decoder_bank_pipelined.
Setting constant 0-bit at position 11 on $flatten\lanes[2].decoder.$procdff$178 ($dff) from module xorflow_decoder_bank_pipelined.
Setting constant 0-bit at position 12 on $flatten\lanes[2].decoder.$procdff$178 ($dff) from module xorflow_decoder_bank_pipelined.
Setting constant 0-bit at position 13 on $flatten\lanes[2].decoder.$procdff$178 ($dff) from module xorflow_decoder_bank_pipelined.
Setting constant 0-bit at position 10 on $flatten\lanes[2].decoder.$procdff$180 ($dff) from module xorflow_decoder_bank_pipelined.
Setting constant 0-bit at position 11 on $flatten\lanes[2].decoder.$procdff$180 ($dff) from module xorflow_decoder_bank_pipelined.
Setting constant 0-bit at position 12 on $flatten\lanes[2].decoder.$procdff$180 ($dff) from module xorflow_decoder_bank_pipelined.
Setting constant 0-bit at position 13 on $flatten\lanes[2].decoder.$procdff$180 ($dff) from module xorflow_decoder_bank_pipelined.
Setting constant 0-bit at position 10 on $flatten\lanes[2].decoder.$procdff$181 ($dff) from module xorflow_decoder_bank_pipelined.
Setting constant 0-bit at position 11 on $flatten\lanes[2].decoder.$procdff$181 ($dff) from module xorflow_decoder_bank_pipelined.
Setting constant 0-bit at position 12 on $flatten\lanes[2].decoder.$procdff$181 ($dff) from module xorflow_decoder_bank_pipelined.
Setting constant 0-bit at position 13 on $flatten\lanes[2].decoder.$procdff$181 ($dff) from module xorflow_decoder_bank_pipelined.
Setting constant 0-bit at position 10 on $flatten\lanes[2].decoder.$procdff$182 ($dff) from module xorflow_decoder_bank_pipelined.
Setting constant 0-bit at position 11 on $flatten\lanes[2].decoder.$procdff$182 ($dff) from module xorflow_decoder_bank_pipelined.
Setting constant 0-bit at position 12 on $flatten\lanes[2].decoder.$procdff$182 ($dff) from module xorflow_decoder_bank_pipelined.
Setting constant 0-bit at position 13 on $flatten\lanes[2].decoder.$procdff$182 ($dff) from module xorflow_decoder_bank_pipelined.
Setting constant 0-bit at position 10 on $flatten\lanes[2].decoder.$procdff$183 ($dff) from module xorflow_decoder_bank_pipelined.
Setting constant 0-bit at position 11 on $flatten\lanes[2].decoder.$procdff$183 ($dff) from module xorflow_decoder_bank_pipelined.
Setting constant 0-bit at position 12 on $flatten\lanes[2].decoder.$procdff$183 ($dff) from module xorflow_decoder_bank_pipelined.
Setting constant 0-bit at position 13 on $flatten\lanes[2].decoder.$procdff$183 ($dff) from module xorflow_decoder_bank_pipelined.
Setting constant 0-bit at position 10 on $flatten\lanes[30].decoder.$procdff$178 ($dff) from module xorflow_decoder_bank_pipelined.
Setting constant 0-bit at position 11 on $flatten\lanes[30].decoder.$procdff$178 ($dff) from module xorflow_decoder_bank_pipelined.
Setting constant 0-bit at position 12 on $flatten\lanes[30].decoder.$procdff$178 ($dff) from module xorflow_decoder_bank_pipelined.
Setting constant 0-bit at position 13 on $flatten\lanes[30].decoder.$procdff$178 ($dff) from module xorflow_decoder_bank_pipelined.
Setting constant 0-bit at position 10 on $flatten\lanes[30].decoder.$procdff$180 ($dff) from module xorflow_decoder_bank_pipelined.
Setting constant 0-bit at position 11 on $flatten\lanes[30].decoder.$procdff$180 ($dff) from module xorflow_decoder_bank_pipelined.
Setting constant 0-bit at position 12 on $flatten\lanes[30].decoder.$procdff$180 ($dff) from module xorflow_decoder_bank_pipelined.
Setting constant 0-bit at position 13 on $flatten\lanes[30].decoder.$procdff$180 ($dff) from module xorflow_decoder_bank_pipelined.
Setting constant 0-bit at position 10 on $flatten\lanes[30].decoder.$procdff$181 ($dff) from module xorflow_decoder_bank_pipelined.
Setting constant 0-bit at position 11 on $flatten\lanes[30].decoder.$procdff$181 ($dff) from module xorflow_decoder_bank_pipelined.
Setting constant 0-bit at position 12 on $flatten\lanes[30].decoder.$procdff$181 ($dff) from module xorflow_decoder_bank_pipelined.
Setting constant 0-bit at position 13 on $flatten\lanes[30].decoder.$procdff$181 ($dff) from module xorflow_decoder_bank_pipelined.
Setting constant 0-bit at position 10 on $flatten\lanes[30].decoder.$procdff$182 ($dff) from module xorflow_decoder_bank_pipelined.
Setting constant 0-bit at position 11 on $flatten\lanes[30].decoder.$procdff$182 ($dff) from module xorflow_decoder_bank_pipelined.
Setting constant 0-bit at position 12 on $flatten\lanes[30].decoder.$procdff$182 ($dff) from module xorflow_decoder_bank_pipelined.
Setting constant 0-bit at position 13 on $flatten\lanes[30].decoder.$procdff$182 ($dff) from module xorflow_decoder_bank_pipelined.
Setting constant 0-bit at position 10 on $flatten\lanes[30].decoder.$procdff$183 ($dff) from module xorflow_decoder_bank_pipelined.
Setting constant 0-bit at position 11 on $flatten\lanes[30].decoder.$procdff$183 ($dff) from module xorflow_decoder_bank_pipelined.
Setting constant 0-bit at position 12 on $flatten\lanes[30].decoder.$procdff$183 ($dff) from module xorflow_decoder_bank_pipelined.
Setting constant 0-bit at position 13 on $flatten\lanes[30].decoder.$procdff$183 ($dff) from module xorflow_decoder_bank_pipelined.
Setting constant 0-bit at position 10 on $flatten\lanes[31].decoder.$procdff$178 ($dff) from module xorflow_decoder_bank_pipelined.
Setting constant 0-bit at position 11 on $flatten\lanes[31].decoder.$procdff$178 ($dff) from module xorflow_decoder_bank_pipelined.
Setting constant 0-bit at position 12 on $flatten\lanes[31].decoder.$procdff$178 ($dff) from module xorflow_decoder_bank_pipelined.
Setting constant 0-bit at position 13 on $flatten\lanes[31].decoder.$procdff$178 ($dff) from module xorflow_decoder_bank_pipelined.
Setting constant 0-bit at position 10 on $flatten\lanes[31].decoder.$procdff$180 ($dff) from module xorflow_decoder_bank_pipelined.
Setting constant 0-bit at position 11 on $flatten\lanes[31].decoder.$procdff$180 ($dff) from module xorflow_decoder_bank_pipelined.
Setting constant 0-bit at position 12 on $flatten\lanes[31].decoder.$procdff$180 ($dff) from module xorflow_decoder_bank_pipelined.
Setting constant 0-bit at position 13 on $flatten\lanes[31].decoder.$procdff$180 ($dff) from module xorflow_decoder_bank_pipelined.
Setting constant 0-bit at position 10 on $flatten\lanes[31].decoder.$procdff$181 ($dff) from module xorflow_decoder_bank_pipelined.
Setting constant 0-bit at position 11 on $flatten\lanes[31].decoder.$procdff$181 ($dff) from module xorflow_decoder_bank_pipelined.
Setting constant 0-bit at position 12 on $flatten\lanes[31].decoder.$procdff$181 ($dff) from module xorflow_decoder_bank_pipelined.
Setting constant 0-bit at position 13 on $flatten\lanes[31].decoder.$procdff$181 ($dff) from module xorflow_decoder_bank_pipelined.
Setting constant 0-bit at position 10 on $flatten\lanes[31].decoder.$procdff$182 ($dff) from module xorflow_decoder_bank_pipelined.
Setting constant 0-bit at position 11 on $flatten\lanes[31].decoder.$procdff$182 ($dff) from module xorflow_decoder_bank_pipelined.
Setting constant 0-bit at position 12 on $flatten\lanes[31].decoder.$procdff$182 ($dff) from module xorflow_decoder_bank_pipelined.
Setting constant 0-bit at position 13 on $flatten\lanes[31].decoder.$procdff$182 ($dff) from module xorflow_decoder_bank_pipelined.
Setting constant 0-bit at position 10 on $flatten\lanes[31].decoder.$procdff$183 ($dff) from module xorflow_decoder_bank_pipelined.
Setting constant 0-bit at position 11 on $flatten\lanes[31].decoder.$procdff$183 ($dff) from module xorflow_decoder_bank_pipelined.
Setting constant 0-bit at position 12 on $flatten\lanes[31].decoder.$procdff$183 ($dff) from module xorflow_decoder_bank_pipelined.
Setting constant 0-bit at position 13 on $flatten\lanes[31].decoder.$procdff$183 ($dff) from module xorflow_decoder_bank_pipelined.
Setting constant 0-bit at position 10 on $flatten\lanes[3].decoder.$procdff$178 ($dff) from module xorflow_decoder_bank_pipelined.
Setting constant 0-bit at position 11 on $flatten\lanes[3].decoder.$procdff$178 ($dff) from module xorflow_decoder_bank_pipelined.
Setting constant 0-bit at position 12 on $flatten\lanes[3].decoder.$procdff$178 ($dff) from module xorflow_decoder_bank_pipelined.
Setting constant 0-bit at position 13 on $flatten\lanes[3].decoder.$procdff$178 ($dff) from module xorflow_decoder_bank_pipelined.
Setting constant 0-bit at position 10 on $flatten\lanes[3].decoder.$procdff$180 ($dff) from module xorflow_decoder_bank_pipelined.
Setting constant 0-bit at position 11 on $flatten\lanes[3].decoder.$procdff$180 ($dff) from module xorflow_decoder_bank_pipelined.
Setting constant 0-bit at position 12 on $flatten\lanes[3].decoder.$procdff$180 ($dff) from module xorflow_decoder_bank_pipelined.
Setting constant 0-bit at position 13 on $flatten\lanes[3].decoder.$procdff$180 ($dff) from module xorflow_decoder_bank_pipelined.
Setting constant 0-bit at position 10 on $flatten\lanes[3].decoder.$procdff$181 ($dff) from module xorflow_decoder_bank_pipelined.
Setting constant 0-bit at position 11 on $flatten\lanes[3].decoder.$procdff$181 ($dff) from module xorflow_decoder_bank_pipelined.
Setting constant 0-bit at position 12 on $flatten\lanes[3].decoder.$procdff$181 ($dff) from module xorflow_decoder_bank_pipelined.
Setting constant 0-bit at position 13 on $flatten\lanes[3].decoder.$procdff$181 ($dff) from module xorflow_decoder_bank_pipelined.
Setting constant 0-bit at position 10 on $flatten\lanes[3].decoder.$procdff$182 ($dff) from module xorflow_decoder_bank_pipelined.
Setting constant 0-bit at position 11 on $flatten\lanes[3].decoder.$procdff$182 ($dff) from module xorflow_decoder_bank_pipelined.
Setting constant 0-bit at position 12 on $flatten\lanes[3].decoder.$procdff$182 ($dff) from module xorflow_decoder_bank_pipelined.
Setting constant 0-bit at position 13 on $flatten\lanes[3].decoder.$procdff$182 ($dff) from module xorflow_decoder_bank_pipelined.
Setting constant 0-bit at position 10 on $flatten\lanes[3].decoder.$procdff$183 ($dff) from module xorflow_decoder_bank_pipelined.
Setting constant 0-bit at position 11 on $flatten\lanes[3].decoder.$procdff$183 ($dff) from module xorflow_decoder_bank_pipelined.
Setting constant 0-bit at position 12 on $flatten\lanes[3].decoder.$procdff$183 ($dff) from module xorflow_decoder_bank_pipelined.
Setting constant 0-bit at position 13 on $flatten\lanes[3].decoder.$procdff$183 ($dff) from module xorflow_decoder_bank_pipelined.
Setting constant 0-bit at position 10 on $flatten\lanes[4].decoder.$procdff$178 ($dff) from module xorflow_decoder_bank_pipelined.
Setting constant 0-bit at position 11 on $flatten\lanes[4].decoder.$procdff$178 ($dff) from module xorflow_decoder_bank_pipelined.
Setting constant 0-bit at position 12 on $flatten\lanes[4].decoder.$procdff$178 ($dff) from module xorflow_decoder_bank_pipelined.
Setting constant 0-bit at position 13 on $flatten\lanes[4].decoder.$procdff$178 ($dff) from module xorflow_decoder_bank_pipelined.
Setting constant 0-bit at position 10 on $flatten\lanes[4].decoder.$procdff$180 ($dff) from module xorflow_decoder_bank_pipelined.
Setting constant 0-bit at position 11 on $flatten\lanes[4].decoder.$procdff$180 ($dff) from module xorflow_decoder_bank_pipelined.
Setting constant 0-bit at position 12 on $flatten\lanes[4].decoder.$procdff$180 ($dff) from module xorflow_decoder_bank_pipelined.
Setting constant 0-bit at position 13 on $flatten\lanes[4].decoder.$procdff$180 ($dff) from module xorflow_decoder_bank_pipelined.
Setting constant 0-bit at position 10 on $flatten\lanes[4].decoder.$procdff$181 ($dff) from module xorflow_decoder_bank_pipelined.
Setting constant 0-bit at position 11 on $flatten\lanes[4].decoder.$procdff$181 ($dff) from module xorflow_decoder_bank_pipelined.
Setting constant 0-bit at position 12 on $flatten\lanes[4].decoder.$procdff$181 ($dff) from module xorflow_decoder_bank_pipelined.
Setting constant 0-bit at position 13 on $flatten\lanes[4].decoder.$procdff$181 ($dff) from module xorflow_decoder_bank_pipelined.
Setting constant 0-bit at position 10 on $flatten\lanes[4].decoder.$procdff$182 ($dff) from module xorflow_decoder_bank_pipelined.
Setting constant 0-bit at position 11 on $flatten\lanes[4].decoder.$procdff$182 ($dff) from module xorflow_decoder_bank_pipelined.
Setting constant 0-bit at position 12 on $flatten\lanes[4].decoder.$procdff$182 ($dff) from module xorflow_decoder_bank_pipelined.
Setting constant 0-bit at position 13 on $flatten\lanes[4].decoder.$procdff$182 ($dff) from module xorflow_decoder_bank_pipelined.
Setting constant 0-bit at position 10 on $flatten\lanes[4].decoder.$procdff$183 ($dff) from module xorflow_decoder_bank_pipelined.
Setting constant 0-bit at position 11 on $flatten\lanes[4].decoder.$procdff$183 ($dff) from module xorflow_decoder_bank_pipelined.
Setting constant 0-bit at position 12 on $flatten\lanes[4].decoder.$procdff$183 ($dff) from module xorflow_decoder_bank_pipelined.
Setting constant 0-bit at position 13 on $flatten\lanes[4].decoder.$procdff$183 ($dff) from module xorflow_decoder_bank_pipelined.
Setting constant 0-bit at position 10 on $flatten\lanes[5].decoder.$procdff$178 ($dff) from module xorflow_decoder_bank_pipelined.
Setting constant 0-bit at position 11 on $flatten\lanes[5].decoder.$procdff$178 ($dff) from module xorflow_decoder_bank_pipelined.
Setting constant 0-bit at position 12 on $flatten\lanes[5].decoder.$procdff$178 ($dff) from module xorflow_decoder_bank_pipelined.
Setting constant 0-bit at position 13 on $flatten\lanes[5].decoder.$procdff$178 ($dff) from module xorflow_decoder_bank_pipelined.
Setting constant 0-bit at position 10 on $flatten\lanes[5].decoder.$procdff$180 ($dff) from module xorflow_decoder_bank_pipelined.
Setting constant 0-bit at position 11 on $flatten\lanes[5].decoder.$procdff$180 ($dff) from module xorflow_decoder_bank_pipelined.
Setting constant 0-bit at position 12 on $flatten\lanes[5].decoder.$procdff$180 ($dff) from module xorflow_decoder_bank_pipelined.
Setting constant 0-bit at position 13 on $flatten\lanes[5].decoder.$procdff$180 ($dff) from module xorflow_decoder_bank_pipelined.
Setting constant 0-bit at position 10 on $flatten\lanes[5].decoder.$procdff$181 ($dff) from module xorflow_decoder_bank_pipelined.
Setting constant 0-bit at position 11 on $flatten\lanes[5].decoder.$procdff$181 ($dff) from module xorflow_decoder_bank_pipelined.
Setting constant 0-bit at position 12 on $flatten\lanes[5].decoder.$procdff$181 ($dff) from module xorflow_decoder_bank_pipelined.
Setting constant 0-bit at position 13 on $flatten\lanes[5].decoder.$procdff$181 ($dff) from module xorflow_decoder_bank_pipelined.
Setting constant 0-bit at position 10 on $flatten\lanes[5].decoder.$procdff$182 ($dff) from module xorflow_decoder_bank_pipelined.
Setting constant 0-bit at position 11 on $flatten\lanes[5].decoder.$procdff$182 ($dff) from module xorflow_decoder_bank_pipelined.
Setting constant 0-bit at position 12 on $flatten\lanes[5].decoder.$procdff$182 ($dff) from module xorflow_decoder_bank_pipelined.
Setting constant 0-bit at position 13 on $flatten\lanes[5].decoder.$procdff$182 ($dff) from module xorflow_decoder_bank_pipelined.
Setting constant 0-bit at position 10 on $flatten\lanes[5].decoder.$procdff$183 ($dff) from module xorflow_decoder_bank_pipelined.
Setting constant 0-bit at position 11 on $flatten\lanes[5].decoder.$procdff$183 ($dff) from module xorflow_decoder_bank_pipelined.
Setting constant 0-bit at position 12 on $flatten\lanes[5].decoder.$procdff$183 ($dff) from module xorflow_decoder_bank_pipelined.
Setting constant 0-bit at position 13 on $flatten\lanes[5].decoder.$procdff$183 ($dff) from module xorflow_decoder_bank_pipelined.
Setting constant 0-bit at position 10 on $flatten\lanes[6].decoder.$procdff$178 ($dff) from module xorflow_decoder_bank_pipelined.
Setting constant 0-bit at position 11 on $flatten\lanes[6].decoder.$procdff$178 ($dff) from module xorflow_decoder_bank_pipelined.
Setting constant 0-bit at position 12 on $flatten\lanes[6].decoder.$procdff$178 ($dff) from module xorflow_decoder_bank_pipelined.
Setting constant 0-bit at position 13 on $flatten\lanes[6].decoder.$procdff$178 ($dff) from module xorflow_decoder_bank_pipelined.
Setting constant 0-bit at position 10 on $flatten\lanes[6].decoder.$procdff$180 ($dff) from module xorflow_decoder_bank_pipelined.
Setting constant 0-bit at position 11 on $flatten\lanes[6].decoder.$procdff$180 ($dff) from module xorflow_decoder_bank_pipelined.
Setting constant 0-bit at position 12 on $flatten\lanes[6].decoder.$procdff$180 ($dff) from module xorflow_decoder_bank_pipelined.
Setting constant 0-bit at position 13 on $flatten\lanes[6].decoder.$procdff$180 ($dff) from module xorflow_decoder_bank_pipelined.
Setting constant 0-bit at position 10 on $flatten\lanes[6].decoder.$procdff$181 ($dff) from module xorflow_decoder_bank_pipelined.
Setting constant 0-bit at position 11 on $flatten\lanes[6].decoder.$procdff$181 ($dff) from module xorflow_decoder_bank_pipelined.
Setting constant 0-bit at position 12 on $flatten\lanes[6].decoder.$procdff$181 ($dff) from module xorflow_decoder_bank_pipelined.
Setting constant 0-bit at position 13 on $flatten\lanes[6].decoder.$procdff$181 ($dff) from module xorflow_decoder_bank_pipelined.
Setting constant 0-bit at position 10 on $flatten\lanes[6].decoder.$procdff$182 ($dff) from module xorflow_decoder_bank_pipelined.
Setting constant 0-bit at position 11 on $flatten\lanes[6].decoder.$procdff$182 ($dff) from module xorflow_decoder_bank_pipelined.
Setting constant 0-bit at position 12 on $flatten\lanes[6].decoder.$procdff$182 ($dff) from module xorflow_decoder_bank_pipelined.
Setting constant 0-bit at position 13 on $flatten\lanes[6].decoder.$procdff$182 ($dff) from module xorflow_decoder_bank_pipelined.
Setting constant 0-bit at position 10 on $flatten\lanes[6].decoder.$procdff$183 ($dff) from module xorflow_decoder_bank_pipelined.
Setting constant 0-bit at position 11 on $flatten\lanes[6].decoder.$procdff$183 ($dff) from module xorflow_decoder_bank_pipelined.
Setting constant 0-bit at position 12 on $flatten\lanes[6].decoder.$procdff$183 ($dff) from module xorflow_decoder_bank_pipelined.
Setting constant 0-bit at position 13 on $flatten\lanes[6].decoder.$procdff$183 ($dff) from module xorflow_decoder_bank_pipelined.
Setting constant 0-bit at position 10 on $flatten\lanes[7].decoder.$procdff$178 ($dff) from module xorflow_decoder_bank_pipelined.
Setting constant 0-bit at position 11 on $flatten\lanes[7].decoder.$procdff$178 ($dff) from module xorflow_decoder_bank_pipelined.
Setting constant 0-bit at position 12 on $flatten\lanes[7].decoder.$procdff$178 ($dff) from module xorflow_decoder_bank_pipelined.
Setting constant 0-bit at position 13 on $flatten\lanes[7].decoder.$procdff$178 ($dff) from module xorflow_decoder_bank_pipelined.
Setting constant 0-bit at position 10 on $flatten\lanes[7].decoder.$procdff$180 ($dff) from module xorflow_decoder_bank_pipelined.
Setting constant 0-bit at position 11 on $flatten\lanes[7].decoder.$procdff$180 ($dff) from module xorflow_decoder_bank_pipelined.
Setting constant 0-bit at position 12 on $flatten\lanes[7].decoder.$procdff$180 ($dff) from module xorflow_decoder_bank_pipelined.
Setting constant 0-bit at position 13 on $flatten\lanes[7].decoder.$procdff$180 ($dff) from module xorflow_decoder_bank_pipelined.
Setting constant 0-bit at position 10 on $flatten\lanes[7].decoder.$procdff$181 ($dff) from module xorflow_decoder_bank_pipelined.
Setting constant 0-bit at position 11 on $flatten\lanes[7].decoder.$procdff$181 ($dff) from module xorflow_decoder_bank_pipelined.
Setting constant 0-bit at position 12 on $flatten\lanes[7].decoder.$procdff$181 ($dff) from module xorflow_decoder_bank_pipelined.
Setting constant 0-bit at position 13 on $flatten\lanes[7].decoder.$procdff$181 ($dff) from module xorflow_decoder_bank_pipelined.
Setting constant 0-bit at position 10 on $flatten\lanes[7].decoder.$procdff$182 ($dff) from module xorflow_decoder_bank_pipelined.
Setting constant 0-bit at position 11 on $flatten\lanes[7].decoder.$procdff$182 ($dff) from module xorflow_decoder_bank_pipelined.
Setting constant 0-bit at position 12 on $flatten\lanes[7].decoder.$procdff$182 ($dff) from module xorflow_decoder_bank_pipelined.
Setting constant 0-bit at position 13 on $flatten\lanes[7].decoder.$procdff$182 ($dff) from module xorflow_decoder_bank_pipelined.
Setting constant 0-bit at position 10 on $flatten\lanes[7].decoder.$procdff$183 ($dff) from module xorflow_decoder_bank_pipelined.
Setting constant 0-bit at position 11 on $flatten\lanes[7].decoder.$procdff$183 ($dff) from module xorflow_decoder_bank_pipelined.
Setting constant 0-bit at position 12 on $flatten\lanes[7].decoder.$procdff$183 ($dff) from module xorflow_decoder_bank_pipelined.
Setting constant 0-bit at position 13 on $flatten\lanes[7].decoder.$procdff$183 ($dff) from module xorflow_decoder_bank_pipelined.
Setting constant 0-bit at position 10 on $flatten\lanes[8].decoder.$procdff$178 ($dff) from module xorflow_decoder_bank_pipelined.
Setting constant 0-bit at position 11 on $flatten\lanes[8].decoder.$procdff$178 ($dff) from module xorflow_decoder_bank_pipelined.
Setting constant 0-bit at position 12 on $flatten\lanes[8].decoder.$procdff$178 ($dff) from module xorflow_decoder_bank_pipelined.
Setting constant 0-bit at position 13 on $flatten\lanes[8].decoder.$procdff$178 ($dff) from module xorflow_decoder_bank_pipelined.
Setting constant 0-bit at position 10 on $flatten\lanes[8].decoder.$procdff$180 ($dff) from module xorflow_decoder_bank_pipelined.
Setting constant 0-bit at position 11 on $flatten\lanes[8].decoder.$procdff$180 ($dff) from module xorflow_decoder_bank_pipelined.
Setting constant 0-bit at position 12 on $flatten\lanes[8].decoder.$procdff$180 ($dff) from module xorflow_decoder_bank_pipelined.
Setting constant 0-bit at position 13 on $flatten\lanes[8].decoder.$procdff$180 ($dff) from module xorflow_decoder_bank_pipelined.
Setting constant 0-bit at position 10 on $flatten\lanes[8].decoder.$procdff$181 ($dff) from module xorflow_decoder_bank_pipelined.
Setting constant 0-bit at position 11 on $flatten\lanes[8].decoder.$procdff$181 ($dff) from module xorflow_decoder_bank_pipelined.
Setting constant 0-bit at position 12 on $flatten\lanes[8].decoder.$procdff$181 ($dff) from module xorflow_decoder_bank_pipelined.
Setting constant 0-bit at position 13 on $flatten\lanes[8].decoder.$procdff$181 ($dff) from module xorflow_decoder_bank_pipelined.
Setting constant 0-bit at position 10 on $flatten\lanes[8].decoder.$procdff$182 ($dff) from module xorflow_decoder_bank_pipelined.
Setting constant 0-bit at position 11 on $flatten\lanes[8].decoder.$procdff$182 ($dff) from module xorflow_decoder_bank_pipelined.
Setting constant 0-bit at position 12 on $flatten\lanes[8].decoder.$procdff$182 ($dff) from module xorflow_decoder_bank_pipelined.
Setting constant 0-bit at position 13 on $flatten\lanes[8].decoder.$procdff$182 ($dff) from module xorflow_decoder_bank_pipelined.
Setting constant 0-bit at position 10 on $flatten\lanes[8].decoder.$procdff$183 ($dff) from module xorflow_decoder_bank_pipelined.
Setting constant 0-bit at position 11 on $flatten\lanes[8].decoder.$procdff$183 ($dff) from module xorflow_decoder_bank_pipelined.
Setting constant 0-bit at position 12 on $flatten\lanes[8].decoder.$procdff$183 ($dff) from module xorflow_decoder_bank_pipelined.
Setting constant 0-bit at position 13 on $flatten\lanes[8].decoder.$procdff$183 ($dff) from module xorflow_decoder_bank_pipelined.
Setting constant 0-bit at position 10 on $flatten\lanes[9].decoder.$procdff$178 ($dff) from module xorflow_decoder_bank_pipelined.
Setting constant 0-bit at position 11 on $flatten\lanes[9].decoder.$procdff$178 ($dff) from module xorflow_decoder_bank_pipelined.
Setting constant 0-bit at position 12 on $flatten\lanes[9].decoder.$procdff$178 ($dff) from module xorflow_decoder_bank_pipelined.
Setting constant 0-bit at position 13 on $flatten\lanes[9].decoder.$procdff$178 ($dff) from module xorflow_decoder_bank_pipelined.
Setting constant 0-bit at position 10 on $flatten\lanes[9].decoder.$procdff$180 ($dff) from module xorflow_decoder_bank_pipelined.
Setting constant 0-bit at position 11 on $flatten\lanes[9].decoder.$procdff$180 ($dff) from module xorflow_decoder_bank_pipelined.
Setting constant 0-bit at position 12 on $flatten\lanes[9].decoder.$procdff$180 ($dff) from module xorflow_decoder_bank_pipelined.
Setting constant 0-bit at position 13 on $flatten\lanes[9].decoder.$procdff$180 ($dff) from module xorflow_decoder_bank_pipelined.
Setting constant 0-bit at position 10 on $flatten\lanes[9].decoder.$procdff$181 ($dff) from module xorflow_decoder_bank_pipelined.
Setting constant 0-bit at position 11 on $flatten\lanes[9].decoder.$procdff$181 ($dff) from module xorflow_decoder_bank_pipelined.
Setting constant 0-bit at position 12 on $flatten\lanes[9].decoder.$procdff$181 ($dff) from module xorflow_decoder_bank_pipelined.
Setting constant 0-bit at position 13 on $flatten\lanes[9].decoder.$procdff$181 ($dff) from module xorflow_decoder_bank_pipelined.
Setting constant 0-bit at position 10 on $flatten\lanes[9].decoder.$procdff$182 ($dff) from module xorflow_decoder_bank_pipelined.
Setting constant 0-bit at position 11 on $flatten\lanes[9].decoder.$procdff$182 ($dff) from module xorflow_decoder_bank_pipelined.
Setting constant 0-bit at position 12 on $flatten\lanes[9].decoder.$procdff$182 ($dff) from module xorflow_decoder_bank_pipelined.
Setting constant 0-bit at position 13 on $flatten\lanes[9].decoder.$procdff$182 ($dff) from module xorflow_decoder_bank_pipelined.
Setting constant 0-bit at position 10 on $flatten\lanes[9].decoder.$procdff$183 ($dff) from module xorflow_decoder_bank_pipelined.
Setting constant 0-bit at position 11 on $flatten\lanes[9].decoder.$procdff$183 ($dff) from module xorflow_decoder_bank_pipelined.
Setting constant 0-bit at position 12 on $flatten\lanes[9].decoder.$procdff$183 ($dff) from module xorflow_decoder_bank_pipelined.
Setting constant 0-bit at position 13 on $flatten\lanes[9].decoder.$procdff$183 ($dff) from module xorflow_decoder_bank_pipelined.

3.20.8. Executing OPT_CLEAN pass (remove unused cells and wires).
Finding unused cells or wires in module \xorflow_decoder_bank_pipelined..

3.20.9. Executing OPT_EXPR pass (perform const folding).
Optimizing module xorflow_decoder_bank_pipelined.

3.20.10. Rerunning OPT passes. (Maybe there is more to do..)

3.20.11. Executing OPT_MUXTREE pass (detect dead branches in mux trees).
Running muxtree optimizer on module \xorflow_decoder_bank_pipelined..
  Creating internal representation of mux trees.
  Evaluating internal representation of mux trees.
  Analyzing evaluation results.
Removed 0 multiplexer ports.
<suppressed ~128 debug messages>

3.20.12. Executing OPT_REDUCE pass (consolidate $*mux and $reduce_* inputs).
  Optimizing cells in module \xorflow_decoder_bank_pipelined.
Performed a total of 0 changes.

3.20.13. Executing OPT_MERGE pass (detect identical cells).
Finding identical cells in module `\xorflow_decoder_bank_pipelined'.
Removed a total of 0 cells.

3.20.14. Executing OPT_SHARE pass.

3.20.15. Executing OPT_DFF pass (perform DFF optimizations).

3.20.16. Executing OPT_CLEAN pass (remove unused cells and wires).
Finding unused cells or wires in module \xorflow_decoder_bank_pipelined..

3.20.17. Executing OPT_EXPR pass (perform const folding).
Optimizing module xorflow_decoder_bank_pipelined.

3.20.18. Finished OPT passes. (There is nothing left to do.)

3.21. Executing TECHMAP pass (map to technology primitives).

3.21.1. Executing Verilog-2005 frontend: /usr/bin/../share/yosys/techmap.v
Parsing Verilog input from `/usr/bin/../share/yosys/techmap.v' to AST representation.
Generating RTLIL representation for module `\_90_simplemap_bool_ops'.
Generating RTLIL representation for module `\_90_simplemap_reduce_ops'.
Generating RTLIL representation for module `\_90_simplemap_logic_ops'.
Generating RTLIL representation for module `\_90_simplemap_compare_ops'.
Generating RTLIL representation for module `\_90_simplemap_various'.
Generating RTLIL representation for module `\_90_simplemap_registers'.
Generating RTLIL representation for module `\_90_shift_ops_shr_shl_sshl_sshr'.
Generating RTLIL representation for module `\_90_shift_shiftx'.
Generating RTLIL representation for module `\_90_fa'.
Generating RTLIL representation for module `\_90_lcu'.
Generating RTLIL representation for module `\_90_alu'.
Generating RTLIL representation for module `\_90_macc'.
Generating RTLIL representation for module `\_90_alumacc'.
Generating RTLIL representation for module `\$__div_mod_u'.
Generating RTLIL representation for module `\$__div_mod_trunc'.
Generating RTLIL representation for module `\_90_div'.
Generating RTLIL representation for module `\_90_mod'.
Generating RTLIL representation for module `\$__div_mod_floor'.
Generating RTLIL representation for module `\_90_divfloor'.
Generating RTLIL representation for module `\_90_modfloor'.
Generating RTLIL representation for module `\_90_pow'.
Generating RTLIL representation for module `\_90_pmux'.
Generating RTLIL representation for module `\_90_demux'.
Generating RTLIL representation for module `\_90_lut'.
Successfully finished Verilog frontend.

3.21.2. Continuing TECHMAP pass.
Using extmapper simplemap for cells of type $dff.
Using extmapper simplemap for cells of type $sdff.
Using template $paramod$4ccbe221165818e15f326ddee3d1183c7924e12f\_90_alu for cells of type $alu.
Using template $paramod$484d51534650924b7ed4c69e46eed3a56904771f\_90_alu for cells of type $alu.
Using template $paramod$33acca59acb78d0be1d2963f30b104550f2b2c75\_90_alu for cells of type $alu.
Using template $paramod$f31f04e77f067a6da635d02c4a81c0a799bf18a4\_90_alu for cells of type $alu.
Using extmapper simplemap for cells of type $mux.
Using extmapper simplemap for cells of type $logic_and.
Using template $paramod$1a3a0c35c4a4896fbfd612699525c057298e72d2\_90_alu for cells of type $alu.
Using extmapper maccmap for cells of type $macc.
  add \lanes[17].decoder.base_q (14 bits, unsigned)
  add { 4'0000 \lanes[17].decoder.s2_q[6] [9:0] } (14 bits, unsigned)
  add { 4'0000 \lanes[17].decoder.s2_q[2] [9:0] } (14 bits, unsigned)
Using template $paramod$79fc7abbb3333dbd5736999d565fd903198fb1eb\_90_alu for cells of type $alu.
  add \lanes[0].decoder.base_q (14 bits, unsigned)
  add { 4'0000 \lanes[0].decoder.s2_q[5] [9:0] } (14 bits, unsigned)
  add \lanes[0].decoder.s2_q[1] [8:0] (9 bits, unsigned)
  add \lanes[0].decoder.base_q (14 bits, unsigned)
  add { 4'0000 \lanes[0].decoder.s2_q[4] [9:0] } (14 bits, unsigned)
  add \lanes[0].decoder.s2_q[0] [7:0] (8 bits, unsigned)
Using template $paramod$d1615bf4e5e328245ffd1550e5fe105901cda77b\_90_alu for cells of type $alu.
  add \lanes[17].decoder.base_q (14 bits, unsigned)
  add { 4'0000 \lanes[17].decoder.s2_q[5] [9:0] } (14 bits, unsigned)
  add \lanes[17].decoder.s2_q[1] [8:0] (9 bits, unsigned)
Using extmapper simplemap for cells of type $logic_or.
Using template $paramod$f85408ed1aa3d09e465edae8a7bf590332ae9f7b\_90_alu for cells of type $alu.
Using template $paramod$7af24cf7f572852703f08ef7a936c59efa2c57af\_90_alu for cells of type $alu.
Using template $paramod$091610cd349a68bd5539cffd7126f0d76e9bca00\_90_alu for cells of type $alu.
Using template $paramod$32a7b7b86c07519b7537abc18e96f0331f97914d\_90_alu for cells of type $alu.
Using extmapper simplemap for cells of type $eq.
Using extmapper simplemap for cells of type $logic_not.
Using extmapper simplemap for cells of type $not.
  add \lanes[13].decoder.base_q (14 bits, unsigned)
  add { 4'0000 \lanes[13].decoder.s2_q[6] [9:0] } (14 bits, unsigned)
  add { 4'0000 \lanes[13].decoder.s2_q[2] [9:0] } (14 bits, unsigned)
  add \lanes[1].decoder.base_q (14 bits, unsigned)
  add { 4'0000 \lanes[1].decoder.s2_q[5] [9:0] } (14 bits, unsigned)
  add \lanes[1].decoder.s2_q[1] [8:0] (9 bits, unsigned)
  add \lanes[1].decoder.base_q (14 bits, unsigned)
  add { 4'0000 \lanes[1].decoder.s2_q[4] [9:0] } (14 bits, unsigned)
  add \lanes[1].decoder.s2_q[0] [7:0] (8 bits, unsigned)
  add \lanes[20].decoder.base_q (14 bits, unsigned)
  add { 4'0000 \lanes[20].decoder.s2_q[6] [9:0] } (14 bits, unsigned)
  add { 4'0000 \lanes[20].decoder.s2_q[2] [9:0] } (14 bits, unsigned)
Using template $paramod$adbaf76fa5a3091a329503792521395f8ff4d1a4\_90_alu for cells of type $alu.
  add \lanes[7].decoder.base_q (14 bits, unsigned)
  add { 4'0000 \lanes[7].decoder.s2_q[5] [9:0] } (14 bits, unsigned)
  add \lanes[7].decoder.s2_q[1] [8:0] (9 bits, unsigned)
  add \lanes[13].decoder.base_q (14 bits, unsigned)
  add { 4'0000 \lanes[13].decoder.s2_q[7] [9:0] } (14 bits, unsigned)
  add { 4'0000 \lanes[13].decoder.s2_q[3] [9:0] } (14 bits, unsigned)
  add \lanes[2].decoder.base_q (14 bits, unsigned)
  add { 4'0000 \lanes[2].decoder.s2_q[6] [9:0] } (14 bits, unsigned)
  add { 4'0000 \lanes[2].decoder.s2_q[2] [9:0] } (14 bits, unsigned)
  add \lanes[2].decoder.base_q (14 bits, unsigned)
  add { 4'0000 \lanes[2].decoder.s2_q[5] [9:0] } (14 bits, unsigned)
  add \lanes[2].decoder.s2_q[1] [8:0] (9 bits, unsigned)
  add \lanes[14].decoder.base_q (14 bits, unsigned)
  add { 4'0000 \lanes[14].decoder.s2_q[5] [9:0] } (14 bits, unsigned)
  add \lanes[14].decoder.s2_q[1] [8:0] (9 bits, unsigned)
  add \lanes[14].decoder.base_q (14 bits, unsigned)
  add { 4'0000 \lanes[14].decoder.s2_q[6] [9:0] } (14 bits, unsigned)
  add { 4'0000 \lanes[14].decoder.s2_q[2] [9:0] } (14 bits, unsigned)
  add \lanes[3].decoder.base_q (14 bits, unsigned)
  add { 4'0000 \lanes[3].decoder.s2_q[6] [9:0] } (14 bits, unsigned)
  add { 4'0000 \lanes[3].decoder.s2_q[2] [9:0] } (14 bits, unsigned)
  add \lanes[3].decoder.base_q (14 bits, unsigned)
  add { 4'0000 \lanes[3].decoder.s2_q[5] [9:0] } (14 bits, unsigned)
  add \lanes[3].decoder.s2_q[1] [8:0] (9 bits, unsigned)
  add \lanes[31].decoder.base_q (14 bits, unsigned)
  add { 4'0000 \lanes[31].decoder.s2_q[4] [9:0] } (14 bits, unsigned)
  add \lanes[31].decoder.s2_q[0] [7:0] (8 bits, unsigned)
  add \lanes[31].decoder.base_q (14 bits, unsigned)
  add { 4'0000 \lanes[31].decoder.s2_q[5] [9:0] } (14 bits, unsigned)
  add \lanes[31].decoder.s2_q[1] [8:0] (9 bits, unsigned)
  add \lanes[4].decoder.base_q (14 bits, unsigned)
  add { 4'0000 \lanes[4].decoder.s2_q[5] [9:0] } (14 bits, unsigned)
  add \lanes[4].decoder.s2_q[1] [8:0] (9 bits, unsigned)
Using template $paramod$b9c2f5fdca7a2fb3c384c319f77e69dd0092810e\_90_alu for cells of type $alu.
  add \lanes[6].decoder.base_q (14 bits, unsigned)
  add { 4'0000 \lanes[6].decoder.s2_q[5] [9:0] } (14 bits, unsigned)
  add \lanes[6].decoder.s2_q[1] [8:0] (9 bits, unsigned)
  add \lanes[9].decoder.base_q (14 bits, unsigned)
  add { 4'0000 \lanes[9].decoder.s2_q[4] [9:0] } (14 bits, unsigned)
  add \lanes[9].decoder.s2_q[0] [7:0] (8 bits, unsigned)
  add \lanes[6].decoder.base_q (14 bits, unsigned)
  add { 4'0000 \lanes[6].decoder.s2_q[4] [9:0] } (14 bits, unsigned)
  add \lanes[6].decoder.s2_q[0] [7:0] (8 bits, unsigned)
  add \lanes[24].decoder.base_q (14 bits, unsigned)
  add { 4'0000 \lanes[24].decoder.s2_q[7] [9:0] } (14 bits, unsigned)
  add { 4'0000 \lanes[24].decoder.s2_q[3] [9:0] } (14 bits, unsigned)
  add \lanes[16].decoder.base_q (14 bits, unsigned)
  add { 4'0000 \lanes[16].decoder.s2_q[6] [9:0] } (14 bits, unsigned)
  add { 4'0000 \lanes[16].decoder.s2_q[2] [9:0] } (14 bits, unsigned)
  add \lanes[29].decoder.base_q (14 bits, unsigned)
  add { 4'0000 \lanes[29].decoder.s2_q[7] [9:0] } (14 bits, unsigned)
  add { 4'0000 \lanes[29].decoder.s2_q[3] [9:0] } (14 bits, unsigned)
  add \lanes[5].decoder.base_q (14 bits, unsigned)
  add { 4'0000 \lanes[5].decoder.s2_q[6] [9:0] } (14 bits, unsigned)
  add { 4'0000 \lanes[5].decoder.s2_q[2] [9:0] } (14 bits, unsigned)
  add \lanes[14].decoder.base_q (14 bits, unsigned)
  add { 4'0000 \lanes[14].decoder.s2_q[7] [9:0] } (14 bits, unsigned)
  add { 4'0000 \lanes[14].decoder.s2_q[3] [9:0] } (14 bits, unsigned)
  add \lanes[21].decoder.base_q (14 bits, unsigned)
  add { 4'0000 \lanes[21].decoder.s2_q[7] [9:0] } (14 bits, unsigned)
  add { 4'0000 \lanes[21].decoder.s2_q[3] [9:0] } (14 bits, unsigned)
  add \lanes[23].decoder.base_q (14 bits, unsigned)
  add { 4'0000 \lanes[23].decoder.s2_q[6] [9:0] } (14 bits, unsigned)
  add { 4'0000 \lanes[23].decoder.s2_q[2] [9:0] } (14 bits, unsigned)
  add \lanes[1].decoder.base_q (14 bits, unsigned)
  add { 4'0000 \lanes[1].decoder.s2_q[6] [9:0] } (14 bits, unsigned)
  add { 4'0000 \lanes[1].decoder.s2_q[2] [9:0] } (14 bits, unsigned)
  add \lanes[20].decoder.base_q (14 bits, unsigned)
  add { 4'0000 \lanes[20].decoder.s2_q[7] [9:0] } (14 bits, unsigned)
  add { 4'0000 \lanes[20].decoder.s2_q[3] [9:0] } (14 bits, unsigned)
  add \lanes[25].decoder.base_q (14 bits, unsigned)
  add { 4'0000 \lanes[25].decoder.s2_q[4] [9:0] } (14 bits, unsigned)
  add \lanes[25].decoder.s2_q[0] [7:0] (8 bits, unsigned)
  add \lanes[4].decoder.base_q (14 bits, unsigned)
  add { 4'0000 \lanes[4].decoder.s2_q[7] [9:0] } (14 bits, unsigned)
  add { 4'0000 \lanes[4].decoder.s2_q[3] [9:0] } (14 bits, unsigned)
  add \lanes[12].decoder.base_q (14 bits, unsigned)
  add { 4'0000 \lanes[12].decoder.s2_q[7] [9:0] } (14 bits, unsigned)
  add { 4'0000 \lanes[12].decoder.s2_q[3] [9:0] } (14 bits, unsigned)
  add \lanes[8].decoder.base_q (14 bits, unsigned)
  add { 4'0000 \lanes[8].decoder.s2_q[5] [9:0] } (14 bits, unsigned)
  add \lanes[8].decoder.s2_q[1] [8:0] (9 bits, unsigned)
  add \lanes[2].decoder.base_q (14 bits, unsigned)
  add { 4'0000 \lanes[2].decoder.s2_q[4] [9:0] } (14 bits, unsigned)
  add \lanes[2].decoder.s2_q[0] [7:0] (8 bits, unsigned)
  add \lanes[27].decoder.base_q (14 bits, unsigned)
  add { 4'0000 \lanes[27].decoder.s2_q[5] [9:0] } (14 bits, unsigned)
  add \lanes[27].decoder.s2_q[1] [8:0] (9 bits, unsigned)
  add \lanes[27].decoder.base_q (14 bits, unsigned)
  add { 4'0000 \lanes[27].decoder.s2_q[4] [9:0] } (14 bits, unsigned)
  add \lanes[27].decoder.s2_q[0] [7:0] (8 bits, unsigned)
  add \lanes[9].decoder.base_q (14 bits, unsigned)
  add { 4'0000 \lanes[9].decoder.s2_q[6] [9:0] } (14 bits, unsigned)
  add { 4'0000 \lanes[9].decoder.s2_q[2] [9:0] } (14 bits, unsigned)
  add \lanes[5].decoder.base_q (14 bits, unsigned)
  add { 4'0000 \lanes[5].decoder.s2_q[5] [9:0] } (14 bits, unsigned)
  add \lanes[5].decoder.s2_q[1] [8:0] (9 bits, unsigned)
  add \lanes[29].decoder.base_q (14 bits, unsigned)
  add { 4'0000 \lanes[29].decoder.s2_q[5] [9:0] } (14 bits, unsigned)
  add \lanes[29].decoder.s2_q[1] [8:0] (9 bits, unsigned)
  add \lanes[10].decoder.base_q (14 bits, unsigned)
  add { 4'0000 \lanes[10].decoder.s2_q[5] [9:0] } (14 bits, unsigned)
  add \lanes[10].decoder.s2_q[1] [8:0] (9 bits, unsigned)
  add \lanes[10].decoder.base_q (14 bits, unsigned)
  add { 4'0000 \lanes[10].decoder.s2_q[4] [9:0] } (14 bits, unsigned)
  add \lanes[10].decoder.s2_q[0] [7:0] (8 bits, unsigned)
  add \lanes[29].decoder.base_q (14 bits, unsigned)
  add { 4'0000 \lanes[29].decoder.s2_q[6] [9:0] } (14 bits, unsigned)
  add { 4'0000 \lanes[29].decoder.s2_q[2] [9:0] } (14 bits, unsigned)
  add \lanes[15].decoder.base_q (14 bits, unsigned)
  add { 4'0000 \lanes[15].decoder.s2_q[4] [9:0] } (14 bits, unsigned)
  add \lanes[15].decoder.s2_q[0] [7:0] (8 bits, unsigned)
  add \lanes[11].decoder.base_q (14 bits, unsigned)
  add { 4'0000 \lanes[11].decoder.s2_q[5] [9:0] } (14 bits, unsigned)
  add \lanes[11].decoder.s2_q[1] [8:0] (9 bits, unsigned)
  add \lanes[11].decoder.base_q (14 bits, unsigned)
  add { 4'0000 \lanes[11].decoder.s2_q[4] [9:0] } (14 bits, unsigned)
  add \lanes[11].decoder.s2_q[0] [7:0] (8 bits, unsigned)
  add \lanes[21].decoder.base_q (14 bits, unsigned)
  add { 4'0000 \lanes[21].decoder.s2_q[6] [9:0] } (14 bits, unsigned)
  add { 4'0000 \lanes[21].decoder.s2_q[2] [9:0] } (14 bits, unsigned)
  add \lanes[28].decoder.base_q (14 bits, unsigned)
  add { 4'0000 \lanes[28].decoder.s2_q[4] [9:0] } (14 bits, unsigned)
  add \lanes[28].decoder.s2_q[0] [7:0] (8 bits, unsigned)
  add \lanes[12].decoder.base_q (14 bits, unsigned)
  add { 4'0000 \lanes[12].decoder.s2_q[5] [9:0] } (14 bits, unsigned)
  add \lanes[12].decoder.s2_q[1] [8:0] (9 bits, unsigned)
  add \lanes[12].decoder.base_q (14 bits, unsigned)
  add { 4'0000 \lanes[12].decoder.s2_q[4] [9:0] } (14 bits, unsigned)
  add \lanes[12].decoder.s2_q[0] [7:0] (8 bits, unsigned)
  add \lanes[30].decoder.base_q (14 bits, unsigned)
  add { 4'0000 \lanes[30].decoder.s2_q[4] [9:0] } (14 bits, unsigned)
  add \lanes[30].decoder.s2_q[0] [7:0] (8 bits, unsigned)
  add \lanes[1].decoder.base_q (14 bits, unsigned)
  add { 4'0000 \lanes[1].decoder.s2_q[7] [9:0] } (14 bits, unsigned)
  add { 4'0000 \lanes[1].decoder.s2_q[3] [9:0] } (14 bits, unsigned)
  add \lanes[13].decoder.base_q (14 bits, unsigned)
  add { 4'0000 \lanes[13].decoder.s2_q[5] [9:0] } (14 bits, unsigned)
  add \lanes[13].decoder.s2_q[1] [8:0] (9 bits, unsigned)
  add \lanes[13].decoder.base_q (14 bits, unsigned)
  add { 4'0000 \lanes[13].decoder.s2_q[4] [9:0] } (14 bits, unsigned)
  add \lanes[13].decoder.s2_q[0] [7:0] (8 bits, unsigned)
  add \lanes[2].decoder.base_q (14 bits, unsigned)
  add { 4'0000 \lanes[2].decoder.s2_q[7] [9:0] } (14 bits, unsigned)
  add { 4'0000 \lanes[2].decoder.s2_q[3] [9:0] } (14 bits, unsigned)
  add \lanes[22].decoder.base_q (14 bits, unsigned)
  add { 4'0000 \lanes[22].decoder.s2_q[5] [9:0] } (14 bits, unsigned)
  add \lanes[22].decoder.s2_q[1] [8:0] (9 bits, unsigned)
  add \lanes[3].decoder.base_q (14 bits, unsigned)
  add { 4'0000 \lanes[3].decoder.s2_q[7] [9:0] } (14 bits, unsigned)
  add { 4'0000 \lanes[3].decoder.s2_q[3] [9:0] } (14 bits, unsigned)
  add \lanes[14].decoder.base_q (14 bits, unsigned)
  add { 4'0000 \lanes[14].decoder.s2_q[4] [9:0] } (14 bits, unsigned)
  add \lanes[14].decoder.s2_q[0] [7:0] (8 bits, unsigned)
  add \lanes[17].decoder.base_q (14 bits, unsigned)
  add { 4'0000 \lanes[17].decoder.s2_q[7] [9:0] } (14 bits, unsigned)
  add { 4'0000 \lanes[17].decoder.s2_q[3] [9:0] } (14 bits, unsigned)
  add \lanes[22].decoder.base_q (14 bits, unsigned)
  add { 4'0000 \lanes[22].decoder.s2_q[6] [9:0] } (14 bits, unsigned)
  add { 4'0000 \lanes[22].decoder.s2_q[2] [9:0] } (14 bits, unsigned)
  add \lanes[15].decoder.base_q (14 bits, unsigned)
  add { 4'0000 \lanes[15].decoder.s2_q[5] [9:0] } (14 bits, unsigned)
  add \lanes[15].decoder.s2_q[1] [8:0] (9 bits, unsigned)
  add \lanes[11].decoder.base_q (14 bits, unsigned)
  add { 4'0000 \lanes[11].decoder.s2_q[7] [9:0] } (14 bits, unsigned)
  add { 4'0000 \lanes[11].decoder.s2_q[3] [9:0] } (14 bits, unsigned)
  add \lanes[11].decoder.base_q (14 bits, unsigned)
  add { 4'0000 \lanes[11].decoder.s2_q[6] [9:0] } (14 bits, unsigned)
  add { 4'0000 \lanes[11].decoder.s2_q[2] [9:0] } (14 bits, unsigned)
  add \lanes[6].decoder.base_q (14 bits, unsigned)
  add { 4'0000 \lanes[6].decoder.s2_q[7] [9:0] } (14 bits, unsigned)
  add { 4'0000 \lanes[6].decoder.s2_q[3] [9:0] } (14 bits, unsigned)
  add \lanes[16].decoder.base_q (14 bits, unsigned)
  add { 4'0000 \lanes[16].decoder.s2_q[5] [9:0] } (14 bits, unsigned)
  add \lanes[16].decoder.s2_q[1] [8:0] (9 bits, unsigned)
  add \lanes[16].decoder.base_q (14 bits, unsigned)
  add { 4'0000 \lanes[16].decoder.s2_q[4] [9:0] } (14 bits, unsigned)
  add \lanes[16].decoder.s2_q[0] [7:0] (8 bits, unsigned)
  add \lanes[7].decoder.base_q (14 bits, unsigned)
  add { 4'0000 \lanes[7].decoder.s2_q[6] [9:0] } (14 bits, unsigned)
  add { 4'0000 \lanes[7].decoder.s2_q[2] [9:0] } (14 bits, unsigned)
  add \lanes[19].decoder.base_q (14 bits, unsigned)
  add { 4'0000 \lanes[19].decoder.s2_q[6] [9:0] } (14 bits, unsigned)
  add { 4'0000 \lanes[19].decoder.s2_q[2] [9:0] } (14 bits, unsigned)
  add \lanes[0].decoder.base_q (14 bits, unsigned)
  add { 4'0000 \lanes[0].decoder.s2_q[6] [9:0] } (14 bits, unsigned)
  add { 4'0000 \lanes[0].decoder.s2_q[2] [9:0] } (14 bits, unsigned)
  add \lanes[17].decoder.base_q (14 bits, unsigned)
  add { 4'0000 \lanes[17].decoder.s2_q[4] [9:0] } (14 bits, unsigned)
  add \lanes[17].decoder.s2_q[0] [7:0] (8 bits, unsigned)
  add \lanes[19].decoder.base_q (14 bits, unsigned)
  add { 4'0000 \lanes[19].decoder.s2_q[5] [9:0] } (14 bits, unsigned)
  add \lanes[19].decoder.s2_q[1] [8:0] (9 bits, unsigned)
  add \lanes[28].decoder.base_q (14 bits, unsigned)
  add { 4'0000 \lanes[28].decoder.s2_q[7] [9:0] } (14 bits, unsigned)
  add { 4'0000 \lanes[28].decoder.s2_q[3] [9:0] } (14 bits, unsigned)
  add \lanes[18].decoder.base_q (14 bits, unsigned)
  add { 4'0000 \lanes[18].decoder.s2_q[5] [9:0] } (14 bits, unsigned)
  add \lanes[18].decoder.s2_q[1] [8:0] (9 bits, unsigned)
  add \lanes[18].decoder.base_q (14 bits, unsigned)
  add { 4'0000 \lanes[18].decoder.s2_q[4] [9:0] } (14 bits, unsigned)
  add \lanes[18].decoder.s2_q[0] [7:0] (8 bits, unsigned)
  add \lanes[23].decoder.base_q (14 bits, unsigned)
  add { 4'0000 \lanes[23].decoder.s2_q[7] [9:0] } (14 bits, unsigned)
  add { 4'0000 \lanes[23].decoder.s2_q[3] [9:0] } (14 bits, unsigned)
  add \lanes[29].decoder.base_q (14 bits, unsigned)
  add { 4'0000 \lanes[29].decoder.s2_q[4] [9:0] } (14 bits, unsigned)
  add \lanes[29].decoder.s2_q[0] [7:0] (8 bits, unsigned)
  add \lanes[0].decoder.base_q (14 bits, unsigned)
  add { 4'0000 \lanes[0].decoder.s2_q[7] [9:0] } (14 bits, unsigned)
  add { 4'0000 \lanes[0].decoder.s2_q[3] [9:0] } (14 bits, unsigned)
  add \lanes[9].decoder.base_q (14 bits, unsigned)
  add { 4'0000 \lanes[9].decoder.s2_q[5] [9:0] } (14 bits, unsigned)
  add \lanes[9].decoder.s2_q[1] [8:0] (9 bits, unsigned)
  add \lanes[27].decoder.base_q (14 bits, unsigned)
  add { 4'0000 \lanes[27].decoder.s2_q[7] [9:0] } (14 bits, unsigned)
  add { 4'0000 \lanes[27].decoder.s2_q[3] [9:0] } (14 bits, unsigned)
  add \lanes[4].decoder.base_q (14 bits, unsigned)
  add { 4'0000 \lanes[4].decoder.s2_q[4] [9:0] } (14 bits, unsigned)
  add \lanes[4].decoder.s2_q[0] [7:0] (8 bits, unsigned)
  add \lanes[20].decoder.base_q (14 bits, unsigned)
  add { 4'0000 \lanes[20].decoder.s2_q[5] [9:0] } (14 bits, unsigned)
  add \lanes[20].decoder.s2_q[1] [8:0] (9 bits, unsigned)
  add \lanes[20].decoder.base_q (14 bits, unsigned)
  add { 4'0000 \lanes[20].decoder.s2_q[4] [9:0] } (14 bits, unsigned)
  add \lanes[20].decoder.s2_q[0] [7:0] (8 bits, unsigned)
  add \lanes[16].decoder.base_q (14 bits, unsigned)
  add { 4'0000 \lanes[16].decoder.s2_q[7] [9:0] } (14 bits, unsigned)
  add { 4'0000 \lanes[16].decoder.s2_q[3] [9:0] } (14 bits, unsigned)
  add \lanes[15].decoder.base_q (14 bits, unsigned)
  add { 4'0000 \lanes[15].decoder.s2_q[7] [9:0] } (14 bits, unsigned)
  add { 4'0000 \lanes[15].decoder.s2_q[3] [9:0] } (14 bits, unsigned)
  add \lanes[21].decoder.base_q (14 bits, unsigned)
  add { 4'0000 \lanes[21].decoder.s2_q[5] [9:0] } (14 bits, unsigned)
  add \lanes[21].decoder.s2_q[1] [8:0] (9 bits, unsigned)
  add \lanes[21].decoder.base_q (14 bits, unsigned)
  add { 4'0000 \lanes[21].decoder.s2_q[4] [9:0] } (14 bits, unsigned)
  add \lanes[21].decoder.s2_q[0] [7:0] (8 bits, unsigned)
  add \lanes[8].decoder.base_q (14 bits, unsigned)
  add { 4'0000 \lanes[8].decoder.s2_q[6] [9:0] } (14 bits, unsigned)
  add { 4'0000 \lanes[8].decoder.s2_q[2] [9:0] } (14 bits, unsigned)
  add \lanes[23].decoder.base_q (14 bits, unsigned)
  add { 4'0000 \lanes[23].decoder.s2_q[4] [9:0] } (14 bits, unsigned)
  add \lanes[23].decoder.s2_q[0] [7:0] (8 bits, unsigned)
  add \lanes[15].decoder.base_q (14 bits, unsigned)
  add { 4'0000 \lanes[15].decoder.s2_q[6] [9:0] } (14 bits, unsigned)
  add { 4'0000 \lanes[15].decoder.s2_q[2] [9:0] } (14 bits, unsigned)
  add \lanes[3].decoder.base_q (14 bits, unsigned)
  add { 4'0000 \lanes[3].decoder.s2_q[4] [9:0] } (14 bits, unsigned)
  add \lanes[3].decoder.s2_q[0] [7:0] (8 bits, unsigned)
  add \lanes[26].decoder.base_q (14 bits, unsigned)
  add { 4'0000 \lanes[26].decoder.s2_q[4] [9:0] } (14 bits, unsigned)
  add \lanes[26].decoder.s2_q[0] [7:0] (8 bits, unsigned)
  add \lanes[26].decoder.base_q (14 bits, unsigned)
  add { 4'0000 \lanes[26].decoder.s2_q[7] [9:0] } (14 bits, unsigned)
  add { 4'0000 \lanes[26].decoder.s2_q[3] [9:0] } (14 bits, unsigned)
  add \lanes[22].decoder.base_q (14 bits, unsigned)
  add { 4'0000 \lanes[22].decoder.s2_q[4] [9:0] } (14 bits, unsigned)
  add \lanes[22].decoder.s2_q[0] [7:0] (8 bits, unsigned)
  add \lanes[7].decoder.base_q (14 bits, unsigned)
  add { 4'0000 \lanes[7].decoder.s2_q[4] [9:0] } (14 bits, unsigned)
  add \lanes[7].decoder.s2_q[0] [7:0] (8 bits, unsigned)
  add \lanes[23].decoder.base_q (14 bits, unsigned)
  add { 4'0000 \lanes[23].decoder.s2_q[5] [9:0] } (14 bits, unsigned)
  add \lanes[23].decoder.s2_q[1] [8:0] (9 bits, unsigned)
  add \lanes[22].decoder.base_q (14 bits, unsigned)
  add { 4'0000 \lanes[22].decoder.s2_q[7] [9:0] } (14 bits, unsigned)
  add { 4'0000 \lanes[22].decoder.s2_q[3] [9:0] } (14 bits, unsigned)
  add \lanes[19].decoder.base_q (14 bits, unsigned)
  add { 4'0000 \lanes[19].decoder.s2_q[7] [9:0] } (14 bits, unsigned)
  add { 4'0000 \lanes[19].decoder.s2_q[3] [9:0] } (14 bits, unsigned)
  add \lanes[25].decoder.base_q (14 bits, unsigned)
  add { 4'0000 \lanes[25].decoder.s2_q[7] [9:0] } (14 bits, unsigned)
  add { 4'0000 \lanes[25].decoder.s2_q[3] [9:0] } (14 bits, unsigned)
  add \lanes[31].decoder.base_q (14 bits, unsigned)
  add { 4'0000 \lanes[31].decoder.s2_q[7] [9:0] } (14 bits, unsigned)
  add { 4'0000 \lanes[31].decoder.s2_q[3] [9:0] } (14 bits, unsigned)
  add \lanes[24].decoder.base_q (14 bits, unsigned)
  add { 4'0000 \lanes[24].decoder.s2_q[6] [9:0] } (14 bits, unsigned)
  add { 4'0000 \lanes[24].decoder.s2_q[2] [9:0] } (14 bits, unsigned)
  add \lanes[24].decoder.base_q (14 bits, unsigned)
  add { 4'0000 \lanes[24].decoder.s2_q[5] [9:0] } (14 bits, unsigned)
  add \lanes[24].decoder.s2_q[1] [8:0] (9 bits, unsigned)
  add \lanes[25].decoder.base_q (14 bits, unsigned)
  add { 4'0000 \lanes[25].decoder.s2_q[6] [9:0] } (14 bits, unsigned)
  add { 4'0000 \lanes[25].decoder.s2_q[2] [9:0] } (14 bits, unsigned)
  add \lanes[25].decoder.base_q (14 bits, unsigned)
  add { 4'0000 \lanes[25].decoder.s2_q[5] [9:0] } (14 bits, unsigned)
  add \lanes[25].decoder.s2_q[1] [8:0] (9 bits, unsigned)
  add \lanes[7].decoder.base_q (14 bits, unsigned)
  add { 4'0000 \lanes[7].decoder.s2_q[7] [9:0] } (14 bits, unsigned)
  add { 4'0000 \lanes[7].decoder.s2_q[3] [9:0] } (14 bits, unsigned)
  add \lanes[18].decoder.base_q (14 bits, unsigned)
  add { 4'0000 \lanes[18].decoder.s2_q[6] [9:0] } (14 bits, unsigned)
  add { 4'0000 \lanes[18].decoder.s2_q[2] [9:0] } (14 bits, unsigned)
  add \lanes[8].decoder.base_q (14 bits, unsigned)
  add { 4'0000 \lanes[8].decoder.s2_q[4] [9:0] } (14 bits, unsigned)
  add \lanes[8].decoder.s2_q[0] [7:0] (8 bits, unsigned)
  add \lanes[26].decoder.base_q (14 bits, unsigned)
  add { 4'0000 \lanes[26].decoder.s2_q[5] [9:0] } (14 bits, unsigned)
  add \lanes[26].decoder.s2_q[1] [8:0] (9 bits, unsigned)
  add \lanes[5].decoder.base_q (14 bits, unsigned)
  add { 4'0000 \lanes[5].decoder.s2_q[4] [9:0] } (14 bits, unsigned)
  add \lanes[5].decoder.s2_q[0] [7:0] (8 bits, unsigned)
  add \lanes[19].decoder.base_q (14 bits, unsigned)
  add { 4'0000 \lanes[19].decoder.s2_q[4] [9:0] } (14 bits, unsigned)
  add \lanes[19].decoder.s2_q[0] [7:0] (8 bits, unsigned)
  add \lanes[27].decoder.base_q (14 bits, unsigned)
  add { 4'0000 \lanes[27].decoder.s2_q[6] [9:0] } (14 bits, unsigned)
  add { 4'0000 \lanes[27].decoder.s2_q[2] [9:0] } (14 bits, unsigned)
  add \lanes[9].decoder.base_q (14 bits, unsigned)
  add { 4'0000 \lanes[9].decoder.s2_q[7] [9:0] } (14 bits, unsigned)
  add { 4'0000 \lanes[9].decoder.s2_q[3] [9:0] } (14 bits, unsigned)
  add \lanes[26].decoder.base_q (14 bits, unsigned)
  add { 4'0000 \lanes[26].decoder.s2_q[6] [9:0] } (14 bits, unsigned)
  add { 4'0000 \lanes[26].decoder.s2_q[2] [9:0] } (14 bits, unsigned)
  add \lanes[18].decoder.base_q (14 bits, unsigned)
  add { 4'0000 \lanes[18].decoder.s2_q[7] [9:0] } (14 bits, unsigned)
  add { 4'0000 \lanes[18].decoder.s2_q[3] [9:0] } (14 bits, unsigned)
  add \lanes[30].decoder.base_q (14 bits, unsigned)
  add { 4'0000 \lanes[30].decoder.s2_q[7] [9:0] } (14 bits, unsigned)
  add { 4'0000 \lanes[30].decoder.s2_q[3] [9:0] } (14 bits, unsigned)
  add \lanes[12].decoder.base_q (14 bits, unsigned)
  add { 4'0000 \lanes[12].decoder.s2_q[6] [9:0] } (14 bits, unsigned)
  add { 4'0000 \lanes[12].decoder.s2_q[2] [9:0] } (14 bits, unsigned)
  add \lanes[5].decoder.base_q (14 bits, unsigned)
  add { 4'0000 \lanes[5].decoder.s2_q[7] [9:0] } (14 bits, unsigned)
  add { 4'0000 \lanes[5].decoder.s2_q[3] [9:0] } (14 bits, unsigned)
  add \lanes[6].decoder.base_q (14 bits, unsigned)
  add { 4'0000 \lanes[6].decoder.s2_q[6] [9:0] } (14 bits, unsigned)
  add { 4'0000 \lanes[6].decoder.s2_q[2] [9:0] } (14 bits, unsigned)
  add \lanes[10].decoder.base_q (14 bits, unsigned)
  add { 4'0000 \lanes[10].decoder.s2_q[6] [9:0] } (14 bits, unsigned)
  add { 4'0000 \lanes[10].decoder.s2_q[2] [9:0] } (14 bits, unsigned)
  add \lanes[10].decoder.base_q (14 bits, unsigned)
  add { 4'0000 \lanes[10].decoder.s2_q[7] [9:0] } (14 bits, unsigned)
  add { 4'0000 \lanes[10].decoder.s2_q[3] [9:0] } (14 bits, unsigned)
  add \lanes[28].decoder.base_q (14 bits, unsigned)
  add { 4'0000 \lanes[28].decoder.s2_q[6] [9:0] } (14 bits, unsigned)
  add { 4'0000 \lanes[28].decoder.s2_q[2] [9:0] } (14 bits, unsigned)
  add \lanes[28].decoder.base_q (14 bits, unsigned)
  add { 4'0000 \lanes[28].decoder.s2_q[5] [9:0] } (14 bits, unsigned)
  add \lanes[28].decoder.s2_q[1] [8:0] (9 bits, unsigned)
  add \lanes[30].decoder.base_q (14 bits, unsigned)
  add { 4'0000 \lanes[30].decoder.s2_q[6] [9:0] } (14 bits, unsigned)
  add { 4'0000 \lanes[30].decoder.s2_q[2] [9:0] } (14 bits, unsigned)
  add \lanes[30].decoder.base_q (14 bits, unsigned)
  add { 4'0000 \lanes[30].decoder.s2_q[5] [9:0] } (14 bits, unsigned)
  add \lanes[30].decoder.s2_q[1] [8:0] (9 bits, unsigned)
  add \lanes[8].decoder.base_q (14 bits, unsigned)
  add { 4'0000 \lanes[8].decoder.s2_q[7] [9:0] } (14 bits, unsigned)
  add { 4'0000 \lanes[8].decoder.s2_q[3] [9:0] } (14 bits, unsigned)
  add \lanes[24].decoder.base_q (14 bits, unsigned)
  add { 4'0000 \lanes[24].decoder.s2_q[4] [9:0] } (14 bits, unsigned)
  add \lanes[24].decoder.s2_q[0] [7:0] (8 bits, unsigned)
  add \lanes[31].decoder.base_q (14 bits, unsigned)
  add { 4'0000 \lanes[31].decoder.s2_q[6] [9:0] } (14 bits, unsigned)
  add { 4'0000 \lanes[31].decoder.s2_q[2] [9:0] } (14 bits, unsigned)
  add \lanes[4].decoder.base_q (14 bits, unsigned)
  add { 4'0000 \lanes[4].decoder.s2_q[6] [9:0] } (14 bits, unsigned)
  add { 4'0000 \lanes[4].decoder.s2_q[2] [9:0] } (14 bits, unsigned)
Using extmapper simplemap for cells of type $pos.
Using template $paramod\_90_lcu\WIDTH=32'00000000000000000000000000001001 for cells of type $lcu.
Using extmapper simplemap for cells of type $and.
Using extmapper simplemap for cells of type $xor.
Using template $paramod\_90_lcu\WIDTH=32'00000000000000000000000000001010 for cells of type $lcu.
Using template $paramod\_90_lcu\WIDTH=32'00000000000000000000000000001110 for cells of type $lcu.
Using template $paramod\_90_fa\WIDTH=32'00000000000000000000000000001110 for cells of type $fa.
Using template $paramod\_90_lcu\WIDTH=32'00000000000000000000000000000001 for cells of type $lcu.
Using template $paramod\_90_lcu\WIDTH=32'00000000000000000000000000000011 for cells of type $lcu.
Using template $paramod\_90_lcu\WIDTH=32'00000000000000000000000000000100 for cells of type $lcu.
Using template $paramod\_90_lcu\WIDTH=32'00000000000000000000000000000010 for cells of type $lcu.
Using extmapper simplemap for cells of type $or.
No more expansions possible.
<suppressed ~40725 debug messages>

3.22. Executing OPT pass (performing simple optimizations).

3.22.1. Executing OPT_EXPR pass (perform const folding).
Optimizing module xorflow_decoder_bank_pipelined.
<suppressed ~33364 debug messages>

3.22.2. Executing OPT_MERGE pass (detect identical cells).
Finding identical cells in module `\xorflow_decoder_bank_pipelined'.
<suppressed ~10230 debug messages>
Removed a total of 3410 cells.

3.22.3. Executing OPT_DFF pass (perform DFF optimizations).

3.22.4. Executing OPT_CLEAN pass (remove unused cells and wires).
Finding unused cells or wires in module \xorflow_decoder_bank_pipelined..
Removed 5562 unused cells and 30241 unused wires.
<suppressed ~5563 debug messages>

3.22.5. Finished fast OPT passes.

3.23. Executing HIERARCHY pass (managing design hierarchy).

3.23.1. Analyzing design hierarchy..
Top module:  \xorflow_decoder_bank_pipelined

3.23.2. Analyzing design hierarchy..
Top module:  \xorflow_decoder_bank_pipelined
Removed 0 unused modules.

3.24. Printing statistics.

=== xorflow_decoder_bank_pipelined ===

   Number of wires:              20967
   Number of wire bits:          93696
   Number of public wires:        1544
   Number of public wire bits:   36001
   Number of memories:               0
   Number of memory bits:            0
   Number of processes:              0
   Number of cells:              61504
     $_AND_                      21856
     $_DFF_P_                     6944
     $_MUX_                       3584
     $_NOT_                        480
     $_OR_                       10080
     $_SDFF_PP0_                  3840
     $_XOR_                      14720

3.25. Executing CHECK pass (checking for obvious problems).
Checking module xorflow_decoder_bank_pipelined...
Found and reported 0 problems.

4. Printing statistics.

=== xorflow_decoder_bank_pipelined ===

   Number of wires:              20967
   Number of wire bits:          93696
   Number of public wires:        1544
   Number of public wire bits:   36001
   Number of memories:               0
   Number of memory bits:            0
   Number of processes:              0
   Number of cells:              61504
     $_AND_                      21856
     $_DFF_P_                     6944
     $_MUX_                       3584
     $_NOT_                        480
     $_OR_                       10080
     $_SDFF_PP0_                  3840
     $_XOR_                      14720

Warnings: 5 unique messages, 5 total
End of script. Logfile hash: 563961fa58, CPU: user 34.96s system 1.61s, MEM: 546.71 MB peak
Yosys 0.33 (git sha1 2584903a060)
Time spent: 27% 30x opt_expr (9 sec), 19% 23x opt_clean (7 sec), ...
