LayerID, Avg IFMAP SRAM BW, Avg FILTER SRAM BW, Avg OFMAP SRAM BW, Avg IFMAP DRAM BW, Avg FILTER DRAM BW, Avg OFMAP DRAM BW,
0, 0.042328042328042326, 1.3544973544973544, 0.3386243386243386, 0.015209125475285171, 0.973384030418251, 32.0,
1, 0.04221635883905013, 1.3509234828496042, 0.33773087071240104, 0.015209125475285171, 1.946768060836502, 32.0,
2, 0.08465608465608465, 2.708994708994709, 0.3386243386243386, 0.030418250950570342, 1.946768060836502, 32.0,
3, 0.08443271767810026, 2.7018469656992083, 0.33773087071240104, 0.030418250950570342, 3.893536121673004, 32.0,
4, 0.1693121693121693, 5.417989417989418, 0.3386243386243386, 0.060836501901140684, 3.893536121673004, 32.0,
5, 0.16886543535620052, 5.403693931398417, 0.33773087071240104, 0.060836501901140684, 7.787072243346008, 32.0,
6, 0.3386243386243386, 10.835978835978835, 0.3386243386243386, 0.12167300380228137, 7.787072243346008, 32.0,
7, 0.33773087071240104, 10.807387862796833, 0.33773087071240104, 0.12167300380228137, 7.801904761904762, 32.0,
8, 0.33773087071240104, 10.807387862796833, 0.33773087071240104, 0.24334600760456274, 7.801904761904762, 32.0,
9, 0.3372859025032938, 10.793148880105402, 0.3372859025032938, 0.24334600760456274, 7.809342230695901, 32.0,
10, 0.337063857801185, 10.78604344963792, 0.337063857801185, 0.4866920152091255, 8.928610354223434, 32.0,
11, 0.08376963350785341, 1.3403141361256545, 0.6701570680628273, 0.030418250950570342, 0.973384030418251, 32.0,
12, 0.0835509138381201, 1.3368146214099217, 0.6684073107049608, 0.030418250950570342, 1.946768060836502, 32.0,
13, 0.16753926701570682, 2.680628272251309, 0.6701570680628273, 0.060836501901140684, 1.946768060836502, 32.0,
14, 0.1671018276762402, 2.6736292428198434, 0.6684073107049608, 0.060836501901140684, 3.893536121673004, 32.0,
15, 0.33507853403141363, 5.361256544502618, 0.6701570680628273, 0.12167300380228137, 3.893536121673004, 32.0,
16, 0.3342036553524804, 5.347258485639687, 0.6684073107049608, 0.12167300380228137, 7.787072243346008, 32.0,
17, 0.6701570680628273, 10.722513089005236, 0.6701570680628273, 0.24334600760456274, 7.787072243346008, 32.0,
18, 0.6684073107049608, 10.694516971279374, 0.6684073107049608, 0.24334600760456274, 7.801904761904762, 32.0,
19, 0.6684073107049608, 10.694516971279374, 0.6684073107049608, 0.4866920152091255, 7.801904761904762, 32.0,
20, 0.6675358539765319, 10.68057366362451, 0.6675358539765319, 0.4866920152091255, 7.809342230695901, 32.0,
21, 0.6671009771986971, 10.673615635179154, 0.6671009771986971, 0.973384030418251, 8.928610354223434, 32.0,
22, 0.12435233160621761, 1.3264248704663213, 0.9948186528497409, 0.045627376425855515, 0.973384030418251, 32.0,
23, 0.12403100775193798, 1.322997416020672, 0.9922480620155039, 0.045627376425855515, 1.946768060836502, 32.0,
24, 0.24870466321243523, 2.6528497409326426, 0.9948186528497409, 0.09125475285171103, 1.946768060836502, 32.0,
25, 0.24806201550387597, 2.645994832041344, 0.9922480620155039, 0.09125475285171103, 3.893536121673004, 32.0,
26, 0.49740932642487046, 5.305699481865285, 0.9948186528497409, 0.18250950570342206, 3.893536121673004, 32.0,
27, 0.49612403100775193, 5.291989664082688, 0.9922480620155039, 0.18250950570342206, 7.787072243346008, 32.0,
28, 0.9948186528497409, 10.61139896373057, 0.9948186528497409, 0.3650190114068441, 7.787072243346008, 32.0,
29, 0.9922480620155039, 10.583979328165375, 0.9922480620155039, 0.3650190114068441, 7.801904761904762, 32.0,
30, 0.9922480620155039, 10.583979328165375, 0.9922480620155039, 0.7300380228136882, 7.801904761904762, 32.0,
31, 0.9909677419354839, 10.570322580645161, 0.9909677419354839, 0.7300380228136882, 7.809342230695901, 32.0,
32, 0.9903288201160542, 10.563507414571244, 0.9903288201160542, 1.4600760456273765, 8.928610354223434, 32.0,
33, 0.1641025641025641, 1.3128205128205128, 1.3128205128205128, 0.060836501901140684, 0.973384030418251, 32.0,
34, 0.1636828644501279, 1.3094629156010231, 1.3094629156010231, 0.060836501901140684, 1.946768060836502, 32.0,
35, 0.3282051282051282, 2.6256410256410256, 1.3128205128205128, 0.12167300380228137, 1.946768060836502, 32.0,
36, 0.3273657289002558, 2.6189258312020463, 1.3094629156010231, 0.12167300380228137, 3.893536121673004, 32.0,
37, 0.6564102564102564, 5.251282051282051, 1.3128205128205128, 0.24334600760456274, 3.893536121673004, 32.0,
38, 0.6547314578005116, 5.2378516624040925, 1.3094629156010231, 0.24334600760456274, 7.787072243346008, 32.0,
39, 1.3128205128205128, 10.502564102564103, 1.3128205128205128, 0.4866920152091255, 7.787072243346008, 32.0,
40, 1.3094629156010231, 10.475703324808185, 1.3094629156010231, 0.4866920152091255, 7.801904761904762, 32.0,
41, 1.3094629156010231, 10.475703324808185, 1.3094629156010231, 0.973384030418251, 7.801904761904762, 32.0,
42, 1.3077905491698596, 10.462324393358877, 1.3077905491698596, 0.973384030418251, 7.809342230695901, 32.0,
43, 1.3069559668155712, 10.45564773452457, 1.3069559668155712, 1.946768060836502, 8.928610354223434, 32.0,
44, 0.20304568527918782, 1.299492385786802, 1.6243654822335025, 0.07604562737642585, 0.973384030418251, 32.0,
45, 0.20253164556962025, 1.2962025316455696, 1.620253164556962, 0.07604562737642585, 1.946768060836502, 32.0,
46, 0.40609137055837563, 2.598984771573604, 1.6243654822335025, 0.1520912547528517, 1.946768060836502, 32.0,
47, 0.4050632911392405, 2.5924050632911393, 1.620253164556962, 0.1520912547528517, 3.893536121673004, 32.0,
48, 0.8121827411167513, 5.197969543147208, 1.6243654822335025, 0.3041825095057034, 3.893536121673004, 32.0,
49, 0.810126582278481, 5.184810126582279, 1.620253164556962, 0.3041825095057034, 7.787072243346008, 32.0,
50, 1.6243654822335025, 10.395939086294415, 1.6243654822335025, 0.6083650190114068, 7.787072243346008, 32.0,
51, 1.620253164556962, 10.369620253164557, 1.620253164556962, 0.6083650190114068, 7.801904761904762, 32.0,
52, 1.620253164556962, 10.369620253164557, 1.620253164556962, 1.2167300380228137, 7.801904761904762, 32.0,
53, 1.618204804045512, 10.356510745891278, 1.618204804045512, 1.2167300380228137, 7.809342230695901, 32.0,
54, 1.6171825647504738, 10.349968414403032, 1.6171825647504738, 2.4334600760456273, 8.928610354223434, 32.0,
55, 0.24120603015075376, 1.2864321608040201, 1.92964824120603, 0.09125475285171103, 0.973384030418251, 32.0,
56, 0.24060150375939848, 1.2832080200501252, 1.9248120300751879, 0.09125475285171103, 1.946768060836502, 32.0,
57, 0.4824120603015075, 2.5728643216080402, 1.92964824120603, 0.18250950570342206, 1.946768060836502, 32.0,
58, 0.48120300751879697, 2.5664160401002505, 1.9248120300751879, 0.18250950570342206, 3.893536121673004, 32.0,
59, 0.964824120603015, 5.1457286432160805, 1.92964824120603, 0.3650190114068441, 3.893536121673004, 32.0,
60, 0.9624060150375939, 5.132832080200501, 1.9248120300751879, 0.3650190114068441, 7.787072243346008, 32.0,
61, 1.92964824120603, 10.291457286432161, 1.92964824120603, 0.7300380228136882, 7.787072243346008, 32.0,
62, 1.9248120300751879, 10.265664160401002, 1.9248120300751879, 0.7300380228136882, 7.801904761904762, 32.0,
63, 1.9248120300751879, 10.265664160401002, 1.9248120300751879, 1.4600760456273765, 7.801904761904762, 32.0,
64, 1.9224030037546933, 10.252816020025032, 1.9224030037546933, 1.4600760456273765, 7.809342230695901, 32.0,
65, 1.9212007504690432, 10.246404002501563, 1.9212007504690432, 2.920152091254753, 8.928610354223434, 32.0,
66, 0.27860696517412936, 1.2736318407960199, 2.228855721393035, 0.10646387832699619, 0.973384030418251, 32.0,
67, 0.27791563275434245, 1.2704714640198511, 2.2233250620347396, 0.10646387832699619, 1.946768060836502, 32.0,
68, 0.5572139303482587, 2.5472636815920398, 2.228855721393035, 0.21292775665399238, 1.946768060836502, 32.0,
69, 0.5558312655086849, 2.5409429280397022, 2.2233250620347396, 0.21292775665399238, 3.893536121673004, 32.0,
70, 1.1144278606965174, 5.0945273631840795, 2.228855721393035, 0.42585551330798477, 3.893536121673004, 32.0,
71, 1.1116625310173698, 5.0818858560794045, 2.2233250620347396, 0.42585551330798477, 7.787072243346008, 32.0,
72, 2.228855721393035, 10.189054726368159, 2.228855721393035, 0.8517110266159695, 7.787072243346008, 32.0,
73, 2.2233250620347396, 10.163771712158809, 2.2233250620347396, 0.8517110266159695, 7.801904761904762, 32.0,
74, 2.2233250620347396, 10.163771712158809, 2.2233250620347396, 1.703422053231939, 7.801904761904762, 32.0,
75, 2.220570012391574, 10.151177199504337, 2.220570012391574, 1.703422053231939, 7.809342230695901, 32.0,
76, 2.2191950464396286, 10.144891640866874, 2.2191950464396286, 3.406844106463878, 8.928610354223434, 32.0,
77, 0.31527093596059114, 1.2610837438423645, 2.522167487684729, 0.12167300380228137, 0.973384030418251, 32.0,
78, 0.3144963144963145, 1.257985257985258, 2.515970515970516, 0.12167300380228137, 1.946768060836502, 32.0,
79, 0.6305418719211823, 2.522167487684729, 2.522167487684729, 0.24334600760456274, 1.946768060836502, 32.0,
80, 0.628992628992629, 2.515970515970516, 2.515970515970516, 0.24334600760456274, 3.893536121673004, 32.0,
81, 1.2610837438423645, 5.044334975369458, 2.522167487684729, 0.4866920152091255, 3.893536121673004, 32.0,
82, 1.257985257985258, 5.031941031941032, 2.515970515970516, 0.4866920152091255, 7.787072243346008, 32.0,
83, 2.522167487684729, 10.088669950738916, 2.522167487684729, 0.973384030418251, 7.787072243346008, 32.0,
84, 2.515970515970516, 10.063882063882064, 2.515970515970516, 0.973384030418251, 7.801904761904762, 32.0,
85, 2.515970515970516, 10.063882063882064, 2.515970515970516, 1.946768060836502, 7.801904761904762, 32.0,
86, 2.5128834355828222, 10.051533742331289, 2.5128834355828222, 1.946768060836502, 7.809342230695901, 32.0,
87, 2.5113427345187, 10.0453709380748, 2.5113427345187, 3.893536121673004, 8.928610354223434, 32.0,
88, 0.35121951219512193, 1.248780487804878, 2.8097560975609754, 0.13688212927756654, 0.973384030418251, 32.0,
89, 0.35036496350364965, 1.245742092457421, 2.802919708029197, 0.13688212927756654, 1.946768060836502, 32.0,
90, 0.7024390243902439, 2.497560975609756, 2.8097560975609754, 0.2737642585551331, 1.946768060836502, 32.0,
91, 0.7007299270072993, 2.491484184914842, 2.802919708029197, 0.2737642585551331, 3.893536121673004, 32.0,
92, 1.4048780487804877, 4.995121951219512, 2.8097560975609754, 0.5475285171102662, 3.893536121673004, 32.0,
93, 1.4014598540145986, 4.982968369829684, 2.802919708029197, 0.5475285171102662, 7.787072243346008, 32.0,
94, 2.8097560975609754, 9.990243902439024, 2.8097560975609754, 1.0950570342205324, 7.787072243346008, 32.0,
95, 2.802919708029197, 9.965936739659368, 2.802919708029197, 1.0950570342205324, 7.801904761904762, 32.0,
96, 2.802919708029197, 9.965936739659368, 2.802919708029197, 2.1901140684410647, 7.801904761904762, 32.0,
97, 2.79951397326853, 9.953827460510327, 2.79951397326853, 2.1901140684410647, 7.809342230695901, 32.0,
98, 2.797814207650273, 9.947783849423194, 2.797814207650273, 4.380228136882129, 8.928610354223434, 32.0,
99, 0.3864734299516908, 1.2367149758454106, 3.0917874396135265, 0.1520912547528517, 0.973384030418251, 32.0,
100, 0.3855421686746988, 1.2337349397590363, 3.0843373493975905, 0.1520912547528517, 1.946768060836502, 32.0,
101, 0.7729468599033816, 2.473429951690821, 3.0917874396135265, 0.3041825095057034, 1.946768060836502, 32.0,
102, 0.7710843373493976, 2.4674698795180725, 3.0843373493975905, 0.3041825095057034, 3.893536121673004, 32.0,
103, 1.5458937198067633, 4.946859903381642, 3.0917874396135265, 0.6083650190114068, 3.893536121673004, 32.0,
104, 1.5421686746987953, 4.934939759036145, 3.0843373493975905, 0.6083650190114068, 7.787072243346008, 32.0,
105, 3.0917874396135265, 9.893719806763285, 3.0917874396135265, 1.2167300380228137, 7.787072243346008, 32.0,
106, 3.0843373493975905, 9.86987951807229, 3.0843373493975905, 1.2167300380228137, 7.801904761904762, 32.0,
107, 3.0843373493975905, 9.86987951807229, 3.0843373493975905, 2.4334600760456273, 7.801904761904762, 32.0,
108, 3.0806257521058966, 9.85800240673887, 3.0806257521058966, 2.4334600760456273, 7.809342230695901, 32.0,
109, 3.0787733012627783, 9.85207456404089, 3.0787733012627783, 4.866920152091255, 8.928610354223434, 32.0,
110, 0.42105263157894735, 1.2248803827751196, 3.3684210526315788, 0.16730038022813687, 0.973384030418251, 32.0,
111, 0.4200477326968974, 1.2219570405727924, 3.360381861575179, 0.16730038022813687, 1.946768060836502, 32.0,
112, 0.8421052631578947, 2.449760765550239, 3.3684210526315788, 0.33460076045627374, 1.946768060836502, 32.0,
113, 0.8400954653937948, 2.443914081145585, 3.360381861575179, 0.33460076045627374, 3.893536121673004, 32.0,
114, 1.6842105263157894, 4.899521531100478, 3.3684210526315788, 0.6692015209125475, 3.893536121673004, 32.0,
115, 1.6801909307875895, 4.88782816229117, 3.360381861575179, 0.6692015209125475, 7.787072243346008, 32.0,
116, 3.3684210526315788, 9.799043062200957, 3.3684210526315788, 1.338403041825095, 7.787072243346008, 32.0,
117, 3.360381861575179, 9.77565632458234, 3.360381861575179, 1.338403041825095, 7.801904761904762, 32.0,
118, 3.360381861575179, 9.77565632458234, 3.360381861575179, 2.67680608365019, 7.801904761904762, 32.0,
119, 3.3563766388557807, 9.764004767580452, 3.3563766388557807, 2.67680608365019, 7.809342230695901, 32.0,
120, 3.3543776057176893, 9.75818939845146, 3.3543776057176893, 5.35361216730038, 8.928610354223434, 32.0,
121, 0.4549763033175355, 1.2132701421800949, 3.639810426540284, 0.18250950570342206, 0.973384030418251, 32.0,
122, 0.45390070921985815, 1.210401891252955, 3.631205673758865, 0.18250950570342206, 1.946768060836502, 32.0,
123, 0.909952606635071, 2.4265402843601898, 3.639810426540284, 0.3650190114068441, 1.946768060836502, 32.0,
124, 0.9078014184397163, 2.42080378250591, 3.631205673758865, 0.3650190114068441, 3.893536121673004, 32.0,
125, 1.819905213270142, 4.8530805687203795, 3.639810426540284, 0.7300380228136882, 3.893536121673004, 32.0,
126, 1.8156028368794326, 4.84160756501182, 3.631205673758865, 0.7300380228136882, 7.787072243346008, 32.0,
127, 3.639810426540284, 9.706161137440759, 3.639810426540284, 1.4600760456273765, 7.787072243346008, 32.0,
128, 3.631205673758865, 9.68321513002364, 3.631205673758865, 1.4600760456273765, 7.801904761904762, 32.0,
129, 3.631205673758865, 9.68321513002364, 3.631205673758865, 2.920152091254753, 7.801904761904762, 32.0,
130, 3.626918536009445, 9.671782762691853, 3.626918536009445, 2.920152091254753, 7.809342230695901, 32.0,
131, 3.624778761061947, 9.666076696165192, 3.624778761061947, 5.840304182509506, 8.928610354223434, 32.0,
132, 0.48826291079812206, 1.2018779342723005, 3.9061032863849765, 0.19771863117870722, 0.973384030418251, 32.0,
133, 0.48711943793911006, 1.199063231850117, 3.8969555035128804, 0.19771863117870722, 1.946768060836502, 32.0,
134, 0.9765258215962441, 2.403755868544601, 3.9061032863849765, 0.39543726235741444, 1.946768060836502, 32.0,
135, 0.9742388758782201, 2.398126463700234, 3.8969555035128804, 0.39543726235741444, 3.893536121673004, 32.0,
136, 1.9530516431924883, 4.807511737089202, 3.9061032863849765, 0.7908745247148289, 3.893536121673004, 32.0,
137, 1.9484777517564402, 4.796252927400468, 3.8969555035128804, 0.7908745247148289, 7.787072243346008, 32.0,
138, 3.9061032863849765, 9.615023474178404, 3.9061032863849765, 1.5817490494296578, 7.787072243346008, 32.0,
139, 3.8969555035128804, 9.592505854800937, 3.8969555035128804, 1.5817490494296578, 7.801904761904762, 32.0,
140, 3.8969555035128804, 9.592505854800937, 3.8969555035128804, 3.1634980988593155, 7.801904761904762, 32.0,
141, 3.8923976608187134, 9.581286549707603, 3.8923976608187134, 3.1634980988593155, 7.809342230695901, 32.0,
142, 3.890122735242548, 9.575686732904733, 3.890122735242548, 6.326996197718631, 8.928610354223434, 32.0,
143, 0.5209302325581395, 1.1906976744186046, 4.167441860465116, 0.21292775665399238, 0.973384030418251, 32.0,
144, 0.5197215777262181, 1.1879350348027842, 4.157772621809745, 0.21292775665399238, 1.946768060836502, 32.0,
145, 1.041860465116279, 2.3813953488372093, 4.167441860465116, 0.42585551330798477, 1.946768060836502, 32.0,
146, 1.0394431554524362, 2.3758700696055683, 4.157772621809745, 0.42585551330798477, 3.893536121673004, 32.0,
147, 2.083720930232558, 4.7627906976744185, 4.167441860465116, 0.8517110266159695, 3.893536121673004, 32.0,
148, 2.0788863109048723, 4.751740139211137, 4.157772621809745, 0.8517110266159695, 7.787072243346008, 32.0,
149, 4.167441860465116, 9.525581395348837, 4.167441860465116, 1.703422053231939, 7.787072243346008, 32.0,
150, 4.157772621809745, 9.503480278422273, 4.157772621809745, 1.703422053231939, 7.801904761904762, 32.0,
151, 4.157772621809745, 9.503480278422273, 4.157772621809745, 3.406844106463878, 7.801904761904762, 32.0,
152, 4.152954808806489, 9.492468134414832, 4.152954808806489, 3.406844106463878, 7.809342230695901, 32.0,
153, 4.150550086855819, 9.486971627099015, 4.150550086855819, 6.813688212927756, 8.928610354223434, 32.0,
154, 0.5529953917050692, 1.1797235023041475, 4.423963133640553, 0.22813688212927757, 0.973384030418251, 32.0,
155, 0.5517241379310345, 1.1770114942528735, 4.413793103448276, 0.22813688212927757, 1.946768060836502, 32.0,
156, 1.1059907834101383, 2.359447004608295, 4.423963133640553, 0.45627376425855515, 1.946768060836502, 32.0,
157, 1.103448275862069, 2.354022988505747, 4.413793103448276, 0.45627376425855515, 3.893536121673004, 32.0,
158, 2.2119815668202767, 4.71889400921659, 4.423963133640553, 0.9125475285171103, 3.893536121673004, 32.0,
159, 2.206896551724138, 4.708045977011494, 4.413793103448276, 0.9125475285171103, 7.787072243346008, 32.0,
160, 4.423963133640553, 9.43778801843318, 4.423963133640553, 1.8250950570342206, 7.787072243346008, 32.0,
161, 4.413793103448276, 9.416091954022988, 4.413793103448276, 1.8250950570342206, 7.801904761904762, 32.0,
162, 4.413793103448276, 9.416091954022988, 4.413793103448276, 3.650190114068441, 7.801904761904762, 32.0,
163, 4.408725602755453, 9.405281285878301, 4.408725602755453, 3.650190114068441, 7.809342230695901, 32.0,
164, 4.406196213425129, 9.399885255306941, 4.406196213425129, 7.300380228136882, 8.928610354223434, 32.0,
165, 0.5844748858447488, 1.1689497716894977, 4.675799086757991, 0.24334600760456274, 0.973384030418251, 32.0,
166, 0.5831435079726651, 1.1662870159453302, 4.665148063781321, 0.24334600760456274, 1.946768060836502, 32.0,
167, 1.1689497716894977, 2.3378995433789953, 4.675799086757991, 0.4866920152091255, 1.946768060836502, 32.0,
168, 1.1662870159453302, 2.3325740318906605, 4.665148063781321, 0.4866920152091255, 3.893536121673004, 32.0,
169, 2.3378995433789953, 4.675799086757991, 4.675799086757991, 0.973384030418251, 3.893536121673004, 32.0,
170, 2.3325740318906605, 4.665148063781321, 4.665148063781321, 0.973384030418251, 7.787072243346008, 32.0,
171, 4.675799086757991, 9.351598173515981, 4.675799086757991, 1.946768060836502, 7.787072243346008, 32.0,
172, 4.665148063781321, 9.330296127562642, 4.665148063781321, 1.946768060836502, 7.801904761904762, 32.0,
173, 4.665148063781321, 9.330296127562642, 4.665148063781321, 3.893536121673004, 7.801904761904762, 32.0,
174, 4.6598407281001135, 9.319681456200227, 4.6598407281001135, 3.893536121673004, 7.809342230695901, 32.0,
175, 4.657191586128482, 9.314383172256964, 4.657191586128482, 7.787072243346008, 8.928610354223434, 32.0,
176, 0.6153846153846154, 1.158371040723982, 4.923076923076923, 0.2585551330798479, 0.973384030418251, 32.0,
177, 0.6139954853273137, 1.1557562076749435, 4.91196388261851, 0.2585551330798479, 1.946768060836502, 32.0,
178, 1.2307692307692308, 2.316742081447964, 4.923076923076923, 0.5171102661596958, 1.946768060836502, 32.0,
179, 1.2279909706546275, 2.311512415349887, 4.91196388261851, 0.5171102661596958, 3.893536121673004, 32.0,
180, 2.4615384615384617, 4.633484162895928, 4.923076923076923, 1.0342205323193916, 3.893536121673004, 32.0,
181, 2.455981941309255, 4.623024830699774, 4.91196388261851, 1.0342205323193916, 7.787072243346008, 32.0,
182, 4.923076923076923, 9.266968325791856, 4.923076923076923, 2.068441064638783, 7.787072243346008, 32.0,
183, 4.91196388261851, 9.246049661399548, 4.91196388261851, 2.068441064638783, 7.801904761904762, 32.0,
184, 4.91196388261851, 9.246049661399548, 4.91196388261851, 4.136882129277566, 7.801904761904762, 32.0,
185, 4.906426155580609, 9.235625704622322, 4.906426155580609, 4.136882129277566, 7.809342230695901, 32.0,
186, 4.903661971830986, 9.230422535211268, 4.903661971830986, 8.273764258555133, 8.928610354223434, 32.0,
187, 0.6457399103139013, 1.147982062780269, 5.165919282511211, 0.2737642585551331, 0.973384030418251, 32.0,
188, 0.6442953020134228, 1.145413870246085, 5.154362416107382, 0.2737642585551331, 1.946768060836502, 32.0,
189, 1.2914798206278026, 2.295964125560538, 5.165919282511211, 0.5475285171102662, 1.946768060836502, 32.0,
190, 1.2885906040268456, 2.29082774049217, 5.154362416107382, 0.5475285171102662, 3.893536121673004, 32.0,
191, 2.5829596412556053, 4.591928251121076, 5.165919282511211, 1.0950570342205324, 3.893536121673004, 32.0,
192, 2.577181208053691, 4.58165548098434, 5.154362416107382, 1.0950570342205324, 7.787072243346008, 32.0,
193, 5.165919282511211, 9.183856502242152, 5.165919282511211, 2.1901140684410647, 7.787072243346008, 32.0,
194, 5.154362416107382, 9.16331096196868, 5.154362416107382, 2.1901140684410647, 7.801904761904762, 32.0,
195, 5.154362416107382, 9.16331096196868, 5.154362416107382, 4.380228136882129, 7.801904761904762, 32.0,
196, 5.148603351955307, 9.153072625698323, 5.148603351955307, 4.380228136882129, 7.809342230695901, 32.0,
197, 5.1457286432160805, 9.147962032384143, 5.1457286432160805, 8.760456273764259, 8.928610354223434, 32.0,
198, 0.6755555555555556, 1.1377777777777778, 5.404444444444445, 0.2889733840304182, 0.973384030418251, 32.0,
199, 0.6740576496674058, 1.1352549889135255, 5.392461197339246, 0.2889733840304182, 1.946768060836502, 32.0,
200, 1.3511111111111112, 2.2755555555555556, 5.404444444444445, 0.5779467680608364, 1.946768060836502, 32.0,
201, 1.3481152993348116, 2.270509977827051, 5.392461197339246, 0.5779467680608364, 3.893536121673004, 32.0,
202, 2.7022222222222223, 4.551111111111111, 5.404444444444445, 1.155893536121673, 3.893536121673004, 32.0,
203, 2.696230598669623, 4.541019955654102, 5.392461197339246, 1.155893536121673, 7.787072243346008, 32.0,
204, 5.404444444444445, 9.102222222222222, 5.404444444444445, 2.311787072243346, 7.787072243346008, 32.0,
205, 5.392461197339246, 9.082039911308204, 5.392461197339246, 2.311787072243346, 7.801904761904762, 32.0,
206, 5.392461197339246, 9.082039911308204, 5.392461197339246, 4.623574144486692, 7.801904761904762, 32.0,
207, 5.386489479512735, 9.071982281284606, 5.386489479512735, 4.623574144486692, 7.809342230695901, 32.0,
208, 5.383508577753182, 9.066961815163253, 5.383508577753182, 9.247148288973383, 8.928610354223434, 32.0,
209, 0.7048458149779736, 1.1277533039647578, 5.638766519823789, 0.3041825095057034, 0.973384030418251, 32.0,
210, 0.7032967032967034, 1.1252747252747253, 5.626373626373627, 0.3041825095057034, 1.946768060836502, 32.0,
211, 1.4096916299559472, 2.2555066079295156, 5.638766519823789, 0.6083650190114068, 1.946768060836502, 32.0,
212, 1.4065934065934067, 2.2505494505494505, 5.626373626373627, 0.6083650190114068, 3.893536121673004, 32.0,
213, 2.8193832599118944, 4.511013215859031, 5.638766519823789, 1.2167300380228137, 3.893536121673004, 32.0,
214, 2.8131868131868134, 4.501098901098901, 5.626373626373627, 1.2167300380228137, 7.787072243346008, 32.0,
215, 5.638766519823789, 9.022026431718063, 5.638766519823789, 2.4334600760456273, 7.787072243346008, 32.0,
216, 5.626373626373627, 9.002197802197802, 5.626373626373627, 2.4334600760456273, 7.801904761904762, 32.0,
217, 5.626373626373627, 9.002197802197802, 5.626373626373627, 4.866920152091255, 7.801904761904762, 32.0,
218, 5.620197585071351, 8.99231613611416, 5.620197585071351, 4.866920152091255, 7.809342230695901, 32.0,
219, 5.617114646187603, 8.987383433900165, 5.617114646187603, 9.73384030418251, 8.928610354223434, 32.0,
220, 0.7336244541484717, 1.1179039301310043, 5.868995633187773, 0.3193916349809886, 0.973384030418251, 32.0,
221, 0.7320261437908496, 1.1154684095860568, 5.856209150326797, 0.3193916349809886, 1.946768060836502, 32.0,
222, 1.4672489082969433, 2.2358078602620086, 5.868995633187773, 0.6387832699619772, 1.946768060836502, 32.0,
223, 1.4640522875816993, 2.2309368191721135, 5.856209150326797, 0.6387832699619772, 3.893536121673004, 32.0,
224, 2.9344978165938866, 4.471615720524017, 5.868995633187773, 1.2775665399239544, 3.893536121673004, 32.0,
225, 2.9281045751633985, 4.461873638344227, 5.856209150326797, 1.2775665399239544, 7.787072243346008, 32.0,
226, 5.868995633187773, 8.943231441048034, 5.868995633187773, 2.555133079847909, 7.787072243346008, 32.0,
227, 5.856209150326797, 8.923747276688454, 5.856209150326797, 2.555133079847909, 7.801904761904762, 32.0,
228, 5.856209150326797, 8.923747276688454, 5.856209150326797, 5.110266159695818, 7.801904761904762, 32.0,
229, 5.849836779107726, 8.914036996735582, 5.849836779107726, 5.110266159695818, 7.809342230695901, 32.0,
230, 5.846655791190865, 8.909189777052745, 5.846655791190865, 5.12, 8.928610354223434, 32.0,
231, 0.7619047619047619, 1.1082251082251082, 6.095238095238095, 0.33460076045627374, 0.973384030418251, 32.0,
232, 0.7602591792656588, 1.1058315334773219, 6.08207343412527, 0.33460076045627374, 1.946768060836502, 32.0,
233, 1.5238095238095237, 2.2164502164502164, 6.095238095238095, 0.6692015209125475, 1.946768060836502, 32.0,
234, 1.5205183585313176, 2.2116630669546438, 6.08207343412527, 0.6692015209125475, 3.893536121673004, 32.0,
235, 3.0476190476190474, 4.432900432900433, 6.095238095238095, 1.338403041825095, 3.893536121673004, 32.0,
236, 3.041036717062635, 4.4233261339092875, 6.08207343412527, 1.338403041825095, 7.787072243346008, 32.0,
237, 6.095238095238095, 8.865800865800866, 6.095238095238095, 2.67680608365019, 7.787072243346008, 32.0,
238, 6.08207343412527, 8.846652267818575, 6.08207343412527, 2.67680608365019, 7.801904761904762, 32.0,
239, 6.08207343412527, 8.846652267818575, 6.08207343412527, 5.35361216730038, 7.801904761904762, 32.0,
240, 6.075512405609493, 8.837108953613807, 6.075512405609493, 5.35361216730038, 7.809342230695901, 32.0,
241, 6.0722371967654984, 8.83234501347709, 6.0722371967654984, 5.363809523809524, 8.928610354223434, 32.0,
242, 0.7896995708154506, 1.0987124463519313, 6.317596566523605, 0.34980988593155893, 0.973384030418251, 32.0,
243, 0.7880085653104925, 1.0963597430406853, 6.30406852248394, 0.34980988593155893, 1.946768060836502, 32.0,
244, 1.5793991416309012, 2.1974248927038627, 6.317596566523605, 0.6996197718631179, 1.946768060836502, 32.0,
245, 1.576017130620985, 2.1927194860813706, 6.30406852248394, 0.6996197718631179, 3.893536121673004, 32.0,
246, 3.1587982832618025, 4.394849785407725, 6.317596566523605, 1.3992395437262357, 3.893536121673004, 32.0,
247, 3.15203426124197, 4.385438972162741, 6.30406852248394, 1.3992395437262357, 7.787072243346008, 32.0,
248, 6.317596566523605, 8.78969957081545, 6.317596566523605, 2.7984790874524714, 7.787072243346008, 32.0,
249, 6.30406852248394, 8.770877944325482, 6.30406852248394, 2.7984790874524714, 7.801904761904762, 32.0,
250, 6.30406852248394, 8.770877944325482, 6.30406852248394, 5.596958174904943, 7.801904761904762, 32.0,
251, 6.297326203208556, 8.761497326203209, 6.297326203208556, 5.596958174904943, 7.809342230695901, 32.0,
252, 6.293960448957777, 8.756814537680384, 6.293960448957777, 5.607619047619048, 8.928610354223434, 32.0,
253, 0.8170212765957446, 1.0893617021276596, 6.536170212765957, 0.3650190114068441, 0.973384030418251, 32.0,
254, 0.8152866242038217, 1.0870488322717622, 6.522292993630574, 0.3650190114068441, 1.946768060836502, 32.0,
255, 1.6340425531914893, 2.178723404255319, 6.536170212765957, 0.7300380228136882, 1.946768060836502, 32.0,
256, 1.6305732484076434, 2.1740976645435244, 6.522292993630574, 0.7300380228136882, 3.893536121673004, 32.0,
257, 3.2680851063829786, 4.357446808510638, 6.536170212765957, 1.4600760456273765, 3.893536121673004, 32.0,
258, 3.261146496815287, 4.348195329087049, 6.522292993630574, 1.4600760456273765, 7.787072243346008, 32.0,
259, 6.536170212765957, 8.714893617021277, 6.536170212765957, 2.920152091254753, 7.787072243346008, 32.0,
260, 6.522292993630574, 8.696390658174098, 6.522292993630574, 2.920152091254753, 7.801904761904762, 32.0,
261, 6.522292993630574, 8.696390658174098, 6.522292993630574, 5.840304182509506, 7.801904761904762, 32.0,
262, 6.515376458112407, 8.687168610816544, 6.515376458112407, 5.840304182509506, 7.809342230695901, 32.0,
263, 6.511923688394277, 8.682564917859036, 6.511923688394277, 5.851428571428571, 8.928610354223434, 32.0,
264, 0.8438818565400844, 1.080168776371308, 6.751054852320675, 0.38022813688212925, 0.973384030418251, 32.0,
265, 0.8421052631578947, 1.0778947368421052, 6.7368421052631575, 0.38022813688212925, 1.946768060836502, 32.0,
266, 1.6877637130801688, 2.160337552742616, 6.751054852320675, 0.7604562737642585, 1.946768060836502, 32.0,
267, 1.6842105263157894, 2.1557894736842105, 6.7368421052631575, 0.7604562737642585, 3.893536121673004, 32.0,
268, 3.3755274261603376, 4.320675105485232, 6.751054852320675, 1.520912547528517, 3.893536121673004, 32.0,
269, 3.3684210526315788, 4.311578947368421, 6.7368421052631575, 1.520912547528517, 7.787072243346008, 32.0,
270, 6.751054852320675, 8.641350210970463, 6.751054852320675, 3.041825095057034, 7.787072243346008, 32.0,
271, 6.7368421052631575, 8.623157894736842, 6.7368421052631575, 3.041825095057034, 7.801904761904762, 32.0,
272, 6.7368421052631575, 8.623157894736842, 6.7368421052631575, 6.083650190114068, 7.801904761904762, 32.0,
273, 6.729758149316509, 8.614090431125131, 6.729758149316509, 6.083650190114068, 7.809342230695901, 32.0,
274, 6.726221755123489, 8.609563846558066, 6.726221755123489, 6.095238095238095, 8.928610354223434, 32.0,
275, 0.8702928870292888, 1.0711297071129706, 6.96234309623431, 0.39543726235741444, 0.973384030418251, 32.0,
276, 0.8684759916492694, 1.068893528183716, 6.947807933194155, 0.39543726235741444, 1.946768060836502, 32.0,
277, 1.7405857740585775, 2.1422594142259412, 6.96234309623431, 0.7908745247148289, 1.946768060836502, 32.0,
278, 1.7369519832985387, 2.137787056367432, 6.947807933194155, 0.7908745247148289, 3.893536121673004, 32.0,
279, 3.481171548117155, 4.2845188284518825, 6.96234309623431, 1.5817490494296578, 3.893536121673004, 32.0,
280, 3.4739039665970775, 4.275574112734864, 6.947807933194155, 1.5817490494296578, 7.787072243346008, 32.0,
281, 6.96234309623431, 8.569037656903765, 6.96234309623431, 3.1634980988593155, 7.787072243346008, 32.0,
282, 6.947807933194155, 8.551148225469728, 6.947807933194155, 3.1634980988593155, 7.801904761904762, 32.0,
283, 6.947807933194155, 8.551148225469728, 6.947807933194155, 6.326996197718631, 7.801904761904762, 32.0,
284, 6.940563086548488, 8.5422314911366, 6.940563086548488, 6.326996197718631, 7.809342230695901, 32.0,
285, 6.936946326211569, 8.537780093798853, 6.936946326211569, 6.339047619047619, 8.928610354223434, 32.0,
286, 0.8962655601659751, 1.062240663900415, 7.170124481327801, 0.41064638783269963, 0.973384030418251, 32.0,
287, 0.8944099378881988, 1.060041407867495, 7.15527950310559, 0.41064638783269963, 1.946768060836502, 32.0,
288, 1.7925311203319503, 2.12448132780083, 7.170124481327801, 0.8212927756653993, 1.946768060836502, 32.0,
289, 1.7888198757763976, 2.12008281573499, 7.15527950310559, 0.8212927756653993, 3.893536121673004, 32.0,
290, 3.5850622406639006, 4.24896265560166, 7.170124481327801, 1.6425855513307985, 3.893536121673004, 32.0,
291, 3.577639751552795, 4.24016563146998, 7.15527950310559, 1.6425855513307985, 7.787072243346008, 32.0,
292, 7.170124481327801, 8.49792531120332, 7.170124481327801, 3.285171102661597, 7.787072243346008, 32.0,
293, 7.15527950310559, 8.48033126293996, 7.15527950310559, 3.285171102661597, 7.801904761904762, 32.0,
294, 7.15527950310559, 8.48033126293996, 7.15527950310559, 6.570342205323194, 7.801904761904762, 32.0,
295, 7.147880041365046, 8.471561530506722, 7.147880041365046, 6.570342205323194, 7.809342230695901, 32.0,
296, 7.144186046511628, 8.467183462532299, 7.144186046511628, 6.582857142857143, 8.928610354223434, 32.0,
297, 0.9218106995884774, 1.0534979423868314, 7.374485596707819, 0.42585551330798477, 0.973384030418251, 32.0,
298, 0.919917864476386, 1.051334702258727, 7.359342915811088, 0.42585551330798477, 1.946768060836502, 32.0,
299, 1.8436213991769548, 2.1069958847736627, 7.374485596707819, 0.8517110266159695, 1.946768060836502, 32.0,
300, 1.839835728952772, 2.102669404517454, 7.359342915811088, 0.8517110266159695, 3.893536121673004, 32.0,
301, 3.6872427983539096, 4.2139917695473255, 7.374485596707819, 1.703422053231939, 3.893536121673004, 32.0,
302, 3.679671457905544, 4.205338809034908, 7.359342915811088, 1.703422053231939, 7.787072243346008, 32.0,
303, 7.374485596707819, 8.427983539094651, 7.374485596707819, 3.406844106463878, 7.787072243346008, 32.0,
304, 7.359342915811088, 8.410677618069816, 7.359342915811088, 3.406844106463878, 7.801904761904762, 32.0,
305, 7.359342915811088, 8.410677618069816, 7.359342915811088, 6.813688212927756, 7.801904761904762, 32.0,
306, 7.351794871794872, 8.402051282051282, 7.351794871794872, 6.813688212927756, 7.809342230695901, 32.0,
307, 7.348026652998462, 8.397744746283957, 7.348026652998462, 6.826666666666667, 8.928610354223434, 32.0,
308, 0.9469387755102041, 1.0448979591836736, 7.575510204081633, 0.44106463878326996, 0.973384030418251, 32.0,
309, 0.945010183299389, 1.0427698574338085, 7.560081466395112, 0.44106463878326996, 1.946768060836502, 32.0,
310, 1.8938775510204082, 2.089795918367347, 7.575510204081633, 0.8821292775665399, 1.946768060836502, 32.0,
311, 1.890020366598778, 2.085539714867617, 7.560081466395112, 0.8821292775665399, 3.893536121673004, 32.0,
312, 3.7877551020408164, 4.179591836734694, 7.575510204081633, 1.7642585551330798, 3.893536121673004, 32.0,
313, 3.780040733197556, 4.171079429735234, 7.560081466395112, 1.7642585551330798, 7.787072243346008, 32.0,
314, 7.575510204081633, 8.359183673469389, 7.575510204081633, 3.5285171102661597, 7.787072243346008, 32.0,
315, 7.560081466395112, 8.342158859470468, 7.560081466395112, 3.5285171102661597, 7.801904761904762, 32.0,
316, 7.560081466395112, 8.342158859470468, 7.560081466395112, 7.057034220532319, 7.801904761904762, 32.0,
317, 7.552390640895219, 8.333672431332655, 7.552390640895219, 7.057034220532319, 7.809342230695901, 32.0,
318, 7.548551093035079, 8.329435688866294, 7.548551093035079, 7.070476190476191, 8.928610354223434, 32.0,
319, 0.97165991902834, 1.0364372469635628, 7.77327935222672, 0.45627376425855515, 0.973384030418251, 32.0,
320, 0.9696969696969697, 1.0343434343434343, 7.757575757575758, 0.45627376425855515, 1.946768060836502, 32.0,
321, 1.94331983805668, 2.0728744939271255, 7.77327935222672, 0.9125475285171103, 1.946768060836502, 32.0,
322, 1.9393939393939394, 2.0686868686868687, 7.757575757575758, 0.9125475285171103, 3.893536121673004, 32.0,
323, 3.88663967611336, 4.145748987854251, 7.77327935222672, 1.8250950570342206, 3.893536121673004, 32.0,
324, 3.878787878787879, 4.137373737373737, 7.757575757575758, 1.8250950570342206, 7.787072243346008, 32.0,
325, 7.77327935222672, 8.291497975708502, 7.77327935222672, 3.650190114068441, 7.787072243346008, 32.0,
326, 7.757575757575758, 8.274747474747475, 7.757575757575758, 3.650190114068441, 7.801904761904762, 32.0,
327, 7.757575757575758, 8.274747474747475, 7.757575757575758, 7.300380228136882, 7.801904761904762, 32.0,
328, 7.749747729566095, 8.266397578203835, 7.749747729566095, 7.300380228136882, 7.809342230695901, 32.0,
329, 7.745839636913767, 8.262228946041352, 7.745839636913767, 7.314285714285714, 8.928610354223434, 32.0,
330, 0.9959839357429718, 1.0281124497991967, 7.967871485943775, 0.4714828897338403, 0.973384030418251, 32.0,
331, 0.9939879759519038, 1.0260521042084167, 7.95190380761523, 0.4714828897338403, 1.946768060836502, 32.0,
332, 1.9919678714859437, 2.0562248995983934, 7.967871485943775, 0.9429657794676806, 1.946768060836502, 32.0,
333, 1.9879759519038076, 2.0521042084168335, 7.95190380761523, 0.9429657794676806, 3.893536121673004, 32.0,
334, 3.9839357429718874, 4.112449799196787, 7.967871485943775, 1.8859315589353611, 3.893536121673004, 32.0,
335, 3.975951903807615, 4.104208416833667, 7.95190380761523, 1.8859315589353611, 7.787072243346008, 32.0,
336, 7.967871485943775, 8.224899598393574, 7.967871485943775, 3.7718631178707223, 7.787072243346008, 32.0,
337, 7.95190380761523, 8.208416833667334, 7.95190380761523, 3.7718631178707223, 7.801904761904762, 32.0,
338, 7.95190380761523, 8.208416833667334, 7.95190380761523, 7.5437262357414445, 7.801904761904762, 32.0,
339, 7.943943943943944, 8.2002002002002, 7.943943943943944, 7.5437262357414445, 7.809342230695901, 32.0,
340, 7.939969984992496, 8.196098049024512, 7.939969984992496, 7.558095238095238, 8.928610354223434, 32.0,
341, 1.0199203187250996, 1.0199203187250996, 8.159362549800797, 0.4866920152091255, 0.973384030418251, 32.0,
342, 1.0178926441351888, 1.0178926441351888, 8.14314115308151, 0.4866920152091255, 1.946768060836502, 32.0,
343, 2.039840637450199, 2.039840637450199, 8.159362549800797, 0.973384030418251, 1.946768060836502, 32.0,
344, 2.0357852882703775, 2.0357852882703775, 8.14314115308151, 0.973384030418251, 3.893536121673004, 32.0,
345, 4.079681274900398, 4.079681274900398, 8.159362549800797, 1.946768060836502, 3.893536121673004, 32.0,
346, 4.071570576540755, 4.071570576540755, 8.14314115308151, 1.946768060836502, 7.787072243346008, 32.0,
347, 8.159362549800797, 8.159362549800797, 8.159362549800797, 3.893536121673004, 7.787072243346008, 32.0,
348, 8.14314115308151, 8.14314115308151, 8.14314115308151, 3.893536121673004, 7.801904761904762, 32.0,
349, 8.14314115308151, 8.14314115308151, 8.14314115308151, 7.787072243346008, 7.801904761904762, 32.0,
350, 8.135054617676266, 8.135054617676266, 8.135054617676266, 7.787072243346008, 7.809342230695901, 32.0,
351, 8.131017369727047, 8.131017369727047, 8.131017369727047, 7.801904761904762, 8.928610354223434, 32.0,
352, 1.0434782608695652, 1.0118577075098814, 8.347826086956522, 0.5019011406844106, 0.973384030418251, 32.0,
353, 1.0414201183431953, 1.009861932938856, 8.331360946745562, 0.5019011406844106, 1.946768060836502, 32.0,
354, 2.0869565217391304, 2.0237154150197627, 8.347826086956522, 1.0038022813688212, 1.946768060836502, 32.0,
355, 2.0828402366863905, 2.019723865877712, 8.331360946745562, 1.0038022813688212, 3.893536121673004, 32.0,
356, 4.173913043478261, 4.047430830039525, 8.347826086956522, 2.0076045627376424, 3.893536121673004, 32.0,
357, 4.165680473372781, 4.039447731755424, 8.331360946745562, 2.0076045627376424, 7.787072243346008, 32.0,
358, 8.347826086956522, 8.09486166007905, 8.347826086956522, 4.015209125475285, 7.787072243346008, 32.0,
359, 8.331360946745562, 8.078895463510849, 8.331360946745562, 4.015209125475285, 7.801904761904762, 32.0,
360, 8.331360946745562, 8.078895463510849, 8.331360946745562, 8.03041825095057, 7.801904761904762, 32.0,
361, 8.323152709359606, 8.070935960591132, 8.323152709359606, 8.03041825095057, 7.809342230695901, 32.0,
362, 8.319054652880354, 8.066962087641556, 8.319054652880354, 8.045714285714286, 8.928610354223434, 32.0,
363, 1.0666666666666667, 1.003921568627451, 8.533333333333333, 0.5171102661596958, 0.973384030418251, 32.0,
364, 1.0645792563600782, 1.0019569471624266, 8.516634050880626, 0.5171102661596958, 1.946768060836502, 32.0,
365, 2.1333333333333333, 2.007843137254902, 8.533333333333333, 1.0342205323193916, 1.946768060836502, 32.0,
366, 2.1291585127201564, 2.003913894324853, 8.516634050880626, 1.0342205323193916, 3.893536121673004, 32.0,
367, 4.266666666666667, 4.015686274509804, 8.533333333333333, 2.068441064638783, 3.893536121673004, 32.0,
368, 4.258317025440313, 4.007827788649706, 8.516634050880626, 2.068441064638783, 7.787072243346008, 32.0,
369, 8.533333333333333, 8.031372549019608, 8.533333333333333, 4.136882129277566, 7.787072243346008, 32.0,
370, 8.516634050880626, 8.015655577299412, 8.516634050880626, 4.136882129277566, 7.801904761904762, 32.0,
371, 8.516634050880626, 8.015655577299412, 8.516634050880626, 8.273764258555133, 7.801904761904762, 32.0,
372, 8.50830889540567, 8.007820136852395, 8.50830889540567, 8.273764258555133, 7.809342230695901, 32.0,
373, 8.504152418172936, 8.00390815828041, 8.504152418172936, 8.289523809523809, 8.928610354223434, 32.0,
374, 1.0894941634241244, 0.9961089494163424, 8.715953307392995, 0.532319391634981, 0.973384030418251, 32.0,
375, 1.087378640776699, 0.9941747572815534, 8.699029126213592, 0.532319391634981, 1.946768060836502, 32.0,
376, 2.178988326848249, 1.9922178988326849, 8.715953307392995, 1.064638783269962, 1.946768060836502, 32.0,
377, 2.174757281553398, 1.9883495145631067, 8.699029126213592, 1.064638783269962, 3.893536121673004, 32.0,
378, 4.357976653696498, 3.9844357976653697, 8.715953307392995, 2.129277566539924, 3.893536121673004, 32.0,
379, 4.349514563106796, 3.9766990291262134, 8.699029126213592, 2.129277566539924, 7.787072243346008, 32.0,
380, 8.715953307392995, 7.968871595330739, 8.715953307392995, 4.258555133079848, 7.787072243346008, 32.0,
381, 8.699029126213592, 7.953398058252427, 8.699029126213592, 4.258555133079848, 7.801904761904762, 32.0,
382, 8.699029126213592, 7.953398058252427, 8.699029126213592, 8.517110266159696, 7.801904761904762, 32.0,
383, 8.6905916585839, 7.945683802133851, 8.6905916585839, 8.517110266159696, 7.809342230695901, 32.0,
384, 8.68637905962191, 7.941832283082889, 8.68637905962191, 8.533333333333333, 8.928610354223434, 32.0,
385, 1.111969111969112, 0.9884169884169884, 8.895752895752896, 0.5475285171102662, 0.973384030418251, 32.0,
386, 1.1098265895953756, 0.9865125240847784, 8.878612716763005, 0.5475285171102662, 1.946768060836502, 32.0,
387, 2.223938223938224, 1.9768339768339769, 8.895752895752896, 1.0950570342205324, 1.946768060836502, 32.0,
388, 2.2196531791907512, 1.9730250481695568, 8.878612716763005, 1.0950570342205324, 3.893536121673004, 32.0,
389, 4.447876447876448, 3.9536679536679538, 8.895752895752896, 2.1901140684410647, 3.893536121673004, 32.0,
390, 4.4393063583815024, 3.9460500963391136, 8.878612716763005, 2.1901140684410647, 7.787072243346008, 32.0,
391, 8.895752895752896, 7.9073359073359075, 8.895752895752896, 4.380228136882129, 7.787072243346008, 32.0,
392, 8.878612716763005, 7.892100192678227, 8.878612716763005, 4.380228136882129, 7.801904761904762, 32.0,
393, 8.878612716763005, 7.892100192678227, 8.878612716763005, 8.760456273764259, 7.801904761904762, 32.0,
394, 8.870067372473532, 7.884504331087585, 8.870067372473532, 8.760456273764259, 7.809342230695901, 32.0,
395, 8.865800865800866, 7.880711880711881, 8.865800865800866, 8.777142857142858, 8.928610354223434, 32.0,
396, 1.1340996168582376, 0.9808429118773946, 9.0727969348659, 0.5627376425855514, 0.973384030418251, 32.0,
397, 1.1319311663479923, 0.9789674952198852, 9.055449330783938, 0.5627376425855514, 1.946768060836502, 32.0,
398, 2.268199233716475, 1.9616858237547892, 9.0727969348659, 1.1254752851711027, 1.946768060836502, 32.0,
399, 2.2638623326959846, 1.9579349904397705, 9.055449330783938, 1.1254752851711027, 3.893536121673004, 32.0,
400, 4.53639846743295, 3.9233716475095783, 9.0727969348659, 2.2509505703422055, 3.893536121673004, 32.0,
401, 4.527724665391969, 3.915869980879541, 9.055449330783938, 2.2509505703422055, 7.787072243346008, 32.0,
402, 9.0727969348659, 7.846743295019157, 9.0727969348659, 4.501901140684411, 7.787072243346008, 32.0,
403, 9.055449330783938, 7.831739961759082, 9.055449330783938, 4.501901140684411, 7.801904761904762, 32.0,
404, 9.055449330783938, 7.831739961759082, 9.055449330783938, 9.003802281368822, 7.801904761904762, 32.0,
405, 9.046800382043935, 7.8242597898758355, 9.046800382043935, 9.003802281368822, 7.809342230695901, 32.0,
406, 9.042482100238663, 7.820525059665871, 9.042482100238663, 9.02095238095238, 8.928610354223434, 32.0,
407, 1.155893536121673, 0.973384030418251, 9.247148288973383, 0.5779467680608364, 0.973384030418251, 32.0,
408, 1.1537001897533208, 0.9715370018975332, 9.229601518026566, 0.5779467680608364, 1.946768060836502, 32.0,
409, 2.311787072243346, 1.946768060836502, 9.247148288973383, 1.155893536121673, 1.946768060836502, 32.0,
410, 2.3074003795066416, 1.9430740037950665, 9.229601518026566, 1.155893536121673, 3.893536121673004, 32.0,
411, 4.623574144486692, 3.893536121673004, 9.247148288973383, 2.311787072243346, 3.893536121673004, 32.0,
412, 4.614800759013283, 3.886148007590133, 9.229601518026566, 2.311787072243346, 7.787072243346008, 32.0,
413, 9.247148288973383, 7.787072243346008, 9.247148288973383, 4.623574144486692, 7.787072243346008, 32.0,
414, 9.229601518026566, 7.772296015180266, 9.229601518026566, 4.623574144486692, 7.801904761904762, 32.0,
415, 9.229601518026566, 7.772296015180266, 9.229601518026566, 9.247148288973383, 7.801904761904762, 32.0,
416, 9.22085308056872, 7.764928909952607, 9.22085308056872, 9.247148288973383, 7.809342230695901, 32.0,
417, 9.216485078162009, 7.761250592136428, 9.216485078162009, 9.264761904761905, 8.928610354223434, 32.0,
418, 1.1773584905660377, 0.9660377358490566, 9.418867924528302, 0.5931558935361216, 0.973384030418251, 32.0,
419, 1.1751412429378532, 0.9642184557438794, 9.401129943502825, 0.5931558935361216, 1.946768060836502, 32.0,
420, 2.3547169811320754, 1.9320754716981132, 9.418867924528302, 1.1863117870722433, 1.946768060836502, 32.0,
421, 2.3502824858757063, 1.9284369114877589, 9.401129943502825, 1.1863117870722433, 3.893536121673004, 32.0,
422, 4.709433962264151, 3.8641509433962264, 9.418867924528302, 2.3726235741444865, 3.893536121673004, 32.0,
423, 4.700564971751413, 3.8568738229755177, 9.401129943502825, 2.3726235741444865, 7.787072243346008, 32.0,
424, 9.418867924528302, 7.728301886792453, 9.418867924528302, 4.745247148288973, 7.787072243346008, 32.0,
425, 9.401129943502825, 7.7137476459510355, 9.401129943502825, 4.745247148288973, 7.801904761904762, 32.0,
426, 9.401129943502825, 7.7137476459510355, 9.401129943502825, 9.490494296577946, 7.801904761904762, 32.0,
427, 9.392285983066792, 7.706491063029163, 9.392285983066792, 9.490494296577946, 7.809342230695901, 32.0,
428, 9.38787023977433, 7.702867889045604, 9.38787023977433, 9.508571428571429, 8.928610354223434, 32.0,
429, 1.198501872659176, 0.9588014981273408, 9.588014981273409, 0.6083650190114068, 0.973384030418251, 32.0,
430, 1.1962616822429906, 0.9570093457943926, 9.570093457943925, 0.6083650190114068, 1.946768060836502, 32.0,
431, 2.397003745318352, 1.9176029962546817, 9.588014981273409, 1.2167300380228137, 1.946768060836502, 32.0,
432, 2.392523364485981, 1.9140186915887851, 9.570093457943925, 1.2167300380228137, 3.893536121673004, 32.0,
433, 4.794007490636704, 3.8352059925093633, 9.588014981273409, 2.4334600760456273, 3.893536121673004, 32.0,
434, 4.785046728971962, 3.8280373831775703, 9.570093457943925, 2.4334600760456273, 7.787072243346008, 32.0,
435, 9.588014981273409, 7.670411985018727, 9.588014981273409, 4.866920152091255, 7.787072243346008, 32.0,
436, 9.570093457943925, 7.6560747663551405, 9.570093457943925, 4.866920152091255, 7.801904761904762, 32.0,
437, 9.570093457943925, 7.6560747663551405, 9.570093457943925, 9.73384030418251, 7.801904761904762, 32.0,
438, 9.561157796451914, 7.648926237161532, 9.561157796451914, 9.73384030418251, 7.809342230695901, 32.0,
439, 9.556696220251983, 7.645356976201587, 9.556696220251983, 9.752380952380953, 8.928610354223434, 32.0,
440, 1.2193308550185873, 0.9516728624535316, 9.754646840148698, 0.623574144486692, 0.973384030418251, 32.0,
441, 1.217068645640074, 0.9499072356215214, 9.736549165120593, 0.623574144486692, 1.946768060836502, 32.0,
442, 2.4386617100371746, 1.903345724907063, 9.754646840148698, 1.247148288973384, 1.946768060836502, 32.0,
443, 2.434137291280148, 1.8998144712430427, 9.736549165120593, 1.247148288973384, 3.893536121673004, 32.0,
444, 4.877323420074349, 3.806691449814126, 9.754646840148698, 2.494296577946768, 3.893536121673004, 32.0,
445, 4.868274582560296, 3.7996289424860854, 9.736549165120593, 2.494296577946768, 7.787072243346008, 32.0,
446, 9.754646840148698, 7.613382899628252, 9.754646840148698, 4.988593155893536, 7.787072243346008, 32.0,
447, 9.736549165120593, 7.599257884972171, 9.736549165120593, 4.988593155893536, 7.801904761904762, 32.0,
448, 9.736549165120593, 7.599257884972171, 9.736549165120593, 4.998095238095238, 7.801904761904762, 32.0,
449, 9.727525486561632, 7.592215013901761, 9.727525486561632, 4.998095238095238, 7.809342230695901, 32.0,
450, 9.723019916628068, 7.58869847151459, 9.723019916628068, 6.668360864040661, 8.928610354223434, 32.0,
451, 1.2398523985239853, 0.9446494464944649, 9.918819188191883, 0.6387832699619772, 0.973384030418251, 32.0,
452, 1.2375690607734806, 0.9429097605893186, 9.900552486187845, 0.6387832699619772, 1.946768060836502, 32.0,
453, 2.4797047970479706, 1.8892988929889298, 9.918819188191883, 1.2775665399239544, 1.946768060836502, 32.0,
454, 2.4751381215469612, 1.8858195211786373, 9.900552486187845, 1.2775665399239544, 3.893536121673004, 32.0,
455, 4.959409594095941, 3.7785977859778597, 9.918819188191883, 2.555133079847909, 3.893536121673004, 32.0,
456, 4.9502762430939224, 3.7716390423572745, 9.900552486187845, 2.555133079847909, 7.787072243346008, 32.0,
457, 9.918819188191883, 7.557195571955719, 9.918819188191883, 5.110266159695818, 7.787072243346008, 32.0,
458, 9.900552486187845, 7.543278084714549, 9.900552486187845, 5.110266159695818, 7.801904761904762, 32.0,
459, 9.900552486187845, 7.543278084714549, 9.900552486187845, 5.12, 7.801904761904762, 32.0,
460, 9.891444342226311, 7.536338546458142, 9.891444342226311, 5.12, 7.809342230695901, 32.0,
461, 9.886896551724139, 7.5328735632183905, 9.886896551724139, 6.8310038119440915, 8.928610354223434, 32.0,
462, 1.26007326007326, 0.9377289377289377, 10.08058608058608, 0.6539923954372624, 0.973384030418251, 32.0,
463, 1.2577696526508226, 0.9360146252285192, 10.062157221206581, 0.6539923954372624, 1.946768060836502, 32.0,
464, 2.52014652014652, 1.8754578754578755, 10.08058608058608, 1.3079847908745248, 1.946768060836502, 32.0,
465, 2.5155393053016453, 1.8720292504570384, 10.062157221206581, 1.3079847908745248, 3.893536121673004, 32.0,
466, 5.04029304029304, 3.750915750915751, 10.08058608058608, 2.6159695817490496, 3.893536121673004, 32.0,
467, 5.0310786106032905, 3.7440585009140768, 10.062157221206581, 2.6159695817490496, 7.787072243346008, 32.0,
468, 10.08058608058608, 7.501831501831502, 10.08058608058608, 5.231939163498099, 7.787072243346008, 32.0,
469, 10.062157221206581, 7.4881170018281535, 10.062157221206581, 5.231939163498099, 7.801904761904762, 32.0,
470, 10.062157221206581, 7.4881170018281535, 10.062157221206581, 5.241904761904762, 7.801904761904762, 32.0,
471, 10.05296803652968, 7.481278538812785, 10.05296803652968, 5.241904761904762, 7.809342230695901, 32.0,
472, 10.048379735280694, 7.477863989046098, 10.048379735280694, 6.993646759847522, 8.928610354223434, 32.0,
473, 1.28, 0.9309090909090909, 10.24, 0.6692015209125475, 0.973384030418251, 32.0,
474, 1.2776769509981851, 0.9292196007259528, 10.221415607985481, 0.6692015209125475, 1.946768060836502, 32.0,
475, 2.56, 1.8618181818181818, 10.24, 1.338403041825095, 1.946768060836502, 32.0,
476, 2.5553539019963702, 1.8584392014519056, 10.221415607985481, 1.338403041825095, 3.893536121673004, 32.0,
477, 5.12, 3.7236363636363636, 10.24, 2.67680608365019, 3.893536121673004, 32.0,
478, 5.1107078039927405, 3.716878402903811, 10.221415607985481, 2.67680608365019, 7.787072243346008, 32.0,
479, 10.24, 7.447272727272727, 10.24, 5.35361216730038, 7.787072243346008, 32.0,
480, 10.221415607985481, 7.433756805807622, 10.221415607985481, 5.35361216730038, 7.801904761904762, 32.0,
481, 10.221415607985481, 7.433756805807622, 10.221415607985481, 5.363809523809524, 7.801904761904762, 32.0,
482, 10.212148685403445, 7.42701722574796, 10.212148685403445, 5.363809523809524, 7.809342230695901, 32.0,
483, 10.207521522428635, 7.423652016311736, 10.207521522428635, 7.156289707750953, 8.928610354223434, 32.0,
484, 1.2996389891696751, 0.924187725631769, 10.397111913357401, 0.6844106463878327, 0.973384030418251, 32.0,
485, 1.2972972972972974, 0.9225225225225225, 10.378378378378379, 0.6844106463878327, 1.946768060836502, 32.0,
486, 2.5992779783393503, 1.848375451263538, 10.397111913357401, 1.3688212927756653, 1.946768060836502, 32.0,
487, 2.5945945945945947, 1.845045045045045, 10.378378378378379, 1.3688212927756653, 3.893536121673004, 32.0,
488, 5.1985559566787005, 3.696750902527076, 10.397111913357401, 2.7376425855513307, 3.893536121673004, 32.0,
489, 5.1891891891891895, 3.69009009009009, 10.378378378378379, 2.7376425855513307, 7.787072243346008, 32.0,
490, 10.397111913357401, 7.393501805054152, 10.397111913357401, 5.475285171102661, 7.787072243346008, 32.0,
491, 10.378378378378379, 7.38018018018018, 10.378378378378379, 5.475285171102661, 7.801904761904762, 32.0,
492, 10.378378378378379, 7.38018018018018, 10.378378378378379, 5.485714285714286, 7.801904761904762, 32.0,
493, 10.369036903690368, 7.373537353735373, 10.369036903690368, 5.485714285714286, 7.809342230695901, 32.0,
494, 10.364372469635628, 7.370220422852002, 10.364372469635628, 7.3189326556543834, 8.928610354223434, 32.0,
495, 1.3189964157706093, 0.9175627240143369, 10.551971326164875, 0.6996197718631179, 0.973384030418251, 32.0,
496, 1.3166368515205724, 0.9159212880143113, 10.53309481216458, 0.6996197718631179, 1.946768060836502, 32.0,
497, 2.6379928315412187, 1.8351254480286738, 10.551971326164875, 1.3992395437262357, 1.946768060836502, 32.0,
498, 2.633273703041145, 1.8318425760286225, 10.53309481216458, 1.3992395437262357, 3.893536121673004, 32.0,
499, 5.275985663082437, 3.6702508960573477, 10.551971326164875, 2.7984790874524714, 3.893536121673004, 32.0,
500, 5.26654740608229, 3.663685152057245, 10.53309481216458, 2.7984790874524714, 7.787072243346008, 32.0,
501, 10.551971326164875, 7.340501792114695, 10.551971326164875, 5.596958174904943, 7.787072243346008, 32.0,
502, 10.53309481216458, 7.32737030411449, 10.53309481216458, 5.596958174904943, 7.801904761904762, 32.0,
503, 10.53309481216458, 7.32737030411449, 10.53309481216458, 5.607619047619048, 7.801904761904762, 32.0,
504, 10.523681858802503, 7.320822162645219, 10.523681858802503, 5.607619047619048, 7.809342230695901, 32.0,
505, 10.518981688253685, 7.317552478785172, 10.518981688253685, 7.481575603557815, 8.928610354223434, 32.0,
506, 1.3380782918149465, 0.9110320284697508, 10.704626334519572, 0.714828897338403, 0.973384030418251, 32.0,
507, 1.3357015985790408, 0.9094138543516874, 10.685612788632326, 0.714828897338403, 1.946768060836502, 32.0,
508, 2.676156583629893, 1.8220640569395017, 10.704626334519572, 1.429657794676806, 1.946768060836502, 32.0,
509, 2.6714031971580816, 1.8188277087033748, 10.685612788632326, 1.429657794676806, 3.893536121673004, 32.0,
510, 5.352313167259786, 3.6441281138790034, 10.704626334519572, 2.859315589353612, 3.893536121673004, 32.0,
511, 5.342806394316163, 3.6376554174067497, 10.685612788632326, 2.859315589353612, 7.787072243346008, 32.0,
512, 10.704626334519572, 7.288256227758007, 10.704626334519572, 5.718631178707224, 7.787072243346008, 32.0,
513, 10.685612788632326, 7.275310834813499, 10.685612788632326, 5.718631178707224, 7.801904761904762, 32.0,
514, 10.685612788632326, 7.275310834813499, 10.685612788632326, 5.729523809523809, 7.801904761904762, 32.0,
515, 10.676131322094054, 7.2688553682342505, 10.676131322094054, 5.729523809523809, 7.809342230695901, 32.0,
516, 10.67139689578714, 7.265631929046563, 10.67139689578714, 7.644218551461245, 8.928610354223434, 32.0,
517, 1.3568904593639577, 0.9045936395759717, 10.855123674911662, 0.7300380228136882, 0.973384030418251, 32.0,
518, 1.3544973544973544, 0.9029982363315696, 10.835978835978835, 0.7300380228136882, 1.946768060836502, 32.0,
519, 2.7137809187279154, 1.8091872791519434, 10.855123674911662, 1.4600760456273765, 1.946768060836502, 32.0,
520, 2.708994708994709, 1.8059964726631392, 10.835978835978835, 1.4600760456273765, 3.893536121673004, 32.0,
521, 5.427561837455831, 3.618374558303887, 10.855123674911662, 2.920152091254753, 3.893536121673004, 32.0,
522, 5.417989417989418, 3.6119929453262785, 10.835978835978835, 2.920152091254753, 7.787072243346008, 32.0,
523, 10.855123674911662, 7.236749116607774, 10.855123674911662, 5.840304182509506, 7.787072243346008, 32.0,
524, 10.835978835978835, 7.223985890652557, 10.835978835978835, 5.840304182509506, 7.801904761904762, 32.0,
525, 10.835978835978835, 7.223985890652557, 10.835978835978835, 5.851428571428571, 7.801904761904762, 32.0,
526, 10.826431718061674, 7.21762114537445, 10.826431718061674, 5.851428571428571, 7.809342230695901, 32.0,
527, 10.821664464993395, 7.214442976662263, 10.821664464993395, 7.806861499364676, 8.928610354223434, 32.0,
528, 1.3754385964912281, 0.8982456140350877, 11.003508771929825, 0.7452471482889734, 0.973384030418251, 32.0,
529, 1.3730297723292468, 0.8966725043782837, 10.984238178633975, 0.7452471482889734, 1.946768060836502, 32.0,
530, 2.7508771929824563, 1.7964912280701755, 11.003508771929825, 1.4904942965779469, 1.946768060836502, 32.0,
531, 2.7460595446584937, 1.7933450087565674, 10.984238178633975, 1.4904942965779469, 3.893536121673004, 32.0,
532, 5.5017543859649125, 3.592982456140351, 11.003508771929825, 2.9809885931558937, 3.893536121673004, 32.0,
533, 5.492119089316987, 3.586690017513135, 10.984238178633975, 2.9809885931558937, 7.787072243346008, 32.0,
534, 11.003508771929825, 7.185964912280702, 11.003508771929825, 5.961977186311787, 7.787072243346008, 32.0,
535, 10.984238178633975, 7.17338003502627, 10.984238178633975, 5.961977186311787, 7.801904761904762, 32.0,
536, 10.984238178633975, 7.17338003502627, 10.984238178633975, 5.973333333333334, 7.801904761904762, 32.0,
537, 10.974628171478566, 7.167104111986002, 10.974628171478566, 5.973333333333334, 7.809342230695901, 32.0,
538, 10.969829470922607, 7.163970266724967, 10.969829470922607, 7.969504447268107, 8.928610354223434, 32.0,
539, 1.3937282229965158, 0.89198606271777, 11.149825783972126, 0.7604562737642585, 0.973384030418251, 32.0,
540, 1.391304347826087, 0.8904347826086957, 11.130434782608695, 0.7604562737642585, 1.946768060836502, 32.0,
541, 2.7874564459930316, 1.78397212543554, 11.149825783972126, 1.520912547528517, 1.946768060836502, 32.0,
542, 2.782608695652174, 1.7808695652173914, 11.130434782608695, 1.520912547528517, 3.893536121673004, 32.0,
543, 5.574912891986063, 3.56794425087108, 11.149825783972126, 3.041825095057034, 3.893536121673004, 32.0,
544, 5.565217391304348, 3.5617391304347827, 11.130434782608695, 3.041825095057034, 7.787072243346008, 32.0,
545, 11.149825783972126, 7.13588850174216, 11.149825783972126, 6.083650190114068, 7.787072243346008, 32.0,
546, 11.130434782608695, 7.1234782608695655, 11.130434782608695, 6.083650190114068, 7.801904761904762, 32.0,
547, 11.130434782608695, 7.1234782608695655, 11.130434782608695, 6.095238095238095, 7.801904761904762, 32.0,
548, 11.120764552562989, 7.117289313640312, 11.120764552562989, 6.095238095238095, 7.809342230695901, 32.0,
549, 11.115935735996526, 7.114198871037777, 11.115935735996526, 8.132147395171538, 8.928610354223434, 32.0,
550, 1.411764705882353, 0.8858131487889274, 11.294117647058824, 0.7756653992395437, 0.973384030418251, 32.0,
551, 1.4093264248704662, 0.8842832469775475, 11.27461139896373, 0.7756653992395437, 1.946768060836502, 32.0,
552, 2.823529411764706, 1.7716262975778547, 11.294117647058824, 1.5513307984790874, 1.946768060836502, 32.0,
553, 2.8186528497409324, 1.768566493955095, 11.27461139896373, 1.5513307984790874, 3.893536121673004, 32.0,
554, 5.647058823529412, 3.5432525951557095, 11.294117647058824, 3.102661596958175, 3.893536121673004, 32.0,
555, 5.637305699481865, 3.53713298791019, 11.27461139896373, 3.102661596958175, 7.787072243346008, 32.0,
556, 11.294117647058824, 7.086505190311419, 11.294117647058824, 6.20532319391635, 7.787072243346008, 32.0,
557, 11.27461139896373, 7.07426597582038, 11.27461139896373, 6.20532319391635, 7.801904761904762, 32.0,
558, 11.27461139896373, 7.07426597582038, 11.27461139896373, 6.217142857142857, 7.801904761904762, 32.0,
559, 11.2648835202761, 7.068162208800691, 11.2648835202761, 6.217142857142857, 7.809342230695901, 32.0,
560, 11.260025873221217, 7.0651142733937045, 11.260025873221217, 8.294790343074968, 8.928610354223434, 32.0,
561, 1.429553264604811, 0.8797250859106529, 11.436426116838488, 0.7908745247148289, 0.973384030418251, 32.0,
562, 1.4271012006861064, 0.8782161234991424, 11.41680960548885, 0.7908745247148289, 1.946768060836502, 32.0,
563, 2.859106529209622, 1.7594501718213058, 11.436426116838488, 1.5817490494296578, 1.946768060836502, 32.0,
564, 2.8542024013722127, 1.7564322469982847, 11.41680960548885, 1.5817490494296578, 3.893536121673004, 32.0,
565, 5.718213058419244, 3.5189003436426116, 11.436426116838488, 3.1634980988593155, 3.893536121673004, 32.0,
566, 5.708404802744425, 3.5128644939965694, 11.41680960548885, 3.1634980988593155, 7.787072243346008, 32.0,
567, 11.436426116838488, 7.037800687285223, 11.436426116838488, 6.326996197718631, 7.787072243346008, 32.0,
568, 11.41680960548885, 7.025728987993139, 11.41680960548885, 6.326996197718631, 7.801904761904762, 32.0,
569, 11.41680960548885, 7.025728987993139, 11.41680960548885, 6.339047619047619, 7.801904761904762, 32.0,
570, 11.407026563838903, 7.019708654670095, 11.407026563838903, 6.339047619047619, 7.809342230695901, 32.0,
571, 11.402141327623127, 7.016702355460385, 11.402141327623127, 8.457433290978399, 8.928610354223434, 32.0,
572, 1.447098976109215, 0.8737201365187713, 11.57679180887372, 0.8060836501901141, 0.973384030418251, 32.0,
573, 1.444633730834753, 0.8722316865417377, 11.557069846678024, 0.8060836501901141, 1.946768060836502, 32.0,
574, 2.89419795221843, 1.7474402730375427, 11.57679180887372, 1.6121673003802282, 1.946768060836502, 32.0,
575, 2.889267461669506, 1.7444633730834753, 11.557069846678024, 1.6121673003802282, 3.893536121673004, 32.0,
576, 5.78839590443686, 3.4948805460750854, 11.57679180887372, 3.2243346007604563, 3.893536121673004, 32.0,
577, 5.778534923339012, 3.4889267461669506, 11.557069846678024, 3.2243346007604563, 7.787072243346008, 32.0,
578, 11.57679180887372, 6.989761092150171, 11.57679180887372, 6.448669201520913, 7.787072243346008, 32.0,
579, 11.557069846678024, 6.977853492333901, 11.557069846678024, 6.448669201520913, 7.801904761904762, 32.0,
580, 11.557069846678024, 6.977853492333901, 11.557069846678024, 6.460952380952381, 7.801904761904762, 32.0,
581, 11.54723404255319, 6.971914893617021, 11.54723404255319, 6.460952380952381, 7.809342230695901, 32.0,
582, 11.542322415993194, 6.968949383241174, 11.542322415993194, 8.620076238881829, 8.928610354223434, 32.0,
583, 1.464406779661017, 0.8677966101694915, 11.715254237288136, 0.8212927756653993, 0.973384030418251, 32.0,
584, 1.4619289340101522, 0.8663282571912013, 11.695431472081218, 0.8212927756653993, 1.946768060836502, 32.0,
585, 2.928813559322034, 1.735593220338983, 11.715254237288136, 1.6425855513307985, 1.946768060836502, 32.0,
586, 2.9238578680203045, 1.7326565143824026, 11.695431472081218, 1.6425855513307985, 3.893536121673004, 32.0,
587, 5.857627118644068, 3.471186440677966, 11.715254237288136, 3.285171102661597, 3.893536121673004, 32.0,
588, 5.847715736040609, 3.4653130287648053, 11.695431472081218, 3.285171102661597, 7.787072243346008, 32.0,
589, 11.715254237288136, 6.942372881355932, 11.715254237288136, 6.570342205323194, 7.787072243346008, 32.0,
590, 11.695431472081218, 6.930626057529611, 11.695431472081218, 6.570342205323194, 7.801904761904762, 32.0,
591, 11.695431472081218, 6.930626057529611, 11.695431472081218, 6.582857142857143, 7.801904761904762, 32.0,
592, 11.685545224006763, 6.924767540152155, 11.685545224006763, 6.582857142857143, 7.809342230695901, 32.0,
593, 11.680608365019012, 6.92184199408534, 11.680608365019012, 8.782719186785261, 8.928610354223434, 32.0,
594, 1.4814814814814814, 0.8619528619528619, 11.851851851851851, 0.8365019011406845, 0.973384030418251, 32.0,
595, 1.4789915966386555, 0.8605042016806723, 11.831932773109244, 0.8365019011406845, 1.946768060836502, 32.0,
596, 2.962962962962963, 1.7239057239057238, 11.851851851851851, 1.673003802281369, 1.946768060836502, 32.0,
597, 2.957983193277311, 1.7210084033613446, 11.831932773109244, 1.673003802281369, 3.893536121673004, 32.0,
598, 5.925925925925926, 3.4478114478114477, 11.851851851851851, 3.346007604562738, 3.893536121673004, 32.0,
599, 5.915966386554622, 3.4420168067226893, 11.831932773109244, 3.346007604562738, 7.787072243346008, 32.0,
600, 11.851851851851851, 6.895622895622895, 11.851851851851851, 6.692015209125476, 7.787072243346008, 32.0,
601, 11.831932773109244, 6.884033613445379, 11.831932773109244, 6.692015209125476, 7.801904761904762, 32.0,
602, 11.831932773109244, 6.884033613445379, 11.831932773109244, 6.704761904761905, 7.801904761904762, 32.0,
603, 11.821998320738874, 6.878253568429891, 11.821998320738874, 6.704761904761905, 7.809342230695901, 32.0,
604, 11.817037347880822, 6.875367184221569, 11.817037347880822, 8.945362134688692, 8.928610354223434, 32.0,
605, 1.4983277591973243, 0.8561872909698997, 11.986622073578594, 0.8517110266159695, 0.973384030418251, 32.0,
606, 1.4958263772954925, 0.8547579298831386, 11.96661101836394, 0.8517110266159695, 1.946768060836502, 32.0,
607, 2.9966555183946486, 1.7123745819397993, 11.986622073578594, 1.703422053231939, 1.946768060836502, 32.0,
608, 2.991652754590985, 1.7095158597662772, 11.96661101836394, 1.703422053231939, 3.893536121673004, 32.0,
609, 5.993311036789297, 3.4247491638795986, 11.986622073578594, 3.406844106463878, 3.893536121673004, 32.0,
610, 5.98330550918197, 3.4190317195325544, 11.96661101836394, 3.406844106463878, 7.787072243346008, 32.0,
611, 11.986622073578594, 6.849498327759197, 11.986622073578594, 6.813688212927756, 7.787072243346008, 32.0,
612, 11.96661101836394, 6.838063439065109, 11.96661101836394, 6.813688212927756, 7.801904761904762, 32.0,
613, 11.96661101836394, 6.838063439065109, 11.96661101836394, 6.826666666666667, 7.801904761904762, 32.0,
614, 11.956630525437864, 6.832360300250208, 11.956630525437864, 6.826666666666667, 7.809342230695901, 32.0,
615, 11.951646519383075, 6.8295122967903295, 11.951646519383075, 9.108005082592122, 8.928610354223434, 32.0,
616, 1.5149501661129567, 0.8504983388704319, 12.119601328903654, 0.8669201520912547, 0.973384030418251, 32.0,
617, 1.5124378109452736, 0.8490878938640133, 12.099502487562189, 0.8669201520912547, 1.946768060836502, 32.0,
618, 3.0299003322259135, 1.7009966777408638, 12.119601328903654, 1.7338403041825095, 1.946768060836502, 32.0,
619, 3.0248756218905473, 1.6981757877280266, 12.099502487562189, 1.7338403041825095, 3.893536121673004, 32.0,
620, 6.059800664451827, 3.4019933554817277, 12.119601328903654, 3.467680608365019, 3.893536121673004, 32.0,
621, 6.0497512437810945, 3.396351575456053, 12.099502487562189, 3.467680608365019, 7.787072243346008, 32.0,
622, 12.119601328903654, 6.803986710963455, 12.119601328903654, 6.935361216730038, 7.787072243346008, 32.0,
623, 12.099502487562189, 6.792703150912106, 12.099502487562189, 6.935361216730038, 7.801904761904762, 32.0,
624, 12.099502487562189, 6.792703150912106, 12.099502487562189, 6.948571428571428, 7.801904761904762, 32.0,
625, 12.089478044739023, 6.787075393537696, 12.089478044739023, 6.948571428571428, 7.809342230695901, 32.0,
626, 12.084472049689442, 6.784265010351967, 12.084472049689442, 9.270648030495552, 8.928610354223434, 32.0,
627, 1.5313531353135315, 0.8448844884488449, 12.250825082508252, 0.8821292775665399, 0.973384030418251, 32.0,
628, 1.528830313014827, 0.8434925864909391, 12.230642504118617, 0.8821292775665399, 1.946768060836502, 32.0,
629, 3.062706270627063, 1.6897689768976898, 12.250825082508252, 1.7642585551330798, 1.946768060836502, 32.0,
630, 3.057660626029654, 1.6869851729818781, 12.230642504118617, 1.7642585551330798, 3.893536121673004, 32.0,
631, 6.125412541254126, 3.3795379537953796, 12.250825082508252, 3.5285171102661597, 3.893536121673004, 32.0,
632, 6.115321252059308, 3.3739703459637562, 12.230642504118617, 3.5285171102661597, 7.787072243346008, 32.0,
633, 12.250825082508252, 6.759075907590759, 12.250825082508252, 7.057034220532319, 7.787072243346008, 32.0,
634, 12.230642504118617, 6.7479406919275124, 12.230642504118617, 7.057034220532319, 7.801904761904762, 32.0,
635, 12.230642504118617, 6.7479406919275124, 12.230642504118617, 7.070476190476191, 7.801904761904762, 32.0,
636, 12.220576131687244, 6.74238683127572, 12.220576131687244, 7.070476190476191, 7.809342230695901, 32.0,
637, 12.215549156725627, 6.739613327848622, 12.215549156725627, 9.433290978398983, 8.928610354223434, 32.0,
638, 1.5475409836065575, 0.839344262295082, 12.38032786885246, 0.8973384030418251, 0.973384030418251, 32.0,
639, 1.5450081833060556, 0.8379705400981997, 12.360065466448445, 0.8973384030418251, 1.946768060836502, 32.0,
640, 3.095081967213115, 1.678688524590164, 12.38032786885246, 1.7946768060836502, 1.946768060836502, 32.0,
641, 3.090016366612111, 1.6759410801963994, 12.360065466448445, 1.7946768060836502, 3.893536121673004, 32.0,
642, 6.19016393442623, 3.357377049180328, 12.38032786885246, 3.5893536121673004, 3.893536121673004, 32.0,
643, 6.180032733224222, 3.351882160392799, 12.360065466448445, 3.5893536121673004, 7.787072243346008, 32.0,
644, 12.38032786885246, 6.714754098360656, 12.38032786885246, 7.178707224334601, 7.787072243346008, 32.0,
645, 12.360065466448445, 6.703764320785598, 12.360065466448445, 7.178707224334601, 7.801904761904762, 32.0,
646, 12.360065466448445, 6.703764320785598, 12.360065466448445, 7.192380952380953, 7.801904761904762, 32.0,
647, 12.349959116925593, 6.698282910874898, 12.349959116925593, 7.192380952380953, 7.809342230695901, 32.0,
648, 12.344912137310994, 6.695545565999183, 12.344912137310994, 9.595933926302415, 8.928610354223434, 32.0,
649, 1.5635179153094463, 0.8338762214983714, 12.50814332247557, 0.9125475285171103, 0.973384030418251, 32.0,
650, 1.5609756097560976, 0.832520325203252, 12.487804878048781, 0.9125475285171103, 1.946768060836502, 32.0,
651, 3.1270358306188926, 1.6677524429967427, 12.50814332247557, 1.8250950570342206, 1.946768060836502, 32.0,
652, 3.1219512195121952, 1.665040650406504, 12.487804878048781, 1.8250950570342206, 3.893536121673004, 32.0,
653, 6.254071661237785, 3.3355048859934855, 12.50814332247557, 3.650190114068441, 3.893536121673004, 32.0,
654, 6.2439024390243905, 3.330081300813008, 12.487804878048781, 3.650190114068441, 7.787072243346008, 32.0,
655, 12.50814332247557, 6.671009771986971, 12.50814332247557, 7.300380228136882, 7.787072243346008, 32.0,
656, 12.487804878048781, 6.660162601626016, 12.487804878048781, 7.300380228136882, 7.801904761904762, 32.0,
657, 12.487804878048781, 6.660162601626016, 12.487804878048781, 7.314285714285714, 7.801904761904762, 32.0,
658, 12.47766043866775, 6.654752233956133, 12.47766043866775, 7.314285714285714, 7.809342230695901, 32.0,
659, 12.472594397076735, 6.652050345107592, 12.472594397076735, 9.758576874205845, 8.928610354223434, 32.0,
660, 1.5792880258899675, 0.8284789644012945, 12.63430420711974, 0.9277566539923955, 0.973384030418251, 32.0,
661, 1.5767366720516962, 0.827140549273021, 12.61389337641357, 0.9277566539923955, 1.946768060836502, 32.0,
662, 3.158576051779935, 1.656957928802589, 12.63430420711974, 1.855513307984791, 1.946768060836502, 32.0,
663, 3.1534733441033924, 1.654281098546042, 12.61389337641357, 1.855513307984791, 3.893536121673004, 32.0,
664, 6.31715210355987, 3.313915857605178, 12.63430420711974, 3.711026615969582, 3.893536121673004, 32.0,
665, 6.306946688206785, 3.308562197092084, 12.61389337641357, 3.711026615969582, 7.787072243346008, 32.0,
666, 12.63430420711974, 6.627831715210356, 12.63430420711974, 7.422053231939164, 7.787072243346008, 32.0,
667, 12.61389337641357, 6.617124394184168, 12.61389337641357, 7.422053231939164, 7.801904761904762, 32.0,
668, 12.61389337641357, 6.617124394184168, 12.61389337641357, 7.436190476190476, 7.801904761904762, 32.0,
669, 12.603712671509282, 6.611783696529459, 12.603712671509282, 7.436190476190476, 7.809342230695901, 32.0,
670, 12.598628479225495, 6.609116579265833, 12.598628479225495, 9.921219822109276, 8.928610354223434, 32.0,
671, 1.594855305466238, 0.8231511254019293, 12.758842443729904, 0.9429657794676806, 0.973384030418251, 32.0,
672, 1.5922953451043338, 0.8218298555377207, 12.73836276083467, 0.9429657794676806, 1.946768060836502, 32.0,
673, 3.189710610932476, 1.6463022508038585, 12.758842443729904, 1.8859315589353611, 1.946768060836502, 32.0,
674, 3.1845906902086676, 1.6436597110754414, 12.73836276083467, 1.8859315589353611, 3.893536121673004, 32.0,
675, 6.379421221864952, 3.292604501607717, 12.758842443729904, 3.7718631178707223, 3.893536121673004, 32.0,
676, 6.369181380417335, 3.287319422150883, 12.73836276083467, 3.7718631178707223, 7.787072243346008, 32.0,
677, 12.758842443729904, 6.585209003215434, 12.758842443729904, 7.5437262357414445, 7.787072243346008, 32.0,
678, 12.73836276083467, 6.574638844301766, 12.73836276083467, 7.5437262357414445, 7.801904761904762, 32.0,
679, 12.73836276083467, 6.574638844301766, 12.73836276083467, 7.558095238095238, 7.801904761904762, 32.0,
680, 12.728147554129912, 6.569366479550922, 12.728147554129912, 7.558095238095238, 7.809342230695901, 32.0,
681, 12.723046092184369, 6.566733466933868, 12.723046092184369, 7.565300285986654, 8.928610354223434, 32.0,
682, 1.610223642172524, 0.8178913738019169, 12.881789137380192, 0.9581749049429658, 0.973384030418251, 32.0,
683, 1.6076555023923444, 0.8165869218500797, 12.861244019138756, 0.9581749049429658, 1.946768060836502, 32.0,
684, 3.220447284345048, 1.6357827476038338, 12.881789137380192, 1.9163498098859315, 1.946768060836502, 32.0,
685, 3.215311004784689, 1.6331738437001595, 12.861244019138756, 1.9163498098859315, 3.893536121673004, 32.0,
686, 6.440894568690096, 3.2715654952076676, 12.881789137380192, 3.832699619771863, 3.893536121673004, 32.0,
687, 6.430622009569378, 3.266347687400319, 12.861244019138756, 3.832699619771863, 7.787072243346008, 32.0,
688, 12.881789137380192, 6.543130990415335, 12.881789137380192, 7.665399239543726, 7.787072243346008, 32.0,
689, 12.861244019138756, 6.532695374800638, 12.861244019138756, 7.665399239543726, 7.801904761904762, 32.0,
690, 12.861244019138756, 6.532695374800638, 12.861244019138756, 7.68, 7.801904761904762, 32.0,
691, 12.850996015936255, 6.527490039840638, 12.850996015936255, 7.68, 7.809342230695901, 32.0,
692, 12.845878136200717, 6.524890481879729, 12.845878136200717, 7.687321258341277, 8.928610354223434, 32.0,
693, 1.6253968253968254, 0.8126984126984127, 13.003174603174603, 0.973384030418251, 0.973384030418251, 32.0,
694, 1.6228209191759113, 0.8114104595879557, 12.98256735340729, 0.973384030418251, 1.946768060836502, 32.0,
695, 3.250793650793651, 1.6253968253968254, 13.003174603174603, 1.946768060836502, 1.946768060836502, 32.0,
696, 3.2456418383518226, 1.6228209191759113, 12.98256735340729, 1.946768060836502, 3.893536121673004, 32.0,
697, 6.501587301587302, 3.250793650793651, 13.003174603174603, 3.893536121673004, 3.893536121673004, 32.0,
698, 6.491283676703645, 3.2456418383518226, 12.98256735340729, 3.893536121673004, 7.787072243346008, 32.0,
699, 13.003174603174603, 6.501587301587302, 13.003174603174603, 7.787072243346008, 7.787072243346008, 32.0,
700, 12.98256735340729, 6.491283676703645, 12.98256735340729, 7.787072243346008, 7.801904761904762, 32.0,
701, 12.98256735340729, 6.491283676703645, 12.98256735340729, 7.801904761904762, 7.801904761904762, 32.0,
702, 12.972288202692003, 6.486144101346001, 12.972288202692003, 7.801904761904762, 7.809342230695901, 32.0,
703, 12.967154728927582, 6.483577364463791, 12.967154728927582, 7.809342230695901, 8.928610354223434, 32.0,
704, 1.640378548895899, 0.807570977917981, 13.123028391167193, 0.9885931558935361, 0.973384030418251, 32.0,
705, 1.6377952755905512, 0.8062992125984252, 13.10236220472441, 0.9885931558935361, 1.946768060836502, 32.0,
706, 3.280757097791798, 1.615141955835962, 13.123028391167193, 1.9771863117870723, 1.946768060836502, 32.0,
707, 3.2755905511811023, 1.6125984251968504, 13.10236220472441, 1.9771863117870723, 3.893536121673004, 32.0,
708, 6.561514195583596, 3.230283911671924, 13.123028391167193, 3.9543726235741445, 3.893536121673004, 32.0,
709, 6.551181102362205, 3.2251968503937007, 13.10236220472441, 3.9543726235741445, 7.787072243346008, 32.0,
710, 13.123028391167193, 6.460567823343848, 13.123028391167193, 7.908745247148289, 7.787072243346008, 32.0,
711, 13.10236220472441, 6.4503937007874015, 13.10236220472441, 7.908745247148289, 7.801904761904762, 32.0,
712, 13.10236220472441, 6.4503937007874015, 13.10236220472441, 7.923809523809524, 7.801904761904762, 32.0,
713, 13.092053501180173, 6.445318646734854, 13.092053501180173, 7.923809523809524, 7.809342230695901, 32.0,
714, 13.086905230043255, 6.442784113252064, 13.086905230043255, 7.931363203050524, 8.928610354223434, 32.0,
715, 1.6551724137931034, 0.8025078369905956, 13.241379310344827, 1.0038022813688212, 0.973384030418251, 32.0,
716, 1.6525821596244132, 0.8012519561815337, 13.220657276995306, 1.0038022813688212, 1.946768060836502, 32.0,
717, 3.310344827586207, 1.6050156739811912, 13.241379310344827, 2.0076045627376424, 1.946768060836502, 32.0,
718, 3.3051643192488265, 1.6025039123630673, 13.220657276995306, 2.0076045627376424, 3.893536121673004, 32.0,
719, 6.620689655172414, 3.2100313479623823, 13.241379310344827, 4.015209125475285, 3.893536121673004, 32.0,
720, 6.610328638497653, 3.2050078247261347, 13.220657276995306, 4.015209125475285, 7.787072243346008, 32.0,
721, 13.241379310344827, 6.420062695924765, 13.241379310344827, 8.03041825095057, 7.787072243346008, 32.0,
722, 13.220657276995306, 6.410015649452269, 13.220657276995306, 8.03041825095057, 7.801904761904762, 32.0,
723, 13.220657276995306, 6.410015649452269, 13.220657276995306, 8.045714285714286, 7.801904761904762, 32.0,
724, 13.210320562939797, 6.405003909304144, 13.210320562939797, 8.045714285714286, 7.809342230695901, 32.0,
725, 13.205158264947245, 6.402500976944119, 13.205158264947245, 8.053384175405148, 8.928610354223434, 32.0,
726, 1.6697819314641744, 0.7975077881619937, 13.358255451713395, 1.0190114068441065, 0.973384030418251, 32.0,
727, 1.667185069984448, 0.7962674961119751, 13.337480559875583, 1.0190114068441065, 1.946768060836502, 32.0,
728, 3.339563862928349, 1.5950155763239875, 13.358255451713395, 2.038022813688213, 1.946768060836502, 32.0,
729, 3.334370139968896, 1.5925349922239502, 13.337480559875583, 2.038022813688213, 3.893536121673004, 32.0,
730, 6.679127725856698, 3.190031152647975, 13.358255451713395, 4.076045627376426, 3.893536121673004, 32.0,
731, 6.668740279937792, 3.1850699844479005, 13.337480559875583, 4.076045627376426, 7.787072243346008, 32.0,
732, 13.358255451713395, 6.38006230529595, 13.358255451713395, 8.152091254752852, 7.787072243346008, 32.0,
733, 13.337480559875583, 6.370139968895801, 13.337480559875583, 8.152091254752852, 7.801904761904762, 32.0,
734, 13.337480559875583, 6.370139968895801, 13.337480559875583, 8.167619047619048, 7.801904761904762, 32.0,
735, 13.327117327117326, 6.365190365190365, 13.327117327117326, 8.167619047619048, 7.809342230695901, 32.0,
736, 13.321941747572815, 6.362718446601942, 13.321941747572815, 8.175405147759772, 8.928610354223434, 32.0,
737, 1.6842105263157894, 0.7925696594427245, 13.473684210526315, 1.0342205323193916, 0.973384030418251, 32.0,
738, 1.6816074188562598, 0.7913446676970634, 13.452859350850078, 1.0342205323193916, 1.946768060836502, 32.0,
739, 3.3684210526315788, 1.585139318885449, 13.473684210526315, 2.068441064638783, 1.946768060836502, 32.0,
740, 3.3632148377125195, 1.5826893353941267, 13.452859350850078, 2.068441064638783, 3.893536121673004, 32.0,
741, 6.7368421052631575, 3.170278637770898, 13.473684210526315, 4.136882129277566, 3.893536121673004, 32.0,
742, 6.726429675425039, 3.1653786707882534, 13.452859350850078, 4.136882129277566, 7.787072243346008, 32.0,
743, 13.473684210526315, 6.340557275541796, 13.473684210526315, 8.273764258555133, 7.787072243346008, 32.0,
744, 13.452859350850078, 6.330757341576507, 13.452859350850078, 8.273764258555133, 7.801904761904762, 32.0,
745, 13.452859350850078, 6.330757341576507, 13.452859350850078, 8.289523809523809, 7.801904761904762, 32.0,
746, 13.442471042471043, 6.325868725868726, 13.442471042471043, 8.289523809523809, 7.809342230695901, 32.0,
747, 13.437282902354303, 6.323427248166731, 13.437282902354303, 8.297426120114395, 8.928610354223434, 32.0,
748, 1.6984615384615385, 0.7876923076923077, 13.587692307692308, 1.049429657794677, 0.973384030418251, 32.0,
749, 1.695852534562212, 0.7864823348694316, 13.566820276497696, 1.049429657794677, 1.946768060836502, 32.0,
750, 3.396923076923077, 1.5753846153846154, 13.587692307692308, 2.098859315589354, 1.946768060836502, 32.0,
751, 3.391705069124424, 1.5729646697388633, 13.566820276497696, 2.098859315589354, 3.893536121673004, 32.0,
752, 6.793846153846154, 3.1507692307692308, 13.587692307692308, 4.197718631178708, 3.893536121673004, 32.0,
753, 6.783410138248848, 3.1459293394777266, 13.566820276497696, 4.197718631178708, 7.787072243346008, 32.0,
754, 13.587692307692308, 6.3015384615384615, 13.587692307692308, 8.395437262357415, 7.787072243346008, 32.0,
755, 13.566820276497696, 6.291858678955453, 13.566820276497696, 8.395437262357415, 7.801904761904762, 32.0,
756, 13.566820276497696, 6.291858678955453, 13.566820276497696, 8.411428571428571, 7.801904761904762, 32.0,
757, 13.55640828856485, 6.287029930928626, 13.55640828856485, 8.411428571428571, 7.809342230695901, 32.0,
758, 13.551208285385501, 6.284618335251246, 13.551208285385501, 8.419447092469017, 8.928610354223434, 32.0,
759, 1.7125382262996942, 0.7828746177370031, 13.700305810397554, 1.064638783269962, 0.973384030418251, 32.0,
760, 1.7099236641221374, 0.7816793893129771, 13.679389312977099, 1.064638783269962, 1.946768060836502, 32.0,
761, 3.4250764525993884, 1.5657492354740061, 13.700305810397554, 2.129277566539924, 1.946768060836502, 32.0,
762, 3.4198473282442747, 1.5633587786259542, 13.679389312977099, 2.129277566539924, 3.893536121673004, 32.0,
763, 6.850152905198777, 3.1314984709480123, 13.700305810397554, 4.258555133079848, 3.893536121673004, 32.0,
764, 6.8396946564885495, 3.1267175572519084, 13.679389312977099, 4.258555133079848, 7.787072243346008, 32.0,
765, 13.700305810397554, 6.2629969418960245, 13.700305810397554, 8.517110266159696, 7.787072243346008, 32.0,
766, 13.679389312977099, 6.253435114503817, 13.679389312977099, 8.517110266159696, 7.801904761904762, 32.0,
767, 13.679389312977099, 6.253435114503817, 13.679389312977099, 8.533333333333333, 7.801904761904762, 32.0,
768, 13.668954996186118, 6.248665141113654, 13.668954996186118, 8.533333333333333, 7.809342230695901, 32.0,
769, 13.66374380480366, 6.246282882195959, 13.66374380480366, 8.541468064823642, 8.928610354223434, 32.0,
770, 1.7264437689969605, 0.7781155015197568, 13.811550151975684, 1.079847908745247, 0.973384030418251, 32.0,
771, 1.7238239757207892, 0.7769347496206374, 13.790591805766313, 1.079847908745247, 1.946768060836502, 32.0,
772, 3.452887537993921, 1.5562310030395137, 13.811550151975684, 2.159695817490494, 1.946768060836502, 32.0,
773, 3.4476479514415783, 1.5538694992412747, 13.790591805766313, 2.159695817490494, 3.893536121673004, 32.0,
774, 6.905775075987842, 3.1124620060790273, 13.811550151975684, 4.319391634980988, 3.893536121673004, 32.0,
775, 6.895295902883157, 3.1077389984825494, 13.790591805766313, 4.319391634980988, 7.787072243346008, 32.0,
776, 13.811550151975684, 6.224924012158055, 13.811550151975684, 8.638783269961976, 7.787072243346008, 32.0,
777, 13.790591805766313, 6.215477996965099, 13.790591805766313, 8.638783269961976, 7.801904761904762, 32.0,
778, 13.790591805766313, 6.215477996965099, 13.790591805766313, 8.655238095238095, 7.801904761904762, 32.0,
779, 13.780136467020471, 6.21076573161486, 13.780136467020471, 8.655238095238095, 7.809342230695901, 32.0,
780, 13.774914740431981, 6.2084122773777946, 13.774914740431981, 8.663489037178264, 8.928610354223434, 32.0,
781, 1.7401812688821752, 0.7734138972809668, 13.921450151057401, 1.0950570342205324, 0.973384030418251, 32.0,
782, 1.737556561085973, 0.7722473604826546, 13.900452488687783, 1.0950570342205324, 1.946768060836502, 32.0,
783, 3.4803625377643503, 1.5468277945619335, 13.921450151057401, 2.1901140684410647, 1.946768060836502, 32.0,
784, 3.475113122171946, 1.5444947209653093, 13.900452488687783, 2.1901140684410647, 3.893536121673004, 32.0,
785, 6.960725075528701, 3.093655589123867, 13.921450151057401, 4.380228136882129, 3.893536121673004, 32.0,
786, 6.950226244343892, 3.0889894419306185, 13.900452488687783, 4.380228136882129, 7.787072243346008, 32.0,
787, 13.921450151057401, 6.187311178247734, 13.921450151057401, 8.760456273764259, 7.787072243346008, 32.0,
788, 13.900452488687783, 6.177978883861237, 13.900452488687783, 8.760456273764259, 7.801904761904762, 32.0,
789, 13.900452488687783, 6.177978883861237, 13.900452488687783, 8.777142857142858, 7.801904761904762, 32.0,
790, 13.88997739261492, 6.173323285606632, 13.88997739261492, 8.777142857142858, 7.809342230695901, 32.0,
791, 13.884745762711864, 6.1709981167608285, 13.884745762711864, 8.785510009532889, 8.928610354223434, 32.0,
792, 1.7537537537537538, 0.7687687687687688, 14.03003003003003, 1.1102661596958174, 0.973384030418251, 32.0,
793, 1.7511244377811095, 0.767616191904048, 14.008995502248876, 1.1102661596958174, 1.946768060836502, 32.0,
794, 3.5075075075075075, 1.5375375375375375, 14.03003003003003, 2.220532319391635, 1.946768060836502, 32.0,
795, 3.502248875562219, 1.535232383808096, 14.008995502248876, 2.220532319391635, 3.893536121673004, 32.0,
796, 7.015015015015015, 3.075075075075075, 14.03003003003003, 4.44106463878327, 3.893536121673004, 32.0,
797, 7.004497751124438, 3.070464767616192, 14.008995502248876, 4.44106463878327, 7.787072243346008, 32.0,
798, 14.03003003003003, 6.15015015015015, 14.03003003003003, 8.88212927756654, 7.787072243346008, 32.0,
799, 14.008995502248876, 6.140929535232384, 14.008995502248876, 8.88212927756654, 7.801904761904762, 32.0,
800, 14.008995502248876, 6.140929535232384, 14.008995502248876, 8.89904761904762, 7.801904761904762, 32.0,
801, 13.998501872659176, 6.1363295880149815, 13.998501872659176, 8.89904761904762, 7.809342230695901, 32.0,
802, 13.9932609509547, 6.134032197678772, 13.9932609509547, 8.907530981887511, 8.928610354223434, 32.0,
803, 1.7671641791044777, 0.764179104477612, 14.137313432835821, 1.1254752851711027, 0.973384030418251, 32.0,
804, 1.7645305514157974, 0.7630402384500745, 14.11624441132638, 1.1254752851711027, 1.946768060836502, 32.0,
805, 3.5343283582089553, 1.528358208955224, 14.137313432835821, 2.2509505703422055, 1.946768060836502, 32.0,
806, 3.529061102831595, 1.526080476900149, 14.11624441132638, 2.2509505703422055, 3.893536121673004, 32.0,
807, 7.068656716417911, 3.056716417910448, 14.137313432835821, 4.501901140684411, 3.893536121673004, 32.0,
808, 7.05812220566319, 3.052160953800298, 14.11624441132638, 4.501901140684411, 7.787072243346008, 32.0,
809, 14.137313432835821, 6.113432835820896, 14.137313432835821, 9.003802281368822, 7.787072243346008, 32.0,
810, 14.11624441132638, 6.104321907600596, 14.11624441132638, 9.003802281368822, 7.801904761904762, 32.0,
811, 14.11624441132638, 6.104321907600596, 14.11624441132638, 9.02095238095238, 7.801904761904762, 32.0,
812, 14.105733432613551, 6.099776619508563, 14.105733432613551, 9.02095238095238, 7.809342230695901, 32.0,
813, 14.10048381094157, 6.097506512839598, 14.10048381094157, 9.029551954242136, 8.928610354223434, 32.0,
814, 1.7804154302670623, 0.7596439169139466, 14.243323442136498, 1.1406844106463878, 0.973384030418251, 32.0,
815, 1.7777777777777777, 0.7585185185185185, 14.222222222222221, 1.1406844106463878, 1.946768060836502, 32.0,
816, 3.5608308605341246, 1.5192878338278932, 14.243323442136498, 2.2813688212927756, 1.946768060836502, 32.0,
817, 3.5555555555555554, 1.517037037037037, 14.222222222222221, 2.2813688212927756, 3.893536121673004, 32.0,
818, 7.121661721068249, 3.0385756676557865, 14.243323442136498, 4.562737642585551, 3.893536121673004, 32.0,
819, 7.111111111111111, 3.034074074074074, 14.222222222222221, 4.562737642585551, 7.787072243346008, 32.0,
820, 14.243323442136498, 6.077151335311573, 14.243323442136498, 9.125475285171103, 7.787072243346008, 32.0,
821, 14.222222222222221, 6.068148148148148, 14.222222222222221, 9.125475285171103, 7.801904761904762, 32.0,
822, 14.222222222222221, 6.068148148148148, 14.222222222222221, 9.142857142857142, 7.801904761904762, 32.0,
823, 14.211695040710584, 6.0636565507031825, 14.211695040710584, 9.142857142857142, 7.809342230695901, 32.0,
824, 14.206437291897892, 6.0614132445431, 14.206437291897892, 9.151572926596758, 8.928610354223434, 32.0,
825, 1.7935103244837758, 0.7551622418879056, 14.348082595870206, 1.155893536121673, 0.973384030418251, 32.0,
826, 1.7908689248895435, 0.7540500736377025, 14.326951399116348, 1.155893536121673, 1.946768060836502, 32.0,
827, 3.5870206489675516, 1.5103244837758112, 14.348082595870206, 2.311787072243346, 1.946768060836502, 32.0,
828, 3.581737849779087, 1.508100147275405, 14.326951399116348, 2.311787072243346, 3.893536121673004, 32.0,
829, 7.174041297935103, 3.0206489675516224, 14.348082595870206, 4.623574144486692, 3.893536121673004, 32.0,
830, 7.163475699558174, 3.01620029455081, 14.326951399116348, 4.623574144486692, 7.787072243346008, 32.0,
831, 14.348082595870206, 6.041297935103245, 14.348082595870206, 9.247148288973383, 7.787072243346008, 32.0,
832, 14.326951399116348, 6.03240058910162, 14.326951399116348, 9.247148288973383, 7.801904761904762, 32.0,
833, 14.326951399116348, 6.03240058910162, 14.326951399116348, 9.264761904761905, 7.801904761904762, 32.0,
834, 14.316409124356145, 6.027961736571008, 14.316409124356145, 9.264761904761905, 7.809342230695901, 32.0,
835, 14.311143802868703, 6.025744759102611, 14.311143802868703, 9.273593898951383, 8.928610354223434, 32.0,
836, 1.8064516129032258, 0.750733137829912, 14.451612903225806, 1.1711026615969582, 0.973384030418251, 32.0,
837, 1.8038067349926794, 0.7496339677891655, 14.430453879941435, 1.1711026615969582, 1.946768060836502, 32.0,
838, 3.6129032258064515, 1.501466275659824, 14.451612903225806, 2.3422053231939164, 1.946768060836502, 32.0,
839, 3.607613469985359, 1.499267935578331, 14.430453879941435, 2.3422053231939164, 3.893536121673004, 32.0,
840, 7.225806451612903, 3.002932551319648, 14.451612903225806, 4.684410646387833, 3.893536121673004, 32.0,
841, 7.215226939970718, 2.998535871156662, 14.430453879941435, 4.684410646387833, 7.787072243346008, 32.0,
842, 14.451612903225806, 6.005865102639296, 14.451612903225806, 9.368821292775666, 7.787072243346008, 32.0,
843, 14.430453879941435, 5.997071742313324, 14.430453879941435, 9.368821292775666, 7.801904761904762, 32.0,
844, 14.430453879941435, 5.997071742313324, 14.430453879941435, 9.386666666666667, 7.801904761904762, 32.0,
845, 14.419897585954645, 5.992684711046087, 14.419897585954645, 9.386666666666667, 7.809342230695901, 32.0,
846, 14.414625228519196, 5.990493601462523, 14.414625228519196, 9.395614871306005, 8.928610354223434, 32.0,
847, 1.8192419825072885, 0.7463556851311953, 14.553935860058308, 1.1863117870722433, 0.973384030418251, 32.0,
848, 1.8165938864628821, 0.745269286754003, 14.532751091703057, 1.1863117870722433, 1.946768060836502, 32.0,
849, 3.638483965014577, 1.4927113702623906, 14.553935860058308, 2.3726235741444865, 1.946768060836502, 32.0,
850, 3.6331877729257642, 1.490538573508006, 14.532751091703057, 2.3726235741444865, 3.893536121673004, 32.0,
851, 7.276967930029154, 2.9854227405247813, 14.553935860058308, 4.745247148288973, 3.893536121673004, 32.0,
852, 7.2663755458515285, 2.981077147016012, 14.532751091703057, 4.745247148288973, 7.787072243346008, 32.0,
853, 14.553935860058308, 5.970845481049563, 14.553935860058308, 9.490494296577946, 7.787072243346008, 32.0,
854, 14.532751091703057, 5.962154294032024, 14.532751091703057, 9.490494296577946, 7.801904761904762, 32.0,
855, 14.532751091703057, 5.962154294032024, 14.532751091703057, 9.508571428571429, 7.801904761904762, 32.0,
856, 14.522181818181819, 5.9578181818181815, 14.522181818181819, 9.508571428571429, 7.809342230695901, 32.0,
857, 14.51690294438386, 5.955652490003635, 14.51690294438386, 9.51763584366063, 8.928610354223434, 32.0,
858, 1.8318840579710145, 0.7420289855072464, 14.655072463768116, 1.2015209125475286, 0.973384030418251, 32.0,
859, 1.829232995658466, 0.7409551374819102, 14.633863965267729, 1.2015209125475286, 1.946768060836502, 32.0,
860, 3.663768115942029, 1.4840579710144928, 14.655072463768116, 2.403041825095057, 1.946768060836502, 32.0,
861, 3.658465991316932, 1.4819102749638204, 14.633863965267729, 2.403041825095057, 3.893536121673004, 32.0,
862, 7.327536231884058, 2.9681159420289855, 14.655072463768116, 4.806083650190114, 3.893536121673004, 32.0,
863, 7.316931982633864, 2.963820549927641, 14.633863965267729, 4.806083650190114, 7.787072243346008, 32.0,
864, 14.655072463768116, 5.936231884057971, 14.655072463768116, 9.612167300380229, 7.787072243346008, 32.0,
865, 14.633863965267729, 5.927641099855282, 14.633863965267729, 9.612167300380229, 7.801904761904762, 32.0,
866, 14.633863965267729, 5.927641099855282, 14.633863965267729, 9.630476190476191, 7.801904761904762, 32.0,
867, 14.623282718727404, 5.923355025307303, 14.623282718727404, 9.630476190476191, 7.809342230695901, 32.0,
868, 14.617997831586555, 5.921214311528732, 14.617997831586555, 9.639656816015252, 8.928610354223434, 32.0,
869, 1.8443804034582132, 0.7377521613832853, 14.755043227665706, 1.2167300380228137, 0.973384030418251, 32.0,
870, 1.841726618705036, 0.7366906474820144, 14.733812949640289, 1.2167300380228137, 1.946768060836502, 32.0,
871, 3.6887608069164264, 1.4755043227665705, 14.755043227665706, 2.4334600760456273, 1.946768060836502, 32.0,
872, 3.683453237410072, 1.4733812949640288, 14.733812949640289, 2.4334600760456273, 3.893536121673004, 32.0,
873, 7.377521613832853, 2.951008645533141, 14.755043227665706, 4.866920152091255, 3.893536121673004, 32.0,
874, 7.366906474820144, 2.9467625899280576, 14.733812949640289, 4.866920152091255, 7.787072243346008, 32.0,
875, 14.755043227665706, 5.902017291066282, 14.755043227665706, 9.73384030418251, 7.787072243346008, 32.0,
876, 14.733812949640289, 5.893525179856115, 14.733812949640289, 9.73384030418251, 7.801904761904762, 32.0,
877, 14.733812949640289, 5.893525179856115, 14.733812949640289, 9.752380952380953, 7.801904761904762, 32.0,
878, 14.723220704529115, 5.8892882818116465, 14.723220704529115, 9.752380952380953, 7.809342230695901, 32.0,
879, 14.71793029105282, 5.887172116421128, 14.71793029105282, 9.761677788369877, 8.928610354223434, 32.0,
880, 1.856733524355301, 0.7335243553008596, 14.853868194842407, 1.231939163498099, 0.973384030418251, 32.0,
881, 1.854077253218884, 0.7324749642346209, 14.832618025751072, 1.231939163498099, 1.946768060836502, 32.0,
882, 3.713467048710602, 1.4670487106017192, 14.853868194842407, 2.463878326996198, 1.946768060836502, 32.0,
883, 3.708154506437768, 1.4649499284692418, 14.832618025751072, 2.463878326996198, 3.893536121673004, 32.0,
884, 7.426934097421204, 2.9340974212034383, 14.853868194842407, 4.927756653992396, 3.893536121673004, 32.0,
885, 7.416309012875536, 2.9298998569384835, 14.832618025751072, 4.927756653992396, 7.787072243346008, 32.0,
886, 14.853868194842407, 5.868194842406877, 14.853868194842407, 9.855513307984792, 7.787072243346008, 32.0,
887, 14.832618025751072, 5.859799713876967, 14.832618025751072, 9.855513307984792, 7.801904761904762, 32.0,
888, 14.832618025751072, 5.859799713876967, 14.832618025751072, 9.874285714285714, 7.801904761904762, 32.0,
889, 14.822015725518227, 5.855611150822016, 14.822015725518227, 9.874285714285714, 7.809342230695901, 32.0,
890, 14.816720257234726, 5.853519113969274, 14.816720257234726, 9.8836987607245, 8.928610354223434, 32.0,
891, 1.868945868945869, 0.7293447293447294, 14.951566951566951, 1.247148288973384, 0.973384030418251, 32.0,
892, 1.8662873399715505, 0.7283072546230441, 14.930298719772404, 1.247148288973384, 1.946768060836502, 32.0,
893, 3.737891737891738, 1.4586894586894588, 14.951566951566951, 2.494296577946768, 1.946768060836502, 32.0,
894, 3.732574679943101, 1.4566145092460883, 14.930298719772404, 2.494296577946768, 3.893536121673004, 32.0,
895, 7.475783475783476, 2.9173789173789175, 14.951566951566951, 4.988593155893536, 3.893536121673004, 32.0,
896, 7.465149359886202, 2.9132290184921765, 14.930298719772404, 4.988593155893536, 7.787072243346008, 32.0,
897, 14.951566951566951, 5.834757834757835, 14.951566951566951, 4.998095238095238, 7.787072243346008, 32.0,
898, 14.930298719772404, 5.826458036984353, 14.930298719772404, 4.998095238095238, 7.801904761904762, 32.0,
899, 14.930298719772404, 5.826458036984353, 14.930298719772404, 6.668360864040661, 7.801904761904762, 32.0,
900, 14.919687277896234, 5.822316986496091, 14.919687277896234, 6.668360864040661, 7.809342230695901, 32.0,
901, 14.914387211367673, 5.820248667850799, 14.914387211367673, 8.00610221205187, 8.928610354223434, 32.0,
902, 1.8810198300283285, 0.7252124645892352, 15.048158640226628, 1.2623574144486691, 0.973384030418251, 32.0,
903, 1.8783592644978784, 0.7241867043847242, 15.026874115983027, 1.2623574144486691, 1.946768060836502, 32.0,
904, 3.762039660056657, 1.4504249291784703, 15.048158640226628, 2.5247148288973382, 1.946768060836502, 32.0,
905, 3.7567185289957568, 1.4483734087694484, 15.026874115983027, 2.5247148288973382, 3.893536121673004, 32.0,
906, 7.524079320113314, 2.9008498583569406, 15.048158640226628, 5.0494296577946765, 3.893536121673004, 32.0,
907, 7.5134370579915135, 2.896746817538897, 15.026874115983027, 5.0494296577946765, 7.787072243346008, 32.0,
908, 15.048158640226628, 5.801699716713881, 15.048158640226628, 5.059047619047619, 7.787072243346008, 32.0,
909, 15.026874115983027, 5.793493635077794, 15.026874115983027, 5.059047619047619, 7.801904761904762, 32.0,
910, 15.026874115983027, 5.793493635077794, 15.026874115983027, 6.749682337992376, 7.801904761904762, 32.0,
911, 15.01625441696113, 5.789399293286219, 15.01625441696113, 6.749682337992376, 7.809342230695901, 32.0,
912, 15.01095019427764, 5.7873542917696925, 15.01095019427764, 8.10373760488177, 8.928610354223434, 32.0,
913, 1.8929577464788732, 0.7211267605633803, 15.143661971830985, 1.2775665399239544, 0.973384030418251, 32.0,
914, 1.890295358649789, 0.720112517580872, 15.122362869198312, 1.2775665399239544, 1.946768060836502, 32.0,
915, 3.7859154929577463, 1.4422535211267606, 15.143661971830985, 2.555133079847909, 1.946768060836502, 32.0,
916, 3.780590717299578, 1.440225035161744, 15.122362869198312, 2.555133079847909, 3.893536121673004, 32.0,
917, 7.571830985915493, 2.8845070422535213, 15.143661971830985, 5.110266159695818, 3.893536121673004, 32.0,
918, 7.561181434599156, 2.880450070323488, 15.122362869198312, 5.110266159695818, 7.787072243346008, 32.0,
919, 15.143661971830985, 5.769014084507043, 15.143661971830985, 5.12, 7.787072243346008, 32.0,
920, 15.122362869198312, 5.760900140646976, 15.122362869198312, 5.12, 7.801904761904762, 32.0,
921, 15.122362869198312, 5.760900140646976, 15.122362869198312, 6.8310038119440915, 7.801904761904762, 32.0,
922, 15.111735769501054, 5.756851721714687, 15.111735769501054, 6.8310038119440915, 7.809342230695901, 32.0,
923, 15.106427818756586, 5.754829645240604, 15.106427818756586, 8.20137299771167, 8.928610354223434, 32.0,
924, 1.9047619047619047, 0.7170868347338936, 15.238095238095237, 1.2927756653992395, 0.973384030418251, 32.0,
925, 1.902097902097902, 0.7160839160839161, 15.216783216783217, 1.2927756653992395, 1.946768060836502, 32.0,
926, 3.8095238095238093, 1.4341736694677871, 15.238095238095237, 2.585551330798479, 1.946768060836502, 32.0,
927, 3.804195804195804, 1.4321678321678322, 15.216783216783217, 2.585551330798479, 3.893536121673004, 32.0,
928, 7.619047619047619, 2.8683473389355743, 15.238095238095237, 5.171102661596958, 3.893536121673004, 32.0,
929, 7.608391608391608, 2.8643356643356643, 15.216783216783217, 5.171102661596958, 7.787072243346008, 32.0,
930, 15.238095238095237, 5.7366946778711485, 15.238095238095237, 5.180952380952381, 7.787072243346008, 32.0,
931, 15.216783216783217, 5.728671328671329, 15.216783216783217, 5.180952380952381, 7.801904761904762, 32.0,
932, 15.216783216783217, 5.728671328671329, 15.216783216783217, 6.912325285895807, 7.801904761904762, 32.0,
933, 15.206149545772186, 5.7246680642907055, 15.206149545772186, 6.912325285895807, 7.809342230695901, 32.0,
934, 15.200838281522879, 5.722668529514495, 15.200838281522879, 8.299008390541571, 8.928610354223434, 32.0,
935, 1.916434540389972, 0.713091922005571, 15.331476323119777, 1.3079847908745248, 0.973384030418251, 32.0,
936, 1.9137691237830319, 0.7121001390820584, 15.310152990264255, 1.3079847908745248, 1.946768060836502, 32.0,
937, 3.832869080779944, 1.426183844011142, 15.331476323119777, 2.6159695817490496, 1.946768060836502, 32.0,
938, 3.8275382475660638, 1.4242002781641168, 15.310152990264255, 2.6159695817490496, 3.893536121673004, 32.0,
939, 7.665738161559888, 2.852367688022284, 15.331476323119777, 5.231939163498099, 3.893536121673004, 32.0,
940, 7.6550764951321275, 2.8484005563282335, 15.310152990264255, 5.231939163498099, 7.787072243346008, 32.0,
941, 15.331476323119777, 5.704735376044568, 15.331476323119777, 5.241904761904762, 7.787072243346008, 32.0,
942, 15.310152990264255, 5.696801112656467, 15.310152990264255, 5.241904761904762, 7.801904761904762, 32.0,
943, 15.310152990264255, 5.696801112656467, 15.310152990264255, 6.993646759847522, 7.801904761904762, 32.0,
944, 15.299513551077137, 5.692842251563586, 15.299513551077137, 6.993646759847522, 7.809342230695901, 32.0,
945, 15.294199374782911, 5.6908648836401525, 15.294199374782911, 8.396643783371472, 8.928610354223434, 32.0,
946, 1.92797783933518, 0.7091412742382271, 15.42382271468144, 1.3231939163498099, 0.973384030418251, 32.0,
947, 1.9253112033195021, 0.7081604426002767, 15.402489626556017, 1.3231939163498099, 1.946768060836502, 32.0,
948, 3.85595567867036, 1.4182825484764543, 15.42382271468144, 2.6463878326996197, 1.946768060836502, 32.0,
949, 3.8506224066390042, 1.4163208852005533, 15.402489626556017, 2.6463878326996197, 3.893536121673004, 32.0,
950, 7.71191135734072, 2.8365650969529086, 15.42382271468144, 5.2927756653992395, 3.893536121673004, 32.0,
951, 7.7012448132780085, 2.8326417704011067, 15.402489626556017, 5.2927756653992395, 7.787072243346008, 32.0,
952, 15.42382271468144, 5.673130193905817, 15.42382271468144, 5.3028571428571425, 7.787072243346008, 32.0,
953, 15.402489626556017, 5.665283540802213, 15.402489626556017, 5.3028571428571425, 7.801904761904762, 32.0,
954, 15.402489626556017, 5.665283540802213, 15.402489626556017, 7.074968233799238, 7.801904761904762, 32.0,
955, 15.391845196959226, 5.6613683483068415, 15.391845196959226, 7.074968233799238, 7.809342230695901, 32.0,
956, 15.386528497409326, 5.659412780656304, 15.386528497409326, 8.494279176201372, 8.928610354223434, 32.0,
957, 1.9393939393939394, 0.7052341597796143, 15.515151515151516, 1.338403041825095, 0.973384030418251, 32.0,
958, 1.9367262723521321, 0.7042640990371389, 15.493810178817057, 1.338403041825095, 1.946768060836502, 32.0,
959, 3.878787878787879, 1.4104683195592287, 15.515151515151516, 2.67680608365019, 1.946768060836502, 32.0,
960, 3.8734525447042643, 1.4085281980742779, 15.493810178817057, 2.67680608365019, 3.893536121673004, 32.0,
961, 7.757575757575758, 2.8209366391184574, 15.515151515151516, 5.35361216730038, 3.893536121673004, 32.0,
962, 7.7469050894085285, 2.8170563961485557, 15.493810178817057, 5.35361216730038, 7.787072243346008, 32.0,
963, 15.515151515151516, 5.641873278236915, 15.515151515151516, 5.363809523809524, 7.787072243346008, 32.0,
964, 15.493810178817057, 5.6341127922971115, 15.493810178817057, 5.363809523809524, 7.801904761904762, 32.0,
965, 15.493810178817057, 5.6341127922971115, 15.493810178817057, 7.156289707750953, 7.801904761904762, 32.0,
966, 15.483161512027491, 5.630240549828179, 15.483161512027491, 7.156289707750953, 7.809342230695901, 32.0,
967, 15.4778426657506, 5.62830642390931, 15.4778426657506, 8.591914569031275, 8.928610354223434, 32.0,
968, 1.9506849315068493, 0.7013698630136986, 15.605479452054794, 1.3536121673003803, 0.973384030418251, 32.0,
969, 1.948016415868673, 0.7004103967168263, 15.584131326949384, 1.3536121673003803, 1.946768060836502, 32.0,
970, 3.9013698630136986, 1.4027397260273973, 15.605479452054794, 2.7072243346007605, 1.946768060836502, 32.0,
971, 3.896032831737346, 1.4008207934336525, 15.584131326949384, 2.7072243346007605, 3.893536121673004, 32.0,
972, 7.802739726027397, 2.8054794520547945, 15.605479452054794, 5.414448669201521, 3.893536121673004, 32.0,
973, 7.792065663474692, 2.801641586867305, 15.584131326949384, 5.414448669201521, 7.787072243346008, 32.0,
974, 15.605479452054794, 5.610958904109589, 15.605479452054794, 5.424761904761905, 7.787072243346008, 32.0,
975, 15.584131326949384, 5.60328317373461, 15.584131326949384, 5.424761904761905, 7.801904761904762, 32.0,
976, 15.584131326949384, 5.60328317373461, 15.584131326949384, 7.237611181702668, 7.801904761904762, 32.0,
977, 15.57347915242652, 5.599453178400547, 15.57347915242652, 7.237611181702668, 7.809342230695901, 32.0,
978, 15.568158524086096, 5.59754014349163, 15.568158524086096, 8.689549961861175, 8.928610354223434, 32.0,
979, 1.9618528610354224, 0.6975476839237057, 15.69482288828338, 1.3688212927756653, 0.973384030418251, 32.0,
980, 1.9591836734693877, 0.6965986394557823, 15.673469387755102, 1.3688212927756653, 1.946768060836502, 32.0,
981, 3.923705722070845, 1.3950953678474114, 15.69482288828338, 2.7376425855513307, 1.946768060836502, 32.0,
982, 3.9183673469387754, 1.3931972789115645, 15.673469387755102, 2.7376425855513307, 3.893536121673004, 32.0,
983, 7.84741144414169, 2.790190735694823, 15.69482288828338, 5.475285171102661, 3.893536121673004, 32.0,
984, 7.836734693877551, 2.786394557823129, 15.673469387755102, 5.475285171102661, 7.787072243346008, 32.0,
985, 15.69482288828338, 5.580381471389646, 15.69482288828338, 5.485714285714286, 7.787072243346008, 32.0,
986, 15.673469387755102, 5.572789115646258, 15.673469387755102, 5.485714285714286, 7.801904761904762, 32.0,
987, 15.673469387755102, 5.572789115646258, 15.673469387755102, 7.3189326556543834, 7.801904761904762, 32.0,
988, 15.66281441196465, 5.569000679809653, 15.66281441196465, 7.3189326556543834, 7.809342230695901, 32.0,
989, 15.65749235474006, 5.567108392796467, 15.65749235474006, 8.787185354691076, 8.928610354223434, 32.0,
990, 1.97289972899729, 0.6937669376693767, 15.78319783197832, 1.3840304182509506, 0.973384030418251, 32.0,
991, 1.9702300405953992, 0.6928281461434371, 15.761840324763194, 1.3840304182509506, 1.946768060836502, 32.0,
992, 3.94579945799458, 1.3875338753387534, 15.78319783197832, 2.7680608365019013, 1.946768060836502, 32.0,
993, 3.9404600811907984, 1.3856562922868743, 15.761840324763194, 2.7680608365019013, 3.893536121673004, 32.0,
994, 7.89159891598916, 2.7750677506775068, 15.78319783197832, 5.5361216730038025, 3.893536121673004, 32.0,
995, 7.880920162381597, 2.7713125845737485, 15.761840324763194, 5.5361216730038025, 7.787072243346008, 32.0,
996, 15.78319783197832, 5.5501355013550135, 15.78319783197832, 5.546666666666667, 7.787072243346008, 32.0,
997, 15.761840324763194, 5.542625169147497, 15.761840324763194, 5.546666666666667, 7.801904761904762, 32.0,
998, 15.761840324763194, 5.542625169147497, 15.761840324763194, 7.4002541296060995, 7.801904761904762, 32.0,
999, 15.751183231913455, 5.538877620013523, 15.751183231913455, 7.4002541296060995, 7.809342230695901, 32.0,
1000, 15.745860087867523, 5.537005745184183, 15.745860087867523, 8.884820747520976, 8.928610354223434, 32.0,
1001, 1.9838274932614555, 0.6900269541778976, 15.870619946091644, 1.3992395437262357, 0.973384030418251, 32.0,
1002, 1.981157469717362, 0.6890982503364738, 15.849259757738896, 1.3992395437262357, 1.946768060836502, 32.0,
1003, 3.967654986522911, 1.3800539083557952, 15.870619946091644, 2.7984790874524714, 1.946768060836502, 32.0,
1004, 3.962314939434724, 1.3781965006729475, 15.849259757738896, 2.7984790874524714, 3.893536121673004, 32.0,
1005, 7.935309973045822, 2.7601078167115904, 15.870619946091644, 5.596958174904943, 3.893536121673004, 32.0,
1006, 7.924629878869448, 2.756393001345895, 15.849259757738896, 5.596958174904943, 7.787072243346008, 32.0,
1007, 15.870619946091644, 5.520215633423181, 15.870619946091644, 5.607619047619048, 7.787072243346008, 32.0,
1008, 15.849259757738896, 5.51278600269179, 15.849259757738896, 5.607619047619048, 7.801904761904762, 32.0,
1009, 15.849259757738896, 5.51278600269179, 15.849259757738896, 7.481575603557815, 7.801904761904762, 32.0,
1010, 15.838601210490921, 5.509078681909886, 15.838601210490921, 7.481575603557815, 7.809342230695901, 32.0,
1011, 15.83327731092437, 5.507226890756303, 15.83327731092437, 8.982456140350877, 8.928610354223434, 32.0,
1012, 1.9946380697050938, 0.6863270777479893, 15.95710455764075, 1.414448669201521, 0.973384030418251, 32.0,
1013, 1.9919678714859437, 0.6854082998661312, 15.93574297188755, 1.414448669201521, 1.946768060836502, 32.0,
1014, 3.9892761394101877, 1.3726541554959786, 15.95710455764075, 2.828897338403042, 1.946768060836502, 32.0,
1015, 3.9839357429718874, 1.3708165997322623, 15.93574297188755, 2.828897338403042, 3.893536121673004, 32.0,
1016, 7.978552278820375, 2.745308310991957, 15.95710455764075, 5.657794676806084, 3.893536121673004, 32.0,
1017, 7.967871485943775, 2.7416331994645247, 15.93574297188755, 5.657794676806084, 7.787072243346008, 32.0,
1018, 15.95710455764075, 5.490616621983914, 15.95710455764075, 5.668571428571428, 7.787072243346008, 32.0,
1019, 15.93574297188755, 5.483266398929049, 15.93574297188755, 5.668571428571428, 7.801904761904762, 32.0,
1020, 15.93574297188755, 5.483266398929049, 15.93574297188755, 7.56289707750953, 7.801904761904762, 32.0,
1021, 15.925083612040133, 5.479598662207358, 15.925083612040133, 7.56289707750953, 7.809342230695901, 32.0,
1022, 15.919759277833501, 5.477766633233032, 15.919759277833501, 9.080091533180777, 8.928610354223434, 32.0,
1023, 2.005333333333333, 0.6826666666666666, 16.042666666666666, 1.429657794676806, 0.973384030418251, 32.0,
1024, 2.0026631158455395, 0.681757656458056, 16.021304926764316, 1.429657794676806, 1.946768060836502, 32.0,
1025, 4.010666666666666, 1.3653333333333333, 16.042666666666666, 2.859315589353612, 1.946768060836502, 32.0,
1026, 4.005326231691079, 1.363515312916112, 16.021304926764316, 2.859315589353612, 3.893536121673004, 32.0,
1027, 8.021333333333333, 2.7306666666666666, 16.042666666666666, 5.718631178707224, 3.893536121673004, 32.0,
1028, 8.010652463382158, 2.727030625832224, 16.021304926764316, 5.718631178707224, 7.787072243346008, 32.0,
1029, 16.042666666666666, 5.461333333333333, 16.042666666666666, 5.729523809523809, 7.787072243346008, 32.0,
1030, 16.021304926764316, 5.454061251664448, 16.021304926764316, 5.729523809523809, 7.801904761904762, 32.0,
1031, 16.021304926764316, 5.454061251664448, 16.021304926764316, 7.644218551461245, 7.801904761904762, 32.0,
1032, 16.010645375914837, 5.45043246839654, 16.010645375914837, 7.644218551461245, 7.809342230695901, 32.0,
1033, 16.00532091785833, 5.448619886930495, 16.00532091785833, 9.17772692601068, 8.928610354223434, 32.0,
1034, 2.0159151193633953, 0.6790450928381963, 16.127320954907162, 1.4448669201520912, 0.973384030418251, 32.0,
1035, 2.013245033112583, 0.6781456953642384, 16.105960264900663, 1.4448669201520912, 1.946768060836502, 32.0,
1036, 4.031830238726791, 1.3580901856763925, 16.127320954907162, 2.8897338403041823, 1.946768060836502, 32.0,
1037, 4.026490066225166, 1.3562913907284768, 16.105960264900663, 2.8897338403041823, 3.893536121673004, 32.0,
1038, 8.063660477453581, 2.716180371352785, 16.127320954907162, 5.779467680608365, 3.893536121673004, 32.0,
1039, 8.052980132450331, 2.7125827814569536, 16.105960264900663, 5.779467680608365, 7.787072243346008, 32.0,
1040, 16.127320954907162, 5.43236074270557, 16.127320954907162, 5.79047619047619, 7.787072243346008, 32.0,
1041, 16.105960264900663, 5.425165562913907, 16.105960264900663, 5.79047619047619, 7.801904761904762, 32.0,
1042, 16.105960264900663, 5.425165562913907, 16.105960264900663, 7.72554002541296, 7.801904761904762, 32.0,
1043, 16.095301125082727, 5.4215751158173395, 16.095301125082727, 7.72554002541296, 7.809342230695901, 32.0,
1044, 16.08997684419451, 5.41978167383394, 16.08997684419451, 9.27536231884058, 8.928610354223434, 32.0,
1045, 2.0263852242744065, 0.6754617414248021, 16.211081794195252, 1.4600760456273765, 0.973384030418251, 32.0,
1046, 2.0237154150197627, 0.6745718050065876, 16.1897233201581, 1.4600760456273765, 1.946768060836502, 32.0,
1047, 4.052770448548813, 1.3509234828496042, 16.211081794195252, 2.920152091254753, 1.946768060836502, 32.0,
1048, 4.047430830039525, 1.3491436100131753, 16.1897233201581, 2.920152091254753, 3.893536121673004, 32.0,
1049, 8.105540897097626, 2.7018469656992083, 16.211081794195252, 5.840304182509506, 3.893536121673004, 32.0,
1050, 8.09486166007905, 2.6982872200263506, 16.1897233201581, 5.840304182509506, 7.787072243346008, 32.0,
1051, 16.211081794195252, 5.403693931398417, 16.211081794195252, 5.851428571428571, 7.787072243346008, 32.0,
1052, 16.1897233201581, 5.396574440052701, 16.1897233201581, 5.851428571428571, 7.801904761904762, 32.0,
1053, 16.1897233201581, 5.396574440052701, 16.1897233201581, 7.806861499364676, 7.801904761904762, 32.0,
1054, 16.17906517445688, 5.39302172481896, 16.17906517445688, 7.806861499364676, 7.809342230695901, 32.0,
1055, 16.173741362290226, 5.391247120763409, 16.173741362290226, 9.37299771167048, 8.928610354223434, 32.0,
1056, 2.036745406824147, 0.6719160104986877, 16.293963254593177, 1.4752851711026616, 0.973384030418251, 32.0,
1057, 2.034076015727392, 0.6710353866317169, 16.272608125819136, 1.4752851711026616, 1.946768060836502, 32.0,
1058, 4.073490813648294, 1.3438320209973753, 16.293963254593177, 2.950570342205323, 1.946768060836502, 32.0,
1059, 4.068152031454784, 1.3420707732634338, 16.272608125819136, 2.950570342205323, 3.893536121673004, 32.0,
1060, 8.146981627296588, 2.6876640419947506, 16.293963254593177, 5.901140684410646, 3.893536121673004, 32.0,
1061, 8.136304062909568, 2.6841415465268676, 16.272608125819136, 5.901140684410646, 7.787072243346008, 32.0,
1062, 16.293963254593177, 5.375328083989501, 16.293963254593177, 5.9123809523809525, 7.787072243346008, 32.0,
1063, 16.272608125819136, 5.368283093053735, 16.272608125819136, 5.9123809523809525, 7.801904761904762, 32.0,
1064, 16.272608125819136, 5.368283093053735, 16.272608125819136, 7.8881829733163915, 7.801904761904762, 32.0,
1065, 16.26195153896529, 5.3647675180091685, 16.26195153896529, 7.8881829733163915, 7.809342230695901, 32.0,
1066, 16.256628477905075, 5.363011456628478, 16.256628477905075, 9.470633104500381, 8.928610354223434, 32.0,
1067, 2.0469973890339426, 0.6684073107049608, 16.37597911227154, 1.4904942965779469, 0.973384030418251, 32.0,
1068, 2.044328552803129, 0.6675358539765319, 16.354628422425034, 1.4904942965779469, 1.946768060836502, 32.0,
1069, 4.093994778067885, 1.3368146214099217, 16.37597911227154, 2.9809885931558937, 1.946768060836502, 32.0,
1070, 4.088657105606258, 1.3350717079530638, 16.354628422425034, 2.9809885931558937, 3.893536121673004, 32.0,
1071, 8.18798955613577, 2.6736292428198434, 16.37597911227154, 5.961977186311787, 3.893536121673004, 32.0,
1072, 8.177314211212517, 2.6701434159061277, 16.354628422425034, 5.961977186311787, 7.787072243346008, 32.0,
1073, 16.37597911227154, 5.347258485639687, 16.37597911227154, 5.973333333333334, 7.787072243346008, 32.0,
1074, 16.354628422425034, 5.340286831812255, 16.354628422425034, 5.973333333333334, 7.801904761904762, 32.0,
1075, 16.354628422425034, 5.340286831812255, 16.354628422425034, 7.969504447268107, 7.801904761904762, 32.0,
1076, 16.343973941368077, 5.336807817589577, 16.343973941368077, 7.969504447268107, 7.809342230695901, 32.0,
1077, 16.338651904916965, 5.335070009768805, 16.338651904916965, 9.568268497330282, 8.928610354223434, 32.0,
1078, 2.057142857142857, 0.6649350649350649, 16.457142857142856, 1.505703422053232, 0.973384030418251, 32.0,
1079, 2.054474708171206, 0.6640726329442282, 16.43579766536965, 1.505703422053232, 1.946768060836502, 32.0,
1080, 4.114285714285714, 1.3298701298701299, 16.457142857142856, 3.011406844106464, 1.946768060836502, 32.0,
1081, 4.108949416342412, 1.3281452658884565, 16.43579766536965, 3.011406844106464, 3.893536121673004, 32.0,
1082, 8.228571428571428, 2.6597402597402597, 16.457142857142856, 6.022813688212928, 3.893536121673004, 32.0,
1083, 8.217898832684824, 2.656290531776913, 16.43579766536965, 6.022813688212928, 7.787072243346008, 32.0,
1084, 16.457142857142856, 5.3194805194805195, 16.457142857142856, 6.034285714285715, 7.787072243346008, 32.0,
1085, 16.43579766536965, 5.312581063553826, 16.43579766536965, 6.034285714285715, 7.801904761904762, 32.0,
1086, 16.43579766536965, 5.312581063553826, 16.43579766536965, 8.050825921219822, 7.801904761904762, 32.0,
1087, 16.425145819831496, 5.309138042773817, 16.425145819831496, 8.050825921219822, 7.809342230695901, 32.0,
1088, 16.419825072886297, 5.307418205377389, 16.419825072886297, 9.665903890160184, 8.928610354223434, 32.0,
1089, 2.0671834625322996, 0.661498708010336, 16.537467700258397, 1.520912547528517, 0.973384030418251, 32.0,
1090, 2.064516129032258, 0.6606451612903226, 16.516129032258064, 1.520912547528517, 1.946768060836502, 32.0,
1091, 4.134366925064599, 1.322997416020672, 16.537467700258397, 3.041825095057034, 1.946768060836502, 32.0,
1092, 4.129032258064516, 1.3212903225806452, 16.516129032258064, 3.041825095057034, 3.893536121673004, 32.0,
1093, 8.268733850129198, 2.645994832041344, 16.537467700258397, 6.083650190114068, 3.893536121673004, 32.0,
1094, 8.258064516129032, 2.6425806451612903, 16.516129032258064, 6.083650190114068, 7.787072243346008, 32.0,
1095, 16.537467700258397, 5.291989664082688, 16.537467700258397, 6.095238095238095, 7.787072243346008, 32.0,
1096, 16.516129032258064, 5.285161290322581, 16.516129032258064, 6.095238095238095, 7.801904761904762, 32.0,
1097, 16.516129032258064, 5.285161290322581, 16.516129032258064, 8.132147395171538, 7.801904761904762, 32.0,
1098, 16.50548033526757, 5.281753707285622, 16.50548033526757, 8.132147395171538, 7.809342230695901, 32.0,
1099, 16.50016113438608, 5.280051563003545, 16.50016113438608, 9.763539282990084, 8.928610354223434, 32.0,
1100, 2.077120822622108, 0.6580976863753213, 16.616966580976865, 1.5361216730038023, 0.973384030418251, 32.0,
1101, 2.0744544287548137, 0.6572528883183568, 16.59563543003851, 1.5361216730038023, 1.946768060836502, 32.0,
1102, 4.154241645244216, 1.3161953727506426, 16.616966580976865, 3.0722433460076046, 1.946768060836502, 32.0,
1103, 4.148908857509627, 1.3145057766367136, 16.59563543003851, 3.0722433460076046, 3.893536121673004, 32.0,
1104, 8.308483290488432, 2.632390745501285, 16.616966580976865, 6.144486692015209, 3.893536121673004, 32.0,
1105, 8.297817715019255, 2.6290115532734273, 16.59563543003851, 6.144486692015209, 7.787072243346008, 32.0,
1106, 16.616966580976865, 5.26478149100257, 16.616966580976865, 6.156190476190476, 7.787072243346008, 32.0,
1107, 16.59563543003851, 5.258023106546855, 16.59563543003851, 6.156190476190476, 7.801904761904762, 32.0,
1108, 16.59563543003851, 5.258023106546855, 16.59563543003851, 8.213468869123252, 7.801904761904762, 32.0,
1109, 16.584990378447724, 5.254650416933932, 16.584990378447724, 8.213468869123252, 7.809342230695901, 32.0,
1110, 16.579672972106444, 5.252965694132735, 16.579672972106444, 9.861174675819985, 8.928610354223434, 32.0,
1111, 2.0869565217391304, 0.6547314578005116, 16.695652173913043, 1.5513307984790874, 0.973384030418251, 32.0,
1112, 2.0842911877394634, 0.6538952745849298, 16.674329501915707, 1.5513307984790874, 1.946768060836502, 32.0,
1113, 4.173913043478261, 1.3094629156010231, 16.695652173913043, 3.102661596958175, 1.946768060836502, 32.0,
1114, 4.168582375478927, 1.3077905491698596, 16.674329501915707, 3.102661596958175, 3.893536121673004, 32.0,
1115, 8.347826086956522, 2.6189258312020463, 16.695652173913043, 6.20532319391635, 3.893536121673004, 32.0,
1116, 8.337164750957854, 2.615581098339719, 16.674329501915707, 6.20532319391635, 7.787072243346008, 32.0,
1117, 16.695652173913043, 5.2378516624040925, 16.695652173913043, 6.217142857142857, 7.787072243346008, 32.0,
1118, 16.674329501915707, 5.231162196679438, 16.674329501915707, 6.217142857142857, 7.801904761904762, 32.0,
1119, 16.674329501915707, 5.231162196679438, 16.674329501915707, 8.294790343074968, 7.801904761904762, 32.0,
1120, 16.663688576898533, 5.227823867262285, 16.663688576898533, 8.294790343074968, 7.809342230695901, 32.0,
1121, 16.658373205741626, 5.22615629984051, 16.658373205741626, 9.958810068649885, 8.928610354223434, 32.0,
1122, 2.0966921119592876, 0.6513994910941476, 16.7735368956743, 1.5665399239543727, 0.973384030418251, 32.0,
1123, 2.094027954256671, 0.650571791613723, 16.75222363405337, 1.5665399239543727, 1.946768060836502, 32.0,
1124, 4.193384223918575, 1.3027989821882953, 16.7735368956743, 3.1330798479087454, 1.946768060836502, 32.0,
1125, 4.188055908513342, 1.301143583227446, 16.75222363405337, 3.1330798479087454, 3.893536121673004, 32.0,
1126, 8.38676844783715, 2.6055979643765905, 16.7735368956743, 6.266159695817491, 3.893536121673004, 32.0,
1127, 8.376111817026684, 2.602287166454892, 16.75222363405337, 6.266159695817491, 7.787072243346008, 32.0,
1128, 16.7735368956743, 5.211195928753181, 16.7735368956743, 6.278095238095238, 7.787072243346008, 32.0,
1129, 16.75222363405337, 5.204574332909784, 16.75222363405337, 6.278095238095238, 7.801904761904762, 32.0,
1130, 16.75222363405337, 5.204574332909784, 16.75222363405337, 8.376111817026684, 7.801904761904762, 32.0,
1131, 16.741587301587302, 5.201269841269841, 16.741587301587302, 8.376111817026684, 7.809342230695901, 32.0,
1132, 16.73627419866709, 5.1996191685179305, 16.73627419866709, 8.381436745073108, 8.928610354223434, 32.0,
1133, 2.1063291139240508, 0.6481012658227848, 16.850632911392406, 1.5817490494296578, 0.973384030418251, 32.0,
1134, 2.1036662452591655, 0.6472819216182049, 16.829329962073324, 1.5817490494296578, 1.946768060836502, 32.0,
1135, 4.2126582278481015, 1.2962025316455696, 16.850632911392406, 3.1634980988593155, 1.946768060836502, 32.0,
1136, 4.207332490518331, 1.2945638432364097, 16.829329962073324, 3.1634980988593155, 3.893536121673004, 32.0,
1137, 8.425316455696203, 2.5924050632911393, 16.850632911392406, 6.326996197718631, 3.893536121673004, 32.0,
1138, 8.414664981036662, 2.5891276864728194, 16.829329962073324, 6.326996197718631, 7.787072243346008, 32.0,
1139, 16.850632911392406, 5.184810126582279, 16.850632911392406, 6.339047619047619, 7.787072243346008, 32.0,
1140, 16.829329962073324, 5.178255372945639, 16.829329962073324, 6.339047619047619, 7.801904761904762, 32.0,
1141, 16.829329962073324, 5.178255372945639, 16.829329962073324, 8.457433290978399, 7.801904761904762, 32.0,
1142, 16.818698673404928, 5.174984207201516, 16.818698673404928, 8.457433290978399, 7.809342230695901, 32.0,
1143, 16.813388064414273, 5.17335017366593, 16.813388064414273, 8.462809917355372, 8.928610354223434, 32.0,
1144, 2.115869017632242, 0.6448362720403022, 16.926952141057935, 1.596958174904943, 0.973384030418251, 32.0,
1145, 2.1132075471698113, 0.6440251572327044, 16.90566037735849, 1.596958174904943, 1.946768060836502, 32.0,
1146, 4.231738035264484, 1.2896725440806045, 16.926952141057935, 3.193916349809886, 1.946768060836502, 32.0,
1147, 4.226415094339623, 1.2880503144654087, 16.90566037735849, 3.193916349809886, 3.893536121673004, 32.0,
1148, 8.463476070528968, 2.579345088161209, 16.926952141057935, 6.387832699619772, 3.893536121673004, 32.0,
1149, 8.452830188679245, 2.5761006289308175, 16.90566037735849, 6.387832699619772, 7.787072243346008, 32.0,
1150, 16.926952141057935, 5.158690176322418, 16.926952141057935, 6.4, 7.787072243346008, 32.0,
1151, 16.90566037735849, 5.152201257861635, 16.90566037735849, 6.4, 7.801904761904762, 32.0,
1152, 16.90566037735849, 5.152201257861635, 16.90566037735849, 8.538754764930115, 7.801904761904762, 32.0,
1153, 16.895034569453173, 5.148962916404777, 16.895034569453173, 8.538754764930115, 7.809342230695901, 32.0,
1154, 16.889726672950047, 5.147345271756205, 16.889726672950047, 8.544183089637635, 8.928610354223434, 32.0,
1155, 2.12531328320802, 0.6416040100250626, 17.00250626566416, 1.6121673003802282, 0.973384030418251, 32.0,
1156, 2.1226533166458075, 0.6408010012515645, 16.98122653316646, 1.6121673003802282, 1.946768060836502, 32.0,
1157, 4.25062656641604, 1.2832080200501252, 17.00250626566416, 3.2243346007604563, 1.946768060836502, 32.0,
1158, 4.245306633291615, 1.281602002503129, 16.98122653316646, 3.2243346007604563, 3.893536121673004, 32.0,
1159, 8.50125313283208, 2.5664160401002505, 17.00250626566416, 6.448669201520913, 3.893536121673004, 32.0,
1160, 8.49061326658323, 2.563204005006258, 16.98122653316646, 6.448669201520913, 7.787072243346008, 32.0,
1161, 17.00250626566416, 5.132832080200501, 17.00250626566416, 6.460952380952381, 7.787072243346008, 32.0,
1162, 16.98122653316646, 5.126408010012516, 16.98122653316646, 6.460952380952381, 7.801904761904762, 32.0,
1163, 16.98122653316646, 5.126408010012516, 16.98122653316646, 8.620076238881829, 7.801904761904762, 32.0,
1164, 16.970606629143216, 5.123202001250782, 16.970606629143216, 8.620076238881829, 7.809342230695901, 32.0,
1165, 16.96530165676774, 5.1216005001562985, 16.96530165676774, 8.625556261919899, 8.928610354223434, 32.0,
1166, 2.134663341645885, 0.6384039900249376, 17.07730673316708, 1.6273764258555132, 0.973384030418251, 32.0,
1167, 2.13200498132005, 0.6376089663760897, 17.0560398505604, 1.6273764258555132, 1.946768060836502, 32.0,
1168, 4.26932668329177, 1.2768079800498753, 17.07730673316708, 3.2547528517110265, 1.946768060836502, 32.0,
1169, 4.2640099626401, 1.2752179327521793, 17.0560398505604, 3.2547528517110265, 3.893536121673004, 32.0,
1170, 8.53865336658354, 2.5536159600997506, 17.07730673316708, 6.509505703422053, 3.893536121673004, 32.0,
1171, 8.5280199252802, 2.5504358655043586, 17.0560398505604, 6.509505703422053, 7.787072243346008, 32.0,
1172, 17.07730673316708, 5.107231920199501, 17.07730673316708, 6.521904761904762, 7.787072243346008, 32.0,
1173, 17.0560398505604, 5.100871731008717, 17.0560398505604, 6.521904761904762, 7.801904761904762, 32.0,
1174, 17.0560398505604, 5.100871731008717, 17.0560398505604, 8.701397712833545, 7.801904761904762, 32.0,
1175, 17.04542626011201, 5.09769757311761, 17.04542626011201, 8.701397712833545, 7.809342230695901, 32.0,
1176, 17.040124416796267, 5.09611197511664, 17.040124416796267, 8.706929434202161, 8.928610354223434, 32.0,
1177, 2.1439205955334986, 0.6352357320099256, 17.15136476426799, 1.6425855513307985, 0.973384030418251, 32.0,
1178, 2.141263940520446, 0.6344485749690211, 17.130111524163567, 1.6425855513307985, 1.946768060836502, 32.0,
1179, 4.287841191066997, 1.2704714640198511, 17.15136476426799, 3.285171102661597, 1.946768060836502, 32.0,
1180, 4.282527881040892, 1.2688971499380421, 17.130111524163567, 3.285171102661597, 3.893536121673004, 32.0,
1181, 8.575682382133994, 2.5409429280397022, 17.15136476426799, 6.570342205323194, 3.893536121673004, 32.0,
1182, 8.565055762081784, 2.5377942998760843, 17.130111524163567, 6.570342205323194, 7.787072243346008, 32.0,
1183, 17.15136476426799, 5.0818858560794045, 17.15136476426799, 6.582857142857143, 7.787072243346008, 32.0,
1184, 17.130111524163567, 5.075588599752169, 17.130111524163567, 6.582857142857143, 7.801904761904762, 32.0,
1185, 17.130111524163567, 5.075588599752169, 17.130111524163567, 8.782719186785261, 7.801904761904762, 32.0,
1186, 17.11950464396285, 5.072445820433437, 17.11950464396285, 8.782719186785261, 7.809342230695901, 32.0,
1187, 17.114206128133706, 5.070875889817394, 17.114206128133706, 8.788302606484425, 8.928610354223434, 32.0,
1188, 2.1530864197530866, 0.6320987654320988, 17.224691358024693, 1.6577946768060836, 0.973384030418251, 32.0,
1189, 2.1504315659679407, 0.6313193588162762, 17.203452527743526, 1.6577946768060836, 1.946768060836502, 32.0,
1190, 4.306172839506173, 1.2641975308641975, 17.224691358024693, 3.3155893536121672, 1.946768060836502, 32.0,
1191, 4.300863131935881, 1.2626387176325524, 17.203452527743526, 3.3155893536121672, 3.893536121673004, 32.0,
1192, 8.612345679012346, 2.528395061728395, 17.224691358024693, 6.6311787072243344, 3.893536121673004, 32.0,
1193, 8.601726263871763, 2.525277435265105, 17.203452527743526, 6.6311787072243344, 7.787072243346008, 32.0,
1194, 17.224691358024693, 5.05679012345679, 17.224691358024693, 6.643809523809524, 7.787072243346008, 32.0,
1195, 17.203452527743526, 5.05055487053021, 17.203452527743526, 6.643809523809524, 7.801904761904762, 32.0,
1196, 17.203452527743526, 5.05055487053021, 17.203452527743526, 8.864040660736975, 7.801904761904762, 32.0,
1197, 17.192852741836106, 5.047443006777573, 17.192852741836106, 8.864040660736975, 7.809342230695901, 32.0,
1198, 17.187557745611333, 5.045888512473052, 17.187557745611333, 8.869675778766688, 8.928610354223434, 32.0,
1199, 2.1621621621621623, 0.628992628992629, 17.2972972972973, 1.673003802281369, 0.973384030418251, 32.0,
1200, 2.1595092024539877, 0.6282208588957056, 17.2760736196319, 1.673003802281369, 1.946768060836502, 32.0,
1201, 4.324324324324325, 1.257985257985258, 17.2972972972973, 3.346007604562738, 1.946768060836502, 32.0,
1202, 4.319018404907975, 1.2564417177914111, 17.2760736196319, 3.346007604562738, 3.893536121673004, 32.0,
1203, 8.64864864864865, 2.515970515970516, 17.2972972972973, 6.692015209125476, 3.893536121673004, 32.0,
1204, 8.63803680981595, 2.5128834355828222, 17.2760736196319, 6.692015209125476, 7.787072243346008, 32.0,
1205, 17.2972972972973, 5.031941031941032, 17.2972972972973, 6.704761904761905, 7.787072243346008, 32.0,
1206, 17.2760736196319, 5.0257668711656445, 17.2760736196319, 6.704761904761905, 7.801904761904762, 32.0,
1207, 17.2760736196319, 5.0257668711656445, 17.2760736196319, 8.945362134688692, 7.801904761904762, 32.0,
1208, 17.265481299816063, 5.0226854690374, 17.265481299816063, 8.945362134688692, 7.809342230695901, 32.0,
1209, 17.260190009193995, 5.021146184492798, 17.260190009193995, 8.951048951048952, 8.928610354223434, 32.0,
1210, 2.1711491442542785, 0.6259168704156479, 17.369193154034228, 1.688212927756654, 0.973384030418251, 32.0,
1211, 2.1684981684981683, 0.6251526251526252, 17.347985347985347, 1.688212927756654, 1.946768060836502, 32.0,
1212, 4.342298288508557, 1.2518337408312958, 17.369193154034228, 3.376425855513308, 1.946768060836502, 32.0,
1213, 4.336996336996337, 1.2503052503052503, 17.347985347985347, 3.376425855513308, 3.893536121673004, 32.0,
1214, 8.684596577017114, 2.5036674816625917, 17.369193154034228, 6.752851711026616, 3.893536121673004, 32.0,
1215, 8.673992673992673, 2.5006105006105006, 17.347985347985347, 6.752851711026616, 7.787072243346008, 32.0,
1216, 17.369193154034228, 5.007334963325183, 17.369193154034228, 6.765714285714286, 7.787072243346008, 32.0,
1217, 17.347985347985347, 5.001221001221001, 17.347985347985347, 6.765714285714286, 7.801904761904762, 32.0,
1218, 17.347985347985347, 5.001221001221001, 17.347985347985347, 9.026683608640406, 7.801904761904762, 32.0,
1219, 17.33740085417938, 4.99816961561928, 17.33740085417938, 9.026683608640406, 7.809342230695901, 32.0,
1220, 17.332113449222323, 4.996645318694724, 17.332113449222323, 9.032422123331214, 8.928610354223434, 32.0,
1221, 2.1800486618004866, 0.6228710462287105, 17.440389294403893, 1.703422053231939, 0.973384030418251, 32.0,
1222, 2.177399756986634, 0.6221142162818954, 17.419198055893073, 1.703422053231939, 1.946768060836502, 32.0,
1223, 4.360097323600973, 1.245742092457421, 17.440389294403893, 3.406844106463878, 1.946768060836502, 32.0,
1224, 4.354799513973268, 1.244228432563791, 17.419198055893073, 3.406844106463878, 3.893536121673004, 32.0,
1225, 8.720194647201946, 2.491484184914842, 17.440389294403893, 6.813688212927756, 3.893536121673004, 32.0,
1226, 8.709599027946537, 2.488456865127582, 17.419198055893073, 6.813688212927756, 7.787072243346008, 32.0,
1227, 17.440389294403893, 4.982968369829684, 17.440389294403893, 6.826666666666667, 7.787072243346008, 32.0,
1228, 17.419198055893073, 4.976913730255164, 17.419198055893073, 6.826666666666667, 7.801904761904762, 32.0,
1229, 17.419198055893073, 4.976913730255164, 17.419198055893073, 9.108005082592122, 7.801904761904762, 32.0,
1230, 17.408621736490588, 4.973891924711597, 17.408621736490588, 9.108005082592122, 7.809342230695901, 32.0,
1231, 17.403338391502277, 4.972382397572079, 17.403338391502277, 9.113795295613478, 8.928610354223434, 32.0,
1232, 2.188861985472155, 0.6198547215496368, 17.51089588377724, 1.7186311787072244, 0.973384030418251, 32.0,
1233, 2.1862152357920195, 0.619105199516324, 17.489721886336156, 1.7186311787072244, 1.946768060836502, 32.0,
1234, 4.37772397094431, 1.2397094430992737, 17.51089588377724, 3.4372623574144487, 1.946768060836502, 32.0,
1235, 4.372430471584039, 1.238210399032648, 17.489721886336156, 3.4372623574144487, 3.893536121673004, 32.0,
1236, 8.75544794188862, 2.4794188861985473, 17.51089588377724, 6.8745247148288975, 3.893536121673004, 32.0,
1237, 8.744860943168078, 2.476420798065296, 17.489721886336156, 6.8745247148288975, 7.787072243346008, 32.0,
1238, 17.51089588377724, 4.958837772397095, 17.51089588377724, 6.887619047619047, 7.787072243346008, 32.0,
1239, 17.489721886336156, 4.952841596130592, 17.489721886336156, 6.887619047619047, 7.801904761904762, 32.0,
1240, 17.489721886336156, 4.952841596130592, 17.489721886336156, 9.189326556543838, 7.801904761904762, 32.0,
1241, 17.47915407854985, 4.949848942598187, 17.47915407854985, 9.189326556543838, 7.809342230695901, 32.0,
1242, 17.473874962247056, 4.9483539716097855, 17.473874962247056, 9.19516846789574, 8.928610354223434, 32.0,
1243, 2.197590361445783, 0.6168674698795181, 17.580722891566264, 1.7338403041825095, 0.973384030418251, 32.0,
1244, 2.1949458483754514, 0.6161251504211793, 17.55956678700361, 1.7338403041825095, 1.946768060836502, 32.0,
1245, 4.395180722891566, 1.2337349397590363, 17.580722891566264, 3.467680608365019, 1.946768060836502, 32.0,
1246, 4.389891696750903, 1.2322503008423586, 17.55956678700361, 3.467680608365019, 3.893536121673004, 32.0,
1247, 8.790361445783132, 2.4674698795180725, 17.580722891566264, 6.935361216730038, 3.893536121673004, 32.0,
1248, 8.779783393501805, 2.4645006016847173, 17.55956678700361, 6.935361216730038, 7.787072243346008, 32.0,
1249, 17.580722891566264, 4.934939759036145, 17.580722891566264, 6.948571428571428, 7.787072243346008, 32.0,
1250, 17.55956678700361, 4.929001203369435, 17.55956678700361, 6.948571428571428, 7.801904761904762, 32.0,
1251, 17.55956678700361, 4.929001203369435, 17.55956678700361, 9.270648030495552, 7.801904761904762, 32.0,
1252, 17.549007817197836, 4.926037282020445, 17.549007817197836, 9.270648030495552, 7.809342230695901, 32.0,
1253, 17.543733092876465, 4.924556657649534, 17.543733092876465, 9.276541640178003, 8.928610354223434, 32.0,
1254, 2.2062350119904077, 0.6139088729016786, 17.649880095923262, 1.7490494296577948, 0.973384030418251, 32.0,
1255, 2.2035928143712575, 0.6131736526946108, 17.62874251497006, 1.7490494296577948, 1.946768060836502, 32.0,
1256, 4.4124700239808154, 1.2278177458033572, 17.649880095923262, 3.4980988593155895, 1.946768060836502, 32.0,
1257, 4.407185628742515, 1.2263473053892215, 17.62874251497006, 3.4980988593155895, 3.893536121673004, 32.0,
1258, 8.824940047961631, 2.4556354916067145, 17.649880095923262, 6.996197718631179, 3.893536121673004, 32.0,
1259, 8.81437125748503, 2.452694610778443, 17.62874251497006, 6.996197718631179, 7.787072243346008, 32.0,
1260, 17.649880095923262, 4.911270983213429, 17.649880095923262, 7.0095238095238095, 7.787072243346008, 32.0,
1261, 17.62874251497006, 4.905389221556886, 17.62874251497006, 7.0095238095238095, 7.801904761904762, 32.0,
1262, 17.62874251497006, 4.905389221556886, 17.62874251497006, 9.351969504447268, 7.801904761904762, 32.0,
1263, 17.618192698982647, 4.902453620586475, 17.618192698982647, 9.351969504447268, 7.809342230695901, 32.0,
1264, 17.61292252467843, 4.900987137301825, 17.61292252467843, 9.357914812460267, 8.928610354223434, 32.0,
1265, 2.214797136038186, 0.6109785202863962, 17.718377088305488, 1.7642585551330798, 0.973384030418251, 32.0,
1266, 2.2121573301549464, 0.6102502979737783, 17.69725864123957, 1.7642585551330798, 1.946768060836502, 32.0,
1267, 4.429594272076372, 1.2219570405727924, 17.718377088305488, 3.5285171102661597, 1.946768060836502, 32.0,
1268, 4.424314660309893, 1.2205005959475566, 17.69725864123957, 3.5285171102661597, 3.893536121673004, 32.0,
1269, 8.859188544152744, 2.443914081145585, 17.718377088305488, 7.057034220532319, 3.893536121673004, 32.0,
1270, 8.848629320619786, 2.441001191895113, 17.69725864123957, 7.057034220532319, 7.787072243346008, 32.0,
1271, 17.718377088305488, 4.88782816229117, 17.718377088305488, 7.070476190476191, 7.787072243346008, 32.0,
1272, 17.69725864123957, 4.882002383790226, 17.69725864123957, 7.070476190476191, 7.801904761904762, 32.0,
1273, 17.69725864123957, 4.882002383790226, 17.69725864123957, 9.433290978398983, 7.801904761904762, 32.0,
1274, 17.68671828469327, 4.87909469922573, 17.68671828469327, 9.433290978398983, 7.809342230695901, 32.0,
1275, 17.6814528133373, 4.877642155403394, 17.6814528133373, 9.43928798474253, 8.928610354223434, 32.0,
1276, 2.223277909738717, 0.6080760095011877, 17.786223277909738, 1.779467680608365, 0.973384030418251, 32.0,
1277, 2.2206405693950177, 0.6073546856465006, 17.765124555160142, 1.779467680608365, 1.946768060836502, 32.0,
1278, 4.446555819477434, 1.2161520190023754, 17.786223277909738, 3.55893536121673, 1.946768060836502, 32.0,
1279, 4.4412811387900355, 1.2147093712930013, 17.765124555160142, 3.55893536121673, 3.893536121673004, 32.0,
1280, 8.893111638954869, 2.4323040380047507, 17.786223277909738, 7.11787072243346, 3.893536121673004, 32.0,
1281, 8.882562277580071, 2.4294187425860025, 17.765124555160142, 7.11787072243346, 7.787072243346008, 32.0,
1282, 17.786223277909738, 4.864608076009501, 17.786223277909738, 7.131428571428572, 7.787072243346008, 32.0,
1283, 17.765124555160142, 4.858837485172005, 17.765124555160142, 7.131428571428572, 7.801904761904762, 32.0,
1284, 17.765124555160142, 4.858837485172005, 17.765124555160142, 9.514612452350699, 7.801904761904762, 32.0,
1285, 17.75459395376408, 4.855957320687611, 17.75459395376408, 9.514612452350699, 7.809342230695901, 32.0,
1286, 17.749333333333333, 4.8545185185185185, 17.749333333333333, 9.520661157024794, 8.928610354223434, 32.0,
1287, 2.231678486997636, 0.6052009456264775, 17.85342789598109, 1.7946768060836502, 0.973384030418251, 32.0,
1288, 2.229043683589138, 0.6044864226682408, 17.832349468713105, 1.7946768060836502, 1.946768060836502, 32.0,
1289, 4.463356973995272, 1.210401891252955, 17.85342789598109, 3.5893536121673004, 1.946768060836502, 32.0,
1290, 4.458087367178276, 1.2089728453364816, 17.832349468713105, 3.5893536121673004, 3.893536121673004, 32.0,
1291, 8.926713947990544, 2.42080378250591, 17.85342789598109, 7.178707224334601, 3.893536121673004, 32.0,
1292, 8.916174734356552, 2.4179456906729633, 17.832349468713105, 7.178707224334601, 7.787072243346008, 32.0,
1293, 17.85342789598109, 4.84160756501182, 17.85342789598109, 7.192380952380953, 7.787072243346008, 32.0,
1294, 17.832349468713105, 4.8358913813459266, 17.832349468713105, 7.192380952380953, 7.801904761904762, 32.0,
1295, 17.832349468713105, 4.8358913813459266, 17.832349468713105, 9.595933926302415, 7.801904761904762, 32.0,
1296, 17.821828908554572, 4.833038348082596, 17.821828908554572, 9.595933926302415, 7.809342230695901, 32.0,
1297, 17.816573282217636, 4.831613093482749, 17.816573282217636, 9.602034329307056, 8.928610354223434, 32.0,
1298, 2.24, 0.6023529411764705, 17.92, 1.8098859315589353, 0.973384030418251, 32.0,
1299, 2.2373678025851937, 0.6016451233842538, 17.89894242068155, 1.8098859315589353, 1.946768060836502, 32.0,
1300, 4.48, 1.204705882352941, 17.92, 3.6197718631178706, 1.946768060836502, 32.0,
1301, 4.4747356051703875, 1.2032902467685076, 17.89894242068155, 3.6197718631178706, 3.893536121673004, 32.0,
1302, 8.96, 2.409411764705882, 17.92, 7.239543726235741, 3.893536121673004, 32.0,
1303, 8.949471210340775, 2.406580493537015, 17.89894242068155, 7.239543726235741, 7.787072243346008, 32.0,
1304, 17.92, 4.818823529411764, 17.92, 7.253333333333333, 7.787072243346008, 32.0,
1305, 17.89894242068155, 4.81316098707403, 17.89894242068155, 7.253333333333333, 7.801904761904762, 32.0,
1306, 17.89894242068155, 4.81316098707403, 17.89894242068155, 9.67725540025413, 7.801904761904762, 32.0,
1307, 17.888432178508513, 4.810334703464474, 17.888432178508513, 9.67725540025413, 7.809342230695901, 32.0,
1308, 17.883181684766658, 4.808922805987672, 17.883181684766658, 9.68340750158932, 8.928610354223434, 32.0,
1309, 2.2482435597189694, 0.5995316159250585, 17.985948477751755, 1.8250950570342206, 0.973384030418251, 32.0,
1310, 2.245614035087719, 0.5988304093567252, 17.964912280701753, 1.8250950570342206, 1.946768060836502, 32.0,
1311, 4.496487119437939, 1.199063231850117, 17.985948477751755, 3.650190114068441, 1.946768060836502, 32.0,
1312, 4.491228070175438, 1.1976608187134503, 17.964912280701753, 3.650190114068441, 3.893536121673004, 32.0,
1313, 8.992974238875878, 2.398126463700234, 17.985948477751755, 7.300380228136882, 3.893536121673004, 32.0,
1314, 8.982456140350877, 2.3953216374269006, 17.964912280701753, 7.300380228136882, 7.787072243346008, 32.0,
1315, 17.985948477751755, 4.796252927400468, 17.985948477751755, 7.314285714285714, 7.787072243346008, 32.0,
1316, 17.964912280701753, 4.790643274853801, 17.964912280701753, 7.314285714285714, 7.801904761904762, 32.0,
1317, 17.964912280701753, 4.790643274853801, 17.964912280701753, 9.758576874205845, 7.801904761904762, 32.0,
1318, 17.954412624196376, 4.787843366452367, 17.954412624196376, 9.758576874205845, 7.809342230695901, 32.0,
1319, 17.949167397020158, 4.786444639205375, 17.949167397020158, 9.764780673871583, 8.928610354223434, 32.0,
1320, 2.2564102564102564, 0.5967365967365967, 18.05128205128205, 1.8403041825095057, 0.973384030418251, 32.0,
1321, 2.2537834691501746, 0.5960419091967404, 18.030267753201397, 1.8403041825095057, 1.946768060836502, 32.0,
1322, 4.512820512820513, 1.1934731934731935, 18.05128205128205, 3.6806083650190113, 1.946768060836502, 32.0,
1323, 4.507566938300349, 1.1920838183934808, 18.030267753201397, 3.6806083650190113, 3.893536121673004, 32.0,
1324, 9.025641025641026, 2.386946386946387, 18.05128205128205, 7.361216730038023, 3.893536121673004, 32.0,
1325, 9.015133876600698, 2.3841676367869615, 18.030267753201397, 7.361216730038023, 7.787072243346008, 32.0,
1326, 18.05128205128205, 4.773892773892774, 18.05128205128205, 7.375238095238095, 7.787072243346008, 32.0,
1327, 18.030267753201397, 4.768335273573923, 18.030267753201397, 7.375238095238095, 7.801904761904762, 32.0,
1328, 18.030267753201397, 4.768335273573923, 18.030267753201397, 9.83989834815756, 7.801904761904762, 32.0,
1329, 18.01977894124491, 4.765561372891216, 18.01977894124491, 9.83989834815756, 7.809342230695901, 32.0,
1330, 18.014539110206456, 4.764175632451294, 18.014539110206456, 9.846153846153847, 8.928610354223434, 32.0,
1331, 2.2645011600928076, 0.5939675174013921, 18.11600928074246, 1.855513307984791, 0.973384030418251, 32.0,
1332, 2.2618771726535343, 0.593279258400927, 18.095017381228274, 1.855513307984791, 1.946768060836502, 32.0,
1333, 4.529002320185615, 1.1879350348027842, 18.11600928074246, 3.711026615969582, 1.946768060836502, 32.0,
1334, 4.5237543453070685, 1.186558516801854, 18.095017381228274, 3.711026615969582, 3.893536121673004, 32.0,
1335, 9.05800464037123, 2.3758700696055683, 18.11600928074246, 7.422053231939164, 3.893536121673004, 32.0,
1336, 9.047508690614137, 2.373117033603708, 18.095017381228274, 7.422053231939164, 7.787072243346008, 32.0,
1337, 18.11600928074246, 4.751740139211137, 18.11600928074246, 7.436190476190476, 7.787072243346008, 32.0,
1338, 18.095017381228274, 4.746234067207416, 18.095017381228274, 7.436190476190476, 7.801904761904762, 32.0,
1339, 18.095017381228274, 4.746234067207416, 18.095017381228274, 9.921219822109276, 7.801904761904762, 32.0,
1340, 18.0845396641575, 4.7434858135495075, 18.0845396641575, 9.921219822109276, 7.809342230695901, 32.0,
1341, 18.07930535455861, 4.742112879884226, 18.07930535455861, 9.927527018436109, 8.928610354223434, 32.0,
1342, 2.272517321016166, 0.5912240184757506, 18.18013856812933, 1.870722433460076, 0.973384030418251, 32.0,
1343, 2.2698961937716264, 0.5905420991926182, 18.15916955017301, 1.870722433460076, 1.946768060836502, 32.0,
1344, 4.545034642032332, 1.1824480369515011, 18.18013856812933, 3.741444866920152, 1.946768060836502, 32.0,
1345, 4.539792387543253, 1.1810841983852365, 18.15916955017301, 3.741444866920152, 3.893536121673004, 32.0,
1346, 9.090069284064665, 2.3648960739030023, 18.18013856812933, 7.482889733840304, 3.893536121673004, 32.0,
1347, 9.079584775086506, 2.362168396770473, 18.15916955017301, 7.482889733840304, 7.787072243346008, 32.0,
1348, 18.18013856812933, 4.7297921478060045, 18.18013856812933, 7.497142857142857, 7.787072243346008, 32.0,
1349, 18.15916955017301, 4.724336793540946, 18.15916955017301, 7.497142857142857, 7.801904761904762, 32.0,
1350, 18.15916955017301, 4.724336793540946, 18.15916955017301, 7.504289799809342, 7.801904761904762, 32.0,
1351, 18.148703170028817, 4.721613832853026, 18.148703170028817, 7.504289799809342, 7.809342230695901, 32.0,
1352, 18.143474503025065, 4.720253529242293, 18.143474503025065, 8.579836512261581, 8.928610354223434, 32.0,
1353, 2.2804597701149425, 0.5885057471264368, 18.24367816091954, 1.8859315589353611, 0.973384030418251, 32.0,
1354, 2.277841561423651, 0.5878300803673938, 18.22273249138921, 1.8859315589353611, 1.946768060836502, 32.0,
1355, 4.560919540229885, 1.1770114942528735, 18.24367816091954, 3.7718631178707223, 1.946768060836502, 32.0,
1356, 4.555683122847302, 1.1756601607347876, 18.22273249138921, 3.7718631178707223, 3.893536121673004, 32.0,
1357, 9.12183908045977, 2.354022988505747, 18.24367816091954, 7.5437262357414445, 3.893536121673004, 32.0,
1358, 9.111366245694605, 2.3513203214695753, 18.22273249138921, 7.5437262357414445, 7.787072243346008, 32.0,
1359, 18.24367816091954, 4.708045977011494, 18.24367816091954, 7.558095238095238, 7.787072243346008, 32.0,
1360, 18.22273249138921, 4.7026406429391505, 18.22273249138921, 7.558095238095238, 7.801904761904762, 32.0,
1361, 18.22273249138921, 4.7026406429391505, 18.22273249138921, 7.565300285986654, 7.801904761904762, 32.0,
1362, 18.2122776821572, 4.699942627653471, 18.2122776821572, 7.565300285986654, 7.809342230695901, 32.0,
1363, 18.20705477487812, 4.698594780613708, 18.20705477487812, 8.64959128065395, 8.928610354223434, 32.0,
1364, 2.288329519450801, 0.585812356979405, 18.30663615560641, 1.9011406844106464, 0.973384030418251, 32.0,
1365, 2.2857142857142856, 0.5851428571428572, 18.285714285714285, 1.9011406844106464, 1.946768060836502, 32.0,
1366, 4.576659038901602, 1.17162471395881, 18.30663615560641, 3.802281368821293, 1.946768060836502, 32.0,
1367, 4.571428571428571, 1.1702857142857144, 18.285714285714285, 3.802281368821293, 3.893536121673004, 32.0,
1368, 9.153318077803204, 2.34324942791762, 18.30663615560641, 7.604562737642586, 3.893536121673004, 32.0,
1369, 9.142857142857142, 2.3405714285714287, 18.285714285714285, 7.604562737642586, 7.787072243346008, 32.0,
1370, 18.30663615560641, 4.68649885583524, 18.30663615560641, 7.619047619047619, 7.787072243346008, 32.0,
1371, 18.285714285714285, 4.6811428571428575, 18.285714285714285, 7.619047619047619, 7.801904761904762, 32.0,
1372, 18.285714285714285, 4.6811428571428575, 18.285714285714285, 7.626310772163966, 7.801904761904762, 32.0,
1373, 18.275271273557966, 4.67846944603084, 18.275271273557966, 7.626310772163966, 7.809342230695901, 32.0,
1374, 18.270054239223523, 4.677133885241222, 18.270054239223523, 8.719346049046322, 8.928610354223434, 32.0,
1375, 2.296127562642369, 0.5831435079726651, 18.36902050113895, 1.9163498098859315, 0.973384030418251, 32.0,
1376, 2.2935153583617747, 0.5824800910125142, 18.348122866894197, 1.9163498098859315, 1.946768060836502, 32.0,
1377, 4.592255125284738, 1.1662870159453302, 18.36902050113895, 3.832699619771863, 1.946768060836502, 32.0,
1378, 4.587030716723549, 1.1649601820250284, 18.348122866894197, 3.832699619771863, 3.893536121673004, 32.0,
1379, 9.184510250569476, 2.3325740318906605, 18.36902050113895, 7.665399239543726, 3.893536121673004, 32.0,
1380, 9.174061433447099, 2.3299203640500568, 18.348122866894197, 7.665399239543726, 7.787072243346008, 32.0,
1381, 18.36902050113895, 4.665148063781321, 18.36902050113895, 7.68, 7.787072243346008, 32.0,
1382, 18.348122866894197, 4.6598407281001135, 18.348122866894197, 7.68, 7.801904761904762, 32.0,
1383, 18.348122866894197, 4.6598407281001135, 18.348122866894197, 7.687321258341277, 7.801904761904762, 32.0,
1384, 18.337691870380898, 4.657191586128482, 18.337691870380898, 7.687321258341277, 7.809342230695901, 32.0,
1385, 18.33248081841432, 4.655868144359193, 18.33248081841432, 8.789100817438692, 8.928610354223434, 32.0,
1386, 2.303854875283447, 0.5804988662131519, 18.430839002267575, 1.9315589353612168, 0.973384030418251, 32.0,
1387, 2.3012457531143826, 0.579841449603624, 18.40996602491506, 1.9315589353612168, 1.946768060836502, 32.0,
1388, 4.607709750566894, 1.1609977324263039, 18.430839002267575, 3.8631178707224336, 1.946768060836502, 32.0,
1389, 4.602491506228765, 1.159682899207248, 18.40996602491506, 3.8631178707224336, 3.893536121673004, 32.0,
1390, 9.215419501133788, 2.3219954648526078, 18.430839002267575, 7.726235741444867, 3.893536121673004, 32.0,
1391, 9.20498301245753, 2.319365798414496, 18.40996602491506, 7.726235741444867, 7.787072243346008, 32.0,
1392, 18.430839002267575, 4.6439909297052155, 18.430839002267575, 7.740952380952381, 7.787072243346008, 32.0,
1393, 18.40996602491506, 4.638731596828992, 18.40996602491506, 7.740952380952381, 7.801904761904762, 32.0,
1394, 18.40996602491506, 4.638731596828992, 18.40996602491506, 7.748331744518589, 7.801904761904762, 32.0,
1395, 18.39954725523486, 4.636106395019808, 18.39954725523486, 7.748331744518589, 7.809342230695901, 32.0,
1396, 18.394342291371995, 4.634794908062235, 18.394342291371995, 8.858855585831062, 8.928610354223434, 32.0,
1397, 2.311512415349887, 0.5778781038374717, 18.492099322799096, 1.946768060836502, 0.973384030418251, 32.0,
1398, 2.3089064261555805, 0.5772266065388951, 18.471251409244644, 1.946768060836502, 1.946768060836502, 32.0,
1399, 4.623024830699774, 1.1557562076749435, 18.492099322799096, 3.893536121673004, 1.946768060836502, 32.0,
1400, 4.617812852311161, 1.1544532130777903, 18.471251409244644, 3.893536121673004, 3.893536121673004, 32.0,
1401, 9.246049661399548, 2.311512415349887, 18.492099322799096, 7.787072243346008, 3.893536121673004, 32.0,
1402, 9.235625704622322, 2.3089064261555805, 18.471251409244644, 7.787072243346008, 7.787072243346008, 32.0,
1403, 18.492099322799096, 4.623024830699774, 18.492099322799096, 7.801904761904762, 7.787072243346008, 32.0,
1404, 18.471251409244644, 4.617812852311161, 18.471251409244644, 7.801904761904762, 7.801904761904762, 32.0,
1405, 18.471251409244644, 4.617812852311161, 18.471251409244644, 7.809342230695901, 7.801904761904762, 32.0,
1406, 18.460845070422536, 4.615211267605634, 18.460845070422536, 7.809342230695901, 7.809342230695901, 32.0,
1407, 18.455646296817797, 4.613911574204449, 18.455646296817797, 8.928610354223434, 8.928610354223434, 32.0,
