LayerID, SRAM IFMAP Start Cycle, SRAM IFMAP Stop Cycle, SRAM IFMAP Reads, SRAM Filter Start Cycle, SRAM Filter Stop Cycle, SRAM Filter Reads, SRAM OFMAP Start Cycle, SRAM OFMAP Stop Cycle, SRAM OFMAP Writes, DRAM IFMAP Start Cycle, DRAM IFMAP Stop Cycle, DRAM IFMAP Reads, DRAM Filter Start Cycle, DRAM Filter Stop Cycle, DRAM Filter Reads, DRAM OFMAP Start Cycle, DRAM OFMAP Stop Cycle, DRAM OFMAP Writes,
0, 33.0, 131.0, 8, 29.0, 127.0, 256, 63.0, 189.0, 64, -263.0, -1.0, 4, -263.0, -1.0, 256, 189.0, 190.0, 64,
1, 33.0, 321.0, 16, 29.0, 317.0, 512, 63.0, 379.0, 128, -263.0, -1.0, 4, -263.0, -1.0, 512, 379.0, 382.0, 128,
2, 33.0, 135.0, 16, 25.0, 127.0, 512, 63.0, 189.0, 64, -263.0, -1.0, 8, -263.0, -1.0, 512, 189.0, 190.0, 64,
3, 33.0, 325.0, 32, 25.0, 317.0, 1024, 63.0, 379.0, 128, -263.0, -1.0, 8, -263.0, -1.0, 1024, 379.0, 382.0, 128,
4, 33.0, 143.0, 32, 17.0, 127.0, 1024, 63.0, 189.0, 64, -263.0, -1.0, 16, -263.0, -1.0, 1024, 189.0, 190.0, 64,
5, 33.0, 333.0, 64, 17.0, 317.0, 2048, 63.0, 379.0, 128, -263.0, -1.0, 16, -263.0, -1.0, 2048, 379.0, 382.0, 128,
6, 33.0, 159.0, 64, 1.0, 127.0, 2048, 63.0, 189.0, 64, -263.0, -1.0, 32, -263.0, -1.0, 2048, 189.0, 190.0, 64,
7, 33.0, 349.0, 128, 1.0, 317.0, 4096, 63.0, 379.0, 128, -263.0, -1.0, 32, -525.0, -1.0, 4096, 379.0, 382.0, 128,
8, 33.0, 349.0, 128, 1.0, 317.0, 4096, 63.0, 379.0, 128, -263.0, -1.0, 64, -525.0, -1.0, 4096, 379.0, 382.0, 128,
9, 33.0, 729.0, 256, 1.0, 697.0, 8192, 63.0, 759.0, 256, -263.0, -1.0, 64, -1049.0, -1.0, 8192, 759.0, 766.0, 256,
10, 33.0, 1489.0, 512, 1.0, 1457.0, 16384, 63.0, 1519.0, 512, -263.0, -1.0, 128, -1835.0, -1.0, 16384, 1519.0, 1534.0, 512,
11, 33.0, 133.0, 16, 29.0, 128.0, 256, 63.0, 191.0, 128, -263.0, -1.0, 8, -263.0, -1.0, 256, 191.0, 194.0, 128,
12, 33.0, 325.0, 32, 29.0, 320.0, 512, 63.0, 383.0, 256, -263.0, -1.0, 8, -263.0, -1.0, 512, 383.0, 390.0, 256,
13, 33.0, 137.0, 32, 25.0, 128.0, 512, 63.0, 191.0, 128, -263.0, -1.0, 16, -263.0, -1.0, 512, 191.0, 194.0, 128,
14, 33.0, 329.0, 64, 25.0, 320.0, 1024, 63.0, 383.0, 256, -263.0, -1.0, 16, -263.0, -1.0, 1024, 383.0, 390.0, 256,
15, 33.0, 145.0, 64, 17.0, 128.0, 1024, 63.0, 191.0, 128, -263.0, -1.0, 32, -263.0, -1.0, 1024, 191.0, 194.0, 128,
16, 33.0, 337.0, 128, 17.0, 320.0, 2048, 63.0, 383.0, 256, -263.0, -1.0, 32, -263.0, -1.0, 2048, 383.0, 390.0, 256,
17, 33.0, 161.0, 128, 1.0, 128.0, 2048, 63.0, 191.0, 128, -263.0, -1.0, 64, -263.0, -1.0, 2048, 191.0, 194.0, 128,
18, 33.0, 353.0, 256, 1.0, 320.0, 4096, 63.0, 383.0, 256, -263.0, -1.0, 64, -525.0, -1.0, 4096, 383.0, 390.0, 256,
19, 33.0, 353.0, 256, 1.0, 320.0, 4096, 63.0, 383.0, 256, -263.0, -1.0, 128, -525.0, -1.0, 4096, 383.0, 390.0, 256,
20, 33.0, 737.0, 512, 1.0, 704.0, 8192, 63.0, 767.0, 512, -263.0, -1.0, 128, -1049.0, -1.0, 8192, 767.0, 782.0, 512,
21, 33.0, 1505.0, 1024, 1.0, 1472.0, 16384, 63.0, 1535.0, 1024, -263.0, -1.0, 256, -1835.0, -1.0, 16384, 1535.0, 1566.0, 1024,
22, 33.0, 135.0, 24, 29.0, 129.0, 256, 63.0, 193.0, 192, -263.0, -1.0, 12, -263.0, -1.0, 256, 193.0, 198.0, 192,
23, 33.0, 329.0, 48, 29.0, 323.0, 512, 63.0, 387.0, 384, -263.0, -1.0, 12, -263.0, -1.0, 512, 387.0, 398.0, 384,
24, 33.0, 139.0, 48, 25.0, 129.0, 512, 63.0, 193.0, 192, -263.0, -1.0, 24, -263.0, -1.0, 512, 193.0, 198.0, 192,
25, 33.0, 333.0, 96, 25.0, 323.0, 1024, 63.0, 387.0, 384, -263.0, -1.0, 24, -263.0, -1.0, 1024, 387.0, 398.0, 384,
26, 33.0, 147.0, 96, 17.0, 129.0, 1024, 63.0, 193.0, 192, -263.0, -1.0, 48, -263.0, -1.0, 1024, 193.0, 198.0, 192,
27, 33.0, 341.0, 192, 17.0, 323.0, 2048, 63.0, 387.0, 384, -263.0, -1.0, 48, -263.0, -1.0, 2048, 387.0, 398.0, 384,
28, 33.0, 163.0, 192, 1.0, 129.0, 2048, 63.0, 193.0, 192, -263.0, -1.0, 96, -263.0, -1.0, 2048, 193.0, 198.0, 192,
29, 33.0, 357.0, 384, 1.0, 323.0, 4096, 63.0, 387.0, 384, -263.0, -1.0, 96, -525.0, -1.0, 4096, 387.0, 398.0, 384,
30, 33.0, 357.0, 384, 1.0, 323.0, 4096, 63.0, 387.0, 384, -263.0, -1.0, 192, -525.0, -1.0, 4096, 387.0, 398.0, 384,
31, 33.0, 745.0, 768, 1.0, 711.0, 8192, 63.0, 775.0, 768, -263.0, -1.0, 192, -1049.0, -1.0, 8192, 775.0, 798.0, 768,
32, 33.0, 1521.0, 1536, 1.0, 1487.0, 16384, 63.0, 1551.0, 1536, -263.0, -1.0, 384, -1835.0, -1.0, 16384, 1551.0, 1598.0, 1536,
33, 33.0, 137.0, 32, 29.0, 130.0, 256, 63.0, 195.0, 256, -263.0, -1.0, 16, -263.0, -1.0, 256, 195.0, 202.0, 256,
34, 33.0, 333.0, 64, 29.0, 326.0, 512, 63.0, 391.0, 512, -263.0, -1.0, 16, -263.0, -1.0, 512, 391.0, 406.0, 512,
35, 33.0, 141.0, 64, 25.0, 130.0, 512, 63.0, 195.0, 256, -263.0, -1.0, 32, -263.0, -1.0, 512, 195.0, 202.0, 256,
36, 33.0, 337.0, 128, 25.0, 326.0, 1024, 63.0, 391.0, 512, -263.0, -1.0, 32, -263.0, -1.0, 1024, 391.0, 406.0, 512,
37, 33.0, 149.0, 128, 17.0, 130.0, 1024, 63.0, 195.0, 256, -263.0, -1.0, 64, -263.0, -1.0, 1024, 195.0, 202.0, 256,
38, 33.0, 345.0, 256, 17.0, 326.0, 2048, 63.0, 391.0, 512, -263.0, -1.0, 64, -263.0, -1.0, 2048, 391.0, 406.0, 512,
39, 33.0, 165.0, 256, 1.0, 130.0, 2048, 63.0, 195.0, 256, -263.0, -1.0, 128, -263.0, -1.0, 2048, 195.0, 202.0, 256,
40, 33.0, 361.0, 512, 1.0, 326.0, 4096, 63.0, 391.0, 512, -263.0, -1.0, 128, -525.0, -1.0, 4096, 391.0, 406.0, 512,
41, 33.0, 361.0, 512, 1.0, 326.0, 4096, 63.0, 391.0, 512, -263.0, -1.0, 256, -525.0, -1.0, 4096, 391.0, 406.0, 512,
42, 33.0, 753.0, 1024, 1.0, 718.0, 8192, 63.0, 783.0, 1024, -263.0, -1.0, 256, -1049.0, -1.0, 8192, 783.0, 814.0, 1024,
43, 33.0, 1537.0, 2048, 1.0, 1502.0, 16384, 63.0, 1567.0, 2048, -263.0, -1.0, 512, -1835.0, -1.0, 16384, 1567.0, 1630.0, 2048,
44, 33.0, 139.0, 40, 29.0, 131.0, 256, 63.0, 197.0, 320, -263.0, -1.0, 20, -263.0, -1.0, 256, 197.0, 206.0, 320,
45, 33.0, 337.0, 80, 29.0, 329.0, 512, 63.0, 395.0, 640, -263.0, -1.0, 20, -263.0, -1.0, 512, 395.0, 414.0, 640,
46, 33.0, 143.0, 80, 25.0, 131.0, 512, 63.0, 197.0, 320, -263.0, -1.0, 40, -263.0, -1.0, 512, 197.0, 206.0, 320,
47, 33.0, 341.0, 160, 25.0, 329.0, 1024, 63.0, 395.0, 640, -263.0, -1.0, 40, -263.0, -1.0, 1024, 395.0, 414.0, 640,
48, 33.0, 151.0, 160, 17.0, 131.0, 1024, 63.0, 197.0, 320, -263.0, -1.0, 80, -263.0, -1.0, 1024, 197.0, 206.0, 320,
49, 33.0, 349.0, 320, 17.0, 329.0, 2048, 63.0, 395.0, 640, -263.0, -1.0, 80, -263.0, -1.0, 2048, 395.0, 414.0, 640,
50, 33.0, 167.0, 320, 1.0, 131.0, 2048, 63.0, 197.0, 320, -263.0, -1.0, 160, -263.0, -1.0, 2048, 197.0, 206.0, 320,
51, 33.0, 365.0, 640, 1.0, 329.0, 4096, 63.0, 395.0, 640, -263.0, -1.0, 160, -525.0, -1.0, 4096, 395.0, 414.0, 640,
52, 33.0, 365.0, 640, 1.0, 329.0, 4096, 63.0, 395.0, 640, -263.0, -1.0, 320, -525.0, -1.0, 4096, 395.0, 414.0, 640,
53, 33.0, 761.0, 1280, 1.0, 725.0, 8192, 63.0, 791.0, 1280, -263.0, -1.0, 320, -1049.0, -1.0, 8192, 791.0, 830.0, 1280,
54, 33.0, 1553.0, 2560, 1.0, 1517.0, 16384, 63.0, 1583.0, 2560, -263.0, -1.0, 640, -1835.0, -1.0, 16384, 1583.0, 1662.0, 2560,
55, 33.0, 141.0, 48, 29.0, 132.0, 256, 63.0, 199.0, 384, -263.0, -1.0, 24, -263.0, -1.0, 256, 199.0, 210.0, 384,
56, 33.0, 341.0, 96, 29.0, 332.0, 512, 63.0, 399.0, 768, -263.0, -1.0, 24, -263.0, -1.0, 512, 399.0, 422.0, 768,
57, 33.0, 145.0, 96, 25.0, 132.0, 512, 63.0, 199.0, 384, -263.0, -1.0, 48, -263.0, -1.0, 512, 199.0, 210.0, 384,
58, 33.0, 345.0, 192, 25.0, 332.0, 1024, 63.0, 399.0, 768, -263.0, -1.0, 48, -263.0, -1.0, 1024, 399.0, 422.0, 768,
59, 33.0, 153.0, 192, 17.0, 132.0, 1024, 63.0, 199.0, 384, -263.0, -1.0, 96, -263.0, -1.0, 1024, 199.0, 210.0, 384,
60, 33.0, 353.0, 384, 17.0, 332.0, 2048, 63.0, 399.0, 768, -263.0, -1.0, 96, -263.0, -1.0, 2048, 399.0, 422.0, 768,
61, 33.0, 169.0, 384, 1.0, 132.0, 2048, 63.0, 199.0, 384, -263.0, -1.0, 192, -263.0, -1.0, 2048, 199.0, 210.0, 384,
62, 33.0, 369.0, 768, 1.0, 332.0, 4096, 63.0, 399.0, 768, -263.0, -1.0, 192, -525.0, -1.0, 4096, 399.0, 422.0, 768,
63, 33.0, 369.0, 768, 1.0, 332.0, 4096, 63.0, 399.0, 768, -263.0, -1.0, 384, -525.0, -1.0, 4096, 399.0, 422.0, 768,
64, 33.0, 769.0, 1536, 1.0, 732.0, 8192, 63.0, 799.0, 1536, -263.0, -1.0, 384, -1049.0, -1.0, 8192, 799.0, 846.0, 1536,
65, 33.0, 1569.0, 3072, 1.0, 1532.0, 16384, 63.0, 1599.0, 3072, -263.0, -1.0, 768, -1835.0, -1.0, 16384, 1599.0, 1694.0, 3072,
66, 33.0, 143.0, 56, 29.0, 133.0, 256, 63.0, 201.0, 448, -263.0, -1.0, 28, -263.0, -1.0, 256, 201.0, 214.0, 448,
67, 33.0, 345.0, 112, 29.0, 335.0, 512, 63.0, 403.0, 896, -263.0, -1.0, 28, -263.0, -1.0, 512, 403.0, 430.0, 896,
68, 33.0, 147.0, 112, 25.0, 133.0, 512, 63.0, 201.0, 448, -263.0, -1.0, 56, -263.0, -1.0, 512, 201.0, 214.0, 448,
69, 33.0, 349.0, 224, 25.0, 335.0, 1024, 63.0, 403.0, 896, -263.0, -1.0, 56, -263.0, -1.0, 1024, 403.0, 430.0, 896,
70, 33.0, 155.0, 224, 17.0, 133.0, 1024, 63.0, 201.0, 448, -263.0, -1.0, 112, -263.0, -1.0, 1024, 201.0, 214.0, 448,
71, 33.0, 357.0, 448, 17.0, 335.0, 2048, 63.0, 403.0, 896, -263.0, -1.0, 112, -263.0, -1.0, 2048, 403.0, 430.0, 896,
72, 33.0, 171.0, 448, 1.0, 133.0, 2048, 63.0, 201.0, 448, -263.0, -1.0, 224, -263.0, -1.0, 2048, 201.0, 214.0, 448,
73, 33.0, 373.0, 896, 1.0, 335.0, 4096, 63.0, 403.0, 896, -263.0, -1.0, 224, -525.0, -1.0, 4096, 403.0, 430.0, 896,
74, 33.0, 373.0, 896, 1.0, 335.0, 4096, 63.0, 403.0, 896, -263.0, -1.0, 448, -525.0, -1.0, 4096, 403.0, 430.0, 896,
75, 33.0, 777.0, 1792, 1.0, 739.0, 8192, 63.0, 807.0, 1792, -263.0, -1.0, 448, -1049.0, -1.0, 8192, 807.0, 862.0, 1792,
76, 33.0, 1585.0, 3584, 1.0, 1547.0, 16384, 63.0, 1615.0, 3584, -263.0, -1.0, 896, -1835.0, -1.0, 16384, 1615.0, 1726.0, 3584,
77, 33.0, 145.0, 64, 29.0, 134.0, 256, 63.0, 203.0, 512, -263.0, -1.0, 32, -263.0, -1.0, 256, 203.0, 218.0, 512,
78, 33.0, 349.0, 128, 29.0, 338.0, 512, 63.0, 407.0, 1024, -263.0, -1.0, 32, -263.0, -1.0, 512, 407.0, 438.0, 1024,
79, 33.0, 149.0, 128, 25.0, 134.0, 512, 63.0, 203.0, 512, -263.0, -1.0, 64, -263.0, -1.0, 512, 203.0, 218.0, 512,
80, 33.0, 353.0, 256, 25.0, 338.0, 1024, 63.0, 407.0, 1024, -263.0, -1.0, 64, -263.0, -1.0, 1024, 407.0, 438.0, 1024,
81, 33.0, 157.0, 256, 17.0, 134.0, 1024, 63.0, 203.0, 512, -263.0, -1.0, 128, -263.0, -1.0, 1024, 203.0, 218.0, 512,
82, 33.0, 361.0, 512, 17.0, 338.0, 2048, 63.0, 407.0, 1024, -263.0, -1.0, 128, -263.0, -1.0, 2048, 407.0, 438.0, 1024,
83, 33.0, 173.0, 512, 1.0, 134.0, 2048, 63.0, 203.0, 512, -263.0, -1.0, 256, -263.0, -1.0, 2048, 203.0, 218.0, 512,
84, 33.0, 377.0, 1024, 1.0, 338.0, 4096, 63.0, 407.0, 1024, -263.0, -1.0, 256, -525.0, -1.0, 4096, 407.0, 438.0, 1024,
85, 33.0, 377.0, 1024, 1.0, 338.0, 4096, 63.0, 407.0, 1024, -263.0, -1.0, 512, -525.0, -1.0, 4096, 407.0, 438.0, 1024,
86, 33.0, 785.0, 2048, 1.0, 746.0, 8192, 63.0, 815.0, 2048, -263.0, -1.0, 512, -1049.0, -1.0, 8192, 815.0, 878.0, 2048,
87, 33.0, 1601.0, 4096, 1.0, 1562.0, 16384, 63.0, 1631.0, 4096, -263.0, -1.0, 1024, -1835.0, -1.0, 16384, 1631.0, 1758.0, 4096,
88, 33.0, 147.0, 72, 29.0, 135.0, 256, 63.0, 205.0, 576, -263.0, -1.0, 36, -263.0, -1.0, 256, 205.0, 222.0, 576,
89, 33.0, 353.0, 144, 29.0, 341.0, 512, 63.0, 411.0, 1152, -263.0, -1.0, 36, -263.0, -1.0, 512, 411.0, 446.0, 1152,
90, 33.0, 151.0, 144, 25.0, 135.0, 512, 63.0, 205.0, 576, -263.0, -1.0, 72, -263.0, -1.0, 512, 205.0, 222.0, 576,
91, 33.0, 357.0, 288, 25.0, 341.0, 1024, 63.0, 411.0, 1152, -263.0, -1.0, 72, -263.0, -1.0, 1024, 411.0, 446.0, 1152,
92, 33.0, 159.0, 288, 17.0, 135.0, 1024, 63.0, 205.0, 576, -263.0, -1.0, 144, -263.0, -1.0, 1024, 205.0, 222.0, 576,
93, 33.0, 365.0, 576, 17.0, 341.0, 2048, 63.0, 411.0, 1152, -263.0, -1.0, 144, -263.0, -1.0, 2048, 411.0, 446.0, 1152,
94, 33.0, 175.0, 576, 1.0, 135.0, 2048, 63.0, 205.0, 576, -263.0, -1.0, 288, -263.0, -1.0, 2048, 205.0, 222.0, 576,
95, 33.0, 381.0, 1152, 1.0, 341.0, 4096, 63.0, 411.0, 1152, -263.0, -1.0, 288, -525.0, -1.0, 4096, 411.0, 446.0, 1152,
96, 33.0, 381.0, 1152, 1.0, 341.0, 4096, 63.0, 411.0, 1152, -263.0, -1.0, 576, -525.0, -1.0, 4096, 411.0, 446.0, 1152,
97, 33.0, 793.0, 2304, 1.0, 753.0, 8192, 63.0, 823.0, 2304, -263.0, -1.0, 576, -1049.0, -1.0, 8192, 823.0, 894.0, 2304,
98, 33.0, 1617.0, 4608, 1.0, 1577.0, 16384, 63.0, 1647.0, 4608, -263.0, -1.0, 1152, -1835.0, -1.0, 16384, 1647.0, 1790.0, 4608,
99, 33.0, 149.0, 80, 29.0, 136.0, 256, 63.0, 207.0, 640, -263.0, -1.0, 40, -263.0, -1.0, 256, 207.0, 226.0, 640,
100, 33.0, 357.0, 160, 29.0, 344.0, 512, 63.0, 415.0, 1280, -263.0, -1.0, 40, -263.0, -1.0, 512, 415.0, 454.0, 1280,
101, 33.0, 153.0, 160, 25.0, 136.0, 512, 63.0, 207.0, 640, -263.0, -1.0, 80, -263.0, -1.0, 512, 207.0, 226.0, 640,
102, 33.0, 361.0, 320, 25.0, 344.0, 1024, 63.0, 415.0, 1280, -263.0, -1.0, 80, -263.0, -1.0, 1024, 415.0, 454.0, 1280,
103, 33.0, 161.0, 320, 17.0, 136.0, 1024, 63.0, 207.0, 640, -263.0, -1.0, 160, -263.0, -1.0, 1024, 207.0, 226.0, 640,
104, 33.0, 369.0, 640, 17.0, 344.0, 2048, 63.0, 415.0, 1280, -263.0, -1.0, 160, -263.0, -1.0, 2048, 415.0, 454.0, 1280,
105, 33.0, 177.0, 640, 1.0, 136.0, 2048, 63.0, 207.0, 640, -263.0, -1.0, 320, -263.0, -1.0, 2048, 207.0, 226.0, 640,
106, 33.0, 385.0, 1280, 1.0, 344.0, 4096, 63.0, 415.0, 1280, -263.0, -1.0, 320, -525.0, -1.0, 4096, 415.0, 454.0, 1280,
107, 33.0, 385.0, 1280, 1.0, 344.0, 4096, 63.0, 415.0, 1280, -263.0, -1.0, 640, -525.0, -1.0, 4096, 415.0, 454.0, 1280,
108, 33.0, 801.0, 2560, 1.0, 760.0, 8192, 63.0, 831.0, 2560, -263.0, -1.0, 640, -1049.0, -1.0, 8192, 831.0, 910.0, 2560,
109, 33.0, 1633.0, 5120, 1.0, 1592.0, 16384, 63.0, 1663.0, 5120, -263.0, -1.0, 1280, -1835.0, -1.0, 16384, 1663.0, 1822.0, 5120,
110, 33.0, 151.0, 88, 29.0, 137.0, 256, 63.0, 209.0, 704, -263.0, -1.0, 44, -263.0, -1.0, 256, 209.0, 230.0, 704,
111, 33.0, 361.0, 176, 29.0, 347.0, 512, 63.0, 419.0, 1408, -263.0, -1.0, 44, -263.0, -1.0, 512, 419.0, 462.0, 1408,
112, 33.0, 155.0, 176, 25.0, 137.0, 512, 63.0, 209.0, 704, -263.0, -1.0, 88, -263.0, -1.0, 512, 209.0, 230.0, 704,
113, 33.0, 365.0, 352, 25.0, 347.0, 1024, 63.0, 419.0, 1408, -263.0, -1.0, 88, -263.0, -1.0, 1024, 419.0, 462.0, 1408,
114, 33.0, 163.0, 352, 17.0, 137.0, 1024, 63.0, 209.0, 704, -263.0, -1.0, 176, -263.0, -1.0, 1024, 209.0, 230.0, 704,
115, 33.0, 373.0, 704, 17.0, 347.0, 2048, 63.0, 419.0, 1408, -263.0, -1.0, 176, -263.0, -1.0, 2048, 419.0, 462.0, 1408,
116, 33.0, 179.0, 704, 1.0, 137.0, 2048, 63.0, 209.0, 704, -263.0, -1.0, 352, -263.0, -1.0, 2048, 209.0, 230.0, 704,
117, 33.0, 389.0, 1408, 1.0, 347.0, 4096, 63.0, 419.0, 1408, -263.0, -1.0, 352, -525.0, -1.0, 4096, 419.0, 462.0, 1408,
118, 33.0, 389.0, 1408, 1.0, 347.0, 4096, 63.0, 419.0, 1408, -263.0, -1.0, 704, -525.0, -1.0, 4096, 419.0, 462.0, 1408,
119, 33.0, 809.0, 2816, 1.0, 767.0, 8192, 63.0, 839.0, 2816, -263.0, -1.0, 704, -1049.0, -1.0, 8192, 839.0, 926.0, 2816,
120, 33.0, 1649.0, 5632, 1.0, 1607.0, 16384, 63.0, 1679.0, 5632, -263.0, -1.0, 1408, -1835.0, -1.0, 16384, 1679.0, 1854.0, 5632,
121, 33.0, 153.0, 96, 29.0, 138.0, 256, 63.0, 211.0, 768, -263.0, -1.0, 48, -263.0, -1.0, 256, 211.0, 234.0, 768,
122, 33.0, 365.0, 192, 29.0, 350.0, 512, 63.0, 423.0, 1536, -263.0, -1.0, 48, -263.0, -1.0, 512, 423.0, 470.0, 1536,
123, 33.0, 157.0, 192, 25.0, 138.0, 512, 63.0, 211.0, 768, -263.0, -1.0, 96, -263.0, -1.0, 512, 211.0, 234.0, 768,
124, 33.0, 369.0, 384, 25.0, 350.0, 1024, 63.0, 423.0, 1536, -263.0, -1.0, 96, -263.0, -1.0, 1024, 423.0, 470.0, 1536,
125, 33.0, 165.0, 384, 17.0, 138.0, 1024, 63.0, 211.0, 768, -263.0, -1.0, 192, -263.0, -1.0, 1024, 211.0, 234.0, 768,
126, 33.0, 377.0, 768, 17.0, 350.0, 2048, 63.0, 423.0, 1536, -263.0, -1.0, 192, -263.0, -1.0, 2048, 423.0, 470.0, 1536,
127, 33.0, 181.0, 768, 1.0, 138.0, 2048, 63.0, 211.0, 768, -263.0, -1.0, 384, -263.0, -1.0, 2048, 211.0, 234.0, 768,
128, 33.0, 393.0, 1536, 1.0, 350.0, 4096, 63.0, 423.0, 1536, -263.0, -1.0, 384, -525.0, -1.0, 4096, 423.0, 470.0, 1536,
129, 33.0, 393.0, 1536, 1.0, 350.0, 4096, 63.0, 423.0, 1536, -263.0, -1.0, 768, -525.0, -1.0, 4096, 423.0, 470.0, 1536,
130, 33.0, 817.0, 3072, 1.0, 774.0, 8192, 63.0, 847.0, 3072, -263.0, -1.0, 768, -1049.0, -1.0, 8192, 847.0, 942.0, 3072,
131, 33.0, 1665.0, 6144, 1.0, 1622.0, 16384, 63.0, 1695.0, 6144, -263.0, -1.0, 1536, -1835.0, -1.0, 16384, 1695.0, 1886.0, 6144,
132, 33.0, 155.0, 104, 29.0, 139.0, 256, 63.0, 213.0, 832, -263.0, -1.0, 52, -263.0, -1.0, 256, 213.0, 238.0, 832,
133, 33.0, 369.0, 208, 29.0, 353.0, 512, 63.0, 427.0, 1664, -263.0, -1.0, 52, -263.0, -1.0, 512, 427.0, 478.0, 1664,
134, 33.0, 159.0, 208, 25.0, 139.0, 512, 63.0, 213.0, 832, -263.0, -1.0, 104, -263.0, -1.0, 512, 213.0, 238.0, 832,
135, 33.0, 373.0, 416, 25.0, 353.0, 1024, 63.0, 427.0, 1664, -263.0, -1.0, 104, -263.0, -1.0, 1024, 427.0, 478.0, 1664,
136, 33.0, 167.0, 416, 17.0, 139.0, 1024, 63.0, 213.0, 832, -263.0, -1.0, 208, -263.0, -1.0, 1024, 213.0, 238.0, 832,
137, 33.0, 381.0, 832, 17.0, 353.0, 2048, 63.0, 427.0, 1664, -263.0, -1.0, 208, -263.0, -1.0, 2048, 427.0, 478.0, 1664,
138, 33.0, 183.0, 832, 1.0, 139.0, 2048, 63.0, 213.0, 832, -263.0, -1.0, 416, -263.0, -1.0, 2048, 213.0, 238.0, 832,
139, 33.0, 397.0, 1664, 1.0, 353.0, 4096, 63.0, 427.0, 1664, -263.0, -1.0, 416, -525.0, -1.0, 4096, 427.0, 478.0, 1664,
140, 33.0, 397.0, 1664, 1.0, 353.0, 4096, 63.0, 427.0, 1664, -263.0, -1.0, 832, -525.0, -1.0, 4096, 427.0, 478.0, 1664,
141, 33.0, 825.0, 3328, 1.0, 781.0, 8192, 63.0, 855.0, 3328, -263.0, -1.0, 832, -1049.0, -1.0, 8192, 855.0, 958.0, 3328,
142, 33.0, 1681.0, 6656, 1.0, 1637.0, 16384, 63.0, 1711.0, 6656, -263.0, -1.0, 1664, -1835.0, -1.0, 16384, 1711.0, 1918.0, 6656,
143, 33.0, 157.0, 112, 29.0, 140.0, 256, 63.0, 215.0, 896, -263.0, -1.0, 56, -263.0, -1.0, 256, 215.0, 242.0, 896,
144, 33.0, 373.0, 224, 29.0, 356.0, 512, 63.0, 431.0, 1792, -263.0, -1.0, 56, -263.0, -1.0, 512, 431.0, 486.0, 1792,
145, 33.0, 161.0, 224, 25.0, 140.0, 512, 63.0, 215.0, 896, -263.0, -1.0, 112, -263.0, -1.0, 512, 215.0, 242.0, 896,
146, 33.0, 377.0, 448, 25.0, 356.0, 1024, 63.0, 431.0, 1792, -263.0, -1.0, 112, -263.0, -1.0, 1024, 431.0, 486.0, 1792,
147, 33.0, 169.0, 448, 17.0, 140.0, 1024, 63.0, 215.0, 896, -263.0, -1.0, 224, -263.0, -1.0, 1024, 215.0, 242.0, 896,
148, 33.0, 385.0, 896, 17.0, 356.0, 2048, 63.0, 431.0, 1792, -263.0, -1.0, 224, -263.0, -1.0, 2048, 431.0, 486.0, 1792,
149, 33.0, 185.0, 896, 1.0, 140.0, 2048, 63.0, 215.0, 896, -263.0, -1.0, 448, -263.0, -1.0, 2048, 215.0, 242.0, 896,
150, 33.0, 401.0, 1792, 1.0, 356.0, 4096, 63.0, 431.0, 1792, -263.0, -1.0, 448, -525.0, -1.0, 4096, 431.0, 486.0, 1792,
151, 33.0, 401.0, 1792, 1.0, 356.0, 4096, 63.0, 431.0, 1792, -263.0, -1.0, 896, -525.0, -1.0, 4096, 431.0, 486.0, 1792,
152, 33.0, 833.0, 3584, 1.0, 788.0, 8192, 63.0, 863.0, 3584, -263.0, -1.0, 896, -1049.0, -1.0, 8192, 863.0, 974.0, 3584,
153, 33.0, 1697.0, 7168, 1.0, 1652.0, 16384, 63.0, 1727.0, 7168, -263.0, -1.0, 1792, -1835.0, -1.0, 16384, 1727.0, 1950.0, 7168,
154, 33.0, 159.0, 120, 29.0, 141.0, 256, 63.0, 217.0, 960, -263.0, -1.0, 60, -263.0, -1.0, 256, 217.0, 246.0, 960,
155, 33.0, 377.0, 240, 29.0, 359.0, 512, 63.0, 435.0, 1920, -263.0, -1.0, 60, -263.0, -1.0, 512, 435.0, 494.0, 1920,
156, 33.0, 163.0, 240, 25.0, 141.0, 512, 63.0, 217.0, 960, -263.0, -1.0, 120, -263.0, -1.0, 512, 217.0, 246.0, 960,
157, 33.0, 381.0, 480, 25.0, 359.0, 1024, 63.0, 435.0, 1920, -263.0, -1.0, 120, -263.0, -1.0, 1024, 435.0, 494.0, 1920,
158, 33.0, 171.0, 480, 17.0, 141.0, 1024, 63.0, 217.0, 960, -263.0, -1.0, 240, -263.0, -1.0, 1024, 217.0, 246.0, 960,
159, 33.0, 389.0, 960, 17.0, 359.0, 2048, 63.0, 435.0, 1920, -263.0, -1.0, 240, -263.0, -1.0, 2048, 435.0, 494.0, 1920,
160, 33.0, 187.0, 960, 1.0, 141.0, 2048, 63.0, 217.0, 960, -263.0, -1.0, 480, -263.0, -1.0, 2048, 217.0, 246.0, 960,
161, 33.0, 405.0, 1920, 1.0, 359.0, 4096, 63.0, 435.0, 1920, -263.0, -1.0, 480, -525.0, -1.0, 4096, 435.0, 494.0, 1920,
162, 33.0, 405.0, 1920, 1.0, 359.0, 4096, 63.0, 435.0, 1920, -263.0, -1.0, 960, -525.0, -1.0, 4096, 435.0, 494.0, 1920,
163, 33.0, 841.0, 3840, 1.0, 795.0, 8192, 63.0, 871.0, 3840, -263.0, -1.0, 960, -1049.0, -1.0, 8192, 871.0, 990.0, 3840,
164, 33.0, 1713.0, 7680, 1.0, 1667.0, 16384, 63.0, 1743.0, 7680, -263.0, -1.0, 1920, -1835.0, -1.0, 16384, 1743.0, 1982.0, 7680,
165, 33.0, 161.0, 128, 29.0, 142.0, 256, 63.0, 219.0, 1024, -263.0, -1.0, 64, -263.0, -1.0, 256, 219.0, 250.0, 1024,
166, 33.0, 381.0, 256, 29.0, 362.0, 512, 63.0, 439.0, 2048, -263.0, -1.0, 64, -263.0, -1.0, 512, 439.0, 502.0, 2048,
167, 33.0, 165.0, 256, 25.0, 142.0, 512, 63.0, 219.0, 1024, -263.0, -1.0, 128, -263.0, -1.0, 512, 219.0, 250.0, 1024,
168, 33.0, 385.0, 512, 25.0, 362.0, 1024, 63.0, 439.0, 2048, -263.0, -1.0, 128, -263.0, -1.0, 1024, 439.0, 502.0, 2048,
169, 33.0, 173.0, 512, 17.0, 142.0, 1024, 63.0, 219.0, 1024, -263.0, -1.0, 256, -263.0, -1.0, 1024, 219.0, 250.0, 1024,
170, 33.0, 393.0, 1024, 17.0, 362.0, 2048, 63.0, 439.0, 2048, -263.0, -1.0, 256, -263.0, -1.0, 2048, 439.0, 502.0, 2048,
171, 33.0, 189.0, 1024, 1.0, 142.0, 2048, 63.0, 219.0, 1024, -263.0, -1.0, 512, -263.0, -1.0, 2048, 219.0, 250.0, 1024,
172, 33.0, 409.0, 2048, 1.0, 362.0, 4096, 63.0, 439.0, 2048, -263.0, -1.0, 512, -525.0, -1.0, 4096, 439.0, 502.0, 2048,
173, 33.0, 409.0, 2048, 1.0, 362.0, 4096, 63.0, 439.0, 2048, -263.0, -1.0, 1024, -525.0, -1.0, 4096, 439.0, 502.0, 2048,
174, 33.0, 849.0, 4096, 1.0, 802.0, 8192, 63.0, 879.0, 4096, -263.0, -1.0, 1024, -1049.0, -1.0, 8192, 879.0, 1006.0, 4096,
175, 33.0, 1729.0, 8192, 1.0, 1682.0, 16384, 63.0, 1759.0, 8192, -263.0, -1.0, 2048, -1835.0, -1.0, 16384, 1759.0, 2014.0, 8192,
176, 33.0, 163.0, 136, 29.0, 143.0, 256, 63.0, 221.0, 1088, -263.0, -1.0, 68, -263.0, -1.0, 256, 221.0, 254.0, 1088,
177, 33.0, 385.0, 272, 29.0, 365.0, 512, 63.0, 443.0, 2176, -263.0, -1.0, 68, -263.0, -1.0, 512, 443.0, 510.0, 2176,
178, 33.0, 167.0, 272, 25.0, 143.0, 512, 63.0, 221.0, 1088, -263.0, -1.0, 136, -263.0, -1.0, 512, 221.0, 254.0, 1088,
179, 33.0, 389.0, 544, 25.0, 365.0, 1024, 63.0, 443.0, 2176, -263.0, -1.0, 136, -263.0, -1.0, 1024, 443.0, 510.0, 2176,
180, 33.0, 175.0, 544, 17.0, 143.0, 1024, 63.0, 221.0, 1088, -263.0, -1.0, 272, -263.0, -1.0, 1024, 221.0, 254.0, 1088,
181, 33.0, 397.0, 1088, 17.0, 365.0, 2048, 63.0, 443.0, 2176, -263.0, -1.0, 272, -263.0, -1.0, 2048, 443.0, 510.0, 2176,
182, 33.0, 191.0, 1088, 1.0, 143.0, 2048, 63.0, 221.0, 1088, -263.0, -1.0, 544, -263.0, -1.0, 2048, 221.0, 254.0, 1088,
183, 33.0, 413.0, 2176, 1.0, 365.0, 4096, 63.0, 443.0, 2176, -263.0, -1.0, 544, -525.0, -1.0, 4096, 443.0, 510.0, 2176,
184, 33.0, 413.0, 2176, 1.0, 365.0, 4096, 63.0, 443.0, 2176, -263.0, -1.0, 1088, -525.0, -1.0, 4096, 443.0, 510.0, 2176,
185, 33.0, 857.0, 4352, 1.0, 809.0, 8192, 63.0, 887.0, 4352, -263.0, -1.0, 1088, -1049.0, -1.0, 8192, 887.0, 1022.0, 4352,
186, 33.0, 1745.0, 8704, 1.0, 1697.0, 16384, 63.0, 1775.0, 8704, -263.0, -1.0, 2176, -1835.0, -1.0, 16384, 1775.0, 2046.0, 8704,
187, 33.0, 165.0, 144, 29.0, 144.0, 256, 63.0, 223.0, 1152, -263.0, -1.0, 72, -263.0, -1.0, 256, 223.0, 258.0, 1152,
188, 33.0, 389.0, 288, 29.0, 368.0, 512, 63.0, 447.0, 2304, -263.0, -1.0, 72, -263.0, -1.0, 512, 447.0, 518.0, 2304,
189, 33.0, 169.0, 288, 25.0, 144.0, 512, 63.0, 223.0, 1152, -263.0, -1.0, 144, -263.0, -1.0, 512, 223.0, 258.0, 1152,
190, 33.0, 393.0, 576, 25.0, 368.0, 1024, 63.0, 447.0, 2304, -263.0, -1.0, 144, -263.0, -1.0, 1024, 447.0, 518.0, 2304,
191, 33.0, 177.0, 576, 17.0, 144.0, 1024, 63.0, 223.0, 1152, -263.0, -1.0, 288, -263.0, -1.0, 1024, 223.0, 258.0, 1152,
192, 33.0, 401.0, 1152, 17.0, 368.0, 2048, 63.0, 447.0, 2304, -263.0, -1.0, 288, -263.0, -1.0, 2048, 447.0, 518.0, 2304,
193, 33.0, 193.0, 1152, 1.0, 144.0, 2048, 63.0, 223.0, 1152, -263.0, -1.0, 576, -263.0, -1.0, 2048, 223.0, 258.0, 1152,
194, 33.0, 417.0, 2304, 1.0, 368.0, 4096, 63.0, 447.0, 2304, -263.0, -1.0, 576, -525.0, -1.0, 4096, 447.0, 518.0, 2304,
195, 33.0, 417.0, 2304, 1.0, 368.0, 4096, 63.0, 447.0, 2304, -263.0, -1.0, 1152, -525.0, -1.0, 4096, 447.0, 518.0, 2304,
196, 33.0, 865.0, 4608, 1.0, 816.0, 8192, 63.0, 895.0, 4608, -263.0, -1.0, 1152, -1049.0, -1.0, 8192, 895.0, 1038.0, 4608,
197, 33.0, 1761.0, 9216, 1.0, 1712.0, 16384, 63.0, 1791.0, 9216, -263.0, -1.0, 2304, -1835.0, -1.0, 16384, 1791.0, 2078.0, 9216,
198, 33.0, 167.0, 152, 29.0, 145.0, 256, 63.0, 225.0, 1216, -263.0, -1.0, 76, -263.0, -1.0, 256, 225.0, 262.0, 1216,
199, 33.0, 393.0, 304, 29.0, 371.0, 512, 63.0, 451.0, 2432, -263.0, -1.0, 76, -263.0, -1.0, 512, 451.0, 526.0, 2432,
200, 33.0, 171.0, 304, 25.0, 145.0, 512, 63.0, 225.0, 1216, -263.0, -1.0, 152, -263.0, -1.0, 512, 225.0, 262.0, 1216,
201, 33.0, 397.0, 608, 25.0, 371.0, 1024, 63.0, 451.0, 2432, -263.0, -1.0, 152, -263.0, -1.0, 1024, 451.0, 526.0, 2432,
202, 33.0, 179.0, 608, 17.0, 145.0, 1024, 63.0, 225.0, 1216, -263.0, -1.0, 304, -263.0, -1.0, 1024, 225.0, 262.0, 1216,
203, 33.0, 405.0, 1216, 17.0, 371.0, 2048, 63.0, 451.0, 2432, -263.0, -1.0, 304, -263.0, -1.0, 2048, 451.0, 526.0, 2432,
204, 33.0, 195.0, 1216, 1.0, 145.0, 2048, 63.0, 225.0, 1216, -263.0, -1.0, 608, -263.0, -1.0, 2048, 225.0, 262.0, 1216,
205, 33.0, 421.0, 2432, 1.0, 371.0, 4096, 63.0, 451.0, 2432, -263.0, -1.0, 608, -525.0, -1.0, 4096, 451.0, 526.0, 2432,
206, 33.0, 421.0, 2432, 1.0, 371.0, 4096, 63.0, 451.0, 2432, -263.0, -1.0, 1216, -525.0, -1.0, 4096, 451.0, 526.0, 2432,
207, 33.0, 873.0, 4864, 1.0, 823.0, 8192, 63.0, 903.0, 4864, -263.0, -1.0, 1216, -1049.0, -1.0, 8192, 903.0, 1054.0, 4864,
208, 33.0, 1777.0, 9728, 1.0, 1727.0, 16384, 63.0, 1807.0, 9728, -263.0, -1.0, 2432, -1835.0, -1.0, 16384, 1807.0, 2110.0, 9728,
209, 33.0, 169.0, 160, 29.0, 146.0, 256, 63.0, 227.0, 1280, -263.0, -1.0, 80, -263.0, -1.0, 256, 227.0, 266.0, 1280,
210, 33.0, 397.0, 320, 29.0, 374.0, 512, 63.0, 455.0, 2560, -263.0, -1.0, 80, -263.0, -1.0, 512, 455.0, 534.0, 2560,
211, 33.0, 173.0, 320, 25.0, 146.0, 512, 63.0, 227.0, 1280, -263.0, -1.0, 160, -263.0, -1.0, 512, 227.0, 266.0, 1280,
212, 33.0, 401.0, 640, 25.0, 374.0, 1024, 63.0, 455.0, 2560, -263.0, -1.0, 160, -263.0, -1.0, 1024, 455.0, 534.0, 2560,
213, 33.0, 181.0, 640, 17.0, 146.0, 1024, 63.0, 227.0, 1280, -263.0, -1.0, 320, -263.0, -1.0, 1024, 227.0, 266.0, 1280,
214, 33.0, 409.0, 1280, 17.0, 374.0, 2048, 63.0, 455.0, 2560, -263.0, -1.0, 320, -263.0, -1.0, 2048, 455.0, 534.0, 2560,
215, 33.0, 197.0, 1280, 1.0, 146.0, 2048, 63.0, 227.0, 1280, -263.0, -1.0, 640, -263.0, -1.0, 2048, 227.0, 266.0, 1280,
216, 33.0, 425.0, 2560, 1.0, 374.0, 4096, 63.0, 455.0, 2560, -263.0, -1.0, 640, -525.0, -1.0, 4096, 455.0, 534.0, 2560,
217, 33.0, 425.0, 2560, 1.0, 374.0, 4096, 63.0, 455.0, 2560, -263.0, -1.0, 1280, -525.0, -1.0, 4096, 455.0, 534.0, 2560,
218, 33.0, 881.0, 5120, 1.0, 830.0, 8192, 63.0, 911.0, 5120, -263.0, -1.0, 1280, -1049.0, -1.0, 8192, 911.0, 1070.0, 5120,
219, 33.0, 1793.0, 10240, 1.0, 1742.0, 16384, 63.0, 1823.0, 10240, -263.0, -1.0, 2560, -1835.0, -1.0, 16384, 1823.0, 2142.0, 10240,
220, 33.0, 171.0, 168, 29.0, 147.0, 256, 63.0, 229.0, 1344, -263.0, -1.0, 84, -263.0, -1.0, 256, 229.0, 270.0, 1344,
221, 33.0, 401.0, 336, 29.0, 377.0, 512, 63.0, 459.0, 2688, -263.0, -1.0, 84, -263.0, -1.0, 512, 459.0, 542.0, 2688,
222, 33.0, 175.0, 336, 25.0, 147.0, 512, 63.0, 229.0, 1344, -263.0, -1.0, 168, -263.0, -1.0, 512, 229.0, 270.0, 1344,
223, 33.0, 405.0, 672, 25.0, 377.0, 1024, 63.0, 459.0, 2688, -263.0, -1.0, 168, -263.0, -1.0, 1024, 459.0, 542.0, 2688,
224, 33.0, 183.0, 672, 17.0, 147.0, 1024, 63.0, 229.0, 1344, -263.0, -1.0, 336, -263.0, -1.0, 1024, 229.0, 270.0, 1344,
225, 33.0, 413.0, 1344, 17.0, 377.0, 2048, 63.0, 459.0, 2688, -263.0, -1.0, 336, -263.0, -1.0, 2048, 459.0, 542.0, 2688,
226, 33.0, 199.0, 1344, 1.0, 147.0, 2048, 63.0, 229.0, 1344, -263.0, -1.0, 672, -263.0, -1.0, 2048, 229.0, 270.0, 1344,
227, 33.0, 429.0, 2688, 1.0, 377.0, 4096, 63.0, 459.0, 2688, -263.0, -1.0, 672, -525.0, -1.0, 4096, 459.0, 542.0, 2688,
228, 33.0, 429.0, 2688, 1.0, 377.0, 4096, 63.0, 459.0, 2688, -263.0, -1.0, 1344, -525.0, -1.0, 4096, 459.0, 542.0, 2688,
229, 33.0, 889.0, 5376, 1.0, 837.0, 8192, 63.0, 919.0, 5376, -263.0, -1.0, 1344, -1049.0, -1.0, 8192, 919.0, 1086.0, 5376,
230, 33.0, 1809.0, 10752, 1.0, 1757.0, 16384, 63.0, 1839.0, 10752, -525.0, -1.0, 2688, -1835.0, -1.0, 16384, 1839.0, 2174.0, 10752,
231, 33.0, 173.0, 176, 29.0, 148.0, 256, 63.0, 231.0, 1408, -263.0, -1.0, 88, -263.0, -1.0, 256, 231.0, 274.0, 1408,
232, 33.0, 405.0, 352, 29.0, 380.0, 512, 63.0, 463.0, 2816, -263.0, -1.0, 88, -263.0, -1.0, 512, 463.0, 550.0, 2816,
233, 33.0, 177.0, 352, 25.0, 148.0, 512, 63.0, 231.0, 1408, -263.0, -1.0, 176, -263.0, -1.0, 512, 231.0, 274.0, 1408,
234, 33.0, 409.0, 704, 25.0, 380.0, 1024, 63.0, 463.0, 2816, -263.0, -1.0, 176, -263.0, -1.0, 1024, 463.0, 550.0, 2816,
235, 33.0, 185.0, 704, 17.0, 148.0, 1024, 63.0, 231.0, 1408, -263.0, -1.0, 352, -263.0, -1.0, 1024, 231.0, 274.0, 1408,
236, 33.0, 417.0, 1408, 17.0, 380.0, 2048, 63.0, 463.0, 2816, -263.0, -1.0, 352, -263.0, -1.0, 2048, 463.0, 550.0, 2816,
237, 33.0, 201.0, 1408, 1.0, 148.0, 2048, 63.0, 231.0, 1408, -263.0, -1.0, 704, -263.0, -1.0, 2048, 231.0, 274.0, 1408,
238, 33.0, 433.0, 2816, 1.0, 380.0, 4096, 63.0, 463.0, 2816, -263.0, -1.0, 704, -525.0, -1.0, 4096, 463.0, 550.0, 2816,
239, 33.0, 433.0, 2816, 1.0, 380.0, 4096, 63.0, 463.0, 2816, -263.0, -1.0, 1408, -525.0, -1.0, 4096, 463.0, 550.0, 2816,
240, 33.0, 897.0, 5632, 1.0, 844.0, 8192, 63.0, 927.0, 5632, -263.0, -1.0, 1408, -1049.0, -1.0, 8192, 927.0, 1102.0, 5632,
241, 33.0, 1825.0, 11264, 1.0, 1772.0, 16384, 63.0, 1855.0, 11264, -525.0, -1.0, 2816, -1835.0, -1.0, 16384, 1855.0, 2206.0, 11264,
242, 33.0, 175.0, 184, 29.0, 149.0, 256, 63.0, 233.0, 1472, -263.0, -1.0, 92, -263.0, -1.0, 256, 233.0, 278.0, 1472,
243, 33.0, 409.0, 368, 29.0, 383.0, 512, 63.0, 467.0, 2944, -263.0, -1.0, 92, -263.0, -1.0, 512, 467.0, 558.0, 2944,
244, 33.0, 179.0, 368, 25.0, 149.0, 512, 63.0, 233.0, 1472, -263.0, -1.0, 184, -263.0, -1.0, 512, 233.0, 278.0, 1472,
245, 33.0, 413.0, 736, 25.0, 383.0, 1024, 63.0, 467.0, 2944, -263.0, -1.0, 184, -263.0, -1.0, 1024, 467.0, 558.0, 2944,
246, 33.0, 187.0, 736, 17.0, 149.0, 1024, 63.0, 233.0, 1472, -263.0, -1.0, 368, -263.0, -1.0, 1024, 233.0, 278.0, 1472,
247, 33.0, 421.0, 1472, 17.0, 383.0, 2048, 63.0, 467.0, 2944, -263.0, -1.0, 368, -263.0, -1.0, 2048, 467.0, 558.0, 2944,
248, 33.0, 203.0, 1472, 1.0, 149.0, 2048, 63.0, 233.0, 1472, -263.0, -1.0, 736, -263.0, -1.0, 2048, 233.0, 278.0, 1472,
249, 33.0, 437.0, 2944, 1.0, 383.0, 4096, 63.0, 467.0, 2944, -263.0, -1.0, 736, -525.0, -1.0, 4096, 467.0, 558.0, 2944,
250, 33.0, 437.0, 2944, 1.0, 383.0, 4096, 63.0, 467.0, 2944, -263.0, -1.0, 1472, -525.0, -1.0, 4096, 467.0, 558.0, 2944,
251, 33.0, 905.0, 5888, 1.0, 851.0, 8192, 63.0, 935.0, 5888, -263.0, -1.0, 1472, -1049.0, -1.0, 8192, 935.0, 1118.0, 5888,
252, 33.0, 1841.0, 11776, 1.0, 1787.0, 16384, 63.0, 1871.0, 11776, -525.0, -1.0, 2944, -1835.0, -1.0, 16384, 1871.0, 2238.0, 11776,
253, 33.0, 177.0, 192, 29.0, 150.0, 256, 63.0, 235.0, 1536, -263.0, -1.0, 96, -263.0, -1.0, 256, 235.0, 282.0, 1536,
254, 33.0, 413.0, 384, 29.0, 386.0, 512, 63.0, 471.0, 3072, -263.0, -1.0, 96, -263.0, -1.0, 512, 471.0, 566.0, 3072,
255, 33.0, 181.0, 384, 25.0, 150.0, 512, 63.0, 235.0, 1536, -263.0, -1.0, 192, -263.0, -1.0, 512, 235.0, 282.0, 1536,
256, 33.0, 417.0, 768, 25.0, 386.0, 1024, 63.0, 471.0, 3072, -263.0, -1.0, 192, -263.0, -1.0, 1024, 471.0, 566.0, 3072,
257, 33.0, 189.0, 768, 17.0, 150.0, 1024, 63.0, 235.0, 1536, -263.0, -1.0, 384, -263.0, -1.0, 1024, 235.0, 282.0, 1536,
258, 33.0, 425.0, 1536, 17.0, 386.0, 2048, 63.0, 471.0, 3072, -263.0, -1.0, 384, -263.0, -1.0, 2048, 471.0, 566.0, 3072,
259, 33.0, 205.0, 1536, 1.0, 150.0, 2048, 63.0, 235.0, 1536, -263.0, -1.0, 768, -263.0, -1.0, 2048, 235.0, 282.0, 1536,
260, 33.0, 441.0, 3072, 1.0, 386.0, 4096, 63.0, 471.0, 3072, -263.0, -1.0, 768, -525.0, -1.0, 4096, 471.0, 566.0, 3072,
261, 33.0, 441.0, 3072, 1.0, 386.0, 4096, 63.0, 471.0, 3072, -263.0, -1.0, 1536, -525.0, -1.0, 4096, 471.0, 566.0, 3072,
262, 33.0, 913.0, 6144, 1.0, 858.0, 8192, 63.0, 943.0, 6144, -263.0, -1.0, 1536, -1049.0, -1.0, 8192, 943.0, 1134.0, 6144,
263, 33.0, 1857.0, 12288, 1.0, 1802.0, 16384, 63.0, 1887.0, 12288, -525.0, -1.0, 3072, -1835.0, -1.0, 16384, 1887.0, 2270.0, 12288,
264, 33.0, 179.0, 200, 29.0, 151.0, 256, 63.0, 237.0, 1600, -263.0, -1.0, 100, -263.0, -1.0, 256, 237.0, 286.0, 1600,
265, 33.0, 417.0, 400, 29.0, 389.0, 512, 63.0, 475.0, 3200, -263.0, -1.0, 100, -263.0, -1.0, 512, 475.0, 574.0, 3200,
266, 33.0, 183.0, 400, 25.0, 151.0, 512, 63.0, 237.0, 1600, -263.0, -1.0, 200, -263.0, -1.0, 512, 237.0, 286.0, 1600,
267, 33.0, 421.0, 800, 25.0, 389.0, 1024, 63.0, 475.0, 3200, -263.0, -1.0, 200, -263.0, -1.0, 1024, 475.0, 574.0, 3200,
268, 33.0, 191.0, 800, 17.0, 151.0, 1024, 63.0, 237.0, 1600, -263.0, -1.0, 400, -263.0, -1.0, 1024, 237.0, 286.0, 1600,
269, 33.0, 429.0, 1600, 17.0, 389.0, 2048, 63.0, 475.0, 3200, -263.0, -1.0, 400, -263.0, -1.0, 2048, 475.0, 574.0, 3200,
270, 33.0, 207.0, 1600, 1.0, 151.0, 2048, 63.0, 237.0, 1600, -263.0, -1.0, 800, -263.0, -1.0, 2048, 237.0, 286.0, 1600,
271, 33.0, 445.0, 3200, 1.0, 389.0, 4096, 63.0, 475.0, 3200, -263.0, -1.0, 800, -525.0, -1.0, 4096, 475.0, 574.0, 3200,
272, 33.0, 445.0, 3200, 1.0, 389.0, 4096, 63.0, 475.0, 3200, -263.0, -1.0, 1600, -525.0, -1.0, 4096, 475.0, 574.0, 3200,
273, 33.0, 921.0, 6400, 1.0, 865.0, 8192, 63.0, 951.0, 6400, -263.0, -1.0, 1600, -1049.0, -1.0, 8192, 951.0, 1150.0, 6400,
274, 33.0, 1873.0, 12800, 1.0, 1817.0, 16384, 63.0, 1903.0, 12800, -525.0, -1.0, 3200, -1835.0, -1.0, 16384, 1903.0, 2302.0, 12800,
275, 33.0, 181.0, 208, 29.0, 152.0, 256, 63.0, 239.0, 1664, -263.0, -1.0, 104, -263.0, -1.0, 256, 239.0, 290.0, 1664,
276, 33.0, 421.0, 416, 29.0, 392.0, 512, 63.0, 479.0, 3328, -263.0, -1.0, 104, -263.0, -1.0, 512, 479.0, 582.0, 3328,
277, 33.0, 185.0, 416, 25.0, 152.0, 512, 63.0, 239.0, 1664, -263.0, -1.0, 208, -263.0, -1.0, 512, 239.0, 290.0, 1664,
278, 33.0, 425.0, 832, 25.0, 392.0, 1024, 63.0, 479.0, 3328, -263.0, -1.0, 208, -263.0, -1.0, 1024, 479.0, 582.0, 3328,
279, 33.0, 193.0, 832, 17.0, 152.0, 1024, 63.0, 239.0, 1664, -263.0, -1.0, 416, -263.0, -1.0, 1024, 239.0, 290.0, 1664,
280, 33.0, 433.0, 1664, 17.0, 392.0, 2048, 63.0, 479.0, 3328, -263.0, -1.0, 416, -263.0, -1.0, 2048, 479.0, 582.0, 3328,
281, 33.0, 209.0, 1664, 1.0, 152.0, 2048, 63.0, 239.0, 1664, -263.0, -1.0, 832, -263.0, -1.0, 2048, 239.0, 290.0, 1664,
282, 33.0, 449.0, 3328, 1.0, 392.0, 4096, 63.0, 479.0, 3328, -263.0, -1.0, 832, -525.0, -1.0, 4096, 479.0, 582.0, 3328,
283, 33.0, 449.0, 3328, 1.0, 392.0, 4096, 63.0, 479.0, 3328, -263.0, -1.0, 1664, -525.0, -1.0, 4096, 479.0, 582.0, 3328,
284, 33.0, 929.0, 6656, 1.0, 872.0, 8192, 63.0, 959.0, 6656, -263.0, -1.0, 1664, -1049.0, -1.0, 8192, 959.0, 1166.0, 6656,
285, 33.0, 1889.0, 13312, 1.0, 1832.0, 16384, 63.0, 1919.0, 13312, -525.0, -1.0, 3328, -1835.0, -1.0, 16384, 1919.0, 2334.0, 13312,
286, 33.0, 183.0, 216, 29.0, 153.0, 256, 63.0, 241.0, 1728, -263.0, -1.0, 108, -263.0, -1.0, 256, 241.0, 294.0, 1728,
287, 33.0, 425.0, 432, 29.0, 395.0, 512, 63.0, 483.0, 3456, -263.0, -1.0, 108, -263.0, -1.0, 512, 483.0, 590.0, 3456,
288, 33.0, 187.0, 432, 25.0, 153.0, 512, 63.0, 241.0, 1728, -263.0, -1.0, 216, -263.0, -1.0, 512, 241.0, 294.0, 1728,
289, 33.0, 429.0, 864, 25.0, 395.0, 1024, 63.0, 483.0, 3456, -263.0, -1.0, 216, -263.0, -1.0, 1024, 483.0, 590.0, 3456,
290, 33.0, 195.0, 864, 17.0, 153.0, 1024, 63.0, 241.0, 1728, -263.0, -1.0, 432, -263.0, -1.0, 1024, 241.0, 294.0, 1728,
291, 33.0, 437.0, 1728, 17.0, 395.0, 2048, 63.0, 483.0, 3456, -263.0, -1.0, 432, -263.0, -1.0, 2048, 483.0, 590.0, 3456,
292, 33.0, 211.0, 1728, 1.0, 153.0, 2048, 63.0, 241.0, 1728, -263.0, -1.0, 864, -263.0, -1.0, 2048, 241.0, 294.0, 1728,
293, 33.0, 453.0, 3456, 1.0, 395.0, 4096, 63.0, 483.0, 3456, -263.0, -1.0, 864, -525.0, -1.0, 4096, 483.0, 590.0, 3456,
294, 33.0, 453.0, 3456, 1.0, 395.0, 4096, 63.0, 483.0, 3456, -263.0, -1.0, 1728, -525.0, -1.0, 4096, 483.0, 590.0, 3456,
295, 33.0, 937.0, 6912, 1.0, 879.0, 8192, 63.0, 967.0, 6912, -263.0, -1.0, 1728, -1049.0, -1.0, 8192, 967.0, 1182.0, 6912,
296, 33.0, 1905.0, 13824, 1.0, 1847.0, 16384, 63.0, 1935.0, 13824, -525.0, -1.0, 3456, -1835.0, -1.0, 16384, 1935.0, 2366.0, 13824,
297, 33.0, 185.0, 224, 29.0, 154.0, 256, 63.0, 243.0, 1792, -263.0, -1.0, 112, -263.0, -1.0, 256, 243.0, 298.0, 1792,
298, 33.0, 429.0, 448, 29.0, 398.0, 512, 63.0, 487.0, 3584, -263.0, -1.0, 112, -263.0, -1.0, 512, 487.0, 598.0, 3584,
299, 33.0, 189.0, 448, 25.0, 154.0, 512, 63.0, 243.0, 1792, -263.0, -1.0, 224, -263.0, -1.0, 512, 243.0, 298.0, 1792,
300, 33.0, 433.0, 896, 25.0, 398.0, 1024, 63.0, 487.0, 3584, -263.0, -1.0, 224, -263.0, -1.0, 1024, 487.0, 598.0, 3584,
301, 33.0, 197.0, 896, 17.0, 154.0, 1024, 63.0, 243.0, 1792, -263.0, -1.0, 448, -263.0, -1.0, 1024, 243.0, 298.0, 1792,
302, 33.0, 441.0, 1792, 17.0, 398.0, 2048, 63.0, 487.0, 3584, -263.0, -1.0, 448, -263.0, -1.0, 2048, 487.0, 598.0, 3584,
303, 33.0, 213.0, 1792, 1.0, 154.0, 2048, 63.0, 243.0, 1792, -263.0, -1.0, 896, -263.0, -1.0, 2048, 243.0, 298.0, 1792,
304, 33.0, 457.0, 3584, 1.0, 398.0, 4096, 63.0, 487.0, 3584, -263.0, -1.0, 896, -525.0, -1.0, 4096, 487.0, 598.0, 3584,
305, 33.0, 457.0, 3584, 1.0, 398.0, 4096, 63.0, 487.0, 3584, -263.0, -1.0, 1792, -525.0, -1.0, 4096, 487.0, 598.0, 3584,
306, 33.0, 945.0, 7168, 1.0, 886.0, 8192, 63.0, 975.0, 7168, -263.0, -1.0, 1792, -1049.0, -1.0, 8192, 975.0, 1198.0, 7168,
307, 33.0, 1921.0, 14336, 1.0, 1862.0, 16384, 63.0, 1951.0, 14336, -525.0, -1.0, 3584, -1835.0, -1.0, 16384, 1951.0, 2398.0, 14336,
308, 33.0, 187.0, 232, 29.0, 155.0, 256, 63.0, 245.0, 1856, -263.0, -1.0, 116, -263.0, -1.0, 256, 245.0, 302.0, 1856,
309, 33.0, 433.0, 464, 29.0, 401.0, 512, 63.0, 491.0, 3712, -263.0, -1.0, 116, -263.0, -1.0, 512, 491.0, 606.0, 3712,
310, 33.0, 191.0, 464, 25.0, 155.0, 512, 63.0, 245.0, 1856, -263.0, -1.0, 232, -263.0, -1.0, 512, 245.0, 302.0, 1856,
311, 33.0, 437.0, 928, 25.0, 401.0, 1024, 63.0, 491.0, 3712, -263.0, -1.0, 232, -263.0, -1.0, 1024, 491.0, 606.0, 3712,
312, 33.0, 199.0, 928, 17.0, 155.0, 1024, 63.0, 245.0, 1856, -263.0, -1.0, 464, -263.0, -1.0, 1024, 245.0, 302.0, 1856,
313, 33.0, 445.0, 1856, 17.0, 401.0, 2048, 63.0, 491.0, 3712, -263.0, -1.0, 464, -263.0, -1.0, 2048, 491.0, 606.0, 3712,
314, 33.0, 215.0, 1856, 1.0, 155.0, 2048, 63.0, 245.0, 1856, -263.0, -1.0, 928, -263.0, -1.0, 2048, 245.0, 302.0, 1856,
315, 33.0, 461.0, 3712, 1.0, 401.0, 4096, 63.0, 491.0, 3712, -263.0, -1.0, 928, -525.0, -1.0, 4096, 491.0, 606.0, 3712,
316, 33.0, 461.0, 3712, 1.0, 401.0, 4096, 63.0, 491.0, 3712, -263.0, -1.0, 1856, -525.0, -1.0, 4096, 491.0, 606.0, 3712,
317, 33.0, 953.0, 7424, 1.0, 893.0, 8192, 63.0, 983.0, 7424, -263.0, -1.0, 1856, -1049.0, -1.0, 8192, 983.0, 1214.0, 7424,
318, 33.0, 1937.0, 14848, 1.0, 1877.0, 16384, 63.0, 1967.0, 14848, -525.0, -1.0, 3712, -1835.0, -1.0, 16384, 1967.0, 2430.0, 14848,
319, 33.0, 189.0, 240, 29.0, 156.0, 256, 63.0, 247.0, 1920, -263.0, -1.0, 120, -263.0, -1.0, 256, 247.0, 306.0, 1920,
320, 33.0, 437.0, 480, 29.0, 404.0, 512, 63.0, 495.0, 3840, -263.0, -1.0, 120, -263.0, -1.0, 512, 495.0, 614.0, 3840,
321, 33.0, 193.0, 480, 25.0, 156.0, 512, 63.0, 247.0, 1920, -263.0, -1.0, 240, -263.0, -1.0, 512, 247.0, 306.0, 1920,
322, 33.0, 441.0, 960, 25.0, 404.0, 1024, 63.0, 495.0, 3840, -263.0, -1.0, 240, -263.0, -1.0, 1024, 495.0, 614.0, 3840,
323, 33.0, 201.0, 960, 17.0, 156.0, 1024, 63.0, 247.0, 1920, -263.0, -1.0, 480, -263.0, -1.0, 1024, 247.0, 306.0, 1920,
324, 33.0, 449.0, 1920, 17.0, 404.0, 2048, 63.0, 495.0, 3840, -263.0, -1.0, 480, -263.0, -1.0, 2048, 495.0, 614.0, 3840,
325, 33.0, 217.0, 1920, 1.0, 156.0, 2048, 63.0, 247.0, 1920, -263.0, -1.0, 960, -263.0, -1.0, 2048, 247.0, 306.0, 1920,
326, 33.0, 465.0, 3840, 1.0, 404.0, 4096, 63.0, 495.0, 3840, -263.0, -1.0, 960, -525.0, -1.0, 4096, 495.0, 614.0, 3840,
327, 33.0, 465.0, 3840, 1.0, 404.0, 4096, 63.0, 495.0, 3840, -263.0, -1.0, 1920, -525.0, -1.0, 4096, 495.0, 614.0, 3840,
328, 33.0, 961.0, 7680, 1.0, 900.0, 8192, 63.0, 991.0, 7680, -263.0, -1.0, 1920, -1049.0, -1.0, 8192, 991.0, 1230.0, 7680,
329, 33.0, 1953.0, 15360, 1.0, 1892.0, 16384, 63.0, 1983.0, 15360, -525.0, -1.0, 3840, -1835.0, -1.0, 16384, 1983.0, 2462.0, 15360,
330, 33.0, 191.0, 248, 29.0, 157.0, 256, 63.0, 249.0, 1984, -263.0, -1.0, 124, -263.0, -1.0, 256, 249.0, 310.0, 1984,
331, 33.0, 441.0, 496, 29.0, 407.0, 512, 63.0, 499.0, 3968, -263.0, -1.0, 124, -263.0, -1.0, 512, 499.0, 622.0, 3968,
332, 33.0, 195.0, 496, 25.0, 157.0, 512, 63.0, 249.0, 1984, -263.0, -1.0, 248, -263.0, -1.0, 512, 249.0, 310.0, 1984,
333, 33.0, 445.0, 992, 25.0, 407.0, 1024, 63.0, 499.0, 3968, -263.0, -1.0, 248, -263.0, -1.0, 1024, 499.0, 622.0, 3968,
334, 33.0, 203.0, 992, 17.0, 157.0, 1024, 63.0, 249.0, 1984, -263.0, -1.0, 496, -263.0, -1.0, 1024, 249.0, 310.0, 1984,
335, 33.0, 453.0, 1984, 17.0, 407.0, 2048, 63.0, 499.0, 3968, -263.0, -1.0, 496, -263.0, -1.0, 2048, 499.0, 622.0, 3968,
336, 33.0, 219.0, 1984, 1.0, 157.0, 2048, 63.0, 249.0, 1984, -263.0, -1.0, 992, -263.0, -1.0, 2048, 249.0, 310.0, 1984,
337, 33.0, 469.0, 3968, 1.0, 407.0, 4096, 63.0, 499.0, 3968, -263.0, -1.0, 992, -525.0, -1.0, 4096, 499.0, 622.0, 3968,
338, 33.0, 469.0, 3968, 1.0, 407.0, 4096, 63.0, 499.0, 3968, -263.0, -1.0, 1984, -525.0, -1.0, 4096, 499.0, 622.0, 3968,
339, 33.0, 969.0, 7936, 1.0, 907.0, 8192, 63.0, 999.0, 7936, -263.0, -1.0, 1984, -1049.0, -1.0, 8192, 999.0, 1246.0, 7936,
340, 33.0, 1969.0, 15872, 1.0, 1907.0, 16384, 63.0, 1999.0, 15872, -525.0, -1.0, 3968, -1835.0, -1.0, 16384, 1999.0, 2494.0, 15872,
341, 33.0, 193.0, 256, 29.0, 158.0, 256, 63.0, 251.0, 2048, -263.0, -1.0, 128, -263.0, -1.0, 256, 251.0, 314.0, 2048,
342, 33.0, 445.0, 512, 29.0, 410.0, 512, 63.0, 503.0, 4096, -263.0, -1.0, 128, -263.0, -1.0, 512, 503.0, 630.0, 4096,
343, 33.0, 197.0, 512, 25.0, 158.0, 512, 63.0, 251.0, 2048, -263.0, -1.0, 256, -263.0, -1.0, 512, 251.0, 314.0, 2048,
344, 33.0, 449.0, 1024, 25.0, 410.0, 1024, 63.0, 503.0, 4096, -263.0, -1.0, 256, -263.0, -1.0, 1024, 503.0, 630.0, 4096,
345, 33.0, 205.0, 1024, 17.0, 158.0, 1024, 63.0, 251.0, 2048, -263.0, -1.0, 512, -263.0, -1.0, 1024, 251.0, 314.0, 2048,
346, 33.0, 457.0, 2048, 17.0, 410.0, 2048, 63.0, 503.0, 4096, -263.0, -1.0, 512, -263.0, -1.0, 2048, 503.0, 630.0, 4096,
347, 33.0, 221.0, 2048, 1.0, 158.0, 2048, 63.0, 251.0, 2048, -263.0, -1.0, 1024, -263.0, -1.0, 2048, 251.0, 314.0, 2048,
348, 33.0, 473.0, 4096, 1.0, 410.0, 4096, 63.0, 503.0, 4096, -263.0, -1.0, 1024, -525.0, -1.0, 4096, 503.0, 630.0, 4096,
349, 33.0, 473.0, 4096, 1.0, 410.0, 4096, 63.0, 503.0, 4096, -263.0, -1.0, 2048, -525.0, -1.0, 4096, 503.0, 630.0, 4096,
350, 33.0, 977.0, 8192, 1.0, 914.0, 8192, 63.0, 1007.0, 8192, -263.0, -1.0, 2048, -1049.0, -1.0, 8192, 1007.0, 1262.0, 8192,
351, 33.0, 1985.0, 16384, 1.0, 1922.0, 16384, 63.0, 2015.0, 16384, -525.0, -1.0, 4096, -1835.0, -1.0, 16384, 2015.0, 2526.0, 16384,
352, 33.0, 195.0, 264, 29.0, 159.0, 256, 63.0, 253.0, 2112, -263.0, -1.0, 132, -263.0, -1.0, 256, 253.0, 318.0, 2112,
353, 33.0, 449.0, 528, 29.0, 413.0, 512, 63.0, 507.0, 4224, -263.0, -1.0, 132, -263.0, -1.0, 512, 507.0, 638.0, 4224,
354, 33.0, 199.0, 528, 25.0, 159.0, 512, 63.0, 253.0, 2112, -263.0, -1.0, 264, -263.0, -1.0, 512, 253.0, 318.0, 2112,
355, 33.0, 453.0, 1056, 25.0, 413.0, 1024, 63.0, 507.0, 4224, -263.0, -1.0, 264, -263.0, -1.0, 1024, 507.0, 638.0, 4224,
356, 33.0, 207.0, 1056, 17.0, 159.0, 1024, 63.0, 253.0, 2112, -263.0, -1.0, 528, -263.0, -1.0, 1024, 253.0, 318.0, 2112,
357, 33.0, 461.0, 2112, 17.0, 413.0, 2048, 63.0, 507.0, 4224, -263.0, -1.0, 528, -263.0, -1.0, 2048, 507.0, 638.0, 4224,
358, 33.0, 223.0, 2112, 1.0, 159.0, 2048, 63.0, 253.0, 2112, -263.0, -1.0, 1056, -263.0, -1.0, 2048, 253.0, 318.0, 2112,
359, 33.0, 477.0, 4224, 1.0, 413.0, 4096, 63.0, 507.0, 4224, -263.0, -1.0, 1056, -525.0, -1.0, 4096, 507.0, 638.0, 4224,
360, 33.0, 477.0, 4224, 1.0, 413.0, 4096, 63.0, 507.0, 4224, -263.0, -1.0, 2112, -525.0, -1.0, 4096, 507.0, 638.0, 4224,
361, 33.0, 985.0, 8448, 1.0, 921.0, 8192, 63.0, 1015.0, 8448, -263.0, -1.0, 2112, -1049.0, -1.0, 8192, 1015.0, 1278.0, 8448,
362, 33.0, 2001.0, 16896, 1.0, 1937.0, 16384, 63.0, 2031.0, 16896, -525.0, -1.0, 4224, -1835.0, -1.0, 16384, 2031.0, 2558.0, 16896,
363, 33.0, 197.0, 272, 29.0, 160.0, 256, 63.0, 255.0, 2176, -263.0, -1.0, 136, -263.0, -1.0, 256, 255.0, 322.0, 2176,
364, 33.0, 453.0, 544, 29.0, 416.0, 512, 63.0, 511.0, 4352, -263.0, -1.0, 136, -263.0, -1.0, 512, 511.0, 646.0, 4352,
365, 33.0, 201.0, 544, 25.0, 160.0, 512, 63.0, 255.0, 2176, -263.0, -1.0, 272, -263.0, -1.0, 512, 255.0, 322.0, 2176,
366, 33.0, 457.0, 1088, 25.0, 416.0, 1024, 63.0, 511.0, 4352, -263.0, -1.0, 272, -263.0, -1.0, 1024, 511.0, 646.0, 4352,
367, 33.0, 209.0, 1088, 17.0, 160.0, 1024, 63.0, 255.0, 2176, -263.0, -1.0, 544, -263.0, -1.0, 1024, 255.0, 322.0, 2176,
368, 33.0, 465.0, 2176, 17.0, 416.0, 2048, 63.0, 511.0, 4352, -263.0, -1.0, 544, -263.0, -1.0, 2048, 511.0, 646.0, 4352,
369, 33.0, 225.0, 2176, 1.0, 160.0, 2048, 63.0, 255.0, 2176, -263.0, -1.0, 1088, -263.0, -1.0, 2048, 255.0, 322.0, 2176,
370, 33.0, 481.0, 4352, 1.0, 416.0, 4096, 63.0, 511.0, 4352, -263.0, -1.0, 1088, -525.0, -1.0, 4096, 511.0, 646.0, 4352,
371, 33.0, 481.0, 4352, 1.0, 416.0, 4096, 63.0, 511.0, 4352, -263.0, -1.0, 2176, -525.0, -1.0, 4096, 511.0, 646.0, 4352,
372, 33.0, 993.0, 8704, 1.0, 928.0, 8192, 63.0, 1023.0, 8704, -263.0, -1.0, 2176, -1049.0, -1.0, 8192, 1023.0, 1294.0, 8704,
373, 33.0, 2017.0, 17408, 1.0, 1952.0, 16384, 63.0, 2047.0, 17408, -525.0, -1.0, 4352, -1835.0, -1.0, 16384, 2047.0, 2590.0, 17408,
374, 33.0, 199.0, 280, 29.0, 161.0, 256, 63.0, 257.0, 2240, -263.0, -1.0, 140, -263.0, -1.0, 256, 257.0, 326.0, 2240,
375, 33.0, 457.0, 560, 29.0, 419.0, 512, 63.0, 515.0, 4480, -263.0, -1.0, 140, -263.0, -1.0, 512, 515.0, 654.0, 4480,
376, 33.0, 203.0, 560, 25.0, 161.0, 512, 63.0, 257.0, 2240, -263.0, -1.0, 280, -263.0, -1.0, 512, 257.0, 326.0, 2240,
377, 33.0, 461.0, 1120, 25.0, 419.0, 1024, 63.0, 515.0, 4480, -263.0, -1.0, 280, -263.0, -1.0, 1024, 515.0, 654.0, 4480,
378, 33.0, 211.0, 1120, 17.0, 161.0, 1024, 63.0, 257.0, 2240, -263.0, -1.0, 560, -263.0, -1.0, 1024, 257.0, 326.0, 2240,
379, 33.0, 469.0, 2240, 17.0, 419.0, 2048, 63.0, 515.0, 4480, -263.0, -1.0, 560, -263.0, -1.0, 2048, 515.0, 654.0, 4480,
380, 33.0, 227.0, 2240, 1.0, 161.0, 2048, 63.0, 257.0, 2240, -263.0, -1.0, 1120, -263.0, -1.0, 2048, 257.0, 326.0, 2240,
381, 33.0, 485.0, 4480, 1.0, 419.0, 4096, 63.0, 515.0, 4480, -263.0, -1.0, 1120, -525.0, -1.0, 4096, 515.0, 654.0, 4480,
382, 33.0, 485.0, 4480, 1.0, 419.0, 4096, 63.0, 515.0, 4480, -263.0, -1.0, 2240, -525.0, -1.0, 4096, 515.0, 654.0, 4480,
383, 33.0, 1001.0, 8960, 1.0, 935.0, 8192, 63.0, 1031.0, 8960, -263.0, -1.0, 2240, -1049.0, -1.0, 8192, 1031.0, 1310.0, 8960,
384, 33.0, 2033.0, 17920, 1.0, 1967.0, 16384, 63.0, 2063.0, 17920, -525.0, -1.0, 4480, -1835.0, -1.0, 16384, 2063.0, 2622.0, 17920,
385, 33.0, 201.0, 288, 29.0, 162.0, 256, 63.0, 259.0, 2304, -263.0, -1.0, 144, -263.0, -1.0, 256, 259.0, 330.0, 2304,
386, 33.0, 461.0, 576, 29.0, 422.0, 512, 63.0, 519.0, 4608, -263.0, -1.0, 144, -263.0, -1.0, 512, 519.0, 662.0, 4608,
387, 33.0, 205.0, 576, 25.0, 162.0, 512, 63.0, 259.0, 2304, -263.0, -1.0, 288, -263.0, -1.0, 512, 259.0, 330.0, 2304,
388, 33.0, 465.0, 1152, 25.0, 422.0, 1024, 63.0, 519.0, 4608, -263.0, -1.0, 288, -263.0, -1.0, 1024, 519.0, 662.0, 4608,
389, 33.0, 213.0, 1152, 17.0, 162.0, 1024, 63.0, 259.0, 2304, -263.0, -1.0, 576, -263.0, -1.0, 1024, 259.0, 330.0, 2304,
390, 33.0, 473.0, 2304, 17.0, 422.0, 2048, 63.0, 519.0, 4608, -263.0, -1.0, 576, -263.0, -1.0, 2048, 519.0, 662.0, 4608,
391, 33.0, 229.0, 2304, 1.0, 162.0, 2048, 63.0, 259.0, 2304, -263.0, -1.0, 1152, -263.0, -1.0, 2048, 259.0, 330.0, 2304,
392, 33.0, 489.0, 4608, 1.0, 422.0, 4096, 63.0, 519.0, 4608, -263.0, -1.0, 1152, -525.0, -1.0, 4096, 519.0, 662.0, 4608,
393, 33.0, 489.0, 4608, 1.0, 422.0, 4096, 63.0, 519.0, 4608, -263.0, -1.0, 2304, -525.0, -1.0, 4096, 519.0, 662.0, 4608,
394, 33.0, 1009.0, 9216, 1.0, 942.0, 8192, 63.0, 1039.0, 9216, -263.0, -1.0, 2304, -1049.0, -1.0, 8192, 1039.0, 1326.0, 9216,
395, 33.0, 2049.0, 18432, 1.0, 1982.0, 16384, 63.0, 2079.0, 18432, -525.0, -1.0, 4608, -1835.0, -1.0, 16384, 2079.0, 2654.0, 18432,
396, 33.0, 203.0, 296, 29.0, 163.0, 256, 63.0, 261.0, 2368, -263.0, -1.0, 148, -263.0, -1.0, 256, 261.0, 334.0, 2368,
397, 33.0, 465.0, 592, 29.0, 425.0, 512, 63.0, 523.0, 4736, -263.0, -1.0, 148, -263.0, -1.0, 512, 523.0, 670.0, 4736,
398, 33.0, 207.0, 592, 25.0, 163.0, 512, 63.0, 261.0, 2368, -263.0, -1.0, 296, -263.0, -1.0, 512, 261.0, 334.0, 2368,
399, 33.0, 469.0, 1184, 25.0, 425.0, 1024, 63.0, 523.0, 4736, -263.0, -1.0, 296, -263.0, -1.0, 1024, 523.0, 670.0, 4736,
400, 33.0, 215.0, 1184, 17.0, 163.0, 1024, 63.0, 261.0, 2368, -263.0, -1.0, 592, -263.0, -1.0, 1024, 261.0, 334.0, 2368,
401, 33.0, 477.0, 2368, 17.0, 425.0, 2048, 63.0, 523.0, 4736, -263.0, -1.0, 592, -263.0, -1.0, 2048, 523.0, 670.0, 4736,
402, 33.0, 231.0, 2368, 1.0, 163.0, 2048, 63.0, 261.0, 2368, -263.0, -1.0, 1184, -263.0, -1.0, 2048, 261.0, 334.0, 2368,
403, 33.0, 493.0, 4736, 1.0, 425.0, 4096, 63.0, 523.0, 4736, -263.0, -1.0, 1184, -525.0, -1.0, 4096, 523.0, 670.0, 4736,
404, 33.0, 493.0, 4736, 1.0, 425.0, 4096, 63.0, 523.0, 4736, -263.0, -1.0, 2368, -525.0, -1.0, 4096, 523.0, 670.0, 4736,
405, 33.0, 1017.0, 9472, 1.0, 949.0, 8192, 63.0, 1047.0, 9472, -263.0, -1.0, 2368, -1049.0, -1.0, 8192, 1047.0, 1342.0, 9472,
406, 33.0, 2065.0, 18944, 1.0, 1997.0, 16384, 63.0, 2095.0, 18944, -525.0, -1.0, 4736, -1835.0, -1.0, 16384, 2095.0, 2686.0, 18944,
407, 33.0, 205.0, 304, 29.0, 164.0, 256, 63.0, 263.0, 2432, -263.0, -1.0, 152, -263.0, -1.0, 256, 263.0, 338.0, 2432,
408, 33.0, 469.0, 608, 29.0, 428.0, 512, 63.0, 527.0, 4864, -263.0, -1.0, 152, -263.0, -1.0, 512, 527.0, 678.0, 4864,
409, 33.0, 209.0, 608, 25.0, 164.0, 512, 63.0, 263.0, 2432, -263.0, -1.0, 304, -263.0, -1.0, 512, 263.0, 338.0, 2432,
410, 33.0, 473.0, 1216, 25.0, 428.0, 1024, 63.0, 527.0, 4864, -263.0, -1.0, 304, -263.0, -1.0, 1024, 527.0, 678.0, 4864,
411, 33.0, 217.0, 1216, 17.0, 164.0, 1024, 63.0, 263.0, 2432, -263.0, -1.0, 608, -263.0, -1.0, 1024, 263.0, 338.0, 2432,
412, 33.0, 481.0, 2432, 17.0, 428.0, 2048, 63.0, 527.0, 4864, -263.0, -1.0, 608, -263.0, -1.0, 2048, 527.0, 678.0, 4864,
413, 33.0, 233.0, 2432, 1.0, 164.0, 2048, 63.0, 263.0, 2432, -263.0, -1.0, 1216, -263.0, -1.0, 2048, 263.0, 338.0, 2432,
414, 33.0, 497.0, 4864, 1.0, 428.0, 4096, 63.0, 527.0, 4864, -263.0, -1.0, 1216, -525.0, -1.0, 4096, 527.0, 678.0, 4864,
415, 33.0, 497.0, 4864, 1.0, 428.0, 4096, 63.0, 527.0, 4864, -263.0, -1.0, 2432, -525.0, -1.0, 4096, 527.0, 678.0, 4864,
416, 33.0, 1025.0, 9728, 1.0, 956.0, 8192, 63.0, 1055.0, 9728, -263.0, -1.0, 2432, -1049.0, -1.0, 8192, 1055.0, 1358.0, 9728,
417, 33.0, 2081.0, 19456, 1.0, 2012.0, 16384, 63.0, 2111.0, 19456, -525.0, -1.0, 4864, -1835.0, -1.0, 16384, 2111.0, 2718.0, 19456,
418, 33.0, 207.0, 312, 29.0, 165.0, 256, 63.0, 265.0, 2496, -263.0, -1.0, 156, -263.0, -1.0, 256, 265.0, 342.0, 2496,
419, 33.0, 473.0, 624, 29.0, 431.0, 512, 63.0, 531.0, 4992, -263.0, -1.0, 156, -263.0, -1.0, 512, 531.0, 686.0, 4992,
420, 33.0, 211.0, 624, 25.0, 165.0, 512, 63.0, 265.0, 2496, -263.0, -1.0, 312, -263.0, -1.0, 512, 265.0, 342.0, 2496,
421, 33.0, 477.0, 1248, 25.0, 431.0, 1024, 63.0, 531.0, 4992, -263.0, -1.0, 312, -263.0, -1.0, 1024, 531.0, 686.0, 4992,
422, 33.0, 219.0, 1248, 17.0, 165.0, 1024, 63.0, 265.0, 2496, -263.0, -1.0, 624, -263.0, -1.0, 1024, 265.0, 342.0, 2496,
423, 33.0, 485.0, 2496, 17.0, 431.0, 2048, 63.0, 531.0, 4992, -263.0, -1.0, 624, -263.0, -1.0, 2048, 531.0, 686.0, 4992,
424, 33.0, 235.0, 2496, 1.0, 165.0, 2048, 63.0, 265.0, 2496, -263.0, -1.0, 1248, -263.0, -1.0, 2048, 265.0, 342.0, 2496,
425, 33.0, 501.0, 4992, 1.0, 431.0, 4096, 63.0, 531.0, 4992, -263.0, -1.0, 1248, -525.0, -1.0, 4096, 531.0, 686.0, 4992,
426, 33.0, 501.0, 4992, 1.0, 431.0, 4096, 63.0, 531.0, 4992, -263.0, -1.0, 2496, -525.0, -1.0, 4096, 531.0, 686.0, 4992,
427, 33.0, 1033.0, 9984, 1.0, 963.0, 8192, 63.0, 1063.0, 9984, -263.0, -1.0, 2496, -1049.0, -1.0, 8192, 1063.0, 1374.0, 9984,
428, 33.0, 2097.0, 19968, 1.0, 2027.0, 16384, 63.0, 2127.0, 19968, -525.0, -1.0, 4992, -1835.0, -1.0, 16384, 2127.0, 2750.0, 19968,
429, 33.0, 209.0, 320, 29.0, 166.0, 256, 63.0, 267.0, 2560, -263.0, -1.0, 160, -263.0, -1.0, 256, 267.0, 346.0, 2560,
430, 33.0, 477.0, 640, 29.0, 434.0, 512, 63.0, 535.0, 5120, -263.0, -1.0, 160, -263.0, -1.0, 512, 535.0, 694.0, 5120,
431, 33.0, 213.0, 640, 25.0, 166.0, 512, 63.0, 267.0, 2560, -263.0, -1.0, 320, -263.0, -1.0, 512, 267.0, 346.0, 2560,
432, 33.0, 481.0, 1280, 25.0, 434.0, 1024, 63.0, 535.0, 5120, -263.0, -1.0, 320, -263.0, -1.0, 1024, 535.0, 694.0, 5120,
433, 33.0, 221.0, 1280, 17.0, 166.0, 1024, 63.0, 267.0, 2560, -263.0, -1.0, 640, -263.0, -1.0, 1024, 267.0, 346.0, 2560,
434, 33.0, 489.0, 2560, 17.0, 434.0, 2048, 63.0, 535.0, 5120, -263.0, -1.0, 640, -263.0, -1.0, 2048, 535.0, 694.0, 5120,
435, 33.0, 237.0, 2560, 1.0, 166.0, 2048, 63.0, 267.0, 2560, -263.0, -1.0, 1280, -263.0, -1.0, 2048, 267.0, 346.0, 2560,
436, 33.0, 505.0, 5120, 1.0, 434.0, 4096, 63.0, 535.0, 5120, -263.0, -1.0, 1280, -525.0, -1.0, 4096, 535.0, 694.0, 5120,
437, 33.0, 505.0, 5120, 1.0, 434.0, 4096, 63.0, 535.0, 5120, -263.0, -1.0, 2560, -525.0, -1.0, 4096, 535.0, 694.0, 5120,
438, 33.0, 1041.0, 10240, 1.0, 970.0, 8192, 63.0, 1071.0, 10240, -263.0, -1.0, 2560, -1049.0, -1.0, 8192, 1071.0, 1390.0, 10240,
439, 33.0, 2113.0, 20480, 1.0, 2042.0, 16384, 63.0, 2143.0, 20480, -525.0, -1.0, 5120, -1835.0, -1.0, 16384, 2143.0, 2782.0, 20480,
440, 33.0, 211.0, 328, 29.0, 167.0, 256, 63.0, 269.0, 2624, -263.0, -1.0, 164, -263.0, -1.0, 256, 269.0, 350.0, 2624,
441, 33.0, 481.0, 656, 29.0, 437.0, 512, 63.0, 539.0, 5248, -263.0, -1.0, 164, -263.0, -1.0, 512, 539.0, 702.0, 5248,
442, 33.0, 215.0, 656, 25.0, 167.0, 512, 63.0, 269.0, 2624, -263.0, -1.0, 328, -263.0, -1.0, 512, 269.0, 350.0, 2624,
443, 33.0, 485.0, 1312, 25.0, 437.0, 1024, 63.0, 539.0, 5248, -263.0, -1.0, 328, -263.0, -1.0, 1024, 539.0, 702.0, 5248,
444, 33.0, 223.0, 1312, 17.0, 167.0, 1024, 63.0, 269.0, 2624, -263.0, -1.0, 656, -263.0, -1.0, 1024, 269.0, 350.0, 2624,
445, 33.0, 493.0, 2624, 17.0, 437.0, 2048, 63.0, 539.0, 5248, -263.0, -1.0, 656, -263.0, -1.0, 2048, 539.0, 702.0, 5248,
446, 33.0, 239.0, 2624, 1.0, 167.0, 2048, 63.0, 269.0, 2624, -263.0, -1.0, 1312, -263.0, -1.0, 2048, 269.0, 350.0, 2624,
447, 33.0, 509.0, 5248, 1.0, 437.0, 4096, 63.0, 539.0, 5248, -263.0, -1.0, 1312, -525.0, -1.0, 4096, 539.0, 702.0, 5248,
448, 33.0, 509.0, 5248, 1.0, 437.0, 4096, 63.0, 539.0, 5248, -525.0, -1.0, 2624, -525.0, -1.0, 4096, 539.0, 702.0, 5248,
449, 33.0, 1049.0, 10496, 1.0, 977.0, 8192, 63.0, 1079.0, 10496, -525.0, -1.0, 2624, -1049.0, -1.0, 8192, 1079.0, 1406.0, 10496,
450, 33.0, 2129.0, 20992, 1.0, 2057.0, 16384, 63.0, 2159.0, 20992, -787.0, -1.0, 5248, -1835.0, -1.0, 16384, 2159.0, 2814.0, 20992,
451, 33.0, 213.0, 336, 29.0, 168.0, 256, 63.0, 271.0, 2688, -263.0, -1.0, 168, -263.0, -1.0, 256, 271.0, 354.0, 2688,
452, 33.0, 485.0, 672, 29.0, 440.0, 512, 63.0, 543.0, 5376, -263.0, -1.0, 168, -263.0, -1.0, 512, 543.0, 710.0, 5376,
453, 33.0, 217.0, 672, 25.0, 168.0, 512, 63.0, 271.0, 2688, -263.0, -1.0, 336, -263.0, -1.0, 512, 271.0, 354.0, 2688,
454, 33.0, 489.0, 1344, 25.0, 440.0, 1024, 63.0, 543.0, 5376, -263.0, -1.0, 336, -263.0, -1.0, 1024, 543.0, 710.0, 5376,
455, 33.0, 225.0, 1344, 17.0, 168.0, 1024, 63.0, 271.0, 2688, -263.0, -1.0, 672, -263.0, -1.0, 1024, 271.0, 354.0, 2688,
456, 33.0, 497.0, 2688, 17.0, 440.0, 2048, 63.0, 543.0, 5376, -263.0, -1.0, 672, -263.0, -1.0, 2048, 543.0, 710.0, 5376,
457, 33.0, 241.0, 2688, 1.0, 168.0, 2048, 63.0, 271.0, 2688, -263.0, -1.0, 1344, -263.0, -1.0, 2048, 271.0, 354.0, 2688,
458, 33.0, 513.0, 5376, 1.0, 440.0, 4096, 63.0, 543.0, 5376, -263.0, -1.0, 1344, -525.0, -1.0, 4096, 543.0, 710.0, 5376,
459, 33.0, 513.0, 5376, 1.0, 440.0, 4096, 63.0, 543.0, 5376, -525.0, -1.0, 2688, -525.0, -1.0, 4096, 543.0, 710.0, 5376,
460, 33.0, 1057.0, 10752, 1.0, 984.0, 8192, 63.0, 1087.0, 10752, -525.0, -1.0, 2688, -1049.0, -1.0, 8192, 1087.0, 1422.0, 10752,
461, 33.0, 2145.0, 21504, 1.0, 2072.0, 16384, 63.0, 2175.0, 21504, -787.0, -1.0, 5376, -1835.0, -1.0, 16384, 2175.0, 2846.0, 21504,
462, 33.0, 215.0, 344, 29.0, 169.0, 256, 63.0, 273.0, 2752, -263.0, -1.0, 172, -263.0, -1.0, 256, 273.0, 358.0, 2752,
463, 33.0, 489.0, 688, 29.0, 443.0, 512, 63.0, 547.0, 5504, -263.0, -1.0, 172, -263.0, -1.0, 512, 547.0, 718.0, 5504,
464, 33.0, 219.0, 688, 25.0, 169.0, 512, 63.0, 273.0, 2752, -263.0, -1.0, 344, -263.0, -1.0, 512, 273.0, 358.0, 2752,
465, 33.0, 493.0, 1376, 25.0, 443.0, 1024, 63.0, 547.0, 5504, -263.0, -1.0, 344, -263.0, -1.0, 1024, 547.0, 718.0, 5504,
466, 33.0, 227.0, 1376, 17.0, 169.0, 1024, 63.0, 273.0, 2752, -263.0, -1.0, 688, -263.0, -1.0, 1024, 273.0, 358.0, 2752,
467, 33.0, 501.0, 2752, 17.0, 443.0, 2048, 63.0, 547.0, 5504, -263.0, -1.0, 688, -263.0, -1.0, 2048, 547.0, 718.0, 5504,
468, 33.0, 243.0, 2752, 1.0, 169.0, 2048, 63.0, 273.0, 2752, -263.0, -1.0, 1376, -263.0, -1.0, 2048, 273.0, 358.0, 2752,
469, 33.0, 517.0, 5504, 1.0, 443.0, 4096, 63.0, 547.0, 5504, -263.0, -1.0, 1376, -525.0, -1.0, 4096, 547.0, 718.0, 5504,
470, 33.0, 517.0, 5504, 1.0, 443.0, 4096, 63.0, 547.0, 5504, -525.0, -1.0, 2752, -525.0, -1.0, 4096, 547.0, 718.0, 5504,
471, 33.0, 1065.0, 11008, 1.0, 991.0, 8192, 63.0, 1095.0, 11008, -525.0, -1.0, 2752, -1049.0, -1.0, 8192, 1095.0, 1438.0, 11008,
472, 33.0, 2161.0, 22016, 1.0, 2087.0, 16384, 63.0, 2191.0, 22016, -787.0, -1.0, 5504, -1835.0, -1.0, 16384, 2191.0, 2878.0, 22016,
473, 33.0, 217.0, 352, 29.0, 170.0, 256, 63.0, 275.0, 2816, -263.0, -1.0, 176, -263.0, -1.0, 256, 275.0, 362.0, 2816,
474, 33.0, 493.0, 704, 29.0, 446.0, 512, 63.0, 551.0, 5632, -263.0, -1.0, 176, -263.0, -1.0, 512, 551.0, 726.0, 5632,
475, 33.0, 221.0, 704, 25.0, 170.0, 512, 63.0, 275.0, 2816, -263.0, -1.0, 352, -263.0, -1.0, 512, 275.0, 362.0, 2816,
476, 33.0, 497.0, 1408, 25.0, 446.0, 1024, 63.0, 551.0, 5632, -263.0, -1.0, 352, -263.0, -1.0, 1024, 551.0, 726.0, 5632,
477, 33.0, 229.0, 1408, 17.0, 170.0, 1024, 63.0, 275.0, 2816, -263.0, -1.0, 704, -263.0, -1.0, 1024, 275.0, 362.0, 2816,
478, 33.0, 505.0, 2816, 17.0, 446.0, 2048, 63.0, 551.0, 5632, -263.0, -1.0, 704, -263.0, -1.0, 2048, 551.0, 726.0, 5632,
479, 33.0, 245.0, 2816, 1.0, 170.0, 2048, 63.0, 275.0, 2816, -263.0, -1.0, 1408, -263.0, -1.0, 2048, 275.0, 362.0, 2816,
480, 33.0, 521.0, 5632, 1.0, 446.0, 4096, 63.0, 551.0, 5632, -263.0, -1.0, 1408, -525.0, -1.0, 4096, 551.0, 726.0, 5632,
481, 33.0, 521.0, 5632, 1.0, 446.0, 4096, 63.0, 551.0, 5632, -525.0, -1.0, 2816, -525.0, -1.0, 4096, 551.0, 726.0, 5632,
482, 33.0, 1073.0, 11264, 1.0, 998.0, 8192, 63.0, 1103.0, 11264, -525.0, -1.0, 2816, -1049.0, -1.0, 8192, 1103.0, 1454.0, 11264,
483, 33.0, 2177.0, 22528, 1.0, 2102.0, 16384, 63.0, 2207.0, 22528, -787.0, -1.0, 5632, -1835.0, -1.0, 16384, 2207.0, 2910.0, 22528,
484, 33.0, 219.0, 360, 29.0, 171.0, 256, 63.0, 277.0, 2880, -263.0, -1.0, 180, -263.0, -1.0, 256, 277.0, 366.0, 2880,
485, 33.0, 497.0, 720, 29.0, 449.0, 512, 63.0, 555.0, 5760, -263.0, -1.0, 180, -263.0, -1.0, 512, 555.0, 734.0, 5760,
486, 33.0, 223.0, 720, 25.0, 171.0, 512, 63.0, 277.0, 2880, -263.0, -1.0, 360, -263.0, -1.0, 512, 277.0, 366.0, 2880,
487, 33.0, 501.0, 1440, 25.0, 449.0, 1024, 63.0, 555.0, 5760, -263.0, -1.0, 360, -263.0, -1.0, 1024, 555.0, 734.0, 5760,
488, 33.0, 231.0, 1440, 17.0, 171.0, 1024, 63.0, 277.0, 2880, -263.0, -1.0, 720, -263.0, -1.0, 1024, 277.0, 366.0, 2880,
489, 33.0, 509.0, 2880, 17.0, 449.0, 2048, 63.0, 555.0, 5760, -263.0, -1.0, 720, -263.0, -1.0, 2048, 555.0, 734.0, 5760,
490, 33.0, 247.0, 2880, 1.0, 171.0, 2048, 63.0, 277.0, 2880, -263.0, -1.0, 1440, -263.0, -1.0, 2048, 277.0, 366.0, 2880,
491, 33.0, 525.0, 5760, 1.0, 449.0, 4096, 63.0, 555.0, 5760, -263.0, -1.0, 1440, -525.0, -1.0, 4096, 555.0, 734.0, 5760,
492, 33.0, 525.0, 5760, 1.0, 449.0, 4096, 63.0, 555.0, 5760, -525.0, -1.0, 2880, -525.0, -1.0, 4096, 555.0, 734.0, 5760,
493, 33.0, 1081.0, 11520, 1.0, 1005.0, 8192, 63.0, 1111.0, 11520, -525.0, -1.0, 2880, -1049.0, -1.0, 8192, 1111.0, 1470.0, 11520,
494, 33.0, 2193.0, 23040, 1.0, 2117.0, 16384, 63.0, 2223.0, 23040, -787.0, -1.0, 5760, -1835.0, -1.0, 16384, 2223.0, 2942.0, 23040,
495, 33.0, 221.0, 368, 29.0, 172.0, 256, 63.0, 279.0, 2944, -263.0, -1.0, 184, -263.0, -1.0, 256, 279.0, 370.0, 2944,
496, 33.0, 501.0, 736, 29.0, 452.0, 512, 63.0, 559.0, 5888, -263.0, -1.0, 184, -263.0, -1.0, 512, 559.0, 742.0, 5888,
497, 33.0, 225.0, 736, 25.0, 172.0, 512, 63.0, 279.0, 2944, -263.0, -1.0, 368, -263.0, -1.0, 512, 279.0, 370.0, 2944,
498, 33.0, 505.0, 1472, 25.0, 452.0, 1024, 63.0, 559.0, 5888, -263.0, -1.0, 368, -263.0, -1.0, 1024, 559.0, 742.0, 5888,
499, 33.0, 233.0, 1472, 17.0, 172.0, 1024, 63.0, 279.0, 2944, -263.0, -1.0, 736, -263.0, -1.0, 1024, 279.0, 370.0, 2944,
500, 33.0, 513.0, 2944, 17.0, 452.0, 2048, 63.0, 559.0, 5888, -263.0, -1.0, 736, -263.0, -1.0, 2048, 559.0, 742.0, 5888,
501, 33.0, 249.0, 2944, 1.0, 172.0, 2048, 63.0, 279.0, 2944, -263.0, -1.0, 1472, -263.0, -1.0, 2048, 279.0, 370.0, 2944,
502, 33.0, 529.0, 5888, 1.0, 452.0, 4096, 63.0, 559.0, 5888, -263.0, -1.0, 1472, -525.0, -1.0, 4096, 559.0, 742.0, 5888,
503, 33.0, 529.0, 5888, 1.0, 452.0, 4096, 63.0, 559.0, 5888, -525.0, -1.0, 2944, -525.0, -1.0, 4096, 559.0, 742.0, 5888,
504, 33.0, 1089.0, 11776, 1.0, 1012.0, 8192, 63.0, 1119.0, 11776, -525.0, -1.0, 2944, -1049.0, -1.0, 8192, 1119.0, 1486.0, 11776,
505, 33.0, 2209.0, 23552, 1.0, 2132.0, 16384, 63.0, 2239.0, 23552, -787.0, -1.0, 5888, -1835.0, -1.0, 16384, 2239.0, 2974.0, 23552,
506, 33.0, 223.0, 376, 29.0, 173.0, 256, 63.0, 281.0, 3008, -263.0, -1.0, 188, -263.0, -1.0, 256, 281.0, 374.0, 3008,
507, 33.0, 505.0, 752, 29.0, 455.0, 512, 63.0, 563.0, 6016, -263.0, -1.0, 188, -263.0, -1.0, 512, 563.0, 750.0, 6016,
508, 33.0, 227.0, 752, 25.0, 173.0, 512, 63.0, 281.0, 3008, -263.0, -1.0, 376, -263.0, -1.0, 512, 281.0, 374.0, 3008,
509, 33.0, 509.0, 1504, 25.0, 455.0, 1024, 63.0, 563.0, 6016, -263.0, -1.0, 376, -263.0, -1.0, 1024, 563.0, 750.0, 6016,
510, 33.0, 235.0, 1504, 17.0, 173.0, 1024, 63.0, 281.0, 3008, -263.0, -1.0, 752, -263.0, -1.0, 1024, 281.0, 374.0, 3008,
511, 33.0, 517.0, 3008, 17.0, 455.0, 2048, 63.0, 563.0, 6016, -263.0, -1.0, 752, -263.0, -1.0, 2048, 563.0, 750.0, 6016,
512, 33.0, 251.0, 3008, 1.0, 173.0, 2048, 63.0, 281.0, 3008, -263.0, -1.0, 1504, -263.0, -1.0, 2048, 281.0, 374.0, 3008,
513, 33.0, 533.0, 6016, 1.0, 455.0, 4096, 63.0, 563.0, 6016, -263.0, -1.0, 1504, -525.0, -1.0, 4096, 563.0, 750.0, 6016,
514, 33.0, 533.0, 6016, 1.0, 455.0, 4096, 63.0, 563.0, 6016, -525.0, -1.0, 3008, -525.0, -1.0, 4096, 563.0, 750.0, 6016,
515, 33.0, 1097.0, 12032, 1.0, 1019.0, 8192, 63.0, 1127.0, 12032, -525.0, -1.0, 3008, -1049.0, -1.0, 8192, 1127.0, 1502.0, 12032,
516, 33.0, 2225.0, 24064, 1.0, 2147.0, 16384, 63.0, 2255.0, 24064, -787.0, -1.0, 6016, -1835.0, -1.0, 16384, 2255.0, 3006.0, 24064,
517, 33.0, 225.0, 384, 29.0, 174.0, 256, 63.0, 283.0, 3072, -263.0, -1.0, 192, -263.0, -1.0, 256, 283.0, 378.0, 3072,
518, 33.0, 509.0, 768, 29.0, 458.0, 512, 63.0, 567.0, 6144, -263.0, -1.0, 192, -263.0, -1.0, 512, 567.0, 758.0, 6144,
519, 33.0, 229.0, 768, 25.0, 174.0, 512, 63.0, 283.0, 3072, -263.0, -1.0, 384, -263.0, -1.0, 512, 283.0, 378.0, 3072,
520, 33.0, 513.0, 1536, 25.0, 458.0, 1024, 63.0, 567.0, 6144, -263.0, -1.0, 384, -263.0, -1.0, 1024, 567.0, 758.0, 6144,
521, 33.0, 237.0, 1536, 17.0, 174.0, 1024, 63.0, 283.0, 3072, -263.0, -1.0, 768, -263.0, -1.0, 1024, 283.0, 378.0, 3072,
522, 33.0, 521.0, 3072, 17.0, 458.0, 2048, 63.0, 567.0, 6144, -263.0, -1.0, 768, -263.0, -1.0, 2048, 567.0, 758.0, 6144,
523, 33.0, 253.0, 3072, 1.0, 174.0, 2048, 63.0, 283.0, 3072, -263.0, -1.0, 1536, -263.0, -1.0, 2048, 283.0, 378.0, 3072,
524, 33.0, 537.0, 6144, 1.0, 458.0, 4096, 63.0, 567.0, 6144, -263.0, -1.0, 1536, -525.0, -1.0, 4096, 567.0, 758.0, 6144,
525, 33.0, 537.0, 6144, 1.0, 458.0, 4096, 63.0, 567.0, 6144, -525.0, -1.0, 3072, -525.0, -1.0, 4096, 567.0, 758.0, 6144,
526, 33.0, 1105.0, 12288, 1.0, 1026.0, 8192, 63.0, 1135.0, 12288, -525.0, -1.0, 3072, -1049.0, -1.0, 8192, 1135.0, 1518.0, 12288,
527, 33.0, 2241.0, 24576, 1.0, 2162.0, 16384, 63.0, 2271.0, 24576, -787.0, -1.0, 6144, -1835.0, -1.0, 16384, 2271.0, 3038.0, 24576,
528, 33.0, 227.0, 392, 29.0, 175.0, 256, 63.0, 285.0, 3136, -263.0, -1.0, 196, -263.0, -1.0, 256, 285.0, 382.0, 3136,
529, 33.0, 513.0, 784, 29.0, 461.0, 512, 63.0, 571.0, 6272, -263.0, -1.0, 196, -263.0, -1.0, 512, 571.0, 766.0, 6272,
530, 33.0, 231.0, 784, 25.0, 175.0, 512, 63.0, 285.0, 3136, -263.0, -1.0, 392, -263.0, -1.0, 512, 285.0, 382.0, 3136,
531, 33.0, 517.0, 1568, 25.0, 461.0, 1024, 63.0, 571.0, 6272, -263.0, -1.0, 392, -263.0, -1.0, 1024, 571.0, 766.0, 6272,
532, 33.0, 239.0, 1568, 17.0, 175.0, 1024, 63.0, 285.0, 3136, -263.0, -1.0, 784, -263.0, -1.0, 1024, 285.0, 382.0, 3136,
533, 33.0, 525.0, 3136, 17.0, 461.0, 2048, 63.0, 571.0, 6272, -263.0, -1.0, 784, -263.0, -1.0, 2048, 571.0, 766.0, 6272,
534, 33.0, 255.0, 3136, 1.0, 175.0, 2048, 63.0, 285.0, 3136, -263.0, -1.0, 1568, -263.0, -1.0, 2048, 285.0, 382.0, 3136,
535, 33.0, 541.0, 6272, 1.0, 461.0, 4096, 63.0, 571.0, 6272, -263.0, -1.0, 1568, -525.0, -1.0, 4096, 571.0, 766.0, 6272,
536, 33.0, 541.0, 6272, 1.0, 461.0, 4096, 63.0, 571.0, 6272, -525.0, -1.0, 3136, -525.0, -1.0, 4096, 571.0, 766.0, 6272,
537, 33.0, 1113.0, 12544, 1.0, 1033.0, 8192, 63.0, 1143.0, 12544, -525.0, -1.0, 3136, -1049.0, -1.0, 8192, 1143.0, 1534.0, 12544,
538, 33.0, 2257.0, 25088, 1.0, 2177.0, 16384, 63.0, 2287.0, 25088, -787.0, -1.0, 6272, -1835.0, -1.0, 16384, 2287.0, 3070.0, 25088,
539, 33.0, 229.0, 400, 29.0, 176.0, 256, 63.0, 287.0, 3200, -263.0, -1.0, 200, -263.0, -1.0, 256, 287.0, 386.0, 3200,
540, 33.0, 517.0, 800, 29.0, 464.0, 512, 63.0, 575.0, 6400, -263.0, -1.0, 200, -263.0, -1.0, 512, 575.0, 774.0, 6400,
541, 33.0, 233.0, 800, 25.0, 176.0, 512, 63.0, 287.0, 3200, -263.0, -1.0, 400, -263.0, -1.0, 512, 287.0, 386.0, 3200,
542, 33.0, 521.0, 1600, 25.0, 464.0, 1024, 63.0, 575.0, 6400, -263.0, -1.0, 400, -263.0, -1.0, 1024, 575.0, 774.0, 6400,
543, 33.0, 241.0, 1600, 17.0, 176.0, 1024, 63.0, 287.0, 3200, -263.0, -1.0, 800, -263.0, -1.0, 1024, 287.0, 386.0, 3200,
544, 33.0, 529.0, 3200, 17.0, 464.0, 2048, 63.0, 575.0, 6400, -263.0, -1.0, 800, -263.0, -1.0, 2048, 575.0, 774.0, 6400,
545, 33.0, 257.0, 3200, 1.0, 176.0, 2048, 63.0, 287.0, 3200, -263.0, -1.0, 1600, -263.0, -1.0, 2048, 287.0, 386.0, 3200,
546, 33.0, 545.0, 6400, 1.0, 464.0, 4096, 63.0, 575.0, 6400, -263.0, -1.0, 1600, -525.0, -1.0, 4096, 575.0, 774.0, 6400,
547, 33.0, 545.0, 6400, 1.0, 464.0, 4096, 63.0, 575.0, 6400, -525.0, -1.0, 3200, -525.0, -1.0, 4096, 575.0, 774.0, 6400,
548, 33.0, 1121.0, 12800, 1.0, 1040.0, 8192, 63.0, 1151.0, 12800, -525.0, -1.0, 3200, -1049.0, -1.0, 8192, 1151.0, 1550.0, 12800,
549, 33.0, 2273.0, 25600, 1.0, 2192.0, 16384, 63.0, 2303.0, 25600, -787.0, -1.0, 6400, -1835.0, -1.0, 16384, 2303.0, 3102.0, 25600,
550, 33.0, 231.0, 408, 29.0, 177.0, 256, 63.0, 289.0, 3264, -263.0, -1.0, 204, -263.0, -1.0, 256, 289.0, 390.0, 3264,
551, 33.0, 521.0, 816, 29.0, 467.0, 512, 63.0, 579.0, 6528, -263.0, -1.0, 204, -263.0, -1.0, 512, 579.0, 782.0, 6528,
552, 33.0, 235.0, 816, 25.0, 177.0, 512, 63.0, 289.0, 3264, -263.0, -1.0, 408, -263.0, -1.0, 512, 289.0, 390.0, 3264,
553, 33.0, 525.0, 1632, 25.0, 467.0, 1024, 63.0, 579.0, 6528, -263.0, -1.0, 408, -263.0, -1.0, 1024, 579.0, 782.0, 6528,
554, 33.0, 243.0, 1632, 17.0, 177.0, 1024, 63.0, 289.0, 3264, -263.0, -1.0, 816, -263.0, -1.0, 1024, 289.0, 390.0, 3264,
555, 33.0, 533.0, 3264, 17.0, 467.0, 2048, 63.0, 579.0, 6528, -263.0, -1.0, 816, -263.0, -1.0, 2048, 579.0, 782.0, 6528,
556, 33.0, 259.0, 3264, 1.0, 177.0, 2048, 63.0, 289.0, 3264, -263.0, -1.0, 1632, -263.0, -1.0, 2048, 289.0, 390.0, 3264,
557, 33.0, 549.0, 6528, 1.0, 467.0, 4096, 63.0, 579.0, 6528, -263.0, -1.0, 1632, -525.0, -1.0, 4096, 579.0, 782.0, 6528,
558, 33.0, 549.0, 6528, 1.0, 467.0, 4096, 63.0, 579.0, 6528, -525.0, -1.0, 3264, -525.0, -1.0, 4096, 579.0, 782.0, 6528,
559, 33.0, 1129.0, 13056, 1.0, 1047.0, 8192, 63.0, 1159.0, 13056, -525.0, -1.0, 3264, -1049.0, -1.0, 8192, 1159.0, 1566.0, 13056,
560, 33.0, 2289.0, 26112, 1.0, 2207.0, 16384, 63.0, 2319.0, 26112, -787.0, -1.0, 6528, -1835.0, -1.0, 16384, 2319.0, 3134.0, 26112,
561, 33.0, 233.0, 416, 29.0, 178.0, 256, 63.0, 291.0, 3328, -263.0, -1.0, 208, -263.0, -1.0, 256, 291.0, 394.0, 3328,
562, 33.0, 525.0, 832, 29.0, 470.0, 512, 63.0, 583.0, 6656, -263.0, -1.0, 208, -263.0, -1.0, 512, 583.0, 790.0, 6656,
563, 33.0, 237.0, 832, 25.0, 178.0, 512, 63.0, 291.0, 3328, -263.0, -1.0, 416, -263.0, -1.0, 512, 291.0, 394.0, 3328,
564, 33.0, 529.0, 1664, 25.0, 470.0, 1024, 63.0, 583.0, 6656, -263.0, -1.0, 416, -263.0, -1.0, 1024, 583.0, 790.0, 6656,
565, 33.0, 245.0, 1664, 17.0, 178.0, 1024, 63.0, 291.0, 3328, -263.0, -1.0, 832, -263.0, -1.0, 1024, 291.0, 394.0, 3328,
566, 33.0, 537.0, 3328, 17.0, 470.0, 2048, 63.0, 583.0, 6656, -263.0, -1.0, 832, -263.0, -1.0, 2048, 583.0, 790.0, 6656,
567, 33.0, 261.0, 3328, 1.0, 178.0, 2048, 63.0, 291.0, 3328, -263.0, -1.0, 1664, -263.0, -1.0, 2048, 291.0, 394.0, 3328,
568, 33.0, 553.0, 6656, 1.0, 470.0, 4096, 63.0, 583.0, 6656, -263.0, -1.0, 1664, -525.0, -1.0, 4096, 583.0, 790.0, 6656,
569, 33.0, 553.0, 6656, 1.0, 470.0, 4096, 63.0, 583.0, 6656, -525.0, -1.0, 3328, -525.0, -1.0, 4096, 583.0, 790.0, 6656,
570, 33.0, 1137.0, 13312, 1.0, 1054.0, 8192, 63.0, 1167.0, 13312, -525.0, -1.0, 3328, -1049.0, -1.0, 8192, 1167.0, 1582.0, 13312,
571, 33.0, 2305.0, 26624, 1.0, 2222.0, 16384, 63.0, 2335.0, 26624, -787.0, -1.0, 6656, -1835.0, -1.0, 16384, 2335.0, 3166.0, 26624,
572, 33.0, 235.0, 424, 29.0, 179.0, 256, 63.0, 293.0, 3392, -263.0, -1.0, 212, -263.0, -1.0, 256, 293.0, 398.0, 3392,
573, 33.0, 529.0, 848, 29.0, 473.0, 512, 63.0, 587.0, 6784, -263.0, -1.0, 212, -263.0, -1.0, 512, 587.0, 798.0, 6784,
574, 33.0, 239.0, 848, 25.0, 179.0, 512, 63.0, 293.0, 3392, -263.0, -1.0, 424, -263.0, -1.0, 512, 293.0, 398.0, 3392,
575, 33.0, 533.0, 1696, 25.0, 473.0, 1024, 63.0, 587.0, 6784, -263.0, -1.0, 424, -263.0, -1.0, 1024, 587.0, 798.0, 6784,
576, 33.0, 247.0, 1696, 17.0, 179.0, 1024, 63.0, 293.0, 3392, -263.0, -1.0, 848, -263.0, -1.0, 1024, 293.0, 398.0, 3392,
577, 33.0, 541.0, 3392, 17.0, 473.0, 2048, 63.0, 587.0, 6784, -263.0, -1.0, 848, -263.0, -1.0, 2048, 587.0, 798.0, 6784,
578, 33.0, 263.0, 3392, 1.0, 179.0, 2048, 63.0, 293.0, 3392, -263.0, -1.0, 1696, -263.0, -1.0, 2048, 293.0, 398.0, 3392,
579, 33.0, 557.0, 6784, 1.0, 473.0, 4096, 63.0, 587.0, 6784, -263.0, -1.0, 1696, -525.0, -1.0, 4096, 587.0, 798.0, 6784,
580, 33.0, 557.0, 6784, 1.0, 473.0, 4096, 63.0, 587.0, 6784, -525.0, -1.0, 3392, -525.0, -1.0, 4096, 587.0, 798.0, 6784,
581, 33.0, 1145.0, 13568, 1.0, 1061.0, 8192, 63.0, 1175.0, 13568, -525.0, -1.0, 3392, -1049.0, -1.0, 8192, 1175.0, 1598.0, 13568,
582, 33.0, 2321.0, 27136, 1.0, 2237.0, 16384, 63.0, 2351.0, 27136, -787.0, -1.0, 6784, -1835.0, -1.0, 16384, 2351.0, 3198.0, 27136,
583, 33.0, 237.0, 432, 29.0, 180.0, 256, 63.0, 295.0, 3456, -263.0, -1.0, 216, -263.0, -1.0, 256, 295.0, 402.0, 3456,
584, 33.0, 533.0, 864, 29.0, 476.0, 512, 63.0, 591.0, 6912, -263.0, -1.0, 216, -263.0, -1.0, 512, 591.0, 806.0, 6912,
585, 33.0, 241.0, 864, 25.0, 180.0, 512, 63.0, 295.0, 3456, -263.0, -1.0, 432, -263.0, -1.0, 512, 295.0, 402.0, 3456,
586, 33.0, 537.0, 1728, 25.0, 476.0, 1024, 63.0, 591.0, 6912, -263.0, -1.0, 432, -263.0, -1.0, 1024, 591.0, 806.0, 6912,
587, 33.0, 249.0, 1728, 17.0, 180.0, 1024, 63.0, 295.0, 3456, -263.0, -1.0, 864, -263.0, -1.0, 1024, 295.0, 402.0, 3456,
588, 33.0, 545.0, 3456, 17.0, 476.0, 2048, 63.0, 591.0, 6912, -263.0, -1.0, 864, -263.0, -1.0, 2048, 591.0, 806.0, 6912,
589, 33.0, 265.0, 3456, 1.0, 180.0, 2048, 63.0, 295.0, 3456, -263.0, -1.0, 1728, -263.0, -1.0, 2048, 295.0, 402.0, 3456,
590, 33.0, 561.0, 6912, 1.0, 476.0, 4096, 63.0, 591.0, 6912, -263.0, -1.0, 1728, -525.0, -1.0, 4096, 591.0, 806.0, 6912,
591, 33.0, 561.0, 6912, 1.0, 476.0, 4096, 63.0, 591.0, 6912, -525.0, -1.0, 3456, -525.0, -1.0, 4096, 591.0, 806.0, 6912,
592, 33.0, 1153.0, 13824, 1.0, 1068.0, 8192, 63.0, 1183.0, 13824, -525.0, -1.0, 3456, -1049.0, -1.0, 8192, 1183.0, 1614.0, 13824,
593, 33.0, 2337.0, 27648, 1.0, 2252.0, 16384, 63.0, 2367.0, 27648, -787.0, -1.0, 6912, -1835.0, -1.0, 16384, 2367.0, 3230.0, 27648,
594, 33.0, 239.0, 440, 29.0, 181.0, 256, 63.0, 297.0, 3520, -263.0, -1.0, 220, -263.0, -1.0, 256, 297.0, 406.0, 3520,
595, 33.0, 537.0, 880, 29.0, 479.0, 512, 63.0, 595.0, 7040, -263.0, -1.0, 220, -263.0, -1.0, 512, 595.0, 814.0, 7040,
596, 33.0, 243.0, 880, 25.0, 181.0, 512, 63.0, 297.0, 3520, -263.0, -1.0, 440, -263.0, -1.0, 512, 297.0, 406.0, 3520,
597, 33.0, 541.0, 1760, 25.0, 479.0, 1024, 63.0, 595.0, 7040, -263.0, -1.0, 440, -263.0, -1.0, 1024, 595.0, 814.0, 7040,
598, 33.0, 251.0, 1760, 17.0, 181.0, 1024, 63.0, 297.0, 3520, -263.0, -1.0, 880, -263.0, -1.0, 1024, 297.0, 406.0, 3520,
599, 33.0, 549.0, 3520, 17.0, 479.0, 2048, 63.0, 595.0, 7040, -263.0, -1.0, 880, -263.0, -1.0, 2048, 595.0, 814.0, 7040,
600, 33.0, 267.0, 3520, 1.0, 181.0, 2048, 63.0, 297.0, 3520, -263.0, -1.0, 1760, -263.0, -1.0, 2048, 297.0, 406.0, 3520,
601, 33.0, 565.0, 7040, 1.0, 479.0, 4096, 63.0, 595.0, 7040, -263.0, -1.0, 1760, -525.0, -1.0, 4096, 595.0, 814.0, 7040,
602, 33.0, 565.0, 7040, 1.0, 479.0, 4096, 63.0, 595.0, 7040, -525.0, -1.0, 3520, -525.0, -1.0, 4096, 595.0, 814.0, 7040,
603, 33.0, 1161.0, 14080, 1.0, 1075.0, 8192, 63.0, 1191.0, 14080, -525.0, -1.0, 3520, -1049.0, -1.0, 8192, 1191.0, 1630.0, 14080,
604, 33.0, 2353.0, 28160, 1.0, 2267.0, 16384, 63.0, 2383.0, 28160, -787.0, -1.0, 7040, -1835.0, -1.0, 16384, 2383.0, 3262.0, 28160,
605, 33.0, 241.0, 448, 29.0, 182.0, 256, 63.0, 299.0, 3584, -263.0, -1.0, 224, -263.0, -1.0, 256, 299.0, 410.0, 3584,
606, 33.0, 541.0, 896, 29.0, 482.0, 512, 63.0, 599.0, 7168, -263.0, -1.0, 224, -263.0, -1.0, 512, 599.0, 822.0, 7168,
607, 33.0, 245.0, 896, 25.0, 182.0, 512, 63.0, 299.0, 3584, -263.0, -1.0, 448, -263.0, -1.0, 512, 299.0, 410.0, 3584,
608, 33.0, 545.0, 1792, 25.0, 482.0, 1024, 63.0, 599.0, 7168, -263.0, -1.0, 448, -263.0, -1.0, 1024, 599.0, 822.0, 7168,
609, 33.0, 253.0, 1792, 17.0, 182.0, 1024, 63.0, 299.0, 3584, -263.0, -1.0, 896, -263.0, -1.0, 1024, 299.0, 410.0, 3584,
610, 33.0, 553.0, 3584, 17.0, 482.0, 2048, 63.0, 599.0, 7168, -263.0, -1.0, 896, -263.0, -1.0, 2048, 599.0, 822.0, 7168,
611, 33.0, 269.0, 3584, 1.0, 182.0, 2048, 63.0, 299.0, 3584, -263.0, -1.0, 1792, -263.0, -1.0, 2048, 299.0, 410.0, 3584,
612, 33.0, 569.0, 7168, 1.0, 482.0, 4096, 63.0, 599.0, 7168, -263.0, -1.0, 1792, -525.0, -1.0, 4096, 599.0, 822.0, 7168,
613, 33.0, 569.0, 7168, 1.0, 482.0, 4096, 63.0, 599.0, 7168, -525.0, -1.0, 3584, -525.0, -1.0, 4096, 599.0, 822.0, 7168,
614, 33.0, 1169.0, 14336, 1.0, 1082.0, 8192, 63.0, 1199.0, 14336, -525.0, -1.0, 3584, -1049.0, -1.0, 8192, 1199.0, 1646.0, 14336,
615, 33.0, 2369.0, 28672, 1.0, 2282.0, 16384, 63.0, 2399.0, 28672, -787.0, -1.0, 7168, -1835.0, -1.0, 16384, 2399.0, 3294.0, 28672,
616, 33.0, 243.0, 456, 29.0, 183.0, 256, 63.0, 301.0, 3648, -263.0, -1.0, 228, -263.0, -1.0, 256, 301.0, 414.0, 3648,
617, 33.0, 545.0, 912, 29.0, 485.0, 512, 63.0, 603.0, 7296, -263.0, -1.0, 228, -263.0, -1.0, 512, 603.0, 830.0, 7296,
618, 33.0, 247.0, 912, 25.0, 183.0, 512, 63.0, 301.0, 3648, -263.0, -1.0, 456, -263.0, -1.0, 512, 301.0, 414.0, 3648,
619, 33.0, 549.0, 1824, 25.0, 485.0, 1024, 63.0, 603.0, 7296, -263.0, -1.0, 456, -263.0, -1.0, 1024, 603.0, 830.0, 7296,
620, 33.0, 255.0, 1824, 17.0, 183.0, 1024, 63.0, 301.0, 3648, -263.0, -1.0, 912, -263.0, -1.0, 1024, 301.0, 414.0, 3648,
621, 33.0, 557.0, 3648, 17.0, 485.0, 2048, 63.0, 603.0, 7296, -263.0, -1.0, 912, -263.0, -1.0, 2048, 603.0, 830.0, 7296,
622, 33.0, 271.0, 3648, 1.0, 183.0, 2048, 63.0, 301.0, 3648, -263.0, -1.0, 1824, -263.0, -1.0, 2048, 301.0, 414.0, 3648,
623, 33.0, 573.0, 7296, 1.0, 485.0, 4096, 63.0, 603.0, 7296, -263.0, -1.0, 1824, -525.0, -1.0, 4096, 603.0, 830.0, 7296,
624, 33.0, 573.0, 7296, 1.0, 485.0, 4096, 63.0, 603.0, 7296, -525.0, -1.0, 3648, -525.0, -1.0, 4096, 603.0, 830.0, 7296,
625, 33.0, 1177.0, 14592, 1.0, 1089.0, 8192, 63.0, 1207.0, 14592, -525.0, -1.0, 3648, -1049.0, -1.0, 8192, 1207.0, 1662.0, 14592,
626, 33.0, 2385.0, 29184, 1.0, 2297.0, 16384, 63.0, 2415.0, 29184, -787.0, -1.0, 7296, -1835.0, -1.0, 16384, 2415.0, 3326.0, 29184,
627, 33.0, 245.0, 464, 29.0, 184.0, 256, 63.0, 303.0, 3712, -263.0, -1.0, 232, -263.0, -1.0, 256, 303.0, 418.0, 3712,
628, 33.0, 549.0, 928, 29.0, 488.0, 512, 63.0, 607.0, 7424, -263.0, -1.0, 232, -263.0, -1.0, 512, 607.0, 838.0, 7424,
629, 33.0, 249.0, 928, 25.0, 184.0, 512, 63.0, 303.0, 3712, -263.0, -1.0, 464, -263.0, -1.0, 512, 303.0, 418.0, 3712,
630, 33.0, 553.0, 1856, 25.0, 488.0, 1024, 63.0, 607.0, 7424, -263.0, -1.0, 464, -263.0, -1.0, 1024, 607.0, 838.0, 7424,
631, 33.0, 257.0, 1856, 17.0, 184.0, 1024, 63.0, 303.0, 3712, -263.0, -1.0, 928, -263.0, -1.0, 1024, 303.0, 418.0, 3712,
632, 33.0, 561.0, 3712, 17.0, 488.0, 2048, 63.0, 607.0, 7424, -263.0, -1.0, 928, -263.0, -1.0, 2048, 607.0, 838.0, 7424,
633, 33.0, 273.0, 3712, 1.0, 184.0, 2048, 63.0, 303.0, 3712, -263.0, -1.0, 1856, -263.0, -1.0, 2048, 303.0, 418.0, 3712,
634, 33.0, 577.0, 7424, 1.0, 488.0, 4096, 63.0, 607.0, 7424, -263.0, -1.0, 1856, -525.0, -1.0, 4096, 607.0, 838.0, 7424,
635, 33.0, 577.0, 7424, 1.0, 488.0, 4096, 63.0, 607.0, 7424, -525.0, -1.0, 3712, -525.0, -1.0, 4096, 607.0, 838.0, 7424,
636, 33.0, 1185.0, 14848, 1.0, 1096.0, 8192, 63.0, 1215.0, 14848, -525.0, -1.0, 3712, -1049.0, -1.0, 8192, 1215.0, 1678.0, 14848,
637, 33.0, 2401.0, 29696, 1.0, 2312.0, 16384, 63.0, 2431.0, 29696, -787.0, -1.0, 7424, -1835.0, -1.0, 16384, 2431.0, 3358.0, 29696,
638, 33.0, 247.0, 472, 29.0, 185.0, 256, 63.0, 305.0, 3776, -263.0, -1.0, 236, -263.0, -1.0, 256, 305.0, 422.0, 3776,
639, 33.0, 553.0, 944, 29.0, 491.0, 512, 63.0, 611.0, 7552, -263.0, -1.0, 236, -263.0, -1.0, 512, 611.0, 846.0, 7552,
640, 33.0, 251.0, 944, 25.0, 185.0, 512, 63.0, 305.0, 3776, -263.0, -1.0, 472, -263.0, -1.0, 512, 305.0, 422.0, 3776,
641, 33.0, 557.0, 1888, 25.0, 491.0, 1024, 63.0, 611.0, 7552, -263.0, -1.0, 472, -263.0, -1.0, 1024, 611.0, 846.0, 7552,
642, 33.0, 259.0, 1888, 17.0, 185.0, 1024, 63.0, 305.0, 3776, -263.0, -1.0, 944, -263.0, -1.0, 1024, 305.0, 422.0, 3776,
643, 33.0, 565.0, 3776, 17.0, 491.0, 2048, 63.0, 611.0, 7552, -263.0, -1.0, 944, -263.0, -1.0, 2048, 611.0, 846.0, 7552,
644, 33.0, 275.0, 3776, 1.0, 185.0, 2048, 63.0, 305.0, 3776, -263.0, -1.0, 1888, -263.0, -1.0, 2048, 305.0, 422.0, 3776,
645, 33.0, 581.0, 7552, 1.0, 491.0, 4096, 63.0, 611.0, 7552, -263.0, -1.0, 1888, -525.0, -1.0, 4096, 611.0, 846.0, 7552,
646, 33.0, 581.0, 7552, 1.0, 491.0, 4096, 63.0, 611.0, 7552, -525.0, -1.0, 3776, -525.0, -1.0, 4096, 611.0, 846.0, 7552,
647, 33.0, 1193.0, 15104, 1.0, 1103.0, 8192, 63.0, 1223.0, 15104, -525.0, -1.0, 3776, -1049.0, -1.0, 8192, 1223.0, 1694.0, 15104,
648, 33.0, 2417.0, 30208, 1.0, 2327.0, 16384, 63.0, 2447.0, 30208, -787.0, -1.0, 7552, -1835.0, -1.0, 16384, 2447.0, 3390.0, 30208,
649, 33.0, 249.0, 480, 29.0, 186.0, 256, 63.0, 307.0, 3840, -263.0, -1.0, 240, -263.0, -1.0, 256, 307.0, 426.0, 3840,
650, 33.0, 557.0, 960, 29.0, 494.0, 512, 63.0, 615.0, 7680, -263.0, -1.0, 240, -263.0, -1.0, 512, 615.0, 854.0, 7680,
651, 33.0, 253.0, 960, 25.0, 186.0, 512, 63.0, 307.0, 3840, -263.0, -1.0, 480, -263.0, -1.0, 512, 307.0, 426.0, 3840,
652, 33.0, 561.0, 1920, 25.0, 494.0, 1024, 63.0, 615.0, 7680, -263.0, -1.0, 480, -263.0, -1.0, 1024, 615.0, 854.0, 7680,
653, 33.0, 261.0, 1920, 17.0, 186.0, 1024, 63.0, 307.0, 3840, -263.0, -1.0, 960, -263.0, -1.0, 1024, 307.0, 426.0, 3840,
654, 33.0, 569.0, 3840, 17.0, 494.0, 2048, 63.0, 615.0, 7680, -263.0, -1.0, 960, -263.0, -1.0, 2048, 615.0, 854.0, 7680,
655, 33.0, 277.0, 3840, 1.0, 186.0, 2048, 63.0, 307.0, 3840, -263.0, -1.0, 1920, -263.0, -1.0, 2048, 307.0, 426.0, 3840,
656, 33.0, 585.0, 7680, 1.0, 494.0, 4096, 63.0, 615.0, 7680, -263.0, -1.0, 1920, -525.0, -1.0, 4096, 615.0, 854.0, 7680,
657, 33.0, 585.0, 7680, 1.0, 494.0, 4096, 63.0, 615.0, 7680, -525.0, -1.0, 3840, -525.0, -1.0, 4096, 615.0, 854.0, 7680,
658, 33.0, 1201.0, 15360, 1.0, 1110.0, 8192, 63.0, 1231.0, 15360, -525.0, -1.0, 3840, -1049.0, -1.0, 8192, 1231.0, 1710.0, 15360,
659, 33.0, 2433.0, 30720, 1.0, 2342.0, 16384, 63.0, 2463.0, 30720, -787.0, -1.0, 7680, -1835.0, -1.0, 16384, 2463.0, 3422.0, 30720,
660, 33.0, 251.0, 488, 29.0, 187.0, 256, 63.0, 309.0, 3904, -263.0, -1.0, 244, -263.0, -1.0, 256, 309.0, 430.0, 3904,
661, 33.0, 561.0, 976, 29.0, 497.0, 512, 63.0, 619.0, 7808, -263.0, -1.0, 244, -263.0, -1.0, 512, 619.0, 862.0, 7808,
662, 33.0, 255.0, 976, 25.0, 187.0, 512, 63.0, 309.0, 3904, -263.0, -1.0, 488, -263.0, -1.0, 512, 309.0, 430.0, 3904,
663, 33.0, 565.0, 1952, 25.0, 497.0, 1024, 63.0, 619.0, 7808, -263.0, -1.0, 488, -263.0, -1.0, 1024, 619.0, 862.0, 7808,
664, 33.0, 263.0, 1952, 17.0, 187.0, 1024, 63.0, 309.0, 3904, -263.0, -1.0, 976, -263.0, -1.0, 1024, 309.0, 430.0, 3904,
665, 33.0, 573.0, 3904, 17.0, 497.0, 2048, 63.0, 619.0, 7808, -263.0, -1.0, 976, -263.0, -1.0, 2048, 619.0, 862.0, 7808,
666, 33.0, 279.0, 3904, 1.0, 187.0, 2048, 63.0, 309.0, 3904, -263.0, -1.0, 1952, -263.0, -1.0, 2048, 309.0, 430.0, 3904,
667, 33.0, 589.0, 7808, 1.0, 497.0, 4096, 63.0, 619.0, 7808, -263.0, -1.0, 1952, -525.0, -1.0, 4096, 619.0, 862.0, 7808,
668, 33.0, 589.0, 7808, 1.0, 497.0, 4096, 63.0, 619.0, 7808, -525.0, -1.0, 3904, -525.0, -1.0, 4096, 619.0, 862.0, 7808,
669, 33.0, 1209.0, 15616, 1.0, 1117.0, 8192, 63.0, 1239.0, 15616, -525.0, -1.0, 3904, -1049.0, -1.0, 8192, 1239.0, 1726.0, 15616,
670, 33.0, 2449.0, 31232, 1.0, 2357.0, 16384, 63.0, 2479.0, 31232, -787.0, -1.0, 7808, -1835.0, -1.0, 16384, 2479.0, 3454.0, 31232,
671, 33.0, 253.0, 496, 29.0, 188.0, 256, 63.0, 311.0, 3968, -263.0, -1.0, 248, -263.0, -1.0, 256, 311.0, 434.0, 3968,
672, 33.0, 565.0, 992, 29.0, 500.0, 512, 63.0, 623.0, 7936, -263.0, -1.0, 248, -263.0, -1.0, 512, 623.0, 870.0, 7936,
673, 33.0, 257.0, 992, 25.0, 188.0, 512, 63.0, 311.0, 3968, -263.0, -1.0, 496, -263.0, -1.0, 512, 311.0, 434.0, 3968,
674, 33.0, 569.0, 1984, 25.0, 500.0, 1024, 63.0, 623.0, 7936, -263.0, -1.0, 496, -263.0, -1.0, 1024, 623.0, 870.0, 7936,
675, 33.0, 265.0, 1984, 17.0, 188.0, 1024, 63.0, 311.0, 3968, -263.0, -1.0, 992, -263.0, -1.0, 1024, 311.0, 434.0, 3968,
676, 33.0, 577.0, 3968, 17.0, 500.0, 2048, 63.0, 623.0, 7936, -263.0, -1.0, 992, -263.0, -1.0, 2048, 623.0, 870.0, 7936,
677, 33.0, 281.0, 3968, 1.0, 188.0, 2048, 63.0, 311.0, 3968, -263.0, -1.0, 1984, -263.0, -1.0, 2048, 311.0, 434.0, 3968,
678, 33.0, 593.0, 7936, 1.0, 500.0, 4096, 63.0, 623.0, 7936, -263.0, -1.0, 1984, -525.0, -1.0, 4096, 623.0, 870.0, 7936,
679, 33.0, 593.0, 7936, 1.0, 500.0, 4096, 63.0, 623.0, 7936, -525.0, -1.0, 3968, -525.0, -1.0, 4096, 623.0, 870.0, 7936,
680, 33.0, 1217.0, 15872, 1.0, 1124.0, 8192, 63.0, 1247.0, 15872, -525.0, -1.0, 3968, -1049.0, -1.0, 8192, 1247.0, 1742.0, 15872,
681, 33.0, 2465.0, 31744, 1.0, 2372.0, 16384, 63.0, 2495.0, 31744, -1049.0, -1.0, 7936, -1835.0, -1.0, 16384, 2495.0, 3486.0, 31744,
682, 33.0, 255.0, 504, 29.0, 189.0, 256, 63.0, 313.0, 4032, -263.0, -1.0, 252, -263.0, -1.0, 256, 313.0, 438.0, 4032,
683, 33.0, 569.0, 1008, 29.0, 503.0, 512, 63.0, 627.0, 8064, -263.0, -1.0, 252, -263.0, -1.0, 512, 627.0, 878.0, 8064,
684, 33.0, 259.0, 1008, 25.0, 189.0, 512, 63.0, 313.0, 4032, -263.0, -1.0, 504, -263.0, -1.0, 512, 313.0, 438.0, 4032,
685, 33.0, 573.0, 2016, 25.0, 503.0, 1024, 63.0, 627.0, 8064, -263.0, -1.0, 504, -263.0, -1.0, 1024, 627.0, 878.0, 8064,
686, 33.0, 267.0, 2016, 17.0, 189.0, 1024, 63.0, 313.0, 4032, -263.0, -1.0, 1008, -263.0, -1.0, 1024, 313.0, 438.0, 4032,
687, 33.0, 581.0, 4032, 17.0, 503.0, 2048, 63.0, 627.0, 8064, -263.0, -1.0, 1008, -263.0, -1.0, 2048, 627.0, 878.0, 8064,
688, 33.0, 283.0, 4032, 1.0, 189.0, 2048, 63.0, 313.0, 4032, -263.0, -1.0, 2016, -263.0, -1.0, 2048, 313.0, 438.0, 4032,
689, 33.0, 597.0, 8064, 1.0, 503.0, 4096, 63.0, 627.0, 8064, -263.0, -1.0, 2016, -525.0, -1.0, 4096, 627.0, 878.0, 8064,
690, 33.0, 597.0, 8064, 1.0, 503.0, 4096, 63.0, 627.0, 8064, -525.0, -1.0, 4032, -525.0, -1.0, 4096, 627.0, 878.0, 8064,
691, 33.0, 1225.0, 16128, 1.0, 1131.0, 8192, 63.0, 1255.0, 16128, -525.0, -1.0, 4032, -1049.0, -1.0, 8192, 1255.0, 1758.0, 16128,
692, 33.0, 2481.0, 32256, 1.0, 2387.0, 16384, 63.0, 2511.0, 32256, -1049.0, -1.0, 8064, -1835.0, -1.0, 16384, 2511.0, 3518.0, 32256,
693, 33.0, 257.0, 512, 29.0, 190.0, 256, 63.0, 315.0, 4096, -263.0, -1.0, 256, -263.0, -1.0, 256, 315.0, 442.0, 4096,
694, 33.0, 573.0, 1024, 29.0, 506.0, 512, 63.0, 631.0, 8192, -263.0, -1.0, 256, -263.0, -1.0, 512, 631.0, 886.0, 8192,
695, 33.0, 261.0, 1024, 25.0, 190.0, 512, 63.0, 315.0, 4096, -263.0, -1.0, 512, -263.0, -1.0, 512, 315.0, 442.0, 4096,
696, 33.0, 577.0, 2048, 25.0, 506.0, 1024, 63.0, 631.0, 8192, -263.0, -1.0, 512, -263.0, -1.0, 1024, 631.0, 886.0, 8192,
697, 33.0, 269.0, 2048, 17.0, 190.0, 1024, 63.0, 315.0, 4096, -263.0, -1.0, 1024, -263.0, -1.0, 1024, 315.0, 442.0, 4096,
698, 33.0, 585.0, 4096, 17.0, 506.0, 2048, 63.0, 631.0, 8192, -263.0, -1.0, 1024, -263.0, -1.0, 2048, 631.0, 886.0, 8192,
699, 33.0, 285.0, 4096, 1.0, 190.0, 2048, 63.0, 315.0, 4096, -263.0, -1.0, 2048, -263.0, -1.0, 2048, 315.0, 442.0, 4096,
700, 33.0, 601.0, 8192, 1.0, 506.0, 4096, 63.0, 631.0, 8192, -263.0, -1.0, 2048, -525.0, -1.0, 4096, 631.0, 886.0, 8192,
701, 33.0, 601.0, 8192, 1.0, 506.0, 4096, 63.0, 631.0, 8192, -525.0, -1.0, 4096, -525.0, -1.0, 4096, 631.0, 886.0, 8192,
702, 33.0, 1233.0, 16384, 1.0, 1138.0, 8192, 63.0, 1263.0, 16384, -525.0, -1.0, 4096, -1049.0, -1.0, 8192, 1263.0, 1774.0, 16384,
703, 33.0, 2497.0, 32768, 1.0, 2402.0, 16384, 63.0, 2527.0, 32768, -1049.0, -1.0, 8192, -1835.0, -1.0, 16384, 2527.0, 3550.0, 32768,
704, 33.0, 259.0, 520, 29.0, 191.0, 256, 63.0, 317.0, 4160, -263.0, -1.0, 260, -263.0, -1.0, 256, 317.0, 446.0, 4160,
705, 33.0, 577.0, 1040, 29.0, 509.0, 512, 63.0, 635.0, 8320, -263.0, -1.0, 260, -263.0, -1.0, 512, 635.0, 894.0, 8320,
706, 33.0, 263.0, 1040, 25.0, 191.0, 512, 63.0, 317.0, 4160, -263.0, -1.0, 520, -263.0, -1.0, 512, 317.0, 446.0, 4160,
707, 33.0, 581.0, 2080, 25.0, 509.0, 1024, 63.0, 635.0, 8320, -263.0, -1.0, 520, -263.0, -1.0, 1024, 635.0, 894.0, 8320,
708, 33.0, 271.0, 2080, 17.0, 191.0, 1024, 63.0, 317.0, 4160, -263.0, -1.0, 1040, -263.0, -1.0, 1024, 317.0, 446.0, 4160,
709, 33.0, 589.0, 4160, 17.0, 509.0, 2048, 63.0, 635.0, 8320, -263.0, -1.0, 1040, -263.0, -1.0, 2048, 635.0, 894.0, 8320,
710, 33.0, 287.0, 4160, 1.0, 191.0, 2048, 63.0, 317.0, 4160, -263.0, -1.0, 2080, -263.0, -1.0, 2048, 317.0, 446.0, 4160,
711, 33.0, 605.0, 8320, 1.0, 509.0, 4096, 63.0, 635.0, 8320, -263.0, -1.0, 2080, -525.0, -1.0, 4096, 635.0, 894.0, 8320,
712, 33.0, 605.0, 8320, 1.0, 509.0, 4096, 63.0, 635.0, 8320, -525.0, -1.0, 4160, -525.0, -1.0, 4096, 635.0, 894.0, 8320,
713, 33.0, 1241.0, 16640, 1.0, 1145.0, 8192, 63.0, 1271.0, 16640, -525.0, -1.0, 4160, -1049.0, -1.0, 8192, 1271.0, 1790.0, 16640,
714, 33.0, 2513.0, 33280, 1.0, 2417.0, 16384, 63.0, 2543.0, 33280, -1049.0, -1.0, 8320, -1835.0, -1.0, 16384, 2543.0, 3582.0, 33280,
715, 33.0, 261.0, 528, 29.0, 192.0, 256, 63.0, 319.0, 4224, -263.0, -1.0, 264, -263.0, -1.0, 256, 319.0, 450.0, 4224,
716, 33.0, 581.0, 1056, 29.0, 512.0, 512, 63.0, 639.0, 8448, -263.0, -1.0, 264, -263.0, -1.0, 512, 639.0, 902.0, 8448,
717, 33.0, 265.0, 1056, 25.0, 192.0, 512, 63.0, 319.0, 4224, -263.0, -1.0, 528, -263.0, -1.0, 512, 319.0, 450.0, 4224,
718, 33.0, 585.0, 2112, 25.0, 512.0, 1024, 63.0, 639.0, 8448, -263.0, -1.0, 528, -263.0, -1.0, 1024, 639.0, 902.0, 8448,
719, 33.0, 273.0, 2112, 17.0, 192.0, 1024, 63.0, 319.0, 4224, -263.0, -1.0, 1056, -263.0, -1.0, 1024, 319.0, 450.0, 4224,
720, 33.0, 593.0, 4224, 17.0, 512.0, 2048, 63.0, 639.0, 8448, -263.0, -1.0, 1056, -263.0, -1.0, 2048, 639.0, 902.0, 8448,
721, 33.0, 289.0, 4224, 1.0, 192.0, 2048, 63.0, 319.0, 4224, -263.0, -1.0, 2112, -263.0, -1.0, 2048, 319.0, 450.0, 4224,
722, 33.0, 609.0, 8448, 1.0, 512.0, 4096, 63.0, 639.0, 8448, -263.0, -1.0, 2112, -525.0, -1.0, 4096, 639.0, 902.0, 8448,
723, 33.0, 609.0, 8448, 1.0, 512.0, 4096, 63.0, 639.0, 8448, -525.0, -1.0, 4224, -525.0, -1.0, 4096, 639.0, 902.0, 8448,
724, 33.0, 1249.0, 16896, 1.0, 1152.0, 8192, 63.0, 1279.0, 16896, -525.0, -1.0, 4224, -1049.0, -1.0, 8192, 1279.0, 1806.0, 16896,
725, 33.0, 2529.0, 33792, 1.0, 2432.0, 16384, 63.0, 2559.0, 33792, -1049.0, -1.0, 8448, -1835.0, -1.0, 16384, 2559.0, 3614.0, 33792,
726, 33.0, 263.0, 536, 29.0, 193.0, 256, 63.0, 321.0, 4288, -263.0, -1.0, 268, -263.0, -1.0, 256, 321.0, 454.0, 4288,
727, 33.0, 585.0, 1072, 29.0, 515.0, 512, 63.0, 643.0, 8576, -263.0, -1.0, 268, -263.0, -1.0, 512, 643.0, 910.0, 8576,
728, 33.0, 267.0, 1072, 25.0, 193.0, 512, 63.0, 321.0, 4288, -263.0, -1.0, 536, -263.0, -1.0, 512, 321.0, 454.0, 4288,
729, 33.0, 589.0, 2144, 25.0, 515.0, 1024, 63.0, 643.0, 8576, -263.0, -1.0, 536, -263.0, -1.0, 1024, 643.0, 910.0, 8576,
730, 33.0, 275.0, 2144, 17.0, 193.0, 1024, 63.0, 321.0, 4288, -263.0, -1.0, 1072, -263.0, -1.0, 1024, 321.0, 454.0, 4288,
731, 33.0, 597.0, 4288, 17.0, 515.0, 2048, 63.0, 643.0, 8576, -263.0, -1.0, 1072, -263.0, -1.0, 2048, 643.0, 910.0, 8576,
732, 33.0, 291.0, 4288, 1.0, 193.0, 2048, 63.0, 321.0, 4288, -263.0, -1.0, 2144, -263.0, -1.0, 2048, 321.0, 454.0, 4288,
733, 33.0, 613.0, 8576, 1.0, 515.0, 4096, 63.0, 643.0, 8576, -263.0, -1.0, 2144, -525.0, -1.0, 4096, 643.0, 910.0, 8576,
734, 33.0, 613.0, 8576, 1.0, 515.0, 4096, 63.0, 643.0, 8576, -525.0, -1.0, 4288, -525.0, -1.0, 4096, 643.0, 910.0, 8576,
735, 33.0, 1257.0, 17152, 1.0, 1159.0, 8192, 63.0, 1287.0, 17152, -525.0, -1.0, 4288, -1049.0, -1.0, 8192, 1287.0, 1822.0, 17152,
736, 33.0, 2545.0, 34304, 1.0, 2447.0, 16384, 63.0, 2575.0, 34304, -1049.0, -1.0, 8576, -1835.0, -1.0, 16384, 2575.0, 3646.0, 34304,
737, 33.0, 265.0, 544, 29.0, 194.0, 256, 63.0, 323.0, 4352, -263.0, -1.0, 272, -263.0, -1.0, 256, 323.0, 458.0, 4352,
738, 33.0, 589.0, 1088, 29.0, 518.0, 512, 63.0, 647.0, 8704, -263.0, -1.0, 272, -263.0, -1.0, 512, 647.0, 918.0, 8704,
739, 33.0, 269.0, 1088, 25.0, 194.0, 512, 63.0, 323.0, 4352, -263.0, -1.0, 544, -263.0, -1.0, 512, 323.0, 458.0, 4352,
740, 33.0, 593.0, 2176, 25.0, 518.0, 1024, 63.0, 647.0, 8704, -263.0, -1.0, 544, -263.0, -1.0, 1024, 647.0, 918.0, 8704,
741, 33.0, 277.0, 2176, 17.0, 194.0, 1024, 63.0, 323.0, 4352, -263.0, -1.0, 1088, -263.0, -1.0, 1024, 323.0, 458.0, 4352,
742, 33.0, 601.0, 4352, 17.0, 518.0, 2048, 63.0, 647.0, 8704, -263.0, -1.0, 1088, -263.0, -1.0, 2048, 647.0, 918.0, 8704,
743, 33.0, 293.0, 4352, 1.0, 194.0, 2048, 63.0, 323.0, 4352, -263.0, -1.0, 2176, -263.0, -1.0, 2048, 323.0, 458.0, 4352,
744, 33.0, 617.0, 8704, 1.0, 518.0, 4096, 63.0, 647.0, 8704, -263.0, -1.0, 2176, -525.0, -1.0, 4096, 647.0, 918.0, 8704,
745, 33.0, 617.0, 8704, 1.0, 518.0, 4096, 63.0, 647.0, 8704, -525.0, -1.0, 4352, -525.0, -1.0, 4096, 647.0, 918.0, 8704,
746, 33.0, 1265.0, 17408, 1.0, 1166.0, 8192, 63.0, 1295.0, 17408, -525.0, -1.0, 4352, -1049.0, -1.0, 8192, 1295.0, 1838.0, 17408,
747, 33.0, 2561.0, 34816, 1.0, 2462.0, 16384, 63.0, 2591.0, 34816, -1049.0, -1.0, 8704, -1835.0, -1.0, 16384, 2591.0, 3678.0, 34816,
748, 33.0, 267.0, 552, 29.0, 195.0, 256, 63.0, 325.0, 4416, -263.0, -1.0, 276, -263.0, -1.0, 256, 325.0, 462.0, 4416,
749, 33.0, 593.0, 1104, 29.0, 521.0, 512, 63.0, 651.0, 8832, -263.0, -1.0, 276, -263.0, -1.0, 512, 651.0, 926.0, 8832,
750, 33.0, 271.0, 1104, 25.0, 195.0, 512, 63.0, 325.0, 4416, -263.0, -1.0, 552, -263.0, -1.0, 512, 325.0, 462.0, 4416,
751, 33.0, 597.0, 2208, 25.0, 521.0, 1024, 63.0, 651.0, 8832, -263.0, -1.0, 552, -263.0, -1.0, 1024, 651.0, 926.0, 8832,
752, 33.0, 279.0, 2208, 17.0, 195.0, 1024, 63.0, 325.0, 4416, -263.0, -1.0, 1104, -263.0, -1.0, 1024, 325.0, 462.0, 4416,
753, 33.0, 605.0, 4416, 17.0, 521.0, 2048, 63.0, 651.0, 8832, -263.0, -1.0, 1104, -263.0, -1.0, 2048, 651.0, 926.0, 8832,
754, 33.0, 295.0, 4416, 1.0, 195.0, 2048, 63.0, 325.0, 4416, -263.0, -1.0, 2208, -263.0, -1.0, 2048, 325.0, 462.0, 4416,
755, 33.0, 621.0, 8832, 1.0, 521.0, 4096, 63.0, 651.0, 8832, -263.0, -1.0, 2208, -525.0, -1.0, 4096, 651.0, 926.0, 8832,
756, 33.0, 621.0, 8832, 1.0, 521.0, 4096, 63.0, 651.0, 8832, -525.0, -1.0, 4416, -525.0, -1.0, 4096, 651.0, 926.0, 8832,
757, 33.0, 1273.0, 17664, 1.0, 1173.0, 8192, 63.0, 1303.0, 17664, -525.0, -1.0, 4416, -1049.0, -1.0, 8192, 1303.0, 1854.0, 17664,
758, 33.0, 2577.0, 35328, 1.0, 2477.0, 16384, 63.0, 2607.0, 35328, -1049.0, -1.0, 8832, -1835.0, -1.0, 16384, 2607.0, 3710.0, 35328,
759, 33.0, 269.0, 560, 29.0, 196.0, 256, 63.0, 327.0, 4480, -263.0, -1.0, 280, -263.0, -1.0, 256, 327.0, 466.0, 4480,
760, 33.0, 597.0, 1120, 29.0, 524.0, 512, 63.0, 655.0, 8960, -263.0, -1.0, 280, -263.0, -1.0, 512, 655.0, 934.0, 8960,
761, 33.0, 273.0, 1120, 25.0, 196.0, 512, 63.0, 327.0, 4480, -263.0, -1.0, 560, -263.0, -1.0, 512, 327.0, 466.0, 4480,
762, 33.0, 601.0, 2240, 25.0, 524.0, 1024, 63.0, 655.0, 8960, -263.0, -1.0, 560, -263.0, -1.0, 1024, 655.0, 934.0, 8960,
763, 33.0, 281.0, 2240, 17.0, 196.0, 1024, 63.0, 327.0, 4480, -263.0, -1.0, 1120, -263.0, -1.0, 1024, 327.0, 466.0, 4480,
764, 33.0, 609.0, 4480, 17.0, 524.0, 2048, 63.0, 655.0, 8960, -263.0, -1.0, 1120, -263.0, -1.0, 2048, 655.0, 934.0, 8960,
765, 33.0, 297.0, 4480, 1.0, 196.0, 2048, 63.0, 327.0, 4480, -263.0, -1.0, 2240, -263.0, -1.0, 2048, 327.0, 466.0, 4480,
766, 33.0, 625.0, 8960, 1.0, 524.0, 4096, 63.0, 655.0, 8960, -263.0, -1.0, 2240, -525.0, -1.0, 4096, 655.0, 934.0, 8960,
767, 33.0, 625.0, 8960, 1.0, 524.0, 4096, 63.0, 655.0, 8960, -525.0, -1.0, 4480, -525.0, -1.0, 4096, 655.0, 934.0, 8960,
768, 33.0, 1281.0, 17920, 1.0, 1180.0, 8192, 63.0, 1311.0, 17920, -525.0, -1.0, 4480, -1049.0, -1.0, 8192, 1311.0, 1870.0, 17920,
769, 33.0, 2593.0, 35840, 1.0, 2492.0, 16384, 63.0, 2623.0, 35840, -1049.0, -1.0, 8960, -1835.0, -1.0, 16384, 2623.0, 3742.0, 35840,
770, 33.0, 271.0, 568, 29.0, 197.0, 256, 63.0, 329.0, 4544, -263.0, -1.0, 284, -263.0, -1.0, 256, 329.0, 470.0, 4544,
771, 33.0, 601.0, 1136, 29.0, 527.0, 512, 63.0, 659.0, 9088, -263.0, -1.0, 284, -263.0, -1.0, 512, 659.0, 942.0, 9088,
772, 33.0, 275.0, 1136, 25.0, 197.0, 512, 63.0, 329.0, 4544, -263.0, -1.0, 568, -263.0, -1.0, 512, 329.0, 470.0, 4544,
773, 33.0, 605.0, 2272, 25.0, 527.0, 1024, 63.0, 659.0, 9088, -263.0, -1.0, 568, -263.0, -1.0, 1024, 659.0, 942.0, 9088,
774, 33.0, 283.0, 2272, 17.0, 197.0, 1024, 63.0, 329.0, 4544, -263.0, -1.0, 1136, -263.0, -1.0, 1024, 329.0, 470.0, 4544,
775, 33.0, 613.0, 4544, 17.0, 527.0, 2048, 63.0, 659.0, 9088, -263.0, -1.0, 1136, -263.0, -1.0, 2048, 659.0, 942.0, 9088,
776, 33.0, 299.0, 4544, 1.0, 197.0, 2048, 63.0, 329.0, 4544, -263.0, -1.0, 2272, -263.0, -1.0, 2048, 329.0, 470.0, 4544,
777, 33.0, 629.0, 9088, 1.0, 527.0, 4096, 63.0, 659.0, 9088, -263.0, -1.0, 2272, -525.0, -1.0, 4096, 659.0, 942.0, 9088,
778, 33.0, 629.0, 9088, 1.0, 527.0, 4096, 63.0, 659.0, 9088, -525.0, -1.0, 4544, -525.0, -1.0, 4096, 659.0, 942.0, 9088,
779, 33.0, 1289.0, 18176, 1.0, 1187.0, 8192, 63.0, 1319.0, 18176, -525.0, -1.0, 4544, -1049.0, -1.0, 8192, 1319.0, 1886.0, 18176,
780, 33.0, 2609.0, 36352, 1.0, 2507.0, 16384, 63.0, 2639.0, 36352, -1049.0, -1.0, 9088, -1835.0, -1.0, 16384, 2639.0, 3774.0, 36352,
781, 33.0, 273.0, 576, 29.0, 198.0, 256, 63.0, 331.0, 4608, -263.0, -1.0, 288, -263.0, -1.0, 256, 331.0, 474.0, 4608,
782, 33.0, 605.0, 1152, 29.0, 530.0, 512, 63.0, 663.0, 9216, -263.0, -1.0, 288, -263.0, -1.0, 512, 663.0, 950.0, 9216,
783, 33.0, 277.0, 1152, 25.0, 198.0, 512, 63.0, 331.0, 4608, -263.0, -1.0, 576, -263.0, -1.0, 512, 331.0, 474.0, 4608,
784, 33.0, 609.0, 2304, 25.0, 530.0, 1024, 63.0, 663.0, 9216, -263.0, -1.0, 576, -263.0, -1.0, 1024, 663.0, 950.0, 9216,
785, 33.0, 285.0, 2304, 17.0, 198.0, 1024, 63.0, 331.0, 4608, -263.0, -1.0, 1152, -263.0, -1.0, 1024, 331.0, 474.0, 4608,
786, 33.0, 617.0, 4608, 17.0, 530.0, 2048, 63.0, 663.0, 9216, -263.0, -1.0, 1152, -263.0, -1.0, 2048, 663.0, 950.0, 9216,
787, 33.0, 301.0, 4608, 1.0, 198.0, 2048, 63.0, 331.0, 4608, -263.0, -1.0, 2304, -263.0, -1.0, 2048, 331.0, 474.0, 4608,
788, 33.0, 633.0, 9216, 1.0, 530.0, 4096, 63.0, 663.0, 9216, -263.0, -1.0, 2304, -525.0, -1.0, 4096, 663.0, 950.0, 9216,
789, 33.0, 633.0, 9216, 1.0, 530.0, 4096, 63.0, 663.0, 9216, -525.0, -1.0, 4608, -525.0, -1.0, 4096, 663.0, 950.0, 9216,
790, 33.0, 1297.0, 18432, 1.0, 1194.0, 8192, 63.0, 1327.0, 18432, -525.0, -1.0, 4608, -1049.0, -1.0, 8192, 1327.0, 1902.0, 18432,
791, 33.0, 2625.0, 36864, 1.0, 2522.0, 16384, 63.0, 2655.0, 36864, -1049.0, -1.0, 9216, -1835.0, -1.0, 16384, 2655.0, 3806.0, 36864,
792, 33.0, 275.0, 584, 29.0, 199.0, 256, 63.0, 333.0, 4672, -263.0, -1.0, 292, -263.0, -1.0, 256, 333.0, 478.0, 4672,
793, 33.0, 609.0, 1168, 29.0, 533.0, 512, 63.0, 667.0, 9344, -263.0, -1.0, 292, -263.0, -1.0, 512, 667.0, 958.0, 9344,
794, 33.0, 279.0, 1168, 25.0, 199.0, 512, 63.0, 333.0, 4672, -263.0, -1.0, 584, -263.0, -1.0, 512, 333.0, 478.0, 4672,
795, 33.0, 613.0, 2336, 25.0, 533.0, 1024, 63.0, 667.0, 9344, -263.0, -1.0, 584, -263.0, -1.0, 1024, 667.0, 958.0, 9344,
796, 33.0, 287.0, 2336, 17.0, 199.0, 1024, 63.0, 333.0, 4672, -263.0, -1.0, 1168, -263.0, -1.0, 1024, 333.0, 478.0, 4672,
797, 33.0, 621.0, 4672, 17.0, 533.0, 2048, 63.0, 667.0, 9344, -263.0, -1.0, 1168, -263.0, -1.0, 2048, 667.0, 958.0, 9344,
798, 33.0, 303.0, 4672, 1.0, 199.0, 2048, 63.0, 333.0, 4672, -263.0, -1.0, 2336, -263.0, -1.0, 2048, 333.0, 478.0, 4672,
799, 33.0, 637.0, 9344, 1.0, 533.0, 4096, 63.0, 667.0, 9344, -263.0, -1.0, 2336, -525.0, -1.0, 4096, 667.0, 958.0, 9344,
800, 33.0, 637.0, 9344, 1.0, 533.0, 4096, 63.0, 667.0, 9344, -525.0, -1.0, 4672, -525.0, -1.0, 4096, 667.0, 958.0, 9344,
801, 33.0, 1305.0, 18688, 1.0, 1201.0, 8192, 63.0, 1335.0, 18688, -525.0, -1.0, 4672, -1049.0, -1.0, 8192, 1335.0, 1918.0, 18688,
802, 33.0, 2641.0, 37376, 1.0, 2537.0, 16384, 63.0, 2671.0, 37376, -1049.0, -1.0, 9344, -1835.0, -1.0, 16384, 2671.0, 3838.0, 37376,
803, 33.0, 277.0, 592, 29.0, 200.0, 256, 63.0, 335.0, 4736, -263.0, -1.0, 296, -263.0, -1.0, 256, 335.0, 482.0, 4736,
804, 33.0, 613.0, 1184, 29.0, 536.0, 512, 63.0, 671.0, 9472, -263.0, -1.0, 296, -263.0, -1.0, 512, 671.0, 966.0, 9472,
805, 33.0, 281.0, 1184, 25.0, 200.0, 512, 63.0, 335.0, 4736, -263.0, -1.0, 592, -263.0, -1.0, 512, 335.0, 482.0, 4736,
806, 33.0, 617.0, 2368, 25.0, 536.0, 1024, 63.0, 671.0, 9472, -263.0, -1.0, 592, -263.0, -1.0, 1024, 671.0, 966.0, 9472,
807, 33.0, 289.0, 2368, 17.0, 200.0, 1024, 63.0, 335.0, 4736, -263.0, -1.0, 1184, -263.0, -1.0, 1024, 335.0, 482.0, 4736,
808, 33.0, 625.0, 4736, 17.0, 536.0, 2048, 63.0, 671.0, 9472, -263.0, -1.0, 1184, -263.0, -1.0, 2048, 671.0, 966.0, 9472,
809, 33.0, 305.0, 4736, 1.0, 200.0, 2048, 63.0, 335.0, 4736, -263.0, -1.0, 2368, -263.0, -1.0, 2048, 335.0, 482.0, 4736,
810, 33.0, 641.0, 9472, 1.0, 536.0, 4096, 63.0, 671.0, 9472, -263.0, -1.0, 2368, -525.0, -1.0, 4096, 671.0, 966.0, 9472,
811, 33.0, 641.0, 9472, 1.0, 536.0, 4096, 63.0, 671.0, 9472, -525.0, -1.0, 4736, -525.0, -1.0, 4096, 671.0, 966.0, 9472,
812, 33.0, 1313.0, 18944, 1.0, 1208.0, 8192, 63.0, 1343.0, 18944, -525.0, -1.0, 4736, -1049.0, -1.0, 8192, 1343.0, 1934.0, 18944,
813, 33.0, 2657.0, 37888, 1.0, 2552.0, 16384, 63.0, 2687.0, 37888, -1049.0, -1.0, 9472, -1835.0, -1.0, 16384, 2687.0, 3870.0, 37888,
814, 33.0, 279.0, 600, 29.0, 201.0, 256, 63.0, 337.0, 4800, -263.0, -1.0, 300, -263.0, -1.0, 256, 337.0, 486.0, 4800,
815, 33.0, 617.0, 1200, 29.0, 539.0, 512, 63.0, 675.0, 9600, -263.0, -1.0, 300, -263.0, -1.0, 512, 675.0, 974.0, 9600,
816, 33.0, 283.0, 1200, 25.0, 201.0, 512, 63.0, 337.0, 4800, -263.0, -1.0, 600, -263.0, -1.0, 512, 337.0, 486.0, 4800,
817, 33.0, 621.0, 2400, 25.0, 539.0, 1024, 63.0, 675.0, 9600, -263.0, -1.0, 600, -263.0, -1.0, 1024, 675.0, 974.0, 9600,
818, 33.0, 291.0, 2400, 17.0, 201.0, 1024, 63.0, 337.0, 4800, -263.0, -1.0, 1200, -263.0, -1.0, 1024, 337.0, 486.0, 4800,
819, 33.0, 629.0, 4800, 17.0, 539.0, 2048, 63.0, 675.0, 9600, -263.0, -1.0, 1200, -263.0, -1.0, 2048, 675.0, 974.0, 9600,
820, 33.0, 307.0, 4800, 1.0, 201.0, 2048, 63.0, 337.0, 4800, -263.0, -1.0, 2400, -263.0, -1.0, 2048, 337.0, 486.0, 4800,
821, 33.0, 645.0, 9600, 1.0, 539.0, 4096, 63.0, 675.0, 9600, -263.0, -1.0, 2400, -525.0, -1.0, 4096, 675.0, 974.0, 9600,
822, 33.0, 645.0, 9600, 1.0, 539.0, 4096, 63.0, 675.0, 9600, -525.0, -1.0, 4800, -525.0, -1.0, 4096, 675.0, 974.0, 9600,
823, 33.0, 1321.0, 19200, 1.0, 1215.0, 8192, 63.0, 1351.0, 19200, -525.0, -1.0, 4800, -1049.0, -1.0, 8192, 1351.0, 1950.0, 19200,
824, 33.0, 2673.0, 38400, 1.0, 2567.0, 16384, 63.0, 2703.0, 38400, -1049.0, -1.0, 9600, -1835.0, -1.0, 16384, 2703.0, 3902.0, 38400,
825, 33.0, 281.0, 608, 29.0, 202.0, 256, 63.0, 339.0, 4864, -263.0, -1.0, 304, -263.0, -1.0, 256, 339.0, 490.0, 4864,
826, 33.0, 621.0, 1216, 29.0, 542.0, 512, 63.0, 679.0, 9728, -263.0, -1.0, 304, -263.0, -1.0, 512, 679.0, 982.0, 9728,
827, 33.0, 285.0, 1216, 25.0, 202.0, 512, 63.0, 339.0, 4864, -263.0, -1.0, 608, -263.0, -1.0, 512, 339.0, 490.0, 4864,
828, 33.0, 625.0, 2432, 25.0, 542.0, 1024, 63.0, 679.0, 9728, -263.0, -1.0, 608, -263.0, -1.0, 1024, 679.0, 982.0, 9728,
829, 33.0, 293.0, 2432, 17.0, 202.0, 1024, 63.0, 339.0, 4864, -263.0, -1.0, 1216, -263.0, -1.0, 1024, 339.0, 490.0, 4864,
830, 33.0, 633.0, 4864, 17.0, 542.0, 2048, 63.0, 679.0, 9728, -263.0, -1.0, 1216, -263.0, -1.0, 2048, 679.0, 982.0, 9728,
831, 33.0, 309.0, 4864, 1.0, 202.0, 2048, 63.0, 339.0, 4864, -263.0, -1.0, 2432, -263.0, -1.0, 2048, 339.0, 490.0, 4864,
832, 33.0, 649.0, 9728, 1.0, 542.0, 4096, 63.0, 679.0, 9728, -263.0, -1.0, 2432, -525.0, -1.0, 4096, 679.0, 982.0, 9728,
833, 33.0, 649.0, 9728, 1.0, 542.0, 4096, 63.0, 679.0, 9728, -525.0, -1.0, 4864, -525.0, -1.0, 4096, 679.0, 982.0, 9728,
834, 33.0, 1329.0, 19456, 1.0, 1222.0, 8192, 63.0, 1359.0, 19456, -525.0, -1.0, 4864, -1049.0, -1.0, 8192, 1359.0, 1966.0, 19456,
835, 33.0, 2689.0, 38912, 1.0, 2582.0, 16384, 63.0, 2719.0, 38912, -1049.0, -1.0, 9728, -1835.0, -1.0, 16384, 2719.0, 3934.0, 38912,
836, 33.0, 283.0, 616, 29.0, 203.0, 256, 63.0, 341.0, 4928, -263.0, -1.0, 308, -263.0, -1.0, 256, 341.0, 494.0, 4928,
837, 33.0, 625.0, 1232, 29.0, 545.0, 512, 63.0, 683.0, 9856, -263.0, -1.0, 308, -263.0, -1.0, 512, 683.0, 990.0, 9856,
838, 33.0, 287.0, 1232, 25.0, 203.0, 512, 63.0, 341.0, 4928, -263.0, -1.0, 616, -263.0, -1.0, 512, 341.0, 494.0, 4928,
839, 33.0, 629.0, 2464, 25.0, 545.0, 1024, 63.0, 683.0, 9856, -263.0, -1.0, 616, -263.0, -1.0, 1024, 683.0, 990.0, 9856,
840, 33.0, 295.0, 2464, 17.0, 203.0, 1024, 63.0, 341.0, 4928, -263.0, -1.0, 1232, -263.0, -1.0, 1024, 341.0, 494.0, 4928,
841, 33.0, 637.0, 4928, 17.0, 545.0, 2048, 63.0, 683.0, 9856, -263.0, -1.0, 1232, -263.0, -1.0, 2048, 683.0, 990.0, 9856,
842, 33.0, 311.0, 4928, 1.0, 203.0, 2048, 63.0, 341.0, 4928, -263.0, -1.0, 2464, -263.0, -1.0, 2048, 341.0, 494.0, 4928,
843, 33.0, 653.0, 9856, 1.0, 545.0, 4096, 63.0, 683.0, 9856, -263.0, -1.0, 2464, -525.0, -1.0, 4096, 683.0, 990.0, 9856,
844, 33.0, 653.0, 9856, 1.0, 545.0, 4096, 63.0, 683.0, 9856, -525.0, -1.0, 4928, -525.0, -1.0, 4096, 683.0, 990.0, 9856,
845, 33.0, 1337.0, 19712, 1.0, 1229.0, 8192, 63.0, 1367.0, 19712, -525.0, -1.0, 4928, -1049.0, -1.0, 8192, 1367.0, 1982.0, 19712,
846, 33.0, 2705.0, 39424, 1.0, 2597.0, 16384, 63.0, 2735.0, 39424, -1049.0, -1.0, 9856, -1835.0, -1.0, 16384, 2735.0, 3966.0, 39424,
847, 33.0, 285.0, 624, 29.0, 204.0, 256, 63.0, 343.0, 4992, -263.0, -1.0, 312, -263.0, -1.0, 256, 343.0, 498.0, 4992,
848, 33.0, 629.0, 1248, 29.0, 548.0, 512, 63.0, 687.0, 9984, -263.0, -1.0, 312, -263.0, -1.0, 512, 687.0, 998.0, 9984,
849, 33.0, 289.0, 1248, 25.0, 204.0, 512, 63.0, 343.0, 4992, -263.0, -1.0, 624, -263.0, -1.0, 512, 343.0, 498.0, 4992,
850, 33.0, 633.0, 2496, 25.0, 548.0, 1024, 63.0, 687.0, 9984, -263.0, -1.0, 624, -263.0, -1.0, 1024, 687.0, 998.0, 9984,
851, 33.0, 297.0, 2496, 17.0, 204.0, 1024, 63.0, 343.0, 4992, -263.0, -1.0, 1248, -263.0, -1.0, 1024, 343.0, 498.0, 4992,
852, 33.0, 641.0, 4992, 17.0, 548.0, 2048, 63.0, 687.0, 9984, -263.0, -1.0, 1248, -263.0, -1.0, 2048, 687.0, 998.0, 9984,
853, 33.0, 313.0, 4992, 1.0, 204.0, 2048, 63.0, 343.0, 4992, -263.0, -1.0, 2496, -263.0, -1.0, 2048, 343.0, 498.0, 4992,
854, 33.0, 657.0, 9984, 1.0, 548.0, 4096, 63.0, 687.0, 9984, -263.0, -1.0, 2496, -525.0, -1.0, 4096, 687.0, 998.0, 9984,
855, 33.0, 657.0, 9984, 1.0, 548.0, 4096, 63.0, 687.0, 9984, -525.0, -1.0, 4992, -525.0, -1.0, 4096, 687.0, 998.0, 9984,
856, 33.0, 1345.0, 19968, 1.0, 1236.0, 8192, 63.0, 1375.0, 19968, -525.0, -1.0, 4992, -1049.0, -1.0, 8192, 1375.0, 1998.0, 19968,
857, 33.0, 2721.0, 39936, 1.0, 2612.0, 16384, 63.0, 2751.0, 39936, -1049.0, -1.0, 9984, -1835.0, -1.0, 16384, 2751.0, 3998.0, 39936,
858, 33.0, 287.0, 632, 29.0, 205.0, 256, 63.0, 345.0, 5056, -263.0, -1.0, 316, -263.0, -1.0, 256, 345.0, 502.0, 5056,
859, 33.0, 633.0, 1264, 29.0, 551.0, 512, 63.0, 691.0, 10112, -263.0, -1.0, 316, -263.0, -1.0, 512, 691.0, 1006.0, 10112,
860, 33.0, 291.0, 1264, 25.0, 205.0, 512, 63.0, 345.0, 5056, -263.0, -1.0, 632, -263.0, -1.0, 512, 345.0, 502.0, 5056,
861, 33.0, 637.0, 2528, 25.0, 551.0, 1024, 63.0, 691.0, 10112, -263.0, -1.0, 632, -263.0, -1.0, 1024, 691.0, 1006.0, 10112,
862, 33.0, 299.0, 2528, 17.0, 205.0, 1024, 63.0, 345.0, 5056, -263.0, -1.0, 1264, -263.0, -1.0, 1024, 345.0, 502.0, 5056,
863, 33.0, 645.0, 5056, 17.0, 551.0, 2048, 63.0, 691.0, 10112, -263.0, -1.0, 1264, -263.0, -1.0, 2048, 691.0, 1006.0, 10112,
864, 33.0, 315.0, 5056, 1.0, 205.0, 2048, 63.0, 345.0, 5056, -263.0, -1.0, 2528, -263.0, -1.0, 2048, 345.0, 502.0, 5056,
865, 33.0, 661.0, 10112, 1.0, 551.0, 4096, 63.0, 691.0, 10112, -263.0, -1.0, 2528, -525.0, -1.0, 4096, 691.0, 1006.0, 10112,
866, 33.0, 661.0, 10112, 1.0, 551.0, 4096, 63.0, 691.0, 10112, -525.0, -1.0, 5056, -525.0, -1.0, 4096, 691.0, 1006.0, 10112,
867, 33.0, 1353.0, 20224, 1.0, 1243.0, 8192, 63.0, 1383.0, 20224, -525.0, -1.0, 5056, -1049.0, -1.0, 8192, 1383.0, 2014.0, 20224,
868, 33.0, 2737.0, 40448, 1.0, 2627.0, 16384, 63.0, 2767.0, 40448, -1049.0, -1.0, 10112, -1835.0, -1.0, 16384, 2767.0, 4030.0, 40448,
869, 33.0, 289.0, 640, 29.0, 206.0, 256, 63.0, 347.0, 5120, -263.0, -1.0, 320, -263.0, -1.0, 256, 347.0, 506.0, 5120,
870, 33.0, 637.0, 1280, 29.0, 554.0, 512, 63.0, 695.0, 10240, -263.0, -1.0, 320, -263.0, -1.0, 512, 695.0, 1014.0, 10240,
871, 33.0, 293.0, 1280, 25.0, 206.0, 512, 63.0, 347.0, 5120, -263.0, -1.0, 640, -263.0, -1.0, 512, 347.0, 506.0, 5120,
872, 33.0, 641.0, 2560, 25.0, 554.0, 1024, 63.0, 695.0, 10240, -263.0, -1.0, 640, -263.0, -1.0, 1024, 695.0, 1014.0, 10240,
873, 33.0, 301.0, 2560, 17.0, 206.0, 1024, 63.0, 347.0, 5120, -263.0, -1.0, 1280, -263.0, -1.0, 1024, 347.0, 506.0, 5120,
874, 33.0, 649.0, 5120, 17.0, 554.0, 2048, 63.0, 695.0, 10240, -263.0, -1.0, 1280, -263.0, -1.0, 2048, 695.0, 1014.0, 10240,
875, 33.0, 317.0, 5120, 1.0, 206.0, 2048, 63.0, 347.0, 5120, -263.0, -1.0, 2560, -263.0, -1.0, 2048, 347.0, 506.0, 5120,
876, 33.0, 665.0, 10240, 1.0, 554.0, 4096, 63.0, 695.0, 10240, -263.0, -1.0, 2560, -525.0, -1.0, 4096, 695.0, 1014.0, 10240,
877, 33.0, 665.0, 10240, 1.0, 554.0, 4096, 63.0, 695.0, 10240, -525.0, -1.0, 5120, -525.0, -1.0, 4096, 695.0, 1014.0, 10240,
878, 33.0, 1361.0, 20480, 1.0, 1250.0, 8192, 63.0, 1391.0, 20480, -525.0, -1.0, 5120, -1049.0, -1.0, 8192, 1391.0, 2030.0, 20480,
879, 33.0, 2753.0, 40960, 1.0, 2642.0, 16384, 63.0, 2783.0, 40960, -1049.0, -1.0, 10240, -1835.0, -1.0, 16384, 2783.0, 4062.0, 40960,
880, 33.0, 291.0, 648, 29.0, 207.0, 256, 63.0, 349.0, 5184, -263.0, -1.0, 324, -263.0, -1.0, 256, 349.0, 510.0, 5184,
881, 33.0, 641.0, 1296, 29.0, 557.0, 512, 63.0, 699.0, 10368, -263.0, -1.0, 324, -263.0, -1.0, 512, 699.0, 1022.0, 10368,
882, 33.0, 295.0, 1296, 25.0, 207.0, 512, 63.0, 349.0, 5184, -263.0, -1.0, 648, -263.0, -1.0, 512, 349.0, 510.0, 5184,
883, 33.0, 645.0, 2592, 25.0, 557.0, 1024, 63.0, 699.0, 10368, -263.0, -1.0, 648, -263.0, -1.0, 1024, 699.0, 1022.0, 10368,
884, 33.0, 303.0, 2592, 17.0, 207.0, 1024, 63.0, 349.0, 5184, -263.0, -1.0, 1296, -263.0, -1.0, 1024, 349.0, 510.0, 5184,
885, 33.0, 653.0, 5184, 17.0, 557.0, 2048, 63.0, 699.0, 10368, -263.0, -1.0, 1296, -263.0, -1.0, 2048, 699.0, 1022.0, 10368,
886, 33.0, 319.0, 5184, 1.0, 207.0, 2048, 63.0, 349.0, 5184, -263.0, -1.0, 2592, -263.0, -1.0, 2048, 349.0, 510.0, 5184,
887, 33.0, 669.0, 10368, 1.0, 557.0, 4096, 63.0, 699.0, 10368, -263.0, -1.0, 2592, -525.0, -1.0, 4096, 699.0, 1022.0, 10368,
888, 33.0, 669.0, 10368, 1.0, 557.0, 4096, 63.0, 699.0, 10368, -525.0, -1.0, 5184, -525.0, -1.0, 4096, 699.0, 1022.0, 10368,
889, 33.0, 1369.0, 20736, 1.0, 1257.0, 8192, 63.0, 1399.0, 20736, -525.0, -1.0, 5184, -1049.0, -1.0, 8192, 1399.0, 2046.0, 20736,
890, 33.0, 2769.0, 41472, 1.0, 2657.0, 16384, 63.0, 2799.0, 41472, -1049.0, -1.0, 10368, -1835.0, -1.0, 16384, 2799.0, 4094.0, 41472,
891, 33.0, 293.0, 656, 29.0, 208.0, 256, 63.0, 351.0, 5248, -263.0, -1.0, 328, -263.0, -1.0, 256, 351.0, 514.0, 5248,
892, 33.0, 645.0, 1312, 29.0, 560.0, 512, 63.0, 703.0, 10496, -263.0, -1.0, 328, -263.0, -1.0, 512, 703.0, 1030.0, 10496,
893, 33.0, 297.0, 1312, 25.0, 208.0, 512, 63.0, 351.0, 5248, -263.0, -1.0, 656, -263.0, -1.0, 512, 351.0, 514.0, 5248,
894, 33.0, 649.0, 2624, 25.0, 560.0, 1024, 63.0, 703.0, 10496, -263.0, -1.0, 656, -263.0, -1.0, 1024, 703.0, 1030.0, 10496,
895, 33.0, 305.0, 2624, 17.0, 208.0, 1024, 63.0, 351.0, 5248, -263.0, -1.0, 1312, -263.0, -1.0, 1024, 351.0, 514.0, 5248,
896, 33.0, 657.0, 5248, 17.0, 560.0, 2048, 63.0, 703.0, 10496, -263.0, -1.0, 1312, -263.0, -1.0, 2048, 703.0, 1030.0, 10496,
897, 33.0, 321.0, 5248, 1.0, 208.0, 2048, 63.0, 351.0, 5248, -525.0, -1.0, 2624, -263.0, -1.0, 2048, 351.0, 514.0, 5248,
898, 33.0, 673.0, 10496, 1.0, 560.0, 4096, 63.0, 703.0, 10496, -525.0, -1.0, 2624, -525.0, -1.0, 4096, 703.0, 1030.0, 10496,
899, 33.0, 673.0, 10496, 1.0, 560.0, 4096, 63.0, 703.0, 10496, -787.0, -1.0, 5248, -525.0, -1.0, 4096, 703.0, 1030.0, 10496,
900, 33.0, 1377.0, 20992, 1.0, 1264.0, 8192, 63.0, 1407.0, 20992, -787.0, -1.0, 5248, -1049.0, -1.0, 8192, 1407.0, 2062.0, 20992,
901, 33.0, 2785.0, 41984, 1.0, 2672.0, 16384, 63.0, 2815.0, 41984, -1311.0, -1.0, 10496, -1835.0, -1.0, 16384, 2815.0, 4126.0, 41984,
902, 33.0, 295.0, 664, 29.0, 209.0, 256, 63.0, 353.0, 5312, -263.0, -1.0, 332, -263.0, -1.0, 256, 353.0, 518.0, 5312,
903, 33.0, 649.0, 1328, 29.0, 563.0, 512, 63.0, 707.0, 10624, -263.0, -1.0, 332, -263.0, -1.0, 512, 707.0, 1038.0, 10624,
904, 33.0, 299.0, 1328, 25.0, 209.0, 512, 63.0, 353.0, 5312, -263.0, -1.0, 664, -263.0, -1.0, 512, 353.0, 518.0, 5312,
905, 33.0, 653.0, 2656, 25.0, 563.0, 1024, 63.0, 707.0, 10624, -263.0, -1.0, 664, -263.0, -1.0, 1024, 707.0, 1038.0, 10624,
906, 33.0, 307.0, 2656, 17.0, 209.0, 1024, 63.0, 353.0, 5312, -263.0, -1.0, 1328, -263.0, -1.0, 1024, 353.0, 518.0, 5312,
907, 33.0, 661.0, 5312, 17.0, 563.0, 2048, 63.0, 707.0, 10624, -263.0, -1.0, 1328, -263.0, -1.0, 2048, 707.0, 1038.0, 10624,
908, 33.0, 323.0, 5312, 1.0, 209.0, 2048, 63.0, 353.0, 5312, -525.0, -1.0, 2656, -263.0, -1.0, 2048, 353.0, 518.0, 5312,
909, 33.0, 677.0, 10624, 1.0, 563.0, 4096, 63.0, 707.0, 10624, -525.0, -1.0, 2656, -525.0, -1.0, 4096, 707.0, 1038.0, 10624,
910, 33.0, 677.0, 10624, 1.0, 563.0, 4096, 63.0, 707.0, 10624, -787.0, -1.0, 5312, -525.0, -1.0, 4096, 707.0, 1038.0, 10624,
911, 33.0, 1385.0, 21248, 1.0, 1271.0, 8192, 63.0, 1415.0, 21248, -787.0, -1.0, 5312, -1049.0, -1.0, 8192, 1415.0, 2078.0, 21248,
912, 33.0, 2801.0, 42496, 1.0, 2687.0, 16384, 63.0, 2831.0, 42496, -1311.0, -1.0, 10624, -1835.0, -1.0, 16384, 2831.0, 4158.0, 42496,
913, 33.0, 297.0, 672, 29.0, 210.0, 256, 63.0, 355.0, 5376, -263.0, -1.0, 336, -263.0, -1.0, 256, 355.0, 522.0, 5376,
914, 33.0, 653.0, 1344, 29.0, 566.0, 512, 63.0, 711.0, 10752, -263.0, -1.0, 336, -263.0, -1.0, 512, 711.0, 1046.0, 10752,
915, 33.0, 301.0, 1344, 25.0, 210.0, 512, 63.0, 355.0, 5376, -263.0, -1.0, 672, -263.0, -1.0, 512, 355.0, 522.0, 5376,
916, 33.0, 657.0, 2688, 25.0, 566.0, 1024, 63.0, 711.0, 10752, -263.0, -1.0, 672, -263.0, -1.0, 1024, 711.0, 1046.0, 10752,
917, 33.0, 309.0, 2688, 17.0, 210.0, 1024, 63.0, 355.0, 5376, -263.0, -1.0, 1344, -263.0, -1.0, 1024, 355.0, 522.0, 5376,
918, 33.0, 665.0, 5376, 17.0, 566.0, 2048, 63.0, 711.0, 10752, -263.0, -1.0, 1344, -263.0, -1.0, 2048, 711.0, 1046.0, 10752,
919, 33.0, 325.0, 5376, 1.0, 210.0, 2048, 63.0, 355.0, 5376, -525.0, -1.0, 2688, -263.0, -1.0, 2048, 355.0, 522.0, 5376,
920, 33.0, 681.0, 10752, 1.0, 566.0, 4096, 63.0, 711.0, 10752, -525.0, -1.0, 2688, -525.0, -1.0, 4096, 711.0, 1046.0, 10752,
921, 33.0, 681.0, 10752, 1.0, 566.0, 4096, 63.0, 711.0, 10752, -787.0, -1.0, 5376, -525.0, -1.0, 4096, 711.0, 1046.0, 10752,
922, 33.0, 1393.0, 21504, 1.0, 1278.0, 8192, 63.0, 1423.0, 21504, -787.0, -1.0, 5376, -1049.0, -1.0, 8192, 1423.0, 2094.0, 21504,
923, 33.0, 2817.0, 43008, 1.0, 2702.0, 16384, 63.0, 2847.0, 43008, -1311.0, -1.0, 10752, -1835.0, -1.0, 16384, 2847.0, 4190.0, 43008,
924, 33.0, 299.0, 680, 29.0, 211.0, 256, 63.0, 357.0, 5440, -263.0, -1.0, 340, -263.0, -1.0, 256, 357.0, 526.0, 5440,
925, 33.0, 657.0, 1360, 29.0, 569.0, 512, 63.0, 715.0, 10880, -263.0, -1.0, 340, -263.0, -1.0, 512, 715.0, 1054.0, 10880,
926, 33.0, 303.0, 1360, 25.0, 211.0, 512, 63.0, 357.0, 5440, -263.0, -1.0, 680, -263.0, -1.0, 512, 357.0, 526.0, 5440,
927, 33.0, 661.0, 2720, 25.0, 569.0, 1024, 63.0, 715.0, 10880, -263.0, -1.0, 680, -263.0, -1.0, 1024, 715.0, 1054.0, 10880,
928, 33.0, 311.0, 2720, 17.0, 211.0, 1024, 63.0, 357.0, 5440, -263.0, -1.0, 1360, -263.0, -1.0, 1024, 357.0, 526.0, 5440,
929, 33.0, 669.0, 5440, 17.0, 569.0, 2048, 63.0, 715.0, 10880, -263.0, -1.0, 1360, -263.0, -1.0, 2048, 715.0, 1054.0, 10880,
930, 33.0, 327.0, 5440, 1.0, 211.0, 2048, 63.0, 357.0, 5440, -525.0, -1.0, 2720, -263.0, -1.0, 2048, 357.0, 526.0, 5440,
931, 33.0, 685.0, 10880, 1.0, 569.0, 4096, 63.0, 715.0, 10880, -525.0, -1.0, 2720, -525.0, -1.0, 4096, 715.0, 1054.0, 10880,
932, 33.0, 685.0, 10880, 1.0, 569.0, 4096, 63.0, 715.0, 10880, -787.0, -1.0, 5440, -525.0, -1.0, 4096, 715.0, 1054.0, 10880,
933, 33.0, 1401.0, 21760, 1.0, 1285.0, 8192, 63.0, 1431.0, 21760, -787.0, -1.0, 5440, -1049.0, -1.0, 8192, 1431.0, 2110.0, 21760,
934, 33.0, 2833.0, 43520, 1.0, 2717.0, 16384, 63.0, 2863.0, 43520, -1311.0, -1.0, 10880, -1835.0, -1.0, 16384, 2863.0, 4222.0, 43520,
935, 33.0, 301.0, 688, 29.0, 212.0, 256, 63.0, 359.0, 5504, -263.0, -1.0, 344, -263.0, -1.0, 256, 359.0, 530.0, 5504,
936, 33.0, 661.0, 1376, 29.0, 572.0, 512, 63.0, 719.0, 11008, -263.0, -1.0, 344, -263.0, -1.0, 512, 719.0, 1062.0, 11008,
937, 33.0, 305.0, 1376, 25.0, 212.0, 512, 63.0, 359.0, 5504, -263.0, -1.0, 688, -263.0, -1.0, 512, 359.0, 530.0, 5504,
938, 33.0, 665.0, 2752, 25.0, 572.0, 1024, 63.0, 719.0, 11008, -263.0, -1.0, 688, -263.0, -1.0, 1024, 719.0, 1062.0, 11008,
939, 33.0, 313.0, 2752, 17.0, 212.0, 1024, 63.0, 359.0, 5504, -263.0, -1.0, 1376, -263.0, -1.0, 1024, 359.0, 530.0, 5504,
940, 33.0, 673.0, 5504, 17.0, 572.0, 2048, 63.0, 719.0, 11008, -263.0, -1.0, 1376, -263.0, -1.0, 2048, 719.0, 1062.0, 11008,
941, 33.0, 329.0, 5504, 1.0, 212.0, 2048, 63.0, 359.0, 5504, -525.0, -1.0, 2752, -263.0, -1.0, 2048, 359.0, 530.0, 5504,
942, 33.0, 689.0, 11008, 1.0, 572.0, 4096, 63.0, 719.0, 11008, -525.0, -1.0, 2752, -525.0, -1.0, 4096, 719.0, 1062.0, 11008,
943, 33.0, 689.0, 11008, 1.0, 572.0, 4096, 63.0, 719.0, 11008, -787.0, -1.0, 5504, -525.0, -1.0, 4096, 719.0, 1062.0, 11008,
944, 33.0, 1409.0, 22016, 1.0, 1292.0, 8192, 63.0, 1439.0, 22016, -787.0, -1.0, 5504, -1049.0, -1.0, 8192, 1439.0, 2126.0, 22016,
945, 33.0, 2849.0, 44032, 1.0, 2732.0, 16384, 63.0, 2879.0, 44032, -1311.0, -1.0, 11008, -1835.0, -1.0, 16384, 2879.0, 4254.0, 44032,
946, 33.0, 303.0, 696, 29.0, 213.0, 256, 63.0, 361.0, 5568, -263.0, -1.0, 348, -263.0, -1.0, 256, 361.0, 534.0, 5568,
947, 33.0, 665.0, 1392, 29.0, 575.0, 512, 63.0, 723.0, 11136, -263.0, -1.0, 348, -263.0, -1.0, 512, 723.0, 1070.0, 11136,
948, 33.0, 307.0, 1392, 25.0, 213.0, 512, 63.0, 361.0, 5568, -263.0, -1.0, 696, -263.0, -1.0, 512, 361.0, 534.0, 5568,
949, 33.0, 669.0, 2784, 25.0, 575.0, 1024, 63.0, 723.0, 11136, -263.0, -1.0, 696, -263.0, -1.0, 1024, 723.0, 1070.0, 11136,
950, 33.0, 315.0, 2784, 17.0, 213.0, 1024, 63.0, 361.0, 5568, -263.0, -1.0, 1392, -263.0, -1.0, 1024, 361.0, 534.0, 5568,
951, 33.0, 677.0, 5568, 17.0, 575.0, 2048, 63.0, 723.0, 11136, -263.0, -1.0, 1392, -263.0, -1.0, 2048, 723.0, 1070.0, 11136,
952, 33.0, 331.0, 5568, 1.0, 213.0, 2048, 63.0, 361.0, 5568, -525.0, -1.0, 2784, -263.0, -1.0, 2048, 361.0, 534.0, 5568,
953, 33.0, 693.0, 11136, 1.0, 575.0, 4096, 63.0, 723.0, 11136, -525.0, -1.0, 2784, -525.0, -1.0, 4096, 723.0, 1070.0, 11136,
954, 33.0, 693.0, 11136, 1.0, 575.0, 4096, 63.0, 723.0, 11136, -787.0, -1.0, 5568, -525.0, -1.0, 4096, 723.0, 1070.0, 11136,
955, 33.0, 1417.0, 22272, 1.0, 1299.0, 8192, 63.0, 1447.0, 22272, -787.0, -1.0, 5568, -1049.0, -1.0, 8192, 1447.0, 2142.0, 22272,
956, 33.0, 2865.0, 44544, 1.0, 2747.0, 16384, 63.0, 2895.0, 44544, -1311.0, -1.0, 11136, -1835.0, -1.0, 16384, 2895.0, 4286.0, 44544,
957, 33.0, 305.0, 704, 29.0, 214.0, 256, 63.0, 363.0, 5632, -263.0, -1.0, 352, -263.0, -1.0, 256, 363.0, 538.0, 5632,
958, 33.0, 669.0, 1408, 29.0, 578.0, 512, 63.0, 727.0, 11264, -263.0, -1.0, 352, -263.0, -1.0, 512, 727.0, 1078.0, 11264,
959, 33.0, 309.0, 1408, 25.0, 214.0, 512, 63.0, 363.0, 5632, -263.0, -1.0, 704, -263.0, -1.0, 512, 363.0, 538.0, 5632,
960, 33.0, 673.0, 2816, 25.0, 578.0, 1024, 63.0, 727.0, 11264, -263.0, -1.0, 704, -263.0, -1.0, 1024, 727.0, 1078.0, 11264,
961, 33.0, 317.0, 2816, 17.0, 214.0, 1024, 63.0, 363.0, 5632, -263.0, -1.0, 1408, -263.0, -1.0, 1024, 363.0, 538.0, 5632,
962, 33.0, 681.0, 5632, 17.0, 578.0, 2048, 63.0, 727.0, 11264, -263.0, -1.0, 1408, -263.0, -1.0, 2048, 727.0, 1078.0, 11264,
963, 33.0, 333.0, 5632, 1.0, 214.0, 2048, 63.0, 363.0, 5632, -525.0, -1.0, 2816, -263.0, -1.0, 2048, 363.0, 538.0, 5632,
964, 33.0, 697.0, 11264, 1.0, 578.0, 4096, 63.0, 727.0, 11264, -525.0, -1.0, 2816, -525.0, -1.0, 4096, 727.0, 1078.0, 11264,
965, 33.0, 697.0, 11264, 1.0, 578.0, 4096, 63.0, 727.0, 11264, -787.0, -1.0, 5632, -525.0, -1.0, 4096, 727.0, 1078.0, 11264,
966, 33.0, 1425.0, 22528, 1.0, 1306.0, 8192, 63.0, 1455.0, 22528, -787.0, -1.0, 5632, -1049.0, -1.0, 8192, 1455.0, 2158.0, 22528,
967, 33.0, 2881.0, 45056, 1.0, 2762.0, 16384, 63.0, 2911.0, 45056, -1311.0, -1.0, 11264, -1835.0, -1.0, 16384, 2911.0, 4318.0, 45056,
968, 33.0, 307.0, 712, 29.0, 215.0, 256, 63.0, 365.0, 5696, -263.0, -1.0, 356, -263.0, -1.0, 256, 365.0, 542.0, 5696,
969, 33.0, 673.0, 1424, 29.0, 581.0, 512, 63.0, 731.0, 11392, -263.0, -1.0, 356, -263.0, -1.0, 512, 731.0, 1086.0, 11392,
970, 33.0, 311.0, 1424, 25.0, 215.0, 512, 63.0, 365.0, 5696, -263.0, -1.0, 712, -263.0, -1.0, 512, 365.0, 542.0, 5696,
971, 33.0, 677.0, 2848, 25.0, 581.0, 1024, 63.0, 731.0, 11392, -263.0, -1.0, 712, -263.0, -1.0, 1024, 731.0, 1086.0, 11392,
972, 33.0, 319.0, 2848, 17.0, 215.0, 1024, 63.0, 365.0, 5696, -263.0, -1.0, 1424, -263.0, -1.0, 1024, 365.0, 542.0, 5696,
973, 33.0, 685.0, 5696, 17.0, 581.0, 2048, 63.0, 731.0, 11392, -263.0, -1.0, 1424, -263.0, -1.0, 2048, 731.0, 1086.0, 11392,
974, 33.0, 335.0, 5696, 1.0, 215.0, 2048, 63.0, 365.0, 5696, -525.0, -1.0, 2848, -263.0, -1.0, 2048, 365.0, 542.0, 5696,
975, 33.0, 701.0, 11392, 1.0, 581.0, 4096, 63.0, 731.0, 11392, -525.0, -1.0, 2848, -525.0, -1.0, 4096, 731.0, 1086.0, 11392,
976, 33.0, 701.0, 11392, 1.0, 581.0, 4096, 63.0, 731.0, 11392, -787.0, -1.0, 5696, -525.0, -1.0, 4096, 731.0, 1086.0, 11392,
977, 33.0, 1433.0, 22784, 1.0, 1313.0, 8192, 63.0, 1463.0, 22784, -787.0, -1.0, 5696, -1049.0, -1.0, 8192, 1463.0, 2174.0, 22784,
978, 33.0, 2897.0, 45568, 1.0, 2777.0, 16384, 63.0, 2927.0, 45568, -1311.0, -1.0, 11392, -1835.0, -1.0, 16384, 2927.0, 4350.0, 45568,
979, 33.0, 309.0, 720, 29.0, 216.0, 256, 63.0, 367.0, 5760, -263.0, -1.0, 360, -263.0, -1.0, 256, 367.0, 546.0, 5760,
980, 33.0, 677.0, 1440, 29.0, 584.0, 512, 63.0, 735.0, 11520, -263.0, -1.0, 360, -263.0, -1.0, 512, 735.0, 1094.0, 11520,
981, 33.0, 313.0, 1440, 25.0, 216.0, 512, 63.0, 367.0, 5760, -263.0, -1.0, 720, -263.0, -1.0, 512, 367.0, 546.0, 5760,
982, 33.0, 681.0, 2880, 25.0, 584.0, 1024, 63.0, 735.0, 11520, -263.0, -1.0, 720, -263.0, -1.0, 1024, 735.0, 1094.0, 11520,
983, 33.0, 321.0, 2880, 17.0, 216.0, 1024, 63.0, 367.0, 5760, -263.0, -1.0, 1440, -263.0, -1.0, 1024, 367.0, 546.0, 5760,
984, 33.0, 689.0, 5760, 17.0, 584.0, 2048, 63.0, 735.0, 11520, -263.0, -1.0, 1440, -263.0, -1.0, 2048, 735.0, 1094.0, 11520,
985, 33.0, 337.0, 5760, 1.0, 216.0, 2048, 63.0, 367.0, 5760, -525.0, -1.0, 2880, -263.0, -1.0, 2048, 367.0, 546.0, 5760,
986, 33.0, 705.0, 11520, 1.0, 584.0, 4096, 63.0, 735.0, 11520, -525.0, -1.0, 2880, -525.0, -1.0, 4096, 735.0, 1094.0, 11520,
987, 33.0, 705.0, 11520, 1.0, 584.0, 4096, 63.0, 735.0, 11520, -787.0, -1.0, 5760, -525.0, -1.0, 4096, 735.0, 1094.0, 11520,
988, 33.0, 1441.0, 23040, 1.0, 1320.0, 8192, 63.0, 1471.0, 23040, -787.0, -1.0, 5760, -1049.0, -1.0, 8192, 1471.0, 2190.0, 23040,
989, 33.0, 2913.0, 46080, 1.0, 2792.0, 16384, 63.0, 2943.0, 46080, -1311.0, -1.0, 11520, -1835.0, -1.0, 16384, 2943.0, 4382.0, 46080,
990, 33.0, 311.0, 728, 29.0, 217.0, 256, 63.0, 369.0, 5824, -263.0, -1.0, 364, -263.0, -1.0, 256, 369.0, 550.0, 5824,
991, 33.0, 681.0, 1456, 29.0, 587.0, 512, 63.0, 739.0, 11648, -263.0, -1.0, 364, -263.0, -1.0, 512, 739.0, 1102.0, 11648,
992, 33.0, 315.0, 1456, 25.0, 217.0, 512, 63.0, 369.0, 5824, -263.0, -1.0, 728, -263.0, -1.0, 512, 369.0, 550.0, 5824,
993, 33.0, 685.0, 2912, 25.0, 587.0, 1024, 63.0, 739.0, 11648, -263.0, -1.0, 728, -263.0, -1.0, 1024, 739.0, 1102.0, 11648,
994, 33.0, 323.0, 2912, 17.0, 217.0, 1024, 63.0, 369.0, 5824, -263.0, -1.0, 1456, -263.0, -1.0, 1024, 369.0, 550.0, 5824,
995, 33.0, 693.0, 5824, 17.0, 587.0, 2048, 63.0, 739.0, 11648, -263.0, -1.0, 1456, -263.0, -1.0, 2048, 739.0, 1102.0, 11648,
996, 33.0, 339.0, 5824, 1.0, 217.0, 2048, 63.0, 369.0, 5824, -525.0, -1.0, 2912, -263.0, -1.0, 2048, 369.0, 550.0, 5824,
997, 33.0, 709.0, 11648, 1.0, 587.0, 4096, 63.0, 739.0, 11648, -525.0, -1.0, 2912, -525.0, -1.0, 4096, 739.0, 1102.0, 11648,
998, 33.0, 709.0, 11648, 1.0, 587.0, 4096, 63.0, 739.0, 11648, -787.0, -1.0, 5824, -525.0, -1.0, 4096, 739.0, 1102.0, 11648,
999, 33.0, 1449.0, 23296, 1.0, 1327.0, 8192, 63.0, 1479.0, 23296, -787.0, -1.0, 5824, -1049.0, -1.0, 8192, 1479.0, 2206.0, 23296,
1000, 33.0, 2929.0, 46592, 1.0, 2807.0, 16384, 63.0, 2959.0, 46592, -1311.0, -1.0, 11648, -1835.0, -1.0, 16384, 2959.0, 4414.0, 46592,
1001, 33.0, 313.0, 736, 29.0, 218.0, 256, 63.0, 371.0, 5888, -263.0, -1.0, 368, -263.0, -1.0, 256, 371.0, 554.0, 5888,
1002, 33.0, 685.0, 1472, 29.0, 590.0, 512, 63.0, 743.0, 11776, -263.0, -1.0, 368, -263.0, -1.0, 512, 743.0, 1110.0, 11776,
1003, 33.0, 317.0, 1472, 25.0, 218.0, 512, 63.0, 371.0, 5888, -263.0, -1.0, 736, -263.0, -1.0, 512, 371.0, 554.0, 5888,
1004, 33.0, 689.0, 2944, 25.0, 590.0, 1024, 63.0, 743.0, 11776, -263.0, -1.0, 736, -263.0, -1.0, 1024, 743.0, 1110.0, 11776,
1005, 33.0, 325.0, 2944, 17.0, 218.0, 1024, 63.0, 371.0, 5888, -263.0, -1.0, 1472, -263.0, -1.0, 1024, 371.0, 554.0, 5888,
1006, 33.0, 697.0, 5888, 17.0, 590.0, 2048, 63.0, 743.0, 11776, -263.0, -1.0, 1472, -263.0, -1.0, 2048, 743.0, 1110.0, 11776,
1007, 33.0, 341.0, 5888, 1.0, 218.0, 2048, 63.0, 371.0, 5888, -525.0, -1.0, 2944, -263.0, -1.0, 2048, 371.0, 554.0, 5888,
1008, 33.0, 713.0, 11776, 1.0, 590.0, 4096, 63.0, 743.0, 11776, -525.0, -1.0, 2944, -525.0, -1.0, 4096, 743.0, 1110.0, 11776,
1009, 33.0, 713.0, 11776, 1.0, 590.0, 4096, 63.0, 743.0, 11776, -787.0, -1.0, 5888, -525.0, -1.0, 4096, 743.0, 1110.0, 11776,
1010, 33.0, 1457.0, 23552, 1.0, 1334.0, 8192, 63.0, 1487.0, 23552, -787.0, -1.0, 5888, -1049.0, -1.0, 8192, 1487.0, 2222.0, 23552,
1011, 33.0, 2945.0, 47104, 1.0, 2822.0, 16384, 63.0, 2975.0, 47104, -1311.0, -1.0, 11776, -1835.0, -1.0, 16384, 2975.0, 4446.0, 47104,
1012, 33.0, 315.0, 744, 29.0, 219.0, 256, 63.0, 373.0, 5952, -263.0, -1.0, 372, -263.0, -1.0, 256, 373.0, 558.0, 5952,
1013, 33.0, 689.0, 1488, 29.0, 593.0, 512, 63.0, 747.0, 11904, -263.0, -1.0, 372, -263.0, -1.0, 512, 747.0, 1118.0, 11904,
1014, 33.0, 319.0, 1488, 25.0, 219.0, 512, 63.0, 373.0, 5952, -263.0, -1.0, 744, -263.0, -1.0, 512, 373.0, 558.0, 5952,
1015, 33.0, 693.0, 2976, 25.0, 593.0, 1024, 63.0, 747.0, 11904, -263.0, -1.0, 744, -263.0, -1.0, 1024, 747.0, 1118.0, 11904,
1016, 33.0, 327.0, 2976, 17.0, 219.0, 1024, 63.0, 373.0, 5952, -263.0, -1.0, 1488, -263.0, -1.0, 1024, 373.0, 558.0, 5952,
1017, 33.0, 701.0, 5952, 17.0, 593.0, 2048, 63.0, 747.0, 11904, -263.0, -1.0, 1488, -263.0, -1.0, 2048, 747.0, 1118.0, 11904,
1018, 33.0, 343.0, 5952, 1.0, 219.0, 2048, 63.0, 373.0, 5952, -525.0, -1.0, 2976, -263.0, -1.0, 2048, 373.0, 558.0, 5952,
1019, 33.0, 717.0, 11904, 1.0, 593.0, 4096, 63.0, 747.0, 11904, -525.0, -1.0, 2976, -525.0, -1.0, 4096, 747.0, 1118.0, 11904,
1020, 33.0, 717.0, 11904, 1.0, 593.0, 4096, 63.0, 747.0, 11904, -787.0, -1.0, 5952, -525.0, -1.0, 4096, 747.0, 1118.0, 11904,
1021, 33.0, 1465.0, 23808, 1.0, 1341.0, 8192, 63.0, 1495.0, 23808, -787.0, -1.0, 5952, -1049.0, -1.0, 8192, 1495.0, 2238.0, 23808,
1022, 33.0, 2961.0, 47616, 1.0, 2837.0, 16384, 63.0, 2991.0, 47616, -1311.0, -1.0, 11904, -1835.0, -1.0, 16384, 2991.0, 4478.0, 47616,
1023, 33.0, 317.0, 752, 29.0, 220.0, 256, 63.0, 375.0, 6016, -263.0, -1.0, 376, -263.0, -1.0, 256, 375.0, 562.0, 6016,
1024, 33.0, 693.0, 1504, 29.0, 596.0, 512, 63.0, 751.0, 12032, -263.0, -1.0, 376, -263.0, -1.0, 512, 751.0, 1126.0, 12032,
1025, 33.0, 321.0, 1504, 25.0, 220.0, 512, 63.0, 375.0, 6016, -263.0, -1.0, 752, -263.0, -1.0, 512, 375.0, 562.0, 6016,
1026, 33.0, 697.0, 3008, 25.0, 596.0, 1024, 63.0, 751.0, 12032, -263.0, -1.0, 752, -263.0, -1.0, 1024, 751.0, 1126.0, 12032,
1027, 33.0, 329.0, 3008, 17.0, 220.0, 1024, 63.0, 375.0, 6016, -263.0, -1.0, 1504, -263.0, -1.0, 1024, 375.0, 562.0, 6016,
1028, 33.0, 705.0, 6016, 17.0, 596.0, 2048, 63.0, 751.0, 12032, -263.0, -1.0, 1504, -263.0, -1.0, 2048, 751.0, 1126.0, 12032,
1029, 33.0, 345.0, 6016, 1.0, 220.0, 2048, 63.0, 375.0, 6016, -525.0, -1.0, 3008, -263.0, -1.0, 2048, 375.0, 562.0, 6016,
1030, 33.0, 721.0, 12032, 1.0, 596.0, 4096, 63.0, 751.0, 12032, -525.0, -1.0, 3008, -525.0, -1.0, 4096, 751.0, 1126.0, 12032,
1031, 33.0, 721.0, 12032, 1.0, 596.0, 4096, 63.0, 751.0, 12032, -787.0, -1.0, 6016, -525.0, -1.0, 4096, 751.0, 1126.0, 12032,
1032, 33.0, 1473.0, 24064, 1.0, 1348.0, 8192, 63.0, 1503.0, 24064, -787.0, -1.0, 6016, -1049.0, -1.0, 8192, 1503.0, 2254.0, 24064,
1033, 33.0, 2977.0, 48128, 1.0, 2852.0, 16384, 63.0, 3007.0, 48128, -1311.0, -1.0, 12032, -1835.0, -1.0, 16384, 3007.0, 4510.0, 48128,
1034, 33.0, 319.0, 760, 29.0, 221.0, 256, 63.0, 377.0, 6080, -263.0, -1.0, 380, -263.0, -1.0, 256, 377.0, 566.0, 6080,
1035, 33.0, 697.0, 1520, 29.0, 599.0, 512, 63.0, 755.0, 12160, -263.0, -1.0, 380, -263.0, -1.0, 512, 755.0, 1134.0, 12160,
1036, 33.0, 323.0, 1520, 25.0, 221.0, 512, 63.0, 377.0, 6080, -263.0, -1.0, 760, -263.0, -1.0, 512, 377.0, 566.0, 6080,
1037, 33.0, 701.0, 3040, 25.0, 599.0, 1024, 63.0, 755.0, 12160, -263.0, -1.0, 760, -263.0, -1.0, 1024, 755.0, 1134.0, 12160,
1038, 33.0, 331.0, 3040, 17.0, 221.0, 1024, 63.0, 377.0, 6080, -263.0, -1.0, 1520, -263.0, -1.0, 1024, 377.0, 566.0, 6080,
1039, 33.0, 709.0, 6080, 17.0, 599.0, 2048, 63.0, 755.0, 12160, -263.0, -1.0, 1520, -263.0, -1.0, 2048, 755.0, 1134.0, 12160,
1040, 33.0, 347.0, 6080, 1.0, 221.0, 2048, 63.0, 377.0, 6080, -525.0, -1.0, 3040, -263.0, -1.0, 2048, 377.0, 566.0, 6080,
1041, 33.0, 725.0, 12160, 1.0, 599.0, 4096, 63.0, 755.0, 12160, -525.0, -1.0, 3040, -525.0, -1.0, 4096, 755.0, 1134.0, 12160,
1042, 33.0, 725.0, 12160, 1.0, 599.0, 4096, 63.0, 755.0, 12160, -787.0, -1.0, 6080, -525.0, -1.0, 4096, 755.0, 1134.0, 12160,
1043, 33.0, 1481.0, 24320, 1.0, 1355.0, 8192, 63.0, 1511.0, 24320, -787.0, -1.0, 6080, -1049.0, -1.0, 8192, 1511.0, 2270.0, 24320,
1044, 33.0, 2993.0, 48640, 1.0, 2867.0, 16384, 63.0, 3023.0, 48640, -1311.0, -1.0, 12160, -1835.0, -1.0, 16384, 3023.0, 4542.0, 48640,
1045, 33.0, 321.0, 768, 29.0, 222.0, 256, 63.0, 379.0, 6144, -263.0, -1.0, 384, -263.0, -1.0, 256, 379.0, 570.0, 6144,
1046, 33.0, 701.0, 1536, 29.0, 602.0, 512, 63.0, 759.0, 12288, -263.0, -1.0, 384, -263.0, -1.0, 512, 759.0, 1142.0, 12288,
1047, 33.0, 325.0, 1536, 25.0, 222.0, 512, 63.0, 379.0, 6144, -263.0, -1.0, 768, -263.0, -1.0, 512, 379.0, 570.0, 6144,
1048, 33.0, 705.0, 3072, 25.0, 602.0, 1024, 63.0, 759.0, 12288, -263.0, -1.0, 768, -263.0, -1.0, 1024, 759.0, 1142.0, 12288,
1049, 33.0, 333.0, 3072, 17.0, 222.0, 1024, 63.0, 379.0, 6144, -263.0, -1.0, 1536, -263.0, -1.0, 1024, 379.0, 570.0, 6144,
1050, 33.0, 713.0, 6144, 17.0, 602.0, 2048, 63.0, 759.0, 12288, -263.0, -1.0, 1536, -263.0, -1.0, 2048, 759.0, 1142.0, 12288,
1051, 33.0, 349.0, 6144, 1.0, 222.0, 2048, 63.0, 379.0, 6144, -525.0, -1.0, 3072, -263.0, -1.0, 2048, 379.0, 570.0, 6144,
1052, 33.0, 729.0, 12288, 1.0, 602.0, 4096, 63.0, 759.0, 12288, -525.0, -1.0, 3072, -525.0, -1.0, 4096, 759.0, 1142.0, 12288,
1053, 33.0, 729.0, 12288, 1.0, 602.0, 4096, 63.0, 759.0, 12288, -787.0, -1.0, 6144, -525.0, -1.0, 4096, 759.0, 1142.0, 12288,
1054, 33.0, 1489.0, 24576, 1.0, 1362.0, 8192, 63.0, 1519.0, 24576, -787.0, -1.0, 6144, -1049.0, -1.0, 8192, 1519.0, 2286.0, 24576,
1055, 33.0, 3009.0, 49152, 1.0, 2882.0, 16384, 63.0, 3039.0, 49152, -1311.0, -1.0, 12288, -1835.0, -1.0, 16384, 3039.0, 4574.0, 49152,
1056, 33.0, 323.0, 776, 29.0, 223.0, 256, 63.0, 381.0, 6208, -263.0, -1.0, 388, -263.0, -1.0, 256, 381.0, 574.0, 6208,
1057, 33.0, 705.0, 1552, 29.0, 605.0, 512, 63.0, 763.0, 12416, -263.0, -1.0, 388, -263.0, -1.0, 512, 763.0, 1150.0, 12416,
1058, 33.0, 327.0, 1552, 25.0, 223.0, 512, 63.0, 381.0, 6208, -263.0, -1.0, 776, -263.0, -1.0, 512, 381.0, 574.0, 6208,
1059, 33.0, 709.0, 3104, 25.0, 605.0, 1024, 63.0, 763.0, 12416, -263.0, -1.0, 776, -263.0, -1.0, 1024, 763.0, 1150.0, 12416,
1060, 33.0, 335.0, 3104, 17.0, 223.0, 1024, 63.0, 381.0, 6208, -263.0, -1.0, 1552, -263.0, -1.0, 1024, 381.0, 574.0, 6208,
1061, 33.0, 717.0, 6208, 17.0, 605.0, 2048, 63.0, 763.0, 12416, -263.0, -1.0, 1552, -263.0, -1.0, 2048, 763.0, 1150.0, 12416,
1062, 33.0, 351.0, 6208, 1.0, 223.0, 2048, 63.0, 381.0, 6208, -525.0, -1.0, 3104, -263.0, -1.0, 2048, 381.0, 574.0, 6208,
1063, 33.0, 733.0, 12416, 1.0, 605.0, 4096, 63.0, 763.0, 12416, -525.0, -1.0, 3104, -525.0, -1.0, 4096, 763.0, 1150.0, 12416,
1064, 33.0, 733.0, 12416, 1.0, 605.0, 4096, 63.0, 763.0, 12416, -787.0, -1.0, 6208, -525.0, -1.0, 4096, 763.0, 1150.0, 12416,
1065, 33.0, 1497.0, 24832, 1.0, 1369.0, 8192, 63.0, 1527.0, 24832, -787.0, -1.0, 6208, -1049.0, -1.0, 8192, 1527.0, 2302.0, 24832,
1066, 33.0, 3025.0, 49664, 1.0, 2897.0, 16384, 63.0, 3055.0, 49664, -1311.0, -1.0, 12416, -1835.0, -1.0, 16384, 3055.0, 4606.0, 49664,
1067, 33.0, 325.0, 784, 29.0, 224.0, 256, 63.0, 383.0, 6272, -263.0, -1.0, 392, -263.0, -1.0, 256, 383.0, 578.0, 6272,
1068, 33.0, 709.0, 1568, 29.0, 608.0, 512, 63.0, 767.0, 12544, -263.0, -1.0, 392, -263.0, -1.0, 512, 767.0, 1158.0, 12544,
1069, 33.0, 329.0, 1568, 25.0, 224.0, 512, 63.0, 383.0, 6272, -263.0, -1.0, 784, -263.0, -1.0, 512, 383.0, 578.0, 6272,
1070, 33.0, 713.0, 3136, 25.0, 608.0, 1024, 63.0, 767.0, 12544, -263.0, -1.0, 784, -263.0, -1.0, 1024, 767.0, 1158.0, 12544,
1071, 33.0, 337.0, 3136, 17.0, 224.0, 1024, 63.0, 383.0, 6272, -263.0, -1.0, 1568, -263.0, -1.0, 1024, 383.0, 578.0, 6272,
1072, 33.0, 721.0, 6272, 17.0, 608.0, 2048, 63.0, 767.0, 12544, -263.0, -1.0, 1568, -263.0, -1.0, 2048, 767.0, 1158.0, 12544,
1073, 33.0, 353.0, 6272, 1.0, 224.0, 2048, 63.0, 383.0, 6272, -525.0, -1.0, 3136, -263.0, -1.0, 2048, 383.0, 578.0, 6272,
1074, 33.0, 737.0, 12544, 1.0, 608.0, 4096, 63.0, 767.0, 12544, -525.0, -1.0, 3136, -525.0, -1.0, 4096, 767.0, 1158.0, 12544,
1075, 33.0, 737.0, 12544, 1.0, 608.0, 4096, 63.0, 767.0, 12544, -787.0, -1.0, 6272, -525.0, -1.0, 4096, 767.0, 1158.0, 12544,
1076, 33.0, 1505.0, 25088, 1.0, 1376.0, 8192, 63.0, 1535.0, 25088, -787.0, -1.0, 6272, -1049.0, -1.0, 8192, 1535.0, 2318.0, 25088,
1077, 33.0, 3041.0, 50176, 1.0, 2912.0, 16384, 63.0, 3071.0, 50176, -1311.0, -1.0, 12544, -1835.0, -1.0, 16384, 3071.0, 4638.0, 50176,
1078, 33.0, 327.0, 792, 29.0, 225.0, 256, 63.0, 385.0, 6336, -263.0, -1.0, 396, -263.0, -1.0, 256, 385.0, 582.0, 6336,
1079, 33.0, 713.0, 1584, 29.0, 611.0, 512, 63.0, 771.0, 12672, -263.0, -1.0, 396, -263.0, -1.0, 512, 771.0, 1166.0, 12672,
1080, 33.0, 331.0, 1584, 25.0, 225.0, 512, 63.0, 385.0, 6336, -263.0, -1.0, 792, -263.0, -1.0, 512, 385.0, 582.0, 6336,
1081, 33.0, 717.0, 3168, 25.0, 611.0, 1024, 63.0, 771.0, 12672, -263.0, -1.0, 792, -263.0, -1.0, 1024, 771.0, 1166.0, 12672,
1082, 33.0, 339.0, 3168, 17.0, 225.0, 1024, 63.0, 385.0, 6336, -263.0, -1.0, 1584, -263.0, -1.0, 1024, 385.0, 582.0, 6336,
1083, 33.0, 725.0, 6336, 17.0, 611.0, 2048, 63.0, 771.0, 12672, -263.0, -1.0, 1584, -263.0, -1.0, 2048, 771.0, 1166.0, 12672,
1084, 33.0, 355.0, 6336, 1.0, 225.0, 2048, 63.0, 385.0, 6336, -525.0, -1.0, 3168, -263.0, -1.0, 2048, 385.0, 582.0, 6336,
1085, 33.0, 741.0, 12672, 1.0, 611.0, 4096, 63.0, 771.0, 12672, -525.0, -1.0, 3168, -525.0, -1.0, 4096, 771.0, 1166.0, 12672,
1086, 33.0, 741.0, 12672, 1.0, 611.0, 4096, 63.0, 771.0, 12672, -787.0, -1.0, 6336, -525.0, -1.0, 4096, 771.0, 1166.0, 12672,
1087, 33.0, 1513.0, 25344, 1.0, 1383.0, 8192, 63.0, 1543.0, 25344, -787.0, -1.0, 6336, -1049.0, -1.0, 8192, 1543.0, 2334.0, 25344,
1088, 33.0, 3057.0, 50688, 1.0, 2927.0, 16384, 63.0, 3087.0, 50688, -1311.0, -1.0, 12672, -1835.0, -1.0, 16384, 3087.0, 4670.0, 50688,
1089, 33.0, 329.0, 800, 29.0, 226.0, 256, 63.0, 387.0, 6400, -263.0, -1.0, 400, -263.0, -1.0, 256, 387.0, 586.0, 6400,
1090, 33.0, 717.0, 1600, 29.0, 614.0, 512, 63.0, 775.0, 12800, -263.0, -1.0, 400, -263.0, -1.0, 512, 775.0, 1174.0, 12800,
1091, 33.0, 333.0, 1600, 25.0, 226.0, 512, 63.0, 387.0, 6400, -263.0, -1.0, 800, -263.0, -1.0, 512, 387.0, 586.0, 6400,
1092, 33.0, 721.0, 3200, 25.0, 614.0, 1024, 63.0, 775.0, 12800, -263.0, -1.0, 800, -263.0, -1.0, 1024, 775.0, 1174.0, 12800,
1093, 33.0, 341.0, 3200, 17.0, 226.0, 1024, 63.0, 387.0, 6400, -263.0, -1.0, 1600, -263.0, -1.0, 1024, 387.0, 586.0, 6400,
1094, 33.0, 729.0, 6400, 17.0, 614.0, 2048, 63.0, 775.0, 12800, -263.0, -1.0, 1600, -263.0, -1.0, 2048, 775.0, 1174.0, 12800,
1095, 33.0, 357.0, 6400, 1.0, 226.0, 2048, 63.0, 387.0, 6400, -525.0, -1.0, 3200, -263.0, -1.0, 2048, 387.0, 586.0, 6400,
1096, 33.0, 745.0, 12800, 1.0, 614.0, 4096, 63.0, 775.0, 12800, -525.0, -1.0, 3200, -525.0, -1.0, 4096, 775.0, 1174.0, 12800,
1097, 33.0, 745.0, 12800, 1.0, 614.0, 4096, 63.0, 775.0, 12800, -787.0, -1.0, 6400, -525.0, -1.0, 4096, 775.0, 1174.0, 12800,
1098, 33.0, 1521.0, 25600, 1.0, 1390.0, 8192, 63.0, 1551.0, 25600, -787.0, -1.0, 6400, -1049.0, -1.0, 8192, 1551.0, 2350.0, 25600,
1099, 33.0, 3073.0, 51200, 1.0, 2942.0, 16384, 63.0, 3103.0, 51200, -1311.0, -1.0, 12800, -1835.0, -1.0, 16384, 3103.0, 4702.0, 51200,
1100, 33.0, 331.0, 808, 29.0, 227.0, 256, 63.0, 389.0, 6464, -263.0, -1.0, 404, -263.0, -1.0, 256, 389.0, 590.0, 6464,
1101, 33.0, 721.0, 1616, 29.0, 617.0, 512, 63.0, 779.0, 12928, -263.0, -1.0, 404, -263.0, -1.0, 512, 779.0, 1182.0, 12928,
1102, 33.0, 335.0, 1616, 25.0, 227.0, 512, 63.0, 389.0, 6464, -263.0, -1.0, 808, -263.0, -1.0, 512, 389.0, 590.0, 6464,
1103, 33.0, 725.0, 3232, 25.0, 617.0, 1024, 63.0, 779.0, 12928, -263.0, -1.0, 808, -263.0, -1.0, 1024, 779.0, 1182.0, 12928,
1104, 33.0, 343.0, 3232, 17.0, 227.0, 1024, 63.0, 389.0, 6464, -263.0, -1.0, 1616, -263.0, -1.0, 1024, 389.0, 590.0, 6464,
1105, 33.0, 733.0, 6464, 17.0, 617.0, 2048, 63.0, 779.0, 12928, -263.0, -1.0, 1616, -263.0, -1.0, 2048, 779.0, 1182.0, 12928,
1106, 33.0, 359.0, 6464, 1.0, 227.0, 2048, 63.0, 389.0, 6464, -525.0, -1.0, 3232, -263.0, -1.0, 2048, 389.0, 590.0, 6464,
1107, 33.0, 749.0, 12928, 1.0, 617.0, 4096, 63.0, 779.0, 12928, -525.0, -1.0, 3232, -525.0, -1.0, 4096, 779.0, 1182.0, 12928,
1108, 33.0, 749.0, 12928, 1.0, 617.0, 4096, 63.0, 779.0, 12928, -787.0, -1.0, 6464, -525.0, -1.0, 4096, 779.0, 1182.0, 12928,
1109, 33.0, 1529.0, 25856, 1.0, 1397.0, 8192, 63.0, 1559.0, 25856, -787.0, -1.0, 6464, -1049.0, -1.0, 8192, 1559.0, 2366.0, 25856,
1110, 33.0, 3089.0, 51712, 1.0, 2957.0, 16384, 63.0, 3119.0, 51712, -1311.0, -1.0, 12928, -1835.0, -1.0, 16384, 3119.0, 4734.0, 51712,
1111, 33.0, 333.0, 816, 29.0, 228.0, 256, 63.0, 391.0, 6528, -263.0, -1.0, 408, -263.0, -1.0, 256, 391.0, 594.0, 6528,
1112, 33.0, 725.0, 1632, 29.0, 620.0, 512, 63.0, 783.0, 13056, -263.0, -1.0, 408, -263.0, -1.0, 512, 783.0, 1190.0, 13056,
1113, 33.0, 337.0, 1632, 25.0, 228.0, 512, 63.0, 391.0, 6528, -263.0, -1.0, 816, -263.0, -1.0, 512, 391.0, 594.0, 6528,
1114, 33.0, 729.0, 3264, 25.0, 620.0, 1024, 63.0, 783.0, 13056, -263.0, -1.0, 816, -263.0, -1.0, 1024, 783.0, 1190.0, 13056,
1115, 33.0, 345.0, 3264, 17.0, 228.0, 1024, 63.0, 391.0, 6528, -263.0, -1.0, 1632, -263.0, -1.0, 1024, 391.0, 594.0, 6528,
1116, 33.0, 737.0, 6528, 17.0, 620.0, 2048, 63.0, 783.0, 13056, -263.0, -1.0, 1632, -263.0, -1.0, 2048, 783.0, 1190.0, 13056,
1117, 33.0, 361.0, 6528, 1.0, 228.0, 2048, 63.0, 391.0, 6528, -525.0, -1.0, 3264, -263.0, -1.0, 2048, 391.0, 594.0, 6528,
1118, 33.0, 753.0, 13056, 1.0, 620.0, 4096, 63.0, 783.0, 13056, -525.0, -1.0, 3264, -525.0, -1.0, 4096, 783.0, 1190.0, 13056,
1119, 33.0, 753.0, 13056, 1.0, 620.0, 4096, 63.0, 783.0, 13056, -787.0, -1.0, 6528, -525.0, -1.0, 4096, 783.0, 1190.0, 13056,
1120, 33.0, 1537.0, 26112, 1.0, 1404.0, 8192, 63.0, 1567.0, 26112, -787.0, -1.0, 6528, -1049.0, -1.0, 8192, 1567.0, 2382.0, 26112,
1121, 33.0, 3105.0, 52224, 1.0, 2972.0, 16384, 63.0, 3135.0, 52224, -1311.0, -1.0, 13056, -1835.0, -1.0, 16384, 3135.0, 4766.0, 52224,
1122, 33.0, 335.0, 824, 29.0, 229.0, 256, 63.0, 393.0, 6592, -263.0, -1.0, 412, -263.0, -1.0, 256, 393.0, 598.0, 6592,
1123, 33.0, 729.0, 1648, 29.0, 623.0, 512, 63.0, 787.0, 13184, -263.0, -1.0, 412, -263.0, -1.0, 512, 787.0, 1198.0, 13184,
1124, 33.0, 339.0, 1648, 25.0, 229.0, 512, 63.0, 393.0, 6592, -263.0, -1.0, 824, -263.0, -1.0, 512, 393.0, 598.0, 6592,
1125, 33.0, 733.0, 3296, 25.0, 623.0, 1024, 63.0, 787.0, 13184, -263.0, -1.0, 824, -263.0, -1.0, 1024, 787.0, 1198.0, 13184,
1126, 33.0, 347.0, 3296, 17.0, 229.0, 1024, 63.0, 393.0, 6592, -263.0, -1.0, 1648, -263.0, -1.0, 1024, 393.0, 598.0, 6592,
1127, 33.0, 741.0, 6592, 17.0, 623.0, 2048, 63.0, 787.0, 13184, -263.0, -1.0, 1648, -263.0, -1.0, 2048, 787.0, 1198.0, 13184,
1128, 33.0, 363.0, 6592, 1.0, 229.0, 2048, 63.0, 393.0, 6592, -525.0, -1.0, 3296, -263.0, -1.0, 2048, 393.0, 598.0, 6592,
1129, 33.0, 757.0, 13184, 1.0, 623.0, 4096, 63.0, 787.0, 13184, -525.0, -1.0, 3296, -525.0, -1.0, 4096, 787.0, 1198.0, 13184,
1130, 33.0, 757.0, 13184, 1.0, 623.0, 4096, 63.0, 787.0, 13184, -787.0, -1.0, 6592, -525.0, -1.0, 4096, 787.0, 1198.0, 13184,
1131, 33.0, 1545.0, 26368, 1.0, 1411.0, 8192, 63.0, 1575.0, 26368, -787.0, -1.0, 6592, -1049.0, -1.0, 8192, 1575.0, 2398.0, 26368,
1132, 33.0, 3121.0, 52736, 1.0, 2987.0, 16384, 63.0, 3151.0, 52736, -1573.0, -1.0, 13184, -1835.0, -1.0, 16384, 3151.0, 4798.0, 52736,
1133, 33.0, 337.0, 832, 29.0, 230.0, 256, 63.0, 395.0, 6656, -263.0, -1.0, 416, -263.0, -1.0, 256, 395.0, 602.0, 6656,
1134, 33.0, 733.0, 1664, 29.0, 626.0, 512, 63.0, 791.0, 13312, -263.0, -1.0, 416, -263.0, -1.0, 512, 791.0, 1206.0, 13312,
1135, 33.0, 341.0, 1664, 25.0, 230.0, 512, 63.0, 395.0, 6656, -263.0, -1.0, 832, -263.0, -1.0, 512, 395.0, 602.0, 6656,
1136, 33.0, 737.0, 3328, 25.0, 626.0, 1024, 63.0, 791.0, 13312, -263.0, -1.0, 832, -263.0, -1.0, 1024, 791.0, 1206.0, 13312,
1137, 33.0, 349.0, 3328, 17.0, 230.0, 1024, 63.0, 395.0, 6656, -263.0, -1.0, 1664, -263.0, -1.0, 1024, 395.0, 602.0, 6656,
1138, 33.0, 745.0, 6656, 17.0, 626.0, 2048, 63.0, 791.0, 13312, -263.0, -1.0, 1664, -263.0, -1.0, 2048, 791.0, 1206.0, 13312,
1139, 33.0, 365.0, 6656, 1.0, 230.0, 2048, 63.0, 395.0, 6656, -525.0, -1.0, 3328, -263.0, -1.0, 2048, 395.0, 602.0, 6656,
1140, 33.0, 761.0, 13312, 1.0, 626.0, 4096, 63.0, 791.0, 13312, -525.0, -1.0, 3328, -525.0, -1.0, 4096, 791.0, 1206.0, 13312,
1141, 33.0, 761.0, 13312, 1.0, 626.0, 4096, 63.0, 791.0, 13312, -787.0, -1.0, 6656, -525.0, -1.0, 4096, 791.0, 1206.0, 13312,
1142, 33.0, 1553.0, 26624, 1.0, 1418.0, 8192, 63.0, 1583.0, 26624, -787.0, -1.0, 6656, -1049.0, -1.0, 8192, 1583.0, 2414.0, 26624,
1143, 33.0, 3137.0, 53248, 1.0, 3002.0, 16384, 63.0, 3167.0, 53248, -1573.0, -1.0, 13312, -1835.0, -1.0, 16384, 3167.0, 4830.0, 53248,
1144, 33.0, 339.0, 840, 29.0, 231.0, 256, 63.0, 397.0, 6720, -263.0, -1.0, 420, -263.0, -1.0, 256, 397.0, 606.0, 6720,
1145, 33.0, 737.0, 1680, 29.0, 629.0, 512, 63.0, 795.0, 13440, -263.0, -1.0, 420, -263.0, -1.0, 512, 795.0, 1214.0, 13440,
1146, 33.0, 343.0, 1680, 25.0, 231.0, 512, 63.0, 397.0, 6720, -263.0, -1.0, 840, -263.0, -1.0, 512, 397.0, 606.0, 6720,
1147, 33.0, 741.0, 3360, 25.0, 629.0, 1024, 63.0, 795.0, 13440, -263.0, -1.0, 840, -263.0, -1.0, 1024, 795.0, 1214.0, 13440,
1148, 33.0, 351.0, 3360, 17.0, 231.0, 1024, 63.0, 397.0, 6720, -263.0, -1.0, 1680, -263.0, -1.0, 1024, 397.0, 606.0, 6720,
1149, 33.0, 749.0, 6720, 17.0, 629.0, 2048, 63.0, 795.0, 13440, -263.0, -1.0, 1680, -263.0, -1.0, 2048, 795.0, 1214.0, 13440,
1150, 33.0, 367.0, 6720, 1.0, 231.0, 2048, 63.0, 397.0, 6720, -525.0, -1.0, 3360, -263.0, -1.0, 2048, 397.0, 606.0, 6720,
1151, 33.0, 765.0, 13440, 1.0, 629.0, 4096, 63.0, 795.0, 13440, -525.0, -1.0, 3360, -525.0, -1.0, 4096, 795.0, 1214.0, 13440,
1152, 33.0, 765.0, 13440, 1.0, 629.0, 4096, 63.0, 795.0, 13440, -787.0, -1.0, 6720, -525.0, -1.0, 4096, 795.0, 1214.0, 13440,
1153, 33.0, 1561.0, 26880, 1.0, 1425.0, 8192, 63.0, 1591.0, 26880, -787.0, -1.0, 6720, -1049.0, -1.0, 8192, 1591.0, 2430.0, 26880,
1154, 33.0, 3153.0, 53760, 1.0, 3017.0, 16384, 63.0, 3183.0, 53760, -1573.0, -1.0, 13440, -1835.0, -1.0, 16384, 3183.0, 4862.0, 53760,
1155, 33.0, 341.0, 848, 29.0, 232.0, 256, 63.0, 399.0, 6784, -263.0, -1.0, 424, -263.0, -1.0, 256, 399.0, 610.0, 6784,
1156, 33.0, 741.0, 1696, 29.0, 632.0, 512, 63.0, 799.0, 13568, -263.0, -1.0, 424, -263.0, -1.0, 512, 799.0, 1222.0, 13568,
1157, 33.0, 345.0, 1696, 25.0, 232.0, 512, 63.0, 399.0, 6784, -263.0, -1.0, 848, -263.0, -1.0, 512, 399.0, 610.0, 6784,
1158, 33.0, 745.0, 3392, 25.0, 632.0, 1024, 63.0, 799.0, 13568, -263.0, -1.0, 848, -263.0, -1.0, 1024, 799.0, 1222.0, 13568,
1159, 33.0, 353.0, 3392, 17.0, 232.0, 1024, 63.0, 399.0, 6784, -263.0, -1.0, 1696, -263.0, -1.0, 1024, 399.0, 610.0, 6784,
1160, 33.0, 753.0, 6784, 17.0, 632.0, 2048, 63.0, 799.0, 13568, -263.0, -1.0, 1696, -263.0, -1.0, 2048, 799.0, 1222.0, 13568,
1161, 33.0, 369.0, 6784, 1.0, 232.0, 2048, 63.0, 399.0, 6784, -525.0, -1.0, 3392, -263.0, -1.0, 2048, 399.0, 610.0, 6784,
1162, 33.0, 769.0, 13568, 1.0, 632.0, 4096, 63.0, 799.0, 13568, -525.0, -1.0, 3392, -525.0, -1.0, 4096, 799.0, 1222.0, 13568,
1163, 33.0, 769.0, 13568, 1.0, 632.0, 4096, 63.0, 799.0, 13568, -787.0, -1.0, 6784, -525.0, -1.0, 4096, 799.0, 1222.0, 13568,
1164, 33.0, 1569.0, 27136, 1.0, 1432.0, 8192, 63.0, 1599.0, 27136, -787.0, -1.0, 6784, -1049.0, -1.0, 8192, 1599.0, 2446.0, 27136,
1165, 33.0, 3169.0, 54272, 1.0, 3032.0, 16384, 63.0, 3199.0, 54272, -1573.0, -1.0, 13568, -1835.0, -1.0, 16384, 3199.0, 4894.0, 54272,
1166, 33.0, 343.0, 856, 29.0, 233.0, 256, 63.0, 401.0, 6848, -263.0, -1.0, 428, -263.0, -1.0, 256, 401.0, 614.0, 6848,
1167, 33.0, 745.0, 1712, 29.0, 635.0, 512, 63.0, 803.0, 13696, -263.0, -1.0, 428, -263.0, -1.0, 512, 803.0, 1230.0, 13696,
1168, 33.0, 347.0, 1712, 25.0, 233.0, 512, 63.0, 401.0, 6848, -263.0, -1.0, 856, -263.0, -1.0, 512, 401.0, 614.0, 6848,
1169, 33.0, 749.0, 3424, 25.0, 635.0, 1024, 63.0, 803.0, 13696, -263.0, -1.0, 856, -263.0, -1.0, 1024, 803.0, 1230.0, 13696,
1170, 33.0, 355.0, 3424, 17.0, 233.0, 1024, 63.0, 401.0, 6848, -263.0, -1.0, 1712, -263.0, -1.0, 1024, 401.0, 614.0, 6848,
1171, 33.0, 757.0, 6848, 17.0, 635.0, 2048, 63.0, 803.0, 13696, -263.0, -1.0, 1712, -263.0, -1.0, 2048, 803.0, 1230.0, 13696,
1172, 33.0, 371.0, 6848, 1.0, 233.0, 2048, 63.0, 401.0, 6848, -525.0, -1.0, 3424, -263.0, -1.0, 2048, 401.0, 614.0, 6848,
1173, 33.0, 773.0, 13696, 1.0, 635.0, 4096, 63.0, 803.0, 13696, -525.0, -1.0, 3424, -525.0, -1.0, 4096, 803.0, 1230.0, 13696,
1174, 33.0, 773.0, 13696, 1.0, 635.0, 4096, 63.0, 803.0, 13696, -787.0, -1.0, 6848, -525.0, -1.0, 4096, 803.0, 1230.0, 13696,
1175, 33.0, 1577.0, 27392, 1.0, 1439.0, 8192, 63.0, 1607.0, 27392, -787.0, -1.0, 6848, -1049.0, -1.0, 8192, 1607.0, 2462.0, 27392,
1176, 33.0, 3185.0, 54784, 1.0, 3047.0, 16384, 63.0, 3215.0, 54784, -1573.0, -1.0, 13696, -1835.0, -1.0, 16384, 3215.0, 4926.0, 54784,
1177, 33.0, 345.0, 864, 29.0, 234.0, 256, 63.0, 403.0, 6912, -263.0, -1.0, 432, -263.0, -1.0, 256, 403.0, 618.0, 6912,
1178, 33.0, 749.0, 1728, 29.0, 638.0, 512, 63.0, 807.0, 13824, -263.0, -1.0, 432, -263.0, -1.0, 512, 807.0, 1238.0, 13824,
1179, 33.0, 349.0, 1728, 25.0, 234.0, 512, 63.0, 403.0, 6912, -263.0, -1.0, 864, -263.0, -1.0, 512, 403.0, 618.0, 6912,
1180, 33.0, 753.0, 3456, 25.0, 638.0, 1024, 63.0, 807.0, 13824, -263.0, -1.0, 864, -263.0, -1.0, 1024, 807.0, 1238.0, 13824,
1181, 33.0, 357.0, 3456, 17.0, 234.0, 1024, 63.0, 403.0, 6912, -263.0, -1.0, 1728, -263.0, -1.0, 1024, 403.0, 618.0, 6912,
1182, 33.0, 761.0, 6912, 17.0, 638.0, 2048, 63.0, 807.0, 13824, -263.0, -1.0, 1728, -263.0, -1.0, 2048, 807.0, 1238.0, 13824,
1183, 33.0, 373.0, 6912, 1.0, 234.0, 2048, 63.0, 403.0, 6912, -525.0, -1.0, 3456, -263.0, -1.0, 2048, 403.0, 618.0, 6912,
1184, 33.0, 777.0, 13824, 1.0, 638.0, 4096, 63.0, 807.0, 13824, -525.0, -1.0, 3456, -525.0, -1.0, 4096, 807.0, 1238.0, 13824,
1185, 33.0, 777.0, 13824, 1.0, 638.0, 4096, 63.0, 807.0, 13824, -787.0, -1.0, 6912, -525.0, -1.0, 4096, 807.0, 1238.0, 13824,
1186, 33.0, 1585.0, 27648, 1.0, 1446.0, 8192, 63.0, 1615.0, 27648, -787.0, -1.0, 6912, -1049.0, -1.0, 8192, 1615.0, 2478.0, 27648,
1187, 33.0, 3201.0, 55296, 1.0, 3062.0, 16384, 63.0, 3231.0, 55296, -1573.0, -1.0, 13824, -1835.0, -1.0, 16384, 3231.0, 4958.0, 55296,
1188, 33.0, 347.0, 872, 29.0, 235.0, 256, 63.0, 405.0, 6976, -263.0, -1.0, 436, -263.0, -1.0, 256, 405.0, 622.0, 6976,
1189, 33.0, 753.0, 1744, 29.0, 641.0, 512, 63.0, 811.0, 13952, -263.0, -1.0, 436, -263.0, -1.0, 512, 811.0, 1246.0, 13952,
1190, 33.0, 351.0, 1744, 25.0, 235.0, 512, 63.0, 405.0, 6976, -263.0, -1.0, 872, -263.0, -1.0, 512, 405.0, 622.0, 6976,
1191, 33.0, 757.0, 3488, 25.0, 641.0, 1024, 63.0, 811.0, 13952, -263.0, -1.0, 872, -263.0, -1.0, 1024, 811.0, 1246.0, 13952,
1192, 33.0, 359.0, 3488, 17.0, 235.0, 1024, 63.0, 405.0, 6976, -263.0, -1.0, 1744, -263.0, -1.0, 1024, 405.0, 622.0, 6976,
1193, 33.0, 765.0, 6976, 17.0, 641.0, 2048, 63.0, 811.0, 13952, -263.0, -1.0, 1744, -263.0, -1.0, 2048, 811.0, 1246.0, 13952,
1194, 33.0, 375.0, 6976, 1.0, 235.0, 2048, 63.0, 405.0, 6976, -525.0, -1.0, 3488, -263.0, -1.0, 2048, 405.0, 622.0, 6976,
1195, 33.0, 781.0, 13952, 1.0, 641.0, 4096, 63.0, 811.0, 13952, -525.0, -1.0, 3488, -525.0, -1.0, 4096, 811.0, 1246.0, 13952,
1196, 33.0, 781.0, 13952, 1.0, 641.0, 4096, 63.0, 811.0, 13952, -787.0, -1.0, 6976, -525.0, -1.0, 4096, 811.0, 1246.0, 13952,
1197, 33.0, 1593.0, 27904, 1.0, 1453.0, 8192, 63.0, 1623.0, 27904, -787.0, -1.0, 6976, -1049.0, -1.0, 8192, 1623.0, 2494.0, 27904,
1198, 33.0, 3217.0, 55808, 1.0, 3077.0, 16384, 63.0, 3247.0, 55808, -1573.0, -1.0, 13952, -1835.0, -1.0, 16384, 3247.0, 4990.0, 55808,
1199, 33.0, 349.0, 880, 29.0, 236.0, 256, 63.0, 407.0, 7040, -263.0, -1.0, 440, -263.0, -1.0, 256, 407.0, 626.0, 7040,
1200, 33.0, 757.0, 1760, 29.0, 644.0, 512, 63.0, 815.0, 14080, -263.0, -1.0, 440, -263.0, -1.0, 512, 815.0, 1254.0, 14080,
1201, 33.0, 353.0, 1760, 25.0, 236.0, 512, 63.0, 407.0, 7040, -263.0, -1.0, 880, -263.0, -1.0, 512, 407.0, 626.0, 7040,
1202, 33.0, 761.0, 3520, 25.0, 644.0, 1024, 63.0, 815.0, 14080, -263.0, -1.0, 880, -263.0, -1.0, 1024, 815.0, 1254.0, 14080,
1203, 33.0, 361.0, 3520, 17.0, 236.0, 1024, 63.0, 407.0, 7040, -263.0, -1.0, 1760, -263.0, -1.0, 1024, 407.0, 626.0, 7040,
1204, 33.0, 769.0, 7040, 17.0, 644.0, 2048, 63.0, 815.0, 14080, -263.0, -1.0, 1760, -263.0, -1.0, 2048, 815.0, 1254.0, 14080,
1205, 33.0, 377.0, 7040, 1.0, 236.0, 2048, 63.0, 407.0, 7040, -525.0, -1.0, 3520, -263.0, -1.0, 2048, 407.0, 626.0, 7040,
1206, 33.0, 785.0, 14080, 1.0, 644.0, 4096, 63.0, 815.0, 14080, -525.0, -1.0, 3520, -525.0, -1.0, 4096, 815.0, 1254.0, 14080,
1207, 33.0, 785.0, 14080, 1.0, 644.0, 4096, 63.0, 815.0, 14080, -787.0, -1.0, 7040, -525.0, -1.0, 4096, 815.0, 1254.0, 14080,
1208, 33.0, 1601.0, 28160, 1.0, 1460.0, 8192, 63.0, 1631.0, 28160, -787.0, -1.0, 7040, -1049.0, -1.0, 8192, 1631.0, 2510.0, 28160,
1209, 33.0, 3233.0, 56320, 1.0, 3092.0, 16384, 63.0, 3263.0, 56320, -1573.0, -1.0, 14080, -1835.0, -1.0, 16384, 3263.0, 5022.0, 56320,
1210, 33.0, 351.0, 888, 29.0, 237.0, 256, 63.0, 409.0, 7104, -263.0, -1.0, 444, -263.0, -1.0, 256, 409.0, 630.0, 7104,
1211, 33.0, 761.0, 1776, 29.0, 647.0, 512, 63.0, 819.0, 14208, -263.0, -1.0, 444, -263.0, -1.0, 512, 819.0, 1262.0, 14208,
1212, 33.0, 355.0, 1776, 25.0, 237.0, 512, 63.0, 409.0, 7104, -263.0, -1.0, 888, -263.0, -1.0, 512, 409.0, 630.0, 7104,
1213, 33.0, 765.0, 3552, 25.0, 647.0, 1024, 63.0, 819.0, 14208, -263.0, -1.0, 888, -263.0, -1.0, 1024, 819.0, 1262.0, 14208,
1214, 33.0, 363.0, 3552, 17.0, 237.0, 1024, 63.0, 409.0, 7104, -263.0, -1.0, 1776, -263.0, -1.0, 1024, 409.0, 630.0, 7104,
1215, 33.0, 773.0, 7104, 17.0, 647.0, 2048, 63.0, 819.0, 14208, -263.0, -1.0, 1776, -263.0, -1.0, 2048, 819.0, 1262.0, 14208,
1216, 33.0, 379.0, 7104, 1.0, 237.0, 2048, 63.0, 409.0, 7104, -525.0, -1.0, 3552, -263.0, -1.0, 2048, 409.0, 630.0, 7104,
1217, 33.0, 789.0, 14208, 1.0, 647.0, 4096, 63.0, 819.0, 14208, -525.0, -1.0, 3552, -525.0, -1.0, 4096, 819.0, 1262.0, 14208,
1218, 33.0, 789.0, 14208, 1.0, 647.0, 4096, 63.0, 819.0, 14208, -787.0, -1.0, 7104, -525.0, -1.0, 4096, 819.0, 1262.0, 14208,
1219, 33.0, 1609.0, 28416, 1.0, 1467.0, 8192, 63.0, 1639.0, 28416, -787.0, -1.0, 7104, -1049.0, -1.0, 8192, 1639.0, 2526.0, 28416,
1220, 33.0, 3249.0, 56832, 1.0, 3107.0, 16384, 63.0, 3279.0, 56832, -1573.0, -1.0, 14208, -1835.0, -1.0, 16384, 3279.0, 5054.0, 56832,
1221, 33.0, 353.0, 896, 29.0, 238.0, 256, 63.0, 411.0, 7168, -263.0, -1.0, 448, -263.0, -1.0, 256, 411.0, 634.0, 7168,
1222, 33.0, 765.0, 1792, 29.0, 650.0, 512, 63.0, 823.0, 14336, -263.0, -1.0, 448, -263.0, -1.0, 512, 823.0, 1270.0, 14336,
1223, 33.0, 357.0, 1792, 25.0, 238.0, 512, 63.0, 411.0, 7168, -263.0, -1.0, 896, -263.0, -1.0, 512, 411.0, 634.0, 7168,
1224, 33.0, 769.0, 3584, 25.0, 650.0, 1024, 63.0, 823.0, 14336, -263.0, -1.0, 896, -263.0, -1.0, 1024, 823.0, 1270.0, 14336,
1225, 33.0, 365.0, 3584, 17.0, 238.0, 1024, 63.0, 411.0, 7168, -263.0, -1.0, 1792, -263.0, -1.0, 1024, 411.0, 634.0, 7168,
1226, 33.0, 777.0, 7168, 17.0, 650.0, 2048, 63.0, 823.0, 14336, -263.0, -1.0, 1792, -263.0, -1.0, 2048, 823.0, 1270.0, 14336,
1227, 33.0, 381.0, 7168, 1.0, 238.0, 2048, 63.0, 411.0, 7168, -525.0, -1.0, 3584, -263.0, -1.0, 2048, 411.0, 634.0, 7168,
1228, 33.0, 793.0, 14336, 1.0, 650.0, 4096, 63.0, 823.0, 14336, -525.0, -1.0, 3584, -525.0, -1.0, 4096, 823.0, 1270.0, 14336,
1229, 33.0, 793.0, 14336, 1.0, 650.0, 4096, 63.0, 823.0, 14336, -787.0, -1.0, 7168, -525.0, -1.0, 4096, 823.0, 1270.0, 14336,
1230, 33.0, 1617.0, 28672, 1.0, 1474.0, 8192, 63.0, 1647.0, 28672, -787.0, -1.0, 7168, -1049.0, -1.0, 8192, 1647.0, 2542.0, 28672,
1231, 33.0, 3265.0, 57344, 1.0, 3122.0, 16384, 63.0, 3295.0, 57344, -1573.0, -1.0, 14336, -1835.0, -1.0, 16384, 3295.0, 5086.0, 57344,
1232, 33.0, 355.0, 904, 29.0, 239.0, 256, 63.0, 413.0, 7232, -263.0, -1.0, 452, -263.0, -1.0, 256, 413.0, 638.0, 7232,
1233, 33.0, 769.0, 1808, 29.0, 653.0, 512, 63.0, 827.0, 14464, -263.0, -1.0, 452, -263.0, -1.0, 512, 827.0, 1278.0, 14464,
1234, 33.0, 359.0, 1808, 25.0, 239.0, 512, 63.0, 413.0, 7232, -263.0, -1.0, 904, -263.0, -1.0, 512, 413.0, 638.0, 7232,
1235, 33.0, 773.0, 3616, 25.0, 653.0, 1024, 63.0, 827.0, 14464, -263.0, -1.0, 904, -263.0, -1.0, 1024, 827.0, 1278.0, 14464,
1236, 33.0, 367.0, 3616, 17.0, 239.0, 1024, 63.0, 413.0, 7232, -263.0, -1.0, 1808, -263.0, -1.0, 1024, 413.0, 638.0, 7232,
1237, 33.0, 781.0, 7232, 17.0, 653.0, 2048, 63.0, 827.0, 14464, -263.0, -1.0, 1808, -263.0, -1.0, 2048, 827.0, 1278.0, 14464,
1238, 33.0, 383.0, 7232, 1.0, 239.0, 2048, 63.0, 413.0, 7232, -525.0, -1.0, 3616, -263.0, -1.0, 2048, 413.0, 638.0, 7232,
1239, 33.0, 797.0, 14464, 1.0, 653.0, 4096, 63.0, 827.0, 14464, -525.0, -1.0, 3616, -525.0, -1.0, 4096, 827.0, 1278.0, 14464,
1240, 33.0, 797.0, 14464, 1.0, 653.0, 4096, 63.0, 827.0, 14464, -787.0, -1.0, 7232, -525.0, -1.0, 4096, 827.0, 1278.0, 14464,
1241, 33.0, 1625.0, 28928, 1.0, 1481.0, 8192, 63.0, 1655.0, 28928, -787.0, -1.0, 7232, -1049.0, -1.0, 8192, 1655.0, 2558.0, 28928,
1242, 33.0, 3281.0, 57856, 1.0, 3137.0, 16384, 63.0, 3311.0, 57856, -1573.0, -1.0, 14464, -1835.0, -1.0, 16384, 3311.0, 5118.0, 57856,
1243, 33.0, 357.0, 912, 29.0, 240.0, 256, 63.0, 415.0, 7296, -263.0, -1.0, 456, -263.0, -1.0, 256, 415.0, 642.0, 7296,
1244, 33.0, 773.0, 1824, 29.0, 656.0, 512, 63.0, 831.0, 14592, -263.0, -1.0, 456, -263.0, -1.0, 512, 831.0, 1286.0, 14592,
1245, 33.0, 361.0, 1824, 25.0, 240.0, 512, 63.0, 415.0, 7296, -263.0, -1.0, 912, -263.0, -1.0, 512, 415.0, 642.0, 7296,
1246, 33.0, 777.0, 3648, 25.0, 656.0, 1024, 63.0, 831.0, 14592, -263.0, -1.0, 912, -263.0, -1.0, 1024, 831.0, 1286.0, 14592,
1247, 33.0, 369.0, 3648, 17.0, 240.0, 1024, 63.0, 415.0, 7296, -263.0, -1.0, 1824, -263.0, -1.0, 1024, 415.0, 642.0, 7296,
1248, 33.0, 785.0, 7296, 17.0, 656.0, 2048, 63.0, 831.0, 14592, -263.0, -1.0, 1824, -263.0, -1.0, 2048, 831.0, 1286.0, 14592,
1249, 33.0, 385.0, 7296, 1.0, 240.0, 2048, 63.0, 415.0, 7296, -525.0, -1.0, 3648, -263.0, -1.0, 2048, 415.0, 642.0, 7296,
1250, 33.0, 801.0, 14592, 1.0, 656.0, 4096, 63.0, 831.0, 14592, -525.0, -1.0, 3648, -525.0, -1.0, 4096, 831.0, 1286.0, 14592,
1251, 33.0, 801.0, 14592, 1.0, 656.0, 4096, 63.0, 831.0, 14592, -787.0, -1.0, 7296, -525.0, -1.0, 4096, 831.0, 1286.0, 14592,
1252, 33.0, 1633.0, 29184, 1.0, 1488.0, 8192, 63.0, 1663.0, 29184, -787.0, -1.0, 7296, -1049.0, -1.0, 8192, 1663.0, 2574.0, 29184,
1253, 33.0, 3297.0, 58368, 1.0, 3152.0, 16384, 63.0, 3327.0, 58368, -1573.0, -1.0, 14592, -1835.0, -1.0, 16384, 3327.0, 5150.0, 58368,
1254, 33.0, 359.0, 920, 29.0, 241.0, 256, 63.0, 417.0, 7360, -263.0, -1.0, 460, -263.0, -1.0, 256, 417.0, 646.0, 7360,
1255, 33.0, 777.0, 1840, 29.0, 659.0, 512, 63.0, 835.0, 14720, -263.0, -1.0, 460, -263.0, -1.0, 512, 835.0, 1294.0, 14720,
1256, 33.0, 363.0, 1840, 25.0, 241.0, 512, 63.0, 417.0, 7360, -263.0, -1.0, 920, -263.0, -1.0, 512, 417.0, 646.0, 7360,
1257, 33.0, 781.0, 3680, 25.0, 659.0, 1024, 63.0, 835.0, 14720, -263.0, -1.0, 920, -263.0, -1.0, 1024, 835.0, 1294.0, 14720,
1258, 33.0, 371.0, 3680, 17.0, 241.0, 1024, 63.0, 417.0, 7360, -263.0, -1.0, 1840, -263.0, -1.0, 1024, 417.0, 646.0, 7360,
1259, 33.0, 789.0, 7360, 17.0, 659.0, 2048, 63.0, 835.0, 14720, -263.0, -1.0, 1840, -263.0, -1.0, 2048, 835.0, 1294.0, 14720,
1260, 33.0, 387.0, 7360, 1.0, 241.0, 2048, 63.0, 417.0, 7360, -525.0, -1.0, 3680, -263.0, -1.0, 2048, 417.0, 646.0, 7360,
1261, 33.0, 805.0, 14720, 1.0, 659.0, 4096, 63.0, 835.0, 14720, -525.0, -1.0, 3680, -525.0, -1.0, 4096, 835.0, 1294.0, 14720,
1262, 33.0, 805.0, 14720, 1.0, 659.0, 4096, 63.0, 835.0, 14720, -787.0, -1.0, 7360, -525.0, -1.0, 4096, 835.0, 1294.0, 14720,
1263, 33.0, 1641.0, 29440, 1.0, 1495.0, 8192, 63.0, 1671.0, 29440, -787.0, -1.0, 7360, -1049.0, -1.0, 8192, 1671.0, 2590.0, 29440,
1264, 33.0, 3313.0, 58880, 1.0, 3167.0, 16384, 63.0, 3343.0, 58880, -1573.0, -1.0, 14720, -1835.0, -1.0, 16384, 3343.0, 5182.0, 58880,
1265, 33.0, 361.0, 928, 29.0, 242.0, 256, 63.0, 419.0, 7424, -263.0, -1.0, 464, -263.0, -1.0, 256, 419.0, 650.0, 7424,
1266, 33.0, 781.0, 1856, 29.0, 662.0, 512, 63.0, 839.0, 14848, -263.0, -1.0, 464, -263.0, -1.0, 512, 839.0, 1302.0, 14848,
1267, 33.0, 365.0, 1856, 25.0, 242.0, 512, 63.0, 419.0, 7424, -263.0, -1.0, 928, -263.0, -1.0, 512, 419.0, 650.0, 7424,
1268, 33.0, 785.0, 3712, 25.0, 662.0, 1024, 63.0, 839.0, 14848, -263.0, -1.0, 928, -263.0, -1.0, 1024, 839.0, 1302.0, 14848,
1269, 33.0, 373.0, 3712, 17.0, 242.0, 1024, 63.0, 419.0, 7424, -263.0, -1.0, 1856, -263.0, -1.0, 1024, 419.0, 650.0, 7424,
1270, 33.0, 793.0, 7424, 17.0, 662.0, 2048, 63.0, 839.0, 14848, -263.0, -1.0, 1856, -263.0, -1.0, 2048, 839.0, 1302.0, 14848,
1271, 33.0, 389.0, 7424, 1.0, 242.0, 2048, 63.0, 419.0, 7424, -525.0, -1.0, 3712, -263.0, -1.0, 2048, 419.0, 650.0, 7424,
1272, 33.0, 809.0, 14848, 1.0, 662.0, 4096, 63.0, 839.0, 14848, -525.0, -1.0, 3712, -525.0, -1.0, 4096, 839.0, 1302.0, 14848,
1273, 33.0, 809.0, 14848, 1.0, 662.0, 4096, 63.0, 839.0, 14848, -787.0, -1.0, 7424, -525.0, -1.0, 4096, 839.0, 1302.0, 14848,
1274, 33.0, 1649.0, 29696, 1.0, 1502.0, 8192, 63.0, 1679.0, 29696, -787.0, -1.0, 7424, -1049.0, -1.0, 8192, 1679.0, 2606.0, 29696,
1275, 33.0, 3329.0, 59392, 1.0, 3182.0, 16384, 63.0, 3359.0, 59392, -1573.0, -1.0, 14848, -1835.0, -1.0, 16384, 3359.0, 5214.0, 59392,
1276, 33.0, 363.0, 936, 29.0, 243.0, 256, 63.0, 421.0, 7488, -263.0, -1.0, 468, -263.0, -1.0, 256, 421.0, 654.0, 7488,
1277, 33.0, 785.0, 1872, 29.0, 665.0, 512, 63.0, 843.0, 14976, -263.0, -1.0, 468, -263.0, -1.0, 512, 843.0, 1310.0, 14976,
1278, 33.0, 367.0, 1872, 25.0, 243.0, 512, 63.0, 421.0, 7488, -263.0, -1.0, 936, -263.0, -1.0, 512, 421.0, 654.0, 7488,
1279, 33.0, 789.0, 3744, 25.0, 665.0, 1024, 63.0, 843.0, 14976, -263.0, -1.0, 936, -263.0, -1.0, 1024, 843.0, 1310.0, 14976,
1280, 33.0, 375.0, 3744, 17.0, 243.0, 1024, 63.0, 421.0, 7488, -263.0, -1.0, 1872, -263.0, -1.0, 1024, 421.0, 654.0, 7488,
1281, 33.0, 797.0, 7488, 17.0, 665.0, 2048, 63.0, 843.0, 14976, -263.0, -1.0, 1872, -263.0, -1.0, 2048, 843.0, 1310.0, 14976,
1282, 33.0, 391.0, 7488, 1.0, 243.0, 2048, 63.0, 421.0, 7488, -525.0, -1.0, 3744, -263.0, -1.0, 2048, 421.0, 654.0, 7488,
1283, 33.0, 813.0, 14976, 1.0, 665.0, 4096, 63.0, 843.0, 14976, -525.0, -1.0, 3744, -525.0, -1.0, 4096, 843.0, 1310.0, 14976,
1284, 33.0, 813.0, 14976, 1.0, 665.0, 4096, 63.0, 843.0, 14976, -787.0, -1.0, 7488, -525.0, -1.0, 4096, 843.0, 1310.0, 14976,
1285, 33.0, 1657.0, 29952, 1.0, 1509.0, 8192, 63.0, 1687.0, 29952, -787.0, -1.0, 7488, -1049.0, -1.0, 8192, 1687.0, 2622.0, 29952,
1286, 33.0, 3345.0, 59904, 1.0, 3197.0, 16384, 63.0, 3375.0, 59904, -1573.0, -1.0, 14976, -1835.0, -1.0, 16384, 3375.0, 5246.0, 59904,
1287, 33.0, 365.0, 944, 29.0, 244.0, 256, 63.0, 423.0, 7552, -263.0, -1.0, 472, -263.0, -1.0, 256, 423.0, 658.0, 7552,
1288, 33.0, 789.0, 1888, 29.0, 668.0, 512, 63.0, 847.0, 15104, -263.0, -1.0, 472, -263.0, -1.0, 512, 847.0, 1318.0, 15104,
1289, 33.0, 369.0, 1888, 25.0, 244.0, 512, 63.0, 423.0, 7552, -263.0, -1.0, 944, -263.0, -1.0, 512, 423.0, 658.0, 7552,
1290, 33.0, 793.0, 3776, 25.0, 668.0, 1024, 63.0, 847.0, 15104, -263.0, -1.0, 944, -263.0, -1.0, 1024, 847.0, 1318.0, 15104,
1291, 33.0, 377.0, 3776, 17.0, 244.0, 1024, 63.0, 423.0, 7552, -263.0, -1.0, 1888, -263.0, -1.0, 1024, 423.0, 658.0, 7552,
1292, 33.0, 801.0, 7552, 17.0, 668.0, 2048, 63.0, 847.0, 15104, -263.0, -1.0, 1888, -263.0, -1.0, 2048, 847.0, 1318.0, 15104,
1293, 33.0, 393.0, 7552, 1.0, 244.0, 2048, 63.0, 423.0, 7552, -525.0, -1.0, 3776, -263.0, -1.0, 2048, 423.0, 658.0, 7552,
1294, 33.0, 817.0, 15104, 1.0, 668.0, 4096, 63.0, 847.0, 15104, -525.0, -1.0, 3776, -525.0, -1.0, 4096, 847.0, 1318.0, 15104,
1295, 33.0, 817.0, 15104, 1.0, 668.0, 4096, 63.0, 847.0, 15104, -787.0, -1.0, 7552, -525.0, -1.0, 4096, 847.0, 1318.0, 15104,
1296, 33.0, 1665.0, 30208, 1.0, 1516.0, 8192, 63.0, 1695.0, 30208, -787.0, -1.0, 7552, -1049.0, -1.0, 8192, 1695.0, 2638.0, 30208,
1297, 33.0, 3361.0, 60416, 1.0, 3212.0, 16384, 63.0, 3391.0, 60416, -1573.0, -1.0, 15104, -1835.0, -1.0, 16384, 3391.0, 5278.0, 60416,
1298, 33.0, 367.0, 952, 29.0, 245.0, 256, 63.0, 425.0, 7616, -263.0, -1.0, 476, -263.0, -1.0, 256, 425.0, 662.0, 7616,
1299, 33.0, 793.0, 1904, 29.0, 671.0, 512, 63.0, 851.0, 15232, -263.0, -1.0, 476, -263.0, -1.0, 512, 851.0, 1326.0, 15232,
1300, 33.0, 371.0, 1904, 25.0, 245.0, 512, 63.0, 425.0, 7616, -263.0, -1.0, 952, -263.0, -1.0, 512, 425.0, 662.0, 7616,
1301, 33.0, 797.0, 3808, 25.0, 671.0, 1024, 63.0, 851.0, 15232, -263.0, -1.0, 952, -263.0, -1.0, 1024, 851.0, 1326.0, 15232,
1302, 33.0, 379.0, 3808, 17.0, 245.0, 1024, 63.0, 425.0, 7616, -263.0, -1.0, 1904, -263.0, -1.0, 1024, 425.0, 662.0, 7616,
1303, 33.0, 805.0, 7616, 17.0, 671.0, 2048, 63.0, 851.0, 15232, -263.0, -1.0, 1904, -263.0, -1.0, 2048, 851.0, 1326.0, 15232,
1304, 33.0, 395.0, 7616, 1.0, 245.0, 2048, 63.0, 425.0, 7616, -525.0, -1.0, 3808, -263.0, -1.0, 2048, 425.0, 662.0, 7616,
1305, 33.0, 821.0, 15232, 1.0, 671.0, 4096, 63.0, 851.0, 15232, -525.0, -1.0, 3808, -525.0, -1.0, 4096, 851.0, 1326.0, 15232,
1306, 33.0, 821.0, 15232, 1.0, 671.0, 4096, 63.0, 851.0, 15232, -787.0, -1.0, 7616, -525.0, -1.0, 4096, 851.0, 1326.0, 15232,
1307, 33.0, 1673.0, 30464, 1.0, 1523.0, 8192, 63.0, 1703.0, 30464, -787.0, -1.0, 7616, -1049.0, -1.0, 8192, 1703.0, 2654.0, 30464,
1308, 33.0, 3377.0, 60928, 1.0, 3227.0, 16384, 63.0, 3407.0, 60928, -1573.0, -1.0, 15232, -1835.0, -1.0, 16384, 3407.0, 5310.0, 60928,
1309, 33.0, 369.0, 960, 29.0, 246.0, 256, 63.0, 427.0, 7680, -263.0, -1.0, 480, -263.0, -1.0, 256, 427.0, 666.0, 7680,
1310, 33.0, 797.0, 1920, 29.0, 674.0, 512, 63.0, 855.0, 15360, -263.0, -1.0, 480, -263.0, -1.0, 512, 855.0, 1334.0, 15360,
1311, 33.0, 373.0, 1920, 25.0, 246.0, 512, 63.0, 427.0, 7680, -263.0, -1.0, 960, -263.0, -1.0, 512, 427.0, 666.0, 7680,
1312, 33.0, 801.0, 3840, 25.0, 674.0, 1024, 63.0, 855.0, 15360, -263.0, -1.0, 960, -263.0, -1.0, 1024, 855.0, 1334.0, 15360,
1313, 33.0, 381.0, 3840, 17.0, 246.0, 1024, 63.0, 427.0, 7680, -263.0, -1.0, 1920, -263.0, -1.0, 1024, 427.0, 666.0, 7680,
1314, 33.0, 809.0, 7680, 17.0, 674.0, 2048, 63.0, 855.0, 15360, -263.0, -1.0, 1920, -263.0, -1.0, 2048, 855.0, 1334.0, 15360,
1315, 33.0, 397.0, 7680, 1.0, 246.0, 2048, 63.0, 427.0, 7680, -525.0, -1.0, 3840, -263.0, -1.0, 2048, 427.0, 666.0, 7680,
1316, 33.0, 825.0, 15360, 1.0, 674.0, 4096, 63.0, 855.0, 15360, -525.0, -1.0, 3840, -525.0, -1.0, 4096, 855.0, 1334.0, 15360,
1317, 33.0, 825.0, 15360, 1.0, 674.0, 4096, 63.0, 855.0, 15360, -787.0, -1.0, 7680, -525.0, -1.0, 4096, 855.0, 1334.0, 15360,
1318, 33.0, 1681.0, 30720, 1.0, 1530.0, 8192, 63.0, 1711.0, 30720, -787.0, -1.0, 7680, -1049.0, -1.0, 8192, 1711.0, 2670.0, 30720,
1319, 33.0, 3393.0, 61440, 1.0, 3242.0, 16384, 63.0, 3423.0, 61440, -1573.0, -1.0, 15360, -1835.0, -1.0, 16384, 3423.0, 5342.0, 61440,
1320, 33.0, 371.0, 968, 29.0, 247.0, 256, 63.0, 429.0, 7744, -263.0, -1.0, 484, -263.0, -1.0, 256, 429.0, 670.0, 7744,
1321, 33.0, 801.0, 1936, 29.0, 677.0, 512, 63.0, 859.0, 15488, -263.0, -1.0, 484, -263.0, -1.0, 512, 859.0, 1342.0, 15488,
1322, 33.0, 375.0, 1936, 25.0, 247.0, 512, 63.0, 429.0, 7744, -263.0, -1.0, 968, -263.0, -1.0, 512, 429.0, 670.0, 7744,
1323, 33.0, 805.0, 3872, 25.0, 677.0, 1024, 63.0, 859.0, 15488, -263.0, -1.0, 968, -263.0, -1.0, 1024, 859.0, 1342.0, 15488,
1324, 33.0, 383.0, 3872, 17.0, 247.0, 1024, 63.0, 429.0, 7744, -263.0, -1.0, 1936, -263.0, -1.0, 1024, 429.0, 670.0, 7744,
1325, 33.0, 813.0, 7744, 17.0, 677.0, 2048, 63.0, 859.0, 15488, -263.0, -1.0, 1936, -263.0, -1.0, 2048, 859.0, 1342.0, 15488,
1326, 33.0, 399.0, 7744, 1.0, 247.0, 2048, 63.0, 429.0, 7744, -525.0, -1.0, 3872, -263.0, -1.0, 2048, 429.0, 670.0, 7744,
1327, 33.0, 829.0, 15488, 1.0, 677.0, 4096, 63.0, 859.0, 15488, -525.0, -1.0, 3872, -525.0, -1.0, 4096, 859.0, 1342.0, 15488,
1328, 33.0, 829.0, 15488, 1.0, 677.0, 4096, 63.0, 859.0, 15488, -787.0, -1.0, 7744, -525.0, -1.0, 4096, 859.0, 1342.0, 15488,
1329, 33.0, 1689.0, 30976, 1.0, 1537.0, 8192, 63.0, 1719.0, 30976, -787.0, -1.0, 7744, -1049.0, -1.0, 8192, 1719.0, 2686.0, 30976,
1330, 33.0, 3409.0, 61952, 1.0, 3257.0, 16384, 63.0, 3439.0, 61952, -1573.0, -1.0, 15488, -1835.0, -1.0, 16384, 3439.0, 5374.0, 61952,
1331, 33.0, 373.0, 976, 29.0, 248.0, 256, 63.0, 431.0, 7808, -263.0, -1.0, 488, -263.0, -1.0, 256, 431.0, 674.0, 7808,
1332, 33.0, 805.0, 1952, 29.0, 680.0, 512, 63.0, 863.0, 15616, -263.0, -1.0, 488, -263.0, -1.0, 512, 863.0, 1350.0, 15616,
1333, 33.0, 377.0, 1952, 25.0, 248.0, 512, 63.0, 431.0, 7808, -263.0, -1.0, 976, -263.0, -1.0, 512, 431.0, 674.0, 7808,
1334, 33.0, 809.0, 3904, 25.0, 680.0, 1024, 63.0, 863.0, 15616, -263.0, -1.0, 976, -263.0, -1.0, 1024, 863.0, 1350.0, 15616,
1335, 33.0, 385.0, 3904, 17.0, 248.0, 1024, 63.0, 431.0, 7808, -263.0, -1.0, 1952, -263.0, -1.0, 1024, 431.0, 674.0, 7808,
1336, 33.0, 817.0, 7808, 17.0, 680.0, 2048, 63.0, 863.0, 15616, -263.0, -1.0, 1952, -263.0, -1.0, 2048, 863.0, 1350.0, 15616,
1337, 33.0, 401.0, 7808, 1.0, 248.0, 2048, 63.0, 431.0, 7808, -525.0, -1.0, 3904, -263.0, -1.0, 2048, 431.0, 674.0, 7808,
1338, 33.0, 833.0, 15616, 1.0, 680.0, 4096, 63.0, 863.0, 15616, -525.0, -1.0, 3904, -525.0, -1.0, 4096, 863.0, 1350.0, 15616,
1339, 33.0, 833.0, 15616, 1.0, 680.0, 4096, 63.0, 863.0, 15616, -787.0, -1.0, 7808, -525.0, -1.0, 4096, 863.0, 1350.0, 15616,
1340, 33.0, 1697.0, 31232, 1.0, 1544.0, 8192, 63.0, 1727.0, 31232, -787.0, -1.0, 7808, -1049.0, -1.0, 8192, 1727.0, 2702.0, 31232,
1341, 33.0, 3425.0, 62464, 1.0, 3272.0, 16384, 63.0, 3455.0, 62464, -1573.0, -1.0, 15616, -1835.0, -1.0, 16384, 3455.0, 5406.0, 62464,
1342, 33.0, 375.0, 984, 29.0, 249.0, 256, 63.0, 433.0, 7872, -263.0, -1.0, 492, -263.0, -1.0, 256, 433.0, 678.0, 7872,
1343, 33.0, 809.0, 1968, 29.0, 683.0, 512, 63.0, 867.0, 15744, -263.0, -1.0, 492, -263.0, -1.0, 512, 867.0, 1358.0, 15744,
1344, 33.0, 379.0, 1968, 25.0, 249.0, 512, 63.0, 433.0, 7872, -263.0, -1.0, 984, -263.0, -1.0, 512, 433.0, 678.0, 7872,
1345, 33.0, 813.0, 3936, 25.0, 683.0, 1024, 63.0, 867.0, 15744, -263.0, -1.0, 984, -263.0, -1.0, 1024, 867.0, 1358.0, 15744,
1346, 33.0, 387.0, 3936, 17.0, 249.0, 1024, 63.0, 433.0, 7872, -263.0, -1.0, 1968, -263.0, -1.0, 1024, 433.0, 678.0, 7872,
1347, 33.0, 821.0, 7872, 17.0, 683.0, 2048, 63.0, 867.0, 15744, -263.0, -1.0, 1968, -263.0, -1.0, 2048, 867.0, 1358.0, 15744,
1348, 33.0, 403.0, 7872, 1.0, 249.0, 2048, 63.0, 433.0, 7872, -525.0, -1.0, 3936, -263.0, -1.0, 2048, 433.0, 678.0, 7872,
1349, 33.0, 837.0, 15744, 1.0, 683.0, 4096, 63.0, 867.0, 15744, -525.0, -1.0, 3936, -525.0, -1.0, 4096, 867.0, 1358.0, 15744,
1350, 33.0, 837.0, 15744, 1.0, 683.0, 4096, 63.0, 867.0, 15744, -1049.0, -1.0, 7872, -525.0, -1.0, 4096, 867.0, 1358.0, 15744,
1351, 33.0, 1705.0, 31488, 1.0, 1551.0, 8192, 63.0, 1735.0, 31488, -1049.0, -1.0, 7872, -1049.0, -1.0, 8192, 1735.0, 2718.0, 31488,
1352, 33.0, 3441.0, 62976, 1.0, 3287.0, 16384, 63.0, 3471.0, 62976, -1835.0, -1.0, 15744, -1835.0, -1.0, 16384, 3471.0, 5438.0, 62976,
1353, 33.0, 377.0, 992, 29.0, 250.0, 256, 63.0, 435.0, 7936, -263.0, -1.0, 496, -263.0, -1.0, 256, 435.0, 682.0, 7936,
1354, 33.0, 813.0, 1984, 29.0, 686.0, 512, 63.0, 871.0, 15872, -263.0, -1.0, 496, -263.0, -1.0, 512, 871.0, 1366.0, 15872,
1355, 33.0, 381.0, 1984, 25.0, 250.0, 512, 63.0, 435.0, 7936, -263.0, -1.0, 992, -263.0, -1.0, 512, 435.0, 682.0, 7936,
1356, 33.0, 817.0, 3968, 25.0, 686.0, 1024, 63.0, 871.0, 15872, -263.0, -1.0, 992, -263.0, -1.0, 1024, 871.0, 1366.0, 15872,
1357, 33.0, 389.0, 3968, 17.0, 250.0, 1024, 63.0, 435.0, 7936, -263.0, -1.0, 1984, -263.0, -1.0, 1024, 435.0, 682.0, 7936,
1358, 33.0, 825.0, 7936, 17.0, 686.0, 2048, 63.0, 871.0, 15872, -263.0, -1.0, 1984, -263.0, -1.0, 2048, 871.0, 1366.0, 15872,
1359, 33.0, 405.0, 7936, 1.0, 250.0, 2048, 63.0, 435.0, 7936, -525.0, -1.0, 3968, -263.0, -1.0, 2048, 435.0, 682.0, 7936,
1360, 33.0, 841.0, 15872, 1.0, 686.0, 4096, 63.0, 871.0, 15872, -525.0, -1.0, 3968, -525.0, -1.0, 4096, 871.0, 1366.0, 15872,
1361, 33.0, 841.0, 15872, 1.0, 686.0, 4096, 63.0, 871.0, 15872, -1049.0, -1.0, 7936, -525.0, -1.0, 4096, 871.0, 1366.0, 15872,
1362, 33.0, 1713.0, 31744, 1.0, 1558.0, 8192, 63.0, 1743.0, 31744, -1049.0, -1.0, 7936, -1049.0, -1.0, 8192, 1743.0, 2734.0, 31744,
1363, 33.0, 3457.0, 63488, 1.0, 3302.0, 16384, 63.0, 3487.0, 63488, -1835.0, -1.0, 15872, -1835.0, -1.0, 16384, 3487.0, 5470.0, 63488,
1364, 33.0, 379.0, 1000, 29.0, 251.0, 256, 63.0, 437.0, 8000, -263.0, -1.0, 500, -263.0, -1.0, 256, 437.0, 686.0, 8000,
1365, 33.0, 817.0, 2000, 29.0, 689.0, 512, 63.0, 875.0, 16000, -263.0, -1.0, 500, -263.0, -1.0, 512, 875.0, 1374.0, 16000,
1366, 33.0, 383.0, 2000, 25.0, 251.0, 512, 63.0, 437.0, 8000, -263.0, -1.0, 1000, -263.0, -1.0, 512, 437.0, 686.0, 8000,
1367, 33.0, 821.0, 4000, 25.0, 689.0, 1024, 63.0, 875.0, 16000, -263.0, -1.0, 1000, -263.0, -1.0, 1024, 875.0, 1374.0, 16000,
1368, 33.0, 391.0, 4000, 17.0, 251.0, 1024, 63.0, 437.0, 8000, -263.0, -1.0, 2000, -263.0, -1.0, 1024, 437.0, 686.0, 8000,
1369, 33.0, 829.0, 8000, 17.0, 689.0, 2048, 63.0, 875.0, 16000, -263.0, -1.0, 2000, -263.0, -1.0, 2048, 875.0, 1374.0, 16000,
1370, 33.0, 407.0, 8000, 1.0, 251.0, 2048, 63.0, 437.0, 8000, -525.0, -1.0, 4000, -263.0, -1.0, 2048, 437.0, 686.0, 8000,
1371, 33.0, 845.0, 16000, 1.0, 689.0, 4096, 63.0, 875.0, 16000, -525.0, -1.0, 4000, -525.0, -1.0, 4096, 875.0, 1374.0, 16000,
1372, 33.0, 845.0, 16000, 1.0, 689.0, 4096, 63.0, 875.0, 16000, -1049.0, -1.0, 8000, -525.0, -1.0, 4096, 875.0, 1374.0, 16000,
1373, 33.0, 1721.0, 32000, 1.0, 1565.0, 8192, 63.0, 1751.0, 32000, -1049.0, -1.0, 8000, -1049.0, -1.0, 8192, 1751.0, 2750.0, 32000,
1374, 33.0, 3473.0, 64000, 1.0, 3317.0, 16384, 63.0, 3503.0, 64000, -1835.0, -1.0, 16000, -1835.0, -1.0, 16384, 3503.0, 5502.0, 64000,
1375, 33.0, 381.0, 1008, 29.0, 252.0, 256, 63.0, 439.0, 8064, -263.0, -1.0, 504, -263.0, -1.0, 256, 439.0, 690.0, 8064,
1376, 33.0, 821.0, 2016, 29.0, 692.0, 512, 63.0, 879.0, 16128, -263.0, -1.0, 504, -263.0, -1.0, 512, 879.0, 1382.0, 16128,
1377, 33.0, 385.0, 2016, 25.0, 252.0, 512, 63.0, 439.0, 8064, -263.0, -1.0, 1008, -263.0, -1.0, 512, 439.0, 690.0, 8064,
1378, 33.0, 825.0, 4032, 25.0, 692.0, 1024, 63.0, 879.0, 16128, -263.0, -1.0, 1008, -263.0, -1.0, 1024, 879.0, 1382.0, 16128,
1379, 33.0, 393.0, 4032, 17.0, 252.0, 1024, 63.0, 439.0, 8064, -263.0, -1.0, 2016, -263.0, -1.0, 1024, 439.0, 690.0, 8064,
1380, 33.0, 833.0, 8064, 17.0, 692.0, 2048, 63.0, 879.0, 16128, -263.0, -1.0, 2016, -263.0, -1.0, 2048, 879.0, 1382.0, 16128,
1381, 33.0, 409.0, 8064, 1.0, 252.0, 2048, 63.0, 439.0, 8064, -525.0, -1.0, 4032, -263.0, -1.0, 2048, 439.0, 690.0, 8064,
1382, 33.0, 849.0, 16128, 1.0, 692.0, 4096, 63.0, 879.0, 16128, -525.0, -1.0, 4032, -525.0, -1.0, 4096, 879.0, 1382.0, 16128,
1383, 33.0, 849.0, 16128, 1.0, 692.0, 4096, 63.0, 879.0, 16128, -1049.0, -1.0, 8064, -525.0, -1.0, 4096, 879.0, 1382.0, 16128,
1384, 33.0, 1729.0, 32256, 1.0, 1572.0, 8192, 63.0, 1759.0, 32256, -1049.0, -1.0, 8064, -1049.0, -1.0, 8192, 1759.0, 2766.0, 32256,
1385, 33.0, 3489.0, 64512, 1.0, 3332.0, 16384, 63.0, 3519.0, 64512, -1835.0, -1.0, 16128, -1835.0, -1.0, 16384, 3519.0, 5534.0, 64512,
1386, 33.0, 383.0, 1016, 29.0, 253.0, 256, 63.0, 441.0, 8128, -263.0, -1.0, 508, -263.0, -1.0, 256, 441.0, 694.0, 8128,
1387, 33.0, 825.0, 2032, 29.0, 695.0, 512, 63.0, 883.0, 16256, -263.0, -1.0, 508, -263.0, -1.0, 512, 883.0, 1390.0, 16256,
1388, 33.0, 387.0, 2032, 25.0, 253.0, 512, 63.0, 441.0, 8128, -263.0, -1.0, 1016, -263.0, -1.0, 512, 441.0, 694.0, 8128,
1389, 33.0, 829.0, 4064, 25.0, 695.0, 1024, 63.0, 883.0, 16256, -263.0, -1.0, 1016, -263.0, -1.0, 1024, 883.0, 1390.0, 16256,
1390, 33.0, 395.0, 4064, 17.0, 253.0, 1024, 63.0, 441.0, 8128, -263.0, -1.0, 2032, -263.0, -1.0, 1024, 441.0, 694.0, 8128,
1391, 33.0, 837.0, 8128, 17.0, 695.0, 2048, 63.0, 883.0, 16256, -263.0, -1.0, 2032, -263.0, -1.0, 2048, 883.0, 1390.0, 16256,
1392, 33.0, 411.0, 8128, 1.0, 253.0, 2048, 63.0, 441.0, 8128, -525.0, -1.0, 4064, -263.0, -1.0, 2048, 441.0, 694.0, 8128,
1393, 33.0, 853.0, 16256, 1.0, 695.0, 4096, 63.0, 883.0, 16256, -525.0, -1.0, 4064, -525.0, -1.0, 4096, 883.0, 1390.0, 16256,
1394, 33.0, 853.0, 16256, 1.0, 695.0, 4096, 63.0, 883.0, 16256, -1049.0, -1.0, 8128, -525.0, -1.0, 4096, 883.0, 1390.0, 16256,
1395, 33.0, 1737.0, 32512, 1.0, 1579.0, 8192, 63.0, 1767.0, 32512, -1049.0, -1.0, 8128, -1049.0, -1.0, 8192, 1767.0, 2782.0, 32512,
1396, 33.0, 3505.0, 65024, 1.0, 3347.0, 16384, 63.0, 3535.0, 65024, -1835.0, -1.0, 16256, -1835.0, -1.0, 16384, 3535.0, 5566.0, 65024,
1397, 33.0, 385.0, 1024, 29.0, 254.0, 256, 63.0, 443.0, 8192, -263.0, -1.0, 512, -263.0, -1.0, 256, 443.0, 698.0, 8192,
1398, 33.0, 829.0, 2048, 29.0, 698.0, 512, 63.0, 887.0, 16384, -263.0, -1.0, 512, -263.0, -1.0, 512, 887.0, 1398.0, 16384,
1399, 33.0, 389.0, 2048, 25.0, 254.0, 512, 63.0, 443.0, 8192, -263.0, -1.0, 1024, -263.0, -1.0, 512, 443.0, 698.0, 8192,
1400, 33.0, 833.0, 4096, 25.0, 698.0, 1024, 63.0, 887.0, 16384, -263.0, -1.0, 1024, -263.0, -1.0, 1024, 887.0, 1398.0, 16384,
1401, 33.0, 397.0, 4096, 17.0, 254.0, 1024, 63.0, 443.0, 8192, -263.0, -1.0, 2048, -263.0, -1.0, 1024, 443.0, 698.0, 8192,
1402, 33.0, 841.0, 8192, 17.0, 698.0, 2048, 63.0, 887.0, 16384, -263.0, -1.0, 2048, -263.0, -1.0, 2048, 887.0, 1398.0, 16384,
1403, 33.0, 413.0, 8192, 1.0, 254.0, 2048, 63.0, 443.0, 8192, -525.0, -1.0, 4096, -263.0, -1.0, 2048, 443.0, 698.0, 8192,
1404, 33.0, 857.0, 16384, 1.0, 698.0, 4096, 63.0, 887.0, 16384, -525.0, -1.0, 4096, -525.0, -1.0, 4096, 887.0, 1398.0, 16384,
1405, 33.0, 857.0, 16384, 1.0, 698.0, 4096, 63.0, 887.0, 16384, -1049.0, -1.0, 8192, -525.0, -1.0, 4096, 887.0, 1398.0, 16384,
1406, 33.0, 1745.0, 32768, 1.0, 1586.0, 8192, 63.0, 1775.0, 32768, -1049.0, -1.0, 8192, -1049.0, -1.0, 8192, 1775.0, 2798.0, 32768,
1407, 33.0, 3521.0, 65536, 1.0, 3362.0, 16384, 63.0, 3551.0, 65536, -1835.0, -1.0, 16384, -1835.0, -1.0, 16384, 3551.0, 5598.0, 65536,
