section,config_id,validity,format,metric,value,unit,scope,source_path,source_sha256
format_matrix,ogbn_arxiv_deepres8_w128_s7,RECORDED,DENSE,total_traffic_bytes,603773040.0,bytes,common physical/cache model,results_hpca_xorflow/complete_suite/baselines/arxiv/format_matrix.csv,cd9f4f1040829b1a184a1e5a3609f313c831c0da092531efe2d17887dab5e1b7
format_matrix,ogbn_arxiv_deepres8_w128_s7,RECORDED,DENSE,traffic_ratio_to_beicsr,1.0000472782777965,ratio,common physical/cache model,results_hpca_xorflow/complete_suite/baselines/arxiv/format_matrix.csv,cd9f4f1040829b1a184a1e5a3609f313c831c0da092531efe2d17887dab5e1b7
format_matrix,ogbn_arxiv_deepres8_w128_s7,RECORDED,DENSE,traffic_reduction_vs_beicsr,-4.727827779649196e-05,ratio,common physical/cache model,results_hpca_xorflow/complete_suite/baselines/arxiv/format_matrix.csv,cd9f4f1040829b1a184a1e5a3609f313c831c0da092531efe2d17887dab5e1b7
format_matrix,ogbn_arxiv_deepres8_w128_s7,RECORDED,DENSE,support_index_bytes,0.0,bytes,common physical/cache model,results_hpca_xorflow/complete_suite/baselines/arxiv/format_matrix.csv,cd9f4f1040829b1a184a1e5a3609f313c831c0da092531efe2d17887dab5e1b7
format_matrix,ogbn_arxiv_deepres8_w128_s7,RECORDED,DENSE,feature_cache_misses,7768592.0,count,common physical/cache model,results_hpca_xorflow/complete_suite/baselines/arxiv/format_matrix.csv,cd9f4f1040829b1a184a1e5a3609f313c831c0da092531efe2d17887dab5e1b7
format_matrix,ogbn_arxiv_deepres8_w128_s7,RECORDED,CSR32,total_traffic_bytes,1920972656.0,bytes,common physical/cache model,results_hpca_xorflow/complete_suite/baselines/arxiv/format_matrix.csv,cd9f4f1040829b1a184a1e5a3609f313c831c0da092531efe2d17887dab5e1b7
format_matrix,ogbn_arxiv_deepres8_w128_s7,RECORDED,CSR32,traffic_ratio_to_beicsr,3.1817642541291176,ratio,common physical/cache model,results_hpca_xorflow/complete_suite/baselines/arxiv/format_matrix.csv,cd9f4f1040829b1a184a1e5a3609f313c831c0da092531efe2d17887dab5e1b7
format_matrix,ogbn_arxiv_deepres8_w128_s7,RECORDED,CSR32,traffic_reduction_vs_beicsr,-2.1817642541291176,ratio,common physical/cache model,results_hpca_xorflow/complete_suite/baselines/arxiv/format_matrix.csv,cd9f4f1040829b1a184a1e5a3609f313c831c0da092531efe2d17887dab5e1b7
format_matrix,ogbn_arxiv_deepres8_w128_s7,RECORDED,CSR32,support_index_bytes,85573436.0,bytes,common physical/cache model,results_hpca_xorflow/complete_suite/baselines/arxiv/format_matrix.csv,cd9f4f1040829b1a184a1e5a3609f313c831c0da092531efe2d17887dab5e1b7
format_matrix,ogbn_arxiv_deepres8_w128_s7,RECORDED,CSR32,feature_cache_misses,26013016.0,count,common physical/cache model,results_hpca_xorflow/complete_suite/baselines/arxiv/format_matrix.csv,cd9f4f1040829b1a184a1e5a3609f313c831c0da092531efe2d17887dab5e1b7
format_matrix,ogbn_arxiv_deepres8_w128_s7,RECORDED,CSR_PACKED,total_traffic_bytes,837539056.0,bytes,common physical/cache model,results_hpca_xorflow/complete_suite/baselines/arxiv/format_matrix.csv,cd9f4f1040829b1a184a1e5a3609f313c831c0da092531efe2d17887dab5e1b7
format_matrix,ogbn_arxiv_deepres8_w128_s7,RECORDED,CSR_PACKED,traffic_ratio_to_beicsr,1.387240896685541,ratio,common physical/cache model,results_hpca_xorflow/complete_suite/baselines/arxiv/format_matrix.csv,cd9f4f1040829b1a184a1e5a3609f313c831c0da092531efe2d17887dab5e1b7
format_matrix,ogbn_arxiv_deepres8_w128_s7,RECORDED,CSR_PACKED,traffic_reduction_vs_beicsr,-0.3872408966855409,ratio,common physical/cache model,results_hpca_xorflow/complete_suite/baselines/arxiv/format_matrix.csv,cd9f4f1040829b1a184a1e5a3609f313c831c0da092531efe2d17887dab5e1b7
format_matrix,ogbn_arxiv_deepres8_w128_s7,RECORDED,CSR_PACKED,support_index_bytes,18867541.0,bytes,common physical/cache model,results_hpca_xorflow/complete_suite/baselines/arxiv/format_matrix.csv,cd9f4f1040829b1a184a1e5a3609f313c831c0da092531efe2d17887dab5e1b7
format_matrix,ogbn_arxiv_deepres8_w128_s7,RECORDED,CSR_PACKED,feature_cache_misses,11280498.0,count,common physical/cache model,results_hpca_xorflow/complete_suite/baselines/arxiv/format_matrix.csv,cd9f4f1040829b1a184a1e5a3609f313c831c0da092531efe2d17887dab5e1b7
format_matrix,ogbn_arxiv_deepres8_w128_s7,RECORDED,BEICSR,total_traffic_bytes,603744496.0,bytes,common physical/cache model,results_hpca_xorflow/complete_suite/baselines/arxiv/format_matrix.csv,cd9f4f1040829b1a184a1e5a3609f313c831c0da092531efe2d17887dab5e1b7
format_matrix,ogbn_arxiv_deepres8_w128_s7,RECORDED,BEICSR,traffic_ratio_to_beicsr,1.0,ratio,common physical/cache model,results_hpca_xorflow/complete_suite/baselines/arxiv/format_matrix.csv,cd9f4f1040829b1a184a1e5a3609f313c831c0da092531efe2d17887dab5e1b7
format_matrix,ogbn_arxiv_deepres8_w128_s7,RECORDED,BEICSR,traffic_reduction_vs_beicsr,0.0,ratio,common physical/cache model,results_hpca_xorflow/complete_suite/baselines/arxiv/format_matrix.csv,cd9f4f1040829b1a184a1e5a3609f313c831c0da092531efe2d17887dab5e1b7
format_matrix,ogbn_arxiv_deepres8_w128_s7,RECORDED,BEICSR,support_index_bytes,5418976.0,bytes,common physical/cache model,results_hpca_xorflow/complete_suite/baselines/arxiv/format_matrix.csv,cd9f4f1040829b1a184a1e5a3609f313c831c0da092531efe2d17887dab5e1b7
format_matrix,ogbn_arxiv_deepres8_w128_s7,RECORDED,BEICSR,feature_cache_misses,7768154.0,count,common physical/cache model,results_hpca_xorflow/complete_suite/baselines/arxiv/format_matrix.csv,cd9f4f1040829b1a184a1e5a3609f313c831c0da092531efe2d17887dab5e1b7
format_matrix,ogbn_arxiv_deepres8_w128_s7,RECORDED,INDEPENDENT_BEST,total_traffic_bytes,842916976.0,bytes,common physical/cache model,results_hpca_xorflow/complete_suite/baselines/arxiv/format_matrix.csv,cd9f4f1040829b1a184a1e5a3609f313c831c0da092531efe2d17887dab5e1b7
format_matrix,ogbn_arxiv_deepres8_w128_s7,RECORDED,INDEPENDENT_BEST,traffic_ratio_to_beicsr,1.3961485058407888,ratio,common physical/cache model,results_hpca_xorflow/complete_suite/baselines/arxiv/format_matrix.csv,cd9f4f1040829b1a184a1e5a3609f313c831c0da092531efe2d17887dab5e1b7
format_matrix,ogbn_arxiv_deepres8_w128_s7,RECORDED,INDEPENDENT_BEST,traffic_reduction_vs_beicsr,-0.3961485058407887,ratio,common physical/cache model,results_hpca_xorflow/complete_suite/baselines/arxiv/format_matrix.csv,cd9f4f1040829b1a184a1e5a3609f313c831c0da092531efe2d17887dab5e1b7
format_matrix,ogbn_arxiv_deepres8_w128_s7,RECORDED,INDEPENDENT_BEST,support_index_bytes,5418976.0,bytes,common physical/cache model,results_hpca_xorflow/complete_suite/baselines/arxiv/format_matrix.csv,cd9f4f1040829b1a184a1e5a3609f313c831c0da092531efe2d17887dab5e1b7
format_matrix,ogbn_arxiv_deepres8_w128_s7,RECORDED,INDEPENDENT_BEST,feature_cache_misses,11460698.0,count,common physical/cache model,results_hpca_xorflow/complete_suite/baselines/arxiv/format_matrix.csv,cd9f4f1040829b1a184a1e5a3609f313c831c0da092531efe2d17887dab5e1b7
format_matrix,ogbn_arxiv_deepres8_w128_s7,RECORDED,DENSE,total_traffic_bytes,603773040.0,bytes,common physical/cache model,results_hpca_xorflow/complete_suite/baselines/arxiv/format_matrix.csv,cd9f4f1040829b1a184a1e5a3609f313c831c0da092531efe2d17887dab5e1b7
format_matrix,ogbn_arxiv_deepres8_w128_s7,RECORDED,DENSE,traffic_ratio_to_beicsr,1.0000947730666077,ratio,common physical/cache model,results_hpca_xorflow/complete_suite/baselines/arxiv/format_matrix.csv,cd9f4f1040829b1a184a1e5a3609f313c831c0da092531efe2d17887dab5e1b7
format_matrix,ogbn_arxiv_deepres8_w128_s7,RECORDED,DENSE,traffic_reduction_vs_beicsr,-9.477306660765628e-05,ratio,common physical/cache model,results_hpca_xorflow/complete_suite/baselines/arxiv/format_matrix.csv,cd9f4f1040829b1a184a1e5a3609f313c831c0da092531efe2d17887dab5e1b7
format_matrix,ogbn_arxiv_deepres8_w128_s7,RECORDED,DENSE,support_index_bytes,0.0,bytes,common physical/cache model,results_hpca_xorflow/complete_suite/baselines/arxiv/format_matrix.csv,cd9f4f1040829b1a184a1e5a3609f313c831c0da092531efe2d17887dab5e1b7
format_matrix,ogbn_arxiv_deepres8_w128_s7,RECORDED,DENSE,feature_cache_misses,7768592.0,count,common physical/cache model,results_hpca_xorflow/complete_suite/baselines/arxiv/format_matrix.csv,cd9f4f1040829b1a184a1e5a3609f313c831c0da092531efe2d17887dab5e1b7
format_matrix,ogbn_arxiv_deepres8_w128_s7,RECORDED,CSR32,total_traffic_bytes,1851682736.0,bytes,common physical/cache model,results_hpca_xorflow/complete_suite/baselines/arxiv/format_matrix.csv,cd9f4f1040829b1a184a1e5a3609f313c831c0da092531efe2d17887dab5e1b7
format_matrix,ogbn_arxiv_deepres8_w128_s7,RECORDED,CSR32,traffic_ratio_to_beicsr,3.067142954331441,ratio,common physical/cache model,results_hpca_xorflow/complete_suite/baselines/arxiv/format_matrix.csv,cd9f4f1040829b1a184a1e5a3609f313c831c0da092531efe2d17887dab5e1b7
format_matrix,ogbn_arxiv_deepres8_w128_s7,RECORDED,CSR32,traffic_reduction_vs_beicsr,-2.067142954331441,ratio,common physical/cache model,results_hpca_xorflow/complete_suite/baselines/arxiv/format_matrix.csv,cd9f4f1040829b1a184a1e5a3609f313c831c0da092531efe2d17887dab5e1b7
format_matrix,ogbn_arxiv_deepres8_w128_s7,RECORDED,CSR32,support_index_bytes,82120132.0,bytes,common physical/cache model,results_hpca_xorflow/complete_suite/baselines/arxiv/format_matrix.csv,cd9f4f1040829b1a184a1e5a3609f313c831c0da092531efe2d17887dab5e1b7
format_matrix,ogbn_arxiv_deepres8_w128_s7,RECORDED,CSR32,feature_cache_misses,25068749.0,count,common physical/cache model,results_hpca_xorflow/complete_suite/baselines/arxiv/format_matrix.csv,cd9f4f1040829b1a184a1e5a3609f313c831c0da092531efe2d17887dab5e1b7
format_matrix,ogbn_arxiv_deepres8_w128_s7,RECORDED,CSR_PACKED,total_traffic_bytes,802407536.0,bytes,common physical/cache model,results_hpca_xorflow/complete_suite/baselines/arxiv/format_matrix.csv,cd9f4f1040829b1a184a1e5a3609f313c831c0da092531efe2d17887dab5e1b7
format_matrix,ogbn_arxiv_deepres8_w128_s7,RECORDED,CSR_PACKED,traffic_ratio_to_beicsr,1.3291146332450614,ratio,common physical/cache model,results_hpca_xorflow/complete_suite/baselines/arxiv/format_matrix.csv,cd9f4f1040829b1a184a1e5a3609f313c831c0da092531efe2d17887dab5e1b7
format_matrix,ogbn_arxiv_deepres8_w128_s7,RECORDED,CSR_PACKED,traffic_reduction_vs_beicsr,-0.3291146332450614,ratio,common physical/cache model,results_hpca_xorflow/complete_suite/baselines/arxiv/format_matrix.csv,cd9f4f1040829b1a184a1e5a3609f313c831c0da092531efe2d17887dab5e1b7
format_matrix,ogbn_arxiv_deepres8_w128_s7,RECORDED,CSR_PACKED,support_index_bytes,18112207.0,bytes,common physical/cache model,results_hpca_xorflow/complete_suite/baselines/arxiv/format_matrix.csv,cd9f4f1040829b1a184a1e5a3609f313c831c0da092531efe2d17887dab5e1b7
format_matrix,ogbn_arxiv_deepres8_w128_s7,RECORDED,CSR_PACKED,feature_cache_misses,10794390.0,count,common physical/cache model,results_hpca_xorflow/complete_suite/baselines/arxiv/format_matrix.csv,cd9f4f1040829b1a184a1e5a3609f313c831c0da092531efe2d17887dab5e1b7
format_matrix,ogbn_arxiv_deepres8_w128_s7,RECORDED,BEICSR,total_traffic_bytes,603715824.0,bytes,common physical/cache model,results_hpca_xorflow/complete_suite/baselines/arxiv/format_matrix.csv,cd9f4f1040829b1a184a1e5a3609f313c831c0da092531efe2d17887dab5e1b7
format_matrix,ogbn_arxiv_deepres8_w128_s7,RECORDED,BEICSR,traffic_ratio_to_beicsr,1.0,ratio,common physical/cache model,results_hpca_xorflow/complete_suite/baselines/arxiv/format_matrix.csv,cd9f4f1040829b1a184a1e5a3609f313c831c0da092531efe2d17887dab5e1b7
format_matrix,ogbn_arxiv_deepres8_w128_s7,RECORDED,BEICSR,traffic_reduction_vs_beicsr,0.0,ratio,common physical/cache model,results_hpca_xorflow/complete_suite/baselines/arxiv/format_matrix.csv,cd9f4f1040829b1a184a1e5a3609f313c831c0da092531efe2d17887dab5e1b7
format_matrix,ogbn_arxiv_deepres8_w128_s7,RECORDED,BEICSR,support_index_bytes,5418976.0,bytes,common physical/cache model,results_hpca_xorflow/complete_suite/baselines/arxiv/format_matrix.csv,cd9f4f1040829b1a184a1e5a3609f313c831c0da092531efe2d17887dab5e1b7
format_matrix,ogbn_arxiv_deepres8_w128_s7,RECORDED,BEICSR,feature_cache_misses,7767718.0,count,common physical/cache model,results_hpca_xorflow/complete_suite/baselines/arxiv/format_matrix.csv,cd9f4f1040829b1a184a1e5a3609f313c831c0da092531efe2d17887dab5e1b7
format_matrix,ogbn_arxiv_deepres8_w128_s7,RECORDED,INDEPENDENT_BEST,total_traffic_bytes,841168688.0,bytes,common physical/cache model,results_hpca_xorflow/complete_suite/baselines/arxiv/format_matrix.csv,cd9f4f1040829b1a184a1e5a3609f313c831c0da092531efe2d17887dab5e1b7
format_matrix,ogbn_arxiv_deepres8_w128_s7,RECORDED,INDEPENDENT_BEST,traffic_ratio_to_beicsr,1.3933189334457463,ratio,common physical/cache model,results_hpca_xorflow/complete_suite/baselines/arxiv/format_matrix.csv,cd9f4f1040829b1a184a1e5a3609f313c831c0da092531efe2d17887dab5e1b7
format_matrix,ogbn_arxiv_deepres8_w128_s7,RECORDED,INDEPENDENT_BEST,traffic_reduction_vs_beicsr,-0.3933189334457465,ratio,common physical/cache model,results_hpca_xorflow/complete_suite/baselines/arxiv/format_matrix.csv,cd9f4f1040829b1a184a1e5a3609f313c831c0da092531efe2d17887dab5e1b7
format_matrix,ogbn_arxiv_deepres8_w128_s7,RECORDED,INDEPENDENT_BEST,support_index_bytes,5418976.0,bytes,common physical/cache model,results_hpca_xorflow/complete_suite/baselines/arxiv/format_matrix.csv,cd9f4f1040829b1a184a1e5a3609f313c831c0da092531efe2d17887dab5e1b7
format_matrix,ogbn_arxiv_deepres8_w128_s7,RECORDED,INDEPENDENT_BEST,feature_cache_misses,11434449.0,count,common physical/cache model,results_hpca_xorflow/complete_suite/baselines/arxiv/format_matrix.csv,cd9f4f1040829b1a184a1e5a3609f313c831c0da092531efe2d17887dab5e1b7
format_matrix,ogbn_arxiv_deepres8_w128_s17,RECORDED,DENSE,total_traffic_bytes,603773040.0,bytes,common physical/cache model,results_hpca_xorflow/complete_suite/baselines/arxiv/format_matrix.csv,cd9f4f1040829b1a184a1e5a3609f313c831c0da092531efe2d17887dab5e1b7
format_matrix,ogbn_arxiv_deepres8_w128_s17,RECORDED,DENSE,traffic_ratio_to_beicsr,1.0000573493405132,ratio,common physical/cache model,results_hpca_xorflow/complete_suite/baselines/arxiv/format_matrix.csv,cd9f4f1040829b1a184a1e5a3609f313c831c0da092531efe2d17887dab5e1b7
format_matrix,ogbn_arxiv_deepres8_w128_s17,RECORDED,DENSE,traffic_reduction_vs_beicsr,-5.734934051315754e-05,ratio,common physical/cache model,results_hpca_xorflow/complete_suite/baselines/arxiv/format_matrix.csv,cd9f4f1040829b1a184a1e5a3609f313c831c0da092531efe2d17887dab5e1b7
format_matrix,ogbn_arxiv_deepres8_w128_s17,RECORDED,DENSE,support_index_bytes,0.0,bytes,common physical/cache model,results_hpca_xorflow/complete_suite/baselines/arxiv/format_matrix.csv,cd9f4f1040829b1a184a1e5a3609f313c831c0da092531efe2d17887dab5e1b7
format_matrix,ogbn_arxiv_deepres8_w128_s17,RECORDED,DENSE,feature_cache_misses,7768592.0,count,common physical/cache model,results_hpca_xorflow/complete_suite/baselines/arxiv/format_matrix.csv,cd9f4f1040829b1a184a1e5a3609f313c831c0da092531efe2d17887dab5e1b7
format_matrix,ogbn_arxiv_deepres8_w128_s17,RECORDED,CSR32,total_traffic_bytes,1946195120.0,bytes,common physical/cache model,results_hpca_xorflow/complete_suite/baselines/arxiv/format_matrix.csv,cd9f4f1040829b1a184a1e5a3609f313c831c0da092531efe2d17887dab5e1b7
format_matrix,ogbn_arxiv_deepres8_w128_s17,RECORDED,CSR32,traffic_ratio_to_beicsr,3.223573435817276,ratio,common physical/cache model,results_hpca_xorflow/complete_suite/baselines/arxiv/format_matrix.csv,cd9f4f1040829b1a184a1e5a3609f313c831c0da092531efe2d17887dab5e1b7
format_matrix,ogbn_arxiv_deepres8_w128_s17,RECORDED,CSR32,traffic_reduction_vs_beicsr,-2.223573435817276,ratio,common physical/cache model,results_hpca_xorflow/complete_suite/baselines/arxiv/format_matrix.csv,cd9f4f1040829b1a184a1e5a3609f313c831c0da092531efe2d17887dab5e1b7
format_matrix,ogbn_arxiv_deepres8_w128_s17,RECORDED,CSR32,support_index_bytes,87108372.0,bytes,common physical/cache model,results_hpca_xorflow/complete_suite/baselines/arxiv/format_matrix.csv,cd9f4f1040829b1a184a1e5a3609f313c831c0da092531efe2d17887dab5e1b7
format_matrix,ogbn_arxiv_deepres8_w128_s17,RECORDED,CSR32,feature_cache_misses,26337429.0,count,common physical/cache model,results_hpca_xorflow/complete_suite/baselines/arxiv/format_matrix.csv,cd9f4f1040829b1a184a1e5a3609f313c831c0da092531efe2d17887dab5e1b7
format_matrix,ogbn_arxiv_deepres8_w128_s17,RECORDED,CSR_PACKED,total_traffic_bytes,848432304.0,bytes,common physical/cache model,results_hpca_xorflow/complete_suite/baselines/arxiv/format_matrix.csv,cd9f4f1040829b1a184a1e5a3609f313c831c0da092531efe2d17887dab5e1b7
format_matrix,ogbn_arxiv_deepres8_w128_s17,RECORDED,CSR_PACKED,traffic_ratio_to_beicsr,1.4052978599923978,ratio,common physical/cache model,results_hpca_xorflow/complete_suite/baselines/arxiv/format_matrix.csv,cd9f4f1040829b1a184a1e5a3609f313c831c0da092531efe2d17887dab5e1b7
format_matrix,ogbn_arxiv_deepres8_w128_s17,RECORDED,CSR_PACKED,traffic_reduction_vs_beicsr,-0.4052978599923977,ratio,common physical/cache model,results_hpca_xorflow/complete_suite/baselines/arxiv/format_matrix.csv,cd9f4f1040829b1a184a1e5a3609f313c831c0da092531efe2d17887dab5e1b7
format_matrix,ogbn_arxiv_deepres8_w128_s17,RECORDED,CSR_PACKED,support_index_bytes,19202911.0,bytes,common physical/cache model,results_hpca_xorflow/complete_suite/baselines/arxiv/format_matrix.csv,cd9f4f1040829b1a184a1e5a3609f313c831c0da092531efe2d17887dab5e1b7
format_matrix,ogbn_arxiv_deepres8_w128_s17,RECORDED,CSR_PACKED,feature_cache_misses,11418035.0,count,common physical/cache model,results_hpca_xorflow/complete_suite/baselines/arxiv/format_matrix.csv,cd9f4f1040829b1a184a1e5a3609f313c831c0da092531efe2d17887dab5e1b7
format_matrix,ogbn_arxiv_deepres8_w128_s17,RECORDED,BEICSR,total_traffic_bytes,603738416.0,bytes,common physical/cache model,results_hpca_xorflow/complete_suite/baselines/arxiv/format_matrix.csv,cd9f4f1040829b1a184a1e5a3609f313c831c0da092531efe2d17887dab5e1b7
format_matrix,ogbn_arxiv_deepres8_w128_s17,RECORDED,BEICSR,traffic_ratio_to_beicsr,1.0,ratio,common physical/cache model,results_hpca_xorflow/complete_suite/baselines/arxiv/format_matrix.csv,cd9f4f1040829b1a184a1e5a3609f313c831c0da092531efe2d17887dab5e1b7
format_matrix,ogbn_arxiv_deepres8_w128_s17,RECORDED,BEICSR,traffic_reduction_vs_beicsr,0.0,ratio,common physical/cache model,results_hpca_xorflow/complete_suite/baselines/arxiv/format_matrix.csv,cd9f4f1040829b1a184a1e5a3609f313c831c0da092531efe2d17887dab5e1b7
format_matrix,ogbn_arxiv_deepres8_w128_s17,RECORDED,BEICSR,support_index_bytes,5418976.0,bytes,common physical/cache model,results_hpca_xorflow/complete_suite/baselines/arxiv/format_matrix.csv,cd9f4f1040829b1a184a1e5a3609f313c831c0da092531efe2d17887dab5e1b7
format_matrix,ogbn_arxiv_deepres8_w128_s17,RECORDED,BEICSR,feature_cache_misses,7768061.0,count,common physical/cache model,results_hpca_xorflow/complete_suite/baselines/arxiv/format_matrix.csv,cd9f4f1040829b1a184a1e5a3609f313c831c0da092531efe2d17887dab5e1b7
format_matrix,ogbn_arxiv_deepres8_w128_s17,RECORDED,INDEPENDENT_BEST,total_traffic_bytes,843382896.0,bytes,common physical/cache model,results_hpca_xorflow/complete_suite/baselines/arxiv/format_matrix.csv,cd9f4f1040829b1a184a1e5a3609f313c831c0da092531efe2d17887dab5e1b7
format_matrix,ogbn_arxiv_deepres8_w128_s17,RECORDED,INDEPENDENT_BEST,traffic_ratio_to_beicsr,1.3969342908270392,ratio,common physical/cache model,results_hpca_xorflow/complete_suite/baselines/arxiv/format_matrix.csv,cd9f4f1040829b1a184a1e5a3609f313c831c0da092531efe2d17887dab5e1b7
format_matrix,ogbn_arxiv_deepres8_w128_s17,RECORDED,INDEPENDENT_BEST,traffic_reduction_vs_beicsr,-0.3969342908270392,ratio,common physical/cache model,results_hpca_xorflow/complete_suite/baselines/arxiv/format_matrix.csv,cd9f4f1040829b1a184a1e5a3609f313c831c0da092531efe2d17887dab5e1b7
format_matrix,ogbn_arxiv_deepres8_w128_s17,RECORDED,INDEPENDENT_BEST,support_index_bytes,5418976.0,bytes,common physical/cache model,results_hpca_xorflow/complete_suite/baselines/arxiv/format_matrix.csv,cd9f4f1040829b1a184a1e5a3609f313c831c0da092531efe2d17887dab5e1b7
format_matrix,ogbn_arxiv_deepres8_w128_s17,RECORDED,INDEPENDENT_BEST,feature_cache_misses,11467790.0,count,common physical/cache model,results_hpca_xorflow/complete_suite/baselines/arxiv/format_matrix.csv,cd9f4f1040829b1a184a1e5a3609f313c831c0da092531efe2d17887dab5e1b7
format_matrix,ogbn_arxiv_deepres8_w128_s17,RECORDED,DENSE,total_traffic_bytes,603773040.0,bytes,common physical/cache model,results_hpca_xorflow/complete_suite/baselines/arxiv/format_matrix.csv,cd9f4f1040829b1a184a1e5a3609f313c831c0da092531efe2d17887dab5e1b7
format_matrix,ogbn_arxiv_deepres8_w128_s17,RECORDED,DENSE,traffic_ratio_to_beicsr,1.0003254201574248,ratio,common physical/cache model,results_hpca_xorflow/complete_suite/baselines/arxiv/format_matrix.csv,cd9f4f1040829b1a184a1e5a3609f313c831c0da092531efe2d17887dab5e1b7
format_matrix,ogbn_arxiv_deepres8_w128_s17,RECORDED,DENSE,traffic_reduction_vs_beicsr,-0.0003254201574247,ratio,common physical/cache model,results_hpca_xorflow/complete_suite/baselines/arxiv/format_matrix.csv,cd9f4f1040829b1a184a1e5a3609f313c831c0da092531efe2d17887dab5e1b7
format_matrix,ogbn_arxiv_deepres8_w128_s17,RECORDED,DENSE,support_index_bytes,0.0,bytes,common physical/cache model,results_hpca_xorflow/complete_suite/baselines/arxiv/format_matrix.csv,cd9f4f1040829b1a184a1e5a3609f313c831c0da092531efe2d17887dab5e1b7
format_matrix,ogbn_arxiv_deepres8_w128_s17,RECORDED,DENSE,feature_cache_misses,7768592.0,count,common physical/cache model,results_hpca_xorflow/complete_suite/baselines/arxiv/format_matrix.csv,cd9f4f1040829b1a184a1e5a3609f313c831c0da092531efe2d17887dab5e1b7
format_matrix,ogbn_arxiv_deepres8_w128_s17,RECORDED,CSR32,total_traffic_bytes,1862869488.0,bytes,common physical/cache model,results_hpca_xorflow/complete_suite/baselines/arxiv/format_matrix.csv,cd9f4f1040829b1a184a1e5a3609f313c831c0da092531efe2d17887dab5e1b7
format_matrix,ogbn_arxiv_deepres8_w128_s17,RECORDED,CSR32,traffic_ratio_to_beicsr,3.086384419022828,ratio,common physical/cache model,results_hpca_xorflow/complete_suite/baselines/arxiv/format_matrix.csv,cd9f4f1040829b1a184a1e5a3609f313c831c0da092531efe2d17887dab5e1b7
format_matrix,ogbn_arxiv_deepres8_w128_s17,RECORDED,CSR32,traffic_reduction_vs_beicsr,-2.086384419022828,ratio,common physical/cache model,results_hpca_xorflow/complete_suite/baselines/arxiv/format_matrix.csv,cd9f4f1040829b1a184a1e5a3609f313c831c0da092531efe2d17887dab5e1b7
format_matrix,ogbn_arxiv_deepres8_w128_s17,RECORDED,CSR32,support_index_bytes,82586640.0,bytes,common physical/cache model,results_hpca_xorflow/complete_suite/baselines/arxiv/format_matrix.csv,cd9f4f1040829b1a184a1e5a3609f313c831c0da092531efe2d17887dab5e1b7
format_matrix,ogbn_arxiv_deepres8_w128_s17,RECORDED,CSR32,feature_cache_misses,25220968.0,count,common physical/cache model,results_hpca_xorflow/complete_suite/baselines/arxiv/format_matrix.csv,cd9f4f1040829b1a184a1e5a3609f313c831c0da092531efe2d17887dab5e1b7
format_matrix,ogbn_arxiv_deepres8_w128_s17,RECORDED,CSR_PACKED,total_traffic_bytes,808411184.0,bytes,common physical/cache model,results_hpca_xorflow/complete_suite/baselines/arxiv/format_matrix.csv,cd9f4f1040829b1a184a1e5a3609f313c831c0da092531efe2d17887dab5e1b7
format_matrix,ogbn_arxiv_deepres8_w128_s17,RECORDED,CSR_PACKED,traffic_ratio_to_beicsr,1.3393679474240208,ratio,common physical/cache model,results_hpca_xorflow/complete_suite/baselines/arxiv/format_matrix.csv,cd9f4f1040829b1a184a1e5a3609f313c831c0da092531efe2d17887dab5e1b7
format_matrix,ogbn_arxiv_deepres8_w128_s17,RECORDED,CSR_PACKED,traffic_reduction_vs_beicsr,-0.3393679474240207,ratio,common physical/cache model,results_hpca_xorflow/complete_suite/baselines/arxiv/format_matrix.csv,cd9f4f1040829b1a184a1e5a3609f313c831c0da092531efe2d17887dab5e1b7
format_matrix,ogbn_arxiv_deepres8_w128_s17,RECORDED,CSR_PACKED,support_index_bytes,18213497.0,bytes,common physical/cache model,results_hpca_xorflow/complete_suite/baselines/arxiv/format_matrix.csv,cd9f4f1040829b1a184a1e5a3609f313c831c0da092531efe2d17887dab5e1b7
format_matrix,ogbn_arxiv_deepres8_w128_s17,RECORDED,CSR_PACKED,feature_cache_misses,10875303.0,count,common physical/cache model,results_hpca_xorflow/complete_suite/baselines/arxiv/format_matrix.csv,cd9f4f1040829b1a184a1e5a3609f313c831c0da092531efe2d17887dab5e1b7
format_matrix,ogbn_arxiv_deepres8_w128_s17,RECORDED,BEICSR,total_traffic_bytes,603576624.0,bytes,common physical/cache model,results_hpca_xorflow/complete_suite/baselines/arxiv/format_matrix.csv,cd9f4f1040829b1a184a1e5a3609f313c831c0da092531efe2d17887dab5e1b7
format_matrix,ogbn_arxiv_deepres8_w128_s17,RECORDED,BEICSR,traffic_ratio_to_beicsr,1.0,ratio,common physical/cache model,results_hpca_xorflow/complete_suite/baselines/arxiv/format_matrix.csv,cd9f4f1040829b1a184a1e5a3609f313c831c0da092531efe2d17887dab5e1b7
format_matrix,ogbn_arxiv_deepres8_w128_s17,RECORDED,BEICSR,traffic_reduction_vs_beicsr,0.0,ratio,common physical/cache model,results_hpca_xorflow/complete_suite/baselines/arxiv/format_matrix.csv,cd9f4f1040829b1a184a1e5a3609f313c831c0da092531efe2d17887dab5e1b7
format_matrix,ogbn_arxiv_deepres8_w128_s17,RECORDED,BEICSR,support_index_bytes,5418976.0,bytes,common physical/cache model,results_hpca_xorflow/complete_suite/baselines/arxiv/format_matrix.csv,cd9f4f1040829b1a184a1e5a3609f313c831c0da092531efe2d17887dab5e1b7
format_matrix,ogbn_arxiv_deepres8_w128_s17,RECORDED,BEICSR,feature_cache_misses,7765717.0,count,common physical/cache model,results_hpca_xorflow/complete_suite/baselines/arxiv/format_matrix.csv,cd9f4f1040829b1a184a1e5a3609f313c831c0da092531efe2d17887dab5e1b7
format_matrix,ogbn_arxiv_deepres8_w128_s17,RECORDED,INDEPENDENT_BEST,total_traffic_bytes,840821744.0,bytes,common physical/cache model,results_hpca_xorflow/complete_suite/baselines/arxiv/format_matrix.csv,cd9f4f1040829b1a184a1e5a3609f313c831c0da092531efe2d17887dab5e1b7
format_matrix,ogbn_arxiv_deepres8_w128_s17,RECORDED,INDEPENDENT_BEST,traffic_ratio_to_beicsr,1.3930654544368173,ratio,common physical/cache model,results_hpca_xorflow/complete_suite/baselines/arxiv/format_matrix.csv,cd9f4f1040829b1a184a1e5a3609f313c831c0da092531efe2d17887dab5e1b7
format_matrix,ogbn_arxiv_deepres8_w128_s17,RECORDED,INDEPENDENT_BEST,traffic_reduction_vs_beicsr,-0.3930654544368173,ratio,common physical/cache model,results_hpca_xorflow/complete_suite/baselines/arxiv/format_matrix.csv,cd9f4f1040829b1a184a1e5a3609f313c831c0da092531efe2d17887dab5e1b7
format_matrix,ogbn_arxiv_deepres8_w128_s17,RECORDED,INDEPENDENT_BEST,support_index_bytes,5418976.0,bytes,common physical/cache model,results_hpca_xorflow/complete_suite/baselines/arxiv/format_matrix.csv,cd9f4f1040829b1a184a1e5a3609f313c831c0da092531efe2d17887dab5e1b7
format_matrix,ogbn_arxiv_deepres8_w128_s17,RECORDED,INDEPENDENT_BEST,feature_cache_misses,11430748.0,count,common physical/cache model,results_hpca_xorflow/complete_suite/baselines/arxiv/format_matrix.csv,cd9f4f1040829b1a184a1e5a3609f313c831c0da092531efe2d17887dab5e1b7
format_matrix,ogbn_arxiv_deepres8_w128_s27,RECORDED,DENSE,total_traffic_bytes,603773040.0,bytes,common physical/cache model,results_hpca_xorflow/complete_suite/baselines/arxiv/format_matrix.csv,cd9f4f1040829b1a184a1e5a3609f313c831c0da092531efe2d17887dab5e1b7
format_matrix,ogbn_arxiv_deepres8_w128_s27,RECORDED,DENSE,traffic_ratio_to_beicsr,1.000049716516476,ratio,common physical/cache model,results_hpca_xorflow/complete_suite/baselines/arxiv/format_matrix.csv,cd9f4f1040829b1a184a1e5a3609f313c831c0da092531efe2d17887dab5e1b7
format_matrix,ogbn_arxiv_deepres8_w128_s27,RECORDED,DENSE,traffic_reduction_vs_beicsr,-4.971651647611708e-05,ratio,common physical/cache model,results_hpca_xorflow/complete_suite/baselines/arxiv/format_matrix.csv,cd9f4f1040829b1a184a1e5a3609f313c831c0da092531efe2d17887dab5e1b7
format_matrix,ogbn_arxiv_deepres8_w128_s27,RECORDED,DENSE,support_index_bytes,0.0,bytes,common physical/cache model,results_hpca_xorflow/complete_suite/baselines/arxiv/format_matrix.csv,cd9f4f1040829b1a184a1e5a3609f313c831c0da092531efe2d17887dab5e1b7
format_matrix,ogbn_arxiv_deepres8_w128_s27,RECORDED,DENSE,feature_cache_misses,7768592.0,count,common physical/cache model,results_hpca_xorflow/complete_suite/baselines/arxiv/format_matrix.csv,cd9f4f1040829b1a184a1e5a3609f313c831c0da092531efe2d17887dab5e1b7
format_matrix,ogbn_arxiv_deepres8_w128_s27,RECORDED,CSR32,total_traffic_bytes,1910133232.0,bytes,common physical/cache model,results_hpca_xorflow/complete_suite/baselines/arxiv/format_matrix.csv,cd9f4f1040829b1a184a1e5a3609f313c831c0da092531efe2d17887dab5e1b7
format_matrix,ogbn_arxiv_deepres8_w128_s27,RECORDED,CSR32,traffic_ratio_to_beicsr,3.163818306909332,ratio,common physical/cache model,results_hpca_xorflow/complete_suite/baselines/arxiv/format_matrix.csv,cd9f4f1040829b1a184a1e5a3609f313c831c0da092531efe2d17887dab5e1b7
format_matrix,ogbn_arxiv_deepres8_w128_s27,RECORDED,CSR32,traffic_reduction_vs_beicsr,-2.163818306909332,ratio,common physical/cache model,results_hpca_xorflow/complete_suite/baselines/arxiv/format_matrix.csv,cd9f4f1040829b1a184a1e5a3609f313c831c0da092531efe2d17887dab5e1b7
format_matrix,ogbn_arxiv_deepres8_w128_s27,RECORDED,CSR32,support_index_bytes,84980092.0,bytes,common physical/cache model,results_hpca_xorflow/complete_suite/baselines/arxiv/format_matrix.csv,cd9f4f1040829b1a184a1e5a3609f313c831c0da092531efe2d17887dab5e1b7
format_matrix,ogbn_arxiv_deepres8_w128_s27,RECORDED,CSR32,feature_cache_misses,25867422.0,count,common physical/cache model,results_hpca_xorflow/complete_suite/baselines/arxiv/format_matrix.csv,cd9f4f1040829b1a184a1e5a3609f313c831c0da092531efe2d17887dab5e1b7
format_matrix,ogbn_arxiv_deepres8_w128_s27,RECORDED,CSR_PACKED,total_traffic_bytes,824765232.0,bytes,common physical/cache model,results_hpca_xorflow/complete_suite/baselines/arxiv/format_matrix.csv,cd9f4f1040829b1a184a1e5a3609f313c831c0da092531efe2d17887dab5e1b7
format_matrix,ogbn_arxiv_deepres8_w128_s27,RECORDED,CSR_PACKED,traffic_ratio_to_beicsr,1.3660865620204663,ratio,common physical/cache model,results_hpca_xorflow/complete_suite/baselines/arxiv/format_matrix.csv,cd9f4f1040829b1a184a1e5a3609f313c831c0da092531efe2d17887dab5e1b7
format_matrix,ogbn_arxiv_deepres8_w128_s27,RECORDED,CSR_PACKED,traffic_reduction_vs_beicsr,-0.3660865620204665,ratio,common physical/cache model,results_hpca_xorflow/complete_suite/baselines/arxiv/format_matrix.csv,cd9f4f1040829b1a184a1e5a3609f313c831c0da092531efe2d17887dab5e1b7
format_matrix,ogbn_arxiv_deepres8_w128_s27,RECORDED,CSR_PACKED,support_index_bytes,18737426.0,bytes,common physical/cache model,results_hpca_xorflow/complete_suite/baselines/arxiv/format_matrix.csv,cd9f4f1040829b1a184a1e5a3609f313c831c0da092531efe2d17887dab5e1b7
format_matrix,ogbn_arxiv_deepres8_w128_s27,RECORDED,CSR_PACKED,feature_cache_misses,11101115.0,count,common physical/cache model,results_hpca_xorflow/complete_suite/baselines/arxiv/format_matrix.csv,cd9f4f1040829b1a184a1e5a3609f313c831c0da092531efe2d17887dab5e1b7
format_matrix,ogbn_arxiv_deepres8_w128_s27,RECORDED,BEICSR,total_traffic_bytes,603743024.0,bytes,common physical/cache model,results_hpca_xorflow/complete_suite/baselines/arxiv/format_matrix.csv,cd9f4f1040829b1a184a1e5a3609f313c831c0da092531efe2d17887dab5e1b7
format_matrix,ogbn_arxiv_deepres8_w128_s27,RECORDED,BEICSR,traffic_ratio_to_beicsr,1.0,ratio,common physical/cache model,results_hpca_xorflow/complete_suite/baselines/arxiv/format_matrix.csv,cd9f4f1040829b1a184a1e5a3609f313c831c0da092531efe2d17887dab5e1b7
format_matrix,ogbn_arxiv_deepres8_w128_s27,RECORDED,BEICSR,traffic_reduction_vs_beicsr,0.0,ratio,common physical/cache model,results_hpca_xorflow/complete_suite/baselines/arxiv/format_matrix.csv,cd9f4f1040829b1a184a1e5a3609f313c831c0da092531efe2d17887dab5e1b7
format_matrix,ogbn_arxiv_deepres8_w128_s27,RECORDED,BEICSR,support_index_bytes,5418976.0,bytes,common physical/cache model,results_hpca_xorflow/complete_suite/baselines/arxiv/format_matrix.csv,cd9f4f1040829b1a184a1e5a3609f313c831c0da092531efe2d17887dab5e1b7
format_matrix,ogbn_arxiv_deepres8_w128_s27,RECORDED,BEICSR,feature_cache_misses,7768133.0,count,common physical/cache model,results_hpca_xorflow/complete_suite/baselines/arxiv/format_matrix.csv,cd9f4f1040829b1a184a1e5a3609f313c831c0da092531efe2d17887dab5e1b7
format_matrix,ogbn_arxiv_deepres8_w128_s27,RECORDED,INDEPENDENT_BEST,total_traffic_bytes,843215728.0,bytes,common physical/cache model,results_hpca_xorflow/complete_suite/baselines/arxiv/format_matrix.csv,cd9f4f1040829b1a184a1e5a3609f313c831c0da092531efe2d17887dab5e1b7
format_matrix,ogbn_arxiv_deepres8_w128_s27,RECORDED,INDEPENDENT_BEST,traffic_ratio_to_beicsr,1.3966467428698606,ratio,common physical/cache model,results_hpca_xorflow/complete_suite/baselines/arxiv/format_matrix.csv,cd9f4f1040829b1a184a1e5a3609f313c831c0da092531efe2d17887dab5e1b7
format_matrix,ogbn_arxiv_deepres8_w128_s27,RECORDED,INDEPENDENT_BEST,traffic_reduction_vs_beicsr,-0.3966467428698605,ratio,common physical/cache model,results_hpca_xorflow/complete_suite/baselines/arxiv/format_matrix.csv,cd9f4f1040829b1a184a1e5a3609f313c831c0da092531efe2d17887dab5e1b7
format_matrix,ogbn_arxiv_deepres8_w128_s27,RECORDED,INDEPENDENT_BEST,support_index_bytes,5418976.0,bytes,common physical/cache model,results_hpca_xorflow/complete_suite/baselines/arxiv/format_matrix.csv,cd9f4f1040829b1a184a1e5a3609f313c831c0da092531efe2d17887dab5e1b7
format_matrix,ogbn_arxiv_deepres8_w128_s27,RECORDED,INDEPENDENT_BEST,feature_cache_misses,11465566.0,count,common physical/cache model,results_hpca_xorflow/complete_suite/baselines/arxiv/format_matrix.csv,cd9f4f1040829b1a184a1e5a3609f313c831c0da092531efe2d17887dab5e1b7
format_matrix,ogbn_arxiv_deepres8_w128_s27,RECORDED,DENSE,total_traffic_bytes,603773040.0,bytes,common physical/cache model,results_hpca_xorflow/complete_suite/baselines/arxiv/format_matrix.csv,cd9f4f1040829b1a184a1e5a3609f313c831c0da092531efe2d17887dab5e1b7
format_matrix,ogbn_arxiv_deepres8_w128_s27,RECORDED,DENSE,traffic_ratio_to_beicsr,1.0000444160127782,ratio,common physical/cache model,results_hpca_xorflow/complete_suite/baselines/arxiv/format_matrix.csv,cd9f4f1040829b1a184a1e5a3609f313c831c0da092531efe2d17887dab5e1b7
format_matrix,ogbn_arxiv_deepres8_w128_s27,RECORDED,DENSE,traffic_reduction_vs_beicsr,-4.4416012778158986e-05,ratio,common physical/cache model,results_hpca_xorflow/complete_suite/baselines/arxiv/format_matrix.csv,cd9f4f1040829b1a184a1e5a3609f313c831c0da092531efe2d17887dab5e1b7
format_matrix,ogbn_arxiv_deepres8_w128_s27,RECORDED,DENSE,support_index_bytes,0.0,bytes,common physical/cache model,results_hpca_xorflow/complete_suite/baselines/arxiv/format_matrix.csv,cd9f4f1040829b1a184a1e5a3609f313c831c0da092531efe2d17887dab5e1b7
format_matrix,ogbn_arxiv_deepres8_w128_s27,RECORDED,DENSE,feature_cache_misses,7768592.0,count,common physical/cache model,results_hpca_xorflow/complete_suite/baselines/arxiv/format_matrix.csv,cd9f4f1040829b1a184a1e5a3609f313c831c0da092531efe2d17887dab5e1b7
format_matrix,ogbn_arxiv_deepres8_w128_s27,RECORDED,CSR32,total_traffic_bytes,1849986544.0,bytes,common physical/cache model,results_hpca_xorflow/complete_suite/baselines/arxiv/format_matrix.csv,cd9f4f1040829b1a184a1e5a3609f313c831c0da092531efe2d17887dab5e1b7
format_matrix,ogbn_arxiv_deepres8_w128_s27,RECORDED,CSR32,traffic_ratio_to_beicsr,3.064179071370888,ratio,common physical/cache model,results_hpca_xorflow/complete_suite/baselines/arxiv/format_matrix.csv,cd9f4f1040829b1a184a1e5a3609f313c831c0da092531efe2d17887dab5e1b7
format_matrix,ogbn_arxiv_deepres8_w128_s27,RECORDED,CSR32,traffic_reduction_vs_beicsr,-2.064179071370888,ratio,common physical/cache model,results_hpca_xorflow/complete_suite/baselines/arxiv/format_matrix.csv,cd9f4f1040829b1a184a1e5a3609f313c831c0da092531efe2d17887dab5e1b7
format_matrix,ogbn_arxiv_deepres8_w128_s27,RECORDED,CSR32,support_index_bytes,81634192.0,bytes,common physical/cache model,results_hpca_xorflow/complete_suite/baselines/arxiv/format_matrix.csv,cd9f4f1040829b1a184a1e5a3609f313c831c0da092531efe2d17887dab5e1b7
format_matrix,ogbn_arxiv_deepres8_w128_s27,RECORDED,CSR32,feature_cache_misses,25061322.0,count,common physical/cache model,results_hpca_xorflow/complete_suite/baselines/arxiv/format_matrix.csv,cd9f4f1040829b1a184a1e5a3609f313c831c0da092531efe2d17887dab5e1b7
format_matrix,ogbn_arxiv_deepres8_w128_s27,RECORDED,CSR_PACKED,total_traffic_bytes,797643056.0,bytes,common physical/cache model,results_hpca_xorflow/complete_suite/baselines/arxiv/format_matrix.csv,cd9f4f1040829b1a184a1e5a3609f313c831c0da092531efe2d17887dab5e1b7
format_matrix,ogbn_arxiv_deepres8_w128_s27,RECORDED,CSR_PACKED,traffic_ratio_to_beicsr,1.3211561816741069,ratio,common physical/cache model,results_hpca_xorflow/complete_suite/baselines/arxiv/format_matrix.csv,cd9f4f1040829b1a184a1e5a3609f313c831c0da092531efe2d17887dab5e1b7
format_matrix,ogbn_arxiv_deepres8_w128_s27,RECORDED,CSR_PACKED,traffic_reduction_vs_beicsr,-0.3211561816741068,ratio,common physical/cache model,results_hpca_xorflow/complete_suite/baselines/arxiv/format_matrix.csv,cd9f4f1040829b1a184a1e5a3609f313c831c0da092531efe2d17887dab5e1b7
format_matrix,ogbn_arxiv_deepres8_w128_s27,RECORDED,CSR_PACKED,support_index_bytes,18005918.0,bytes,common physical/cache model,results_hpca_xorflow/complete_suite/baselines/arxiv/format_matrix.csv,cd9f4f1040829b1a184a1e5a3609f313c831c0da092531efe2d17887dab5e1b7
format_matrix,ogbn_arxiv_deepres8_w128_s27,RECORDED,CSR_PACKED,feature_cache_misses,10727897.0,count,common physical/cache model,results_hpca_xorflow/complete_suite/baselines/arxiv/format_matrix.csv,cd9f4f1040829b1a184a1e5a3609f313c831c0da092531efe2d17887dab5e1b7
format_matrix,ogbn_arxiv_deepres8_w128_s27,RECORDED,BEICSR,total_traffic_bytes,603746224.0,bytes,common physical/cache model,results_hpca_xorflow/complete_suite/baselines/arxiv/format_matrix.csv,cd9f4f1040829b1a184a1e5a3609f313c831c0da092531efe2d17887dab5e1b7
format_matrix,ogbn_arxiv_deepres8_w128_s27,RECORDED,BEICSR,traffic_ratio_to_beicsr,1.0,ratio,common physical/cache model,results_hpca_xorflow/complete_suite/baselines/arxiv/format_matrix.csv,cd9f4f1040829b1a184a1e5a3609f313c831c0da092531efe2d17887dab5e1b7
format_matrix,ogbn_arxiv_deepres8_w128_s27,RECORDED,BEICSR,traffic_reduction_vs_beicsr,0.0,ratio,common physical/cache model,results_hpca_xorflow/complete_suite/baselines/arxiv/format_matrix.csv,cd9f4f1040829b1a184a1e5a3609f313c831c0da092531efe2d17887dab5e1b7
format_matrix,ogbn_arxiv_deepres8_w128_s27,RECORDED,BEICSR,support_index_bytes,5418976.0,bytes,common physical/cache model,results_hpca_xorflow/complete_suite/baselines/arxiv/format_matrix.csv,cd9f4f1040829b1a184a1e5a3609f313c831c0da092531efe2d17887dab5e1b7
format_matrix,ogbn_arxiv_deepres8_w128_s27,RECORDED,BEICSR,feature_cache_misses,7768177.0,count,common physical/cache model,results_hpca_xorflow/complete_suite/baselines/arxiv/format_matrix.csv,cd9f4f1040829b1a184a1e5a3609f313c831c0da092531efe2d17887dab5e1b7
format_matrix,ogbn_arxiv_deepres8_w128_s27,RECORDED,INDEPENDENT_BEST,total_traffic_bytes,842320560.0,bytes,common physical/cache model,results_hpca_xorflow/complete_suite/baselines/arxiv/format_matrix.csv,cd9f4f1040829b1a184a1e5a3609f313c831c0da092531efe2d17887dab5e1b7
format_matrix,ogbn_arxiv_deepres8_w128_s27,RECORDED,INDEPENDENT_BEST,traffic_ratio_to_beicsr,1.3951566511163802,ratio,common physical/cache model,results_hpca_xorflow/complete_suite/baselines/arxiv/format_matrix.csv,cd9f4f1040829b1a184a1e5a3609f313c831c0da092531efe2d17887dab5e1b7
format_matrix,ogbn_arxiv_deepres8_w128_s27,RECORDED,INDEPENDENT_BEST,traffic_reduction_vs_beicsr,-0.3951566511163802,ratio,common physical/cache model,results_hpca_xorflow/complete_suite/baselines/arxiv/format_matrix.csv,cd9f4f1040829b1a184a1e5a3609f313c831c0da092531efe2d17887dab5e1b7
format_matrix,ogbn_arxiv_deepres8_w128_s27,RECORDED,INDEPENDENT_BEST,support_index_bytes,5418976.0,bytes,common physical/cache model,results_hpca_xorflow/complete_suite/baselines/arxiv/format_matrix.csv,cd9f4f1040829b1a184a1e5a3609f313c831c0da092531efe2d17887dab5e1b7
format_matrix,ogbn_arxiv_deepres8_w128_s27,RECORDED,INDEPENDENT_BEST,feature_cache_misses,11452287.0,count,common physical/cache model,results_hpca_xorflow/complete_suite/baselines/arxiv/format_matrix.csv,cd9f4f1040829b1a184a1e5a3609f313c831c0da092531efe2d17887dab5e1b7
format_matrix,ogbn_arxiv_deepres8_w128_s7,RECORDED,X0_CAUSAL_INDEPENDENT,total_traffic_bytes,499148016.0,bytes,common physical/cache model,results_hpca_xorflow/complete_suite/baselines/arxiv/format_matrix.csv,cd9f4f1040829b1a184a1e5a3609f313c831c0da092531efe2d17887dab5e1b7
format_matrix,ogbn_arxiv_deepres8_w128_s7,RECORDED,X0_CAUSAL_INDEPENDENT,traffic_ratio_to_beicsr,0.8267537332547377,ratio,common physical/cache model,results_hpca_xorflow/complete_suite/baselines/arxiv/format_matrix.csv,cd9f4f1040829b1a184a1e5a3609f313c831c0da092531efe2d17887dab5e1b7
format_matrix,ogbn_arxiv_deepres8_w128_s7,RECORDED,X0_CAUSAL_INDEPENDENT,traffic_reduction_vs_beicsr,0.1732462667452623,ratio,common physical/cache model,results_hpca_xorflow/complete_suite/baselines/arxiv/format_matrix.csv,cd9f4f1040829b1a184a1e5a3609f313c831c0da092531efe2d17887dab5e1b7
format_matrix,ogbn_arxiv_deepres8_w128_s7,RECORDED,X0_CAUSAL_INDEPENDENT,support_index_bytes,4607186.0,bytes,common physical/cache model,results_hpca_xorflow/complete_suite/baselines/arxiv/format_matrix.csv,cd9f4f1040829b1a184a1e5a3609f313c831c0da092531efe2d17887dab5e1b7
format_matrix,ogbn_arxiv_deepres8_w128_s7,RECORDED,X0_CAUSAL_INDEPENDENT,feature_cache_misses,6120441.0,count,common physical/cache model,results_hpca_xorflow/complete_suite/baselines/arxiv/format_matrix.csv,cd9f4f1040829b1a184a1e5a3609f313c831c0da092531efe2d17887dab5e1b7
format_matrix,ogbn_arxiv_deepres8_w128_s7,RECORDED,X1_CAUSAL_AUTO,total_traffic_bytes,498298032.0,bytes,common physical/cache model,results_hpca_xorflow/complete_suite/baselines/arxiv/format_matrix.csv,cd9f4f1040829b1a184a1e5a3609f313c831c0da092531efe2d17887dab5e1b7
format_matrix,ogbn_arxiv_deepres8_w128_s7,RECORDED,X1_CAUSAL_AUTO,traffic_ratio_to_beicsr,0.825345879426452,ratio,common physical/cache model,results_hpca_xorflow/complete_suite/baselines/arxiv/format_matrix.csv,cd9f4f1040829b1a184a1e5a3609f313c831c0da092531efe2d17887dab5e1b7
format_matrix,ogbn_arxiv_deepres8_w128_s7,RECORDED,X1_CAUSAL_AUTO,traffic_reduction_vs_beicsr,0.174654120573548,ratio,common physical/cache model,results_hpca_xorflow/complete_suite/baselines/arxiv/format_matrix.csv,cd9f4f1040829b1a184a1e5a3609f313c831c0da092531efe2d17887dab5e1b7
format_matrix,ogbn_arxiv_deepres8_w128_s7,RECORDED,X1_CAUSAL_AUTO,support_index_bytes,4322204.0,bytes,common physical/cache model,results_hpca_xorflow/complete_suite/baselines/arxiv/format_matrix.csv,cd9f4f1040829b1a184a1e5a3609f313c831c0da092531efe2d17887dab5e1b7
format_matrix,ogbn_arxiv_deepres8_w128_s7,RECORDED,X1_CAUSAL_AUTO,feature_cache_misses,6120441.0,count,common physical/cache model,results_hpca_xorflow/complete_suite/baselines/arxiv/format_matrix.csv,cd9f4f1040829b1a184a1e5a3609f313c831c0da092531efe2d17887dab5e1b7
format_matrix,ogbn_arxiv_deepres8_w128_s7,RECORDED,X2_CAUSAL_FORCE,total_traffic_bytes,498298032.0,bytes,common physical/cache model,results_hpca_xorflow/complete_suite/baselines/arxiv/format_matrix.csv,cd9f4f1040829b1a184a1e5a3609f313c831c0da092531efe2d17887dab5e1b7
format_matrix,ogbn_arxiv_deepres8_w128_s7,RECORDED,X2_CAUSAL_FORCE,traffic_ratio_to_beicsr,0.825345879426452,ratio,common physical/cache model,results_hpca_xorflow/complete_suite/baselines/arxiv/format_matrix.csv,cd9f4f1040829b1a184a1e5a3609f313c831c0da092531efe2d17887dab5e1b7
format_matrix,ogbn_arxiv_deepres8_w128_s7,RECORDED,X2_CAUSAL_FORCE,traffic_reduction_vs_beicsr,0.174654120573548,ratio,common physical/cache model,results_hpca_xorflow/complete_suite/baselines/arxiv/format_matrix.csv,cd9f4f1040829b1a184a1e5a3609f313c831c0da092531efe2d17887dab5e1b7
format_matrix,ogbn_arxiv_deepres8_w128_s7,RECORDED,X2_CAUSAL_FORCE,support_index_bytes,4322204.0,bytes,common physical/cache model,results_hpca_xorflow/complete_suite/baselines/arxiv/format_matrix.csv,cd9f4f1040829b1a184a1e5a3609f313c831c0da092531efe2d17887dab5e1b7
format_matrix,ogbn_arxiv_deepres8_w128_s7,RECORDED,X2_CAUSAL_FORCE,feature_cache_misses,6120441.0,count,common physical/cache model,results_hpca_xorflow/complete_suite/baselines/arxiv/format_matrix.csv,cd9f4f1040829b1a184a1e5a3609f313c831c0da092531efe2d17887dab5e1b7
format_matrix,ogbn_arxiv_deepres8_w128_s7,RECORDED,O0_OFFLINE_MAJORITY,total_traffic_bytes,498287664.0,bytes,common physical/cache model,results_hpca_xorflow/complete_suite/baselines/arxiv/format_matrix.csv,cd9f4f1040829b1a184a1e5a3609f313c831c0da092531efe2d17887dab5e1b7
format_matrix,ogbn_arxiv_deepres8_w128_s7,RECORDED,O0_OFFLINE_MAJORITY,traffic_ratio_to_beicsr,0.8253287065990909,ratio,common physical/cache model,results_hpca_xorflow/complete_suite/baselines/arxiv/format_matrix.csv,cd9f4f1040829b1a184a1e5a3609f313c831c0da092531efe2d17887dab5e1b7
format_matrix,ogbn_arxiv_deepres8_w128_s7,RECORDED,O0_OFFLINE_MAJORITY,traffic_reduction_vs_beicsr,0.1746712934009091,ratio,common physical/cache model,results_hpca_xorflow/complete_suite/baselines/arxiv/format_matrix.csv,cd9f4f1040829b1a184a1e5a3609f313c831c0da092531efe2d17887dab5e1b7
format_matrix,ogbn_arxiv_deepres8_w128_s7,RECORDED,O0_OFFLINE_MAJORITY,support_index_bytes,4319650.0,bytes,common physical/cache model,results_hpca_xorflow/complete_suite/baselines/arxiv/format_matrix.csv,cd9f4f1040829b1a184a1e5a3609f313c831c0da092531efe2d17887dab5e1b7
format_matrix,ogbn_arxiv_deepres8_w128_s7,RECORDED,O0_OFFLINE_MAJORITY,feature_cache_misses,6120441.0,count,common physical/cache model,results_hpca_xorflow/complete_suite/baselines/arxiv/format_matrix.csv,cd9f4f1040829b1a184a1e5a3609f313c831c0da092531efe2d17887dab5e1b7
format_matrix,ogbn_arxiv_deepres8_w128_s7,RECORDED,O1_FREE_SUPPORT,total_traffic_bytes,485199408.0,bytes,common physical/cache model,results_hpca_xorflow/complete_suite/baselines/arxiv/format_matrix.csv,cd9f4f1040829b1a184a1e5a3609f313c831c0da092531efe2d17887dab5e1b7
format_matrix,ogbn_arxiv_deepres8_w128_s7,RECORDED,O1_FREE_SUPPORT,traffic_ratio_to_beicsr,0.8036502381629993,ratio,common physical/cache model,results_hpca_xorflow/complete_suite/baselines/arxiv/format_matrix.csv,cd9f4f1040829b1a184a1e5a3609f313c831c0da092531efe2d17887dab5e1b7
format_matrix,ogbn_arxiv_deepres8_w128_s7,RECORDED,O1_FREE_SUPPORT,traffic_reduction_vs_beicsr,0.1963497618370007,ratio,common physical/cache model,results_hpca_xorflow/complete_suite/baselines/arxiv/format_matrix.csv,cd9f4f1040829b1a184a1e5a3609f313c831c0da092531efe2d17887dab5e1b7
format_matrix,ogbn_arxiv_deepres8_w128_s7,RECORDED,O1_FREE_SUPPORT,support_index_bytes,0.0,bytes,common physical/cache model,results_hpca_xorflow/complete_suite/baselines/arxiv/format_matrix.csv,cd9f4f1040829b1a184a1e5a3609f313c831c0da092531efe2d17887dab5e1b7
format_matrix,ogbn_arxiv_deepres8_w128_s7,RECORDED,O1_FREE_SUPPORT,feature_cache_misses,6120441.0,count,common physical/cache model,results_hpca_xorflow/complete_suite/baselines/arxiv/format_matrix.csv,cd9f4f1040829b1a184a1e5a3609f313c831c0da092531efe2d17887dab5e1b7
format_matrix,ogbn_arxiv_deepres8_w128_s7,RECORDED,X0_CAUSAL_INDEPENDENT,total_traffic_bytes,430511280.0,bytes,common physical/cache model,results_hpca_xorflow/complete_suite/baselines/arxiv/format_matrix.csv,cd9f4f1040829b1a184a1e5a3609f313c831c0da092531efe2d17887dab5e1b7
format_matrix,ogbn_arxiv_deepres8_w128_s7,RECORDED,X0_CAUSAL_INDEPENDENT,traffic_ratio_to_beicsr,0.7131025275229492,ratio,common physical/cache model,results_hpca_xorflow/complete_suite/baselines/arxiv/format_matrix.csv,cd9f4f1040829b1a184a1e5a3609f313c831c0da092531efe2d17887dab5e1b7
format_matrix,ogbn_arxiv_deepres8_w128_s7,RECORDED,X0_CAUSAL_INDEPENDENT,traffic_reduction_vs_beicsr,0.2868974724770508,ratio,common physical/cache model,results_hpca_xorflow/complete_suite/baselines/arxiv/format_matrix.csv,cd9f4f1040829b1a184a1e5a3609f313c831c0da092531efe2d17887dab5e1b7
format_matrix,ogbn_arxiv_deepres8_w128_s7,RECORDED,X0_CAUSAL_INDEPENDENT,support_index_bytes,4227990.0,bytes,common physical/cache model,results_hpca_xorflow/complete_suite/baselines/arxiv/format_matrix.csv,cd9f4f1040829b1a184a1e5a3609f313c831c0da092531efe2d17887dab5e1b7
format_matrix,ogbn_arxiv_deepres8_w128_s7,RECORDED,X0_CAUSAL_INDEPENDENT,feature_cache_misses,5201433.0,count,common physical/cache model,results_hpca_xorflow/complete_suite/baselines/arxiv/format_matrix.csv,cd9f4f1040829b1a184a1e5a3609f313c831c0da092531efe2d17887dab5e1b7
format_matrix,ogbn_arxiv_deepres8_w128_s7,RECORDED,X1_CAUSAL_AUTO,total_traffic_bytes,429564336.0,bytes,common physical/cache model,results_hpca_xorflow/complete_suite/baselines/arxiv/format_matrix.csv,cd9f4f1040829b1a184a1e5a3609f313c831c0da092531efe2d17887dab5e1b7
format_matrix,ogbn_arxiv_deepres8_w128_s7,RECORDED,X1_CAUSAL_AUTO,traffic_ratio_to_beicsr,0.7115340014675514,ratio,common physical/cache model,results_hpca_xorflow/complete_suite/baselines/arxiv/format_matrix.csv,cd9f4f1040829b1a184a1e5a3609f313c831c0da092531efe2d17887dab5e1b7
format_matrix,ogbn_arxiv_deepres8_w128_s7,RECORDED,X1_CAUSAL_AUTO,traffic_reduction_vs_beicsr,0.2884659985324486,ratio,common physical/cache model,results_hpca_xorflow/complete_suite/baselines/arxiv/format_matrix.csv,cd9f4f1040829b1a184a1e5a3609f313c831c0da092531efe2d17887dab5e1b7
format_matrix,ogbn_arxiv_deepres8_w128_s7,RECORDED,X1_CAUSAL_AUTO,support_index_bytes,3911417.0,bytes,common physical/cache model,results_hpca_xorflow/complete_suite/baselines/arxiv/format_matrix.csv,cd9f4f1040829b1a184a1e5a3609f313c831c0da092531efe2d17887dab5e1b7
format_matrix,ogbn_arxiv_deepres8_w128_s7,RECORDED,X1_CAUSAL_AUTO,feature_cache_misses,5201433.0,count,common physical/cache model,results_hpca_xorflow/complete_suite/baselines/arxiv/format_matrix.csv,cd9f4f1040829b1a184a1e5a3609f313c831c0da092531efe2d17887dab5e1b7
format_matrix,ogbn_arxiv_deepres8_w128_s7,RECORDED,X2_CAUSAL_FORCE,total_traffic_bytes,429564336.0,bytes,common physical/cache model,results_hpca_xorflow/complete_suite/baselines/arxiv/format_matrix.csv,cd9f4f1040829b1a184a1e5a3609f313c831c0da092531efe2d17887dab5e1b7
format_matrix,ogbn_arxiv_deepres8_w128_s7,RECORDED,X2_CAUSAL_FORCE,traffic_ratio_to_beicsr,0.7115340014675514,ratio,common physical/cache model,results_hpca_xorflow/complete_suite/baselines/arxiv/format_matrix.csv,cd9f4f1040829b1a184a1e5a3609f313c831c0da092531efe2d17887dab5e1b7
format_matrix,ogbn_arxiv_deepres8_w128_s7,RECORDED,X2_CAUSAL_FORCE,traffic_reduction_vs_beicsr,0.2884659985324486,ratio,common physical/cache model,results_hpca_xorflow/complete_suite/baselines/arxiv/format_matrix.csv,cd9f4f1040829b1a184a1e5a3609f313c831c0da092531efe2d17887dab5e1b7
format_matrix,ogbn_arxiv_deepres8_w128_s7,RECORDED,X2_CAUSAL_FORCE,support_index_bytes,3911417.0,bytes,common physical/cache model,results_hpca_xorflow/complete_suite/baselines/arxiv/format_matrix.csv,cd9f4f1040829b1a184a1e5a3609f313c831c0da092531efe2d17887dab5e1b7
format_matrix,ogbn_arxiv_deepres8_w128_s7,RECORDED,X2_CAUSAL_FORCE,feature_cache_misses,5201433.0,count,common physical/cache model,results_hpca_xorflow/complete_suite/baselines/arxiv/format_matrix.csv,cd9f4f1040829b1a184a1e5a3609f313c831c0da092531efe2d17887dab5e1b7
format_matrix,ogbn_arxiv_deepres8_w128_s7,RECORDED,O0_OFFLINE_MAJORITY,total_traffic_bytes,429536496.0,bytes,common physical/cache model,results_hpca_xorflow/complete_suite/baselines/arxiv/format_matrix.csv,cd9f4f1040829b1a184a1e5a3609f313c831c0da092531efe2d17887dab5e1b7
format_matrix,ogbn_arxiv_deepres8_w128_s7,RECORDED,O0_OFFLINE_MAJORITY,traffic_ratio_to_beicsr,0.711487887055947,ratio,common physical/cache model,results_hpca_xorflow/complete_suite/baselines/arxiv/format_matrix.csv,cd9f4f1040829b1a184a1e5a3609f313c831c0da092531efe2d17887dab5e1b7
format_matrix,ogbn_arxiv_deepres8_w128_s7,RECORDED,O0_OFFLINE_MAJORITY,traffic_reduction_vs_beicsr,0.288512112944053,ratio,common physical/cache model,results_hpca_xorflow/complete_suite/baselines/arxiv/format_matrix.csv,cd9f4f1040829b1a184a1e5a3609f313c831c0da092531efe2d17887dab5e1b7
format_matrix,ogbn_arxiv_deepres8_w128_s7,RECORDED,O0_OFFLINE_MAJORITY,support_index_bytes,3902911.0,bytes,common physical/cache model,results_hpca_xorflow/complete_suite/baselines/arxiv/format_matrix.csv,cd9f4f1040829b1a184a1e5a3609f313c831c0da092531efe2d17887dab5e1b7
format_matrix,ogbn_arxiv_deepres8_w128_s7,RECORDED,O0_OFFLINE_MAJORITY,feature_cache_misses,5201433.0,count,common physical/cache model,results_hpca_xorflow/complete_suite/baselines/arxiv/format_matrix.csv,cd9f4f1040829b1a184a1e5a3609f313c831c0da092531efe2d17887dab5e1b7
format_matrix,ogbn_arxiv_deepres8_w128_s7,RECORDED,O1_FREE_SUPPORT,total_traffic_bytes,417702960.0,bytes,common physical/cache model,results_hpca_xorflow/complete_suite/baselines/arxiv/format_matrix.csv,cd9f4f1040829b1a184a1e5a3609f313c831c0da092531efe2d17887dab5e1b7
format_matrix,ogbn_arxiv_deepres8_w128_s7,RECORDED,O1_FREE_SUPPORT,traffic_ratio_to_beicsr,0.6918867178806961,ratio,common physical/cache model,results_hpca_xorflow/complete_suite/baselines/arxiv/format_matrix.csv,cd9f4f1040829b1a184a1e5a3609f313c831c0da092531efe2d17887dab5e1b7
format_matrix,ogbn_arxiv_deepres8_w128_s7,RECORDED,O1_FREE_SUPPORT,traffic_reduction_vs_beicsr,0.3081132821193039,ratio,common physical/cache model,results_hpca_xorflow/complete_suite/baselines/arxiv/format_matrix.csv,cd9f4f1040829b1a184a1e5a3609f313c831c0da092531efe2d17887dab5e1b7
format_matrix,ogbn_arxiv_deepres8_w128_s7,RECORDED,O1_FREE_SUPPORT,support_index_bytes,0.0,bytes,common physical/cache model,results_hpca_xorflow/complete_suite/baselines/arxiv/format_matrix.csv,cd9f4f1040829b1a184a1e5a3609f313c831c0da092531efe2d17887dab5e1b7
format_matrix,ogbn_arxiv_deepres8_w128_s7,RECORDED,O1_FREE_SUPPORT,feature_cache_misses,5201433.0,count,common physical/cache model,results_hpca_xorflow/complete_suite/baselines/arxiv/format_matrix.csv,cd9f4f1040829b1a184a1e5a3609f313c831c0da092531efe2d17887dab5e1b7
format_matrix,ogbn_arxiv_deepres8_w128_s17,RECORDED,X0_CAUSAL_INDEPENDENT,total_traffic_bytes,522337648.0,bytes,common physical/cache model,results_hpca_xorflow/complete_suite/baselines/arxiv/format_matrix.csv,cd9f4f1040829b1a184a1e5a3609f313c831c0da092531efe2d17887dab5e1b7
format_matrix,ogbn_arxiv_deepres8_w128_s17,RECORDED,X0_CAUSAL_INDEPENDENT,traffic_ratio_to_beicsr,0.8651721244784927,ratio,common physical/cache model,results_hpca_xorflow/complete_suite/baselines/arxiv/format_matrix.csv,cd9f4f1040829b1a184a1e5a3609f313c831c0da092531efe2d17887dab5e1b7
format_matrix,ogbn_arxiv_deepres8_w128_s17,RECORDED,X0_CAUSAL_INDEPENDENT,traffic_reduction_vs_beicsr,0.1348278755215073,ratio,common physical/cache model,results_hpca_xorflow/complete_suite/baselines/arxiv/format_matrix.csv,cd9f4f1040829b1a184a1e5a3609f313c831c0da092531efe2d17887dab5e1b7
format_matrix,ogbn_arxiv_deepres8_w128_s17,RECORDED,X0_CAUSAL_INDEPENDENT,support_index_bytes,4690935.0,bytes,common physical/cache model,results_hpca_xorflow/complete_suite/baselines/arxiv/format_matrix.csv,cd9f4f1040829b1a184a1e5a3609f313c831c0da092531efe2d17887dab5e1b7
format_matrix,ogbn_arxiv_deepres8_w128_s17,RECORDED,X0_CAUSAL_INDEPENDENT,feature_cache_misses,6420364.0,count,common physical/cache model,results_hpca_xorflow/complete_suite/baselines/arxiv/format_matrix.csv,cd9f4f1040829b1a184a1e5a3609f313c831c0da092531efe2d17887dab5e1b7
format_matrix,ogbn_arxiv_deepres8_w128_s17,RECORDED,X1_CAUSAL_AUTO,total_traffic_bytes,521480752.0,bytes,common physical/cache model,results_hpca_xorflow/complete_suite/baselines/arxiv/format_matrix.csv,cd9f4f1040829b1a184a1e5a3609f313c831c0da092531efe2d17887dab5e1b7
format_matrix,ogbn_arxiv_deepres8_w128_s17,RECORDED,X1_CAUSAL_AUTO,traffic_ratio_to_beicsr,0.8637528078054254,ratio,common physical/cache model,results_hpca_xorflow/complete_suite/baselines/arxiv/format_matrix.csv,cd9f4f1040829b1a184a1e5a3609f313c831c0da092531efe2d17887dab5e1b7
format_matrix,ogbn_arxiv_deepres8_w128_s17,RECORDED,X1_CAUSAL_AUTO,traffic_reduction_vs_beicsr,0.1362471921945746,ratio,common physical/cache model,results_hpca_xorflow/complete_suite/baselines/arxiv/format_matrix.csv,cd9f4f1040829b1a184a1e5a3609f313c831c0da092531efe2d17887dab5e1b7
format_matrix,ogbn_arxiv_deepres8_w128_s17,RECORDED,X1_CAUSAL_AUTO,support_index_bytes,4406228.0,bytes,common physical/cache model,results_hpca_xorflow/complete_suite/baselines/arxiv/format_matrix.csv,cd9f4f1040829b1a184a1e5a3609f313c831c0da092531efe2d17887dab5e1b7
format_matrix,ogbn_arxiv_deepres8_w128_s17,RECORDED,X1_CAUSAL_AUTO,feature_cache_misses,6420364.0,count,common physical/cache model,results_hpca_xorflow/complete_suite/baselines/arxiv/format_matrix.csv,cd9f4f1040829b1a184a1e5a3609f313c831c0da092531efe2d17887dab5e1b7
format_matrix,ogbn_arxiv_deepres8_w128_s17,RECORDED,X2_CAUSAL_FORCE,total_traffic_bytes,521480752.0,bytes,common physical/cache model,results_hpca_xorflow/complete_suite/baselines/arxiv/format_matrix.csv,cd9f4f1040829b1a184a1e5a3609f313c831c0da092531efe2d17887dab5e1b7
format_matrix,ogbn_arxiv_deepres8_w128_s17,RECORDED,X2_CAUSAL_FORCE,traffic_ratio_to_beicsr,0.8637528078054254,ratio,common physical/cache model,results_hpca_xorflow/complete_suite/baselines/arxiv/format_matrix.csv,cd9f4f1040829b1a184a1e5a3609f313c831c0da092531efe2d17887dab5e1b7
format_matrix,ogbn_arxiv_deepres8_w128_s17,RECORDED,X2_CAUSAL_FORCE,traffic_reduction_vs_beicsr,0.1362471921945746,ratio,common physical/cache model,results_hpca_xorflow/complete_suite/baselines/arxiv/format_matrix.csv,cd9f4f1040829b1a184a1e5a3609f313c831c0da092531efe2d17887dab5e1b7
format_matrix,ogbn_arxiv_deepres8_w128_s17,RECORDED,X2_CAUSAL_FORCE,support_index_bytes,4406228.0,bytes,common physical/cache model,results_hpca_xorflow/complete_suite/baselines/arxiv/format_matrix.csv,cd9f4f1040829b1a184a1e5a3609f313c831c0da092531efe2d17887dab5e1b7
format_matrix,ogbn_arxiv_deepres8_w128_s17,RECORDED,X2_CAUSAL_FORCE,feature_cache_misses,6420364.0,count,common physical/cache model,results_hpca_xorflow/complete_suite/baselines/arxiv/format_matrix.csv,cd9f4f1040829b1a184a1e5a3609f313c831c0da092531efe2d17887dab5e1b7
format_matrix,ogbn_arxiv_deepres8_w128_s17,RECORDED,O0_OFFLINE_MAJORITY,total_traffic_bytes,521472304.0,bytes,common physical/cache model,results_hpca_xorflow/complete_suite/baselines/arxiv/format_matrix.csv,cd9f4f1040829b1a184a1e5a3609f313c831c0da092531efe2d17887dab5e1b7
format_matrix,ogbn_arxiv_deepres8_w128_s17,RECORDED,O0_OFFLINE_MAJORITY,traffic_ratio_to_beicsr,0.863738814990365,ratio,common physical/cache model,results_hpca_xorflow/complete_suite/baselines/arxiv/format_matrix.csv,cd9f4f1040829b1a184a1e5a3609f313c831c0da092531efe2d17887dab5e1b7
format_matrix,ogbn_arxiv_deepres8_w128_s17,RECORDED,O0_OFFLINE_MAJORITY,traffic_reduction_vs_beicsr,0.136261185009635,ratio,common physical/cache model,results_hpca_xorflow/complete_suite/baselines/arxiv/format_matrix.csv,cd9f4f1040829b1a184a1e5a3609f313c831c0da092531efe2d17887dab5e1b7
format_matrix,ogbn_arxiv_deepres8_w128_s17,RECORDED,O0_OFFLINE_MAJORITY,support_index_bytes,4403192.0,bytes,common physical/cache model,results_hpca_xorflow/complete_suite/baselines/arxiv/format_matrix.csv,cd9f4f1040829b1a184a1e5a3609f313c831c0da092531efe2d17887dab5e1b7
format_matrix,ogbn_arxiv_deepres8_w128_s17,RECORDED,O0_OFFLINE_MAJORITY,feature_cache_misses,6420364.0,count,common physical/cache model,results_hpca_xorflow/complete_suite/baselines/arxiv/format_matrix.csv,cd9f4f1040829b1a184a1e5a3609f313c831c0da092531efe2d17887dab5e1b7
format_matrix,ogbn_arxiv_deepres8_w128_s17,RECORDED,O1_FREE_SUPPORT,total_traffic_bytes,508135408.0,bytes,common physical/cache model,results_hpca_xorflow/complete_suite/baselines/arxiv/format_matrix.csv,cd9f4f1040829b1a184a1e5a3609f313c831c0da092531efe2d17887dab5e1b7
format_matrix,ogbn_arxiv_deepres8_w128_s17,RECORDED,O1_FREE_SUPPORT,traffic_ratio_to_beicsr,0.8416482942506677,ratio,common physical/cache model,results_hpca_xorflow/complete_suite/baselines/arxiv/format_matrix.csv,cd9f4f1040829b1a184a1e5a3609f313c831c0da092531efe2d17887dab5e1b7
format_matrix,ogbn_arxiv_deepres8_w128_s17,RECORDED,O1_FREE_SUPPORT,traffic_reduction_vs_beicsr,0.1583517057493323,ratio,common physical/cache model,results_hpca_xorflow/complete_suite/baselines/arxiv/format_matrix.csv,cd9f4f1040829b1a184a1e5a3609f313c831c0da092531efe2d17887dab5e1b7
format_matrix,ogbn_arxiv_deepres8_w128_s17,RECORDED,O1_FREE_SUPPORT,support_index_bytes,0.0,bytes,common physical/cache model,results_hpca_xorflow/complete_suite/baselines/arxiv/format_matrix.csv,cd9f4f1040829b1a184a1e5a3609f313c831c0da092531efe2d17887dab5e1b7
format_matrix,ogbn_arxiv_deepres8_w128_s17,RECORDED,O1_FREE_SUPPORT,feature_cache_misses,6420364.0,count,common physical/cache model,results_hpca_xorflow/complete_suite/baselines/arxiv/format_matrix.csv,cd9f4f1040829b1a184a1e5a3609f313c831c0da092531efe2d17887dab5e1b7
format_matrix,ogbn_arxiv_deepres8_w128_s17,RECORDED,X0_CAUSAL_INDEPENDENT,total_traffic_bytes,439974896.0,bytes,common physical/cache model,results_hpca_xorflow/complete_suite/baselines/arxiv/format_matrix.csv,cd9f4f1040829b1a184a1e5a3609f313c831c0da092531efe2d17887dab5e1b7
format_matrix,ogbn_arxiv_deepres8_w128_s17,RECORDED,X0_CAUSAL_INDEPENDENT,traffic_ratio_to_beicsr,0.7289462157832011,ratio,common physical/cache model,results_hpca_xorflow/complete_suite/baselines/arxiv/format_matrix.csv,cd9f4f1040829b1a184a1e5a3609f313c831c0da092531efe2d17887dab5e1b7
format_matrix,ogbn_arxiv_deepres8_w128_s17,RECORDED,X0_CAUSAL_INDEPENDENT,traffic_reduction_vs_beicsr,0.2710537842167989,ratio,common physical/cache model,results_hpca_xorflow/complete_suite/baselines/arxiv/format_matrix.csv,cd9f4f1040829b1a184a1e5a3609f313c831c0da092531efe2d17887dab5e1b7
format_matrix,ogbn_arxiv_deepres8_w128_s17,RECORDED,X0_CAUSAL_INDEPENDENT,support_index_bytes,4364890.0,bytes,common physical/cache model,results_hpca_xorflow/complete_suite/baselines/arxiv/format_matrix.csv,cd9f4f1040829b1a184a1e5a3609f313c831c0da092531efe2d17887dab5e1b7
format_matrix,ogbn_arxiv_deepres8_w128_s17,RECORDED,X0_CAUSAL_INDEPENDENT,feature_cache_misses,5321942.0,count,common physical/cache model,results_hpca_xorflow/complete_suite/baselines/arxiv/format_matrix.csv,cd9f4f1040829b1a184a1e5a3609f313c831c0da092531efe2d17887dab5e1b7
format_matrix,ogbn_arxiv_deepres8_w128_s17,RECORDED,X1_CAUSAL_AUTO,total_traffic_bytes,438996080.0,bytes,common physical/cache model,results_hpca_xorflow/complete_suite/baselines/arxiv/format_matrix.csv,cd9f4f1040829b1a184a1e5a3609f313c831c0da092531efe2d17887dab5e1b7
format_matrix,ogbn_arxiv_deepres8_w128_s17,RECORDED,X1_CAUSAL_AUTO,traffic_ratio_to_beicsr,0.727324522760179,ratio,common physical/cache model,results_hpca_xorflow/complete_suite/baselines/arxiv/format_matrix.csv,cd9f4f1040829b1a184a1e5a3609f313c831c0da092531efe2d17887dab5e1b7
format_matrix,ogbn_arxiv_deepres8_w128_s17,RECORDED,X1_CAUSAL_AUTO,traffic_reduction_vs_beicsr,0.272675477239821,ratio,common physical/cache model,results_hpca_xorflow/complete_suite/baselines/arxiv/format_matrix.csv,cd9f4f1040829b1a184a1e5a3609f313c831c0da092531efe2d17887dab5e1b7
format_matrix,ogbn_arxiv_deepres8_w128_s17,RECORDED,X1_CAUSAL_AUTO,support_index_bytes,4038159.0,bytes,common physical/cache model,results_hpca_xorflow/complete_suite/baselines/arxiv/format_matrix.csv,cd9f4f1040829b1a184a1e5a3609f313c831c0da092531efe2d17887dab5e1b7
format_matrix,ogbn_arxiv_deepres8_w128_s17,RECORDED,X1_CAUSAL_AUTO,feature_cache_misses,5321942.0,count,common physical/cache model,results_hpca_xorflow/complete_suite/baselines/arxiv/format_matrix.csv,cd9f4f1040829b1a184a1e5a3609f313c831c0da092531efe2d17887dab5e1b7
format_matrix,ogbn_arxiv_deepres8_w128_s17,RECORDED,X2_CAUSAL_FORCE,total_traffic_bytes,438996080.0,bytes,common physical/cache model,results_hpca_xorflow/complete_suite/baselines/arxiv/format_matrix.csv,cd9f4f1040829b1a184a1e5a3609f313c831c0da092531efe2d17887dab5e1b7
format_matrix,ogbn_arxiv_deepres8_w128_s17,RECORDED,X2_CAUSAL_FORCE,traffic_ratio_to_beicsr,0.727324522760179,ratio,common physical/cache model,results_hpca_xorflow/complete_suite/baselines/arxiv/format_matrix.csv,cd9f4f1040829b1a184a1e5a3609f313c831c0da092531efe2d17887dab5e1b7
format_matrix,ogbn_arxiv_deepres8_w128_s17,RECORDED,X2_CAUSAL_FORCE,traffic_reduction_vs_beicsr,0.272675477239821,ratio,common physical/cache model,results_hpca_xorflow/complete_suite/baselines/arxiv/format_matrix.csv,cd9f4f1040829b1a184a1e5a3609f313c831c0da092531efe2d17887dab5e1b7
format_matrix,ogbn_arxiv_deepres8_w128_s17,RECORDED,X2_CAUSAL_FORCE,support_index_bytes,4038159.0,bytes,common physical/cache model,results_hpca_xorflow/complete_suite/baselines/arxiv/format_matrix.csv,cd9f4f1040829b1a184a1e5a3609f313c831c0da092531efe2d17887dab5e1b7
format_matrix,ogbn_arxiv_deepres8_w128_s17,RECORDED,X2_CAUSAL_FORCE,feature_cache_misses,5321942.0,count,common physical/cache model,results_hpca_xorflow/complete_suite/baselines/arxiv/format_matrix.csv,cd9f4f1040829b1a184a1e5a3609f313c831c0da092531efe2d17887dab5e1b7
format_matrix,ogbn_arxiv_deepres8_w128_s17,RECORDED,O0_OFFLINE_MAJORITY,total_traffic_bytes,438950576.0,bytes,common physical/cache model,results_hpca_xorflow/complete_suite/baselines/arxiv/format_matrix.csv,cd9f4f1040829b1a184a1e5a3609f313c831c0da092531efe2d17887dab5e1b7
format_matrix,ogbn_arxiv_deepres8_w128_s17,RECORDED,O0_OFFLINE_MAJORITY,traffic_ratio_to_beicsr,0.7272491321665234,ratio,common physical/cache model,results_hpca_xorflow/complete_suite/baselines/arxiv/format_matrix.csv,cd9f4f1040829b1a184a1e5a3609f313c831c0da092531efe2d17887dab5e1b7
format_matrix,ogbn_arxiv_deepres8_w128_s17,RECORDED,O0_OFFLINE_MAJORITY,traffic_reduction_vs_beicsr,0.2727508678334766,ratio,common physical/cache model,results_hpca_xorflow/complete_suite/baselines/arxiv/format_matrix.csv,cd9f4f1040829b1a184a1e5a3609f313c831c0da092531efe2d17887dab5e1b7
format_matrix,ogbn_arxiv_deepres8_w128_s17,RECORDED,O0_OFFLINE_MAJORITY,support_index_bytes,4024655.0,bytes,common physical/cache model,results_hpca_xorflow/complete_suite/baselines/arxiv/format_matrix.csv,cd9f4f1040829b1a184a1e5a3609f313c831c0da092531efe2d17887dab5e1b7
format_matrix,ogbn_arxiv_deepres8_w128_s17,RECORDED,O0_OFFLINE_MAJORITY,feature_cache_misses,5321942.0,count,common physical/cache model,results_hpca_xorflow/complete_suite/baselines/arxiv/format_matrix.csv,cd9f4f1040829b1a184a1e5a3609f313c831c0da092531efe2d17887dab5e1b7
format_matrix,ogbn_arxiv_deepres8_w128_s17,RECORDED,O1_FREE_SUPPORT,total_traffic_bytes,426753776.0,bytes,common physical/cache model,results_hpca_xorflow/complete_suite/baselines/arxiv/format_matrix.csv,cd9f4f1040829b1a184a1e5a3609f313c831c0da092531efe2d17887dab5e1b7
format_matrix,ogbn_arxiv_deepres8_w128_s17,RECORDED,O1_FREE_SUPPORT,traffic_ratio_to_beicsr,0.7070415901328876,ratio,common physical/cache model,results_hpca_xorflow/complete_suite/baselines/arxiv/format_matrix.csv,cd9f4f1040829b1a184a1e5a3609f313c831c0da092531efe2d17887dab5e1b7
format_matrix,ogbn_arxiv_deepres8_w128_s17,RECORDED,O1_FREE_SUPPORT,traffic_reduction_vs_beicsr,0.2929584098671124,ratio,common physical/cache model,results_hpca_xorflow/complete_suite/baselines/arxiv/format_matrix.csv,cd9f4f1040829b1a184a1e5a3609f313c831c0da092531efe2d17887dab5e1b7
format_matrix,ogbn_arxiv_deepres8_w128_s17,RECORDED,O1_FREE_SUPPORT,support_index_bytes,0.0,bytes,common physical/cache model,results_hpca_xorflow/complete_suite/baselines/arxiv/format_matrix.csv,cd9f4f1040829b1a184a1e5a3609f313c831c0da092531efe2d17887dab5e1b7
format_matrix,ogbn_arxiv_deepres8_w128_s17,RECORDED,O1_FREE_SUPPORT,feature_cache_misses,5321942.0,count,common physical/cache model,results_hpca_xorflow/complete_suite/baselines/arxiv/format_matrix.csv,cd9f4f1040829b1a184a1e5a3609f313c831c0da092531efe2d17887dab5e1b7
format_matrix,ogbn_arxiv_deepres8_w128_s27,RECORDED,X0_CAUSAL_INDEPENDENT,total_traffic_bytes,494385840.0,bytes,common physical/cache model,results_hpca_xorflow/complete_suite/baselines/arxiv/format_matrix.csv,cd9f4f1040829b1a184a1e5a3609f313c831c0da092531efe2d17887dab5e1b7
format_matrix,ogbn_arxiv_deepres8_w128_s27,RECORDED,X0_CAUSAL_INDEPENDENT,traffic_ratio_to_beicsr,0.8188679957319059,ratio,common physical/cache model,results_hpca_xorflow/complete_suite/baselines/arxiv/format_matrix.csv,cd9f4f1040829b1a184a1e5a3609f313c831c0da092531efe2d17887dab5e1b7
format_matrix,ogbn_arxiv_deepres8_w128_s27,RECORDED,X0_CAUSAL_INDEPENDENT,traffic_reduction_vs_beicsr,0.181132004268094,ratio,common physical/cache model,results_hpca_xorflow/complete_suite/baselines/arxiv/format_matrix.csv,cd9f4f1040829b1a184a1e5a3609f313c831c0da092531efe2d17887dab5e1b7
format_matrix,ogbn_arxiv_deepres8_w128_s27,RECORDED,X0_CAUSAL_INDEPENDENT,support_index_bytes,4677351.0,bytes,common physical/cache model,results_hpca_xorflow/complete_suite/baselines/arxiv/format_matrix.csv,cd9f4f1040829b1a184a1e5a3609f313c831c0da092531efe2d17887dab5e1b7
format_matrix,ogbn_arxiv_deepres8_w128_s27,RECORDED,X0_CAUSAL_INDEPENDENT,feature_cache_misses,6057124.0,count,common physical/cache model,results_hpca_xorflow/complete_suite/baselines/arxiv/format_matrix.csv,cd9f4f1040829b1a184a1e5a3609f313c831c0da092531efe2d17887dab5e1b7
format_matrix,ogbn_arxiv_deepres8_w128_s27,RECORDED,X1_CAUSAL_AUTO,total_traffic_bytes,493526832.0,bytes,common physical/cache model,results_hpca_xorflow/complete_suite/baselines/arxiv/format_matrix.csv,cd9f4f1040829b1a184a1e5a3609f313c831c0da092531efe2d17887dab5e1b7
format_matrix,ogbn_arxiv_deepres8_w128_s27,RECORDED,X1_CAUSAL_AUTO,traffic_ratio_to_beicsr,0.8174451917145464,ratio,common physical/cache model,results_hpca_xorflow/complete_suite/baselines/arxiv/format_matrix.csv,cd9f4f1040829b1a184a1e5a3609f313c831c0da092531efe2d17887dab5e1b7
format_matrix,ogbn_arxiv_deepres8_w128_s27,RECORDED,X1_CAUSAL_AUTO,traffic_reduction_vs_beicsr,0.1825548082854535,ratio,common physical/cache model,results_hpca_xorflow/complete_suite/baselines/arxiv/format_matrix.csv,cd9f4f1040829b1a184a1e5a3609f313c831c0da092531efe2d17887dab5e1b7
format_matrix,ogbn_arxiv_deepres8_w128_s27,RECORDED,X1_CAUSAL_AUTO,support_index_bytes,4391928.0,bytes,common physical/cache model,results_hpca_xorflow/complete_suite/baselines/arxiv/format_matrix.csv,cd9f4f1040829b1a184a1e5a3609f313c831c0da092531efe2d17887dab5e1b7
format_matrix,ogbn_arxiv_deepres8_w128_s27,RECORDED,X1_CAUSAL_AUTO,feature_cache_misses,6057124.0,count,common physical/cache model,results_hpca_xorflow/complete_suite/baselines/arxiv/format_matrix.csv,cd9f4f1040829b1a184a1e5a3609f313c831c0da092531efe2d17887dab5e1b7
format_matrix,ogbn_arxiv_deepres8_w128_s27,RECORDED,X2_CAUSAL_FORCE,total_traffic_bytes,493526832.0,bytes,common physical/cache model,results_hpca_xorflow/complete_suite/baselines/arxiv/format_matrix.csv,cd9f4f1040829b1a184a1e5a3609f313c831c0da092531efe2d17887dab5e1b7
format_matrix,ogbn_arxiv_deepres8_w128_s27,RECORDED,X2_CAUSAL_FORCE,traffic_ratio_to_beicsr,0.8174451917145464,ratio,common physical/cache model,results_hpca_xorflow/complete_suite/baselines/arxiv/format_matrix.csv,cd9f4f1040829b1a184a1e5a3609f313c831c0da092531efe2d17887dab5e1b7
format_matrix,ogbn_arxiv_deepres8_w128_s27,RECORDED,X2_CAUSAL_FORCE,traffic_reduction_vs_beicsr,0.1825548082854535,ratio,common physical/cache model,results_hpca_xorflow/complete_suite/baselines/arxiv/format_matrix.csv,cd9f4f1040829b1a184a1e5a3609f313c831c0da092531efe2d17887dab5e1b7
format_matrix,ogbn_arxiv_deepres8_w128_s27,RECORDED,X2_CAUSAL_FORCE,support_index_bytes,4391928.0,bytes,common physical/cache model,results_hpca_xorflow/complete_suite/baselines/arxiv/format_matrix.csv,cd9f4f1040829b1a184a1e5a3609f313c831c0da092531efe2d17887dab5e1b7
format_matrix,ogbn_arxiv_deepres8_w128_s27,RECORDED,X2_CAUSAL_FORCE,feature_cache_misses,6057124.0,count,common physical/cache model,results_hpca_xorflow/complete_suite/baselines/arxiv/format_matrix.csv,cd9f4f1040829b1a184a1e5a3609f313c831c0da092531efe2d17887dab5e1b7
format_matrix,ogbn_arxiv_deepres8_w128_s27,RECORDED,O0_OFFLINE_MAJORITY,total_traffic_bytes,493504944.0,bytes,common physical/cache model,results_hpca_xorflow/complete_suite/baselines/arxiv/format_matrix.csv,cd9f4f1040829b1a184a1e5a3609f313c831c0da092531efe2d17887dab5e1b7
format_matrix,ogbn_arxiv_deepres8_w128_s27,RECORDED,O0_OFFLINE_MAJORITY,traffic_ratio_to_beicsr,0.8174089378795042,ratio,common physical/cache model,results_hpca_xorflow/complete_suite/baselines/arxiv/format_matrix.csv,cd9f4f1040829b1a184a1e5a3609f313c831c0da092531efe2d17887dab5e1b7
format_matrix,ogbn_arxiv_deepres8_w128_s27,RECORDED,O0_OFFLINE_MAJORITY,traffic_reduction_vs_beicsr,0.1825910621204958,ratio,common physical/cache model,results_hpca_xorflow/complete_suite/baselines/arxiv/format_matrix.csv,cd9f4f1040829b1a184a1e5a3609f313c831c0da092531efe2d17887dab5e1b7
format_matrix,ogbn_arxiv_deepres8_w128_s27,RECORDED,O0_OFFLINE_MAJORITY,support_index_bytes,4385598.0,bytes,common physical/cache model,results_hpca_xorflow/complete_suite/baselines/arxiv/format_matrix.csv,cd9f4f1040829b1a184a1e5a3609f313c831c0da092531efe2d17887dab5e1b7
format_matrix,ogbn_arxiv_deepres8_w128_s27,RECORDED,O0_OFFLINE_MAJORITY,feature_cache_misses,6057124.0,count,common physical/cache model,results_hpca_xorflow/complete_suite/baselines/arxiv/format_matrix.csv,cd9f4f1040829b1a184a1e5a3609f313c831c0da092531efe2d17887dab5e1b7
format_matrix,ogbn_arxiv_deepres8_w128_s27,RECORDED,O1_FREE_SUPPORT,total_traffic_bytes,480222576.0,bytes,common physical/cache model,results_hpca_xorflow/complete_suite/baselines/arxiv/format_matrix.csv,cd9f4f1040829b1a184a1e5a3609f313c831c0da092531efe2d17887dab5e1b7
format_matrix,ogbn_arxiv_deepres8_w128_s27,RECORDED,O1_FREE_SUPPORT,traffic_ratio_to_beicsr,0.795408902314704,ratio,common physical/cache model,results_hpca_xorflow/complete_suite/baselines/arxiv/format_matrix.csv,cd9f4f1040829b1a184a1e5a3609f313c831c0da092531efe2d17887dab5e1b7
format_matrix,ogbn_arxiv_deepres8_w128_s27,RECORDED,O1_FREE_SUPPORT,traffic_reduction_vs_beicsr,0.204591097685296,ratio,common physical/cache model,results_hpca_xorflow/complete_suite/baselines/arxiv/format_matrix.csv,cd9f4f1040829b1a184a1e5a3609f313c831c0da092531efe2d17887dab5e1b7
format_matrix,ogbn_arxiv_deepres8_w128_s27,RECORDED,O1_FREE_SUPPORT,support_index_bytes,0.0,bytes,common physical/cache model,results_hpca_xorflow/complete_suite/baselines/arxiv/format_matrix.csv,cd9f4f1040829b1a184a1e5a3609f313c831c0da092531efe2d17887dab5e1b7
format_matrix,ogbn_arxiv_deepres8_w128_s27,RECORDED,O1_FREE_SUPPORT,feature_cache_misses,6057124.0,count,common physical/cache model,results_hpca_xorflow/complete_suite/baselines/arxiv/format_matrix.csv,cd9f4f1040829b1a184a1e5a3609f313c831c0da092531efe2d17887dab5e1b7
format_matrix,ogbn_arxiv_deepres8_w128_s27,RECORDED,X0_CAUSAL_INDEPENDENT,total_traffic_bytes,427593840.0,bytes,common physical/cache model,results_hpca_xorflow/complete_suite/baselines/arxiv/format_matrix.csv,cd9f4f1040829b1a184a1e5a3609f313c831c0da092531efe2d17887dab5e1b7
format_matrix,ogbn_arxiv_deepres8_w128_s27,RECORDED,X0_CAUSAL_INDEPENDENT,traffic_ratio_to_beicsr,0.7082343922038343,ratio,common physical/cache model,results_hpca_xorflow/complete_suite/baselines/arxiv/format_matrix.csv,cd9f4f1040829b1a184a1e5a3609f313c831c0da092531efe2d17887dab5e1b7
format_matrix,ogbn_arxiv_deepres8_w128_s27,RECORDED,X0_CAUSAL_INDEPENDENT,traffic_reduction_vs_beicsr,0.2917656077961656,ratio,common physical/cache model,results_hpca_xorflow/complete_suite/baselines/arxiv/format_matrix.csv,cd9f4f1040829b1a184a1e5a3609f313c831c0da092531efe2d17887dab5e1b7
format_matrix,ogbn_arxiv_deepres8_w128_s27,RECORDED,X0_CAUSAL_INDEPENDENT,support_index_bytes,4364139.0,bytes,common physical/cache model,results_hpca_xorflow/complete_suite/baselines/arxiv/format_matrix.csv,cd9f4f1040829b1a184a1e5a3609f313c831c0da092531efe2d17887dab5e1b7
format_matrix,ogbn_arxiv_deepres8_w128_s27,RECORDED,X0_CAUSAL_INDEPENDENT,feature_cache_misses,5168162.0,count,common physical/cache model,results_hpca_xorflow/complete_suite/baselines/arxiv/format_matrix.csv,cd9f4f1040829b1a184a1e5a3609f313c831c0da092531efe2d17887dab5e1b7
format_matrix,ogbn_arxiv_deepres8_w128_s27,RECORDED,X1_CAUSAL_AUTO,total_traffic_bytes,426594672.0,bytes,common physical/cache model,results_hpca_xorflow/complete_suite/baselines/arxiv/format_matrix.csv,cd9f4f1040829b1a184a1e5a3609f313c831c0da092531efe2d17887dab5e1b7
format_matrix,ogbn_arxiv_deepres8_w128_s27,RECORDED,X1_CAUSAL_AUTO,traffic_ratio_to_beicsr,0.7065794452074288,ratio,common physical/cache model,results_hpca_xorflow/complete_suite/baselines/arxiv/format_matrix.csv,cd9f4f1040829b1a184a1e5a3609f313c831c0da092531efe2d17887dab5e1b7
format_matrix,ogbn_arxiv_deepres8_w128_s27,RECORDED,X1_CAUSAL_AUTO,traffic_reduction_vs_beicsr,0.2934205547925712,ratio,common physical/cache model,results_hpca_xorflow/complete_suite/baselines/arxiv/format_matrix.csv,cd9f4f1040829b1a184a1e5a3609f313c831c0da092531efe2d17887dab5e1b7
format_matrix,ogbn_arxiv_deepres8_w128_s27,RECORDED,X1_CAUSAL_AUTO,support_index_bytes,4031632.0,bytes,common physical/cache model,results_hpca_xorflow/complete_suite/baselines/arxiv/format_matrix.csv,cd9f4f1040829b1a184a1e5a3609f313c831c0da092531efe2d17887dab5e1b7
format_matrix,ogbn_arxiv_deepres8_w128_s27,RECORDED,X1_CAUSAL_AUTO,feature_cache_misses,5168162.0,count,common physical/cache model,results_hpca_xorflow/complete_suite/baselines/arxiv/format_matrix.csv,cd9f4f1040829b1a184a1e5a3609f313c831c0da092531efe2d17887dab5e1b7
format_matrix,ogbn_arxiv_deepres8_w128_s27,RECORDED,X2_CAUSAL_FORCE,total_traffic_bytes,426594672.0,bytes,common physical/cache model,results_hpca_xorflow/complete_suite/baselines/arxiv/format_matrix.csv,cd9f4f1040829b1a184a1e5a3609f313c831c0da092531efe2d17887dab5e1b7
format_matrix,ogbn_arxiv_deepres8_w128_s27,RECORDED,X2_CAUSAL_FORCE,traffic_ratio_to_beicsr,0.7065794452074288,ratio,common physical/cache model,results_hpca_xorflow/complete_suite/baselines/arxiv/format_matrix.csv,cd9f4f1040829b1a184a1e5a3609f313c831c0da092531efe2d17887dab5e1b7
format_matrix,ogbn_arxiv_deepres8_w128_s27,RECORDED,X2_CAUSAL_FORCE,traffic_reduction_vs_beicsr,0.2934205547925712,ratio,common physical/cache model,results_hpca_xorflow/complete_suite/baselines/arxiv/format_matrix.csv,cd9f4f1040829b1a184a1e5a3609f313c831c0da092531efe2d17887dab5e1b7
format_matrix,ogbn_arxiv_deepres8_w128_s27,RECORDED,X2_CAUSAL_FORCE,support_index_bytes,4031632.0,bytes,common physical/cache model,results_hpca_xorflow/complete_suite/baselines/arxiv/format_matrix.csv,cd9f4f1040829b1a184a1e5a3609f313c831c0da092531efe2d17887dab5e1b7
format_matrix,ogbn_arxiv_deepres8_w128_s27,RECORDED,X2_CAUSAL_FORCE,feature_cache_misses,5168162.0,count,common physical/cache model,results_hpca_xorflow/complete_suite/baselines/arxiv/format_matrix.csv,cd9f4f1040829b1a184a1e5a3609f313c831c0da092531efe2d17887dab5e1b7
format_matrix,ogbn_arxiv_deepres8_w128_s27,RECORDED,O0_OFFLINE_MAJORITY,total_traffic_bytes,426530928.0,bytes,common physical/cache model,results_hpca_xorflow/complete_suite/baselines/arxiv/format_matrix.csv,cd9f4f1040829b1a184a1e5a3609f313c831c0da092531efe2d17887dab5e1b7
format_matrix,ogbn_arxiv_deepres8_w128_s27,RECORDED,O0_OFFLINE_MAJORITY,traffic_ratio_to_beicsr,0.7064738644228771,ratio,common physical/cache model,results_hpca_xorflow/complete_suite/baselines/arxiv/format_matrix.csv,cd9f4f1040829b1a184a1e5a3609f313c831c0da092531efe2d17887dab5e1b7
format_matrix,ogbn_arxiv_deepres8_w128_s27,RECORDED,O0_OFFLINE_MAJORITY,traffic_reduction_vs_beicsr,0.2935261355771229,ratio,common physical/cache model,results_hpca_xorflow/complete_suite/baselines/arxiv/format_matrix.csv,cd9f4f1040829b1a184a1e5a3609f313c831c0da092531efe2d17887dab5e1b7
format_matrix,ogbn_arxiv_deepres8_w128_s27,RECORDED,O0_OFFLINE_MAJORITY,support_index_bytes,4009875.0,bytes,common physical/cache model,results_hpca_xorflow/complete_suite/baselines/arxiv/format_matrix.csv,cd9f4f1040829b1a184a1e5a3609f313c831c0da092531efe2d17887dab5e1b7
format_matrix,ogbn_arxiv_deepres8_w128_s27,RECORDED,O0_OFFLINE_MAJORITY,feature_cache_misses,5168162.0,count,common physical/cache model,results_hpca_xorflow/complete_suite/baselines/arxiv/format_matrix.csv,cd9f4f1040829b1a184a1e5a3609f313c831c0da092531efe2d17887dab5e1b7
format_matrix,ogbn_arxiv_deepres8_w128_s27,RECORDED,O1_FREE_SUPPORT,total_traffic_bytes,414373104.0,bytes,common physical/cache model,results_hpca_xorflow/complete_suite/baselines/arxiv/format_matrix.csv,cd9f4f1040829b1a184a1e5a3609f313c831c0da092531efe2d17887dab5e1b7
format_matrix,ogbn_arxiv_deepres8_w128_s27,RECORDED,O1_FREE_SUPPORT,traffic_ratio_to_beicsr,0.6863365558705341,ratio,common physical/cache model,results_hpca_xorflow/complete_suite/baselines/arxiv/format_matrix.csv,cd9f4f1040829b1a184a1e5a3609f313c831c0da092531efe2d17887dab5e1b7
format_matrix,ogbn_arxiv_deepres8_w128_s27,RECORDED,O1_FREE_SUPPORT,traffic_reduction_vs_beicsr,0.3136634441294659,ratio,common physical/cache model,results_hpca_xorflow/complete_suite/baselines/arxiv/format_matrix.csv,cd9f4f1040829b1a184a1e5a3609f313c831c0da092531efe2d17887dab5e1b7
format_matrix,ogbn_arxiv_deepres8_w128_s27,RECORDED,O1_FREE_SUPPORT,support_index_bytes,0.0,bytes,common physical/cache model,results_hpca_xorflow/complete_suite/baselines/arxiv/format_matrix.csv,cd9f4f1040829b1a184a1e5a3609f313c831c0da092531efe2d17887dab5e1b7
format_matrix,ogbn_arxiv_deepres8_w128_s27,RECORDED,O1_FREE_SUPPORT,feature_cache_misses,5168162.0,count,common physical/cache model,results_hpca_xorflow/complete_suite/baselines/arxiv/format_matrix.csv,cd9f4f1040829b1a184a1e5a3609f313c831c0da092531efe2d17887dab5e1b7
format_matrix,ogbn_arxiv_deepres8_w128_s17,RECORDED,DENSE,total_traffic_bytes,603773040.0,bytes,common physical/cache model,results_hpca_xorflow/complete_suite/baselines/format_matrix_smoke_arxiv_l4/format_matrix.csv,d3ff6e40dca74dd9bc022c85d01f8921a3f2c182bad998b9464c1ac24981ba9d
format_matrix,ogbn_arxiv_deepres8_w128_s17,RECORDED,DENSE,traffic_ratio_to_beicsr,1.0000573493405132,ratio,common physical/cache model,results_hpca_xorflow/complete_suite/baselines/format_matrix_smoke_arxiv_l4/format_matrix.csv,d3ff6e40dca74dd9bc022c85d01f8921a3f2c182bad998b9464c1ac24981ba9d
format_matrix,ogbn_arxiv_deepres8_w128_s17,RECORDED,DENSE,traffic_reduction_vs_beicsr,-5.734934051315754e-05,ratio,common physical/cache model,results_hpca_xorflow/complete_suite/baselines/format_matrix_smoke_arxiv_l4/format_matrix.csv,d3ff6e40dca74dd9bc022c85d01f8921a3f2c182bad998b9464c1ac24981ba9d
format_matrix,ogbn_arxiv_deepres8_w128_s17,RECORDED,DENSE,support_index_bytes,0.0,bytes,common physical/cache model,results_hpca_xorflow/complete_suite/baselines/format_matrix_smoke_arxiv_l4/format_matrix.csv,d3ff6e40dca74dd9bc022c85d01f8921a3f2c182bad998b9464c1ac24981ba9d
format_matrix,ogbn_arxiv_deepres8_w128_s17,RECORDED,DENSE,feature_cache_misses,7768592.0,count,common physical/cache model,results_hpca_xorflow/complete_suite/baselines/format_matrix_smoke_arxiv_l4/format_matrix.csv,d3ff6e40dca74dd9bc022c85d01f8921a3f2c182bad998b9464c1ac24981ba9d
format_matrix,ogbn_arxiv_deepres8_w128_s17,RECORDED,CSR32,total_traffic_bytes,1946195120.0,bytes,common physical/cache model,results_hpca_xorflow/complete_suite/baselines/format_matrix_smoke_arxiv_l4/format_matrix.csv,d3ff6e40dca74dd9bc022c85d01f8921a3f2c182bad998b9464c1ac24981ba9d
format_matrix,ogbn_arxiv_deepres8_w128_s17,RECORDED,CSR32,traffic_ratio_to_beicsr,3.223573435817276,ratio,common physical/cache model,results_hpca_xorflow/complete_suite/baselines/format_matrix_smoke_arxiv_l4/format_matrix.csv,d3ff6e40dca74dd9bc022c85d01f8921a3f2c182bad998b9464c1ac24981ba9d
format_matrix,ogbn_arxiv_deepres8_w128_s17,RECORDED,CSR32,traffic_reduction_vs_beicsr,-2.223573435817276,ratio,common physical/cache model,results_hpca_xorflow/complete_suite/baselines/format_matrix_smoke_arxiv_l4/format_matrix.csv,d3ff6e40dca74dd9bc022c85d01f8921a3f2c182bad998b9464c1ac24981ba9d
format_matrix,ogbn_arxiv_deepres8_w128_s17,RECORDED,CSR32,support_index_bytes,87108372.0,bytes,common physical/cache model,results_hpca_xorflow/complete_suite/baselines/format_matrix_smoke_arxiv_l4/format_matrix.csv,d3ff6e40dca74dd9bc022c85d01f8921a3f2c182bad998b9464c1ac24981ba9d
format_matrix,ogbn_arxiv_deepres8_w128_s17,RECORDED,CSR32,feature_cache_misses,26337429.0,count,common physical/cache model,results_hpca_xorflow/complete_suite/baselines/format_matrix_smoke_arxiv_l4/format_matrix.csv,d3ff6e40dca74dd9bc022c85d01f8921a3f2c182bad998b9464c1ac24981ba9d
format_matrix,ogbn_arxiv_deepres8_w128_s17,RECORDED,CSR_PACKED,total_traffic_bytes,848432304.0,bytes,common physical/cache model,results_hpca_xorflow/complete_suite/baselines/format_matrix_smoke_arxiv_l4/format_matrix.csv,d3ff6e40dca74dd9bc022c85d01f8921a3f2c182bad998b9464c1ac24981ba9d
format_matrix,ogbn_arxiv_deepres8_w128_s17,RECORDED,CSR_PACKED,traffic_ratio_to_beicsr,1.4052978599923978,ratio,common physical/cache model,results_hpca_xorflow/complete_suite/baselines/format_matrix_smoke_arxiv_l4/format_matrix.csv,d3ff6e40dca74dd9bc022c85d01f8921a3f2c182bad998b9464c1ac24981ba9d
format_matrix,ogbn_arxiv_deepres8_w128_s17,RECORDED,CSR_PACKED,traffic_reduction_vs_beicsr,-0.4052978599923977,ratio,common physical/cache model,results_hpca_xorflow/complete_suite/baselines/format_matrix_smoke_arxiv_l4/format_matrix.csv,d3ff6e40dca74dd9bc022c85d01f8921a3f2c182bad998b9464c1ac24981ba9d
format_matrix,ogbn_arxiv_deepres8_w128_s17,RECORDED,CSR_PACKED,support_index_bytes,19202911.0,bytes,common physical/cache model,results_hpca_xorflow/complete_suite/baselines/format_matrix_smoke_arxiv_l4/format_matrix.csv,d3ff6e40dca74dd9bc022c85d01f8921a3f2c182bad998b9464c1ac24981ba9d
format_matrix,ogbn_arxiv_deepres8_w128_s17,RECORDED,CSR_PACKED,feature_cache_misses,11418035.0,count,common physical/cache model,results_hpca_xorflow/complete_suite/baselines/format_matrix_smoke_arxiv_l4/format_matrix.csv,d3ff6e40dca74dd9bc022c85d01f8921a3f2c182bad998b9464c1ac24981ba9d
format_matrix,ogbn_arxiv_deepres8_w128_s17,RECORDED,BEICSR,total_traffic_bytes,603738416.0,bytes,common physical/cache model,results_hpca_xorflow/complete_suite/baselines/format_matrix_smoke_arxiv_l4/format_matrix.csv,d3ff6e40dca74dd9bc022c85d01f8921a3f2c182bad998b9464c1ac24981ba9d
format_matrix,ogbn_arxiv_deepres8_w128_s17,RECORDED,BEICSR,traffic_ratio_to_beicsr,1.0,ratio,common physical/cache model,results_hpca_xorflow/complete_suite/baselines/format_matrix_smoke_arxiv_l4/format_matrix.csv,d3ff6e40dca74dd9bc022c85d01f8921a3f2c182bad998b9464c1ac24981ba9d
format_matrix,ogbn_arxiv_deepres8_w128_s17,RECORDED,BEICSR,traffic_reduction_vs_beicsr,0.0,ratio,common physical/cache model,results_hpca_xorflow/complete_suite/baselines/format_matrix_smoke_arxiv_l4/format_matrix.csv,d3ff6e40dca74dd9bc022c85d01f8921a3f2c182bad998b9464c1ac24981ba9d
format_matrix,ogbn_arxiv_deepres8_w128_s17,RECORDED,BEICSR,support_index_bytes,5418976.0,bytes,common physical/cache model,results_hpca_xorflow/complete_suite/baselines/format_matrix_smoke_arxiv_l4/format_matrix.csv,d3ff6e40dca74dd9bc022c85d01f8921a3f2c182bad998b9464c1ac24981ba9d
format_matrix,ogbn_arxiv_deepres8_w128_s17,RECORDED,BEICSR,feature_cache_misses,7768061.0,count,common physical/cache model,results_hpca_xorflow/complete_suite/baselines/format_matrix_smoke_arxiv_l4/format_matrix.csv,d3ff6e40dca74dd9bc022c85d01f8921a3f2c182bad998b9464c1ac24981ba9d
format_matrix,ogbn_arxiv_deepres8_w128_s17,RECORDED,INDEPENDENT_BEST,total_traffic_bytes,843382896.0,bytes,common physical/cache model,results_hpca_xorflow/complete_suite/baselines/format_matrix_smoke_arxiv_l4/format_matrix.csv,d3ff6e40dca74dd9bc022c85d01f8921a3f2c182bad998b9464c1ac24981ba9d
format_matrix,ogbn_arxiv_deepres8_w128_s17,RECORDED,INDEPENDENT_BEST,traffic_ratio_to_beicsr,1.3969342908270392,ratio,common physical/cache model,results_hpca_xorflow/complete_suite/baselines/format_matrix_smoke_arxiv_l4/format_matrix.csv,d3ff6e40dca74dd9bc022c85d01f8921a3f2c182bad998b9464c1ac24981ba9d
format_matrix,ogbn_arxiv_deepres8_w128_s17,RECORDED,INDEPENDENT_BEST,traffic_reduction_vs_beicsr,-0.3969342908270392,ratio,common physical/cache model,results_hpca_xorflow/complete_suite/baselines/format_matrix_smoke_arxiv_l4/format_matrix.csv,d3ff6e40dca74dd9bc022c85d01f8921a3f2c182bad998b9464c1ac24981ba9d
format_matrix,ogbn_arxiv_deepres8_w128_s17,RECORDED,INDEPENDENT_BEST,support_index_bytes,5418976.0,bytes,common physical/cache model,results_hpca_xorflow/complete_suite/baselines/format_matrix_smoke_arxiv_l4/format_matrix.csv,d3ff6e40dca74dd9bc022c85d01f8921a3f2c182bad998b9464c1ac24981ba9d
format_matrix,ogbn_arxiv_deepres8_w128_s17,RECORDED,INDEPENDENT_BEST,feature_cache_misses,11467790.0,count,common physical/cache model,results_hpca_xorflow/complete_suite/baselines/format_matrix_smoke_arxiv_l4/format_matrix.csv,d3ff6e40dca74dd9bc022c85d01f8921a3f2c182bad998b9464c1ac24981ba9d
format_matrix,ogbn_arxiv_deepres8_w128_s17,RECORDED,X0_CAUSAL_INDEPENDENT,total_traffic_bytes,522337648.0,bytes,common physical/cache model,results_hpca_xorflow/complete_suite/baselines/format_matrix_smoke_arxiv_l4/format_matrix.csv,d3ff6e40dca74dd9bc022c85d01f8921a3f2c182bad998b9464c1ac24981ba9d
format_matrix,ogbn_arxiv_deepres8_w128_s17,RECORDED,X0_CAUSAL_INDEPENDENT,traffic_ratio_to_beicsr,0.8651721244784927,ratio,common physical/cache model,results_hpca_xorflow/complete_suite/baselines/format_matrix_smoke_arxiv_l4/format_matrix.csv,d3ff6e40dca74dd9bc022c85d01f8921a3f2c182bad998b9464c1ac24981ba9d
format_matrix,ogbn_arxiv_deepres8_w128_s17,RECORDED,X0_CAUSAL_INDEPENDENT,traffic_reduction_vs_beicsr,0.1348278755215073,ratio,common physical/cache model,results_hpca_xorflow/complete_suite/baselines/format_matrix_smoke_arxiv_l4/format_matrix.csv,d3ff6e40dca74dd9bc022c85d01f8921a3f2c182bad998b9464c1ac24981ba9d
format_matrix,ogbn_arxiv_deepres8_w128_s17,RECORDED,X0_CAUSAL_INDEPENDENT,support_index_bytes,4690935.0,bytes,common physical/cache model,results_hpca_xorflow/complete_suite/baselines/format_matrix_smoke_arxiv_l4/format_matrix.csv,d3ff6e40dca74dd9bc022c85d01f8921a3f2c182bad998b9464c1ac24981ba9d
format_matrix,ogbn_arxiv_deepres8_w128_s17,RECORDED,X0_CAUSAL_INDEPENDENT,feature_cache_misses,6420364.0,count,common physical/cache model,results_hpca_xorflow/complete_suite/baselines/format_matrix_smoke_arxiv_l4/format_matrix.csv,d3ff6e40dca74dd9bc022c85d01f8921a3f2c182bad998b9464c1ac24981ba9d
format_matrix,ogbn_arxiv_deepres8_w128_s17,RECORDED,X1_CAUSAL_AUTO,total_traffic_bytes,521480752.0,bytes,common physical/cache model,results_hpca_xorflow/complete_suite/baselines/format_matrix_smoke_arxiv_l4/format_matrix.csv,d3ff6e40dca74dd9bc022c85d01f8921a3f2c182bad998b9464c1ac24981ba9d
format_matrix,ogbn_arxiv_deepres8_w128_s17,RECORDED,X1_CAUSAL_AUTO,traffic_ratio_to_beicsr,0.8637528078054254,ratio,common physical/cache model,results_hpca_xorflow/complete_suite/baselines/format_matrix_smoke_arxiv_l4/format_matrix.csv,d3ff6e40dca74dd9bc022c85d01f8921a3f2c182bad998b9464c1ac24981ba9d
format_matrix,ogbn_arxiv_deepres8_w128_s17,RECORDED,X1_CAUSAL_AUTO,traffic_reduction_vs_beicsr,0.1362471921945746,ratio,common physical/cache model,results_hpca_xorflow/complete_suite/baselines/format_matrix_smoke_arxiv_l4/format_matrix.csv,d3ff6e40dca74dd9bc022c85d01f8921a3f2c182bad998b9464c1ac24981ba9d
format_matrix,ogbn_arxiv_deepres8_w128_s17,RECORDED,X1_CAUSAL_AUTO,support_index_bytes,4406228.0,bytes,common physical/cache model,results_hpca_xorflow/complete_suite/baselines/format_matrix_smoke_arxiv_l4/format_matrix.csv,d3ff6e40dca74dd9bc022c85d01f8921a3f2c182bad998b9464c1ac24981ba9d
format_matrix,ogbn_arxiv_deepres8_w128_s17,RECORDED,X1_CAUSAL_AUTO,feature_cache_misses,6420364.0,count,common physical/cache model,results_hpca_xorflow/complete_suite/baselines/format_matrix_smoke_arxiv_l4/format_matrix.csv,d3ff6e40dca74dd9bc022c85d01f8921a3f2c182bad998b9464c1ac24981ba9d
format_matrix,ogbn_arxiv_deepres8_w128_s17,RECORDED,X2_CAUSAL_FORCE,total_traffic_bytes,521480752.0,bytes,common physical/cache model,results_hpca_xorflow/complete_suite/baselines/format_matrix_smoke_arxiv_l4/format_matrix.csv,d3ff6e40dca74dd9bc022c85d01f8921a3f2c182bad998b9464c1ac24981ba9d
format_matrix,ogbn_arxiv_deepres8_w128_s17,RECORDED,X2_CAUSAL_FORCE,traffic_ratio_to_beicsr,0.8637528078054254,ratio,common physical/cache model,results_hpca_xorflow/complete_suite/baselines/format_matrix_smoke_arxiv_l4/format_matrix.csv,d3ff6e40dca74dd9bc022c85d01f8921a3f2c182bad998b9464c1ac24981ba9d
format_matrix,ogbn_arxiv_deepres8_w128_s17,RECORDED,X2_CAUSAL_FORCE,traffic_reduction_vs_beicsr,0.1362471921945746,ratio,common physical/cache model,results_hpca_xorflow/complete_suite/baselines/format_matrix_smoke_arxiv_l4/format_matrix.csv,d3ff6e40dca74dd9bc022c85d01f8921a3f2c182bad998b9464c1ac24981ba9d
format_matrix,ogbn_arxiv_deepres8_w128_s17,RECORDED,X2_CAUSAL_FORCE,support_index_bytes,4406228.0,bytes,common physical/cache model,results_hpca_xorflow/complete_suite/baselines/format_matrix_smoke_arxiv_l4/format_matrix.csv,d3ff6e40dca74dd9bc022c85d01f8921a3f2c182bad998b9464c1ac24981ba9d
format_matrix,ogbn_arxiv_deepres8_w128_s17,RECORDED,X2_CAUSAL_FORCE,feature_cache_misses,6420364.0,count,common physical/cache model,results_hpca_xorflow/complete_suite/baselines/format_matrix_smoke_arxiv_l4/format_matrix.csv,d3ff6e40dca74dd9bc022c85d01f8921a3f2c182bad998b9464c1ac24981ba9d
format_matrix,ogbn_arxiv_deepres8_w128_s17,RECORDED,O0_OFFLINE_MAJORITY,total_traffic_bytes,521472304.0,bytes,common physical/cache model,results_hpca_xorflow/complete_suite/baselines/format_matrix_smoke_arxiv_l4/format_matrix.csv,d3ff6e40dca74dd9bc022c85d01f8921a3f2c182bad998b9464c1ac24981ba9d
format_matrix,ogbn_arxiv_deepres8_w128_s17,RECORDED,O0_OFFLINE_MAJORITY,traffic_ratio_to_beicsr,0.863738814990365,ratio,common physical/cache model,results_hpca_xorflow/complete_suite/baselines/format_matrix_smoke_arxiv_l4/format_matrix.csv,d3ff6e40dca74dd9bc022c85d01f8921a3f2c182bad998b9464c1ac24981ba9d
format_matrix,ogbn_arxiv_deepres8_w128_s17,RECORDED,O0_OFFLINE_MAJORITY,traffic_reduction_vs_beicsr,0.136261185009635,ratio,common physical/cache model,results_hpca_xorflow/complete_suite/baselines/format_matrix_smoke_arxiv_l4/format_matrix.csv,d3ff6e40dca74dd9bc022c85d01f8921a3f2c182bad998b9464c1ac24981ba9d
format_matrix,ogbn_arxiv_deepres8_w128_s17,RECORDED,O0_OFFLINE_MAJORITY,support_index_bytes,4403192.0,bytes,common physical/cache model,results_hpca_xorflow/complete_suite/baselines/format_matrix_smoke_arxiv_l4/format_matrix.csv,d3ff6e40dca74dd9bc022c85d01f8921a3f2c182bad998b9464c1ac24981ba9d
format_matrix,ogbn_arxiv_deepres8_w128_s17,RECORDED,O0_OFFLINE_MAJORITY,feature_cache_misses,6420364.0,count,common physical/cache model,results_hpca_xorflow/complete_suite/baselines/format_matrix_smoke_arxiv_l4/format_matrix.csv,d3ff6e40dca74dd9bc022c85d01f8921a3f2c182bad998b9464c1ac24981ba9d
format_matrix,ogbn_arxiv_deepres8_w128_s17,RECORDED,O1_FREE_SUPPORT,total_traffic_bytes,508135408.0,bytes,common physical/cache model,results_hpca_xorflow/complete_suite/baselines/format_matrix_smoke_arxiv_l4/format_matrix.csv,d3ff6e40dca74dd9bc022c85d01f8921a3f2c182bad998b9464c1ac24981ba9d
format_matrix,ogbn_arxiv_deepres8_w128_s17,RECORDED,O1_FREE_SUPPORT,traffic_ratio_to_beicsr,0.8416482942506677,ratio,common physical/cache model,results_hpca_xorflow/complete_suite/baselines/format_matrix_smoke_arxiv_l4/format_matrix.csv,d3ff6e40dca74dd9bc022c85d01f8921a3f2c182bad998b9464c1ac24981ba9d
format_matrix,ogbn_arxiv_deepres8_w128_s17,RECORDED,O1_FREE_SUPPORT,traffic_reduction_vs_beicsr,0.1583517057493323,ratio,common physical/cache model,results_hpca_xorflow/complete_suite/baselines/format_matrix_smoke_arxiv_l4/format_matrix.csv,d3ff6e40dca74dd9bc022c85d01f8921a3f2c182bad998b9464c1ac24981ba9d
format_matrix,ogbn_arxiv_deepres8_w128_s17,RECORDED,O1_FREE_SUPPORT,support_index_bytes,0.0,bytes,common physical/cache model,results_hpca_xorflow/complete_suite/baselines/format_matrix_smoke_arxiv_l4/format_matrix.csv,d3ff6e40dca74dd9bc022c85d01f8921a3f2c182bad998b9464c1ac24981ba9d
format_matrix,ogbn_arxiv_deepres8_w128_s17,RECORDED,O1_FREE_SUPPORT,feature_cache_misses,6420364.0,count,common physical/cache model,results_hpca_xorflow/complete_suite/baselines/format_matrix_smoke_arxiv_l4/format_matrix.csv,d3ff6e40dca74dd9bc022c85d01f8921a3f2c182bad998b9464c1ac24981ba9d
format_matrix,reddit_deepres8_w128_s7_native,RECORDED,DENSE,total_traffic_bytes,29006252752.0,bytes,common physical/cache model,results_hpca_xorflow/complete_suite/baselines/reddit/format_matrix.csv,10c6aac81b660b01bf2f1c7047cb111dba501a9b9888d3e94972b35f4268bc82
format_matrix,reddit_deepres8_w128_s7_native,RECORDED,DENSE,traffic_ratio_to_beicsr,1.01120409336781,ratio,common physical/cache model,results_hpca_xorflow/complete_suite/baselines/reddit/format_matrix.csv,10c6aac81b660b01bf2f1c7047cb111dba501a9b9888d3e94972b35f4268bc82
format_matrix,reddit_deepres8_w128_s7_native,RECORDED,DENSE,traffic_reduction_vs_beicsr,-0.0112040933678099,ratio,common physical/cache model,results_hpca_xorflow/complete_suite/baselines/reddit/format_matrix.csv,10c6aac81b660b01bf2f1c7047cb111dba501a9b9888d3e94972b35f4268bc82
format_matrix,reddit_deepres8_w128_s7_native,RECORDED,DENSE,support_index_bytes,0.0,bytes,common physical/cache model,results_hpca_xorflow/complete_suite/baselines/reddit/format_matrix.csv,10c6aac81b660b01bf2f1c7047cb111dba501a9b9888d3e94972b35f4268bc82
format_matrix,reddit_deepres8_w128_s7_native,RECORDED,DENSE,feature_cache_misses,437002872.0,count,common physical/cache model,results_hpca_xorflow/complete_suite/baselines/reddit/format_matrix.csv,10c6aac81b660b01bf2f1c7047cb111dba501a9b9888d3e94972b35f4268bc82
format_matrix,reddit_deepres8_w128_s7_native,RECORDED,CSR32,total_traffic_bytes,86535843984.0,bytes,common physical/cache model,results_hpca_xorflow/complete_suite/baselines/reddit/format_matrix.csv,10c6aac81b660b01bf2f1c7047cb111dba501a9b9888d3e94972b35f4268bc82
format_matrix,reddit_deepres8_w128_s7_native,RECORDED,CSR32,traffic_ratio_to_beicsr,3.016777120706342,ratio,common physical/cache model,results_hpca_xorflow/complete_suite/baselines/reddit/format_matrix.csv,10c6aac81b660b01bf2f1c7047cb111dba501a9b9888d3e94972b35f4268bc82
format_matrix,reddit_deepres8_w128_s7_native,RECORDED,CSR32,traffic_reduction_vs_beicsr,-2.016777120706342,ratio,common physical/cache model,results_hpca_xorflow/complete_suite/baselines/reddit/format_matrix.csv,10c6aac81b660b01bf2f1c7047cb111dba501a9b9888d3e94972b35f4268bc82
format_matrix,reddit_deepres8_w128_s7_native,RECORDED,CSR32,support_index_bytes,109234388.0,bytes,common physical/cache model,results_hpca_xorflow/complete_suite/baselines/reddit/format_matrix.csv,10c6aac81b660b01bf2f1c7047cb111dba501a9b9888d3e94972b35f4268bc82
format_matrix,reddit_deepres8_w128_s7_native,RECORDED,CSR32,feature_cache_misses,1333001997.0,count,common physical/cache model,results_hpca_xorflow/complete_suite/baselines/reddit/format_matrix.csv,10c6aac81b660b01bf2f1c7047cb111dba501a9b9888d3e94972b35f4268bc82
format_matrix,reddit_deepres8_w128_s7_native,RECORDED,CSR_PACKED,total_traffic_bytes,40363249872.0,bytes,common physical/cache model,results_hpca_xorflow/complete_suite/baselines/reddit/format_matrix.csv,10c6aac81b660b01bf2f1c7047cb111dba501a9b9888d3e94972b35f4268bc82
format_matrix,reddit_deepres8_w128_s7_native,RECORDED,CSR_PACKED,traffic_ratio_to_beicsr,1.4071270715718311,ratio,common physical/cache model,results_hpca_xorflow/complete_suite/baselines/reddit/format_matrix.csv,10c6aac81b660b01bf2f1c7047cb111dba501a9b9888d3e94972b35f4268bc82
format_matrix,reddit_deepres8_w128_s7_native,RECORDED,CSR_PACKED,traffic_reduction_vs_beicsr,-0.4071270715718311,ratio,common physical/cache model,results_hpca_xorflow/complete_suite/baselines/reddit/format_matrix.csv,10c6aac81b660b01bf2f1c7047cb111dba501a9b9888d3e94972b35f4268bc82
format_matrix,reddit_deepres8_w128_s7_native,RECORDED,CSR_PACKED,support_index_bytes,24098561.0,bytes,common physical/cache model,results_hpca_xorflow/complete_suite/baselines/reddit/format_matrix.csv,10c6aac81b660b01bf2f1c7047cb111dba501a9b9888d3e94972b35f4268bc82
format_matrix,reddit_deepres8_w128_s7_native,RECORDED,CSR_PACKED,feature_cache_misses,614346580.0,count,common physical/cache model,results_hpca_xorflow/complete_suite/baselines/reddit/format_matrix.csv,10c6aac81b660b01bf2f1c7047cb111dba501a9b9888d3e94972b35f4268bc82
format_matrix,reddit_deepres8_w128_s7_native,RECORDED,BEICSR,total_traffic_bytes,28684864848.0,bytes,common physical/cache model,results_hpca_xorflow/complete_suite/baselines/reddit/format_matrix.csv,10c6aac81b660b01bf2f1c7047cb111dba501a9b9888d3e94972b35f4268bc82
format_matrix,reddit_deepres8_w128_s7_native,RECORDED,BEICSR,traffic_ratio_to_beicsr,1.0,ratio,common physical/cache model,results_hpca_xorflow/complete_suite/baselines/reddit/format_matrix.csv,10c6aac81b660b01bf2f1c7047cb111dba501a9b9888d3e94972b35f4268bc82
format_matrix,reddit_deepres8_w128_s7_native,RECORDED,BEICSR,traffic_reduction_vs_beicsr,0.0,ratio,common physical/cache model,results_hpca_xorflow/complete_suite/baselines/reddit/format_matrix.csv,10c6aac81b660b01bf2f1c7047cb111dba501a9b9888d3e94972b35f4268bc82
format_matrix,reddit_deepres8_w128_s7_native,RECORDED,BEICSR,support_index_bytes,7454880.0,bytes,common physical/cache model,results_hpca_xorflow/complete_suite/baselines/reddit/format_matrix.csv,10c6aac81b660b01bf2f1c7047cb111dba501a9b9888d3e94972b35f4268bc82
format_matrix,reddit_deepres8_w128_s7_native,RECORDED,BEICSR,feature_cache_misses,432023962.0,count,common physical/cache model,results_hpca_xorflow/complete_suite/baselines/reddit/format_matrix.csv,10c6aac81b660b01bf2f1c7047cb111dba501a9b9888d3e94972b35f4268bc82
format_matrix,reddit_deepres8_w128_s7_native,RECORDED,INDEPENDENT_BEST,total_traffic_bytes,42822548816.0,bytes,common physical/cache model,results_hpca_xorflow/complete_suite/baselines/reddit/format_matrix.csv,10c6aac81b660b01bf2f1c7047cb111dba501a9b9888d3e94972b35f4268bc82
format_matrix,reddit_deepres8_w128_s7_native,RECORDED,INDEPENDENT_BEST,traffic_ratio_to_beicsr,1.49286214325621,ratio,common physical/cache model,results_hpca_xorflow/complete_suite/baselines/reddit/format_matrix.csv,10c6aac81b660b01bf2f1c7047cb111dba501a9b9888d3e94972b35f4268bc82
format_matrix,reddit_deepres8_w128_s7_native,RECORDED,INDEPENDENT_BEST,traffic_reduction_vs_beicsr,-0.4928621432562101,ratio,common physical/cache model,results_hpca_xorflow/complete_suite/baselines/reddit/format_matrix.csv,10c6aac81b660b01bf2f1c7047cb111dba501a9b9888d3e94972b35f4268bc82
format_matrix,reddit_deepres8_w128_s7_native,RECORDED,INDEPENDENT_BEST,support_index_bytes,7454880.0,bytes,common physical/cache model,results_hpca_xorflow/complete_suite/baselines/reddit/format_matrix.csv,10c6aac81b660b01bf2f1c7047cb111dba501a9b9888d3e94972b35f4268bc82
format_matrix,reddit_deepres8_w128_s7_native,RECORDED,INDEPENDENT_BEST,feature_cache_misses,652905788.0,count,common physical/cache model,results_hpca_xorflow/complete_suite/baselines/reddit/format_matrix.csv,10c6aac81b660b01bf2f1c7047cb111dba501a9b9888d3e94972b35f4268bc82
format_matrix,reddit_deepres8_w128_s7_native,RECORDED,DENSE,total_traffic_bytes,29006252752.0,bytes,common physical/cache model,results_hpca_xorflow/complete_suite/baselines/reddit/format_matrix.csv,10c6aac81b660b01bf2f1c7047cb111dba501a9b9888d3e94972b35f4268bc82
format_matrix,reddit_deepres8_w128_s7_native,RECORDED,DENSE,traffic_ratio_to_beicsr,1.0354335415458975,ratio,common physical/cache model,results_hpca_xorflow/complete_suite/baselines/reddit/format_matrix.csv,10c6aac81b660b01bf2f1c7047cb111dba501a9b9888d3e94972b35f4268bc82
format_matrix,reddit_deepres8_w128_s7_native,RECORDED,DENSE,traffic_reduction_vs_beicsr,-0.0354335415458977,ratio,common physical/cache model,results_hpca_xorflow/complete_suite/baselines/reddit/format_matrix.csv,10c6aac81b660b01bf2f1c7047cb111dba501a9b9888d3e94972b35f4268bc82
format_matrix,reddit_deepres8_w128_s7_native,RECORDED,DENSE,support_index_bytes,0.0,bytes,common physical/cache model,results_hpca_xorflow/complete_suite/baselines/reddit/format_matrix.csv,10c6aac81b660b01bf2f1c7047cb111dba501a9b9888d3e94972b35f4268bc82
format_matrix,reddit_deepres8_w128_s7_native,RECORDED,DENSE,feature_cache_misses,437002872.0,count,common physical/cache model,results_hpca_xorflow/complete_suite/baselines/reddit/format_matrix.csv,10c6aac81b660b01bf2f1c7047cb111dba501a9b9888d3e94972b35f4268bc82
format_matrix,reddit_deepres8_w128_s7_native,RECORDED,CSR32,total_traffic_bytes,80495882896.0,bytes,common physical/cache model,results_hpca_xorflow/complete_suite/baselines/reddit/format_matrix.csv,10c6aac81b660b01bf2f1c7047cb111dba501a9b9888d3e94972b35f4268bc82
format_matrix,reddit_deepres8_w128_s7_native,RECORDED,CSR32,traffic_ratio_to_beicsr,2.8734541417495656,ratio,common physical/cache model,results_hpca_xorflow/complete_suite/baselines/reddit/format_matrix.csv,10c6aac81b660b01bf2f1c7047cb111dba501a9b9888d3e94972b35f4268bc82
format_matrix,reddit_deepres8_w128_s7_native,RECORDED,CSR32,traffic_reduction_vs_beicsr,-1.8734541417495656,ratio,common physical/cache model,results_hpca_xorflow/complete_suite/baselines/reddit/format_matrix.csv,10c6aac81b660b01bf2f1c7047cb111dba501a9b9888d3e94972b35f4268bc82
format_matrix,reddit_deepres8_w128_s7_native,RECORDED,CSR32,support_index_bytes,101982876.0,bytes,common physical/cache model,results_hpca_xorflow/complete_suite/baselines/reddit/format_matrix.csv,10c6aac81b660b01bf2f1c7047cb111dba501a9b9888d3e94972b35f4268bc82
format_matrix,reddit_deepres8_w128_s7_native,RECORDED,CSR32,feature_cache_misses,1238917763.0,count,common physical/cache model,results_hpca_xorflow/complete_suite/baselines/reddit/format_matrix.csv,10c6aac81b660b01bf2f1c7047cb111dba501a9b9888d3e94972b35f4268bc82
format_matrix,reddit_deepres8_w128_s7_native,RECORDED,CSR_PACKED,total_traffic_bytes,40020515408.0,bytes,common physical/cache model,results_hpca_xorflow/complete_suite/baselines/reddit/format_matrix.csv,10c6aac81b660b01bf2f1c7047cb111dba501a9b9888d3e94972b35f4268bc82
format_matrix,reddit_deepres8_w128_s7_native,RECORDED,CSR_PACKED,traffic_ratio_to_beicsr,1.4286086644039324,ratio,common physical/cache model,results_hpca_xorflow/complete_suite/baselines/reddit/format_matrix.csv,10c6aac81b660b01bf2f1c7047cb111dba501a9b9888d3e94972b35f4268bc82
format_matrix,reddit_deepres8_w128_s7_native,RECORDED,CSR_PACKED,traffic_reduction_vs_beicsr,-0.4286086644039324,ratio,common physical/cache model,results_hpca_xorflow/complete_suite/baselines/reddit/format_matrix.csv,10c6aac81b660b01bf2f1c7047cb111dba501a9b9888d3e94972b35f4268bc82
format_matrix,reddit_deepres8_w128_s7_native,RECORDED,CSR_PACKED,support_index_bytes,22514110.0,bytes,common physical/cache model,results_hpca_xorflow/complete_suite/baselines/reddit/format_matrix.csv,10c6aac81b660b01bf2f1c7047cb111dba501a9b9888d3e94972b35f4268bc82
format_matrix,reddit_deepres8_w128_s7_native,RECORDED,CSR_PACKED,feature_cache_misses,609020788.0,count,common physical/cache model,results_hpca_xorflow/complete_suite/baselines/reddit/format_matrix.csv,10c6aac81b660b01bf2f1c7047cb111dba501a9b9888d3e94972b35f4268bc82
format_matrix,reddit_deepres8_w128_s7_native,RECORDED,BEICSR,total_traffic_bytes,28013630608.0,bytes,common physical/cache model,results_hpca_xorflow/complete_suite/baselines/reddit/format_matrix.csv,10c6aac81b660b01bf2f1c7047cb111dba501a9b9888d3e94972b35f4268bc82
format_matrix,reddit_deepres8_w128_s7_native,RECORDED,BEICSR,traffic_ratio_to_beicsr,1.0,ratio,common physical/cache model,results_hpca_xorflow/complete_suite/baselines/reddit/format_matrix.csv,10c6aac81b660b01bf2f1c7047cb111dba501a9b9888d3e94972b35f4268bc82
format_matrix,reddit_deepres8_w128_s7_native,RECORDED,BEICSR,traffic_reduction_vs_beicsr,0.0,ratio,common physical/cache model,results_hpca_xorflow/complete_suite/baselines/reddit/format_matrix.csv,10c6aac81b660b01bf2f1c7047cb111dba501a9b9888d3e94972b35f4268bc82
format_matrix,reddit_deepres8_w128_s7_native,RECORDED,BEICSR,support_index_bytes,7454880.0,bytes,common physical/cache model,results_hpca_xorflow/complete_suite/baselines/reddit/format_matrix.csv,10c6aac81b660b01bf2f1c7047cb111dba501a9b9888d3e94972b35f4268bc82
format_matrix,reddit_deepres8_w128_s7_native,RECORDED,BEICSR,feature_cache_misses,421575237.0,count,common physical/cache model,results_hpca_xorflow/complete_suite/baselines/reddit/format_matrix.csv,10c6aac81b660b01bf2f1c7047cb111dba501a9b9888d3e94972b35f4268bc82
format_matrix,reddit_deepres8_w128_s7_native,RECORDED,INDEPENDENT_BEST,total_traffic_bytes,39429259792.0,bytes,common physical/cache model,results_hpca_xorflow/complete_suite/baselines/reddit/format_matrix.csv,10c6aac81b660b01bf2f1c7047cb111dba501a9b9888d3e94972b35f4268bc82
format_matrix,reddit_deepres8_w128_s7_native,RECORDED,INDEPENDENT_BEST,traffic_ratio_to_beicsr,1.4075026669602753,ratio,common physical/cache model,results_hpca_xorflow/complete_suite/baselines/reddit/format_matrix.csv,10c6aac81b660b01bf2f1c7047cb111dba501a9b9888d3e94972b35f4268bc82
format_matrix,reddit_deepres8_w128_s7_native,RECORDED,INDEPENDENT_BEST,traffic_reduction_vs_beicsr,-0.4075026669602752,ratio,common physical/cache model,results_hpca_xorflow/complete_suite/baselines/reddit/format_matrix.csv,10c6aac81b660b01bf2f1c7047cb111dba501a9b9888d3e94972b35f4268bc82
format_matrix,reddit_deepres8_w128_s7_native,RECORDED,INDEPENDENT_BEST,support_index_bytes,7454880.0,bytes,common physical/cache model,results_hpca_xorflow/complete_suite/baselines/reddit/format_matrix.csv,10c6aac81b660b01bf2f1c7047cb111dba501a9b9888d3e94972b35f4268bc82
format_matrix,reddit_deepres8_w128_s7_native,RECORDED,INDEPENDENT_BEST,feature_cache_misses,599990233.0,count,common physical/cache model,results_hpca_xorflow/complete_suite/baselines/reddit/format_matrix.csv,10c6aac81b660b01bf2f1c7047cb111dba501a9b9888d3e94972b35f4268bc82
format_matrix,reddit_deepres8_w128_s7_native,RECORDED,X0_CAUSAL_INDEPENDENT,total_traffic_bytes,18113589840.0,bytes,common physical/cache model,results_hpca_xorflow/complete_suite/baselines/reddit/format_matrix.csv,10c6aac81b660b01bf2f1c7047cb111dba501a9b9888d3e94972b35f4268bc82
format_matrix,reddit_deepres8_w128_s7_native,RECORDED,X0_CAUSAL_INDEPENDENT,traffic_ratio_to_beicsr,0.6314685439859389,ratio,common physical/cache model,results_hpca_xorflow/complete_suite/baselines/reddit/format_matrix.csv,10c6aac81b660b01bf2f1c7047cb111dba501a9b9888d3e94972b35f4268bc82
format_matrix,reddit_deepres8_w128_s7_native,RECORDED,X0_CAUSAL_INDEPENDENT,traffic_reduction_vs_beicsr,0.3685314560140611,ratio,common physical/cache model,results_hpca_xorflow/complete_suite/baselines/reddit/format_matrix.csv,10c6aac81b660b01bf2f1c7047cb111dba501a9b9888d3e94972b35f4268bc82
format_matrix,reddit_deepres8_w128_s7_native,RECORDED,X0_CAUSAL_INDEPENDENT,support_index_bytes,6163655.0,bytes,common physical/cache model,results_hpca_xorflow/complete_suite/baselines/reddit/format_matrix.csv,10c6aac81b660b01bf2f1c7047cb111dba501a9b9888d3e94972b35f4268bc82
format_matrix,reddit_deepres8_w128_s7_native,RECORDED,X0_CAUSAL_INDEPENDENT,feature_cache_misses,267038982.0,count,common physical/cache model,results_hpca_xorflow/complete_suite/baselines/reddit/format_matrix.csv,10c6aac81b660b01bf2f1c7047cb111dba501a9b9888d3e94972b35f4268bc82
format_matrix,reddit_deepres8_w128_s7_native,RECORDED,X1_CAUSAL_AUTO,total_traffic_bytes,18112078800.0,bytes,common physical/cache model,results_hpca_xorflow/complete_suite/baselines/reddit/format_matrix.csv,10c6aac81b660b01bf2f1c7047cb111dba501a9b9888d3e94972b35f4268bc82
format_matrix,reddit_deepres8_w128_s7_native,RECORDED,X1_CAUSAL_AUTO,traffic_ratio_to_beicsr,0.6314158667288555,ratio,common physical/cache model,results_hpca_xorflow/complete_suite/baselines/reddit/format_matrix.csv,10c6aac81b660b01bf2f1c7047cb111dba501a9b9888d3e94972b35f4268bc82
format_matrix,reddit_deepres8_w128_s7_native,RECORDED,X1_CAUSAL_AUTO,traffic_reduction_vs_beicsr,0.3685841332711445,ratio,common physical/cache model,results_hpca_xorflow/complete_suite/baselines/reddit/format_matrix.csv,10c6aac81b660b01bf2f1c7047cb111dba501a9b9888d3e94972b35f4268bc82
format_matrix,reddit_deepres8_w128_s7_native,RECORDED,X1_CAUSAL_AUTO,support_index_bytes,5660701.0,bytes,common physical/cache model,results_hpca_xorflow/complete_suite/baselines/reddit/format_matrix.csv,10c6aac81b660b01bf2f1c7047cb111dba501a9b9888d3e94972b35f4268bc82
format_matrix,reddit_deepres8_w128_s7_native,RECORDED,X1_CAUSAL_AUTO,feature_cache_misses,267038982.0,count,common physical/cache model,results_hpca_xorflow/complete_suite/baselines/reddit/format_matrix.csv,10c6aac81b660b01bf2f1c7047cb111dba501a9b9888d3e94972b35f4268bc82
format_matrix,reddit_deepres8_w128_s7_native,RECORDED,X2_CAUSAL_FORCE,total_traffic_bytes,18112078800.0,bytes,common physical/cache model,results_hpca_xorflow/complete_suite/baselines/reddit/format_matrix.csv,10c6aac81b660b01bf2f1c7047cb111dba501a9b9888d3e94972b35f4268bc82
format_matrix,reddit_deepres8_w128_s7_native,RECORDED,X2_CAUSAL_FORCE,traffic_ratio_to_beicsr,0.6314158667288555,ratio,common physical/cache model,results_hpca_xorflow/complete_suite/baselines/reddit/format_matrix.csv,10c6aac81b660b01bf2f1c7047cb111dba501a9b9888d3e94972b35f4268bc82
format_matrix,reddit_deepres8_w128_s7_native,RECORDED,X2_CAUSAL_FORCE,traffic_reduction_vs_beicsr,0.3685841332711445,ratio,common physical/cache model,results_hpca_xorflow/complete_suite/baselines/reddit/format_matrix.csv,10c6aac81b660b01bf2f1c7047cb111dba501a9b9888d3e94972b35f4268bc82
format_matrix,reddit_deepres8_w128_s7_native,RECORDED,X2_CAUSAL_FORCE,support_index_bytes,5660701.0,bytes,common physical/cache model,results_hpca_xorflow/complete_suite/baselines/reddit/format_matrix.csv,10c6aac81b660b01bf2f1c7047cb111dba501a9b9888d3e94972b35f4268bc82
format_matrix,reddit_deepres8_w128_s7_native,RECORDED,X2_CAUSAL_FORCE,feature_cache_misses,267038982.0,count,common physical/cache model,results_hpca_xorflow/complete_suite/baselines/reddit/format_matrix.csv,10c6aac81b660b01bf2f1c7047cb111dba501a9b9888d3e94972b35f4268bc82
format_matrix,reddit_deepres8_w128_s7_native,RECORDED,O0_OFFLINE_MAJORITY,total_traffic_bytes,18111846096.0,bytes,common physical/cache model,results_hpca_xorflow/complete_suite/baselines/reddit/format_matrix.csv,10c6aac81b660b01bf2f1c7047cb111dba501a9b9888d3e94972b35f4268bc82
format_matrix,reddit_deepres8_w128_s7_native,RECORDED,O0_OFFLINE_MAJORITY,traffic_ratio_to_beicsr,0.6314077542973962,ratio,common physical/cache model,results_hpca_xorflow/complete_suite/baselines/reddit/format_matrix.csv,10c6aac81b660b01bf2f1c7047cb111dba501a9b9888d3e94972b35f4268bc82
format_matrix,reddit_deepres8_w128_s7_native,RECORDED,O0_OFFLINE_MAJORITY,traffic_reduction_vs_beicsr,0.3685922457026038,ratio,common physical/cache model,results_hpca_xorflow/complete_suite/baselines/reddit/format_matrix.csv,10c6aac81b660b01bf2f1c7047cb111dba501a9b9888d3e94972b35f4268bc82
format_matrix,reddit_deepres8_w128_s7_native,RECORDED,O0_OFFLINE_MAJORITY,support_index_bytes,5582912.0,bytes,common physical/cache model,results_hpca_xorflow/complete_suite/baselines/reddit/format_matrix.csv,10c6aac81b660b01bf2f1c7047cb111dba501a9b9888d3e94972b35f4268bc82
format_matrix,reddit_deepres8_w128_s7_native,RECORDED,O0_OFFLINE_MAJORITY,feature_cache_misses,267038982.0,count,common physical/cache model,results_hpca_xorflow/complete_suite/baselines/reddit/format_matrix.csv,10c6aac81b660b01bf2f1c7047cb111dba501a9b9888d3e94972b35f4268bc82
format_matrix,reddit_deepres8_w128_s7_native,RECORDED,O1_FREE_SUPPORT,total_traffic_bytes,18094923216.0,bytes,common physical/cache model,results_hpca_xorflow/complete_suite/baselines/reddit/format_matrix.csv,10c6aac81b660b01bf2f1c7047cb111dba501a9b9888d3e94972b35f4268bc82
format_matrix,reddit_deepres8_w128_s7_native,RECORDED,O1_FREE_SUPPORT,traffic_ratio_to_beicsr,0.6308177957917636,ratio,common physical/cache model,results_hpca_xorflow/complete_suite/baselines/reddit/format_matrix.csv,10c6aac81b660b01bf2f1c7047cb111dba501a9b9888d3e94972b35f4268bc82
format_matrix,reddit_deepres8_w128_s7_native,RECORDED,O1_FREE_SUPPORT,traffic_reduction_vs_beicsr,0.3691822042082364,ratio,common physical/cache model,results_hpca_xorflow/complete_suite/baselines/reddit/format_matrix.csv,10c6aac81b660b01bf2f1c7047cb111dba501a9b9888d3e94972b35f4268bc82
format_matrix,reddit_deepres8_w128_s7_native,RECORDED,O1_FREE_SUPPORT,support_index_bytes,0.0,bytes,common physical/cache model,results_hpca_xorflow/complete_suite/baselines/reddit/format_matrix.csv,10c6aac81b660b01bf2f1c7047cb111dba501a9b9888d3e94972b35f4268bc82
format_matrix,reddit_deepres8_w128_s7_native,RECORDED,O1_FREE_SUPPORT,feature_cache_misses,267038982.0,count,common physical/cache model,results_hpca_xorflow/complete_suite/baselines/reddit/format_matrix.csv,10c6aac81b660b01bf2f1c7047cb111dba501a9b9888d3e94972b35f4268bc82
format_matrix,reddit_deepres8_w128_s7_native,RECORDED,X0_CAUSAL_INDEPENDENT,total_traffic_bytes,15407878736.0,bytes,common physical/cache model,results_hpca_xorflow/complete_suite/baselines/reddit/format_matrix.csv,10c6aac81b660b01bf2f1c7047cb111dba501a9b9888d3e94972b35f4268bc82
format_matrix,reddit_deepres8_w128_s7_native,RECORDED,X0_CAUSAL_INDEPENDENT,traffic_ratio_to_beicsr,0.5500136327063544,ratio,common physical/cache model,results_hpca_xorflow/complete_suite/baselines/reddit/format_matrix.csv,10c6aac81b660b01bf2f1c7047cb111dba501a9b9888d3e94972b35f4268bc82
format_matrix,reddit_deepres8_w128_s7_native,RECORDED,X0_CAUSAL_INDEPENDENT,traffic_reduction_vs_beicsr,0.4499863672936456,ratio,common physical/cache model,results_hpca_xorflow/complete_suite/baselines/reddit/format_matrix.csv,10c6aac81b660b01bf2f1c7047cb111dba501a9b9888d3e94972b35f4268bc82
format_matrix,reddit_deepres8_w128_s7_native,RECORDED,X0_CAUSAL_INDEPENDENT,support_index_bytes,5706599.0,bytes,common physical/cache model,results_hpca_xorflow/complete_suite/baselines/reddit/format_matrix.csv,10c6aac81b660b01bf2f1c7047cb111dba501a9b9888d3e94972b35f4268bc82
format_matrix,reddit_deepres8_w128_s7_native,RECORDED,X0_CAUSAL_INDEPENDENT,feature_cache_misses,224966177.0,count,common physical/cache model,results_hpca_xorflow/complete_suite/baselines/reddit/format_matrix.csv,10c6aac81b660b01bf2f1c7047cb111dba501a9b9888d3e94972b35f4268bc82
format_matrix,reddit_deepres8_w128_s7_native,RECORDED,X1_CAUSAL_AUTO,total_traffic_bytes,15405671504.0,bytes,common physical/cache model,results_hpca_xorflow/complete_suite/baselines/reddit/format_matrix.csv,10c6aac81b660b01bf2f1c7047cb111dba501a9b9888d3e94972b35f4268bc82
format_matrix,reddit_deepres8_w128_s7_native,RECORDED,X1_CAUSAL_AUTO,traffic_ratio_to_beicsr,0.5499348413482871,ratio,common physical/cache model,results_hpca_xorflow/complete_suite/baselines/reddit/format_matrix.csv,10c6aac81b660b01bf2f1c7047cb111dba501a9b9888d3e94972b35f4268bc82
format_matrix,reddit_deepres8_w128_s7_native,RECORDED,X1_CAUSAL_AUTO,traffic_reduction_vs_beicsr,0.4500651586517129,ratio,common physical/cache model,results_hpca_xorflow/complete_suite/baselines/reddit/format_matrix.csv,10c6aac81b660b01bf2f1c7047cb111dba501a9b9888d3e94972b35f4268bc82
format_matrix,reddit_deepres8_w128_s7_native,RECORDED,X1_CAUSAL_AUTO,support_index_bytes,4972622.0,bytes,common physical/cache model,results_hpca_xorflow/complete_suite/baselines/reddit/format_matrix.csv,10c6aac81b660b01bf2f1c7047cb111dba501a9b9888d3e94972b35f4268bc82
format_matrix,reddit_deepres8_w128_s7_native,RECORDED,X1_CAUSAL_AUTO,feature_cache_misses,224966177.0,count,common physical/cache model,results_hpca_xorflow/complete_suite/baselines/reddit/format_matrix.csv,10c6aac81b660b01bf2f1c7047cb111dba501a9b9888d3e94972b35f4268bc82
format_matrix,reddit_deepres8_w128_s7_native,RECORDED,X2_CAUSAL_FORCE,total_traffic_bytes,15405671504.0,bytes,common physical/cache model,results_hpca_xorflow/complete_suite/baselines/reddit/format_matrix.csv,10c6aac81b660b01bf2f1c7047cb111dba501a9b9888d3e94972b35f4268bc82
format_matrix,reddit_deepres8_w128_s7_native,RECORDED,X2_CAUSAL_FORCE,traffic_ratio_to_beicsr,0.5499348413482871,ratio,common physical/cache model,results_hpca_xorflow/complete_suite/baselines/reddit/format_matrix.csv,10c6aac81b660b01bf2f1c7047cb111dba501a9b9888d3e94972b35f4268bc82
format_matrix,reddit_deepres8_w128_s7_native,RECORDED,X2_CAUSAL_FORCE,traffic_reduction_vs_beicsr,0.4500651586517129,ratio,common physical/cache model,results_hpca_xorflow/complete_suite/baselines/reddit/format_matrix.csv,10c6aac81b660b01bf2f1c7047cb111dba501a9b9888d3e94972b35f4268bc82
format_matrix,reddit_deepres8_w128_s7_native,RECORDED,X2_CAUSAL_FORCE,support_index_bytes,4972622.0,bytes,common physical/cache model,results_hpca_xorflow/complete_suite/baselines/reddit/format_matrix.csv,10c6aac81b660b01bf2f1c7047cb111dba501a9b9888d3e94972b35f4268bc82
format_matrix,reddit_deepres8_w128_s7_native,RECORDED,X2_CAUSAL_FORCE,feature_cache_misses,224966177.0,count,common physical/cache model,results_hpca_xorflow/complete_suite/baselines/reddit/format_matrix.csv,10c6aac81b660b01bf2f1c7047cb111dba501a9b9888d3e94972b35f4268bc82
format_matrix,reddit_deepres8_w128_s7_native,RECORDED,O0_OFFLINE_MAJORITY,total_traffic_bytes,15405237776.0,bytes,common physical/cache model,results_hpca_xorflow/complete_suite/baselines/reddit/format_matrix.csv,10c6aac81b660b01bf2f1c7047cb111dba501a9b9888d3e94972b35f4268bc82
format_matrix,reddit_deepres8_w128_s7_native,RECORDED,O0_OFFLINE_MAJORITY,traffic_ratio_to_beicsr,0.5499193585996899,ratio,common physical/cache model,results_hpca_xorflow/complete_suite/baselines/reddit/format_matrix.csv,10c6aac81b660b01bf2f1c7047cb111dba501a9b9888d3e94972b35f4268bc82
format_matrix,reddit_deepres8_w128_s7_native,RECORDED,O0_OFFLINE_MAJORITY,traffic_reduction_vs_beicsr,0.4500806414003101,ratio,common physical/cache model,results_hpca_xorflow/complete_suite/baselines/reddit/format_matrix.csv,10c6aac81b660b01bf2f1c7047cb111dba501a9b9888d3e94972b35f4268bc82
format_matrix,reddit_deepres8_w128_s7_native,RECORDED,O0_OFFLINE_MAJORITY,support_index_bytes,4825018.0,bytes,common physical/cache model,results_hpca_xorflow/complete_suite/baselines/reddit/format_matrix.csv,10c6aac81b660b01bf2f1c7047cb111dba501a9b9888d3e94972b35f4268bc82
format_matrix,reddit_deepres8_w128_s7_native,RECORDED,O0_OFFLINE_MAJORITY,feature_cache_misses,224966177.0,count,common physical/cache model,results_hpca_xorflow/complete_suite/baselines/reddit/format_matrix.csv,10c6aac81b660b01bf2f1c7047cb111dba501a9b9888d3e94972b35f4268bc82
format_matrix,reddit_deepres8_w128_s7_native,RECORDED,O1_FREE_SUPPORT,total_traffic_bytes,15390583952.0,bytes,common physical/cache model,results_hpca_xorflow/complete_suite/baselines/reddit/format_matrix.csv,10c6aac81b660b01bf2f1c7047cb111dba501a9b9888d3e94972b35f4268bc82
format_matrix,reddit_deepres8_w128_s7_native,RECORDED,O1_FREE_SUPPORT,traffic_ratio_to_beicsr,0.5493962623896679,ratio,common physical/cache model,results_hpca_xorflow/complete_suite/baselines/reddit/format_matrix.csv,10c6aac81b660b01bf2f1c7047cb111dba501a9b9888d3e94972b35f4268bc82
format_matrix,reddit_deepres8_w128_s7_native,RECORDED,O1_FREE_SUPPORT,traffic_reduction_vs_beicsr,0.4506037376103321,ratio,common physical/cache model,results_hpca_xorflow/complete_suite/baselines/reddit/format_matrix.csv,10c6aac81b660b01bf2f1c7047cb111dba501a9b9888d3e94972b35f4268bc82
format_matrix,reddit_deepres8_w128_s7_native,RECORDED,O1_FREE_SUPPORT,support_index_bytes,0.0,bytes,common physical/cache model,results_hpca_xorflow/complete_suite/baselines/reddit/format_matrix.csv,10c6aac81b660b01bf2f1c7047cb111dba501a9b9888d3e94972b35f4268bc82
format_matrix,reddit_deepres8_w128_s7_native,RECORDED,O1_FREE_SUPPORT,feature_cache_misses,224966177.0,count,common physical/cache model,results_hpca_xorflow/complete_suite/baselines/reddit/format_matrix.csv,10c6aac81b660b01bf2f1c7047cb111dba501a9b9888d3e94972b35f4268bc82
format_matrix,ogbn_arxiv_deepres8_w128_s17,RECORDED,DENSE,total_traffic_bytes,603773040.0,bytes,common physical/cache model,results_hpca_xorflow/complete_suite/baselines/smoke_arxiv_l4/baseline_matrix.csv,7102f8f41da6c17214f4d48df4d9cc99e95d8a88a0dd88a07939f555731985ac
format_matrix,ogbn_arxiv_deepres8_w128_s17,RECORDED,DENSE,support_index_bytes,0.0,bytes,common physical/cache model,results_hpca_xorflow/complete_suite/baselines/smoke_arxiv_l4/baseline_matrix.csv,7102f8f41da6c17214f4d48df4d9cc99e95d8a88a0dd88a07939f555731985ac
format_matrix,ogbn_arxiv_deepres8_w128_s17,RECORDED,DENSE,feature_cache_misses,7768592.0,count,common physical/cache model,results_hpca_xorflow/complete_suite/baselines/smoke_arxiv_l4/baseline_matrix.csv,7102f8f41da6c17214f4d48df4d9cc99e95d8a88a0dd88a07939f555731985ac
format_matrix,ogbn_arxiv_deepres8_w128_s17,RECORDED,CSR32,total_traffic_bytes,1946195120.0,bytes,common physical/cache model,results_hpca_xorflow/complete_suite/baselines/smoke_arxiv_l4/baseline_matrix.csv,7102f8f41da6c17214f4d48df4d9cc99e95d8a88a0dd88a07939f555731985ac
format_matrix,ogbn_arxiv_deepres8_w128_s17,RECORDED,CSR32,support_index_bytes,87108372.0,bytes,common physical/cache model,results_hpca_xorflow/complete_suite/baselines/smoke_arxiv_l4/baseline_matrix.csv,7102f8f41da6c17214f4d48df4d9cc99e95d8a88a0dd88a07939f555731985ac
format_matrix,ogbn_arxiv_deepres8_w128_s17,RECORDED,CSR32,feature_cache_misses,26337429.0,count,common physical/cache model,results_hpca_xorflow/complete_suite/baselines/smoke_arxiv_l4/baseline_matrix.csv,7102f8f41da6c17214f4d48df4d9cc99e95d8a88a0dd88a07939f555731985ac
format_matrix,ogbn_arxiv_deepres8_w128_s17,RECORDED,CSR_PACKED,total_traffic_bytes,848432304.0,bytes,common physical/cache model,results_hpca_xorflow/complete_suite/baselines/smoke_arxiv_l4/baseline_matrix.csv,7102f8f41da6c17214f4d48df4d9cc99e95d8a88a0dd88a07939f555731985ac
format_matrix,ogbn_arxiv_deepres8_w128_s17,RECORDED,CSR_PACKED,support_index_bytes,19202911.0,bytes,common physical/cache model,results_hpca_xorflow/complete_suite/baselines/smoke_arxiv_l4/baseline_matrix.csv,7102f8f41da6c17214f4d48df4d9cc99e95d8a88a0dd88a07939f555731985ac
format_matrix,ogbn_arxiv_deepres8_w128_s17,RECORDED,CSR_PACKED,feature_cache_misses,11418035.0,count,common physical/cache model,results_hpca_xorflow/complete_suite/baselines/smoke_arxiv_l4/baseline_matrix.csv,7102f8f41da6c17214f4d48df4d9cc99e95d8a88a0dd88a07939f555731985ac
format_matrix,ogbn_arxiv_deepres8_w128_s17,RECORDED,BEICSR,total_traffic_bytes,603738416.0,bytes,common physical/cache model,results_hpca_xorflow/complete_suite/baselines/smoke_arxiv_l4/baseline_matrix.csv,7102f8f41da6c17214f4d48df4d9cc99e95d8a88a0dd88a07939f555731985ac
format_matrix,ogbn_arxiv_deepres8_w128_s17,RECORDED,BEICSR,support_index_bytes,5418976.0,bytes,common physical/cache model,results_hpca_xorflow/complete_suite/baselines/smoke_arxiv_l4/baseline_matrix.csv,7102f8f41da6c17214f4d48df4d9cc99e95d8a88a0dd88a07939f555731985ac
format_matrix,ogbn_arxiv_deepres8_w128_s17,RECORDED,BEICSR,feature_cache_misses,7768061.0,count,common physical/cache model,results_hpca_xorflow/complete_suite/baselines/smoke_arxiv_l4/baseline_matrix.csv,7102f8f41da6c17214f4d48df4d9cc99e95d8a88a0dd88a07939f555731985ac
format_matrix,ogbn_arxiv_deepres8_w128_s17,RECORDED,INDEPENDENT_BEST,total_traffic_bytes,843382896.0,bytes,common physical/cache model,results_hpca_xorflow/complete_suite/baselines/smoke_arxiv_l4/baseline_matrix.csv,7102f8f41da6c17214f4d48df4d9cc99e95d8a88a0dd88a07939f555731985ac
format_matrix,ogbn_arxiv_deepres8_w128_s17,RECORDED,INDEPENDENT_BEST,support_index_bytes,5418976.0,bytes,common physical/cache model,results_hpca_xorflow/complete_suite/baselines/smoke_arxiv_l4/baseline_matrix.csv,7102f8f41da6c17214f4d48df4d9cc99e95d8a88a0dd88a07939f555731985ac
format_matrix,ogbn_arxiv_deepres8_w128_s17,RECORDED,INDEPENDENT_BEST,feature_cache_misses,11467790.0,count,common physical/cache model,results_hpca_xorflow/complete_suite/baselines/smoke_arxiv_l4/baseline_matrix.csv,7102f8f41da6c17214f4d48df4d9cc99e95d8a88a0dd88a07939f555731985ac
causal_preflight,ogbn_arxiv_deepres8_w128_s17,RECORDED,,support_ratio_to_beicsr,0.7227651702297835,ratio,causal two-layer,results_hpca_xorflow/complete_suite/baselines/smoke_arxiv_l4/causal_x1.csv,7543f8509368b658db440ad519628aac3c2c9947479401cf428bcaa3ac3a6a3e
causal_preflight,ogbn_arxiv_deepres8_w128_s17,RECORDED,,traffic_reduction,0.1362471921945746,fraction,causal two-layer,results_hpca_xorflow/complete_suite/baselines/smoke_arxiv_l4/causal_x1.csv,7543f8509368b658db440ad519628aac3c2c9947479401cf428bcaa3ac3a6a3e
causal_preflight,ogbn_arxiv_deepres8_w128_s17,RECORDED,,serialized_speedup,1.1461466803718114,ratio,causal two-layer,results_hpca_xorflow/complete_suite/baselines/smoke_arxiv_l4/causal_x1.csv,7543f8509368b658db440ad519628aac3c2c9947479401cf428bcaa3ac3a6a3e
causal_preflight,ogbn_arxiv_deepres8_w128_s17,RECORDED,,double_buffered_speedup,1.156116282018829,ratio,causal two-layer,results_hpca_xorflow/complete_suite/baselines/smoke_arxiv_l4/causal_x1.csv,7543f8509368b658db440ad519628aac3c2c9947479401cf428bcaa3ac3a6a3e
causal_preflight,ogbn_arxiv_deepres8_w128_s17,RECORDED,,xorflow_total_bytes,521480752.0,bytes,causal two-layer,results_hpca_xorflow/complete_suite/baselines/smoke_arxiv_l4/causal_x1.csv,7543f8509368b658db440ad519628aac3c2c9947479401cf428bcaa3ac3a6a3e
causal_preflight,ogbn_arxiv_deepres8_w128_s17,RECORDED,,beicsr_total_bytes,603738416.0,bytes,causal two-layer,results_hpca_xorflow/complete_suite/baselines/smoke_arxiv_l4/causal_x1.csv,7543f8509368b658db440ad519628aac3c2c9947479401cf428bcaa3ac3a6a3e
format_matrix,chameleon_gcnii16,UNKNOWN,DENSE,total_traffic_bytes,1181400.0,bytes,common physical/cache model,results_hpca_xorflow/complete_suite/baselines/transfer_boundary/chameleon.csv,1d7ac8718f6095f4215d5e0645fb96714e5791a4a5f2be002fbd644d4ad77a69
format_matrix,chameleon_gcnii16,UNKNOWN,DENSE,traffic_ratio_to_beicsr,0.995953464845726,ratio,common physical/cache model,results_hpca_xorflow/complete_suite/baselines/transfer_boundary/chameleon.csv,1d7ac8718f6095f4215d5e0645fb96714e5791a4a5f2be002fbd644d4ad77a69
format_matrix,chameleon_gcnii16,UNKNOWN,DENSE,traffic_reduction_vs_beicsr,0.0040465351542741,ratio,common physical/cache model,results_hpca_xorflow/complete_suite/baselines/transfer_boundary/chameleon.csv,1d7ac8718f6095f4215d5e0645fb96714e5791a4a5f2be002fbd644d4ad77a69
format_matrix,chameleon_gcnii16,UNKNOWN,DENSE,support_index_bytes,0.0,bytes,common physical/cache model,results_hpca_xorflow/complete_suite/baselines/transfer_boundary/chameleon.csv,1d7ac8718f6095f4215d5e0645fb96714e5791a4a5f2be002fbd644d4ad77a69
format_matrix,chameleon_gcnii16,UNKNOWN,DENSE,feature_cache_misses,4554.0,count,common physical/cache model,results_hpca_xorflow/complete_suite/baselines/transfer_boundary/chameleon.csv,1d7ac8718f6095f4215d5e0645fb96714e5791a4a5f2be002fbd644d4ad77a69
format_matrix,chameleon_gcnii16,UNKNOWN,CSR32,total_traffic_bytes,2679384.0,bytes,common physical/cache model,results_hpca_xorflow/complete_suite/baselines/transfer_boundary/chameleon.csv,1d7ac8718f6095f4215d5e0645fb96714e5791a4a5f2be002fbd644d4ad77a69
format_matrix,chameleon_gcnii16,UNKNOWN,CSR32,traffic_ratio_to_beicsr,2.2587961557916034,ratio,common physical/cache model,results_hpca_xorflow/complete_suite/baselines/transfer_boundary/chameleon.csv,1d7ac8718f6095f4215d5e0645fb96714e5791a4a5f2be002fbd644d4ad77a69
format_matrix,chameleon_gcnii16,UNKNOWN,CSR32,traffic_reduction_vs_beicsr,-1.2587961557916034,ratio,common physical/cache model,results_hpca_xorflow/complete_suite/baselines/transfer_boundary/chameleon.csv,1d7ac8718f6095f4215d5e0645fb96714e5791a4a5f2be002fbd644d4ad77a69
format_matrix,chameleon_gcnii16,UNKNOWN,CSR32,support_index_bytes,499468.0,bytes,common physical/cache model,results_hpca_xorflow/complete_suite/baselines/transfer_boundary/chameleon.csv,1d7ac8718f6095f4215d5e0645fb96714e5791a4a5f2be002fbd644d4ad77a69
format_matrix,chameleon_gcnii16,UNKNOWN,CSR32,feature_cache_misses,12356.0,count,common physical/cache model,results_hpca_xorflow/complete_suite/baselines/transfer_boundary/chameleon.csv,1d7ac8718f6095f4215d5e0645fb96714e5791a4a5f2be002fbd644d4ad77a69
format_matrix,chameleon_gcnii16,UNKNOWN,CSR_PACKED,total_traffic_bytes,1448472.0,bytes,common physical/cache model,results_hpca_xorflow/complete_suite/baselines/transfer_boundary/chameleon.csv,1d7ac8718f6095f4215d5e0645fb96714e5791a4a5f2be002fbd644d4ad77a69
format_matrix,chameleon_gcnii16,UNKNOWN,CSR_PACKED,traffic_ratio_to_beicsr,1.2211026808295398,ratio,common physical/cache model,results_hpca_xorflow/complete_suite/baselines/transfer_boundary/chameleon.csv,1d7ac8718f6095f4215d5e0645fb96714e5791a4a5f2be002fbd644d4ad77a69
format_matrix,chameleon_gcnii16,UNKNOWN,CSR_PACKED,traffic_reduction_vs_beicsr,-0.2211026808295397,ratio,common physical/cache model,results_hpca_xorflow/complete_suite/baselines/transfer_boundary/chameleon.csv,1d7ac8718f6095f4215d5e0645fb96714e5791a4a5f2be002fbd644d4ad77a69
format_matrix,chameleon_gcnii16,UNKNOWN,CSR_PACKED,support_index_bytes,95352.0,bytes,common physical/cache model,results_hpca_xorflow/complete_suite/baselines/transfer_boundary/chameleon.csv,1d7ac8718f6095f4215d5e0645fb96714e5791a4a5f2be002fbd644d4ad77a69
format_matrix,chameleon_gcnii16,UNKNOWN,CSR_PACKED,feature_cache_misses,5945.0,count,common physical/cache model,results_hpca_xorflow/complete_suite/baselines/transfer_boundary/chameleon.csv,1d7ac8718f6095f4215d5e0645fb96714e5791a4a5f2be002fbd644d4ad77a69
format_matrix,chameleon_gcnii16,UNKNOWN,BEICSR,total_traffic_bytes,1186200.0,bytes,common physical/cache model,results_hpca_xorflow/complete_suite/baselines/transfer_boundary/chameleon.csv,1d7ac8718f6095f4215d5e0645fb96714e5791a4a5f2be002fbd644d4ad77a69
format_matrix,chameleon_gcnii16,UNKNOWN,BEICSR,traffic_ratio_to_beicsr,1.0,ratio,common physical/cache model,results_hpca_xorflow/complete_suite/baselines/transfer_boundary/chameleon.csv,1d7ac8718f6095f4215d5e0645fb96714e5791a4a5f2be002fbd644d4ad77a69
format_matrix,chameleon_gcnii16,UNKNOWN,BEICSR,traffic_reduction_vs_beicsr,0.0,ratio,common physical/cache model,results_hpca_xorflow/complete_suite/baselines/transfer_boundary/chameleon.csv,1d7ac8718f6095f4215d5e0645fb96714e5791a4a5f2be002fbd644d4ad77a69
format_matrix,chameleon_gcnii16,UNKNOWN,BEICSR,support_index_bytes,36432.0,bytes,common physical/cache model,results_hpca_xorflow/complete_suite/baselines/transfer_boundary/chameleon.csv,1d7ac8718f6095f4215d5e0645fb96714e5791a4a5f2be002fbd644d4ad77a69
format_matrix,chameleon_gcnii16,UNKNOWN,BEICSR,feature_cache_misses,4579.0,count,common physical/cache model,results_hpca_xorflow/complete_suite/baselines/transfer_boundary/chameleon.csv,1d7ac8718f6095f4215d5e0645fb96714e5791a4a5f2be002fbd644d4ad77a69
format_matrix,chameleon_gcnii16,UNKNOWN,INDEPENDENT_BEST,total_traffic_bytes,1239768.0,bytes,common physical/cache model,results_hpca_xorflow/complete_suite/baselines/transfer_boundary/chameleon.csv,1d7ac8718f6095f4215d5e0645fb96714e5791a4a5f2be002fbd644d4ad77a69
format_matrix,chameleon_gcnii16,UNKNOWN,INDEPENDENT_BEST,traffic_ratio_to_beicsr,1.0451593323216994,ratio,common physical/cache model,results_hpca_xorflow/complete_suite/baselines/transfer_boundary/chameleon.csv,1d7ac8718f6095f4215d5e0645fb96714e5791a4a5f2be002fbd644d4ad77a69
format_matrix,chameleon_gcnii16,UNKNOWN,INDEPENDENT_BEST,traffic_reduction_vs_beicsr,-0.0451593323216994,ratio,common physical/cache model,results_hpca_xorflow/complete_suite/baselines/transfer_boundary/chameleon.csv,1d7ac8718f6095f4215d5e0645fb96714e5791a4a5f2be002fbd644d4ad77a69
format_matrix,chameleon_gcnii16,UNKNOWN,INDEPENDENT_BEST,support_index_bytes,36400.0,bytes,common physical/cache model,results_hpca_xorflow/complete_suite/baselines/transfer_boundary/chameleon.csv,1d7ac8718f6095f4215d5e0645fb96714e5791a4a5f2be002fbd644d4ad77a69
format_matrix,chameleon_gcnii16,UNKNOWN,INDEPENDENT_BEST,feature_cache_misses,4858.0,count,common physical/cache model,results_hpca_xorflow/complete_suite/baselines/transfer_boundary/chameleon.csv,1d7ac8718f6095f4215d5e0645fb96714e5791a4a5f2be002fbd644d4ad77a69
format_matrix,chameleon_gcnii16,UNKNOWN,X0_CAUSAL_INDEPENDENT,total_traffic_bytes,1270296.0,bytes,common physical/cache model,results_hpca_xorflow/complete_suite/baselines/transfer_boundary/chameleon.csv,1d7ac8718f6095f4215d5e0645fb96714e5791a4a5f2be002fbd644d4ad77a69
format_matrix,chameleon_gcnii16,UNKNOWN,X0_CAUSAL_INDEPENDENT,traffic_ratio_to_beicsr,1.0708952959028832,ratio,common physical/cache model,results_hpca_xorflow/complete_suite/baselines/transfer_boundary/chameleon.csv,1d7ac8718f6095f4215d5e0645fb96714e5791a4a5f2be002fbd644d4ad77a69
format_matrix,chameleon_gcnii16,UNKNOWN,X0_CAUSAL_INDEPENDENT,traffic_reduction_vs_beicsr,-0.0708952959028832,ratio,common physical/cache model,results_hpca_xorflow/complete_suite/baselines/transfer_boundary/chameleon.csv,1d7ac8718f6095f4215d5e0645fb96714e5791a4a5f2be002fbd644d4ad77a69
format_matrix,chameleon_gcnii16,UNKNOWN,X0_CAUSAL_INDEPENDENT,support_index_bytes,29070.0,bytes,common physical/cache model,results_hpca_xorflow/complete_suite/baselines/transfer_boundary/chameleon.csv,1d7ac8718f6095f4215d5e0645fb96714e5791a4a5f2be002fbd644d4ad77a69
format_matrix,chameleon_gcnii16,UNKNOWN,X0_CAUSAL_INDEPENDENT,feature_cache_misses,4554.0,count,common physical/cache model,results_hpca_xorflow/complete_suite/baselines/transfer_boundary/chameleon.csv,1d7ac8718f6095f4215d5e0645fb96714e5791a4a5f2be002fbd644d4ad77a69
format_matrix,chameleon_gcnii16,UNKNOWN,X1_CAUSAL_AUTO,total_traffic_bytes,1243416.0,bytes,common physical/cache model,results_hpca_xorflow/complete_suite/baselines/transfer_boundary/chameleon.csv,1d7ac8718f6095f4215d5e0645fb96714e5791a4a5f2be002fbd644d4ad77a69
format_matrix,chameleon_gcnii16,UNKNOWN,X1_CAUSAL_AUTO,traffic_ratio_to_beicsr,1.048234699038948,ratio,common physical/cache model,results_hpca_xorflow/complete_suite/baselines/transfer_boundary/chameleon.csv,1d7ac8718f6095f4215d5e0645fb96714e5791a4a5f2be002fbd644d4ad77a69
format_matrix,chameleon_gcnii16,UNKNOWN,X1_CAUSAL_AUTO,traffic_reduction_vs_beicsr,-0.0482346990389479,ratio,common physical/cache model,results_hpca_xorflow/complete_suite/baselines/transfer_boundary/chameleon.csv,1d7ac8718f6095f4215d5e0645fb96714e5791a4a5f2be002fbd644d4ad77a69
format_matrix,chameleon_gcnii16,UNKNOWN,X1_CAUSAL_AUTO,support_index_bytes,20166.0,bytes,common physical/cache model,results_hpca_xorflow/complete_suite/baselines/transfer_boundary/chameleon.csv,1d7ac8718f6095f4215d5e0645fb96714e5791a4a5f2be002fbd644d4ad77a69
format_matrix,chameleon_gcnii16,UNKNOWN,X1_CAUSAL_AUTO,feature_cache_misses,4554.0,count,common physical/cache model,results_hpca_xorflow/complete_suite/baselines/transfer_boundary/chameleon.csv,1d7ac8718f6095f4215d5e0645fb96714e5791a4a5f2be002fbd644d4ad77a69
format_matrix,chameleon_gcnii16,UNKNOWN,X2_CAUSAL_FORCE,total_traffic_bytes,1243416.0,bytes,common physical/cache model,results_hpca_xorflow/complete_suite/baselines/transfer_boundary/chameleon.csv,1d7ac8718f6095f4215d5e0645fb96714e5791a4a5f2be002fbd644d4ad77a69
format_matrix,chameleon_gcnii16,UNKNOWN,X2_CAUSAL_FORCE,traffic_ratio_to_beicsr,1.048234699038948,ratio,common physical/cache model,results_hpca_xorflow/complete_suite/baselines/transfer_boundary/chameleon.csv,1d7ac8718f6095f4215d5e0645fb96714e5791a4a5f2be002fbd644d4ad77a69
format_matrix,chameleon_gcnii16,UNKNOWN,X2_CAUSAL_FORCE,traffic_reduction_vs_beicsr,-0.0482346990389479,ratio,common physical/cache model,results_hpca_xorflow/complete_suite/baselines/transfer_boundary/chameleon.csv,1d7ac8718f6095f4215d5e0645fb96714e5791a4a5f2be002fbd644d4ad77a69
format_matrix,chameleon_gcnii16,UNKNOWN,X2_CAUSAL_FORCE,support_index_bytes,20166.0,bytes,common physical/cache model,results_hpca_xorflow/complete_suite/baselines/transfer_boundary/chameleon.csv,1d7ac8718f6095f4215d5e0645fb96714e5791a4a5f2be002fbd644d4ad77a69
format_matrix,chameleon_gcnii16,UNKNOWN,X2_CAUSAL_FORCE,feature_cache_misses,4554.0,count,common physical/cache model,results_hpca_xorflow/complete_suite/baselines/transfer_boundary/chameleon.csv,1d7ac8718f6095f4215d5e0645fb96714e5791a4a5f2be002fbd644d4ad77a69
format_matrix,chameleon_gcnii16,UNKNOWN,O0_OFFLINE_MAJORITY,total_traffic_bytes,1243992.0,bytes,common physical/cache model,results_hpca_xorflow/complete_suite/baselines/transfer_boundary/chameleon.csv,1d7ac8718f6095f4215d5e0645fb96714e5791a4a5f2be002fbd644d4ad77a69
format_matrix,chameleon_gcnii16,UNKNOWN,O0_OFFLINE_MAJORITY,traffic_ratio_to_beicsr,1.0487202832574607,ratio,common physical/cache model,results_hpca_xorflow/complete_suite/baselines/transfer_boundary/chameleon.csv,1d7ac8718f6095f4215d5e0645fb96714e5791a4a5f2be002fbd644d4ad77a69
format_matrix,chameleon_gcnii16,UNKNOWN,O0_OFFLINE_MAJORITY,traffic_reduction_vs_beicsr,-0.0487202832574606,ratio,common physical/cache model,results_hpca_xorflow/complete_suite/baselines/transfer_boundary/chameleon.csv,1d7ac8718f6095f4215d5e0645fb96714e5791a4a5f2be002fbd644d4ad77a69
format_matrix,chameleon_gcnii16,UNKNOWN,O0_OFFLINE_MAJORITY,support_index_bytes,20300.0,bytes,common physical/cache model,results_hpca_xorflow/complete_suite/baselines/transfer_boundary/chameleon.csv,1d7ac8718f6095f4215d5e0645fb96714e5791a4a5f2be002fbd644d4ad77a69
format_matrix,chameleon_gcnii16,UNKNOWN,O0_OFFLINE_MAJORITY,feature_cache_misses,4554.0,count,common physical/cache model,results_hpca_xorflow/complete_suite/baselines/transfer_boundary/chameleon.csv,1d7ac8718f6095f4215d5e0645fb96714e5791a4a5f2be002fbd644d4ad77a69
format_matrix,chameleon_gcnii16,UNKNOWN,O1_FREE_SUPPORT,total_traffic_bytes,1181400.0,bytes,common physical/cache model,results_hpca_xorflow/complete_suite/baselines/transfer_boundary/chameleon.csv,1d7ac8718f6095f4215d5e0645fb96714e5791a4a5f2be002fbd644d4ad77a69
format_matrix,chameleon_gcnii16,UNKNOWN,O1_FREE_SUPPORT,traffic_ratio_to_beicsr,0.995953464845726,ratio,common physical/cache model,results_hpca_xorflow/complete_suite/baselines/transfer_boundary/chameleon.csv,1d7ac8718f6095f4215d5e0645fb96714e5791a4a5f2be002fbd644d4ad77a69
format_matrix,chameleon_gcnii16,UNKNOWN,O1_FREE_SUPPORT,traffic_reduction_vs_beicsr,0.0040465351542741,ratio,common physical/cache model,results_hpca_xorflow/complete_suite/baselines/transfer_boundary/chameleon.csv,1d7ac8718f6095f4215d5e0645fb96714e5791a4a5f2be002fbd644d4ad77a69
format_matrix,chameleon_gcnii16,UNKNOWN,O1_FREE_SUPPORT,support_index_bytes,0.0,bytes,common physical/cache model,results_hpca_xorflow/complete_suite/baselines/transfer_boundary/chameleon.csv,1d7ac8718f6095f4215d5e0645fb96714e5791a4a5f2be002fbd644d4ad77a69
format_matrix,chameleon_gcnii16,UNKNOWN,O1_FREE_SUPPORT,feature_cache_misses,4554.0,count,common physical/cache model,results_hpca_xorflow/complete_suite/baselines/transfer_boundary/chameleon.csv,1d7ac8718f6095f4215d5e0645fb96714e5791a4a5f2be002fbd644d4ad77a69
format_matrix,citeseer_deepres8_w128_s7,RECORDED,DENSE,total_traffic_bytes,2642304.0,bytes,common physical/cache model,results_hpca_xorflow/complete_suite/baselines/transfer_boundary/citeseer.csv,8fd6c5cff6fceabd5f4864f084ca9dd194d8db20b809e0360f558c9a8c24b116
format_matrix,citeseer_deepres8_w128_s7,RECORDED,DENSE,traffic_ratio_to_beicsr,1.0,ratio,common physical/cache model,results_hpca_xorflow/complete_suite/baselines/transfer_boundary/citeseer.csv,8fd6c5cff6fceabd5f4864f084ca9dd194d8db20b809e0360f558c9a8c24b116
format_matrix,citeseer_deepres8_w128_s7,RECORDED,DENSE,traffic_reduction_vs_beicsr,0.0,ratio,common physical/cache model,results_hpca_xorflow/complete_suite/baselines/transfer_boundary/citeseer.csv,8fd6c5cff6fceabd5f4864f084ca9dd194d8db20b809e0360f558c9a8c24b116
format_matrix,citeseer_deepres8_w128_s7,RECORDED,DENSE,support_index_bytes,0.0,bytes,common physical/cache model,results_hpca_xorflow/complete_suite/baselines/transfer_boundary/citeseer.csv,8fd6c5cff6fceabd5f4864f084ca9dd194d8db20b809e0360f558c9a8c24b116
format_matrix,citeseer_deepres8_w128_s7,RECORDED,DENSE,feature_cache_misses,13116.0,count,common physical/cache model,results_hpca_xorflow/complete_suite/baselines/transfer_boundary/citeseer.csv,8fd6c5cff6fceabd5f4864f084ca9dd194d8db20b809e0360f558c9a8c24b116
format_matrix,citeseer_deepres8_w128_s7,RECORDED,CSR32,total_traffic_bytes,7394048.0,bytes,common physical/cache model,results_hpca_xorflow/complete_suite/baselines/transfer_boundary/citeseer.csv,8fd6c5cff6fceabd5f4864f084ca9dd194d8db20b809e0360f558c9a8c24b116
format_matrix,citeseer_deepres8_w128_s7,RECORDED,CSR32,traffic_ratio_to_beicsr,2.7983335755461898,ratio,common physical/cache model,results_hpca_xorflow/complete_suite/baselines/transfer_boundary/citeseer.csv,8fd6c5cff6fceabd5f4864f084ca9dd194d8db20b809e0360f558c9a8c24b116
format_matrix,citeseer_deepres8_w128_s7,RECORDED,CSR32,traffic_reduction_vs_beicsr,-1.7983335755461898,ratio,common physical/cache model,results_hpca_xorflow/complete_suite/baselines/transfer_boundary/citeseer.csv,8fd6c5cff6fceabd5f4864f084ca9dd194d8db20b809e0360f558c9a8c24b116
format_matrix,citeseer_deepres8_w128_s7,RECORDED,CSR32,support_index_bytes,1562832.0,bytes,common physical/cache model,results_hpca_xorflow/complete_suite/baselines/transfer_boundary/citeseer.csv,8fd6c5cff6fceabd5f4864f084ca9dd194d8db20b809e0360f558c9a8c24b116
format_matrix,citeseer_deepres8_w128_s7,RECORDED,CSR32,feature_cache_misses,46478.0,count,common physical/cache model,results_hpca_xorflow/complete_suite/baselines/transfer_boundary/citeseer.csv,8fd6c5cff6fceabd5f4864f084ca9dd194d8db20b809e0360f558c9a8c24b116
format_matrix,citeseer_deepres8_w128_s7,RECORDED,CSR_PACKED,total_traffic_bytes,2916032.0,bytes,common physical/cache model,results_hpca_xorflow/complete_suite/baselines/transfer_boundary/citeseer.csv,8fd6c5cff6fceabd5f4864f084ca9dd194d8db20b809e0360f558c9a8c24b116
format_matrix,citeseer_deepres8_w128_s7,RECORDED,CSR_PACKED,traffic_ratio_to_beicsr,1.1035944387928112,ratio,common physical/cache model,results_hpca_xorflow/complete_suite/baselines/transfer_boundary/citeseer.csv,8fd6c5cff6fceabd5f4864f084ca9dd194d8db20b809e0360f558c9a8c24b116
format_matrix,citeseer_deepres8_w128_s7,RECORDED,CSR_PACKED,traffic_reduction_vs_beicsr,-0.1035944387928111,ratio,common physical/cache model,results_hpca_xorflow/complete_suite/baselines/transfer_boundary/citeseer.csv,8fd6c5cff6fceabd5f4864f084ca9dd194d8db20b809e0360f558c9a8c24b116
format_matrix,citeseer_deepres8_w128_s7,RECORDED,CSR_PACKED,support_index_bytes,344858.0,bytes,common physical/cache model,results_hpca_xorflow/complete_suite/baselines/transfer_boundary/citeseer.csv,8fd6c5cff6fceabd5f4864f084ca9dd194d8db20b809e0360f558c9a8c24b116
format_matrix,citeseer_deepres8_w128_s7,RECORDED,CSR_PACKED,feature_cache_misses,16515.0,count,common physical/cache model,results_hpca_xorflow/complete_suite/baselines/transfer_boundary/citeseer.csv,8fd6c5cff6fceabd5f4864f084ca9dd194d8db20b809e0360f558c9a8c24b116
format_matrix,citeseer_deepres8_w128_s7,RECORDED,BEICSR,total_traffic_bytes,2642304.0,bytes,common physical/cache model,results_hpca_xorflow/complete_suite/baselines/transfer_boundary/citeseer.csv,8fd6c5cff6fceabd5f4864f084ca9dd194d8db20b809e0360f558c9a8c24b116
format_matrix,citeseer_deepres8_w128_s7,RECORDED,BEICSR,traffic_ratio_to_beicsr,1.0,ratio,common physical/cache model,results_hpca_xorflow/complete_suite/baselines/transfer_boundary/citeseer.csv,8fd6c5cff6fceabd5f4864f084ca9dd194d8db20b809e0360f558c9a8c24b116
format_matrix,citeseer_deepres8_w128_s7,RECORDED,BEICSR,traffic_reduction_vs_beicsr,0.0,ratio,common physical/cache model,results_hpca_xorflow/complete_suite/baselines/transfer_boundary/citeseer.csv,8fd6c5cff6fceabd5f4864f084ca9dd194d8db20b809e0360f558c9a8c24b116
format_matrix,citeseer_deepres8_w128_s7,RECORDED,BEICSR,support_index_bytes,106464.0,bytes,common physical/cache model,results_hpca_xorflow/complete_suite/baselines/transfer_boundary/citeseer.csv,8fd6c5cff6fceabd5f4864f084ca9dd194d8db20b809e0360f558c9a8c24b116
format_matrix,citeseer_deepres8_w128_s7,RECORDED,BEICSR,feature_cache_misses,13116.0,count,common physical/cache model,results_hpca_xorflow/complete_suite/baselines/transfer_boundary/citeseer.csv,8fd6c5cff6fceabd5f4864f084ca9dd194d8db20b809e0360f558c9a8c24b116
format_matrix,citeseer_deepres8_w128_s7,RECORDED,INDEPENDENT_BEST,total_traffic_bytes,2723136.0,bytes,common physical/cache model,results_hpca_xorflow/complete_suite/baselines/transfer_boundary/citeseer.csv,8fd6c5cff6fceabd5f4864f084ca9dd194d8db20b809e0360f558c9a8c24b116
format_matrix,citeseer_deepres8_w128_s7,RECORDED,INDEPENDENT_BEST,traffic_ratio_to_beicsr,1.03059148379596,ratio,common physical/cache model,results_hpca_xorflow/complete_suite/baselines/transfer_boundary/citeseer.csv,8fd6c5cff6fceabd5f4864f084ca9dd194d8db20b809e0360f558c9a8c24b116
format_matrix,citeseer_deepres8_w128_s7,RECORDED,INDEPENDENT_BEST,traffic_reduction_vs_beicsr,-0.0305914837959599,ratio,common physical/cache model,results_hpca_xorflow/complete_suite/baselines/transfer_boundary/citeseer.csv,8fd6c5cff6fceabd5f4864f084ca9dd194d8db20b809e0360f558c9a8c24b116
format_matrix,citeseer_deepres8_w128_s7,RECORDED,INDEPENDENT_BEST,support_index_bytes,106464.0,bytes,common physical/cache model,results_hpca_xorflow/complete_suite/baselines/transfer_boundary/citeseer.csv,8fd6c5cff6fceabd5f4864f084ca9dd194d8db20b809e0360f558c9a8c24b116
format_matrix,citeseer_deepres8_w128_s7,RECORDED,INDEPENDENT_BEST,feature_cache_misses,13537.0,count,common physical/cache model,results_hpca_xorflow/complete_suite/baselines/transfer_boundary/citeseer.csv,8fd6c5cff6fceabd5f4864f084ca9dd194d8db20b809e0360f558c9a8c24b116
format_matrix,citeseer_deepres8_w128_s7,RECORDED,X0_CAUSAL_INDEPENDENT,total_traffic_bytes,2100672.0,bytes,common physical/cache model,results_hpca_xorflow/complete_suite/baselines/transfer_boundary/citeseer.csv,8fd6c5cff6fceabd5f4864f084ca9dd194d8db20b809e0360f558c9a8c24b116
format_matrix,citeseer_deepres8_w128_s7,RECORDED,X0_CAUSAL_INDEPENDENT,traffic_ratio_to_beicsr,0.7950152594099695,ratio,common physical/cache model,results_hpca_xorflow/complete_suite/baselines/transfer_boundary/citeseer.csv,8fd6c5cff6fceabd5f4864f084ca9dd194d8db20b809e0360f558c9a8c24b116
format_matrix,citeseer_deepres8_w128_s7,RECORDED,X0_CAUSAL_INDEPENDENT,traffic_reduction_vs_beicsr,0.2049847405900304,ratio,common physical/cache model,results_hpca_xorflow/complete_suite/baselines/transfer_boundary/citeseer.csv,8fd6c5cff6fceabd5f4864f084ca9dd194d8db20b809e0360f558c9a8c24b116
format_matrix,citeseer_deepres8_w128_s7,RECORDED,X0_CAUSAL_INDEPENDENT,support_index_bytes,109401.0,bytes,common physical/cache model,results_hpca_xorflow/complete_suite/baselines/transfer_boundary/citeseer.csv,8fd6c5cff6fceabd5f4864f084ca9dd194d8db20b809e0360f558c9a8c24b116
format_matrix,citeseer_deepres8_w128_s7,RECORDED,X0_CAUSAL_INDEPENDENT,feature_cache_misses,8610.0,count,common physical/cache model,results_hpca_xorflow/complete_suite/baselines/transfer_boundary/citeseer.csv,8fd6c5cff6fceabd5f4864f084ca9dd194d8db20b809e0360f558c9a8c24b116
format_matrix,citeseer_deepres8_w128_s7,RECORDED,X1_CAUSAL_AUTO,total_traffic_bytes,2060352.0,bytes,common physical/cache model,results_hpca_xorflow/complete_suite/baselines/transfer_boundary/citeseer.csv,8fd6c5cff6fceabd5f4864f084ca9dd194d8db20b809e0360f558c9a8c24b116
format_matrix,citeseer_deepres8_w128_s7,RECORDED,X1_CAUSAL_AUTO,traffic_ratio_to_beicsr,0.7797558494404883,ratio,common physical/cache model,results_hpca_xorflow/complete_suite/baselines/transfer_boundary/citeseer.csv,8fd6c5cff6fceabd5f4864f084ca9dd194d8db20b809e0360f558c9a8c24b116
format_matrix,citeseer_deepres8_w128_s7,RECORDED,X1_CAUSAL_AUTO,traffic_reduction_vs_beicsr,0.2202441505595117,ratio,common physical/cache model,results_hpca_xorflow/complete_suite/baselines/transfer_boundary/citeseer.csv,8fd6c5cff6fceabd5f4864f084ca9dd194d8db20b809e0360f558c9a8c24b116
format_matrix,citeseer_deepres8_w128_s7,RECORDED,X1_CAUSAL_AUTO,support_index_bytes,95958.0,bytes,common physical/cache model,results_hpca_xorflow/complete_suite/baselines/transfer_boundary/citeseer.csv,8fd6c5cff6fceabd5f4864f084ca9dd194d8db20b809e0360f558c9a8c24b116
format_matrix,citeseer_deepres8_w128_s7,RECORDED,X1_CAUSAL_AUTO,feature_cache_misses,8610.0,count,common physical/cache model,results_hpca_xorflow/complete_suite/baselines/transfer_boundary/citeseer.csv,8fd6c5cff6fceabd5f4864f084ca9dd194d8db20b809e0360f558c9a8c24b116
format_matrix,citeseer_deepres8_w128_s7,RECORDED,X2_CAUSAL_FORCE,total_traffic_bytes,2060352.0,bytes,common physical/cache model,results_hpca_xorflow/complete_suite/baselines/transfer_boundary/citeseer.csv,8fd6c5cff6fceabd5f4864f084ca9dd194d8db20b809e0360f558c9a8c24b116
format_matrix,citeseer_deepres8_w128_s7,RECORDED,X2_CAUSAL_FORCE,traffic_ratio_to_beicsr,0.7797558494404883,ratio,common physical/cache model,results_hpca_xorflow/complete_suite/baselines/transfer_boundary/citeseer.csv,8fd6c5cff6fceabd5f4864f084ca9dd194d8db20b809e0360f558c9a8c24b116
format_matrix,citeseer_deepres8_w128_s7,RECORDED,X2_CAUSAL_FORCE,traffic_reduction_vs_beicsr,0.2202441505595117,ratio,common physical/cache model,results_hpca_xorflow/complete_suite/baselines/transfer_boundary/citeseer.csv,8fd6c5cff6fceabd5f4864f084ca9dd194d8db20b809e0360f558c9a8c24b116
format_matrix,citeseer_deepres8_w128_s7,RECORDED,X2_CAUSAL_FORCE,support_index_bytes,95958.0,bytes,common physical/cache model,results_hpca_xorflow/complete_suite/baselines/transfer_boundary/citeseer.csv,8fd6c5cff6fceabd5f4864f084ca9dd194d8db20b809e0360f558c9a8c24b116
format_matrix,citeseer_deepres8_w128_s7,RECORDED,X2_CAUSAL_FORCE,feature_cache_misses,8610.0,count,common physical/cache model,results_hpca_xorflow/complete_suite/baselines/transfer_boundary/citeseer.csv,8fd6c5cff6fceabd5f4864f084ca9dd194d8db20b809e0360f558c9a8c24b116
format_matrix,citeseer_deepres8_w128_s7,RECORDED,O0_OFFLINE_MAJORITY,total_traffic_bytes,2060736.0,bytes,common physical/cache model,results_hpca_xorflow/complete_suite/baselines/transfer_boundary/citeseer.csv,8fd6c5cff6fceabd5f4864f084ca9dd194d8db20b809e0360f558c9a8c24b116
format_matrix,citeseer_deepres8_w128_s7,RECORDED,O0_OFFLINE_MAJORITY,traffic_ratio_to_beicsr,0.7799011771544834,ratio,common physical/cache model,results_hpca_xorflow/complete_suite/baselines/transfer_boundary/citeseer.csv,8fd6c5cff6fceabd5f4864f084ca9dd194d8db20b809e0360f558c9a8c24b116
format_matrix,citeseer_deepres8_w128_s7,RECORDED,O0_OFFLINE_MAJORITY,traffic_reduction_vs_beicsr,0.2200988228455166,ratio,common physical/cache model,results_hpca_xorflow/complete_suite/baselines/transfer_boundary/citeseer.csv,8fd6c5cff6fceabd5f4864f084ca9dd194d8db20b809e0360f558c9a8c24b116
format_matrix,citeseer_deepres8_w128_s7,RECORDED,O0_OFFLINE_MAJORITY,support_index_bytes,95987.0,bytes,common physical/cache model,results_hpca_xorflow/complete_suite/baselines/transfer_boundary/citeseer.csv,8fd6c5cff6fceabd5f4864f084ca9dd194d8db20b809e0360f558c9a8c24b116
format_matrix,citeseer_deepres8_w128_s7,RECORDED,O0_OFFLINE_MAJORITY,feature_cache_misses,8610.0,count,common physical/cache model,results_hpca_xorflow/complete_suite/baselines/transfer_boundary/citeseer.csv,8fd6c5cff6fceabd5f4864f084ca9dd194d8db20b809e0360f558c9a8c24b116
format_matrix,citeseer_deepres8_w128_s7,RECORDED,O1_FREE_SUPPORT,total_traffic_bytes,1770240.0,bytes,common physical/cache model,results_hpca_xorflow/complete_suite/baselines/transfer_boundary/citeseer.csv,8fd6c5cff6fceabd5f4864f084ca9dd194d8db20b809e0360f558c9a8c24b116
format_matrix,citeseer_deepres8_w128_s7,RECORDED,O1_FREE_SUPPORT,traffic_ratio_to_beicsr,0.6699607615172213,ratio,common physical/cache model,results_hpca_xorflow/complete_suite/baselines/transfer_boundary/citeseer.csv,8fd6c5cff6fceabd5f4864f084ca9dd194d8db20b809e0360f558c9a8c24b116
format_matrix,citeseer_deepres8_w128_s7,RECORDED,O1_FREE_SUPPORT,traffic_reduction_vs_beicsr,0.3300392384827787,ratio,common physical/cache model,results_hpca_xorflow/complete_suite/baselines/transfer_boundary/citeseer.csv,8fd6c5cff6fceabd5f4864f084ca9dd194d8db20b809e0360f558c9a8c24b116
format_matrix,citeseer_deepres8_w128_s7,RECORDED,O1_FREE_SUPPORT,support_index_bytes,0.0,bytes,common physical/cache model,results_hpca_xorflow/complete_suite/baselines/transfer_boundary/citeseer.csv,8fd6c5cff6fceabd5f4864f084ca9dd194d8db20b809e0360f558c9a8c24b116
format_matrix,citeseer_deepres8_w128_s7,RECORDED,O1_FREE_SUPPORT,feature_cache_misses,8610.0,count,common physical/cache model,results_hpca_xorflow/complete_suite/baselines/transfer_boundary/citeseer.csv,8fd6c5cff6fceabd5f4864f084ca9dd194d8db20b809e0360f558c9a8c24b116
format_matrix,cora_gcnii16,UNKNOWN,DENSE,total_traffic_bytes,1145992.0,bytes,common physical/cache model,results_hpca_xorflow/complete_suite/baselines/transfer_boundary/cora.csv,8651667dc56dfcab4b0e05f24b3da9bae54da1f91299e5b683100979085999ed
format_matrix,cora_gcnii16,UNKNOWN,DENSE,traffic_ratio_to_beicsr,0.8219427246802578,ratio,common physical/cache model,results_hpca_xorflow/complete_suite/baselines/transfer_boundary/cora.csv,8651667dc56dfcab4b0e05f24b3da9bae54da1f91299e5b683100979085999ed
format_matrix,cora_gcnii16,UNKNOWN,DENSE,traffic_reduction_vs_beicsr,0.1780572753197422,ratio,common physical/cache model,results_hpca_xorflow/complete_suite/baselines/transfer_boundary/cora.csv,8651667dc56dfcab4b0e05f24b3da9bae54da1f91299e5b683100979085999ed
format_matrix,cora_gcnii16,UNKNOWN,DENSE,support_index_bytes,0.0,bytes,common physical/cache model,results_hpca_xorflow/complete_suite/baselines/transfer_boundary/cora.csv,8651667dc56dfcab4b0e05f24b3da9bae54da1f91299e5b683100979085999ed
format_matrix,cora_gcnii16,UNKNOWN,DENSE,feature_cache_misses,5416.0,count,common physical/cache model,results_hpca_xorflow/complete_suite/baselines/transfer_boundary/cora.csv,8651667dc56dfcab4b0e05f24b3da9bae54da1f91299e5b683100979085999ed
format_matrix,cora_gcnii16,UNKNOWN,CSR32,total_traffic_bytes,4945096.0,bytes,common physical/cache model,results_hpca_xorflow/complete_suite/baselines/transfer_boundary/cora.csv,8651667dc56dfcab4b0e05f24b3da9bae54da1f91299e5b683100979085999ed
format_matrix,cora_gcnii16,UNKNOWN,CSR32,traffic_ratio_to_beicsr,3.546783642508363,ratio,common physical/cache model,results_hpca_xorflow/complete_suite/baselines/transfer_boundary/cora.csv,8651667dc56dfcab4b0e05f24b3da9bae54da1f91299e5b683100979085999ed
format_matrix,cora_gcnii16,UNKNOWN,CSR32,traffic_reduction_vs_beicsr,-2.546783642508363,ratio,common physical/cache model,results_hpca_xorflow/complete_suite/baselines/transfer_boundary/cora.csv,8651667dc56dfcab4b0e05f24b3da9bae54da1f91299e5b683100979085999ed
format_matrix,cora_gcnii16,UNKNOWN,CSR32,support_index_bytes,1024240.0,bytes,common physical/cache model,results_hpca_xorflow/complete_suite/baselines/transfer_boundary/cora.csv,8651667dc56dfcab4b0e05f24b3da9bae54da1f91299e5b683100979085999ed
format_matrix,cora_gcnii16,UNKNOWN,CSR32,feature_cache_misses,30205.0,count,common physical/cache model,results_hpca_xorflow/complete_suite/baselines/transfer_boundary/cora.csv,8651667dc56dfcab4b0e05f24b3da9bae54da1f91299e5b683100979085999ed
format_matrix,cora_gcnii16,UNKNOWN,CSR_PACKED,total_traffic_bytes,2171656.0,bytes,common physical/cache model,results_hpca_xorflow/complete_suite/baselines/transfer_boundary/cora.csv,8651667dc56dfcab4b0e05f24b3da9bae54da1f91299e5b683100979085999ed
format_matrix,cora_gcnii16,UNKNOWN,CSR_PACKED,traffic_ratio_to_beicsr,1.557582295258806,ratio,common physical/cache model,results_hpca_xorflow/complete_suite/baselines/transfer_boundary/cora.csv,8651667dc56dfcab4b0e05f24b3da9bae54da1f91299e5b683100979085999ed
format_matrix,cora_gcnii16,UNKNOWN,CSR_PACKED,traffic_reduction_vs_beicsr,-0.5575822952588061,ratio,common physical/cache model,results_hpca_xorflow/complete_suite/baselines/transfer_boundary/cora.csv,8651667dc56dfcab4b0e05f24b3da9bae54da1f91299e5b683100979085999ed
format_matrix,cora_gcnii16,UNKNOWN,CSR_PACKED,support_index_bytes,194147.0,bytes,common physical/cache model,results_hpca_xorflow/complete_suite/baselines/transfer_boundary/cora.csv,8651667dc56dfcab4b0e05f24b3da9bae54da1f91299e5b683100979085999ed
format_matrix,cora_gcnii16,UNKNOWN,CSR_PACKED,feature_cache_misses,10758.0,count,common physical/cache model,results_hpca_xorflow/complete_suite/baselines/transfer_boundary/cora.csv,8651667dc56dfcab4b0e05f24b3da9bae54da1f91299e5b683100979085999ed
format_matrix,cora_gcnii16,UNKNOWN,BEICSR,total_traffic_bytes,1394248.0,bytes,common physical/cache model,results_hpca_xorflow/complete_suite/baselines/transfer_boundary/cora.csv,8651667dc56dfcab4b0e05f24b3da9bae54da1f91299e5b683100979085999ed
format_matrix,cora_gcnii16,UNKNOWN,BEICSR,traffic_ratio_to_beicsr,1.0,ratio,common physical/cache model,results_hpca_xorflow/complete_suite/baselines/transfer_boundary/cora.csv,8651667dc56dfcab4b0e05f24b3da9bae54da1f91299e5b683100979085999ed
format_matrix,cora_gcnii16,UNKNOWN,BEICSR,traffic_reduction_vs_beicsr,0.0,ratio,common physical/cache model,results_hpca_xorflow/complete_suite/baselines/transfer_boundary/cora.csv,8651667dc56dfcab4b0e05f24b3da9bae54da1f91299e5b683100979085999ed
format_matrix,cora_gcnii16,UNKNOWN,BEICSR,support_index_bytes,43328.0,bytes,common physical/cache model,results_hpca_xorflow/complete_suite/baselines/transfer_boundary/cora.csv,8651667dc56dfcab4b0e05f24b3da9bae54da1f91299e5b683100979085999ed
format_matrix,cora_gcnii16,UNKNOWN,BEICSR,feature_cache_misses,6709.0,count,common physical/cache model,results_hpca_xorflow/complete_suite/baselines/transfer_boundary/cora.csv,8651667dc56dfcab4b0e05f24b3da9bae54da1f91299e5b683100979085999ed
format_matrix,cora_gcnii16,UNKNOWN,INDEPENDENT_BEST,total_traffic_bytes,1215496.0,bytes,common physical/cache model,results_hpca_xorflow/complete_suite/baselines/transfer_boundary/cora.csv,8651667dc56dfcab4b0e05f24b3da9bae54da1f91299e5b683100979085999ed
format_matrix,cora_gcnii16,UNKNOWN,INDEPENDENT_BEST,traffic_ratio_to_beicsr,0.871793253424068,ratio,common physical/cache model,results_hpca_xorflow/complete_suite/baselines/transfer_boundary/cora.csv,8651667dc56dfcab4b0e05f24b3da9bae54da1f91299e5b683100979085999ed
format_matrix,cora_gcnii16,UNKNOWN,INDEPENDENT_BEST,traffic_reduction_vs_beicsr,0.128206746575932,ratio,common physical/cache model,results_hpca_xorflow/complete_suite/baselines/transfer_boundary/cora.csv,8651667dc56dfcab4b0e05f24b3da9bae54da1f91299e5b683100979085999ed
format_matrix,cora_gcnii16,UNKNOWN,INDEPENDENT_BEST,support_index_bytes,35936.0,bytes,common physical/cache model,results_hpca_xorflow/complete_suite/baselines/transfer_boundary/cora.csv,8651667dc56dfcab4b0e05f24b3da9bae54da1f91299e5b683100979085999ed
format_matrix,cora_gcnii16,UNKNOWN,INDEPENDENT_BEST,feature_cache_misses,5778.0,count,common physical/cache model,results_hpca_xorflow/complete_suite/baselines/transfer_boundary/cora.csv,8651667dc56dfcab4b0e05f24b3da9bae54da1f91299e5b683100979085999ed
format_matrix,cora_gcnii16,UNKNOWN,X0_CAUSAL_INDEPENDENT,total_traffic_bytes,1320712.0,bytes,common physical/cache model,results_hpca_xorflow/complete_suite/baselines/transfer_boundary/cora.csv,8651667dc56dfcab4b0e05f24b3da9bae54da1f91299e5b683100979085999ed
format_matrix,cora_gcnii16,UNKNOWN,X0_CAUSAL_INDEPENDENT,traffic_ratio_to_beicsr,0.9472575897544768,ratio,common physical/cache model,results_hpca_xorflow/complete_suite/baselines/transfer_boundary/cora.csv,8651667dc56dfcab4b0e05f24b3da9bae54da1f91299e5b683100979085999ed
format_matrix,cora_gcnii16,UNKNOWN,X0_CAUSAL_INDEPENDENT,traffic_reduction_vs_beicsr,0.052742410245523,ratio,common physical/cache model,results_hpca_xorflow/complete_suite/baselines/transfer_boundary/cora.csv,8651667dc56dfcab4b0e05f24b3da9bae54da1f91299e5b683100979085999ed
format_matrix,cora_gcnii16,UNKNOWN,X0_CAUSAL_INDEPENDENT,support_index_bytes,35033.0,bytes,common physical/cache model,results_hpca_xorflow/complete_suite/baselines/transfer_boundary/cora.csv,8651667dc56dfcab4b0e05f24b3da9bae54da1f91299e5b683100979085999ed
format_matrix,cora_gcnii16,UNKNOWN,X0_CAUSAL_INDEPENDENT,feature_cache_misses,5768.0,count,common physical/cache model,results_hpca_xorflow/complete_suite/baselines/transfer_boundary/cora.csv,8651667dc56dfcab4b0e05f24b3da9bae54da1f91299e5b683100979085999ed
format_matrix,cora_gcnii16,UNKNOWN,X1_CAUSAL_AUTO,total_traffic_bytes,1292680.0,bytes,common physical/cache model,results_hpca_xorflow/complete_suite/baselines/transfer_boundary/cora.csv,8651667dc56dfcab4b0e05f24b3da9bae54da1f91299e5b683100979085999ed
format_matrix,cora_gcnii16,UNKNOWN,X1_CAUSAL_AUTO,traffic_ratio_to_beicsr,0.9271521278854264,ratio,common physical/cache model,results_hpca_xorflow/complete_suite/baselines/transfer_boundary/cora.csv,8651667dc56dfcab4b0e05f24b3da9bae54da1f91299e5b683100979085999ed
format_matrix,cora_gcnii16,UNKNOWN,X1_CAUSAL_AUTO,traffic_reduction_vs_beicsr,0.0728478721145735,ratio,common physical/cache model,results_hpca_xorflow/complete_suite/baselines/transfer_boundary/cora.csv,8651667dc56dfcab4b0e05f24b3da9bae54da1f91299e5b683100979085999ed
format_matrix,cora_gcnii16,UNKNOWN,X1_CAUSAL_AUTO,support_index_bytes,25740.0,bytes,common physical/cache model,results_hpca_xorflow/complete_suite/baselines/transfer_boundary/cora.csv,8651667dc56dfcab4b0e05f24b3da9bae54da1f91299e5b683100979085999ed
format_matrix,cora_gcnii16,UNKNOWN,X1_CAUSAL_AUTO,feature_cache_misses,5768.0,count,common physical/cache model,results_hpca_xorflow/complete_suite/baselines/transfer_boundary/cora.csv,8651667dc56dfcab4b0e05f24b3da9bae54da1f91299e5b683100979085999ed
format_matrix,cora_gcnii16,UNKNOWN,X2_CAUSAL_FORCE,total_traffic_bytes,1292680.0,bytes,common physical/cache model,results_hpca_xorflow/complete_suite/baselines/transfer_boundary/cora.csv,8651667dc56dfcab4b0e05f24b3da9bae54da1f91299e5b683100979085999ed
format_matrix,cora_gcnii16,UNKNOWN,X2_CAUSAL_FORCE,traffic_ratio_to_beicsr,0.9271521278854264,ratio,common physical/cache model,results_hpca_xorflow/complete_suite/baselines/transfer_boundary/cora.csv,8651667dc56dfcab4b0e05f24b3da9bae54da1f91299e5b683100979085999ed
format_matrix,cora_gcnii16,UNKNOWN,X2_CAUSAL_FORCE,traffic_reduction_vs_beicsr,0.0728478721145735,ratio,common physical/cache model,results_hpca_xorflow/complete_suite/baselines/transfer_boundary/cora.csv,8651667dc56dfcab4b0e05f24b3da9bae54da1f91299e5b683100979085999ed
format_matrix,cora_gcnii16,UNKNOWN,X2_CAUSAL_FORCE,support_index_bytes,25740.0,bytes,common physical/cache model,results_hpca_xorflow/complete_suite/baselines/transfer_boundary/cora.csv,8651667dc56dfcab4b0e05f24b3da9bae54da1f91299e5b683100979085999ed
format_matrix,cora_gcnii16,UNKNOWN,X2_CAUSAL_FORCE,feature_cache_misses,5768.0,count,common physical/cache model,results_hpca_xorflow/complete_suite/baselines/transfer_boundary/cora.csv,8651667dc56dfcab4b0e05f24b3da9bae54da1f91299e5b683100979085999ed
format_matrix,cora_gcnii16,UNKNOWN,O0_OFFLINE_MAJORITY,total_traffic_bytes,1293832.0,bytes,common physical/cache model,results_hpca_xorflow/complete_suite/baselines/transfer_boundary/cora.csv,8651667dc56dfcab4b0e05f24b3da9bae54da1f91299e5b683100979085999ed
format_matrix,cora_gcnii16,UNKNOWN,O0_OFFLINE_MAJORITY,traffic_ratio_to_beicsr,0.9279783797430586,ratio,common physical/cache model,results_hpca_xorflow/complete_suite/baselines/transfer_boundary/cora.csv,8651667dc56dfcab4b0e05f24b3da9bae54da1f91299e5b683100979085999ed
format_matrix,cora_gcnii16,UNKNOWN,O0_OFFLINE_MAJORITY,traffic_reduction_vs_beicsr,0.0720216202569413,ratio,common physical/cache model,results_hpca_xorflow/complete_suite/baselines/transfer_boundary/cora.csv,8651667dc56dfcab4b0e05f24b3da9bae54da1f91299e5b683100979085999ed
format_matrix,cora_gcnii16,UNKNOWN,O0_OFFLINE_MAJORITY,support_index_bytes,25943.0,bytes,common physical/cache model,results_hpca_xorflow/complete_suite/baselines/transfer_boundary/cora.csv,8651667dc56dfcab4b0e05f24b3da9bae54da1f91299e5b683100979085999ed
format_matrix,cora_gcnii16,UNKNOWN,O0_OFFLINE_MAJORITY,feature_cache_misses,5768.0,count,common physical/cache model,results_hpca_xorflow/complete_suite/baselines/transfer_boundary/cora.csv,8651667dc56dfcab4b0e05f24b3da9bae54da1f91299e5b683100979085999ed
format_matrix,cora_gcnii16,UNKNOWN,O1_FREE_SUPPORT,total_traffic_bytes,1213576.0,bytes,common physical/cache model,results_hpca_xorflow/complete_suite/baselines/transfer_boundary/cora.csv,8651667dc56dfcab4b0e05f24b3da9bae54da1f91299e5b683100979085999ed
format_matrix,cora_gcnii16,UNKNOWN,O1_FREE_SUPPORT,traffic_ratio_to_beicsr,0.870416166994681,ratio,common physical/cache model,results_hpca_xorflow/complete_suite/baselines/transfer_boundary/cora.csv,8651667dc56dfcab4b0e05f24b3da9bae54da1f91299e5b683100979085999ed
format_matrix,cora_gcnii16,UNKNOWN,O1_FREE_SUPPORT,traffic_reduction_vs_beicsr,0.1295838330053189,ratio,common physical/cache model,results_hpca_xorflow/complete_suite/baselines/transfer_boundary/cora.csv,8651667dc56dfcab4b0e05f24b3da9bae54da1f91299e5b683100979085999ed
format_matrix,cora_gcnii16,UNKNOWN,O1_FREE_SUPPORT,support_index_bytes,0.0,bytes,common physical/cache model,results_hpca_xorflow/complete_suite/baselines/transfer_boundary/cora.csv,8651667dc56dfcab4b0e05f24b3da9bae54da1f91299e5b683100979085999ed
format_matrix,cora_gcnii16,UNKNOWN,O1_FREE_SUPPORT,feature_cache_misses,5768.0,count,common physical/cache model,results_hpca_xorflow/complete_suite/baselines/transfer_boundary/cora.csv,8651667dc56dfcab4b0e05f24b3da9bae54da1f91299e5b683100979085999ed
format_matrix,flickr_deepres8_w128_s7,RECORDED,DENSE,total_traffic_bytes,240900984.0,bytes,common physical/cache model,results_hpca_xorflow/complete_suite/baselines/transfer_boundary/flickr.csv,1c0f80313e1ca8a3c14d255f92a0aad7d9d8b63077bd2334851f7c055e3b98bf
format_matrix,flickr_deepres8_w128_s7,RECORDED,DENSE,traffic_ratio_to_beicsr,0.9996988217296536,ratio,common physical/cache model,results_hpca_xorflow/complete_suite/baselines/transfer_boundary/flickr.csv,1c0f80313e1ca8a3c14d255f92a0aad7d9d8b63077bd2334851f7c055e3b98bf
format_matrix,flickr_deepres8_w128_s7,RECORDED,DENSE,traffic_reduction_vs_beicsr,0.0003011782703463,ratio,common physical/cache model,results_hpca_xorflow/complete_suite/baselines/transfer_boundary/flickr.csv,1c0f80313e1ca8a3c14d255f92a0aad7d9d8b63077bd2334851f7c055e3b98bf
format_matrix,flickr_deepres8_w128_s7,RECORDED,DENSE,support_index_bytes,0.0,bytes,common physical/cache model,results_hpca_xorflow/complete_suite/baselines/transfer_boundary/flickr.csv,1c0f80313e1ca8a3c14d255f92a0aad7d9d8b63077bd2334851f7c055e3b98bf
format_matrix,flickr_deepres8_w128_s7,RECORDED,DENSE,feature_cache_misses,2926452.0,count,common physical/cache model,results_hpca_xorflow/complete_suite/baselines/transfer_boundary/flickr.csv,1c0f80313e1ca8a3c14d255f92a0aad7d9d8b63077bd2334851f7c055e3b98bf
format_matrix,flickr_deepres8_w128_s7,RECORDED,CSR32,total_traffic_bytes,802446392.0,bytes,common physical/cache model,results_hpca_xorflow/complete_suite/baselines/transfer_boundary/flickr.csv,1c0f80313e1ca8a3c14d255f92a0aad7d9d8b63077bd2334851f7c055e3b98bf
format_matrix,flickr_deepres8_w128_s7,RECORDED,CSR32,traffic_ratio_to_beicsr,3.330018413638409,ratio,common physical/cache model,results_hpca_xorflow/complete_suite/baselines/transfer_boundary/flickr.csv,1c0f80313e1ca8a3c14d255f92a0aad7d9d8b63077bd2334851f7c055e3b98bf
format_matrix,flickr_deepres8_w128_s7,RECORDED,CSR32,traffic_reduction_vs_beicsr,-2.330018413638409,ratio,common physical/cache model,results_hpca_xorflow/complete_suite/baselines/transfer_boundary/flickr.csv,1c0f80313e1ca8a3c14d255f92a0aad7d9d8b63077bd2334851f7c055e3b98bf
format_matrix,flickr_deepres8_w128_s7,RECORDED,CSR32,support_index_bytes,46810180.0,bytes,common physical/cache model,results_hpca_xorflow/complete_suite/baselines/transfer_boundary/flickr.csv,1c0f80313e1ca8a3c14d255f92a0aad7d9d8b63077bd2334851f7c055e3b98bf
format_matrix,flickr_deepres8_w128_s7,RECORDED,CSR32,feature_cache_misses,10394191.0,count,common physical/cache model,results_hpca_xorflow/complete_suite/baselines/transfer_boundary/flickr.csv,1c0f80313e1ca8a3c14d255f92a0aad7d9d8b63077bd2334851f7c055e3b98bf
format_matrix,flickr_deepres8_w128_s7,RECORDED,CSR_PACKED,total_traffic_bytes,337905464.0,bytes,common physical/cache model,results_hpca_xorflow/complete_suite/baselines/transfer_boundary/flickr.csv,1c0f80313e1ca8a3c14d255f92a0aad7d9d8b63077bd2334851f7c055e3b98bf
format_matrix,flickr_deepres8_w128_s7,RECORDED,CSR_PACKED,traffic_ratio_to_beicsr,1.4022512013351174,ratio,common physical/cache model,results_hpca_xorflow/complete_suite/baselines/transfer_boundary/flickr.csv,1c0f80313e1ca8a3c14d255f92a0aad7d9d8b63077bd2334851f7c055e3b98bf
format_matrix,flickr_deepres8_w128_s7,RECORDED,CSR_PACKED,traffic_reduction_vs_beicsr,-0.4022512013351174,ratio,common physical/cache model,results_hpca_xorflow/complete_suite/baselines/transfer_boundary/flickr.csv,1c0f80313e1ca8a3c14d255f92a0aad7d9d8b63077bd2334851f7c055e3b98bf
format_matrix,flickr_deepres8_w128_s7,RECORDED,CSR_PACKED,support_index_bytes,10318041.0,bytes,common physical/cache model,results_hpca_xorflow/complete_suite/baselines/transfer_boundary/flickr.csv,1c0f80313e1ca8a3c14d255f92a0aad7d9d8b63077bd2334851f7c055e3b98bf
format_matrix,flickr_deepres8_w128_s7,RECORDED,CSR_PACKED,feature_cache_misses,4323555.0,count,common physical/cache model,results_hpca_xorflow/complete_suite/baselines/transfer_boundary/flickr.csv,1c0f80313e1ca8a3c14d255f92a0aad7d9d8b63077bd2334851f7c055e3b98bf
format_matrix,flickr_deepres8_w128_s7,RECORDED,BEICSR,total_traffic_bytes,240973560.0,bytes,common physical/cache model,results_hpca_xorflow/complete_suite/baselines/transfer_boundary/flickr.csv,1c0f80313e1ca8a3c14d255f92a0aad7d9d8b63077bd2334851f7c055e3b98bf
format_matrix,flickr_deepres8_w128_s7,RECORDED,BEICSR,traffic_ratio_to_beicsr,1.0,ratio,common physical/cache model,results_hpca_xorflow/complete_suite/baselines/transfer_boundary/flickr.csv,1c0f80313e1ca8a3c14d255f92a0aad7d9d8b63077bd2334851f7c055e3b98bf
format_matrix,flickr_deepres8_w128_s7,RECORDED,BEICSR,traffic_reduction_vs_beicsr,0.0,ratio,common physical/cache model,results_hpca_xorflow/complete_suite/baselines/transfer_boundary/flickr.csv,1c0f80313e1ca8a3c14d255f92a0aad7d9d8b63077bd2334851f7c055e3b98bf
format_matrix,flickr_deepres8_w128_s7,RECORDED,BEICSR,support_index_bytes,2856000.0,bytes,common physical/cache model,results_hpca_xorflow/complete_suite/baselines/transfer_boundary/flickr.csv,1c0f80313e1ca8a3c14d255f92a0aad7d9d8b63077bd2334851f7c055e3b98bf
format_matrix,flickr_deepres8_w128_s7,RECORDED,BEICSR,feature_cache_misses,2927586.0,count,common physical/cache model,results_hpca_xorflow/complete_suite/baselines/transfer_boundary/flickr.csv,1c0f80313e1ca8a3c14d255f92a0aad7d9d8b63077bd2334851f7c055e3b98bf
format_matrix,flickr_deepres8_w128_s7,RECORDED,INDEPENDENT_BEST,total_traffic_bytes,309173816.0,bytes,common physical/cache model,results_hpca_xorflow/complete_suite/baselines/transfer_boundary/flickr.csv,1c0f80313e1ca8a3c14d255f92a0aad7d9d8b63077bd2334851f7c055e3b98bf
format_matrix,flickr_deepres8_w128_s7,RECORDED,INDEPENDENT_BEST,traffic_ratio_to_beicsr,1.2830196640660494,ratio,common physical/cache model,results_hpca_xorflow/complete_suite/baselines/transfer_boundary/flickr.csv,1c0f80313e1ca8a3c14d255f92a0aad7d9d8b63077bd2334851f7c055e3b98bf
format_matrix,flickr_deepres8_w128_s7,RECORDED,INDEPENDENT_BEST,traffic_reduction_vs_beicsr,-0.2830196640660494,ratio,common physical/cache model,results_hpca_xorflow/complete_suite/baselines/transfer_boundary/flickr.csv,1c0f80313e1ca8a3c14d255f92a0aad7d9d8b63077bd2334851f7c055e3b98bf
format_matrix,flickr_deepres8_w128_s7,RECORDED,INDEPENDENT_BEST,support_index_bytes,2856000.0,bytes,common physical/cache model,results_hpca_xorflow/complete_suite/baselines/transfer_boundary/flickr.csv,1c0f80313e1ca8a3c14d255f92a0aad7d9d8b63077bd2334851f7c055e3b98bf
format_matrix,flickr_deepres8_w128_s7,RECORDED,INDEPENDENT_BEST,feature_cache_misses,3969513.0,count,common physical/cache model,results_hpca_xorflow/complete_suite/baselines/transfer_boundary/flickr.csv,1c0f80313e1ca8a3c14d255f92a0aad7d9d8b63077bd2334851f7c055e3b98bf
format_matrix,flickr_deepres8_w128_s7,RECORDED,X0_CAUSAL_INDEPENDENT,total_traffic_bytes,226931960.0,bytes,common physical/cache model,results_hpca_xorflow/complete_suite/baselines/transfer_boundary/flickr.csv,1c0f80313e1ca8a3c14d255f92a0aad7d9d8b63077bd2334851f7c055e3b98bf
format_matrix,flickr_deepres8_w128_s7,RECORDED,X0_CAUSAL_INDEPENDENT,traffic_ratio_to_beicsr,0.9417297067777892,ratio,common physical/cache model,results_hpca_xorflow/complete_suite/baselines/transfer_boundary/flickr.csv,1c0f80313e1ca8a3c14d255f92a0aad7d9d8b63077bd2334851f7c055e3b98bf
format_matrix,flickr_deepres8_w128_s7,RECORDED,X0_CAUSAL_INDEPENDENT,traffic_reduction_vs_beicsr,0.0582702932222107,ratio,common physical/cache model,results_hpca_xorflow/complete_suite/baselines/transfer_boundary/flickr.csv,1c0f80313e1ca8a3c14d255f92a0aad7d9d8b63077bd2334851f7c055e3b98bf
format_matrix,flickr_deepres8_w128_s7,RECORDED,X0_CAUSAL_INDEPENDENT,support_index_bytes,1694410.0,bytes,common physical/cache model,results_hpca_xorflow/complete_suite/baselines/transfer_boundary/flickr.csv,1c0f80313e1ca8a3c14d255f92a0aad7d9d8b63077bd2334851f7c055e3b98bf
format_matrix,flickr_deepres8_w128_s7,RECORDED,X0_CAUSAL_INDEPENDENT,feature_cache_misses,2676881.0,count,common physical/cache model,results_hpca_xorflow/complete_suite/baselines/transfer_boundary/flickr.csv,1c0f80313e1ca8a3c14d255f92a0aad7d9d8b63077bd2334851f7c055e3b98bf
format_matrix,flickr_deepres8_w128_s7,RECORDED,X1_CAUSAL_AUTO,total_traffic_bytes,225471224.0,bytes,common physical/cache model,results_hpca_xorflow/complete_suite/baselines/transfer_boundary/flickr.csv,1c0f80313e1ca8a3c14d255f92a0aad7d9d8b63077bd2334851f7c055e3b98bf
format_matrix,flickr_deepres8_w128_s7,RECORDED,X1_CAUSAL_AUTO,traffic_ratio_to_beicsr,0.935667896511136,ratio,common physical/cache model,results_hpca_xorflow/complete_suite/baselines/transfer_boundary/flickr.csv,1c0f80313e1ca8a3c14d255f92a0aad7d9d8b63077bd2334851f7c055e3b98bf
format_matrix,flickr_deepres8_w128_s7,RECORDED,X1_CAUSAL_AUTO,traffic_reduction_vs_beicsr,0.064332103488864,ratio,common physical/cache model,results_hpca_xorflow/complete_suite/baselines/transfer_boundary/flickr.csv,1c0f80313e1ca8a3c14d255f92a0aad7d9d8b63077bd2334851f7c055e3b98bf
format_matrix,flickr_deepres8_w128_s7,RECORDED,X1_CAUSAL_AUTO,support_index_bytes,1207111.0,bytes,common physical/cache model,results_hpca_xorflow/complete_suite/baselines/transfer_boundary/flickr.csv,1c0f80313e1ca8a3c14d255f92a0aad7d9d8b63077bd2334851f7c055e3b98bf
format_matrix,flickr_deepres8_w128_s7,RECORDED,X1_CAUSAL_AUTO,feature_cache_misses,2676881.0,count,common physical/cache model,results_hpca_xorflow/complete_suite/baselines/transfer_boundary/flickr.csv,1c0f80313e1ca8a3c14d255f92a0aad7d9d8b63077bd2334851f7c055e3b98bf
format_matrix,flickr_deepres8_w128_s7,RECORDED,X2_CAUSAL_FORCE,total_traffic_bytes,225471224.0,bytes,common physical/cache model,results_hpca_xorflow/complete_suite/baselines/transfer_boundary/flickr.csv,1c0f80313e1ca8a3c14d255f92a0aad7d9d8b63077bd2334851f7c055e3b98bf
format_matrix,flickr_deepres8_w128_s7,RECORDED,X2_CAUSAL_FORCE,traffic_ratio_to_beicsr,0.935667896511136,ratio,common physical/cache model,results_hpca_xorflow/complete_suite/baselines/transfer_boundary/flickr.csv,1c0f80313e1ca8a3c14d255f92a0aad7d9d8b63077bd2334851f7c055e3b98bf
format_matrix,flickr_deepres8_w128_s7,RECORDED,X2_CAUSAL_FORCE,traffic_reduction_vs_beicsr,0.064332103488864,ratio,common physical/cache model,results_hpca_xorflow/complete_suite/baselines/transfer_boundary/flickr.csv,1c0f80313e1ca8a3c14d255f92a0aad7d9d8b63077bd2334851f7c055e3b98bf
format_matrix,flickr_deepres8_w128_s7,RECORDED,X2_CAUSAL_FORCE,support_index_bytes,1207111.0,bytes,common physical/cache model,results_hpca_xorflow/complete_suite/baselines/transfer_boundary/flickr.csv,1c0f80313e1ca8a3c14d255f92a0aad7d9d8b63077bd2334851f7c055e3b98bf
format_matrix,flickr_deepres8_w128_s7,RECORDED,X2_CAUSAL_FORCE,feature_cache_misses,2676881.0,count,common physical/cache model,results_hpca_xorflow/complete_suite/baselines/transfer_boundary/flickr.csv,1c0f80313e1ca8a3c14d255f92a0aad7d9d8b63077bd2334851f7c055e3b98bf
format_matrix,flickr_deepres8_w128_s7,RECORDED,O0_OFFLINE_MAJORITY,total_traffic_bytes,225533816.0,bytes,common physical/cache model,results_hpca_xorflow/complete_suite/baselines/transfer_boundary/flickr.csv,1c0f80313e1ca8a3c14d255f92a0aad7d9d8b63077bd2334851f7c055e3b98bf
format_matrix,flickr_deepres8_w128_s7,RECORDED,O0_OFFLINE_MAJORITY,traffic_ratio_to_beicsr,0.935927642850112,ratio,common physical/cache model,results_hpca_xorflow/complete_suite/baselines/transfer_boundary/flickr.csv,1c0f80313e1ca8a3c14d255f92a0aad7d9d8b63077bd2334851f7c055e3b98bf
format_matrix,flickr_deepres8_w128_s7,RECORDED,O0_OFFLINE_MAJORITY,traffic_reduction_vs_beicsr,0.0640723571498881,ratio,common physical/cache model,results_hpca_xorflow/complete_suite/baselines/transfer_boundary/flickr.csv,1c0f80313e1ca8a3c14d255f92a0aad7d9d8b63077bd2334851f7c055e3b98bf
format_matrix,flickr_deepres8_w128_s7,RECORDED,O0_OFFLINE_MAJORITY,support_index_bytes,1227675.0,bytes,common physical/cache model,results_hpca_xorflow/complete_suite/baselines/transfer_boundary/flickr.csv,1c0f80313e1ca8a3c14d255f92a0aad7d9d8b63077bd2334851f7c055e3b98bf
format_matrix,flickr_deepres8_w128_s7,RECORDED,O0_OFFLINE_MAJORITY,feature_cache_misses,2676881.0,count,common physical/cache model,results_hpca_xorflow/complete_suite/baselines/transfer_boundary/flickr.csv,1c0f80313e1ca8a3c14d255f92a0aad7d9d8b63077bd2334851f7c055e3b98bf
format_matrix,flickr_deepres8_w128_s7,RECORDED,O1_FREE_SUPPORT,total_traffic_bytes,221784248.0,bytes,common physical/cache model,results_hpca_xorflow/complete_suite/baselines/transfer_boundary/flickr.csv,1c0f80313e1ca8a3c14d255f92a0aad7d9d8b63077bd2334851f7c055e3b98bf
format_matrix,flickr_deepres8_w128_s7,RECORDED,O1_FREE_SUPPORT,traffic_ratio_to_beicsr,0.9203675623167952,ratio,common physical/cache model,results_hpca_xorflow/complete_suite/baselines/transfer_boundary/flickr.csv,1c0f80313e1ca8a3c14d255f92a0aad7d9d8b63077bd2334851f7c055e3b98bf
format_matrix,flickr_deepres8_w128_s7,RECORDED,O1_FREE_SUPPORT,traffic_reduction_vs_beicsr,0.0796324376832047,ratio,common physical/cache model,results_hpca_xorflow/complete_suite/baselines/transfer_boundary/flickr.csv,1c0f80313e1ca8a3c14d255f92a0aad7d9d8b63077bd2334851f7c055e3b98bf
format_matrix,flickr_deepres8_w128_s7,RECORDED,O1_FREE_SUPPORT,support_index_bytes,0.0,bytes,common physical/cache model,results_hpca_xorflow/complete_suite/baselines/transfer_boundary/flickr.csv,1c0f80313e1ca8a3c14d255f92a0aad7d9d8b63077bd2334851f7c055e3b98bf
format_matrix,flickr_deepres8_w128_s7,RECORDED,O1_FREE_SUPPORT,feature_cache_misses,2676881.0,count,common physical/cache model,results_hpca_xorflow/complete_suite/baselines/transfer_boundary/flickr.csv,1c0f80313e1ca8a3c14d255f92a0aad7d9d8b63077bd2334851f7c055e3b98bf
format_matrix,pubmed_gcnii16,UNKNOWN,DENSE,total_traffic_bytes,9718768.0,bytes,common physical/cache model,results_hpca_xorflow/complete_suite/baselines/transfer_boundary/pubmed.csv,aa4995fb235e06f2f33e9ead3591f02ca76f75c749e16880172bc2e19f50a320
format_matrix,pubmed_gcnii16,UNKNOWN,DENSE,traffic_ratio_to_beicsr,0.727760358570749,ratio,common physical/cache model,results_hpca_xorflow/complete_suite/baselines/transfer_boundary/pubmed.csv,aa4995fb235e06f2f33e9ead3591f02ca76f75c749e16880172bc2e19f50a320
format_matrix,pubmed_gcnii16,UNKNOWN,DENSE,traffic_reduction_vs_beicsr,0.2722396414292509,ratio,common physical/cache model,results_hpca_xorflow/complete_suite/baselines/transfer_boundary/pubmed.csv,aa4995fb235e06f2f33e9ead3591f02ca76f75c749e16880172bc2e19f50a320
format_matrix,pubmed_gcnii16,UNKNOWN,DENSE,support_index_bytes,0.0,bytes,common physical/cache model,results_hpca_xorflow/complete_suite/baselines/transfer_boundary/pubmed.csv,aa4995fb235e06f2f33e9ead3591f02ca76f75c749e16880172bc2e19f50a320
format_matrix,pubmed_gcnii16,UNKNOWN,DENSE,feature_cache_misses,59442.0,count,common physical/cache model,results_hpca_xorflow/complete_suite/baselines/transfer_boundary/pubmed.csv,aa4995fb235e06f2f33e9ead3591f02ca76f75c749e16880172bc2e19f50a320
format_matrix,pubmed_gcnii16,UNKNOWN,CSR32,total_traffic_bytes,50217776.0,bytes,common physical/cache model,results_hpca_xorflow/complete_suite/baselines/transfer_boundary/pubmed.csv,aa4995fb235e06f2f33e9ead3591f02ca76f75c749e16880172bc2e19f50a320
format_matrix,pubmed_gcnii16,UNKNOWN,CSR32,traffic_ratio_to_beicsr,3.760405297089668,ratio,common physical/cache model,results_hpca_xorflow/complete_suite/baselines/transfer_boundary/pubmed.csv,aa4995fb235e06f2f33e9ead3591f02ca76f75c749e16880172bc2e19f50a320
format_matrix,pubmed_gcnii16,UNKNOWN,CSR32,traffic_reduction_vs_beicsr,-2.760405297089668,ratio,common physical/cache model,results_hpca_xorflow/complete_suite/baselines/transfer_boundary/pubmed.csv,aa4995fb235e06f2f33e9ead3591f02ca76f75c749e16880172bc2e19f50a320
format_matrix,pubmed_gcnii16,UNKNOWN,CSR32,support_index_bytes,6186768.0,bytes,common physical/cache model,results_hpca_xorflow/complete_suite/baselines/transfer_boundary/pubmed.csv,aa4995fb235e06f2f33e9ead3591f02ca76f75c749e16880172bc2e19f50a320
format_matrix,pubmed_gcnii16,UNKNOWN,CSR32,feature_cache_misses,486471.0,count,common physical/cache model,results_hpca_xorflow/complete_suite/baselines/transfer_boundary/pubmed.csv,aa4995fb235e06f2f33e9ead3591f02ca76f75c749e16880172bc2e19f50a320
format_matrix,pubmed_gcnii16,UNKNOWN,CSR_PACKED,total_traffic_bytes,17761008.0,bytes,common physical/cache model,results_hpca_xorflow/complete_suite/baselines/transfer_boundary/pubmed.csv,aa4995fb235e06f2f33e9ead3591f02ca76f75c749e16880172bc2e19f50a320
format_matrix,pubmed_gcnii16,UNKNOWN,CSR_PACKED,traffic_ratio_to_beicsr,1.3299790210711837,ratio,common physical/cache model,results_hpca_xorflow/complete_suite/baselines/transfer_boundary/pubmed.csv,aa4995fb235e06f2f33e9ead3591f02ca76f75c749e16880172bc2e19f50a320
format_matrix,pubmed_gcnii16,UNKNOWN,CSR_PACKED,traffic_reduction_vs_beicsr,-0.3299790210711835,ratio,common physical/cache model,results_hpca_xorflow/complete_suite/baselines/transfer_boundary/pubmed.csv,aa4995fb235e06f2f33e9ead3591f02ca76f75c749e16880172bc2e19f50a320
format_matrix,pubmed_gcnii16,UNKNOWN,CSR_PACKED,support_index_bytes,1174731.0,bytes,common physical/cache model,results_hpca_xorflow/complete_suite/baselines/transfer_boundary/pubmed.csv,aa4995fb235e06f2f33e9ead3591f02ca76f75c749e16880172bc2e19f50a320
format_matrix,pubmed_gcnii16,UNKNOWN,CSR_PACKED,feature_cache_misses,142004.0,count,common physical/cache model,results_hpca_xorflow/complete_suite/baselines/transfer_boundary/pubmed.csv,aa4995fb235e06f2f33e9ead3591f02ca76f75c749e16880172bc2e19f50a320
format_matrix,pubmed_gcnii16,UNKNOWN,BEICSR,total_traffic_bytes,13354352.0,bytes,common physical/cache model,results_hpca_xorflow/complete_suite/baselines/transfer_boundary/pubmed.csv,aa4995fb235e06f2f33e9ead3591f02ca76f75c749e16880172bc2e19f50a320
format_matrix,pubmed_gcnii16,UNKNOWN,BEICSR,traffic_ratio_to_beicsr,1.0,ratio,common physical/cache model,results_hpca_xorflow/complete_suite/baselines/transfer_boundary/pubmed.csv,aa4995fb235e06f2f33e9ead3591f02ca76f75c749e16880172bc2e19f50a320
format_matrix,pubmed_gcnii16,UNKNOWN,BEICSR,traffic_reduction_vs_beicsr,0.0,ratio,common physical/cache model,results_hpca_xorflow/complete_suite/baselines/transfer_boundary/pubmed.csv,aa4995fb235e06f2f33e9ead3591f02ca76f75c749e16880172bc2e19f50a320
format_matrix,pubmed_gcnii16,UNKNOWN,BEICSR,support_index_bytes,315472.0,bytes,common physical/cache model,results_hpca_xorflow/complete_suite/baselines/transfer_boundary/pubmed.csv,aa4995fb235e06f2f33e9ead3591f02ca76f75c749e16880172bc2e19f50a320
format_matrix,pubmed_gcnii16,UNKNOWN,BEICSR,feature_cache_misses,101202.0,count,common physical/cache model,results_hpca_xorflow/complete_suite/baselines/transfer_boundary/pubmed.csv,aa4995fb235e06f2f33e9ead3591f02ca76f75c749e16880172bc2e19f50a320
format_matrix,pubmed_gcnii16,UNKNOWN,INDEPENDENT_BEST,total_traffic_bytes,10782960.0,bytes,common physical/cache model,results_hpca_xorflow/complete_suite/baselines/transfer_boundary/pubmed.csv,aa4995fb235e06f2f33e9ead3591f02ca76f75c749e16880172bc2e19f50a320
format_matrix,pubmed_gcnii16,UNKNOWN,INDEPENDENT_BEST,traffic_ratio_to_beicsr,0.8074491371801492,ratio,common physical/cache model,results_hpca_xorflow/complete_suite/baselines/transfer_boundary/pubmed.csv,aa4995fb235e06f2f33e9ead3591f02ca76f75c749e16880172bc2e19f50a320
format_matrix,pubmed_gcnii16,UNKNOWN,INDEPENDENT_BEST,traffic_reduction_vs_beicsr,0.1925508628198508,ratio,common physical/cache model,results_hpca_xorflow/complete_suite/baselines/transfer_boundary/pubmed.csv,aa4995fb235e06f2f33e9ead3591f02ca76f75c749e16880172bc2e19f50a320
format_matrix,pubmed_gcnii16,UNKNOWN,INDEPENDENT_BEST,support_index_bytes,288072.0,bytes,common physical/cache model,results_hpca_xorflow/complete_suite/baselines/transfer_boundary/pubmed.csv,aa4995fb235e06f2f33e9ead3591f02ca76f75c749e16880172bc2e19f50a320
format_matrix,pubmed_gcnii16,UNKNOWN,INDEPENDENT_BEST,feature_cache_misses,70826.0,count,common physical/cache model,results_hpca_xorflow/complete_suite/baselines/transfer_boundary/pubmed.csv,aa4995fb235e06f2f33e9ead3591f02ca76f75c749e16880172bc2e19f50a320
format_matrix,pubmed_gcnii16,UNKNOWN,X0_CAUSAL_INDEPENDENT,total_traffic_bytes,12786672.0,bytes,common physical/cache model,results_hpca_xorflow/complete_suite/baselines/transfer_boundary/pubmed.csv,aa4995fb235e06f2f33e9ead3591f02ca76f75c749e16880172bc2e19f50a320
format_matrix,pubmed_gcnii16,UNKNOWN,X0_CAUSAL_INDEPENDENT,traffic_ratio_to_beicsr,0.9574910111699916,ratio,common physical/cache model,results_hpca_xorflow/complete_suite/baselines/transfer_boundary/pubmed.csv,aa4995fb235e06f2f33e9ead3591f02ca76f75c749e16880172bc2e19f50a320
format_matrix,pubmed_gcnii16,UNKNOWN,X0_CAUSAL_INDEPENDENT,traffic_reduction_vs_beicsr,0.0425089888300084,ratio,common physical/cache model,results_hpca_xorflow/complete_suite/baselines/transfer_boundary/pubmed.csv,aa4995fb235e06f2f33e9ead3591f02ca76f75c749e16880172bc2e19f50a320
format_matrix,pubmed_gcnii16,UNKNOWN,X0_CAUSAL_INDEPENDENT,support_index_bytes,237829.0,bytes,common physical/cache model,results_hpca_xorflow/complete_suite/baselines/transfer_boundary/pubmed.csv,aa4995fb235e06f2f33e9ead3591f02ca76f75c749e16880172bc2e19f50a320
format_matrix,pubmed_gcnii16,UNKNOWN,X0_CAUSAL_INDEPENDENT,feature_cache_misses,94366.0,count,common physical/cache model,results_hpca_xorflow/complete_suite/baselines/transfer_boundary/pubmed.csv,aa4995fb235e06f2f33e9ead3591f02ca76f75c749e16880172bc2e19f50a320
format_matrix,pubmed_gcnii16,UNKNOWN,X1_CAUSAL_AUTO,total_traffic_bytes,12512688.0,bytes,common physical/cache model,results_hpca_xorflow/complete_suite/baselines/transfer_boundary/pubmed.csv,aa4995fb235e06f2f33e9ead3591f02ca76f75c749e16880172bc2e19f50a320
format_matrix,pubmed_gcnii16,UNKNOWN,X1_CAUSAL_AUTO,traffic_ratio_to_beicsr,0.9369745533141556,ratio,common physical/cache model,results_hpca_xorflow/complete_suite/baselines/transfer_boundary/pubmed.csv,aa4995fb235e06f2f33e9ead3591f02ca76f75c749e16880172bc2e19f50a320
format_matrix,pubmed_gcnii16,UNKNOWN,X1_CAUSAL_AUTO,traffic_reduction_vs_beicsr,0.0630254466858444,ratio,common physical/cache model,results_hpca_xorflow/complete_suite/baselines/transfer_boundary/pubmed.csv,aa4995fb235e06f2f33e9ead3591f02ca76f75c749e16880172bc2e19f50a320
format_matrix,pubmed_gcnii16,UNKNOWN,X1_CAUSAL_AUTO,support_index_bytes,146928.0,bytes,common physical/cache model,results_hpca_xorflow/complete_suite/baselines/transfer_boundary/pubmed.csv,aa4995fb235e06f2f33e9ead3591f02ca76f75c749e16880172bc2e19f50a320
format_matrix,pubmed_gcnii16,UNKNOWN,X1_CAUSAL_AUTO,feature_cache_misses,94366.0,count,common physical/cache model,results_hpca_xorflow/complete_suite/baselines/transfer_boundary/pubmed.csv,aa4995fb235e06f2f33e9ead3591f02ca76f75c749e16880172bc2e19f50a320
format_matrix,pubmed_gcnii16,UNKNOWN,X2_CAUSAL_FORCE,total_traffic_bytes,12512688.0,bytes,common physical/cache model,results_hpca_xorflow/complete_suite/baselines/transfer_boundary/pubmed.csv,aa4995fb235e06f2f33e9ead3591f02ca76f75c749e16880172bc2e19f50a320
format_matrix,pubmed_gcnii16,UNKNOWN,X2_CAUSAL_FORCE,traffic_ratio_to_beicsr,0.9369745533141556,ratio,common physical/cache model,results_hpca_xorflow/complete_suite/baselines/transfer_boundary/pubmed.csv,aa4995fb235e06f2f33e9ead3591f02ca76f75c749e16880172bc2e19f50a320
format_matrix,pubmed_gcnii16,UNKNOWN,X2_CAUSAL_FORCE,traffic_reduction_vs_beicsr,0.0630254466858444,ratio,common physical/cache model,results_hpca_xorflow/complete_suite/baselines/transfer_boundary/pubmed.csv,aa4995fb235e06f2f33e9ead3591f02ca76f75c749e16880172bc2e19f50a320
format_matrix,pubmed_gcnii16,UNKNOWN,X2_CAUSAL_FORCE,support_index_bytes,146928.0,bytes,common physical/cache model,results_hpca_xorflow/complete_suite/baselines/transfer_boundary/pubmed.csv,aa4995fb235e06f2f33e9ead3591f02ca76f75c749e16880172bc2e19f50a320
format_matrix,pubmed_gcnii16,UNKNOWN,X2_CAUSAL_FORCE,feature_cache_misses,94366.0,count,common physical/cache model,results_hpca_xorflow/complete_suite/baselines/transfer_boundary/pubmed.csv,aa4995fb235e06f2f33e9ead3591f02ca76f75c749e16880172bc2e19f50a320
format_matrix,pubmed_gcnii16,UNKNOWN,O0_OFFLINE_MAJORITY,total_traffic_bytes,12518640.0,bytes,common physical/cache model,results_hpca_xorflow/complete_suite/baselines/transfer_boundary/pubmed.csv,aa4995fb235e06f2f33e9ead3591f02ca76f75c749e16880172bc2e19f50a320
format_matrix,pubmed_gcnii16,UNKNOWN,O0_OFFLINE_MAJORITY,traffic_ratio_to_beicsr,0.93742025071677,ratio,common physical/cache model,results_hpca_xorflow/complete_suite/baselines/transfer_boundary/pubmed.csv,aa4995fb235e06f2f33e9ead3591f02ca76f75c749e16880172bc2e19f50a320
format_matrix,pubmed_gcnii16,UNKNOWN,O0_OFFLINE_MAJORITY,traffic_reduction_vs_beicsr,0.0625797492832299,ratio,common physical/cache model,results_hpca_xorflow/complete_suite/baselines/transfer_boundary/pubmed.csv,aa4995fb235e06f2f33e9ead3591f02ca76f75c749e16880172bc2e19f50a320
format_matrix,pubmed_gcnii16,UNKNOWN,O0_OFFLINE_MAJORITY,support_index_bytes,148868.0,bytes,common physical/cache model,results_hpca_xorflow/complete_suite/baselines/transfer_boundary/pubmed.csv,aa4995fb235e06f2f33e9ead3591f02ca76f75c749e16880172bc2e19f50a320
format_matrix,pubmed_gcnii16,UNKNOWN,O0_OFFLINE_MAJORITY,feature_cache_misses,94366.0,count,common physical/cache model,results_hpca_xorflow/complete_suite/baselines/transfer_boundary/pubmed.csv,aa4995fb235e06f2f33e9ead3591f02ca76f75c749e16880172bc2e19f50a320
format_matrix,pubmed_gcnii16,UNKNOWN,O1_FREE_SUPPORT,total_traffic_bytes,12057072.0,bytes,common physical/cache model,results_hpca_xorflow/complete_suite/baselines/transfer_boundary/pubmed.csv,aa4995fb235e06f2f33e9ead3591f02ca76f75c749e16880172bc2e19f50a320
format_matrix,pubmed_gcnii16,UNKNOWN,O1_FREE_SUPPORT,traffic_ratio_to_beicsr,0.9028571360107924,ratio,common physical/cache model,results_hpca_xorflow/complete_suite/baselines/transfer_boundary/pubmed.csv,aa4995fb235e06f2f33e9ead3591f02ca76f75c749e16880172bc2e19f50a320
format_matrix,pubmed_gcnii16,UNKNOWN,O1_FREE_SUPPORT,traffic_reduction_vs_beicsr,0.0971428639892074,ratio,common physical/cache model,results_hpca_xorflow/complete_suite/baselines/transfer_boundary/pubmed.csv,aa4995fb235e06f2f33e9ead3591f02ca76f75c749e16880172bc2e19f50a320
format_matrix,pubmed_gcnii16,UNKNOWN,O1_FREE_SUPPORT,support_index_bytes,0.0,bytes,common physical/cache model,results_hpca_xorflow/complete_suite/baselines/transfer_boundary/pubmed.csv,aa4995fb235e06f2f33e9ead3591f02ca76f75c749e16880172bc2e19f50a320
format_matrix,pubmed_gcnii16,UNKNOWN,O1_FREE_SUPPORT,feature_cache_misses,94366.0,count,common physical/cache model,results_hpca_xorflow/complete_suite/baselines/transfer_boundary/pubmed.csv,aa4995fb235e06f2f33e9ead3591f02ca76f75c749e16880172bc2e19f50a320
format_matrix,yelp_deepres8_w128_s7_balanced_fallback,RECORDED,DENSE,total_traffic_bytes,3805122200.0,bytes,common physical/cache model,results_hpca_xorflow/complete_suite/baselines/yelp_borderline/format_matrix.csv,46e605a650c7b29e3b16774d757fb4465eba8335bcb6dab738e31ac3daded94e
format_matrix,yelp_deepres8_w128_s7_balanced_fallback,RECORDED,DENSE,traffic_ratio_to_beicsr,1.000136087734787,ratio,common physical/cache model,results_hpca_xorflow/complete_suite/baselines/yelp_borderline/format_matrix.csv,46e605a650c7b29e3b16774d757fb4465eba8335bcb6dab738e31ac3daded94e
format_matrix,yelp_deepres8_w128_s7_balanced_fallback,RECORDED,DENSE,traffic_reduction_vs_beicsr,-0.0001360877347869,ratio,common physical/cache model,results_hpca_xorflow/complete_suite/baselines/yelp_borderline/format_matrix.csv,46e605a650c7b29e3b16774d757fb4465eba8335bcb6dab738e31ac3daded94e
format_matrix,yelp_deepres8_w128_s7_balanced_fallback,RECORDED,DENSE,support_index_bytes,0.0,bytes,common physical/cache model,results_hpca_xorflow/complete_suite/baselines/yelp_borderline/format_matrix.csv,46e605a650c7b29e3b16774d757fb4465eba8335bcb6dab738e31ac3daded94e
format_matrix,yelp_deepres8_w128_s7_balanced_fallback,RECORDED,DENSE,feature_cache_misses,51886300.0,count,common physical/cache model,results_hpca_xorflow/complete_suite/baselines/yelp_borderline/format_matrix.csv,46e605a650c7b29e3b16774d757fb4465eba8335bcb6dab738e31ac3daded94e
format_matrix,yelp_deepres8_w128_s7_balanced_fallback,RECORDED,CSR32,total_traffic_bytes,12453776344.0,bytes,common physical/cache model,results_hpca_xorflow/complete_suite/baselines/yelp_borderline/format_matrix.csv,46e605a650c7b29e3b16774d757fb4465eba8335bcb6dab738e31ac3daded94e
format_matrix,yelp_deepres8_w128_s7_balanced_fallback,RECORDED,CSR32,traffic_ratio_to_beicsr,3.273343271396697,ratio,common physical/cache model,results_hpca_xorflow/complete_suite/baselines/yelp_borderline/format_matrix.csv,46e605a650c7b29e3b16774d757fb4465eba8335bcb6dab738e31ac3daded94e
format_matrix,yelp_deepres8_w128_s7_balanced_fallback,RECORDED,CSR32,traffic_reduction_vs_beicsr,-2.273343271396697,ratio,common physical/cache model,results_hpca_xorflow/complete_suite/baselines/yelp_borderline/format_matrix.csv,46e605a650c7b29e3b16774d757fb4465eba8335bcb6dab738e31ac3daded94e
format_matrix,yelp_deepres8_w128_s7_balanced_fallback,RECORDED,CSR32,support_index_bytes,371886128.0,bytes,common physical/cache model,results_hpca_xorflow/complete_suite/baselines/yelp_borderline/format_matrix.csv,46e605a650c7b29e3b16774d757fb4465eba8335bcb6dab738e31ac3daded94e
format_matrix,yelp_deepres8_w128_s7_balanced_fallback,RECORDED,CSR32,feature_cache_misses,176639255.0,count,common physical/cache model,results_hpca_xorflow/complete_suite/baselines/yelp_borderline/format_matrix.csv,46e605a650c7b29e3b16774d757fb4465eba8335bcb6dab738e31ac3daded94e
format_matrix,yelp_deepres8_w128_s7_balanced_fallback,RECORDED,CSR_PACKED,total_traffic_bytes,5718018264.0,bytes,common physical/cache model,results_hpca_xorflow/complete_suite/baselines/yelp_borderline/format_matrix.csv,46e605a650c7b29e3b16774d757fb4465eba8335bcb6dab738e31ac3daded94e
format_matrix,yelp_deepres8_w128_s7_balanced_fallback,RECORDED,CSR_PACKED,traffic_ratio_to_beicsr,1.5029205674795458,ratio,common physical/cache model,results_hpca_xorflow/complete_suite/baselines/yelp_borderline/format_matrix.csv,46e605a650c7b29e3b16774d757fb4465eba8335bcb6dab738e31ac3daded94e
format_matrix,yelp_deepres8_w128_s7_balanced_fallback,RECORDED,CSR_PACKED,traffic_reduction_vs_beicsr,-0.5029205674795458,ratio,common physical/cache model,results_hpca_xorflow/complete_suite/baselines/yelp_borderline/format_matrix.csv,46e605a650c7b29e3b16774d757fb4465eba8335bcb6dab738e31ac3daded94e
format_matrix,yelp_deepres8_w128_s7_balanced_fallback,RECORDED,CSR_PACKED,support_index_bytes,81978325.0,bytes,common physical/cache model,results_hpca_xorflow/complete_suite/baselines/yelp_borderline/format_matrix.csv,46e605a650c7b29e3b16774d757fb4465eba8335bcb6dab738e31ac3daded94e
format_matrix,yelp_deepres8_w128_s7_balanced_fallback,RECORDED,CSR_PACKED,feature_cache_misses,80982755.0,count,common physical/cache model,results_hpca_xorflow/complete_suite/baselines/yelp_borderline/format_matrix.csv,46e605a650c7b29e3b16774d757fb4465eba8335bcb6dab738e31ac3daded94e
format_matrix,yelp_deepres8_w128_s7_balanced_fallback,RECORDED,BEICSR,total_traffic_bytes,3804604440.0,bytes,common physical/cache model,results_hpca_xorflow/complete_suite/baselines/yelp_borderline/format_matrix.csv,46e605a650c7b29e3b16774d757fb4465eba8335bcb6dab738e31ac3daded94e
format_matrix,yelp_deepres8_w128_s7_balanced_fallback,RECORDED,BEICSR,traffic_ratio_to_beicsr,1.0,ratio,common physical/cache model,results_hpca_xorflow/complete_suite/baselines/yelp_borderline/format_matrix.csv,46e605a650c7b29e3b16774d757fb4465eba8335bcb6dab738e31ac3daded94e
format_matrix,yelp_deepres8_w128_s7_balanced_fallback,RECORDED,BEICSR,traffic_reduction_vs_beicsr,0.0,ratio,common physical/cache model,results_hpca_xorflow/complete_suite/baselines/yelp_borderline/format_matrix.csv,46e605a650c7b29e3b16774d757fb4465eba8335bcb6dab738e31ac3daded94e
format_matrix,yelp_deepres8_w128_s7_balanced_fallback,RECORDED,BEICSR,support_index_bytes,22939104.0,bytes,common physical/cache model,results_hpca_xorflow/complete_suite/baselines/yelp_borderline/format_matrix.csv,46e605a650c7b29e3b16774d757fb4465eba8335bcb6dab738e31ac3daded94e
format_matrix,yelp_deepres8_w128_s7_balanced_fallback,RECORDED,BEICSR,feature_cache_misses,51878376.0,count,common physical/cache model,results_hpca_xorflow/complete_suite/baselines/yelp_borderline/format_matrix.csv,46e605a650c7b29e3b16774d757fb4465eba8335bcb6dab738e31ac3daded94e
format_matrix,yelp_deepres8_w128_s7_balanced_fallback,RECORDED,INDEPENDENT_BEST,total_traffic_bytes,6116569176.0,bytes,common physical/cache model,results_hpca_xorflow/complete_suite/baselines/yelp_borderline/format_matrix.csv,46e605a650c7b29e3b16774d757fb4465eba8335bcb6dab738e31ac3daded94e
format_matrix,yelp_deepres8_w128_s7_balanced_fallback,RECORDED,INDEPENDENT_BEST,traffic_ratio_to_beicsr,1.607675455480465,ratio,common physical/cache model,results_hpca_xorflow/complete_suite/baselines/yelp_borderline/format_matrix.csv,46e605a650c7b29e3b16774d757fb4465eba8335bcb6dab738e31ac3daded94e
format_matrix,yelp_deepres8_w128_s7_balanced_fallback,RECORDED,INDEPENDENT_BEST,traffic_reduction_vs_beicsr,-0.6076754554804651,ratio,common physical/cache model,results_hpca_xorflow/complete_suite/baselines/yelp_borderline/format_matrix.csv,46e605a650c7b29e3b16774d757fb4465eba8335bcb6dab738e31ac3daded94e
format_matrix,yelp_deepres8_w128_s7_balanced_fallback,RECORDED,INDEPENDENT_BEST,support_index_bytes,22939104.0,bytes,common physical/cache model,results_hpca_xorflow/complete_suite/baselines/yelp_borderline/format_matrix.csv,46e605a650c7b29e3b16774d757fb4465eba8335bcb6dab738e31ac3daded94e
format_matrix,yelp_deepres8_w128_s7_balanced_fallback,RECORDED,INDEPENDENT_BEST,feature_cache_misses,87815257.0,count,common physical/cache model,results_hpca_xorflow/complete_suite/baselines/yelp_borderline/format_matrix.csv,46e605a650c7b29e3b16774d757fb4465eba8335bcb6dab738e31ac3daded94e
format_matrix,yelp_deepres8_w128_s7_balanced_fallback,RECORDED,DENSE,total_traffic_bytes,3805122200.0,bytes,common physical/cache model,results_hpca_xorflow/complete_suite/baselines/yelp_borderline/format_matrix.csv,46e605a650c7b29e3b16774d757fb4465eba8335bcb6dab738e31ac3daded94e
format_matrix,yelp_deepres8_w128_s7_balanced_fallback,RECORDED,DENSE,traffic_ratio_to_beicsr,1.0000446575902917,ratio,common physical/cache model,results_hpca_xorflow/complete_suite/baselines/yelp_borderline/format_matrix.csv,46e605a650c7b29e3b16774d757fb4465eba8335bcb6dab738e31ac3daded94e
format_matrix,yelp_deepres8_w128_s7_balanced_fallback,RECORDED,DENSE,traffic_reduction_vs_beicsr,-4.465759029170791e-05,ratio,common physical/cache model,results_hpca_xorflow/complete_suite/baselines/yelp_borderline/format_matrix.csv,46e605a650c7b29e3b16774d757fb4465eba8335bcb6dab738e31ac3daded94e
format_matrix,yelp_deepres8_w128_s7_balanced_fallback,RECORDED,DENSE,support_index_bytes,0.0,bytes,common physical/cache model,results_hpca_xorflow/complete_suite/baselines/yelp_borderline/format_matrix.csv,46e605a650c7b29e3b16774d757fb4465eba8335bcb6dab738e31ac3daded94e
format_matrix,yelp_deepres8_w128_s7_balanced_fallback,RECORDED,DENSE,feature_cache_misses,51886300.0,count,common physical/cache model,results_hpca_xorflow/complete_suite/baselines/yelp_borderline/format_matrix.csv,46e605a650c7b29e3b16774d757fb4465eba8335bcb6dab738e31ac3daded94e
format_matrix,yelp_deepres8_w128_s7_balanced_fallback,RECORDED,CSR32,total_traffic_bytes,12378749208.0,bytes,common physical/cache model,results_hpca_xorflow/complete_suite/baselines/yelp_borderline/format_matrix.csv,46e605a650c7b29e3b16774d757fb4465eba8335bcb6dab738e31ac3daded94e
format_matrix,yelp_deepres8_w128_s7_balanced_fallback,RECORDED,CSR32,traffic_ratio_to_beicsr,3.25332574420618,ratio,common physical/cache model,results_hpca_xorflow/complete_suite/baselines/yelp_borderline/format_matrix.csv,46e605a650c7b29e3b16774d757fb4465eba8335bcb6dab738e31ac3daded94e
format_matrix,yelp_deepres8_w128_s7_balanced_fallback,RECORDED,CSR32,traffic_reduction_vs_beicsr,-2.25332574420618,ratio,common physical/cache model,results_hpca_xorflow/complete_suite/baselines/yelp_borderline/format_matrix.csv,46e605a650c7b29e3b16774d757fb4465eba8335bcb6dab738e31ac3daded94e
format_matrix,yelp_deepres8_w128_s7_balanced_fallback,RECORDED,CSR32,support_index_bytes,370422712.0,bytes,common physical/cache model,results_hpca_xorflow/complete_suite/baselines/yelp_borderline/format_matrix.csv,46e605a650c7b29e3b16774d757fb4465eba8335bcb6dab738e31ac3daded94e
format_matrix,yelp_deepres8_w128_s7_balanced_fallback,RECORDED,CSR32,feature_cache_misses,175527826.0,count,common physical/cache model,results_hpca_xorflow/complete_suite/baselines/yelp_borderline/format_matrix.csv,46e605a650c7b29e3b16774d757fb4465eba8335bcb6dab738e31ac3daded94e
format_matrix,yelp_deepres8_w128_s7_balanced_fallback,RECORDED,CSR_PACKED,total_traffic_bytes,5683988632.0,bytes,common physical/cache model,results_hpca_xorflow/complete_suite/baselines/yelp_borderline/format_matrix.csv,46e605a650c7b29e3b16774d757fb4465eba8335bcb6dab738e31ac3daded94e
format_matrix,yelp_deepres8_w128_s7_balanced_fallback,RECORDED,CSR_PACKED,traffic_ratio_to_beicsr,1.49383966308245,ratio,common physical/cache model,results_hpca_xorflow/complete_suite/baselines/yelp_borderline/format_matrix.csv,46e605a650c7b29e3b16774d757fb4465eba8335bcb6dab738e31ac3daded94e
format_matrix,yelp_deepres8_w128_s7_balanced_fallback,RECORDED,CSR_PACKED,traffic_reduction_vs_beicsr,-0.49383966308245,ratio,common physical/cache model,results_hpca_xorflow/complete_suite/baselines/yelp_borderline/format_matrix.csv,46e605a650c7b29e3b16774d757fb4465eba8335bcb6dab738e31ac3daded94e
format_matrix,yelp_deepres8_w128_s7_balanced_fallback,RECORDED,CSR_PACKED,support_index_bytes,81657309.0,bytes,common physical/cache model,results_hpca_xorflow/complete_suite/baselines/yelp_borderline/format_matrix.csv,46e605a650c7b29e3b16774d757fb4465eba8335bcb6dab738e31ac3daded94e
format_matrix,yelp_deepres8_w128_s7_balanced_fallback,RECORDED,CSR_PACKED,feature_cache_misses,80500690.0,count,common physical/cache model,results_hpca_xorflow/complete_suite/baselines/yelp_borderline/format_matrix.csv,46e605a650c7b29e3b16774d757fb4465eba8335bcb6dab738e31ac3daded94e
format_matrix,yelp_deepres8_w128_s7_balanced_fallback,RECORDED,BEICSR,total_traffic_bytes,3804952280.0,bytes,common physical/cache model,results_hpca_xorflow/complete_suite/baselines/yelp_borderline/format_matrix.csv,46e605a650c7b29e3b16774d757fb4465eba8335bcb6dab738e31ac3daded94e
format_matrix,yelp_deepres8_w128_s7_balanced_fallback,RECORDED,BEICSR,traffic_ratio_to_beicsr,1.0,ratio,common physical/cache model,results_hpca_xorflow/complete_suite/baselines/yelp_borderline/format_matrix.csv,46e605a650c7b29e3b16774d757fb4465eba8335bcb6dab738e31ac3daded94e
format_matrix,yelp_deepres8_w128_s7_balanced_fallback,RECORDED,BEICSR,traffic_reduction_vs_beicsr,0.0,ratio,common physical/cache model,results_hpca_xorflow/complete_suite/baselines/yelp_borderline/format_matrix.csv,46e605a650c7b29e3b16774d757fb4465eba8335bcb6dab738e31ac3daded94e
format_matrix,yelp_deepres8_w128_s7_balanced_fallback,RECORDED,BEICSR,support_index_bytes,22939104.0,bytes,common physical/cache model,results_hpca_xorflow/complete_suite/baselines/yelp_borderline/format_matrix.csv,46e605a650c7b29e3b16774d757fb4465eba8335bcb6dab738e31ac3daded94e
format_matrix,yelp_deepres8_w128_s7_balanced_fallback,RECORDED,BEICSR,feature_cache_misses,51883869.0,count,common physical/cache model,results_hpca_xorflow/complete_suite/baselines/yelp_borderline/format_matrix.csv,46e605a650c7b29e3b16774d757fb4465eba8335bcb6dab738e31ac3daded94e
format_matrix,yelp_deepres8_w128_s7_balanced_fallback,RECORDED,INDEPENDENT_BEST,total_traffic_bytes,6115848088.0,bytes,common physical/cache model,results_hpca_xorflow/complete_suite/baselines/yelp_borderline/format_matrix.csv,46e605a650c7b29e3b16774d757fb4465eba8335bcb6dab738e31ac3daded94e
format_matrix,yelp_deepres8_w128_s7_balanced_fallback,RECORDED,INDEPENDENT_BEST,traffic_ratio_to_beicsr,1.6073389724614364,ratio,common physical/cache model,results_hpca_xorflow/complete_suite/baselines/yelp_borderline/format_matrix.csv,46e605a650c7b29e3b16774d757fb4465eba8335bcb6dab738e31ac3daded94e
format_matrix,yelp_deepres8_w128_s7_balanced_fallback,RECORDED,INDEPENDENT_BEST,traffic_reduction_vs_beicsr,-0.6073389724614364,ratio,common physical/cache model,results_hpca_xorflow/complete_suite/baselines/yelp_borderline/format_matrix.csv,46e605a650c7b29e3b16774d757fb4465eba8335bcb6dab738e31ac3daded94e
format_matrix,yelp_deepres8_w128_s7_balanced_fallback,RECORDED,INDEPENDENT_BEST,support_index_bytes,22939104.0,bytes,common physical/cache model,results_hpca_xorflow/complete_suite/baselines/yelp_borderline/format_matrix.csv,46e605a650c7b29e3b16774d757fb4465eba8335bcb6dab738e31ac3daded94e
format_matrix,yelp_deepres8_w128_s7_balanced_fallback,RECORDED,INDEPENDENT_BEST,feature_cache_misses,87804992.0,count,common physical/cache model,results_hpca_xorflow/complete_suite/baselines/yelp_borderline/format_matrix.csv,46e605a650c7b29e3b16774d757fb4465eba8335bcb6dab738e31ac3daded94e
format_matrix,yelp_deepres8_w128_s7_balanced_fallback,RECORDED,X0_CAUSAL_INDEPENDENT,total_traffic_bytes,3525296088.0,bytes,common physical/cache model,results_hpca_xorflow/complete_suite/baselines/yelp_borderline/format_matrix.csv,46e605a650c7b29e3b16774d757fb4465eba8335bcb6dab738e31ac3daded94e
format_matrix,yelp_deepres8_w128_s7_balanced_fallback,RECORDED,X0_CAUSAL_INDEPENDENT,traffic_ratio_to_beicsr,0.9265867565459708,ratio,common physical/cache model,results_hpca_xorflow/complete_suite/baselines/yelp_borderline/format_matrix.csv,46e605a650c7b29e3b16774d757fb4465eba8335bcb6dab738e31ac3daded94e
format_matrix,yelp_deepres8_w128_s7_balanced_fallback,RECORDED,X0_CAUSAL_INDEPENDENT,traffic_reduction_vs_beicsr,0.0734132434540291,ratio,common physical/cache model,results_hpca_xorflow/complete_suite/baselines/yelp_borderline/format_matrix.csv,46e605a650c7b29e3b16774d757fb4465eba8335bcb6dab738e31ac3daded94e
format_matrix,yelp_deepres8_w128_s7_balanced_fallback,RECORDED,X0_CAUSAL_INDEPENDENT,support_index_bytes,13956321.0,bytes,common physical/cache model,results_hpca_xorflow/complete_suite/baselines/yelp_borderline/format_matrix.csv,46e605a650c7b29e3b16774d757fb4465eba8335bcb6dab738e31ac3daded94e
format_matrix,yelp_deepres8_w128_s7_balanced_fallback,RECORDED,X0_CAUSAL_INDEPENDENT,feature_cache_misses,47318848.0,count,common physical/cache model,results_hpca_xorflow/complete_suite/baselines/yelp_borderline/format_matrix.csv,46e605a650c7b29e3b16774d757fb4465eba8335bcb6dab738e31ac3daded94e
format_matrix,yelp_deepres8_w128_s7_balanced_fallback,RECORDED,X1_CAUSAL_AUTO,total_traffic_bytes,3521007576.0,bytes,common physical/cache model,results_hpca_xorflow/complete_suite/baselines/yelp_borderline/format_matrix.csv,46e605a650c7b29e3b16774d757fb4465eba8335bcb6dab738e31ac3daded94e
format_matrix,yelp_deepres8_w128_s7_balanced_fallback,RECORDED,X1_CAUSAL_AUTO,traffic_ratio_to_beicsr,0.9254595665666626,ratio,common physical/cache model,results_hpca_xorflow/complete_suite/baselines/yelp_borderline/format_matrix.csv,46e605a650c7b29e3b16774d757fb4465eba8335bcb6dab738e31ac3daded94e
format_matrix,yelp_deepres8_w128_s7_balanced_fallback,RECORDED,X1_CAUSAL_AUTO,traffic_reduction_vs_beicsr,0.0745404334333373,ratio,common physical/cache model,results_hpca_xorflow/complete_suite/baselines/yelp_borderline/format_matrix.csv,46e605a650c7b29e3b16774d757fb4465eba8335bcb6dab738e31ac3daded94e
format_matrix,yelp_deepres8_w128_s7_balanced_fallback,RECORDED,X1_CAUSAL_AUTO,support_index_bytes,12492874.0,bytes,common physical/cache model,results_hpca_xorflow/complete_suite/baselines/yelp_borderline/format_matrix.csv,46e605a650c7b29e3b16774d757fb4465eba8335bcb6dab738e31ac3daded94e
format_matrix,yelp_deepres8_w128_s7_balanced_fallback,RECORDED,X1_CAUSAL_AUTO,feature_cache_misses,47318848.0,count,common physical/cache model,results_hpca_xorflow/complete_suite/baselines/yelp_borderline/format_matrix.csv,46e605a650c7b29e3b16774d757fb4465eba8335bcb6dab738e31ac3daded94e
format_matrix,yelp_deepres8_w128_s7_balanced_fallback,RECORDED,X2_CAUSAL_FORCE,total_traffic_bytes,3521007576.0,bytes,common physical/cache model,results_hpca_xorflow/complete_suite/baselines/yelp_borderline/format_matrix.csv,46e605a650c7b29e3b16774d757fb4465eba8335bcb6dab738e31ac3daded94e
format_matrix,yelp_deepres8_w128_s7_balanced_fallback,RECORDED,X2_CAUSAL_FORCE,traffic_ratio_to_beicsr,0.9254595665666626,ratio,common physical/cache model,results_hpca_xorflow/complete_suite/baselines/yelp_borderline/format_matrix.csv,46e605a650c7b29e3b16774d757fb4465eba8335bcb6dab738e31ac3daded94e
format_matrix,yelp_deepres8_w128_s7_balanced_fallback,RECORDED,X2_CAUSAL_FORCE,traffic_reduction_vs_beicsr,0.0745404334333373,ratio,common physical/cache model,results_hpca_xorflow/complete_suite/baselines/yelp_borderline/format_matrix.csv,46e605a650c7b29e3b16774d757fb4465eba8335bcb6dab738e31ac3daded94e
format_matrix,yelp_deepres8_w128_s7_balanced_fallback,RECORDED,X2_CAUSAL_FORCE,support_index_bytes,12492874.0,bytes,common physical/cache model,results_hpca_xorflow/complete_suite/baselines/yelp_borderline/format_matrix.csv,46e605a650c7b29e3b16774d757fb4465eba8335bcb6dab738e31ac3daded94e
format_matrix,yelp_deepres8_w128_s7_balanced_fallback,RECORDED,X2_CAUSAL_FORCE,feature_cache_misses,47318848.0,count,common physical/cache model,results_hpca_xorflow/complete_suite/baselines/yelp_borderline/format_matrix.csv,46e605a650c7b29e3b16774d757fb4465eba8335bcb6dab738e31ac3daded94e
format_matrix,yelp_deepres8_w128_s7_balanced_fallback,RECORDED,O0_OFFLINE_MAJORITY,total_traffic_bytes,3521719320.0,bytes,common physical/cache model,results_hpca_xorflow/complete_suite/baselines/yelp_borderline/format_matrix.csv,46e605a650c7b29e3b16774d757fb4465eba8335bcb6dab738e31ac3daded94e
format_matrix,yelp_deepres8_w128_s7_balanced_fallback,RECORDED,O0_OFFLINE_MAJORITY,traffic_ratio_to_beicsr,0.925646640942258,ratio,common physical/cache model,results_hpca_xorflow/complete_suite/baselines/yelp_borderline/format_matrix.csv,46e605a650c7b29e3b16774d757fb4465eba8335bcb6dab738e31ac3daded94e
format_matrix,yelp_deepres8_w128_s7_balanced_fallback,RECORDED,O0_OFFLINE_MAJORITY,traffic_reduction_vs_beicsr,0.0743533590577421,ratio,common physical/cache model,results_hpca_xorflow/complete_suite/baselines/yelp_borderline/format_matrix.csv,46e605a650c7b29e3b16774d757fb4465eba8335bcb6dab738e31ac3daded94e
format_matrix,yelp_deepres8_w128_s7_balanced_fallback,RECORDED,O0_OFFLINE_MAJORITY,support_index_bytes,12724016.0,bytes,common physical/cache model,results_hpca_xorflow/complete_suite/baselines/yelp_borderline/format_matrix.csv,46e605a650c7b29e3b16774d757fb4465eba8335bcb6dab738e31ac3daded94e
format_matrix,yelp_deepres8_w128_s7_balanced_fallback,RECORDED,O0_OFFLINE_MAJORITY,feature_cache_misses,47318848.0,count,common physical/cache model,results_hpca_xorflow/complete_suite/baselines/yelp_borderline/format_matrix.csv,46e605a650c7b29e3b16774d757fb4465eba8335bcb6dab738e31ac3daded94e
format_matrix,yelp_deepres8_w128_s7_balanced_fallback,RECORDED,O1_FREE_SUPPORT,total_traffic_bytes,3482994840.0,bytes,common physical/cache model,results_hpca_xorflow/complete_suite/baselines/yelp_borderline/format_matrix.csv,46e605a650c7b29e3b16774d757fb4465eba8335bcb6dab738e31ac3daded94e
format_matrix,yelp_deepres8_w128_s7_balanced_fallback,RECORDED,O1_FREE_SUPPORT,traffic_ratio_to_beicsr,0.9154683213269866,ratio,common physical/cache model,results_hpca_xorflow/complete_suite/baselines/yelp_borderline/format_matrix.csv,46e605a650c7b29e3b16774d757fb4465eba8335bcb6dab738e31ac3daded94e
format_matrix,yelp_deepres8_w128_s7_balanced_fallback,RECORDED,O1_FREE_SUPPORT,traffic_reduction_vs_beicsr,0.0845316786730133,ratio,common physical/cache model,results_hpca_xorflow/complete_suite/baselines/yelp_borderline/format_matrix.csv,46e605a650c7b29e3b16774d757fb4465eba8335bcb6dab738e31ac3daded94e
format_matrix,yelp_deepres8_w128_s7_balanced_fallback,RECORDED,O1_FREE_SUPPORT,support_index_bytes,0.0,bytes,common physical/cache model,results_hpca_xorflow/complete_suite/baselines/yelp_borderline/format_matrix.csv,46e605a650c7b29e3b16774d757fb4465eba8335bcb6dab738e31ac3daded94e
format_matrix,yelp_deepres8_w128_s7_balanced_fallback,RECORDED,O1_FREE_SUPPORT,feature_cache_misses,47318848.0,count,common physical/cache model,results_hpca_xorflow/complete_suite/baselines/yelp_borderline/format_matrix.csv,46e605a650c7b29e3b16774d757fb4465eba8335bcb6dab738e31ac3daded94e
format_matrix,yelp_deepres8_w128_s7_balanced_fallback,RECORDED,X0_CAUSAL_INDEPENDENT,total_traffic_bytes,3474487064.0,bytes,common physical/cache model,results_hpca_xorflow/complete_suite/baselines/yelp_borderline/format_matrix.csv,46e605a650c7b29e3b16774d757fb4465eba8335bcb6dab738e31ac3daded94e
format_matrix,yelp_deepres8_w128_s7_balanced_fallback,RECORDED,X0_CAUSAL_INDEPENDENT,traffic_ratio_to_beicsr,0.9131486568867034,ratio,common physical/cache model,results_hpca_xorflow/complete_suite/baselines/yelp_borderline/format_matrix.csv,46e605a650c7b29e3b16774d757fb4465eba8335bcb6dab738e31ac3daded94e
format_matrix,yelp_deepres8_w128_s7_balanced_fallback,RECORDED,X0_CAUSAL_INDEPENDENT,traffic_reduction_vs_beicsr,0.0868513431132965,ratio,common physical/cache model,results_hpca_xorflow/complete_suite/baselines/yelp_borderline/format_matrix.csv,46e605a650c7b29e3b16774d757fb4465eba8335bcb6dab738e31ac3daded94e
format_matrix,yelp_deepres8_w128_s7_balanced_fallback,RECORDED,X0_CAUSAL_INDEPENDENT,support_index_bytes,14002466.0,bytes,common physical/cache model,results_hpca_xorflow/complete_suite/baselines/yelp_borderline/format_matrix.csv,46e605a650c7b29e3b16774d757fb4465eba8335bcb6dab738e31ac3daded94e
format_matrix,yelp_deepres8_w128_s7_balanced_fallback,RECORDED,X0_CAUSAL_INDEPENDENT,feature_cache_misses,46559823.0,count,common physical/cache model,results_hpca_xorflow/complete_suite/baselines/yelp_borderline/format_matrix.csv,46e605a650c7b29e3b16774d757fb4465eba8335bcb6dab738e31ac3daded94e
format_matrix,yelp_deepres8_w128_s7_balanced_fallback,RECORDED,X1_CAUSAL_AUTO,total_traffic_bytes,3470020376.0,bytes,common physical/cache model,results_hpca_xorflow/complete_suite/baselines/yelp_borderline/format_matrix.csv,46e605a650c7b29e3b16774d757fb4465eba8335bcb6dab738e31ac3daded94e
format_matrix,yelp_deepres8_w128_s7_balanced_fallback,RECORDED,X1_CAUSAL_AUTO,traffic_ratio_to_beicsr,0.9119747425584008,ratio,common physical/cache model,results_hpca_xorflow/complete_suite/baselines/yelp_borderline/format_matrix.csv,46e605a650c7b29e3b16774d757fb4465eba8335bcb6dab738e31ac3daded94e
format_matrix,yelp_deepres8_w128_s7_balanced_fallback,RECORDED,X1_CAUSAL_AUTO,traffic_reduction_vs_beicsr,0.0880252574415992,ratio,common physical/cache model,results_hpca_xorflow/complete_suite/baselines/yelp_borderline/format_matrix.csv,46e605a650c7b29e3b16774d757fb4465eba8335bcb6dab738e31ac3daded94e
format_matrix,yelp_deepres8_w128_s7_balanced_fallback,RECORDED,X1_CAUSAL_AUTO,support_index_bytes,12508868.0,bytes,common physical/cache model,results_hpca_xorflow/complete_suite/baselines/yelp_borderline/format_matrix.csv,46e605a650c7b29e3b16774d757fb4465eba8335bcb6dab738e31ac3daded94e
format_matrix,yelp_deepres8_w128_s7_balanced_fallback,RECORDED,X1_CAUSAL_AUTO,feature_cache_misses,46559823.0,count,common physical/cache model,results_hpca_xorflow/complete_suite/baselines/yelp_borderline/format_matrix.csv,46e605a650c7b29e3b16774d757fb4465eba8335bcb6dab738e31ac3daded94e
format_matrix,yelp_deepres8_w128_s7_balanced_fallback,RECORDED,X2_CAUSAL_FORCE,total_traffic_bytes,3470020376.0,bytes,common physical/cache model,results_hpca_xorflow/complete_suite/baselines/yelp_borderline/format_matrix.csv,46e605a650c7b29e3b16774d757fb4465eba8335bcb6dab738e31ac3daded94e
format_matrix,yelp_deepres8_w128_s7_balanced_fallback,RECORDED,X2_CAUSAL_FORCE,traffic_ratio_to_beicsr,0.9119747425584008,ratio,common physical/cache model,results_hpca_xorflow/complete_suite/baselines/yelp_borderline/format_matrix.csv,46e605a650c7b29e3b16774d757fb4465eba8335bcb6dab738e31ac3daded94e
format_matrix,yelp_deepres8_w128_s7_balanced_fallback,RECORDED,X2_CAUSAL_FORCE,traffic_reduction_vs_beicsr,0.0880252574415992,ratio,common physical/cache model,results_hpca_xorflow/complete_suite/baselines/yelp_borderline/format_matrix.csv,46e605a650c7b29e3b16774d757fb4465eba8335bcb6dab738e31ac3daded94e
format_matrix,yelp_deepres8_w128_s7_balanced_fallback,RECORDED,X2_CAUSAL_FORCE,support_index_bytes,12508868.0,bytes,common physical/cache model,results_hpca_xorflow/complete_suite/baselines/yelp_borderline/format_matrix.csv,46e605a650c7b29e3b16774d757fb4465eba8335bcb6dab738e31ac3daded94e
format_matrix,yelp_deepres8_w128_s7_balanced_fallback,RECORDED,X2_CAUSAL_FORCE,feature_cache_misses,46559823.0,count,common physical/cache model,results_hpca_xorflow/complete_suite/baselines/yelp_borderline/format_matrix.csv,46e605a650c7b29e3b16774d757fb4465eba8335bcb6dab738e31ac3daded94e
format_matrix,yelp_deepres8_w128_s7_balanced_fallback,RECORDED,O0_OFFLINE_MAJORITY,total_traffic_bytes,3470792216.0,bytes,common physical/cache model,results_hpca_xorflow/complete_suite/baselines/yelp_borderline/format_matrix.csv,46e605a650c7b29e3b16774d757fb4465eba8335bcb6dab738e31ac3daded94e
format_matrix,yelp_deepres8_w128_s7_balanced_fallback,RECORDED,O0_OFFLINE_MAJORITY,traffic_ratio_to_beicsr,0.9121775939854888,ratio,common physical/cache model,results_hpca_xorflow/complete_suite/baselines/yelp_borderline/format_matrix.csv,46e605a650c7b29e3b16774d757fb4465eba8335bcb6dab738e31ac3daded94e
format_matrix,yelp_deepres8_w128_s7_balanced_fallback,RECORDED,O0_OFFLINE_MAJORITY,traffic_reduction_vs_beicsr,0.0878224060145111,ratio,common physical/cache model,results_hpca_xorflow/complete_suite/baselines/yelp_borderline/format_matrix.csv,46e605a650c7b29e3b16774d757fb4465eba8335bcb6dab738e31ac3daded94e
format_matrix,yelp_deepres8_w128_s7_balanced_fallback,RECORDED,O0_OFFLINE_MAJORITY,support_index_bytes,12759619.0,bytes,common physical/cache model,results_hpca_xorflow/complete_suite/baselines/yelp_borderline/format_matrix.csv,46e605a650c7b29e3b16774d757fb4465eba8335bcb6dab738e31ac3daded94e
format_matrix,yelp_deepres8_w128_s7_balanced_fallback,RECORDED,O0_OFFLINE_MAJORITY,feature_cache_misses,46559823.0,count,common physical/cache model,results_hpca_xorflow/complete_suite/baselines/yelp_borderline/format_matrix.csv,46e605a650c7b29e3b16774d757fb4465eba8335bcb6dab738e31ac3daded94e
format_matrix,yelp_deepres8_w128_s7_balanced_fallback,RECORDED,O1_FREE_SUPPORT,total_traffic_bytes,3431965016.0,bytes,common physical/cache model,results_hpca_xorflow/complete_suite/baselines/yelp_borderline/format_matrix.csv,46e605a650c7b29e3b16774d757fb4465eba8335bcb6dab738e31ac3daded94e
format_matrix,yelp_deepres8_w128_s7_balanced_fallback,RECORDED,O1_FREE_SUPPORT,traffic_ratio_to_beicsr,0.9019732084524328,ratio,common physical/cache model,results_hpca_xorflow/complete_suite/baselines/yelp_borderline/format_matrix.csv,46e605a650c7b29e3b16774d757fb4465eba8335bcb6dab738e31ac3daded94e
format_matrix,yelp_deepres8_w128_s7_balanced_fallback,RECORDED,O1_FREE_SUPPORT,traffic_reduction_vs_beicsr,0.0980267915475671,ratio,common physical/cache model,results_hpca_xorflow/complete_suite/baselines/yelp_borderline/format_matrix.csv,46e605a650c7b29e3b16774d757fb4465eba8335bcb6dab738e31ac3daded94e
format_matrix,yelp_deepres8_w128_s7_balanced_fallback,RECORDED,O1_FREE_SUPPORT,support_index_bytes,0.0,bytes,common physical/cache model,results_hpca_xorflow/complete_suite/baselines/yelp_borderline/format_matrix.csv,46e605a650c7b29e3b16774d757fb4465eba8335bcb6dab738e31ac3daded94e
format_matrix,yelp_deepres8_w128_s7_balanced_fallback,RECORDED,O1_FREE_SUPPORT,feature_cache_misses,46559823.0,count,common physical/cache model,results_hpca_xorflow/complete_suite/baselines/yelp_borderline/format_matrix.csv,46e605a650c7b29e3b16774d757fb4465eba8335bcb6dab738e31ac3daded94e
matched_controls,ogbn_arxiv_deepres8_w128_s17__real_trained,UNKNOWN,DENSE,total_traffic_bytes,603773040.0,bytes,real_trained,results_hpca_xorflow/complete_suite/controls/arxiv_s17/format_controls.csv,78ac5e29a3fdd53b5587716605bcec7752c2558f035983d2b6d56d063c029170
matched_controls,ogbn_arxiv_deepres8_w128_s17__real_trained,UNKNOWN,DENSE,traffic_ratio_to_beicsr,1.0000573493405132,ratio,real_trained,results_hpca_xorflow/complete_suite/controls/arxiv_s17/format_controls.csv,78ac5e29a3fdd53b5587716605bcec7752c2558f035983d2b6d56d063c029170
matched_controls,ogbn_arxiv_deepres8_w128_s17__real_trained,UNKNOWN,DENSE,traffic_reduction_vs_beicsr,-5.734934051315754e-05,ratio,real_trained,results_hpca_xorflow/complete_suite/controls/arxiv_s17/format_controls.csv,78ac5e29a3fdd53b5587716605bcec7752c2558f035983d2b6d56d063c029170
matched_controls,ogbn_arxiv_deepres8_w128_s17__real_trained,UNKNOWN,DENSE,feature_cache_misses,7768592.0,count,real_trained,results_hpca_xorflow/complete_suite/controls/arxiv_s17/format_controls.csv,78ac5e29a3fdd53b5587716605bcec7752c2558f035983d2b6d56d063c029170
matched_controls,ogbn_arxiv_deepres8_w128_s17__real_trained,UNKNOWN,CSR32,total_traffic_bytes,1946195120.0,bytes,real_trained,results_hpca_xorflow/complete_suite/controls/arxiv_s17/format_controls.csv,78ac5e29a3fdd53b5587716605bcec7752c2558f035983d2b6d56d063c029170
matched_controls,ogbn_arxiv_deepres8_w128_s17__real_trained,UNKNOWN,CSR32,traffic_ratio_to_beicsr,3.223573435817276,ratio,real_trained,results_hpca_xorflow/complete_suite/controls/arxiv_s17/format_controls.csv,78ac5e29a3fdd53b5587716605bcec7752c2558f035983d2b6d56d063c029170
matched_controls,ogbn_arxiv_deepres8_w128_s17__real_trained,UNKNOWN,CSR32,traffic_reduction_vs_beicsr,-2.223573435817276,ratio,real_trained,results_hpca_xorflow/complete_suite/controls/arxiv_s17/format_controls.csv,78ac5e29a3fdd53b5587716605bcec7752c2558f035983d2b6d56d063c029170
matched_controls,ogbn_arxiv_deepres8_w128_s17__real_trained,UNKNOWN,CSR32,feature_cache_misses,26337429.0,count,real_trained,results_hpca_xorflow/complete_suite/controls/arxiv_s17/format_controls.csv,78ac5e29a3fdd53b5587716605bcec7752c2558f035983d2b6d56d063c029170
matched_controls,ogbn_arxiv_deepres8_w128_s17__real_trained,UNKNOWN,CSR_PACKED,total_traffic_bytes,848432304.0,bytes,real_trained,results_hpca_xorflow/complete_suite/controls/arxiv_s17/format_controls.csv,78ac5e29a3fdd53b5587716605bcec7752c2558f035983d2b6d56d063c029170
matched_controls,ogbn_arxiv_deepres8_w128_s17__real_trained,UNKNOWN,CSR_PACKED,traffic_ratio_to_beicsr,1.4052978599923978,ratio,real_trained,results_hpca_xorflow/complete_suite/controls/arxiv_s17/format_controls.csv,78ac5e29a3fdd53b5587716605bcec7752c2558f035983d2b6d56d063c029170
matched_controls,ogbn_arxiv_deepres8_w128_s17__real_trained,UNKNOWN,CSR_PACKED,traffic_reduction_vs_beicsr,-0.4052978599923977,ratio,real_trained,results_hpca_xorflow/complete_suite/controls/arxiv_s17/format_controls.csv,78ac5e29a3fdd53b5587716605bcec7752c2558f035983d2b6d56d063c029170
matched_controls,ogbn_arxiv_deepres8_w128_s17__real_trained,UNKNOWN,CSR_PACKED,feature_cache_misses,11418035.0,count,real_trained,results_hpca_xorflow/complete_suite/controls/arxiv_s17/format_controls.csv,78ac5e29a3fdd53b5587716605bcec7752c2558f035983d2b6d56d063c029170
matched_controls,ogbn_arxiv_deepres8_w128_s17__real_trained,UNKNOWN,BEICSR,total_traffic_bytes,603738416.0,bytes,real_trained,results_hpca_xorflow/complete_suite/controls/arxiv_s17/format_controls.csv,78ac5e29a3fdd53b5587716605bcec7752c2558f035983d2b6d56d063c029170
matched_controls,ogbn_arxiv_deepres8_w128_s17__real_trained,UNKNOWN,BEICSR,traffic_ratio_to_beicsr,1.0,ratio,real_trained,results_hpca_xorflow/complete_suite/controls/arxiv_s17/format_controls.csv,78ac5e29a3fdd53b5587716605bcec7752c2558f035983d2b6d56d063c029170
matched_controls,ogbn_arxiv_deepres8_w128_s17__real_trained,UNKNOWN,BEICSR,traffic_reduction_vs_beicsr,0.0,ratio,real_trained,results_hpca_xorflow/complete_suite/controls/arxiv_s17/format_controls.csv,78ac5e29a3fdd53b5587716605bcec7752c2558f035983d2b6d56d063c029170
matched_controls,ogbn_arxiv_deepres8_w128_s17__real_trained,UNKNOWN,BEICSR,feature_cache_misses,7768061.0,count,real_trained,results_hpca_xorflow/complete_suite/controls/arxiv_s17/format_controls.csv,78ac5e29a3fdd53b5587716605bcec7752c2558f035983d2b6d56d063c029170
matched_controls,ogbn_arxiv_deepres8_w128_s17__real_trained,UNKNOWN,INDEPENDENT_BEST,total_traffic_bytes,843382896.0,bytes,real_trained,results_hpca_xorflow/complete_suite/controls/arxiv_s17/format_controls.csv,78ac5e29a3fdd53b5587716605bcec7752c2558f035983d2b6d56d063c029170
matched_controls,ogbn_arxiv_deepres8_w128_s17__real_trained,UNKNOWN,INDEPENDENT_BEST,traffic_ratio_to_beicsr,1.3969342908270392,ratio,real_trained,results_hpca_xorflow/complete_suite/controls/arxiv_s17/format_controls.csv,78ac5e29a3fdd53b5587716605bcec7752c2558f035983d2b6d56d063c029170
matched_controls,ogbn_arxiv_deepres8_w128_s17__real_trained,UNKNOWN,INDEPENDENT_BEST,traffic_reduction_vs_beicsr,-0.3969342908270392,ratio,real_trained,results_hpca_xorflow/complete_suite/controls/arxiv_s17/format_controls.csv,78ac5e29a3fdd53b5587716605bcec7752c2558f035983d2b6d56d063c029170
matched_controls,ogbn_arxiv_deepres8_w128_s17__real_trained,UNKNOWN,INDEPENDENT_BEST,feature_cache_misses,11467790.0,count,real_trained,results_hpca_xorflow/complete_suite/controls/arxiv_s17/format_controls.csv,78ac5e29a3fdd53b5587716605bcec7752c2558f035983d2b6d56d063c029170
matched_controls,ogbn_arxiv_deepres8_w128_s17__real_trained,UNKNOWN,X0_CAUSAL_INDEPENDENT,total_traffic_bytes,522337648.0,bytes,real_trained,results_hpca_xorflow/complete_suite/controls/arxiv_s17/format_controls.csv,78ac5e29a3fdd53b5587716605bcec7752c2558f035983d2b6d56d063c029170
matched_controls,ogbn_arxiv_deepres8_w128_s17__real_trained,UNKNOWN,X0_CAUSAL_INDEPENDENT,traffic_ratio_to_beicsr,0.8651721244784927,ratio,real_trained,results_hpca_xorflow/complete_suite/controls/arxiv_s17/format_controls.csv,78ac5e29a3fdd53b5587716605bcec7752c2558f035983d2b6d56d063c029170
matched_controls,ogbn_arxiv_deepres8_w128_s17__real_trained,UNKNOWN,X0_CAUSAL_INDEPENDENT,traffic_reduction_vs_beicsr,0.1348278755215073,ratio,real_trained,results_hpca_xorflow/complete_suite/controls/arxiv_s17/format_controls.csv,78ac5e29a3fdd53b5587716605bcec7752c2558f035983d2b6d56d063c029170
matched_controls,ogbn_arxiv_deepres8_w128_s17__real_trained,UNKNOWN,X0_CAUSAL_INDEPENDENT,feature_cache_misses,6420364.0,count,real_trained,results_hpca_xorflow/complete_suite/controls/arxiv_s17/format_controls.csv,78ac5e29a3fdd53b5587716605bcec7752c2558f035983d2b6d56d063c029170
matched_controls,ogbn_arxiv_deepres8_w128_s17__real_trained,UNKNOWN,X1_CAUSAL_AUTO,total_traffic_bytes,521480752.0,bytes,real_trained,results_hpca_xorflow/complete_suite/controls/arxiv_s17/format_controls.csv,78ac5e29a3fdd53b5587716605bcec7752c2558f035983d2b6d56d063c029170
matched_controls,ogbn_arxiv_deepres8_w128_s17__real_trained,UNKNOWN,X1_CAUSAL_AUTO,traffic_ratio_to_beicsr,0.8637528078054254,ratio,real_trained,results_hpca_xorflow/complete_suite/controls/arxiv_s17/format_controls.csv,78ac5e29a3fdd53b5587716605bcec7752c2558f035983d2b6d56d063c029170
matched_controls,ogbn_arxiv_deepres8_w128_s17__real_trained,UNKNOWN,X1_CAUSAL_AUTO,traffic_reduction_vs_beicsr,0.1362471921945746,ratio,real_trained,results_hpca_xorflow/complete_suite/controls/arxiv_s17/format_controls.csv,78ac5e29a3fdd53b5587716605bcec7752c2558f035983d2b6d56d063c029170
matched_controls,ogbn_arxiv_deepres8_w128_s17__real_trained,UNKNOWN,X1_CAUSAL_AUTO,feature_cache_misses,6420364.0,count,real_trained,results_hpca_xorflow/complete_suite/controls/arxiv_s17/format_controls.csv,78ac5e29a3fdd53b5587716605bcec7752c2558f035983d2b6d56d063c029170
matched_controls,ogbn_arxiv_deepres8_w128_s17__real_trained,UNKNOWN,X2_CAUSAL_FORCE,total_traffic_bytes,521480752.0,bytes,real_trained,results_hpca_xorflow/complete_suite/controls/arxiv_s17/format_controls.csv,78ac5e29a3fdd53b5587716605bcec7752c2558f035983d2b6d56d063c029170
matched_controls,ogbn_arxiv_deepres8_w128_s17__real_trained,UNKNOWN,X2_CAUSAL_FORCE,traffic_ratio_to_beicsr,0.8637528078054254,ratio,real_trained,results_hpca_xorflow/complete_suite/controls/arxiv_s17/format_controls.csv,78ac5e29a3fdd53b5587716605bcec7752c2558f035983d2b6d56d063c029170
matched_controls,ogbn_arxiv_deepres8_w128_s17__real_trained,UNKNOWN,X2_CAUSAL_FORCE,traffic_reduction_vs_beicsr,0.1362471921945746,ratio,real_trained,results_hpca_xorflow/complete_suite/controls/arxiv_s17/format_controls.csv,78ac5e29a3fdd53b5587716605bcec7752c2558f035983d2b6d56d063c029170
matched_controls,ogbn_arxiv_deepres8_w128_s17__real_trained,UNKNOWN,X2_CAUSAL_FORCE,feature_cache_misses,6420364.0,count,real_trained,results_hpca_xorflow/complete_suite/controls/arxiv_s17/format_controls.csv,78ac5e29a3fdd53b5587716605bcec7752c2558f035983d2b6d56d063c029170
matched_controls,ogbn_arxiv_deepres8_w128_s17__real_trained,UNKNOWN,O0_OFFLINE_MAJORITY,total_traffic_bytes,521472304.0,bytes,real_trained,results_hpca_xorflow/complete_suite/controls/arxiv_s17/format_controls.csv,78ac5e29a3fdd53b5587716605bcec7752c2558f035983d2b6d56d063c029170
matched_controls,ogbn_arxiv_deepres8_w128_s17__real_trained,UNKNOWN,O0_OFFLINE_MAJORITY,traffic_ratio_to_beicsr,0.863738814990365,ratio,real_trained,results_hpca_xorflow/complete_suite/controls/arxiv_s17/format_controls.csv,78ac5e29a3fdd53b5587716605bcec7752c2558f035983d2b6d56d063c029170
matched_controls,ogbn_arxiv_deepres8_w128_s17__real_trained,UNKNOWN,O0_OFFLINE_MAJORITY,traffic_reduction_vs_beicsr,0.136261185009635,ratio,real_trained,results_hpca_xorflow/complete_suite/controls/arxiv_s17/format_controls.csv,78ac5e29a3fdd53b5587716605bcec7752c2558f035983d2b6d56d063c029170
matched_controls,ogbn_arxiv_deepres8_w128_s17__real_trained,UNKNOWN,O0_OFFLINE_MAJORITY,feature_cache_misses,6420364.0,count,real_trained,results_hpca_xorflow/complete_suite/controls/arxiv_s17/format_controls.csv,78ac5e29a3fdd53b5587716605bcec7752c2558f035983d2b6d56d063c029170
matched_controls,ogbn_arxiv_deepres8_w128_s17__real_trained,UNKNOWN,O1_FREE_SUPPORT,total_traffic_bytes,508135408.0,bytes,real_trained,results_hpca_xorflow/complete_suite/controls/arxiv_s17/format_controls.csv,78ac5e29a3fdd53b5587716605bcec7752c2558f035983d2b6d56d063c029170
matched_controls,ogbn_arxiv_deepres8_w128_s17__real_trained,UNKNOWN,O1_FREE_SUPPORT,traffic_ratio_to_beicsr,0.8416482942506677,ratio,real_trained,results_hpca_xorflow/complete_suite/controls/arxiv_s17/format_controls.csv,78ac5e29a3fdd53b5587716605bcec7752c2558f035983d2b6d56d063c029170
matched_controls,ogbn_arxiv_deepres8_w128_s17__real_trained,UNKNOWN,O1_FREE_SUPPORT,traffic_reduction_vs_beicsr,0.1583517057493323,ratio,real_trained,results_hpca_xorflow/complete_suite/controls/arxiv_s17/format_controls.csv,78ac5e29a3fdd53b5587716605bcec7752c2558f035983d2b6d56d063c029170
matched_controls,ogbn_arxiv_deepres8_w128_s17__real_trained,UNKNOWN,O1_FREE_SUPPORT,feature_cache_misses,6420364.0,count,real_trained,results_hpca_xorflow/complete_suite/controls/arxiv_s17/format_controls.csv,78ac5e29a3fdd53b5587716605bcec7752c2558f035983d2b6d56d063c029170
matched_controls,ogbn_arxiv_deepres8_w128_s17__density_matched_independent,UNKNOWN,DENSE,total_traffic_bytes,603773040.0,bytes,density_matched_independent,results_hpca_xorflow/complete_suite/controls/arxiv_s17/format_controls.csv,78ac5e29a3fdd53b5587716605bcec7752c2558f035983d2b6d56d063c029170
matched_controls,ogbn_arxiv_deepres8_w128_s17__density_matched_independent,UNKNOWN,DENSE,traffic_ratio_to_beicsr,1.0000883058769283,ratio,density_matched_independent,results_hpca_xorflow/complete_suite/controls/arxiv_s17/format_controls.csv,78ac5e29a3fdd53b5587716605bcec7752c2558f035983d2b6d56d063c029170
matched_controls,ogbn_arxiv_deepres8_w128_s17__density_matched_independent,UNKNOWN,DENSE,traffic_reduction_vs_beicsr,-8.830587692831848e-05,ratio,density_matched_independent,results_hpca_xorflow/complete_suite/controls/arxiv_s17/format_controls.csv,78ac5e29a3fdd53b5587716605bcec7752c2558f035983d2b6d56d063c029170
matched_controls,ogbn_arxiv_deepres8_w128_s17__density_matched_independent,UNKNOWN,DENSE,feature_cache_misses,7768592.0,count,density_matched_independent,results_hpca_xorflow/complete_suite/controls/arxiv_s17/format_controls.csv,78ac5e29a3fdd53b5587716605bcec7752c2558f035983d2b6d56d063c029170
matched_controls,ogbn_arxiv_deepres8_w128_s17__density_matched_independent,UNKNOWN,CSR32,total_traffic_bytes,1981013872.0,bytes,density_matched_independent,results_hpca_xorflow/complete_suite/controls/arxiv_s17/format_controls.csv,78ac5e29a3fdd53b5587716605bcec7752c2558f035983d2b6d56d063c029170
matched_controls,ogbn_arxiv_deepres8_w128_s17__density_matched_independent,UNKNOWN,CSR32,traffic_ratio_to_beicsr,3.2813469232862307,ratio,density_matched_independent,results_hpca_xorflow/complete_suite/controls/arxiv_s17/format_controls.csv,78ac5e29a3fdd53b5587716605bcec7752c2558f035983d2b6d56d063c029170
matched_controls,ogbn_arxiv_deepres8_w128_s17__density_matched_independent,UNKNOWN,CSR32,traffic_reduction_vs_beicsr,-2.2813469232862307,ratio,density_matched_independent,results_hpca_xorflow/complete_suite/controls/arxiv_s17/format_controls.csv,78ac5e29a3fdd53b5587716605bcec7752c2558f035983d2b6d56d063c029170
matched_controls,ogbn_arxiv_deepres8_w128_s17__density_matched_independent,UNKNOWN,CSR32,feature_cache_misses,26882896.0,count,density_matched_independent,results_hpca_xorflow/complete_suite/controls/arxiv_s17/format_controls.csv,78ac5e29a3fdd53b5587716605bcec7752c2558f035983d2b6d56d063c029170
matched_controls,ogbn_arxiv_deepres8_w128_s17__density_matched_independent,UNKNOWN,CSR_PACKED,total_traffic_bytes,872191024.0,bytes,density_matched_independent,results_hpca_xorflow/complete_suite/controls/arxiv_s17/format_controls.csv,78ac5e29a3fdd53b5587716605bcec7752c2558f035983d2b6d56d063c029170
matched_controls,ogbn_arxiv_deepres8_w128_s17__density_matched_independent,UNKNOWN,CSR_PACKED,traffic_ratio_to_beicsr,1.4446952510387403,ratio,density_matched_independent,results_hpca_xorflow/complete_suite/controls/arxiv_s17/format_controls.csv,78ac5e29a3fdd53b5587716605bcec7752c2558f035983d2b6d56d063c029170
matched_controls,ogbn_arxiv_deepres8_w128_s17__density_matched_independent,UNKNOWN,CSR_PACKED,traffic_reduction_vs_beicsr,-0.4446952510387403,ratio,density_matched_independent,results_hpca_xorflow/complete_suite/controls/arxiv_s17/format_controls.csv,78ac5e29a3fdd53b5587716605bcec7752c2558f035983d2b6d56d063c029170
matched_controls,ogbn_arxiv_deepres8_w128_s17__density_matched_independent,UNKNOWN,CSR_PACKED,feature_cache_misses,11771889.0,count,density_matched_independent,results_hpca_xorflow/complete_suite/controls/arxiv_s17/format_controls.csv,78ac5e29a3fdd53b5587716605bcec7752c2558f035983d2b6d56d063c029170
matched_controls,ogbn_arxiv_deepres8_w128_s17__density_matched_independent,UNKNOWN,BEICSR,total_traffic_bytes,603719728.0,bytes,density_matched_independent,results_hpca_xorflow/complete_suite/controls/arxiv_s17/format_controls.csv,78ac5e29a3fdd53b5587716605bcec7752c2558f035983d2b6d56d063c029170
matched_controls,ogbn_arxiv_deepres8_w128_s17__density_matched_independent,UNKNOWN,BEICSR,traffic_ratio_to_beicsr,1.0,ratio,density_matched_independent,results_hpca_xorflow/complete_suite/controls/arxiv_s17/format_controls.csv,78ac5e29a3fdd53b5587716605bcec7752c2558f035983d2b6d56d063c029170
matched_controls,ogbn_arxiv_deepres8_w128_s17__density_matched_independent,UNKNOWN,BEICSR,traffic_reduction_vs_beicsr,0.0,ratio,density_matched_independent,results_hpca_xorflow/complete_suite/controls/arxiv_s17/format_controls.csv,78ac5e29a3fdd53b5587716605bcec7752c2558f035983d2b6d56d063c029170
matched_controls,ogbn_arxiv_deepres8_w128_s17__density_matched_independent,UNKNOWN,BEICSR,feature_cache_misses,7767841.0,count,density_matched_independent,results_hpca_xorflow/complete_suite/controls/arxiv_s17/format_controls.csv,78ac5e29a3fdd53b5587716605bcec7752c2558f035983d2b6d56d063c029170
matched_controls,ogbn_arxiv_deepres8_w128_s17__density_matched_independent,UNKNOWN,INDEPENDENT_BEST,total_traffic_bytes,843143024.0,bytes,density_matched_independent,results_hpca_xorflow/complete_suite/controls/arxiv_s17/format_controls.csv,78ac5e29a3fdd53b5587716605bcec7752c2558f035983d2b6d56d063c029170
matched_controls,ogbn_arxiv_deepres8_w128_s17__density_matched_independent,UNKNOWN,INDEPENDENT_BEST,traffic_ratio_to_beicsr,1.3965802091529465,ratio,density_matched_independent,results_hpca_xorflow/complete_suite/controls/arxiv_s17/format_controls.csv,78ac5e29a3fdd53b5587716605bcec7752c2558f035983d2b6d56d063c029170
matched_controls,ogbn_arxiv_deepres8_w128_s17__density_matched_independent,UNKNOWN,INDEPENDENT_BEST,traffic_reduction_vs_beicsr,-0.3965802091529464,ratio,density_matched_independent,results_hpca_xorflow/complete_suite/controls/arxiv_s17/format_controls.csv,78ac5e29a3fdd53b5587716605bcec7752c2558f035983d2b6d56d063c029170
matched_controls,ogbn_arxiv_deepres8_w128_s17__density_matched_independent,UNKNOWN,INDEPENDENT_BEST,feature_cache_misses,11464988.0,count,density_matched_independent,results_hpca_xorflow/complete_suite/controls/arxiv_s17/format_controls.csv,78ac5e29a3fdd53b5587716605bcec7752c2558f035983d2b6d56d063c029170
matched_controls,ogbn_arxiv_deepres8_w128_s17__density_matched_independent,UNKNOWN,X0_CAUSAL_INDEPENDENT,total_traffic_bytes,545257648.0,bytes,density_matched_independent,results_hpca_xorflow/complete_suite/controls/arxiv_s17/format_controls.csv,78ac5e29a3fdd53b5587716605bcec7752c2558f035983d2b6d56d063c029170
matched_controls,ogbn_arxiv_deepres8_w128_s17__density_matched_independent,UNKNOWN,X0_CAUSAL_INDEPENDENT,traffic_ratio_to_beicsr,0.9031635421395406,ratio,density_matched_independent,results_hpca_xorflow/complete_suite/controls/arxiv_s17/format_controls.csv,78ac5e29a3fdd53b5587716605bcec7752c2558f035983d2b6d56d063c029170
matched_controls,ogbn_arxiv_deepres8_w128_s17__density_matched_independent,UNKNOWN,X0_CAUSAL_INDEPENDENT,traffic_reduction_vs_beicsr,0.0968364578604593,ratio,density_matched_independent,results_hpca_xorflow/complete_suite/controls/arxiv_s17/format_controls.csv,78ac5e29a3fdd53b5587716605bcec7752c2558f035983d2b6d56d063c029170
matched_controls,ogbn_arxiv_deepres8_w128_s17__density_matched_independent,UNKNOWN,X0_CAUSAL_INDEPENDENT,feature_cache_misses,6744325.0,count,density_matched_independent,results_hpca_xorflow/complete_suite/controls/arxiv_s17/format_controls.csv,78ac5e29a3fdd53b5587716605bcec7752c2558f035983d2b6d56d063c029170
matched_controls,ogbn_arxiv_deepres8_w128_s17__density_matched_independent,UNKNOWN,X1_CAUSAL_AUTO,total_traffic_bytes,544495792.0,bytes,density_matched_independent,results_hpca_xorflow/complete_suite/controls/arxiv_s17/format_controls.csv,78ac5e29a3fdd53b5587716605bcec7752c2558f035983d2b6d56d063c029170
matched_controls,ogbn_arxiv_deepres8_w128_s17__density_matched_independent,UNKNOWN,X1_CAUSAL_AUTO,traffic_ratio_to_beicsr,0.901901605574168,ratio,density_matched_independent,results_hpca_xorflow/complete_suite/controls/arxiv_s17/format_controls.csv,78ac5e29a3fdd53b5587716605bcec7752c2558f035983d2b6d56d063c029170
matched_controls,ogbn_arxiv_deepres8_w128_s17__density_matched_independent,UNKNOWN,X1_CAUSAL_AUTO,traffic_reduction_vs_beicsr,0.098098394425832,ratio,density_matched_independent,results_hpca_xorflow/complete_suite/controls/arxiv_s17/format_controls.csv,78ac5e29a3fdd53b5587716605bcec7752c2558f035983d2b6d56d063c029170
matched_controls,ogbn_arxiv_deepres8_w128_s17__density_matched_independent,UNKNOWN,X1_CAUSAL_AUTO,feature_cache_misses,6744325.0,count,density_matched_independent,results_hpca_xorflow/complete_suite/controls/arxiv_s17/format_controls.csv,78ac5e29a3fdd53b5587716605bcec7752c2558f035983d2b6d56d063c029170
matched_controls,ogbn_arxiv_deepres8_w128_s17__density_matched_independent,UNKNOWN,X2_CAUSAL_FORCE,total_traffic_bytes,544495792.0,bytes,density_matched_independent,results_hpca_xorflow/complete_suite/controls/arxiv_s17/format_controls.csv,78ac5e29a3fdd53b5587716605bcec7752c2558f035983d2b6d56d063c029170
matched_controls,ogbn_arxiv_deepres8_w128_s17__density_matched_independent,UNKNOWN,X2_CAUSAL_FORCE,traffic_ratio_to_beicsr,0.901901605574168,ratio,density_matched_independent,results_hpca_xorflow/complete_suite/controls/arxiv_s17/format_controls.csv,78ac5e29a3fdd53b5587716605bcec7752c2558f035983d2b6d56d063c029170
matched_controls,ogbn_arxiv_deepres8_w128_s17__density_matched_independent,UNKNOWN,X2_CAUSAL_FORCE,traffic_reduction_vs_beicsr,0.098098394425832,ratio,density_matched_independent,results_hpca_xorflow/complete_suite/controls/arxiv_s17/format_controls.csv,78ac5e29a3fdd53b5587716605bcec7752c2558f035983d2b6d56d063c029170
matched_controls,ogbn_arxiv_deepres8_w128_s17__density_matched_independent,UNKNOWN,X2_CAUSAL_FORCE,feature_cache_misses,6744325.0,count,density_matched_independent,results_hpca_xorflow/complete_suite/controls/arxiv_s17/format_controls.csv,78ac5e29a3fdd53b5587716605bcec7752c2558f035983d2b6d56d063c029170
matched_controls,ogbn_arxiv_deepres8_w128_s17__density_matched_independent,UNKNOWN,O0_OFFLINE_MAJORITY,total_traffic_bytes,603720304.0,bytes,density_matched_independent,results_hpca_xorflow/complete_suite/controls/arxiv_s17/format_controls.csv,78ac5e29a3fdd53b5587716605bcec7752c2558f035983d2b6d56d063c029170
matched_controls,ogbn_arxiv_deepres8_w128_s17__density_matched_independent,UNKNOWN,O0_OFFLINE_MAJORITY,traffic_ratio_to_beicsr,1.000000954085105,ratio,density_matched_independent,results_hpca_xorflow/complete_suite/controls/arxiv_s17/format_controls.csv,78ac5e29a3fdd53b5587716605bcec7752c2558f035983d2b6d56d063c029170
matched_controls,ogbn_arxiv_deepres8_w128_s17__density_matched_independent,UNKNOWN,O0_OFFLINE_MAJORITY,traffic_reduction_vs_beicsr,-9.540851049205656e-07,ratio,density_matched_independent,results_hpca_xorflow/complete_suite/controls/arxiv_s17/format_controls.csv,78ac5e29a3fdd53b5587716605bcec7752c2558f035983d2b6d56d063c029170
matched_controls,ogbn_arxiv_deepres8_w128_s17__density_matched_independent,UNKNOWN,O0_OFFLINE_MAJORITY,feature_cache_misses,7767841.0,count,density_matched_independent,results_hpca_xorflow/complete_suite/controls/arxiv_s17/format_controls.csv,78ac5e29a3fdd53b5587716605bcec7752c2558f035983d2b6d56d063c029170
matched_controls,ogbn_arxiv_deepres8_w128_s17__density_matched_independent,UNKNOWN,O1_FREE_SUPPORT,total_traffic_bytes,527730736.0,bytes,density_matched_independent,results_hpca_xorflow/complete_suite/controls/arxiv_s17/format_controls.csv,78ac5e29a3fdd53b5587716605bcec7752c2558f035983d2b6d56d063c029170
matched_controls,ogbn_arxiv_deepres8_w128_s17__density_matched_independent,UNKNOWN,O1_FREE_SUPPORT,traffic_ratio_to_beicsr,0.8741320045118685,ratio,density_matched_independent,results_hpca_xorflow/complete_suite/controls/arxiv_s17/format_controls.csv,78ac5e29a3fdd53b5587716605bcec7752c2558f035983d2b6d56d063c029170
matched_controls,ogbn_arxiv_deepres8_w128_s17__density_matched_independent,UNKNOWN,O1_FREE_SUPPORT,traffic_reduction_vs_beicsr,0.1258679954881315,ratio,density_matched_independent,results_hpca_xorflow/complete_suite/controls/arxiv_s17/format_controls.csv,78ac5e29a3fdd53b5587716605bcec7752c2558f035983d2b6d56d063c029170
matched_controls,ogbn_arxiv_deepres8_w128_s17__density_matched_independent,UNKNOWN,O1_FREE_SUPPORT,feature_cache_misses,6744325.0,count,density_matched_independent,results_hpca_xorflow/complete_suite/controls/arxiv_s17/format_controls.csv,78ac5e29a3fdd53b5587716605bcec7752c2558f035983d2b6d56d063c029170
matched_controls,ogbn_arxiv_deepres8_w128_s17__node_permuted_within_rcm_tile,UNKNOWN,DENSE,total_traffic_bytes,603773040.0,bytes,node_permuted_within_rcm_tile,results_hpca_xorflow/complete_suite/controls/arxiv_s17/format_controls.csv,78ac5e29a3fdd53b5587716605bcec7752c2558f035983d2b6d56d063c029170
matched_controls,ogbn_arxiv_deepres8_w128_s17__node_permuted_within_rcm_tile,UNKNOWN,DENSE,traffic_ratio_to_beicsr,1.0000466422174876,ratio,node_permuted_within_rcm_tile,results_hpca_xorflow/complete_suite/controls/arxiv_s17/format_controls.csv,78ac5e29a3fdd53b5587716605bcec7752c2558f035983d2b6d56d063c029170
matched_controls,ogbn_arxiv_deepres8_w128_s17__node_permuted_within_rcm_tile,UNKNOWN,DENSE,traffic_reduction_vs_beicsr,-4.664221748762465e-05,ratio,node_permuted_within_rcm_tile,results_hpca_xorflow/complete_suite/controls/arxiv_s17/format_controls.csv,78ac5e29a3fdd53b5587716605bcec7752c2558f035983d2b6d56d063c029170
matched_controls,ogbn_arxiv_deepres8_w128_s17__node_permuted_within_rcm_tile,UNKNOWN,DENSE,feature_cache_misses,7768592.0,count,node_permuted_within_rcm_tile,results_hpca_xorflow/complete_suite/controls/arxiv_s17/format_controls.csv,78ac5e29a3fdd53b5587716605bcec7752c2558f035983d2b6d56d063c029170
matched_controls,ogbn_arxiv_deepres8_w128_s17__node_permuted_within_rcm_tile,UNKNOWN,CSR32,total_traffic_bytes,1976439344.0,bytes,node_permuted_within_rcm_tile,results_hpca_xorflow/complete_suite/controls/arxiv_s17/format_controls.csv,78ac5e29a3fdd53b5587716605bcec7752c2558f035983d2b6d56d063c029170
matched_controls,ogbn_arxiv_deepres8_w128_s17__node_permuted_within_rcm_tile,UNKNOWN,CSR32,traffic_ratio_to_beicsr,3.2736333002111757,ratio,node_permuted_within_rcm_tile,results_hpca_xorflow/complete_suite/controls/arxiv_s17/format_controls.csv,78ac5e29a3fdd53b5587716605bcec7752c2558f035983d2b6d56d063c029170
matched_controls,ogbn_arxiv_deepres8_w128_s17__node_permuted_within_rcm_tile,UNKNOWN,CSR32,traffic_reduction_vs_beicsr,-2.2736333002111757,ratio,node_permuted_within_rcm_tile,results_hpca_xorflow/complete_suite/controls/arxiv_s17/format_controls.csv,78ac5e29a3fdd53b5587716605bcec7752c2558f035983d2b6d56d063c029170
matched_controls,ogbn_arxiv_deepres8_w128_s17__node_permuted_within_rcm_tile,UNKNOWN,CSR32,feature_cache_misses,26809995.0,count,node_permuted_within_rcm_tile,results_hpca_xorflow/complete_suite/controls/arxiv_s17/format_controls.csv,78ac5e29a3fdd53b5587716605bcec7752c2558f035983d2b6d56d063c029170
matched_controls,ogbn_arxiv_deepres8_w128_s17__node_permuted_within_rcm_tile,UNKNOWN,CSR_PACKED,total_traffic_bytes,862773808.0,bytes,node_permuted_within_rcm_tile,results_hpca_xorflow/complete_suite/controls/arxiv_s17/format_controls.csv,78ac5e29a3fdd53b5587716605bcec7752c2558f035983d2b6d56d063c029170
matched_controls,ogbn_arxiv_deepres8_w128_s17__node_permuted_within_rcm_tile,UNKNOWN,CSR_PACKED,traffic_ratio_to_beicsr,1.429037059494401,ratio,node_permuted_within_rcm_tile,results_hpca_xorflow/complete_suite/controls/arxiv_s17/format_controls.csv,78ac5e29a3fdd53b5587716605bcec7752c2558f035983d2b6d56d063c029170
matched_controls,ogbn_arxiv_deepres8_w128_s17__node_permuted_within_rcm_tile,UNKNOWN,CSR_PACKED,traffic_reduction_vs_beicsr,-0.4290370594944011,ratio,node_permuted_within_rcm_tile,results_hpca_xorflow/complete_suite/controls/arxiv_s17/format_controls.csv,78ac5e29a3fdd53b5587716605bcec7752c2558f035983d2b6d56d063c029170
matched_controls,ogbn_arxiv_deepres8_w128_s17__node_permuted_within_rcm_tile,UNKNOWN,CSR_PACKED,feature_cache_misses,11642121.0,count,node_permuted_within_rcm_tile,results_hpca_xorflow/complete_suite/controls/arxiv_s17/format_controls.csv,78ac5e29a3fdd53b5587716605bcec7752c2558f035983d2b6d56d063c029170
matched_controls,ogbn_arxiv_deepres8_w128_s17__node_permuted_within_rcm_tile,UNKNOWN,BEICSR,total_traffic_bytes,603744880.0,bytes,node_permuted_within_rcm_tile,results_hpca_xorflow/complete_suite/controls/arxiv_s17/format_controls.csv,78ac5e29a3fdd53b5587716605bcec7752c2558f035983d2b6d56d063c029170
matched_controls,ogbn_arxiv_deepres8_w128_s17__node_permuted_within_rcm_tile,UNKNOWN,BEICSR,traffic_ratio_to_beicsr,1.0,ratio,node_permuted_within_rcm_tile,results_hpca_xorflow/complete_suite/controls/arxiv_s17/format_controls.csv,78ac5e29a3fdd53b5587716605bcec7752c2558f035983d2b6d56d063c029170
matched_controls,ogbn_arxiv_deepres8_w128_s17__node_permuted_within_rcm_tile,UNKNOWN,BEICSR,traffic_reduction_vs_beicsr,0.0,ratio,node_permuted_within_rcm_tile,results_hpca_xorflow/complete_suite/controls/arxiv_s17/format_controls.csv,78ac5e29a3fdd53b5587716605bcec7752c2558f035983d2b6d56d063c029170
matched_controls,ogbn_arxiv_deepres8_w128_s17__node_permuted_within_rcm_tile,UNKNOWN,BEICSR,feature_cache_misses,7768162.0,count,node_permuted_within_rcm_tile,results_hpca_xorflow/complete_suite/controls/arxiv_s17/format_controls.csv,78ac5e29a3fdd53b5587716605bcec7752c2558f035983d2b6d56d063c029170
matched_controls,ogbn_arxiv_deepres8_w128_s17__node_permuted_within_rcm_tile,UNKNOWN,INDEPENDENT_BEST,total_traffic_bytes,843537520.0,bytes,node_permuted_within_rcm_tile,results_hpca_xorflow/complete_suite/controls/arxiv_s17/format_controls.csv,78ac5e29a3fdd53b5587716605bcec7752c2558f035983d2b6d56d063c029170
matched_controls,ogbn_arxiv_deepres8_w128_s17__node_permuted_within_rcm_tile,UNKNOWN,INDEPENDENT_BEST,traffic_ratio_to_beicsr,1.3971754427134853,ratio,node_permuted_within_rcm_tile,results_hpca_xorflow/complete_suite/controls/arxiv_s17/format_controls.csv,78ac5e29a3fdd53b5587716605bcec7752c2558f035983d2b6d56d063c029170
matched_controls,ogbn_arxiv_deepres8_w128_s17__node_permuted_within_rcm_tile,UNKNOWN,INDEPENDENT_BEST,traffic_reduction_vs_beicsr,-0.3971754427134852,ratio,node_permuted_within_rcm_tile,results_hpca_xorflow/complete_suite/controls/arxiv_s17/format_controls.csv,78ac5e29a3fdd53b5587716605bcec7752c2558f035983d2b6d56d063c029170
matched_controls,ogbn_arxiv_deepres8_w128_s17__node_permuted_within_rcm_tile,UNKNOWN,INDEPENDENT_BEST,feature_cache_misses,11470206.0,count,node_permuted_within_rcm_tile,results_hpca_xorflow/complete_suite/controls/arxiv_s17/format_controls.csv,78ac5e29a3fdd53b5587716605bcec7752c2558f035983d2b6d56d063c029170
matched_controls,ogbn_arxiv_deepres8_w128_s17__node_permuted_within_rcm_tile,UNKNOWN,X0_CAUSAL_INDEPENDENT,total_traffic_bytes,547292912.0,bytes,node_permuted_within_rcm_tile,results_hpca_xorflow/complete_suite/controls/arxiv_s17/format_controls.csv,78ac5e29a3fdd53b5587716605bcec7752c2558f035983d2b6d56d063c029170
matched_controls,ogbn_arxiv_deepres8_w128_s17__node_permuted_within_rcm_tile,UNKNOWN,X0_CAUSAL_INDEPENDENT,traffic_ratio_to_beicsr,0.9064969826327968,ratio,node_permuted_within_rcm_tile,results_hpca_xorflow/complete_suite/controls/arxiv_s17/format_controls.csv,78ac5e29a3fdd53b5587716605bcec7752c2558f035983d2b6d56d063c029170
matched_controls,ogbn_arxiv_deepres8_w128_s17__node_permuted_within_rcm_tile,UNKNOWN,X0_CAUSAL_INDEPENDENT,traffic_reduction_vs_beicsr,0.0935030173672032,ratio,node_permuted_within_rcm_tile,results_hpca_xorflow/complete_suite/controls/arxiv_s17/format_controls.csv,78ac5e29a3fdd53b5587716605bcec7752c2558f035983d2b6d56d063c029170
matched_controls,ogbn_arxiv_deepres8_w128_s17__node_permuted_within_rcm_tile,UNKNOWN,X0_CAUSAL_INDEPENDENT,feature_cache_misses,6758342.0,count,node_permuted_within_rcm_tile,results_hpca_xorflow/complete_suite/controls/arxiv_s17/format_controls.csv,78ac5e29a3fdd53b5587716605bcec7752c2558f035983d2b6d56d063c029170
matched_controls,ogbn_arxiv_deepres8_w128_s17__node_permuted_within_rcm_tile,UNKNOWN,X1_CAUSAL_AUTO,total_traffic_bytes,546481520.0,bytes,node_permuted_within_rcm_tile,results_hpca_xorflow/complete_suite/controls/arxiv_s17/format_controls.csv,78ac5e29a3fdd53b5587716605bcec7752c2558f035983d2b6d56d063c029170
matched_controls,ogbn_arxiv_deepres8_w128_s17__node_permuted_within_rcm_tile,UNKNOWN,X1_CAUSAL_AUTO,traffic_ratio_to_beicsr,0.9051530507389148,ratio,node_permuted_within_rcm_tile,results_hpca_xorflow/complete_suite/controls/arxiv_s17/format_controls.csv,78ac5e29a3fdd53b5587716605bcec7752c2558f035983d2b6d56d063c029170
matched_controls,ogbn_arxiv_deepres8_w128_s17__node_permuted_within_rcm_tile,UNKNOWN,X1_CAUSAL_AUTO,traffic_reduction_vs_beicsr,0.0948469492610852,ratio,node_permuted_within_rcm_tile,results_hpca_xorflow/complete_suite/controls/arxiv_s17/format_controls.csv,78ac5e29a3fdd53b5587716605bcec7752c2558f035983d2b6d56d063c029170
matched_controls,ogbn_arxiv_deepres8_w128_s17__node_permuted_within_rcm_tile,UNKNOWN,X1_CAUSAL_AUTO,feature_cache_misses,6758342.0,count,node_permuted_within_rcm_tile,results_hpca_xorflow/complete_suite/controls/arxiv_s17/format_controls.csv,78ac5e29a3fdd53b5587716605bcec7752c2558f035983d2b6d56d063c029170
matched_controls,ogbn_arxiv_deepres8_w128_s17__node_permuted_within_rcm_tile,UNKNOWN,X2_CAUSAL_FORCE,total_traffic_bytes,546481520.0,bytes,node_permuted_within_rcm_tile,results_hpca_xorflow/complete_suite/controls/arxiv_s17/format_controls.csv,78ac5e29a3fdd53b5587716605bcec7752c2558f035983d2b6d56d063c029170
matched_controls,ogbn_arxiv_deepres8_w128_s17__node_permuted_within_rcm_tile,UNKNOWN,X2_CAUSAL_FORCE,traffic_ratio_to_beicsr,0.9051530507389148,ratio,node_permuted_within_rcm_tile,results_hpca_xorflow/complete_suite/controls/arxiv_s17/format_controls.csv,78ac5e29a3fdd53b5587716605bcec7752c2558f035983d2b6d56d063c029170
matched_controls,ogbn_arxiv_deepres8_w128_s17__node_permuted_within_rcm_tile,UNKNOWN,X2_CAUSAL_FORCE,traffic_reduction_vs_beicsr,0.0948469492610852,ratio,node_permuted_within_rcm_tile,results_hpca_xorflow/complete_suite/controls/arxiv_s17/format_controls.csv,78ac5e29a3fdd53b5587716605bcec7752c2558f035983d2b6d56d063c029170
matched_controls,ogbn_arxiv_deepres8_w128_s17__node_permuted_within_rcm_tile,UNKNOWN,X2_CAUSAL_FORCE,feature_cache_misses,6758342.0,count,node_permuted_within_rcm_tile,results_hpca_xorflow/complete_suite/controls/arxiv_s17/format_controls.csv,78ac5e29a3fdd53b5587716605bcec7752c2558f035983d2b6d56d063c029170
matched_controls,ogbn_arxiv_deepres8_w128_s17__node_permuted_within_rcm_tile,UNKNOWN,O0_OFFLINE_MAJORITY,total_traffic_bytes,603745456.0,bytes,node_permuted_within_rcm_tile,results_hpca_xorflow/complete_suite/controls/arxiv_s17/format_controls.csv,78ac5e29a3fdd53b5587716605bcec7752c2558f035983d2b6d56d063c029170
matched_controls,ogbn_arxiv_deepres8_w128_s17__node_permuted_within_rcm_tile,UNKNOWN,O0_OFFLINE_MAJORITY,traffic_ratio_to_beicsr,1.0000009540453576,ratio,node_permuted_within_rcm_tile,results_hpca_xorflow/complete_suite/controls/arxiv_s17/format_controls.csv,78ac5e29a3fdd53b5587716605bcec7752c2558f035983d2b6d56d063c029170
matched_controls,ogbn_arxiv_deepres8_w128_s17__node_permuted_within_rcm_tile,UNKNOWN,O0_OFFLINE_MAJORITY,traffic_reduction_vs_beicsr,-9.540453576040164e-07,ratio,node_permuted_within_rcm_tile,results_hpca_xorflow/complete_suite/controls/arxiv_s17/format_controls.csv,78ac5e29a3fdd53b5587716605bcec7752c2558f035983d2b6d56d063c029170
matched_controls,ogbn_arxiv_deepres8_w128_s17__node_permuted_within_rcm_tile,UNKNOWN,O0_OFFLINE_MAJORITY,feature_cache_misses,7768162.0,count,node_permuted_within_rcm_tile,results_hpca_xorflow/complete_suite/controls/arxiv_s17/format_controls.csv,78ac5e29a3fdd53b5587716605bcec7752c2558f035983d2b6d56d063c029170
matched_controls,ogbn_arxiv_deepres8_w128_s17__node_permuted_within_rcm_tile,UNKNOWN,O1_FREE_SUPPORT,total_traffic_bytes,529766000.0,bytes,node_permuted_within_rcm_tile,results_hpca_xorflow/complete_suite/controls/arxiv_s17/format_controls.csv,78ac5e29a3fdd53b5587716605bcec7752c2558f035983d2b6d56d063c029170
matched_controls,ogbn_arxiv_deepres8_w128_s17__node_permuted_within_rcm_tile,UNKNOWN,O1_FREE_SUPPORT,traffic_ratio_to_beicsr,0.8774666544584195,ratio,node_permuted_within_rcm_tile,results_hpca_xorflow/complete_suite/controls/arxiv_s17/format_controls.csv,78ac5e29a3fdd53b5587716605bcec7752c2558f035983d2b6d56d063c029170
matched_controls,ogbn_arxiv_deepres8_w128_s17__node_permuted_within_rcm_tile,UNKNOWN,O1_FREE_SUPPORT,traffic_reduction_vs_beicsr,0.1225333455415804,ratio,node_permuted_within_rcm_tile,results_hpca_xorflow/complete_suite/controls/arxiv_s17/format_controls.csv,78ac5e29a3fdd53b5587716605bcec7752c2558f035983d2b6d56d063c029170
matched_controls,ogbn_arxiv_deepres8_w128_s17__node_permuted_within_rcm_tile,UNKNOWN,O1_FREE_SUPPORT,feature_cache_misses,6758342.0,count,node_permuted_within_rcm_tile,results_hpca_xorflow/complete_suite/controls/arxiv_s17/format_controls.csv,78ac5e29a3fdd53b5587716605bcec7752c2558f035983d2b6d56d063c029170
matched_controls,ogbn_arxiv_deepres8_w128_s17__temporally_shuffled,UNKNOWN,DENSE,total_traffic_bytes,603773040.0,bytes,temporally_shuffled,results_hpca_xorflow/complete_suite/controls/arxiv_s17/format_controls.csv,78ac5e29a3fdd53b5587716605bcec7752c2558f035983d2b6d56d063c029170
matched_controls,ogbn_arxiv_deepres8_w128_s17__temporally_shuffled,UNKNOWN,DENSE,traffic_ratio_to_beicsr,1.0001772635767583,ratio,temporally_shuffled,results_hpca_xorflow/complete_suite/controls/arxiv_s17/format_controls.csv,78ac5e29a3fdd53b5587716605bcec7752c2558f035983d2b6d56d063c029170
matched_controls,ogbn_arxiv_deepres8_w128_s17__temporally_shuffled,UNKNOWN,DENSE,traffic_reduction_vs_beicsr,-0.0001772635767585,ratio,temporally_shuffled,results_hpca_xorflow/complete_suite/controls/arxiv_s17/format_controls.csv,78ac5e29a3fdd53b5587716605bcec7752c2558f035983d2b6d56d063c029170
matched_controls,ogbn_arxiv_deepres8_w128_s17__temporally_shuffled,UNKNOWN,DENSE,feature_cache_misses,7768592.0,count,temporally_shuffled,results_hpca_xorflow/complete_suite/controls/arxiv_s17/format_controls.csv,78ac5e29a3fdd53b5587716605bcec7752c2558f035983d2b6d56d063c029170
matched_controls,ogbn_arxiv_deepres8_w128_s17__temporally_shuffled,UNKNOWN,CSR32,total_traffic_bytes,1987130352.0,bytes,temporally_shuffled,results_hpca_xorflow/complete_suite/controls/arxiv_s17/format_controls.csv,78ac5e29a3fdd53b5587716605bcec7752c2558f035983d2b6d56d063c029170
matched_controls,ogbn_arxiv_deepres8_w128_s17__temporally_shuffled,UNKNOWN,CSR32,traffic_ratio_to_beicsr,3.291771023485383,ratio,temporally_shuffled,results_hpca_xorflow/complete_suite/controls/arxiv_s17/format_controls.csv,78ac5e29a3fdd53b5587716605bcec7752c2558f035983d2b6d56d063c029170
matched_controls,ogbn_arxiv_deepres8_w128_s17__temporally_shuffled,UNKNOWN,CSR32,traffic_reduction_vs_beicsr,-2.291771023485383,ratio,temporally_shuffled,results_hpca_xorflow/complete_suite/controls/arxiv_s17/format_controls.csv,78ac5e29a3fdd53b5587716605bcec7752c2558f035983d2b6d56d063c029170
matched_controls,ogbn_arxiv_deepres8_w128_s17__temporally_shuffled,UNKNOWN,CSR32,feature_cache_misses,26943898.0,count,temporally_shuffled,results_hpca_xorflow/complete_suite/controls/arxiv_s17/format_controls.csv,78ac5e29a3fdd53b5587716605bcec7752c2558f035983d2b6d56d063c029170
matched_controls,ogbn_arxiv_deepres8_w128_s17__temporally_shuffled,UNKNOWN,CSR_PACKED,total_traffic_bytes,916974960.0,bytes,temporally_shuffled,results_hpca_xorflow/complete_suite/controls/arxiv_s17/format_controls.csv,78ac5e29a3fdd53b5587716605bcec7752c2558f035983d2b6d56d063c029170
matched_controls,ogbn_arxiv_deepres8_w128_s17__temporally_shuffled,UNKNOWN,CSR_PACKED,traffic_ratio_to_beicsr,1.5190103656519802,ratio,temporally_shuffled,results_hpca_xorflow/complete_suite/controls/arxiv_s17/format_controls.csv,78ac5e29a3fdd53b5587716605bcec7752c2558f035983d2b6d56d063c029170
matched_controls,ogbn_arxiv_deepres8_w128_s17__temporally_shuffled,UNKNOWN,CSR_PACKED,traffic_reduction_vs_beicsr,-0.5190103656519802,ratio,temporally_shuffled,results_hpca_xorflow/complete_suite/controls/arxiv_s17/format_controls.csv,78ac5e29a3fdd53b5587716605bcec7752c2558f035983d2b6d56d063c029170
matched_controls,ogbn_arxiv_deepres8_w128_s17__temporally_shuffled,UNKNOWN,CSR_PACKED,feature_cache_misses,12363576.0,count,temporally_shuffled,results_hpca_xorflow/complete_suite/controls/arxiv_s17/format_controls.csv,78ac5e29a3fdd53b5587716605bcec7752c2558f035983d2b6d56d063c029170
matched_controls,ogbn_arxiv_deepres8_w128_s17__temporally_shuffled,UNKNOWN,BEICSR,total_traffic_bytes,603666032.0,bytes,temporally_shuffled,results_hpca_xorflow/complete_suite/controls/arxiv_s17/format_controls.csv,78ac5e29a3fdd53b5587716605bcec7752c2558f035983d2b6d56d063c029170
matched_controls,ogbn_arxiv_deepres8_w128_s17__temporally_shuffled,UNKNOWN,BEICSR,traffic_ratio_to_beicsr,1.0,ratio,temporally_shuffled,results_hpca_xorflow/complete_suite/controls/arxiv_s17/format_controls.csv,78ac5e29a3fdd53b5587716605bcec7752c2558f035983d2b6d56d063c029170
matched_controls,ogbn_arxiv_deepres8_w128_s17__temporally_shuffled,UNKNOWN,BEICSR,traffic_reduction_vs_beicsr,0.0,ratio,temporally_shuffled,results_hpca_xorflow/complete_suite/controls/arxiv_s17/format_controls.csv,78ac5e29a3fdd53b5587716605bcec7752c2558f035983d2b6d56d063c029170
matched_controls,ogbn_arxiv_deepres8_w128_s17__temporally_shuffled,UNKNOWN,BEICSR,feature_cache_misses,7767056.0,count,temporally_shuffled,results_hpca_xorflow/complete_suite/controls/arxiv_s17/format_controls.csv,78ac5e29a3fdd53b5587716605bcec7752c2558f035983d2b6d56d063c029170
matched_controls,ogbn_arxiv_deepres8_w128_s17__temporally_shuffled,UNKNOWN,INDEPENDENT_BEST,total_traffic_bytes,841274544.0,bytes,temporally_shuffled,results_hpca_xorflow/complete_suite/controls/arxiv_s17/format_controls.csv,78ac5e29a3fdd53b5587716605bcec7752c2558f035983d2b6d56d063c029170
matched_controls,ogbn_arxiv_deepres8_w128_s17__temporally_shuffled,UNKNOWN,INDEPENDENT_BEST,traffic_ratio_to_beicsr,1.393609213380421,ratio,temporally_shuffled,results_hpca_xorflow/complete_suite/controls/arxiv_s17/format_controls.csv,78ac5e29a3fdd53b5587716605bcec7752c2558f035983d2b6d56d063c029170
matched_controls,ogbn_arxiv_deepres8_w128_s17__temporally_shuffled,UNKNOWN,INDEPENDENT_BEST,traffic_reduction_vs_beicsr,-0.393609213380421,ratio,temporally_shuffled,results_hpca_xorflow/complete_suite/controls/arxiv_s17/format_controls.csv,78ac5e29a3fdd53b5587716605bcec7752c2558f035983d2b6d56d063c029170
matched_controls,ogbn_arxiv_deepres8_w128_s17__temporally_shuffled,UNKNOWN,INDEPENDENT_BEST,feature_cache_misses,11438135.0,count,temporally_shuffled,results_hpca_xorflow/complete_suite/controls/arxiv_s17/format_controls.csv,78ac5e29a3fdd53b5587716605bcec7752c2558f035983d2b6d56d063c029170
matched_controls,ogbn_arxiv_deepres8_w128_s17__temporally_shuffled,UNKNOWN,X0_CAUSAL_INDEPENDENT,total_traffic_bytes,505650864.0,bytes,temporally_shuffled,results_hpca_xorflow/complete_suite/controls/arxiv_s17/format_controls.csv,78ac5e29a3fdd53b5587716605bcec7752c2558f035983d2b6d56d063c029170
matched_controls,ogbn_arxiv_deepres8_w128_s17__temporally_shuffled,UNKNOWN,X0_CAUSAL_INDEPENDENT,traffic_ratio_to_beicsr,0.8376334549166748,ratio,temporally_shuffled,results_hpca_xorflow/complete_suite/controls/arxiv_s17/format_controls.csv,78ac5e29a3fdd53b5587716605bcec7752c2558f035983d2b6d56d063c029170
matched_controls,ogbn_arxiv_deepres8_w128_s17__temporally_shuffled,UNKNOWN,X0_CAUSAL_INDEPENDENT,traffic_reduction_vs_beicsr,0.1623665450833251,ratio,temporally_shuffled,results_hpca_xorflow/complete_suite/controls/arxiv_s17/format_controls.csv,78ac5e29a3fdd53b5587716605bcec7752c2558f035983d2b6d56d063c029170
matched_controls,ogbn_arxiv_deepres8_w128_s17__temporally_shuffled,UNKNOWN,X0_CAUSAL_INDEPENDENT,feature_cache_misses,6189475.0,count,temporally_shuffled,results_hpca_xorflow/complete_suite/controls/arxiv_s17/format_controls.csv,78ac5e29a3fdd53b5587716605bcec7752c2558f035983d2b6d56d063c029170
matched_controls,ogbn_arxiv_deepres8_w128_s17__temporally_shuffled,UNKNOWN,X1_CAUSAL_AUTO,total_traffic_bytes,504854256.0,bytes,temporally_shuffled,results_hpca_xorflow/complete_suite/controls/arxiv_s17/format_controls.csv,78ac5e29a3fdd53b5587716605bcec7752c2558f035983d2b6d56d063c029170
matched_controls,ogbn_arxiv_deepres8_w128_s17__temporally_shuffled,UNKNOWN,X1_CAUSAL_AUTO,traffic_ratio_to_beicsr,0.836313837847348,ratio,temporally_shuffled,results_hpca_xorflow/complete_suite/controls/arxiv_s17/format_controls.csv,78ac5e29a3fdd53b5587716605bcec7752c2558f035983d2b6d56d063c029170
matched_controls,ogbn_arxiv_deepres8_w128_s17__temporally_shuffled,UNKNOWN,X1_CAUSAL_AUTO,traffic_reduction_vs_beicsr,0.1636861621526519,ratio,temporally_shuffled,results_hpca_xorflow/complete_suite/controls/arxiv_s17/format_controls.csv,78ac5e29a3fdd53b5587716605bcec7752c2558f035983d2b6d56d063c029170
matched_controls,ogbn_arxiv_deepres8_w128_s17__temporally_shuffled,UNKNOWN,X1_CAUSAL_AUTO,feature_cache_misses,6189475.0,count,temporally_shuffled,results_hpca_xorflow/complete_suite/controls/arxiv_s17/format_controls.csv,78ac5e29a3fdd53b5587716605bcec7752c2558f035983d2b6d56d063c029170
matched_controls,ogbn_arxiv_deepres8_w128_s17__temporally_shuffled,UNKNOWN,X2_CAUSAL_FORCE,total_traffic_bytes,504854256.0,bytes,temporally_shuffled,results_hpca_xorflow/complete_suite/controls/arxiv_s17/format_controls.csv,78ac5e29a3fdd53b5587716605bcec7752c2558f035983d2b6d56d063c029170
matched_controls,ogbn_arxiv_deepres8_w128_s17__temporally_shuffled,UNKNOWN,X2_CAUSAL_FORCE,traffic_ratio_to_beicsr,0.836313837847348,ratio,temporally_shuffled,results_hpca_xorflow/complete_suite/controls/arxiv_s17/format_controls.csv,78ac5e29a3fdd53b5587716605bcec7752c2558f035983d2b6d56d063c029170
matched_controls,ogbn_arxiv_deepres8_w128_s17__temporally_shuffled,UNKNOWN,X2_CAUSAL_FORCE,traffic_reduction_vs_beicsr,0.1636861621526519,ratio,temporally_shuffled,results_hpca_xorflow/complete_suite/controls/arxiv_s17/format_controls.csv,78ac5e29a3fdd53b5587716605bcec7752c2558f035983d2b6d56d063c029170
matched_controls,ogbn_arxiv_deepres8_w128_s17__temporally_shuffled,UNKNOWN,X2_CAUSAL_FORCE,feature_cache_misses,6189475.0,count,temporally_shuffled,results_hpca_xorflow/complete_suite/controls/arxiv_s17/format_controls.csv,78ac5e29a3fdd53b5587716605bcec7752c2558f035983d2b6d56d063c029170
matched_controls,ogbn_arxiv_deepres8_w128_s17__temporally_shuffled,UNKNOWN,O0_OFFLINE_MAJORITY,total_traffic_bytes,603666608.0,bytes,temporally_shuffled,results_hpca_xorflow/complete_suite/controls/arxiv_s17/format_controls.csv,78ac5e29a3fdd53b5587716605bcec7752c2558f035983d2b6d56d063c029170
matched_controls,ogbn_arxiv_deepres8_w128_s17__temporally_shuffled,UNKNOWN,O0_OFFLINE_MAJORITY,traffic_ratio_to_beicsr,1.0000009541699706,ratio,temporally_shuffled,results_hpca_xorflow/complete_suite/controls/arxiv_s17/format_controls.csv,78ac5e29a3fdd53b5587716605bcec7752c2558f035983d2b6d56d063c029170
matched_controls,ogbn_arxiv_deepres8_w128_s17__temporally_shuffled,UNKNOWN,O0_OFFLINE_MAJORITY,traffic_reduction_vs_beicsr,-9.541699705906126e-07,ratio,temporally_shuffled,results_hpca_xorflow/complete_suite/controls/arxiv_s17/format_controls.csv,78ac5e29a3fdd53b5587716605bcec7752c2558f035983d2b6d56d063c029170
matched_controls,ogbn_arxiv_deepres8_w128_s17__temporally_shuffled,UNKNOWN,O0_OFFLINE_MAJORITY,feature_cache_misses,7767056.0,count,temporally_shuffled,results_hpca_xorflow/complete_suite/controls/arxiv_s17/format_controls.csv,78ac5e29a3fdd53b5587716605bcec7752c2558f035983d2b6d56d063c029170
matched_controls,ogbn_arxiv_deepres8_w128_s17__temporally_shuffled,UNKNOWN,O1_FREE_SUPPORT,total_traffic_bytes,488123952.0,bytes,temporally_shuffled,results_hpca_xorflow/complete_suite/controls/arxiv_s17/format_controls.csv,78ac5e29a3fdd53b5587716605bcec7752c2558f035983d2b6d56d063c029170
matched_controls,ogbn_arxiv_deepres8_w128_s17__temporally_shuffled,UNKNOWN,O1_FREE_SUPPORT,traffic_ratio_to_beicsr,0.8085993349382296,ratio,temporally_shuffled,results_hpca_xorflow/complete_suite/controls/arxiv_s17/format_controls.csv,78ac5e29a3fdd53b5587716605bcec7752c2558f035983d2b6d56d063c029170
matched_controls,ogbn_arxiv_deepres8_w128_s17__temporally_shuffled,UNKNOWN,O1_FREE_SUPPORT,traffic_reduction_vs_beicsr,0.1914006650617704,ratio,temporally_shuffled,results_hpca_xorflow/complete_suite/controls/arxiv_s17/format_controls.csv,78ac5e29a3fdd53b5587716605bcec7752c2558f035983d2b6d56d063c029170
matched_controls,ogbn_arxiv_deepres8_w128_s17__temporally_shuffled,UNKNOWN,O1_FREE_SUPPORT,feature_cache_misses,6189475.0,count,temporally_shuffled,results_hpca_xorflow/complete_suite/controls/arxiv_s17/format_controls.csv,78ac5e29a3fdd53b5587716605bcec7752c2558f035983d2b6d56d063c029170
matched_controls,reddit_deepres8_w128_s7_native__real_trained,UNKNOWN,DENSE,total_traffic_bytes,29006252752.0,bytes,real_trained,results_hpca_xorflow/complete_suite/controls/reddit/format_controls.csv,895e5f3c7692c37e97aa7472efa544ff658d0b04245f00a80c2a73ed39e0698c
matched_controls,reddit_deepres8_w128_s7_native__real_trained,UNKNOWN,DENSE,traffic_ratio_to_beicsr,1.01120409336781,ratio,real_trained,results_hpca_xorflow/complete_suite/controls/reddit/format_controls.csv,895e5f3c7692c37e97aa7472efa544ff658d0b04245f00a80c2a73ed39e0698c
matched_controls,reddit_deepres8_w128_s7_native__real_trained,UNKNOWN,DENSE,traffic_reduction_vs_beicsr,-0.0112040933678099,ratio,real_trained,results_hpca_xorflow/complete_suite/controls/reddit/format_controls.csv,895e5f3c7692c37e97aa7472efa544ff658d0b04245f00a80c2a73ed39e0698c
matched_controls,reddit_deepres8_w128_s7_native__real_trained,UNKNOWN,DENSE,feature_cache_misses,437002872.0,count,real_trained,results_hpca_xorflow/complete_suite/controls/reddit/format_controls.csv,895e5f3c7692c37e97aa7472efa544ff658d0b04245f00a80c2a73ed39e0698c
matched_controls,reddit_deepres8_w128_s7_native__real_trained,UNKNOWN,CSR32,total_traffic_bytes,86535843984.0,bytes,real_trained,results_hpca_xorflow/complete_suite/controls/reddit/format_controls.csv,895e5f3c7692c37e97aa7472efa544ff658d0b04245f00a80c2a73ed39e0698c
matched_controls,reddit_deepres8_w128_s7_native__real_trained,UNKNOWN,CSR32,traffic_ratio_to_beicsr,3.016777120706342,ratio,real_trained,results_hpca_xorflow/complete_suite/controls/reddit/format_controls.csv,895e5f3c7692c37e97aa7472efa544ff658d0b04245f00a80c2a73ed39e0698c
matched_controls,reddit_deepres8_w128_s7_native__real_trained,UNKNOWN,CSR32,traffic_reduction_vs_beicsr,-2.016777120706342,ratio,real_trained,results_hpca_xorflow/complete_suite/controls/reddit/format_controls.csv,895e5f3c7692c37e97aa7472efa544ff658d0b04245f00a80c2a73ed39e0698c
matched_controls,reddit_deepres8_w128_s7_native__real_trained,UNKNOWN,CSR32,feature_cache_misses,1333001997.0,count,real_trained,results_hpca_xorflow/complete_suite/controls/reddit/format_controls.csv,895e5f3c7692c37e97aa7472efa544ff658d0b04245f00a80c2a73ed39e0698c
matched_controls,reddit_deepres8_w128_s7_native__real_trained,UNKNOWN,CSR_PACKED,total_traffic_bytes,40363249872.0,bytes,real_trained,results_hpca_xorflow/complete_suite/controls/reddit/format_controls.csv,895e5f3c7692c37e97aa7472efa544ff658d0b04245f00a80c2a73ed39e0698c
matched_controls,reddit_deepres8_w128_s7_native__real_trained,UNKNOWN,CSR_PACKED,traffic_ratio_to_beicsr,1.4071270715718311,ratio,real_trained,results_hpca_xorflow/complete_suite/controls/reddit/format_controls.csv,895e5f3c7692c37e97aa7472efa544ff658d0b04245f00a80c2a73ed39e0698c
matched_controls,reddit_deepres8_w128_s7_native__real_trained,UNKNOWN,CSR_PACKED,traffic_reduction_vs_beicsr,-0.4071270715718311,ratio,real_trained,results_hpca_xorflow/complete_suite/controls/reddit/format_controls.csv,895e5f3c7692c37e97aa7472efa544ff658d0b04245f00a80c2a73ed39e0698c
matched_controls,reddit_deepres8_w128_s7_native__real_trained,UNKNOWN,CSR_PACKED,feature_cache_misses,614346580.0,count,real_trained,results_hpca_xorflow/complete_suite/controls/reddit/format_controls.csv,895e5f3c7692c37e97aa7472efa544ff658d0b04245f00a80c2a73ed39e0698c
matched_controls,reddit_deepres8_w128_s7_native__real_trained,UNKNOWN,BEICSR,total_traffic_bytes,28684864848.0,bytes,real_trained,results_hpca_xorflow/complete_suite/controls/reddit/format_controls.csv,895e5f3c7692c37e97aa7472efa544ff658d0b04245f00a80c2a73ed39e0698c
matched_controls,reddit_deepres8_w128_s7_native__real_trained,UNKNOWN,BEICSR,traffic_ratio_to_beicsr,1.0,ratio,real_trained,results_hpca_xorflow/complete_suite/controls/reddit/format_controls.csv,895e5f3c7692c37e97aa7472efa544ff658d0b04245f00a80c2a73ed39e0698c
matched_controls,reddit_deepres8_w128_s7_native__real_trained,UNKNOWN,BEICSR,traffic_reduction_vs_beicsr,0.0,ratio,real_trained,results_hpca_xorflow/complete_suite/controls/reddit/format_controls.csv,895e5f3c7692c37e97aa7472efa544ff658d0b04245f00a80c2a73ed39e0698c
matched_controls,reddit_deepres8_w128_s7_native__real_trained,UNKNOWN,BEICSR,feature_cache_misses,432023962.0,count,real_trained,results_hpca_xorflow/complete_suite/controls/reddit/format_controls.csv,895e5f3c7692c37e97aa7472efa544ff658d0b04245f00a80c2a73ed39e0698c
matched_controls,reddit_deepres8_w128_s7_native__real_trained,UNKNOWN,INDEPENDENT_BEST,total_traffic_bytes,42822548816.0,bytes,real_trained,results_hpca_xorflow/complete_suite/controls/reddit/format_controls.csv,895e5f3c7692c37e97aa7472efa544ff658d0b04245f00a80c2a73ed39e0698c
matched_controls,reddit_deepres8_w128_s7_native__real_trained,UNKNOWN,INDEPENDENT_BEST,traffic_ratio_to_beicsr,1.49286214325621,ratio,real_trained,results_hpca_xorflow/complete_suite/controls/reddit/format_controls.csv,895e5f3c7692c37e97aa7472efa544ff658d0b04245f00a80c2a73ed39e0698c
matched_controls,reddit_deepres8_w128_s7_native__real_trained,UNKNOWN,INDEPENDENT_BEST,traffic_reduction_vs_beicsr,-0.4928621432562101,ratio,real_trained,results_hpca_xorflow/complete_suite/controls/reddit/format_controls.csv,895e5f3c7692c37e97aa7472efa544ff658d0b04245f00a80c2a73ed39e0698c
matched_controls,reddit_deepres8_w128_s7_native__real_trained,UNKNOWN,INDEPENDENT_BEST,feature_cache_misses,652905788.0,count,real_trained,results_hpca_xorflow/complete_suite/controls/reddit/format_controls.csv,895e5f3c7692c37e97aa7472efa544ff658d0b04245f00a80c2a73ed39e0698c
matched_controls,reddit_deepres8_w128_s7_native__real_trained,UNKNOWN,X0_CAUSAL_INDEPENDENT,total_traffic_bytes,18113589840.0,bytes,real_trained,results_hpca_xorflow/complete_suite/controls/reddit/format_controls.csv,895e5f3c7692c37e97aa7472efa544ff658d0b04245f00a80c2a73ed39e0698c
matched_controls,reddit_deepres8_w128_s7_native__real_trained,UNKNOWN,X0_CAUSAL_INDEPENDENT,traffic_ratio_to_beicsr,0.6314685439859389,ratio,real_trained,results_hpca_xorflow/complete_suite/controls/reddit/format_controls.csv,895e5f3c7692c37e97aa7472efa544ff658d0b04245f00a80c2a73ed39e0698c
matched_controls,reddit_deepres8_w128_s7_native__real_trained,UNKNOWN,X0_CAUSAL_INDEPENDENT,traffic_reduction_vs_beicsr,0.3685314560140611,ratio,real_trained,results_hpca_xorflow/complete_suite/controls/reddit/format_controls.csv,895e5f3c7692c37e97aa7472efa544ff658d0b04245f00a80c2a73ed39e0698c
matched_controls,reddit_deepres8_w128_s7_native__real_trained,UNKNOWN,X0_CAUSAL_INDEPENDENT,feature_cache_misses,267038982.0,count,real_trained,results_hpca_xorflow/complete_suite/controls/reddit/format_controls.csv,895e5f3c7692c37e97aa7472efa544ff658d0b04245f00a80c2a73ed39e0698c
matched_controls,reddit_deepres8_w128_s7_native__real_trained,UNKNOWN,X1_CAUSAL_AUTO,total_traffic_bytes,18112078800.0,bytes,real_trained,results_hpca_xorflow/complete_suite/controls/reddit/format_controls.csv,895e5f3c7692c37e97aa7472efa544ff658d0b04245f00a80c2a73ed39e0698c
matched_controls,reddit_deepres8_w128_s7_native__real_trained,UNKNOWN,X1_CAUSAL_AUTO,traffic_ratio_to_beicsr,0.6314158667288555,ratio,real_trained,results_hpca_xorflow/complete_suite/controls/reddit/format_controls.csv,895e5f3c7692c37e97aa7472efa544ff658d0b04245f00a80c2a73ed39e0698c
matched_controls,reddit_deepres8_w128_s7_native__real_trained,UNKNOWN,X1_CAUSAL_AUTO,traffic_reduction_vs_beicsr,0.3685841332711445,ratio,real_trained,results_hpca_xorflow/complete_suite/controls/reddit/format_controls.csv,895e5f3c7692c37e97aa7472efa544ff658d0b04245f00a80c2a73ed39e0698c
matched_controls,reddit_deepres8_w128_s7_native__real_trained,UNKNOWN,X1_CAUSAL_AUTO,feature_cache_misses,267038982.0,count,real_trained,results_hpca_xorflow/complete_suite/controls/reddit/format_controls.csv,895e5f3c7692c37e97aa7472efa544ff658d0b04245f00a80c2a73ed39e0698c
matched_controls,reddit_deepres8_w128_s7_native__real_trained,UNKNOWN,X2_CAUSAL_FORCE,total_traffic_bytes,18112078800.0,bytes,real_trained,results_hpca_xorflow/complete_suite/controls/reddit/format_controls.csv,895e5f3c7692c37e97aa7472efa544ff658d0b04245f00a80c2a73ed39e0698c
matched_controls,reddit_deepres8_w128_s7_native__real_trained,UNKNOWN,X2_CAUSAL_FORCE,traffic_ratio_to_beicsr,0.6314158667288555,ratio,real_trained,results_hpca_xorflow/complete_suite/controls/reddit/format_controls.csv,895e5f3c7692c37e97aa7472efa544ff658d0b04245f00a80c2a73ed39e0698c
matched_controls,reddit_deepres8_w128_s7_native__real_trained,UNKNOWN,X2_CAUSAL_FORCE,traffic_reduction_vs_beicsr,0.3685841332711445,ratio,real_trained,results_hpca_xorflow/complete_suite/controls/reddit/format_controls.csv,895e5f3c7692c37e97aa7472efa544ff658d0b04245f00a80c2a73ed39e0698c
matched_controls,reddit_deepres8_w128_s7_native__real_trained,UNKNOWN,X2_CAUSAL_FORCE,feature_cache_misses,267038982.0,count,real_trained,results_hpca_xorflow/complete_suite/controls/reddit/format_controls.csv,895e5f3c7692c37e97aa7472efa544ff658d0b04245f00a80c2a73ed39e0698c
matched_controls,reddit_deepres8_w128_s7_native__real_trained,UNKNOWN,O0_OFFLINE_MAJORITY,total_traffic_bytes,18111846096.0,bytes,real_trained,results_hpca_xorflow/complete_suite/controls/reddit/format_controls.csv,895e5f3c7692c37e97aa7472efa544ff658d0b04245f00a80c2a73ed39e0698c
matched_controls,reddit_deepres8_w128_s7_native__real_trained,UNKNOWN,O0_OFFLINE_MAJORITY,traffic_ratio_to_beicsr,0.6314077542973962,ratio,real_trained,results_hpca_xorflow/complete_suite/controls/reddit/format_controls.csv,895e5f3c7692c37e97aa7472efa544ff658d0b04245f00a80c2a73ed39e0698c
matched_controls,reddit_deepres8_w128_s7_native__real_trained,UNKNOWN,O0_OFFLINE_MAJORITY,traffic_reduction_vs_beicsr,0.3685922457026038,ratio,real_trained,results_hpca_xorflow/complete_suite/controls/reddit/format_controls.csv,895e5f3c7692c37e97aa7472efa544ff658d0b04245f00a80c2a73ed39e0698c
matched_controls,reddit_deepres8_w128_s7_native__real_trained,UNKNOWN,O0_OFFLINE_MAJORITY,feature_cache_misses,267038982.0,count,real_trained,results_hpca_xorflow/complete_suite/controls/reddit/format_controls.csv,895e5f3c7692c37e97aa7472efa544ff658d0b04245f00a80c2a73ed39e0698c
matched_controls,reddit_deepres8_w128_s7_native__real_trained,UNKNOWN,O1_FREE_SUPPORT,total_traffic_bytes,18094923216.0,bytes,real_trained,results_hpca_xorflow/complete_suite/controls/reddit/format_controls.csv,895e5f3c7692c37e97aa7472efa544ff658d0b04245f00a80c2a73ed39e0698c
matched_controls,reddit_deepres8_w128_s7_native__real_trained,UNKNOWN,O1_FREE_SUPPORT,traffic_ratio_to_beicsr,0.6308177957917636,ratio,real_trained,results_hpca_xorflow/complete_suite/controls/reddit/format_controls.csv,895e5f3c7692c37e97aa7472efa544ff658d0b04245f00a80c2a73ed39e0698c
matched_controls,reddit_deepres8_w128_s7_native__real_trained,UNKNOWN,O1_FREE_SUPPORT,traffic_reduction_vs_beicsr,0.3691822042082364,ratio,real_trained,results_hpca_xorflow/complete_suite/controls/reddit/format_controls.csv,895e5f3c7692c37e97aa7472efa544ff658d0b04245f00a80c2a73ed39e0698c
matched_controls,reddit_deepres8_w128_s7_native__real_trained,UNKNOWN,O1_FREE_SUPPORT,feature_cache_misses,267038982.0,count,real_trained,results_hpca_xorflow/complete_suite/controls/reddit/format_controls.csv,895e5f3c7692c37e97aa7472efa544ff658d0b04245f00a80c2a73ed39e0698c
matched_controls,reddit_deepres8_w128_s7_native__density_matched_independent,UNKNOWN,DENSE,total_traffic_bytes,29006252752.0,bytes,density_matched_independent,results_hpca_xorflow/complete_suite/controls/reddit/format_controls.csv,895e5f3c7692c37e97aa7472efa544ff658d0b04245f00a80c2a73ed39e0698c
matched_controls,reddit_deepres8_w128_s7_native__density_matched_independent,UNKNOWN,DENSE,traffic_ratio_to_beicsr,1.0030843808918244,ratio,density_matched_independent,results_hpca_xorflow/complete_suite/controls/reddit/format_controls.csv,895e5f3c7692c37e97aa7472efa544ff658d0b04245f00a80c2a73ed39e0698c
matched_controls,reddit_deepres8_w128_s7_native__density_matched_independent,UNKNOWN,DENSE,traffic_reduction_vs_beicsr,-0.0030843808918243,ratio,density_matched_independent,results_hpca_xorflow/complete_suite/controls/reddit/format_controls.csv,895e5f3c7692c37e97aa7472efa544ff658d0b04245f00a80c2a73ed39e0698c
matched_controls,reddit_deepres8_w128_s7_native__density_matched_independent,UNKNOWN,DENSE,feature_cache_misses,437002872.0,count,density_matched_independent,results_hpca_xorflow/complete_suite/controls/reddit/format_controls.csv,895e5f3c7692c37e97aa7472efa544ff658d0b04245f00a80c2a73ed39e0698c
matched_controls,reddit_deepres8_w128_s7_native__density_matched_independent,UNKNOWN,CSR32,total_traffic_bytes,88423691600.0,bytes,density_matched_independent,results_hpca_xorflow/complete_suite/controls/reddit/format_controls.csv,895e5f3c7692c37e97aa7472efa544ff658d0b04245f00a80c2a73ed39e0698c
matched_controls,reddit_deepres8_w128_s7_native__density_matched_independent,UNKNOWN,CSR32,traffic_ratio_to_beicsr,3.05783807040156,ratio,density_matched_independent,results_hpca_xorflow/complete_suite/controls/reddit/format_controls.csv,895e5f3c7692c37e97aa7472efa544ff658d0b04245f00a80c2a73ed39e0698c
matched_controls,reddit_deepres8_w128_s7_native__density_matched_independent,UNKNOWN,CSR32,traffic_reduction_vs_beicsr,-2.05783807040156,ratio,density_matched_independent,results_hpca_xorflow/complete_suite/controls/reddit/format_controls.csv,895e5f3c7692c37e97aa7472efa544ff658d0b04245f00a80c2a73ed39e0698c
matched_controls,reddit_deepres8_w128_s7_native__density_matched_independent,UNKNOWN,CSR32,feature_cache_misses,1362504326.0,count,density_matched_independent,results_hpca_xorflow/complete_suite/controls/reddit/format_controls.csv,895e5f3c7692c37e97aa7472efa544ff658d0b04245f00a80c2a73ed39e0698c
matched_controls,reddit_deepres8_w128_s7_native__density_matched_independent,UNKNOWN,CSR_PACKED,total_traffic_bytes,40845807120.0,bytes,density_matched_independent,results_hpca_xorflow/complete_suite/controls/reddit/format_controls.csv,895e5f3c7692c37e97aa7472efa544ff658d0b04245f00a80c2a73ed39e0698c
matched_controls,reddit_deepres8_w128_s7_native__density_matched_independent,UNKNOWN,CSR_PACKED,traffic_ratio_to_beicsr,1.4125158288213235,ratio,density_matched_independent,results_hpca_xorflow/complete_suite/controls/reddit/format_controls.csv,895e5f3c7692c37e97aa7472efa544ff658d0b04245f00a80c2a73ed39e0698c
matched_controls,reddit_deepres8_w128_s7_native__density_matched_independent,UNKNOWN,CSR_PACKED,traffic_reduction_vs_beicsr,-0.4125158288213235,ratio,density_matched_independent,results_hpca_xorflow/complete_suite/controls/reddit/format_controls.csv,895e5f3c7692c37e97aa7472efa544ff658d0b04245f00a80c2a73ed39e0698c
matched_controls,reddit_deepres8_w128_s7_native__density_matched_independent,UNKNOWN,CSR_PACKED,feature_cache_misses,621898633.0,count,density_matched_independent,results_hpca_xorflow/complete_suite/controls/reddit/format_controls.csv,895e5f3c7692c37e97aa7472efa544ff658d0b04245f00a80c2a73ed39e0698c
matched_controls,reddit_deepres8_w128_s7_native__density_matched_independent,UNKNOWN,BEICSR,total_traffic_bytes,28917061520.0,bytes,density_matched_independent,results_hpca_xorflow/complete_suite/controls/reddit/format_controls.csv,895e5f3c7692c37e97aa7472efa544ff658d0b04245f00a80c2a73ed39e0698c
matched_controls,reddit_deepres8_w128_s7_native__density_matched_independent,UNKNOWN,BEICSR,traffic_ratio_to_beicsr,1.0,ratio,density_matched_independent,results_hpca_xorflow/complete_suite/controls/reddit/format_controls.csv,895e5f3c7692c37e97aa7472efa544ff658d0b04245f00a80c2a73ed39e0698c
matched_controls,reddit_deepres8_w128_s7_native__density_matched_independent,UNKNOWN,BEICSR,traffic_reduction_vs_beicsr,0.0,ratio,density_matched_independent,results_hpca_xorflow/complete_suite/controls/reddit/format_controls.csv,895e5f3c7692c37e97aa7472efa544ff658d0b04245f00a80c2a73ed39e0698c
matched_controls,reddit_deepres8_w128_s7_native__density_matched_independent,UNKNOWN,BEICSR,feature_cache_misses,435615057.0,count,density_matched_independent,results_hpca_xorflow/complete_suite/controls/reddit/format_controls.csv,895e5f3c7692c37e97aa7472efa544ff658d0b04245f00a80c2a73ed39e0698c
matched_controls,reddit_deepres8_w128_s7_native__density_matched_independent,UNKNOWN,INDEPENDENT_BEST,total_traffic_bytes,43350892304.0,bytes,density_matched_independent,results_hpca_xorflow/complete_suite/controls/reddit/format_controls.csv,895e5f3c7692c37e97aa7472efa544ff658d0b04245f00a80c2a73ed39e0698c
matched_controls,reddit_deepres8_w128_s7_native__density_matched_independent,UNKNOWN,INDEPENDENT_BEST,traffic_ratio_to_beicsr,1.499145833819148,ratio,density_matched_independent,results_hpca_xorflow/complete_suite/controls/reddit/format_controls.csv,895e5f3c7692c37e97aa7472efa544ff658d0b04245f00a80c2a73ed39e0698c
matched_controls,reddit_deepres8_w128_s7_native__density_matched_independent,UNKNOWN,INDEPENDENT_BEST,traffic_reduction_vs_beicsr,-0.4991458338191481,ratio,density_matched_independent,results_hpca_xorflow/complete_suite/controls/reddit/format_controls.csv,895e5f3c7692c37e97aa7472efa544ff658d0b04245f00a80c2a73ed39e0698c
matched_controls,reddit_deepres8_w128_s7_native__density_matched_independent,UNKNOWN,INDEPENDENT_BEST,feature_cache_misses,661110837.0,count,density_matched_independent,results_hpca_xorflow/complete_suite/controls/reddit/format_controls.csv,895e5f3c7692c37e97aa7472efa544ff658d0b04245f00a80c2a73ed39e0698c
matched_controls,reddit_deepres8_w128_s7_native__density_matched_independent,UNKNOWN,X0_CAUSAL_INDEPENDENT,total_traffic_bytes,19653775056.0,bytes,density_matched_independent,results_hpca_xorflow/complete_suite/controls/reddit/format_controls.csv,895e5f3c7692c37e97aa7472efa544ff658d0b04245f00a80c2a73ed39e0698c
matched_controls,reddit_deepres8_w128_s7_native__density_matched_independent,UNKNOWN,X0_CAUSAL_INDEPENDENT,traffic_ratio_to_beicsr,0.6796601737146355,ratio,density_matched_independent,results_hpca_xorflow/complete_suite/controls/reddit/format_controls.csv,895e5f3c7692c37e97aa7472efa544ff658d0b04245f00a80c2a73ed39e0698c
matched_controls,reddit_deepres8_w128_s7_native__density_matched_independent,UNKNOWN,X0_CAUSAL_INDEPENDENT,traffic_reduction_vs_beicsr,0.3203398262853645,ratio,density_matched_independent,results_hpca_xorflow/complete_suite/controls/reddit/format_controls.csv,895e5f3c7692c37e97aa7472efa544ff658d0b04245f00a80c2a73ed39e0698c
matched_controls,reddit_deepres8_w128_s7_native__density_matched_independent,UNKNOWN,X0_CAUSAL_INDEPENDENT,feature_cache_misses,291081311.0,count,density_matched_independent,results_hpca_xorflow/complete_suite/controls/reddit/format_controls.csv,895e5f3c7692c37e97aa7472efa544ff658d0b04245f00a80c2a73ed39e0698c
matched_controls,reddit_deepres8_w128_s7_native__density_matched_independent,UNKNOWN,X1_CAUSAL_AUTO,total_traffic_bytes,19652726736.0,bytes,density_matched_independent,results_hpca_xorflow/complete_suite/controls/reddit/format_controls.csv,895e5f3c7692c37e97aa7472efa544ff658d0b04245f00a80c2a73ed39e0698c
matched_controls,reddit_deepres8_w128_s7_native__density_matched_independent,UNKNOWN,X1_CAUSAL_AUTO,traffic_ratio_to_beicsr,0.6796239210684503,ratio,density_matched_independent,results_hpca_xorflow/complete_suite/controls/reddit/format_controls.csv,895e5f3c7692c37e97aa7472efa544ff658d0b04245f00a80c2a73ed39e0698c
matched_controls,reddit_deepres8_w128_s7_native__density_matched_independent,UNKNOWN,X1_CAUSAL_AUTO,traffic_reduction_vs_beicsr,0.3203760789315497,ratio,density_matched_independent,results_hpca_xorflow/complete_suite/controls/reddit/format_controls.csv,895e5f3c7692c37e97aa7472efa544ff658d0b04245f00a80c2a73ed39e0698c
matched_controls,reddit_deepres8_w128_s7_native__density_matched_independent,UNKNOWN,X1_CAUSAL_AUTO,feature_cache_misses,291081311.0,count,density_matched_independent,results_hpca_xorflow/complete_suite/controls/reddit/format_controls.csv,895e5f3c7692c37e97aa7472efa544ff658d0b04245f00a80c2a73ed39e0698c
matched_controls,reddit_deepres8_w128_s7_native__density_matched_independent,UNKNOWN,X2_CAUSAL_FORCE,total_traffic_bytes,19652726736.0,bytes,density_matched_independent,results_hpca_xorflow/complete_suite/controls/reddit/format_controls.csv,895e5f3c7692c37e97aa7472efa544ff658d0b04245f00a80c2a73ed39e0698c
matched_controls,reddit_deepres8_w128_s7_native__density_matched_independent,UNKNOWN,X2_CAUSAL_FORCE,traffic_ratio_to_beicsr,0.6796239210684503,ratio,density_matched_independent,results_hpca_xorflow/complete_suite/controls/reddit/format_controls.csv,895e5f3c7692c37e97aa7472efa544ff658d0b04245f00a80c2a73ed39e0698c
matched_controls,reddit_deepres8_w128_s7_native__density_matched_independent,UNKNOWN,X2_CAUSAL_FORCE,traffic_reduction_vs_beicsr,0.3203760789315497,ratio,density_matched_independent,results_hpca_xorflow/complete_suite/controls/reddit/format_controls.csv,895e5f3c7692c37e97aa7472efa544ff658d0b04245f00a80c2a73ed39e0698c
matched_controls,reddit_deepres8_w128_s7_native__density_matched_independent,UNKNOWN,X2_CAUSAL_FORCE,feature_cache_misses,291081311.0,count,density_matched_independent,results_hpca_xorflow/complete_suite/controls/reddit/format_controls.csv,895e5f3c7692c37e97aa7472efa544ff658d0b04245f00a80c2a73ed39e0698c
matched_controls,reddit_deepres8_w128_s7_native__density_matched_independent,UNKNOWN,O0_OFFLINE_MAJORITY,total_traffic_bytes,28917062288.0,bytes,density_matched_independent,results_hpca_xorflow/complete_suite/controls/reddit/format_controls.csv,895e5f3c7692c37e97aa7472efa544ff658d0b04245f00a80c2a73ed39e0698c
matched_controls,reddit_deepres8_w128_s7_native__density_matched_independent,UNKNOWN,O0_OFFLINE_MAJORITY,traffic_ratio_to_beicsr,1.0000000265587152,ratio,density_matched_independent,results_hpca_xorflow/complete_suite/controls/reddit/format_controls.csv,895e5f3c7692c37e97aa7472efa544ff658d0b04245f00a80c2a73ed39e0698c
matched_controls,reddit_deepres8_w128_s7_native__density_matched_independent,UNKNOWN,O0_OFFLINE_MAJORITY,traffic_reduction_vs_beicsr,-2.6558715227054108e-08,ratio,density_matched_independent,results_hpca_xorflow/complete_suite/controls/reddit/format_controls.csv,895e5f3c7692c37e97aa7472efa544ff658d0b04245f00a80c2a73ed39e0698c
matched_controls,reddit_deepres8_w128_s7_native__density_matched_independent,UNKNOWN,O0_OFFLINE_MAJORITY,feature_cache_misses,435615057.0,count,density_matched_independent,results_hpca_xorflow/complete_suite/controls/reddit/format_controls.csv,895e5f3c7692c37e97aa7472efa544ff658d0b04245f00a80c2a73ed39e0698c
matched_controls,reddit_deepres8_w128_s7_native__density_matched_independent,UNKNOWN,O1_FREE_SUPPORT,total_traffic_bytes,19629663120.0,bytes,density_matched_independent,results_hpca_xorflow/complete_suite/controls/reddit/format_controls.csv,895e5f3c7692c37e97aa7472efa544ff658d0b04245f00a80c2a73ed39e0698c
matched_controls,reddit_deepres8_w128_s7_native__density_matched_independent,UNKNOWN,O1_FREE_SUPPORT,traffic_ratio_to_beicsr,0.6788263429333397,ratio,density_matched_independent,results_hpca_xorflow/complete_suite/controls/reddit/format_controls.csv,895e5f3c7692c37e97aa7472efa544ff658d0b04245f00a80c2a73ed39e0698c
matched_controls,reddit_deepres8_w128_s7_native__density_matched_independent,UNKNOWN,O1_FREE_SUPPORT,traffic_reduction_vs_beicsr,0.3211736570666603,ratio,density_matched_independent,results_hpca_xorflow/complete_suite/controls/reddit/format_controls.csv,895e5f3c7692c37e97aa7472efa544ff658d0b04245f00a80c2a73ed39e0698c
matched_controls,reddit_deepres8_w128_s7_native__density_matched_independent,UNKNOWN,O1_FREE_SUPPORT,feature_cache_misses,291081311.0,count,density_matched_independent,results_hpca_xorflow/complete_suite/controls/reddit/format_controls.csv,895e5f3c7692c37e97aa7472efa544ff658d0b04245f00a80c2a73ed39e0698c
matched_controls,reddit_deepres8_w128_s7_native__node_permuted_within_rcm_tile,UNKNOWN,DENSE,total_traffic_bytes,29006252752.0,bytes,node_permuted_within_rcm_tile,results_hpca_xorflow/complete_suite/controls/reddit/format_controls.csv,895e5f3c7692c37e97aa7472efa544ff658d0b04245f00a80c2a73ed39e0698c
matched_controls,reddit_deepres8_w128_s7_native__node_permuted_within_rcm_tile,UNKNOWN,DENSE,traffic_ratio_to_beicsr,1.0088531422299092,ratio,node_permuted_within_rcm_tile,results_hpca_xorflow/complete_suite/controls/reddit/format_controls.csv,895e5f3c7692c37e97aa7472efa544ff658d0b04245f00a80c2a73ed39e0698c
matched_controls,reddit_deepres8_w128_s7_native__node_permuted_within_rcm_tile,UNKNOWN,DENSE,traffic_reduction_vs_beicsr,-0.0088531422299091,ratio,node_permuted_within_rcm_tile,results_hpca_xorflow/complete_suite/controls/reddit/format_controls.csv,895e5f3c7692c37e97aa7472efa544ff658d0b04245f00a80c2a73ed39e0698c
matched_controls,reddit_deepres8_w128_s7_native__node_permuted_within_rcm_tile,UNKNOWN,DENSE,feature_cache_misses,437002872.0,count,node_permuted_within_rcm_tile,results_hpca_xorflow/complete_suite/controls/reddit/format_controls.csv,895e5f3c7692c37e97aa7472efa544ff658d0b04245f00a80c2a73ed39e0698c
matched_controls,reddit_deepres8_w128_s7_native__node_permuted_within_rcm_tile,UNKNOWN,CSR32,total_traffic_bytes,88113747792.0,bytes,node_permuted_within_rcm_tile,results_hpca_xorflow/complete_suite/controls/reddit/format_controls.csv,895e5f3c7692c37e97aa7472efa544ff658d0b04245f00a80c2a73ed39e0698c
matched_controls,reddit_deepres8_w128_s7_native__node_permuted_within_rcm_tile,UNKNOWN,CSR32,traffic_ratio_to_beicsr,3.0646437543534004,ratio,node_permuted_within_rcm_tile,results_hpca_xorflow/complete_suite/controls/reddit/format_controls.csv,895e5f3c7692c37e97aa7472efa544ff658d0b04245f00a80c2a73ed39e0698c
matched_controls,reddit_deepres8_w128_s7_native__node_permuted_within_rcm_tile,UNKNOWN,CSR32,traffic_reduction_vs_beicsr,-2.0646437543534004,ratio,node_permuted_within_rcm_tile,results_hpca_xorflow/complete_suite/controls/reddit/format_controls.csv,895e5f3c7692c37e97aa7472efa544ff658d0b04245f00a80c2a73ed39e0698c
matched_controls,reddit_deepres8_w128_s7_native__node_permuted_within_rcm_tile,UNKNOWN,CSR32,feature_cache_misses,1357656744.0,count,node_permuted_within_rcm_tile,results_hpca_xorflow/complete_suite/controls/reddit/format_controls.csv,895e5f3c7692c37e97aa7472efa544ff658d0b04245f00a80c2a73ed39e0698c
matched_controls,reddit_deepres8_w128_s7_native__node_permuted_within_rcm_tile,UNKNOWN,CSR_PACKED,total_traffic_bytes,40770180880.0,bytes,node_permuted_within_rcm_tile,results_hpca_xorflow/complete_suite/controls/reddit/format_controls.csv,895e5f3c7692c37e97aa7472efa544ff658d0b04245f00a80c2a73ed39e0698c
matched_controls,reddit_deepres8_w128_s7_native__node_permuted_within_rcm_tile,UNKNOWN,CSR_PACKED,traffic_ratio_to_beicsr,1.4180089183437783,ratio,node_permuted_within_rcm_tile,results_hpca_xorflow/complete_suite/controls/reddit/format_controls.csv,895e5f3c7692c37e97aa7472efa544ff658d0b04245f00a80c2a73ed39e0698c
matched_controls,reddit_deepres8_w128_s7_native__node_permuted_within_rcm_tile,UNKNOWN,CSR_PACKED,traffic_reduction_vs_beicsr,-0.4180089183437785,ratio,node_permuted_within_rcm_tile,results_hpca_xorflow/complete_suite/controls/reddit/format_controls.csv,895e5f3c7692c37e97aa7472efa544ff658d0b04245f00a80c2a73ed39e0698c
matched_controls,reddit_deepres8_w128_s7_native__node_permuted_within_rcm_tile,UNKNOWN,CSR_PACKED,feature_cache_misses,620704877.0,count,node_permuted_within_rcm_tile,results_hpca_xorflow/complete_suite/controls/reddit/format_controls.csv,895e5f3c7692c37e97aa7472efa544ff658d0b04245f00a80c2a73ed39e0698c
matched_controls,reddit_deepres8_w128_s7_native__node_permuted_within_rcm_tile,UNKNOWN,BEICSR,total_traffic_bytes,28751709776.0,bytes,node_permuted_within_rcm_tile,results_hpca_xorflow/complete_suite/controls/reddit/format_controls.csv,895e5f3c7692c37e97aa7472efa544ff658d0b04245f00a80c2a73ed39e0698c
matched_controls,reddit_deepres8_w128_s7_native__node_permuted_within_rcm_tile,UNKNOWN,BEICSR,traffic_ratio_to_beicsr,1.0,ratio,node_permuted_within_rcm_tile,results_hpca_xorflow/complete_suite/controls/reddit/format_controls.csv,895e5f3c7692c37e97aa7472efa544ff658d0b04245f00a80c2a73ed39e0698c
matched_controls,reddit_deepres8_w128_s7_native__node_permuted_within_rcm_tile,UNKNOWN,BEICSR,traffic_reduction_vs_beicsr,0.0,ratio,node_permuted_within_rcm_tile,results_hpca_xorflow/complete_suite/controls/reddit/format_controls.csv,895e5f3c7692c37e97aa7472efa544ff658d0b04245f00a80c2a73ed39e0698c
matched_controls,reddit_deepres8_w128_s7_native__node_permuted_within_rcm_tile,UNKNOWN,BEICSR,feature_cache_misses,433068414.0,count,node_permuted_within_rcm_tile,results_hpca_xorflow/complete_suite/controls/reddit/format_controls.csv,895e5f3c7692c37e97aa7472efa544ff658d0b04245f00a80c2a73ed39e0698c
matched_controls,reddit_deepres8_w128_s7_native__node_permuted_within_rcm_tile,UNKNOWN,INDEPENDENT_BEST,total_traffic_bytes,43033504976.0,bytes,node_permuted_within_rcm_tile,results_hpca_xorflow/complete_suite/controls/reddit/format_controls.csv,895e5f3c7692c37e97aa7472efa544ff658d0b04245f00a80c2a73ed39e0698c
matched_controls,reddit_deepres8_w128_s7_native__node_permuted_within_rcm_tile,UNKNOWN,INDEPENDENT_BEST,traffic_ratio_to_beicsr,1.4967285532327363,ratio,node_permuted_within_rcm_tile,results_hpca_xorflow/complete_suite/controls/reddit/format_controls.csv,895e5f3c7692c37e97aa7472efa544ff658d0b04245f00a80c2a73ed39e0698c
matched_controls,reddit_deepres8_w128_s7_native__node_permuted_within_rcm_tile,UNKNOWN,INDEPENDENT_BEST,traffic_reduction_vs_beicsr,-0.4967285532327363,ratio,node_permuted_within_rcm_tile,results_hpca_xorflow/complete_suite/controls/reddit/format_controls.csv,895e5f3c7692c37e97aa7472efa544ff658d0b04245f00a80c2a73ed39e0698c
matched_controls,reddit_deepres8_w128_s7_native__node_permuted_within_rcm_tile,UNKNOWN,INDEPENDENT_BEST,feature_cache_misses,656201978.0,count,node_permuted_within_rcm_tile,results_hpca_xorflow/complete_suite/controls/reddit/format_controls.csv,895e5f3c7692c37e97aa7472efa544ff658d0b04245f00a80c2a73ed39e0698c
matched_controls,reddit_deepres8_w128_s7_native__node_permuted_within_rcm_tile,UNKNOWN,X0_CAUSAL_INDEPENDENT,total_traffic_bytes,19701835408.0,bytes,node_permuted_within_rcm_tile,results_hpca_xorflow/complete_suite/controls/reddit/format_controls.csv,895e5f3c7692c37e97aa7472efa544ff658d0b04245f00a80c2a73ed39e0698c
matched_controls,reddit_deepres8_w128_s7_native__node_permuted_within_rcm_tile,UNKNOWN,X0_CAUSAL_INDEPENDENT,traffic_ratio_to_beicsr,0.6852404800094974,ratio,node_permuted_within_rcm_tile,results_hpca_xorflow/complete_suite/controls/reddit/format_controls.csv,895e5f3c7692c37e97aa7472efa544ff658d0b04245f00a80c2a73ed39e0698c
matched_controls,reddit_deepres8_w128_s7_native__node_permuted_within_rcm_tile,UNKNOWN,X0_CAUSAL_INDEPENDENT,traffic_reduction_vs_beicsr,0.3147595199905025,ratio,node_permuted_within_rcm_tile,results_hpca_xorflow/complete_suite/controls/reddit/format_controls.csv,895e5f3c7692c37e97aa7472efa544ff658d0b04245f00a80c2a73ed39e0698c
matched_controls,reddit_deepres8_w128_s7_native__node_permuted_within_rcm_tile,UNKNOWN,X0_CAUSAL_INDEPENDENT,feature_cache_misses,291770410.0,count,node_permuted_within_rcm_tile,results_hpca_xorflow/complete_suite/controls/reddit/format_controls.csv,895e5f3c7692c37e97aa7472efa544ff658d0b04245f00a80c2a73ed39e0698c
matched_controls,reddit_deepres8_w128_s7_native__node_permuted_within_rcm_tile,UNKNOWN,X1_CAUSAL_AUTO,total_traffic_bytes,19700399632.0,bytes,node_permuted_within_rcm_tile,results_hpca_xorflow/complete_suite/controls/reddit/format_controls.csv,895e5f3c7692c37e97aa7472efa544ff658d0b04245f00a80c2a73ed39e0698c
matched_controls,reddit_deepres8_w128_s7_native__node_permuted_within_rcm_tile,UNKNOWN,X1_CAUSAL_AUTO,traffic_ratio_to_beicsr,0.6851905429444956,ratio,node_permuted_within_rcm_tile,results_hpca_xorflow/complete_suite/controls/reddit/format_controls.csv,895e5f3c7692c37e97aa7472efa544ff658d0b04245f00a80c2a73ed39e0698c
matched_controls,reddit_deepres8_w128_s7_native__node_permuted_within_rcm_tile,UNKNOWN,X1_CAUSAL_AUTO,traffic_reduction_vs_beicsr,0.3148094570555044,ratio,node_permuted_within_rcm_tile,results_hpca_xorflow/complete_suite/controls/reddit/format_controls.csv,895e5f3c7692c37e97aa7472efa544ff658d0b04245f00a80c2a73ed39e0698c
matched_controls,reddit_deepres8_w128_s7_native__node_permuted_within_rcm_tile,UNKNOWN,X1_CAUSAL_AUTO,feature_cache_misses,291770410.0,count,node_permuted_within_rcm_tile,results_hpca_xorflow/complete_suite/controls/reddit/format_controls.csv,895e5f3c7692c37e97aa7472efa544ff658d0b04245f00a80c2a73ed39e0698c
matched_controls,reddit_deepres8_w128_s7_native__node_permuted_within_rcm_tile,UNKNOWN,X2_CAUSAL_FORCE,total_traffic_bytes,19700399632.0,bytes,node_permuted_within_rcm_tile,results_hpca_xorflow/complete_suite/controls/reddit/format_controls.csv,895e5f3c7692c37e97aa7472efa544ff658d0b04245f00a80c2a73ed39e0698c
matched_controls,reddit_deepres8_w128_s7_native__node_permuted_within_rcm_tile,UNKNOWN,X2_CAUSAL_FORCE,traffic_ratio_to_beicsr,0.6851905429444956,ratio,node_permuted_within_rcm_tile,results_hpca_xorflow/complete_suite/controls/reddit/format_controls.csv,895e5f3c7692c37e97aa7472efa544ff658d0b04245f00a80c2a73ed39e0698c
matched_controls,reddit_deepres8_w128_s7_native__node_permuted_within_rcm_tile,UNKNOWN,X2_CAUSAL_FORCE,traffic_reduction_vs_beicsr,0.3148094570555044,ratio,node_permuted_within_rcm_tile,results_hpca_xorflow/complete_suite/controls/reddit/format_controls.csv,895e5f3c7692c37e97aa7472efa544ff658d0b04245f00a80c2a73ed39e0698c
matched_controls,reddit_deepres8_w128_s7_native__node_permuted_within_rcm_tile,UNKNOWN,X2_CAUSAL_FORCE,feature_cache_misses,291770410.0,count,node_permuted_within_rcm_tile,results_hpca_xorflow/complete_suite/controls/reddit/format_controls.csv,895e5f3c7692c37e97aa7472efa544ff658d0b04245f00a80c2a73ed39e0698c
matched_controls,reddit_deepres8_w128_s7_native__node_permuted_within_rcm_tile,UNKNOWN,O0_OFFLINE_MAJORITY,total_traffic_bytes,28354038608.0,bytes,node_permuted_within_rcm_tile,results_hpca_xorflow/complete_suite/controls/reddit/format_controls.csv,895e5f3c7692c37e97aa7472efa544ff658d0b04245f00a80c2a73ed39e0698c
matched_controls,reddit_deepres8_w128_s7_native__node_permuted_within_rcm_tile,UNKNOWN,O0_OFFLINE_MAJORITY,traffic_ratio_to_beicsr,0.9861687819229468,ratio,node_permuted_within_rcm_tile,results_hpca_xorflow/complete_suite/controls/reddit/format_controls.csv,895e5f3c7692c37e97aa7472efa544ff658d0b04245f00a80c2a73ed39e0698c
matched_controls,reddit_deepres8_w128_s7_native__node_permuted_within_rcm_tile,UNKNOWN,O0_OFFLINE_MAJORITY,traffic_reduction_vs_beicsr,0.0138312180770532,ratio,node_permuted_within_rcm_tile,results_hpca_xorflow/complete_suite/controls/reddit/format_controls.csv,895e5f3c7692c37e97aa7472efa544ff658d0b04245f00a80c2a73ed39e0698c
matched_controls,reddit_deepres8_w128_s7_native__node_permuted_within_rcm_tile,UNKNOWN,O0_OFFLINE_MAJORITY,feature_cache_misses,426865530.0,count,node_permuted_within_rcm_tile,results_hpca_xorflow/complete_suite/controls/reddit/format_controls.csv,895e5f3c7692c37e97aa7472efa544ff658d0b04245f00a80c2a73ed39e0698c
matched_controls,reddit_deepres8_w128_s7_native__node_permuted_within_rcm_tile,UNKNOWN,O1_FREE_SUPPORT,total_traffic_bytes,19677734608.0,bytes,node_permuted_within_rcm_tile,results_hpca_xorflow/complete_suite/controls/reddit/format_controls.csv,895e5f3c7692c37e97aa7472efa544ff658d0b04245f00a80c2a73ed39e0698c
matched_controls,reddit_deepres8_w128_s7_native__node_permuted_within_rcm_tile,UNKNOWN,O1_FREE_SUPPORT,traffic_ratio_to_beicsr,0.684402241164303,ratio,node_permuted_within_rcm_tile,results_hpca_xorflow/complete_suite/controls/reddit/format_controls.csv,895e5f3c7692c37e97aa7472efa544ff658d0b04245f00a80c2a73ed39e0698c
matched_controls,reddit_deepres8_w128_s7_native__node_permuted_within_rcm_tile,UNKNOWN,O1_FREE_SUPPORT,traffic_reduction_vs_beicsr,0.3155977588356969,ratio,node_permuted_within_rcm_tile,results_hpca_xorflow/complete_suite/controls/reddit/format_controls.csv,895e5f3c7692c37e97aa7472efa544ff658d0b04245f00a80c2a73ed39e0698c
matched_controls,reddit_deepres8_w128_s7_native__node_permuted_within_rcm_tile,UNKNOWN,O1_FREE_SUPPORT,feature_cache_misses,291770410.0,count,node_permuted_within_rcm_tile,results_hpca_xorflow/complete_suite/controls/reddit/format_controls.csv,895e5f3c7692c37e97aa7472efa544ff658d0b04245f00a80c2a73ed39e0698c
matched_controls,reddit_deepres8_w128_s7_native__temporally_shuffled,UNKNOWN,DENSE,total_traffic_bytes,29006252752.0,bytes,temporally_shuffled,results_hpca_xorflow/complete_suite/controls/reddit/format_controls.csv,895e5f3c7692c37e97aa7472efa544ff658d0b04245f00a80c2a73ed39e0698c
matched_controls,reddit_deepres8_w128_s7_native__temporally_shuffled,UNKNOWN,DENSE,traffic_ratio_to_beicsr,1.0346594751587748,ratio,temporally_shuffled,results_hpca_xorflow/complete_suite/controls/reddit/format_controls.csv,895e5f3c7692c37e97aa7472efa544ff658d0b04245f00a80c2a73ed39e0698c
matched_controls,reddit_deepres8_w128_s7_native__temporally_shuffled,UNKNOWN,DENSE,traffic_reduction_vs_beicsr,-0.0346594751587747,ratio,temporally_shuffled,results_hpca_xorflow/complete_suite/controls/reddit/format_controls.csv,895e5f3c7692c37e97aa7472efa544ff658d0b04245f00a80c2a73ed39e0698c
matched_controls,reddit_deepres8_w128_s7_native__temporally_shuffled,UNKNOWN,DENSE,feature_cache_misses,437002872.0,count,temporally_shuffled,results_hpca_xorflow/complete_suite/controls/reddit/format_controls.csv,895e5f3c7692c37e97aa7472efa544ff658d0b04245f00a80c2a73ed39e0698c
matched_controls,reddit_deepres8_w128_s7_native__temporally_shuffled,UNKNOWN,CSR32,total_traffic_bytes,85871082704.0,bytes,temporally_shuffled,results_hpca_xorflow/complete_suite/controls/reddit/format_controls.csv,895e5f3c7692c37e97aa7472efa544ff658d0b04245f00a80c2a73ed39e0698c
matched_controls,reddit_deepres8_w128_s7_native__temporally_shuffled,UNKNOWN,CSR32,traffic_ratio_to_beicsr,3.0630405837482853,ratio,temporally_shuffled,results_hpca_xorflow/complete_suite/controls/reddit/format_controls.csv,895e5f3c7692c37e97aa7472efa544ff658d0b04245f00a80c2a73ed39e0698c
matched_controls,reddit_deepres8_w128_s7_native__temporally_shuffled,UNKNOWN,CSR32,traffic_reduction_vs_beicsr,-2.0630405837482853,ratio,temporally_shuffled,results_hpca_xorflow/complete_suite/controls/reddit/format_controls.csv,895e5f3c7692c37e97aa7472efa544ff658d0b04245f00a80c2a73ed39e0698c
matched_controls,reddit_deepres8_w128_s7_native__temporally_shuffled,UNKNOWN,CSR32,feature_cache_misses,1322669568.0,count,temporally_shuffled,results_hpca_xorflow/complete_suite/controls/reddit/format_controls.csv,895e5f3c7692c37e97aa7472efa544ff658d0b04245f00a80c2a73ed39e0698c
matched_controls,reddit_deepres8_w128_s7_native__temporally_shuffled,UNKNOWN,CSR_PACKED,total_traffic_bytes,41278706384.0,bytes,temporally_shuffled,results_hpca_xorflow/complete_suite/controls/reddit/format_controls.csv,895e5f3c7692c37e97aa7472efa544ff658d0b04245f00a80c2a73ed39e0698c
matched_controls,reddit_deepres8_w128_s7_native__temporally_shuffled,UNKNOWN,CSR_PACKED,traffic_ratio_to_beicsr,1.472420620742118,ratio,temporally_shuffled,results_hpca_xorflow/complete_suite/controls/reddit/format_controls.csv,895e5f3c7692c37e97aa7472efa544ff658d0b04245f00a80c2a73ed39e0698c
matched_controls,reddit_deepres8_w128_s7_native__temporally_shuffled,UNKNOWN,CSR_PACKED,traffic_reduction_vs_beicsr,-0.472420620742118,ratio,temporally_shuffled,results_hpca_xorflow/complete_suite/controls/reddit/format_controls.csv,895e5f3c7692c37e97aa7472efa544ff658d0b04245f00a80c2a73ed39e0698c
matched_controls,reddit_deepres8_w128_s7_native__temporally_shuffled,UNKNOWN,CSR_PACKED,feature_cache_misses,628626322.0,count,temporally_shuffled,results_hpca_xorflow/complete_suite/controls/reddit/format_controls.csv,895e5f3c7692c37e97aa7472efa544ff658d0b04245f00a80c2a73ed39e0698c
matched_controls,reddit_deepres8_w128_s7_native__temporally_shuffled,UNKNOWN,BEICSR,total_traffic_bytes,28034588624.0,bytes,temporally_shuffled,results_hpca_xorflow/complete_suite/controls/reddit/format_controls.csv,895e5f3c7692c37e97aa7472efa544ff658d0b04245f00a80c2a73ed39e0698c
matched_controls,reddit_deepres8_w128_s7_native__temporally_shuffled,UNKNOWN,BEICSR,traffic_ratio_to_beicsr,1.0,ratio,temporally_shuffled,results_hpca_xorflow/complete_suite/controls/reddit/format_controls.csv,895e5f3c7692c37e97aa7472efa544ff658d0b04245f00a80c2a73ed39e0698c
matched_controls,reddit_deepres8_w128_s7_native__temporally_shuffled,UNKNOWN,BEICSR,traffic_reduction_vs_beicsr,0.0,ratio,temporally_shuffled,results_hpca_xorflow/complete_suite/controls/reddit/format_controls.csv,895e5f3c7692c37e97aa7472efa544ff658d0b04245f00a80c2a73ed39e0698c
matched_controls,reddit_deepres8_w128_s7_native__temporally_shuffled,UNKNOWN,BEICSR,feature_cache_misses,421880064.0,count,temporally_shuffled,results_hpca_xorflow/complete_suite/controls/reddit/format_controls.csv,895e5f3c7692c37e97aa7472efa544ff658d0b04245f00a80c2a73ed39e0698c
matched_controls,reddit_deepres8_w128_s7_native__temporally_shuffled,UNKNOWN,INDEPENDENT_BEST,total_traffic_bytes,40067462608.0,bytes,temporally_shuffled,results_hpca_xorflow/complete_suite/controls/reddit/format_controls.csv,895e5f3c7692c37e97aa7472efa544ff658d0b04245f00a80c2a73ed39e0698c
matched_controls,reddit_deepres8_w128_s7_native__temporally_shuffled,UNKNOWN,INDEPENDENT_BEST,traffic_ratio_to_beicsr,1.429215286351619,ratio,temporally_shuffled,results_hpca_xorflow/complete_suite/controls/reddit/format_controls.csv,895e5f3c7692c37e97aa7472efa544ff658d0b04245f00a80c2a73ed39e0698c
matched_controls,reddit_deepres8_w128_s7_native__temporally_shuffled,UNKNOWN,INDEPENDENT_BEST,traffic_reduction_vs_beicsr,-0.429215286351619,ratio,temporally_shuffled,results_hpca_xorflow/complete_suite/controls/reddit/format_controls.csv,895e5f3c7692c37e97aa7472efa544ff658d0b04245f00a80c2a73ed39e0698c
matched_controls,reddit_deepres8_w128_s7_native__temporally_shuffled,UNKNOWN,INDEPENDENT_BEST,feature_cache_misses,609928244.0,count,temporally_shuffled,results_hpca_xorflow/complete_suite/controls/reddit/format_controls.csv,895e5f3c7692c37e97aa7472efa544ff658d0b04245f00a80c2a73ed39e0698c
matched_controls,reddit_deepres8_w128_s7_native__temporally_shuffled,UNKNOWN,X0_CAUSAL_INDEPENDENT,total_traffic_bytes,20377381008.0,bytes,temporally_shuffled,results_hpca_xorflow/complete_suite/controls/reddit/format_controls.csv,895e5f3c7692c37e97aa7472efa544ff658d0b04245f00a80c2a73ed39e0698c
matched_controls,reddit_deepres8_w128_s7_native__temporally_shuffled,UNKNOWN,X0_CAUSAL_INDEPENDENT,traffic_ratio_to_beicsr,0.7268657044089893,ratio,temporally_shuffled,results_hpca_xorflow/complete_suite/controls/reddit/format_controls.csv,895e5f3c7692c37e97aa7472efa544ff658d0b04245f00a80c2a73ed39e0698c
matched_controls,reddit_deepres8_w128_s7_native__temporally_shuffled,UNKNOWN,X0_CAUSAL_INDEPENDENT,traffic_reduction_vs_beicsr,0.2731342955910106,ratio,temporally_shuffled,results_hpca_xorflow/complete_suite/controls/reddit/format_controls.csv,895e5f3c7692c37e97aa7472efa544ff658d0b04245f00a80c2a73ed39e0698c
matched_controls,reddit_deepres8_w128_s7_native__temporally_shuffled,UNKNOWN,X0_CAUSAL_INDEPENDENT,feature_cache_misses,302292318.0,count,temporally_shuffled,results_hpca_xorflow/complete_suite/controls/reddit/format_controls.csv,895e5f3c7692c37e97aa7472efa544ff658d0b04245f00a80c2a73ed39e0698c
matched_controls,reddit_deepres8_w128_s7_native__temporally_shuffled,UNKNOWN,X1_CAUSAL_AUTO,total_traffic_bytes,20376127824.0,bytes,temporally_shuffled,results_hpca_xorflow/complete_suite/controls/reddit/format_controls.csv,895e5f3c7692c37e97aa7472efa544ff658d0b04245f00a80c2a73ed39e0698c
matched_controls,reddit_deepres8_w128_s7_native__temporally_shuffled,UNKNOWN,X1_CAUSAL_AUTO,traffic_ratio_to_beicsr,0.7268210030574979,ratio,temporally_shuffled,results_hpca_xorflow/complete_suite/controls/reddit/format_controls.csv,895e5f3c7692c37e97aa7472efa544ff658d0b04245f00a80c2a73ed39e0698c
matched_controls,reddit_deepres8_w128_s7_native__temporally_shuffled,UNKNOWN,X1_CAUSAL_AUTO,traffic_reduction_vs_beicsr,0.2731789969425021,ratio,temporally_shuffled,results_hpca_xorflow/complete_suite/controls/reddit/format_controls.csv,895e5f3c7692c37e97aa7472efa544ff658d0b04245f00a80c2a73ed39e0698c
matched_controls,reddit_deepres8_w128_s7_native__temporally_shuffled,UNKNOWN,X1_CAUSAL_AUTO,feature_cache_misses,302292318.0,count,temporally_shuffled,results_hpca_xorflow/complete_suite/controls/reddit/format_controls.csv,895e5f3c7692c37e97aa7472efa544ff658d0b04245f00a80c2a73ed39e0698c
matched_controls,reddit_deepres8_w128_s7_native__temporally_shuffled,UNKNOWN,X2_CAUSAL_FORCE,total_traffic_bytes,20376127824.0,bytes,temporally_shuffled,results_hpca_xorflow/complete_suite/controls/reddit/format_controls.csv,895e5f3c7692c37e97aa7472efa544ff658d0b04245f00a80c2a73ed39e0698c
matched_controls,reddit_deepres8_w128_s7_native__temporally_shuffled,UNKNOWN,X2_CAUSAL_FORCE,traffic_ratio_to_beicsr,0.7268210030574979,ratio,temporally_shuffled,results_hpca_xorflow/complete_suite/controls/reddit/format_controls.csv,895e5f3c7692c37e97aa7472efa544ff658d0b04245f00a80c2a73ed39e0698c
matched_controls,reddit_deepres8_w128_s7_native__temporally_shuffled,UNKNOWN,X2_CAUSAL_FORCE,traffic_reduction_vs_beicsr,0.2731789969425021,ratio,temporally_shuffled,results_hpca_xorflow/complete_suite/controls/reddit/format_controls.csv,895e5f3c7692c37e97aa7472efa544ff658d0b04245f00a80c2a73ed39e0698c
matched_controls,reddit_deepres8_w128_s7_native__temporally_shuffled,UNKNOWN,X2_CAUSAL_FORCE,feature_cache_misses,302292318.0,count,temporally_shuffled,results_hpca_xorflow/complete_suite/controls/reddit/format_controls.csv,895e5f3c7692c37e97aa7472efa544ff658d0b04245f00a80c2a73ed39e0698c
matched_controls,reddit_deepres8_w128_s7_native__temporally_shuffled,UNKNOWN,O0_OFFLINE_MAJORITY,total_traffic_bytes,27712183952.0,bytes,temporally_shuffled,results_hpca_xorflow/complete_suite/controls/reddit/format_controls.csv,895e5f3c7692c37e97aa7472efa544ff658d0b04245f00a80c2a73ed39e0698c
matched_controls,reddit_deepres8_w128_s7_native__temporally_shuffled,UNKNOWN,O0_OFFLINE_MAJORITY,traffic_ratio_to_beicsr,0.9884997537747354,ratio,temporally_shuffled,results_hpca_xorflow/complete_suite/controls/reddit/format_controls.csv,895e5f3c7692c37e97aa7472efa544ff658d0b04245f00a80c2a73ed39e0698c
matched_controls,reddit_deepres8_w128_s7_native__temporally_shuffled,UNKNOWN,O0_OFFLINE_MAJORITY,traffic_reduction_vs_beicsr,0.0115002462252645,ratio,temporally_shuffled,results_hpca_xorflow/complete_suite/controls/reddit/format_controls.csv,895e5f3c7692c37e97aa7472efa544ff658d0b04245f00a80c2a73ed39e0698c
matched_controls,reddit_deepres8_w128_s7_native__temporally_shuffled,UNKNOWN,O0_OFFLINE_MAJORITY,feature_cache_misses,416856887.0,count,temporally_shuffled,results_hpca_xorflow/complete_suite/controls/reddit/format_controls.csv,895e5f3c7692c37e97aa7472efa544ff658d0b04245f00a80c2a73ed39e0698c
matched_controls,reddit_deepres8_w128_s7_native__temporally_shuffled,UNKNOWN,O1_FREE_SUPPORT,total_traffic_bytes,20353283664.0,bytes,temporally_shuffled,results_hpca_xorflow/complete_suite/controls/reddit/format_controls.csv,895e5f3c7692c37e97aa7472efa544ff658d0b04245f00a80c2a73ed39e0698c
matched_controls,reddit_deepres8_w128_s7_native__temporally_shuffled,UNKNOWN,O1_FREE_SUPPORT,traffic_ratio_to_beicsr,0.7260061467988103,ratio,temporally_shuffled,results_hpca_xorflow/complete_suite/controls/reddit/format_controls.csv,895e5f3c7692c37e97aa7472efa544ff658d0b04245f00a80c2a73ed39e0698c
matched_controls,reddit_deepres8_w128_s7_native__temporally_shuffled,UNKNOWN,O1_FREE_SUPPORT,traffic_reduction_vs_beicsr,0.2739938532011897,ratio,temporally_shuffled,results_hpca_xorflow/complete_suite/controls/reddit/format_controls.csv,895e5f3c7692c37e97aa7472efa544ff658d0b04245f00a80c2a73ed39e0698c
matched_controls,reddit_deepres8_w128_s7_native__temporally_shuffled,UNKNOWN,O1_FREE_SUPPORT,feature_cache_misses,302292318.0,count,temporally_shuffled,results_hpca_xorflow/complete_suite/controls/reddit/format_controls.csv,895e5f3c7692c37e97aa7472efa544ff658d0b04245f00a80c2a73ed39e0698c
matched_controls,yelp_deepres8_w128_s7_balanced_fallback__real_trained,UNKNOWN,DENSE,total_traffic_bytes,3805122200.0,bytes,real_trained,results_hpca_xorflow/complete_suite/controls/yelp_borderline/format_controls.csv,093bcef9355bb0b8dafd17197fea08f071b5fdbba2006b9aaae4302ec8ccc2c3
matched_controls,yelp_deepres8_w128_s7_balanced_fallback__real_trained,UNKNOWN,DENSE,traffic_ratio_to_beicsr,1.000136087734787,ratio,real_trained,results_hpca_xorflow/complete_suite/controls/yelp_borderline/format_controls.csv,093bcef9355bb0b8dafd17197fea08f071b5fdbba2006b9aaae4302ec8ccc2c3
matched_controls,yelp_deepres8_w128_s7_balanced_fallback__real_trained,UNKNOWN,DENSE,traffic_reduction_vs_beicsr,-0.0001360877347869,ratio,real_trained,results_hpca_xorflow/complete_suite/controls/yelp_borderline/format_controls.csv,093bcef9355bb0b8dafd17197fea08f071b5fdbba2006b9aaae4302ec8ccc2c3
matched_controls,yelp_deepres8_w128_s7_balanced_fallback__real_trained,UNKNOWN,DENSE,feature_cache_misses,51886300.0,count,real_trained,results_hpca_xorflow/complete_suite/controls/yelp_borderline/format_controls.csv,093bcef9355bb0b8dafd17197fea08f071b5fdbba2006b9aaae4302ec8ccc2c3
matched_controls,yelp_deepres8_w128_s7_balanced_fallback__real_trained,UNKNOWN,CSR32,total_traffic_bytes,12453776344.0,bytes,real_trained,results_hpca_xorflow/complete_suite/controls/yelp_borderline/format_controls.csv,093bcef9355bb0b8dafd17197fea08f071b5fdbba2006b9aaae4302ec8ccc2c3
matched_controls,yelp_deepres8_w128_s7_balanced_fallback__real_trained,UNKNOWN,CSR32,traffic_ratio_to_beicsr,3.273343271396697,ratio,real_trained,results_hpca_xorflow/complete_suite/controls/yelp_borderline/format_controls.csv,093bcef9355bb0b8dafd17197fea08f071b5fdbba2006b9aaae4302ec8ccc2c3
matched_controls,yelp_deepres8_w128_s7_balanced_fallback__real_trained,UNKNOWN,CSR32,traffic_reduction_vs_beicsr,-2.273343271396697,ratio,real_trained,results_hpca_xorflow/complete_suite/controls/yelp_borderline/format_controls.csv,093bcef9355bb0b8dafd17197fea08f071b5fdbba2006b9aaae4302ec8ccc2c3
matched_controls,yelp_deepres8_w128_s7_balanced_fallback__real_trained,UNKNOWN,CSR32,feature_cache_misses,176639255.0,count,real_trained,results_hpca_xorflow/complete_suite/controls/yelp_borderline/format_controls.csv,093bcef9355bb0b8dafd17197fea08f071b5fdbba2006b9aaae4302ec8ccc2c3
matched_controls,yelp_deepres8_w128_s7_balanced_fallback__real_trained,UNKNOWN,CSR_PACKED,total_traffic_bytes,5718018264.0,bytes,real_trained,results_hpca_xorflow/complete_suite/controls/yelp_borderline/format_controls.csv,093bcef9355bb0b8dafd17197fea08f071b5fdbba2006b9aaae4302ec8ccc2c3
matched_controls,yelp_deepres8_w128_s7_balanced_fallback__real_trained,UNKNOWN,CSR_PACKED,traffic_ratio_to_beicsr,1.5029205674795458,ratio,real_trained,results_hpca_xorflow/complete_suite/controls/yelp_borderline/format_controls.csv,093bcef9355bb0b8dafd17197fea08f071b5fdbba2006b9aaae4302ec8ccc2c3
matched_controls,yelp_deepres8_w128_s7_balanced_fallback__real_trained,UNKNOWN,CSR_PACKED,traffic_reduction_vs_beicsr,-0.5029205674795458,ratio,real_trained,results_hpca_xorflow/complete_suite/controls/yelp_borderline/format_controls.csv,093bcef9355bb0b8dafd17197fea08f071b5fdbba2006b9aaae4302ec8ccc2c3
matched_controls,yelp_deepres8_w128_s7_balanced_fallback__real_trained,UNKNOWN,CSR_PACKED,feature_cache_misses,80982755.0,count,real_trained,results_hpca_xorflow/complete_suite/controls/yelp_borderline/format_controls.csv,093bcef9355bb0b8dafd17197fea08f071b5fdbba2006b9aaae4302ec8ccc2c3
matched_controls,yelp_deepres8_w128_s7_balanced_fallback__real_trained,UNKNOWN,BEICSR,total_traffic_bytes,3804604440.0,bytes,real_trained,results_hpca_xorflow/complete_suite/controls/yelp_borderline/format_controls.csv,093bcef9355bb0b8dafd17197fea08f071b5fdbba2006b9aaae4302ec8ccc2c3
matched_controls,yelp_deepres8_w128_s7_balanced_fallback__real_trained,UNKNOWN,BEICSR,traffic_ratio_to_beicsr,1.0,ratio,real_trained,results_hpca_xorflow/complete_suite/controls/yelp_borderline/format_controls.csv,093bcef9355bb0b8dafd17197fea08f071b5fdbba2006b9aaae4302ec8ccc2c3
matched_controls,yelp_deepres8_w128_s7_balanced_fallback__real_trained,UNKNOWN,BEICSR,traffic_reduction_vs_beicsr,0.0,ratio,real_trained,results_hpca_xorflow/complete_suite/controls/yelp_borderline/format_controls.csv,093bcef9355bb0b8dafd17197fea08f071b5fdbba2006b9aaae4302ec8ccc2c3
matched_controls,yelp_deepres8_w128_s7_balanced_fallback__real_trained,UNKNOWN,BEICSR,feature_cache_misses,51878376.0,count,real_trained,results_hpca_xorflow/complete_suite/controls/yelp_borderline/format_controls.csv,093bcef9355bb0b8dafd17197fea08f071b5fdbba2006b9aaae4302ec8ccc2c3
matched_controls,yelp_deepres8_w128_s7_balanced_fallback__real_trained,UNKNOWN,INDEPENDENT_BEST,total_traffic_bytes,6116569176.0,bytes,real_trained,results_hpca_xorflow/complete_suite/controls/yelp_borderline/format_controls.csv,093bcef9355bb0b8dafd17197fea08f071b5fdbba2006b9aaae4302ec8ccc2c3
matched_controls,yelp_deepres8_w128_s7_balanced_fallback__real_trained,UNKNOWN,INDEPENDENT_BEST,traffic_ratio_to_beicsr,1.607675455480465,ratio,real_trained,results_hpca_xorflow/complete_suite/controls/yelp_borderline/format_controls.csv,093bcef9355bb0b8dafd17197fea08f071b5fdbba2006b9aaae4302ec8ccc2c3
matched_controls,yelp_deepres8_w128_s7_balanced_fallback__real_trained,UNKNOWN,INDEPENDENT_BEST,traffic_reduction_vs_beicsr,-0.6076754554804651,ratio,real_trained,results_hpca_xorflow/complete_suite/controls/yelp_borderline/format_controls.csv,093bcef9355bb0b8dafd17197fea08f071b5fdbba2006b9aaae4302ec8ccc2c3
matched_controls,yelp_deepres8_w128_s7_balanced_fallback__real_trained,UNKNOWN,INDEPENDENT_BEST,feature_cache_misses,87815257.0,count,real_trained,results_hpca_xorflow/complete_suite/controls/yelp_borderline/format_controls.csv,093bcef9355bb0b8dafd17197fea08f071b5fdbba2006b9aaae4302ec8ccc2c3
matched_controls,yelp_deepres8_w128_s7_balanced_fallback__real_trained,UNKNOWN,X0_CAUSAL_INDEPENDENT,total_traffic_bytes,3525296088.0,bytes,real_trained,results_hpca_xorflow/complete_suite/controls/yelp_borderline/format_controls.csv,093bcef9355bb0b8dafd17197fea08f071b5fdbba2006b9aaae4302ec8ccc2c3
matched_controls,yelp_deepres8_w128_s7_balanced_fallback__real_trained,UNKNOWN,X0_CAUSAL_INDEPENDENT,traffic_ratio_to_beicsr,0.9265867565459708,ratio,real_trained,results_hpca_xorflow/complete_suite/controls/yelp_borderline/format_controls.csv,093bcef9355bb0b8dafd17197fea08f071b5fdbba2006b9aaae4302ec8ccc2c3
matched_controls,yelp_deepres8_w128_s7_balanced_fallback__real_trained,UNKNOWN,X0_CAUSAL_INDEPENDENT,traffic_reduction_vs_beicsr,0.0734132434540291,ratio,real_trained,results_hpca_xorflow/complete_suite/controls/yelp_borderline/format_controls.csv,093bcef9355bb0b8dafd17197fea08f071b5fdbba2006b9aaae4302ec8ccc2c3
matched_controls,yelp_deepres8_w128_s7_balanced_fallback__real_trained,UNKNOWN,X0_CAUSAL_INDEPENDENT,feature_cache_misses,47318848.0,count,real_trained,results_hpca_xorflow/complete_suite/controls/yelp_borderline/format_controls.csv,093bcef9355bb0b8dafd17197fea08f071b5fdbba2006b9aaae4302ec8ccc2c3
matched_controls,yelp_deepres8_w128_s7_balanced_fallback__real_trained,UNKNOWN,X1_CAUSAL_AUTO,total_traffic_bytes,3521007576.0,bytes,real_trained,results_hpca_xorflow/complete_suite/controls/yelp_borderline/format_controls.csv,093bcef9355bb0b8dafd17197fea08f071b5fdbba2006b9aaae4302ec8ccc2c3
matched_controls,yelp_deepres8_w128_s7_balanced_fallback__real_trained,UNKNOWN,X1_CAUSAL_AUTO,traffic_ratio_to_beicsr,0.9254595665666626,ratio,real_trained,results_hpca_xorflow/complete_suite/controls/yelp_borderline/format_controls.csv,093bcef9355bb0b8dafd17197fea08f071b5fdbba2006b9aaae4302ec8ccc2c3
matched_controls,yelp_deepres8_w128_s7_balanced_fallback__real_trained,UNKNOWN,X1_CAUSAL_AUTO,traffic_reduction_vs_beicsr,0.0745404334333373,ratio,real_trained,results_hpca_xorflow/complete_suite/controls/yelp_borderline/format_controls.csv,093bcef9355bb0b8dafd17197fea08f071b5fdbba2006b9aaae4302ec8ccc2c3
matched_controls,yelp_deepres8_w128_s7_balanced_fallback__real_trained,UNKNOWN,X1_CAUSAL_AUTO,feature_cache_misses,47318848.0,count,real_trained,results_hpca_xorflow/complete_suite/controls/yelp_borderline/format_controls.csv,093bcef9355bb0b8dafd17197fea08f071b5fdbba2006b9aaae4302ec8ccc2c3
matched_controls,yelp_deepres8_w128_s7_balanced_fallback__real_trained,UNKNOWN,X2_CAUSAL_FORCE,total_traffic_bytes,3521007576.0,bytes,real_trained,results_hpca_xorflow/complete_suite/controls/yelp_borderline/format_controls.csv,093bcef9355bb0b8dafd17197fea08f071b5fdbba2006b9aaae4302ec8ccc2c3
matched_controls,yelp_deepres8_w128_s7_balanced_fallback__real_trained,UNKNOWN,X2_CAUSAL_FORCE,traffic_ratio_to_beicsr,0.9254595665666626,ratio,real_trained,results_hpca_xorflow/complete_suite/controls/yelp_borderline/format_controls.csv,093bcef9355bb0b8dafd17197fea08f071b5fdbba2006b9aaae4302ec8ccc2c3
matched_controls,yelp_deepres8_w128_s7_balanced_fallback__real_trained,UNKNOWN,X2_CAUSAL_FORCE,traffic_reduction_vs_beicsr,0.0745404334333373,ratio,real_trained,results_hpca_xorflow/complete_suite/controls/yelp_borderline/format_controls.csv,093bcef9355bb0b8dafd17197fea08f071b5fdbba2006b9aaae4302ec8ccc2c3
matched_controls,yelp_deepres8_w128_s7_balanced_fallback__real_trained,UNKNOWN,X2_CAUSAL_FORCE,feature_cache_misses,47318848.0,count,real_trained,results_hpca_xorflow/complete_suite/controls/yelp_borderline/format_controls.csv,093bcef9355bb0b8dafd17197fea08f071b5fdbba2006b9aaae4302ec8ccc2c3
matched_controls,yelp_deepres8_w128_s7_balanced_fallback__real_trained,UNKNOWN,O0_OFFLINE_MAJORITY,total_traffic_bytes,3521719320.0,bytes,real_trained,results_hpca_xorflow/complete_suite/controls/yelp_borderline/format_controls.csv,093bcef9355bb0b8dafd17197fea08f071b5fdbba2006b9aaae4302ec8ccc2c3
matched_controls,yelp_deepres8_w128_s7_balanced_fallback__real_trained,UNKNOWN,O0_OFFLINE_MAJORITY,traffic_ratio_to_beicsr,0.925646640942258,ratio,real_trained,results_hpca_xorflow/complete_suite/controls/yelp_borderline/format_controls.csv,093bcef9355bb0b8dafd17197fea08f071b5fdbba2006b9aaae4302ec8ccc2c3
matched_controls,yelp_deepres8_w128_s7_balanced_fallback__real_trained,UNKNOWN,O0_OFFLINE_MAJORITY,traffic_reduction_vs_beicsr,0.0743533590577421,ratio,real_trained,results_hpca_xorflow/complete_suite/controls/yelp_borderline/format_controls.csv,093bcef9355bb0b8dafd17197fea08f071b5fdbba2006b9aaae4302ec8ccc2c3
matched_controls,yelp_deepres8_w128_s7_balanced_fallback__real_trained,UNKNOWN,O0_OFFLINE_MAJORITY,feature_cache_misses,47318848.0,count,real_trained,results_hpca_xorflow/complete_suite/controls/yelp_borderline/format_controls.csv,093bcef9355bb0b8dafd17197fea08f071b5fdbba2006b9aaae4302ec8ccc2c3
matched_controls,yelp_deepres8_w128_s7_balanced_fallback__real_trained,UNKNOWN,O1_FREE_SUPPORT,total_traffic_bytes,3482994840.0,bytes,real_trained,results_hpca_xorflow/complete_suite/controls/yelp_borderline/format_controls.csv,093bcef9355bb0b8dafd17197fea08f071b5fdbba2006b9aaae4302ec8ccc2c3
matched_controls,yelp_deepres8_w128_s7_balanced_fallback__real_trained,UNKNOWN,O1_FREE_SUPPORT,traffic_ratio_to_beicsr,0.9154683213269866,ratio,real_trained,results_hpca_xorflow/complete_suite/controls/yelp_borderline/format_controls.csv,093bcef9355bb0b8dafd17197fea08f071b5fdbba2006b9aaae4302ec8ccc2c3
matched_controls,yelp_deepres8_w128_s7_balanced_fallback__real_trained,UNKNOWN,O1_FREE_SUPPORT,traffic_reduction_vs_beicsr,0.0845316786730133,ratio,real_trained,results_hpca_xorflow/complete_suite/controls/yelp_borderline/format_controls.csv,093bcef9355bb0b8dafd17197fea08f071b5fdbba2006b9aaae4302ec8ccc2c3
matched_controls,yelp_deepres8_w128_s7_balanced_fallback__real_trained,UNKNOWN,O1_FREE_SUPPORT,feature_cache_misses,47318848.0,count,real_trained,results_hpca_xorflow/complete_suite/controls/yelp_borderline/format_controls.csv,093bcef9355bb0b8dafd17197fea08f071b5fdbba2006b9aaae4302ec8ccc2c3
matched_controls,yelp_deepres8_w128_s7_balanced_fallback__density_matched_independent,UNKNOWN,DENSE,total_traffic_bytes,3805122200.0,bytes,density_matched_independent,results_hpca_xorflow/complete_suite/controls/yelp_borderline/format_controls.csv,093bcef9355bb0b8dafd17197fea08f071b5fdbba2006b9aaae4302ec8ccc2c3
matched_controls,yelp_deepres8_w128_s7_balanced_fallback__density_matched_independent,UNKNOWN,DENSE,traffic_ratio_to_beicsr,0.9999543877767768,ratio,density_matched_independent,results_hpca_xorflow/complete_suite/controls/yelp_borderline/format_controls.csv,093bcef9355bb0b8dafd17197fea08f071b5fdbba2006b9aaae4302ec8ccc2c3
matched_controls,yelp_deepres8_w128_s7_balanced_fallback__density_matched_independent,UNKNOWN,DENSE,traffic_reduction_vs_beicsr,4.561222322307934e-05,ratio,density_matched_independent,results_hpca_xorflow/complete_suite/controls/yelp_borderline/format_controls.csv,093bcef9355bb0b8dafd17197fea08f071b5fdbba2006b9aaae4302ec8ccc2c3
matched_controls,yelp_deepres8_w128_s7_balanced_fallback__density_matched_independent,UNKNOWN,DENSE,feature_cache_misses,51886300.0,count,density_matched_independent,results_hpca_xorflow/complete_suite/controls/yelp_borderline/format_controls.csv,093bcef9355bb0b8dafd17197fea08f071b5fdbba2006b9aaae4302ec8ccc2c3
matched_controls,yelp_deepres8_w128_s7_balanced_fallback__density_matched_independent,UNKNOWN,CSR32,total_traffic_bytes,12488230936.0,bytes,density_matched_independent,results_hpca_xorflow/complete_suite/controls/yelp_borderline/format_controls.csv,093bcef9355bb0b8dafd17197fea08f071b5fdbba2006b9aaae4302ec8ccc2c3
matched_controls,yelp_deepres8_w128_s7_balanced_fallback__density_matched_independent,UNKNOWN,CSR32,traffic_ratio_to_beicsr,3.2818029654929046,ratio,density_matched_independent,results_hpca_xorflow/complete_suite/controls/yelp_borderline/format_controls.csv,093bcef9355bb0b8dafd17197fea08f071b5fdbba2006b9aaae4302ec8ccc2c3
matched_controls,yelp_deepres8_w128_s7_balanced_fallback__density_matched_independent,UNKNOWN,CSR32,traffic_reduction_vs_beicsr,-2.2818029654929046,ratio,density_matched_independent,results_hpca_xorflow/complete_suite/controls/yelp_borderline/format_controls.csv,093bcef9355bb0b8dafd17197fea08f071b5fdbba2006b9aaae4302ec8ccc2c3
matched_controls,yelp_deepres8_w128_s7_balanced_fallback__density_matched_independent,UNKNOWN,CSR32,feature_cache_misses,177241920.0,count,density_matched_independent,results_hpca_xorflow/complete_suite/controls/yelp_borderline/format_controls.csv,093bcef9355bb0b8dafd17197fea08f071b5fdbba2006b9aaae4302ec8ccc2c3
matched_controls,yelp_deepres8_w128_s7_balanced_fallback__density_matched_independent,UNKNOWN,CSR_PACKED,total_traffic_bytes,5760627352.0,bytes,density_matched_independent,results_hpca_xorflow/complete_suite/controls/yelp_borderline/format_controls.csv,093bcef9355bb0b8dafd17197fea08f071b5fdbba2006b9aaae4302ec8ccc2c3
matched_controls,yelp_deepres8_w128_s7_balanced_fallback__density_matched_independent,UNKNOWN,CSR_PACKED,traffic_ratio_to_beicsr,1.5138448370933568,ratio,density_matched_independent,results_hpca_xorflow/complete_suite/controls/yelp_borderline/format_controls.csv,093bcef9355bb0b8dafd17197fea08f071b5fdbba2006b9aaae4302ec8ccc2c3
matched_controls,yelp_deepres8_w128_s7_balanced_fallback__density_matched_independent,UNKNOWN,CSR_PACKED,traffic_reduction_vs_beicsr,-0.5138448370933568,ratio,density_matched_independent,results_hpca_xorflow/complete_suite/controls/yelp_borderline/format_controls.csv,093bcef9355bb0b8dafd17197fea08f071b5fdbba2006b9aaae4302ec8ccc2c3
matched_controls,yelp_deepres8_w128_s7_balanced_fallback__density_matched_independent,UNKNOWN,CSR_PACKED,feature_cache_misses,81693384.0,count,density_matched_independent,results_hpca_xorflow/complete_suite/controls/yelp_borderline/format_controls.csv,093bcef9355bb0b8dafd17197fea08f071b5fdbba2006b9aaae4302ec8ccc2c3
matched_controls,yelp_deepres8_w128_s7_balanced_fallback__density_matched_independent,UNKNOWN,BEICSR,total_traffic_bytes,3805295768.0,bytes,density_matched_independent,results_hpca_xorflow/complete_suite/controls/yelp_borderline/format_controls.csv,093bcef9355bb0b8dafd17197fea08f071b5fdbba2006b9aaae4302ec8ccc2c3
matched_controls,yelp_deepres8_w128_s7_balanced_fallback__density_matched_independent,UNKNOWN,BEICSR,traffic_ratio_to_beicsr,1.0,ratio,density_matched_independent,results_hpca_xorflow/complete_suite/controls/yelp_borderline/format_controls.csv,093bcef9355bb0b8dafd17197fea08f071b5fdbba2006b9aaae4302ec8ccc2c3
matched_controls,yelp_deepres8_w128_s7_balanced_fallback__density_matched_independent,UNKNOWN,BEICSR,traffic_reduction_vs_beicsr,0.0,ratio,density_matched_independent,results_hpca_xorflow/complete_suite/controls/yelp_borderline/format_controls.csv,093bcef9355bb0b8dafd17197fea08f071b5fdbba2006b9aaae4302ec8ccc2c3
matched_controls,yelp_deepres8_w128_s7_balanced_fallback__density_matched_independent,UNKNOWN,BEICSR,feature_cache_misses,51889014.0,count,density_matched_independent,results_hpca_xorflow/complete_suite/controls/yelp_borderline/format_controls.csv,093bcef9355bb0b8dafd17197fea08f071b5fdbba2006b9aaae4302ec8ccc2c3
matched_controls,yelp_deepres8_w128_s7_balanced_fallback__density_matched_independent,UNKNOWN,INDEPENDENT_BEST,total_traffic_bytes,6121391384.0,bytes,density_matched_independent,results_hpca_xorflow/complete_suite/controls/yelp_borderline/format_controls.csv,093bcef9355bb0b8dafd17197fea08f071b5fdbba2006b9aaae4302ec8ccc2c3
matched_controls,yelp_deepres8_w128_s7_balanced_fallback__density_matched_independent,UNKNOWN,INDEPENDENT_BEST,traffic_ratio_to_beicsr,1.6086506167212598,ratio,density_matched_independent,results_hpca_xorflow/complete_suite/controls/yelp_borderline/format_controls.csv,093bcef9355bb0b8dafd17197fea08f071b5fdbba2006b9aaae4302ec8ccc2c3
matched_controls,yelp_deepres8_w128_s7_balanced_fallback__density_matched_independent,UNKNOWN,INDEPENDENT_BEST,traffic_reduction_vs_beicsr,-0.6086506167212598,ratio,density_matched_independent,results_hpca_xorflow/complete_suite/controls/yelp_borderline/format_controls.csv,093bcef9355bb0b8dafd17197fea08f071b5fdbba2006b9aaae4302ec8ccc2c3
matched_controls,yelp_deepres8_w128_s7_balanced_fallback__density_matched_independent,UNKNOWN,INDEPENDENT_BEST,feature_cache_misses,87887790.0,count,density_matched_independent,results_hpca_xorflow/complete_suite/controls/yelp_borderline/format_controls.csv,093bcef9355bb0b8dafd17197fea08f071b5fdbba2006b9aaae4302ec8ccc2c3
matched_controls,yelp_deepres8_w128_s7_balanced_fallback__density_matched_independent,UNKNOWN,X0_CAUSAL_INDEPENDENT,total_traffic_bytes,3575273048.0,bytes,density_matched_independent,results_hpca_xorflow/complete_suite/controls/yelp_borderline/format_controls.csv,093bcef9355bb0b8dafd17197fea08f071b5fdbba2006b9aaae4302ec8ccc2c3
matched_controls,yelp_deepres8_w128_s7_balanced_fallback__density_matched_independent,UNKNOWN,X0_CAUSAL_INDEPENDENT,traffic_ratio_to_beicsr,0.9395519470695712,ratio,density_matched_independent,results_hpca_xorflow/complete_suite/controls/yelp_borderline/format_controls.csv,093bcef9355bb0b8dafd17197fea08f071b5fdbba2006b9aaae4302ec8ccc2c3
matched_controls,yelp_deepres8_w128_s7_balanced_fallback__density_matched_independent,UNKNOWN,X0_CAUSAL_INDEPENDENT,traffic_reduction_vs_beicsr,0.0604480529304286,ratio,density_matched_independent,results_hpca_xorflow/complete_suite/controls/yelp_borderline/format_controls.csv,093bcef9355bb0b8dafd17197fea08f071b5fdbba2006b9aaae4302ec8ccc2c3
matched_controls,yelp_deepres8_w128_s7_balanced_fallback__density_matched_independent,UNKNOWN,X0_CAUSAL_INDEPENDENT,feature_cache_misses,47583141.0,count,density_matched_independent,results_hpca_xorflow/complete_suite/controls/yelp_borderline/format_controls.csv,093bcef9355bb0b8dafd17197fea08f071b5fdbba2006b9aaae4302ec8ccc2c3
matched_controls,yelp_deepres8_w128_s7_balanced_fallback__density_matched_independent,UNKNOWN,X1_CAUSAL_AUTO,total_traffic_bytes,3572047256.0,bytes,density_matched_independent,results_hpca_xorflow/complete_suite/controls/yelp_borderline/format_controls.csv,093bcef9355bb0b8dafd17197fea08f071b5fdbba2006b9aaae4302ec8ccc2c3
matched_controls,yelp_deepres8_w128_s7_balanced_fallback__density_matched_independent,UNKNOWN,X1_CAUSAL_AUTO,traffic_ratio_to_beicsr,0.93870423582801,ratio,density_matched_independent,results_hpca_xorflow/complete_suite/controls/yelp_borderline/format_controls.csv,093bcef9355bb0b8dafd17197fea08f071b5fdbba2006b9aaae4302ec8ccc2c3
matched_controls,yelp_deepres8_w128_s7_balanced_fallback__density_matched_independent,UNKNOWN,X1_CAUSAL_AUTO,traffic_reduction_vs_beicsr,0.0612957641719901,ratio,density_matched_independent,results_hpca_xorflow/complete_suite/controls/yelp_borderline/format_controls.csv,093bcef9355bb0b8dafd17197fea08f071b5fdbba2006b9aaae4302ec8ccc2c3
matched_controls,yelp_deepres8_w128_s7_balanced_fallback__density_matched_independent,UNKNOWN,X1_CAUSAL_AUTO,feature_cache_misses,47583141.0,count,density_matched_independent,results_hpca_xorflow/complete_suite/controls/yelp_borderline/format_controls.csv,093bcef9355bb0b8dafd17197fea08f071b5fdbba2006b9aaae4302ec8ccc2c3
matched_controls,yelp_deepres8_w128_s7_balanced_fallback__density_matched_independent,UNKNOWN,X2_CAUSAL_FORCE,total_traffic_bytes,3572047256.0,bytes,density_matched_independent,results_hpca_xorflow/complete_suite/controls/yelp_borderline/format_controls.csv,093bcef9355bb0b8dafd17197fea08f071b5fdbba2006b9aaae4302ec8ccc2c3
matched_controls,yelp_deepres8_w128_s7_balanced_fallback__density_matched_independent,UNKNOWN,X2_CAUSAL_FORCE,traffic_ratio_to_beicsr,0.93870423582801,ratio,density_matched_independent,results_hpca_xorflow/complete_suite/controls/yelp_borderline/format_controls.csv,093bcef9355bb0b8dafd17197fea08f071b5fdbba2006b9aaae4302ec8ccc2c3
matched_controls,yelp_deepres8_w128_s7_balanced_fallback__density_matched_independent,UNKNOWN,X2_CAUSAL_FORCE,traffic_reduction_vs_beicsr,0.0612957641719901,ratio,density_matched_independent,results_hpca_xorflow/complete_suite/controls/yelp_borderline/format_controls.csv,093bcef9355bb0b8dafd17197fea08f071b5fdbba2006b9aaae4302ec8ccc2c3
matched_controls,yelp_deepres8_w128_s7_balanced_fallback__density_matched_independent,UNKNOWN,X2_CAUSAL_FORCE,feature_cache_misses,47583141.0,count,density_matched_independent,results_hpca_xorflow/complete_suite/controls/yelp_borderline/format_controls.csv,093bcef9355bb0b8dafd17197fea08f071b5fdbba2006b9aaae4302ec8ccc2c3
matched_controls,yelp_deepres8_w128_s7_balanced_fallback__density_matched_independent,UNKNOWN,O0_OFFLINE_MAJORITY,total_traffic_bytes,3805297880.0,bytes,density_matched_independent,results_hpca_xorflow/complete_suite/controls/yelp_borderline/format_controls.csv,093bcef9355bb0b8dafd17197fea08f071b5fdbba2006b9aaae4302ec8ccc2c3
matched_controls,yelp_deepres8_w128_s7_balanced_fallback__density_matched_independent,UNKNOWN,O0_OFFLINE_MAJORITY,traffic_ratio_to_beicsr,1.0000005550159905,ratio,density_matched_independent,results_hpca_xorflow/complete_suite/controls/yelp_borderline/format_controls.csv,093bcef9355bb0b8dafd17197fea08f071b5fdbba2006b9aaae4302ec8ccc2c3
matched_controls,yelp_deepres8_w128_s7_balanced_fallback__density_matched_independent,UNKNOWN,O0_OFFLINE_MAJORITY,traffic_reduction_vs_beicsr,-5.550159904998964e-07,ratio,density_matched_independent,results_hpca_xorflow/complete_suite/controls/yelp_borderline/format_controls.csv,093bcef9355bb0b8dafd17197fea08f071b5fdbba2006b9aaae4302ec8ccc2c3
matched_controls,yelp_deepres8_w128_s7_balanced_fallback__density_matched_independent,UNKNOWN,O0_OFFLINE_MAJORITY,feature_cache_misses,51889014.0,count,density_matched_independent,results_hpca_xorflow/complete_suite/controls/yelp_borderline/format_controls.csv,093bcef9355bb0b8dafd17197fea08f071b5fdbba2006b9aaae4302ec8ccc2c3
matched_controls,yelp_deepres8_w128_s7_balanced_fallback__density_matched_independent,UNKNOWN,O1_FREE_SUPPORT,total_traffic_bytes,3501079256.0,bytes,density_matched_independent,results_hpca_xorflow/complete_suite/controls/yelp_borderline/format_controls.csv,093bcef9355bb0b8dafd17197fea08f071b5fdbba2006b9aaae4302ec8ccc2c3
matched_controls,yelp_deepres8_w128_s7_balanced_fallback__density_matched_independent,UNKNOWN,O1_FREE_SUPPORT,traffic_ratio_to_beicsr,0.9200544371456596,ratio,density_matched_independent,results_hpca_xorflow/complete_suite/controls/yelp_borderline/format_controls.csv,093bcef9355bb0b8dafd17197fea08f071b5fdbba2006b9aaae4302ec8ccc2c3
matched_controls,yelp_deepres8_w128_s7_balanced_fallback__density_matched_independent,UNKNOWN,O1_FREE_SUPPORT,traffic_reduction_vs_beicsr,0.0799455628543405,ratio,density_matched_independent,results_hpca_xorflow/complete_suite/controls/yelp_borderline/format_controls.csv,093bcef9355bb0b8dafd17197fea08f071b5fdbba2006b9aaae4302ec8ccc2c3
matched_controls,yelp_deepres8_w128_s7_balanced_fallback__density_matched_independent,UNKNOWN,O1_FREE_SUPPORT,feature_cache_misses,47583141.0,count,density_matched_independent,results_hpca_xorflow/complete_suite/controls/yelp_borderline/format_controls.csv,093bcef9355bb0b8dafd17197fea08f071b5fdbba2006b9aaae4302ec8ccc2c3
matched_controls,yelp_deepres8_w128_s7_balanced_fallback__node_permuted_within_rcm_tile,UNKNOWN,DENSE,total_traffic_bytes,3805122200.0,bytes,node_permuted_within_rcm_tile,results_hpca_xorflow/complete_suite/controls/yelp_borderline/format_controls.csv,093bcef9355bb0b8dafd17197fea08f071b5fdbba2006b9aaae4302ec8ccc2c3
matched_controls,yelp_deepres8_w128_s7_balanced_fallback__node_permuted_within_rcm_tile,UNKNOWN,DENSE,traffic_ratio_to_beicsr,1.0000366004269512,ratio,node_permuted_within_rcm_tile,results_hpca_xorflow/complete_suite/controls/yelp_borderline/format_controls.csv,093bcef9355bb0b8dafd17197fea08f071b5fdbba2006b9aaae4302ec8ccc2c3
matched_controls,yelp_deepres8_w128_s7_balanced_fallback__node_permuted_within_rcm_tile,UNKNOWN,DENSE,traffic_reduction_vs_beicsr,-3.6600426951194365e-05,ratio,node_permuted_within_rcm_tile,results_hpca_xorflow/complete_suite/controls/yelp_borderline/format_controls.csv,093bcef9355bb0b8dafd17197fea08f071b5fdbba2006b9aaae4302ec8ccc2c3
matched_controls,yelp_deepres8_w128_s7_balanced_fallback__node_permuted_within_rcm_tile,UNKNOWN,DENSE,feature_cache_misses,51886300.0,count,node_permuted_within_rcm_tile,results_hpca_xorflow/complete_suite/controls/yelp_borderline/format_controls.csv,093bcef9355bb0b8dafd17197fea08f071b5fdbba2006b9aaae4302ec8ccc2c3
matched_controls,yelp_deepres8_w128_s7_balanced_fallback__node_permuted_within_rcm_tile,UNKNOWN,CSR32,total_traffic_bytes,12561350552.0,bytes,node_permuted_within_rcm_tile,results_hpca_xorflow/complete_suite/controls/yelp_borderline/format_controls.csv,093bcef9355bb0b8dafd17197fea08f071b5fdbba2006b9aaae4302ec8ccc2c3
matched_controls,yelp_deepres8_w128_s7_balanced_fallback__node_permuted_within_rcm_tile,UNKNOWN,CSR32,traffic_ratio_to_beicsr,3.3012895887530997,ratio,node_permuted_within_rcm_tile,results_hpca_xorflow/complete_suite/controls/yelp_borderline/format_controls.csv,093bcef9355bb0b8dafd17197fea08f071b5fdbba2006b9aaae4302ec8ccc2c3
matched_controls,yelp_deepres8_w128_s7_balanced_fallback__node_permuted_within_rcm_tile,UNKNOWN,CSR32,traffic_reduction_vs_beicsr,-2.3012895887530997,ratio,node_permuted_within_rcm_tile,results_hpca_xorflow/complete_suite/controls/yelp_borderline/format_controls.csv,093bcef9355bb0b8dafd17197fea08f071b5fdbba2006b9aaae4302ec8ccc2c3
matched_controls,yelp_deepres8_w128_s7_balanced_fallback__node_permuted_within_rcm_tile,UNKNOWN,CSR32,feature_cache_misses,178320102.0,count,node_permuted_within_rcm_tile,results_hpca_xorflow/complete_suite/controls/yelp_borderline/format_controls.csv,093bcef9355bb0b8dafd17197fea08f071b5fdbba2006b9aaae4302ec8ccc2c3
matched_controls,yelp_deepres8_w128_s7_balanced_fallback__node_permuted_within_rcm_tile,UNKNOWN,CSR_PACKED,total_traffic_bytes,5788261848.0,bytes,node_permuted_within_rcm_tile,results_hpca_xorflow/complete_suite/controls/yelp_borderline/format_controls.csv,093bcef9355bb0b8dafd17197fea08f071b5fdbba2006b9aaae4302ec8ccc2c3
matched_controls,yelp_deepres8_w128_s7_balanced_fallback__node_permuted_within_rcm_tile,UNKNOWN,CSR_PACKED,traffic_ratio_to_beicsr,1.5212320121690028,ratio,node_permuted_within_rcm_tile,results_hpca_xorflow/complete_suite/controls/yelp_borderline/format_controls.csv,093bcef9355bb0b8dafd17197fea08f071b5fdbba2006b9aaae4302ec8ccc2c3
matched_controls,yelp_deepres8_w128_s7_balanced_fallback__node_permuted_within_rcm_tile,UNKNOWN,CSR_PACKED,traffic_reduction_vs_beicsr,-0.5212320121690028,ratio,node_permuted_within_rcm_tile,results_hpca_xorflow/complete_suite/controls/yelp_borderline/format_controls.csv,093bcef9355bb0b8dafd17197fea08f071b5fdbba2006b9aaae4302ec8ccc2c3
matched_controls,yelp_deepres8_w128_s7_balanced_fallback__node_permuted_within_rcm_tile,UNKNOWN,CSR_PACKED,feature_cache_misses,82080311.0,count,node_permuted_within_rcm_tile,results_hpca_xorflow/complete_suite/controls/yelp_borderline/format_controls.csv,093bcef9355bb0b8dafd17197fea08f071b5fdbba2006b9aaae4302ec8ccc2c3
matched_controls,yelp_deepres8_w128_s7_balanced_fallback__node_permuted_within_rcm_tile,UNKNOWN,BEICSR,total_traffic_bytes,3804982936.0,bytes,node_permuted_within_rcm_tile,results_hpca_xorflow/complete_suite/controls/yelp_borderline/format_controls.csv,093bcef9355bb0b8dafd17197fea08f071b5fdbba2006b9aaae4302ec8ccc2c3
matched_controls,yelp_deepres8_w128_s7_balanced_fallback__node_permuted_within_rcm_tile,UNKNOWN,BEICSR,traffic_ratio_to_beicsr,1.0,ratio,node_permuted_within_rcm_tile,results_hpca_xorflow/complete_suite/controls/yelp_borderline/format_controls.csv,093bcef9355bb0b8dafd17197fea08f071b5fdbba2006b9aaae4302ec8ccc2c3
matched_controls,yelp_deepres8_w128_s7_balanced_fallback__node_permuted_within_rcm_tile,UNKNOWN,BEICSR,traffic_reduction_vs_beicsr,0.0,ratio,node_permuted_within_rcm_tile,results_hpca_xorflow/complete_suite/controls/yelp_borderline/format_controls.csv,093bcef9355bb0b8dafd17197fea08f071b5fdbba2006b9aaae4302ec8ccc2c3
matched_controls,yelp_deepres8_w128_s7_balanced_fallback__node_permuted_within_rcm_tile,UNKNOWN,BEICSR,feature_cache_misses,51884290.0,count,node_permuted_within_rcm_tile,results_hpca_xorflow/complete_suite/controls/yelp_borderline/format_controls.csv,093bcef9355bb0b8dafd17197fea08f071b5fdbba2006b9aaae4302ec8ccc2c3
matched_controls,yelp_deepres8_w128_s7_balanced_fallback__node_permuted_within_rcm_tile,UNKNOWN,INDEPENDENT_BEST,total_traffic_bytes,6119011608.0,bytes,node_permuted_within_rcm_tile,results_hpca_xorflow/complete_suite/controls/yelp_borderline/format_controls.csv,093bcef9355bb0b8dafd17197fea08f071b5fdbba2006b9aaae4302ec8ccc2c3
matched_controls,yelp_deepres8_w128_s7_balanced_fallback__node_permuted_within_rcm_tile,UNKNOWN,INDEPENDENT_BEST,traffic_ratio_to_beicsr,1.6081574374766132,ratio,node_permuted_within_rcm_tile,results_hpca_xorflow/complete_suite/controls/yelp_borderline/format_controls.csv,093bcef9355bb0b8dafd17197fea08f071b5fdbba2006b9aaae4302ec8ccc2c3
matched_controls,yelp_deepres8_w128_s7_balanced_fallback__node_permuted_within_rcm_tile,UNKNOWN,INDEPENDENT_BEST,traffic_reduction_vs_beicsr,-0.6081574374766132,ratio,node_permuted_within_rcm_tile,results_hpca_xorflow/complete_suite/controls/yelp_borderline/format_controls.csv,093bcef9355bb0b8dafd17197fea08f071b5fdbba2006b9aaae4302ec8ccc2c3
matched_controls,yelp_deepres8_w128_s7_balanced_fallback__node_permuted_within_rcm_tile,UNKNOWN,INDEPENDENT_BEST,feature_cache_misses,87853420.0,count,node_permuted_within_rcm_tile,results_hpca_xorflow/complete_suite/controls/yelp_borderline/format_controls.csv,093bcef9355bb0b8dafd17197fea08f071b5fdbba2006b9aaae4302ec8ccc2c3
matched_controls,yelp_deepres8_w128_s7_balanced_fallback__node_permuted_within_rcm_tile,UNKNOWN,X0_CAUSAL_INDEPENDENT,total_traffic_bytes,3596307352.0,bytes,node_permuted_within_rcm_tile,results_hpca_xorflow/complete_suite/controls/yelp_borderline/format_controls.csv,093bcef9355bb0b8dafd17197fea08f071b5fdbba2006b9aaae4302ec8ccc2c3
matched_controls,yelp_deepres8_w128_s7_balanced_fallback__node_permuted_within_rcm_tile,UNKNOWN,X0_CAUSAL_INDEPENDENT,traffic_ratio_to_beicsr,0.9451572878223284,ratio,node_permuted_within_rcm_tile,results_hpca_xorflow/complete_suite/controls/yelp_borderline/format_controls.csv,093bcef9355bb0b8dafd17197fea08f071b5fdbba2006b9aaae4302ec8ccc2c3
matched_controls,yelp_deepres8_w128_s7_balanced_fallback__node_permuted_within_rcm_tile,UNKNOWN,X0_CAUSAL_INDEPENDENT,traffic_reduction_vs_beicsr,0.0548427121776716,ratio,node_permuted_within_rcm_tile,results_hpca_xorflow/complete_suite/controls/yelp_borderline/format_controls.csv,093bcef9355bb0b8dafd17197fea08f071b5fdbba2006b9aaae4302ec8ccc2c3
matched_controls,yelp_deepres8_w128_s7_balanced_fallback__node_permuted_within_rcm_tile,UNKNOWN,X0_CAUSAL_INDEPENDENT,feature_cache_misses,47930078.0,count,node_permuted_within_rcm_tile,results_hpca_xorflow/complete_suite/controls/yelp_borderline/format_controls.csv,093bcef9355bb0b8dafd17197fea08f071b5fdbba2006b9aaae4302ec8ccc2c3
matched_controls,yelp_deepres8_w128_s7_balanced_fallback__node_permuted_within_rcm_tile,UNKNOWN,X1_CAUSAL_AUTO,total_traffic_bytes,3592052632.0,bytes,node_permuted_within_rcm_tile,results_hpca_xorflow/complete_suite/controls/yelp_borderline/format_controls.csv,093bcef9355bb0b8dafd17197fea08f071b5fdbba2006b9aaae4302ec8ccc2c3
matched_controls,yelp_deepres8_w128_s7_balanced_fallback__node_permuted_within_rcm_tile,UNKNOWN,X1_CAUSAL_AUTO,traffic_ratio_to_beicsr,0.944039090954809,ratio,node_permuted_within_rcm_tile,results_hpca_xorflow/complete_suite/controls/yelp_borderline/format_controls.csv,093bcef9355bb0b8dafd17197fea08f071b5fdbba2006b9aaae4302ec8ccc2c3
matched_controls,yelp_deepres8_w128_s7_balanced_fallback__node_permuted_within_rcm_tile,UNKNOWN,X1_CAUSAL_AUTO,traffic_reduction_vs_beicsr,0.055960909045191,ratio,node_permuted_within_rcm_tile,results_hpca_xorflow/complete_suite/controls/yelp_borderline/format_controls.csv,093bcef9355bb0b8dafd17197fea08f071b5fdbba2006b9aaae4302ec8ccc2c3
matched_controls,yelp_deepres8_w128_s7_balanced_fallback__node_permuted_within_rcm_tile,UNKNOWN,X1_CAUSAL_AUTO,feature_cache_misses,47930078.0,count,node_permuted_within_rcm_tile,results_hpca_xorflow/complete_suite/controls/yelp_borderline/format_controls.csv,093bcef9355bb0b8dafd17197fea08f071b5fdbba2006b9aaae4302ec8ccc2c3
matched_controls,yelp_deepres8_w128_s7_balanced_fallback__node_permuted_within_rcm_tile,UNKNOWN,X2_CAUSAL_FORCE,total_traffic_bytes,3592052632.0,bytes,node_permuted_within_rcm_tile,results_hpca_xorflow/complete_suite/controls/yelp_borderline/format_controls.csv,093bcef9355bb0b8dafd17197fea08f071b5fdbba2006b9aaae4302ec8ccc2c3
matched_controls,yelp_deepres8_w128_s7_balanced_fallback__node_permuted_within_rcm_tile,UNKNOWN,X2_CAUSAL_FORCE,traffic_ratio_to_beicsr,0.944039090954809,ratio,node_permuted_within_rcm_tile,results_hpca_xorflow/complete_suite/controls/yelp_borderline/format_controls.csv,093bcef9355bb0b8dafd17197fea08f071b5fdbba2006b9aaae4302ec8ccc2c3
matched_controls,yelp_deepres8_w128_s7_balanced_fallback__node_permuted_within_rcm_tile,UNKNOWN,X2_CAUSAL_FORCE,traffic_reduction_vs_beicsr,0.055960909045191,ratio,node_permuted_within_rcm_tile,results_hpca_xorflow/complete_suite/controls/yelp_borderline/format_controls.csv,093bcef9355bb0b8dafd17197fea08f071b5fdbba2006b9aaae4302ec8ccc2c3
matched_controls,yelp_deepres8_w128_s7_balanced_fallback__node_permuted_within_rcm_tile,UNKNOWN,X2_CAUSAL_FORCE,feature_cache_misses,47930078.0,count,node_permuted_within_rcm_tile,results_hpca_xorflow/complete_suite/controls/yelp_borderline/format_controls.csv,093bcef9355bb0b8dafd17197fea08f071b5fdbba2006b9aaae4302ec8ccc2c3
matched_controls,yelp_deepres8_w128_s7_balanced_fallback__node_permuted_within_rcm_tile,UNKNOWN,O0_OFFLINE_MAJORITY,total_traffic_bytes,3802315608.0,bytes,node_permuted_within_rcm_tile,results_hpca_xorflow/complete_suite/controls/yelp_borderline/format_controls.csv,093bcef9355bb0b8dafd17197fea08f071b5fdbba2006b9aaae4302ec8ccc2c3
matched_controls,yelp_deepres8_w128_s7_balanced_fallback__node_permuted_within_rcm_tile,UNKNOWN,O0_OFFLINE_MAJORITY,traffic_ratio_to_beicsr,0.9992989908115584,ratio,node_permuted_within_rcm_tile,results_hpca_xorflow/complete_suite/controls/yelp_borderline/format_controls.csv,093bcef9355bb0b8dafd17197fea08f071b5fdbba2006b9aaae4302ec8ccc2c3
matched_controls,yelp_deepres8_w128_s7_balanced_fallback__node_permuted_within_rcm_tile,UNKNOWN,O0_OFFLINE_MAJORITY,traffic_reduction_vs_beicsr,0.0007010091884417,ratio,node_permuted_within_rcm_tile,results_hpca_xorflow/complete_suite/controls/yelp_borderline/format_controls.csv,093bcef9355bb0b8dafd17197fea08f071b5fdbba2006b9aaae4302ec8ccc2c3
matched_controls,yelp_deepres8_w128_s7_balanced_fallback__node_permuted_within_rcm_tile,UNKNOWN,O0_OFFLINE_MAJORITY,feature_cache_misses,51840197.0,count,node_permuted_within_rcm_tile,results_hpca_xorflow/complete_suite/controls/yelp_borderline/format_controls.csv,093bcef9355bb0b8dafd17197fea08f071b5fdbba2006b9aaae4302ec8ccc2c3
matched_controls,yelp_deepres8_w128_s7_balanced_fallback__node_permuted_within_rcm_tile,UNKNOWN,O1_FREE_SUPPORT,total_traffic_bytes,3522113560.0,bytes,node_permuted_within_rcm_tile,results_hpca_xorflow/complete_suite/controls/yelp_borderline/format_controls.csv,093bcef9355bb0b8dafd17197fea08f071b5fdbba2006b9aaae4302ec8ccc2c3
matched_controls,yelp_deepres8_w128_s7_balanced_fallback__node_permuted_within_rcm_tile,UNKNOWN,O1_FREE_SUPPORT,traffic_ratio_to_beicsr,0.9256581748833368,ratio,node_permuted_within_rcm_tile,results_hpca_xorflow/complete_suite/controls/yelp_borderline/format_controls.csv,093bcef9355bb0b8dafd17197fea08f071b5fdbba2006b9aaae4302ec8ccc2c3
matched_controls,yelp_deepres8_w128_s7_balanced_fallback__node_permuted_within_rcm_tile,UNKNOWN,O1_FREE_SUPPORT,traffic_reduction_vs_beicsr,0.0743418251166633,ratio,node_permuted_within_rcm_tile,results_hpca_xorflow/complete_suite/controls/yelp_borderline/format_controls.csv,093bcef9355bb0b8dafd17197fea08f071b5fdbba2006b9aaae4302ec8ccc2c3
matched_controls,yelp_deepres8_w128_s7_balanced_fallback__node_permuted_within_rcm_tile,UNKNOWN,O1_FREE_SUPPORT,feature_cache_misses,47930078.0,count,node_permuted_within_rcm_tile,results_hpca_xorflow/complete_suite/controls/yelp_borderline/format_controls.csv,093bcef9355bb0b8dafd17197fea08f071b5fdbba2006b9aaae4302ec8ccc2c3
matched_controls,yelp_deepres8_w128_s7_balanced_fallback__temporally_shuffled,UNKNOWN,DENSE,total_traffic_bytes,3805122200.0,bytes,temporally_shuffled,results_hpca_xorflow/complete_suite/controls/yelp_borderline/format_controls.csv,093bcef9355bb0b8dafd17197fea08f071b5fdbba2006b9aaae4302ec8ccc2c3
matched_controls,yelp_deepres8_w128_s7_balanced_fallback__temporally_shuffled,UNKNOWN,DENSE,traffic_ratio_to_beicsr,0.9999938273059888,ratio,temporally_shuffled,results_hpca_xorflow/complete_suite/controls/yelp_borderline/format_controls.csv,093bcef9355bb0b8dafd17197fea08f071b5fdbba2006b9aaae4302ec8ccc2c3
matched_controls,yelp_deepres8_w128_s7_balanced_fallback__temporally_shuffled,UNKNOWN,DENSE,traffic_reduction_vs_beicsr,6.172694011152835e-06,ratio,temporally_shuffled,results_hpca_xorflow/complete_suite/controls/yelp_borderline/format_controls.csv,093bcef9355bb0b8dafd17197fea08f071b5fdbba2006b9aaae4302ec8ccc2c3
matched_controls,yelp_deepres8_w128_s7_balanced_fallback__temporally_shuffled,UNKNOWN,DENSE,feature_cache_misses,51886300.0,count,temporally_shuffled,results_hpca_xorflow/complete_suite/controls/yelp_borderline/format_controls.csv,093bcef9355bb0b8dafd17197fea08f071b5fdbba2006b9aaae4302ec8ccc2c3
matched_controls,yelp_deepres8_w128_s7_balanced_fallback__temporally_shuffled,UNKNOWN,CSR32,total_traffic_bytes,12578388184.0,bytes,temporally_shuffled,results_hpca_xorflow/complete_suite/controls/yelp_borderline/format_controls.csv,093bcef9355bb0b8dafd17197fea08f071b5fdbba2006b9aaae4302ec8ccc2c3
matched_controls,yelp_deepres8_w128_s7_balanced_fallback__temporally_shuffled,UNKNOWN,CSR32,traffic_ratio_to_beicsr,3.305625911687826,ratio,temporally_shuffled,results_hpca_xorflow/complete_suite/controls/yelp_borderline/format_controls.csv,093bcef9355bb0b8dafd17197fea08f071b5fdbba2006b9aaae4302ec8ccc2c3
matched_controls,yelp_deepres8_w128_s7_balanced_fallback__temporally_shuffled,UNKNOWN,CSR32,traffic_reduction_vs_beicsr,-2.305625911687826,ratio,temporally_shuffled,results_hpca_xorflow/complete_suite/controls/yelp_borderline/format_controls.csv,093bcef9355bb0b8dafd17197fea08f071b5fdbba2006b9aaae4302ec8ccc2c3
matched_controls,yelp_deepres8_w128_s7_balanced_fallback__temporally_shuffled,UNKNOWN,CSR32,feature_cache_misses,178505749.0,count,temporally_shuffled,results_hpca_xorflow/complete_suite/controls/yelp_borderline/format_controls.csv,093bcef9355bb0b8dafd17197fea08f071b5fdbba2006b9aaae4302ec8ccc2c3
matched_controls,yelp_deepres8_w128_s7_balanced_fallback__temporally_shuffled,UNKNOWN,CSR_PACKED,total_traffic_bytes,5858142296.0,bytes,temporally_shuffled,results_hpca_xorflow/complete_suite/controls/yelp_borderline/format_controls.csv,093bcef9355bb0b8dafd17197fea08f071b5fdbba2006b9aaae4302ec8ccc2c3
matched_controls,yelp_deepres8_w128_s7_balanced_fallback__temporally_shuffled,UNKNOWN,CSR_PACKED,traffic_ratio_to_beicsr,1.5395316700946249,ratio,temporally_shuffled,results_hpca_xorflow/complete_suite/controls/yelp_borderline/format_controls.csv,093bcef9355bb0b8dafd17197fea08f071b5fdbba2006b9aaae4302ec8ccc2c3
matched_controls,yelp_deepres8_w128_s7_balanced_fallback__temporally_shuffled,UNKNOWN,CSR_PACKED,traffic_reduction_vs_beicsr,-0.5395316700946247,ratio,temporally_shuffled,results_hpca_xorflow/complete_suite/controls/yelp_borderline/format_controls.csv,093bcef9355bb0b8dafd17197fea08f071b5fdbba2006b9aaae4302ec8ccc2c3
matched_controls,yelp_deepres8_w128_s7_balanced_fallback__temporally_shuffled,UNKNOWN,CSR_PACKED,feature_cache_misses,83074593.0,count,temporally_shuffled,results_hpca_xorflow/complete_suite/controls/yelp_borderline/format_controls.csv,093bcef9355bb0b8dafd17197fea08f071b5fdbba2006b9aaae4302ec8ccc2c3
matched_controls,yelp_deepres8_w128_s7_balanced_fallback__temporally_shuffled,UNKNOWN,BEICSR,total_traffic_bytes,3805145688.0,bytes,temporally_shuffled,results_hpca_xorflow/complete_suite/controls/yelp_borderline/format_controls.csv,093bcef9355bb0b8dafd17197fea08f071b5fdbba2006b9aaae4302ec8ccc2c3
matched_controls,yelp_deepres8_w128_s7_balanced_fallback__temporally_shuffled,UNKNOWN,BEICSR,traffic_ratio_to_beicsr,1.0,ratio,temporally_shuffled,results_hpca_xorflow/complete_suite/controls/yelp_borderline/format_controls.csv,093bcef9355bb0b8dafd17197fea08f071b5fdbba2006b9aaae4302ec8ccc2c3
matched_controls,yelp_deepres8_w128_s7_balanced_fallback__temporally_shuffled,UNKNOWN,BEICSR,traffic_reduction_vs_beicsr,0.0,ratio,temporally_shuffled,results_hpca_xorflow/complete_suite/controls/yelp_borderline/format_controls.csv,093bcef9355bb0b8dafd17197fea08f071b5fdbba2006b9aaae4302ec8ccc2c3
matched_controls,yelp_deepres8_w128_s7_balanced_fallback__temporally_shuffled,UNKNOWN,BEICSR,feature_cache_misses,51886851.0,count,temporally_shuffled,results_hpca_xorflow/complete_suite/controls/yelp_borderline/format_controls.csv,093bcef9355bb0b8dafd17197fea08f071b5fdbba2006b9aaae4302ec8ccc2c3
matched_controls,yelp_deepres8_w128_s7_balanced_fallback__temporally_shuffled,UNKNOWN,INDEPENDENT_BEST,total_traffic_bytes,6118029080.0,bytes,temporally_shuffled,results_hpca_xorflow/complete_suite/controls/yelp_borderline/format_controls.csv,093bcef9355bb0b8dafd17197fea08f071b5fdbba2006b9aaae4302ec8ccc2c3
matched_controls,yelp_deepres8_w128_s7_balanced_fallback__temporally_shuffled,UNKNOWN,INDEPENDENT_BEST,traffic_ratio_to_beicsr,1.6078304437314883,ratio,temporally_shuffled,results_hpca_xorflow/complete_suite/controls/yelp_borderline/format_controls.csv,093bcef9355bb0b8dafd17197fea08f071b5fdbba2006b9aaae4302ec8ccc2c3
matched_controls,yelp_deepres8_w128_s7_balanced_fallback__temporally_shuffled,UNKNOWN,INDEPENDENT_BEST,traffic_reduction_vs_beicsr,-0.6078304437314885,ratio,temporally_shuffled,results_hpca_xorflow/complete_suite/controls/yelp_borderline/format_controls.csv,093bcef9355bb0b8dafd17197fea08f071b5fdbba2006b9aaae4302ec8ccc2c3
matched_controls,yelp_deepres8_w128_s7_balanced_fallback__temporally_shuffled,UNKNOWN,INDEPENDENT_BEST,feature_cache_misses,87838544.0,count,temporally_shuffled,results_hpca_xorflow/complete_suite/controls/yelp_borderline/format_controls.csv,093bcef9355bb0b8dafd17197fea08f071b5fdbba2006b9aaae4302ec8ccc2c3
matched_controls,yelp_deepres8_w128_s7_balanced_fallback__temporally_shuffled,UNKNOWN,X0_CAUSAL_INDEPENDENT,total_traffic_bytes,3560848408.0,bytes,temporally_shuffled,results_hpca_xorflow/complete_suite/controls/yelp_borderline/format_controls.csv,093bcef9355bb0b8dafd17197fea08f071b5fdbba2006b9aaae4302ec8ccc2c3
matched_controls,yelp_deepres8_w128_s7_balanced_fallback__temporally_shuffled,UNKNOWN,X0_CAUSAL_INDEPENDENT,traffic_ratio_to_beicsr,0.93579817961493,ratio,temporally_shuffled,results_hpca_xorflow/complete_suite/controls/yelp_borderline/format_controls.csv,093bcef9355bb0b8dafd17197fea08f071b5fdbba2006b9aaae4302ec8ccc2c3
matched_controls,yelp_deepres8_w128_s7_balanced_fallback__temporally_shuffled,UNKNOWN,X0_CAUSAL_INDEPENDENT,traffic_reduction_vs_beicsr,0.06420182038507,ratio,temporally_shuffled,results_hpca_xorflow/complete_suite/controls/yelp_borderline/format_controls.csv,093bcef9355bb0b8dafd17197fea08f071b5fdbba2006b9aaae4302ec8ccc2c3
matched_controls,yelp_deepres8_w128_s7_balanced_fallback__temporally_shuffled,UNKNOWN,X0_CAUSAL_INDEPENDENT,feature_cache_misses,47693341.0,count,temporally_shuffled,results_hpca_xorflow/complete_suite/controls/yelp_borderline/format_controls.csv,093bcef9355bb0b8dafd17197fea08f071b5fdbba2006b9aaae4302ec8ccc2c3
matched_controls,yelp_deepres8_w128_s7_balanced_fallback__temporally_shuffled,UNKNOWN,X1_CAUSAL_AUTO,total_traffic_bytes,3556264216.0,bytes,temporally_shuffled,results_hpca_xorflow/complete_suite/controls/yelp_borderline/format_controls.csv,093bcef9355bb0b8dafd17197fea08f071b5fdbba2006b9aaae4302ec8ccc2c3
matched_controls,yelp_deepres8_w128_s7_balanced_fallback__temporally_shuffled,UNKNOWN,X1_CAUSAL_AUTO,traffic_ratio_to_beicsr,0.934593444664976,ratio,temporally_shuffled,results_hpca_xorflow/complete_suite/controls/yelp_borderline/format_controls.csv,093bcef9355bb0b8dafd17197fea08f071b5fdbba2006b9aaae4302ec8ccc2c3
matched_controls,yelp_deepres8_w128_s7_balanced_fallback__temporally_shuffled,UNKNOWN,X1_CAUSAL_AUTO,traffic_reduction_vs_beicsr,0.065406555335024,ratio,temporally_shuffled,results_hpca_xorflow/complete_suite/controls/yelp_borderline/format_controls.csv,093bcef9355bb0b8dafd17197fea08f071b5fdbba2006b9aaae4302ec8ccc2c3
matched_controls,yelp_deepres8_w128_s7_balanced_fallback__temporally_shuffled,UNKNOWN,X1_CAUSAL_AUTO,feature_cache_misses,47693341.0,count,temporally_shuffled,results_hpca_xorflow/complete_suite/controls/yelp_borderline/format_controls.csv,093bcef9355bb0b8dafd17197fea08f071b5fdbba2006b9aaae4302ec8ccc2c3
matched_controls,yelp_deepres8_w128_s7_balanced_fallback__temporally_shuffled,UNKNOWN,X2_CAUSAL_FORCE,total_traffic_bytes,3556264216.0,bytes,temporally_shuffled,results_hpca_xorflow/complete_suite/controls/yelp_borderline/format_controls.csv,093bcef9355bb0b8dafd17197fea08f071b5fdbba2006b9aaae4302ec8ccc2c3
matched_controls,yelp_deepres8_w128_s7_balanced_fallback__temporally_shuffled,UNKNOWN,X2_CAUSAL_FORCE,traffic_ratio_to_beicsr,0.934593444664976,ratio,temporally_shuffled,results_hpca_xorflow/complete_suite/controls/yelp_borderline/format_controls.csv,093bcef9355bb0b8dafd17197fea08f071b5fdbba2006b9aaae4302ec8ccc2c3
matched_controls,yelp_deepres8_w128_s7_balanced_fallback__temporally_shuffled,UNKNOWN,X2_CAUSAL_FORCE,traffic_reduction_vs_beicsr,0.065406555335024,ratio,temporally_shuffled,results_hpca_xorflow/complete_suite/controls/yelp_borderline/format_controls.csv,093bcef9355bb0b8dafd17197fea08f071b5fdbba2006b9aaae4302ec8ccc2c3
matched_controls,yelp_deepres8_w128_s7_balanced_fallback__temporally_shuffled,UNKNOWN,X2_CAUSAL_FORCE,feature_cache_misses,47693341.0,count,temporally_shuffled,results_hpca_xorflow/complete_suite/controls/yelp_borderline/format_controls.csv,093bcef9355bb0b8dafd17197fea08f071b5fdbba2006b9aaae4302ec8ccc2c3
matched_controls,yelp_deepres8_w128_s7_balanced_fallback__temporally_shuffled,UNKNOWN,O0_OFFLINE_MAJORITY,total_traffic_bytes,3559307480.0,bytes,temporally_shuffled,results_hpca_xorflow/complete_suite/controls/yelp_borderline/format_controls.csv,093bcef9355bb0b8dafd17197fea08f071b5fdbba2006b9aaae4302ec8ccc2c3
matched_controls,yelp_deepres8_w128_s7_balanced_fallback__temporally_shuffled,UNKNOWN,O0_OFFLINE_MAJORITY,traffic_ratio_to_beicsr,0.9353932206130028,ratio,temporally_shuffled,results_hpca_xorflow/complete_suite/controls/yelp_borderline/format_controls.csv,093bcef9355bb0b8dafd17197fea08f071b5fdbba2006b9aaae4302ec8ccc2c3
matched_controls,yelp_deepres8_w128_s7_balanced_fallback__temporally_shuffled,UNKNOWN,O0_OFFLINE_MAJORITY,traffic_reduction_vs_beicsr,0.0646067793869973,ratio,temporally_shuffled,results_hpca_xorflow/complete_suite/controls/yelp_borderline/format_controls.csv,093bcef9355bb0b8dafd17197fea08f071b5fdbba2006b9aaae4302ec8ccc2c3
matched_controls,yelp_deepres8_w128_s7_balanced_fallback__temporally_shuffled,UNKNOWN,O0_OFFLINE_MAJORITY,feature_cache_misses,47734604.0,count,temporally_shuffled,results_hpca_xorflow/complete_suite/controls/yelp_borderline/format_controls.csv,093bcef9355bb0b8dafd17197fea08f071b5fdbba2006b9aaae4302ec8ccc2c3
matched_controls,yelp_deepres8_w128_s7_balanced_fallback__temporally_shuffled,UNKNOWN,O1_FREE_SUPPORT,total_traffic_bytes,3508128856.0,bytes,temporally_shuffled,results_hpca_xorflow/complete_suite/controls/yelp_borderline/format_controls.csv,093bcef9355bb0b8dafd17197fea08f071b5fdbba2006b9aaae4302ec8ccc2c3
matched_controls,yelp_deepres8_w128_s7_balanced_fallback__temporally_shuffled,UNKNOWN,O1_FREE_SUPPORT,traffic_ratio_to_beicsr,0.9219433744845356,ratio,temporally_shuffled,results_hpca_xorflow/complete_suite/controls/yelp_borderline/format_controls.csv,093bcef9355bb0b8dafd17197fea08f071b5fdbba2006b9aaae4302ec8ccc2c3
matched_controls,yelp_deepres8_w128_s7_balanced_fallback__temporally_shuffled,UNKNOWN,O1_FREE_SUPPORT,traffic_reduction_vs_beicsr,0.0780566255154643,ratio,temporally_shuffled,results_hpca_xorflow/complete_suite/controls/yelp_borderline/format_controls.csv,093bcef9355bb0b8dafd17197fea08f071b5fdbba2006b9aaae4302ec8ccc2c3
matched_controls,yelp_deepres8_w128_s7_balanced_fallback__temporally_shuffled,UNKNOWN,O1_FREE_SUPPORT,feature_cache_misses,47693341.0,count,temporally_shuffled,results_hpca_xorflow/complete_suite/controls/yelp_borderline/format_controls.csv,093bcef9355bb0b8dafd17197fea08f071b5fdbba2006b9aaae4302ec8ccc2c3
ramulator,ogbn_arxiv_deepres8_w128_s17,RECORDED,beicsr,dram_cycles,6616878.0,cycles,full emitted trace,results_hpca_xorflow/complete_suite/paper_suite_20260728_v1/ramulator/arxiv_s17_l4.csv,a147a8dadedd56672d3a4ca1932d0446ee43d7b86a296a09f13f29945734bb13
ramulator,ogbn_arxiv_deepres8_w128_s17,RECORDED,beicsr,speedup_vs_beicsr,1.0,ratio,full emitted trace,results_hpca_xorflow/complete_suite/paper_suite_20260728_v1/ramulator/arxiv_s17_l4.csv,a147a8dadedd56672d3a4ca1932d0446ee43d7b86a296a09f13f29945734bb13
ramulator,ogbn_arxiv_deepres8_w128_s17,RECORDED,beicsr,requests,18866826.0,count,full emitted trace,results_hpca_xorflow/complete_suite/paper_suite_20260728_v1/ramulator/arxiv_s17_l4.csv,a147a8dadedd56672d3a4ca1932d0446ee43d7b86a296a09f13f29945734bb13
ramulator,ogbn_arxiv_deepres8_w128_s17,RECORDED,beicsr,served_requests,18866826.0,count,full emitted trace,results_hpca_xorflow/complete_suite/paper_suite_20260728_v1/ramulator/arxiv_s17_l4.csv,a147a8dadedd56672d3a4ca1932d0446ee43d7b86a296a09f13f29945734bb13
ramulator,ogbn_arxiv_deepres8_w128_s17,RECORDED,xorflow,dram_cycles,5808775.0,cycles,full emitted trace,results_hpca_xorflow/complete_suite/paper_suite_20260728_v1/ramulator/arxiv_s17_l4.csv,a147a8dadedd56672d3a4ca1932d0446ee43d7b86a296a09f13f29945734bb13
ramulator,ogbn_arxiv_deepres8_w128_s17,RECORDED,xorflow,speedup_vs_beicsr,1.139117628071323,ratio,full emitted trace,results_hpca_xorflow/complete_suite/paper_suite_20260728_v1/ramulator/arxiv_s17_l4.csv,a147a8dadedd56672d3a4ca1932d0446ee43d7b86a296a09f13f29945734bb13
ramulator,ogbn_arxiv_deepres8_w128_s17,RECORDED,xorflow,requests,16296274.0,count,full emitted trace,results_hpca_xorflow/complete_suite/paper_suite_20260728_v1/ramulator/arxiv_s17_l4.csv,a147a8dadedd56672d3a4ca1932d0446ee43d7b86a296a09f13f29945734bb13
ramulator,ogbn_arxiv_deepres8_w128_s17,RECORDED,xorflow,served_requests,16296274.0,count,full emitted trace,results_hpca_xorflow/complete_suite/paper_suite_20260728_v1/ramulator/arxiv_s17_l4.csv,a147a8dadedd56672d3a4ca1932d0446ee43d7b86a296a09f13f29945734bb13
ramulator,reddit_deepres8_w128_s7_native,RECORDED,beicsr,dram_cycles,284758181.0,cycles,full emitted trace,results_hpca_xorflow/complete_suite/paper_suite_20260728_v1/ramulator/reddit_l4.csv,99d90e0bd33afc88e2238c550a516873e7edc3197b84ec045e1f9b272d5834c0
ramulator,reddit_deepres8_w128_s7_native,RECORDED,beicsr,speedup_vs_beicsr,1.0,ratio,full emitted trace,results_hpca_xorflow/complete_suite/paper_suite_20260728_v1/ramulator/reddit_l4.csv,99d90e0bd33afc88e2238c550a516873e7edc3197b84ec045e1f9b272d5834c0
ramulator,reddit_deepres8_w128_s7_native,RECORDED,beicsr,requests,896402028.0,count,full emitted trace,results_hpca_xorflow/complete_suite/paper_suite_20260728_v1/ramulator/reddit_l4.csv,99d90e0bd33afc88e2238c550a516873e7edc3197b84ec045e1f9b272d5834c0
ramulator,reddit_deepres8_w128_s7_native,RECORDED,beicsr,served_requests,896402028.0,count,full emitted trace,results_hpca_xorflow/complete_suite/paper_suite_20260728_v1/ramulator/reddit_l4.csv,99d90e0bd33afc88e2238c550a516873e7edc3197b84ec045e1f9b272d5834c0
ramulator,reddit_deepres8_w128_s7_native,RECORDED,xorflow,dram_cycles,182450720.0,cycles,full emitted trace,results_hpca_xorflow/complete_suite/paper_suite_20260728_v1/ramulator/reddit_l4.csv,99d90e0bd33afc88e2238c550a516873e7edc3197b84ec045e1f9b272d5834c0
ramulator,reddit_deepres8_w128_s7_native,RECORDED,xorflow,speedup_vs_beicsr,1.5607402426255157,ratio,full emitted trace,results_hpca_xorflow/complete_suite/paper_suite_20260728_v1/ramulator/reddit_l4.csv,99d90e0bd33afc88e2238c550a516873e7edc3197b84ec045e1f9b272d5834c0
ramulator,reddit_deepres8_w128_s7_native,RECORDED,xorflow,requests,566002464.0,count,full emitted trace,results_hpca_xorflow/complete_suite/paper_suite_20260728_v1/ramulator/reddit_l4.csv,99d90e0bd33afc88e2238c550a516873e7edc3197b84ec045e1f9b272d5834c0
ramulator,reddit_deepres8_w128_s7_native,RECORDED,xorflow,served_requests,566002464.0,count,full emitted trace,results_hpca_xorflow/complete_suite/paper_suite_20260728_v1/ramulator/reddit_l4.csv,99d90e0bd33afc88e2238c550a516873e7edc3197b84ec045e1f9b272d5834c0
ramulator,yelp_deepres8_w128_s7_balanced_fallback,RECORDED,beicsr,dram_cycles,44022361.0,cycles,full emitted trace,results_hpca_xorflow/complete_suite/paper_suite_20260728_v1/ramulator/yelp_l4.csv,93a4702fc2df5d32862b5839fc6dc6a8c1a61b17463853ec35df8a5749831648
ramulator,yelp_deepres8_w128_s7_balanced_fallback,RECORDED,beicsr,speedup_vs_beicsr,1.0,ratio,full emitted trace,results_hpca_xorflow/complete_suite/paper_suite_20260728_v1/ramulator/yelp_l4.csv,93a4702fc2df5d32862b5839fc6dc6a8c1a61b17463853ec35df8a5749831648
ramulator,yelp_deepres8_w128_s7_balanced_fallback,RECORDED,beicsr,requests,118893892.0,count,full emitted trace,results_hpca_xorflow/complete_suite/paper_suite_20260728_v1/ramulator/yelp_l4.csv,93a4702fc2df5d32862b5839fc6dc6a8c1a61b17463853ec35df8a5749831648
ramulator,yelp_deepres8_w128_s7_balanced_fallback,RECORDED,beicsr,served_requests,118893892.0,count,full emitted trace,results_hpca_xorflow/complete_suite/paper_suite_20260728_v1/ramulator/yelp_l4.csv,93a4702fc2df5d32862b5839fc6dc6a8c1a61b17463853ec35df8a5749831648
ramulator,yelp_deepres8_w128_s7_balanced_fallback,RECORDED,xorflow,dram_cycles,40965317.0,cycles,full emitted trace,results_hpca_xorflow/complete_suite/paper_suite_20260728_v1/ramulator/yelp_l4.csv,93a4702fc2df5d32862b5839fc6dc6a8c1a61b17463853ec35df8a5749831648
ramulator,yelp_deepres8_w128_s7_balanced_fallback,RECORDED,xorflow,speedup_vs_beicsr,1.0746251762191903,ratio,full emitted trace,results_hpca_xorflow/complete_suite/paper_suite_20260728_v1/ramulator/yelp_l4.csv,93a4702fc2df5d32862b5839fc6dc6a8c1a61b17463853ec35df8a5749831648
ramulator,yelp_deepres8_w128_s7_balanced_fallback,RECORDED,xorflow,requests,110031490.0,count,full emitted trace,results_hpca_xorflow/complete_suite/paper_suite_20260728_v1/ramulator/yelp_l4.csv,93a4702fc2df5d32862b5839fc6dc6a8c1a61b17463853ec35df8a5749831648
ramulator,yelp_deepres8_w128_s7_balanced_fallback,RECORDED,xorflow,served_requests,110031490.0,count,full emitted trace,results_hpca_xorflow/complete_suite/paper_suite_20260728_v1/ramulator/yelp_l4.csv,93a4702fc2df5d32862b5839fc6dc6a8c1a61b17463853ec35df8a5749831648
ramulator,ogbn_arxiv_deepres8_w128_s17,RECORDED,beicsr,dram_cycles,6616878.0,cycles,full emitted trace,results_hpca_xorflow/complete_suite/paper_suite_dramsim3_20260728_v1/ramulator/arxiv_l4.csv,87469fcddab0b48eb3ceb559138f8ce9c29430d9f6aabfdf86c1d90494890db4
ramulator,ogbn_arxiv_deepres8_w128_s17,RECORDED,beicsr,speedup_vs_beicsr,1.0,ratio,full emitted trace,results_hpca_xorflow/complete_suite/paper_suite_dramsim3_20260728_v1/ramulator/arxiv_l4.csv,87469fcddab0b48eb3ceb559138f8ce9c29430d9f6aabfdf86c1d90494890db4
ramulator,ogbn_arxiv_deepres8_w128_s17,RECORDED,beicsr,requests,18866826.0,count,full emitted trace,results_hpca_xorflow/complete_suite/paper_suite_dramsim3_20260728_v1/ramulator/arxiv_l4.csv,87469fcddab0b48eb3ceb559138f8ce9c29430d9f6aabfdf86c1d90494890db4
ramulator,ogbn_arxiv_deepres8_w128_s17,RECORDED,beicsr,served_requests,18866826.0,count,full emitted trace,results_hpca_xorflow/complete_suite/paper_suite_dramsim3_20260728_v1/ramulator/arxiv_l4.csv,87469fcddab0b48eb3ceb559138f8ce9c29430d9f6aabfdf86c1d90494890db4
ramulator,ogbn_arxiv_deepres8_w128_s17,RECORDED,xorflow,dram_cycles,5808775.0,cycles,full emitted trace,results_hpca_xorflow/complete_suite/paper_suite_dramsim3_20260728_v1/ramulator/arxiv_l4.csv,87469fcddab0b48eb3ceb559138f8ce9c29430d9f6aabfdf86c1d90494890db4
ramulator,ogbn_arxiv_deepres8_w128_s17,RECORDED,xorflow,speedup_vs_beicsr,1.139117628071323,ratio,full emitted trace,results_hpca_xorflow/complete_suite/paper_suite_dramsim3_20260728_v1/ramulator/arxiv_l4.csv,87469fcddab0b48eb3ceb559138f8ce9c29430d9f6aabfdf86c1d90494890db4
ramulator,ogbn_arxiv_deepres8_w128_s17,RECORDED,xorflow,requests,16296274.0,count,full emitted trace,results_hpca_xorflow/complete_suite/paper_suite_dramsim3_20260728_v1/ramulator/arxiv_l4.csv,87469fcddab0b48eb3ceb559138f8ce9c29430d9f6aabfdf86c1d90494890db4
ramulator,ogbn_arxiv_deepres8_w128_s17,RECORDED,xorflow,served_requests,16296274.0,count,full emitted trace,results_hpca_xorflow/complete_suite/paper_suite_dramsim3_20260728_v1/ramulator/arxiv_l4.csv,87469fcddab0b48eb3ceb559138f8ce9c29430d9f6aabfdf86c1d90494890db4
ppa,,UNKNOWN,,access_time_ns,0.29171,ns,support_cache_sram,results_hpca_xorflow/complete_suite/ppa/20260729T_local_ppa_reroute/ppa_summary.csv,f7ea7e3b7278a830154183b543bb74835a48b1d5f76018469a29bcb1f0f62126
ppa,,UNKNOWN,,cycle_time_ns,0.264201,ns,support_cache_sram,results_hpca_xorflow/complete_suite/ppa/20260729T_local_ppa_reroute/ppa_summary.csv,f7ea7e3b7278a830154183b543bb74835a48b1d5f76018469a29bcb1f0f62126
ppa,,UNKNOWN,,area_mm2,0.0294029,mm2,support_cache_sram,results_hpca_xorflow/complete_suite/ppa/20260729T_local_ppa_reroute/ppa_summary.csv,f7ea7e3b7278a830154183b543bb74835a48b1d5f76018469a29bcb1f0f62126
ppa,,UNKNOWN,,dynamic_read_nj,0.00604792,count,support_cache_sram,results_hpca_xorflow/complete_suite/ppa/20260729T_local_ppa_reroute/ppa_summary.csv,f7ea7e3b7278a830154183b543bb74835a48b1d5f76018469a29bcb1f0f62126
ppa,,UNKNOWN,,leakage_mw,10.9893,count,support_cache_sram,results_hpca_xorflow/complete_suite/ppa/20260729T_local_ppa_reroute/ppa_summary.csv,f7ea7e3b7278a830154183b543bb74835a48b1d5f76018469a29bcb1f0f62126
ppa,,UNKNOWN,,access_time_ns,0.374495,ns,support_cache_sram,results_hpca_xorflow/complete_suite/ppa/20260729T_local_ppa_reroute/ppa_summary.csv,f7ea7e3b7278a830154183b543bb74835a48b1d5f76018469a29bcb1f0f62126
ppa,,UNKNOWN,,cycle_time_ns,0.329931,ns,support_cache_sram,results_hpca_xorflow/complete_suite/ppa/20260729T_local_ppa_reroute/ppa_summary.csv,f7ea7e3b7278a830154183b543bb74835a48b1d5f76018469a29bcb1f0f62126
ppa,,UNKNOWN,,area_mm2,0.0549288,mm2,support_cache_sram,results_hpca_xorflow/complete_suite/ppa/20260729T_local_ppa_reroute/ppa_summary.csv,f7ea7e3b7278a830154183b543bb74835a48b1d5f76018469a29bcb1f0f62126
ppa,,UNKNOWN,,dynamic_read_nj,0.00890893,count,support_cache_sram,results_hpca_xorflow/complete_suite/ppa/20260729T_local_ppa_reroute/ppa_summary.csv,f7ea7e3b7278a830154183b543bb74835a48b1d5f76018469a29bcb1f0f62126
ppa,,UNKNOWN,,leakage_mw,21.7743,count,support_cache_sram,results_hpca_xorflow/complete_suite/ppa/20260729T_local_ppa_reroute/ppa_summary.csv,f7ea7e3b7278a830154183b543bb74835a48b1d5f76018469a29bcb1f0f62126
ppa,,UNKNOWN,,access_time_ns,0.418486,ns,support_cache_sram,results_hpca_xorflow/complete_suite/ppa/20260729T_local_ppa_reroute/ppa_summary.csv,f7ea7e3b7278a830154183b543bb74835a48b1d5f76018469a29bcb1f0f62126
ppa,,UNKNOWN,,cycle_time_ns,0.466822,ns,support_cache_sram,results_hpca_xorflow/complete_suite/ppa/20260729T_local_ppa_reroute/ppa_summary.csv,f7ea7e3b7278a830154183b543bb74835a48b1d5f76018469a29bcb1f0f62126
ppa,,UNKNOWN,,area_mm2,0.106242,mm2,support_cache_sram,results_hpca_xorflow/complete_suite/ppa/20260729T_local_ppa_reroute/ppa_summary.csv,f7ea7e3b7278a830154183b543bb74835a48b1d5f76018469a29bcb1f0f62126
ppa,,UNKNOWN,,dynamic_read_nj,0.016998,count,support_cache_sram,results_hpca_xorflow/complete_suite/ppa/20260729T_local_ppa_reroute/ppa_summary.csv,f7ea7e3b7278a830154183b543bb74835a48b1d5f76018469a29bcb1f0f62126
ppa,,UNKNOWN,,leakage_mw,40.9298,count,support_cache_sram,results_hpca_xorflow/complete_suite/ppa/20260729T_local_ppa_reroute/ppa_summary.csv,f7ea7e3b7278a830154183b543bb74835a48b1d5f76018469a29bcb1f0f62126
ppa,,UNKNOWN,,access_time_ns,0.650404,ns,support_cache_sram,results_hpca_xorflow/complete_suite/ppa/20260729T_local_ppa_reroute/ppa_summary.csv,f7ea7e3b7278a830154183b543bb74835a48b1d5f76018469a29bcb1f0f62126
ppa,,UNKNOWN,,cycle_time_ns,0.466822,ns,support_cache_sram,results_hpca_xorflow/complete_suite/ppa/20260729T_local_ppa_reroute/ppa_summary.csv,f7ea7e3b7278a830154183b543bb74835a48b1d5f76018469a29bcb1f0f62126
ppa,,UNKNOWN,,area_mm2,0.234013,mm2,support_cache_sram,results_hpca_xorflow/complete_suite/ppa/20260729T_local_ppa_reroute/ppa_summary.csv,f7ea7e3b7278a830154183b543bb74835a48b1d5f76018469a29bcb1f0f62126
ppa,,UNKNOWN,,dynamic_read_nj,0.0212026,count,support_cache_sram,results_hpca_xorflow/complete_suite/ppa/20260729T_local_ppa_reroute/ppa_summary.csv,f7ea7e3b7278a830154183b543bb74835a48b1d5f76018469a29bcb1f0f62126
ppa,,UNKNOWN,,leakage_mw,81.8597,count,support_cache_sram,results_hpca_xorflow/complete_suite/ppa/20260729T_local_ppa_reroute/ppa_summary.csv,f7ea7e3b7278a830154183b543bb74835a48b1d5f76018469a29bcb1f0f62126
ppa,,UNKNOWN,,cell_count,1960.0,count,xorflow_decoder_lane_pipelined,results_hpca_xorflow/complete_suite/ppa/20260729T_local_ppa_reroute/ppa_summary.csv,f7ea7e3b7278a830154183b543bb74835a48b1d5f76018469a29bcb1f0f62126
ppa,,UNKNOWN,,cell_count,61504.0,count,xorflow_decoder_bank_pipelined,results_hpca_xorflow/complete_suite/ppa/20260729T_local_ppa_reroute/ppa_summary.csv,f7ea7e3b7278a830154183b543bb74835a48b1d5f76018469a29bcb1f0f62126
ppa,,UNKNOWN,,cycle_time_ns,1.0,ns,decoder_lane_placed,results_hpca_xorflow/complete_suite/ppa/20260729T_local_ppa_reroute/ppa_summary.csv,f7ea7e3b7278a830154183b543bb74835a48b1d5f76018469a29bcb1f0f62126
ppa,,UNKNOWN,,area_mm2,0.00459,mm2,decoder_lane_placed,results_hpca_xorflow/complete_suite/ppa/20260729T_local_ppa_reroute/ppa_summary.csv,f7ea7e3b7278a830154183b543bb74835a48b1d5f76018469a29bcb1f0f62126
ppa,,UNKNOWN,,power_w,0.0155,count,decoder_lane_placed,results_hpca_xorflow/complete_suite/ppa/20260729T_local_ppa_reroute/ppa_summary.csv,f7ea7e3b7278a830154183b543bb74835a48b1d5f76018469a29bcb1f0f62126
ppa,,UNKNOWN,,fmax_mhz,1458.88,count,decoder_lane_placed,results_hpca_xorflow/complete_suite/ppa/20260729T_local_ppa_reroute/ppa_summary.csv,f7ea7e3b7278a830154183b543bb74835a48b1d5f76018469a29bcb1f0f62126
ppa,,UNKNOWN,,cycle_time_ns,1.0,ns,decoder_32lane_linear_estimate,results_hpca_xorflow/complete_suite/ppa/20260729T_local_ppa_reroute/ppa_summary.csv,f7ea7e3b7278a830154183b543bb74835a48b1d5f76018469a29bcb1f0f62126
ppa,,UNKNOWN,,area_mm2,0.14688,mm2,decoder_32lane_linear_estimate,results_hpca_xorflow/complete_suite/ppa/20260729T_local_ppa_reroute/ppa_summary.csv,f7ea7e3b7278a830154183b543bb74835a48b1d5f76018469a29bcb1f0f62126
ppa,,UNKNOWN,,power_w,0.496,count,decoder_32lane_linear_estimate,results_hpca_xorflow/complete_suite/ppa/20260729T_local_ppa_reroute/ppa_summary.csv,f7ea7e3b7278a830154183b543bb74835a48b1d5f76018469a29bcb1f0f62126
ppa,,UNKNOWN,,fmax_mhz,1458.88,count,decoder_32lane_linear_estimate,results_hpca_xorflow/complete_suite/ppa/20260729T_local_ppa_reroute/ppa_summary.csv,f7ea7e3b7278a830154183b543bb74835a48b1d5f76018469a29bcb1f0f62126
ppa,,UNKNOWN,,cell_count,1960.0,count,xorflow_decoder_lane_pipelined,results_hpca_xorflow/complete_suite/ppa/20260729T_local_ppa_v1/ppa_summary.csv,c0a6419eda80667795ee6ed8fa9563b5f2938b4d22b40ddf6c583dd3cd489c72
ppa,,UNKNOWN,,cell_count,61504.0,count,xorflow_decoder_bank_pipelined,results_hpca_xorflow/complete_suite/ppa/20260729T_local_ppa_v1/ppa_summary.csv,c0a6419eda80667795ee6ed8fa9563b5f2938b4d22b40ddf6c583dd3cd489c72
ppa,,UNKNOWN,,cycle_time_ns,1.0,ns,decoder_lane_placed,results_hpca_xorflow/complete_suite/ppa/20260729T_local_ppa_v1/ppa_summary.csv,c0a6419eda80667795ee6ed8fa9563b5f2938b4d22b40ddf6c583dd3cd489c72
ppa,,UNKNOWN,,power_w,0.0155,count,decoder_lane_placed,results_hpca_xorflow/complete_suite/ppa/20260729T_local_ppa_v1/ppa_summary.csv,c0a6419eda80667795ee6ed8fa9563b5f2938b4d22b40ddf6c583dd3cd489c72
ppa,,UNKNOWN,,fmax_mhz,1458.88,count,decoder_lane_placed,results_hpca_xorflow/complete_suite/ppa/20260729T_local_ppa_v1/ppa_summary.csv,c0a6419eda80667795ee6ed8fa9563b5f2938b4d22b40ddf6c583dd3cd489c72
ppa,,UNKNOWN,,cycle_time_ns,1.0,ns,decoder_32lane_linear_estimate,results_hpca_xorflow/complete_suite/ppa/20260729T_local_ppa_v1/ppa_summary.csv,c0a6419eda80667795ee6ed8fa9563b5f2938b4d22b40ddf6c583dd3cd489c72
ppa,,UNKNOWN,,power_w,0.496,count,decoder_32lane_linear_estimate,results_hpca_xorflow/complete_suite/ppa/20260729T_local_ppa_v1/ppa_summary.csv,c0a6419eda80667795ee6ed8fa9563b5f2938b4d22b40ddf6c583dd3cd489c72
ppa,,UNKNOWN,,fmax_mhz,1458.88,count,decoder_32lane_linear_estimate,results_hpca_xorflow/complete_suite/ppa/20260729T_local_ppa_v1/ppa_summary.csv,c0a6419eda80667795ee6ed8fa9563b5f2938b4d22b40ddf6c583dd3cd489c72
ppa,,UNKNOWN,,cell_count,1960.0,count,xorflow_decoder_lane_pipelined,results_hpca_xorflow/complete_suite/ppa/20260729T_local_ppa_v2/ppa_summary.csv,65ab55249b52d031be22995a064442dc6fd48ea6b1c514e8f1c777ff632227c7
ppa,,UNKNOWN,,cell_count,61504.0,count,xorflow_decoder_bank_pipelined,results_hpca_xorflow/complete_suite/ppa/20260729T_local_ppa_v2/ppa_summary.csv,65ab55249b52d031be22995a064442dc6fd48ea6b1c514e8f1c777ff632227c7
ppa,,UNKNOWN,,cycle_time_ns,1.0,ns,decoder_lane_placed,results_hpca_xorflow/complete_suite/ppa/20260729T_local_ppa_v2/ppa_summary.csv,65ab55249b52d031be22995a064442dc6fd48ea6b1c514e8f1c777ff632227c7
ppa,,UNKNOWN,,area_mm2,0.00459,mm2,decoder_lane_placed,results_hpca_xorflow/complete_suite/ppa/20260729T_local_ppa_v2/ppa_summary.csv,65ab55249b52d031be22995a064442dc6fd48ea6b1c514e8f1c777ff632227c7
ppa,,UNKNOWN,,power_w,0.0155,count,decoder_lane_placed,results_hpca_xorflow/complete_suite/ppa/20260729T_local_ppa_v2/ppa_summary.csv,65ab55249b52d031be22995a064442dc6fd48ea6b1c514e8f1c777ff632227c7
ppa,,UNKNOWN,,fmax_mhz,1458.88,count,decoder_lane_placed,results_hpca_xorflow/complete_suite/ppa/20260729T_local_ppa_v2/ppa_summary.csv,65ab55249b52d031be22995a064442dc6fd48ea6b1c514e8f1c777ff632227c7
ppa,,UNKNOWN,,cycle_time_ns,1.0,ns,decoder_32lane_linear_estimate,results_hpca_xorflow/complete_suite/ppa/20260729T_local_ppa_v2/ppa_summary.csv,65ab55249b52d031be22995a064442dc6fd48ea6b1c514e8f1c777ff632227c7
ppa,,UNKNOWN,,area_mm2,0.14688,mm2,decoder_32lane_linear_estimate,results_hpca_xorflow/complete_suite/ppa/20260729T_local_ppa_v2/ppa_summary.csv,65ab55249b52d031be22995a064442dc6fd48ea6b1c514e8f1c777ff632227c7
ppa,,UNKNOWN,,power_w,0.496,count,decoder_32lane_linear_estimate,results_hpca_xorflow/complete_suite/ppa/20260729T_local_ppa_v2/ppa_summary.csv,65ab55249b52d031be22995a064442dc6fd48ea6b1c514e8f1c777ff632227c7
ppa,,UNKNOWN,,fmax_mhz,1458.88,count,decoder_32lane_linear_estimate,results_hpca_xorflow/complete_suite/ppa/20260729T_local_ppa_v2/ppa_summary.csv,65ab55249b52d031be22995a064442dc6fd48ea6b1c514e8f1c777ff632227c7
ppa,,UNKNOWN,,access_time_ns,0.29171,ns,support_cache_sram,results_hpca_xorflow/complete_suite/ppa/20260729T_local_ppa_v3/ppa_summary.csv,1fa05b6b411a4165637fc0689d647bb5bb7a765eee66b1a2ddf860c9709c18ec
ppa,,UNKNOWN,,cycle_time_ns,0.264201,ns,support_cache_sram,results_hpca_xorflow/complete_suite/ppa/20260729T_local_ppa_v3/ppa_summary.csv,1fa05b6b411a4165637fc0689d647bb5bb7a765eee66b1a2ddf860c9709c18ec
ppa,,UNKNOWN,,area_mm2,0.0294029,mm2,support_cache_sram,results_hpca_xorflow/complete_suite/ppa/20260729T_local_ppa_v3/ppa_summary.csv,1fa05b6b411a4165637fc0689d647bb5bb7a765eee66b1a2ddf860c9709c18ec
ppa,,UNKNOWN,,dynamic_read_nj,0.00604792,count,support_cache_sram,results_hpca_xorflow/complete_suite/ppa/20260729T_local_ppa_v3/ppa_summary.csv,1fa05b6b411a4165637fc0689d647bb5bb7a765eee66b1a2ddf860c9709c18ec
ppa,,UNKNOWN,,leakage_mw,10.9893,count,support_cache_sram,results_hpca_xorflow/complete_suite/ppa/20260729T_local_ppa_v3/ppa_summary.csv,1fa05b6b411a4165637fc0689d647bb5bb7a765eee66b1a2ddf860c9709c18ec
ppa,,UNKNOWN,,access_time_ns,0.374495,ns,support_cache_sram,results_hpca_xorflow/complete_suite/ppa/20260729T_local_ppa_v3/ppa_summary.csv,1fa05b6b411a4165637fc0689d647bb5bb7a765eee66b1a2ddf860c9709c18ec
ppa,,UNKNOWN,,cycle_time_ns,0.329931,ns,support_cache_sram,results_hpca_xorflow/complete_suite/ppa/20260729T_local_ppa_v3/ppa_summary.csv,1fa05b6b411a4165637fc0689d647bb5bb7a765eee66b1a2ddf860c9709c18ec
ppa,,UNKNOWN,,area_mm2,0.0549288,mm2,support_cache_sram,results_hpca_xorflow/complete_suite/ppa/20260729T_local_ppa_v3/ppa_summary.csv,1fa05b6b411a4165637fc0689d647bb5bb7a765eee66b1a2ddf860c9709c18ec
ppa,,UNKNOWN,,dynamic_read_nj,0.00890893,count,support_cache_sram,results_hpca_xorflow/complete_suite/ppa/20260729T_local_ppa_v3/ppa_summary.csv,1fa05b6b411a4165637fc0689d647bb5bb7a765eee66b1a2ddf860c9709c18ec
ppa,,UNKNOWN,,leakage_mw,21.7743,count,support_cache_sram,results_hpca_xorflow/complete_suite/ppa/20260729T_local_ppa_v3/ppa_summary.csv,1fa05b6b411a4165637fc0689d647bb5bb7a765eee66b1a2ddf860c9709c18ec
ppa,,UNKNOWN,,access_time_ns,0.418486,ns,support_cache_sram,results_hpca_xorflow/complete_suite/ppa/20260729T_local_ppa_v3/ppa_summary.csv,1fa05b6b411a4165637fc0689d647bb5bb7a765eee66b1a2ddf860c9709c18ec
ppa,,UNKNOWN,,cycle_time_ns,0.466822,ns,support_cache_sram,results_hpca_xorflow/complete_suite/ppa/20260729T_local_ppa_v3/ppa_summary.csv,1fa05b6b411a4165637fc0689d647bb5bb7a765eee66b1a2ddf860c9709c18ec
ppa,,UNKNOWN,,area_mm2,0.106242,mm2,support_cache_sram,results_hpca_xorflow/complete_suite/ppa/20260729T_local_ppa_v3/ppa_summary.csv,1fa05b6b411a4165637fc0689d647bb5bb7a765eee66b1a2ddf860c9709c18ec
ppa,,UNKNOWN,,dynamic_read_nj,0.016998,count,support_cache_sram,results_hpca_xorflow/complete_suite/ppa/20260729T_local_ppa_v3/ppa_summary.csv,1fa05b6b411a4165637fc0689d647bb5bb7a765eee66b1a2ddf860c9709c18ec
ppa,,UNKNOWN,,leakage_mw,40.9298,count,support_cache_sram,results_hpca_xorflow/complete_suite/ppa/20260729T_local_ppa_v3/ppa_summary.csv,1fa05b6b411a4165637fc0689d647bb5bb7a765eee66b1a2ddf860c9709c18ec
ppa,,UNKNOWN,,access_time_ns,0.650404,ns,support_cache_sram,results_hpca_xorflow/complete_suite/ppa/20260729T_local_ppa_v3/ppa_summary.csv,1fa05b6b411a4165637fc0689d647bb5bb7a765eee66b1a2ddf860c9709c18ec
ppa,,UNKNOWN,,cycle_time_ns,0.466822,ns,support_cache_sram,results_hpca_xorflow/complete_suite/ppa/20260729T_local_ppa_v3/ppa_summary.csv,1fa05b6b411a4165637fc0689d647bb5bb7a765eee66b1a2ddf860c9709c18ec
ppa,,UNKNOWN,,area_mm2,0.234013,mm2,support_cache_sram,results_hpca_xorflow/complete_suite/ppa/20260729T_local_ppa_v3/ppa_summary.csv,1fa05b6b411a4165637fc0689d647bb5bb7a765eee66b1a2ddf860c9709c18ec
ppa,,UNKNOWN,,dynamic_read_nj,0.0212026,count,support_cache_sram,results_hpca_xorflow/complete_suite/ppa/20260729T_local_ppa_v3/ppa_summary.csv,1fa05b6b411a4165637fc0689d647bb5bb7a765eee66b1a2ddf860c9709c18ec
ppa,,UNKNOWN,,leakage_mw,81.8597,count,support_cache_sram,results_hpca_xorflow/complete_suite/ppa/20260729T_local_ppa_v3/ppa_summary.csv,1fa05b6b411a4165637fc0689d647bb5bb7a765eee66b1a2ddf860c9709c18ec
ppa,,UNKNOWN,,cell_count,1960.0,count,xorflow_decoder_lane_pipelined,results_hpca_xorflow/complete_suite/ppa/20260729T_local_ppa_v3/ppa_summary.csv,1fa05b6b411a4165637fc0689d647bb5bb7a765eee66b1a2ddf860c9709c18ec
ppa,,UNKNOWN,,cell_count,61504.0,count,xorflow_decoder_bank_pipelined,results_hpca_xorflow/complete_suite/ppa/20260729T_local_ppa_v3/ppa_summary.csv,1fa05b6b411a4165637fc0689d647bb5bb7a765eee66b1a2ddf860c9709c18ec
ppa,,UNKNOWN,,cycle_time_ns,1.0,ns,decoder_lane_placed,results_hpca_xorflow/complete_suite/ppa/20260729T_local_ppa_v3/ppa_summary.csv,1fa05b6b411a4165637fc0689d647bb5bb7a765eee66b1a2ddf860c9709c18ec
ppa,,UNKNOWN,,area_mm2,0.00459,mm2,decoder_lane_placed,results_hpca_xorflow/complete_suite/ppa/20260729T_local_ppa_v3/ppa_summary.csv,1fa05b6b411a4165637fc0689d647bb5bb7a765eee66b1a2ddf860c9709c18ec
ppa,,UNKNOWN,,power_w,0.0155,count,decoder_lane_placed,results_hpca_xorflow/complete_suite/ppa/20260729T_local_ppa_v3/ppa_summary.csv,1fa05b6b411a4165637fc0689d647bb5bb7a765eee66b1a2ddf860c9709c18ec
ppa,,UNKNOWN,,fmax_mhz,1458.88,count,decoder_lane_placed,results_hpca_xorflow/complete_suite/ppa/20260729T_local_ppa_v3/ppa_summary.csv,1fa05b6b411a4165637fc0689d647bb5bb7a765eee66b1a2ddf860c9709c18ec
ppa,,UNKNOWN,,cycle_time_ns,1.0,ns,decoder_32lane_linear_estimate,results_hpca_xorflow/complete_suite/ppa/20260729T_local_ppa_v3/ppa_summary.csv,1fa05b6b411a4165637fc0689d647bb5bb7a765eee66b1a2ddf860c9709c18ec
ppa,,UNKNOWN,,area_mm2,0.14688,mm2,decoder_32lane_linear_estimate,results_hpca_xorflow/complete_suite/ppa/20260729T_local_ppa_v3/ppa_summary.csv,1fa05b6b411a4165637fc0689d647bb5bb7a765eee66b1a2ddf860c9709c18ec
ppa,,UNKNOWN,,power_w,0.496,count,decoder_32lane_linear_estimate,results_hpca_xorflow/complete_suite/ppa/20260729T_local_ppa_v3/ppa_summary.csv,1fa05b6b411a4165637fc0689d647bb5bb7a765eee66b1a2ddf860c9709c18ec
ppa,,UNKNOWN,,fmax_mhz,1458.88,count,decoder_32lane_linear_estimate,results_hpca_xorflow/complete_suite/ppa/20260729T_local_ppa_v3/ppa_summary.csv,1fa05b6b411a4165637fc0689d647bb5bb7a765eee66b1a2ddf860c9709c18ec
ppa,,UNKNOWN,,cell_count,1960.0,count,xorflow_decoder_lane_pipelined,results_hpca_xorflow/complete_suite/ppa/zzppa/ppa_summary.csv,6e686629e96eabcf742bbf0a018d68bcfe128e2f9031b5a26f8578fbde1bc994
ppa,,UNKNOWN,,cell_count,61504.0,count,xorflow_decoder_bank_pipelined,results_hpca_xorflow/complete_suite/ppa/zzppa/ppa_summary.csv,6e686629e96eabcf742bbf0a018d68bcfe128e2f9031b5a26f8578fbde1bc994
ppa,,UNKNOWN,,cycle_time_ns,1.0,ns,decoder_lane_placed,results_hpca_xorflow/complete_suite/ppa/zzppa/ppa_summary.csv,6e686629e96eabcf742bbf0a018d68bcfe128e2f9031b5a26f8578fbde1bc994
ppa,,UNKNOWN,,power_w,0.0155,count,decoder_lane_placed,results_hpca_xorflow/complete_suite/ppa/zzppa/ppa_summary.csv,6e686629e96eabcf742bbf0a018d68bcfe128e2f9031b5a26f8578fbde1bc994
ppa,,UNKNOWN,,fmax_mhz,1458.88,count,decoder_lane_placed,results_hpca_xorflow/complete_suite/ppa/zzppa/ppa_summary.csv,6e686629e96eabcf742bbf0a018d68bcfe128e2f9031b5a26f8578fbde1bc994
ppa,,UNKNOWN,,cycle_time_ns,1.0,ns,decoder_32lane_linear_estimate,results_hpca_xorflow/complete_suite/ppa/zzppa/ppa_summary.csv,6e686629e96eabcf742bbf0a018d68bcfe128e2f9031b5a26f8578fbde1bc994
ppa,,UNKNOWN,,power_w,0.496,count,decoder_32lane_linear_estimate,results_hpca_xorflow/complete_suite/ppa/zzppa/ppa_summary.csv,6e686629e96eabcf742bbf0a018d68bcfe128e2f9031b5a26f8578fbde1bc994
ppa,,UNKNOWN,,fmax_mhz,1458.88,count,decoder_32lane_linear_estimate,results_hpca_xorflow/complete_suite/ppa/zzppa/ppa_summary.csv,6e686629e96eabcf742bbf0a018d68bcfe128e2f9031b5a26f8578fbde1bc994
causal_preflight,ogbn_arxiv_deepres8_w128_s17,RECORDED,,support_ratio_to_beicsr,0.7227651702297835,ratio,causal two-layer,results_hpca_xorflow/complete_suite/runs/abl_arxiv_decoder8/causal_preflight.csv,6a85a236cd9d9f015aa76b1797f2b294542b86241669586bf0dcef4808ab5374
causal_preflight,ogbn_arxiv_deepres8_w128_s17,RECORDED,,traffic_reduction,0.1362471921945746,fraction,causal two-layer,results_hpca_xorflow/complete_suite/runs/abl_arxiv_decoder8/causal_preflight.csv,6a85a236cd9d9f015aa76b1797f2b294542b86241669586bf0dcef4808ab5374
causal_preflight,ogbn_arxiv_deepres8_w128_s17,RECORDED,,serialized_speedup,1.1461466803718114,ratio,causal two-layer,results_hpca_xorflow/complete_suite/runs/abl_arxiv_decoder8/causal_preflight.csv,6a85a236cd9d9f015aa76b1797f2b294542b86241669586bf0dcef4808ab5374
causal_preflight,ogbn_arxiv_deepres8_w128_s17,RECORDED,,double_buffered_speedup,1.156116282018829,ratio,causal two-layer,results_hpca_xorflow/complete_suite/runs/abl_arxiv_decoder8/causal_preflight.csv,6a85a236cd9d9f015aa76b1797f2b294542b86241669586bf0dcef4808ab5374
causal_preflight,ogbn_arxiv_deepres8_w128_s17,RECORDED,,xorflow_total_bytes,521480752.0,bytes,causal two-layer,results_hpca_xorflow/complete_suite/runs/abl_arxiv_decoder8/causal_preflight.csv,6a85a236cd9d9f015aa76b1797f2b294542b86241669586bf0dcef4808ab5374
causal_preflight,ogbn_arxiv_deepres8_w128_s17,RECORDED,,beicsr_total_bytes,603738416.0,bytes,causal two-layer,results_hpca_xorflow/complete_suite/runs/abl_arxiv_decoder8/causal_preflight.csv,6a85a236cd9d9f015aa76b1797f2b294542b86241669586bf0dcef4808ab5374
causal_preflight,ogbn_arxiv_deepres8_w128_s17,RECORDED,,support_ratio_to_beicsr,0.6623898028787071,ratio,causal two-layer,results_hpca_xorflow/complete_suite/runs/abl_arxiv_decoder8/causal_preflight.csv,6a85a236cd9d9f015aa76b1797f2b294542b86241669586bf0dcef4808ab5374
causal_preflight,ogbn_arxiv_deepres8_w128_s17,RECORDED,,traffic_reduction,0.272675477239821,fraction,causal two-layer,results_hpca_xorflow/complete_suite/runs/abl_arxiv_decoder8/causal_preflight.csv,6a85a236cd9d9f015aa76b1797f2b294542b86241669586bf0dcef4808ab5374
causal_preflight,ogbn_arxiv_deepres8_w128_s17,RECORDED,,serialized_speedup,1.3574288572248625,ratio,causal two-layer,results_hpca_xorflow/complete_suite/runs/abl_arxiv_decoder8/causal_preflight.csv,6a85a236cd9d9f015aa76b1797f2b294542b86241669586bf0dcef4808ab5374
causal_preflight,ogbn_arxiv_deepres8_w128_s17,RECORDED,,double_buffered_speedup,1.3703307090968475,ratio,causal two-layer,results_hpca_xorflow/complete_suite/runs/abl_arxiv_decoder8/causal_preflight.csv,6a85a236cd9d9f015aa76b1797f2b294542b86241669586bf0dcef4808ab5374
causal_preflight,ogbn_arxiv_deepres8_w128_s17,RECORDED,,xorflow_total_bytes,438996080.0,bytes,causal two-layer,results_hpca_xorflow/complete_suite/runs/abl_arxiv_decoder8/causal_preflight.csv,6a85a236cd9d9f015aa76b1797f2b294542b86241669586bf0dcef4808ab5374
causal_preflight,ogbn_arxiv_deepres8_w128_s17,RECORDED,,beicsr_total_bytes,603576624.0,bytes,causal two-layer,results_hpca_xorflow/complete_suite/runs/abl_arxiv_decoder8/causal_preflight.csv,6a85a236cd9d9f015aa76b1797f2b294542b86241669586bf0dcef4808ab5374
host,ogbn_arxiv_deepres8_w128_s17,RECORDED,,host_speedup,1.1023292405041742,ratio,aggregation+combination+support_io; energy_pending,results_hpca_xorflow/complete_suite/runs/abl_arxiv_decoder8/host_model.csv,519036e258cb7ebef8a94c56a81636d306dc982984f814e1c3b4b2cd1688888e
host,ogbn_arxiv_deepres8_w128_s17,RECORDED,,beicsr_host_cycles,2719713.0,cycles,aggregation+combination+support_io; energy_pending,results_hpca_xorflow/complete_suite/runs/abl_arxiv_decoder8/host_model.csv,519036e258cb7ebef8a94c56a81636d306dc982984f814e1c3b4b2cd1688888e
host,ogbn_arxiv_deepres8_w128_s17,RECORDED,,xorflow_host_cycles,2467242.0,cycles,aggregation+combination+support_io; energy_pending,results_hpca_xorflow/complete_suite/runs/abl_arxiv_decoder8/host_model.csv,519036e258cb7ebef8a94c56a81636d306dc982984f814e1c3b4b2cd1688888e
host,ogbn_arxiv_deepres8_w128_s17,RECORDED,,combination_scalesim_utilization,99.55818937008917,ratio,aggregation+combination+support_io; energy_pending,results_hpca_xorflow/complete_suite/runs/abl_arxiv_decoder8/host_model.csv,519036e258cb7ebef8a94c56a81636d306dc982984f814e1c3b4b2cd1688888e
host,ogbn_arxiv_deepres8_w128_s17,RECORDED,,host_speedup,1.2710232624451627,ratio,aggregation+combination+support_io; energy_pending,results_hpca_xorflow/complete_suite/runs/abl_arxiv_decoder8/host_model.csv,519036e258cb7ebef8a94c56a81636d306dc982984f814e1c3b4b2cd1688888e
host,ogbn_arxiv_deepres8_w128_s17,RECORDED,,beicsr_host_cycles,2719081.0,cycles,aggregation+combination+support_io; energy_pending,results_hpca_xorflow/complete_suite/runs/abl_arxiv_decoder8/host_model.csv,519036e258cb7ebef8a94c56a81636d306dc982984f814e1c3b4b2cd1688888e
host,ogbn_arxiv_deepres8_w128_s17,RECORDED,,xorflow_host_cycles,2139285.0,cycles,aggregation+combination+support_io; energy_pending,results_hpca_xorflow/complete_suite/runs/abl_arxiv_decoder8/host_model.csv,519036e258cb7ebef8a94c56a81636d306dc982984f814e1c3b4b2cd1688888e
host,ogbn_arxiv_deepres8_w128_s17,RECORDED,,combination_scalesim_utilization,99.55818937008917,ratio,aggregation+combination+support_io; energy_pending,results_hpca_xorflow/complete_suite/runs/abl_arxiv_decoder8/host_model.csv,519036e258cb7ebef8a94c56a81636d306dc982984f814e1c3b4b2cd1688888e
causal_preflight,ogbn_arxiv_deepres8_w128_s17,RECORDED,,support_ratio_to_beicsr,0.7227651702297835,ratio,causal two-layer,results_hpca_xorflow/complete_suite/runs/abl_arxiv_dram128/causal_preflight.csv,6a85a236cd9d9f015aa76b1797f2b294542b86241669586bf0dcef4808ab5374
causal_preflight,ogbn_arxiv_deepres8_w128_s17,RECORDED,,traffic_reduction,0.1362471921945746,fraction,causal two-layer,results_hpca_xorflow/complete_suite/runs/abl_arxiv_dram128/causal_preflight.csv,6a85a236cd9d9f015aa76b1797f2b294542b86241669586bf0dcef4808ab5374
causal_preflight,ogbn_arxiv_deepres8_w128_s17,RECORDED,,serialized_speedup,1.1461466803718114,ratio,causal two-layer,results_hpca_xorflow/complete_suite/runs/abl_arxiv_dram128/causal_preflight.csv,6a85a236cd9d9f015aa76b1797f2b294542b86241669586bf0dcef4808ab5374
causal_preflight,ogbn_arxiv_deepres8_w128_s17,RECORDED,,double_buffered_speedup,1.156116282018829,ratio,causal two-layer,results_hpca_xorflow/complete_suite/runs/abl_arxiv_dram128/causal_preflight.csv,6a85a236cd9d9f015aa76b1797f2b294542b86241669586bf0dcef4808ab5374
causal_preflight,ogbn_arxiv_deepres8_w128_s17,RECORDED,,xorflow_total_bytes,521480752.0,bytes,causal two-layer,results_hpca_xorflow/complete_suite/runs/abl_arxiv_dram128/causal_preflight.csv,6a85a236cd9d9f015aa76b1797f2b294542b86241669586bf0dcef4808ab5374
causal_preflight,ogbn_arxiv_deepres8_w128_s17,RECORDED,,beicsr_total_bytes,603738416.0,bytes,causal two-layer,results_hpca_xorflow/complete_suite/runs/abl_arxiv_dram128/causal_preflight.csv,6a85a236cd9d9f015aa76b1797f2b294542b86241669586bf0dcef4808ab5374
causal_preflight,ogbn_arxiv_deepres8_w128_s17,RECORDED,,support_ratio_to_beicsr,0.6623898028787071,ratio,causal two-layer,results_hpca_xorflow/complete_suite/runs/abl_arxiv_dram128/causal_preflight.csv,6a85a236cd9d9f015aa76b1797f2b294542b86241669586bf0dcef4808ab5374
causal_preflight,ogbn_arxiv_deepres8_w128_s17,RECORDED,,traffic_reduction,0.272675477239821,fraction,causal two-layer,results_hpca_xorflow/complete_suite/runs/abl_arxiv_dram128/causal_preflight.csv,6a85a236cd9d9f015aa76b1797f2b294542b86241669586bf0dcef4808ab5374
causal_preflight,ogbn_arxiv_deepres8_w128_s17,RECORDED,,serialized_speedup,1.3574288572248625,ratio,causal two-layer,results_hpca_xorflow/complete_suite/runs/abl_arxiv_dram128/causal_preflight.csv,6a85a236cd9d9f015aa76b1797f2b294542b86241669586bf0dcef4808ab5374
causal_preflight,ogbn_arxiv_deepres8_w128_s17,RECORDED,,double_buffered_speedup,1.3703307090968475,ratio,causal two-layer,results_hpca_xorflow/complete_suite/runs/abl_arxiv_dram128/causal_preflight.csv,6a85a236cd9d9f015aa76b1797f2b294542b86241669586bf0dcef4808ab5374
causal_preflight,ogbn_arxiv_deepres8_w128_s17,RECORDED,,xorflow_total_bytes,438996080.0,bytes,causal two-layer,results_hpca_xorflow/complete_suite/runs/abl_arxiv_dram128/causal_preflight.csv,6a85a236cd9d9f015aa76b1797f2b294542b86241669586bf0dcef4808ab5374
causal_preflight,ogbn_arxiv_deepres8_w128_s17,RECORDED,,beicsr_total_bytes,603576624.0,bytes,causal two-layer,results_hpca_xorflow/complete_suite/runs/abl_arxiv_dram128/causal_preflight.csv,6a85a236cd9d9f015aa76b1797f2b294542b86241669586bf0dcef4808ab5374
host,ogbn_arxiv_deepres8_w128_s17,RECORDED,,host_speedup,1.1404618383700456,ratio,aggregation+combination+support_io; energy_pending,results_hpca_xorflow/complete_suite/runs/abl_arxiv_dram128/host_model.csv,d15c3660c114298f6c51598e168acd667f421fb2e4d54dd6fa5004b8eed57569
host,ogbn_arxiv_deepres8_w128_s17,RECORDED,,beicsr_host_cycles,5078066.0,cycles,aggregation+combination+support_io; energy_pending,results_hpca_xorflow/complete_suite/runs/abl_arxiv_dram128/host_model.csv,d15c3660c114298f6c51598e168acd667f421fb2e4d54dd6fa5004b8eed57569
host,ogbn_arxiv_deepres8_w128_s17,RECORDED,,xorflow_host_cycles,4452640.0,cycles,aggregation+combination+support_io; energy_pending,results_hpca_xorflow/complete_suite/runs/abl_arxiv_dram128/host_model.csv,d15c3660c114298f6c51598e168acd667f421fb2e4d54dd6fa5004b8eed57569
host,ogbn_arxiv_deepres8_w128_s17,RECORDED,,combination_scalesim_utilization,99.55818937008917,ratio,aggregation+combination+support_io; energy_pending,results_hpca_xorflow/complete_suite/runs/abl_arxiv_dram128/host_model.csv,d15c3660c114298f6c51598e168acd667f421fb2e4d54dd6fa5004b8eed57569
host,ogbn_arxiv_deepres8_w128_s17,RECORDED,,host_speedup,1.333617211977227,ratio,aggregation+combination+support_io; energy_pending,results_hpca_xorflow/complete_suite/runs/abl_arxiv_dram128/host_model.csv,d15c3660c114298f6c51598e168acd667f421fb2e4d54dd6fa5004b8eed57569
host,ogbn_arxiv_deepres8_w128_s17,RECORDED,,beicsr_host_cycles,5076802.0,cycles,aggregation+combination+support_io; energy_pending,results_hpca_xorflow/complete_suite/runs/abl_arxiv_dram128/host_model.csv,d15c3660c114298f6c51598e168acd667f421fb2e4d54dd6fa5004b8eed57569
host,ogbn_arxiv_deepres8_w128_s17,RECORDED,,xorflow_host_cycles,3806791.0,cycles,aggregation+combination+support_io; energy_pending,results_hpca_xorflow/complete_suite/runs/abl_arxiv_dram128/host_model.csv,d15c3660c114298f6c51598e168acd667f421fb2e4d54dd6fa5004b8eed57569
host,ogbn_arxiv_deepres8_w128_s17,RECORDED,,combination_scalesim_utilization,99.55818937008917,ratio,aggregation+combination+support_io; energy_pending,results_hpca_xorflow/complete_suite/runs/abl_arxiv_dram128/host_model.csv,d15c3660c114298f6c51598e168acd667f421fb2e4d54dd6fa5004b8eed57569
causal_preflight,ogbn_arxiv_deepres8_w128_s17,RECORDED,,support_ratio_to_beicsr,0.7227651702297835,ratio,causal two-layer,results_hpca_xorflow/complete_suite/runs/abl_arxiv_dram512/causal_preflight.csv,6a85a236cd9d9f015aa76b1797f2b294542b86241669586bf0dcef4808ab5374
causal_preflight,ogbn_arxiv_deepres8_w128_s17,RECORDED,,traffic_reduction,0.1362471921945746,fraction,causal two-layer,results_hpca_xorflow/complete_suite/runs/abl_arxiv_dram512/causal_preflight.csv,6a85a236cd9d9f015aa76b1797f2b294542b86241669586bf0dcef4808ab5374
causal_preflight,ogbn_arxiv_deepres8_w128_s17,RECORDED,,serialized_speedup,1.1461466803718114,ratio,causal two-layer,results_hpca_xorflow/complete_suite/runs/abl_arxiv_dram512/causal_preflight.csv,6a85a236cd9d9f015aa76b1797f2b294542b86241669586bf0dcef4808ab5374
causal_preflight,ogbn_arxiv_deepres8_w128_s17,RECORDED,,double_buffered_speedup,1.156116282018829,ratio,causal two-layer,results_hpca_xorflow/complete_suite/runs/abl_arxiv_dram512/causal_preflight.csv,6a85a236cd9d9f015aa76b1797f2b294542b86241669586bf0dcef4808ab5374
causal_preflight,ogbn_arxiv_deepres8_w128_s17,RECORDED,,xorflow_total_bytes,521480752.0,bytes,causal two-layer,results_hpca_xorflow/complete_suite/runs/abl_arxiv_dram512/causal_preflight.csv,6a85a236cd9d9f015aa76b1797f2b294542b86241669586bf0dcef4808ab5374
causal_preflight,ogbn_arxiv_deepres8_w128_s17,RECORDED,,beicsr_total_bytes,603738416.0,bytes,causal two-layer,results_hpca_xorflow/complete_suite/runs/abl_arxiv_dram512/causal_preflight.csv,6a85a236cd9d9f015aa76b1797f2b294542b86241669586bf0dcef4808ab5374
causal_preflight,ogbn_arxiv_deepres8_w128_s17,RECORDED,,support_ratio_to_beicsr,0.6623898028787071,ratio,causal two-layer,results_hpca_xorflow/complete_suite/runs/abl_arxiv_dram512/causal_preflight.csv,6a85a236cd9d9f015aa76b1797f2b294542b86241669586bf0dcef4808ab5374
causal_preflight,ogbn_arxiv_deepres8_w128_s17,RECORDED,,traffic_reduction,0.272675477239821,fraction,causal two-layer,results_hpca_xorflow/complete_suite/runs/abl_arxiv_dram512/causal_preflight.csv,6a85a236cd9d9f015aa76b1797f2b294542b86241669586bf0dcef4808ab5374
causal_preflight,ogbn_arxiv_deepres8_w128_s17,RECORDED,,serialized_speedup,1.3574288572248625,ratio,causal two-layer,results_hpca_xorflow/complete_suite/runs/abl_arxiv_dram512/causal_preflight.csv,6a85a236cd9d9f015aa76b1797f2b294542b86241669586bf0dcef4808ab5374
causal_preflight,ogbn_arxiv_deepres8_w128_s17,RECORDED,,double_buffered_speedup,1.3703307090968475,ratio,causal two-layer,results_hpca_xorflow/complete_suite/runs/abl_arxiv_dram512/causal_preflight.csv,6a85a236cd9d9f015aa76b1797f2b294542b86241669586bf0dcef4808ab5374
causal_preflight,ogbn_arxiv_deepres8_w128_s17,RECORDED,,xorflow_total_bytes,438996080.0,bytes,causal two-layer,results_hpca_xorflow/complete_suite/runs/abl_arxiv_dram512/causal_preflight.csv,6a85a236cd9d9f015aa76b1797f2b294542b86241669586bf0dcef4808ab5374
causal_preflight,ogbn_arxiv_deepres8_w128_s17,RECORDED,,beicsr_total_bytes,603576624.0,bytes,causal two-layer,results_hpca_xorflow/complete_suite/runs/abl_arxiv_dram512/causal_preflight.csv,6a85a236cd9d9f015aa76b1797f2b294542b86241669586bf0dcef4808ab5374
host,ogbn_arxiv_deepres8_w128_s17,RECORDED,,host_speedup,1.009280181554812,ratio,aggregation+combination+support_io; energy_pending,results_hpca_xorflow/complete_suite/runs/abl_arxiv_dram512/host_model.csv,194f86f87a9627434fa6aa73355975dd7deb60bc88a0edf293ffc882e99570d5
host,ogbn_arxiv_deepres8_w128_s17,RECORDED,,beicsr_host_cycles,1540536.0,cycles,aggregation+combination+support_io; energy_pending,results_hpca_xorflow/complete_suite/runs/abl_arxiv_dram512/host_model.csv,194f86f87a9627434fa6aa73355975dd7deb60bc88a0edf293ffc882e99570d5
host,ogbn_arxiv_deepres8_w128_s17,RECORDED,,xorflow_host_cycles,1526371.0,cycles,aggregation+combination+support_io; energy_pending,results_hpca_xorflow/complete_suite/runs/abl_arxiv_dram512/host_model.csv,194f86f87a9627434fa6aa73355975dd7deb60bc88a0edf293ffc882e99570d5
host,ogbn_arxiv_deepres8_w128_s17,RECORDED,,combination_scalesim_utilization,99.55818937008917,ratio,aggregation+combination+support_io; energy_pending,results_hpca_xorflow/complete_suite/runs/abl_arxiv_dram512/host_model.csv,194f86f87a9627434fa6aa73355975dd7deb60bc88a0edf293ffc882e99570d5
host,ogbn_arxiv_deepres8_w128_s17,RECORDED,,host_speedup,1.0485547669068922,ratio,aggregation+combination+support_io; energy_pending,results_hpca_xorflow/complete_suite/runs/abl_arxiv_dram512/host_model.csv,194f86f87a9627434fa6aa73355975dd7deb60bc88a0edf293ffc882e99570d5
host,ogbn_arxiv_deepres8_w128_s17,RECORDED,,beicsr_host_cycles,1540220.0,cycles,aggregation+combination+support_io; energy_pending,results_hpca_xorflow/complete_suite/runs/abl_arxiv_dram512/host_model.csv,194f86f87a9627434fa6aa73355975dd7deb60bc88a0edf293ffc882e99570d5
host,ogbn_arxiv_deepres8_w128_s17,RECORDED,,xorflow_host_cycles,1468898.0,cycles,aggregation+combination+support_io; energy_pending,results_hpca_xorflow/complete_suite/runs/abl_arxiv_dram512/host_model.csv,194f86f87a9627434fa6aa73355975dd7deb60bc88a0edf293ffc882e99570d5
host,ogbn_arxiv_deepres8_w128_s17,RECORDED,,combination_scalesim_utilization,99.55818937008917,ratio,aggregation+combination+support_io; energy_pending,results_hpca_xorflow/complete_suite/runs/abl_arxiv_dram512/host_model.csv,194f86f87a9627434fa6aa73355975dd7deb60bc88a0edf293ffc882e99570d5
causal_preflight,ogbn_arxiv_deepres8_w128_s17,RECORDED,,support_ratio_to_beicsr,0.7227651702297835,ratio,causal two-layer,results_hpca_xorflow/complete_suite/runs/abl_arxiv_single_buffered/causal_preflight.csv,6a85a236cd9d9f015aa76b1797f2b294542b86241669586bf0dcef4808ab5374
causal_preflight,ogbn_arxiv_deepres8_w128_s17,RECORDED,,traffic_reduction,0.1362471921945746,fraction,causal two-layer,results_hpca_xorflow/complete_suite/runs/abl_arxiv_single_buffered/causal_preflight.csv,6a85a236cd9d9f015aa76b1797f2b294542b86241669586bf0dcef4808ab5374
causal_preflight,ogbn_arxiv_deepres8_w128_s17,RECORDED,,serialized_speedup,1.1461466803718114,ratio,causal two-layer,results_hpca_xorflow/complete_suite/runs/abl_arxiv_single_buffered/causal_preflight.csv,6a85a236cd9d9f015aa76b1797f2b294542b86241669586bf0dcef4808ab5374
causal_preflight,ogbn_arxiv_deepres8_w128_s17,RECORDED,,double_buffered_speedup,1.156116282018829,ratio,causal two-layer,results_hpca_xorflow/complete_suite/runs/abl_arxiv_single_buffered/causal_preflight.csv,6a85a236cd9d9f015aa76b1797f2b294542b86241669586bf0dcef4808ab5374
causal_preflight,ogbn_arxiv_deepres8_w128_s17,RECORDED,,xorflow_total_bytes,521480752.0,bytes,causal two-layer,results_hpca_xorflow/complete_suite/runs/abl_arxiv_single_buffered/causal_preflight.csv,6a85a236cd9d9f015aa76b1797f2b294542b86241669586bf0dcef4808ab5374
causal_preflight,ogbn_arxiv_deepres8_w128_s17,RECORDED,,beicsr_total_bytes,603738416.0,bytes,causal two-layer,results_hpca_xorflow/complete_suite/runs/abl_arxiv_single_buffered/causal_preflight.csv,6a85a236cd9d9f015aa76b1797f2b294542b86241669586bf0dcef4808ab5374
causal_preflight,ogbn_arxiv_deepres8_w128_s17,RECORDED,,support_ratio_to_beicsr,0.6623898028787071,ratio,causal two-layer,results_hpca_xorflow/complete_suite/runs/abl_arxiv_single_buffered/causal_preflight.csv,6a85a236cd9d9f015aa76b1797f2b294542b86241669586bf0dcef4808ab5374
causal_preflight,ogbn_arxiv_deepres8_w128_s17,RECORDED,,traffic_reduction,0.272675477239821,fraction,causal two-layer,results_hpca_xorflow/complete_suite/runs/abl_arxiv_single_buffered/causal_preflight.csv,6a85a236cd9d9f015aa76b1797f2b294542b86241669586bf0dcef4808ab5374
causal_preflight,ogbn_arxiv_deepres8_w128_s17,RECORDED,,serialized_speedup,1.3574288572248625,ratio,causal two-layer,results_hpca_xorflow/complete_suite/runs/abl_arxiv_single_buffered/causal_preflight.csv,6a85a236cd9d9f015aa76b1797f2b294542b86241669586bf0dcef4808ab5374
causal_preflight,ogbn_arxiv_deepres8_w128_s17,RECORDED,,double_buffered_speedup,1.3703307090968475,ratio,causal two-layer,results_hpca_xorflow/complete_suite/runs/abl_arxiv_single_buffered/causal_preflight.csv,6a85a236cd9d9f015aa76b1797f2b294542b86241669586bf0dcef4808ab5374
causal_preflight,ogbn_arxiv_deepres8_w128_s17,RECORDED,,xorflow_total_bytes,438996080.0,bytes,causal two-layer,results_hpca_xorflow/complete_suite/runs/abl_arxiv_single_buffered/causal_preflight.csv,6a85a236cd9d9f015aa76b1797f2b294542b86241669586bf0dcef4808ab5374
causal_preflight,ogbn_arxiv_deepres8_w128_s17,RECORDED,,beicsr_total_bytes,603576624.0,bytes,causal two-layer,results_hpca_xorflow/complete_suite/runs/abl_arxiv_single_buffered/causal_preflight.csv,6a85a236cd9d9f015aa76b1797f2b294542b86241669586bf0dcef4808ab5374
host,ogbn_arxiv_deepres8_w128_s17,RECORDED,,host_speedup,1.0597541796417314,ratio,aggregation+combination+support_io; energy_pending,results_hpca_xorflow/complete_suite/runs/abl_arxiv_single_buffered/host_model.csv,96ee230c50a2391425762f01b093ff368b28b8c3edd79f9be3c7fa32a3f75f42
host,ogbn_arxiv_deepres8_w128_s17,RECORDED,,beicsr_host_cycles,3884725.0,cycles,aggregation+combination+support_io; energy_pending,results_hpca_xorflow/complete_suite/runs/abl_arxiv_single_buffered/host_model.csv,96ee230c50a2391425762f01b093ff368b28b8c3edd79f9be3c7fa32a3f75f42
host,ogbn_arxiv_deepres8_w128_s17,RECORDED,,xorflow_host_cycles,3665685.0,cycles,aggregation+combination+support_io; energy_pending,results_hpca_xorflow/complete_suite/runs/abl_arxiv_single_buffered/host_model.csv,96ee230c50a2391425762f01b093ff368b28b8c3edd79f9be3c7fa32a3f75f42
host,ogbn_arxiv_deepres8_w128_s17,RECORDED,,combination_scalesim_utilization,99.55818937008917,ratio,aggregation+combination+support_io; energy_pending,results_hpca_xorflow/complete_suite/runs/abl_arxiv_single_buffered/host_model.csv,96ee230c50a2391425762f01b093ff368b28b8c3edd79f9be3c7fa32a3f75f42
host,ogbn_arxiv_deepres8_w128_s17,RECORDED,,host_speedup,1.1665976658412989,ratio,aggregation+combination+support_io; energy_pending,results_hpca_xorflow/complete_suite/runs/abl_arxiv_single_buffered/host_model.csv,96ee230c50a2391425762f01b093ff368b28b8c3edd79f9be3c7fa32a3f75f42
host,ogbn_arxiv_deepres8_w128_s17,RECORDED,,beicsr_host_cycles,3826620.0,cycles,aggregation+combination+support_io; energy_pending,results_hpca_xorflow/complete_suite/runs/abl_arxiv_single_buffered/host_model.csv,96ee230c50a2391425762f01b093ff368b28b8c3edd79f9be3c7fa32a3f75f42
host,ogbn_arxiv_deepres8_w128_s17,RECORDED,,xorflow_host_cycles,3280154.0,cycles,aggregation+combination+support_io; energy_pending,results_hpca_xorflow/complete_suite/runs/abl_arxiv_single_buffered/host_model.csv,96ee230c50a2391425762f01b093ff368b28b8c3edd79f9be3c7fa32a3f75f42
host,ogbn_arxiv_deepres8_w128_s17,RECORDED,,combination_scalesim_utilization,99.55818937008917,ratio,aggregation+combination+support_io; energy_pending,results_hpca_xorflow/complete_suite/runs/abl_arxiv_single_buffered/host_model.csv,96ee230c50a2391425762f01b093ff368b28b8c3edd79f9be3c7fa32a3f75f42
causal_preflight,ogbn_arxiv_deepres8_w128_s17,RECORDED,,support_ratio_to_beicsr,0.7227651702297835,ratio,causal two-layer,results_hpca_xorflow/complete_suite/runs/abl_arxiv_slice256/causal_preflight.csv,ff14b574bb268d68cc8ecf84abb7ec070303d84a12434e42a5fab16dfef7da6d
causal_preflight,ogbn_arxiv_deepres8_w128_s17,RECORDED,,traffic_reduction,0.1362471921945746,fraction,causal two-layer,results_hpca_xorflow/complete_suite/runs/abl_arxiv_slice256/causal_preflight.csv,ff14b574bb268d68cc8ecf84abb7ec070303d84a12434e42a5fab16dfef7da6d
causal_preflight,ogbn_arxiv_deepres8_w128_s17,RECORDED,,serialized_speedup,1.1461466803718114,ratio,causal two-layer,results_hpca_xorflow/complete_suite/runs/abl_arxiv_slice256/causal_preflight.csv,ff14b574bb268d68cc8ecf84abb7ec070303d84a12434e42a5fab16dfef7da6d
causal_preflight,ogbn_arxiv_deepres8_w128_s17,RECORDED,,double_buffered_speedup,1.156116282018829,ratio,causal two-layer,results_hpca_xorflow/complete_suite/runs/abl_arxiv_slice256/causal_preflight.csv,ff14b574bb268d68cc8ecf84abb7ec070303d84a12434e42a5fab16dfef7da6d
causal_preflight,ogbn_arxiv_deepres8_w128_s17,RECORDED,,xorflow_total_bytes,521480752.0,bytes,causal two-layer,results_hpca_xorflow/complete_suite/runs/abl_arxiv_slice256/causal_preflight.csv,ff14b574bb268d68cc8ecf84abb7ec070303d84a12434e42a5fab16dfef7da6d
causal_preflight,ogbn_arxiv_deepres8_w128_s17,RECORDED,,beicsr_total_bytes,603738416.0,bytes,causal two-layer,results_hpca_xorflow/complete_suite/runs/abl_arxiv_slice256/causal_preflight.csv,ff14b574bb268d68cc8ecf84abb7ec070303d84a12434e42a5fab16dfef7da6d
causal_preflight,ogbn_arxiv_deepres8_w128_s17,RECORDED,,support_ratio_to_beicsr,0.6623898028787071,ratio,causal two-layer,results_hpca_xorflow/complete_suite/runs/abl_arxiv_slice256/causal_preflight.csv,ff14b574bb268d68cc8ecf84abb7ec070303d84a12434e42a5fab16dfef7da6d
causal_preflight,ogbn_arxiv_deepres8_w128_s17,RECORDED,,traffic_reduction,0.272675477239821,fraction,causal two-layer,results_hpca_xorflow/complete_suite/runs/abl_arxiv_slice256/causal_preflight.csv,ff14b574bb268d68cc8ecf84abb7ec070303d84a12434e42a5fab16dfef7da6d
causal_preflight,ogbn_arxiv_deepres8_w128_s17,RECORDED,,serialized_speedup,1.3574288572248625,ratio,causal two-layer,results_hpca_xorflow/complete_suite/runs/abl_arxiv_slice256/causal_preflight.csv,ff14b574bb268d68cc8ecf84abb7ec070303d84a12434e42a5fab16dfef7da6d
causal_preflight,ogbn_arxiv_deepres8_w128_s17,RECORDED,,double_buffered_speedup,1.3703307090968475,ratio,causal two-layer,results_hpca_xorflow/complete_suite/runs/abl_arxiv_slice256/causal_preflight.csv,ff14b574bb268d68cc8ecf84abb7ec070303d84a12434e42a5fab16dfef7da6d
causal_preflight,ogbn_arxiv_deepres8_w128_s17,RECORDED,,xorflow_total_bytes,438996080.0,bytes,causal two-layer,results_hpca_xorflow/complete_suite/runs/abl_arxiv_slice256/causal_preflight.csv,ff14b574bb268d68cc8ecf84abb7ec070303d84a12434e42a5fab16dfef7da6d
causal_preflight,ogbn_arxiv_deepres8_w128_s17,RECORDED,,beicsr_total_bytes,603576624.0,bytes,causal two-layer,results_hpca_xorflow/complete_suite/runs/abl_arxiv_slice256/causal_preflight.csv,ff14b574bb268d68cc8ecf84abb7ec070303d84a12434e42a5fab16dfef7da6d
host,ogbn_arxiv_deepres8_w128_s17,RECORDED,,host_speedup,1.0885014239641555,ratio,aggregation+combination+support_io; energy_pending,results_hpca_xorflow/complete_suite/runs/abl_arxiv_slice256/host_model.csv,a343c8415481557320721a3abbee88bf1ae575f744094303586b5b2febf6bb3a
host,ogbn_arxiv_deepres8_w128_s17,RECORDED,,beicsr_host_cycles,3740289.0,cycles,aggregation+combination+support_io; energy_pending,results_hpca_xorflow/complete_suite/runs/abl_arxiv_slice256/host_model.csv,a343c8415481557320721a3abbee88bf1ae575f744094303586b5b2febf6bb3a
host,ogbn_arxiv_deepres8_w128_s17,RECORDED,,xorflow_host_cycles,3436182.0,cycles,aggregation+combination+support_io; energy_pending,results_hpca_xorflow/complete_suite/runs/abl_arxiv_slice256/host_model.csv,a343c8415481557320721a3abbee88bf1ae575f744094303586b5b2febf6bb3a
host,ogbn_arxiv_deepres8_w128_s17,RECORDED,,combination_scalesim_utilization,99.55796988022196,ratio,aggregation+combination+support_io; energy_pending,results_hpca_xorflow/complete_suite/runs/abl_arxiv_slice256/host_model.csv,a343c8415481557320721a3abbee88bf1ae575f744094303586b5b2febf6bb3a
host,ogbn_arxiv_deepres8_w128_s17,RECORDED,,host_speedup,1.201481170195779,ratio,aggregation+combination+support_io; energy_pending,results_hpca_xorflow/complete_suite/runs/abl_arxiv_slice256/host_model.csv,a343c8415481557320721a3abbee88bf1ae575f744094303586b5b2febf6bb3a
host,ogbn_arxiv_deepres8_w128_s17,RECORDED,,beicsr_host_cycles,3739657.0,cycles,aggregation+combination+support_io; energy_pending,results_hpca_xorflow/complete_suite/runs/abl_arxiv_slice256/host_model.csv,a343c8415481557320721a3abbee88bf1ae575f744094303586b5b2febf6bb3a
host,ogbn_arxiv_deepres8_w128_s17,RECORDED,,xorflow_host_cycles,3112539.0,cycles,aggregation+combination+support_io; energy_pending,results_hpca_xorflow/complete_suite/runs/abl_arxiv_slice256/host_model.csv,a343c8415481557320721a3abbee88bf1ae575f744094303586b5b2febf6bb3a
host,ogbn_arxiv_deepres8_w128_s17,RECORDED,,combination_scalesim_utilization,99.55796988022196,ratio,aggregation+combination+support_io; energy_pending,results_hpca_xorflow/complete_suite/runs/abl_arxiv_slice256/host_model.csv,a343c8415481557320721a3abbee88bf1ae575f744094303586b5b2febf6bb3a
causal_preflight,ogbn_arxiv_deepres8_w128_s17,RECORDED,,support_ratio_to_beicsr,0.7227651702297835,ratio,causal two-layer,results_hpca_xorflow/complete_suite/runs/abl_arxiv_source_tiled/causal_preflight.csv,3014bb40ca8b6c2239f22146ed351eaf9142a69cdf058cade771908fd62f8715
causal_preflight,ogbn_arxiv_deepres8_w128_s17,RECORDED,,traffic_reduction,0.1364829118126734,fraction,causal two-layer,results_hpca_xorflow/complete_suite/runs/abl_arxiv_source_tiled/causal_preflight.csv,3014bb40ca8b6c2239f22146ed351eaf9142a69cdf058cade771908fd62f8715
causal_preflight,ogbn_arxiv_deepres8_w128_s17,RECORDED,,serialized_speedup,1.146455155124148,ratio,causal two-layer,results_hpca_xorflow/complete_suite/runs/abl_arxiv_source_tiled/causal_preflight.csv,3014bb40ca8b6c2239f22146ed351eaf9142a69cdf058cade771908fd62f8715
causal_preflight,ogbn_arxiv_deepres8_w128_s17,RECORDED,,double_buffered_speedup,1.1564289761434792,ratio,causal two-layer,results_hpca_xorflow/complete_suite/runs/abl_arxiv_source_tiled/causal_preflight.csv,3014bb40ca8b6c2239f22146ed351eaf9142a69cdf058cade771908fd62f8715
causal_preflight,ogbn_arxiv_deepres8_w128_s17,RECORDED,,xorflow_total_bytes,521399728.0,bytes,causal two-layer,results_hpca_xorflow/complete_suite/runs/abl_arxiv_source_tiled/causal_preflight.csv,3014bb40ca8b6c2239f22146ed351eaf9142a69cdf058cade771908fd62f8715
causal_preflight,ogbn_arxiv_deepres8_w128_s17,RECORDED,,beicsr_total_bytes,603809392.0,bytes,causal two-layer,results_hpca_xorflow/complete_suite/runs/abl_arxiv_source_tiled/causal_preflight.csv,3014bb40ca8b6c2239f22146ed351eaf9142a69cdf058cade771908fd62f8715
causal_preflight,ogbn_arxiv_deepres8_w128_s17,RECORDED,,support_ratio_to_beicsr,0.6623898028787071,ratio,causal two-layer,results_hpca_xorflow/complete_suite/runs/abl_arxiv_source_tiled/causal_preflight.csv,3014bb40ca8b6c2239f22146ed351eaf9142a69cdf058cade771908fd62f8715
causal_preflight,ogbn_arxiv_deepres8_w128_s17,RECORDED,,traffic_reduction,0.2728873250169482,fraction,causal two-layer,results_hpca_xorflow/complete_suite/runs/abl_arxiv_source_tiled/causal_preflight.csv,3014bb40ca8b6c2239f22146ed351eaf9142a69cdf058cade771908fd62f8715
causal_preflight,ogbn_arxiv_deepres8_w128_s17,RECORDED,,serialized_speedup,1.357817396520148,ratio,causal two-layer,results_hpca_xorflow/complete_suite/runs/abl_arxiv_source_tiled/causal_preflight.csv,3014bb40ca8b6c2239f22146ed351eaf9142a69cdf058cade771908fd62f8715
causal_preflight,ogbn_arxiv_deepres8_w128_s17,RECORDED,,double_buffered_speedup,1.3707251421759854,ratio,causal two-layer,results_hpca_xorflow/complete_suite/runs/abl_arxiv_source_tiled/causal_preflight.csv,3014bb40ca8b6c2239f22146ed351eaf9142a69cdf058cade771908fd62f8715
causal_preflight,ogbn_arxiv_deepres8_w128_s17,RECORDED,,xorflow_total_bytes,438920240.0,bytes,causal two-layer,results_hpca_xorflow/complete_suite/runs/abl_arxiv_source_tiled/causal_preflight.csv,3014bb40ca8b6c2239f22146ed351eaf9142a69cdf058cade771908fd62f8715
causal_preflight,ogbn_arxiv_deepres8_w128_s17,RECORDED,,beicsr_total_bytes,603648176.0,bytes,causal two-layer,results_hpca_xorflow/complete_suite/runs/abl_arxiv_source_tiled/causal_preflight.csv,3014bb40ca8b6c2239f22146ed351eaf9142a69cdf058cade771908fd62f8715
host,ogbn_arxiv_deepres8_w128_s17,RECORDED,,host_speedup,1.1261550895151675,ratio,aggregation+combination+support_io; energy_pending,results_hpca_xorflow/complete_suite/runs/abl_arxiv_source_tiled/host_model.csv,5b69706005db3ae5e944ae10fe6361824f567a30c87bd02bb4d2b05a5e35f2bd
host,ogbn_arxiv_deepres8_w128_s17,RECORDED,,beicsr_host_cycles,2719990.0,cycles,aggregation+combination+support_io; energy_pending,results_hpca_xorflow/complete_suite/runs/abl_arxiv_source_tiled/host_model.csv,5b69706005db3ae5e944ae10fe6361824f567a30c87bd02bb4d2b05a5e35f2bd
host,ogbn_arxiv_deepres8_w128_s17,RECORDED,,xorflow_host_cycles,2415289.0,cycles,aggregation+combination+support_io; energy_pending,results_hpca_xorflow/complete_suite/runs/abl_arxiv_source_tiled/host_model.csv,5b69706005db3ae5e944ae10fe6361824f567a30c87bd02bb4d2b05a5e35f2bd
host,ogbn_arxiv_deepres8_w128_s17,RECORDED,,combination_scalesim_utilization,99.55818937008917,ratio,aggregation+combination+support_io; energy_pending,results_hpca_xorflow/complete_suite/runs/abl_arxiv_source_tiled/host_model.csv,5b69706005db3ae5e944ae10fe6361824f567a30c87bd02bb4d2b05a5e35f2bd
host,ogbn_arxiv_deepres8_w128_s17,RECORDED,,host_speedup,1.3000922230928729,ratio,aggregation+combination+support_io; energy_pending,results_hpca_xorflow/complete_suite/runs/abl_arxiv_source_tiled/host_model.csv,5b69706005db3ae5e944ae10fe6361824f567a30c87bd02bb4d2b05a5e35f2bd
host,ogbn_arxiv_deepres8_w128_s17,RECORDED,,beicsr_host_cycles,2719360.0,cycles,aggregation+combination+support_io; energy_pending,results_hpca_xorflow/complete_suite/runs/abl_arxiv_source_tiled/host_model.csv,5b69706005db3ae5e944ae10fe6361824f567a30c87bd02bb4d2b05a5e35f2bd
host,ogbn_arxiv_deepres8_w128_s17,RECORDED,,xorflow_host_cycles,2091667.0,cycles,aggregation+combination+support_io; energy_pending,results_hpca_xorflow/complete_suite/runs/abl_arxiv_source_tiled/host_model.csv,5b69706005db3ae5e944ae10fe6361824f567a30c87bd02bb4d2b05a5e35f2bd
host,ogbn_arxiv_deepres8_w128_s17,RECORDED,,combination_scalesim_utilization,99.55818937008917,ratio,aggregation+combination+support_io; energy_pending,results_hpca_xorflow/complete_suite/runs/abl_arxiv_source_tiled/host_model.csv,5b69706005db3ae5e944ae10fe6361824f567a30c87bd02bb4d2b05a5e35f2bd
causal_preflight,ogbn_arxiv_deepres8_w128_s17,RECORDED,,support_ratio_to_beicsr,0.7227651702297835,ratio,causal two-layer,results_hpca_xorflow/complete_suite/runs/abl_arxiv_support_cache_min/causal_preflight.csv,6a85a236cd9d9f015aa76b1797f2b294542b86241669586bf0dcef4808ab5374
causal_preflight,ogbn_arxiv_deepres8_w128_s17,RECORDED,,traffic_reduction,0.1362471921945746,fraction,causal two-layer,results_hpca_xorflow/complete_suite/runs/abl_arxiv_support_cache_min/causal_preflight.csv,6a85a236cd9d9f015aa76b1797f2b294542b86241669586bf0dcef4808ab5374
causal_preflight,ogbn_arxiv_deepres8_w128_s17,RECORDED,,serialized_speedup,1.1461466803718114,ratio,causal two-layer,results_hpca_xorflow/complete_suite/runs/abl_arxiv_support_cache_min/causal_preflight.csv,6a85a236cd9d9f015aa76b1797f2b294542b86241669586bf0dcef4808ab5374
causal_preflight,ogbn_arxiv_deepres8_w128_s17,RECORDED,,double_buffered_speedup,1.156116282018829,ratio,causal two-layer,results_hpca_xorflow/complete_suite/runs/abl_arxiv_support_cache_min/causal_preflight.csv,6a85a236cd9d9f015aa76b1797f2b294542b86241669586bf0dcef4808ab5374
causal_preflight,ogbn_arxiv_deepres8_w128_s17,RECORDED,,xorflow_total_bytes,521480752.0,bytes,causal two-layer,results_hpca_xorflow/complete_suite/runs/abl_arxiv_support_cache_min/causal_preflight.csv,6a85a236cd9d9f015aa76b1797f2b294542b86241669586bf0dcef4808ab5374
causal_preflight,ogbn_arxiv_deepres8_w128_s17,RECORDED,,beicsr_total_bytes,603738416.0,bytes,causal two-layer,results_hpca_xorflow/complete_suite/runs/abl_arxiv_support_cache_min/causal_preflight.csv,6a85a236cd9d9f015aa76b1797f2b294542b86241669586bf0dcef4808ab5374
causal_preflight,ogbn_arxiv_deepres8_w128_s17,RECORDED,,support_ratio_to_beicsr,0.6623898028787071,ratio,causal two-layer,results_hpca_xorflow/complete_suite/runs/abl_arxiv_support_cache_min/causal_preflight.csv,6a85a236cd9d9f015aa76b1797f2b294542b86241669586bf0dcef4808ab5374
causal_preflight,ogbn_arxiv_deepres8_w128_s17,RECORDED,,traffic_reduction,0.272675477239821,fraction,causal two-layer,results_hpca_xorflow/complete_suite/runs/abl_arxiv_support_cache_min/causal_preflight.csv,6a85a236cd9d9f015aa76b1797f2b294542b86241669586bf0dcef4808ab5374
causal_preflight,ogbn_arxiv_deepres8_w128_s17,RECORDED,,serialized_speedup,1.3574288572248625,ratio,causal two-layer,results_hpca_xorflow/complete_suite/runs/abl_arxiv_support_cache_min/causal_preflight.csv,6a85a236cd9d9f015aa76b1797f2b294542b86241669586bf0dcef4808ab5374
causal_preflight,ogbn_arxiv_deepres8_w128_s17,RECORDED,,double_buffered_speedup,1.3703307090968475,ratio,causal two-layer,results_hpca_xorflow/complete_suite/runs/abl_arxiv_support_cache_min/causal_preflight.csv,6a85a236cd9d9f015aa76b1797f2b294542b86241669586bf0dcef4808ab5374
causal_preflight,ogbn_arxiv_deepres8_w128_s17,RECORDED,,xorflow_total_bytes,438996080.0,bytes,causal two-layer,results_hpca_xorflow/complete_suite/runs/abl_arxiv_support_cache_min/causal_preflight.csv,6a85a236cd9d9f015aa76b1797f2b294542b86241669586bf0dcef4808ab5374
causal_preflight,ogbn_arxiv_deepres8_w128_s17,RECORDED,,beicsr_total_bytes,603576624.0,bytes,causal two-layer,results_hpca_xorflow/complete_suite/runs/abl_arxiv_support_cache_min/causal_preflight.csv,6a85a236cd9d9f015aa76b1797f2b294542b86241669586bf0dcef4808ab5374
host,ogbn_arxiv_deepres8_w128_s17,RECORDED,,host_speedup,1.125892633152923,ratio,aggregation+combination+support_io; energy_pending,results_hpca_xorflow/complete_suite/runs/abl_arxiv_support_cache_min/host_model.csv,75fbb876f83e52d0b4b578001230836b953bca65e5ab42aa5c9d5825f24c0d5b
host,ogbn_arxiv_deepres8_w128_s17,RECORDED,,beicsr_host_cycles,2719713.0,cycles,aggregation+combination+support_io; energy_pending,results_hpca_xorflow/complete_suite/runs/abl_arxiv_support_cache_min/host_model.csv,75fbb876f83e52d0b4b578001230836b953bca65e5ab42aa5c9d5825f24c0d5b
host,ogbn_arxiv_deepres8_w128_s17,RECORDED,,xorflow_host_cycles,2415606.0,cycles,aggregation+combination+support_io; energy_pending,results_hpca_xorflow/complete_suite/runs/abl_arxiv_support_cache_min/host_model.csv,75fbb876f83e52d0b4b578001230836b953bca65e5ab42aa5c9d5825f24c0d5b
host,ogbn_arxiv_deepres8_w128_s17,RECORDED,,combination_scalesim_utilization,99.55818937008917,ratio,aggregation+combination+support_io; energy_pending,results_hpca_xorflow/complete_suite/runs/abl_arxiv_support_cache_min/host_model.csv,75fbb876f83e52d0b4b578001230836b953bca65e5ab42aa5c9d5825f24c0d5b
host,ogbn_arxiv_deepres8_w128_s17,RECORDED,,host_speedup,1.299774900416499,ratio,aggregation+combination+support_io; energy_pending,results_hpca_xorflow/complete_suite/runs/abl_arxiv_support_cache_min/host_model.csv,75fbb876f83e52d0b4b578001230836b953bca65e5ab42aa5c9d5825f24c0d5b
host,ogbn_arxiv_deepres8_w128_s17,RECORDED,,beicsr_host_cycles,2719081.0,cycles,aggregation+combination+support_io; energy_pending,results_hpca_xorflow/complete_suite/runs/abl_arxiv_support_cache_min/host_model.csv,75fbb876f83e52d0b4b578001230836b953bca65e5ab42aa5c9d5825f24c0d5b
host,ogbn_arxiv_deepres8_w128_s17,RECORDED,,xorflow_host_cycles,2091963.0,cycles,aggregation+combination+support_io; energy_pending,results_hpca_xorflow/complete_suite/runs/abl_arxiv_support_cache_min/host_model.csv,75fbb876f83e52d0b4b578001230836b953bca65e5ab42aa5c9d5825f24c0d5b
host,ogbn_arxiv_deepres8_w128_s17,RECORDED,,combination_scalesim_utilization,99.55818937008917,ratio,aggregation+combination+support_io; energy_pending,results_hpca_xorflow/complete_suite/runs/abl_arxiv_support_cache_min/host_model.csv,75fbb876f83e52d0b4b578001230836b953bca65e5ab42aa5c9d5825f24c0d5b
causal_preflight,reddit_deepres8_w128_s7_native,RECORDED,,support_ratio_to_beicsr,0.6749583419779318,ratio,causal two-layer,results_hpca_xorflow/complete_suite/runs/abl_reddit_decoder8/causal_preflight.csv,75ebf0d244b708ecbc6a34e9b93ac37e314113917533f2ca4a22b117ff8c3305
causal_preflight,reddit_deepres8_w128_s7_native,RECORDED,,traffic_reduction,0.3685841332711445,fraction,causal two-layer,results_hpca_xorflow/complete_suite/runs/abl_reddit_decoder8/causal_preflight.csv,75ebf0d244b708ecbc6a34e9b93ac37e314113917533f2ca4a22b117ff8c3305
causal_preflight,reddit_deepres8_w128_s7_native,RECORDED,,serialized_speedup,1.5829866376002637,ratio,causal two-layer,results_hpca_xorflow/complete_suite/runs/abl_reddit_decoder8/causal_preflight.csv,75ebf0d244b708ecbc6a34e9b93ac37e314113917533f2ca4a22b117ff8c3305
causal_preflight,reddit_deepres8_w128_s7_native,RECORDED,,double_buffered_speedup,1.5835021076533409,ratio,causal two-layer,results_hpca_xorflow/complete_suite/runs/abl_reddit_decoder8/causal_preflight.csv,75ebf0d244b708ecbc6a34e9b93ac37e314113917533f2ca4a22b117ff8c3305
causal_preflight,reddit_deepres8_w128_s7_native,RECORDED,,xorflow_total_bytes,18112078800.0,bytes,causal two-layer,results_hpca_xorflow/complete_suite/runs/abl_reddit_decoder8/causal_preflight.csv,75ebf0d244b708ecbc6a34e9b93ac37e314113917533f2ca4a22b117ff8c3305
causal_preflight,reddit_deepres8_w128_s7_native,RECORDED,,beicsr_total_bytes,28684864848.0,bytes,causal two-layer,results_hpca_xorflow/complete_suite/runs/abl_reddit_decoder8/causal_preflight.csv,75ebf0d244b708ecbc6a34e9b93ac37e314113917533f2ca4a22b117ff8c3305
causal_preflight,reddit_deepres8_w128_s7_native,RECORDED,,support_ratio_to_beicsr,0.592914738026933,ratio,causal two-layer,results_hpca_xorflow/complete_suite/runs/abl_reddit_decoder8/causal_preflight.csv,75ebf0d244b708ecbc6a34e9b93ac37e314113917533f2ca4a22b117ff8c3305
causal_preflight,reddit_deepres8_w128_s7_native,RECORDED,,traffic_reduction,0.4500651586517129,fraction,causal two-layer,results_hpca_xorflow/complete_suite/runs/abl_reddit_decoder8/causal_preflight.csv,75ebf0d244b708ecbc6a34e9b93ac37e314113917533f2ca4a22b117ff8c3305
causal_preflight,reddit_deepres8_w128_s7_native,RECORDED,,serialized_speedup,1.8173877820717304,ratio,causal two-layer,results_hpca_xorflow/complete_suite/runs/abl_reddit_decoder8/causal_preflight.csv,75ebf0d244b708ecbc6a34e9b93ac37e314113917533f2ca4a22b117ff8c3305
causal_preflight,reddit_deepres8_w128_s7_native,RECORDED,,double_buffered_speedup,1.8180013907231465,ratio,causal two-layer,results_hpca_xorflow/complete_suite/runs/abl_reddit_decoder8/causal_preflight.csv,75ebf0d244b708ecbc6a34e9b93ac37e314113917533f2ca4a22b117ff8c3305
causal_preflight,reddit_deepres8_w128_s7_native,RECORDED,,xorflow_total_bytes,15405671504.0,bytes,causal two-layer,results_hpca_xorflow/complete_suite/runs/abl_reddit_decoder8/causal_preflight.csv,75ebf0d244b708ecbc6a34e9b93ac37e314113917533f2ca4a22b117ff8c3305
causal_preflight,reddit_deepres8_w128_s7_native,RECORDED,,beicsr_total_bytes,28013630608.0,bytes,causal two-layer,results_hpca_xorflow/complete_suite/runs/abl_reddit_decoder8/causal_preflight.csv,75ebf0d244b708ecbc6a34e9b93ac37e314113917533f2ca4a22b117ff8c3305
host,reddit_deepres8_w128_s7_native,RECORDED,,host_speedup,1.5777152010132651,ratio,aggregation+combination+support_io; energy_pending,results_hpca_xorflow/complete_suite/runs/abl_reddit_decoder8/host_model.csv,063f76052e03b824c4e43fcf5a173e5c982c6bbf28bce451589998b4dc8e4c0b
host,reddit_deepres8_w128_s7_native,RECORDED,,beicsr_host_cycles,112546814.0,cycles,aggregation+combination+support_io; energy_pending,results_hpca_xorflow/complete_suite/runs/abl_reddit_decoder8/host_model.csv,063f76052e03b824c4e43fcf5a173e5c982c6bbf28bce451589998b4dc8e4c0b
host,reddit_deepres8_w128_s7_native,RECORDED,,xorflow_host_cycles,71335317.0,cycles,aggregation+combination+support_io; energy_pending,results_hpca_xorflow/complete_suite/runs/abl_reddit_decoder8/host_model.csv,063f76052e03b824c4e43fcf5a173e5c982c6bbf28bce451589998b4dc8e4c0b
host,reddit_deepres8_w128_s7_native,RECORDED,,combination_scalesim_utilization,99.67846071893872,ratio,aggregation+combination+support_io; energy_pending,results_hpca_xorflow/complete_suite/runs/abl_reddit_decoder8/host_model.csv,063f76052e03b824c4e43fcf5a173e5c982c6bbf28bce451589998b4dc8e4c0b
host,reddit_deepres8_w128_s7_native,RECORDED,,host_speedup,1.8093824957105171,ratio,aggregation+combination+support_io; energy_pending,results_hpca_xorflow/complete_suite/runs/abl_reddit_decoder8/host_model.csv,063f76052e03b824c4e43fcf5a173e5c982c6bbf28bce451589998b4dc8e4c0b
host,reddit_deepres8_w128_s7_native,RECORDED,,beicsr_host_cycles,109924805.0,cycles,aggregation+combination+support_io; energy_pending,results_hpca_xorflow/complete_suite/runs/abl_reddit_decoder8/host_model.csv,063f76052e03b824c4e43fcf5a173e5c982c6bbf28bce451589998b4dc8e4c0b
host,reddit_deepres8_w128_s7_native,RECORDED,,xorflow_host_cycles,60752663.0,cycles,aggregation+combination+support_io; energy_pending,results_hpca_xorflow/complete_suite/runs/abl_reddit_decoder8/host_model.csv,063f76052e03b824c4e43fcf5a173e5c982c6bbf28bce451589998b4dc8e4c0b
host,reddit_deepres8_w128_s7_native,RECORDED,,combination_scalesim_utilization,99.67846071893872,ratio,aggregation+combination+support_io; energy_pending,results_hpca_xorflow/complete_suite/runs/abl_reddit_decoder8/host_model.csv,063f76052e03b824c4e43fcf5a173e5c982c6bbf28bce451589998b4dc8e4c0b
causal_preflight,reddit_deepres8_w128_s7_native,RECORDED,,support_ratio_to_beicsr,0.6749583419779318,ratio,causal two-layer,results_hpca_xorflow/complete_suite/runs/abl_reddit_single_buffered/causal_preflight.csv,75ebf0d244b708ecbc6a34e9b93ac37e314113917533f2ca4a22b117ff8c3305
causal_preflight,reddit_deepres8_w128_s7_native,RECORDED,,traffic_reduction,0.3685841332711445,fraction,causal two-layer,results_hpca_xorflow/complete_suite/runs/abl_reddit_single_buffered/causal_preflight.csv,75ebf0d244b708ecbc6a34e9b93ac37e314113917533f2ca4a22b117ff8c3305
causal_preflight,reddit_deepres8_w128_s7_native,RECORDED,,serialized_speedup,1.5829866376002637,ratio,causal two-layer,results_hpca_xorflow/complete_suite/runs/abl_reddit_single_buffered/causal_preflight.csv,75ebf0d244b708ecbc6a34e9b93ac37e314113917533f2ca4a22b117ff8c3305
causal_preflight,reddit_deepres8_w128_s7_native,RECORDED,,double_buffered_speedup,1.5835021076533409,ratio,causal two-layer,results_hpca_xorflow/complete_suite/runs/abl_reddit_single_buffered/causal_preflight.csv,75ebf0d244b708ecbc6a34e9b93ac37e314113917533f2ca4a22b117ff8c3305
causal_preflight,reddit_deepres8_w128_s7_native,RECORDED,,xorflow_total_bytes,18112078800.0,bytes,causal two-layer,results_hpca_xorflow/complete_suite/runs/abl_reddit_single_buffered/causal_preflight.csv,75ebf0d244b708ecbc6a34e9b93ac37e314113917533f2ca4a22b117ff8c3305
causal_preflight,reddit_deepres8_w128_s7_native,RECORDED,,beicsr_total_bytes,28684864848.0,bytes,causal two-layer,results_hpca_xorflow/complete_suite/runs/abl_reddit_single_buffered/causal_preflight.csv,75ebf0d244b708ecbc6a34e9b93ac37e314113917533f2ca4a22b117ff8c3305
causal_preflight,reddit_deepres8_w128_s7_native,RECORDED,,support_ratio_to_beicsr,0.592914738026933,ratio,causal two-layer,results_hpca_xorflow/complete_suite/runs/abl_reddit_single_buffered/causal_preflight.csv,75ebf0d244b708ecbc6a34e9b93ac37e314113917533f2ca4a22b117ff8c3305
causal_preflight,reddit_deepres8_w128_s7_native,RECORDED,,traffic_reduction,0.4500651586517129,fraction,causal two-layer,results_hpca_xorflow/complete_suite/runs/abl_reddit_single_buffered/causal_preflight.csv,75ebf0d244b708ecbc6a34e9b93ac37e314113917533f2ca4a22b117ff8c3305
causal_preflight,reddit_deepres8_w128_s7_native,RECORDED,,serialized_speedup,1.8173877820717304,ratio,causal two-layer,results_hpca_xorflow/complete_suite/runs/abl_reddit_single_buffered/causal_preflight.csv,75ebf0d244b708ecbc6a34e9b93ac37e314113917533f2ca4a22b117ff8c3305
causal_preflight,reddit_deepres8_w128_s7_native,RECORDED,,double_buffered_speedup,1.8180013907231465,ratio,causal two-layer,results_hpca_xorflow/complete_suite/runs/abl_reddit_single_buffered/causal_preflight.csv,75ebf0d244b708ecbc6a34e9b93ac37e314113917533f2ca4a22b117ff8c3305
causal_preflight,reddit_deepres8_w128_s7_native,RECORDED,,xorflow_total_bytes,15405671504.0,bytes,causal two-layer,results_hpca_xorflow/complete_suite/runs/abl_reddit_single_buffered/causal_preflight.csv,75ebf0d244b708ecbc6a34e9b93ac37e314113917533f2ca4a22b117ff8c3305
causal_preflight,reddit_deepres8_w128_s7_native,RECORDED,,beicsr_total_bytes,28013630608.0,bytes,causal two-layer,results_hpca_xorflow/complete_suite/runs/abl_reddit_single_buffered/causal_preflight.csv,75ebf0d244b708ecbc6a34e9b93ac37e314113917533f2ca4a22b117ff8c3305
host,reddit_deepres8_w128_s7_native,RECORDED,,host_speedup,1.3351532830531805,ratio,aggregation+combination+support_io; energy_pending,results_hpca_xorflow/complete_suite/runs/abl_reddit_single_buffered/host_model.csv,00b6877019233305ff34692590c6756976e03e2801529d7dd425dc31c8333a34
host,reddit_deepres8_w128_s7_native,RECORDED,,beicsr_host_cycles,164013929.0,cycles,aggregation+combination+support_io; energy_pending,results_hpca_xorflow/complete_suite/runs/abl_reddit_single_buffered/host_model.csv,00b6877019233305ff34692590c6756976e03e2801529d7dd425dc31c8333a34
host,reddit_deepres8_w128_s7_native,RECORDED,,xorflow_host_cycles,122842771.0,cycles,aggregation+combination+support_io; energy_pending,results_hpca_xorflow/complete_suite/runs/abl_reddit_single_buffered/host_model.csv,00b6877019233305ff34692590c6756976e03e2801529d7dd425dc31c8333a34
host,reddit_deepres8_w128_s7_native,RECORDED,,combination_scalesim_utilization,99.67846071893872,ratio,aggregation+combination+support_io; energy_pending,results_hpca_xorflow/complete_suite/runs/abl_reddit_single_buffered/host_model.csv,00b6877019233305ff34692590c6756976e03e2801529d7dd425dc31c8333a34
host,reddit_deepres8_w128_s7_native,RECORDED,,host_speedup,1.4551041648661498,ratio,aggregation+combination+support_io; energy_pending,results_hpca_xorflow/complete_suite/runs/abl_reddit_single_buffered/host_model.csv,00b6877019233305ff34692590c6756976e03e2801529d7dd425dc31c8333a34
host,reddit_deepres8_w128_s7_native,RECORDED,,beicsr_host_cycles,157085936.0,cycles,aggregation+combination+support_io; energy_pending,results_hpca_xorflow/complete_suite/runs/abl_reddit_single_buffered/host_model.csv,00b6877019233305ff34692590c6756976e03e2801529d7dd425dc31c8333a34
host,reddit_deepres8_w128_s7_native,RECORDED,,xorflow_host_cycles,107955114.0,cycles,aggregation+combination+support_io; energy_pending,results_hpca_xorflow/complete_suite/runs/abl_reddit_single_buffered/host_model.csv,00b6877019233305ff34692590c6756976e03e2801529d7dd425dc31c8333a34
host,reddit_deepres8_w128_s7_native,RECORDED,,combination_scalesim_utilization,99.67846071893872,ratio,aggregation+combination+support_io; energy_pending,results_hpca_xorflow/complete_suite/runs/abl_reddit_single_buffered/host_model.csv,00b6877019233305ff34692590c6756976e03e2801529d7dd425dc31c8333a34
causal_preflight,reddit_deepres8_w128_s7_native,RECORDED,,support_ratio_to_beicsr,0.6749583419779318,ratio,causal two-layer,results_hpca_xorflow/complete_suite/runs/abl_reddit_slice256/causal_preflight.csv,5b6054869d349584f62097a81e78c3aaff44fe016275b8e4f2ad0e45e8ab240b
causal_preflight,reddit_deepres8_w128_s7_native,RECORDED,,traffic_reduction,0.3685841332711445,fraction,causal two-layer,results_hpca_xorflow/complete_suite/runs/abl_reddit_slice256/causal_preflight.csv,5b6054869d349584f62097a81e78c3aaff44fe016275b8e4f2ad0e45e8ab240b
causal_preflight,reddit_deepres8_w128_s7_native,RECORDED,,serialized_speedup,1.5829866376002637,ratio,causal two-layer,results_hpca_xorflow/complete_suite/runs/abl_reddit_slice256/causal_preflight.csv,5b6054869d349584f62097a81e78c3aaff44fe016275b8e4f2ad0e45e8ab240b
causal_preflight,reddit_deepres8_w128_s7_native,RECORDED,,double_buffered_speedup,1.5835021076533409,ratio,causal two-layer,results_hpca_xorflow/complete_suite/runs/abl_reddit_slice256/causal_preflight.csv,5b6054869d349584f62097a81e78c3aaff44fe016275b8e4f2ad0e45e8ab240b
causal_preflight,reddit_deepres8_w128_s7_native,RECORDED,,xorflow_total_bytes,18112078800.0,bytes,causal two-layer,results_hpca_xorflow/complete_suite/runs/abl_reddit_slice256/causal_preflight.csv,5b6054869d349584f62097a81e78c3aaff44fe016275b8e4f2ad0e45e8ab240b
causal_preflight,reddit_deepres8_w128_s7_native,RECORDED,,beicsr_total_bytes,28684864848.0,bytes,causal two-layer,results_hpca_xorflow/complete_suite/runs/abl_reddit_slice256/causal_preflight.csv,5b6054869d349584f62097a81e78c3aaff44fe016275b8e4f2ad0e45e8ab240b
causal_preflight,reddit_deepres8_w128_s7_native,RECORDED,,support_ratio_to_beicsr,0.592914738026933,ratio,causal two-layer,results_hpca_xorflow/complete_suite/runs/abl_reddit_slice256/causal_preflight.csv,5b6054869d349584f62097a81e78c3aaff44fe016275b8e4f2ad0e45e8ab240b
causal_preflight,reddit_deepres8_w128_s7_native,RECORDED,,traffic_reduction,0.4500651586517129,fraction,causal two-layer,results_hpca_xorflow/complete_suite/runs/abl_reddit_slice256/causal_preflight.csv,5b6054869d349584f62097a81e78c3aaff44fe016275b8e4f2ad0e45e8ab240b
causal_preflight,reddit_deepres8_w128_s7_native,RECORDED,,serialized_speedup,1.8173877820717304,ratio,causal two-layer,results_hpca_xorflow/complete_suite/runs/abl_reddit_slice256/causal_preflight.csv,5b6054869d349584f62097a81e78c3aaff44fe016275b8e4f2ad0e45e8ab240b
causal_preflight,reddit_deepres8_w128_s7_native,RECORDED,,double_buffered_speedup,1.8180013907231465,ratio,causal two-layer,results_hpca_xorflow/complete_suite/runs/abl_reddit_slice256/causal_preflight.csv,5b6054869d349584f62097a81e78c3aaff44fe016275b8e4f2ad0e45e8ab240b
causal_preflight,reddit_deepres8_w128_s7_native,RECORDED,,xorflow_total_bytes,15405671504.0,bytes,causal two-layer,results_hpca_xorflow/complete_suite/runs/abl_reddit_slice256/causal_preflight.csv,5b6054869d349584f62097a81e78c3aaff44fe016275b8e4f2ad0e45e8ab240b
causal_preflight,reddit_deepres8_w128_s7_native,RECORDED,,beicsr_total_bytes,28013630608.0,bytes,causal two-layer,results_hpca_xorflow/complete_suite/runs/abl_reddit_slice256/causal_preflight.csv,5b6054869d349584f62097a81e78c3aaff44fe016275b8e4f2ad0e45e8ab240b
host,reddit_deepres8_w128_s7_native,RECORDED,,host_speedup,1.568007348595562,ratio,aggregation+combination+support_io; energy_pending,results_hpca_xorflow/complete_suite/runs/abl_reddit_slice256/host_model.csv,d49aa14f231d9a160f24f9248d4246d83fe1232aa5cd647af2c257b721226bc7
host,reddit_deepres8_w128_s7_native,RECORDED,,beicsr_host_cycles,113949134.0,cycles,aggregation+combination+support_io; energy_pending,results_hpca_xorflow/complete_suite/runs/abl_reddit_slice256/host_model.csv,d49aa14f231d9a160f24f9248d4246d83fe1232aa5cd647af2c257b721226bc7
host,reddit_deepres8_w128_s7_native,RECORDED,,xorflow_host_cycles,72671301.0,cycles,aggregation+combination+support_io; energy_pending,results_hpca_xorflow/complete_suite/runs/abl_reddit_slice256/host_model.csv,d49aa14f231d9a160f24f9248d4246d83fe1232aa5cd647af2c257b721226bc7
host,reddit_deepres8_w128_s7_native,RECORDED,,combination_scalesim_utilization,99.67830078635802,ratio,aggregation+combination+support_io; energy_pending,results_hpca_xorflow/complete_suite/runs/abl_reddit_slice256/host_model.csv,d49aa14f231d9a160f24f9248d4246d83fe1232aa5cd647af2c257b721226bc7
host,reddit_deepres8_w128_s7_native,RECORDED,,host_speedup,1.7928023078839443,ratio,aggregation+combination+support_io; energy_pending,results_hpca_xorflow/complete_suite/runs/abl_reddit_slice256/host_model.csv,d49aa14f231d9a160f24f9248d4246d83fe1232aa5cd647af2c257b721226bc7
host,reddit_deepres8_w128_s7_native,RECORDED,,beicsr_host_cycles,111327125.0,cycles,aggregation+combination+support_io; energy_pending,results_hpca_xorflow/complete_suite/runs/abl_reddit_slice256/host_model.csv,d49aa14f231d9a160f24f9248d4246d83fe1232aa5cd647af2c257b721226bc7
host,reddit_deepres8_w128_s7_native,RECORDED,,xorflow_host_cycles,62096710.0,cycles,aggregation+combination+support_io; energy_pending,results_hpca_xorflow/complete_suite/runs/abl_reddit_slice256/host_model.csv,d49aa14f231d9a160f24f9248d4246d83fe1232aa5cd647af2c257b721226bc7
host,reddit_deepres8_w128_s7_native,RECORDED,,combination_scalesim_utilization,99.67830078635802,ratio,aggregation+combination+support_io; energy_pending,results_hpca_xorflow/complete_suite/runs/abl_reddit_slice256/host_model.csv,d49aa14f231d9a160f24f9248d4246d83fe1232aa5cd647af2c257b721226bc7
causal_preflight,reddit_deepres8_w128_s7_native,RECORDED,,support_ratio_to_beicsr,0.6749583419779318,ratio,causal two-layer,results_hpca_xorflow/complete_suite/runs/abl_reddit_support_cache_min/causal_preflight.csv,75ebf0d244b708ecbc6a34e9b93ac37e314113917533f2ca4a22b117ff8c3305
causal_preflight,reddit_deepres8_w128_s7_native,RECORDED,,traffic_reduction,0.3685841332711445,fraction,causal two-layer,results_hpca_xorflow/complete_suite/runs/abl_reddit_support_cache_min/causal_preflight.csv,75ebf0d244b708ecbc6a34e9b93ac37e314113917533f2ca4a22b117ff8c3305
causal_preflight,reddit_deepres8_w128_s7_native,RECORDED,,serialized_speedup,1.5829866376002637,ratio,causal two-layer,results_hpca_xorflow/complete_suite/runs/abl_reddit_support_cache_min/causal_preflight.csv,75ebf0d244b708ecbc6a34e9b93ac37e314113917533f2ca4a22b117ff8c3305
causal_preflight,reddit_deepres8_w128_s7_native,RECORDED,,double_buffered_speedup,1.5835021076533409,ratio,causal two-layer,results_hpca_xorflow/complete_suite/runs/abl_reddit_support_cache_min/causal_preflight.csv,75ebf0d244b708ecbc6a34e9b93ac37e314113917533f2ca4a22b117ff8c3305
causal_preflight,reddit_deepres8_w128_s7_native,RECORDED,,xorflow_total_bytes,18112078800.0,bytes,causal two-layer,results_hpca_xorflow/complete_suite/runs/abl_reddit_support_cache_min/causal_preflight.csv,75ebf0d244b708ecbc6a34e9b93ac37e314113917533f2ca4a22b117ff8c3305
causal_preflight,reddit_deepres8_w128_s7_native,RECORDED,,beicsr_total_bytes,28684864848.0,bytes,causal two-layer,results_hpca_xorflow/complete_suite/runs/abl_reddit_support_cache_min/causal_preflight.csv,75ebf0d244b708ecbc6a34e9b93ac37e314113917533f2ca4a22b117ff8c3305
causal_preflight,reddit_deepres8_w128_s7_native,RECORDED,,support_ratio_to_beicsr,0.592914738026933,ratio,causal two-layer,results_hpca_xorflow/complete_suite/runs/abl_reddit_support_cache_min/causal_preflight.csv,75ebf0d244b708ecbc6a34e9b93ac37e314113917533f2ca4a22b117ff8c3305
causal_preflight,reddit_deepres8_w128_s7_native,RECORDED,,traffic_reduction,0.4500651586517129,fraction,causal two-layer,results_hpca_xorflow/complete_suite/runs/abl_reddit_support_cache_min/causal_preflight.csv,75ebf0d244b708ecbc6a34e9b93ac37e314113917533f2ca4a22b117ff8c3305
causal_preflight,reddit_deepres8_w128_s7_native,RECORDED,,serialized_speedup,1.8173877820717304,ratio,causal two-layer,results_hpca_xorflow/complete_suite/runs/abl_reddit_support_cache_min/causal_preflight.csv,75ebf0d244b708ecbc6a34e9b93ac37e314113917533f2ca4a22b117ff8c3305
causal_preflight,reddit_deepres8_w128_s7_native,RECORDED,,double_buffered_speedup,1.8180013907231465,ratio,causal two-layer,results_hpca_xorflow/complete_suite/runs/abl_reddit_support_cache_min/causal_preflight.csv,75ebf0d244b708ecbc6a34e9b93ac37e314113917533f2ca4a22b117ff8c3305
causal_preflight,reddit_deepres8_w128_s7_native,RECORDED,,xorflow_total_bytes,15405671504.0,bytes,causal two-layer,results_hpca_xorflow/complete_suite/runs/abl_reddit_support_cache_min/causal_preflight.csv,75ebf0d244b708ecbc6a34e9b93ac37e314113917533f2ca4a22b117ff8c3305
causal_preflight,reddit_deepres8_w128_s7_native,RECORDED,,beicsr_total_bytes,28013630608.0,bytes,causal two-layer,results_hpca_xorflow/complete_suite/runs/abl_reddit_support_cache_min/causal_preflight.csv,75ebf0d244b708ecbc6a34e9b93ac37e314113917533f2ca4a22b117ff8c3305
host,reddit_deepres8_w128_s7_native,RECORDED,,host_speedup,1.5791837124765402,ratio,aggregation+combination+support_io; energy_pending,results_hpca_xorflow/complete_suite/runs/abl_reddit_support_cache_min/host_model.csv,f51e61a7be529f377baea6aa7688e6011bed2a3eb8b5e2941d658acdfecf63e6
host,reddit_deepres8_w128_s7_native,RECORDED,,beicsr_host_cycles,112546814.0,cycles,aggregation+combination+support_io; energy_pending,results_hpca_xorflow/complete_suite/runs/abl_reddit_support_cache_min/host_model.csv,f51e61a7be529f377baea6aa7688e6011bed2a3eb8b5e2941d658acdfecf63e6
host,reddit_deepres8_w128_s7_native,RECORDED,,xorflow_host_cycles,71268981.0,cycles,aggregation+combination+support_io; energy_pending,results_hpca_xorflow/complete_suite/runs/abl_reddit_support_cache_min/host_model.csv,f51e61a7be529f377baea6aa7688e6011bed2a3eb8b5e2941d658acdfecf63e6
host,reddit_deepres8_w128_s7_native,RECORDED,,combination_scalesim_utilization,99.67846071893872,ratio,aggregation+combination+support_io; energy_pending,results_hpca_xorflow/complete_suite/runs/abl_reddit_support_cache_min/host_model.csv,f51e61a7be529f377baea6aa7688e6011bed2a3eb8b5e2941d658acdfecf63e6
host,reddit_deepres8_w128_s7_native,RECORDED,,host_speedup,1.8111196932698392,ratio,aggregation+combination+support_io; energy_pending,results_hpca_xorflow/complete_suite/runs/abl_reddit_support_cache_min/host_model.csv,f51e61a7be529f377baea6aa7688e6011bed2a3eb8b5e2941d658acdfecf63e6
host,reddit_deepres8_w128_s7_native,RECORDED,,beicsr_host_cycles,109924805.0,cycles,aggregation+combination+support_io; energy_pending,results_hpca_xorflow/complete_suite/runs/abl_reddit_support_cache_min/host_model.csv,f51e61a7be529f377baea6aa7688e6011bed2a3eb8b5e2941d658acdfecf63e6
host,reddit_deepres8_w128_s7_native,RECORDED,,xorflow_host_cycles,60694390.0,cycles,aggregation+combination+support_io; energy_pending,results_hpca_xorflow/complete_suite/runs/abl_reddit_support_cache_min/host_model.csv,f51e61a7be529f377baea6aa7688e6011bed2a3eb8b5e2941d658acdfecf63e6
host,reddit_deepres8_w128_s7_native,RECORDED,,combination_scalesim_utilization,99.67846071893872,ratio,aggregation+combination+support_io; energy_pending,results_hpca_xorflow/complete_suite/runs/abl_reddit_support_cache_min/host_model.csv,f51e61a7be529f377baea6aa7688e6011bed2a3eb8b5e2941d658acdfecf63e6
causal_preflight,ogbn_arxiv_deepres8_w128_s17,RECORDED,,support_ratio_to_beicsr,0.7227651702297835,ratio,causal two-layer,results_hpca_xorflow/complete_suite/runs/arxiv_bw128/causal_preflight.csv,6a85a236cd9d9f015aa76b1797f2b294542b86241669586bf0dcef4808ab5374
causal_preflight,ogbn_arxiv_deepres8_w128_s17,RECORDED,,traffic_reduction,0.1362471921945746,fraction,causal two-layer,results_hpca_xorflow/complete_suite/runs/arxiv_bw128/causal_preflight.csv,6a85a236cd9d9f015aa76b1797f2b294542b86241669586bf0dcef4808ab5374
causal_preflight,ogbn_arxiv_deepres8_w128_s17,RECORDED,,serialized_speedup,1.1461466803718114,ratio,causal two-layer,results_hpca_xorflow/complete_suite/runs/arxiv_bw128/causal_preflight.csv,6a85a236cd9d9f015aa76b1797f2b294542b86241669586bf0dcef4808ab5374
causal_preflight,ogbn_arxiv_deepres8_w128_s17,RECORDED,,double_buffered_speedup,1.156116282018829,ratio,causal two-layer,results_hpca_xorflow/complete_suite/runs/arxiv_bw128/causal_preflight.csv,6a85a236cd9d9f015aa76b1797f2b294542b86241669586bf0dcef4808ab5374
causal_preflight,ogbn_arxiv_deepres8_w128_s17,RECORDED,,xorflow_total_bytes,521480752.0,bytes,causal two-layer,results_hpca_xorflow/complete_suite/runs/arxiv_bw128/causal_preflight.csv,6a85a236cd9d9f015aa76b1797f2b294542b86241669586bf0dcef4808ab5374
causal_preflight,ogbn_arxiv_deepres8_w128_s17,RECORDED,,beicsr_total_bytes,603738416.0,bytes,causal two-layer,results_hpca_xorflow/complete_suite/runs/arxiv_bw128/causal_preflight.csv,6a85a236cd9d9f015aa76b1797f2b294542b86241669586bf0dcef4808ab5374
causal_preflight,ogbn_arxiv_deepres8_w128_s17,RECORDED,,support_ratio_to_beicsr,0.6623898028787071,ratio,causal two-layer,results_hpca_xorflow/complete_suite/runs/arxiv_bw128/causal_preflight.csv,6a85a236cd9d9f015aa76b1797f2b294542b86241669586bf0dcef4808ab5374
causal_preflight,ogbn_arxiv_deepres8_w128_s17,RECORDED,,traffic_reduction,0.272675477239821,fraction,causal two-layer,results_hpca_xorflow/complete_suite/runs/arxiv_bw128/causal_preflight.csv,6a85a236cd9d9f015aa76b1797f2b294542b86241669586bf0dcef4808ab5374
causal_preflight,ogbn_arxiv_deepres8_w128_s17,RECORDED,,serialized_speedup,1.3574288572248625,ratio,causal two-layer,results_hpca_xorflow/complete_suite/runs/arxiv_bw128/causal_preflight.csv,6a85a236cd9d9f015aa76b1797f2b294542b86241669586bf0dcef4808ab5374
causal_preflight,ogbn_arxiv_deepres8_w128_s17,RECORDED,,double_buffered_speedup,1.3703307090968475,ratio,causal two-layer,results_hpca_xorflow/complete_suite/runs/arxiv_bw128/causal_preflight.csv,6a85a236cd9d9f015aa76b1797f2b294542b86241669586bf0dcef4808ab5374
causal_preflight,ogbn_arxiv_deepres8_w128_s17,RECORDED,,xorflow_total_bytes,438996080.0,bytes,causal two-layer,results_hpca_xorflow/complete_suite/runs/arxiv_bw128/causal_preflight.csv,6a85a236cd9d9f015aa76b1797f2b294542b86241669586bf0dcef4808ab5374
causal_preflight,ogbn_arxiv_deepres8_w128_s17,RECORDED,,beicsr_total_bytes,603576624.0,bytes,causal two-layer,results_hpca_xorflow/complete_suite/runs/arxiv_bw128/causal_preflight.csv,6a85a236cd9d9f015aa76b1797f2b294542b86241669586bf0dcef4808ab5374
host,ogbn_arxiv_deepres8_w128_s17,RECORDED,,host_speedup,1.1404618383700456,ratio,aggregation+combination+support_io; energy_pending,results_hpca_xorflow/complete_suite/runs/arxiv_bw128/host_model.csv,d15c3660c114298f6c51598e168acd667f421fb2e4d54dd6fa5004b8eed57569
host,ogbn_arxiv_deepres8_w128_s17,RECORDED,,beicsr_host_cycles,5078066.0,cycles,aggregation+combination+support_io; energy_pending,results_hpca_xorflow/complete_suite/runs/arxiv_bw128/host_model.csv,d15c3660c114298f6c51598e168acd667f421fb2e4d54dd6fa5004b8eed57569
host,ogbn_arxiv_deepres8_w128_s17,RECORDED,,xorflow_host_cycles,4452640.0,cycles,aggregation+combination+support_io; energy_pending,results_hpca_xorflow/complete_suite/runs/arxiv_bw128/host_model.csv,d15c3660c114298f6c51598e168acd667f421fb2e4d54dd6fa5004b8eed57569
host,ogbn_arxiv_deepres8_w128_s17,RECORDED,,combination_scalesim_utilization,99.55818937008917,ratio,aggregation+combination+support_io; energy_pending,results_hpca_xorflow/complete_suite/runs/arxiv_bw128/host_model.csv,d15c3660c114298f6c51598e168acd667f421fb2e4d54dd6fa5004b8eed57569
host,ogbn_arxiv_deepres8_w128_s17,RECORDED,,host_speedup,1.333617211977227,ratio,aggregation+combination+support_io; energy_pending,results_hpca_xorflow/complete_suite/runs/arxiv_bw128/host_model.csv,d15c3660c114298f6c51598e168acd667f421fb2e4d54dd6fa5004b8eed57569
host,ogbn_arxiv_deepres8_w128_s17,RECORDED,,beicsr_host_cycles,5076802.0,cycles,aggregation+combination+support_io; energy_pending,results_hpca_xorflow/complete_suite/runs/arxiv_bw128/host_model.csv,d15c3660c114298f6c51598e168acd667f421fb2e4d54dd6fa5004b8eed57569
host,ogbn_arxiv_deepres8_w128_s17,RECORDED,,xorflow_host_cycles,3806791.0,cycles,aggregation+combination+support_io; energy_pending,results_hpca_xorflow/complete_suite/runs/arxiv_bw128/host_model.csv,d15c3660c114298f6c51598e168acd667f421fb2e4d54dd6fa5004b8eed57569
host,ogbn_arxiv_deepres8_w128_s17,RECORDED,,combination_scalesim_utilization,99.55818937008917,ratio,aggregation+combination+support_io; energy_pending,results_hpca_xorflow/complete_suite/runs/arxiv_bw128/host_model.csv,d15c3660c114298f6c51598e168acd667f421fb2e4d54dd6fa5004b8eed57569
causal_preflight,ogbn_arxiv_deepres8_w128_s17,RECORDED,,support_ratio_to_beicsr,0.7227651702297835,ratio,causal two-layer,results_hpca_xorflow/complete_suite/runs/arxiv_bw512/causal_preflight.csv,6a85a236cd9d9f015aa76b1797f2b294542b86241669586bf0dcef4808ab5374
causal_preflight,ogbn_arxiv_deepres8_w128_s17,RECORDED,,traffic_reduction,0.1362471921945746,fraction,causal two-layer,results_hpca_xorflow/complete_suite/runs/arxiv_bw512/causal_preflight.csv,6a85a236cd9d9f015aa76b1797f2b294542b86241669586bf0dcef4808ab5374
causal_preflight,ogbn_arxiv_deepres8_w128_s17,RECORDED,,serialized_speedup,1.1461466803718114,ratio,causal two-layer,results_hpca_xorflow/complete_suite/runs/arxiv_bw512/causal_preflight.csv,6a85a236cd9d9f015aa76b1797f2b294542b86241669586bf0dcef4808ab5374
causal_preflight,ogbn_arxiv_deepres8_w128_s17,RECORDED,,double_buffered_speedup,1.156116282018829,ratio,causal two-layer,results_hpca_xorflow/complete_suite/runs/arxiv_bw512/causal_preflight.csv,6a85a236cd9d9f015aa76b1797f2b294542b86241669586bf0dcef4808ab5374
causal_preflight,ogbn_arxiv_deepres8_w128_s17,RECORDED,,xorflow_total_bytes,521480752.0,bytes,causal two-layer,results_hpca_xorflow/complete_suite/runs/arxiv_bw512/causal_preflight.csv,6a85a236cd9d9f015aa76b1797f2b294542b86241669586bf0dcef4808ab5374
causal_preflight,ogbn_arxiv_deepres8_w128_s17,RECORDED,,beicsr_total_bytes,603738416.0,bytes,causal two-layer,results_hpca_xorflow/complete_suite/runs/arxiv_bw512/causal_preflight.csv,6a85a236cd9d9f015aa76b1797f2b294542b86241669586bf0dcef4808ab5374
causal_preflight,ogbn_arxiv_deepres8_w128_s17,RECORDED,,support_ratio_to_beicsr,0.6623898028787071,ratio,causal two-layer,results_hpca_xorflow/complete_suite/runs/arxiv_bw512/causal_preflight.csv,6a85a236cd9d9f015aa76b1797f2b294542b86241669586bf0dcef4808ab5374
causal_preflight,ogbn_arxiv_deepres8_w128_s17,RECORDED,,traffic_reduction,0.272675477239821,fraction,causal two-layer,results_hpca_xorflow/complete_suite/runs/arxiv_bw512/causal_preflight.csv,6a85a236cd9d9f015aa76b1797f2b294542b86241669586bf0dcef4808ab5374
causal_preflight,ogbn_arxiv_deepres8_w128_s17,RECORDED,,serialized_speedup,1.3574288572248625,ratio,causal two-layer,results_hpca_xorflow/complete_suite/runs/arxiv_bw512/causal_preflight.csv,6a85a236cd9d9f015aa76b1797f2b294542b86241669586bf0dcef4808ab5374
causal_preflight,ogbn_arxiv_deepres8_w128_s17,RECORDED,,double_buffered_speedup,1.3703307090968475,ratio,causal two-layer,results_hpca_xorflow/complete_suite/runs/arxiv_bw512/causal_preflight.csv,6a85a236cd9d9f015aa76b1797f2b294542b86241669586bf0dcef4808ab5374
causal_preflight,ogbn_arxiv_deepres8_w128_s17,RECORDED,,xorflow_total_bytes,438996080.0,bytes,causal two-layer,results_hpca_xorflow/complete_suite/runs/arxiv_bw512/causal_preflight.csv,6a85a236cd9d9f015aa76b1797f2b294542b86241669586bf0dcef4808ab5374
causal_preflight,ogbn_arxiv_deepres8_w128_s17,RECORDED,,beicsr_total_bytes,603576624.0,bytes,causal two-layer,results_hpca_xorflow/complete_suite/runs/arxiv_bw512/causal_preflight.csv,6a85a236cd9d9f015aa76b1797f2b294542b86241669586bf0dcef4808ab5374
host,ogbn_arxiv_deepres8_w128_s17,RECORDED,,host_speedup,1.009280181554812,ratio,aggregation+combination+support_io; energy_pending,results_hpca_xorflow/complete_suite/runs/arxiv_bw512/host_model.csv,194f86f87a9627434fa6aa73355975dd7deb60bc88a0edf293ffc882e99570d5
host,ogbn_arxiv_deepres8_w128_s17,RECORDED,,beicsr_host_cycles,1540536.0,cycles,aggregation+combination+support_io; energy_pending,results_hpca_xorflow/complete_suite/runs/arxiv_bw512/host_model.csv,194f86f87a9627434fa6aa73355975dd7deb60bc88a0edf293ffc882e99570d5
host,ogbn_arxiv_deepres8_w128_s17,RECORDED,,xorflow_host_cycles,1526371.0,cycles,aggregation+combination+support_io; energy_pending,results_hpca_xorflow/complete_suite/runs/arxiv_bw512/host_model.csv,194f86f87a9627434fa6aa73355975dd7deb60bc88a0edf293ffc882e99570d5
host,ogbn_arxiv_deepres8_w128_s17,RECORDED,,combination_scalesim_utilization,99.55818937008917,ratio,aggregation+combination+support_io; energy_pending,results_hpca_xorflow/complete_suite/runs/arxiv_bw512/host_model.csv,194f86f87a9627434fa6aa73355975dd7deb60bc88a0edf293ffc882e99570d5
host,ogbn_arxiv_deepres8_w128_s17,RECORDED,,host_speedup,1.0485547669068922,ratio,aggregation+combination+support_io; energy_pending,results_hpca_xorflow/complete_suite/runs/arxiv_bw512/host_model.csv,194f86f87a9627434fa6aa73355975dd7deb60bc88a0edf293ffc882e99570d5
host,ogbn_arxiv_deepres8_w128_s17,RECORDED,,beicsr_host_cycles,1540220.0,cycles,aggregation+combination+support_io; energy_pending,results_hpca_xorflow/complete_suite/runs/arxiv_bw512/host_model.csv,194f86f87a9627434fa6aa73355975dd7deb60bc88a0edf293ffc882e99570d5
host,ogbn_arxiv_deepres8_w128_s17,RECORDED,,xorflow_host_cycles,1468898.0,cycles,aggregation+combination+support_io; energy_pending,results_hpca_xorflow/complete_suite/runs/arxiv_bw512/host_model.csv,194f86f87a9627434fa6aa73355975dd7deb60bc88a0edf293ffc882e99570d5
host,ogbn_arxiv_deepres8_w128_s17,RECORDED,,combination_scalesim_utilization,99.55818937008917,ratio,aggregation+combination+support_io; energy_pending,results_hpca_xorflow/complete_suite/runs/arxiv_bw512/host_model.csv,194f86f87a9627434fa6aa73355975dd7deb60bc88a0edf293ffc882e99570d5
causal_preflight,ogbn_arxiv_deepres8_w128_s17,RECORDED,,support_ratio_to_beicsr,0.7227651702297835,ratio,causal two-layer,results_hpca_xorflow/complete_suite/runs/arxiv_cache1m/causal_preflight.csv,2414fe095069c3425a817325b656df227a46b46e6434b90137825b58099237eb
causal_preflight,ogbn_arxiv_deepres8_w128_s17,RECORDED,,traffic_reduction,0.1330764542672696,fraction,causal two-layer,results_hpca_xorflow/complete_suite/runs/arxiv_cache1m/causal_preflight.csv,2414fe095069c3425a817325b656df227a46b46e6434b90137825b58099237eb
causal_preflight,ogbn_arxiv_deepres8_w128_s17,RECORDED,,serialized_speedup,1.141182772195151,ratio,causal two-layer,results_hpca_xorflow/complete_suite/runs/arxiv_cache1m/causal_preflight.csv,2414fe095069c3425a817325b656df227a46b46e6434b90137825b58099237eb
causal_preflight,ogbn_arxiv_deepres8_w128_s17,RECORDED,,double_buffered_speedup,1.1518134917227976,ratio,causal two-layer,results_hpca_xorflow/complete_suite/runs/arxiv_cache1m/causal_preflight.csv,2414fe095069c3425a817325b656df227a46b46e6434b90137825b58099237eb
causal_preflight,ogbn_arxiv_deepres8_w128_s17,RECORDED,,xorflow_total_bytes,486573296.0,bytes,causal two-layer,results_hpca_xorflow/complete_suite/runs/arxiv_cache1m/causal_preflight.csv,2414fe095069c3425a817325b656df227a46b46e6434b90137825b58099237eb
causal_preflight,ogbn_arxiv_deepres8_w128_s17,RECORDED,,beicsr_total_bytes,561264368.0,bytes,causal two-layer,results_hpca_xorflow/complete_suite/runs/arxiv_cache1m/causal_preflight.csv,2414fe095069c3425a817325b656df227a46b46e6434b90137825b58099237eb
causal_preflight,ogbn_arxiv_deepres8_w128_s17,RECORDED,,support_ratio_to_beicsr,0.6623898028787071,ratio,causal two-layer,results_hpca_xorflow/complete_suite/runs/arxiv_cache1m/causal_preflight.csv,2414fe095069c3425a817325b656df227a46b46e6434b90137825b58099237eb
causal_preflight,ogbn_arxiv_deepres8_w128_s17,RECORDED,,traffic_reduction,0.2775730167193665,fraction,causal two-layer,results_hpca_xorflow/complete_suite/runs/arxiv_cache1m/causal_preflight.csv,2414fe095069c3425a817325b656df227a46b46e6434b90137825b58099237eb
causal_preflight,ogbn_arxiv_deepres8_w128_s17,RECORDED,,serialized_speedup,1.3651169447069536,ratio,causal two-layer,results_hpca_xorflow/complete_suite/runs/arxiv_cache1m/causal_preflight.csv,2414fe095069c3425a817325b656df227a46b46e6434b90137825b58099237eb
causal_preflight,ogbn_arxiv_deepres8_w128_s17,RECORDED,,double_buffered_speedup,1.379154285657307,ratio,causal two-layer,results_hpca_xorflow/complete_suite/runs/arxiv_cache1m/causal_preflight.csv,2414fe095069c3425a817325b656df227a46b46e6434b90137825b58099237eb
causal_preflight,ogbn_arxiv_deepres8_w128_s17,RECORDED,,xorflow_total_bytes,405360496.0,bytes,causal two-layer,results_hpca_xorflow/complete_suite/runs/arxiv_cache1m/causal_preflight.csv,2414fe095069c3425a817325b656df227a46b46e6434b90137825b58099237eb
causal_preflight,ogbn_arxiv_deepres8_w128_s17,RECORDED,,beicsr_total_bytes,561109296.0,bytes,causal two-layer,results_hpca_xorflow/complete_suite/runs/arxiv_cache1m/causal_preflight.csv,2414fe095069c3425a817325b656df227a46b46e6434b90137825b58099237eb
host,ogbn_arxiv_deepres8_w128_s17,RECORDED,,host_speedup,1.1204563961446934,ratio,aggregation+combination+support_io; energy_pending,results_hpca_xorflow/complete_suite/runs/arxiv_cache1m/host_model.csv,a4e9ade4524a1d3e3c1173e51410dccd3d5561288a7fe11a424fd0e944cfd077
host,ogbn_arxiv_deepres8_w128_s17,RECORDED,,beicsr_host_cycles,2553798.0,cycles,aggregation+combination+support_io; energy_pending,results_hpca_xorflow/complete_suite/runs/arxiv_cache1m/host_model.csv,a4e9ade4524a1d3e3c1173e51410dccd3d5561288a7fe11a424fd0e944cfd077
host,ogbn_arxiv_deepres8_w128_s17,RECORDED,,xorflow_host_cycles,2279248.0,cycles,aggregation+combination+support_io; energy_pending,results_hpca_xorflow/complete_suite/runs/arxiv_cache1m/host_model.csv,a4e9ade4524a1d3e3c1173e51410dccd3d5561288a7fe11a424fd0e944cfd077
host,ogbn_arxiv_deepres8_w128_s17,RECORDED,,combination_scalesim_utilization,99.55818937008917,ratio,aggregation+combination+support_io; energy_pending,results_hpca_xorflow/complete_suite/runs/arxiv_cache1m/host_model.csv,a4e9ade4524a1d3e3c1173e51410dccd3d5561288a7fe11a424fd0e944cfd077
host,ogbn_arxiv_deepres8_w128_s17,RECORDED,,host_speedup,1.3022681112776155,ratio,aggregation+combination+support_io; energy_pending,results_hpca_xorflow/complete_suite/runs/arxiv_cache1m/host_model.csv,a4e9ade4524a1d3e3c1173e51410dccd3d5561288a7fe11a424fd0e944cfd077
host,ogbn_arxiv_deepres8_w128_s17,RECORDED,,beicsr_host_cycles,2553193.0,cycles,aggregation+combination+support_io; energy_pending,results_hpca_xorflow/complete_suite/runs/arxiv_cache1m/host_model.csv,a4e9ade4524a1d3e3c1173e51410dccd3d5561288a7fe11a424fd0e944cfd077
host,ogbn_arxiv_deepres8_w128_s17,RECORDED,,xorflow_host_cycles,1960574.0,cycles,aggregation+combination+support_io; energy_pending,results_hpca_xorflow/complete_suite/runs/arxiv_cache1m/host_model.csv,a4e9ade4524a1d3e3c1173e51410dccd3d5561288a7fe11a424fd0e944cfd077
host,ogbn_arxiv_deepres8_w128_s17,RECORDED,,combination_scalesim_utilization,99.55818937008917,ratio,aggregation+combination+support_io; energy_pending,results_hpca_xorflow/complete_suite/runs/arxiv_cache1m/host_model.csv,a4e9ade4524a1d3e3c1173e51410dccd3d5561288a7fe11a424fd0e944cfd077
causal_preflight,ogbn_arxiv_deepres8_w128_s17,RECORDED,,support_ratio_to_beicsr,0.7227651702297835,ratio,causal two-layer,results_hpca_xorflow/complete_suite/runs/arxiv_cache256/causal_preflight.csv,4055019293ea6dd3d814350b1dbf73423b4a8cad910cdc8046160a2a3b6618ac
causal_preflight,ogbn_arxiv_deepres8_w128_s17,RECORDED,,traffic_reduction,0.1384547628915906,fraction,causal two-layer,results_hpca_xorflow/complete_suite/runs/arxiv_cache256/causal_preflight.csv,4055019293ea6dd3d814350b1dbf73423b4a8cad910cdc8046160a2a3b6618ac
causal_preflight,ogbn_arxiv_deepres8_w128_s17,RECORDED,,serialized_speedup,1.1494893032428386,ratio,causal two-layer,results_hpca_xorflow/complete_suite/runs/arxiv_cache256/causal_preflight.csv,4055019293ea6dd3d814350b1dbf73423b4a8cad910cdc8046160a2a3b6618ac
causal_preflight,ogbn_arxiv_deepres8_w128_s17,RECORDED,,double_buffered_speedup,1.1591140278303278,ratio,causal two-layer,results_hpca_xorflow/complete_suite/runs/arxiv_cache256/causal_preflight.csv,4055019293ea6dd3d814350b1dbf73423b4a8cad910cdc8046160a2a3b6618ac
causal_preflight,ogbn_arxiv_deepres8_w128_s17,RECORDED,,xorflow_total_bytes,541952688.0,bytes,causal two-layer,results_hpca_xorflow/complete_suite/runs/arxiv_cache256/causal_preflight.csv,4055019293ea6dd3d814350b1dbf73423b4a8cad910cdc8046160a2a3b6618ac
causal_preflight,ogbn_arxiv_deepres8_w128_s17,RECORDED,,beicsr_total_bytes,629047280.0,bytes,causal two-layer,results_hpca_xorflow/complete_suite/runs/arxiv_cache256/causal_preflight.csv,4055019293ea6dd3d814350b1dbf73423b4a8cad910cdc8046160a2a3b6618ac
causal_preflight,ogbn_arxiv_deepres8_w128_s17,RECORDED,,support_ratio_to_beicsr,0.6623898028787071,ratio,causal two-layer,results_hpca_xorflow/complete_suite/runs/arxiv_cache256/causal_preflight.csv,4055019293ea6dd3d814350b1dbf73423b4a8cad910cdc8046160a2a3b6618ac
causal_preflight,ogbn_arxiv_deepres8_w128_s17,RECORDED,,traffic_reduction,0.269223730676843,fraction,causal two-layer,results_hpca_xorflow/complete_suite/runs/arxiv_cache256/causal_preflight.csv,4055019293ea6dd3d814350b1dbf73423b4a8cad910cdc8046160a2a3b6618ac
causal_preflight,ogbn_arxiv_deepres8_w128_s17,RECORDED,,serialized_speedup,1.3518341809023895,ratio,causal two-layer,results_hpca_xorflow/complete_suite/runs/arxiv_cache256/causal_preflight.csv,4055019293ea6dd3d814350b1dbf73423b4a8cad910cdc8046160a2a3b6618ac
causal_preflight,ogbn_arxiv_deepres8_w128_s17,RECORDED,,double_buffered_speedup,1.364114184791914,ratio,causal two-layer,results_hpca_xorflow/complete_suite/runs/arxiv_cache256/causal_preflight.csv,4055019293ea6dd3d814350b1dbf73423b4a8cad910cdc8046160a2a3b6618ac
causal_preflight,ogbn_arxiv_deepres8_w128_s17,RECORDED,,xorflow_total_bytes,459576368.0,bytes,causal two-layer,results_hpca_xorflow/complete_suite/runs/arxiv_cache256/causal_preflight.csv,4055019293ea6dd3d814350b1dbf73423b4a8cad910cdc8046160a2a3b6618ac
causal_preflight,ogbn_arxiv_deepres8_w128_s17,RECORDED,,beicsr_total_bytes,628887920.0,bytes,causal two-layer,results_hpca_xorflow/complete_suite/runs/arxiv_cache256/causal_preflight.csv,4055019293ea6dd3d814350b1dbf73423b4a8cad910cdc8046160a2a3b6618ac
host,ogbn_arxiv_deepres8_w128_s17,RECORDED,,host_speedup,1.1294295420612652,ratio,aggregation+combination+support_io; energy_pending,results_hpca_xorflow/complete_suite/runs/arxiv_cache256/host_model.csv,0028858569330f815cfc9809f3647640a3bd0c6055215f6bcca2d0f74db6a7e6
host,ogbn_arxiv_deepres8_w128_s17,RECORDED,,beicsr_host_cycles,2818575.0,cycles,aggregation+combination+support_io; energy_pending,results_hpca_xorflow/complete_suite/runs/arxiv_cache256/host_model.csv,0028858569330f815cfc9809f3647640a3bd0c6055215f6bcca2d0f74db6a7e6
host,ogbn_arxiv_deepres8_w128_s17,RECORDED,,xorflow_host_cycles,2495574.0,cycles,aggregation+combination+support_io; energy_pending,results_hpca_xorflow/complete_suite/runs/arxiv_cache256/host_model.csv,0028858569330f815cfc9809f3647640a3bd0c6055215f6bcca2d0f74db6a7e6
host,ogbn_arxiv_deepres8_w128_s17,RECORDED,,combination_scalesim_utilization,99.55818937008917,ratio,aggregation+combination+support_io; energy_pending,results_hpca_xorflow/complete_suite/runs/arxiv_cache256/host_model.csv,0028858569330f815cfc9809f3647640a3bd0c6055215f6bcca2d0f74db6a7e6
host,ogbn_arxiv_deepres8_w128_s17,RECORDED,,host_speedup,1.2971880746931326,ratio,aggregation+combination+support_io; energy_pending,results_hpca_xorflow/complete_suite/runs/arxiv_cache256/host_model.csv,0028858569330f815cfc9809f3647640a3bd0c6055215f6bcca2d0f74db6a7e6
host,ogbn_arxiv_deepres8_w128_s17,RECORDED,,beicsr_host_cycles,2817953.0,cycles,aggregation+combination+support_io; energy_pending,results_hpca_xorflow/complete_suite/runs/arxiv_cache256/host_model.csv,0028858569330f815cfc9809f3647640a3bd0c6055215f6bcca2d0f74db6a7e6
host,ogbn_arxiv_deepres8_w128_s17,RECORDED,,xorflow_host_cycles,2172355.0,cycles,aggregation+combination+support_io; energy_pending,results_hpca_xorflow/complete_suite/runs/arxiv_cache256/host_model.csv,0028858569330f815cfc9809f3647640a3bd0c6055215f6bcca2d0f74db6a7e6
host,ogbn_arxiv_deepres8_w128_s17,RECORDED,,combination_scalesim_utilization,99.55818937008917,ratio,aggregation+combination+support_io; energy_pending,results_hpca_xorflow/complete_suite/runs/arxiv_cache256/host_model.csv,0028858569330f815cfc9809f3647640a3bd0c6055215f6bcca2d0f74db6a7e6
causal_preflight,ogbn_arxiv_deepres8_w128_s17,RECORDED,,support_ratio_to_beicsr,0.7227651702297835,ratio,causal two-layer,results_hpca_xorflow/complete_suite/runs/arxiv_decoder16/causal_preflight.csv,6a85a236cd9d9f015aa76b1797f2b294542b86241669586bf0dcef4808ab5374
causal_preflight,ogbn_arxiv_deepres8_w128_s17,RECORDED,,traffic_reduction,0.1362471921945746,fraction,causal two-layer,results_hpca_xorflow/complete_suite/runs/arxiv_decoder16/causal_preflight.csv,6a85a236cd9d9f015aa76b1797f2b294542b86241669586bf0dcef4808ab5374
causal_preflight,ogbn_arxiv_deepres8_w128_s17,RECORDED,,serialized_speedup,1.1461466803718114,ratio,causal two-layer,results_hpca_xorflow/complete_suite/runs/arxiv_decoder16/causal_preflight.csv,6a85a236cd9d9f015aa76b1797f2b294542b86241669586bf0dcef4808ab5374
causal_preflight,ogbn_arxiv_deepres8_w128_s17,RECORDED,,double_buffered_speedup,1.156116282018829,ratio,causal two-layer,results_hpca_xorflow/complete_suite/runs/arxiv_decoder16/causal_preflight.csv,6a85a236cd9d9f015aa76b1797f2b294542b86241669586bf0dcef4808ab5374
causal_preflight,ogbn_arxiv_deepres8_w128_s17,RECORDED,,xorflow_total_bytes,521480752.0,bytes,causal two-layer,results_hpca_xorflow/complete_suite/runs/arxiv_decoder16/causal_preflight.csv,6a85a236cd9d9f015aa76b1797f2b294542b86241669586bf0dcef4808ab5374
causal_preflight,ogbn_arxiv_deepres8_w128_s17,RECORDED,,beicsr_total_bytes,603738416.0,bytes,causal two-layer,results_hpca_xorflow/complete_suite/runs/arxiv_decoder16/causal_preflight.csv,6a85a236cd9d9f015aa76b1797f2b294542b86241669586bf0dcef4808ab5374
causal_preflight,ogbn_arxiv_deepres8_w128_s17,RECORDED,,support_ratio_to_beicsr,0.6623898028787071,ratio,causal two-layer,results_hpca_xorflow/complete_suite/runs/arxiv_decoder16/causal_preflight.csv,6a85a236cd9d9f015aa76b1797f2b294542b86241669586bf0dcef4808ab5374
causal_preflight,ogbn_arxiv_deepres8_w128_s17,RECORDED,,traffic_reduction,0.272675477239821,fraction,causal two-layer,results_hpca_xorflow/complete_suite/runs/arxiv_decoder16/causal_preflight.csv,6a85a236cd9d9f015aa76b1797f2b294542b86241669586bf0dcef4808ab5374
causal_preflight,ogbn_arxiv_deepres8_w128_s17,RECORDED,,serialized_speedup,1.3574288572248625,ratio,causal two-layer,results_hpca_xorflow/complete_suite/runs/arxiv_decoder16/causal_preflight.csv,6a85a236cd9d9f015aa76b1797f2b294542b86241669586bf0dcef4808ab5374
causal_preflight,ogbn_arxiv_deepres8_w128_s17,RECORDED,,double_buffered_speedup,1.3703307090968475,ratio,causal two-layer,results_hpca_xorflow/complete_suite/runs/arxiv_decoder16/causal_preflight.csv,6a85a236cd9d9f015aa76b1797f2b294542b86241669586bf0dcef4808ab5374
causal_preflight,ogbn_arxiv_deepres8_w128_s17,RECORDED,,xorflow_total_bytes,438996080.0,bytes,causal two-layer,results_hpca_xorflow/complete_suite/runs/arxiv_decoder16/causal_preflight.csv,6a85a236cd9d9f015aa76b1797f2b294542b86241669586bf0dcef4808ab5374
causal_preflight,ogbn_arxiv_deepres8_w128_s17,RECORDED,,beicsr_total_bytes,603576624.0,bytes,causal two-layer,results_hpca_xorflow/complete_suite/runs/arxiv_decoder16/causal_preflight.csv,6a85a236cd9d9f015aa76b1797f2b294542b86241669586bf0dcef4808ab5374
host,ogbn_arxiv_deepres8_w128_s17,RECORDED,,host_speedup,1.1179270294777497,ratio,aggregation+combination+support_io; energy_pending,results_hpca_xorflow/complete_suite/runs/arxiv_decoder16/host_model.csv,17b1ba6f44bd34e8dacdebdbf99d835b75143730555c90fc10b01747789b370f
host,ogbn_arxiv_deepres8_w128_s17,RECORDED,,beicsr_host_cycles,2719713.0,cycles,aggregation+combination+support_io; energy_pending,results_hpca_xorflow/complete_suite/runs/arxiv_decoder16/host_model.csv,17b1ba6f44bd34e8dacdebdbf99d835b75143730555c90fc10b01747789b370f
host,ogbn_arxiv_deepres8_w128_s17,RECORDED,,xorflow_host_cycles,2432818.0,cycles,aggregation+combination+support_io; energy_pending,results_hpca_xorflow/complete_suite/runs/arxiv_decoder16/host_model.csv,17b1ba6f44bd34e8dacdebdbf99d835b75143730555c90fc10b01747789b370f
host,ogbn_arxiv_deepres8_w128_s17,RECORDED,,combination_scalesim_utilization,99.55818937008917,ratio,aggregation+combination+support_io; energy_pending,results_hpca_xorflow/complete_suite/runs/arxiv_decoder16/host_model.csv,17b1ba6f44bd34e8dacdebdbf99d835b75143730555c90fc10b01747789b370f
host,ogbn_arxiv_deepres8_w128_s17,RECORDED,,host_speedup,1.2900475723489222,ratio,aggregation+combination+support_io; energy_pending,results_hpca_xorflow/complete_suite/runs/arxiv_decoder16/host_model.csv,17b1ba6f44bd34e8dacdebdbf99d835b75143730555c90fc10b01747789b370f
host,ogbn_arxiv_deepres8_w128_s17,RECORDED,,beicsr_host_cycles,2719081.0,cycles,aggregation+combination+support_io; energy_pending,results_hpca_xorflow/complete_suite/runs/arxiv_decoder16/host_model.csv,17b1ba6f44bd34e8dacdebdbf99d835b75143730555c90fc10b01747789b370f
host,ogbn_arxiv_deepres8_w128_s17,RECORDED,,xorflow_host_cycles,2107737.0,cycles,aggregation+combination+support_io; energy_pending,results_hpca_xorflow/complete_suite/runs/arxiv_decoder16/host_model.csv,17b1ba6f44bd34e8dacdebdbf99d835b75143730555c90fc10b01747789b370f
host,ogbn_arxiv_deepres8_w128_s17,RECORDED,,combination_scalesim_utilization,99.55818937008917,ratio,aggregation+combination+support_io; energy_pending,results_hpca_xorflow/complete_suite/runs/arxiv_decoder16/host_model.csv,17b1ba6f44bd34e8dacdebdbf99d835b75143730555c90fc10b01747789b370f
causal_preflight,ogbn_arxiv_deepres8_w128_s17,RECORDED,,support_ratio_to_beicsr,0.7227651702297835,ratio,causal two-layer,results_hpca_xorflow/complete_suite/runs/arxiv_decoder8/causal_preflight.csv,6a85a236cd9d9f015aa76b1797f2b294542b86241669586bf0dcef4808ab5374
causal_preflight,ogbn_arxiv_deepres8_w128_s17,RECORDED,,traffic_reduction,0.1362471921945746,fraction,causal two-layer,results_hpca_xorflow/complete_suite/runs/arxiv_decoder8/causal_preflight.csv,6a85a236cd9d9f015aa76b1797f2b294542b86241669586bf0dcef4808ab5374
causal_preflight,ogbn_arxiv_deepres8_w128_s17,RECORDED,,serialized_speedup,1.1461466803718114,ratio,causal two-layer,results_hpca_xorflow/complete_suite/runs/arxiv_decoder8/causal_preflight.csv,6a85a236cd9d9f015aa76b1797f2b294542b86241669586bf0dcef4808ab5374
causal_preflight,ogbn_arxiv_deepres8_w128_s17,RECORDED,,double_buffered_speedup,1.156116282018829,ratio,causal two-layer,results_hpca_xorflow/complete_suite/runs/arxiv_decoder8/causal_preflight.csv,6a85a236cd9d9f015aa76b1797f2b294542b86241669586bf0dcef4808ab5374
causal_preflight,ogbn_arxiv_deepres8_w128_s17,RECORDED,,xorflow_total_bytes,521480752.0,bytes,causal two-layer,results_hpca_xorflow/complete_suite/runs/arxiv_decoder8/causal_preflight.csv,6a85a236cd9d9f015aa76b1797f2b294542b86241669586bf0dcef4808ab5374
causal_preflight,ogbn_arxiv_deepres8_w128_s17,RECORDED,,beicsr_total_bytes,603738416.0,bytes,causal two-layer,results_hpca_xorflow/complete_suite/runs/arxiv_decoder8/causal_preflight.csv,6a85a236cd9d9f015aa76b1797f2b294542b86241669586bf0dcef4808ab5374
causal_preflight,ogbn_arxiv_deepres8_w128_s17,RECORDED,,support_ratio_to_beicsr,0.6623898028787071,ratio,causal two-layer,results_hpca_xorflow/complete_suite/runs/arxiv_decoder8/causal_preflight.csv,6a85a236cd9d9f015aa76b1797f2b294542b86241669586bf0dcef4808ab5374
causal_preflight,ogbn_arxiv_deepres8_w128_s17,RECORDED,,traffic_reduction,0.272675477239821,fraction,causal two-layer,results_hpca_xorflow/complete_suite/runs/arxiv_decoder8/causal_preflight.csv,6a85a236cd9d9f015aa76b1797f2b294542b86241669586bf0dcef4808ab5374
causal_preflight,ogbn_arxiv_deepres8_w128_s17,RECORDED,,serialized_speedup,1.3574288572248625,ratio,causal two-layer,results_hpca_xorflow/complete_suite/runs/arxiv_decoder8/causal_preflight.csv,6a85a236cd9d9f015aa76b1797f2b294542b86241669586bf0dcef4808ab5374
causal_preflight,ogbn_arxiv_deepres8_w128_s17,RECORDED,,double_buffered_speedup,1.3703307090968475,ratio,causal two-layer,results_hpca_xorflow/complete_suite/runs/arxiv_decoder8/causal_preflight.csv,6a85a236cd9d9f015aa76b1797f2b294542b86241669586bf0dcef4808ab5374
causal_preflight,ogbn_arxiv_deepres8_w128_s17,RECORDED,,xorflow_total_bytes,438996080.0,bytes,causal two-layer,results_hpca_xorflow/complete_suite/runs/arxiv_decoder8/causal_preflight.csv,6a85a236cd9d9f015aa76b1797f2b294542b86241669586bf0dcef4808ab5374
causal_preflight,ogbn_arxiv_deepres8_w128_s17,RECORDED,,beicsr_total_bytes,603576624.0,bytes,causal two-layer,results_hpca_xorflow/complete_suite/runs/arxiv_decoder8/causal_preflight.csv,6a85a236cd9d9f015aa76b1797f2b294542b86241669586bf0dcef4808ab5374
host,ogbn_arxiv_deepres8_w128_s17,RECORDED,,host_speedup,1.1023292405041742,ratio,aggregation+combination+support_io; energy_pending,results_hpca_xorflow/complete_suite/runs/arxiv_decoder8/host_model.csv,519036e258cb7ebef8a94c56a81636d306dc982984f814e1c3b4b2cd1688888e
host,ogbn_arxiv_deepres8_w128_s17,RECORDED,,beicsr_host_cycles,2719713.0,cycles,aggregation+combination+support_io; energy_pending,results_hpca_xorflow/complete_suite/runs/arxiv_decoder8/host_model.csv,519036e258cb7ebef8a94c56a81636d306dc982984f814e1c3b4b2cd1688888e
host,ogbn_arxiv_deepres8_w128_s17,RECORDED,,xorflow_host_cycles,2467242.0,cycles,aggregation+combination+support_io; energy_pending,results_hpca_xorflow/complete_suite/runs/arxiv_decoder8/host_model.csv,519036e258cb7ebef8a94c56a81636d306dc982984f814e1c3b4b2cd1688888e
host,ogbn_arxiv_deepres8_w128_s17,RECORDED,,combination_scalesim_utilization,99.55818937008917,ratio,aggregation+combination+support_io; energy_pending,results_hpca_xorflow/complete_suite/runs/arxiv_decoder8/host_model.csv,519036e258cb7ebef8a94c56a81636d306dc982984f814e1c3b4b2cd1688888e
host,ogbn_arxiv_deepres8_w128_s17,RECORDED,,host_speedup,1.2710232624451627,ratio,aggregation+combination+support_io; energy_pending,results_hpca_xorflow/complete_suite/runs/arxiv_decoder8/host_model.csv,519036e258cb7ebef8a94c56a81636d306dc982984f814e1c3b4b2cd1688888e
host,ogbn_arxiv_deepres8_w128_s17,RECORDED,,beicsr_host_cycles,2719081.0,cycles,aggregation+combination+support_io; energy_pending,results_hpca_xorflow/complete_suite/runs/arxiv_decoder8/host_model.csv,519036e258cb7ebef8a94c56a81636d306dc982984f814e1c3b4b2cd1688888e
host,ogbn_arxiv_deepres8_w128_s17,RECORDED,,xorflow_host_cycles,2139285.0,cycles,aggregation+combination+support_io; energy_pending,results_hpca_xorflow/complete_suite/runs/arxiv_decoder8/host_model.csv,519036e258cb7ebef8a94c56a81636d306dc982984f814e1c3b4b2cd1688888e
host,ogbn_arxiv_deepres8_w128_s17,RECORDED,,combination_scalesim_utilization,99.55818937008917,ratio,aggregation+combination+support_io; energy_pending,results_hpca_xorflow/complete_suite/runs/arxiv_decoder8/host_model.csv,519036e258cb7ebef8a94c56a81636d306dc982984f814e1c3b4b2cd1688888e
causal_preflight,ogbn_arxiv_deepres16_w128_s7,RECORDED,,support_ratio_to_beicsr,0.7019401615524573,ratio,causal two-layer,results_hpca_xorflow/complete_suite/runs/arxiv_depth16/causal_preflight.csv,b0678ca15cf07d232d30b49495f60c9ab16cec951c6500e75af6761ac8b62278
causal_preflight,ogbn_arxiv_deepres16_w128_s7,RECORDED,,traffic_reduction,0.1136563003630318,fraction,causal two-layer,results_hpca_xorflow/complete_suite/runs/arxiv_depth16/causal_preflight.csv,b0678ca15cf07d232d30b49495f60c9ab16cec951c6500e75af6761ac8b62278
causal_preflight,ogbn_arxiv_deepres16_w128_s7,RECORDED,,serialized_speedup,1.117749819388429,ratio,causal two-layer,results_hpca_xorflow/complete_suite/runs/arxiv_depth16/causal_preflight.csv,b0678ca15cf07d232d30b49495f60c9ab16cec951c6500e75af6761ac8b62278
causal_preflight,ogbn_arxiv_deepres16_w128_s7,RECORDED,,double_buffered_speedup,1.1269448185846325,ratio,causal two-layer,results_hpca_xorflow/complete_suite/runs/arxiv_depth16/causal_preflight.csv,b0678ca15cf07d232d30b49495f60c9ab16cec951c6500e75af6761ac8b62278
causal_preflight,ogbn_arxiv_deepres16_w128_s7,RECORDED,,xorflow_total_bytes,535126832.0,bytes,causal two-layer,results_hpca_xorflow/complete_suite/runs/arxiv_depth16/causal_preflight.csv,b0678ca15cf07d232d30b49495f60c9ab16cec951c6500e75af6761ac8b62278
causal_preflight,ogbn_arxiv_deepres16_w128_s7,RECORDED,,beicsr_total_bytes,603746416.0,bytes,causal two-layer,results_hpca_xorflow/complete_suite/runs/arxiv_depth16/causal_preflight.csv,b0678ca15cf07d232d30b49495f60c9ab16cec951c6500e75af6761ac8b62278
causal_preflight,ogbn_arxiv_deepres16_w128_s7,RECORDED,,support_ratio_to_beicsr,0.6482561978089177,ratio,causal two-layer,results_hpca_xorflow/complete_suite/runs/arxiv_depth16/causal_preflight.csv,b0678ca15cf07d232d30b49495f60c9ab16cec951c6500e75af6761ac8b62278
causal_preflight,ogbn_arxiv_deepres16_w128_s7,RECORDED,,traffic_reduction,0.2135792821522821,fraction,causal two-layer,results_hpca_xorflow/complete_suite/runs/arxiv_depth16/causal_preflight.csv,b0678ca15cf07d232d30b49495f60c9ab16cec951c6500e75af6761ac8b62278
causal_preflight,ogbn_arxiv_deepres16_w128_s7,RECORDED,,serialized_speedup,1.2577695318591111,ratio,causal two-layer,results_hpca_xorflow/complete_suite/runs/arxiv_depth16/causal_preflight.csv,b0678ca15cf07d232d30b49495f60c9ab16cec951c6500e75af6761ac8b62278
causal_preflight,ogbn_arxiv_deepres16_w128_s7,RECORDED,,double_buffered_speedup,1.268519303363395,ratio,causal two-layer,results_hpca_xorflow/complete_suite/runs/arxiv_depth16/causal_preflight.csv,b0678ca15cf07d232d30b49495f60c9ab16cec951c6500e75af6761ac8b62278
causal_preflight,ogbn_arxiv_deepres16_w128_s7,RECORDED,,xorflow_total_bytes,474788976.0,bytes,causal two-layer,results_hpca_xorflow/complete_suite/runs/arxiv_depth16/causal_preflight.csv,b0678ca15cf07d232d30b49495f60c9ab16cec951c6500e75af6761ac8b62278
causal_preflight,ogbn_arxiv_deepres16_w128_s7,RECORDED,,beicsr_total_bytes,603734064.0,bytes,causal two-layer,results_hpca_xorflow/complete_suite/runs/arxiv_depth16/causal_preflight.csv,b0678ca15cf07d232d30b49495f60c9ab16cec951c6500e75af6761ac8b62278
host,ogbn_arxiv_deepres16_w128_s7,RECORDED,,host_speedup,1.1018179682103697,ratio,aggregation+combination+support_io; energy_pending,results_hpca_xorflow/complete_suite/runs/arxiv_depth16/host_model.csv,5cdfb9e8a36419d367569641e7a831193bcd591f58ced5a796ce283a37429007
host,ogbn_arxiv_deepres16_w128_s7,RECORDED,,beicsr_host_cycles,2719744.0,cycles,aggregation+combination+support_io; energy_pending,results_hpca_xorflow/complete_suite/runs/arxiv_depth16/host_model.csv,5cdfb9e8a36419d367569641e7a831193bcd591f58ced5a796ce283a37429007
host,ogbn_arxiv_deepres16_w128_s7,RECORDED,,xorflow_host_cycles,2468415.0,cycles,aggregation+combination+support_io; energy_pending,results_hpca_xorflow/complete_suite/runs/arxiv_depth16/host_model.csv,5cdfb9e8a36419d367569641e7a831193bcd591f58ced5a796ce283a37429007
host,ogbn_arxiv_deepres16_w128_s7,RECORDED,,combination_scalesim_utilization,99.55818937008917,ratio,aggregation+combination+support_io; energy_pending,results_hpca_xorflow/complete_suite/runs/arxiv_depth16/host_model.csv,5cdfb9e8a36419d367569641e7a831193bcd591f58ced5a796ce283a37429007
host,ogbn_arxiv_deepres16_w128_s7,RECORDED,,host_speedup,1.2188064937381298,ratio,aggregation+combination+support_io; energy_pending,results_hpca_xorflow/complete_suite/runs/arxiv_depth16/host_model.csv,5cdfb9e8a36419d367569641e7a831193bcd591f58ced5a796ce283a37429007
host,ogbn_arxiv_deepres16_w128_s7,RECORDED,,beicsr_host_cycles,2719696.0,cycles,aggregation+combination+support_io; energy_pending,results_hpca_xorflow/complete_suite/runs/arxiv_depth16/host_model.csv,5cdfb9e8a36419d367569641e7a831193bcd591f58ced5a796ce283a37429007
host,ogbn_arxiv_deepres16_w128_s7,RECORDED,,xorflow_host_cycles,2231442.0,cycles,aggregation+combination+support_io; energy_pending,results_hpca_xorflow/complete_suite/runs/arxiv_depth16/host_model.csv,5cdfb9e8a36419d367569641e7a831193bcd591f58ced5a796ce283a37429007
host,ogbn_arxiv_deepres16_w128_s7,RECORDED,,combination_scalesim_utilization,99.55818937008917,ratio,aggregation+combination+support_io; energy_pending,results_hpca_xorflow/complete_suite/runs/arxiv_depth16/host_model.csv,5cdfb9e8a36419d367569641e7a831193bcd591f58ced5a796ce283a37429007
causal_preflight,ogbn_arxiv_deepres4_w128_s7,RECORDED,,support_ratio_to_beicsr,0.8710392680995245,ratio,causal two-layer,results_hpca_xorflow/complete_suite/runs/arxiv_depth4/causal_preflight.csv,5ae693bbaad981c65049b89f404686ee96d3c6c2962330b92b97f16e95a73bf0
causal_preflight,ogbn_arxiv_deepres4_w128_s7,RECORDED,,traffic_reduction,0.0938490338810478,fraction,causal two-layer,results_hpca_xorflow/complete_suite/runs/arxiv_depth4/causal_preflight.csv,5ae693bbaad981c65049b89f404686ee96d3c6c2962330b92b97f16e95a73bf0
causal_preflight,ogbn_arxiv_deepres4_w128_s7,RECORDED,,serialized_speedup,1.0916798568577524,ratio,causal two-layer,results_hpca_xorflow/complete_suite/runs/arxiv_depth4/causal_preflight.csv,5ae693bbaad981c65049b89f404686ee96d3c6c2962330b92b97f16e95a73bf0
causal_preflight,ogbn_arxiv_deepres4_w128_s7,RECORDED,,double_buffered_speedup,1.1025528750251952,ratio,causal two-layer,results_hpca_xorflow/complete_suite/runs/arxiv_depth4/causal_preflight.csv,5ae693bbaad981c65049b89f404686ee96d3c6c2962330b92b97f16e95a73bf0
causal_preflight,ogbn_arxiv_deepres4_w128_s7,RECORDED,,xorflow_total_bytes,547068464.0,bytes,causal two-layer,results_hpca_xorflow/complete_suite/runs/arxiv_depth4/causal_preflight.csv,5ae693bbaad981c65049b89f404686ee96d3c6c2962330b92b97f16e95a73bf0
causal_preflight,ogbn_arxiv_deepres4_w128_s7,RECORDED,,beicsr_total_bytes,603727728.0,bytes,causal two-layer,results_hpca_xorflow/complete_suite/runs/arxiv_depth4/causal_preflight.csv,5ae693bbaad981c65049b89f404686ee96d3c6c2962330b92b97f16e95a73bf0
causal_preflight,ogbn_arxiv_deepres4_w128_s7,RECORDED,,support_ratio_to_beicsr,0.8193192670431544,ratio,causal two-layer,results_hpca_xorflow/complete_suite/runs/arxiv_depth4/causal_preflight.csv,5ae693bbaad981c65049b89f404686ee96d3c6c2962330b92b97f16e95a73bf0
causal_preflight,ogbn_arxiv_deepres4_w128_s7,RECORDED,,traffic_reduction,0.1845268899918437,fraction,causal two-layer,results_hpca_xorflow/complete_suite/runs/arxiv_depth4/causal_preflight.csv,5ae693bbaad981c65049b89f404686ee96d3c6c2962330b92b97f16e95a73bf0
causal_preflight,ogbn_arxiv_deepres4_w128_s7,RECORDED,,serialized_speedup,1.2112481254142415,ratio,causal two-layer,results_hpca_xorflow/complete_suite/runs/arxiv_depth4/causal_preflight.csv,5ae693bbaad981c65049b89f404686ee96d3c6c2962330b92b97f16e95a73bf0
causal_preflight,ogbn_arxiv_deepres4_w128_s7,RECORDED,,double_buffered_speedup,1.2238181474979903,ratio,causal two-layer,results_hpca_xorflow/complete_suite/runs/arxiv_depth4/causal_preflight.csv,5ae693bbaad981c65049b89f404686ee96d3c6c2962330b92b97f16e95a73bf0
causal_preflight,ogbn_arxiv_deepres4_w128_s7,RECORDED,,xorflow_total_bytes,492310576.0,bytes,causal two-layer,results_hpca_xorflow/complete_suite/runs/arxiv_depth4/causal_preflight.csv,5ae693bbaad981c65049b89f404686ee96d3c6c2962330b92b97f16e95a73bf0
causal_preflight,ogbn_arxiv_deepres4_w128_s7,RECORDED,,beicsr_total_bytes,603711600.0,bytes,causal two-layer,results_hpca_xorflow/complete_suite/runs/arxiv_depth4/causal_preflight.csv,5ae693bbaad981c65049b89f404686ee96d3c6c2962330b92b97f16e95a73bf0
host,ogbn_arxiv_deepres4_w128_s7,RECORDED,,host_speedup,1.0796248167492295,ratio,aggregation+combination+support_io; energy_pending,results_hpca_xorflow/complete_suite/runs/arxiv_depth4/host_model.csv,27a4813c7d743618cbe4384197641c5690c7ebe8573a89ef82c69baa60be4b52
host,ogbn_arxiv_deepres4_w128_s7,RECORDED,,beicsr_host_cycles,2719671.0,cycles,aggregation+combination+support_io; energy_pending,results_hpca_xorflow/complete_suite/runs/arxiv_depth4/host_model.csv,27a4813c7d743618cbe4384197641c5690c7ebe8573a89ef82c69baa60be4b52
host,ogbn_arxiv_deepres4_w128_s7,RECORDED,,xorflow_host_cycles,2519089.0,cycles,aggregation+combination+support_io; energy_pending,results_hpca_xorflow/complete_suite/runs/arxiv_depth4/host_model.csv,27a4813c7d743618cbe4384197641c5690c7ebe8573a89ef82c69baa60be4b52
host,ogbn_arxiv_deepres4_w128_s7,RECORDED,,combination_scalesim_utilization,99.55818937008917,ratio,aggregation+combination+support_io; energy_pending,results_hpca_xorflow/complete_suite/runs/arxiv_depth4/host_model.csv,27a4813c7d743618cbe4384197641c5690c7ebe8573a89ef82c69baa60be4b52
host,ogbn_arxiv_deepres4_w128_s7,RECORDED,,host_speedup,1.1804059098248234,ratio,aggregation+combination+support_io; energy_pending,results_hpca_xorflow/complete_suite/runs/arxiv_depth4/host_model.csv,27a4813c7d743618cbe4384197641c5690c7ebe8573a89ef82c69baa60be4b52
host,ogbn_arxiv_deepres4_w128_s7,RECORDED,,beicsr_host_cycles,2719608.0,cycles,aggregation+combination+support_io; energy_pending,results_hpca_xorflow/complete_suite/runs/arxiv_depth4/host_model.csv,27a4813c7d743618cbe4384197641c5690c7ebe8573a89ef82c69baa60be4b52
host,ogbn_arxiv_deepres4_w128_s7,RECORDED,,xorflow_host_cycles,2303960.0,cycles,aggregation+combination+support_io; energy_pending,results_hpca_xorflow/complete_suite/runs/arxiv_depth4/host_model.csv,27a4813c7d743618cbe4384197641c5690c7ebe8573a89ef82c69baa60be4b52
host,ogbn_arxiv_deepres4_w128_s7,RECORDED,,combination_scalesim_utilization,99.55818937008917,ratio,aggregation+combination+support_io; energy_pending,results_hpca_xorflow/complete_suite/runs/arxiv_depth4/host_model.csv,27a4813c7d743618cbe4384197641c5690c7ebe8573a89ef82c69baa60be4b52
causal_preflight,ogbn_arxiv_deepres4_w128_s7,RECORDED,,support_ratio_to_beicsr,0.8710392680995245,ratio,causal two-layer,results_hpca_xorflow/complete_suite/runs/arxiv_depth4_repaired/causal_preflight.csv,5ae693bbaad981c65049b89f404686ee96d3c6c2962330b92b97f16e95a73bf0
causal_preflight,ogbn_arxiv_deepres4_w128_s7,RECORDED,,traffic_reduction,0.0938490338810478,fraction,causal two-layer,results_hpca_xorflow/complete_suite/runs/arxiv_depth4_repaired/causal_preflight.csv,5ae693bbaad981c65049b89f404686ee96d3c6c2962330b92b97f16e95a73bf0
causal_preflight,ogbn_arxiv_deepres4_w128_s7,RECORDED,,serialized_speedup,1.0916798568577524,ratio,causal two-layer,results_hpca_xorflow/complete_suite/runs/arxiv_depth4_repaired/causal_preflight.csv,5ae693bbaad981c65049b89f404686ee96d3c6c2962330b92b97f16e95a73bf0
causal_preflight,ogbn_arxiv_deepres4_w128_s7,RECORDED,,double_buffered_speedup,1.1025528750251952,ratio,causal two-layer,results_hpca_xorflow/complete_suite/runs/arxiv_depth4_repaired/causal_preflight.csv,5ae693bbaad981c65049b89f404686ee96d3c6c2962330b92b97f16e95a73bf0
causal_preflight,ogbn_arxiv_deepres4_w128_s7,RECORDED,,xorflow_total_bytes,547068464.0,bytes,causal two-layer,results_hpca_xorflow/complete_suite/runs/arxiv_depth4_repaired/causal_preflight.csv,5ae693bbaad981c65049b89f404686ee96d3c6c2962330b92b97f16e95a73bf0
causal_preflight,ogbn_arxiv_deepres4_w128_s7,RECORDED,,beicsr_total_bytes,603727728.0,bytes,causal two-layer,results_hpca_xorflow/complete_suite/runs/arxiv_depth4_repaired/causal_preflight.csv,5ae693bbaad981c65049b89f404686ee96d3c6c2962330b92b97f16e95a73bf0
causal_preflight,ogbn_arxiv_deepres4_w128_s7,RECORDED,,support_ratio_to_beicsr,0.8193192670431544,ratio,causal two-layer,results_hpca_xorflow/complete_suite/runs/arxiv_depth4_repaired/causal_preflight.csv,5ae693bbaad981c65049b89f404686ee96d3c6c2962330b92b97f16e95a73bf0
causal_preflight,ogbn_arxiv_deepres4_w128_s7,RECORDED,,traffic_reduction,0.1845268899918437,fraction,causal two-layer,results_hpca_xorflow/complete_suite/runs/arxiv_depth4_repaired/causal_preflight.csv,5ae693bbaad981c65049b89f404686ee96d3c6c2962330b92b97f16e95a73bf0
causal_preflight,ogbn_arxiv_deepres4_w128_s7,RECORDED,,serialized_speedup,1.2112481254142415,ratio,causal two-layer,results_hpca_xorflow/complete_suite/runs/arxiv_depth4_repaired/causal_preflight.csv,5ae693bbaad981c65049b89f404686ee96d3c6c2962330b92b97f16e95a73bf0
causal_preflight,ogbn_arxiv_deepres4_w128_s7,RECORDED,,double_buffered_speedup,1.2238181474979903,ratio,causal two-layer,results_hpca_xorflow/complete_suite/runs/arxiv_depth4_repaired/causal_preflight.csv,5ae693bbaad981c65049b89f404686ee96d3c6c2962330b92b97f16e95a73bf0
causal_preflight,ogbn_arxiv_deepres4_w128_s7,RECORDED,,xorflow_total_bytes,492310576.0,bytes,causal two-layer,results_hpca_xorflow/complete_suite/runs/arxiv_depth4_repaired/causal_preflight.csv,5ae693bbaad981c65049b89f404686ee96d3c6c2962330b92b97f16e95a73bf0
causal_preflight,ogbn_arxiv_deepres4_w128_s7,RECORDED,,beicsr_total_bytes,603711600.0,bytes,causal two-layer,results_hpca_xorflow/complete_suite/runs/arxiv_depth4_repaired/causal_preflight.csv,5ae693bbaad981c65049b89f404686ee96d3c6c2962330b92b97f16e95a73bf0
host,ogbn_arxiv_deepres4_w128_s7,RECORDED,,host_speedup,1.0796248167492295,ratio,aggregation+combination+support_io; energy_pending,results_hpca_xorflow/complete_suite/runs/arxiv_depth4_repaired/host_model.csv,27a4813c7d743618cbe4384197641c5690c7ebe8573a89ef82c69baa60be4b52
host,ogbn_arxiv_deepres4_w128_s7,RECORDED,,beicsr_host_cycles,2719671.0,cycles,aggregation+combination+support_io; energy_pending,results_hpca_xorflow/complete_suite/runs/arxiv_depth4_repaired/host_model.csv,27a4813c7d743618cbe4384197641c5690c7ebe8573a89ef82c69baa60be4b52
host,ogbn_arxiv_deepres4_w128_s7,RECORDED,,xorflow_host_cycles,2519089.0,cycles,aggregation+combination+support_io; energy_pending,results_hpca_xorflow/complete_suite/runs/arxiv_depth4_repaired/host_model.csv,27a4813c7d743618cbe4384197641c5690c7ebe8573a89ef82c69baa60be4b52
host,ogbn_arxiv_deepres4_w128_s7,RECORDED,,combination_scalesim_utilization,99.55818937008917,ratio,aggregation+combination+support_io; energy_pending,results_hpca_xorflow/complete_suite/runs/arxiv_depth4_repaired/host_model.csv,27a4813c7d743618cbe4384197641c5690c7ebe8573a89ef82c69baa60be4b52
host,ogbn_arxiv_deepres4_w128_s7,RECORDED,,host_speedup,1.1804059098248234,ratio,aggregation+combination+support_io; energy_pending,results_hpca_xorflow/complete_suite/runs/arxiv_depth4_repaired/host_model.csv,27a4813c7d743618cbe4384197641c5690c7ebe8573a89ef82c69baa60be4b52
host,ogbn_arxiv_deepres4_w128_s7,RECORDED,,beicsr_host_cycles,2719608.0,cycles,aggregation+combination+support_io; energy_pending,results_hpca_xorflow/complete_suite/runs/arxiv_depth4_repaired/host_model.csv,27a4813c7d743618cbe4384197641c5690c7ebe8573a89ef82c69baa60be4b52
host,ogbn_arxiv_deepres4_w128_s7,RECORDED,,xorflow_host_cycles,2303960.0,cycles,aggregation+combination+support_io; energy_pending,results_hpca_xorflow/complete_suite/runs/arxiv_depth4_repaired/host_model.csv,27a4813c7d743618cbe4384197641c5690c7ebe8573a89ef82c69baa60be4b52
host,ogbn_arxiv_deepres4_w128_s7,RECORDED,,combination_scalesim_utilization,99.55818937008917,ratio,aggregation+combination+support_io; energy_pending,results_hpca_xorflow/complete_suite/runs/arxiv_depth4_repaired/host_model.csv,27a4813c7d743618cbe4384197641c5690c7ebe8573a89ef82c69baa60be4b52
causal_preflight,ogbn_arxiv_gin8_w128_s7,RECORDED,,support_ratio_to_beicsr,0.2768303663111095,ratio,causal two-layer,results_hpca_xorflow/complete_suite/runs/arxiv_gin8/causal_preflight.csv,21ed454013dbd1f7492a9aae24697e71abe280363ebbb205d61549c90c5a323e
causal_preflight,ogbn_arxiv_gin8_w128_s7,RECORDED,,traffic_reduction,-0.0178008614162443,fraction,causal two-layer,results_hpca_xorflow/complete_suite/runs/arxiv_gin8/causal_preflight.csv,21ed454013dbd1f7492a9aae24697e71abe280363ebbb205d61549c90c5a323e
causal_preflight,ogbn_arxiv_gin8_w128_s7,RECORDED,,serialized_speedup,0.9769945172703868,ratio,causal two-layer,results_hpca_xorflow/complete_suite/runs/arxiv_gin8/causal_preflight.csv,21ed454013dbd1f7492a9aae24697e71abe280363ebbb205d61549c90c5a323e
causal_preflight,ogbn_arxiv_gin8_w128_s7,RECORDED,,double_buffered_speedup,0.9828251351434102,ratio,causal two-layer,results_hpca_xorflow/complete_suite/runs/arxiv_gin8/causal_preflight.csv,21ed454013dbd1f7492a9aae24697e71abe280363ebbb205d61549c90c5a323e
causal_preflight,ogbn_arxiv_gin8_w128_s7,RECORDED,,xorflow_total_bytes,295582512.0,bytes,causal two-layer,results_hpca_xorflow/complete_suite/runs/arxiv_gin8/causal_preflight.csv,21ed454013dbd1f7492a9aae24697e71abe280363ebbb205d61549c90c5a323e
causal_preflight,ogbn_arxiv_gin8_w128_s7,RECORDED,,beicsr_total_bytes,290412912.0,bytes,causal two-layer,results_hpca_xorflow/complete_suite/runs/arxiv_gin8/causal_preflight.csv,21ed454013dbd1f7492a9aae24697e71abe280363ebbb205d61549c90c5a323e
causal_preflight,ogbn_arxiv_gin8_w128_s7,RECORDED,,support_ratio_to_beicsr,0.0963600462112727,ratio,causal two-layer,results_hpca_xorflow/complete_suite/runs/arxiv_gin8/causal_preflight.csv,21ed454013dbd1f7492a9aae24697e71abe280363ebbb205d61549c90c5a323e
causal_preflight,ogbn_arxiv_gin8_w128_s7,RECORDED,,traffic_reduction,-0.006395087557264,fraction,causal two-layer,results_hpca_xorflow/complete_suite/runs/arxiv_gin8/causal_preflight.csv,21ed454013dbd1f7492a9aae24697e71abe280363ebbb205d61549c90c5a323e
causal_preflight,ogbn_arxiv_gin8_w128_s7,RECORDED,,serialized_speedup,0.9915789148521376,ratio,causal two-layer,results_hpca_xorflow/complete_suite/runs/arxiv_gin8/causal_preflight.csv,21ed454013dbd1f7492a9aae24697e71abe280363ebbb205d61549c90c5a323e
causal_preflight,ogbn_arxiv_gin8_w128_s7,RECORDED,,double_buffered_speedup,0.993761012822817,ratio,causal two-layer,results_hpca_xorflow/complete_suite/runs/arxiv_gin8/causal_preflight.csv,21ed454013dbd1f7492a9aae24697e71abe280363ebbb205d61549c90c5a323e
causal_preflight,ogbn_arxiv_gin8_w128_s7,RECORDED,,xorflow_total_bytes,292270128.0,bytes,causal two-layer,results_hpca_xorflow/complete_suite/runs/arxiv_gin8/causal_preflight.csv,21ed454013dbd1f7492a9aae24697e71abe280363ebbb205d61549c90c5a323e
causal_preflight,ogbn_arxiv_gin8_w128_s7,RECORDED,,beicsr_total_bytes,290412912.0,bytes,causal two-layer,results_hpca_xorflow/complete_suite/runs/arxiv_gin8/causal_preflight.csv,21ed454013dbd1f7492a9aae24697e71abe280363ebbb205d61549c90c5a323e
host,ogbn_arxiv_gin8_w128_s7,RECORDED,,host_speedup,0.982406743326424,ratio,aggregation+combination+support_io; energy_pending,results_hpca_xorflow/complete_suite/runs/arxiv_gin8/host_model.csv,7d68992fc3cf3fb5c74770dcd26505aa5b085ab130665d990020de24ecd7ab08
host,ogbn_arxiv_gin8_w128_s7,RECORDED,,beicsr_host_cycles,1495785.0,cycles,aggregation+combination+support_io; energy_pending,results_hpca_xorflow/complete_suite/runs/arxiv_gin8/host_model.csv,7d68992fc3cf3fb5c74770dcd26505aa5b085ab130665d990020de24ecd7ab08
host,ogbn_arxiv_gin8_w128_s7,RECORDED,,xorflow_host_cycles,1522572.0,cycles,aggregation+combination+support_io; energy_pending,results_hpca_xorflow/complete_suite/runs/arxiv_gin8/host_model.csv,7d68992fc3cf3fb5c74770dcd26505aa5b085ab130665d990020de24ecd7ab08
host,ogbn_arxiv_gin8_w128_s7,RECORDED,,combination_scalesim_utilization,99.55818937008917,ratio,aggregation+combination+support_io; energy_pending,results_hpca_xorflow/complete_suite/runs/arxiv_gin8/host_model.csv,7d68992fc3cf3fb5c74770dcd26505aa5b085ab130665d990020de24ecd7ab08
host,ogbn_arxiv_gin8_w128_s7,RECORDED,,host_speedup,0.9936558971923192,ratio,aggregation+combination+support_io; energy_pending,results_hpca_xorflow/complete_suite/runs/arxiv_gin8/host_model.csv,7d68992fc3cf3fb5c74770dcd26505aa5b085ab130665d990020de24ecd7ab08
host,ogbn_arxiv_gin8_w128_s7,RECORDED,,beicsr_host_cycles,1495785.0,cycles,aggregation+combination+support_io; energy_pending,results_hpca_xorflow/complete_suite/runs/arxiv_gin8/host_model.csv,7d68992fc3cf3fb5c74770dcd26505aa5b085ab130665d990020de24ecd7ab08
host,ogbn_arxiv_gin8_w128_s7,RECORDED,,xorflow_host_cycles,1505335.0,cycles,aggregation+combination+support_io; energy_pending,results_hpca_xorflow/complete_suite/runs/arxiv_gin8/host_model.csv,7d68992fc3cf3fb5c74770dcd26505aa5b085ab130665d990020de24ecd7ab08
host,ogbn_arxiv_gin8_w128_s7,RECORDED,,combination_scalesim_utilization,99.55818937008917,ratio,aggregation+combination+support_io; energy_pending,results_hpca_xorflow/complete_suite/runs/arxiv_gin8/host_model.csv,7d68992fc3cf3fb5c74770dcd26505aa5b085ab130665d990020de24ecd7ab08
causal_preflight,ogbn_arxiv_gin8_residual_w128_s7,RECORDED,,support_ratio_to_beicsr,0.5953999632238842,ratio,causal two-layer,results_hpca_xorflow/complete_suite/runs/arxiv_gin8_residual/causal_preflight.csv,02e0f0d28f53df0104c97f6a2f49bac847730a344df5e5c7c4fe340cf6fd43f8
causal_preflight,ogbn_arxiv_gin8_residual_w128_s7,RECORDED,,traffic_reduction,0.1346863395007373,fraction,causal two-layer,results_hpca_xorflow/complete_suite/runs/arxiv_gin8_residual/causal_preflight.csv,02e0f0d28f53df0104c97f6a2f49bac847730a344df5e5c7c4fe340cf6fd43f8
causal_preflight,ogbn_arxiv_gin8_residual_w128_s7,RECORDED,,serialized_speedup,1.13878448564612,ratio,causal two-layer,results_hpca_xorflow/complete_suite/runs/arxiv_gin8_residual/causal_preflight.csv,02e0f0d28f53df0104c97f6a2f49bac847730a344df5e5c7c4fe340cf6fd43f8
causal_preflight,ogbn_arxiv_gin8_residual_w128_s7,RECORDED,,double_buffered_speedup,1.152904663708888,ratio,causal two-layer,results_hpca_xorflow/complete_suite/runs/arxiv_gin8_residual/causal_preflight.csv,02e0f0d28f53df0104c97f6a2f49bac847730a344df5e5c7c4fe340cf6fd43f8
causal_preflight,ogbn_arxiv_gin8_residual_w128_s7,RECORDED,,xorflow_total_bytes,301838448.0,bytes,causal two-layer,results_hpca_xorflow/complete_suite/runs/arxiv_gin8_residual/causal_preflight.csv,02e0f0d28f53df0104c97f6a2f49bac847730a344df5e5c7c4fe340cf6fd43f8
causal_preflight,ogbn_arxiv_gin8_residual_w128_s7,RECORDED,,beicsr_total_bytes,348819696.0,bytes,causal two-layer,results_hpca_xorflow/complete_suite/runs/arxiv_gin8_residual/causal_preflight.csv,02e0f0d28f53df0104c97f6a2f49bac847730a344df5e5c7c4fe340cf6fd43f8
causal_preflight,ogbn_arxiv_gin8_residual_w128_s7,RECORDED,,support_ratio_to_beicsr,0.7308610007171507,ratio,causal two-layer,results_hpca_xorflow/complete_suite/runs/arxiv_gin8_residual/causal_preflight.csv,02e0f0d28f53df0104c97f6a2f49bac847730a344df5e5c7c4fe340cf6fd43f8
causal_preflight,ogbn_arxiv_gin8_residual_w128_s7,RECORDED,,traffic_reduction,0.3799482328665555,fraction,causal two-layer,results_hpca_xorflow/complete_suite/runs/arxiv_gin8_residual/causal_preflight.csv,02e0f0d28f53df0104c97f6a2f49bac847730a344df5e5c7c4fe340cf6fd43f8
causal_preflight,ogbn_arxiv_gin8_residual_w128_s7,RECORDED,,serialized_speedup,1.5791346686659928,ratio,causal two-layer,results_hpca_xorflow/complete_suite/runs/arxiv_gin8_residual/causal_preflight.csv,02e0f0d28f53df0104c97f6a2f49bac847730a344df5e5c7c4fe340cf6fd43f8
causal_preflight,ogbn_arxiv_gin8_residual_w128_s7,RECORDED,,double_buffered_speedup,1.602259820180079,ratio,causal two-layer,results_hpca_xorflow/complete_suite/runs/arxiv_gin8_residual/causal_preflight.csv,02e0f0d28f53df0104c97f6a2f49bac847730a344df5e5c7c4fe340cf6fd43f8
causal_preflight,ogbn_arxiv_gin8_residual_w128_s7,RECORDED,,xorflow_total_bytes,310573424.0,bytes,causal two-layer,results_hpca_xorflow/complete_suite/runs/arxiv_gin8_residual/causal_preflight.csv,02e0f0d28f53df0104c97f6a2f49bac847730a344df5e5c7c4fe340cf6fd43f8
causal_preflight,ogbn_arxiv_gin8_residual_w128_s7,RECORDED,,beicsr_total_bytes,500883056.0,bytes,causal two-layer,results_hpca_xorflow/complete_suite/runs/arxiv_gin8_residual/causal_preflight.csv,02e0f0d28f53df0104c97f6a2f49bac847730a344df5e5c7c4fe340cf6fd43f8
host,ogbn_arxiv_gin8_residual_w128_s7,RECORDED,,host_speedup,1.1089293352931149,ratio,aggregation+combination+support_io; energy_pending,results_hpca_xorflow/complete_suite/runs/arxiv_gin8_residual/host_model.csv,bf1e4ac7e92385ff3bb968b6afaa0f63959a39e3878c5c7e2c91afeebeedfa9a
host,ogbn_arxiv_gin8_residual_w128_s7,RECORDED,,beicsr_host_cycles,1723936.0,cycles,aggregation+combination+support_io; energy_pending,results_hpca_xorflow/complete_suite/runs/arxiv_gin8_residual/host_model.csv,bf1e4ac7e92385ff3bb968b6afaa0f63959a39e3878c5c7e2c91afeebeedfa9a
host,ogbn_arxiv_gin8_residual_w128_s7,RECORDED,,xorflow_host_cycles,1554595.0,cycles,aggregation+combination+support_io; energy_pending,results_hpca_xorflow/complete_suite/runs/arxiv_gin8_residual/host_model.csv,bf1e4ac7e92385ff3bb968b6afaa0f63959a39e3878c5c7e2c91afeebeedfa9a
host,ogbn_arxiv_gin8_residual_w128_s7,RECORDED,,combination_scalesim_utilization,99.55818937008917,ratio,aggregation+combination+support_io; energy_pending,results_hpca_xorflow/complete_suite/runs/arxiv_gin8_residual/host_model.csv,bf1e4ac7e92385ff3bb968b6afaa0f63959a39e3878c5c7e2c91afeebeedfa9a
host,ogbn_arxiv_gin8_residual_w128_s7,RECORDED,,host_speedup,1.4560417402141534,ratio,aggregation+combination+support_io; energy_pending,results_hpca_xorflow/complete_suite/runs/arxiv_gin8_residual/host_model.csv,bf1e4ac7e92385ff3bb968b6afaa0f63959a39e3878c5c7e2c91afeebeedfa9a
host,ogbn_arxiv_gin8_residual_w128_s7,RECORDED,,beicsr_host_cycles,2317934.0,cycles,aggregation+combination+support_io; energy_pending,results_hpca_xorflow/complete_suite/runs/arxiv_gin8_residual/host_model.csv,bf1e4ac7e92385ff3bb968b6afaa0f63959a39e3878c5c7e2c91afeebeedfa9a
host,ogbn_arxiv_gin8_residual_w128_s7,RECORDED,,xorflow_host_cycles,1591942.0,cycles,aggregation+combination+support_io; energy_pending,results_hpca_xorflow/complete_suite/runs/arxiv_gin8_residual/host_model.csv,bf1e4ac7e92385ff3bb968b6afaa0f63959a39e3878c5c7e2c91afeebeedfa9a
host,ogbn_arxiv_gin8_residual_w128_s7,RECORDED,,combination_scalesim_utilization,99.55818937008917,ratio,aggregation+combination+support_io; energy_pending,results_hpca_xorflow/complete_suite/runs/arxiv_gin8_residual/host_model.csv,bf1e4ac7e92385ff3bb968b6afaa0f63959a39e3878c5c7e2c91afeebeedfa9a
causal_preflight,ogbn_arxiv_graphsage8_w128_s7,RECORDED,,support_ratio_to_beicsr,0.6444025177040418,ratio,causal two-layer,results_hpca_xorflow/complete_suite/runs/arxiv_graphsage8/causal_preflight.csv,547695a6ba918f08d219c81daa3cb427e971935bea4815a61b16c1f8b9b42314
causal_preflight,ogbn_arxiv_graphsage8_w128_s7,RECORDED,,traffic_reduction,0.0406400114866202,fraction,causal two-layer,results_hpca_xorflow/complete_suite/runs/arxiv_graphsage8/causal_preflight.csv,547695a6ba918f08d219c81daa3cb427e971935bea4815a61b16c1f8b9b42314
causal_preflight,ogbn_arxiv_graphsage8_w128_s7,RECORDED,,serialized_speedup,1.0279150292941572,ratio,causal two-layer,results_hpca_xorflow/complete_suite/runs/arxiv_graphsage8/causal_preflight.csv,547695a6ba918f08d219c81daa3cb427e971935bea4815a61b16c1f8b9b42314
causal_preflight,ogbn_arxiv_graphsage8_w128_s7,RECORDED,,double_buffered_speedup,1.041615854419376,ratio,causal two-layer,results_hpca_xorflow/complete_suite/runs/arxiv_graphsage8/causal_preflight.csv,547695a6ba918f08d219c81daa3cb427e971935bea4815a61b16c1f8b9b42314
causal_preflight,ogbn_arxiv_graphsage8_w128_s7,RECORDED,,xorflow_total_bytes,302328240.0,bytes,causal two-layer,results_hpca_xorflow/complete_suite/runs/arxiv_graphsage8/causal_preflight.csv,547695a6ba918f08d219c81daa3cb427e971935bea4815a61b16c1f8b9b42314
causal_preflight,ogbn_arxiv_graphsage8_w128_s7,RECORDED,,beicsr_total_bytes,315135344.0,bytes,causal two-layer,results_hpca_xorflow/complete_suite/runs/arxiv_graphsage8/causal_preflight.csv,547695a6ba918f08d219c81daa3cb427e971935bea4815a61b16c1f8b9b42314
causal_preflight,ogbn_arxiv_graphsage8_w128_s7,RECORDED,,support_ratio_to_beicsr,0.632092606918109,ratio,causal two-layer,results_hpca_xorflow/complete_suite/runs/arxiv_graphsage8/causal_preflight.csv,547695a6ba918f08d219c81daa3cb427e971935bea4815a61b16c1f8b9b42314
causal_preflight,ogbn_arxiv_graphsage8_w128_s7,RECORDED,,traffic_reduction,0.3192963186711786,fraction,causal two-layer,results_hpca_xorflow/complete_suite/runs/arxiv_graphsage8/causal_preflight.csv,547695a6ba918f08d219c81daa3cb427e971935bea4815a61b16c1f8b9b42314
causal_preflight,ogbn_arxiv_graphsage8_w128_s7,RECORDED,,serialized_speedup,1.441942025841526,ratio,causal two-layer,results_hpca_xorflow/complete_suite/runs/arxiv_graphsage8/causal_preflight.csv,547695a6ba918f08d219c81daa3cb427e971935bea4815a61b16c1f8b9b42314
causal_preflight,ogbn_arxiv_graphsage8_w128_s7,RECORDED,,double_buffered_speedup,1.4608023016139935,ratio,causal two-layer,results_hpca_xorflow/complete_suite/runs/arxiv_graphsage8/causal_preflight.csv,547695a6ba918f08d219c81daa3cb427e971935bea4815a61b16c1f8b9b42314
causal_preflight,ogbn_arxiv_graphsage8_w128_s7,RECORDED,,xorflow_total_bytes,302099376.0,bytes,causal two-layer,results_hpca_xorflow/complete_suite/runs/arxiv_graphsage8/causal_preflight.csv,547695a6ba918f08d219c81daa3cb427e971935bea4815a61b16c1f8b9b42314
causal_preflight,ogbn_arxiv_graphsage8_w128_s7,RECORDED,,beicsr_total_bytes,443804528.0,bytes,causal two-layer,results_hpca_xorflow/complete_suite/runs/arxiv_graphsage8/causal_preflight.csv,547695a6ba918f08d219c81daa3cb427e971935bea4815a61b16c1f8b9b42314
host,ogbn_arxiv_graphsage8_w128_s7,RECORDED,,host_speedup,1.0222652350458217,ratio,aggregation+combination+support_io; energy_pending,results_hpca_xorflow/complete_suite/runs/arxiv_graphsage8/host_model.csv,bc158d635746f442b79324a4d94f75124af08fd6468bd53375556a26374e6281
host,ogbn_arxiv_graphsage8_w128_s7,RECORDED,,beicsr_host_cycles,1592357.0,cycles,aggregation+combination+support_io; energy_pending,results_hpca_xorflow/complete_suite/runs/arxiv_graphsage8/host_model.csv,bc158d635746f442b79324a4d94f75124af08fd6468bd53375556a26374e6281
host,ogbn_arxiv_graphsage8_w128_s7,RECORDED,,xorflow_host_cycles,1557675.0,cycles,aggregation+combination+support_io; energy_pending,results_hpca_xorflow/complete_suite/runs/arxiv_graphsage8/host_model.csv,bc158d635746f442b79324a4d94f75124af08fd6468bd53375556a26374e6281
host,ogbn_arxiv_graphsage8_w128_s7,RECORDED,,combination_scalesim_utilization,99.55818937008917,ratio,aggregation+combination+support_io; energy_pending,results_hpca_xorflow/complete_suite/runs/arxiv_graphsage8/host_model.csv,bc158d635746f442b79324a4d94f75124af08fd6468bd53375556a26374e6281
host,ogbn_arxiv_graphsage8_w128_s7,RECORDED,,host_speedup,1.3459602643900883,ratio,aggregation+combination+support_io; energy_pending,results_hpca_xorflow/complete_suite/runs/arxiv_graphsage8/host_model.csv,bc158d635746f442b79324a4d94f75124af08fd6468bd53375556a26374e6281
host,ogbn_arxiv_graphsage8_w128_s7,RECORDED,,beicsr_host_cycles,2094971.0,cycles,aggregation+combination+support_io; energy_pending,results_hpca_xorflow/complete_suite/runs/arxiv_graphsage8/host_model.csv,bc158d635746f442b79324a4d94f75124af08fd6468bd53375556a26374e6281
host,ogbn_arxiv_graphsage8_w128_s7,RECORDED,,xorflow_host_cycles,1556488.0,cycles,aggregation+combination+support_io; energy_pending,results_hpca_xorflow/complete_suite/runs/arxiv_graphsage8/host_model.csv,bc158d635746f442b79324a4d94f75124af08fd6468bd53375556a26374e6281
host,ogbn_arxiv_graphsage8_w128_s7,RECORDED,,combination_scalesim_utilization,99.55818937008917,ratio,aggregation+combination+support_io; energy_pending,results_hpca_xorflow/complete_suite/runs/arxiv_graphsage8/host_model.csv,bc158d635746f442b79324a4d94f75124af08fd6468bd53375556a26374e6281
causal_preflight,ogbn_arxiv_graphsage8_residual_w128_s7,RECORDED,,support_ratio_to_beicsr,0.7700701100068434,ratio,causal two-layer,results_hpca_xorflow/complete_suite/runs/arxiv_graphsage8_residual/causal_preflight.csv,823d127428e02d58b5aeeac607d779f1fb87065042d4fae861d5c162e132c796
causal_preflight,ogbn_arxiv_graphsage8_residual_w128_s7,RECORDED,,traffic_reduction,0.3604904925674074,fraction,causal two-layer,results_hpca_xorflow/complete_suite/runs/arxiv_graphsage8_residual/causal_preflight.csv,823d127428e02d58b5aeeac607d779f1fb87065042d4fae861d5c162e132c796
causal_preflight,ogbn_arxiv_graphsage8_residual_w128_s7,RECORDED,,serialized_speedup,1.5298568798091188,ratio,causal two-layer,results_hpca_xorflow/complete_suite/runs/arxiv_graphsage8_residual/causal_preflight.csv,823d127428e02d58b5aeeac607d779f1fb87065042d4fae861d5c162e132c796
causal_preflight,ogbn_arxiv_graphsage8_residual_w128_s7,RECORDED,,double_buffered_speedup,1.5538450740858478,ratio,causal two-layer,results_hpca_xorflow/complete_suite/runs/arxiv_graphsage8_residual/causal_preflight.csv,823d127428e02d58b5aeeac607d779f1fb87065042d4fae861d5c162e132c796
causal_preflight,ogbn_arxiv_graphsage8_residual_w128_s7,RECORDED,,xorflow_total_bytes,304621104.0,bytes,causal two-layer,results_hpca_xorflow/complete_suite/runs/arxiv_graphsage8_residual/causal_preflight.csv,823d127428e02d58b5aeeac607d779f1fb87065042d4fae861d5c162e132c796
causal_preflight,ogbn_arxiv_graphsage8_residual_w128_s7,RECORDED,,beicsr_total_bytes,476335536.0,bytes,causal two-layer,results_hpca_xorflow/complete_suite/runs/arxiv_graphsage8_residual/causal_preflight.csv,823d127428e02d58b5aeeac607d779f1fb87065042d4fae861d5c162e132c796
causal_preflight,ogbn_arxiv_graphsage8_residual_w128_s7,RECORDED,,support_ratio_to_beicsr,0.7693348747479639,ratio,causal two-layer,results_hpca_xorflow/complete_suite/runs/arxiv_graphsage8_residual/causal_preflight.csv,823d127428e02d58b5aeeac607d779f1fb87065042d4fae861d5c162e132c796
causal_preflight,ogbn_arxiv_graphsage8_residual_w128_s7,RECORDED,,traffic_reduction,0.4610540061260589,fraction,causal two-layer,results_hpca_xorflow/complete_suite/runs/arxiv_graphsage8_residual/causal_preflight.csv,823d127428e02d58b5aeeac607d779f1fb87065042d4fae861d5c162e132c796
causal_preflight,ogbn_arxiv_graphsage8_residual_w128_s7,RECORDED,,serialized_speedup,1.812298623004449,ratio,causal two-layer,results_hpca_xorflow/complete_suite/runs/arxiv_graphsage8_residual/causal_preflight.csv,823d127428e02d58b5aeeac607d779f1fb87065042d4fae861d5c162e132c796
causal_preflight,ogbn_arxiv_graphsage8_residual_w128_s7,RECORDED,,double_buffered_speedup,1.8405809735361145,ratio,causal two-layer,results_hpca_xorflow/complete_suite/runs/arxiv_graphsage8_residual/causal_preflight.csv,823d127428e02d58b5aeeac607d779f1fb87065042d4fae861d5c162e132c796
causal_preflight,ogbn_arxiv_graphsage8_residual_w128_s7,RECORDED,,xorflow_total_bytes,305866416.0,bytes,causal two-layer,results_hpca_xorflow/complete_suite/runs/arxiv_graphsage8_residual/causal_preflight.csv,823d127428e02d58b5aeeac607d779f1fb87065042d4fae861d5c162e132c796
causal_preflight,ogbn_arxiv_graphsage8_residual_w128_s7,RECORDED,,beicsr_total_bytes,567527024.0,bytes,causal two-layer,results_hpca_xorflow/complete_suite/runs/arxiv_graphsage8_residual/causal_preflight.csv,823d127428e02d58b5aeeac607d779f1fb87065042d4fae861d5c162e132c796
host,ogbn_arxiv_graphsage8_residual_w128_s7,RECORDED,,host_speedup,1.4156534204029625,ratio,aggregation+combination+support_io; energy_pending,results_hpca_xorflow/complete_suite/runs/arxiv_graphsage8_residual/host_model.csv,e514fefb54d108b89adb2b0d485293f0aaed89eac53cb31ce38a01c241a3060d
host,ogbn_arxiv_graphsage8_residual_w128_s7,RECORDED,,beicsr_host_cycles,2222045.0,cycles,aggregation+combination+support_io; energy_pending,results_hpca_xorflow/complete_suite/runs/arxiv_graphsage8_residual/host_model.csv,e514fefb54d108b89adb2b0d485293f0aaed89eac53cb31ce38a01c241a3060d
host,ogbn_arxiv_graphsage8_residual_w128_s7,RECORDED,,xorflow_host_cycles,1569625.0,cycles,aggregation+combination+support_io; energy_pending,results_hpca_xorflow/complete_suite/runs/arxiv_graphsage8_residual/host_model.csv,e514fefb54d108b89adb2b0d485293f0aaed89eac53cb31ce38a01c241a3060d
host,ogbn_arxiv_graphsage8_residual_w128_s7,RECORDED,,combination_scalesim_utilization,99.55818937008917,ratio,aggregation+combination+support_io; energy_pending,results_hpca_xorflow/complete_suite/runs/arxiv_graphsage8_residual/host_model.csv,e514fefb54d108b89adb2b0d485293f0aaed89eac53cb31ce38a01c241a3060d
host,ogbn_arxiv_graphsage8_residual_w128_s7,RECORDED,,host_speedup,1.6375417521186482,ratio,aggregation+combination+support_io; energy_pending,results_hpca_xorflow/complete_suite/runs/arxiv_graphsage8_residual/host_model.csv,e514fefb54d108b89adb2b0d485293f0aaed89eac53cb31ce38a01c241a3060d
host,ogbn_arxiv_graphsage8_residual_w128_s7,RECORDED,,beicsr_host_cycles,2578262.0,cycles,aggregation+combination+support_io; energy_pending,results_hpca_xorflow/complete_suite/runs/arxiv_graphsage8_residual/host_model.csv,e514fefb54d108b89adb2b0d485293f0aaed89eac53cb31ce38a01c241a3060d
host,ogbn_arxiv_graphsage8_residual_w128_s7,RECORDED,,xorflow_host_cycles,1574471.0,cycles,aggregation+combination+support_io; energy_pending,results_hpca_xorflow/complete_suite/runs/arxiv_graphsage8_residual/host_model.csv,e514fefb54d108b89adb2b0d485293f0aaed89eac53cb31ce38a01c241a3060d
host,ogbn_arxiv_graphsage8_residual_w128_s7,RECORDED,,combination_scalesim_utilization,99.55818937008917,ratio,aggregation+combination+support_io; energy_pending,results_hpca_xorflow/complete_suite/runs/arxiv_graphsage8_residual/host_model.csv,e514fefb54d108b89adb2b0d485293f0aaed89eac53cb31ce38a01c241a3060d
causal_preflight,ogbn_arxiv_deepres8_w128_s17,RECORDED,,support_ratio_to_beicsr,0.7227651702297835,ratio,causal two-layer,results_hpca_xorflow/complete_suite/runs/arxiv_order_o1/causal_preflight.csv,3014bb40ca8b6c2239f22146ed351eaf9142a69cdf058cade771908fd62f8715
causal_preflight,ogbn_arxiv_deepres8_w128_s17,RECORDED,,traffic_reduction,0.1364829118126734,fraction,causal two-layer,results_hpca_xorflow/complete_suite/runs/arxiv_order_o1/causal_preflight.csv,3014bb40ca8b6c2239f22146ed351eaf9142a69cdf058cade771908fd62f8715
causal_preflight,ogbn_arxiv_deepres8_w128_s17,RECORDED,,serialized_speedup,1.146455155124148,ratio,causal two-layer,results_hpca_xorflow/complete_suite/runs/arxiv_order_o1/causal_preflight.csv,3014bb40ca8b6c2239f22146ed351eaf9142a69cdf058cade771908fd62f8715
causal_preflight,ogbn_arxiv_deepres8_w128_s17,RECORDED,,double_buffered_speedup,1.1564289761434792,ratio,causal two-layer,results_hpca_xorflow/complete_suite/runs/arxiv_order_o1/causal_preflight.csv,3014bb40ca8b6c2239f22146ed351eaf9142a69cdf058cade771908fd62f8715
causal_preflight,ogbn_arxiv_deepres8_w128_s17,RECORDED,,xorflow_total_bytes,521399728.0,bytes,causal two-layer,results_hpca_xorflow/complete_suite/runs/arxiv_order_o1/causal_preflight.csv,3014bb40ca8b6c2239f22146ed351eaf9142a69cdf058cade771908fd62f8715
causal_preflight,ogbn_arxiv_deepres8_w128_s17,RECORDED,,beicsr_total_bytes,603809392.0,bytes,causal two-layer,results_hpca_xorflow/complete_suite/runs/arxiv_order_o1/causal_preflight.csv,3014bb40ca8b6c2239f22146ed351eaf9142a69cdf058cade771908fd62f8715
causal_preflight,ogbn_arxiv_deepres8_w128_s17,RECORDED,,support_ratio_to_beicsr,0.6623898028787071,ratio,causal two-layer,results_hpca_xorflow/complete_suite/runs/arxiv_order_o1/causal_preflight.csv,3014bb40ca8b6c2239f22146ed351eaf9142a69cdf058cade771908fd62f8715
causal_preflight,ogbn_arxiv_deepres8_w128_s17,RECORDED,,traffic_reduction,0.2728873250169482,fraction,causal two-layer,results_hpca_xorflow/complete_suite/runs/arxiv_order_o1/causal_preflight.csv,3014bb40ca8b6c2239f22146ed351eaf9142a69cdf058cade771908fd62f8715
causal_preflight,ogbn_arxiv_deepres8_w128_s17,RECORDED,,serialized_speedup,1.357817396520148,ratio,causal two-layer,results_hpca_xorflow/complete_suite/runs/arxiv_order_o1/causal_preflight.csv,3014bb40ca8b6c2239f22146ed351eaf9142a69cdf058cade771908fd62f8715
causal_preflight,ogbn_arxiv_deepres8_w128_s17,RECORDED,,double_buffered_speedup,1.3707251421759854,ratio,causal two-layer,results_hpca_xorflow/complete_suite/runs/arxiv_order_o1/causal_preflight.csv,3014bb40ca8b6c2239f22146ed351eaf9142a69cdf058cade771908fd62f8715
causal_preflight,ogbn_arxiv_deepres8_w128_s17,RECORDED,,xorflow_total_bytes,438920240.0,bytes,causal two-layer,results_hpca_xorflow/complete_suite/runs/arxiv_order_o1/causal_preflight.csv,3014bb40ca8b6c2239f22146ed351eaf9142a69cdf058cade771908fd62f8715
causal_preflight,ogbn_arxiv_deepres8_w128_s17,RECORDED,,beicsr_total_bytes,603648176.0,bytes,causal two-layer,results_hpca_xorflow/complete_suite/runs/arxiv_order_o1/causal_preflight.csv,3014bb40ca8b6c2239f22146ed351eaf9142a69cdf058cade771908fd62f8715
host,ogbn_arxiv_deepres8_w128_s17,RECORDED,,host_speedup,1.1261550895151675,ratio,aggregation+combination+support_io; energy_pending,results_hpca_xorflow/complete_suite/runs/arxiv_order_o1/host_model.csv,5b69706005db3ae5e944ae10fe6361824f567a30c87bd02bb4d2b05a5e35f2bd
host,ogbn_arxiv_deepres8_w128_s17,RECORDED,,beicsr_host_cycles,2719990.0,cycles,aggregation+combination+support_io; energy_pending,results_hpca_xorflow/complete_suite/runs/arxiv_order_o1/host_model.csv,5b69706005db3ae5e944ae10fe6361824f567a30c87bd02bb4d2b05a5e35f2bd
host,ogbn_arxiv_deepres8_w128_s17,RECORDED,,xorflow_host_cycles,2415289.0,cycles,aggregation+combination+support_io; energy_pending,results_hpca_xorflow/complete_suite/runs/arxiv_order_o1/host_model.csv,5b69706005db3ae5e944ae10fe6361824f567a30c87bd02bb4d2b05a5e35f2bd
host,ogbn_arxiv_deepres8_w128_s17,RECORDED,,combination_scalesim_utilization,99.55818937008917,ratio,aggregation+combination+support_io; energy_pending,results_hpca_xorflow/complete_suite/runs/arxiv_order_o1/host_model.csv,5b69706005db3ae5e944ae10fe6361824f567a30c87bd02bb4d2b05a5e35f2bd
host,ogbn_arxiv_deepres8_w128_s17,RECORDED,,host_speedup,1.3000922230928729,ratio,aggregation+combination+support_io; energy_pending,results_hpca_xorflow/complete_suite/runs/arxiv_order_o1/host_model.csv,5b69706005db3ae5e944ae10fe6361824f567a30c87bd02bb4d2b05a5e35f2bd
host,ogbn_arxiv_deepres8_w128_s17,RECORDED,,beicsr_host_cycles,2719360.0,cycles,aggregation+combination+support_io; energy_pending,results_hpca_xorflow/complete_suite/runs/arxiv_order_o1/host_model.csv,5b69706005db3ae5e944ae10fe6361824f567a30c87bd02bb4d2b05a5e35f2bd
host,ogbn_arxiv_deepres8_w128_s17,RECORDED,,xorflow_host_cycles,2091667.0,cycles,aggregation+combination+support_io; energy_pending,results_hpca_xorflow/complete_suite/runs/arxiv_order_o1/host_model.csv,5b69706005db3ae5e944ae10fe6361824f567a30c87bd02bb4d2b05a5e35f2bd
host,ogbn_arxiv_deepres8_w128_s17,RECORDED,,combination_scalesim_utilization,99.55818937008917,ratio,aggregation+combination+support_io; energy_pending,results_hpca_xorflow/complete_suite/runs/arxiv_order_o1/host_model.csv,5b69706005db3ae5e944ae10fe6361824f567a30c87bd02bb4d2b05a5e35f2bd
causal_preflight,ogbn_arxiv_deepres8_w128_s7,RECORDED,,support_ratio_to_beicsr,0.7089823899488678,ratio,causal two-layer,results_hpca_xorflow/complete_suite/runs/arxiv_s7/causal_preflight.csv,ea4d7c16d760fe980b380b5bbed25629c58a61ce3fad34be74d6898e9d2fb119
causal_preflight,ogbn_arxiv_deepres8_w128_s7,RECORDED,,traffic_reduction,0.174654120573548,fraction,causal two-layer,results_hpca_xorflow/complete_suite/runs/arxiv_s7/causal_preflight.csv,ea4d7c16d760fe980b380b5bbed25629c58a61ce3fad34be74d6898e9d2fb119
causal_preflight,ogbn_arxiv_deepres8_w128_s7,RECORDED,,serialized_speedup,1.1986557376718865,ratio,causal two-layer,results_hpca_xorflow/complete_suite/runs/arxiv_s7/causal_preflight.csv,ea4d7c16d760fe980b380b5bbed25629c58a61ce3fad34be74d6898e9d2fb119
causal_preflight,ogbn_arxiv_deepres8_w128_s7,RECORDED,,double_buffered_speedup,1.2093365419066957,ratio,causal two-layer,results_hpca_xorflow/complete_suite/runs/arxiv_s7/causal_preflight.csv,ea4d7c16d760fe980b380b5bbed25629c58a61ce3fad34be74d6898e9d2fb119
causal_preflight,ogbn_arxiv_deepres8_w128_s7,RECORDED,,xorflow_total_bytes,498298032.0,bytes,causal two-layer,results_hpca_xorflow/complete_suite/runs/arxiv_s7/causal_preflight.csv,ea4d7c16d760fe980b380b5bbed25629c58a61ce3fad34be74d6898e9d2fb119
causal_preflight,ogbn_arxiv_deepres8_w128_s7,RECORDED,,beicsr_total_bytes,603744496.0,bytes,causal two-layer,results_hpca_xorflow/complete_suite/runs/arxiv_s7/causal_preflight.csv,ea4d7c16d760fe980b380b5bbed25629c58a61ce3fad34be74d6898e9d2fb119
causal_preflight,ogbn_arxiv_deepres8_w128_s7,RECORDED,,support_ratio_to_beicsr,0.641599917688426,ratio,causal two-layer,results_hpca_xorflow/complete_suite/runs/arxiv_s7/causal_preflight.csv,ea4d7c16d760fe980b380b5bbed25629c58a61ce3fad34be74d6898e9d2fb119
causal_preflight,ogbn_arxiv_deepres8_w128_s7,RECORDED,,traffic_reduction,0.2884659985324486,fraction,causal two-layer,results_hpca_xorflow/complete_suite/runs/arxiv_s7/causal_preflight.csv,ea4d7c16d760fe980b380b5bbed25629c58a61ce3fad34be74d6898e9d2fb119
causal_preflight,ogbn_arxiv_deepres8_w128_s7,RECORDED,,serialized_speedup,1.3874180178751352,ratio,causal two-layer,results_hpca_xorflow/complete_suite/runs/arxiv_s7/causal_preflight.csv,ea4d7c16d760fe980b380b5bbed25629c58a61ce3fad34be74d6898e9d2fb119
causal_preflight,ogbn_arxiv_deepres8_w128_s7,RECORDED,,double_buffered_speedup,1.400363357294277,ratio,causal two-layer,results_hpca_xorflow/complete_suite/runs/arxiv_s7/causal_preflight.csv,ea4d7c16d760fe980b380b5bbed25629c58a61ce3fad34be74d6898e9d2fb119
causal_preflight,ogbn_arxiv_deepres8_w128_s7,RECORDED,,xorflow_total_bytes,429564336.0,bytes,causal two-layer,results_hpca_xorflow/complete_suite/runs/arxiv_s7/causal_preflight.csv,ea4d7c16d760fe980b380b5bbed25629c58a61ce3fad34be74d6898e9d2fb119
causal_preflight,ogbn_arxiv_deepres8_w128_s7,RECORDED,,beicsr_total_bytes,603715824.0,bytes,causal two-layer,results_hpca_xorflow/complete_suite/runs/arxiv_s7/causal_preflight.csv,ea4d7c16d760fe980b380b5bbed25629c58a61ce3fad34be74d6898e9d2fb119
host,ogbn_arxiv_deepres8_w128_s7,RECORDED,,host_speedup,1.169919818300699,ratio,aggregation+combination+support_io; energy_pending,results_hpca_xorflow/complete_suite/runs/arxiv_s7/host_model.csv,f823678fb478bbac4a159d0d80fadbd091126603e44d0f8e215610d030897d26
host,ogbn_arxiv_deepres8_w128_s7,RECORDED,,beicsr_host_cycles,2719736.0,cycles,aggregation+combination+support_io; energy_pending,results_hpca_xorflow/complete_suite/runs/arxiv_s7/host_model.csv,f823678fb478bbac4a159d0d80fadbd091126603e44d0f8e215610d030897d26
host,ogbn_arxiv_deepres8_w128_s7,RECORDED,,xorflow_host_cycles,2324720.0,cycles,aggregation+combination+support_io; energy_pending,results_hpca_xorflow/complete_suite/runs/arxiv_s7/host_model.csv,f823678fb478bbac4a159d0d80fadbd091126603e44d0f8e215610d030897d26
host,ogbn_arxiv_deepres8_w128_s7,RECORDED,,combination_scalesim_utilization,99.55818937008917,ratio,aggregation+combination+support_io; energy_pending,results_hpca_xorflow/complete_suite/runs/arxiv_s7/host_model.csv,f823678fb478bbac4a159d0d80fadbd091126603e44d0f8e215610d030897d26
host,ogbn_arxiv_deepres8_w128_s7,RECORDED,,host_speedup,1.3236601928138676,ratio,aggregation+combination+support_io; energy_pending,results_hpca_xorflow/complete_suite/runs/arxiv_s7/host_model.csv,f823678fb478bbac4a159d0d80fadbd091126603e44d0f8e215610d030897d26
host,ogbn_arxiv_deepres8_w128_s7,RECORDED,,beicsr_host_cycles,2719624.0,cycles,aggregation+combination+support_io; energy_pending,results_hpca_xorflow/complete_suite/runs/arxiv_s7/host_model.csv,f823678fb478bbac4a159d0d80fadbd091126603e44d0f8e215610d030897d26
host,ogbn_arxiv_deepres8_w128_s7,RECORDED,,xorflow_host_cycles,2054624.0,cycles,aggregation+combination+support_io; energy_pending,results_hpca_xorflow/complete_suite/runs/arxiv_s7/host_model.csv,f823678fb478bbac4a159d0d80fadbd091126603e44d0f8e215610d030897d26
host,ogbn_arxiv_deepres8_w128_s7,RECORDED,,combination_scalesim_utilization,99.55818937008917,ratio,aggregation+combination+support_io; energy_pending,results_hpca_xorflow/complete_suite/runs/arxiv_s7/host_model.csv,f823678fb478bbac4a159d0d80fadbd091126603e44d0f8e215610d030897d26
causal_preflight,ogbn_arxiv_deepres8_w128_s17,RECORDED,,support_ratio_to_beicsr,0.7227651702297835,ratio,causal two-layer,results_hpca_xorflow/complete_suite/runs/arxiv_single_buffer/causal_preflight.csv,6a85a236cd9d9f015aa76b1797f2b294542b86241669586bf0dcef4808ab5374
causal_preflight,ogbn_arxiv_deepres8_w128_s17,RECORDED,,traffic_reduction,0.1362471921945746,fraction,causal two-layer,results_hpca_xorflow/complete_suite/runs/arxiv_single_buffer/causal_preflight.csv,6a85a236cd9d9f015aa76b1797f2b294542b86241669586bf0dcef4808ab5374
causal_preflight,ogbn_arxiv_deepres8_w128_s17,RECORDED,,serialized_speedup,1.1461466803718114,ratio,causal two-layer,results_hpca_xorflow/complete_suite/runs/arxiv_single_buffer/causal_preflight.csv,6a85a236cd9d9f015aa76b1797f2b294542b86241669586bf0dcef4808ab5374
causal_preflight,ogbn_arxiv_deepres8_w128_s17,RECORDED,,double_buffered_speedup,1.156116282018829,ratio,causal two-layer,results_hpca_xorflow/complete_suite/runs/arxiv_single_buffer/causal_preflight.csv,6a85a236cd9d9f015aa76b1797f2b294542b86241669586bf0dcef4808ab5374
causal_preflight,ogbn_arxiv_deepres8_w128_s17,RECORDED,,xorflow_total_bytes,521480752.0,bytes,causal two-layer,results_hpca_xorflow/complete_suite/runs/arxiv_single_buffer/causal_preflight.csv,6a85a236cd9d9f015aa76b1797f2b294542b86241669586bf0dcef4808ab5374
causal_preflight,ogbn_arxiv_deepres8_w128_s17,RECORDED,,beicsr_total_bytes,603738416.0,bytes,causal two-layer,results_hpca_xorflow/complete_suite/runs/arxiv_single_buffer/causal_preflight.csv,6a85a236cd9d9f015aa76b1797f2b294542b86241669586bf0dcef4808ab5374
causal_preflight,ogbn_arxiv_deepres8_w128_s17,RECORDED,,support_ratio_to_beicsr,0.6623898028787071,ratio,causal two-layer,results_hpca_xorflow/complete_suite/runs/arxiv_single_buffer/causal_preflight.csv,6a85a236cd9d9f015aa76b1797f2b294542b86241669586bf0dcef4808ab5374
causal_preflight,ogbn_arxiv_deepres8_w128_s17,RECORDED,,traffic_reduction,0.272675477239821,fraction,causal two-layer,results_hpca_xorflow/complete_suite/runs/arxiv_single_buffer/causal_preflight.csv,6a85a236cd9d9f015aa76b1797f2b294542b86241669586bf0dcef4808ab5374
causal_preflight,ogbn_arxiv_deepres8_w128_s17,RECORDED,,serialized_speedup,1.3574288572248625,ratio,causal two-layer,results_hpca_xorflow/complete_suite/runs/arxiv_single_buffer/causal_preflight.csv,6a85a236cd9d9f015aa76b1797f2b294542b86241669586bf0dcef4808ab5374
causal_preflight,ogbn_arxiv_deepres8_w128_s17,RECORDED,,double_buffered_speedup,1.3703307090968475,ratio,causal two-layer,results_hpca_xorflow/complete_suite/runs/arxiv_single_buffer/causal_preflight.csv,6a85a236cd9d9f015aa76b1797f2b294542b86241669586bf0dcef4808ab5374
causal_preflight,ogbn_arxiv_deepres8_w128_s17,RECORDED,,xorflow_total_bytes,438996080.0,bytes,causal two-layer,results_hpca_xorflow/complete_suite/runs/arxiv_single_buffer/causal_preflight.csv,6a85a236cd9d9f015aa76b1797f2b294542b86241669586bf0dcef4808ab5374
causal_preflight,ogbn_arxiv_deepres8_w128_s17,RECORDED,,beicsr_total_bytes,603576624.0,bytes,causal two-layer,results_hpca_xorflow/complete_suite/runs/arxiv_single_buffer/causal_preflight.csv,6a85a236cd9d9f015aa76b1797f2b294542b86241669586bf0dcef4808ab5374
host,ogbn_arxiv_deepres8_w128_s17,RECORDED,,host_speedup,1.0597541796417314,ratio,aggregation+combination+support_io; energy_pending,results_hpca_xorflow/complete_suite/runs/arxiv_single_buffer/host_model.csv,96ee230c50a2391425762f01b093ff368b28b8c3edd79f9be3c7fa32a3f75f42
host,ogbn_arxiv_deepres8_w128_s17,RECORDED,,beicsr_host_cycles,3884725.0,cycles,aggregation+combination+support_io; energy_pending,results_hpca_xorflow/complete_suite/runs/arxiv_single_buffer/host_model.csv,96ee230c50a2391425762f01b093ff368b28b8c3edd79f9be3c7fa32a3f75f42
host,ogbn_arxiv_deepres8_w128_s17,RECORDED,,xorflow_host_cycles,3665685.0,cycles,aggregation+combination+support_io; energy_pending,results_hpca_xorflow/complete_suite/runs/arxiv_single_buffer/host_model.csv,96ee230c50a2391425762f01b093ff368b28b8c3edd79f9be3c7fa32a3f75f42
host,ogbn_arxiv_deepres8_w128_s17,RECORDED,,combination_scalesim_utilization,99.55818937008917,ratio,aggregation+combination+support_io; energy_pending,results_hpca_xorflow/complete_suite/runs/arxiv_single_buffer/host_model.csv,96ee230c50a2391425762f01b093ff368b28b8c3edd79f9be3c7fa32a3f75f42
host,ogbn_arxiv_deepres8_w128_s17,RECORDED,,host_speedup,1.1665976658412989,ratio,aggregation+combination+support_io; energy_pending,results_hpca_xorflow/complete_suite/runs/arxiv_single_buffer/host_model.csv,96ee230c50a2391425762f01b093ff368b28b8c3edd79f9be3c7fa32a3f75f42
host,ogbn_arxiv_deepres8_w128_s17,RECORDED,,beicsr_host_cycles,3826620.0,cycles,aggregation+combination+support_io; energy_pending,results_hpca_xorflow/complete_suite/runs/arxiv_single_buffer/host_model.csv,96ee230c50a2391425762f01b093ff368b28b8c3edd79f9be3c7fa32a3f75f42
host,ogbn_arxiv_deepres8_w128_s17,RECORDED,,xorflow_host_cycles,3280154.0,cycles,aggregation+combination+support_io; energy_pending,results_hpca_xorflow/complete_suite/runs/arxiv_single_buffer/host_model.csv,96ee230c50a2391425762f01b093ff368b28b8c3edd79f9be3c7fa32a3f75f42
host,ogbn_arxiv_deepres8_w128_s17,RECORDED,,combination_scalesim_utilization,99.55818937008917,ratio,aggregation+combination+support_io; energy_pending,results_hpca_xorflow/complete_suite/runs/arxiv_single_buffer/host_model.csv,96ee230c50a2391425762f01b093ff368b28b8c3edd79f9be3c7fa32a3f75f42
causal_preflight,ogbn_arxiv_deepres8_w128_s17,RECORDED,,support_ratio_to_beicsr,0.7227651702297835,ratio,causal two-layer,results_hpca_xorflow/complete_suite/runs/arxiv_slice256/causal_preflight.csv,ff14b574bb268d68cc8ecf84abb7ec070303d84a12434e42a5fab16dfef7da6d
causal_preflight,ogbn_arxiv_deepres8_w128_s17,RECORDED,,traffic_reduction,0.1362471921945746,fraction,causal two-layer,results_hpca_xorflow/complete_suite/runs/arxiv_slice256/causal_preflight.csv,ff14b574bb268d68cc8ecf84abb7ec070303d84a12434e42a5fab16dfef7da6d
causal_preflight,ogbn_arxiv_deepres8_w128_s17,RECORDED,,serialized_speedup,1.1461466803718114,ratio,causal two-layer,results_hpca_xorflow/complete_suite/runs/arxiv_slice256/causal_preflight.csv,ff14b574bb268d68cc8ecf84abb7ec070303d84a12434e42a5fab16dfef7da6d
causal_preflight,ogbn_arxiv_deepres8_w128_s17,RECORDED,,double_buffered_speedup,1.156116282018829,ratio,causal two-layer,results_hpca_xorflow/complete_suite/runs/arxiv_slice256/causal_preflight.csv,ff14b574bb268d68cc8ecf84abb7ec070303d84a12434e42a5fab16dfef7da6d
causal_preflight,ogbn_arxiv_deepres8_w128_s17,RECORDED,,xorflow_total_bytes,521480752.0,bytes,causal two-layer,results_hpca_xorflow/complete_suite/runs/arxiv_slice256/causal_preflight.csv,ff14b574bb268d68cc8ecf84abb7ec070303d84a12434e42a5fab16dfef7da6d
causal_preflight,ogbn_arxiv_deepres8_w128_s17,RECORDED,,beicsr_total_bytes,603738416.0,bytes,causal two-layer,results_hpca_xorflow/complete_suite/runs/arxiv_slice256/causal_preflight.csv,ff14b574bb268d68cc8ecf84abb7ec070303d84a12434e42a5fab16dfef7da6d
causal_preflight,ogbn_arxiv_deepres8_w128_s17,RECORDED,,support_ratio_to_beicsr,0.6623898028787071,ratio,causal two-layer,results_hpca_xorflow/complete_suite/runs/arxiv_slice256/causal_preflight.csv,ff14b574bb268d68cc8ecf84abb7ec070303d84a12434e42a5fab16dfef7da6d
causal_preflight,ogbn_arxiv_deepres8_w128_s17,RECORDED,,traffic_reduction,0.272675477239821,fraction,causal two-layer,results_hpca_xorflow/complete_suite/runs/arxiv_slice256/causal_preflight.csv,ff14b574bb268d68cc8ecf84abb7ec070303d84a12434e42a5fab16dfef7da6d
causal_preflight,ogbn_arxiv_deepres8_w128_s17,RECORDED,,serialized_speedup,1.3574288572248625,ratio,causal two-layer,results_hpca_xorflow/complete_suite/runs/arxiv_slice256/causal_preflight.csv,ff14b574bb268d68cc8ecf84abb7ec070303d84a12434e42a5fab16dfef7da6d
causal_preflight,ogbn_arxiv_deepres8_w128_s17,RECORDED,,double_buffered_speedup,1.3703307090968475,ratio,causal two-layer,results_hpca_xorflow/complete_suite/runs/arxiv_slice256/causal_preflight.csv,ff14b574bb268d68cc8ecf84abb7ec070303d84a12434e42a5fab16dfef7da6d
causal_preflight,ogbn_arxiv_deepres8_w128_s17,RECORDED,,xorflow_total_bytes,438996080.0,bytes,causal two-layer,results_hpca_xorflow/complete_suite/runs/arxiv_slice256/causal_preflight.csv,ff14b574bb268d68cc8ecf84abb7ec070303d84a12434e42a5fab16dfef7da6d
causal_preflight,ogbn_arxiv_deepres8_w128_s17,RECORDED,,beicsr_total_bytes,603576624.0,bytes,causal two-layer,results_hpca_xorflow/complete_suite/runs/arxiv_slice256/causal_preflight.csv,ff14b574bb268d68cc8ecf84abb7ec070303d84a12434e42a5fab16dfef7da6d
host,ogbn_arxiv_deepres8_w128_s17,RECORDED,,host_speedup,1.0885014239641555,ratio,aggregation+combination+support_io; energy_pending,results_hpca_xorflow/complete_suite/runs/arxiv_slice256/host_model.csv,a343c8415481557320721a3abbee88bf1ae575f744094303586b5b2febf6bb3a
host,ogbn_arxiv_deepres8_w128_s17,RECORDED,,beicsr_host_cycles,3740289.0,cycles,aggregation+combination+support_io; energy_pending,results_hpca_xorflow/complete_suite/runs/arxiv_slice256/host_model.csv,a343c8415481557320721a3abbee88bf1ae575f744094303586b5b2febf6bb3a
host,ogbn_arxiv_deepres8_w128_s17,RECORDED,,xorflow_host_cycles,3436182.0,cycles,aggregation+combination+support_io; energy_pending,results_hpca_xorflow/complete_suite/runs/arxiv_slice256/host_model.csv,a343c8415481557320721a3abbee88bf1ae575f744094303586b5b2febf6bb3a
host,ogbn_arxiv_deepres8_w128_s17,RECORDED,,combination_scalesim_utilization,99.55796988022196,ratio,aggregation+combination+support_io; energy_pending,results_hpca_xorflow/complete_suite/runs/arxiv_slice256/host_model.csv,a343c8415481557320721a3abbee88bf1ae575f744094303586b5b2febf6bb3a
host,ogbn_arxiv_deepres8_w128_s17,RECORDED,,host_speedup,1.201481170195779,ratio,aggregation+combination+support_io; energy_pending,results_hpca_xorflow/complete_suite/runs/arxiv_slice256/host_model.csv,a343c8415481557320721a3abbee88bf1ae575f744094303586b5b2febf6bb3a
host,ogbn_arxiv_deepres8_w128_s17,RECORDED,,beicsr_host_cycles,3739657.0,cycles,aggregation+combination+support_io; energy_pending,results_hpca_xorflow/complete_suite/runs/arxiv_slice256/host_model.csv,a343c8415481557320721a3abbee88bf1ae575f744094303586b5b2febf6bb3a
host,ogbn_arxiv_deepres8_w128_s17,RECORDED,,xorflow_host_cycles,3112539.0,cycles,aggregation+combination+support_io; energy_pending,results_hpca_xorflow/complete_suite/runs/arxiv_slice256/host_model.csv,a343c8415481557320721a3abbee88bf1ae575f744094303586b5b2febf6bb3a
host,ogbn_arxiv_deepres8_w128_s17,RECORDED,,combination_scalesim_utilization,99.55796988022196,ratio,aggregation+combination+support_io; energy_pending,results_hpca_xorflow/complete_suite/runs/arxiv_slice256/host_model.csv,a343c8415481557320721a3abbee88bf1ae575f744094303586b5b2febf6bb3a
causal_preflight,ogbn_arxiv_deepres8_w128_s17,RECORDED,,support_ratio_to_beicsr,0.6505725620486232,ratio,causal two-layer,results_hpca_xorflow/complete_suite/runs/arxiv_slice64/causal_preflight.csv,51e693a89739f9049b79c129bba380189d0f8780064088096d22b1f645a09fc9
causal_preflight,ogbn_arxiv_deepres8_w128_s17,RECORDED,,traffic_reduction,-0.0214186439645516,fraction,causal two-layer,results_hpca_xorflow/complete_suite/runs/arxiv_slice64/causal_preflight.csv,51e693a89739f9049b79c129bba380189d0f8780064088096d22b1f645a09fc9
causal_preflight,ogbn_arxiv_deepres8_w128_s17,RECORDED,,serialized_speedup,0.9723395126535576,ratio,causal two-layer,results_hpca_xorflow/complete_suite/runs/arxiv_slice64/causal_preflight.csv,51e693a89739f9049b79c129bba380189d0f8780064088096d22b1f645a09fc9
causal_preflight,ogbn_arxiv_deepres8_w128_s17,RECORDED,,double_buffered_speedup,0.9793782321299628,ratio,causal two-layer,results_hpca_xorflow/complete_suite/runs/arxiv_slice64/causal_preflight.csv,51e693a89739f9049b79c129bba380189d0f8780064088096d22b1f645a09fc9
causal_preflight,ogbn_arxiv_deepres8_w128_s17,RECORDED,,xorflow_total_bytes,642551344.0,bytes,causal two-layer,results_hpca_xorflow/complete_suite/runs/arxiv_slice64/causal_preflight.csv,51e693a89739f9049b79c129bba380189d0f8780064088096d22b1f645a09fc9
causal_preflight,ogbn_arxiv_deepres8_w128_s17,RECORDED,,beicsr_total_bytes,629077360.0,bytes,causal two-layer,results_hpca_xorflow/complete_suite/runs/arxiv_slice64/causal_preflight.csv,51e693a89739f9049b79c129bba380189d0f8780064088096d22b1f645a09fc9
causal_preflight,ogbn_arxiv_deepres8_w128_s17,RECORDED,,support_ratio_to_beicsr,0.5952892206940943,ratio,causal two-layer,results_hpca_xorflow/complete_suite/runs/arxiv_slice64/causal_preflight.csv,51e693a89739f9049b79c129bba380189d0f8780064088096d22b1f645a09fc9
causal_preflight,ogbn_arxiv_deepres8_w128_s17,RECORDED,,traffic_reduction,-0.0196313407304946,fraction,causal two-layer,results_hpca_xorflow/complete_suite/runs/arxiv_slice64/causal_preflight.csv,51e693a89739f9049b79c129bba380189d0f8780064088096d22b1f645a09fc9
causal_preflight,ogbn_arxiv_deepres8_w128_s17,RECORDED,,serialized_speedup,0.9744660098418468,ratio,causal two-layer,results_hpca_xorflow/complete_suite/runs/arxiv_slice64/causal_preflight.csv,51e693a89739f9049b79c129bba380189d0f8780064088096d22b1f645a09fc9
causal_preflight,ogbn_arxiv_deepres8_w128_s17,RECORDED,,double_buffered_speedup,0.981066450123258,ratio,causal two-layer,results_hpca_xorflow/complete_suite/runs/arxiv_slice64/causal_preflight.csv,51e693a89739f9049b79c129bba380189d0f8780064088096d22b1f645a09fc9
causal_preflight,ogbn_arxiv_deepres8_w128_s17,RECORDED,,xorflow_total_bytes,641426992.0,bytes,causal two-layer,results_hpca_xorflow/complete_suite/runs/arxiv_slice64/causal_preflight.csv,51e693a89739f9049b79c129bba380189d0f8780064088096d22b1f645a09fc9
causal_preflight,ogbn_arxiv_deepres8_w128_s17,RECORDED,,beicsr_total_bytes,629077360.0,bytes,causal two-layer,results_hpca_xorflow/complete_suite/runs/arxiv_slice64/causal_preflight.csv,51e693a89739f9049b79c129bba380189d0f8780064088096d22b1f645a09fc9
host,ogbn_arxiv_deepres8_w128_s17,RECORDED,,host_speedup,0.973687590998902,ratio,aggregation+combination+support_io; energy_pending,results_hpca_xorflow/complete_suite/runs/arxiv_slice64/host_model.csv,c85d560d1e84d33610933d076924a6c37fe2f3ff3543ca6ef602edfd248daf8c
host,ogbn_arxiv_deepres8_w128_s17,RECORDED,,beicsr_host_cycles,2584717.0,cycles,aggregation+combination+support_io; energy_pending,results_hpca_xorflow/complete_suite/runs/arxiv_slice64/host_model.csv,c85d560d1e84d33610933d076924a6c37fe2f3ff3543ca6ef602edfd248daf8c
host,ogbn_arxiv_deepres8_w128_s17,RECORDED,,xorflow_host_cycles,2654565.0,cycles,aggregation+combination+support_io; energy_pending,results_hpca_xorflow/complete_suite/runs/arxiv_slice64/host_model.csv,c85d560d1e84d33610933d076924a6c37fe2f3ff3543ca6ef602edfd248daf8c
host,ogbn_arxiv_deepres8_w128_s17,RECORDED,,combination_scalesim_utilization,99.55906733923597,ratio,aggregation+combination+support_io; energy_pending,results_hpca_xorflow/complete_suite/runs/arxiv_slice64/host_model.csv,c85d560d1e84d33610933d076924a6c37fe2f3ff3543ca6ef602edfd248daf8c
host,ogbn_arxiv_deepres8_w128_s17,RECORDED,,host_speedup,0.9758399371769654,ratio,aggregation+combination+support_io; energy_pending,results_hpca_xorflow/complete_suite/runs/arxiv_slice64/host_model.csv,c85d560d1e84d33610933d076924a6c37fe2f3ff3543ca6ef602edfd248daf8c
host,ogbn_arxiv_deepres8_w128_s17,RECORDED,,beicsr_host_cycles,2584717.0,cycles,aggregation+combination+support_io; energy_pending,results_hpca_xorflow/complete_suite/runs/arxiv_slice64/host_model.csv,c85d560d1e84d33610933d076924a6c37fe2f3ff3543ca6ef602edfd248daf8c
host,ogbn_arxiv_deepres8_w128_s17,RECORDED,,xorflow_host_cycles,2648710.0,cycles,aggregation+combination+support_io; energy_pending,results_hpca_xorflow/complete_suite/runs/arxiv_slice64/host_model.csv,c85d560d1e84d33610933d076924a6c37fe2f3ff3543ca6ef602edfd248daf8c
host,ogbn_arxiv_deepres8_w128_s17,RECORDED,,combination_scalesim_utilization,99.55906733923597,ratio,aggregation+combination+support_io; energy_pending,results_hpca_xorflow/complete_suite/runs/arxiv_slice64/host_model.csv,c85d560d1e84d33610933d076924a6c37fe2f3ff3543ca6ef602edfd248daf8c
causal_preflight,ogbn_arxiv_deepres8_w128_s17,RECORDED,,support_ratio_to_beicsr,0.653853661651205,ratio,causal two-layer,results_hpca_xorflow/complete_suite/runs/arxiv_slice96/causal_preflight.csv,0a711950773a4292009eb60e7f508388ca5222ab576c192fba6a8737dcea31ee
causal_preflight,ogbn_arxiv_deepres8_w128_s17,RECORDED,,traffic_reduction,0.2163370286825486,fraction,causal two-layer,results_hpca_xorflow/complete_suite/runs/arxiv_slice96/causal_preflight.csv,0a711950773a4292009eb60e7f508388ca5222ab576c192fba6a8737dcea31ee
causal_preflight,ogbn_arxiv_deepres8_w128_s17,RECORDED,,serialized_speedup,1.261646430915221,ratio,causal two-layer,results_hpca_xorflow/complete_suite/runs/arxiv_slice96/causal_preflight.csv,0a711950773a4292009eb60e7f508388ca5222ab576c192fba6a8737dcea31ee
causal_preflight,ogbn_arxiv_deepres8_w128_s17,RECORDED,,double_buffered_speedup,1.2713084433887685,ratio,causal two-layer,results_hpca_xorflow/complete_suite/runs/arxiv_slice96/causal_preflight.csv,0a711950773a4292009eb60e7f508388ca5222ab576c192fba6a8737dcea31ee
causal_preflight,ogbn_arxiv_deepres8_w128_s17,RECORDED,,xorflow_total_bytes,619011632.0,bytes,causal two-layer,results_hpca_xorflow/complete_suite/runs/arxiv_slice96/causal_preflight.csv,0a711950773a4292009eb60e7f508388ca5222ab576c192fba6a8737dcea31ee
causal_preflight,ogbn_arxiv_deepres8_w128_s17,RECORDED,,beicsr_total_bytes,789895216.0,bytes,causal two-layer,results_hpca_xorflow/complete_suite/runs/arxiv_slice96/causal_preflight.csv,0a711950773a4292009eb60e7f508388ca5222ab576c192fba6a8737dcea31ee
causal_preflight,ogbn_arxiv_deepres8_w128_s17,RECORDED,,support_ratio_to_beicsr,0.5993532911014923,ratio,causal two-layer,results_hpca_xorflow/complete_suite/runs/arxiv_slice96/causal_preflight.csv,0a711950773a4292009eb60e7f508388ca5222ab576c192fba6a8737dcea31ee
causal_preflight,ogbn_arxiv_deepres8_w128_s17,RECORDED,,traffic_reduction,0.1214345965674676,fraction,causal two-layer,results_hpca_xorflow/complete_suite/runs/arxiv_slice96/causal_preflight.csv,0a711950773a4292009eb60e7f508388ca5222ab576c192fba6a8737dcea31ee
causal_preflight,ogbn_arxiv_deepres8_w128_s17,RECORDED,,serialized_speedup,1.1279514983875492,ratio,causal two-layer,results_hpca_xorflow/complete_suite/runs/arxiv_slice96/causal_preflight.csv,0a711950773a4292009eb60e7f508388ca5222ab576c192fba6a8737dcea31ee
causal_preflight,ogbn_arxiv_deepres8_w128_s17,RECORDED,,double_buffered_speedup,1.135830784289235,ratio,causal two-layer,results_hpca_xorflow/complete_suite/runs/arxiv_slice96/causal_preflight.csv,0a711950773a4292009eb60e7f508388ca5222ab576c192fba6a8737dcea31ee
causal_preflight,ogbn_arxiv_deepres8_w128_s17,RECORDED,,xorflow_total_bytes,616346032.0,bytes,causal two-layer,results_hpca_xorflow/complete_suite/runs/arxiv_slice96/causal_preflight.csv,0a711950773a4292009eb60e7f508388ca5222ab576c192fba6a8737dcea31ee
causal_preflight,ogbn_arxiv_deepres8_w128_s17,RECORDED,,beicsr_total_bytes,701536880.0,bytes,causal two-layer,results_hpca_xorflow/complete_suite/runs/arxiv_slice96/causal_preflight.csv,0a711950773a4292009eb60e7f508388ca5222ab576c192fba6a8737dcea31ee
host,ogbn_arxiv_deepres8_w128_s17,RECORDED,,host_speedup,1.243615888893593,ratio,aggregation+combination+support_io; energy_pending,results_hpca_xorflow/complete_suite/runs/arxiv_slice96/host_model.csv,4a15d8d361abbe4e375632796e3967f1eedca8b1cf18a0f1b9c51252572ffe47
host,ogbn_arxiv_deepres8_w128_s17,RECORDED,,beicsr_host_cycles,3319222.0,cycles,aggregation+combination+support_io; energy_pending,results_hpca_xorflow/complete_suite/runs/arxiv_slice96/host_model.csv,4a15d8d361abbe4e375632796e3967f1eedca8b1cf18a0f1b9c51252572ffe47
host,ogbn_arxiv_deepres8_w128_s17,RECORDED,,xorflow_host_cycles,2669009.0,cycles,aggregation+combination+support_io; energy_pending,results_hpca_xorflow/complete_suite/runs/arxiv_slice96/host_model.csv,4a15d8d361abbe4e375632796e3967f1eedca8b1cf18a0f1b9c51252572ffe47
host,ogbn_arxiv_deepres8_w128_s17,RECORDED,,combination_scalesim_utilization,99.55841699023291,ratio,aggregation+combination+support_io; energy_pending,results_hpca_xorflow/complete_suite/runs/arxiv_slice96/host_model.csv,4a15d8d361abbe4e375632796e3967f1eedca8b1cf18a0f1b9c51252572ffe47
host,ogbn_arxiv_deepres8_w128_s17,RECORDED,,host_speedup,1.119269714890443,ratio,aggregation+combination+support_io; energy_pending,results_hpca_xorflow/complete_suite/runs/arxiv_slice96/host_model.csv,4a15d8d361abbe4e375632796e3967f1eedca8b1cf18a0f1b9c51252572ffe47
host,ogbn_arxiv_deepres8_w128_s17,RECORDED,,beicsr_host_cycles,2974072.0,cycles,aggregation+combination+support_io; energy_pending,results_hpca_xorflow/complete_suite/runs/arxiv_slice96/host_model.csv,4a15d8d361abbe4e375632796e3967f1eedca8b1cf18a0f1b9c51252572ffe47
host,ogbn_arxiv_deepres8_w128_s17,RECORDED,,xorflow_host_cycles,2657154.0,cycles,aggregation+combination+support_io; energy_pending,results_hpca_xorflow/complete_suite/runs/arxiv_slice96/host_model.csv,4a15d8d361abbe4e375632796e3967f1eedca8b1cf18a0f1b9c51252572ffe47
host,ogbn_arxiv_deepres8_w128_s17,RECORDED,,combination_scalesim_utilization,99.55841699023291,ratio,aggregation+combination+support_io; energy_pending,results_hpca_xorflow/complete_suite/runs/arxiv_slice96/host_model.csv,4a15d8d361abbe4e375632796e3967f1eedca8b1cf18a0f1b9c51252572ffe47
causal_preflight,ogbn_arxiv_deepres8_w128_s17,RECORDED,,support_ratio_to_beicsr,0.7227651702297835,ratio,causal two-layer,results_hpca_xorflow/complete_suite/runs/arxiv_support32k/causal_preflight.csv,6a85a236cd9d9f015aa76b1797f2b294542b86241669586bf0dcef4808ab5374
causal_preflight,ogbn_arxiv_deepres8_w128_s17,RECORDED,,traffic_reduction,0.1362471921945746,fraction,causal two-layer,results_hpca_xorflow/complete_suite/runs/arxiv_support32k/causal_preflight.csv,6a85a236cd9d9f015aa76b1797f2b294542b86241669586bf0dcef4808ab5374
causal_preflight,ogbn_arxiv_deepres8_w128_s17,RECORDED,,serialized_speedup,1.1461466803718114,ratio,causal two-layer,results_hpca_xorflow/complete_suite/runs/arxiv_support32k/causal_preflight.csv,6a85a236cd9d9f015aa76b1797f2b294542b86241669586bf0dcef4808ab5374
causal_preflight,ogbn_arxiv_deepres8_w128_s17,RECORDED,,double_buffered_speedup,1.156116282018829,ratio,causal two-layer,results_hpca_xorflow/complete_suite/runs/arxiv_support32k/causal_preflight.csv,6a85a236cd9d9f015aa76b1797f2b294542b86241669586bf0dcef4808ab5374
causal_preflight,ogbn_arxiv_deepres8_w128_s17,RECORDED,,xorflow_total_bytes,521480752.0,bytes,causal two-layer,results_hpca_xorflow/complete_suite/runs/arxiv_support32k/causal_preflight.csv,6a85a236cd9d9f015aa76b1797f2b294542b86241669586bf0dcef4808ab5374
causal_preflight,ogbn_arxiv_deepres8_w128_s17,RECORDED,,beicsr_total_bytes,603738416.0,bytes,causal two-layer,results_hpca_xorflow/complete_suite/runs/arxiv_support32k/causal_preflight.csv,6a85a236cd9d9f015aa76b1797f2b294542b86241669586bf0dcef4808ab5374
causal_preflight,ogbn_arxiv_deepres8_w128_s17,RECORDED,,support_ratio_to_beicsr,0.6623898028787071,ratio,causal two-layer,results_hpca_xorflow/complete_suite/runs/arxiv_support32k/causal_preflight.csv,6a85a236cd9d9f015aa76b1797f2b294542b86241669586bf0dcef4808ab5374
causal_preflight,ogbn_arxiv_deepres8_w128_s17,RECORDED,,traffic_reduction,0.272675477239821,fraction,causal two-layer,results_hpca_xorflow/complete_suite/runs/arxiv_support32k/causal_preflight.csv,6a85a236cd9d9f015aa76b1797f2b294542b86241669586bf0dcef4808ab5374
causal_preflight,ogbn_arxiv_deepres8_w128_s17,RECORDED,,serialized_speedup,1.3574288572248625,ratio,causal two-layer,results_hpca_xorflow/complete_suite/runs/arxiv_support32k/causal_preflight.csv,6a85a236cd9d9f015aa76b1797f2b294542b86241669586bf0dcef4808ab5374
causal_preflight,ogbn_arxiv_deepres8_w128_s17,RECORDED,,double_buffered_speedup,1.3703307090968475,ratio,causal two-layer,results_hpca_xorflow/complete_suite/runs/arxiv_support32k/causal_preflight.csv,6a85a236cd9d9f015aa76b1797f2b294542b86241669586bf0dcef4808ab5374
causal_preflight,ogbn_arxiv_deepres8_w128_s17,RECORDED,,xorflow_total_bytes,438996080.0,bytes,causal two-layer,results_hpca_xorflow/complete_suite/runs/arxiv_support32k/causal_preflight.csv,6a85a236cd9d9f015aa76b1797f2b294542b86241669586bf0dcef4808ab5374
causal_preflight,ogbn_arxiv_deepres8_w128_s17,RECORDED,,beicsr_total_bytes,603576624.0,bytes,causal two-layer,results_hpca_xorflow/complete_suite/runs/arxiv_support32k/causal_preflight.csv,6a85a236cd9d9f015aa76b1797f2b294542b86241669586bf0dcef4808ab5374
host,ogbn_arxiv_deepres8_w128_s17,RECORDED,,host_speedup,1.125892633152923,ratio,aggregation+combination+support_io; energy_pending,results_hpca_xorflow/complete_suite/runs/arxiv_support32k/host_model.csv,15fe9bde05a71005212db3eb6d66b1f0fa4c66e33e5dae659ff424f7e3698197
host,ogbn_arxiv_deepres8_w128_s17,RECORDED,,beicsr_host_cycles,2719713.0,cycles,aggregation+combination+support_io; energy_pending,results_hpca_xorflow/complete_suite/runs/arxiv_support32k/host_model.csv,15fe9bde05a71005212db3eb6d66b1f0fa4c66e33e5dae659ff424f7e3698197
host,ogbn_arxiv_deepres8_w128_s17,RECORDED,,xorflow_host_cycles,2415606.0,cycles,aggregation+combination+support_io; energy_pending,results_hpca_xorflow/complete_suite/runs/arxiv_support32k/host_model.csv,15fe9bde05a71005212db3eb6d66b1f0fa4c66e33e5dae659ff424f7e3698197
host,ogbn_arxiv_deepres8_w128_s17,RECORDED,,combination_scalesim_utilization,99.55818937008917,ratio,aggregation+combination+support_io; energy_pending,results_hpca_xorflow/complete_suite/runs/arxiv_support32k/host_model.csv,15fe9bde05a71005212db3eb6d66b1f0fa4c66e33e5dae659ff424f7e3698197
host,ogbn_arxiv_deepres8_w128_s17,RECORDED,,host_speedup,1.299774900416499,ratio,aggregation+combination+support_io; energy_pending,results_hpca_xorflow/complete_suite/runs/arxiv_support32k/host_model.csv,15fe9bde05a71005212db3eb6d66b1f0fa4c66e33e5dae659ff424f7e3698197
host,ogbn_arxiv_deepres8_w128_s17,RECORDED,,beicsr_host_cycles,2719081.0,cycles,aggregation+combination+support_io; energy_pending,results_hpca_xorflow/complete_suite/runs/arxiv_support32k/host_model.csv,15fe9bde05a71005212db3eb6d66b1f0fa4c66e33e5dae659ff424f7e3698197
host,ogbn_arxiv_deepres8_w128_s17,RECORDED,,xorflow_host_cycles,2091963.0,cycles,aggregation+combination+support_io; energy_pending,results_hpca_xorflow/complete_suite/runs/arxiv_support32k/host_model.csv,15fe9bde05a71005212db3eb6d66b1f0fa4c66e33e5dae659ff424f7e3698197
host,ogbn_arxiv_deepres8_w128_s17,RECORDED,,combination_scalesim_utilization,99.55818937008917,ratio,aggregation+combination+support_io; energy_pending,results_hpca_xorflow/complete_suite/runs/arxiv_support32k/host_model.csv,15fe9bde05a71005212db3eb6d66b1f0fa4c66e33e5dae659ff424f7e3698197
causal_preflight,ogbn_arxiv_deepres8_w128_s17,RECORDED,,support_ratio_to_beicsr,0.7227651702297835,ratio,causal two-layer,results_hpca_xorflow/complete_suite/runs/arxiv_support64k/causal_preflight.csv,6a85a236cd9d9f015aa76b1797f2b294542b86241669586bf0dcef4808ab5374
causal_preflight,ogbn_arxiv_deepres8_w128_s17,RECORDED,,traffic_reduction,0.1362471921945746,fraction,causal two-layer,results_hpca_xorflow/complete_suite/runs/arxiv_support64k/causal_preflight.csv,6a85a236cd9d9f015aa76b1797f2b294542b86241669586bf0dcef4808ab5374
causal_preflight,ogbn_arxiv_deepres8_w128_s17,RECORDED,,serialized_speedup,1.1461466803718114,ratio,causal two-layer,results_hpca_xorflow/complete_suite/runs/arxiv_support64k/causal_preflight.csv,6a85a236cd9d9f015aa76b1797f2b294542b86241669586bf0dcef4808ab5374
causal_preflight,ogbn_arxiv_deepres8_w128_s17,RECORDED,,double_buffered_speedup,1.156116282018829,ratio,causal two-layer,results_hpca_xorflow/complete_suite/runs/arxiv_support64k/causal_preflight.csv,6a85a236cd9d9f015aa76b1797f2b294542b86241669586bf0dcef4808ab5374
causal_preflight,ogbn_arxiv_deepres8_w128_s17,RECORDED,,xorflow_total_bytes,521480752.0,bytes,causal two-layer,results_hpca_xorflow/complete_suite/runs/arxiv_support64k/causal_preflight.csv,6a85a236cd9d9f015aa76b1797f2b294542b86241669586bf0dcef4808ab5374
causal_preflight,ogbn_arxiv_deepres8_w128_s17,RECORDED,,beicsr_total_bytes,603738416.0,bytes,causal two-layer,results_hpca_xorflow/complete_suite/runs/arxiv_support64k/causal_preflight.csv,6a85a236cd9d9f015aa76b1797f2b294542b86241669586bf0dcef4808ab5374
causal_preflight,ogbn_arxiv_deepres8_w128_s17,RECORDED,,support_ratio_to_beicsr,0.6623898028787071,ratio,causal two-layer,results_hpca_xorflow/complete_suite/runs/arxiv_support64k/causal_preflight.csv,6a85a236cd9d9f015aa76b1797f2b294542b86241669586bf0dcef4808ab5374
causal_preflight,ogbn_arxiv_deepres8_w128_s17,RECORDED,,traffic_reduction,0.272675477239821,fraction,causal two-layer,results_hpca_xorflow/complete_suite/runs/arxiv_support64k/causal_preflight.csv,6a85a236cd9d9f015aa76b1797f2b294542b86241669586bf0dcef4808ab5374
causal_preflight,ogbn_arxiv_deepres8_w128_s17,RECORDED,,serialized_speedup,1.3574288572248625,ratio,causal two-layer,results_hpca_xorflow/complete_suite/runs/arxiv_support64k/causal_preflight.csv,6a85a236cd9d9f015aa76b1797f2b294542b86241669586bf0dcef4808ab5374
causal_preflight,ogbn_arxiv_deepres8_w128_s17,RECORDED,,double_buffered_speedup,1.3703307090968475,ratio,causal two-layer,results_hpca_xorflow/complete_suite/runs/arxiv_support64k/causal_preflight.csv,6a85a236cd9d9f015aa76b1797f2b294542b86241669586bf0dcef4808ab5374
causal_preflight,ogbn_arxiv_deepres8_w128_s17,RECORDED,,xorflow_total_bytes,438996080.0,bytes,causal two-layer,results_hpca_xorflow/complete_suite/runs/arxiv_support64k/causal_preflight.csv,6a85a236cd9d9f015aa76b1797f2b294542b86241669586bf0dcef4808ab5374
causal_preflight,ogbn_arxiv_deepres8_w128_s17,RECORDED,,beicsr_total_bytes,603576624.0,bytes,causal two-layer,results_hpca_xorflow/complete_suite/runs/arxiv_support64k/causal_preflight.csv,6a85a236cd9d9f015aa76b1797f2b294542b86241669586bf0dcef4808ab5374
host,ogbn_arxiv_deepres8_w128_s17,RECORDED,,host_speedup,1.125892633152923,ratio,aggregation+combination+support_io; energy_pending,results_hpca_xorflow/complete_suite/runs/arxiv_support64k/host_model.csv,15fe9bde05a71005212db3eb6d66b1f0fa4c66e33e5dae659ff424f7e3698197
host,ogbn_arxiv_deepres8_w128_s17,RECORDED,,beicsr_host_cycles,2719713.0,cycles,aggregation+combination+support_io; energy_pending,results_hpca_xorflow/complete_suite/runs/arxiv_support64k/host_model.csv,15fe9bde05a71005212db3eb6d66b1f0fa4c66e33e5dae659ff424f7e3698197
host,ogbn_arxiv_deepres8_w128_s17,RECORDED,,xorflow_host_cycles,2415606.0,cycles,aggregation+combination+support_io; energy_pending,results_hpca_xorflow/complete_suite/runs/arxiv_support64k/host_model.csv,15fe9bde05a71005212db3eb6d66b1f0fa4c66e33e5dae659ff424f7e3698197
host,ogbn_arxiv_deepres8_w128_s17,RECORDED,,combination_scalesim_utilization,99.55818937008917,ratio,aggregation+combination+support_io; energy_pending,results_hpca_xorflow/complete_suite/runs/arxiv_support64k/host_model.csv,15fe9bde05a71005212db3eb6d66b1f0fa4c66e33e5dae659ff424f7e3698197
host,ogbn_arxiv_deepres8_w128_s17,RECORDED,,host_speedup,1.299774900416499,ratio,aggregation+combination+support_io; energy_pending,results_hpca_xorflow/complete_suite/runs/arxiv_support64k/host_model.csv,15fe9bde05a71005212db3eb6d66b1f0fa4c66e33e5dae659ff424f7e3698197
host,ogbn_arxiv_deepres8_w128_s17,RECORDED,,beicsr_host_cycles,2719081.0,cycles,aggregation+combination+support_io; energy_pending,results_hpca_xorflow/complete_suite/runs/arxiv_support64k/host_model.csv,15fe9bde05a71005212db3eb6d66b1f0fa4c66e33e5dae659ff424f7e3698197
host,ogbn_arxiv_deepres8_w128_s17,RECORDED,,xorflow_host_cycles,2091963.0,cycles,aggregation+combination+support_io; energy_pending,results_hpca_xorflow/complete_suite/runs/arxiv_support64k/host_model.csv,15fe9bde05a71005212db3eb6d66b1f0fa4c66e33e5dae659ff424f7e3698197
host,ogbn_arxiv_deepres8_w128_s17,RECORDED,,combination_scalesim_utilization,99.55818937008917,ratio,aggregation+combination+support_io; energy_pending,results_hpca_xorflow/complete_suite/runs/arxiv_support64k/host_model.csv,15fe9bde05a71005212db3eb6d66b1f0fa4c66e33e5dae659ff424f7e3698197
causal_preflight,ogbn_arxiv_deepres8_w128_s17,RECORDED,,support_ratio_to_beicsr,0.7227651702297835,ratio,causal two-layer,results_hpca_xorflow/complete_suite/runs/arxiv_support8k/causal_preflight.csv,6a85a236cd9d9f015aa76b1797f2b294542b86241669586bf0dcef4808ab5374
causal_preflight,ogbn_arxiv_deepres8_w128_s17,RECORDED,,traffic_reduction,0.1362471921945746,fraction,causal two-layer,results_hpca_xorflow/complete_suite/runs/arxiv_support8k/causal_preflight.csv,6a85a236cd9d9f015aa76b1797f2b294542b86241669586bf0dcef4808ab5374
causal_preflight,ogbn_arxiv_deepres8_w128_s17,RECORDED,,serialized_speedup,1.1461466803718114,ratio,causal two-layer,results_hpca_xorflow/complete_suite/runs/arxiv_support8k/causal_preflight.csv,6a85a236cd9d9f015aa76b1797f2b294542b86241669586bf0dcef4808ab5374
causal_preflight,ogbn_arxiv_deepres8_w128_s17,RECORDED,,double_buffered_speedup,1.156116282018829,ratio,causal two-layer,results_hpca_xorflow/complete_suite/runs/arxiv_support8k/causal_preflight.csv,6a85a236cd9d9f015aa76b1797f2b294542b86241669586bf0dcef4808ab5374
causal_preflight,ogbn_arxiv_deepres8_w128_s17,RECORDED,,xorflow_total_bytes,521480752.0,bytes,causal two-layer,results_hpca_xorflow/complete_suite/runs/arxiv_support8k/causal_preflight.csv,6a85a236cd9d9f015aa76b1797f2b294542b86241669586bf0dcef4808ab5374
causal_preflight,ogbn_arxiv_deepres8_w128_s17,RECORDED,,beicsr_total_bytes,603738416.0,bytes,causal two-layer,results_hpca_xorflow/complete_suite/runs/arxiv_support8k/causal_preflight.csv,6a85a236cd9d9f015aa76b1797f2b294542b86241669586bf0dcef4808ab5374
causal_preflight,ogbn_arxiv_deepres8_w128_s17,RECORDED,,support_ratio_to_beicsr,0.6623898028787071,ratio,causal two-layer,results_hpca_xorflow/complete_suite/runs/arxiv_support8k/causal_preflight.csv,6a85a236cd9d9f015aa76b1797f2b294542b86241669586bf0dcef4808ab5374
causal_preflight,ogbn_arxiv_deepres8_w128_s17,RECORDED,,traffic_reduction,0.272675477239821,fraction,causal two-layer,results_hpca_xorflow/complete_suite/runs/arxiv_support8k/causal_preflight.csv,6a85a236cd9d9f015aa76b1797f2b294542b86241669586bf0dcef4808ab5374
causal_preflight,ogbn_arxiv_deepres8_w128_s17,RECORDED,,serialized_speedup,1.3574288572248625,ratio,causal two-layer,results_hpca_xorflow/complete_suite/runs/arxiv_support8k/causal_preflight.csv,6a85a236cd9d9f015aa76b1797f2b294542b86241669586bf0dcef4808ab5374
causal_preflight,ogbn_arxiv_deepres8_w128_s17,RECORDED,,double_buffered_speedup,1.3703307090968475,ratio,causal two-layer,results_hpca_xorflow/complete_suite/runs/arxiv_support8k/causal_preflight.csv,6a85a236cd9d9f015aa76b1797f2b294542b86241669586bf0dcef4808ab5374
causal_preflight,ogbn_arxiv_deepres8_w128_s17,RECORDED,,xorflow_total_bytes,438996080.0,bytes,causal two-layer,results_hpca_xorflow/complete_suite/runs/arxiv_support8k/causal_preflight.csv,6a85a236cd9d9f015aa76b1797f2b294542b86241669586bf0dcef4808ab5374
causal_preflight,ogbn_arxiv_deepres8_w128_s17,RECORDED,,beicsr_total_bytes,603576624.0,bytes,causal two-layer,results_hpca_xorflow/complete_suite/runs/arxiv_support8k/causal_preflight.csv,6a85a236cd9d9f015aa76b1797f2b294542b86241669586bf0dcef4808ab5374
host,ogbn_arxiv_deepres8_w128_s17,RECORDED,,host_speedup,1.125892633152923,ratio,aggregation+combination+support_io; energy_pending,results_hpca_xorflow/complete_suite/runs/arxiv_support8k/host_model.csv,15fe9bde05a71005212db3eb6d66b1f0fa4c66e33e5dae659ff424f7e3698197
host,ogbn_arxiv_deepres8_w128_s17,RECORDED,,beicsr_host_cycles,2719713.0,cycles,aggregation+combination+support_io; energy_pending,results_hpca_xorflow/complete_suite/runs/arxiv_support8k/host_model.csv,15fe9bde05a71005212db3eb6d66b1f0fa4c66e33e5dae659ff424f7e3698197
host,ogbn_arxiv_deepres8_w128_s17,RECORDED,,xorflow_host_cycles,2415606.0,cycles,aggregation+combination+support_io; energy_pending,results_hpca_xorflow/complete_suite/runs/arxiv_support8k/host_model.csv,15fe9bde05a71005212db3eb6d66b1f0fa4c66e33e5dae659ff424f7e3698197
host,ogbn_arxiv_deepres8_w128_s17,RECORDED,,combination_scalesim_utilization,99.55818937008917,ratio,aggregation+combination+support_io; energy_pending,results_hpca_xorflow/complete_suite/runs/arxiv_support8k/host_model.csv,15fe9bde05a71005212db3eb6d66b1f0fa4c66e33e5dae659ff424f7e3698197
host,ogbn_arxiv_deepres8_w128_s17,RECORDED,,host_speedup,1.299774900416499,ratio,aggregation+combination+support_io; energy_pending,results_hpca_xorflow/complete_suite/runs/arxiv_support8k/host_model.csv,15fe9bde05a71005212db3eb6d66b1f0fa4c66e33e5dae659ff424f7e3698197
host,ogbn_arxiv_deepres8_w128_s17,RECORDED,,beicsr_host_cycles,2719081.0,cycles,aggregation+combination+support_io; energy_pending,results_hpca_xorflow/complete_suite/runs/arxiv_support8k/host_model.csv,15fe9bde05a71005212db3eb6d66b1f0fa4c66e33e5dae659ff424f7e3698197
host,ogbn_arxiv_deepres8_w128_s17,RECORDED,,xorflow_host_cycles,2091963.0,cycles,aggregation+combination+support_io; energy_pending,results_hpca_xorflow/complete_suite/runs/arxiv_support8k/host_model.csv,15fe9bde05a71005212db3eb6d66b1f0fa4c66e33e5dae659ff424f7e3698197
host,ogbn_arxiv_deepres8_w128_s17,RECORDED,,combination_scalesim_utilization,99.55818937008917,ratio,aggregation+combination+support_io; energy_pending,results_hpca_xorflow/complete_suite/runs/arxiv_support8k/host_model.csv,15fe9bde05a71005212db3eb6d66b1f0fa4c66e33e5dae659ff424f7e3698197
causal_preflight,ogbn_arxiv_deepres8_w128_s17,RECORDED,,support_ratio_to_beicsr,0.7232184539005976,ratio,causal two-layer,results_hpca_xorflow/complete_suite/runs/arxiv_tile256/causal_preflight.csv,cc9d702a5f2306e0a3535aab616b0e786fde5dd10f4c1fd84b6c861c5de67298
causal_preflight,ogbn_arxiv_deepres8_w128_s17,RECORDED,,traffic_reduction,0.1363368734183713,fraction,causal two-layer,results_hpca_xorflow/complete_suite/runs/arxiv_tile256/causal_preflight.csv,cc9d702a5f2306e0a3535aab616b0e786fde5dd10f4c1fd84b6c861c5de67298
causal_preflight,ogbn_arxiv_deepres8_w128_s17,RECORDED,,serialized_speedup,1.1464581299727974,ratio,causal two-layer,results_hpca_xorflow/complete_suite/runs/arxiv_tile256/causal_preflight.csv,cc9d702a5f2306e0a3535aab616b0e786fde5dd10f4c1fd84b6c861c5de67298
causal_preflight,ogbn_arxiv_deepres8_w128_s17,RECORDED,,double_buffered_speedup,1.1562353771226406,ratio,causal two-layer,results_hpca_xorflow/complete_suite/runs/arxiv_tile256/causal_preflight.csv,cc9d702a5f2306e0a3535aab616b0e786fde5dd10f4c1fd84b6c861c5de67298
causal_preflight,ogbn_arxiv_deepres8_w128_s17,RECORDED,,xorflow_total_bytes,521426608.0,bytes,causal two-layer,results_hpca_xorflow/complete_suite/runs/arxiv_tile256/causal_preflight.csv,cc9d702a5f2306e0a3535aab616b0e786fde5dd10f4c1fd84b6c861c5de67298
causal_preflight,ogbn_arxiv_deepres8_w128_s17,RECORDED,,beicsr_total_bytes,603738416.0,bytes,causal two-layer,results_hpca_xorflow/complete_suite/runs/arxiv_tile256/causal_preflight.csv,cc9d702a5f2306e0a3535aab616b0e786fde5dd10f4c1fd84b6c861c5de67298
causal_preflight,ogbn_arxiv_deepres8_w128_s17,RECORDED,,support_ratio_to_beicsr,0.662639686087474,ratio,causal two-layer,results_hpca_xorflow/complete_suite/runs/arxiv_tile256/causal_preflight.csv,cc9d702a5f2306e0a3535aab616b0e786fde5dd10f4c1fd84b6c861c5de67298
causal_preflight,ogbn_arxiv_deepres8_w128_s17,RECORDED,,traffic_reduction,0.2727763161351325,fraction,causal two-layer,results_hpca_xorflow/complete_suite/runs/arxiv_tile256/causal_preflight.csv,cc9d702a5f2306e0a3535aab616b0e786fde5dd10f4c1fd84b6c861c5de67298
causal_preflight,ogbn_arxiv_deepres8_w128_s17,RECORDED,,serialized_speedup,1.3579123600854628,ratio,causal two-layer,results_hpca_xorflow/complete_suite/runs/arxiv_tile256/causal_preflight.csv,cc9d702a5f2306e0a3535aab616b0e786fde5dd10f4c1fd84b6c861c5de67298
causal_preflight,ogbn_arxiv_deepres8_w128_s17,RECORDED,,double_buffered_speedup,1.3705186031010066,ratio,causal two-layer,results_hpca_xorflow/complete_suite/runs/arxiv_tile256/causal_preflight.csv,cc9d702a5f2306e0a3535aab616b0e786fde5dd10f4c1fd84b6c861c5de67298
causal_preflight,ogbn_arxiv_deepres8_w128_s17,RECORDED,,xorflow_total_bytes,438935216.0,bytes,causal two-layer,results_hpca_xorflow/complete_suite/runs/arxiv_tile256/causal_preflight.csv,cc9d702a5f2306e0a3535aab616b0e786fde5dd10f4c1fd84b6c861c5de67298
causal_preflight,ogbn_arxiv_deepres8_w128_s17,RECORDED,,beicsr_total_bytes,603576624.0,bytes,causal two-layer,results_hpca_xorflow/complete_suite/runs/arxiv_tile256/causal_preflight.csv,cc9d702a5f2306e0a3535aab616b0e786fde5dd10f4c1fd84b6c861c5de67298
host,ogbn_arxiv_deepres8_w128_s17,RECORDED,,host_speedup,1.1259863252746434,ratio,aggregation+combination+support_io; energy_pending,results_hpca_xorflow/complete_suite/runs/arxiv_tile256/host_model.csv,b4a8b49c1e648c6be370e0f235b558df5d0978f2682e144169ed4e78ce3ad388
host,ogbn_arxiv_deepres8_w128_s17,RECORDED,,beicsr_host_cycles,2719713.0,cycles,aggregation+combination+support_io; energy_pending,results_hpca_xorflow/complete_suite/runs/arxiv_tile256/host_model.csv,b4a8b49c1e648c6be370e0f235b558df5d0978f2682e144169ed4e78ce3ad388
host,ogbn_arxiv_deepres8_w128_s17,RECORDED,,xorflow_host_cycles,2415405.0,cycles,aggregation+combination+support_io; energy_pending,results_hpca_xorflow/complete_suite/runs/arxiv_tile256/host_model.csv,b4a8b49c1e648c6be370e0f235b558df5d0978f2682e144169ed4e78ce3ad388
host,ogbn_arxiv_deepres8_w128_s17,RECORDED,,combination_scalesim_utilization,99.55818937008917,ratio,aggregation+combination+support_io; energy_pending,results_hpca_xorflow/complete_suite/runs/arxiv_tile256/host_model.csv,b4a8b49c1e648c6be370e0f235b558df5d0978f2682e144169ed4e78ce3ad388
host,ogbn_arxiv_deepres8_w128_s17,RECORDED,,host_speedup,1.2999190622503562,ratio,aggregation+combination+support_io; energy_pending,results_hpca_xorflow/complete_suite/runs/arxiv_tile256/host_model.csv,b4a8b49c1e648c6be370e0f235b558df5d0978f2682e144169ed4e78ce3ad388
host,ogbn_arxiv_deepres8_w128_s17,RECORDED,,beicsr_host_cycles,2719081.0,cycles,aggregation+combination+support_io; energy_pending,results_hpca_xorflow/complete_suite/runs/arxiv_tile256/host_model.csv,b4a8b49c1e648c6be370e0f235b558df5d0978f2682e144169ed4e78ce3ad388
host,ogbn_arxiv_deepres8_w128_s17,RECORDED,,xorflow_host_cycles,2091731.0,cycles,aggregation+combination+support_io; energy_pending,results_hpca_xorflow/complete_suite/runs/arxiv_tile256/host_model.csv,b4a8b49c1e648c6be370e0f235b558df5d0978f2682e144169ed4e78ce3ad388
host,ogbn_arxiv_deepres8_w128_s17,RECORDED,,combination_scalesim_utilization,99.55818937008917,ratio,aggregation+combination+support_io; energy_pending,results_hpca_xorflow/complete_suite/runs/arxiv_tile256/host_model.csv,b4a8b49c1e648c6be370e0f235b558df5d0978f2682e144169ed4e78ce3ad388
causal_preflight,ogbn_arxiv_deepres8_w128_s17,RECORDED,,support_ratio_to_beicsr,0.7227988379272312,ratio,causal two-layer,results_hpca_xorflow/complete_suite/runs/arxiv_tile64/causal_preflight.csv,fa835c16d3878345d7de5cb7f05bfc8b3beb95e02ff090017ec4501e98d5189a
causal_preflight,ogbn_arxiv_deepres8_w128_s17,RECORDED,,traffic_reduction,0.1360299855426129,fraction,causal two-layer,results_hpca_xorflow/complete_suite/runs/arxiv_tile64/causal_preflight.csv,fa835c16d3878345d7de5cb7f05bfc8b3beb95e02ff090017ec4501e98d5189a
causal_preflight,ogbn_arxiv_deepres8_w128_s17,RECORDED,,serialized_speedup,1.145546347620877,ratio,causal two-layer,results_hpca_xorflow/complete_suite/runs/arxiv_tile64/causal_preflight.csv,fa835c16d3878345d7de5cb7f05bfc8b3beb95e02ff090017ec4501e98d5189a
causal_preflight,ogbn_arxiv_deepres8_w128_s17,RECORDED,,double_buffered_speedup,1.1558287572587755,ratio,causal two-layer,results_hpca_xorflow/complete_suite/runs/arxiv_tile64/causal_preflight.csv,fa835c16d3878345d7de5cb7f05bfc8b3beb95e02ff090017ec4501e98d5189a
causal_preflight,ogbn_arxiv_deepres8_w128_s17,RECORDED,,xorflow_total_bytes,521611888.0,bytes,causal two-layer,results_hpca_xorflow/complete_suite/runs/arxiv_tile64/causal_preflight.csv,fa835c16d3878345d7de5cb7f05bfc8b3beb95e02ff090017ec4501e98d5189a
causal_preflight,ogbn_arxiv_deepres8_w128_s17,RECORDED,,beicsr_total_bytes,603738416.0,bytes,causal two-layer,results_hpca_xorflow/complete_suite/runs/arxiv_tile64/causal_preflight.csv,fa835c16d3878345d7de5cb7f05bfc8b3beb95e02ff090017ec4501e98d5189a
causal_preflight,ogbn_arxiv_deepres8_w128_s17,RECORDED,,support_ratio_to_beicsr,0.6626202277166592,ratio,causal two-layer,results_hpca_xorflow/complete_suite/runs/arxiv_tile64/causal_preflight.csv,fa835c16d3878345d7de5cb7f05bfc8b3beb95e02ff090017ec4501e98d5189a
causal_preflight,ogbn_arxiv_deepres8_w128_s17,RECORDED,,traffic_reduction,0.2724594847795165,fraction,causal two-layer,results_hpca_xorflow/complete_suite/runs/arxiv_tile64/causal_preflight.csv,fa835c16d3878345d7de5cb7f05bfc8b3beb95e02ff090017ec4501e98d5189a
causal_preflight,ogbn_arxiv_deepres8_w128_s17,RECORDED,,serialized_speedup,1.3564574694711682,ratio,causal two-layer,results_hpca_xorflow/complete_suite/runs/arxiv_tile64/causal_preflight.csv,fa835c16d3878345d7de5cb7f05bfc8b3beb95e02ff090017ec4501e98d5189a
causal_preflight,ogbn_arxiv_deepres8_w128_s17,RECORDED,,double_buffered_speedup,1.3699290414199548,ratio,causal two-layer,results_hpca_xorflow/complete_suite/runs/arxiv_tile64/causal_preflight.csv,fa835c16d3878345d7de5cb7f05bfc8b3beb95e02ff090017ec4501e98d5189a
causal_preflight,ogbn_arxiv_deepres8_w128_s17,RECORDED,,xorflow_total_bytes,439126448.0,bytes,causal two-layer,results_hpca_xorflow/complete_suite/runs/arxiv_tile64/causal_preflight.csv,fa835c16d3878345d7de5cb7f05bfc8b3beb95e02ff090017ec4501e98d5189a
causal_preflight,ogbn_arxiv_deepres8_w128_s17,RECORDED,,beicsr_total_bytes,603576624.0,bytes,causal two-layer,results_hpca_xorflow/complete_suite/runs/arxiv_tile64/causal_preflight.csv,fa835c16d3878345d7de5cb7f05bfc8b3beb95e02ff090017ec4501e98d5189a
host,ogbn_arxiv_deepres8_w128_s17,RECORDED,,host_speedup,1.1256535791490403,ratio,aggregation+combination+support_io; energy_pending,results_hpca_xorflow/complete_suite/runs/arxiv_tile64/host_model.csv,f082554fc0eac5dad849441e3656c5918b7eed982c18593e3d9f6e6c0a2e4b54
host,ogbn_arxiv_deepres8_w128_s17,RECORDED,,beicsr_host_cycles,2719713.0,cycles,aggregation+combination+support_io; energy_pending,results_hpca_xorflow/complete_suite/runs/arxiv_tile64/host_model.csv,f082554fc0eac5dad849441e3656c5918b7eed982c18593e3d9f6e6c0a2e4b54
host,ogbn_arxiv_deepres8_w128_s17,RECORDED,,xorflow_host_cycles,2416119.0,cycles,aggregation+combination+support_io; energy_pending,results_hpca_xorflow/complete_suite/runs/arxiv_tile64/host_model.csv,f082554fc0eac5dad849441e3656c5918b7eed982c18593e3d9f6e6c0a2e4b54
host,ogbn_arxiv_deepres8_w128_s17,RECORDED,,combination_scalesim_utilization,99.55818937008917,ratio,aggregation+combination+support_io; energy_pending,results_hpca_xorflow/complete_suite/runs/arxiv_tile64/host_model.csv,f082554fc0eac5dad849441e3656c5918b7eed982c18593e3d9f6e6c0a2e4b54
host,ogbn_arxiv_deepres8_w128_s17,RECORDED,,host_speedup,1.29945562125653,ratio,aggregation+combination+support_io; energy_pending,results_hpca_xorflow/complete_suite/runs/arxiv_tile64/host_model.csv,f082554fc0eac5dad849441e3656c5918b7eed982c18593e3d9f6e6c0a2e4b54
host,ogbn_arxiv_deepres8_w128_s17,RECORDED,,beicsr_host_cycles,2719081.0,cycles,aggregation+combination+support_io; energy_pending,results_hpca_xorflow/complete_suite/runs/arxiv_tile64/host_model.csv,f082554fc0eac5dad849441e3656c5918b7eed982c18593e3d9f6e6c0a2e4b54
host,ogbn_arxiv_deepres8_w128_s17,RECORDED,,xorflow_host_cycles,2092477.0,cycles,aggregation+combination+support_io; energy_pending,results_hpca_xorflow/complete_suite/runs/arxiv_tile64/host_model.csv,f082554fc0eac5dad849441e3656c5918b7eed982c18593e3d9f6e6c0a2e4b54
host,ogbn_arxiv_deepres8_w128_s17,RECORDED,,combination_scalesim_utilization,99.55818937008917,ratio,aggregation+combination+support_io; energy_pending,results_hpca_xorflow/complete_suite/runs/arxiv_tile64/host_model.csv,f082554fc0eac5dad849441e3656c5918b7eed982c18593e3d9f6e6c0a2e4b54
causal_preflight,ogbn_arxiv_deepres8_w256_s7,RECORDED,,support_ratio_to_beicsr,0.7338232081007882,ratio,causal two-layer,results_hpca_xorflow/complete_suite/runs/arxiv_width256/causal_preflight.csv,68acd7105e7c67483e83bb03f76590a4afcf3030e1ed7a7bb859a9118049e8f6
causal_preflight,ogbn_arxiv_deepres8_w256_s7,RECORDED,,traffic_reduction,0.2280742125085522,fraction,causal two-layer,results_hpca_xorflow/complete_suite/runs/arxiv_width256/causal_preflight.csv,68acd7105e7c67483e83bb03f76590a4afcf3030e1ed7a7bb859a9118049e8f6
causal_preflight,ogbn_arxiv_deepres8_w256_s7,RECORDED,,serialized_speedup,1.277820590035829,ratio,causal two-layer,results_hpca_xorflow/complete_suite/runs/arxiv_width256/causal_preflight.csv,68acd7105e7c67483e83bb03f76590a4afcf3030e1ed7a7bb859a9118049e8f6
causal_preflight,ogbn_arxiv_deepres8_w256_s7,RECORDED,,double_buffered_speedup,1.2932225926701422,ratio,causal two-layer,results_hpca_xorflow/complete_suite/runs/arxiv_width256/causal_preflight.csv,68acd7105e7c67483e83bb03f76590a4afcf3030e1ed7a7bb859a9118049e8f6
causal_preflight,ogbn_arxiv_deepres8_w256_s7,RECORDED,,xorflow_total_bytes,709823024.0,bytes,causal two-layer,results_hpca_xorflow/complete_suite/runs/arxiv_width256/causal_preflight.csv,68acd7105e7c67483e83bb03f76590a4afcf3030e1ed7a7bb859a9118049e8f6
causal_preflight,ogbn_arxiv_deepres8_w256_s7,RECORDED,,beicsr_total_bytes,919548272.0,bytes,causal two-layer,results_hpca_xorflow/complete_suite/runs/arxiv_width256/causal_preflight.csv,68acd7105e7c67483e83bb03f76590a4afcf3030e1ed7a7bb859a9118049e8f6
causal_preflight,ogbn_arxiv_deepres8_w256_s7,RECORDED,,support_ratio_to_beicsr,0.6506962700311342,ratio,causal two-layer,results_hpca_xorflow/complete_suite/runs/arxiv_width256/causal_preflight.csv,68acd7105e7c67483e83bb03f76590a4afcf3030e1ed7a7bb859a9118049e8f6
causal_preflight,ogbn_arxiv_deepres8_w256_s7,RECORDED,,traffic_reduction,0.292845866147738,fraction,causal two-layer,results_hpca_xorflow/complete_suite/runs/arxiv_width256/causal_preflight.csv,68acd7105e7c67483e83bb03f76590a4afcf3030e1ed7a7bb859a9118049e8f6
causal_preflight,ogbn_arxiv_deepres8_w256_s7,RECORDED,,serialized_speedup,1.3943676161669032,ratio,causal two-layer,results_hpca_xorflow/complete_suite/runs/arxiv_width256/causal_preflight.csv,68acd7105e7c67483e83bb03f76590a4afcf3030e1ed7a7bb859a9118049e8f6
causal_preflight,ogbn_arxiv_deepres8_w256_s7,RECORDED,,double_buffered_speedup,1.4106950522564263,ratio,causal two-layer,results_hpca_xorflow/complete_suite/runs/arxiv_width256/causal_preflight.csv,68acd7105e7c67483e83bb03f76590a4afcf3030e1ed7a7bb859a9118049e8f6
causal_preflight,ogbn_arxiv_deepres8_w256_s7,RECORDED,,xorflow_total_bytes,650105136.0,bytes,causal two-layer,results_hpca_xorflow/complete_suite/runs/arxiv_width256/causal_preflight.csv,68acd7105e7c67483e83bb03f76590a4afcf3030e1ed7a7bb859a9118049e8f6
causal_preflight,ogbn_arxiv_deepres8_w256_s7,RECORDED,,beicsr_total_bytes,919325936.0,bytes,causal two-layer,results_hpca_xorflow/complete_suite/runs/arxiv_width256/causal_preflight.csv,68acd7105e7c67483e83bb03f76590a4afcf3030e1ed7a7bb859a9118049e8f6
host,ogbn_arxiv_deepres8_w256_s7,RECORDED,,host_speedup,1.1877478543665232,ratio,aggregation+combination+support_io; energy_pending,results_hpca_xorflow/complete_suite/runs/arxiv_width256/host_model.csv,6afd3b9a66db8571bebd7ee5ad6a35bb43c01819f5c6f21bc0dfd0c8157d3fa7
host,ogbn_arxiv_deepres8_w256_s7,RECORDED,,beicsr_host_cycles,4973921.0,cycles,aggregation+combination+support_io; energy_pending,results_hpca_xorflow/complete_suite/runs/arxiv_width256/host_model.csv,6afd3b9a66db8571bebd7ee5ad6a35bb43c01819f5c6f21bc0dfd0c8157d3fa7
host,ogbn_arxiv_deepres8_w256_s7,RECORDED,,xorflow_host_cycles,4187691.0,cycles,aggregation+combination+support_io; energy_pending,results_hpca_xorflow/complete_suite/runs/arxiv_width256/host_model.csv,6afd3b9a66db8571bebd7ee5ad6a35bb43c01819f5c6f21bc0dfd0c8157d3fa7
host,ogbn_arxiv_deepres8_w256_s7,RECORDED,,combination_scalesim_utilization,99.55796988022196,ratio,aggregation+combination+support_io; energy_pending,results_hpca_xorflow/complete_suite/runs/arxiv_width256/host_model.csv,6afd3b9a66db8571bebd7ee5ad6a35bb43c01819f5c6f21bc0dfd0c8157d3fa7
host,ogbn_arxiv_deepres8_w256_s7,RECORDED,,host_speedup,1.2587841229317795,ratio,aggregation+combination+support_io; energy_pending,results_hpca_xorflow/complete_suite/runs/arxiv_width256/host_model.csv,6afd3b9a66db8571bebd7ee5ad6a35bb43c01819f5c6f21bc0dfd0c8157d3fa7
host,ogbn_arxiv_deepres8_w256_s7,RECORDED,,beicsr_host_cycles,4973052.0,cycles,aggregation+combination+support_io; energy_pending,results_hpca_xorflow/complete_suite/runs/arxiv_width256/host_model.csv,6afd3b9a66db8571bebd7ee5ad6a35bb43c01819f5c6f21bc0dfd0c8157d3fa7
host,ogbn_arxiv_deepres8_w256_s7,RECORDED,,xorflow_host_cycles,3950679.0,cycles,aggregation+combination+support_io; energy_pending,results_hpca_xorflow/complete_suite/runs/arxiv_width256/host_model.csv,6afd3b9a66db8571bebd7ee5ad6a35bb43c01819f5c6f21bc0dfd0c8157d3fa7
host,ogbn_arxiv_deepres8_w256_s7,RECORDED,,combination_scalesim_utilization,99.55796988022196,ratio,aggregation+combination+support_io; energy_pending,results_hpca_xorflow/complete_suite/runs/arxiv_width256/host_model.csv,6afd3b9a66db8571bebd7ee5ad6a35bb43c01819f5c6f21bc0dfd0c8157d3fa7
causal_preflight,ogbn_arxiv_deepres8_w64_s7,RECORDED,,support_ratio_to_beicsr,0.6954796994856592,ratio,causal two-layer,results_hpca_xorflow/complete_suite/runs/arxiv_width64/causal_preflight.csv,ed14493dfb5c8f35c23cc7a44dcd870df1eb73e852a7ada312450b9c606f76df
causal_preflight,ogbn_arxiv_deepres8_w64_s7,RECORDED,,traffic_reduction,-0.0230676125676743,fraction,causal two-layer,results_hpca_xorflow/complete_suite/runs/arxiv_width64/causal_preflight.csv,ed14493dfb5c8f35c23cc7a44dcd870df1eb73e852a7ada312450b9c606f76df
causal_preflight,ogbn_arxiv_deepres8_w64_s7,RECORDED,,serialized_speedup,0.9702156843863108,ratio,causal two-layer,results_hpca_xorflow/complete_suite/runs/arxiv_width64/causal_preflight.csv,ed14493dfb5c8f35c23cc7a44dcd870df1eb73e852a7ada312450b9c606f76df
causal_preflight,ogbn_arxiv_deepres8_w64_s7,RECORDED,,double_buffered_speedup,0.977829118987989,ratio,causal two-layer,results_hpca_xorflow/complete_suite/runs/arxiv_width64/causal_preflight.csv,ed14493dfb5c8f35c23cc7a44dcd870df1eb73e852a7ada312450b9c606f76df
causal_preflight,ogbn_arxiv_deepres8_w64_s7,RECORDED,,xorflow_total_bytes,319019376.0,bytes,causal two-layer,results_hpca_xorflow/complete_suite/runs/arxiv_width64/causal_preflight.csv,ed14493dfb5c8f35c23cc7a44dcd870df1eb73e852a7ada312450b9c606f76df
causal_preflight,ogbn_arxiv_deepres8_w64_s7,RECORDED,,beicsr_total_bytes,311826288.0,bytes,causal two-layer,results_hpca_xorflow/complete_suite/runs/arxiv_width64/causal_preflight.csv,ed14493dfb5c8f35c23cc7a44dcd870df1eb73e852a7ada312450b9c606f76df
causal_preflight,ogbn_arxiv_deepres8_w64_s7,RECORDED,,support_ratio_to_beicsr,0.6126580372380317,ratio,causal two-layer,results_hpca_xorflow/complete_suite/runs/arxiv_width64/causal_preflight.csv,ed14493dfb5c8f35c23cc7a44dcd870df1eb73e852a7ada312450b9c606f76df
causal_preflight,ogbn_arxiv_deepres8_w64_s7,RECORDED,,traffic_reduction,-0.020362106224989,fraction,causal two-layer,results_hpca_xorflow/complete_suite/runs/arxiv_width64/causal_preflight.csv,ed14493dfb5c8f35c23cc7a44dcd870df1eb73e852a7ada312450b9c606f76df
causal_preflight,ogbn_arxiv_deepres8_w64_s7,RECORDED,,serialized_speedup,0.9735281478973428,ratio,causal two-layer,results_hpca_xorflow/complete_suite/runs/arxiv_width64/causal_preflight.csv,ed14493dfb5c8f35c23cc7a44dcd870df1eb73e852a7ada312450b9c606f76df
causal_preflight,ogbn_arxiv_deepres8_w64_s7,RECORDED,,double_buffered_speedup,0.980378816526666,ratio,causal two-layer,results_hpca_xorflow/complete_suite/runs/arxiv_width64/causal_preflight.csv,ed14493dfb5c8f35c23cc7a44dcd870df1eb73e852a7ada312450b9c606f76df
causal_preflight,ogbn_arxiv_deepres8_w64_s7,RECORDED,,xorflow_total_bytes,318175728.0,bytes,causal two-layer,results_hpca_xorflow/complete_suite/runs/arxiv_width64/causal_preflight.csv,ed14493dfb5c8f35c23cc7a44dcd870df1eb73e852a7ada312450b9c606f76df
causal_preflight,ogbn_arxiv_deepres8_w64_s7,RECORDED,,beicsr_total_bytes,311826288.0,bytes,causal two-layer,results_hpca_xorflow/complete_suite/runs/arxiv_width64/causal_preflight.csv,ed14493dfb5c8f35c23cc7a44dcd870df1eb73e852a7ada312450b9c606f76df
host,ogbn_arxiv_deepres8_w64_s7,RECORDED,,host_speedup,0.9769287531444624,ratio,aggregation+combination+support_io; energy_pending,results_hpca_xorflow/complete_suite/runs/arxiv_width64/host_model.csv,6f4a2795a34dffc6ba78e3ad4a0fba934a90e0d5033277a9c5d28df3749fbc28
host,ogbn_arxiv_deepres8_w64_s7,RECORDED,,beicsr_host_cycles,1579431.0,cycles,aggregation+combination+support_io; energy_pending,results_hpca_xorflow/complete_suite/runs/arxiv_width64/host_model.csv,6f4a2795a34dffc6ba78e3ad4a0fba934a90e0d5033277a9c5d28df3749fbc28
host,ogbn_arxiv_deepres8_w64_s7,RECORDED,,xorflow_host_cycles,1616731.0,cycles,aggregation+combination+support_io; energy_pending,results_hpca_xorflow/complete_suite/runs/arxiv_width64/host_model.csv,6f4a2795a34dffc6ba78e3ad4a0fba934a90e0d5033277a9c5d28df3749fbc28
host,ogbn_arxiv_deepres8_w64_s7,RECORDED,,combination_scalesim_utilization,99.55818937008917,ratio,aggregation+combination+support_io; energy_pending,results_hpca_xorflow/complete_suite/runs/arxiv_width64/host_model.csv,6f4a2795a34dffc6ba78e3ad4a0fba934a90e0d5033277a9c5d28df3749fbc28
host,ogbn_arxiv_deepres8_w64_s7,RECORDED,,host_speedup,0.9795899001388666,ratio,aggregation+combination+support_io; energy_pending,results_hpca_xorflow/complete_suite/runs/arxiv_width64/host_model.csv,6f4a2795a34dffc6ba78e3ad4a0fba934a90e0d5033277a9c5d28df3749fbc28
host,ogbn_arxiv_deepres8_w64_s7,RECORDED,,beicsr_host_cycles,1579431.0,cycles,aggregation+combination+support_io; energy_pending,results_hpca_xorflow/complete_suite/runs/arxiv_width64/host_model.csv,6f4a2795a34dffc6ba78e3ad4a0fba934a90e0d5033277a9c5d28df3749fbc28
host,ogbn_arxiv_deepres8_w64_s7,RECORDED,,xorflow_host_cycles,1612339.0,cycles,aggregation+combination+support_io; energy_pending,results_hpca_xorflow/complete_suite/runs/arxiv_width64/host_model.csv,6f4a2795a34dffc6ba78e3ad4a0fba934a90e0d5033277a9c5d28df3749fbc28
host,ogbn_arxiv_deepres8_w64_s7,RECORDED,,combination_scalesim_utilization,99.55818937008917,ratio,aggregation+combination+support_io; energy_pending,results_hpca_xorflow/complete_suite/runs/arxiv_width64/host_model.csv,6f4a2795a34dffc6ba78e3ad4a0fba934a90e0d5033277a9c5d28df3749fbc28
causal_preflight,ogbn_arxiv_deepres8_w128_s17,RECORDED,,support_ratio_to_beicsr,0.7227651702297835,ratio,causal two-layer,results_hpca_xorflow/complete_suite/runs/arxiv_window1/causal_preflight.csv,6a85a236cd9d9f015aa76b1797f2b294542b86241669586bf0dcef4808ab5374
causal_preflight,ogbn_arxiv_deepres8_w128_s17,RECORDED,,traffic_reduction,0.1362471921945746,fraction,causal two-layer,results_hpca_xorflow/complete_suite/runs/arxiv_window1/causal_preflight.csv,6a85a236cd9d9f015aa76b1797f2b294542b86241669586bf0dcef4808ab5374
causal_preflight,ogbn_arxiv_deepres8_w128_s17,RECORDED,,serialized_speedup,1.1461466803718114,ratio,causal two-layer,results_hpca_xorflow/complete_suite/runs/arxiv_window1/causal_preflight.csv,6a85a236cd9d9f015aa76b1797f2b294542b86241669586bf0dcef4808ab5374
causal_preflight,ogbn_arxiv_deepres8_w128_s17,RECORDED,,double_buffered_speedup,1.156116282018829,ratio,causal two-layer,results_hpca_xorflow/complete_suite/runs/arxiv_window1/causal_preflight.csv,6a85a236cd9d9f015aa76b1797f2b294542b86241669586bf0dcef4808ab5374
causal_preflight,ogbn_arxiv_deepres8_w128_s17,RECORDED,,xorflow_total_bytes,521480752.0,bytes,causal two-layer,results_hpca_xorflow/complete_suite/runs/arxiv_window1/causal_preflight.csv,6a85a236cd9d9f015aa76b1797f2b294542b86241669586bf0dcef4808ab5374
causal_preflight,ogbn_arxiv_deepres8_w128_s17,RECORDED,,beicsr_total_bytes,603738416.0,bytes,causal two-layer,results_hpca_xorflow/complete_suite/runs/arxiv_window1/causal_preflight.csv,6a85a236cd9d9f015aa76b1797f2b294542b86241669586bf0dcef4808ab5374
causal_preflight,ogbn_arxiv_deepres8_w128_s17,RECORDED,,support_ratio_to_beicsr,0.6623898028787071,ratio,causal two-layer,results_hpca_xorflow/complete_suite/runs/arxiv_window1/causal_preflight.csv,6a85a236cd9d9f015aa76b1797f2b294542b86241669586bf0dcef4808ab5374
causal_preflight,ogbn_arxiv_deepres8_w128_s17,RECORDED,,traffic_reduction,0.272675477239821,fraction,causal two-layer,results_hpca_xorflow/complete_suite/runs/arxiv_window1/causal_preflight.csv,6a85a236cd9d9f015aa76b1797f2b294542b86241669586bf0dcef4808ab5374
causal_preflight,ogbn_arxiv_deepres8_w128_s17,RECORDED,,serialized_speedup,1.3574288572248625,ratio,causal two-layer,results_hpca_xorflow/complete_suite/runs/arxiv_window1/causal_preflight.csv,6a85a236cd9d9f015aa76b1797f2b294542b86241669586bf0dcef4808ab5374
causal_preflight,ogbn_arxiv_deepres8_w128_s17,RECORDED,,double_buffered_speedup,1.3703307090968475,ratio,causal two-layer,results_hpca_xorflow/complete_suite/runs/arxiv_window1/causal_preflight.csv,6a85a236cd9d9f015aa76b1797f2b294542b86241669586bf0dcef4808ab5374
causal_preflight,ogbn_arxiv_deepres8_w128_s17,RECORDED,,xorflow_total_bytes,438996080.0,bytes,causal two-layer,results_hpca_xorflow/complete_suite/runs/arxiv_window1/causal_preflight.csv,6a85a236cd9d9f015aa76b1797f2b294542b86241669586bf0dcef4808ab5374
causal_preflight,ogbn_arxiv_deepres8_w128_s17,RECORDED,,beicsr_total_bytes,603576624.0,bytes,causal two-layer,results_hpca_xorflow/complete_suite/runs/arxiv_window1/causal_preflight.csv,6a85a236cd9d9f015aa76b1797f2b294542b86241669586bf0dcef4808ab5374
host,ogbn_arxiv_deepres8_w128_s17,RECORDED,,host_speedup,1.125892633152923,ratio,aggregation+combination+support_io; energy_pending,results_hpca_xorflow/complete_suite/runs/arxiv_window1/host_model.csv,15fe9bde05a71005212db3eb6d66b1f0fa4c66e33e5dae659ff424f7e3698197
host,ogbn_arxiv_deepres8_w128_s17,RECORDED,,beicsr_host_cycles,2719713.0,cycles,aggregation+combination+support_io; energy_pending,results_hpca_xorflow/complete_suite/runs/arxiv_window1/host_model.csv,15fe9bde05a71005212db3eb6d66b1f0fa4c66e33e5dae659ff424f7e3698197
host,ogbn_arxiv_deepres8_w128_s17,RECORDED,,xorflow_host_cycles,2415606.0,cycles,aggregation+combination+support_io; energy_pending,results_hpca_xorflow/complete_suite/runs/arxiv_window1/host_model.csv,15fe9bde05a71005212db3eb6d66b1f0fa4c66e33e5dae659ff424f7e3698197
host,ogbn_arxiv_deepres8_w128_s17,RECORDED,,combination_scalesim_utilization,99.55818937008917,ratio,aggregation+combination+support_io; energy_pending,results_hpca_xorflow/complete_suite/runs/arxiv_window1/host_model.csv,15fe9bde05a71005212db3eb6d66b1f0fa4c66e33e5dae659ff424f7e3698197
host,ogbn_arxiv_deepres8_w128_s17,RECORDED,,host_speedup,1.299774900416499,ratio,aggregation+combination+support_io; energy_pending,results_hpca_xorflow/complete_suite/runs/arxiv_window1/host_model.csv,15fe9bde05a71005212db3eb6d66b1f0fa4c66e33e5dae659ff424f7e3698197
host,ogbn_arxiv_deepres8_w128_s17,RECORDED,,beicsr_host_cycles,2719081.0,cycles,aggregation+combination+support_io; energy_pending,results_hpca_xorflow/complete_suite/runs/arxiv_window1/host_model.csv,15fe9bde05a71005212db3eb6d66b1f0fa4c66e33e5dae659ff424f7e3698197
host,ogbn_arxiv_deepres8_w128_s17,RECORDED,,xorflow_host_cycles,2091963.0,cycles,aggregation+combination+support_io; energy_pending,results_hpca_xorflow/complete_suite/runs/arxiv_window1/host_model.csv,15fe9bde05a71005212db3eb6d66b1f0fa4c66e33e5dae659ff424f7e3698197
host,ogbn_arxiv_deepres8_w128_s17,RECORDED,,combination_scalesim_utilization,99.55818937008917,ratio,aggregation+combination+support_io; energy_pending,results_hpca_xorflow/complete_suite/runs/arxiv_window1/host_model.csv,15fe9bde05a71005212db3eb6d66b1f0fa4c66e33e5dae659ff424f7e3698197
causal_preflight,chameleon_gcnii16,UNKNOWN,,support_ratio_to_beicsr,0.442808519982433,ratio,causal two-layer,results_hpca_xorflow/complete_suite/runs/boundary_chameleon/causal_preflight.csv,db3b9122c4f1a10276642f00386390f7c65ce350ccc0df62ec875b940955009d
causal_preflight,chameleon_gcnii16,UNKNOWN,,traffic_reduction,-0.0482346990389479,fraction,causal two-layer,results_hpca_xorflow/complete_suite/runs/boundary_chameleon/causal_preflight.csv,db3b9122c4f1a10276642f00386390f7c65ce350ccc0df62ec875b940955009d
causal_preflight,chameleon_gcnii16,UNKNOWN,,serialized_speedup,0.9405353728489484,ratio,causal two-layer,results_hpca_xorflow/complete_suite/runs/boundary_chameleon/causal_preflight.csv,db3b9122c4f1a10276642f00386390f7c65ce350ccc0df62ec875b940955009d
causal_preflight,chameleon_gcnii16,UNKNOWN,,double_buffered_speedup,0.9564456542873808,ratio,causal two-layer,results_hpca_xorflow/complete_suite/runs/boundary_chameleon/causal_preflight.csv,db3b9122c4f1a10276642f00386390f7c65ce350ccc0df62ec875b940955009d
causal_preflight,chameleon_gcnii16,UNKNOWN,,xorflow_total_bytes,1243416.0,bytes,causal two-layer,results_hpca_xorflow/complete_suite/runs/boundary_chameleon/causal_preflight.csv,db3b9122c4f1a10276642f00386390f7c65ce350ccc0df62ec875b940955009d
causal_preflight,chameleon_gcnii16,UNKNOWN,,beicsr_total_bytes,1186200.0,bytes,causal two-layer,results_hpca_xorflow/complete_suite/runs/boundary_chameleon/causal_preflight.csv,db3b9122c4f1a10276642f00386390f7c65ce350ccc0df62ec875b940955009d
causal_preflight,chameleon_gcnii16,UNKNOWN,,support_ratio_to_beicsr,0.4060441370223979,ratio,causal two-layer,results_hpca_xorflow/complete_suite/runs/boundary_chameleon/causal_preflight.csv,db3b9122c4f1a10276642f00386390f7c65ce350ccc0df62ec875b940955009d
causal_preflight,chameleon_gcnii16,UNKNOWN,,traffic_reduction,-0.0155510612813918,fraction,causal two-layer,results_hpca_xorflow/complete_suite/runs/boundary_chameleon/causal_preflight.csv,db3b9122c4f1a10276642f00386390f7c65ce350ccc0df62ec875b940955009d
causal_preflight,chameleon_gcnii16,UNKNOWN,,serialized_speedup,0.9700920245398772,ratio,causal two-layer,results_hpca_xorflow/complete_suite/runs/boundary_chameleon/causal_preflight.csv,db3b9122c4f1a10276642f00386390f7c65ce350ccc0df62ec875b940955009d
causal_preflight,chameleon_gcnii16,UNKNOWN,,double_buffered_speedup,0.9855862874951306,ratio,causal two-layer,results_hpca_xorflow/complete_suite/runs/boundary_chameleon/causal_preflight.csv,db3b9122c4f1a10276642f00386390f7c65ce350ccc0df62ec875b940955009d
causal_preflight,chameleon_gcnii16,UNKNOWN,,xorflow_total_bytes,1241304.0,bytes,causal two-layer,results_hpca_xorflow/complete_suite/runs/boundary_chameleon/causal_preflight.csv,db3b9122c4f1a10276642f00386390f7c65ce350ccc0df62ec875b940955009d
causal_preflight,chameleon_gcnii16,UNKNOWN,,beicsr_total_bytes,1222296.0,bytes,causal two-layer,results_hpca_xorflow/complete_suite/runs/boundary_chameleon/causal_preflight.csv,db3b9122c4f1a10276642f00386390f7c65ce350ccc0df62ec875b940955009d
host,chameleon_gcnii16,UNKNOWN,,host_speedup,1.0,ratio,aggregation+combination+support_io; energy_pending,results_hpca_xorflow/complete_suite/runs/boundary_chameleon/host_model.csv,f0caad8776c746fb5e4a0aed09ccae5f724e3fefd102d05d5f10ee403a1f5537
host,chameleon_gcnii16,UNKNOWN,,beicsr_host_cycles,14416.0,cycles,aggregation+combination+support_io; energy_pending,results_hpca_xorflow/complete_suite/runs/boundary_chameleon/host_model.csv,f0caad8776c746fb5e4a0aed09ccae5f724e3fefd102d05d5f10ee403a1f5537
host,chameleon_gcnii16,UNKNOWN,,xorflow_host_cycles,14416.0,cycles,aggregation+combination+support_io; energy_pending,results_hpca_xorflow/complete_suite/runs/boundary_chameleon/host_model.csv,f0caad8776c746fb5e4a0aed09ccae5f724e3fefd102d05d5f10ee403a1f5537
host,chameleon_gcnii16,UNKNOWN,,combination_scalesim_utilization,75.2102919346858,ratio,aggregation+combination+support_io; energy_pending,results_hpca_xorflow/complete_suite/runs/boundary_chameleon/host_model.csv,f0caad8776c746fb5e4a0aed09ccae5f724e3fefd102d05d5f10ee403a1f5537
host,chameleon_gcnii16,UNKNOWN,,host_speedup,1.0,ratio,aggregation+combination+support_io; energy_pending,results_hpca_xorflow/complete_suite/runs/boundary_chameleon/host_model.csv,f0caad8776c746fb5e4a0aed09ccae5f724e3fefd102d05d5f10ee403a1f5537
host,chameleon_gcnii16,UNKNOWN,,beicsr_host_cycles,14958.0,cycles,aggregation+combination+support_io; energy_pending,results_hpca_xorflow/complete_suite/runs/boundary_chameleon/host_model.csv,f0caad8776c746fb5e4a0aed09ccae5f724e3fefd102d05d5f10ee403a1f5537
host,chameleon_gcnii16,UNKNOWN,,xorflow_host_cycles,14958.0,cycles,aggregation+combination+support_io; energy_pending,results_hpca_xorflow/complete_suite/runs/boundary_chameleon/host_model.csv,f0caad8776c746fb5e4a0aed09ccae5f724e3fefd102d05d5f10ee403a1f5537
host,chameleon_gcnii16,UNKNOWN,,combination_scalesim_utilization,75.2102919346858,ratio,aggregation+combination+support_io; energy_pending,results_hpca_xorflow/complete_suite/runs/boundary_chameleon/host_model.csv,f0caad8776c746fb5e4a0aed09ccae5f724e3fefd102d05d5f10ee403a1f5537
causal_preflight,cora_gcnii16,UNKNOWN,,support_ratio_to_beicsr,0.4752423375184638,ratio,causal two-layer,results_hpca_xorflow/complete_suite/runs/boundary_cora/causal_preflight.csv,c7f719f259d7b27a051779553aa6f487e9726022ba9617d1dd502dc82b1d45ef
causal_preflight,cora_gcnii16,UNKNOWN,,traffic_reduction,0.0728478721145735,fraction,causal two-layer,results_hpca_xorflow/complete_suite/runs/boundary_cora/causal_preflight.csv,c7f719f259d7b27a051779553aa6f487e9726022ba9617d1dd502dc82b1d45ef
causal_preflight,cora_gcnii16,UNKNOWN,,serialized_speedup,1.052,ratio,causal two-layer,results_hpca_xorflow/complete_suite/runs/boundary_cora/causal_preflight.csv,c7f719f259d7b27a051779553aa6f487e9726022ba9617d1dd502dc82b1d45ef
causal_preflight,cora_gcnii16,UNKNOWN,,double_buffered_speedup,1.073668584152904,ratio,causal two-layer,results_hpca_xorflow/complete_suite/runs/boundary_cora/causal_preflight.csv,c7f719f259d7b27a051779553aa6f487e9726022ba9617d1dd502dc82b1d45ef
causal_preflight,cora_gcnii16,UNKNOWN,,xorflow_total_bytes,1292680.0,bytes,causal two-layer,results_hpca_xorflow/complete_suite/runs/boundary_cora/causal_preflight.csv,c7f719f259d7b27a051779553aa6f487e9726022ba9617d1dd502dc82b1d45ef
causal_preflight,cora_gcnii16,UNKNOWN,,beicsr_total_bytes,1394248.0,bytes,causal two-layer,results_hpca_xorflow/complete_suite/runs/boundary_cora/causal_preflight.csv,c7f719f259d7b27a051779553aa6f487e9726022ba9617d1dd502dc82b1d45ef
causal_preflight,cora_gcnii16,UNKNOWN,,support_ratio_to_beicsr,0.4342734490398818,ratio,causal two-layer,results_hpca_xorflow/complete_suite/runs/boundary_cora/causal_preflight.csv,c7f719f259d7b27a051779553aa6f487e9726022ba9617d1dd502dc82b1d45ef
causal_preflight,cora_gcnii16,UNKNOWN,,traffic_reduction,0.0895055324064987,fraction,causal two-layer,results_hpca_xorflow/complete_suite/runs/boundary_cora/causal_preflight.csv,c7f719f259d7b27a051779553aa6f487e9726022ba9617d1dd502dc82b1d45ef
causal_preflight,cora_gcnii16,UNKNOWN,,serialized_speedup,1.0721799056945955,ratio,causal two-layer,results_hpca_xorflow/complete_suite/runs/boundary_cora/causal_preflight.csv,c7f719f259d7b27a051779553aa6f487e9726022ba9617d1dd502dc82b1d45ef
causal_preflight,cora_gcnii16,UNKNOWN,,double_buffered_speedup,1.092185479401441,ratio,causal two-layer,results_hpca_xorflow/complete_suite/runs/boundary_cora/causal_preflight.csv,c7f719f259d7b27a051779553aa6f487e9726022ba9617d1dd502dc82b1d45ef
causal_preflight,cora_gcnii16,UNKNOWN,,xorflow_total_bytes,1298824.0,bytes,causal two-layer,results_hpca_xorflow/complete_suite/runs/boundary_cora/causal_preflight.csv,c7f719f259d7b27a051779553aa6f487e9726022ba9617d1dd502dc82b1d45ef
causal_preflight,cora_gcnii16,UNKNOWN,,beicsr_total_bytes,1426504.0,bytes,causal two-layer,results_hpca_xorflow/complete_suite/runs/boundary_cora/causal_preflight.csv,c7f719f259d7b27a051779553aa6f487e9726022ba9617d1dd502dc82b1d45ef
host,cora_gcnii16,UNKNOWN,,host_speedup,1.0238382862205042,ratio,aggregation+combination+support_io; energy_pending,results_hpca_xorflow/complete_suite/runs/boundary_cora/host_model.csv,2d452885e4321ab7e61c67c64000e0cf251a75ae01428113de89b85df90a119e
host,cora_gcnii16,UNKNOWN,,beicsr_host_cycles,12713.0,cycles,aggregation+combination+support_io; energy_pending,results_hpca_xorflow/complete_suite/runs/boundary_cora/host_model.csv,2d452885e4321ab7e61c67c64000e0cf251a75ae01428113de89b85df90a119e
host,cora_gcnii16,UNKNOWN,,xorflow_host_cycles,12417.0,cycles,aggregation+combination+support_io; energy_pending,results_hpca_xorflow/complete_suite/runs/boundary_cora/host_model.csv,2d452885e4321ab7e61c67c64000e0cf251a75ae01428113de89b85df90a119e
host,cora_gcnii16,UNKNOWN,,combination_scalesim_utilization,78.3022953659593,ratio,aggregation+combination+support_io; energy_pending,results_hpca_xorflow/complete_suite/runs/boundary_cora/host_model.csv,2d452885e4321ab7e61c67c64000e0cf251a75ae01428113de89b85df90a119e
host,cora_gcnii16,UNKNOWN,,host_speedup,1.0327380952380951,ratio,aggregation+combination+support_io; energy_pending,results_hpca_xorflow/complete_suite/runs/boundary_cora/host_model.csv,2d452885e4321ab7e61c67c64000e0cf251a75ae01428113de89b85df90a119e
host,cora_gcnii16,UNKNOWN,,beicsr_host_cycles,12839.0,cycles,aggregation+combination+support_io; energy_pending,results_hpca_xorflow/complete_suite/runs/boundary_cora/host_model.csv,2d452885e4321ab7e61c67c64000e0cf251a75ae01428113de89b85df90a119e
host,cora_gcnii16,UNKNOWN,,xorflow_host_cycles,12432.0,cycles,aggregation+combination+support_io; energy_pending,results_hpca_xorflow/complete_suite/runs/boundary_cora/host_model.csv,2d452885e4321ab7e61c67c64000e0cf251a75ae01428113de89b85df90a119e
host,cora_gcnii16,UNKNOWN,,combination_scalesim_utilization,78.3022953659593,ratio,aggregation+combination+support_io; energy_pending,results_hpca_xorflow/complete_suite/runs/boundary_cora/host_model.csv,2d452885e4321ab7e61c67c64000e0cf251a75ae01428113de89b85df90a119e
causal_preflight,pubmed_gcnii16,UNKNOWN,,support_ratio_to_beicsr,0.372590911396257,ratio,causal two-layer,results_hpca_xorflow/complete_suite/runs/boundary_pubmed/causal_preflight.csv,df03509cff47a0f21bcb21568ed4d278650045881b41e3e92d547443a467c28e
causal_preflight,pubmed_gcnii16,UNKNOWN,,traffic_reduction,0.0630254466858444,fraction,causal two-layer,results_hpca_xorflow/complete_suite/runs/boundary_pubmed/causal_preflight.csv,df03509cff47a0f21bcb21568ed4d278650045881b41e3e92d547443a467c28e
causal_preflight,pubmed_gcnii16,UNKNOWN,,serialized_speedup,1.0506365629447287,ratio,causal two-layer,results_hpca_xorflow/complete_suite/runs/boundary_pubmed/causal_preflight.csv,df03509cff47a0f21bcb21568ed4d278650045881b41e3e92d547443a467c28e
causal_preflight,pubmed_gcnii16,UNKNOWN,,double_buffered_speedup,1.0640398885924078,ratio,causal two-layer,results_hpca_xorflow/complete_suite/runs/boundary_pubmed/causal_preflight.csv,df03509cff47a0f21bcb21568ed4d278650045881b41e3e92d547443a467c28e
causal_preflight,pubmed_gcnii16,UNKNOWN,,xorflow_total_bytes,12512688.0,bytes,causal two-layer,results_hpca_xorflow/complete_suite/runs/boundary_pubmed/causal_preflight.csv,df03509cff47a0f21bcb21568ed4d278650045881b41e3e92d547443a467c28e
causal_preflight,pubmed_gcnii16,UNKNOWN,,beicsr_total_bytes,13354352.0,bytes,causal two-layer,results_hpca_xorflow/complete_suite/runs/boundary_pubmed/causal_preflight.csv,df03509cff47a0f21bcb21568ed4d278650045881b41e3e92d547443a467c28e
causal_preflight,pubmed_gcnii16,UNKNOWN,,support_ratio_to_beicsr,0.35350205406502,ratio,causal two-layer,results_hpca_xorflow/complete_suite/runs/boundary_pubmed/causal_preflight.csv,df03509cff47a0f21bcb21568ed4d278650045881b41e3e92d547443a467c28e
causal_preflight,pubmed_gcnii16,UNKNOWN,,traffic_reduction,0.0579457324868236,fraction,causal two-layer,results_hpca_xorflow/complete_suite/runs/boundary_pubmed/causal_preflight.csv,df03509cff47a0f21bcb21568ed4d278650045881b41e3e92d547443a467c28e
causal_preflight,pubmed_gcnii16,UNKNOWN,,serialized_speedup,1.0459296982692603,ratio,causal two-layer,results_hpca_xorflow/complete_suite/runs/boundary_pubmed/causal_preflight.csv,df03509cff47a0f21bcb21568ed4d278650045881b41e3e92d547443a467c28e
causal_preflight,pubmed_gcnii16,UNKNOWN,,double_buffered_speedup,1.058576189738025,ratio,causal two-layer,results_hpca_xorflow/complete_suite/runs/boundary_pubmed/causal_preflight.csv,df03509cff47a0f21bcb21568ed4d278650045881b41e3e92d547443a467c28e
causal_preflight,pubmed_gcnii16,UNKNOWN,,xorflow_total_bytes,12580464.0,bytes,causal two-layer,results_hpca_xorflow/complete_suite/runs/boundary_pubmed/causal_preflight.csv,df03509cff47a0f21bcb21568ed4d278650045881b41e3e92d547443a467c28e
causal_preflight,pubmed_gcnii16,UNKNOWN,,beicsr_total_bytes,13354288.0,bytes,causal two-layer,results_hpca_xorflow/complete_suite/runs/boundary_pubmed/causal_preflight.csv,df03509cff47a0f21bcb21568ed4d278650045881b41e3e92d547443a467c28e
host,pubmed_gcnii16,UNKNOWN,,host_speedup,1.0292267930217531,ratio,aggregation+combination+support_io; energy_pending,results_hpca_xorflow/complete_suite/runs/boundary_pubmed/host_model.csv,4a69b756f07c34a2d4d70499faefd3ae9fddfbe26502fae8061d48a6959d79fc
host,pubmed_gcnii16,UNKNOWN,,beicsr_host_cycles,95574.0,cycles,aggregation+combination+support_io; energy_pending,results_hpca_xorflow/complete_suite/runs/boundary_pubmed/host_model.csv,4a69b756f07c34a2d4d70499faefd3ae9fddfbe26502fae8061d48a6959d79fc
host,pubmed_gcnii16,UNKNOWN,,xorflow_host_cycles,92860.0,cycles,aggregation+combination+support_io; energy_pending,results_hpca_xorflow/complete_suite/runs/boundary_pubmed/host_model.csv,4a69b756f07c34a2d4d70499faefd3ae9fddfbe26502fae8061d48a6959d79fc
host,pubmed_gcnii16,UNKNOWN,,combination_scalesim_utilization,96.32904281562172,ratio,aggregation+combination+support_io; energy_pending,results_hpca_xorflow/complete_suite/runs/boundary_pubmed/host_model.csv,4a69b756f07c34a2d4d70499faefd3ae9fddfbe26502fae8061d48a6959d79fc
host,pubmed_gcnii16,UNKNOWN,,host_speedup,1.0266176849703532,ratio,aggregation+combination+support_io; energy_pending,results_hpca_xorflow/complete_suite/runs/boundary_pubmed/host_model.csv,4a69b756f07c34a2d4d70499faefd3ae9fddfbe26502fae8061d48a6959d79fc
host,pubmed_gcnii16,UNKNOWN,,beicsr_host_cycles,95574.0,cycles,aggregation+combination+support_io; energy_pending,results_hpca_xorflow/complete_suite/runs/boundary_pubmed/host_model.csv,4a69b756f07c34a2d4d70499faefd3ae9fddfbe26502fae8061d48a6959d79fc
host,pubmed_gcnii16,UNKNOWN,,xorflow_host_cycles,93096.0,cycles,aggregation+combination+support_io; energy_pending,results_hpca_xorflow/complete_suite/runs/boundary_pubmed/host_model.csv,4a69b756f07c34a2d4d70499faefd3ae9fddfbe26502fae8061d48a6959d79fc
host,pubmed_gcnii16,UNKNOWN,,combination_scalesim_utilization,96.32904281562172,ratio,aggregation+combination+support_io; energy_pending,results_hpca_xorflow/complete_suite/runs/boundary_pubmed/host_model.csv,4a69b756f07c34a2d4d70499faefd3ae9fddfbe26502fae8061d48a6959d79fc
causal_preflight,citeseer_deepres8_w128_s7,RECORDED,,support_ratio_to_beicsr,0.8011722272317403,ratio,causal two-layer,results_hpca_xorflow/complete_suite/runs/citeseer/causal_preflight.csv,dc7d67f12851e908349986ac62acfb4b3cc97a71cfacf85db64d8d24de10bbff
causal_preflight,citeseer_deepres8_w128_s7,RECORDED,,traffic_reduction,0.2202441505595117,fraction,causal two-layer,results_hpca_xorflow/complete_suite/runs/citeseer/causal_preflight.csv,dc7d67f12851e908349986ac62acfb4b3cc97a71cfacf85db64d8d24de10bbff
causal_preflight,citeseer_deepres8_w128_s7,RECORDED,,serialized_speedup,1.2129221732745965,ratio,causal two-layer,results_hpca_xorflow/complete_suite/runs/citeseer/causal_preflight.csv,dc7d67f12851e908349986ac62acfb4b3cc97a71cfacf85db64d8d24de10bbff
causal_preflight,citeseer_deepres8_w128_s7,RECORDED,,double_buffered_speedup,1.2685174246898996,ratio,causal two-layer,results_hpca_xorflow/complete_suite/runs/citeseer/causal_preflight.csv,dc7d67f12851e908349986ac62acfb4b3cc97a71cfacf85db64d8d24de10bbff
causal_preflight,citeseer_deepres8_w128_s7,RECORDED,,xorflow_total_bytes,2060352.0,bytes,causal two-layer,results_hpca_xorflow/complete_suite/runs/citeseer/causal_preflight.csv,dc7d67f12851e908349986ac62acfb4b3cc97a71cfacf85db64d8d24de10bbff
causal_preflight,citeseer_deepres8_w128_s7,RECORDED,,beicsr_total_bytes,2642304.0,bytes,causal two-layer,results_hpca_xorflow/complete_suite/runs/citeseer/causal_preflight.csv,dc7d67f12851e908349986ac62acfb4b3cc97a71cfacf85db64d8d24de10bbff
causal_preflight,citeseer_deepres8_w128_s7,RECORDED,,support_ratio_to_beicsr,0.7518952676752496,ratio,causal two-layer,results_hpca_xorflow/complete_suite/runs/citeseer/causal_preflight.csv,dc7d67f12851e908349986ac62acfb4b3cc97a71cfacf85db64d8d24de10bbff
causal_preflight,citeseer_deepres8_w128_s7,RECORDED,,traffic_reduction,0.277624376301894,fraction,causal two-layer,results_hpca_xorflow/complete_suite/runs/citeseer/causal_preflight.csv,dc7d67f12851e908349986ac62acfb4b3cc97a71cfacf85db64d8d24de10bbff
causal_preflight,citeseer_deepres8_w128_s7,RECORDED,,serialized_speedup,1.303471716436028,ratio,causal two-layer,results_hpca_xorflow/complete_suite/runs/citeseer/causal_preflight.csv,dc7d67f12851e908349986ac62acfb4b3cc97a71cfacf85db64d8d24de10bbff
causal_preflight,citeseer_deepres8_w128_s7,RECORDED,,double_buffered_speedup,1.3640752032520325,ratio,causal two-layer,results_hpca_xorflow/complete_suite/runs/citeseer/causal_preflight.csv,dc7d67f12851e908349986ac62acfb4b3cc97a71cfacf85db64d8d24de10bbff
causal_preflight,citeseer_deepres8_w128_s7,RECORDED,,xorflow_total_bytes,1908736.0,bytes,causal two-layer,results_hpca_xorflow/complete_suite/runs/citeseer/causal_preflight.csv,dc7d67f12851e908349986ac62acfb4b3cc97a71cfacf85db64d8d24de10bbff
causal_preflight,citeseer_deepres8_w128_s7,RECORDED,,beicsr_total_bytes,2642304.0,bytes,causal two-layer,results_hpca_xorflow/complete_suite/runs/citeseer/causal_preflight.csv,dc7d67f12851e908349986ac62acfb4b3cc97a71cfacf85db64d8d24de10bbff
host,citeseer_deepres8_w128_s7,RECORDED,,host_speedup,1.1116536266839223,ratio,aggregation+combination+support_io; energy_pending,results_hpca_xorflow/complete_suite/runs/citeseer/host_model.csv,b09f330b889936e11e57d9ef36675c8e6d94f572095d3dd7c02450853477cc73
host,citeseer_deepres8_w128_s7,RECORDED,,beicsr_host_cycles,18897.0,cycles,aggregation+combination+support_io; energy_pending,results_hpca_xorflow/complete_suite/runs/citeseer/host_model.csv,b09f330b889936e11e57d9ef36675c8e6d94f572095d3dd7c02450853477cc73
host,citeseer_deepres8_w128_s7,RECORDED,,xorflow_host_cycles,16999.0,cycles,aggregation+combination+support_io; energy_pending,results_hpca_xorflow/complete_suite/runs/citeseer/host_model.csv,b09f330b889936e11e57d9ef36675c8e6d94f572095d3dd7c02450853477cc73
host,citeseer_deepres8_w128_s7,RECORDED,,combination_scalesim_utilization,81.57862483147444,ratio,aggregation+combination+support_io; energy_pending,results_hpca_xorflow/complete_suite/runs/citeseer/host_model.csv,b09f330b889936e11e57d9ef36675c8e6d94f572095d3dd7c02450853477cc73
host,citeseer_deepres8_w128_s7,RECORDED,,host_speedup,1.1534517487639626,ratio,aggregation+combination+support_io; energy_pending,results_hpca_xorflow/complete_suite/runs/citeseer/host_model.csv,b09f330b889936e11e57d9ef36675c8e6d94f572095d3dd7c02450853477cc73
host,citeseer_deepres8_w128_s7,RECORDED,,beicsr_host_cycles,18897.0,cycles,aggregation+combination+support_io; energy_pending,results_hpca_xorflow/complete_suite/runs/citeseer/host_model.csv,b09f330b889936e11e57d9ef36675c8e6d94f572095d3dd7c02450853477cc73
host,citeseer_deepres8_w128_s7,RECORDED,,xorflow_host_cycles,16383.0,cycles,aggregation+combination+support_io; energy_pending,results_hpca_xorflow/complete_suite/runs/citeseer/host_model.csv,b09f330b889936e11e57d9ef36675c8e6d94f572095d3dd7c02450853477cc73
host,citeseer_deepres8_w128_s7,RECORDED,,combination_scalesim_utilization,81.57862483147444,ratio,aggregation+combination+support_io; energy_pending,results_hpca_xorflow/complete_suite/runs/citeseer/host_model.csv,b09f330b889936e11e57d9ef36675c8e6d94f572095d3dd7c02450853477cc73
causal_preflight,flickr_deepres8_w128_s7,RECORDED,,support_ratio_to_beicsr,0.3756959228135699,ratio,causal two-layer,results_hpca_xorflow/complete_suite/runs/flickr_cache1m/causal_preflight.csv,6ae871aae739597fa739e097adfa7cc6b88cbf33dc0595c8e7a034f22ee15173
causal_preflight,flickr_deepres8_w128_s7,RECORDED,,traffic_reduction,0.0651705091064976,fraction,causal two-layer,results_hpca_xorflow/complete_suite/runs/flickr_cache1m/causal_preflight.csv,6ae871aae739597fa739e097adfa7cc6b88cbf33dc0595c8e7a034f22ee15173
causal_preflight,flickr_deepres8_w128_s7,RECORDED,,serialized_speedup,1.0622394769600365,ratio,causal two-layer,results_hpca_xorflow/complete_suite/runs/flickr_cache1m/causal_preflight.csv,6ae871aae739597fa739e097adfa7cc6b88cbf33dc0595c8e7a034f22ee15173
causal_preflight,flickr_deepres8_w128_s7,RECORDED,,double_buffered_speedup,1.068764588663709,ratio,causal two-layer,results_hpca_xorflow/complete_suite/runs/flickr_cache1m/causal_preflight.csv,6ae871aae739597fa739e097adfa7cc6b88cbf33dc0595c8e7a034f22ee15173
causal_preflight,flickr_deepres8_w128_s7,RECORDED,,xorflow_total_bytes,207060088.0,bytes,causal two-layer,results_hpca_xorflow/complete_suite/runs/flickr_cache1m/causal_preflight.csv,6ae871aae739597fa739e097adfa7cc6b88cbf33dc0595c8e7a034f22ee15173
causal_preflight,flickr_deepres8_w128_s7,RECORDED,,beicsr_total_bytes,221495032.0,bytes,causal two-layer,results_hpca_xorflow/complete_suite/runs/flickr_cache1m/causal_preflight.csv,6ae871aae739597fa739e097adfa7cc6b88cbf33dc0595c8e7a034f22ee15173
causal_preflight,flickr_deepres8_w128_s7,RECORDED,,support_ratio_to_beicsr,0.3852223389355742,ratio,causal two-layer,results_hpca_xorflow/complete_suite/runs/flickr_cache1m/causal_preflight.csv,6ae871aae739597fa739e097adfa7cc6b88cbf33dc0595c8e7a034f22ee15173
causal_preflight,flickr_deepres8_w128_s7,RECORDED,,traffic_reduction,0.0667001867563331,fraction,causal two-layer,results_hpca_xorflow/complete_suite/runs/flickr_cache1m/causal_preflight.csv,6ae871aae739597fa739e097adfa7cc6b88cbf33dc0595c8e7a034f22ee15173
causal_preflight,flickr_deepres8_w128_s7,RECORDED,,serialized_speedup,1.0637557701854834,ratio,causal two-layer,results_hpca_xorflow/complete_suite/runs/flickr_cache1m/causal_preflight.csv,6ae871aae739597fa739e097adfa7cc6b88cbf33dc0595c8e7a034f22ee15173
causal_preflight,flickr_deepres8_w128_s7,RECORDED,,double_buffered_speedup,1.0704930728432491,ratio,causal two-layer,results_hpca_xorflow/complete_suite/runs/flickr_cache1m/causal_preflight.csv,6ae871aae739597fa739e097adfa7cc6b88cbf33dc0595c8e7a034f22ee15173
causal_preflight,flickr_deepres8_w128_s7,RECORDED,,xorflow_total_bytes,206721272.0,bytes,causal two-layer,results_hpca_xorflow/complete_suite/runs/flickr_cache1m/causal_preflight.csv,6ae871aae739597fa739e097adfa7cc6b88cbf33dc0595c8e7a034f22ee15173
causal_preflight,flickr_deepres8_w128_s7,RECORDED,,beicsr_total_bytes,221495032.0,bytes,causal two-layer,results_hpca_xorflow/complete_suite/runs/flickr_cache1m/causal_preflight.csv,6ae871aae739597fa739e097adfa7cc6b88cbf33dc0595c8e7a034f22ee15173
host,flickr_deepres8_w128_s7,RECORDED,,host_speedup,1.0514274168746025,ratio,aggregation+combination+support_io; energy_pending,results_hpca_xorflow/complete_suite/runs/flickr_cache1m/host_model.csv,b1f3c2c4e32fcb0d3d88ebc936654ff94c994c9c0e8af9c618e758c83b67b06d
host,flickr_deepres8_w128_s7,RECORDED,,beicsr_host_cycles,1056387.0,cycles,aggregation+combination+support_io; energy_pending,results_hpca_xorflow/complete_suite/runs/flickr_cache1m/host_model.csv,b1f3c2c4e32fcb0d3d88ebc936654ff94c994c9c0e8af9c618e758c83b67b06d
host,flickr_deepres8_w128_s7,RECORDED,,xorflow_host_cycles,1004717.0,cycles,aggregation+combination+support_io; energy_pending,results_hpca_xorflow/complete_suite/runs/flickr_cache1m/host_model.csv,b1f3c2c4e32fcb0d3d88ebc936654ff94c994c9c0e8af9c618e758c83b67b06d
host,flickr_deepres8_w128_s7,RECORDED,,combination_scalesim_utilization,99.1650695775352,ratio,aggregation+combination+support_io; energy_pending,results_hpca_xorflow/complete_suite/runs/flickr_cache1m/host_model.csv,b1f3c2c4e32fcb0d3d88ebc936654ff94c994c9c0e8af9c618e758c83b67b06d
host,flickr_deepres8_w128_s7,RECORDED,,host_speedup,1.0526899528854663,ratio,aggregation+combination+support_io; energy_pending,results_hpca_xorflow/complete_suite/runs/flickr_cache1m/host_model.csv,b1f3c2c4e32fcb0d3d88ebc936654ff94c994c9c0e8af9c618e758c83b67b06d
host,flickr_deepres8_w128_s7,RECORDED,,beicsr_host_cycles,1056387.0,cycles,aggregation+combination+support_io; energy_pending,results_hpca_xorflow/complete_suite/runs/flickr_cache1m/host_model.csv,b1f3c2c4e32fcb0d3d88ebc936654ff94c994c9c0e8af9c618e758c83b67b06d
host,flickr_deepres8_w128_s7,RECORDED,,xorflow_host_cycles,1003512.0,cycles,aggregation+combination+support_io; energy_pending,results_hpca_xorflow/complete_suite/runs/flickr_cache1m/host_model.csv,b1f3c2c4e32fcb0d3d88ebc936654ff94c994c9c0e8af9c618e758c83b67b06d
host,flickr_deepres8_w128_s7,RECORDED,,combination_scalesim_utilization,99.1650695775352,ratio,aggregation+combination+support_io; energy_pending,results_hpca_xorflow/complete_suite/runs/flickr_cache1m/host_model.csv,b1f3c2c4e32fcb0d3d88ebc936654ff94c994c9c0e8af9c618e758c83b67b06d
causal_preflight,flickr_deepres8_w128_s7,RECORDED,,support_ratio_to_beicsr,0.3756959228135699,ratio,causal two-layer,results_hpca_xorflow/complete_suite/runs/flickr_cache256/causal_preflight.csv,8bcabe4815b3a3c05cd1503b973118c4b652c4c598dc32ef2ee35ba57b663344
causal_preflight,flickr_deepres8_w128_s7,RECORDED,,traffic_reduction,0.0641205892075222,fraction,causal two-layer,results_hpca_xorflow/complete_suite/runs/flickr_cache256/causal_preflight.csv,8bcabe4815b3a3c05cd1503b973118c4b652c4c598dc32ef2ee35ba57b663344
causal_preflight,flickr_deepres8_w128_s7,RECORDED,,serialized_speedup,1.0620428350647877,ratio,causal two-layer,results_hpca_xorflow/complete_suite/runs/flickr_cache256/causal_preflight.csv,8bcabe4815b3a3c05cd1503b973118c4b652c4c598dc32ef2ee35ba57b663344
causal_preflight,flickr_deepres8_w128_s7,RECORDED,,double_buffered_speedup,1.0677046565605357,ratio,causal two-layer,results_hpca_xorflow/complete_suite/runs/flickr_cache256/causal_preflight.csv,8bcabe4815b3a3c05cd1503b973118c4b652c4c598dc32ef2ee35ba57b663344
causal_preflight,flickr_deepres8_w128_s7,RECORDED,,xorflow_total_bytes,239022456.0,bytes,causal two-layer,results_hpca_xorflow/complete_suite/runs/flickr_cache256/causal_preflight.csv,8bcabe4815b3a3c05cd1503b973118c4b652c4c598dc32ef2ee35ba57b663344
causal_preflight,flickr_deepres8_w128_s7,RECORDED,,beicsr_total_bytes,255398776.0,bytes,causal two-layer,results_hpca_xorflow/complete_suite/runs/flickr_cache256/causal_preflight.csv,8bcabe4815b3a3c05cd1503b973118c4b652c4c598dc32ef2ee35ba57b663344
causal_preflight,flickr_deepres8_w128_s7,RECORDED,,support_ratio_to_beicsr,0.3852223389355742,ratio,causal two-layer,results_hpca_xorflow/complete_suite/runs/flickr_cache256/causal_preflight.csv,8bcabe4815b3a3c05cd1503b973118c4b652c4c598dc32ef2ee35ba57b663344
causal_preflight,flickr_deepres8_w128_s7,RECORDED,,traffic_reduction,0.0648545629678351,fraction,causal two-layer,results_hpca_xorflow/complete_suite/runs/flickr_cache256/causal_preflight.csv,8bcabe4815b3a3c05cd1503b973118c4b652c4c598dc32ef2ee35ba57b663344
causal_preflight,flickr_deepres8_w128_s7,RECORDED,,serialized_speedup,1.0626961988513546,ratio,causal two-layer,results_hpca_xorflow/complete_suite/runs/flickr_cache256/causal_preflight.csv,8bcabe4815b3a3c05cd1503b973118c4b652c4c598dc32ef2ee35ba57b663344
causal_preflight,flickr_deepres8_w128_s7,RECORDED,,double_buffered_speedup,1.0685324862542065,ratio,causal two-layer,results_hpca_xorflow/complete_suite/runs/flickr_cache256/causal_preflight.csv,8bcabe4815b3a3c05cd1503b973118c4b652c4c598dc32ef2ee35ba57b663344
causal_preflight,flickr_deepres8_w128_s7,RECORDED,,xorflow_total_bytes,238835000.0,bytes,causal two-layer,results_hpca_xorflow/complete_suite/runs/flickr_cache256/causal_preflight.csv,8bcabe4815b3a3c05cd1503b973118c4b652c4c598dc32ef2ee35ba57b663344
causal_preflight,flickr_deepres8_w128_s7,RECORDED,,beicsr_total_bytes,255398776.0,bytes,causal two-layer,results_hpca_xorflow/complete_suite/runs/flickr_cache256/causal_preflight.csv,8bcabe4815b3a3c05cd1503b973118c4b652c4c598dc32ef2ee35ba57b663344
host,flickr_deepres8_w128_s7,RECORDED,,host_speedup,1.0524571297042238,ratio,aggregation+combination+support_io; energy_pending,results_hpca_xorflow/complete_suite/runs/flickr_cache256/host_model.csv,2ea6ca3e0f80c5a30c6198a798e5bd129f6a5cb13f324595a77a2e4e7cfea17f
host,flickr_deepres8_w128_s7,RECORDED,,beicsr_host_cycles,1188824.0,cycles,aggregation+combination+support_io; energy_pending,results_hpca_xorflow/complete_suite/runs/flickr_cache256/host_model.csv,2ea6ca3e0f80c5a30c6198a798e5bd129f6a5cb13f324595a77a2e4e7cfea17f
host,flickr_deepres8_w128_s7,RECORDED,,xorflow_host_cycles,1129570.0,cycles,aggregation+combination+support_io; energy_pending,results_hpca_xorflow/complete_suite/runs/flickr_cache256/host_model.csv,2ea6ca3e0f80c5a30c6198a798e5bd129f6a5cb13f324595a77a2e4e7cfea17f
host,flickr_deepres8_w128_s7,RECORDED,,combination_scalesim_utilization,99.1650695775352,ratio,aggregation+combination+support_io; energy_pending,results_hpca_xorflow/complete_suite/runs/flickr_cache256/host_model.csv,2ea6ca3e0f80c5a30c6198a798e5bd129f6a5cb13f324595a77a2e4e7cfea17f
host,flickr_deepres8_w128_s7,RECORDED,,host_speedup,1.0530285918772817,ratio,aggregation+combination+support_io; energy_pending,results_hpca_xorflow/complete_suite/runs/flickr_cache256/host_model.csv,2ea6ca3e0f80c5a30c6198a798e5bd129f6a5cb13f324595a77a2e4e7cfea17f
host,flickr_deepres8_w128_s7,RECORDED,,beicsr_host_cycles,1188824.0,cycles,aggregation+combination+support_io; energy_pending,results_hpca_xorflow/complete_suite/runs/flickr_cache256/host_model.csv,2ea6ca3e0f80c5a30c6198a798e5bd129f6a5cb13f324595a77a2e4e7cfea17f
host,flickr_deepres8_w128_s7,RECORDED,,xorflow_host_cycles,1128957.0,cycles,aggregation+combination+support_io; energy_pending,results_hpca_xorflow/complete_suite/runs/flickr_cache256/host_model.csv,2ea6ca3e0f80c5a30c6198a798e5bd129f6a5cb13f324595a77a2e4e7cfea17f
host,flickr_deepres8_w128_s7,RECORDED,,combination_scalesim_utilization,99.1650695775352,ratio,aggregation+combination+support_io; energy_pending,results_hpca_xorflow/complete_suite/runs/flickr_cache256/host_model.csv,2ea6ca3e0f80c5a30c6198a798e5bd129f6a5cb13f324595a77a2e4e7cfea17f
causal_preflight,flickr_deepres8_w128_s7,RECORDED,,support_ratio_to_beicsr,0.3756959228135699,ratio,causal two-layer,results_hpca_xorflow/complete_suite/runs/flickr_order_o1/causal_preflight.csv,beb64b5bfc323ca73d4fa851dd72c2cf2bdc97961a0dd4505d7b627aa916fc14
causal_preflight,flickr_deepres8_w128_s7,RECORDED,,traffic_reduction,0.0641074679591267,fraction,causal two-layer,results_hpca_xorflow/complete_suite/runs/flickr_order_o1/causal_preflight.csv,beb64b5bfc323ca73d4fa851dd72c2cf2bdc97961a0dd4505d7b627aa916fc14
causal_preflight,flickr_deepres8_w128_s7,RECORDED,,serialized_speedup,1.0616492926906729,ratio,causal two-layer,results_hpca_xorflow/complete_suite/runs/flickr_order_o1/causal_preflight.csv,beb64b5bfc323ca73d4fa851dd72c2cf2bdc97961a0dd4505d7b627aa916fc14
causal_preflight,flickr_deepres8_w128_s7,RECORDED,,double_buffered_speedup,1.067641739262958,ratio,causal two-layer,results_hpca_xorflow/complete_suite/runs/flickr_order_o1/causal_preflight.csv,beb64b5bfc323ca73d4fa851dd72c2cf2bdc97961a0dd4505d7b627aa916fc14
causal_preflight,flickr_deepres8_w128_s7,RECORDED,,xorflow_total_bytes,225592440.0,bytes,causal two-layer,results_hpca_xorflow/complete_suite/runs/flickr_order_o1/causal_preflight.csv,beb64b5bfc323ca73d4fa851dd72c2cf2bdc97961a0dd4505d7b627aa916fc14
causal_preflight,flickr_deepres8_w128_s7,RECORDED,,beicsr_total_bytes,241045240.0,bytes,causal two-layer,results_hpca_xorflow/complete_suite/runs/flickr_order_o1/causal_preflight.csv,beb64b5bfc323ca73d4fa851dd72c2cf2bdc97961a0dd4505d7b627aa916fc14
causal_preflight,flickr_deepres8_w128_s7,RECORDED,,support_ratio_to_beicsr,0.3852223389355742,ratio,causal two-layer,results_hpca_xorflow/complete_suite/runs/flickr_order_o1/causal_preflight.csv,beb64b5bfc323ca73d4fa851dd72c2cf2bdc97961a0dd4505d7b627aa916fc14
causal_preflight,flickr_deepres8_w128_s7,RECORDED,,traffic_reduction,0.0653811209879108,fraction,causal two-layer,results_hpca_xorflow/complete_suite/runs/flickr_order_o1/causal_preflight.csv,beb64b5bfc323ca73d4fa851dd72c2cf2bdc97961a0dd4505d7b627aa916fc14
causal_preflight,flickr_deepres8_w128_s7,RECORDED,,serialized_speedup,1.062894092132214,ratio,causal two-layer,results_hpca_xorflow/complete_suite/runs/flickr_order_o1/causal_preflight.csv,beb64b5bfc323ca73d4fa851dd72c2cf2bdc97961a0dd4505d7b627aa916fc14
causal_preflight,flickr_deepres8_w128_s7,RECORDED,,double_buffered_speedup,1.0690781537715768,ratio,causal two-layer,results_hpca_xorflow/complete_suite/runs/flickr_order_o1/causal_preflight.csv,beb64b5bfc323ca73d4fa851dd72c2cf2bdc97961a0dd4505d7b627aa916fc14
causal_preflight,flickr_deepres8_w128_s7,RECORDED,,xorflow_total_bytes,225285432.0,bytes,causal two-layer,results_hpca_xorflow/complete_suite/runs/flickr_order_o1/causal_preflight.csv,beb64b5bfc323ca73d4fa851dd72c2cf2bdc97961a0dd4505d7b627aa916fc14
causal_preflight,flickr_deepres8_w128_s7,RECORDED,,beicsr_total_bytes,241045240.0,bytes,causal two-layer,results_hpca_xorflow/complete_suite/runs/flickr_order_o1/causal_preflight.csv,beb64b5bfc323ca73d4fa851dd72c2cf2bdc97961a0dd4505d7b627aa916fc14
host,flickr_deepres8_w128_s7,RECORDED,,host_speedup,1.0516623665757132,ratio,aggregation+combination+support_io; energy_pending,results_hpca_xorflow/complete_suite/runs/flickr_order_o1/host_model.csv,5a9de3c39cf80da756f0b75eddb6901bd65925e494dcd395055a0423b73bcb82
host,flickr_deepres8_w128_s7,RECORDED,,beicsr_host_cycles,1132755.0,cycles,aggregation+combination+support_io; energy_pending,results_hpca_xorflow/complete_suite/runs/flickr_order_o1/host_model.csv,5a9de3c39cf80da756f0b75eddb6901bd65925e494dcd395055a0423b73bcb82
host,flickr_deepres8_w128_s7,RECORDED,,xorflow_host_cycles,1077109.0,cycles,aggregation+combination+support_io; energy_pending,results_hpca_xorflow/complete_suite/runs/flickr_order_o1/host_model.csv,5a9de3c39cf80da756f0b75eddb6901bd65925e494dcd395055a0423b73bcb82
host,flickr_deepres8_w128_s7,RECORDED,,combination_scalesim_utilization,99.1650695775352,ratio,aggregation+combination+support_io; energy_pending,results_hpca_xorflow/complete_suite/runs/flickr_order_o1/host_model.csv,5a9de3c39cf80da756f0b75eddb6901bd65925e494dcd395055a0423b73bcb82
host,flickr_deepres8_w128_s7,RECORDED,,host_speedup,1.0527179100191535,ratio,aggregation+combination+support_io; energy_pending,results_hpca_xorflow/complete_suite/runs/flickr_order_o1/host_model.csv,5a9de3c39cf80da756f0b75eddb6901bd65925e494dcd395055a0423b73bcb82
host,flickr_deepres8_w128_s7,RECORDED,,beicsr_host_cycles,1132755.0,cycles,aggregation+combination+support_io; energy_pending,results_hpca_xorflow/complete_suite/runs/flickr_order_o1/host_model.csv,5a9de3c39cf80da756f0b75eddb6901bd65925e494dcd395055a0423b73bcb82
host,flickr_deepres8_w128_s7,RECORDED,,xorflow_host_cycles,1076029.0,cycles,aggregation+combination+support_io; energy_pending,results_hpca_xorflow/complete_suite/runs/flickr_order_o1/host_model.csv,5a9de3c39cf80da756f0b75eddb6901bd65925e494dcd395055a0423b73bcb82
host,flickr_deepres8_w128_s7,RECORDED,,combination_scalesim_utilization,99.1650695775352,ratio,aggregation+combination+support_io; energy_pending,results_hpca_xorflow/complete_suite/runs/flickr_order_o1/host_model.csv,5a9de3c39cf80da756f0b75eddb6901bd65925e494dcd395055a0423b73bcb82
causal_preflight,flickr_deepres8_w128_s7,RECORDED,,support_ratio_to_beicsr,0.3240295518207283,ratio,causal two-layer,results_hpca_xorflow/complete_suite/runs/flickr_slice64/causal_preflight.csv,a91ea89942575690488b916b27d8fcd799ea7739901c99786e87e76394ff199b
causal_preflight,flickr_deepres8_w128_s7,RECORDED,,traffic_reduction,-0.0141187774310111,fraction,causal two-layer,results_hpca_xorflow/complete_suite/runs/flickr_slice64/causal_preflight.csv,a91ea89942575690488b916b27d8fcd799ea7739901c99786e87e76394ff199b
causal_preflight,flickr_deepres8_w128_s7,RECORDED,,serialized_speedup,0.9816503345792864,ratio,causal two-layer,results_hpca_xorflow/complete_suite/runs/flickr_slice64/causal_preflight.csv,a91ea89942575690488b916b27d8fcd799ea7739901c99786e87e76394ff199b
causal_preflight,flickr_deepres8_w128_s7,RECORDED,,double_buffered_speedup,0.9863783530858492,ratio,causal two-layer,results_hpca_xorflow/complete_suite/runs/flickr_slice64/causal_preflight.csv,a91ea89942575690488b916b27d8fcd799ea7739901c99786e87e76394ff199b
causal_preflight,flickr_deepres8_w128_s7,RECORDED,,xorflow_total_bytes,259089848.0,bytes,causal two-layer,results_hpca_xorflow/complete_suite/runs/flickr_slice64/causal_preflight.csv,a91ea89942575690488b916b27d8fcd799ea7739901c99786e87e76394ff199b
causal_preflight,flickr_deepres8_w128_s7,RECORDED,,beicsr_total_bytes,255482744.0,bytes,causal two-layer,results_hpca_xorflow/complete_suite/runs/flickr_slice64/causal_preflight.csv,a91ea89942575690488b916b27d8fcd799ea7739901c99786e87e76394ff199b
causal_preflight,flickr_deepres8_w128_s7,RECORDED,,support_ratio_to_beicsr,0.3322018207282913,ratio,causal two-layer,results_hpca_xorflow/complete_suite/runs/flickr_slice64/causal_preflight.csv,a91ea89942575690488b916b27d8fcd799ea7739901c99786e87e76394ff199b
causal_preflight,flickr_deepres8_w128_s7,RECORDED,,traffic_reduction,-0.0144441849270258,fraction,causal two-layer,results_hpca_xorflow/complete_suite/runs/flickr_slice64/causal_preflight.csv,a91ea89942575690488b916b27d8fcd799ea7739901c99786e87e76394ff199b
causal_preflight,flickr_deepres8_w128_s7,RECORDED,,serialized_speedup,0.9812141827438604,ratio,causal two-layer,results_hpca_xorflow/complete_suite/runs/flickr_slice64/causal_preflight.csv,a91ea89942575690488b916b27d8fcd799ea7739901c99786e87e76394ff199b
causal_preflight,flickr_deepres8_w128_s7,RECORDED,,double_buffered_speedup,0.986068533344673,ratio,causal two-layer,results_hpca_xorflow/complete_suite/runs/flickr_slice64/causal_preflight.csv,a91ea89942575690488b916b27d8fcd799ea7739901c99786e87e76394ff199b
causal_preflight,flickr_deepres8_w128_s7,RECORDED,,xorflow_total_bytes,259172984.0,bytes,causal two-layer,results_hpca_xorflow/complete_suite/runs/flickr_slice64/causal_preflight.csv,a91ea89942575690488b916b27d8fcd799ea7739901c99786e87e76394ff199b
causal_preflight,flickr_deepres8_w128_s7,RECORDED,,beicsr_total_bytes,255482744.0,bytes,causal two-layer,results_hpca_xorflow/complete_suite/runs/flickr_slice64/causal_preflight.csv,a91ea89942575690488b916b27d8fcd799ea7739901c99786e87e76394ff199b
host,flickr_deepres8_w128_s7,RECORDED,,host_speedup,0.9828315212126524,ratio,aggregation+combination+support_io; energy_pending,results_hpca_xorflow/complete_suite/runs/flickr_slice64/host_model.csv,3d23b472680c96148866bbc48918ca011994684ec4ff6970ed17dd2ef20567be
host,flickr_deepres8_w128_s7,RECORDED,,beicsr_host_cycles,1065296.0,cycles,aggregation+combination+support_io; energy_pending,results_hpca_xorflow/complete_suite/runs/flickr_slice64/host_model.csv,3d23b472680c96148866bbc48918ca011994684ec4ff6970ed17dd2ef20567be
host,flickr_deepres8_w128_s7,RECORDED,,xorflow_host_cycles,1083905.0,cycles,aggregation+combination+support_io; energy_pending,results_hpca_xorflow/complete_suite/runs/flickr_slice64/host_model.csv,3d23b472680c96148866bbc48918ca011994684ec4ff6970ed17dd2ef20567be
host,flickr_deepres8_w128_s7,RECORDED,,combination_scalesim_utilization,99.16672221851876,ratio,aggregation+combination+support_io; energy_pending,results_hpca_xorflow/complete_suite/runs/flickr_slice64/host_model.csv,3d23b472680c96148866bbc48918ca011994684ec4ff6970ed17dd2ef20567be
host,flickr_deepres8_w128_s7,RECORDED,,host_speedup,0.9824336188515822,ratio,aggregation+combination+support_io; energy_pending,results_hpca_xorflow/complete_suite/runs/flickr_slice64/host_model.csv,3d23b472680c96148866bbc48918ca011994684ec4ff6970ed17dd2ef20567be
host,flickr_deepres8_w128_s7,RECORDED,,beicsr_host_cycles,1065296.0,cycles,aggregation+combination+support_io; energy_pending,results_hpca_xorflow/complete_suite/runs/flickr_slice64/host_model.csv,3d23b472680c96148866bbc48918ca011994684ec4ff6970ed17dd2ef20567be
host,flickr_deepres8_w128_s7,RECORDED,,xorflow_host_cycles,1084344.0,cycles,aggregation+combination+support_io; energy_pending,results_hpca_xorflow/complete_suite/runs/flickr_slice64/host_model.csv,3d23b472680c96148866bbc48918ca011994684ec4ff6970ed17dd2ef20567be
host,flickr_deepres8_w128_s7,RECORDED,,combination_scalesim_utilization,99.16672221851876,ratio,aggregation+combination+support_io; energy_pending,results_hpca_xorflow/complete_suite/runs/flickr_slice64/host_model.csv,3d23b472680c96148866bbc48918ca011994684ec4ff6970ed17dd2ef20567be
causal_preflight,ogbn_arxiv_deepres8_w128_s17,RECORDED,,support_ratio_to_beicsr,0.7227651702297835,ratio,causal two-layer,results_hpca_xorflow/complete_suite/runs/primary_arxiv_s17/causal_preflight.csv,6a85a236cd9d9f015aa76b1797f2b294542b86241669586bf0dcef4808ab5374
causal_preflight,ogbn_arxiv_deepres8_w128_s17,RECORDED,,traffic_reduction,0.1362471921945746,fraction,causal two-layer,results_hpca_xorflow/complete_suite/runs/primary_arxiv_s17/causal_preflight.csv,6a85a236cd9d9f015aa76b1797f2b294542b86241669586bf0dcef4808ab5374
causal_preflight,ogbn_arxiv_deepres8_w128_s17,RECORDED,,serialized_speedup,1.1461466803718114,ratio,causal two-layer,results_hpca_xorflow/complete_suite/runs/primary_arxiv_s17/causal_preflight.csv,6a85a236cd9d9f015aa76b1797f2b294542b86241669586bf0dcef4808ab5374
causal_preflight,ogbn_arxiv_deepres8_w128_s17,RECORDED,,double_buffered_speedup,1.156116282018829,ratio,causal two-layer,results_hpca_xorflow/complete_suite/runs/primary_arxiv_s17/causal_preflight.csv,6a85a236cd9d9f015aa76b1797f2b294542b86241669586bf0dcef4808ab5374
causal_preflight,ogbn_arxiv_deepres8_w128_s17,RECORDED,,xorflow_total_bytes,521480752.0,bytes,causal two-layer,results_hpca_xorflow/complete_suite/runs/primary_arxiv_s17/causal_preflight.csv,6a85a236cd9d9f015aa76b1797f2b294542b86241669586bf0dcef4808ab5374
causal_preflight,ogbn_arxiv_deepres8_w128_s17,RECORDED,,beicsr_total_bytes,603738416.0,bytes,causal two-layer,results_hpca_xorflow/complete_suite/runs/primary_arxiv_s17/causal_preflight.csv,6a85a236cd9d9f015aa76b1797f2b294542b86241669586bf0dcef4808ab5374
causal_preflight,ogbn_arxiv_deepres8_w128_s17,RECORDED,,support_ratio_to_beicsr,0.6623898028787071,ratio,causal two-layer,results_hpca_xorflow/complete_suite/runs/primary_arxiv_s17/causal_preflight.csv,6a85a236cd9d9f015aa76b1797f2b294542b86241669586bf0dcef4808ab5374
causal_preflight,ogbn_arxiv_deepres8_w128_s17,RECORDED,,traffic_reduction,0.272675477239821,fraction,causal two-layer,results_hpca_xorflow/complete_suite/runs/primary_arxiv_s17/causal_preflight.csv,6a85a236cd9d9f015aa76b1797f2b294542b86241669586bf0dcef4808ab5374
causal_preflight,ogbn_arxiv_deepres8_w128_s17,RECORDED,,serialized_speedup,1.3574288572248625,ratio,causal two-layer,results_hpca_xorflow/complete_suite/runs/primary_arxiv_s17/causal_preflight.csv,6a85a236cd9d9f015aa76b1797f2b294542b86241669586bf0dcef4808ab5374
causal_preflight,ogbn_arxiv_deepres8_w128_s17,RECORDED,,double_buffered_speedup,1.3703307090968475,ratio,causal two-layer,results_hpca_xorflow/complete_suite/runs/primary_arxiv_s17/causal_preflight.csv,6a85a236cd9d9f015aa76b1797f2b294542b86241669586bf0dcef4808ab5374
causal_preflight,ogbn_arxiv_deepres8_w128_s17,RECORDED,,xorflow_total_bytes,438996080.0,bytes,causal two-layer,results_hpca_xorflow/complete_suite/runs/primary_arxiv_s17/causal_preflight.csv,6a85a236cd9d9f015aa76b1797f2b294542b86241669586bf0dcef4808ab5374
causal_preflight,ogbn_arxiv_deepres8_w128_s17,RECORDED,,beicsr_total_bytes,603576624.0,bytes,causal two-layer,results_hpca_xorflow/complete_suite/runs/primary_arxiv_s17/causal_preflight.csv,6a85a236cd9d9f015aa76b1797f2b294542b86241669586bf0dcef4808ab5374
host,ogbn_arxiv_deepres8_w128_s17,RECORDED,,host_speedup,1.125892633152923,ratio,aggregation+combination+support_io; energy_pending,results_hpca_xorflow/complete_suite/runs/primary_arxiv_s17/host_model.csv,15fe9bde05a71005212db3eb6d66b1f0fa4c66e33e5dae659ff424f7e3698197
host,ogbn_arxiv_deepres8_w128_s17,RECORDED,,beicsr_host_cycles,2719713.0,cycles,aggregation+combination+support_io; energy_pending,results_hpca_xorflow/complete_suite/runs/primary_arxiv_s17/host_model.csv,15fe9bde05a71005212db3eb6d66b1f0fa4c66e33e5dae659ff424f7e3698197
host,ogbn_arxiv_deepres8_w128_s17,RECORDED,,xorflow_host_cycles,2415606.0,cycles,aggregation+combination+support_io; energy_pending,results_hpca_xorflow/complete_suite/runs/primary_arxiv_s17/host_model.csv,15fe9bde05a71005212db3eb6d66b1f0fa4c66e33e5dae659ff424f7e3698197
host,ogbn_arxiv_deepres8_w128_s17,RECORDED,,combination_scalesim_utilization,99.55818937008917,ratio,aggregation+combination+support_io; energy_pending,results_hpca_xorflow/complete_suite/runs/primary_arxiv_s17/host_model.csv,15fe9bde05a71005212db3eb6d66b1f0fa4c66e33e5dae659ff424f7e3698197
host,ogbn_arxiv_deepres8_w128_s17,RECORDED,,host_speedup,1.299774900416499,ratio,aggregation+combination+support_io; energy_pending,results_hpca_xorflow/complete_suite/runs/primary_arxiv_s17/host_model.csv,15fe9bde05a71005212db3eb6d66b1f0fa4c66e33e5dae659ff424f7e3698197
host,ogbn_arxiv_deepres8_w128_s17,RECORDED,,beicsr_host_cycles,2719081.0,cycles,aggregation+combination+support_io; energy_pending,results_hpca_xorflow/complete_suite/runs/primary_arxiv_s17/host_model.csv,15fe9bde05a71005212db3eb6d66b1f0fa4c66e33e5dae659ff424f7e3698197
host,ogbn_arxiv_deepres8_w128_s17,RECORDED,,xorflow_host_cycles,2091963.0,cycles,aggregation+combination+support_io; energy_pending,results_hpca_xorflow/complete_suite/runs/primary_arxiv_s17/host_model.csv,15fe9bde05a71005212db3eb6d66b1f0fa4c66e33e5dae659ff424f7e3698197
host,ogbn_arxiv_deepres8_w128_s17,RECORDED,,combination_scalesim_utilization,99.55818937008917,ratio,aggregation+combination+support_io; energy_pending,results_hpca_xorflow/complete_suite/runs/primary_arxiv_s17/host_model.csv,15fe9bde05a71005212db3eb6d66b1f0fa4c66e33e5dae659ff424f7e3698197
causal_preflight,ogbn_arxiv_deepres8_w128_s27,RECORDED,,support_ratio_to_beicsr,0.7204194626028566,ratio,causal two-layer,results_hpca_xorflow/complete_suite/runs/primary_arxiv_s27/causal_preflight.csv,5355807721c464cc67923505794fce4288717477383ab89627d27f2bb88c0726
causal_preflight,ogbn_arxiv_deepres8_w128_s27,RECORDED,,traffic_reduction,0.1825548082854535,fraction,causal two-layer,results_hpca_xorflow/complete_suite/runs/primary_arxiv_s27/causal_preflight.csv,5355807721c464cc67923505794fce4288717477383ab89627d27f2bb88c0726
causal_preflight,ogbn_arxiv_deepres8_w128_s27,RECORDED,,serialized_speedup,1.20983388515135,ratio,causal two-layer,results_hpca_xorflow/complete_suite/runs/primary_arxiv_s27/causal_preflight.csv,5355807721c464cc67923505794fce4288717477383ab89627d27f2bb88c0726
causal_preflight,ogbn_arxiv_deepres8_w128_s27,RECORDED,,double_buffered_speedup,1.2208980158111202,ratio,causal two-layer,results_hpca_xorflow/complete_suite/runs/primary_arxiv_s27/causal_preflight.csv,5355807721c464cc67923505794fce4288717477383ab89627d27f2bb88c0726
causal_preflight,ogbn_arxiv_deepres8_w128_s27,RECORDED,,xorflow_total_bytes,493526832.0,bytes,causal two-layer,results_hpca_xorflow/complete_suite/runs/primary_arxiv_s27/causal_preflight.csv,5355807721c464cc67923505794fce4288717477383ab89627d27f2bb88c0726
causal_preflight,ogbn_arxiv_deepres8_w128_s27,RECORDED,,beicsr_total_bytes,603743024.0,bytes,causal two-layer,results_hpca_xorflow/complete_suite/runs/primary_arxiv_s27/causal_preflight.csv,5355807721c464cc67923505794fce4288717477383ab89627d27f2bb88c0726
causal_preflight,ogbn_arxiv_deepres8_w128_s27,RECORDED,,support_ratio_to_beicsr,0.6613191618982381,ratio,causal two-layer,results_hpca_xorflow/complete_suite/runs/primary_arxiv_s27/causal_preflight.csv,5355807721c464cc67923505794fce4288717477383ab89627d27f2bb88c0726
causal_preflight,ogbn_arxiv_deepres8_w128_s27,RECORDED,,traffic_reduction,0.2934205547925712,fraction,causal two-layer,results_hpca_xorflow/complete_suite/runs/primary_arxiv_s27/causal_preflight.csv,5355807721c464cc67923505794fce4288717477383ab89627d27f2bb88c0726
causal_preflight,ogbn_arxiv_deepres8_w128_s27,RECORDED,,serialized_speedup,1.3964269387434134,ratio,causal two-layer,results_hpca_xorflow/complete_suite/runs/primary_arxiv_s27/causal_preflight.csv,5355807721c464cc67923505794fce4288717477383ab89627d27f2bb88c0726
causal_preflight,ogbn_arxiv_deepres8_w128_s27,RECORDED,,double_buffered_speedup,1.4100597669763455,ratio,causal two-layer,results_hpca_xorflow/complete_suite/runs/primary_arxiv_s27/causal_preflight.csv,5355807721c464cc67923505794fce4288717477383ab89627d27f2bb88c0726
causal_preflight,ogbn_arxiv_deepres8_w128_s27,RECORDED,,xorflow_total_bytes,426594672.0,bytes,causal two-layer,results_hpca_xorflow/complete_suite/runs/primary_arxiv_s27/causal_preflight.csv,5355807721c464cc67923505794fce4288717477383ab89627d27f2bb88c0726
causal_preflight,ogbn_arxiv_deepres8_w128_s27,RECORDED,,beicsr_total_bytes,603746224.0,bytes,causal two-layer,results_hpca_xorflow/complete_suite/runs/primary_arxiv_s27/causal_preflight.csv,5355807721c464cc67923505794fce4288717477383ab89627d27f2bb88c0726
host,ogbn_arxiv_deepres8_w128_s27,RECORDED,,host_speedup,1.1792334657934274,ratio,aggregation+combination+support_io; energy_pending,results_hpca_xorflow/complete_suite/runs/primary_arxiv_s27/host_model.csv,af29586f5004d9116b6177cfab0531b17ce74e0eded5bbb7677e351ec767ca51
host,ogbn_arxiv_deepres8_w128_s27,RECORDED,,beicsr_host_cycles,2719731.0,cycles,aggregation+combination+support_io; energy_pending,results_hpca_xorflow/complete_suite/runs/primary_arxiv_s27/host_model.csv,af29586f5004d9116b6177cfab0531b17ce74e0eded5bbb7677e351ec767ca51
host,ogbn_arxiv_deepres8_w128_s27,RECORDED,,xorflow_host_cycles,2306355.0,cycles,aggregation+combination+support_io; energy_pending,results_hpca_xorflow/complete_suite/runs/primary_arxiv_s27/host_model.csv,af29586f5004d9116b6177cfab0531b17ce74e0eded5bbb7677e351ec767ca51
host,ogbn_arxiv_deepres8_w128_s27,RECORDED,,combination_scalesim_utilization,99.55818937008917,ratio,aggregation+combination+support_io; energy_pending,results_hpca_xorflow/complete_suite/runs/primary_arxiv_s27/host_model.csv,af29586f5004d9116b6177cfab0531b17ce74e0eded5bbb7677e351ec767ca51
host,ogbn_arxiv_deepres8_w128_s27,RECORDED,,host_speedup,1.3309278128538669,ratio,aggregation+combination+support_io; energy_pending,results_hpca_xorflow/complete_suite/runs/primary_arxiv_s27/host_model.csv,af29586f5004d9116b6177cfab0531b17ce74e0eded5bbb7677e351ec767ca51
host,ogbn_arxiv_deepres8_w128_s27,RECORDED,,beicsr_host_cycles,2719743.0,cycles,aggregation+combination+support_io; energy_pending,results_hpca_xorflow/complete_suite/runs/primary_arxiv_s27/host_model.csv,af29586f5004d9116b6177cfab0531b17ce74e0eded5bbb7677e351ec767ca51
host,ogbn_arxiv_deepres8_w128_s27,RECORDED,,xorflow_host_cycles,2043494.0,cycles,aggregation+combination+support_io; energy_pending,results_hpca_xorflow/complete_suite/runs/primary_arxiv_s27/host_model.csv,af29586f5004d9116b6177cfab0531b17ce74e0eded5bbb7677e351ec767ca51
host,ogbn_arxiv_deepres8_w128_s27,RECORDED,,combination_scalesim_utilization,99.55818937008917,ratio,aggregation+combination+support_io; energy_pending,results_hpca_xorflow/complete_suite/runs/primary_arxiv_s27/host_model.csv,af29586f5004d9116b6177cfab0531b17ce74e0eded5bbb7677e351ec767ca51
causal_preflight,flickr_deepres8_w128_s7,RECORDED,,support_ratio_to_beicsr,0.3756959228135699,ratio,causal two-layer,results_hpca_xorflow/complete_suite/runs/primary_flickr/causal_preflight.csv,7155f272a2f40e3c70db80aa8e7ad3c92aa1c2ec95f4a5536beeb30891d30e8c
causal_preflight,flickr_deepres8_w128_s7,RECORDED,,traffic_reduction,0.064332103488864,fraction,causal two-layer,results_hpca_xorflow/complete_suite/runs/primary_flickr/causal_preflight.csv,7155f272a2f40e3c70db80aa8e7ad3c92aa1c2ec95f4a5536beeb30891d30e8c
causal_preflight,flickr_deepres8_w128_s7,RECORDED,,serialized_speedup,1.0618981627554098,ratio,causal two-layer,results_hpca_xorflow/complete_suite/runs/primary_flickr/causal_preflight.csv,7155f272a2f40e3c70db80aa8e7ad3c92aa1c2ec95f4a5536beeb30891d30e8c
causal_preflight,flickr_deepres8_w128_s7,RECORDED,,double_buffered_speedup,1.0678951994833523,ratio,causal two-layer,results_hpca_xorflow/complete_suite/runs/primary_flickr/causal_preflight.csv,7155f272a2f40e3c70db80aa8e7ad3c92aa1c2ec95f4a5536beeb30891d30e8c
causal_preflight,flickr_deepres8_w128_s7,RECORDED,,xorflow_total_bytes,225471224.0,bytes,causal two-layer,results_hpca_xorflow/complete_suite/runs/primary_flickr/causal_preflight.csv,7155f272a2f40e3c70db80aa8e7ad3c92aa1c2ec95f4a5536beeb30891d30e8c
causal_preflight,flickr_deepres8_w128_s7,RECORDED,,beicsr_total_bytes,240973560.0,bytes,causal two-layer,results_hpca_xorflow/complete_suite/runs/primary_flickr/causal_preflight.csv,7155f272a2f40e3c70db80aa8e7ad3c92aa1c2ec95f4a5536beeb30891d30e8c
causal_preflight,flickr_deepres8_w128_s7,RECORDED,,support_ratio_to_beicsr,0.3852223389355742,ratio,causal two-layer,results_hpca_xorflow/complete_suite/runs/primary_flickr/causal_preflight.csv,7155f272a2f40e3c70db80aa8e7ad3c92aa1c2ec95f4a5536beeb30891d30e8c
causal_preflight,flickr_deepres8_w128_s7,RECORDED,,traffic_reduction,0.0656093224501476,fraction,causal two-layer,results_hpca_xorflow/complete_suite/runs/primary_flickr/causal_preflight.csv,7155f272a2f40e3c70db80aa8e7ad3c92aa1c2ec95f4a5536beeb30891d30e8c
causal_preflight,flickr_deepres8_w128_s7,RECORDED,,serialized_speedup,1.0631474728397663,ratio,causal two-layer,results_hpca_xorflow/complete_suite/runs/primary_flickr/causal_preflight.csv,7155f272a2f40e3c70db80aa8e7ad3c92aa1c2ec95f4a5536beeb30891d30e8c
causal_preflight,flickr_deepres8_w128_s7,RECORDED,,double_buffered_speedup,1.0693363212387532,ratio,causal two-layer,results_hpca_xorflow/complete_suite/runs/primary_flickr/causal_preflight.csv,7155f272a2f40e3c70db80aa8e7ad3c92aa1c2ec95f4a5536beeb30891d30e8c
causal_preflight,flickr_deepres8_w128_s7,RECORDED,,xorflow_total_bytes,225163448.0,bytes,causal two-layer,results_hpca_xorflow/complete_suite/runs/primary_flickr/causal_preflight.csv,7155f272a2f40e3c70db80aa8e7ad3c92aa1c2ec95f4a5536beeb30891d30e8c
causal_preflight,flickr_deepres8_w128_s7,RECORDED,,beicsr_total_bytes,240973560.0,bytes,causal two-layer,results_hpca_xorflow/complete_suite/runs/primary_flickr/causal_preflight.csv,7155f272a2f40e3c70db80aa8e7ad3c92aa1c2ec95f4a5536beeb30891d30e8c
host,flickr_deepres8_w128_s7,RECORDED,,host_speedup,1.051865302539858,ratio,aggregation+combination+support_io; energy_pending,results_hpca_xorflow/complete_suite/runs/primary_flickr/host_model.csv,b842c3064112baedbba84c06088f73379033a3816e3d7dd4f64ede270c25639d
host,flickr_deepres8_w128_s7,RECORDED,,beicsr_host_cycles,1132475.0,cycles,aggregation+combination+support_io; energy_pending,results_hpca_xorflow/complete_suite/runs/primary_flickr/host_model.csv,b842c3064112baedbba84c06088f73379033a3816e3d7dd4f64ede270c25639d
host,flickr_deepres8_w128_s7,RECORDED,,xorflow_host_cycles,1076635.0,cycles,aggregation+combination+support_io; energy_pending,results_hpca_xorflow/complete_suite/runs/primary_flickr/host_model.csv,b842c3064112baedbba84c06088f73379033a3816e3d7dd4f64ede270c25639d
host,flickr_deepres8_w128_s7,RECORDED,,combination_scalesim_utilization,99.1650695775352,ratio,aggregation+combination+support_io; energy_pending,results_hpca_xorflow/complete_suite/runs/primary_flickr/host_model.csv,b842c3064112baedbba84c06088f73379033a3816e3d7dd4f64ede270c25639d
host,flickr_deepres8_w128_s7,RECORDED,,host_speedup,1.0529244518163696,ratio,aggregation+combination+support_io; energy_pending,results_hpca_xorflow/complete_suite/runs/primary_flickr/host_model.csv,b842c3064112baedbba84c06088f73379033a3816e3d7dd4f64ede270c25639d
host,flickr_deepres8_w128_s7,RECORDED,,beicsr_host_cycles,1132475.0,cycles,aggregation+combination+support_io; energy_pending,results_hpca_xorflow/complete_suite/runs/primary_flickr/host_model.csv,b842c3064112baedbba84c06088f73379033a3816e3d7dd4f64ede270c25639d
host,flickr_deepres8_w128_s7,RECORDED,,xorflow_host_cycles,1075552.0,cycles,aggregation+combination+support_io; energy_pending,results_hpca_xorflow/complete_suite/runs/primary_flickr/host_model.csv,b842c3064112baedbba84c06088f73379033a3816e3d7dd4f64ede270c25639d
host,flickr_deepres8_w128_s7,RECORDED,,combination_scalesim_utilization,99.1650695775352,ratio,aggregation+combination+support_io; energy_pending,results_hpca_xorflow/complete_suite/runs/primary_flickr/host_model.csv,b842c3064112baedbba84c06088f73379033a3816e3d7dd4f64ede270c25639d
causal_preflight,reddit_deepres8_w128_s7_native,RECORDED,,support_ratio_to_beicsr,0.6749583419779318,ratio,causal two-layer,results_hpca_xorflow/complete_suite/runs/primary_reddit/causal_preflight.csv,75ebf0d244b708ecbc6a34e9b93ac37e314113917533f2ca4a22b117ff8c3305
causal_preflight,reddit_deepres8_w128_s7_native,RECORDED,,traffic_reduction,0.3685841332711445,fraction,causal two-layer,results_hpca_xorflow/complete_suite/runs/primary_reddit/causal_preflight.csv,75ebf0d244b708ecbc6a34e9b93ac37e314113917533f2ca4a22b117ff8c3305
causal_preflight,reddit_deepres8_w128_s7_native,RECORDED,,serialized_speedup,1.5829866376002637,ratio,causal two-layer,results_hpca_xorflow/complete_suite/runs/primary_reddit/causal_preflight.csv,75ebf0d244b708ecbc6a34e9b93ac37e314113917533f2ca4a22b117ff8c3305
causal_preflight,reddit_deepres8_w128_s7_native,RECORDED,,double_buffered_speedup,1.5835021076533409,ratio,causal two-layer,results_hpca_xorflow/complete_suite/runs/primary_reddit/causal_preflight.csv,75ebf0d244b708ecbc6a34e9b93ac37e314113917533f2ca4a22b117ff8c3305
causal_preflight,reddit_deepres8_w128_s7_native,RECORDED,,xorflow_total_bytes,18112078800.0,bytes,causal two-layer,results_hpca_xorflow/complete_suite/runs/primary_reddit/causal_preflight.csv,75ebf0d244b708ecbc6a34e9b93ac37e314113917533f2ca4a22b117ff8c3305
causal_preflight,reddit_deepres8_w128_s7_native,RECORDED,,beicsr_total_bytes,28684864848.0,bytes,causal two-layer,results_hpca_xorflow/complete_suite/runs/primary_reddit/causal_preflight.csv,75ebf0d244b708ecbc6a34e9b93ac37e314113917533f2ca4a22b117ff8c3305
causal_preflight,reddit_deepres8_w128_s7_native,RECORDED,,support_ratio_to_beicsr,0.592914738026933,ratio,causal two-layer,results_hpca_xorflow/complete_suite/runs/primary_reddit/causal_preflight.csv,75ebf0d244b708ecbc6a34e9b93ac37e314113917533f2ca4a22b117ff8c3305
causal_preflight,reddit_deepres8_w128_s7_native,RECORDED,,traffic_reduction,0.4500651586517129,fraction,causal two-layer,results_hpca_xorflow/complete_suite/runs/primary_reddit/causal_preflight.csv,75ebf0d244b708ecbc6a34e9b93ac37e314113917533f2ca4a22b117ff8c3305
causal_preflight,reddit_deepres8_w128_s7_native,RECORDED,,serialized_speedup,1.8173877820717304,ratio,causal two-layer,results_hpca_xorflow/complete_suite/runs/primary_reddit/causal_preflight.csv,75ebf0d244b708ecbc6a34e9b93ac37e314113917533f2ca4a22b117ff8c3305
causal_preflight,reddit_deepres8_w128_s7_native,RECORDED,,double_buffered_speedup,1.8180013907231465,ratio,causal two-layer,results_hpca_xorflow/complete_suite/runs/primary_reddit/causal_preflight.csv,75ebf0d244b708ecbc6a34e9b93ac37e314113917533f2ca4a22b117ff8c3305
causal_preflight,reddit_deepres8_w128_s7_native,RECORDED,,xorflow_total_bytes,15405671504.0,bytes,causal two-layer,results_hpca_xorflow/complete_suite/runs/primary_reddit/causal_preflight.csv,75ebf0d244b708ecbc6a34e9b93ac37e314113917533f2ca4a22b117ff8c3305
causal_preflight,reddit_deepres8_w128_s7_native,RECORDED,,beicsr_total_bytes,28013630608.0,bytes,causal two-layer,results_hpca_xorflow/complete_suite/runs/primary_reddit/causal_preflight.csv,75ebf0d244b708ecbc6a34e9b93ac37e314113917533f2ca4a22b117ff8c3305
host,reddit_deepres8_w128_s7_native,RECORDED,,host_speedup,1.5791837124765402,ratio,aggregation+combination+support_io; energy_pending,results_hpca_xorflow/complete_suite/runs/primary_reddit/host_model.csv,88b52c18555945f283c306bd326e499696d0a2283ab941f2e2145adea84c6e99
host,reddit_deepres8_w128_s7_native,RECORDED,,beicsr_host_cycles,112546814.0,cycles,aggregation+combination+support_io; energy_pending,results_hpca_xorflow/complete_suite/runs/primary_reddit/host_model.csv,88b52c18555945f283c306bd326e499696d0a2283ab941f2e2145adea84c6e99
host,reddit_deepres8_w128_s7_native,RECORDED,,xorflow_host_cycles,71268981.0,cycles,aggregation+combination+support_io; energy_pending,results_hpca_xorflow/complete_suite/runs/primary_reddit/host_model.csv,88b52c18555945f283c306bd326e499696d0a2283ab941f2e2145adea84c6e99
host,reddit_deepres8_w128_s7_native,RECORDED,,combination_scalesim_utilization,99.67846071893872,ratio,aggregation+combination+support_io; energy_pending,results_hpca_xorflow/complete_suite/runs/primary_reddit/host_model.csv,88b52c18555945f283c306bd326e499696d0a2283ab941f2e2145adea84c6e99
host,reddit_deepres8_w128_s7_native,RECORDED,,host_speedup,1.8111196932698392,ratio,aggregation+combination+support_io; energy_pending,results_hpca_xorflow/complete_suite/runs/primary_reddit/host_model.csv,88b52c18555945f283c306bd326e499696d0a2283ab941f2e2145adea84c6e99
host,reddit_deepres8_w128_s7_native,RECORDED,,beicsr_host_cycles,109924805.0,cycles,aggregation+combination+support_io; energy_pending,results_hpca_xorflow/complete_suite/runs/primary_reddit/host_model.csv,88b52c18555945f283c306bd326e499696d0a2283ab941f2e2145adea84c6e99
host,reddit_deepres8_w128_s7_native,RECORDED,,xorflow_host_cycles,60694390.0,cycles,aggregation+combination+support_io; energy_pending,results_hpca_xorflow/complete_suite/runs/primary_reddit/host_model.csv,88b52c18555945f283c306bd326e499696d0a2283ab941f2e2145adea84c6e99
host,reddit_deepres8_w128_s7_native,RECORDED,,combination_scalesim_utilization,99.67846071893872,ratio,aggregation+combination+support_io; energy_pending,results_hpca_xorflow/complete_suite/runs/primary_reddit/host_model.csv,88b52c18555945f283c306bd326e499696d0a2283ab941f2e2145adea84c6e99
causal_preflight,yelp_deepres8_w128_s7_balanced_fallback,RECORDED,,support_ratio_to_beicsr,0.484098109886458,ratio,causal two-layer,results_hpca_xorflow/complete_suite/runs/primary_yelp_borderline/causal_preflight.csv,6e6aa9f1b9f1fc12747ecd505484950fd427e0864ef89490fbb17bf536e9a111
causal_preflight,yelp_deepres8_w128_s7_balanced_fallback,RECORDED,,traffic_reduction,0.0745404334333373,fraction,causal two-layer,results_hpca_xorflow/complete_suite/runs/primary_yelp_borderline/causal_preflight.csv,6e6aa9f1b9f1fc12747ecd505484950fd427e0864ef89490fbb17bf536e9a111
causal_preflight,yelp_deepres8_w128_s7_balanced_fallback,RECORDED,,serialized_speedup,1.0761088233357168,ratio,causal two-layer,results_hpca_xorflow/complete_suite/runs/primary_yelp_borderline/causal_preflight.csv,6e6aa9f1b9f1fc12747ecd505484950fd427e0864ef89490fbb17bf536e9a111
causal_preflight,yelp_deepres8_w128_s7_balanced_fallback,RECORDED,,double_buffered_speedup,1.0800229449948575,ratio,causal two-layer,results_hpca_xorflow/complete_suite/runs/primary_yelp_borderline/causal_preflight.csv,6e6aa9f1b9f1fc12747ecd505484950fd427e0864ef89490fbb17bf536e9a111
causal_preflight,yelp_deepres8_w128_s7_balanced_fallback,RECORDED,,xorflow_total_bytes,3521007576.0,bytes,causal two-layer,results_hpca_xorflow/complete_suite/runs/primary_yelp_borderline/causal_preflight.csv,6e6aa9f1b9f1fc12747ecd505484950fd427e0864ef89490fbb17bf536e9a111
causal_preflight,yelp_deepres8_w128_s7_balanced_fallback,RECORDED,,beicsr_total_bytes,3804604440.0,bytes,causal two-layer,results_hpca_xorflow/complete_suite/runs/primary_yelp_borderline/causal_preflight.csv,6e6aa9f1b9f1fc12747ecd505484950fd427e0864ef89490fbb17bf536e9a111
causal_preflight,yelp_deepres8_w128_s7_balanced_fallback,RECORDED,,support_ratio_to_beicsr,0.4847178618852961,ratio,causal two-layer,results_hpca_xorflow/complete_suite/runs/primary_yelp_borderline/causal_preflight.csv,6e6aa9f1b9f1fc12747ecd505484950fd427e0864ef89490fbb17bf536e9a111
causal_preflight,yelp_deepres8_w128_s7_balanced_fallback,RECORDED,,traffic_reduction,0.0880252574415992,fraction,causal two-layer,results_hpca_xorflow/complete_suite/runs/primary_yelp_borderline/causal_preflight.csv,6e6aa9f1b9f1fc12747ecd505484950fd427e0864ef89490fbb17bf536e9a111
causal_preflight,yelp_deepres8_w128_s7_balanced_fallback,RECORDED,,serialized_speedup,1.0918471929553746,ratio,causal two-layer,results_hpca_xorflow/complete_suite/runs/primary_yelp_borderline/causal_preflight.csv,6e6aa9f1b9f1fc12747ecd505484950fd427e0864ef89490fbb17bf536e9a111
causal_preflight,yelp_deepres8_w128_s7_balanced_fallback,RECORDED,,double_buffered_speedup,1.0958876530356028,ratio,causal two-layer,results_hpca_xorflow/complete_suite/runs/primary_yelp_borderline/causal_preflight.csv,6e6aa9f1b9f1fc12747ecd505484950fd427e0864ef89490fbb17bf536e9a111
causal_preflight,yelp_deepres8_w128_s7_balanced_fallback,RECORDED,,xorflow_total_bytes,3470020376.0,bytes,causal two-layer,results_hpca_xorflow/complete_suite/runs/primary_yelp_borderline/causal_preflight.csv,6e6aa9f1b9f1fc12747ecd505484950fd427e0864ef89490fbb17bf536e9a111
causal_preflight,yelp_deepres8_w128_s7_balanced_fallback,RECORDED,,beicsr_total_bytes,3804952280.0,bytes,causal two-layer,results_hpca_xorflow/complete_suite/runs/primary_yelp_borderline/causal_preflight.csv,6e6aa9f1b9f1fc12747ecd505484950fd427e0864ef89490fbb17bf536e9a111
host,yelp_deepres8_w128_s7_balanced_fallback,RECORDED,,host_speedup,1.069091312879782,ratio,aggregation+combination+support_io; energy_pending,results_hpca_xorflow/complete_suite/runs/primary_yelp_borderline/host_model.csv,d010d6d5bcafb83ef4ace2fce46ef966046db42643531c50d697234896dfea63
host,yelp_deepres8_w128_s7_balanced_fallback,RECORDED,,beicsr_host_cycles,16386542.0,cycles,aggregation+combination+support_io; energy_pending,results_hpca_xorflow/complete_suite/runs/primary_yelp_borderline/host_model.csv,d010d6d5bcafb83ef4ace2fce46ef966046db42643531c50d697234896dfea63
host,yelp_deepres8_w128_s7_balanced_fallback,RECORDED,,xorflow_host_cycles,15327542.0,cycles,aggregation+combination+support_io; energy_pending,results_hpca_xorflow/complete_suite/runs/primary_yelp_borderline/host_model.csv,d010d6d5bcafb83ef4ace2fce46ef966046db42643531c50d697234896dfea63
host,yelp_deepres8_w128_s7_balanced_fallback,RECORDED,,combination_scalesim_utilization,99.89527584676412,ratio,aggregation+combination+support_io; energy_pending,results_hpca_xorflow/complete_suite/runs/primary_yelp_borderline/host_model.csv,d010d6d5bcafb83ef4ace2fce46ef966046db42643531c50d697234896dfea63
host,yelp_deepres8_w128_s7_balanced_fallback,RECORDED,,host_speedup,1.0832514345831916,ratio,aggregation+combination+support_io; energy_pending,results_hpca_xorflow/complete_suite/runs/primary_yelp_borderline/host_model.csv,d010d6d5bcafb83ef4ace2fce46ef966046db42643531c50d697234896dfea63
host,yelp_deepres8_w128_s7_balanced_fallback,RECORDED,,beicsr_host_cycles,16387900.0,cycles,aggregation+combination+support_io; energy_pending,results_hpca_xorflow/complete_suite/runs/primary_yelp_borderline/host_model.csv,d010d6d5bcafb83ef4ace2fce46ef966046db42643531c50d697234896dfea63
host,yelp_deepres8_w128_s7_balanced_fallback,RECORDED,,xorflow_host_cycles,15128436.0,cycles,aggregation+combination+support_io; energy_pending,results_hpca_xorflow/complete_suite/runs/primary_yelp_borderline/host_model.csv,d010d6d5bcafb83ef4ace2fce46ef966046db42643531c50d697234896dfea63
host,yelp_deepres8_w128_s7_balanced_fallback,RECORDED,,combination_scalesim_utilization,99.89527584676412,ratio,aggregation+combination+support_io; energy_pending,results_hpca_xorflow/complete_suite/runs/primary_yelp_borderline/host_model.csv,d010d6d5bcafb83ef4ace2fce46ef966046db42643531c50d697234896dfea63
causal_preflight,reddit_deepres8_w128_s7_native,RECORDED,,support_ratio_to_beicsr,0.6749583419779318,ratio,causal two-layer,results_hpca_xorflow/complete_suite/runs/reddit_bw1024/causal_preflight.csv,75ebf0d244b708ecbc6a34e9b93ac37e314113917533f2ca4a22b117ff8c3305
causal_preflight,reddit_deepres8_w128_s7_native,RECORDED,,traffic_reduction,0.3685841332711445,fraction,causal two-layer,results_hpca_xorflow/complete_suite/runs/reddit_bw1024/causal_preflight.csv,75ebf0d244b708ecbc6a34e9b93ac37e314113917533f2ca4a22b117ff8c3305
causal_preflight,reddit_deepres8_w128_s7_native,RECORDED,,serialized_speedup,1.5829866376002637,ratio,causal two-layer,results_hpca_xorflow/complete_suite/runs/reddit_bw1024/causal_preflight.csv,75ebf0d244b708ecbc6a34e9b93ac37e314113917533f2ca4a22b117ff8c3305
causal_preflight,reddit_deepres8_w128_s7_native,RECORDED,,double_buffered_speedup,1.5835021076533409,ratio,causal two-layer,results_hpca_xorflow/complete_suite/runs/reddit_bw1024/causal_preflight.csv,75ebf0d244b708ecbc6a34e9b93ac37e314113917533f2ca4a22b117ff8c3305
causal_preflight,reddit_deepres8_w128_s7_native,RECORDED,,xorflow_total_bytes,18112078800.0,bytes,causal two-layer,results_hpca_xorflow/complete_suite/runs/reddit_bw1024/causal_preflight.csv,75ebf0d244b708ecbc6a34e9b93ac37e314113917533f2ca4a22b117ff8c3305
causal_preflight,reddit_deepres8_w128_s7_native,RECORDED,,beicsr_total_bytes,28684864848.0,bytes,causal two-layer,results_hpca_xorflow/complete_suite/runs/reddit_bw1024/causal_preflight.csv,75ebf0d244b708ecbc6a34e9b93ac37e314113917533f2ca4a22b117ff8c3305
causal_preflight,reddit_deepres8_w128_s7_native,RECORDED,,support_ratio_to_beicsr,0.592914738026933,ratio,causal two-layer,results_hpca_xorflow/complete_suite/runs/reddit_bw1024/causal_preflight.csv,75ebf0d244b708ecbc6a34e9b93ac37e314113917533f2ca4a22b117ff8c3305
causal_preflight,reddit_deepres8_w128_s7_native,RECORDED,,traffic_reduction,0.4500651586517129,fraction,causal two-layer,results_hpca_xorflow/complete_suite/runs/reddit_bw1024/causal_preflight.csv,75ebf0d244b708ecbc6a34e9b93ac37e314113917533f2ca4a22b117ff8c3305
causal_preflight,reddit_deepres8_w128_s7_native,RECORDED,,serialized_speedup,1.8173877820717304,ratio,causal two-layer,results_hpca_xorflow/complete_suite/runs/reddit_bw1024/causal_preflight.csv,75ebf0d244b708ecbc6a34e9b93ac37e314113917533f2ca4a22b117ff8c3305
causal_preflight,reddit_deepres8_w128_s7_native,RECORDED,,double_buffered_speedup,1.8180013907231465,ratio,causal two-layer,results_hpca_xorflow/complete_suite/runs/reddit_bw1024/causal_preflight.csv,75ebf0d244b708ecbc6a34e9b93ac37e314113917533f2ca4a22b117ff8c3305
causal_preflight,reddit_deepres8_w128_s7_native,RECORDED,,xorflow_total_bytes,15405671504.0,bytes,causal two-layer,results_hpca_xorflow/complete_suite/runs/reddit_bw1024/causal_preflight.csv,75ebf0d244b708ecbc6a34e9b93ac37e314113917533f2ca4a22b117ff8c3305
causal_preflight,reddit_deepres8_w128_s7_native,RECORDED,,beicsr_total_bytes,28013630608.0,bytes,causal two-layer,results_hpca_xorflow/complete_suite/runs/reddit_bw1024/causal_preflight.csv,75ebf0d244b708ecbc6a34e9b93ac37e314113917533f2ca4a22b117ff8c3305
host,reddit_deepres8_w128_s7_native,RECORDED,,host_speedup,1.0,ratio,aggregation+combination+support_io; energy_pending,results_hpca_xorflow/complete_suite/runs/reddit_bw1024/host_model.csv,721d396bd691b0599fd87faeba4045dd30222f388c73e05ef89847aa4e640ae7
host,reddit_deepres8_w128_s7_native,RECORDED,,beicsr_host_cycles,51963675.0,cycles,aggregation+combination+support_io; energy_pending,results_hpca_xorflow/complete_suite/runs/reddit_bw1024/host_model.csv,721d396bd691b0599fd87faeba4045dd30222f388c73e05ef89847aa4e640ae7
host,reddit_deepres8_w128_s7_native,RECORDED,,xorflow_host_cycles,51963675.0,cycles,aggregation+combination+support_io; energy_pending,results_hpca_xorflow/complete_suite/runs/reddit_bw1024/host_model.csv,721d396bd691b0599fd87faeba4045dd30222f388c73e05ef89847aa4e640ae7
host,reddit_deepres8_w128_s7_native,RECORDED,,combination_scalesim_utilization,99.67846071893872,ratio,aggregation+combination+support_io; energy_pending,results_hpca_xorflow/complete_suite/runs/reddit_bw1024/host_model.csv,721d396bd691b0599fd87faeba4045dd30222f388c73e05ef89847aa4e640ae7
host,reddit_deepres8_w128_s7_native,RECORDED,,host_speedup,1.0,ratio,aggregation+combination+support_io; energy_pending,results_hpca_xorflow/complete_suite/runs/reddit_bw1024/host_model.csv,721d396bd691b0599fd87faeba4045dd30222f388c73e05ef89847aa4e640ae7
host,reddit_deepres8_w128_s7_native,RECORDED,,beicsr_host_cycles,47657691.0,cycles,aggregation+combination+support_io; energy_pending,results_hpca_xorflow/complete_suite/runs/reddit_bw1024/host_model.csv,721d396bd691b0599fd87faeba4045dd30222f388c73e05ef89847aa4e640ae7
host,reddit_deepres8_w128_s7_native,RECORDED,,xorflow_host_cycles,47657691.0,cycles,aggregation+combination+support_io; energy_pending,results_hpca_xorflow/complete_suite/runs/reddit_bw1024/host_model.csv,721d396bd691b0599fd87faeba4045dd30222f388c73e05ef89847aa4e640ae7
host,reddit_deepres8_w128_s7_native,RECORDED,,combination_scalesim_utilization,99.67846071893872,ratio,aggregation+combination+support_io; energy_pending,results_hpca_xorflow/complete_suite/runs/reddit_bw1024/host_model.csv,721d396bd691b0599fd87faeba4045dd30222f388c73e05ef89847aa4e640ae7
causal_preflight,reddit_deepres8_w128_s7_native,RECORDED,,support_ratio_to_beicsr,0.6749583419779318,ratio,causal two-layer,results_hpca_xorflow/complete_suite/runs/reddit_bw128/causal_preflight.csv,75ebf0d244b708ecbc6a34e9b93ac37e314113917533f2ca4a22b117ff8c3305
causal_preflight,reddit_deepres8_w128_s7_native,RECORDED,,traffic_reduction,0.3685841332711445,fraction,causal two-layer,results_hpca_xorflow/complete_suite/runs/reddit_bw128/causal_preflight.csv,75ebf0d244b708ecbc6a34e9b93ac37e314113917533f2ca4a22b117ff8c3305
causal_preflight,reddit_deepres8_w128_s7_native,RECORDED,,serialized_speedup,1.5829866376002637,ratio,causal two-layer,results_hpca_xorflow/complete_suite/runs/reddit_bw128/causal_preflight.csv,75ebf0d244b708ecbc6a34e9b93ac37e314113917533f2ca4a22b117ff8c3305
causal_preflight,reddit_deepres8_w128_s7_native,RECORDED,,double_buffered_speedup,1.5835021076533409,ratio,causal two-layer,results_hpca_xorflow/complete_suite/runs/reddit_bw128/causal_preflight.csv,75ebf0d244b708ecbc6a34e9b93ac37e314113917533f2ca4a22b117ff8c3305
causal_preflight,reddit_deepres8_w128_s7_native,RECORDED,,xorflow_total_bytes,18112078800.0,bytes,causal two-layer,results_hpca_xorflow/complete_suite/runs/reddit_bw128/causal_preflight.csv,75ebf0d244b708ecbc6a34e9b93ac37e314113917533f2ca4a22b117ff8c3305
causal_preflight,reddit_deepres8_w128_s7_native,RECORDED,,beicsr_total_bytes,28684864848.0,bytes,causal two-layer,results_hpca_xorflow/complete_suite/runs/reddit_bw128/causal_preflight.csv,75ebf0d244b708ecbc6a34e9b93ac37e314113917533f2ca4a22b117ff8c3305
causal_preflight,reddit_deepres8_w128_s7_native,RECORDED,,support_ratio_to_beicsr,0.592914738026933,ratio,causal two-layer,results_hpca_xorflow/complete_suite/runs/reddit_bw128/causal_preflight.csv,75ebf0d244b708ecbc6a34e9b93ac37e314113917533f2ca4a22b117ff8c3305
causal_preflight,reddit_deepres8_w128_s7_native,RECORDED,,traffic_reduction,0.4500651586517129,fraction,causal two-layer,results_hpca_xorflow/complete_suite/runs/reddit_bw128/causal_preflight.csv,75ebf0d244b708ecbc6a34e9b93ac37e314113917533f2ca4a22b117ff8c3305
causal_preflight,reddit_deepres8_w128_s7_native,RECORDED,,serialized_speedup,1.8173877820717304,ratio,causal two-layer,results_hpca_xorflow/complete_suite/runs/reddit_bw128/causal_preflight.csv,75ebf0d244b708ecbc6a34e9b93ac37e314113917533f2ca4a22b117ff8c3305
causal_preflight,reddit_deepres8_w128_s7_native,RECORDED,,double_buffered_speedup,1.8180013907231465,ratio,causal two-layer,results_hpca_xorflow/complete_suite/runs/reddit_bw128/causal_preflight.csv,75ebf0d244b708ecbc6a34e9b93ac37e314113917533f2ca4a22b117ff8c3305
causal_preflight,reddit_deepres8_w128_s7_native,RECORDED,,xorflow_total_bytes,15405671504.0,bytes,causal two-layer,results_hpca_xorflow/complete_suite/runs/reddit_bw128/causal_preflight.csv,75ebf0d244b708ecbc6a34e9b93ac37e314113917533f2ca4a22b117ff8c3305
causal_preflight,reddit_deepres8_w128_s7_native,RECORDED,,beicsr_total_bytes,28013630608.0,bytes,causal two-layer,results_hpca_xorflow/complete_suite/runs/reddit_bw128/causal_preflight.csv,75ebf0d244b708ecbc6a34e9b93ac37e314113917533f2ca4a22b117ff8c3305
host,reddit_deepres8_w128_s7_native,RECORDED,,host_speedup,1.5814546642322649,ratio,aggregation+combination+support_io; energy_pending,results_hpca_xorflow/complete_suite/runs/reddit_bw128/host_model.csv,936fdf58a10678737991d7041d7ab82c46b13c2201a4b13886a68aca64ecc56f
host,reddit_deepres8_w128_s7_native,RECORDED,,beicsr_host_cycles,224597067.0,cycles,aggregation+combination+support_io; energy_pending,results_hpca_xorflow/complete_suite/runs/reddit_bw128/host_model.csv,936fdf58a10678737991d7041d7ab82c46b13c2201a4b13886a68aca64ecc56f
host,reddit_deepres8_w128_s7_native,RECORDED,,xorflow_host_cycles,142019289.0,cycles,aggregation+combination+support_io; energy_pending,results_hpca_xorflow/complete_suite/runs/reddit_bw128/host_model.csv,936fdf58a10678737991d7041d7ab82c46b13c2201a4b13886a68aca64ecc56f
host,reddit_deepres8_w128_s7_native,RECORDED,,combination_scalesim_utilization,99.67846071893872,ratio,aggregation+combination+support_io; energy_pending,results_hpca_xorflow/complete_suite/runs/reddit_bw128/host_model.csv,936fdf58a10678737991d7041d7ab82c46b13c2201a4b13886a68aca64ecc56f
host,reddit_deepres8_w128_s7_native,RECORDED,,host_speedup,1.8147429437264435,ratio,aggregation+combination+support_io; energy_pending,results_hpca_xorflow/complete_suite/runs/reddit_bw128/host_model.csv,936fdf58a10678737991d7041d7ab82c46b13c2201a4b13886a68aca64ecc56f
host,reddit_deepres8_w128_s7_native,RECORDED,,beicsr_host_cycles,219353050.0,cycles,aggregation+combination+support_io; energy_pending,results_hpca_xorflow/complete_suite/runs/reddit_bw128/host_model.csv,936fdf58a10678737991d7041d7ab82c46b13c2201a4b13886a68aca64ecc56f
host,reddit_deepres8_w128_s7_native,RECORDED,,xorflow_host_cycles,120872794.0,cycles,aggregation+combination+support_io; energy_pending,results_hpca_xorflow/complete_suite/runs/reddit_bw128/host_model.csv,936fdf58a10678737991d7041d7ab82c46b13c2201a4b13886a68aca64ecc56f
host,reddit_deepres8_w128_s7_native,RECORDED,,combination_scalesim_utilization,99.67846071893872,ratio,aggregation+combination+support_io; energy_pending,results_hpca_xorflow/complete_suite/runs/reddit_bw128/host_model.csv,936fdf58a10678737991d7041d7ab82c46b13c2201a4b13886a68aca64ecc56f
causal_preflight,reddit_deepres8_w128_s7_native,RECORDED,,support_ratio_to_beicsr,0.6749583419779318,ratio,causal two-layer,results_hpca_xorflow/complete_suite/runs/reddit_bw512/causal_preflight.csv,75ebf0d244b708ecbc6a34e9b93ac37e314113917533f2ca4a22b117ff8c3305
causal_preflight,reddit_deepres8_w128_s7_native,RECORDED,,traffic_reduction,0.3685841332711445,fraction,causal two-layer,results_hpca_xorflow/complete_suite/runs/reddit_bw512/causal_preflight.csv,75ebf0d244b708ecbc6a34e9b93ac37e314113917533f2ca4a22b117ff8c3305
causal_preflight,reddit_deepres8_w128_s7_native,RECORDED,,serialized_speedup,1.5829866376002637,ratio,causal two-layer,results_hpca_xorflow/complete_suite/runs/reddit_bw512/causal_preflight.csv,75ebf0d244b708ecbc6a34e9b93ac37e314113917533f2ca4a22b117ff8c3305
causal_preflight,reddit_deepres8_w128_s7_native,RECORDED,,double_buffered_speedup,1.5835021076533409,ratio,causal two-layer,results_hpca_xorflow/complete_suite/runs/reddit_bw512/causal_preflight.csv,75ebf0d244b708ecbc6a34e9b93ac37e314113917533f2ca4a22b117ff8c3305
causal_preflight,reddit_deepres8_w128_s7_native,RECORDED,,xorflow_total_bytes,18112078800.0,bytes,causal two-layer,results_hpca_xorflow/complete_suite/runs/reddit_bw512/causal_preflight.csv,75ebf0d244b708ecbc6a34e9b93ac37e314113917533f2ca4a22b117ff8c3305
causal_preflight,reddit_deepres8_w128_s7_native,RECORDED,,beicsr_total_bytes,28684864848.0,bytes,causal two-layer,results_hpca_xorflow/complete_suite/runs/reddit_bw512/causal_preflight.csv,75ebf0d244b708ecbc6a34e9b93ac37e314113917533f2ca4a22b117ff8c3305
causal_preflight,reddit_deepres8_w128_s7_native,RECORDED,,support_ratio_to_beicsr,0.592914738026933,ratio,causal two-layer,results_hpca_xorflow/complete_suite/runs/reddit_bw512/causal_preflight.csv,75ebf0d244b708ecbc6a34e9b93ac37e314113917533f2ca4a22b117ff8c3305
causal_preflight,reddit_deepres8_w128_s7_native,RECORDED,,traffic_reduction,0.4500651586517129,fraction,causal two-layer,results_hpca_xorflow/complete_suite/runs/reddit_bw512/causal_preflight.csv,75ebf0d244b708ecbc6a34e9b93ac37e314113917533f2ca4a22b117ff8c3305
causal_preflight,reddit_deepres8_w128_s7_native,RECORDED,,serialized_speedup,1.8173877820717304,ratio,causal two-layer,results_hpca_xorflow/complete_suite/runs/reddit_bw512/causal_preflight.csv,75ebf0d244b708ecbc6a34e9b93ac37e314113917533f2ca4a22b117ff8c3305
causal_preflight,reddit_deepres8_w128_s7_native,RECORDED,,double_buffered_speedup,1.8180013907231465,ratio,causal two-layer,results_hpca_xorflow/complete_suite/runs/reddit_bw512/causal_preflight.csv,75ebf0d244b708ecbc6a34e9b93ac37e314113917533f2ca4a22b117ff8c3305
causal_preflight,reddit_deepres8_w128_s7_native,RECORDED,,xorflow_total_bytes,15405671504.0,bytes,causal two-layer,results_hpca_xorflow/complete_suite/runs/reddit_bw512/causal_preflight.csv,75ebf0d244b708ecbc6a34e9b93ac37e314113917533f2ca4a22b117ff8c3305
causal_preflight,reddit_deepres8_w128_s7_native,RECORDED,,beicsr_total_bytes,28013630608.0,bytes,causal two-layer,results_hpca_xorflow/complete_suite/runs/reddit_bw512/causal_preflight.csv,75ebf0d244b708ecbc6a34e9b93ac37e314113917533f2ca4a22b117ff8c3305
host,reddit_deepres8_w128_s7_native,RECORDED,,host_speedup,1.0877153511563606,ratio,aggregation+combination+support_io; energy_pending,results_hpca_xorflow/complete_suite/runs/reddit_bw512/host_model.csv,cfea8664d3a6ced694c279743833d8a67ec605ba4e2ac74d289101dd991c1a76
host,reddit_deepres8_w128_s7_native,RECORDED,,beicsr_host_cycles,56521687.0,cycles,aggregation+combination+support_io; energy_pending,results_hpca_xorflow/complete_suite/runs/reddit_bw512/host_model.csv,cfea8664d3a6ced694c279743833d8a67ec605ba4e2ac74d289101dd991c1a76
host,reddit_deepres8_w128_s7_native,RECORDED,,xorflow_host_cycles,51963675.0,cycles,aggregation+combination+support_io; energy_pending,results_hpca_xorflow/complete_suite/runs/reddit_bw512/host_model.csv,cfea8664d3a6ced694c279743833d8a67ec605ba4e2ac74d289101dd991c1a76
host,reddit_deepres8_w128_s7_native,RECORDED,,combination_scalesim_utilization,99.67846071893872,ratio,aggregation+combination+support_io; energy_pending,results_hpca_xorflow/complete_suite/runs/reddit_bw512/host_model.csv,cfea8664d3a6ced694c279743833d8a67ec605ba4e2ac74d289101dd991c1a76
host,reddit_deepres8_w128_s7_native,RECORDED,,host_speedup,1.1584842203118906,ratio,aggregation+combination+support_io; energy_pending,results_hpca_xorflow/complete_suite/runs/reddit_bw512/host_model.csv,cfea8664d3a6ced694c279743833d8a67ec605ba4e2ac74d289101dd991c1a76
host,reddit_deepres8_w128_s7_native,RECORDED,,beicsr_host_cycles,55210683.0,cycles,aggregation+combination+support_io; energy_pending,results_hpca_xorflow/complete_suite/runs/reddit_bw512/host_model.csv,cfea8664d3a6ced694c279743833d8a67ec605ba4e2ac74d289101dd991c1a76
host,reddit_deepres8_w128_s7_native,RECORDED,,xorflow_host_cycles,47657691.0,cycles,aggregation+combination+support_io; energy_pending,results_hpca_xorflow/complete_suite/runs/reddit_bw512/host_model.csv,cfea8664d3a6ced694c279743833d8a67ec605ba4e2ac74d289101dd991c1a76
host,reddit_deepres8_w128_s7_native,RECORDED,,combination_scalesim_utilization,99.67846071893872,ratio,aggregation+combination+support_io; energy_pending,results_hpca_xorflow/complete_suite/runs/reddit_bw512/host_model.csv,cfea8664d3a6ced694c279743833d8a67ec605ba4e2ac74d289101dd991c1a76
causal_preflight,reddit_deepres8_w128_s7_native,RECORDED,,support_ratio_to_beicsr,0.6749583419779318,ratio,causal two-layer,results_hpca_xorflow/complete_suite/runs/reddit_cache1m/causal_preflight.csv,9b0931fe5437e684c2cd54d903b605a8f097b061913f9f46f709ff14d553314a
causal_preflight,reddit_deepres8_w128_s7_native,RECORDED,,traffic_reduction,0.3851594366421936,fraction,causal two-layer,results_hpca_xorflow/complete_suite/runs/reddit_cache1m/causal_preflight.csv,9b0931fe5437e684c2cd54d903b605a8f097b061913f9f46f709ff14d553314a
causal_preflight,reddit_deepres8_w128_s7_native,RECORDED,,serialized_speedup,1.6255778435504893,ratio,causal two-layer,results_hpca_xorflow/complete_suite/runs/reddit_cache1m/causal_preflight.csv,9b0931fe5437e684c2cd54d903b605a8f097b061913f9f46f709ff14d553314a
causal_preflight,reddit_deepres8_w128_s7_native,RECORDED,,double_buffered_speedup,1.6261562700812429,ratio,causal two-layer,results_hpca_xorflow/complete_suite/runs/reddit_cache1m/causal_preflight.csv,9b0931fe5437e684c2cd54d903b605a8f097b061913f9f46f709ff14d553314a
causal_preflight,reddit_deepres8_w128_s7_native,RECORDED,,xorflow_total_bytes,16574387088.0,bytes,causal two-layer,results_hpca_xorflow/complete_suite/runs/reddit_cache1m/causal_preflight.csv,9b0931fe5437e684c2cd54d903b605a8f097b061913f9f46f709ff14d553314a
causal_preflight,reddit_deepres8_w128_s7_native,RECORDED,,beicsr_total_bytes,26957211472.0,bytes,causal two-layer,results_hpca_xorflow/complete_suite/runs/reddit_cache1m/causal_preflight.csv,9b0931fe5437e684c2cd54d903b605a8f097b061913f9f46f709ff14d553314a
causal_preflight,reddit_deepres8_w128_s7_native,RECORDED,,support_ratio_to_beicsr,0.592914738026933,ratio,causal two-layer,results_hpca_xorflow/complete_suite/runs/reddit_cache1m/causal_preflight.csv,9b0931fe5437e684c2cd54d903b605a8f097b061913f9f46f709ff14d553314a
causal_preflight,reddit_deepres8_w128_s7_native,RECORDED,,traffic_reduction,0.471962212971092,fraction,causal two-layer,results_hpca_xorflow/complete_suite/runs/reddit_cache1m/causal_preflight.csv,9b0931fe5437e684c2cd54d903b605a8f097b061913f9f46f709ff14d553314a
causal_preflight,reddit_deepres8_w128_s7_native,RECORDED,,serialized_speedup,1.89261458320566,ratio,causal two-layer,results_hpca_xorflow/complete_suite/runs/reddit_cache1m/causal_preflight.csv,9b0931fe5437e684c2cd54d903b605a8f097b061913f9f46f709ff14d553314a
causal_preflight,reddit_deepres8_w128_s7_native,RECORDED,,double_buffered_speedup,1.8933239474373356,ratio,causal two-layer,results_hpca_xorflow/complete_suite/runs/reddit_cache1m/causal_preflight.csv,9b0931fe5437e684c2cd54d903b605a8f097b061913f9f46f709ff14d553314a
causal_preflight,reddit_deepres8_w128_s7_native,RECORDED,,xorflow_total_bytes,13876957584.0,bytes,causal two-layer,results_hpca_xorflow/complete_suite/runs/reddit_cache1m/causal_preflight.csv,9b0931fe5437e684c2cd54d903b605a8f097b061913f9f46f709ff14d553314a
causal_preflight,reddit_deepres8_w128_s7_native,RECORDED,,beicsr_total_bytes,26280235856.0,bytes,causal two-layer,results_hpca_xorflow/complete_suite/runs/reddit_cache1m/causal_preflight.csv,9b0931fe5437e684c2cd54d903b605a8f097b061913f9f46f709ff14d553314a
host,reddit_deepres8_w128_s7_native,RECORDED,,host_speedup,1.621120457878539,ratio,aggregation+combination+support_io; energy_pending,results_hpca_xorflow/complete_suite/runs/reddit_cache1m/host_model.csv,2e63682ac1afe40e12b05c47ec1c4e2a075f8dd6eb6ad3bae02342ea3edfdad9
host,reddit_deepres8_w128_s7_native,RECORDED,,beicsr_host_cycles,105798168.0,cycles,aggregation+combination+support_io; energy_pending,results_hpca_xorflow/complete_suite/runs/reddit_cache1m/host_model.csv,2e63682ac1afe40e12b05c47ec1c4e2a075f8dd6eb6ad3bae02342ea3edfdad9
host,reddit_deepres8_w128_s7_native,RECORDED,,xorflow_host_cycles,65262373.0,cycles,aggregation+combination+support_io; energy_pending,results_hpca_xorflow/complete_suite/runs/reddit_cache1m/host_model.csv,2e63682ac1afe40e12b05c47ec1c4e2a075f8dd6eb6ad3bae02342ea3edfdad9
host,reddit_deepres8_w128_s7_native,RECORDED,,combination_scalesim_utilization,99.67846071893872,ratio,aggregation+combination+support_io; energy_pending,results_hpca_xorflow/complete_suite/runs/reddit_cache1m/host_model.csv,2e63682ac1afe40e12b05c47ec1c4e2a075f8dd6eb6ad3bae02342ea3edfdad9
host,reddit_deepres8_w128_s7_native,RECORDED,,host_speedup,1.8850211587111936,ratio,aggregation+combination+support_io; energy_pending,results_hpca_xorflow/complete_suite/runs/reddit_cache1m/host_model.csv,2e63682ac1afe40e12b05c47ec1c4e2a075f8dd6eb6ad3bae02342ea3edfdad9
host,reddit_deepres8_w128_s7_native,RECORDED,,beicsr_host_cycles,103153732.0,cycles,aggregation+combination+support_io; energy_pending,results_hpca_xorflow/complete_suite/runs/reddit_cache1m/host_model.csv,2e63682ac1afe40e12b05c47ec1c4e2a075f8dd6eb6ad3bae02342ea3edfdad9
host,reddit_deepres8_w128_s7_native,RECORDED,,xorflow_host_cycles,54722851.0,cycles,aggregation+combination+support_io; energy_pending,results_hpca_xorflow/complete_suite/runs/reddit_cache1m/host_model.csv,2e63682ac1afe40e12b05c47ec1c4e2a075f8dd6eb6ad3bae02342ea3edfdad9
host,reddit_deepres8_w128_s7_native,RECORDED,,combination_scalesim_utilization,99.67846071893872,ratio,aggregation+combination+support_io; energy_pending,results_hpca_xorflow/complete_suite/runs/reddit_cache1m/host_model.csv,2e63682ac1afe40e12b05c47ec1c4e2a075f8dd6eb6ad3bae02342ea3edfdad9
causal_preflight,reddit_deepres8_w128_s7_native,RECORDED,,support_ratio_to_beicsr,0.6749583419779318,ratio,causal two-layer,results_hpca_xorflow/complete_suite/runs/reddit_cache256/causal_preflight.csv,874faf3c4fcf0a30fbf371a9df2df856ed3bc3bc8d8520cd61df58a1defd96c0
causal_preflight,reddit_deepres8_w128_s7_native,RECORDED,,traffic_reduction,0.35865752991181,fraction,causal two-layer,results_hpca_xorflow/complete_suite/runs/reddit_cache256/causal_preflight.csv,874faf3c4fcf0a30fbf371a9df2df856ed3bc3bc8d8520cd61df58a1defd96c0
causal_preflight,reddit_deepres8_w128_s7_native,RECORDED,,serialized_speedup,1.5585239883538136,ratio,causal two-layer,results_hpca_xorflow/complete_suite/runs/reddit_cache256/causal_preflight.csv,874faf3c4fcf0a30fbf371a9df2df856ed3bc3bc8d8520cd61df58a1defd96c0
causal_preflight,reddit_deepres8_w128_s7_native,RECORDED,,double_buffered_speedup,1.559009303024177,ratio,causal two-layer,results_hpca_xorflow/complete_suite/runs/reddit_cache256/causal_preflight.csv,874faf3c4fcf0a30fbf371a9df2df856ed3bc3bc8d8520cd61df58a1defd96c0
causal_preflight,reddit_deepres8_w128_s7_native,RECORDED,,xorflow_total_bytes,18940540688.0,bytes,causal two-layer,results_hpca_xorflow/complete_suite/runs/reddit_cache256/causal_preflight.csv,874faf3c4fcf0a30fbf371a9df2df856ed3bc3bc8d8520cd61df58a1defd96c0
causal_preflight,reddit_deepres8_w128_s7_native,RECORDED,,beicsr_total_bytes,29532646864.0,bytes,causal two-layer,results_hpca_xorflow/complete_suite/runs/reddit_cache256/causal_preflight.csv,874faf3c4fcf0a30fbf371a9df2df856ed3bc3bc8d8520cd61df58a1defd96c0
causal_preflight,reddit_deepres8_w128_s7_native,RECORDED,,support_ratio_to_beicsr,0.592914738026933,ratio,causal two-layer,results_hpca_xorflow/complete_suite/runs/reddit_cache256/causal_preflight.csv,874faf3c4fcf0a30fbf371a9df2df856ed3bc3bc8d8520cd61df58a1defd96c0
causal_preflight,reddit_deepres8_w128_s7_native,RECORDED,,traffic_reduction,0.4371415018412264,fraction,causal two-layer,results_hpca_xorflow/complete_suite/runs/reddit_cache256/causal_preflight.csv,874faf3c4fcf0a30fbf371a9df2df856ed3bc3bc8d8520cd61df58a1defd96c0
causal_preflight,reddit_deepres8_w128_s7_native,RECORDED,,serialized_speedup,1.7757208129639084,ratio,causal two-layer,results_hpca_xorflow/complete_suite/runs/reddit_cache256/causal_preflight.csv,874faf3c4fcf0a30fbf371a9df2df856ed3bc3bc8d8520cd61df58a1defd96c0
causal_preflight,reddit_deepres8_w128_s7_native,RECORDED,,double_buffered_speedup,1.7762892754207198,ratio,causal two-layer,results_hpca_xorflow/complete_suite/runs/reddit_cache256/causal_preflight.csv,874faf3c4fcf0a30fbf371a9df2df856ed3bc3bc8d8520cd61df58a1defd96c0
causal_preflight,reddit_deepres8_w128_s7_native,RECORDED,,xorflow_total_bytes,16248313616.0,bytes,causal two-layer,results_hpca_xorflow/complete_suite/runs/reddit_cache256/causal_preflight.csv,874faf3c4fcf0a30fbf371a9df2df856ed3bc3bc8d8520cd61df58a1defd96c0
causal_preflight,reddit_deepres8_w128_s7_native,RECORDED,,beicsr_total_bytes,28867492752.0,bytes,causal two-layer,results_hpca_xorflow/complete_suite/runs/reddit_cache256/causal_preflight.csv,874faf3c4fcf0a30fbf371a9df2df856ed3bc3bc8d8520cd61df58a1defd96c0
host,reddit_deepres8_w128_s7_native,RECORDED,,host_speedup,1.555039415323188,ratio,aggregation+combination+support_io; energy_pending,results_hpca_xorflow/complete_suite/runs/reddit_cache256/host_model.csv,f0f72127746a121021ed01381938019201191cccba0f9347044814fe2918a7cb
host,reddit_deepres8_w128_s7_native,RECORDED,,beicsr_host_cycles,115858462.0,cycles,aggregation+combination+support_io; energy_pending,results_hpca_xorflow/complete_suite/runs/reddit_cache256/host_model.csv,f0f72127746a121021ed01381938019201191cccba0f9347044814fe2918a7cb
host,reddit_deepres8_w128_s7_native,RECORDED,,xorflow_host_cycles,74505161.0,cycles,aggregation+combination+support_io; energy_pending,results_hpca_xorflow/complete_suite/runs/reddit_cache256/host_model.csv,f0f72127746a121021ed01381938019201191cccba0f9347044814fe2918a7cb
host,reddit_deepres8_w128_s7_native,RECORDED,,combination_scalesim_utilization,99.67846071893872,ratio,aggregation+combination+support_io; energy_pending,results_hpca_xorflow/complete_suite/runs/reddit_cache256/host_model.csv,f0f72127746a121021ed01381938019201191cccba0f9347044814fe2918a7cb
host,reddit_deepres8_w128_s7_native,RECORDED,,host_speedup,1.770078970916761,ratio,aggregation+combination+support_io; energy_pending,results_hpca_xorflow/complete_suite/runs/reddit_cache256/host_model.csv,f0f72127746a121021ed01381938019201191cccba0f9347044814fe2918a7cb
host,reddit_deepres8_w128_s7_native,RECORDED,,beicsr_host_cycles,113260204.0,cycles,aggregation+combination+support_io; energy_pending,results_hpca_xorflow/complete_suite/runs/reddit_cache256/host_model.csv,f0f72127746a121021ed01381938019201191cccba0f9347044814fe2918a7cb
host,reddit_deepres8_w128_s7_native,RECORDED,,xorflow_host_cycles,63985961.0,cycles,aggregation+combination+support_io; energy_pending,results_hpca_xorflow/complete_suite/runs/reddit_cache256/host_model.csv,f0f72127746a121021ed01381938019201191cccba0f9347044814fe2918a7cb
host,reddit_deepres8_w128_s7_native,RECORDED,,combination_scalesim_utilization,99.67846071893872,ratio,aggregation+combination+support_io; energy_pending,results_hpca_xorflow/complete_suite/runs/reddit_cache256/host_model.csv,f0f72127746a121021ed01381938019201191cccba0f9347044814fe2918a7cb
causal_preflight,reddit_deepres8_w128_s7_native,RECORDED,,support_ratio_to_beicsr,0.6749583419779318,ratio,causal two-layer,results_hpca_xorflow/complete_suite/runs/reddit_order_o1/causal_preflight.csv,94e31c50171e6e2db33774debfb520fd56c9c9ed1206f2e27c895bb48b5c1273
causal_preflight,reddit_deepres8_w128_s7_native,RECORDED,,traffic_reduction,0.332994579680792,fraction,causal two-layer,results_hpca_xorflow/complete_suite/runs/reddit_order_o1/causal_preflight.csv,94e31c50171e6e2db33774debfb520fd56c9c9ed1206f2e27c895bb48b5c1273
causal_preflight,reddit_deepres8_w128_s7_native,RECORDED,,serialized_speedup,1.4983624358432135,ratio,causal two-layer,results_hpca_xorflow/complete_suite/runs/reddit_order_o1/causal_preflight.csv,94e31c50171e6e2db33774debfb520fd56c9c9ed1206f2e27c895bb48b5c1273
causal_preflight,reddit_deepres8_w128_s7_native,RECORDED,,double_buffered_speedup,1.4989787281170717,ratio,causal two-layer,results_hpca_xorflow/complete_suite/runs/reddit_order_o1/causal_preflight.csv,94e31c50171e6e2db33774debfb520fd56c9c9ed1206f2e27c895bb48b5c1273
causal_preflight,reddit_deepres8_w128_s7_native,RECORDED,,xorflow_total_bytes,14337637712.0,bytes,causal two-layer,results_hpca_xorflow/complete_suite/runs/reddit_order_o1/causal_preflight.csv,94e31c50171e6e2db33774debfb520fd56c9c9ed1206f2e27c895bb48b5c1273
causal_preflight,reddit_deepres8_w128_s7_native,RECORDED,,beicsr_total_bytes,21495534032.0,bytes,causal two-layer,results_hpca_xorflow/complete_suite/runs/reddit_order_o1/causal_preflight.csv,94e31c50171e6e2db33774debfb520fd56c9c9ed1206f2e27c895bb48b5c1273
causal_preflight,reddit_deepres8_w128_s7_native,RECORDED,,support_ratio_to_beicsr,0.592914738026933,ratio,causal two-layer,results_hpca_xorflow/complete_suite/runs/reddit_order_o1/causal_preflight.csv,94e31c50171e6e2db33774debfb520fd56c9c9ed1206f2e27c895bb48b5c1273
causal_preflight,reddit_deepres8_w128_s7_native,RECORDED,,traffic_reduction,0.4123434106621256,fraction,causal two-layer,results_hpca_xorflow/complete_suite/runs/reddit_order_o1/causal_preflight.csv,94e31c50171e6e2db33774debfb520fd56c9c9ed1206f2e27c895bb48b5c1273
causal_preflight,reddit_deepres8_w128_s7_native,RECORDED,,serialized_speedup,1.7005340792119363,ratio,causal two-layer,results_hpca_xorflow/complete_suite/runs/reddit_order_o1/causal_preflight.csv,94e31c50171e6e2db33774debfb520fd56c9c9ed1206f2e27c895bb48b5c1273
causal_preflight,reddit_deepres8_w128_s7_native,RECORDED,,double_buffered_speedup,1.701250567806807,ratio,causal two-layer,results_hpca_xorflow/complete_suite/runs/reddit_order_o1/causal_preflight.csv,94e31c50171e6e2db33774debfb520fd56c9c9ed1206f2e27c895bb48b5c1273
causal_preflight,reddit_deepres8_w128_s7_native,RECORDED,,xorflow_total_bytes,12343788048.0,bytes,causal two-layer,results_hpca_xorflow/complete_suite/runs/reddit_order_o1/causal_preflight.csv,94e31c50171e6e2db33774debfb520fd56c9c9ed1206f2e27c895bb48b5c1273
causal_preflight,reddit_deepres8_w128_s7_native,RECORDED,,beicsr_total_bytes,21005104464.0,bytes,causal two-layer,results_hpca_xorflow/complete_suite/runs/reddit_order_o1/causal_preflight.csv,94e31c50171e6e2db33774debfb520fd56c9c9ed1206f2e27c895bb48b5c1273
host,reddit_deepres8_w128_s7_native,RECORDED,,host_speedup,1.4942659691661422,ratio,aggregation+combination+support_io; energy_pending,results_hpca_xorflow/complete_suite/runs/reddit_order_o1/host_model.csv,7552e467e388d8c59760420d9ec05c8068d48b1640469b322253711759cbde3a
host,reddit_deepres8_w128_s7_native,RECORDED,,beicsr_host_cycles,84463490.0,cycles,aggregation+combination+support_io; energy_pending,results_hpca_xorflow/complete_suite/runs/reddit_order_o1/host_model.csv,7552e467e388d8c59760420d9ec05c8068d48b1640469b322253711759cbde3a
host,reddit_deepres8_w128_s7_native,RECORDED,,xorflow_host_cycles,56525071.0,cycles,aggregation+combination+support_io; energy_pending,results_hpca_xorflow/complete_suite/runs/reddit_order_o1/host_model.csv,7552e467e388d8c59760420d9ec05c8068d48b1640469b322253711759cbde3a
host,reddit_deepres8_w128_s7_native,RECORDED,,combination_scalesim_utilization,99.67846071893872,ratio,aggregation+combination+support_io; energy_pending,results_hpca_xorflow/complete_suite/runs/reddit_order_o1/host_model.csv,7552e467e388d8c59760420d9ec05c8068d48b1640469b322253711759cbde3a
host,reddit_deepres8_w128_s7_native,RECORDED,,host_speedup,1.6938463051229136,ratio,aggregation+combination+support_io; energy_pending,results_hpca_xorflow/complete_suite/runs/reddit_order_o1/host_model.csv,7552e467e388d8c59760420d9ec05c8068d48b1640469b322253711759cbde3a
host,reddit_deepres8_w128_s7_native,RECORDED,,beicsr_host_cycles,82547750.0,cycles,aggregation+combination+support_io; energy_pending,results_hpca_xorflow/complete_suite/runs/reddit_order_o1/host_model.csv,7552e467e388d8c59760420d9ec05c8068d48b1640469b322253711759cbde3a
host,reddit_deepres8_w128_s7_native,RECORDED,,xorflow_host_cycles,48733908.0,cycles,aggregation+combination+support_io; energy_pending,results_hpca_xorflow/complete_suite/runs/reddit_order_o1/host_model.csv,7552e467e388d8c59760420d9ec05c8068d48b1640469b322253711759cbde3a
host,reddit_deepres8_w128_s7_native,RECORDED,,combination_scalesim_utilization,99.67846071893872,ratio,aggregation+combination+support_io; energy_pending,results_hpca_xorflow/complete_suite/runs/reddit_order_o1/host_model.csv,7552e467e388d8c59760420d9ec05c8068d48b1640469b322253711759cbde3a
causal_preflight,reddit_deepres8_w128_s7_native,RECORDED,,support_ratio_to_beicsr,0.6749583419779318,ratio,causal two-layer,results_hpca_xorflow/complete_suite/runs/reddit_slice256/causal_preflight.csv,5b6054869d349584f62097a81e78c3aaff44fe016275b8e4f2ad0e45e8ab240b
causal_preflight,reddit_deepres8_w128_s7_native,RECORDED,,traffic_reduction,0.3685841332711445,fraction,causal two-layer,results_hpca_xorflow/complete_suite/runs/reddit_slice256/causal_preflight.csv,5b6054869d349584f62097a81e78c3aaff44fe016275b8e4f2ad0e45e8ab240b
causal_preflight,reddit_deepres8_w128_s7_native,RECORDED,,serialized_speedup,1.5829866376002637,ratio,causal two-layer,results_hpca_xorflow/complete_suite/runs/reddit_slice256/causal_preflight.csv,5b6054869d349584f62097a81e78c3aaff44fe016275b8e4f2ad0e45e8ab240b
causal_preflight,reddit_deepres8_w128_s7_native,RECORDED,,double_buffered_speedup,1.5835021076533409,ratio,causal two-layer,results_hpca_xorflow/complete_suite/runs/reddit_slice256/causal_preflight.csv,5b6054869d349584f62097a81e78c3aaff44fe016275b8e4f2ad0e45e8ab240b
causal_preflight,reddit_deepres8_w128_s7_native,RECORDED,,xorflow_total_bytes,18112078800.0,bytes,causal two-layer,results_hpca_xorflow/complete_suite/runs/reddit_slice256/causal_preflight.csv,5b6054869d349584f62097a81e78c3aaff44fe016275b8e4f2ad0e45e8ab240b
causal_preflight,reddit_deepres8_w128_s7_native,RECORDED,,beicsr_total_bytes,28684864848.0,bytes,causal two-layer,results_hpca_xorflow/complete_suite/runs/reddit_slice256/causal_preflight.csv,5b6054869d349584f62097a81e78c3aaff44fe016275b8e4f2ad0e45e8ab240b
causal_preflight,reddit_deepres8_w128_s7_native,RECORDED,,support_ratio_to_beicsr,0.592914738026933,ratio,causal two-layer,results_hpca_xorflow/complete_suite/runs/reddit_slice256/causal_preflight.csv,5b6054869d349584f62097a81e78c3aaff44fe016275b8e4f2ad0e45e8ab240b
causal_preflight,reddit_deepres8_w128_s7_native,RECORDED,,traffic_reduction,0.4500651586517129,fraction,causal two-layer,results_hpca_xorflow/complete_suite/runs/reddit_slice256/causal_preflight.csv,5b6054869d349584f62097a81e78c3aaff44fe016275b8e4f2ad0e45e8ab240b
causal_preflight,reddit_deepres8_w128_s7_native,RECORDED,,serialized_speedup,1.8173877820717304,ratio,causal two-layer,results_hpca_xorflow/complete_suite/runs/reddit_slice256/causal_preflight.csv,5b6054869d349584f62097a81e78c3aaff44fe016275b8e4f2ad0e45e8ab240b
causal_preflight,reddit_deepres8_w128_s7_native,RECORDED,,double_buffered_speedup,1.8180013907231465,ratio,causal two-layer,results_hpca_xorflow/complete_suite/runs/reddit_slice256/causal_preflight.csv,5b6054869d349584f62097a81e78c3aaff44fe016275b8e4f2ad0e45e8ab240b
causal_preflight,reddit_deepres8_w128_s7_native,RECORDED,,xorflow_total_bytes,15405671504.0,bytes,causal two-layer,results_hpca_xorflow/complete_suite/runs/reddit_slice256/causal_preflight.csv,5b6054869d349584f62097a81e78c3aaff44fe016275b8e4f2ad0e45e8ab240b
causal_preflight,reddit_deepres8_w128_s7_native,RECORDED,,beicsr_total_bytes,28013630608.0,bytes,causal two-layer,results_hpca_xorflow/complete_suite/runs/reddit_slice256/causal_preflight.csv,5b6054869d349584f62097a81e78c3aaff44fe016275b8e4f2ad0e45e8ab240b
host,reddit_deepres8_w128_s7_native,RECORDED,,host_speedup,1.568007348595562,ratio,aggregation+combination+support_io; energy_pending,results_hpca_xorflow/complete_suite/runs/reddit_slice256/host_model.csv,d49aa14f231d9a160f24f9248d4246d83fe1232aa5cd647af2c257b721226bc7
host,reddit_deepres8_w128_s7_native,RECORDED,,beicsr_host_cycles,113949134.0,cycles,aggregation+combination+support_io; energy_pending,results_hpca_xorflow/complete_suite/runs/reddit_slice256/host_model.csv,d49aa14f231d9a160f24f9248d4246d83fe1232aa5cd647af2c257b721226bc7
host,reddit_deepres8_w128_s7_native,RECORDED,,xorflow_host_cycles,72671301.0,cycles,aggregation+combination+support_io; energy_pending,results_hpca_xorflow/complete_suite/runs/reddit_slice256/host_model.csv,d49aa14f231d9a160f24f9248d4246d83fe1232aa5cd647af2c257b721226bc7
host,reddit_deepres8_w128_s7_native,RECORDED,,combination_scalesim_utilization,99.67830078635802,ratio,aggregation+combination+support_io; energy_pending,results_hpca_xorflow/complete_suite/runs/reddit_slice256/host_model.csv,d49aa14f231d9a160f24f9248d4246d83fe1232aa5cd647af2c257b721226bc7
host,reddit_deepres8_w128_s7_native,RECORDED,,host_speedup,1.7928023078839443,ratio,aggregation+combination+support_io; energy_pending,results_hpca_xorflow/complete_suite/runs/reddit_slice256/host_model.csv,d49aa14f231d9a160f24f9248d4246d83fe1232aa5cd647af2c257b721226bc7
host,reddit_deepres8_w128_s7_native,RECORDED,,beicsr_host_cycles,111327125.0,cycles,aggregation+combination+support_io; energy_pending,results_hpca_xorflow/complete_suite/runs/reddit_slice256/host_model.csv,d49aa14f231d9a160f24f9248d4246d83fe1232aa5cd647af2c257b721226bc7
host,reddit_deepres8_w128_s7_native,RECORDED,,xorflow_host_cycles,62096710.0,cycles,aggregation+combination+support_io; energy_pending,results_hpca_xorflow/complete_suite/runs/reddit_slice256/host_model.csv,d49aa14f231d9a160f24f9248d4246d83fe1232aa5cd647af2c257b721226bc7
host,reddit_deepres8_w128_s7_native,RECORDED,,combination_scalesim_utilization,99.67830078635802,ratio,aggregation+combination+support_io; energy_pending,results_hpca_xorflow/complete_suite/runs/reddit_slice256/host_model.csv,d49aa14f231d9a160f24f9248d4246d83fe1232aa5cd647af2c257b721226bc7
causal_preflight,reddit_deepres8_w128_s7_native,RECORDED,,support_ratio_to_beicsr,0.6104404095035735,ratio,causal two-layer,results_hpca_xorflow/complete_suite/runs/reddit_slice64/causal_preflight.csv,0a49065488cb1d2225c380995f21c64ad666e1589cad8ed2d7f8ddaac389fbb0
causal_preflight,reddit_deepres8_w128_s7_native,RECORDED,,traffic_reduction,-0.0005833113370985,fraction,causal two-layer,results_hpca_xorflow/complete_suite/runs/reddit_slice64/causal_preflight.csv,0a49065488cb1d2225c380995f21c64ad666e1589cad8ed2d7f8ddaac389fbb0
causal_preflight,reddit_deepres8_w128_s7_native,RECORDED,,serialized_speedup,0.999211793125376,ratio,causal two-layer,results_hpca_xorflow/complete_suite/runs/reddit_slice64/causal_preflight.csv,0a49065488cb1d2225c380995f21c64ad666e1589cad8ed2d7f8ddaac389fbb0
causal_preflight,reddit_deepres8_w128_s7_native,RECORDED,,double_buffered_speedup,0.9994173174338032,ratio,causal two-layer,results_hpca_xorflow/complete_suite/runs/reddit_slice64/causal_preflight.csv,0a49065488cb1d2225c380995f21c64ad666e1589cad8ed2d7f8ddaac389fbb0
causal_preflight,reddit_deepres8_w128_s7_native,RECORDED,,xorflow_total_bytes,29869491856.0,bytes,causal two-layer,results_hpca_xorflow/complete_suite/runs/reddit_slice64/causal_preflight.csv,0a49065488cb1d2225c380995f21c64ad666e1589cad8ed2d7f8ddaac389fbb0
causal_preflight,reddit_deepres8_w128_s7_native,RECORDED,,beicsr_total_bytes,29852078800.0,bytes,causal two-layer,results_hpca_xorflow/complete_suite/runs/reddit_slice64/causal_preflight.csv,0a49065488cb1d2225c380995f21c64ad666e1589cad8ed2d7f8ddaac389fbb0
causal_preflight,reddit_deepres8_w128_s7_native,RECORDED,,support_ratio_to_beicsr,0.5334522219002854,ratio,causal two-layer,results_hpca_xorflow/complete_suite/runs/reddit_slice64/causal_preflight.csv,0a49065488cb1d2225c380995f21c64ad666e1589cad8ed2d7f8ddaac389fbb0
causal_preflight,reddit_deepres8_w128_s7_native,RECORDED,,traffic_reduction,-0.0005110060207933,fraction,causal two-layer,results_hpca_xorflow/complete_suite/runs/reddit_slice64/causal_preflight.csv,0a49065488cb1d2225c380995f21c64ad666e1589cad8ed2d7f8ddaac389fbb0
causal_preflight,reddit_deepres8_w128_s7_native,RECORDED,,serialized_speedup,0.9993090537657192,ratio,causal two-layer,results_hpca_xorflow/complete_suite/runs/reddit_slice64/causal_preflight.csv,0a49065488cb1d2225c380995f21c64ad666e1589cad8ed2d7f8ddaac389fbb0
causal_preflight,reddit_deepres8_w128_s7_native,RECORDED,,double_buffered_speedup,0.999489503391634,ratio,causal two-layer,results_hpca_xorflow/complete_suite/runs/reddit_slice64/causal_preflight.csv,0a49065488cb1d2225c380995f21c64ad666e1589cad8ed2d7f8ddaac389fbb0
causal_preflight,reddit_deepres8_w128_s7_native,RECORDED,,xorflow_total_bytes,29867333392.0,bytes,causal two-layer,results_hpca_xorflow/complete_suite/runs/reddit_slice64/causal_preflight.csv,0a49065488cb1d2225c380995f21c64ad666e1589cad8ed2d7f8ddaac389fbb0
causal_preflight,reddit_deepres8_w128_s7_native,RECORDED,,beicsr_total_bytes,29852078800.0,bytes,causal two-layer,results_hpca_xorflow/complete_suite/runs/reddit_slice64/causal_preflight.csv,0a49065488cb1d2225c380995f21c64ad666e1589cad8ed2d7f8ddaac389fbb0
host,reddit_deepres8_w128_s7_native,RECORDED,,host_speedup,0.999227884657137,ratio,aggregation+combination+support_io; energy_pending,results_hpca_xorflow/complete_suite/runs/reddit_slice64/host_model.csv,dbb57a539fac0ba9cec6ca7051c9d4cfbd1089595d8b273128f8229b92dea971
host,reddit_deepres8_w128_s7_native,RECORDED,,beicsr_host_cycles,116784784.0,cycles,aggregation+combination+support_io; energy_pending,results_hpca_xorflow/complete_suite/runs/reddit_slice64/host_model.csv,dbb57a539fac0ba9cec6ca7051c9d4cfbd1089595d8b273128f8229b92dea971
host,reddit_deepres8_w128_s7_native,RECORDED,,xorflow_host_cycles,116875025.0,cycles,aggregation+combination+support_io; energy_pending,results_hpca_xorflow/complete_suite/runs/reddit_slice64/host_model.csv,dbb57a539fac0ba9cec6ca7051c9d4cfbd1089595d8b273128f8229b92dea971
host,reddit_deepres8_w128_s7_native,RECORDED,,combination_scalesim_utilization,99.67910045439376,ratio,aggregation+combination+support_io; energy_pending,results_hpca_xorflow/complete_suite/runs/reddit_slice64/host_model.csv,dbb57a539fac0ba9cec6ca7051c9d4cfbd1089595d8b273128f8229b92dea971
host,reddit_deepres8_w128_s7_native,RECORDED,,host_speedup,0.9993239308887052,ratio,aggregation+combination+support_io; energy_pending,results_hpca_xorflow/complete_suite/runs/reddit_slice64/host_model.csv,dbb57a539fac0ba9cec6ca7051c9d4cfbd1089595d8b273128f8229b92dea971
host,reddit_deepres8_w128_s7_native,RECORDED,,beicsr_host_cycles,116784784.0,cycles,aggregation+combination+support_io; energy_pending,results_hpca_xorflow/complete_suite/runs/reddit_slice64/host_model.csv,dbb57a539fac0ba9cec6ca7051c9d4cfbd1089595d8b273128f8229b92dea971
host,reddit_deepres8_w128_s7_native,RECORDED,,xorflow_host_cycles,116863792.0,cycles,aggregation+combination+support_io; energy_pending,results_hpca_xorflow/complete_suite/runs/reddit_slice64/host_model.csv,dbb57a539fac0ba9cec6ca7051c9d4cfbd1089595d8b273128f8229b92dea971
host,reddit_deepres8_w128_s7_native,RECORDED,,combination_scalesim_utilization,99.67910045439376,ratio,aggregation+combination+support_io; energy_pending,results_hpca_xorflow/complete_suite/runs/reddit_slice64/host_model.csv,dbb57a539fac0ba9cec6ca7051c9d4cfbd1089595d8b273128f8229b92dea971
causal_preflight,reddit_deepres8_w128_s7_native,RECORDED,,support_ratio_to_beicsr,0.6119457053634666,ratio,causal two-layer,results_hpca_xorflow/complete_suite/runs/reddit_slice96/causal_preflight.csv,2b826c8d22354d11a25df6b32a5d60348b10a98a6bbd8c92ea3a04f8e27650c6
causal_preflight,reddit_deepres8_w128_s7_native,RECORDED,,traffic_reduction,0.071237030097548,fraction,causal two-layer,results_hpca_xorflow/complete_suite/runs/reddit_slice96/causal_preflight.csv,2b826c8d22354d11a25df6b32a5d60348b10a98a6bbd8c92ea3a04f8e27650c6
causal_preflight,reddit_deepres8_w128_s7_native,RECORDED,,serialized_speedup,1.0764328465483008,ratio,causal two-layer,results_hpca_xorflow/complete_suite/runs/reddit_slice96/causal_preflight.csv,2b826c8d22354d11a25df6b32a5d60348b10a98a6bbd8c92ea3a04f8e27650c6
causal_preflight,reddit_deepres8_w128_s7_native,RECORDED,,double_buffered_speedup,1.076661607241009,ratio,causal two-layer,results_hpca_xorflow/complete_suite/runs/reddit_slice96/causal_preflight.csv,2b826c8d22354d11a25df6b32a5d60348b10a98a6bbd8c92ea3a04f8e27650c6
causal_preflight,reddit_deepres8_w128_s7_native,RECORDED,,xorflow_total_bytes,29029377360.0,bytes,causal two-layer,results_hpca_xorflow/complete_suite/runs/reddit_slice96/causal_preflight.csv,2b826c8d22354d11a25df6b32a5d60348b10a98a6bbd8c92ea3a04f8e27650c6
causal_preflight,reddit_deepres8_w128_s7_native,RECORDED,,beicsr_total_bytes,31255959056.0,bytes,causal two-layer,results_hpca_xorflow/complete_suite/runs/reddit_slice96/causal_preflight.csv,2b826c8d22354d11a25df6b32a5d60348b10a98a6bbd8c92ea3a04f8e27650c6
causal_preflight,reddit_deepres8_w128_s7_native,RECORDED,,support_ratio_to_beicsr,0.537359139248385,ratio,causal two-layer,results_hpca_xorflow/complete_suite/runs/reddit_slice96/causal_preflight.csv,2b826c8d22354d11a25df6b32a5d60348b10a98a6bbd8c92ea3a04f8e27650c6
causal_preflight,reddit_deepres8_w128_s7_native,RECORDED,,traffic_reduction,0.038503890044213,fraction,causal two-layer,results_hpca_xorflow/complete_suite/runs/reddit_slice96/causal_preflight.csv,2b826c8d22354d11a25df6b32a5d60348b10a98a6bbd8c92ea3a04f8e27650c6
causal_preflight,reddit_deepres8_w128_s7_native,RECORDED,,serialized_speedup,1.0398308817128838,ratio,causal two-layer,results_hpca_xorflow/complete_suite/runs/reddit_slice96/causal_preflight.csv,2b826c8d22354d11a25df6b32a5d60348b10a98a6bbd8c92ea3a04f8e27650c6
causal_preflight,reddit_deepres8_w128_s7_native,RECORDED,,double_buffered_speedup,1.0400252544896686,ratio,causal two-layer,results_hpca_xorflow/complete_suite/runs/reddit_slice96/causal_preflight.csv,2b826c8d22354d11a25df6b32a5d60348b10a98a6bbd8c92ea3a04f8e27650c6
causal_preflight,reddit_deepres8_w128_s7_native,RECORDED,,xorflow_total_bytes,29027054736.0,bytes,causal two-layer,results_hpca_xorflow/complete_suite/runs/reddit_slice96/causal_preflight.csv,2b826c8d22354d11a25df6b32a5d60348b10a98a6bbd8c92ea3a04f8e27650c6
causal_preflight,reddit_deepres8_w128_s7_native,RECORDED,,beicsr_total_bytes,30189466640.0,bytes,causal two-layer,results_hpca_xorflow/complete_suite/runs/reddit_slice96/causal_preflight.csv,2b826c8d22354d11a25df6b32a5d60348b10a98a6bbd8c92ea3a04f8e27650c6
host,reddit_deepres8_w128_s7_native,RECORDED,,host_speedup,1.0762735215425416,ratio,aggregation+combination+support_io; energy_pending,results_hpca_xorflow/complete_suite/runs/reddit_slice96/host_model.csv,a721eaa664ec23ab5f68214985bab9190fc5d93f1b34d35e7e1d04b989fc093a
host,reddit_deepres8_w128_s7_native,RECORDED,,beicsr_host_cycles,122414767.0,cycles,aggregation+combination+support_io; energy_pending,results_hpca_xorflow/complete_suite/runs/reddit_slice96/host_model.csv,a721eaa664ec23ab5f68214985bab9190fc5d93f1b34d35e7e1d04b989fc093a
host,reddit_deepres8_w128_s7_native,RECORDED,,xorflow_host_cycles,113739458.0,cycles,aggregation+combination+support_io; energy_pending,results_hpca_xorflow/complete_suite/runs/reddit_slice96/host_model.csv,a721eaa664ec23ab5f68214985bab9190fc5d93f1b34d35e7e1d04b989fc093a
host,reddit_deepres8_w128_s7_native,RECORDED,,combination_scalesim_utilization,99.67862657549044,ratio,aggregation+combination+support_io; energy_pending,results_hpca_xorflow/complete_suite/runs/reddit_slice96/host_model.csv,a721eaa664ec23ab5f68214985bab9190fc5d93f1b34d35e7e1d04b989fc093a
host,reddit_deepres8_w128_s7_native,RECORDED,,host_speedup,1.0397538347527917,ratio,aggregation+combination+support_io; energy_pending,results_hpca_xorflow/complete_suite/runs/reddit_slice96/host_model.csv,a721eaa664ec23ab5f68214985bab9190fc5d93f1b34d35e7e1d04b989fc093a
host,reddit_deepres8_w128_s7_native,RECORDED,,beicsr_host_cycles,118248781.0,cycles,aggregation+combination+support_io; energy_pending,results_hpca_xorflow/complete_suite/runs/reddit_slice96/host_model.csv,a721eaa664ec23ab5f68214985bab9190fc5d93f1b34d35e7e1d04b989fc093a
host,reddit_deepres8_w128_s7_native,RECORDED,,xorflow_host_cycles,113727670.0,cycles,aggregation+combination+support_io; energy_pending,results_hpca_xorflow/complete_suite/runs/reddit_slice96/host_model.csv,a721eaa664ec23ab5f68214985bab9190fc5d93f1b34d35e7e1d04b989fc093a
host,reddit_deepres8_w128_s7_native,RECORDED,,combination_scalesim_utilization,99.67862657549044,ratio,aggregation+combination+support_io; energy_pending,results_hpca_xorflow/complete_suite/runs/reddit_slice96/host_model.csv,a721eaa664ec23ab5f68214985bab9190fc5d93f1b34d35e7e1d04b989fc093a
causal_preflight,reddit_deepres8_w128_s7_native,RECORDED,,support_ratio_to_beicsr,0.6749583419779318,ratio,causal two-layer,results_hpca_xorflow/complete_suite/runs/reddit_support64k/causal_preflight.csv,75ebf0d244b708ecbc6a34e9b93ac37e314113917533f2ca4a22b117ff8c3305
causal_preflight,reddit_deepres8_w128_s7_native,RECORDED,,traffic_reduction,0.3685841332711445,fraction,causal two-layer,results_hpca_xorflow/complete_suite/runs/reddit_support64k/causal_preflight.csv,75ebf0d244b708ecbc6a34e9b93ac37e314113917533f2ca4a22b117ff8c3305
causal_preflight,reddit_deepres8_w128_s7_native,RECORDED,,serialized_speedup,1.5829866376002637,ratio,causal two-layer,results_hpca_xorflow/complete_suite/runs/reddit_support64k/causal_preflight.csv,75ebf0d244b708ecbc6a34e9b93ac37e314113917533f2ca4a22b117ff8c3305
causal_preflight,reddit_deepres8_w128_s7_native,RECORDED,,double_buffered_speedup,1.5835021076533409,ratio,causal two-layer,results_hpca_xorflow/complete_suite/runs/reddit_support64k/causal_preflight.csv,75ebf0d244b708ecbc6a34e9b93ac37e314113917533f2ca4a22b117ff8c3305
causal_preflight,reddit_deepres8_w128_s7_native,RECORDED,,xorflow_total_bytes,18112078800.0,bytes,causal two-layer,results_hpca_xorflow/complete_suite/runs/reddit_support64k/causal_preflight.csv,75ebf0d244b708ecbc6a34e9b93ac37e314113917533f2ca4a22b117ff8c3305
causal_preflight,reddit_deepres8_w128_s7_native,RECORDED,,beicsr_total_bytes,28684864848.0,bytes,causal two-layer,results_hpca_xorflow/complete_suite/runs/reddit_support64k/causal_preflight.csv,75ebf0d244b708ecbc6a34e9b93ac37e314113917533f2ca4a22b117ff8c3305
causal_preflight,reddit_deepres8_w128_s7_native,RECORDED,,support_ratio_to_beicsr,0.592914738026933,ratio,causal two-layer,results_hpca_xorflow/complete_suite/runs/reddit_support64k/causal_preflight.csv,75ebf0d244b708ecbc6a34e9b93ac37e314113917533f2ca4a22b117ff8c3305
causal_preflight,reddit_deepres8_w128_s7_native,RECORDED,,traffic_reduction,0.4500651586517129,fraction,causal two-layer,results_hpca_xorflow/complete_suite/runs/reddit_support64k/causal_preflight.csv,75ebf0d244b708ecbc6a34e9b93ac37e314113917533f2ca4a22b117ff8c3305
causal_preflight,reddit_deepres8_w128_s7_native,RECORDED,,serialized_speedup,1.8173877820717304,ratio,causal two-layer,results_hpca_xorflow/complete_suite/runs/reddit_support64k/causal_preflight.csv,75ebf0d244b708ecbc6a34e9b93ac37e314113917533f2ca4a22b117ff8c3305
causal_preflight,reddit_deepres8_w128_s7_native,RECORDED,,double_buffered_speedup,1.8180013907231465,ratio,causal two-layer,results_hpca_xorflow/complete_suite/runs/reddit_support64k/causal_preflight.csv,75ebf0d244b708ecbc6a34e9b93ac37e314113917533f2ca4a22b117ff8c3305
causal_preflight,reddit_deepres8_w128_s7_native,RECORDED,,xorflow_total_bytes,15405671504.0,bytes,causal two-layer,results_hpca_xorflow/complete_suite/runs/reddit_support64k/causal_preflight.csv,75ebf0d244b708ecbc6a34e9b93ac37e314113917533f2ca4a22b117ff8c3305
causal_preflight,reddit_deepres8_w128_s7_native,RECORDED,,beicsr_total_bytes,28013630608.0,bytes,causal two-layer,results_hpca_xorflow/complete_suite/runs/reddit_support64k/causal_preflight.csv,75ebf0d244b708ecbc6a34e9b93ac37e314113917533f2ca4a22b117ff8c3305
host,reddit_deepres8_w128_s7_native,RECORDED,,host_speedup,1.5791837124765402,ratio,aggregation+combination+support_io; energy_pending,results_hpca_xorflow/complete_suite/runs/reddit_support64k/host_model.csv,88b52c18555945f283c306bd326e499696d0a2283ab941f2e2145adea84c6e99
host,reddit_deepres8_w128_s7_native,RECORDED,,beicsr_host_cycles,112546814.0,cycles,aggregation+combination+support_io; energy_pending,results_hpca_xorflow/complete_suite/runs/reddit_support64k/host_model.csv,88b52c18555945f283c306bd326e499696d0a2283ab941f2e2145adea84c6e99
host,reddit_deepres8_w128_s7_native,RECORDED,,xorflow_host_cycles,71268981.0,cycles,aggregation+combination+support_io; energy_pending,results_hpca_xorflow/complete_suite/runs/reddit_support64k/host_model.csv,88b52c18555945f283c306bd326e499696d0a2283ab941f2e2145adea84c6e99
host,reddit_deepres8_w128_s7_native,RECORDED,,combination_scalesim_utilization,99.67846071893872,ratio,aggregation+combination+support_io; energy_pending,results_hpca_xorflow/complete_suite/runs/reddit_support64k/host_model.csv,88b52c18555945f283c306bd326e499696d0a2283ab941f2e2145adea84c6e99
host,reddit_deepres8_w128_s7_native,RECORDED,,host_speedup,1.8111196932698392,ratio,aggregation+combination+support_io; energy_pending,results_hpca_xorflow/complete_suite/runs/reddit_support64k/host_model.csv,88b52c18555945f283c306bd326e499696d0a2283ab941f2e2145adea84c6e99
host,reddit_deepres8_w128_s7_native,RECORDED,,beicsr_host_cycles,109924805.0,cycles,aggregation+combination+support_io; energy_pending,results_hpca_xorflow/complete_suite/runs/reddit_support64k/host_model.csv,88b52c18555945f283c306bd326e499696d0a2283ab941f2e2145adea84c6e99
host,reddit_deepres8_w128_s7_native,RECORDED,,xorflow_host_cycles,60694390.0,cycles,aggregation+combination+support_io; energy_pending,results_hpca_xorflow/complete_suite/runs/reddit_support64k/host_model.csv,88b52c18555945f283c306bd326e499696d0a2283ab941f2e2145adea84c6e99
host,reddit_deepres8_w128_s7_native,RECORDED,,combination_scalesim_utilization,99.67846071893872,ratio,aggregation+combination+support_io; energy_pending,results_hpca_xorflow/complete_suite/runs/reddit_support64k/host_model.csv,88b52c18555945f283c306bd326e499696d0a2283ab941f2e2145adea84c6e99
causal_preflight,reddit_deepres8_w128_s7_native,RECORDED,,support_ratio_to_beicsr,0.6751181776232481,ratio,causal two-layer,results_hpca_xorflow/complete_suite/runs/reddit_tile64/causal_preflight.csv,94b632108e03056f975eb30a1e83c450b4c43115282c860e09a8a19f23c4d0f0
causal_preflight,reddit_deepres8_w128_s7_native,RECORDED,,traffic_reduction,0.3685779351593199,fraction,causal two-layer,results_hpca_xorflow/complete_suite/runs/reddit_tile64/causal_preflight.csv,94b632108e03056f975eb30a1e83c450b4c43115282c860e09a8a19f23c4d0f0
causal_preflight,reddit_deepres8_w128_s7_native,RECORDED,,serialized_speedup,1.5829521179312684,ratio,causal two-layer,results_hpca_xorflow/complete_suite/runs/reddit_tile64/causal_preflight.csv,94b632108e03056f975eb30a1e83c450b4c43115282c860e09a8a19f23c4d0f0
causal_preflight,reddit_deepres8_w128_s7_native,RECORDED,,double_buffered_speedup,1.5834865590232647,ratio,causal two-layer,results_hpca_xorflow/complete_suite/runs/reddit_tile64/causal_preflight.csv,94b632108e03056f975eb30a1e83c450b4c43115282c860e09a8a19f23c4d0f0
causal_preflight,reddit_deepres8_w128_s7_native,RECORDED,,xorflow_total_bytes,18112256592.0,bytes,causal two-layer,results_hpca_xorflow/complete_suite/runs/reddit_tile64/causal_preflight.csv,94b632108e03056f975eb30a1e83c450b4c43115282c860e09a8a19f23c4d0f0
causal_preflight,reddit_deepres8_w128_s7_native,RECORDED,,beicsr_total_bytes,28684864848.0,bytes,causal two-layer,results_hpca_xorflow/complete_suite/runs/reddit_tile64/causal_preflight.csv,94b632108e03056f975eb30a1e83c450b4c43115282c860e09a8a19f23c4d0f0
causal_preflight,reddit_deepres8_w128_s7_native,RECORDED,,support_ratio_to_beicsr,0.5932824464571455,ratio,causal two-layer,results_hpca_xorflow/complete_suite/runs/reddit_tile64/causal_preflight.csv,94b632108e03056f975eb30a1e83c450b4c43115282c860e09a8a19f23c4d0f0
causal_preflight,reddit_deepres8_w128_s7_native,RECORDED,,traffic_reduction,0.4500583665295969,fraction,causal two-layer,results_hpca_xorflow/complete_suite/runs/reddit_tile64/causal_preflight.csv,94b632108e03056f975eb30a1e83c450b4c43115282c860e09a8a19f23c4d0f0
causal_preflight,reddit_deepres8_w128_s7_native,RECORDED,,serialized_speedup,1.817341373793048,ratio,causal two-layer,results_hpca_xorflow/complete_suite/runs/reddit_tile64/causal_preflight.csv,94b632108e03056f975eb30a1e83c450b4c43115282c860e09a8a19f23c4d0f0
causal_preflight,reddit_deepres8_w128_s7_native,RECORDED,,double_buffered_speedup,1.81797895568132,ratio,causal two-layer,results_hpca_xorflow/complete_suite/runs/reddit_tile64/causal_preflight.csv,94b632108e03056f975eb30a1e83c450b4c43115282c860e09a8a19f23c4d0f0
causal_preflight,reddit_deepres8_w128_s7_native,RECORDED,,xorflow_total_bytes,15405861776.0,bytes,causal two-layer,results_hpca_xorflow/complete_suite/runs/reddit_tile64/causal_preflight.csv,94b632108e03056f975eb30a1e83c450b4c43115282c860e09a8a19f23c4d0f0
causal_preflight,reddit_deepres8_w128_s7_native,RECORDED,,beicsr_total_bytes,28013630608.0,bytes,causal two-layer,results_hpca_xorflow/complete_suite/runs/reddit_tile64/causal_preflight.csv,94b632108e03056f975eb30a1e83c450b4c43115282c860e09a8a19f23c4d0f0
host,reddit_deepres8_w128_s7_native,RECORDED,,host_speedup,1.579168201973571,ratio,aggregation+combination+support_io; energy_pending,results_hpca_xorflow/complete_suite/runs/reddit_tile64/host_model.csv,dc25bc964a27a6f31f7b9760770fe7b6abbe57bfacca3a86892841820dd24208
host,reddit_deepres8_w128_s7_native,RECORDED,,beicsr_host_cycles,112546814.0,cycles,aggregation+combination+support_io; energy_pending,results_hpca_xorflow/complete_suite/runs/reddit_tile64/host_model.csv,dc25bc964a27a6f31f7b9760770fe7b6abbe57bfacca3a86892841820dd24208
host,reddit_deepres8_w128_s7_native,RECORDED,,xorflow_host_cycles,71269681.0,cycles,aggregation+combination+support_io; energy_pending,results_hpca_xorflow/complete_suite/runs/reddit_tile64/host_model.csv,dc25bc964a27a6f31f7b9760770fe7b6abbe57bfacca3a86892841820dd24208
host,reddit_deepres8_w128_s7_native,RECORDED,,combination_scalesim_utilization,99.67846071893872,ratio,aggregation+combination+support_io; energy_pending,results_hpca_xorflow/complete_suite/runs/reddit_tile64/host_model.csv,dc25bc964a27a6f31f7b9760770fe7b6abbe57bfacca3a86892841820dd24208
host,reddit_deepres8_w128_s7_native,RECORDED,,host_speedup,1.811097164361334,ratio,aggregation+combination+support_io; energy_pending,results_hpca_xorflow/complete_suite/runs/reddit_tile64/host_model.csv,dc25bc964a27a6f31f7b9760770fe7b6abbe57bfacca3a86892841820dd24208
host,reddit_deepres8_w128_s7_native,RECORDED,,beicsr_host_cycles,109924805.0,cycles,aggregation+combination+support_io; energy_pending,results_hpca_xorflow/complete_suite/runs/reddit_tile64/host_model.csv,dc25bc964a27a6f31f7b9760770fe7b6abbe57bfacca3a86892841820dd24208
host,reddit_deepres8_w128_s7_native,RECORDED,,xorflow_host_cycles,60695145.0,cycles,aggregation+combination+support_io; energy_pending,results_hpca_xorflow/complete_suite/runs/reddit_tile64/host_model.csv,dc25bc964a27a6f31f7b9760770fe7b6abbe57bfacca3a86892841820dd24208
host,reddit_deepres8_w128_s7_native,RECORDED,,combination_scalesim_utilization,99.67846071893872,ratio,aggregation+combination+support_io; energy_pending,results_hpca_xorflow/complete_suite/runs/reddit_tile64/host_model.csv,dc25bc964a27a6f31f7b9760770fe7b6abbe57bfacca3a86892841820dd24208
causal_preflight,reddit_deepres8_w128_s7_native,RECORDED,,support_ratio_to_beicsr,0.6749583419779318,ratio,causal two-layer,results_hpca_xorflow/complete_suite/runs/reddit_window1/causal_preflight.csv,75ebf0d244b708ecbc6a34e9b93ac37e314113917533f2ca4a22b117ff8c3305
causal_preflight,reddit_deepres8_w128_s7_native,RECORDED,,traffic_reduction,0.3685841332711445,fraction,causal two-layer,results_hpca_xorflow/complete_suite/runs/reddit_window1/causal_preflight.csv,75ebf0d244b708ecbc6a34e9b93ac37e314113917533f2ca4a22b117ff8c3305
causal_preflight,reddit_deepres8_w128_s7_native,RECORDED,,serialized_speedup,1.5829866376002637,ratio,causal two-layer,results_hpca_xorflow/complete_suite/runs/reddit_window1/causal_preflight.csv,75ebf0d244b708ecbc6a34e9b93ac37e314113917533f2ca4a22b117ff8c3305
causal_preflight,reddit_deepres8_w128_s7_native,RECORDED,,double_buffered_speedup,1.5835021076533409,ratio,causal two-layer,results_hpca_xorflow/complete_suite/runs/reddit_window1/causal_preflight.csv,75ebf0d244b708ecbc6a34e9b93ac37e314113917533f2ca4a22b117ff8c3305
causal_preflight,reddit_deepres8_w128_s7_native,RECORDED,,xorflow_total_bytes,18112078800.0,bytes,causal two-layer,results_hpca_xorflow/complete_suite/runs/reddit_window1/causal_preflight.csv,75ebf0d244b708ecbc6a34e9b93ac37e314113917533f2ca4a22b117ff8c3305
causal_preflight,reddit_deepres8_w128_s7_native,RECORDED,,beicsr_total_bytes,28684864848.0,bytes,causal two-layer,results_hpca_xorflow/complete_suite/runs/reddit_window1/causal_preflight.csv,75ebf0d244b708ecbc6a34e9b93ac37e314113917533f2ca4a22b117ff8c3305
causal_preflight,reddit_deepres8_w128_s7_native,RECORDED,,support_ratio_to_beicsr,0.592914738026933,ratio,causal two-layer,results_hpca_xorflow/complete_suite/runs/reddit_window1/causal_preflight.csv,75ebf0d244b708ecbc6a34e9b93ac37e314113917533f2ca4a22b117ff8c3305
causal_preflight,reddit_deepres8_w128_s7_native,RECORDED,,traffic_reduction,0.4500651586517129,fraction,causal two-layer,results_hpca_xorflow/complete_suite/runs/reddit_window1/causal_preflight.csv,75ebf0d244b708ecbc6a34e9b93ac37e314113917533f2ca4a22b117ff8c3305
causal_preflight,reddit_deepres8_w128_s7_native,RECORDED,,serialized_speedup,1.8173877820717304,ratio,causal two-layer,results_hpca_xorflow/complete_suite/runs/reddit_window1/causal_preflight.csv,75ebf0d244b708ecbc6a34e9b93ac37e314113917533f2ca4a22b117ff8c3305
causal_preflight,reddit_deepres8_w128_s7_native,RECORDED,,double_buffered_speedup,1.8180013907231465,ratio,causal two-layer,results_hpca_xorflow/complete_suite/runs/reddit_window1/causal_preflight.csv,75ebf0d244b708ecbc6a34e9b93ac37e314113917533f2ca4a22b117ff8c3305
causal_preflight,reddit_deepres8_w128_s7_native,RECORDED,,xorflow_total_bytes,15405671504.0,bytes,causal two-layer,results_hpca_xorflow/complete_suite/runs/reddit_window1/causal_preflight.csv,75ebf0d244b708ecbc6a34e9b93ac37e314113917533f2ca4a22b117ff8c3305
causal_preflight,reddit_deepres8_w128_s7_native,RECORDED,,beicsr_total_bytes,28013630608.0,bytes,causal two-layer,results_hpca_xorflow/complete_suite/runs/reddit_window1/causal_preflight.csv,75ebf0d244b708ecbc6a34e9b93ac37e314113917533f2ca4a22b117ff8c3305
host,reddit_deepres8_w128_s7_native,RECORDED,,host_speedup,1.5791837124765402,ratio,aggregation+combination+support_io; energy_pending,results_hpca_xorflow/complete_suite/runs/reddit_window1/host_model.csv,88b52c18555945f283c306bd326e499696d0a2283ab941f2e2145adea84c6e99
host,reddit_deepres8_w128_s7_native,RECORDED,,beicsr_host_cycles,112546814.0,cycles,aggregation+combination+support_io; energy_pending,results_hpca_xorflow/complete_suite/runs/reddit_window1/host_model.csv,88b52c18555945f283c306bd326e499696d0a2283ab941f2e2145adea84c6e99
host,reddit_deepres8_w128_s7_native,RECORDED,,xorflow_host_cycles,71268981.0,cycles,aggregation+combination+support_io; energy_pending,results_hpca_xorflow/complete_suite/runs/reddit_window1/host_model.csv,88b52c18555945f283c306bd326e499696d0a2283ab941f2e2145adea84c6e99
host,reddit_deepres8_w128_s7_native,RECORDED,,combination_scalesim_utilization,99.67846071893872,ratio,aggregation+combination+support_io; energy_pending,results_hpca_xorflow/complete_suite/runs/reddit_window1/host_model.csv,88b52c18555945f283c306bd326e499696d0a2283ab941f2e2145adea84c6e99
host,reddit_deepres8_w128_s7_native,RECORDED,,host_speedup,1.8111196932698392,ratio,aggregation+combination+support_io; energy_pending,results_hpca_xorflow/complete_suite/runs/reddit_window1/host_model.csv,88b52c18555945f283c306bd326e499696d0a2283ab941f2e2145adea84c6e99
host,reddit_deepres8_w128_s7_native,RECORDED,,beicsr_host_cycles,109924805.0,cycles,aggregation+combination+support_io; energy_pending,results_hpca_xorflow/complete_suite/runs/reddit_window1/host_model.csv,88b52c18555945f283c306bd326e499696d0a2283ab941f2e2145adea84c6e99
host,reddit_deepres8_w128_s7_native,RECORDED,,xorflow_host_cycles,60694390.0,cycles,aggregation+combination+support_io; energy_pending,results_hpca_xorflow/complete_suite/runs/reddit_window1/host_model.csv,88b52c18555945f283c306bd326e499696d0a2283ab941f2e2145adea84c6e99
host,reddit_deepres8_w128_s7_native,RECORDED,,combination_scalesim_utilization,99.67846071893872,ratio,aggregation+combination+support_io; energy_pending,results_hpca_xorflow/complete_suite/runs/reddit_window1/host_model.csv,88b52c18555945f283c306bd326e499696d0a2283ab941f2e2145adea84c6e99
causal_preflight,ogbn_arxiv_deepres8_w128_s17,RECORDED,,support_ratio_to_beicsr,0.7227651702297835,ratio,causal two-layer,results_hpca_xorflow/complete_suite/runs/smoke_check/causal_preflight.csv,6a85a236cd9d9f015aa76b1797f2b294542b86241669586bf0dcef4808ab5374
causal_preflight,ogbn_arxiv_deepres8_w128_s17,RECORDED,,traffic_reduction,0.1362471921945746,fraction,causal two-layer,results_hpca_xorflow/complete_suite/runs/smoke_check/causal_preflight.csv,6a85a236cd9d9f015aa76b1797f2b294542b86241669586bf0dcef4808ab5374
causal_preflight,ogbn_arxiv_deepres8_w128_s17,RECORDED,,serialized_speedup,1.1461466803718114,ratio,causal two-layer,results_hpca_xorflow/complete_suite/runs/smoke_check/causal_preflight.csv,6a85a236cd9d9f015aa76b1797f2b294542b86241669586bf0dcef4808ab5374
causal_preflight,ogbn_arxiv_deepres8_w128_s17,RECORDED,,double_buffered_speedup,1.156116282018829,ratio,causal two-layer,results_hpca_xorflow/complete_suite/runs/smoke_check/causal_preflight.csv,6a85a236cd9d9f015aa76b1797f2b294542b86241669586bf0dcef4808ab5374
causal_preflight,ogbn_arxiv_deepres8_w128_s17,RECORDED,,xorflow_total_bytes,521480752.0,bytes,causal two-layer,results_hpca_xorflow/complete_suite/runs/smoke_check/causal_preflight.csv,6a85a236cd9d9f015aa76b1797f2b294542b86241669586bf0dcef4808ab5374
causal_preflight,ogbn_arxiv_deepres8_w128_s17,RECORDED,,beicsr_total_bytes,603738416.0,bytes,causal two-layer,results_hpca_xorflow/complete_suite/runs/smoke_check/causal_preflight.csv,6a85a236cd9d9f015aa76b1797f2b294542b86241669586bf0dcef4808ab5374
causal_preflight,ogbn_arxiv_deepres8_w128_s17,RECORDED,,support_ratio_to_beicsr,0.6623898028787071,ratio,causal two-layer,results_hpca_xorflow/complete_suite/runs/smoke_check/causal_preflight.csv,6a85a236cd9d9f015aa76b1797f2b294542b86241669586bf0dcef4808ab5374
causal_preflight,ogbn_arxiv_deepres8_w128_s17,RECORDED,,traffic_reduction,0.272675477239821,fraction,causal two-layer,results_hpca_xorflow/complete_suite/runs/smoke_check/causal_preflight.csv,6a85a236cd9d9f015aa76b1797f2b294542b86241669586bf0dcef4808ab5374
causal_preflight,ogbn_arxiv_deepres8_w128_s17,RECORDED,,serialized_speedup,1.3574288572248625,ratio,causal two-layer,results_hpca_xorflow/complete_suite/runs/smoke_check/causal_preflight.csv,6a85a236cd9d9f015aa76b1797f2b294542b86241669586bf0dcef4808ab5374
causal_preflight,ogbn_arxiv_deepres8_w128_s17,RECORDED,,double_buffered_speedup,1.3703307090968475,ratio,causal two-layer,results_hpca_xorflow/complete_suite/runs/smoke_check/causal_preflight.csv,6a85a236cd9d9f015aa76b1797f2b294542b86241669586bf0dcef4808ab5374
causal_preflight,ogbn_arxiv_deepres8_w128_s17,RECORDED,,xorflow_total_bytes,438996080.0,bytes,causal two-layer,results_hpca_xorflow/complete_suite/runs/smoke_check/causal_preflight.csv,6a85a236cd9d9f015aa76b1797f2b294542b86241669586bf0dcef4808ab5374
causal_preflight,ogbn_arxiv_deepres8_w128_s17,RECORDED,,beicsr_total_bytes,603576624.0,bytes,causal two-layer,results_hpca_xorflow/complete_suite/runs/smoke_check/causal_preflight.csv,6a85a236cd9d9f015aa76b1797f2b294542b86241669586bf0dcef4808ab5374
host,ogbn_arxiv_deepres8_w128_s17,RECORDED,,host_speedup,1.125892633152923,ratio,aggregation+combination+support_io; energy_pending,results_hpca_xorflow/complete_suite/runs/smoke_check/host_model.csv,15fe9bde05a71005212db3eb6d66b1f0fa4c66e33e5dae659ff424f7e3698197
host,ogbn_arxiv_deepres8_w128_s17,RECORDED,,beicsr_host_cycles,2719713.0,cycles,aggregation+combination+support_io; energy_pending,results_hpca_xorflow/complete_suite/runs/smoke_check/host_model.csv,15fe9bde05a71005212db3eb6d66b1f0fa4c66e33e5dae659ff424f7e3698197
host,ogbn_arxiv_deepres8_w128_s17,RECORDED,,xorflow_host_cycles,2415606.0,cycles,aggregation+combination+support_io; energy_pending,results_hpca_xorflow/complete_suite/runs/smoke_check/host_model.csv,15fe9bde05a71005212db3eb6d66b1f0fa4c66e33e5dae659ff424f7e3698197
host,ogbn_arxiv_deepres8_w128_s17,RECORDED,,combination_scalesim_utilization,99.55818937008917,ratio,aggregation+combination+support_io; energy_pending,results_hpca_xorflow/complete_suite/runs/smoke_check/host_model.csv,15fe9bde05a71005212db3eb6d66b1f0fa4c66e33e5dae659ff424f7e3698197
host,ogbn_arxiv_deepres8_w128_s17,RECORDED,,host_speedup,1.299774900416499,ratio,aggregation+combination+support_io; energy_pending,results_hpca_xorflow/complete_suite/runs/smoke_check/host_model.csv,15fe9bde05a71005212db3eb6d66b1f0fa4c66e33e5dae659ff424f7e3698197
host,ogbn_arxiv_deepres8_w128_s17,RECORDED,,beicsr_host_cycles,2719081.0,cycles,aggregation+combination+support_io; energy_pending,results_hpca_xorflow/complete_suite/runs/smoke_check/host_model.csv,15fe9bde05a71005212db3eb6d66b1f0fa4c66e33e5dae659ff424f7e3698197
host,ogbn_arxiv_deepres8_w128_s17,RECORDED,,xorflow_host_cycles,2091963.0,cycles,aggregation+combination+support_io; energy_pending,results_hpca_xorflow/complete_suite/runs/smoke_check/host_model.csv,15fe9bde05a71005212db3eb6d66b1f0fa4c66e33e5dae659ff424f7e3698197
host,ogbn_arxiv_deepres8_w128_s17,RECORDED,,combination_scalesim_utilization,99.55818937008917,ratio,aggregation+combination+support_io; energy_pending,results_hpca_xorflow/complete_suite/runs/smoke_check/host_model.csv,15fe9bde05a71005212db3eb6d66b1f0fa4c66e33e5dae659ff424f7e3698197
causal_preflight,yelp_deepres8_w128_s7_balanced_fallback,RECORDED,,support_ratio_to_beicsr,0.484098109886458,ratio,causal two-layer,results_hpca_xorflow/complete_suite/runs/yelp_cache1m/causal_preflight.csv,03d3e4636b4e49dd54ae0b8e7e6ef72e6f1ed6601c5b7b5ecca4b77b27ec960b
causal_preflight,yelp_deepres8_w128_s7_balanced_fallback,RECORDED,,traffic_reduction,0.0724238181673164,fraction,causal two-layer,results_hpca_xorflow/complete_suite/runs/yelp_cache1m/causal_preflight.csv,03d3e4636b4e49dd54ae0b8e7e6ef72e6f1ed6601c5b7b5ecca4b77b27ec960b
causal_preflight,yelp_deepres8_w128_s7_balanced_fallback,RECORDED,,serialized_speedup,1.0734505176747728,ratio,causal two-layer,results_hpca_xorflow/complete_suite/runs/yelp_cache1m/causal_preflight.csv,03d3e4636b4e49dd54ae0b8e7e6ef72e6f1ed6601c5b7b5ecca4b77b27ec960b
causal_preflight,yelp_deepres8_w128_s7_balanced_fallback,RECORDED,,double_buffered_speedup,1.0775481872602066,ratio,causal two-layer,results_hpca_xorflow/complete_suite/runs/yelp_cache1m/causal_preflight.csv,03d3e4636b4e49dd54ae0b8e7e6ef72e6f1ed6601c5b7b5ecca4b77b27ec960b
causal_preflight,yelp_deepres8_w128_s7_balanced_fallback,RECORDED,,xorflow_total_bytes,3353900120.0,bytes,causal two-layer,results_hpca_xorflow/complete_suite/runs/yelp_cache1m/causal_preflight.csv,03d3e4636b4e49dd54ae0b8e7e6ef72e6f1ed6601c5b7b5ecca4b77b27ec960b
causal_preflight,yelp_deepres8_w128_s7_balanced_fallback,RECORDED,,beicsr_total_bytes,3615767832.0,bytes,causal two-layer,results_hpca_xorflow/complete_suite/runs/yelp_cache1m/causal_preflight.csv,03d3e4636b4e49dd54ae0b8e7e6ef72e6f1ed6601c5b7b5ecca4b77b27ec960b
causal_preflight,yelp_deepres8_w128_s7_balanced_fallback,RECORDED,,support_ratio_to_beicsr,0.4847178618852961,ratio,causal two-layer,results_hpca_xorflow/complete_suite/runs/yelp_cache1m/causal_preflight.csv,03d3e4636b4e49dd54ae0b8e7e6ef72e6f1ed6601c5b7b5ecca4b77b27ec960b
causal_preflight,yelp_deepres8_w128_s7_balanced_fallback,RECORDED,,traffic_reduction,0.0845131322589642,fraction,causal two-layer,results_hpca_xorflow/complete_suite/runs/yelp_cache1m/causal_preflight.csv,03d3e4636b4e49dd54ae0b8e7e6ef72e6f1ed6601c5b7b5ecca4b77b27ec960b
causal_preflight,yelp_deepres8_w128_s7_balanced_fallback,RECORDED,,serialized_speedup,1.0874626698047645,ratio,causal two-layer,results_hpca_xorflow/complete_suite/runs/yelp_cache1m/causal_preflight.csv,03d3e4636b4e49dd54ae0b8e7e6ef72e6f1ed6601c5b7b5ecca4b77b27ec960b
causal_preflight,yelp_deepres8_w128_s7_balanced_fallback,RECORDED,,double_buffered_speedup,1.0916796613637243,ratio,causal two-layer,results_hpca_xorflow/complete_suite/runs/yelp_cache1m/causal_preflight.csv,03d3e4636b4e49dd54ae0b8e7e6ef72e6f1ed6601c5b7b5ecca4b77b27ec960b
causal_preflight,yelp_deepres8_w128_s7_balanced_fallback,RECORDED,,xorflow_total_bytes,3310358936.0,bytes,causal two-layer,results_hpca_xorflow/complete_suite/runs/yelp_cache1m/causal_preflight.csv,03d3e4636b4e49dd54ae0b8e7e6ef72e6f1ed6601c5b7b5ecca4b77b27ec960b
causal_preflight,yelp_deepres8_w128_s7_balanced_fallback,RECORDED,,beicsr_total_bytes,3615954584.0,bytes,causal two-layer,results_hpca_xorflow/complete_suite/runs/yelp_cache1m/causal_preflight.csv,03d3e4636b4e49dd54ae0b8e7e6ef72e6f1ed6601c5b7b5ecca4b77b27ec960b
host,yelp_deepres8_w128_s7_balanced_fallback,RECORDED,,host_speedup,1.0663805567361526,ratio,aggregation+combination+support_io; energy_pending,results_hpca_xorflow/complete_suite/runs/yelp_cache1m/host_model.csv,d9519af690803c525e953346621efe968dc3deda4aef2c3b4b185b05e1aeb1a0
host,yelp_deepres8_w128_s7_balanced_fallback,RECORDED,,beicsr_host_cycles,15648899.0,cycles,aggregation+combination+support_io; energy_pending,results_hpca_xorflow/complete_suite/runs/yelp_cache1m/host_model.csv,d9519af690803c525e953346621efe968dc3deda4aef2c3b4b185b05e1aeb1a0
host,yelp_deepres8_w128_s7_balanced_fallback,RECORDED,,xorflow_host_cycles,14674779.0,cycles,aggregation+combination+support_io; energy_pending,results_hpca_xorflow/complete_suite/runs/yelp_cache1m/host_model.csv,d9519af690803c525e953346621efe968dc3deda4aef2c3b4b185b05e1aeb1a0
host,yelp_deepres8_w128_s7_balanced_fallback,RECORDED,,combination_scalesim_utilization,99.89527584676412,ratio,aggregation+combination+support_io; energy_pending,results_hpca_xorflow/complete_suite/runs/yelp_cache1m/host_model.csv,d9519af690803c525e953346621efe968dc3deda4aef2c3b4b185b05e1aeb1a0
host,yelp_deepres8_w128_s7_balanced_fallback,RECORDED,,host_speedup,1.078930651583432,ratio,aggregation+combination+support_io; energy_pending,results_hpca_xorflow/complete_suite/runs/yelp_cache1m/host_model.csv,d9519af690803c525e953346621efe968dc3deda4aef2c3b4b185b05e1aeb1a0
host,yelp_deepres8_w128_s7_balanced_fallback,RECORDED,,beicsr_host_cycles,15649628.0,cycles,aggregation+combination+support_io; energy_pending,results_hpca_xorflow/complete_suite/runs/yelp_cache1m/host_model.csv,d9519af690803c525e953346621efe968dc3deda4aef2c3b4b185b05e1aeb1a0
host,yelp_deepres8_w128_s7_balanced_fallback,RECORDED,,xorflow_host_cycles,14504758.0,cycles,aggregation+combination+support_io; energy_pending,results_hpca_xorflow/complete_suite/runs/yelp_cache1m/host_model.csv,d9519af690803c525e953346621efe968dc3deda4aef2c3b4b185b05e1aeb1a0
host,yelp_deepres8_w128_s7_balanced_fallback,RECORDED,,combination_scalesim_utilization,99.89527584676412,ratio,aggregation+combination+support_io; energy_pending,results_hpca_xorflow/complete_suite/runs/yelp_cache1m/host_model.csv,d9519af690803c525e953346621efe968dc3deda4aef2c3b4b185b05e1aeb1a0
causal_preflight,yelp_deepres8_w128_s7_balanced_fallback,RECORDED,,support_ratio_to_beicsr,0.484098109886458,ratio,causal two-layer,results_hpca_xorflow/complete_suite/runs/yelp_cache256/causal_preflight.csv,abe7b9e9937e3eabb0dabdf305d21b8c040109d0b1686a7d11331f589055a65b
causal_preflight,yelp_deepres8_w128_s7_balanced_fallback,RECORDED,,traffic_reduction,0.0762709465076919,fraction,causal two-layer,results_hpca_xorflow/complete_suite/runs/yelp_cache256/causal_preflight.csv,abe7b9e9937e3eabb0dabdf305d21b8c040109d0b1686a7d11331f589055a65b
causal_preflight,yelp_deepres8_w128_s7_balanced_fallback,RECORDED,,serialized_speedup,1.078240149663822,ratio,causal two-layer,results_hpca_xorflow/complete_suite/runs/yelp_cache256/causal_preflight.csv,abe7b9e9937e3eabb0dabdf305d21b8c040109d0b1686a7d11331f589055a65b
causal_preflight,yelp_deepres8_w128_s7_balanced_fallback,RECORDED,,double_buffered_speedup,1.0820494538694456,ratio,causal two-layer,results_hpca_xorflow/complete_suite/runs/yelp_cache256/causal_preflight.csv,abe7b9e9937e3eabb0dabdf305d21b8c040109d0b1686a7d11331f589055a65b
causal_preflight,yelp_deepres8_w128_s7_balanced_fallback,RECORDED,,xorflow_total_bytes,3625735640.0,bytes,causal two-layer,results_hpca_xorflow/complete_suite/runs/yelp_cache256/causal_preflight.csv,abe7b9e9937e3eabb0dabdf305d21b8c040109d0b1686a7d11331f589055a65b
causal_preflight,yelp_deepres8_w128_s7_balanced_fallback,RECORDED,,beicsr_total_bytes,3925107288.0,bytes,causal two-layer,results_hpca_xorflow/complete_suite/runs/yelp_cache256/causal_preflight.csv,abe7b9e9937e3eabb0dabdf305d21b8c040109d0b1686a7d11331f589055a65b
causal_preflight,yelp_deepres8_w128_s7_balanced_fallback,RECORDED,,support_ratio_to_beicsr,0.4847178618852961,ratio,causal two-layer,results_hpca_xorflow/complete_suite/runs/yelp_cache256/causal_preflight.csv,abe7b9e9937e3eabb0dabdf305d21b8c040109d0b1686a7d11331f589055a65b
causal_preflight,yelp_deepres8_w128_s7_balanced_fallback,RECORDED,,traffic_reduction,0.0906812825335923,fraction,causal two-layer,results_hpca_xorflow/complete_suite/runs/yelp_cache256/causal_preflight.csv,abe7b9e9937e3eabb0dabdf305d21b8c040109d0b1686a7d11331f589055a65b
causal_preflight,yelp_deepres8_w128_s7_balanced_fallback,RECORDED,,serialized_speedup,1.0951473705675794,ratio,causal two-layer,results_hpca_xorflow/complete_suite/runs/yelp_cache256/causal_preflight.csv,abe7b9e9937e3eabb0dabdf305d21b8c040109d0b1686a7d11331f589055a65b
causal_preflight,yelp_deepres8_w128_s7_balanced_fallback,RECORDED,,double_buffered_speedup,1.0990876804437395,ratio,causal two-layer,results_hpca_xorflow/complete_suite/runs/yelp_cache256/causal_preflight.csv,abe7b9e9937e3eabb0dabdf305d21b8c040109d0b1686a7d11331f589055a65b
causal_preflight,yelp_deepres8_w128_s7_balanced_fallback,RECORDED,,xorflow_total_bytes,3569626584.0,bytes,causal two-layer,results_hpca_xorflow/complete_suite/runs/yelp_cache256/causal_preflight.csv,abe7b9e9937e3eabb0dabdf305d21b8c040109d0b1686a7d11331f589055a65b
causal_preflight,yelp_deepres8_w128_s7_balanced_fallback,RECORDED,,beicsr_total_bytes,3925605528.0,bytes,causal two-layer,results_hpca_xorflow/complete_suite/runs/yelp_cache256/causal_preflight.csv,abe7b9e9937e3eabb0dabdf305d21b8c040109d0b1686a7d11331f589055a65b
host,yelp_deepres8_w128_s7_balanced_fallback,RECORDED,,host_speedup,1.0712108992036162,ratio,aggregation+combination+support_io; energy_pending,results_hpca_xorflow/complete_suite/runs/yelp_cache256/host_model.csv,6bf403974e37beb8572e696499f0869bb08c17ece05248e88e5edac9f84b5327
host,yelp_deepres8_w128_s7_balanced_fallback,RECORDED,,beicsr_host_cycles,16857256.0,cycles,aggregation+combination+support_io; energy_pending,results_hpca_xorflow/complete_suite/runs/yelp_cache256/host_model.csv,6bf403974e37beb8572e696499f0869bb08c17ece05248e88e5edac9f84b5327
host,yelp_deepres8_w128_s7_balanced_fallback,RECORDED,,xorflow_host_cycles,15736636.0,cycles,aggregation+combination+support_io; energy_pending,results_hpca_xorflow/complete_suite/runs/yelp_cache256/host_model.csv,6bf403974e37beb8572e696499f0869bb08c17ece05248e88e5edac9f84b5327
host,yelp_deepres8_w128_s7_balanced_fallback,RECORDED,,combination_scalesim_utilization,99.89527584676412,ratio,aggregation+combination+support_io; energy_pending,results_hpca_xorflow/complete_suite/runs/yelp_cache256/host_model.csv,6bf403974e37beb8572e696499f0869bb08c17ece05248e88e5edac9f84b5327
host,yelp_deepres8_w128_s7_balanced_fallback,RECORDED,,host_speedup,1.08646225860031,ratio,aggregation+combination+support_io; energy_pending,results_hpca_xorflow/complete_suite/runs/yelp_cache256/host_model.csv,6bf403974e37beb8572e696499f0869bb08c17ece05248e88e5edac9f84b5327
host,yelp_deepres8_w128_s7_balanced_fallback,RECORDED,,beicsr_host_cycles,16859202.0,cycles,aggregation+combination+support_io; energy_pending,results_hpca_xorflow/complete_suite/runs/yelp_cache256/host_model.csv,6bf403974e37beb8572e696499f0869bb08c17ece05248e88e5edac9f84b5327
host,yelp_deepres8_w128_s7_balanced_fallback,RECORDED,,xorflow_host_cycles,15517522.0,cycles,aggregation+combination+support_io; energy_pending,results_hpca_xorflow/complete_suite/runs/yelp_cache256/host_model.csv,6bf403974e37beb8572e696499f0869bb08c17ece05248e88e5edac9f84b5327
host,yelp_deepres8_w128_s7_balanced_fallback,RECORDED,,combination_scalesim_utilization,99.89527584676412,ratio,aggregation+combination+support_io; energy_pending,results_hpca_xorflow/complete_suite/runs/yelp_cache256/host_model.csv,6bf403974e37beb8572e696499f0869bb08c17ece05248e88e5edac9f84b5327
causal_preflight,yelp_deepres8_w128_s7_balanced_fallback,RECORDED,,support_ratio_to_beicsr,0.484098109886458,ratio,causal two-layer,results_hpca_xorflow/complete_suite/runs/yelp_order_o1/causal_preflight.csv,088a8bd9f2c61e3834ac4e8f6adc974c25af7ed6347f190becdfd914f77d9efc
causal_preflight,yelp_deepres8_w128_s7_balanced_fallback,RECORDED,,traffic_reduction,0.0743827174733778,fraction,causal two-layer,results_hpca_xorflow/complete_suite/runs/yelp_order_o1/causal_preflight.csv,088a8bd9f2c61e3834ac4e8f6adc974c25af7ed6347f190becdfd914f77d9efc
causal_preflight,yelp_deepres8_w128_s7_balanced_fallback,RECORDED,,serialized_speedup,1.0759328823356626,ratio,causal two-layer,results_hpca_xorflow/complete_suite/runs/yelp_order_o1/causal_preflight.csv,088a8bd9f2c61e3834ac4e8f6adc974c25af7ed6347f190becdfd914f77d9efc
causal_preflight,yelp_deepres8_w128_s7_balanced_fallback,RECORDED,,double_buffered_speedup,1.0798407188928658,ratio,causal two-layer,results_hpca_xorflow/complete_suite/runs/yelp_order_o1/causal_preflight.csv,088a8bd9f2c61e3834ac4e8f6adc974c25af7ed6347f190becdfd914f77d9efc
causal_preflight,yelp_deepres8_w128_s7_balanced_fallback,RECORDED,,xorflow_total_bytes,3526127064.0,bytes,causal two-layer,results_hpca_xorflow/complete_suite/runs/yelp_order_o1/causal_preflight.csv,088a8bd9f2c61e3834ac4e8f6adc974c25af7ed6347f190becdfd914f77d9efc
causal_preflight,yelp_deepres8_w128_s7_balanced_fallback,RECORDED,,beicsr_total_bytes,3809487064.0,bytes,causal two-layer,results_hpca_xorflow/complete_suite/runs/yelp_order_o1/causal_preflight.csv,088a8bd9f2c61e3834ac4e8f6adc974c25af7ed6347f190becdfd914f77d9efc
causal_preflight,yelp_deepres8_w128_s7_balanced_fallback,RECORDED,,support_ratio_to_beicsr,0.4847178618852961,ratio,causal two-layer,results_hpca_xorflow/complete_suite/runs/yelp_order_o1/causal_preflight.csv,088a8bd9f2c61e3834ac4e8f6adc974c25af7ed6347f190becdfd914f77d9efc
causal_preflight,yelp_deepres8_w128_s7_balanced_fallback,RECORDED,,traffic_reduction,0.0878971593477349,fraction,causal two-layer,results_hpca_xorflow/complete_suite/runs/yelp_order_o1/causal_preflight.csv,088a8bd9f2c61e3834ac4e8f6adc974c25af7ed6347f190becdfd914f77d9efc
causal_preflight,yelp_deepres8_w128_s7_balanced_fallback,RECORDED,,serialized_speedup,1.0917014401763774,ratio,causal two-layer,results_hpca_xorflow/complete_suite/runs/yelp_order_o1/causal_preflight.csv,088a8bd9f2c61e3834ac4e8f6adc974c25af7ed6347f190becdfd914f77d9efc
causal_preflight,yelp_deepres8_w128_s7_balanced_fallback,RECORDED,,double_buffered_speedup,1.0957356376527023,ratio,causal two-layer,results_hpca_xorflow/complete_suite/runs/yelp_order_o1/causal_preflight.csv,088a8bd9f2c61e3834ac4e8f6adc974c25af7ed6347f190becdfd914f77d9efc
causal_preflight,yelp_deepres8_w128_s7_balanced_fallback,RECORDED,,xorflow_total_bytes,3474975832.0,bytes,causal two-layer,results_hpca_xorflow/complete_suite/runs/yelp_order_o1/causal_preflight.csv,088a8bd9f2c61e3834ac4e8f6adc974c25af7ed6347f190becdfd914f77d9efc
causal_preflight,yelp_deepres8_w128_s7_balanced_fallback,RECORDED,,beicsr_total_bytes,3809850904.0,bytes,causal two-layer,results_hpca_xorflow/complete_suite/runs/yelp_order_o1/causal_preflight.csv,088a8bd9f2c61e3834ac4e8f6adc974c25af7ed6347f190becdfd914f77d9efc
host,yelp_deepres8_w128_s7_balanced_fallback,RECORDED,,host_speedup,1.0689409507973264,ratio,aggregation+combination+support_io; energy_pending,results_hpca_xorflow/complete_suite/runs/yelp_order_o1/host_model.csv,3b85c9c3b230e20bf417ad6671e81c2a38f82989bc6c21d115b424f95e417205
host,yelp_deepres8_w128_s7_balanced_fallback,RECORDED,,beicsr_host_cycles,16405614.0,cycles,aggregation+combination+support_io; energy_pending,results_hpca_xorflow/complete_suite/runs/yelp_order_o1/host_model.csv,3b85c9c3b230e20bf417ad6671e81c2a38f82989bc6c21d115b424f95e417205
host,yelp_deepres8_w128_s7_balanced_fallback,RECORDED,,xorflow_host_cycles,15347540.0,cycles,aggregation+combination+support_io; energy_pending,results_hpca_xorflow/complete_suite/runs/yelp_order_o1/host_model.csv,3b85c9c3b230e20bf417ad6671e81c2a38f82989bc6c21d115b424f95e417205
host,yelp_deepres8_w128_s7_balanced_fallback,RECORDED,,combination_scalesim_utilization,99.89527584676412,ratio,aggregation+combination+support_io; energy_pending,results_hpca_xorflow/complete_suite/runs/yelp_order_o1/host_model.csv,3b85c9c3b230e20bf417ad6671e81c2a38f82989bc6c21d115b424f95e417205
host,yelp_deepres8_w128_s7_balanced_fallback,RECORDED,,host_speedup,1.0831304599950633,ratio,aggregation+combination+support_io; energy_pending,results_hpca_xorflow/complete_suite/runs/yelp_order_o1/host_model.csv,3b85c9c3b230e20bf417ad6671e81c2a38f82989bc6c21d115b424f95e417205
host,yelp_deepres8_w128_s7_balanced_fallback,RECORDED,,beicsr_host_cycles,16407036.0,cycles,aggregation+combination+support_io; energy_pending,results_hpca_xorflow/complete_suite/runs/yelp_order_o1/host_model.csv,3b85c9c3b230e20bf417ad6671e81c2a38f82989bc6c21d115b424f95e417205
host,yelp_deepres8_w128_s7_balanced_fallback,RECORDED,,xorflow_host_cycles,15147793.0,cycles,aggregation+combination+support_io; energy_pending,results_hpca_xorflow/complete_suite/runs/yelp_order_o1/host_model.csv,3b85c9c3b230e20bf417ad6671e81c2a38f82989bc6c21d115b424f95e417205
host,yelp_deepres8_w128_s7_balanced_fallback,RECORDED,,combination_scalesim_utilization,99.89527584676412,ratio,aggregation+combination+support_io; energy_pending,results_hpca_xorflow/complete_suite/runs/yelp_order_o1/host_model.csv,3b85c9c3b230e20bf417ad6671e81c2a38f82989bc6c21d115b424f95e417205
causal_preflight,yelp_deepres8_w128_s7_balanced_fallback,RECORDED,,support_ratio_to_beicsr,0.4340057745934627,ratio,causal two-layer,results_hpca_xorflow/complete_suite/runs/yelp_slice64/causal_preflight.csv,31d8a3b866ae72eeb7af93f01dc904fd2fd33c06c27422c4daaeafc889155f7f
causal_preflight,yelp_deepres8_w128_s7_balanced_fallback,RECORDED,,traffic_reduction,-0.0097698422288554,fraction,causal two-layer,results_hpca_xorflow/complete_suite/runs/yelp_slice64/causal_preflight.csv,31d8a3b866ae72eeb7af93f01dc904fd2fd33c06c27422c4daaeafc889155f7f
causal_preflight,yelp_deepres8_w128_s7_balanced_fallback,RECORDED,,serialized_speedup,0.9869481123598722,ratio,causal two-layer,results_hpca_xorflow/complete_suite/runs/yelp_slice64/causal_preflight.csv,31d8a3b866ae72eeb7af93f01dc904fd2fd33c06c27422c4daaeafc889155f7f
causal_preflight,yelp_deepres8_w128_s7_balanced_fallback,RECORDED,,double_buffered_speedup,0.990435359148188,ratio,causal two-layer,results_hpca_xorflow/complete_suite/runs/yelp_slice64/causal_preflight.csv,31d8a3b866ae72eeb7af93f01dc904fd2fd33c06c27422c4daaeafc889155f7f
causal_preflight,yelp_deepres8_w128_s7_balanced_fallback,RECORDED,,xorflow_total_bytes,3964278616.0,bytes,causal two-layer,results_hpca_xorflow/complete_suite/runs/yelp_slice64/causal_preflight.csv,31d8a3b866ae72eeb7af93f01dc904fd2fd33c06c27422c4daaeafc889155f7f
causal_preflight,yelp_deepres8_w128_s7_balanced_fallback,RECORDED,,beicsr_total_bytes,3925922968.0,bytes,causal two-layer,results_hpca_xorflow/complete_suite/runs/yelp_slice64/causal_preflight.csv,31d8a3b866ae72eeb7af93f01dc904fd2fd33c06c27422c4daaeafc889155f7f
causal_preflight,yelp_deepres8_w128_s7_balanced_fallback,RECORDED,,support_ratio_to_beicsr,0.4345859280292726,ratio,causal two-layer,results_hpca_xorflow/complete_suite/runs/yelp_slice64/causal_preflight.csv,31d8a3b866ae72eeb7af93f01dc904fd2fd33c06c27422c4daaeafc889155f7f
causal_preflight,yelp_deepres8_w128_s7_balanced_fallback,RECORDED,,traffic_reduction,-0.0097777649518058,fraction,causal two-layer,results_hpca_xorflow/complete_suite/runs/yelp_slice64/causal_preflight.csv,31d8a3b866ae72eeb7af93f01dc904fd2fd33c06c27422c4daaeafc889155f7f
causal_preflight,yelp_deepres8_w128_s7_balanced_fallback,RECORDED,,serialized_speedup,0.986938632239232,ratio,causal two-layer,results_hpca_xorflow/complete_suite/runs/yelp_slice64/causal_preflight.csv,31d8a3b866ae72eeb7af93f01dc904fd2fd33c06c27422c4daaeafc889155f7f
causal_preflight,yelp_deepres8_w128_s7_balanced_fallback,RECORDED,,double_buffered_speedup,0.9904277087025132,ratio,causal two-layer,results_hpca_xorflow/complete_suite/runs/yelp_slice64/causal_preflight.csv,31d8a3b866ae72eeb7af93f01dc904fd2fd33c06c27422c4daaeafc889155f7f
causal_preflight,yelp_deepres8_w128_s7_balanced_fallback,RECORDED,,xorflow_total_bytes,3964309720.0,bytes,causal two-layer,results_hpca_xorflow/complete_suite/runs/yelp_slice64/causal_preflight.csv,31d8a3b866ae72eeb7af93f01dc904fd2fd33c06c27422c4daaeafc889155f7f
causal_preflight,yelp_deepres8_w128_s7_balanced_fallback,RECORDED,,beicsr_total_bytes,3925922968.0,bytes,causal two-layer,results_hpca_xorflow/complete_suite/runs/yelp_slice64/causal_preflight.csv,31d8a3b866ae72eeb7af93f01dc904fd2fd33c06c27422c4daaeafc889155f7f
host,yelp_deepres8_w128_s7_balanced_fallback,RECORDED,,host_speedup,0.98765319027952,ratio,aggregation+combination+support_io; energy_pending,results_hpca_xorflow/complete_suite/runs/yelp_slice64/host_model.csv,f23bc5d0d76ebf4e2d18fb4bc2691b4f1eee9cedc245d0e6e4549941b554486b
host,yelp_deepres8_w128_s7_balanced_fallback,RECORDED,,beicsr_host_cycles,15873648.0,cycles,aggregation+combination+support_io; energy_pending,results_hpca_xorflow/complete_suite/runs/yelp_slice64/host_model.csv,f23bc5d0d76ebf4e2d18fb4bc2691b4f1eee9cedc245d0e6e4549941b554486b
host,yelp_deepres8_w128_s7_balanced_fallback,RECORDED,,xorflow_host_cycles,16072087.0,cycles,aggregation+combination+support_io; energy_pending,results_hpca_xorflow/complete_suite/runs/yelp_slice64/host_model.csv,f23bc5d0d76ebf4e2d18fb4bc2691b4f1eee9cedc245d0e6e4549941b554486b
host,yelp_deepres8_w128_s7_balanced_fallback,RECORDED,,combination_scalesim_utilization,99.8954846585414,ratio,aggregation+combination+support_io; energy_pending,results_hpca_xorflow/complete_suite/runs/yelp_slice64/host_model.csv,f23bc5d0d76ebf4e2d18fb4bc2691b4f1eee9cedc245d0e6e4549941b554486b
host,yelp_deepres8_w128_s7_balanced_fallback,RECORDED,,host_speedup,0.9876417604404804,ratio,aggregation+combination+support_io; energy_pending,results_hpca_xorflow/complete_suite/runs/yelp_slice64/host_model.csv,f23bc5d0d76ebf4e2d18fb4bc2691b4f1eee9cedc245d0e6e4549941b554486b
host,yelp_deepres8_w128_s7_balanced_fallback,RECORDED,,beicsr_host_cycles,15873648.0,cycles,aggregation+combination+support_io; energy_pending,results_hpca_xorflow/complete_suite/runs/yelp_slice64/host_model.csv,f23bc5d0d76ebf4e2d18fb4bc2691b4f1eee9cedc245d0e6e4549941b554486b
host,yelp_deepres8_w128_s7_balanced_fallback,RECORDED,,xorflow_host_cycles,16072273.0,cycles,aggregation+combination+support_io; energy_pending,results_hpca_xorflow/complete_suite/runs/yelp_slice64/host_model.csv,f23bc5d0d76ebf4e2d18fb4bc2691b4f1eee9cedc245d0e6e4549941b554486b
host,yelp_deepres8_w128_s7_balanced_fallback,RECORDED,,combination_scalesim_utilization,99.8954846585414,ratio,aggregation+combination+support_io; energy_pending,results_hpca_xorflow/complete_suite/runs/yelp_slice64/host_model.csv,f23bc5d0d76ebf4e2d18fb4bc2691b4f1eee9cedc245d0e6e4549941b554486b
ramulator,ogbn_arxiv_deepres8_w128_s17,RECORDED,beicsr,dram_cycles,6616878.0,cycles,full emitted trace,results_hpca_xorflow/complete_suite/timing/ramulator/arxiv_s17_l4.csv,844b67c3fd7a10858b90d78cb091456865530b0b1be105a1fcebf974d1baaf7d
ramulator,ogbn_arxiv_deepres8_w128_s17,RECORDED,beicsr,speedup_vs_beicsr,1.0,ratio,full emitted trace,results_hpca_xorflow/complete_suite/timing/ramulator/arxiv_s17_l4.csv,844b67c3fd7a10858b90d78cb091456865530b0b1be105a1fcebf974d1baaf7d
ramulator,ogbn_arxiv_deepres8_w128_s17,RECORDED,beicsr,requests,18866826.0,count,full emitted trace,results_hpca_xorflow/complete_suite/timing/ramulator/arxiv_s17_l4.csv,844b67c3fd7a10858b90d78cb091456865530b0b1be105a1fcebf974d1baaf7d
ramulator,ogbn_arxiv_deepres8_w128_s17,RECORDED,beicsr,served_requests,18866826.0,count,full emitted trace,results_hpca_xorflow/complete_suite/timing/ramulator/arxiv_s17_l4.csv,844b67c3fd7a10858b90d78cb091456865530b0b1be105a1fcebf974d1baaf7d
ramulator,ogbn_arxiv_deepres8_w128_s17,RECORDED,xorflow,dram_cycles,5808775.0,cycles,full emitted trace,results_hpca_xorflow/complete_suite/timing/ramulator/arxiv_s17_l4.csv,844b67c3fd7a10858b90d78cb091456865530b0b1be105a1fcebf974d1baaf7d
ramulator,ogbn_arxiv_deepres8_w128_s17,RECORDED,xorflow,speedup_vs_beicsr,1.139117628071323,ratio,full emitted trace,results_hpca_xorflow/complete_suite/timing/ramulator/arxiv_s17_l4.csv,844b67c3fd7a10858b90d78cb091456865530b0b1be105a1fcebf974d1baaf7d
ramulator,ogbn_arxiv_deepres8_w128_s17,RECORDED,xorflow,requests,16296274.0,count,full emitted trace,results_hpca_xorflow/complete_suite/timing/ramulator/arxiv_s17_l4.csv,844b67c3fd7a10858b90d78cb091456865530b0b1be105a1fcebf974d1baaf7d
ramulator,ogbn_arxiv_deepres8_w128_s17,RECORDED,xorflow,served_requests,16296274.0,count,full emitted trace,results_hpca_xorflow/complete_suite/timing/ramulator/arxiv_s17_l4.csv,844b67c3fd7a10858b90d78cb091456865530b0b1be105a1fcebf974d1baaf7d
ramulator,ogbn_arxiv_deepres8_w128_s27,RECORDED,beicsr,dram_cycles,6616388.0,cycles,full emitted trace,results_hpca_xorflow/complete_suite/timing/ramulator/arxiv_s27_l4.csv,7f9348fef87ed8fa3f5f0b56f06a2f68177df5bf2ba056d3dec09b116f0f7c7e
ramulator,ogbn_arxiv_deepres8_w128_s27,RECORDED,beicsr,speedup_vs_beicsr,1.0,ratio,full emitted trace,results_hpca_xorflow/complete_suite/timing/ramulator/arxiv_s27_l4.csv,7f9348fef87ed8fa3f5f0b56f06a2f68177df5bf2ba056d3dec09b116f0f7c7e
ramulator,ogbn_arxiv_deepres8_w128_s27,RECORDED,beicsr,requests,18866970.0,count,full emitted trace,results_hpca_xorflow/complete_suite/timing/ramulator/arxiv_s27_l4.csv,7f9348fef87ed8fa3f5f0b56f06a2f68177df5bf2ba056d3dec09b116f0f7c7e
ramulator,ogbn_arxiv_deepres8_w128_s27,RECORDED,beicsr,served_requests,18866970.0,count,full emitted trace,results_hpca_xorflow/complete_suite/timing/ramulator/arxiv_s27_l4.csv,7f9348fef87ed8fa3f5f0b56f06a2f68177df5bf2ba056d3dec09b116f0f7c7e
ramulator,ogbn_arxiv_deepres8_w128_s27,RECORDED,xorflow,dram_cycles,5521869.0,cycles,full emitted trace,results_hpca_xorflow/complete_suite/timing/ramulator/arxiv_s27_l4.csv,7f9348fef87ed8fa3f5f0b56f06a2f68177df5bf2ba056d3dec09b116f0f7c7e
ramulator,ogbn_arxiv_deepres8_w128_s27,RECORDED,xorflow,speedup_vs_beicsr,1.1982153144161878,ratio,full emitted trace,results_hpca_xorflow/complete_suite/timing/ramulator/arxiv_s27_l4.csv,7f9348fef87ed8fa3f5f0b56f06a2f68177df5bf2ba056d3dec09b116f0f7c7e
ramulator,ogbn_arxiv_deepres8_w128_s27,RECORDED,xorflow,requests,15422714.0,count,full emitted trace,results_hpca_xorflow/complete_suite/timing/ramulator/arxiv_s27_l4.csv,7f9348fef87ed8fa3f5f0b56f06a2f68177df5bf2ba056d3dec09b116f0f7c7e
ramulator,ogbn_arxiv_deepres8_w128_s27,RECORDED,xorflow,served_requests,15422714.0,count,full emitted trace,results_hpca_xorflow/complete_suite/timing/ramulator/arxiv_s27_l4.csv,7f9348fef87ed8fa3f5f0b56f06a2f68177df5bf2ba056d3dec09b116f0f7c7e
ramulator,reddit_deepres8_w128_s7_native,RECORDED,beicsr,dram_cycles,284758181.0,cycles,full emitted trace,results_hpca_xorflow/complete_suite/timing/ramulator/reddit_l4.csv,e7d1af24c07f970a5f0b6e574adfb5269960f9eefa7cf74b926c1da53fce223f
ramulator,reddit_deepres8_w128_s7_native,RECORDED,beicsr,speedup_vs_beicsr,1.0,ratio,full emitted trace,results_hpca_xorflow/complete_suite/timing/ramulator/reddit_l4.csv,e7d1af24c07f970a5f0b6e574adfb5269960f9eefa7cf74b926c1da53fce223f
ramulator,reddit_deepres8_w128_s7_native,RECORDED,beicsr,requests,896402028.0,count,full emitted trace,results_hpca_xorflow/complete_suite/timing/ramulator/reddit_l4.csv,e7d1af24c07f970a5f0b6e574adfb5269960f9eefa7cf74b926c1da53fce223f
ramulator,reddit_deepres8_w128_s7_native,RECORDED,beicsr,served_requests,896402028.0,count,full emitted trace,results_hpca_xorflow/complete_suite/timing/ramulator/reddit_l4.csv,e7d1af24c07f970a5f0b6e574adfb5269960f9eefa7cf74b926c1da53fce223f
ramulator,reddit_deepres8_w128_s7_native,RECORDED,xorflow,dram_cycles,182450720.0,cycles,full emitted trace,results_hpca_xorflow/complete_suite/timing/ramulator/reddit_l4.csv,e7d1af24c07f970a5f0b6e574adfb5269960f9eefa7cf74b926c1da53fce223f
ramulator,reddit_deepres8_w128_s7_native,RECORDED,xorflow,speedup_vs_beicsr,1.5607402426255157,ratio,full emitted trace,results_hpca_xorflow/complete_suite/timing/ramulator/reddit_l4.csv,e7d1af24c07f970a5f0b6e574adfb5269960f9eefa7cf74b926c1da53fce223f
ramulator,reddit_deepres8_w128_s7_native,RECORDED,xorflow,requests,566002464.0,count,full emitted trace,results_hpca_xorflow/complete_suite/timing/ramulator/reddit_l4.csv,e7d1af24c07f970a5f0b6e574adfb5269960f9eefa7cf74b926c1da53fce223f
ramulator,reddit_deepres8_w128_s7_native,RECORDED,xorflow,served_requests,566002464.0,count,full emitted trace,results_hpca_xorflow/complete_suite/timing/ramulator/reddit_l4.csv,e7d1af24c07f970a5f0b6e574adfb5269960f9eefa7cf74b926c1da53fce223f
ramulator,yelp_deepres8_w128_s7_balanced_fallback,RECORDED,beicsr,dram_cycles,44022361.0,cycles,full emitted trace,results_hpca_xorflow/complete_suite/timing/ramulator/yelp_borderline_l4.csv,556dd231c7b38993d5494ef3f6eb0d5a4c2143a04fa22342d5c3f7a6ea0f1f1f
ramulator,yelp_deepres8_w128_s7_balanced_fallback,RECORDED,beicsr,speedup_vs_beicsr,1.0,ratio,full emitted trace,results_hpca_xorflow/complete_suite/timing/ramulator/yelp_borderline_l4.csv,556dd231c7b38993d5494ef3f6eb0d5a4c2143a04fa22342d5c3f7a6ea0f1f1f
ramulator,yelp_deepres8_w128_s7_balanced_fallback,RECORDED,beicsr,requests,118893892.0,count,full emitted trace,results_hpca_xorflow/complete_suite/timing/ramulator/yelp_borderline_l4.csv,556dd231c7b38993d5494ef3f6eb0d5a4c2143a04fa22342d5c3f7a6ea0f1f1f
ramulator,yelp_deepres8_w128_s7_balanced_fallback,RECORDED,beicsr,served_requests,118893892.0,count,full emitted trace,results_hpca_xorflow/complete_suite/timing/ramulator/yelp_borderline_l4.csv,556dd231c7b38993d5494ef3f6eb0d5a4c2143a04fa22342d5c3f7a6ea0f1f1f
ramulator,yelp_deepres8_w128_s7_balanced_fallback,RECORDED,xorflow,dram_cycles,40965317.0,cycles,full emitted trace,results_hpca_xorflow/complete_suite/timing/ramulator/yelp_borderline_l4.csv,556dd231c7b38993d5494ef3f6eb0d5a4c2143a04fa22342d5c3f7a6ea0f1f1f
ramulator,yelp_deepres8_w128_s7_balanced_fallback,RECORDED,xorflow,speedup_vs_beicsr,1.0746251762191903,ratio,full emitted trace,results_hpca_xorflow/complete_suite/timing/ramulator/yelp_borderline_l4.csv,556dd231c7b38993d5494ef3f6eb0d5a4c2143a04fa22342d5c3f7a6ea0f1f1f
ramulator,yelp_deepres8_w128_s7_balanced_fallback,RECORDED,xorflow,requests,110031490.0,count,full emitted trace,results_hpca_xorflow/complete_suite/timing/ramulator/yelp_borderline_l4.csv,556dd231c7b38993d5494ef3f6eb0d5a4c2143a04fa22342d5c3f7a6ea0f1f1f
ramulator,yelp_deepres8_w128_s7_balanced_fallback,RECORDED,xorflow,served_requests,110031490.0,count,full emitted trace,results_hpca_xorflow/complete_suite/timing/ramulator/yelp_borderline_l4.csv,556dd231c7b38993d5494ef3f6eb0d5a4c2143a04fa22342d5c3f7a6ea0f1f1f
