config_id,segment_start,W,panel_id,panel_width,selected_rows,selected_row_fraction,row_list_encoding,row_list_bits,mean_layer_occupancy,min_layer_occupancy,max_layer_occupancy,escape_layer_count,schedule_reuse_layers,schedule_flip_rate_vs_previous_segment
cora_gcnii16,4,13,0,4,0,0.0,FIXED_IDS,10,0.0,0.0,0.0,0,13,0.0
cora_gcnii16,4,13,1,4,0,0.0,FIXED_IDS,10,0.0,0.0,0.0,0,13,0.0
cora_gcnii16,4,13,2,4,0,0.0,FIXED_IDS,10,0.0,0.0,0.0,0,13,0.0
cora_gcnii16,4,13,3,4,0,0.0,FIXED_IDS,10,0.0,0.0,0.0,0,13,0.0
cora_gcnii16,4,13,4,4,0,0.0,FIXED_IDS,10,0.0,0.0,0.0,0,13,0.0
cora_gcnii16,4,13,5,4,0,0.0,FIXED_IDS,10,0.0,0.0,0.0,0,13,0.0
cora_gcnii16,4,13,6,4,0,0.0,FIXED_IDS,10,0.0,0.0,0.0,0,13,0.0
cora_gcnii16,4,13,7,4,0,0.0,FIXED_IDS,10,0.0,0.0,0.0,0,13,0.0
cora_gcnii16,4,13,8,4,0,0.0,FIXED_IDS,10,0.0,0.0,0.0,0,13,0.0
cora_gcnii16,4,13,9,4,0,0.0,FIXED_IDS,10,0.0,0.0,0.0,0,13,0.0
cora_gcnii16,4,13,10,4,0,0.0,FIXED_IDS,10,0.0,0.0,0.0,0,13,0.0
cora_gcnii16,4,13,11,4,0,0.0,FIXED_IDS,10,0.0,0.0,0.0,0,13,0.0
cora_gcnii16,4,13,12,4,0,0.0,FIXED_IDS,10,0.0,0.0,0.0,0,13,0.0
cora_gcnii16,4,13,13,4,0,0.0,FIXED_IDS,10,0.0,0.0,0.0,0,13,0.0
cora_gcnii16,4,13,14,4,0,0.0,FIXED_IDS,10,0.0,0.0,0.0,0,13,0.0
cora_gcnii16,4,13,15,4,0,0.0,FIXED_IDS,10,0.0,0.0,0.0,0,13,0.0
cora_gcnii16,4,13,0,4,0,0.0,FIXED_IDS,10,0.0,0.0,0.0,0,13,0.0
cora_gcnii16,4,13,1,4,0,0.0,FIXED_IDS,10,0.0,0.0,0.0,0,13,0.0
cora_gcnii16,4,13,2,4,0,0.0,FIXED_IDS,10,0.0,0.0,0.0,0,13,0.0
cora_gcnii16,4,13,3,4,0,0.0,FIXED_IDS,10,0.0,0.0,0.0,0,13,0.0
cora_gcnii16,4,13,4,4,0,0.0,FIXED_IDS,10,0.0,0.0,0.0,0,13,0.0
cora_gcnii16,4,13,5,4,0,0.0,FIXED_IDS,10,0.0,0.0,0.0,0,13,0.0
cora_gcnii16,4,13,6,4,0,0.0,FIXED_IDS,10,0.0,0.0,0.0,0,13,0.0
cora_gcnii16,4,13,7,4,0,0.0,FIXED_IDS,10,0.0,0.0,0.0,0,13,0.0
cora_gcnii16,4,13,8,4,0,0.0,FIXED_IDS,10,0.0,0.0,0.0,0,13,0.0
cora_gcnii16,4,13,9,4,0,0.0,FIXED_IDS,10,0.0,0.0,0.0,0,13,0.0
cora_gcnii16,4,13,10,4,0,0.0,FIXED_IDS,10,0.0,0.0,0.0,0,13,0.0
cora_gcnii16,4,13,11,4,0,0.0,FIXED_IDS,10,0.0,0.0,0.0,0,13,0.0
cora_gcnii16,4,13,12,4,0,0.0,FIXED_IDS,10,0.0,0.0,0.0,0,13,0.0
cora_gcnii16,4,13,13,4,0,0.0,FIXED_IDS,10,0.0,0.0,0.0,0,13,0.0
cora_gcnii16,4,13,14,4,0,0.0,FIXED_IDS,10,0.0,0.0,0.0,0,13,0.0
cora_gcnii16,4,13,15,4,0,0.0,FIXED_IDS,10,0.0,0.0,0.0,0,13,0.0
cora_gcnii16,4,13,0,4,0,0.0,FIXED_IDS,10,0.0,0.0,0.0,0,13,0.0
cora_gcnii16,4,13,1,4,0,0.0,FIXED_IDS,10,0.0,0.0,0.0,0,13,0.0
cora_gcnii16,4,13,2,4,0,0.0,FIXED_IDS,10,0.0,0.0,0.0,0,13,0.0
cora_gcnii16,4,13,3,4,0,0.0,FIXED_IDS,10,0.0,0.0,0.0,0,13,0.0
cora_gcnii16,4,13,4,4,0,0.0,FIXED_IDS,10,0.0,0.0,0.0,0,13,0.0
cora_gcnii16,4,13,5,4,0,0.0,FIXED_IDS,10,0.0,0.0,0.0,0,13,0.0
cora_gcnii16,4,13,6,4,0,0.0,FIXED_IDS,10,0.0,0.0,0.0,0,13,0.0
cora_gcnii16,4,13,7,4,0,0.0,FIXED_IDS,10,0.0,0.0,0.0,0,13,0.0
cora_gcnii16,4,13,8,4,0,0.0,FIXED_IDS,10,0.0,0.0,0.0,0,13,0.0
cora_gcnii16,4,13,9,4,0,0.0,FIXED_IDS,10,0.0,0.0,0.0,0,13,0.0
cora_gcnii16,4,13,10,4,0,0.0,FIXED_IDS,10,0.0,0.0,0.0,0,13,0.0
cora_gcnii16,4,13,11,4,0,0.0,FIXED_IDS,10,0.0,0.0,0.0,0,13,0.0
cora_gcnii16,4,13,12,4,0,0.0,FIXED_IDS,10,0.0,0.0,0.0,0,13,0.0
cora_gcnii16,4,13,13,4,0,0.0,FIXED_IDS,10,0.0,0.0,0.0,0,13,0.0
cora_gcnii16,4,13,14,4,0,0.0,FIXED_IDS,10,0.0,0.0,0.0,0,13,0.0
cora_gcnii16,4,13,15,4,0,0.0,FIXED_IDS,10,0.0,0.0,0.0,0,13,0.0
cora_gcnii16,4,13,0,4,0,0.0,FIXED_IDS,10,0.0,0.0,0.0,0,13,0.0
cora_gcnii16,4,13,1,4,0,0.0,FIXED_IDS,10,0.0,0.0,0.0,0,13,0.0
cora_gcnii16,4,13,2,4,0,0.0,FIXED_IDS,10,0.0,0.0,0.0,0,13,0.0
cora_gcnii16,4,13,3,4,0,0.0,FIXED_IDS,10,0.0,0.0,0.0,0,13,0.0
cora_gcnii16,4,13,4,4,0,0.0,FIXED_IDS,10,0.0,0.0,0.0,0,13,0.0
cora_gcnii16,4,13,5,4,0,0.0,FIXED_IDS,10,0.0,0.0,0.0,0,13,0.0
cora_gcnii16,4,13,6,4,0,0.0,FIXED_IDS,10,0.0,0.0,0.0,0,13,0.0
cora_gcnii16,4,13,7,4,0,0.0,FIXED_IDS,10,0.0,0.0,0.0,0,13,0.0
cora_gcnii16,4,13,8,4,0,0.0,FIXED_IDS,10,0.0,0.0,0.0,0,13,0.0
cora_gcnii16,4,13,9,4,0,0.0,FIXED_IDS,10,0.0,0.0,0.0,0,13,0.0
cora_gcnii16,4,13,10,4,0,0.0,FIXED_IDS,10,0.0,0.0,0.0,0,13,0.0
cora_gcnii16,4,13,11,4,0,0.0,FIXED_IDS,10,0.0,0.0,0.0,0,13,0.0
cora_gcnii16,4,13,12,4,0,0.0,FIXED_IDS,10,0.0,0.0,0.0,0,13,0.0
cora_gcnii16,4,13,13,4,0,0.0,FIXED_IDS,10,0.0,0.0,0.0,0,13,0.0
cora_gcnii16,4,13,14,4,0,0.0,FIXED_IDS,10,0.0,0.0,0.0,0,13,0.0
cora_gcnii16,4,13,15,4,0,0.0,FIXED_IDS,10,0.0,0.0,0.0,0,13,0.0
cora_gcnii16,4,13,0,4,0,0.0,FIXED_IDS,10,0.0,0.0,0.0,0,13,0.0
cora_gcnii16,4,13,1,4,0,0.0,FIXED_IDS,10,0.0,0.0,0.0,0,13,0.0
cora_gcnii16,4,13,2,4,0,0.0,FIXED_IDS,10,0.0,0.0,0.0,0,13,0.0
cora_gcnii16,4,13,3,4,0,0.0,FIXED_IDS,10,0.0,0.0,0.0,0,13,0.0
cora_gcnii16,4,13,4,4,0,0.0,FIXED_IDS,10,0.0,0.0,0.0,0,13,0.0
cora_gcnii16,4,13,5,4,0,0.0,FIXED_IDS,10,0.0,0.0,0.0,0,13,0.0
cora_gcnii16,4,13,6,4,0,0.0,FIXED_IDS,10,0.0,0.0,0.0,0,13,0.0
cora_gcnii16,4,13,7,4,0,0.0,FIXED_IDS,10,0.0,0.0,0.0,0,13,0.0
cora_gcnii16,4,13,8,4,0,0.0,FIXED_IDS,10,0.0,0.0,0.0,0,13,0.0
cora_gcnii16,4,13,9,4,0,0.0,FIXED_IDS,10,0.0,0.0,0.0,0,13,0.0
cora_gcnii16,4,13,10,4,0,0.0,FIXED_IDS,10,0.0,0.0,0.0,0,13,0.0
cora_gcnii16,4,13,11,4,0,0.0,FIXED_IDS,10,0.0,0.0,0.0,0,13,0.0
cora_gcnii16,4,13,12,4,0,0.0,FIXED_IDS,10,0.0,0.0,0.0,0,13,0.0
cora_gcnii16,4,13,13,4,0,0.0,FIXED_IDS,10,0.0,0.0,0.0,0,13,0.0
cora_gcnii16,4,13,14,4,0,0.0,FIXED_IDS,10,0.0,0.0,0.0,0,13,0.0
cora_gcnii16,4,13,15,4,0,0.0,FIXED_IDS,10,0.0,0.0,0.0,0,13,0.0
cora_gcnii16,4,13,0,4,0,0.0,FIXED_IDS,10,0.0,0.0,0.0,0,13,0.0
cora_gcnii16,4,13,1,4,0,0.0,FIXED_IDS,10,0.0,0.0,0.0,0,13,0.0
cora_gcnii16,4,13,2,4,0,0.0,FIXED_IDS,10,0.0,0.0,0.0,0,13,0.0
cora_gcnii16,4,13,3,4,0,0.0,FIXED_IDS,10,0.0,0.0,0.0,0,13,0.0
cora_gcnii16,4,13,4,4,0,0.0,FIXED_IDS,10,0.0,0.0,0.0,0,13,0.0
cora_gcnii16,4,13,5,4,0,0.0,FIXED_IDS,10,0.0,0.0,0.0,0,13,0.0
cora_gcnii16,4,13,6,4,0,0.0,FIXED_IDS,10,0.0,0.0,0.0,0,13,0.0
cora_gcnii16,4,13,7,4,0,0.0,FIXED_IDS,10,0.0,0.0,0.0,0,13,0.0
cora_gcnii16,4,13,8,4,0,0.0,FIXED_IDS,10,0.0,0.0,0.0,0,13,0.0
cora_gcnii16,4,13,9,4,0,0.0,FIXED_IDS,10,0.0,0.0,0.0,0,13,0.0
cora_gcnii16,4,13,10,4,0,0.0,FIXED_IDS,10,0.0,0.0,0.0,0,13,0.0
cora_gcnii16,4,13,11,4,0,0.0,FIXED_IDS,10,0.0,0.0,0.0,0,13,0.0
cora_gcnii16,4,13,12,4,0,0.0,FIXED_IDS,10,0.0,0.0,0.0,0,13,0.0
cora_gcnii16,4,13,13,4,0,0.0,FIXED_IDS,10,0.0,0.0,0.0,0,13,0.0
cora_gcnii16,4,13,14,4,0,0.0,FIXED_IDS,10,0.0,0.0,0.0,0,13,0.0
cora_gcnii16,4,13,15,4,0,0.0,FIXED_IDS,10,0.0,0.0,0.0,0,13,0.0
cora_gcnii16,4,13,0,4,0,0.0,FIXED_IDS,10,0.0,0.0,0.0,0,13,0.0
cora_gcnii16,4,13,1,4,0,0.0,FIXED_IDS,10,0.0,0.0,0.0,0,13,0.0
cora_gcnii16,4,13,2,4,0,0.0,FIXED_IDS,10,0.0,0.0,0.0,0,13,0.0
cora_gcnii16,4,13,3,4,0,0.0,FIXED_IDS,10,0.0,0.0,0.0,0,13,0.0
cora_gcnii16,4,13,4,4,0,0.0,FIXED_IDS,10,0.0,0.0,0.0,0,13,0.0
cora_gcnii16,4,13,5,4,0,0.0,FIXED_IDS,10,0.0,0.0,0.0,0,13,0.0
cora_gcnii16,4,13,6,4,0,0.0,FIXED_IDS,10,0.0,0.0,0.0,0,13,0.0
cora_gcnii16,4,13,7,4,0,0.0,FIXED_IDS,10,0.0,0.0,0.0,0,13,0.0
cora_gcnii16,4,13,8,4,0,0.0,FIXED_IDS,10,0.0,0.0,0.0,0,13,0.0
cora_gcnii16,4,13,9,4,0,0.0,FIXED_IDS,10,0.0,0.0,0.0,0,13,0.0
cora_gcnii16,4,13,10,4,0,0.0,FIXED_IDS,10,0.0,0.0,0.0,0,13,0.0
cora_gcnii16,4,13,11,4,0,0.0,FIXED_IDS,10,0.0,0.0,0.0,0,13,0.0
cora_gcnii16,4,13,12,4,0,0.0,FIXED_IDS,10,0.0,0.0,0.0,0,13,0.0
cora_gcnii16,4,13,13,4,0,0.0,FIXED_IDS,10,0.0,0.0,0.0,0,13,0.0
cora_gcnii16,4,13,14,4,0,0.0,FIXED_IDS,10,0.0,0.0,0.0,0,13,0.0
cora_gcnii16,4,13,15,4,0,0.0,FIXED_IDS,10,0.0,0.0,0.0,0,13,0.0
cora_gcnii16,4,13,0,4,0,0.0,FIXED_IDS,10,0.0,0.0,0.0,0,13,0.0
cora_gcnii16,4,13,1,4,0,0.0,FIXED_IDS,10,0.0,0.0,0.0,0,13,0.0
cora_gcnii16,4,13,2,4,0,0.0,FIXED_IDS,10,0.0,0.0,0.0,0,13,0.0
cora_gcnii16,4,13,3,4,0,0.0,FIXED_IDS,10,0.0,0.0,0.0,0,13,0.0
cora_gcnii16,4,13,4,4,0,0.0,FIXED_IDS,10,0.0,0.0,0.0,0,13,0.0
cora_gcnii16,4,13,5,4,0,0.0,FIXED_IDS,10,0.0,0.0,0.0,0,13,0.0
cora_gcnii16,4,13,6,4,0,0.0,FIXED_IDS,10,0.0,0.0,0.0,0,13,0.0
cora_gcnii16,4,13,7,4,0,0.0,FIXED_IDS,10,0.0,0.0,0.0,0,13,0.0
cora_gcnii16,4,13,8,4,0,0.0,FIXED_IDS,10,0.0,0.0,0.0,0,13,0.0
cora_gcnii16,4,13,9,4,0,0.0,FIXED_IDS,10,0.0,0.0,0.0,0,13,0.0
cora_gcnii16,4,13,10,4,0,0.0,FIXED_IDS,10,0.0,0.0,0.0,0,13,0.0
cora_gcnii16,4,13,11,4,0,0.0,FIXED_IDS,10,0.0,0.0,0.0,0,13,0.0
cora_gcnii16,4,13,12,4,0,0.0,FIXED_IDS,10,0.0,0.0,0.0,0,13,0.0
cora_gcnii16,4,13,13,4,0,0.0,FIXED_IDS,10,0.0,0.0,0.0,0,13,0.0
cora_gcnii16,4,13,14,4,0,0.0,FIXED_IDS,10,0.0,0.0,0.0,0,13,0.0
cora_gcnii16,4,13,15,4,0,0.0,FIXED_IDS,10,0.0,0.0,0.0,0,13,0.0
cora_gcnii16,4,13,0,4,0,0.0,FIXED_IDS,10,0.0,0.0,0.0,0,13,0.0
cora_gcnii16,4,13,1,4,0,0.0,FIXED_IDS,10,0.0,0.0,0.0,0,13,0.0
cora_gcnii16,4,13,2,4,0,0.0,FIXED_IDS,10,0.0,0.0,0.0,0,13,0.0
cora_gcnii16,4,13,3,4,0,0.0,FIXED_IDS,10,0.0,0.0,0.0,0,13,0.0
cora_gcnii16,4,13,4,4,0,0.0,FIXED_IDS,10,0.0,0.0,0.0,0,13,0.0
cora_gcnii16,4,13,5,4,0,0.0,FIXED_IDS,10,0.0,0.0,0.0,0,13,0.0
cora_gcnii16,4,13,6,4,0,0.0,FIXED_IDS,10,0.0,0.0,0.0,0,13,0.0
cora_gcnii16,4,13,7,4,0,0.0,FIXED_IDS,10,0.0,0.0,0.0,0,13,0.0
cora_gcnii16,4,13,8,4,0,0.0,FIXED_IDS,10,0.0,0.0,0.0,0,13,0.0
cora_gcnii16,4,13,9,4,0,0.0,FIXED_IDS,10,0.0,0.0,0.0,0,13,0.0
cora_gcnii16,4,13,10,4,0,0.0,FIXED_IDS,10,0.0,0.0,0.0,0,13,0.0
cora_gcnii16,4,13,11,4,0,0.0,FIXED_IDS,10,0.0,0.0,0.0,0,13,0.0
cora_gcnii16,4,13,12,4,0,0.0,FIXED_IDS,10,0.0,0.0,0.0,0,13,0.0
cora_gcnii16,4,13,13,4,0,0.0,FIXED_IDS,10,0.0,0.0,0.0,0,13,0.0
cora_gcnii16,4,13,14,4,0,0.0,FIXED_IDS,10,0.0,0.0,0.0,0,13,0.0
cora_gcnii16,4,13,15,4,0,0.0,FIXED_IDS,10,0.0,0.0,0.0,0,13,0.0
cora_gcnii16,4,13,0,4,0,0.0,FIXED_IDS,10,0.0,0.0,0.0,0,13,0.0
cora_gcnii16,4,13,1,4,0,0.0,FIXED_IDS,10,0.0,0.0,0.0,0,13,0.0
cora_gcnii16,4,13,2,4,0,0.0,FIXED_IDS,10,0.0,0.0,0.0,0,13,0.0
cora_gcnii16,4,13,3,4,0,0.0,FIXED_IDS,10,0.0,0.0,0.0,0,13,0.0
cora_gcnii16,4,13,4,4,0,0.0,FIXED_IDS,10,0.0,0.0,0.0,0,13,0.0
cora_gcnii16,4,13,5,4,0,0.0,FIXED_IDS,10,0.0,0.0,0.0,0,13,0.0
cora_gcnii16,4,13,6,4,0,0.0,FIXED_IDS,10,0.0,0.0,0.0,0,13,0.0
cora_gcnii16,4,13,7,4,0,0.0,FIXED_IDS,10,0.0,0.0,0.0,0,13,0.0
cora_gcnii16,4,13,8,4,0,0.0,FIXED_IDS,10,0.0,0.0,0.0,0,13,0.0
cora_gcnii16,4,13,9,4,0,0.0,FIXED_IDS,10,0.0,0.0,0.0,0,13,0.0
cora_gcnii16,4,13,10,4,0,0.0,FIXED_IDS,10,0.0,0.0,0.0,0,13,0.0
cora_gcnii16,4,13,11,4,0,0.0,FIXED_IDS,10,0.0,0.0,0.0,0,13,0.0
cora_gcnii16,4,13,12,4,0,0.0,FIXED_IDS,10,0.0,0.0,0.0,0,13,0.0
cora_gcnii16,4,13,13,4,0,0.0,FIXED_IDS,10,0.0,0.0,0.0,0,13,0.0
cora_gcnii16,4,13,14,4,0,0.0,FIXED_IDS,10,0.0,0.0,0.0,0,13,0.0
cora_gcnii16,4,13,15,4,0,0.0,FIXED_IDS,10,0.0,0.0,0.0,0,13,0.0
cora_gcnii16,4,13,0,4,0,0.0,FIXED_IDS,10,0.0,0.0,0.0,0,13,0.0
cora_gcnii16,4,13,1,4,0,0.0,FIXED_IDS,10,0.0,0.0,0.0,0,13,0.0
cora_gcnii16,4,13,2,4,0,0.0,FIXED_IDS,10,0.0,0.0,0.0,0,13,0.0
cora_gcnii16,4,13,3,4,0,0.0,FIXED_IDS,10,0.0,0.0,0.0,0,13,0.0
cora_gcnii16,4,13,4,4,0,0.0,FIXED_IDS,10,0.0,0.0,0.0,0,13,0.0
cora_gcnii16,4,13,5,4,0,0.0,FIXED_IDS,10,0.0,0.0,0.0,0,13,0.0
cora_gcnii16,4,13,6,4,0,0.0,FIXED_IDS,10,0.0,0.0,0.0,0,13,0.0
cora_gcnii16,4,13,7,4,0,0.0,FIXED_IDS,10,0.0,0.0,0.0,0,13,0.0
cora_gcnii16,4,13,8,4,0,0.0,FIXED_IDS,10,0.0,0.0,0.0,0,13,0.0
cora_gcnii16,4,13,9,4,0,0.0,FIXED_IDS,10,0.0,0.0,0.0,0,13,0.0
cora_gcnii16,4,13,10,4,0,0.0,FIXED_IDS,10,0.0,0.0,0.0,0,13,0.0
cora_gcnii16,4,13,11,4,0,0.0,FIXED_IDS,10,0.0,0.0,0.0,0,13,0.0
cora_gcnii16,4,13,12,4,0,0.0,FIXED_IDS,10,0.0,0.0,0.0,0,13,0.0
cora_gcnii16,4,13,13,4,0,0.0,FIXED_IDS,10,0.0,0.0,0.0,0,13,0.0
cora_gcnii16,4,13,14,4,0,0.0,FIXED_IDS,10,0.0,0.0,0.0,0,13,0.0
cora_gcnii16,4,13,15,4,0,0.0,FIXED_IDS,10,0.0,0.0,0.0,0,13,0.0
cora_gcnii16,4,13,0,4,0,0.0,FIXED_IDS,10,0.0,0.0,0.0,0,13,0.0
cora_gcnii16,4,13,1,4,0,0.0,FIXED_IDS,10,0.0,0.0,0.0,0,13,0.0
cora_gcnii16,4,13,2,4,0,0.0,FIXED_IDS,10,0.0,0.0,0.0,0,13,0.0
cora_gcnii16,4,13,3,4,0,0.0,FIXED_IDS,10,0.0,0.0,0.0,0,13,0.0
cora_gcnii16,4,13,4,4,0,0.0,FIXED_IDS,10,0.0,0.0,0.0,0,13,0.0
cora_gcnii16,4,13,5,4,0,0.0,FIXED_IDS,10,0.0,0.0,0.0,0,13,0.0
cora_gcnii16,4,13,6,4,0,0.0,FIXED_IDS,10,0.0,0.0,0.0,0,13,0.0
cora_gcnii16,4,13,7,4,0,0.0,FIXED_IDS,10,0.0,0.0,0.0,0,13,0.0
cora_gcnii16,4,13,8,4,0,0.0,FIXED_IDS,10,0.0,0.0,0.0,0,13,0.0
cora_gcnii16,4,13,9,4,0,0.0,FIXED_IDS,10,0.0,0.0,0.0,0,13,0.0
cora_gcnii16,4,13,10,4,0,0.0,FIXED_IDS,10,0.0,0.0,0.0,0,13,0.0
cora_gcnii16,4,13,11,4,0,0.0,FIXED_IDS,10,0.0,0.0,0.0,0,13,0.0
cora_gcnii16,4,13,12,4,0,0.0,FIXED_IDS,10,0.0,0.0,0.0,0,13,0.0
cora_gcnii16,4,13,13,4,0,0.0,FIXED_IDS,10,0.0,0.0,0.0,0,13,0.0
cora_gcnii16,4,13,14,4,0,0.0,FIXED_IDS,10,0.0,0.0,0.0,0,13,0.0
cora_gcnii16,4,13,15,4,0,0.0,FIXED_IDS,10,0.0,0.0,0.0,0,13,0.0
cora_gcnii16,4,13,0,4,0,0.0,FIXED_IDS,10,0.0,0.0,0.0,0,13,0.0
cora_gcnii16,4,13,1,4,0,0.0,FIXED_IDS,10,0.0,0.0,0.0,0,13,0.0
cora_gcnii16,4,13,2,4,0,0.0,FIXED_IDS,10,0.0,0.0,0.0,0,13,0.0
cora_gcnii16,4,13,3,4,0,0.0,FIXED_IDS,10,0.0,0.0,0.0,0,13,0.0
cora_gcnii16,4,13,4,4,0,0.0,FIXED_IDS,10,0.0,0.0,0.0,0,13,0.0
cora_gcnii16,4,13,5,4,0,0.0,FIXED_IDS,10,0.0,0.0,0.0,0,13,0.0
cora_gcnii16,4,13,6,4,0,0.0,FIXED_IDS,10,0.0,0.0,0.0,0,13,0.0
cora_gcnii16,4,13,7,4,0,0.0,FIXED_IDS,10,0.0,0.0,0.0,0,13,0.0
cora_gcnii16,4,13,8,4,0,0.0,FIXED_IDS,10,0.0,0.0,0.0,0,13,0.0
cora_gcnii16,4,13,9,4,0,0.0,FIXED_IDS,10,0.0,0.0,0.0,0,13,0.0
cora_gcnii16,4,13,10,4,0,0.0,FIXED_IDS,10,0.0,0.0,0.0,0,13,0.0
cora_gcnii16,4,13,11,4,0,0.0,FIXED_IDS,10,0.0,0.0,0.0,0,13,0.0
cora_gcnii16,4,13,12,4,0,0.0,FIXED_IDS,10,0.0,0.0,0.0,0,13,0.0
cora_gcnii16,4,13,13,4,0,0.0,FIXED_IDS,10,0.0,0.0,0.0,0,13,0.0
cora_gcnii16,4,13,14,4,0,0.0,FIXED_IDS,10,0.0,0.0,0.0,0,13,0.0
cora_gcnii16,4,13,15,4,0,0.0,FIXED_IDS,10,0.0,0.0,0.0,0,13,0.0
cora_gcnii16,4,13,0,4,0,0.0,FIXED_IDS,10,0.0,0.0,0.0,0,13,0.0
cora_gcnii16,4,13,1,4,0,0.0,FIXED_IDS,10,0.0,0.0,0.0,0,13,0.0
cora_gcnii16,4,13,2,4,0,0.0,FIXED_IDS,10,0.0,0.0,0.0,0,13,0.0
cora_gcnii16,4,13,3,4,0,0.0,FIXED_IDS,10,0.0,0.0,0.0,0,13,0.0
cora_gcnii16,4,13,4,4,0,0.0,FIXED_IDS,10,0.0,0.0,0.0,0,13,0.0
cora_gcnii16,4,13,5,4,0,0.0,FIXED_IDS,10,0.0,0.0,0.0,0,13,0.0
cora_gcnii16,4,13,6,4,0,0.0,FIXED_IDS,10,0.0,0.0,0.0,0,13,0.0
cora_gcnii16,4,13,7,4,0,0.0,FIXED_IDS,10,0.0,0.0,0.0,0,13,0.0
cora_gcnii16,4,13,8,4,0,0.0,FIXED_IDS,10,0.0,0.0,0.0,0,13,0.0
cora_gcnii16,4,13,9,4,0,0.0,FIXED_IDS,10,0.0,0.0,0.0,0,13,0.0
cora_gcnii16,4,13,10,4,0,0.0,FIXED_IDS,10,0.0,0.0,0.0,0,13,0.0
cora_gcnii16,4,13,11,4,0,0.0,FIXED_IDS,10,0.0,0.0,0.0,0,13,0.0
cora_gcnii16,4,13,12,4,0,0.0,FIXED_IDS,10,0.0,0.0,0.0,0,13,0.0
cora_gcnii16,4,13,13,4,0,0.0,FIXED_IDS,10,0.0,0.0,0.0,0,13,0.0
cora_gcnii16,4,13,14,4,0,0.0,FIXED_IDS,10,0.0,0.0,0.0,0,13,0.0
cora_gcnii16,4,13,15,4,0,0.0,FIXED_IDS,10,0.0,0.0,0.0,0,13,0.0
cora_gcnii16,4,13,0,4,0,0.0,FIXED_IDS,10,0.0,0.0,0.0,0,13,0.0
cora_gcnii16,4,13,1,4,0,0.0,FIXED_IDS,10,0.0,0.0,0.0,0,13,0.0
cora_gcnii16,4,13,2,4,0,0.0,FIXED_IDS,10,0.0,0.0,0.0,0,13,0.0
cora_gcnii16,4,13,3,4,0,0.0,FIXED_IDS,10,0.0,0.0,0.0,0,13,0.0
cora_gcnii16,4,13,4,4,0,0.0,FIXED_IDS,10,0.0,0.0,0.0,0,13,0.0
cora_gcnii16,4,13,5,4,0,0.0,FIXED_IDS,10,0.0,0.0,0.0,0,13,0.0
cora_gcnii16,4,13,6,4,0,0.0,FIXED_IDS,10,0.0,0.0,0.0,0,13,0.0
cora_gcnii16,4,13,7,4,0,0.0,FIXED_IDS,10,0.0,0.0,0.0,0,13,0.0
cora_gcnii16,4,13,8,4,0,0.0,FIXED_IDS,10,0.0,0.0,0.0,0,13,0.0
cora_gcnii16,4,13,9,4,0,0.0,FIXED_IDS,10,0.0,0.0,0.0,0,13,0.0
cora_gcnii16,4,13,10,4,0,0.0,FIXED_IDS,10,0.0,0.0,0.0,0,13,0.0
cora_gcnii16,4,13,11,4,0,0.0,FIXED_IDS,10,0.0,0.0,0.0,0,13,0.0
cora_gcnii16,4,13,12,4,0,0.0,FIXED_IDS,10,0.0,0.0,0.0,0,13,0.0
cora_gcnii16,4,13,13,4,0,0.0,FIXED_IDS,10,0.0,0.0,0.0,0,13,0.0
cora_gcnii16,4,13,14,4,0,0.0,FIXED_IDS,10,0.0,0.0,0.0,0,13,0.0
cora_gcnii16,4,13,15,4,0,0.0,FIXED_IDS,10,0.0,0.0,0.0,0,13,0.0
cora_gcnii16,4,13,0,4,0,0.0,FIXED_IDS,10,0.0,0.0,0.0,0,13,0.0
cora_gcnii16,4,13,1,4,0,0.0,FIXED_IDS,10,0.0,0.0,0.0,0,13,0.0
cora_gcnii16,4,13,2,4,0,0.0,FIXED_IDS,10,0.0,0.0,0.0,0,13,0.0
cora_gcnii16,4,13,3,4,0,0.0,FIXED_IDS,10,0.0,0.0,0.0,0,13,0.0
cora_gcnii16,4,13,4,4,0,0.0,FIXED_IDS,10,0.0,0.0,0.0,0,13,0.0
cora_gcnii16,4,13,5,4,0,0.0,FIXED_IDS,10,0.0,0.0,0.0,0,13,0.0
cora_gcnii16,4,13,6,4,0,0.0,FIXED_IDS,10,0.0,0.0,0.0,0,13,0.0
cora_gcnii16,4,13,7,4,0,0.0,FIXED_IDS,10,0.0,0.0,0.0,0,13,0.0
cora_gcnii16,4,13,8,4,0,0.0,FIXED_IDS,10,0.0,0.0,0.0,0,13,0.0
cora_gcnii16,4,13,9,4,0,0.0,FIXED_IDS,10,0.0,0.0,0.0,0,13,0.0
cora_gcnii16,4,13,10,4,0,0.0,FIXED_IDS,10,0.0,0.0,0.0,0,13,0.0
cora_gcnii16,4,13,11,4,0,0.0,FIXED_IDS,10,0.0,0.0,0.0,0,13,0.0
cora_gcnii16,4,13,12,4,0,0.0,FIXED_IDS,10,0.0,0.0,0.0,0,13,0.0
cora_gcnii16,4,13,13,4,0,0.0,FIXED_IDS,10,0.0,0.0,0.0,0,13,0.0
cora_gcnii16,4,13,14,4,0,0.0,FIXED_IDS,10,0.0,0.0,0.0,0,13,0.0
cora_gcnii16,4,13,15,4,0,0.0,FIXED_IDS,10,0.0,0.0,0.0,0,13,0.0
cora_gcnii16,4,13,0,4,0,0.0,FIXED_IDS,10,0.0,0.0,0.0,0,13,0.0
cora_gcnii16,4,13,1,4,0,0.0,FIXED_IDS,10,0.0,0.0,0.0,0,13,0.0
cora_gcnii16,4,13,2,4,0,0.0,FIXED_IDS,10,0.0,0.0,0.0,0,13,0.0
cora_gcnii16,4,13,3,4,0,0.0,FIXED_IDS,10,0.0,0.0,0.0,0,13,0.0
cora_gcnii16,4,13,4,4,0,0.0,FIXED_IDS,10,0.0,0.0,0.0,0,13,0.0
cora_gcnii16,4,13,5,4,0,0.0,FIXED_IDS,10,0.0,0.0,0.0,0,13,0.0
cora_gcnii16,4,13,6,4,0,0.0,FIXED_IDS,10,0.0,0.0,0.0,0,13,0.0
cora_gcnii16,4,13,7,4,0,0.0,FIXED_IDS,10,0.0,0.0,0.0,0,13,0.0
cora_gcnii16,4,13,8,4,0,0.0,FIXED_IDS,10,0.0,0.0,0.0,0,13,0.0
cora_gcnii16,4,13,9,4,0,0.0,FIXED_IDS,10,0.0,0.0,0.0,0,13,0.0
cora_gcnii16,4,13,10,4,0,0.0,FIXED_IDS,10,0.0,0.0,0.0,0,13,0.0
cora_gcnii16,4,13,11,4,0,0.0,FIXED_IDS,10,0.0,0.0,0.0,0,13,0.0
cora_gcnii16,4,13,12,4,0,0.0,FIXED_IDS,10,0.0,0.0,0.0,0,13,0.0
cora_gcnii16,4,13,13,4,0,0.0,FIXED_IDS,10,0.0,0.0,0.0,0,13,0.0
cora_gcnii16,4,13,14,4,0,0.0,FIXED_IDS,10,0.0,0.0,0.0,0,13,0.0
cora_gcnii16,4,13,15,4,0,0.0,FIXED_IDS,10,0.0,0.0,0.0,0,13,0.0
cora_gcnii16,4,13,0,4,0,0.0,FIXED_IDS,10,0.0,0.0,0.0,0,13,0.0
cora_gcnii16,4,13,1,4,0,0.0,FIXED_IDS,10,0.0,0.0,0.0,0,13,0.0
cora_gcnii16,4,13,2,4,0,0.0,FIXED_IDS,10,0.0,0.0,0.0,0,13,0.0
cora_gcnii16,4,13,3,4,0,0.0,FIXED_IDS,10,0.0,0.0,0.0,0,13,0.0
cora_gcnii16,4,13,4,4,0,0.0,FIXED_IDS,10,0.0,0.0,0.0,0,13,0.0
cora_gcnii16,4,13,5,4,0,0.0,FIXED_IDS,10,0.0,0.0,0.0,0,13,0.0
cora_gcnii16,4,13,6,4,0,0.0,FIXED_IDS,10,0.0,0.0,0.0,0,13,0.0
cora_gcnii16,4,13,7,4,0,0.0,FIXED_IDS,10,0.0,0.0,0.0,0,13,0.0
cora_gcnii16,4,13,8,4,0,0.0,FIXED_IDS,10,0.0,0.0,0.0,0,13,0.0
cora_gcnii16,4,13,9,4,0,0.0,FIXED_IDS,10,0.0,0.0,0.0,0,13,0.0
cora_gcnii16,4,13,10,4,0,0.0,FIXED_IDS,10,0.0,0.0,0.0,0,13,0.0
cora_gcnii16,4,13,11,4,0,0.0,FIXED_IDS,10,0.0,0.0,0.0,0,13,0.0
cora_gcnii16,4,13,12,4,0,0.0,FIXED_IDS,10,0.0,0.0,0.0,0,13,0.0
cora_gcnii16,4,13,13,4,0,0.0,FIXED_IDS,10,0.0,0.0,0.0,0,13,0.0
cora_gcnii16,4,13,14,4,0,0.0,FIXED_IDS,10,0.0,0.0,0.0,0,13,0.0
cora_gcnii16,4,13,15,4,0,0.0,FIXED_IDS,10,0.0,0.0,0.0,0,13,0.0
cora_gcnii16,4,13,0,4,0,0.0,FIXED_IDS,10,0.0,0.0,0.0,0,13,0.0
cora_gcnii16,4,13,1,4,0,0.0,FIXED_IDS,10,0.0,0.0,0.0,0,13,0.0
cora_gcnii16,4,13,2,4,0,0.0,FIXED_IDS,10,0.0,0.0,0.0,0,13,0.0
cora_gcnii16,4,13,3,4,0,0.0,FIXED_IDS,10,0.0,0.0,0.0,0,13,0.0
cora_gcnii16,4,13,4,4,0,0.0,FIXED_IDS,10,0.0,0.0,0.0,0,13,0.0
cora_gcnii16,4,13,5,4,0,0.0,FIXED_IDS,10,0.0,0.0,0.0,0,13,0.0
cora_gcnii16,4,13,6,4,0,0.0,FIXED_IDS,10,0.0,0.0,0.0,0,13,0.0
cora_gcnii16,4,13,7,4,0,0.0,FIXED_IDS,10,0.0,0.0,0.0,0,13,0.0
cora_gcnii16,4,13,8,4,0,0.0,FIXED_IDS,10,0.0,0.0,0.0,0,13,0.0
cora_gcnii16,4,13,9,4,0,0.0,FIXED_IDS,10,0.0,0.0,0.0,0,13,0.0
cora_gcnii16,4,13,10,4,0,0.0,FIXED_IDS,10,0.0,0.0,0.0,0,13,0.0
cora_gcnii16,4,13,11,4,0,0.0,FIXED_IDS,10,0.0,0.0,0.0,0,13,0.0
cora_gcnii16,4,13,12,4,0,0.0,FIXED_IDS,10,0.0,0.0,0.0,0,13,0.0
cora_gcnii16,4,13,13,4,0,0.0,FIXED_IDS,10,0.0,0.0,0.0,0,13,0.0
cora_gcnii16,4,13,14,4,0,0.0,FIXED_IDS,10,0.0,0.0,0.0,0,13,0.0
cora_gcnii16,4,13,15,4,0,0.0,FIXED_IDS,10,0.0,0.0,0.0,0,13,0.0
cora_gcnii16,4,13,0,4,0,0.0,FIXED_IDS,10,0.0,0.0,0.0,0,13,0.0
cora_gcnii16,4,13,1,4,0,0.0,FIXED_IDS,10,0.0,0.0,0.0,0,13,0.0
cora_gcnii16,4,13,2,4,0,0.0,FIXED_IDS,10,0.0,0.0,0.0,0,13,0.0
cora_gcnii16,4,13,3,4,0,0.0,FIXED_IDS,10,0.0,0.0,0.0,0,13,0.0
cora_gcnii16,4,13,4,4,0,0.0,FIXED_IDS,10,0.0,0.0,0.0,0,13,0.0
cora_gcnii16,4,13,5,4,0,0.0,FIXED_IDS,10,0.0,0.0,0.0,0,13,0.0
cora_gcnii16,4,13,6,4,0,0.0,FIXED_IDS,10,0.0,0.0,0.0,0,13,0.0
cora_gcnii16,4,13,7,4,0,0.0,FIXED_IDS,10,0.0,0.0,0.0,0,13,0.0
cora_gcnii16,4,13,8,4,0,0.0,FIXED_IDS,10,0.0,0.0,0.0,0,13,0.0
cora_gcnii16,4,13,9,4,0,0.0,FIXED_IDS,10,0.0,0.0,0.0,0,13,0.0
cora_gcnii16,4,13,10,4,0,0.0,FIXED_IDS,10,0.0,0.0,0.0,0,13,0.0
cora_gcnii16,4,13,11,4,0,0.0,FIXED_IDS,10,0.0,0.0,0.0,0,13,0.0
cora_gcnii16,4,13,12,4,0,0.0,FIXED_IDS,10,0.0,0.0,0.0,0,13,0.0
cora_gcnii16,4,13,13,4,0,0.0,FIXED_IDS,10,0.0,0.0,0.0,0,13,0.0
cora_gcnii16,4,13,14,4,0,0.0,FIXED_IDS,10,0.0,0.0,0.0,0,13,0.0
cora_gcnii16,4,13,15,4,0,0.0,FIXED_IDS,10,0.0,0.0,0.0,0,13,0.0
cora_gcnii16,4,13,0,4,0,0.0,FIXED_IDS,10,0.0,0.0,0.0,0,13,0.0
cora_gcnii16,4,13,1,4,0,0.0,FIXED_IDS,10,0.0,0.0,0.0,0,13,0.0
cora_gcnii16,4,13,2,4,0,0.0,FIXED_IDS,10,0.0,0.0,0.0,0,13,0.0
cora_gcnii16,4,13,3,4,0,0.0,FIXED_IDS,10,0.0,0.0,0.0,0,13,0.0
cora_gcnii16,4,13,4,4,0,0.0,FIXED_IDS,10,0.0,0.0,0.0,0,13,0.0
cora_gcnii16,4,13,5,4,0,0.0,FIXED_IDS,10,0.0,0.0,0.0,0,13,0.0
cora_gcnii16,4,13,6,4,0,0.0,FIXED_IDS,10,0.0,0.0,0.0,0,13,0.0
cora_gcnii16,4,13,7,4,0,0.0,FIXED_IDS,10,0.0,0.0,0.0,0,13,0.0
cora_gcnii16,4,13,8,4,0,0.0,FIXED_IDS,10,0.0,0.0,0.0,0,13,0.0
cora_gcnii16,4,13,9,4,0,0.0,FIXED_IDS,10,0.0,0.0,0.0,0,13,0.0
cora_gcnii16,4,13,10,4,0,0.0,FIXED_IDS,10,0.0,0.0,0.0,0,13,0.0
cora_gcnii16,4,13,11,4,0,0.0,FIXED_IDS,10,0.0,0.0,0.0,0,13,0.0
cora_gcnii16,4,13,12,4,0,0.0,FIXED_IDS,10,0.0,0.0,0.0,0,13,0.0
cora_gcnii16,4,13,13,4,0,0.0,FIXED_IDS,10,0.0,0.0,0.0,0,13,0.0
cora_gcnii16,4,13,14,4,0,0.0,FIXED_IDS,10,0.0,0.0,0.0,0,13,0.0
cora_gcnii16,4,13,15,4,0,0.0,FIXED_IDS,10,0.0,0.0,0.0,0,13,0.0
cora_gcnii16,4,13,0,4,0,0.0,FIXED_IDS,7,0.0,0.0,0.0,0,13,0.0
cora_gcnii16,4,13,1,4,0,0.0,FIXED_IDS,7,0.0,0.0,0.0,0,13,0.0
cora_gcnii16,4,13,2,4,0,0.0,FIXED_IDS,7,0.0,0.0,0.0,0,13,0.0
cora_gcnii16,4,13,3,4,0,0.0,FIXED_IDS,7,0.0,0.0,0.0,0,13,0.0
cora_gcnii16,4,13,4,4,0,0.0,FIXED_IDS,7,0.0,0.0,0.0,0,13,0.0
cora_gcnii16,4,13,5,4,0,0.0,FIXED_IDS,7,0.0,0.0,0.0,0,13,0.0
cora_gcnii16,4,13,6,4,0,0.0,FIXED_IDS,7,0.0,0.0,0.0,0,13,0.0
cora_gcnii16,4,13,7,4,0,0.0,FIXED_IDS,7,0.0,0.0,0.0,0,13,0.0
cora_gcnii16,4,13,8,4,0,0.0,FIXED_IDS,7,0.0,0.0,0.0,0,13,0.0
cora_gcnii16,4,13,9,4,0,0.0,FIXED_IDS,7,0.0,0.0,0.0,0,13,0.0
cora_gcnii16,4,13,10,4,0,0.0,FIXED_IDS,7,0.0,0.0,0.0,0,13,0.0
cora_gcnii16,4,13,11,4,0,0.0,FIXED_IDS,7,0.0,0.0,0.0,0,13,0.0
cora_gcnii16,4,13,12,4,0,0.0,FIXED_IDS,7,0.0,0.0,0.0,0,13,0.0
cora_gcnii16,4,13,13,4,0,0.0,FIXED_IDS,7,0.0,0.0,0.0,0,13,0.0
cora_gcnii16,4,13,14,4,0,0.0,FIXED_IDS,7,0.0,0.0,0.0,0,13,0.0
cora_gcnii16,4,13,15,4,0,0.0,FIXED_IDS,7,0.0,0.0,0.0,0,13,0.0
cora_gcnii16,4,13,0,8,126,0.984375,DENSE_XOR,130,0.9165140415140414,0.8809523809523809,0.933531746031746,0,13,0.0
cora_gcnii16,4,13,1,8,0,0.0,FIXED_IDS,10,0.0,0.0,0.0,0,13,0.0
cora_gcnii16,4,13,2,8,108,0.84375,DENSE_XOR,130,0.9911858974358976,0.9837962962962963,0.9976851851851852,0,13,0.0
cora_gcnii16,4,13,3,8,116,0.90625,DENSE_XOR,130,0.8405172413793104,0.8211206896551724,0.8771551724137931,0,13,0.0
cora_gcnii16,4,13,4,8,111,0.8671875,DENSE_XOR,130,0.9867463617463617,0.9819819819819819,0.990990990990991,0,13,0.0
cora_gcnii16,4,13,5,8,119,0.9296875,DENSE_XOR,130,0.8888170652876535,0.8613445378151261,0.9065126050420168,0,13,0.0
cora_gcnii16,4,13,6,8,0,0.0,FIXED_IDS,10,0.0,0.0,0.0,0,13,0.0
cora_gcnii16,4,13,7,8,0,0.0,FIXED_IDS,10,0.0,0.0,0.0,0,13,0.0
cora_gcnii16,4,13,0,8,116,0.90625,DENSE_XOR,130,0.9530006631299734,0.9051724137931034,0.9752155172413793,0,13,0.0
cora_gcnii16,4,13,1,8,0,0.0,FIXED_IDS,10,0.0,0.0,0.0,0,13,0.0
cora_gcnii16,4,13,2,8,112,0.875,DENSE_XOR,130,0.9921875,0.984375,0.9977678571428571,0,13,0.0
cora_gcnii16,4,13,3,8,104,0.8125,DENSE_XOR,130,0.8829511834319526,0.8545673076923077,0.9086538461538461,0,13,0.0
cora_gcnii16,4,13,4,8,122,0.953125,DENSE_XOR,130,0.9954287515762925,0.9815573770491803,1.0,0,13,0.0
cora_gcnii16,4,13,5,8,120,0.9375,DENSE_XOR,130,0.9290064102564103,0.8885416666666667,0.9625,0,13,0.0
cora_gcnii16,4,13,6,8,0,0.0,FIXED_IDS,10,0.0,0.0,0.0,0,13,0.0
cora_gcnii16,4,13,7,8,0,0.0,FIXED_IDS,10,0.0,0.0,0.0,0,13,0.0
cora_gcnii16,4,13,0,8,127,0.9921875,DENSE_XOR,130,0.9321623258631134,0.875,0.9625984251968503,0,13,0.0
cora_gcnii16,4,13,1,8,0,0.0,FIXED_IDS,10,0.0,0.0,0.0,0,13,0.0
cora_gcnii16,4,13,2,8,111,0.8671875,DENSE_XOR,130,0.9948024948024948,0.9943693693693694,0.9966216216216216,0,13,0.0
cora_gcnii16,4,13,3,8,109,0.8515625,DENSE_XOR,130,0.8648553281580804,0.8142201834862385,0.9048165137614679,0,13,0.0
cora_gcnii16,4,13,4,8,116,0.90625,DENSE_XOR,130,0.9816810344827585,0.9655172413793104,0.9892241379310345,0,13,0.0
cora_gcnii16,4,13,5,8,119,0.9296875,DENSE_XOR,130,0.9486910148674854,0.930672268907563,0.9621848739495799,0,13,0.0
cora_gcnii16,4,13,6,8,0,0.0,FIXED_IDS,10,0.0,0.0,0.0,0,13,0.0
cora_gcnii16,4,13,7,8,0,0.0,FIXED_IDS,10,0.0,0.0,0.0,0,13,0.0
cora_gcnii16,4,13,0,8,127,0.9921875,DENSE_XOR,130,0.9532101756511207,0.8996062992125984,0.9753937007874016,0,13,0.0
cora_gcnii16,4,13,1,8,0,0.0,FIXED_IDS,10,0.0,0.0,0.0,0,13,0.0
cora_gcnii16,4,13,2,8,114,0.890625,DENSE_XOR,130,0.9811909581646423,0.9692982456140351,0.9901315789473685,0,13,0.0
cora_gcnii16,4,13,3,8,0,0.0,FIXED_IDS,10,0.0,0.0,0.0,0,13,0.0
cora_gcnii16,4,13,4,8,120,0.9375,DENSE_XOR,130,0.9915064102564102,0.965625,1.0,0,13,0.0
cora_gcnii16,4,13,5,8,120,0.9375,DENSE_XOR,130,0.9064903846153846,0.85,0.95,0,13,0.0
cora_gcnii16,4,13,6,8,0,0.0,FIXED_IDS,10,0.0,0.0,0.0,0,13,0.0
cora_gcnii16,4,13,7,8,0,0.0,FIXED_IDS,10,0.0,0.0,0.0,0,13,0.0
cora_gcnii16,4,13,0,8,128,1.0,DENSE_XOR,130,0.9328425480769231,0.884765625,0.958984375,0,13,0.0
cora_gcnii16,4,13,1,8,0,0.0,FIXED_IDS,10,0.0,0.0,0.0,0,13,0.0
cora_gcnii16,4,13,2,8,103,0.8046875,DENSE_XOR,130,0.9952389843166543,0.9854368932038835,1.0,0,13,0.0
cora_gcnii16,4,13,3,8,0,0.0,FIXED_IDS,10,0.0,0.0,0.0,0,13,0.0
cora_gcnii16,4,13,4,8,105,0.8203125,DENSE_XOR,130,0.9863553113553115,0.9630952380952381,0.9952380952380953,0,13,0.0
cora_gcnii16,4,13,5,8,104,0.8125,DENSE_XOR,130,0.9146634615384616,0.8485576923076923,0.9651442307692307,0,13,0.0
cora_gcnii16,4,13,6,8,0,0.0,FIXED_IDS,10,0.0,0.0,0.0,0,13,0.0
cora_gcnii16,4,13,7,8,0,0.0,FIXED_IDS,10,0.0,0.0,0.0,0,13,0.0
cora_gcnii16,4,13,0,8,128,1.0,DENSE_XOR,130,0.9485426682692307,0.916015625,0.96484375,0,13,0.0
cora_gcnii16,4,13,1,8,110,0.859375,DENSE_XOR,130,0.9020979020979021,0.8193181818181818,0.9681818181818181,0,13,0.0
cora_gcnii16,4,13,2,8,99,0.7734375,DENSE_XOR,130,0.9621212121212118,0.9356060606060606,0.9886363636363636,0,13,0.0
cora_gcnii16,4,13,3,8,0,0.0,FIXED_IDS,10,0.0,0.0,0.0,0,13,0.0
cora_gcnii16,4,13,4,8,116,0.90625,DENSE_XOR,130,0.9513428381962863,0.8728448275862069,0.9838362068965517,0,13,0.0
cora_gcnii16,4,13,5,8,119,0.9296875,DENSE_XOR,130,0.8863122171945701,0.8392857142857143,0.917016806722689,0,13,0.0
cora_gcnii16,4,13,6,8,0,0.0,FIXED_IDS,10,0.0,0.0,0.0,0,13,0.0
cora_gcnii16,4,13,7,8,108,0.84375,DENSE_XOR,130,0.9583333333333333,0.9305555555555556,1.0,0,13,0.0
cora_gcnii16,4,13,0,8,128,1.0,DENSE_XOR,130,0.9704026442307693,0.9189453125,0.994140625,0,13,0.0
cora_gcnii16,4,13,1,8,108,0.84375,DENSE_XOR,130,0.9070512820512818,0.8194444444444444,0.96875,0,13,0.0
cora_gcnii16,4,13,2,8,111,0.8671875,DENSE_XOR,130,0.9545218295218295,0.8930180180180181,0.9887387387387387,0,13,0.0
cora_gcnii16,4,13,3,8,0,0.0,FIXED_IDS,10,0.0,0.0,0.0,0,13,0.0
cora_gcnii16,4,13,4,8,118,0.921875,DENSE_XOR,130,0.9572196870925685,0.8728813559322034,0.9978813559322034,0,13,0.0
cora_gcnii16,4,13,5,8,116,0.90625,DENSE_XOR,130,0.8831233421750664,0.8135775862068966,0.9288793103448276,0,13,0.0
cora_gcnii16,4,13,6,8,0,0.0,FIXED_IDS,10,0.0,0.0,0.0,0,13,0.0
cora_gcnii16,4,13,7,8,0,0.0,FIXED_IDS,10,0.0,0.0,0.0,0,13,0.0
cora_gcnii16,4,13,0,8,128,1.0,DENSE_XOR,130,0.9841496394230769,0.9306640625,0.998046875,0,13,0.0
cora_gcnii16,4,13,1,8,0,0.0,FIXED_IDS,10,0.0,0.0,0.0,0,13,0.0
cora_gcnii16,4,13,2,8,128,1.0,DENSE_XOR,130,0.9994741586538461,0.998046875,1.0,0,13,0.0
cora_gcnii16,4,13,3,8,128,1.0,DENSE_XOR,130,0.9416316105769231,0.9111328125,0.9599609375,0,13,0.0
cora_gcnii16,4,13,4,8,126,0.984375,DENSE_XOR,130,0.9993894993894994,0.998015873015873,1.0,0,13,0.0
cora_gcnii16,4,13,5,8,126,0.984375,DENSE_XOR,130,0.9020909645909646,0.8075396825396826,0.9781746031746031,0,13,0.0
cora_gcnii16,4,13,6,8,0,0.0,FIXED_IDS,10,0.0,0.0,0.0,0,13,0.0
cora_gcnii16,4,13,7,8,0,0.0,FIXED_IDS,10,0.0,0.0,0.0,0,13,0.0
cora_gcnii16,4,13,0,8,128,1.0,DENSE_XOR,130,0.9375,0.9150390625,0.955078125,0,13,0.0
cora_gcnii16,4,13,1,8,125,0.9765625,DENSE_XOR,130,0.9679230769230769,0.918,0.997,0,13,0.0
cora_gcnii16,4,13,2,8,95,0.7421875,DENSE_XOR,130,0.9560728744939271,0.8973684210526316,0.9921052631578947,0,13,0.0
cora_gcnii16,4,13,3,8,0,0.0,FIXED_IDS,10,0.0,0.0,0.0,0,13,0.0
cora_gcnii16,4,13,4,8,92,0.71875,DENSE_XOR,130,0.9614339464882942,0.904891304347826,0.9823369565217391,0,13,0.0
cora_gcnii16,4,13,5,8,0,0.0,FIXED_IDS,10,0.0,0.0,0.0,0,13,0.0
cora_gcnii16,4,13,6,8,0,0.0,FIXED_IDS,10,0.0,0.0,0.0,0,13,0.0
cora_gcnii16,4,13,7,8,86,0.671875,DENSE_XOR,130,0.9451028622540252,0.9011627906976745,0.9854651162790697,0,13,0.0
cora_gcnii16,4,13,0,8,127,0.9921875,DENSE_XOR,130,0.9781193216232587,0.9635826771653543,0.9891732283464567,0,13,0.0
cora_gcnii16,4,13,1,8,120,0.9375,DENSE_XOR,130,0.8788461538461539,0.7604166666666666,0.9479166666666666,0,13,0.0
cora_gcnii16,4,13,2,8,112,0.875,DENSE_XOR,130,0.9590487637362638,0.9017857142857143,0.9877232142857143,0,13,0.0
cora_gcnii16,4,13,3,8,0,0.0,FIXED_IDS,10,0.0,0.0,0.0,0,13,0.0
cora_gcnii16,4,13,4,8,123,0.9609375,DENSE_XOR,130,0.9690431519699814,0.9146341463414634,0.9867886178861789,0,13,0.0
cora_gcnii16,4,13,5,8,120,0.9375,DENSE_XOR,130,0.9174679487179487,0.8604166666666667,0.9552083333333333,0,13,0.0
cora_gcnii16,4,13,6,8,0,0.0,FIXED_IDS,10,0.0,0.0,0.0,0,13,0.0
cora_gcnii16,4,13,7,8,120,0.9375,DENSE_XOR,130,0.9571314102564101,0.9208333333333333,0.996875,0,13,0.0
cora_gcnii16,4,13,0,8,128,1.0,DENSE_XOR,130,0.9865534855769231,0.958984375,0.994140625,0,13,0.0
cora_gcnii16,4,13,1,8,124,0.96875,DENSE_XOR,130,0.8930676178660051,0.7762096774193549,0.969758064516129,0,13,0.0
cora_gcnii16,4,13,2,8,124,0.96875,DENSE_XOR,130,0.9774348635235731,0.9153225806451613,0.9979838709677419,0,13,0.0
cora_gcnii16,4,13,3,8,0,0.0,FIXED_IDS,10,0.0,0.0,0.0,0,13,0.0
cora_gcnii16,4,13,4,8,123,0.9609375,DENSE_XOR,130,0.9903064415259538,0.9329268292682927,1.0,0,13,0.0
cora_gcnii16,4,13,5,8,124,0.96875,DENSE_XOR,130,0.943393300248139,0.8659274193548387,0.9828629032258065,0,13,0.0
cora_gcnii16,4,13,6,8,0,0.0,FIXED_IDS,10,0.0,0.0,0.0,0,13,0.0
cora_gcnii16,4,13,7,8,96,0.75,DENSE_XOR,130,0.9562299679487178,0.91015625,0.9947916666666666,0,13,0.0
cora_gcnii16,4,13,0,8,128,1.0,DENSE_XOR,130,0.9876051682692307,0.9599609375,0.998046875,0,13,0.0
cora_gcnii16,4,13,1,8,120,0.9375,DENSE_XOR,130,0.9602564102564103,0.9197916666666667,0.9916666666666667,0,13,0.0
cora_gcnii16,4,13,2,8,123,0.9609375,DENSE_XOR,130,0.9814727954971857,0.9349593495934959,0.9989837398373984,0,13,0.0
cora_gcnii16,4,13,3,8,122,0.953125,DENSE_XOR,130,0.9542087011349307,0.9170081967213115,0.9825819672131147,0,13,0.0
cora_gcnii16,4,13,4,8,104,0.8125,DENSE_XOR,130,0.9668084319526626,0.9170673076923077,0.9927884615384616,0,13,0.0
cora_gcnii16,4,13,5,8,0,0.0,FIXED_IDS,10,0.0,0.0,0.0,0,13,0.0
cora_gcnii16,4,13,6,8,0,0.0,FIXED_IDS,10,0.0,0.0,0.0,0,13,0.0
cora_gcnii16,4,13,7,8,0,0.0,FIXED_IDS,10,0.0,0.0,0.0,0,13,0.0
cora_gcnii16,4,13,0,8,128,1.0,DENSE_XOR,130,0.9879807692307693,0.9599609375,0.9931640625,0,13,0.0
cora_gcnii16,4,13,1,8,116,0.90625,DENSE_XOR,130,0.9684184350132625,0.9331896551724138,0.9989224137931034,0,13,0.0
cora_gcnii16,4,13,2,8,128,1.0,DENSE_XOR,130,0.9969951923076923,0.984375,1.0,0,13,0.0
cora_gcnii16,4,13,3,8,128,1.0,DENSE_XOR,130,0.9803936298076923,0.962890625,0.98828125,0,13,0.0
cora_gcnii16,4,13,4,8,121,0.9453125,DENSE_XOR,130,0.9857755880483153,0.9555785123966942,0.996900826446281,0,13,0.0
cora_gcnii16,4,13,5,8,124,0.96875,DENSE_XOR,130,0.824674317617866,0.7006048387096774,0.9455645161290323,0,13,0.0
cora_gcnii16,4,13,6,8,0,0.0,FIXED_IDS,10,0.0,0.0,0.0,0,13,0.0
cora_gcnii16,4,13,7,8,0,0.0,FIXED_IDS,10,0.0,0.0,0.0,0,13,0.0
cora_gcnii16,4,13,0,8,128,1.0,DENSE_XOR,130,0.9868539663461539,0.9765625,0.9912109375,0,13,0.0
cora_gcnii16,4,13,1,8,128,1.0,DENSE_XOR,130,0.9924879807692307,0.951171875,1.0,0,13,0.0
cora_gcnii16,4,13,2,8,121,0.9453125,DENSE_XOR,130,0.9894310235219325,0.9493801652892562,1.0,0,13,0.0
cora_gcnii16,4,13,3,8,122,0.953125,DENSE_XOR,130,0.9706809583858765,0.9538934426229508,0.9877049180327869,0,13,0.0
cora_gcnii16,4,13,4,8,98,0.765625,DENSE_XOR,130,0.9270996860282573,0.8494897959183674,0.9846938775510204,0,13,0.0
cora_gcnii16,4,13,5,8,0,0.0,FIXED_IDS,10,0.0,0.0,0.0,0,13,0.0
cora_gcnii16,4,13,6,8,128,1.0,DENSE_XOR,130,0.8034855769230769,0.6201171875,0.962890625,1,13,0.0
cora_gcnii16,4,13,7,8,0,0.0,FIXED_IDS,10,0.0,0.0,0.0,0,13,0.0
cora_gcnii16,4,13,0,8,120,0.9375,DENSE_XOR,130,0.9532852564102564,0.9427083333333334,0.965625,0,13,0.0
cora_gcnii16,4,13,1,8,128,1.0,DENSE_XOR,130,0.9346454326923077,0.8291015625,0.9833984375,0,13,0.0
cora_gcnii16,4,13,2,8,100,0.78125,DENSE_XOR,130,0.9600961538461539,0.8975,0.9925,0,13,0.0
cora_gcnii16,4,13,3,8,0,0.0,FIXED_IDS,10,0.0,0.0,0.0,0,13,0.0
cora_gcnii16,4,13,4,8,103,0.8046875,DENSE_XOR,130,0.9432412247946229,0.8725728155339806,0.9696601941747572,0,13,0.0
cora_gcnii16,4,13,5,8,124,0.96875,DENSE_XOR,130,0.8834522332506203,0.8649193548387096,0.9133064516129032,0,13,0.0
cora_gcnii16,4,13,6,8,116,0.90625,DENSE_XOR,130,0.8824602122015914,0.7165948275862069,0.9913793103448276,0,13,0.0
cora_gcnii16,4,13,7,8,112,0.875,DENSE_XOR,130,0.9771634615384616,0.9676339285714286,0.9899553571428571,0,13,0.0
cora_gcnii16,4,13,0,8,126,0.984375,DENSE_XOR,130,0.9782509157509158,0.9652777777777778,0.9880952380952381,0,13,0.0
cora_gcnii16,4,13,1,8,128,1.0,DENSE_XOR,130,0.9887319711538461,0.9404296875,1.0,0,13,0.0
cora_gcnii16,4,13,2,8,124,0.96875,DENSE_XOR,130,0.9785980148883373,0.9334677419354839,0.9969758064516129,0,13,0.0
cora_gcnii16,4,13,3,8,126,0.984375,DENSE_XOR,130,0.8911782661782662,0.8611111111111112,0.9315476190476191,0,13,0.0
cora_gcnii16,4,13,4,8,104,0.8125,DENSE_XOR,130,0.9640347633136094,0.9122596153846154,0.9891826923076923,0,13,0.0
cora_gcnii16,4,13,5,8,112,0.875,DENSE_XOR,130,0.8729395604395604,0.8058035714285714,0.9051339285714286,0,13,0.0
cora_gcnii16,4,13,6,8,127,0.9921875,DENSE_XOR,130,0.8415354330708661,0.6486220472440944,0.9773622047244095,0,13,0.0
cora_gcnii16,4,13,7,8,0,0.0,FIXED_IDS,10,0.0,0.0,0.0,0,13,0.0
cora_gcnii16,4,13,0,8,128,1.0,DENSE_XOR,130,0.9708533653846154,0.9560546875,0.9775390625,0,13,0.0
cora_gcnii16,4,13,1,8,124,0.96875,DENSE_XOR,130,0.9834832506203475,0.96875,0.9939516129032258,0,13,0.0
cora_gcnii16,4,13,2,8,127,0.9921875,DENSE_XOR,130,0.9782707450030284,0.9458661417322834,0.9940944881889764,0,13,0.0
cora_gcnii16,4,13,3,8,128,1.0,DENSE_XOR,130,0.9629657451923077,0.95703125,0.9755859375,0,13,0.0
cora_gcnii16,4,13,4,8,108,0.84375,DENSE_XOR,130,0.9685719373219374,0.9178240740740741,0.9953703703703703,0,13,0.0
cora_gcnii16,4,13,5,8,0,0.0,FIXED_IDS,10,0.0,0.0,0.0,0,13,0.0
cora_gcnii16,4,13,6,8,0,0.0,FIXED_IDS,10,0.0,0.0,0.0,0,13,0.0
cora_gcnii16,4,13,7,8,0,0.0,FIXED_IDS,10,0.0,0.0,0.0,0,13,0.0
cora_gcnii16,4,13,0,8,124,0.96875,DENSE_XOR,130,0.9153225806451613,0.8881048387096774,0.936491935483871,0,13,0.0
cora_gcnii16,4,13,1,8,127,0.9921875,DENSE_XOR,130,0.9958358570563296,0.9812992125984252,1.0,0,13,0.0
cora_gcnii16,4,13,2,8,111,0.8671875,DENSE_XOR,130,0.9190921690921692,0.7702702702702703,0.9876126126126126,0,13,0.0
cora_gcnii16,4,13,3,8,122,0.953125,DENSE_XOR,130,0.8318883984867591,0.7879098360655737,0.9016393442622951,0,13,0.0
cora_gcnii16,4,13,4,8,0,0.0,FIXED_IDS,10,0.0,0.0,0.0,0,13,0.0
cora_gcnii16,4,13,5,8,0,0.0,FIXED_IDS,10,0.0,0.0,0.0,0,13,0.0
cora_gcnii16,4,13,6,8,124,0.96875,DENSE_XOR,130,0.8843827543424319,0.7631048387096774,0.9778225806451613,0,13,0.0
cora_gcnii16,4,13,7,8,0,0.0,FIXED_IDS,10,0.0,0.0,0.0,0,13,0.0
cora_gcnii16,4,13,0,8,116,0.90625,DENSE_XOR,130,0.9006962864721485,0.8771551724137931,0.9310344827586207,0,13,0.0
cora_gcnii16,4,13,1,8,128,1.0,DENSE_XOR,130,0.9936147836538461,0.978515625,1.0,0,13,0.0
cora_gcnii16,4,13,2,8,123,0.9609375,DENSE_XOR,130,0.8915728580362727,0.733739837398374,0.9796747967479674,0,13,0.0
cora_gcnii16,4,13,3,8,0,0.0,FIXED_IDS,10,0.0,0.0,0.0,0,13,0.0
cora_gcnii16,4,13,4,8,0,0.0,FIXED_IDS,10,0.0,0.0,0.0,0,13,0.0
cora_gcnii16,4,13,5,8,0,0.0,FIXED_IDS,10,0.0,0.0,0.0,0,13,0.0
cora_gcnii16,4,13,6,8,127,0.9921875,DENSE_XOR,130,0.8745457298606906,0.7372047244094488,0.9862204724409449,0,13,0.0
cora_gcnii16,4,13,7,8,0,0.0,FIXED_IDS,10,0.0,0.0,0.0,0,13,0.0
cora_gcnii16,4,13,0,8,120,0.9375,DENSE_XOR,130,0.8931089743589744,0.8729166666666667,0.91875,0,13,0.0
cora_gcnii16,4,13,1,8,128,1.0,DENSE_XOR,130,0.9963191105769231,0.9931640625,0.9990234375,0,13,0.0
cora_gcnii16,4,13,2,8,124,0.96875,DENSE_XOR,130,0.9106699751861042,0.7479838709677419,0.9909274193548387,0,13,0.0
cora_gcnii16,4,13,3,8,127,0.9921875,DENSE_XOR,130,0.8210175651120533,0.7903543307086615,0.8946850393700787,0,13,0.0
cora_gcnii16,4,13,4,8,0,0.0,FIXED_IDS,10,0.0,0.0,0.0,0,13,0.0
cora_gcnii16,4,13,5,8,0,0.0,FIXED_IDS,10,0.0,0.0,0.0,0,13,0.0
cora_gcnii16,4,13,6,8,127,0.9921875,DENSE_XOR,130,0.8335099939430649,0.6998031496062992,0.9724409448818898,0,13,0.0
cora_gcnii16,4,13,7,8,0,0.0,FIXED_IDS,10,0.0,0.0,0.0,0,13,0.0
cora_gcnii16,4,13,0,8,0,0.0,FIXED_IDS,10,0.0,0.0,0.0,0,13,0.0
cora_gcnii16,4,13,1,8,124,0.96875,DENSE_XOR,130,0.9944168734491314,0.9899193548387096,0.9969758064516129,0,13,0.0
cora_gcnii16,4,13,2,8,120,0.9375,DENSE_XOR,130,0.8784455128205126,0.6114583333333333,0.996875,1,13,0.0
cora_gcnii16,4,13,3,8,0,0.0,FIXED_IDS,10,0.0,0.0,0.0,0,13,0.0
cora_gcnii16,4,13,4,8,0,0.0,FIXED_IDS,10,0.0,0.0,0.0,0,13,0.0
cora_gcnii16,4,13,5,8,0,0.0,FIXED_IDS,10,0.0,0.0,0.0,0,13,0.0
cora_gcnii16,4,13,6,8,128,1.0,DENSE_XOR,130,0.8683143028846154,0.7802734375,0.974609375,0,13,0.0
cora_gcnii16,4,13,7,8,0,0.0,FIXED_IDS,10,0.0,0.0,0.0,0,13,0.0
cora_gcnii16,4,13,0,8,0,0.0,FIXED_IDS,7,0.0,0.0,0.0,0,13,0.0
cora_gcnii16,4,13,1,8,0,0.0,FIXED_IDS,7,0.0,0.0,0.0,0,13,0.0
cora_gcnii16,4,13,2,8,0,0.0,FIXED_IDS,7,0.0,0.0,0.0,0,13,0.0
cora_gcnii16,4,13,3,8,0,0.0,FIXED_IDS,7,0.0,0.0,0.0,0,13,0.0
cora_gcnii16,4,13,4,8,0,0.0,FIXED_IDS,7,0.0,0.0,0.0,0,13,0.0
cora_gcnii16,4,13,5,8,0,0.0,FIXED_IDS,7,0.0,0.0,0.0,0,13,0.0
cora_gcnii16,4,13,6,8,0,0.0,FIXED_IDS,7,0.0,0.0,0.0,0,13,0.0
cora_gcnii16,4,13,7,8,0,0.0,FIXED_IDS,7,0.0,0.0,0.0,0,13,0.0
cora_gcnii16,4,13,0,16,126,0.984375,DENSE_XOR,130,0.8783959096459095,0.8586309523809523,0.8928571428571429,0,13,0.0
cora_gcnii16,4,13,1,16,100,0.78125,DENSE_XOR,130,0.7933173076923077,0.75875,0.835625,0,13,0.0
cora_gcnii16,4,13,2,16,126,0.984375,DENSE_XOR,130,0.8878968253968254,0.8754960317460317,0.9057539682539683,0,13,0.0
cora_gcnii16,4,13,3,16,108,0.84375,DENSE_XOR,130,0.6413817663817665,0.5804398148148148,0.7349537037037037,0,13,0.0
cora_gcnii16,4,13,0,16,116,0.90625,DENSE_XOR,130,0.9336455570291778,0.9073275862068966,0.9482758620689655,0,13,0.0
cora_gcnii16,4,13,1,16,100,0.78125,DENSE_XOR,130,0.6777884615384615,0.639375,0.726875,0,13,0.0
cora_gcnii16,4,13,2,16,128,1.0,DENSE_XOR,130,0.9358473557692307,0.9267578125,0.94677734375,0,13,0.0
cora_gcnii16,4,13,3,16,106,0.828125,DENSE_XOR,130,0.6918087808417996,0.6185141509433962,0.7965801886792453,0,13,0.0
cora_gcnii16,4,13,0,16,126,0.984375,DENSE_XOR,130,0.8764117826617824,0.8392857142857143,0.9007936507936508,0,13,0.0
cora_gcnii16,4,13,1,16,104,0.8125,DENSE_XOR,130,0.68176775147929,0.6556490384615384,0.7223557692307693,0,13,0.0
cora_gcnii16,4,13,2,16,128,1.0,DENSE_XOR,130,0.9147385817307693,0.90234375,0.93603515625,0,13,0.0
cora_gcnii16,4,13,3,16,124,0.96875,DENSE_XOR,130,0.6375232630272953,0.5700604838709677,0.7550403225806451,0,13,0.0
cora_gcnii16,4,13,0,16,126,0.984375,DENSE_XOR,130,0.9028922466422465,0.8695436507936508,0.9315476190476191,0,13,0.0
cora_gcnii16,4,13,1,16,114,0.890625,DENSE_XOR,130,0.6912533738191631,0.6425438596491229,0.7242324561403509,0,13,0.0
cora_gcnii16,4,13,2,16,128,1.0,DENSE_XOR,130,0.9473031850961539,0.92041015625,0.97265625,0,13,0.0
cora_gcnii16,4,13,3,16,122,0.953125,DENSE_XOR,130,0.6443489911727617,0.5307377049180327,0.8027663934426229,0,13,0.0
cora_gcnii16,4,13,0,16,124,0.96875,DENSE_XOR,130,0.8724022952853597,0.8402217741935484,0.8911290322580645,0,13,0.0
cora_gcnii16,4,13,1,16,112,0.875,DENSE_XOR,130,0.7057005494505494,0.6729910714285714,0.7405133928571429,0,13,0.0
cora_gcnii16,4,13,2,16,128,1.0,DENSE_XOR,130,0.8673001802884616,0.833984375,0.89453125,0,13,0.0
cora_gcnii16,4,13,3,16,114,0.890625,DENSE_XOR,130,0.6047992577597842,0.4956140350877193,0.7664473684210527,0,13,0.0
cora_gcnii16,4,13,0,16,128,1.0,DENSE_XOR,130,0.8356370192307693,0.80078125,0.88232421875,0,13,0.0
cora_gcnii16,4,13,1,16,124,0.96875,DENSE_XOR,130,0.7074286600496277,0.6370967741935484,0.764616935483871,0,13,0.0
cora_gcnii16,4,13,2,16,128,1.0,DENSE_XOR,130,0.8971604567307693,0.84228515625,0.94482421875,0,13,0.0
cora_gcnii16,4,13,3,16,126,0.984375,DENSE_XOR,130,0.8079594017094016,0.7142857142857143,0.8918650793650794,0,13,0.0
cora_gcnii16,4,13,0,16,128,1.0,DENSE_XOR,130,0.8882587139423077,0.82373046875,0.94873046875,0,13,0.0
cora_gcnii16,4,13,1,16,120,0.9375,DENSE_XOR,130,0.7499599358974359,0.6776041666666667,0.796875,0,13,0.0
cora_gcnii16,4,13,2,16,128,1.0,DENSE_XOR,130,0.9091421274038461,0.84423828125,0.96142578125,0,13,0.0
cora_gcnii16,4,13,3,16,122,0.953125,DENSE_XOR,130,0.7098045397225725,0.600922131147541,0.8288934426229508,0,13,0.0
cora_gcnii16,4,13,0,16,128,1.0,DENSE_XOR,130,0.9851637620192307,0.9560546875,0.9951171875,0,13,0.0
cora_gcnii16,4,13,1,16,120,0.9375,DENSE_XOR,130,0.722636217948718,0.6838541666666667,0.7572916666666667,0,13,0.0
cora_gcnii16,4,13,2,16,127,0.9921875,DENSE_XOR,130,0.9905738946093275,0.9665354330708661,0.9945866141732284,0,13,0.0
cora_gcnii16,4,13,3,16,124,0.96875,DENSE_XOR,130,0.44723169975186106,0.30443548387096775,0.6743951612903226,5,13,0.0
cora_gcnii16,4,13,0,16,126,0.984375,DENSE_XOR,130,0.8290216727716729,0.7956349206349206,0.8640873015873016,0,13,0.0
cora_gcnii16,4,13,1,16,128,1.0,DENSE_XOR,130,0.8682391826923077,0.82373046875,0.89599609375,0,13,0.0
cora_gcnii16,4,13,2,16,126,0.984375,DENSE_XOR,130,0.7963980463980465,0.7400793650793651,0.8492063492063492,0,13,0.0
cora_gcnii16,4,13,3,16,116,0.90625,DENSE_XOR,130,0.706191976127321,0.6179956896551724,0.8114224137931034,0,13,0.0
cora_gcnii16,4,13,0,16,128,1.0,DENSE_XOR,130,0.8982872596153846,0.8701171875,0.9423828125,0,13,0.0
cora_gcnii16,4,13,1,16,128,1.0,DENSE_XOR,130,0.6963266225961539,0.60009765625,0.79638671875,0,13,0.0
cora_gcnii16,4,13,2,16,127,0.9921875,DENSE_XOR,130,0.9434433676559661,0.90748031496063,0.9719488188976378,0,13,0.0
cora_gcnii16,4,13,3,16,126,0.984375,DENSE_XOR,130,0.8777472527472526,0.779265873015873,0.9489087301587301,0,13,0.0
cora_gcnii16,4,13,0,16,128,1.0,DENSE_XOR,130,0.9442983774038461,0.90576171875,0.96484375,0,13,0.0
cora_gcnii16,4,13,1,16,128,1.0,DENSE_XOR,130,0.7594651442307693,0.65771484375,0.82666015625,0,13,0.0
cora_gcnii16,4,13,2,16,128,1.0,DENSE_XOR,130,0.9661959134615384,0.92333984375,0.9775390625,0,13,0.0
cora_gcnii16,4,13,3,16,126,0.984375,DENSE_XOR,130,0.7784264346764348,0.660218253968254,0.8958333333333334,0,13,0.0
cora_gcnii16,4,13,0,16,128,1.0,DENSE_XOR,130,0.9658203125,0.92333984375,0.99169921875,0,13,0.0
cora_gcnii16,4,13,1,16,128,1.0,DENSE_XOR,130,0.8970477764423077,0.84033203125,0.93115234375,0,13,0.0
cora_gcnii16,4,13,2,16,127,0.9921875,DENSE_XOR,130,0.8656496062992125,0.7893700787401575,0.9330708661417323,0,13,0.0
cora_gcnii16,4,13,3,16,110,0.859375,DENSE_XOR,130,0.6216346153846154,0.509090909090909,0.7801136363636364,0,13,0.0
cora_gcnii16,4,13,0,16,128,1.0,DENSE_XOR,130,0.9918118990384616,0.97021484375,0.9970703125,0,13,0.0
cora_gcnii16,4,13,1,16,128,1.0,DENSE_XOR,130,0.8754507211538461,0.8349609375,0.9013671875,0,13,0.0
cora_gcnii16,4,13,2,16,126,0.984375,DENSE_XOR,130,0.9562728937728937,0.9037698412698413,0.9776785714285714,0,13,0.0
cora_gcnii16,4,13,3,16,124,0.96875,DENSE_XOR,130,0.43579404466501237,0.2872983870967742,0.6738911290322581,5,13,0.0
cora_gcnii16,4,13,0,16,128,1.0,DENSE_XOR,130,0.9622896634615384,0.9384765625,0.978515625,0,13,0.0
cora_gcnii16,4,13,1,16,128,1.0,DENSE_XOR,130,0.9729942908653846,0.923828125,0.990234375,0,13,0.0
cora_gcnii16,4,13,2,16,126,0.984375,DENSE_XOR,130,0.8191773504273504,0.7266865079365079,0.9092261904761905,0,13,0.0
cora_gcnii16,4,13,3,16,118,0.921875,DENSE_XOR,130,0.5970501955671448,0.4570974576271186,0.7759533898305084,0,13,0.0
cora_gcnii16,4,13,0,16,128,1.0,DENSE_XOR,130,0.8309795673076923,0.80517578125,0.87255859375,0,13,0.0
cora_gcnii16,4,13,1,16,128,1.0,DENSE_XOR,130,0.8224158653846154,0.71875,0.88916015625,0,13,0.0
cora_gcnii16,4,13,2,16,114,0.890625,DENSE_XOR,130,0.8865975033738192,0.8530701754385965,0.9216008771929824,0,13,0.0
cora_gcnii16,4,13,3,16,128,1.0,DENSE_XOR,130,0.8875826322115384,0.80859375,0.92626953125,0,13,0.0
cora_gcnii16,4,13,0,16,128,1.0,DENSE_XOR,130,0.9526742788461539,0.9267578125,0.97412109375,0,13,0.0
cora_gcnii16,4,13,1,16,128,1.0,DENSE_XOR,130,0.9556415264423077,0.896484375,0.97998046875,0,13,0.0
cora_gcnii16,4,13,2,16,112,0.875,DENSE_XOR,130,0.9227335164835163,0.8766741071428571,0.9486607142857143,0,13,0.0
cora_gcnii16,4,13,3,16,126,0.984375,DENSE_XOR,130,0.7366834554334555,0.6071428571428571,0.8616071428571429,0,13,0.0
cora_gcnii16,4,13,0,16,128,1.0,DENSE_XOR,130,0.9761117788461539,0.95166015625,0.98779296875,0,13,0.0
cora_gcnii16,4,13,1,16,128,1.0,DENSE_XOR,130,0.9600360576923077,0.93701171875,0.97119140625,0,13,0.0
cora_gcnii16,4,13,2,16,116,0.90625,DENSE_XOR,130,0.920175729442971,0.8561422413793104,0.9558189655172413,0,13,0.0
cora_gcnii16,4,13,3,16,122,0.953125,DENSE_XOR,130,0.5350331021437579,0.4113729508196721,0.7120901639344263,0,13,0.0
cora_gcnii16,4,13,0,16,128,1.0,DENSE_XOR,130,0.8674879807692307,0.78564453125,0.9296875,0,13,0.0
cora_gcnii16,4,13,1,16,128,1.0,DENSE_XOR,130,0.9766000600961539,0.95654296875,0.984375,0,13,0.0
cora_gcnii16,4,13,2,16,82,0.640625,DENSE_XOR,130,0.8275680112570356,0.7842987804878049,0.8932926829268293,0,13,0.0
cora_gcnii16,4,13,3,16,116,0.90625,DENSE_XOR,130,0.7579161140583555,0.6837284482758621,0.8453663793103449,0,13,0.0
cora_gcnii16,4,13,0,16,128,1.0,DENSE_XOR,130,0.8652719350961539,0.78369140625,0.92822265625,0,13,0.0
cora_gcnii16,4,13,1,16,128,1.0,DENSE_XOR,130,0.9918494591346154,0.97509765625,0.998046875,0,13,0.0
cora_gcnii16,4,13,2,16,60,0.46875,DENSE_XOR,130,0.84375,0.8166666666666667,0.8885416666666667,0,13,0.0
cora_gcnii16,4,13,3,16,128,1.0,DENSE_XOR,130,0.6625600961538461,0.607421875,0.76171875,0,13,0.0
cora_gcnii16,4,13,0,16,128,1.0,DENSE_XOR,130,0.8845402644230769,0.78955078125,0.94189453125,0,13,0.0
cora_gcnii16,4,13,1,16,128,1.0,DENSE_XOR,130,0.9962439903846154,0.99267578125,0.998046875,0,13,0.0
cora_gcnii16,4,13,2,16,68,0.53125,DENSE_XOR,130,0.8613546380090498,0.8207720588235294,0.9016544117647058,0,13,0.0
cora_gcnii16,4,13,3,16,118,0.921875,DENSE_XOR,130,0.5801417861799216,0.5201271186440678,0.7002118644067796,0,13,0.0
cora_gcnii16,4,13,0,16,128,1.0,DENSE_XOR,130,0.8189978966346154,0.68701171875,0.8837890625,0,13,0.0
cora_gcnii16,4,13,1,16,128,1.0,DENSE_XOR,130,0.9715294471153846,0.96875,0.9755859375,0,13,0.0
cora_gcnii16,4,13,2,16,0,0.0,FIXED_IDS,10,0.0,0.0,0.0,0,13,0.0
cora_gcnii16,4,13,3,16,128,1.0,DENSE_XOR,130,0.6233473557692307,0.580078125,0.71826171875,0,13,0.0
cora_gcnii16,4,13,0,16,0,0.0,FIXED_IDS,7,0.0,0.0,0.0,0,13,0.0
cora_gcnii16,4,13,1,16,0,0.0,FIXED_IDS,7,0.0,0.0,0.0,0,13,0.0
cora_gcnii16,4,13,2,16,0,0.0,FIXED_IDS,7,0.0,0.0,0.0,0,13,0.0
cora_gcnii16,4,13,3,16,0,0.0,FIXED_IDS,7,0.0,0.0,0.0,0,13,0.0
cora_gcnii16,4,13,0,32,128,1.0,DENSE_XOR,130,0.8677133413461539,0.860595703125,0.875732421875,0,13,0.0
cora_gcnii16,4,13,1,32,128,1.0,DENSE_XOR,130,0.6126239483173077,0.572265625,0.652587890625,0,13,0.0
cora_gcnii16,4,13,0,32,128,1.0,DENSE_XOR,130,0.8959397536057693,0.88671875,0.90625,0,13,0.0
cora_gcnii16,4,13,1,32,128,1.0,DENSE_XOR,130,0.5916841947115384,0.54443359375,0.635498046875,0,13,0.0
cora_gcnii16,4,13,0,32,128,1.0,DENSE_XOR,130,0.8889347956730769,0.86865234375,0.90625,0,13,0.0
cora_gcnii16,4,13,1,32,128,1.0,DENSE_XOR,130,0.6081167367788461,0.562744140625,0.6630859375,0,13,0.0
cora_gcnii16,4,13,0,32,128,1.0,DENSE_XOR,130,0.9209172175480769,0.88427734375,0.947021484375,0,13,0.0
cora_gcnii16,4,13,1,32,128,1.0,DENSE_XOR,130,0.6302396334134616,0.5556640625,0.724609375,0,13,0.0
cora_gcnii16,4,13,0,32,128,1.0,DENSE_XOR,130,0.8605018028846154,0.828369140625,0.87890625,0,13,0.0
cora_gcnii16,4,13,1,32,128,1.0,DENSE_XOR,130,0.60009765625,0.534912109375,0.681396484375,0,13,0.0
cora_gcnii16,4,13,0,32,128,1.0,DENSE_XOR,130,0.8751126802884616,0.82177734375,0.921142578125,0,13,0.0
cora_gcnii16,4,13,1,32,128,1.0,DENSE_XOR,130,0.7366661658653846,0.668212890625,0.809326171875,0,13,0.0
cora_gcnii16,4,13,0,32,128,1.0,DENSE_XOR,130,0.9065317007211539,0.832275390625,0.96142578125,0,13,0.0
cora_gcnii16,4,13,1,32,128,1.0,DENSE_XOR,130,0.6929837740384616,0.612060546875,0.777587890625,0,13,0.0
cora_gcnii16,4,13,0,32,128,1.0,DENSE_XOR,130,0.9804124098557693,0.95458984375,0.990478515625,0,13,0.0
cora_gcnii16,4,13,1,32,128,1.0,DENSE_XOR,130,0.5677020733173077,0.48388671875,0.68408203125,0,13,0.0
cora_gcnii16,4,13,0,32,128,1.0,DENSE_XOR,130,0.8133638822115384,0.766357421875,0.853759765625,0,13,0.0
cora_gcnii16,4,13,1,32,128,1.0,DENSE_XOR,130,0.7510516826923077,0.68798828125,0.822265625,0,13,0.0
cora_gcnii16,4,13,0,32,128,1.0,DENSE_XOR,130,0.92724609375,0.877197265625,0.962890625,0,13,0.0
cora_gcnii16,4,13,1,32,128,1.0,DENSE_XOR,130,0.7724233774038461,0.694091796875,0.859375,0,13,0.0
cora_gcnii16,4,13,0,32,128,1.0,DENSE_XOR,130,0.9649939903846154,0.913818359375,0.9775390625,0,13,0.0
cora_gcnii16,4,13,1,32,128,1.0,DENSE_XOR,130,0.7546011117788461,0.655029296875,0.851318359375,0,13,0.0
cora_gcnii16,4,13,0,32,128,1.0,DENSE_XOR,130,0.9215369591346154,0.862548828125,0.963134765625,0,13,0.0
cora_gcnii16,4,13,1,32,128,1.0,DENSE_XOR,130,0.7198955829326923,0.637939453125,0.813720703125,0,13,0.0
cora_gcnii16,4,13,0,32,128,1.0,DENSE_XOR,130,0.9699331430288461,0.938232421875,0.9794921875,0,13,0.0
cora_gcnii16,4,13,1,32,128,1.0,DENSE_XOR,130,0.6481745793269231,0.5546875,0.769775390625,0,13,0.0
cora_gcnii16,4,13,0,32,128,1.0,DENSE_XOR,130,0.8966158353365384,0.839599609375,0.946044921875,0,13,0.0
cora_gcnii16,4,13,1,32,128,1.0,DENSE_XOR,130,0.7579627403846154,0.666259765625,0.859375,0,13,0.0
cora_gcnii16,4,13,0,32,128,1.0,DENSE_XOR,130,0.8309232271634616,0.799072265625,0.862060546875,0,13,0.0
cora_gcnii16,4,13,1,32,128,1.0,DENSE_XOR,130,0.8411959134615384,0.7646484375,0.89599609375,0,13,0.0
cora_gcnii16,4,13,0,32,128,1.0,DENSE_XOR,130,0.9027381310096154,0.87451171875,0.922607421875,0,13,0.0
cora_gcnii16,4,13,1,32,128,1.0,DENSE_XOR,130,0.8269606370192307,0.734619140625,0.904052734375,0,13,0.0
cora_gcnii16,4,13,0,32,128,1.0,DENSE_XOR,130,0.917724609375,0.886474609375,0.936767578125,0,13,0.0
cora_gcnii16,4,13,1,32,128,1.0,DENSE_XOR,130,0.7305250901442307,0.657958984375,0.824462890625,0,13,0.0
cora_gcnii16,4,13,0,32,128,1.0,DENSE_XOR,130,0.7384127103365384,0.705810546875,0.790283203125,0,13,0.0
cora_gcnii16,4,13,1,32,128,1.0,DENSE_XOR,130,0.8188664362980769,0.76953125,0.87158203125,0,13,0.0
cora_gcnii16,4,13,0,32,128,1.0,DENSE_XOR,130,0.6859788161057693,0.6513671875,0.72802734375,0,13,0.0
cora_gcnii16,4,13,1,32,128,1.0,DENSE_XOR,130,0.7986027644230769,0.763671875,0.853271484375,0,13,0.0
cora_gcnii16,4,13,0,32,128,1.0,DENSE_XOR,130,0.7191443810096154,0.687255859375,0.76025390625,0,13,0.0
cora_gcnii16,4,13,1,32,128,1.0,DENSE_XOR,130,0.7458683894230769,0.711181640625,0.812744140625,0,13,0.0
cora_gcnii16,4,13,0,32,128,1.0,DENSE_XOR,130,0.5876652644230769,0.5380859375,0.643798828125,0,13,0.0
cora_gcnii16,4,13,1,32,128,1.0,DENSE_XOR,130,0.7595778245192307,0.73486328125,0.8095703125,0,13,0.0
cora_gcnii16,4,13,0,32,0,0.0,FIXED_IDS,7,0.0,0.0,0.0,0,13,0.0
cora_gcnii16,4,13,1,32,20,1.0,DENSE_XOR,22,0.7038461538461539,0.66875,0.7984375,0,13,0.0
pubmed_gcnii16,4,13,0,4,0,0.0,FIXED_IDS,10,0.0,0.0,0.0,0,13,0.0
pubmed_gcnii16,4,13,1,4,0,0.0,FIXED_IDS,10,0.0,0.0,0.0,0,13,0.0
pubmed_gcnii16,4,13,2,4,0,0.0,FIXED_IDS,10,0.0,0.0,0.0,0,13,0.0
pubmed_gcnii16,4,13,3,4,0,0.0,FIXED_IDS,10,0.0,0.0,0.0,0,13,0.0
pubmed_gcnii16,4,13,4,4,0,0.0,FIXED_IDS,10,0.0,0.0,0.0,0,13,0.0
pubmed_gcnii16,4,13,5,4,0,0.0,FIXED_IDS,10,0.0,0.0,0.0,0,13,0.0
pubmed_gcnii16,4,13,6,4,0,0.0,FIXED_IDS,10,0.0,0.0,0.0,0,13,0.0
pubmed_gcnii16,4,13,7,4,0,0.0,FIXED_IDS,10,0.0,0.0,0.0,0,13,0.0
pubmed_gcnii16,4,13,8,4,0,0.0,FIXED_IDS,10,0.0,0.0,0.0,0,13,0.0
pubmed_gcnii16,4,13,9,4,0,0.0,FIXED_IDS,10,0.0,0.0,0.0,0,13,0.0
pubmed_gcnii16,4,13,10,4,0,0.0,FIXED_IDS,10,0.0,0.0,0.0,0,13,0.0
pubmed_gcnii16,4,13,11,4,0,0.0,FIXED_IDS,10,0.0,0.0,0.0,0,13,0.0
pubmed_gcnii16,4,13,12,4,0,0.0,FIXED_IDS,10,0.0,0.0,0.0,0,13,0.0
pubmed_gcnii16,4,13,13,4,0,0.0,FIXED_IDS,10,0.0,0.0,0.0,0,13,0.0
pubmed_gcnii16,4,13,14,4,0,0.0,FIXED_IDS,10,0.0,0.0,0.0,0,13,0.0
pubmed_gcnii16,4,13,15,4,0,0.0,FIXED_IDS,10,0.0,0.0,0.0,0,13,0.0
pubmed_gcnii16,4,13,0,4,0,0.0,FIXED_IDS,10,0.0,0.0,0.0,0,13,0.0
pubmed_gcnii16,4,13,1,4,0,0.0,FIXED_IDS,10,0.0,0.0,0.0,0,13,0.0
pubmed_gcnii16,4,13,2,4,0,0.0,FIXED_IDS,10,0.0,0.0,0.0,0,13,0.0
pubmed_gcnii16,4,13,3,4,0,0.0,FIXED_IDS,10,0.0,0.0,0.0,0,13,0.0
pubmed_gcnii16,4,13,4,4,0,0.0,FIXED_IDS,10,0.0,0.0,0.0,0,13,0.0
pubmed_gcnii16,4,13,5,4,0,0.0,FIXED_IDS,10,0.0,0.0,0.0,0,13,0.0
pubmed_gcnii16,4,13,6,4,0,0.0,FIXED_IDS,10,0.0,0.0,0.0,0,13,0.0
pubmed_gcnii16,4,13,7,4,0,0.0,FIXED_IDS,10,0.0,0.0,0.0,0,13,0.0
pubmed_gcnii16,4,13,8,4,0,0.0,FIXED_IDS,10,0.0,0.0,0.0,0,13,0.0
pubmed_gcnii16,4,13,9,4,0,0.0,FIXED_IDS,10,0.0,0.0,0.0,0,13,0.0
pubmed_gcnii16,4,13,10,4,0,0.0,FIXED_IDS,10,0.0,0.0,0.0,0,13,0.0
pubmed_gcnii16,4,13,11,4,0,0.0,FIXED_IDS,10,0.0,0.0,0.0,0,13,0.0
pubmed_gcnii16,4,13,12,4,0,0.0,FIXED_IDS,10,0.0,0.0,0.0,0,13,0.0
pubmed_gcnii16,4,13,13,4,0,0.0,FIXED_IDS,10,0.0,0.0,0.0,0,13,0.0
pubmed_gcnii16,4,13,14,4,0,0.0,FIXED_IDS,10,0.0,0.0,0.0,0,13,0.0
pubmed_gcnii16,4,13,15,4,0,0.0,FIXED_IDS,10,0.0,0.0,0.0,0,13,0.0
pubmed_gcnii16,4,13,0,4,0,0.0,FIXED_IDS,10,0.0,0.0,0.0,0,13,0.0
pubmed_gcnii16,4,13,1,4,0,0.0,FIXED_IDS,10,0.0,0.0,0.0,0,13,0.0
pubmed_gcnii16,4,13,2,4,0,0.0,FIXED_IDS,10,0.0,0.0,0.0,0,13,0.0
pubmed_gcnii16,4,13,3,4,0,0.0,FIXED_IDS,10,0.0,0.0,0.0,0,13,0.0
pubmed_gcnii16,4,13,4,4,0,0.0,FIXED_IDS,10,0.0,0.0,0.0,0,13,0.0
pubmed_gcnii16,4,13,5,4,0,0.0,FIXED_IDS,10,0.0,0.0,0.0,0,13,0.0
pubmed_gcnii16,4,13,6,4,0,0.0,FIXED_IDS,10,0.0,0.0,0.0,0,13,0.0
pubmed_gcnii16,4,13,7,4,0,0.0,FIXED_IDS,10,0.0,0.0,0.0,0,13,0.0
pubmed_gcnii16,4,13,8,4,0,0.0,FIXED_IDS,10,0.0,0.0,0.0,0,13,0.0
pubmed_gcnii16,4,13,9,4,0,0.0,FIXED_IDS,10,0.0,0.0,0.0,0,13,0.0
pubmed_gcnii16,4,13,10,4,0,0.0,FIXED_IDS,10,0.0,0.0,0.0,0,13,0.0
pubmed_gcnii16,4,13,11,4,0,0.0,FIXED_IDS,10,0.0,0.0,0.0,0,13,0.0
pubmed_gcnii16,4,13,12,4,0,0.0,FIXED_IDS,10,0.0,0.0,0.0,0,13,0.0
pubmed_gcnii16,4,13,13,4,0,0.0,FIXED_IDS,10,0.0,0.0,0.0,0,13,0.0
pubmed_gcnii16,4,13,14,4,0,0.0,FIXED_IDS,10,0.0,0.0,0.0,0,13,0.0
pubmed_gcnii16,4,13,15,4,0,0.0,FIXED_IDS,10,0.0,0.0,0.0,0,13,0.0
pubmed_gcnii16,4,13,0,4,0,0.0,FIXED_IDS,10,0.0,0.0,0.0,0,13,0.0
pubmed_gcnii16,4,13,1,4,0,0.0,FIXED_IDS,10,0.0,0.0,0.0,0,13,0.0
pubmed_gcnii16,4,13,2,4,0,0.0,FIXED_IDS,10,0.0,0.0,0.0,0,13,0.0
pubmed_gcnii16,4,13,3,4,0,0.0,FIXED_IDS,10,0.0,0.0,0.0,0,13,0.0
pubmed_gcnii16,4,13,4,4,0,0.0,FIXED_IDS,10,0.0,0.0,0.0,0,13,0.0
pubmed_gcnii16,4,13,5,4,0,0.0,FIXED_IDS,10,0.0,0.0,0.0,0,13,0.0
pubmed_gcnii16,4,13,6,4,0,0.0,FIXED_IDS,10,0.0,0.0,0.0,0,13,0.0
pubmed_gcnii16,4,13,7,4,0,0.0,FIXED_IDS,10,0.0,0.0,0.0,0,13,0.0
pubmed_gcnii16,4,13,8,4,0,0.0,FIXED_IDS,10,0.0,0.0,0.0,0,13,0.0
pubmed_gcnii16,4,13,9,4,0,0.0,FIXED_IDS,10,0.0,0.0,0.0,0,13,0.0
pubmed_gcnii16,4,13,10,4,0,0.0,FIXED_IDS,10,0.0,0.0,0.0,0,13,0.0
pubmed_gcnii16,4,13,11,4,0,0.0,FIXED_IDS,10,0.0,0.0,0.0,0,13,0.0
pubmed_gcnii16,4,13,12,4,0,0.0,FIXED_IDS,10,0.0,0.0,0.0,0,13,0.0
pubmed_gcnii16,4,13,13,4,0,0.0,FIXED_IDS,10,0.0,0.0,0.0,0,13,0.0
pubmed_gcnii16,4,13,14,4,0,0.0,FIXED_IDS,10,0.0,0.0,0.0,0,13,0.0
pubmed_gcnii16,4,13,15,4,0,0.0,FIXED_IDS,10,0.0,0.0,0.0,0,13,0.0
pubmed_gcnii16,4,13,0,4,0,0.0,FIXED_IDS,10,0.0,0.0,0.0,0,13,0.0
pubmed_gcnii16,4,13,1,4,0,0.0,FIXED_IDS,10,0.0,0.0,0.0,0,13,0.0
pubmed_gcnii16,4,13,2,4,0,0.0,FIXED_IDS,10,0.0,0.0,0.0,0,13,0.0
pubmed_gcnii16,4,13,3,4,0,0.0,FIXED_IDS,10,0.0,0.0,0.0,0,13,0.0
pubmed_gcnii16,4,13,4,4,0,0.0,FIXED_IDS,10,0.0,0.0,0.0,0,13,0.0
pubmed_gcnii16,4,13,5,4,0,0.0,FIXED_IDS,10,0.0,0.0,0.0,0,13,0.0
pubmed_gcnii16,4,13,6,4,0,0.0,FIXED_IDS,10,0.0,0.0,0.0,0,13,0.0
pubmed_gcnii16,4,13,7,4,0,0.0,FIXED_IDS,10,0.0,0.0,0.0,0,13,0.0
pubmed_gcnii16,4,13,8,4,0,0.0,FIXED_IDS,10,0.0,0.0,0.0,0,13,0.0
pubmed_gcnii16,4,13,9,4,0,0.0,FIXED_IDS,10,0.0,0.0,0.0,0,13,0.0
pubmed_gcnii16,4,13,10,4,0,0.0,FIXED_IDS,10,0.0,0.0,0.0,0,13,0.0
pubmed_gcnii16,4,13,11,4,0,0.0,FIXED_IDS,10,0.0,0.0,0.0,0,13,0.0
pubmed_gcnii16,4,13,12,4,0,0.0,FIXED_IDS,10,0.0,0.0,0.0,0,13,0.0
pubmed_gcnii16,4,13,13,4,0,0.0,FIXED_IDS,10,0.0,0.0,0.0,0,13,0.0
pubmed_gcnii16,4,13,14,4,0,0.0,FIXED_IDS,10,0.0,0.0,0.0,0,13,0.0
pubmed_gcnii16,4,13,15,4,0,0.0,FIXED_IDS,10,0.0,0.0,0.0,0,13,0.0
pubmed_gcnii16,4,13,0,4,0,0.0,FIXED_IDS,10,0.0,0.0,0.0,0,13,0.0
pubmed_gcnii16,4,13,1,4,0,0.0,FIXED_IDS,10,0.0,0.0,0.0,0,13,0.0
pubmed_gcnii16,4,13,2,4,0,0.0,FIXED_IDS,10,0.0,0.0,0.0,0,13,0.0
pubmed_gcnii16,4,13,3,4,0,0.0,FIXED_IDS,10,0.0,0.0,0.0,0,13,0.0
pubmed_gcnii16,4,13,4,4,0,0.0,FIXED_IDS,10,0.0,0.0,0.0,0,13,0.0
pubmed_gcnii16,4,13,5,4,0,0.0,FIXED_IDS,10,0.0,0.0,0.0,0,13,0.0
pubmed_gcnii16,4,13,6,4,0,0.0,FIXED_IDS,10,0.0,0.0,0.0,0,13,0.0
pubmed_gcnii16,4,13,7,4,0,0.0,FIXED_IDS,10,0.0,0.0,0.0,0,13,0.0
pubmed_gcnii16,4,13,8,4,0,0.0,FIXED_IDS,10,0.0,0.0,0.0,0,13,0.0
pubmed_gcnii16,4,13,9,4,0,0.0,FIXED_IDS,10,0.0,0.0,0.0,0,13,0.0
pubmed_gcnii16,4,13,10,4,0,0.0,FIXED_IDS,10,0.0,0.0,0.0,0,13,0.0
pubmed_gcnii16,4,13,11,4,0,0.0,FIXED_IDS,10,0.0,0.0,0.0,0,13,0.0
pubmed_gcnii16,4,13,12,4,0,0.0,FIXED_IDS,10,0.0,0.0,0.0,0,13,0.0
pubmed_gcnii16,4,13,13,4,0,0.0,FIXED_IDS,10,0.0,0.0,0.0,0,13,0.0
pubmed_gcnii16,4,13,14,4,0,0.0,FIXED_IDS,10,0.0,0.0,0.0,0,13,0.0
pubmed_gcnii16,4,13,15,4,0,0.0,FIXED_IDS,10,0.0,0.0,0.0,0,13,0.0
pubmed_gcnii16,4,13,0,4,0,0.0,FIXED_IDS,10,0.0,0.0,0.0,0,13,0.0
pubmed_gcnii16,4,13,1,4,0,0.0,FIXED_IDS,10,0.0,0.0,0.0,0,13,0.0
pubmed_gcnii16,4,13,2,4,0,0.0,FIXED_IDS,10,0.0,0.0,0.0,0,13,0.0
pubmed_gcnii16,4,13,3,4,0,0.0,FIXED_IDS,10,0.0,0.0,0.0,0,13,0.0
pubmed_gcnii16,4,13,4,4,0,0.0,FIXED_IDS,10,0.0,0.0,0.0,0,13,0.0
pubmed_gcnii16,4,13,5,4,0,0.0,FIXED_IDS,10,0.0,0.0,0.0,0,13,0.0
pubmed_gcnii16,4,13,6,4,0,0.0,FIXED_IDS,10,0.0,0.0,0.0,0,13,0.0
pubmed_gcnii16,4,13,7,4,0,0.0,FIXED_IDS,10,0.0,0.0,0.0,0,13,0.0
pubmed_gcnii16,4,13,8,4,0,0.0,FIXED_IDS,10,0.0,0.0,0.0,0,13,0.0
pubmed_gcnii16,4,13,9,4,0,0.0,FIXED_IDS,10,0.0,0.0,0.0,0,13,0.0
pubmed_gcnii16,4,13,10,4,0,0.0,FIXED_IDS,10,0.0,0.0,0.0,0,13,0.0
pubmed_gcnii16,4,13,11,4,0,0.0,FIXED_IDS,10,0.0,0.0,0.0,0,13,0.0
pubmed_gcnii16,4,13,12,4,0,0.0,FIXED_IDS,10,0.0,0.0,0.0,0,13,0.0
pubmed_gcnii16,4,13,13,4,0,0.0,FIXED_IDS,10,0.0,0.0,0.0,0,13,0.0
pubmed_gcnii16,4,13,14,4,0,0.0,FIXED_IDS,10,0.0,0.0,0.0,0,13,0.0
pubmed_gcnii16,4,13,15,4,0,0.0,FIXED_IDS,10,0.0,0.0,0.0,0,13,0.0
pubmed_gcnii16,4,13,0,4,0,0.0,FIXED_IDS,10,0.0,0.0,0.0,0,13,0.0
pubmed_gcnii16,4,13,1,4,0,0.0,FIXED_IDS,10,0.0,0.0,0.0,0,13,0.0
pubmed_gcnii16,4,13,2,4,0,0.0,FIXED_IDS,10,0.0,0.0,0.0,0,13,0.0
pubmed_gcnii16,4,13,3,4,0,0.0,FIXED_IDS,10,0.0,0.0,0.0,0,13,0.0
pubmed_gcnii16,4,13,4,4,0,0.0,FIXED_IDS,10,0.0,0.0,0.0,0,13,0.0
pubmed_gcnii16,4,13,5,4,0,0.0,FIXED_IDS,10,0.0,0.0,0.0,0,13,0.0
pubmed_gcnii16,4,13,6,4,0,0.0,FIXED_IDS,10,0.0,0.0,0.0,0,13,0.0
pubmed_gcnii16,4,13,7,4,0,0.0,FIXED_IDS,10,0.0,0.0,0.0,0,13,0.0
pubmed_gcnii16,4,13,8,4,0,0.0,FIXED_IDS,10,0.0,0.0,0.0,0,13,0.0
pubmed_gcnii16,4,13,9,4,0,0.0,FIXED_IDS,10,0.0,0.0,0.0,0,13,0.0
pubmed_gcnii16,4,13,10,4,0,0.0,FIXED_IDS,10,0.0,0.0,0.0,0,13,0.0
pubmed_gcnii16,4,13,11,4,0,0.0,FIXED_IDS,10,0.0,0.0,0.0,0,13,0.0
pubmed_gcnii16,4,13,12,4,0,0.0,FIXED_IDS,10,0.0,0.0,0.0,0,13,0.0
pubmed_gcnii16,4,13,13,4,0,0.0,FIXED_IDS,10,0.0,0.0,0.0,0,13,0.0
pubmed_gcnii16,4,13,14,4,0,0.0,FIXED_IDS,10,0.0,0.0,0.0,0,13,0.0
pubmed_gcnii16,4,13,15,4,0,0.0,FIXED_IDS,10,0.0,0.0,0.0,0,13,0.0
pubmed_gcnii16,4,13,0,4,0,0.0,FIXED_IDS,10,0.0,0.0,0.0,0,13,0.0
pubmed_gcnii16,4,13,1,4,0,0.0,FIXED_IDS,10,0.0,0.0,0.0,0,13,0.0
pubmed_gcnii16,4,13,2,4,0,0.0,FIXED_IDS,10,0.0,0.0,0.0,0,13,0.0
pubmed_gcnii16,4,13,3,4,0,0.0,FIXED_IDS,10,0.0,0.0,0.0,0,13,0.0
pubmed_gcnii16,4,13,4,4,0,0.0,FIXED_IDS,10,0.0,0.0,0.0,0,13,0.0
pubmed_gcnii16,4,13,5,4,0,0.0,FIXED_IDS,10,0.0,0.0,0.0,0,13,0.0
pubmed_gcnii16,4,13,6,4,0,0.0,FIXED_IDS,10,0.0,0.0,0.0,0,13,0.0
pubmed_gcnii16,4,13,7,4,0,0.0,FIXED_IDS,10,0.0,0.0,0.0,0,13,0.0
pubmed_gcnii16,4,13,8,4,0,0.0,FIXED_IDS,10,0.0,0.0,0.0,0,13,0.0
pubmed_gcnii16,4,13,9,4,0,0.0,FIXED_IDS,10,0.0,0.0,0.0,0,13,0.0
pubmed_gcnii16,4,13,10,4,0,0.0,FIXED_IDS,10,0.0,0.0,0.0,0,13,0.0
pubmed_gcnii16,4,13,11,4,0,0.0,FIXED_IDS,10,0.0,0.0,0.0,0,13,0.0
pubmed_gcnii16,4,13,12,4,0,0.0,FIXED_IDS,10,0.0,0.0,0.0,0,13,0.0
pubmed_gcnii16,4,13,13,4,0,0.0,FIXED_IDS,10,0.0,0.0,0.0,0,13,0.0
pubmed_gcnii16,4,13,14,4,0,0.0,FIXED_IDS,10,0.0,0.0,0.0,0,13,0.0
pubmed_gcnii16,4,13,15,4,0,0.0,FIXED_IDS,10,0.0,0.0,0.0,0,13,0.0
pubmed_gcnii16,4,13,0,4,0,0.0,FIXED_IDS,10,0.0,0.0,0.0,0,13,0.0
pubmed_gcnii16,4,13,1,4,0,0.0,FIXED_IDS,10,0.0,0.0,0.0,0,13,0.0
pubmed_gcnii16,4,13,2,4,0,0.0,FIXED_IDS,10,0.0,0.0,0.0,0,13,0.0
pubmed_gcnii16,4,13,3,4,0,0.0,FIXED_IDS,10,0.0,0.0,0.0,0,13,0.0
pubmed_gcnii16,4,13,4,4,0,0.0,FIXED_IDS,10,0.0,0.0,0.0,0,13,0.0
pubmed_gcnii16,4,13,5,4,0,0.0,FIXED_IDS,10,0.0,0.0,0.0,0,13,0.0
pubmed_gcnii16,4,13,6,4,0,0.0,FIXED_IDS,10,0.0,0.0,0.0,0,13,0.0
pubmed_gcnii16,4,13,7,4,0,0.0,FIXED_IDS,10,0.0,0.0,0.0,0,13,0.0
pubmed_gcnii16,4,13,8,4,0,0.0,FIXED_IDS,10,0.0,0.0,0.0,0,13,0.0
pubmed_gcnii16,4,13,9,4,0,0.0,FIXED_IDS,10,0.0,0.0,0.0,0,13,0.0
pubmed_gcnii16,4,13,10,4,0,0.0,FIXED_IDS,10,0.0,0.0,0.0,0,13,0.0
pubmed_gcnii16,4,13,11,4,0,0.0,FIXED_IDS,10,0.0,0.0,0.0,0,13,0.0
pubmed_gcnii16,4,13,12,4,0,0.0,FIXED_IDS,10,0.0,0.0,0.0,0,13,0.0
pubmed_gcnii16,4,13,13,4,0,0.0,FIXED_IDS,10,0.0,0.0,0.0,0,13,0.0
pubmed_gcnii16,4,13,14,4,0,0.0,FIXED_IDS,10,0.0,0.0,0.0,0,13,0.0
pubmed_gcnii16,4,13,15,4,0,0.0,FIXED_IDS,10,0.0,0.0,0.0,0,13,0.0
pubmed_gcnii16,4,13,0,4,0,0.0,FIXED_IDS,10,0.0,0.0,0.0,0,13,0.0
pubmed_gcnii16,4,13,1,4,0,0.0,FIXED_IDS,10,0.0,0.0,0.0,0,13,0.0
pubmed_gcnii16,4,13,2,4,0,0.0,FIXED_IDS,10,0.0,0.0,0.0,0,13,0.0
pubmed_gcnii16,4,13,3,4,0,0.0,FIXED_IDS,10,0.0,0.0,0.0,0,13,0.0
pubmed_gcnii16,4,13,4,4,0,0.0,FIXED_IDS,10,0.0,0.0,0.0,0,13,0.0
pubmed_gcnii16,4,13,5,4,0,0.0,FIXED_IDS,10,0.0,0.0,0.0,0,13,0.0
pubmed_gcnii16,4,13,6,4,0,0.0,FIXED_IDS,10,0.0,0.0,0.0,0,13,0.0
pubmed_gcnii16,4,13,7,4,0,0.0,FIXED_IDS,10,0.0,0.0,0.0,0,13,0.0
pubmed_gcnii16,4,13,8,4,0,0.0,FIXED_IDS,10,0.0,0.0,0.0,0,13,0.0
pubmed_gcnii16,4,13,9,4,0,0.0,FIXED_IDS,10,0.0,0.0,0.0,0,13,0.0
pubmed_gcnii16,4,13,10,4,0,0.0,FIXED_IDS,10,0.0,0.0,0.0,0,13,0.0
pubmed_gcnii16,4,13,11,4,0,0.0,FIXED_IDS,10,0.0,0.0,0.0,0,13,0.0
pubmed_gcnii16,4,13,12,4,0,0.0,FIXED_IDS,10,0.0,0.0,0.0,0,13,0.0
pubmed_gcnii16,4,13,13,4,0,0.0,FIXED_IDS,10,0.0,0.0,0.0,0,13,0.0
pubmed_gcnii16,4,13,14,4,0,0.0,FIXED_IDS,10,0.0,0.0,0.0,0,13,0.0
pubmed_gcnii16,4,13,15,4,0,0.0,FIXED_IDS,10,0.0,0.0,0.0,0,13,0.0
pubmed_gcnii16,4,13,0,4,0,0.0,FIXED_IDS,10,0.0,0.0,0.0,0,13,0.0
pubmed_gcnii16,4,13,1,4,0,0.0,FIXED_IDS,10,0.0,0.0,0.0,0,13,0.0
pubmed_gcnii16,4,13,2,4,0,0.0,FIXED_IDS,10,0.0,0.0,0.0,0,13,0.0
pubmed_gcnii16,4,13,3,4,0,0.0,FIXED_IDS,10,0.0,0.0,0.0,0,13,0.0
pubmed_gcnii16,4,13,4,4,0,0.0,FIXED_IDS,10,0.0,0.0,0.0,0,13,0.0
pubmed_gcnii16,4,13,5,4,0,0.0,FIXED_IDS,10,0.0,0.0,0.0,0,13,0.0
pubmed_gcnii16,4,13,6,4,0,0.0,FIXED_IDS,10,0.0,0.0,0.0,0,13,0.0
pubmed_gcnii16,4,13,7,4,0,0.0,FIXED_IDS,10,0.0,0.0,0.0,0,13,0.0
pubmed_gcnii16,4,13,8,4,0,0.0,FIXED_IDS,10,0.0,0.0,0.0,0,13,0.0
pubmed_gcnii16,4,13,9,4,0,0.0,FIXED_IDS,10,0.0,0.0,0.0,0,13,0.0
pubmed_gcnii16,4,13,10,4,0,0.0,FIXED_IDS,10,0.0,0.0,0.0,0,13,0.0
pubmed_gcnii16,4,13,11,4,0,0.0,FIXED_IDS,10,0.0,0.0,0.0,0,13,0.0
pubmed_gcnii16,4,13,12,4,0,0.0,FIXED_IDS,10,0.0,0.0,0.0,0,13,0.0
pubmed_gcnii16,4,13,13,4,0,0.0,FIXED_IDS,10,0.0,0.0,0.0,0,13,0.0
pubmed_gcnii16,4,13,14,4,0,0.0,FIXED_IDS,10,0.0,0.0,0.0,0,13,0.0
pubmed_gcnii16,4,13,15,4,0,0.0,FIXED_IDS,10,0.0,0.0,0.0,0,13,0.0
pubmed_gcnii16,4,13,0,4,0,0.0,FIXED_IDS,10,0.0,0.0,0.0,0,13,0.0
pubmed_gcnii16,4,13,1,4,0,0.0,FIXED_IDS,10,0.0,0.0,0.0,0,13,0.0
pubmed_gcnii16,4,13,2,4,0,0.0,FIXED_IDS,10,0.0,0.0,0.0,0,13,0.0
pubmed_gcnii16,4,13,3,4,0,0.0,FIXED_IDS,10,0.0,0.0,0.0,0,13,0.0
pubmed_gcnii16,4,13,4,4,0,0.0,FIXED_IDS,10,0.0,0.0,0.0,0,13,0.0
pubmed_gcnii16,4,13,5,4,0,0.0,FIXED_IDS,10,0.0,0.0,0.0,0,13,0.0
pubmed_gcnii16,4,13,6,4,0,0.0,FIXED_IDS,10,0.0,0.0,0.0,0,13,0.0
pubmed_gcnii16,4,13,7,4,0,0.0,FIXED_IDS,10,0.0,0.0,0.0,0,13,0.0
pubmed_gcnii16,4,13,8,4,0,0.0,FIXED_IDS,10,0.0,0.0,0.0,0,13,0.0
pubmed_gcnii16,4,13,9,4,0,0.0,FIXED_IDS,10,0.0,0.0,0.0,0,13,0.0
pubmed_gcnii16,4,13,10,4,0,0.0,FIXED_IDS,10,0.0,0.0,0.0,0,13,0.0
pubmed_gcnii16,4,13,11,4,0,0.0,FIXED_IDS,10,0.0,0.0,0.0,0,13,0.0
pubmed_gcnii16,4,13,12,4,0,0.0,FIXED_IDS,10,0.0,0.0,0.0,0,13,0.0
pubmed_gcnii16,4,13,13,4,0,0.0,FIXED_IDS,10,0.0,0.0,0.0,0,13,0.0
pubmed_gcnii16,4,13,14,4,0,0.0,FIXED_IDS,10,0.0,0.0,0.0,0,13,0.0
pubmed_gcnii16,4,13,15,4,0,0.0,FIXED_IDS,10,0.0,0.0,0.0,0,13,0.0
pubmed_gcnii16,4,13,0,4,0,0.0,FIXED_IDS,10,0.0,0.0,0.0,0,13,0.0
pubmed_gcnii16,4,13,1,4,0,0.0,FIXED_IDS,10,0.0,0.0,0.0,0,13,0.0
pubmed_gcnii16,4,13,2,4,0,0.0,FIXED_IDS,10,0.0,0.0,0.0,0,13,0.0
pubmed_gcnii16,4,13,3,4,0,0.0,FIXED_IDS,10,0.0,0.0,0.0,0,13,0.0
pubmed_gcnii16,4,13,4,4,0,0.0,FIXED_IDS,10,0.0,0.0,0.0,0,13,0.0
pubmed_gcnii16,4,13,5,4,0,0.0,FIXED_IDS,10,0.0,0.0,0.0,0,13,0.0
pubmed_gcnii16,4,13,6,4,0,0.0,FIXED_IDS,10,0.0,0.0,0.0,0,13,0.0
pubmed_gcnii16,4,13,7,4,0,0.0,FIXED_IDS,10,0.0,0.0,0.0,0,13,0.0
pubmed_gcnii16,4,13,8,4,0,0.0,FIXED_IDS,10,0.0,0.0,0.0,0,13,0.0
pubmed_gcnii16,4,13,9,4,0,0.0,FIXED_IDS,10,0.0,0.0,0.0,0,13,0.0
pubmed_gcnii16,4,13,10,4,0,0.0,FIXED_IDS,10,0.0,0.0,0.0,0,13,0.0
pubmed_gcnii16,4,13,11,4,0,0.0,FIXED_IDS,10,0.0,0.0,0.0,0,13,0.0
pubmed_gcnii16,4,13,12,4,0,0.0,FIXED_IDS,10,0.0,0.0,0.0,0,13,0.0
pubmed_gcnii16,4,13,13,4,0,0.0,FIXED_IDS,10,0.0,0.0,0.0,0,13,0.0
pubmed_gcnii16,4,13,14,4,0,0.0,FIXED_IDS,10,0.0,0.0,0.0,0,13,0.0
pubmed_gcnii16,4,13,15,4,0,0.0,FIXED_IDS,10,0.0,0.0,0.0,0,13,0.0
pubmed_gcnii16,4,13,0,4,0,0.0,FIXED_IDS,10,0.0,0.0,0.0,0,13,0.0
pubmed_gcnii16,4,13,1,4,0,0.0,FIXED_IDS,10,0.0,0.0,0.0,0,13,0.0
pubmed_gcnii16,4,13,2,4,0,0.0,FIXED_IDS,10,0.0,0.0,0.0,0,13,0.0
pubmed_gcnii16,4,13,3,4,0,0.0,FIXED_IDS,10,0.0,0.0,0.0,0,13,0.0
pubmed_gcnii16,4,13,4,4,0,0.0,FIXED_IDS,10,0.0,0.0,0.0,0,13,0.0
pubmed_gcnii16,4,13,5,4,0,0.0,FIXED_IDS,10,0.0,0.0,0.0,0,13,0.0
pubmed_gcnii16,4,13,6,4,0,0.0,FIXED_IDS,10,0.0,0.0,0.0,0,13,0.0
pubmed_gcnii16,4,13,7,4,0,0.0,FIXED_IDS,10,0.0,0.0,0.0,0,13,0.0
pubmed_gcnii16,4,13,8,4,0,0.0,FIXED_IDS,10,0.0,0.0,0.0,0,13,0.0
pubmed_gcnii16,4,13,9,4,0,0.0,FIXED_IDS,10,0.0,0.0,0.0,0,13,0.0
pubmed_gcnii16,4,13,10,4,0,0.0,FIXED_IDS,10,0.0,0.0,0.0,0,13,0.0
pubmed_gcnii16,4,13,11,4,0,0.0,FIXED_IDS,10,0.0,0.0,0.0,0,13,0.0
pubmed_gcnii16,4,13,12,4,0,0.0,FIXED_IDS,10,0.0,0.0,0.0,0,13,0.0
pubmed_gcnii16,4,13,13,4,0,0.0,FIXED_IDS,10,0.0,0.0,0.0,0,13,0.0
pubmed_gcnii16,4,13,14,4,0,0.0,FIXED_IDS,10,0.0,0.0,0.0,0,13,0.0
pubmed_gcnii16,4,13,15,4,0,0.0,FIXED_IDS,10,0.0,0.0,0.0,0,13,0.0
pubmed_gcnii16,4,13,0,4,0,0.0,FIXED_IDS,10,0.0,0.0,0.0,0,13,0.0
pubmed_gcnii16,4,13,1,4,0,0.0,FIXED_IDS,10,0.0,0.0,0.0,0,13,0.0
pubmed_gcnii16,4,13,2,4,0,0.0,FIXED_IDS,10,0.0,0.0,0.0,0,13,0.0
pubmed_gcnii16,4,13,3,4,0,0.0,FIXED_IDS,10,0.0,0.0,0.0,0,13,0.0
pubmed_gcnii16,4,13,4,4,0,0.0,FIXED_IDS,10,0.0,0.0,0.0,0,13,0.0
pubmed_gcnii16,4,13,5,4,0,0.0,FIXED_IDS,10,0.0,0.0,0.0,0,13,0.0
pubmed_gcnii16,4,13,6,4,0,0.0,FIXED_IDS,10,0.0,0.0,0.0,0,13,0.0
pubmed_gcnii16,4,13,7,4,0,0.0,FIXED_IDS,10,0.0,0.0,0.0,0,13,0.0
pubmed_gcnii16,4,13,8,4,0,0.0,FIXED_IDS,10,0.0,0.0,0.0,0,13,0.0
pubmed_gcnii16,4,13,9,4,0,0.0,FIXED_IDS,10,0.0,0.0,0.0,0,13,0.0
pubmed_gcnii16,4,13,10,4,0,0.0,FIXED_IDS,10,0.0,0.0,0.0,0,13,0.0
pubmed_gcnii16,4,13,11,4,0,0.0,FIXED_IDS,10,0.0,0.0,0.0,0,13,0.0
pubmed_gcnii16,4,13,12,4,0,0.0,FIXED_IDS,10,0.0,0.0,0.0,0,13,0.0
pubmed_gcnii16,4,13,13,4,0,0.0,FIXED_IDS,10,0.0,0.0,0.0,0,13,0.0
pubmed_gcnii16,4,13,14,4,0,0.0,FIXED_IDS,10,0.0,0.0,0.0,0,13,0.0
pubmed_gcnii16,4,13,15,4,0,0.0,FIXED_IDS,10,0.0,0.0,0.0,0,13,0.0
pubmed_gcnii16,4,13,0,4,0,0.0,FIXED_IDS,10,0.0,0.0,0.0,0,13,0.0
pubmed_gcnii16,4,13,1,4,0,0.0,FIXED_IDS,10,0.0,0.0,0.0,0,13,0.0
pubmed_gcnii16,4,13,2,4,0,0.0,FIXED_IDS,10,0.0,0.0,0.0,0,13,0.0
pubmed_gcnii16,4,13,3,4,0,0.0,FIXED_IDS,10,0.0,0.0,0.0,0,13,0.0
pubmed_gcnii16,4,13,4,4,0,0.0,FIXED_IDS,10,0.0,0.0,0.0,0,13,0.0
pubmed_gcnii16,4,13,5,4,0,0.0,FIXED_IDS,10,0.0,0.0,0.0,0,13,0.0
pubmed_gcnii16,4,13,6,4,0,0.0,FIXED_IDS,10,0.0,0.0,0.0,0,13,0.0
pubmed_gcnii16,4,13,7,4,0,0.0,FIXED_IDS,10,0.0,0.0,0.0,0,13,0.0
pubmed_gcnii16,4,13,8,4,0,0.0,FIXED_IDS,10,0.0,0.0,0.0,0,13,0.0
pubmed_gcnii16,4,13,9,4,0,0.0,FIXED_IDS,10,0.0,0.0,0.0,0,13,0.0
pubmed_gcnii16,4,13,10,4,0,0.0,FIXED_IDS,10,0.0,0.0,0.0,0,13,0.0
pubmed_gcnii16,4,13,11,4,0,0.0,FIXED_IDS,10,0.0,0.0,0.0,0,13,0.0
pubmed_gcnii16,4,13,12,4,0,0.0,FIXED_IDS,10,0.0,0.0,0.0,0,13,0.0
pubmed_gcnii16,4,13,13,4,0,0.0,FIXED_IDS,10,0.0,0.0,0.0,0,13,0.0
pubmed_gcnii16,4,13,14,4,0,0.0,FIXED_IDS,10,0.0,0.0,0.0,0,13,0.0
pubmed_gcnii16,4,13,15,4,0,0.0,FIXED_IDS,10,0.0,0.0,0.0,0,13,0.0
pubmed_gcnii16,4,13,0,4,0,0.0,FIXED_IDS,10,0.0,0.0,0.0,0,13,0.0
pubmed_gcnii16,4,13,1,4,0,0.0,FIXED_IDS,10,0.0,0.0,0.0,0,13,0.0
pubmed_gcnii16,4,13,2,4,0,0.0,FIXED_IDS,10,0.0,0.0,0.0,0,13,0.0
pubmed_gcnii16,4,13,3,4,0,0.0,FIXED_IDS,10,0.0,0.0,0.0,0,13,0.0
pubmed_gcnii16,4,13,4,4,0,0.0,FIXED_IDS,10,0.0,0.0,0.0,0,13,0.0
pubmed_gcnii16,4,13,5,4,0,0.0,FIXED_IDS,10,0.0,0.0,0.0,0,13,0.0
pubmed_gcnii16,4,13,6,4,0,0.0,FIXED_IDS,10,0.0,0.0,0.0,0,13,0.0
pubmed_gcnii16,4,13,7,4,0,0.0,FIXED_IDS,10,0.0,0.0,0.0,0,13,0.0
pubmed_gcnii16,4,13,8,4,0,0.0,FIXED_IDS,10,0.0,0.0,0.0,0,13,0.0
pubmed_gcnii16,4,13,9,4,0,0.0,FIXED_IDS,10,0.0,0.0,0.0,0,13,0.0
pubmed_gcnii16,4,13,10,4,0,0.0,FIXED_IDS,10,0.0,0.0,0.0,0,13,0.0
pubmed_gcnii16,4,13,11,4,0,0.0,FIXED_IDS,10,0.0,0.0,0.0,0,13,0.0
pubmed_gcnii16,4,13,12,4,0,0.0,FIXED_IDS,10,0.0,0.0,0.0,0,13,0.0
pubmed_gcnii16,4,13,13,4,0,0.0,FIXED_IDS,10,0.0,0.0,0.0,0,13,0.0
pubmed_gcnii16,4,13,14,4,0,0.0,FIXED_IDS,10,0.0,0.0,0.0,0,13,0.0
pubmed_gcnii16,4,13,15,4,0,0.0,FIXED_IDS,10,0.0,0.0,0.0,0,13,0.0
pubmed_gcnii16,4,13,0,4,0,0.0,FIXED_IDS,10,0.0,0.0,0.0,0,13,0.0
pubmed_gcnii16,4,13,1,4,0,0.0,FIXED_IDS,10,0.0,0.0,0.0,0,13,0.0
pubmed_gcnii16,4,13,2,4,0,0.0,FIXED_IDS,10,0.0,0.0,0.0,0,13,0.0
pubmed_gcnii16,4,13,3,4,0,0.0,FIXED_IDS,10,0.0,0.0,0.0,0,13,0.0
pubmed_gcnii16,4,13,4,4,0,0.0,FIXED_IDS,10,0.0,0.0,0.0,0,13,0.0
pubmed_gcnii16,4,13,5,4,0,0.0,FIXED_IDS,10,0.0,0.0,0.0,0,13,0.0
pubmed_gcnii16,4,13,6,4,0,0.0,FIXED_IDS,10,0.0,0.0,0.0,0,13,0.0
pubmed_gcnii16,4,13,7,4,0,0.0,FIXED_IDS,10,0.0,0.0,0.0,0,13,0.0
pubmed_gcnii16,4,13,8,4,0,0.0,FIXED_IDS,10,0.0,0.0,0.0,0,13,0.0
pubmed_gcnii16,4,13,9,4,0,0.0,FIXED_IDS,10,0.0,0.0,0.0,0,13,0.0
pubmed_gcnii16,4,13,10,4,0,0.0,FIXED_IDS,10,0.0,0.0,0.0,0,13,0.0
pubmed_gcnii16,4,13,11,4,0,0.0,FIXED_IDS,10,0.0,0.0,0.0,0,13,0.0
pubmed_gcnii16,4,13,12,4,0,0.0,FIXED_IDS,10,0.0,0.0,0.0,0,13,0.0
pubmed_gcnii16,4,13,13,4,0,0.0,FIXED_IDS,10,0.0,0.0,0.0,0,13,0.0
pubmed_gcnii16,4,13,14,4,0,0.0,FIXED_IDS,10,0.0,0.0,0.0,0,13,0.0
pubmed_gcnii16,4,13,15,4,0,0.0,FIXED_IDS,10,0.0,0.0,0.0,0,13,0.0
pubmed_gcnii16,4,13,0,4,0,0.0,FIXED_IDS,10,0.0,0.0,0.0,0,13,0.0
pubmed_gcnii16,4,13,1,4,0,0.0,FIXED_IDS,10,0.0,0.0,0.0,0,13,0.0
pubmed_gcnii16,4,13,2,4,0,0.0,FIXED_IDS,10,0.0,0.0,0.0,0,13,0.0
pubmed_gcnii16,4,13,3,4,0,0.0,FIXED_IDS,10,0.0,0.0,0.0,0,13,0.0
pubmed_gcnii16,4,13,4,4,0,0.0,FIXED_IDS,10,0.0,0.0,0.0,0,13,0.0
pubmed_gcnii16,4,13,5,4,0,0.0,FIXED_IDS,10,0.0,0.0,0.0,0,13,0.0
pubmed_gcnii16,4,13,6,4,0,0.0,FIXED_IDS,10,0.0,0.0,0.0,0,13,0.0
pubmed_gcnii16,4,13,7,4,0,0.0,FIXED_IDS,10,0.0,0.0,0.0,0,13,0.0
pubmed_gcnii16,4,13,8,4,0,0.0,FIXED_IDS,10,0.0,0.0,0.0,0,13,0.0
pubmed_gcnii16,4,13,9,4,0,0.0,FIXED_IDS,10,0.0,0.0,0.0,0,13,0.0
pubmed_gcnii16,4,13,10,4,0,0.0,FIXED_IDS,10,0.0,0.0,0.0,0,13,0.0
pubmed_gcnii16,4,13,11,4,0,0.0,FIXED_IDS,10,0.0,0.0,0.0,0,13,0.0
pubmed_gcnii16,4,13,12,4,0,0.0,FIXED_IDS,10,0.0,0.0,0.0,0,13,0.0
pubmed_gcnii16,4,13,13,4,0,0.0,FIXED_IDS,10,0.0,0.0,0.0,0,13,0.0
pubmed_gcnii16,4,13,14,4,0,0.0,FIXED_IDS,10,0.0,0.0,0.0,0,13,0.0
pubmed_gcnii16,4,13,15,4,0,0.0,FIXED_IDS,10,0.0,0.0,0.0,0,13,0.0
pubmed_gcnii16,4,13,0,4,0,0.0,FIXED_IDS,10,0.0,0.0,0.0,0,13,0.0
pubmed_gcnii16,4,13,1,4,0,0.0,FIXED_IDS,10,0.0,0.0,0.0,0,13,0.0
pubmed_gcnii16,4,13,2,4,0,0.0,FIXED_IDS,10,0.0,0.0,0.0,0,13,0.0
pubmed_gcnii16,4,13,3,4,0,0.0,FIXED_IDS,10,0.0,0.0,0.0,0,13,0.0
pubmed_gcnii16,4,13,4,4,0,0.0,FIXED_IDS,10,0.0,0.0,0.0,0,13,0.0
pubmed_gcnii16,4,13,5,4,0,0.0,FIXED_IDS,10,0.0,0.0,0.0,0,13,0.0
pubmed_gcnii16,4,13,6,4,0,0.0,FIXED_IDS,10,0.0,0.0,0.0,0,13,0.0
pubmed_gcnii16,4,13,7,4,0,0.0,FIXED_IDS,10,0.0,0.0,0.0,0,13,0.0
pubmed_gcnii16,4,13,8,4,0,0.0,FIXED_IDS,10,0.0,0.0,0.0,0,13,0.0
pubmed_gcnii16,4,13,9,4,0,0.0,FIXED_IDS,10,0.0,0.0,0.0,0,13,0.0
pubmed_gcnii16,4,13,10,4,0,0.0,FIXED_IDS,10,0.0,0.0,0.0,0,13,0.0
pubmed_gcnii16,4,13,11,4,0,0.0,FIXED_IDS,10,0.0,0.0,0.0,0,13,0.0
pubmed_gcnii16,4,13,12,4,0,0.0,FIXED_IDS,10,0.0,0.0,0.0,0,13,0.0
pubmed_gcnii16,4,13,13,4,0,0.0,FIXED_IDS,10,0.0,0.0,0.0,0,13,0.0
pubmed_gcnii16,4,13,14,4,0,0.0,FIXED_IDS,10,0.0,0.0,0.0,0,13,0.0
pubmed_gcnii16,4,13,15,4,0,0.0,FIXED_IDS,10,0.0,0.0,0.0,0,13,0.0
pubmed_gcnii16,4,13,0,4,0,0.0,FIXED_IDS,10,0.0,0.0,0.0,0,13,0.0
pubmed_gcnii16,4,13,1,4,0,0.0,FIXED_IDS,10,0.0,0.0,0.0,0,13,0.0
pubmed_gcnii16,4,13,2,4,0,0.0,FIXED_IDS,10,0.0,0.0,0.0,0,13,0.0
pubmed_gcnii16,4,13,3,4,0,0.0,FIXED_IDS,10,0.0,0.0,0.0,0,13,0.0
pubmed_gcnii16,4,13,4,4,0,0.0,FIXED_IDS,10,0.0,0.0,0.0,0,13,0.0
pubmed_gcnii16,4,13,5,4,0,0.0,FIXED_IDS,10,0.0,0.0,0.0,0,13,0.0
pubmed_gcnii16,4,13,6,4,0,0.0,FIXED_IDS,10,0.0,0.0,0.0,0,13,0.0
pubmed_gcnii16,4,13,7,4,0,0.0,FIXED_IDS,10,0.0,0.0,0.0,0,13,0.0
pubmed_gcnii16,4,13,8,4,0,0.0,FIXED_IDS,10,0.0,0.0,0.0,0,13,0.0
pubmed_gcnii16,4,13,9,4,0,0.0,FIXED_IDS,10,0.0,0.0,0.0,0,13,0.0
pubmed_gcnii16,4,13,10,4,0,0.0,FIXED_IDS,10,0.0,0.0,0.0,0,13,0.0
pubmed_gcnii16,4,13,11,4,0,0.0,FIXED_IDS,10,0.0,0.0,0.0,0,13,0.0
pubmed_gcnii16,4,13,12,4,0,0.0,FIXED_IDS,10,0.0,0.0,0.0,0,13,0.0
pubmed_gcnii16,4,13,13,4,0,0.0,FIXED_IDS,10,0.0,0.0,0.0,0,13,0.0
pubmed_gcnii16,4,13,14,4,0,0.0,FIXED_IDS,10,0.0,0.0,0.0,0,13,0.0
pubmed_gcnii16,4,13,15,4,0,0.0,FIXED_IDS,10,0.0,0.0,0.0,0,13,0.0
pubmed_gcnii16,4,13,0,4,0,0.0,FIXED_IDS,10,0.0,0.0,0.0,0,13,0.0
pubmed_gcnii16,4,13,1,4,0,0.0,FIXED_IDS,10,0.0,0.0,0.0,0,13,0.0
pubmed_gcnii16,4,13,2,4,0,0.0,FIXED_IDS,10,0.0,0.0,0.0,0,13,0.0
pubmed_gcnii16,4,13,3,4,0,0.0,FIXED_IDS,10,0.0,0.0,0.0,0,13,0.0
pubmed_gcnii16,4,13,4,4,0,0.0,FIXED_IDS,10,0.0,0.0,0.0,0,13,0.0
pubmed_gcnii16,4,13,5,4,0,0.0,FIXED_IDS,10,0.0,0.0,0.0,0,13,0.0
pubmed_gcnii16,4,13,6,4,0,0.0,FIXED_IDS,10,0.0,0.0,0.0,0,13,0.0
pubmed_gcnii16,4,13,7,4,0,0.0,FIXED_IDS,10,0.0,0.0,0.0,0,13,0.0
pubmed_gcnii16,4,13,8,4,0,0.0,FIXED_IDS,10,0.0,0.0,0.0,0,13,0.0
pubmed_gcnii16,4,13,9,4,0,0.0,FIXED_IDS,10,0.0,0.0,0.0,0,13,0.0
pubmed_gcnii16,4,13,10,4,0,0.0,FIXED_IDS,10,0.0,0.0,0.0,0,13,0.0
pubmed_gcnii16,4,13,11,4,0,0.0,FIXED_IDS,10,0.0,0.0,0.0,0,13,0.0
pubmed_gcnii16,4,13,12,4,0,0.0,FIXED_IDS,10,0.0,0.0,0.0,0,13,0.0
pubmed_gcnii16,4,13,13,4,0,0.0,FIXED_IDS,10,0.0,0.0,0.0,0,13,0.0
pubmed_gcnii16,4,13,14,4,0,0.0,FIXED_IDS,10,0.0,0.0,0.0,0,13,0.0
pubmed_gcnii16,4,13,15,4,0,0.0,FIXED_IDS,10,0.0,0.0,0.0,0,13,0.0
pubmed_gcnii16,4,13,0,4,0,0.0,FIXED_IDS,10,0.0,0.0,0.0,0,13,0.0
pubmed_gcnii16,4,13,1,4,0,0.0,FIXED_IDS,10,0.0,0.0,0.0,0,13,0.0
pubmed_gcnii16,4,13,2,4,0,0.0,FIXED_IDS,10,0.0,0.0,0.0,0,13,0.0
pubmed_gcnii16,4,13,3,4,0,0.0,FIXED_IDS,10,0.0,0.0,0.0,0,13,0.0
pubmed_gcnii16,4,13,4,4,0,0.0,FIXED_IDS,10,0.0,0.0,0.0,0,13,0.0
pubmed_gcnii16,4,13,5,4,0,0.0,FIXED_IDS,10,0.0,0.0,0.0,0,13,0.0
pubmed_gcnii16,4,13,6,4,0,0.0,FIXED_IDS,10,0.0,0.0,0.0,0,13,0.0
pubmed_gcnii16,4,13,7,4,0,0.0,FIXED_IDS,10,0.0,0.0,0.0,0,13,0.0
pubmed_gcnii16,4,13,8,4,0,0.0,FIXED_IDS,10,0.0,0.0,0.0,0,13,0.0
pubmed_gcnii16,4,13,9,4,0,0.0,FIXED_IDS,10,0.0,0.0,0.0,0,13,0.0
pubmed_gcnii16,4,13,10,4,0,0.0,FIXED_IDS,10,0.0,0.0,0.0,0,13,0.0
pubmed_gcnii16,4,13,11,4,0,0.0,FIXED_IDS,10,0.0,0.0,0.0,0,13,0.0
pubmed_gcnii16,4,13,12,4,0,0.0,FIXED_IDS,10,0.0,0.0,0.0,0,13,0.0
pubmed_gcnii16,4,13,13,4,0,0.0,FIXED_IDS,10,0.0,0.0,0.0,0,13,0.0
pubmed_gcnii16,4,13,14,4,0,0.0,FIXED_IDS,10,0.0,0.0,0.0,0,13,0.0
pubmed_gcnii16,4,13,15,4,0,0.0,FIXED_IDS,10,0.0,0.0,0.0,0,13,0.0
pubmed_gcnii16,4,13,0,4,0,0.0,FIXED_IDS,10,0.0,0.0,0.0,0,13,0.0
pubmed_gcnii16,4,13,1,4,0,0.0,FIXED_IDS,10,0.0,0.0,0.0,0,13,0.0
pubmed_gcnii16,4,13,2,4,0,0.0,FIXED_IDS,10,0.0,0.0,0.0,0,13,0.0
pubmed_gcnii16,4,13,3,4,0,0.0,FIXED_IDS,10,0.0,0.0,0.0,0,13,0.0
pubmed_gcnii16,4,13,4,4,0,0.0,FIXED_IDS,10,0.0,0.0,0.0,0,13,0.0
pubmed_gcnii16,4,13,5,4,0,0.0,FIXED_IDS,10,0.0,0.0,0.0,0,13,0.0
pubmed_gcnii16,4,13,6,4,0,0.0,FIXED_IDS,10,0.0,0.0,0.0,0,13,0.0
pubmed_gcnii16,4,13,7,4,0,0.0,FIXED_IDS,10,0.0,0.0,0.0,0,13,0.0
pubmed_gcnii16,4,13,8,4,0,0.0,FIXED_IDS,10,0.0,0.0,0.0,0,13,0.0
pubmed_gcnii16,4,13,9,4,0,0.0,FIXED_IDS,10,0.0,0.0,0.0,0,13,0.0
pubmed_gcnii16,4,13,10,4,0,0.0,FIXED_IDS,10,0.0,0.0,0.0,0,13,0.0
pubmed_gcnii16,4,13,11,4,0,0.0,FIXED_IDS,10,0.0,0.0,0.0,0,13,0.0
pubmed_gcnii16,4,13,12,4,0,0.0,FIXED_IDS,10,0.0,0.0,0.0,0,13,0.0
pubmed_gcnii16,4,13,13,4,0,0.0,FIXED_IDS,10,0.0,0.0,0.0,0,13,0.0
pubmed_gcnii16,4,13,14,4,0,0.0,FIXED_IDS,10,0.0,0.0,0.0,0,13,0.0
pubmed_gcnii16,4,13,15,4,0,0.0,FIXED_IDS,10,0.0,0.0,0.0,0,13,0.0
pubmed_gcnii16,4,13,0,4,0,0.0,FIXED_IDS,10,0.0,0.0,0.0,0,13,0.0
pubmed_gcnii16,4,13,1,4,0,0.0,FIXED_IDS,10,0.0,0.0,0.0,0,13,0.0
pubmed_gcnii16,4,13,2,4,0,0.0,FIXED_IDS,10,0.0,0.0,0.0,0,13,0.0
pubmed_gcnii16,4,13,3,4,0,0.0,FIXED_IDS,10,0.0,0.0,0.0,0,13,0.0
pubmed_gcnii16,4,13,4,4,0,0.0,FIXED_IDS,10,0.0,0.0,0.0,0,13,0.0
pubmed_gcnii16,4,13,5,4,0,0.0,FIXED_IDS,10,0.0,0.0,0.0,0,13,0.0
pubmed_gcnii16,4,13,6,4,0,0.0,FIXED_IDS,10,0.0,0.0,0.0,0,13,0.0
pubmed_gcnii16,4,13,7,4,0,0.0,FIXED_IDS,10,0.0,0.0,0.0,0,13,0.0
pubmed_gcnii16,4,13,8,4,0,0.0,FIXED_IDS,10,0.0,0.0,0.0,0,13,0.0
pubmed_gcnii16,4,13,9,4,0,0.0,FIXED_IDS,10,0.0,0.0,0.0,0,13,0.0
pubmed_gcnii16,4,13,10,4,0,0.0,FIXED_IDS,10,0.0,0.0,0.0,0,13,0.0
pubmed_gcnii16,4,13,11,4,0,0.0,FIXED_IDS,10,0.0,0.0,0.0,0,13,0.0
pubmed_gcnii16,4,13,12,4,0,0.0,FIXED_IDS,10,0.0,0.0,0.0,0,13,0.0
pubmed_gcnii16,4,13,13,4,0,0.0,FIXED_IDS,10,0.0,0.0,0.0,0,13,0.0
pubmed_gcnii16,4,13,14,4,0,0.0,FIXED_IDS,10,0.0,0.0,0.0,0,13,0.0
pubmed_gcnii16,4,13,15,4,0,0.0,FIXED_IDS,10,0.0,0.0,0.0,0,13,0.0
pubmed_gcnii16,4,13,0,4,0,0.0,FIXED_IDS,10,0.0,0.0,0.0,0,13,0.0
pubmed_gcnii16,4,13,1,4,0,0.0,FIXED_IDS,10,0.0,0.0,0.0,0,13,0.0
pubmed_gcnii16,4,13,2,4,0,0.0,FIXED_IDS,10,0.0,0.0,0.0,0,13,0.0
pubmed_gcnii16,4,13,3,4,0,0.0,FIXED_IDS,10,0.0,0.0,0.0,0,13,0.0
pubmed_gcnii16,4,13,4,4,0,0.0,FIXED_IDS,10,0.0,0.0,0.0,0,13,0.0
pubmed_gcnii16,4,13,5,4,0,0.0,FIXED_IDS,10,0.0,0.0,0.0,0,13,0.0
pubmed_gcnii16,4,13,6,4,0,0.0,FIXED_IDS,10,0.0,0.0,0.0,0,13,0.0
pubmed_gcnii16,4,13,7,4,0,0.0,FIXED_IDS,10,0.0,0.0,0.0,0,13,0.0
pubmed_gcnii16,4,13,8,4,0,0.0,FIXED_IDS,10,0.0,0.0,0.0,0,13,0.0
pubmed_gcnii16,4,13,9,4,0,0.0,FIXED_IDS,10,0.0,0.0,0.0,0,13,0.0
pubmed_gcnii16,4,13,10,4,0,0.0,FIXED_IDS,10,0.0,0.0,0.0,0,13,0.0
pubmed_gcnii16,4,13,11,4,0,0.0,FIXED_IDS,10,0.0,0.0,0.0,0,13,0.0
pubmed_gcnii16,4,13,12,4,0,0.0,FIXED_IDS,10,0.0,0.0,0.0,0,13,0.0
pubmed_gcnii16,4,13,13,4,0,0.0,FIXED_IDS,10,0.0,0.0,0.0,0,13,0.0
pubmed_gcnii16,4,13,14,4,0,0.0,FIXED_IDS,10,0.0,0.0,0.0,0,13,0.0
pubmed_gcnii16,4,13,15,4,0,0.0,FIXED_IDS,10,0.0,0.0,0.0,0,13,0.0
pubmed_gcnii16,4,13,0,4,0,0.0,FIXED_IDS,10,0.0,0.0,0.0,0,13,0.0
pubmed_gcnii16,4,13,1,4,0,0.0,FIXED_IDS,10,0.0,0.0,0.0,0,13,0.0
pubmed_gcnii16,4,13,2,4,0,0.0,FIXED_IDS,10,0.0,0.0,0.0,0,13,0.0
pubmed_gcnii16,4,13,3,4,0,0.0,FIXED_IDS,10,0.0,0.0,0.0,0,13,0.0
pubmed_gcnii16,4,13,4,4,0,0.0,FIXED_IDS,10,0.0,0.0,0.0,0,13,0.0
pubmed_gcnii16,4,13,5,4,0,0.0,FIXED_IDS,10,0.0,0.0,0.0,0,13,0.0
pubmed_gcnii16,4,13,6,4,0,0.0,FIXED_IDS,10,0.0,0.0,0.0,0,13,0.0
pubmed_gcnii16,4,13,7,4,0,0.0,FIXED_IDS,10,0.0,0.0,0.0,0,13,0.0
pubmed_gcnii16,4,13,8,4,0,0.0,FIXED_IDS,10,0.0,0.0,0.0,0,13,0.0
pubmed_gcnii16,4,13,9,4,0,0.0,FIXED_IDS,10,0.0,0.0,0.0,0,13,0.0
pubmed_gcnii16,4,13,10,4,0,0.0,FIXED_IDS,10,0.0,0.0,0.0,0,13,0.0
pubmed_gcnii16,4,13,11,4,0,0.0,FIXED_IDS,10,0.0,0.0,0.0,0,13,0.0
pubmed_gcnii16,4,13,12,4,0,0.0,FIXED_IDS,10,0.0,0.0,0.0,0,13,0.0
pubmed_gcnii16,4,13,13,4,0,0.0,FIXED_IDS,10,0.0,0.0,0.0,0,13,0.0
pubmed_gcnii16,4,13,14,4,0,0.0,FIXED_IDS,10,0.0,0.0,0.0,0,13,0.0
pubmed_gcnii16,4,13,15,4,0,0.0,FIXED_IDS,10,0.0,0.0,0.0,0,13,0.0
pubmed_gcnii16,4,13,0,4,0,0.0,FIXED_IDS,10,0.0,0.0,0.0,0,13,0.0
pubmed_gcnii16,4,13,1,4,0,0.0,FIXED_IDS,10,0.0,0.0,0.0,0,13,0.0
pubmed_gcnii16,4,13,2,4,0,0.0,FIXED_IDS,10,0.0,0.0,0.0,0,13,0.0
pubmed_gcnii16,4,13,3,4,0,0.0,FIXED_IDS,10,0.0,0.0,0.0,0,13,0.0
pubmed_gcnii16,4,13,4,4,0,0.0,FIXED_IDS,10,0.0,0.0,0.0,0,13,0.0
pubmed_gcnii16,4,13,5,4,0,0.0,FIXED_IDS,10,0.0,0.0,0.0,0,13,0.0
pubmed_gcnii16,4,13,6,4,0,0.0,FIXED_IDS,10,0.0,0.0,0.0,0,13,0.0
pubmed_gcnii16,4,13,7,4,0,0.0,FIXED_IDS,10,0.0,0.0,0.0,0,13,0.0
pubmed_gcnii16,4,13,8,4,0,0.0,FIXED_IDS,10,0.0,0.0,0.0,0,13,0.0
pubmed_gcnii16,4,13,9,4,0,0.0,FIXED_IDS,10,0.0,0.0,0.0,0,13,0.0
pubmed_gcnii16,4,13,10,4,0,0.0,FIXED_IDS,10,0.0,0.0,0.0,0,13,0.0
pubmed_gcnii16,4,13,11,4,0,0.0,FIXED_IDS,10,0.0,0.0,0.0,0,13,0.0
pubmed_gcnii16,4,13,12,4,0,0.0,FIXED_IDS,10,0.0,0.0,0.0,0,13,0.0
pubmed_gcnii16,4,13,13,4,0,0.0,FIXED_IDS,10,0.0,0.0,0.0,0,13,0.0
pubmed_gcnii16,4,13,14,4,0,0.0,FIXED_IDS,10,0.0,0.0,0.0,0,13,0.0
pubmed_gcnii16,4,13,15,4,0,0.0,FIXED_IDS,10,0.0,0.0,0.0,0,13,0.0
pubmed_gcnii16,4,13,0,4,0,0.0,FIXED_IDS,10,0.0,0.0,0.0,0,13,0.0
pubmed_gcnii16,4,13,1,4,0,0.0,FIXED_IDS,10,0.0,0.0,0.0,0,13,0.0
pubmed_gcnii16,4,13,2,4,0,0.0,FIXED_IDS,10,0.0,0.0,0.0,0,13,0.0
pubmed_gcnii16,4,13,3,4,0,0.0,FIXED_IDS,10,0.0,0.0,0.0,0,13,0.0
pubmed_gcnii16,4,13,4,4,0,0.0,FIXED_IDS,10,0.0,0.0,0.0,0,13,0.0
pubmed_gcnii16,4,13,5,4,0,0.0,FIXED_IDS,10,0.0,0.0,0.0,0,13,0.0
pubmed_gcnii16,4,13,6,4,0,0.0,FIXED_IDS,10,0.0,0.0,0.0,0,13,0.0
pubmed_gcnii16,4,13,7,4,0,0.0,FIXED_IDS,10,0.0,0.0,0.0,0,13,0.0
pubmed_gcnii16,4,13,8,4,0,0.0,FIXED_IDS,10,0.0,0.0,0.0,0,13,0.0
pubmed_gcnii16,4,13,9,4,0,0.0,FIXED_IDS,10,0.0,0.0,0.0,0,13,0.0
pubmed_gcnii16,4,13,10,4,0,0.0,FIXED_IDS,10,0.0,0.0,0.0,0,13,0.0
pubmed_gcnii16,4,13,11,4,0,0.0,FIXED_IDS,10,0.0,0.0,0.0,0,13,0.0
pubmed_gcnii16,4,13,12,4,0,0.0,FIXED_IDS,10,0.0,0.0,0.0,0,13,0.0
pubmed_gcnii16,4,13,13,4,0,0.0,FIXED_IDS,10,0.0,0.0,0.0,0,13,0.0
pubmed_gcnii16,4,13,14,4,0,0.0,FIXED_IDS,10,0.0,0.0,0.0,0,13,0.0
pubmed_gcnii16,4,13,15,4,0,0.0,FIXED_IDS,10,0.0,0.0,0.0,0,13,0.0
pubmed_gcnii16,4,13,0,4,0,0.0,FIXED_IDS,10,0.0,0.0,0.0,0,13,0.0
pubmed_gcnii16,4,13,1,4,0,0.0,FIXED_IDS,10,0.0,0.0,0.0,0,13,0.0
pubmed_gcnii16,4,13,2,4,0,0.0,FIXED_IDS,10,0.0,0.0,0.0,0,13,0.0
pubmed_gcnii16,4,13,3,4,0,0.0,FIXED_IDS,10,0.0,0.0,0.0,0,13,0.0
pubmed_gcnii16,4,13,4,4,0,0.0,FIXED_IDS,10,0.0,0.0,0.0,0,13,0.0
pubmed_gcnii16,4,13,5,4,0,0.0,FIXED_IDS,10,0.0,0.0,0.0,0,13,0.0
pubmed_gcnii16,4,13,6,4,0,0.0,FIXED_IDS,10,0.0,0.0,0.0,0,13,0.0
pubmed_gcnii16,4,13,7,4,0,0.0,FIXED_IDS,10,0.0,0.0,0.0,0,13,0.0
pubmed_gcnii16,4,13,8,4,0,0.0,FIXED_IDS,10,0.0,0.0,0.0,0,13,0.0
pubmed_gcnii16,4,13,9,4,0,0.0,FIXED_IDS,10,0.0,0.0,0.0,0,13,0.0
pubmed_gcnii16,4,13,10,4,0,0.0,FIXED_IDS,10,0.0,0.0,0.0,0,13,0.0
pubmed_gcnii16,4,13,11,4,0,0.0,FIXED_IDS,10,0.0,0.0,0.0,0,13,0.0
pubmed_gcnii16,4,13,12,4,0,0.0,FIXED_IDS,10,0.0,0.0,0.0,0,13,0.0
pubmed_gcnii16,4,13,13,4,0,0.0,FIXED_IDS,10,0.0,0.0,0.0,0,13,0.0
pubmed_gcnii16,4,13,14,4,0,0.0,FIXED_IDS,10,0.0,0.0,0.0,0,13,0.0
pubmed_gcnii16,4,13,15,4,0,0.0,FIXED_IDS,10,0.0,0.0,0.0,0,13,0.0
pubmed_gcnii16,4,13,0,4,0,0.0,FIXED_IDS,10,0.0,0.0,0.0,0,13,0.0
pubmed_gcnii16,4,13,1,4,0,0.0,FIXED_IDS,10,0.0,0.0,0.0,0,13,0.0
pubmed_gcnii16,4,13,2,4,0,0.0,FIXED_IDS,10,0.0,0.0,0.0,0,13,0.0
pubmed_gcnii16,4,13,3,4,0,0.0,FIXED_IDS,10,0.0,0.0,0.0,0,13,0.0
pubmed_gcnii16,4,13,4,4,0,0.0,FIXED_IDS,10,0.0,0.0,0.0,0,13,0.0
pubmed_gcnii16,4,13,5,4,0,0.0,FIXED_IDS,10,0.0,0.0,0.0,0,13,0.0
pubmed_gcnii16,4,13,6,4,0,0.0,FIXED_IDS,10,0.0,0.0,0.0,0,13,0.0
pubmed_gcnii16,4,13,7,4,0,0.0,FIXED_IDS,10,0.0,0.0,0.0,0,13,0.0
pubmed_gcnii16,4,13,8,4,0,0.0,FIXED_IDS,10,0.0,0.0,0.0,0,13,0.0
pubmed_gcnii16,4,13,9,4,0,0.0,FIXED_IDS,10,0.0,0.0,0.0,0,13,0.0
pubmed_gcnii16,4,13,10,4,0,0.0,FIXED_IDS,10,0.0,0.0,0.0,0,13,0.0
pubmed_gcnii16,4,13,11,4,0,0.0,FIXED_IDS,10,0.0,0.0,0.0,0,13,0.0
pubmed_gcnii16,4,13,12,4,0,0.0,FIXED_IDS,10,0.0,0.0,0.0,0,13,0.0
pubmed_gcnii16,4,13,13,4,0,0.0,FIXED_IDS,10,0.0,0.0,0.0,0,13,0.0
pubmed_gcnii16,4,13,14,4,0,0.0,FIXED_IDS,10,0.0,0.0,0.0,0,13,0.0
pubmed_gcnii16,4,13,15,4,0,0.0,FIXED_IDS,10,0.0,0.0,0.0,0,13,0.0
pubmed_gcnii16,4,13,0,4,0,0.0,FIXED_IDS,10,0.0,0.0,0.0,0,13,0.0
pubmed_gcnii16,4,13,1,4,0,0.0,FIXED_IDS,10,0.0,0.0,0.0,0,13,0.0
pubmed_gcnii16,4,13,2,4,0,0.0,FIXED_IDS,10,0.0,0.0,0.0,0,13,0.0
pubmed_gcnii16,4,13,3,4,0,0.0,FIXED_IDS,10,0.0,0.0,0.0,0,13,0.0
pubmed_gcnii16,4,13,4,4,0,0.0,FIXED_IDS,10,0.0,0.0,0.0,0,13,0.0
pubmed_gcnii16,4,13,5,4,0,0.0,FIXED_IDS,10,0.0,0.0,0.0,0,13,0.0
pubmed_gcnii16,4,13,6,4,0,0.0,FIXED_IDS,10,0.0,0.0,0.0,0,13,0.0
pubmed_gcnii16,4,13,7,4,0,0.0,FIXED_IDS,10,0.0,0.0,0.0,0,13,0.0
pubmed_gcnii16,4,13,8,4,0,0.0,FIXED_IDS,10,0.0,0.0,0.0,0,13,0.0
pubmed_gcnii16,4,13,9,4,0,0.0,FIXED_IDS,10,0.0,0.0,0.0,0,13,0.0
pubmed_gcnii16,4,13,10,4,0,0.0,FIXED_IDS,10,0.0,0.0,0.0,0,13,0.0
pubmed_gcnii16,4,13,11,4,0,0.0,FIXED_IDS,10,0.0,0.0,0.0,0,13,0.0
pubmed_gcnii16,4,13,12,4,0,0.0,FIXED_IDS,10,0.0,0.0,0.0,0,13,0.0
pubmed_gcnii16,4,13,13,4,0,0.0,FIXED_IDS,10,0.0,0.0,0.0,0,13,0.0
pubmed_gcnii16,4,13,14,4,0,0.0,FIXED_IDS,10,0.0,0.0,0.0,0,13,0.0
pubmed_gcnii16,4,13,15,4,0,0.0,FIXED_IDS,10,0.0,0.0,0.0,0,13,0.0
pubmed_gcnii16,4,13,0,4,0,0.0,FIXED_IDS,10,0.0,0.0,0.0,0,13,0.0
pubmed_gcnii16,4,13,1,4,0,0.0,FIXED_IDS,10,0.0,0.0,0.0,0,13,0.0
pubmed_gcnii16,4,13,2,4,0,0.0,FIXED_IDS,10,0.0,0.0,0.0,0,13,0.0
pubmed_gcnii16,4,13,3,4,0,0.0,FIXED_IDS,10,0.0,0.0,0.0,0,13,0.0
pubmed_gcnii16,4,13,4,4,0,0.0,FIXED_IDS,10,0.0,0.0,0.0,0,13,0.0
pubmed_gcnii16,4,13,5,4,0,0.0,FIXED_IDS,10,0.0,0.0,0.0,0,13,0.0
pubmed_gcnii16,4,13,6,4,0,0.0,FIXED_IDS,10,0.0,0.0,0.0,0,13,0.0
pubmed_gcnii16,4,13,7,4,0,0.0,FIXED_IDS,10,0.0,0.0,0.0,0,13,0.0
pubmed_gcnii16,4,13,8,4,0,0.0,FIXED_IDS,10,0.0,0.0,0.0,0,13,0.0
pubmed_gcnii16,4,13,9,4,0,0.0,FIXED_IDS,10,0.0,0.0,0.0,0,13,0.0
pubmed_gcnii16,4,13,10,4,0,0.0,FIXED_IDS,10,0.0,0.0,0.0,0,13,0.0
pubmed_gcnii16,4,13,11,4,0,0.0,FIXED_IDS,10,0.0,0.0,0.0,0,13,0.0
pubmed_gcnii16,4,13,12,4,0,0.0,FIXED_IDS,10,0.0,0.0,0.0,0,13,0.0
pubmed_gcnii16,4,13,13,4,0,0.0,FIXED_IDS,10,0.0,0.0,0.0,0,13,0.0
pubmed_gcnii16,4,13,14,4,0,0.0,FIXED_IDS,10,0.0,0.0,0.0,0,13,0.0
pubmed_gcnii16,4,13,15,4,0,0.0,FIXED_IDS,10,0.0,0.0,0.0,0,13,0.0
pubmed_gcnii16,4,13,0,4,0,0.0,FIXED_IDS,10,0.0,0.0,0.0,0,13,0.0
pubmed_gcnii16,4,13,1,4,0,0.0,FIXED_IDS,10,0.0,0.0,0.0,0,13,0.0
pubmed_gcnii16,4,13,2,4,0,0.0,FIXED_IDS,10,0.0,0.0,0.0,0,13,0.0
pubmed_gcnii16,4,13,3,4,0,0.0,FIXED_IDS,10,0.0,0.0,0.0,0,13,0.0
pubmed_gcnii16,4,13,4,4,0,0.0,FIXED_IDS,10,0.0,0.0,0.0,0,13,0.0
pubmed_gcnii16,4,13,5,4,0,0.0,FIXED_IDS,10,0.0,0.0,0.0,0,13,0.0
pubmed_gcnii16,4,13,6,4,0,0.0,FIXED_IDS,10,0.0,0.0,0.0,0,13,0.0
pubmed_gcnii16,4,13,7,4,0,0.0,FIXED_IDS,10,0.0,0.0,0.0,0,13,0.0
pubmed_gcnii16,4,13,8,4,0,0.0,FIXED_IDS,10,0.0,0.0,0.0,0,13,0.0
pubmed_gcnii16,4,13,9,4,0,0.0,FIXED_IDS,10,0.0,0.0,0.0,0,13,0.0
pubmed_gcnii16,4,13,10,4,0,0.0,FIXED_IDS,10,0.0,0.0,0.0,0,13,0.0
pubmed_gcnii16,4,13,11,4,0,0.0,FIXED_IDS,10,0.0,0.0,0.0,0,13,0.0
pubmed_gcnii16,4,13,12,4,0,0.0,FIXED_IDS,10,0.0,0.0,0.0,0,13,0.0
pubmed_gcnii16,4,13,13,4,0,0.0,FIXED_IDS,10,0.0,0.0,0.0,0,13,0.0
pubmed_gcnii16,4,13,14,4,0,0.0,FIXED_IDS,10,0.0,0.0,0.0,0,13,0.0
pubmed_gcnii16,4,13,15,4,0,0.0,FIXED_IDS,10,0.0,0.0,0.0,0,13,0.0
pubmed_gcnii16,4,13,0,4,0,0.0,FIXED_IDS,10,0.0,0.0,0.0,0,13,0.0
pubmed_gcnii16,4,13,1,4,0,0.0,FIXED_IDS,10,0.0,0.0,0.0,0,13,0.0
pubmed_gcnii16,4,13,2,4,0,0.0,FIXED_IDS,10,0.0,0.0,0.0,0,13,0.0
pubmed_gcnii16,4,13,3,4,0,0.0,FIXED_IDS,10,0.0,0.0,0.0,0,13,0.0
pubmed_gcnii16,4,13,4,4,0,0.0,FIXED_IDS,10,0.0,0.0,0.0,0,13,0.0
pubmed_gcnii16,4,13,5,4,0,0.0,FIXED_IDS,10,0.0,0.0,0.0,0,13,0.0
pubmed_gcnii16,4,13,6,4,0,0.0,FIXED_IDS,10,0.0,0.0,0.0,0,13,0.0
pubmed_gcnii16,4,13,7,4,0,0.0,FIXED_IDS,10,0.0,0.0,0.0,0,13,0.0
pubmed_gcnii16,4,13,8,4,0,0.0,FIXED_IDS,10,0.0,0.0,0.0,0,13,0.0
pubmed_gcnii16,4,13,9,4,0,0.0,FIXED_IDS,10,0.0,0.0,0.0,0,13,0.0
pubmed_gcnii16,4,13,10,4,0,0.0,FIXED_IDS,10,0.0,0.0,0.0,0,13,0.0
pubmed_gcnii16,4,13,11,4,0,0.0,FIXED_IDS,10,0.0,0.0,0.0,0,13,0.0
pubmed_gcnii16,4,13,12,4,0,0.0,FIXED_IDS,10,0.0,0.0,0.0,0,13,0.0
pubmed_gcnii16,4,13,13,4,0,0.0,FIXED_IDS,10,0.0,0.0,0.0,0,13,0.0
pubmed_gcnii16,4,13,14,4,0,0.0,FIXED_IDS,10,0.0,0.0,0.0,0,13,0.0
pubmed_gcnii16,4,13,15,4,0,0.0,FIXED_IDS,10,0.0,0.0,0.0,0,13,0.0
pubmed_gcnii16,4,13,0,4,0,0.0,FIXED_IDS,10,0.0,0.0,0.0,0,13,0.0
pubmed_gcnii16,4,13,1,4,0,0.0,FIXED_IDS,10,0.0,0.0,0.0,0,13,0.0
pubmed_gcnii16,4,13,2,4,0,0.0,FIXED_IDS,10,0.0,0.0,0.0,0,13,0.0
pubmed_gcnii16,4,13,3,4,0,0.0,FIXED_IDS,10,0.0,0.0,0.0,0,13,0.0
pubmed_gcnii16,4,13,4,4,0,0.0,FIXED_IDS,10,0.0,0.0,0.0,0,13,0.0
pubmed_gcnii16,4,13,5,4,0,0.0,FIXED_IDS,10,0.0,0.0,0.0,0,13,0.0
pubmed_gcnii16,4,13,6,4,0,0.0,FIXED_IDS,10,0.0,0.0,0.0,0,13,0.0
pubmed_gcnii16,4,13,7,4,0,0.0,FIXED_IDS,10,0.0,0.0,0.0,0,13,0.0
pubmed_gcnii16,4,13,8,4,0,0.0,FIXED_IDS,10,0.0,0.0,0.0,0,13,0.0
pubmed_gcnii16,4,13,9,4,0,0.0,FIXED_IDS,10,0.0,0.0,0.0,0,13,0.0
pubmed_gcnii16,4,13,10,4,0,0.0,FIXED_IDS,10,0.0,0.0,0.0,0,13,0.0
pubmed_gcnii16,4,13,11,4,0,0.0,FIXED_IDS,10,0.0,0.0,0.0,0,13,0.0
pubmed_gcnii16,4,13,12,4,0,0.0,FIXED_IDS,10,0.0,0.0,0.0,0,13,0.0
pubmed_gcnii16,4,13,13,4,0,0.0,FIXED_IDS,10,0.0,0.0,0.0,0,13,0.0
pubmed_gcnii16,4,13,14,4,0,0.0,FIXED_IDS,10,0.0,0.0,0.0,0,13,0.0
pubmed_gcnii16,4,13,15,4,0,0.0,FIXED_IDS,10,0.0,0.0,0.0,0,13,0.0
pubmed_gcnii16,4,13,0,4,0,0.0,FIXED_IDS,10,0.0,0.0,0.0,0,13,0.0
pubmed_gcnii16,4,13,1,4,0,0.0,FIXED_IDS,10,0.0,0.0,0.0,0,13,0.0
pubmed_gcnii16,4,13,2,4,0,0.0,FIXED_IDS,10,0.0,0.0,0.0,0,13,0.0
pubmed_gcnii16,4,13,3,4,0,0.0,FIXED_IDS,10,0.0,0.0,0.0,0,13,0.0
pubmed_gcnii16,4,13,4,4,0,0.0,FIXED_IDS,10,0.0,0.0,0.0,0,13,0.0
pubmed_gcnii16,4,13,5,4,0,0.0,FIXED_IDS,10,0.0,0.0,0.0,0,13,0.0
pubmed_gcnii16,4,13,6,4,0,0.0,FIXED_IDS,10,0.0,0.0,0.0,0,13,0.0
pubmed_gcnii16,4,13,7,4,0,0.0,FIXED_IDS,10,0.0,0.0,0.0,0,13,0.0
pubmed_gcnii16,4,13,8,4,0,0.0,FIXED_IDS,10,0.0,0.0,0.0,0,13,0.0
pubmed_gcnii16,4,13,9,4,0,0.0,FIXED_IDS,10,0.0,0.0,0.0,0,13,0.0
pubmed_gcnii16,4,13,10,4,0,0.0,FIXED_IDS,10,0.0,0.0,0.0,0,13,0.0
pubmed_gcnii16,4,13,11,4,0,0.0,FIXED_IDS,10,0.0,0.0,0.0,0,13,0.0
pubmed_gcnii16,4,13,12,4,0,0.0,FIXED_IDS,10,0.0,0.0,0.0,0,13,0.0
pubmed_gcnii16,4,13,13,4,0,0.0,FIXED_IDS,10,0.0,0.0,0.0,0,13,0.0
pubmed_gcnii16,4,13,14,4,0,0.0,FIXED_IDS,10,0.0,0.0,0.0,0,13,0.0
pubmed_gcnii16,4,13,15,4,0,0.0,FIXED_IDS,10,0.0,0.0,0.0,0,13,0.0
pubmed_gcnii16,4,13,0,4,0,0.0,FIXED_IDS,10,0.0,0.0,0.0,0,13,0.0
pubmed_gcnii16,4,13,1,4,0,0.0,FIXED_IDS,10,0.0,0.0,0.0,0,13,0.0
pubmed_gcnii16,4,13,2,4,0,0.0,FIXED_IDS,10,0.0,0.0,0.0,0,13,0.0
pubmed_gcnii16,4,13,3,4,0,0.0,FIXED_IDS,10,0.0,0.0,0.0,0,13,0.0
pubmed_gcnii16,4,13,4,4,0,0.0,FIXED_IDS,10,0.0,0.0,0.0,0,13,0.0
pubmed_gcnii16,4,13,5,4,0,0.0,FIXED_IDS,10,0.0,0.0,0.0,0,13,0.0
pubmed_gcnii16,4,13,6,4,0,0.0,FIXED_IDS,10,0.0,0.0,0.0,0,13,0.0
pubmed_gcnii16,4,13,7,4,0,0.0,FIXED_IDS,10,0.0,0.0,0.0,0,13,0.0
pubmed_gcnii16,4,13,8,4,0,0.0,FIXED_IDS,10,0.0,0.0,0.0,0,13,0.0
pubmed_gcnii16,4,13,9,4,0,0.0,FIXED_IDS,10,0.0,0.0,0.0,0,13,0.0
pubmed_gcnii16,4,13,10,4,0,0.0,FIXED_IDS,10,0.0,0.0,0.0,0,13,0.0
pubmed_gcnii16,4,13,11,4,0,0.0,FIXED_IDS,10,0.0,0.0,0.0,0,13,0.0
pubmed_gcnii16,4,13,12,4,0,0.0,FIXED_IDS,10,0.0,0.0,0.0,0,13,0.0
pubmed_gcnii16,4,13,13,4,0,0.0,FIXED_IDS,10,0.0,0.0,0.0,0,13,0.0
pubmed_gcnii16,4,13,14,4,0,0.0,FIXED_IDS,10,0.0,0.0,0.0,0,13,0.0
pubmed_gcnii16,4,13,15,4,0,0.0,FIXED_IDS,10,0.0,0.0,0.0,0,13,0.0
pubmed_gcnii16,4,13,0,4,0,0.0,FIXED_IDS,10,0.0,0.0,0.0,0,13,0.0
pubmed_gcnii16,4,13,1,4,0,0.0,FIXED_IDS,10,0.0,0.0,0.0,0,13,0.0
pubmed_gcnii16,4,13,2,4,0,0.0,FIXED_IDS,10,0.0,0.0,0.0,0,13,0.0
pubmed_gcnii16,4,13,3,4,0,0.0,FIXED_IDS,10,0.0,0.0,0.0,0,13,0.0
pubmed_gcnii16,4,13,4,4,0,0.0,FIXED_IDS,10,0.0,0.0,0.0,0,13,0.0
pubmed_gcnii16,4,13,5,4,0,0.0,FIXED_IDS,10,0.0,0.0,0.0,0,13,0.0
pubmed_gcnii16,4,13,6,4,0,0.0,FIXED_IDS,10,0.0,0.0,0.0,0,13,0.0
pubmed_gcnii16,4,13,7,4,0,0.0,FIXED_IDS,10,0.0,0.0,0.0,0,13,0.0
pubmed_gcnii16,4,13,8,4,0,0.0,FIXED_IDS,10,0.0,0.0,0.0,0,13,0.0
pubmed_gcnii16,4,13,9,4,0,0.0,FIXED_IDS,10,0.0,0.0,0.0,0,13,0.0
pubmed_gcnii16,4,13,10,4,0,0.0,FIXED_IDS,10,0.0,0.0,0.0,0,13,0.0
pubmed_gcnii16,4,13,11,4,0,0.0,FIXED_IDS,10,0.0,0.0,0.0,0,13,0.0
pubmed_gcnii16,4,13,12,4,0,0.0,FIXED_IDS,10,0.0,0.0,0.0,0,13,0.0
pubmed_gcnii16,4,13,13,4,0,0.0,FIXED_IDS,10,0.0,0.0,0.0,0,13,0.0
pubmed_gcnii16,4,13,14,4,0,0.0,FIXED_IDS,10,0.0,0.0,0.0,0,13,0.0
pubmed_gcnii16,4,13,15,4,0,0.0,FIXED_IDS,10,0.0,0.0,0.0,0,13,0.0
pubmed_gcnii16,4,13,0,4,0,0.0,FIXED_IDS,10,0.0,0.0,0.0,0,13,0.0
pubmed_gcnii16,4,13,1,4,0,0.0,FIXED_IDS,10,0.0,0.0,0.0,0,13,0.0
pubmed_gcnii16,4,13,2,4,0,0.0,FIXED_IDS,10,0.0,0.0,0.0,0,13,0.0
pubmed_gcnii16,4,13,3,4,0,0.0,FIXED_IDS,10,0.0,0.0,0.0,0,13,0.0
pubmed_gcnii16,4,13,4,4,0,0.0,FIXED_IDS,10,0.0,0.0,0.0,0,13,0.0
pubmed_gcnii16,4,13,5,4,0,0.0,FIXED_IDS,10,0.0,0.0,0.0,0,13,0.0
pubmed_gcnii16,4,13,6,4,0,0.0,FIXED_IDS,10,0.0,0.0,0.0,0,13,0.0
pubmed_gcnii16,4,13,7,4,0,0.0,FIXED_IDS,10,0.0,0.0,0.0,0,13,0.0
pubmed_gcnii16,4,13,8,4,0,0.0,FIXED_IDS,10,0.0,0.0,0.0,0,13,0.0
pubmed_gcnii16,4,13,9,4,0,0.0,FIXED_IDS,10,0.0,0.0,0.0,0,13,0.0
pubmed_gcnii16,4,13,10,4,0,0.0,FIXED_IDS,10,0.0,0.0,0.0,0,13,0.0
pubmed_gcnii16,4,13,11,4,0,0.0,FIXED_IDS,10,0.0,0.0,0.0,0,13,0.0
pubmed_gcnii16,4,13,12,4,0,0.0,FIXED_IDS,10,0.0,0.0,0.0,0,13,0.0
pubmed_gcnii16,4,13,13,4,0,0.0,FIXED_IDS,10,0.0,0.0,0.0,0,13,0.0
pubmed_gcnii16,4,13,14,4,0,0.0,FIXED_IDS,10,0.0,0.0,0.0,0,13,0.0
pubmed_gcnii16,4,13,15,4,0,0.0,FIXED_IDS,10,0.0,0.0,0.0,0,13,0.0
pubmed_gcnii16,4,13,0,4,0,0.0,FIXED_IDS,10,0.0,0.0,0.0,0,13,0.0
pubmed_gcnii16,4,13,1,4,0,0.0,FIXED_IDS,10,0.0,0.0,0.0,0,13,0.0
pubmed_gcnii16,4,13,2,4,0,0.0,FIXED_IDS,10,0.0,0.0,0.0,0,13,0.0
pubmed_gcnii16,4,13,3,4,0,0.0,FIXED_IDS,10,0.0,0.0,0.0,0,13,0.0
pubmed_gcnii16,4,13,4,4,0,0.0,FIXED_IDS,10,0.0,0.0,0.0,0,13,0.0
pubmed_gcnii16,4,13,5,4,0,0.0,FIXED_IDS,10,0.0,0.0,0.0,0,13,0.0
pubmed_gcnii16,4,13,6,4,0,0.0,FIXED_IDS,10,0.0,0.0,0.0,0,13,0.0
pubmed_gcnii16,4,13,7,4,0,0.0,FIXED_IDS,10,0.0,0.0,0.0,0,13,0.0
pubmed_gcnii16,4,13,8,4,0,0.0,FIXED_IDS,10,0.0,0.0,0.0,0,13,0.0
pubmed_gcnii16,4,13,9,4,0,0.0,FIXED_IDS,10,0.0,0.0,0.0,0,13,0.0
pubmed_gcnii16,4,13,10,4,0,0.0,FIXED_IDS,10,0.0,0.0,0.0,0,13,0.0
pubmed_gcnii16,4,13,11,4,0,0.0,FIXED_IDS,10,0.0,0.0,0.0,0,13,0.0
pubmed_gcnii16,4,13,12,4,0,0.0,FIXED_IDS,10,0.0,0.0,0.0,0,13,0.0
pubmed_gcnii16,4,13,13,4,0,0.0,FIXED_IDS,10,0.0,0.0,0.0,0,13,0.0
pubmed_gcnii16,4,13,14,4,0,0.0,FIXED_IDS,10,0.0,0.0,0.0,0,13,0.0
pubmed_gcnii16,4,13,15,4,0,0.0,FIXED_IDS,10,0.0,0.0,0.0,0,13,0.0
pubmed_gcnii16,4,13,0,4,0,0.0,FIXED_IDS,10,0.0,0.0,0.0,0,13,0.0
pubmed_gcnii16,4,13,1,4,0,0.0,FIXED_IDS,10,0.0,0.0,0.0,0,13,0.0
pubmed_gcnii16,4,13,2,4,0,0.0,FIXED_IDS,10,0.0,0.0,0.0,0,13,0.0
pubmed_gcnii16,4,13,3,4,0,0.0,FIXED_IDS,10,0.0,0.0,0.0,0,13,0.0
pubmed_gcnii16,4,13,4,4,0,0.0,FIXED_IDS,10,0.0,0.0,0.0,0,13,0.0
pubmed_gcnii16,4,13,5,4,0,0.0,FIXED_IDS,10,0.0,0.0,0.0,0,13,0.0
pubmed_gcnii16,4,13,6,4,0,0.0,FIXED_IDS,10,0.0,0.0,0.0,0,13,0.0
pubmed_gcnii16,4,13,7,4,0,0.0,FIXED_IDS,10,0.0,0.0,0.0,0,13,0.0
pubmed_gcnii16,4,13,8,4,0,0.0,FIXED_IDS,10,0.0,0.0,0.0,0,13,0.0
pubmed_gcnii16,4,13,9,4,0,0.0,FIXED_IDS,10,0.0,0.0,0.0,0,13,0.0
pubmed_gcnii16,4,13,10,4,0,0.0,FIXED_IDS,10,0.0,0.0,0.0,0,13,0.0
pubmed_gcnii16,4,13,11,4,0,0.0,FIXED_IDS,10,0.0,0.0,0.0,0,13,0.0
pubmed_gcnii16,4,13,12,4,0,0.0,FIXED_IDS,10,0.0,0.0,0.0,0,13,0.0
pubmed_gcnii16,4,13,13,4,0,0.0,FIXED_IDS,10,0.0,0.0,0.0,0,13,0.0
pubmed_gcnii16,4,13,14,4,0,0.0,FIXED_IDS,10,0.0,0.0,0.0,0,13,0.0
pubmed_gcnii16,4,13,15,4,0,0.0,FIXED_IDS,10,0.0,0.0,0.0,0,13,0.0
pubmed_gcnii16,4,13,0,4,0,0.0,FIXED_IDS,10,0.0,0.0,0.0,0,13,0.0
pubmed_gcnii16,4,13,1,4,0,0.0,FIXED_IDS,10,0.0,0.0,0.0,0,13,0.0
pubmed_gcnii16,4,13,2,4,0,0.0,FIXED_IDS,10,0.0,0.0,0.0,0,13,0.0
pubmed_gcnii16,4,13,3,4,0,0.0,FIXED_IDS,10,0.0,0.0,0.0,0,13,0.0
pubmed_gcnii16,4,13,4,4,0,0.0,FIXED_IDS,10,0.0,0.0,0.0,0,13,0.0
pubmed_gcnii16,4,13,5,4,0,0.0,FIXED_IDS,10,0.0,0.0,0.0,0,13,0.0
pubmed_gcnii16,4,13,6,4,0,0.0,FIXED_IDS,10,0.0,0.0,0.0,0,13,0.0
pubmed_gcnii16,4,13,7,4,0,0.0,FIXED_IDS,10,0.0,0.0,0.0,0,13,0.0
pubmed_gcnii16,4,13,8,4,0,0.0,FIXED_IDS,10,0.0,0.0,0.0,0,13,0.0
pubmed_gcnii16,4,13,9,4,0,0.0,FIXED_IDS,10,0.0,0.0,0.0,0,13,0.0
pubmed_gcnii16,4,13,10,4,0,0.0,FIXED_IDS,10,0.0,0.0,0.0,0,13,0.0
pubmed_gcnii16,4,13,11,4,0,0.0,FIXED_IDS,10,0.0,0.0,0.0,0,13,0.0
pubmed_gcnii16,4,13,12,4,0,0.0,FIXED_IDS,10,0.0,0.0,0.0,0,13,0.0
pubmed_gcnii16,4,13,13,4,0,0.0,FIXED_IDS,10,0.0,0.0,0.0,0,13,0.0
pubmed_gcnii16,4,13,14,4,0,0.0,FIXED_IDS,10,0.0,0.0,0.0,0,13,0.0
pubmed_gcnii16,4,13,15,4,0,0.0,FIXED_IDS,10,0.0,0.0,0.0,0,13,0.0
pubmed_gcnii16,4,13,0,4,0,0.0,FIXED_IDS,10,0.0,0.0,0.0,0,13,0.0
pubmed_gcnii16,4,13,1,4,0,0.0,FIXED_IDS,10,0.0,0.0,0.0,0,13,0.0
pubmed_gcnii16,4,13,2,4,0,0.0,FIXED_IDS,10,0.0,0.0,0.0,0,13,0.0
pubmed_gcnii16,4,13,3,4,0,0.0,FIXED_IDS,10,0.0,0.0,0.0,0,13,0.0
pubmed_gcnii16,4,13,4,4,0,0.0,FIXED_IDS,10,0.0,0.0,0.0,0,13,0.0
pubmed_gcnii16,4,13,5,4,0,0.0,FIXED_IDS,10,0.0,0.0,0.0,0,13,0.0
pubmed_gcnii16,4,13,6,4,0,0.0,FIXED_IDS,10,0.0,0.0,0.0,0,13,0.0
pubmed_gcnii16,4,13,7,4,0,0.0,FIXED_IDS,10,0.0,0.0,0.0,0,13,0.0
pubmed_gcnii16,4,13,8,4,0,0.0,FIXED_IDS,10,0.0,0.0,0.0,0,13,0.0
pubmed_gcnii16,4,13,9,4,0,0.0,FIXED_IDS,10,0.0,0.0,0.0,0,13,0.0
pubmed_gcnii16,4,13,10,4,0,0.0,FIXED_IDS,10,0.0,0.0,0.0,0,13,0.0
pubmed_gcnii16,4,13,11,4,0,0.0,FIXED_IDS,10,0.0,0.0,0.0,0,13,0.0
pubmed_gcnii16,4,13,12,4,0,0.0,FIXED_IDS,10,0.0,0.0,0.0,0,13,0.0
pubmed_gcnii16,4,13,13,4,0,0.0,FIXED_IDS,10,0.0,0.0,0.0,0,13,0.0
pubmed_gcnii16,4,13,14,4,0,0.0,FIXED_IDS,10,0.0,0.0,0.0,0,13,0.0
pubmed_gcnii16,4,13,15,4,0,0.0,FIXED_IDS,10,0.0,0.0,0.0,0,13,0.0
pubmed_gcnii16,4,13,0,4,0,0.0,FIXED_IDS,10,0.0,0.0,0.0,0,13,0.0
pubmed_gcnii16,4,13,1,4,0,0.0,FIXED_IDS,10,0.0,0.0,0.0,0,13,0.0
pubmed_gcnii16,4,13,2,4,0,0.0,FIXED_IDS,10,0.0,0.0,0.0,0,13,0.0
pubmed_gcnii16,4,13,3,4,0,0.0,FIXED_IDS,10,0.0,0.0,0.0,0,13,0.0
pubmed_gcnii16,4,13,4,4,0,0.0,FIXED_IDS,10,0.0,0.0,0.0,0,13,0.0
pubmed_gcnii16,4,13,5,4,0,0.0,FIXED_IDS,10,0.0,0.0,0.0,0,13,0.0
pubmed_gcnii16,4,13,6,4,0,0.0,FIXED_IDS,10,0.0,0.0,0.0,0,13,0.0
pubmed_gcnii16,4,13,7,4,0,0.0,FIXED_IDS,10,0.0,0.0,0.0,0,13,0.0
pubmed_gcnii16,4,13,8,4,0,0.0,FIXED_IDS,10,0.0,0.0,0.0,0,13,0.0
pubmed_gcnii16,4,13,9,4,0,0.0,FIXED_IDS,10,0.0,0.0,0.0,0,13,0.0
pubmed_gcnii16,4,13,10,4,0,0.0,FIXED_IDS,10,0.0,0.0,0.0,0,13,0.0
pubmed_gcnii16,4,13,11,4,0,0.0,FIXED_IDS,10,0.0,0.0,0.0,0,13,0.0
pubmed_gcnii16,4,13,12,4,0,0.0,FIXED_IDS,10,0.0,0.0,0.0,0,13,0.0
pubmed_gcnii16,4,13,13,4,0,0.0,FIXED_IDS,10,0.0,0.0,0.0,0,13,0.0
pubmed_gcnii16,4,13,14,4,0,0.0,FIXED_IDS,10,0.0,0.0,0.0,0,13,0.0
pubmed_gcnii16,4,13,15,4,0,0.0,FIXED_IDS,10,0.0,0.0,0.0,0,13,0.0
pubmed_gcnii16,4,13,0,4,0,0.0,FIXED_IDS,10,0.0,0.0,0.0,0,13,0.0
pubmed_gcnii16,4,13,1,4,0,0.0,FIXED_IDS,10,0.0,0.0,0.0,0,13,0.0
pubmed_gcnii16,4,13,2,4,0,0.0,FIXED_IDS,10,0.0,0.0,0.0,0,13,0.0
pubmed_gcnii16,4,13,3,4,0,0.0,FIXED_IDS,10,0.0,0.0,0.0,0,13,0.0
pubmed_gcnii16,4,13,4,4,0,0.0,FIXED_IDS,10,0.0,0.0,0.0,0,13,0.0
pubmed_gcnii16,4,13,5,4,0,0.0,FIXED_IDS,10,0.0,0.0,0.0,0,13,0.0
pubmed_gcnii16,4,13,6,4,0,0.0,FIXED_IDS,10,0.0,0.0,0.0,0,13,0.0
pubmed_gcnii16,4,13,7,4,0,0.0,FIXED_IDS,10,0.0,0.0,0.0,0,13,0.0
pubmed_gcnii16,4,13,8,4,0,0.0,FIXED_IDS,10,0.0,0.0,0.0,0,13,0.0
pubmed_gcnii16,4,13,9,4,0,0.0,FIXED_IDS,10,0.0,0.0,0.0,0,13,0.0
pubmed_gcnii16,4,13,10,4,0,0.0,FIXED_IDS,10,0.0,0.0,0.0,0,13,0.0
pubmed_gcnii16,4,13,11,4,0,0.0,FIXED_IDS,10,0.0,0.0,0.0,0,13,0.0
pubmed_gcnii16,4,13,12,4,0,0.0,FIXED_IDS,10,0.0,0.0,0.0,0,13,0.0
pubmed_gcnii16,4,13,13,4,0,0.0,FIXED_IDS,10,0.0,0.0,0.0,0,13,0.0
pubmed_gcnii16,4,13,14,4,0,0.0,FIXED_IDS,10,0.0,0.0,0.0,0,13,0.0
pubmed_gcnii16,4,13,15,4,0,0.0,FIXED_IDS,10,0.0,0.0,0.0,0,13,0.0
pubmed_gcnii16,4,13,0,4,0,0.0,FIXED_IDS,10,0.0,0.0,0.0,0,13,0.0
pubmed_gcnii16,4,13,1,4,0,0.0,FIXED_IDS,10,0.0,0.0,0.0,0,13,0.0
pubmed_gcnii16,4,13,2,4,0,0.0,FIXED_IDS,10,0.0,0.0,0.0,0,13,0.0
pubmed_gcnii16,4,13,3,4,0,0.0,FIXED_IDS,10,0.0,0.0,0.0,0,13,0.0
pubmed_gcnii16,4,13,4,4,0,0.0,FIXED_IDS,10,0.0,0.0,0.0,0,13,0.0
pubmed_gcnii16,4,13,5,4,0,0.0,FIXED_IDS,10,0.0,0.0,0.0,0,13,0.0
pubmed_gcnii16,4,13,6,4,0,0.0,FIXED_IDS,10,0.0,0.0,0.0,0,13,0.0
pubmed_gcnii16,4,13,7,4,0,0.0,FIXED_IDS,10,0.0,0.0,0.0,0,13,0.0
pubmed_gcnii16,4,13,8,4,0,0.0,FIXED_IDS,10,0.0,0.0,0.0,0,13,0.0
pubmed_gcnii16,4,13,9,4,0,0.0,FIXED_IDS,10,0.0,0.0,0.0,0,13,0.0
pubmed_gcnii16,4,13,10,4,0,0.0,FIXED_IDS,10,0.0,0.0,0.0,0,13,0.0
pubmed_gcnii16,4,13,11,4,0,0.0,FIXED_IDS,10,0.0,0.0,0.0,0,13,0.0
pubmed_gcnii16,4,13,12,4,0,0.0,FIXED_IDS,10,0.0,0.0,0.0,0,13,0.0
pubmed_gcnii16,4,13,13,4,0,0.0,FIXED_IDS,10,0.0,0.0,0.0,0,13,0.0
pubmed_gcnii16,4,13,14,4,0,0.0,FIXED_IDS,10,0.0,0.0,0.0,0,13,0.0
pubmed_gcnii16,4,13,15,4,0,0.0,FIXED_IDS,10,0.0,0.0,0.0,0,13,0.0
pubmed_gcnii16,4,13,0,4,0,0.0,FIXED_IDS,10,0.0,0.0,0.0,0,13,0.0
pubmed_gcnii16,4,13,1,4,0,0.0,FIXED_IDS,10,0.0,0.0,0.0,0,13,0.0
pubmed_gcnii16,4,13,2,4,0,0.0,FIXED_IDS,10,0.0,0.0,0.0,0,13,0.0
pubmed_gcnii16,4,13,3,4,0,0.0,FIXED_IDS,10,0.0,0.0,0.0,0,13,0.0
pubmed_gcnii16,4,13,4,4,0,0.0,FIXED_IDS,10,0.0,0.0,0.0,0,13,0.0
pubmed_gcnii16,4,13,5,4,0,0.0,FIXED_IDS,10,0.0,0.0,0.0,0,13,0.0
pubmed_gcnii16,4,13,6,4,0,0.0,FIXED_IDS,10,0.0,0.0,0.0,0,13,0.0
pubmed_gcnii16,4,13,7,4,0,0.0,FIXED_IDS,10,0.0,0.0,0.0,0,13,0.0
pubmed_gcnii16,4,13,8,4,0,0.0,FIXED_IDS,10,0.0,0.0,0.0,0,13,0.0
pubmed_gcnii16,4,13,9,4,0,0.0,FIXED_IDS,10,0.0,0.0,0.0,0,13,0.0
pubmed_gcnii16,4,13,10,4,0,0.0,FIXED_IDS,10,0.0,0.0,0.0,0,13,0.0
pubmed_gcnii16,4,13,11,4,0,0.0,FIXED_IDS,10,0.0,0.0,0.0,0,13,0.0
pubmed_gcnii16,4,13,12,4,0,0.0,FIXED_IDS,10,0.0,0.0,0.0,0,13,0.0
pubmed_gcnii16,4,13,13,4,0,0.0,FIXED_IDS,10,0.0,0.0,0.0,0,13,0.0
pubmed_gcnii16,4,13,14,4,0,0.0,FIXED_IDS,10,0.0,0.0,0.0,0,13,0.0
pubmed_gcnii16,4,13,15,4,0,0.0,FIXED_IDS,10,0.0,0.0,0.0,0,13,0.0
pubmed_gcnii16,4,13,0,4,0,0.0,FIXED_IDS,10,0.0,0.0,0.0,0,13,0.0
pubmed_gcnii16,4,13,1,4,0,0.0,FIXED_IDS,10,0.0,0.0,0.0,0,13,0.0
pubmed_gcnii16,4,13,2,4,0,0.0,FIXED_IDS,10,0.0,0.0,0.0,0,13,0.0
pubmed_gcnii16,4,13,3,4,0,0.0,FIXED_IDS,10,0.0,0.0,0.0,0,13,0.0
pubmed_gcnii16,4,13,4,4,0,0.0,FIXED_IDS,10,0.0,0.0,0.0,0,13,0.0
pubmed_gcnii16,4,13,5,4,0,0.0,FIXED_IDS,10,0.0,0.0,0.0,0,13,0.0
pubmed_gcnii16,4,13,6,4,0,0.0,FIXED_IDS,10,0.0,0.0,0.0,0,13,0.0
pubmed_gcnii16,4,13,7,4,0,0.0,FIXED_IDS,10,0.0,0.0,0.0,0,13,0.0
pubmed_gcnii16,4,13,8,4,0,0.0,FIXED_IDS,10,0.0,0.0,0.0,0,13,0.0
pubmed_gcnii16,4,13,9,4,0,0.0,FIXED_IDS,10,0.0,0.0,0.0,0,13,0.0
pubmed_gcnii16,4,13,10,4,0,0.0,FIXED_IDS,10,0.0,0.0,0.0,0,13,0.0
pubmed_gcnii16,4,13,11,4,0,0.0,FIXED_IDS,10,0.0,0.0,0.0,0,13,0.0
pubmed_gcnii16,4,13,12,4,0,0.0,FIXED_IDS,10,0.0,0.0,0.0,0,13,0.0
pubmed_gcnii16,4,13,13,4,0,0.0,FIXED_IDS,10,0.0,0.0,0.0,0,13,0.0
pubmed_gcnii16,4,13,14,4,0,0.0,FIXED_IDS,10,0.0,0.0,0.0,0,13,0.0
pubmed_gcnii16,4,13,15,4,0,0.0,FIXED_IDS,10,0.0,0.0,0.0,0,13,0.0
pubmed_gcnii16,4,13,0,4,0,0.0,FIXED_IDS,10,0.0,0.0,0.0,0,13,0.0
pubmed_gcnii16,4,13,1,4,0,0.0,FIXED_IDS,10,0.0,0.0,0.0,0,13,0.0
pubmed_gcnii16,4,13,2,4,0,0.0,FIXED_IDS,10,0.0,0.0,0.0,0,13,0.0
pubmed_gcnii16,4,13,3,4,0,0.0,FIXED_IDS,10,0.0,0.0,0.0,0,13,0.0
pubmed_gcnii16,4,13,4,4,0,0.0,FIXED_IDS,10,0.0,0.0,0.0,0,13,0.0
pubmed_gcnii16,4,13,5,4,0,0.0,FIXED_IDS,10,0.0,0.0,0.0,0,13,0.0
pubmed_gcnii16,4,13,6,4,0,0.0,FIXED_IDS,10,0.0,0.0,0.0,0,13,0.0
pubmed_gcnii16,4,13,7,4,0,0.0,FIXED_IDS,10,0.0,0.0,0.0,0,13,0.0
pubmed_gcnii16,4,13,8,4,0,0.0,FIXED_IDS,10,0.0,0.0,0.0,0,13,0.0
pubmed_gcnii16,4,13,9,4,0,0.0,FIXED_IDS,10,0.0,0.0,0.0,0,13,0.0
pubmed_gcnii16,4,13,10,4,0,0.0,FIXED_IDS,10,0.0,0.0,0.0,0,13,0.0
pubmed_gcnii16,4,13,11,4,0,0.0,FIXED_IDS,10,0.0,0.0,0.0,0,13,0.0
pubmed_gcnii16,4,13,12,4,0,0.0,FIXED_IDS,10,0.0,0.0,0.0,0,13,0.0
pubmed_gcnii16,4,13,13,4,0,0.0,FIXED_IDS,10,0.0,0.0,0.0,0,13,0.0
pubmed_gcnii16,4,13,14,4,0,0.0,FIXED_IDS,10,0.0,0.0,0.0,0,13,0.0
pubmed_gcnii16,4,13,15,4,0,0.0,FIXED_IDS,10,0.0,0.0,0.0,0,13,0.0
pubmed_gcnii16,4,13,0,4,0,0.0,FIXED_IDS,10,0.0,0.0,0.0,0,13,0.0
pubmed_gcnii16,4,13,1,4,0,0.0,FIXED_IDS,10,0.0,0.0,0.0,0,13,0.0
pubmed_gcnii16,4,13,2,4,0,0.0,FIXED_IDS,10,0.0,0.0,0.0,0,13,0.0
pubmed_gcnii16,4,13,3,4,0,0.0,FIXED_IDS,10,0.0,0.0,0.0,0,13,0.0
pubmed_gcnii16,4,13,4,4,0,0.0,FIXED_IDS,10,0.0,0.0,0.0,0,13,0.0
pubmed_gcnii16,4,13,5,4,0,0.0,FIXED_IDS,10,0.0,0.0,0.0,0,13,0.0
pubmed_gcnii16,4,13,6,4,0,0.0,FIXED_IDS,10,0.0,0.0,0.0,0,13,0.0
pubmed_gcnii16,4,13,7,4,0,0.0,FIXED_IDS,10,0.0,0.0,0.0,0,13,0.0
pubmed_gcnii16,4,13,8,4,0,0.0,FIXED_IDS,10,0.0,0.0,0.0,0,13,0.0
pubmed_gcnii16,4,13,9,4,0,0.0,FIXED_IDS,10,0.0,0.0,0.0,0,13,0.0
pubmed_gcnii16,4,13,10,4,0,0.0,FIXED_IDS,10,0.0,0.0,0.0,0,13,0.0
pubmed_gcnii16,4,13,11,4,0,0.0,FIXED_IDS,10,0.0,0.0,0.0,0,13,0.0
pubmed_gcnii16,4,13,12,4,0,0.0,FIXED_IDS,10,0.0,0.0,0.0,0,13,0.0
pubmed_gcnii16,4,13,13,4,0,0.0,FIXED_IDS,10,0.0,0.0,0.0,0,13,0.0
pubmed_gcnii16,4,13,14,4,0,0.0,FIXED_IDS,10,0.0,0.0,0.0,0,13,0.0
pubmed_gcnii16,4,13,15,4,0,0.0,FIXED_IDS,10,0.0,0.0,0.0,0,13,0.0
pubmed_gcnii16,4,13,0,4,0,0.0,FIXED_IDS,10,0.0,0.0,0.0,0,13,0.0
pubmed_gcnii16,4,13,1,4,0,0.0,FIXED_IDS,10,0.0,0.0,0.0,0,13,0.0
pubmed_gcnii16,4,13,2,4,0,0.0,FIXED_IDS,10,0.0,0.0,0.0,0,13,0.0
pubmed_gcnii16,4,13,3,4,0,0.0,FIXED_IDS,10,0.0,0.0,0.0,0,13,0.0
pubmed_gcnii16,4,13,4,4,0,0.0,FIXED_IDS,10,0.0,0.0,0.0,0,13,0.0
pubmed_gcnii16,4,13,5,4,0,0.0,FIXED_IDS,10,0.0,0.0,0.0,0,13,0.0
pubmed_gcnii16,4,13,6,4,0,0.0,FIXED_IDS,10,0.0,0.0,0.0,0,13,0.0
pubmed_gcnii16,4,13,7,4,0,0.0,FIXED_IDS,10,0.0,0.0,0.0,0,13,0.0
pubmed_gcnii16,4,13,8,4,0,0.0,FIXED_IDS,10,0.0,0.0,0.0,0,13,0.0
pubmed_gcnii16,4,13,9,4,0,0.0,FIXED_IDS,10,0.0,0.0,0.0,0,13,0.0
pubmed_gcnii16,4,13,10,4,0,0.0,FIXED_IDS,10,0.0,0.0,0.0,0,13,0.0
pubmed_gcnii16,4,13,11,4,0,0.0,FIXED_IDS,10,0.0,0.0,0.0,0,13,0.0
pubmed_gcnii16,4,13,12,4,0,0.0,FIXED_IDS,10,0.0,0.0,0.0,0,13,0.0
pubmed_gcnii16,4,13,13,4,0,0.0,FIXED_IDS,10,0.0,0.0,0.0,0,13,0.0
pubmed_gcnii16,4,13,14,4,0,0.0,FIXED_IDS,10,0.0,0.0,0.0,0,13,0.0
pubmed_gcnii16,4,13,15,4,0,0.0,FIXED_IDS,10,0.0,0.0,0.0,0,13,0.0
pubmed_gcnii16,4,13,0,4,0,0.0,FIXED_IDS,10,0.0,0.0,0.0,0,13,0.0
pubmed_gcnii16,4,13,1,4,0,0.0,FIXED_IDS,10,0.0,0.0,0.0,0,13,0.0
pubmed_gcnii16,4,13,2,4,0,0.0,FIXED_IDS,10,0.0,0.0,0.0,0,13,0.0
pubmed_gcnii16,4,13,3,4,0,0.0,FIXED_IDS,10,0.0,0.0,0.0,0,13,0.0
pubmed_gcnii16,4,13,4,4,0,0.0,FIXED_IDS,10,0.0,0.0,0.0,0,13,0.0
pubmed_gcnii16,4,13,5,4,0,0.0,FIXED_IDS,10,0.0,0.0,0.0,0,13,0.0
pubmed_gcnii16,4,13,6,4,0,0.0,FIXED_IDS,10,0.0,0.0,0.0,0,13,0.0
pubmed_gcnii16,4,13,7,4,0,0.0,FIXED_IDS,10,0.0,0.0,0.0,0,13,0.0
pubmed_gcnii16,4,13,8,4,0,0.0,FIXED_IDS,10,0.0,0.0,0.0,0,13,0.0
pubmed_gcnii16,4,13,9,4,0,0.0,FIXED_IDS,10,0.0,0.0,0.0,0,13,0.0
pubmed_gcnii16,4,13,10,4,0,0.0,FIXED_IDS,10,0.0,0.0,0.0,0,13,0.0
pubmed_gcnii16,4,13,11,4,0,0.0,FIXED_IDS,10,0.0,0.0,0.0,0,13,0.0
pubmed_gcnii16,4,13,12,4,0,0.0,FIXED_IDS,10,0.0,0.0,0.0,0,13,0.0
pubmed_gcnii16,4,13,13,4,0,0.0,FIXED_IDS,10,0.0,0.0,0.0,0,13,0.0
pubmed_gcnii16,4,13,14,4,0,0.0,FIXED_IDS,10,0.0,0.0,0.0,0,13,0.0
pubmed_gcnii16,4,13,15,4,0,0.0,FIXED_IDS,10,0.0,0.0,0.0,0,13,0.0
pubmed_gcnii16,4,13,0,4,0,0.0,FIXED_IDS,10,0.0,0.0,0.0,0,13,0.0
pubmed_gcnii16,4,13,1,4,0,0.0,FIXED_IDS,10,0.0,0.0,0.0,0,13,0.0
pubmed_gcnii16,4,13,2,4,0,0.0,FIXED_IDS,10,0.0,0.0,0.0,0,13,0.0
pubmed_gcnii16,4,13,3,4,0,0.0,FIXED_IDS,10,0.0,0.0,0.0,0,13,0.0
pubmed_gcnii16,4,13,4,4,0,0.0,FIXED_IDS,10,0.0,0.0,0.0,0,13,0.0
pubmed_gcnii16,4,13,5,4,0,0.0,FIXED_IDS,10,0.0,0.0,0.0,0,13,0.0
pubmed_gcnii16,4,13,6,4,0,0.0,FIXED_IDS,10,0.0,0.0,0.0,0,13,0.0
pubmed_gcnii16,4,13,7,4,0,0.0,FIXED_IDS,10,0.0,0.0,0.0,0,13,0.0
pubmed_gcnii16,4,13,8,4,0,0.0,FIXED_IDS,10,0.0,0.0,0.0,0,13,0.0
pubmed_gcnii16,4,13,9,4,0,0.0,FIXED_IDS,10,0.0,0.0,0.0,0,13,0.0
pubmed_gcnii16,4,13,10,4,0,0.0,FIXED_IDS,10,0.0,0.0,0.0,0,13,0.0
pubmed_gcnii16,4,13,11,4,0,0.0,FIXED_IDS,10,0.0,0.0,0.0,0,13,0.0
pubmed_gcnii16,4,13,12,4,0,0.0,FIXED_IDS,10,0.0,0.0,0.0,0,13,0.0
pubmed_gcnii16,4,13,13,4,0,0.0,FIXED_IDS,10,0.0,0.0,0.0,0,13,0.0
pubmed_gcnii16,4,13,14,4,0,0.0,FIXED_IDS,10,0.0,0.0,0.0,0,13,0.0
pubmed_gcnii16,4,13,15,4,0,0.0,FIXED_IDS,10,0.0,0.0,0.0,0,13,0.0
pubmed_gcnii16,4,13,0,4,0,0.0,FIXED_IDS,10,0.0,0.0,0.0,0,13,0.0
pubmed_gcnii16,4,13,1,4,0,0.0,FIXED_IDS,10,0.0,0.0,0.0,0,13,0.0
pubmed_gcnii16,4,13,2,4,0,0.0,FIXED_IDS,10,0.0,0.0,0.0,0,13,0.0
pubmed_gcnii16,4,13,3,4,0,0.0,FIXED_IDS,10,0.0,0.0,0.0,0,13,0.0
pubmed_gcnii16,4,13,4,4,0,0.0,FIXED_IDS,10,0.0,0.0,0.0,0,13,0.0
pubmed_gcnii16,4,13,5,4,0,0.0,FIXED_IDS,10,0.0,0.0,0.0,0,13,0.0
pubmed_gcnii16,4,13,6,4,0,0.0,FIXED_IDS,10,0.0,0.0,0.0,0,13,0.0
pubmed_gcnii16,4,13,7,4,0,0.0,FIXED_IDS,10,0.0,0.0,0.0,0,13,0.0
pubmed_gcnii16,4,13,8,4,0,0.0,FIXED_IDS,10,0.0,0.0,0.0,0,13,0.0
pubmed_gcnii16,4,13,9,4,0,0.0,FIXED_IDS,10,0.0,0.0,0.0,0,13,0.0
pubmed_gcnii16,4,13,10,4,0,0.0,FIXED_IDS,10,0.0,0.0,0.0,0,13,0.0
pubmed_gcnii16,4,13,11,4,0,0.0,FIXED_IDS,10,0.0,0.0,0.0,0,13,0.0
pubmed_gcnii16,4,13,12,4,0,0.0,FIXED_IDS,10,0.0,0.0,0.0,0,13,0.0
pubmed_gcnii16,4,13,13,4,0,0.0,FIXED_IDS,10,0.0,0.0,0.0,0,13,0.0
pubmed_gcnii16,4,13,14,4,0,0.0,FIXED_IDS,10,0.0,0.0,0.0,0,13,0.0
pubmed_gcnii16,4,13,15,4,0,0.0,FIXED_IDS,10,0.0,0.0,0.0,0,13,0.0
pubmed_gcnii16,4,13,0,4,0,0.0,FIXED_IDS,10,0.0,0.0,0.0,0,13,0.0
pubmed_gcnii16,4,13,1,4,0,0.0,FIXED_IDS,10,0.0,0.0,0.0,0,13,0.0
pubmed_gcnii16,4,13,2,4,0,0.0,FIXED_IDS,10,0.0,0.0,0.0,0,13,0.0
pubmed_gcnii16,4,13,3,4,0,0.0,FIXED_IDS,10,0.0,0.0,0.0,0,13,0.0
pubmed_gcnii16,4,13,4,4,0,0.0,FIXED_IDS,10,0.0,0.0,0.0,0,13,0.0
pubmed_gcnii16,4,13,5,4,0,0.0,FIXED_IDS,10,0.0,0.0,0.0,0,13,0.0
pubmed_gcnii16,4,13,6,4,0,0.0,FIXED_IDS,10,0.0,0.0,0.0,0,13,0.0
pubmed_gcnii16,4,13,7,4,0,0.0,FIXED_IDS,10,0.0,0.0,0.0,0,13,0.0
pubmed_gcnii16,4,13,8,4,0,0.0,FIXED_IDS,10,0.0,0.0,0.0,0,13,0.0
pubmed_gcnii16,4,13,9,4,0,0.0,FIXED_IDS,10,0.0,0.0,0.0,0,13,0.0
pubmed_gcnii16,4,13,10,4,0,0.0,FIXED_IDS,10,0.0,0.0,0.0,0,13,0.0
pubmed_gcnii16,4,13,11,4,0,0.0,FIXED_IDS,10,0.0,0.0,0.0,0,13,0.0
pubmed_gcnii16,4,13,12,4,0,0.0,FIXED_IDS,10,0.0,0.0,0.0,0,13,0.0
pubmed_gcnii16,4,13,13,4,0,0.0,FIXED_IDS,10,0.0,0.0,0.0,0,13,0.0
pubmed_gcnii16,4,13,14,4,0,0.0,FIXED_IDS,10,0.0,0.0,0.0,0,13,0.0
pubmed_gcnii16,4,13,15,4,0,0.0,FIXED_IDS,10,0.0,0.0,0.0,0,13,0.0
pubmed_gcnii16,4,13,0,4,0,0.0,FIXED_IDS,10,0.0,0.0,0.0,0,13,0.0
pubmed_gcnii16,4,13,1,4,0,0.0,FIXED_IDS,10,0.0,0.0,0.0,0,13,0.0
pubmed_gcnii16,4,13,2,4,0,0.0,FIXED_IDS,10,0.0,0.0,0.0,0,13,0.0
pubmed_gcnii16,4,13,3,4,0,0.0,FIXED_IDS,10,0.0,0.0,0.0,0,13,0.0
pubmed_gcnii16,4,13,4,4,0,0.0,FIXED_IDS,10,0.0,0.0,0.0,0,13,0.0
pubmed_gcnii16,4,13,5,4,0,0.0,FIXED_IDS,10,0.0,0.0,0.0,0,13,0.0
pubmed_gcnii16,4,13,6,4,0,0.0,FIXED_IDS,10,0.0,0.0,0.0,0,13,0.0
pubmed_gcnii16,4,13,7,4,0,0.0,FIXED_IDS,10,0.0,0.0,0.0,0,13,0.0
pubmed_gcnii16,4,13,8,4,0,0.0,FIXED_IDS,10,0.0,0.0,0.0,0,13,0.0
pubmed_gcnii16,4,13,9,4,0,0.0,FIXED_IDS,10,0.0,0.0,0.0,0,13,0.0
pubmed_gcnii16,4,13,10,4,0,0.0,FIXED_IDS,10,0.0,0.0,0.0,0,13,0.0
pubmed_gcnii16,4,13,11,4,0,0.0,FIXED_IDS,10,0.0,0.0,0.0,0,13,0.0
pubmed_gcnii16,4,13,12,4,0,0.0,FIXED_IDS,10,0.0,0.0,0.0,0,13,0.0
pubmed_gcnii16,4,13,13,4,0,0.0,FIXED_IDS,10,0.0,0.0,0.0,0,13,0.0
pubmed_gcnii16,4,13,14,4,0,0.0,FIXED_IDS,10,0.0,0.0,0.0,0,13,0.0
pubmed_gcnii16,4,13,15,4,0,0.0,FIXED_IDS,10,0.0,0.0,0.0,0,13,0.0
pubmed_gcnii16,4,13,0,4,0,0.0,FIXED_IDS,10,0.0,0.0,0.0,0,13,0.0
pubmed_gcnii16,4,13,1,4,0,0.0,FIXED_IDS,10,0.0,0.0,0.0,0,13,0.0
pubmed_gcnii16,4,13,2,4,0,0.0,FIXED_IDS,10,0.0,0.0,0.0,0,13,0.0
pubmed_gcnii16,4,13,3,4,0,0.0,FIXED_IDS,10,0.0,0.0,0.0,0,13,0.0
pubmed_gcnii16,4,13,4,4,0,0.0,FIXED_IDS,10,0.0,0.0,0.0,0,13,0.0
pubmed_gcnii16,4,13,5,4,0,0.0,FIXED_IDS,10,0.0,0.0,0.0,0,13,0.0
pubmed_gcnii16,4,13,6,4,0,0.0,FIXED_IDS,10,0.0,0.0,0.0,0,13,0.0
pubmed_gcnii16,4,13,7,4,0,0.0,FIXED_IDS,10,0.0,0.0,0.0,0,13,0.0
pubmed_gcnii16,4,13,8,4,0,0.0,FIXED_IDS,10,0.0,0.0,0.0,0,13,0.0
pubmed_gcnii16,4,13,9,4,0,0.0,FIXED_IDS,10,0.0,0.0,0.0,0,13,0.0
pubmed_gcnii16,4,13,10,4,0,0.0,FIXED_IDS,10,0.0,0.0,0.0,0,13,0.0
pubmed_gcnii16,4,13,11,4,0,0.0,FIXED_IDS,10,0.0,0.0,0.0,0,13,0.0
pubmed_gcnii16,4,13,12,4,0,0.0,FIXED_IDS,10,0.0,0.0,0.0,0,13,0.0
pubmed_gcnii16,4,13,13,4,0,0.0,FIXED_IDS,10,0.0,0.0,0.0,0,13,0.0
pubmed_gcnii16,4,13,14,4,0,0.0,FIXED_IDS,10,0.0,0.0,0.0,0,13,0.0
pubmed_gcnii16,4,13,15,4,0,0.0,FIXED_IDS,10,0.0,0.0,0.0,0,13,0.0
pubmed_gcnii16,4,13,0,4,0,0.0,FIXED_IDS,10,0.0,0.0,0.0,0,13,0.0
pubmed_gcnii16,4,13,1,4,0,0.0,FIXED_IDS,10,0.0,0.0,0.0,0,13,0.0
pubmed_gcnii16,4,13,2,4,0,0.0,FIXED_IDS,10,0.0,0.0,0.0,0,13,0.0
pubmed_gcnii16,4,13,3,4,0,0.0,FIXED_IDS,10,0.0,0.0,0.0,0,13,0.0
pubmed_gcnii16,4,13,4,4,0,0.0,FIXED_IDS,10,0.0,0.0,0.0,0,13,0.0
pubmed_gcnii16,4,13,5,4,0,0.0,FIXED_IDS,10,0.0,0.0,0.0,0,13,0.0
pubmed_gcnii16,4,13,6,4,0,0.0,FIXED_IDS,10,0.0,0.0,0.0,0,13,0.0
pubmed_gcnii16,4,13,7,4,0,0.0,FIXED_IDS,10,0.0,0.0,0.0,0,13,0.0
pubmed_gcnii16,4,13,8,4,0,0.0,FIXED_IDS,10,0.0,0.0,0.0,0,13,0.0
pubmed_gcnii16,4,13,9,4,0,0.0,FIXED_IDS,10,0.0,0.0,0.0,0,13,0.0
pubmed_gcnii16,4,13,10,4,0,0.0,FIXED_IDS,10,0.0,0.0,0.0,0,13,0.0
pubmed_gcnii16,4,13,11,4,0,0.0,FIXED_IDS,10,0.0,0.0,0.0,0,13,0.0
pubmed_gcnii16,4,13,12,4,0,0.0,FIXED_IDS,10,0.0,0.0,0.0,0,13,0.0
pubmed_gcnii16,4,13,13,4,0,0.0,FIXED_IDS,10,0.0,0.0,0.0,0,13,0.0
pubmed_gcnii16,4,13,14,4,0,0.0,FIXED_IDS,10,0.0,0.0,0.0,0,13,0.0
pubmed_gcnii16,4,13,15,4,0,0.0,FIXED_IDS,10,0.0,0.0,0.0,0,13,0.0
pubmed_gcnii16,4,13,0,4,0,0.0,FIXED_IDS,10,0.0,0.0,0.0,0,13,0.0
pubmed_gcnii16,4,13,1,4,0,0.0,FIXED_IDS,10,0.0,0.0,0.0,0,13,0.0
pubmed_gcnii16,4,13,2,4,0,0.0,FIXED_IDS,10,0.0,0.0,0.0,0,13,0.0
pubmed_gcnii16,4,13,3,4,0,0.0,FIXED_IDS,10,0.0,0.0,0.0,0,13,0.0
pubmed_gcnii16,4,13,4,4,0,0.0,FIXED_IDS,10,0.0,0.0,0.0,0,13,0.0
pubmed_gcnii16,4,13,5,4,0,0.0,FIXED_IDS,10,0.0,0.0,0.0,0,13,0.0
pubmed_gcnii16,4,13,6,4,0,0.0,FIXED_IDS,10,0.0,0.0,0.0,0,13,0.0
pubmed_gcnii16,4,13,7,4,0,0.0,FIXED_IDS,10,0.0,0.0,0.0,0,13,0.0
pubmed_gcnii16,4,13,8,4,0,0.0,FIXED_IDS,10,0.0,0.0,0.0,0,13,0.0
pubmed_gcnii16,4,13,9,4,0,0.0,FIXED_IDS,10,0.0,0.0,0.0,0,13,0.0
pubmed_gcnii16,4,13,10,4,0,0.0,FIXED_IDS,10,0.0,0.0,0.0,0,13,0.0
pubmed_gcnii16,4,13,11,4,0,0.0,FIXED_IDS,10,0.0,0.0,0.0,0,13,0.0
pubmed_gcnii16,4,13,12,4,0,0.0,FIXED_IDS,10,0.0,0.0,0.0,0,13,0.0
pubmed_gcnii16,4,13,13,4,0,0.0,FIXED_IDS,10,0.0,0.0,0.0,0,13,0.0
pubmed_gcnii16,4,13,14,4,0,0.0,FIXED_IDS,10,0.0,0.0,0.0,0,13,0.0
pubmed_gcnii16,4,13,15,4,0,0.0,FIXED_IDS,10,0.0,0.0,0.0,0,13,0.0
pubmed_gcnii16,4,13,0,4,0,0.0,FIXED_IDS,10,0.0,0.0,0.0,0,13,0.0
pubmed_gcnii16,4,13,1,4,0,0.0,FIXED_IDS,10,0.0,0.0,0.0,0,13,0.0
pubmed_gcnii16,4,13,2,4,0,0.0,FIXED_IDS,10,0.0,0.0,0.0,0,13,0.0
pubmed_gcnii16,4,13,3,4,0,0.0,FIXED_IDS,10,0.0,0.0,0.0,0,13,0.0
pubmed_gcnii16,4,13,4,4,0,0.0,FIXED_IDS,10,0.0,0.0,0.0,0,13,0.0
pubmed_gcnii16,4,13,5,4,0,0.0,FIXED_IDS,10,0.0,0.0,0.0,0,13,0.0
pubmed_gcnii16,4,13,6,4,0,0.0,FIXED_IDS,10,0.0,0.0,0.0,0,13,0.0
pubmed_gcnii16,4,13,7,4,0,0.0,FIXED_IDS,10,0.0,0.0,0.0,0,13,0.0
pubmed_gcnii16,4,13,8,4,0,0.0,FIXED_IDS,10,0.0,0.0,0.0,0,13,0.0
pubmed_gcnii16,4,13,9,4,0,0.0,FIXED_IDS,10,0.0,0.0,0.0,0,13,0.0
pubmed_gcnii16,4,13,10,4,0,0.0,FIXED_IDS,10,0.0,0.0,0.0,0,13,0.0
pubmed_gcnii16,4,13,11,4,0,0.0,FIXED_IDS,10,0.0,0.0,0.0,0,13,0.0
pubmed_gcnii16,4,13,12,4,0,0.0,FIXED_IDS,10,0.0,0.0,0.0,0,13,0.0
pubmed_gcnii16,4,13,13,4,0,0.0,FIXED_IDS,10,0.0,0.0,0.0,0,13,0.0
pubmed_gcnii16,4,13,14,4,0,0.0,FIXED_IDS,10,0.0,0.0,0.0,0,13,0.0
pubmed_gcnii16,4,13,15,4,0,0.0,FIXED_IDS,10,0.0,0.0,0.0,0,13,0.0
pubmed_gcnii16,4,13,0,4,0,0.0,FIXED_IDS,10,0.0,0.0,0.0,0,13,0.0
pubmed_gcnii16,4,13,1,4,0,0.0,FIXED_IDS,10,0.0,0.0,0.0,0,13,0.0
pubmed_gcnii16,4,13,2,4,0,0.0,FIXED_IDS,10,0.0,0.0,0.0,0,13,0.0
pubmed_gcnii16,4,13,3,4,0,0.0,FIXED_IDS,10,0.0,0.0,0.0,0,13,0.0
pubmed_gcnii16,4,13,4,4,0,0.0,FIXED_IDS,10,0.0,0.0,0.0,0,13,0.0
pubmed_gcnii16,4,13,5,4,0,0.0,FIXED_IDS,10,0.0,0.0,0.0,0,13,0.0
pubmed_gcnii16,4,13,6,4,0,0.0,FIXED_IDS,10,0.0,0.0,0.0,0,13,0.0
pubmed_gcnii16,4,13,7,4,0,0.0,FIXED_IDS,10,0.0,0.0,0.0,0,13,0.0
pubmed_gcnii16,4,13,8,4,0,0.0,FIXED_IDS,10,0.0,0.0,0.0,0,13,0.0
pubmed_gcnii16,4,13,9,4,0,0.0,FIXED_IDS,10,0.0,0.0,0.0,0,13,0.0
pubmed_gcnii16,4,13,10,4,0,0.0,FIXED_IDS,10,0.0,0.0,0.0,0,13,0.0
pubmed_gcnii16,4,13,11,4,0,0.0,FIXED_IDS,10,0.0,0.0,0.0,0,13,0.0
pubmed_gcnii16,4,13,12,4,0,0.0,FIXED_IDS,10,0.0,0.0,0.0,0,13,0.0
pubmed_gcnii16,4,13,13,4,0,0.0,FIXED_IDS,10,0.0,0.0,0.0,0,13,0.0
pubmed_gcnii16,4,13,14,4,0,0.0,FIXED_IDS,10,0.0,0.0,0.0,0,13,0.0
pubmed_gcnii16,4,13,15,4,0,0.0,FIXED_IDS,10,0.0,0.0,0.0,0,13,0.0
pubmed_gcnii16,4,13,0,4,0,0.0,FIXED_IDS,10,0.0,0.0,0.0,0,13,0.0
pubmed_gcnii16,4,13,1,4,0,0.0,FIXED_IDS,10,0.0,0.0,0.0,0,13,0.0
pubmed_gcnii16,4,13,2,4,0,0.0,FIXED_IDS,10,0.0,0.0,0.0,0,13,0.0
pubmed_gcnii16,4,13,3,4,0,0.0,FIXED_IDS,10,0.0,0.0,0.0,0,13,0.0
pubmed_gcnii16,4,13,4,4,0,0.0,FIXED_IDS,10,0.0,0.0,0.0,0,13,0.0
pubmed_gcnii16,4,13,5,4,0,0.0,FIXED_IDS,10,0.0,0.0,0.0,0,13,0.0
pubmed_gcnii16,4,13,6,4,0,0.0,FIXED_IDS,10,0.0,0.0,0.0,0,13,0.0
pubmed_gcnii16,4,13,7,4,0,0.0,FIXED_IDS,10,0.0,0.0,0.0,0,13,0.0
pubmed_gcnii16,4,13,8,4,0,0.0,FIXED_IDS,10,0.0,0.0,0.0,0,13,0.0
pubmed_gcnii16,4,13,9,4,0,0.0,FIXED_IDS,10,0.0,0.0,0.0,0,13,0.0
pubmed_gcnii16,4,13,10,4,0,0.0,FIXED_IDS,10,0.0,0.0,0.0,0,13,0.0
pubmed_gcnii16,4,13,11,4,0,0.0,FIXED_IDS,10,0.0,0.0,0.0,0,13,0.0
pubmed_gcnii16,4,13,12,4,0,0.0,FIXED_IDS,10,0.0,0.0,0.0,0,13,0.0
pubmed_gcnii16,4,13,13,4,0,0.0,FIXED_IDS,10,0.0,0.0,0.0,0,13,0.0
pubmed_gcnii16,4,13,14,4,0,0.0,FIXED_IDS,10,0.0,0.0,0.0,0,13,0.0
pubmed_gcnii16,4,13,15,4,0,0.0,FIXED_IDS,10,0.0,0.0,0.0,0,13,0.0
pubmed_gcnii16,4,13,0,4,0,0.0,FIXED_IDS,10,0.0,0.0,0.0,0,13,0.0
pubmed_gcnii16,4,13,1,4,0,0.0,FIXED_IDS,10,0.0,0.0,0.0,0,13,0.0
pubmed_gcnii16,4,13,2,4,0,0.0,FIXED_IDS,10,0.0,0.0,0.0,0,13,0.0
pubmed_gcnii16,4,13,3,4,0,0.0,FIXED_IDS,10,0.0,0.0,0.0,0,13,0.0
pubmed_gcnii16,4,13,4,4,0,0.0,FIXED_IDS,10,0.0,0.0,0.0,0,13,0.0
pubmed_gcnii16,4,13,5,4,0,0.0,FIXED_IDS,10,0.0,0.0,0.0,0,13,0.0
pubmed_gcnii16,4,13,6,4,0,0.0,FIXED_IDS,10,0.0,0.0,0.0,0,13,0.0
pubmed_gcnii16,4,13,7,4,0,0.0,FIXED_IDS,10,0.0,0.0,0.0,0,13,0.0
pubmed_gcnii16,4,13,8,4,0,0.0,FIXED_IDS,10,0.0,0.0,0.0,0,13,0.0
pubmed_gcnii16,4,13,9,4,0,0.0,FIXED_IDS,10,0.0,0.0,0.0,0,13,0.0
pubmed_gcnii16,4,13,10,4,0,0.0,FIXED_IDS,10,0.0,0.0,0.0,0,13,0.0
pubmed_gcnii16,4,13,11,4,0,0.0,FIXED_IDS,10,0.0,0.0,0.0,0,13,0.0
pubmed_gcnii16,4,13,12,4,0,0.0,FIXED_IDS,10,0.0,0.0,0.0,0,13,0.0
pubmed_gcnii16,4,13,13,4,0,0.0,FIXED_IDS,10,0.0,0.0,0.0,0,13,0.0
pubmed_gcnii16,4,13,14,4,0,0.0,FIXED_IDS,10,0.0,0.0,0.0,0,13,0.0
pubmed_gcnii16,4,13,15,4,0,0.0,FIXED_IDS,10,0.0,0.0,0.0,0,13,0.0
pubmed_gcnii16,4,13,0,4,0,0.0,FIXED_IDS,10,0.0,0.0,0.0,0,13,0.0
pubmed_gcnii16,4,13,1,4,0,0.0,FIXED_IDS,10,0.0,0.0,0.0,0,13,0.0
pubmed_gcnii16,4,13,2,4,0,0.0,FIXED_IDS,10,0.0,0.0,0.0,0,13,0.0
pubmed_gcnii16,4,13,3,4,0,0.0,FIXED_IDS,10,0.0,0.0,0.0,0,13,0.0
pubmed_gcnii16,4,13,4,4,0,0.0,FIXED_IDS,10,0.0,0.0,0.0,0,13,0.0
pubmed_gcnii16,4,13,5,4,0,0.0,FIXED_IDS,10,0.0,0.0,0.0,0,13,0.0
pubmed_gcnii16,4,13,6,4,0,0.0,FIXED_IDS,10,0.0,0.0,0.0,0,13,0.0
pubmed_gcnii16,4,13,7,4,0,0.0,FIXED_IDS,10,0.0,0.0,0.0,0,13,0.0
pubmed_gcnii16,4,13,8,4,0,0.0,FIXED_IDS,10,0.0,0.0,0.0,0,13,0.0
pubmed_gcnii16,4,13,9,4,0,0.0,FIXED_IDS,10,0.0,0.0,0.0,0,13,0.0
pubmed_gcnii16,4,13,10,4,0,0.0,FIXED_IDS,10,0.0,0.0,0.0,0,13,0.0
pubmed_gcnii16,4,13,11,4,0,0.0,FIXED_IDS,10,0.0,0.0,0.0,0,13,0.0
pubmed_gcnii16,4,13,12,4,0,0.0,FIXED_IDS,10,0.0,0.0,0.0,0,13,0.0
pubmed_gcnii16,4,13,13,4,0,0.0,FIXED_IDS,10,0.0,0.0,0.0,0,13,0.0
pubmed_gcnii16,4,13,14,4,0,0.0,FIXED_IDS,10,0.0,0.0,0.0,0,13,0.0
pubmed_gcnii16,4,13,15,4,0,0.0,FIXED_IDS,10,0.0,0.0,0.0,0,13,0.0
pubmed_gcnii16,4,13,0,4,0,0.0,FIXED_IDS,10,0.0,0.0,0.0,0,13,0.0
pubmed_gcnii16,4,13,1,4,0,0.0,FIXED_IDS,10,0.0,0.0,0.0,0,13,0.0
pubmed_gcnii16,4,13,2,4,0,0.0,FIXED_IDS,10,0.0,0.0,0.0,0,13,0.0
pubmed_gcnii16,4,13,3,4,0,0.0,FIXED_IDS,10,0.0,0.0,0.0,0,13,0.0
pubmed_gcnii16,4,13,4,4,0,0.0,FIXED_IDS,10,0.0,0.0,0.0,0,13,0.0
pubmed_gcnii16,4,13,5,4,0,0.0,FIXED_IDS,10,0.0,0.0,0.0,0,13,0.0
pubmed_gcnii16,4,13,6,4,0,0.0,FIXED_IDS,10,0.0,0.0,0.0,0,13,0.0
pubmed_gcnii16,4,13,7,4,0,0.0,FIXED_IDS,10,0.0,0.0,0.0,0,13,0.0
pubmed_gcnii16,4,13,8,4,0,0.0,FIXED_IDS,10,0.0,0.0,0.0,0,13,0.0
pubmed_gcnii16,4,13,9,4,0,0.0,FIXED_IDS,10,0.0,0.0,0.0,0,13,0.0
pubmed_gcnii16,4,13,10,4,0,0.0,FIXED_IDS,10,0.0,0.0,0.0,0,13,0.0
pubmed_gcnii16,4,13,11,4,0,0.0,FIXED_IDS,10,0.0,0.0,0.0,0,13,0.0
pubmed_gcnii16,4,13,12,4,0,0.0,FIXED_IDS,10,0.0,0.0,0.0,0,13,0.0
pubmed_gcnii16,4,13,13,4,0,0.0,FIXED_IDS,10,0.0,0.0,0.0,0,13,0.0
pubmed_gcnii16,4,13,14,4,0,0.0,FIXED_IDS,10,0.0,0.0,0.0,0,13,0.0
pubmed_gcnii16,4,13,15,4,0,0.0,FIXED_IDS,10,0.0,0.0,0.0,0,13,0.0
pubmed_gcnii16,4,13,0,4,0,0.0,FIXED_IDS,10,0.0,0.0,0.0,0,13,0.0
pubmed_gcnii16,4,13,1,4,0,0.0,FIXED_IDS,10,0.0,0.0,0.0,0,13,0.0
pubmed_gcnii16,4,13,2,4,0,0.0,FIXED_IDS,10,0.0,0.0,0.0,0,13,0.0
pubmed_gcnii16,4,13,3,4,0,0.0,FIXED_IDS,10,0.0,0.0,0.0,0,13,0.0
pubmed_gcnii16,4,13,4,4,0,0.0,FIXED_IDS,10,0.0,0.0,0.0,0,13,0.0
pubmed_gcnii16,4,13,5,4,0,0.0,FIXED_IDS,10,0.0,0.0,0.0,0,13,0.0
pubmed_gcnii16,4,13,6,4,0,0.0,FIXED_IDS,10,0.0,0.0,0.0,0,13,0.0
pubmed_gcnii16,4,13,7,4,0,0.0,FIXED_IDS,10,0.0,0.0,0.0,0,13,0.0
pubmed_gcnii16,4,13,8,4,0,0.0,FIXED_IDS,10,0.0,0.0,0.0,0,13,0.0
pubmed_gcnii16,4,13,9,4,0,0.0,FIXED_IDS,10,0.0,0.0,0.0,0,13,0.0
pubmed_gcnii16,4,13,10,4,0,0.0,FIXED_IDS,10,0.0,0.0,0.0,0,13,0.0
pubmed_gcnii16,4,13,11,4,0,0.0,FIXED_IDS,10,0.0,0.0,0.0,0,13,0.0
pubmed_gcnii16,4,13,12,4,0,0.0,FIXED_IDS,10,0.0,0.0,0.0,0,13,0.0
pubmed_gcnii16,4,13,13,4,0,0.0,FIXED_IDS,10,0.0,0.0,0.0,0,13,0.0
pubmed_gcnii16,4,13,14,4,0,0.0,FIXED_IDS,10,0.0,0.0,0.0,0,13,0.0
pubmed_gcnii16,4,13,15,4,0,0.0,FIXED_IDS,10,0.0,0.0,0.0,0,13,0.0
pubmed_gcnii16,4,13,0,4,0,0.0,FIXED_IDS,10,0.0,0.0,0.0,0,13,0.0
pubmed_gcnii16,4,13,1,4,0,0.0,FIXED_IDS,10,0.0,0.0,0.0,0,13,0.0
pubmed_gcnii16,4,13,2,4,0,0.0,FIXED_IDS,10,0.0,0.0,0.0,0,13,0.0
pubmed_gcnii16,4,13,3,4,0,0.0,FIXED_IDS,10,0.0,0.0,0.0,0,13,0.0
pubmed_gcnii16,4,13,4,4,0,0.0,FIXED_IDS,10,0.0,0.0,0.0,0,13,0.0
pubmed_gcnii16,4,13,5,4,0,0.0,FIXED_IDS,10,0.0,0.0,0.0,0,13,0.0
pubmed_gcnii16,4,13,6,4,0,0.0,FIXED_IDS,10,0.0,0.0,0.0,0,13,0.0
pubmed_gcnii16,4,13,7,4,0,0.0,FIXED_IDS,10,0.0,0.0,0.0,0,13,0.0
pubmed_gcnii16,4,13,8,4,0,0.0,FIXED_IDS,10,0.0,0.0,0.0,0,13,0.0
pubmed_gcnii16,4,13,9,4,0,0.0,FIXED_IDS,10,0.0,0.0,0.0,0,13,0.0
pubmed_gcnii16,4,13,10,4,0,0.0,FIXED_IDS,10,0.0,0.0,0.0,0,13,0.0
pubmed_gcnii16,4,13,11,4,0,0.0,FIXED_IDS,10,0.0,0.0,0.0,0,13,0.0
pubmed_gcnii16,4,13,12,4,0,0.0,FIXED_IDS,10,0.0,0.0,0.0,0,13,0.0
pubmed_gcnii16,4,13,13,4,0,0.0,FIXED_IDS,10,0.0,0.0,0.0,0,13,0.0
pubmed_gcnii16,4,13,14,4,0,0.0,FIXED_IDS,10,0.0,0.0,0.0,0,13,0.0
pubmed_gcnii16,4,13,15,4,0,0.0,FIXED_IDS,10,0.0,0.0,0.0,0,13,0.0
pubmed_gcnii16,4,13,0,4,0,0.0,FIXED_IDS,10,0.0,0.0,0.0,0,13,0.0
pubmed_gcnii16,4,13,1,4,0,0.0,FIXED_IDS,10,0.0,0.0,0.0,0,13,0.0
pubmed_gcnii16,4,13,2,4,0,0.0,FIXED_IDS,10,0.0,0.0,0.0,0,13,0.0
pubmed_gcnii16,4,13,3,4,0,0.0,FIXED_IDS,10,0.0,0.0,0.0,0,13,0.0
pubmed_gcnii16,4,13,4,4,0,0.0,FIXED_IDS,10,0.0,0.0,0.0,0,13,0.0
pubmed_gcnii16,4,13,5,4,0,0.0,FIXED_IDS,10,0.0,0.0,0.0,0,13,0.0
pubmed_gcnii16,4,13,6,4,0,0.0,FIXED_IDS,10,0.0,0.0,0.0,0,13,0.0
pubmed_gcnii16,4,13,7,4,0,0.0,FIXED_IDS,10,0.0,0.0,0.0,0,13,0.0
pubmed_gcnii16,4,13,8,4,0,0.0,FIXED_IDS,10,0.0,0.0,0.0,0,13,0.0
pubmed_gcnii16,4,13,9,4,0,0.0,FIXED_IDS,10,0.0,0.0,0.0,0,13,0.0
pubmed_gcnii16,4,13,10,4,0,0.0,FIXED_IDS,10,0.0,0.0,0.0,0,13,0.0
pubmed_gcnii16,4,13,11,4,0,0.0,FIXED_IDS,10,0.0,0.0,0.0,0,13,0.0
pubmed_gcnii16,4,13,12,4,0,0.0,FIXED_IDS,10,0.0,0.0,0.0,0,13,0.0
pubmed_gcnii16,4,13,13,4,0,0.0,FIXED_IDS,10,0.0,0.0,0.0,0,13,0.0
pubmed_gcnii16,4,13,14,4,0,0.0,FIXED_IDS,10,0.0,0.0,0.0,0,13,0.0
pubmed_gcnii16,4,13,15,4,0,0.0,FIXED_IDS,10,0.0,0.0,0.0,0,13,0.0
pubmed_gcnii16,4,13,0,4,0,0.0,FIXED_IDS,10,0.0,0.0,0.0,0,13,0.0
pubmed_gcnii16,4,13,1,4,0,0.0,FIXED_IDS,10,0.0,0.0,0.0,0,13,0.0
pubmed_gcnii16,4,13,2,4,0,0.0,FIXED_IDS,10,0.0,0.0,0.0,0,13,0.0
pubmed_gcnii16,4,13,3,4,0,0.0,FIXED_IDS,10,0.0,0.0,0.0,0,13,0.0
pubmed_gcnii16,4,13,4,4,0,0.0,FIXED_IDS,10,0.0,0.0,0.0,0,13,0.0
pubmed_gcnii16,4,13,5,4,0,0.0,FIXED_IDS,10,0.0,0.0,0.0,0,13,0.0
pubmed_gcnii16,4,13,6,4,0,0.0,FIXED_IDS,10,0.0,0.0,0.0,0,13,0.0
pubmed_gcnii16,4,13,7,4,0,0.0,FIXED_IDS,10,0.0,0.0,0.0,0,13,0.0
pubmed_gcnii16,4,13,8,4,0,0.0,FIXED_IDS,10,0.0,0.0,0.0,0,13,0.0
pubmed_gcnii16,4,13,9,4,0,0.0,FIXED_IDS,10,0.0,0.0,0.0,0,13,0.0
pubmed_gcnii16,4,13,10,4,0,0.0,FIXED_IDS,10,0.0,0.0,0.0,0,13,0.0
pubmed_gcnii16,4,13,11,4,0,0.0,FIXED_IDS,10,0.0,0.0,0.0,0,13,0.0
pubmed_gcnii16,4,13,12,4,0,0.0,FIXED_IDS,10,0.0,0.0,0.0,0,13,0.0
pubmed_gcnii16,4,13,13,4,0,0.0,FIXED_IDS,10,0.0,0.0,0.0,0,13,0.0
pubmed_gcnii16,4,13,14,4,0,0.0,FIXED_IDS,10,0.0,0.0,0.0,0,13,0.0
pubmed_gcnii16,4,13,15,4,0,0.0,FIXED_IDS,10,0.0,0.0,0.0,0,13,0.0
pubmed_gcnii16,4,13,0,4,0,0.0,FIXED_IDS,10,0.0,0.0,0.0,0,13,0.0
pubmed_gcnii16,4,13,1,4,0,0.0,FIXED_IDS,10,0.0,0.0,0.0,0,13,0.0
pubmed_gcnii16,4,13,2,4,0,0.0,FIXED_IDS,10,0.0,0.0,0.0,0,13,0.0
pubmed_gcnii16,4,13,3,4,0,0.0,FIXED_IDS,10,0.0,0.0,0.0,0,13,0.0
pubmed_gcnii16,4,13,4,4,0,0.0,FIXED_IDS,10,0.0,0.0,0.0,0,13,0.0
pubmed_gcnii16,4,13,5,4,0,0.0,FIXED_IDS,10,0.0,0.0,0.0,0,13,0.0
pubmed_gcnii16,4,13,6,4,0,0.0,FIXED_IDS,10,0.0,0.0,0.0,0,13,0.0
pubmed_gcnii16,4,13,7,4,0,0.0,FIXED_IDS,10,0.0,0.0,0.0,0,13,0.0
pubmed_gcnii16,4,13,8,4,0,0.0,FIXED_IDS,10,0.0,0.0,0.0,0,13,0.0
pubmed_gcnii16,4,13,9,4,0,0.0,FIXED_IDS,10,0.0,0.0,0.0,0,13,0.0
pubmed_gcnii16,4,13,10,4,0,0.0,FIXED_IDS,10,0.0,0.0,0.0,0,13,0.0
pubmed_gcnii16,4,13,11,4,0,0.0,FIXED_IDS,10,0.0,0.0,0.0,0,13,0.0
pubmed_gcnii16,4,13,12,4,0,0.0,FIXED_IDS,10,0.0,0.0,0.0,0,13,0.0
pubmed_gcnii16,4,13,13,4,0,0.0,FIXED_IDS,10,0.0,0.0,0.0,0,13,0.0
pubmed_gcnii16,4,13,14,4,0,0.0,FIXED_IDS,10,0.0,0.0,0.0,0,13,0.0
pubmed_gcnii16,4,13,15,4,0,0.0,FIXED_IDS,10,0.0,0.0,0.0,0,13,0.0
pubmed_gcnii16,4,13,0,4,0,0.0,FIXED_IDS,10,0.0,0.0,0.0,0,13,0.0
pubmed_gcnii16,4,13,1,4,0,0.0,FIXED_IDS,10,0.0,0.0,0.0,0,13,0.0
pubmed_gcnii16,4,13,2,4,0,0.0,FIXED_IDS,10,0.0,0.0,0.0,0,13,0.0
pubmed_gcnii16,4,13,3,4,0,0.0,FIXED_IDS,10,0.0,0.0,0.0,0,13,0.0
pubmed_gcnii16,4,13,4,4,0,0.0,FIXED_IDS,10,0.0,0.0,0.0,0,13,0.0
pubmed_gcnii16,4,13,5,4,0,0.0,FIXED_IDS,10,0.0,0.0,0.0,0,13,0.0
pubmed_gcnii16,4,13,6,4,0,0.0,FIXED_IDS,10,0.0,0.0,0.0,0,13,0.0
pubmed_gcnii16,4,13,7,4,0,0.0,FIXED_IDS,10,0.0,0.0,0.0,0,13,0.0
pubmed_gcnii16,4,13,8,4,0,0.0,FIXED_IDS,10,0.0,0.0,0.0,0,13,0.0
pubmed_gcnii16,4,13,9,4,0,0.0,FIXED_IDS,10,0.0,0.0,0.0,0,13,0.0
pubmed_gcnii16,4,13,10,4,0,0.0,FIXED_IDS,10,0.0,0.0,0.0,0,13,0.0
pubmed_gcnii16,4,13,11,4,0,0.0,FIXED_IDS,10,0.0,0.0,0.0,0,13,0.0
pubmed_gcnii16,4,13,12,4,0,0.0,FIXED_IDS,10,0.0,0.0,0.0,0,13,0.0
pubmed_gcnii16,4,13,13,4,0,0.0,FIXED_IDS,10,0.0,0.0,0.0,0,13,0.0
pubmed_gcnii16,4,13,14,4,0,0.0,FIXED_IDS,10,0.0,0.0,0.0,0,13,0.0
pubmed_gcnii16,4,13,15,4,0,0.0,FIXED_IDS,10,0.0,0.0,0.0,0,13,0.0
pubmed_gcnii16,4,13,0,4,0,0.0,FIXED_IDS,10,0.0,0.0,0.0,0,13,0.0
pubmed_gcnii16,4,13,1,4,0,0.0,FIXED_IDS,10,0.0,0.0,0.0,0,13,0.0
pubmed_gcnii16,4,13,2,4,0,0.0,FIXED_IDS,10,0.0,0.0,0.0,0,13,0.0
pubmed_gcnii16,4,13,3,4,0,0.0,FIXED_IDS,10,0.0,0.0,0.0,0,13,0.0
pubmed_gcnii16,4,13,4,4,0,0.0,FIXED_IDS,10,0.0,0.0,0.0,0,13,0.0
pubmed_gcnii16,4,13,5,4,0,0.0,FIXED_IDS,10,0.0,0.0,0.0,0,13,0.0
pubmed_gcnii16,4,13,6,4,0,0.0,FIXED_IDS,10,0.0,0.0,0.0,0,13,0.0
pubmed_gcnii16,4,13,7,4,0,0.0,FIXED_IDS,10,0.0,0.0,0.0,0,13,0.0
pubmed_gcnii16,4,13,8,4,0,0.0,FIXED_IDS,10,0.0,0.0,0.0,0,13,0.0
pubmed_gcnii16,4,13,9,4,0,0.0,FIXED_IDS,10,0.0,0.0,0.0,0,13,0.0
pubmed_gcnii16,4,13,10,4,0,0.0,FIXED_IDS,10,0.0,0.0,0.0,0,13,0.0
pubmed_gcnii16,4,13,11,4,0,0.0,FIXED_IDS,10,0.0,0.0,0.0,0,13,0.0
pubmed_gcnii16,4,13,12,4,0,0.0,FIXED_IDS,10,0.0,0.0,0.0,0,13,0.0
pubmed_gcnii16,4,13,13,4,0,0.0,FIXED_IDS,10,0.0,0.0,0.0,0,13,0.0
pubmed_gcnii16,4,13,14,4,0,0.0,FIXED_IDS,10,0.0,0.0,0.0,0,13,0.0
pubmed_gcnii16,4,13,15,4,0,0.0,FIXED_IDS,10,0.0,0.0,0.0,0,13,0.0
pubmed_gcnii16,4,13,0,4,0,0.0,FIXED_IDS,10,0.0,0.0,0.0,0,13,0.0
pubmed_gcnii16,4,13,1,4,0,0.0,FIXED_IDS,10,0.0,0.0,0.0,0,13,0.0
pubmed_gcnii16,4,13,2,4,0,0.0,FIXED_IDS,10,0.0,0.0,0.0,0,13,0.0
pubmed_gcnii16,4,13,3,4,0,0.0,FIXED_IDS,10,0.0,0.0,0.0,0,13,0.0
pubmed_gcnii16,4,13,4,4,0,0.0,FIXED_IDS,10,0.0,0.0,0.0,0,13,0.0
pubmed_gcnii16,4,13,5,4,0,0.0,FIXED_IDS,10,0.0,0.0,0.0,0,13,0.0
pubmed_gcnii16,4,13,6,4,0,0.0,FIXED_IDS,10,0.0,0.0,0.0,0,13,0.0
pubmed_gcnii16,4,13,7,4,0,0.0,FIXED_IDS,10,0.0,0.0,0.0,0,13,0.0
pubmed_gcnii16,4,13,8,4,0,0.0,FIXED_IDS,10,0.0,0.0,0.0,0,13,0.0
pubmed_gcnii16,4,13,9,4,0,0.0,FIXED_IDS,10,0.0,0.0,0.0,0,13,0.0
pubmed_gcnii16,4,13,10,4,0,0.0,FIXED_IDS,10,0.0,0.0,0.0,0,13,0.0
pubmed_gcnii16,4,13,11,4,0,0.0,FIXED_IDS,10,0.0,0.0,0.0,0,13,0.0
pubmed_gcnii16,4,13,12,4,0,0.0,FIXED_IDS,10,0.0,0.0,0.0,0,13,0.0
pubmed_gcnii16,4,13,13,4,0,0.0,FIXED_IDS,10,0.0,0.0,0.0,0,13,0.0
pubmed_gcnii16,4,13,14,4,0,0.0,FIXED_IDS,10,0.0,0.0,0.0,0,13,0.0
pubmed_gcnii16,4,13,15,4,0,0.0,FIXED_IDS,10,0.0,0.0,0.0,0,13,0.0
pubmed_gcnii16,4,13,0,4,0,0.0,FIXED_IDS,10,0.0,0.0,0.0,0,13,0.0
pubmed_gcnii16,4,13,1,4,0,0.0,FIXED_IDS,10,0.0,0.0,0.0,0,13,0.0
pubmed_gcnii16,4,13,2,4,0,0.0,FIXED_IDS,10,0.0,0.0,0.0,0,13,0.0
pubmed_gcnii16,4,13,3,4,0,0.0,FIXED_IDS,10,0.0,0.0,0.0,0,13,0.0
pubmed_gcnii16,4,13,4,4,0,0.0,FIXED_IDS,10,0.0,0.0,0.0,0,13,0.0
pubmed_gcnii16,4,13,5,4,0,0.0,FIXED_IDS,10,0.0,0.0,0.0,0,13,0.0
pubmed_gcnii16,4,13,6,4,0,0.0,FIXED_IDS,10,0.0,0.0,0.0,0,13,0.0
pubmed_gcnii16,4,13,7,4,0,0.0,FIXED_IDS,10,0.0,0.0,0.0,0,13,0.0
pubmed_gcnii16,4,13,8,4,0,0.0,FIXED_IDS,10,0.0,0.0,0.0,0,13,0.0
pubmed_gcnii16,4,13,9,4,0,0.0,FIXED_IDS,10,0.0,0.0,0.0,0,13,0.0
pubmed_gcnii16,4,13,10,4,0,0.0,FIXED_IDS,10,0.0,0.0,0.0,0,13,0.0
pubmed_gcnii16,4,13,11,4,0,0.0,FIXED_IDS,10,0.0,0.0,0.0,0,13,0.0
pubmed_gcnii16,4,13,12,4,0,0.0,FIXED_IDS,10,0.0,0.0,0.0,0,13,0.0
pubmed_gcnii16,4,13,13,4,0,0.0,FIXED_IDS,10,0.0,0.0,0.0,0,13,0.0
pubmed_gcnii16,4,13,14,4,0,0.0,FIXED_IDS,10,0.0,0.0,0.0,0,13,0.0
pubmed_gcnii16,4,13,15,4,0,0.0,FIXED_IDS,10,0.0,0.0,0.0,0,13,0.0
pubmed_gcnii16,4,13,0,4,0,0.0,FIXED_IDS,10,0.0,0.0,0.0,0,13,0.0
pubmed_gcnii16,4,13,1,4,0,0.0,FIXED_IDS,10,0.0,0.0,0.0,0,13,0.0
pubmed_gcnii16,4,13,2,4,0,0.0,FIXED_IDS,10,0.0,0.0,0.0,0,13,0.0
pubmed_gcnii16,4,13,3,4,0,0.0,FIXED_IDS,10,0.0,0.0,0.0,0,13,0.0
pubmed_gcnii16,4,13,4,4,0,0.0,FIXED_IDS,10,0.0,0.0,0.0,0,13,0.0
pubmed_gcnii16,4,13,5,4,0,0.0,FIXED_IDS,10,0.0,0.0,0.0,0,13,0.0
pubmed_gcnii16,4,13,6,4,0,0.0,FIXED_IDS,10,0.0,0.0,0.0,0,13,0.0
pubmed_gcnii16,4,13,7,4,0,0.0,FIXED_IDS,10,0.0,0.0,0.0,0,13,0.0
pubmed_gcnii16,4,13,8,4,0,0.0,FIXED_IDS,10,0.0,0.0,0.0,0,13,0.0
pubmed_gcnii16,4,13,9,4,0,0.0,FIXED_IDS,10,0.0,0.0,0.0,0,13,0.0
pubmed_gcnii16,4,13,10,4,0,0.0,FIXED_IDS,10,0.0,0.0,0.0,0,13,0.0
pubmed_gcnii16,4,13,11,4,0,0.0,FIXED_IDS,10,0.0,0.0,0.0,0,13,0.0
pubmed_gcnii16,4,13,12,4,0,0.0,FIXED_IDS,10,0.0,0.0,0.0,0,13,0.0
pubmed_gcnii16,4,13,13,4,0,0.0,FIXED_IDS,10,0.0,0.0,0.0,0,13,0.0
pubmed_gcnii16,4,13,14,4,0,0.0,FIXED_IDS,10,0.0,0.0,0.0,0,13,0.0
pubmed_gcnii16,4,13,15,4,0,0.0,FIXED_IDS,10,0.0,0.0,0.0,0,13,0.0
pubmed_gcnii16,4,13,0,4,0,0.0,FIXED_IDS,10,0.0,0.0,0.0,0,13,0.0
pubmed_gcnii16,4,13,1,4,0,0.0,FIXED_IDS,10,0.0,0.0,0.0,0,13,0.0
pubmed_gcnii16,4,13,2,4,0,0.0,FIXED_IDS,10,0.0,0.0,0.0,0,13,0.0
pubmed_gcnii16,4,13,3,4,0,0.0,FIXED_IDS,10,0.0,0.0,0.0,0,13,0.0
pubmed_gcnii16,4,13,4,4,0,0.0,FIXED_IDS,10,0.0,0.0,0.0,0,13,0.0
pubmed_gcnii16,4,13,5,4,0,0.0,FIXED_IDS,10,0.0,0.0,0.0,0,13,0.0
pubmed_gcnii16,4,13,6,4,0,0.0,FIXED_IDS,10,0.0,0.0,0.0,0,13,0.0
pubmed_gcnii16,4,13,7,4,0,0.0,FIXED_IDS,10,0.0,0.0,0.0,0,13,0.0
pubmed_gcnii16,4,13,8,4,0,0.0,FIXED_IDS,10,0.0,0.0,0.0,0,13,0.0
pubmed_gcnii16,4,13,9,4,0,0.0,FIXED_IDS,10,0.0,0.0,0.0,0,13,0.0
pubmed_gcnii16,4,13,10,4,0,0.0,FIXED_IDS,10,0.0,0.0,0.0,0,13,0.0
pubmed_gcnii16,4,13,11,4,0,0.0,FIXED_IDS,10,0.0,0.0,0.0,0,13,0.0
pubmed_gcnii16,4,13,12,4,0,0.0,FIXED_IDS,10,0.0,0.0,0.0,0,13,0.0
pubmed_gcnii16,4,13,13,4,0,0.0,FIXED_IDS,10,0.0,0.0,0.0,0,13,0.0
pubmed_gcnii16,4,13,14,4,0,0.0,FIXED_IDS,10,0.0,0.0,0.0,0,13,0.0
pubmed_gcnii16,4,13,15,4,0,0.0,FIXED_IDS,10,0.0,0.0,0.0,0,13,0.0
pubmed_gcnii16,4,13,0,4,0,0.0,FIXED_IDS,10,0.0,0.0,0.0,0,13,0.0
pubmed_gcnii16,4,13,1,4,0,0.0,FIXED_IDS,10,0.0,0.0,0.0,0,13,0.0
pubmed_gcnii16,4,13,2,4,0,0.0,FIXED_IDS,10,0.0,0.0,0.0,0,13,0.0
pubmed_gcnii16,4,13,3,4,0,0.0,FIXED_IDS,10,0.0,0.0,0.0,0,13,0.0
pubmed_gcnii16,4,13,4,4,0,0.0,FIXED_IDS,10,0.0,0.0,0.0,0,13,0.0
pubmed_gcnii16,4,13,5,4,0,0.0,FIXED_IDS,10,0.0,0.0,0.0,0,13,0.0
pubmed_gcnii16,4,13,6,4,0,0.0,FIXED_IDS,10,0.0,0.0,0.0,0,13,0.0
pubmed_gcnii16,4,13,7,4,0,0.0,FIXED_IDS,10,0.0,0.0,0.0,0,13,0.0
pubmed_gcnii16,4,13,8,4,0,0.0,FIXED_IDS,10,0.0,0.0,0.0,0,13,0.0
pubmed_gcnii16,4,13,9,4,0,0.0,FIXED_IDS,10,0.0,0.0,0.0,0,13,0.0
pubmed_gcnii16,4,13,10,4,0,0.0,FIXED_IDS,10,0.0,0.0,0.0,0,13,0.0
pubmed_gcnii16,4,13,11,4,0,0.0,FIXED_IDS,10,0.0,0.0,0.0,0,13,0.0
pubmed_gcnii16,4,13,12,4,0,0.0,FIXED_IDS,10,0.0,0.0,0.0,0,13,0.0
pubmed_gcnii16,4,13,13,4,0,0.0,FIXED_IDS,10,0.0,0.0,0.0,0,13,0.0
pubmed_gcnii16,4,13,14,4,0,0.0,FIXED_IDS,10,0.0,0.0,0.0,0,13,0.0
pubmed_gcnii16,4,13,15,4,0,0.0,FIXED_IDS,10,0.0,0.0,0.0,0,13,0.0
pubmed_gcnii16,4,13,0,4,0,0.0,FIXED_IDS,10,0.0,0.0,0.0,0,13,0.0
pubmed_gcnii16,4,13,1,4,0,0.0,FIXED_IDS,10,0.0,0.0,0.0,0,13,0.0
pubmed_gcnii16,4,13,2,4,0,0.0,FIXED_IDS,10,0.0,0.0,0.0,0,13,0.0
pubmed_gcnii16,4,13,3,4,0,0.0,FIXED_IDS,10,0.0,0.0,0.0,0,13,0.0
pubmed_gcnii16,4,13,4,4,0,0.0,FIXED_IDS,10,0.0,0.0,0.0,0,13,0.0
pubmed_gcnii16,4,13,5,4,0,0.0,FIXED_IDS,10,0.0,0.0,0.0,0,13,0.0
pubmed_gcnii16,4,13,6,4,0,0.0,FIXED_IDS,10,0.0,0.0,0.0,0,13,0.0
pubmed_gcnii16,4,13,7,4,0,0.0,FIXED_IDS,10,0.0,0.0,0.0,0,13,0.0
pubmed_gcnii16,4,13,8,4,0,0.0,FIXED_IDS,10,0.0,0.0,0.0,0,13,0.0
pubmed_gcnii16,4,13,9,4,0,0.0,FIXED_IDS,10,0.0,0.0,0.0,0,13,0.0
pubmed_gcnii16,4,13,10,4,0,0.0,FIXED_IDS,10,0.0,0.0,0.0,0,13,0.0
pubmed_gcnii16,4,13,11,4,0,0.0,FIXED_IDS,10,0.0,0.0,0.0,0,13,0.0
pubmed_gcnii16,4,13,12,4,0,0.0,FIXED_IDS,10,0.0,0.0,0.0,0,13,0.0
pubmed_gcnii16,4,13,13,4,0,0.0,FIXED_IDS,10,0.0,0.0,0.0,0,13,0.0
pubmed_gcnii16,4,13,14,4,0,0.0,FIXED_IDS,10,0.0,0.0,0.0,0,13,0.0
pubmed_gcnii16,4,13,15,4,0,0.0,FIXED_IDS,10,0.0,0.0,0.0,0,13,0.0
pubmed_gcnii16,4,13,0,4,0,0.0,FIXED_IDS,10,0.0,0.0,0.0,0,13,0.0
pubmed_gcnii16,4,13,1,4,0,0.0,FIXED_IDS,10,0.0,0.0,0.0,0,13,0.0
pubmed_gcnii16,4,13,2,4,0,0.0,FIXED_IDS,10,0.0,0.0,0.0,0,13,0.0
pubmed_gcnii16,4,13,3,4,0,0.0,FIXED_IDS,10,0.0,0.0,0.0,0,13,0.0
pubmed_gcnii16,4,13,4,4,0,0.0,FIXED_IDS,10,0.0,0.0,0.0,0,13,0.0
pubmed_gcnii16,4,13,5,4,0,0.0,FIXED_IDS,10,0.0,0.0,0.0,0,13,0.0
pubmed_gcnii16,4,13,6,4,0,0.0,FIXED_IDS,10,0.0,0.0,0.0,0,13,0.0
pubmed_gcnii16,4,13,7,4,0,0.0,FIXED_IDS,10,0.0,0.0,0.0,0,13,0.0
pubmed_gcnii16,4,13,8,4,0,0.0,FIXED_IDS,10,0.0,0.0,0.0,0,13,0.0
pubmed_gcnii16,4,13,9,4,0,0.0,FIXED_IDS,10,0.0,0.0,0.0,0,13,0.0
pubmed_gcnii16,4,13,10,4,0,0.0,FIXED_IDS,10,0.0,0.0,0.0,0,13,0.0
pubmed_gcnii16,4,13,11,4,0,0.0,FIXED_IDS,10,0.0,0.0,0.0,0,13,0.0
pubmed_gcnii16,4,13,12,4,0,0.0,FIXED_IDS,10,0.0,0.0,0.0,0,13,0.0
pubmed_gcnii16,4,13,13,4,0,0.0,FIXED_IDS,10,0.0,0.0,0.0,0,13,0.0
pubmed_gcnii16,4,13,14,4,0,0.0,FIXED_IDS,10,0.0,0.0,0.0,0,13,0.0
pubmed_gcnii16,4,13,15,4,0,0.0,FIXED_IDS,10,0.0,0.0,0.0,0,13,0.0
pubmed_gcnii16,4,13,0,4,0,0.0,FIXED_IDS,10,0.0,0.0,0.0,0,13,0.0
pubmed_gcnii16,4,13,1,4,0,0.0,FIXED_IDS,10,0.0,0.0,0.0,0,13,0.0
pubmed_gcnii16,4,13,2,4,0,0.0,FIXED_IDS,10,0.0,0.0,0.0,0,13,0.0
pubmed_gcnii16,4,13,3,4,0,0.0,FIXED_IDS,10,0.0,0.0,0.0,0,13,0.0
pubmed_gcnii16,4,13,4,4,0,0.0,FIXED_IDS,10,0.0,0.0,0.0,0,13,0.0
pubmed_gcnii16,4,13,5,4,0,0.0,FIXED_IDS,10,0.0,0.0,0.0,0,13,0.0
pubmed_gcnii16,4,13,6,4,0,0.0,FIXED_IDS,10,0.0,0.0,0.0,0,13,0.0
pubmed_gcnii16,4,13,7,4,0,0.0,FIXED_IDS,10,0.0,0.0,0.0,0,13,0.0
pubmed_gcnii16,4,13,8,4,0,0.0,FIXED_IDS,10,0.0,0.0,0.0,0,13,0.0
pubmed_gcnii16,4,13,9,4,0,0.0,FIXED_IDS,10,0.0,0.0,0.0,0,13,0.0
pubmed_gcnii16,4,13,10,4,0,0.0,FIXED_IDS,10,0.0,0.0,0.0,0,13,0.0
pubmed_gcnii16,4,13,11,4,0,0.0,FIXED_IDS,10,0.0,0.0,0.0,0,13,0.0
pubmed_gcnii16,4,13,12,4,0,0.0,FIXED_IDS,10,0.0,0.0,0.0,0,13,0.0
pubmed_gcnii16,4,13,13,4,0,0.0,FIXED_IDS,10,0.0,0.0,0.0,0,13,0.0
pubmed_gcnii16,4,13,14,4,0,0.0,FIXED_IDS,10,0.0,0.0,0.0,0,13,0.0
pubmed_gcnii16,4,13,15,4,0,0.0,FIXED_IDS,10,0.0,0.0,0.0,0,13,0.0
pubmed_gcnii16,4,13,0,4,0,0.0,FIXED_IDS,10,0.0,0.0,0.0,0,13,0.0
pubmed_gcnii16,4,13,1,4,0,0.0,FIXED_IDS,10,0.0,0.0,0.0,0,13,0.0
pubmed_gcnii16,4,13,2,4,0,0.0,FIXED_IDS,10,0.0,0.0,0.0,0,13,0.0
pubmed_gcnii16,4,13,3,4,0,0.0,FIXED_IDS,10,0.0,0.0,0.0,0,13,0.0
pubmed_gcnii16,4,13,4,4,0,0.0,FIXED_IDS,10,0.0,0.0,0.0,0,13,0.0
pubmed_gcnii16,4,13,5,4,0,0.0,FIXED_IDS,10,0.0,0.0,0.0,0,13,0.0
pubmed_gcnii16,4,13,6,4,0,0.0,FIXED_IDS,10,0.0,0.0,0.0,0,13,0.0
pubmed_gcnii16,4,13,7,4,0,0.0,FIXED_IDS,10,0.0,0.0,0.0,0,13,0.0
pubmed_gcnii16,4,13,8,4,0,0.0,FIXED_IDS,10,0.0,0.0,0.0,0,13,0.0
pubmed_gcnii16,4,13,9,4,0,0.0,FIXED_IDS,10,0.0,0.0,0.0,0,13,0.0
pubmed_gcnii16,4,13,10,4,0,0.0,FIXED_IDS,10,0.0,0.0,0.0,0,13,0.0
pubmed_gcnii16,4,13,11,4,0,0.0,FIXED_IDS,10,0.0,0.0,0.0,0,13,0.0
pubmed_gcnii16,4,13,12,4,0,0.0,FIXED_IDS,10,0.0,0.0,0.0,0,13,0.0
pubmed_gcnii16,4,13,13,4,0,0.0,FIXED_IDS,10,0.0,0.0,0.0,0,13,0.0
pubmed_gcnii16,4,13,14,4,0,0.0,FIXED_IDS,10,0.0,0.0,0.0,0,13,0.0
pubmed_gcnii16,4,13,15,4,0,0.0,FIXED_IDS,10,0.0,0.0,0.0,0,13,0.0
pubmed_gcnii16,4,13,0,4,0,0.0,FIXED_IDS,10,0.0,0.0,0.0,0,13,0.0
pubmed_gcnii16,4,13,1,4,0,0.0,FIXED_IDS,10,0.0,0.0,0.0,0,13,0.0
pubmed_gcnii16,4,13,2,4,0,0.0,FIXED_IDS,10,0.0,0.0,0.0,0,13,0.0
pubmed_gcnii16,4,13,3,4,0,0.0,FIXED_IDS,10,0.0,0.0,0.0,0,13,0.0
pubmed_gcnii16,4,13,4,4,0,0.0,FIXED_IDS,10,0.0,0.0,0.0,0,13,0.0
pubmed_gcnii16,4,13,5,4,0,0.0,FIXED_IDS,10,0.0,0.0,0.0,0,13,0.0
pubmed_gcnii16,4,13,6,4,0,0.0,FIXED_IDS,10,0.0,0.0,0.0,0,13,0.0
pubmed_gcnii16,4,13,7,4,0,0.0,FIXED_IDS,10,0.0,0.0,0.0,0,13,0.0
pubmed_gcnii16,4,13,8,4,0,0.0,FIXED_IDS,10,0.0,0.0,0.0,0,13,0.0
pubmed_gcnii16,4,13,9,4,0,0.0,FIXED_IDS,10,0.0,0.0,0.0,0,13,0.0
pubmed_gcnii16,4,13,10,4,0,0.0,FIXED_IDS,10,0.0,0.0,0.0,0,13,0.0
pubmed_gcnii16,4,13,11,4,0,0.0,FIXED_IDS,10,0.0,0.0,0.0,0,13,0.0
pubmed_gcnii16,4,13,12,4,0,0.0,FIXED_IDS,10,0.0,0.0,0.0,0,13,0.0
pubmed_gcnii16,4,13,13,4,0,0.0,FIXED_IDS,10,0.0,0.0,0.0,0,13,0.0
pubmed_gcnii16,4,13,14,4,0,0.0,FIXED_IDS,10,0.0,0.0,0.0,0,13,0.0
pubmed_gcnii16,4,13,15,4,0,0.0,FIXED_IDS,10,0.0,0.0,0.0,0,13,0.0
pubmed_gcnii16,4,13,0,4,0,0.0,FIXED_IDS,10,0.0,0.0,0.0,0,13,0.0
pubmed_gcnii16,4,13,1,4,0,0.0,FIXED_IDS,10,0.0,0.0,0.0,0,13,0.0
pubmed_gcnii16,4,13,2,4,0,0.0,FIXED_IDS,10,0.0,0.0,0.0,0,13,0.0
pubmed_gcnii16,4,13,3,4,0,0.0,FIXED_IDS,10,0.0,0.0,0.0,0,13,0.0
pubmed_gcnii16,4,13,4,4,0,0.0,FIXED_IDS,10,0.0,0.0,0.0,0,13,0.0
pubmed_gcnii16,4,13,5,4,0,0.0,FIXED_IDS,10,0.0,0.0,0.0,0,13,0.0
pubmed_gcnii16,4,13,6,4,0,0.0,FIXED_IDS,10,0.0,0.0,0.0,0,13,0.0
pubmed_gcnii16,4,13,7,4,0,0.0,FIXED_IDS,10,0.0,0.0,0.0,0,13,0.0
pubmed_gcnii16,4,13,8,4,0,0.0,FIXED_IDS,10,0.0,0.0,0.0,0,13,0.0
pubmed_gcnii16,4,13,9,4,0,0.0,FIXED_IDS,10,0.0,0.0,0.0,0,13,0.0
pubmed_gcnii16,4,13,10,4,0,0.0,FIXED_IDS,10,0.0,0.0,0.0,0,13,0.0
pubmed_gcnii16,4,13,11,4,0,0.0,FIXED_IDS,10,0.0,0.0,0.0,0,13,0.0
pubmed_gcnii16,4,13,12,4,0,0.0,FIXED_IDS,10,0.0,0.0,0.0,0,13,0.0
pubmed_gcnii16,4,13,13,4,0,0.0,FIXED_IDS,10,0.0,0.0,0.0,0,13,0.0
pubmed_gcnii16,4,13,14,4,0,0.0,FIXED_IDS,10,0.0,0.0,0.0,0,13,0.0
pubmed_gcnii16,4,13,15,4,0,0.0,FIXED_IDS,10,0.0,0.0,0.0,0,13,0.0
pubmed_gcnii16,4,13,0,4,0,0.0,FIXED_IDS,10,0.0,0.0,0.0,0,13,0.0
pubmed_gcnii16,4,13,1,4,0,0.0,FIXED_IDS,10,0.0,0.0,0.0,0,13,0.0
pubmed_gcnii16,4,13,2,4,0,0.0,FIXED_IDS,10,0.0,0.0,0.0,0,13,0.0
pubmed_gcnii16,4,13,3,4,0,0.0,FIXED_IDS,10,0.0,0.0,0.0,0,13,0.0
pubmed_gcnii16,4,13,4,4,0,0.0,FIXED_IDS,10,0.0,0.0,0.0,0,13,0.0
pubmed_gcnii16,4,13,5,4,0,0.0,FIXED_IDS,10,0.0,0.0,0.0,0,13,0.0
pubmed_gcnii16,4,13,6,4,0,0.0,FIXED_IDS,10,0.0,0.0,0.0,0,13,0.0
pubmed_gcnii16,4,13,7,4,0,0.0,FIXED_IDS,10,0.0,0.0,0.0,0,13,0.0
pubmed_gcnii16,4,13,8,4,0,0.0,FIXED_IDS,10,0.0,0.0,0.0,0,13,0.0
pubmed_gcnii16,4,13,9,4,0,0.0,FIXED_IDS,10,0.0,0.0,0.0,0,13,0.0
pubmed_gcnii16,4,13,10,4,0,0.0,FIXED_IDS,10,0.0,0.0,0.0,0,13,0.0
pubmed_gcnii16,4,13,11,4,0,0.0,FIXED_IDS,10,0.0,0.0,0.0,0,13,0.0
pubmed_gcnii16,4,13,12,4,0,0.0,FIXED_IDS,10,0.0,0.0,0.0,0,13,0.0
pubmed_gcnii16,4,13,13,4,0,0.0,FIXED_IDS,10,0.0,0.0,0.0,0,13,0.0
pubmed_gcnii16,4,13,14,4,0,0.0,FIXED_IDS,10,0.0,0.0,0.0,0,13,0.0
pubmed_gcnii16,4,13,15,4,0,0.0,FIXED_IDS,10,0.0,0.0,0.0,0,13,0.0
pubmed_gcnii16,4,13,0,4,0,0.0,FIXED_IDS,10,0.0,0.0,0.0,0,13,0.0
pubmed_gcnii16,4,13,1,4,0,0.0,FIXED_IDS,10,0.0,0.0,0.0,0,13,0.0
pubmed_gcnii16,4,13,2,4,0,0.0,FIXED_IDS,10,0.0,0.0,0.0,0,13,0.0
pubmed_gcnii16,4,13,3,4,0,0.0,FIXED_IDS,10,0.0,0.0,0.0,0,13,0.0
pubmed_gcnii16,4,13,4,4,0,0.0,FIXED_IDS,10,0.0,0.0,0.0,0,13,0.0
pubmed_gcnii16,4,13,5,4,0,0.0,FIXED_IDS,10,0.0,0.0,0.0,0,13,0.0
pubmed_gcnii16,4,13,6,4,0,0.0,FIXED_IDS,10,0.0,0.0,0.0,0,13,0.0
pubmed_gcnii16,4,13,7,4,0,0.0,FIXED_IDS,10,0.0,0.0,0.0,0,13,0.0
pubmed_gcnii16,4,13,8,4,0,0.0,FIXED_IDS,10,0.0,0.0,0.0,0,13,0.0
pubmed_gcnii16,4,13,9,4,0,0.0,FIXED_IDS,10,0.0,0.0,0.0,0,13,0.0
pubmed_gcnii16,4,13,10,4,0,0.0,FIXED_IDS,10,0.0,0.0,0.0,0,13,0.0
pubmed_gcnii16,4,13,11,4,0,0.0,FIXED_IDS,10,0.0,0.0,0.0,0,13,0.0
pubmed_gcnii16,4,13,12,4,0,0.0,FIXED_IDS,10,0.0,0.0,0.0,0,13,0.0
pubmed_gcnii16,4,13,13,4,0,0.0,FIXED_IDS,10,0.0,0.0,0.0,0,13,0.0
pubmed_gcnii16,4,13,14,4,0,0.0,FIXED_IDS,10,0.0,0.0,0.0,0,13,0.0
pubmed_gcnii16,4,13,15,4,0,0.0,FIXED_IDS,10,0.0,0.0,0.0,0,13,0.0
pubmed_gcnii16,4,13,0,4,0,0.0,FIXED_IDS,10,0.0,0.0,0.0,0,13,0.0
pubmed_gcnii16,4,13,1,4,0,0.0,FIXED_IDS,10,0.0,0.0,0.0,0,13,0.0
pubmed_gcnii16,4,13,2,4,0,0.0,FIXED_IDS,10,0.0,0.0,0.0,0,13,0.0
pubmed_gcnii16,4,13,3,4,0,0.0,FIXED_IDS,10,0.0,0.0,0.0,0,13,0.0
pubmed_gcnii16,4,13,4,4,0,0.0,FIXED_IDS,10,0.0,0.0,0.0,0,13,0.0
pubmed_gcnii16,4,13,5,4,0,0.0,FIXED_IDS,10,0.0,0.0,0.0,0,13,0.0
pubmed_gcnii16,4,13,6,4,0,0.0,FIXED_IDS,10,0.0,0.0,0.0,0,13,0.0
pubmed_gcnii16,4,13,7,4,0,0.0,FIXED_IDS,10,0.0,0.0,0.0,0,13,0.0
pubmed_gcnii16,4,13,8,4,0,0.0,FIXED_IDS,10,0.0,0.0,0.0,0,13,0.0
pubmed_gcnii16,4,13,9,4,0,0.0,FIXED_IDS,10,0.0,0.0,0.0,0,13,0.0
pubmed_gcnii16,4,13,10,4,0,0.0,FIXED_IDS,10,0.0,0.0,0.0,0,13,0.0
pubmed_gcnii16,4,13,11,4,0,0.0,FIXED_IDS,10,0.0,0.0,0.0,0,13,0.0
pubmed_gcnii16,4,13,12,4,0,0.0,FIXED_IDS,10,0.0,0.0,0.0,0,13,0.0
pubmed_gcnii16,4,13,13,4,0,0.0,FIXED_IDS,10,0.0,0.0,0.0,0,13,0.0
pubmed_gcnii16,4,13,14,4,0,0.0,FIXED_IDS,10,0.0,0.0,0.0,0,13,0.0
pubmed_gcnii16,4,13,15,4,0,0.0,FIXED_IDS,10,0.0,0.0,0.0,0,13,0.0
pubmed_gcnii16,4,13,0,4,0,0.0,FIXED_IDS,10,0.0,0.0,0.0,0,13,0.0
pubmed_gcnii16,4,13,1,4,0,0.0,FIXED_IDS,10,0.0,0.0,0.0,0,13,0.0
pubmed_gcnii16,4,13,2,4,0,0.0,FIXED_IDS,10,0.0,0.0,0.0,0,13,0.0
pubmed_gcnii16,4,13,3,4,0,0.0,FIXED_IDS,10,0.0,0.0,0.0,0,13,0.0
pubmed_gcnii16,4,13,4,4,0,0.0,FIXED_IDS,10,0.0,0.0,0.0,0,13,0.0
pubmed_gcnii16,4,13,5,4,0,0.0,FIXED_IDS,10,0.0,0.0,0.0,0,13,0.0
pubmed_gcnii16,4,13,6,4,0,0.0,FIXED_IDS,10,0.0,0.0,0.0,0,13,0.0
pubmed_gcnii16,4,13,7,4,0,0.0,FIXED_IDS,10,0.0,0.0,0.0,0,13,0.0
pubmed_gcnii16,4,13,8,4,0,0.0,FIXED_IDS,10,0.0,0.0,0.0,0,13,0.0
pubmed_gcnii16,4,13,9,4,0,0.0,FIXED_IDS,10,0.0,0.0,0.0,0,13,0.0
pubmed_gcnii16,4,13,10,4,0,0.0,FIXED_IDS,10,0.0,0.0,0.0,0,13,0.0
pubmed_gcnii16,4,13,11,4,0,0.0,FIXED_IDS,10,0.0,0.0,0.0,0,13,0.0
pubmed_gcnii16,4,13,12,4,0,0.0,FIXED_IDS,10,0.0,0.0,0.0,0,13,0.0
pubmed_gcnii16,4,13,13,4,0,0.0,FIXED_IDS,10,0.0,0.0,0.0,0,13,0.0
pubmed_gcnii16,4,13,14,4,0,0.0,FIXED_IDS,10,0.0,0.0,0.0,0,13,0.0
pubmed_gcnii16,4,13,15,4,0,0.0,FIXED_IDS,10,0.0,0.0,0.0,0,13,0.0
pubmed_gcnii16,4,13,0,4,0,0.0,FIXED_IDS,10,0.0,0.0,0.0,0,13,0.0
pubmed_gcnii16,4,13,1,4,0,0.0,FIXED_IDS,10,0.0,0.0,0.0,0,13,0.0
pubmed_gcnii16,4,13,2,4,0,0.0,FIXED_IDS,10,0.0,0.0,0.0,0,13,0.0
pubmed_gcnii16,4,13,3,4,0,0.0,FIXED_IDS,10,0.0,0.0,0.0,0,13,0.0
pubmed_gcnii16,4,13,4,4,0,0.0,FIXED_IDS,10,0.0,0.0,0.0,0,13,0.0
pubmed_gcnii16,4,13,5,4,0,0.0,FIXED_IDS,10,0.0,0.0,0.0,0,13,0.0
pubmed_gcnii16,4,13,6,4,0,0.0,FIXED_IDS,10,0.0,0.0,0.0,0,13,0.0
pubmed_gcnii16,4,13,7,4,0,0.0,FIXED_IDS,10,0.0,0.0,0.0,0,13,0.0
pubmed_gcnii16,4,13,8,4,0,0.0,FIXED_IDS,10,0.0,0.0,0.0,0,13,0.0
pubmed_gcnii16,4,13,9,4,0,0.0,FIXED_IDS,10,0.0,0.0,0.0,0,13,0.0
pubmed_gcnii16,4,13,10,4,0,0.0,FIXED_IDS,10,0.0,0.0,0.0,0,13,0.0
pubmed_gcnii16,4,13,11,4,0,0.0,FIXED_IDS,10,0.0,0.0,0.0,0,13,0.0
pubmed_gcnii16,4,13,12,4,0,0.0,FIXED_IDS,10,0.0,0.0,0.0,0,13,0.0
pubmed_gcnii16,4,13,13,4,0,0.0,FIXED_IDS,10,0.0,0.0,0.0,0,13,0.0
pubmed_gcnii16,4,13,14,4,0,0.0,FIXED_IDS,10,0.0,0.0,0.0,0,13,0.0
pubmed_gcnii16,4,13,15,4,0,0.0,FIXED_IDS,10,0.0,0.0,0.0,0,13,0.0
pubmed_gcnii16,4,13,0,4,0,0.0,FIXED_IDS,10,0.0,0.0,0.0,0,13,0.0
pubmed_gcnii16,4,13,1,4,0,0.0,FIXED_IDS,10,0.0,0.0,0.0,0,13,0.0
pubmed_gcnii16,4,13,2,4,0,0.0,FIXED_IDS,10,0.0,0.0,0.0,0,13,0.0
pubmed_gcnii16,4,13,3,4,0,0.0,FIXED_IDS,10,0.0,0.0,0.0,0,13,0.0
pubmed_gcnii16,4,13,4,4,0,0.0,FIXED_IDS,10,0.0,0.0,0.0,0,13,0.0
pubmed_gcnii16,4,13,5,4,0,0.0,FIXED_IDS,10,0.0,0.0,0.0,0,13,0.0
pubmed_gcnii16,4,13,6,4,0,0.0,FIXED_IDS,10,0.0,0.0,0.0,0,13,0.0
pubmed_gcnii16,4,13,7,4,0,0.0,FIXED_IDS,10,0.0,0.0,0.0,0,13,0.0
pubmed_gcnii16,4,13,8,4,0,0.0,FIXED_IDS,10,0.0,0.0,0.0,0,13,0.0
pubmed_gcnii16,4,13,9,4,0,0.0,FIXED_IDS,10,0.0,0.0,0.0,0,13,0.0
pubmed_gcnii16,4,13,10,4,0,0.0,FIXED_IDS,10,0.0,0.0,0.0,0,13,0.0
pubmed_gcnii16,4,13,11,4,0,0.0,FIXED_IDS,10,0.0,0.0,0.0,0,13,0.0
pubmed_gcnii16,4,13,12,4,0,0.0,FIXED_IDS,10,0.0,0.0,0.0,0,13,0.0
pubmed_gcnii16,4,13,13,4,0,0.0,FIXED_IDS,10,0.0,0.0,0.0,0,13,0.0
pubmed_gcnii16,4,13,14,4,0,0.0,FIXED_IDS,10,0.0,0.0,0.0,0,13,0.0
pubmed_gcnii16,4,13,15,4,0,0.0,FIXED_IDS,10,0.0,0.0,0.0,0,13,0.0
pubmed_gcnii16,4,13,0,4,0,0.0,FIXED_IDS,10,0.0,0.0,0.0,0,13,0.0
pubmed_gcnii16,4,13,1,4,0,0.0,FIXED_IDS,10,0.0,0.0,0.0,0,13,0.0
pubmed_gcnii16,4,13,2,4,0,0.0,FIXED_IDS,10,0.0,0.0,0.0,0,13,0.0
pubmed_gcnii16,4,13,3,4,0,0.0,FIXED_IDS,10,0.0,0.0,0.0,0,13,0.0
pubmed_gcnii16,4,13,4,4,0,0.0,FIXED_IDS,10,0.0,0.0,0.0,0,13,0.0
pubmed_gcnii16,4,13,5,4,0,0.0,FIXED_IDS,10,0.0,0.0,0.0,0,13,0.0
pubmed_gcnii16,4,13,6,4,0,0.0,FIXED_IDS,10,0.0,0.0,0.0,0,13,0.0
pubmed_gcnii16,4,13,7,4,0,0.0,FIXED_IDS,10,0.0,0.0,0.0,0,13,0.0
pubmed_gcnii16,4,13,8,4,0,0.0,FIXED_IDS,10,0.0,0.0,0.0,0,13,0.0
pubmed_gcnii16,4,13,9,4,0,0.0,FIXED_IDS,10,0.0,0.0,0.0,0,13,0.0
pubmed_gcnii16,4,13,10,4,0,0.0,FIXED_IDS,10,0.0,0.0,0.0,0,13,0.0
pubmed_gcnii16,4,13,11,4,0,0.0,FIXED_IDS,10,0.0,0.0,0.0,0,13,0.0
pubmed_gcnii16,4,13,12,4,0,0.0,FIXED_IDS,10,0.0,0.0,0.0,0,13,0.0
pubmed_gcnii16,4,13,13,4,0,0.0,FIXED_IDS,10,0.0,0.0,0.0,0,13,0.0
pubmed_gcnii16,4,13,14,4,0,0.0,FIXED_IDS,10,0.0,0.0,0.0,0,13,0.0
pubmed_gcnii16,4,13,15,4,0,0.0,FIXED_IDS,10,0.0,0.0,0.0,0,13,0.0
pubmed_gcnii16,4,13,0,4,0,0.0,FIXED_IDS,10,0.0,0.0,0.0,0,13,0.0
pubmed_gcnii16,4,13,1,4,0,0.0,FIXED_IDS,10,0.0,0.0,0.0,0,13,0.0
pubmed_gcnii16,4,13,2,4,0,0.0,FIXED_IDS,10,0.0,0.0,0.0,0,13,0.0
pubmed_gcnii16,4,13,3,4,0,0.0,FIXED_IDS,10,0.0,0.0,0.0,0,13,0.0
pubmed_gcnii16,4,13,4,4,0,0.0,FIXED_IDS,10,0.0,0.0,0.0,0,13,0.0
pubmed_gcnii16,4,13,5,4,0,0.0,FIXED_IDS,10,0.0,0.0,0.0,0,13,0.0
pubmed_gcnii16,4,13,6,4,0,0.0,FIXED_IDS,10,0.0,0.0,0.0,0,13,0.0
pubmed_gcnii16,4,13,7,4,0,0.0,FIXED_IDS,10,0.0,0.0,0.0,0,13,0.0
pubmed_gcnii16,4,13,8,4,0,0.0,FIXED_IDS,10,0.0,0.0,0.0,0,13,0.0
pubmed_gcnii16,4,13,9,4,0,0.0,FIXED_IDS,10,0.0,0.0,0.0,0,13,0.0
pubmed_gcnii16,4,13,10,4,0,0.0,FIXED_IDS,10,0.0,0.0,0.0,0,13,0.0
pubmed_gcnii16,4,13,11,4,0,0.0,FIXED_IDS,10,0.0,0.0,0.0,0,13,0.0
pubmed_gcnii16,4,13,12,4,0,0.0,FIXED_IDS,10,0.0,0.0,0.0,0,13,0.0
pubmed_gcnii16,4,13,13,4,0,0.0,FIXED_IDS,10,0.0,0.0,0.0,0,13,0.0
pubmed_gcnii16,4,13,14,4,0,0.0,FIXED_IDS,10,0.0,0.0,0.0,0,13,0.0
pubmed_gcnii16,4,13,15,4,0,0.0,FIXED_IDS,10,0.0,0.0,0.0,0,13,0.0
pubmed_gcnii16,4,13,0,4,0,0.0,FIXED_IDS,10,0.0,0.0,0.0,0,13,0.0
pubmed_gcnii16,4,13,1,4,0,0.0,FIXED_IDS,10,0.0,0.0,0.0,0,13,0.0
pubmed_gcnii16,4,13,2,4,0,0.0,FIXED_IDS,10,0.0,0.0,0.0,0,13,0.0
pubmed_gcnii16,4,13,3,4,0,0.0,FIXED_IDS,10,0.0,0.0,0.0,0,13,0.0
pubmed_gcnii16,4,13,4,4,0,0.0,FIXED_IDS,10,0.0,0.0,0.0,0,13,0.0
pubmed_gcnii16,4,13,5,4,0,0.0,FIXED_IDS,10,0.0,0.0,0.0,0,13,0.0
pubmed_gcnii16,4,13,6,4,0,0.0,FIXED_IDS,10,0.0,0.0,0.0,0,13,0.0
pubmed_gcnii16,4,13,7,4,0,0.0,FIXED_IDS,10,0.0,0.0,0.0,0,13,0.0
pubmed_gcnii16,4,13,8,4,0,0.0,FIXED_IDS,10,0.0,0.0,0.0,0,13,0.0
pubmed_gcnii16,4,13,9,4,0,0.0,FIXED_IDS,10,0.0,0.0,0.0,0,13,0.0
pubmed_gcnii16,4,13,10,4,0,0.0,FIXED_IDS,10,0.0,0.0,0.0,0,13,0.0
pubmed_gcnii16,4,13,11,4,0,0.0,FIXED_IDS,10,0.0,0.0,0.0,0,13,0.0
pubmed_gcnii16,4,13,12,4,0,0.0,FIXED_IDS,10,0.0,0.0,0.0,0,13,0.0
pubmed_gcnii16,4,13,13,4,0,0.0,FIXED_IDS,10,0.0,0.0,0.0,0,13,0.0
pubmed_gcnii16,4,13,14,4,0,0.0,FIXED_IDS,10,0.0,0.0,0.0,0,13,0.0
pubmed_gcnii16,4,13,15,4,0,0.0,FIXED_IDS,10,0.0,0.0,0.0,0,13,0.0
pubmed_gcnii16,4,13,0,4,0,0.0,FIXED_IDS,10,0.0,0.0,0.0,0,13,0.0
pubmed_gcnii16,4,13,1,4,0,0.0,FIXED_IDS,10,0.0,0.0,0.0,0,13,0.0
pubmed_gcnii16,4,13,2,4,0,0.0,FIXED_IDS,10,0.0,0.0,0.0,0,13,0.0
pubmed_gcnii16,4,13,3,4,0,0.0,FIXED_IDS,10,0.0,0.0,0.0,0,13,0.0
pubmed_gcnii16,4,13,4,4,0,0.0,FIXED_IDS,10,0.0,0.0,0.0,0,13,0.0
pubmed_gcnii16,4,13,5,4,0,0.0,FIXED_IDS,10,0.0,0.0,0.0,0,13,0.0
pubmed_gcnii16,4,13,6,4,0,0.0,FIXED_IDS,10,0.0,0.0,0.0,0,13,0.0
pubmed_gcnii16,4,13,7,4,0,0.0,FIXED_IDS,10,0.0,0.0,0.0,0,13,0.0
pubmed_gcnii16,4,13,8,4,0,0.0,FIXED_IDS,10,0.0,0.0,0.0,0,13,0.0
pubmed_gcnii16,4,13,9,4,0,0.0,FIXED_IDS,10,0.0,0.0,0.0,0,13,0.0
pubmed_gcnii16,4,13,10,4,0,0.0,FIXED_IDS,10,0.0,0.0,0.0,0,13,0.0
pubmed_gcnii16,4,13,11,4,0,0.0,FIXED_IDS,10,0.0,0.0,0.0,0,13,0.0
pubmed_gcnii16,4,13,12,4,0,0.0,FIXED_IDS,10,0.0,0.0,0.0,0,13,0.0
pubmed_gcnii16,4,13,13,4,0,0.0,FIXED_IDS,10,0.0,0.0,0.0,0,13,0.0
pubmed_gcnii16,4,13,14,4,0,0.0,FIXED_IDS,10,0.0,0.0,0.0,0,13,0.0
pubmed_gcnii16,4,13,15,4,0,0.0,FIXED_IDS,10,0.0,0.0,0.0,0,13,0.0
pubmed_gcnii16,4,13,0,4,0,0.0,FIXED_IDS,10,0.0,0.0,0.0,0,13,0.0
pubmed_gcnii16,4,13,1,4,0,0.0,FIXED_IDS,10,0.0,0.0,0.0,0,13,0.0
pubmed_gcnii16,4,13,2,4,0,0.0,FIXED_IDS,10,0.0,0.0,0.0,0,13,0.0
pubmed_gcnii16,4,13,3,4,0,0.0,FIXED_IDS,10,0.0,0.0,0.0,0,13,0.0
pubmed_gcnii16,4,13,4,4,0,0.0,FIXED_IDS,10,0.0,0.0,0.0,0,13,0.0
pubmed_gcnii16,4,13,5,4,0,0.0,FIXED_IDS,10,0.0,0.0,0.0,0,13,0.0
pubmed_gcnii16,4,13,6,4,0,0.0,FIXED_IDS,10,0.0,0.0,0.0,0,13,0.0
pubmed_gcnii16,4,13,7,4,0,0.0,FIXED_IDS,10,0.0,0.0,0.0,0,13,0.0
pubmed_gcnii16,4,13,8,4,0,0.0,FIXED_IDS,10,0.0,0.0,0.0,0,13,0.0
pubmed_gcnii16,4,13,9,4,0,0.0,FIXED_IDS,10,0.0,0.0,0.0,0,13,0.0
pubmed_gcnii16,4,13,10,4,0,0.0,FIXED_IDS,10,0.0,0.0,0.0,0,13,0.0
pubmed_gcnii16,4,13,11,4,0,0.0,FIXED_IDS,10,0.0,0.0,0.0,0,13,0.0
pubmed_gcnii16,4,13,12,4,0,0.0,FIXED_IDS,10,0.0,0.0,0.0,0,13,0.0
pubmed_gcnii16,4,13,13,4,0,0.0,FIXED_IDS,10,0.0,0.0,0.0,0,13,0.0
pubmed_gcnii16,4,13,14,4,0,0.0,FIXED_IDS,10,0.0,0.0,0.0,0,13,0.0
pubmed_gcnii16,4,13,15,4,0,0.0,FIXED_IDS,10,0.0,0.0,0.0,0,13,0.0
pubmed_gcnii16,4,13,0,4,0,0.0,FIXED_IDS,10,0.0,0.0,0.0,0,13,0.0
pubmed_gcnii16,4,13,1,4,0,0.0,FIXED_IDS,10,0.0,0.0,0.0,0,13,0.0
pubmed_gcnii16,4,13,2,4,0,0.0,FIXED_IDS,10,0.0,0.0,0.0,0,13,0.0
pubmed_gcnii16,4,13,3,4,0,0.0,FIXED_IDS,10,0.0,0.0,0.0,0,13,0.0
pubmed_gcnii16,4,13,4,4,0,0.0,FIXED_IDS,10,0.0,0.0,0.0,0,13,0.0
pubmed_gcnii16,4,13,5,4,0,0.0,FIXED_IDS,10,0.0,0.0,0.0,0,13,0.0
pubmed_gcnii16,4,13,6,4,0,0.0,FIXED_IDS,10,0.0,0.0,0.0,0,13,0.0
pubmed_gcnii16,4,13,7,4,0,0.0,FIXED_IDS,10,0.0,0.0,0.0,0,13,0.0
pubmed_gcnii16,4,13,8,4,0,0.0,FIXED_IDS,10,0.0,0.0,0.0,0,13,0.0
pubmed_gcnii16,4,13,9,4,0,0.0,FIXED_IDS,10,0.0,0.0,0.0,0,13,0.0
pubmed_gcnii16,4,13,10,4,0,0.0,FIXED_IDS,10,0.0,0.0,0.0,0,13,0.0
pubmed_gcnii16,4,13,11,4,0,0.0,FIXED_IDS,10,0.0,0.0,0.0,0,13,0.0
pubmed_gcnii16,4,13,12,4,0,0.0,FIXED_IDS,10,0.0,0.0,0.0,0,13,0.0
pubmed_gcnii16,4,13,13,4,0,0.0,FIXED_IDS,10,0.0,0.0,0.0,0,13,0.0
pubmed_gcnii16,4,13,14,4,0,0.0,FIXED_IDS,10,0.0,0.0,0.0,0,13,0.0
pubmed_gcnii16,4,13,15,4,0,0.0,FIXED_IDS,10,0.0,0.0,0.0,0,13,0.0
pubmed_gcnii16,4,13,0,4,0,0.0,FIXED_IDS,10,0.0,0.0,0.0,0,13,0.0
pubmed_gcnii16,4,13,1,4,0,0.0,FIXED_IDS,10,0.0,0.0,0.0,0,13,0.0
pubmed_gcnii16,4,13,2,4,0,0.0,FIXED_IDS,10,0.0,0.0,0.0,0,13,0.0
pubmed_gcnii16,4,13,3,4,0,0.0,FIXED_IDS,10,0.0,0.0,0.0,0,13,0.0
pubmed_gcnii16,4,13,4,4,0,0.0,FIXED_IDS,10,0.0,0.0,0.0,0,13,0.0
pubmed_gcnii16,4,13,5,4,0,0.0,FIXED_IDS,10,0.0,0.0,0.0,0,13,0.0
pubmed_gcnii16,4,13,6,4,0,0.0,FIXED_IDS,10,0.0,0.0,0.0,0,13,0.0
pubmed_gcnii16,4,13,7,4,0,0.0,FIXED_IDS,10,0.0,0.0,0.0,0,13,0.0
pubmed_gcnii16,4,13,8,4,0,0.0,FIXED_IDS,10,0.0,0.0,0.0,0,13,0.0
pubmed_gcnii16,4,13,9,4,0,0.0,FIXED_IDS,10,0.0,0.0,0.0,0,13,0.0
pubmed_gcnii16,4,13,10,4,0,0.0,FIXED_IDS,10,0.0,0.0,0.0,0,13,0.0
pubmed_gcnii16,4,13,11,4,0,0.0,FIXED_IDS,10,0.0,0.0,0.0,0,13,0.0
pubmed_gcnii16,4,13,12,4,0,0.0,FIXED_IDS,10,0.0,0.0,0.0,0,13,0.0
pubmed_gcnii16,4,13,13,4,0,0.0,FIXED_IDS,10,0.0,0.0,0.0,0,13,0.0
pubmed_gcnii16,4,13,14,4,0,0.0,FIXED_IDS,10,0.0,0.0,0.0,0,13,0.0
pubmed_gcnii16,4,13,15,4,0,0.0,FIXED_IDS,10,0.0,0.0,0.0,0,13,0.0
pubmed_gcnii16,4,13,0,4,0,0.0,FIXED_IDS,10,0.0,0.0,0.0,0,13,0.0
pubmed_gcnii16,4,13,1,4,0,0.0,FIXED_IDS,10,0.0,0.0,0.0,0,13,0.0
pubmed_gcnii16,4,13,2,4,0,0.0,FIXED_IDS,10,0.0,0.0,0.0,0,13,0.0
pubmed_gcnii16,4,13,3,4,0,0.0,FIXED_IDS,10,0.0,0.0,0.0,0,13,0.0
pubmed_gcnii16,4,13,4,4,0,0.0,FIXED_IDS,10,0.0,0.0,0.0,0,13,0.0
pubmed_gcnii16,4,13,5,4,0,0.0,FIXED_IDS,10,0.0,0.0,0.0,0,13,0.0
pubmed_gcnii16,4,13,6,4,0,0.0,FIXED_IDS,10,0.0,0.0,0.0,0,13,0.0
pubmed_gcnii16,4,13,7,4,0,0.0,FIXED_IDS,10,0.0,0.0,0.0,0,13,0.0
pubmed_gcnii16,4,13,8,4,0,0.0,FIXED_IDS,10,0.0,0.0,0.0,0,13,0.0
pubmed_gcnii16,4,13,9,4,0,0.0,FIXED_IDS,10,0.0,0.0,0.0,0,13,0.0
pubmed_gcnii16,4,13,10,4,0,0.0,FIXED_IDS,10,0.0,0.0,0.0,0,13,0.0
pubmed_gcnii16,4,13,11,4,0,0.0,FIXED_IDS,10,0.0,0.0,0.0,0,13,0.0
pubmed_gcnii16,4,13,12,4,0,0.0,FIXED_IDS,10,0.0,0.0,0.0,0,13,0.0
pubmed_gcnii16,4,13,13,4,0,0.0,FIXED_IDS,10,0.0,0.0,0.0,0,13,0.0
pubmed_gcnii16,4,13,14,4,0,0.0,FIXED_IDS,10,0.0,0.0,0.0,0,13,0.0
pubmed_gcnii16,4,13,15,4,0,0.0,FIXED_IDS,10,0.0,0.0,0.0,0,13,0.0
pubmed_gcnii16,4,13,0,4,0,0.0,FIXED_IDS,10,0.0,0.0,0.0,0,13,0.0
pubmed_gcnii16,4,13,1,4,0,0.0,FIXED_IDS,10,0.0,0.0,0.0,0,13,0.0
pubmed_gcnii16,4,13,2,4,0,0.0,FIXED_IDS,10,0.0,0.0,0.0,0,13,0.0
pubmed_gcnii16,4,13,3,4,0,0.0,FIXED_IDS,10,0.0,0.0,0.0,0,13,0.0
pubmed_gcnii16,4,13,4,4,0,0.0,FIXED_IDS,10,0.0,0.0,0.0,0,13,0.0
pubmed_gcnii16,4,13,5,4,0,0.0,FIXED_IDS,10,0.0,0.0,0.0,0,13,0.0
pubmed_gcnii16,4,13,6,4,0,0.0,FIXED_IDS,10,0.0,0.0,0.0,0,13,0.0
pubmed_gcnii16,4,13,7,4,0,0.0,FIXED_IDS,10,0.0,0.0,0.0,0,13,0.0
pubmed_gcnii16,4,13,8,4,0,0.0,FIXED_IDS,10,0.0,0.0,0.0,0,13,0.0
pubmed_gcnii16,4,13,9,4,0,0.0,FIXED_IDS,10,0.0,0.0,0.0,0,13,0.0
pubmed_gcnii16,4,13,10,4,0,0.0,FIXED_IDS,10,0.0,0.0,0.0,0,13,0.0
pubmed_gcnii16,4,13,11,4,0,0.0,FIXED_IDS,10,0.0,0.0,0.0,0,13,0.0
pubmed_gcnii16,4,13,12,4,0,0.0,FIXED_IDS,10,0.0,0.0,0.0,0,13,0.0
pubmed_gcnii16,4,13,13,4,0,0.0,FIXED_IDS,10,0.0,0.0,0.0,0,13,0.0
pubmed_gcnii16,4,13,14,4,0,0.0,FIXED_IDS,10,0.0,0.0,0.0,0,13,0.0
pubmed_gcnii16,4,13,15,4,0,0.0,FIXED_IDS,10,0.0,0.0,0.0,0,13,0.0
pubmed_gcnii16,4,13,0,4,0,0.0,FIXED_IDS,10,0.0,0.0,0.0,0,13,0.0
pubmed_gcnii16,4,13,1,4,0,0.0,FIXED_IDS,10,0.0,0.0,0.0,0,13,0.0
pubmed_gcnii16,4,13,2,4,0,0.0,FIXED_IDS,10,0.0,0.0,0.0,0,13,0.0
pubmed_gcnii16,4,13,3,4,0,0.0,FIXED_IDS,10,0.0,0.0,0.0,0,13,0.0
pubmed_gcnii16,4,13,4,4,0,0.0,FIXED_IDS,10,0.0,0.0,0.0,0,13,0.0
pubmed_gcnii16,4,13,5,4,0,0.0,FIXED_IDS,10,0.0,0.0,0.0,0,13,0.0
pubmed_gcnii16,4,13,6,4,0,0.0,FIXED_IDS,10,0.0,0.0,0.0,0,13,0.0
pubmed_gcnii16,4,13,7,4,0,0.0,FIXED_IDS,10,0.0,0.0,0.0,0,13,0.0
pubmed_gcnii16,4,13,8,4,0,0.0,FIXED_IDS,10,0.0,0.0,0.0,0,13,0.0
pubmed_gcnii16,4,13,9,4,0,0.0,FIXED_IDS,10,0.0,0.0,0.0,0,13,0.0
pubmed_gcnii16,4,13,10,4,0,0.0,FIXED_IDS,10,0.0,0.0,0.0,0,13,0.0
pubmed_gcnii16,4,13,11,4,0,0.0,FIXED_IDS,10,0.0,0.0,0.0,0,13,0.0
pubmed_gcnii16,4,13,12,4,0,0.0,FIXED_IDS,10,0.0,0.0,0.0,0,13,0.0
pubmed_gcnii16,4,13,13,4,0,0.0,FIXED_IDS,10,0.0,0.0,0.0,0,13,0.0
pubmed_gcnii16,4,13,14,4,0,0.0,FIXED_IDS,10,0.0,0.0,0.0,0,13,0.0
pubmed_gcnii16,4,13,15,4,0,0.0,FIXED_IDS,10,0.0,0.0,0.0,0,13,0.0
pubmed_gcnii16,4,13,0,4,0,0.0,FIXED_IDS,10,0.0,0.0,0.0,0,13,0.0
pubmed_gcnii16,4,13,1,4,0,0.0,FIXED_IDS,10,0.0,0.0,0.0,0,13,0.0
pubmed_gcnii16,4,13,2,4,0,0.0,FIXED_IDS,10,0.0,0.0,0.0,0,13,0.0
pubmed_gcnii16,4,13,3,4,0,0.0,FIXED_IDS,10,0.0,0.0,0.0,0,13,0.0
pubmed_gcnii16,4,13,4,4,0,0.0,FIXED_IDS,10,0.0,0.0,0.0,0,13,0.0
pubmed_gcnii16,4,13,5,4,0,0.0,FIXED_IDS,10,0.0,0.0,0.0,0,13,0.0
pubmed_gcnii16,4,13,6,4,0,0.0,FIXED_IDS,10,0.0,0.0,0.0,0,13,0.0
pubmed_gcnii16,4,13,7,4,0,0.0,FIXED_IDS,10,0.0,0.0,0.0,0,13,0.0
pubmed_gcnii16,4,13,8,4,0,0.0,FIXED_IDS,10,0.0,0.0,0.0,0,13,0.0
pubmed_gcnii16,4,13,9,4,0,0.0,FIXED_IDS,10,0.0,0.0,0.0,0,13,0.0
pubmed_gcnii16,4,13,10,4,0,0.0,FIXED_IDS,10,0.0,0.0,0.0,0,13,0.0
pubmed_gcnii16,4,13,11,4,0,0.0,FIXED_IDS,10,0.0,0.0,0.0,0,13,0.0
pubmed_gcnii16,4,13,12,4,0,0.0,FIXED_IDS,10,0.0,0.0,0.0,0,13,0.0
pubmed_gcnii16,4,13,13,4,0,0.0,FIXED_IDS,10,0.0,0.0,0.0,0,13,0.0
pubmed_gcnii16,4,13,14,4,0,0.0,FIXED_IDS,10,0.0,0.0,0.0,0,13,0.0
pubmed_gcnii16,4,13,15,4,0,0.0,FIXED_IDS,10,0.0,0.0,0.0,0,13,0.0
pubmed_gcnii16,4,13,0,4,0,0.0,FIXED_IDS,10,0.0,0.0,0.0,0,13,0.0
pubmed_gcnii16,4,13,1,4,0,0.0,FIXED_IDS,10,0.0,0.0,0.0,0,13,0.0
pubmed_gcnii16,4,13,2,4,0,0.0,FIXED_IDS,10,0.0,0.0,0.0,0,13,0.0
pubmed_gcnii16,4,13,3,4,0,0.0,FIXED_IDS,10,0.0,0.0,0.0,0,13,0.0
pubmed_gcnii16,4,13,4,4,0,0.0,FIXED_IDS,10,0.0,0.0,0.0,0,13,0.0
pubmed_gcnii16,4,13,5,4,0,0.0,FIXED_IDS,10,0.0,0.0,0.0,0,13,0.0
pubmed_gcnii16,4,13,6,4,0,0.0,FIXED_IDS,10,0.0,0.0,0.0,0,13,0.0
pubmed_gcnii16,4,13,7,4,0,0.0,FIXED_IDS,10,0.0,0.0,0.0,0,13,0.0
pubmed_gcnii16,4,13,8,4,0,0.0,FIXED_IDS,10,0.0,0.0,0.0,0,13,0.0
pubmed_gcnii16,4,13,9,4,0,0.0,FIXED_IDS,10,0.0,0.0,0.0,0,13,0.0
pubmed_gcnii16,4,13,10,4,0,0.0,FIXED_IDS,10,0.0,0.0,0.0,0,13,0.0
pubmed_gcnii16,4,13,11,4,0,0.0,FIXED_IDS,10,0.0,0.0,0.0,0,13,0.0
pubmed_gcnii16,4,13,12,4,0,0.0,FIXED_IDS,10,0.0,0.0,0.0,0,13,0.0
pubmed_gcnii16,4,13,13,4,0,0.0,FIXED_IDS,10,0.0,0.0,0.0,0,13,0.0
pubmed_gcnii16,4,13,14,4,0,0.0,FIXED_IDS,10,0.0,0.0,0.0,0,13,0.0
pubmed_gcnii16,4,13,15,4,0,0.0,FIXED_IDS,10,0.0,0.0,0.0,0,13,0.0
pubmed_gcnii16,4,13,0,4,0,0.0,FIXED_IDS,10,0.0,0.0,0.0,0,13,0.0
pubmed_gcnii16,4,13,1,4,0,0.0,FIXED_IDS,10,0.0,0.0,0.0,0,13,0.0
pubmed_gcnii16,4,13,2,4,0,0.0,FIXED_IDS,10,0.0,0.0,0.0,0,13,0.0
pubmed_gcnii16,4,13,3,4,0,0.0,FIXED_IDS,10,0.0,0.0,0.0,0,13,0.0
pubmed_gcnii16,4,13,4,4,0,0.0,FIXED_IDS,10,0.0,0.0,0.0,0,13,0.0
pubmed_gcnii16,4,13,5,4,0,0.0,FIXED_IDS,10,0.0,0.0,0.0,0,13,0.0
pubmed_gcnii16,4,13,6,4,0,0.0,FIXED_IDS,10,0.0,0.0,0.0,0,13,0.0
pubmed_gcnii16,4,13,7,4,0,0.0,FIXED_IDS,10,0.0,0.0,0.0,0,13,0.0
pubmed_gcnii16,4,13,8,4,0,0.0,FIXED_IDS,10,0.0,0.0,0.0,0,13,0.0
pubmed_gcnii16,4,13,9,4,0,0.0,FIXED_IDS,10,0.0,0.0,0.0,0,13,0.0
pubmed_gcnii16,4,13,10,4,0,0.0,FIXED_IDS,10,0.0,0.0,0.0,0,13,0.0
pubmed_gcnii16,4,13,11,4,0,0.0,FIXED_IDS,10,0.0,0.0,0.0,0,13,0.0
pubmed_gcnii16,4,13,12,4,0,0.0,FIXED_IDS,10,0.0,0.0,0.0,0,13,0.0
pubmed_gcnii16,4,13,13,4,0,0.0,FIXED_IDS,10,0.0,0.0,0.0,0,13,0.0
pubmed_gcnii16,4,13,14,4,0,0.0,FIXED_IDS,10,0.0,0.0,0.0,0,13,0.0
pubmed_gcnii16,4,13,15,4,0,0.0,FIXED_IDS,10,0.0,0.0,0.0,0,13,0.0
pubmed_gcnii16,4,13,0,4,0,0.0,FIXED_IDS,10,0.0,0.0,0.0,0,13,0.0
pubmed_gcnii16,4,13,1,4,0,0.0,FIXED_IDS,10,0.0,0.0,0.0,0,13,0.0
pubmed_gcnii16,4,13,2,4,0,0.0,FIXED_IDS,10,0.0,0.0,0.0,0,13,0.0
pubmed_gcnii16,4,13,3,4,0,0.0,FIXED_IDS,10,0.0,0.0,0.0,0,13,0.0
pubmed_gcnii16,4,13,4,4,0,0.0,FIXED_IDS,10,0.0,0.0,0.0,0,13,0.0
pubmed_gcnii16,4,13,5,4,0,0.0,FIXED_IDS,10,0.0,0.0,0.0,0,13,0.0
pubmed_gcnii16,4,13,6,4,0,0.0,FIXED_IDS,10,0.0,0.0,0.0,0,13,0.0
pubmed_gcnii16,4,13,7,4,0,0.0,FIXED_IDS,10,0.0,0.0,0.0,0,13,0.0
pubmed_gcnii16,4,13,8,4,0,0.0,FIXED_IDS,10,0.0,0.0,0.0,0,13,0.0
pubmed_gcnii16,4,13,9,4,0,0.0,FIXED_IDS,10,0.0,0.0,0.0,0,13,0.0
pubmed_gcnii16,4,13,10,4,0,0.0,FIXED_IDS,10,0.0,0.0,0.0,0,13,0.0
pubmed_gcnii16,4,13,11,4,0,0.0,FIXED_IDS,10,0.0,0.0,0.0,0,13,0.0
pubmed_gcnii16,4,13,12,4,0,0.0,FIXED_IDS,10,0.0,0.0,0.0,0,13,0.0
pubmed_gcnii16,4,13,13,4,0,0.0,FIXED_IDS,10,0.0,0.0,0.0,0,13,0.0
pubmed_gcnii16,4,13,14,4,0,0.0,FIXED_IDS,10,0.0,0.0,0.0,0,13,0.0
pubmed_gcnii16,4,13,15,4,0,0.0,FIXED_IDS,10,0.0,0.0,0.0,0,13,0.0
pubmed_gcnii16,4,13,0,4,0,0.0,FIXED_IDS,10,0.0,0.0,0.0,0,13,0.0
pubmed_gcnii16,4,13,1,4,0,0.0,FIXED_IDS,10,0.0,0.0,0.0,0,13,0.0
pubmed_gcnii16,4,13,2,4,0,0.0,FIXED_IDS,10,0.0,0.0,0.0,0,13,0.0
pubmed_gcnii16,4,13,3,4,0,0.0,FIXED_IDS,10,0.0,0.0,0.0,0,13,0.0
pubmed_gcnii16,4,13,4,4,0,0.0,FIXED_IDS,10,0.0,0.0,0.0,0,13,0.0
pubmed_gcnii16,4,13,5,4,0,0.0,FIXED_IDS,10,0.0,0.0,0.0,0,13,0.0
pubmed_gcnii16,4,13,6,4,0,0.0,FIXED_IDS,10,0.0,0.0,0.0,0,13,0.0
pubmed_gcnii16,4,13,7,4,0,0.0,FIXED_IDS,10,0.0,0.0,0.0,0,13,0.0
pubmed_gcnii16,4,13,8,4,0,0.0,FIXED_IDS,10,0.0,0.0,0.0,0,13,0.0
pubmed_gcnii16,4,13,9,4,0,0.0,FIXED_IDS,10,0.0,0.0,0.0,0,13,0.0
pubmed_gcnii16,4,13,10,4,0,0.0,FIXED_IDS,10,0.0,0.0,0.0,0,13,0.0
pubmed_gcnii16,4,13,11,4,0,0.0,FIXED_IDS,10,0.0,0.0,0.0,0,13,0.0
pubmed_gcnii16,4,13,12,4,0,0.0,FIXED_IDS,10,0.0,0.0,0.0,0,13,0.0
pubmed_gcnii16,4,13,13,4,0,0.0,FIXED_IDS,10,0.0,0.0,0.0,0,13,0.0
pubmed_gcnii16,4,13,14,4,0,0.0,FIXED_IDS,10,0.0,0.0,0.0,0,13,0.0
pubmed_gcnii16,4,13,15,4,0,0.0,FIXED_IDS,10,0.0,0.0,0.0,0,13,0.0
pubmed_gcnii16,4,13,0,4,0,0.0,FIXED_IDS,10,0.0,0.0,0.0,0,13,0.0
pubmed_gcnii16,4,13,1,4,0,0.0,FIXED_IDS,10,0.0,0.0,0.0,0,13,0.0
pubmed_gcnii16,4,13,2,4,0,0.0,FIXED_IDS,10,0.0,0.0,0.0,0,13,0.0
pubmed_gcnii16,4,13,3,4,0,0.0,FIXED_IDS,10,0.0,0.0,0.0,0,13,0.0
pubmed_gcnii16,4,13,4,4,0,0.0,FIXED_IDS,10,0.0,0.0,0.0,0,13,0.0
pubmed_gcnii16,4,13,5,4,0,0.0,FIXED_IDS,10,0.0,0.0,0.0,0,13,0.0
pubmed_gcnii16,4,13,6,4,0,0.0,FIXED_IDS,10,0.0,0.0,0.0,0,13,0.0
pubmed_gcnii16,4,13,7,4,0,0.0,FIXED_IDS,10,0.0,0.0,0.0,0,13,0.0
pubmed_gcnii16,4,13,8,4,0,0.0,FIXED_IDS,10,0.0,0.0,0.0,0,13,0.0
pubmed_gcnii16,4,13,9,4,0,0.0,FIXED_IDS,10,0.0,0.0,0.0,0,13,0.0
pubmed_gcnii16,4,13,10,4,0,0.0,FIXED_IDS,10,0.0,0.0,0.0,0,13,0.0
pubmed_gcnii16,4,13,11,4,0,0.0,FIXED_IDS,10,0.0,0.0,0.0,0,13,0.0
pubmed_gcnii16,4,13,12,4,0,0.0,FIXED_IDS,10,0.0,0.0,0.0,0,13,0.0
pubmed_gcnii16,4,13,13,4,0,0.0,FIXED_IDS,10,0.0,0.0,0.0,0,13,0.0
pubmed_gcnii16,4,13,14,4,0,0.0,FIXED_IDS,10,0.0,0.0,0.0,0,13,0.0
pubmed_gcnii16,4,13,15,4,0,0.0,FIXED_IDS,10,0.0,0.0,0.0,0,13,0.0
pubmed_gcnii16,4,13,0,4,0,0.0,FIXED_IDS,10,0.0,0.0,0.0,0,13,0.0
pubmed_gcnii16,4,13,1,4,0,0.0,FIXED_IDS,10,0.0,0.0,0.0,0,13,0.0
pubmed_gcnii16,4,13,2,4,0,0.0,FIXED_IDS,10,0.0,0.0,0.0,0,13,0.0
pubmed_gcnii16,4,13,3,4,0,0.0,FIXED_IDS,10,0.0,0.0,0.0,0,13,0.0
pubmed_gcnii16,4,13,4,4,0,0.0,FIXED_IDS,10,0.0,0.0,0.0,0,13,0.0
pubmed_gcnii16,4,13,5,4,0,0.0,FIXED_IDS,10,0.0,0.0,0.0,0,13,0.0
pubmed_gcnii16,4,13,6,4,0,0.0,FIXED_IDS,10,0.0,0.0,0.0,0,13,0.0
pubmed_gcnii16,4,13,7,4,0,0.0,FIXED_IDS,10,0.0,0.0,0.0,0,13,0.0
pubmed_gcnii16,4,13,8,4,0,0.0,FIXED_IDS,10,0.0,0.0,0.0,0,13,0.0
pubmed_gcnii16,4,13,9,4,0,0.0,FIXED_IDS,10,0.0,0.0,0.0,0,13,0.0
pubmed_gcnii16,4,13,10,4,0,0.0,FIXED_IDS,10,0.0,0.0,0.0,0,13,0.0
pubmed_gcnii16,4,13,11,4,0,0.0,FIXED_IDS,10,0.0,0.0,0.0,0,13,0.0
pubmed_gcnii16,4,13,12,4,0,0.0,FIXED_IDS,10,0.0,0.0,0.0,0,13,0.0
pubmed_gcnii16,4,13,13,4,0,0.0,FIXED_IDS,10,0.0,0.0,0.0,0,13,0.0
pubmed_gcnii16,4,13,14,4,0,0.0,FIXED_IDS,10,0.0,0.0,0.0,0,13,0.0
pubmed_gcnii16,4,13,15,4,0,0.0,FIXED_IDS,10,0.0,0.0,0.0,0,13,0.0
pubmed_gcnii16,4,13,0,4,0,0.0,FIXED_IDS,10,0.0,0.0,0.0,0,13,0.0
pubmed_gcnii16,4,13,1,4,0,0.0,FIXED_IDS,10,0.0,0.0,0.0,0,13,0.0
pubmed_gcnii16,4,13,2,4,0,0.0,FIXED_IDS,10,0.0,0.0,0.0,0,13,0.0
pubmed_gcnii16,4,13,3,4,0,0.0,FIXED_IDS,10,0.0,0.0,0.0,0,13,0.0
pubmed_gcnii16,4,13,4,4,0,0.0,FIXED_IDS,10,0.0,0.0,0.0,0,13,0.0
pubmed_gcnii16,4,13,5,4,0,0.0,FIXED_IDS,10,0.0,0.0,0.0,0,13,0.0
pubmed_gcnii16,4,13,6,4,0,0.0,FIXED_IDS,10,0.0,0.0,0.0,0,13,0.0
pubmed_gcnii16,4,13,7,4,0,0.0,FIXED_IDS,10,0.0,0.0,0.0,0,13,0.0
pubmed_gcnii16,4,13,8,4,0,0.0,FIXED_IDS,10,0.0,0.0,0.0,0,13,0.0
pubmed_gcnii16,4,13,9,4,0,0.0,FIXED_IDS,10,0.0,0.0,0.0,0,13,0.0
pubmed_gcnii16,4,13,10,4,0,0.0,FIXED_IDS,10,0.0,0.0,0.0,0,13,0.0
pubmed_gcnii16,4,13,11,4,0,0.0,FIXED_IDS,10,0.0,0.0,0.0,0,13,0.0
pubmed_gcnii16,4,13,12,4,0,0.0,FIXED_IDS,10,0.0,0.0,0.0,0,13,0.0
pubmed_gcnii16,4,13,13,4,0,0.0,FIXED_IDS,10,0.0,0.0,0.0,0,13,0.0
pubmed_gcnii16,4,13,14,4,0,0.0,FIXED_IDS,10,0.0,0.0,0.0,0,13,0.0
pubmed_gcnii16,4,13,15,4,0,0.0,FIXED_IDS,10,0.0,0.0,0.0,0,13,0.0
pubmed_gcnii16,4,13,0,4,0,0.0,FIXED_IDS,10,0.0,0.0,0.0,0,13,0.0
pubmed_gcnii16,4,13,1,4,0,0.0,FIXED_IDS,10,0.0,0.0,0.0,0,13,0.0
pubmed_gcnii16,4,13,2,4,0,0.0,FIXED_IDS,10,0.0,0.0,0.0,0,13,0.0
pubmed_gcnii16,4,13,3,4,0,0.0,FIXED_IDS,10,0.0,0.0,0.0,0,13,0.0
pubmed_gcnii16,4,13,4,4,0,0.0,FIXED_IDS,10,0.0,0.0,0.0,0,13,0.0
pubmed_gcnii16,4,13,5,4,0,0.0,FIXED_IDS,10,0.0,0.0,0.0,0,13,0.0
pubmed_gcnii16,4,13,6,4,0,0.0,FIXED_IDS,10,0.0,0.0,0.0,0,13,0.0
pubmed_gcnii16,4,13,7,4,0,0.0,FIXED_IDS,10,0.0,0.0,0.0,0,13,0.0
pubmed_gcnii16,4,13,8,4,0,0.0,FIXED_IDS,10,0.0,0.0,0.0,0,13,0.0
pubmed_gcnii16,4,13,9,4,0,0.0,FIXED_IDS,10,0.0,0.0,0.0,0,13,0.0
pubmed_gcnii16,4,13,10,4,0,0.0,FIXED_IDS,10,0.0,0.0,0.0,0,13,0.0
pubmed_gcnii16,4,13,11,4,0,0.0,FIXED_IDS,10,0.0,0.0,0.0,0,13,0.0
pubmed_gcnii16,4,13,12,4,0,0.0,FIXED_IDS,10,0.0,0.0,0.0,0,13,0.0
pubmed_gcnii16,4,13,13,4,0,0.0,FIXED_IDS,10,0.0,0.0,0.0,0,13,0.0
pubmed_gcnii16,4,13,14,4,0,0.0,FIXED_IDS,10,0.0,0.0,0.0,0,13,0.0
pubmed_gcnii16,4,13,15,4,0,0.0,FIXED_IDS,10,0.0,0.0,0.0,0,13,0.0
pubmed_gcnii16,4,13,0,4,0,0.0,FIXED_IDS,10,0.0,0.0,0.0,0,13,0.0
pubmed_gcnii16,4,13,1,4,0,0.0,FIXED_IDS,10,0.0,0.0,0.0,0,13,0.0
pubmed_gcnii16,4,13,2,4,0,0.0,FIXED_IDS,10,0.0,0.0,0.0,0,13,0.0
pubmed_gcnii16,4,13,3,4,0,0.0,FIXED_IDS,10,0.0,0.0,0.0,0,13,0.0
pubmed_gcnii16,4,13,4,4,0,0.0,FIXED_IDS,10,0.0,0.0,0.0,0,13,0.0
pubmed_gcnii16,4,13,5,4,0,0.0,FIXED_IDS,10,0.0,0.0,0.0,0,13,0.0
pubmed_gcnii16,4,13,6,4,0,0.0,FIXED_IDS,10,0.0,0.0,0.0,0,13,0.0
pubmed_gcnii16,4,13,7,4,0,0.0,FIXED_IDS,10,0.0,0.0,0.0,0,13,0.0
pubmed_gcnii16,4,13,8,4,0,0.0,FIXED_IDS,10,0.0,0.0,0.0,0,13,0.0
pubmed_gcnii16,4,13,9,4,0,0.0,FIXED_IDS,10,0.0,0.0,0.0,0,13,0.0
pubmed_gcnii16,4,13,10,4,0,0.0,FIXED_IDS,10,0.0,0.0,0.0,0,13,0.0
pubmed_gcnii16,4,13,11,4,0,0.0,FIXED_IDS,10,0.0,0.0,0.0,0,13,0.0
pubmed_gcnii16,4,13,12,4,0,0.0,FIXED_IDS,10,0.0,0.0,0.0,0,13,0.0
pubmed_gcnii16,4,13,13,4,0,0.0,FIXED_IDS,10,0.0,0.0,0.0,0,13,0.0
pubmed_gcnii16,4,13,14,4,0,0.0,FIXED_IDS,10,0.0,0.0,0.0,0,13,0.0
pubmed_gcnii16,4,13,15,4,0,0.0,FIXED_IDS,10,0.0,0.0,0.0,0,13,0.0
pubmed_gcnii16,4,13,0,4,0,0.0,FIXED_IDS,10,0.0,0.0,0.0,0,13,0.0
pubmed_gcnii16,4,13,1,4,0,0.0,FIXED_IDS,10,0.0,0.0,0.0,0,13,0.0
pubmed_gcnii16,4,13,2,4,0,0.0,FIXED_IDS,10,0.0,0.0,0.0,0,13,0.0
pubmed_gcnii16,4,13,3,4,0,0.0,FIXED_IDS,10,0.0,0.0,0.0,0,13,0.0
pubmed_gcnii16,4,13,4,4,0,0.0,FIXED_IDS,10,0.0,0.0,0.0,0,13,0.0
pubmed_gcnii16,4,13,5,4,0,0.0,FIXED_IDS,10,0.0,0.0,0.0,0,13,0.0
pubmed_gcnii16,4,13,6,4,0,0.0,FIXED_IDS,10,0.0,0.0,0.0,0,13,0.0
pubmed_gcnii16,4,13,7,4,0,0.0,FIXED_IDS,10,0.0,0.0,0.0,0,13,0.0
pubmed_gcnii16,4,13,8,4,0,0.0,FIXED_IDS,10,0.0,0.0,0.0,0,13,0.0
pubmed_gcnii16,4,13,9,4,0,0.0,FIXED_IDS,10,0.0,0.0,0.0,0,13,0.0
pubmed_gcnii16,4,13,10,4,0,0.0,FIXED_IDS,10,0.0,0.0,0.0,0,13,0.0
pubmed_gcnii16,4,13,11,4,0,0.0,FIXED_IDS,10,0.0,0.0,0.0,0,13,0.0
pubmed_gcnii16,4,13,12,4,0,0.0,FIXED_IDS,10,0.0,0.0,0.0,0,13,0.0
pubmed_gcnii16,4,13,13,4,0,0.0,FIXED_IDS,10,0.0,0.0,0.0,0,13,0.0
pubmed_gcnii16,4,13,14,4,0,0.0,FIXED_IDS,10,0.0,0.0,0.0,0,13,0.0
pubmed_gcnii16,4,13,15,4,0,0.0,FIXED_IDS,10,0.0,0.0,0.0,0,13,0.0
pubmed_gcnii16,4,13,0,4,0,0.0,FIXED_IDS,10,0.0,0.0,0.0,0,13,0.0
pubmed_gcnii16,4,13,1,4,0,0.0,FIXED_IDS,10,0.0,0.0,0.0,0,13,0.0
pubmed_gcnii16,4,13,2,4,0,0.0,FIXED_IDS,10,0.0,0.0,0.0,0,13,0.0
pubmed_gcnii16,4,13,3,4,0,0.0,FIXED_IDS,10,0.0,0.0,0.0,0,13,0.0
pubmed_gcnii16,4,13,4,4,0,0.0,FIXED_IDS,10,0.0,0.0,0.0,0,13,0.0
pubmed_gcnii16,4,13,5,4,0,0.0,FIXED_IDS,10,0.0,0.0,0.0,0,13,0.0
pubmed_gcnii16,4,13,6,4,0,0.0,FIXED_IDS,10,0.0,0.0,0.0,0,13,0.0
pubmed_gcnii16,4,13,7,4,0,0.0,FIXED_IDS,10,0.0,0.0,0.0,0,13,0.0
pubmed_gcnii16,4,13,8,4,0,0.0,FIXED_IDS,10,0.0,0.0,0.0,0,13,0.0
pubmed_gcnii16,4,13,9,4,0,0.0,FIXED_IDS,10,0.0,0.0,0.0,0,13,0.0
pubmed_gcnii16,4,13,10,4,0,0.0,FIXED_IDS,10,0.0,0.0,0.0,0,13,0.0
pubmed_gcnii16,4,13,11,4,0,0.0,FIXED_IDS,10,0.0,0.0,0.0,0,13,0.0
pubmed_gcnii16,4,13,12,4,0,0.0,FIXED_IDS,10,0.0,0.0,0.0,0,13,0.0
pubmed_gcnii16,4,13,13,4,0,0.0,FIXED_IDS,10,0.0,0.0,0.0,0,13,0.0
pubmed_gcnii16,4,13,14,4,0,0.0,FIXED_IDS,10,0.0,0.0,0.0,0,13,0.0
pubmed_gcnii16,4,13,15,4,0,0.0,FIXED_IDS,10,0.0,0.0,0.0,0,13,0.0
pubmed_gcnii16,4,13,0,4,0,0.0,FIXED_IDS,10,0.0,0.0,0.0,0,13,0.0
pubmed_gcnii16,4,13,1,4,0,0.0,FIXED_IDS,10,0.0,0.0,0.0,0,13,0.0
pubmed_gcnii16,4,13,2,4,0,0.0,FIXED_IDS,10,0.0,0.0,0.0,0,13,0.0
pubmed_gcnii16,4,13,3,4,0,0.0,FIXED_IDS,10,0.0,0.0,0.0,0,13,0.0
pubmed_gcnii16,4,13,4,4,0,0.0,FIXED_IDS,10,0.0,0.0,0.0,0,13,0.0
pubmed_gcnii16,4,13,5,4,0,0.0,FIXED_IDS,10,0.0,0.0,0.0,0,13,0.0
pubmed_gcnii16,4,13,6,4,0,0.0,FIXED_IDS,10,0.0,0.0,0.0,0,13,0.0
pubmed_gcnii16,4,13,7,4,0,0.0,FIXED_IDS,10,0.0,0.0,0.0,0,13,0.0
pubmed_gcnii16,4,13,8,4,0,0.0,FIXED_IDS,10,0.0,0.0,0.0,0,13,0.0
pubmed_gcnii16,4,13,9,4,0,0.0,FIXED_IDS,10,0.0,0.0,0.0,0,13,0.0
pubmed_gcnii16,4,13,10,4,0,0.0,FIXED_IDS,10,0.0,0.0,0.0,0,13,0.0
pubmed_gcnii16,4,13,11,4,0,0.0,FIXED_IDS,10,0.0,0.0,0.0,0,13,0.0
pubmed_gcnii16,4,13,12,4,0,0.0,FIXED_IDS,10,0.0,0.0,0.0,0,13,0.0
pubmed_gcnii16,4,13,13,4,0,0.0,FIXED_IDS,10,0.0,0.0,0.0,0,13,0.0
pubmed_gcnii16,4,13,14,4,0,0.0,FIXED_IDS,10,0.0,0.0,0.0,0,13,0.0
pubmed_gcnii16,4,13,15,4,0,0.0,FIXED_IDS,10,0.0,0.0,0.0,0,13,0.0
pubmed_gcnii16,4,13,0,4,0,0.0,FIXED_IDS,10,0.0,0.0,0.0,0,13,0.0
pubmed_gcnii16,4,13,1,4,0,0.0,FIXED_IDS,10,0.0,0.0,0.0,0,13,0.0
pubmed_gcnii16,4,13,2,4,0,0.0,FIXED_IDS,10,0.0,0.0,0.0,0,13,0.0
pubmed_gcnii16,4,13,3,4,0,0.0,FIXED_IDS,10,0.0,0.0,0.0,0,13,0.0
pubmed_gcnii16,4,13,4,4,0,0.0,FIXED_IDS,10,0.0,0.0,0.0,0,13,0.0
pubmed_gcnii16,4,13,5,4,0,0.0,FIXED_IDS,10,0.0,0.0,0.0,0,13,0.0
pubmed_gcnii16,4,13,6,4,0,0.0,FIXED_IDS,10,0.0,0.0,0.0,0,13,0.0
pubmed_gcnii16,4,13,7,4,0,0.0,FIXED_IDS,10,0.0,0.0,0.0,0,13,0.0
pubmed_gcnii16,4,13,8,4,0,0.0,FIXED_IDS,10,0.0,0.0,0.0,0,13,0.0
pubmed_gcnii16,4,13,9,4,0,0.0,FIXED_IDS,10,0.0,0.0,0.0,0,13,0.0
pubmed_gcnii16,4,13,10,4,0,0.0,FIXED_IDS,10,0.0,0.0,0.0,0,13,0.0
pubmed_gcnii16,4,13,11,4,0,0.0,FIXED_IDS,10,0.0,0.0,0.0,0,13,0.0
pubmed_gcnii16,4,13,12,4,0,0.0,FIXED_IDS,10,0.0,0.0,0.0,0,13,0.0
pubmed_gcnii16,4,13,13,4,0,0.0,FIXED_IDS,10,0.0,0.0,0.0,0,13,0.0
pubmed_gcnii16,4,13,14,4,0,0.0,FIXED_IDS,10,0.0,0.0,0.0,0,13,0.0
pubmed_gcnii16,4,13,15,4,0,0.0,FIXED_IDS,10,0.0,0.0,0.0,0,13,0.0
pubmed_gcnii16,4,13,0,4,0,0.0,FIXED_IDS,10,0.0,0.0,0.0,0,13,0.0
pubmed_gcnii16,4,13,1,4,0,0.0,FIXED_IDS,10,0.0,0.0,0.0,0,13,0.0
pubmed_gcnii16,4,13,2,4,0,0.0,FIXED_IDS,10,0.0,0.0,0.0,0,13,0.0
pubmed_gcnii16,4,13,3,4,0,0.0,FIXED_IDS,10,0.0,0.0,0.0,0,13,0.0
pubmed_gcnii16,4,13,4,4,0,0.0,FIXED_IDS,10,0.0,0.0,0.0,0,13,0.0
pubmed_gcnii16,4,13,5,4,0,0.0,FIXED_IDS,10,0.0,0.0,0.0,0,13,0.0
pubmed_gcnii16,4,13,6,4,0,0.0,FIXED_IDS,10,0.0,0.0,0.0,0,13,0.0
pubmed_gcnii16,4,13,7,4,0,0.0,FIXED_IDS,10,0.0,0.0,0.0,0,13,0.0
pubmed_gcnii16,4,13,8,4,0,0.0,FIXED_IDS,10,0.0,0.0,0.0,0,13,0.0
pubmed_gcnii16,4,13,9,4,0,0.0,FIXED_IDS,10,0.0,0.0,0.0,0,13,0.0
pubmed_gcnii16,4,13,10,4,0,0.0,FIXED_IDS,10,0.0,0.0,0.0,0,13,0.0
pubmed_gcnii16,4,13,11,4,0,0.0,FIXED_IDS,10,0.0,0.0,0.0,0,13,0.0
pubmed_gcnii16,4,13,12,4,0,0.0,FIXED_IDS,10,0.0,0.0,0.0,0,13,0.0
pubmed_gcnii16,4,13,13,4,0,0.0,FIXED_IDS,10,0.0,0.0,0.0,0,13,0.0
pubmed_gcnii16,4,13,14,4,0,0.0,FIXED_IDS,10,0.0,0.0,0.0,0,13,0.0
pubmed_gcnii16,4,13,15,4,0,0.0,FIXED_IDS,10,0.0,0.0,0.0,0,13,0.0
pubmed_gcnii16,4,13,0,4,0,0.0,FIXED_IDS,10,0.0,0.0,0.0,0,13,0.0
pubmed_gcnii16,4,13,1,4,0,0.0,FIXED_IDS,10,0.0,0.0,0.0,0,13,0.0
pubmed_gcnii16,4,13,2,4,0,0.0,FIXED_IDS,10,0.0,0.0,0.0,0,13,0.0
pubmed_gcnii16,4,13,3,4,0,0.0,FIXED_IDS,10,0.0,0.0,0.0,0,13,0.0
pubmed_gcnii16,4,13,4,4,0,0.0,FIXED_IDS,10,0.0,0.0,0.0,0,13,0.0
pubmed_gcnii16,4,13,5,4,0,0.0,FIXED_IDS,10,0.0,0.0,0.0,0,13,0.0
pubmed_gcnii16,4,13,6,4,0,0.0,FIXED_IDS,10,0.0,0.0,0.0,0,13,0.0
pubmed_gcnii16,4,13,7,4,0,0.0,FIXED_IDS,10,0.0,0.0,0.0,0,13,0.0
pubmed_gcnii16,4,13,8,4,0,0.0,FIXED_IDS,10,0.0,0.0,0.0,0,13,0.0
pubmed_gcnii16,4,13,9,4,0,0.0,FIXED_IDS,10,0.0,0.0,0.0,0,13,0.0
pubmed_gcnii16,4,13,10,4,0,0.0,FIXED_IDS,10,0.0,0.0,0.0,0,13,0.0
pubmed_gcnii16,4,13,11,4,0,0.0,FIXED_IDS,10,0.0,0.0,0.0,0,13,0.0
pubmed_gcnii16,4,13,12,4,0,0.0,FIXED_IDS,10,0.0,0.0,0.0,0,13,0.0
pubmed_gcnii16,4,13,13,4,0,0.0,FIXED_IDS,10,0.0,0.0,0.0,0,13,0.0
pubmed_gcnii16,4,13,14,4,0,0.0,FIXED_IDS,10,0.0,0.0,0.0,0,13,0.0
pubmed_gcnii16,4,13,15,4,0,0.0,FIXED_IDS,10,0.0,0.0,0.0,0,13,0.0
pubmed_gcnii16,4,13,0,4,0,0.0,FIXED_IDS,10,0.0,0.0,0.0,0,13,0.0
pubmed_gcnii16,4,13,1,4,0,0.0,FIXED_IDS,10,0.0,0.0,0.0,0,13,0.0
pubmed_gcnii16,4,13,2,4,0,0.0,FIXED_IDS,10,0.0,0.0,0.0,0,13,0.0
pubmed_gcnii16,4,13,3,4,0,0.0,FIXED_IDS,10,0.0,0.0,0.0,0,13,0.0
pubmed_gcnii16,4,13,4,4,0,0.0,FIXED_IDS,10,0.0,0.0,0.0,0,13,0.0
pubmed_gcnii16,4,13,5,4,0,0.0,FIXED_IDS,10,0.0,0.0,0.0,0,13,0.0
pubmed_gcnii16,4,13,6,4,0,0.0,FIXED_IDS,10,0.0,0.0,0.0,0,13,0.0
pubmed_gcnii16,4,13,7,4,0,0.0,FIXED_IDS,10,0.0,0.0,0.0,0,13,0.0
pubmed_gcnii16,4,13,8,4,0,0.0,FIXED_IDS,10,0.0,0.0,0.0,0,13,0.0
pubmed_gcnii16,4,13,9,4,0,0.0,FIXED_IDS,10,0.0,0.0,0.0,0,13,0.0
pubmed_gcnii16,4,13,10,4,0,0.0,FIXED_IDS,10,0.0,0.0,0.0,0,13,0.0
pubmed_gcnii16,4,13,11,4,0,0.0,FIXED_IDS,10,0.0,0.0,0.0,0,13,0.0
pubmed_gcnii16,4,13,12,4,0,0.0,FIXED_IDS,10,0.0,0.0,0.0,0,13,0.0
pubmed_gcnii16,4,13,13,4,0,0.0,FIXED_IDS,10,0.0,0.0,0.0,0,13,0.0
pubmed_gcnii16,4,13,14,4,0,0.0,FIXED_IDS,10,0.0,0.0,0.0,0,13,0.0
pubmed_gcnii16,4,13,15,4,0,0.0,FIXED_IDS,10,0.0,0.0,0.0,0,13,0.0
pubmed_gcnii16,4,13,0,4,0,0.0,FIXED_IDS,10,0.0,0.0,0.0,0,13,0.0
pubmed_gcnii16,4,13,1,4,0,0.0,FIXED_IDS,10,0.0,0.0,0.0,0,13,0.0
pubmed_gcnii16,4,13,2,4,0,0.0,FIXED_IDS,10,0.0,0.0,0.0,0,13,0.0
pubmed_gcnii16,4,13,3,4,0,0.0,FIXED_IDS,10,0.0,0.0,0.0,0,13,0.0
pubmed_gcnii16,4,13,4,4,0,0.0,FIXED_IDS,10,0.0,0.0,0.0,0,13,0.0
pubmed_gcnii16,4,13,5,4,0,0.0,FIXED_IDS,10,0.0,0.0,0.0,0,13,0.0
pubmed_gcnii16,4,13,6,4,0,0.0,FIXED_IDS,10,0.0,0.0,0.0,0,13,0.0
pubmed_gcnii16,4,13,7,4,0,0.0,FIXED_IDS,10,0.0,0.0,0.0,0,13,0.0
pubmed_gcnii16,4,13,8,4,0,0.0,FIXED_IDS,10,0.0,0.0,0.0,0,13,0.0
pubmed_gcnii16,4,13,9,4,0,0.0,FIXED_IDS,10,0.0,0.0,0.0,0,13,0.0
pubmed_gcnii16,4,13,10,4,0,0.0,FIXED_IDS,10,0.0,0.0,0.0,0,13,0.0
pubmed_gcnii16,4,13,11,4,0,0.0,FIXED_IDS,10,0.0,0.0,0.0,0,13,0.0
pubmed_gcnii16,4,13,12,4,0,0.0,FIXED_IDS,10,0.0,0.0,0.0,0,13,0.0
pubmed_gcnii16,4,13,13,4,0,0.0,FIXED_IDS,10,0.0,0.0,0.0,0,13,0.0
pubmed_gcnii16,4,13,14,4,0,0.0,FIXED_IDS,10,0.0,0.0,0.0,0,13,0.0
pubmed_gcnii16,4,13,15,4,0,0.0,FIXED_IDS,10,0.0,0.0,0.0,0,13,0.0
pubmed_gcnii16,4,13,0,4,0,0.0,FIXED_IDS,10,0.0,0.0,0.0,0,13,0.0
pubmed_gcnii16,4,13,1,4,0,0.0,FIXED_IDS,10,0.0,0.0,0.0,0,13,0.0
pubmed_gcnii16,4,13,2,4,0,0.0,FIXED_IDS,10,0.0,0.0,0.0,0,13,0.0
pubmed_gcnii16,4,13,3,4,0,0.0,FIXED_IDS,10,0.0,0.0,0.0,0,13,0.0
pubmed_gcnii16,4,13,4,4,0,0.0,FIXED_IDS,10,0.0,0.0,0.0,0,13,0.0
pubmed_gcnii16,4,13,5,4,0,0.0,FIXED_IDS,10,0.0,0.0,0.0,0,13,0.0
pubmed_gcnii16,4,13,6,4,0,0.0,FIXED_IDS,10,0.0,0.0,0.0,0,13,0.0
pubmed_gcnii16,4,13,7,4,0,0.0,FIXED_IDS,10,0.0,0.0,0.0,0,13,0.0
pubmed_gcnii16,4,13,8,4,0,0.0,FIXED_IDS,10,0.0,0.0,0.0,0,13,0.0
pubmed_gcnii16,4,13,9,4,0,0.0,FIXED_IDS,10,0.0,0.0,0.0,0,13,0.0
pubmed_gcnii16,4,13,10,4,0,0.0,FIXED_IDS,10,0.0,0.0,0.0,0,13,0.0
pubmed_gcnii16,4,13,11,4,0,0.0,FIXED_IDS,10,0.0,0.0,0.0,0,13,0.0
pubmed_gcnii16,4,13,12,4,0,0.0,FIXED_IDS,10,0.0,0.0,0.0,0,13,0.0
pubmed_gcnii16,4,13,13,4,0,0.0,FIXED_IDS,10,0.0,0.0,0.0,0,13,0.0
pubmed_gcnii16,4,13,14,4,0,0.0,FIXED_IDS,10,0.0,0.0,0.0,0,13,0.0
pubmed_gcnii16,4,13,15,4,0,0.0,FIXED_IDS,10,0.0,0.0,0.0,0,13,0.0
pubmed_gcnii16,4,13,0,4,0,0.0,FIXED_IDS,10,0.0,0.0,0.0,0,13,0.0
pubmed_gcnii16,4,13,1,4,0,0.0,FIXED_IDS,10,0.0,0.0,0.0,0,13,0.0
pubmed_gcnii16,4,13,2,4,0,0.0,FIXED_IDS,10,0.0,0.0,0.0,0,13,0.0
pubmed_gcnii16,4,13,3,4,0,0.0,FIXED_IDS,10,0.0,0.0,0.0,0,13,0.0
pubmed_gcnii16,4,13,4,4,0,0.0,FIXED_IDS,10,0.0,0.0,0.0,0,13,0.0
pubmed_gcnii16,4,13,5,4,0,0.0,FIXED_IDS,10,0.0,0.0,0.0,0,13,0.0
pubmed_gcnii16,4,13,6,4,0,0.0,FIXED_IDS,10,0.0,0.0,0.0,0,13,0.0
pubmed_gcnii16,4,13,7,4,0,0.0,FIXED_IDS,10,0.0,0.0,0.0,0,13,0.0
pubmed_gcnii16,4,13,8,4,0,0.0,FIXED_IDS,10,0.0,0.0,0.0,0,13,0.0
pubmed_gcnii16,4,13,9,4,0,0.0,FIXED_IDS,10,0.0,0.0,0.0,0,13,0.0
pubmed_gcnii16,4,13,10,4,0,0.0,FIXED_IDS,10,0.0,0.0,0.0,0,13,0.0
pubmed_gcnii16,4,13,11,4,0,0.0,FIXED_IDS,10,0.0,0.0,0.0,0,13,0.0
pubmed_gcnii16,4,13,12,4,0,0.0,FIXED_IDS,10,0.0,0.0,0.0,0,13,0.0
pubmed_gcnii16,4,13,13,4,0,0.0,FIXED_IDS,10,0.0,0.0,0.0,0,13,0.0
pubmed_gcnii16,4,13,14,4,0,0.0,FIXED_IDS,10,0.0,0.0,0.0,0,13,0.0
pubmed_gcnii16,4,13,15,4,0,0.0,FIXED_IDS,10,0.0,0.0,0.0,0,13,0.0
pubmed_gcnii16,4,13,0,4,0,0.0,FIXED_IDS,10,0.0,0.0,0.0,0,13,0.0
pubmed_gcnii16,4,13,1,4,0,0.0,FIXED_IDS,10,0.0,0.0,0.0,0,13,0.0
pubmed_gcnii16,4,13,2,4,0,0.0,FIXED_IDS,10,0.0,0.0,0.0,0,13,0.0
pubmed_gcnii16,4,13,3,4,0,0.0,FIXED_IDS,10,0.0,0.0,0.0,0,13,0.0
pubmed_gcnii16,4,13,4,4,0,0.0,FIXED_IDS,10,0.0,0.0,0.0,0,13,0.0
pubmed_gcnii16,4,13,5,4,0,0.0,FIXED_IDS,10,0.0,0.0,0.0,0,13,0.0
pubmed_gcnii16,4,13,6,4,0,0.0,FIXED_IDS,10,0.0,0.0,0.0,0,13,0.0
pubmed_gcnii16,4,13,7,4,0,0.0,FIXED_IDS,10,0.0,0.0,0.0,0,13,0.0
pubmed_gcnii16,4,13,8,4,0,0.0,FIXED_IDS,10,0.0,0.0,0.0,0,13,0.0
pubmed_gcnii16,4,13,9,4,0,0.0,FIXED_IDS,10,0.0,0.0,0.0,0,13,0.0
pubmed_gcnii16,4,13,10,4,0,0.0,FIXED_IDS,10,0.0,0.0,0.0,0,13,0.0
pubmed_gcnii16,4,13,11,4,0,0.0,FIXED_IDS,10,0.0,0.0,0.0,0,13,0.0
pubmed_gcnii16,4,13,12,4,0,0.0,FIXED_IDS,10,0.0,0.0,0.0,0,13,0.0
pubmed_gcnii16,4,13,13,4,0,0.0,FIXED_IDS,10,0.0,0.0,0.0,0,13,0.0
pubmed_gcnii16,4,13,14,4,0,0.0,FIXED_IDS,10,0.0,0.0,0.0,0,13,0.0
pubmed_gcnii16,4,13,15,4,0,0.0,FIXED_IDS,10,0.0,0.0,0.0,0,13,0.0
pubmed_gcnii16,4,13,0,4,0,0.0,FIXED_IDS,10,0.0,0.0,0.0,0,13,0.0
pubmed_gcnii16,4,13,1,4,0,0.0,FIXED_IDS,10,0.0,0.0,0.0,0,13,0.0
pubmed_gcnii16,4,13,2,4,0,0.0,FIXED_IDS,10,0.0,0.0,0.0,0,13,0.0
pubmed_gcnii16,4,13,3,4,0,0.0,FIXED_IDS,10,0.0,0.0,0.0,0,13,0.0
pubmed_gcnii16,4,13,4,4,0,0.0,FIXED_IDS,10,0.0,0.0,0.0,0,13,0.0
pubmed_gcnii16,4,13,5,4,0,0.0,FIXED_IDS,10,0.0,0.0,0.0,0,13,0.0
pubmed_gcnii16,4,13,6,4,0,0.0,FIXED_IDS,10,0.0,0.0,0.0,0,13,0.0
pubmed_gcnii16,4,13,7,4,0,0.0,FIXED_IDS,10,0.0,0.0,0.0,0,13,0.0
pubmed_gcnii16,4,13,8,4,0,0.0,FIXED_IDS,10,0.0,0.0,0.0,0,13,0.0
pubmed_gcnii16,4,13,9,4,0,0.0,FIXED_IDS,10,0.0,0.0,0.0,0,13,0.0
pubmed_gcnii16,4,13,10,4,0,0.0,FIXED_IDS,10,0.0,0.0,0.0,0,13,0.0
pubmed_gcnii16,4,13,11,4,0,0.0,FIXED_IDS,10,0.0,0.0,0.0,0,13,0.0
pubmed_gcnii16,4,13,12,4,0,0.0,FIXED_IDS,10,0.0,0.0,0.0,0,13,0.0
pubmed_gcnii16,4,13,13,4,0,0.0,FIXED_IDS,10,0.0,0.0,0.0,0,13,0.0
pubmed_gcnii16,4,13,14,4,0,0.0,FIXED_IDS,10,0.0,0.0,0.0,0,13,0.0
pubmed_gcnii16,4,13,15,4,0,0.0,FIXED_IDS,10,0.0,0.0,0.0,0,13,0.0
pubmed_gcnii16,4,13,0,4,0,0.0,FIXED_IDS,10,0.0,0.0,0.0,0,13,0.0
pubmed_gcnii16,4,13,1,4,0,0.0,FIXED_IDS,10,0.0,0.0,0.0,0,13,0.0
pubmed_gcnii16,4,13,2,4,0,0.0,FIXED_IDS,10,0.0,0.0,0.0,0,13,0.0
pubmed_gcnii16,4,13,3,4,0,0.0,FIXED_IDS,10,0.0,0.0,0.0,0,13,0.0
pubmed_gcnii16,4,13,4,4,0,0.0,FIXED_IDS,10,0.0,0.0,0.0,0,13,0.0
pubmed_gcnii16,4,13,5,4,0,0.0,FIXED_IDS,10,0.0,0.0,0.0,0,13,0.0
pubmed_gcnii16,4,13,6,4,0,0.0,FIXED_IDS,10,0.0,0.0,0.0,0,13,0.0
pubmed_gcnii16,4,13,7,4,0,0.0,FIXED_IDS,10,0.0,0.0,0.0,0,13,0.0
pubmed_gcnii16,4,13,8,4,0,0.0,FIXED_IDS,10,0.0,0.0,0.0,0,13,0.0
pubmed_gcnii16,4,13,9,4,0,0.0,FIXED_IDS,10,0.0,0.0,0.0,0,13,0.0
pubmed_gcnii16,4,13,10,4,0,0.0,FIXED_IDS,10,0.0,0.0,0.0,0,13,0.0
pubmed_gcnii16,4,13,11,4,0,0.0,FIXED_IDS,10,0.0,0.0,0.0,0,13,0.0
pubmed_gcnii16,4,13,12,4,0,0.0,FIXED_IDS,10,0.0,0.0,0.0,0,13,0.0
pubmed_gcnii16,4,13,13,4,0,0.0,FIXED_IDS,10,0.0,0.0,0.0,0,13,0.0
pubmed_gcnii16,4,13,14,4,0,0.0,FIXED_IDS,10,0.0,0.0,0.0,0,13,0.0
pubmed_gcnii16,4,13,15,4,0,0.0,FIXED_IDS,10,0.0,0.0,0.0,0,13,0.0
pubmed_gcnii16,4,13,0,4,0,0.0,FIXED_IDS,10,0.0,0.0,0.0,0,13,0.0
pubmed_gcnii16,4,13,1,4,0,0.0,FIXED_IDS,10,0.0,0.0,0.0,0,13,0.0
pubmed_gcnii16,4,13,2,4,0,0.0,FIXED_IDS,10,0.0,0.0,0.0,0,13,0.0
pubmed_gcnii16,4,13,3,4,0,0.0,FIXED_IDS,10,0.0,0.0,0.0,0,13,0.0
pubmed_gcnii16,4,13,4,4,0,0.0,FIXED_IDS,10,0.0,0.0,0.0,0,13,0.0
pubmed_gcnii16,4,13,5,4,0,0.0,FIXED_IDS,10,0.0,0.0,0.0,0,13,0.0
pubmed_gcnii16,4,13,6,4,0,0.0,FIXED_IDS,10,0.0,0.0,0.0,0,13,0.0
pubmed_gcnii16,4,13,7,4,0,0.0,FIXED_IDS,10,0.0,0.0,0.0,0,13,0.0
pubmed_gcnii16,4,13,8,4,0,0.0,FIXED_IDS,10,0.0,0.0,0.0,0,13,0.0
pubmed_gcnii16,4,13,9,4,0,0.0,FIXED_IDS,10,0.0,0.0,0.0,0,13,0.0
pubmed_gcnii16,4,13,10,4,0,0.0,FIXED_IDS,10,0.0,0.0,0.0,0,13,0.0
pubmed_gcnii16,4,13,11,4,0,0.0,FIXED_IDS,10,0.0,0.0,0.0,0,13,0.0
pubmed_gcnii16,4,13,12,4,0,0.0,FIXED_IDS,10,0.0,0.0,0.0,0,13,0.0
pubmed_gcnii16,4,13,13,4,0,0.0,FIXED_IDS,10,0.0,0.0,0.0,0,13,0.0
pubmed_gcnii16,4,13,14,4,0,0.0,FIXED_IDS,10,0.0,0.0,0.0,0,13,0.0
pubmed_gcnii16,4,13,15,4,0,0.0,FIXED_IDS,10,0.0,0.0,0.0,0,13,0.0
pubmed_gcnii16,4,13,0,4,0,0.0,FIXED_IDS,10,0.0,0.0,0.0,0,13,0.0
pubmed_gcnii16,4,13,1,4,0,0.0,FIXED_IDS,10,0.0,0.0,0.0,0,13,0.0
pubmed_gcnii16,4,13,2,4,0,0.0,FIXED_IDS,10,0.0,0.0,0.0,0,13,0.0
pubmed_gcnii16,4,13,3,4,0,0.0,FIXED_IDS,10,0.0,0.0,0.0,0,13,0.0
pubmed_gcnii16,4,13,4,4,0,0.0,FIXED_IDS,10,0.0,0.0,0.0,0,13,0.0
pubmed_gcnii16,4,13,5,4,0,0.0,FIXED_IDS,10,0.0,0.0,0.0,0,13,0.0
pubmed_gcnii16,4,13,6,4,0,0.0,FIXED_IDS,10,0.0,0.0,0.0,0,13,0.0
pubmed_gcnii16,4,13,7,4,0,0.0,FIXED_IDS,10,0.0,0.0,0.0,0,13,0.0
pubmed_gcnii16,4,13,8,4,0,0.0,FIXED_IDS,10,0.0,0.0,0.0,0,13,0.0
pubmed_gcnii16,4,13,9,4,0,0.0,FIXED_IDS,10,0.0,0.0,0.0,0,13,0.0
pubmed_gcnii16,4,13,10,4,0,0.0,FIXED_IDS,10,0.0,0.0,0.0,0,13,0.0
pubmed_gcnii16,4,13,11,4,0,0.0,FIXED_IDS,10,0.0,0.0,0.0,0,13,0.0
pubmed_gcnii16,4,13,12,4,0,0.0,FIXED_IDS,10,0.0,0.0,0.0,0,13,0.0
pubmed_gcnii16,4,13,13,4,0,0.0,FIXED_IDS,10,0.0,0.0,0.0,0,13,0.0
pubmed_gcnii16,4,13,14,4,0,0.0,FIXED_IDS,10,0.0,0.0,0.0,0,13,0.0
pubmed_gcnii16,4,13,15,4,0,0.0,FIXED_IDS,10,0.0,0.0,0.0,0,13,0.0
pubmed_gcnii16,4,13,0,4,0,0.0,FIXED_IDS,10,0.0,0.0,0.0,0,13,0.0
pubmed_gcnii16,4,13,1,4,0,0.0,FIXED_IDS,10,0.0,0.0,0.0,0,13,0.0
pubmed_gcnii16,4,13,2,4,0,0.0,FIXED_IDS,10,0.0,0.0,0.0,0,13,0.0
pubmed_gcnii16,4,13,3,4,0,0.0,FIXED_IDS,10,0.0,0.0,0.0,0,13,0.0
pubmed_gcnii16,4,13,4,4,0,0.0,FIXED_IDS,10,0.0,0.0,0.0,0,13,0.0
pubmed_gcnii16,4,13,5,4,0,0.0,FIXED_IDS,10,0.0,0.0,0.0,0,13,0.0
pubmed_gcnii16,4,13,6,4,0,0.0,FIXED_IDS,10,0.0,0.0,0.0,0,13,0.0
pubmed_gcnii16,4,13,7,4,0,0.0,FIXED_IDS,10,0.0,0.0,0.0,0,13,0.0
pubmed_gcnii16,4,13,8,4,0,0.0,FIXED_IDS,10,0.0,0.0,0.0,0,13,0.0
pubmed_gcnii16,4,13,9,4,0,0.0,FIXED_IDS,10,0.0,0.0,0.0,0,13,0.0
pubmed_gcnii16,4,13,10,4,0,0.0,FIXED_IDS,10,0.0,0.0,0.0,0,13,0.0
pubmed_gcnii16,4,13,11,4,0,0.0,FIXED_IDS,10,0.0,0.0,0.0,0,13,0.0
pubmed_gcnii16,4,13,12,4,0,0.0,FIXED_IDS,10,0.0,0.0,0.0,0,13,0.0
pubmed_gcnii16,4,13,13,4,0,0.0,FIXED_IDS,10,0.0,0.0,0.0,0,13,0.0
pubmed_gcnii16,4,13,14,4,0,0.0,FIXED_IDS,10,0.0,0.0,0.0,0,13,0.0
pubmed_gcnii16,4,13,15,4,0,0.0,FIXED_IDS,10,0.0,0.0,0.0,0,13,0.0
pubmed_gcnii16,4,13,0,4,0,0.0,FIXED_IDS,10,0.0,0.0,0.0,0,13,0.0
pubmed_gcnii16,4,13,1,4,0,0.0,FIXED_IDS,10,0.0,0.0,0.0,0,13,0.0
pubmed_gcnii16,4,13,2,4,0,0.0,FIXED_IDS,10,0.0,0.0,0.0,0,13,0.0
pubmed_gcnii16,4,13,3,4,0,0.0,FIXED_IDS,10,0.0,0.0,0.0,0,13,0.0
pubmed_gcnii16,4,13,4,4,0,0.0,FIXED_IDS,10,0.0,0.0,0.0,0,13,0.0
pubmed_gcnii16,4,13,5,4,0,0.0,FIXED_IDS,10,0.0,0.0,0.0,0,13,0.0
pubmed_gcnii16,4,13,6,4,0,0.0,FIXED_IDS,10,0.0,0.0,0.0,0,13,0.0
pubmed_gcnii16,4,13,7,4,0,0.0,FIXED_IDS,10,0.0,0.0,0.0,0,13,0.0
pubmed_gcnii16,4,13,8,4,0,0.0,FIXED_IDS,10,0.0,0.0,0.0,0,13,0.0
pubmed_gcnii16,4,13,9,4,0,0.0,FIXED_IDS,10,0.0,0.0,0.0,0,13,0.0
pubmed_gcnii16,4,13,10,4,0,0.0,FIXED_IDS,10,0.0,0.0,0.0,0,13,0.0
pubmed_gcnii16,4,13,11,4,0,0.0,FIXED_IDS,10,0.0,0.0,0.0,0,13,0.0
pubmed_gcnii16,4,13,12,4,0,0.0,FIXED_IDS,10,0.0,0.0,0.0,0,13,0.0
pubmed_gcnii16,4,13,13,4,0,0.0,FIXED_IDS,10,0.0,0.0,0.0,0,13,0.0
pubmed_gcnii16,4,13,14,4,0,0.0,FIXED_IDS,10,0.0,0.0,0.0,0,13,0.0
pubmed_gcnii16,4,13,15,4,0,0.0,FIXED_IDS,10,0.0,0.0,0.0,0,13,0.0
pubmed_gcnii16,4,13,0,4,0,0.0,FIXED_IDS,10,0.0,0.0,0.0,0,13,0.0
pubmed_gcnii16,4,13,1,4,0,0.0,FIXED_IDS,10,0.0,0.0,0.0,0,13,0.0
pubmed_gcnii16,4,13,2,4,0,0.0,FIXED_IDS,10,0.0,0.0,0.0,0,13,0.0
pubmed_gcnii16,4,13,3,4,0,0.0,FIXED_IDS,10,0.0,0.0,0.0,0,13,0.0
pubmed_gcnii16,4,13,4,4,0,0.0,FIXED_IDS,10,0.0,0.0,0.0,0,13,0.0
pubmed_gcnii16,4,13,5,4,0,0.0,FIXED_IDS,10,0.0,0.0,0.0,0,13,0.0
pubmed_gcnii16,4,13,6,4,0,0.0,FIXED_IDS,10,0.0,0.0,0.0,0,13,0.0
pubmed_gcnii16,4,13,7,4,0,0.0,FIXED_IDS,10,0.0,0.0,0.0,0,13,0.0
pubmed_gcnii16,4,13,8,4,0,0.0,FIXED_IDS,10,0.0,0.0,0.0,0,13,0.0
pubmed_gcnii16,4,13,9,4,0,0.0,FIXED_IDS,10,0.0,0.0,0.0,0,13,0.0
pubmed_gcnii16,4,13,10,4,0,0.0,FIXED_IDS,10,0.0,0.0,0.0,0,13,0.0
pubmed_gcnii16,4,13,11,4,0,0.0,FIXED_IDS,10,0.0,0.0,0.0,0,13,0.0
pubmed_gcnii16,4,13,12,4,0,0.0,FIXED_IDS,10,0.0,0.0,0.0,0,13,0.0
pubmed_gcnii16,4,13,13,4,0,0.0,FIXED_IDS,10,0.0,0.0,0.0,0,13,0.0
pubmed_gcnii16,4,13,14,4,0,0.0,FIXED_IDS,10,0.0,0.0,0.0,0,13,0.0
pubmed_gcnii16,4,13,15,4,0,0.0,FIXED_IDS,10,0.0,0.0,0.0,0,13,0.0
pubmed_gcnii16,4,13,0,4,0,0.0,FIXED_IDS,10,0.0,0.0,0.0,0,13,0.0
pubmed_gcnii16,4,13,1,4,0,0.0,FIXED_IDS,10,0.0,0.0,0.0,0,13,0.0
pubmed_gcnii16,4,13,2,4,0,0.0,FIXED_IDS,10,0.0,0.0,0.0,0,13,0.0
pubmed_gcnii16,4,13,3,4,0,0.0,FIXED_IDS,10,0.0,0.0,0.0,0,13,0.0
pubmed_gcnii16,4,13,4,4,0,0.0,FIXED_IDS,10,0.0,0.0,0.0,0,13,0.0
pubmed_gcnii16,4,13,5,4,0,0.0,FIXED_IDS,10,0.0,0.0,0.0,0,13,0.0
pubmed_gcnii16,4,13,6,4,0,0.0,FIXED_IDS,10,0.0,0.0,0.0,0,13,0.0
pubmed_gcnii16,4,13,7,4,0,0.0,FIXED_IDS,10,0.0,0.0,0.0,0,13,0.0
pubmed_gcnii16,4,13,8,4,0,0.0,FIXED_IDS,10,0.0,0.0,0.0,0,13,0.0
pubmed_gcnii16,4,13,9,4,0,0.0,FIXED_IDS,10,0.0,0.0,0.0,0,13,0.0
pubmed_gcnii16,4,13,10,4,0,0.0,FIXED_IDS,10,0.0,0.0,0.0,0,13,0.0
pubmed_gcnii16,4,13,11,4,0,0.0,FIXED_IDS,10,0.0,0.0,0.0,0,13,0.0
pubmed_gcnii16,4,13,12,4,0,0.0,FIXED_IDS,10,0.0,0.0,0.0,0,13,0.0
pubmed_gcnii16,4,13,13,4,0,0.0,FIXED_IDS,10,0.0,0.0,0.0,0,13,0.0
pubmed_gcnii16,4,13,14,4,0,0.0,FIXED_IDS,10,0.0,0.0,0.0,0,13,0.0
pubmed_gcnii16,4,13,15,4,0,0.0,FIXED_IDS,10,0.0,0.0,0.0,0,13,0.0
pubmed_gcnii16,4,13,0,4,0,0.0,FIXED_IDS,10,0.0,0.0,0.0,0,13,0.0
pubmed_gcnii16,4,13,1,4,0,0.0,FIXED_IDS,10,0.0,0.0,0.0,0,13,0.0
pubmed_gcnii16,4,13,2,4,0,0.0,FIXED_IDS,10,0.0,0.0,0.0,0,13,0.0
pubmed_gcnii16,4,13,3,4,0,0.0,FIXED_IDS,10,0.0,0.0,0.0,0,13,0.0
pubmed_gcnii16,4,13,4,4,0,0.0,FIXED_IDS,10,0.0,0.0,0.0,0,13,0.0
pubmed_gcnii16,4,13,5,4,0,0.0,FIXED_IDS,10,0.0,0.0,0.0,0,13,0.0
pubmed_gcnii16,4,13,6,4,0,0.0,FIXED_IDS,10,0.0,0.0,0.0,0,13,0.0
pubmed_gcnii16,4,13,7,4,0,0.0,FIXED_IDS,10,0.0,0.0,0.0,0,13,0.0
pubmed_gcnii16,4,13,8,4,0,0.0,FIXED_IDS,10,0.0,0.0,0.0,0,13,0.0
pubmed_gcnii16,4,13,9,4,0,0.0,FIXED_IDS,10,0.0,0.0,0.0,0,13,0.0
pubmed_gcnii16,4,13,10,4,0,0.0,FIXED_IDS,10,0.0,0.0,0.0,0,13,0.0
pubmed_gcnii16,4,13,11,4,0,0.0,FIXED_IDS,10,0.0,0.0,0.0,0,13,0.0
pubmed_gcnii16,4,13,12,4,0,0.0,FIXED_IDS,10,0.0,0.0,0.0,0,13,0.0
pubmed_gcnii16,4,13,13,4,0,0.0,FIXED_IDS,10,0.0,0.0,0.0,0,13,0.0
pubmed_gcnii16,4,13,14,4,0,0.0,FIXED_IDS,10,0.0,0.0,0.0,0,13,0.0
pubmed_gcnii16,4,13,15,4,0,0.0,FIXED_IDS,10,0.0,0.0,0.0,0,13,0.0
pubmed_gcnii16,4,13,0,4,0,0.0,FIXED_IDS,10,0.0,0.0,0.0,0,13,0.0
pubmed_gcnii16,4,13,1,4,0,0.0,FIXED_IDS,10,0.0,0.0,0.0,0,13,0.0
pubmed_gcnii16,4,13,2,4,0,0.0,FIXED_IDS,10,0.0,0.0,0.0,0,13,0.0
pubmed_gcnii16,4,13,3,4,0,0.0,FIXED_IDS,10,0.0,0.0,0.0,0,13,0.0
pubmed_gcnii16,4,13,4,4,0,0.0,FIXED_IDS,10,0.0,0.0,0.0,0,13,0.0
pubmed_gcnii16,4,13,5,4,0,0.0,FIXED_IDS,10,0.0,0.0,0.0,0,13,0.0
pubmed_gcnii16,4,13,6,4,0,0.0,FIXED_IDS,10,0.0,0.0,0.0,0,13,0.0
pubmed_gcnii16,4,13,7,4,0,0.0,FIXED_IDS,10,0.0,0.0,0.0,0,13,0.0
pubmed_gcnii16,4,13,8,4,0,0.0,FIXED_IDS,10,0.0,0.0,0.0,0,13,0.0
pubmed_gcnii16,4,13,9,4,0,0.0,FIXED_IDS,10,0.0,0.0,0.0,0,13,0.0
pubmed_gcnii16,4,13,10,4,0,0.0,FIXED_IDS,10,0.0,0.0,0.0,0,13,0.0
pubmed_gcnii16,4,13,11,4,0,0.0,FIXED_IDS,10,0.0,0.0,0.0,0,13,0.0
pubmed_gcnii16,4,13,12,4,0,0.0,FIXED_IDS,10,0.0,0.0,0.0,0,13,0.0
pubmed_gcnii16,4,13,13,4,0,0.0,FIXED_IDS,10,0.0,0.0,0.0,0,13,0.0
pubmed_gcnii16,4,13,14,4,0,0.0,FIXED_IDS,10,0.0,0.0,0.0,0,13,0.0
pubmed_gcnii16,4,13,15,4,0,0.0,FIXED_IDS,10,0.0,0.0,0.0,0,13,0.0
pubmed_gcnii16,4,13,0,4,0,0.0,FIXED_IDS,10,0.0,0.0,0.0,0,13,0.0
pubmed_gcnii16,4,13,1,4,0,0.0,FIXED_IDS,10,0.0,0.0,0.0,0,13,0.0
pubmed_gcnii16,4,13,2,4,0,0.0,FIXED_IDS,10,0.0,0.0,0.0,0,13,0.0
pubmed_gcnii16,4,13,3,4,0,0.0,FIXED_IDS,10,0.0,0.0,0.0,0,13,0.0
pubmed_gcnii16,4,13,4,4,0,0.0,FIXED_IDS,10,0.0,0.0,0.0,0,13,0.0
pubmed_gcnii16,4,13,5,4,0,0.0,FIXED_IDS,10,0.0,0.0,0.0,0,13,0.0
pubmed_gcnii16,4,13,6,4,0,0.0,FIXED_IDS,10,0.0,0.0,0.0,0,13,0.0
pubmed_gcnii16,4,13,7,4,0,0.0,FIXED_IDS,10,0.0,0.0,0.0,0,13,0.0
pubmed_gcnii16,4,13,8,4,0,0.0,FIXED_IDS,10,0.0,0.0,0.0,0,13,0.0
pubmed_gcnii16,4,13,9,4,0,0.0,FIXED_IDS,10,0.0,0.0,0.0,0,13,0.0
pubmed_gcnii16,4,13,10,4,0,0.0,FIXED_IDS,10,0.0,0.0,0.0,0,13,0.0
pubmed_gcnii16,4,13,11,4,0,0.0,FIXED_IDS,10,0.0,0.0,0.0,0,13,0.0
pubmed_gcnii16,4,13,12,4,0,0.0,FIXED_IDS,10,0.0,0.0,0.0,0,13,0.0
pubmed_gcnii16,4,13,13,4,0,0.0,FIXED_IDS,10,0.0,0.0,0.0,0,13,0.0
pubmed_gcnii16,4,13,14,4,0,0.0,FIXED_IDS,10,0.0,0.0,0.0,0,13,0.0
pubmed_gcnii16,4,13,15,4,0,0.0,FIXED_IDS,10,0.0,0.0,0.0,0,13,0.0
pubmed_gcnii16,4,13,0,4,0,0.0,FIXED_IDS,10,0.0,0.0,0.0,0,13,0.0
pubmed_gcnii16,4,13,1,4,0,0.0,FIXED_IDS,10,0.0,0.0,0.0,0,13,0.0
pubmed_gcnii16,4,13,2,4,0,0.0,FIXED_IDS,10,0.0,0.0,0.0,0,13,0.0
pubmed_gcnii16,4,13,3,4,0,0.0,FIXED_IDS,10,0.0,0.0,0.0,0,13,0.0
pubmed_gcnii16,4,13,4,4,0,0.0,FIXED_IDS,10,0.0,0.0,0.0,0,13,0.0
pubmed_gcnii16,4,13,5,4,0,0.0,FIXED_IDS,10,0.0,0.0,0.0,0,13,0.0
pubmed_gcnii16,4,13,6,4,0,0.0,FIXED_IDS,10,0.0,0.0,0.0,0,13,0.0
pubmed_gcnii16,4,13,7,4,0,0.0,FIXED_IDS,10,0.0,0.0,0.0,0,13,0.0
pubmed_gcnii16,4,13,8,4,0,0.0,FIXED_IDS,10,0.0,0.0,0.0,0,13,0.0
pubmed_gcnii16,4,13,9,4,0,0.0,FIXED_IDS,10,0.0,0.0,0.0,0,13,0.0
pubmed_gcnii16,4,13,10,4,0,0.0,FIXED_IDS,10,0.0,0.0,0.0,0,13,0.0
pubmed_gcnii16,4,13,11,4,0,0.0,FIXED_IDS,10,0.0,0.0,0.0,0,13,0.0
pubmed_gcnii16,4,13,12,4,0,0.0,FIXED_IDS,10,0.0,0.0,0.0,0,13,0.0
pubmed_gcnii16,4,13,13,4,0,0.0,FIXED_IDS,10,0.0,0.0,0.0,0,13,0.0
pubmed_gcnii16,4,13,14,4,0,0.0,FIXED_IDS,10,0.0,0.0,0.0,0,13,0.0
pubmed_gcnii16,4,13,15,4,0,0.0,FIXED_IDS,10,0.0,0.0,0.0,0,13,0.0
pubmed_gcnii16,4,13,0,4,0,0.0,FIXED_IDS,10,0.0,0.0,0.0,0,13,0.0
pubmed_gcnii16,4,13,1,4,0,0.0,FIXED_IDS,10,0.0,0.0,0.0,0,13,0.0
pubmed_gcnii16,4,13,2,4,0,0.0,FIXED_IDS,10,0.0,0.0,0.0,0,13,0.0
pubmed_gcnii16,4,13,3,4,0,0.0,FIXED_IDS,10,0.0,0.0,0.0,0,13,0.0
pubmed_gcnii16,4,13,4,4,0,0.0,FIXED_IDS,10,0.0,0.0,0.0,0,13,0.0
pubmed_gcnii16,4,13,5,4,0,0.0,FIXED_IDS,10,0.0,0.0,0.0,0,13,0.0
pubmed_gcnii16,4,13,6,4,0,0.0,FIXED_IDS,10,0.0,0.0,0.0,0,13,0.0
pubmed_gcnii16,4,13,7,4,0,0.0,FIXED_IDS,10,0.0,0.0,0.0,0,13,0.0
pubmed_gcnii16,4,13,8,4,0,0.0,FIXED_IDS,10,0.0,0.0,0.0,0,13,0.0
pubmed_gcnii16,4,13,9,4,0,0.0,FIXED_IDS,10,0.0,0.0,0.0,0,13,0.0
pubmed_gcnii16,4,13,10,4,0,0.0,FIXED_IDS,10,0.0,0.0,0.0,0,13,0.0
pubmed_gcnii16,4,13,11,4,0,0.0,FIXED_IDS,10,0.0,0.0,0.0,0,13,0.0
pubmed_gcnii16,4,13,12,4,0,0.0,FIXED_IDS,10,0.0,0.0,0.0,0,13,0.0
pubmed_gcnii16,4,13,13,4,0,0.0,FIXED_IDS,10,0.0,0.0,0.0,0,13,0.0
pubmed_gcnii16,4,13,14,4,0,0.0,FIXED_IDS,10,0.0,0.0,0.0,0,13,0.0
pubmed_gcnii16,4,13,15,4,0,0.0,FIXED_IDS,10,0.0,0.0,0.0,0,13,0.0
pubmed_gcnii16,4,13,0,4,0,0.0,FIXED_IDS,10,0.0,0.0,0.0,0,13,0.0
pubmed_gcnii16,4,13,1,4,0,0.0,FIXED_IDS,10,0.0,0.0,0.0,0,13,0.0
pubmed_gcnii16,4,13,2,4,0,0.0,FIXED_IDS,10,0.0,0.0,0.0,0,13,0.0
pubmed_gcnii16,4,13,3,4,0,0.0,FIXED_IDS,10,0.0,0.0,0.0,0,13,0.0
pubmed_gcnii16,4,13,4,4,0,0.0,FIXED_IDS,10,0.0,0.0,0.0,0,13,0.0
pubmed_gcnii16,4,13,5,4,0,0.0,FIXED_IDS,10,0.0,0.0,0.0,0,13,0.0
pubmed_gcnii16,4,13,6,4,0,0.0,FIXED_IDS,10,0.0,0.0,0.0,0,13,0.0
pubmed_gcnii16,4,13,7,4,0,0.0,FIXED_IDS,10,0.0,0.0,0.0,0,13,0.0
pubmed_gcnii16,4,13,8,4,0,0.0,FIXED_IDS,10,0.0,0.0,0.0,0,13,0.0
pubmed_gcnii16,4,13,9,4,0,0.0,FIXED_IDS,10,0.0,0.0,0.0,0,13,0.0
pubmed_gcnii16,4,13,10,4,0,0.0,FIXED_IDS,10,0.0,0.0,0.0,0,13,0.0
pubmed_gcnii16,4,13,11,4,0,0.0,FIXED_IDS,10,0.0,0.0,0.0,0,13,0.0
pubmed_gcnii16,4,13,12,4,0,0.0,FIXED_IDS,10,0.0,0.0,0.0,0,13,0.0
pubmed_gcnii16,4,13,13,4,0,0.0,FIXED_IDS,10,0.0,0.0,0.0,0,13,0.0
pubmed_gcnii16,4,13,14,4,0,0.0,FIXED_IDS,10,0.0,0.0,0.0,0,13,0.0
pubmed_gcnii16,4,13,15,4,0,0.0,FIXED_IDS,10,0.0,0.0,0.0,0,13,0.0
pubmed_gcnii16,4,13,0,4,0,0.0,FIXED_IDS,10,0.0,0.0,0.0,0,13,0.0
pubmed_gcnii16,4,13,1,4,0,0.0,FIXED_IDS,10,0.0,0.0,0.0,0,13,0.0
pubmed_gcnii16,4,13,2,4,0,0.0,FIXED_IDS,10,0.0,0.0,0.0,0,13,0.0
pubmed_gcnii16,4,13,3,4,0,0.0,FIXED_IDS,10,0.0,0.0,0.0,0,13,0.0
pubmed_gcnii16,4,13,4,4,0,0.0,FIXED_IDS,10,0.0,0.0,0.0,0,13,0.0
pubmed_gcnii16,4,13,5,4,0,0.0,FIXED_IDS,10,0.0,0.0,0.0,0,13,0.0
pubmed_gcnii16,4,13,6,4,0,0.0,FIXED_IDS,10,0.0,0.0,0.0,0,13,0.0
pubmed_gcnii16,4,13,7,4,0,0.0,FIXED_IDS,10,0.0,0.0,0.0,0,13,0.0
pubmed_gcnii16,4,13,8,4,0,0.0,FIXED_IDS,10,0.0,0.0,0.0,0,13,0.0
pubmed_gcnii16,4,13,9,4,0,0.0,FIXED_IDS,10,0.0,0.0,0.0,0,13,0.0
pubmed_gcnii16,4,13,10,4,0,0.0,FIXED_IDS,10,0.0,0.0,0.0,0,13,0.0
pubmed_gcnii16,4,13,11,4,0,0.0,FIXED_IDS,10,0.0,0.0,0.0,0,13,0.0
pubmed_gcnii16,4,13,12,4,0,0.0,FIXED_IDS,10,0.0,0.0,0.0,0,13,0.0
pubmed_gcnii16,4,13,13,4,0,0.0,FIXED_IDS,10,0.0,0.0,0.0,0,13,0.0
pubmed_gcnii16,4,13,14,4,0,0.0,FIXED_IDS,10,0.0,0.0,0.0,0,13,0.0
pubmed_gcnii16,4,13,15,4,0,0.0,FIXED_IDS,10,0.0,0.0,0.0,0,13,0.0
pubmed_gcnii16,4,13,0,4,0,0.0,FIXED_IDS,10,0.0,0.0,0.0,0,13,0.0
pubmed_gcnii16,4,13,1,4,0,0.0,FIXED_IDS,10,0.0,0.0,0.0,0,13,0.0
pubmed_gcnii16,4,13,2,4,0,0.0,FIXED_IDS,10,0.0,0.0,0.0,0,13,0.0
pubmed_gcnii16,4,13,3,4,0,0.0,FIXED_IDS,10,0.0,0.0,0.0,0,13,0.0
pubmed_gcnii16,4,13,4,4,0,0.0,FIXED_IDS,10,0.0,0.0,0.0,0,13,0.0
pubmed_gcnii16,4,13,5,4,0,0.0,FIXED_IDS,10,0.0,0.0,0.0,0,13,0.0
pubmed_gcnii16,4,13,6,4,0,0.0,FIXED_IDS,10,0.0,0.0,0.0,0,13,0.0
pubmed_gcnii16,4,13,7,4,0,0.0,FIXED_IDS,10,0.0,0.0,0.0,0,13,0.0
pubmed_gcnii16,4,13,8,4,0,0.0,FIXED_IDS,10,0.0,0.0,0.0,0,13,0.0
pubmed_gcnii16,4,13,9,4,0,0.0,FIXED_IDS,10,0.0,0.0,0.0,0,13,0.0
pubmed_gcnii16,4,13,10,4,0,0.0,FIXED_IDS,10,0.0,0.0,0.0,0,13,0.0
pubmed_gcnii16,4,13,11,4,0,0.0,FIXED_IDS,10,0.0,0.0,0.0,0,13,0.0
pubmed_gcnii16,4,13,12,4,0,0.0,FIXED_IDS,10,0.0,0.0,0.0,0,13,0.0
pubmed_gcnii16,4,13,13,4,0,0.0,FIXED_IDS,10,0.0,0.0,0.0,0,13,0.0
pubmed_gcnii16,4,13,14,4,0,0.0,FIXED_IDS,10,0.0,0.0,0.0,0,13,0.0
pubmed_gcnii16,4,13,15,4,0,0.0,FIXED_IDS,10,0.0,0.0,0.0,0,13,0.0
pubmed_gcnii16,4,13,0,4,0,0.0,FIXED_IDS,10,0.0,0.0,0.0,0,13,0.0
pubmed_gcnii16,4,13,1,4,0,0.0,FIXED_IDS,10,0.0,0.0,0.0,0,13,0.0
pubmed_gcnii16,4,13,2,4,0,0.0,FIXED_IDS,10,0.0,0.0,0.0,0,13,0.0
pubmed_gcnii16,4,13,3,4,0,0.0,FIXED_IDS,10,0.0,0.0,0.0,0,13,0.0
pubmed_gcnii16,4,13,4,4,0,0.0,FIXED_IDS,10,0.0,0.0,0.0,0,13,0.0
pubmed_gcnii16,4,13,5,4,0,0.0,FIXED_IDS,10,0.0,0.0,0.0,0,13,0.0
pubmed_gcnii16,4,13,6,4,0,0.0,FIXED_IDS,10,0.0,0.0,0.0,0,13,0.0
pubmed_gcnii16,4,13,7,4,0,0.0,FIXED_IDS,10,0.0,0.0,0.0,0,13,0.0
pubmed_gcnii16,4,13,8,4,0,0.0,FIXED_IDS,10,0.0,0.0,0.0,0,13,0.0
pubmed_gcnii16,4,13,9,4,0,0.0,FIXED_IDS,10,0.0,0.0,0.0,0,13,0.0
pubmed_gcnii16,4,13,10,4,0,0.0,FIXED_IDS,10,0.0,0.0,0.0,0,13,0.0
pubmed_gcnii16,4,13,11,4,0,0.0,FIXED_IDS,10,0.0,0.0,0.0,0,13,0.0
pubmed_gcnii16,4,13,12,4,0,0.0,FIXED_IDS,10,0.0,0.0,0.0,0,13,0.0
pubmed_gcnii16,4,13,13,4,0,0.0,FIXED_IDS,10,0.0,0.0,0.0,0,13,0.0
pubmed_gcnii16,4,13,14,4,0,0.0,FIXED_IDS,10,0.0,0.0,0.0,0,13,0.0
pubmed_gcnii16,4,13,15,4,0,0.0,FIXED_IDS,10,0.0,0.0,0.0,0,13,0.0
pubmed_gcnii16,4,13,0,4,0,0.0,FIXED_IDS,10,0.0,0.0,0.0,0,13,0.0
pubmed_gcnii16,4,13,1,4,0,0.0,FIXED_IDS,10,0.0,0.0,0.0,0,13,0.0
pubmed_gcnii16,4,13,2,4,0,0.0,FIXED_IDS,10,0.0,0.0,0.0,0,13,0.0
pubmed_gcnii16,4,13,3,4,0,0.0,FIXED_IDS,10,0.0,0.0,0.0,0,13,0.0
pubmed_gcnii16,4,13,4,4,0,0.0,FIXED_IDS,10,0.0,0.0,0.0,0,13,0.0
pubmed_gcnii16,4,13,5,4,0,0.0,FIXED_IDS,10,0.0,0.0,0.0,0,13,0.0
pubmed_gcnii16,4,13,6,4,0,0.0,FIXED_IDS,10,0.0,0.0,0.0,0,13,0.0
pubmed_gcnii16,4,13,7,4,0,0.0,FIXED_IDS,10,0.0,0.0,0.0,0,13,0.0
pubmed_gcnii16,4,13,8,4,0,0.0,FIXED_IDS,10,0.0,0.0,0.0,0,13,0.0
pubmed_gcnii16,4,13,9,4,0,0.0,FIXED_IDS,10,0.0,0.0,0.0,0,13,0.0
pubmed_gcnii16,4,13,10,4,0,0.0,FIXED_IDS,10,0.0,0.0,0.0,0,13,0.0
pubmed_gcnii16,4,13,11,4,0,0.0,FIXED_IDS,10,0.0,0.0,0.0,0,13,0.0
pubmed_gcnii16,4,13,12,4,0,0.0,FIXED_IDS,10,0.0,0.0,0.0,0,13,0.0
pubmed_gcnii16,4,13,13,4,0,0.0,FIXED_IDS,10,0.0,0.0,0.0,0,13,0.0
pubmed_gcnii16,4,13,14,4,0,0.0,FIXED_IDS,10,0.0,0.0,0.0,0,13,0.0
pubmed_gcnii16,4,13,15,4,0,0.0,FIXED_IDS,10,0.0,0.0,0.0,0,13,0.0
pubmed_gcnii16,4,13,0,4,0,0.0,FIXED_IDS,10,0.0,0.0,0.0,0,13,0.0
pubmed_gcnii16,4,13,1,4,0,0.0,FIXED_IDS,10,0.0,0.0,0.0,0,13,0.0
pubmed_gcnii16,4,13,2,4,0,0.0,FIXED_IDS,10,0.0,0.0,0.0,0,13,0.0
pubmed_gcnii16,4,13,3,4,0,0.0,FIXED_IDS,10,0.0,0.0,0.0,0,13,0.0
pubmed_gcnii16,4,13,4,4,0,0.0,FIXED_IDS,10,0.0,0.0,0.0,0,13,0.0
pubmed_gcnii16,4,13,5,4,0,0.0,FIXED_IDS,10,0.0,0.0,0.0,0,13,0.0
pubmed_gcnii16,4,13,6,4,0,0.0,FIXED_IDS,10,0.0,0.0,0.0,0,13,0.0
pubmed_gcnii16,4,13,7,4,0,0.0,FIXED_IDS,10,0.0,0.0,0.0,0,13,0.0
pubmed_gcnii16,4,13,8,4,0,0.0,FIXED_IDS,10,0.0,0.0,0.0,0,13,0.0
pubmed_gcnii16,4,13,9,4,0,0.0,FIXED_IDS,10,0.0,0.0,0.0,0,13,0.0
pubmed_gcnii16,4,13,10,4,0,0.0,FIXED_IDS,10,0.0,0.0,0.0,0,13,0.0
pubmed_gcnii16,4,13,11,4,0,0.0,FIXED_IDS,10,0.0,0.0,0.0,0,13,0.0
pubmed_gcnii16,4,13,12,4,0,0.0,FIXED_IDS,10,0.0,0.0,0.0,0,13,0.0
pubmed_gcnii16,4,13,13,4,0,0.0,FIXED_IDS,10,0.0,0.0,0.0,0,13,0.0
pubmed_gcnii16,4,13,14,4,0,0.0,FIXED_IDS,10,0.0,0.0,0.0,0,13,0.0
pubmed_gcnii16,4,13,15,4,0,0.0,FIXED_IDS,10,0.0,0.0,0.0,0,13,0.0
pubmed_gcnii16,4,13,0,4,0,0.0,FIXED_IDS,10,0.0,0.0,0.0,0,13,0.0
pubmed_gcnii16,4,13,1,4,0,0.0,FIXED_IDS,10,0.0,0.0,0.0,0,13,0.0
pubmed_gcnii16,4,13,2,4,0,0.0,FIXED_IDS,10,0.0,0.0,0.0,0,13,0.0
pubmed_gcnii16,4,13,3,4,0,0.0,FIXED_IDS,10,0.0,0.0,0.0,0,13,0.0
pubmed_gcnii16,4,13,4,4,0,0.0,FIXED_IDS,10,0.0,0.0,0.0,0,13,0.0
pubmed_gcnii16,4,13,5,4,0,0.0,FIXED_IDS,10,0.0,0.0,0.0,0,13,0.0
pubmed_gcnii16,4,13,6,4,0,0.0,FIXED_IDS,10,0.0,0.0,0.0,0,13,0.0
pubmed_gcnii16,4,13,7,4,0,0.0,FIXED_IDS,10,0.0,0.0,0.0,0,13,0.0
pubmed_gcnii16,4,13,8,4,0,0.0,FIXED_IDS,10,0.0,0.0,0.0,0,13,0.0
pubmed_gcnii16,4,13,9,4,0,0.0,FIXED_IDS,10,0.0,0.0,0.0,0,13,0.0
pubmed_gcnii16,4,13,10,4,0,0.0,FIXED_IDS,10,0.0,0.0,0.0,0,13,0.0
pubmed_gcnii16,4,13,11,4,0,0.0,FIXED_IDS,10,0.0,0.0,0.0,0,13,0.0
pubmed_gcnii16,4,13,12,4,0,0.0,FIXED_IDS,10,0.0,0.0,0.0,0,13,0.0
pubmed_gcnii16,4,13,13,4,0,0.0,FIXED_IDS,10,0.0,0.0,0.0,0,13,0.0
pubmed_gcnii16,4,13,14,4,0,0.0,FIXED_IDS,10,0.0,0.0,0.0,0,13,0.0
pubmed_gcnii16,4,13,15,4,0,0.0,FIXED_IDS,10,0.0,0.0,0.0,0,13,0.0
pubmed_gcnii16,4,13,0,4,0,0.0,FIXED_IDS,10,0.0,0.0,0.0,0,13,0.0
pubmed_gcnii16,4,13,1,4,0,0.0,FIXED_IDS,10,0.0,0.0,0.0,0,13,0.0
pubmed_gcnii16,4,13,2,4,0,0.0,FIXED_IDS,10,0.0,0.0,0.0,0,13,0.0
pubmed_gcnii16,4,13,3,4,0,0.0,FIXED_IDS,10,0.0,0.0,0.0,0,13,0.0
pubmed_gcnii16,4,13,4,4,0,0.0,FIXED_IDS,10,0.0,0.0,0.0,0,13,0.0
pubmed_gcnii16,4,13,5,4,0,0.0,FIXED_IDS,10,0.0,0.0,0.0,0,13,0.0
pubmed_gcnii16,4,13,6,4,0,0.0,FIXED_IDS,10,0.0,0.0,0.0,0,13,0.0
pubmed_gcnii16,4,13,7,4,0,0.0,FIXED_IDS,10,0.0,0.0,0.0,0,13,0.0
pubmed_gcnii16,4,13,8,4,0,0.0,FIXED_IDS,10,0.0,0.0,0.0,0,13,0.0
pubmed_gcnii16,4,13,9,4,0,0.0,FIXED_IDS,10,0.0,0.0,0.0,0,13,0.0
pubmed_gcnii16,4,13,10,4,0,0.0,FIXED_IDS,10,0.0,0.0,0.0,0,13,0.0
pubmed_gcnii16,4,13,11,4,0,0.0,FIXED_IDS,10,0.0,0.0,0.0,0,13,0.0
pubmed_gcnii16,4,13,12,4,0,0.0,FIXED_IDS,10,0.0,0.0,0.0,0,13,0.0
pubmed_gcnii16,4,13,13,4,0,0.0,FIXED_IDS,10,0.0,0.0,0.0,0,13,0.0
pubmed_gcnii16,4,13,14,4,0,0.0,FIXED_IDS,10,0.0,0.0,0.0,0,13,0.0
pubmed_gcnii16,4,13,15,4,0,0.0,FIXED_IDS,10,0.0,0.0,0.0,0,13,0.0
pubmed_gcnii16,4,13,0,4,0,0.0,FIXED_IDS,10,0.0,0.0,0.0,0,13,0.0
pubmed_gcnii16,4,13,1,4,0,0.0,FIXED_IDS,10,0.0,0.0,0.0,0,13,0.0
pubmed_gcnii16,4,13,2,4,0,0.0,FIXED_IDS,10,0.0,0.0,0.0,0,13,0.0
pubmed_gcnii16,4,13,3,4,0,0.0,FIXED_IDS,10,0.0,0.0,0.0,0,13,0.0
pubmed_gcnii16,4,13,4,4,0,0.0,FIXED_IDS,10,0.0,0.0,0.0,0,13,0.0
pubmed_gcnii16,4,13,5,4,0,0.0,FIXED_IDS,10,0.0,0.0,0.0,0,13,0.0
pubmed_gcnii16,4,13,6,4,0,0.0,FIXED_IDS,10,0.0,0.0,0.0,0,13,0.0
pubmed_gcnii16,4,13,7,4,0,0.0,FIXED_IDS,10,0.0,0.0,0.0,0,13,0.0
pubmed_gcnii16,4,13,8,4,0,0.0,FIXED_IDS,10,0.0,0.0,0.0,0,13,0.0
pubmed_gcnii16,4,13,9,4,0,0.0,FIXED_IDS,10,0.0,0.0,0.0,0,13,0.0
pubmed_gcnii16,4,13,10,4,0,0.0,FIXED_IDS,10,0.0,0.0,0.0,0,13,0.0
pubmed_gcnii16,4,13,11,4,0,0.0,FIXED_IDS,10,0.0,0.0,0.0,0,13,0.0
pubmed_gcnii16,4,13,12,4,0,0.0,FIXED_IDS,10,0.0,0.0,0.0,0,13,0.0
pubmed_gcnii16,4,13,13,4,0,0.0,FIXED_IDS,10,0.0,0.0,0.0,0,13,0.0
pubmed_gcnii16,4,13,14,4,0,0.0,FIXED_IDS,10,0.0,0.0,0.0,0,13,0.0
pubmed_gcnii16,4,13,15,4,0,0.0,FIXED_IDS,10,0.0,0.0,0.0,0,13,0.0
pubmed_gcnii16,4,13,0,4,0,0.0,FIXED_IDS,10,0.0,0.0,0.0,0,13,0.0
pubmed_gcnii16,4,13,1,4,0,0.0,FIXED_IDS,10,0.0,0.0,0.0,0,13,0.0
pubmed_gcnii16,4,13,2,4,0,0.0,FIXED_IDS,10,0.0,0.0,0.0,0,13,0.0
pubmed_gcnii16,4,13,3,4,0,0.0,FIXED_IDS,10,0.0,0.0,0.0,0,13,0.0
pubmed_gcnii16,4,13,4,4,0,0.0,FIXED_IDS,10,0.0,0.0,0.0,0,13,0.0
pubmed_gcnii16,4,13,5,4,0,0.0,FIXED_IDS,10,0.0,0.0,0.0,0,13,0.0
pubmed_gcnii16,4,13,6,4,0,0.0,FIXED_IDS,10,0.0,0.0,0.0,0,13,0.0
pubmed_gcnii16,4,13,7,4,0,0.0,FIXED_IDS,10,0.0,0.0,0.0,0,13,0.0
pubmed_gcnii16,4,13,8,4,0,0.0,FIXED_IDS,10,0.0,0.0,0.0,0,13,0.0
pubmed_gcnii16,4,13,9,4,0,0.0,FIXED_IDS,10,0.0,0.0,0.0,0,13,0.0
pubmed_gcnii16,4,13,10,4,0,0.0,FIXED_IDS,10,0.0,0.0,0.0,0,13,0.0
pubmed_gcnii16,4,13,11,4,0,0.0,FIXED_IDS,10,0.0,0.0,0.0,0,13,0.0
pubmed_gcnii16,4,13,12,4,0,0.0,FIXED_IDS,10,0.0,0.0,0.0,0,13,0.0
pubmed_gcnii16,4,13,13,4,0,0.0,FIXED_IDS,10,0.0,0.0,0.0,0,13,0.0
pubmed_gcnii16,4,13,14,4,0,0.0,FIXED_IDS,10,0.0,0.0,0.0,0,13,0.0
pubmed_gcnii16,4,13,15,4,0,0.0,FIXED_IDS,10,0.0,0.0,0.0,0,13,0.0
pubmed_gcnii16,4,13,0,4,0,0.0,FIXED_IDS,10,0.0,0.0,0.0,0,13,0.0
pubmed_gcnii16,4,13,1,4,0,0.0,FIXED_IDS,10,0.0,0.0,0.0,0,13,0.0
pubmed_gcnii16,4,13,2,4,0,0.0,FIXED_IDS,10,0.0,0.0,0.0,0,13,0.0
pubmed_gcnii16,4,13,3,4,0,0.0,FIXED_IDS,10,0.0,0.0,0.0,0,13,0.0
pubmed_gcnii16,4,13,4,4,0,0.0,FIXED_IDS,10,0.0,0.0,0.0,0,13,0.0
pubmed_gcnii16,4,13,5,4,0,0.0,FIXED_IDS,10,0.0,0.0,0.0,0,13,0.0
pubmed_gcnii16,4,13,6,4,0,0.0,FIXED_IDS,10,0.0,0.0,0.0,0,13,0.0
pubmed_gcnii16,4,13,7,4,0,0.0,FIXED_IDS,10,0.0,0.0,0.0,0,13,0.0
pubmed_gcnii16,4,13,8,4,0,0.0,FIXED_IDS,10,0.0,0.0,0.0,0,13,0.0
pubmed_gcnii16,4,13,9,4,0,0.0,FIXED_IDS,10,0.0,0.0,0.0,0,13,0.0
pubmed_gcnii16,4,13,10,4,0,0.0,FIXED_IDS,10,0.0,0.0,0.0,0,13,0.0
pubmed_gcnii16,4,13,11,4,0,0.0,FIXED_IDS,10,0.0,0.0,0.0,0,13,0.0
pubmed_gcnii16,4,13,12,4,0,0.0,FIXED_IDS,10,0.0,0.0,0.0,0,13,0.0
pubmed_gcnii16,4,13,13,4,0,0.0,FIXED_IDS,10,0.0,0.0,0.0,0,13,0.0
pubmed_gcnii16,4,13,14,4,0,0.0,FIXED_IDS,10,0.0,0.0,0.0,0,13,0.0
pubmed_gcnii16,4,13,15,4,0,0.0,FIXED_IDS,10,0.0,0.0,0.0,0,13,0.0
pubmed_gcnii16,4,13,0,4,0,0.0,FIXED_IDS,10,0.0,0.0,0.0,0,13,0.0
pubmed_gcnii16,4,13,1,4,0,0.0,FIXED_IDS,10,0.0,0.0,0.0,0,13,0.0
pubmed_gcnii16,4,13,2,4,0,0.0,FIXED_IDS,10,0.0,0.0,0.0,0,13,0.0
pubmed_gcnii16,4,13,3,4,0,0.0,FIXED_IDS,10,0.0,0.0,0.0,0,13,0.0
pubmed_gcnii16,4,13,4,4,0,0.0,FIXED_IDS,10,0.0,0.0,0.0,0,13,0.0
pubmed_gcnii16,4,13,5,4,0,0.0,FIXED_IDS,10,0.0,0.0,0.0,0,13,0.0
pubmed_gcnii16,4,13,6,4,0,0.0,FIXED_IDS,10,0.0,0.0,0.0,0,13,0.0
pubmed_gcnii16,4,13,7,4,0,0.0,FIXED_IDS,10,0.0,0.0,0.0,0,13,0.0
pubmed_gcnii16,4,13,8,4,0,0.0,FIXED_IDS,10,0.0,0.0,0.0,0,13,0.0
pubmed_gcnii16,4,13,9,4,0,0.0,FIXED_IDS,10,0.0,0.0,0.0,0,13,0.0
pubmed_gcnii16,4,13,10,4,0,0.0,FIXED_IDS,10,0.0,0.0,0.0,0,13,0.0
pubmed_gcnii16,4,13,11,4,0,0.0,FIXED_IDS,10,0.0,0.0,0.0,0,13,0.0
pubmed_gcnii16,4,13,12,4,0,0.0,FIXED_IDS,10,0.0,0.0,0.0,0,13,0.0
pubmed_gcnii16,4,13,13,4,0,0.0,FIXED_IDS,10,0.0,0.0,0.0,0,13,0.0
pubmed_gcnii16,4,13,14,4,0,0.0,FIXED_IDS,10,0.0,0.0,0.0,0,13,0.0
pubmed_gcnii16,4,13,15,4,0,0.0,FIXED_IDS,10,0.0,0.0,0.0,0,13,0.0
pubmed_gcnii16,4,13,0,4,0,0.0,FIXED_IDS,10,0.0,0.0,0.0,0,13,0.0
pubmed_gcnii16,4,13,1,4,0,0.0,FIXED_IDS,10,0.0,0.0,0.0,0,13,0.0
pubmed_gcnii16,4,13,2,4,0,0.0,FIXED_IDS,10,0.0,0.0,0.0,0,13,0.0
pubmed_gcnii16,4,13,3,4,0,0.0,FIXED_IDS,10,0.0,0.0,0.0,0,13,0.0
pubmed_gcnii16,4,13,4,4,0,0.0,FIXED_IDS,10,0.0,0.0,0.0,0,13,0.0
pubmed_gcnii16,4,13,5,4,0,0.0,FIXED_IDS,10,0.0,0.0,0.0,0,13,0.0
pubmed_gcnii16,4,13,6,4,0,0.0,FIXED_IDS,10,0.0,0.0,0.0,0,13,0.0
pubmed_gcnii16,4,13,7,4,0,0.0,FIXED_IDS,10,0.0,0.0,0.0,0,13,0.0
pubmed_gcnii16,4,13,8,4,0,0.0,FIXED_IDS,10,0.0,0.0,0.0,0,13,0.0
pubmed_gcnii16,4,13,9,4,0,0.0,FIXED_IDS,10,0.0,0.0,0.0,0,13,0.0
pubmed_gcnii16,4,13,10,4,0,0.0,FIXED_IDS,10,0.0,0.0,0.0,0,13,0.0
pubmed_gcnii16,4,13,11,4,0,0.0,FIXED_IDS,10,0.0,0.0,0.0,0,13,0.0
pubmed_gcnii16,4,13,12,4,0,0.0,FIXED_IDS,10,0.0,0.0,0.0,0,13,0.0
pubmed_gcnii16,4,13,13,4,0,0.0,FIXED_IDS,10,0.0,0.0,0.0,0,13,0.0
pubmed_gcnii16,4,13,14,4,0,0.0,FIXED_IDS,10,0.0,0.0,0.0,0,13,0.0
pubmed_gcnii16,4,13,15,4,0,0.0,FIXED_IDS,10,0.0,0.0,0.0,0,13,0.0
pubmed_gcnii16,4,13,0,4,0,0.0,FIXED_IDS,10,0.0,0.0,0.0,0,13,0.0
pubmed_gcnii16,4,13,1,4,0,0.0,FIXED_IDS,10,0.0,0.0,0.0,0,13,0.0
pubmed_gcnii16,4,13,2,4,0,0.0,FIXED_IDS,10,0.0,0.0,0.0,0,13,0.0
pubmed_gcnii16,4,13,3,4,0,0.0,FIXED_IDS,10,0.0,0.0,0.0,0,13,0.0
pubmed_gcnii16,4,13,4,4,0,0.0,FIXED_IDS,10,0.0,0.0,0.0,0,13,0.0
pubmed_gcnii16,4,13,5,4,0,0.0,FIXED_IDS,10,0.0,0.0,0.0,0,13,0.0
pubmed_gcnii16,4,13,6,4,0,0.0,FIXED_IDS,10,0.0,0.0,0.0,0,13,0.0
pubmed_gcnii16,4,13,7,4,0,0.0,FIXED_IDS,10,0.0,0.0,0.0,0,13,0.0
pubmed_gcnii16,4,13,8,4,0,0.0,FIXED_IDS,10,0.0,0.0,0.0,0,13,0.0
pubmed_gcnii16,4,13,9,4,0,0.0,FIXED_IDS,10,0.0,0.0,0.0,0,13,0.0
pubmed_gcnii16,4,13,10,4,0,0.0,FIXED_IDS,10,0.0,0.0,0.0,0,13,0.0
pubmed_gcnii16,4,13,11,4,0,0.0,FIXED_IDS,10,0.0,0.0,0.0,0,13,0.0
pubmed_gcnii16,4,13,12,4,0,0.0,FIXED_IDS,10,0.0,0.0,0.0,0,13,0.0
pubmed_gcnii16,4,13,13,4,0,0.0,FIXED_IDS,10,0.0,0.0,0.0,0,13,0.0
pubmed_gcnii16,4,13,14,4,0,0.0,FIXED_IDS,10,0.0,0.0,0.0,0,13,0.0
pubmed_gcnii16,4,13,15,4,0,0.0,FIXED_IDS,10,0.0,0.0,0.0,0,13,0.0
pubmed_gcnii16,4,13,0,4,0,0.0,FIXED_IDS,10,0.0,0.0,0.0,0,13,0.0
pubmed_gcnii16,4,13,1,4,0,0.0,FIXED_IDS,10,0.0,0.0,0.0,0,13,0.0
pubmed_gcnii16,4,13,2,4,0,0.0,FIXED_IDS,10,0.0,0.0,0.0,0,13,0.0
pubmed_gcnii16,4,13,3,4,0,0.0,FIXED_IDS,10,0.0,0.0,0.0,0,13,0.0
pubmed_gcnii16,4,13,4,4,0,0.0,FIXED_IDS,10,0.0,0.0,0.0,0,13,0.0
pubmed_gcnii16,4,13,5,4,0,0.0,FIXED_IDS,10,0.0,0.0,0.0,0,13,0.0
pubmed_gcnii16,4,13,6,4,0,0.0,FIXED_IDS,10,0.0,0.0,0.0,0,13,0.0
pubmed_gcnii16,4,13,7,4,0,0.0,FIXED_IDS,10,0.0,0.0,0.0,0,13,0.0
pubmed_gcnii16,4,13,8,4,0,0.0,FIXED_IDS,10,0.0,0.0,0.0,0,13,0.0
pubmed_gcnii16,4,13,9,4,0,0.0,FIXED_IDS,10,0.0,0.0,0.0,0,13,0.0
pubmed_gcnii16,4,13,10,4,0,0.0,FIXED_IDS,10,0.0,0.0,0.0,0,13,0.0
pubmed_gcnii16,4,13,11,4,0,0.0,FIXED_IDS,10,0.0,0.0,0.0,0,13,0.0
pubmed_gcnii16,4,13,12,4,0,0.0,FIXED_IDS,10,0.0,0.0,0.0,0,13,0.0
pubmed_gcnii16,4,13,13,4,0,0.0,FIXED_IDS,10,0.0,0.0,0.0,0,13,0.0
pubmed_gcnii16,4,13,14,4,0,0.0,FIXED_IDS,10,0.0,0.0,0.0,0,13,0.0
pubmed_gcnii16,4,13,15,4,0,0.0,FIXED_IDS,10,0.0,0.0,0.0,0,13,0.0
pubmed_gcnii16,4,13,0,4,0,0.0,FIXED_IDS,10,0.0,0.0,0.0,0,13,0.0
pubmed_gcnii16,4,13,1,4,0,0.0,FIXED_IDS,10,0.0,0.0,0.0,0,13,0.0
pubmed_gcnii16,4,13,2,4,0,0.0,FIXED_IDS,10,0.0,0.0,0.0,0,13,0.0
pubmed_gcnii16,4,13,3,4,0,0.0,FIXED_IDS,10,0.0,0.0,0.0,0,13,0.0
pubmed_gcnii16,4,13,4,4,0,0.0,FIXED_IDS,10,0.0,0.0,0.0,0,13,0.0
pubmed_gcnii16,4,13,5,4,0,0.0,FIXED_IDS,10,0.0,0.0,0.0,0,13,0.0
pubmed_gcnii16,4,13,6,4,0,0.0,FIXED_IDS,10,0.0,0.0,0.0,0,13,0.0
pubmed_gcnii16,4,13,7,4,0,0.0,FIXED_IDS,10,0.0,0.0,0.0,0,13,0.0
pubmed_gcnii16,4,13,8,4,0,0.0,FIXED_IDS,10,0.0,0.0,0.0,0,13,0.0
pubmed_gcnii16,4,13,9,4,0,0.0,FIXED_IDS,10,0.0,0.0,0.0,0,13,0.0
pubmed_gcnii16,4,13,10,4,0,0.0,FIXED_IDS,10,0.0,0.0,0.0,0,13,0.0
pubmed_gcnii16,4,13,11,4,0,0.0,FIXED_IDS,10,0.0,0.0,0.0,0,13,0.0
pubmed_gcnii16,4,13,12,4,0,0.0,FIXED_IDS,10,0.0,0.0,0.0,0,13,0.0
pubmed_gcnii16,4,13,13,4,0,0.0,FIXED_IDS,10,0.0,0.0,0.0,0,13,0.0
pubmed_gcnii16,4,13,14,4,0,0.0,FIXED_IDS,10,0.0,0.0,0.0,0,13,0.0
pubmed_gcnii16,4,13,15,4,0,0.0,FIXED_IDS,10,0.0,0.0,0.0,0,13,0.0
pubmed_gcnii16,4,13,0,4,0,0.0,FIXED_IDS,10,0.0,0.0,0.0,0,13,0.0
pubmed_gcnii16,4,13,1,4,0,0.0,FIXED_IDS,10,0.0,0.0,0.0,0,13,0.0
pubmed_gcnii16,4,13,2,4,0,0.0,FIXED_IDS,10,0.0,0.0,0.0,0,13,0.0
pubmed_gcnii16,4,13,3,4,0,0.0,FIXED_IDS,10,0.0,0.0,0.0,0,13,0.0
pubmed_gcnii16,4,13,4,4,0,0.0,FIXED_IDS,10,0.0,0.0,0.0,0,13,0.0
pubmed_gcnii16,4,13,5,4,0,0.0,FIXED_IDS,10,0.0,0.0,0.0,0,13,0.0
pubmed_gcnii16,4,13,6,4,0,0.0,FIXED_IDS,10,0.0,0.0,0.0,0,13,0.0
pubmed_gcnii16,4,13,7,4,0,0.0,FIXED_IDS,10,0.0,0.0,0.0,0,13,0.0
pubmed_gcnii16,4,13,8,4,0,0.0,FIXED_IDS,10,0.0,0.0,0.0,0,13,0.0
pubmed_gcnii16,4,13,9,4,0,0.0,FIXED_IDS,10,0.0,0.0,0.0,0,13,0.0
pubmed_gcnii16,4,13,10,4,0,0.0,FIXED_IDS,10,0.0,0.0,0.0,0,13,0.0
pubmed_gcnii16,4,13,11,4,0,0.0,FIXED_IDS,10,0.0,0.0,0.0,0,13,0.0
pubmed_gcnii16,4,13,12,4,0,0.0,FIXED_IDS,10,0.0,0.0,0.0,0,13,0.0
pubmed_gcnii16,4,13,13,4,0,0.0,FIXED_IDS,10,0.0,0.0,0.0,0,13,0.0
pubmed_gcnii16,4,13,14,4,0,0.0,FIXED_IDS,10,0.0,0.0,0.0,0,13,0.0
pubmed_gcnii16,4,13,15,4,0,0.0,FIXED_IDS,10,0.0,0.0,0.0,0,13,0.0
pubmed_gcnii16,4,13,0,4,0,0.0,FIXED_IDS,10,0.0,0.0,0.0,0,13,0.0
pubmed_gcnii16,4,13,1,4,0,0.0,FIXED_IDS,10,0.0,0.0,0.0,0,13,0.0
pubmed_gcnii16,4,13,2,4,0,0.0,FIXED_IDS,10,0.0,0.0,0.0,0,13,0.0
pubmed_gcnii16,4,13,3,4,0,0.0,FIXED_IDS,10,0.0,0.0,0.0,0,13,0.0
pubmed_gcnii16,4,13,4,4,0,0.0,FIXED_IDS,10,0.0,0.0,0.0,0,13,0.0
pubmed_gcnii16,4,13,5,4,0,0.0,FIXED_IDS,10,0.0,0.0,0.0,0,13,0.0
pubmed_gcnii16,4,13,6,4,0,0.0,FIXED_IDS,10,0.0,0.0,0.0,0,13,0.0
pubmed_gcnii16,4,13,7,4,0,0.0,FIXED_IDS,10,0.0,0.0,0.0,0,13,0.0
pubmed_gcnii16,4,13,8,4,0,0.0,FIXED_IDS,10,0.0,0.0,0.0,0,13,0.0
pubmed_gcnii16,4,13,9,4,0,0.0,FIXED_IDS,10,0.0,0.0,0.0,0,13,0.0
pubmed_gcnii16,4,13,10,4,0,0.0,FIXED_IDS,10,0.0,0.0,0.0,0,13,0.0
pubmed_gcnii16,4,13,11,4,0,0.0,FIXED_IDS,10,0.0,0.0,0.0,0,13,0.0
pubmed_gcnii16,4,13,12,4,0,0.0,FIXED_IDS,10,0.0,0.0,0.0,0,13,0.0
pubmed_gcnii16,4,13,13,4,0,0.0,FIXED_IDS,10,0.0,0.0,0.0,0,13,0.0
pubmed_gcnii16,4,13,14,4,0,0.0,FIXED_IDS,10,0.0,0.0,0.0,0,13,0.0
pubmed_gcnii16,4,13,15,4,0,0.0,FIXED_IDS,10,0.0,0.0,0.0,0,13,0.0
pubmed_gcnii16,4,13,0,4,0,0.0,FIXED_IDS,10,0.0,0.0,0.0,0,13,0.0
pubmed_gcnii16,4,13,1,4,0,0.0,FIXED_IDS,10,0.0,0.0,0.0,0,13,0.0
pubmed_gcnii16,4,13,2,4,0,0.0,FIXED_IDS,10,0.0,0.0,0.0,0,13,0.0
pubmed_gcnii16,4,13,3,4,0,0.0,FIXED_IDS,10,0.0,0.0,0.0,0,13,0.0
pubmed_gcnii16,4,13,4,4,0,0.0,FIXED_IDS,10,0.0,0.0,0.0,0,13,0.0
pubmed_gcnii16,4,13,5,4,0,0.0,FIXED_IDS,10,0.0,0.0,0.0,0,13,0.0
pubmed_gcnii16,4,13,6,4,0,0.0,FIXED_IDS,10,0.0,0.0,0.0,0,13,0.0
pubmed_gcnii16,4,13,7,4,0,0.0,FIXED_IDS,10,0.0,0.0,0.0,0,13,0.0
pubmed_gcnii16,4,13,8,4,0,0.0,FIXED_IDS,10,0.0,0.0,0.0,0,13,0.0
pubmed_gcnii16,4,13,9,4,0,0.0,FIXED_IDS,10,0.0,0.0,0.0,0,13,0.0
pubmed_gcnii16,4,13,10,4,0,0.0,FIXED_IDS,10,0.0,0.0,0.0,0,13,0.0
pubmed_gcnii16,4,13,11,4,0,0.0,FIXED_IDS,10,0.0,0.0,0.0,0,13,0.0
pubmed_gcnii16,4,13,12,4,0,0.0,FIXED_IDS,10,0.0,0.0,0.0,0,13,0.0
pubmed_gcnii16,4,13,13,4,0,0.0,FIXED_IDS,10,0.0,0.0,0.0,0,13,0.0
pubmed_gcnii16,4,13,14,4,0,0.0,FIXED_IDS,10,0.0,0.0,0.0,0,13,0.0
pubmed_gcnii16,4,13,15,4,0,0.0,FIXED_IDS,10,0.0,0.0,0.0,0,13,0.0
pubmed_gcnii16,4,13,0,4,0,0.0,FIXED_IDS,5,0.0,0.0,0.0,0,13,0.0
pubmed_gcnii16,4,13,1,4,0,0.0,FIXED_IDS,5,0.0,0.0,0.0,0,13,0.0
pubmed_gcnii16,4,13,2,4,0,0.0,FIXED_IDS,5,0.0,0.0,0.0,0,13,0.0
pubmed_gcnii16,4,13,3,4,0,0.0,FIXED_IDS,5,0.0,0.0,0.0,0,13,0.0
pubmed_gcnii16,4,13,4,4,0,0.0,FIXED_IDS,5,0.0,0.0,0.0,0,13,0.0
pubmed_gcnii16,4,13,5,4,0,0.0,FIXED_IDS,5,0.0,0.0,0.0,0,13,0.0
pubmed_gcnii16,4,13,6,4,0,0.0,FIXED_IDS,5,0.0,0.0,0.0,0,13,0.0
pubmed_gcnii16,4,13,7,4,0,0.0,FIXED_IDS,5,0.0,0.0,0.0,0,13,0.0
pubmed_gcnii16,4,13,8,4,0,0.0,FIXED_IDS,5,0.0,0.0,0.0,0,13,0.0
pubmed_gcnii16,4,13,9,4,0,0.0,FIXED_IDS,5,0.0,0.0,0.0,0,13,0.0
pubmed_gcnii16,4,13,10,4,0,0.0,FIXED_IDS,5,0.0,0.0,0.0,0,13,0.0
pubmed_gcnii16,4,13,11,4,0,0.0,FIXED_IDS,5,0.0,0.0,0.0,0,13,0.0
pubmed_gcnii16,4,13,12,4,0,0.0,FIXED_IDS,5,0.0,0.0,0.0,0,13,0.0
pubmed_gcnii16,4,13,13,4,0,0.0,FIXED_IDS,5,0.0,0.0,0.0,0,13,0.0
pubmed_gcnii16,4,13,14,4,0,0.0,FIXED_IDS,5,0.0,0.0,0.0,0,13,0.0
pubmed_gcnii16,4,13,15,4,0,0.0,FIXED_IDS,5,0.0,0.0,0.0,0,13,0.0
pubmed_gcnii16,4,13,0,8,0,0.0,FIXED_IDS,10,0.0,0.0,0.0,0,13,0.0
pubmed_gcnii16,4,13,1,8,116,0.90625,DENSE_XOR,130,0.9867374005305041,0.9741379310344828,0.9946120689655172,0,13,0.0
pubmed_gcnii16,4,13,2,8,122,0.953125,DENSE_XOR,130,0.9007723833543507,0.867827868852459,0.9436475409836066,0,13,0.0
pubmed_gcnii16,4,13,3,8,0,0.0,FIXED_IDS,10,0.0,0.0,0.0,0,13,0.0
pubmed_gcnii16,4,13,4,8,0,0.0,FIXED_IDS,10,0.0,0.0,0.0,0,13,0.0
pubmed_gcnii16,4,13,5,8,92,0.71875,DENSE_XOR,130,0.9574623745819396,0.9225543478260869,0.9823369565217391,0,13,0.0
pubmed_gcnii16,4,13,6,8,84,0.65625,DENSE_XOR,130,0.9840888278388278,0.9732142857142857,0.9910714285714286,0,13,0.0
pubmed_gcnii16,4,13,7,8,80,0.625,DENSE_XOR,130,0.9786057692307691,0.9703125,0.984375,0,13,0.0
pubmed_gcnii16,4,13,0,8,102,0.796875,DENSE_XOR,130,0.9419306184012066,0.9240196078431373,0.9620098039215687,0,13,0.0
pubmed_gcnii16,4,13,1,8,99,0.7734375,DENSE_XOR,130,0.9075369075369074,0.8863636363636364,0.9267676767676768,0,13,0.0
pubmed_gcnii16,4,13,2,8,100,0.78125,DENSE_XOR,130,0.9256730769230769,0.90625,0.955,0,13,0.0
pubmed_gcnii16,4,13,3,8,0,0.0,FIXED_IDS,10,0.0,0.0,0.0,0,13,0.0
pubmed_gcnii16,4,13,4,8,0,0.0,FIXED_IDS,10,0.0,0.0,0.0,0,13,0.0
pubmed_gcnii16,4,13,5,8,0,0.0,FIXED_IDS,10,0.0,0.0,0.0,0,13,0.0
pubmed_gcnii16,4,13,6,8,0,0.0,FIXED_IDS,10,0.0,0.0,0.0,0,13,0.0
pubmed_gcnii16,4,13,7,8,0,0.0,FIXED_IDS,10,0.0,0.0,0.0,0,13,0.0
pubmed_gcnii16,4,13,0,8,92,0.71875,DENSE_XOR,130,0.9870401337792643,0.967391304347826,1.0,0,13,0.0
pubmed_gcnii16,4,13,1,8,118,0.921875,DENSE_XOR,130,0.9653683181225555,0.9152542372881356,0.986228813559322,0,13,0.0
pubmed_gcnii16,4,13,2,8,124,0.96875,DENSE_XOR,130,0.9441687344913151,0.9223790322580645,0.9788306451612904,0,13,0.0
pubmed_gcnii16,4,13,3,8,0,0.0,FIXED_IDS,10,0.0,0.0,0.0,0,13,0.0
pubmed_gcnii16,4,13,4,8,0,0.0,FIXED_IDS,10,0.0,0.0,0.0,0,13,0.0
pubmed_gcnii16,4,13,5,8,0,0.0,FIXED_IDS,10,0.0,0.0,0.0,0,13,0.0
pubmed_gcnii16,4,13,6,8,0,0.0,FIXED_IDS,10,0.0,0.0,0.0,0,13,0.0
pubmed_gcnii16,4,13,7,8,0,0.0,FIXED_IDS,10,0.0,0.0,0.0,0,13,0.0
pubmed_gcnii16,4,13,0,8,0,0.0,FIXED_IDS,10,0.0,0.0,0.0,0,13,0.0
pubmed_gcnii16,4,13,1,8,103,0.8046875,DENSE_XOR,130,0.9586445108289768,0.9429611650485437,0.9648058252427184,0,13,0.0
pubmed_gcnii16,4,13,2,8,94,0.734375,DENSE_XOR,130,0.9387274959083469,0.9228723404255319,0.9720744680851063,0,13,0.0
pubmed_gcnii16,4,13,3,8,0,0.0,FIXED_IDS,10,0.0,0.0,0.0,0,13,0.0
pubmed_gcnii16,4,13,4,8,0,0.0,FIXED_IDS,10,0.0,0.0,0.0,0,13,0.0
pubmed_gcnii16,4,13,5,8,96,0.75,DENSE_XOR,130,0.9638421474358974,0.8802083333333334,0.9895833333333334,0,13,0.0
pubmed_gcnii16,4,13,6,8,88,0.6875,DENSE_XOR,130,0.9783653846153846,0.9034090909090909,0.9957386363636364,0,13,0.0
pubmed_gcnii16,4,13,7,8,0,0.0,FIXED_IDS,10,0.0,0.0,0.0,0,13,0.0
pubmed_gcnii16,4,13,0,8,0,0.0,FIXED_IDS,10,0.0,0.0,0.0,0,13,0.0
pubmed_gcnii16,4,13,1,8,0,0.0,FIXED_IDS,10,0.0,0.0,0.0,0,13,0.0
pubmed_gcnii16,4,13,2,8,0,0.0,FIXED_IDS,10,0.0,0.0,0.0,0,13,0.0
pubmed_gcnii16,4,13,3,8,0,0.0,FIXED_IDS,10,0.0,0.0,0.0,0,13,0.0
pubmed_gcnii16,4,13,4,8,0,0.0,FIXED_IDS,10,0.0,0.0,0.0,0,13,0.0
pubmed_gcnii16,4,13,5,8,0,0.0,FIXED_IDS,10,0.0,0.0,0.0,0,13,0.0
pubmed_gcnii16,4,13,6,8,0,0.0,FIXED_IDS,10,0.0,0.0,0.0,0,13,0.0
pubmed_gcnii16,4,13,7,8,0,0.0,FIXED_IDS,10,0.0,0.0,0.0,0,13,0.0
pubmed_gcnii16,4,13,0,8,112,0.875,DENSE_XOR,130,0.8897664835164835,0.8337053571428571,0.9375,0,13,0.0
pubmed_gcnii16,4,13,1,8,105,0.8203125,DENSE_XOR,130,0.9383699633699636,0.9107142857142857,0.9464285714285714,0,13,0.0
pubmed_gcnii16,4,13,2,8,0,0.0,FIXED_IDS,10,0.0,0.0,0.0,0,13,0.0
pubmed_gcnii16,4,13,3,8,0,0.0,FIXED_IDS,10,0.0,0.0,0.0,0,13,0.0
pubmed_gcnii16,4,13,4,8,0,0.0,FIXED_IDS,10,0.0,0.0,0.0,0,13,0.0
pubmed_gcnii16,4,13,5,8,92,0.71875,DENSE_XOR,130,0.9274665551839464,0.7866847826086957,0.9809782608695652,0,13,0.0
pubmed_gcnii16,4,13,6,8,0,0.0,FIXED_IDS,10,0.0,0.0,0.0,0,13,0.0
pubmed_gcnii16,4,13,7,8,0,0.0,FIXED_IDS,10,0.0,0.0,0.0,0,13,0.0
pubmed_gcnii16,4,13,0,8,0,0.0,FIXED_IDS,10,0.0,0.0,0.0,0,13,0.0
pubmed_gcnii16,4,13,1,8,92,0.71875,DENSE_XOR,130,0.9462792642140467,0.9334239130434783,0.970108695652174,0,13,0.0
pubmed_gcnii16,4,13,2,8,0,0.0,FIXED_IDS,10,0.0,0.0,0.0,0,13,0.0
pubmed_gcnii16,4,13,3,8,0,0.0,FIXED_IDS,10,0.0,0.0,0.0,0,13,0.0
pubmed_gcnii16,4,13,4,8,0,0.0,FIXED_IDS,10,0.0,0.0,0.0,0,13,0.0
pubmed_gcnii16,4,13,5,8,110,0.859375,DENSE_XOR,130,0.9381993006993008,0.8079545454545455,0.9806818181818182,0,13,0.0
pubmed_gcnii16,4,13,6,8,95,0.7421875,DENSE_XOR,130,0.9616396761133603,0.8868421052631579,0.9855263157894737,0,13,0.0
pubmed_gcnii16,4,13,7,8,87,0.6796875,DENSE_XOR,130,0.9512599469496021,0.9051724137931034,0.9798850574712644,0,13,0.0
pubmed_gcnii16,4,13,0,8,0,0.0,FIXED_IDS,10,0.0,0.0,0.0,0,13,0.0
pubmed_gcnii16,4,13,1,8,100,0.78125,DENSE_XOR,130,0.9316346153846156,0.915,0.955,0,13,0.0
pubmed_gcnii16,4,13,2,8,0,0.0,FIXED_IDS,10,0.0,0.0,0.0,0,13,0.0
pubmed_gcnii16,4,13,3,8,112,0.875,DENSE_XOR,130,0.9403331043956045,0.8883928571428571,0.9832589285714286,0,13,0.0
pubmed_gcnii16,4,13,4,8,0,0.0,FIXED_IDS,10,0.0,0.0,0.0,0,13,0.0
pubmed_gcnii16,4,13,5,8,96,0.75,DENSE_XOR,130,0.9446113782051282,0.8033854166666666,0.9921875,0,13,0.0
pubmed_gcnii16,4,13,6,8,78,0.609375,DENSE_XOR,130,0.9921104536489153,0.9310897435897436,1.0,0,13,0.0
pubmed_gcnii16,4,13,7,8,0,0.0,FIXED_IDS,10,0.0,0.0,0.0,0,13,0.0
pubmed_gcnii16,4,13,0,8,116,0.90625,DENSE_XOR,130,0.8950596816976127,0.8459051724137931,0.9525862068965517,0,13,0.0
pubmed_gcnii16,4,13,1,8,96,0.75,DENSE_XOR,130,0.941806891025641,0.9296875,0.9505208333333334,0,13,0.0
pubmed_gcnii16,4,13,2,8,0,0.0,FIXED_IDS,10,0.0,0.0,0.0,0,13,0.0
pubmed_gcnii16,4,13,3,8,92,0.71875,DENSE_XOR,130,0.9660326086956522,0.9130434782608695,0.9932065217391305,0,13,0.0
pubmed_gcnii16,4,13,4,8,0,0.0,FIXED_IDS,10,0.0,0.0,0.0,0,13,0.0
pubmed_gcnii16,4,13,5,8,0,0.0,FIXED_IDS,10,0.0,0.0,0.0,0,13,0.0
pubmed_gcnii16,4,13,6,8,0,0.0,FIXED_IDS,10,0.0,0.0,0.0,0,13,0.0
pubmed_gcnii16,4,13,7,8,0,0.0,FIXED_IDS,10,0.0,0.0,0.0,0,13,0.0
pubmed_gcnii16,4,13,0,8,116,0.90625,DENSE_XOR,130,0.9281332891246685,0.9030172413793104,0.9558189655172413,0,13,0.0
pubmed_gcnii16,4,13,1,8,104,0.8125,DENSE_XOR,130,0.9268676035502961,0.8954326923076923,0.9350961538461539,0,13,0.0
pubmed_gcnii16,4,13,2,8,88,0.6875,DENSE_XOR,130,0.9509396853146852,0.9360795454545454,0.9715909090909091,0,13,0.0
pubmed_gcnii16,4,13,3,8,100,0.78125,DENSE_XOR,130,0.9477884615384617,0.92,0.98375,0,13,0.0
pubmed_gcnii16,4,13,4,8,0,0.0,FIXED_IDS,10,0.0,0.0,0.0,0,13,0.0
pubmed_gcnii16,4,13,5,8,0,0.0,FIXED_IDS,10,0.0,0.0,0.0,0,13,0.0
pubmed_gcnii16,4,13,6,8,0,0.0,FIXED_IDS,10,0.0,0.0,0.0,0,13,0.0
pubmed_gcnii16,4,13,7,8,0,0.0,FIXED_IDS,10,0.0,0.0,0.0,0,13,0.0
pubmed_gcnii16,4,13,0,8,112,0.875,DENSE_XOR,130,0.9520947802197802,0.9229910714285714,0.9765625,0,13,0.0
pubmed_gcnii16,4,13,1,8,104,0.8125,DENSE_XOR,130,0.9529400887573967,0.9014423076923077,0.9723557692307693,0,13,0.0
pubmed_gcnii16,4,13,2,8,106,0.828125,DENSE_XOR,130,0.9249818577648766,0.9091981132075472,0.9540094339622641,0,13,0.0
pubmed_gcnii16,4,13,3,8,0,0.0,FIXED_IDS,10,0.0,0.0,0.0,0,13,0.0
pubmed_gcnii16,4,13,4,8,0,0.0,FIXED_IDS,10,0.0,0.0,0.0,0,13,0.0
pubmed_gcnii16,4,13,5,8,0,0.0,FIXED_IDS,10,0.0,0.0,0.0,0,13,0.0
pubmed_gcnii16,4,13,6,8,0,0.0,FIXED_IDS,10,0.0,0.0,0.0,0,13,0.0
pubmed_gcnii16,4,13,7,8,0,0.0,FIXED_IDS,10,0.0,0.0,0.0,0,13,0.0
pubmed_gcnii16,4,13,0,8,95,0.7421875,DENSE_XOR,130,0.9466599190283401,0.8947368421052632,0.9921052631578947,0,13,0.0
pubmed_gcnii16,4,13,1,8,117,0.9140625,DENSE_XOR,130,0.9737836949375411,0.907051282051282,0.9967948717948718,0,13,0.0
pubmed_gcnii16,4,13,2,8,124,0.96875,DENSE_XOR,130,0.9485111662531017,0.9042338709677419,0.9788306451612904,0,13,0.0
pubmed_gcnii16,4,13,3,8,0,0.0,FIXED_IDS,10,0.0,0.0,0.0,0,13,0.0
pubmed_gcnii16,4,13,4,8,0,0.0,FIXED_IDS,10,0.0,0.0,0.0,0,13,0.0
pubmed_gcnii16,4,13,5,8,0,0.0,FIXED_IDS,10,0.0,0.0,0.0,0,13,0.0
pubmed_gcnii16,4,13,6,8,0,0.0,FIXED_IDS,10,0.0,0.0,0.0,0,13,0.0
pubmed_gcnii16,4,13,7,8,0,0.0,FIXED_IDS,10,0.0,0.0,0.0,0,13,0.0
pubmed_gcnii16,4,13,0,8,108,0.84375,DENSE_XOR,130,0.9156873219373218,0.8506944444444444,0.9814814814814815,0,13,0.0
pubmed_gcnii16,4,13,1,8,127,0.9921875,DENSE_XOR,130,0.9816020593579651,0.9429133858267716,0.9911417322834646,0,13,0.0
pubmed_gcnii16,4,13,2,8,128,1.0,DENSE_XOR,130,0.9646935096153846,0.9375,0.9892578125,0,13,0.0
pubmed_gcnii16,4,13,3,8,0,0.0,FIXED_IDS,10,0.0,0.0,0.0,0,13,0.0
pubmed_gcnii16,4,13,4,8,0,0.0,FIXED_IDS,10,0.0,0.0,0.0,0,13,0.0
pubmed_gcnii16,4,13,5,8,100,0.78125,DENSE_XOR,130,0.990576923076923,0.96875,1.0,0,13,0.0
pubmed_gcnii16,4,13,6,8,100,0.78125,DENSE_XOR,130,0.9876923076923076,0.9675,1.0,0,13,0.0
pubmed_gcnii16,4,13,7,8,97,0.7578125,DENSE_XOR,130,0.9934575733544805,0.970360824742268,0.9987113402061856,0,13,0.0
pubmed_gcnii16,4,13,0,8,0,0.0,FIXED_IDS,10,0.0,0.0,0.0,0,13,0.0
pubmed_gcnii16,4,13,1,8,127,0.9921875,DENSE_XOR,130,0.9831920048455483,0.9537401574803149,0.9921259842519685,0,13,0.0
pubmed_gcnii16,4,13,2,8,126,0.984375,DENSE_XOR,130,0.9444444444444444,0.9087301587301587,0.9930555555555556,0,13,0.0
pubmed_gcnii16,4,13,3,8,0,0.0,FIXED_IDS,10,0.0,0.0,0.0,0,13,0.0
pubmed_gcnii16,4,13,4,8,0,0.0,FIXED_IDS,10,0.0,0.0,0.0,0,13,0.0
pubmed_gcnii16,4,13,5,8,99,0.7734375,DENSE_XOR,130,0.9917443667443668,0.9823232323232324,0.9987373737373737,0,13,0.0
pubmed_gcnii16,4,13,6,8,99,0.7734375,DENSE_XOR,130,0.9917443667443668,0.9797979797979798,1.0,0,13,0.0
pubmed_gcnii16,4,13,7,8,98,0.765625,DENSE_XOR,130,0.9897959183673468,0.9655612244897959,0.9974489795918368,0,13,0.0
pubmed_gcnii16,4,13,0,8,0,0.0,FIXED_IDS,10,0.0,0.0,0.0,0,13,0.0
pubmed_gcnii16,4,13,1,8,108,0.84375,DENSE_XOR,130,0.8678774928774929,0.8298611111111112,0.9097222222222222,0,13,0.0
pubmed_gcnii16,4,13,2,8,0,0.0,FIXED_IDS,10,0.0,0.0,0.0,0,13,0.0
pubmed_gcnii16,4,13,3,8,110,0.859375,DENSE_XOR,130,0.9840034965034963,0.9681818181818181,0.9965909090909091,0,13,0.0
pubmed_gcnii16,4,13,4,8,0,0.0,FIXED_IDS,10,0.0,0.0,0.0,0,13,0.0
pubmed_gcnii16,4,13,5,8,101,0.7890625,DENSE_XOR,130,0.9800076161462298,0.8910891089108911,0.9987623762376238,0,13,0.0
pubmed_gcnii16,4,13,6,8,96,0.75,DENSE_XOR,130,0.9682491987179488,0.8684895833333334,0.99609375,0,13,0.0
pubmed_gcnii16,4,13,7,8,92,0.71875,DENSE_XOR,130,0.9605978260869564,0.8559782608695652,0.9959239130434783,0,13,0.0
pubmed_gcnii16,4,13,0,8,0,0.0,FIXED_IDS,10,0.0,0.0,0.0,0,13,0.0
pubmed_gcnii16,4,13,1,8,0,0.0,FIXED_IDS,10,0.0,0.0,0.0,0,13,0.0
pubmed_gcnii16,4,13,2,8,0,0.0,FIXED_IDS,10,0.0,0.0,0.0,0,13,0.0
pubmed_gcnii16,4,13,3,8,128,1.0,DENSE_XOR,130,0.9975961538461539,0.990234375,1.0,0,13,0.0
pubmed_gcnii16,4,13,4,8,0,0.0,FIXED_IDS,10,0.0,0.0,0.0,0,13,0.0
pubmed_gcnii16,4,13,5,8,126,0.984375,DENSE_XOR,130,0.8828601953601953,0.6468253968253969,0.9751984126984127,1,13,0.0
pubmed_gcnii16,4,13,6,8,84,0.65625,DENSE_XOR,130,0.9855769230769231,0.9449404761904762,0.9985119047619048,0,13,0.0
pubmed_gcnii16,4,13,7,8,82,0.640625,DENSE_XOR,130,0.9834662288930581,0.9512195121951219,0.9969512195121951,0,13,0.0
pubmed_gcnii16,4,13,0,8,120,0.9375,DENSE_XOR,130,0.9040865384615386,0.8864583333333333,0.9270833333333334,0,13,0.0
pubmed_gcnii16,4,13,1,8,0,0.0,FIXED_IDS,10,0.0,0.0,0.0,0,13,0.0
pubmed_gcnii16,4,13,2,8,0,0.0,FIXED_IDS,10,0.0,0.0,0.0,0,13,0.0
pubmed_gcnii16,4,13,3,8,128,1.0,DENSE_XOR,130,0.9992487980769231,0.99609375,1.0,0,13,0.0
pubmed_gcnii16,4,13,4,8,0,0.0,FIXED_IDS,10,0.0,0.0,0.0,0,13,0.0
pubmed_gcnii16,4,13,5,8,110,0.859375,DENSE_XOR,130,0.8326048951048951,0.45795454545454545,0.9693181818181819,3,13,0.0
pubmed_gcnii16,4,13,6,8,0,0.0,FIXED_IDS,10,0.0,0.0,0.0,0,13,0.0
pubmed_gcnii16,4,13,7,8,0,0.0,FIXED_IDS,10,0.0,0.0,0.0,0,13,0.0
pubmed_gcnii16,4,13,0,8,124,0.96875,DENSE_XOR,130,0.8698821339950372,0.8548387096774194,0.9012096774193549,0,13,0.0
pubmed_gcnii16,4,13,1,8,0,0.0,FIXED_IDS,10,0.0,0.0,0.0,0,13,0.0
pubmed_gcnii16,4,13,2,8,0,0.0,FIXED_IDS,10,0.0,0.0,0.0,0,13,0.0
pubmed_gcnii16,4,13,3,8,128,1.0,DENSE_XOR,130,0.9970703125,0.99609375,0.9990234375,0,13,0.0
pubmed_gcnii16,4,13,4,8,0,0.0,FIXED_IDS,10,0.0,0.0,0.0,0,13,0.0
pubmed_gcnii16,4,13,5,8,124,0.96875,DENSE_XOR,130,0.7867555831265509,0.2842741935483871,0.9627016129032258,3,13,0.0
pubmed_gcnii16,4,13,6,8,0,0.0,FIXED_IDS,10,0.0,0.0,0.0,0,13,0.0
pubmed_gcnii16,4,13,7,8,0,0.0,FIXED_IDS,10,0.0,0.0,0.0,0,13,0.0
pubmed_gcnii16,4,13,0,8,112,0.875,DENSE_XOR,130,0.9199004120879122,0.8950892857142857,0.9464285714285714,0,13,0.0
pubmed_gcnii16,4,13,1,8,0,0.0,FIXED_IDS,10,0.0,0.0,0.0,0,13,0.0
pubmed_gcnii16,4,13,2,8,0,0.0,FIXED_IDS,10,0.0,0.0,0.0,0,13,0.0
pubmed_gcnii16,4,13,3,8,104,0.8125,DENSE_XOR,130,0.9155880177514792,0.8653846153846154,0.9591346153846154,0,13,0.0
pubmed_gcnii16,4,13,4,8,0,0.0,FIXED_IDS,10,0.0,0.0,0.0,0,13,0.0
pubmed_gcnii16,4,13,5,8,109,0.8515625,DENSE_XOR,130,0.8223359209597741,0.5057339449541285,0.9678899082568807,4,13,0.0
pubmed_gcnii16,4,13,6,8,0,0.0,FIXED_IDS,10,0.0,0.0,0.0,0,13,0.0
pubmed_gcnii16,4,13,7,8,0,0.0,FIXED_IDS,10,0.0,0.0,0.0,0,13,0.0
pubmed_gcnii16,4,13,0,8,124,0.96875,DENSE_XOR,130,0.8718982630272952,0.8417338709677419,0.9102822580645161,0,13,0.0
pubmed_gcnii16,4,13,1,8,0,0.0,FIXED_IDS,10,0.0,0.0,0.0,0,13,0.0
pubmed_gcnii16,4,13,2,8,0,0.0,FIXED_IDS,10,0.0,0.0,0.0,0,13,0.0
pubmed_gcnii16,4,13,3,8,108,0.84375,DENSE_XOR,130,0.9512108262108261,0.9050925925925926,0.9884259259259259,0,13,0.0
pubmed_gcnii16,4,13,4,8,0,0.0,FIXED_IDS,10,0.0,0.0,0.0,0,13,0.0
pubmed_gcnii16,4,13,5,8,100,0.78125,DENSE_XOR,130,0.9024038461538461,0.68625,0.98375,2,13,0.0
pubmed_gcnii16,4,13,6,8,0,0.0,FIXED_IDS,10,0.0,0.0,0.0,0,13,0.0
pubmed_gcnii16,4,13,7,8,0,0.0,FIXED_IDS,10,0.0,0.0,0.0,0,13,0.0
pubmed_gcnii16,4,13,0,8,100,0.78125,DENSE_XOR,130,0.9338461538461539,0.9,0.965,0,13,0.0
pubmed_gcnii16,4,13,1,8,104,0.8125,DENSE_XOR,130,0.9287167159763314,0.8185096153846154,0.9783653846153846,0,13,0.0
pubmed_gcnii16,4,13,2,8,112,0.875,DENSE_XOR,130,0.9226476648351647,0.8671875,0.9720982142857143,0,13,0.0
pubmed_gcnii16,4,13,3,8,115,0.8984375,DENSE_XOR,130,0.8842809364548495,0.7923913043478261,0.967391304347826,0,13,0.0
pubmed_gcnii16,4,13,4,8,0,0.0,FIXED_IDS,10,0.0,0.0,0.0,0,13,0.0
pubmed_gcnii16,4,13,5,8,0,0.0,FIXED_IDS,10,0.0,0.0,0.0,0,13,0.0
pubmed_gcnii16,4,13,6,8,0,0.0,FIXED_IDS,10,0.0,0.0,0.0,0,13,0.0
pubmed_gcnii16,4,13,7,8,0,0.0,FIXED_IDS,10,0.0,0.0,0.0,0,13,0.0
pubmed_gcnii16,4,13,0,8,0,0.0,FIXED_IDS,10,0.0,0.0,0.0,0,13,0.0
pubmed_gcnii16,4,13,1,8,88,0.6875,DENSE_XOR,130,0.9402316433566433,0.9119318181818182,0.9502840909090909,0,13,0.0
pubmed_gcnii16,4,13,2,8,0,0.0,FIXED_IDS,10,0.0,0.0,0.0,0,13,0.0
pubmed_gcnii16,4,13,3,8,100,0.78125,DENSE_XOR,130,0.9265384615384615,0.85625,0.97625,0,13,0.0
pubmed_gcnii16,4,13,4,8,0,0.0,FIXED_IDS,10,0.0,0.0,0.0,0,13,0.0
pubmed_gcnii16,4,13,5,8,115,0.8984375,DENSE_XOR,130,0.9168060200668897,0.6217391304347826,0.9989130434782608,1,13,0.0
pubmed_gcnii16,4,13,6,8,0,0.0,FIXED_IDS,10,0.0,0.0,0.0,0,13,0.0
pubmed_gcnii16,4,13,7,8,0,0.0,FIXED_IDS,10,0.0,0.0,0.0,0,13,0.0
pubmed_gcnii16,4,13,0,8,120,0.9375,DENSE_XOR,130,0.8864583333333335,0.8677083333333333,0.91875,0,13,0.0
pubmed_gcnii16,4,13,1,8,0,0.0,FIXED_IDS,10,0.0,0.0,0.0,0,13,0.0
pubmed_gcnii16,4,13,2,8,0,0.0,FIXED_IDS,10,0.0,0.0,0.0,0,13,0.0
pubmed_gcnii16,4,13,3,8,123,0.9609375,DENSE_XOR,130,0.9845215759849903,0.967479674796748,0.9949186991869918,0,13,0.0
pubmed_gcnii16,4,13,4,8,0,0.0,FIXED_IDS,10,0.0,0.0,0.0,0,13,0.0
pubmed_gcnii16,4,13,5,8,114,0.890625,DENSE_XOR,130,0.8593117408906884,0.4594298245614035,0.9802631578947368,2,13,0.0
pubmed_gcnii16,4,13,6,8,0,0.0,FIXED_IDS,10,0.0,0.0,0.0,0,13,0.0
pubmed_gcnii16,4,13,7,8,0,0.0,FIXED_IDS,10,0.0,0.0,0.0,0,13,0.0
pubmed_gcnii16,4,13,0,8,127,0.9921875,DENSE_XOR,130,0.9602513628104179,0.9537401574803149,0.9724409448818898,0,13,0.0
pubmed_gcnii16,4,13,1,8,94,0.734375,DENSE_XOR,130,0.9474222585924713,0.8523936170212766,0.9773936170212766,0,13,0.0
pubmed_gcnii16,4,13,2,8,95,0.7421875,DENSE_XOR,130,0.9493927125506071,0.9315789473684211,0.9631578947368421,0,13,0.0
pubmed_gcnii16,4,13,3,8,120,0.9375,DENSE_XOR,130,0.9302083333333334,0.8833333333333333,0.9822916666666667,0,13,0.0
pubmed_gcnii16,4,13,4,8,0,0.0,FIXED_IDS,10,0.0,0.0,0.0,0,13,0.0
pubmed_gcnii16,4,13,5,8,0,0.0,FIXED_IDS,10,0.0,0.0,0.0,0,13,0.0
pubmed_gcnii16,4,13,6,8,0,0.0,FIXED_IDS,10,0.0,0.0,0.0,0,13,0.0
pubmed_gcnii16,4,13,7,8,0,0.0,FIXED_IDS,10,0.0,0.0,0.0,0,13,0.0
pubmed_gcnii16,4,13,0,8,124,0.96875,DENSE_XOR,130,0.9409894540942928,0.9264112903225806,0.9616935483870968,0,13,0.0
pubmed_gcnii16,4,13,1,8,0,0.0,FIXED_IDS,10,0.0,0.0,0.0,0,13,0.0
pubmed_gcnii16,4,13,2,8,0,0.0,FIXED_IDS,10,0.0,0.0,0.0,0,13,0.0
pubmed_gcnii16,4,13,3,8,122,0.953125,DENSE_XOR,130,0.9749369482976041,0.9590163934426229,0.9959016393442623,0,13,0.0
pubmed_gcnii16,4,13,4,8,0,0.0,FIXED_IDS,10,0.0,0.0,0.0,0,13,0.0
pubmed_gcnii16,4,13,5,8,100,0.78125,DENSE_XOR,130,0.850576923076923,0.48625,0.98125,3,13,0.0
pubmed_gcnii16,4,13,6,8,0,0.0,FIXED_IDS,10,0.0,0.0,0.0,0,13,0.0
pubmed_gcnii16,4,13,7,8,0,0.0,FIXED_IDS,10,0.0,0.0,0.0,0,13,0.0
pubmed_gcnii16,4,13,0,8,126,0.984375,DENSE_XOR,130,0.9691697191697191,0.9642857142857143,0.9751984126984127,0,13,0.0
pubmed_gcnii16,4,13,1,8,0,0.0,FIXED_IDS,10,0.0,0.0,0.0,0,13,0.0
pubmed_gcnii16,4,13,2,8,95,0.7421875,DENSE_XOR,130,0.9128542510121457,0.8960526315789473,0.9236842105263158,0,13,0.0
pubmed_gcnii16,4,13,3,8,96,0.75,DENSE_XOR,130,0.9242788461538461,0.88671875,0.9609375,0,13,0.0
pubmed_gcnii16,4,13,4,8,0,0.0,FIXED_IDS,10,0.0,0.0,0.0,0,13,0.0
pubmed_gcnii16,4,13,5,8,0,0.0,FIXED_IDS,10,0.0,0.0,0.0,0,13,0.0
pubmed_gcnii16,4,13,6,8,0,0.0,FIXED_IDS,10,0.0,0.0,0.0,0,13,0.0
pubmed_gcnii16,4,13,7,8,0,0.0,FIXED_IDS,10,0.0,0.0,0.0,0,13,0.0
pubmed_gcnii16,4,13,0,8,124,0.96875,DENSE_XOR,130,0.937732630272953,0.9243951612903226,0.9566532258064516,0,13,0.0
pubmed_gcnii16,4,13,1,8,0,0.0,FIXED_IDS,10,0.0,0.0,0.0,0,13,0.0
pubmed_gcnii16,4,13,2,8,0,0.0,FIXED_IDS,10,0.0,0.0,0.0,0,13,0.0
pubmed_gcnii16,4,13,3,8,116,0.90625,DENSE_XOR,130,0.9624502652519893,0.9342672413793104,0.9881465517241379,0,13,0.0
pubmed_gcnii16,4,13,4,8,0,0.0,FIXED_IDS,10,0.0,0.0,0.0,0,13,0.0
pubmed_gcnii16,4,13,5,8,0,0.0,FIXED_IDS,10,0.0,0.0,0.0,0,13,0.0
pubmed_gcnii16,4,13,6,8,0,0.0,FIXED_IDS,10,0.0,0.0,0.0,0,13,0.0
pubmed_gcnii16,4,13,7,8,0,0.0,FIXED_IDS,10,0.0,0.0,0.0,0,13,0.0
pubmed_gcnii16,4,13,0,8,100,0.78125,DENSE_XOR,130,0.9147115384615385,0.8775,0.955,0,13,0.0
pubmed_gcnii16,4,13,1,8,111,0.8671875,DENSE_XOR,130,0.9117290367290368,0.8581081081081081,0.9380630630630631,0,13,0.0
pubmed_gcnii16,4,13,2,8,0,0.0,FIXED_IDS,10,0.0,0.0,0.0,0,13,0.0
pubmed_gcnii16,4,13,3,8,116,0.90625,DENSE_XOR,130,0.9413129973474799,0.8997844827586207,0.9806034482758621,0,13,0.0
pubmed_gcnii16,4,13,4,8,0,0.0,FIXED_IDS,10,0.0,0.0,0.0,0,13,0.0
pubmed_gcnii16,4,13,5,8,92,0.71875,DENSE_XOR,130,0.9365593645484952,0.7676630434782609,0.9918478260869565,1,13,0.0
pubmed_gcnii16,4,13,6,8,0,0.0,FIXED_IDS,10,0.0,0.0,0.0,0,13,0.0
pubmed_gcnii16,4,13,7,8,0,0.0,FIXED_IDS,10,0.0,0.0,0.0,0,13,0.0
pubmed_gcnii16,4,13,0,8,0,0.0,FIXED_IDS,10,0.0,0.0,0.0,0,13,0.0
pubmed_gcnii16,4,13,1,8,0,0.0,FIXED_IDS,10,0.0,0.0,0.0,0,13,0.0
pubmed_gcnii16,4,13,2,8,0,0.0,FIXED_IDS,10,0.0,0.0,0.0,0,13,0.0
pubmed_gcnii16,4,13,3,8,128,1.0,DENSE_XOR,130,1.0,1.0,1.0,0,13,0.0
pubmed_gcnii16,4,13,4,8,0,0.0,FIXED_IDS,10,0.0,0.0,0.0,0,13,0.0
pubmed_gcnii16,4,13,5,8,127,0.9921875,DENSE_XOR,130,0.9010448213204119,0.5,0.9940944881889764,1,13,0.0
pubmed_gcnii16,4,13,6,8,96,0.75,DENSE_XOR,130,0.8526642628205127,0.4479166666666667,0.9752604166666666,3,13,0.0
pubmed_gcnii16,4,13,7,8,0,0.0,FIXED_IDS,10,0.0,0.0,0.0,0,13,0.0
pubmed_gcnii16,4,13,0,8,128,1.0,DENSE_XOR,130,0.8991135817307693,0.88671875,0.9189453125,0,13,0.0
pubmed_gcnii16,4,13,1,8,0,0.0,FIXED_IDS,10,0.0,0.0,0.0,0,13,0.0
pubmed_gcnii16,4,13,2,8,0,0.0,FIXED_IDS,10,0.0,0.0,0.0,0,13,0.0
pubmed_gcnii16,4,13,3,8,120,0.9375,DENSE_XOR,130,0.9741185897435898,0.9479166666666666,0.9916666666666667,0,13,0.0
pubmed_gcnii16,4,13,4,8,0,0.0,FIXED_IDS,10,0.0,0.0,0.0,0,13,0.0
pubmed_gcnii16,4,13,5,8,0,0.0,FIXED_IDS,10,0.0,0.0,0.0,0,13,0.0
pubmed_gcnii16,4,13,6,8,0,0.0,FIXED_IDS,10,0.0,0.0,0.0,0,13,0.0
pubmed_gcnii16,4,13,7,8,0,0.0,FIXED_IDS,10,0.0,0.0,0.0,0,13,0.0
pubmed_gcnii16,4,13,0,8,0,0.0,FIXED_IDS,10,0.0,0.0,0.0,0,13,0.0
pubmed_gcnii16,4,13,1,8,117,0.9140625,DENSE_XOR,130,0.9757560815253121,0.969017094017094,0.9829059829059829,0,13,0.0
pubmed_gcnii16,4,13,2,8,110,0.859375,DENSE_XOR,130,0.8975524475524475,0.8738636363636364,0.9397727272727273,0,13,0.0
pubmed_gcnii16,4,13,3,8,0,0.0,FIXED_IDS,10,0.0,0.0,0.0,0,13,0.0
pubmed_gcnii16,4,13,4,8,0,0.0,FIXED_IDS,10,0.0,0.0,0.0,0,13,0.0
pubmed_gcnii16,4,13,5,8,104,0.8125,DENSE_XOR,130,0.9367603550295858,0.8485576923076923,0.9879807692307693,0,13,0.0
pubmed_gcnii16,4,13,6,8,99,0.7734375,DENSE_XOR,130,0.952117327117327,0.8939393939393939,0.9810606060606061,0,13,0.0
pubmed_gcnii16,4,13,7,8,87,0.6796875,DENSE_XOR,130,0.9652961980548187,0.8994252873563219,0.9870689655172413,0,13,0.0
pubmed_gcnii16,4,13,0,8,0,0.0,FIXED_IDS,10,0.0,0.0,0.0,0,13,0.0
pubmed_gcnii16,4,13,1,8,108,0.84375,DENSE_XOR,130,0.9819266381766382,0.9560185185185185,0.9918981481481481,0,13,0.0
pubmed_gcnii16,4,13,2,8,110,0.859375,DENSE_XOR,130,0.8978146853146854,0.8738636363636364,0.9488636363636364,0,13,0.0
pubmed_gcnii16,4,13,3,8,0,0.0,FIXED_IDS,10,0.0,0.0,0.0,0,13,0.0
pubmed_gcnii16,4,13,4,8,0,0.0,FIXED_IDS,10,0.0,0.0,0.0,0,13,0.0
pubmed_gcnii16,4,13,5,8,108,0.84375,DENSE_XOR,130,0.9451566951566951,0.84375,0.9918981481481481,0,13,0.0
pubmed_gcnii16,4,13,6,8,98,0.765625,DENSE_XOR,130,0.9734105180533752,0.9464285714285714,0.9872448979591837,0,13,0.0
pubmed_gcnii16,4,13,7,8,92,0.71875,DENSE_XOR,130,0.9759615384615384,0.9415760869565217,0.9877717391304348,0,13,0.0
pubmed_gcnii16,4,13,0,8,0,0.0,FIXED_IDS,10,0.0,0.0,0.0,0,13,0.0
pubmed_gcnii16,4,13,1,8,107,0.8359375,DENSE_XOR,130,0.9020488856937455,0.8352803738317757,0.9731308411214953,0,13,0.0
pubmed_gcnii16,4,13,2,8,0,0.0,FIXED_IDS,10,0.0,0.0,0.0,0,13,0.0
pubmed_gcnii16,4,13,3,8,128,1.0,DENSE_XOR,130,0.9649939903846154,0.8984375,1.0,0,13,0.0
pubmed_gcnii16,4,13,4,8,0,0.0,FIXED_IDS,10,0.0,0.0,0.0,0,13,0.0
pubmed_gcnii16,4,13,5,8,128,1.0,DENSE_XOR,130,0.9850510817307693,0.87109375,0.9990234375,0,13,0.0
pubmed_gcnii16,4,13,6,8,127,0.9921875,DENSE_XOR,130,0.9653997577225926,0.8011811023622047,1.0,0,13,0.0
pubmed_gcnii16,4,13,7,8,125,0.9765625,DENSE_XOR,130,0.949,0.801,0.998,0,13,0.0
pubmed_gcnii16,4,13,0,8,0,0.0,FIXED_IDS,10,0.0,0.0,0.0,0,13,0.0
pubmed_gcnii16,4,13,1,8,112,0.875,DENSE_XOR,130,0.9357829670329672,0.9118303571428571,0.9419642857142857,0,13,0.0
pubmed_gcnii16,4,13,2,8,0,0.0,FIXED_IDS,10,0.0,0.0,0.0,0,13,0.0
pubmed_gcnii16,4,13,3,8,104,0.8125,DENSE_XOR,130,0.9008875739644971,0.8161057692307693,0.9723557692307693,0,13,0.0
pubmed_gcnii16,4,13,4,8,0,0.0,FIXED_IDS,10,0.0,0.0,0.0,0,13,0.0
pubmed_gcnii16,4,13,5,8,116,0.90625,DENSE_XOR,130,0.9566478779840849,0.7801724137931034,1.0,0,13,0.0
pubmed_gcnii16,4,13,6,8,112,0.875,DENSE_XOR,130,0.9367273351648352,0.7254464285714286,0.9988839285714286,0,13,0.0
pubmed_gcnii16,4,13,7,8,103,0.8046875,DENSE_XOR,130,0.931385362210605,0.7378640776699029,0.9902912621359223,0,13,0.0
pubmed_gcnii16,4,13,0,8,112,0.875,DENSE_XOR,130,0.9668612637362639,0.9397321428571429,0.984375,0,13,0.0
pubmed_gcnii16,4,13,1,8,108,0.84375,DENSE_XOR,130,0.9917200854700856,0.9768518518518519,0.9965277777777778,0,13,0.0
pubmed_gcnii16,4,13,2,8,112,0.875,DENSE_XOR,130,0.9647149725274725,0.9475446428571429,0.9832589285714286,0,13,0.0
pubmed_gcnii16,4,13,3,8,0,0.0,FIXED_IDS,10,0.0,0.0,0.0,0,13,0.0
pubmed_gcnii16,4,13,4,8,0,0.0,FIXED_IDS,10,0.0,0.0,0.0,0,13,0.0
pubmed_gcnii16,4,13,5,8,0,0.0,FIXED_IDS,10,0.0,0.0,0.0,0,13,0.0
pubmed_gcnii16,4,13,6,8,0,0.0,FIXED_IDS,10,0.0,0.0,0.0,0,13,0.0
pubmed_gcnii16,4,13,7,8,0,0.0,FIXED_IDS,10,0.0,0.0,0.0,0,13,0.0
pubmed_gcnii16,4,13,0,8,124,0.96875,DENSE_XOR,130,0.9678194789081886,0.9586693548387096,0.9778225806451613,0,13,0.0
pubmed_gcnii16,4,13,1,8,116,0.90625,DENSE_XOR,130,0.904094827586207,0.8071120689655172,0.9547413793103449,0,13,0.0
pubmed_gcnii16,4,13,2,8,114,0.890625,DENSE_XOR,130,0.9597672064777327,0.9144736842105263,0.9956140350877193,0,13,0.0
pubmed_gcnii16,4,13,3,8,98,0.765625,DENSE_XOR,130,0.9380886970172685,0.8852040816326531,0.9821428571428571,0,13,0.0
pubmed_gcnii16,4,13,4,8,0,0.0,FIXED_IDS,10,0.0,0.0,0.0,0,13,0.0
pubmed_gcnii16,4,13,5,8,0,0.0,FIXED_IDS,10,0.0,0.0,0.0,0,13,0.0
pubmed_gcnii16,4,13,6,8,0,0.0,FIXED_IDS,10,0.0,0.0,0.0,0,13,0.0
pubmed_gcnii16,4,13,7,8,0,0.0,FIXED_IDS,10,0.0,0.0,0.0,0,13,0.0
pubmed_gcnii16,4,13,0,8,120,0.9375,DENSE_XOR,130,0.9260416666666667,0.8802083333333334,0.971875,0,13,0.0
pubmed_gcnii16,4,13,1,8,126,0.984375,DENSE_XOR,130,0.9761141636141637,0.9652777777777778,0.9900793650793651,0,13,0.0
pubmed_gcnii16,4,13,2,8,114,0.890625,DENSE_XOR,130,0.9496457489878544,0.9396929824561403,0.9692982456140351,0,13,0.0
pubmed_gcnii16,4,13,3,8,0,0.0,FIXED_IDS,10,0.0,0.0,0.0,0,13,0.0
pubmed_gcnii16,4,13,4,8,0,0.0,FIXED_IDS,10,0.0,0.0,0.0,0,13,0.0
pubmed_gcnii16,4,13,5,8,104,0.8125,DENSE_XOR,130,0.9616309171597632,0.9050480769230769,0.9903846153846154,0,13,0.0
pubmed_gcnii16,4,13,6,8,105,0.8203125,DENSE_XOR,130,0.9655677655677657,0.8642857142857143,0.9964285714285714,0,13,0.0
pubmed_gcnii16,4,13,7,8,96,0.75,DENSE_XOR,130,0.9153645833333333,0.8489583333333334,0.9518229166666666,0,13,0.0
pubmed_gcnii16,4,13,0,8,110,0.859375,DENSE_XOR,130,0.9086538461538461,0.8568181818181818,0.9534090909090909,0,13,0.0
pubmed_gcnii16,4,13,1,8,112,0.875,DENSE_XOR,130,0.9871222527472525,0.9520089285714286,0.9955357142857143,0,13,0.0
pubmed_gcnii16,4,13,2,8,111,0.8671875,DENSE_XOR,130,0.9495841995841996,0.9301801801801802,0.9684684684684685,0,13,0.0
pubmed_gcnii16,4,13,3,8,0,0.0,FIXED_IDS,10,0.0,0.0,0.0,0,13,0.0
pubmed_gcnii16,4,13,4,8,0,0.0,FIXED_IDS,10,0.0,0.0,0.0,0,13,0.0
pubmed_gcnii16,4,13,5,8,100,0.78125,DENSE_XOR,130,0.9443269230769231,0.82875,0.9825,0,13,0.0
pubmed_gcnii16,4,13,6,8,96,0.75,DENSE_XOR,130,0.9644431089743588,0.7799479166666666,0.9986979166666666,0,13,0.0
pubmed_gcnii16,4,13,7,8,0,0.0,FIXED_IDS,10,0.0,0.0,0.0,0,13,0.0
pubmed_gcnii16,4,13,0,8,127,0.9921875,DENSE_XOR,130,0.9797092671108417,0.9606299212598425,0.9931102362204725,0,13,0.0
pubmed_gcnii16,4,13,1,8,123,0.9609375,DENSE_XOR,130,0.9506722951844903,0.8739837398373984,0.9705284552845529,0,13,0.0
pubmed_gcnii16,4,13,2,8,120,0.9375,DENSE_XOR,130,0.9800480769230769,0.9625,0.990625,0,13,0.0
pubmed_gcnii16,4,13,3,8,0,0.0,FIXED_IDS,10,0.0,0.0,0.0,0,13,0.0
pubmed_gcnii16,4,13,4,8,0,0.0,FIXED_IDS,10,0.0,0.0,0.0,0,13,0.0
pubmed_gcnii16,4,13,5,8,0,0.0,FIXED_IDS,10,0.0,0.0,0.0,0,13,0.0
pubmed_gcnii16,4,13,6,8,0,0.0,FIXED_IDS,10,0.0,0.0,0.0,0,13,0.0
pubmed_gcnii16,4,13,7,8,0,0.0,FIXED_IDS,10,0.0,0.0,0.0,0,13,0.0
pubmed_gcnii16,4,13,0,8,126,0.984375,DENSE_XOR,130,0.9895451770451771,0.9801587301587301,0.998015873015873,0,13,0.0
pubmed_gcnii16,4,13,1,8,123,0.9609375,DENSE_XOR,130,0.9615384615384616,0.858739837398374,0.9959349593495935,0,13,0.0
pubmed_gcnii16,4,13,2,8,124,0.96875,DENSE_XOR,130,0.9675868486352357,0.9546370967741935,0.9818548387096774,0,13,0.0
pubmed_gcnii16,4,13,3,8,107,0.8359375,DENSE_XOR,130,0.8766175413371674,0.8189252336448598,0.9614485981308412,0,13,0.0
pubmed_gcnii16,4,13,4,8,0,0.0,FIXED_IDS,10,0.0,0.0,0.0,0,13,0.0
pubmed_gcnii16,4,13,5,8,0,0.0,FIXED_IDS,10,0.0,0.0,0.0,0,13,0.0
pubmed_gcnii16,4,13,6,8,0,0.0,FIXED_IDS,10,0.0,0.0,0.0,0,13,0.0
pubmed_gcnii16,4,13,7,8,0,0.0,FIXED_IDS,10,0.0,0.0,0.0,0,13,0.0
pubmed_gcnii16,4,13,0,8,119,0.9296875,DENSE_XOR,130,0.8260342598577892,0.7615546218487395,0.898109243697479,0,13,0.0
pubmed_gcnii16,4,13,1,8,115,0.8984375,DENSE_XOR,130,0.8868729096989966,0.8434782608695652,0.9293478260869565,0,13,0.0
pubmed_gcnii16,4,13,2,8,0,0.0,FIXED_IDS,10,0.0,0.0,0.0,0,13,0.0
pubmed_gcnii16,4,13,3,8,99,0.7734375,DENSE_XOR,130,0.965034965034965,0.9292929292929293,0.9924242424242424,0,13,0.0
pubmed_gcnii16,4,13,4,8,0,0.0,FIXED_IDS,10,0.0,0.0,0.0,0,13,0.0
pubmed_gcnii16,4,13,5,8,103,0.8046875,DENSE_XOR,130,0.9696601941747574,0.8810679611650486,0.9951456310679612,0,13,0.0
pubmed_gcnii16,4,13,6,8,100,0.78125,DENSE_XOR,130,0.9673076923076922,0.865,0.9925,0,13,0.0
pubmed_gcnii16,4,13,7,8,96,0.75,DENSE_XOR,130,0.926582532051282,0.8098958333333334,0.9765625,0,13,0.0
pubmed_gcnii16,4,13,0,8,0,0.0,FIXED_IDS,10,0.0,0.0,0.0,0,13,0.0
pubmed_gcnii16,4,13,1,8,0,0.0,FIXED_IDS,10,0.0,0.0,0.0,0,13,0.0
pubmed_gcnii16,4,13,2,8,0,0.0,FIXED_IDS,10,0.0,0.0,0.0,0,13,0.0
pubmed_gcnii16,4,13,3,8,128,1.0,DENSE_XOR,130,0.9954176682692307,0.9853515625,1.0,0,13,0.0
pubmed_gcnii16,4,13,4,8,0,0.0,FIXED_IDS,10,0.0,0.0,0.0,0,13,0.0
pubmed_gcnii16,4,13,5,8,127,0.9921875,DENSE_XOR,130,0.9203513022410661,0.6368110236220472,0.9940944881889764,1,13,0.0
pubmed_gcnii16,4,13,6,8,104,0.8125,DENSE_XOR,130,0.9102255917159764,0.6598557692307693,0.9867788461538461,2,13,0.0
pubmed_gcnii16,4,13,7,8,0,0.0,FIXED_IDS,10,0.0,0.0,0.0,0,13,0.0
pubmed_gcnii16,4,13,0,8,0,0.0,FIXED_IDS,10,0.0,0.0,0.0,0,13,0.0
pubmed_gcnii16,4,13,1,8,0,0.0,FIXED_IDS,10,0.0,0.0,0.0,0,13,0.0
pubmed_gcnii16,4,13,2,8,0,0.0,FIXED_IDS,10,0.0,0.0,0.0,0,13,0.0
pubmed_gcnii16,4,13,3,8,128,1.0,DENSE_XOR,130,1.0,1.0,1.0,0,13,0.0
pubmed_gcnii16,4,13,4,8,0,0.0,FIXED_IDS,10,0.0,0.0,0.0,0,13,0.0
pubmed_gcnii16,4,13,5,8,128,1.0,DENSE_XOR,130,0.9320913461538461,0.6455078125,1.0,1,13,0.0
pubmed_gcnii16,4,13,6,8,100,0.78125,DENSE_XOR,130,0.9289423076923077,0.725,0.98875,1,13,0.0
pubmed_gcnii16,4,13,7,8,0,0.0,FIXED_IDS,10,0.0,0.0,0.0,0,13,0.0
pubmed_gcnii16,4,13,0,8,128,1.0,DENSE_XOR,130,0.9763371394230769,0.9658203125,0.984375,0,13,0.0
pubmed_gcnii16,4,13,1,8,108,0.84375,DENSE_XOR,130,0.9871794871794872,0.9560185185185185,0.9953703703703703,0,13,0.0
pubmed_gcnii16,4,13,2,8,107,0.8359375,DENSE_XOR,130,0.9925413371675054,0.9836448598130841,0.9964953271028038,0,13,0.0
pubmed_gcnii16,4,13,3,8,0,0.0,FIXED_IDS,10,0.0,0.0,0.0,0,13,0.0
pubmed_gcnii16,4,13,4,8,0,0.0,FIXED_IDS,10,0.0,0.0,0.0,0,13,0.0
pubmed_gcnii16,4,13,5,8,0,0.0,FIXED_IDS,10,0.0,0.0,0.0,0,13,0.0
pubmed_gcnii16,4,13,6,8,0,0.0,FIXED_IDS,10,0.0,0.0,0.0,0,13,0.0
pubmed_gcnii16,4,13,7,8,0,0.0,FIXED_IDS,10,0.0,0.0,0.0,0,13,0.0
pubmed_gcnii16,4,13,0,8,124,0.96875,DENSE_XOR,130,0.9844137717121588,0.9606854838709677,1.0,0,13,0.0
pubmed_gcnii16,4,13,1,8,125,0.9765625,DENSE_XOR,130,0.9754615384615385,0.919,0.993,0,13,0.0
pubmed_gcnii16,4,13,2,8,125,0.9765625,DENSE_XOR,130,0.9866923076923079,0.972,0.994,0,13,0.0
pubmed_gcnii16,4,13,3,8,0,0.0,FIXED_IDS,10,0.0,0.0,0.0,0,13,0.0
pubmed_gcnii16,4,13,4,8,0,0.0,FIXED_IDS,10,0.0,0.0,0.0,0,13,0.0
pubmed_gcnii16,4,13,5,8,0,0.0,FIXED_IDS,10,0.0,0.0,0.0,0,13,0.0
pubmed_gcnii16,4,13,6,8,0,0.0,FIXED_IDS,10,0.0,0.0,0.0,0,13,0.0
pubmed_gcnii16,4,13,7,8,0,0.0,FIXED_IDS,10,0.0,0.0,0.0,0,13,0.0
pubmed_gcnii16,4,13,0,8,127,0.9921875,DENSE_XOR,130,0.986826165960024,0.9734251968503937,0.9950787401574803,0,13,0.0
pubmed_gcnii16,4,13,1,8,120,0.9375,DENSE_XOR,130,0.8751602564102564,0.6770833333333334,0.9708333333333333,0,13,0.0
pubmed_gcnii16,4,13,2,8,125,0.9765625,DENSE_XOR,130,0.9413846153846155,0.892,0.99,0,13,0.0
pubmed_gcnii16,4,13,3,8,112,0.875,DENSE_XOR,130,0.9642857142857143,0.9430803571428571,0.9854910714285714,0,13,0.0
pubmed_gcnii16,4,13,4,8,0,0.0,FIXED_IDS,10,0.0,0.0,0.0,0,13,0.0
pubmed_gcnii16,4,13,5,8,0,0.0,FIXED_IDS,10,0.0,0.0,0.0,0,13,0.0
pubmed_gcnii16,4,13,6,8,0,0.0,FIXED_IDS,10,0.0,0.0,0.0,0,13,0.0
pubmed_gcnii16,4,13,7,8,0,0.0,FIXED_IDS,10,0.0,0.0,0.0,0,13,0.0
pubmed_gcnii16,4,13,0,8,128,1.0,DENSE_XOR,130,0.9985727163461539,0.9921875,1.0,0,13,0.0
pubmed_gcnii16,4,13,1,8,128,1.0,DENSE_XOR,130,0.9748347355769231,0.9130859375,1.0,0,13,0.0
pubmed_gcnii16,4,13,2,8,128,1.0,DENSE_XOR,130,0.9970703125,0.9814453125,1.0,0,13,0.0
pubmed_gcnii16,4,13,3,8,0,0.0,FIXED_IDS,10,0.0,0.0,0.0,0,13,0.0
pubmed_gcnii16,4,13,4,8,0,0.0,FIXED_IDS,10,0.0,0.0,0.0,0,13,0.0
pubmed_gcnii16,4,13,5,8,0,0.0,FIXED_IDS,10,0.0,0.0,0.0,0,13,0.0
pubmed_gcnii16,4,13,6,8,0,0.0,FIXED_IDS,10,0.0,0.0,0.0,0,13,0.0
pubmed_gcnii16,4,13,7,8,0,0.0,FIXED_IDS,10,0.0,0.0,0.0,0,13,0.0
pubmed_gcnii16,4,13,0,8,128,1.0,DENSE_XOR,130,0.9776141826923077,0.9697265625,0.984375,0,13,0.0
pubmed_gcnii16,4,13,1,8,100,0.78125,DENSE_XOR,130,0.9843269230769232,0.93625,0.9925,0,13,0.0
pubmed_gcnii16,4,13,2,8,99,0.7734375,DENSE_XOR,130,0.9923271173271172,0.98989898989899,0.9949494949494949,0,13,0.0
pubmed_gcnii16,4,13,3,8,0,0.0,FIXED_IDS,10,0.0,0.0,0.0,0,13,0.0
pubmed_gcnii16,4,13,4,8,0,0.0,FIXED_IDS,10,0.0,0.0,0.0,0,13,0.0
pubmed_gcnii16,4,13,5,8,0,0.0,FIXED_IDS,10,0.0,0.0,0.0,0,13,0.0
pubmed_gcnii16,4,13,6,8,0,0.0,FIXED_IDS,10,0.0,0.0,0.0,0,13,0.0
pubmed_gcnii16,4,13,7,8,0,0.0,FIXED_IDS,10,0.0,0.0,0.0,0,13,0.0
pubmed_gcnii16,4,13,0,8,126,0.984375,DENSE_XOR,130,0.9366605616605616,0.9156746031746031,0.9603174603174603,0,13,0.0
pubmed_gcnii16,4,13,1,8,0,0.0,FIXED_IDS,10,0.0,0.0,0.0,0,13,0.0
pubmed_gcnii16,4,13,2,8,0,0.0,FIXED_IDS,10,0.0,0.0,0.0,0,13,0.0
pubmed_gcnii16,4,13,3,8,128,1.0,DENSE_XOR,130,1.0,1.0,1.0,0,13,0.0
pubmed_gcnii16,4,13,4,8,0,0.0,FIXED_IDS,10,0.0,0.0,0.0,0,13,0.0
pubmed_gcnii16,4,13,5,8,128,1.0,DENSE_XOR,130,0.7344501201923077,0.2353515625,0.9443359375,4,13,0.0
pubmed_gcnii16,4,13,6,8,0,0.0,FIXED_IDS,10,0.0,0.0,0.0,0,13,0.0
pubmed_gcnii16,4,13,7,8,0,0.0,FIXED_IDS,10,0.0,0.0,0.0,0,13,0.0
pubmed_gcnii16,4,13,0,8,128,1.0,DENSE_XOR,130,0.9776141826923077,0.974609375,0.9833984375,0,13,0.0
pubmed_gcnii16,4,13,1,8,106,0.828125,DENSE_XOR,130,0.8715529753265602,0.7511792452830188,0.9056603773584906,0,13,0.0
pubmed_gcnii16,4,13,2,8,103,0.8046875,DENSE_XOR,130,0.9047796863330847,0.8859223300970874,0.9259708737864077,0,13,0.0
pubmed_gcnii16,4,13,3,8,124,0.96875,DENSE_XOR,130,0.9442462779156328,0.9183467741935484,0.9798387096774194,0,13,0.0
pubmed_gcnii16,4,13,4,8,0,0.0,FIXED_IDS,10,0.0,0.0,0.0,0,13,0.0
pubmed_gcnii16,4,13,5,8,0,0.0,FIXED_IDS,10,0.0,0.0,0.0,0,13,0.0
pubmed_gcnii16,4,13,6,8,0,0.0,FIXED_IDS,10,0.0,0.0,0.0,0,13,0.0
pubmed_gcnii16,4,13,7,8,0,0.0,FIXED_IDS,10,0.0,0.0,0.0,0,13,0.0
pubmed_gcnii16,4,13,0,8,124,0.96875,DENSE_XOR,130,0.9793734491315137,0.9727822580645161,0.9879032258064516,0,13,0.0
pubmed_gcnii16,4,13,1,8,119,0.9296875,DENSE_XOR,130,0.9852941176470588,0.9359243697478992,0.9968487394957983,0,13,0.0
pubmed_gcnii16,4,13,2,8,116,0.90625,DENSE_XOR,130,0.979857427055703,0.9709051724137931,0.9881465517241379,0,13,0.0
pubmed_gcnii16,4,13,3,8,0,0.0,FIXED_IDS,10,0.0,0.0,0.0,0,13,0.0
pubmed_gcnii16,4,13,4,8,0,0.0,FIXED_IDS,10,0.0,0.0,0.0,0,13,0.0
pubmed_gcnii16,4,13,5,8,0,0.0,FIXED_IDS,10,0.0,0.0,0.0,0,13,0.0
pubmed_gcnii16,4,13,6,8,0,0.0,FIXED_IDS,10,0.0,0.0,0.0,0,13,0.0
pubmed_gcnii16,4,13,7,8,0,0.0,FIXED_IDS,10,0.0,0.0,0.0,0,13,0.0
pubmed_gcnii16,4,13,0,8,128,1.0,DENSE_XOR,130,0.9864032451923077,0.9794921875,0.990234375,0,13,0.0
pubmed_gcnii16,4,13,1,8,104,0.8125,DENSE_XOR,130,0.9330621301775148,0.7896634615384616,0.984375,0,13,0.0
pubmed_gcnii16,4,13,2,8,112,0.875,DENSE_XOR,130,0.9545844780219781,0.9263392857142857,0.9631696428571429,0,13,0.0
pubmed_gcnii16,4,13,3,8,104,0.8125,DENSE_XOR,130,0.956823224852071,0.9326923076923077,0.9855769230769231,0,13,0.0
pubmed_gcnii16,4,13,4,8,0,0.0,FIXED_IDS,10,0.0,0.0,0.0,0,13,0.0
pubmed_gcnii16,4,13,5,8,0,0.0,FIXED_IDS,10,0.0,0.0,0.0,0,13,0.0
pubmed_gcnii16,4,13,6,8,0,0.0,FIXED_IDS,10,0.0,0.0,0.0,0,13,0.0
pubmed_gcnii16,4,13,7,8,0,0.0,FIXED_IDS,10,0.0,0.0,0.0,0,13,0.0
pubmed_gcnii16,4,13,0,8,127,0.9921875,DENSE_XOR,130,0.9570714718352513,0.937992125984252,0.9773622047244095,0,13,0.0
pubmed_gcnii16,4,13,1,8,112,0.875,DENSE_XOR,130,0.969522664835165,0.8616071428571429,0.9988839285714286,0,13,0.0
pubmed_gcnii16,4,13,2,8,112,0.875,DENSE_XOR,130,0.991243131868132,0.9720982142857143,0.9977678571428571,0,13,0.0
pubmed_gcnii16,4,13,3,8,0,0.0,FIXED_IDS,10,0.0,0.0,0.0,0,13,0.0
pubmed_gcnii16,4,13,4,8,0,0.0,FIXED_IDS,10,0.0,0.0,0.0,0,13,0.0
pubmed_gcnii16,4,13,5,8,0,0.0,FIXED_IDS,10,0.0,0.0,0.0,0,13,0.0
pubmed_gcnii16,4,13,6,8,0,0.0,FIXED_IDS,10,0.0,0.0,0.0,0,13,0.0
pubmed_gcnii16,4,13,7,8,0,0.0,FIXED_IDS,10,0.0,0.0,0.0,0,13,0.0
pubmed_gcnii16,4,13,0,8,115,0.8984375,DENSE_XOR,130,0.9896321070234114,0.9717391304347827,1.0,0,13,0.0
pubmed_gcnii16,4,13,1,8,126,0.984375,DENSE_XOR,130,0.9780982905982906,0.9196428571428571,1.0,0,13,0.0
pubmed_gcnii16,4,13,2,8,128,1.0,DENSE_XOR,130,0.984375,0.9658203125,1.0,0,13,0.0
pubmed_gcnii16,4,13,3,8,0,0.0,FIXED_IDS,10,0.0,0.0,0.0,0,13,0.0
pubmed_gcnii16,4,13,4,8,0,0.0,FIXED_IDS,10,0.0,0.0,0.0,0,13,0.0
pubmed_gcnii16,4,13,5,8,0,0.0,FIXED_IDS,10,0.0,0.0,0.0,0,13,0.0
pubmed_gcnii16,4,13,6,8,0,0.0,FIXED_IDS,10,0.0,0.0,0.0,0,13,0.0
pubmed_gcnii16,4,13,7,8,0,0.0,FIXED_IDS,10,0.0,0.0,0.0,0,13,0.0
pubmed_gcnii16,4,13,0,8,127,0.9921875,DENSE_XOR,130,0.978649303452453,0.9753937007874016,0.9812992125984252,0,13,0.0
pubmed_gcnii16,4,13,1,8,108,0.84375,DENSE_XOR,130,0.9384793447293448,0.8229166666666666,0.9756944444444444,0,13,0.0
pubmed_gcnii16,4,13,2,8,107,0.8359375,DENSE_XOR,130,0.981488138030194,0.9661214953271028,0.9941588785046729,0,13,0.0
pubmed_gcnii16,4,13,3,8,114,0.890625,DENSE_XOR,130,0.9221491228070177,0.8695175438596491,0.981359649122807,0,13,0.0
pubmed_gcnii16,4,13,4,8,0,0.0,FIXED_IDS,10,0.0,0.0,0.0,0,13,0.0
pubmed_gcnii16,4,13,5,8,0,0.0,FIXED_IDS,10,0.0,0.0,0.0,0,13,0.0
pubmed_gcnii16,4,13,6,8,0,0.0,FIXED_IDS,10,0.0,0.0,0.0,0,13,0.0
pubmed_gcnii16,4,13,7,8,0,0.0,FIXED_IDS,10,0.0,0.0,0.0,0,13,0.0
pubmed_gcnii16,4,13,0,8,128,1.0,DENSE_XOR,130,0.9987229567307693,0.994140625,1.0,0,13,0.0
pubmed_gcnii16,4,13,1,8,128,1.0,DENSE_XOR,130,0.9915114182692307,0.9375,1.0,0,13,0.0
pubmed_gcnii16,4,13,2,8,128,1.0,DENSE_XOR,130,0.9995492788461539,0.998046875,1.0,0,13,0.0
pubmed_gcnii16,4,13,3,8,0,0.0,FIXED_IDS,10,0.0,0.0,0.0,0,13,0.0
pubmed_gcnii16,4,13,4,8,0,0.0,FIXED_IDS,10,0.0,0.0,0.0,0,13,0.0
pubmed_gcnii16,4,13,5,8,0,0.0,FIXED_IDS,10,0.0,0.0,0.0,0,13,0.0
pubmed_gcnii16,4,13,6,8,0,0.0,FIXED_IDS,10,0.0,0.0,0.0,0,13,0.0
pubmed_gcnii16,4,13,7,8,0,0.0,FIXED_IDS,10,0.0,0.0,0.0,0,13,0.0
pubmed_gcnii16,4,13,0,8,128,1.0,DENSE_XOR,130,0.9359975961538461,0.8486328125,1.0,0,13,0.0
pubmed_gcnii16,4,13,1,8,127,0.9921875,DENSE_XOR,130,0.9838734100545126,0.9399606299212598,0.9980314960629921,0,13,0.0
pubmed_gcnii16,4,13,2,8,128,1.0,DENSE_XOR,130,0.9948167067307693,0.970703125,1.0,0,13,0.0
pubmed_gcnii16,4,13,3,8,0,0.0,FIXED_IDS,10,0.0,0.0,0.0,0,13,0.0
pubmed_gcnii16,4,13,4,8,0,0.0,FIXED_IDS,10,0.0,0.0,0.0,0,13,0.0
pubmed_gcnii16,4,13,5,8,0,0.0,FIXED_IDS,10,0.0,0.0,0.0,0,13,0.0
pubmed_gcnii16,4,13,6,8,0,0.0,FIXED_IDS,10,0.0,0.0,0.0,0,13,0.0
pubmed_gcnii16,4,13,7,8,0,0.0,FIXED_IDS,10,0.0,0.0,0.0,0,13,0.0
pubmed_gcnii16,4,13,0,8,128,1.0,DENSE_XOR,130,0.9925631009615384,0.978515625,1.0,0,13,0.0
pubmed_gcnii16,4,13,1,8,128,1.0,DENSE_XOR,130,0.9904597355769231,0.958984375,0.9990234375,0,13,0.0
pubmed_gcnii16,4,13,2,8,128,1.0,DENSE_XOR,130,0.9925631009615384,0.984375,1.0,0,13,0.0
pubmed_gcnii16,4,13,3,8,0,0.0,FIXED_IDS,10,0.0,0.0,0.0,0,13,0.0
pubmed_gcnii16,4,13,4,8,0,0.0,FIXED_IDS,10,0.0,0.0,0.0,0,13,0.0
pubmed_gcnii16,4,13,5,8,0,0.0,FIXED_IDS,10,0.0,0.0,0.0,0,13,0.0
pubmed_gcnii16,4,13,6,8,0,0.0,FIXED_IDS,10,0.0,0.0,0.0,0,13,0.0
pubmed_gcnii16,4,13,7,8,0,0.0,FIXED_IDS,10,0.0,0.0,0.0,0,13,0.0
pubmed_gcnii16,4,13,0,8,128,1.0,DENSE_XOR,130,0.9761868990384616,0.9375,1.0,0,13,0.0
pubmed_gcnii16,4,13,1,8,128,1.0,DENSE_XOR,130,0.9946664663461539,0.9658203125,1.0,0,13,0.0
pubmed_gcnii16,4,13,2,8,128,1.0,DENSE_XOR,130,0.9992487980769231,0.994140625,1.0,0,13,0.0
pubmed_gcnii16,4,13,3,8,0,0.0,FIXED_IDS,10,0.0,0.0,0.0,0,13,0.0
pubmed_gcnii16,4,13,4,8,0,0.0,FIXED_IDS,10,0.0,0.0,0.0,0,13,0.0
pubmed_gcnii16,4,13,5,8,0,0.0,FIXED_IDS,10,0.0,0.0,0.0,0,13,0.0
pubmed_gcnii16,4,13,6,8,0,0.0,FIXED_IDS,10,0.0,0.0,0.0,0,13,0.0
pubmed_gcnii16,4,13,7,8,0,0.0,FIXED_IDS,10,0.0,0.0,0.0,0,13,0.0
pubmed_gcnii16,4,13,0,8,128,1.0,DENSE_XOR,130,0.9900090144230769,0.96875,1.0,0,13,0.0
pubmed_gcnii16,4,13,1,8,128,1.0,DENSE_XOR,130,0.9836237980769231,0.9423828125,1.0,0,13,0.0
pubmed_gcnii16,4,13,2,8,128,1.0,DENSE_XOR,130,1.0,1.0,1.0,0,13,0.0
pubmed_gcnii16,4,13,3,8,0,0.0,FIXED_IDS,10,0.0,0.0,0.0,0,13,0.0
pubmed_gcnii16,4,13,4,8,128,1.0,DENSE_XOR,130,0.8292518028846154,0.7490234375,0.9345703125,0,13,0.0
pubmed_gcnii16,4,13,5,8,0,0.0,FIXED_IDS,10,0.0,0.0,0.0,0,13,0.0
pubmed_gcnii16,4,13,6,8,0,0.0,FIXED_IDS,10,0.0,0.0,0.0,0,13,0.0
pubmed_gcnii16,4,13,7,8,0,0.0,FIXED_IDS,10,0.0,0.0,0.0,0,13,0.0
pubmed_gcnii16,4,13,0,8,128,1.0,DENSE_XOR,130,0.9949669471153846,0.9921875,0.9970703125,0,13,0.0
pubmed_gcnii16,4,13,1,8,128,1.0,DENSE_XOR,130,0.9474909855769231,0.830078125,0.9912109375,0,13,0.0
pubmed_gcnii16,4,13,2,8,128,1.0,DENSE_XOR,130,0.9835486778846154,0.970703125,0.9970703125,0,13,0.0
pubmed_gcnii16,4,13,3,8,116,0.90625,DENSE_XOR,130,0.9064986737400531,0.8383620689655172,0.96875,0,13,0.0
pubmed_gcnii16,4,13,4,8,0,0.0,FIXED_IDS,10,0.0,0.0,0.0,0,13,0.0
pubmed_gcnii16,4,13,5,8,0,0.0,FIXED_IDS,10,0.0,0.0,0.0,0,13,0.0
pubmed_gcnii16,4,13,6,8,0,0.0,FIXED_IDS,10,0.0,0.0,0.0,0,13,0.0
pubmed_gcnii16,4,13,7,8,0,0.0,FIXED_IDS,10,0.0,0.0,0.0,0,13,0.0
pubmed_gcnii16,4,13,0,8,100,0.78125,DENSE_XOR,130,0.9411538461538461,0.87625,0.9975,0,13,0.0
pubmed_gcnii16,4,13,1,8,128,1.0,DENSE_XOR,130,0.9888070913461539,0.97265625,0.9951171875,0,13,0.0
pubmed_gcnii16,4,13,2,8,127,0.9921875,DENSE_XOR,130,0.9607813446396125,0.937992125984252,0.9891732283464567,0,13,0.0
pubmed_gcnii16,4,13,3,8,0,0.0,FIXED_IDS,10,0.0,0.0,0.0,0,13,0.0
pubmed_gcnii16,4,13,4,8,0,0.0,FIXED_IDS,10,0.0,0.0,0.0,0,13,0.0
pubmed_gcnii16,4,13,5,8,107,0.8359375,DENSE_XOR,130,0.9654924514737597,0.860981308411215,0.9976635514018691,0,13,0.0
pubmed_gcnii16,4,13,6,8,104,0.8125,DENSE_XOR,130,0.9668084319526629,0.8858173076923077,0.9951923076923077,0,13,0.0
pubmed_gcnii16,4,13,7,8,94,0.734375,DENSE_XOR,130,0.9626636661211128,0.8696808510638298,0.9906914893617021,0,13,0.0
pubmed_gcnii16,4,13,0,8,126,0.984375,DENSE_XOR,130,0.9479548229548229,0.9097222222222222,0.9851190476190477,0,13,0.0
pubmed_gcnii16,4,13,1,8,120,0.9375,DENSE_XOR,130,0.9901442307692307,0.9375,1.0,0,13,0.0
pubmed_gcnii16,4,13,2,8,120,0.9375,DENSE_XOR,130,0.9777243589743588,0.9635416666666666,0.9927083333333333,0,13,0.0
pubmed_gcnii16,4,13,3,8,0,0.0,FIXED_IDS,10,0.0,0.0,0.0,0,13,0.0
pubmed_gcnii16,4,13,4,8,0,0.0,FIXED_IDS,10,0.0,0.0,0.0,0,13,0.0
pubmed_gcnii16,4,13,5,8,0,0.0,FIXED_IDS,10,0.0,0.0,0.0,0,13,0.0
pubmed_gcnii16,4,13,6,8,0,0.0,FIXED_IDS,10,0.0,0.0,0.0,0,13,0.0
pubmed_gcnii16,4,13,7,8,0,0.0,FIXED_IDS,10,0.0,0.0,0.0,0,13,0.0
pubmed_gcnii16,4,13,0,8,0,0.0,FIXED_IDS,10,0.0,0.0,0.0,0,13,0.0
pubmed_gcnii16,4,13,1,8,123,0.9609375,DENSE_XOR,130,0.9930425265791117,0.9817073170731707,0.9979674796747967,0,13,0.0
pubmed_gcnii16,4,13,2,8,123,0.9609375,DENSE_XOR,130,0.9638055034396498,0.9400406504065041,0.9979674796747967,0,13,0.0
pubmed_gcnii16,4,13,3,8,0,0.0,FIXED_IDS,10,0.0,0.0,0.0,0,13,0.0
pubmed_gcnii16,4,13,4,8,0,0.0,FIXED_IDS,10,0.0,0.0,0.0,0,13,0.0
pubmed_gcnii16,4,13,5,8,120,0.9375,DENSE_XOR,130,0.9970352564102564,0.9895833333333334,1.0,0,13,0.0
pubmed_gcnii16,4,13,6,8,119,0.9296875,DENSE_XOR,130,0.9999191984486102,0.9989495798319328,1.0,0,13,0.0
pubmed_gcnii16,4,13,7,8,119,0.9296875,DENSE_XOR,130,0.9907078215901743,0.9663865546218487,0.9989495798319328,0,13,0.0
pubmed_gcnii16,4,13,0,8,0,0.0,FIXED_IDS,10,0.0,0.0,0.0,0,13,0.0
pubmed_gcnii16,4,13,1,8,125,0.9765625,DENSE_XOR,130,0.9995384615384615,0.994,1.0,0,13,0.0
pubmed_gcnii16,4,13,2,8,126,0.984375,DENSE_XOR,130,0.9403235653235652,0.9166666666666666,0.9900793650793651,0,13,0.0
pubmed_gcnii16,4,13,3,8,0,0.0,FIXED_IDS,10,0.0,0.0,0.0,0,13,0.0
pubmed_gcnii16,4,13,4,8,0,0.0,FIXED_IDS,10,0.0,0.0,0.0,0,13,0.0
pubmed_gcnii16,4,13,5,8,119,0.9296875,DENSE_XOR,130,0.9701034259857788,0.8771008403361344,0.9968487394957983,0,13,0.0
pubmed_gcnii16,4,13,6,8,119,0.9296875,DENSE_XOR,130,0.9621848739495799,0.8707983193277311,0.9978991596638656,0,13,0.0
pubmed_gcnii16,4,13,7,8,110,0.859375,DENSE_XOR,130,0.9669580419580419,0.9011363636363636,0.9943181818181818,0,13,0.0
pubmed_gcnii16,4,13,0,8,128,1.0,DENSE_XOR,130,0.9971454326923077,0.9912109375,1.0,0,13,0.0
pubmed_gcnii16,4,13,1,8,128,1.0,DENSE_XOR,130,0.9897085336538461,0.9326171875,1.0,0,13,0.0
pubmed_gcnii16,4,13,2,8,128,1.0,DENSE_XOR,130,0.9993239182692307,0.9970703125,1.0,0,13,0.0
pubmed_gcnii16,4,13,3,8,0,0.0,FIXED_IDS,10,0.0,0.0,0.0,0,13,0.0
pubmed_gcnii16,4,13,4,8,0,0.0,FIXED_IDS,10,0.0,0.0,0.0,0,13,0.0
pubmed_gcnii16,4,13,5,8,0,0.0,FIXED_IDS,10,0.0,0.0,0.0,0,13,0.0
pubmed_gcnii16,4,13,6,8,0,0.0,FIXED_IDS,10,0.0,0.0,0.0,0,13,0.0
pubmed_gcnii16,4,13,7,8,0,0.0,FIXED_IDS,10,0.0,0.0,0.0,0,13,0.0
pubmed_gcnii16,4,13,0,8,108,0.84375,DENSE_XOR,130,0.9272613960113959,0.8657407407407407,0.9884259259259259,0,13,0.0
pubmed_gcnii16,4,13,1,8,128,1.0,DENSE_XOR,130,0.9985727163461539,0.986328125,1.0,0,13,0.0
pubmed_gcnii16,4,13,2,8,128,1.0,DENSE_XOR,130,0.9784405048076923,0.94921875,0.99609375,0,13,0.0
pubmed_gcnii16,4,13,3,8,0,0.0,FIXED_IDS,10,0.0,0.0,0.0,0,13,0.0
pubmed_gcnii16,4,13,4,8,0,0.0,FIXED_IDS,10,0.0,0.0,0.0,0,13,0.0
pubmed_gcnii16,4,13,5,8,80,0.625,DENSE_XOR,130,0.9906250000000001,0.9734375,0.9984375,0,13,0.0
pubmed_gcnii16,4,13,6,8,83,0.6484375,DENSE_XOR,130,0.9764828544949028,0.9487951807228916,0.9894578313253012,0,13,0.0
pubmed_gcnii16,4,13,7,8,0,0.0,FIXED_IDS,10,0.0,0.0,0.0,0,13,0.0
pubmed_gcnii16,4,13,0,8,98,0.765625,DENSE_XOR,130,0.919642857142857,0.8392857142857143,0.9795918367346939,0,13,0.0
pubmed_gcnii16,4,13,1,8,127,0.9921875,DENSE_XOR,130,0.9846305269533615,0.9478346456692913,0.9940944881889764,0,13,0.0
pubmed_gcnii16,4,13,2,8,126,0.984375,DENSE_XOR,130,0.9582570207570208,0.9216269841269841,0.9890873015873016,0,13,0.0
pubmed_gcnii16,4,13,3,8,0,0.0,FIXED_IDS,10,0.0,0.0,0.0,0,13,0.0
pubmed_gcnii16,4,13,4,8,0,0.0,FIXED_IDS,10,0.0,0.0,0.0,0,13,0.0
pubmed_gcnii16,4,13,5,8,115,0.8984375,DENSE_XOR,130,0.9710702341137124,0.8793478260869565,0.9989130434782608,0,13,0.0
pubmed_gcnii16,4,13,6,8,112,0.875,DENSE_XOR,130,0.9769917582417583,0.8895089285714286,0.9988839285714286,0,13,0.0
pubmed_gcnii16,4,13,7,8,108,0.84375,DENSE_XOR,130,0.9616274928774929,0.8599537037037037,0.9965277777777778,0,13,0.0
pubmed_gcnii16,4,13,0,8,121,0.9453125,DENSE_XOR,130,0.9424666242848061,0.8512396694214877,0.9989669421487604,0,13,0.0
pubmed_gcnii16,4,13,1,8,128,1.0,DENSE_XOR,130,0.9994741586538461,0.994140625,1.0,0,13,0.0
pubmed_gcnii16,4,13,2,8,128,1.0,DENSE_XOR,130,0.9932391826923077,0.9775390625,0.9990234375,0,13,0.0
pubmed_gcnii16,4,13,3,8,0,0.0,FIXED_IDS,10,0.0,0.0,0.0,0,13,0.0
pubmed_gcnii16,4,13,4,8,124,0.96875,DENSE_XOR,130,0.908886476426799,0.8155241935483871,0.9929435483870968,0,13,0.0
pubmed_gcnii16,4,13,5,8,127,0.9921875,DENSE_XOR,130,0.9837219866747426,0.9232283464566929,1.0,0,13,0.0
pubmed_gcnii16,4,13,6,8,127,0.9921875,DENSE_XOR,130,0.9875075711689885,0.9271653543307087,1.0,0,13,0.0
pubmed_gcnii16,4,13,7,8,126,0.984375,DENSE_XOR,130,0.9459706959706959,0.8373015873015873,0.9831349206349206,0,13,0.0
pubmed_gcnii16,4,13,0,8,0,0.0,FIXED_IDS,10,0.0,0.0,0.0,0,13,0.0
pubmed_gcnii16,4,13,1,8,128,1.0,DENSE_XOR,130,0.9983473557692307,0.99609375,1.0,0,13,0.0
pubmed_gcnii16,4,13,2,8,122,0.953125,DENSE_XOR,130,0.9191361916771753,0.875,0.9918032786885246,0,13,0.0
pubmed_gcnii16,4,13,3,8,0,0.0,FIXED_IDS,10,0.0,0.0,0.0,0,13,0.0
pubmed_gcnii16,4,13,4,8,0,0.0,FIXED_IDS,10,0.0,0.0,0.0,0,13,0.0
pubmed_gcnii16,4,13,5,8,128,1.0,DENSE_XOR,130,0.9974459134615384,0.984375,1.0,0,13,0.0
pubmed_gcnii16,4,13,6,8,128,1.0,DENSE_XOR,130,0.9985727163461539,0.9833984375,1.0,0,13,0.0
pubmed_gcnii16,4,13,7,8,128,1.0,DENSE_XOR,130,0.9860276442307693,0.947265625,0.9990234375,0,13,0.0
pubmed_gcnii16,4,13,0,8,120,0.9375,DENSE_XOR,130,0.9347756410256411,0.884375,0.9739583333333334,0,13,0.0
pubmed_gcnii16,4,13,1,8,105,0.8203125,DENSE_XOR,130,0.9198717948717948,0.8464285714285714,0.9607142857142857,0,13,0.0
pubmed_gcnii16,4,13,2,8,99,0.7734375,DENSE_XOR,130,0.9629953379953378,0.9381313131313131,0.9886363636363636,0,13,0.0
pubmed_gcnii16,4,13,3,8,0,0.0,FIXED_IDS,10,0.0,0.0,0.0,0,13,0.0
pubmed_gcnii16,4,13,4,8,0,0.0,FIXED_IDS,10,0.0,0.0,0.0,0,13,0.0
pubmed_gcnii16,4,13,5,8,0,0.0,FIXED_IDS,10,0.0,0.0,0.0,0,13,0.0
pubmed_gcnii16,4,13,6,8,0,0.0,FIXED_IDS,10,0.0,0.0,0.0,0,13,0.0
pubmed_gcnii16,4,13,7,8,0,0.0,FIXED_IDS,10,0.0,0.0,0.0,0,13,0.0
pubmed_gcnii16,4,13,0,8,0,0.0,FIXED_IDS,10,0.0,0.0,0.0,0,13,0.0
pubmed_gcnii16,4,13,1,8,0,0.0,FIXED_IDS,10,0.0,0.0,0.0,0,13,0.0
pubmed_gcnii16,4,13,2,8,0,0.0,FIXED_IDS,10,0.0,0.0,0.0,0,13,0.0
pubmed_gcnii16,4,13,3,8,128,1.0,DENSE_XOR,130,1.0,1.0,1.0,0,13,0.0
pubmed_gcnii16,4,13,4,8,0,0.0,FIXED_IDS,10,0.0,0.0,0.0,0,13,0.0
pubmed_gcnii16,4,13,5,8,128,1.0,DENSE_XOR,130,0.9870793269230769,0.890625,1.0,0,13,0.0
pubmed_gcnii16,4,13,6,8,127,0.9921875,DENSE_XOR,130,0.9543458509993943,0.7785433070866141,0.9940944881889764,0,13,0.0
pubmed_gcnii16,4,13,7,8,120,0.9375,DENSE_XOR,130,0.9338141025641027,0.7385416666666667,0.9916666666666667,0,13,0.0
pubmed_gcnii16,4,13,0,8,0,0.0,FIXED_IDS,10,0.0,0.0,0.0,0,13,0.0
pubmed_gcnii16,4,13,1,8,0,0.0,FIXED_IDS,10,0.0,0.0,0.0,0,13,0.0
pubmed_gcnii16,4,13,2,8,0,0.0,FIXED_IDS,10,0.0,0.0,0.0,0,13,0.0
pubmed_gcnii16,4,13,3,8,128,1.0,DENSE_XOR,130,1.0,1.0,1.0,0,13,0.0
pubmed_gcnii16,4,13,4,8,0,0.0,FIXED_IDS,10,0.0,0.0,0.0,0,13,0.0
pubmed_gcnii16,4,13,5,8,127,0.9921875,DENSE_XOR,130,0.9429890975166567,0.734251968503937,0.9980314960629921,0,13,0.0
pubmed_gcnii16,4,13,6,8,104,0.8125,DENSE_XOR,130,0.953957100591716,0.8076923076923077,0.9939903846153846,0,13,0.0
pubmed_gcnii16,4,13,7,8,99,0.7734375,DENSE_XOR,130,0.9413364413364413,0.7929292929292929,0.9886363636363636,0,13,0.0
pubmed_gcnii16,4,13,0,8,128,1.0,DENSE_XOR,130,0.9395282451923077,0.9287109375,0.953125,0,13,0.0
pubmed_gcnii16,4,13,1,8,108,0.84375,DENSE_XOR,130,0.9524572649572648,0.9479166666666666,0.9606481481481481,0,13,0.0
pubmed_gcnii16,4,13,2,8,97,0.7578125,DENSE_XOR,130,0.9760111022997621,0.970360824742268,0.9832474226804123,0,13,0.0
pubmed_gcnii16,4,13,3,8,96,0.75,DENSE_XOR,130,0.9265825320512822,0.890625,0.9856770833333334,0,13,0.0
pubmed_gcnii16,4,13,4,8,0,0.0,FIXED_IDS,10,0.0,0.0,0.0,0,13,0.0
pubmed_gcnii16,4,13,5,8,0,0.0,FIXED_IDS,10,0.0,0.0,0.0,0,13,0.0
pubmed_gcnii16,4,13,6,8,0,0.0,FIXED_IDS,10,0.0,0.0,0.0,0,13,0.0
pubmed_gcnii16,4,13,7,8,0,0.0,FIXED_IDS,10,0.0,0.0,0.0,0,13,0.0
pubmed_gcnii16,4,13,0,8,128,1.0,DENSE_XOR,130,0.9993239182692307,0.998046875,1.0,0,13,0.0
pubmed_gcnii16,4,13,1,8,128,1.0,DENSE_XOR,130,0.9641676682692307,0.8193359375,1.0,0,13,0.0
pubmed_gcnii16,4,13,2,8,128,1.0,DENSE_XOR,130,0.9948918269230769,0.974609375,1.0,0,13,0.0
pubmed_gcnii16,4,13,3,8,112,0.875,DENSE_XOR,130,0.9075377747252747,0.8705357142857143,0.9564732142857143,0,13,0.0
pubmed_gcnii16,4,13,4,8,0,0.0,FIXED_IDS,10,0.0,0.0,0.0,0,13,0.0
pubmed_gcnii16,4,13,5,8,0,0.0,FIXED_IDS,10,0.0,0.0,0.0,0,13,0.0
pubmed_gcnii16,4,13,6,8,0,0.0,FIXED_IDS,10,0.0,0.0,0.0,0,13,0.0
pubmed_gcnii16,4,13,7,8,0,0.0,FIXED_IDS,10,0.0,0.0,0.0,0,13,0.0
pubmed_gcnii16,4,13,0,8,122,0.953125,DENSE_XOR,130,0.9910151324085752,0.9764344262295082,0.9959016393442623,0,13,0.0
pubmed_gcnii16,4,13,1,8,124,0.96875,DENSE_XOR,130,0.9164081885856079,0.7530241935483871,0.9707661290322581,0,13,0.0
pubmed_gcnii16,4,13,2,8,121,0.9453125,DENSE_XOR,130,0.9732994278448823,0.9183884297520661,0.9989669421487604,0,13,0.0
pubmed_gcnii16,4,13,3,8,116,0.90625,DENSE_XOR,130,0.9216677718832891,0.8685344827586207,0.9709051724137931,0,13,0.0
pubmed_gcnii16,4,13,4,8,0,0.0,FIXED_IDS,10,0.0,0.0,0.0,0,13,0.0
pubmed_gcnii16,4,13,5,8,0,0.0,FIXED_IDS,10,0.0,0.0,0.0,0,13,0.0
pubmed_gcnii16,4,13,6,8,0,0.0,FIXED_IDS,10,0.0,0.0,0.0,0,13,0.0
pubmed_gcnii16,4,13,7,8,0,0.0,FIXED_IDS,10,0.0,0.0,0.0,0,13,0.0
pubmed_gcnii16,4,13,0,8,0,0.0,FIXED_IDS,10,0.0,0.0,0.0,0,13,0.0
pubmed_gcnii16,4,13,1,8,0,0.0,FIXED_IDS,10,0.0,0.0,0.0,0,13,0.0
pubmed_gcnii16,4,13,2,8,0,0.0,FIXED_IDS,10,0.0,0.0,0.0,0,13,0.0
pubmed_gcnii16,4,13,3,8,128,1.0,DENSE_XOR,130,0.9994741586538461,0.9970703125,1.0,0,13,0.0
pubmed_gcnii16,4,13,4,8,0,0.0,FIXED_IDS,10,0.0,0.0,0.0,0,13,0.0
pubmed_gcnii16,4,13,5,8,128,1.0,DENSE_XOR,130,0.9996243990384616,0.9951171875,1.0,0,13,0.0
pubmed_gcnii16,4,13,6,8,128,1.0,DENSE_XOR,130,0.9976712740384616,0.9814453125,1.0,0,13,0.0
pubmed_gcnii16,4,13,7,8,128,1.0,DENSE_XOR,130,0.9914362980769231,0.966796875,0.9990234375,0,13,0.0
pubmed_gcnii16,4,13,0,8,0,0.0,FIXED_IDS,10,0.0,0.0,0.0,0,13,0.0
pubmed_gcnii16,4,13,1,8,0,0.0,FIXED_IDS,10,0.0,0.0,0.0,0,13,0.0
pubmed_gcnii16,4,13,2,8,0,0.0,FIXED_IDS,10,0.0,0.0,0.0,0,13,0.0
pubmed_gcnii16,4,13,3,8,128,1.0,DENSE_XOR,130,0.9984975961538461,0.9951171875,1.0,0,13,0.0
pubmed_gcnii16,4,13,4,8,0,0.0,FIXED_IDS,10,0.0,0.0,0.0,0,13,0.0
pubmed_gcnii16,4,13,5,8,123,0.9609375,DENSE_XOR,130,0.9185428392745465,0.649390243902439,0.9959349593495935,1,13,0.0
pubmed_gcnii16,4,13,6,8,90,0.703125,DENSE_XOR,130,0.9443376068376068,0.7847222222222222,0.9902777777777778,0,13,0.0
pubmed_gcnii16,4,13,7,8,0,0.0,FIXED_IDS,10,0.0,0.0,0.0,0,13,0.0
pubmed_gcnii16,4,13,0,8,112,0.875,DENSE_XOR,130,0.8663289835164835,0.8337053571428571,0.9207589285714286,0,13,0.0
pubmed_gcnii16,4,13,1,8,0,0.0,FIXED_IDS,10,0.0,0.0,0.0,0,13,0.0
pubmed_gcnii16,4,13,2,8,0,0.0,FIXED_IDS,10,0.0,0.0,0.0,0,13,0.0
pubmed_gcnii16,4,13,3,8,128,1.0,DENSE_XOR,130,1.0,1.0,1.0,0,13,0.0
pubmed_gcnii16,4,13,4,8,0,0.0,FIXED_IDS,10,0.0,0.0,0.0,0,13,0.0
pubmed_gcnii16,4,13,5,8,124,0.96875,DENSE_XOR,130,0.8718207196029777,0.46673387096774194,0.9909274193548387,2,13,0.0
pubmed_gcnii16,4,13,6,8,0,0.0,FIXED_IDS,10,0.0,0.0,0.0,0,13,0.0
pubmed_gcnii16,4,13,7,8,0,0.0,FIXED_IDS,10,0.0,0.0,0.0,0,13,0.0
pubmed_gcnii16,4,13,0,8,127,0.9921875,DENSE_XOR,130,0.928755299818292,0.9133858267716536,0.9537401574803149,0,13,0.0
pubmed_gcnii16,4,13,1,8,0,0.0,FIXED_IDS,10,0.0,0.0,0.0,0,13,0.0
pubmed_gcnii16,4,13,2,8,0,0.0,FIXED_IDS,10,0.0,0.0,0.0,0,13,0.0
pubmed_gcnii16,4,13,3,8,128,1.0,DENSE_XOR,130,0.9945162259615384,0.9921875,0.99609375,0,13,0.0
pubmed_gcnii16,4,13,4,8,0,0.0,FIXED_IDS,10,0.0,0.0,0.0,0,13,0.0
pubmed_gcnii16,4,13,5,8,119,0.9296875,DENSE_XOR,130,0.7970265029088559,0.25210084033613445,0.9821428571428571,3,13,0.0
pubmed_gcnii16,4,13,6,8,0,0.0,FIXED_IDS,10,0.0,0.0,0.0,0,13,0.0
pubmed_gcnii16,4,13,7,8,0,0.0,FIXED_IDS,10,0.0,0.0,0.0,0,13,0.0
pubmed_gcnii16,4,13,0,8,126,0.984375,DENSE_XOR,130,0.9201770451770451,0.9067460317460317,0.941468253968254,0,13,0.0
pubmed_gcnii16,4,13,1,8,0,0.0,FIXED_IDS,10,0.0,0.0,0.0,0,13,0.0
pubmed_gcnii16,4,13,2,8,0,0.0,FIXED_IDS,10,0.0,0.0,0.0,0,13,0.0
pubmed_gcnii16,4,13,3,8,112,0.875,DENSE_XOR,130,0.962654532967033,0.9441964285714286,0.9888392857142857,0,13,0.0
pubmed_gcnii16,4,13,4,8,0,0.0,FIXED_IDS,10,0.0,0.0,0.0,0,13,0.0
pubmed_gcnii16,4,13,5,8,96,0.75,DENSE_XOR,130,0.8771033653846152,0.5872395833333334,0.9739583333333334,2,13,0.0
pubmed_gcnii16,4,13,6,8,0,0.0,FIXED_IDS,10,0.0,0.0,0.0,0,13,0.0
pubmed_gcnii16,4,13,7,8,0,0.0,FIXED_IDS,10,0.0,0.0,0.0,0,13,0.0
pubmed_gcnii16,4,13,0,8,103,0.8046875,DENSE_XOR,130,0.9016056758775205,0.8604368932038835,0.9466019417475728,0,13,0.0
pubmed_gcnii16,4,13,1,8,100,0.78125,DENSE_XOR,130,0.9473076923076923,0.92875,0.9525,0,13,0.0
pubmed_gcnii16,4,13,2,8,100,0.78125,DENSE_XOR,130,0.9184615384615384,0.8775,0.965,0,13,0.0
pubmed_gcnii16,4,13,3,8,100,0.78125,DENSE_XOR,130,0.8914423076923079,0.8025,0.96625,0,13,0.0
pubmed_gcnii16,4,13,4,8,0,0.0,FIXED_IDS,10,0.0,0.0,0.0,0,13,0.0
pubmed_gcnii16,4,13,5,8,0,0.0,FIXED_IDS,10,0.0,0.0,0.0,0,13,0.0
pubmed_gcnii16,4,13,6,8,0,0.0,FIXED_IDS,10,0.0,0.0,0.0,0,13,0.0
pubmed_gcnii16,4,13,7,8,0,0.0,FIXED_IDS,10,0.0,0.0,0.0,0,13,0.0
pubmed_gcnii16,4,13,0,8,120,0.9375,DENSE_XOR,130,0.9641025641025641,0.9479166666666666,0.984375,0,13,0.0
pubmed_gcnii16,4,13,1,8,124,0.96875,DENSE_XOR,130,0.9503722084367247,0.8659274193548387,0.9848790322580645,0,13,0.0
pubmed_gcnii16,4,13,2,8,126,0.984375,DENSE_XOR,130,0.9385683760683761,0.9017857142857143,0.9751984126984127,0,13,0.0
pubmed_gcnii16,4,13,3,8,119,0.9296875,DENSE_XOR,130,0.946590174531351,0.8686974789915967,0.9915966386554622,0,13,0.0
pubmed_gcnii16,4,13,4,8,0,0.0,FIXED_IDS,10,0.0,0.0,0.0,0,13,0.0
pubmed_gcnii16,4,13,5,8,0,0.0,FIXED_IDS,10,0.0,0.0,0.0,0,13,0.0
pubmed_gcnii16,4,13,6,8,0,0.0,FIXED_IDS,10,0.0,0.0,0.0,0,13,0.0
pubmed_gcnii16,4,13,7,8,0,0.0,FIXED_IDS,10,0.0,0.0,0.0,0,13,0.0
pubmed_gcnii16,4,13,0,8,112,0.875,DENSE_XOR,130,0.9459993131868133,0.890625,0.9899553571428571,0,13,0.0
pubmed_gcnii16,4,13,1,8,122,0.953125,DENSE_XOR,130,0.9620113493064312,0.8811475409836066,0.9938524590163934,0,13,0.0
pubmed_gcnii16,4,13,2,8,122,0.953125,DENSE_XOR,130,0.9687894073139977,0.930327868852459,0.9907786885245902,0,13,0.0
pubmed_gcnii16,4,13,3,8,100,0.78125,DENSE_XOR,130,0.9023076923076924,0.81875,0.96375,0,13,0.0
pubmed_gcnii16,4,13,4,8,0,0.0,FIXED_IDS,10,0.0,0.0,0.0,0,13,0.0
pubmed_gcnii16,4,13,5,8,0,0.0,FIXED_IDS,10,0.0,0.0,0.0,0,13,0.0
pubmed_gcnii16,4,13,6,8,0,0.0,FIXED_IDS,10,0.0,0.0,0.0,0,13,0.0
pubmed_gcnii16,4,13,7,8,0,0.0,FIXED_IDS,10,0.0,0.0,0.0,0,13,0.0
pubmed_gcnii16,4,13,0,8,119,0.9296875,DENSE_XOR,130,0.8922107304460247,0.8665966386554622,0.9086134453781513,0,13,0.0
pubmed_gcnii16,4,13,1,8,0,0.0,FIXED_IDS,10,0.0,0.0,0.0,0,13,0.0
pubmed_gcnii16,4,13,2,8,0,0.0,FIXED_IDS,10,0.0,0.0,0.0,0,13,0.0
pubmed_gcnii16,4,13,3,8,115,0.8984375,DENSE_XOR,130,0.9443143812709032,0.8880434782608696,0.9902173913043478,0,13,0.0
pubmed_gcnii16,4,13,4,8,0,0.0,FIXED_IDS,10,0.0,0.0,0.0,0,13,0.0
pubmed_gcnii16,4,13,5,8,112,0.875,DENSE_XOR,130,0.9277129120879122,0.7176339285714286,0.9977678571428571,0,13,0.0
pubmed_gcnii16,4,13,6,8,88,0.6875,DENSE_XOR,130,0.9621940559440559,0.8167613636363636,0.9971590909090909,0,13,0.0
pubmed_gcnii16,4,13,7,8,0,0.0,FIXED_IDS,10,0.0,0.0,0.0,0,13,0.0
pubmed_gcnii16,4,13,0,8,127,0.9921875,DENSE_XOR,130,0.962976983646275,0.9429133858267716,0.9812992125984252,0,13,0.0
pubmed_gcnii16,4,13,1,8,111,0.8671875,DENSE_XOR,130,0.9500173250173248,0.8558558558558559,0.9864864864864865,0,13,0.0
pubmed_gcnii16,4,13,2,8,111,0.8671875,DENSE_XOR,130,0.9662162162162162,0.9268018018018018,0.9853603603603603,0,13,0.0
pubmed_gcnii16,4,13,3,8,119,0.9296875,DENSE_XOR,130,0.9671137685843569,0.9369747899159664,0.990546218487395,0,13,0.0
pubmed_gcnii16,4,13,4,8,0,0.0,FIXED_IDS,10,0.0,0.0,0.0,0,13,0.0
pubmed_gcnii16,4,13,5,8,0,0.0,FIXED_IDS,10,0.0,0.0,0.0,0,13,0.0
pubmed_gcnii16,4,13,6,8,0,0.0,FIXED_IDS,10,0.0,0.0,0.0,0,13,0.0
pubmed_gcnii16,4,13,7,8,0,0.0,FIXED_IDS,10,0.0,0.0,0.0,0,13,0.0
pubmed_gcnii16,4,13,0,8,128,1.0,DENSE_XOR,130,0.9703275240384616,0.919921875,0.9990234375,0,13,0.0
pubmed_gcnii16,4,13,1,8,124,0.96875,DENSE_XOR,130,0.9285825062034738,0.7691532258064516,0.9909274193548387,0,13,0.0
pubmed_gcnii16,4,13,2,8,127,0.9921875,DENSE_XOR,130,0.9799364021804966,0.937007874015748,0.9950787401574803,0,13,0.0
pubmed_gcnii16,4,13,3,8,124,0.96875,DENSE_XOR,130,0.9005117866004964,0.7872983870967742,0.9858870967741935,0,13,0.0
pubmed_gcnii16,4,13,4,8,0,0.0,FIXED_IDS,10,0.0,0.0,0.0,0,13,0.0
pubmed_gcnii16,4,13,5,8,0,0.0,FIXED_IDS,10,0.0,0.0,0.0,0,13,0.0
pubmed_gcnii16,4,13,6,8,0,0.0,FIXED_IDS,10,0.0,0.0,0.0,0,13,0.0
pubmed_gcnii16,4,13,7,8,0,0.0,FIXED_IDS,10,0.0,0.0,0.0,0,13,0.0
pubmed_gcnii16,4,13,0,8,126,0.984375,DENSE_XOR,130,0.9725274725274725,0.9702380952380952,0.9761904761904762,0,13,0.0
pubmed_gcnii16,4,13,1,8,115,0.8984375,DENSE_XOR,130,0.8552675585284282,0.6565217391304348,0.9380434782608695,1,13,0.0
pubmed_gcnii16,4,13,2,8,107,0.8359375,DENSE_XOR,130,0.9498562185478072,0.9228971962616822,0.9661214953271028,0,13,0.0
pubmed_gcnii16,4,13,3,8,126,0.984375,DENSE_XOR,130,0.9423076923076923,0.9176587301587301,0.9761904761904762,0,13,0.0
pubmed_gcnii16,4,13,4,8,0,0.0,FIXED_IDS,10,0.0,0.0,0.0,0,13,0.0
pubmed_gcnii16,4,13,5,8,0,0.0,FIXED_IDS,10,0.0,0.0,0.0,0,13,0.0
pubmed_gcnii16,4,13,6,8,0,0.0,FIXED_IDS,10,0.0,0.0,0.0,0,13,0.0
pubmed_gcnii16,4,13,7,8,0,0.0,FIXED_IDS,10,0.0,0.0,0.0,0,13,0.0
pubmed_gcnii16,4,13,0,8,127,0.9921875,DENSE_XOR,130,0.9513173834039976,0.9419291338582677,0.9606299212598425,0,13,0.0
pubmed_gcnii16,4,13,1,8,0,0.0,FIXED_IDS,10,0.0,0.0,0.0,0,13,0.0
pubmed_gcnii16,4,13,2,8,84,0.65625,DENSE_XOR,130,0.9583333333333334,0.9419642857142857,0.9776785714285714,0,13,0.0
pubmed_gcnii16,4,13,3,8,124,0.96875,DENSE_XOR,130,0.9540167493796525,0.9334677419354839,0.9808467741935484,0,13,0.0
pubmed_gcnii16,4,13,4,8,0,0.0,FIXED_IDS,10,0.0,0.0,0.0,0,13,0.0
pubmed_gcnii16,4,13,5,8,0,0.0,FIXED_IDS,10,0.0,0.0,0.0,0,13,0.0
pubmed_gcnii16,4,13,6,8,0,0.0,FIXED_IDS,10,0.0,0.0,0.0,0,13,0.0
pubmed_gcnii16,4,13,7,8,0,0.0,FIXED_IDS,10,0.0,0.0,0.0,0,13,0.0
pubmed_gcnii16,4,13,0,8,128,1.0,DENSE_XOR,130,1.0,1.0,1.0,0,13,0.0
pubmed_gcnii16,4,13,1,8,120,0.9375,DENSE_XOR,130,0.9626602564102564,0.853125,0.9979166666666667,0,13,0.0
pubmed_gcnii16,4,13,2,8,128,1.0,DENSE_XOR,130,0.9756610576923077,0.9375,1.0,0,13,0.0
pubmed_gcnii16,4,13,3,8,108,0.84375,DENSE_XOR,130,0.9334935897435899,0.8993055555555556,0.9837962962962963,0,13,0.0
pubmed_gcnii16,4,13,4,8,0,0.0,FIXED_IDS,10,0.0,0.0,0.0,0,13,0.0
pubmed_gcnii16,4,13,5,8,0,0.0,FIXED_IDS,10,0.0,0.0,0.0,0,13,0.0
pubmed_gcnii16,4,13,6,8,0,0.0,FIXED_IDS,10,0.0,0.0,0.0,0,13,0.0
pubmed_gcnii16,4,13,7,8,0,0.0,FIXED_IDS,10,0.0,0.0,0.0,0,13,0.0
pubmed_gcnii16,4,13,0,8,127,0.9921875,DENSE_XOR,130,0.9485917625681404,0.9429133858267716,0.9586614173228346,0,13,0.0
pubmed_gcnii16,4,13,1,8,124,0.96875,DENSE_XOR,130,0.89810794044665,0.7993951612903226,0.9243951612903226,0,13,0.0
pubmed_gcnii16,4,13,2,8,105,0.8203125,DENSE_XOR,130,0.9911172161172161,0.9654761904761905,1.0,0,13,0.0
pubmed_gcnii16,4,13,3,8,120,0.9375,DENSE_XOR,130,0.9511217948717949,0.9166666666666666,0.9770833333333333,0,13,0.0
pubmed_gcnii16,4,13,4,8,0,0.0,FIXED_IDS,10,0.0,0.0,0.0,0,13,0.0
pubmed_gcnii16,4,13,5,8,0,0.0,FIXED_IDS,10,0.0,0.0,0.0,0,13,0.0
pubmed_gcnii16,4,13,6,8,0,0.0,FIXED_IDS,10,0.0,0.0,0.0,0,13,0.0
pubmed_gcnii16,4,13,7,8,0,0.0,FIXED_IDS,10,0.0,0.0,0.0,0,13,0.0
pubmed_gcnii16,4,13,0,8,126,0.984375,DENSE_XOR,130,0.911401098901099,0.8829365079365079,0.9365079365079365,0,13,0.0
pubmed_gcnii16,4,13,1,8,0,0.0,FIXED_IDS,10,0.0,0.0,0.0,0,13,0.0
pubmed_gcnii16,4,13,2,8,0,0.0,FIXED_IDS,10,0.0,0.0,0.0,0,13,0.0
pubmed_gcnii16,4,13,3,8,123,0.9609375,DENSE_XOR,130,0.9636491557223266,0.9247967479674797,0.9939024390243902,0,13,0.0
pubmed_gcnii16,4,13,4,8,0,0.0,FIXED_IDS,10,0.0,0.0,0.0,0,13,0.0
pubmed_gcnii16,4,13,5,8,104,0.8125,DENSE_XOR,130,0.9042159763313611,0.5252403846153846,0.9963942307692307,2,13,0.0
pubmed_gcnii16,4,13,6,8,0,0.0,FIXED_IDS,10,0.0,0.0,0.0,0,13,0.0
pubmed_gcnii16,4,13,7,8,0,0.0,FIXED_IDS,10,0.0,0.0,0.0,0,13,0.0
pubmed_gcnii16,4,13,0,8,124,0.96875,DENSE_XOR,130,0.8800403225806451,0.8578629032258065,0.9133064516129032,0,13,0.0
pubmed_gcnii16,4,13,1,8,124,0.96875,DENSE_XOR,130,0.8851581885856079,0.8346774193548387,0.9375,0,13,0.0
pubmed_gcnii16,4,13,2,8,0,0.0,FIXED_IDS,10,0.0,0.0,0.0,0,13,0.0
pubmed_gcnii16,4,13,3,8,128,1.0,DENSE_XOR,130,0.9909855769230769,0.98046875,0.9990234375,0,13,0.0
pubmed_gcnii16,4,13,4,8,0,0.0,FIXED_IDS,10,0.0,0.0,0.0,0,13,0.0
pubmed_gcnii16,4,13,5,8,108,0.84375,DENSE_XOR,130,0.9802350427350426,0.9328703703703703,1.0,0,13,0.0
pubmed_gcnii16,4,13,6,8,104,0.8125,DENSE_XOR,130,0.9765162721893491,0.8545673076923077,0.9963942307692307,0,13,0.0
pubmed_gcnii16,4,13,7,8,102,0.796875,DENSE_XOR,130,0.931184012066365,0.7708333333333334,0.9852941176470589,0,13,0.0
pubmed_gcnii16,4,13,0,8,112,0.875,DENSE_XOR,130,0.9027300824175823,0.890625,0.9196428571428571,0,13,0.0
pubmed_gcnii16,4,13,1,8,96,0.75,DENSE_XOR,130,0.9189703525641026,0.90234375,0.9440104166666666,0,13,0.0
pubmed_gcnii16,4,13,2,8,0,0.0,FIXED_IDS,10,0.0,0.0,0.0,0,13,0.0
pubmed_gcnii16,4,13,3,8,120,0.9375,DENSE_XOR,130,0.9274839743589743,0.8447916666666667,0.98125,0,13,0.0
pubmed_gcnii16,4,13,4,8,0,0.0,FIXED_IDS,10,0.0,0.0,0.0,0,13,0.0
pubmed_gcnii16,4,13,5,8,88,0.6875,DENSE_XOR,130,0.9365166083916084,0.7244318181818182,0.9971590909090909,1,13,0.0
pubmed_gcnii16,4,13,6,8,0,0.0,FIXED_IDS,10,0.0,0.0,0.0,0,13,0.0
pubmed_gcnii16,4,13,7,8,0,0.0,FIXED_IDS,10,0.0,0.0,0.0,0,13,0.0
pubmed_gcnii16,4,13,0,8,117,0.9140625,DENSE_XOR,130,0.9142011834319526,0.8974358974358975,0.9294871794871795,0,13,0.0
pubmed_gcnii16,4,13,1,8,0,0.0,FIXED_IDS,10,0.0,0.0,0.0,0,13,0.0
pubmed_gcnii16,4,13,2,8,0,0.0,FIXED_IDS,10,0.0,0.0,0.0,0,13,0.0
pubmed_gcnii16,4,13,3,8,104,0.8125,DENSE_XOR,130,0.9697670118343195,0.9290865384615384,0.9987980769230769,0,13,0.0
pubmed_gcnii16,4,13,4,8,0,0.0,FIXED_IDS,10,0.0,0.0,0.0,0,13,0.0
pubmed_gcnii16,4,13,5,8,0,0.0,FIXED_IDS,10,0.0,0.0,0.0,0,13,0.0
pubmed_gcnii16,4,13,6,8,0,0.0,FIXED_IDS,10,0.0,0.0,0.0,0,13,0.0
pubmed_gcnii16,4,13,7,8,0,0.0,FIXED_IDS,10,0.0,0.0,0.0,0,13,0.0
pubmed_gcnii16,4,13,0,8,111,0.8671875,DENSE_XOR,130,0.9603257103257103,0.9391891891891891,0.9808558558558559,0,13,0.0
pubmed_gcnii16,4,13,1,8,115,0.8984375,DENSE_XOR,130,0.9535117056856186,0.85,0.9858695652173913,0,13,0.0
pubmed_gcnii16,4,13,2,8,114,0.890625,DENSE_XOR,130,0.9665991902834009,0.9462719298245614,0.9923245614035088,0,13,0.0
pubmed_gcnii16,4,13,3,8,0,0.0,FIXED_IDS,10,0.0,0.0,0.0,0,13,0.0
pubmed_gcnii16,4,13,4,8,0,0.0,FIXED_IDS,10,0.0,0.0,0.0,0,13,0.0
pubmed_gcnii16,4,13,5,8,0,0.0,FIXED_IDS,10,0.0,0.0,0.0,0,13,0.0
pubmed_gcnii16,4,13,6,8,0,0.0,FIXED_IDS,10,0.0,0.0,0.0,0,13,0.0
pubmed_gcnii16,4,13,7,8,0,0.0,FIXED_IDS,10,0.0,0.0,0.0,0,13,0.0
pubmed_gcnii16,4,13,0,8,0,0.0,FIXED_IDS,10,0.0,0.0,0.0,0,13,0.0
pubmed_gcnii16,4,13,1,8,112,0.875,DENSE_XOR,130,0.9452266483516484,0.9118303571428571,0.9732142857142857,0,13,0.0
pubmed_gcnii16,4,13,2,8,0,0.0,FIXED_IDS,10,0.0,0.0,0.0,0,13,0.0
pubmed_gcnii16,4,13,3,8,104,0.8125,DENSE_XOR,130,0.9257581360946746,0.8569711538461539,0.9795673076923077,0,13,0.0
pubmed_gcnii16,4,13,4,8,0,0.0,FIXED_IDS,10,0.0,0.0,0.0,0,13,0.0
pubmed_gcnii16,4,13,5,8,117,0.9140625,DENSE_XOR,130,0.945101906640368,0.7938034188034188,0.9914529914529915,0,13,0.0
pubmed_gcnii16,4,13,6,8,110,0.859375,DENSE_XOR,130,0.9594405594405593,0.8181818181818182,1.0,0,13,0.0
pubmed_gcnii16,4,13,7,8,110,0.859375,DENSE_XOR,130,0.9294580419580419,0.7670454545454546,0.9965909090909091,0,13,0.0
pubmed_gcnii16,4,13,0,8,120,0.9375,DENSE_XOR,130,0.9919871794871794,0.9791666666666666,1.0,0,13,0.0
pubmed_gcnii16,4,13,1,8,127,0.9921875,DENSE_XOR,130,0.9822834645669292,0.890748031496063,1.0,0,13,0.0
pubmed_gcnii16,4,13,2,8,128,1.0,DENSE_XOR,130,0.9861778846153846,0.9765625,0.998046875,0,13,0.0
pubmed_gcnii16,4,13,3,8,94,0.734375,DENSE_XOR,130,0.9140752864157119,0.8656914893617021,0.9667553191489362,0,13,0.0
pubmed_gcnii16,4,13,4,8,0,0.0,FIXED_IDS,10,0.0,0.0,0.0,0,13,0.0
pubmed_gcnii16,4,13,5,8,0,0.0,FIXED_IDS,10,0.0,0.0,0.0,0,13,0.0
pubmed_gcnii16,4,13,6,8,0,0.0,FIXED_IDS,10,0.0,0.0,0.0,0,13,0.0
pubmed_gcnii16,4,13,7,8,0,0.0,FIXED_IDS,10,0.0,0.0,0.0,0,13,0.0
pubmed_gcnii16,4,13,0,8,128,1.0,DENSE_XOR,130,0.9928635817307693,0.9892578125,0.99609375,0,13,0.0
pubmed_gcnii16,4,13,1,8,127,0.9921875,DENSE_XOR,130,0.9672168382798305,0.8612204724409449,0.9921259842519685,0,13,0.0
pubmed_gcnii16,4,13,2,8,126,0.984375,DENSE_XOR,130,0.9970238095238095,0.9920634920634921,1.0,0,13,0.0
pubmed_gcnii16,4,13,3,8,0,0.0,FIXED_IDS,10,0.0,0.0,0.0,0,13,0.0
pubmed_gcnii16,4,13,4,8,0,0.0,FIXED_IDS,10,0.0,0.0,0.0,0,13,0.0
pubmed_gcnii16,4,13,5,8,0,0.0,FIXED_IDS,10,0.0,0.0,0.0,0,13,0.0
pubmed_gcnii16,4,13,6,8,0,0.0,FIXED_IDS,10,0.0,0.0,0.0,0,13,0.0
pubmed_gcnii16,4,13,7,8,0,0.0,FIXED_IDS,10,0.0,0.0,0.0,0,13,0.0
pubmed_gcnii16,4,13,0,8,128,1.0,DENSE_XOR,130,0.9972956730769231,0.9921875,1.0,0,13,0.0
pubmed_gcnii16,4,13,1,8,128,1.0,DENSE_XOR,130,0.9755108173076923,0.8623046875,1.0,0,13,0.0
pubmed_gcnii16,4,13,2,8,128,1.0,DENSE_XOR,130,0.9978966346153846,0.9912109375,1.0,0,13,0.0
pubmed_gcnii16,4,13,3,8,0,0.0,FIXED_IDS,10,0.0,0.0,0.0,0,13,0.0
pubmed_gcnii16,4,13,4,8,0,0.0,FIXED_IDS,10,0.0,0.0,0.0,0,13,0.0
pubmed_gcnii16,4,13,5,8,0,0.0,FIXED_IDS,10,0.0,0.0,0.0,0,13,0.0
pubmed_gcnii16,4,13,6,8,0,0.0,FIXED_IDS,10,0.0,0.0,0.0,0,13,0.0
pubmed_gcnii16,4,13,7,8,0,0.0,FIXED_IDS,10,0.0,0.0,0.0,0,13,0.0
pubmed_gcnii16,4,13,0,8,124,0.96875,DENSE_XOR,130,0.9815446650124067,0.9647177419354839,0.9949596774193549,0,13,0.0
pubmed_gcnii16,4,13,1,8,128,1.0,DENSE_XOR,130,0.9946664663461539,0.9921875,0.99609375,0,13,0.0
pubmed_gcnii16,4,13,2,8,126,0.984375,DENSE_XOR,130,0.9891636141636142,0.9851190476190477,0.9940476190476191,0,13,0.0
pubmed_gcnii16,4,13,3,8,0,0.0,FIXED_IDS,10,0.0,0.0,0.0,0,13,0.0
pubmed_gcnii16,4,13,4,8,123,0.9609375,DENSE_XOR,130,0.8371638524077549,0.7428861788617886,0.9369918699186992,0,13,0.0
pubmed_gcnii16,4,13,5,8,0,0.0,FIXED_IDS,10,0.0,0.0,0.0,0,13,0.0
pubmed_gcnii16,4,13,6,8,0,0.0,FIXED_IDS,10,0.0,0.0,0.0,0,13,0.0
pubmed_gcnii16,4,13,7,8,0,0.0,FIXED_IDS,10,0.0,0.0,0.0,0,13,0.0
pubmed_gcnii16,4,13,0,8,128,1.0,DENSE_XOR,130,0.9962439903846154,0.990234375,1.0,0,13,0.0
pubmed_gcnii16,4,13,1,8,128,1.0,DENSE_XOR,130,0.9878305288461539,0.939453125,0.9970703125,0,13,0.0
pubmed_gcnii16,4,13,2,8,127,0.9921875,DENSE_XOR,130,0.9959872804360994,0.9921259842519685,0.9990157480314961,0,13,0.0
pubmed_gcnii16,4,13,3,8,0,0.0,FIXED_IDS,10,0.0,0.0,0.0,0,13,0.0
pubmed_gcnii16,4,13,4,8,0,0.0,FIXED_IDS,10,0.0,0.0,0.0,0,13,0.0
pubmed_gcnii16,4,13,5,8,0,0.0,FIXED_IDS,10,0.0,0.0,0.0,0,13,0.0
pubmed_gcnii16,4,13,6,8,0,0.0,FIXED_IDS,10,0.0,0.0,0.0,0,13,0.0
pubmed_gcnii16,4,13,7,8,0,0.0,FIXED_IDS,10,0.0,0.0,0.0,0,13,0.0
pubmed_gcnii16,4,13,0,8,116,0.90625,DENSE_XOR,130,0.9203415119363396,0.9051724137931034,0.9353448275862069,0,13,0.0
pubmed_gcnii16,4,13,1,8,116,0.90625,DENSE_XOR,130,0.919761273209549,0.8890086206896551,0.9665948275862069,0,13,0.0
pubmed_gcnii16,4,13,2,8,90,0.703125,DENSE_XOR,130,0.9819444444444444,0.975,0.9888888888888889,0,13,0.0
pubmed_gcnii16,4,13,3,8,104,0.8125,DENSE_XOR,130,0.9207655325443785,0.8641826923076923,0.9747596153846154,0,13,0.0
pubmed_gcnii16,4,13,4,8,0,0.0,FIXED_IDS,10,0.0,0.0,0.0,0,13,0.0
pubmed_gcnii16,4,13,5,8,0,0.0,FIXED_IDS,10,0.0,0.0,0.0,0,13,0.0
pubmed_gcnii16,4,13,6,8,0,0.0,FIXED_IDS,10,0.0,0.0,0.0,0,13,0.0
pubmed_gcnii16,4,13,7,8,0,0.0,FIXED_IDS,10,0.0,0.0,0.0,0,13,0.0
pubmed_gcnii16,4,13,0,8,127,0.9921875,DENSE_XOR,130,0.9906117504542704,0.9803149606299213,0.9990157480314961,0,13,0.0
pubmed_gcnii16,4,13,1,8,127,0.9921875,DENSE_XOR,130,0.9928831011508178,0.952755905511811,1.0,0,13,0.0
pubmed_gcnii16,4,13,2,8,128,1.0,DENSE_XOR,130,0.9808443509615384,0.974609375,0.9873046875,0,13,0.0
pubmed_gcnii16,4,13,3,8,0,0.0,FIXED_IDS,10,0.0,0.0,0.0,0,13,0.0
pubmed_gcnii16,4,13,4,8,0,0.0,FIXED_IDS,10,0.0,0.0,0.0,0,13,0.0
pubmed_gcnii16,4,13,5,8,0,0.0,FIXED_IDS,10,0.0,0.0,0.0,0,13,0.0
pubmed_gcnii16,4,13,6,8,0,0.0,FIXED_IDS,10,0.0,0.0,0.0,0,13,0.0
pubmed_gcnii16,4,13,7,8,0,0.0,FIXED_IDS,10,0.0,0.0,0.0,0,13,0.0
pubmed_gcnii16,4,13,0,8,128,1.0,DENSE_XOR,130,0.9985727163461539,0.99609375,1.0,0,13,0.0
pubmed_gcnii16,4,13,1,8,127,0.9921875,DENSE_XOR,130,0.9682010902483343,0.8818897637795275,0.9940944881889764,0,13,0.0
pubmed_gcnii16,4,13,2,8,128,1.0,DENSE_XOR,130,0.9934645432692307,0.9814453125,1.0,0,13,0.0
pubmed_gcnii16,4,13,3,8,0,0.0,FIXED_IDS,10,0.0,0.0,0.0,0,13,0.0
pubmed_gcnii16,4,13,4,8,0,0.0,FIXED_IDS,10,0.0,0.0,0.0,0,13,0.0
pubmed_gcnii16,4,13,5,8,0,0.0,FIXED_IDS,10,0.0,0.0,0.0,0,13,0.0
pubmed_gcnii16,4,13,6,8,0,0.0,FIXED_IDS,10,0.0,0.0,0.0,0,13,0.0
pubmed_gcnii16,4,13,7,8,0,0.0,FIXED_IDS,10,0.0,0.0,0.0,0,13,0.0
pubmed_gcnii16,4,13,0,8,124,0.96875,DENSE_XOR,130,0.9662686104218363,0.9485887096774194,0.9798387096774194,0,13,0.0
pubmed_gcnii16,4,13,1,8,108,0.84375,DENSE_XOR,130,0.924590455840456,0.8877314814814815,0.9340277777777778,0,13,0.0
pubmed_gcnii16,4,13,2,8,104,0.8125,DENSE_XOR,130,0.9418454142011835,0.9338942307692307,0.9567307692307693,0,13,0.0
pubmed_gcnii16,4,13,3,8,108,0.84375,DENSE_XOR,130,0.9036680911680913,0.8449074074074074,0.9826388888888888,0,13,0.0
pubmed_gcnii16,4,13,4,8,0,0.0,FIXED_IDS,10,0.0,0.0,0.0,0,13,0.0
pubmed_gcnii16,4,13,5,8,0,0.0,FIXED_IDS,10,0.0,0.0,0.0,0,13,0.0
pubmed_gcnii16,4,13,6,8,0,0.0,FIXED_IDS,10,0.0,0.0,0.0,0,13,0.0
pubmed_gcnii16,4,13,7,8,0,0.0,FIXED_IDS,10,0.0,0.0,0.0,0,13,0.0
pubmed_gcnii16,4,13,0,8,128,1.0,DENSE_XOR,130,0.9942157451923077,0.990234375,0.9970703125,0,13,0.0
pubmed_gcnii16,4,13,1,8,116,0.90625,DENSE_XOR,130,0.9432194960212202,0.8157327586206896,0.9946120689655172,0,13,0.0
pubmed_gcnii16,4,13,2,8,122,0.953125,DENSE_XOR,130,0.9771437578814628,0.9467213114754098,0.9948770491803278,0,13,0.0
pubmed_gcnii16,4,13,3,8,100,0.78125,DENSE_XOR,130,0.9435576923076923,0.90375,0.9775,0,13,0.0
pubmed_gcnii16,4,13,4,8,0,0.0,FIXED_IDS,10,0.0,0.0,0.0,0,13,0.0
pubmed_gcnii16,4,13,5,8,0,0.0,FIXED_IDS,10,0.0,0.0,0.0,0,13,0.0
pubmed_gcnii16,4,13,6,8,0,0.0,FIXED_IDS,10,0.0,0.0,0.0,0,13,0.0
pubmed_gcnii16,4,13,7,8,0,0.0,FIXED_IDS,10,0.0,0.0,0.0,0,13,0.0
pubmed_gcnii16,4,13,0,8,127,0.9921875,DENSE_XOR,130,0.9984100545124167,0.9940944881889764,1.0,0,13,0.0
pubmed_gcnii16,4,13,1,8,127,0.9921875,DENSE_XOR,130,0.9784221683827984,0.8946850393700787,0.9980314960629921,0,13,0.0
pubmed_gcnii16,4,13,2,8,127,0.9921875,DENSE_XOR,130,0.9968201090248334,0.9911417322834646,1.0,0,13,0.0
pubmed_gcnii16,4,13,3,8,0,0.0,FIXED_IDS,10,0.0,0.0,0.0,0,13,0.0
pubmed_gcnii16,4,13,4,8,0,0.0,FIXED_IDS,10,0.0,0.0,0.0,0,13,0.0
pubmed_gcnii16,4,13,5,8,0,0.0,FIXED_IDS,10,0.0,0.0,0.0,0,13,0.0
pubmed_gcnii16,4,13,6,8,0,0.0,FIXED_IDS,10,0.0,0.0,0.0,0,13,0.0
pubmed_gcnii16,4,13,7,8,0,0.0,FIXED_IDS,10,0.0,0.0,0.0,0,13,0.0
pubmed_gcnii16,4,13,0,8,128,1.0,DENSE_XOR,130,0.9873046875,0.9697265625,1.0,0,13,0.0
pubmed_gcnii16,4,13,1,8,128,1.0,DENSE_XOR,130,0.9943659855769231,0.9658203125,1.0,0,13,0.0
pubmed_gcnii16,4,13,2,8,128,1.0,DENSE_XOR,130,0.9996243990384616,0.9970703125,1.0,0,13,0.0
pubmed_gcnii16,4,13,3,8,0,0.0,FIXED_IDS,10,0.0,0.0,0.0,0,13,0.0
pubmed_gcnii16,4,13,4,8,128,1.0,DENSE_XOR,130,0.8152043269230769,0.7236328125,0.94140625,0,13,0.0
pubmed_gcnii16,4,13,5,8,0,0.0,FIXED_IDS,10,0.0,0.0,0.0,0,13,0.0
pubmed_gcnii16,4,13,6,8,0,0.0,FIXED_IDS,10,0.0,0.0,0.0,0,13,0.0
pubmed_gcnii16,4,13,7,8,0,0.0,FIXED_IDS,10,0.0,0.0,0.0,0,13,0.0
pubmed_gcnii16,4,13,0,8,128,1.0,DENSE_XOR,130,0.994140625,0.9814453125,1.0,0,13,0.0
pubmed_gcnii16,4,13,1,8,128,1.0,DENSE_XOR,130,0.9909104567307693,0.9580078125,1.0,0,13,0.0
pubmed_gcnii16,4,13,2,8,128,1.0,DENSE_XOR,130,0.9912109375,0.9716796875,0.9990234375,0,13,0.0
pubmed_gcnii16,4,13,3,8,0,0.0,FIXED_IDS,10,0.0,0.0,0.0,0,13,0.0
pubmed_gcnii16,4,13,4,8,128,1.0,DENSE_XOR,130,0.8580228365384616,0.759765625,0.943359375,0,13,0.0
pubmed_gcnii16,4,13,5,8,0,0.0,FIXED_IDS,10,0.0,0.0,0.0,0,13,0.0
pubmed_gcnii16,4,13,6,8,0,0.0,FIXED_IDS,10,0.0,0.0,0.0,0,13,0.0
pubmed_gcnii16,4,13,7,8,0,0.0,FIXED_IDS,10,0.0,0.0,0.0,0,13,0.0
pubmed_gcnii16,4,13,0,8,100,0.78125,DENSE_XOR,130,0.9157692307692309,0.86875,0.96,0,13,0.0
pubmed_gcnii16,4,13,1,8,127,0.9921875,DENSE_XOR,130,0.9753179890975167,0.9124015748031497,0.9921259842519685,0,13,0.0
pubmed_gcnii16,4,13,2,8,120,0.9375,DENSE_XOR,130,0.9459935897435897,0.915625,0.984375,0,13,0.0
pubmed_gcnii16,4,13,3,8,0,0.0,FIXED_IDS,10,0.0,0.0,0.0,0,13,0.0
pubmed_gcnii16,4,13,4,8,0,0.0,FIXED_IDS,10,0.0,0.0,0.0,0,13,0.0
pubmed_gcnii16,4,13,5,8,92,0.71875,DENSE_XOR,130,0.9736622073578596,0.9103260869565217,1.0,0,13,0.0
pubmed_gcnii16,4,13,6,8,88,0.6875,DENSE_XOR,130,0.9855769230769231,0.9360795454545454,1.0,0,13,0.0
pubmed_gcnii16,4,13,7,8,87,0.6796875,DENSE_XOR,130,0.9661803713527851,0.8721264367816092,0.9971264367816092,0,13,0.0
pubmed_gcnii16,4,13,0,8,120,0.9375,DENSE_XOR,130,0.9203525641025643,0.8583333333333333,0.978125,0,13,0.0
pubmed_gcnii16,4,13,1,8,126,0.984375,DENSE_XOR,130,0.984508547008547,0.9523809523809523,0.9940476190476191,0,13,0.0
pubmed_gcnii16,4,13,2,8,124,0.96875,DENSE_XOR,130,0.9864299007444168,0.9596774193548387,0.9939516129032258,0,13,0.0
pubmed_gcnii16,4,13,3,8,0,0.0,FIXED_IDS,10,0.0,0.0,0.0,0,13,0.0
pubmed_gcnii16,4,13,4,8,124,0.96875,DENSE_XOR,130,0.8187034739454095,0.719758064516129,0.9485887096774194,0,13,0.0
pubmed_gcnii16,4,13,5,8,111,0.8671875,DENSE_XOR,130,0.9346846846846848,0.7466216216216216,1.0,0,13,0.0
pubmed_gcnii16,4,13,6,8,109,0.8515625,DENSE_XOR,130,0.9403669724770644,0.7522935779816514,1.0,0,13,0.0
pubmed_gcnii16,4,13,7,8,96,0.75,DENSE_XOR,130,0.927383814102564,0.7708333333333334,0.9908854166666666,0,13,0.0
pubmed_gcnii16,4,13,0,8,108,0.84375,DENSE_XOR,130,0.8776709401709403,0.7488425925925926,0.9942129629629629,0,13,0.0
pubmed_gcnii16,4,13,1,8,127,0.9921875,DENSE_XOR,130,0.9962144155057542,0.9921259842519685,0.9990157480314961,0,13,0.0
pubmed_gcnii16,4,13,2,8,127,0.9921875,DENSE_XOR,130,0.9825863113264687,0.9448818897637795,0.9950787401574803,0,13,0.0
pubmed_gcnii16,4,13,3,8,0,0.0,FIXED_IDS,10,0.0,0.0,0.0,0,13,0.0
pubmed_gcnii16,4,13,4,8,120,0.9375,DENSE_XOR,130,0.834775641025641,0.7052083333333333,0.9770833333333333,0,13,0.0
pubmed_gcnii16,4,13,5,8,127,0.9921875,DENSE_XOR,130,0.9881132646880678,0.9458661417322834,1.0,0,13,0.0
pubmed_gcnii16,4,13,6,8,126,0.984375,DENSE_XOR,130,0.9908424908424909,0.9583333333333334,1.0,0,13,0.0
pubmed_gcnii16,4,13,7,8,125,0.9765625,DENSE_XOR,130,0.9773846153846153,0.902,0.999,0,13,0.0
pubmed_gcnii16,4,13,0,8,0,0.0,FIXED_IDS,10,0.0,0.0,0.0,0,13,0.0
pubmed_gcnii16,4,13,1,8,128,1.0,DENSE_XOR,130,0.9997746394230769,0.9990234375,1.0,0,13,0.0
pubmed_gcnii16,4,13,2,8,127,0.9921875,DENSE_XOR,130,0.9791035735917627,0.9399606299212598,1.0,0,13,0.0
pubmed_gcnii16,4,13,3,8,0,0.0,FIXED_IDS,10,0.0,0.0,0.0,0,13,0.0
pubmed_gcnii16,4,13,4,8,0,0.0,FIXED_IDS,10,0.0,0.0,0.0,0,13,0.0
pubmed_gcnii16,4,13,5,8,128,1.0,DENSE_XOR,130,0.9978966346153846,0.98828125,1.0,0,13,0.0
pubmed_gcnii16,4,13,6,8,128,1.0,DENSE_XOR,130,0.9973707932692307,0.9794921875,1.0,0,13,0.0
pubmed_gcnii16,4,13,7,8,128,1.0,DENSE_XOR,130,0.9867037259615384,0.939453125,0.99609375,0,13,0.0
pubmed_gcnii16,4,13,0,8,111,0.8671875,DENSE_XOR,130,0.9144144144144146,0.8524774774774775,0.9684684684684685,0,13,0.0
pubmed_gcnii16,4,13,1,8,128,1.0,DENSE_XOR,130,0.9973707932692307,0.9794921875,1.0,0,13,0.0
pubmed_gcnii16,4,13,2,8,126,0.984375,DENSE_XOR,130,0.9645909645909646,0.9275793650793651,0.9861111111111112,0,13,0.0
pubmed_gcnii16,4,13,3,8,0,0.0,FIXED_IDS,10,0.0,0.0,0.0,0,13,0.0
pubmed_gcnii16,4,13,4,8,0,0.0,FIXED_IDS,10,0.0,0.0,0.0,0,13,0.0
pubmed_gcnii16,4,13,5,8,100,0.78125,DENSE_XOR,130,0.9890384615384614,0.95,1.0,0,13,0.0
pubmed_gcnii16,4,13,6,8,102,0.796875,DENSE_XOR,130,0.9813348416289591,0.9215686274509803,1.0,0,13,0.0
pubmed_gcnii16,4,13,7,8,98,0.765625,DENSE_XOR,130,0.9768445839874411,0.8954081632653061,0.9987244897959183,0,13,0.0
pubmed_gcnii16,4,13,0,8,104,0.8125,DENSE_XOR,130,0.9556213017751479,0.9050480769230769,0.9963942307692307,0,13,0.0
pubmed_gcnii16,4,13,1,8,128,1.0,DENSE_XOR,130,0.9997746394230769,0.9970703125,1.0,0,13,0.0
pubmed_gcnii16,4,13,2,8,128,1.0,DENSE_XOR,130,0.9743840144230769,0.9580078125,0.9970703125,0,13,0.0
pubmed_gcnii16,4,13,3,8,0,0.0,FIXED_IDS,10,0.0,0.0,0.0,0,13,0.0
pubmed_gcnii16,4,13,4,8,108,0.84375,DENSE_XOR,130,0.8971688034188036,0.8009259259259259,0.9872685185185185,0,13,0.0
pubmed_gcnii16,4,13,5,8,127,0.9921875,DENSE_XOR,130,0.9781193216232589,0.8730314960629921,0.9990157480314961,0,13,0.0
pubmed_gcnii16,4,13,6,8,127,0.9921875,DENSE_XOR,130,0.980693519079346,0.8769685039370079,0.9990157480314961,0,13,0.0
pubmed_gcnii16,4,13,7,8,124,0.96875,DENSE_XOR,130,0.9410669975186103,0.7550403225806451,0.9949596774193549,0,13,0.0
pubmed_gcnii16,4,13,0,8,0,0.0,FIXED_IDS,10,0.0,0.0,0.0,0,13,0.0
pubmed_gcnii16,4,13,1,8,128,1.0,DENSE_XOR,130,1.0,1.0,1.0,0,13,0.0
pubmed_gcnii16,4,13,2,8,128,1.0,DENSE_XOR,130,0.9522235576923077,0.919921875,0.99609375,0,13,0.0
pubmed_gcnii16,4,13,3,8,0,0.0,FIXED_IDS,10,0.0,0.0,0.0,0,13,0.0
pubmed_gcnii16,4,13,4,8,0,0.0,FIXED_IDS,10,0.0,0.0,0.0,0,13,0.0
pubmed_gcnii16,4,13,5,8,128,1.0,DENSE_XOR,130,1.0,1.0,1.0,0,13,0.0
pubmed_gcnii16,4,13,6,8,128,1.0,DENSE_XOR,130,1.0,1.0,1.0,0,13,0.0
pubmed_gcnii16,4,13,7,8,128,1.0,DENSE_XOR,130,0.9957181490384616,0.970703125,1.0,0,13,0.0
pubmed_gcnii16,4,13,0,8,120,0.9375,DENSE_XOR,130,0.8766025641025641,0.8572916666666667,0.903125,0,13,0.0
pubmed_gcnii16,4,13,1,8,0,0.0,FIXED_IDS,10,0.0,0.0,0.0,0,13,0.0
pubmed_gcnii16,4,13,2,8,0,0.0,FIXED_IDS,10,0.0,0.0,0.0,0,13,0.0
pubmed_gcnii16,4,13,3,8,112,0.875,DENSE_XOR,130,0.9610233516483516,0.9341517857142857,0.9854910714285714,0,13,0.0
pubmed_gcnii16,4,13,4,8,0,0.0,FIXED_IDS,10,0.0,0.0,0.0,0,13,0.0
pubmed_gcnii16,4,13,5,8,0,0.0,FIXED_IDS,10,0.0,0.0,0.0,0,13,0.0
pubmed_gcnii16,4,13,6,8,0,0.0,FIXED_IDS,10,0.0,0.0,0.0,0,13,0.0
pubmed_gcnii16,4,13,7,8,0,0.0,FIXED_IDS,10,0.0,0.0,0.0,0,13,0.0
pubmed_gcnii16,4,13,0,8,116,0.90625,DENSE_XOR,130,0.9424734748010608,0.9181034482758621,0.9881465517241379,0,13,0.0
pubmed_gcnii16,4,13,1,8,0,0.0,FIXED_IDS,10,0.0,0.0,0.0,0,13,0.0
pubmed_gcnii16,4,13,2,8,0,0.0,FIXED_IDS,10,0.0,0.0,0.0,0,13,0.0
pubmed_gcnii16,4,13,3,8,124,0.96875,DENSE_XOR,130,0.9704559553349876,0.9546370967741935,0.9858870967741935,0,13,0.0
pubmed_gcnii16,4,13,4,8,0,0.0,FIXED_IDS,10,0.0,0.0,0.0,0,13,0.0
pubmed_gcnii16,4,13,5,8,0,0.0,FIXED_IDS,10,0.0,0.0,0.0,0,13,0.0
pubmed_gcnii16,4,13,6,8,0,0.0,FIXED_IDS,10,0.0,0.0,0.0,0,13,0.0
pubmed_gcnii16,4,13,7,8,0,0.0,FIXED_IDS,10,0.0,0.0,0.0,0,13,0.0
pubmed_gcnii16,4,13,0,8,128,1.0,DENSE_XOR,130,0.9517728365384616,0.927734375,0.982421875,0,13,0.0
pubmed_gcnii16,4,13,1,8,0,0.0,FIXED_IDS,10,0.0,0.0,0.0,0,13,0.0
pubmed_gcnii16,4,13,2,8,0,0.0,FIXED_IDS,10,0.0,0.0,0.0,0,13,0.0
pubmed_gcnii16,4,13,3,8,119,0.9296875,DENSE_XOR,130,0.9873141564318035,0.9779411764705882,0.9968487394957983,0,13,0.0
pubmed_gcnii16,4,13,4,8,0,0.0,FIXED_IDS,10,0.0,0.0,0.0,0,13,0.0
pubmed_gcnii16,4,13,5,8,0,0.0,FIXED_IDS,10,0.0,0.0,0.0,0,13,0.0
pubmed_gcnii16,4,13,6,8,0,0.0,FIXED_IDS,10,0.0,0.0,0.0,0,13,0.0
pubmed_gcnii16,4,13,7,8,0,0.0,FIXED_IDS,10,0.0,0.0,0.0,0,13,0.0
pubmed_gcnii16,4,13,0,8,128,1.0,DENSE_XOR,130,0.9891075721153846,0.9765625,0.99609375,0,13,0.0
pubmed_gcnii16,4,13,1,8,0,0.0,FIXED_IDS,10,0.0,0.0,0.0,0,13,0.0
pubmed_gcnii16,4,13,2,8,92,0.71875,DENSE_XOR,130,0.9324832775919732,0.9157608695652174,0.9524456521739131,0,13,0.0
pubmed_gcnii16,4,13,3,8,111,0.8671875,DENSE_XOR,130,0.9480249480249479,0.8817567567567568,0.9921171171171171,0,13,0.0
pubmed_gcnii16,4,13,4,8,0,0.0,FIXED_IDS,10,0.0,0.0,0.0,0,13,0.0
pubmed_gcnii16,4,13,5,8,0,0.0,FIXED_IDS,10,0.0,0.0,0.0,0,13,0.0
pubmed_gcnii16,4,13,6,8,0,0.0,FIXED_IDS,10,0.0,0.0,0.0,0,13,0.0
pubmed_gcnii16,4,13,7,8,0,0.0,FIXED_IDS,10,0.0,0.0,0.0,0,13,0.0
pubmed_gcnii16,4,13,0,8,128,1.0,DENSE_XOR,130,0.9870793269230769,0.966796875,1.0,0,13,0.0
pubmed_gcnii16,4,13,1,8,128,1.0,DENSE_XOR,130,0.9450120192307693,0.853515625,0.9931640625,0,13,0.0
pubmed_gcnii16,4,13,2,8,128,1.0,DENSE_XOR,130,0.9869290865384616,0.953125,1.0,0,13,0.0
pubmed_gcnii16,4,13,3,8,100,0.78125,DENSE_XOR,130,0.9139423076923078,0.86125,0.96875,0,13,0.0
pubmed_gcnii16,4,13,4,8,0,0.0,FIXED_IDS,10,0.0,0.0,0.0,0,13,0.0
pubmed_gcnii16,4,13,5,8,0,0.0,FIXED_IDS,10,0.0,0.0,0.0,0,13,0.0
pubmed_gcnii16,4,13,6,8,0,0.0,FIXED_IDS,10,0.0,0.0,0.0,0,13,0.0
pubmed_gcnii16,4,13,7,8,0,0.0,FIXED_IDS,10,0.0,0.0,0.0,0,13,0.0
pubmed_gcnii16,4,13,0,8,128,1.0,DENSE_XOR,130,1.0,1.0,1.0,0,13,0.0
pubmed_gcnii16,4,13,1,8,116,0.90625,DENSE_XOR,130,0.9433852785145889,0.8060344827586207,0.990301724137931,0,13,0.0
pubmed_gcnii16,4,13,2,8,123,0.9609375,DENSE_XOR,130,0.9573170731707316,0.9258130081300813,0.9715447154471545,0,13,0.0
pubmed_gcnii16,4,13,3,8,128,1.0,DENSE_XOR,130,0.9683743990384616,0.953125,0.986328125,0,13,0.0
pubmed_gcnii16,4,13,4,8,0,0.0,FIXED_IDS,10,0.0,0.0,0.0,0,13,0.0
pubmed_gcnii16,4,13,5,8,0,0.0,FIXED_IDS,10,0.0,0.0,0.0,0,13,0.0
pubmed_gcnii16,4,13,6,8,0,0.0,FIXED_IDS,10,0.0,0.0,0.0,0,13,0.0
pubmed_gcnii16,4,13,7,8,0,0.0,FIXED_IDS,10,0.0,0.0,0.0,0,13,0.0
pubmed_gcnii16,4,13,0,8,112,0.875,DENSE_XOR,130,0.981713598901099,0.9464285714285714,0.9977678571428571,0,13,0.0
pubmed_gcnii16,4,13,1,8,112,0.875,DENSE_XOR,130,0.9498626373626374,0.8850446428571429,0.9866071428571429,0,13,0.0
pubmed_gcnii16,4,13,2,8,119,0.9296875,DENSE_XOR,130,0.9514382676147382,0.898109243697479,0.9968487394957983,0,13,0.0
pubmed_gcnii16,4,13,3,8,120,0.9375,DENSE_XOR,130,0.8700320512820513,0.7208333333333333,0.9770833333333333,0,13,0.0
pubmed_gcnii16,4,13,4,8,0,0.0,FIXED_IDS,10,0.0,0.0,0.0,0,13,0.0
pubmed_gcnii16,4,13,5,8,0,0.0,FIXED_IDS,10,0.0,0.0,0.0,0,13,0.0
pubmed_gcnii16,4,13,6,8,0,0.0,FIXED_IDS,10,0.0,0.0,0.0,0,13,0.0
pubmed_gcnii16,4,13,7,8,0,0.0,FIXED_IDS,10,0.0,0.0,0.0,0,13,0.0
pubmed_gcnii16,4,13,0,8,111,0.8671875,DENSE_XOR,130,0.9947158697158697,0.9831081081081081,1.0,0,13,0.0
pubmed_gcnii16,4,13,1,8,127,0.9921875,DENSE_XOR,130,0.9435947910357358,0.8316929133858267,0.9921259842519685,0,13,0.0
pubmed_gcnii16,4,13,2,8,128,1.0,DENSE_XOR,130,0.9685997596153846,0.9189453125,1.0,0,13,0.0
pubmed_gcnii16,4,13,3,8,108,0.84375,DENSE_XOR,130,0.9060719373219374,0.8182870370370371,0.9733796296296297,0,13,0.0
pubmed_gcnii16,4,13,4,8,0,0.0,FIXED_IDS,10,0.0,0.0,0.0,0,13,0.0
pubmed_gcnii16,4,13,5,8,0,0.0,FIXED_IDS,10,0.0,0.0,0.0,0,13,0.0
pubmed_gcnii16,4,13,6,8,0,0.0,FIXED_IDS,10,0.0,0.0,0.0,0,13,0.0
pubmed_gcnii16,4,13,7,8,0,0.0,FIXED_IDS,10,0.0,0.0,0.0,0,13,0.0
pubmed_gcnii16,4,13,0,8,127,0.9921875,DENSE_XOR,130,0.9950787401574804,0.9901574803149606,0.9980314960629921,0,13,0.0
pubmed_gcnii16,4,13,1,8,124,0.96875,DENSE_XOR,130,0.8846153846153846,0.6774193548387096,0.9808467741935484,0,13,0.0
pubmed_gcnii16,4,13,2,8,128,1.0,DENSE_XOR,130,0.95703125,0.8935546875,0.998046875,0,13,0.0
pubmed_gcnii16,4,13,3,8,127,0.9921875,DENSE_XOR,130,0.9660811629315567,0.9281496062992126,0.9960629921259843,0,13,0.0
pubmed_gcnii16,4,13,4,8,0,0.0,FIXED_IDS,10,0.0,0.0,0.0,0,13,0.0
pubmed_gcnii16,4,13,5,8,0,0.0,FIXED_IDS,10,0.0,0.0,0.0,0,13,0.0
pubmed_gcnii16,4,13,6,8,0,0.0,FIXED_IDS,10,0.0,0.0,0.0,0,13,0.0
pubmed_gcnii16,4,13,7,8,0,0.0,FIXED_IDS,10,0.0,0.0,0.0,0,13,0.0
pubmed_gcnii16,4,13,0,8,128,1.0,DENSE_XOR,130,0.9670222355769231,0.9521484375,0.978515625,0,13,0.0
pubmed_gcnii16,4,13,1,8,112,0.875,DENSE_XOR,130,0.9354395604395604,0.7912946428571429,0.9910714285714286,0,13,0.0
pubmed_gcnii16,4,13,2,8,115,0.8984375,DENSE_XOR,130,0.9474916387959866,0.8934782608695652,0.9771739130434782,0,13,0.0
pubmed_gcnii16,4,13,3,8,124,0.96875,DENSE_XOR,130,0.9718517369727047,0.9213709677419355,0.9959677419354839,0,13,0.0
pubmed_gcnii16,4,13,4,8,0,0.0,FIXED_IDS,10,0.0,0.0,0.0,0,13,0.0
pubmed_gcnii16,4,13,5,8,0,0.0,FIXED_IDS,10,0.0,0.0,0.0,0,13,0.0
pubmed_gcnii16,4,13,6,8,0,0.0,FIXED_IDS,10,0.0,0.0,0.0,0,13,0.0
pubmed_gcnii16,4,13,7,8,0,0.0,FIXED_IDS,10,0.0,0.0,0.0,0,13,0.0
pubmed_gcnii16,4,13,0,8,118,0.921875,DENSE_XOR,130,0.9901401564537158,0.9788135593220338,0.9978813559322034,0,13,0.0
pubmed_gcnii16,4,13,1,8,124,0.96875,DENSE_XOR,130,0.9454869727047146,0.8387096774193549,0.9879032258064516,0,13,0.0
pubmed_gcnii16,4,13,2,8,123,0.9609375,DENSE_XOR,130,0.9770950594121326,0.9420731707317073,0.9979674796747967,0,13,0.0
pubmed_gcnii16,4,13,3,8,114,0.890625,DENSE_XOR,130,0.9113529014844802,0.8004385964912281,0.981359649122807,0,13,0.0
pubmed_gcnii16,4,13,4,8,0,0.0,FIXED_IDS,10,0.0,0.0,0.0,0,13,0.0
pubmed_gcnii16,4,13,5,8,0,0.0,FIXED_IDS,10,0.0,0.0,0.0,0,13,0.0
pubmed_gcnii16,4,13,6,8,0,0.0,FIXED_IDS,10,0.0,0.0,0.0,0,13,0.0
pubmed_gcnii16,4,13,7,8,0,0.0,FIXED_IDS,10,0.0,0.0,0.0,0,13,0.0
pubmed_gcnii16,4,13,0,8,128,1.0,DENSE_XOR,130,0.9919621394230769,0.9775390625,0.9990234375,0,13,0.0
pubmed_gcnii16,4,13,1,8,121,0.9453125,DENSE_XOR,130,0.9318181818181818,0.7706611570247934,0.9907024793388429,0,13,0.0
pubmed_gcnii16,4,13,2,8,123,0.9609375,DENSE_XOR,130,0.9674015009380864,0.9227642276422764,0.9959349593495935,0,13,0.0
pubmed_gcnii16,4,13,3,8,125,0.9765625,DENSE_XOR,130,0.9295384615384615,0.848,0.983,0,13,0.0
pubmed_gcnii16,4,13,4,8,0,0.0,FIXED_IDS,10,0.0,0.0,0.0,0,13,0.0
pubmed_gcnii16,4,13,5,8,0,0.0,FIXED_IDS,10,0.0,0.0,0.0,0,13,0.0
pubmed_gcnii16,4,13,6,8,0,0.0,FIXED_IDS,10,0.0,0.0,0.0,0,13,0.0
pubmed_gcnii16,4,13,7,8,0,0.0,FIXED_IDS,10,0.0,0.0,0.0,0,13,0.0
pubmed_gcnii16,4,13,0,8,115,0.8984375,DENSE_XOR,130,0.987541806020067,0.9815217391304348,0.9902173913043478,0,13,0.0
pubmed_gcnii16,4,13,1,8,116,0.90625,DENSE_XOR,130,0.9480271883289125,0.8114224137931034,0.9935344827586207,0,13,0.0
pubmed_gcnii16,4,13,2,8,117,0.9140625,DENSE_XOR,130,0.9446088099934252,0.8824786324786325,0.9807692307692307,0,13,0.0
pubmed_gcnii16,4,13,3,8,127,0.9921875,DENSE_XOR,130,0.9679739551786797,0.9311023622047244,0.9980314960629921,0,13,0.0
pubmed_gcnii16,4,13,4,8,0,0.0,FIXED_IDS,10,0.0,0.0,0.0,0,13,0.0
pubmed_gcnii16,4,13,5,8,0,0.0,FIXED_IDS,10,0.0,0.0,0.0,0,13,0.0
pubmed_gcnii16,4,13,6,8,0,0.0,FIXED_IDS,10,0.0,0.0,0.0,0,13,0.0
pubmed_gcnii16,4,13,7,8,0,0.0,FIXED_IDS,10,0.0,0.0,0.0,0,13,0.0
pubmed_gcnii16,4,13,0,8,128,1.0,DENSE_XOR,130,0.9976712740384616,0.9970703125,0.9990234375,0,13,0.0
pubmed_gcnii16,4,13,1,8,0,0.0,FIXED_IDS,10,0.0,0.0,0.0,0,13,0.0
pubmed_gcnii16,4,13,2,8,112,0.875,DENSE_XOR,130,0.8523351648351648,0.7991071428571429,0.8738839285714286,0,13,0.0
pubmed_gcnii16,4,13,3,8,128,1.0,DENSE_XOR,130,0.9912109375,0.9677734375,1.0,0,13,0.0
pubmed_gcnii16,4,13,4,8,0,0.0,FIXED_IDS,10,0.0,0.0,0.0,0,13,0.0
pubmed_gcnii16,4,13,5,8,0,0.0,FIXED_IDS,10,0.0,0.0,0.0,0,13,0.0
pubmed_gcnii16,4,13,6,8,0,0.0,FIXED_IDS,10,0.0,0.0,0.0,0,13,0.0
pubmed_gcnii16,4,13,7,8,0,0.0,FIXED_IDS,10,0.0,0.0,0.0,0,13,0.0
pubmed_gcnii16,4,13,0,8,128,1.0,DENSE_XOR,130,0.9954176682692307,0.9921875,0.9970703125,0,13,0.0
pubmed_gcnii16,4,13,1,8,96,0.75,DENSE_XOR,130,0.9131610576923077,0.76171875,0.96484375,0,13,0.0
pubmed_gcnii16,4,13,2,8,116,0.90625,DENSE_XOR,130,0.9060013262599469,0.8566810344827587,0.9256465517241379,0,13,0.0
pubmed_gcnii16,4,13,3,8,127,0.9921875,DENSE_XOR,130,0.9541944276196246,0.9320866141732284,0.9812992125984252,0,13,0.0
pubmed_gcnii16,4,13,4,8,0,0.0,FIXED_IDS,10,0.0,0.0,0.0,0,13,0.0
pubmed_gcnii16,4,13,5,8,0,0.0,FIXED_IDS,10,0.0,0.0,0.0,0,13,0.0
pubmed_gcnii16,4,13,6,8,0,0.0,FIXED_IDS,10,0.0,0.0,0.0,0,13,0.0
pubmed_gcnii16,4,13,7,8,0,0.0,FIXED_IDS,10,0.0,0.0,0.0,0,13,0.0
pubmed_gcnii16,4,13,0,8,127,0.9921875,DENSE_XOR,130,1.0,1.0,1.0,0,13,0.0
pubmed_gcnii16,4,13,1,8,0,0.0,FIXED_IDS,10,0.0,0.0,0.0,0,13,0.0
pubmed_gcnii16,4,13,2,8,120,0.9375,DENSE_XOR,130,0.8952724358974359,0.83125,0.9395833333333333,0,13,0.0
pubmed_gcnii16,4,13,3,8,128,1.0,DENSE_XOR,130,0.9936147836538461,0.9833984375,0.9970703125,0,13,0.0
pubmed_gcnii16,4,13,4,8,0,0.0,FIXED_IDS,10,0.0,0.0,0.0,0,13,0.0
pubmed_gcnii16,4,13,5,8,0,0.0,FIXED_IDS,10,0.0,0.0,0.0,0,13,0.0
pubmed_gcnii16,4,13,6,8,0,0.0,FIXED_IDS,10,0.0,0.0,0.0,0,13,0.0
pubmed_gcnii16,4,13,7,8,0,0.0,FIXED_IDS,10,0.0,0.0,0.0,0,13,0.0
pubmed_gcnii16,4,13,0,8,128,1.0,DENSE_XOR,130,0.9869290865384616,0.98046875,0.994140625,0,13,0.0
pubmed_gcnii16,4,13,1,8,0,0.0,FIXED_IDS,10,0.0,0.0,0.0,0,13,0.0
pubmed_gcnii16,4,13,2,8,0,0.0,FIXED_IDS,10,0.0,0.0,0.0,0,13,0.0
pubmed_gcnii16,4,13,3,8,126,0.984375,DENSE_XOR,130,0.9962606837606839,0.9900793650793651,0.9990079365079365,0,13,0.0
pubmed_gcnii16,4,13,4,8,0,0.0,FIXED_IDS,10,0.0,0.0,0.0,0,13,0.0
pubmed_gcnii16,4,13,5,8,0,0.0,FIXED_IDS,10,0.0,0.0,0.0,0,13,0.0
pubmed_gcnii16,4,13,6,8,0,0.0,FIXED_IDS,10,0.0,0.0,0.0,0,13,0.0
pubmed_gcnii16,4,13,7,8,0,0.0,FIXED_IDS,10,0.0,0.0,0.0,0,13,0.0
pubmed_gcnii16,4,13,0,8,127,0.9921875,DENSE_XOR,130,0.9848576620230165,0.9655511811023622,0.9990157480314961,0,13,0.0
pubmed_gcnii16,4,13,1,8,118,0.921875,DENSE_XOR,130,0.9335886571056063,0.826271186440678,0.9788135593220338,0,13,0.0
pubmed_gcnii16,4,13,2,8,119,0.9296875,DENSE_XOR,130,0.9726082740788622,0.9411764705882353,0.9936974789915967,0,13,0.0
pubmed_gcnii16,4,13,3,8,112,0.875,DENSE_XOR,130,0.9301167582417584,0.8448660714285714,0.9899553571428571,0,13,0.0
pubmed_gcnii16,4,13,4,8,0,0.0,FIXED_IDS,10,0.0,0.0,0.0,0,13,0.0
pubmed_gcnii16,4,13,5,8,0,0.0,FIXED_IDS,10,0.0,0.0,0.0,0,13,0.0
pubmed_gcnii16,4,13,6,8,0,0.0,FIXED_IDS,10,0.0,0.0,0.0,0,13,0.0
pubmed_gcnii16,4,13,7,8,0,0.0,FIXED_IDS,10,0.0,0.0,0.0,0,13,0.0
pubmed_gcnii16,4,13,0,8,104,0.8125,DENSE_XOR,130,0.9531250000000001,0.9206730769230769,0.9771634615384616,0,13,0.0
pubmed_gcnii16,4,13,1,8,116,0.90625,DENSE_XOR,130,0.9557360742705571,0.90625,0.9676724137931034,0,13,0.0
pubmed_gcnii16,4,13,2,8,118,0.921875,DENSE_XOR,130,0.932529335071708,0.871822033898305,0.9713983050847458,0,13,0.0
pubmed_gcnii16,4,13,3,8,104,0.8125,DENSE_XOR,130,0.897189349112426,0.8064903846153846,0.9699519230769231,0,13,0.0
pubmed_gcnii16,4,13,4,8,0,0.0,FIXED_IDS,10,0.0,0.0,0.0,0,13,0.0
pubmed_gcnii16,4,13,5,8,102,0.796875,DENSE_XOR,130,0.9468325791855203,0.8431372549019608,0.9926470588235294,0,13,0.0
pubmed_gcnii16,4,13,6,8,96,0.75,DENSE_XOR,130,0.9599358974358976,0.86328125,0.9973958333333334,0,13,0.0
pubmed_gcnii16,4,13,7,8,88,0.6875,DENSE_XOR,130,0.9707167832167832,0.8664772727272727,0.9957386363636364,0,13,0.0
pubmed_gcnii16,4,13,0,8,120,0.9375,DENSE_XOR,130,0.987099358974359,0.971875,0.996875,0,13,0.0
pubmed_gcnii16,4,13,1,8,128,1.0,DENSE_XOR,130,0.9998497596153846,0.998046875,1.0,0,13,0.0
pubmed_gcnii16,4,13,2,8,128,1.0,DENSE_XOR,130,0.9881310096153846,0.962890625,1.0,0,13,0.0
pubmed_gcnii16,4,13,3,8,0,0.0,FIXED_IDS,10,0.0,0.0,0.0,0,13,0.0
pubmed_gcnii16,4,13,4,8,0,0.0,FIXED_IDS,10,0.0,0.0,0.0,0,13,0.0
pubmed_gcnii16,4,13,5,8,0,0.0,FIXED_IDS,10,0.0,0.0,0.0,0,13,0.0
pubmed_gcnii16,4,13,6,8,0,0.0,FIXED_IDS,10,0.0,0.0,0.0,0,13,0.0
pubmed_gcnii16,4,13,7,8,0,0.0,FIXED_IDS,10,0.0,0.0,0.0,0,13,0.0
pubmed_gcnii16,4,13,0,8,128,1.0,DENSE_XOR,130,0.9996243990384616,0.9990234375,1.0,0,13,0.0
pubmed_gcnii16,4,13,1,8,128,1.0,DENSE_XOR,130,0.9849008413461539,0.89453125,1.0,0,13,0.0
pubmed_gcnii16,4,13,2,8,128,1.0,DENSE_XOR,130,0.9995492788461539,0.998046875,1.0,0,13,0.0
pubmed_gcnii16,4,13,3,8,0,0.0,FIXED_IDS,10,0.0,0.0,0.0,0,13,0.0
pubmed_gcnii16,4,13,4,8,0,0.0,FIXED_IDS,10,0.0,0.0,0.0,0,13,0.0
pubmed_gcnii16,4,13,5,8,0,0.0,FIXED_IDS,10,0.0,0.0,0.0,0,13,0.0
pubmed_gcnii16,4,13,6,8,0,0.0,FIXED_IDS,10,0.0,0.0,0.0,0,13,0.0
pubmed_gcnii16,4,13,7,8,0,0.0,FIXED_IDS,10,0.0,0.0,0.0,0,13,0.0
pubmed_gcnii16,4,13,0,8,128,1.0,DENSE_XOR,130,0.9992487980769231,0.998046875,1.0,0,13,0.0
pubmed_gcnii16,4,13,1,8,128,1.0,DENSE_XOR,130,0.9951923076923077,0.9599609375,1.0,0,13,0.0
pubmed_gcnii16,4,13,2,8,128,1.0,DENSE_XOR,130,0.9994741586538461,0.99609375,1.0,0,13,0.0
pubmed_gcnii16,4,13,3,8,0,0.0,FIXED_IDS,10,0.0,0.0,0.0,0,13,0.0
pubmed_gcnii16,4,13,4,8,0,0.0,FIXED_IDS,10,0.0,0.0,0.0,0,13,0.0
pubmed_gcnii16,4,13,5,8,0,0.0,FIXED_IDS,10,0.0,0.0,0.0,0,13,0.0
pubmed_gcnii16,4,13,6,8,0,0.0,FIXED_IDS,10,0.0,0.0,0.0,0,13,0.0
pubmed_gcnii16,4,13,7,8,0,0.0,FIXED_IDS,10,0.0,0.0,0.0,0,13,0.0
pubmed_gcnii16,4,13,0,8,128,1.0,DENSE_XOR,130,1.0,1.0,1.0,0,13,0.0
pubmed_gcnii16,4,13,1,8,128,1.0,DENSE_XOR,130,0.9833233173076923,0.873046875,1.0,0,13,0.0
pubmed_gcnii16,4,13,2,8,128,1.0,DENSE_XOR,130,1.0,1.0,1.0,0,13,0.0
pubmed_gcnii16,4,13,3,8,112,0.875,DENSE_XOR,130,0.8642685439560439,0.8180803571428571,0.9408482142857143,0,13,0.0
pubmed_gcnii16,4,13,4,8,0,0.0,FIXED_IDS,10,0.0,0.0,0.0,0,13,0.0
pubmed_gcnii16,4,13,5,8,0,0.0,FIXED_IDS,10,0.0,0.0,0.0,0,13,0.0
pubmed_gcnii16,4,13,6,8,0,0.0,FIXED_IDS,10,0.0,0.0,0.0,0,13,0.0
pubmed_gcnii16,4,13,7,8,0,0.0,FIXED_IDS,10,0.0,0.0,0.0,0,13,0.0
pubmed_gcnii16,4,13,0,8,128,1.0,DENSE_XOR,130,0.9947415865384616,0.9921875,0.998046875,0,13,0.0
pubmed_gcnii16,4,13,1,8,122,0.953125,DENSE_XOR,130,0.976513240857503,0.8965163934426229,0.9897540983606558,0,13,0.0
pubmed_gcnii16,4,13,2,8,119,0.9296875,DENSE_XOR,130,0.992808661926309,0.9821428571428571,0.9978991596638656,0,13,0.0
pubmed_gcnii16,4,13,3,8,0,0.0,FIXED_IDS,10,0.0,0.0,0.0,0,13,0.0
pubmed_gcnii16,4,13,4,8,0,0.0,FIXED_IDS,10,0.0,0.0,0.0,0,13,0.0
pubmed_gcnii16,4,13,5,8,0,0.0,FIXED_IDS,10,0.0,0.0,0.0,0,13,0.0
pubmed_gcnii16,4,13,6,8,0,0.0,FIXED_IDS,10,0.0,0.0,0.0,0,13,0.0
pubmed_gcnii16,4,13,7,8,0,0.0,FIXED_IDS,10,0.0,0.0,0.0,0,13,0.0
pubmed_gcnii16,4,13,0,8,128,1.0,DENSE_XOR,130,0.9782151442307693,0.951171875,0.9970703125,0,13,0.0
pubmed_gcnii16,4,13,1,8,127,0.9921875,DENSE_XOR,130,0.9790278619018777,0.8927165354330708,0.9990157480314961,0,13,0.0
pubmed_gcnii16,4,13,2,8,127,0.9921875,DENSE_XOR,130,0.9920502725620838,0.9704724409448819,0.9990157480314961,0,13,0.0
pubmed_gcnii16,4,13,3,8,0,0.0,FIXED_IDS,10,0.0,0.0,0.0,0,13,0.0
pubmed_gcnii16,4,13,4,8,0,0.0,FIXED_IDS,10,0.0,0.0,0.0,0,13,0.0
pubmed_gcnii16,4,13,5,8,0,0.0,FIXED_IDS,10,0.0,0.0,0.0,0,13,0.0
pubmed_gcnii16,4,13,6,8,0,0.0,FIXED_IDS,10,0.0,0.0,0.0,0,13,0.0
pubmed_gcnii16,4,13,7,8,0,0.0,FIXED_IDS,10,0.0,0.0,0.0,0,13,0.0
pubmed_gcnii16,4,13,0,8,128,1.0,DENSE_XOR,130,1.0,1.0,1.0,0,13,0.0
pubmed_gcnii16,4,13,1,8,128,1.0,DENSE_XOR,130,0.923828125,0.740234375,0.9853515625,0,13,0.0
pubmed_gcnii16,4,13,2,8,128,1.0,DENSE_XOR,130,0.9847506009615384,0.9599609375,1.0,0,13,0.0
pubmed_gcnii16,4,13,3,8,116,0.90625,DENSE_XOR,130,0.9342672413793102,0.9127155172413793,0.9665948275862069,0,13,0.0
pubmed_gcnii16,4,13,4,8,0,0.0,FIXED_IDS,10,0.0,0.0,0.0,0,13,0.0
pubmed_gcnii16,4,13,5,8,0,0.0,FIXED_IDS,10,0.0,0.0,0.0,0,13,0.0
pubmed_gcnii16,4,13,6,8,0,0.0,FIXED_IDS,10,0.0,0.0,0.0,0,13,0.0
pubmed_gcnii16,4,13,7,8,0,0.0,FIXED_IDS,10,0.0,0.0,0.0,0,13,0.0
pubmed_gcnii16,4,13,0,8,128,1.0,DENSE_XOR,130,0.9995492788461539,0.998046875,1.0,0,13,0.0
pubmed_gcnii16,4,13,1,8,127,0.9921875,DENSE_XOR,130,0.9897032101756513,0.9635826771653543,0.9970472440944882,0,13,0.0
pubmed_gcnii16,4,13,2,8,128,1.0,DENSE_XOR,130,0.9942908653846154,0.9892578125,0.9990234375,0,13,0.0
pubmed_gcnii16,4,13,3,8,0,0.0,FIXED_IDS,10,0.0,0.0,0.0,0,13,0.0
pubmed_gcnii16,4,13,4,8,0,0.0,FIXED_IDS,10,0.0,0.0,0.0,0,13,0.0
pubmed_gcnii16,4,13,5,8,0,0.0,FIXED_IDS,10,0.0,0.0,0.0,0,13,0.0
pubmed_gcnii16,4,13,6,8,0,0.0,FIXED_IDS,10,0.0,0.0,0.0,0,13,0.0
pubmed_gcnii16,4,13,7,8,0,0.0,FIXED_IDS,10,0.0,0.0,0.0,0,13,0.0
pubmed_gcnii16,4,13,0,8,100,0.78125,DENSE_XOR,130,0.9045192307692307,0.83,0.98875,0,13,0.0
pubmed_gcnii16,4,13,1,8,128,1.0,DENSE_XOR,130,0.9930889423076923,0.958984375,1.0,0,13,0.0
pubmed_gcnii16,4,13,2,8,128,1.0,DENSE_XOR,130,0.9722055288461539,0.9384765625,0.998046875,0,13,0.0
pubmed_gcnii16,4,13,3,8,0,0.0,FIXED_IDS,10,0.0,0.0,0.0,0,13,0.0
pubmed_gcnii16,4,13,4,8,0,0.0,FIXED_IDS,10,0.0,0.0,0.0,0,13,0.0
pubmed_gcnii16,4,13,5,8,102,0.796875,DENSE_XOR,130,0.9786010558069381,0.928921568627451,1.0,0,13,0.0
pubmed_gcnii16,4,13,6,8,100,0.78125,DENSE_XOR,130,0.9836538461538461,0.95125,0.9975,0,13,0.0
pubmed_gcnii16,4,13,7,8,96,0.75,DENSE_XOR,130,0.9822716346153848,0.9270833333333334,0.9973958333333334,0,13,0.0
pubmed_gcnii16,4,13,0,8,0,0.0,FIXED_IDS,10,0.0,0.0,0.0,0,13,0.0
pubmed_gcnii16,4,13,1,8,128,1.0,DENSE_XOR,130,0.9989483173076923,0.9892578125,1.0,0,13,0.0
pubmed_gcnii16,4,13,2,8,128,1.0,DENSE_XOR,130,0.9634915865384616,0.90625,1.0,0,13,0.0
pubmed_gcnii16,4,13,3,8,0,0.0,FIXED_IDS,10,0.0,0.0,0.0,0,13,0.0
pubmed_gcnii16,4,13,4,8,0,0.0,FIXED_IDS,10,0.0,0.0,0.0,0,13,0.0
pubmed_gcnii16,4,13,5,8,128,1.0,DENSE_XOR,130,0.9956430288461539,0.95703125,1.0,0,13,0.0
pubmed_gcnii16,4,13,6,8,128,1.0,DENSE_XOR,130,0.9922626201923077,0.935546875,1.0,0,13,0.0
pubmed_gcnii16,4,13,7,8,128,1.0,DENSE_XOR,130,0.9872295673076923,0.9248046875,1.0,0,13,0.0
pubmed_gcnii16,4,13,0,8,0,0.0,FIXED_IDS,10,0.0,0.0,0.0,0,13,0.0
pubmed_gcnii16,4,13,1,8,128,1.0,DENSE_XOR,130,0.9992487980769231,0.9912109375,1.0,0,13,0.0
pubmed_gcnii16,4,13,2,8,128,1.0,DENSE_XOR,130,0.9727313701923077,0.923828125,0.9990234375,0,13,0.0
pubmed_gcnii16,4,13,3,8,0,0.0,FIXED_IDS,10,0.0,0.0,0.0,0,13,0.0
pubmed_gcnii16,4,13,4,8,0,0.0,FIXED_IDS,10,0.0,0.0,0.0,0,13,0.0
pubmed_gcnii16,4,13,5,8,120,0.9375,DENSE_XOR,130,0.9807692307692307,0.9072916666666667,1.0,0,13,0.0
pubmed_gcnii16,4,13,6,8,121,0.9453125,DENSE_XOR,130,0.981404958677686,0.90599173553719,1.0,0,13,0.0
pubmed_gcnii16,4,13,7,8,119,0.9296875,DENSE_XOR,130,0.9714770523594054,0.8876050420168067,0.9989495798319328,0,13,0.0
pubmed_gcnii16,4,13,0,8,0,0.0,FIXED_IDS,10,0.0,0.0,0.0,0,13,0.0
pubmed_gcnii16,4,13,1,8,128,1.0,DENSE_XOR,130,1.0,1.0,1.0,0,13,0.0
pubmed_gcnii16,4,13,2,8,128,1.0,DENSE_XOR,130,0.9625901442307693,0.9052734375,1.0,0,13,0.0
pubmed_gcnii16,4,13,3,8,0,0.0,FIXED_IDS,10,0.0,0.0,0.0,0,13,0.0
pubmed_gcnii16,4,13,4,8,0,0.0,FIXED_IDS,10,0.0,0.0,0.0,0,13,0.0
pubmed_gcnii16,4,13,5,8,128,1.0,DENSE_XOR,130,1.0,1.0,1.0,0,13,0.0
pubmed_gcnii16,4,13,6,8,128,1.0,DENSE_XOR,130,1.0,1.0,1.0,0,13,0.0
pubmed_gcnii16,4,13,7,8,128,1.0,DENSE_XOR,130,0.9993239182692307,0.994140625,1.0,0,13,0.0
pubmed_gcnii16,4,13,0,8,111,0.8671875,DENSE_XOR,130,0.9352910602910605,0.8975225225225225,0.9808558558558559,0,13,0.0
pubmed_gcnii16,4,13,1,8,96,0.75,DENSE_XOR,130,0.9282852564102565,0.8567708333333334,0.9609375,0,13,0.0
pubmed_gcnii16,4,13,2,8,108,0.84375,DENSE_XOR,130,0.9166666666666667,0.8645833333333334,0.9375,0,13,0.0
pubmed_gcnii16,4,13,3,8,100,0.78125,DENSE_XOR,130,0.9240384615384615,0.86625,0.9725,0,13,0.0
pubmed_gcnii16,4,13,4,8,0,0.0,FIXED_IDS,10,0.0,0.0,0.0,0,13,0.0
pubmed_gcnii16,4,13,5,8,0,0.0,FIXED_IDS,10,0.0,0.0,0.0,0,13,0.0
pubmed_gcnii16,4,13,6,8,0,0.0,FIXED_IDS,10,0.0,0.0,0.0,0,13,0.0
pubmed_gcnii16,4,13,7,8,0,0.0,FIXED_IDS,10,0.0,0.0,0.0,0,13,0.0
pubmed_gcnii16,4,13,0,8,124,0.96875,DENSE_XOR,130,0.9987593052109184,0.9969758064516129,1.0,0,13,0.0
pubmed_gcnii16,4,13,1,8,124,0.96875,DENSE_XOR,130,0.9419199751861043,0.7842741935483871,0.9899193548387096,0,13,0.0
pubmed_gcnii16,4,13,2,8,124,0.96875,DENSE_XOR,130,0.9738678660049627,0.9274193548387096,0.9969758064516129,0,13,0.0
pubmed_gcnii16,4,13,3,8,127,0.9921875,DENSE_XOR,130,0.9663082980012112,0.9084645669291339,0.9940944881889764,0,13,0.0
pubmed_gcnii16,4,13,4,8,0,0.0,FIXED_IDS,10,0.0,0.0,0.0,0,13,0.0
pubmed_gcnii16,4,13,5,8,0,0.0,FIXED_IDS,10,0.0,0.0,0.0,0,13,0.0
pubmed_gcnii16,4,13,6,8,0,0.0,FIXED_IDS,10,0.0,0.0,0.0,0,13,0.0
pubmed_gcnii16,4,13,7,8,0,0.0,FIXED_IDS,10,0.0,0.0,0.0,0,13,0.0
pubmed_gcnii16,4,13,0,8,118,0.921875,DENSE_XOR,130,0.9815026075619296,0.961864406779661,0.9978813559322034,0,13,0.0
pubmed_gcnii16,4,13,1,8,115,0.8984375,DENSE_XOR,130,0.8917224080267558,0.7293478260869565,0.9554347826086956,0,13,0.0
pubmed_gcnii16,4,13,2,8,124,0.96875,DENSE_XOR,130,0.9273418114143921,0.8850806451612904,0.9667338709677419,0,13,0.0
pubmed_gcnii16,4,13,3,8,110,0.859375,DENSE_XOR,130,0.9549825174825174,0.9068181818181819,0.990909090909091,0,13,0.0
pubmed_gcnii16,4,13,4,8,0,0.0,FIXED_IDS,10,0.0,0.0,0.0,0,13,0.0
pubmed_gcnii16,4,13,5,8,0,0.0,FIXED_IDS,10,0.0,0.0,0.0,0,13,0.0
pubmed_gcnii16,4,13,6,8,0,0.0,FIXED_IDS,10,0.0,0.0,0.0,0,13,0.0
pubmed_gcnii16,4,13,7,8,0,0.0,FIXED_IDS,10,0.0,0.0,0.0,0,13,0.0
pubmed_gcnii16,4,13,0,8,108,0.84375,DENSE_XOR,130,0.9646545584045584,0.9270833333333334,0.9930555555555556,0,13,0.0
pubmed_gcnii16,4,13,1,8,128,1.0,DENSE_XOR,130,0.9884314903846154,0.927734375,1.0,0,13,0.0
pubmed_gcnii16,4,13,2,8,128,1.0,DENSE_XOR,130,0.9885066105769231,0.958984375,1.0,0,13,0.0
pubmed_gcnii16,4,13,3,8,0,0.0,FIXED_IDS,10,0.0,0.0,0.0,0,13,0.0
pubmed_gcnii16,4,13,4,8,0,0.0,FIXED_IDS,10,0.0,0.0,0.0,0,13,0.0
pubmed_gcnii16,4,13,5,8,0,0.0,FIXED_IDS,10,0.0,0.0,0.0,0,13,0.0
pubmed_gcnii16,4,13,6,8,0,0.0,FIXED_IDS,10,0.0,0.0,0.0,0,13,0.0
pubmed_gcnii16,4,13,7,8,0,0.0,FIXED_IDS,10,0.0,0.0,0.0,0,13,0.0
pubmed_gcnii16,4,13,0,8,0,0.0,FIXED_IDS,10,0.0,0.0,0.0,0,13,0.0
pubmed_gcnii16,4,13,1,8,99,0.7734375,DENSE_XOR,130,0.9227855477855479,0.86489898989899,0.9621212121212122,0,13,0.0
pubmed_gcnii16,4,13,2,8,126,0.984375,DENSE_XOR,130,0.8974358974358974,0.8462301587301587,0.9365079365079365,0,13,0.0
pubmed_gcnii16,4,13,3,8,0,0.0,FIXED_IDS,10,0.0,0.0,0.0,0,13,0.0
pubmed_gcnii16,4,13,4,8,0,0.0,FIXED_IDS,10,0.0,0.0,0.0,0,13,0.0
pubmed_gcnii16,4,13,5,8,0,0.0,FIXED_IDS,10,0.0,0.0,0.0,0,13,0.0
pubmed_gcnii16,4,13,6,8,0,0.0,FIXED_IDS,10,0.0,0.0,0.0,0,13,0.0
pubmed_gcnii16,4,13,7,8,0,0.0,FIXED_IDS,10,0.0,0.0,0.0,0,13,0.0
pubmed_gcnii16,4,13,0,8,0,0.0,FIXED_IDS,10,0.0,0.0,0.0,0,13,0.0
pubmed_gcnii16,4,13,1,8,112,0.875,DENSE_XOR,130,0.9336366758241758,0.8303571428571429,0.9787946428571429,0,13,0.0
pubmed_gcnii16,4,13,2,8,124,0.96875,DENSE_XOR,130,0.918812034739454,0.8538306451612904,0.9657258064516129,0,13,0.0
pubmed_gcnii16,4,13,3,8,0,0.0,FIXED_IDS,10,0.0,0.0,0.0,0,13,0.0
pubmed_gcnii16,4,13,4,8,0,0.0,FIXED_IDS,10,0.0,0.0,0.0,0,13,0.0
pubmed_gcnii16,4,13,5,8,0,0.0,FIXED_IDS,10,0.0,0.0,0.0,0,13,0.0
pubmed_gcnii16,4,13,6,8,0,0.0,FIXED_IDS,10,0.0,0.0,0.0,0,13,0.0
pubmed_gcnii16,4,13,7,8,0,0.0,FIXED_IDS,10,0.0,0.0,0.0,0,13,0.0
pubmed_gcnii16,4,13,0,8,0,0.0,FIXED_IDS,5,0.0,0.0,0.0,0,13,0.0
pubmed_gcnii16,4,13,1,8,0,0.0,FIXED_IDS,5,0.0,0.0,0.0,0,13,0.0
pubmed_gcnii16,4,13,2,8,0,0.0,FIXED_IDS,5,0.0,0.0,0.0,0,13,0.0
pubmed_gcnii16,4,13,3,8,0,0.0,FIXED_IDS,5,0.0,0.0,0.0,0,13,0.0
pubmed_gcnii16,4,13,4,8,0,0.0,FIXED_IDS,5,0.0,0.0,0.0,0,13,0.0
pubmed_gcnii16,4,13,5,8,0,0.0,FIXED_IDS,5,0.0,0.0,0.0,0,13,0.0
pubmed_gcnii16,4,13,6,8,0,0.0,FIXED_IDS,5,0.0,0.0,0.0,0,13,0.0
pubmed_gcnii16,4,13,7,8,0,0.0,FIXED_IDS,5,0.0,0.0,0.0,0,13,0.0
pubmed_gcnii16,4,13,0,16,128,1.0,DENSE_XOR,130,0.6733022836538461,0.62548828125,0.72265625,0,13,0.0
pubmed_gcnii16,4,13,1,16,120,0.9375,DENSE_XOR,130,0.8339342948717949,0.821875,0.9015625,0,13,0.0
pubmed_gcnii16,4,13,2,16,100,0.78125,DENSE_XOR,130,0.8947115384615384,0.86375,0.9225,0,13,0.0
pubmed_gcnii16,4,13,3,16,106,0.828125,DENSE_XOR,130,0.6852322206095791,0.6037735849056604,0.7547169811320755,0,13,0.0
pubmed_gcnii16,4,13,0,16,128,1.0,DENSE_XOR,130,0.7727989783653846,0.73876953125,0.80908203125,0,13,0.0
pubmed_gcnii16,4,13,1,16,101,0.7890625,DENSE_XOR,130,0.8216393754760092,0.8063118811881188,0.880569306930693,0,13,0.0
pubmed_gcnii16,4,13,2,16,82,0.640625,DENSE_XOR,130,0.833548311444653,0.7469512195121951,0.8696646341463414,0,13,0.0
pubmed_gcnii16,4,13,3,16,100,0.78125,DENSE_XOR,130,0.5798076923076922,0.521875,0.62125,0,13,0.0
pubmed_gcnii16,4,13,0,16,128,1.0,DENSE_XOR,130,0.7765925480769231,0.73583984375,0.81640625,0,13,0.0
pubmed_gcnii16,4,13,1,16,123,0.9609375,DENSE_XOR,130,0.8801203877423389,0.8475609756097561,0.9405487804878049,0,13,0.0
pubmed_gcnii16,4,13,2,16,66,0.515625,DENSE_XOR,130,0.8920454545454546,0.8333333333333334,0.9450757575757576,0,13,0.0
pubmed_gcnii16,4,13,3,16,84,0.65625,DENSE_XOR,130,0.5926053113553114,0.5208333333333334,0.6778273809523809,0,13,0.0
pubmed_gcnii16,4,13,0,16,128,1.0,DENSE_XOR,130,0.7244591346153846,0.66845703125,0.78955078125,0,13,0.0
pubmed_gcnii16,4,13,1,16,104,0.8125,DENSE_XOR,130,0.8461076183431953,0.8347355769230769,0.8888221153846154,0,13,0.0
pubmed_gcnii16,4,13,2,16,110,0.859375,DENSE_XOR,130,0.8594405594405594,0.7659090909090909,0.8977272727272727,0,13,0.0
pubmed_gcnii16,4,13,3,16,114,0.890625,DENSE_XOR,130,0.6841261808367072,0.618421052631579,0.7335526315789473,0,13,0.0
pubmed_gcnii16,4,13,0,16,128,1.0,DENSE_XOR,130,0.7199143629807693,0.66015625,0.794921875,0,13,0.0
pubmed_gcnii16,4,13,1,16,84,0.65625,DENSE_XOR,130,0.8289262820512822,0.8154761904761905,0.8928571428571429,0,13,0.0
pubmed_gcnii16,4,13,2,16,100,0.78125,DENSE_XOR,130,0.7331730769230769,0.568125,0.8175,0,13,0.0
pubmed_gcnii16,4,13,3,16,114,0.890625,DENSE_XOR,130,0.5501012145748988,0.4758771929824561,0.5964912280701754,0,13,0.0
pubmed_gcnii16,4,13,0,16,128,1.0,DENSE_XOR,130,0.7820387620192307,0.71044921875,0.84716796875,0,13,0.0
pubmed_gcnii16,4,13,1,16,107,0.8359375,DENSE_XOR,130,0.7969086987778576,0.7739485981308412,0.8230140186915887,0,13,0.0
pubmed_gcnii16,4,13,2,16,102,0.796875,DENSE_XOR,130,0.834841628959276,0.7175245098039216,0.883578431372549,0,13,0.0
pubmed_gcnii16,4,13,3,16,110,0.859375,DENSE_XOR,130,0.6715472027972027,0.5920454545454545,0.7306818181818182,0,13,0.0
pubmed_gcnii16,4,13,0,16,128,1.0,DENSE_XOR,130,0.6210186298076923,0.56640625,0.6865234375,0,13,0.0
pubmed_gcnii16,4,13,1,16,92,0.71875,DENSE_XOR,130,0.7605560200668897,0.7364130434782609,0.8206521739130435,0,13,0.0
pubmed_gcnii16,4,13,2,16,118,0.921875,DENSE_XOR,130,0.8720257496740549,0.7526483050847458,0.9253177966101694,0,13,0.0
pubmed_gcnii16,4,13,3,16,124,0.96875,DENSE_XOR,130,0.6841268610421836,0.6169354838709677,0.7379032258064516,0,13,0.0
pubmed_gcnii16,4,13,0,16,128,1.0,DENSE_XOR,130,0.7364783653846154,0.68505859375,0.8076171875,0,13,0.0
pubmed_gcnii16,4,13,1,16,108,0.84375,DENSE_XOR,130,0.7274750712250712,0.7100694444444444,0.7476851851851852,0,13,0.0
pubmed_gcnii16,4,13,2,16,96,0.75,DENSE_XOR,130,0.9047976762820512,0.798828125,0.9446614583333334,0,13,0.0
pubmed_gcnii16,4,13,3,16,100,0.78125,DENSE_XOR,130,0.7784615384615383,0.7275,0.81125,0,13,0.0
pubmed_gcnii16,4,13,0,16,128,1.0,DENSE_XOR,130,0.7948091947115384,0.7451171875,0.859375,0,13,0.0
pubmed_gcnii16,4,13,1,16,100,0.78125,DENSE_XOR,130,0.8008653846153847,0.7825,0.825625,0,13,0.0
pubmed_gcnii16,4,13,2,16,86,0.671875,DENSE_XOR,130,0.8576140429338103,0.7100290697674418,0.9251453488372093,0,13,0.0
pubmed_gcnii16,4,13,3,16,94,0.734375,DENSE_XOR,130,0.689954991816694,0.6289893617021277,0.730718085106383,0,13,0.0
pubmed_gcnii16,4,13,0,16,128,1.0,DENSE_XOR,130,0.8191105769230769,0.77587890625,0.86669921875,0,13,0.0
pubmed_gcnii16,4,13,1,16,106,0.828125,DENSE_XOR,130,0.8242470972423803,0.8172169811320755,0.8408018867924528,0,13,0.0
pubmed_gcnii16,4,13,2,16,84,0.65625,DENSE_XOR,130,0.828125,0.6614583333333334,0.9025297619047619,0,13,0.0
pubmed_gcnii16,4,13,3,16,108,0.84375,DENSE_XOR,130,0.582309472934473,0.5109953703703703,0.6371527777777778,0,13,0.0
pubmed_gcnii16,4,13,0,16,128,1.0,DENSE_XOR,130,0.8310546875,0.78662109375,0.8779296875,0,13,0.0
pubmed_gcnii16,4,13,1,16,108,0.84375,DENSE_XOR,130,0.8580395299145299,0.8275462962962963,0.8981481481481481,0,13,0.0
pubmed_gcnii16,4,13,2,16,90,0.703125,DENSE_XOR,130,0.825801282051282,0.7166666666666667,0.8833333333333333,0,13,0.0
pubmed_gcnii16,4,13,3,16,108,0.84375,DENSE_XOR,130,0.5900106837606838,0.53125,0.6417824074074074,0,13,0.0
pubmed_gcnii16,4,13,0,16,128,1.0,DENSE_XOR,130,0.8055513822115384,0.72216796875,0.900390625,0,13,0.0
pubmed_gcnii16,4,13,1,16,122,0.953125,DENSE_XOR,130,0.8823297604035312,0.8094262295081968,0.9631147540983607,0,13,0.0
pubmed_gcnii16,4,13,2,16,88,0.6875,DENSE_XOR,130,0.8802993881118881,0.7876420454545454,0.9396306818181818,0,13,0.0
pubmed_gcnii16,4,13,3,16,124,0.96875,DENSE_XOR,130,0.5719215260545906,0.4899193548387097,0.6537298387096774,0,13,0.0
pubmed_gcnii16,4,13,0,16,128,1.0,DENSE_XOR,130,0.8312424879807693,0.77197265625,0.90869140625,0,13,0.0
pubmed_gcnii16,4,13,1,16,128,1.0,DENSE_XOR,130,0.8979867788461539,0.86181640625,0.962890625,0,13,0.0
pubmed_gcnii16,4,13,2,16,101,0.7890625,DENSE_XOR,130,0.9845773038842347,0.9597772277227723,1.0,0,13,0.0
pubmed_gcnii16,4,13,3,16,104,0.8125,DENSE_XOR,130,0.8163831360946747,0.7289663461538461,0.9008413461538461,0,13,0.0
pubmed_gcnii16,4,13,0,16,128,1.0,DENSE_XOR,130,0.6849459134615384,0.5986328125,0.7802734375,0,13,0.0
pubmed_gcnii16,4,13,1,16,128,1.0,DENSE_XOR,130,0.8611027644230769,0.822265625,0.95068359375,0,13,0.0
pubmed_gcnii16,4,13,2,16,102,0.796875,DENSE_XOR,130,0.9756787330316742,0.9540441176470589,0.9969362745098039,0,13,0.0
pubmed_gcnii16,4,13,3,16,108,0.84375,DENSE_XOR,130,0.7676727207977206,0.6724537037037037,0.8570601851851852,0,13,0.0
pubmed_gcnii16,4,13,0,16,128,1.0,DENSE_XOR,130,0.6853215144230769,0.62255859375,0.75244140625,0,13,0.0
pubmed_gcnii16,4,13,1,16,110,0.859375,DENSE_XOR,130,0.6492569930069929,0.6068181818181818,0.7090909090909091,0,13,0.0
pubmed_gcnii16,4,13,2,16,101,0.7890625,DENSE_XOR,130,0.9655369383092155,0.8756188118811881,0.9900990099009901,0,13,0.0
pubmed_gcnii16,4,13,3,16,126,0.984375,DENSE_XOR,130,0.7443528693528693,0.6810515873015873,0.7842261904761905,0,13,0.0
pubmed_gcnii16,4,13,0,16,128,1.0,DENSE_XOR,130,0.640625,0.57421875,0.7080078125,0,13,0.0
pubmed_gcnii16,4,13,1,16,84,0.65625,DENSE_XOR,130,0.5106456043956044,0.39806547619047616,0.6741071428571429,0,13,0.0
pubmed_gcnii16,4,13,2,16,128,1.0,DENSE_XOR,130,0.8050631009615384,0.654296875,0.87548828125,0,13,0.0
pubmed_gcnii16,4,13,3,16,124,0.96875,DENSE_XOR,130,0.7428272332506203,0.6965725806451613,0.766633064516129,0,13,0.0
pubmed_gcnii16,4,13,0,16,128,1.0,DENSE_XOR,130,0.7994666466346154,0.7548828125,0.833984375,0,13,0.0
pubmed_gcnii16,4,13,1,16,84,0.65625,DENSE_XOR,130,0.5777815934065934,0.5208333333333334,0.6733630952380952,0,13,0.0
pubmed_gcnii16,4,13,2,16,110,0.859375,DENSE_XOR,130,0.7406905594405593,0.47102272727272726,0.8539772727272728,0,13,0.0
pubmed_gcnii16,4,13,3,16,122,0.953125,DENSE_XOR,130,0.5744010088272383,0.5117827868852459,0.6183401639344263,0,13,0.0
pubmed_gcnii16,4,13,0,16,128,1.0,DENSE_XOR,130,0.6923076923076923,0.65625,0.724609375,0,13,0.0
pubmed_gcnii16,4,13,1,16,0,0.0,FIXED_IDS,10,0.0,0.0,0.0,0,13,0.0
pubmed_gcnii16,4,13,2,16,124,0.96875,DENSE_XOR,130,0.6469447890818858,0.3074596774193548,0.7913306451612904,1,13,0.0
pubmed_gcnii16,4,13,3,16,123,0.9609375,DENSE_XOR,130,0.47213101938711693,0.4070121951219512,0.5157520325203252,0,13,0.0
pubmed_gcnii16,4,13,0,16,128,1.0,DENSE_XOR,130,0.7873347355769231,0.74169921875,0.83447265625,0,13,0.0
pubmed_gcnii16,4,13,1,16,87,0.6796875,DENSE_XOR,130,0.8131631299734748,0.7765804597701149,0.8757183908045977,0,13,0.0
pubmed_gcnii16,4,13,2,16,108,0.84375,DENSE_XOR,130,0.7382033475783475,0.5283564814814815,0.8402777777777778,0,13,0.0
pubmed_gcnii16,4,13,3,16,122,0.953125,DENSE_XOR,130,0.5476040353089534,0.47848360655737704,0.5952868852459017,0,13,0.0
pubmed_gcnii16,4,13,0,16,128,1.0,DENSE_XOR,130,0.7619441105769231,0.71484375,0.818359375,0,13,0.0
pubmed_gcnii16,4,13,1,16,94,0.734375,DENSE_XOR,130,0.694097790507365,0.6582446808510638,0.7586436170212766,0,13,0.0
pubmed_gcnii16,4,13,2,16,104,0.8125,DENSE_XOR,130,0.8326553254437867,0.6418269230769231,0.9104567307692307,0,13,0.0
pubmed_gcnii16,4,13,3,16,116,0.90625,DENSE_XOR,130,0.6435261936339522,0.5436422413793104,0.7025862068965517,0,13,0.0
pubmed_gcnii16,4,13,0,16,128,1.0,DENSE_XOR,130,0.8131385216346154,0.76171875,0.873046875,0,13,0.0
pubmed_gcnii16,4,13,1,16,114,0.890625,DENSE_XOR,130,0.8078188259109311,0.7225877192982456,0.9024122807017544,0,13,0.0
pubmed_gcnii16,4,13,2,16,72,0.5625,DENSE_XOR,130,0.8122329059829061,0.6970486111111112,0.8758680555555556,0,13,0.0
pubmed_gcnii16,4,13,3,16,106,0.828125,DENSE_XOR,130,0.5332910014513788,0.4693396226415094,0.5908018867924528,0,13,0.0
pubmed_gcnii16,4,13,0,16,128,1.0,DENSE_XOR,130,0.7445913461538461,0.67822265625,0.82470703125,0,13,0.0
pubmed_gcnii16,4,13,1,16,96,0.75,DENSE_XOR,130,0.741786858974359,0.7194010416666666,0.7786458333333334,0,13,0.0
pubmed_gcnii16,4,13,2,16,115,0.8984375,DENSE_XOR,130,0.8555183946488294,0.6342391304347826,0.9407608695652174,0,13,0.0
pubmed_gcnii16,4,13,3,16,123,0.9609375,DENSE_XOR,130,0.638445903689806,0.5497967479674797,0.6996951219512195,0,13,0.0
pubmed_gcnii16,4,13,0,16,128,1.0,DENSE_XOR,130,0.7466195913461539,0.71044921875,0.78466796875,0,13,0.0
pubmed_gcnii16,4,13,1,16,66,0.515625,DENSE_XOR,130,0.6833479020979021,0.6420454545454546,0.7547348484848485,0,13,0.0
pubmed_gcnii16,4,13,2,16,116,0.90625,DENSE_XOR,130,0.759698275862069,0.46551724137931033,0.8663793103448276,0,13,0.0
pubmed_gcnii16,4,13,3,16,126,0.984375,DENSE_XOR,130,0.577991452991453,0.4965277777777778,0.6339285714285714,0,13,0.0
pubmed_gcnii16,4,13,0,16,128,1.0,DENSE_XOR,130,0.8952824519230769,0.87841796875,0.9150390625,0,13,0.0
pubmed_gcnii16,4,13,1,16,96,0.75,DENSE_XOR,130,0.901893028846154,0.8333333333333334,0.9329427083333334,0,13,0.0
pubmed_gcnii16,4,13,2,16,82,0.640625,DENSE_XOR,130,0.7765595684803002,0.5602134146341463,0.875,0,13,0.0
pubmed_gcnii16,4,13,3,16,118,0.921875,DENSE_XOR,130,0.5143415906127771,0.4353813559322034,0.5720338983050848,0,13,0.0
pubmed_gcnii16,4,13,0,16,128,1.0,DENSE_XOR,130,0.8278996394230769,0.80908203125,0.8544921875,0,13,0.0
pubmed_gcnii16,4,13,1,16,78,0.609375,DENSE_XOR,130,0.8037475345167653,0.7940705128205128,0.8253205128205128,0,13,0.0
pubmed_gcnii16,4,13,2,16,108,0.84375,DENSE_XOR,130,0.7324608262108261,0.44386574074074076,0.8559027777777778,0,13,0.0
pubmed_gcnii16,4,13,3,16,122,0.953125,DENSE_XOR,130,0.5246295712484238,0.45645491803278687,0.5717213114754098,0,13,0.0
pubmed_gcnii16,4,13,0,16,128,1.0,DENSE_XOR,130,0.8839768629807693,0.86669921875,0.90966796875,0,13,0.0
pubmed_gcnii16,4,13,1,16,94,0.734375,DENSE_XOR,130,0.835004091653028,0.8257978723404256,0.8450797872340425,0,13,0.0
pubmed_gcnii16,4,13,2,16,52,0.40625,DENSE_XOR,130,0.6719674556213018,0.4182692307692308,0.8004807692307693,1,13,0.0
pubmed_gcnii16,4,13,3,16,0,0.0,FIXED_IDS,10,0.0,0.0,0.0,0,13,0.0
pubmed_gcnii16,4,13,0,16,128,1.0,DENSE_XOR,130,0.8723707932692307,0.85205078125,0.89501953125,0,13,0.0
pubmed_gcnii16,4,13,1,16,110,0.859375,DENSE_XOR,130,0.765777972027972,0.7488636363636364,0.7931818181818182,0,13,0.0
pubmed_gcnii16,4,13,2,16,62,0.484375,DENSE_XOR,130,0.8340570719602979,0.6895161290322581,0.9153225806451613,0,13,0.0
pubmed_gcnii16,4,13,3,16,82,0.640625,DENSE_XOR,130,0.6171435272045028,0.5480182926829268,0.6638719512195121,0,13,0.0
pubmed_gcnii16,4,13,0,16,128,1.0,DENSE_XOR,130,0.7847430889423077,0.73828125,0.84228515625,0,13,0.0
pubmed_gcnii16,4,13,1,16,112,0.875,DENSE_XOR,130,0.74609375,0.7282366071428571,0.7667410714285714,0,13,0.0
pubmed_gcnii16,4,13,2,16,96,0.75,DENSE_XOR,130,0.8869190705128206,0.7161458333333334,0.9485677083333334,0,13,0.0
pubmed_gcnii16,4,13,3,16,102,0.796875,DENSE_XOR,130,0.7580599547511311,0.6513480392156863,0.8161764705882353,0,13,0.0
pubmed_gcnii16,4,13,0,16,128,1.0,DENSE_XOR,130,0.6133939302884616,0.57666015625,0.6552734375,0,13,0.0
pubmed_gcnii16,4,13,1,16,0,0.0,FIXED_IDS,10,0.0,0.0,0.0,0,13,0.0
pubmed_gcnii16,4,13,2,16,128,1.0,DENSE_XOR,130,0.8215895432692307,0.46923828125,0.92724609375,0,13,0.0
pubmed_gcnii16,4,13,3,16,126,0.984375,DENSE_XOR,130,0.6647588522588522,0.5257936507936508,0.7485119047619048,0,13,0.0
pubmed_gcnii16,4,13,0,16,128,1.0,DENSE_XOR,130,0.7634840745192307,0.74365234375,0.79052734375,0,13,0.0
pubmed_gcnii16,4,13,1,16,50,0.390625,DENSE_XOR,130,0.7983653846153846,0.77375,0.83,0,13,0.0
pubmed_gcnii16,4,13,2,16,108,0.84375,DENSE_XOR,130,0.6214832621082622,0.28587962962962965,0.7633101851851852,1,13,0.0
pubmed_gcnii16,4,13,3,16,126,0.984375,DENSE_XOR,130,0.4272359584859585,0.3521825396825397,0.4742063492063492,0,13,0.0
pubmed_gcnii16,4,13,0,16,128,1.0,DENSE_XOR,130,0.7691556490384616,0.6796875,0.869140625,0,13,0.0
pubmed_gcnii16,4,13,1,16,118,0.921875,DENSE_XOR,130,0.8485984354628422,0.840572033898305,0.8755296610169492,0,13,0.0
pubmed_gcnii16,4,13,2,16,114,0.890625,DENSE_XOR,130,0.8767712550607286,0.8053728070175439,0.9254385964912281,0,13,0.0
pubmed_gcnii16,4,13,3,16,118,0.921875,DENSE_XOR,130,0.7339064537157758,0.6477754237288136,0.808792372881356,0,13,0.0
pubmed_gcnii16,4,13,0,16,128,1.0,DENSE_XOR,130,0.69140625,0.63134765625,0.75830078125,0,13,0.0
pubmed_gcnii16,4,13,1,16,113,0.8828125,DENSE_XOR,130,0.8133083730428863,0.7837389380530974,0.894358407079646,0,13,0.0
pubmed_gcnii16,4,13,2,16,120,0.9375,DENSE_XOR,130,0.8681490384615386,0.79375,0.9151041666666667,0,13,0.0
pubmed_gcnii16,4,13,3,16,124,0.96875,DENSE_XOR,130,0.703125,0.6325604838709677,0.765625,0,13,0.0
pubmed_gcnii16,4,13,0,16,128,1.0,DENSE_XOR,130,0.5855994591346154,0.52734375,0.66259765625,0,13,0.0
pubmed_gcnii16,4,13,1,16,106,0.828125,DENSE_XOR,130,0.6025489840348331,0.5371462264150944,0.6792452830188679,0,13,0.0
pubmed_gcnii16,4,13,2,16,128,1.0,DENSE_XOR,130,0.9771259014423077,0.85205078125,0.99609375,0,13,0.0
pubmed_gcnii16,4,13,3,16,128,1.0,DENSE_XOR,130,0.9244290865384616,0.81201171875,0.97705078125,0,13,0.0
pubmed_gcnii16,4,13,0,16,128,1.0,DENSE_XOR,130,0.7359525240384616,0.6865234375,0.8056640625,0,13,0.0
pubmed_gcnii16,4,13,1,16,114,0.890625,DENSE_XOR,130,0.7800691632928475,0.7648026315789473,0.8262061403508771,0,13,0.0
pubmed_gcnii16,4,13,2,16,122,0.953125,DENSE_XOR,130,0.9225252206809583,0.7248975409836066,0.992827868852459,0,13,0.0
pubmed_gcnii16,4,13,3,16,122,0.953125,DENSE_XOR,130,0.7947273013871373,0.6280737704918032,0.8965163934426229,0,13,0.0
pubmed_gcnii16,4,13,0,16,128,1.0,DENSE_XOR,130,0.8263221153846154,0.77783203125,0.873046875,0,13,0.0
pubmed_gcnii16,4,13,1,16,111,0.8671875,DENSE_XOR,130,0.937196812196812,0.9177927927927928,0.9662162162162162,0,13,0.0
pubmed_gcnii16,4,13,2,16,76,0.59375,DENSE_XOR,130,0.8075025303643724,0.6677631578947368,0.8922697368421053,0,13,0.0
pubmed_gcnii16,4,13,3,16,92,0.71875,DENSE_XOR,130,0.5524665551839465,0.4673913043478261,0.6372282608695652,0,13,0.0
pubmed_gcnii16,4,13,0,16,128,1.0,DENSE_XOR,130,0.912109375,0.890625,0.9365234375,0,13,0.0
pubmed_gcnii16,4,13,1,16,126,0.984375,DENSE_XOR,130,0.8481379731379732,0.7817460317460317,0.8963293650793651,0,13,0.0
pubmed_gcnii16,4,13,2,16,0,0.0,FIXED_IDS,10,0.0,0.0,0.0,0,13,0.0
pubmed_gcnii16,4,13,3,16,0,0.0,FIXED_IDS,10,0.0,0.0,0.0,0,13,0.0
pubmed_gcnii16,4,13,0,16,128,1.0,DENSE_XOR,130,0.8656099759615384,0.8095703125,0.927734375,0,13,0.0
pubmed_gcnii16,4,13,1,16,126,0.984375,DENSE_XOR,130,0.8886599511599512,0.8720238095238095,0.8998015873015873,0,13,0.0
pubmed_gcnii16,4,13,2,16,106,0.828125,DENSE_XOR,130,0.955732946298984,0.8773584905660378,0.9870283018867925,0,13,0.0
pubmed_gcnii16,4,13,3,16,116,0.90625,DENSE_XOR,130,0.7678630636604774,0.6761853448275862,0.8356681034482759,0,13,0.0
pubmed_gcnii16,4,13,0,16,128,1.0,DENSE_XOR,130,0.8123873197115384,0.74072265625,0.890625,0,13,0.0
pubmed_gcnii16,4,13,1,16,112,0.875,DENSE_XOR,130,0.9186126373626373,0.87890625,0.9503348214285714,0,13,0.0
pubmed_gcnii16,4,13,2,16,104,0.8125,DENSE_XOR,130,0.9246024408284025,0.7800480769230769,0.9717548076923077,0,13,0.0
pubmed_gcnii16,4,13,3,16,108,0.84375,DENSE_XOR,130,0.746216168091168,0.5920138888888888,0.8362268518518519,0,13,0.0
pubmed_gcnii16,4,13,0,16,128,1.0,DENSE_XOR,130,0.9340069110576923,0.90185546875,0.97265625,0,13,0.0
pubmed_gcnii16,4,13,1,16,126,0.984375,DENSE_XOR,130,0.9245268620268621,0.8735119047619048,0.9444444444444444,0,13,0.0
pubmed_gcnii16,4,13,2,16,54,0.421875,DENSE_XOR,130,0.8356481481481483,0.7210648148148148,0.9004629629629629,0,13,0.0
pubmed_gcnii16,4,13,3,16,86,0.671875,DENSE_XOR,130,0.5156529516994632,0.45203488372093026,0.5886627906976745,0,13,0.0
pubmed_gcnii16,4,13,0,16,128,1.0,DENSE_XOR,130,0.9509465144230769,0.93017578125,0.984375,0,13,0.0
pubmed_gcnii16,4,13,1,16,124,0.96875,DENSE_XOR,130,0.9313352977667494,0.873991935483871,0.9611895161290323,0,13,0.0
pubmed_gcnii16,4,13,2,16,52,0.40625,DENSE_XOR,130,0.7869822485207101,0.6177884615384616,0.8942307692307693,0,13,0.0
pubmed_gcnii16,4,13,3,16,66,0.515625,DENSE_XOR,130,0.5544143356643356,0.44507575757575757,0.6505681818181818,0,13,0.0
pubmed_gcnii16,4,13,0,16,128,1.0,DENSE_XOR,130,0.7593149038461539,0.701171875,0.82177734375,0,13,0.0
pubmed_gcnii16,4,13,1,16,116,0.90625,DENSE_XOR,130,0.7219413129973477,0.681573275862069,0.7758620689655172,0,13,0.0
pubmed_gcnii16,4,13,2,16,117,0.9140625,DENSE_XOR,130,0.8873274161735699,0.7927350427350427,0.9294871794871795,0,13,0.0
pubmed_gcnii16,4,13,3,16,122,0.953125,DENSE_XOR,130,0.7594971626733921,0.6813524590163934,0.8130122950819673,0,13,0.0
pubmed_gcnii16,4,13,0,16,128,1.0,DENSE_XOR,130,0.6727013221153846,0.626953125,0.72216796875,0,13,0.0
pubmed_gcnii16,4,13,1,16,76,0.59375,DENSE_XOR,130,0.5282135627530364,0.43914473684210525,0.7064144736842105,0,13,0.0
pubmed_gcnii16,4,13,2,16,128,1.0,DENSE_XOR,130,0.8659480168269231,0.62109375,0.94091796875,0,13,0.0
pubmed_gcnii16,4,13,3,16,126,0.984375,DENSE_XOR,130,0.755570818070818,0.6532738095238095,0.8189484126984127,0,13,0.0
pubmed_gcnii16,4,13,0,16,128,1.0,DENSE_XOR,130,0.6109900841346154,0.564453125,0.66259765625,0,13,0.0
pubmed_gcnii16,4,13,1,16,0,0.0,FIXED_IDS,10,0.0,0.0,0.0,0,13,0.0
pubmed_gcnii16,4,13,2,16,128,1.0,DENSE_XOR,130,0.8758638822115384,0.6376953125,0.95263671875,0,13,0.0
pubmed_gcnii16,4,13,3,16,126,0.984375,DENSE_XOR,130,0.7588904151404152,0.6736111111111112,0.8189484126984127,0,13,0.0
pubmed_gcnii16,4,13,0,16,128,1.0,DENSE_XOR,130,0.9091045673076923,0.876953125,0.9482421875,0,13,0.0
pubmed_gcnii16,4,13,1,16,108,0.84375,DENSE_XOR,130,0.9813034188034189,0.9537037037037037,0.9895833333333334,0,13,0.0
pubmed_gcnii16,4,13,2,16,66,0.515625,DENSE_XOR,130,0.7796474358974359,0.48295454545454547,0.8986742424242424,0,13,0.0
pubmed_gcnii16,4,13,3,16,92,0.71875,DENSE_XOR,130,0.4910639632107024,0.37839673913043476,0.59375,0,13,0.0
pubmed_gcnii16,4,13,0,16,128,1.0,DENSE_XOR,130,0.9221754807692307,0.88232421875,0.97021484375,0,13,0.0
pubmed_gcnii16,4,13,1,16,127,0.9921875,DENSE_XOR,130,0.9562386432465172,0.9119094488188977,0.9758858267716536,0,13,0.0
pubmed_gcnii16,4,13,2,16,46,0.359375,DENSE_XOR,130,0.8426003344481605,0.7730978260869565,0.8967391304347826,0,13,0.0
pubmed_gcnii16,4,13,3,16,0,0.0,FIXED_IDS,10,0.0,0.0,0.0,0,13,0.0
pubmed_gcnii16,4,13,0,16,128,1.0,DENSE_XOR,130,0.9700646033653846,0.94970703125,0.98974609375,0,13,0.0
pubmed_gcnii16,4,13,1,16,125,0.9765625,DENSE_XOR,130,0.8586153846153847,0.7245,0.9375,0,13,0.0
pubmed_gcnii16,4,13,2,16,50,0.390625,DENSE_XOR,130,0.8076923076923076,0.62875,0.91375,0,13,0.0
pubmed_gcnii16,4,13,3,16,65,0.5078125,DENSE_XOR,130,0.5538461538461539,0.46923076923076923,0.6240384615384615,0,13,0.0
pubmed_gcnii16,4,13,0,16,128,1.0,DENSE_XOR,130,0.9523737980769231,0.92578125,0.982421875,0,13,0.0
pubmed_gcnii16,4,13,1,16,128,1.0,DENSE_XOR,130,0.9730694110576923,0.93310546875,0.98779296875,0,13,0.0
pubmed_gcnii16,4,13,2,16,0,0.0,FIXED_IDS,10,0.0,0.0,0.0,0,13,0.0
pubmed_gcnii16,4,13,3,16,0,0.0,FIXED_IDS,10,0.0,0.0,0.0,0,13,0.0
pubmed_gcnii16,4,13,0,16,128,1.0,DENSE_XOR,130,0.8838641826923077,0.85595703125,0.916015625,0,13,0.0
pubmed_gcnii16,4,13,1,16,100,0.78125,DENSE_XOR,130,0.9800480769230769,0.948125,0.985,0,13,0.0
pubmed_gcnii16,4,13,2,16,74,0.578125,DENSE_XOR,130,0.7088097713097713,0.512668918918919,0.8108108108108109,0,13,0.0
pubmed_gcnii16,4,13,3,16,96,0.75,DENSE_XOR,130,0.48157051282051283,0.3951822916666667,0.5696614583333334,0,13,0.0
pubmed_gcnii16,4,13,0,16,128,1.0,DENSE_XOR,130,0.7991661658653846,0.759765625,0.8486328125,0,13,0.0
pubmed_gcnii16,4,13,1,16,0,0.0,FIXED_IDS,10,0.0,0.0,0.0,0,13,0.0
pubmed_gcnii16,4,13,2,16,128,1.0,DENSE_XOR,130,0.5966421274038461,0.267578125,0.75146484375,2,13,0.0
pubmed_gcnii16,4,13,3,16,113,0.8828125,DENSE_XOR,130,0.4802586793737235,0.4198008849557522,0.525995575221239,0,13,0.0
pubmed_gcnii16,4,13,0,16,128,1.0,DENSE_XOR,130,0.9319035456730769,0.92626953125,0.939453125,0,13,0.0
pubmed_gcnii16,4,13,1,16,111,0.8671875,DENSE_XOR,130,0.796647609147609,0.7573198198198198,0.8079954954954955,0,13,0.0
pubmed_gcnii16,4,13,2,16,70,0.546875,DENSE_XOR,130,0.7243818681318681,0.4133928571428571,0.8607142857142858,0,13,0.0
pubmed_gcnii16,4,13,3,16,60,0.46875,DENSE_XOR,130,0.6031250000000001,0.48333333333333334,0.6875,0,13,0.0
pubmed_gcnii16,4,13,0,16,128,1.0,DENSE_XOR,130,0.9151517427884616,0.89404296875,0.94580078125,0,13,0.0
pubmed_gcnii16,4,13,1,16,119,0.9296875,DENSE_XOR,130,0.9556399482870073,0.9269957983193278,0.9705882352941176,0,13,0.0
pubmed_gcnii16,4,13,2,16,56,0.4375,DENSE_XOR,130,0.7679429945054945,0.5736607142857143,0.8973214285714286,0,13,0.0
pubmed_gcnii16,4,13,3,16,68,0.53125,DENSE_XOR,130,0.5792562217194571,0.46047794117647056,0.6966911764705882,0,13,0.0
pubmed_gcnii16,4,13,0,16,128,1.0,DENSE_XOR,130,0.9409930889423077,0.9248046875,0.9580078125,0,13,0.0
pubmed_gcnii16,4,13,1,16,108,0.84375,DENSE_XOR,130,0.9134615384615384,0.8182870370370371,0.9508101851851852,0,13,0.0
pubmed_gcnii16,4,13,2,16,0,0.0,FIXED_IDS,10,0.0,0.0,0.0,0,13,0.0
pubmed_gcnii16,4,13,3,16,0,0.0,FIXED_IDS,10,0.0,0.0,0.0,0,13,0.0
pubmed_gcnii16,4,13,0,16,128,1.0,DENSE_XOR,130,0.8990384615384616,0.86669921875,0.94189453125,0,13,0.0
pubmed_gcnii16,4,13,1,16,112,0.875,DENSE_XOR,130,0.9590916895604397,0.8895089285714286,0.9910714285714286,0,13,0.0
pubmed_gcnii16,4,13,2,16,72,0.5625,DENSE_XOR,130,0.820446047008547,0.6892361111111112,0.9071180555555556,0,13,0.0
pubmed_gcnii16,4,13,3,16,112,0.875,DENSE_XOR,130,0.4927026098901099,0.41127232142857145,0.5792410714285714,0,13,0.0
pubmed_gcnii16,4,13,0,16,128,1.0,DENSE_XOR,130,0.8816105769230769,0.83642578125,0.9150390625,0,13,0.0
pubmed_gcnii16,4,13,1,16,128,1.0,DENSE_XOR,130,0.9516225961538461,0.90576171875,0.98583984375,0,13,0.0
pubmed_gcnii16,4,13,2,16,56,0.4375,DENSE_XOR,130,0.9022149725274724,0.8571428571428571,0.9486607142857143,0,13,0.0
pubmed_gcnii16,4,13,3,16,66,0.515625,DENSE_XOR,130,0.6193181818181819,0.5340909090909091,0.7196969696969697,0,13,0.0
pubmed_gcnii16,4,13,0,16,128,1.0,DENSE_XOR,130,0.9251802884615384,0.90478515625,0.94482421875,0,13,0.0
pubmed_gcnii16,4,13,1,16,111,0.8671875,DENSE_XOR,130,0.9234667359667359,0.8524774774774775,0.9515765765765766,0,13,0.0
pubmed_gcnii16,4,13,2,16,48,0.375,DENSE_XOR,130,0.6676682692307693,0.40625,0.81640625,3,13,0.0
pubmed_gcnii16,4,13,3,16,0,0.0,FIXED_IDS,10,0.0,0.0,0.0,0,13,0.0
pubmed_gcnii16,4,13,0,16,128,1.0,DENSE_XOR,130,0.95654296875,0.93505859375,0.98193359375,0,13,0.0
pubmed_gcnii16,4,13,1,16,128,1.0,DENSE_XOR,130,0.994140625,0.96044921875,1.0,0,13,0.0
pubmed_gcnii16,4,13,2,16,0,0.0,FIXED_IDS,10,0.0,0.0,0.0,0,13,0.0
pubmed_gcnii16,4,13,3,16,0,0.0,FIXED_IDS,10,0.0,0.0,0.0,0,13,0.0
pubmed_gcnii16,4,13,0,16,128,1.0,DENSE_XOR,130,0.8917142427884616,0.796875,0.97314453125,0,13,0.0
pubmed_gcnii16,4,13,1,16,128,1.0,DENSE_XOR,130,0.9652193509615384,0.91015625,0.9951171875,0,13,0.0
pubmed_gcnii16,4,13,2,16,74,0.578125,DENSE_XOR,130,0.90241683991684,0.8454391891891891,0.9484797297297297,0,13,0.0
pubmed_gcnii16,4,13,3,16,98,0.765625,DENSE_XOR,130,0.5836930926216641,0.49362244897959184,0.6811224489795918,0,13,0.0
pubmed_gcnii16,4,13,0,16,128,1.0,DENSE_XOR,130,0.9461388221153846,0.9130859375,0.984375,0,13,0.0
pubmed_gcnii16,4,13,1,16,128,1.0,DENSE_XOR,130,0.9835486778846154,0.9560546875,0.99365234375,0,13,0.0
pubmed_gcnii16,4,13,2,16,60,0.46875,DENSE_XOR,130,0.7882211538461538,0.7135416666666666,0.8864583333333333,0,13,0.0
pubmed_gcnii16,4,13,3,16,92,0.71875,DENSE_XOR,130,0.49968645484949825,0.41983695652173914,0.5930706521739131,0,13,0.0
pubmed_gcnii16,4,13,0,16,128,1.0,DENSE_XOR,130,0.9228515625,0.85986328125,0.98193359375,0,13,0.0
pubmed_gcnii16,4,13,1,16,128,1.0,DENSE_XOR,130,0.9943659855769231,0.96875,1.0,0,13,0.0
pubmed_gcnii16,4,13,2,16,50,0.390625,DENSE_XOR,130,0.8829807692307694,0.8475,0.92,0,13,0.0
pubmed_gcnii16,4,13,3,16,64,0.5,DENSE_XOR,130,0.5784254807692307,0.4892578125,0.6982421875,0,13,0.0
pubmed_gcnii16,4,13,0,16,128,1.0,DENSE_XOR,130,0.9089918870192307,0.8662109375,0.95947265625,0,13,0.0
pubmed_gcnii16,4,13,1,16,128,1.0,DENSE_XOR,130,0.9901968149038461,0.96435546875,1.0,0,13,0.0
pubmed_gcnii16,4,13,2,16,62,0.484375,DENSE_XOR,130,0.6372518610421836,0.5483870967741935,0.7137096774193549,0,13,0.0
pubmed_gcnii16,4,13,3,16,0,0.0,FIXED_IDS,10,0.0,0.0,0.0,0,13,0.0
pubmed_gcnii16,4,13,0,16,128,1.0,DENSE_XOR,130,0.9786283052884616,0.95849609375,0.9951171875,0,13,0.0
pubmed_gcnii16,4,13,1,16,128,1.0,DENSE_XOR,130,0.9470027043269231,0.86962890625,0.98095703125,0,13,0.0
pubmed_gcnii16,4,13,2,16,46,0.359375,DENSE_XOR,130,0.8090510033444818,0.6372282608695652,0.9279891304347826,0,13,0.0
pubmed_gcnii16,4,13,3,16,0,0.0,FIXED_IDS,10,0.0,0.0,0.0,0,13,0.0
pubmed_gcnii16,4,13,0,16,128,1.0,DENSE_XOR,130,0.8025090144230769,0.734375,0.87548828125,0,13,0.0
pubmed_gcnii16,4,13,1,16,128,1.0,DENSE_XOR,130,0.9236027644230769,0.88623046875,0.97021484375,0,13,0.0
pubmed_gcnii16,4,13,2,16,114,0.890625,DENSE_XOR,130,0.9247638326585697,0.8273026315789473,0.9731359649122807,0,13,0.0
pubmed_gcnii16,4,13,3,16,118,0.921875,DENSE_XOR,130,0.7317063233376793,0.625,0.8278601694915254,0,13,0.0
pubmed_gcnii16,4,13,0,16,128,1.0,DENSE_XOR,130,0.8880709134615384,0.84228515625,0.943359375,0,13,0.0
pubmed_gcnii16,4,13,1,16,120,0.9375,DENSE_XOR,130,0.9534455128205128,0.903125,0.9833333333333333,0,13,0.0
pubmed_gcnii16,4,13,2,16,85,0.6640625,DENSE_XOR,130,0.8884049773755656,0.7852941176470588,0.9514705882352941,0,13,0.0
pubmed_gcnii16,4,13,3,16,86,0.671875,DENSE_XOR,130,0.7225514311270125,0.6031976744186046,0.8277616279069767,0,13,0.0
pubmed_gcnii16,4,13,0,16,128,1.0,DENSE_XOR,130,0.7454176682692307,0.63671875,0.8486328125,0,13,0.0
pubmed_gcnii16,4,13,1,16,123,0.9609375,DENSE_XOR,130,0.9075203252032521,0.8734756097560976,0.9801829268292683,0,13,0.0
pubmed_gcnii16,4,13,2,16,120,0.9375,DENSE_XOR,130,0.9968349358974359,0.990625,1.0,0,13,0.0
pubmed_gcnii16,4,13,3,16,126,0.984375,DENSE_XOR,130,0.770375457875458,0.6736111111111112,0.8571428571428571,0,13,0.0
pubmed_gcnii16,4,13,0,16,128,1.0,DENSE_XOR,130,0.6720628004807693,0.58447265625,0.77392578125,0,13,0.0
pubmed_gcnii16,4,13,1,16,126,0.984375,DENSE_XOR,130,0.8766407203907204,0.8482142857142857,0.9563492063492064,0,13,0.0
pubmed_gcnii16,4,13,2,16,121,0.9453125,DENSE_XOR,130,0.9605848696757788,0.8651859504132231,0.9943181818181818,0,13,0.0
pubmed_gcnii16,4,13,3,16,127,0.9921875,DENSE_XOR,130,0.738794669897032,0.6368110236220472,0.8375984251968503,0,13,0.0
pubmed_gcnii16,4,13,0,16,128,1.0,DENSE_XOR,130,0.93115234375,0.90478515625,0.96484375,0,13,0.0
pubmed_gcnii16,4,13,1,16,128,1.0,DENSE_XOR,130,0.9927133413461539,0.9599609375,1.0,0,13,0.0
pubmed_gcnii16,4,13,2,16,0,0.0,FIXED_IDS,10,0.0,0.0,0.0,0,13,0.0
pubmed_gcnii16,4,13,3,16,0,0.0,FIXED_IDS,10,0.0,0.0,0.0,0,13,0.0
pubmed_gcnii16,4,13,0,16,128,1.0,DENSE_XOR,130,0.8200495793269231,0.7548828125,0.90771484375,0,13,0.0
pubmed_gcnii16,4,13,1,16,128,1.0,DENSE_XOR,130,0.9331805889423077,0.90673828125,0.986328125,0,13,0.0
pubmed_gcnii16,4,13,2,16,85,0.6640625,DENSE_XOR,130,0.9604072398190046,0.9272058823529412,0.9823529411764705,0,13,0.0
pubmed_gcnii16,4,13,3,16,88,0.6875,DENSE_XOR,130,0.7647508741258743,0.6697443181818182,0.8607954545454546,0,13,0.0
pubmed_gcnii16,4,13,0,16,128,1.0,DENSE_XOR,130,0.8037484975961539,0.72119140625,0.8828125,0,13,0.0
pubmed_gcnii16,4,13,1,16,128,1.0,DENSE_XOR,130,0.8898362379807693,0.84716796875,0.95947265625,0,13,0.0
pubmed_gcnii16,4,13,2,16,117,0.9140625,DENSE_XOR,130,0.9598948060486521,0.8664529914529915,0.9930555555555556,0,13,0.0
pubmed_gcnii16,4,13,3,16,124,0.96875,DENSE_XOR,130,0.7650046526054589,0.6381048387096774,0.8618951612903226,0,13,0.0
pubmed_gcnii16,4,13,0,16,128,1.0,DENSE_XOR,130,0.8801457331730769,0.7578125,0.97802734375,0,13,0.0
pubmed_gcnii16,4,13,1,16,128,1.0,DENSE_XOR,130,0.9734450120192307,0.9501953125,0.99609375,0,13,0.0
pubmed_gcnii16,4,13,2,16,128,1.0,DENSE_XOR,130,0.9812575120192307,0.91748046875,0.99853515625,0,13,0.0
pubmed_gcnii16,4,13,3,16,128,1.0,DENSE_XOR,130,0.7785456730769231,0.63720703125,0.89306640625,0,13,0.0
pubmed_gcnii16,4,13,0,16,128,1.0,DENSE_XOR,130,0.5864633413461539,0.4951171875,0.685546875,0,13,0.0
pubmed_gcnii16,4,13,1,16,128,1.0,DENSE_XOR,130,0.8179462139423077,0.79345703125,0.92919921875,0,13,0.0
pubmed_gcnii16,4,13,2,16,128,1.0,DENSE_XOR,130,0.9977088341346154,0.98388671875,1.0,0,13,0.0
pubmed_gcnii16,4,13,3,16,128,1.0,DENSE_XOR,130,0.8245943509615384,0.72607421875,0.91162109375,0,13,0.0
pubmed_gcnii16,4,13,0,16,128,1.0,DENSE_XOR,130,0.8530649038461539,0.7861328125,0.91845703125,0,13,0.0
pubmed_gcnii16,4,13,1,16,106,0.828125,DENSE_XOR,130,0.8671988388969522,0.8183962264150944,0.9080188679245284,0,13,0.0
pubmed_gcnii16,4,13,2,16,86,0.671875,DENSE_XOR,130,0.9054673524150267,0.7601744186046512,0.9694767441860465,0,13,0.0
pubmed_gcnii16,4,13,3,16,102,0.796875,DENSE_XOR,130,0.6397530165912518,0.5428921568627451,0.7156862745098039,0,13,0.0
pubmed_gcnii16,4,13,0,16,128,1.0,DENSE_XOR,130,0.6029522235576923,0.5419921875,0.6611328125,0,13,0.0
pubmed_gcnii16,4,13,1,16,0,0.0,FIXED_IDS,10,0.0,0.0,0.0,0,13,0.0
pubmed_gcnii16,4,13,2,16,128,1.0,DENSE_XOR,130,0.9778395432692307,0.85791015625,0.99951171875,0,13,0.0
pubmed_gcnii16,4,13,3,16,128,1.0,DENSE_XOR,130,0.9009540264423077,0.791015625,0.95361328125,0,13,0.0
pubmed_gcnii16,4,13,0,16,128,1.0,DENSE_XOR,130,0.6615835336538461,0.61083984375,0.70751953125,0,13,0.0
pubmed_gcnii16,4,13,1,16,94,0.734375,DENSE_XOR,130,0.5017389525368249,0.40492021276595747,0.6575797872340425,0,13,0.0
pubmed_gcnii16,4,13,2,16,127,0.9921875,DENSE_XOR,130,0.9081617201695942,0.7288385826771654,0.9724409448818898,0,13,0.0
pubmed_gcnii16,4,13,3,16,128,1.0,DENSE_XOR,130,0.8025090144230769,0.7236328125,0.85546875,0,13,0.0
pubmed_gcnii16,4,13,0,16,128,1.0,DENSE_XOR,130,0.86669921875,0.8427734375,0.900390625,0,13,0.0
pubmed_gcnii16,4,13,1,16,106,0.828125,DENSE_XOR,130,0.9116926705370101,0.9074292452830188,0.9162735849056604,0,13,0.0
pubmed_gcnii16,4,13,2,16,84,0.65625,DENSE_XOR,130,0.7842261904761905,0.6465773809523809,0.8891369047619048,0,13,0.0
pubmed_gcnii16,4,13,3,16,106,0.828125,DENSE_XOR,130,0.5553338171262701,0.44516509433962265,0.6650943396226415,0,13,0.0
pubmed_gcnii16,4,13,0,16,128,1.0,DENSE_XOR,130,0.9772761418269231,0.9677734375,0.9892578125,0,13,0.0
pubmed_gcnii16,4,13,1,16,128,1.0,DENSE_XOR,130,0.9690880408653846,0.8740234375,0.99267578125,0,13,0.0
pubmed_gcnii16,4,13,2,16,0,0.0,FIXED_IDS,10,0.0,0.0,0.0,0,13,0.0
pubmed_gcnii16,4,13,3,16,0,0.0,FIXED_IDS,10,0.0,0.0,0.0,0,13,0.0
pubmed_gcnii16,4,13,0,16,128,1.0,DENSE_XOR,130,0.9482421875,0.9248046875,0.9638671875,0,13,0.0
pubmed_gcnii16,4,13,1,16,128,1.0,DENSE_XOR,130,0.8967848557692307,0.78076171875,0.94677734375,0,13,0.0
pubmed_gcnii16,4,13,2,16,34,0.265625,DENSE_XOR,130,0.900735294117647,0.8400735294117647,0.9375,0,13,0.0
pubmed_gcnii16,4,13,3,16,0,0.0,FIXED_IDS,10,0.0,0.0,0.0,0,13,0.0
pubmed_gcnii16,4,13,0,16,128,1.0,DENSE_XOR,130,0.5200946514423077,0.46484375,0.615234375,0,13,0.0
pubmed_gcnii16,4,13,1,16,126,0.984375,DENSE_XOR,130,0.46955128205128205,0.31547619047619047,0.6875,2,13,0.0
pubmed_gcnii16,4,13,2,16,128,1.0,DENSE_XOR,130,0.9991736778846154,0.9921875,1.0,0,13,0.0
pubmed_gcnii16,4,13,3,16,128,1.0,DENSE_XOR,130,0.97802734375,0.9296875,0.9970703125,0,13,0.0
pubmed_gcnii16,4,13,0,16,128,1.0,DENSE_XOR,130,0.6490009014423077,0.6044921875,0.72119140625,0,13,0.0
pubmed_gcnii16,4,13,1,16,89,0.6953125,DENSE_XOR,130,0.5470505617977529,0.4311797752808989,0.6867977528089888,0,13,0.0
pubmed_gcnii16,4,13,2,16,126,0.984375,DENSE_XOR,130,0.8471840659340659,0.6349206349206349,0.9300595238095238,0,13,0.0
pubmed_gcnii16,4,13,3,16,128,1.0,DENSE_XOR,130,0.7302433894230769,0.66552734375,0.77490234375,0,13,0.0
pubmed_gcnii16,4,13,0,16,128,1.0,DENSE_XOR,130,0.6940354567307693,0.6572265625,0.7900390625,0,13,0.0
pubmed_gcnii16,4,13,1,16,0,0.0,FIXED_IDS,10,0.0,0.0,0.0,0,13,0.0
pubmed_gcnii16,4,13,2,16,126,0.984375,DENSE_XOR,130,0.7822039072039073,0.47172619047619047,0.9032738095238095,0,13,0.0
pubmed_gcnii16,4,13,3,16,128,1.0,DENSE_XOR,130,0.6224083533653846,0.54541015625,0.67919921875,0,13,0.0
pubmed_gcnii16,4,13,0,16,128,1.0,DENSE_XOR,130,0.8038987379807693,0.779296875,0.853515625,0,13,0.0
pubmed_gcnii16,4,13,1,16,60,0.46875,DENSE_XOR,130,0.6243589743589744,0.5791666666666667,0.6916666666666667,0,13,0.0
pubmed_gcnii16,4,13,2,16,119,0.9296875,DENSE_XOR,130,0.6738445378151261,0.2757352941176471,0.8476890756302521,1,13,0.0
pubmed_gcnii16,4,13,3,16,127,0.9921875,DENSE_XOR,130,0.45983494851605083,0.390748031496063,0.5201771653543307,0,13,0.0
pubmed_gcnii16,4,13,0,16,128,1.0,DENSE_XOR,130,0.8375901442307693,0.8232421875,0.8564453125,0,13,0.0
pubmed_gcnii16,4,13,1,16,92,0.71875,DENSE_XOR,130,0.7900815217391306,0.7676630434782609,0.8165760869565217,0,13,0.0
pubmed_gcnii16,4,13,2,16,98,0.765625,DENSE_XOR,130,0.798714678178964,0.5860969387755102,0.8826530612244898,0,13,0.0
pubmed_gcnii16,4,13,3,16,114,0.890625,DENSE_XOR,130,0.5909244264507422,0.5301535087719298,0.6343201754385965,0,13,0.0
pubmed_gcnii16,4,13,0,16,128,1.0,DENSE_XOR,130,0.7775691105769231,0.72412109375,0.845703125,0,13,0.0
pubmed_gcnii16,4,13,1,16,108,0.84375,DENSE_XOR,130,0.796741452991453,0.7731481481481481,0.8715277777777778,0,13,0.0
pubmed_gcnii16,4,13,2,16,98,0.765625,DENSE_XOR,130,0.8203492935635792,0.6798469387755102,0.8973214285714286,0,13,0.0
pubmed_gcnii16,4,13,3,16,122,0.953125,DENSE_XOR,130,0.589454602774275,0.5153688524590164,0.6501024590163934,0,13,0.0
pubmed_gcnii16,4,13,0,16,128,1.0,DENSE_XOR,130,0.9332181490384616,0.912109375,0.9599609375,0,13,0.0
pubmed_gcnii16,4,13,1,16,128,1.0,DENSE_XOR,130,0.8878079927884616,0.8154296875,0.9365234375,0,13,0.0
pubmed_gcnii16,4,13,2,16,66,0.515625,DENSE_XOR,130,0.9310897435897435,0.8787878787878788,0.9649621212121212,0,13,0.0
pubmed_gcnii16,4,13,3,16,118,0.921875,DENSE_XOR,130,0.5904090612777053,0.5317796610169492,0.6334745762711864,0,13,0.0
pubmed_gcnii16,4,13,0,16,128,1.0,DENSE_XOR,130,0.8739107572115384,0.81591796875,0.9306640625,0,13,0.0
pubmed_gcnii16,4,13,1,16,122,0.953125,DENSE_XOR,130,0.9201213745271122,0.8401639344262295,0.96875,0,13,0.0
pubmed_gcnii16,4,13,2,16,84,0.65625,DENSE_XOR,130,0.8789491758241758,0.7797619047619048,0.9367559523809523,0,13,0.0
pubmed_gcnii16,4,13,3,16,126,0.984375,DENSE_XOR,130,0.5627289377289376,0.49950396825396826,0.6071428571428571,0,13,0.0
pubmed_gcnii16,4,13,0,16,128,1.0,DENSE_XOR,130,0.7935697115384616,0.75634765625,0.82421875,0,13,0.0
pubmed_gcnii16,4,13,1,16,98,0.765625,DENSE_XOR,130,0.7247350863422292,0.6855867346938775,0.7780612244897959,0,13,0.0
pubmed_gcnii16,4,13,2,16,115,0.8984375,DENSE_XOR,130,0.8713210702341138,0.6934782608695652,0.941304347826087,0,13,0.0
pubmed_gcnii16,4,13,3,16,122,0.953125,DENSE_XOR,130,0.7009773013871375,0.6162909836065574,0.7576844262295082,0,13,0.0
pubmed_gcnii16,4,13,0,16,128,1.0,DENSE_XOR,130,0.9281099759615384,0.90625,0.95361328125,0,13,0.0
pubmed_gcnii16,4,13,1,16,113,0.8828125,DENSE_XOR,130,0.9055905377808032,0.8241150442477876,0.9496681415929203,0,13,0.0
pubmed_gcnii16,4,13,2,16,70,0.546875,DENSE_XOR,130,0.8587225274725274,0.6383928571428571,0.9473214285714285,0,13,0.0
pubmed_gcnii16,4,13,3,16,116,0.90625,DENSE_XOR,130,0.5448441644562334,0.46066810344827586,0.6056034482758621,0,13,0.0
pubmed_gcnii16,4,13,0,16,128,1.0,DENSE_XOR,130,0.9667593149038461,0.921875,0.99658203125,0,13,0.0
pubmed_gcnii16,4,13,1,16,127,0.9921875,DENSE_XOR,130,0.9138779527559056,0.7918307086614174,0.9758858267716536,0,13,0.0
pubmed_gcnii16,4,13,2,16,67,0.5234375,DENSE_XOR,130,0.8553386911595867,0.6688432835820896,0.9580223880597015,0,13,0.0
pubmed_gcnii16,4,13,3,16,88,0.6875,DENSE_XOR,130,0.5955528846153846,0.4865056818181818,0.6882102272727273,0,13,0.0
pubmed_gcnii16,4,13,0,16,128,1.0,DENSE_XOR,130,0.9274714543269231,0.91943359375,0.93603515625,0,13,0.0
pubmed_gcnii16,4,13,1,16,116,0.90625,DENSE_XOR,130,0.8366627984084882,0.7225215517241379,0.8857758620689655,0,13,0.0
pubmed_gcnii16,4,13,2,16,54,0.421875,DENSE_XOR,130,0.6609686609686609,0.40162037037037035,0.8425925925925926,2,13,0.0
pubmed_gcnii16,4,13,3,16,0,0.0,FIXED_IDS,10,0.0,0.0,0.0,0,13,0.0
pubmed_gcnii16,4,13,0,16,128,1.0,DENSE_XOR,130,0.8806715745192307,0.8671875,0.89208984375,0,13,0.0
pubmed_gcnii16,4,13,1,16,92,0.71875,DENSE_XOR,130,0.871394230769231,0.8410326086956522,0.889266304347826,0,13,0.0
pubmed_gcnii16,4,13,2,16,76,0.59375,DENSE_XOR,130,0.7333628542510122,0.36019736842105265,0.8848684210526315,1,13,0.0
pubmed_gcnii16,4,13,3,16,116,0.90625,DENSE_XOR,130,0.4433852785145889,0.36314655172413796,0.5086206896551724,0,13,0.0
pubmed_gcnii16,4,13,0,16,128,1.0,DENSE_XOR,130,0.9781024639423077,0.96240234375,0.9951171875,0,13,0.0
pubmed_gcnii16,4,13,1,16,128,1.0,DENSE_XOR,130,0.939453125,0.8486328125,0.982421875,0,13,0.0
pubmed_gcnii16,4,13,2,16,0,0.0,FIXED_IDS,10,0.0,0.0,0.0,0,13,0.0
pubmed_gcnii16,4,13,3,16,0,0.0,FIXED_IDS,10,0.0,0.0,0.0,0,13,0.0
pubmed_gcnii16,4,13,0,16,128,1.0,DENSE_XOR,130,0.9104567307692307,0.90234375,0.91796875,0,13,0.0
pubmed_gcnii16,4,13,1,16,124,0.96875,DENSE_XOR,130,0.8660437344913152,0.8094758064516129,0.8825604838709677,0,13,0.0
pubmed_gcnii16,4,13,2,16,38,0.296875,DENSE_XOR,130,0.8811993927125505,0.7236842105263158,0.9506578947368421,0,13,0.0
pubmed_gcnii16,4,13,3,16,58,0.453125,DENSE_XOR,130,0.6194462864721485,0.5301724137931034,0.6799568965517241,0,13,0.0
pubmed_gcnii16,4,13,0,16,128,1.0,DENSE_XOR,130,0.8014948918269231,0.7578125,0.85546875,0,13,0.0
pubmed_gcnii16,4,13,1,16,78,0.609375,DENSE_XOR,130,0.6810281065088758,0.6402243589743589,0.7556089743589743,0,13,0.0
pubmed_gcnii16,4,13,2,16,106,0.828125,DENSE_XOR,130,0.8373095065312047,0.4893867924528302,0.9380896226415094,0,13,0.0
pubmed_gcnii16,4,13,3,16,117,0.9140625,DENSE_XOR,130,0.6331360946745561,0.4807692307692308,0.7163461538461539,0,13,0.0
pubmed_gcnii16,4,13,0,16,128,1.0,DENSE_XOR,130,0.8236553485576923,0.77978515625,0.8701171875,0,13,0.0
pubmed_gcnii16,4,13,1,16,126,0.984375,DENSE_XOR,130,0.6596459096459097,0.6001984126984127,0.7321428571428571,0,13,0.0
pubmed_gcnii16,4,13,2,16,112,0.875,DENSE_XOR,130,0.9505494505494505,0.8761160714285714,0.9827008928571429,0,13,0.0
pubmed_gcnii16,4,13,3,16,126,0.984375,DENSE_XOR,130,0.8152472527472528,0.7331349206349206,0.8596230158730159,0,13,0.0
pubmed_gcnii16,4,13,0,16,128,1.0,DENSE_XOR,130,0.8002554086538461,0.7744140625,0.84521484375,0,13,0.0
pubmed_gcnii16,4,13,1,16,106,0.828125,DENSE_XOR,130,0.7548530478955006,0.7387971698113207,0.8007075471698113,0,13,0.0
pubmed_gcnii16,4,13,2,16,92,0.71875,DENSE_XOR,130,0.8855560200668896,0.6915760869565217,0.9639945652173914,0,13,0.0
pubmed_gcnii16,4,13,3,16,124,0.96875,DENSE_XOR,130,0.6167803970223326,0.5241935483870968,0.6819556451612904,0,13,0.0
pubmed_gcnii16,4,13,0,16,128,1.0,DENSE_XOR,130,0.7910907451923077,0.7626953125,0.82470703125,0,13,0.0
pubmed_gcnii16,4,13,1,16,88,0.6875,DENSE_XOR,130,0.8227163461538461,0.7926136363636364,0.8423295454545454,0,13,0.0
pubmed_gcnii16,4,13,2,16,96,0.75,DENSE_XOR,130,0.7589142628205128,0.5442708333333334,0.8509114583333334,0,13,0.0
pubmed_gcnii16,4,13,3,16,112,0.875,DENSE_XOR,130,0.5606541895604396,0.49330357142857145,0.6032366071428571,0,13,0.0
pubmed_gcnii16,4,13,0,16,128,1.0,DENSE_XOR,130,0.8343224158653846,0.80078125,0.87646484375,0,13,0.0
pubmed_gcnii16,4,13,1,16,114,0.890625,DENSE_XOR,130,0.9225708502024291,0.8475877192982456,0.9720394736842105,0,13,0.0
pubmed_gcnii16,4,13,2,16,94,0.734375,DENSE_XOR,130,0.8015036824877251,0.5292553191489362,0.9075797872340425,0,13,0.0
pubmed_gcnii16,4,13,3,16,126,0.984375,DENSE_XOR,130,0.5271672771672773,0.4191468253968254,0.6076388888888888,0,13,0.0
pubmed_gcnii16,4,13,0,16,128,1.0,DENSE_XOR,130,0.7068058894230769,0.66455078125,0.7607421875,0,13,0.0
pubmed_gcnii16,4,13,1,16,114,0.890625,DENSE_XOR,130,0.773363697705803,0.7510964912280702,0.8075657894736842,0,13,0.0
pubmed_gcnii16,4,13,2,16,118,0.921875,DENSE_XOR,130,0.9258067144719687,0.7923728813559322,0.965042372881356,0,13,0.0
pubmed_gcnii16,4,13,3,16,118,0.921875,DENSE_XOR,130,0.8273305084745762,0.6991525423728814,0.9073093220338984,0,13,0.0
pubmed_gcnii16,4,13,0,16,128,1.0,DENSE_XOR,130,0.9286733774038461,0.9072265625,0.95556640625,0,13,0.0
pubmed_gcnii16,4,13,1,16,128,1.0,DENSE_XOR,130,0.9641301081730769,0.9013671875,0.98974609375,0,13,0.0
pubmed_gcnii16,4,13,2,16,40,0.3125,DENSE_XOR,130,0.8572115384615384,0.7390625,0.91875,0,13,0.0
pubmed_gcnii16,4,13,3,16,0,0.0,FIXED_IDS,10,0.0,0.0,0.0,0,13,0.0
pubmed_gcnii16,4,13,0,16,128,1.0,DENSE_XOR,130,0.9497445913461539,0.93359375,0.97119140625,0,13,0.0
pubmed_gcnii16,4,13,1,16,127,0.9921875,DENSE_XOR,130,0.9738037552998186,0.9084645669291339,0.9906496062992126,0,13,0.0
pubmed_gcnii16,4,13,2,16,0,0.0,FIXED_IDS,10,0.0,0.0,0.0,0,13,0.0
pubmed_gcnii16,4,13,3,16,0,0.0,FIXED_IDS,10,0.0,0.0,0.0,0,13,0.0
pubmed_gcnii16,4,13,0,16,128,1.0,DENSE_XOR,130,0.9597355769230769,0.94189453125,0.982421875,0,13,0.0
pubmed_gcnii16,4,13,1,16,128,1.0,DENSE_XOR,130,0.9817457932692307,0.91162109375,0.998046875,0,13,0.0
pubmed_gcnii16,4,13,2,16,0,0.0,FIXED_IDS,10,0.0,0.0,0.0,0,13,0.0
pubmed_gcnii16,4,13,3,16,0,0.0,FIXED_IDS,10,0.0,0.0,0.0,0,13,0.0
pubmed_gcnii16,4,13,0,16,128,1.0,DENSE_XOR,130,0.9151517427884616,0.87353515625,0.96533203125,0,13,0.0
pubmed_gcnii16,4,13,1,16,128,1.0,DENSE_XOR,130,0.9776893028846154,0.9716796875,0.97998046875,0,13,0.0
pubmed_gcnii16,4,13,2,16,80,0.625,DENSE_XOR,130,0.8516826923076923,0.6765625,0.9515625,0,13,0.0
pubmed_gcnii16,4,13,3,16,90,0.703125,DENSE_XOR,130,0.6269230769230769,0.49930555555555556,0.7569444444444444,0,13,0.0
pubmed_gcnii16,4,13,0,16,128,1.0,DENSE_XOR,130,0.9547025240384616,0.93115234375,0.98291015625,0,13,0.0
pubmed_gcnii16,4,13,1,16,128,1.0,DENSE_XOR,130,0.986328125,0.95703125,0.994140625,0,13,0.0
pubmed_gcnii16,4,13,2,16,42,0.328125,DENSE_XOR,130,0.7877747252747253,0.6949404761904762,0.8705357142857143,0,13,0.0
pubmed_gcnii16,4,13,3,16,0,0.0,FIXED_IDS,10,0.0,0.0,0.0,0,13,0.0
pubmed_gcnii16,4,13,0,16,128,1.0,DENSE_XOR,130,0.8220402644230769,0.7939453125,0.8466796875,0,13,0.0
pubmed_gcnii16,4,13,1,16,116,0.90625,DENSE_XOR,130,0.8442059018567639,0.818426724137931,0.8825431034482759,0,13,0.0
pubmed_gcnii16,4,13,2,16,86,0.671875,DENSE_XOR,130,0.8799194991055456,0.7252906976744186,0.9505813953488372,0,13,0.0
pubmed_gcnii16,4,13,3,16,116,0.90625,DENSE_XOR,130,0.608670424403183,0.5334051724137931,0.6756465517241379,0,13,0.0
pubmed_gcnii16,4,13,0,16,128,1.0,DENSE_XOR,130,0.9354717548076923,0.9072265625,0.9775390625,0,13,0.0
pubmed_gcnii16,4,13,1,16,128,1.0,DENSE_XOR,130,0.9697641225961539,0.95068359375,0.97509765625,0,13,0.0
pubmed_gcnii16,4,13,2,16,62,0.484375,DENSE_XOR,130,0.8036600496277917,0.7600806451612904,0.8397177419354839,0,13,0.0
pubmed_gcnii16,4,13,3,16,84,0.65625,DENSE_XOR,130,0.5082989926739927,0.4166666666666667,0.6235119047619048,0,13,0.0
pubmed_gcnii16,4,13,0,16,128,1.0,DENSE_XOR,130,0.9517352764423077,0.9375,0.9775390625,0,13,0.0
pubmed_gcnii16,4,13,1,16,128,1.0,DENSE_XOR,130,0.9711538461538461,0.916015625,0.98828125,0,13,0.0
pubmed_gcnii16,4,13,2,16,0,0.0,FIXED_IDS,10,0.0,0.0,0.0,0,13,0.0
pubmed_gcnii16,4,13,3,16,0,0.0,FIXED_IDS,10,0.0,0.0,0.0,0,13,0.0
pubmed_gcnii16,4,13,0,16,128,1.0,DENSE_XOR,130,0.9073016826923077,0.88037109375,0.93994140625,0,13,0.0
pubmed_gcnii16,4,13,1,16,112,0.875,DENSE_XOR,130,0.863538804945055,0.8454241071428571,0.8811383928571429,0,13,0.0
pubmed_gcnii16,4,13,2,16,84,0.65625,DENSE_XOR,130,0.7453067765567766,0.5290178571428571,0.8645833333333334,0,13,0.0
pubmed_gcnii16,4,13,3,16,110,0.859375,DENSE_XOR,130,0.5223776223776224,0.4460227272727273,0.602840909090909,0,13,0.0
pubmed_gcnii16,4,13,0,16,128,1.0,DENSE_XOR,130,0.9568810096153846,0.94189453125,0.9765625,0,13,0.0
pubmed_gcnii16,4,13,1,16,122,0.953125,DENSE_XOR,130,0.9265447667087011,0.8376024590163934,0.9677254098360656,0,13,0.0
pubmed_gcnii16,4,13,2,16,39,0.3046875,DENSE_XOR,130,0.7699704142011835,0.5592948717948718,0.8878205128205128,0,13,0.0
pubmed_gcnii16,4,13,3,16,0,0.0,FIXED_IDS,10,0.0,0.0,0.0,0,13,0.0
pubmed_gcnii16,4,13,0,16,128,1.0,DENSE_XOR,130,0.9487680288461539,0.93408203125,0.978515625,0,13,0.0
pubmed_gcnii16,4,13,1,16,128,1.0,DENSE_XOR,130,0.9778771033653846,0.92529296875,0.9931640625,0,13,0.0
pubmed_gcnii16,4,13,2,16,0,0.0,FIXED_IDS,10,0.0,0.0,0.0,0,13,0.0
pubmed_gcnii16,4,13,3,16,0,0.0,FIXED_IDS,10,0.0,0.0,0.0,0,13,0.0
pubmed_gcnii16,4,13,0,16,128,1.0,DENSE_XOR,130,0.9060246394230769,0.87158203125,0.953125,0,13,0.0
pubmed_gcnii16,4,13,1,16,128,1.0,DENSE_XOR,130,0.9960561899038461,0.97509765625,1.0,0,13,0.0
pubmed_gcnii16,4,13,2,16,54,0.421875,DENSE_XOR,130,0.7905982905982906,0.7245370370370371,0.8518518518518519,0,13,0.0
pubmed_gcnii16,4,13,3,16,0,0.0,FIXED_IDS,10,0.0,0.0,0.0,0,13,0.0
pubmed_gcnii16,4,13,0,16,128,1.0,DENSE_XOR,130,0.9546274038461539,0.92529296875,0.98046875,0,13,0.0
pubmed_gcnii16,4,13,1,16,128,1.0,DENSE_XOR,130,0.9815204326923077,0.947265625,0.99658203125,0,13,0.0
pubmed_gcnii16,4,13,2,16,90,0.703125,DENSE_XOR,130,0.8904380341880341,0.7583333333333333,0.9416666666666667,0,13,0.0
pubmed_gcnii16,4,13,3,16,112,0.875,DENSE_XOR,130,0.658224587912088,0.5178571428571429,0.7650669642857143,0,13,0.0
pubmed_gcnii16,4,13,0,16,128,1.0,DENSE_XOR,130,0.7946589543269231,0.73974609375,0.8603515625,0,13,0.0
pubmed_gcnii16,4,13,1,16,127,0.9921875,DENSE_XOR,130,0.8735236220472442,0.8198818897637795,0.9360236220472441,0,13,0.0
pubmed_gcnii16,4,13,2,16,99,0.7734375,DENSE_XOR,130,0.9294871794871793,0.8566919191919192,0.976010101010101,0,13,0.0
pubmed_gcnii16,4,13,3,16,122,0.953125,DENSE_XOR,130,0.6878546658259773,0.6091188524590164,0.7633196721311475,0,13,0.0
pubmed_gcnii16,4,13,0,16,128,1.0,DENSE_XOR,130,0.8752253605769231,0.80078125,0.9560546875,0,13,0.0
pubmed_gcnii16,4,13,1,16,126,0.984375,DENSE_XOR,130,0.9388354700854702,0.9077380952380952,0.9801587301587301,0,13,0.0
pubmed_gcnii16,4,13,2,16,116,0.90625,DENSE_XOR,130,0.9104774535809018,0.7192887931034483,0.9886853448275862,0,13,0.0
pubmed_gcnii16,4,13,3,16,126,0.984375,DENSE_XOR,130,0.7065018315018315,0.5357142857142857,0.8427579365079365,0,13,0.0
pubmed_gcnii16,4,13,0,16,128,1.0,DENSE_XOR,130,0.8010817307692307,0.67724609375,0.93994140625,0,13,0.0
pubmed_gcnii16,4,13,1,16,127,0.9921875,DENSE_XOR,130,0.9351150817686251,0.8981299212598425,0.9896653543307087,0,13,0.0
pubmed_gcnii16,4,13,2,16,128,1.0,DENSE_XOR,130,0.9828350360576923,0.94091796875,0.99609375,0,13,0.0
pubmed_gcnii16,4,13,3,16,128,1.0,DENSE_XOR,130,0.78515625,0.6787109375,0.87890625,0,13,0.0
pubmed_gcnii16,4,13,0,16,128,1.0,DENSE_XOR,130,0.7419245793269231,0.619140625,0.88134765625,0,13,0.0
pubmed_gcnii16,4,13,1,16,128,1.0,DENSE_XOR,130,0.9146259014423077,0.8896484375,0.984375,0,13,0.0
pubmed_gcnii16,4,13,2,16,128,1.0,DENSE_XOR,130,0.9979717548076923,0.9853515625,1.0,0,13,0.0
pubmed_gcnii16,4,13,3,16,128,1.0,DENSE_XOR,130,0.7940955528846154,0.7041015625,0.8798828125,0,13,0.0
pubmed_gcnii16,4,13,0,16,128,1.0,DENSE_XOR,130,0.8362755408653846,0.75830078125,0.919921875,0,13,0.0
pubmed_gcnii16,4,13,1,16,128,1.0,DENSE_XOR,130,0.9154897836538461,0.87744140625,0.96337890625,0,13,0.0
pubmed_gcnii16,4,13,2,16,106,0.828125,DENSE_XOR,130,0.9571843251088534,0.9015330188679245,0.9864386792452831,0,13,0.0
pubmed_gcnii16,4,13,3,16,114,0.890625,DENSE_XOR,130,0.7764423076923077,0.6611842105263158,0.8832236842105263,0,13,0.0
pubmed_gcnii16,4,13,0,16,128,1.0,DENSE_XOR,130,0.8230168269230769,0.74267578125,0.904296875,0,13,0.0
pubmed_gcnii16,4,13,1,16,128,1.0,DENSE_XOR,130,0.9427584134615384,0.92529296875,0.98583984375,0,13,0.0
pubmed_gcnii16,4,13,2,16,128,1.0,DENSE_XOR,130,0.9754356971153846,0.86572265625,0.99755859375,0,13,0.0
pubmed_gcnii16,4,13,3,16,128,1.0,DENSE_XOR,130,0.7894756610576923,0.62841796875,0.90185546875,0,13,0.0
pubmed_gcnii16,4,13,0,16,128,1.0,DENSE_XOR,130,0.6982046274038461,0.58984375,0.818359375,0,13,0.0
pubmed_gcnii16,4,13,1,16,128,1.0,DENSE_XOR,130,0.8790564903846154,0.8544921875,0.97119140625,0,13,0.0
pubmed_gcnii16,4,13,2,16,128,1.0,DENSE_XOR,130,1.0,1.0,1.0,0,13,0.0
pubmed_gcnii16,4,13,3,16,128,1.0,DENSE_XOR,130,0.8154672475961539,0.7255859375,0.89794921875,0,13,0.0
pubmed_gcnii16,4,13,0,16,128,1.0,DENSE_XOR,130,0.7817007211538461,0.74755859375,0.82177734375,0,13,0.0
pubmed_gcnii16,4,13,1,16,96,0.75,DENSE_XOR,130,0.7171474358974359,0.701171875,0.759765625,0,13,0.0
pubmed_gcnii16,4,13,2,16,80,0.625,DENSE_XOR,130,0.8771033653846152,0.72578125,0.928125,0,13,0.0
pubmed_gcnii16,4,13,3,16,116,0.90625,DENSE_XOR,130,0.6033239389920424,0.5339439655172413,0.6487068965517241,0,13,0.0
pubmed_gcnii16,4,13,0,16,128,1.0,DENSE_XOR,130,0.8125,0.7939453125,0.86083984375,0,13,0.0
pubmed_gcnii16,4,13,1,16,88,0.6875,DENSE_XOR,130,0.8149038461538461,0.7883522727272727,0.8487215909090909,0,13,0.0
pubmed_gcnii16,4,13,2,16,76,0.59375,DENSE_XOR,130,0.718496963562753,0.3939144736842105,0.8453947368421053,0,13,0.0
pubmed_gcnii16,4,13,3,16,124,0.96875,DENSE_XOR,130,0.45149658808933,0.3971774193548387,0.48336693548387094,0,13,0.0
pubmed_gcnii16,4,13,0,16,128,1.0,DENSE_XOR,130,0.8256084735576923,0.81005859375,0.84326171875,0,13,0.0
pubmed_gcnii16,4,13,1,16,60,0.46875,DENSE_XOR,130,0.7033653846153846,0.6770833333333334,0.7385416666666667,0,13,0.0
pubmed_gcnii16,4,13,2,16,98,0.765625,DENSE_XOR,130,0.5180533751962323,0.16964285714285715,0.6779336734693877,3,13,0.0
pubmed_gcnii16,4,13,3,16,0,0.0,FIXED_IDS,10,0.0,0.0,0.0,0,13,0.0
pubmed_gcnii16,4,13,0,16,128,1.0,DENSE_XOR,130,0.9018179086538461,0.88623046875,0.92333984375,0,13,0.0
pubmed_gcnii16,4,13,1,16,90,0.703125,DENSE_XOR,130,0.8923611111111112,0.8465277777777778,0.9243055555555556,0,13,0.0
pubmed_gcnii16,4,13,2,16,74,0.578125,DENSE_XOR,130,0.5272869022869023,0.20608108108108109,0.714527027027027,4,13,0.0
pubmed_gcnii16,4,13,3,16,0,0.0,FIXED_IDS,10,0.0,0.0,0.0,0,13,0.0
pubmed_gcnii16,4,13,0,16,128,1.0,DENSE_XOR,130,0.9662334735576923,0.93115234375,0.99658203125,0,13,0.0
pubmed_gcnii16,4,13,1,16,128,1.0,DENSE_XOR,130,0.9461388221153846,0.87646484375,0.98046875,0,13,0.0
pubmed_gcnii16,4,13,2,16,64,0.5,DENSE_XOR,130,0.8493088942307693,0.7548828125,0.9375,0,13,0.0
pubmed_gcnii16,4,13,3,16,78,0.609375,DENSE_XOR,130,0.6204388560157791,0.5328525641025641,0.7275641025641025,0,13,0.0
pubmed_gcnii16,4,13,0,16,128,1.0,DENSE_XOR,130,0.9911733774038461,0.97998046875,0.99609375,0,13,0.0
pubmed_gcnii16,4,13,1,16,122,0.953125,DENSE_XOR,130,0.9148013871374526,0.8212090163934426,0.9564549180327869,0,13,0.0
pubmed_gcnii16,4,13,2,16,0,0.0,FIXED_IDS,10,0.0,0.0,0.0,0,13,0.0
pubmed_gcnii16,4,13,3,16,0,0.0,FIXED_IDS,10,0.0,0.0,0.0,0,13,0.0
pubmed_gcnii16,4,13,0,16,128,1.0,DENSE_XOR,130,0.8968224158653846,0.83544921875,0.95849609375,0,13,0.0
pubmed_gcnii16,4,13,1,16,120,0.9375,DENSE_XOR,130,0.8821714743589743,0.8109375,0.9635416666666666,0,13,0.0
pubmed_gcnii16,4,13,2,16,80,0.625,DENSE_XOR,130,0.7325120192307693,0.56875,0.86328125,0,13,0.0
pubmed_gcnii16,4,13,3,16,118,0.921875,DENSE_XOR,130,0.49828878748370276,0.4168432203389831,0.5810381355932204,0,13,0.0
pubmed_gcnii16,4,13,0,16,128,1.0,DENSE_XOR,130,0.9071138822115384,0.8857421875,0.93310546875,0,13,0.0
pubmed_gcnii16,4,13,1,16,128,1.0,DENSE_XOR,130,0.9114708533653846,0.8173828125,0.97607421875,0,13,0.0
pubmed_gcnii16,4,13,2,16,59,0.4609375,DENSE_XOR,130,0.91248370273794,0.7891949152542372,0.9576271186440678,0,13,0.0
pubmed_gcnii16,4,13,3,16,76,0.59375,DENSE_XOR,130,0.6828188259109311,0.5731907894736842,0.7623355263157895,0,13,0.0
pubmed_gcnii16,4,13,0,16,128,1.0,DENSE_XOR,130,0.9892953725961539,0.97900390625,0.99560546875,0,13,0.0
pubmed_gcnii16,4,13,1,16,128,1.0,DENSE_XOR,130,0.88134765625,0.72998046875,0.9599609375,0,13,0.0
pubmed_gcnii16,4,13,2,16,0,0.0,FIXED_IDS,10,0.0,0.0,0.0,0,13,0.0
pubmed_gcnii16,4,13,3,16,0,0.0,FIXED_IDS,10,0.0,0.0,0.0,0,13,0.0
pubmed_gcnii16,4,13,0,16,128,1.0,DENSE_XOR,130,0.9453876201923077,0.92431640625,0.96533203125,0,13,0.0
pubmed_gcnii16,4,13,1,16,116,0.90625,DENSE_XOR,130,0.8895888594164455,0.7801724137931034,0.9445043103448276,0,13,0.0
pubmed_gcnii16,4,13,2,16,66,0.515625,DENSE_XOR,130,0.7251602564102565,0.5473484848484849,0.8494318181818182,0,13,0.0
pubmed_gcnii16,4,13,3,16,126,0.984375,DENSE_XOR,130,0.44131562881562886,0.4017857142857143,0.4722222222222222,0,13,0.0
pubmed_gcnii16,4,13,0,16,128,1.0,DENSE_XOR,130,0.9361853966346154,0.904296875,0.96337890625,0,13,0.0
pubmed_gcnii16,4,13,1,16,124,0.96875,DENSE_XOR,130,0.9271479528535982,0.8442540322580645,0.9727822580645161,0,13,0.0
pubmed_gcnii16,4,13,2,16,73,0.5703125,DENSE_XOR,130,0.8815200210748155,0.6857876712328768,0.9511986301369864,0,13,0.0
pubmed_gcnii16,4,13,3,16,86,0.671875,DENSE_XOR,130,0.6531194096601074,0.5138081395348837,0.7289244186046512,0,13,0.0
pubmed_gcnii16,4,13,0,16,128,1.0,DENSE_XOR,130,0.9761493389423077,0.9521484375,0.98974609375,0,13,0.0
pubmed_gcnii16,4,13,1,16,123,0.9609375,DENSE_XOR,130,0.9173702313946215,0.7972560975609756,0.9710365853658537,0,13,0.0
pubmed_gcnii16,4,13,2,16,54,0.421875,DENSE_XOR,130,0.8587962962962964,0.6319444444444444,0.9513888888888888,0,13,0.0
pubmed_gcnii16,4,13,3,16,124,0.96875,DENSE_XOR,130,0.4564981389578164,0.38356854838709675,0.5131048387096774,0,13,0.0
pubmed_gcnii16,4,13,0,16,128,1.0,DENSE_XOR,130,0.9243915264423077,0.89892578125,0.95166015625,0,13,0.0
pubmed_gcnii16,4,13,1,16,118,0.921875,DENSE_XOR,130,0.9066166883963495,0.795021186440678,0.9570974576271186,0,13,0.0
pubmed_gcnii16,4,13,2,16,84,0.65625,DENSE_XOR,130,0.8027701465201464,0.5610119047619048,0.9501488095238095,0,13,0.0
pubmed_gcnii16,4,13,3,16,126,0.984375,DENSE_XOR,130,0.5450625763125764,0.4677579365079365,0.6056547619047619,0,13,0.0
pubmed_gcnii16,4,13,0,16,128,1.0,DENSE_XOR,130,0.9759615384615384,0.95654296875,0.98681640625,0,13,0.0
pubmed_gcnii16,4,13,1,16,108,0.84375,DENSE_XOR,130,0.7232015669515669,0.6099537037037037,0.8003472222222222,0,13,0.0
pubmed_gcnii16,4,13,2,16,0,0.0,FIXED_IDS,10,0.0,0.0,0.0,0,13,0.0
pubmed_gcnii16,4,13,3,16,0,0.0,FIXED_IDS,10,0.0,0.0,0.0,0,13,0.0
pubmed_gcnii16,4,13,0,16,128,1.0,DENSE_XOR,130,0.9758488581730769,0.955078125,0.98681640625,0,13,0.0
pubmed_gcnii16,4,13,1,16,112,0.875,DENSE_XOR,130,0.8362809065934067,0.7360491071428571,0.8883928571428571,0,13,0.0
pubmed_gcnii16,4,13,2,16,0,0.0,FIXED_IDS,10,0.0,0.0,0.0,0,13,0.0
pubmed_gcnii16,4,13,3,16,0,0.0,FIXED_IDS,10,0.0,0.0,0.0,0,13,0.0
pubmed_gcnii16,4,13,0,16,128,1.0,DENSE_XOR,130,0.9878680889423077,0.97216796875,0.99609375,0,13,0.0
pubmed_gcnii16,4,13,1,16,120,0.9375,DENSE_XOR,130,0.7669471153846156,0.6270833333333333,0.8645833333333334,0,13,0.0
pubmed_gcnii16,4,13,2,16,0,0.0,FIXED_IDS,10,0.0,0.0,0.0,0,13,0.0
pubmed_gcnii16,4,13,3,16,0,0.0,FIXED_IDS,10,0.0,0.0,0.0,0,13,0.0
pubmed_gcnii16,4,13,0,16,128,1.0,DENSE_XOR,130,0.8894606370192307,0.86865234375,0.91455078125,0,13,0.0
pubmed_gcnii16,4,13,1,16,68,0.53125,DENSE_XOR,130,0.6701074660633484,0.5928308823529411,0.7352941176470589,0,13,0.0
pubmed_gcnii16,4,13,2,16,0,0.0,FIXED_IDS,10,0.0,0.0,0.0,0,13,0.0
pubmed_gcnii16,4,13,3,16,0,0.0,FIXED_IDS,10,0.0,0.0,0.0,0,13,0.0
pubmed_gcnii16,4,13,0,16,128,1.0,DENSE_XOR,130,0.9513596754807693,0.92138671875,0.978515625,0,13,0.0
pubmed_gcnii16,4,13,1,16,118,0.921875,DENSE_XOR,130,0.9260104302477183,0.8564618644067796,0.9634533898305084,0,13,0.0
pubmed_gcnii16,4,13,2,16,70,0.546875,DENSE_XOR,130,0.7503434065934067,0.43125,0.89375,0,13,0.0
pubmed_gcnii16,4,13,3,16,92,0.71875,DENSE_XOR,130,0.5269648829431438,0.38790760869565216,0.6290760869565217,0,13,0.0
pubmed_gcnii16,4,13,0,16,128,1.0,DENSE_XOR,130,0.8346980168269231,0.79638671875,0.87255859375,0,13,0.0
pubmed_gcnii16,4,13,1,16,124,0.96875,DENSE_XOR,130,0.8416563275434241,0.7777217741935484,0.9087701612903226,0,13,0.0
pubmed_gcnii16,4,13,2,16,112,0.875,DENSE_XOR,130,0.8849158653846152,0.7728794642857143,0.9481026785714286,0,13,0.0
pubmed_gcnii16,4,13,3,16,122,0.953125,DENSE_XOR,130,0.7207597730138714,0.6152663934426229,0.8027663934426229,0,13,0.0
pubmed_gcnii16,4,13,0,16,128,1.0,DENSE_XOR,130,0.9050105168269231,0.880859375,0.94287109375,0,13,0.0
pubmed_gcnii16,4,13,1,16,128,1.0,DENSE_XOR,130,0.9673227163461539,0.9482421875,0.99462890625,0,13,0.0
pubmed_gcnii16,4,13,2,16,58,0.453125,DENSE_XOR,130,0.9234913793103448,0.8674568965517241,0.9719827586206896,0,13,0.0
pubmed_gcnii16,4,13,3,16,68,0.53125,DENSE_XOR,130,0.7479496606334842,0.6599264705882353,0.8400735294117647,0,13,0.0
pubmed_gcnii16,4,13,0,16,128,1.0,DENSE_XOR,130,0.9489933894230769,0.9345703125,0.97314453125,0,13,0.0
pubmed_gcnii16,4,13,1,16,128,1.0,DENSE_XOR,130,0.9908728966346154,0.94091796875,0.99951171875,0,13,0.0
pubmed_gcnii16,4,13,2,16,0,0.0,FIXED_IDS,10,0.0,0.0,0.0,0,13,0.0
pubmed_gcnii16,4,13,3,16,0,0.0,FIXED_IDS,10,0.0,0.0,0.0,0,13,0.0
pubmed_gcnii16,4,13,0,16,128,1.0,DENSE_XOR,130,0.9512469951923077,0.93310546875,0.98046875,0,13,0.0
pubmed_gcnii16,4,13,1,16,128,1.0,DENSE_XOR,130,0.9963191105769231,0.9736328125,1.0,0,13,0.0
pubmed_gcnii16,4,13,2,16,46,0.359375,DENSE_XOR,130,0.7683946488294313,0.5203804347826086,0.8831521739130435,1,13,0.0
pubmed_gcnii16,4,13,3,16,0,0.0,FIXED_IDS,10,0.0,0.0,0.0,0,13,0.0
pubmed_gcnii16,4,13,0,16,128,1.0,DENSE_XOR,130,0.9723557692307693,0.9580078125,0.98681640625,0,13,0.0
pubmed_gcnii16,4,13,1,16,128,1.0,DENSE_XOR,130,0.9906099759615384,0.92822265625,1.0,0,13,0.0
pubmed_gcnii16,4,13,2,16,0,0.0,FIXED_IDS,10,0.0,0.0,0.0,0,13,0.0
pubmed_gcnii16,4,13,3,16,0,0.0,FIXED_IDS,10,0.0,0.0,0.0,0,13,0.0
pubmed_gcnii16,4,13,0,16,128,1.0,DENSE_XOR,130,0.9384014423076923,0.92138671875,0.9697265625,0,13,0.0
pubmed_gcnii16,4,13,1,16,122,0.953125,DENSE_XOR,130,0.96875,0.923155737704918,0.9774590163934426,0,13,0.0
pubmed_gcnii16,4,13,2,16,54,0.421875,DENSE_XOR,130,0.7963853276353277,0.5798611111111112,0.8935185185185185,0,13,0.0
pubmed_gcnii16,4,13,3,16,0,0.0,FIXED_IDS,10,0.0,0.0,0.0,0,13,0.0
pubmed_gcnii16,4,13,0,16,128,1.0,DENSE_XOR,130,0.9403545673076923,0.9130859375,0.98095703125,0,13,0.0
pubmed_gcnii16,4,13,1,16,127,0.9921875,DENSE_XOR,130,0.9706617201695943,0.9030511811023622,0.9960629921259843,0,13,0.0
pubmed_gcnii16,4,13,2,16,44,0.34375,DENSE_XOR,130,0.7894449300699301,0.6349431818181818,0.9204545454545454,0,13,0.0
pubmed_gcnii16,4,13,3,16,0,0.0,FIXED_IDS,10,0.0,0.0,0.0,0,13,0.0
pubmed_gcnii16,4,13,0,16,128,1.0,DENSE_XOR,130,0.9810697115384616,0.97705078125,0.9912109375,0,13,0.0
pubmed_gcnii16,4,13,1,16,128,1.0,DENSE_XOR,130,0.9385892427884616,0.81982421875,0.9814453125,0,13,0.0
pubmed_gcnii16,4,13,2,16,0,0.0,FIXED_IDS,10,0.0,0.0,0.0,0,13,0.0
pubmed_gcnii16,4,13,3,16,0,0.0,FIXED_IDS,10,0.0,0.0,0.0,0,13,0.0
pubmed_gcnii16,4,13,0,16,128,1.0,DENSE_XOR,130,0.9178185096153846,0.89501953125,0.94970703125,0,13,0.0
pubmed_gcnii16,4,13,1,16,128,1.0,DENSE_XOR,130,0.9870793269230769,0.97021484375,0.994140625,0,13,0.0
pubmed_gcnii16,4,13,2,16,0,0.0,FIXED_IDS,10,0.0,0.0,0.0,0,13,0.0
pubmed_gcnii16,4,13,3,16,0,0.0,FIXED_IDS,10,0.0,0.0,0.0,0,13,0.0
pubmed_gcnii16,4,13,0,16,128,1.0,DENSE_XOR,130,0.7961613581730769,0.71533203125,0.8916015625,0,13,0.0
pubmed_gcnii16,4,13,1,16,128,1.0,DENSE_XOR,130,0.9183819110576923,0.87060546875,0.984375,0,13,0.0
pubmed_gcnii16,4,13,2,16,104,0.8125,DENSE_XOR,130,0.9669933431952663,0.9152644230769231,0.9939903846153846,0,13,0.0
pubmed_gcnii16,4,13,3,16,104,0.8125,DENSE_XOR,130,0.7994175295857988,0.6935096153846154,0.8918269230769231,0,13,0.0
pubmed_gcnii16,4,13,0,16,128,1.0,DENSE_XOR,130,0.6688701923076923,0.5537109375,0.81201171875,0,13,0.0
pubmed_gcnii16,4,13,1,16,128,1.0,DENSE_XOR,130,0.8655724158653846,0.82861328125,0.97802734375,0,13,0.0
pubmed_gcnii16,4,13,2,16,128,1.0,DENSE_XOR,130,0.9947791466346154,0.95166015625,1.0,0,13,0.0
pubmed_gcnii16,4,13,3,16,128,1.0,DENSE_XOR,130,0.8057391826923077,0.703125,0.89208984375,0,13,0.0
pubmed_gcnii16,4,13,0,16,128,1.0,DENSE_XOR,130,0.7413987379807693,0.6552734375,0.85888671875,0,13,0.0
pubmed_gcnii16,4,13,1,16,128,1.0,DENSE_XOR,130,0.8880333533653846,0.86328125,0.98046875,0,13,0.0
pubmed_gcnii16,4,13,2,16,123,0.9609375,DENSE_XOR,130,0.9691213258286429,0.8871951219512195,0.9974593495934959,0,13,0.0
pubmed_gcnii16,4,13,3,16,126,0.984375,DENSE_XOR,130,0.7777777777777778,0.6572420634920635,0.8829365079365079,0,13,0.0
pubmed_gcnii16,4,13,0,16,128,1.0,DENSE_XOR,130,0.6707106370192307,0.5458984375,0.81298828125,0,13,0.0
pubmed_gcnii16,4,13,1,16,128,1.0,DENSE_XOR,130,0.8624924879807693,0.8330078125,0.97314453125,0,13,0.0
pubmed_gcnii16,4,13,2,16,128,1.0,DENSE_XOR,130,1.0,1.0,1.0,0,13,0.0
pubmed_gcnii16,4,13,3,16,128,1.0,DENSE_XOR,130,0.8173828125,0.71240234375,0.90185546875,0,13,0.0
pubmed_gcnii16,4,13,0,16,128,1.0,DENSE_XOR,130,0.8495342548076923,0.80126953125,0.90869140625,0,13,0.0
pubmed_gcnii16,4,13,1,16,106,0.828125,DENSE_XOR,130,0.81077648766328,0.7564858490566038,0.8891509433962265,0,13,0.0
pubmed_gcnii16,4,13,2,16,76,0.59375,DENSE_XOR,130,0.8577302631578946,0.7524671052631579,0.915296052631579,0,13,0.0
pubmed_gcnii16,4,13,3,16,122,0.953125,DENSE_XOR,130,0.5282944514501892,0.47489754098360654,0.5701844262295082,0,13,0.0
pubmed_gcnii16,4,13,0,16,128,1.0,DENSE_XOR,130,0.9770132211538461,0.9658203125,0.98779296875,0,13,0.0
pubmed_gcnii16,4,13,1,16,126,0.984375,DENSE_XOR,130,0.9260531135531134,0.8025793650793651,0.9712301587301587,0,13,0.0
pubmed_gcnii16,4,13,2,16,70,0.546875,DENSE_XOR,130,0.7528846153846154,0.4607142857142857,0.9178571428571428,0,13,0.0
pubmed_gcnii16,4,13,3,16,127,0.9921875,DENSE_XOR,130,0.46047849788007256,0.38041338582677164,0.5201771653543307,0,13,0.0
pubmed_gcnii16,4,13,0,16,128,1.0,DENSE_XOR,130,0.9261192908653846,0.90283203125,0.9482421875,0,13,0.0
pubmed_gcnii16,4,13,1,16,124,0.96875,DENSE_XOR,130,0.8272720223325063,0.7237903225806451,0.8976814516129032,0,13,0.0
pubmed_gcnii16,4,13,2,16,64,0.5,DENSE_XOR,130,0.8086688701923077,0.57421875,0.9345703125,0,13,0.0
pubmed_gcnii16,4,13,3,16,80,0.625,DENSE_XOR,130,0.5759014423076922,0.47734375,0.64765625,0,13,0.0
pubmed_gcnii16,4,13,0,16,128,1.0,DENSE_XOR,130,0.8695162259615384,0.83837890625,0.919921875,0,13,0.0
pubmed_gcnii16,4,13,1,16,128,1.0,DENSE_XOR,130,0.9418569711538461,0.89599609375,0.9921875,0,13,0.0
pubmed_gcnii16,4,13,2,16,63,0.4921875,DENSE_XOR,130,0.9516178266178266,0.8829365079365079,0.9831349206349206,0,13,0.0
pubmed_gcnii16,4,13,3,16,90,0.703125,DENSE_XOR,130,0.6356837606837608,0.5430555555555555,0.7520833333333333,0,13,0.0
pubmed_gcnii16,4,13,0,16,128,1.0,DENSE_XOR,130,0.7515399639423077,0.70166015625,0.79931640625,0,13,0.0
pubmed_gcnii16,4,13,1,16,122,0.953125,DENSE_XOR,130,0.7476355611601514,0.6987704918032787,0.8621926229508197,0,13,0.0
pubmed_gcnii16,4,13,2,16,82,0.640625,DENSE_XOR,130,0.928236397748593,0.8689024390243902,0.9626524390243902,0,13,0.0
pubmed_gcnii16,4,13,3,16,78,0.609375,DENSE_XOR,130,0.7489521696252464,0.655448717948718,0.842948717948718,0,13,0.0
pubmed_gcnii16,4,13,0,16,128,1.0,DENSE_XOR,130,0.7713341346153846,0.7216796875,0.828125,0,13,0.0
pubmed_gcnii16,4,13,1,16,119,0.9296875,DENSE_XOR,130,0.818560116354234,0.7352941176470589,0.9359243697478992,0,13,0.0
pubmed_gcnii16,4,13,2,16,80,0.625,DENSE_XOR,130,0.9249399038461539,0.85625,0.97109375,0,13,0.0
pubmed_gcnii16,4,13,3,16,118,0.921875,DENSE_XOR,130,0.5877607561929596,0.5185381355932204,0.6557203389830508,0,13,0.0
pubmed_gcnii16,4,13,0,16,0,0.0,FIXED_IDS,5,0.0,0.0,0.0,0,13,0.0
pubmed_gcnii16,4,13,1,16,0,0.0,FIXED_IDS,5,0.0,0.0,0.0,0,13,0.0
pubmed_gcnii16,4,13,2,16,0,0.0,FIXED_IDS,5,0.0,0.0,0.0,0,13,0.0
pubmed_gcnii16,4,13,3,16,0,0.0,FIXED_IDS,5,0.0,0.0,0.0,0,13,0.0
pubmed_gcnii16,4,13,0,32,128,1.0,DENSE_XOR,130,0.7122708834134616,0.685791015625,0.771484375,0,13,0.0
pubmed_gcnii16,4,13,1,32,116,0.90625,DENSE_XOR,130,0.7404053381962863,0.6791487068965517,0.7860991379310345,0,13,0.0
pubmed_gcnii16,4,13,0,32,128,1.0,DENSE_XOR,130,0.7108999399038461,0.6923828125,0.74853515625,0,13,0.0
pubmed_gcnii16,4,13,1,32,81,0.6328125,DENSE_XOR,130,0.7633547008547009,0.7010030864197531,0.8059413580246914,0,13,0.0
pubmed_gcnii16,4,13,0,32,128,1.0,DENSE_XOR,130,0.8046687199519231,0.782470703125,0.853759765625,0,13,0.0
pubmed_gcnii16,4,13,1,32,81,0.6328125,DENSE_XOR,130,0.7026353276353277,0.6180555555555556,0.7716049382716049,0,13,0.0
pubmed_gcnii16,4,13,0,32,128,1.0,DENSE_XOR,130,0.69775390625,0.668212890625,0.747802734375,0,13,0.0
pubmed_gcnii16,4,13,1,32,117,0.9140625,DENSE_XOR,130,0.7563897107166339,0.6786858974358975,0.8060897435897436,0,13,0.0
pubmed_gcnii16,4,13,0,32,128,1.0,DENSE_XOR,130,0.6329251802884616,0.59619140625,0.693359375,0,13,0.0
pubmed_gcnii16,4,13,1,32,81,0.6328125,DENSE_XOR,130,0.7647198480531814,0.6535493827160493,0.8310185185185185,0,13,0.0
pubmed_gcnii16,4,13,0,32,128,1.0,DENSE_XOR,130,0.7237642728365384,0.68798828125,0.7705078125,0,13,0.0
pubmed_gcnii16,4,13,1,32,81,0.6328125,DENSE_XOR,130,0.9023029439696107,0.8109567901234568,0.9452160493827161,0,13,0.0
pubmed_gcnii16,4,13,0,32,128,1.0,DENSE_XOR,130,0.58447265625,0.5546875,0.639892578125,0,13,0.0
pubmed_gcnii16,4,13,1,32,125,0.9765625,DENSE_XOR,130,0.769673076923077,0.685,0.8245,0,13,0.0
pubmed_gcnii16,4,13,0,32,128,1.0,DENSE_XOR,130,0.6783541165865384,0.655517578125,0.7236328125,0,13,0.0
pubmed_gcnii16,4,13,1,32,81,0.6328125,DENSE_XOR,130,0.9485398860398863,0.8931327160493827,0.9722222222222222,0,13,0.0
pubmed_gcnii16,4,13,0,32,128,1.0,DENSE_XOR,130,0.7181865985576923,0.68896484375,0.7626953125,0,13,0.0
pubmed_gcnii16,4,13,1,32,81,0.6328125,DENSE_XOR,130,0.8309591642924976,0.7345679012345679,0.8869598765432098,0,13,0.0
pubmed_gcnii16,4,13,0,32,128,1.0,DENSE_XOR,130,0.7587890625,0.734375,0.791259765625,0,13,0.0
pubmed_gcnii16,4,13,1,32,81,0.6328125,DENSE_XOR,130,0.7716642924976258,0.6477623456790124,0.8449074074074074,0,13,0.0
pubmed_gcnii16,4,13,0,32,128,1.0,DENSE_XOR,130,0.7784142127403846,0.75537109375,0.818359375,0,13,0.0
pubmed_gcnii16,4,13,1,32,81,0.6328125,DENSE_XOR,130,0.8011633428300093,0.7214506172839507,0.8522376543209876,0,13,0.0
pubmed_gcnii16,4,13,0,32,128,1.0,DENSE_XOR,130,0.8121995192307693,0.752197265625,0.901611328125,0,13,0.0
pubmed_gcnii16,4,13,1,32,81,0.6328125,DENSE_XOR,130,0.8520002374169041,0.7565586419753086,0.9224537037037037,0,13,0.0
pubmed_gcnii16,4,13,0,32,128,1.0,DENSE_XOR,130,0.8540790264423077,0.825439453125,0.926513671875,0,13,0.0
pubmed_gcnii16,4,13,1,32,107,0.8359375,DENSE_XOR,130,0.8844581236520489,0.8209696261682243,0.9307827102803738,0,13,0.0
pubmed_gcnii16,4,13,0,32,128,1.0,DENSE_XOR,130,0.7552020733173077,0.71533203125,0.853271484375,0,13,0.0
pubmed_gcnii16,4,13,1,32,107,0.8359375,DENSE_XOR,130,0.8789315240833931,0.8057827102803738,0.9325350467289719,0,13,0.0
pubmed_gcnii16,4,13,0,32,128,1.0,DENSE_XOR,130,0.626220703125,0.595703125,0.66845703125,0,13,0.0
pubmed_gcnii16,4,13,1,32,126,0.984375,DENSE_XOR,130,0.7743055555555556,0.7065972222222222,0.808531746031746,0,13,0.0
pubmed_gcnii16,4,13,0,32,128,1.0,DENSE_XOR,130,0.4963942307692308,0.4658203125,0.5693359375,0,13,0.0
pubmed_gcnii16,4,13,1,32,128,1.0,DENSE_XOR,130,0.7665827824519231,0.69189453125,0.812255859375,0,13,0.0
pubmed_gcnii16,4,13,0,32,128,1.0,DENSE_XOR,130,0.6041165865384616,0.580078125,0.652587890625,0,13,0.0
pubmed_gcnii16,4,13,1,32,128,1.0,DENSE_XOR,130,0.6065392127403846,0.463623046875,0.676025390625,0,13,0.0
pubmed_gcnii16,4,13,0,32,128,1.0,DENSE_XOR,130,0.44054236778846156,0.419677734375,0.472900390625,0,13,0.0
pubmed_gcnii16,4,13,1,32,126,0.984375,DENSE_XOR,130,0.5529990842490844,0.37450396825396826,0.6423611111111112,0,13,0.0
pubmed_gcnii16,4,13,0,32,128,1.0,DENSE_XOR,130,0.67333984375,0.645751953125,0.71826171875,0,13,0.0
pubmed_gcnii16,4,13,1,32,81,0.6328125,DENSE_XOR,130,0.7918150522317189,0.6527777777777778,0.8645833333333334,0,13,0.0
pubmed_gcnii16,4,13,0,32,128,1.0,DENSE_XOR,130,0.6447378305288461,0.61328125,0.6767578125,0,13,0.0
pubmed_gcnii16,4,13,1,32,121,0.9453125,DENSE_XOR,130,0.6829307056579783,0.5488119834710744,0.7484504132231405,0,13,0.0
pubmed_gcnii16,4,13,0,32,128,1.0,DENSE_XOR,130,0.7591083233173077,0.708984375,0.837646484375,0,13,0.0
pubmed_gcnii16,4,13,1,32,81,0.6328125,DENSE_XOR,130,0.695542497625831,0.6091820987654321,0.7561728395061729,0,13,0.0
pubmed_gcnii16,4,13,0,32,128,1.0,DENSE_XOR,130,0.6482121394230769,0.607177734375,0.70654296875,0,13,0.0
pubmed_gcnii16,4,13,1,32,127,0.9921875,DENSE_XOR,130,0.7152104784978801,0.577263779527559,0.7842027559055118,0,13,0.0
pubmed_gcnii16,4,13,0,32,128,1.0,DENSE_XOR,130,0.5614295372596154,0.54248046875,0.5908203125,0,13,0.0
pubmed_gcnii16,4,13,1,32,125,0.9765625,DENSE_XOR,130,0.6486153846153846,0.47925,0.72525,0,13,0.0
pubmed_gcnii16,4,13,0,32,128,1.0,DENSE_XOR,130,0.7959172175480769,0.775390625,0.81884765625,0,13,0.0
pubmed_gcnii16,4,13,1,32,81,0.6328125,DENSE_XOR,130,0.7070275403608737,0.5628858024691358,0.7881944444444444,0,13,0.0
pubmed_gcnii16,4,13,0,32,128,1.0,DENSE_XOR,130,0.6722130408653846,0.660888671875,0.69384765625,0,13,0.0
pubmed_gcnii16,4,13,1,32,126,0.984375,DENSE_XOR,130,0.579842032967033,0.4181547619047619,0.6612103174603174,0,13,0.0
pubmed_gcnii16,4,13,0,32,128,1.0,DENSE_XOR,130,0.7628643329326923,0.75146484375,0.77587890625,0,13,0.0
pubmed_gcnii16,4,13,1,32,81,0.6328125,DENSE_XOR,130,0.43215811965811973,0.32137345679012347,0.5154320987654321,0,13,0.0
pubmed_gcnii16,4,13,0,32,128,1.0,DENSE_XOR,130,0.7758037860576923,0.761474609375,0.7900390625,0,13,0.0
pubmed_gcnii16,4,13,1,32,81,0.6328125,DENSE_XOR,130,0.6533119658119658,0.5582561728395061,0.7218364197530864,0,13,0.0
pubmed_gcnii16,4,13,0,32,128,1.0,DENSE_XOR,130,0.7265625,0.707763671875,0.763671875,0,13,0.0
pubmed_gcnii16,4,13,1,32,81,0.6328125,DENSE_XOR,130,0.9320097340930674,0.7974537037037037,0.9776234567901234,0,13,0.0
pubmed_gcnii16,4,13,0,32,128,1.0,DENSE_XOR,130,0.41015625,0.390869140625,0.4345703125,0,13,0.0
pubmed_gcnii16,4,13,1,32,128,1.0,DENSE_XOR,130,0.7400090144230769,0.495849609375,0.829833984375,0,13,0.0
pubmed_gcnii16,4,13,0,32,128,1.0,DENSE_XOR,130,0.5539926382211539,0.53466796875,0.5693359375,0,13,0.0
pubmed_gcnii16,4,13,1,32,126,0.984375,DENSE_XOR,130,0.4913194444444444,0.31572420634920634,0.578125,0,13,0.0
pubmed_gcnii16,4,13,0,32,128,1.0,DENSE_XOR,130,0.7731557992788461,0.727783203125,0.83544921875,0,13,0.0
pubmed_gcnii16,4,13,1,32,124,0.96875,DENSE_XOR,130,0.7720804900744417,0.7051411290322581,0.8351814516129032,0,13,0.0
pubmed_gcnii16,4,13,0,32,128,1.0,DENSE_XOR,130,0.6932654747596154,0.65869140625,0.764404296875,0,13,0.0
pubmed_gcnii16,4,13,1,32,127,0.9921875,DENSE_XOR,130,0.7764044518473653,0.7071850393700787,0.8292322834645669,0,13,0.0
pubmed_gcnii16,4,13,0,32,128,1.0,DENSE_XOR,130,0.5527907151442307,0.535888671875,0.580078125,0,13,0.0
pubmed_gcnii16,4,13,1,32,128,1.0,DENSE_XOR,130,0.9538949819711539,0.84130859375,0.986572265625,0,13,0.0
pubmed_gcnii16,4,13,0,32,128,1.0,DENSE_XOR,130,0.7152944711538461,0.689453125,0.77392578125,0,13,0.0
pubmed_gcnii16,4,13,1,32,128,1.0,DENSE_XOR,130,0.8359750600961539,0.6630859375,0.913818359375,0,13,0.0
pubmed_gcnii16,4,13,0,32,128,1.0,DENSE_XOR,130,0.8221153846153846,0.800048828125,0.856689453125,0,13,0.0
pubmed_gcnii16,4,13,1,32,81,0.6328125,DENSE_XOR,130,0.6926638176638177,0.5802469135802469,0.7785493827160493,0,13,0.0
pubmed_gcnii16,4,13,0,32,128,1.0,DENSE_XOR,130,0.8785306490384616,0.838623046875,0.911376953125,0,13,0.0
pubmed_gcnii16,4,13,1,32,81,0.6328125,DENSE_XOR,130,0.3956255935422602,0.32098765432098764,0.4645061728395062,0,13,0.0
pubmed_gcnii16,4,13,0,32,128,1.0,DENSE_XOR,130,0.8686147836538461,0.84521484375,0.905029296875,0,13,0.0
pubmed_gcnii16,4,13,1,32,115,0.8984375,DENSE_XOR,130,0.8353260869565216,0.7491847826086957,0.8891304347826087,0,13,0.0
pubmed_gcnii16,4,13,0,32,128,1.0,DENSE_XOR,130,0.8142465444711539,0.76318359375,0.86474609375,0,13,0.0
pubmed_gcnii16,4,13,1,32,115,0.8984375,DENSE_XOR,130,0.7865593645484948,0.6440217391304348,0.8578804347826087,0,13,0.0
pubmed_gcnii16,4,13,0,32,128,1.0,DENSE_XOR,130,0.9271521935096154,0.88525390625,0.9541015625,0,13,0.0
pubmed_gcnii16,4,13,1,32,81,0.6328125,DENSE_XOR,130,0.5658535137701804,0.4783950617283951,0.6381172839506173,0,13,0.0
pubmed_gcnii16,4,13,0,32,128,1.0,DENSE_XOR,130,0.9330866887019231,0.89794921875,0.95947265625,0,13,0.0
pubmed_gcnii16,4,13,1,32,81,0.6328125,DENSE_XOR,130,0.5225842830009497,0.41435185185185186,0.6068672839506173,0,13,0.0
pubmed_gcnii16,4,13,0,32,128,1.0,DENSE_XOR,130,0.7109375,0.69140625,0.727783203125,0,13,0.0
pubmed_gcnii16,4,13,1,32,126,0.984375,DENSE_XOR,130,0.7920100732600732,0.7085813492063492,0.8430059523809523,0,13,0.0
pubmed_gcnii16,4,13,0,32,128,1.0,DENSE_XOR,130,0.515625,0.486328125,0.588623046875,0,13,0.0
pubmed_gcnii16,4,13,1,32,128,1.0,DENSE_XOR,130,0.8072228064903846,0.635498046875,0.874267578125,0,13,0.0
pubmed_gcnii16,4,13,0,32,128,1.0,DENSE_XOR,130,0.46700345552884615,0.436767578125,0.540283203125,0,13,0.0
pubmed_gcnii16,4,13,1,32,128,1.0,DENSE_XOR,130,0.8134765625,0.656005859375,0.87890625,0,13,0.0
pubmed_gcnii16,4,13,0,32,128,1.0,DENSE_XOR,130,0.8809157151442307,0.849365234375,0.90576171875,0,13,0.0
pubmed_gcnii16,4,13,1,32,81,0.6328125,DENSE_XOR,130,0.5940170940170939,0.41242283950617287,0.7179783950617284,0,13,0.0
pubmed_gcnii16,4,13,0,32,128,1.0,DENSE_XOR,130,0.937744140625,0.900146484375,0.96875,0,13,0.0
pubmed_gcnii16,4,13,1,32,81,0.6328125,DENSE_XOR,130,0.5062025166191834,0.439429012345679,0.5829475308641975,0,13,0.0
pubmed_gcnii16,4,13,0,32,128,1.0,DENSE_XOR,130,0.9045785757211539,0.83203125,0.953125,0,13,0.0
pubmed_gcnii16,4,13,1,32,81,0.6328125,DENSE_XOR,130,0.5289351851851852,0.42322530864197533,0.6041666666666666,0,13,0.0
pubmed_gcnii16,4,13,0,32,128,1.0,DENSE_XOR,130,0.9697829026442307,0.938232421875,0.98876953125,0,13,0.0
pubmed_gcnii16,4,13,1,32,74,0.578125,DENSE_XOR,130,0.38315358627858637,0.33572635135135137,0.44003378378378377,0,13,0.0
pubmed_gcnii16,4,13,0,32,128,1.0,DENSE_XOR,130,0.8308668870192307,0.815673828125,0.84619140625,0,13,0.0
pubmed_gcnii16,4,13,1,32,81,0.6328125,DENSE_XOR,130,0.5952338556505223,0.45717592592592593,0.6932870370370371,0,13,0.0
pubmed_gcnii16,4,13,0,32,128,1.0,DENSE_XOR,130,0.5195500300480769,0.49658203125,0.58740234375,0,13,0.0
pubmed_gcnii16,4,13,1,32,128,1.0,DENSE_XOR,130,0.5252403846153846,0.3408203125,0.61767578125,0,13,0.0
pubmed_gcnii16,4,13,0,32,128,1.0,DENSE_XOR,130,0.8195237379807693,0.81201171875,0.823486328125,0,13,0.0
pubmed_gcnii16,4,13,1,32,81,0.6328125,DENSE_XOR,130,0.5814933523266856,0.3966049382716049,0.6747685185185185,0,13,0.0
pubmed_gcnii16,4,13,0,32,128,1.0,DENSE_XOR,130,0.9116023137019231,0.89404296875,0.931640625,0,13,0.0
pubmed_gcnii16,4,13,1,32,81,0.6328125,DENSE_XOR,130,0.5454653371320038,0.4131944444444444,0.6639660493827161,0,13,0.0
pubmed_gcnii16,4,13,0,32,128,1.0,DENSE_XOR,130,0.8641451322115384,0.822021484375,0.88427734375,0,13,0.0
pubmed_gcnii16,4,13,1,32,81,0.6328125,DENSE_XOR,130,0.4154795821462488,0.3244598765432099,0.4984567901234568,0,13,0.0
pubmed_gcnii16,4,13,0,32,128,1.0,DENSE_XOR,130,0.8728590745192307,0.827880859375,0.90625,0,13,0.0
pubmed_gcnii16,4,13,1,32,81,0.6328125,DENSE_XOR,130,0.668951804368471,0.5559413580246914,0.7673611111111112,0,13,0.0
pubmed_gcnii16,4,13,0,32,128,1.0,DENSE_XOR,130,0.9139873798076923,0.884033203125,0.946044921875,0,13,0.0
pubmed_gcnii16,4,13,1,32,81,0.6328125,DENSE_XOR,130,0.6122388414055081,0.5528549382716049,0.6766975308641975,0,13,0.0
pubmed_gcnii16,4,13,0,32,128,1.0,DENSE_XOR,130,0.8743426983173077,0.837158203125,0.893310546875,0,13,0.0
pubmed_gcnii16,4,13,1,32,81,0.6328125,DENSE_XOR,130,0.4169337606837606,0.30439814814814814,0.4949845679012346,0,13,0.0
pubmed_gcnii16,4,13,0,32,128,1.0,DENSE_XOR,130,0.9812575120192307,0.954345703125,0.994873046875,0,13,0.0
pubmed_gcnii16,4,13,1,32,81,0.6328125,DENSE_XOR,130,0.39141144349477686,0.29822530864197533,0.5115740740740741,0,13,0.0
pubmed_gcnii16,4,13,0,32,128,1.0,DENSE_XOR,130,0.9211801382211539,0.864013671875,0.977294921875,0,13,0.0
pubmed_gcnii16,4,13,1,32,81,0.6328125,DENSE_XOR,130,0.758309591642925,0.6743827160493827,0.8341049382716049,0,13,0.0
pubmed_gcnii16,4,13,0,32,128,1.0,DENSE_XOR,130,0.9688814603365384,0.939453125,0.98828125,0,13,0.0
pubmed_gcnii16,4,13,1,32,81,0.6328125,DENSE_XOR,130,0.5730650522317189,0.4903549382716049,0.6743827160493827,0,13,0.0
pubmed_gcnii16,4,13,0,32,128,1.0,DENSE_XOR,130,0.9611628605769231,0.92041015625,0.989990234375,0,13,0.0
pubmed_gcnii16,4,13,1,32,77,0.6015625,DENSE_XOR,130,0.5703671328671329,0.5060876623376623,0.6554383116883117,0,13,0.0
pubmed_gcnii16,4,13,0,32,128,1.0,DENSE_XOR,130,0.9552283653846154,0.921142578125,0.983154296875,0,13,0.0
pubmed_gcnii16,4,13,1,32,78,0.609375,DENSE_XOR,130,0.4695204635108482,0.3697916666666667,0.5821314102564102,0,13,0.0
pubmed_gcnii16,4,13,0,32,128,1.0,DENSE_XOR,130,0.9637732872596154,0.916748046875,0.9873046875,0,13,0.0
pubmed_gcnii16,4,13,1,32,81,0.6328125,DENSE_XOR,130,0.49801163342830024,0.3931327160493827,0.5941358024691358,0,13,0.0
pubmed_gcnii16,4,13,0,32,128,1.0,DENSE_XOR,130,0.8493276742788461,0.812255859375,0.908935546875,0,13,0.0
pubmed_gcnii16,4,13,1,32,118,0.921875,DENSE_XOR,130,0.8296121251629726,0.7208686440677966,0.9028072033898306,0,13,0.0
pubmed_gcnii16,4,13,0,32,128,1.0,DENSE_XOR,130,0.8934232271634616,0.8564453125,0.935546875,0,13,0.0
pubmed_gcnii16,4,13,1,32,81,0.6328125,DENSE_XOR,130,0.8402777777777779,0.7249228395061729,0.9174382716049383,0,13,0.0
pubmed_gcnii16,4,13,0,32,128,1.0,DENSE_XOR,130,0.7853816105769231,0.73876953125,0.8759765625,0,13,0.0
pubmed_gcnii16,4,13,1,32,128,1.0,DENSE_XOR,130,0.87841796875,0.8125,0.923583984375,0,13,0.0
pubmed_gcnii16,4,13,0,32,128,1.0,DENSE_XOR,130,0.7448542668269231,0.7060546875,0.8359375,0,13,0.0
pubmed_gcnii16,4,13,1,32,127,0.9921875,DENSE_XOR,130,0.8539521502119926,0.7455708661417323,0.9251968503937008,0,13,0.0
pubmed_gcnii16,4,13,0,32,128,1.0,DENSE_XOR,130,0.9694448617788461,0.940673828125,0.98779296875,0,13,0.0
pubmed_gcnii16,4,13,1,32,64,0.5,DENSE_XOR,130,0.3616286057692308,0.271484375,0.4833984375,0,13,0.0
pubmed_gcnii16,4,13,0,32,128,1.0,DENSE_XOR,130,0.8687274639423077,0.835205078125,0.94140625,0,13,0.0
pubmed_gcnii16,4,13,1,32,81,0.6328125,DENSE_XOR,130,0.9174976258309591,0.8549382716049383,0.9637345679012346,0,13,0.0
pubmed_gcnii16,4,13,0,32,128,1.0,DENSE_XOR,130,0.8301908052884616,0.793701171875,0.91064453125,0,13,0.0
pubmed_gcnii16,4,13,1,32,128,1.0,DENSE_XOR,130,0.8338341346153846,0.72265625,0.8935546875,0,13,0.0
pubmed_gcnii16,4,13,0,32,128,1.0,DENSE_XOR,130,0.9111328125,0.85791015625,0.975341796875,0,13,0.0
pubmed_gcnii16,4,13,1,32,128,1.0,DENSE_XOR,130,0.8955641526442307,0.783935546875,0.95751953125,0,13,0.0
pubmed_gcnii16,4,13,0,32,128,1.0,DENSE_XOR,130,0.6753868689903846,0.630859375,0.78955078125,0,13,0.0
pubmed_gcnii16,4,13,1,32,128,1.0,DENSE_XOR,130,0.9379695012019231,0.878662109375,0.97412109375,0,13,0.0
pubmed_gcnii16,4,13,0,32,128,1.0,DENSE_XOR,130,0.7842360276442307,0.743408203125,0.836669921875,0,13,0.0
pubmed_gcnii16,4,13,1,32,81,0.6328125,DENSE_XOR,130,0.8564221272554605,0.7145061728395061,0.9309413580246914,0,13,0.0
pubmed_gcnii16,4,13,0,32,128,1.0,DENSE_XOR,130,0.48399939903846156,0.44677734375,0.5771484375,0,13,0.0
pubmed_gcnii16,4,13,1,32,128,1.0,DENSE_XOR,130,0.9393967848557693,0.824462890625,0.9765625,0,13,0.0
pubmed_gcnii16,4,13,0,32,128,1.0,DENSE_XOR,130,0.5347430889423077,0.509033203125,0.604736328125,0,13,0.0
pubmed_gcnii16,4,13,1,32,128,1.0,DENSE_XOR,130,0.8525766225961539,0.726806640625,0.90966796875,0,13,0.0
pubmed_gcnii16,4,13,0,32,128,1.0,DENSE_XOR,130,0.8253267728365384,0.81005859375,0.84326171875,0,13,0.0
pubmed_gcnii16,4,13,1,32,81,0.6328125,DENSE_XOR,130,0.7213912630579297,0.6091820987654321,0.8248456790123457,0,13,0.0
pubmed_gcnii16,4,13,0,32,128,1.0,DENSE_XOR,130,0.9777456430288461,0.927001953125,0.992919921875,0,13,0.0
pubmed_gcnii16,4,13,1,32,81,0.6328125,DENSE_XOR,130,0.2616037511870845,0.2056327160493827,0.3275462962962963,0,13,0.0
pubmed_gcnii16,4,13,0,32,128,1.0,DENSE_XOR,130,0.9229642427884616,0.855224609375,0.955810546875,0,13,0.0
pubmed_gcnii16,4,13,1,32,81,0.6328125,DENSE_XOR,130,0.45420821462488126,0.41010802469135804,0.4984567901234568,0,13,0.0
pubmed_gcnii16,4,13,0,32,128,1.0,DENSE_XOR,130,0.4925067608173077,0.42333984375,0.646484375,0,13,0.0
pubmed_gcnii16,4,13,1,32,128,1.0,DENSE_XOR,130,0.9886380709134616,0.96484375,0.99853515625,0,13,0.0
pubmed_gcnii16,4,13,0,32,128,1.0,DENSE_XOR,130,0.5273061899038461,0.49462890625,0.60546875,0,13,0.0
pubmed_gcnii16,4,13,1,32,127,0.9921875,DENSE_XOR,130,0.7873637189582072,0.6584645669291339,0.8503937007874016,0,13,0.0
pubmed_gcnii16,4,13,0,32,128,1.0,DENSE_XOR,130,0.5003568209134616,0.459228515625,0.599853515625,0,13,0.0
pubmed_gcnii16,4,13,1,32,128,1.0,DENSE_XOR,130,0.6972092848557693,0.51513671875,0.783447265625,0,13,0.0
pubmed_gcnii16,4,13,0,32,128,1.0,DENSE_XOR,130,0.5736177884615384,0.5576171875,0.619873046875,0,13,0.0
pubmed_gcnii16,4,13,1,32,125,0.9765625,DENSE_XOR,130,0.5546538461538462,0.336,0.66625,0,13,0.0
pubmed_gcnii16,4,13,0,32,128,1.0,DENSE_XOR,130,0.7130972055288461,0.70556640625,0.728271484375,0,13,0.0
pubmed_gcnii16,4,13,1,32,81,0.6328125,DENSE_XOR,130,0.8153193257359923,0.6724537037037037,0.8796296296296297,0,13,0.0
pubmed_gcnii16,4,13,0,32,128,1.0,DENSE_XOR,130,0.7260929987980769,0.6904296875,0.801513671875,0,13,0.0
pubmed_gcnii16,4,13,1,32,81,0.6328125,DENSE_XOR,130,0.8542853751187085,0.7511574074074074,0.9124228395061729,0,13,0.0
pubmed_gcnii16,4,13,0,32,128,1.0,DENSE_XOR,130,0.9090294471153846,0.86279296875,0.9482421875,0,13,0.0
pubmed_gcnii16,4,13,1,32,81,0.6328125,DENSE_XOR,130,0.7656991927825262,0.7071759259259259,0.8101851851851852,0,13,0.0
pubmed_gcnii16,4,13,0,32,128,1.0,DENSE_XOR,130,0.8699669471153846,0.814208984375,0.923583984375,0,13,0.0
pubmed_gcnii16,4,13,1,32,81,0.6328125,DENSE_XOR,130,0.8269824311490979,0.7469135802469136,0.8865740740740741,0,13,0.0
pubmed_gcnii16,4,13,0,32,128,1.0,DENSE_XOR,130,0.6868990384615384,0.676025390625,0.7177734375,0,13,0.0
pubmed_gcnii16,4,13,1,32,127,0.9921875,DENSE_XOR,130,0.7448705330102967,0.6198326771653543,0.8046259842519685,0,13,0.0
pubmed_gcnii16,4,13,0,32,128,1.0,DENSE_XOR,130,0.8655160757211539,0.8251953125,0.898681640625,0,13,0.0
pubmed_gcnii16,4,13,1,32,81,0.6328125,DENSE_XOR,130,0.7218660968660969,0.5551697530864198,0.8009259259259259,0,13,0.0
pubmed_gcnii16,4,13,0,32,128,1.0,DENSE_XOR,130,0.9336125300480769,0.8525390625,0.98193359375,0,13,0.0
pubmed_gcnii16,4,13,1,32,81,0.6328125,DENSE_XOR,130,0.6844729344729346,0.5432098765432098,0.7835648148148148,0,13,0.0
pubmed_gcnii16,4,13,0,32,128,1.0,DENSE_XOR,130,0.8521634615384616,0.802734375,0.87744140625,0,13,0.0
pubmed_gcnii16,4,13,1,32,81,0.6328125,DENSE_XOR,130,0.4622507122507123,0.34066358024691357,0.5555555555555556,0,13,0.0
pubmed_gcnii16,4,13,0,32,128,1.0,DENSE_XOR,130,0.7719163161057693,0.7578125,0.784912109375,0,13,0.0
pubmed_gcnii16,4,13,1,32,81,0.6328125,DENSE_XOR,130,0.608707264957265,0.3761574074074074,0.7260802469135802,0,13,0.0
pubmed_gcnii16,4,13,0,32,128,1.0,DENSE_XOR,130,0.9638484074519231,0.912109375,0.989990234375,0,13,0.0
pubmed_gcnii16,4,13,1,32,81,0.6328125,DENSE_XOR,130,0.28872863247863245,0.19405864197530864,0.38927469135802467,0,13,0.0
pubmed_gcnii16,4,13,0,32,128,1.0,DENSE_XOR,130,0.8810471754807693,0.859130859375,0.8916015625,0,13,0.0
pubmed_gcnii16,4,13,1,32,81,0.6328125,DENSE_XOR,130,0.48750593542260207,0.4089506172839506,0.5358796296296297,0,13,0.0
pubmed_gcnii16,4,13,0,32,128,1.0,DENSE_XOR,130,0.6284555288461539,0.59228515625,0.677001953125,0,13,0.0
pubmed_gcnii16,4,13,1,32,128,1.0,DENSE_XOR,130,0.6589918870192307,0.44140625,0.739013671875,0,13,0.0
pubmed_gcnii16,4,13,0,32,128,1.0,DENSE_XOR,130,0.73779296875,0.711669921875,0.785400390625,0,13,0.0
pubmed_gcnii16,4,13,1,32,128,1.0,DENSE_XOR,130,0.8255709134615384,0.7490234375,0.86279296875,0,13,0.0
pubmed_gcnii16,4,13,0,32,128,1.0,DENSE_XOR,130,0.7220740685096154,0.701904296875,0.76513671875,0,13,0.0
pubmed_gcnii16,4,13,1,32,81,0.6328125,DENSE_XOR,130,0.8783535137701803,0.7295524691358025,0.9459876543209876,0,13,0.0
pubmed_gcnii16,4,13,0,32,128,1.0,DENSE_XOR,130,0.6865422175480769,0.67138671875,0.706787109375,0,13,0.0
pubmed_gcnii16,4,13,1,32,81,0.6328125,DENSE_XOR,130,0.7643933998100665,0.6080246913580247,0.8341049382716049,0,13,0.0
pubmed_gcnii16,4,13,0,32,128,1.0,DENSE_XOR,130,0.8265662560096154,0.791748046875,0.868408203125,0,13,0.0
pubmed_gcnii16,4,13,1,32,81,0.6328125,DENSE_XOR,130,0.7806267806267807,0.5563271604938271,0.8773148148148148,0,13,0.0
pubmed_gcnii16,4,13,0,32,128,1.0,DENSE_XOR,130,0.6935283954326923,0.677734375,0.740234375,0,13,0.0
pubmed_gcnii16,4,13,1,32,128,1.0,DENSE_XOR,130,0.8333646334134616,0.7109375,0.889892578125,0,13,0.0
pubmed_gcnii16,4,13,0,32,128,1.0,DENSE_XOR,130,0.9462327223557693,0.906005859375,0.9716796875,0,13,0.0
pubmed_gcnii16,4,13,1,32,81,0.6328125,DENSE_XOR,130,0.4782763532763532,0.40007716049382713,0.5435956790123457,0,13,0.0
pubmed_gcnii16,4,13,0,32,128,1.0,DENSE_XOR,130,0.964111328125,0.92578125,0.98046875,0,13,0.0
pubmed_gcnii16,4,13,1,32,74,0.578125,DENSE_XOR,130,0.34115124740124736,0.2626689189189189,0.41300675675675674,0,13,0.0
pubmed_gcnii16,4,13,0,32,128,1.0,DENSE_XOR,130,0.9766751802884616,0.93359375,0.993408203125,0,13,0.0
pubmed_gcnii16,4,13,1,32,0,0.0,FIXED_IDS,10,0.0,0.0,0.0,0,13,0.0
pubmed_gcnii16,4,13,0,32,128,1.0,DENSE_XOR,130,0.9499887319711539,0.928466796875,0.97314453125,0,13,0.0
pubmed_gcnii16,4,13,1,32,81,0.6328125,DENSE_XOR,130,0.7575973409306743,0.595679012345679,0.876929012345679,0,13,0.0
pubmed_gcnii16,4,13,0,32,128,1.0,DENSE_XOR,130,0.9753793569711539,0.952880859375,0.990234375,0,13,0.0
pubmed_gcnii16,4,13,1,32,81,0.6328125,DENSE_XOR,130,0.456048195631529,0.375,0.5551697530864198,0,13,0.0
pubmed_gcnii16,4,13,0,32,128,1.0,DENSE_XOR,130,0.8003868689903846,0.791748046875,0.819580078125,0,13,0.0
pubmed_gcnii16,4,13,1,32,81,0.6328125,DENSE_XOR,130,0.8331849477682811,0.7110339506172839,0.9004629629629629,0,13,0.0
pubmed_gcnii16,4,13,0,32,128,1.0,DENSE_XOR,130,0.9572941706730769,0.9365234375,0.976806640625,0,13,0.0
pubmed_gcnii16,4,13,1,32,81,0.6328125,DENSE_XOR,130,0.5795049857549858,0.5235339506172839,0.6516203703703703,0,13,0.0
pubmed_gcnii16,4,13,0,32,128,1.0,DENSE_XOR,130,0.967529296875,0.934326171875,0.98583984375,0,13,0.0
pubmed_gcnii16,4,13,1,32,73,0.5703125,DENSE_XOR,130,0.38227739726027404,0.2880993150684932,0.4554794520547945,0,13,0.0
pubmed_gcnii16,4,13,0,32,128,1.0,DENSE_XOR,130,0.8434682992788461,0.826171875,0.86376953125,0,13,0.0
pubmed_gcnii16,4,13,1,32,81,0.6328125,DENSE_XOR,130,0.6900819088319087,0.5289351851851852,0.7835648148148148,0,13,0.0
pubmed_gcnii16,4,13,0,32,128,1.0,DENSE_XOR,130,0.9248985877403846,0.874267578125,0.953369140625,0,13,0.0
pubmed_gcnii16,4,13,1,32,81,0.6328125,DENSE_XOR,130,0.42280982905982906,0.3283179012345679,0.49382716049382713,0,13,0.0
pubmed_gcnii16,4,13,0,32,128,1.0,DENSE_XOR,130,0.9704214242788461,0.93896484375,0.988525390625,0,13,0.0
pubmed_gcnii16,4,13,1,32,71,0.5546875,DENSE_XOR,130,0.381466684723727,0.29577464788732394,0.48899647887323944,0,13,0.0
pubmed_gcnii16,4,13,0,32,128,1.0,DENSE_XOR,130,0.9559420072115384,0.935546875,0.977294921875,0,13,0.0
pubmed_gcnii16,4,13,1,32,80,0.625,DENSE_XOR,130,0.5172175480769231,0.431640625,0.622265625,0,13,0.0
pubmed_gcnii16,4,13,0,32,128,1.0,DENSE_XOR,130,0.9671349158653846,0.9375,0.98876953125,0,13,0.0
pubmed_gcnii16,4,13,1,32,81,0.6328125,DENSE_XOR,130,0.8782348053181386,0.7291666666666666,0.9467592592592593,0,13,0.0
pubmed_gcnii16,4,13,0,32,128,1.0,DENSE_XOR,130,0.8203125,0.786376953125,0.88525390625,0,13,0.0
pubmed_gcnii16,4,13,1,32,121,0.9453125,DENSE_XOR,130,0.7459869675778765,0.6696797520661157,0.8055268595041323,0,13,0.0
pubmed_gcnii16,4,13,0,32,128,1.0,DENSE_XOR,130,0.8910757211538461,0.859375,0.951904296875,0,13,0.0
pubmed_gcnii16,4,13,1,32,127,0.9921875,DENSE_XOR,130,0.7833509993943065,0.5994094488188977,0.890501968503937,0,13,0.0
pubmed_gcnii16,4,13,0,32,128,1.0,DENSE_XOR,130,0.842529296875,0.78466796875,0.938232421875,0,13,0.0
pubmed_gcnii16,4,13,1,32,128,1.0,DENSE_XOR,130,0.9061373197115384,0.815673828125,0.962158203125,0,13,0.0
pubmed_gcnii16,4,13,0,32,128,1.0,DENSE_XOR,130,0.8015887920673077,0.746337890625,0.907470703125,0,13,0.0
pubmed_gcnii16,4,13,1,32,128,1.0,DENSE_XOR,130,0.9227201021634616,0.854736328125,0.968994140625,0,13,0.0
pubmed_gcnii16,4,13,0,32,128,1.0,DENSE_XOR,130,0.864990234375,0.82568359375,0.935302734375,0,13,0.0
pubmed_gcnii16,4,13,1,32,116,0.90625,DENSE_XOR,130,0.8381755636604774,0.7462284482758621,0.9065193965517241,0,13,0.0
pubmed_gcnii16,4,13,0,32,128,1.0,DENSE_XOR,130,0.8666240985576923,0.83447265625,0.93017578125,0,13,0.0
pubmed_gcnii16,4,13,1,32,128,1.0,DENSE_XOR,130,0.8987192007211539,0.753662109375,0.964599609375,0,13,0.0
pubmed_gcnii16,4,13,0,32,128,1.0,DENSE_XOR,130,0.7620004507211539,0.712890625,0.8720703125,0,13,0.0
pubmed_gcnii16,4,13,1,32,128,1.0,DENSE_XOR,130,0.9343637319711539,0.877197265625,0.974609375,0,13,0.0
pubmed_gcnii16,4,13,0,32,128,1.0,DENSE_XOR,130,0.6701472355769231,0.65185546875,0.70361328125,0,13,0.0
pubmed_gcnii16,4,13,1,32,81,0.6328125,DENSE_XOR,130,0.8177231718898385,0.6886574074074074,0.8757716049382716,0,13,0.0
pubmed_gcnii16,4,13,0,32,128,1.0,DENSE_XOR,130,0.6969463641826923,0.68701171875,0.717529296875,0,13,0.0
pubmed_gcnii16,4,13,1,32,81,0.6328125,DENSE_XOR,130,0.6186787749287751,0.42901234567901236,0.7114197530864198,0,13,0.0
pubmed_gcnii16,4,13,0,32,128,1.0,DENSE_XOR,130,0.5945199819711539,0.57958984375,0.60888671875,0,13,0.0
pubmed_gcnii16,4,13,1,32,81,0.6328125,DENSE_XOR,130,0.48462725546058877,0.27391975308641975,0.5814043209876543,0,13,0.0
pubmed_gcnii16,4,13,0,32,128,1.0,DENSE_XOR,130,0.7781512920673077,0.75537109375,0.8056640625,0,13,0.0
pubmed_gcnii16,4,13,1,32,81,0.6328125,DENSE_XOR,130,0.44117996201329535,0.2673611111111111,0.5625,0,13,0.0
pubmed_gcnii16,4,13,0,32,128,1.0,DENSE_XOR,130,0.9521484375,0.912109375,0.984375,0,13,0.0
pubmed_gcnii16,4,13,1,32,81,0.6328125,DENSE_XOR,130,0.661235754985755,0.5698302469135802,0.7511574074074074,0,13,0.0
pubmed_gcnii16,4,13,0,32,128,1.0,DENSE_XOR,130,0.9368426983173077,0.88623046875,0.96044921875,0,13,0.0
pubmed_gcnii16,4,13,1,32,81,0.6328125,DENSE_XOR,130,0.3451151471984805,0.22955246913580246,0.45794753086419754,0,13,0.0
pubmed_gcnii16,4,13,0,32,128,1.0,DENSE_XOR,130,0.8600698617788461,0.799072265625,0.934814453125,0,13,0.0
pubmed_gcnii16,4,13,1,32,81,0.6328125,DENSE_XOR,130,0.6725724121557455,0.5478395061728395,0.7889660493827161,0,13,0.0
pubmed_gcnii16,4,13,0,32,128,1.0,DENSE_XOR,130,0.906494140625,0.853759765625,0.952880859375,0,13,0.0
pubmed_gcnii16,4,13,1,32,81,0.6328125,DENSE_XOR,130,0.6854226020892686,0.5794753086419753,0.7418981481481481,0,13,0.0
pubmed_gcnii16,4,13,0,32,128,1.0,DENSE_XOR,130,0.9349459134615384,0.8544921875,0.977783203125,0,13,0.0
pubmed_gcnii16,4,13,1,32,81,0.6328125,DENSE_XOR,130,0.39147079772079774,0.3136574074074074,0.4486882716049383,0,13,0.0
pubmed_gcnii16,4,13,0,32,128,1.0,DENSE_XOR,130,0.87841796875,0.8193359375,0.915283203125,0,13,0.0
pubmed_gcnii16,4,13,1,32,81,0.6328125,DENSE_XOR,130,0.5805436847103513,0.4810956790123457,0.6655092592592593,0,13,0.0
pubmed_gcnii16,4,13,0,32,128,1.0,DENSE_XOR,130,0.9158278245192307,0.87109375,0.953857421875,0,13,0.0
pubmed_gcnii16,4,13,1,32,81,0.6328125,DENSE_XOR,130,0.7506232193732194,0.5848765432098766,0.8279320987654321,0,13,0.0
pubmed_gcnii16,4,13,0,32,128,1.0,DENSE_XOR,130,0.9293870192307693,0.860595703125,0.964111328125,0,13,0.0
pubmed_gcnii16,4,13,1,32,81,0.6328125,DENSE_XOR,130,0.589357787274454,0.45447530864197533,0.6612654320987654,0,13,0.0
pubmed_gcnii16,4,13,0,32,128,1.0,DENSE_XOR,130,0.8838078425480769,0.8212890625,0.923583984375,0,13,0.0
pubmed_gcnii16,4,13,1,32,81,0.6328125,DENSE_XOR,130,0.762968898385565,0.5810185185185185,0.8753858024691358,0,13,0.0
pubmed_gcnii16,4,13,0,32,128,1.0,DENSE_XOR,130,0.8063025841346154,0.748779296875,0.84033203125,0,13,0.0
pubmed_gcnii16,4,13,1,32,81,0.6328125,DENSE_XOR,130,0.36749169040835705,0.24228395061728394,0.4533179012345679,0,13,0.0
pubmed_gcnii16,4,13,0,32,128,1.0,DENSE_XOR,130,0.8658916766826923,0.814453125,0.8935546875,0,13,0.0
pubmed_gcnii16,4,13,1,32,81,0.6328125,DENSE_XOR,130,0.32318376068376065,0.2357253086419753,0.3966049382716049,0,13,0.0
pubmed_gcnii16,4,13,0,32,128,1.0,DENSE_XOR,130,0.8596379206730769,0.7861328125,0.91064453125,0,13,0.0
pubmed_gcnii16,4,13,1,32,81,0.6328125,DENSE_XOR,130,0.3737832383665716,0.24459876543209877,0.47415123456790126,0,13,0.0
pubmed_gcnii16,4,13,0,32,128,1.0,DENSE_XOR,130,0.6437612680288461,0.62158203125,0.669921875,0,13,0.0
pubmed_gcnii16,4,13,1,32,81,0.6328125,DENSE_XOR,130,0.3785018993352327,0.24498456790123457,0.46103395061728397,0,13,0.0
pubmed_gcnii16,4,13,0,32,128,1.0,DENSE_XOR,130,0.905517578125,0.8583984375,0.93896484375,0,13,0.0
pubmed_gcnii16,4,13,1,32,81,0.6328125,DENSE_XOR,130,0.620014245014245,0.3923611111111111,0.75,0,13,0.0
pubmed_gcnii16,4,13,0,32,128,1.0,DENSE_XOR,130,0.8150728665865384,0.785400390625,0.871826171875,0,13,0.0
pubmed_gcnii16,4,13,1,32,128,1.0,DENSE_XOR,130,0.7559344951923077,0.650390625,0.826416015625,0,13,0.0
pubmed_gcnii16,4,13,0,32,128,1.0,DENSE_XOR,130,0.9398475060096154,0.923095703125,0.9697265625,0,13,0.0
pubmed_gcnii16,4,13,1,32,74,0.578125,DENSE_XOR,130,0.7300545738045738,0.6528716216216216,0.8048986486486487,0,13,0.0
pubmed_gcnii16,4,13,0,32,128,1.0,DENSE_XOR,130,0.9805814302884616,0.95068359375,0.99267578125,0,13,0.0
pubmed_gcnii16,4,13,1,32,0,0.0,FIXED_IDS,10,0.0,0.0,0.0,0,13,0.0
pubmed_gcnii16,4,13,0,32,128,1.0,DENSE_XOR,130,0.9811636117788461,0.960205078125,0.9951171875,0,13,0.0
pubmed_gcnii16,4,13,1,32,81,0.6328125,DENSE_XOR,130,0.4632894112060779,0.3159722222222222,0.5806327160493827,0,13,0.0
pubmed_gcnii16,4,13,0,32,128,1.0,DENSE_XOR,130,0.9895395132211539,0.9560546875,0.996826171875,0,13,0.0
pubmed_gcnii16,4,13,1,32,71,0.5546875,DENSE_XOR,130,0.3064057421451788,0.1835387323943662,0.429137323943662,1,13,0.0
pubmed_gcnii16,4,13,0,32,128,1.0,DENSE_XOR,130,0.9403357872596154,0.908935546875,0.95849609375,0,13,0.0
pubmed_gcnii16,4,13,1,32,81,0.6328125,DENSE_XOR,130,0.5158772554605888,0.3900462962962963,0.6030092592592593,0,13,0.0
pubmed_gcnii16,4,13,0,32,128,1.0,DENSE_XOR,130,0.9578763521634616,0.907470703125,0.989501953125,0,13,0.0
pubmed_gcnii16,4,13,1,32,72,0.5625,DENSE_XOR,130,0.5077457264957265,0.4071180555555556,0.6111111111111112,0,13,0.0
pubmed_gcnii16,4,13,0,32,128,1.0,DENSE_XOR,130,0.9657451923076923,0.90625,0.98876953125,0,13,0.0
pubmed_gcnii16,4,13,1,32,81,0.6328125,DENSE_XOR,130,0.2975130579297246,0.19945987654320987,0.38503086419753085,0,13,0.0
pubmed_gcnii16,4,13,0,32,128,1.0,DENSE_XOR,130,0.9588904747596154,0.94140625,0.977294921875,0,13,0.0
pubmed_gcnii16,4,13,1,32,65,0.5078125,DENSE_XOR,130,0.4143860946745563,0.30865384615384617,0.5442307692307692,0,13,0.0
pubmed_gcnii16,4,13,0,32,128,1.0,DENSE_XOR,130,0.8416654146634616,0.7958984375,0.926025390625,0,13,0.0
pubmed_gcnii16,4,13,1,32,115,0.8984375,DENSE_XOR,130,0.8340301003344479,0.7516304347826087,0.8902173913043478,0,13,0.0
pubmed_gcnii16,4,13,0,32,128,1.0,DENSE_XOR,130,0.7384502704326923,0.682861328125,0.869384765625,0,13,0.0
pubmed_gcnii16,4,13,1,32,128,1.0,DENSE_XOR,130,0.9290301983173077,0.84619140625,0.974609375,0,13,0.0
pubmed_gcnii16,4,13,0,32,128,1.0,DENSE_XOR,130,0.7930438701923077,0.748291015625,0.902099609375,0,13,0.0
pubmed_gcnii16,4,13,1,32,127,0.9921875,DENSE_XOR,130,0.8801673228346456,0.7706692913385826,0.9498031496062992,0,13,0.0
pubmed_gcnii16,4,13,0,32,128,1.0,DENSE_XOR,130,0.7381685697115384,0.6796875,0.87255859375,0,13,0.0
pubmed_gcnii16,4,13,1,32,128,1.0,DENSE_XOR,130,0.9371243990384616,0.876953125,0.97802734375,0,13,0.0
pubmed_gcnii16,4,13,0,32,128,1.0,DENSE_XOR,130,0.7622821514423077,0.725341796875,0.825927734375,0,13,0.0
pubmed_gcnii16,4,13,1,32,81,0.6328125,DENSE_XOR,130,0.7578347578347577,0.6670524691358025,0.8236882716049383,0,13,0.0
pubmed_gcnii16,4,13,0,32,128,1.0,DENSE_XOR,130,0.9442983774038461,0.878173828125,0.973388671875,0,13,0.0
pubmed_gcnii16,4,13,1,32,81,0.6328125,DENSE_XOR,130,0.6256528964862298,0.43287037037037035,0.7457561728395061,0,13,0.0
pubmed_gcnii16,4,13,0,32,128,1.0,DENSE_XOR,130,0.8617412860576923,0.806640625,0.90771484375,0,13,0.0
pubmed_gcnii16,4,13,1,32,81,0.6328125,DENSE_XOR,130,0.6316179962013296,0.47685185185185186,0.7291666666666666,0,13,0.0
pubmed_gcnii16,4,13,0,32,128,1.0,DENSE_XOR,130,0.9007098858173077,0.8759765625,0.9521484375,0,13,0.0
pubmed_gcnii16,4,13,1,32,81,0.6328125,DENSE_XOR,130,0.7366749762583097,0.6485339506172839,0.8082561728395061,0,13,0.0
pubmed_gcnii16,4,13,0,32,128,1.0,DENSE_XOR,130,0.7181678185096154,0.68017578125,0.797607421875,0,13,0.0
pubmed_gcnii16,4,13,1,32,81,0.6328125,DENSE_XOR,130,0.862832383665717,0.7750771604938271,0.9263117283950617,0,13,0.0
pubmed_gcnii16,4,13,0,32,128,1.0,DENSE_XOR,130,0.7570425180288461,0.7197265625,0.84375,0,13,0.0
pubmed_gcnii16,4,13,1,32,81,0.6328125,DENSE_XOR,130,0.8523563627730293,0.7642746913580247,0.9193672839506173,0,13,0.0
pubmed_gcnii16,4,13,0,32,0,0.0,FIXED_IDS,5,0.0,0.0,0.0,0,13,0.0
pubmed_gcnii16,4,13,1,32,0,0.0,FIXED_IDS,5,0.0,0.0,0.0,0,13,0.0
cora_deepres28_w128,4,13,0,4,0,0.0,FIXED_IDS,10,0.0,0.0,0.0,0,13,0.0
cora_deepres28_w128,4,13,1,4,0,0.0,FIXED_IDS,10,0.0,0.0,0.0,0,13,0.0
cora_deepres28_w128,4,13,2,4,0,0.0,FIXED_IDS,10,0.0,0.0,0.0,0,13,0.0
cora_deepres28_w128,4,13,3,4,0,0.0,FIXED_IDS,10,0.0,0.0,0.0,0,13,0.0
cora_deepres28_w128,4,13,4,4,0,0.0,FIXED_IDS,10,0.0,0.0,0.0,0,13,0.0
cora_deepres28_w128,4,13,5,4,0,0.0,FIXED_IDS,10,0.0,0.0,0.0,0,13,0.0
cora_deepres28_w128,4,13,6,4,0,0.0,FIXED_IDS,10,0.0,0.0,0.0,0,13,0.0
cora_deepres28_w128,4,13,7,4,0,0.0,FIXED_IDS,10,0.0,0.0,0.0,0,13,0.0
cora_deepres28_w128,4,13,8,4,0,0.0,FIXED_IDS,10,0.0,0.0,0.0,0,13,0.0
cora_deepres28_w128,4,13,9,4,0,0.0,FIXED_IDS,10,0.0,0.0,0.0,0,13,0.0
cora_deepres28_w128,4,13,10,4,0,0.0,FIXED_IDS,10,0.0,0.0,0.0,0,13,0.0
cora_deepres28_w128,4,13,11,4,0,0.0,FIXED_IDS,10,0.0,0.0,0.0,0,13,0.0
cora_deepres28_w128,4,13,12,4,0,0.0,FIXED_IDS,10,0.0,0.0,0.0,0,13,0.0
cora_deepres28_w128,4,13,13,4,0,0.0,FIXED_IDS,10,0.0,0.0,0.0,0,13,0.0
cora_deepres28_w128,4,13,14,4,0,0.0,FIXED_IDS,10,0.0,0.0,0.0,0,13,0.0
cora_deepres28_w128,4,13,15,4,0,0.0,FIXED_IDS,10,0.0,0.0,0.0,0,13,0.0
cora_deepres28_w128,4,13,16,4,0,0.0,FIXED_IDS,10,0.0,0.0,0.0,0,13,0.0
cora_deepres28_w128,4,13,17,4,0,0.0,FIXED_IDS,10,0.0,0.0,0.0,0,13,0.0
cora_deepres28_w128,4,13,18,4,0,0.0,FIXED_IDS,10,0.0,0.0,0.0,0,13,0.0
cora_deepres28_w128,4,13,19,4,0,0.0,FIXED_IDS,10,0.0,0.0,0.0,0,13,0.0
cora_deepres28_w128,4,13,20,4,0,0.0,FIXED_IDS,10,0.0,0.0,0.0,0,13,0.0
cora_deepres28_w128,4,13,21,4,0,0.0,FIXED_IDS,10,0.0,0.0,0.0,0,13,0.0
cora_deepres28_w128,4,13,22,4,0,0.0,FIXED_IDS,10,0.0,0.0,0.0,0,13,0.0
cora_deepres28_w128,4,13,23,4,0,0.0,FIXED_IDS,10,0.0,0.0,0.0,0,13,0.0
cora_deepres28_w128,4,13,24,4,0,0.0,FIXED_IDS,10,0.0,0.0,0.0,0,13,0.0
cora_deepres28_w128,4,13,25,4,0,0.0,FIXED_IDS,10,0.0,0.0,0.0,0,13,0.0
cora_deepres28_w128,4,13,26,4,0,0.0,FIXED_IDS,10,0.0,0.0,0.0,0,13,0.0
cora_deepres28_w128,4,13,27,4,0,0.0,FIXED_IDS,10,0.0,0.0,0.0,0,13,0.0
cora_deepres28_w128,4,13,28,4,0,0.0,FIXED_IDS,10,0.0,0.0,0.0,0,13,0.0
cora_deepres28_w128,4,13,29,4,0,0.0,FIXED_IDS,10,0.0,0.0,0.0,0,13,0.0
cora_deepres28_w128,4,13,30,4,0,0.0,FIXED_IDS,10,0.0,0.0,0.0,0,13,0.0
cora_deepres28_w128,4,13,31,4,0,0.0,FIXED_IDS,10,0.0,0.0,0.0,0,13,0.0
cora_deepres28_w128,4,13,0,4,0,0.0,FIXED_IDS,10,0.0,0.0,0.0,0,13,0.0
cora_deepres28_w128,4,13,1,4,0,0.0,FIXED_IDS,10,0.0,0.0,0.0,0,13,0.0
cora_deepres28_w128,4,13,2,4,0,0.0,FIXED_IDS,10,0.0,0.0,0.0,0,13,0.0
cora_deepres28_w128,4,13,3,4,0,0.0,FIXED_IDS,10,0.0,0.0,0.0,0,13,0.0
cora_deepres28_w128,4,13,4,4,0,0.0,FIXED_IDS,10,0.0,0.0,0.0,0,13,0.0
cora_deepres28_w128,4,13,5,4,0,0.0,FIXED_IDS,10,0.0,0.0,0.0,0,13,0.0
cora_deepres28_w128,4,13,6,4,0,0.0,FIXED_IDS,10,0.0,0.0,0.0,0,13,0.0
cora_deepres28_w128,4,13,7,4,0,0.0,FIXED_IDS,10,0.0,0.0,0.0,0,13,0.0
cora_deepres28_w128,4,13,8,4,0,0.0,FIXED_IDS,10,0.0,0.0,0.0,0,13,0.0
cora_deepres28_w128,4,13,9,4,0,0.0,FIXED_IDS,10,0.0,0.0,0.0,0,13,0.0
cora_deepres28_w128,4,13,10,4,0,0.0,FIXED_IDS,10,0.0,0.0,0.0,0,13,0.0
cora_deepres28_w128,4,13,11,4,0,0.0,FIXED_IDS,10,0.0,0.0,0.0,0,13,0.0
cora_deepres28_w128,4,13,12,4,0,0.0,FIXED_IDS,10,0.0,0.0,0.0,0,13,0.0
cora_deepres28_w128,4,13,13,4,0,0.0,FIXED_IDS,10,0.0,0.0,0.0,0,13,0.0
cora_deepres28_w128,4,13,14,4,0,0.0,FIXED_IDS,10,0.0,0.0,0.0,0,13,0.0
cora_deepres28_w128,4,13,15,4,0,0.0,FIXED_IDS,10,0.0,0.0,0.0,0,13,0.0
cora_deepres28_w128,4,13,16,4,0,0.0,FIXED_IDS,10,0.0,0.0,0.0,0,13,0.0
cora_deepres28_w128,4,13,17,4,0,0.0,FIXED_IDS,10,0.0,0.0,0.0,0,13,0.0
cora_deepres28_w128,4,13,18,4,0,0.0,FIXED_IDS,10,0.0,0.0,0.0,0,13,0.0
cora_deepres28_w128,4,13,19,4,0,0.0,FIXED_IDS,10,0.0,0.0,0.0,0,13,0.0
cora_deepres28_w128,4,13,20,4,0,0.0,FIXED_IDS,10,0.0,0.0,0.0,0,13,0.0
cora_deepres28_w128,4,13,21,4,0,0.0,FIXED_IDS,10,0.0,0.0,0.0,0,13,0.0
cora_deepres28_w128,4,13,22,4,0,0.0,FIXED_IDS,10,0.0,0.0,0.0,0,13,0.0
cora_deepres28_w128,4,13,23,4,0,0.0,FIXED_IDS,10,0.0,0.0,0.0,0,13,0.0
cora_deepres28_w128,4,13,24,4,0,0.0,FIXED_IDS,10,0.0,0.0,0.0,0,13,0.0
cora_deepres28_w128,4,13,25,4,0,0.0,FIXED_IDS,10,0.0,0.0,0.0,0,13,0.0
cora_deepres28_w128,4,13,26,4,0,0.0,FIXED_IDS,10,0.0,0.0,0.0,0,13,0.0
cora_deepres28_w128,4,13,27,4,0,0.0,FIXED_IDS,10,0.0,0.0,0.0,0,13,0.0
cora_deepres28_w128,4,13,28,4,0,0.0,FIXED_IDS,10,0.0,0.0,0.0,0,13,0.0
cora_deepres28_w128,4,13,29,4,0,0.0,FIXED_IDS,10,0.0,0.0,0.0,0,13,0.0
cora_deepres28_w128,4,13,30,4,0,0.0,FIXED_IDS,10,0.0,0.0,0.0,0,13,0.0
cora_deepres28_w128,4,13,31,4,0,0.0,FIXED_IDS,10,0.0,0.0,0.0,0,13,0.0
cora_deepres28_w128,4,13,0,4,0,0.0,FIXED_IDS,10,0.0,0.0,0.0,0,13,0.0
cora_deepres28_w128,4,13,1,4,0,0.0,FIXED_IDS,10,0.0,0.0,0.0,0,13,0.0
cora_deepres28_w128,4,13,2,4,0,0.0,FIXED_IDS,10,0.0,0.0,0.0,0,13,0.0
cora_deepres28_w128,4,13,3,4,0,0.0,FIXED_IDS,10,0.0,0.0,0.0,0,13,0.0
cora_deepres28_w128,4,13,4,4,0,0.0,FIXED_IDS,10,0.0,0.0,0.0,0,13,0.0
cora_deepres28_w128,4,13,5,4,0,0.0,FIXED_IDS,10,0.0,0.0,0.0,0,13,0.0
cora_deepres28_w128,4,13,6,4,0,0.0,FIXED_IDS,10,0.0,0.0,0.0,0,13,0.0
cora_deepres28_w128,4,13,7,4,0,0.0,FIXED_IDS,10,0.0,0.0,0.0,0,13,0.0
cora_deepres28_w128,4,13,8,4,0,0.0,FIXED_IDS,10,0.0,0.0,0.0,0,13,0.0
cora_deepres28_w128,4,13,9,4,0,0.0,FIXED_IDS,10,0.0,0.0,0.0,0,13,0.0
cora_deepres28_w128,4,13,10,4,0,0.0,FIXED_IDS,10,0.0,0.0,0.0,0,13,0.0
cora_deepres28_w128,4,13,11,4,0,0.0,FIXED_IDS,10,0.0,0.0,0.0,0,13,0.0
cora_deepres28_w128,4,13,12,4,0,0.0,FIXED_IDS,10,0.0,0.0,0.0,0,13,0.0
cora_deepres28_w128,4,13,13,4,0,0.0,FIXED_IDS,10,0.0,0.0,0.0,0,13,0.0
cora_deepres28_w128,4,13,14,4,0,0.0,FIXED_IDS,10,0.0,0.0,0.0,0,13,0.0
cora_deepres28_w128,4,13,15,4,0,0.0,FIXED_IDS,10,0.0,0.0,0.0,0,13,0.0
cora_deepres28_w128,4,13,16,4,0,0.0,FIXED_IDS,10,0.0,0.0,0.0,0,13,0.0
cora_deepres28_w128,4,13,17,4,0,0.0,FIXED_IDS,10,0.0,0.0,0.0,0,13,0.0
cora_deepres28_w128,4,13,18,4,0,0.0,FIXED_IDS,10,0.0,0.0,0.0,0,13,0.0
cora_deepres28_w128,4,13,19,4,0,0.0,FIXED_IDS,10,0.0,0.0,0.0,0,13,0.0
cora_deepres28_w128,4,13,20,4,0,0.0,FIXED_IDS,10,0.0,0.0,0.0,0,13,0.0
cora_deepres28_w128,4,13,21,4,0,0.0,FIXED_IDS,10,0.0,0.0,0.0,0,13,0.0
cora_deepres28_w128,4,13,22,4,0,0.0,FIXED_IDS,10,0.0,0.0,0.0,0,13,0.0
cora_deepres28_w128,4,13,23,4,0,0.0,FIXED_IDS,10,0.0,0.0,0.0,0,13,0.0
cora_deepres28_w128,4,13,24,4,0,0.0,FIXED_IDS,10,0.0,0.0,0.0,0,13,0.0
cora_deepres28_w128,4,13,25,4,0,0.0,FIXED_IDS,10,0.0,0.0,0.0,0,13,0.0
cora_deepres28_w128,4,13,26,4,0,0.0,FIXED_IDS,10,0.0,0.0,0.0,0,13,0.0
cora_deepres28_w128,4,13,27,4,0,0.0,FIXED_IDS,10,0.0,0.0,0.0,0,13,0.0
cora_deepres28_w128,4,13,28,4,0,0.0,FIXED_IDS,10,0.0,0.0,0.0,0,13,0.0
cora_deepres28_w128,4,13,29,4,0,0.0,FIXED_IDS,10,0.0,0.0,0.0,0,13,0.0
cora_deepres28_w128,4,13,30,4,0,0.0,FIXED_IDS,10,0.0,0.0,0.0,0,13,0.0
cora_deepres28_w128,4,13,31,4,0,0.0,FIXED_IDS,10,0.0,0.0,0.0,0,13,0.0
cora_deepres28_w128,4,13,0,4,0,0.0,FIXED_IDS,10,0.0,0.0,0.0,0,13,0.0
cora_deepres28_w128,4,13,1,4,0,0.0,FIXED_IDS,10,0.0,0.0,0.0,0,13,0.0
cora_deepres28_w128,4,13,2,4,0,0.0,FIXED_IDS,10,0.0,0.0,0.0,0,13,0.0
cora_deepres28_w128,4,13,3,4,0,0.0,FIXED_IDS,10,0.0,0.0,0.0,0,13,0.0
cora_deepres28_w128,4,13,4,4,0,0.0,FIXED_IDS,10,0.0,0.0,0.0,0,13,0.0
cora_deepres28_w128,4,13,5,4,0,0.0,FIXED_IDS,10,0.0,0.0,0.0,0,13,0.0
cora_deepres28_w128,4,13,6,4,0,0.0,FIXED_IDS,10,0.0,0.0,0.0,0,13,0.0
cora_deepres28_w128,4,13,7,4,0,0.0,FIXED_IDS,10,0.0,0.0,0.0,0,13,0.0
cora_deepres28_w128,4,13,8,4,0,0.0,FIXED_IDS,10,0.0,0.0,0.0,0,13,0.0
cora_deepres28_w128,4,13,9,4,0,0.0,FIXED_IDS,10,0.0,0.0,0.0,0,13,0.0
cora_deepres28_w128,4,13,10,4,0,0.0,FIXED_IDS,10,0.0,0.0,0.0,0,13,0.0
cora_deepres28_w128,4,13,11,4,0,0.0,FIXED_IDS,10,0.0,0.0,0.0,0,13,0.0
cora_deepres28_w128,4,13,12,4,0,0.0,FIXED_IDS,10,0.0,0.0,0.0,0,13,0.0
cora_deepres28_w128,4,13,13,4,0,0.0,FIXED_IDS,10,0.0,0.0,0.0,0,13,0.0
cora_deepres28_w128,4,13,14,4,0,0.0,FIXED_IDS,10,0.0,0.0,0.0,0,13,0.0
cora_deepres28_w128,4,13,15,4,0,0.0,FIXED_IDS,10,0.0,0.0,0.0,0,13,0.0
cora_deepres28_w128,4,13,16,4,0,0.0,FIXED_IDS,10,0.0,0.0,0.0,0,13,0.0
cora_deepres28_w128,4,13,17,4,0,0.0,FIXED_IDS,10,0.0,0.0,0.0,0,13,0.0
cora_deepres28_w128,4,13,18,4,0,0.0,FIXED_IDS,10,0.0,0.0,0.0,0,13,0.0
cora_deepres28_w128,4,13,19,4,0,0.0,FIXED_IDS,10,0.0,0.0,0.0,0,13,0.0
cora_deepres28_w128,4,13,20,4,0,0.0,FIXED_IDS,10,0.0,0.0,0.0,0,13,0.0
cora_deepres28_w128,4,13,21,4,0,0.0,FIXED_IDS,10,0.0,0.0,0.0,0,13,0.0
cora_deepres28_w128,4,13,22,4,0,0.0,FIXED_IDS,10,0.0,0.0,0.0,0,13,0.0
cora_deepres28_w128,4,13,23,4,0,0.0,FIXED_IDS,10,0.0,0.0,0.0,0,13,0.0
cora_deepres28_w128,4,13,24,4,0,0.0,FIXED_IDS,10,0.0,0.0,0.0,0,13,0.0
cora_deepres28_w128,4,13,25,4,0,0.0,FIXED_IDS,10,0.0,0.0,0.0,0,13,0.0
cora_deepres28_w128,4,13,26,4,0,0.0,FIXED_IDS,10,0.0,0.0,0.0,0,13,0.0
cora_deepres28_w128,4,13,27,4,0,0.0,FIXED_IDS,10,0.0,0.0,0.0,0,13,0.0
cora_deepres28_w128,4,13,28,4,0,0.0,FIXED_IDS,10,0.0,0.0,0.0,0,13,0.0
cora_deepres28_w128,4,13,29,4,0,0.0,FIXED_IDS,10,0.0,0.0,0.0,0,13,0.0
cora_deepres28_w128,4,13,30,4,0,0.0,FIXED_IDS,10,0.0,0.0,0.0,0,13,0.0
cora_deepres28_w128,4,13,31,4,0,0.0,FIXED_IDS,10,0.0,0.0,0.0,0,13,0.0
cora_deepres28_w128,4,13,0,4,0,0.0,FIXED_IDS,10,0.0,0.0,0.0,0,13,0.0
cora_deepres28_w128,4,13,1,4,0,0.0,FIXED_IDS,10,0.0,0.0,0.0,0,13,0.0
cora_deepres28_w128,4,13,2,4,0,0.0,FIXED_IDS,10,0.0,0.0,0.0,0,13,0.0
cora_deepres28_w128,4,13,3,4,0,0.0,FIXED_IDS,10,0.0,0.0,0.0,0,13,0.0
cora_deepres28_w128,4,13,4,4,0,0.0,FIXED_IDS,10,0.0,0.0,0.0,0,13,0.0
cora_deepres28_w128,4,13,5,4,0,0.0,FIXED_IDS,10,0.0,0.0,0.0,0,13,0.0
cora_deepres28_w128,4,13,6,4,0,0.0,FIXED_IDS,10,0.0,0.0,0.0,0,13,0.0
cora_deepres28_w128,4,13,7,4,0,0.0,FIXED_IDS,10,0.0,0.0,0.0,0,13,0.0
cora_deepres28_w128,4,13,8,4,0,0.0,FIXED_IDS,10,0.0,0.0,0.0,0,13,0.0
cora_deepres28_w128,4,13,9,4,0,0.0,FIXED_IDS,10,0.0,0.0,0.0,0,13,0.0
cora_deepres28_w128,4,13,10,4,0,0.0,FIXED_IDS,10,0.0,0.0,0.0,0,13,0.0
cora_deepres28_w128,4,13,11,4,0,0.0,FIXED_IDS,10,0.0,0.0,0.0,0,13,0.0
cora_deepres28_w128,4,13,12,4,0,0.0,FIXED_IDS,10,0.0,0.0,0.0,0,13,0.0
cora_deepres28_w128,4,13,13,4,0,0.0,FIXED_IDS,10,0.0,0.0,0.0,0,13,0.0
cora_deepres28_w128,4,13,14,4,0,0.0,FIXED_IDS,10,0.0,0.0,0.0,0,13,0.0
cora_deepres28_w128,4,13,15,4,0,0.0,FIXED_IDS,10,0.0,0.0,0.0,0,13,0.0
cora_deepres28_w128,4,13,16,4,0,0.0,FIXED_IDS,10,0.0,0.0,0.0,0,13,0.0
cora_deepres28_w128,4,13,17,4,0,0.0,FIXED_IDS,10,0.0,0.0,0.0,0,13,0.0
cora_deepres28_w128,4,13,18,4,0,0.0,FIXED_IDS,10,0.0,0.0,0.0,0,13,0.0
cora_deepres28_w128,4,13,19,4,0,0.0,FIXED_IDS,10,0.0,0.0,0.0,0,13,0.0
cora_deepres28_w128,4,13,20,4,0,0.0,FIXED_IDS,10,0.0,0.0,0.0,0,13,0.0
cora_deepres28_w128,4,13,21,4,0,0.0,FIXED_IDS,10,0.0,0.0,0.0,0,13,0.0
cora_deepres28_w128,4,13,22,4,0,0.0,FIXED_IDS,10,0.0,0.0,0.0,0,13,0.0
cora_deepres28_w128,4,13,23,4,0,0.0,FIXED_IDS,10,0.0,0.0,0.0,0,13,0.0
cora_deepres28_w128,4,13,24,4,0,0.0,FIXED_IDS,10,0.0,0.0,0.0,0,13,0.0
cora_deepres28_w128,4,13,25,4,0,0.0,FIXED_IDS,10,0.0,0.0,0.0,0,13,0.0
cora_deepres28_w128,4,13,26,4,0,0.0,FIXED_IDS,10,0.0,0.0,0.0,0,13,0.0
cora_deepres28_w128,4,13,27,4,0,0.0,FIXED_IDS,10,0.0,0.0,0.0,0,13,0.0
cora_deepres28_w128,4,13,28,4,0,0.0,FIXED_IDS,10,0.0,0.0,0.0,0,13,0.0
cora_deepres28_w128,4,13,29,4,0,0.0,FIXED_IDS,10,0.0,0.0,0.0,0,13,0.0
cora_deepres28_w128,4,13,30,4,0,0.0,FIXED_IDS,10,0.0,0.0,0.0,0,13,0.0
cora_deepres28_w128,4,13,31,4,0,0.0,FIXED_IDS,10,0.0,0.0,0.0,0,13,0.0
cora_deepres28_w128,4,13,0,4,0,0.0,FIXED_IDS,10,0.0,0.0,0.0,0,13,0.0
cora_deepres28_w128,4,13,1,4,0,0.0,FIXED_IDS,10,0.0,0.0,0.0,0,13,0.0
cora_deepres28_w128,4,13,2,4,0,0.0,FIXED_IDS,10,0.0,0.0,0.0,0,13,0.0
cora_deepres28_w128,4,13,3,4,0,0.0,FIXED_IDS,10,0.0,0.0,0.0,0,13,0.0
cora_deepres28_w128,4,13,4,4,0,0.0,FIXED_IDS,10,0.0,0.0,0.0,0,13,0.0
cora_deepres28_w128,4,13,5,4,0,0.0,FIXED_IDS,10,0.0,0.0,0.0,0,13,0.0
cora_deepres28_w128,4,13,6,4,0,0.0,FIXED_IDS,10,0.0,0.0,0.0,0,13,0.0
cora_deepres28_w128,4,13,7,4,0,0.0,FIXED_IDS,10,0.0,0.0,0.0,0,13,0.0
cora_deepres28_w128,4,13,8,4,0,0.0,FIXED_IDS,10,0.0,0.0,0.0,0,13,0.0
cora_deepres28_w128,4,13,9,4,0,0.0,FIXED_IDS,10,0.0,0.0,0.0,0,13,0.0
cora_deepres28_w128,4,13,10,4,0,0.0,FIXED_IDS,10,0.0,0.0,0.0,0,13,0.0
cora_deepres28_w128,4,13,11,4,0,0.0,FIXED_IDS,10,0.0,0.0,0.0,0,13,0.0
cora_deepres28_w128,4,13,12,4,0,0.0,FIXED_IDS,10,0.0,0.0,0.0,0,13,0.0
cora_deepres28_w128,4,13,13,4,0,0.0,FIXED_IDS,10,0.0,0.0,0.0,0,13,0.0
cora_deepres28_w128,4,13,14,4,0,0.0,FIXED_IDS,10,0.0,0.0,0.0,0,13,0.0
cora_deepres28_w128,4,13,15,4,0,0.0,FIXED_IDS,10,0.0,0.0,0.0,0,13,0.0
cora_deepres28_w128,4,13,16,4,0,0.0,FIXED_IDS,10,0.0,0.0,0.0,0,13,0.0
cora_deepres28_w128,4,13,17,4,0,0.0,FIXED_IDS,10,0.0,0.0,0.0,0,13,0.0
cora_deepres28_w128,4,13,18,4,0,0.0,FIXED_IDS,10,0.0,0.0,0.0,0,13,0.0
cora_deepres28_w128,4,13,19,4,0,0.0,FIXED_IDS,10,0.0,0.0,0.0,0,13,0.0
cora_deepres28_w128,4,13,20,4,0,0.0,FIXED_IDS,10,0.0,0.0,0.0,0,13,0.0
cora_deepres28_w128,4,13,21,4,0,0.0,FIXED_IDS,10,0.0,0.0,0.0,0,13,0.0
cora_deepres28_w128,4,13,22,4,0,0.0,FIXED_IDS,10,0.0,0.0,0.0,0,13,0.0
cora_deepres28_w128,4,13,23,4,0,0.0,FIXED_IDS,10,0.0,0.0,0.0,0,13,0.0
cora_deepres28_w128,4,13,24,4,0,0.0,FIXED_IDS,10,0.0,0.0,0.0,0,13,0.0
cora_deepres28_w128,4,13,25,4,0,0.0,FIXED_IDS,10,0.0,0.0,0.0,0,13,0.0
cora_deepres28_w128,4,13,26,4,0,0.0,FIXED_IDS,10,0.0,0.0,0.0,0,13,0.0
cora_deepres28_w128,4,13,27,4,0,0.0,FIXED_IDS,10,0.0,0.0,0.0,0,13,0.0
cora_deepres28_w128,4,13,28,4,0,0.0,FIXED_IDS,10,0.0,0.0,0.0,0,13,0.0
cora_deepres28_w128,4,13,29,4,0,0.0,FIXED_IDS,10,0.0,0.0,0.0,0,13,0.0
cora_deepres28_w128,4,13,30,4,0,0.0,FIXED_IDS,10,0.0,0.0,0.0,0,13,0.0
cora_deepres28_w128,4,13,31,4,0,0.0,FIXED_IDS,10,0.0,0.0,0.0,0,13,0.0
cora_deepres28_w128,4,13,0,4,0,0.0,FIXED_IDS,10,0.0,0.0,0.0,0,13,0.0
cora_deepres28_w128,4,13,1,4,0,0.0,FIXED_IDS,10,0.0,0.0,0.0,0,13,0.0
cora_deepres28_w128,4,13,2,4,0,0.0,FIXED_IDS,10,0.0,0.0,0.0,0,13,0.0
cora_deepres28_w128,4,13,3,4,0,0.0,FIXED_IDS,10,0.0,0.0,0.0,0,13,0.0
cora_deepres28_w128,4,13,4,4,0,0.0,FIXED_IDS,10,0.0,0.0,0.0,0,13,0.0
cora_deepres28_w128,4,13,5,4,0,0.0,FIXED_IDS,10,0.0,0.0,0.0,0,13,0.0
cora_deepres28_w128,4,13,6,4,0,0.0,FIXED_IDS,10,0.0,0.0,0.0,0,13,0.0
cora_deepres28_w128,4,13,7,4,0,0.0,FIXED_IDS,10,0.0,0.0,0.0,0,13,0.0
cora_deepres28_w128,4,13,8,4,0,0.0,FIXED_IDS,10,0.0,0.0,0.0,0,13,0.0
cora_deepres28_w128,4,13,9,4,0,0.0,FIXED_IDS,10,0.0,0.0,0.0,0,13,0.0
cora_deepres28_w128,4,13,10,4,0,0.0,FIXED_IDS,10,0.0,0.0,0.0,0,13,0.0
cora_deepres28_w128,4,13,11,4,0,0.0,FIXED_IDS,10,0.0,0.0,0.0,0,13,0.0
cora_deepres28_w128,4,13,12,4,0,0.0,FIXED_IDS,10,0.0,0.0,0.0,0,13,0.0
cora_deepres28_w128,4,13,13,4,0,0.0,FIXED_IDS,10,0.0,0.0,0.0,0,13,0.0
cora_deepres28_w128,4,13,14,4,0,0.0,FIXED_IDS,10,0.0,0.0,0.0,0,13,0.0
cora_deepres28_w128,4,13,15,4,0,0.0,FIXED_IDS,10,0.0,0.0,0.0,0,13,0.0
cora_deepres28_w128,4,13,16,4,0,0.0,FIXED_IDS,10,0.0,0.0,0.0,0,13,0.0
cora_deepres28_w128,4,13,17,4,0,0.0,FIXED_IDS,10,0.0,0.0,0.0,0,13,0.0
cora_deepres28_w128,4,13,18,4,0,0.0,FIXED_IDS,10,0.0,0.0,0.0,0,13,0.0
cora_deepres28_w128,4,13,19,4,0,0.0,FIXED_IDS,10,0.0,0.0,0.0,0,13,0.0
cora_deepres28_w128,4,13,20,4,0,0.0,FIXED_IDS,10,0.0,0.0,0.0,0,13,0.0
cora_deepres28_w128,4,13,21,4,0,0.0,FIXED_IDS,10,0.0,0.0,0.0,0,13,0.0
cora_deepres28_w128,4,13,22,4,0,0.0,FIXED_IDS,10,0.0,0.0,0.0,0,13,0.0
cora_deepres28_w128,4,13,23,4,0,0.0,FIXED_IDS,10,0.0,0.0,0.0,0,13,0.0
cora_deepres28_w128,4,13,24,4,0,0.0,FIXED_IDS,10,0.0,0.0,0.0,0,13,0.0
cora_deepres28_w128,4,13,25,4,0,0.0,FIXED_IDS,10,0.0,0.0,0.0,0,13,0.0
cora_deepres28_w128,4,13,26,4,0,0.0,FIXED_IDS,10,0.0,0.0,0.0,0,13,0.0
cora_deepres28_w128,4,13,27,4,0,0.0,FIXED_IDS,10,0.0,0.0,0.0,0,13,0.0
cora_deepres28_w128,4,13,28,4,0,0.0,FIXED_IDS,10,0.0,0.0,0.0,0,13,0.0
cora_deepres28_w128,4,13,29,4,0,0.0,FIXED_IDS,10,0.0,0.0,0.0,0,13,0.0
cora_deepres28_w128,4,13,30,4,0,0.0,FIXED_IDS,10,0.0,0.0,0.0,0,13,0.0
cora_deepres28_w128,4,13,31,4,0,0.0,FIXED_IDS,10,0.0,0.0,0.0,0,13,0.0
cora_deepres28_w128,4,13,0,4,0,0.0,FIXED_IDS,10,0.0,0.0,0.0,0,13,0.0
cora_deepres28_w128,4,13,1,4,0,0.0,FIXED_IDS,10,0.0,0.0,0.0,0,13,0.0
cora_deepres28_w128,4,13,2,4,0,0.0,FIXED_IDS,10,0.0,0.0,0.0,0,13,0.0
cora_deepres28_w128,4,13,3,4,0,0.0,FIXED_IDS,10,0.0,0.0,0.0,0,13,0.0
cora_deepres28_w128,4,13,4,4,0,0.0,FIXED_IDS,10,0.0,0.0,0.0,0,13,0.0
cora_deepres28_w128,4,13,5,4,0,0.0,FIXED_IDS,10,0.0,0.0,0.0,0,13,0.0
cora_deepres28_w128,4,13,6,4,0,0.0,FIXED_IDS,10,0.0,0.0,0.0,0,13,0.0
cora_deepres28_w128,4,13,7,4,0,0.0,FIXED_IDS,10,0.0,0.0,0.0,0,13,0.0
cora_deepres28_w128,4,13,8,4,0,0.0,FIXED_IDS,10,0.0,0.0,0.0,0,13,0.0
cora_deepres28_w128,4,13,9,4,0,0.0,FIXED_IDS,10,0.0,0.0,0.0,0,13,0.0
cora_deepres28_w128,4,13,10,4,0,0.0,FIXED_IDS,10,0.0,0.0,0.0,0,13,0.0
cora_deepres28_w128,4,13,11,4,0,0.0,FIXED_IDS,10,0.0,0.0,0.0,0,13,0.0
cora_deepres28_w128,4,13,12,4,0,0.0,FIXED_IDS,10,0.0,0.0,0.0,0,13,0.0
cora_deepres28_w128,4,13,13,4,0,0.0,FIXED_IDS,10,0.0,0.0,0.0,0,13,0.0
cora_deepres28_w128,4,13,14,4,0,0.0,FIXED_IDS,10,0.0,0.0,0.0,0,13,0.0
cora_deepres28_w128,4,13,15,4,0,0.0,FIXED_IDS,10,0.0,0.0,0.0,0,13,0.0
cora_deepres28_w128,4,13,16,4,0,0.0,FIXED_IDS,10,0.0,0.0,0.0,0,13,0.0
cora_deepres28_w128,4,13,17,4,0,0.0,FIXED_IDS,10,0.0,0.0,0.0,0,13,0.0
cora_deepres28_w128,4,13,18,4,0,0.0,FIXED_IDS,10,0.0,0.0,0.0,0,13,0.0
cora_deepres28_w128,4,13,19,4,0,0.0,FIXED_IDS,10,0.0,0.0,0.0,0,13,0.0
cora_deepres28_w128,4,13,20,4,0,0.0,FIXED_IDS,10,0.0,0.0,0.0,0,13,0.0
cora_deepres28_w128,4,13,21,4,0,0.0,FIXED_IDS,10,0.0,0.0,0.0,0,13,0.0
cora_deepres28_w128,4,13,22,4,0,0.0,FIXED_IDS,10,0.0,0.0,0.0,0,13,0.0
cora_deepres28_w128,4,13,23,4,0,0.0,FIXED_IDS,10,0.0,0.0,0.0,0,13,0.0
cora_deepres28_w128,4,13,24,4,0,0.0,FIXED_IDS,10,0.0,0.0,0.0,0,13,0.0
cora_deepres28_w128,4,13,25,4,0,0.0,FIXED_IDS,10,0.0,0.0,0.0,0,13,0.0
cora_deepres28_w128,4,13,26,4,0,0.0,FIXED_IDS,10,0.0,0.0,0.0,0,13,0.0
cora_deepres28_w128,4,13,27,4,0,0.0,FIXED_IDS,10,0.0,0.0,0.0,0,13,0.0
cora_deepres28_w128,4,13,28,4,0,0.0,FIXED_IDS,10,0.0,0.0,0.0,0,13,0.0
cora_deepres28_w128,4,13,29,4,0,0.0,FIXED_IDS,10,0.0,0.0,0.0,0,13,0.0
cora_deepres28_w128,4,13,30,4,0,0.0,FIXED_IDS,10,0.0,0.0,0.0,0,13,0.0
cora_deepres28_w128,4,13,31,4,0,0.0,FIXED_IDS,10,0.0,0.0,0.0,0,13,0.0
cora_deepres28_w128,4,13,0,4,0,0.0,FIXED_IDS,10,0.0,0.0,0.0,0,13,0.0
cora_deepres28_w128,4,13,1,4,0,0.0,FIXED_IDS,10,0.0,0.0,0.0,0,13,0.0
cora_deepres28_w128,4,13,2,4,0,0.0,FIXED_IDS,10,0.0,0.0,0.0,0,13,0.0
cora_deepres28_w128,4,13,3,4,0,0.0,FIXED_IDS,10,0.0,0.0,0.0,0,13,0.0
cora_deepres28_w128,4,13,4,4,0,0.0,FIXED_IDS,10,0.0,0.0,0.0,0,13,0.0
cora_deepres28_w128,4,13,5,4,0,0.0,FIXED_IDS,10,0.0,0.0,0.0,0,13,0.0
cora_deepres28_w128,4,13,6,4,0,0.0,FIXED_IDS,10,0.0,0.0,0.0,0,13,0.0
cora_deepres28_w128,4,13,7,4,0,0.0,FIXED_IDS,10,0.0,0.0,0.0,0,13,0.0
cora_deepres28_w128,4,13,8,4,0,0.0,FIXED_IDS,10,0.0,0.0,0.0,0,13,0.0
cora_deepres28_w128,4,13,9,4,0,0.0,FIXED_IDS,10,0.0,0.0,0.0,0,13,0.0
cora_deepres28_w128,4,13,10,4,0,0.0,FIXED_IDS,10,0.0,0.0,0.0,0,13,0.0
cora_deepres28_w128,4,13,11,4,0,0.0,FIXED_IDS,10,0.0,0.0,0.0,0,13,0.0
cora_deepres28_w128,4,13,12,4,0,0.0,FIXED_IDS,10,0.0,0.0,0.0,0,13,0.0
cora_deepres28_w128,4,13,13,4,0,0.0,FIXED_IDS,10,0.0,0.0,0.0,0,13,0.0
cora_deepres28_w128,4,13,14,4,0,0.0,FIXED_IDS,10,0.0,0.0,0.0,0,13,0.0
cora_deepres28_w128,4,13,15,4,0,0.0,FIXED_IDS,10,0.0,0.0,0.0,0,13,0.0
cora_deepres28_w128,4,13,16,4,0,0.0,FIXED_IDS,10,0.0,0.0,0.0,0,13,0.0
cora_deepres28_w128,4,13,17,4,0,0.0,FIXED_IDS,10,0.0,0.0,0.0,0,13,0.0
cora_deepres28_w128,4,13,18,4,0,0.0,FIXED_IDS,10,0.0,0.0,0.0,0,13,0.0
cora_deepres28_w128,4,13,19,4,0,0.0,FIXED_IDS,10,0.0,0.0,0.0,0,13,0.0
cora_deepres28_w128,4,13,20,4,0,0.0,FIXED_IDS,10,0.0,0.0,0.0,0,13,0.0
cora_deepres28_w128,4,13,21,4,0,0.0,FIXED_IDS,10,0.0,0.0,0.0,0,13,0.0
cora_deepres28_w128,4,13,22,4,0,0.0,FIXED_IDS,10,0.0,0.0,0.0,0,13,0.0
cora_deepres28_w128,4,13,23,4,0,0.0,FIXED_IDS,10,0.0,0.0,0.0,0,13,0.0
cora_deepres28_w128,4,13,24,4,0,0.0,FIXED_IDS,10,0.0,0.0,0.0,0,13,0.0
cora_deepres28_w128,4,13,25,4,0,0.0,FIXED_IDS,10,0.0,0.0,0.0,0,13,0.0
cora_deepres28_w128,4,13,26,4,0,0.0,FIXED_IDS,10,0.0,0.0,0.0,0,13,0.0
cora_deepres28_w128,4,13,27,4,0,0.0,FIXED_IDS,10,0.0,0.0,0.0,0,13,0.0
cora_deepres28_w128,4,13,28,4,0,0.0,FIXED_IDS,10,0.0,0.0,0.0,0,13,0.0
cora_deepres28_w128,4,13,29,4,0,0.0,FIXED_IDS,10,0.0,0.0,0.0,0,13,0.0
cora_deepres28_w128,4,13,30,4,0,0.0,FIXED_IDS,10,0.0,0.0,0.0,0,13,0.0
cora_deepres28_w128,4,13,31,4,0,0.0,FIXED_IDS,10,0.0,0.0,0.0,0,13,0.0
cora_deepres28_w128,4,13,0,4,0,0.0,FIXED_IDS,10,0.0,0.0,0.0,0,13,0.0
cora_deepres28_w128,4,13,1,4,0,0.0,FIXED_IDS,10,0.0,0.0,0.0,0,13,0.0
cora_deepres28_w128,4,13,2,4,0,0.0,FIXED_IDS,10,0.0,0.0,0.0,0,13,0.0
cora_deepres28_w128,4,13,3,4,0,0.0,FIXED_IDS,10,0.0,0.0,0.0,0,13,0.0
cora_deepres28_w128,4,13,4,4,0,0.0,FIXED_IDS,10,0.0,0.0,0.0,0,13,0.0
cora_deepres28_w128,4,13,5,4,0,0.0,FIXED_IDS,10,0.0,0.0,0.0,0,13,0.0
cora_deepres28_w128,4,13,6,4,0,0.0,FIXED_IDS,10,0.0,0.0,0.0,0,13,0.0
cora_deepres28_w128,4,13,7,4,0,0.0,FIXED_IDS,10,0.0,0.0,0.0,0,13,0.0
cora_deepres28_w128,4,13,8,4,0,0.0,FIXED_IDS,10,0.0,0.0,0.0,0,13,0.0
cora_deepres28_w128,4,13,9,4,0,0.0,FIXED_IDS,10,0.0,0.0,0.0,0,13,0.0
cora_deepres28_w128,4,13,10,4,0,0.0,FIXED_IDS,10,0.0,0.0,0.0,0,13,0.0
cora_deepres28_w128,4,13,11,4,0,0.0,FIXED_IDS,10,0.0,0.0,0.0,0,13,0.0
cora_deepres28_w128,4,13,12,4,0,0.0,FIXED_IDS,10,0.0,0.0,0.0,0,13,0.0
cora_deepres28_w128,4,13,13,4,0,0.0,FIXED_IDS,10,0.0,0.0,0.0,0,13,0.0
cora_deepres28_w128,4,13,14,4,0,0.0,FIXED_IDS,10,0.0,0.0,0.0,0,13,0.0
cora_deepres28_w128,4,13,15,4,0,0.0,FIXED_IDS,10,0.0,0.0,0.0,0,13,0.0
cora_deepres28_w128,4,13,16,4,0,0.0,FIXED_IDS,10,0.0,0.0,0.0,0,13,0.0
cora_deepres28_w128,4,13,17,4,0,0.0,FIXED_IDS,10,0.0,0.0,0.0,0,13,0.0
cora_deepres28_w128,4,13,18,4,0,0.0,FIXED_IDS,10,0.0,0.0,0.0,0,13,0.0
cora_deepres28_w128,4,13,19,4,0,0.0,FIXED_IDS,10,0.0,0.0,0.0,0,13,0.0
cora_deepres28_w128,4,13,20,4,0,0.0,FIXED_IDS,10,0.0,0.0,0.0,0,13,0.0
cora_deepres28_w128,4,13,21,4,0,0.0,FIXED_IDS,10,0.0,0.0,0.0,0,13,0.0
cora_deepres28_w128,4,13,22,4,0,0.0,FIXED_IDS,10,0.0,0.0,0.0,0,13,0.0
cora_deepres28_w128,4,13,23,4,0,0.0,FIXED_IDS,10,0.0,0.0,0.0,0,13,0.0
cora_deepres28_w128,4,13,24,4,0,0.0,FIXED_IDS,10,0.0,0.0,0.0,0,13,0.0
cora_deepres28_w128,4,13,25,4,0,0.0,FIXED_IDS,10,0.0,0.0,0.0,0,13,0.0
cora_deepres28_w128,4,13,26,4,0,0.0,FIXED_IDS,10,0.0,0.0,0.0,0,13,0.0
cora_deepres28_w128,4,13,27,4,0,0.0,FIXED_IDS,10,0.0,0.0,0.0,0,13,0.0
cora_deepres28_w128,4,13,28,4,0,0.0,FIXED_IDS,10,0.0,0.0,0.0,0,13,0.0
cora_deepres28_w128,4,13,29,4,0,0.0,FIXED_IDS,10,0.0,0.0,0.0,0,13,0.0
cora_deepres28_w128,4,13,30,4,0,0.0,FIXED_IDS,10,0.0,0.0,0.0,0,13,0.0
cora_deepres28_w128,4,13,31,4,0,0.0,FIXED_IDS,10,0.0,0.0,0.0,0,13,0.0
cora_deepres28_w128,4,13,0,4,0,0.0,FIXED_IDS,10,0.0,0.0,0.0,0,13,0.0
cora_deepres28_w128,4,13,1,4,0,0.0,FIXED_IDS,10,0.0,0.0,0.0,0,13,0.0
cora_deepres28_w128,4,13,2,4,0,0.0,FIXED_IDS,10,0.0,0.0,0.0,0,13,0.0
cora_deepres28_w128,4,13,3,4,0,0.0,FIXED_IDS,10,0.0,0.0,0.0,0,13,0.0
cora_deepres28_w128,4,13,4,4,0,0.0,FIXED_IDS,10,0.0,0.0,0.0,0,13,0.0
cora_deepres28_w128,4,13,5,4,0,0.0,FIXED_IDS,10,0.0,0.0,0.0,0,13,0.0
cora_deepres28_w128,4,13,6,4,0,0.0,FIXED_IDS,10,0.0,0.0,0.0,0,13,0.0
cora_deepres28_w128,4,13,7,4,0,0.0,FIXED_IDS,10,0.0,0.0,0.0,0,13,0.0
cora_deepres28_w128,4,13,8,4,0,0.0,FIXED_IDS,10,0.0,0.0,0.0,0,13,0.0
cora_deepres28_w128,4,13,9,4,0,0.0,FIXED_IDS,10,0.0,0.0,0.0,0,13,0.0
cora_deepres28_w128,4,13,10,4,0,0.0,FIXED_IDS,10,0.0,0.0,0.0,0,13,0.0
cora_deepres28_w128,4,13,11,4,0,0.0,FIXED_IDS,10,0.0,0.0,0.0,0,13,0.0
cora_deepres28_w128,4,13,12,4,0,0.0,FIXED_IDS,10,0.0,0.0,0.0,0,13,0.0
cora_deepres28_w128,4,13,13,4,0,0.0,FIXED_IDS,10,0.0,0.0,0.0,0,13,0.0
cora_deepres28_w128,4,13,14,4,0,0.0,FIXED_IDS,10,0.0,0.0,0.0,0,13,0.0
cora_deepres28_w128,4,13,15,4,0,0.0,FIXED_IDS,10,0.0,0.0,0.0,0,13,0.0
cora_deepres28_w128,4,13,16,4,0,0.0,FIXED_IDS,10,0.0,0.0,0.0,0,13,0.0
cora_deepres28_w128,4,13,17,4,0,0.0,FIXED_IDS,10,0.0,0.0,0.0,0,13,0.0
cora_deepres28_w128,4,13,18,4,0,0.0,FIXED_IDS,10,0.0,0.0,0.0,0,13,0.0
cora_deepres28_w128,4,13,19,4,0,0.0,FIXED_IDS,10,0.0,0.0,0.0,0,13,0.0
cora_deepres28_w128,4,13,20,4,0,0.0,FIXED_IDS,10,0.0,0.0,0.0,0,13,0.0
cora_deepres28_w128,4,13,21,4,0,0.0,FIXED_IDS,10,0.0,0.0,0.0,0,13,0.0
cora_deepres28_w128,4,13,22,4,0,0.0,FIXED_IDS,10,0.0,0.0,0.0,0,13,0.0
cora_deepres28_w128,4,13,23,4,0,0.0,FIXED_IDS,10,0.0,0.0,0.0,0,13,0.0
cora_deepres28_w128,4,13,24,4,0,0.0,FIXED_IDS,10,0.0,0.0,0.0,0,13,0.0
cora_deepres28_w128,4,13,25,4,0,0.0,FIXED_IDS,10,0.0,0.0,0.0,0,13,0.0
cora_deepres28_w128,4,13,26,4,0,0.0,FIXED_IDS,10,0.0,0.0,0.0,0,13,0.0
cora_deepres28_w128,4,13,27,4,0,0.0,FIXED_IDS,10,0.0,0.0,0.0,0,13,0.0
cora_deepres28_w128,4,13,28,4,0,0.0,FIXED_IDS,10,0.0,0.0,0.0,0,13,0.0
cora_deepres28_w128,4,13,29,4,0,0.0,FIXED_IDS,10,0.0,0.0,0.0,0,13,0.0
cora_deepres28_w128,4,13,30,4,0,0.0,FIXED_IDS,10,0.0,0.0,0.0,0,13,0.0
cora_deepres28_w128,4,13,31,4,0,0.0,FIXED_IDS,10,0.0,0.0,0.0,0,13,0.0
cora_deepres28_w128,4,13,0,4,0,0.0,FIXED_IDS,10,0.0,0.0,0.0,0,13,0.0
cora_deepres28_w128,4,13,1,4,0,0.0,FIXED_IDS,10,0.0,0.0,0.0,0,13,0.0
cora_deepres28_w128,4,13,2,4,0,0.0,FIXED_IDS,10,0.0,0.0,0.0,0,13,0.0
cora_deepres28_w128,4,13,3,4,0,0.0,FIXED_IDS,10,0.0,0.0,0.0,0,13,0.0
cora_deepres28_w128,4,13,4,4,0,0.0,FIXED_IDS,10,0.0,0.0,0.0,0,13,0.0
cora_deepres28_w128,4,13,5,4,0,0.0,FIXED_IDS,10,0.0,0.0,0.0,0,13,0.0
cora_deepres28_w128,4,13,6,4,0,0.0,FIXED_IDS,10,0.0,0.0,0.0,0,13,0.0
cora_deepres28_w128,4,13,7,4,0,0.0,FIXED_IDS,10,0.0,0.0,0.0,0,13,0.0
cora_deepres28_w128,4,13,8,4,0,0.0,FIXED_IDS,10,0.0,0.0,0.0,0,13,0.0
cora_deepres28_w128,4,13,9,4,0,0.0,FIXED_IDS,10,0.0,0.0,0.0,0,13,0.0
cora_deepres28_w128,4,13,10,4,0,0.0,FIXED_IDS,10,0.0,0.0,0.0,0,13,0.0
cora_deepres28_w128,4,13,11,4,0,0.0,FIXED_IDS,10,0.0,0.0,0.0,0,13,0.0
cora_deepres28_w128,4,13,12,4,0,0.0,FIXED_IDS,10,0.0,0.0,0.0,0,13,0.0
cora_deepres28_w128,4,13,13,4,0,0.0,FIXED_IDS,10,0.0,0.0,0.0,0,13,0.0
cora_deepres28_w128,4,13,14,4,0,0.0,FIXED_IDS,10,0.0,0.0,0.0,0,13,0.0
cora_deepres28_w128,4,13,15,4,0,0.0,FIXED_IDS,10,0.0,0.0,0.0,0,13,0.0
cora_deepres28_w128,4,13,16,4,0,0.0,FIXED_IDS,10,0.0,0.0,0.0,0,13,0.0
cora_deepres28_w128,4,13,17,4,0,0.0,FIXED_IDS,10,0.0,0.0,0.0,0,13,0.0
cora_deepres28_w128,4,13,18,4,0,0.0,FIXED_IDS,10,0.0,0.0,0.0,0,13,0.0
cora_deepres28_w128,4,13,19,4,0,0.0,FIXED_IDS,10,0.0,0.0,0.0,0,13,0.0
cora_deepres28_w128,4,13,20,4,0,0.0,FIXED_IDS,10,0.0,0.0,0.0,0,13,0.0
cora_deepres28_w128,4,13,21,4,0,0.0,FIXED_IDS,10,0.0,0.0,0.0,0,13,0.0
cora_deepres28_w128,4,13,22,4,0,0.0,FIXED_IDS,10,0.0,0.0,0.0,0,13,0.0
cora_deepres28_w128,4,13,23,4,0,0.0,FIXED_IDS,10,0.0,0.0,0.0,0,13,0.0
cora_deepres28_w128,4,13,24,4,0,0.0,FIXED_IDS,10,0.0,0.0,0.0,0,13,0.0
cora_deepres28_w128,4,13,25,4,0,0.0,FIXED_IDS,10,0.0,0.0,0.0,0,13,0.0
cora_deepres28_w128,4,13,26,4,0,0.0,FIXED_IDS,10,0.0,0.0,0.0,0,13,0.0
cora_deepres28_w128,4,13,27,4,0,0.0,FIXED_IDS,10,0.0,0.0,0.0,0,13,0.0
cora_deepres28_w128,4,13,28,4,0,0.0,FIXED_IDS,10,0.0,0.0,0.0,0,13,0.0
cora_deepres28_w128,4,13,29,4,0,0.0,FIXED_IDS,10,0.0,0.0,0.0,0,13,0.0
cora_deepres28_w128,4,13,30,4,0,0.0,FIXED_IDS,10,0.0,0.0,0.0,0,13,0.0
cora_deepres28_w128,4,13,31,4,0,0.0,FIXED_IDS,10,0.0,0.0,0.0,0,13,0.0
cora_deepres28_w128,4,13,0,4,0,0.0,FIXED_IDS,10,0.0,0.0,0.0,0,13,0.0
cora_deepres28_w128,4,13,1,4,0,0.0,FIXED_IDS,10,0.0,0.0,0.0,0,13,0.0
cora_deepres28_w128,4,13,2,4,0,0.0,FIXED_IDS,10,0.0,0.0,0.0,0,13,0.0
cora_deepres28_w128,4,13,3,4,0,0.0,FIXED_IDS,10,0.0,0.0,0.0,0,13,0.0
cora_deepres28_w128,4,13,4,4,0,0.0,FIXED_IDS,10,0.0,0.0,0.0,0,13,0.0
cora_deepres28_w128,4,13,5,4,0,0.0,FIXED_IDS,10,0.0,0.0,0.0,0,13,0.0
cora_deepres28_w128,4,13,6,4,0,0.0,FIXED_IDS,10,0.0,0.0,0.0,0,13,0.0
cora_deepres28_w128,4,13,7,4,0,0.0,FIXED_IDS,10,0.0,0.0,0.0,0,13,0.0
cora_deepres28_w128,4,13,8,4,0,0.0,FIXED_IDS,10,0.0,0.0,0.0,0,13,0.0
cora_deepres28_w128,4,13,9,4,0,0.0,FIXED_IDS,10,0.0,0.0,0.0,0,13,0.0
cora_deepres28_w128,4,13,10,4,0,0.0,FIXED_IDS,10,0.0,0.0,0.0,0,13,0.0
cora_deepres28_w128,4,13,11,4,0,0.0,FIXED_IDS,10,0.0,0.0,0.0,0,13,0.0
cora_deepres28_w128,4,13,12,4,0,0.0,FIXED_IDS,10,0.0,0.0,0.0,0,13,0.0
cora_deepres28_w128,4,13,13,4,0,0.0,FIXED_IDS,10,0.0,0.0,0.0,0,13,0.0
cora_deepres28_w128,4,13,14,4,0,0.0,FIXED_IDS,10,0.0,0.0,0.0,0,13,0.0
cora_deepres28_w128,4,13,15,4,0,0.0,FIXED_IDS,10,0.0,0.0,0.0,0,13,0.0
cora_deepres28_w128,4,13,16,4,0,0.0,FIXED_IDS,10,0.0,0.0,0.0,0,13,0.0
cora_deepres28_w128,4,13,17,4,0,0.0,FIXED_IDS,10,0.0,0.0,0.0,0,13,0.0
cora_deepres28_w128,4,13,18,4,0,0.0,FIXED_IDS,10,0.0,0.0,0.0,0,13,0.0
cora_deepres28_w128,4,13,19,4,0,0.0,FIXED_IDS,10,0.0,0.0,0.0,0,13,0.0
cora_deepres28_w128,4,13,20,4,0,0.0,FIXED_IDS,10,0.0,0.0,0.0,0,13,0.0
cora_deepres28_w128,4,13,21,4,0,0.0,FIXED_IDS,10,0.0,0.0,0.0,0,13,0.0
cora_deepres28_w128,4,13,22,4,0,0.0,FIXED_IDS,10,0.0,0.0,0.0,0,13,0.0
cora_deepres28_w128,4,13,23,4,0,0.0,FIXED_IDS,10,0.0,0.0,0.0,0,13,0.0
cora_deepres28_w128,4,13,24,4,0,0.0,FIXED_IDS,10,0.0,0.0,0.0,0,13,0.0
cora_deepres28_w128,4,13,25,4,0,0.0,FIXED_IDS,10,0.0,0.0,0.0,0,13,0.0
cora_deepres28_w128,4,13,26,4,0,0.0,FIXED_IDS,10,0.0,0.0,0.0,0,13,0.0
cora_deepres28_w128,4,13,27,4,0,0.0,FIXED_IDS,10,0.0,0.0,0.0,0,13,0.0
cora_deepres28_w128,4,13,28,4,0,0.0,FIXED_IDS,10,0.0,0.0,0.0,0,13,0.0
cora_deepres28_w128,4,13,29,4,0,0.0,FIXED_IDS,10,0.0,0.0,0.0,0,13,0.0
cora_deepres28_w128,4,13,30,4,0,0.0,FIXED_IDS,10,0.0,0.0,0.0,0,13,0.0
cora_deepres28_w128,4,13,31,4,0,0.0,FIXED_IDS,10,0.0,0.0,0.0,0,13,0.0
cora_deepres28_w128,4,13,0,4,0,0.0,FIXED_IDS,10,0.0,0.0,0.0,0,13,0.0
cora_deepres28_w128,4,13,1,4,0,0.0,FIXED_IDS,10,0.0,0.0,0.0,0,13,0.0
cora_deepres28_w128,4,13,2,4,0,0.0,FIXED_IDS,10,0.0,0.0,0.0,0,13,0.0
cora_deepres28_w128,4,13,3,4,0,0.0,FIXED_IDS,10,0.0,0.0,0.0,0,13,0.0
cora_deepres28_w128,4,13,4,4,0,0.0,FIXED_IDS,10,0.0,0.0,0.0,0,13,0.0
cora_deepres28_w128,4,13,5,4,0,0.0,FIXED_IDS,10,0.0,0.0,0.0,0,13,0.0
cora_deepres28_w128,4,13,6,4,0,0.0,FIXED_IDS,10,0.0,0.0,0.0,0,13,0.0
cora_deepres28_w128,4,13,7,4,0,0.0,FIXED_IDS,10,0.0,0.0,0.0,0,13,0.0
cora_deepres28_w128,4,13,8,4,0,0.0,FIXED_IDS,10,0.0,0.0,0.0,0,13,0.0
cora_deepres28_w128,4,13,9,4,0,0.0,FIXED_IDS,10,0.0,0.0,0.0,0,13,0.0
cora_deepres28_w128,4,13,10,4,0,0.0,FIXED_IDS,10,0.0,0.0,0.0,0,13,0.0
cora_deepres28_w128,4,13,11,4,0,0.0,FIXED_IDS,10,0.0,0.0,0.0,0,13,0.0
cora_deepres28_w128,4,13,12,4,0,0.0,FIXED_IDS,10,0.0,0.0,0.0,0,13,0.0
cora_deepres28_w128,4,13,13,4,0,0.0,FIXED_IDS,10,0.0,0.0,0.0,0,13,0.0
cora_deepres28_w128,4,13,14,4,0,0.0,FIXED_IDS,10,0.0,0.0,0.0,0,13,0.0
cora_deepres28_w128,4,13,15,4,0,0.0,FIXED_IDS,10,0.0,0.0,0.0,0,13,0.0
cora_deepres28_w128,4,13,16,4,0,0.0,FIXED_IDS,10,0.0,0.0,0.0,0,13,0.0
cora_deepres28_w128,4,13,17,4,0,0.0,FIXED_IDS,10,0.0,0.0,0.0,0,13,0.0
cora_deepres28_w128,4,13,18,4,0,0.0,FIXED_IDS,10,0.0,0.0,0.0,0,13,0.0
cora_deepres28_w128,4,13,19,4,0,0.0,FIXED_IDS,10,0.0,0.0,0.0,0,13,0.0
cora_deepres28_w128,4,13,20,4,0,0.0,FIXED_IDS,10,0.0,0.0,0.0,0,13,0.0
cora_deepres28_w128,4,13,21,4,0,0.0,FIXED_IDS,10,0.0,0.0,0.0,0,13,0.0
cora_deepres28_w128,4,13,22,4,0,0.0,FIXED_IDS,10,0.0,0.0,0.0,0,13,0.0
cora_deepres28_w128,4,13,23,4,0,0.0,FIXED_IDS,10,0.0,0.0,0.0,0,13,0.0
cora_deepres28_w128,4,13,24,4,0,0.0,FIXED_IDS,10,0.0,0.0,0.0,0,13,0.0
cora_deepres28_w128,4,13,25,4,0,0.0,FIXED_IDS,10,0.0,0.0,0.0,0,13,0.0
cora_deepres28_w128,4,13,26,4,0,0.0,FIXED_IDS,10,0.0,0.0,0.0,0,13,0.0
cora_deepres28_w128,4,13,27,4,0,0.0,FIXED_IDS,10,0.0,0.0,0.0,0,13,0.0
cora_deepres28_w128,4,13,28,4,0,0.0,FIXED_IDS,10,0.0,0.0,0.0,0,13,0.0
cora_deepres28_w128,4,13,29,4,0,0.0,FIXED_IDS,10,0.0,0.0,0.0,0,13,0.0
cora_deepres28_w128,4,13,30,4,0,0.0,FIXED_IDS,10,0.0,0.0,0.0,0,13,0.0
cora_deepres28_w128,4,13,31,4,0,0.0,FIXED_IDS,10,0.0,0.0,0.0,0,13,0.0
cora_deepres28_w128,4,13,0,4,0,0.0,FIXED_IDS,10,0.0,0.0,0.0,0,13,0.0
cora_deepres28_w128,4,13,1,4,0,0.0,FIXED_IDS,10,0.0,0.0,0.0,0,13,0.0
cora_deepres28_w128,4,13,2,4,0,0.0,FIXED_IDS,10,0.0,0.0,0.0,0,13,0.0
cora_deepres28_w128,4,13,3,4,0,0.0,FIXED_IDS,10,0.0,0.0,0.0,0,13,0.0
cora_deepres28_w128,4,13,4,4,0,0.0,FIXED_IDS,10,0.0,0.0,0.0,0,13,0.0
cora_deepres28_w128,4,13,5,4,0,0.0,FIXED_IDS,10,0.0,0.0,0.0,0,13,0.0
cora_deepres28_w128,4,13,6,4,0,0.0,FIXED_IDS,10,0.0,0.0,0.0,0,13,0.0
cora_deepres28_w128,4,13,7,4,0,0.0,FIXED_IDS,10,0.0,0.0,0.0,0,13,0.0
cora_deepres28_w128,4,13,8,4,0,0.0,FIXED_IDS,10,0.0,0.0,0.0,0,13,0.0
cora_deepres28_w128,4,13,9,4,0,0.0,FIXED_IDS,10,0.0,0.0,0.0,0,13,0.0
cora_deepres28_w128,4,13,10,4,0,0.0,FIXED_IDS,10,0.0,0.0,0.0,0,13,0.0
cora_deepres28_w128,4,13,11,4,0,0.0,FIXED_IDS,10,0.0,0.0,0.0,0,13,0.0
cora_deepres28_w128,4,13,12,4,0,0.0,FIXED_IDS,10,0.0,0.0,0.0,0,13,0.0
cora_deepres28_w128,4,13,13,4,0,0.0,FIXED_IDS,10,0.0,0.0,0.0,0,13,0.0
cora_deepres28_w128,4,13,14,4,0,0.0,FIXED_IDS,10,0.0,0.0,0.0,0,13,0.0
cora_deepres28_w128,4,13,15,4,0,0.0,FIXED_IDS,10,0.0,0.0,0.0,0,13,0.0
cora_deepres28_w128,4,13,16,4,0,0.0,FIXED_IDS,10,0.0,0.0,0.0,0,13,0.0
cora_deepres28_w128,4,13,17,4,0,0.0,FIXED_IDS,10,0.0,0.0,0.0,0,13,0.0
cora_deepres28_w128,4,13,18,4,0,0.0,FIXED_IDS,10,0.0,0.0,0.0,0,13,0.0
cora_deepres28_w128,4,13,19,4,0,0.0,FIXED_IDS,10,0.0,0.0,0.0,0,13,0.0
cora_deepres28_w128,4,13,20,4,0,0.0,FIXED_IDS,10,0.0,0.0,0.0,0,13,0.0
cora_deepres28_w128,4,13,21,4,0,0.0,FIXED_IDS,10,0.0,0.0,0.0,0,13,0.0
cora_deepres28_w128,4,13,22,4,0,0.0,FIXED_IDS,10,0.0,0.0,0.0,0,13,0.0
cora_deepres28_w128,4,13,23,4,0,0.0,FIXED_IDS,10,0.0,0.0,0.0,0,13,0.0
cora_deepres28_w128,4,13,24,4,0,0.0,FIXED_IDS,10,0.0,0.0,0.0,0,13,0.0
cora_deepres28_w128,4,13,25,4,0,0.0,FIXED_IDS,10,0.0,0.0,0.0,0,13,0.0
cora_deepres28_w128,4,13,26,4,0,0.0,FIXED_IDS,10,0.0,0.0,0.0,0,13,0.0
cora_deepres28_w128,4,13,27,4,0,0.0,FIXED_IDS,10,0.0,0.0,0.0,0,13,0.0
cora_deepres28_w128,4,13,28,4,0,0.0,FIXED_IDS,10,0.0,0.0,0.0,0,13,0.0
cora_deepres28_w128,4,13,29,4,0,0.0,FIXED_IDS,10,0.0,0.0,0.0,0,13,0.0
cora_deepres28_w128,4,13,30,4,0,0.0,FIXED_IDS,10,0.0,0.0,0.0,0,13,0.0
cora_deepres28_w128,4,13,31,4,0,0.0,FIXED_IDS,10,0.0,0.0,0.0,0,13,0.0
cora_deepres28_w128,4,13,0,4,0,0.0,FIXED_IDS,10,0.0,0.0,0.0,0,13,0.0
cora_deepres28_w128,4,13,1,4,0,0.0,FIXED_IDS,10,0.0,0.0,0.0,0,13,0.0
cora_deepres28_w128,4,13,2,4,0,0.0,FIXED_IDS,10,0.0,0.0,0.0,0,13,0.0
cora_deepres28_w128,4,13,3,4,0,0.0,FIXED_IDS,10,0.0,0.0,0.0,0,13,0.0
cora_deepres28_w128,4,13,4,4,0,0.0,FIXED_IDS,10,0.0,0.0,0.0,0,13,0.0
cora_deepres28_w128,4,13,5,4,0,0.0,FIXED_IDS,10,0.0,0.0,0.0,0,13,0.0
cora_deepres28_w128,4,13,6,4,0,0.0,FIXED_IDS,10,0.0,0.0,0.0,0,13,0.0
cora_deepres28_w128,4,13,7,4,0,0.0,FIXED_IDS,10,0.0,0.0,0.0,0,13,0.0
cora_deepres28_w128,4,13,8,4,0,0.0,FIXED_IDS,10,0.0,0.0,0.0,0,13,0.0
cora_deepres28_w128,4,13,9,4,0,0.0,FIXED_IDS,10,0.0,0.0,0.0,0,13,0.0
cora_deepres28_w128,4,13,10,4,0,0.0,FIXED_IDS,10,0.0,0.0,0.0,0,13,0.0
cora_deepres28_w128,4,13,11,4,0,0.0,FIXED_IDS,10,0.0,0.0,0.0,0,13,0.0
cora_deepres28_w128,4,13,12,4,0,0.0,FIXED_IDS,10,0.0,0.0,0.0,0,13,0.0
cora_deepres28_w128,4,13,13,4,0,0.0,FIXED_IDS,10,0.0,0.0,0.0,0,13,0.0
cora_deepres28_w128,4,13,14,4,0,0.0,FIXED_IDS,10,0.0,0.0,0.0,0,13,0.0
cora_deepres28_w128,4,13,15,4,0,0.0,FIXED_IDS,10,0.0,0.0,0.0,0,13,0.0
cora_deepres28_w128,4,13,16,4,0,0.0,FIXED_IDS,10,0.0,0.0,0.0,0,13,0.0
cora_deepres28_w128,4,13,17,4,0,0.0,FIXED_IDS,10,0.0,0.0,0.0,0,13,0.0
cora_deepres28_w128,4,13,18,4,0,0.0,FIXED_IDS,10,0.0,0.0,0.0,0,13,0.0
cora_deepres28_w128,4,13,19,4,0,0.0,FIXED_IDS,10,0.0,0.0,0.0,0,13,0.0
cora_deepres28_w128,4,13,20,4,0,0.0,FIXED_IDS,10,0.0,0.0,0.0,0,13,0.0
cora_deepres28_w128,4,13,21,4,0,0.0,FIXED_IDS,10,0.0,0.0,0.0,0,13,0.0
cora_deepres28_w128,4,13,22,4,0,0.0,FIXED_IDS,10,0.0,0.0,0.0,0,13,0.0
cora_deepres28_w128,4,13,23,4,0,0.0,FIXED_IDS,10,0.0,0.0,0.0,0,13,0.0
cora_deepres28_w128,4,13,24,4,0,0.0,FIXED_IDS,10,0.0,0.0,0.0,0,13,0.0
cora_deepres28_w128,4,13,25,4,0,0.0,FIXED_IDS,10,0.0,0.0,0.0,0,13,0.0
cora_deepres28_w128,4,13,26,4,0,0.0,FIXED_IDS,10,0.0,0.0,0.0,0,13,0.0
cora_deepres28_w128,4,13,27,4,0,0.0,FIXED_IDS,10,0.0,0.0,0.0,0,13,0.0
cora_deepres28_w128,4,13,28,4,0,0.0,FIXED_IDS,10,0.0,0.0,0.0,0,13,0.0
cora_deepres28_w128,4,13,29,4,0,0.0,FIXED_IDS,10,0.0,0.0,0.0,0,13,0.0
cora_deepres28_w128,4,13,30,4,0,0.0,FIXED_IDS,10,0.0,0.0,0.0,0,13,0.0
cora_deepres28_w128,4,13,31,4,0,0.0,FIXED_IDS,10,0.0,0.0,0.0,0,13,0.0
cora_deepres28_w128,4,13,0,4,0,0.0,FIXED_IDS,10,0.0,0.0,0.0,0,13,0.0
cora_deepres28_w128,4,13,1,4,0,0.0,FIXED_IDS,10,0.0,0.0,0.0,0,13,0.0
cora_deepres28_w128,4,13,2,4,0,0.0,FIXED_IDS,10,0.0,0.0,0.0,0,13,0.0
cora_deepres28_w128,4,13,3,4,0,0.0,FIXED_IDS,10,0.0,0.0,0.0,0,13,0.0
cora_deepres28_w128,4,13,4,4,0,0.0,FIXED_IDS,10,0.0,0.0,0.0,0,13,0.0
cora_deepres28_w128,4,13,5,4,0,0.0,FIXED_IDS,10,0.0,0.0,0.0,0,13,0.0
cora_deepres28_w128,4,13,6,4,0,0.0,FIXED_IDS,10,0.0,0.0,0.0,0,13,0.0
cora_deepres28_w128,4,13,7,4,0,0.0,FIXED_IDS,10,0.0,0.0,0.0,0,13,0.0
cora_deepres28_w128,4,13,8,4,0,0.0,FIXED_IDS,10,0.0,0.0,0.0,0,13,0.0
cora_deepres28_w128,4,13,9,4,0,0.0,FIXED_IDS,10,0.0,0.0,0.0,0,13,0.0
cora_deepres28_w128,4,13,10,4,0,0.0,FIXED_IDS,10,0.0,0.0,0.0,0,13,0.0
cora_deepres28_w128,4,13,11,4,0,0.0,FIXED_IDS,10,0.0,0.0,0.0,0,13,0.0
cora_deepres28_w128,4,13,12,4,0,0.0,FIXED_IDS,10,0.0,0.0,0.0,0,13,0.0
cora_deepres28_w128,4,13,13,4,0,0.0,FIXED_IDS,10,0.0,0.0,0.0,0,13,0.0
cora_deepres28_w128,4,13,14,4,0,0.0,FIXED_IDS,10,0.0,0.0,0.0,0,13,0.0
cora_deepres28_w128,4,13,15,4,0,0.0,FIXED_IDS,10,0.0,0.0,0.0,0,13,0.0
cora_deepres28_w128,4,13,16,4,0,0.0,FIXED_IDS,10,0.0,0.0,0.0,0,13,0.0
cora_deepres28_w128,4,13,17,4,0,0.0,FIXED_IDS,10,0.0,0.0,0.0,0,13,0.0
cora_deepres28_w128,4,13,18,4,0,0.0,FIXED_IDS,10,0.0,0.0,0.0,0,13,0.0
cora_deepres28_w128,4,13,19,4,0,0.0,FIXED_IDS,10,0.0,0.0,0.0,0,13,0.0
cora_deepres28_w128,4,13,20,4,0,0.0,FIXED_IDS,10,0.0,0.0,0.0,0,13,0.0
cora_deepres28_w128,4,13,21,4,0,0.0,FIXED_IDS,10,0.0,0.0,0.0,0,13,0.0
cora_deepres28_w128,4,13,22,4,0,0.0,FIXED_IDS,10,0.0,0.0,0.0,0,13,0.0
cora_deepres28_w128,4,13,23,4,0,0.0,FIXED_IDS,10,0.0,0.0,0.0,0,13,0.0
cora_deepres28_w128,4,13,24,4,0,0.0,FIXED_IDS,10,0.0,0.0,0.0,0,13,0.0
cora_deepres28_w128,4,13,25,4,0,0.0,FIXED_IDS,10,0.0,0.0,0.0,0,13,0.0
cora_deepres28_w128,4,13,26,4,0,0.0,FIXED_IDS,10,0.0,0.0,0.0,0,13,0.0
cora_deepres28_w128,4,13,27,4,0,0.0,FIXED_IDS,10,0.0,0.0,0.0,0,13,0.0
cora_deepres28_w128,4,13,28,4,0,0.0,FIXED_IDS,10,0.0,0.0,0.0,0,13,0.0
cora_deepres28_w128,4,13,29,4,0,0.0,FIXED_IDS,10,0.0,0.0,0.0,0,13,0.0
cora_deepres28_w128,4,13,30,4,0,0.0,FIXED_IDS,10,0.0,0.0,0.0,0,13,0.0
cora_deepres28_w128,4,13,31,4,0,0.0,FIXED_IDS,10,0.0,0.0,0.0,0,13,0.0
cora_deepres28_w128,4,13,0,4,0,0.0,FIXED_IDS,10,0.0,0.0,0.0,0,13,0.0
cora_deepres28_w128,4,13,1,4,0,0.0,FIXED_IDS,10,0.0,0.0,0.0,0,13,0.0
cora_deepres28_w128,4,13,2,4,0,0.0,FIXED_IDS,10,0.0,0.0,0.0,0,13,0.0
cora_deepres28_w128,4,13,3,4,0,0.0,FIXED_IDS,10,0.0,0.0,0.0,0,13,0.0
cora_deepres28_w128,4,13,4,4,0,0.0,FIXED_IDS,10,0.0,0.0,0.0,0,13,0.0
cora_deepres28_w128,4,13,5,4,0,0.0,FIXED_IDS,10,0.0,0.0,0.0,0,13,0.0
cora_deepres28_w128,4,13,6,4,0,0.0,FIXED_IDS,10,0.0,0.0,0.0,0,13,0.0
cora_deepres28_w128,4,13,7,4,0,0.0,FIXED_IDS,10,0.0,0.0,0.0,0,13,0.0
cora_deepres28_w128,4,13,8,4,0,0.0,FIXED_IDS,10,0.0,0.0,0.0,0,13,0.0
cora_deepres28_w128,4,13,9,4,0,0.0,FIXED_IDS,10,0.0,0.0,0.0,0,13,0.0
cora_deepres28_w128,4,13,10,4,0,0.0,FIXED_IDS,10,0.0,0.0,0.0,0,13,0.0
cora_deepres28_w128,4,13,11,4,0,0.0,FIXED_IDS,10,0.0,0.0,0.0,0,13,0.0
cora_deepres28_w128,4,13,12,4,0,0.0,FIXED_IDS,10,0.0,0.0,0.0,0,13,0.0
cora_deepres28_w128,4,13,13,4,0,0.0,FIXED_IDS,10,0.0,0.0,0.0,0,13,0.0
cora_deepres28_w128,4,13,14,4,0,0.0,FIXED_IDS,10,0.0,0.0,0.0,0,13,0.0
cora_deepres28_w128,4,13,15,4,0,0.0,FIXED_IDS,10,0.0,0.0,0.0,0,13,0.0
cora_deepres28_w128,4,13,16,4,0,0.0,FIXED_IDS,10,0.0,0.0,0.0,0,13,0.0
cora_deepres28_w128,4,13,17,4,0,0.0,FIXED_IDS,10,0.0,0.0,0.0,0,13,0.0
cora_deepres28_w128,4,13,18,4,0,0.0,FIXED_IDS,10,0.0,0.0,0.0,0,13,0.0
cora_deepres28_w128,4,13,19,4,0,0.0,FIXED_IDS,10,0.0,0.0,0.0,0,13,0.0
cora_deepres28_w128,4,13,20,4,0,0.0,FIXED_IDS,10,0.0,0.0,0.0,0,13,0.0
cora_deepres28_w128,4,13,21,4,0,0.0,FIXED_IDS,10,0.0,0.0,0.0,0,13,0.0
cora_deepres28_w128,4,13,22,4,0,0.0,FIXED_IDS,10,0.0,0.0,0.0,0,13,0.0
cora_deepres28_w128,4,13,23,4,0,0.0,FIXED_IDS,10,0.0,0.0,0.0,0,13,0.0
cora_deepres28_w128,4,13,24,4,0,0.0,FIXED_IDS,10,0.0,0.0,0.0,0,13,0.0
cora_deepres28_w128,4,13,25,4,0,0.0,FIXED_IDS,10,0.0,0.0,0.0,0,13,0.0
cora_deepres28_w128,4,13,26,4,0,0.0,FIXED_IDS,10,0.0,0.0,0.0,0,13,0.0
cora_deepres28_w128,4,13,27,4,0,0.0,FIXED_IDS,10,0.0,0.0,0.0,0,13,0.0
cora_deepres28_w128,4,13,28,4,0,0.0,FIXED_IDS,10,0.0,0.0,0.0,0,13,0.0
cora_deepres28_w128,4,13,29,4,0,0.0,FIXED_IDS,10,0.0,0.0,0.0,0,13,0.0
cora_deepres28_w128,4,13,30,4,0,0.0,FIXED_IDS,10,0.0,0.0,0.0,0,13,0.0
cora_deepres28_w128,4,13,31,4,0,0.0,FIXED_IDS,10,0.0,0.0,0.0,0,13,0.0
cora_deepres28_w128,4,13,0,4,0,0.0,FIXED_IDS,10,0.0,0.0,0.0,0,13,0.0
cora_deepres28_w128,4,13,1,4,0,0.0,FIXED_IDS,10,0.0,0.0,0.0,0,13,0.0
cora_deepres28_w128,4,13,2,4,0,0.0,FIXED_IDS,10,0.0,0.0,0.0,0,13,0.0
cora_deepres28_w128,4,13,3,4,0,0.0,FIXED_IDS,10,0.0,0.0,0.0,0,13,0.0
cora_deepres28_w128,4,13,4,4,0,0.0,FIXED_IDS,10,0.0,0.0,0.0,0,13,0.0
cora_deepres28_w128,4,13,5,4,0,0.0,FIXED_IDS,10,0.0,0.0,0.0,0,13,0.0
cora_deepres28_w128,4,13,6,4,0,0.0,FIXED_IDS,10,0.0,0.0,0.0,0,13,0.0
cora_deepres28_w128,4,13,7,4,0,0.0,FIXED_IDS,10,0.0,0.0,0.0,0,13,0.0
cora_deepres28_w128,4,13,8,4,0,0.0,FIXED_IDS,10,0.0,0.0,0.0,0,13,0.0
cora_deepres28_w128,4,13,9,4,0,0.0,FIXED_IDS,10,0.0,0.0,0.0,0,13,0.0
cora_deepres28_w128,4,13,10,4,0,0.0,FIXED_IDS,10,0.0,0.0,0.0,0,13,0.0
cora_deepres28_w128,4,13,11,4,0,0.0,FIXED_IDS,10,0.0,0.0,0.0,0,13,0.0
cora_deepres28_w128,4,13,12,4,0,0.0,FIXED_IDS,10,0.0,0.0,0.0,0,13,0.0
cora_deepres28_w128,4,13,13,4,0,0.0,FIXED_IDS,10,0.0,0.0,0.0,0,13,0.0
cora_deepres28_w128,4,13,14,4,0,0.0,FIXED_IDS,10,0.0,0.0,0.0,0,13,0.0
cora_deepres28_w128,4,13,15,4,0,0.0,FIXED_IDS,10,0.0,0.0,0.0,0,13,0.0
cora_deepres28_w128,4,13,16,4,0,0.0,FIXED_IDS,10,0.0,0.0,0.0,0,13,0.0
cora_deepres28_w128,4,13,17,4,0,0.0,FIXED_IDS,10,0.0,0.0,0.0,0,13,0.0
cora_deepres28_w128,4,13,18,4,0,0.0,FIXED_IDS,10,0.0,0.0,0.0,0,13,0.0
cora_deepres28_w128,4,13,19,4,0,0.0,FIXED_IDS,10,0.0,0.0,0.0,0,13,0.0
cora_deepres28_w128,4,13,20,4,0,0.0,FIXED_IDS,10,0.0,0.0,0.0,0,13,0.0
cora_deepres28_w128,4,13,21,4,0,0.0,FIXED_IDS,10,0.0,0.0,0.0,0,13,0.0
cora_deepres28_w128,4,13,22,4,0,0.0,FIXED_IDS,10,0.0,0.0,0.0,0,13,0.0
cora_deepres28_w128,4,13,23,4,0,0.0,FIXED_IDS,10,0.0,0.0,0.0,0,13,0.0
cora_deepres28_w128,4,13,24,4,0,0.0,FIXED_IDS,10,0.0,0.0,0.0,0,13,0.0
cora_deepres28_w128,4,13,25,4,0,0.0,FIXED_IDS,10,0.0,0.0,0.0,0,13,0.0
cora_deepres28_w128,4,13,26,4,0,0.0,FIXED_IDS,10,0.0,0.0,0.0,0,13,0.0
cora_deepres28_w128,4,13,27,4,0,0.0,FIXED_IDS,10,0.0,0.0,0.0,0,13,0.0
cora_deepres28_w128,4,13,28,4,0,0.0,FIXED_IDS,10,0.0,0.0,0.0,0,13,0.0
cora_deepres28_w128,4,13,29,4,0,0.0,FIXED_IDS,10,0.0,0.0,0.0,0,13,0.0
cora_deepres28_w128,4,13,30,4,0,0.0,FIXED_IDS,10,0.0,0.0,0.0,0,13,0.0
cora_deepres28_w128,4,13,31,4,0,0.0,FIXED_IDS,10,0.0,0.0,0.0,0,13,0.0
cora_deepres28_w128,4,13,0,4,0,0.0,FIXED_IDS,10,0.0,0.0,0.0,0,13,0.0
cora_deepres28_w128,4,13,1,4,0,0.0,FIXED_IDS,10,0.0,0.0,0.0,0,13,0.0
cora_deepres28_w128,4,13,2,4,0,0.0,FIXED_IDS,10,0.0,0.0,0.0,0,13,0.0
cora_deepres28_w128,4,13,3,4,0,0.0,FIXED_IDS,10,0.0,0.0,0.0,0,13,0.0
cora_deepres28_w128,4,13,4,4,0,0.0,FIXED_IDS,10,0.0,0.0,0.0,0,13,0.0
cora_deepres28_w128,4,13,5,4,0,0.0,FIXED_IDS,10,0.0,0.0,0.0,0,13,0.0
cora_deepres28_w128,4,13,6,4,0,0.0,FIXED_IDS,10,0.0,0.0,0.0,0,13,0.0
cora_deepres28_w128,4,13,7,4,0,0.0,FIXED_IDS,10,0.0,0.0,0.0,0,13,0.0
cora_deepres28_w128,4,13,8,4,0,0.0,FIXED_IDS,10,0.0,0.0,0.0,0,13,0.0
cora_deepres28_w128,4,13,9,4,0,0.0,FIXED_IDS,10,0.0,0.0,0.0,0,13,0.0
cora_deepres28_w128,4,13,10,4,0,0.0,FIXED_IDS,10,0.0,0.0,0.0,0,13,0.0
cora_deepres28_w128,4,13,11,4,0,0.0,FIXED_IDS,10,0.0,0.0,0.0,0,13,0.0
cora_deepres28_w128,4,13,12,4,0,0.0,FIXED_IDS,10,0.0,0.0,0.0,0,13,0.0
cora_deepres28_w128,4,13,13,4,0,0.0,FIXED_IDS,10,0.0,0.0,0.0,0,13,0.0
cora_deepres28_w128,4,13,14,4,0,0.0,FIXED_IDS,10,0.0,0.0,0.0,0,13,0.0
cora_deepres28_w128,4,13,15,4,0,0.0,FIXED_IDS,10,0.0,0.0,0.0,0,13,0.0
cora_deepres28_w128,4,13,16,4,0,0.0,FIXED_IDS,10,0.0,0.0,0.0,0,13,0.0
cora_deepres28_w128,4,13,17,4,0,0.0,FIXED_IDS,10,0.0,0.0,0.0,0,13,0.0
cora_deepres28_w128,4,13,18,4,0,0.0,FIXED_IDS,10,0.0,0.0,0.0,0,13,0.0
cora_deepres28_w128,4,13,19,4,0,0.0,FIXED_IDS,10,0.0,0.0,0.0,0,13,0.0
cora_deepres28_w128,4,13,20,4,0,0.0,FIXED_IDS,10,0.0,0.0,0.0,0,13,0.0
cora_deepres28_w128,4,13,21,4,0,0.0,FIXED_IDS,10,0.0,0.0,0.0,0,13,0.0
cora_deepres28_w128,4,13,22,4,0,0.0,FIXED_IDS,10,0.0,0.0,0.0,0,13,0.0
cora_deepres28_w128,4,13,23,4,0,0.0,FIXED_IDS,10,0.0,0.0,0.0,0,13,0.0
cora_deepres28_w128,4,13,24,4,0,0.0,FIXED_IDS,10,0.0,0.0,0.0,0,13,0.0
cora_deepres28_w128,4,13,25,4,0,0.0,FIXED_IDS,10,0.0,0.0,0.0,0,13,0.0
cora_deepres28_w128,4,13,26,4,0,0.0,FIXED_IDS,10,0.0,0.0,0.0,0,13,0.0
cora_deepres28_w128,4,13,27,4,0,0.0,FIXED_IDS,10,0.0,0.0,0.0,0,13,0.0
cora_deepres28_w128,4,13,28,4,0,0.0,FIXED_IDS,10,0.0,0.0,0.0,0,13,0.0
cora_deepres28_w128,4,13,29,4,0,0.0,FIXED_IDS,10,0.0,0.0,0.0,0,13,0.0
cora_deepres28_w128,4,13,30,4,0,0.0,FIXED_IDS,10,0.0,0.0,0.0,0,13,0.0
cora_deepres28_w128,4,13,31,4,0,0.0,FIXED_IDS,10,0.0,0.0,0.0,0,13,0.0
cora_deepres28_w128,4,13,0,4,0,0.0,FIXED_IDS,10,0.0,0.0,0.0,0,13,0.0
cora_deepres28_w128,4,13,1,4,0,0.0,FIXED_IDS,10,0.0,0.0,0.0,0,13,0.0
cora_deepres28_w128,4,13,2,4,0,0.0,FIXED_IDS,10,0.0,0.0,0.0,0,13,0.0
cora_deepres28_w128,4,13,3,4,0,0.0,FIXED_IDS,10,0.0,0.0,0.0,0,13,0.0
cora_deepres28_w128,4,13,4,4,0,0.0,FIXED_IDS,10,0.0,0.0,0.0,0,13,0.0
cora_deepres28_w128,4,13,5,4,0,0.0,FIXED_IDS,10,0.0,0.0,0.0,0,13,0.0
cora_deepres28_w128,4,13,6,4,0,0.0,FIXED_IDS,10,0.0,0.0,0.0,0,13,0.0
cora_deepres28_w128,4,13,7,4,0,0.0,FIXED_IDS,10,0.0,0.0,0.0,0,13,0.0
cora_deepres28_w128,4,13,8,4,0,0.0,FIXED_IDS,10,0.0,0.0,0.0,0,13,0.0
cora_deepres28_w128,4,13,9,4,0,0.0,FIXED_IDS,10,0.0,0.0,0.0,0,13,0.0
cora_deepres28_w128,4,13,10,4,0,0.0,FIXED_IDS,10,0.0,0.0,0.0,0,13,0.0
cora_deepres28_w128,4,13,11,4,0,0.0,FIXED_IDS,10,0.0,0.0,0.0,0,13,0.0
cora_deepres28_w128,4,13,12,4,0,0.0,FIXED_IDS,10,0.0,0.0,0.0,0,13,0.0
cora_deepres28_w128,4,13,13,4,0,0.0,FIXED_IDS,10,0.0,0.0,0.0,0,13,0.0
cora_deepres28_w128,4,13,14,4,0,0.0,FIXED_IDS,10,0.0,0.0,0.0,0,13,0.0
cora_deepres28_w128,4,13,15,4,0,0.0,FIXED_IDS,10,0.0,0.0,0.0,0,13,0.0
cora_deepres28_w128,4,13,16,4,0,0.0,FIXED_IDS,10,0.0,0.0,0.0,0,13,0.0
cora_deepres28_w128,4,13,17,4,0,0.0,FIXED_IDS,10,0.0,0.0,0.0,0,13,0.0
cora_deepres28_w128,4,13,18,4,0,0.0,FIXED_IDS,10,0.0,0.0,0.0,0,13,0.0
cora_deepres28_w128,4,13,19,4,0,0.0,FIXED_IDS,10,0.0,0.0,0.0,0,13,0.0
cora_deepres28_w128,4,13,20,4,0,0.0,FIXED_IDS,10,0.0,0.0,0.0,0,13,0.0
cora_deepres28_w128,4,13,21,4,0,0.0,FIXED_IDS,10,0.0,0.0,0.0,0,13,0.0
cora_deepres28_w128,4,13,22,4,0,0.0,FIXED_IDS,10,0.0,0.0,0.0,0,13,0.0
cora_deepres28_w128,4,13,23,4,0,0.0,FIXED_IDS,10,0.0,0.0,0.0,0,13,0.0
cora_deepres28_w128,4,13,24,4,0,0.0,FIXED_IDS,10,0.0,0.0,0.0,0,13,0.0
cora_deepres28_w128,4,13,25,4,0,0.0,FIXED_IDS,10,0.0,0.0,0.0,0,13,0.0
cora_deepres28_w128,4,13,26,4,0,0.0,FIXED_IDS,10,0.0,0.0,0.0,0,13,0.0
cora_deepres28_w128,4,13,27,4,0,0.0,FIXED_IDS,10,0.0,0.0,0.0,0,13,0.0
cora_deepres28_w128,4,13,28,4,0,0.0,FIXED_IDS,10,0.0,0.0,0.0,0,13,0.0
cora_deepres28_w128,4,13,29,4,0,0.0,FIXED_IDS,10,0.0,0.0,0.0,0,13,0.0
cora_deepres28_w128,4,13,30,4,0,0.0,FIXED_IDS,10,0.0,0.0,0.0,0,13,0.0
cora_deepres28_w128,4,13,31,4,0,0.0,FIXED_IDS,10,0.0,0.0,0.0,0,13,0.0
cora_deepres28_w128,4,13,0,4,0,0.0,FIXED_IDS,7,0.0,0.0,0.0,0,13,0.0
cora_deepres28_w128,4,13,1,4,0,0.0,FIXED_IDS,7,0.0,0.0,0.0,0,13,0.0
cora_deepres28_w128,4,13,2,4,0,0.0,FIXED_IDS,7,0.0,0.0,0.0,0,13,0.0
cora_deepres28_w128,4,13,3,4,0,0.0,FIXED_IDS,7,0.0,0.0,0.0,0,13,0.0
cora_deepres28_w128,4,13,4,4,0,0.0,FIXED_IDS,7,0.0,0.0,0.0,0,13,0.0
cora_deepres28_w128,4,13,5,4,0,0.0,FIXED_IDS,7,0.0,0.0,0.0,0,13,0.0
cora_deepres28_w128,4,13,6,4,0,0.0,FIXED_IDS,7,0.0,0.0,0.0,0,13,0.0
cora_deepres28_w128,4,13,7,4,0,0.0,FIXED_IDS,7,0.0,0.0,0.0,0,13,0.0
cora_deepres28_w128,4,13,8,4,0,0.0,FIXED_IDS,7,0.0,0.0,0.0,0,13,0.0
cora_deepres28_w128,4,13,9,4,0,0.0,FIXED_IDS,7,0.0,0.0,0.0,0,13,0.0
cora_deepres28_w128,4,13,10,4,0,0.0,FIXED_IDS,7,0.0,0.0,0.0,0,13,0.0
cora_deepres28_w128,4,13,11,4,0,0.0,FIXED_IDS,7,0.0,0.0,0.0,0,13,0.0
cora_deepres28_w128,4,13,12,4,0,0.0,FIXED_IDS,7,0.0,0.0,0.0,0,13,0.0
cora_deepres28_w128,4,13,13,4,0,0.0,FIXED_IDS,7,0.0,0.0,0.0,0,13,0.0
cora_deepres28_w128,4,13,14,4,0,0.0,FIXED_IDS,7,0.0,0.0,0.0,0,13,0.0
cora_deepres28_w128,4,13,15,4,0,0.0,FIXED_IDS,7,0.0,0.0,0.0,0,13,0.0
cora_deepres28_w128,4,13,16,4,0,0.0,FIXED_IDS,7,0.0,0.0,0.0,0,13,0.0
cora_deepres28_w128,4,13,17,4,0,0.0,FIXED_IDS,7,0.0,0.0,0.0,0,13,0.0
cora_deepres28_w128,4,13,18,4,0,0.0,FIXED_IDS,7,0.0,0.0,0.0,0,13,0.0
cora_deepres28_w128,4,13,19,4,0,0.0,FIXED_IDS,7,0.0,0.0,0.0,0,13,0.0
cora_deepres28_w128,4,13,20,4,0,0.0,FIXED_IDS,7,0.0,0.0,0.0,0,13,0.0
cora_deepres28_w128,4,13,21,4,0,0.0,FIXED_IDS,7,0.0,0.0,0.0,0,13,0.0
cora_deepres28_w128,4,13,22,4,0,0.0,FIXED_IDS,7,0.0,0.0,0.0,0,13,0.0
cora_deepres28_w128,4,13,23,4,0,0.0,FIXED_IDS,7,0.0,0.0,0.0,0,13,0.0
cora_deepres28_w128,4,13,24,4,0,0.0,FIXED_IDS,7,0.0,0.0,0.0,0,13,0.0
cora_deepres28_w128,4,13,25,4,0,0.0,FIXED_IDS,7,0.0,0.0,0.0,0,13,0.0
cora_deepres28_w128,4,13,26,4,0,0.0,FIXED_IDS,7,0.0,0.0,0.0,0,13,0.0
cora_deepres28_w128,4,13,27,4,0,0.0,FIXED_IDS,7,0.0,0.0,0.0,0,13,0.0
cora_deepres28_w128,4,13,28,4,0,0.0,FIXED_IDS,7,0.0,0.0,0.0,0,13,0.0
cora_deepres28_w128,4,13,29,4,0,0.0,FIXED_IDS,7,0.0,0.0,0.0,0,13,0.0
cora_deepres28_w128,4,13,30,4,0,0.0,FIXED_IDS,7,0.0,0.0,0.0,0,13,0.0
cora_deepres28_w128,4,13,31,4,0,0.0,FIXED_IDS,7,0.0,0.0,0.0,0,13,0.0
cora_deepres28_w128,4,13,0,8,0,0.0,FIXED_IDS,10,0.0,0.0,0.0,0,13,0.0
cora_deepres28_w128,4,13,1,8,0,0.0,FIXED_IDS,10,0.0,0.0,0.0,0,13,0.0
cora_deepres28_w128,4,13,2,8,0,0.0,FIXED_IDS,10,0.0,0.0,0.0,0,13,0.0
cora_deepres28_w128,4,13,3,8,0,0.0,FIXED_IDS,10,0.0,0.0,0.0,0,13,0.0
cora_deepres28_w128,4,13,4,8,0,0.0,FIXED_IDS,10,0.0,0.0,0.0,0,13,0.0
cora_deepres28_w128,4,13,5,8,0,0.0,FIXED_IDS,10,0.0,0.0,0.0,0,13,0.0
cora_deepres28_w128,4,13,6,8,0,0.0,FIXED_IDS,10,0.0,0.0,0.0,0,13,0.0
cora_deepres28_w128,4,13,7,8,0,0.0,FIXED_IDS,10,0.0,0.0,0.0,0,13,0.0
cora_deepres28_w128,4,13,8,8,0,0.0,FIXED_IDS,10,0.0,0.0,0.0,0,13,0.0
cora_deepres28_w128,4,13,9,8,0,0.0,FIXED_IDS,10,0.0,0.0,0.0,0,13,0.0
cora_deepres28_w128,4,13,10,8,0,0.0,FIXED_IDS,10,0.0,0.0,0.0,0,13,0.0
cora_deepres28_w128,4,13,11,8,0,0.0,FIXED_IDS,10,0.0,0.0,0.0,0,13,0.0
cora_deepres28_w128,4,13,12,8,0,0.0,FIXED_IDS,10,0.0,0.0,0.0,0,13,0.0
cora_deepres28_w128,4,13,13,8,0,0.0,FIXED_IDS,10,0.0,0.0,0.0,0,13,0.0
cora_deepres28_w128,4,13,14,8,0,0.0,FIXED_IDS,10,0.0,0.0,0.0,0,13,0.0
cora_deepres28_w128,4,13,15,8,0,0.0,FIXED_IDS,10,0.0,0.0,0.0,0,13,0.0
cora_deepres28_w128,4,13,0,8,0,0.0,FIXED_IDS,10,0.0,0.0,0.0,0,13,0.0
cora_deepres28_w128,4,13,1,8,0,0.0,FIXED_IDS,10,0.0,0.0,0.0,0,13,0.0
cora_deepres28_w128,4,13,2,8,0,0.0,FIXED_IDS,10,0.0,0.0,0.0,0,13,0.0
cora_deepres28_w128,4,13,3,8,0,0.0,FIXED_IDS,10,0.0,0.0,0.0,0,13,0.0
cora_deepres28_w128,4,13,4,8,0,0.0,FIXED_IDS,10,0.0,0.0,0.0,0,13,0.0
cora_deepres28_w128,4,13,5,8,0,0.0,FIXED_IDS,10,0.0,0.0,0.0,0,13,0.0
cora_deepres28_w128,4,13,6,8,0,0.0,FIXED_IDS,10,0.0,0.0,0.0,0,13,0.0
cora_deepres28_w128,4,13,7,8,0,0.0,FIXED_IDS,10,0.0,0.0,0.0,0,13,0.0
cora_deepres28_w128,4,13,8,8,0,0.0,FIXED_IDS,10,0.0,0.0,0.0,0,13,0.0
cora_deepres28_w128,4,13,9,8,0,0.0,FIXED_IDS,10,0.0,0.0,0.0,0,13,0.0
cora_deepres28_w128,4,13,10,8,0,0.0,FIXED_IDS,10,0.0,0.0,0.0,0,13,0.0
cora_deepres28_w128,4,13,11,8,0,0.0,FIXED_IDS,10,0.0,0.0,0.0,0,13,0.0
cora_deepres28_w128,4,13,12,8,0,0.0,FIXED_IDS,10,0.0,0.0,0.0,0,13,0.0
cora_deepres28_w128,4,13,13,8,0,0.0,FIXED_IDS,10,0.0,0.0,0.0,0,13,0.0
cora_deepres28_w128,4,13,14,8,0,0.0,FIXED_IDS,10,0.0,0.0,0.0,0,13,0.0
cora_deepres28_w128,4,13,15,8,0,0.0,FIXED_IDS,10,0.0,0.0,0.0,0,13,0.0
cora_deepres28_w128,4,13,0,8,0,0.0,FIXED_IDS,10,0.0,0.0,0.0,0,13,0.0
cora_deepres28_w128,4,13,1,8,0,0.0,FIXED_IDS,10,0.0,0.0,0.0,0,13,0.0
cora_deepres28_w128,4,13,2,8,0,0.0,FIXED_IDS,10,0.0,0.0,0.0,0,13,0.0
cora_deepres28_w128,4,13,3,8,0,0.0,FIXED_IDS,10,0.0,0.0,0.0,0,13,0.0
cora_deepres28_w128,4,13,4,8,0,0.0,FIXED_IDS,10,0.0,0.0,0.0,0,13,0.0
cora_deepres28_w128,4,13,5,8,0,0.0,FIXED_IDS,10,0.0,0.0,0.0,0,13,0.0
cora_deepres28_w128,4,13,6,8,0,0.0,FIXED_IDS,10,0.0,0.0,0.0,0,13,0.0
cora_deepres28_w128,4,13,7,8,0,0.0,FIXED_IDS,10,0.0,0.0,0.0,0,13,0.0
cora_deepres28_w128,4,13,8,8,0,0.0,FIXED_IDS,10,0.0,0.0,0.0,0,13,0.0
cora_deepres28_w128,4,13,9,8,0,0.0,FIXED_IDS,10,0.0,0.0,0.0,0,13,0.0
cora_deepres28_w128,4,13,10,8,0,0.0,FIXED_IDS,10,0.0,0.0,0.0,0,13,0.0
cora_deepres28_w128,4,13,11,8,0,0.0,FIXED_IDS,10,0.0,0.0,0.0,0,13,0.0
cora_deepres28_w128,4,13,12,8,0,0.0,FIXED_IDS,10,0.0,0.0,0.0,0,13,0.0
cora_deepres28_w128,4,13,13,8,0,0.0,FIXED_IDS,10,0.0,0.0,0.0,0,13,0.0
cora_deepres28_w128,4,13,14,8,0,0.0,FIXED_IDS,10,0.0,0.0,0.0,0,13,0.0
cora_deepres28_w128,4,13,15,8,0,0.0,FIXED_IDS,10,0.0,0.0,0.0,0,13,0.0
cora_deepres28_w128,4,13,0,8,0,0.0,FIXED_IDS,10,0.0,0.0,0.0,0,13,0.0
cora_deepres28_w128,4,13,1,8,0,0.0,FIXED_IDS,10,0.0,0.0,0.0,0,13,0.0
cora_deepres28_w128,4,13,2,8,0,0.0,FIXED_IDS,10,0.0,0.0,0.0,0,13,0.0
cora_deepres28_w128,4,13,3,8,0,0.0,FIXED_IDS,10,0.0,0.0,0.0,0,13,0.0
cora_deepres28_w128,4,13,4,8,0,0.0,FIXED_IDS,10,0.0,0.0,0.0,0,13,0.0
cora_deepres28_w128,4,13,5,8,0,0.0,FIXED_IDS,10,0.0,0.0,0.0,0,13,0.0
cora_deepres28_w128,4,13,6,8,0,0.0,FIXED_IDS,10,0.0,0.0,0.0,0,13,0.0
cora_deepres28_w128,4,13,7,8,0,0.0,FIXED_IDS,10,0.0,0.0,0.0,0,13,0.0
cora_deepres28_w128,4,13,8,8,0,0.0,FIXED_IDS,10,0.0,0.0,0.0,0,13,0.0
cora_deepres28_w128,4,13,9,8,0,0.0,FIXED_IDS,10,0.0,0.0,0.0,0,13,0.0
cora_deepres28_w128,4,13,10,8,0,0.0,FIXED_IDS,10,0.0,0.0,0.0,0,13,0.0
cora_deepres28_w128,4,13,11,8,0,0.0,FIXED_IDS,10,0.0,0.0,0.0,0,13,0.0
cora_deepres28_w128,4,13,12,8,0,0.0,FIXED_IDS,10,0.0,0.0,0.0,0,13,0.0
cora_deepres28_w128,4,13,13,8,0,0.0,FIXED_IDS,10,0.0,0.0,0.0,0,13,0.0
cora_deepres28_w128,4,13,14,8,0,0.0,FIXED_IDS,10,0.0,0.0,0.0,0,13,0.0
cora_deepres28_w128,4,13,15,8,0,0.0,FIXED_IDS,10,0.0,0.0,0.0,0,13,0.0
cora_deepres28_w128,4,13,0,8,0,0.0,FIXED_IDS,10,0.0,0.0,0.0,0,13,0.0
cora_deepres28_w128,4,13,1,8,0,0.0,FIXED_IDS,10,0.0,0.0,0.0,0,13,0.0
cora_deepres28_w128,4,13,2,8,0,0.0,FIXED_IDS,10,0.0,0.0,0.0,0,13,0.0
cora_deepres28_w128,4,13,3,8,0,0.0,FIXED_IDS,10,0.0,0.0,0.0,0,13,0.0
cora_deepres28_w128,4,13,4,8,0,0.0,FIXED_IDS,10,0.0,0.0,0.0,0,13,0.0
cora_deepres28_w128,4,13,5,8,0,0.0,FIXED_IDS,10,0.0,0.0,0.0,0,13,0.0
cora_deepres28_w128,4,13,6,8,0,0.0,FIXED_IDS,10,0.0,0.0,0.0,0,13,0.0
cora_deepres28_w128,4,13,7,8,0,0.0,FIXED_IDS,10,0.0,0.0,0.0,0,13,0.0
cora_deepres28_w128,4,13,8,8,0,0.0,FIXED_IDS,10,0.0,0.0,0.0,0,13,0.0
cora_deepres28_w128,4,13,9,8,0,0.0,FIXED_IDS,10,0.0,0.0,0.0,0,13,0.0
cora_deepres28_w128,4,13,10,8,0,0.0,FIXED_IDS,10,0.0,0.0,0.0,0,13,0.0
cora_deepres28_w128,4,13,11,8,0,0.0,FIXED_IDS,10,0.0,0.0,0.0,0,13,0.0
cora_deepres28_w128,4,13,12,8,0,0.0,FIXED_IDS,10,0.0,0.0,0.0,0,13,0.0
cora_deepres28_w128,4,13,13,8,0,0.0,FIXED_IDS,10,0.0,0.0,0.0,0,13,0.0
cora_deepres28_w128,4,13,14,8,0,0.0,FIXED_IDS,10,0.0,0.0,0.0,0,13,0.0
cora_deepres28_w128,4,13,15,8,0,0.0,FIXED_IDS,10,0.0,0.0,0.0,0,13,0.0
cora_deepres28_w128,4,13,0,8,0,0.0,FIXED_IDS,10,0.0,0.0,0.0,0,13,0.0
cora_deepres28_w128,4,13,1,8,0,0.0,FIXED_IDS,10,0.0,0.0,0.0,0,13,0.0
cora_deepres28_w128,4,13,2,8,0,0.0,FIXED_IDS,10,0.0,0.0,0.0,0,13,0.0
cora_deepres28_w128,4,13,3,8,0,0.0,FIXED_IDS,10,0.0,0.0,0.0,0,13,0.0
cora_deepres28_w128,4,13,4,8,0,0.0,FIXED_IDS,10,0.0,0.0,0.0,0,13,0.0
cora_deepres28_w128,4,13,5,8,0,0.0,FIXED_IDS,10,0.0,0.0,0.0,0,13,0.0
cora_deepres28_w128,4,13,6,8,0,0.0,FIXED_IDS,10,0.0,0.0,0.0,0,13,0.0
cora_deepres28_w128,4,13,7,8,0,0.0,FIXED_IDS,10,0.0,0.0,0.0,0,13,0.0
cora_deepres28_w128,4,13,8,8,0,0.0,FIXED_IDS,10,0.0,0.0,0.0,0,13,0.0
cora_deepres28_w128,4,13,9,8,0,0.0,FIXED_IDS,10,0.0,0.0,0.0,0,13,0.0
cora_deepres28_w128,4,13,10,8,0,0.0,FIXED_IDS,10,0.0,0.0,0.0,0,13,0.0
cora_deepres28_w128,4,13,11,8,0,0.0,FIXED_IDS,10,0.0,0.0,0.0,0,13,0.0
cora_deepres28_w128,4,13,12,8,0,0.0,FIXED_IDS,10,0.0,0.0,0.0,0,13,0.0
cora_deepres28_w128,4,13,13,8,0,0.0,FIXED_IDS,10,0.0,0.0,0.0,0,13,0.0
cora_deepres28_w128,4,13,14,8,0,0.0,FIXED_IDS,10,0.0,0.0,0.0,0,13,0.0
cora_deepres28_w128,4,13,15,8,0,0.0,FIXED_IDS,10,0.0,0.0,0.0,0,13,0.0
cora_deepres28_w128,4,13,0,8,0,0.0,FIXED_IDS,10,0.0,0.0,0.0,0,13,0.0
cora_deepres28_w128,4,13,1,8,0,0.0,FIXED_IDS,10,0.0,0.0,0.0,0,13,0.0
cora_deepres28_w128,4,13,2,8,0,0.0,FIXED_IDS,10,0.0,0.0,0.0,0,13,0.0
cora_deepres28_w128,4,13,3,8,0,0.0,FIXED_IDS,10,0.0,0.0,0.0,0,13,0.0
cora_deepres28_w128,4,13,4,8,0,0.0,FIXED_IDS,10,0.0,0.0,0.0,0,13,0.0
cora_deepres28_w128,4,13,5,8,0,0.0,FIXED_IDS,10,0.0,0.0,0.0,0,13,0.0
cora_deepres28_w128,4,13,6,8,0,0.0,FIXED_IDS,10,0.0,0.0,0.0,0,13,0.0
cora_deepres28_w128,4,13,7,8,0,0.0,FIXED_IDS,10,0.0,0.0,0.0,0,13,0.0
cora_deepres28_w128,4,13,8,8,0,0.0,FIXED_IDS,10,0.0,0.0,0.0,0,13,0.0
cora_deepres28_w128,4,13,9,8,0,0.0,FIXED_IDS,10,0.0,0.0,0.0,0,13,0.0
cora_deepres28_w128,4,13,10,8,0,0.0,FIXED_IDS,10,0.0,0.0,0.0,0,13,0.0
cora_deepres28_w128,4,13,11,8,0,0.0,FIXED_IDS,10,0.0,0.0,0.0,0,13,0.0
cora_deepres28_w128,4,13,12,8,0,0.0,FIXED_IDS,10,0.0,0.0,0.0,0,13,0.0
cora_deepres28_w128,4,13,13,8,0,0.0,FIXED_IDS,10,0.0,0.0,0.0,0,13,0.0
cora_deepres28_w128,4,13,14,8,0,0.0,FIXED_IDS,10,0.0,0.0,0.0,0,13,0.0
cora_deepres28_w128,4,13,15,8,0,0.0,FIXED_IDS,10,0.0,0.0,0.0,0,13,0.0
cora_deepres28_w128,4,13,0,8,0,0.0,FIXED_IDS,10,0.0,0.0,0.0,0,13,0.0
cora_deepres28_w128,4,13,1,8,0,0.0,FIXED_IDS,10,0.0,0.0,0.0,0,13,0.0
cora_deepres28_w128,4,13,2,8,0,0.0,FIXED_IDS,10,0.0,0.0,0.0,0,13,0.0
cora_deepres28_w128,4,13,3,8,0,0.0,FIXED_IDS,10,0.0,0.0,0.0,0,13,0.0
cora_deepres28_w128,4,13,4,8,0,0.0,FIXED_IDS,10,0.0,0.0,0.0,0,13,0.0
cora_deepres28_w128,4,13,5,8,0,0.0,FIXED_IDS,10,0.0,0.0,0.0,0,13,0.0
cora_deepres28_w128,4,13,6,8,0,0.0,FIXED_IDS,10,0.0,0.0,0.0,0,13,0.0
cora_deepres28_w128,4,13,7,8,0,0.0,FIXED_IDS,10,0.0,0.0,0.0,0,13,0.0
cora_deepres28_w128,4,13,8,8,0,0.0,FIXED_IDS,10,0.0,0.0,0.0,0,13,0.0
cora_deepres28_w128,4,13,9,8,0,0.0,FIXED_IDS,10,0.0,0.0,0.0,0,13,0.0
cora_deepres28_w128,4,13,10,8,0,0.0,FIXED_IDS,10,0.0,0.0,0.0,0,13,0.0
cora_deepres28_w128,4,13,11,8,0,0.0,FIXED_IDS,10,0.0,0.0,0.0,0,13,0.0
cora_deepres28_w128,4,13,12,8,0,0.0,FIXED_IDS,10,0.0,0.0,0.0,0,13,0.0
cora_deepres28_w128,4,13,13,8,0,0.0,FIXED_IDS,10,0.0,0.0,0.0,0,13,0.0
cora_deepres28_w128,4,13,14,8,0,0.0,FIXED_IDS,10,0.0,0.0,0.0,0,13,0.0
cora_deepres28_w128,4,13,15,8,0,0.0,FIXED_IDS,10,0.0,0.0,0.0,0,13,0.0
cora_deepres28_w128,4,13,0,8,0,0.0,FIXED_IDS,10,0.0,0.0,0.0,0,13,0.0
cora_deepres28_w128,4,13,1,8,0,0.0,FIXED_IDS,10,0.0,0.0,0.0,0,13,0.0
cora_deepres28_w128,4,13,2,8,0,0.0,FIXED_IDS,10,0.0,0.0,0.0,0,13,0.0
cora_deepres28_w128,4,13,3,8,0,0.0,FIXED_IDS,10,0.0,0.0,0.0,0,13,0.0
cora_deepres28_w128,4,13,4,8,0,0.0,FIXED_IDS,10,0.0,0.0,0.0,0,13,0.0
cora_deepres28_w128,4,13,5,8,0,0.0,FIXED_IDS,10,0.0,0.0,0.0,0,13,0.0
cora_deepres28_w128,4,13,6,8,0,0.0,FIXED_IDS,10,0.0,0.0,0.0,0,13,0.0
cora_deepres28_w128,4,13,7,8,0,0.0,FIXED_IDS,10,0.0,0.0,0.0,0,13,0.0
cora_deepres28_w128,4,13,8,8,0,0.0,FIXED_IDS,10,0.0,0.0,0.0,0,13,0.0
cora_deepres28_w128,4,13,9,8,0,0.0,FIXED_IDS,10,0.0,0.0,0.0,0,13,0.0
cora_deepres28_w128,4,13,10,8,0,0.0,FIXED_IDS,10,0.0,0.0,0.0,0,13,0.0
cora_deepres28_w128,4,13,11,8,0,0.0,FIXED_IDS,10,0.0,0.0,0.0,0,13,0.0
cora_deepres28_w128,4,13,12,8,0,0.0,FIXED_IDS,10,0.0,0.0,0.0,0,13,0.0
cora_deepres28_w128,4,13,13,8,0,0.0,FIXED_IDS,10,0.0,0.0,0.0,0,13,0.0
cora_deepres28_w128,4,13,14,8,0,0.0,FIXED_IDS,10,0.0,0.0,0.0,0,13,0.0
cora_deepres28_w128,4,13,15,8,0,0.0,FIXED_IDS,10,0.0,0.0,0.0,0,13,0.0
cora_deepres28_w128,4,13,0,8,0,0.0,FIXED_IDS,10,0.0,0.0,0.0,0,13,0.0
cora_deepres28_w128,4,13,1,8,0,0.0,FIXED_IDS,10,0.0,0.0,0.0,0,13,0.0
cora_deepres28_w128,4,13,2,8,0,0.0,FIXED_IDS,10,0.0,0.0,0.0,0,13,0.0
cora_deepres28_w128,4,13,3,8,0,0.0,FIXED_IDS,10,0.0,0.0,0.0,0,13,0.0
cora_deepres28_w128,4,13,4,8,0,0.0,FIXED_IDS,10,0.0,0.0,0.0,0,13,0.0
cora_deepres28_w128,4,13,5,8,0,0.0,FIXED_IDS,10,0.0,0.0,0.0,0,13,0.0
cora_deepres28_w128,4,13,6,8,0,0.0,FIXED_IDS,10,0.0,0.0,0.0,0,13,0.0
cora_deepres28_w128,4,13,7,8,0,0.0,FIXED_IDS,10,0.0,0.0,0.0,0,13,0.0
cora_deepres28_w128,4,13,8,8,0,0.0,FIXED_IDS,10,0.0,0.0,0.0,0,13,0.0
cora_deepres28_w128,4,13,9,8,0,0.0,FIXED_IDS,10,0.0,0.0,0.0,0,13,0.0
cora_deepres28_w128,4,13,10,8,0,0.0,FIXED_IDS,10,0.0,0.0,0.0,0,13,0.0
cora_deepres28_w128,4,13,11,8,0,0.0,FIXED_IDS,10,0.0,0.0,0.0,0,13,0.0
cora_deepres28_w128,4,13,12,8,0,0.0,FIXED_IDS,10,0.0,0.0,0.0,0,13,0.0
cora_deepres28_w128,4,13,13,8,0,0.0,FIXED_IDS,10,0.0,0.0,0.0,0,13,0.0
cora_deepres28_w128,4,13,14,8,0,0.0,FIXED_IDS,10,0.0,0.0,0.0,0,13,0.0
cora_deepres28_w128,4,13,15,8,0,0.0,FIXED_IDS,10,0.0,0.0,0.0,0,13,0.0
cora_deepres28_w128,4,13,0,8,0,0.0,FIXED_IDS,10,0.0,0.0,0.0,0,13,0.0
cora_deepres28_w128,4,13,1,8,0,0.0,FIXED_IDS,10,0.0,0.0,0.0,0,13,0.0
cora_deepres28_w128,4,13,2,8,0,0.0,FIXED_IDS,10,0.0,0.0,0.0,0,13,0.0
cora_deepres28_w128,4,13,3,8,0,0.0,FIXED_IDS,10,0.0,0.0,0.0,0,13,0.0
cora_deepres28_w128,4,13,4,8,0,0.0,FIXED_IDS,10,0.0,0.0,0.0,0,13,0.0
cora_deepres28_w128,4,13,5,8,0,0.0,FIXED_IDS,10,0.0,0.0,0.0,0,13,0.0
cora_deepres28_w128,4,13,6,8,0,0.0,FIXED_IDS,10,0.0,0.0,0.0,0,13,0.0
cora_deepres28_w128,4,13,7,8,0,0.0,FIXED_IDS,10,0.0,0.0,0.0,0,13,0.0
cora_deepres28_w128,4,13,8,8,0,0.0,FIXED_IDS,10,0.0,0.0,0.0,0,13,0.0
cora_deepres28_w128,4,13,9,8,0,0.0,FIXED_IDS,10,0.0,0.0,0.0,0,13,0.0
cora_deepres28_w128,4,13,10,8,0,0.0,FIXED_IDS,10,0.0,0.0,0.0,0,13,0.0
cora_deepres28_w128,4,13,11,8,0,0.0,FIXED_IDS,10,0.0,0.0,0.0,0,13,0.0
cora_deepres28_w128,4,13,12,8,0,0.0,FIXED_IDS,10,0.0,0.0,0.0,0,13,0.0
cora_deepres28_w128,4,13,13,8,0,0.0,FIXED_IDS,10,0.0,0.0,0.0,0,13,0.0
cora_deepres28_w128,4,13,14,8,0,0.0,FIXED_IDS,10,0.0,0.0,0.0,0,13,0.0
cora_deepres28_w128,4,13,15,8,0,0.0,FIXED_IDS,10,0.0,0.0,0.0,0,13,0.0
cora_deepres28_w128,4,13,0,8,0,0.0,FIXED_IDS,10,0.0,0.0,0.0,0,13,0.0
cora_deepres28_w128,4,13,1,8,0,0.0,FIXED_IDS,10,0.0,0.0,0.0,0,13,0.0
cora_deepres28_w128,4,13,2,8,0,0.0,FIXED_IDS,10,0.0,0.0,0.0,0,13,0.0
cora_deepres28_w128,4,13,3,8,0,0.0,FIXED_IDS,10,0.0,0.0,0.0,0,13,0.0
cora_deepres28_w128,4,13,4,8,0,0.0,FIXED_IDS,10,0.0,0.0,0.0,0,13,0.0
cora_deepres28_w128,4,13,5,8,0,0.0,FIXED_IDS,10,0.0,0.0,0.0,0,13,0.0
cora_deepres28_w128,4,13,6,8,0,0.0,FIXED_IDS,10,0.0,0.0,0.0,0,13,0.0
cora_deepres28_w128,4,13,7,8,0,0.0,FIXED_IDS,10,0.0,0.0,0.0,0,13,0.0
cora_deepres28_w128,4,13,8,8,0,0.0,FIXED_IDS,10,0.0,0.0,0.0,0,13,0.0
cora_deepres28_w128,4,13,9,8,0,0.0,FIXED_IDS,10,0.0,0.0,0.0,0,13,0.0
cora_deepres28_w128,4,13,10,8,0,0.0,FIXED_IDS,10,0.0,0.0,0.0,0,13,0.0
cora_deepres28_w128,4,13,11,8,0,0.0,FIXED_IDS,10,0.0,0.0,0.0,0,13,0.0
cora_deepres28_w128,4,13,12,8,0,0.0,FIXED_IDS,10,0.0,0.0,0.0,0,13,0.0
cora_deepres28_w128,4,13,13,8,0,0.0,FIXED_IDS,10,0.0,0.0,0.0,0,13,0.0
cora_deepres28_w128,4,13,14,8,0,0.0,FIXED_IDS,10,0.0,0.0,0.0,0,13,0.0
cora_deepres28_w128,4,13,15,8,0,0.0,FIXED_IDS,10,0.0,0.0,0.0,0,13,0.0
cora_deepres28_w128,4,13,0,8,0,0.0,FIXED_IDS,10,0.0,0.0,0.0,0,13,0.0
cora_deepres28_w128,4,13,1,8,0,0.0,FIXED_IDS,10,0.0,0.0,0.0,0,13,0.0
cora_deepres28_w128,4,13,2,8,0,0.0,FIXED_IDS,10,0.0,0.0,0.0,0,13,0.0
cora_deepres28_w128,4,13,3,8,0,0.0,FIXED_IDS,10,0.0,0.0,0.0,0,13,0.0
cora_deepres28_w128,4,13,4,8,0,0.0,FIXED_IDS,10,0.0,0.0,0.0,0,13,0.0
cora_deepres28_w128,4,13,5,8,0,0.0,FIXED_IDS,10,0.0,0.0,0.0,0,13,0.0
cora_deepres28_w128,4,13,6,8,0,0.0,FIXED_IDS,10,0.0,0.0,0.0,0,13,0.0
cora_deepres28_w128,4,13,7,8,0,0.0,FIXED_IDS,10,0.0,0.0,0.0,0,13,0.0
cora_deepres28_w128,4,13,8,8,0,0.0,FIXED_IDS,10,0.0,0.0,0.0,0,13,0.0
cora_deepres28_w128,4,13,9,8,0,0.0,FIXED_IDS,10,0.0,0.0,0.0,0,13,0.0
cora_deepres28_w128,4,13,10,8,0,0.0,FIXED_IDS,10,0.0,0.0,0.0,0,13,0.0
cora_deepres28_w128,4,13,11,8,0,0.0,FIXED_IDS,10,0.0,0.0,0.0,0,13,0.0
cora_deepres28_w128,4,13,12,8,0,0.0,FIXED_IDS,10,0.0,0.0,0.0,0,13,0.0
cora_deepres28_w128,4,13,13,8,0,0.0,FIXED_IDS,10,0.0,0.0,0.0,0,13,0.0
cora_deepres28_w128,4,13,14,8,0,0.0,FIXED_IDS,10,0.0,0.0,0.0,0,13,0.0
cora_deepres28_w128,4,13,15,8,0,0.0,FIXED_IDS,10,0.0,0.0,0.0,0,13,0.0
cora_deepres28_w128,4,13,0,8,0,0.0,FIXED_IDS,10,0.0,0.0,0.0,0,13,0.0
cora_deepres28_w128,4,13,1,8,0,0.0,FIXED_IDS,10,0.0,0.0,0.0,0,13,0.0
cora_deepres28_w128,4,13,2,8,0,0.0,FIXED_IDS,10,0.0,0.0,0.0,0,13,0.0
cora_deepres28_w128,4,13,3,8,0,0.0,FIXED_IDS,10,0.0,0.0,0.0,0,13,0.0
cora_deepres28_w128,4,13,4,8,0,0.0,FIXED_IDS,10,0.0,0.0,0.0,0,13,0.0
cora_deepres28_w128,4,13,5,8,0,0.0,FIXED_IDS,10,0.0,0.0,0.0,0,13,0.0
cora_deepres28_w128,4,13,6,8,0,0.0,FIXED_IDS,10,0.0,0.0,0.0,0,13,0.0
cora_deepres28_w128,4,13,7,8,0,0.0,FIXED_IDS,10,0.0,0.0,0.0,0,13,0.0
cora_deepres28_w128,4,13,8,8,0,0.0,FIXED_IDS,10,0.0,0.0,0.0,0,13,0.0
cora_deepres28_w128,4,13,9,8,0,0.0,FIXED_IDS,10,0.0,0.0,0.0,0,13,0.0
cora_deepres28_w128,4,13,10,8,0,0.0,FIXED_IDS,10,0.0,0.0,0.0,0,13,0.0
cora_deepres28_w128,4,13,11,8,0,0.0,FIXED_IDS,10,0.0,0.0,0.0,0,13,0.0
cora_deepres28_w128,4,13,12,8,0,0.0,FIXED_IDS,10,0.0,0.0,0.0,0,13,0.0
cora_deepres28_w128,4,13,13,8,0,0.0,FIXED_IDS,10,0.0,0.0,0.0,0,13,0.0
cora_deepres28_w128,4,13,14,8,0,0.0,FIXED_IDS,10,0.0,0.0,0.0,0,13,0.0
cora_deepres28_w128,4,13,15,8,0,0.0,FIXED_IDS,10,0.0,0.0,0.0,0,13,0.0
cora_deepres28_w128,4,13,0,8,0,0.0,FIXED_IDS,10,0.0,0.0,0.0,0,13,0.0
cora_deepres28_w128,4,13,1,8,0,0.0,FIXED_IDS,10,0.0,0.0,0.0,0,13,0.0
cora_deepres28_w128,4,13,2,8,0,0.0,FIXED_IDS,10,0.0,0.0,0.0,0,13,0.0
cora_deepres28_w128,4,13,3,8,0,0.0,FIXED_IDS,10,0.0,0.0,0.0,0,13,0.0
cora_deepres28_w128,4,13,4,8,0,0.0,FIXED_IDS,10,0.0,0.0,0.0,0,13,0.0
cora_deepres28_w128,4,13,5,8,0,0.0,FIXED_IDS,10,0.0,0.0,0.0,0,13,0.0
cora_deepres28_w128,4,13,6,8,0,0.0,FIXED_IDS,10,0.0,0.0,0.0,0,13,0.0
cora_deepres28_w128,4,13,7,8,0,0.0,FIXED_IDS,10,0.0,0.0,0.0,0,13,0.0
cora_deepres28_w128,4,13,8,8,0,0.0,FIXED_IDS,10,0.0,0.0,0.0,0,13,0.0
cora_deepres28_w128,4,13,9,8,0,0.0,FIXED_IDS,10,0.0,0.0,0.0,0,13,0.0
cora_deepres28_w128,4,13,10,8,0,0.0,FIXED_IDS,10,0.0,0.0,0.0,0,13,0.0
cora_deepres28_w128,4,13,11,8,0,0.0,FIXED_IDS,10,0.0,0.0,0.0,0,13,0.0
cora_deepres28_w128,4,13,12,8,0,0.0,FIXED_IDS,10,0.0,0.0,0.0,0,13,0.0
cora_deepres28_w128,4,13,13,8,0,0.0,FIXED_IDS,10,0.0,0.0,0.0,0,13,0.0
cora_deepres28_w128,4,13,14,8,0,0.0,FIXED_IDS,10,0.0,0.0,0.0,0,13,0.0
cora_deepres28_w128,4,13,15,8,0,0.0,FIXED_IDS,10,0.0,0.0,0.0,0,13,0.0
cora_deepres28_w128,4,13,0,8,0,0.0,FIXED_IDS,10,0.0,0.0,0.0,0,13,0.0
cora_deepres28_w128,4,13,1,8,0,0.0,FIXED_IDS,10,0.0,0.0,0.0,0,13,0.0
cora_deepres28_w128,4,13,2,8,0,0.0,FIXED_IDS,10,0.0,0.0,0.0,0,13,0.0
cora_deepres28_w128,4,13,3,8,0,0.0,FIXED_IDS,10,0.0,0.0,0.0,0,13,0.0
cora_deepres28_w128,4,13,4,8,0,0.0,FIXED_IDS,10,0.0,0.0,0.0,0,13,0.0
cora_deepres28_w128,4,13,5,8,0,0.0,FIXED_IDS,10,0.0,0.0,0.0,0,13,0.0
cora_deepres28_w128,4,13,6,8,0,0.0,FIXED_IDS,10,0.0,0.0,0.0,0,13,0.0
cora_deepres28_w128,4,13,7,8,0,0.0,FIXED_IDS,10,0.0,0.0,0.0,0,13,0.0
cora_deepres28_w128,4,13,8,8,0,0.0,FIXED_IDS,10,0.0,0.0,0.0,0,13,0.0
cora_deepres28_w128,4,13,9,8,0,0.0,FIXED_IDS,10,0.0,0.0,0.0,0,13,0.0
cora_deepres28_w128,4,13,10,8,0,0.0,FIXED_IDS,10,0.0,0.0,0.0,0,13,0.0
cora_deepres28_w128,4,13,11,8,0,0.0,FIXED_IDS,10,0.0,0.0,0.0,0,13,0.0
cora_deepres28_w128,4,13,12,8,0,0.0,FIXED_IDS,10,0.0,0.0,0.0,0,13,0.0
cora_deepres28_w128,4,13,13,8,0,0.0,FIXED_IDS,10,0.0,0.0,0.0,0,13,0.0
cora_deepres28_w128,4,13,14,8,0,0.0,FIXED_IDS,10,0.0,0.0,0.0,0,13,0.0
cora_deepres28_w128,4,13,15,8,0,0.0,FIXED_IDS,10,0.0,0.0,0.0,0,13,0.0
cora_deepres28_w128,4,13,0,8,0,0.0,FIXED_IDS,10,0.0,0.0,0.0,0,13,0.0
cora_deepres28_w128,4,13,1,8,0,0.0,FIXED_IDS,10,0.0,0.0,0.0,0,13,0.0
cora_deepres28_w128,4,13,2,8,0,0.0,FIXED_IDS,10,0.0,0.0,0.0,0,13,0.0
cora_deepres28_w128,4,13,3,8,0,0.0,FIXED_IDS,10,0.0,0.0,0.0,0,13,0.0
cora_deepres28_w128,4,13,4,8,0,0.0,FIXED_IDS,10,0.0,0.0,0.0,0,13,0.0
cora_deepres28_w128,4,13,5,8,0,0.0,FIXED_IDS,10,0.0,0.0,0.0,0,13,0.0
cora_deepres28_w128,4,13,6,8,0,0.0,FIXED_IDS,10,0.0,0.0,0.0,0,13,0.0
cora_deepres28_w128,4,13,7,8,0,0.0,FIXED_IDS,10,0.0,0.0,0.0,0,13,0.0
cora_deepres28_w128,4,13,8,8,0,0.0,FIXED_IDS,10,0.0,0.0,0.0,0,13,0.0
cora_deepres28_w128,4,13,9,8,0,0.0,FIXED_IDS,10,0.0,0.0,0.0,0,13,0.0
cora_deepres28_w128,4,13,10,8,0,0.0,FIXED_IDS,10,0.0,0.0,0.0,0,13,0.0
cora_deepres28_w128,4,13,11,8,0,0.0,FIXED_IDS,10,0.0,0.0,0.0,0,13,0.0
cora_deepres28_w128,4,13,12,8,0,0.0,FIXED_IDS,10,0.0,0.0,0.0,0,13,0.0
cora_deepres28_w128,4,13,13,8,0,0.0,FIXED_IDS,10,0.0,0.0,0.0,0,13,0.0
cora_deepres28_w128,4,13,14,8,0,0.0,FIXED_IDS,10,0.0,0.0,0.0,0,13,0.0
cora_deepres28_w128,4,13,15,8,0,0.0,FIXED_IDS,10,0.0,0.0,0.0,0,13,0.0
cora_deepres28_w128,4,13,0,8,0,0.0,FIXED_IDS,10,0.0,0.0,0.0,0,13,0.0
cora_deepres28_w128,4,13,1,8,0,0.0,FIXED_IDS,10,0.0,0.0,0.0,0,13,0.0
cora_deepres28_w128,4,13,2,8,0,0.0,FIXED_IDS,10,0.0,0.0,0.0,0,13,0.0
cora_deepres28_w128,4,13,3,8,0,0.0,FIXED_IDS,10,0.0,0.0,0.0,0,13,0.0
cora_deepres28_w128,4,13,4,8,0,0.0,FIXED_IDS,10,0.0,0.0,0.0,0,13,0.0
cora_deepres28_w128,4,13,5,8,0,0.0,FIXED_IDS,10,0.0,0.0,0.0,0,13,0.0
cora_deepres28_w128,4,13,6,8,0,0.0,FIXED_IDS,10,0.0,0.0,0.0,0,13,0.0
cora_deepres28_w128,4,13,7,8,0,0.0,FIXED_IDS,10,0.0,0.0,0.0,0,13,0.0
cora_deepres28_w128,4,13,8,8,0,0.0,FIXED_IDS,10,0.0,0.0,0.0,0,13,0.0
cora_deepres28_w128,4,13,9,8,0,0.0,FIXED_IDS,10,0.0,0.0,0.0,0,13,0.0
cora_deepres28_w128,4,13,10,8,0,0.0,FIXED_IDS,10,0.0,0.0,0.0,0,13,0.0
cora_deepres28_w128,4,13,11,8,0,0.0,FIXED_IDS,10,0.0,0.0,0.0,0,13,0.0
cora_deepres28_w128,4,13,12,8,0,0.0,FIXED_IDS,10,0.0,0.0,0.0,0,13,0.0
cora_deepres28_w128,4,13,13,8,0,0.0,FIXED_IDS,10,0.0,0.0,0.0,0,13,0.0
cora_deepres28_w128,4,13,14,8,0,0.0,FIXED_IDS,10,0.0,0.0,0.0,0,13,0.0
cora_deepres28_w128,4,13,15,8,0,0.0,FIXED_IDS,10,0.0,0.0,0.0,0,13,0.0
cora_deepres28_w128,4,13,0,8,0,0.0,FIXED_IDS,10,0.0,0.0,0.0,0,13,0.0
cora_deepres28_w128,4,13,1,8,0,0.0,FIXED_IDS,10,0.0,0.0,0.0,0,13,0.0
cora_deepres28_w128,4,13,2,8,0,0.0,FIXED_IDS,10,0.0,0.0,0.0,0,13,0.0
cora_deepres28_w128,4,13,3,8,0,0.0,FIXED_IDS,10,0.0,0.0,0.0,0,13,0.0
cora_deepres28_w128,4,13,4,8,0,0.0,FIXED_IDS,10,0.0,0.0,0.0,0,13,0.0
cora_deepres28_w128,4,13,5,8,0,0.0,FIXED_IDS,10,0.0,0.0,0.0,0,13,0.0
cora_deepres28_w128,4,13,6,8,0,0.0,FIXED_IDS,10,0.0,0.0,0.0,0,13,0.0
cora_deepres28_w128,4,13,7,8,0,0.0,FIXED_IDS,10,0.0,0.0,0.0,0,13,0.0
cora_deepres28_w128,4,13,8,8,0,0.0,FIXED_IDS,10,0.0,0.0,0.0,0,13,0.0
cora_deepres28_w128,4,13,9,8,0,0.0,FIXED_IDS,10,0.0,0.0,0.0,0,13,0.0
cora_deepres28_w128,4,13,10,8,0,0.0,FIXED_IDS,10,0.0,0.0,0.0,0,13,0.0
cora_deepres28_w128,4,13,11,8,0,0.0,FIXED_IDS,10,0.0,0.0,0.0,0,13,0.0
cora_deepres28_w128,4,13,12,8,0,0.0,FIXED_IDS,10,0.0,0.0,0.0,0,13,0.0
cora_deepres28_w128,4,13,13,8,0,0.0,FIXED_IDS,10,0.0,0.0,0.0,0,13,0.0
cora_deepres28_w128,4,13,14,8,0,0.0,FIXED_IDS,10,0.0,0.0,0.0,0,13,0.0
cora_deepres28_w128,4,13,15,8,0,0.0,FIXED_IDS,10,0.0,0.0,0.0,0,13,0.0
cora_deepres28_w128,4,13,0,8,0,0.0,FIXED_IDS,10,0.0,0.0,0.0,0,13,0.0
cora_deepres28_w128,4,13,1,8,0,0.0,FIXED_IDS,10,0.0,0.0,0.0,0,13,0.0
cora_deepres28_w128,4,13,2,8,0,0.0,FIXED_IDS,10,0.0,0.0,0.0,0,13,0.0
cora_deepres28_w128,4,13,3,8,0,0.0,FIXED_IDS,10,0.0,0.0,0.0,0,13,0.0
cora_deepres28_w128,4,13,4,8,0,0.0,FIXED_IDS,10,0.0,0.0,0.0,0,13,0.0
cora_deepres28_w128,4,13,5,8,0,0.0,FIXED_IDS,10,0.0,0.0,0.0,0,13,0.0
cora_deepres28_w128,4,13,6,8,0,0.0,FIXED_IDS,10,0.0,0.0,0.0,0,13,0.0
cora_deepres28_w128,4,13,7,8,0,0.0,FIXED_IDS,10,0.0,0.0,0.0,0,13,0.0
cora_deepres28_w128,4,13,8,8,0,0.0,FIXED_IDS,10,0.0,0.0,0.0,0,13,0.0
cora_deepres28_w128,4,13,9,8,0,0.0,FIXED_IDS,10,0.0,0.0,0.0,0,13,0.0
cora_deepres28_w128,4,13,10,8,0,0.0,FIXED_IDS,10,0.0,0.0,0.0,0,13,0.0
cora_deepres28_w128,4,13,11,8,0,0.0,FIXED_IDS,10,0.0,0.0,0.0,0,13,0.0
cora_deepres28_w128,4,13,12,8,0,0.0,FIXED_IDS,10,0.0,0.0,0.0,0,13,0.0
cora_deepres28_w128,4,13,13,8,0,0.0,FIXED_IDS,10,0.0,0.0,0.0,0,13,0.0
cora_deepres28_w128,4,13,14,8,0,0.0,FIXED_IDS,10,0.0,0.0,0.0,0,13,0.0
cora_deepres28_w128,4,13,15,8,0,0.0,FIXED_IDS,10,0.0,0.0,0.0,0,13,0.0
cora_deepres28_w128,4,13,0,8,0,0.0,FIXED_IDS,10,0.0,0.0,0.0,0,13,0.0
cora_deepres28_w128,4,13,1,8,0,0.0,FIXED_IDS,10,0.0,0.0,0.0,0,13,0.0
cora_deepres28_w128,4,13,2,8,0,0.0,FIXED_IDS,10,0.0,0.0,0.0,0,13,0.0
cora_deepres28_w128,4,13,3,8,0,0.0,FIXED_IDS,10,0.0,0.0,0.0,0,13,0.0
cora_deepres28_w128,4,13,4,8,0,0.0,FIXED_IDS,10,0.0,0.0,0.0,0,13,0.0
cora_deepres28_w128,4,13,5,8,0,0.0,FIXED_IDS,10,0.0,0.0,0.0,0,13,0.0
cora_deepres28_w128,4,13,6,8,0,0.0,FIXED_IDS,10,0.0,0.0,0.0,0,13,0.0
cora_deepres28_w128,4,13,7,8,0,0.0,FIXED_IDS,10,0.0,0.0,0.0,0,13,0.0
cora_deepres28_w128,4,13,8,8,0,0.0,FIXED_IDS,10,0.0,0.0,0.0,0,13,0.0
cora_deepres28_w128,4,13,9,8,0,0.0,FIXED_IDS,10,0.0,0.0,0.0,0,13,0.0
cora_deepres28_w128,4,13,10,8,0,0.0,FIXED_IDS,10,0.0,0.0,0.0,0,13,0.0
cora_deepres28_w128,4,13,11,8,0,0.0,FIXED_IDS,10,0.0,0.0,0.0,0,13,0.0
cora_deepres28_w128,4,13,12,8,0,0.0,FIXED_IDS,10,0.0,0.0,0.0,0,13,0.0
cora_deepres28_w128,4,13,13,8,0,0.0,FIXED_IDS,10,0.0,0.0,0.0,0,13,0.0
cora_deepres28_w128,4,13,14,8,0,0.0,FIXED_IDS,10,0.0,0.0,0.0,0,13,0.0
cora_deepres28_w128,4,13,15,8,0,0.0,FIXED_IDS,10,0.0,0.0,0.0,0,13,0.0
cora_deepres28_w128,4,13,0,8,0,0.0,FIXED_IDS,7,0.0,0.0,0.0,0,13,0.0
cora_deepres28_w128,4,13,1,8,0,0.0,FIXED_IDS,7,0.0,0.0,0.0,0,13,0.0
cora_deepres28_w128,4,13,2,8,0,0.0,FIXED_IDS,7,0.0,0.0,0.0,0,13,0.0
cora_deepres28_w128,4,13,3,8,0,0.0,FIXED_IDS,7,0.0,0.0,0.0,0,13,0.0
cora_deepres28_w128,4,13,4,8,0,0.0,FIXED_IDS,7,0.0,0.0,0.0,0,13,0.0
cora_deepres28_w128,4,13,5,8,0,0.0,FIXED_IDS,7,0.0,0.0,0.0,0,13,0.0
cora_deepres28_w128,4,13,6,8,0,0.0,FIXED_IDS,7,0.0,0.0,0.0,0,13,0.0
cora_deepres28_w128,4,13,7,8,0,0.0,FIXED_IDS,7,0.0,0.0,0.0,0,13,0.0
cora_deepres28_w128,4,13,8,8,0,0.0,FIXED_IDS,7,0.0,0.0,0.0,0,13,0.0
cora_deepres28_w128,4,13,9,8,0,0.0,FIXED_IDS,7,0.0,0.0,0.0,0,13,0.0
cora_deepres28_w128,4,13,10,8,0,0.0,FIXED_IDS,7,0.0,0.0,0.0,0,13,0.0
cora_deepres28_w128,4,13,11,8,0,0.0,FIXED_IDS,7,0.0,0.0,0.0,0,13,0.0
cora_deepres28_w128,4,13,12,8,0,0.0,FIXED_IDS,7,0.0,0.0,0.0,0,13,0.0
cora_deepres28_w128,4,13,13,8,0,0.0,FIXED_IDS,7,0.0,0.0,0.0,0,13,0.0
cora_deepres28_w128,4,13,14,8,0,0.0,FIXED_IDS,7,0.0,0.0,0.0,0,13,0.0
cora_deepres28_w128,4,13,15,8,0,0.0,FIXED_IDS,7,0.0,0.0,0.0,0,13,0.0
cora_deepres28_w128,4,13,0,16,109,0.8515625,DENSE_XOR,130,0.8795871559633028,0.7895642201834863,0.9277522935779816,0,13,0.0
cora_deepres28_w128,4,13,1,16,96,0.75,DENSE_XOR,130,0.8499599358974361,0.806640625,0.873046875,0,13,0.0
cora_deepres28_w128,4,13,2,16,0,0.0,FIXED_IDS,10,0.0,0.0,0.0,0,13,0.0
cora_deepres28_w128,4,13,3,16,0,0.0,FIXED_IDS,10,0.0,0.0,0.0,0,13,0.0
cora_deepres28_w128,4,13,4,16,0,0.0,FIXED_IDS,10,0.0,0.0,0.0,0,13,0.0
cora_deepres28_w128,4,13,5,16,0,0.0,FIXED_IDS,10,0.0,0.0,0.0,0,13,0.0
cora_deepres28_w128,4,13,6,16,0,0.0,FIXED_IDS,10,0.0,0.0,0.0,0,13,0.0
cora_deepres28_w128,4,13,7,16,0,0.0,FIXED_IDS,10,0.0,0.0,0.0,0,13,0.0
cora_deepres28_w128,4,13,0,16,106,0.828125,DENSE_XOR,130,0.9277485486211903,0.8490566037735849,0.9716981132075472,0,13,0.0
cora_deepres28_w128,4,13,1,16,96,0.75,DENSE_XOR,130,0.8752003205128206,0.8235677083333334,0.9016927083333334,0,13,0.0
cora_deepres28_w128,4,13,2,16,0,0.0,FIXED_IDS,10,0.0,0.0,0.0,0,13,0.0
cora_deepres28_w128,4,13,3,16,0,0.0,FIXED_IDS,10,0.0,0.0,0.0,0,13,0.0
cora_deepres28_w128,4,13,4,16,0,0.0,FIXED_IDS,10,0.0,0.0,0.0,0,13,0.0
cora_deepres28_w128,4,13,5,16,0,0.0,FIXED_IDS,10,0.0,0.0,0.0,0,13,0.0
cora_deepres28_w128,4,13,6,16,0,0.0,FIXED_IDS,10,0.0,0.0,0.0,0,13,0.0
cora_deepres28_w128,4,13,7,16,0,0.0,FIXED_IDS,10,0.0,0.0,0.0,0,13,0.0
cora_deepres28_w128,4,13,0,16,108,0.84375,DENSE_XOR,130,0.9081196581196581,0.8298611111111112,0.9525462962962963,0,13,0.0
cora_deepres28_w128,4,13,1,16,98,0.765625,DENSE_XOR,130,0.8992346938775511,0.8405612244897959,0.9266581632653061,0,13,0.0
cora_deepres28_w128,4,13,2,16,0,0.0,FIXED_IDS,10,0.0,0.0,0.0,0,13,0.0
cora_deepres28_w128,4,13,3,16,0,0.0,FIXED_IDS,10,0.0,0.0,0.0,0,13,0.0
cora_deepres28_w128,4,13,4,16,0,0.0,FIXED_IDS,10,0.0,0.0,0.0,0,13,0.0
cora_deepres28_w128,4,13,5,16,0,0.0,FIXED_IDS,10,0.0,0.0,0.0,0,13,0.0
cora_deepres28_w128,4,13,6,16,0,0.0,FIXED_IDS,10,0.0,0.0,0.0,0,13,0.0
cora_deepres28_w128,4,13,7,16,0,0.0,FIXED_IDS,10,0.0,0.0,0.0,0,13,0.0
cora_deepres28_w128,4,13,0,16,112,0.875,DENSE_XOR,130,0.9223471840659341,0.8498883928571429,0.9631696428571429,0,13,0.0
cora_deepres28_w128,4,13,1,16,74,0.578125,DENSE_XOR,130,0.8829911642411641,0.8175675675675675,0.9155405405405406,0,13,0.0
cora_deepres28_w128,4,13,2,16,96,0.75,DENSE_XOR,130,0.8052383814102563,0.6725260416666666,0.8776041666666666,0,13,0.0
cora_deepres28_w128,4,13,3,16,0,0.0,FIXED_IDS,10,0.0,0.0,0.0,0,13,0.0
cora_deepres28_w128,4,13,4,16,0,0.0,FIXED_IDS,10,0.0,0.0,0.0,0,13,0.0
cora_deepres28_w128,4,13,5,16,0,0.0,FIXED_IDS,10,0.0,0.0,0.0,0,13,0.0
cora_deepres28_w128,4,13,6,16,0,0.0,FIXED_IDS,10,0.0,0.0,0.0,0,13,0.0
cora_deepres28_w128,4,13,7,16,0,0.0,FIXED_IDS,10,0.0,0.0,0.0,0,13,0.0
cora_deepres28_w128,4,13,0,16,110,0.859375,DENSE_XOR,130,0.9109702797202797,0.834659090909091,0.9517045454545454,0,13,0.0
cora_deepres28_w128,4,13,1,16,0,0.0,FIXED_IDS,10,0.0,0.0,0.0,0,13,0.0
cora_deepres28_w128,4,13,2,16,0,0.0,FIXED_IDS,10,0.0,0.0,0.0,0,13,0.0
cora_deepres28_w128,4,13,3,16,0,0.0,FIXED_IDS,10,0.0,0.0,0.0,0,13,0.0
cora_deepres28_w128,4,13,4,16,0,0.0,FIXED_IDS,10,0.0,0.0,0.0,0,13,0.0
cora_deepres28_w128,4,13,5,16,0,0.0,FIXED_IDS,10,0.0,0.0,0.0,0,13,0.0
cora_deepres28_w128,4,13,6,16,0,0.0,FIXED_IDS,10,0.0,0.0,0.0,0,13,0.0
cora_deepres28_w128,4,13,7,16,0,0.0,FIXED_IDS,10,0.0,0.0,0.0,0,13,0.0
cora_deepres28_w128,4,13,0,16,102,0.796875,DENSE_XOR,130,0.877450980392157,0.8020833333333334,0.9154411764705882,0,13,0.0
cora_deepres28_w128,4,13,1,16,0,0.0,FIXED_IDS,10,0.0,0.0,0.0,0,13,0.0
cora_deepres28_w128,4,13,2,16,0,0.0,FIXED_IDS,10,0.0,0.0,0.0,0,13,0.0
cora_deepres28_w128,4,13,3,16,0,0.0,FIXED_IDS,10,0.0,0.0,0.0,0,13,0.0
cora_deepres28_w128,4,13,4,16,0,0.0,FIXED_IDS,10,0.0,0.0,0.0,0,13,0.0
cora_deepres28_w128,4,13,5,16,0,0.0,FIXED_IDS,10,0.0,0.0,0.0,0,13,0.0
cora_deepres28_w128,4,13,6,16,0,0.0,FIXED_IDS,10,0.0,0.0,0.0,0,13,0.0
cora_deepres28_w128,4,13,7,16,0,0.0,FIXED_IDS,10,0.0,0.0,0.0,0,13,0.0
cora_deepres28_w128,4,13,0,16,110,0.859375,DENSE_XOR,130,0.8857080419580421,0.8079545454545455,0.9227272727272727,0,13,0.0
cora_deepres28_w128,4,13,1,16,0,0.0,FIXED_IDS,10,0.0,0.0,0.0,0,13,0.0
cora_deepres28_w128,4,13,2,16,100,0.78125,DENSE_XOR,130,0.7974038461538462,0.686875,0.864375,0,13,0.0
cora_deepres28_w128,4,13,3,16,0,0.0,FIXED_IDS,10,0.0,0.0,0.0,0,13,0.0
cora_deepres28_w128,4,13,4,16,0,0.0,FIXED_IDS,10,0.0,0.0,0.0,0,13,0.0
cora_deepres28_w128,4,13,5,16,0,0.0,FIXED_IDS,10,0.0,0.0,0.0,0,13,0.0
cora_deepres28_w128,4,13,6,16,0,0.0,FIXED_IDS,10,0.0,0.0,0.0,0,13,0.0
cora_deepres28_w128,4,13,7,16,0,0.0,FIXED_IDS,10,0.0,0.0,0.0,0,13,0.0
cora_deepres28_w128,4,13,0,16,128,1.0,DENSE_XOR,130,0.9351337139423077,0.8544921875,0.9716796875,0,13,0.0
cora_deepres28_w128,4,13,1,16,86,0.671875,DENSE_XOR,130,0.8903734347048301,0.8161337209302325,0.9302325581395349,0,13,0.0
cora_deepres28_w128,4,13,2,16,0,0.0,FIXED_IDS,10,0.0,0.0,0.0,0,13,0.0
cora_deepres28_w128,4,13,3,16,0,0.0,FIXED_IDS,10,0.0,0.0,0.0,0,13,0.0
cora_deepres28_w128,4,13,4,16,0,0.0,FIXED_IDS,10,0.0,0.0,0.0,0,13,0.0
cora_deepres28_w128,4,13,5,16,0,0.0,FIXED_IDS,10,0.0,0.0,0.0,0,13,0.0
cora_deepres28_w128,4,13,6,16,0,0.0,FIXED_IDS,10,0.0,0.0,0.0,0,13,0.0
cora_deepres28_w128,4,13,7,16,0,0.0,FIXED_IDS,10,0.0,0.0,0.0,0,13,0.0
cora_deepres28_w128,4,13,0,16,98,0.765625,DENSE_XOR,130,0.843210361067504,0.7493622448979592,0.8769132653061225,0,13,0.0
cora_deepres28_w128,4,13,1,16,0,0.0,FIXED_IDS,10,0.0,0.0,0.0,0,13,0.0
cora_deepres28_w128,4,13,2,16,0,0.0,FIXED_IDS,10,0.0,0.0,0.0,0,13,0.0
cora_deepres28_w128,4,13,3,16,0,0.0,FIXED_IDS,10,0.0,0.0,0.0,0,13,0.0
cora_deepres28_w128,4,13,4,16,0,0.0,FIXED_IDS,10,0.0,0.0,0.0,0,13,0.0
cora_deepres28_w128,4,13,5,16,0,0.0,FIXED_IDS,10,0.0,0.0,0.0,0,13,0.0
cora_deepres28_w128,4,13,6,16,0,0.0,FIXED_IDS,10,0.0,0.0,0.0,0,13,0.0
cora_deepres28_w128,4,13,7,16,0,0.0,FIXED_IDS,10,0.0,0.0,0.0,0,13,0.0
cora_deepres28_w128,4,13,0,16,108,0.84375,DENSE_XOR,130,0.8847489316239316,0.8055555555555556,0.9149305555555556,0,13,0.0
cora_deepres28_w128,4,13,1,16,0,0.0,FIXED_IDS,10,0.0,0.0,0.0,0,13,0.0
cora_deepres28_w128,4,13,2,16,86,0.671875,DENSE_XOR,130,0.8483899821109124,0.7303779069767442,0.9098837209302325,0,13,0.0
cora_deepres28_w128,4,13,3,16,0,0.0,FIXED_IDS,10,0.0,0.0,0.0,0,13,0.0
cora_deepres28_w128,4,13,4,16,0,0.0,FIXED_IDS,10,0.0,0.0,0.0,0,13,0.0
cora_deepres28_w128,4,13,5,16,0,0.0,FIXED_IDS,10,0.0,0.0,0.0,0,13,0.0
cora_deepres28_w128,4,13,6,16,0,0.0,FIXED_IDS,10,0.0,0.0,0.0,0,13,0.0
cora_deepres28_w128,4,13,7,16,0,0.0,FIXED_IDS,10,0.0,0.0,0.0,0,13,0.0
cora_deepres28_w128,4,13,0,16,118,0.921875,DENSE_XOR,130,0.8950048891786181,0.8188559322033898,0.9253177966101694,0,13,0.0
cora_deepres28_w128,4,13,1,16,0,0.0,FIXED_IDS,10,0.0,0.0,0.0,0,13,0.0
cora_deepres28_w128,4,13,2,16,0,0.0,FIXED_IDS,10,0.0,0.0,0.0,0,13,0.0
cora_deepres28_w128,4,13,3,16,0,0.0,FIXED_IDS,10,0.0,0.0,0.0,0,13,0.0
cora_deepres28_w128,4,13,4,16,0,0.0,FIXED_IDS,10,0.0,0.0,0.0,0,13,0.0
cora_deepres28_w128,4,13,5,16,0,0.0,FIXED_IDS,10,0.0,0.0,0.0,0,13,0.0
cora_deepres28_w128,4,13,6,16,0,0.0,FIXED_IDS,10,0.0,0.0,0.0,0,13,0.0
cora_deepres28_w128,4,13,7,16,0,0.0,FIXED_IDS,10,0.0,0.0,0.0,0,13,0.0
cora_deepres28_w128,4,13,0,16,124,0.96875,DENSE_XOR,130,0.8986119727047146,0.8145161290322581,0.9284274193548387,0,13,0.0
cora_deepres28_w128,4,13,1,16,88,0.6875,DENSE_XOR,130,0.8327687937062938,0.7784090909090909,0.8714488636363636,0,13,0.0
cora_deepres28_w128,4,13,2,16,108,0.84375,DENSE_XOR,130,0.8231837606837609,0.7216435185185185,0.8802083333333334,0,13,0.0
cora_deepres28_w128,4,13,3,16,0,0.0,FIXED_IDS,10,0.0,0.0,0.0,0,13,0.0
cora_deepres28_w128,4,13,4,16,0,0.0,FIXED_IDS,10,0.0,0.0,0.0,0,13,0.0
cora_deepres28_w128,4,13,5,16,0,0.0,FIXED_IDS,10,0.0,0.0,0.0,0,13,0.0
cora_deepres28_w128,4,13,6,16,0,0.0,FIXED_IDS,10,0.0,0.0,0.0,0,13,0.0
cora_deepres28_w128,4,13,7,16,0,0.0,FIXED_IDS,10,0.0,0.0,0.0,0,13,0.0
cora_deepres28_w128,4,13,0,16,124,0.96875,DENSE_XOR,130,0.9290865384615384,0.8296370967741935,0.9647177419354839,0,13,0.0
cora_deepres28_w128,4,13,1,16,0,0.0,FIXED_IDS,10,0.0,0.0,0.0,0,13,0.0
cora_deepres28_w128,4,13,2,16,0,0.0,FIXED_IDS,10,0.0,0.0,0.0,0,13,0.0
cora_deepres28_w128,4,13,3,16,98,0.765625,DENSE_XOR,130,0.8911891679748825,0.8271683673469388,0.920280612244898,0,13,0.0
cora_deepres28_w128,4,13,4,16,0,0.0,FIXED_IDS,10,0.0,0.0,0.0,0,13,0.0
cora_deepres28_w128,4,13,5,16,0,0.0,FIXED_IDS,10,0.0,0.0,0.0,0,13,0.0
cora_deepres28_w128,4,13,6,16,0,0.0,FIXED_IDS,10,0.0,0.0,0.0,0,13,0.0
cora_deepres28_w128,4,13,7,16,0,0.0,FIXED_IDS,10,0.0,0.0,0.0,0,13,0.0
cora_deepres28_w128,4,13,0,16,122,0.953125,DENSE_XOR,130,0.8476513240857503,0.7489754098360656,0.8872950819672131,0,13,0.0
cora_deepres28_w128,4,13,1,16,0,0.0,FIXED_IDS,10,0.0,0.0,0.0,0,13,0.0
cora_deepres28_w128,4,13,2,16,0,0.0,FIXED_IDS,10,0.0,0.0,0.0,0,13,0.0
cora_deepres28_w128,4,13,3,16,0,0.0,FIXED_IDS,10,0.0,0.0,0.0,0,13,0.0
cora_deepres28_w128,4,13,4,16,0,0.0,FIXED_IDS,10,0.0,0.0,0.0,0,13,0.0
cora_deepres28_w128,4,13,5,16,0,0.0,FIXED_IDS,10,0.0,0.0,0.0,0,13,0.0
cora_deepres28_w128,4,13,6,16,0,0.0,FIXED_IDS,10,0.0,0.0,0.0,0,13,0.0
cora_deepres28_w128,4,13,7,16,0,0.0,FIXED_IDS,10,0.0,0.0,0.0,0,13,0.0
cora_deepres28_w128,4,13,0,16,100,0.78125,DENSE_XOR,130,0.8415865384615385,0.765,0.8675,0,13,0.0
cora_deepres28_w128,4,13,1,16,0,0.0,FIXED_IDS,10,0.0,0.0,0.0,0,13,0.0
cora_deepres28_w128,4,13,2,16,0,0.0,FIXED_IDS,10,0.0,0.0,0.0,0,13,0.0
cora_deepres28_w128,4,13,3,16,0,0.0,FIXED_IDS,10,0.0,0.0,0.0,0,13,0.0
cora_deepres28_w128,4,13,4,16,0,0.0,FIXED_IDS,10,0.0,0.0,0.0,0,13,0.0
cora_deepres28_w128,4,13,5,16,0,0.0,FIXED_IDS,10,0.0,0.0,0.0,0,13,0.0
cora_deepres28_w128,4,13,6,16,0,0.0,FIXED_IDS,10,0.0,0.0,0.0,0,13,0.0
cora_deepres28_w128,4,13,7,16,0,0.0,FIXED_IDS,10,0.0,0.0,0.0,0,13,0.0
cora_deepres28_w128,4,13,0,16,114,0.890625,DENSE_XOR,130,0.8852901484480431,0.799890350877193,0.9161184210526315,0,13,0.0
cora_deepres28_w128,4,13,1,16,0,0.0,FIXED_IDS,10,0.0,0.0,0.0,0,13,0.0
cora_deepres28_w128,4,13,2,16,96,0.75,DENSE_XOR,130,0.8143529647435896,0.7044270833333334,0.8776041666666666,0,13,0.0
cora_deepres28_w128,4,13,3,16,0,0.0,FIXED_IDS,10,0.0,0.0,0.0,0,13,0.0
cora_deepres28_w128,4,13,4,16,0,0.0,FIXED_IDS,10,0.0,0.0,0.0,0,13,0.0
cora_deepres28_w128,4,13,5,16,0,0.0,FIXED_IDS,10,0.0,0.0,0.0,0,13,0.0
cora_deepres28_w128,4,13,6,16,0,0.0,FIXED_IDS,10,0.0,0.0,0.0,0,13,0.0
cora_deepres28_w128,4,13,7,16,0,0.0,FIXED_IDS,10,0.0,0.0,0.0,0,13,0.0
cora_deepres28_w128,4,13,0,16,116,0.90625,DENSE_XOR,130,0.8800149204244032,0.7731681034482759,0.921875,0,13,0.0
cora_deepres28_w128,4,13,1,16,102,0.796875,DENSE_XOR,130,0.8073152337858219,0.7818627450980392,0.8253676470588235,0,13,0.0
cora_deepres28_w128,4,13,2,16,0,0.0,FIXED_IDS,10,0.0,0.0,0.0,0,13,0.0
cora_deepres28_w128,4,13,3,16,0,0.0,FIXED_IDS,10,0.0,0.0,0.0,0,13,0.0
cora_deepres28_w128,4,13,4,16,0,0.0,FIXED_IDS,10,0.0,0.0,0.0,0,13,0.0
cora_deepres28_w128,4,13,5,16,0,0.0,FIXED_IDS,10,0.0,0.0,0.0,0,13,0.0
cora_deepres28_w128,4,13,6,16,0,0.0,FIXED_IDS,10,0.0,0.0,0.0,0,13,0.0
cora_deepres28_w128,4,13,7,16,0,0.0,FIXED_IDS,10,0.0,0.0,0.0,0,13,0.0
cora_deepres28_w128,4,13,0,16,0,0.0,FIXED_IDS,10,0.0,0.0,0.0,0,13,0.0
cora_deepres28_w128,4,13,1,16,88,0.6875,DENSE_XOR,130,0.8859812062937062,0.8671875,0.9005681818181818,0,13,0.0
cora_deepres28_w128,4,13,2,16,0,0.0,FIXED_IDS,10,0.0,0.0,0.0,0,13,0.0
cora_deepres28_w128,4,13,3,16,0,0.0,FIXED_IDS,10,0.0,0.0,0.0,0,13,0.0
cora_deepres28_w128,4,13,4,16,0,0.0,FIXED_IDS,10,0.0,0.0,0.0,0,13,0.0
cora_deepres28_w128,4,13,5,16,0,0.0,FIXED_IDS,10,0.0,0.0,0.0,0,13,0.0
cora_deepres28_w128,4,13,6,16,0,0.0,FIXED_IDS,10,0.0,0.0,0.0,0,13,0.0
cora_deepres28_w128,4,13,7,16,0,0.0,FIXED_IDS,10,0.0,0.0,0.0,0,13,0.0
cora_deepres28_w128,4,13,0,16,0,0.0,FIXED_IDS,10,0.0,0.0,0.0,0,13,0.0
cora_deepres28_w128,4,13,1,16,110,0.859375,DENSE_XOR,130,0.9415646853146854,0.9272727272727272,0.9522727272727273,0,13,0.0
cora_deepres28_w128,4,13,2,16,0,0.0,FIXED_IDS,10,0.0,0.0,0.0,0,13,0.0
cora_deepres28_w128,4,13,3,16,0,0.0,FIXED_IDS,10,0.0,0.0,0.0,0,13,0.0
cora_deepres28_w128,4,13,4,16,0,0.0,FIXED_IDS,10,0.0,0.0,0.0,0,13,0.0
cora_deepres28_w128,4,13,5,16,92,0.71875,DENSE_XOR,130,0.8777696488294315,0.7703804347826086,0.9266304347826086,0,13,0.0
cora_deepres28_w128,4,13,6,16,0,0.0,FIXED_IDS,10,0.0,0.0,0.0,0,13,0.0
cora_deepres28_w128,4,13,7,16,0,0.0,FIXED_IDS,10,0.0,0.0,0.0,0,13,0.0
cora_deepres28_w128,4,13,0,16,0,0.0,FIXED_IDS,10,0.0,0.0,0.0,0,13,0.0
cora_deepres28_w128,4,13,1,16,102,0.796875,DENSE_XOR,130,0.9383012820512822,0.9276960784313726,0.9479166666666666,0,13,0.0
cora_deepres28_w128,4,13,2,16,0,0.0,FIXED_IDS,10,0.0,0.0,0.0,0,13,0.0
cora_deepres28_w128,4,13,3,16,0,0.0,FIXED_IDS,10,0.0,0.0,0.0,0,13,0.0
cora_deepres28_w128,4,13,4,16,0,0.0,FIXED_IDS,10,0.0,0.0,0.0,0,13,0.0
cora_deepres28_w128,4,13,5,16,88,0.6875,DENSE_XOR,130,0.8692635489510491,0.7791193181818182,0.9119318181818182,0,13,0.0
cora_deepres28_w128,4,13,6,16,0,0.0,FIXED_IDS,10,0.0,0.0,0.0,0,13,0.0
cora_deepres28_w128,4,13,7,16,0,0.0,FIXED_IDS,10,0.0,0.0,0.0,0,13,0.0
cora_deepres28_w128,4,13,0,16,0,0.0,FIXED_IDS,10,0.0,0.0,0.0,0,13,0.0
cora_deepres28_w128,4,13,1,16,126,0.984375,DENSE_XOR,130,0.9628357753357754,0.9503968253968254,0.9692460317460317,0,13,0.0
cora_deepres28_w128,4,13,2,16,0,0.0,FIXED_IDS,10,0.0,0.0,0.0,0,13,0.0
cora_deepres28_w128,4,13,3,16,0,0.0,FIXED_IDS,10,0.0,0.0,0.0,0,13,0.0
cora_deepres28_w128,4,13,4,16,0,0.0,FIXED_IDS,10,0.0,0.0,0.0,0,13,0.0
cora_deepres28_w128,4,13,5,16,124,0.96875,DENSE_XOR,130,0.8874457196029778,0.8029233870967742,0.9279233870967742,0,13,0.0
cora_deepres28_w128,4,13,6,16,0,0.0,FIXED_IDS,10,0.0,0.0,0.0,0,13,0.0
cora_deepres28_w128,4,13,7,16,0,0.0,FIXED_IDS,10,0.0,0.0,0.0,0,13,0.0
cora_deepres28_w128,4,13,0,16,0,0.0,FIXED_IDS,7,0.0,0.0,0.0,0,13,0.0
cora_deepres28_w128,4,13,1,16,0,0.0,FIXED_IDS,7,0.0,0.0,0.0,0,13,0.0
cora_deepres28_w128,4,13,2,16,0,0.0,FIXED_IDS,7,0.0,0.0,0.0,0,13,0.0
cora_deepres28_w128,4,13,3,16,0,0.0,FIXED_IDS,7,0.0,0.0,0.0,0,13,0.0
cora_deepres28_w128,4,13,4,16,0,0.0,FIXED_IDS,7,0.0,0.0,0.0,0,13,0.0
cora_deepres28_w128,4,13,5,16,0,0.0,FIXED_IDS,7,0.0,0.0,0.0,0,13,0.0
cora_deepres28_w128,4,13,6,16,0,0.0,FIXED_IDS,7,0.0,0.0,0.0,0,13,0.0
cora_deepres28_w128,4,13,7,16,0,0.0,FIXED_IDS,7,0.0,0.0,0.0,0,13,0.0
cora_deepres28_w128,4,13,0,32,128,1.0,DENSE_XOR,130,0.7742638221153846,0.707275390625,0.8046875,0,13,0.0
cora_deepres28_w128,4,13,1,32,119,0.9296875,DENSE_XOR,130,0.578236102133161,0.5283613445378151,0.6121323529411765,0,13,0.0
cora_deepres28_w128,4,13,2,32,81,0.6328125,DENSE_XOR,130,0.58179012345679,0.5543981481481481,0.6060956790123457,0,13,0.0
cora_deepres28_w128,4,13,3,32,0,0.0,FIXED_IDS,10,0.0,0.0,0.0,0,13,0.0
cora_deepres28_w128,4,13,0,32,128,1.0,DENSE_XOR,130,0.7958984375,0.73486328125,0.819091796875,0,13,0.0
cora_deepres28_w128,4,13,1,32,113,0.8828125,DENSE_XOR,130,0.5597557862491491,0.5113384955752213,0.5948561946902655,0,13,0.0
cora_deepres28_w128,4,13,2,32,93,0.7265625,DENSE_XOR,130,0.5581058726220015,0.5248655913978495,0.5883736559139785,0,13,0.0
cora_deepres28_w128,4,13,3,32,0,0.0,FIXED_IDS,10,0.0,0.0,0.0,0,13,0.0
cora_deepres28_w128,4,13,0,32,128,1.0,DENSE_XOR,130,0.7974947415865384,0.743408203125,0.82373046875,0,13,0.0
cora_deepres28_w128,4,13,1,32,103,0.8046875,DENSE_XOR,130,0.5365944734876773,0.4839199029126214,0.5673543689320388,0,13,0.0
cora_deepres28_w128,4,13,2,32,96,0.75,DENSE_XOR,130,0.5861628605769231,0.5413411458333334,0.6341145833333334,0,13,0.0
cora_deepres28_w128,4,13,3,32,0,0.0,FIXED_IDS,10,0.0,0.0,0.0,0,13,0.0
cora_deepres28_w128,4,13,0,32,128,1.0,DENSE_XOR,130,0.7900390625,0.74560546875,0.815185546875,0,13,0.0
cora_deepres28_w128,4,13,1,32,118,0.921875,DENSE_XOR,130,0.5285609517601044,0.4777542372881356,0.5619703389830508,0,13,0.0
cora_deepres28_w128,4,13,2,32,96,0.75,DENSE_XOR,130,0.5073367387820513,0.462890625,0.5533854166666666,0,13,0.0
cora_deepres28_w128,4,13,3,32,0,0.0,FIXED_IDS,10,0.0,0.0,0.0,0,13,0.0
cora_deepres28_w128,4,13,0,32,128,1.0,DENSE_XOR,130,0.7665827824519231,0.721923828125,0.793212890625,0,13,0.0
cora_deepres28_w128,4,13,1,32,119,0.9296875,DENSE_XOR,130,0.559106334841629,0.5036764705882353,0.5934873949579832,0,13,0.0
cora_deepres28_w128,4,13,2,32,92,0.71875,DENSE_XOR,130,0.4798547240802675,0.430366847826087,0.5241168478260869,0,13,0.0
cora_deepres28_w128,4,13,3,32,0,0.0,FIXED_IDS,10,0.0,0.0,0.0,0,13,0.0
cora_deepres28_w128,4,13,0,32,128,1.0,DENSE_XOR,130,0.6947678786057693,0.66552734375,0.716064453125,0,13,0.0
cora_deepres28_w128,4,13,1,32,127,0.9921875,DENSE_XOR,130,0.5683865838885525,0.5334645669291339,0.5976870078740157,0,13,0.0
cora_deepres28_w128,4,13,2,32,0,0.0,FIXED_IDS,10,0.0,0.0,0.0,0,13,0.0
cora_deepres28_w128,4,13,3,32,0,0.0,FIXED_IDS,10,0.0,0.0,0.0,0,13,0.0
cora_deepres28_w128,4,13,0,32,128,1.0,DENSE_XOR,130,0.7448918269230769,0.71044921875,0.76708984375,0,13,0.0
cora_deepres28_w128,4,13,1,32,117,0.9140625,DENSE_XOR,130,0.5193129520052597,0.4751602564102564,0.5523504273504274,0,13,0.0
cora_deepres28_w128,4,13,2,32,103,0.8046875,DENSE_XOR,130,0.4693567961165048,0.41808252427184467,0.5118325242718447,0,13,0.0
cora_deepres28_w128,4,13,3,32,0,0.0,FIXED_IDS,10,0.0,0.0,0.0,0,13,0.0
cora_deepres28_w128,4,13,0,32,128,1.0,DENSE_XOR,130,0.8702674278846154,0.8037109375,0.9013671875,0,13,0.0
cora_deepres28_w128,4,13,1,32,125,0.9765625,DENSE_XOR,130,0.5790769230769232,0.503,0.62525,0,13,0.0
cora_deepres28_w128,4,13,2,32,80,0.625,DENSE_XOR,130,0.5337439903846153,0.50078125,0.578515625,0,13,0.0
cora_deepres28_w128,4,13,3,32,0,0.0,FIXED_IDS,10,0.0,0.0,0.0,0,13,0.0
cora_deepres28_w128,4,13,0,32,128,1.0,DENSE_XOR,130,0.6758563701923077,0.62451171875,0.70849609375,0,13,0.0
cora_deepres28_w128,4,13,1,32,116,0.90625,DENSE_XOR,130,0.6053133289124669,0.5482219827586207,0.638739224137931,0,13,0.0
cora_deepres28_w128,4,13,2,32,0,0.0,FIXED_IDS,10,0.0,0.0,0.0,0,13,0.0
cora_deepres28_w128,4,13,3,32,0,0.0,FIXED_IDS,10,0.0,0.0,0.0,0,13,0.0
cora_deepres28_w128,4,13,0,32,128,1.0,DENSE_XOR,130,0.715576171875,0.685546875,0.733642578125,0,13,0.0
cora_deepres28_w128,4,13,1,32,121,0.9453125,DENSE_XOR,130,0.5837372854418309,0.5405475206611571,0.6107954545454546,0,13,0.0
cora_deepres28_w128,4,13,2,32,0,0.0,FIXED_IDS,10,0.0,0.0,0.0,0,13,0.0
cora_deepres28_w128,4,13,3,32,0,0.0,FIXED_IDS,10,0.0,0.0,0.0,0,13,0.0
cora_deepres28_w128,4,13,0,32,128,1.0,DENSE_XOR,130,0.7653996394230769,0.724365234375,0.791259765625,0,13,0.0
cora_deepres28_w128,4,13,1,32,126,0.984375,DENSE_XOR,130,0.6042429792429792,0.5443948412698413,0.6359126984126984,0,13,0.0
cora_deepres28_w128,4,13,2,32,0,0.0,FIXED_IDS,10,0.0,0.0,0.0,0,13,0.0
cora_deepres28_w128,4,13,3,32,0,0.0,FIXED_IDS,10,0.0,0.0,0.0,0,13,0.0
cora_deepres28_w128,4,13,0,32,128,1.0,DENSE_XOR,130,0.80517578125,0.751220703125,0.82861328125,0,13,0.0
cora_deepres28_w128,4,13,1,32,104,0.8125,DENSE_XOR,130,0.5005547337278107,0.4519230769230769,0.5303485576923077,0,13,0.0
cora_deepres28_w128,4,13,2,32,103,0.8046875,DENSE_XOR,130,0.5797236743838685,0.5206310679611651,0.6074029126213593,0,13,0.0
cora_deepres28_w128,4,13,3,32,0,0.0,FIXED_IDS,10,0.0,0.0,0.0,0,13,0.0
cora_deepres28_w128,4,13,0,32,128,1.0,DENSE_XOR,130,0.8271484375,0.743896484375,0.8642578125,0,13,0.0
cora_deepres28_w128,4,13,1,32,121,0.9453125,DENSE_XOR,130,0.6950294024157662,0.5986570247933884,0.7484504132231405,0,13,0.0
cora_deepres28_w128,4,13,2,32,0,0.0,FIXED_IDS,10,0.0,0.0,0.0,0,13,0.0
cora_deepres28_w128,4,13,3,32,0,0.0,FIXED_IDS,10,0.0,0.0,0.0,0,13,0.0
cora_deepres28_w128,4,13,0,32,128,1.0,DENSE_XOR,130,0.7576622596153846,0.68359375,0.793212890625,0,13,0.0
cora_deepres28_w128,4,13,1,32,93,0.7265625,DENSE_XOR,130,0.6293682795698925,0.5651881720430108,0.675739247311828,0,13,0.0
cora_deepres28_w128,4,13,2,32,78,0.609375,DENSE_XOR,130,0.6104228303747534,0.5400641025641025,0.6434294871794872,0,13,0.0
cora_deepres28_w128,4,13,3,32,0,0.0,FIXED_IDS,10,0.0,0.0,0.0,0,13,0.0
cora_deepres28_w128,4,13,0,32,128,1.0,DENSE_XOR,130,0.6749737079326923,0.6357421875,0.697021484375,0,13,0.0
cora_deepres28_w128,4,13,1,32,117,0.9140625,DENSE_XOR,130,0.5738617685733071,0.5352564102564102,0.594284188034188,0,13,0.0
cora_deepres28_w128,4,13,2,32,0,0.0,FIXED_IDS,10,0.0,0.0,0.0,0,13,0.0
cora_deepres28_w128,4,13,3,32,0,0.0,FIXED_IDS,10,0.0,0.0,0.0,0,13,0.0
cora_deepres28_w128,4,13,0,32,128,1.0,DENSE_XOR,130,0.7597844050480769,0.705078125,0.7861328125,0,13,0.0
cora_deepres28_w128,4,13,1,32,103,0.8046875,DENSE_XOR,130,0.5456964152352503,0.5115291262135923,0.5685679611650486,0,13,0.0
cora_deepres28_w128,4,13,2,32,78,0.609375,DENSE_XOR,130,0.5981570512820512,0.5548878205128205,0.625,0,13,0.0
cora_deepres28_w128,4,13,3,32,0,0.0,FIXED_IDS,10,0.0,0.0,0.0,0,13,0.0
cora_deepres28_w128,4,13,0,32,128,1.0,DENSE_XOR,130,0.7937575120192307,0.701416015625,0.830078125,0,13,0.0
cora_deepres28_w128,4,13,1,32,108,0.84375,DENSE_XOR,130,0.6036102207977208,0.5497685185185185,0.6438078703703703,0,13,0.0
cora_deepres28_w128,4,13,2,32,73,0.5703125,DENSE_XOR,130,0.6394889357218124,0.6040239726027398,0.6618150684931506,0,13,0.0
cora_deepres28_w128,4,13,3,32,0,0.0,FIXED_IDS,10,0.0,0.0,0.0,0,13,0.0
cora_deepres28_w128,4,13,0,32,128,1.0,DENSE_XOR,130,0.6811335637019231,0.596435546875,0.719970703125,0,13,0.0
cora_deepres28_w128,4,13,1,32,90,0.703125,DENSE_XOR,130,0.5484508547008548,0.5232638888888889,0.5722222222222222,0,13,0.0
cora_deepres28_w128,4,13,2,32,98,0.765625,DENSE_XOR,130,0.6442552982731554,0.6224489795918368,0.6597576530612245,0,13,0.0
cora_deepres28_w128,4,13,3,32,0,0.0,FIXED_IDS,10,0.0,0.0,0.0,0,13,0.0
cora_deepres28_w128,4,13,0,32,128,1.0,DENSE_XOR,130,0.675048828125,0.593505859375,0.71875,0,13,0.0
cora_deepres28_w128,4,13,1,32,0,0.0,FIXED_IDS,10,0.0,0.0,0.0,0,13,0.0
cora_deepres28_w128,4,13,2,32,107,0.8359375,DENSE_XOR,130,0.7380930984902948,0.7029789719626168,0.7537967289719626,0,13,0.0
cora_deepres28_w128,4,13,3,32,0,0.0,FIXED_IDS,10,0.0,0.0,0.0,0,13,0.0
cora_deepres28_w128,4,13,0,32,128,1.0,DENSE_XOR,130,0.6809457632211539,0.583984375,0.7294921875,0,13,0.0
cora_deepres28_w128,4,13,1,32,84,0.65625,DENSE_XOR,130,0.5485634157509157,0.5189732142857143,0.5766369047619048,0,13,0.0
cora_deepres28_w128,4,13,2,32,94,0.734375,DENSE_XOR,130,0.7335310965630116,0.699468085106383,0.7503324468085106,0,13,0.0
cora_deepres28_w128,4,13,3,32,0,0.0,FIXED_IDS,10,0.0,0.0,0.0,0,13,0.0
cora_deepres28_w128,4,13,0,32,128,1.0,DENSE_XOR,130,0.5973933293269231,0.501708984375,0.653564453125,0,13,0.0
cora_deepres28_w128,4,13,1,32,0,0.0,FIXED_IDS,10,0.0,0.0,0.0,0,13,0.0
cora_deepres28_w128,4,13,2,32,120,0.9375,DENSE_XOR,130,0.7676883012820512,0.73515625,0.7895833333333333,0,13,0.0
cora_deepres28_w128,4,13,3,32,0,0.0,FIXED_IDS,10,0.0,0.0,0.0,0,13,0.0
cora_deepres28_w128,4,13,0,32,0,0.0,FIXED_IDS,7,0.0,0.0,0.0,0,13,0.0
cora_deepres28_w128,4,13,1,32,0,0.0,FIXED_IDS,7,0.0,0.0,0.0,0,13,0.0
cora_deepres28_w128,4,13,2,32,0,0.0,FIXED_IDS,7,0.0,0.0,0.0,0,13,0.0
cora_deepres28_w128,4,13,3,32,0,0.0,FIXED_IDS,7,0.0,0.0,0.0,0,13,0.0
cora_deepres28_w128,17,12,0,4,0,0.0,FIXED_IDS,10,0.0,0.0,0.0,0,12,0.0
cora_deepres28_w128,17,12,1,4,0,0.0,FIXED_IDS,10,0.0,0.0,0.0,0,12,0.0
cora_deepres28_w128,17,12,2,4,0,0.0,FIXED_IDS,10,0.0,0.0,0.0,0,12,0.0
cora_deepres28_w128,17,12,3,4,0,0.0,FIXED_IDS,10,0.0,0.0,0.0,0,12,0.0
cora_deepres28_w128,17,12,4,4,0,0.0,FIXED_IDS,10,0.0,0.0,0.0,0,12,0.0
cora_deepres28_w128,17,12,5,4,0,0.0,FIXED_IDS,10,0.0,0.0,0.0,0,12,0.0
cora_deepres28_w128,17,12,6,4,0,0.0,FIXED_IDS,10,0.0,0.0,0.0,0,12,0.0
cora_deepres28_w128,17,12,7,4,0,0.0,FIXED_IDS,10,0.0,0.0,0.0,0,12,0.0
cora_deepres28_w128,17,12,8,4,0,0.0,FIXED_IDS,10,0.0,0.0,0.0,0,12,0.0
cora_deepres28_w128,17,12,9,4,0,0.0,FIXED_IDS,10,0.0,0.0,0.0,0,12,0.0
cora_deepres28_w128,17,12,10,4,0,0.0,FIXED_IDS,10,0.0,0.0,0.0,0,12,0.0
cora_deepres28_w128,17,12,11,4,0,0.0,FIXED_IDS,10,0.0,0.0,0.0,0,12,0.0
cora_deepres28_w128,17,12,12,4,0,0.0,FIXED_IDS,10,0.0,0.0,0.0,0,12,0.0
cora_deepres28_w128,17,12,13,4,0,0.0,FIXED_IDS,10,0.0,0.0,0.0,0,12,0.0
cora_deepres28_w128,17,12,14,4,0,0.0,FIXED_IDS,10,0.0,0.0,0.0,0,12,0.0
cora_deepres28_w128,17,12,15,4,0,0.0,FIXED_IDS,10,0.0,0.0,0.0,0,12,0.0
cora_deepres28_w128,17,12,16,4,0,0.0,FIXED_IDS,10,0.0,0.0,0.0,0,12,0.0
cora_deepres28_w128,17,12,17,4,0,0.0,FIXED_IDS,10,0.0,0.0,0.0,0,12,0.0
cora_deepres28_w128,17,12,18,4,0,0.0,FIXED_IDS,10,0.0,0.0,0.0,0,12,0.0
cora_deepres28_w128,17,12,19,4,0,0.0,FIXED_IDS,10,0.0,0.0,0.0,0,12,0.0
cora_deepres28_w128,17,12,20,4,0,0.0,FIXED_IDS,10,0.0,0.0,0.0,0,12,0.0
cora_deepres28_w128,17,12,21,4,0,0.0,FIXED_IDS,10,0.0,0.0,0.0,0,12,0.0
cora_deepres28_w128,17,12,22,4,0,0.0,FIXED_IDS,10,0.0,0.0,0.0,0,12,0.0
cora_deepres28_w128,17,12,23,4,0,0.0,FIXED_IDS,10,0.0,0.0,0.0,0,12,0.0
cora_deepres28_w128,17,12,24,4,0,0.0,FIXED_IDS,10,0.0,0.0,0.0,0,12,0.0
cora_deepres28_w128,17,12,25,4,0,0.0,FIXED_IDS,10,0.0,0.0,0.0,0,12,0.0
cora_deepres28_w128,17,12,26,4,0,0.0,FIXED_IDS,10,0.0,0.0,0.0,0,12,0.0
cora_deepres28_w128,17,12,27,4,0,0.0,FIXED_IDS,10,0.0,0.0,0.0,0,12,0.0
cora_deepres28_w128,17,12,28,4,0,0.0,FIXED_IDS,10,0.0,0.0,0.0,0,12,0.0
cora_deepres28_w128,17,12,29,4,0,0.0,FIXED_IDS,10,0.0,0.0,0.0,0,12,0.0
cora_deepres28_w128,17,12,30,4,0,0.0,FIXED_IDS,10,0.0,0.0,0.0,0,12,0.0
cora_deepres28_w128,17,12,31,4,0,0.0,FIXED_IDS,10,0.0,0.0,0.0,0,12,0.0
cora_deepres28_w128,17,12,0,4,0,0.0,FIXED_IDS,10,0.0,0.0,0.0,0,12,0.0
cora_deepres28_w128,17,12,1,4,0,0.0,FIXED_IDS,10,0.0,0.0,0.0,0,12,0.0
cora_deepres28_w128,17,12,2,4,0,0.0,FIXED_IDS,10,0.0,0.0,0.0,0,12,0.0
cora_deepres28_w128,17,12,3,4,0,0.0,FIXED_IDS,10,0.0,0.0,0.0,0,12,0.0
cora_deepres28_w128,17,12,4,4,0,0.0,FIXED_IDS,10,0.0,0.0,0.0,0,12,0.0
cora_deepres28_w128,17,12,5,4,0,0.0,FIXED_IDS,10,0.0,0.0,0.0,0,12,0.0
cora_deepres28_w128,17,12,6,4,0,0.0,FIXED_IDS,10,0.0,0.0,0.0,0,12,0.0
cora_deepres28_w128,17,12,7,4,0,0.0,FIXED_IDS,10,0.0,0.0,0.0,0,12,0.0
cora_deepres28_w128,17,12,8,4,0,0.0,FIXED_IDS,10,0.0,0.0,0.0,0,12,0.0
cora_deepres28_w128,17,12,9,4,0,0.0,FIXED_IDS,10,0.0,0.0,0.0,0,12,0.0
cora_deepres28_w128,17,12,10,4,0,0.0,FIXED_IDS,10,0.0,0.0,0.0,0,12,0.0
cora_deepres28_w128,17,12,11,4,0,0.0,FIXED_IDS,10,0.0,0.0,0.0,0,12,0.0
cora_deepres28_w128,17,12,12,4,0,0.0,FIXED_IDS,10,0.0,0.0,0.0,0,12,0.0
cora_deepres28_w128,17,12,13,4,0,0.0,FIXED_IDS,10,0.0,0.0,0.0,0,12,0.0
cora_deepres28_w128,17,12,14,4,0,0.0,FIXED_IDS,10,0.0,0.0,0.0,0,12,0.0
cora_deepres28_w128,17,12,15,4,0,0.0,FIXED_IDS,10,0.0,0.0,0.0,0,12,0.0
cora_deepres28_w128,17,12,16,4,0,0.0,FIXED_IDS,10,0.0,0.0,0.0,0,12,0.0
cora_deepres28_w128,17,12,17,4,0,0.0,FIXED_IDS,10,0.0,0.0,0.0,0,12,0.0
cora_deepres28_w128,17,12,18,4,0,0.0,FIXED_IDS,10,0.0,0.0,0.0,0,12,0.0
cora_deepres28_w128,17,12,19,4,0,0.0,FIXED_IDS,10,0.0,0.0,0.0,0,12,0.0
cora_deepres28_w128,17,12,20,4,0,0.0,FIXED_IDS,10,0.0,0.0,0.0,0,12,0.0
cora_deepres28_w128,17,12,21,4,0,0.0,FIXED_IDS,10,0.0,0.0,0.0,0,12,0.0
cora_deepres28_w128,17,12,22,4,0,0.0,FIXED_IDS,10,0.0,0.0,0.0,0,12,0.0
cora_deepres28_w128,17,12,23,4,0,0.0,FIXED_IDS,10,0.0,0.0,0.0,0,12,0.0
cora_deepres28_w128,17,12,24,4,0,0.0,FIXED_IDS,10,0.0,0.0,0.0,0,12,0.0
cora_deepres28_w128,17,12,25,4,0,0.0,FIXED_IDS,10,0.0,0.0,0.0,0,12,0.0
cora_deepres28_w128,17,12,26,4,0,0.0,FIXED_IDS,10,0.0,0.0,0.0,0,12,0.0
cora_deepres28_w128,17,12,27,4,0,0.0,FIXED_IDS,10,0.0,0.0,0.0,0,12,0.0
cora_deepres28_w128,17,12,28,4,0,0.0,FIXED_IDS,10,0.0,0.0,0.0,0,12,0.0
cora_deepres28_w128,17,12,29,4,0,0.0,FIXED_IDS,10,0.0,0.0,0.0,0,12,0.0
cora_deepres28_w128,17,12,30,4,0,0.0,FIXED_IDS,10,0.0,0.0,0.0,0,12,0.0
cora_deepres28_w128,17,12,31,4,0,0.0,FIXED_IDS,10,0.0,0.0,0.0,0,12,0.0
cora_deepres28_w128,17,12,0,4,0,0.0,FIXED_IDS,10,0.0,0.0,0.0,0,12,0.0
cora_deepres28_w128,17,12,1,4,0,0.0,FIXED_IDS,10,0.0,0.0,0.0,0,12,0.0
cora_deepres28_w128,17,12,2,4,0,0.0,FIXED_IDS,10,0.0,0.0,0.0,0,12,0.0
cora_deepres28_w128,17,12,3,4,0,0.0,FIXED_IDS,10,0.0,0.0,0.0,0,12,0.0
cora_deepres28_w128,17,12,4,4,0,0.0,FIXED_IDS,10,0.0,0.0,0.0,0,12,0.0
cora_deepres28_w128,17,12,5,4,0,0.0,FIXED_IDS,10,0.0,0.0,0.0,0,12,0.0
cora_deepres28_w128,17,12,6,4,0,0.0,FIXED_IDS,10,0.0,0.0,0.0,0,12,0.0
cora_deepres28_w128,17,12,7,4,0,0.0,FIXED_IDS,10,0.0,0.0,0.0,0,12,0.0
cora_deepres28_w128,17,12,8,4,0,0.0,FIXED_IDS,10,0.0,0.0,0.0,0,12,0.0
cora_deepres28_w128,17,12,9,4,0,0.0,FIXED_IDS,10,0.0,0.0,0.0,0,12,0.0
cora_deepres28_w128,17,12,10,4,0,0.0,FIXED_IDS,10,0.0,0.0,0.0,0,12,0.0
cora_deepres28_w128,17,12,11,4,0,0.0,FIXED_IDS,10,0.0,0.0,0.0,0,12,0.0
cora_deepres28_w128,17,12,12,4,0,0.0,FIXED_IDS,10,0.0,0.0,0.0,0,12,0.0
cora_deepres28_w128,17,12,13,4,0,0.0,FIXED_IDS,10,0.0,0.0,0.0,0,12,0.0
cora_deepres28_w128,17,12,14,4,0,0.0,FIXED_IDS,10,0.0,0.0,0.0,0,12,0.0
cora_deepres28_w128,17,12,15,4,0,0.0,FIXED_IDS,10,0.0,0.0,0.0,0,12,0.0
cora_deepres28_w128,17,12,16,4,0,0.0,FIXED_IDS,10,0.0,0.0,0.0,0,12,0.0
cora_deepres28_w128,17,12,17,4,0,0.0,FIXED_IDS,10,0.0,0.0,0.0,0,12,0.0
cora_deepres28_w128,17,12,18,4,0,0.0,FIXED_IDS,10,0.0,0.0,0.0,0,12,0.0
cora_deepres28_w128,17,12,19,4,0,0.0,FIXED_IDS,10,0.0,0.0,0.0,0,12,0.0
cora_deepres28_w128,17,12,20,4,0,0.0,FIXED_IDS,10,0.0,0.0,0.0,0,12,0.0
cora_deepres28_w128,17,12,21,4,0,0.0,FIXED_IDS,10,0.0,0.0,0.0,0,12,0.0
cora_deepres28_w128,17,12,22,4,0,0.0,FIXED_IDS,10,0.0,0.0,0.0,0,12,0.0
cora_deepres28_w128,17,12,23,4,0,0.0,FIXED_IDS,10,0.0,0.0,0.0,0,12,0.0
cora_deepres28_w128,17,12,24,4,0,0.0,FIXED_IDS,10,0.0,0.0,0.0,0,12,0.0
cora_deepres28_w128,17,12,25,4,0,0.0,FIXED_IDS,10,0.0,0.0,0.0,0,12,0.0
cora_deepres28_w128,17,12,26,4,0,0.0,FIXED_IDS,10,0.0,0.0,0.0,0,12,0.0
cora_deepres28_w128,17,12,27,4,0,0.0,FIXED_IDS,10,0.0,0.0,0.0,0,12,0.0
cora_deepres28_w128,17,12,28,4,0,0.0,FIXED_IDS,10,0.0,0.0,0.0,0,12,0.0
cora_deepres28_w128,17,12,29,4,0,0.0,FIXED_IDS,10,0.0,0.0,0.0,0,12,0.0
cora_deepres28_w128,17,12,30,4,0,0.0,FIXED_IDS,10,0.0,0.0,0.0,0,12,0.0
cora_deepres28_w128,17,12,31,4,0,0.0,FIXED_IDS,10,0.0,0.0,0.0,0,12,0.0
cora_deepres28_w128,17,12,0,4,0,0.0,FIXED_IDS,10,0.0,0.0,0.0,0,12,0.0
cora_deepres28_w128,17,12,1,4,0,0.0,FIXED_IDS,10,0.0,0.0,0.0,0,12,0.0
cora_deepres28_w128,17,12,2,4,0,0.0,FIXED_IDS,10,0.0,0.0,0.0,0,12,0.0
cora_deepres28_w128,17,12,3,4,0,0.0,FIXED_IDS,10,0.0,0.0,0.0,0,12,0.0
cora_deepres28_w128,17,12,4,4,0,0.0,FIXED_IDS,10,0.0,0.0,0.0,0,12,0.0
cora_deepres28_w128,17,12,5,4,0,0.0,FIXED_IDS,10,0.0,0.0,0.0,0,12,0.0
cora_deepres28_w128,17,12,6,4,0,0.0,FIXED_IDS,10,0.0,0.0,0.0,0,12,0.0
cora_deepres28_w128,17,12,7,4,0,0.0,FIXED_IDS,10,0.0,0.0,0.0,0,12,0.0
cora_deepres28_w128,17,12,8,4,0,0.0,FIXED_IDS,10,0.0,0.0,0.0,0,12,0.0
cora_deepres28_w128,17,12,9,4,0,0.0,FIXED_IDS,10,0.0,0.0,0.0,0,12,0.0
cora_deepres28_w128,17,12,10,4,0,0.0,FIXED_IDS,10,0.0,0.0,0.0,0,12,0.0
cora_deepres28_w128,17,12,11,4,0,0.0,FIXED_IDS,10,0.0,0.0,0.0,0,12,0.0
cora_deepres28_w128,17,12,12,4,0,0.0,FIXED_IDS,10,0.0,0.0,0.0,0,12,0.0
cora_deepres28_w128,17,12,13,4,0,0.0,FIXED_IDS,10,0.0,0.0,0.0,0,12,0.0
cora_deepres28_w128,17,12,14,4,0,0.0,FIXED_IDS,10,0.0,0.0,0.0,0,12,0.0
cora_deepres28_w128,17,12,15,4,0,0.0,FIXED_IDS,10,0.0,0.0,0.0,0,12,0.0
cora_deepres28_w128,17,12,16,4,0,0.0,FIXED_IDS,10,0.0,0.0,0.0,0,12,0.0
cora_deepres28_w128,17,12,17,4,0,0.0,FIXED_IDS,10,0.0,0.0,0.0,0,12,0.0
cora_deepres28_w128,17,12,18,4,0,0.0,FIXED_IDS,10,0.0,0.0,0.0,0,12,0.0
cora_deepres28_w128,17,12,19,4,0,0.0,FIXED_IDS,10,0.0,0.0,0.0,0,12,0.0
cora_deepres28_w128,17,12,20,4,0,0.0,FIXED_IDS,10,0.0,0.0,0.0,0,12,0.0
cora_deepres28_w128,17,12,21,4,0,0.0,FIXED_IDS,10,0.0,0.0,0.0,0,12,0.0
cora_deepres28_w128,17,12,22,4,0,0.0,FIXED_IDS,10,0.0,0.0,0.0,0,12,0.0
cora_deepres28_w128,17,12,23,4,0,0.0,FIXED_IDS,10,0.0,0.0,0.0,0,12,0.0
cora_deepres28_w128,17,12,24,4,0,0.0,FIXED_IDS,10,0.0,0.0,0.0,0,12,0.0
cora_deepres28_w128,17,12,25,4,0,0.0,FIXED_IDS,10,0.0,0.0,0.0,0,12,0.0
cora_deepres28_w128,17,12,26,4,0,0.0,FIXED_IDS,10,0.0,0.0,0.0,0,12,0.0
cora_deepres28_w128,17,12,27,4,0,0.0,FIXED_IDS,10,0.0,0.0,0.0,0,12,0.0
cora_deepres28_w128,17,12,28,4,0,0.0,FIXED_IDS,10,0.0,0.0,0.0,0,12,0.0
cora_deepres28_w128,17,12,29,4,0,0.0,FIXED_IDS,10,0.0,0.0,0.0,0,12,0.0
cora_deepres28_w128,17,12,30,4,0,0.0,FIXED_IDS,10,0.0,0.0,0.0,0,12,0.0
cora_deepres28_w128,17,12,31,4,0,0.0,FIXED_IDS,10,0.0,0.0,0.0,0,12,0.0
cora_deepres28_w128,17,12,0,4,0,0.0,FIXED_IDS,10,0.0,0.0,0.0,0,12,0.0
cora_deepres28_w128,17,12,1,4,0,0.0,FIXED_IDS,10,0.0,0.0,0.0,0,12,0.0
cora_deepres28_w128,17,12,2,4,0,0.0,FIXED_IDS,10,0.0,0.0,0.0,0,12,0.0
cora_deepres28_w128,17,12,3,4,0,0.0,FIXED_IDS,10,0.0,0.0,0.0,0,12,0.0
cora_deepres28_w128,17,12,4,4,0,0.0,FIXED_IDS,10,0.0,0.0,0.0,0,12,0.0
cora_deepres28_w128,17,12,5,4,0,0.0,FIXED_IDS,10,0.0,0.0,0.0,0,12,0.0
cora_deepres28_w128,17,12,6,4,0,0.0,FIXED_IDS,10,0.0,0.0,0.0,0,12,0.0
cora_deepres28_w128,17,12,7,4,0,0.0,FIXED_IDS,10,0.0,0.0,0.0,0,12,0.0
cora_deepres28_w128,17,12,8,4,0,0.0,FIXED_IDS,10,0.0,0.0,0.0,0,12,0.0
cora_deepres28_w128,17,12,9,4,0,0.0,FIXED_IDS,10,0.0,0.0,0.0,0,12,0.0
cora_deepres28_w128,17,12,10,4,0,0.0,FIXED_IDS,10,0.0,0.0,0.0,0,12,0.0
cora_deepres28_w128,17,12,11,4,0,0.0,FIXED_IDS,10,0.0,0.0,0.0,0,12,0.0
cora_deepres28_w128,17,12,12,4,0,0.0,FIXED_IDS,10,0.0,0.0,0.0,0,12,0.0
cora_deepres28_w128,17,12,13,4,0,0.0,FIXED_IDS,10,0.0,0.0,0.0,0,12,0.0
cora_deepres28_w128,17,12,14,4,0,0.0,FIXED_IDS,10,0.0,0.0,0.0,0,12,0.0
cora_deepres28_w128,17,12,15,4,0,0.0,FIXED_IDS,10,0.0,0.0,0.0,0,12,0.0
cora_deepres28_w128,17,12,16,4,0,0.0,FIXED_IDS,10,0.0,0.0,0.0,0,12,0.0
cora_deepres28_w128,17,12,17,4,0,0.0,FIXED_IDS,10,0.0,0.0,0.0,0,12,0.0
cora_deepres28_w128,17,12,18,4,0,0.0,FIXED_IDS,10,0.0,0.0,0.0,0,12,0.0
cora_deepres28_w128,17,12,19,4,0,0.0,FIXED_IDS,10,0.0,0.0,0.0,0,12,0.0
cora_deepres28_w128,17,12,20,4,0,0.0,FIXED_IDS,10,0.0,0.0,0.0,0,12,0.0
cora_deepres28_w128,17,12,21,4,0,0.0,FIXED_IDS,10,0.0,0.0,0.0,0,12,0.0
cora_deepres28_w128,17,12,22,4,0,0.0,FIXED_IDS,10,0.0,0.0,0.0,0,12,0.0
cora_deepres28_w128,17,12,23,4,0,0.0,FIXED_IDS,10,0.0,0.0,0.0,0,12,0.0
cora_deepres28_w128,17,12,24,4,0,0.0,FIXED_IDS,10,0.0,0.0,0.0,0,12,0.0
cora_deepres28_w128,17,12,25,4,0,0.0,FIXED_IDS,10,0.0,0.0,0.0,0,12,0.0
cora_deepres28_w128,17,12,26,4,0,0.0,FIXED_IDS,10,0.0,0.0,0.0,0,12,0.0
cora_deepres28_w128,17,12,27,4,0,0.0,FIXED_IDS,10,0.0,0.0,0.0,0,12,0.0
cora_deepres28_w128,17,12,28,4,0,0.0,FIXED_IDS,10,0.0,0.0,0.0,0,12,0.0
cora_deepres28_w128,17,12,29,4,0,0.0,FIXED_IDS,10,0.0,0.0,0.0,0,12,0.0
cora_deepres28_w128,17,12,30,4,0,0.0,FIXED_IDS,10,0.0,0.0,0.0,0,12,0.0
cora_deepres28_w128,17,12,31,4,0,0.0,FIXED_IDS,10,0.0,0.0,0.0,0,12,0.0
cora_deepres28_w128,17,12,0,4,0,0.0,FIXED_IDS,10,0.0,0.0,0.0,0,12,0.0
cora_deepres28_w128,17,12,1,4,0,0.0,FIXED_IDS,10,0.0,0.0,0.0,0,12,0.0
cora_deepres28_w128,17,12,2,4,0,0.0,FIXED_IDS,10,0.0,0.0,0.0,0,12,0.0
cora_deepres28_w128,17,12,3,4,0,0.0,FIXED_IDS,10,0.0,0.0,0.0,0,12,0.0
cora_deepres28_w128,17,12,4,4,0,0.0,FIXED_IDS,10,0.0,0.0,0.0,0,12,0.0
cora_deepres28_w128,17,12,5,4,0,0.0,FIXED_IDS,10,0.0,0.0,0.0,0,12,0.0
cora_deepres28_w128,17,12,6,4,0,0.0,FIXED_IDS,10,0.0,0.0,0.0,0,12,0.0
cora_deepres28_w128,17,12,7,4,0,0.0,FIXED_IDS,10,0.0,0.0,0.0,0,12,0.0
cora_deepres28_w128,17,12,8,4,0,0.0,FIXED_IDS,10,0.0,0.0,0.0,0,12,0.0
cora_deepres28_w128,17,12,9,4,0,0.0,FIXED_IDS,10,0.0,0.0,0.0,0,12,0.0
cora_deepres28_w128,17,12,10,4,0,0.0,FIXED_IDS,10,0.0,0.0,0.0,0,12,0.0
cora_deepres28_w128,17,12,11,4,0,0.0,FIXED_IDS,10,0.0,0.0,0.0,0,12,0.0
cora_deepres28_w128,17,12,12,4,0,0.0,FIXED_IDS,10,0.0,0.0,0.0,0,12,0.0
cora_deepres28_w128,17,12,13,4,0,0.0,FIXED_IDS,10,0.0,0.0,0.0,0,12,0.0
cora_deepres28_w128,17,12,14,4,0,0.0,FIXED_IDS,10,0.0,0.0,0.0,0,12,0.0
cora_deepres28_w128,17,12,15,4,0,0.0,FIXED_IDS,10,0.0,0.0,0.0,0,12,0.0
cora_deepres28_w128,17,12,16,4,0,0.0,FIXED_IDS,10,0.0,0.0,0.0,0,12,0.0
cora_deepres28_w128,17,12,17,4,0,0.0,FIXED_IDS,10,0.0,0.0,0.0,0,12,0.0
cora_deepres28_w128,17,12,18,4,0,0.0,FIXED_IDS,10,0.0,0.0,0.0,0,12,0.0
cora_deepres28_w128,17,12,19,4,0,0.0,FIXED_IDS,10,0.0,0.0,0.0,0,12,0.0
cora_deepres28_w128,17,12,20,4,0,0.0,FIXED_IDS,10,0.0,0.0,0.0,0,12,0.0
cora_deepres28_w128,17,12,21,4,0,0.0,FIXED_IDS,10,0.0,0.0,0.0,0,12,0.0
cora_deepres28_w128,17,12,22,4,0,0.0,FIXED_IDS,10,0.0,0.0,0.0,0,12,0.0
cora_deepres28_w128,17,12,23,4,0,0.0,FIXED_IDS,10,0.0,0.0,0.0,0,12,0.0
cora_deepres28_w128,17,12,24,4,0,0.0,FIXED_IDS,10,0.0,0.0,0.0,0,12,0.0
cora_deepres28_w128,17,12,25,4,0,0.0,FIXED_IDS,10,0.0,0.0,0.0,0,12,0.0
cora_deepres28_w128,17,12,26,4,0,0.0,FIXED_IDS,10,0.0,0.0,0.0,0,12,0.0
cora_deepres28_w128,17,12,27,4,0,0.0,FIXED_IDS,10,0.0,0.0,0.0,0,12,0.0
cora_deepres28_w128,17,12,28,4,0,0.0,FIXED_IDS,10,0.0,0.0,0.0,0,12,0.0
cora_deepres28_w128,17,12,29,4,0,0.0,FIXED_IDS,10,0.0,0.0,0.0,0,12,0.0
cora_deepres28_w128,17,12,30,4,0,0.0,FIXED_IDS,10,0.0,0.0,0.0,0,12,0.0
cora_deepres28_w128,17,12,31,4,0,0.0,FIXED_IDS,10,0.0,0.0,0.0,0,12,0.0
cora_deepres28_w128,17,12,0,4,0,0.0,FIXED_IDS,10,0.0,0.0,0.0,0,12,0.0
cora_deepres28_w128,17,12,1,4,0,0.0,FIXED_IDS,10,0.0,0.0,0.0,0,12,0.0
cora_deepres28_w128,17,12,2,4,0,0.0,FIXED_IDS,10,0.0,0.0,0.0,0,12,0.0
cora_deepres28_w128,17,12,3,4,0,0.0,FIXED_IDS,10,0.0,0.0,0.0,0,12,0.0
cora_deepres28_w128,17,12,4,4,0,0.0,FIXED_IDS,10,0.0,0.0,0.0,0,12,0.0
cora_deepres28_w128,17,12,5,4,0,0.0,FIXED_IDS,10,0.0,0.0,0.0,0,12,0.0
cora_deepres28_w128,17,12,6,4,0,0.0,FIXED_IDS,10,0.0,0.0,0.0,0,12,0.0
cora_deepres28_w128,17,12,7,4,0,0.0,FIXED_IDS,10,0.0,0.0,0.0,0,12,0.0
cora_deepres28_w128,17,12,8,4,0,0.0,FIXED_IDS,10,0.0,0.0,0.0,0,12,0.0
cora_deepres28_w128,17,12,9,4,0,0.0,FIXED_IDS,10,0.0,0.0,0.0,0,12,0.0
cora_deepres28_w128,17,12,10,4,0,0.0,FIXED_IDS,10,0.0,0.0,0.0,0,12,0.0
cora_deepres28_w128,17,12,11,4,0,0.0,FIXED_IDS,10,0.0,0.0,0.0,0,12,0.0
cora_deepres28_w128,17,12,12,4,0,0.0,FIXED_IDS,10,0.0,0.0,0.0,0,12,0.0
cora_deepres28_w128,17,12,13,4,0,0.0,FIXED_IDS,10,0.0,0.0,0.0,0,12,0.0
cora_deepres28_w128,17,12,14,4,0,0.0,FIXED_IDS,10,0.0,0.0,0.0,0,12,0.0
cora_deepres28_w128,17,12,15,4,0,0.0,FIXED_IDS,10,0.0,0.0,0.0,0,12,0.0
cora_deepres28_w128,17,12,16,4,0,0.0,FIXED_IDS,10,0.0,0.0,0.0,0,12,0.0
cora_deepres28_w128,17,12,17,4,0,0.0,FIXED_IDS,10,0.0,0.0,0.0,0,12,0.0
cora_deepres28_w128,17,12,18,4,0,0.0,FIXED_IDS,10,0.0,0.0,0.0,0,12,0.0
cora_deepres28_w128,17,12,19,4,0,0.0,FIXED_IDS,10,0.0,0.0,0.0,0,12,0.0
cora_deepres28_w128,17,12,20,4,0,0.0,FIXED_IDS,10,0.0,0.0,0.0,0,12,0.0
cora_deepres28_w128,17,12,21,4,0,0.0,FIXED_IDS,10,0.0,0.0,0.0,0,12,0.0
cora_deepres28_w128,17,12,22,4,0,0.0,FIXED_IDS,10,0.0,0.0,0.0,0,12,0.0
cora_deepres28_w128,17,12,23,4,0,0.0,FIXED_IDS,10,0.0,0.0,0.0,0,12,0.0
cora_deepres28_w128,17,12,24,4,0,0.0,FIXED_IDS,10,0.0,0.0,0.0,0,12,0.0
cora_deepres28_w128,17,12,25,4,0,0.0,FIXED_IDS,10,0.0,0.0,0.0,0,12,0.0
cora_deepres28_w128,17,12,26,4,0,0.0,FIXED_IDS,10,0.0,0.0,0.0,0,12,0.0
cora_deepres28_w128,17,12,27,4,0,0.0,FIXED_IDS,10,0.0,0.0,0.0,0,12,0.0
cora_deepres28_w128,17,12,28,4,0,0.0,FIXED_IDS,10,0.0,0.0,0.0,0,12,0.0
cora_deepres28_w128,17,12,29,4,0,0.0,FIXED_IDS,10,0.0,0.0,0.0,0,12,0.0
cora_deepres28_w128,17,12,30,4,0,0.0,FIXED_IDS,10,0.0,0.0,0.0,0,12,0.0
cora_deepres28_w128,17,12,31,4,0,0.0,FIXED_IDS,10,0.0,0.0,0.0,0,12,0.0
cora_deepres28_w128,17,12,0,4,0,0.0,FIXED_IDS,10,0.0,0.0,0.0,0,12,0.0
cora_deepres28_w128,17,12,1,4,0,0.0,FIXED_IDS,10,0.0,0.0,0.0,0,12,0.0
cora_deepres28_w128,17,12,2,4,0,0.0,FIXED_IDS,10,0.0,0.0,0.0,0,12,0.0
cora_deepres28_w128,17,12,3,4,0,0.0,FIXED_IDS,10,0.0,0.0,0.0,0,12,0.0
cora_deepres28_w128,17,12,4,4,0,0.0,FIXED_IDS,10,0.0,0.0,0.0,0,12,0.0
cora_deepres28_w128,17,12,5,4,0,0.0,FIXED_IDS,10,0.0,0.0,0.0,0,12,0.0
cora_deepres28_w128,17,12,6,4,0,0.0,FIXED_IDS,10,0.0,0.0,0.0,0,12,0.0
cora_deepres28_w128,17,12,7,4,0,0.0,FIXED_IDS,10,0.0,0.0,0.0,0,12,0.0
cora_deepres28_w128,17,12,8,4,0,0.0,FIXED_IDS,10,0.0,0.0,0.0,0,12,0.0
cora_deepres28_w128,17,12,9,4,0,0.0,FIXED_IDS,10,0.0,0.0,0.0,0,12,0.0
cora_deepres28_w128,17,12,10,4,0,0.0,FIXED_IDS,10,0.0,0.0,0.0,0,12,0.0
cora_deepres28_w128,17,12,11,4,0,0.0,FIXED_IDS,10,0.0,0.0,0.0,0,12,0.0
cora_deepres28_w128,17,12,12,4,0,0.0,FIXED_IDS,10,0.0,0.0,0.0,0,12,0.0
cora_deepres28_w128,17,12,13,4,0,0.0,FIXED_IDS,10,0.0,0.0,0.0,0,12,0.0
cora_deepres28_w128,17,12,14,4,0,0.0,FIXED_IDS,10,0.0,0.0,0.0,0,12,0.0
cora_deepres28_w128,17,12,15,4,0,0.0,FIXED_IDS,10,0.0,0.0,0.0,0,12,0.0
cora_deepres28_w128,17,12,16,4,0,0.0,FIXED_IDS,10,0.0,0.0,0.0,0,12,0.0
cora_deepres28_w128,17,12,17,4,0,0.0,FIXED_IDS,10,0.0,0.0,0.0,0,12,0.0
cora_deepres28_w128,17,12,18,4,0,0.0,FIXED_IDS,10,0.0,0.0,0.0,0,12,0.0
cora_deepres28_w128,17,12,19,4,0,0.0,FIXED_IDS,10,0.0,0.0,0.0,0,12,0.0
cora_deepres28_w128,17,12,20,4,0,0.0,FIXED_IDS,10,0.0,0.0,0.0,0,12,0.0
cora_deepres28_w128,17,12,21,4,0,0.0,FIXED_IDS,10,0.0,0.0,0.0,0,12,0.0
cora_deepres28_w128,17,12,22,4,0,0.0,FIXED_IDS,10,0.0,0.0,0.0,0,12,0.0
cora_deepres28_w128,17,12,23,4,0,0.0,FIXED_IDS,10,0.0,0.0,0.0,0,12,0.0
cora_deepres28_w128,17,12,24,4,0,0.0,FIXED_IDS,10,0.0,0.0,0.0,0,12,0.0
cora_deepres28_w128,17,12,25,4,0,0.0,FIXED_IDS,10,0.0,0.0,0.0,0,12,0.0
cora_deepres28_w128,17,12,26,4,0,0.0,FIXED_IDS,10,0.0,0.0,0.0,0,12,0.0
cora_deepres28_w128,17,12,27,4,0,0.0,FIXED_IDS,10,0.0,0.0,0.0,0,12,0.0
cora_deepres28_w128,17,12,28,4,0,0.0,FIXED_IDS,10,0.0,0.0,0.0,0,12,0.0
cora_deepres28_w128,17,12,29,4,0,0.0,FIXED_IDS,10,0.0,0.0,0.0,0,12,0.0
cora_deepres28_w128,17,12,30,4,0,0.0,FIXED_IDS,10,0.0,0.0,0.0,0,12,0.0
cora_deepres28_w128,17,12,31,4,0,0.0,FIXED_IDS,10,0.0,0.0,0.0,0,12,0.0
cora_deepres28_w128,17,12,0,4,0,0.0,FIXED_IDS,10,0.0,0.0,0.0,0,12,0.0
cora_deepres28_w128,17,12,1,4,0,0.0,FIXED_IDS,10,0.0,0.0,0.0,0,12,0.0
cora_deepres28_w128,17,12,2,4,0,0.0,FIXED_IDS,10,0.0,0.0,0.0,0,12,0.0
cora_deepres28_w128,17,12,3,4,0,0.0,FIXED_IDS,10,0.0,0.0,0.0,0,12,0.0
cora_deepres28_w128,17,12,4,4,0,0.0,FIXED_IDS,10,0.0,0.0,0.0,0,12,0.0
cora_deepres28_w128,17,12,5,4,0,0.0,FIXED_IDS,10,0.0,0.0,0.0,0,12,0.0
cora_deepres28_w128,17,12,6,4,0,0.0,FIXED_IDS,10,0.0,0.0,0.0,0,12,0.0
cora_deepres28_w128,17,12,7,4,0,0.0,FIXED_IDS,10,0.0,0.0,0.0,0,12,0.0
cora_deepres28_w128,17,12,8,4,0,0.0,FIXED_IDS,10,0.0,0.0,0.0,0,12,0.0
cora_deepres28_w128,17,12,9,4,0,0.0,FIXED_IDS,10,0.0,0.0,0.0,0,12,0.0
cora_deepres28_w128,17,12,10,4,0,0.0,FIXED_IDS,10,0.0,0.0,0.0,0,12,0.0
cora_deepres28_w128,17,12,11,4,0,0.0,FIXED_IDS,10,0.0,0.0,0.0,0,12,0.0
cora_deepres28_w128,17,12,12,4,0,0.0,FIXED_IDS,10,0.0,0.0,0.0,0,12,0.0
cora_deepres28_w128,17,12,13,4,0,0.0,FIXED_IDS,10,0.0,0.0,0.0,0,12,0.0
cora_deepres28_w128,17,12,14,4,0,0.0,FIXED_IDS,10,0.0,0.0,0.0,0,12,0.0
cora_deepres28_w128,17,12,15,4,0,0.0,FIXED_IDS,10,0.0,0.0,0.0,0,12,0.0
cora_deepres28_w128,17,12,16,4,0,0.0,FIXED_IDS,10,0.0,0.0,0.0,0,12,0.0
cora_deepres28_w128,17,12,17,4,0,0.0,FIXED_IDS,10,0.0,0.0,0.0,0,12,0.0
cora_deepres28_w128,17,12,18,4,0,0.0,FIXED_IDS,10,0.0,0.0,0.0,0,12,0.0
cora_deepres28_w128,17,12,19,4,0,0.0,FIXED_IDS,10,0.0,0.0,0.0,0,12,0.0
cora_deepres28_w128,17,12,20,4,0,0.0,FIXED_IDS,10,0.0,0.0,0.0,0,12,0.0
cora_deepres28_w128,17,12,21,4,0,0.0,FIXED_IDS,10,0.0,0.0,0.0,0,12,0.0
cora_deepres28_w128,17,12,22,4,0,0.0,FIXED_IDS,10,0.0,0.0,0.0,0,12,0.0
cora_deepres28_w128,17,12,23,4,0,0.0,FIXED_IDS,10,0.0,0.0,0.0,0,12,0.0
cora_deepres28_w128,17,12,24,4,0,0.0,FIXED_IDS,10,0.0,0.0,0.0,0,12,0.0
cora_deepres28_w128,17,12,25,4,0,0.0,FIXED_IDS,10,0.0,0.0,0.0,0,12,0.0
cora_deepres28_w128,17,12,26,4,0,0.0,FIXED_IDS,10,0.0,0.0,0.0,0,12,0.0
cora_deepres28_w128,17,12,27,4,0,0.0,FIXED_IDS,10,0.0,0.0,0.0,0,12,0.0
cora_deepres28_w128,17,12,28,4,0,0.0,FIXED_IDS,10,0.0,0.0,0.0,0,12,0.0
cora_deepres28_w128,17,12,29,4,0,0.0,FIXED_IDS,10,0.0,0.0,0.0,0,12,0.0
cora_deepres28_w128,17,12,30,4,0,0.0,FIXED_IDS,10,0.0,0.0,0.0,0,12,0.0
cora_deepres28_w128,17,12,31,4,0,0.0,FIXED_IDS,10,0.0,0.0,0.0,0,12,0.0
cora_deepres28_w128,17,12,0,4,0,0.0,FIXED_IDS,10,0.0,0.0,0.0,0,12,0.0
cora_deepres28_w128,17,12,1,4,0,0.0,FIXED_IDS,10,0.0,0.0,0.0,0,12,0.0
cora_deepres28_w128,17,12,2,4,0,0.0,FIXED_IDS,10,0.0,0.0,0.0,0,12,0.0
cora_deepres28_w128,17,12,3,4,0,0.0,FIXED_IDS,10,0.0,0.0,0.0,0,12,0.0
cora_deepres28_w128,17,12,4,4,0,0.0,FIXED_IDS,10,0.0,0.0,0.0,0,12,0.0
cora_deepres28_w128,17,12,5,4,0,0.0,FIXED_IDS,10,0.0,0.0,0.0,0,12,0.0
cora_deepres28_w128,17,12,6,4,0,0.0,FIXED_IDS,10,0.0,0.0,0.0,0,12,0.0
cora_deepres28_w128,17,12,7,4,0,0.0,FIXED_IDS,10,0.0,0.0,0.0,0,12,0.0
cora_deepres28_w128,17,12,8,4,0,0.0,FIXED_IDS,10,0.0,0.0,0.0,0,12,0.0
cora_deepres28_w128,17,12,9,4,0,0.0,FIXED_IDS,10,0.0,0.0,0.0,0,12,0.0
cora_deepres28_w128,17,12,10,4,0,0.0,FIXED_IDS,10,0.0,0.0,0.0,0,12,0.0
cora_deepres28_w128,17,12,11,4,0,0.0,FIXED_IDS,10,0.0,0.0,0.0,0,12,0.0
cora_deepres28_w128,17,12,12,4,0,0.0,FIXED_IDS,10,0.0,0.0,0.0,0,12,0.0
cora_deepres28_w128,17,12,13,4,0,0.0,FIXED_IDS,10,0.0,0.0,0.0,0,12,0.0
cora_deepres28_w128,17,12,14,4,0,0.0,FIXED_IDS,10,0.0,0.0,0.0,0,12,0.0
cora_deepres28_w128,17,12,15,4,0,0.0,FIXED_IDS,10,0.0,0.0,0.0,0,12,0.0
cora_deepres28_w128,17,12,16,4,0,0.0,FIXED_IDS,10,0.0,0.0,0.0,0,12,0.0
cora_deepres28_w128,17,12,17,4,0,0.0,FIXED_IDS,10,0.0,0.0,0.0,0,12,0.0
cora_deepres28_w128,17,12,18,4,0,0.0,FIXED_IDS,10,0.0,0.0,0.0,0,12,0.0
cora_deepres28_w128,17,12,19,4,0,0.0,FIXED_IDS,10,0.0,0.0,0.0,0,12,0.0
cora_deepres28_w128,17,12,20,4,0,0.0,FIXED_IDS,10,0.0,0.0,0.0,0,12,0.0
cora_deepres28_w128,17,12,21,4,0,0.0,FIXED_IDS,10,0.0,0.0,0.0,0,12,0.0
cora_deepres28_w128,17,12,22,4,0,0.0,FIXED_IDS,10,0.0,0.0,0.0,0,12,0.0
cora_deepres28_w128,17,12,23,4,0,0.0,FIXED_IDS,10,0.0,0.0,0.0,0,12,0.0
cora_deepres28_w128,17,12,24,4,0,0.0,FIXED_IDS,10,0.0,0.0,0.0,0,12,0.0
cora_deepres28_w128,17,12,25,4,0,0.0,FIXED_IDS,10,0.0,0.0,0.0,0,12,0.0
cora_deepres28_w128,17,12,26,4,0,0.0,FIXED_IDS,10,0.0,0.0,0.0,0,12,0.0
cora_deepres28_w128,17,12,27,4,0,0.0,FIXED_IDS,10,0.0,0.0,0.0,0,12,0.0
cora_deepres28_w128,17,12,28,4,0,0.0,FIXED_IDS,10,0.0,0.0,0.0,0,12,0.0
cora_deepres28_w128,17,12,29,4,0,0.0,FIXED_IDS,10,0.0,0.0,0.0,0,12,0.0
cora_deepres28_w128,17,12,30,4,0,0.0,FIXED_IDS,10,0.0,0.0,0.0,0,12,0.0
cora_deepres28_w128,17,12,31,4,0,0.0,FIXED_IDS,10,0.0,0.0,0.0,0,12,0.0
cora_deepres28_w128,17,12,0,4,0,0.0,FIXED_IDS,10,0.0,0.0,0.0,0,12,0.0
cora_deepres28_w128,17,12,1,4,0,0.0,FIXED_IDS,10,0.0,0.0,0.0,0,12,0.0
cora_deepres28_w128,17,12,2,4,0,0.0,FIXED_IDS,10,0.0,0.0,0.0,0,12,0.0
cora_deepres28_w128,17,12,3,4,0,0.0,FIXED_IDS,10,0.0,0.0,0.0,0,12,0.0
cora_deepres28_w128,17,12,4,4,0,0.0,FIXED_IDS,10,0.0,0.0,0.0,0,12,0.0
cora_deepres28_w128,17,12,5,4,0,0.0,FIXED_IDS,10,0.0,0.0,0.0,0,12,0.0
cora_deepres28_w128,17,12,6,4,0,0.0,FIXED_IDS,10,0.0,0.0,0.0,0,12,0.0
cora_deepres28_w128,17,12,7,4,0,0.0,FIXED_IDS,10,0.0,0.0,0.0,0,12,0.0
cora_deepres28_w128,17,12,8,4,0,0.0,FIXED_IDS,10,0.0,0.0,0.0,0,12,0.0
cora_deepres28_w128,17,12,9,4,0,0.0,FIXED_IDS,10,0.0,0.0,0.0,0,12,0.0
cora_deepres28_w128,17,12,10,4,0,0.0,FIXED_IDS,10,0.0,0.0,0.0,0,12,0.0
cora_deepres28_w128,17,12,11,4,0,0.0,FIXED_IDS,10,0.0,0.0,0.0,0,12,0.0
cora_deepres28_w128,17,12,12,4,0,0.0,FIXED_IDS,10,0.0,0.0,0.0,0,12,0.0
cora_deepres28_w128,17,12,13,4,0,0.0,FIXED_IDS,10,0.0,0.0,0.0,0,12,0.0
cora_deepres28_w128,17,12,14,4,0,0.0,FIXED_IDS,10,0.0,0.0,0.0,0,12,0.0
cora_deepres28_w128,17,12,15,4,0,0.0,FIXED_IDS,10,0.0,0.0,0.0,0,12,0.0
cora_deepres28_w128,17,12,16,4,0,0.0,FIXED_IDS,10,0.0,0.0,0.0,0,12,0.0
cora_deepres28_w128,17,12,17,4,0,0.0,FIXED_IDS,10,0.0,0.0,0.0,0,12,0.0
cora_deepres28_w128,17,12,18,4,0,0.0,FIXED_IDS,10,0.0,0.0,0.0,0,12,0.0
cora_deepres28_w128,17,12,19,4,0,0.0,FIXED_IDS,10,0.0,0.0,0.0,0,12,0.0
cora_deepres28_w128,17,12,20,4,0,0.0,FIXED_IDS,10,0.0,0.0,0.0,0,12,0.0
cora_deepres28_w128,17,12,21,4,0,0.0,FIXED_IDS,10,0.0,0.0,0.0,0,12,0.0
cora_deepres28_w128,17,12,22,4,0,0.0,FIXED_IDS,10,0.0,0.0,0.0,0,12,0.0
cora_deepres28_w128,17,12,23,4,0,0.0,FIXED_IDS,10,0.0,0.0,0.0,0,12,0.0
cora_deepres28_w128,17,12,24,4,0,0.0,FIXED_IDS,10,0.0,0.0,0.0,0,12,0.0
cora_deepres28_w128,17,12,25,4,0,0.0,FIXED_IDS,10,0.0,0.0,0.0,0,12,0.0
cora_deepres28_w128,17,12,26,4,0,0.0,FIXED_IDS,10,0.0,0.0,0.0,0,12,0.0
cora_deepres28_w128,17,12,27,4,0,0.0,FIXED_IDS,10,0.0,0.0,0.0,0,12,0.0
cora_deepres28_w128,17,12,28,4,0,0.0,FIXED_IDS,10,0.0,0.0,0.0,0,12,0.0
cora_deepres28_w128,17,12,29,4,0,0.0,FIXED_IDS,10,0.0,0.0,0.0,0,12,0.0
cora_deepres28_w128,17,12,30,4,0,0.0,FIXED_IDS,10,0.0,0.0,0.0,0,12,0.0
cora_deepres28_w128,17,12,31,4,0,0.0,FIXED_IDS,10,0.0,0.0,0.0,0,12,0.0
cora_deepres28_w128,17,12,0,4,0,0.0,FIXED_IDS,10,0.0,0.0,0.0,0,12,0.0
cora_deepres28_w128,17,12,1,4,0,0.0,FIXED_IDS,10,0.0,0.0,0.0,0,12,0.0
cora_deepres28_w128,17,12,2,4,0,0.0,FIXED_IDS,10,0.0,0.0,0.0,0,12,0.0
cora_deepres28_w128,17,12,3,4,0,0.0,FIXED_IDS,10,0.0,0.0,0.0,0,12,0.0
cora_deepres28_w128,17,12,4,4,0,0.0,FIXED_IDS,10,0.0,0.0,0.0,0,12,0.0
cora_deepres28_w128,17,12,5,4,0,0.0,FIXED_IDS,10,0.0,0.0,0.0,0,12,0.0
cora_deepres28_w128,17,12,6,4,0,0.0,FIXED_IDS,10,0.0,0.0,0.0,0,12,0.0
cora_deepres28_w128,17,12,7,4,0,0.0,FIXED_IDS,10,0.0,0.0,0.0,0,12,0.0
cora_deepres28_w128,17,12,8,4,0,0.0,FIXED_IDS,10,0.0,0.0,0.0,0,12,0.0
cora_deepres28_w128,17,12,9,4,0,0.0,FIXED_IDS,10,0.0,0.0,0.0,0,12,0.0
cora_deepres28_w128,17,12,10,4,0,0.0,FIXED_IDS,10,0.0,0.0,0.0,0,12,0.0
cora_deepres28_w128,17,12,11,4,0,0.0,FIXED_IDS,10,0.0,0.0,0.0,0,12,0.0
cora_deepres28_w128,17,12,12,4,0,0.0,FIXED_IDS,10,0.0,0.0,0.0,0,12,0.0
cora_deepres28_w128,17,12,13,4,0,0.0,FIXED_IDS,10,0.0,0.0,0.0,0,12,0.0
cora_deepres28_w128,17,12,14,4,0,0.0,FIXED_IDS,10,0.0,0.0,0.0,0,12,0.0
cora_deepres28_w128,17,12,15,4,0,0.0,FIXED_IDS,10,0.0,0.0,0.0,0,12,0.0
cora_deepres28_w128,17,12,16,4,0,0.0,FIXED_IDS,10,0.0,0.0,0.0,0,12,0.0
cora_deepres28_w128,17,12,17,4,0,0.0,FIXED_IDS,10,0.0,0.0,0.0,0,12,0.0
cora_deepres28_w128,17,12,18,4,0,0.0,FIXED_IDS,10,0.0,0.0,0.0,0,12,0.0
cora_deepres28_w128,17,12,19,4,0,0.0,FIXED_IDS,10,0.0,0.0,0.0,0,12,0.0
cora_deepres28_w128,17,12,20,4,0,0.0,FIXED_IDS,10,0.0,0.0,0.0,0,12,0.0
cora_deepres28_w128,17,12,21,4,0,0.0,FIXED_IDS,10,0.0,0.0,0.0,0,12,0.0
cora_deepres28_w128,17,12,22,4,0,0.0,FIXED_IDS,10,0.0,0.0,0.0,0,12,0.0
cora_deepres28_w128,17,12,23,4,0,0.0,FIXED_IDS,10,0.0,0.0,0.0,0,12,0.0
cora_deepres28_w128,17,12,24,4,0,0.0,FIXED_IDS,10,0.0,0.0,0.0,0,12,0.0
cora_deepres28_w128,17,12,25,4,0,0.0,FIXED_IDS,10,0.0,0.0,0.0,0,12,0.0
cora_deepres28_w128,17,12,26,4,0,0.0,FIXED_IDS,10,0.0,0.0,0.0,0,12,0.0
cora_deepres28_w128,17,12,27,4,0,0.0,FIXED_IDS,10,0.0,0.0,0.0,0,12,0.0
cora_deepres28_w128,17,12,28,4,0,0.0,FIXED_IDS,10,0.0,0.0,0.0,0,12,0.0
cora_deepres28_w128,17,12,29,4,0,0.0,FIXED_IDS,10,0.0,0.0,0.0,0,12,0.0
cora_deepres28_w128,17,12,30,4,0,0.0,FIXED_IDS,10,0.0,0.0,0.0,0,12,0.0
cora_deepres28_w128,17,12,31,4,0,0.0,FIXED_IDS,10,0.0,0.0,0.0,0,12,0.0
cora_deepres28_w128,17,12,0,4,0,0.0,FIXED_IDS,10,0.0,0.0,0.0,0,12,0.0
cora_deepres28_w128,17,12,1,4,0,0.0,FIXED_IDS,10,0.0,0.0,0.0,0,12,0.0
cora_deepres28_w128,17,12,2,4,0,0.0,FIXED_IDS,10,0.0,0.0,0.0,0,12,0.0
cora_deepres28_w128,17,12,3,4,0,0.0,FIXED_IDS,10,0.0,0.0,0.0,0,12,0.0
cora_deepres28_w128,17,12,4,4,0,0.0,FIXED_IDS,10,0.0,0.0,0.0,0,12,0.0
cora_deepres28_w128,17,12,5,4,0,0.0,FIXED_IDS,10,0.0,0.0,0.0,0,12,0.0
cora_deepres28_w128,17,12,6,4,0,0.0,FIXED_IDS,10,0.0,0.0,0.0,0,12,0.0
cora_deepres28_w128,17,12,7,4,0,0.0,FIXED_IDS,10,0.0,0.0,0.0,0,12,0.0
cora_deepres28_w128,17,12,8,4,0,0.0,FIXED_IDS,10,0.0,0.0,0.0,0,12,0.0
cora_deepres28_w128,17,12,9,4,0,0.0,FIXED_IDS,10,0.0,0.0,0.0,0,12,0.0
cora_deepres28_w128,17,12,10,4,0,0.0,FIXED_IDS,10,0.0,0.0,0.0,0,12,0.0
cora_deepres28_w128,17,12,11,4,0,0.0,FIXED_IDS,10,0.0,0.0,0.0,0,12,0.0
cora_deepres28_w128,17,12,12,4,0,0.0,FIXED_IDS,10,0.0,0.0,0.0,0,12,0.0
cora_deepres28_w128,17,12,13,4,0,0.0,FIXED_IDS,10,0.0,0.0,0.0,0,12,0.0
cora_deepres28_w128,17,12,14,4,0,0.0,FIXED_IDS,10,0.0,0.0,0.0,0,12,0.0
cora_deepres28_w128,17,12,15,4,0,0.0,FIXED_IDS,10,0.0,0.0,0.0,0,12,0.0
cora_deepres28_w128,17,12,16,4,0,0.0,FIXED_IDS,10,0.0,0.0,0.0,0,12,0.0
cora_deepres28_w128,17,12,17,4,0,0.0,FIXED_IDS,10,0.0,0.0,0.0,0,12,0.0
cora_deepres28_w128,17,12,18,4,0,0.0,FIXED_IDS,10,0.0,0.0,0.0,0,12,0.0
cora_deepres28_w128,17,12,19,4,0,0.0,FIXED_IDS,10,0.0,0.0,0.0,0,12,0.0
cora_deepres28_w128,17,12,20,4,0,0.0,FIXED_IDS,10,0.0,0.0,0.0,0,12,0.0
cora_deepres28_w128,17,12,21,4,0,0.0,FIXED_IDS,10,0.0,0.0,0.0,0,12,0.0
cora_deepres28_w128,17,12,22,4,0,0.0,FIXED_IDS,10,0.0,0.0,0.0,0,12,0.0
cora_deepres28_w128,17,12,23,4,0,0.0,FIXED_IDS,10,0.0,0.0,0.0,0,12,0.0
cora_deepres28_w128,17,12,24,4,0,0.0,FIXED_IDS,10,0.0,0.0,0.0,0,12,0.0
cora_deepres28_w128,17,12,25,4,0,0.0,FIXED_IDS,10,0.0,0.0,0.0,0,12,0.0
cora_deepres28_w128,17,12,26,4,0,0.0,FIXED_IDS,10,0.0,0.0,0.0,0,12,0.0
cora_deepres28_w128,17,12,27,4,0,0.0,FIXED_IDS,10,0.0,0.0,0.0,0,12,0.0
cora_deepres28_w128,17,12,28,4,0,0.0,FIXED_IDS,10,0.0,0.0,0.0,0,12,0.0
cora_deepres28_w128,17,12,29,4,0,0.0,FIXED_IDS,10,0.0,0.0,0.0,0,12,0.0
cora_deepres28_w128,17,12,30,4,0,0.0,FIXED_IDS,10,0.0,0.0,0.0,0,12,0.0
cora_deepres28_w128,17,12,31,4,0,0.0,FIXED_IDS,10,0.0,0.0,0.0,0,12,0.0
cora_deepres28_w128,17,12,0,4,0,0.0,FIXED_IDS,10,0.0,0.0,0.0,0,12,0.0
cora_deepres28_w128,17,12,1,4,0,0.0,FIXED_IDS,10,0.0,0.0,0.0,0,12,0.0
cora_deepres28_w128,17,12,2,4,0,0.0,FIXED_IDS,10,0.0,0.0,0.0,0,12,0.0
cora_deepres28_w128,17,12,3,4,0,0.0,FIXED_IDS,10,0.0,0.0,0.0,0,12,0.0
cora_deepres28_w128,17,12,4,4,0,0.0,FIXED_IDS,10,0.0,0.0,0.0,0,12,0.0
cora_deepres28_w128,17,12,5,4,0,0.0,FIXED_IDS,10,0.0,0.0,0.0,0,12,0.0
cora_deepres28_w128,17,12,6,4,0,0.0,FIXED_IDS,10,0.0,0.0,0.0,0,12,0.0
cora_deepres28_w128,17,12,7,4,0,0.0,FIXED_IDS,10,0.0,0.0,0.0,0,12,0.0
cora_deepres28_w128,17,12,8,4,0,0.0,FIXED_IDS,10,0.0,0.0,0.0,0,12,0.0
cora_deepres28_w128,17,12,9,4,0,0.0,FIXED_IDS,10,0.0,0.0,0.0,0,12,0.0
cora_deepres28_w128,17,12,10,4,0,0.0,FIXED_IDS,10,0.0,0.0,0.0,0,12,0.0
cora_deepres28_w128,17,12,11,4,0,0.0,FIXED_IDS,10,0.0,0.0,0.0,0,12,0.0
cora_deepres28_w128,17,12,12,4,0,0.0,FIXED_IDS,10,0.0,0.0,0.0,0,12,0.0
cora_deepres28_w128,17,12,13,4,0,0.0,FIXED_IDS,10,0.0,0.0,0.0,0,12,0.0
cora_deepres28_w128,17,12,14,4,0,0.0,FIXED_IDS,10,0.0,0.0,0.0,0,12,0.0
cora_deepres28_w128,17,12,15,4,0,0.0,FIXED_IDS,10,0.0,0.0,0.0,0,12,0.0
cora_deepres28_w128,17,12,16,4,0,0.0,FIXED_IDS,10,0.0,0.0,0.0,0,12,0.0
cora_deepres28_w128,17,12,17,4,0,0.0,FIXED_IDS,10,0.0,0.0,0.0,0,12,0.0
cora_deepres28_w128,17,12,18,4,0,0.0,FIXED_IDS,10,0.0,0.0,0.0,0,12,0.0
cora_deepres28_w128,17,12,19,4,0,0.0,FIXED_IDS,10,0.0,0.0,0.0,0,12,0.0
cora_deepres28_w128,17,12,20,4,0,0.0,FIXED_IDS,10,0.0,0.0,0.0,0,12,0.0
cora_deepres28_w128,17,12,21,4,0,0.0,FIXED_IDS,10,0.0,0.0,0.0,0,12,0.0
cora_deepres28_w128,17,12,22,4,0,0.0,FIXED_IDS,10,0.0,0.0,0.0,0,12,0.0
cora_deepres28_w128,17,12,23,4,0,0.0,FIXED_IDS,10,0.0,0.0,0.0,0,12,0.0
cora_deepres28_w128,17,12,24,4,0,0.0,FIXED_IDS,10,0.0,0.0,0.0,0,12,0.0
cora_deepres28_w128,17,12,25,4,0,0.0,FIXED_IDS,10,0.0,0.0,0.0,0,12,0.0
cora_deepres28_w128,17,12,26,4,0,0.0,FIXED_IDS,10,0.0,0.0,0.0,0,12,0.0
cora_deepres28_w128,17,12,27,4,0,0.0,FIXED_IDS,10,0.0,0.0,0.0,0,12,0.0
cora_deepres28_w128,17,12,28,4,0,0.0,FIXED_IDS,10,0.0,0.0,0.0,0,12,0.0
cora_deepres28_w128,17,12,29,4,0,0.0,FIXED_IDS,10,0.0,0.0,0.0,0,12,0.0
cora_deepres28_w128,17,12,30,4,0,0.0,FIXED_IDS,10,0.0,0.0,0.0,0,12,0.0
cora_deepres28_w128,17,12,31,4,0,0.0,FIXED_IDS,10,0.0,0.0,0.0,0,12,0.0
cora_deepres28_w128,17,12,0,4,0,0.0,FIXED_IDS,10,0.0,0.0,0.0,0,12,0.0
cora_deepres28_w128,17,12,1,4,0,0.0,FIXED_IDS,10,0.0,0.0,0.0,0,12,0.0
cora_deepres28_w128,17,12,2,4,0,0.0,FIXED_IDS,10,0.0,0.0,0.0,0,12,0.0
cora_deepres28_w128,17,12,3,4,0,0.0,FIXED_IDS,10,0.0,0.0,0.0,0,12,0.0
cora_deepres28_w128,17,12,4,4,0,0.0,FIXED_IDS,10,0.0,0.0,0.0,0,12,0.0
cora_deepres28_w128,17,12,5,4,0,0.0,FIXED_IDS,10,0.0,0.0,0.0,0,12,0.0
cora_deepres28_w128,17,12,6,4,0,0.0,FIXED_IDS,10,0.0,0.0,0.0,0,12,0.0
cora_deepres28_w128,17,12,7,4,0,0.0,FIXED_IDS,10,0.0,0.0,0.0,0,12,0.0
cora_deepres28_w128,17,12,8,4,0,0.0,FIXED_IDS,10,0.0,0.0,0.0,0,12,0.0
cora_deepres28_w128,17,12,9,4,0,0.0,FIXED_IDS,10,0.0,0.0,0.0,0,12,0.0
cora_deepres28_w128,17,12,10,4,0,0.0,FIXED_IDS,10,0.0,0.0,0.0,0,12,0.0
cora_deepres28_w128,17,12,11,4,0,0.0,FIXED_IDS,10,0.0,0.0,0.0,0,12,0.0
cora_deepres28_w128,17,12,12,4,0,0.0,FIXED_IDS,10,0.0,0.0,0.0,0,12,0.0
cora_deepres28_w128,17,12,13,4,0,0.0,FIXED_IDS,10,0.0,0.0,0.0,0,12,0.0
cora_deepres28_w128,17,12,14,4,0,0.0,FIXED_IDS,10,0.0,0.0,0.0,0,12,0.0
cora_deepres28_w128,17,12,15,4,0,0.0,FIXED_IDS,10,0.0,0.0,0.0,0,12,0.0
cora_deepres28_w128,17,12,16,4,0,0.0,FIXED_IDS,10,0.0,0.0,0.0,0,12,0.0
cora_deepres28_w128,17,12,17,4,0,0.0,FIXED_IDS,10,0.0,0.0,0.0,0,12,0.0
cora_deepres28_w128,17,12,18,4,0,0.0,FIXED_IDS,10,0.0,0.0,0.0,0,12,0.0
cora_deepres28_w128,17,12,19,4,0,0.0,FIXED_IDS,10,0.0,0.0,0.0,0,12,0.0
cora_deepres28_w128,17,12,20,4,0,0.0,FIXED_IDS,10,0.0,0.0,0.0,0,12,0.0
cora_deepres28_w128,17,12,21,4,0,0.0,FIXED_IDS,10,0.0,0.0,0.0,0,12,0.0
cora_deepres28_w128,17,12,22,4,0,0.0,FIXED_IDS,10,0.0,0.0,0.0,0,12,0.0
cora_deepres28_w128,17,12,23,4,0,0.0,FIXED_IDS,10,0.0,0.0,0.0,0,12,0.0
cora_deepres28_w128,17,12,24,4,0,0.0,FIXED_IDS,10,0.0,0.0,0.0,0,12,0.0
cora_deepres28_w128,17,12,25,4,0,0.0,FIXED_IDS,10,0.0,0.0,0.0,0,12,0.0
cora_deepres28_w128,17,12,26,4,0,0.0,FIXED_IDS,10,0.0,0.0,0.0,0,12,0.0
cora_deepres28_w128,17,12,27,4,0,0.0,FIXED_IDS,10,0.0,0.0,0.0,0,12,0.0
cora_deepres28_w128,17,12,28,4,0,0.0,FIXED_IDS,10,0.0,0.0,0.0,0,12,0.0
cora_deepres28_w128,17,12,29,4,0,0.0,FIXED_IDS,10,0.0,0.0,0.0,0,12,0.0
cora_deepres28_w128,17,12,30,4,0,0.0,FIXED_IDS,10,0.0,0.0,0.0,0,12,0.0
cora_deepres28_w128,17,12,31,4,0,0.0,FIXED_IDS,10,0.0,0.0,0.0,0,12,0.0
cora_deepres28_w128,17,12,0,4,0,0.0,FIXED_IDS,10,0.0,0.0,0.0,0,12,0.0
cora_deepres28_w128,17,12,1,4,0,0.0,FIXED_IDS,10,0.0,0.0,0.0,0,12,0.0
cora_deepres28_w128,17,12,2,4,0,0.0,FIXED_IDS,10,0.0,0.0,0.0,0,12,0.0
cora_deepres28_w128,17,12,3,4,0,0.0,FIXED_IDS,10,0.0,0.0,0.0,0,12,0.0
cora_deepres28_w128,17,12,4,4,0,0.0,FIXED_IDS,10,0.0,0.0,0.0,0,12,0.0
cora_deepres28_w128,17,12,5,4,0,0.0,FIXED_IDS,10,0.0,0.0,0.0,0,12,0.0
cora_deepres28_w128,17,12,6,4,0,0.0,FIXED_IDS,10,0.0,0.0,0.0,0,12,0.0
cora_deepres28_w128,17,12,7,4,0,0.0,FIXED_IDS,10,0.0,0.0,0.0,0,12,0.0
cora_deepres28_w128,17,12,8,4,0,0.0,FIXED_IDS,10,0.0,0.0,0.0,0,12,0.0
cora_deepres28_w128,17,12,9,4,0,0.0,FIXED_IDS,10,0.0,0.0,0.0,0,12,0.0
cora_deepres28_w128,17,12,10,4,0,0.0,FIXED_IDS,10,0.0,0.0,0.0,0,12,0.0
cora_deepres28_w128,17,12,11,4,0,0.0,FIXED_IDS,10,0.0,0.0,0.0,0,12,0.0
cora_deepres28_w128,17,12,12,4,0,0.0,FIXED_IDS,10,0.0,0.0,0.0,0,12,0.0
cora_deepres28_w128,17,12,13,4,0,0.0,FIXED_IDS,10,0.0,0.0,0.0,0,12,0.0
cora_deepres28_w128,17,12,14,4,0,0.0,FIXED_IDS,10,0.0,0.0,0.0,0,12,0.0
cora_deepres28_w128,17,12,15,4,0,0.0,FIXED_IDS,10,0.0,0.0,0.0,0,12,0.0
cora_deepres28_w128,17,12,16,4,0,0.0,FIXED_IDS,10,0.0,0.0,0.0,0,12,0.0
cora_deepres28_w128,17,12,17,4,0,0.0,FIXED_IDS,10,0.0,0.0,0.0,0,12,0.0
cora_deepres28_w128,17,12,18,4,0,0.0,FIXED_IDS,10,0.0,0.0,0.0,0,12,0.0
cora_deepres28_w128,17,12,19,4,0,0.0,FIXED_IDS,10,0.0,0.0,0.0,0,12,0.0
cora_deepres28_w128,17,12,20,4,0,0.0,FIXED_IDS,10,0.0,0.0,0.0,0,12,0.0
cora_deepres28_w128,17,12,21,4,0,0.0,FIXED_IDS,10,0.0,0.0,0.0,0,12,0.0
cora_deepres28_w128,17,12,22,4,0,0.0,FIXED_IDS,10,0.0,0.0,0.0,0,12,0.0
cora_deepres28_w128,17,12,23,4,0,0.0,FIXED_IDS,10,0.0,0.0,0.0,0,12,0.0
cora_deepres28_w128,17,12,24,4,0,0.0,FIXED_IDS,10,0.0,0.0,0.0,0,12,0.0
cora_deepres28_w128,17,12,25,4,0,0.0,FIXED_IDS,10,0.0,0.0,0.0,0,12,0.0
cora_deepres28_w128,17,12,26,4,0,0.0,FIXED_IDS,10,0.0,0.0,0.0,0,12,0.0
cora_deepres28_w128,17,12,27,4,0,0.0,FIXED_IDS,10,0.0,0.0,0.0,0,12,0.0
cora_deepres28_w128,17,12,28,4,0,0.0,FIXED_IDS,10,0.0,0.0,0.0,0,12,0.0
cora_deepres28_w128,17,12,29,4,0,0.0,FIXED_IDS,10,0.0,0.0,0.0,0,12,0.0
cora_deepres28_w128,17,12,30,4,0,0.0,FIXED_IDS,10,0.0,0.0,0.0,0,12,0.0
cora_deepres28_w128,17,12,31,4,0,0.0,FIXED_IDS,10,0.0,0.0,0.0,0,12,0.0
cora_deepres28_w128,17,12,0,4,0,0.0,FIXED_IDS,10,0.0,0.0,0.0,0,12,0.0
cora_deepres28_w128,17,12,1,4,0,0.0,FIXED_IDS,10,0.0,0.0,0.0,0,12,0.0
cora_deepres28_w128,17,12,2,4,0,0.0,FIXED_IDS,10,0.0,0.0,0.0,0,12,0.0
cora_deepres28_w128,17,12,3,4,0,0.0,FIXED_IDS,10,0.0,0.0,0.0,0,12,0.0
cora_deepres28_w128,17,12,4,4,0,0.0,FIXED_IDS,10,0.0,0.0,0.0,0,12,0.0
cora_deepres28_w128,17,12,5,4,0,0.0,FIXED_IDS,10,0.0,0.0,0.0,0,12,0.0
cora_deepres28_w128,17,12,6,4,0,0.0,FIXED_IDS,10,0.0,0.0,0.0,0,12,0.0
cora_deepres28_w128,17,12,7,4,0,0.0,FIXED_IDS,10,0.0,0.0,0.0,0,12,0.0
cora_deepres28_w128,17,12,8,4,0,0.0,FIXED_IDS,10,0.0,0.0,0.0,0,12,0.0
cora_deepres28_w128,17,12,9,4,0,0.0,FIXED_IDS,10,0.0,0.0,0.0,0,12,0.0
cora_deepres28_w128,17,12,10,4,0,0.0,FIXED_IDS,10,0.0,0.0,0.0,0,12,0.0
cora_deepres28_w128,17,12,11,4,0,0.0,FIXED_IDS,10,0.0,0.0,0.0,0,12,0.0
cora_deepres28_w128,17,12,12,4,0,0.0,FIXED_IDS,10,0.0,0.0,0.0,0,12,0.0
cora_deepres28_w128,17,12,13,4,0,0.0,FIXED_IDS,10,0.0,0.0,0.0,0,12,0.0
cora_deepres28_w128,17,12,14,4,0,0.0,FIXED_IDS,10,0.0,0.0,0.0,0,12,0.0
cora_deepres28_w128,17,12,15,4,0,0.0,FIXED_IDS,10,0.0,0.0,0.0,0,12,0.0
cora_deepres28_w128,17,12,16,4,0,0.0,FIXED_IDS,10,0.0,0.0,0.0,0,12,0.0
cora_deepres28_w128,17,12,17,4,0,0.0,FIXED_IDS,10,0.0,0.0,0.0,0,12,0.0
cora_deepres28_w128,17,12,18,4,0,0.0,FIXED_IDS,10,0.0,0.0,0.0,0,12,0.0
cora_deepres28_w128,17,12,19,4,0,0.0,FIXED_IDS,10,0.0,0.0,0.0,0,12,0.0
cora_deepres28_w128,17,12,20,4,0,0.0,FIXED_IDS,10,0.0,0.0,0.0,0,12,0.0
cora_deepres28_w128,17,12,21,4,0,0.0,FIXED_IDS,10,0.0,0.0,0.0,0,12,0.0
cora_deepres28_w128,17,12,22,4,0,0.0,FIXED_IDS,10,0.0,0.0,0.0,0,12,0.0
cora_deepres28_w128,17,12,23,4,0,0.0,FIXED_IDS,10,0.0,0.0,0.0,0,12,0.0
cora_deepres28_w128,17,12,24,4,0,0.0,FIXED_IDS,10,0.0,0.0,0.0,0,12,0.0
cora_deepres28_w128,17,12,25,4,0,0.0,FIXED_IDS,10,0.0,0.0,0.0,0,12,0.0
cora_deepres28_w128,17,12,26,4,0,0.0,FIXED_IDS,10,0.0,0.0,0.0,0,12,0.0
cora_deepres28_w128,17,12,27,4,0,0.0,FIXED_IDS,10,0.0,0.0,0.0,0,12,0.0
cora_deepres28_w128,17,12,28,4,0,0.0,FIXED_IDS,10,0.0,0.0,0.0,0,12,0.0
cora_deepres28_w128,17,12,29,4,0,0.0,FIXED_IDS,10,0.0,0.0,0.0,0,12,0.0
cora_deepres28_w128,17,12,30,4,0,0.0,FIXED_IDS,10,0.0,0.0,0.0,0,12,0.0
cora_deepres28_w128,17,12,31,4,0,0.0,FIXED_IDS,10,0.0,0.0,0.0,0,12,0.0
cora_deepres28_w128,17,12,0,4,0,0.0,FIXED_IDS,10,0.0,0.0,0.0,0,12,0.0
cora_deepres28_w128,17,12,1,4,0,0.0,FIXED_IDS,10,0.0,0.0,0.0,0,12,0.0
cora_deepres28_w128,17,12,2,4,0,0.0,FIXED_IDS,10,0.0,0.0,0.0,0,12,0.0
cora_deepres28_w128,17,12,3,4,0,0.0,FIXED_IDS,10,0.0,0.0,0.0,0,12,0.0
cora_deepres28_w128,17,12,4,4,0,0.0,FIXED_IDS,10,0.0,0.0,0.0,0,12,0.0
cora_deepres28_w128,17,12,5,4,0,0.0,FIXED_IDS,10,0.0,0.0,0.0,0,12,0.0
cora_deepres28_w128,17,12,6,4,0,0.0,FIXED_IDS,10,0.0,0.0,0.0,0,12,0.0
cora_deepres28_w128,17,12,7,4,0,0.0,FIXED_IDS,10,0.0,0.0,0.0,0,12,0.0
cora_deepres28_w128,17,12,8,4,0,0.0,FIXED_IDS,10,0.0,0.0,0.0,0,12,0.0
cora_deepres28_w128,17,12,9,4,0,0.0,FIXED_IDS,10,0.0,0.0,0.0,0,12,0.0
cora_deepres28_w128,17,12,10,4,0,0.0,FIXED_IDS,10,0.0,0.0,0.0,0,12,0.0
cora_deepres28_w128,17,12,11,4,0,0.0,FIXED_IDS,10,0.0,0.0,0.0,0,12,0.0
cora_deepres28_w128,17,12,12,4,0,0.0,FIXED_IDS,10,0.0,0.0,0.0,0,12,0.0
cora_deepres28_w128,17,12,13,4,0,0.0,FIXED_IDS,10,0.0,0.0,0.0,0,12,0.0
cora_deepres28_w128,17,12,14,4,0,0.0,FIXED_IDS,10,0.0,0.0,0.0,0,12,0.0
cora_deepres28_w128,17,12,15,4,0,0.0,FIXED_IDS,10,0.0,0.0,0.0,0,12,0.0
cora_deepres28_w128,17,12,16,4,0,0.0,FIXED_IDS,10,0.0,0.0,0.0,0,12,0.0
cora_deepres28_w128,17,12,17,4,0,0.0,FIXED_IDS,10,0.0,0.0,0.0,0,12,0.0
cora_deepres28_w128,17,12,18,4,0,0.0,FIXED_IDS,10,0.0,0.0,0.0,0,12,0.0
cora_deepres28_w128,17,12,19,4,0,0.0,FIXED_IDS,10,0.0,0.0,0.0,0,12,0.0
cora_deepres28_w128,17,12,20,4,0,0.0,FIXED_IDS,10,0.0,0.0,0.0,0,12,0.0
cora_deepres28_w128,17,12,21,4,0,0.0,FIXED_IDS,10,0.0,0.0,0.0,0,12,0.0
cora_deepres28_w128,17,12,22,4,0,0.0,FIXED_IDS,10,0.0,0.0,0.0,0,12,0.0
cora_deepres28_w128,17,12,23,4,0,0.0,FIXED_IDS,10,0.0,0.0,0.0,0,12,0.0
cora_deepres28_w128,17,12,24,4,0,0.0,FIXED_IDS,10,0.0,0.0,0.0,0,12,0.0
cora_deepres28_w128,17,12,25,4,0,0.0,FIXED_IDS,10,0.0,0.0,0.0,0,12,0.0
cora_deepres28_w128,17,12,26,4,0,0.0,FIXED_IDS,10,0.0,0.0,0.0,0,12,0.0
cora_deepres28_w128,17,12,27,4,0,0.0,FIXED_IDS,10,0.0,0.0,0.0,0,12,0.0
cora_deepres28_w128,17,12,28,4,0,0.0,FIXED_IDS,10,0.0,0.0,0.0,0,12,0.0
cora_deepres28_w128,17,12,29,4,0,0.0,FIXED_IDS,10,0.0,0.0,0.0,0,12,0.0
cora_deepres28_w128,17,12,30,4,0,0.0,FIXED_IDS,10,0.0,0.0,0.0,0,12,0.0
cora_deepres28_w128,17,12,31,4,0,0.0,FIXED_IDS,10,0.0,0.0,0.0,0,12,0.0
cora_deepres28_w128,17,12,0,4,0,0.0,FIXED_IDS,10,0.0,0.0,0.0,0,12,0.0
cora_deepres28_w128,17,12,1,4,0,0.0,FIXED_IDS,10,0.0,0.0,0.0,0,12,0.0
cora_deepres28_w128,17,12,2,4,0,0.0,FIXED_IDS,10,0.0,0.0,0.0,0,12,0.0
cora_deepres28_w128,17,12,3,4,0,0.0,FIXED_IDS,10,0.0,0.0,0.0,0,12,0.0
cora_deepres28_w128,17,12,4,4,0,0.0,FIXED_IDS,10,0.0,0.0,0.0,0,12,0.0
cora_deepres28_w128,17,12,5,4,0,0.0,FIXED_IDS,10,0.0,0.0,0.0,0,12,0.0
cora_deepres28_w128,17,12,6,4,0,0.0,FIXED_IDS,10,0.0,0.0,0.0,0,12,0.0
cora_deepres28_w128,17,12,7,4,0,0.0,FIXED_IDS,10,0.0,0.0,0.0,0,12,0.0
cora_deepres28_w128,17,12,8,4,0,0.0,FIXED_IDS,10,0.0,0.0,0.0,0,12,0.0
cora_deepres28_w128,17,12,9,4,0,0.0,FIXED_IDS,10,0.0,0.0,0.0,0,12,0.0
cora_deepres28_w128,17,12,10,4,0,0.0,FIXED_IDS,10,0.0,0.0,0.0,0,12,0.0
cora_deepres28_w128,17,12,11,4,0,0.0,FIXED_IDS,10,0.0,0.0,0.0,0,12,0.0
cora_deepres28_w128,17,12,12,4,0,0.0,FIXED_IDS,10,0.0,0.0,0.0,0,12,0.0
cora_deepres28_w128,17,12,13,4,0,0.0,FIXED_IDS,10,0.0,0.0,0.0,0,12,0.0
cora_deepres28_w128,17,12,14,4,0,0.0,FIXED_IDS,10,0.0,0.0,0.0,0,12,0.0
cora_deepres28_w128,17,12,15,4,0,0.0,FIXED_IDS,10,0.0,0.0,0.0,0,12,0.0
cora_deepres28_w128,17,12,16,4,0,0.0,FIXED_IDS,10,0.0,0.0,0.0,0,12,0.0
cora_deepres28_w128,17,12,17,4,0,0.0,FIXED_IDS,10,0.0,0.0,0.0,0,12,0.0
cora_deepres28_w128,17,12,18,4,0,0.0,FIXED_IDS,10,0.0,0.0,0.0,0,12,0.0
cora_deepres28_w128,17,12,19,4,0,0.0,FIXED_IDS,10,0.0,0.0,0.0,0,12,0.0
cora_deepres28_w128,17,12,20,4,0,0.0,FIXED_IDS,10,0.0,0.0,0.0,0,12,0.0
cora_deepres28_w128,17,12,21,4,0,0.0,FIXED_IDS,10,0.0,0.0,0.0,0,12,0.0
cora_deepres28_w128,17,12,22,4,0,0.0,FIXED_IDS,10,0.0,0.0,0.0,0,12,0.0
cora_deepres28_w128,17,12,23,4,0,0.0,FIXED_IDS,10,0.0,0.0,0.0,0,12,0.0
cora_deepres28_w128,17,12,24,4,0,0.0,FIXED_IDS,10,0.0,0.0,0.0,0,12,0.0
cora_deepres28_w128,17,12,25,4,0,0.0,FIXED_IDS,10,0.0,0.0,0.0,0,12,0.0
cora_deepres28_w128,17,12,26,4,0,0.0,FIXED_IDS,10,0.0,0.0,0.0,0,12,0.0
cora_deepres28_w128,17,12,27,4,0,0.0,FIXED_IDS,10,0.0,0.0,0.0,0,12,0.0
cora_deepres28_w128,17,12,28,4,0,0.0,FIXED_IDS,10,0.0,0.0,0.0,0,12,0.0
cora_deepres28_w128,17,12,29,4,0,0.0,FIXED_IDS,10,0.0,0.0,0.0,0,12,0.0
cora_deepres28_w128,17,12,30,4,0,0.0,FIXED_IDS,10,0.0,0.0,0.0,0,12,0.0
cora_deepres28_w128,17,12,31,4,0,0.0,FIXED_IDS,10,0.0,0.0,0.0,0,12,0.0
cora_deepres28_w128,17,12,0,4,0,0.0,FIXED_IDS,10,0.0,0.0,0.0,0,12,0.0
cora_deepres28_w128,17,12,1,4,0,0.0,FIXED_IDS,10,0.0,0.0,0.0,0,12,0.0
cora_deepres28_w128,17,12,2,4,0,0.0,FIXED_IDS,10,0.0,0.0,0.0,0,12,0.0
cora_deepres28_w128,17,12,3,4,0,0.0,FIXED_IDS,10,0.0,0.0,0.0,0,12,0.0
cora_deepres28_w128,17,12,4,4,0,0.0,FIXED_IDS,10,0.0,0.0,0.0,0,12,0.0
cora_deepres28_w128,17,12,5,4,0,0.0,FIXED_IDS,10,0.0,0.0,0.0,0,12,0.0
cora_deepres28_w128,17,12,6,4,0,0.0,FIXED_IDS,10,0.0,0.0,0.0,0,12,0.0
cora_deepres28_w128,17,12,7,4,0,0.0,FIXED_IDS,10,0.0,0.0,0.0,0,12,0.0
cora_deepres28_w128,17,12,8,4,0,0.0,FIXED_IDS,10,0.0,0.0,0.0,0,12,0.0
cora_deepres28_w128,17,12,9,4,0,0.0,FIXED_IDS,10,0.0,0.0,0.0,0,12,0.0
cora_deepres28_w128,17,12,10,4,0,0.0,FIXED_IDS,10,0.0,0.0,0.0,0,12,0.0
cora_deepres28_w128,17,12,11,4,0,0.0,FIXED_IDS,10,0.0,0.0,0.0,0,12,0.0
cora_deepres28_w128,17,12,12,4,0,0.0,FIXED_IDS,10,0.0,0.0,0.0,0,12,0.0
cora_deepres28_w128,17,12,13,4,0,0.0,FIXED_IDS,10,0.0,0.0,0.0,0,12,0.0
cora_deepres28_w128,17,12,14,4,0,0.0,FIXED_IDS,10,0.0,0.0,0.0,0,12,0.0
cora_deepres28_w128,17,12,15,4,0,0.0,FIXED_IDS,10,0.0,0.0,0.0,0,12,0.0
cora_deepres28_w128,17,12,16,4,0,0.0,FIXED_IDS,10,0.0,0.0,0.0,0,12,0.0
cora_deepres28_w128,17,12,17,4,0,0.0,FIXED_IDS,10,0.0,0.0,0.0,0,12,0.0
cora_deepres28_w128,17,12,18,4,0,0.0,FIXED_IDS,10,0.0,0.0,0.0,0,12,0.0
cora_deepres28_w128,17,12,19,4,0,0.0,FIXED_IDS,10,0.0,0.0,0.0,0,12,0.0
cora_deepres28_w128,17,12,20,4,0,0.0,FIXED_IDS,10,0.0,0.0,0.0,0,12,0.0
cora_deepres28_w128,17,12,21,4,0,0.0,FIXED_IDS,10,0.0,0.0,0.0,0,12,0.0
cora_deepres28_w128,17,12,22,4,0,0.0,FIXED_IDS,10,0.0,0.0,0.0,0,12,0.0
cora_deepres28_w128,17,12,23,4,0,0.0,FIXED_IDS,10,0.0,0.0,0.0,0,12,0.0
cora_deepres28_w128,17,12,24,4,0,0.0,FIXED_IDS,10,0.0,0.0,0.0,0,12,0.0
cora_deepres28_w128,17,12,25,4,0,0.0,FIXED_IDS,10,0.0,0.0,0.0,0,12,0.0
cora_deepres28_w128,17,12,26,4,0,0.0,FIXED_IDS,10,0.0,0.0,0.0,0,12,0.0
cora_deepres28_w128,17,12,27,4,0,0.0,FIXED_IDS,10,0.0,0.0,0.0,0,12,0.0
cora_deepres28_w128,17,12,28,4,0,0.0,FIXED_IDS,10,0.0,0.0,0.0,0,12,0.0
cora_deepres28_w128,17,12,29,4,0,0.0,FIXED_IDS,10,0.0,0.0,0.0,0,12,0.0
cora_deepres28_w128,17,12,30,4,0,0.0,FIXED_IDS,10,0.0,0.0,0.0,0,12,0.0
cora_deepres28_w128,17,12,31,4,0,0.0,FIXED_IDS,10,0.0,0.0,0.0,0,12,0.0
cora_deepres28_w128,17,12,0,4,0,0.0,FIXED_IDS,10,0.0,0.0,0.0,0,12,0.0
cora_deepres28_w128,17,12,1,4,0,0.0,FIXED_IDS,10,0.0,0.0,0.0,0,12,0.0
cora_deepres28_w128,17,12,2,4,0,0.0,FIXED_IDS,10,0.0,0.0,0.0,0,12,0.0
cora_deepres28_w128,17,12,3,4,0,0.0,FIXED_IDS,10,0.0,0.0,0.0,0,12,0.0
cora_deepres28_w128,17,12,4,4,0,0.0,FIXED_IDS,10,0.0,0.0,0.0,0,12,0.0
cora_deepres28_w128,17,12,5,4,0,0.0,FIXED_IDS,10,0.0,0.0,0.0,0,12,0.0
cora_deepres28_w128,17,12,6,4,0,0.0,FIXED_IDS,10,0.0,0.0,0.0,0,12,0.0
cora_deepres28_w128,17,12,7,4,0,0.0,FIXED_IDS,10,0.0,0.0,0.0,0,12,0.0
cora_deepres28_w128,17,12,8,4,0,0.0,FIXED_IDS,10,0.0,0.0,0.0,0,12,0.0
cora_deepres28_w128,17,12,9,4,0,0.0,FIXED_IDS,10,0.0,0.0,0.0,0,12,0.0
cora_deepres28_w128,17,12,10,4,0,0.0,FIXED_IDS,10,0.0,0.0,0.0,0,12,0.0
cora_deepres28_w128,17,12,11,4,0,0.0,FIXED_IDS,10,0.0,0.0,0.0,0,12,0.0
cora_deepres28_w128,17,12,12,4,0,0.0,FIXED_IDS,10,0.0,0.0,0.0,0,12,0.0
cora_deepres28_w128,17,12,13,4,0,0.0,FIXED_IDS,10,0.0,0.0,0.0,0,12,0.0
cora_deepres28_w128,17,12,14,4,0,0.0,FIXED_IDS,10,0.0,0.0,0.0,0,12,0.0
cora_deepres28_w128,17,12,15,4,0,0.0,FIXED_IDS,10,0.0,0.0,0.0,0,12,0.0
cora_deepres28_w128,17,12,16,4,0,0.0,FIXED_IDS,10,0.0,0.0,0.0,0,12,0.0
cora_deepres28_w128,17,12,17,4,0,0.0,FIXED_IDS,10,0.0,0.0,0.0,0,12,0.0
cora_deepres28_w128,17,12,18,4,0,0.0,FIXED_IDS,10,0.0,0.0,0.0,0,12,0.0
cora_deepres28_w128,17,12,19,4,0,0.0,FIXED_IDS,10,0.0,0.0,0.0,0,12,0.0
cora_deepres28_w128,17,12,20,4,0,0.0,FIXED_IDS,10,0.0,0.0,0.0,0,12,0.0
cora_deepres28_w128,17,12,21,4,0,0.0,FIXED_IDS,10,0.0,0.0,0.0,0,12,0.0
cora_deepres28_w128,17,12,22,4,0,0.0,FIXED_IDS,10,0.0,0.0,0.0,0,12,0.0
cora_deepres28_w128,17,12,23,4,0,0.0,FIXED_IDS,10,0.0,0.0,0.0,0,12,0.0
cora_deepres28_w128,17,12,24,4,0,0.0,FIXED_IDS,10,0.0,0.0,0.0,0,12,0.0
cora_deepres28_w128,17,12,25,4,0,0.0,FIXED_IDS,10,0.0,0.0,0.0,0,12,0.0
cora_deepres28_w128,17,12,26,4,0,0.0,FIXED_IDS,10,0.0,0.0,0.0,0,12,0.0
cora_deepres28_w128,17,12,27,4,0,0.0,FIXED_IDS,10,0.0,0.0,0.0,0,12,0.0
cora_deepres28_w128,17,12,28,4,0,0.0,FIXED_IDS,10,0.0,0.0,0.0,0,12,0.0
cora_deepres28_w128,17,12,29,4,0,0.0,FIXED_IDS,10,0.0,0.0,0.0,0,12,0.0
cora_deepres28_w128,17,12,30,4,0,0.0,FIXED_IDS,10,0.0,0.0,0.0,0,12,0.0
cora_deepres28_w128,17,12,31,4,0,0.0,FIXED_IDS,10,0.0,0.0,0.0,0,12,0.0
cora_deepres28_w128,17,12,0,4,0,0.0,FIXED_IDS,7,0.0,0.0,0.0,0,12,0.0
cora_deepres28_w128,17,12,1,4,0,0.0,FIXED_IDS,7,0.0,0.0,0.0,0,12,0.0
cora_deepres28_w128,17,12,2,4,0,0.0,FIXED_IDS,7,0.0,0.0,0.0,0,12,0.0
cora_deepres28_w128,17,12,3,4,0,0.0,FIXED_IDS,7,0.0,0.0,0.0,0,12,0.0
cora_deepres28_w128,17,12,4,4,0,0.0,FIXED_IDS,7,0.0,0.0,0.0,0,12,0.0
cora_deepres28_w128,17,12,5,4,0,0.0,FIXED_IDS,7,0.0,0.0,0.0,0,12,0.0
cora_deepres28_w128,17,12,6,4,0,0.0,FIXED_IDS,7,0.0,0.0,0.0,0,12,0.0
cora_deepres28_w128,17,12,7,4,0,0.0,FIXED_IDS,7,0.0,0.0,0.0,0,12,0.0
cora_deepres28_w128,17,12,8,4,0,0.0,FIXED_IDS,7,0.0,0.0,0.0,0,12,0.0
cora_deepres28_w128,17,12,9,4,0,0.0,FIXED_IDS,7,0.0,0.0,0.0,0,12,0.0
cora_deepres28_w128,17,12,10,4,0,0.0,FIXED_IDS,7,0.0,0.0,0.0,0,12,0.0
cora_deepres28_w128,17,12,11,4,0,0.0,FIXED_IDS,7,0.0,0.0,0.0,0,12,0.0
cora_deepres28_w128,17,12,12,4,0,0.0,FIXED_IDS,7,0.0,0.0,0.0,0,12,0.0
cora_deepres28_w128,17,12,13,4,0,0.0,FIXED_IDS,7,0.0,0.0,0.0,0,12,0.0
cora_deepres28_w128,17,12,14,4,0,0.0,FIXED_IDS,7,0.0,0.0,0.0,0,12,0.0
cora_deepres28_w128,17,12,15,4,0,0.0,FIXED_IDS,7,0.0,0.0,0.0,0,12,0.0
cora_deepres28_w128,17,12,16,4,0,0.0,FIXED_IDS,7,0.0,0.0,0.0,0,12,0.0
cora_deepres28_w128,17,12,17,4,0,0.0,FIXED_IDS,7,0.0,0.0,0.0,0,12,0.0
cora_deepres28_w128,17,12,18,4,0,0.0,FIXED_IDS,7,0.0,0.0,0.0,0,12,0.0
cora_deepres28_w128,17,12,19,4,0,0.0,FIXED_IDS,7,0.0,0.0,0.0,0,12,0.0
cora_deepres28_w128,17,12,20,4,0,0.0,FIXED_IDS,7,0.0,0.0,0.0,0,12,0.0
cora_deepres28_w128,17,12,21,4,0,0.0,FIXED_IDS,7,0.0,0.0,0.0,0,12,0.0
cora_deepres28_w128,17,12,22,4,0,0.0,FIXED_IDS,7,0.0,0.0,0.0,0,12,0.0
cora_deepres28_w128,17,12,23,4,0,0.0,FIXED_IDS,7,0.0,0.0,0.0,0,12,0.0
cora_deepres28_w128,17,12,24,4,0,0.0,FIXED_IDS,7,0.0,0.0,0.0,0,12,0.0
cora_deepres28_w128,17,12,25,4,0,0.0,FIXED_IDS,7,0.0,0.0,0.0,0,12,0.0
cora_deepres28_w128,17,12,26,4,0,0.0,FIXED_IDS,7,0.0,0.0,0.0,0,12,0.0
cora_deepres28_w128,17,12,27,4,0,0.0,FIXED_IDS,7,0.0,0.0,0.0,0,12,0.0
cora_deepres28_w128,17,12,28,4,0,0.0,FIXED_IDS,7,0.0,0.0,0.0,0,12,0.0
cora_deepres28_w128,17,12,29,4,0,0.0,FIXED_IDS,7,0.0,0.0,0.0,0,12,0.0
cora_deepres28_w128,17,12,30,4,0,0.0,FIXED_IDS,7,0.0,0.0,0.0,0,12,0.0
cora_deepres28_w128,17,12,31,4,0,0.0,FIXED_IDS,7,0.0,0.0,0.0,0,12,0.0
cora_deepres28_w128,17,12,0,8,0,0.0,FIXED_IDS,10,0.0,0.0,0.0,0,12,0.0
cora_deepres28_w128,17,12,1,8,0,0.0,FIXED_IDS,10,0.0,0.0,0.0,0,12,0.0
cora_deepres28_w128,17,12,2,8,0,0.0,FIXED_IDS,10,0.0,0.0,0.0,0,12,0.0
cora_deepres28_w128,17,12,3,8,0,0.0,FIXED_IDS,10,0.0,0.0,0.0,0,12,0.0
cora_deepres28_w128,17,12,4,8,0,0.0,FIXED_IDS,10,0.0,0.0,0.0,0,12,0.0
cora_deepres28_w128,17,12,5,8,0,0.0,FIXED_IDS,10,0.0,0.0,0.0,0,12,0.0
cora_deepres28_w128,17,12,6,8,0,0.0,FIXED_IDS,10,0.0,0.0,0.0,0,12,0.0
cora_deepres28_w128,17,12,7,8,0,0.0,FIXED_IDS,10,0.0,0.0,0.0,0,12,0.0
cora_deepres28_w128,17,12,8,8,0,0.0,FIXED_IDS,10,0.0,0.0,0.0,0,12,0.0
cora_deepres28_w128,17,12,9,8,0,0.0,FIXED_IDS,10,0.0,0.0,0.0,0,12,0.0
cora_deepres28_w128,17,12,10,8,0,0.0,FIXED_IDS,10,0.0,0.0,0.0,0,12,0.0
cora_deepres28_w128,17,12,11,8,0,0.0,FIXED_IDS,10,0.0,0.0,0.0,0,12,0.0
cora_deepres28_w128,17,12,12,8,0,0.0,FIXED_IDS,10,0.0,0.0,0.0,0,12,0.0
cora_deepres28_w128,17,12,13,8,0,0.0,FIXED_IDS,10,0.0,0.0,0.0,0,12,0.0
cora_deepres28_w128,17,12,14,8,0,0.0,FIXED_IDS,10,0.0,0.0,0.0,0,12,0.0
cora_deepres28_w128,17,12,15,8,0,0.0,FIXED_IDS,10,0.0,0.0,0.0,0,12,0.0
cora_deepres28_w128,17,12,0,8,0,0.0,FIXED_IDS,10,0.0,0.0,0.0,0,12,0.0
cora_deepres28_w128,17,12,1,8,0,0.0,FIXED_IDS,10,0.0,0.0,0.0,0,12,0.0
cora_deepres28_w128,17,12,2,8,0,0.0,FIXED_IDS,10,0.0,0.0,0.0,0,12,0.0
cora_deepres28_w128,17,12,3,8,0,0.0,FIXED_IDS,10,0.0,0.0,0.0,0,12,0.0
cora_deepres28_w128,17,12,4,8,0,0.0,FIXED_IDS,10,0.0,0.0,0.0,0,12,0.0
cora_deepres28_w128,17,12,5,8,0,0.0,FIXED_IDS,10,0.0,0.0,0.0,0,12,0.0
cora_deepres28_w128,17,12,6,8,0,0.0,FIXED_IDS,10,0.0,0.0,0.0,0,12,0.0
cora_deepres28_w128,17,12,7,8,0,0.0,FIXED_IDS,10,0.0,0.0,0.0,0,12,0.0
cora_deepres28_w128,17,12,8,8,0,0.0,FIXED_IDS,10,0.0,0.0,0.0,0,12,0.0
cora_deepres28_w128,17,12,9,8,0,0.0,FIXED_IDS,10,0.0,0.0,0.0,0,12,0.0
cora_deepres28_w128,17,12,10,8,0,0.0,FIXED_IDS,10,0.0,0.0,0.0,0,12,0.0
cora_deepres28_w128,17,12,11,8,0,0.0,FIXED_IDS,10,0.0,0.0,0.0,0,12,0.0
cora_deepres28_w128,17,12,12,8,0,0.0,FIXED_IDS,10,0.0,0.0,0.0,0,12,0.0
cora_deepres28_w128,17,12,13,8,0,0.0,FIXED_IDS,10,0.0,0.0,0.0,0,12,0.0
cora_deepres28_w128,17,12,14,8,0,0.0,FIXED_IDS,10,0.0,0.0,0.0,0,12,0.0
cora_deepres28_w128,17,12,15,8,0,0.0,FIXED_IDS,10,0.0,0.0,0.0,0,12,0.0
cora_deepres28_w128,17,12,0,8,0,0.0,FIXED_IDS,10,0.0,0.0,0.0,0,12,0.0
cora_deepres28_w128,17,12,1,8,0,0.0,FIXED_IDS,10,0.0,0.0,0.0,0,12,0.0
cora_deepres28_w128,17,12,2,8,0,0.0,FIXED_IDS,10,0.0,0.0,0.0,0,12,0.0
cora_deepres28_w128,17,12,3,8,0,0.0,FIXED_IDS,10,0.0,0.0,0.0,0,12,0.0
cora_deepres28_w128,17,12,4,8,0,0.0,FIXED_IDS,10,0.0,0.0,0.0,0,12,0.0
cora_deepres28_w128,17,12,5,8,0,0.0,FIXED_IDS,10,0.0,0.0,0.0,0,12,0.0
cora_deepres28_w128,17,12,6,8,0,0.0,FIXED_IDS,10,0.0,0.0,0.0,0,12,0.0
cora_deepres28_w128,17,12,7,8,0,0.0,FIXED_IDS,10,0.0,0.0,0.0,0,12,0.0
cora_deepres28_w128,17,12,8,8,0,0.0,FIXED_IDS,10,0.0,0.0,0.0,0,12,0.0
cora_deepres28_w128,17,12,9,8,0,0.0,FIXED_IDS,10,0.0,0.0,0.0,0,12,0.0
cora_deepres28_w128,17,12,10,8,0,0.0,FIXED_IDS,10,0.0,0.0,0.0,0,12,0.0
cora_deepres28_w128,17,12,11,8,0,0.0,FIXED_IDS,10,0.0,0.0,0.0,0,12,0.0
cora_deepres28_w128,17,12,12,8,0,0.0,FIXED_IDS,10,0.0,0.0,0.0,0,12,0.0
cora_deepres28_w128,17,12,13,8,0,0.0,FIXED_IDS,10,0.0,0.0,0.0,0,12,0.0
cora_deepres28_w128,17,12,14,8,0,0.0,FIXED_IDS,10,0.0,0.0,0.0,0,12,0.0
cora_deepres28_w128,17,12,15,8,0,0.0,FIXED_IDS,10,0.0,0.0,0.0,0,12,0.0
cora_deepres28_w128,17,12,0,8,0,0.0,FIXED_IDS,10,0.0,0.0,0.0,0,12,0.0
cora_deepres28_w128,17,12,1,8,0,0.0,FIXED_IDS,10,0.0,0.0,0.0,0,12,0.0
cora_deepres28_w128,17,12,2,8,0,0.0,FIXED_IDS,10,0.0,0.0,0.0,0,12,0.0
cora_deepres28_w128,17,12,3,8,0,0.0,FIXED_IDS,10,0.0,0.0,0.0,0,12,0.0
cora_deepres28_w128,17,12,4,8,0,0.0,FIXED_IDS,10,0.0,0.0,0.0,0,12,0.0
cora_deepres28_w128,17,12,5,8,0,0.0,FIXED_IDS,10,0.0,0.0,0.0,0,12,0.0
cora_deepres28_w128,17,12,6,8,0,0.0,FIXED_IDS,10,0.0,0.0,0.0,0,12,0.0
cora_deepres28_w128,17,12,7,8,0,0.0,FIXED_IDS,10,0.0,0.0,0.0,0,12,0.0
cora_deepres28_w128,17,12,8,8,0,0.0,FIXED_IDS,10,0.0,0.0,0.0,0,12,0.0
cora_deepres28_w128,17,12,9,8,0,0.0,FIXED_IDS,10,0.0,0.0,0.0,0,12,0.0
cora_deepres28_w128,17,12,10,8,0,0.0,FIXED_IDS,10,0.0,0.0,0.0,0,12,0.0
cora_deepres28_w128,17,12,11,8,0,0.0,FIXED_IDS,10,0.0,0.0,0.0,0,12,0.0
cora_deepres28_w128,17,12,12,8,0,0.0,FIXED_IDS,10,0.0,0.0,0.0,0,12,0.0
cora_deepres28_w128,17,12,13,8,0,0.0,FIXED_IDS,10,0.0,0.0,0.0,0,12,0.0
cora_deepres28_w128,17,12,14,8,0,0.0,FIXED_IDS,10,0.0,0.0,0.0,0,12,0.0
cora_deepres28_w128,17,12,15,8,0,0.0,FIXED_IDS,10,0.0,0.0,0.0,0,12,0.0
cora_deepres28_w128,17,12,0,8,0,0.0,FIXED_IDS,10,0.0,0.0,0.0,0,12,0.0
cora_deepres28_w128,17,12,1,8,0,0.0,FIXED_IDS,10,0.0,0.0,0.0,0,12,0.0
cora_deepres28_w128,17,12,2,8,0,0.0,FIXED_IDS,10,0.0,0.0,0.0,0,12,0.0
cora_deepres28_w128,17,12,3,8,0,0.0,FIXED_IDS,10,0.0,0.0,0.0,0,12,0.0
cora_deepres28_w128,17,12,4,8,0,0.0,FIXED_IDS,10,0.0,0.0,0.0,0,12,0.0
cora_deepres28_w128,17,12,5,8,0,0.0,FIXED_IDS,10,0.0,0.0,0.0,0,12,0.0
cora_deepres28_w128,17,12,6,8,0,0.0,FIXED_IDS,10,0.0,0.0,0.0,0,12,0.0
cora_deepres28_w128,17,12,7,8,0,0.0,FIXED_IDS,10,0.0,0.0,0.0,0,12,0.0
cora_deepres28_w128,17,12,8,8,0,0.0,FIXED_IDS,10,0.0,0.0,0.0,0,12,0.0
cora_deepres28_w128,17,12,9,8,0,0.0,FIXED_IDS,10,0.0,0.0,0.0,0,12,0.0
cora_deepres28_w128,17,12,10,8,0,0.0,FIXED_IDS,10,0.0,0.0,0.0,0,12,0.0
cora_deepres28_w128,17,12,11,8,0,0.0,FIXED_IDS,10,0.0,0.0,0.0,0,12,0.0
cora_deepres28_w128,17,12,12,8,0,0.0,FIXED_IDS,10,0.0,0.0,0.0,0,12,0.0
cora_deepres28_w128,17,12,13,8,0,0.0,FIXED_IDS,10,0.0,0.0,0.0,0,12,0.0
cora_deepres28_w128,17,12,14,8,0,0.0,FIXED_IDS,10,0.0,0.0,0.0,0,12,0.0
cora_deepres28_w128,17,12,15,8,0,0.0,FIXED_IDS,10,0.0,0.0,0.0,0,12,0.0
cora_deepres28_w128,17,12,0,8,0,0.0,FIXED_IDS,10,0.0,0.0,0.0,0,12,0.0
cora_deepres28_w128,17,12,1,8,0,0.0,FIXED_IDS,10,0.0,0.0,0.0,0,12,0.0
cora_deepres28_w128,17,12,2,8,0,0.0,FIXED_IDS,10,0.0,0.0,0.0,0,12,0.0
cora_deepres28_w128,17,12,3,8,0,0.0,FIXED_IDS,10,0.0,0.0,0.0,0,12,0.0
cora_deepres28_w128,17,12,4,8,0,0.0,FIXED_IDS,10,0.0,0.0,0.0,0,12,0.0
cora_deepres28_w128,17,12,5,8,0,0.0,FIXED_IDS,10,0.0,0.0,0.0,0,12,0.0
cora_deepres28_w128,17,12,6,8,0,0.0,FIXED_IDS,10,0.0,0.0,0.0,0,12,0.0
cora_deepres28_w128,17,12,7,8,0,0.0,FIXED_IDS,10,0.0,0.0,0.0,0,12,0.0
cora_deepres28_w128,17,12,8,8,0,0.0,FIXED_IDS,10,0.0,0.0,0.0,0,12,0.0
cora_deepres28_w128,17,12,9,8,0,0.0,FIXED_IDS,10,0.0,0.0,0.0,0,12,0.0
cora_deepres28_w128,17,12,10,8,0,0.0,FIXED_IDS,10,0.0,0.0,0.0,0,12,0.0
cora_deepres28_w128,17,12,11,8,0,0.0,FIXED_IDS,10,0.0,0.0,0.0,0,12,0.0
cora_deepres28_w128,17,12,12,8,0,0.0,FIXED_IDS,10,0.0,0.0,0.0,0,12,0.0
cora_deepres28_w128,17,12,13,8,0,0.0,FIXED_IDS,10,0.0,0.0,0.0,0,12,0.0
cora_deepres28_w128,17,12,14,8,0,0.0,FIXED_IDS,10,0.0,0.0,0.0,0,12,0.0
cora_deepres28_w128,17,12,15,8,0,0.0,FIXED_IDS,10,0.0,0.0,0.0,0,12,0.0
cora_deepres28_w128,17,12,0,8,0,0.0,FIXED_IDS,10,0.0,0.0,0.0,0,12,0.0
cora_deepres28_w128,17,12,1,8,0,0.0,FIXED_IDS,10,0.0,0.0,0.0,0,12,0.0
cora_deepres28_w128,17,12,2,8,0,0.0,FIXED_IDS,10,0.0,0.0,0.0,0,12,0.0
cora_deepres28_w128,17,12,3,8,0,0.0,FIXED_IDS,10,0.0,0.0,0.0,0,12,0.0
cora_deepres28_w128,17,12,4,8,0,0.0,FIXED_IDS,10,0.0,0.0,0.0,0,12,0.0
cora_deepres28_w128,17,12,5,8,0,0.0,FIXED_IDS,10,0.0,0.0,0.0,0,12,0.0
cora_deepres28_w128,17,12,6,8,0,0.0,FIXED_IDS,10,0.0,0.0,0.0,0,12,0.0
cora_deepres28_w128,17,12,7,8,0,0.0,FIXED_IDS,10,0.0,0.0,0.0,0,12,0.0
cora_deepres28_w128,17,12,8,8,0,0.0,FIXED_IDS,10,0.0,0.0,0.0,0,12,0.0
cora_deepres28_w128,17,12,9,8,0,0.0,FIXED_IDS,10,0.0,0.0,0.0,0,12,0.0
cora_deepres28_w128,17,12,10,8,0,0.0,FIXED_IDS,10,0.0,0.0,0.0,0,12,0.0
cora_deepres28_w128,17,12,11,8,0,0.0,FIXED_IDS,10,0.0,0.0,0.0,0,12,0.0
cora_deepres28_w128,17,12,12,8,0,0.0,FIXED_IDS,10,0.0,0.0,0.0,0,12,0.0
cora_deepres28_w128,17,12,13,8,0,0.0,FIXED_IDS,10,0.0,0.0,0.0,0,12,0.0
cora_deepres28_w128,17,12,14,8,0,0.0,FIXED_IDS,10,0.0,0.0,0.0,0,12,0.0
cora_deepres28_w128,17,12,15,8,0,0.0,FIXED_IDS,10,0.0,0.0,0.0,0,12,0.0
cora_deepres28_w128,17,12,0,8,0,0.0,FIXED_IDS,10,0.0,0.0,0.0,0,12,0.0
cora_deepres28_w128,17,12,1,8,0,0.0,FIXED_IDS,10,0.0,0.0,0.0,0,12,0.0
cora_deepres28_w128,17,12,2,8,0,0.0,FIXED_IDS,10,0.0,0.0,0.0,0,12,0.0
cora_deepres28_w128,17,12,3,8,0,0.0,FIXED_IDS,10,0.0,0.0,0.0,0,12,0.0
cora_deepres28_w128,17,12,4,8,0,0.0,FIXED_IDS,10,0.0,0.0,0.0,0,12,0.0
cora_deepres28_w128,17,12,5,8,0,0.0,FIXED_IDS,10,0.0,0.0,0.0,0,12,0.0
cora_deepres28_w128,17,12,6,8,0,0.0,FIXED_IDS,10,0.0,0.0,0.0,0,12,0.0
cora_deepres28_w128,17,12,7,8,0,0.0,FIXED_IDS,10,0.0,0.0,0.0,0,12,0.0
cora_deepres28_w128,17,12,8,8,0,0.0,FIXED_IDS,10,0.0,0.0,0.0,0,12,0.0
cora_deepres28_w128,17,12,9,8,0,0.0,FIXED_IDS,10,0.0,0.0,0.0,0,12,0.0
cora_deepres28_w128,17,12,10,8,0,0.0,FIXED_IDS,10,0.0,0.0,0.0,0,12,0.0
cora_deepres28_w128,17,12,11,8,0,0.0,FIXED_IDS,10,0.0,0.0,0.0,0,12,0.0
cora_deepres28_w128,17,12,12,8,0,0.0,FIXED_IDS,10,0.0,0.0,0.0,0,12,0.0
cora_deepres28_w128,17,12,13,8,0,0.0,FIXED_IDS,10,0.0,0.0,0.0,0,12,0.0
cora_deepres28_w128,17,12,14,8,0,0.0,FIXED_IDS,10,0.0,0.0,0.0,0,12,0.0
cora_deepres28_w128,17,12,15,8,0,0.0,FIXED_IDS,10,0.0,0.0,0.0,0,12,0.0
cora_deepres28_w128,17,12,0,8,0,0.0,FIXED_IDS,10,0.0,0.0,0.0,0,12,0.0
cora_deepres28_w128,17,12,1,8,0,0.0,FIXED_IDS,10,0.0,0.0,0.0,0,12,0.0
cora_deepres28_w128,17,12,2,8,0,0.0,FIXED_IDS,10,0.0,0.0,0.0,0,12,0.0
cora_deepres28_w128,17,12,3,8,0,0.0,FIXED_IDS,10,0.0,0.0,0.0,0,12,0.0
cora_deepres28_w128,17,12,4,8,0,0.0,FIXED_IDS,10,0.0,0.0,0.0,0,12,0.0
cora_deepres28_w128,17,12,5,8,0,0.0,FIXED_IDS,10,0.0,0.0,0.0,0,12,0.0
cora_deepres28_w128,17,12,6,8,0,0.0,FIXED_IDS,10,0.0,0.0,0.0,0,12,0.0
cora_deepres28_w128,17,12,7,8,0,0.0,FIXED_IDS,10,0.0,0.0,0.0,0,12,0.0
cora_deepres28_w128,17,12,8,8,0,0.0,FIXED_IDS,10,0.0,0.0,0.0,0,12,0.0
cora_deepres28_w128,17,12,9,8,0,0.0,FIXED_IDS,10,0.0,0.0,0.0,0,12,0.0
cora_deepres28_w128,17,12,10,8,0,0.0,FIXED_IDS,10,0.0,0.0,0.0,0,12,0.0
cora_deepres28_w128,17,12,11,8,0,0.0,FIXED_IDS,10,0.0,0.0,0.0,0,12,0.0
cora_deepres28_w128,17,12,12,8,0,0.0,FIXED_IDS,10,0.0,0.0,0.0,0,12,0.0
cora_deepres28_w128,17,12,13,8,0,0.0,FIXED_IDS,10,0.0,0.0,0.0,0,12,0.0
cora_deepres28_w128,17,12,14,8,0,0.0,FIXED_IDS,10,0.0,0.0,0.0,0,12,0.0
cora_deepres28_w128,17,12,15,8,0,0.0,FIXED_IDS,10,0.0,0.0,0.0,0,12,0.0
cora_deepres28_w128,17,12,0,8,0,0.0,FIXED_IDS,10,0.0,0.0,0.0,0,12,0.0
cora_deepres28_w128,17,12,1,8,0,0.0,FIXED_IDS,10,0.0,0.0,0.0,0,12,0.0
cora_deepres28_w128,17,12,2,8,0,0.0,FIXED_IDS,10,0.0,0.0,0.0,0,12,0.0
cora_deepres28_w128,17,12,3,8,0,0.0,FIXED_IDS,10,0.0,0.0,0.0,0,12,0.0
cora_deepres28_w128,17,12,4,8,0,0.0,FIXED_IDS,10,0.0,0.0,0.0,0,12,0.0
cora_deepres28_w128,17,12,5,8,0,0.0,FIXED_IDS,10,0.0,0.0,0.0,0,12,0.0
cora_deepres28_w128,17,12,6,8,0,0.0,FIXED_IDS,10,0.0,0.0,0.0,0,12,0.0
cora_deepres28_w128,17,12,7,8,0,0.0,FIXED_IDS,10,0.0,0.0,0.0,0,12,0.0
cora_deepres28_w128,17,12,8,8,0,0.0,FIXED_IDS,10,0.0,0.0,0.0,0,12,0.0
cora_deepres28_w128,17,12,9,8,0,0.0,FIXED_IDS,10,0.0,0.0,0.0,0,12,0.0
cora_deepres28_w128,17,12,10,8,0,0.0,FIXED_IDS,10,0.0,0.0,0.0,0,12,0.0
cora_deepres28_w128,17,12,11,8,0,0.0,FIXED_IDS,10,0.0,0.0,0.0,0,12,0.0
cora_deepres28_w128,17,12,12,8,0,0.0,FIXED_IDS,10,0.0,0.0,0.0,0,12,0.0
cora_deepres28_w128,17,12,13,8,0,0.0,FIXED_IDS,10,0.0,0.0,0.0,0,12,0.0
cora_deepres28_w128,17,12,14,8,0,0.0,FIXED_IDS,10,0.0,0.0,0.0,0,12,0.0
cora_deepres28_w128,17,12,15,8,0,0.0,FIXED_IDS,10,0.0,0.0,0.0,0,12,0.0
cora_deepres28_w128,17,12,0,8,0,0.0,FIXED_IDS,10,0.0,0.0,0.0,0,12,0.0
cora_deepres28_w128,17,12,1,8,0,0.0,FIXED_IDS,10,0.0,0.0,0.0,0,12,0.0
cora_deepres28_w128,17,12,2,8,0,0.0,FIXED_IDS,10,0.0,0.0,0.0,0,12,0.0
cora_deepres28_w128,17,12,3,8,0,0.0,FIXED_IDS,10,0.0,0.0,0.0,0,12,0.0
cora_deepres28_w128,17,12,4,8,0,0.0,FIXED_IDS,10,0.0,0.0,0.0,0,12,0.0
cora_deepres28_w128,17,12,5,8,0,0.0,FIXED_IDS,10,0.0,0.0,0.0,0,12,0.0
cora_deepres28_w128,17,12,6,8,0,0.0,FIXED_IDS,10,0.0,0.0,0.0,0,12,0.0
cora_deepres28_w128,17,12,7,8,0,0.0,FIXED_IDS,10,0.0,0.0,0.0,0,12,0.0
cora_deepres28_w128,17,12,8,8,0,0.0,FIXED_IDS,10,0.0,0.0,0.0,0,12,0.0
cora_deepres28_w128,17,12,9,8,0,0.0,FIXED_IDS,10,0.0,0.0,0.0,0,12,0.0
cora_deepres28_w128,17,12,10,8,0,0.0,FIXED_IDS,10,0.0,0.0,0.0,0,12,0.0
cora_deepres28_w128,17,12,11,8,0,0.0,FIXED_IDS,10,0.0,0.0,0.0,0,12,0.0
cora_deepres28_w128,17,12,12,8,0,0.0,FIXED_IDS,10,0.0,0.0,0.0,0,12,0.0
cora_deepres28_w128,17,12,13,8,0,0.0,FIXED_IDS,10,0.0,0.0,0.0,0,12,0.0
cora_deepres28_w128,17,12,14,8,0,0.0,FIXED_IDS,10,0.0,0.0,0.0,0,12,0.0
cora_deepres28_w128,17,12,15,8,0,0.0,FIXED_IDS,10,0.0,0.0,0.0,0,12,0.0
cora_deepres28_w128,17,12,0,8,0,0.0,FIXED_IDS,10,0.0,0.0,0.0,0,12,0.0
cora_deepres28_w128,17,12,1,8,0,0.0,FIXED_IDS,10,0.0,0.0,0.0,0,12,0.0
cora_deepres28_w128,17,12,2,8,0,0.0,FIXED_IDS,10,0.0,0.0,0.0,0,12,0.0
cora_deepres28_w128,17,12,3,8,0,0.0,FIXED_IDS,10,0.0,0.0,0.0,0,12,0.0
cora_deepres28_w128,17,12,4,8,0,0.0,FIXED_IDS,10,0.0,0.0,0.0,0,12,0.0
cora_deepres28_w128,17,12,5,8,0,0.0,FIXED_IDS,10,0.0,0.0,0.0,0,12,0.0
cora_deepres28_w128,17,12,6,8,0,0.0,FIXED_IDS,10,0.0,0.0,0.0,0,12,0.0
cora_deepres28_w128,17,12,7,8,0,0.0,FIXED_IDS,10,0.0,0.0,0.0,0,12,0.0
cora_deepres28_w128,17,12,8,8,0,0.0,FIXED_IDS,10,0.0,0.0,0.0,0,12,0.0
cora_deepres28_w128,17,12,9,8,0,0.0,FIXED_IDS,10,0.0,0.0,0.0,0,12,0.0
cora_deepres28_w128,17,12,10,8,0,0.0,FIXED_IDS,10,0.0,0.0,0.0,0,12,0.0
cora_deepres28_w128,17,12,11,8,0,0.0,FIXED_IDS,10,0.0,0.0,0.0,0,12,0.0
cora_deepres28_w128,17,12,12,8,0,0.0,FIXED_IDS,10,0.0,0.0,0.0,0,12,0.0
cora_deepres28_w128,17,12,13,8,0,0.0,FIXED_IDS,10,0.0,0.0,0.0,0,12,0.0
cora_deepres28_w128,17,12,14,8,0,0.0,FIXED_IDS,10,0.0,0.0,0.0,0,12,0.0
cora_deepres28_w128,17,12,15,8,0,0.0,FIXED_IDS,10,0.0,0.0,0.0,0,12,0.0
cora_deepres28_w128,17,12,0,8,0,0.0,FIXED_IDS,10,0.0,0.0,0.0,0,12,0.0
cora_deepres28_w128,17,12,1,8,0,0.0,FIXED_IDS,10,0.0,0.0,0.0,0,12,0.0
cora_deepres28_w128,17,12,2,8,0,0.0,FIXED_IDS,10,0.0,0.0,0.0,0,12,0.0
cora_deepres28_w128,17,12,3,8,0,0.0,FIXED_IDS,10,0.0,0.0,0.0,0,12,0.0
cora_deepres28_w128,17,12,4,8,0,0.0,FIXED_IDS,10,0.0,0.0,0.0,0,12,0.0
cora_deepres28_w128,17,12,5,8,0,0.0,FIXED_IDS,10,0.0,0.0,0.0,0,12,0.0
cora_deepres28_w128,17,12,6,8,0,0.0,FIXED_IDS,10,0.0,0.0,0.0,0,12,0.0
cora_deepres28_w128,17,12,7,8,0,0.0,FIXED_IDS,10,0.0,0.0,0.0,0,12,0.0
cora_deepres28_w128,17,12,8,8,0,0.0,FIXED_IDS,10,0.0,0.0,0.0,0,12,0.0
cora_deepres28_w128,17,12,9,8,0,0.0,FIXED_IDS,10,0.0,0.0,0.0,0,12,0.0
cora_deepres28_w128,17,12,10,8,0,0.0,FIXED_IDS,10,0.0,0.0,0.0,0,12,0.0
cora_deepres28_w128,17,12,11,8,0,0.0,FIXED_IDS,10,0.0,0.0,0.0,0,12,0.0
cora_deepres28_w128,17,12,12,8,0,0.0,FIXED_IDS,10,0.0,0.0,0.0,0,12,0.0
cora_deepres28_w128,17,12,13,8,0,0.0,FIXED_IDS,10,0.0,0.0,0.0,0,12,0.0
cora_deepres28_w128,17,12,14,8,0,0.0,FIXED_IDS,10,0.0,0.0,0.0,0,12,0.0
cora_deepres28_w128,17,12,15,8,0,0.0,FIXED_IDS,10,0.0,0.0,0.0,0,12,0.0
cora_deepres28_w128,17,12,0,8,0,0.0,FIXED_IDS,10,0.0,0.0,0.0,0,12,0.0
cora_deepres28_w128,17,12,1,8,0,0.0,FIXED_IDS,10,0.0,0.0,0.0,0,12,0.0
cora_deepres28_w128,17,12,2,8,0,0.0,FIXED_IDS,10,0.0,0.0,0.0,0,12,0.0
cora_deepres28_w128,17,12,3,8,0,0.0,FIXED_IDS,10,0.0,0.0,0.0,0,12,0.0
cora_deepres28_w128,17,12,4,8,0,0.0,FIXED_IDS,10,0.0,0.0,0.0,0,12,0.0
cora_deepres28_w128,17,12,5,8,0,0.0,FIXED_IDS,10,0.0,0.0,0.0,0,12,0.0
cora_deepres28_w128,17,12,6,8,0,0.0,FIXED_IDS,10,0.0,0.0,0.0,0,12,0.0
cora_deepres28_w128,17,12,7,8,0,0.0,FIXED_IDS,10,0.0,0.0,0.0,0,12,0.0
cora_deepres28_w128,17,12,8,8,0,0.0,FIXED_IDS,10,0.0,0.0,0.0,0,12,0.0
cora_deepres28_w128,17,12,9,8,0,0.0,FIXED_IDS,10,0.0,0.0,0.0,0,12,0.0
cora_deepres28_w128,17,12,10,8,0,0.0,FIXED_IDS,10,0.0,0.0,0.0,0,12,0.0
cora_deepres28_w128,17,12,11,8,0,0.0,FIXED_IDS,10,0.0,0.0,0.0,0,12,0.0
cora_deepres28_w128,17,12,12,8,0,0.0,FIXED_IDS,10,0.0,0.0,0.0,0,12,0.0
cora_deepres28_w128,17,12,13,8,0,0.0,FIXED_IDS,10,0.0,0.0,0.0,0,12,0.0
cora_deepres28_w128,17,12,14,8,0,0.0,FIXED_IDS,10,0.0,0.0,0.0,0,12,0.0
cora_deepres28_w128,17,12,15,8,0,0.0,FIXED_IDS,10,0.0,0.0,0.0,0,12,0.0
cora_deepres28_w128,17,12,0,8,0,0.0,FIXED_IDS,10,0.0,0.0,0.0,0,12,0.0
cora_deepres28_w128,17,12,1,8,0,0.0,FIXED_IDS,10,0.0,0.0,0.0,0,12,0.0
cora_deepres28_w128,17,12,2,8,0,0.0,FIXED_IDS,10,0.0,0.0,0.0,0,12,0.0
cora_deepres28_w128,17,12,3,8,0,0.0,FIXED_IDS,10,0.0,0.0,0.0,0,12,0.0
cora_deepres28_w128,17,12,4,8,0,0.0,FIXED_IDS,10,0.0,0.0,0.0,0,12,0.0
cora_deepres28_w128,17,12,5,8,0,0.0,FIXED_IDS,10,0.0,0.0,0.0,0,12,0.0
cora_deepres28_w128,17,12,6,8,0,0.0,FIXED_IDS,10,0.0,0.0,0.0,0,12,0.0
cora_deepres28_w128,17,12,7,8,0,0.0,FIXED_IDS,10,0.0,0.0,0.0,0,12,0.0
cora_deepres28_w128,17,12,8,8,0,0.0,FIXED_IDS,10,0.0,0.0,0.0,0,12,0.0
cora_deepres28_w128,17,12,9,8,0,0.0,FIXED_IDS,10,0.0,0.0,0.0,0,12,0.0
cora_deepres28_w128,17,12,10,8,0,0.0,FIXED_IDS,10,0.0,0.0,0.0,0,12,0.0
cora_deepres28_w128,17,12,11,8,0,0.0,FIXED_IDS,10,0.0,0.0,0.0,0,12,0.0
cora_deepres28_w128,17,12,12,8,0,0.0,FIXED_IDS,10,0.0,0.0,0.0,0,12,0.0
cora_deepres28_w128,17,12,13,8,0,0.0,FIXED_IDS,10,0.0,0.0,0.0,0,12,0.0
cora_deepres28_w128,17,12,14,8,0,0.0,FIXED_IDS,10,0.0,0.0,0.0,0,12,0.0
cora_deepres28_w128,17,12,15,8,0,0.0,FIXED_IDS,10,0.0,0.0,0.0,0,12,0.0
cora_deepres28_w128,17,12,0,8,0,0.0,FIXED_IDS,10,0.0,0.0,0.0,0,12,0.0
cora_deepres28_w128,17,12,1,8,0,0.0,FIXED_IDS,10,0.0,0.0,0.0,0,12,0.0
cora_deepres28_w128,17,12,2,8,0,0.0,FIXED_IDS,10,0.0,0.0,0.0,0,12,0.0
cora_deepres28_w128,17,12,3,8,0,0.0,FIXED_IDS,10,0.0,0.0,0.0,0,12,0.0
cora_deepres28_w128,17,12,4,8,0,0.0,FIXED_IDS,10,0.0,0.0,0.0,0,12,0.0
cora_deepres28_w128,17,12,5,8,0,0.0,FIXED_IDS,10,0.0,0.0,0.0,0,12,0.0
cora_deepres28_w128,17,12,6,8,0,0.0,FIXED_IDS,10,0.0,0.0,0.0,0,12,0.0
cora_deepres28_w128,17,12,7,8,0,0.0,FIXED_IDS,10,0.0,0.0,0.0,0,12,0.0
cora_deepres28_w128,17,12,8,8,0,0.0,FIXED_IDS,10,0.0,0.0,0.0,0,12,0.0
cora_deepres28_w128,17,12,9,8,0,0.0,FIXED_IDS,10,0.0,0.0,0.0,0,12,0.0
cora_deepres28_w128,17,12,10,8,0,0.0,FIXED_IDS,10,0.0,0.0,0.0,0,12,0.0
cora_deepres28_w128,17,12,11,8,0,0.0,FIXED_IDS,10,0.0,0.0,0.0,0,12,0.0
cora_deepres28_w128,17,12,12,8,0,0.0,FIXED_IDS,10,0.0,0.0,0.0,0,12,0.0
cora_deepres28_w128,17,12,13,8,0,0.0,FIXED_IDS,10,0.0,0.0,0.0,0,12,0.0
cora_deepres28_w128,17,12,14,8,0,0.0,FIXED_IDS,10,0.0,0.0,0.0,0,12,0.0
cora_deepres28_w128,17,12,15,8,0,0.0,FIXED_IDS,10,0.0,0.0,0.0,0,12,0.0
cora_deepres28_w128,17,12,0,8,0,0.0,FIXED_IDS,10,0.0,0.0,0.0,0,12,0.0
cora_deepres28_w128,17,12,1,8,0,0.0,FIXED_IDS,10,0.0,0.0,0.0,0,12,0.0
cora_deepres28_w128,17,12,2,8,0,0.0,FIXED_IDS,10,0.0,0.0,0.0,0,12,0.0
cora_deepres28_w128,17,12,3,8,0,0.0,FIXED_IDS,10,0.0,0.0,0.0,0,12,0.0
cora_deepres28_w128,17,12,4,8,0,0.0,FIXED_IDS,10,0.0,0.0,0.0,0,12,0.0
cora_deepres28_w128,17,12,5,8,0,0.0,FIXED_IDS,10,0.0,0.0,0.0,0,12,0.0
cora_deepres28_w128,17,12,6,8,0,0.0,FIXED_IDS,10,0.0,0.0,0.0,0,12,0.0
cora_deepres28_w128,17,12,7,8,0,0.0,FIXED_IDS,10,0.0,0.0,0.0,0,12,0.0
cora_deepres28_w128,17,12,8,8,0,0.0,FIXED_IDS,10,0.0,0.0,0.0,0,12,0.0
cora_deepres28_w128,17,12,9,8,0,0.0,FIXED_IDS,10,0.0,0.0,0.0,0,12,0.0
cora_deepres28_w128,17,12,10,8,0,0.0,FIXED_IDS,10,0.0,0.0,0.0,0,12,0.0
cora_deepres28_w128,17,12,11,8,0,0.0,FIXED_IDS,10,0.0,0.0,0.0,0,12,0.0
cora_deepres28_w128,17,12,12,8,0,0.0,FIXED_IDS,10,0.0,0.0,0.0,0,12,0.0
cora_deepres28_w128,17,12,13,8,0,0.0,FIXED_IDS,10,0.0,0.0,0.0,0,12,0.0
cora_deepres28_w128,17,12,14,8,0,0.0,FIXED_IDS,10,0.0,0.0,0.0,0,12,0.0
cora_deepres28_w128,17,12,15,8,0,0.0,FIXED_IDS,10,0.0,0.0,0.0,0,12,0.0
cora_deepres28_w128,17,12,0,8,0,0.0,FIXED_IDS,10,0.0,0.0,0.0,0,12,0.0
cora_deepres28_w128,17,12,1,8,0,0.0,FIXED_IDS,10,0.0,0.0,0.0,0,12,0.0
cora_deepres28_w128,17,12,2,8,0,0.0,FIXED_IDS,10,0.0,0.0,0.0,0,12,0.0
cora_deepres28_w128,17,12,3,8,0,0.0,FIXED_IDS,10,0.0,0.0,0.0,0,12,0.0
cora_deepres28_w128,17,12,4,8,0,0.0,FIXED_IDS,10,0.0,0.0,0.0,0,12,0.0
cora_deepres28_w128,17,12,5,8,0,0.0,FIXED_IDS,10,0.0,0.0,0.0,0,12,0.0
cora_deepres28_w128,17,12,6,8,0,0.0,FIXED_IDS,10,0.0,0.0,0.0,0,12,0.0
cora_deepres28_w128,17,12,7,8,0,0.0,FIXED_IDS,10,0.0,0.0,0.0,0,12,0.0
cora_deepres28_w128,17,12,8,8,0,0.0,FIXED_IDS,10,0.0,0.0,0.0,0,12,0.0
cora_deepres28_w128,17,12,9,8,0,0.0,FIXED_IDS,10,0.0,0.0,0.0,0,12,0.0
cora_deepres28_w128,17,12,10,8,0,0.0,FIXED_IDS,10,0.0,0.0,0.0,0,12,0.0
cora_deepres28_w128,17,12,11,8,0,0.0,FIXED_IDS,10,0.0,0.0,0.0,0,12,0.0
cora_deepres28_w128,17,12,12,8,0,0.0,FIXED_IDS,10,0.0,0.0,0.0,0,12,0.0
cora_deepres28_w128,17,12,13,8,0,0.0,FIXED_IDS,10,0.0,0.0,0.0,0,12,0.0
cora_deepres28_w128,17,12,14,8,0,0.0,FIXED_IDS,10,0.0,0.0,0.0,0,12,0.0
cora_deepres28_w128,17,12,15,8,0,0.0,FIXED_IDS,10,0.0,0.0,0.0,0,12,0.0
cora_deepres28_w128,17,12,0,8,0,0.0,FIXED_IDS,10,0.0,0.0,0.0,0,12,0.0
cora_deepres28_w128,17,12,1,8,0,0.0,FIXED_IDS,10,0.0,0.0,0.0,0,12,0.0
cora_deepres28_w128,17,12,2,8,0,0.0,FIXED_IDS,10,0.0,0.0,0.0,0,12,0.0
cora_deepres28_w128,17,12,3,8,0,0.0,FIXED_IDS,10,0.0,0.0,0.0,0,12,0.0
cora_deepres28_w128,17,12,4,8,0,0.0,FIXED_IDS,10,0.0,0.0,0.0,0,12,0.0
cora_deepres28_w128,17,12,5,8,0,0.0,FIXED_IDS,10,0.0,0.0,0.0,0,12,0.0
cora_deepres28_w128,17,12,6,8,0,0.0,FIXED_IDS,10,0.0,0.0,0.0,0,12,0.0
cora_deepres28_w128,17,12,7,8,0,0.0,FIXED_IDS,10,0.0,0.0,0.0,0,12,0.0
cora_deepres28_w128,17,12,8,8,0,0.0,FIXED_IDS,10,0.0,0.0,0.0,0,12,0.0
cora_deepres28_w128,17,12,9,8,0,0.0,FIXED_IDS,10,0.0,0.0,0.0,0,12,0.0
cora_deepres28_w128,17,12,10,8,0,0.0,FIXED_IDS,10,0.0,0.0,0.0,0,12,0.0
cora_deepres28_w128,17,12,11,8,0,0.0,FIXED_IDS,10,0.0,0.0,0.0,0,12,0.0
cora_deepres28_w128,17,12,12,8,0,0.0,FIXED_IDS,10,0.0,0.0,0.0,0,12,0.0
cora_deepres28_w128,17,12,13,8,0,0.0,FIXED_IDS,10,0.0,0.0,0.0,0,12,0.0
cora_deepres28_w128,17,12,14,8,0,0.0,FIXED_IDS,10,0.0,0.0,0.0,0,12,0.0
cora_deepres28_w128,17,12,15,8,0,0.0,FIXED_IDS,10,0.0,0.0,0.0,0,12,0.0
cora_deepres28_w128,17,12,0,8,0,0.0,FIXED_IDS,10,0.0,0.0,0.0,0,12,0.0
cora_deepres28_w128,17,12,1,8,0,0.0,FIXED_IDS,10,0.0,0.0,0.0,0,12,0.0
cora_deepres28_w128,17,12,2,8,0,0.0,FIXED_IDS,10,0.0,0.0,0.0,0,12,0.0
cora_deepres28_w128,17,12,3,8,0,0.0,FIXED_IDS,10,0.0,0.0,0.0,0,12,0.0
cora_deepres28_w128,17,12,4,8,0,0.0,FIXED_IDS,10,0.0,0.0,0.0,0,12,0.0
cora_deepres28_w128,17,12,5,8,0,0.0,FIXED_IDS,10,0.0,0.0,0.0,0,12,0.0
cora_deepres28_w128,17,12,6,8,0,0.0,FIXED_IDS,10,0.0,0.0,0.0,0,12,0.0
cora_deepres28_w128,17,12,7,8,0,0.0,FIXED_IDS,10,0.0,0.0,0.0,0,12,0.0
cora_deepres28_w128,17,12,8,8,0,0.0,FIXED_IDS,10,0.0,0.0,0.0,0,12,0.0
cora_deepres28_w128,17,12,9,8,0,0.0,FIXED_IDS,10,0.0,0.0,0.0,0,12,0.0
cora_deepres28_w128,17,12,10,8,0,0.0,FIXED_IDS,10,0.0,0.0,0.0,0,12,0.0
cora_deepres28_w128,17,12,11,8,0,0.0,FIXED_IDS,10,0.0,0.0,0.0,0,12,0.0
cora_deepres28_w128,17,12,12,8,0,0.0,FIXED_IDS,10,0.0,0.0,0.0,0,12,0.0
cora_deepres28_w128,17,12,13,8,0,0.0,FIXED_IDS,10,0.0,0.0,0.0,0,12,0.0
cora_deepres28_w128,17,12,14,8,0,0.0,FIXED_IDS,10,0.0,0.0,0.0,0,12,0.0
cora_deepres28_w128,17,12,15,8,0,0.0,FIXED_IDS,10,0.0,0.0,0.0,0,12,0.0
cora_deepres28_w128,17,12,0,8,0,0.0,FIXED_IDS,10,0.0,0.0,0.0,0,12,0.0
cora_deepres28_w128,17,12,1,8,0,0.0,FIXED_IDS,10,0.0,0.0,0.0,0,12,0.0
cora_deepres28_w128,17,12,2,8,0,0.0,FIXED_IDS,10,0.0,0.0,0.0,0,12,0.0
cora_deepres28_w128,17,12,3,8,0,0.0,FIXED_IDS,10,0.0,0.0,0.0,0,12,0.0
cora_deepres28_w128,17,12,4,8,0,0.0,FIXED_IDS,10,0.0,0.0,0.0,0,12,0.0
cora_deepres28_w128,17,12,5,8,0,0.0,FIXED_IDS,10,0.0,0.0,0.0,0,12,0.0
cora_deepres28_w128,17,12,6,8,0,0.0,FIXED_IDS,10,0.0,0.0,0.0,0,12,0.0
cora_deepres28_w128,17,12,7,8,0,0.0,FIXED_IDS,10,0.0,0.0,0.0,0,12,0.0
cora_deepres28_w128,17,12,8,8,0,0.0,FIXED_IDS,10,0.0,0.0,0.0,0,12,0.0
cora_deepres28_w128,17,12,9,8,0,0.0,FIXED_IDS,10,0.0,0.0,0.0,0,12,0.0
cora_deepres28_w128,17,12,10,8,0,0.0,FIXED_IDS,10,0.0,0.0,0.0,0,12,0.0
cora_deepres28_w128,17,12,11,8,0,0.0,FIXED_IDS,10,0.0,0.0,0.0,0,12,0.0
cora_deepres28_w128,17,12,12,8,0,0.0,FIXED_IDS,10,0.0,0.0,0.0,0,12,0.0
cora_deepres28_w128,17,12,13,8,0,0.0,FIXED_IDS,10,0.0,0.0,0.0,0,12,0.0
cora_deepres28_w128,17,12,14,8,0,0.0,FIXED_IDS,10,0.0,0.0,0.0,0,12,0.0
cora_deepres28_w128,17,12,15,8,0,0.0,FIXED_IDS,10,0.0,0.0,0.0,0,12,0.0
cora_deepres28_w128,17,12,0,8,0,0.0,FIXED_IDS,7,0.0,0.0,0.0,0,12,0.0
cora_deepres28_w128,17,12,1,8,0,0.0,FIXED_IDS,7,0.0,0.0,0.0,0,12,0.0
cora_deepres28_w128,17,12,2,8,0,0.0,FIXED_IDS,7,0.0,0.0,0.0,0,12,0.0
cora_deepres28_w128,17,12,3,8,0,0.0,FIXED_IDS,7,0.0,0.0,0.0,0,12,0.0
cora_deepres28_w128,17,12,4,8,0,0.0,FIXED_IDS,7,0.0,0.0,0.0,0,12,0.0
cora_deepres28_w128,17,12,5,8,0,0.0,FIXED_IDS,7,0.0,0.0,0.0,0,12,0.0
cora_deepres28_w128,17,12,6,8,0,0.0,FIXED_IDS,7,0.0,0.0,0.0,0,12,0.0
cora_deepres28_w128,17,12,7,8,0,0.0,FIXED_IDS,7,0.0,0.0,0.0,0,12,0.0
cora_deepres28_w128,17,12,8,8,0,0.0,FIXED_IDS,7,0.0,0.0,0.0,0,12,0.0
cora_deepres28_w128,17,12,9,8,0,0.0,FIXED_IDS,7,0.0,0.0,0.0,0,12,0.0
cora_deepres28_w128,17,12,10,8,0,0.0,FIXED_IDS,7,0.0,0.0,0.0,0,12,0.0
cora_deepres28_w128,17,12,11,8,0,0.0,FIXED_IDS,7,0.0,0.0,0.0,0,12,0.0
cora_deepres28_w128,17,12,12,8,0,0.0,FIXED_IDS,7,0.0,0.0,0.0,0,12,0.0
cora_deepres28_w128,17,12,13,8,0,0.0,FIXED_IDS,7,0.0,0.0,0.0,0,12,0.0
cora_deepres28_w128,17,12,14,8,0,0.0,FIXED_IDS,7,0.0,0.0,0.0,0,12,0.0
cora_deepres28_w128,17,12,15,8,0,0.0,FIXED_IDS,7,0.0,0.0,0.0,0,12,0.0
cora_deepres28_w128,17,12,0,16,116,0.90625,DENSE_XOR,130,0.8558728448275862,0.8356681034482759,0.8760775862068966,0,12,0.0
cora_deepres28_w128,17,12,1,16,96,0.75,DENSE_XOR,130,0.8515082465277777,0.8352864583333334,0.8743489583333334,0,12,0.0
cora_deepres28_w128,17,12,2,16,0,0.0,FIXED_IDS,10,0.0,0.0,0.0,0,12,0.0
cora_deepres28_w128,17,12,3,16,0,0.0,FIXED_IDS,10,0.0,0.0,0.0,0,12,0.0
cora_deepres28_w128,17,12,4,16,0,0.0,FIXED_IDS,10,0.0,0.0,0.0,0,12,0.0
cora_deepres28_w128,17,12,5,16,0,0.0,FIXED_IDS,10,0.0,0.0,0.0,0,12,0.0
cora_deepres28_w128,17,12,6,16,0,0.0,FIXED_IDS,10,0.0,0.0,0.0,0,12,0.0
cora_deepres28_w128,17,12,7,16,0,0.0,FIXED_IDS,10,0.0,0.0,0.0,0,12,0.0
cora_deepres28_w128,17,12,0,16,124,0.96875,DENSE_XOR,130,0.8542926747311826,0.8366935483870968,0.8679435483870968,0,12,0.0
cora_deepres28_w128,17,12,1,16,102,0.796875,DENSE_XOR,130,0.8569750816993466,0.8480392156862745,0.8676470588235294,0,12,0.0
cora_deepres28_w128,17,12,2,16,0,0.0,FIXED_IDS,10,0.0,0.0,0.0,0,12,0.0
cora_deepres28_w128,17,12,3,16,71,0.5546875,DENSE_XOR,130,0.9077904929577465,0.8961267605633803,0.920774647887324,0,12,0.0
cora_deepres28_w128,17,12,4,16,0,0.0,FIXED_IDS,10,0.0,0.0,0.0,0,12,0.0
cora_deepres28_w128,17,12,5,16,0,0.0,FIXED_IDS,10,0.0,0.0,0.0,0,12,0.0
cora_deepres28_w128,17,12,6,16,0,0.0,FIXED_IDS,10,0.0,0.0,0.0,0,12,0.0
cora_deepres28_w128,17,12,7,16,0,0.0,FIXED_IDS,10,0.0,0.0,0.0,0,12,0.0
cora_deepres28_w128,17,12,0,16,113,0.8828125,DENSE_XOR,130,0.8933443952802359,0.8694690265486725,0.9120575221238938,0,12,0.0
cora_deepres28_w128,17,12,1,16,97,0.7578125,DENSE_XOR,130,0.8603414948453608,0.8447164948453608,0.8711340206185567,0,12,0.0
cora_deepres28_w128,17,12,2,16,0,0.0,FIXED_IDS,10,0.0,0.0,0.0,0,12,0.0
cora_deepres28_w128,17,12,3,16,80,0.625,DENSE_XOR,130,0.9332682291666669,0.92890625,0.9390625,0,12,0.0
cora_deepres28_w128,17,12,4,16,0,0.0,FIXED_IDS,10,0.0,0.0,0.0,0,12,0.0
cora_deepres28_w128,17,12,5,16,0,0.0,FIXED_IDS,10,0.0,0.0,0.0,0,12,0.0
cora_deepres28_w128,17,12,6,16,0,0.0,FIXED_IDS,10,0.0,0.0,0.0,0,12,0.0
cora_deepres28_w128,17,12,7,16,0,0.0,FIXED_IDS,10,0.0,0.0,0.0,0,12,0.0
cora_deepres28_w128,17,12,0,16,97,0.7578125,DENSE_XOR,130,0.8528780068728524,0.8247422680412371,0.8730670103092784,0,12,0.0
cora_deepres28_w128,17,12,1,16,102,0.796875,DENSE_XOR,130,0.9147773692810457,0.8988970588235294,0.9246323529411765,0,12,0.0
cora_deepres28_w128,17,12,2,16,0,0.0,FIXED_IDS,10,0.0,0.0,0.0,0,12,0.0
cora_deepres28_w128,17,12,3,16,0,0.0,FIXED_IDS,10,0.0,0.0,0.0,0,12,0.0
cora_deepres28_w128,17,12,4,16,0,0.0,FIXED_IDS,10,0.0,0.0,0.0,0,12,0.0
cora_deepres28_w128,17,12,5,16,0,0.0,FIXED_IDS,10,0.0,0.0,0.0,0,12,0.0
cora_deepres28_w128,17,12,6,16,0,0.0,FIXED_IDS,10,0.0,0.0,0.0,0,12,0.0
cora_deepres28_w128,17,12,7,16,0,0.0,FIXED_IDS,10,0.0,0.0,0.0,0,12,0.0
cora_deepres28_w128,17,12,0,16,90,0.703125,DENSE_XOR,130,0.8659143518518517,0.8527777777777777,0.8805555555555555,0,12,0.0
cora_deepres28_w128,17,12,1,16,96,0.75,DENSE_XOR,130,0.9157443576388888,0.8984375,0.9309895833333334,0,12,0.0
cora_deepres28_w128,17,12,2,16,0,0.0,FIXED_IDS,10,0.0,0.0,0.0,0,12,0.0
cora_deepres28_w128,17,12,3,16,0,0.0,FIXED_IDS,10,0.0,0.0,0.0,0,12,0.0
cora_deepres28_w128,17,12,4,16,0,0.0,FIXED_IDS,10,0.0,0.0,0.0,0,12,0.0
cora_deepres28_w128,17,12,5,16,0,0.0,FIXED_IDS,10,0.0,0.0,0.0,0,12,0.0
cora_deepres28_w128,17,12,6,16,0,0.0,FIXED_IDS,10,0.0,0.0,0.0,0,12,0.0
cora_deepres28_w128,17,12,7,16,0,0.0,FIXED_IDS,10,0.0,0.0,0.0,0,12,0.0
cora_deepres28_w128,17,12,0,16,0,0.0,FIXED_IDS,10,0.0,0.0,0.0,0,12,0.0
cora_deepres28_w128,17,12,1,16,84,0.65625,DENSE_XOR,130,0.9128224206349206,0.9047619047619048,0.9233630952380952,0,12,0.0
cora_deepres28_w128,17,12,2,16,0,0.0,FIXED_IDS,10,0.0,0.0,0.0,0,12,0.0
cora_deepres28_w128,17,12,3,16,0,0.0,FIXED_IDS,10,0.0,0.0,0.0,0,12,0.0
cora_deepres28_w128,17,12,4,16,0,0.0,FIXED_IDS,10,0.0,0.0,0.0,0,12,0.0
cora_deepres28_w128,17,12,5,16,0,0.0,FIXED_IDS,10,0.0,0.0,0.0,0,12,0.0
cora_deepres28_w128,17,12,6,16,0,0.0,FIXED_IDS,10,0.0,0.0,0.0,0,12,0.0
cora_deepres28_w128,17,12,7,16,0,0.0,FIXED_IDS,10,0.0,0.0,0.0,0,12,0.0
cora_deepres28_w128,17,12,0,16,0,0.0,FIXED_IDS,10,0.0,0.0,0.0,0,12,0.0
cora_deepres28_w128,17,12,1,16,90,0.703125,DENSE_XOR,130,0.9112268518518518,0.9034722222222222,0.9194444444444444,0,12,0.0
cora_deepres28_w128,17,12,2,16,0,0.0,FIXED_IDS,10,0.0,0.0,0.0,0,12,0.0
cora_deepres28_w128,17,12,3,16,0,0.0,FIXED_IDS,10,0.0,0.0,0.0,0,12,0.0
cora_deepres28_w128,17,12,4,16,0,0.0,FIXED_IDS,10,0.0,0.0,0.0,0,12,0.0
cora_deepres28_w128,17,12,5,16,0,0.0,FIXED_IDS,10,0.0,0.0,0.0,0,12,0.0
cora_deepres28_w128,17,12,6,16,0,0.0,FIXED_IDS,10,0.0,0.0,0.0,0,12,0.0
cora_deepres28_w128,17,12,7,16,0,0.0,FIXED_IDS,10,0.0,0.0,0.0,0,12,0.0
cora_deepres28_w128,17,12,0,16,123,0.9609375,DENSE_XOR,130,0.8719512195121951,0.8541666666666666,0.8851626016260162,0,12,0.0
cora_deepres28_w128,17,12,1,16,120,0.9375,DENSE_XOR,130,0.9174913194444443,0.9010416666666666,0.9291666666666667,0,12,0.0
cora_deepres28_w128,17,12,2,16,0,0.0,FIXED_IDS,10,0.0,0.0,0.0,0,12,0.0
cora_deepres28_w128,17,12,3,16,0,0.0,FIXED_IDS,10,0.0,0.0,0.0,0,12,0.0
cora_deepres28_w128,17,12,4,16,0,0.0,FIXED_IDS,10,0.0,0.0,0.0,0,12,0.0
cora_deepres28_w128,17,12,5,16,0,0.0,FIXED_IDS,10,0.0,0.0,0.0,0,12,0.0
cora_deepres28_w128,17,12,6,16,0,0.0,FIXED_IDS,10,0.0,0.0,0.0,0,12,0.0
cora_deepres28_w128,17,12,7,16,0,0.0,FIXED_IDS,10,0.0,0.0,0.0,0,12,0.0
cora_deepres28_w128,17,12,0,16,0,0.0,FIXED_IDS,10,0.0,0.0,0.0,0,12,0.0
cora_deepres28_w128,17,12,1,16,70,0.546875,DENSE_XOR,130,0.9014136904761906,0.8910714285714286,0.9098214285714286,0,12,0.0
cora_deepres28_w128,17,12,2,16,0,0.0,FIXED_IDS,10,0.0,0.0,0.0,0,12,0.0
cora_deepres28_w128,17,12,3,16,0,0.0,FIXED_IDS,10,0.0,0.0,0.0,0,12,0.0
cora_deepres28_w128,17,12,4,16,0,0.0,FIXED_IDS,10,0.0,0.0,0.0,0,12,0.0
cora_deepres28_w128,17,12,5,16,0,0.0,FIXED_IDS,10,0.0,0.0,0.0,0,12,0.0
cora_deepres28_w128,17,12,6,16,0,0.0,FIXED_IDS,10,0.0,0.0,0.0,0,12,0.0
cora_deepres28_w128,17,12,7,16,0,0.0,FIXED_IDS,10,0.0,0.0,0.0,0,12,0.0
cora_deepres28_w128,17,12,0,16,0,0.0,FIXED_IDS,10,0.0,0.0,0.0,0,12,0.0
cora_deepres28_w128,17,12,1,16,86,0.671875,DENSE_XOR,130,0.9373183139534884,0.9244186046511628,0.9454941860465116,0,12,0.0
cora_deepres28_w128,17,12,2,16,0,0.0,FIXED_IDS,10,0.0,0.0,0.0,0,12,0.0
cora_deepres28_w128,17,12,3,16,0,0.0,FIXED_IDS,10,0.0,0.0,0.0,0,12,0.0
cora_deepres28_w128,17,12,4,16,0,0.0,FIXED_IDS,10,0.0,0.0,0.0,0,12,0.0
cora_deepres28_w128,17,12,5,16,0,0.0,FIXED_IDS,10,0.0,0.0,0.0,0,12,0.0
cora_deepres28_w128,17,12,6,16,0,0.0,FIXED_IDS,10,0.0,0.0,0.0,0,12,0.0
cora_deepres28_w128,17,12,7,16,0,0.0,FIXED_IDS,10,0.0,0.0,0.0,0,12,0.0
cora_deepres28_w128,17,12,0,16,88,0.6875,DENSE_XOR,130,0.8306699810606061,0.7926136363636364,0.8572443181818182,0,12,0.0
cora_deepres28_w128,17,12,1,16,108,0.84375,DENSE_XOR,130,0.8977141203703703,0.8871527777777778,0.9114583333333334,0,12,0.0
cora_deepres28_w128,17,12,2,16,0,0.0,FIXED_IDS,10,0.0,0.0,0.0,0,12,0.0
cora_deepres28_w128,17,12,3,16,0,0.0,FIXED_IDS,10,0.0,0.0,0.0,0,12,0.0
cora_deepres28_w128,17,12,4,16,0,0.0,FIXED_IDS,10,0.0,0.0,0.0,0,12,0.0
cora_deepres28_w128,17,12,5,16,0,0.0,FIXED_IDS,10,0.0,0.0,0.0,0,12,0.0
cora_deepres28_w128,17,12,6,16,0,0.0,FIXED_IDS,10,0.0,0.0,0.0,0,12,0.0
cora_deepres28_w128,17,12,7,16,0,0.0,FIXED_IDS,10,0.0,0.0,0.0,0,12,0.0
cora_deepres28_w128,17,12,0,16,0,0.0,FIXED_IDS,10,0.0,0.0,0.0,0,12,0.0
cora_deepres28_w128,17,12,1,16,94,0.734375,DENSE_XOR,130,0.8977171985815603,0.8902925531914894,0.9049202127659575,0,12,0.0
cora_deepres28_w128,17,12,2,16,0,0.0,FIXED_IDS,10,0.0,0.0,0.0,0,12,0.0
cora_deepres28_w128,17,12,3,16,84,0.65625,DENSE_XOR,130,0.8935391865079364,0.8683035714285714,0.9069940476190477,0,12,0.0
cora_deepres28_w128,17,12,4,16,0,0.0,FIXED_IDS,10,0.0,0.0,0.0,0,12,0.0
cora_deepres28_w128,17,12,5,16,0,0.0,FIXED_IDS,10,0.0,0.0,0.0,0,12,0.0
cora_deepres28_w128,17,12,6,16,0,0.0,FIXED_IDS,10,0.0,0.0,0.0,0,12,0.0
cora_deepres28_w128,17,12,7,16,0,0.0,FIXED_IDS,10,0.0,0.0,0.0,0,12,0.0
cora_deepres28_w128,17,12,0,16,122,0.953125,DENSE_XOR,130,0.7982838114754097,0.7520491803278688,0.8299180327868853,0,12,0.0
cora_deepres28_w128,17,12,1,16,112,0.875,DENSE_XOR,130,0.9284319196428572,0.91796875,0.9408482142857143,0,12,0.0
cora_deepres28_w128,17,12,2,16,94,0.734375,DENSE_XOR,130,0.8730607269503546,0.8291223404255319,0.9195478723404256,0,12,0.0
cora_deepres28_w128,17,12,3,16,0,0.0,FIXED_IDS,10,0.0,0.0,0.0,0,12,0.0
cora_deepres28_w128,17,12,4,16,0,0.0,FIXED_IDS,10,0.0,0.0,0.0,0,12,0.0
cora_deepres28_w128,17,12,5,16,0,0.0,FIXED_IDS,10,0.0,0.0,0.0,0,12,0.0
cora_deepres28_w128,17,12,6,16,0,0.0,FIXED_IDS,10,0.0,0.0,0.0,0,12,0.0
cora_deepres28_w128,17,12,7,16,0,0.0,FIXED_IDS,10,0.0,0.0,0.0,0,12,0.0
cora_deepres28_w128,17,12,0,16,0,0.0,FIXED_IDS,10,0.0,0.0,0.0,0,12,0.0
cora_deepres28_w128,17,12,1,16,0,0.0,FIXED_IDS,10,0.0,0.0,0.0,0,12,0.0
cora_deepres28_w128,17,12,2,16,0,0.0,FIXED_IDS,10,0.0,0.0,0.0,0,12,0.0
cora_deepres28_w128,17,12,3,16,0,0.0,FIXED_IDS,10,0.0,0.0,0.0,0,12,0.0
cora_deepres28_w128,17,12,4,16,0,0.0,FIXED_IDS,10,0.0,0.0,0.0,0,12,0.0
cora_deepres28_w128,17,12,5,16,0,0.0,FIXED_IDS,10,0.0,0.0,0.0,0,12,0.0
cora_deepres28_w128,17,12,6,16,0,0.0,FIXED_IDS,10,0.0,0.0,0.0,0,12,0.0
cora_deepres28_w128,17,12,7,16,0,0.0,FIXED_IDS,10,0.0,0.0,0.0,0,12,0.0
cora_deepres28_w128,17,12,0,16,0,0.0,FIXED_IDS,10,0.0,0.0,0.0,0,12,0.0
cora_deepres28_w128,17,12,1,16,70,0.546875,DENSE_XOR,130,0.9179315476190476,0.9026785714285714,0.9294642857142857,0,12,0.0
cora_deepres28_w128,17,12,2,16,0,0.0,FIXED_IDS,10,0.0,0.0,0.0,0,12,0.0
cora_deepres28_w128,17,12,3,16,0,0.0,FIXED_IDS,10,0.0,0.0,0.0,0,12,0.0
cora_deepres28_w128,17,12,4,16,0,0.0,FIXED_IDS,10,0.0,0.0,0.0,0,12,0.0
cora_deepres28_w128,17,12,5,16,0,0.0,FIXED_IDS,10,0.0,0.0,0.0,0,12,0.0
cora_deepres28_w128,17,12,6,16,0,0.0,FIXED_IDS,10,0.0,0.0,0.0,0,12,0.0
cora_deepres28_w128,17,12,7,16,0,0.0,FIXED_IDS,10,0.0,0.0,0.0,0,12,0.0
cora_deepres28_w128,17,12,0,16,0,0.0,FIXED_IDS,10,0.0,0.0,0.0,0,12,0.0
cora_deepres28_w128,17,12,1,16,92,0.71875,DENSE_XOR,130,0.869621829710145,0.8600543478260869,0.8804347826086957,0,12,0.0
cora_deepres28_w128,17,12,2,16,0,0.0,FIXED_IDS,10,0.0,0.0,0.0,0,12,0.0
cora_deepres28_w128,17,12,3,16,0,0.0,FIXED_IDS,10,0.0,0.0,0.0,0,12,0.0
cora_deepres28_w128,17,12,4,16,0,0.0,FIXED_IDS,10,0.0,0.0,0.0,0,12,0.0
cora_deepres28_w128,17,12,5,16,0,0.0,FIXED_IDS,10,0.0,0.0,0.0,0,12,0.0
cora_deepres28_w128,17,12,6,16,0,0.0,FIXED_IDS,10,0.0,0.0,0.0,0,12,0.0
cora_deepres28_w128,17,12,7,16,0,0.0,FIXED_IDS,10,0.0,0.0,0.0,0,12,0.0
cora_deepres28_w128,17,12,0,16,106,0.828125,DENSE_XOR,130,0.8751965408805032,0.8384433962264151,0.9027122641509434,0,12,0.0
cora_deepres28_w128,17,12,1,16,88,0.6875,DENSE_XOR,130,0.8539299242424243,0.8359375,0.8778409090909091,0,12,0.0
cora_deepres28_w128,17,12,2,16,0,0.0,FIXED_IDS,10,0.0,0.0,0.0,0,12,0.0
cora_deepres28_w128,17,12,3,16,0,0.0,FIXED_IDS,10,0.0,0.0,0.0,0,12,0.0
cora_deepres28_w128,17,12,4,16,0,0.0,FIXED_IDS,10,0.0,0.0,0.0,0,12,0.0
cora_deepres28_w128,17,12,5,16,0,0.0,FIXED_IDS,10,0.0,0.0,0.0,0,12,0.0
cora_deepres28_w128,17,12,6,16,0,0.0,FIXED_IDS,10,0.0,0.0,0.0,0,12,0.0
cora_deepres28_w128,17,12,7,16,0,0.0,FIXED_IDS,10,0.0,0.0,0.0,0,12,0.0
cora_deepres28_w128,17,12,0,16,96,0.75,DENSE_XOR,130,0.8113606770833335,0.779296875,0.8346354166666666,0,12,0.0
cora_deepres28_w128,17,12,1,16,0,0.0,FIXED_IDS,10,0.0,0.0,0.0,0,12,0.0
cora_deepres28_w128,17,12,2,16,0,0.0,FIXED_IDS,10,0.0,0.0,0.0,0,12,0.0
cora_deepres28_w128,17,12,3,16,0,0.0,FIXED_IDS,10,0.0,0.0,0.0,0,12,0.0
cora_deepres28_w128,17,12,4,16,0,0.0,FIXED_IDS,10,0.0,0.0,0.0,0,12,0.0
cora_deepres28_w128,17,12,5,16,0,0.0,FIXED_IDS,10,0.0,0.0,0.0,0,12,0.0
cora_deepres28_w128,17,12,6,16,0,0.0,FIXED_IDS,10,0.0,0.0,0.0,0,12,0.0
cora_deepres28_w128,17,12,7,16,0,0.0,FIXED_IDS,10,0.0,0.0,0.0,0,12,0.0
cora_deepres28_w128,17,12,0,16,114,0.890625,DENSE_XOR,130,0.8715734649122808,0.805921052631579,0.912828947368421,0,12,0.0
cora_deepres28_w128,17,12,1,16,0,0.0,FIXED_IDS,10,0.0,0.0,0.0,0,12,0.0
cora_deepres28_w128,17,12,2,16,0,0.0,FIXED_IDS,10,0.0,0.0,0.0,0,12,0.0
cora_deepres28_w128,17,12,3,16,100,0.78125,DENSE_XOR,130,0.8091666666666667,0.758125,0.835625,0,12,0.0
cora_deepres28_w128,17,12,4,16,96,0.75,DENSE_XOR,130,0.9376627604166666,0.8834635416666666,0.9635416666666666,0,12,0.0
cora_deepres28_w128,17,12,5,16,0,0.0,FIXED_IDS,10,0.0,0.0,0.0,0,12,0.0
cora_deepres28_w128,17,12,6,16,0,0.0,FIXED_IDS,10,0.0,0.0,0.0,0,12,0.0
cora_deepres28_w128,17,12,7,16,0,0.0,FIXED_IDS,10,0.0,0.0,0.0,0,12,0.0
cora_deepres28_w128,17,12,0,16,126,0.984375,DENSE_XOR,130,0.8816137566137566,0.8432539682539683,0.9012896825396826,0,12,0.0
cora_deepres28_w128,17,12,1,16,0,0.0,FIXED_IDS,10,0.0,0.0,0.0,0,12,0.0
cora_deepres28_w128,17,12,2,16,0,0.0,FIXED_IDS,10,0.0,0.0,0.0,0,12,0.0
cora_deepres28_w128,17,12,3,16,0,0.0,FIXED_IDS,10,0.0,0.0,0.0,0,12,0.0
cora_deepres28_w128,17,12,4,16,88,0.6875,DENSE_XOR,130,0.9269057765151515,0.8686079545454546,0.9566761363636364,0,12,0.0
cora_deepres28_w128,17,12,5,16,0,0.0,FIXED_IDS,10,0.0,0.0,0.0,0,12,0.0
cora_deepres28_w128,17,12,6,16,0,0.0,FIXED_IDS,10,0.0,0.0,0.0,0,12,0.0
cora_deepres28_w128,17,12,7,16,0,0.0,FIXED_IDS,10,0.0,0.0,0.0,0,12,0.0
cora_deepres28_w128,17,12,0,16,126,0.984375,DENSE_XOR,130,0.9197668650793651,0.8576388888888888,0.9588293650793651,0,12,0.0
cora_deepres28_w128,17,12,1,16,0,0.0,FIXED_IDS,10,0.0,0.0,0.0,0,12,0.0
cora_deepres28_w128,17,12,2,16,0,0.0,FIXED_IDS,10,0.0,0.0,0.0,0,12,0.0
cora_deepres28_w128,17,12,3,16,116,0.90625,DENSE_XOR,130,0.7645474137931035,0.7225215517241379,0.8001077586206896,0,12,0.0
cora_deepres28_w128,17,12,4,16,117,0.9140625,DENSE_XOR,130,0.9581997863247863,0.9075854700854701,0.9850427350427351,0,12,0.0
cora_deepres28_w128,17,12,5,16,0,0.0,FIXED_IDS,10,0.0,0.0,0.0,0,12,0.0
cora_deepres28_w128,17,12,6,16,0,0.0,FIXED_IDS,10,0.0,0.0,0.0,0,12,0.0
cora_deepres28_w128,17,12,7,16,0,0.0,FIXED_IDS,10,0.0,0.0,0.0,0,12,0.0
cora_deepres28_w128,17,12,0,16,0,0.0,FIXED_IDS,7,0.0,0.0,0.0,0,12,0.0
cora_deepres28_w128,17,12,1,16,0,0.0,FIXED_IDS,7,0.0,0.0,0.0,0,12,0.0
cora_deepres28_w128,17,12,2,16,0,0.0,FIXED_IDS,7,0.0,0.0,0.0,0,12,0.0
cora_deepres28_w128,17,12,3,16,0,0.0,FIXED_IDS,7,0.0,0.0,0.0,0,12,0.0
cora_deepres28_w128,17,12,4,16,0,0.0,FIXED_IDS,7,0.0,0.0,0.0,0,12,0.0
cora_deepres28_w128,17,12,5,16,0,0.0,FIXED_IDS,7,0.0,0.0,0.0,0,12,0.0
cora_deepres28_w128,17,12,6,16,0,0.0,FIXED_IDS,7,0.0,0.0,0.0,0,12,0.0
cora_deepres28_w128,17,12,7,16,0,0.0,FIXED_IDS,7,0.0,0.0,0.0,0,12,0.0
cora_deepres28_w128,17,12,0,32,125,0.9765625,DENSE_XOR,130,0.764625,0.74975,0.7815,0,12,0.0
cora_deepres28_w128,17,12,1,32,82,0.640625,DENSE_XOR,130,0.5526549796747967,0.5407774390243902,0.5602134146341463,0,12,0.0
cora_deepres28_w128,17,12,2,32,75,0.5859375,DENSE_XOR,130,0.6279861111111111,0.575,0.65125,0,12,0.0
cora_deepres28_w128,17,12,3,32,0,0.0,FIXED_IDS,10,0.0,0.0,0.0,0,12,0.0
cora_deepres28_w128,17,12,0,32,128,1.0,DENSE_XOR,130,0.784423828125,0.774169921875,0.794921875,0,12,0.0
cora_deepres28_w128,17,12,1,32,66,0.515625,DENSE_XOR,130,0.5875157828282829,0.578125,0.5942234848484849,0,12,0.0
cora_deepres28_w128,17,12,2,32,78,0.609375,DENSE_XOR,130,0.6196915064102565,0.5612980769230769,0.6534455128205128,0,12,0.0
cora_deepres28_w128,17,12,3,32,0,0.0,FIXED_IDS,10,0.0,0.0,0.0,0,12,0.0
cora_deepres28_w128,17,12,0,32,120,0.9375,DENSE_XOR,130,0.8086588541666667,0.79609375,0.8182291666666667,0,12,0.0
cora_deepres28_w128,17,12,1,32,53,0.4140625,DENSE_XOR,130,0.6412637578616353,0.6308962264150944,0.6491745283018868,0,12,0.0
cora_deepres28_w128,17,12,2,32,85,0.6640625,DENSE_XOR,130,0.6424632352941176,0.5783088235294118,0.6772058823529412,0,12,0.0
cora_deepres28_w128,17,12,3,32,0,0.0,FIXED_IDS,10,0.0,0.0,0.0,0,12,0.0
cora_deepres28_w128,17,12,0,32,121,0.9453125,DENSE_XOR,130,0.7760201446280993,0.7536157024793388,0.787448347107438,0,12,0.0
cora_deepres28_w128,17,12,1,32,73,0.5703125,DENSE_XOR,130,0.5944991438356164,0.5907534246575342,0.5988869863013698,0,12,0.0
cora_deepres28_w128,17,12,2,32,85,0.6640625,DENSE_XOR,130,0.5487745098039216,0.5011029411764706,0.5827205882352942,0,12,0.0
cora_deepres28_w128,17,12,3,32,0,0.0,FIXED_IDS,10,0.0,0.0,0.0,0,12,0.0
cora_deepres28_w128,17,12,0,32,107,0.8359375,DENSE_XOR,130,0.8221621884735201,0.8130841121495327,0.8300233644859814,0,12,0.0
cora_deepres28_w128,17,12,1,32,77,0.6015625,DENSE_XOR,130,0.6120806277056278,0.6030844155844156,0.6241883116883117,0,12,0.0
cora_deepres28_w128,17,12,2,32,72,0.5625,DENSE_XOR,130,0.538990162037037,0.4878472222222222,0.5768229166666666,0,12,0.0
cora_deepres28_w128,17,12,3,32,0,0.0,FIXED_IDS,10,0.0,0.0,0.0,0,12,0.0
cora_deepres28_w128,17,12,0,32,115,0.8984375,DENSE_XOR,130,0.6752490942028985,0.6486413043478261,0.6904891304347827,0,12,0.0
cora_deepres28_w128,17,12,1,32,113,0.8828125,DENSE_XOR,130,0.6318445796460176,0.6272123893805309,0.6363384955752213,0,12,0.0
cora_deepres28_w128,17,12,2,32,0,0.0,FIXED_IDS,10,0.0,0.0,0.0,0,12,0.0
cora_deepres28_w128,17,12,3,32,0,0.0,FIXED_IDS,10,0.0,0.0,0.0,0,12,0.0
cora_deepres28_w128,17,12,0,32,120,0.9375,DENSE_XOR,130,0.6957682291666667,0.6744791666666666,0.7080729166666667,0,12,0.0
cora_deepres28_w128,17,12,1,32,87,0.6796875,DENSE_XOR,130,0.5996467911877396,0.5955459770114943,0.6056034482758621,0,12,0.0
cora_deepres28_w128,17,12,2,32,87,0.6796875,DENSE_XOR,130,0.5156848659003832,0.4698275862068966,0.5596264367816092,0,12,0.0
cora_deepres28_w128,17,12,3,32,0,0.0,FIXED_IDS,10,0.0,0.0,0.0,0,12,0.0
cora_deepres28_w128,17,12,0,32,128,1.0,DENSE_XOR,130,0.8653971354166666,0.854736328125,0.8740234375,0,12,0.0
cora_deepres28_w128,17,12,1,32,0,0.0,FIXED_IDS,10,0.0,0.0,0.0,0,12,0.0
cora_deepres28_w128,17,12,2,32,79,0.6171875,DENSE_XOR,130,0.5586431962025317,0.5067246835443038,0.5921677215189873,0,12,0.0
cora_deepres28_w128,17,12,3,32,0,0.0,FIXED_IDS,10,0.0,0.0,0.0,0,12,0.0
cora_deepres28_w128,17,12,0,32,104,0.8125,DENSE_XOR,130,0.6862730368589745,0.6745793269230769,0.6989182692307693,0,12,0.0
cora_deepres28_w128,17,12,1,32,107,0.8359375,DENSE_XOR,130,0.6486078660436138,0.6372663551401869,0.6556658878504673,0,12,0.0
cora_deepres28_w128,17,12,2,32,0,0.0,FIXED_IDS,10,0.0,0.0,0.0,0,12,0.0
cora_deepres28_w128,17,12,3,32,0,0.0,FIXED_IDS,10,0.0,0.0,0.0,0,12,0.0
cora_deepres28_w128,17,12,0,32,125,0.9765625,DENSE_XOR,130,0.6535833333333334,0.62525,0.66875,0,12,0.0
cora_deepres28_w128,17,12,1,32,117,0.9140625,DENSE_XOR,130,0.603454415954416,0.5953525641025641,0.6129807692307693,0,12,0.0
cora_deepres28_w128,17,12,2,32,0,0.0,FIXED_IDS,10,0.0,0.0,0.0,0,12,0.0
cora_deepres28_w128,17,12,3,32,0,0.0,FIXED_IDS,10,0.0,0.0,0.0,0,12,0.0
cora_deepres28_w128,17,12,0,32,123,0.9609375,DENSE_XOR,130,0.7491319444444445,0.7296747967479674,0.7624491869918699,0,12,0.0
cora_deepres28_w128,17,12,1,32,107,0.8359375,DENSE_XOR,130,0.6099834501557634,0.6013434579439252,0.6267523364485982,0,12,0.0
cora_deepres28_w128,17,12,2,32,0,0.0,FIXED_IDS,10,0.0,0.0,0.0,0,12,0.0
cora_deepres28_w128,17,12,3,32,0,0.0,FIXED_IDS,10,0.0,0.0,0.0,0,12,0.0
cora_deepres28_w128,17,12,0,32,124,0.96875,DENSE_XOR,130,0.6966355846774194,0.6842237903225806,0.7134576612903226,0,12,0.0
cora_deepres28_w128,17,12,1,32,0,0.0,FIXED_IDS,10,0.0,0.0,0.0,0,12,0.0
cora_deepres28_w128,17,12,2,32,101,0.7890625,DENSE_XOR,130,0.612881600660066,0.5609529702970297,0.6503712871287128,0,12,0.0
cora_deepres28_w128,17,12,3,32,0,0.0,FIXED_IDS,10,0.0,0.0,0.0,0,12,0.0
cora_deepres28_w128,17,12,0,32,128,1.0,DENSE_XOR,130,0.8089803059895834,0.785888671875,0.825927734375,0,12,0.0
cora_deepres28_w128,17,12,1,32,105,0.8203125,DENSE_XOR,130,0.516468253968254,0.5017857142857143,0.5327380952380952,0,12,0.0
cora_deepres28_w128,17,12,2,32,0,0.0,FIXED_IDS,10,0.0,0.0,0.0,0,12,0.0
cora_deepres28_w128,17,12,3,32,0,0.0,FIXED_IDS,10,0.0,0.0,0.0,0,12,0.0
cora_deepres28_w128,17,12,0,32,124,0.96875,DENSE_XOR,130,0.6464843749999999,0.6302923387096774,0.6570060483870968,0,12,0.0
cora_deepres28_w128,17,12,1,32,83,0.6484375,DENSE_XOR,130,0.5699046184738956,0.5564759036144579,0.5824548192771084,0,12,0.0
cora_deepres28_w128,17,12,2,32,65,0.5078125,DENSE_XOR,130,0.7308894230769231,0.6701923076923076,0.7668269230769231,0,12,0.0
cora_deepres28_w128,17,12,3,32,0,0.0,FIXED_IDS,10,0.0,0.0,0.0,0,12,0.0
cora_deepres28_w128,17,12,0,32,117,0.9140625,DENSE_XOR,130,0.6213497150997151,0.592948717948718,0.6359508547008547,0,12,0.0
cora_deepres28_w128,17,12,1,32,122,0.953125,DENSE_XOR,130,0.6128756830601094,0.5983606557377049,0.6303790983606558,0,12,0.0
cora_deepres28_w128,17,12,2,32,0,0.0,FIXED_IDS,10,0.0,0.0,0.0,0,12,0.0
cora_deepres28_w128,17,12,3,32,0,0.0,FIXED_IDS,10,0.0,0.0,0.0,0,12,0.0
cora_deepres28_w128,17,12,0,32,127,0.9921875,DENSE_XOR,130,0.6506520669291339,0.624507874015748,0.6749507874015748,0,12,0.0
cora_deepres28_w128,17,12,1,32,95,0.7421875,DENSE_XOR,130,0.5358826754385965,0.5217105263157895,0.5578947368421052,0,12,0.0
cora_deepres28_w128,17,12,2,32,80,0.625,DENSE_XOR,130,0.6468750000000001,0.60703125,0.67421875,0,12,0.0
cora_deepres28_w128,17,12,3,32,0,0.0,FIXED_IDS,10,0.0,0.0,0.0,0,12,0.0
cora_deepres28_w128,17,12,0,32,128,1.0,DENSE_XOR,130,0.72735595703125,0.7099609375,0.73876953125,0,12,0.0
cora_deepres28_w128,17,12,1,32,93,0.7265625,DENSE_XOR,130,0.4810707885304659,0.46774193548387094,0.5006720430107527,0,12,0.0
cora_deepres28_w128,17,12,2,32,71,0.5546875,DENSE_XOR,130,0.6905076291079811,0.6390845070422535,0.7152288732394366,0,12,0.0
cora_deepres28_w128,17,12,3,32,0,0.0,FIXED_IDS,10,0.0,0.0,0.0,0,12,0.0
cora_deepres28_w128,17,12,0,32,127,0.9921875,DENSE_XOR,130,0.5627255577427821,0.5501968503937008,0.5696358267716536,0,12,0.0
cora_deepres28_w128,17,12,1,32,97,0.7578125,DENSE_XOR,130,0.507517182130584,0.49387886597938147,0.5335051546391752,0,12,0.0
cora_deepres28_w128,17,12,2,32,85,0.6640625,DENSE_XOR,130,0.7690257352941177,0.7169117647058824,0.7963235294117647,0,12,0.0
cora_deepres28_w128,17,12,3,32,0,0.0,FIXED_IDS,10,0.0,0.0,0.0,0,12,0.0
cora_deepres28_w128,17,12,0,32,128,1.0,DENSE_XOR,130,0.5624593098958334,0.538330078125,0.581298828125,0,12,0.0
cora_deepres28_w128,17,12,1,32,0,0.0,FIXED_IDS,10,0.0,0.0,0.0,0,12,0.0
cora_deepres28_w128,17,12,2,32,106,0.828125,DENSE_XOR,130,0.8231869103773585,0.7785966981132075,0.8534787735849056,0,12,0.0
cora_deepres28_w128,17,12,3,32,0,0.0,FIXED_IDS,10,0.0,0.0,0.0,0,12,0.0
cora_deepres28_w128,17,12,0,32,128,1.0,DENSE_XOR,130,0.6103312174479166,0.593505859375,0.621337890625,0,12,0.0
cora_deepres28_w128,17,12,1,32,0,0.0,FIXED_IDS,10,0.0,0.0,0.0,0,12,0.0
cora_deepres28_w128,17,12,2,32,91,0.7109375,DENSE_XOR,130,0.8188816391941391,0.7740384615384616,0.8489010989010989,0,12,0.0
cora_deepres28_w128,17,12,3,32,0,0.0,FIXED_IDS,10,0.0,0.0,0.0,0,12,0.0
cora_deepres28_w128,17,12,0,32,128,1.0,DENSE_XOR,130,0.5131632486979166,0.48486328125,0.529541015625,0,12,0.0
cora_deepres28_w128,17,12,1,32,0,0.0,FIXED_IDS,10,0.0,0.0,0.0,0,12,0.0
cora_deepres28_w128,17,12,2,32,119,0.9296875,DENSE_XOR,130,0.8344056372549019,0.7896533613445378,0.8692226890756303,0,12,0.0
cora_deepres28_w128,17,12,3,32,0,0.0,FIXED_IDS,10,0.0,0.0,0.0,0,12,0.0
cora_deepres28_w128,17,12,0,32,0,0.0,FIXED_IDS,7,0.0,0.0,0.0,0,12,0.0
cora_deepres28_w128,17,12,1,32,0,0.0,FIXED_IDS,7,0.0,0.0,0.0,0,12,0.0
cora_deepres28_w128,17,12,2,32,0,0.0,FIXED_IDS,7,0.0,0.0,0.0,0,12,0.0
cora_deepres28_w128,17,12,3,32,0,0.0,FIXED_IDS,7,0.0,0.0,0.0,0,12,0.0
chameleon_gcnii16,4,13,0,4,0,0.0,FIXED_IDS,10,0.0,0.0,0.0,0,13,0.0
chameleon_gcnii16,4,13,1,4,0,0.0,FIXED_IDS,10,0.0,0.0,0.0,0,13,0.0
chameleon_gcnii16,4,13,2,4,0,0.0,FIXED_IDS,10,0.0,0.0,0.0,0,13,0.0
chameleon_gcnii16,4,13,3,4,0,0.0,FIXED_IDS,10,0.0,0.0,0.0,0,13,0.0
chameleon_gcnii16,4,13,4,4,0,0.0,FIXED_IDS,10,0.0,0.0,0.0,0,13,0.0
chameleon_gcnii16,4,13,5,4,0,0.0,FIXED_IDS,10,0.0,0.0,0.0,0,13,0.0
chameleon_gcnii16,4,13,6,4,0,0.0,FIXED_IDS,10,0.0,0.0,0.0,0,13,0.0
chameleon_gcnii16,4,13,7,4,0,0.0,FIXED_IDS,10,0.0,0.0,0.0,0,13,0.0
chameleon_gcnii16,4,13,8,4,0,0.0,FIXED_IDS,10,0.0,0.0,0.0,0,13,0.0
chameleon_gcnii16,4,13,9,4,0,0.0,FIXED_IDS,10,0.0,0.0,0.0,0,13,0.0
chameleon_gcnii16,4,13,10,4,0,0.0,FIXED_IDS,10,0.0,0.0,0.0,0,13,0.0
chameleon_gcnii16,4,13,11,4,0,0.0,FIXED_IDS,10,0.0,0.0,0.0,0,13,0.0
chameleon_gcnii16,4,13,12,4,0,0.0,FIXED_IDS,10,0.0,0.0,0.0,0,13,0.0
chameleon_gcnii16,4,13,13,4,0,0.0,FIXED_IDS,10,0.0,0.0,0.0,0,13,0.0
chameleon_gcnii16,4,13,14,4,0,0.0,FIXED_IDS,10,0.0,0.0,0.0,0,13,0.0
chameleon_gcnii16,4,13,15,4,0,0.0,FIXED_IDS,10,0.0,0.0,0.0,0,13,0.0
chameleon_gcnii16,4,13,0,4,0,0.0,FIXED_IDS,10,0.0,0.0,0.0,0,13,0.0
chameleon_gcnii16,4,13,1,4,0,0.0,FIXED_IDS,10,0.0,0.0,0.0,0,13,0.0
chameleon_gcnii16,4,13,2,4,0,0.0,FIXED_IDS,10,0.0,0.0,0.0,0,13,0.0
chameleon_gcnii16,4,13,3,4,0,0.0,FIXED_IDS,10,0.0,0.0,0.0,0,13,0.0
chameleon_gcnii16,4,13,4,4,0,0.0,FIXED_IDS,10,0.0,0.0,0.0,0,13,0.0
chameleon_gcnii16,4,13,5,4,0,0.0,FIXED_IDS,10,0.0,0.0,0.0,0,13,0.0
chameleon_gcnii16,4,13,6,4,0,0.0,FIXED_IDS,10,0.0,0.0,0.0,0,13,0.0
chameleon_gcnii16,4,13,7,4,0,0.0,FIXED_IDS,10,0.0,0.0,0.0,0,13,0.0
chameleon_gcnii16,4,13,8,4,0,0.0,FIXED_IDS,10,0.0,0.0,0.0,0,13,0.0
chameleon_gcnii16,4,13,9,4,0,0.0,FIXED_IDS,10,0.0,0.0,0.0,0,13,0.0
chameleon_gcnii16,4,13,10,4,0,0.0,FIXED_IDS,10,0.0,0.0,0.0,0,13,0.0
chameleon_gcnii16,4,13,11,4,0,0.0,FIXED_IDS,10,0.0,0.0,0.0,0,13,0.0
chameleon_gcnii16,4,13,12,4,0,0.0,FIXED_IDS,10,0.0,0.0,0.0,0,13,0.0
chameleon_gcnii16,4,13,13,4,0,0.0,FIXED_IDS,10,0.0,0.0,0.0,0,13,0.0
chameleon_gcnii16,4,13,14,4,0,0.0,FIXED_IDS,10,0.0,0.0,0.0,0,13,0.0
chameleon_gcnii16,4,13,15,4,0,0.0,FIXED_IDS,10,0.0,0.0,0.0,0,13,0.0
chameleon_gcnii16,4,13,0,4,0,0.0,FIXED_IDS,10,0.0,0.0,0.0,0,13,0.0
chameleon_gcnii16,4,13,1,4,0,0.0,FIXED_IDS,10,0.0,0.0,0.0,0,13,0.0
chameleon_gcnii16,4,13,2,4,0,0.0,FIXED_IDS,10,0.0,0.0,0.0,0,13,0.0
chameleon_gcnii16,4,13,3,4,0,0.0,FIXED_IDS,10,0.0,0.0,0.0,0,13,0.0
chameleon_gcnii16,4,13,4,4,0,0.0,FIXED_IDS,10,0.0,0.0,0.0,0,13,0.0
chameleon_gcnii16,4,13,5,4,0,0.0,FIXED_IDS,10,0.0,0.0,0.0,0,13,0.0
chameleon_gcnii16,4,13,6,4,0,0.0,FIXED_IDS,10,0.0,0.0,0.0,0,13,0.0
chameleon_gcnii16,4,13,7,4,0,0.0,FIXED_IDS,10,0.0,0.0,0.0,0,13,0.0
chameleon_gcnii16,4,13,8,4,0,0.0,FIXED_IDS,10,0.0,0.0,0.0,0,13,0.0
chameleon_gcnii16,4,13,9,4,0,0.0,FIXED_IDS,10,0.0,0.0,0.0,0,13,0.0
chameleon_gcnii16,4,13,10,4,0,0.0,FIXED_IDS,10,0.0,0.0,0.0,0,13,0.0
chameleon_gcnii16,4,13,11,4,0,0.0,FIXED_IDS,10,0.0,0.0,0.0,0,13,0.0
chameleon_gcnii16,4,13,12,4,0,0.0,FIXED_IDS,10,0.0,0.0,0.0,0,13,0.0
chameleon_gcnii16,4,13,13,4,0,0.0,FIXED_IDS,10,0.0,0.0,0.0,0,13,0.0
chameleon_gcnii16,4,13,14,4,0,0.0,FIXED_IDS,10,0.0,0.0,0.0,0,13,0.0
chameleon_gcnii16,4,13,15,4,0,0.0,FIXED_IDS,10,0.0,0.0,0.0,0,13,0.0
chameleon_gcnii16,4,13,0,4,0,0.0,FIXED_IDS,10,0.0,0.0,0.0,0,13,0.0
chameleon_gcnii16,4,13,1,4,0,0.0,FIXED_IDS,10,0.0,0.0,0.0,0,13,0.0
chameleon_gcnii16,4,13,2,4,0,0.0,FIXED_IDS,10,0.0,0.0,0.0,0,13,0.0
chameleon_gcnii16,4,13,3,4,0,0.0,FIXED_IDS,10,0.0,0.0,0.0,0,13,0.0
chameleon_gcnii16,4,13,4,4,0,0.0,FIXED_IDS,10,0.0,0.0,0.0,0,13,0.0
chameleon_gcnii16,4,13,5,4,0,0.0,FIXED_IDS,10,0.0,0.0,0.0,0,13,0.0
chameleon_gcnii16,4,13,6,4,0,0.0,FIXED_IDS,10,0.0,0.0,0.0,0,13,0.0
chameleon_gcnii16,4,13,7,4,0,0.0,FIXED_IDS,10,0.0,0.0,0.0,0,13,0.0
chameleon_gcnii16,4,13,8,4,0,0.0,FIXED_IDS,10,0.0,0.0,0.0,0,13,0.0
chameleon_gcnii16,4,13,9,4,0,0.0,FIXED_IDS,10,0.0,0.0,0.0,0,13,0.0
chameleon_gcnii16,4,13,10,4,0,0.0,FIXED_IDS,10,0.0,0.0,0.0,0,13,0.0
chameleon_gcnii16,4,13,11,4,0,0.0,FIXED_IDS,10,0.0,0.0,0.0,0,13,0.0
chameleon_gcnii16,4,13,12,4,0,0.0,FIXED_IDS,10,0.0,0.0,0.0,0,13,0.0
chameleon_gcnii16,4,13,13,4,0,0.0,FIXED_IDS,10,0.0,0.0,0.0,0,13,0.0
chameleon_gcnii16,4,13,14,4,0,0.0,FIXED_IDS,10,0.0,0.0,0.0,0,13,0.0
chameleon_gcnii16,4,13,15,4,0,0.0,FIXED_IDS,10,0.0,0.0,0.0,0,13,0.0
chameleon_gcnii16,4,13,0,4,0,0.0,FIXED_IDS,10,0.0,0.0,0.0,0,13,0.0
chameleon_gcnii16,4,13,1,4,0,0.0,FIXED_IDS,10,0.0,0.0,0.0,0,13,0.0
chameleon_gcnii16,4,13,2,4,0,0.0,FIXED_IDS,10,0.0,0.0,0.0,0,13,0.0
chameleon_gcnii16,4,13,3,4,0,0.0,FIXED_IDS,10,0.0,0.0,0.0,0,13,0.0
chameleon_gcnii16,4,13,4,4,0,0.0,FIXED_IDS,10,0.0,0.0,0.0,0,13,0.0
chameleon_gcnii16,4,13,5,4,0,0.0,FIXED_IDS,10,0.0,0.0,0.0,0,13,0.0
chameleon_gcnii16,4,13,6,4,0,0.0,FIXED_IDS,10,0.0,0.0,0.0,0,13,0.0
chameleon_gcnii16,4,13,7,4,0,0.0,FIXED_IDS,10,0.0,0.0,0.0,0,13,0.0
chameleon_gcnii16,4,13,8,4,0,0.0,FIXED_IDS,10,0.0,0.0,0.0,0,13,0.0
chameleon_gcnii16,4,13,9,4,0,0.0,FIXED_IDS,10,0.0,0.0,0.0,0,13,0.0
chameleon_gcnii16,4,13,10,4,0,0.0,FIXED_IDS,10,0.0,0.0,0.0,0,13,0.0
chameleon_gcnii16,4,13,11,4,0,0.0,FIXED_IDS,10,0.0,0.0,0.0,0,13,0.0
chameleon_gcnii16,4,13,12,4,0,0.0,FIXED_IDS,10,0.0,0.0,0.0,0,13,0.0
chameleon_gcnii16,4,13,13,4,0,0.0,FIXED_IDS,10,0.0,0.0,0.0,0,13,0.0
chameleon_gcnii16,4,13,14,4,0,0.0,FIXED_IDS,10,0.0,0.0,0.0,0,13,0.0
chameleon_gcnii16,4,13,15,4,0,0.0,FIXED_IDS,10,0.0,0.0,0.0,0,13,0.0
chameleon_gcnii16,4,13,0,4,0,0.0,FIXED_IDS,10,0.0,0.0,0.0,0,13,0.0
chameleon_gcnii16,4,13,1,4,0,0.0,FIXED_IDS,10,0.0,0.0,0.0,0,13,0.0
chameleon_gcnii16,4,13,2,4,0,0.0,FIXED_IDS,10,0.0,0.0,0.0,0,13,0.0
chameleon_gcnii16,4,13,3,4,0,0.0,FIXED_IDS,10,0.0,0.0,0.0,0,13,0.0
chameleon_gcnii16,4,13,4,4,0,0.0,FIXED_IDS,10,0.0,0.0,0.0,0,13,0.0
chameleon_gcnii16,4,13,5,4,0,0.0,FIXED_IDS,10,0.0,0.0,0.0,0,13,0.0
chameleon_gcnii16,4,13,6,4,0,0.0,FIXED_IDS,10,0.0,0.0,0.0,0,13,0.0
chameleon_gcnii16,4,13,7,4,0,0.0,FIXED_IDS,10,0.0,0.0,0.0,0,13,0.0
chameleon_gcnii16,4,13,8,4,0,0.0,FIXED_IDS,10,0.0,0.0,0.0,0,13,0.0
chameleon_gcnii16,4,13,9,4,0,0.0,FIXED_IDS,10,0.0,0.0,0.0,0,13,0.0
chameleon_gcnii16,4,13,10,4,0,0.0,FIXED_IDS,10,0.0,0.0,0.0,0,13,0.0
chameleon_gcnii16,4,13,11,4,0,0.0,FIXED_IDS,10,0.0,0.0,0.0,0,13,0.0
chameleon_gcnii16,4,13,12,4,0,0.0,FIXED_IDS,10,0.0,0.0,0.0,0,13,0.0
chameleon_gcnii16,4,13,13,4,0,0.0,FIXED_IDS,10,0.0,0.0,0.0,0,13,0.0
chameleon_gcnii16,4,13,14,4,0,0.0,FIXED_IDS,10,0.0,0.0,0.0,0,13,0.0
chameleon_gcnii16,4,13,15,4,0,0.0,FIXED_IDS,10,0.0,0.0,0.0,0,13,0.0
chameleon_gcnii16,4,13,0,4,0,0.0,FIXED_IDS,10,0.0,0.0,0.0,0,13,0.0
chameleon_gcnii16,4,13,1,4,0,0.0,FIXED_IDS,10,0.0,0.0,0.0,0,13,0.0
chameleon_gcnii16,4,13,2,4,0,0.0,FIXED_IDS,10,0.0,0.0,0.0,0,13,0.0
chameleon_gcnii16,4,13,3,4,0,0.0,FIXED_IDS,10,0.0,0.0,0.0,0,13,0.0
chameleon_gcnii16,4,13,4,4,0,0.0,FIXED_IDS,10,0.0,0.0,0.0,0,13,0.0
chameleon_gcnii16,4,13,5,4,0,0.0,FIXED_IDS,10,0.0,0.0,0.0,0,13,0.0
chameleon_gcnii16,4,13,6,4,0,0.0,FIXED_IDS,10,0.0,0.0,0.0,0,13,0.0
chameleon_gcnii16,4,13,7,4,0,0.0,FIXED_IDS,10,0.0,0.0,0.0,0,13,0.0
chameleon_gcnii16,4,13,8,4,0,0.0,FIXED_IDS,10,0.0,0.0,0.0,0,13,0.0
chameleon_gcnii16,4,13,9,4,0,0.0,FIXED_IDS,10,0.0,0.0,0.0,0,13,0.0
chameleon_gcnii16,4,13,10,4,0,0.0,FIXED_IDS,10,0.0,0.0,0.0,0,13,0.0
chameleon_gcnii16,4,13,11,4,0,0.0,FIXED_IDS,10,0.0,0.0,0.0,0,13,0.0
chameleon_gcnii16,4,13,12,4,0,0.0,FIXED_IDS,10,0.0,0.0,0.0,0,13,0.0
chameleon_gcnii16,4,13,13,4,0,0.0,FIXED_IDS,10,0.0,0.0,0.0,0,13,0.0
chameleon_gcnii16,4,13,14,4,0,0.0,FIXED_IDS,10,0.0,0.0,0.0,0,13,0.0
chameleon_gcnii16,4,13,15,4,0,0.0,FIXED_IDS,10,0.0,0.0,0.0,0,13,0.0
chameleon_gcnii16,4,13,0,4,0,0.0,FIXED_IDS,10,0.0,0.0,0.0,0,13,0.0
chameleon_gcnii16,4,13,1,4,0,0.0,FIXED_IDS,10,0.0,0.0,0.0,0,13,0.0
chameleon_gcnii16,4,13,2,4,0,0.0,FIXED_IDS,10,0.0,0.0,0.0,0,13,0.0
chameleon_gcnii16,4,13,3,4,0,0.0,FIXED_IDS,10,0.0,0.0,0.0,0,13,0.0
chameleon_gcnii16,4,13,4,4,0,0.0,FIXED_IDS,10,0.0,0.0,0.0,0,13,0.0
chameleon_gcnii16,4,13,5,4,0,0.0,FIXED_IDS,10,0.0,0.0,0.0,0,13,0.0
chameleon_gcnii16,4,13,6,4,0,0.0,FIXED_IDS,10,0.0,0.0,0.0,0,13,0.0
chameleon_gcnii16,4,13,7,4,0,0.0,FIXED_IDS,10,0.0,0.0,0.0,0,13,0.0
chameleon_gcnii16,4,13,8,4,0,0.0,FIXED_IDS,10,0.0,0.0,0.0,0,13,0.0
chameleon_gcnii16,4,13,9,4,0,0.0,FIXED_IDS,10,0.0,0.0,0.0,0,13,0.0
chameleon_gcnii16,4,13,10,4,0,0.0,FIXED_IDS,10,0.0,0.0,0.0,0,13,0.0
chameleon_gcnii16,4,13,11,4,0,0.0,FIXED_IDS,10,0.0,0.0,0.0,0,13,0.0
chameleon_gcnii16,4,13,12,4,0,0.0,FIXED_IDS,10,0.0,0.0,0.0,0,13,0.0
chameleon_gcnii16,4,13,13,4,0,0.0,FIXED_IDS,10,0.0,0.0,0.0,0,13,0.0
chameleon_gcnii16,4,13,14,4,0,0.0,FIXED_IDS,10,0.0,0.0,0.0,0,13,0.0
chameleon_gcnii16,4,13,15,4,0,0.0,FIXED_IDS,10,0.0,0.0,0.0,0,13,0.0
chameleon_gcnii16,4,13,0,4,0,0.0,FIXED_IDS,10,0.0,0.0,0.0,0,13,0.0
chameleon_gcnii16,4,13,1,4,0,0.0,FIXED_IDS,10,0.0,0.0,0.0,0,13,0.0
chameleon_gcnii16,4,13,2,4,0,0.0,FIXED_IDS,10,0.0,0.0,0.0,0,13,0.0
chameleon_gcnii16,4,13,3,4,0,0.0,FIXED_IDS,10,0.0,0.0,0.0,0,13,0.0
chameleon_gcnii16,4,13,4,4,0,0.0,FIXED_IDS,10,0.0,0.0,0.0,0,13,0.0
chameleon_gcnii16,4,13,5,4,0,0.0,FIXED_IDS,10,0.0,0.0,0.0,0,13,0.0
chameleon_gcnii16,4,13,6,4,0,0.0,FIXED_IDS,10,0.0,0.0,0.0,0,13,0.0
chameleon_gcnii16,4,13,7,4,0,0.0,FIXED_IDS,10,0.0,0.0,0.0,0,13,0.0
chameleon_gcnii16,4,13,8,4,0,0.0,FIXED_IDS,10,0.0,0.0,0.0,0,13,0.0
chameleon_gcnii16,4,13,9,4,0,0.0,FIXED_IDS,10,0.0,0.0,0.0,0,13,0.0
chameleon_gcnii16,4,13,10,4,0,0.0,FIXED_IDS,10,0.0,0.0,0.0,0,13,0.0
chameleon_gcnii16,4,13,11,4,0,0.0,FIXED_IDS,10,0.0,0.0,0.0,0,13,0.0
chameleon_gcnii16,4,13,12,4,0,0.0,FIXED_IDS,10,0.0,0.0,0.0,0,13,0.0
chameleon_gcnii16,4,13,13,4,0,0.0,FIXED_IDS,10,0.0,0.0,0.0,0,13,0.0
chameleon_gcnii16,4,13,14,4,0,0.0,FIXED_IDS,10,0.0,0.0,0.0,0,13,0.0
chameleon_gcnii16,4,13,15,4,0,0.0,FIXED_IDS,10,0.0,0.0,0.0,0,13,0.0
chameleon_gcnii16,4,13,0,4,0,0.0,FIXED_IDS,10,0.0,0.0,0.0,0,13,0.0
chameleon_gcnii16,4,13,1,4,0,0.0,FIXED_IDS,10,0.0,0.0,0.0,0,13,0.0
chameleon_gcnii16,4,13,2,4,0,0.0,FIXED_IDS,10,0.0,0.0,0.0,0,13,0.0
chameleon_gcnii16,4,13,3,4,0,0.0,FIXED_IDS,10,0.0,0.0,0.0,0,13,0.0
chameleon_gcnii16,4,13,4,4,0,0.0,FIXED_IDS,10,0.0,0.0,0.0,0,13,0.0
chameleon_gcnii16,4,13,5,4,0,0.0,FIXED_IDS,10,0.0,0.0,0.0,0,13,0.0
chameleon_gcnii16,4,13,6,4,0,0.0,FIXED_IDS,10,0.0,0.0,0.0,0,13,0.0
chameleon_gcnii16,4,13,7,4,0,0.0,FIXED_IDS,10,0.0,0.0,0.0,0,13,0.0
chameleon_gcnii16,4,13,8,4,0,0.0,FIXED_IDS,10,0.0,0.0,0.0,0,13,0.0
chameleon_gcnii16,4,13,9,4,0,0.0,FIXED_IDS,10,0.0,0.0,0.0,0,13,0.0
chameleon_gcnii16,4,13,10,4,0,0.0,FIXED_IDS,10,0.0,0.0,0.0,0,13,0.0
chameleon_gcnii16,4,13,11,4,0,0.0,FIXED_IDS,10,0.0,0.0,0.0,0,13,0.0
chameleon_gcnii16,4,13,12,4,0,0.0,FIXED_IDS,10,0.0,0.0,0.0,0,13,0.0
chameleon_gcnii16,4,13,13,4,0,0.0,FIXED_IDS,10,0.0,0.0,0.0,0,13,0.0
chameleon_gcnii16,4,13,14,4,0,0.0,FIXED_IDS,10,0.0,0.0,0.0,0,13,0.0
chameleon_gcnii16,4,13,15,4,0,0.0,FIXED_IDS,10,0.0,0.0,0.0,0,13,0.0
chameleon_gcnii16,4,13,0,4,0,0.0,FIXED_IDS,10,0.0,0.0,0.0,0,13,0.0
chameleon_gcnii16,4,13,1,4,0,0.0,FIXED_IDS,10,0.0,0.0,0.0,0,13,0.0
chameleon_gcnii16,4,13,2,4,0,0.0,FIXED_IDS,10,0.0,0.0,0.0,0,13,0.0
chameleon_gcnii16,4,13,3,4,0,0.0,FIXED_IDS,10,0.0,0.0,0.0,0,13,0.0
chameleon_gcnii16,4,13,4,4,0,0.0,FIXED_IDS,10,0.0,0.0,0.0,0,13,0.0
chameleon_gcnii16,4,13,5,4,0,0.0,FIXED_IDS,10,0.0,0.0,0.0,0,13,0.0
chameleon_gcnii16,4,13,6,4,0,0.0,FIXED_IDS,10,0.0,0.0,0.0,0,13,0.0
chameleon_gcnii16,4,13,7,4,0,0.0,FIXED_IDS,10,0.0,0.0,0.0,0,13,0.0
chameleon_gcnii16,4,13,8,4,0,0.0,FIXED_IDS,10,0.0,0.0,0.0,0,13,0.0
chameleon_gcnii16,4,13,9,4,0,0.0,FIXED_IDS,10,0.0,0.0,0.0,0,13,0.0
chameleon_gcnii16,4,13,10,4,0,0.0,FIXED_IDS,10,0.0,0.0,0.0,0,13,0.0
chameleon_gcnii16,4,13,11,4,0,0.0,FIXED_IDS,10,0.0,0.0,0.0,0,13,0.0
chameleon_gcnii16,4,13,12,4,0,0.0,FIXED_IDS,10,0.0,0.0,0.0,0,13,0.0
chameleon_gcnii16,4,13,13,4,0,0.0,FIXED_IDS,10,0.0,0.0,0.0,0,13,0.0
chameleon_gcnii16,4,13,14,4,0,0.0,FIXED_IDS,10,0.0,0.0,0.0,0,13,0.0
chameleon_gcnii16,4,13,15,4,0,0.0,FIXED_IDS,10,0.0,0.0,0.0,0,13,0.0
chameleon_gcnii16,4,13,0,4,0,0.0,FIXED_IDS,10,0.0,0.0,0.0,0,13,0.0
chameleon_gcnii16,4,13,1,4,0,0.0,FIXED_IDS,10,0.0,0.0,0.0,0,13,0.0
chameleon_gcnii16,4,13,2,4,0,0.0,FIXED_IDS,10,0.0,0.0,0.0,0,13,0.0
chameleon_gcnii16,4,13,3,4,0,0.0,FIXED_IDS,10,0.0,0.0,0.0,0,13,0.0
chameleon_gcnii16,4,13,4,4,0,0.0,FIXED_IDS,10,0.0,0.0,0.0,0,13,0.0
chameleon_gcnii16,4,13,5,4,0,0.0,FIXED_IDS,10,0.0,0.0,0.0,0,13,0.0
chameleon_gcnii16,4,13,6,4,0,0.0,FIXED_IDS,10,0.0,0.0,0.0,0,13,0.0
chameleon_gcnii16,4,13,7,4,0,0.0,FIXED_IDS,10,0.0,0.0,0.0,0,13,0.0
chameleon_gcnii16,4,13,8,4,0,0.0,FIXED_IDS,10,0.0,0.0,0.0,0,13,0.0
chameleon_gcnii16,4,13,9,4,0,0.0,FIXED_IDS,10,0.0,0.0,0.0,0,13,0.0
chameleon_gcnii16,4,13,10,4,0,0.0,FIXED_IDS,10,0.0,0.0,0.0,0,13,0.0
chameleon_gcnii16,4,13,11,4,0,0.0,FIXED_IDS,10,0.0,0.0,0.0,0,13,0.0
chameleon_gcnii16,4,13,12,4,0,0.0,FIXED_IDS,10,0.0,0.0,0.0,0,13,0.0
chameleon_gcnii16,4,13,13,4,0,0.0,FIXED_IDS,10,0.0,0.0,0.0,0,13,0.0
chameleon_gcnii16,4,13,14,4,0,0.0,FIXED_IDS,10,0.0,0.0,0.0,0,13,0.0
chameleon_gcnii16,4,13,15,4,0,0.0,FIXED_IDS,10,0.0,0.0,0.0,0,13,0.0
chameleon_gcnii16,4,13,0,4,0,0.0,FIXED_IDS,10,0.0,0.0,0.0,0,13,0.0
chameleon_gcnii16,4,13,1,4,0,0.0,FIXED_IDS,10,0.0,0.0,0.0,0,13,0.0
chameleon_gcnii16,4,13,2,4,0,0.0,FIXED_IDS,10,0.0,0.0,0.0,0,13,0.0
chameleon_gcnii16,4,13,3,4,0,0.0,FIXED_IDS,10,0.0,0.0,0.0,0,13,0.0
chameleon_gcnii16,4,13,4,4,0,0.0,FIXED_IDS,10,0.0,0.0,0.0,0,13,0.0
chameleon_gcnii16,4,13,5,4,0,0.0,FIXED_IDS,10,0.0,0.0,0.0,0,13,0.0
chameleon_gcnii16,4,13,6,4,0,0.0,FIXED_IDS,10,0.0,0.0,0.0,0,13,0.0
chameleon_gcnii16,4,13,7,4,0,0.0,FIXED_IDS,10,0.0,0.0,0.0,0,13,0.0
chameleon_gcnii16,4,13,8,4,0,0.0,FIXED_IDS,10,0.0,0.0,0.0,0,13,0.0
chameleon_gcnii16,4,13,9,4,0,0.0,FIXED_IDS,10,0.0,0.0,0.0,0,13,0.0
chameleon_gcnii16,4,13,10,4,0,0.0,FIXED_IDS,10,0.0,0.0,0.0,0,13,0.0
chameleon_gcnii16,4,13,11,4,0,0.0,FIXED_IDS,10,0.0,0.0,0.0,0,13,0.0
chameleon_gcnii16,4,13,12,4,0,0.0,FIXED_IDS,10,0.0,0.0,0.0,0,13,0.0
chameleon_gcnii16,4,13,13,4,0,0.0,FIXED_IDS,10,0.0,0.0,0.0,0,13,0.0
chameleon_gcnii16,4,13,14,4,0,0.0,FIXED_IDS,10,0.0,0.0,0.0,0,13,0.0
chameleon_gcnii16,4,13,15,4,0,0.0,FIXED_IDS,10,0.0,0.0,0.0,0,13,0.0
chameleon_gcnii16,4,13,0,4,0,0.0,FIXED_IDS,10,0.0,0.0,0.0,0,13,0.0
chameleon_gcnii16,4,13,1,4,0,0.0,FIXED_IDS,10,0.0,0.0,0.0,0,13,0.0
chameleon_gcnii16,4,13,2,4,0,0.0,FIXED_IDS,10,0.0,0.0,0.0,0,13,0.0
chameleon_gcnii16,4,13,3,4,0,0.0,FIXED_IDS,10,0.0,0.0,0.0,0,13,0.0
chameleon_gcnii16,4,13,4,4,0,0.0,FIXED_IDS,10,0.0,0.0,0.0,0,13,0.0
chameleon_gcnii16,4,13,5,4,0,0.0,FIXED_IDS,10,0.0,0.0,0.0,0,13,0.0
chameleon_gcnii16,4,13,6,4,0,0.0,FIXED_IDS,10,0.0,0.0,0.0,0,13,0.0
chameleon_gcnii16,4,13,7,4,0,0.0,FIXED_IDS,10,0.0,0.0,0.0,0,13,0.0
chameleon_gcnii16,4,13,8,4,0,0.0,FIXED_IDS,10,0.0,0.0,0.0,0,13,0.0
chameleon_gcnii16,4,13,9,4,0,0.0,FIXED_IDS,10,0.0,0.0,0.0,0,13,0.0
chameleon_gcnii16,4,13,10,4,0,0.0,FIXED_IDS,10,0.0,0.0,0.0,0,13,0.0
chameleon_gcnii16,4,13,11,4,0,0.0,FIXED_IDS,10,0.0,0.0,0.0,0,13,0.0
chameleon_gcnii16,4,13,12,4,0,0.0,FIXED_IDS,10,0.0,0.0,0.0,0,13,0.0
chameleon_gcnii16,4,13,13,4,0,0.0,FIXED_IDS,10,0.0,0.0,0.0,0,13,0.0
chameleon_gcnii16,4,13,14,4,0,0.0,FIXED_IDS,10,0.0,0.0,0.0,0,13,0.0
chameleon_gcnii16,4,13,15,4,0,0.0,FIXED_IDS,10,0.0,0.0,0.0,0,13,0.0
chameleon_gcnii16,4,13,0,4,0,0.0,FIXED_IDS,10,0.0,0.0,0.0,0,13,0.0
chameleon_gcnii16,4,13,1,4,0,0.0,FIXED_IDS,10,0.0,0.0,0.0,0,13,0.0
chameleon_gcnii16,4,13,2,4,0,0.0,FIXED_IDS,10,0.0,0.0,0.0,0,13,0.0
chameleon_gcnii16,4,13,3,4,0,0.0,FIXED_IDS,10,0.0,0.0,0.0,0,13,0.0
chameleon_gcnii16,4,13,4,4,0,0.0,FIXED_IDS,10,0.0,0.0,0.0,0,13,0.0
chameleon_gcnii16,4,13,5,4,0,0.0,FIXED_IDS,10,0.0,0.0,0.0,0,13,0.0
chameleon_gcnii16,4,13,6,4,0,0.0,FIXED_IDS,10,0.0,0.0,0.0,0,13,0.0
chameleon_gcnii16,4,13,7,4,0,0.0,FIXED_IDS,10,0.0,0.0,0.0,0,13,0.0
chameleon_gcnii16,4,13,8,4,0,0.0,FIXED_IDS,10,0.0,0.0,0.0,0,13,0.0
chameleon_gcnii16,4,13,9,4,0,0.0,FIXED_IDS,10,0.0,0.0,0.0,0,13,0.0
chameleon_gcnii16,4,13,10,4,0,0.0,FIXED_IDS,10,0.0,0.0,0.0,0,13,0.0
chameleon_gcnii16,4,13,11,4,0,0.0,FIXED_IDS,10,0.0,0.0,0.0,0,13,0.0
chameleon_gcnii16,4,13,12,4,0,0.0,FIXED_IDS,10,0.0,0.0,0.0,0,13,0.0
chameleon_gcnii16,4,13,13,4,0,0.0,FIXED_IDS,10,0.0,0.0,0.0,0,13,0.0
chameleon_gcnii16,4,13,14,4,0,0.0,FIXED_IDS,10,0.0,0.0,0.0,0,13,0.0
chameleon_gcnii16,4,13,15,4,0,0.0,FIXED_IDS,10,0.0,0.0,0.0,0,13,0.0
chameleon_gcnii16,4,13,0,4,0,0.0,FIXED_IDS,10,0.0,0.0,0.0,0,13,0.0
chameleon_gcnii16,4,13,1,4,0,0.0,FIXED_IDS,10,0.0,0.0,0.0,0,13,0.0
chameleon_gcnii16,4,13,2,4,0,0.0,FIXED_IDS,10,0.0,0.0,0.0,0,13,0.0
chameleon_gcnii16,4,13,3,4,0,0.0,FIXED_IDS,10,0.0,0.0,0.0,0,13,0.0
chameleon_gcnii16,4,13,4,4,0,0.0,FIXED_IDS,10,0.0,0.0,0.0,0,13,0.0
chameleon_gcnii16,4,13,5,4,0,0.0,FIXED_IDS,10,0.0,0.0,0.0,0,13,0.0
chameleon_gcnii16,4,13,6,4,0,0.0,FIXED_IDS,10,0.0,0.0,0.0,0,13,0.0
chameleon_gcnii16,4,13,7,4,0,0.0,FIXED_IDS,10,0.0,0.0,0.0,0,13,0.0
chameleon_gcnii16,4,13,8,4,0,0.0,FIXED_IDS,10,0.0,0.0,0.0,0,13,0.0
chameleon_gcnii16,4,13,9,4,0,0.0,FIXED_IDS,10,0.0,0.0,0.0,0,13,0.0
chameleon_gcnii16,4,13,10,4,0,0.0,FIXED_IDS,10,0.0,0.0,0.0,0,13,0.0
chameleon_gcnii16,4,13,11,4,0,0.0,FIXED_IDS,10,0.0,0.0,0.0,0,13,0.0
chameleon_gcnii16,4,13,12,4,0,0.0,FIXED_IDS,10,0.0,0.0,0.0,0,13,0.0
chameleon_gcnii16,4,13,13,4,0,0.0,FIXED_IDS,10,0.0,0.0,0.0,0,13,0.0
chameleon_gcnii16,4,13,14,4,0,0.0,FIXED_IDS,10,0.0,0.0,0.0,0,13,0.0
chameleon_gcnii16,4,13,15,4,0,0.0,FIXED_IDS,10,0.0,0.0,0.0,0,13,0.0
chameleon_gcnii16,4,13,0,4,0,0.0,FIXED_IDS,10,0.0,0.0,0.0,0,13,0.0
chameleon_gcnii16,4,13,1,4,0,0.0,FIXED_IDS,10,0.0,0.0,0.0,0,13,0.0
chameleon_gcnii16,4,13,2,4,0,0.0,FIXED_IDS,10,0.0,0.0,0.0,0,13,0.0
chameleon_gcnii16,4,13,3,4,0,0.0,FIXED_IDS,10,0.0,0.0,0.0,0,13,0.0
chameleon_gcnii16,4,13,4,4,0,0.0,FIXED_IDS,10,0.0,0.0,0.0,0,13,0.0
chameleon_gcnii16,4,13,5,4,0,0.0,FIXED_IDS,10,0.0,0.0,0.0,0,13,0.0
chameleon_gcnii16,4,13,6,4,0,0.0,FIXED_IDS,10,0.0,0.0,0.0,0,13,0.0
chameleon_gcnii16,4,13,7,4,0,0.0,FIXED_IDS,10,0.0,0.0,0.0,0,13,0.0
chameleon_gcnii16,4,13,8,4,0,0.0,FIXED_IDS,10,0.0,0.0,0.0,0,13,0.0
chameleon_gcnii16,4,13,9,4,0,0.0,FIXED_IDS,10,0.0,0.0,0.0,0,13,0.0
chameleon_gcnii16,4,13,10,4,0,0.0,FIXED_IDS,10,0.0,0.0,0.0,0,13,0.0
chameleon_gcnii16,4,13,11,4,0,0.0,FIXED_IDS,10,0.0,0.0,0.0,0,13,0.0
chameleon_gcnii16,4,13,12,4,0,0.0,FIXED_IDS,10,0.0,0.0,0.0,0,13,0.0
chameleon_gcnii16,4,13,13,4,0,0.0,FIXED_IDS,10,0.0,0.0,0.0,0,13,0.0
chameleon_gcnii16,4,13,14,4,0,0.0,FIXED_IDS,10,0.0,0.0,0.0,0,13,0.0
chameleon_gcnii16,4,13,15,4,0,0.0,FIXED_IDS,10,0.0,0.0,0.0,0,13,0.0
chameleon_gcnii16,4,13,0,4,0,0.0,FIXED_IDS,9,0.0,0.0,0.0,0,13,0.0
chameleon_gcnii16,4,13,1,4,0,0.0,FIXED_IDS,9,0.0,0.0,0.0,0,13,0.0
chameleon_gcnii16,4,13,2,4,0,0.0,FIXED_IDS,9,0.0,0.0,0.0,0,13,0.0
chameleon_gcnii16,4,13,3,4,0,0.0,FIXED_IDS,9,0.0,0.0,0.0,0,13,0.0
chameleon_gcnii16,4,13,4,4,0,0.0,FIXED_IDS,9,0.0,0.0,0.0,0,13,0.0
chameleon_gcnii16,4,13,5,4,0,0.0,FIXED_IDS,9,0.0,0.0,0.0,0,13,0.0
chameleon_gcnii16,4,13,6,4,0,0.0,FIXED_IDS,9,0.0,0.0,0.0,0,13,0.0
chameleon_gcnii16,4,13,7,4,0,0.0,FIXED_IDS,9,0.0,0.0,0.0,0,13,0.0
chameleon_gcnii16,4,13,8,4,0,0.0,FIXED_IDS,9,0.0,0.0,0.0,0,13,0.0
chameleon_gcnii16,4,13,9,4,0,0.0,FIXED_IDS,9,0.0,0.0,0.0,0,13,0.0
chameleon_gcnii16,4,13,10,4,0,0.0,FIXED_IDS,9,0.0,0.0,0.0,0,13,0.0
chameleon_gcnii16,4,13,11,4,0,0.0,FIXED_IDS,9,0.0,0.0,0.0,0,13,0.0
chameleon_gcnii16,4,13,12,4,0,0.0,FIXED_IDS,9,0.0,0.0,0.0,0,13,0.0
chameleon_gcnii16,4,13,13,4,0,0.0,FIXED_IDS,9,0.0,0.0,0.0,0,13,0.0
chameleon_gcnii16,4,13,14,4,0,0.0,FIXED_IDS,9,0.0,0.0,0.0,0,13,0.0
chameleon_gcnii16,4,13,15,4,0,0.0,FIXED_IDS,9,0.0,0.0,0.0,0,13,0.0
chameleon_gcnii16,4,13,0,8,128,1.0,DENSE_XOR,130,0.9879056490384616,0.974609375,0.9951171875,0,13,0.0
chameleon_gcnii16,4,13,1,8,126,0.984375,DENSE_XOR,130,0.9594017094017094,0.7371031746031746,0.996031746031746,0,13,0.0
chameleon_gcnii16,4,13,2,8,116,0.90625,DENSE_XOR,130,0.9141246684350133,0.8049568965517241,0.9655172413793104,0,13,0.0
chameleon_gcnii16,4,13,3,8,127,0.9921875,DENSE_XOR,130,0.7591611144760753,0.3494094488188976,0.9517716535433071,4,13,0.0
chameleon_gcnii16,4,13,4,8,0,0.0,FIXED_IDS,10,0.0,0.0,0.0,0,13,0.0
chameleon_gcnii16,4,13,5,8,0,0.0,FIXED_IDS,10,0.0,0.0,0.0,0,13,0.0
chameleon_gcnii16,4,13,6,8,0,0.0,FIXED_IDS,10,0.0,0.0,0.0,0,13,0.0
chameleon_gcnii16,4,13,7,8,0,0.0,FIXED_IDS,10,0.0,0.0,0.0,0,13,0.0
chameleon_gcnii16,4,13,0,8,128,1.0,DENSE_XOR,130,0.9852764423076923,0.96875,0.994140625,0,13,0.0
chameleon_gcnii16,4,13,1,8,125,0.9765625,DENSE_XOR,130,0.9777692307692308,0.81,0.999,0,13,0.0
chameleon_gcnii16,4,13,2,8,112,0.875,DENSE_XOR,130,0.880065247252747,0.7276785714285714,0.9386160714285714,0,13,0.0
chameleon_gcnii16,4,13,3,8,128,1.0,DENSE_XOR,130,0.7594651442307693,0.3447265625,0.9521484375,4,13,0.0
chameleon_gcnii16,4,13,4,8,0,0.0,FIXED_IDS,10,0.0,0.0,0.0,0,13,0.0
chameleon_gcnii16,4,13,5,8,0,0.0,FIXED_IDS,10,0.0,0.0,0.0,0,13,0.0
chameleon_gcnii16,4,13,6,8,0,0.0,FIXED_IDS,10,0.0,0.0,0.0,0,13,0.0
chameleon_gcnii16,4,13,7,8,0,0.0,FIXED_IDS,10,0.0,0.0,0.0,0,13,0.0
chameleon_gcnii16,4,13,0,8,128,1.0,DENSE_XOR,130,0.9764873798076923,0.9375,0.994140625,0,13,0.0
chameleon_gcnii16,4,13,1,8,126,0.984375,DENSE_XOR,130,0.9857295482295482,0.8402777777777778,1.0,0,13,0.0
chameleon_gcnii16,4,13,2,8,0,0.0,FIXED_IDS,10,0.0,0.0,0.0,0,13,0.0
chameleon_gcnii16,4,13,3,8,0,0.0,FIXED_IDS,10,0.0,0.0,0.0,0,13,0.0
chameleon_gcnii16,4,13,4,8,0,0.0,FIXED_IDS,10,0.0,0.0,0.0,0,13,0.0
chameleon_gcnii16,4,13,5,8,0,0.0,FIXED_IDS,10,0.0,0.0,0.0,0,13,0.0
chameleon_gcnii16,4,13,6,8,0,0.0,FIXED_IDS,10,0.0,0.0,0.0,0,13,0.0
chameleon_gcnii16,4,13,7,8,0,0.0,FIXED_IDS,10,0.0,0.0,0.0,0,13,0.0
chameleon_gcnii16,4,13,0,8,128,1.0,DENSE_XOR,130,0.9916616586538461,0.982421875,0.99609375,0,13,0.0
chameleon_gcnii16,4,13,1,8,128,1.0,DENSE_XOR,130,0.9850510817307693,0.8525390625,1.0,0,13,0.0
chameleon_gcnii16,4,13,2,8,124,0.96875,DENSE_XOR,130,0.8647642679900743,0.6875,0.9455645161290323,0,13,0.0
chameleon_gcnii16,4,13,3,8,128,1.0,DENSE_XOR,130,0.7216045673076923,0.201171875,0.9443359375,4,13,0.0
chameleon_gcnii16,4,13,4,8,0,0.0,FIXED_IDS,10,0.0,0.0,0.0,0,13,0.0
chameleon_gcnii16,4,13,5,8,0,0.0,FIXED_IDS,10,0.0,0.0,0.0,0,13,0.0
chameleon_gcnii16,4,13,6,8,0,0.0,FIXED_IDS,10,0.0,0.0,0.0,0,13,0.0
chameleon_gcnii16,4,13,7,8,0,0.0,FIXED_IDS,10,0.0,0.0,0.0,0,13,0.0
chameleon_gcnii16,4,13,0,8,128,1.0,DENSE_XOR,130,0.9573317307692307,0.9384765625,0.9755859375,0,13,0.0
chameleon_gcnii16,4,13,1,8,119,0.9296875,DENSE_XOR,130,0.9388332255979315,0.6649159663865546,0.9852941176470589,0,13,0.0
chameleon_gcnii16,4,13,2,8,112,0.875,DENSE_XOR,130,0.905305631868132,0.8337053571428571,0.9520089285714286,0,13,0.0
chameleon_gcnii16,4,13,3,8,127,0.9921875,DENSE_XOR,130,0.7838431253785583,0.3799212598425197,0.9517716535433071,4,13,0.0
chameleon_gcnii16,4,13,4,8,0,0.0,FIXED_IDS,10,0.0,0.0,0.0,0,13,0.0
chameleon_gcnii16,4,13,5,8,0,0.0,FIXED_IDS,10,0.0,0.0,0.0,0,13,0.0
chameleon_gcnii16,4,13,6,8,0,0.0,FIXED_IDS,10,0.0,0.0,0.0,0,13,0.0
chameleon_gcnii16,4,13,7,8,0,0.0,FIXED_IDS,10,0.0,0.0,0.0,0,13,0.0
chameleon_gcnii16,4,13,0,8,128,1.0,DENSE_XOR,130,0.9921123798076923,0.9736328125,0.99609375,0,13,0.0
chameleon_gcnii16,4,13,1,8,126,0.984375,DENSE_XOR,130,0.9801587301587303,0.8214285714285714,0.9990079365079365,0,13,0.0
chameleon_gcnii16,4,13,2,8,116,0.90625,DENSE_XOR,130,0.8853614058355437,0.7036637931034483,0.9558189655172413,0,13,0.0
chameleon_gcnii16,4,13,3,8,0,0.0,FIXED_IDS,10,0.0,0.0,0.0,0,13,0.0
chameleon_gcnii16,4,13,4,8,0,0.0,FIXED_IDS,10,0.0,0.0,0.0,0,13,0.0
chameleon_gcnii16,4,13,5,8,0,0.0,FIXED_IDS,10,0.0,0.0,0.0,0,13,0.0
chameleon_gcnii16,4,13,6,8,0,0.0,FIXED_IDS,10,0.0,0.0,0.0,0,13,0.0
chameleon_gcnii16,4,13,7,8,0,0.0,FIXED_IDS,10,0.0,0.0,0.0,0,13,0.0
chameleon_gcnii16,4,13,0,8,128,1.0,DENSE_XOR,130,0.9907602163461539,0.9638671875,0.998046875,0,13,0.0
chameleon_gcnii16,4,13,1,8,128,1.0,DENSE_XOR,130,0.9744591346153846,0.8037109375,0.99609375,0,13,0.0
chameleon_gcnii16,4,13,2,8,112,0.875,DENSE_XOR,130,0.8885645604395604,0.7455357142857143,0.9419642857142857,0,13,0.0
chameleon_gcnii16,4,13,3,8,128,1.0,DENSE_XOR,130,0.7437650240384616,0.2783203125,0.9482421875,4,13,0.0
chameleon_gcnii16,4,13,4,8,0,0.0,FIXED_IDS,10,0.0,0.0,0.0,0,13,0.0
chameleon_gcnii16,4,13,5,8,0,0.0,FIXED_IDS,10,0.0,0.0,0.0,0,13,0.0
chameleon_gcnii16,4,13,6,8,0,0.0,FIXED_IDS,10,0.0,0.0,0.0,0,13,0.0
chameleon_gcnii16,4,13,7,8,0,0.0,FIXED_IDS,10,0.0,0.0,0.0,0,13,0.0
chameleon_gcnii16,4,13,0,8,128,1.0,DENSE_XOR,130,0.9763371394230769,0.9521484375,0.9873046875,0,13,0.0
chameleon_gcnii16,4,13,1,8,120,0.9375,DENSE_XOR,130,0.9507211538461539,0.7385416666666667,0.9947916666666666,0,13,0.0
chameleon_gcnii16,4,13,2,8,116,0.90625,DENSE_XOR,130,0.890832228116711,0.7532327586206896,0.9482758620689655,0,13,0.0
chameleon_gcnii16,4,13,3,8,128,1.0,DENSE_XOR,130,0.7768930288461539,0.3798828125,0.9443359375,4,13,0.0
chameleon_gcnii16,4,13,4,8,0,0.0,FIXED_IDS,10,0.0,0.0,0.0,0,13,0.0
chameleon_gcnii16,4,13,5,8,0,0.0,FIXED_IDS,10,0.0,0.0,0.0,0,13,0.0
chameleon_gcnii16,4,13,6,8,0,0.0,FIXED_IDS,10,0.0,0.0,0.0,0,13,0.0
chameleon_gcnii16,4,13,7,8,0,0.0,FIXED_IDS,10,0.0,0.0,0.0,0,13,0.0
chameleon_gcnii16,4,13,0,8,128,1.0,DENSE_XOR,130,0.9758112980769231,0.9423828125,0.994140625,0,13,0.0
chameleon_gcnii16,4,13,1,8,124,0.96875,DENSE_XOR,130,0.9423852357320099,0.7217741935483871,0.9868951612903226,0,13,0.0
chameleon_gcnii16,4,13,2,8,0,0.0,FIXED_IDS,10,0.0,0.0,0.0,0,13,0.0
chameleon_gcnii16,4,13,3,8,0,0.0,FIXED_IDS,10,0.0,0.0,0.0,0,13,0.0
chameleon_gcnii16,4,13,4,8,0,0.0,FIXED_IDS,10,0.0,0.0,0.0,0,13,0.0
chameleon_gcnii16,4,13,5,8,0,0.0,FIXED_IDS,10,0.0,0.0,0.0,0,13,0.0
chameleon_gcnii16,4,13,6,8,0,0.0,FIXED_IDS,10,0.0,0.0,0.0,0,13,0.0
chameleon_gcnii16,4,13,7,8,0,0.0,FIXED_IDS,10,0.0,0.0,0.0,0,13,0.0
chameleon_gcnii16,4,13,0,8,128,1.0,DENSE_XOR,130,0.9248046875,0.908203125,0.95703125,0,13,0.0
chameleon_gcnii16,4,13,1,8,104,0.8125,DENSE_XOR,130,0.8890532544378698,0.5997596153846154,0.9831730769230769,1,13,0.0
chameleon_gcnii16,4,13,2,8,112,0.875,DENSE_XOR,130,0.9430803571428572,0.8727678571428571,0.9765625,0,13,0.0
chameleon_gcnii16,4,13,3,8,127,0.9921875,DENSE_XOR,130,0.7737734706238644,0.4035433070866142,0.9301181102362205,4,13,0.0
chameleon_gcnii16,4,13,4,8,0,0.0,FIXED_IDS,10,0.0,0.0,0.0,0,13,0.0
chameleon_gcnii16,4,13,5,8,99,0.7734375,DENSE_XOR,130,0.9353146853146852,0.8169191919191919,0.9886363636363636,0,13,0.0
chameleon_gcnii16,4,13,6,8,0,0.0,FIXED_IDS,10,0.0,0.0,0.0,0,13,0.0
chameleon_gcnii16,4,13,7,8,0,0.0,FIXED_IDS,10,0.0,0.0,0.0,0,13,0.0
chameleon_gcnii16,4,13,0,8,128,1.0,DENSE_XOR,130,0.9840745192307693,0.9521484375,0.9931640625,0,13,0.0
chameleon_gcnii16,4,13,1,8,124,0.96875,DENSE_XOR,130,0.9678970223325061,0.7862903225806451,0.9959677419354839,0,13,0.0
chameleon_gcnii16,4,13,2,8,0,0.0,FIXED_IDS,10,0.0,0.0,0.0,0,13,0.0
chameleon_gcnii16,4,13,3,8,0,0.0,FIXED_IDS,10,0.0,0.0,0.0,0,13,0.0
chameleon_gcnii16,4,13,4,8,0,0.0,FIXED_IDS,10,0.0,0.0,0.0,0,13,0.0
chameleon_gcnii16,4,13,5,8,0,0.0,FIXED_IDS,10,0.0,0.0,0.0,0,13,0.0
chameleon_gcnii16,4,13,6,8,0,0.0,FIXED_IDS,10,0.0,0.0,0.0,0,13,0.0
chameleon_gcnii16,4,13,7,8,0,0.0,FIXED_IDS,10,0.0,0.0,0.0,0,13,0.0
chameleon_gcnii16,4,13,0,8,128,1.0,DENSE_XOR,130,0.9729567307692307,0.9052734375,0.98828125,0,13,0.0
chameleon_gcnii16,4,13,1,8,124,0.96875,DENSE_XOR,130,0.8749224565756825,0.5705645161290323,0.9798387096774194,2,13,0.0
chameleon_gcnii16,4,13,2,8,120,0.9375,DENSE_XOR,130,0.9190705128205128,0.8239583333333333,0.953125,0,13,0.0
chameleon_gcnii16,4,13,3,8,128,1.0,DENSE_XOR,130,0.8136268028846154,0.455078125,0.9619140625,1,13,0.0
chameleon_gcnii16,4,13,4,8,0,0.0,FIXED_IDS,10,0.0,0.0,0.0,0,13,0.0
chameleon_gcnii16,4,13,5,8,92,0.71875,DENSE_XOR,130,0.932901337792642,0.8559782608695652,0.9809782608695652,0,13,0.0
chameleon_gcnii16,4,13,6,8,0,0.0,FIXED_IDS,10,0.0,0.0,0.0,0,13,0.0
chameleon_gcnii16,4,13,7,8,0,0.0,FIXED_IDS,10,0.0,0.0,0.0,0,13,0.0
chameleon_gcnii16,4,13,0,8,128,1.0,DENSE_XOR,130,0.9181941105769231,0.8896484375,0.9521484375,0,13,0.0
chameleon_gcnii16,4,13,1,8,111,0.8671875,DENSE_XOR,130,0.8467602217602218,0.5168918918918919,0.9605855855855856,2,13,0.0
chameleon_gcnii16,4,13,2,8,107,0.8359375,DENSE_XOR,130,0.92891804457225,0.8796728971962616,0.9742990654205608,0,13,0.0
chameleon_gcnii16,4,13,3,8,127,0.9921875,DENSE_XOR,130,0.8354784978800726,0.5501968503937008,0.9734251968503937,1,13,0.0
chameleon_gcnii16,4,13,4,8,0,0.0,FIXED_IDS,10,0.0,0.0,0.0,0,13,0.0
chameleon_gcnii16,4,13,5,8,100,0.78125,DENSE_XOR,130,0.9153846153846155,0.805,0.985,0,13,0.0
chameleon_gcnii16,4,13,6,8,0,0.0,FIXED_IDS,10,0.0,0.0,0.0,0,13,0.0
chameleon_gcnii16,4,13,7,8,0,0.0,FIXED_IDS,10,0.0,0.0,0.0,0,13,0.0
chameleon_gcnii16,4,13,0,8,128,1.0,DENSE_XOR,130,0.9133112980769231,0.8828125,0.939453125,0,13,0.0
chameleon_gcnii16,4,13,1,8,0,0.0,FIXED_IDS,10,0.0,0.0,0.0,0,13,0.0
chameleon_gcnii16,4,13,2,8,120,0.9375,DENSE_XOR,130,0.9424679487179487,0.8677083333333333,0.9895833333333334,0,13,0.0
chameleon_gcnii16,4,13,3,8,127,0.9921875,DENSE_XOR,130,0.8716686856450635,0.5807086614173228,0.9793307086614174,1,13,0.0
chameleon_gcnii16,4,13,4,8,0,0.0,FIXED_IDS,10,0.0,0.0,0.0,0,13,0.0
chameleon_gcnii16,4,13,5,8,116,0.90625,DENSE_XOR,130,0.923988726790451,0.8125,0.9924568965517241,0,13,0.0
chameleon_gcnii16,4,13,6,8,111,0.8671875,DENSE_XOR,130,0.8859147609147608,0.7184684684684685,1.0,0,13,0.0
chameleon_gcnii16,4,13,7,8,0,0.0,FIXED_IDS,10,0.0,0.0,0.0,0,13,0.0
chameleon_gcnii16,4,13,0,8,128,1.0,DENSE_XOR,130,0.9734074519230769,0.943359375,0.986328125,0,13,0.0
chameleon_gcnii16,4,13,1,8,123,0.9609375,DENSE_XOR,130,0.9497342088805503,0.7479674796747967,0.9949186991869918,0,13,0.0
chameleon_gcnii16,4,13,2,8,0,0.0,FIXED_IDS,10,0.0,0.0,0.0,0,13,0.0
chameleon_gcnii16,4,13,3,8,0,0.0,FIXED_IDS,10,0.0,0.0,0.0,0,13,0.0
chameleon_gcnii16,4,13,4,8,0,0.0,FIXED_IDS,10,0.0,0.0,0.0,0,13,0.0
chameleon_gcnii16,4,13,5,8,0,0.0,FIXED_IDS,10,0.0,0.0,0.0,0,13,0.0
chameleon_gcnii16,4,13,6,8,0,0.0,FIXED_IDS,10,0.0,0.0,0.0,0,13,0.0
chameleon_gcnii16,4,13,7,8,0,0.0,FIXED_IDS,10,0.0,0.0,0.0,0,13,0.0
chameleon_gcnii16,4,13,0,8,128,1.0,DENSE_XOR,130,0.8762019230769231,0.8447265625,0.9228515625,0,13,0.0
chameleon_gcnii16,4,13,1,8,0,0.0,FIXED_IDS,10,0.0,0.0,0.0,0,13,0.0
chameleon_gcnii16,4,13,2,8,112,0.875,DENSE_XOR,130,0.926768543956044,0.8627232142857143,0.9754464285714286,0,13,0.0
chameleon_gcnii16,4,13,3,8,0,0.0,FIXED_IDS,10,0.0,0.0,0.0,0,13,0.0
chameleon_gcnii16,4,13,4,8,0,0.0,FIXED_IDS,10,0.0,0.0,0.0,0,13,0.0
chameleon_gcnii16,4,13,5,8,97,0.7578125,DENSE_XOR,130,0.9252577319587628,0.836340206185567,0.9961340206185567,0,13,0.0
chameleon_gcnii16,4,13,6,8,0,0.0,FIXED_IDS,10,0.0,0.0,0.0,0,13,0.0
chameleon_gcnii16,4,13,7,8,0,0.0,FIXED_IDS,10,0.0,0.0,0.0,0,13,0.0
chameleon_gcnii16,4,13,0,8,128,1.0,DENSE_XOR,130,0.9187950721153846,0.8935546875,0.9453125,0,13,0.0
chameleon_gcnii16,4,13,1,8,108,0.84375,DENSE_XOR,130,0.8513176638176638,0.4988425925925926,0.9675925925925926,2,13,0.0
chameleon_gcnii16,4,13,2,8,120,0.9375,DENSE_XOR,130,0.9608974358974359,0.91875,0.9854166666666667,0,13,0.0
chameleon_gcnii16,4,13,3,8,128,1.0,DENSE_XOR,130,0.8498347355769231,0.5419921875,0.97265625,1,13,0.0
chameleon_gcnii16,4,13,4,8,0,0.0,FIXED_IDS,10,0.0,0.0,0.0,0,13,0.0
chameleon_gcnii16,4,13,5,8,114,0.890625,DENSE_XOR,130,0.9549595141700404,0.8793859649122807,0.9967105263157895,0,13,0.0
chameleon_gcnii16,4,13,6,8,108,0.84375,DENSE_XOR,130,0.9131944444444445,0.7384259259259259,1.0,0,13,0.0
chameleon_gcnii16,4,13,7,8,0,0.0,FIXED_IDS,10,0.0,0.0,0.0,0,13,0.0
chameleon_gcnii16,4,13,0,8,100,0.9900990099009901,DENSE_XOR,103,0.9183653846153845,0.86875,0.94875,0,13,0.0
chameleon_gcnii16,4,13,1,8,0,0.0,FIXED_IDS,9,0.0,0.0,0.0,0,13,0.0
chameleon_gcnii16,4,13,2,8,95,0.9405940594059405,DENSE_XOR,103,0.9460526315789474,0.8828947368421053,0.9802631578947368,0,13,0.0
chameleon_gcnii16,4,13,3,8,0,0.0,FIXED_IDS,9,0.0,0.0,0.0,0,13,0.0
chameleon_gcnii16,4,13,4,8,0,0.0,FIXED_IDS,9,0.0,0.0,0.0,0,13,0.0
chameleon_gcnii16,4,13,5,8,88,0.8712871287128713,DENSE_XOR,103,0.9523601398601399,0.8849431818181818,0.9957386363636364,0,13,0.0
chameleon_gcnii16,4,13,6,8,0,0.0,FIXED_IDS,9,0.0,0.0,0.0,0,13,0.0
chameleon_gcnii16,4,13,7,8,0,0.0,FIXED_IDS,9,0.0,0.0,0.0,0,13,0.0
chameleon_gcnii16,4,13,0,16,128,1.0,DENSE_XOR,130,0.9676607572115384,0.85107421875,0.9892578125,0,13,0.0
chameleon_gcnii16,4,13,1,16,124,0.96875,DENSE_XOR,130,0.7980769230769231,0.6381048387096774,0.891633064516129,0,13,0.0
chameleon_gcnii16,4,13,2,16,128,1.0,DENSE_XOR,130,0.6682692307692307,0.33154296875,0.92236328125,0,13,0.0
chameleon_gcnii16,4,13,3,16,84,0.65625,DENSE_XOR,130,0.6690705128205129,0.40029761904761907,0.9226190476190477,0,13,0.0
chameleon_gcnii16,4,13,0,16,128,1.0,DENSE_XOR,130,0.9735952524038461,0.8837890625,0.98681640625,0,13,0.0
chameleon_gcnii16,4,13,1,16,123,0.9609375,DENSE_XOR,130,0.761882426516573,0.554369918699187,0.8709349593495935,0,13,0.0
chameleon_gcnii16,4,13,2,16,128,1.0,DENSE_XOR,130,0.6719876802884616,0.31591796875,0.9326171875,1,13,0.0
chameleon_gcnii16,4,13,3,16,80,0.625,DENSE_XOR,130,0.5855769230769231,0.31015625,0.9125,3,13,0.0
chameleon_gcnii16,4,13,0,16,128,1.0,DENSE_XOR,130,0.9749474158653846,0.89697265625,0.98876953125,0,13,0.0
chameleon_gcnii16,4,13,1,16,116,0.90625,DENSE_XOR,130,0.6302635941644562,0.42780172413793105,0.7386853448275862,0,13,0.0
chameleon_gcnii16,4,13,2,16,128,1.0,DENSE_XOR,130,0.6040414663461539,0.26025390625,0.880859375,1,13,0.0
chameleon_gcnii16,4,13,3,16,0,0.0,FIXED_IDS,10,0.0,0.0,0.0,0,13,0.0
chameleon_gcnii16,4,13,0,16,128,1.0,DENSE_XOR,130,0.9883563701923077,0.92041015625,0.99609375,0,13,0.0
chameleon_gcnii16,4,13,1,16,127,0.9921875,DENSE_XOR,130,0.7359176256814053,0.42618110236220474,0.8710629921259843,0,13,0.0
chameleon_gcnii16,4,13,2,16,128,1.0,DENSE_XOR,130,0.6338266225961539,0.21142578125,0.9501953125,3,13,0.0
chameleon_gcnii16,4,13,3,16,0,0.0,FIXED_IDS,10,0.0,0.0,0.0,0,13,0.0
chameleon_gcnii16,4,13,0,16,128,1.0,DENSE_XOR,130,0.9266826923076923,0.7861328125,0.95068359375,0,13,0.0
chameleon_gcnii16,4,13,1,16,122,0.953125,DENSE_XOR,130,0.8148250315258512,0.701844262295082,0.8888319672131147,0,13,0.0
chameleon_gcnii16,4,13,2,16,128,1.0,DENSE_XOR,130,0.6713115985576923,0.33837890625,0.90234375,0,13,0.0
chameleon_gcnii16,4,13,3,16,97,0.7578125,DENSE_XOR,130,0.7371629659000793,0.47615979381443296,0.9722938144329897,0,13,0.0
chameleon_gcnii16,4,13,0,16,128,1.0,DENSE_XOR,130,0.9812575120192307,0.900390625,0.9921875,0,13,0.0
chameleon_gcnii16,4,13,1,16,122,0.953125,DENSE_XOR,130,0.7624921185372003,0.5087090163934426,0.8878073770491803,0,13,0.0
chameleon_gcnii16,4,13,2,16,128,1.0,DENSE_XOR,130,0.6546724759615384,0.28515625,0.9375,1,13,0.0
chameleon_gcnii16,4,13,3,16,70,0.546875,DENSE_XOR,130,0.5252060439560439,0.2982142857142857,0.8598214285714286,5,13,0.0
chameleon_gcnii16,4,13,0,16,128,1.0,DENSE_XOR,130,0.9826096754807693,0.89404296875,0.99609375,0,13,0.0
chameleon_gcnii16,4,13,1,16,122,0.953125,DENSE_XOR,130,0.751970365699874,0.5148565573770492,0.8616803278688525,0,13,0.0
chameleon_gcnii16,4,13,2,16,128,1.0,DENSE_XOR,130,0.6574143629807693,0.2841796875,0.93505859375,1,13,0.0
chameleon_gcnii16,4,13,3,16,78,0.609375,DENSE_XOR,130,0.5385231755424063,0.25721153846153844,0.9126602564102564,5,13,0.0
chameleon_gcnii16,4,13,0,16,128,1.0,DENSE_XOR,130,0.94384765625,0.83349609375,0.96728515625,0,13,0.0
chameleon_gcnii16,4,13,1,16,126,0.984375,DENSE_XOR,130,0.7802579365079366,0.6091269841269841,0.871031746031746,0,13,0.0
chameleon_gcnii16,4,13,2,16,128,1.0,DENSE_XOR,130,0.6706355168269231,0.34033203125,0.90576171875,0,13,0.0
chameleon_gcnii16,4,13,3,16,76,0.59375,DENSE_XOR,130,0.7181174089068827,0.47368421052631576,0.946546052631579,0,13,0.0
chameleon_gcnii16,4,13,0,16,128,1.0,DENSE_XOR,130,0.9491811899038461,0.83056640625,0.97509765625,0,13,0.0
chameleon_gcnii16,4,13,1,16,106,0.828125,DENSE_XOR,130,0.7687318577648765,0.6450471698113207,0.8260613207547169,0,13,0.0
chameleon_gcnii16,4,13,2,16,128,1.0,DENSE_XOR,130,0.6471980168269231,0.3369140625,0.8662109375,0,13,0.0
chameleon_gcnii16,4,13,3,16,68,0.53125,DENSE_XOR,130,0.8325084841628959,0.5974264705882353,0.9834558823529411,0,13,0.0
chameleon_gcnii16,4,13,0,16,128,1.0,DENSE_XOR,130,0.8418344350961539,0.712890625,0.8828125,0,13,0.0
chameleon_gcnii16,4,13,1,16,122,0.953125,DENSE_XOR,130,0.8590400378310213,0.7617827868852459,0.9118852459016393,0,13,0.0
chameleon_gcnii16,4,13,2,16,128,1.0,DENSE_XOR,130,0.6047926682692307,0.34521484375,0.79736328125,0,13,0.0
chameleon_gcnii16,4,13,3,16,100,0.78125,DENSE_XOR,130,0.7856250000000001,0.56,0.98,0,13,0.0
chameleon_gcnii16,4,13,0,16,128,1.0,DENSE_XOR,130,0.9674353966346154,0.8681640625,0.9873046875,0,13,0.0
chameleon_gcnii16,4,13,1,16,114,0.890625,DENSE_XOR,130,0.7170209176788125,0.5372807017543859,0.8201754385964912,0,13,0.0
chameleon_gcnii16,4,13,2,16,128,1.0,DENSE_XOR,130,0.6438176081730769,0.3046875,0.89013671875,1,13,0.0
chameleon_gcnii16,4,13,3,16,60,0.46875,DENSE_XOR,130,0.6477564102564103,0.3770833333333333,0.9364583333333333,2,13,0.0
chameleon_gcnii16,4,13,0,16,128,1.0,DENSE_XOR,130,0.9154146634615384,0.73193359375,0.97216796875,0,13,0.0
chameleon_gcnii16,4,13,1,16,124,0.96875,DENSE_XOR,130,0.8603055210918112,0.7540322580645161,0.9128024193548387,0,13,0.0
chameleon_gcnii16,4,13,2,16,128,1.0,DENSE_XOR,130,0.6904672475961539,0.37841796875,0.91064453125,0,13,0.0
chameleon_gcnii16,4,13,3,16,94,0.734375,DENSE_XOR,130,0.836691898527005,0.6628989361702128,0.9813829787234043,0,13,0.0
chameleon_gcnii16,4,13,0,16,128,1.0,DENSE_XOR,130,0.8453275240384616,0.6796875,0.896484375,0,13,0.0
chameleon_gcnii16,4,13,1,16,123,0.9609375,DENSE_XOR,130,0.8397045028142589,0.7616869918699187,0.9070121951219512,0,13,0.0
chameleon_gcnii16,4,13,2,16,128,1.0,DENSE_XOR,130,0.6529071514423077,0.4228515625,0.8251953125,0,13,0.0
chameleon_gcnii16,4,13,3,16,110,0.859375,DENSE_XOR,130,0.7532342657342658,0.5176136363636363,0.9630681818181818,0,13,0.0
chameleon_gcnii16,4,13,0,16,128,1.0,DENSE_XOR,130,0.8331204927884616,0.6865234375,0.87939453125,0,13,0.0
chameleon_gcnii16,4,13,1,16,126,0.984375,DENSE_XOR,130,0.9054868742368742,0.8253968253968254,0.9603174603174603,0,13,0.0
chameleon_gcnii16,4,13,2,16,128,1.0,DENSE_XOR,130,0.6894155649038461,0.43310546875,0.86181640625,0,13,0.0
chameleon_gcnii16,4,13,3,16,120,0.9375,DENSE_XOR,130,0.8034455128205129,0.5859375,0.9875,0,13,0.0
chameleon_gcnii16,4,13,0,16,128,1.0,DENSE_XOR,130,0.9486177884615384,0.84423828125,0.974609375,0,13,0.0
chameleon_gcnii16,4,13,1,16,120,0.9375,DENSE_XOR,130,0.6946714743589743,0.5473958333333333,0.7817708333333333,0,13,0.0
chameleon_gcnii16,4,13,2,16,128,1.0,DENSE_XOR,130,0.5871394230769231,0.25439453125,0.853515625,2,13,0.0
chameleon_gcnii16,4,13,3,16,62,0.484375,DENSE_XOR,130,0.5985576923076923,0.3225806451612903,0.9022177419354839,5,13,0.0
chameleon_gcnii16,4,13,0,16,128,1.0,DENSE_XOR,130,0.78564453125,0.650390625,0.8193359375,0,13,0.0
chameleon_gcnii16,4,13,1,16,120,0.9375,DENSE_XOR,130,0.8597756410256411,0.7708333333333334,0.9302083333333333,0,13,0.0
chameleon_gcnii16,4,13,2,16,128,1.0,DENSE_XOR,130,0.6011493389423077,0.357421875,0.783203125,0,13,0.0
chameleon_gcnii16,4,13,3,16,102,0.796875,DENSE_XOR,130,0.801470588235294,0.5912990196078431,0.9785539215686274,0,13,0.0
chameleon_gcnii16,4,13,0,16,128,1.0,DENSE_XOR,130,0.8384164663461539,0.66845703125,0.888671875,0,13,0.0
chameleon_gcnii16,4,13,1,16,126,0.984375,DENSE_XOR,130,0.921207264957265,0.8675595238095238,0.9588293650793651,0,13,0.0
chameleon_gcnii16,4,13,2,16,128,1.0,DENSE_XOR,130,0.66650390625,0.4091796875,0.8427734375,0,13,0.0
chameleon_gcnii16,4,13,3,16,116,0.90625,DENSE_XOR,130,0.8236488726790451,0.599676724137931,0.9892241379310345,0,13,0.0
chameleon_gcnii16,4,13,0,16,101,1.0,DENSE_XOR,103,0.8393945163747143,0.661509900990099,0.8904702970297029,0,13,0.0
chameleon_gcnii16,4,13,1,16,95,0.9405940594059405,DENSE_XOR,103,0.9307692307692308,0.8651315789473685,0.9789473684210527,0,13,0.0
chameleon_gcnii16,4,13,2,16,101,1.0,DENSE_XOR,103,0.6659843869002285,0.3948019801980198,0.8217821782178217,0,13,0.0
chameleon_gcnii16,4,13,3,16,89,0.8811881188118812,DENSE_XOR,103,0.8586862575626621,0.6741573033707865,0.9936797752808989,0,13,0.0
chameleon_gcnii16,4,13,0,32,128,1.0,DENSE_XOR,130,0.8989070012019231,0.703369140625,0.966796875,0,13,0.0
chameleon_gcnii16,4,13,1,32,81,0.6328125,DENSE_XOR,130,0.729255698005698,0.4845679012345679,0.9564043209876543,0,13,0.0
chameleon_gcnii16,4,13,0,32,128,1.0,DENSE_XOR,130,0.9040339543269231,0.706298828125,0.966552734375,0,13,0.0
chameleon_gcnii16,4,13,1,32,81,0.6328125,DENSE_XOR,130,0.6538758309591644,0.3715277777777778,0.9409722222222222,0,13,0.0
chameleon_gcnii16,4,13,0,32,128,1.0,DENSE_XOR,130,0.8808969350961539,0.6796875,0.948486328125,0,13,0.0
chameleon_gcnii16,4,13,1,32,81,0.6328125,DENSE_XOR,130,0.4309116809116809,0.23032407407407407,0.7291666666666666,0,13,0.0
chameleon_gcnii16,4,13,0,32,128,1.0,DENSE_XOR,130,0.9134990985576923,0.68359375,0.984375,0,13,0.0
chameleon_gcnii16,4,13,1,32,81,0.6328125,DENSE_XOR,130,0.49071106362773026,0.15856481481481483,0.8796296296296297,1,13,0.0
chameleon_gcnii16,4,13,0,32,128,1.0,DENSE_XOR,130,0.8593374399038461,0.66943359375,0.932373046875,0,13,0.0
chameleon_gcnii16,4,13,1,32,114,0.890625,DENSE_XOR,130,0.6826501349527665,0.4635416666666667,0.8854166666666666,0,13,0.0
chameleon_gcnii16,4,13,0,32,128,1.0,DENSE_XOR,130,0.9086162860576923,0.700439453125,0.974853515625,0,13,0.0
chameleon_gcnii16,4,13,1,32,81,0.6328125,DENSE_XOR,130,0.5843423551756886,0.31983024691358025,0.8885030864197531,0,13,0.0
chameleon_gcnii16,4,13,0,32,128,1.0,DENSE_XOR,130,0.9082970252403846,0.69580078125,0.977783203125,0,13,0.0
chameleon_gcnii16,4,13,1,32,81,0.6328125,DENSE_XOR,130,0.617610398860399,0.31983024691358025,0.9425154320987654,0,13,0.0
chameleon_gcnii16,4,13,0,32,128,1.0,DENSE_XOR,130,0.886962890625,0.68798828125,0.95458984375,0,13,0.0
chameleon_gcnii16,4,13,1,32,81,0.6328125,DENSE_XOR,130,0.7355769230769231,0.5057870370370371,0.9390432098765432,0,13,0.0
chameleon_gcnii16,4,13,0,32,128,1.0,DENSE_XOR,130,0.8624737079326923,0.6689453125,0.928466796875,0,13,0.0
chameleon_gcnii16,4,13,1,32,81,0.6328125,DENSE_XOR,130,0.7435303893637227,0.5470679012345679,0.8973765432098766,0,13,0.0
chameleon_gcnii16,4,13,0,32,128,1.0,DENSE_XOR,130,0.7907151442307693,0.62939453125,0.858642578125,0,13,0.0
chameleon_gcnii16,4,13,1,32,113,0.8828125,DENSE_XOR,130,0.7323859768550034,0.5478429203539823,0.8882743362831859,0,13,0.0
chameleon_gcnii16,4,13,0,32,128,1.0,DENSE_XOR,130,0.8826434795673077,0.689697265625,0.950927734375,0,13,0.0
chameleon_gcnii16,4,13,1,32,81,0.6328125,DENSE_XOR,130,0.5960054605887939,0.36072530864197533,0.8568672839506173,0,13,0.0
chameleon_gcnii16,4,13,0,32,128,1.0,DENSE_XOR,130,0.8611966646634616,0.650634765625,0.94873046875,0,13,0.0
chameleon_gcnii16,4,13,1,32,116,0.90625,DENSE_XOR,130,0.7410477453580901,0.5748922413793104,0.8935883620689655,0,13,0.0
chameleon_gcnii16,4,13,0,32,128,1.0,DENSE_XOR,130,0.7928372896634616,0.640869140625,0.869384765625,0,13,0.0
chameleon_gcnii16,4,13,1,32,120,0.9375,DENSE_XOR,130,0.7325120192307691,0.5497395833333333,0.8934895833333333,0,13,0.0
chameleon_gcnii16,4,13,0,32,128,1.0,DENSE_XOR,130,0.810546875,0.646728515625,0.881103515625,0,13,0.0
chameleon_gcnii16,4,13,1,32,125,0.9765625,DENSE_XOR,130,0.7928076923076923,0.61,0.94225,0,13,0.0
chameleon_gcnii16,4,13,0,32,128,1.0,DENSE_XOR,130,0.8498159555288461,0.6611328125,0.931396484375,0,13,0.0
chameleon_gcnii16,4,13,1,32,81,0.6328125,DENSE_XOR,130,0.5671889838556505,0.3414351851851852,0.8190586419753086,0,13,0.0
chameleon_gcnii16,4,13,0,32,128,1.0,DENSE_XOR,130,0.7469200721153846,0.60009765625,0.8154296875,0,13,0.0
chameleon_gcnii16,4,13,1,32,119,0.9296875,DENSE_XOR,130,0.7282239819004525,0.5527836134453782,0.8771008403361344,0,13,0.0
chameleon_gcnii16,4,13,0,32,128,1.0,DENSE_XOR,130,0.8076359675480769,0.645751953125,0.877685546875,0,13,0.0
chameleon_gcnii16,4,13,1,32,124,0.96875,DENSE_XOR,130,0.7996859491315137,0.6136592741935484,0.9339717741935484,0,13,0.0
chameleon_gcnii16,4,13,0,32,101,1.0,DENSE_XOR,103,0.8010281797410511,0.620049504950495,0.8774752475247525,0,13,0.0
chameleon_gcnii16,4,13,1,32,81,0.801980198019802,DENSE_XOR,103,0.8796593067426401,0.7233796296296297,0.9645061728395061,0,13,0.0
cora_resgcn16,4,13,0,4,0,0.0,FIXED_IDS,10,0.0,0.0,0.0,0,13,0.0
cora_resgcn16,4,13,1,4,0,0.0,FIXED_IDS,10,0.0,0.0,0.0,0,13,0.0
cora_resgcn16,4,13,2,4,0,0.0,FIXED_IDS,10,0.0,0.0,0.0,0,13,0.0
cora_resgcn16,4,13,3,4,0,0.0,FIXED_IDS,10,0.0,0.0,0.0,0,13,0.0
cora_resgcn16,4,13,4,4,0,0.0,FIXED_IDS,10,0.0,0.0,0.0,0,13,0.0
cora_resgcn16,4,13,5,4,0,0.0,FIXED_IDS,10,0.0,0.0,0.0,0,13,0.0
cora_resgcn16,4,13,6,4,0,0.0,FIXED_IDS,10,0.0,0.0,0.0,0,13,0.0
cora_resgcn16,4,13,7,4,0,0.0,FIXED_IDS,10,0.0,0.0,0.0,0,13,0.0
cora_resgcn16,4,13,8,4,0,0.0,FIXED_IDS,10,0.0,0.0,0.0,0,13,0.0
cora_resgcn16,4,13,9,4,0,0.0,FIXED_IDS,10,0.0,0.0,0.0,0,13,0.0
cora_resgcn16,4,13,10,4,0,0.0,FIXED_IDS,10,0.0,0.0,0.0,0,13,0.0
cora_resgcn16,4,13,11,4,0,0.0,FIXED_IDS,10,0.0,0.0,0.0,0,13,0.0
cora_resgcn16,4,13,12,4,0,0.0,FIXED_IDS,10,0.0,0.0,0.0,0,13,0.0
cora_resgcn16,4,13,13,4,0,0.0,FIXED_IDS,10,0.0,0.0,0.0,0,13,0.0
cora_resgcn16,4,13,14,4,0,0.0,FIXED_IDS,10,0.0,0.0,0.0,0,13,0.0
cora_resgcn16,4,13,15,4,0,0.0,FIXED_IDS,10,0.0,0.0,0.0,0,13,0.0
cora_resgcn16,4,13,0,4,0,0.0,FIXED_IDS,10,0.0,0.0,0.0,0,13,0.0
cora_resgcn16,4,13,1,4,0,0.0,FIXED_IDS,10,0.0,0.0,0.0,0,13,0.0
cora_resgcn16,4,13,2,4,0,0.0,FIXED_IDS,10,0.0,0.0,0.0,0,13,0.0
cora_resgcn16,4,13,3,4,0,0.0,FIXED_IDS,10,0.0,0.0,0.0,0,13,0.0
cora_resgcn16,4,13,4,4,0,0.0,FIXED_IDS,10,0.0,0.0,0.0,0,13,0.0
cora_resgcn16,4,13,5,4,0,0.0,FIXED_IDS,10,0.0,0.0,0.0,0,13,0.0
cora_resgcn16,4,13,6,4,0,0.0,FIXED_IDS,10,0.0,0.0,0.0,0,13,0.0
cora_resgcn16,4,13,7,4,0,0.0,FIXED_IDS,10,0.0,0.0,0.0,0,13,0.0
cora_resgcn16,4,13,8,4,0,0.0,FIXED_IDS,10,0.0,0.0,0.0,0,13,0.0
cora_resgcn16,4,13,9,4,0,0.0,FIXED_IDS,10,0.0,0.0,0.0,0,13,0.0
cora_resgcn16,4,13,10,4,0,0.0,FIXED_IDS,10,0.0,0.0,0.0,0,13,0.0
cora_resgcn16,4,13,11,4,0,0.0,FIXED_IDS,10,0.0,0.0,0.0,0,13,0.0
cora_resgcn16,4,13,12,4,0,0.0,FIXED_IDS,10,0.0,0.0,0.0,0,13,0.0
cora_resgcn16,4,13,13,4,0,0.0,FIXED_IDS,10,0.0,0.0,0.0,0,13,0.0
cora_resgcn16,4,13,14,4,0,0.0,FIXED_IDS,10,0.0,0.0,0.0,0,13,0.0
cora_resgcn16,4,13,15,4,0,0.0,FIXED_IDS,10,0.0,0.0,0.0,0,13,0.0
cora_resgcn16,4,13,0,4,0,0.0,FIXED_IDS,10,0.0,0.0,0.0,0,13,0.0
cora_resgcn16,4,13,1,4,0,0.0,FIXED_IDS,10,0.0,0.0,0.0,0,13,0.0
cora_resgcn16,4,13,2,4,0,0.0,FIXED_IDS,10,0.0,0.0,0.0,0,13,0.0
cora_resgcn16,4,13,3,4,0,0.0,FIXED_IDS,10,0.0,0.0,0.0,0,13,0.0
cora_resgcn16,4,13,4,4,0,0.0,FIXED_IDS,10,0.0,0.0,0.0,0,13,0.0
cora_resgcn16,4,13,5,4,0,0.0,FIXED_IDS,10,0.0,0.0,0.0,0,13,0.0
cora_resgcn16,4,13,6,4,0,0.0,FIXED_IDS,10,0.0,0.0,0.0,0,13,0.0
cora_resgcn16,4,13,7,4,0,0.0,FIXED_IDS,10,0.0,0.0,0.0,0,13,0.0
cora_resgcn16,4,13,8,4,0,0.0,FIXED_IDS,10,0.0,0.0,0.0,0,13,0.0
cora_resgcn16,4,13,9,4,0,0.0,FIXED_IDS,10,0.0,0.0,0.0,0,13,0.0
cora_resgcn16,4,13,10,4,0,0.0,FIXED_IDS,10,0.0,0.0,0.0,0,13,0.0
cora_resgcn16,4,13,11,4,0,0.0,FIXED_IDS,10,0.0,0.0,0.0,0,13,0.0
cora_resgcn16,4,13,12,4,0,0.0,FIXED_IDS,10,0.0,0.0,0.0,0,13,0.0
cora_resgcn16,4,13,13,4,0,0.0,FIXED_IDS,10,0.0,0.0,0.0,0,13,0.0
cora_resgcn16,4,13,14,4,0,0.0,FIXED_IDS,10,0.0,0.0,0.0,0,13,0.0
cora_resgcn16,4,13,15,4,0,0.0,FIXED_IDS,10,0.0,0.0,0.0,0,13,0.0
cora_resgcn16,4,13,0,4,0,0.0,FIXED_IDS,10,0.0,0.0,0.0,0,13,0.0
cora_resgcn16,4,13,1,4,0,0.0,FIXED_IDS,10,0.0,0.0,0.0,0,13,0.0
cora_resgcn16,4,13,2,4,0,0.0,FIXED_IDS,10,0.0,0.0,0.0,0,13,0.0
cora_resgcn16,4,13,3,4,0,0.0,FIXED_IDS,10,0.0,0.0,0.0,0,13,0.0
cora_resgcn16,4,13,4,4,0,0.0,FIXED_IDS,10,0.0,0.0,0.0,0,13,0.0
cora_resgcn16,4,13,5,4,0,0.0,FIXED_IDS,10,0.0,0.0,0.0,0,13,0.0
cora_resgcn16,4,13,6,4,0,0.0,FIXED_IDS,10,0.0,0.0,0.0,0,13,0.0
cora_resgcn16,4,13,7,4,0,0.0,FIXED_IDS,10,0.0,0.0,0.0,0,13,0.0
cora_resgcn16,4,13,8,4,0,0.0,FIXED_IDS,10,0.0,0.0,0.0,0,13,0.0
cora_resgcn16,4,13,9,4,0,0.0,FIXED_IDS,10,0.0,0.0,0.0,0,13,0.0
cora_resgcn16,4,13,10,4,0,0.0,FIXED_IDS,10,0.0,0.0,0.0,0,13,0.0
cora_resgcn16,4,13,11,4,0,0.0,FIXED_IDS,10,0.0,0.0,0.0,0,13,0.0
cora_resgcn16,4,13,12,4,0,0.0,FIXED_IDS,10,0.0,0.0,0.0,0,13,0.0
cora_resgcn16,4,13,13,4,0,0.0,FIXED_IDS,10,0.0,0.0,0.0,0,13,0.0
cora_resgcn16,4,13,14,4,0,0.0,FIXED_IDS,10,0.0,0.0,0.0,0,13,0.0
cora_resgcn16,4,13,15,4,0,0.0,FIXED_IDS,10,0.0,0.0,0.0,0,13,0.0
cora_resgcn16,4,13,0,4,0,0.0,FIXED_IDS,10,0.0,0.0,0.0,0,13,0.0
cora_resgcn16,4,13,1,4,0,0.0,FIXED_IDS,10,0.0,0.0,0.0,0,13,0.0
cora_resgcn16,4,13,2,4,0,0.0,FIXED_IDS,10,0.0,0.0,0.0,0,13,0.0
cora_resgcn16,4,13,3,4,0,0.0,FIXED_IDS,10,0.0,0.0,0.0,0,13,0.0
cora_resgcn16,4,13,4,4,0,0.0,FIXED_IDS,10,0.0,0.0,0.0,0,13,0.0
cora_resgcn16,4,13,5,4,0,0.0,FIXED_IDS,10,0.0,0.0,0.0,0,13,0.0
cora_resgcn16,4,13,6,4,0,0.0,FIXED_IDS,10,0.0,0.0,0.0,0,13,0.0
cora_resgcn16,4,13,7,4,0,0.0,FIXED_IDS,10,0.0,0.0,0.0,0,13,0.0
cora_resgcn16,4,13,8,4,0,0.0,FIXED_IDS,10,0.0,0.0,0.0,0,13,0.0
cora_resgcn16,4,13,9,4,0,0.0,FIXED_IDS,10,0.0,0.0,0.0,0,13,0.0
cora_resgcn16,4,13,10,4,0,0.0,FIXED_IDS,10,0.0,0.0,0.0,0,13,0.0
cora_resgcn16,4,13,11,4,0,0.0,FIXED_IDS,10,0.0,0.0,0.0,0,13,0.0
cora_resgcn16,4,13,12,4,0,0.0,FIXED_IDS,10,0.0,0.0,0.0,0,13,0.0
cora_resgcn16,4,13,13,4,0,0.0,FIXED_IDS,10,0.0,0.0,0.0,0,13,0.0
cora_resgcn16,4,13,14,4,0,0.0,FIXED_IDS,10,0.0,0.0,0.0,0,13,0.0
cora_resgcn16,4,13,15,4,0,0.0,FIXED_IDS,10,0.0,0.0,0.0,0,13,0.0
cora_resgcn16,4,13,0,4,0,0.0,FIXED_IDS,10,0.0,0.0,0.0,0,13,0.0
cora_resgcn16,4,13,1,4,0,0.0,FIXED_IDS,10,0.0,0.0,0.0,0,13,0.0
cora_resgcn16,4,13,2,4,0,0.0,FIXED_IDS,10,0.0,0.0,0.0,0,13,0.0
cora_resgcn16,4,13,3,4,0,0.0,FIXED_IDS,10,0.0,0.0,0.0,0,13,0.0
cora_resgcn16,4,13,4,4,0,0.0,FIXED_IDS,10,0.0,0.0,0.0,0,13,0.0
cora_resgcn16,4,13,5,4,0,0.0,FIXED_IDS,10,0.0,0.0,0.0,0,13,0.0
cora_resgcn16,4,13,6,4,0,0.0,FIXED_IDS,10,0.0,0.0,0.0,0,13,0.0
cora_resgcn16,4,13,7,4,0,0.0,FIXED_IDS,10,0.0,0.0,0.0,0,13,0.0
cora_resgcn16,4,13,8,4,0,0.0,FIXED_IDS,10,0.0,0.0,0.0,0,13,0.0
cora_resgcn16,4,13,9,4,0,0.0,FIXED_IDS,10,0.0,0.0,0.0,0,13,0.0
cora_resgcn16,4,13,10,4,0,0.0,FIXED_IDS,10,0.0,0.0,0.0,0,13,0.0
cora_resgcn16,4,13,11,4,0,0.0,FIXED_IDS,10,0.0,0.0,0.0,0,13,0.0
cora_resgcn16,4,13,12,4,0,0.0,FIXED_IDS,10,0.0,0.0,0.0,0,13,0.0
cora_resgcn16,4,13,13,4,0,0.0,FIXED_IDS,10,0.0,0.0,0.0,0,13,0.0
cora_resgcn16,4,13,14,4,0,0.0,FIXED_IDS,10,0.0,0.0,0.0,0,13,0.0
cora_resgcn16,4,13,15,4,0,0.0,FIXED_IDS,10,0.0,0.0,0.0,0,13,0.0
cora_resgcn16,4,13,0,4,0,0.0,FIXED_IDS,10,0.0,0.0,0.0,0,13,0.0
cora_resgcn16,4,13,1,4,0,0.0,FIXED_IDS,10,0.0,0.0,0.0,0,13,0.0
cora_resgcn16,4,13,2,4,0,0.0,FIXED_IDS,10,0.0,0.0,0.0,0,13,0.0
cora_resgcn16,4,13,3,4,0,0.0,FIXED_IDS,10,0.0,0.0,0.0,0,13,0.0
cora_resgcn16,4,13,4,4,0,0.0,FIXED_IDS,10,0.0,0.0,0.0,0,13,0.0
cora_resgcn16,4,13,5,4,0,0.0,FIXED_IDS,10,0.0,0.0,0.0,0,13,0.0
cora_resgcn16,4,13,6,4,0,0.0,FIXED_IDS,10,0.0,0.0,0.0,0,13,0.0
cora_resgcn16,4,13,7,4,0,0.0,FIXED_IDS,10,0.0,0.0,0.0,0,13,0.0
cora_resgcn16,4,13,8,4,0,0.0,FIXED_IDS,10,0.0,0.0,0.0,0,13,0.0
cora_resgcn16,4,13,9,4,0,0.0,FIXED_IDS,10,0.0,0.0,0.0,0,13,0.0
cora_resgcn16,4,13,10,4,0,0.0,FIXED_IDS,10,0.0,0.0,0.0,0,13,0.0
cora_resgcn16,4,13,11,4,0,0.0,FIXED_IDS,10,0.0,0.0,0.0,0,13,0.0
cora_resgcn16,4,13,12,4,0,0.0,FIXED_IDS,10,0.0,0.0,0.0,0,13,0.0
cora_resgcn16,4,13,13,4,0,0.0,FIXED_IDS,10,0.0,0.0,0.0,0,13,0.0
cora_resgcn16,4,13,14,4,0,0.0,FIXED_IDS,10,0.0,0.0,0.0,0,13,0.0
cora_resgcn16,4,13,15,4,0,0.0,FIXED_IDS,10,0.0,0.0,0.0,0,13,0.0
cora_resgcn16,4,13,0,4,0,0.0,FIXED_IDS,10,0.0,0.0,0.0,0,13,0.0
cora_resgcn16,4,13,1,4,0,0.0,FIXED_IDS,10,0.0,0.0,0.0,0,13,0.0
cora_resgcn16,4,13,2,4,0,0.0,FIXED_IDS,10,0.0,0.0,0.0,0,13,0.0
cora_resgcn16,4,13,3,4,0,0.0,FIXED_IDS,10,0.0,0.0,0.0,0,13,0.0
cora_resgcn16,4,13,4,4,0,0.0,FIXED_IDS,10,0.0,0.0,0.0,0,13,0.0
cora_resgcn16,4,13,5,4,0,0.0,FIXED_IDS,10,0.0,0.0,0.0,0,13,0.0
cora_resgcn16,4,13,6,4,0,0.0,FIXED_IDS,10,0.0,0.0,0.0,0,13,0.0
cora_resgcn16,4,13,7,4,0,0.0,FIXED_IDS,10,0.0,0.0,0.0,0,13,0.0
cora_resgcn16,4,13,8,4,0,0.0,FIXED_IDS,10,0.0,0.0,0.0,0,13,0.0
cora_resgcn16,4,13,9,4,0,0.0,FIXED_IDS,10,0.0,0.0,0.0,0,13,0.0
cora_resgcn16,4,13,10,4,0,0.0,FIXED_IDS,10,0.0,0.0,0.0,0,13,0.0
cora_resgcn16,4,13,11,4,0,0.0,FIXED_IDS,10,0.0,0.0,0.0,0,13,0.0
cora_resgcn16,4,13,12,4,0,0.0,FIXED_IDS,10,0.0,0.0,0.0,0,13,0.0
cora_resgcn16,4,13,13,4,0,0.0,FIXED_IDS,10,0.0,0.0,0.0,0,13,0.0
cora_resgcn16,4,13,14,4,0,0.0,FIXED_IDS,10,0.0,0.0,0.0,0,13,0.0
cora_resgcn16,4,13,15,4,0,0.0,FIXED_IDS,10,0.0,0.0,0.0,0,13,0.0
cora_resgcn16,4,13,0,4,0,0.0,FIXED_IDS,10,0.0,0.0,0.0,0,13,0.0
cora_resgcn16,4,13,1,4,0,0.0,FIXED_IDS,10,0.0,0.0,0.0,0,13,0.0
cora_resgcn16,4,13,2,4,0,0.0,FIXED_IDS,10,0.0,0.0,0.0,0,13,0.0
cora_resgcn16,4,13,3,4,0,0.0,FIXED_IDS,10,0.0,0.0,0.0,0,13,0.0
cora_resgcn16,4,13,4,4,0,0.0,FIXED_IDS,10,0.0,0.0,0.0,0,13,0.0
cora_resgcn16,4,13,5,4,0,0.0,FIXED_IDS,10,0.0,0.0,0.0,0,13,0.0
cora_resgcn16,4,13,6,4,0,0.0,FIXED_IDS,10,0.0,0.0,0.0,0,13,0.0
cora_resgcn16,4,13,7,4,0,0.0,FIXED_IDS,10,0.0,0.0,0.0,0,13,0.0
cora_resgcn16,4,13,8,4,0,0.0,FIXED_IDS,10,0.0,0.0,0.0,0,13,0.0
cora_resgcn16,4,13,9,4,0,0.0,FIXED_IDS,10,0.0,0.0,0.0,0,13,0.0
cora_resgcn16,4,13,10,4,0,0.0,FIXED_IDS,10,0.0,0.0,0.0,0,13,0.0
cora_resgcn16,4,13,11,4,0,0.0,FIXED_IDS,10,0.0,0.0,0.0,0,13,0.0
cora_resgcn16,4,13,12,4,0,0.0,FIXED_IDS,10,0.0,0.0,0.0,0,13,0.0
cora_resgcn16,4,13,13,4,0,0.0,FIXED_IDS,10,0.0,0.0,0.0,0,13,0.0
cora_resgcn16,4,13,14,4,0,0.0,FIXED_IDS,10,0.0,0.0,0.0,0,13,0.0
cora_resgcn16,4,13,15,4,0,0.0,FIXED_IDS,10,0.0,0.0,0.0,0,13,0.0
cora_resgcn16,4,13,0,4,0,0.0,FIXED_IDS,10,0.0,0.0,0.0,0,13,0.0
cora_resgcn16,4,13,1,4,0,0.0,FIXED_IDS,10,0.0,0.0,0.0,0,13,0.0
cora_resgcn16,4,13,2,4,0,0.0,FIXED_IDS,10,0.0,0.0,0.0,0,13,0.0
cora_resgcn16,4,13,3,4,0,0.0,FIXED_IDS,10,0.0,0.0,0.0,0,13,0.0
cora_resgcn16,4,13,4,4,0,0.0,FIXED_IDS,10,0.0,0.0,0.0,0,13,0.0
cora_resgcn16,4,13,5,4,0,0.0,FIXED_IDS,10,0.0,0.0,0.0,0,13,0.0
cora_resgcn16,4,13,6,4,0,0.0,FIXED_IDS,10,0.0,0.0,0.0,0,13,0.0
cora_resgcn16,4,13,7,4,0,0.0,FIXED_IDS,10,0.0,0.0,0.0,0,13,0.0
cora_resgcn16,4,13,8,4,0,0.0,FIXED_IDS,10,0.0,0.0,0.0,0,13,0.0
cora_resgcn16,4,13,9,4,0,0.0,FIXED_IDS,10,0.0,0.0,0.0,0,13,0.0
cora_resgcn16,4,13,10,4,0,0.0,FIXED_IDS,10,0.0,0.0,0.0,0,13,0.0
cora_resgcn16,4,13,11,4,0,0.0,FIXED_IDS,10,0.0,0.0,0.0,0,13,0.0
cora_resgcn16,4,13,12,4,0,0.0,FIXED_IDS,10,0.0,0.0,0.0,0,13,0.0
cora_resgcn16,4,13,13,4,0,0.0,FIXED_IDS,10,0.0,0.0,0.0,0,13,0.0
cora_resgcn16,4,13,14,4,0,0.0,FIXED_IDS,10,0.0,0.0,0.0,0,13,0.0
cora_resgcn16,4,13,15,4,0,0.0,FIXED_IDS,10,0.0,0.0,0.0,0,13,0.0
cora_resgcn16,4,13,0,4,0,0.0,FIXED_IDS,10,0.0,0.0,0.0,0,13,0.0
cora_resgcn16,4,13,1,4,0,0.0,FIXED_IDS,10,0.0,0.0,0.0,0,13,0.0
cora_resgcn16,4,13,2,4,0,0.0,FIXED_IDS,10,0.0,0.0,0.0,0,13,0.0
cora_resgcn16,4,13,3,4,0,0.0,FIXED_IDS,10,0.0,0.0,0.0,0,13,0.0
cora_resgcn16,4,13,4,4,0,0.0,FIXED_IDS,10,0.0,0.0,0.0,0,13,0.0
cora_resgcn16,4,13,5,4,0,0.0,FIXED_IDS,10,0.0,0.0,0.0,0,13,0.0
cora_resgcn16,4,13,6,4,0,0.0,FIXED_IDS,10,0.0,0.0,0.0,0,13,0.0
cora_resgcn16,4,13,7,4,0,0.0,FIXED_IDS,10,0.0,0.0,0.0,0,13,0.0
cora_resgcn16,4,13,8,4,0,0.0,FIXED_IDS,10,0.0,0.0,0.0,0,13,0.0
cora_resgcn16,4,13,9,4,0,0.0,FIXED_IDS,10,0.0,0.0,0.0,0,13,0.0
cora_resgcn16,4,13,10,4,0,0.0,FIXED_IDS,10,0.0,0.0,0.0,0,13,0.0
cora_resgcn16,4,13,11,4,0,0.0,FIXED_IDS,10,0.0,0.0,0.0,0,13,0.0
cora_resgcn16,4,13,12,4,0,0.0,FIXED_IDS,10,0.0,0.0,0.0,0,13,0.0
cora_resgcn16,4,13,13,4,0,0.0,FIXED_IDS,10,0.0,0.0,0.0,0,13,0.0
cora_resgcn16,4,13,14,4,0,0.0,FIXED_IDS,10,0.0,0.0,0.0,0,13,0.0
cora_resgcn16,4,13,15,4,0,0.0,FIXED_IDS,10,0.0,0.0,0.0,0,13,0.0
cora_resgcn16,4,13,0,4,0,0.0,FIXED_IDS,10,0.0,0.0,0.0,0,13,0.0
cora_resgcn16,4,13,1,4,0,0.0,FIXED_IDS,10,0.0,0.0,0.0,0,13,0.0
cora_resgcn16,4,13,2,4,0,0.0,FIXED_IDS,10,0.0,0.0,0.0,0,13,0.0
cora_resgcn16,4,13,3,4,0,0.0,FIXED_IDS,10,0.0,0.0,0.0,0,13,0.0
cora_resgcn16,4,13,4,4,0,0.0,FIXED_IDS,10,0.0,0.0,0.0,0,13,0.0
cora_resgcn16,4,13,5,4,0,0.0,FIXED_IDS,10,0.0,0.0,0.0,0,13,0.0
cora_resgcn16,4,13,6,4,0,0.0,FIXED_IDS,10,0.0,0.0,0.0,0,13,0.0
cora_resgcn16,4,13,7,4,0,0.0,FIXED_IDS,10,0.0,0.0,0.0,0,13,0.0
cora_resgcn16,4,13,8,4,0,0.0,FIXED_IDS,10,0.0,0.0,0.0,0,13,0.0
cora_resgcn16,4,13,9,4,0,0.0,FIXED_IDS,10,0.0,0.0,0.0,0,13,0.0
cora_resgcn16,4,13,10,4,0,0.0,FIXED_IDS,10,0.0,0.0,0.0,0,13,0.0
cora_resgcn16,4,13,11,4,0,0.0,FIXED_IDS,10,0.0,0.0,0.0,0,13,0.0
cora_resgcn16,4,13,12,4,0,0.0,FIXED_IDS,10,0.0,0.0,0.0,0,13,0.0
cora_resgcn16,4,13,13,4,0,0.0,FIXED_IDS,10,0.0,0.0,0.0,0,13,0.0
cora_resgcn16,4,13,14,4,0,0.0,FIXED_IDS,10,0.0,0.0,0.0,0,13,0.0
cora_resgcn16,4,13,15,4,0,0.0,FIXED_IDS,10,0.0,0.0,0.0,0,13,0.0
cora_resgcn16,4,13,0,4,0,0.0,FIXED_IDS,10,0.0,0.0,0.0,0,13,0.0
cora_resgcn16,4,13,1,4,0,0.0,FIXED_IDS,10,0.0,0.0,0.0,0,13,0.0
cora_resgcn16,4,13,2,4,0,0.0,FIXED_IDS,10,0.0,0.0,0.0,0,13,0.0
cora_resgcn16,4,13,3,4,0,0.0,FIXED_IDS,10,0.0,0.0,0.0,0,13,0.0
cora_resgcn16,4,13,4,4,0,0.0,FIXED_IDS,10,0.0,0.0,0.0,0,13,0.0
cora_resgcn16,4,13,5,4,0,0.0,FIXED_IDS,10,0.0,0.0,0.0,0,13,0.0
cora_resgcn16,4,13,6,4,0,0.0,FIXED_IDS,10,0.0,0.0,0.0,0,13,0.0
cora_resgcn16,4,13,7,4,0,0.0,FIXED_IDS,10,0.0,0.0,0.0,0,13,0.0
cora_resgcn16,4,13,8,4,0,0.0,FIXED_IDS,10,0.0,0.0,0.0,0,13,0.0
cora_resgcn16,4,13,9,4,0,0.0,FIXED_IDS,10,0.0,0.0,0.0,0,13,0.0
cora_resgcn16,4,13,10,4,0,0.0,FIXED_IDS,10,0.0,0.0,0.0,0,13,0.0
cora_resgcn16,4,13,11,4,0,0.0,FIXED_IDS,10,0.0,0.0,0.0,0,13,0.0
cora_resgcn16,4,13,12,4,0,0.0,FIXED_IDS,10,0.0,0.0,0.0,0,13,0.0
cora_resgcn16,4,13,13,4,0,0.0,FIXED_IDS,10,0.0,0.0,0.0,0,13,0.0
cora_resgcn16,4,13,14,4,0,0.0,FIXED_IDS,10,0.0,0.0,0.0,0,13,0.0
cora_resgcn16,4,13,15,4,0,0.0,FIXED_IDS,10,0.0,0.0,0.0,0,13,0.0
cora_resgcn16,4,13,0,4,0,0.0,FIXED_IDS,10,0.0,0.0,0.0,0,13,0.0
cora_resgcn16,4,13,1,4,0,0.0,FIXED_IDS,10,0.0,0.0,0.0,0,13,0.0
cora_resgcn16,4,13,2,4,0,0.0,FIXED_IDS,10,0.0,0.0,0.0,0,13,0.0
cora_resgcn16,4,13,3,4,0,0.0,FIXED_IDS,10,0.0,0.0,0.0,0,13,0.0
cora_resgcn16,4,13,4,4,0,0.0,FIXED_IDS,10,0.0,0.0,0.0,0,13,0.0
cora_resgcn16,4,13,5,4,0,0.0,FIXED_IDS,10,0.0,0.0,0.0,0,13,0.0
cora_resgcn16,4,13,6,4,0,0.0,FIXED_IDS,10,0.0,0.0,0.0,0,13,0.0
cora_resgcn16,4,13,7,4,0,0.0,FIXED_IDS,10,0.0,0.0,0.0,0,13,0.0
cora_resgcn16,4,13,8,4,0,0.0,FIXED_IDS,10,0.0,0.0,0.0,0,13,0.0
cora_resgcn16,4,13,9,4,0,0.0,FIXED_IDS,10,0.0,0.0,0.0,0,13,0.0
cora_resgcn16,4,13,10,4,0,0.0,FIXED_IDS,10,0.0,0.0,0.0,0,13,0.0
cora_resgcn16,4,13,11,4,0,0.0,FIXED_IDS,10,0.0,0.0,0.0,0,13,0.0
cora_resgcn16,4,13,12,4,0,0.0,FIXED_IDS,10,0.0,0.0,0.0,0,13,0.0
cora_resgcn16,4,13,13,4,0,0.0,FIXED_IDS,10,0.0,0.0,0.0,0,13,0.0
cora_resgcn16,4,13,14,4,0,0.0,FIXED_IDS,10,0.0,0.0,0.0,0,13,0.0
cora_resgcn16,4,13,15,4,0,0.0,FIXED_IDS,10,0.0,0.0,0.0,0,13,0.0
cora_resgcn16,4,13,0,4,0,0.0,FIXED_IDS,10,0.0,0.0,0.0,0,13,0.0
cora_resgcn16,4,13,1,4,0,0.0,FIXED_IDS,10,0.0,0.0,0.0,0,13,0.0
cora_resgcn16,4,13,2,4,0,0.0,FIXED_IDS,10,0.0,0.0,0.0,0,13,0.0
cora_resgcn16,4,13,3,4,0,0.0,FIXED_IDS,10,0.0,0.0,0.0,0,13,0.0
cora_resgcn16,4,13,4,4,0,0.0,FIXED_IDS,10,0.0,0.0,0.0,0,13,0.0
cora_resgcn16,4,13,5,4,0,0.0,FIXED_IDS,10,0.0,0.0,0.0,0,13,0.0
cora_resgcn16,4,13,6,4,0,0.0,FIXED_IDS,10,0.0,0.0,0.0,0,13,0.0
cora_resgcn16,4,13,7,4,0,0.0,FIXED_IDS,10,0.0,0.0,0.0,0,13,0.0
cora_resgcn16,4,13,8,4,0,0.0,FIXED_IDS,10,0.0,0.0,0.0,0,13,0.0
cora_resgcn16,4,13,9,4,0,0.0,FIXED_IDS,10,0.0,0.0,0.0,0,13,0.0
cora_resgcn16,4,13,10,4,0,0.0,FIXED_IDS,10,0.0,0.0,0.0,0,13,0.0
cora_resgcn16,4,13,11,4,0,0.0,FIXED_IDS,10,0.0,0.0,0.0,0,13,0.0
cora_resgcn16,4,13,12,4,0,0.0,FIXED_IDS,10,0.0,0.0,0.0,0,13,0.0
cora_resgcn16,4,13,13,4,0,0.0,FIXED_IDS,10,0.0,0.0,0.0,0,13,0.0
cora_resgcn16,4,13,14,4,0,0.0,FIXED_IDS,10,0.0,0.0,0.0,0,13,0.0
cora_resgcn16,4,13,15,4,0,0.0,FIXED_IDS,10,0.0,0.0,0.0,0,13,0.0
cora_resgcn16,4,13,0,4,0,0.0,FIXED_IDS,10,0.0,0.0,0.0,0,13,0.0
cora_resgcn16,4,13,1,4,0,0.0,FIXED_IDS,10,0.0,0.0,0.0,0,13,0.0
cora_resgcn16,4,13,2,4,0,0.0,FIXED_IDS,10,0.0,0.0,0.0,0,13,0.0
cora_resgcn16,4,13,3,4,0,0.0,FIXED_IDS,10,0.0,0.0,0.0,0,13,0.0
cora_resgcn16,4,13,4,4,0,0.0,FIXED_IDS,10,0.0,0.0,0.0,0,13,0.0
cora_resgcn16,4,13,5,4,0,0.0,FIXED_IDS,10,0.0,0.0,0.0,0,13,0.0
cora_resgcn16,4,13,6,4,0,0.0,FIXED_IDS,10,0.0,0.0,0.0,0,13,0.0
cora_resgcn16,4,13,7,4,0,0.0,FIXED_IDS,10,0.0,0.0,0.0,0,13,0.0
cora_resgcn16,4,13,8,4,0,0.0,FIXED_IDS,10,0.0,0.0,0.0,0,13,0.0
cora_resgcn16,4,13,9,4,0,0.0,FIXED_IDS,10,0.0,0.0,0.0,0,13,0.0
cora_resgcn16,4,13,10,4,0,0.0,FIXED_IDS,10,0.0,0.0,0.0,0,13,0.0
cora_resgcn16,4,13,11,4,0,0.0,FIXED_IDS,10,0.0,0.0,0.0,0,13,0.0
cora_resgcn16,4,13,12,4,0,0.0,FIXED_IDS,10,0.0,0.0,0.0,0,13,0.0
cora_resgcn16,4,13,13,4,0,0.0,FIXED_IDS,10,0.0,0.0,0.0,0,13,0.0
cora_resgcn16,4,13,14,4,0,0.0,FIXED_IDS,10,0.0,0.0,0.0,0,13,0.0
cora_resgcn16,4,13,15,4,0,0.0,FIXED_IDS,10,0.0,0.0,0.0,0,13,0.0
cora_resgcn16,4,13,0,4,0,0.0,FIXED_IDS,10,0.0,0.0,0.0,0,13,0.0
cora_resgcn16,4,13,1,4,0,0.0,FIXED_IDS,10,0.0,0.0,0.0,0,13,0.0
cora_resgcn16,4,13,2,4,0,0.0,FIXED_IDS,10,0.0,0.0,0.0,0,13,0.0
cora_resgcn16,4,13,3,4,0,0.0,FIXED_IDS,10,0.0,0.0,0.0,0,13,0.0
cora_resgcn16,4,13,4,4,0,0.0,FIXED_IDS,10,0.0,0.0,0.0,0,13,0.0
cora_resgcn16,4,13,5,4,0,0.0,FIXED_IDS,10,0.0,0.0,0.0,0,13,0.0
cora_resgcn16,4,13,6,4,0,0.0,FIXED_IDS,10,0.0,0.0,0.0,0,13,0.0
cora_resgcn16,4,13,7,4,0,0.0,FIXED_IDS,10,0.0,0.0,0.0,0,13,0.0
cora_resgcn16,4,13,8,4,0,0.0,FIXED_IDS,10,0.0,0.0,0.0,0,13,0.0
cora_resgcn16,4,13,9,4,0,0.0,FIXED_IDS,10,0.0,0.0,0.0,0,13,0.0
cora_resgcn16,4,13,10,4,0,0.0,FIXED_IDS,10,0.0,0.0,0.0,0,13,0.0
cora_resgcn16,4,13,11,4,0,0.0,FIXED_IDS,10,0.0,0.0,0.0,0,13,0.0
cora_resgcn16,4,13,12,4,0,0.0,FIXED_IDS,10,0.0,0.0,0.0,0,13,0.0
cora_resgcn16,4,13,13,4,0,0.0,FIXED_IDS,10,0.0,0.0,0.0,0,13,0.0
cora_resgcn16,4,13,14,4,0,0.0,FIXED_IDS,10,0.0,0.0,0.0,0,13,0.0
cora_resgcn16,4,13,15,4,0,0.0,FIXED_IDS,10,0.0,0.0,0.0,0,13,0.0
cora_resgcn16,4,13,0,4,0,0.0,FIXED_IDS,10,0.0,0.0,0.0,0,13,0.0
cora_resgcn16,4,13,1,4,0,0.0,FIXED_IDS,10,0.0,0.0,0.0,0,13,0.0
cora_resgcn16,4,13,2,4,0,0.0,FIXED_IDS,10,0.0,0.0,0.0,0,13,0.0
cora_resgcn16,4,13,3,4,0,0.0,FIXED_IDS,10,0.0,0.0,0.0,0,13,0.0
cora_resgcn16,4,13,4,4,0,0.0,FIXED_IDS,10,0.0,0.0,0.0,0,13,0.0
cora_resgcn16,4,13,5,4,0,0.0,FIXED_IDS,10,0.0,0.0,0.0,0,13,0.0
cora_resgcn16,4,13,6,4,0,0.0,FIXED_IDS,10,0.0,0.0,0.0,0,13,0.0
cora_resgcn16,4,13,7,4,0,0.0,FIXED_IDS,10,0.0,0.0,0.0,0,13,0.0
cora_resgcn16,4,13,8,4,0,0.0,FIXED_IDS,10,0.0,0.0,0.0,0,13,0.0
cora_resgcn16,4,13,9,4,0,0.0,FIXED_IDS,10,0.0,0.0,0.0,0,13,0.0
cora_resgcn16,4,13,10,4,0,0.0,FIXED_IDS,10,0.0,0.0,0.0,0,13,0.0
cora_resgcn16,4,13,11,4,0,0.0,FIXED_IDS,10,0.0,0.0,0.0,0,13,0.0
cora_resgcn16,4,13,12,4,0,0.0,FIXED_IDS,10,0.0,0.0,0.0,0,13,0.0
cora_resgcn16,4,13,13,4,0,0.0,FIXED_IDS,10,0.0,0.0,0.0,0,13,0.0
cora_resgcn16,4,13,14,4,0,0.0,FIXED_IDS,10,0.0,0.0,0.0,0,13,0.0
cora_resgcn16,4,13,15,4,0,0.0,FIXED_IDS,10,0.0,0.0,0.0,0,13,0.0
cora_resgcn16,4,13,0,4,0,0.0,FIXED_IDS,10,0.0,0.0,0.0,0,13,0.0
cora_resgcn16,4,13,1,4,0,0.0,FIXED_IDS,10,0.0,0.0,0.0,0,13,0.0
cora_resgcn16,4,13,2,4,0,0.0,FIXED_IDS,10,0.0,0.0,0.0,0,13,0.0
cora_resgcn16,4,13,3,4,0,0.0,FIXED_IDS,10,0.0,0.0,0.0,0,13,0.0
cora_resgcn16,4,13,4,4,0,0.0,FIXED_IDS,10,0.0,0.0,0.0,0,13,0.0
cora_resgcn16,4,13,5,4,0,0.0,FIXED_IDS,10,0.0,0.0,0.0,0,13,0.0
cora_resgcn16,4,13,6,4,0,0.0,FIXED_IDS,10,0.0,0.0,0.0,0,13,0.0
cora_resgcn16,4,13,7,4,0,0.0,FIXED_IDS,10,0.0,0.0,0.0,0,13,0.0
cora_resgcn16,4,13,8,4,0,0.0,FIXED_IDS,10,0.0,0.0,0.0,0,13,0.0
cora_resgcn16,4,13,9,4,0,0.0,FIXED_IDS,10,0.0,0.0,0.0,0,13,0.0
cora_resgcn16,4,13,10,4,0,0.0,FIXED_IDS,10,0.0,0.0,0.0,0,13,0.0
cora_resgcn16,4,13,11,4,0,0.0,FIXED_IDS,10,0.0,0.0,0.0,0,13,0.0
cora_resgcn16,4,13,12,4,0,0.0,FIXED_IDS,10,0.0,0.0,0.0,0,13,0.0
cora_resgcn16,4,13,13,4,0,0.0,FIXED_IDS,10,0.0,0.0,0.0,0,13,0.0
cora_resgcn16,4,13,14,4,0,0.0,FIXED_IDS,10,0.0,0.0,0.0,0,13,0.0
cora_resgcn16,4,13,15,4,0,0.0,FIXED_IDS,10,0.0,0.0,0.0,0,13,0.0
cora_resgcn16,4,13,0,4,0,0.0,FIXED_IDS,10,0.0,0.0,0.0,0,13,0.0
cora_resgcn16,4,13,1,4,0,0.0,FIXED_IDS,10,0.0,0.0,0.0,0,13,0.0
cora_resgcn16,4,13,2,4,0,0.0,FIXED_IDS,10,0.0,0.0,0.0,0,13,0.0
cora_resgcn16,4,13,3,4,0,0.0,FIXED_IDS,10,0.0,0.0,0.0,0,13,0.0
cora_resgcn16,4,13,4,4,0,0.0,FIXED_IDS,10,0.0,0.0,0.0,0,13,0.0
cora_resgcn16,4,13,5,4,0,0.0,FIXED_IDS,10,0.0,0.0,0.0,0,13,0.0
cora_resgcn16,4,13,6,4,0,0.0,FIXED_IDS,10,0.0,0.0,0.0,0,13,0.0
cora_resgcn16,4,13,7,4,0,0.0,FIXED_IDS,10,0.0,0.0,0.0,0,13,0.0
cora_resgcn16,4,13,8,4,0,0.0,FIXED_IDS,10,0.0,0.0,0.0,0,13,0.0
cora_resgcn16,4,13,9,4,0,0.0,FIXED_IDS,10,0.0,0.0,0.0,0,13,0.0
cora_resgcn16,4,13,10,4,0,0.0,FIXED_IDS,10,0.0,0.0,0.0,0,13,0.0
cora_resgcn16,4,13,11,4,0,0.0,FIXED_IDS,10,0.0,0.0,0.0,0,13,0.0
cora_resgcn16,4,13,12,4,0,0.0,FIXED_IDS,10,0.0,0.0,0.0,0,13,0.0
cora_resgcn16,4,13,13,4,0,0.0,FIXED_IDS,10,0.0,0.0,0.0,0,13,0.0
cora_resgcn16,4,13,14,4,0,0.0,FIXED_IDS,10,0.0,0.0,0.0,0,13,0.0
cora_resgcn16,4,13,15,4,0,0.0,FIXED_IDS,10,0.0,0.0,0.0,0,13,0.0
cora_resgcn16,4,13,0,4,0,0.0,FIXED_IDS,10,0.0,0.0,0.0,0,13,0.0
cora_resgcn16,4,13,1,4,0,0.0,FIXED_IDS,10,0.0,0.0,0.0,0,13,0.0
cora_resgcn16,4,13,2,4,0,0.0,FIXED_IDS,10,0.0,0.0,0.0,0,13,0.0
cora_resgcn16,4,13,3,4,0,0.0,FIXED_IDS,10,0.0,0.0,0.0,0,13,0.0
cora_resgcn16,4,13,4,4,0,0.0,FIXED_IDS,10,0.0,0.0,0.0,0,13,0.0
cora_resgcn16,4,13,5,4,0,0.0,FIXED_IDS,10,0.0,0.0,0.0,0,13,0.0
cora_resgcn16,4,13,6,4,0,0.0,FIXED_IDS,10,0.0,0.0,0.0,0,13,0.0
cora_resgcn16,4,13,7,4,0,0.0,FIXED_IDS,10,0.0,0.0,0.0,0,13,0.0
cora_resgcn16,4,13,8,4,0,0.0,FIXED_IDS,10,0.0,0.0,0.0,0,13,0.0
cora_resgcn16,4,13,9,4,0,0.0,FIXED_IDS,10,0.0,0.0,0.0,0,13,0.0
cora_resgcn16,4,13,10,4,0,0.0,FIXED_IDS,10,0.0,0.0,0.0,0,13,0.0
cora_resgcn16,4,13,11,4,0,0.0,FIXED_IDS,10,0.0,0.0,0.0,0,13,0.0
cora_resgcn16,4,13,12,4,0,0.0,FIXED_IDS,10,0.0,0.0,0.0,0,13,0.0
cora_resgcn16,4,13,13,4,0,0.0,FIXED_IDS,10,0.0,0.0,0.0,0,13,0.0
cora_resgcn16,4,13,14,4,0,0.0,FIXED_IDS,10,0.0,0.0,0.0,0,13,0.0
cora_resgcn16,4,13,15,4,0,0.0,FIXED_IDS,10,0.0,0.0,0.0,0,13,0.0
cora_resgcn16,4,13,0,4,0,0.0,FIXED_IDS,7,0.0,0.0,0.0,0,13,0.0
cora_resgcn16,4,13,1,4,0,0.0,FIXED_IDS,7,0.0,0.0,0.0,0,13,0.0
cora_resgcn16,4,13,2,4,0,0.0,FIXED_IDS,7,0.0,0.0,0.0,0,13,0.0
cora_resgcn16,4,13,3,4,0,0.0,FIXED_IDS,7,0.0,0.0,0.0,0,13,0.0
cora_resgcn16,4,13,4,4,0,0.0,FIXED_IDS,7,0.0,0.0,0.0,0,13,0.0
cora_resgcn16,4,13,5,4,0,0.0,FIXED_IDS,7,0.0,0.0,0.0,0,13,0.0
cora_resgcn16,4,13,6,4,0,0.0,FIXED_IDS,7,0.0,0.0,0.0,0,13,0.0
cora_resgcn16,4,13,7,4,0,0.0,FIXED_IDS,7,0.0,0.0,0.0,0,13,0.0
cora_resgcn16,4,13,8,4,0,0.0,FIXED_IDS,7,0.0,0.0,0.0,0,13,0.0
cora_resgcn16,4,13,9,4,0,0.0,FIXED_IDS,7,0.0,0.0,0.0,0,13,0.0
cora_resgcn16,4,13,10,4,0,0.0,FIXED_IDS,7,0.0,0.0,0.0,0,13,0.0
cora_resgcn16,4,13,11,4,0,0.0,FIXED_IDS,7,0.0,0.0,0.0,0,13,0.0
cora_resgcn16,4,13,12,4,0,0.0,FIXED_IDS,7,0.0,0.0,0.0,0,13,0.0
cora_resgcn16,4,13,13,4,0,0.0,FIXED_IDS,7,0.0,0.0,0.0,0,13,0.0
cora_resgcn16,4,13,14,4,0,0.0,FIXED_IDS,7,0.0,0.0,0.0,0,13,0.0
cora_resgcn16,4,13,15,4,0,0.0,FIXED_IDS,7,0.0,0.0,0.0,0,13,0.0
cora_resgcn16,4,13,0,8,0,0.0,FIXED_IDS,10,0.0,0.0,0.0,0,13,0.0
cora_resgcn16,4,13,1,8,0,0.0,FIXED_IDS,10,0.0,0.0,0.0,0,13,0.0
cora_resgcn16,4,13,2,8,0,0.0,FIXED_IDS,10,0.0,0.0,0.0,0,13,0.0
cora_resgcn16,4,13,3,8,0,0.0,FIXED_IDS,10,0.0,0.0,0.0,0,13,0.0
cora_resgcn16,4,13,4,8,0,0.0,FIXED_IDS,10,0.0,0.0,0.0,0,13,0.0
cora_resgcn16,4,13,5,8,0,0.0,FIXED_IDS,10,0.0,0.0,0.0,0,13,0.0
cora_resgcn16,4,13,6,8,0,0.0,FIXED_IDS,10,0.0,0.0,0.0,0,13,0.0
cora_resgcn16,4,13,7,8,0,0.0,FIXED_IDS,10,0.0,0.0,0.0,0,13,0.0
cora_resgcn16,4,13,0,8,0,0.0,FIXED_IDS,10,0.0,0.0,0.0,0,13,0.0
cora_resgcn16,4,13,1,8,0,0.0,FIXED_IDS,10,0.0,0.0,0.0,0,13,0.0
cora_resgcn16,4,13,2,8,0,0.0,FIXED_IDS,10,0.0,0.0,0.0,0,13,0.0
cora_resgcn16,4,13,3,8,0,0.0,FIXED_IDS,10,0.0,0.0,0.0,0,13,0.0
cora_resgcn16,4,13,4,8,0,0.0,FIXED_IDS,10,0.0,0.0,0.0,0,13,0.0
cora_resgcn16,4,13,5,8,0,0.0,FIXED_IDS,10,0.0,0.0,0.0,0,13,0.0
cora_resgcn16,4,13,6,8,0,0.0,FIXED_IDS,10,0.0,0.0,0.0,0,13,0.0
cora_resgcn16,4,13,7,8,0,0.0,FIXED_IDS,10,0.0,0.0,0.0,0,13,0.0
cora_resgcn16,4,13,0,8,0,0.0,FIXED_IDS,10,0.0,0.0,0.0,0,13,0.0
cora_resgcn16,4,13,1,8,0,0.0,FIXED_IDS,10,0.0,0.0,0.0,0,13,0.0
cora_resgcn16,4,13,2,8,0,0.0,FIXED_IDS,10,0.0,0.0,0.0,0,13,0.0
cora_resgcn16,4,13,3,8,0,0.0,FIXED_IDS,10,0.0,0.0,0.0,0,13,0.0
cora_resgcn16,4,13,4,8,0,0.0,FIXED_IDS,10,0.0,0.0,0.0,0,13,0.0
cora_resgcn16,4,13,5,8,0,0.0,FIXED_IDS,10,0.0,0.0,0.0,0,13,0.0
cora_resgcn16,4,13,6,8,0,0.0,FIXED_IDS,10,0.0,0.0,0.0,0,13,0.0
cora_resgcn16,4,13,7,8,0,0.0,FIXED_IDS,10,0.0,0.0,0.0,0,13,0.0
cora_resgcn16,4,13,0,8,0,0.0,FIXED_IDS,10,0.0,0.0,0.0,0,13,0.0
cora_resgcn16,4,13,1,8,0,0.0,FIXED_IDS,10,0.0,0.0,0.0,0,13,0.0
cora_resgcn16,4,13,2,8,0,0.0,FIXED_IDS,10,0.0,0.0,0.0,0,13,0.0
cora_resgcn16,4,13,3,8,0,0.0,FIXED_IDS,10,0.0,0.0,0.0,0,13,0.0
cora_resgcn16,4,13,4,8,0,0.0,FIXED_IDS,10,0.0,0.0,0.0,0,13,0.0
cora_resgcn16,4,13,5,8,0,0.0,FIXED_IDS,10,0.0,0.0,0.0,0,13,0.0
cora_resgcn16,4,13,6,8,0,0.0,FIXED_IDS,10,0.0,0.0,0.0,0,13,0.0
cora_resgcn16,4,13,7,8,0,0.0,FIXED_IDS,10,0.0,0.0,0.0,0,13,0.0
cora_resgcn16,4,13,0,8,0,0.0,FIXED_IDS,10,0.0,0.0,0.0,0,13,0.0
cora_resgcn16,4,13,1,8,0,0.0,FIXED_IDS,10,0.0,0.0,0.0,0,13,0.0
cora_resgcn16,4,13,2,8,0,0.0,FIXED_IDS,10,0.0,0.0,0.0,0,13,0.0
cora_resgcn16,4,13,3,8,0,0.0,FIXED_IDS,10,0.0,0.0,0.0,0,13,0.0
cora_resgcn16,4,13,4,8,0,0.0,FIXED_IDS,10,0.0,0.0,0.0,0,13,0.0
cora_resgcn16,4,13,5,8,0,0.0,FIXED_IDS,10,0.0,0.0,0.0,0,13,0.0
cora_resgcn16,4,13,6,8,0,0.0,FIXED_IDS,10,0.0,0.0,0.0,0,13,0.0
cora_resgcn16,4,13,7,8,0,0.0,FIXED_IDS,10,0.0,0.0,0.0,0,13,0.0
cora_resgcn16,4,13,0,8,0,0.0,FIXED_IDS,10,0.0,0.0,0.0,0,13,0.0
cora_resgcn16,4,13,1,8,0,0.0,FIXED_IDS,10,0.0,0.0,0.0,0,13,0.0
cora_resgcn16,4,13,2,8,0,0.0,FIXED_IDS,10,0.0,0.0,0.0,0,13,0.0
cora_resgcn16,4,13,3,8,0,0.0,FIXED_IDS,10,0.0,0.0,0.0,0,13,0.0
cora_resgcn16,4,13,4,8,0,0.0,FIXED_IDS,10,0.0,0.0,0.0,0,13,0.0
cora_resgcn16,4,13,5,8,0,0.0,FIXED_IDS,10,0.0,0.0,0.0,0,13,0.0
cora_resgcn16,4,13,6,8,0,0.0,FIXED_IDS,10,0.0,0.0,0.0,0,13,0.0
cora_resgcn16,4,13,7,8,0,0.0,FIXED_IDS,10,0.0,0.0,0.0,0,13,0.0
cora_resgcn16,4,13,0,8,0,0.0,FIXED_IDS,10,0.0,0.0,0.0,0,13,0.0
cora_resgcn16,4,13,1,8,0,0.0,FIXED_IDS,10,0.0,0.0,0.0,0,13,0.0
cora_resgcn16,4,13,2,8,0,0.0,FIXED_IDS,10,0.0,0.0,0.0,0,13,0.0
cora_resgcn16,4,13,3,8,0,0.0,FIXED_IDS,10,0.0,0.0,0.0,0,13,0.0
cora_resgcn16,4,13,4,8,0,0.0,FIXED_IDS,10,0.0,0.0,0.0,0,13,0.0
cora_resgcn16,4,13,5,8,0,0.0,FIXED_IDS,10,0.0,0.0,0.0,0,13,0.0
cora_resgcn16,4,13,6,8,0,0.0,FIXED_IDS,10,0.0,0.0,0.0,0,13,0.0
cora_resgcn16,4,13,7,8,0,0.0,FIXED_IDS,10,0.0,0.0,0.0,0,13,0.0
cora_resgcn16,4,13,0,8,0,0.0,FIXED_IDS,10,0.0,0.0,0.0,0,13,0.0
cora_resgcn16,4,13,1,8,0,0.0,FIXED_IDS,10,0.0,0.0,0.0,0,13,0.0
cora_resgcn16,4,13,2,8,0,0.0,FIXED_IDS,10,0.0,0.0,0.0,0,13,0.0
cora_resgcn16,4,13,3,8,0,0.0,FIXED_IDS,10,0.0,0.0,0.0,0,13,0.0
cora_resgcn16,4,13,4,8,0,0.0,FIXED_IDS,10,0.0,0.0,0.0,0,13,0.0
cora_resgcn16,4,13,5,8,0,0.0,FIXED_IDS,10,0.0,0.0,0.0,0,13,0.0
cora_resgcn16,4,13,6,8,0,0.0,FIXED_IDS,10,0.0,0.0,0.0,0,13,0.0
cora_resgcn16,4,13,7,8,0,0.0,FIXED_IDS,10,0.0,0.0,0.0,0,13,0.0
cora_resgcn16,4,13,0,8,0,0.0,FIXED_IDS,10,0.0,0.0,0.0,0,13,0.0
cora_resgcn16,4,13,1,8,0,0.0,FIXED_IDS,10,0.0,0.0,0.0,0,13,0.0
cora_resgcn16,4,13,2,8,0,0.0,FIXED_IDS,10,0.0,0.0,0.0,0,13,0.0
cora_resgcn16,4,13,3,8,0,0.0,FIXED_IDS,10,0.0,0.0,0.0,0,13,0.0
cora_resgcn16,4,13,4,8,0,0.0,FIXED_IDS,10,0.0,0.0,0.0,0,13,0.0
cora_resgcn16,4,13,5,8,0,0.0,FIXED_IDS,10,0.0,0.0,0.0,0,13,0.0
cora_resgcn16,4,13,6,8,0,0.0,FIXED_IDS,10,0.0,0.0,0.0,0,13,0.0
cora_resgcn16,4,13,7,8,0,0.0,FIXED_IDS,10,0.0,0.0,0.0,0,13,0.0
cora_resgcn16,4,13,0,8,0,0.0,FIXED_IDS,10,0.0,0.0,0.0,0,13,0.0
cora_resgcn16,4,13,1,8,0,0.0,FIXED_IDS,10,0.0,0.0,0.0,0,13,0.0
cora_resgcn16,4,13,2,8,0,0.0,FIXED_IDS,10,0.0,0.0,0.0,0,13,0.0
cora_resgcn16,4,13,3,8,0,0.0,FIXED_IDS,10,0.0,0.0,0.0,0,13,0.0
cora_resgcn16,4,13,4,8,0,0.0,FIXED_IDS,10,0.0,0.0,0.0,0,13,0.0
cora_resgcn16,4,13,5,8,0,0.0,FIXED_IDS,10,0.0,0.0,0.0,0,13,0.0
cora_resgcn16,4,13,6,8,0,0.0,FIXED_IDS,10,0.0,0.0,0.0,0,13,0.0
cora_resgcn16,4,13,7,8,0,0.0,FIXED_IDS,10,0.0,0.0,0.0,0,13,0.0
cora_resgcn16,4,13,0,8,0,0.0,FIXED_IDS,10,0.0,0.0,0.0,0,13,0.0
cora_resgcn16,4,13,1,8,0,0.0,FIXED_IDS,10,0.0,0.0,0.0,0,13,0.0
cora_resgcn16,4,13,2,8,0,0.0,FIXED_IDS,10,0.0,0.0,0.0,0,13,0.0
cora_resgcn16,4,13,3,8,0,0.0,FIXED_IDS,10,0.0,0.0,0.0,0,13,0.0
cora_resgcn16,4,13,4,8,0,0.0,FIXED_IDS,10,0.0,0.0,0.0,0,13,0.0
cora_resgcn16,4,13,5,8,0,0.0,FIXED_IDS,10,0.0,0.0,0.0,0,13,0.0
cora_resgcn16,4,13,6,8,0,0.0,FIXED_IDS,10,0.0,0.0,0.0,0,13,0.0
cora_resgcn16,4,13,7,8,0,0.0,FIXED_IDS,10,0.0,0.0,0.0,0,13,0.0
cora_resgcn16,4,13,0,8,0,0.0,FIXED_IDS,10,0.0,0.0,0.0,0,13,0.0
cora_resgcn16,4,13,1,8,0,0.0,FIXED_IDS,10,0.0,0.0,0.0,0,13,0.0
cora_resgcn16,4,13,2,8,0,0.0,FIXED_IDS,10,0.0,0.0,0.0,0,13,0.0
cora_resgcn16,4,13,3,8,0,0.0,FIXED_IDS,10,0.0,0.0,0.0,0,13,0.0
cora_resgcn16,4,13,4,8,0,0.0,FIXED_IDS,10,0.0,0.0,0.0,0,13,0.0
cora_resgcn16,4,13,5,8,0,0.0,FIXED_IDS,10,0.0,0.0,0.0,0,13,0.0
cora_resgcn16,4,13,6,8,0,0.0,FIXED_IDS,10,0.0,0.0,0.0,0,13,0.0
cora_resgcn16,4,13,7,8,0,0.0,FIXED_IDS,10,0.0,0.0,0.0,0,13,0.0
cora_resgcn16,4,13,0,8,0,0.0,FIXED_IDS,10,0.0,0.0,0.0,0,13,0.0
cora_resgcn16,4,13,1,8,0,0.0,FIXED_IDS,10,0.0,0.0,0.0,0,13,0.0
cora_resgcn16,4,13,2,8,0,0.0,FIXED_IDS,10,0.0,0.0,0.0,0,13,0.0
cora_resgcn16,4,13,3,8,0,0.0,FIXED_IDS,10,0.0,0.0,0.0,0,13,0.0
cora_resgcn16,4,13,4,8,0,0.0,FIXED_IDS,10,0.0,0.0,0.0,0,13,0.0
cora_resgcn16,4,13,5,8,0,0.0,FIXED_IDS,10,0.0,0.0,0.0,0,13,0.0
cora_resgcn16,4,13,6,8,0,0.0,FIXED_IDS,10,0.0,0.0,0.0,0,13,0.0
cora_resgcn16,4,13,7,8,0,0.0,FIXED_IDS,10,0.0,0.0,0.0,0,13,0.0
cora_resgcn16,4,13,0,8,0,0.0,FIXED_IDS,10,0.0,0.0,0.0,0,13,0.0
cora_resgcn16,4,13,1,8,0,0.0,FIXED_IDS,10,0.0,0.0,0.0,0,13,0.0
cora_resgcn16,4,13,2,8,0,0.0,FIXED_IDS,10,0.0,0.0,0.0,0,13,0.0
cora_resgcn16,4,13,3,8,0,0.0,FIXED_IDS,10,0.0,0.0,0.0,0,13,0.0
cora_resgcn16,4,13,4,8,0,0.0,FIXED_IDS,10,0.0,0.0,0.0,0,13,0.0
cora_resgcn16,4,13,5,8,0,0.0,FIXED_IDS,10,0.0,0.0,0.0,0,13,0.0
cora_resgcn16,4,13,6,8,0,0.0,FIXED_IDS,10,0.0,0.0,0.0,0,13,0.0
cora_resgcn16,4,13,7,8,0,0.0,FIXED_IDS,10,0.0,0.0,0.0,0,13,0.0
cora_resgcn16,4,13,0,8,0,0.0,FIXED_IDS,10,0.0,0.0,0.0,0,13,0.0
cora_resgcn16,4,13,1,8,0,0.0,FIXED_IDS,10,0.0,0.0,0.0,0,13,0.0
cora_resgcn16,4,13,2,8,0,0.0,FIXED_IDS,10,0.0,0.0,0.0,0,13,0.0
cora_resgcn16,4,13,3,8,0,0.0,FIXED_IDS,10,0.0,0.0,0.0,0,13,0.0
cora_resgcn16,4,13,4,8,0,0.0,FIXED_IDS,10,0.0,0.0,0.0,0,13,0.0
cora_resgcn16,4,13,5,8,0,0.0,FIXED_IDS,10,0.0,0.0,0.0,0,13,0.0
cora_resgcn16,4,13,6,8,0,0.0,FIXED_IDS,10,0.0,0.0,0.0,0,13,0.0
cora_resgcn16,4,13,7,8,0,0.0,FIXED_IDS,10,0.0,0.0,0.0,0,13,0.0
cora_resgcn16,4,13,0,8,0,0.0,FIXED_IDS,10,0.0,0.0,0.0,0,13,0.0
cora_resgcn16,4,13,1,8,0,0.0,FIXED_IDS,10,0.0,0.0,0.0,0,13,0.0
cora_resgcn16,4,13,2,8,0,0.0,FIXED_IDS,10,0.0,0.0,0.0,0,13,0.0
cora_resgcn16,4,13,3,8,0,0.0,FIXED_IDS,10,0.0,0.0,0.0,0,13,0.0
cora_resgcn16,4,13,4,8,0,0.0,FIXED_IDS,10,0.0,0.0,0.0,0,13,0.0
cora_resgcn16,4,13,5,8,0,0.0,FIXED_IDS,10,0.0,0.0,0.0,0,13,0.0
cora_resgcn16,4,13,6,8,0,0.0,FIXED_IDS,10,0.0,0.0,0.0,0,13,0.0
cora_resgcn16,4,13,7,8,0,0.0,FIXED_IDS,10,0.0,0.0,0.0,0,13,0.0
cora_resgcn16,4,13,0,8,0,0.0,FIXED_IDS,10,0.0,0.0,0.0,0,13,0.0
cora_resgcn16,4,13,1,8,0,0.0,FIXED_IDS,10,0.0,0.0,0.0,0,13,0.0
cora_resgcn16,4,13,2,8,0,0.0,FIXED_IDS,10,0.0,0.0,0.0,0,13,0.0
cora_resgcn16,4,13,3,8,0,0.0,FIXED_IDS,10,0.0,0.0,0.0,0,13,0.0
cora_resgcn16,4,13,4,8,0,0.0,FIXED_IDS,10,0.0,0.0,0.0,0,13,0.0
cora_resgcn16,4,13,5,8,0,0.0,FIXED_IDS,10,0.0,0.0,0.0,0,13,0.0
cora_resgcn16,4,13,6,8,0,0.0,FIXED_IDS,10,0.0,0.0,0.0,0,13,0.0
cora_resgcn16,4,13,7,8,0,0.0,FIXED_IDS,10,0.0,0.0,0.0,0,13,0.0
cora_resgcn16,4,13,0,8,0,0.0,FIXED_IDS,10,0.0,0.0,0.0,0,13,0.0
cora_resgcn16,4,13,1,8,0,0.0,FIXED_IDS,10,0.0,0.0,0.0,0,13,0.0
cora_resgcn16,4,13,2,8,0,0.0,FIXED_IDS,10,0.0,0.0,0.0,0,13,0.0
cora_resgcn16,4,13,3,8,0,0.0,FIXED_IDS,10,0.0,0.0,0.0,0,13,0.0
cora_resgcn16,4,13,4,8,0,0.0,FIXED_IDS,10,0.0,0.0,0.0,0,13,0.0
cora_resgcn16,4,13,5,8,0,0.0,FIXED_IDS,10,0.0,0.0,0.0,0,13,0.0
cora_resgcn16,4,13,6,8,0,0.0,FIXED_IDS,10,0.0,0.0,0.0,0,13,0.0
cora_resgcn16,4,13,7,8,0,0.0,FIXED_IDS,10,0.0,0.0,0.0,0,13,0.0
cora_resgcn16,4,13,0,8,0,0.0,FIXED_IDS,10,0.0,0.0,0.0,0,13,0.0
cora_resgcn16,4,13,1,8,0,0.0,FIXED_IDS,10,0.0,0.0,0.0,0,13,0.0
cora_resgcn16,4,13,2,8,0,0.0,FIXED_IDS,10,0.0,0.0,0.0,0,13,0.0
cora_resgcn16,4,13,3,8,0,0.0,FIXED_IDS,10,0.0,0.0,0.0,0,13,0.0
cora_resgcn16,4,13,4,8,0,0.0,FIXED_IDS,10,0.0,0.0,0.0,0,13,0.0
cora_resgcn16,4,13,5,8,0,0.0,FIXED_IDS,10,0.0,0.0,0.0,0,13,0.0
cora_resgcn16,4,13,6,8,0,0.0,FIXED_IDS,10,0.0,0.0,0.0,0,13,0.0
cora_resgcn16,4,13,7,8,0,0.0,FIXED_IDS,10,0.0,0.0,0.0,0,13,0.0
cora_resgcn16,4,13,0,8,0,0.0,FIXED_IDS,10,0.0,0.0,0.0,0,13,0.0
cora_resgcn16,4,13,1,8,0,0.0,FIXED_IDS,10,0.0,0.0,0.0,0,13,0.0
cora_resgcn16,4,13,2,8,0,0.0,FIXED_IDS,10,0.0,0.0,0.0,0,13,0.0
cora_resgcn16,4,13,3,8,0,0.0,FIXED_IDS,10,0.0,0.0,0.0,0,13,0.0
cora_resgcn16,4,13,4,8,0,0.0,FIXED_IDS,10,0.0,0.0,0.0,0,13,0.0
cora_resgcn16,4,13,5,8,0,0.0,FIXED_IDS,10,0.0,0.0,0.0,0,13,0.0
cora_resgcn16,4,13,6,8,0,0.0,FIXED_IDS,10,0.0,0.0,0.0,0,13,0.0
cora_resgcn16,4,13,7,8,0,0.0,FIXED_IDS,10,0.0,0.0,0.0,0,13,0.0
cora_resgcn16,4,13,0,8,0,0.0,FIXED_IDS,10,0.0,0.0,0.0,0,13,0.0
cora_resgcn16,4,13,1,8,0,0.0,FIXED_IDS,10,0.0,0.0,0.0,0,13,0.0
cora_resgcn16,4,13,2,8,0,0.0,FIXED_IDS,10,0.0,0.0,0.0,0,13,0.0
cora_resgcn16,4,13,3,8,0,0.0,FIXED_IDS,10,0.0,0.0,0.0,0,13,0.0
cora_resgcn16,4,13,4,8,0,0.0,FIXED_IDS,10,0.0,0.0,0.0,0,13,0.0
cora_resgcn16,4,13,5,8,0,0.0,FIXED_IDS,10,0.0,0.0,0.0,0,13,0.0
cora_resgcn16,4,13,6,8,0,0.0,FIXED_IDS,10,0.0,0.0,0.0,0,13,0.0
cora_resgcn16,4,13,7,8,0,0.0,FIXED_IDS,10,0.0,0.0,0.0,0,13,0.0
cora_resgcn16,4,13,0,8,0,0.0,FIXED_IDS,7,0.0,0.0,0.0,0,13,0.0
cora_resgcn16,4,13,1,8,0,0.0,FIXED_IDS,7,0.0,0.0,0.0,0,13,0.0
cora_resgcn16,4,13,2,8,0,0.0,FIXED_IDS,7,0.0,0.0,0.0,0,13,0.0
cora_resgcn16,4,13,3,8,0,0.0,FIXED_IDS,7,0.0,0.0,0.0,0,13,0.0
cora_resgcn16,4,13,4,8,0,0.0,FIXED_IDS,7,0.0,0.0,0.0,0,13,0.0
cora_resgcn16,4,13,5,8,0,0.0,FIXED_IDS,7,0.0,0.0,0.0,0,13,0.0
cora_resgcn16,4,13,6,8,0,0.0,FIXED_IDS,7,0.0,0.0,0.0,0,13,0.0
cora_resgcn16,4,13,7,8,0,0.0,FIXED_IDS,7,0.0,0.0,0.0,0,13,0.0
cora_resgcn16,4,13,0,16,128,1.0,DENSE_XOR,130,0.6096754807692307,0.36181640625,0.89501953125,0,13,0.0
cora_resgcn16,4,13,1,16,0,0.0,FIXED_IDS,10,0.0,0.0,0.0,0,13,0.0
cora_resgcn16,4,13,2,16,0,0.0,FIXED_IDS,10,0.0,0.0,0.0,0,13,0.0
cora_resgcn16,4,13,3,16,0,0.0,FIXED_IDS,10,0.0,0.0,0.0,0,13,0.0
cora_resgcn16,4,13,0,16,128,1.0,DENSE_XOR,130,0.6019005408653846,0.35693359375,0.8955078125,0,13,0.0
cora_resgcn16,4,13,1,16,0,0.0,FIXED_IDS,10,0.0,0.0,0.0,0,13,0.0
cora_resgcn16,4,13,2,16,0,0.0,FIXED_IDS,10,0.0,0.0,0.0,0,13,0.0
cora_resgcn16,4,13,3,16,0,0.0,FIXED_IDS,10,0.0,0.0,0.0,0,13,0.0
cora_resgcn16,4,13,0,16,128,1.0,DENSE_XOR,130,0.6065204326923077,0.35888671875,0.919921875,0,13,0.0
cora_resgcn16,4,13,1,16,0,0.0,FIXED_IDS,10,0.0,0.0,0.0,0,13,0.0
cora_resgcn16,4,13,2,16,0,0.0,FIXED_IDS,10,0.0,0.0,0.0,0,13,0.0
cora_resgcn16,4,13,3,16,0,0.0,FIXED_IDS,10,0.0,0.0,0.0,0,13,0.0
cora_resgcn16,4,13,0,16,128,1.0,DENSE_XOR,130,0.5990459735576923,0.35546875,0.89404296875,0,13,0.0
cora_resgcn16,4,13,1,16,0,0.0,FIXED_IDS,10,0.0,0.0,0.0,0,13,0.0
cora_resgcn16,4,13,2,16,0,0.0,FIXED_IDS,10,0.0,0.0,0.0,0,13,0.0
cora_resgcn16,4,13,3,16,0,0.0,FIXED_IDS,10,0.0,0.0,0.0,0,13,0.0
cora_resgcn16,4,13,0,16,128,1.0,DENSE_XOR,130,0.6050931490384616,0.3603515625,0.90771484375,0,13,0.0
cora_resgcn16,4,13,1,16,0,0.0,FIXED_IDS,10,0.0,0.0,0.0,0,13,0.0
cora_resgcn16,4,13,2,16,0,0.0,FIXED_IDS,10,0.0,0.0,0.0,0,13,0.0
cora_resgcn16,4,13,3,16,0,0.0,FIXED_IDS,10,0.0,0.0,0.0,0,13,0.0
cora_resgcn16,4,13,0,16,128,1.0,DENSE_XOR,130,0.5862379807692307,0.37451171875,0.81884765625,0,13,0.0
cora_resgcn16,4,13,1,16,0,0.0,FIXED_IDS,10,0.0,0.0,0.0,0,13,0.0
cora_resgcn16,4,13,2,16,0,0.0,FIXED_IDS,10,0.0,0.0,0.0,0,13,0.0
cora_resgcn16,4,13,3,16,0,0.0,FIXED_IDS,10,0.0,0.0,0.0,0,13,0.0
cora_resgcn16,4,13,0,16,128,1.0,DENSE_XOR,130,0.5932992788461539,0.36328125,0.8642578125,0,13,0.0
cora_resgcn16,4,13,1,16,0,0.0,FIXED_IDS,10,0.0,0.0,0.0,0,13,0.0
cora_resgcn16,4,13,2,16,0,0.0,FIXED_IDS,10,0.0,0.0,0.0,0,13,0.0
cora_resgcn16,4,13,3,16,0,0.0,FIXED_IDS,10,0.0,0.0,0.0,0,13,0.0
cora_resgcn16,4,13,0,16,128,1.0,DENSE_XOR,130,0.6094501201923077,0.34033203125,0.9716796875,0,13,0.0
cora_resgcn16,4,13,1,16,0,0.0,FIXED_IDS,10,0.0,0.0,0.0,0,13,0.0
cora_resgcn16,4,13,2,16,0,0.0,FIXED_IDS,10,0.0,0.0,0.0,0,13,0.0
cora_resgcn16,4,13,3,16,0,0.0,FIXED_IDS,10,0.0,0.0,0.0,0,13,0.0
cora_resgcn16,4,13,0,16,128,1.0,DENSE_XOR,130,0.5985201322115384,0.3740234375,0.8603515625,0,13,0.0
cora_resgcn16,4,13,1,16,0,0.0,FIXED_IDS,10,0.0,0.0,0.0,0,13,0.0
cora_resgcn16,4,13,2,16,0,0.0,FIXED_IDS,10,0.0,0.0,0.0,0,13,0.0
cora_resgcn16,4,13,3,16,0,0.0,FIXED_IDS,10,0.0,0.0,0.0,0,13,0.0
cora_resgcn16,4,13,0,16,128,1.0,DENSE_XOR,130,0.5848858173076923,0.3740234375,0.82373046875,0,13,0.0
cora_resgcn16,4,13,1,16,0,0.0,FIXED_IDS,10,0.0,0.0,0.0,0,13,0.0
cora_resgcn16,4,13,2,16,0,0.0,FIXED_IDS,10,0.0,0.0,0.0,0,13,0.0
cora_resgcn16,4,13,3,16,0,0.0,FIXED_IDS,10,0.0,0.0,0.0,0,13,0.0
cora_resgcn16,4,13,0,16,128,1.0,DENSE_XOR,130,0.5941256009615384,0.36181640625,0.8798828125,0,13,0.0
cora_resgcn16,4,13,1,16,0,0.0,FIXED_IDS,10,0.0,0.0,0.0,0,13,0.0
cora_resgcn16,4,13,2,16,0,0.0,FIXED_IDS,10,0.0,0.0,0.0,0,13,0.0
cora_resgcn16,4,13,3,16,0,0.0,FIXED_IDS,10,0.0,0.0,0.0,0,13,0.0
cora_resgcn16,4,13,0,16,128,1.0,DENSE_XOR,130,0.6041165865384616,0.359375,0.92578125,0,13,0.0
cora_resgcn16,4,13,1,16,0,0.0,FIXED_IDS,10,0.0,0.0,0.0,0,13,0.0
cora_resgcn16,4,13,2,16,0,0.0,FIXED_IDS,10,0.0,0.0,0.0,0,13,0.0
cora_resgcn16,4,13,3,16,0,0.0,FIXED_IDS,10,0.0,0.0,0.0,0,13,0.0
cora_resgcn16,4,13,0,16,128,1.0,DENSE_XOR,130,0.6121168870192307,0.35595703125,0.9521484375,0,13,0.0
cora_resgcn16,4,13,1,16,0,0.0,FIXED_IDS,10,0.0,0.0,0.0,0,13,0.0
cora_resgcn16,4,13,2,16,0,0.0,FIXED_IDS,10,0.0,0.0,0.0,0,13,0.0
cora_resgcn16,4,13,3,16,0,0.0,FIXED_IDS,10,0.0,0.0,0.0,0,13,0.0
cora_resgcn16,4,13,0,16,128,1.0,DENSE_XOR,130,0.6009615384615384,0.357421875,0.9267578125,0,13,0.0
cora_resgcn16,4,13,1,16,0,0.0,FIXED_IDS,10,0.0,0.0,0.0,0,13,0.0
cora_resgcn16,4,13,2,16,0,0.0,FIXED_IDS,10,0.0,0.0,0.0,0,13,0.0
cora_resgcn16,4,13,3,16,0,0.0,FIXED_IDS,10,0.0,0.0,0.0,0,13,0.0
cora_resgcn16,4,13,0,16,128,1.0,DENSE_XOR,130,0.58740234375,0.375,0.822265625,0,13,0.0
cora_resgcn16,4,13,1,16,0,0.0,FIXED_IDS,10,0.0,0.0,0.0,0,13,0.0
cora_resgcn16,4,13,2,16,0,0.0,FIXED_IDS,10,0.0,0.0,0.0,0,13,0.0
cora_resgcn16,4,13,3,16,0,0.0,FIXED_IDS,10,0.0,0.0,0.0,0,13,0.0
cora_resgcn16,4,13,0,16,128,1.0,DENSE_XOR,130,0.6035907451923077,0.37109375,0.89404296875,0,13,0.0
cora_resgcn16,4,13,1,16,0,0.0,FIXED_IDS,10,0.0,0.0,0.0,0,13,0.0
cora_resgcn16,4,13,2,16,0,0.0,FIXED_IDS,10,0.0,0.0,0.0,0,13,0.0
cora_resgcn16,4,13,3,16,0,0.0,FIXED_IDS,10,0.0,0.0,0.0,0,13,0.0
cora_resgcn16,4,13,0,16,128,1.0,DENSE_XOR,130,0.6074594350961539,0.365234375,0.92041015625,0,13,0.0
cora_resgcn16,4,13,1,16,0,0.0,FIXED_IDS,10,0.0,0.0,0.0,0,13,0.0
cora_resgcn16,4,13,2,16,0,0.0,FIXED_IDS,10,0.0,0.0,0.0,0,13,0.0
cora_resgcn16,4,13,3,16,0,0.0,FIXED_IDS,10,0.0,0.0,0.0,0,13,0.0
cora_resgcn16,4,13,0,16,128,1.0,DENSE_XOR,130,0.6048677884615384,0.3779296875,0.85791015625,0,13,0.0
cora_resgcn16,4,13,1,16,0,0.0,FIXED_IDS,10,0.0,0.0,0.0,0,13,0.0
cora_resgcn16,4,13,2,16,0,0.0,FIXED_IDS,10,0.0,0.0,0.0,0,13,0.0
cora_resgcn16,4,13,3,16,0,0.0,FIXED_IDS,10,0.0,0.0,0.0,0,13,0.0
cora_resgcn16,4,13,0,16,128,1.0,DENSE_XOR,130,0.6154972956730769,0.3466796875,0.86572265625,0,13,0.0
cora_resgcn16,4,13,1,16,128,1.0,DENSE_XOR,130,0.3298903245192308,0.04833984375,0.619140625,8,13,0.0
cora_resgcn16,4,13,2,16,0,0.0,FIXED_IDS,10,0.0,0.0,0.0,0,13,0.0
cora_resgcn16,4,13,3,16,0,0.0,FIXED_IDS,10,0.0,0.0,0.0,0,13,0.0
cora_resgcn16,4,13,0,16,128,1.0,DENSE_XOR,130,0.6142202524038461,0.3466796875,0.86279296875,0,13,0.0
cora_resgcn16,4,13,1,16,128,1.0,DENSE_XOR,130,0.3293644831730769,0.0625,0.6298828125,8,13,0.0
cora_resgcn16,4,13,2,16,0,0.0,FIXED_IDS,10,0.0,0.0,0.0,0,13,0.0
cora_resgcn16,4,13,3,16,0,0.0,FIXED_IDS,10,0.0,0.0,0.0,0,13,0.0
cora_resgcn16,4,13,0,16,128,1.0,DENSE_XOR,130,0.6129807692307693,0.30859375,0.859375,1,13,0.0
cora_resgcn16,4,13,1,16,128,1.0,DENSE_XOR,130,0.34266075721153844,0.03076171875,0.65380859375,8,13,0.0
cora_resgcn16,4,13,2,16,0,0.0,FIXED_IDS,10,0.0,0.0,0.0,0,13,0.0
cora_resgcn16,4,13,3,16,0,0.0,FIXED_IDS,10,0.0,0.0,0.0,0,13,0.0
cora_resgcn16,4,13,0,16,0,0.0,FIXED_IDS,7,0.0,0.0,0.0,0,13,0.0
cora_resgcn16,4,13,1,16,0,0.0,FIXED_IDS,7,0.0,0.0,0.0,0,13,0.0
cora_resgcn16,4,13,2,16,0,0.0,FIXED_IDS,7,0.0,0.0,0.0,0,13,0.0
cora_resgcn16,4,13,3,16,0,0.0,FIXED_IDS,7,0.0,0.0,0.0,0,13,0.0
cora_resgcn16,4,13,0,32,128,1.0,DENSE_XOR,130,0.4859149639423077,0.3515625,0.64599609375,0,13,0.0
cora_resgcn16,4,13,1,32,0,0.0,FIXED_IDS,10,0.0,0.0,0.0,0,13,0.0
cora_resgcn16,4,13,0,32,128,1.0,DENSE_XOR,130,0.4784405048076923,0.33544921875,0.64306640625,0,13,0.0
cora_resgcn16,4,13,1,32,0,0.0,FIXED_IDS,10,0.0,0.0,0.0,0,13,0.0
cora_resgcn16,4,13,0,32,128,1.0,DENSE_XOR,130,0.4826096754807692,0.349853515625,0.651123046875,0,13,0.0
cora_resgcn16,4,13,1,32,0,0.0,FIXED_IDS,10,0.0,0.0,0.0,0,13,0.0
cora_resgcn16,4,13,0,32,128,1.0,DENSE_XOR,130,0.47676908052884615,0.355712890625,0.630126953125,0,13,0.0
cora_resgcn16,4,13,1,32,0,0.0,FIXED_IDS,10,0.0,0.0,0.0,0,13,0.0
cora_resgcn16,4,13,0,32,128,1.0,DENSE_XOR,130,0.48135141225961536,0.356201171875,0.640869140625,0,13,0.0
cora_resgcn16,4,13,1,32,0,0.0,FIXED_IDS,10,0.0,0.0,0.0,0,13,0.0
cora_resgcn16,4,13,0,32,128,1.0,DENSE_XOR,130,0.4848445012019231,0.3740234375,0.61376953125,0,13,0.0
cora_resgcn16,4,13,1,32,0,0.0,FIXED_IDS,10,0.0,0.0,0.0,0,13,0.0
cora_resgcn16,4,13,0,32,128,1.0,DENSE_XOR,130,0.47757662259615385,0.3603515625,0.619384765625,0,13,0.0
cora_resgcn16,4,13,1,32,0,0.0,FIXED_IDS,10,0.0,0.0,0.0,0,13,0.0
cora_resgcn16,4,13,0,32,128,1.0,DENSE_XOR,130,0.47201772836538464,0.324951171875,0.667236328125,0,13,0.0
cora_resgcn16,4,13,1,32,0,0.0,FIXED_IDS,10,0.0,0.0,0.0,0,13,0.0
cora_resgcn16,4,13,0,32,128,1.0,DENSE_XOR,130,0.49526742788461536,0.37548828125,0.644287109375,0,13,0.0
cora_resgcn16,4,13,1,32,0,0.0,FIXED_IDS,10,0.0,0.0,0.0,0,13,0.0
cora_resgcn16,4,13,0,32,128,1.0,DENSE_XOR,130,0.4738206129807692,0.36328125,0.5888671875,0,13,0.0
cora_resgcn16,4,13,1,32,0,0.0,FIXED_IDS,10,0.0,0.0,0.0,0,13,0.0
cora_resgcn16,4,13,0,32,128,1.0,DENSE_XOR,130,0.48133263221153844,0.36962890625,0.62158203125,0,13,0.0
cora_resgcn16,4,13,1,32,0,0.0,FIXED_IDS,10,0.0,0.0,0.0,0,13,0.0
cora_resgcn16,4,13,0,32,128,1.0,DENSE_XOR,130,0.472412109375,0.32177734375,0.65087890625,0,13,0.0
cora_resgcn16,4,13,1,32,0,0.0,FIXED_IDS,10,0.0,0.0,0.0,0,13,0.0
cora_resgcn16,4,13,0,32,128,1.0,DENSE_XOR,130,0.4749098557692308,0.3173828125,0.666015625,0,13,0.0
cora_resgcn16,4,13,1,32,0,0.0,FIXED_IDS,10,0.0,0.0,0.0,0,13,0.0
cora_resgcn16,4,13,0,32,128,1.0,DENSE_XOR,130,0.47763296274038464,0.324462890625,0.663818359375,0,13,0.0
cora_resgcn16,4,13,1,32,0,0.0,FIXED_IDS,10,0.0,0.0,0.0,0,13,0.0
cora_resgcn16,4,13,0,32,128,1.0,DENSE_XOR,130,0.48768028846153844,0.3671875,0.62158203125,0,13,0.0
cora_resgcn16,4,13,1,32,0,0.0,FIXED_IDS,10,0.0,0.0,0.0,0,13,0.0
cora_resgcn16,4,13,0,32,128,1.0,DENSE_XOR,130,0.4759051983173077,0.3203125,0.64404296875,0,13,0.0
cora_resgcn16,4,13,1,32,0,0.0,FIXED_IDS,10,0.0,0.0,0.0,0,13,0.0
cora_resgcn16,4,13,0,32,128,1.0,DENSE_XOR,130,0.47440279447115385,0.298095703125,0.6669921875,0,13,0.0
cora_resgcn16,4,13,1,32,0,0.0,FIXED_IDS,10,0.0,0.0,0.0,0,13,0.0
cora_resgcn16,4,13,0,32,128,1.0,DENSE_XOR,130,0.49160531850961536,0.3251953125,0.6513671875,0,13,0.0
cora_resgcn16,4,13,1,32,0,0.0,FIXED_IDS,10,0.0,0.0,0.0,0,13,0.0
cora_resgcn16,4,13,0,32,128,1.0,DENSE_XOR,130,0.4944035456730769,0.29541015625,0.63671875,0,13,0.0
cora_resgcn16,4,13,1,32,0,0.0,FIXED_IDS,10,0.0,0.0,0.0,0,13,0.0
cora_resgcn16,4,13,0,32,128,1.0,DENSE_XOR,130,0.49331430288461536,0.298583984375,0.64990234375,0,13,0.0
cora_resgcn16,4,13,1,32,0,0.0,FIXED_IDS,10,0.0,0.0,0.0,0,13,0.0
cora_resgcn16,4,13,0,32,128,1.0,DENSE_XOR,130,0.5023099459134616,0.265380859375,0.6396484375,0,13,0.0
cora_resgcn16,4,13,1,32,128,1.0,DENSE_XOR,130,0.21936974158653846,0.103515625,0.376953125,5,13,0.0
cora_resgcn16,4,13,0,32,0,0.0,FIXED_IDS,7,0.0,0.0,0.0,0,13,0.0
cora_resgcn16,4,13,1,32,0,0.0,FIXED_IDS,7,0.0,0.0,0.0,0,13,0.0
pubmed_deepres28_w128,4,13,0,32,128,1.0,DENSE_XOR,130,0.6490948016826923,0.5712890625,0.695556640625,0,13,0.0
pubmed_deepres28_w128,4,13,1,32,105,0.8203125,DENSE_XOR,130,0.8073260073260072,0.7669642857142858,0.8345238095238096,0,13,0.0
pubmed_deepres28_w128,4,13,2,32,0,0.0,FIXED_IDS,10,0.0,0.0,0.0,0,13,0.0
pubmed_deepres28_w128,4,13,3,32,0,0.0,FIXED_IDS,10,0.0,0.0,0.0,0,13,0.0
pubmed_deepres28_w128,4,13,0,32,128,1.0,DENSE_XOR,130,0.7750713641826923,0.6748046875,0.815673828125,0,13,0.0
pubmed_deepres28_w128,4,13,1,32,81,0.6328125,DENSE_XOR,130,0.7497329059829061,0.7075617283950617,0.7766203703703703,0,13,0.0
pubmed_deepres28_w128,4,13,2,32,64,0.5,DENSE_XOR,130,0.6736027644230769,0.58935546875,0.79931640625,0,13,0.0
pubmed_deepres28_w128,4,13,3,32,0,0.0,FIXED_IDS,10,0.0,0.0,0.0,0,13,0.0
pubmed_deepres28_w128,4,13,0,32,128,1.0,DENSE_XOR,130,0.7657376802884616,0.673583984375,0.801513671875,0,13,0.0
pubmed_deepres28_w128,4,13,1,32,95,0.7421875,DENSE_XOR,130,0.6971153846153845,0.6713815789473684,0.725328947368421,0,13,0.0
pubmed_deepres28_w128,4,13,2,32,0,0.0,FIXED_IDS,10,0.0,0.0,0.0,0,13,0.0
pubmed_deepres28_w128,4,13,3,32,0,0.0,FIXED_IDS,10,0.0,0.0,0.0,0,13,0.0
pubmed_deepres28_w128,4,13,0,32,128,1.0,DENSE_XOR,130,0.7346754807692307,0.64453125,0.781982421875,0,13,0.0
pubmed_deepres28_w128,4,13,1,32,89,0.6953125,DENSE_XOR,130,0.7489466292134832,0.7096207865168539,0.7742275280898876,0,13,0.0
pubmed_deepres28_w128,4,13,2,32,62,0.484375,DENSE_XOR,130,0.6250387717121588,0.5378024193548387,0.7484879032258065,0,13,0.0
pubmed_deepres28_w128,4,13,3,32,0,0.0,FIXED_IDS,10,0.0,0.0,0.0,0,13,0.0
pubmed_deepres28_w128,4,13,0,32,128,1.0,DENSE_XOR,130,0.7506197415865384,0.672607421875,0.80712890625,0,13,0.0
pubmed_deepres28_w128,4,13,1,32,68,0.53125,DENSE_XOR,130,0.7738970588235295,0.7385110294117647,0.8010110294117647,0,13,0.0
pubmed_deepres28_w128,4,13,2,32,76,0.59375,DENSE_XOR,130,0.6788335020242915,0.5904605263157895,0.8050986842105263,0,13,0.0
pubmed_deepres28_w128,4,13,3,32,0,0.0,FIXED_IDS,10,0.0,0.0,0.0,0,13,0.0
pubmed_deepres28_w128,4,13,0,32,128,1.0,DENSE_XOR,130,0.7667893629807693,0.66943359375,0.81689453125,0,13,0.0
pubmed_deepres28_w128,4,13,1,32,78,0.609375,DENSE_XOR,130,0.753759861932939,0.7079326923076923,0.7828525641025641,0,13,0.0
pubmed_deepres28_w128,4,13,2,32,69,0.5390625,DENSE_XOR,130,0.6586538461538461,0.5774456521739131,0.7835144927536232,0,13,0.0
pubmed_deepres28_w128,4,13,3,32,0,0.0,FIXED_IDS,10,0.0,0.0,0.0,0,13,0.0
pubmed_deepres28_w128,4,13,0,32,128,1.0,DENSE_XOR,130,0.6760817307692307,0.6015625,0.733642578125,0,13,0.0
pubmed_deepres28_w128,4,13,1,32,75,0.5859375,DENSE_XOR,130,0.8760256410256411,0.8225,0.9016666666666666,0,13,0.0
pubmed_deepres28_w128,4,13,2,32,63,0.4921875,DENSE_XOR,130,0.697420634920635,0.6140873015873016,0.8303571428571429,0,13,0.0
pubmed_deepres28_w128,4,13,3,32,0,0.0,FIXED_IDS,10,0.0,0.0,0.0,0,13,0.0
pubmed_deepres28_w128,4,13,0,32,128,1.0,DENSE_XOR,130,0.7852689302884616,0.697509765625,0.843505859375,0,13,0.0
pubmed_deepres28_w128,4,13,1,32,68,0.53125,DENSE_XOR,130,0.7125636312217194,0.6677389705882353,0.7366727941176471,0,13,0.0
pubmed_deepres28_w128,4,13,2,32,84,0.65625,DENSE_XOR,130,0.6565361721611722,0.5799851190476191,0.7823660714285714,0,13,0.0
pubmed_deepres28_w128,4,13,3,32,0,0.0,FIXED_IDS,10,0.0,0.0,0.0,0,13,0.0
pubmed_deepres28_w128,4,13,0,32,128,1.0,DENSE_XOR,130,0.7980581430288461,0.68994140625,0.853271484375,0,13,0.0
pubmed_deepres28_w128,4,13,1,32,76,0.59375,DENSE_XOR,130,0.6856338562753036,0.6447368421052632,0.7134046052631579,0,13,0.0
pubmed_deepres28_w128,4,13,2,32,70,0.546875,DENSE_XOR,130,0.6726304945054944,0.5919642857142857,0.7995535714285714,0,13,0.0
pubmed_deepres28_w128,4,13,3,32,0,0.0,FIXED_IDS,10,0.0,0.0,0.0,0,13,0.0
pubmed_deepres28_w128,4,13,0,32,128,1.0,DENSE_XOR,130,0.8298527644230769,0.724365234375,0.882568359375,0,13,0.0
pubmed_deepres28_w128,4,13,1,32,68,0.53125,DENSE_XOR,130,0.6161623303167421,0.5822610294117647,0.6475183823529411,0,13,0.0
pubmed_deepres28_w128,4,13,2,32,80,0.625,DENSE_XOR,130,0.67265625,0.58984375,0.801953125,0,13,0.0
pubmed_deepres28_w128,4,13,3,32,0,0.0,FIXED_IDS,10,0.0,0.0,0.0,0,13,0.0
pubmed_deepres28_w128,4,13,0,32,128,1.0,DENSE_XOR,130,0.8082369290865384,0.69921875,0.854736328125,0,13,0.0
pubmed_deepres28_w128,4,13,1,32,85,0.6640625,DENSE_XOR,130,0.6577205882352941,0.6316176470588235,0.6875,0,13,0.0
pubmed_deepres28_w128,4,13,2,32,73,0.5703125,DENSE_XOR,130,0.6187434141201263,0.5368150684931506,0.730736301369863,0,13,0.0
pubmed_deepres28_w128,4,13,3,32,0,0.0,FIXED_IDS,10,0.0,0.0,0.0,0,13,0.0
pubmed_deepres28_w128,4,13,0,32,128,1.0,DENSE_XOR,130,0.6873873197115384,0.605224609375,0.732421875,0,13,0.0
pubmed_deepres28_w128,4,13,1,32,93,0.7265625,DENSE_XOR,130,0.8268972291149712,0.7842741935483871,0.854502688172043,0,13,0.0
pubmed_deepres28_w128,4,13,2,32,0,0.0,FIXED_IDS,10,0.0,0.0,0.0,0,13,0.0
pubmed_deepres28_w128,4,13,3,32,0,0.0,FIXED_IDS,10,0.0,0.0,0.0,0,13,0.0
pubmed_deepres28_w128,4,13,0,32,128,1.0,DENSE_XOR,130,0.7005521334134616,0.609375,0.73828125,0,13,0.0
pubmed_deepres28_w128,4,13,1,32,116,0.90625,DENSE_XOR,130,0.7481556697612733,0.7101293103448276,0.7745150862068966,0,13,0.0
pubmed_deepres28_w128,4,13,2,32,0,0.0,FIXED_IDS,10,0.0,0.0,0.0,0,13,0.0
pubmed_deepres28_w128,4,13,3,32,0,0.0,FIXED_IDS,10,0.0,0.0,0.0,0,13,0.0
pubmed_deepres28_w128,4,13,0,32,128,1.0,DENSE_XOR,130,0.6070838341346154,0.54833984375,0.65283203125,0,13,0.0
pubmed_deepres28_w128,4,13,1,32,117,0.9140625,DENSE_XOR,130,0.8271696252465482,0.7791132478632479,0.8480235042735043,0,13,0.0
pubmed_deepres28_w128,4,13,2,32,0,0.0,FIXED_IDS,10,0.0,0.0,0.0,0,13,0.0
pubmed_deepres28_w128,4,13,3,32,0,0.0,FIXED_IDS,10,0.0,0.0,0.0,0,13,0.0
pubmed_deepres28_w128,4,13,0,32,128,1.0,DENSE_XOR,130,0.7754281850961539,0.6875,0.839599609375,0,13,0.0
pubmed_deepres28_w128,4,13,1,32,50,0.390625,DENSE_XOR,130,0.7476442307692307,0.715,0.776875,0,13,0.0
pubmed_deepres28_w128,4,13,2,32,96,0.75,DENSE_XOR,130,0.6871243990384617,0.61328125,0.814453125,0,13,0.0
pubmed_deepres28_w128,4,13,3,32,0,0.0,FIXED_IDS,10,0.0,0.0,0.0,0,13,0.0
pubmed_deepres28_w128,4,13,0,32,128,1.0,DENSE_XOR,130,0.8207444411057693,0.721923828125,0.8994140625,0,13,0.0
pubmed_deepres28_w128,4,13,1,32,0,0.0,FIXED_IDS,10,0.0,0.0,0.0,0,13,0.0
pubmed_deepres28_w128,4,13,2,32,113,0.8828125,DENSE_XOR,130,0.7285781143635126,0.6551438053097345,0.8575774336283186,0,13,0.0
pubmed_deepres28_w128,4,13,3,32,0,0.0,FIXED_IDS,10,0.0,0.0,0.0,0,13,0.0
pubmed_deepres28_w128,4,13,0,32,128,1.0,DENSE_XOR,130,0.8835637019230769,0.77783203125,0.950927734375,0,13,0.0
pubmed_deepres28_w128,4,13,1,32,0,0.0,FIXED_IDS,10,0.0,0.0,0.0,0,13,0.0
pubmed_deepres28_w128,4,13,2,32,121,0.9453125,DENSE_XOR,130,0.7096511443102351,0.6309400826446281,0.8365185950413223,0,13,0.0
pubmed_deepres28_w128,4,13,3,32,0,0.0,FIXED_IDS,10,0.0,0.0,0.0,0,13,0.0
pubmed_deepres28_w128,4,13,0,32,128,1.0,DENSE_XOR,130,0.8546236478365384,0.75439453125,0.95068359375,0,13,0.0
pubmed_deepres28_w128,4,13,1,32,0,0.0,FIXED_IDS,10,0.0,0.0,0.0,0,13,0.0
pubmed_deepres28_w128,4,13,2,32,121,0.9453125,DENSE_XOR,130,0.7470200254291163,0.6660640495867769,0.8804235537190083,0,13,0.0
pubmed_deepres28_w128,4,13,3,32,0,0.0,FIXED_IDS,10,0.0,0.0,0.0,0,13,0.0
pubmed_deepres28_w128,4,13,0,32,128,1.0,DENSE_XOR,130,0.8026029146634616,0.70166015625,0.8583984375,0,13,0.0
pubmed_deepres28_w128,4,13,1,32,55,0.4296875,DENSE_XOR,130,0.7897290209790209,0.73125,0.8159090909090909,0,13,0.0
pubmed_deepres28_w128,4,13,2,32,82,0.640625,DENSE_XOR,130,0.7205089118198875,0.6303353658536586,0.8540396341463414,0,13,0.0
pubmed_deepres28_w128,4,13,3,32,0,0.0,FIXED_IDS,10,0.0,0.0,0.0,0,13,0.0
pubmed_deepres28_w128,4,13,0,32,128,1.0,DENSE_XOR,130,0.8279184194711539,0.7255859375,0.890869140625,0,13,0.0
pubmed_deepres28_w128,4,13,1,32,0,0.0,FIXED_IDS,10,0.0,0.0,0.0,0,13,0.0
pubmed_deepres28_w128,4,13,2,32,94,0.734375,DENSE_XOR,130,0.7001329787234043,0.6226728723404256,0.8257978723404256,0,13,0.0
pubmed_deepres28_w128,4,13,3,32,0,0.0,FIXED_IDS,10,0.0,0.0,0.0,0,13,0.0
pubmed_deepres28_w128,4,13,0,32,128,1.0,DENSE_XOR,130,0.7778695913461539,0.691162109375,0.82470703125,0,13,0.0
pubmed_deepres28_w128,4,13,1,32,65,0.5078125,DENSE_XOR,130,0.7683801775147928,0.73125,0.8028846153846154,0,13,0.0
pubmed_deepres28_w128,4,13,2,32,78,0.609375,DENSE_XOR,130,0.6862056213017751,0.6009615384615384,0.8076923076923077,0,13,0.0
pubmed_deepres28_w128,4,13,3,32,0,0.0,FIXED_IDS,10,0.0,0.0,0.0,0,13,0.0
pubmed_deepres28_w128,4,13,0,32,128,1.0,DENSE_XOR,130,0.7429762620192307,0.66259765625,0.80224609375,0,13,0.0
pubmed_deepres28_w128,4,13,1,32,64,0.5,DENSE_XOR,130,0.8086688701923077,0.76904296875,0.83740234375,0,13,0.0
pubmed_deepres28_w128,4,13,2,32,80,0.625,DENSE_XOR,130,0.6867487980769232,0.606640625,0.813671875,0,13,0.0
pubmed_deepres28_w128,4,13,3,32,0,0.0,FIXED_IDS,10,0.0,0.0,0.0,0,13,0.0
pubmed_deepres28_w128,4,13,0,32,128,1.0,DENSE_XOR,130,0.8501915564903846,0.752685546875,0.93017578125,0,13,0.0
pubmed_deepres28_w128,4,13,1,32,0,0.0,FIXED_IDS,10,0.0,0.0,0.0,0,13,0.0
pubmed_deepres28_w128,4,13,2,32,118,0.921875,DENSE_XOR,130,0.720013037809648,0.6393008474576272,0.8493114406779662,0,13,0.0
pubmed_deepres28_w128,4,13,3,32,0,0.0,FIXED_IDS,10,0.0,0.0,0.0,0,13,0.0
pubmed_deepres28_w128,4,13,0,32,128,1.0,DENSE_XOR,130,0.8528207632211539,0.742431640625,0.9013671875,0,13,0.0
pubmed_deepres28_w128,4,13,1,32,64,0.5,DENSE_XOR,130,0.6415640024038461,0.6083984375,0.666015625,0,13,0.0
pubmed_deepres28_w128,4,13,2,32,88,0.6875,DENSE_XOR,130,0.6603201486013985,0.5759943181818182,0.7830255681818182,0,13,0.0
pubmed_deepres28_w128,4,13,3,32,0,0.0,FIXED_IDS,10,0.0,0.0,0.0,0,13,0.0
pubmed_deepres28_w128,4,13,0,32,128,1.0,DENSE_XOR,130,0.8925405649038461,0.782958984375,0.949951171875,0,13,0.0
pubmed_deepres28_w128,4,13,1,32,0,0.0,FIXED_IDS,10,0.0,0.0,0.0,0,13,0.0
pubmed_deepres28_w128,4,13,2,32,111,0.8671875,DENSE_XOR,130,0.673726611226611,0.5929054054054054,0.8071509009009009,0,13,0.0
pubmed_deepres28_w128,4,13,3,32,0,0.0,FIXED_IDS,10,0.0,0.0,0.0,0,13,0.0
pubmed_deepres28_w128,4,13,0,32,128,1.0,DENSE_XOR,130,0.8773662860576923,0.7646484375,0.933349609375,0,13,0.0
pubmed_deepres28_w128,4,13,1,32,0,0.0,FIXED_IDS,10,0.0,0.0,0.0,0,13,0.0
pubmed_deepres28_w128,4,13,2,32,85,0.6640625,DENSE_XOR,130,0.7103223981900452,0.6238970588235294,0.8419117647058824,0,13,0.0
pubmed_deepres28_w128,4,13,3,32,0,0.0,FIXED_IDS,10,0.0,0.0,0.0,0,13,0.0
pubmed_deepres28_w128,4,13,0,32,128,1.0,DENSE_XOR,130,0.8984562800480769,0.7919921875,0.950927734375,0,13,0.0
pubmed_deepres28_w128,4,13,1,32,0,0.0,FIXED_IDS,10,0.0,0.0,0.0,0,13,0.0
pubmed_deepres28_w128,4,13,2,32,105,0.8203125,DENSE_XOR,130,0.6915750915750916,0.6047619047619047,0.8267857142857142,0,13,0.0
pubmed_deepres28_w128,4,13,3,32,0,0.0,FIXED_IDS,10,0.0,0.0,0.0,0,13,0.0
pubmed_deepres28_w128,4,13,0,32,128,1.0,DENSE_XOR,130,0.8203500600961539,0.727294921875,0.87158203125,0,13,0.0
pubmed_deepres28_w128,4,13,1,32,53,0.4140625,DENSE_XOR,130,0.6792906386066763,0.6474056603773585,0.7075471698113207,0,13,0.0
pubmed_deepres28_w128,4,13,2,32,97,0.7578125,DENSE_XOR,130,0.677661578112609,0.5992268041237113,0.8012242268041238,0,13,0.0
pubmed_deepres28_w128,4,13,3,32,0,0.0,FIXED_IDS,10,0.0,0.0,0.0,0,13,0.0
pubmed_deepres28_w128,4,13,0,32,128,1.0,DENSE_XOR,130,0.8390925480769231,0.751953125,0.94384765625,0,13,0.0
pubmed_deepres28_w128,4,13,1,32,0,0.0,FIXED_IDS,10,0.0,0.0,0.0,0,13,0.0
pubmed_deepres28_w128,4,13,2,32,128,1.0,DENSE_XOR,130,0.7497182992788461,0.672119140625,0.88525390625,0,13,0.0
pubmed_deepres28_w128,4,13,3,32,0,0.0,FIXED_IDS,10,0.0,0.0,0.0,0,13,0.0
pubmed_deepres28_w128,4,13,0,32,128,1.0,DENSE_XOR,130,0.8649526742788461,0.76171875,0.932861328125,0,13,0.0
pubmed_deepres28_w128,4,13,1,32,0,0.0,FIXED_IDS,10,0.0,0.0,0.0,0,13,0.0
pubmed_deepres28_w128,4,13,2,32,106,0.828125,DENSE_XOR,130,0.7476868650217706,0.6589033018867925,0.8808962264150944,0,13,0.0
pubmed_deepres28_w128,4,13,3,32,0,0.0,FIXED_IDS,10,0.0,0.0,0.0,0,13,0.0
pubmed_deepres28_w128,4,13,0,32,128,1.0,DENSE_XOR,130,0.6924579326923077,0.5986328125,0.7412109375,0,13,0.0
pubmed_deepres28_w128,4,13,1,32,100,0.78125,DENSE_XOR,130,0.8048557692307694,0.75625,0.8315625,0,13,0.0
pubmed_deepres28_w128,4,13,2,32,0,0.0,FIXED_IDS,10,0.0,0.0,0.0,0,13,0.0
pubmed_deepres28_w128,4,13,3,32,0,0.0,FIXED_IDS,10,0.0,0.0,0.0,0,13,0.0
pubmed_deepres28_w128,4,13,0,32,128,1.0,DENSE_XOR,130,0.6647573617788461,0.58056640625,0.7138671875,0,13,0.0
pubmed_deepres28_w128,4,13,1,32,96,0.75,DENSE_XOR,130,0.8339593349358974,0.7828776041666666,0.859375,0,13,0.0
pubmed_deepres28_w128,4,13,2,32,0,0.0,FIXED_IDS,10,0.0,0.0,0.0,0,13,0.0
pubmed_deepres28_w128,4,13,3,32,0,0.0,FIXED_IDS,10,0.0,0.0,0.0,0,13,0.0
pubmed_deepres28_w128,4,13,0,32,128,1.0,DENSE_XOR,130,0.7715031550480769,0.657958984375,0.845703125,0,13,0.0
pubmed_deepres28_w128,4,13,1,32,67,0.5234375,DENSE_XOR,130,0.7085246842709529,0.6441231343283582,0.7346082089552238,0,13,0.0
pubmed_deepres28_w128,4,13,2,32,96,0.75,DENSE_XOR,130,0.6328876201923077,0.5621744791666666,0.7574869791666666,0,13,0.0
pubmed_deepres28_w128,4,13,3,32,0,0.0,FIXED_IDS,10,0.0,0.0,0.0,0,13,0.0
pubmed_deepres28_w128,4,13,0,32,128,1.0,DENSE_XOR,130,0.7203650841346154,0.625244140625,0.780029296875,0,13,0.0
pubmed_deepres28_w128,4,13,1,32,86,0.671875,DENSE_XOR,130,0.7773647137745974,0.7274709302325582,0.8055959302325582,0,13,0.0
pubmed_deepres28_w128,4,13,2,32,68,0.53125,DENSE_XOR,130,0.6301258484162896,0.5477941176470589,0.7573529411764706,0,13,0.0
pubmed_deepres28_w128,4,13,3,32,0,0.0,FIXED_IDS,10,0.0,0.0,0.0,0,13,0.0
pubmed_deepres28_w128,4,13,0,32,128,1.0,DENSE_XOR,130,0.7843862680288461,0.682861328125,0.831787109375,0,13,0.0
pubmed_deepres28_w128,4,13,1,32,91,0.7109375,DENSE_XOR,130,0.6857037193575656,0.6552197802197802,0.7132554945054945,0,13,0.0
pubmed_deepres28_w128,4,13,2,32,51,0.3984375,DENSE_XOR,130,0.6533748114630468,0.5667892156862745,0.7775735294117647,0,13,0.0
pubmed_deepres28_w128,4,13,3,32,0,0.0,FIXED_IDS,10,0.0,0.0,0.0,0,13,0.0
pubmed_deepres28_w128,4,13,0,32,128,1.0,DENSE_XOR,130,0.9194899338942307,0.80859375,0.956787109375,0,13,0.0
pubmed_deepres28_w128,4,13,1,32,0,0.0,FIXED_IDS,10,0.0,0.0,0.0,0,13,0.0
pubmed_deepres28_w128,4,13,2,32,97,0.7578125,DENSE_XOR,130,0.646535487708168,0.5679768041237113,0.7638530927835051,0,13,0.0
pubmed_deepres28_w128,4,13,3,32,0,0.0,FIXED_IDS,10,0.0,0.0,0.0,0,13,0.0
pubmed_deepres28_w128,4,13,0,32,128,1.0,DENSE_XOR,130,0.7736065204326923,0.66064453125,0.816650390625,0,13,0.0
pubmed_deepres28_w128,4,13,1,32,99,0.7734375,DENSE_XOR,130,0.710785742035742,0.672979797979798,0.7386363636363636,0,13,0.0
pubmed_deepres28_w128,4,13,2,32,0,0.0,FIXED_IDS,10,0.0,0.0,0.0,0,13,0.0
pubmed_deepres28_w128,4,13,3,32,0,0.0,FIXED_IDS,10,0.0,0.0,0.0,0,13,0.0
pubmed_deepres28_w128,4,13,0,32,128,1.0,DENSE_XOR,130,0.7496431790865384,0.641357421875,0.80078125,0,13,0.0
pubmed_deepres28_w128,4,13,1,32,102,0.796875,DENSE_XOR,130,0.706306561085973,0.6694240196078431,0.7362132352941176,0,13,0.0
pubmed_deepres28_w128,4,13,2,32,0,0.0,FIXED_IDS,10,0.0,0.0,0.0,0,13,0.0
pubmed_deepres28_w128,4,13,3,32,0,0.0,FIXED_IDS,10,0.0,0.0,0.0,0,13,0.0
pubmed_deepres28_w128,4,13,0,32,128,1.0,DENSE_XOR,130,0.8697040264423077,0.743896484375,0.908935546875,0,13,0.0
pubmed_deepres28_w128,4,13,1,32,91,0.7109375,DENSE_XOR,130,0.5645604395604397,0.5288461538461539,0.5992445054945055,0,13,0.0
pubmed_deepres28_w128,4,13,2,32,65,0.5078125,DENSE_XOR,130,0.6038831360946746,0.5177884615384616,0.7259615384615384,0,13,0.0
pubmed_deepres28_w128,4,13,3,32,0,0.0,FIXED_IDS,10,0.0,0.0,0.0,0,13,0.0
pubmed_deepres28_w128,4,13,0,32,128,1.0,DENSE_XOR,130,0.9020057091346154,0.788330078125,0.935546875,0,13,0.0
pubmed_deepres28_w128,4,13,1,32,80,0.625,DENSE_XOR,130,0.5291466346153847,0.491796875,0.559375,0,13,0.0
pubmed_deepres28_w128,4,13,2,32,83,0.6484375,DENSE_XOR,130,0.6043790546802594,0.5218373493975904,0.728539156626506,0,13,0.0
pubmed_deepres28_w128,4,13,3,32,0,0.0,FIXED_IDS,10,0.0,0.0,0.0,0,13,0.0
pubmed_deepres28_w128,4,13,0,32,128,1.0,DENSE_XOR,130,0.7963491586538461,0.685791015625,0.8466796875,0,13,0.0
pubmed_deepres28_w128,4,13,1,32,63,0.4921875,DENSE_XOR,130,0.7353861416361416,0.6964285714285714,0.7594246031746031,0,13,0.0
pubmed_deepres28_w128,4,13,2,32,81,0.6328125,DENSE_XOR,130,0.6851851851851852,0.6138117283950617,0.8109567901234568,0,13,0.0
pubmed_deepres28_w128,4,13,3,32,0,0.0,FIXED_IDS,10,0.0,0.0,0.0,0,13,0.0
pubmed_deepres28_w128,4,13,0,32,128,1.0,DENSE_XOR,130,0.8217961237980769,0.730224609375,0.9033203125,0,13,0.0
pubmed_deepres28_w128,4,13,1,32,0,0.0,FIXED_IDS,10,0.0,0.0,0.0,0,13,0.0
pubmed_deepres28_w128,4,13,2,32,113,0.8828125,DENSE_XOR,130,0.7371936691626957,0.6579092920353983,0.8708517699115044,0,13,0.0
pubmed_deepres28_w128,4,13,3,32,0,0.0,FIXED_IDS,10,0.0,0.0,0.0,0,13,0.0
pubmed_deepres28_w128,4,13,0,32,128,1.0,DENSE_XOR,130,0.8318434495192307,0.738525390625,0.926025390625,0,13,0.0
pubmed_deepres28_w128,4,13,1,32,0,0.0,FIXED_IDS,10,0.0,0.0,0.0,0,13,0.0
pubmed_deepres28_w128,4,13,2,32,123,0.9609375,DENSE_XOR,130,0.7383325515947466,0.6620934959349594,0.873729674796748,0,13,0.0
pubmed_deepres28_w128,4,13,3,32,0,0.0,FIXED_IDS,10,0.0,0.0,0.0,0,13,0.0
pubmed_deepres28_w128,4,13,0,32,128,1.0,DENSE_XOR,130,0.8842210036057693,0.76806640625,0.93017578125,0,13,0.0
pubmed_deepres28_w128,4,13,1,32,94,0.734375,DENSE_XOR,130,0.5074672667757774,0.47041223404255317,0.5369015957446809,0,13,0.0
pubmed_deepres28_w128,4,13,2,32,71,0.5546875,DENSE_XOR,130,0.5770246478873239,0.4867957746478873,0.6985035211267606,0,13,0.0
pubmed_deepres28_w128,4,13,3,32,0,0.0,FIXED_IDS,10,0.0,0.0,0.0,0,13,0.0
pubmed_deepres28_w128,4,13,0,32,128,1.0,DENSE_XOR,130,0.8487267127403846,0.737060546875,0.88427734375,0,13,0.0
pubmed_deepres28_w128,4,13,1,32,88,0.6875,DENSE_XOR,130,0.5998142482517482,0.5727982954545454,0.6271306818181818,0,13,0.0
pubmed_deepres28_w128,4,13,2,32,66,0.515625,DENSE_XOR,130,0.6133085664335663,0.5317234848484849,0.7320075757575758,0,13,0.0
pubmed_deepres28_w128,4,13,3,32,0,0.0,FIXED_IDS,10,0.0,0.0,0.0,0,13,0.0
pubmed_deepres28_w128,4,13,0,32,128,1.0,DENSE_XOR,130,0.8962777944711539,0.7744140625,0.93115234375,0,13,0.0
pubmed_deepres28_w128,4,13,1,32,74,0.578125,DENSE_XOR,130,0.5568801975051976,0.5211148648648649,0.5882601351351351,0,13,0.0
pubmed_deepres28_w128,4,13,2,32,82,0.640625,DENSE_XOR,130,0.6327392120075046,0.5434451219512195,0.7690548780487805,0,13,0.0
pubmed_deepres28_w128,4,13,3,32,0,0.0,FIXED_IDS,10,0.0,0.0,0.0,0,13,0.0
pubmed_deepres28_w128,4,13,0,32,128,1.0,DENSE_XOR,130,0.9178185096153846,0.791748046875,0.950927734375,0,13,0.0
pubmed_deepres28_w128,4,13,1,32,94,0.734375,DENSE_XOR,130,0.4700030687397708,0.4271941489361702,0.5043218085106383,0,13,0.0
pubmed_deepres28_w128,4,13,2,32,70,0.546875,DENSE_XOR,130,0.5653502747252748,0.4758928571428571,0.6794642857142857,0,13,0.0
pubmed_deepres28_w128,4,13,3,32,0,0.0,FIXED_IDS,10,0.0,0.0,0.0,0,13,0.0
pubmed_deepres28_w128,4,13,0,32,128,1.0,DENSE_XOR,130,0.8505671574519231,0.737060546875,0.8974609375,0,13,0.0
pubmed_deepres28_w128,4,13,1,32,80,0.625,DENSE_XOR,130,0.598407451923077,0.572265625,0.625390625,0,13,0.0
pubmed_deepres28_w128,4,13,2,32,76,0.59375,DENSE_XOR,130,0.6236715587044535,0.5271381578947368,0.751233552631579,0,13,0.0
pubmed_deepres28_w128,4,13,3,32,0,0.0,FIXED_IDS,10,0.0,0.0,0.0,0,13,0.0
pubmed_deepres28_w128,4,13,0,32,128,1.0,DENSE_XOR,130,0.8801645132211539,0.779296875,0.964599609375,0,13,0.0
pubmed_deepres28_w128,4,13,1,32,0,0.0,FIXED_IDS,10,0.0,0.0,0.0,0,13,0.0
pubmed_deepres28_w128,4,13,2,32,127,0.9921875,DENSE_XOR,130,0.7519117201695943,0.6702755905511811,0.890255905511811,0,13,0.0
pubmed_deepres28_w128,4,13,3,32,0,0.0,FIXED_IDS,10,0.0,0.0,0.0,0,13,0.0
pubmed_deepres28_w128,4,13,0,32,128,1.0,DENSE_XOR,130,0.9093299278846154,0.801025390625,0.954345703125,0,13,0.0
pubmed_deepres28_w128,4,13,1,32,0,0.0,FIXED_IDS,10,0.0,0.0,0.0,0,13,0.0
pubmed_deepres28_w128,4,13,2,32,104,0.8125,DENSE_XOR,130,0.6675064718934911,0.5859375,0.7938701923076923,0,13,0.0
pubmed_deepres28_w128,4,13,3,32,0,0.0,FIXED_IDS,10,0.0,0.0,0.0,0,13,0.0
pubmed_deepres28_w128,4,13,0,32,128,1.0,DENSE_XOR,130,0.8655348557692307,0.741455078125,0.904052734375,0,13,0.0
pubmed_deepres28_w128,4,13,1,32,97,0.7578125,DENSE_XOR,130,0.5640116970658208,0.5289948453608248,0.5982603092783505,0,13,0.0
pubmed_deepres28_w128,4,13,2,32,0,0.0,FIXED_IDS,10,0.0,0.0,0.0,0,13,0.0
pubmed_deepres28_w128,4,13,3,32,0,0.0,FIXED_IDS,10,0.0,0.0,0.0,0,13,0.0
pubmed_deepres28_w128,4,13,0,32,128,1.0,DENSE_XOR,130,0.9005596454326923,0.78466796875,0.9375,0,13,0.0
pubmed_deepres28_w128,4,13,1,32,65,0.5078125,DENSE_XOR,130,0.5495192307692309,0.5211538461538462,0.5817307692307693,0,13,0.0
pubmed_deepres28_w128,4,13,2,32,94,0.734375,DENSE_XOR,130,0.6362776186579377,0.5485372340425532,0.7639627659574468,0,13,0.0
pubmed_deepres28_w128,4,13,3,32,0,0.0,FIXED_IDS,10,0.0,0.0,0.0,0,13,0.0
pubmed_deepres28_w128,4,13,0,32,128,1.0,DENSE_XOR,130,0.8307542067307693,0.727294921875,0.870849609375,0,13,0.0
pubmed_deepres28_w128,4,13,1,32,82,0.640625,DENSE_XOR,130,0.6509732645403378,0.629954268292683,0.6772103658536586,0,13,0.0
pubmed_deepres28_w128,4,13,2,32,71,0.5546875,DENSE_XOR,130,0.6384073672806068,0.5519366197183099,0.7601232394366197,0,13,0.0
pubmed_deepres28_w128,4,13,3,32,0,0.0,FIXED_IDS,10,0.0,0.0,0.0,0,13,0.0
pubmed_deepres28_w128,4,13,0,32,128,1.0,DENSE_XOR,130,0.8520883413461539,0.73388671875,0.88916015625,0,13,0.0
pubmed_deepres28_w128,4,13,1,32,102,0.796875,DENSE_XOR,130,0.5548642533936652,0.5174632352941176,0.5885416666666666,0,13,0.0
pubmed_deepres28_w128,4,13,2,32,0,0.0,FIXED_IDS,10,0.0,0.0,0.0,0,13,0.0
pubmed_deepres28_w128,4,13,3,32,0,0.0,FIXED_IDS,10,0.0,0.0,0.0,0,13,0.0
pubmed_deepres28_w128,4,13,0,32,128,1.0,DENSE_XOR,130,0.9229266826923077,0.816162109375,0.965576171875,0,13,0.0
pubmed_deepres28_w128,4,13,1,32,0,0.0,FIXED_IDS,10,0.0,0.0,0.0,0,13,0.0
pubmed_deepres28_w128,4,13,2,32,100,0.78125,DENSE_XOR,130,0.6264182692307693,0.541875,0.75625,0,13,0.0
pubmed_deepres28_w128,4,13,3,32,0,0.0,FIXED_IDS,10,0.0,0.0,0.0,0,13,0.0
pubmed_deepres28_w128,4,13,0,32,128,1.0,DENSE_XOR,130,0.8913949819711539,0.761962890625,0.92578125,0,13,0.0
pubmed_deepres28_w128,4,13,1,32,108,0.84375,DENSE_XOR,130,0.4999777421652421,0.46383101851851855,0.5315393518518519,0,13,0.0
pubmed_deepres28_w128,4,13,2,32,0,0.0,FIXED_IDS,10,0.0,0.0,0.0,0,13,0.0
pubmed_deepres28_w128,4,13,3,32,0,0.0,FIXED_IDS,10,0.0,0.0,0.0,0,13,0.0
pubmed_deepres28_w128,4,13,0,32,128,1.0,DENSE_XOR,130,0.8401442307692307,0.718505859375,0.87548828125,0,13,0.0
pubmed_deepres28_w128,4,13,1,32,102,0.796875,DENSE_XOR,130,0.6140177224736048,0.5805759803921569,0.6467524509803921,0,13,0.0
pubmed_deepres28_w128,4,13,2,32,0,0.0,FIXED_IDS,10,0.0,0.0,0.0,0,13,0.0
pubmed_deepres28_w128,4,13,3,32,0,0.0,FIXED_IDS,10,0.0,0.0,0.0,0,13,0.0
pubmed_deepres28_w128,4,13,0,32,128,1.0,DENSE_XOR,130,0.8472055288461539,0.711669921875,0.8798828125,0,13,0.0
pubmed_deepres28_w128,4,13,1,32,109,0.8515625,DENSE_XOR,130,0.6132674664784756,0.575401376146789,0.6513761467889908,0,13,0.0
pubmed_deepres28_w128,4,13,2,32,0,0.0,FIXED_IDS,10,0.0,0.0,0.0,0,13,0.0
pubmed_deepres28_w128,4,13,3,32,0,0.0,FIXED_IDS,10,0.0,0.0,0.0,0,13,0.0
pubmed_deepres28_w128,4,13,0,32,128,1.0,DENSE_XOR,130,0.8403695913461539,0.721923828125,0.873291015625,0,13,0.0
pubmed_deepres28_w128,4,13,1,32,112,0.875,DENSE_XOR,130,0.5754635989010988,0.5426897321428571,0.6060267857142857,0,13,0.0
pubmed_deepres28_w128,4,13,2,32,0,0.0,FIXED_IDS,10,0.0,0.0,0.0,0,13,0.0
pubmed_deepres28_w128,4,13,3,32,0,0.0,FIXED_IDS,10,0.0,0.0,0.0,0,13,0.0
pubmed_deepres28_w128,4,13,0,32,128,1.0,DENSE_XOR,130,0.836669921875,0.7021484375,0.870849609375,0,13,0.0
pubmed_deepres28_w128,4,13,1,32,119,0.9296875,DENSE_XOR,130,0.5951034259857789,0.555672268907563,0.6213235294117647,0,13,0.0
pubmed_deepres28_w128,4,13,2,32,0,0.0,FIXED_IDS,10,0.0,0.0,0.0,0,13,0.0
pubmed_deepres28_w128,4,13,3,32,0,0.0,FIXED_IDS,10,0.0,0.0,0.0,0,13,0.0
pubmed_deepres28_w128,4,13,0,32,128,1.0,DENSE_XOR,130,0.8937800480769231,0.77685546875,0.925537109375,0,13,0.0
pubmed_deepres28_w128,4,13,1,32,84,0.65625,DENSE_XOR,130,0.5469608516483515,0.5163690476190477,0.5825892857142857,0,13,0.0
pubmed_deepres28_w128,4,13,2,32,79,0.6171875,DENSE_XOR,130,0.5871470301850048,0.5011867088607594,0.7120253164556962,0,13,0.0
pubmed_deepres28_w128,4,13,3,32,0,0.0,FIXED_IDS,10,0.0,0.0,0.0,0,13,0.0
pubmed_deepres28_w128,4,13,0,32,128,1.0,DENSE_XOR,130,0.6584660456730769,0.577392578125,0.69677734375,0,13,0.0
pubmed_deepres28_w128,4,13,1,32,119,0.9296875,DENSE_XOR,130,0.7882595345830641,0.7476365546218487,0.8159138655462185,0,13,0.0
pubmed_deepres28_w128,4,13,2,32,0,0.0,FIXED_IDS,10,0.0,0.0,0.0,0,13,0.0
pubmed_deepres28_w128,4,13,3,32,0,0.0,FIXED_IDS,10,0.0,0.0,0.0,0,13,0.0
pubmed_deepres28_w128,4,13,0,32,128,1.0,DENSE_XOR,130,0.7779822716346154,0.660400390625,0.8125,0,13,0.0
pubmed_deepres28_w128,4,13,1,32,112,0.875,DENSE_XOR,130,0.7054429945054945,0.6640625,0.7299107142857143,0,13,0.0
pubmed_deepres28_w128,4,13,2,32,0,0.0,FIXED_IDS,10,0.0,0.0,0.0,0,13,0.0
pubmed_deepres28_w128,4,13,3,32,0,0.0,FIXED_IDS,10,0.0,0.0,0.0,0,13,0.0
pubmed_deepres28_w128,4,13,0,32,128,1.0,DENSE_XOR,130,0.5661057692307693,0.49658203125,0.621337890625,0,13,0.0
pubmed_deepres28_w128,4,13,1,32,118,0.921875,DENSE_XOR,130,0.9136448826597132,0.8490466101694916,0.9340572033898306,0,13,0.0
pubmed_deepres28_w128,4,13,2,32,0,0.0,FIXED_IDS,10,0.0,0.0,0.0,0,13,0.0
pubmed_deepres28_w128,4,13,3,32,0,0.0,FIXED_IDS,10,0.0,0.0,0.0,0,13,0.0
pubmed_deepres28_w128,4,13,0,32,128,1.0,DENSE_XOR,130,0.5544809194711539,0.492431640625,0.608642578125,0,13,0.0
pubmed_deepres28_w128,4,13,1,32,120,0.9375,DENSE_XOR,130,0.8760416666666667,0.8263020833333333,0.8955729166666667,0,13,0.0
pubmed_deepres28_w128,4,13,2,32,0,0.0,FIXED_IDS,10,0.0,0.0,0.0,0,13,0.0
pubmed_deepres28_w128,4,13,3,32,0,0.0,FIXED_IDS,10,0.0,0.0,0.0,0,13,0.0
pubmed_deepres28_w128,4,13,0,32,128,1.0,DENSE_XOR,130,0.8891789362980769,0.75830078125,0.925048828125,0,13,0.0
pubmed_deepres28_w128,4,13,1,32,103,0.8046875,DENSE_XOR,130,0.4962658700522778,0.4499393203883495,0.533373786407767,0,13,0.0
pubmed_deepres28_w128,4,13,2,32,0,0.0,FIXED_IDS,10,0.0,0.0,0.0,0,13,0.0
pubmed_deepres28_w128,4,13,3,32,0,0.0,FIXED_IDS,10,0.0,0.0,0.0,0,13,0.0
pubmed_deepres28_w128,4,13,0,32,128,1.0,DENSE_XOR,130,0.6993314302884616,0.6044921875,0.735107421875,0,13,0.0
pubmed_deepres28_w128,4,13,1,32,123,0.9609375,DENSE_XOR,130,0.7389774859287054,0.6994410569105691,0.7680386178861789,0,13,0.0
pubmed_deepres28_w128,4,13,2,32,0,0.0,FIXED_IDS,10,0.0,0.0,0.0,0,13,0.0
pubmed_deepres28_w128,4,13,3,32,0,0.0,FIXED_IDS,10,0.0,0.0,0.0,0,13,0.0
pubmed_deepres28_w128,4,13,0,32,128,1.0,DENSE_XOR,130,0.6536583533653846,0.574951171875,0.698974609375,0,13,0.0
pubmed_deepres28_w128,4,13,1,32,105,0.8203125,DENSE_XOR,130,0.8498397435897437,0.7886904761904762,0.8735119047619048,0,13,0.0
pubmed_deepres28_w128,4,13,2,32,0,0.0,FIXED_IDS,10,0.0,0.0,0.0,0,13,0.0
pubmed_deepres28_w128,4,13,3,32,0,0.0,FIXED_IDS,10,0.0,0.0,0.0,0,13,0.0
pubmed_deepres28_w128,4,13,0,32,128,1.0,DENSE_XOR,130,0.5829890324519231,0.509765625,0.6279296875,0,13,0.0
pubmed_deepres28_w128,4,13,1,32,126,0.984375,DENSE_XOR,130,0.9058112026862026,0.8323412698412699,0.9255952380952381,0,13,0.0
pubmed_deepres28_w128,4,13,2,32,0,0.0,FIXED_IDS,10,0.0,0.0,0.0,0,13,0.0
pubmed_deepres28_w128,4,13,3,32,0,0.0,FIXED_IDS,10,0.0,0.0,0.0,0,13,0.0
pubmed_deepres28_w128,4,13,0,32,128,1.0,DENSE_XOR,130,0.49667593149038464,0.42529296875,0.5556640625,0,13,0.0
pubmed_deepres28_w128,4,13,1,32,120,0.9375,DENSE_XOR,130,0.9254407051282052,0.87109375,0.95078125,0,13,0.0
pubmed_deepres28_w128,4,13,2,32,0,0.0,FIXED_IDS,10,0.0,0.0,0.0,0,13,0.0
pubmed_deepres28_w128,4,13,3,32,0,0.0,FIXED_IDS,10,0.0,0.0,0.0,0,13,0.0
pubmed_deepres28_w128,4,13,0,32,128,1.0,DENSE_XOR,130,0.7710899939903846,0.68603515625,0.816650390625,0,13,0.0
pubmed_deepres28_w128,4,13,1,32,60,0.46875,DENSE_XOR,130,0.8828525641025641,0.815625,0.9010416666666666,0,13,0.0
pubmed_deepres28_w128,4,13,2,32,74,0.578125,DENSE_XOR,130,0.7315163721413722,0.6414695945945946,0.8614864864864865,0,13,0.0
pubmed_deepres28_w128,4,13,3,32,0,0.0,FIXED_IDS,10,0.0,0.0,0.0,0,13,0.0
pubmed_deepres28_w128,4,13,0,32,128,1.0,DENSE_XOR,130,0.8212890625,0.729248046875,0.911376953125,0,13,0.0
pubmed_deepres28_w128,4,13,1,32,0,0.0,FIXED_IDS,10,0.0,0.0,0.0,0,13,0.0
pubmed_deepres28_w128,4,13,2,32,122,0.953125,DENSE_XOR,130,0.7325425598991173,0.6606045081967213,0.8637295081967213,0,13,0.0
pubmed_deepres28_w128,4,13,3,32,0,0.0,FIXED_IDS,10,0.0,0.0,0.0,0,13,0.0
pubmed_deepres28_w128,4,13,0,32,128,1.0,DENSE_XOR,130,0.8494779146634616,0.7451171875,0.934326171875,0,13,0.0
pubmed_deepres28_w128,4,13,1,32,0,0.0,FIXED_IDS,10,0.0,0.0,0.0,0,13,0.0
pubmed_deepres28_w128,4,13,2,32,123,0.9609375,DENSE_XOR,130,0.7034865540963101,0.6288109756097561,0.8295223577235772,0,13,0.0
pubmed_deepres28_w128,4,13,3,32,0,0.0,FIXED_IDS,10,0.0,0.0,0.0,0,13,0.0
pubmed_deepres28_w128,4,13,0,32,128,1.0,DENSE_XOR,130,0.8748309795673077,0.756591796875,0.921875,0,13,0.0
pubmed_deepres28_w128,4,13,1,32,77,0.6015625,DENSE_XOR,130,0.5440497002997003,0.5044642857142857,0.5840097402597403,0,13,0.0
pubmed_deepres28_w128,4,13,2,32,76,0.59375,DENSE_XOR,130,0.6127593623481782,0.5328947368421053,0.7425986842105263,0,13,0.0
pubmed_deepres28_w128,4,13,3,32,0,0.0,FIXED_IDS,10,0.0,0.0,0.0,0,13,0.0
pubmed_deepres28_w128,4,13,0,32,128,1.0,DENSE_XOR,130,0.9446739783653846,0.834228515625,0.977294921875,0,13,0.0
pubmed_deepres28_w128,4,13,1,32,0,0.0,FIXED_IDS,10,0.0,0.0,0.0,0,13,0.0
pubmed_deepres28_w128,4,13,2,32,101,0.7890625,DENSE_XOR,130,0.6208587204874334,0.5448638613861386,0.7385519801980198,0,13,0.0
pubmed_deepres28_w128,4,13,3,32,0,0.0,FIXED_IDS,10,0.0,0.0,0.0,0,13,0.0
pubmed_deepres28_w128,4,13,0,32,128,1.0,DENSE_XOR,130,0.90380859375,0.797607421875,0.94287109375,0,13,0.0
pubmed_deepres28_w128,4,13,1,32,0,0.0,FIXED_IDS,10,0.0,0.0,0.0,0,13,0.0
pubmed_deepres28_w128,4,13,2,32,100,0.78125,DENSE_XOR,130,0.689735576923077,0.6,0.8184375,0,13,0.0
pubmed_deepres28_w128,4,13,3,32,0,0.0,FIXED_IDS,10,0.0,0.0,0.0,0,13,0.0
pubmed_deepres28_w128,4,13,0,32,128,1.0,DENSE_XOR,130,0.8032414362980769,0.70654296875,0.881103515625,0,13,0.0
pubmed_deepres28_w128,4,13,1,32,0,0.0,FIXED_IDS,10,0.0,0.0,0.0,0,13,0.0
pubmed_deepres28_w128,4,13,2,32,122,0.953125,DENSE_XOR,130,0.6922485813366961,0.6267930327868853,0.820952868852459,0,13,0.0
pubmed_deepres28_w128,4,13,3,32,0,0.0,FIXED_IDS,10,0.0,0.0,0.0,0,13,0.0
pubmed_deepres28_w128,4,13,0,32,128,1.0,DENSE_XOR,130,0.8505859375,0.7353515625,0.924560546875,0,13,0.0
pubmed_deepres28_w128,4,13,1,32,0,0.0,FIXED_IDS,10,0.0,0.0,0.0,0,13,0.0
pubmed_deepres28_w128,4,13,2,32,116,0.90625,DENSE_XOR,130,0.6963486405835544,0.625,0.8243534482758621,0,13,0.0
pubmed_deepres28_w128,4,13,3,32,0,0.0,FIXED_IDS,10,0.0,0.0,0.0,0,13,0.0
pubmed_deepres28_w128,4,13,0,32,128,1.0,DENSE_XOR,130,0.8872258112980769,0.7783203125,0.96630859375,0,13,0.0
pubmed_deepres28_w128,4,13,1,32,0,0.0,FIXED_IDS,10,0.0,0.0,0.0,0,13,0.0
pubmed_deepres28_w128,4,13,2,32,126,0.984375,DENSE_XOR,130,0.7353289072039073,0.6560019841269841,0.8583829365079365,0,13,0.0
pubmed_deepres28_w128,4,13,3,32,0,0.0,FIXED_IDS,10,0.0,0.0,0.0,0,13,0.0
pubmed_deepres28_w128,4,13,0,32,128,1.0,DENSE_XOR,130,0.9010479266826923,0.795654296875,0.97119140625,0,13,0.0
pubmed_deepres28_w128,4,13,1,32,0,0.0,FIXED_IDS,10,0.0,0.0,0.0,0,13,0.0
pubmed_deepres28_w128,4,13,2,32,123,0.9609375,DENSE_XOR,130,0.7510162601626017,0.6610772357723578,0.8846544715447154,0,13,0.0
pubmed_deepres28_w128,4,13,3,32,0,0.0,FIXED_IDS,10,0.0,0.0,0.0,0,13,0.0
pubmed_deepres28_w128,4,13,0,32,128,1.0,DENSE_XOR,130,0.8512995793269231,0.73388671875,0.90869140625,0,13,0.0
pubmed_deepres28_w128,4,13,1,32,55,0.4296875,DENSE_XOR,130,0.6694493006993008,0.6284090909090909,0.6994318181818182,0,13,0.0
pubmed_deepres28_w128,4,13,2,32,91,0.7109375,DENSE_XOR,130,0.6941303888419272,0.6078296703296703,0.8221153846153846,0,13,0.0
pubmed_deepres28_w128,4,13,3,32,0,0.0,FIXED_IDS,10,0.0,0.0,0.0,0,13,0.0
pubmed_deepres28_w128,4,13,0,32,128,1.0,DENSE_XOR,130,0.7379056490384616,0.654541015625,0.786865234375,0,13,0.0
pubmed_deepres28_w128,4,13,1,32,79,0.6171875,DENSE_XOR,130,0.7503042843232718,0.7250791139240507,0.7816455696202531,0,13,0.0
pubmed_deepres28_w128,4,13,2,32,68,0.53125,DENSE_XOR,130,0.6638150452488689,0.5827205882352942,0.7909007352941176,0,13,0.0
pubmed_deepres28_w128,4,13,3,32,0,0.0,FIXED_IDS,10,0.0,0.0,0.0,0,13,0.0
pubmed_deepres28_w128,4,13,0,32,128,1.0,DENSE_XOR,130,0.8380972055288461,0.732666015625,0.875244140625,0,13,0.0
pubmed_deepres28_w128,4,13,1,32,70,0.546875,DENSE_XOR,130,0.6972184065934066,0.6486607142857143,0.7241071428571428,0,13,0.0
pubmed_deepres28_w128,4,13,2,32,80,0.625,DENSE_XOR,130,0.6482572115384616,0.556640625,0.7828125,0,13,0.0
pubmed_deepres28_w128,4,13,3,32,0,0.0,FIXED_IDS,10,0.0,0.0,0.0,0,13,0.0
pubmed_deepres28_w128,4,13,0,32,128,1.0,DENSE_XOR,130,0.7853628305288461,0.69775390625,0.825927734375,0,13,0.0
pubmed_deepres28_w128,4,13,1,32,73,0.5703125,DENSE_XOR,130,0.7527002107481559,0.7178938356164384,0.7808219178082192,0,13,0.0
pubmed_deepres28_w128,4,13,2,32,75,0.5859375,DENSE_XOR,130,0.6537499999999999,0.5720833333333334,0.7733333333333333,0,13,0.0
pubmed_deepres28_w128,4,13,3,32,0,0.0,FIXED_IDS,10,0.0,0.0,0.0,0,13,0.0
pubmed_deepres28_w128,4,13,0,32,128,1.0,DENSE_XOR,130,0.7915602463942307,0.703125,0.849365234375,0,13,0.0
pubmed_deepres28_w128,4,13,1,32,52,0.40625,DENSE_XOR,130,0.776719674556213,0.7397836538461539,0.7902644230769231,0,13,0.0
pubmed_deepres28_w128,4,13,2,32,92,0.71875,DENSE_XOR,130,0.7172345317725751,0.6375679347826086,0.8359375,0,13,0.0
pubmed_deepres28_w128,4,13,3,32,0,0.0,FIXED_IDS,10,0.0,0.0,0.0,0,13,0.0
pubmed_deepres28_w128,4,13,0,32,128,1.0,DENSE_XOR,130,0.8824556790865384,0.77197265625,0.924072265625,0,13,0.0
pubmed_deepres28_w128,4,13,1,32,54,0.421875,DENSE_XOR,130,0.6133814102564102,0.5873842592592593,0.6504629629629629,0,13,0.0
pubmed_deepres28_w128,4,13,2,32,97,0.7578125,DENSE_XOR,130,0.6807593180015861,0.5892396907216495,0.8070231958762887,0,13,0.0
pubmed_deepres28_w128,4,13,3,32,0,0.0,FIXED_IDS,10,0.0,0.0,0.0,0,13,0.0
pubmed_deepres28_w128,4,13,0,32,128,1.0,DENSE_XOR,130,0.8767465444711539,0.762939453125,0.91455078125,0,13,0.0
pubmed_deepres28_w128,4,13,1,32,75,0.5859375,DENSE_XOR,130,0.6006410256410256,0.5766666666666667,0.6320833333333333,0,13,0.0
pubmed_deepres28_w128,4,13,2,32,83,0.6484375,DENSE_XOR,130,0.6115037071362374,0.5274849397590361,0.7349397590361446,0,13,0.0
pubmed_deepres28_w128,4,13,3,32,0,0.0,FIXED_IDS,10,0.0,0.0,0.0,0,13,0.0
pubmed_deepres28_w128,4,13,0,32,128,1.0,DENSE_XOR,130,0.9366361177884616,0.82763671875,0.98046875,0,13,0.0
pubmed_deepres28_w128,4,13,1,32,0,0.0,FIXED_IDS,10,0.0,0.0,0.0,0,13,0.0
pubmed_deepres28_w128,4,13,2,32,116,0.90625,DENSE_XOR,130,0.6371435676392573,0.5546875,0.7615840517241379,0,13,0.0
pubmed_deepres28_w128,4,13,3,32,0,0.0,FIXED_IDS,10,0.0,0.0,0.0,0,13,0.0
pubmed_deepres28_w128,4,13,0,32,128,1.0,DENSE_XOR,130,0.9080153245192307,0.791259765625,0.962646484375,0,13,0.0
pubmed_deepres28_w128,4,13,1,32,0,0.0,FIXED_IDS,10,0.0,0.0,0.0,0,13,0.0
pubmed_deepres28_w128,4,13,2,32,105,0.8203125,DENSE_XOR,130,0.6397893772893772,0.5580357142857143,0.7654761904761904,0,13,0.0
pubmed_deepres28_w128,4,13,3,32,0,0.0,FIXED_IDS,10,0.0,0.0,0.0,0,13,0.0
pubmed_deepres28_w128,4,13,0,32,128,1.0,DENSE_XOR,130,0.9417255108173077,0.821044921875,0.977783203125,0,13,0.0
pubmed_deepres28_w128,4,13,1,32,0,0.0,FIXED_IDS,10,0.0,0.0,0.0,0,13,0.0
pubmed_deepres28_w128,4,13,2,32,88,0.6875,DENSE_XOR,130,0.60118006993007,0.5102982954545454,0.7283380681818182,0,13,0.0
pubmed_deepres28_w128,4,13,3,32,0,0.0,FIXED_IDS,10,0.0,0.0,0.0,0,13,0.0
pubmed_deepres28_w128,4,13,0,32,128,1.0,DENSE_XOR,130,0.935302734375,0.82666015625,0.979736328125,0,13,0.0
pubmed_deepres28_w128,4,13,1,32,0,0.0,FIXED_IDS,10,0.0,0.0,0.0,0,13,0.0
pubmed_deepres28_w128,4,13,2,32,112,0.875,DENSE_XOR,130,0.6396806318681318,0.5597098214285714,0.7589285714285714,0,13,0.0
pubmed_deepres28_w128,4,13,3,32,0,0.0,FIXED_IDS,10,0.0,0.0,0.0,0,13,0.0
pubmed_deepres28_w128,4,13,0,32,128,1.0,DENSE_XOR,130,0.8393366887019231,0.7421875,0.902099609375,0,13,0.0
pubmed_deepres28_w128,4,13,1,32,0,0.0,FIXED_IDS,10,0.0,0.0,0.0,0,13,0.0
pubmed_deepres28_w128,4,13,2,32,105,0.8203125,DENSE_XOR,130,0.7269001831501831,0.643154761904762,0.8535714285714285,0,13,0.0
pubmed_deepres28_w128,4,13,3,32,0,0.0,FIXED_IDS,10,0.0,0.0,0.0,0,13,0.0
pubmed_deepres28_w128,4,13,0,32,128,1.0,DENSE_XOR,130,0.8592810997596154,0.756103515625,0.91845703125,0,13,0.0
pubmed_deepres28_w128,4,13,1,32,0,0.0,FIXED_IDS,10,0.0,0.0,0.0,0,13,0.0
pubmed_deepres28_w128,4,13,2,32,113,0.8828125,DENSE_XOR,130,0.6806926480599047,0.6048119469026548,0.8089048672566371,0,13,0.0
pubmed_deepres28_w128,4,13,3,32,0,0.0,FIXED_IDS,10,0.0,0.0,0.0,0,13,0.0
pubmed_deepres28_w128,4,13,0,32,128,1.0,DENSE_XOR,130,0.8082932692307693,0.709228515625,0.865478515625,0,13,0.0
pubmed_deepres28_w128,4,13,1,32,50,0.390625,DENSE_XOR,130,0.7260096153846154,0.69875,0.75625,0,13,0.0
pubmed_deepres28_w128,4,13,2,32,87,0.6796875,DENSE_XOR,130,0.7196618037135278,0.6293103448275862,0.8559626436781609,0,13,0.0
pubmed_deepres28_w128,4,13,3,32,0,0.0,FIXED_IDS,10,0.0,0.0,0.0,0,13,0.0
pubmed_deepres28_w128,4,13,0,32,128,1.0,DENSE_XOR,130,0.8307542067307693,0.719970703125,0.884765625,0,13,0.0
pubmed_deepres28_w128,4,13,1,32,58,0.453125,DENSE_XOR,130,0.7285726127320954,0.6853448275862069,0.7591594827586207,0,13,0.0
pubmed_deepres28_w128,4,13,2,32,79,0.6171875,DENSE_XOR,130,0.7241966893865629,0.6285601265822784,0.8560126582278481,0,13,0.0
pubmed_deepres28_w128,4,13,3,32,0,0.0,FIXED_IDS,10,0.0,0.0,0.0,0,13,0.0
pubmed_deepres28_w128,4,13,0,32,128,1.0,DENSE_XOR,130,0.7989032451923077,0.685302734375,0.840576171875,0,13,0.0
pubmed_deepres28_w128,4,13,1,32,88,0.6875,DENSE_XOR,130,0.677666083916084,0.6512784090909091,0.7056107954545454,0,13,0.0
pubmed_deepres28_w128,4,13,2,32,54,0.421875,DENSE_XOR,130,0.6676905270655271,0.5815972222222222,0.7876157407407407,0,13,0.0
pubmed_deepres28_w128,4,13,3,32,0,0.0,FIXED_IDS,10,0.0,0.0,0.0,0,13,0.0
pubmed_deepres28_w128,4,13,0,32,128,1.0,DENSE_XOR,130,0.7470515324519231,0.638427734375,0.80126953125,0,13,0.0
pubmed_deepres28_w128,4,13,1,32,81,0.6328125,DENSE_XOR,130,0.7666488603988605,0.7164351851851852,0.7939814814814815,0,13,0.0
pubmed_deepres28_w128,4,13,2,32,74,0.578125,DENSE_XOR,130,0.629385395010395,0.5502533783783784,0.7546452702702703,0,13,0.0
pubmed_deepres28_w128,4,13,3,32,0,0.0,FIXED_IDS,10,0.0,0.0,0.0,0,13,0.0
pubmed_deepres28_w128,4,13,0,32,128,1.0,DENSE_XOR,130,0.8742863581730769,0.764892578125,0.909912109375,0,13,0.0
pubmed_deepres28_w128,4,13,1,32,85,0.6640625,DENSE_XOR,130,0.553054298642534,0.5183823529411765,0.5845588235294118,0,13,0.0
pubmed_deepres28_w128,4,13,2,32,80,0.625,DENSE_XOR,130,0.5668569711538463,0.483984375,0.685546875,0,13,0.0
pubmed_deepres28_w128,4,13,3,32,0,0.0,FIXED_IDS,10,0.0,0.0,0.0,0,13,0.0
pubmed_deepres28_w128,4,13,0,32,128,1.0,DENSE_XOR,130,0.9278846153846154,0.8134765625,0.959716796875,0,13,0.0
pubmed_deepres28_w128,4,13,1,32,0,0.0,FIXED_IDS,10,0.0,0.0,0.0,0,13,0.0
pubmed_deepres28_w128,4,13,2,32,82,0.640625,DENSE_XOR,130,0.5917858818011257,0.5011432926829268,0.7157012195121951,0,13,0.0
pubmed_deepres28_w128,4,13,3,32,0,0.0,FIXED_IDS,10,0.0,0.0,0.0,0,13,0.0
pubmed_deepres28_w128,4,13,0,32,128,1.0,DENSE_XOR,130,0.9473407451923077,0.835693359375,0.976318359375,0,13,0.0
pubmed_deepres28_w128,4,13,1,32,0,0.0,FIXED_IDS,10,0.0,0.0,0.0,0,13,0.0
pubmed_deepres28_w128,4,13,2,32,89,0.6953125,DENSE_XOR,130,0.5549103284356094,0.46769662921348315,0.6741573033707865,0,13,0.0
pubmed_deepres28_w128,4,13,3,32,0,0.0,FIXED_IDS,10,0.0,0.0,0.0,0,13,0.0
pubmed_deepres28_w128,4,13,0,32,128,1.0,DENSE_XOR,130,0.8208195612980769,0.673828125,0.860107421875,0,13,0.0
pubmed_deepres28_w128,4,13,1,32,117,0.9140625,DENSE_XOR,130,0.6389916173570019,0.6079059829059829,0.6672008547008547,0,13,0.0
pubmed_deepres28_w128,4,13,2,32,0,0.0,FIXED_IDS,10,0.0,0.0,0.0,0,13,0.0
pubmed_deepres28_w128,4,13,3,32,0,0.0,FIXED_IDS,10,0.0,0.0,0.0,0,13,0.0
pubmed_deepres28_w128,4,13,0,32,128,1.0,DENSE_XOR,130,0.8982121394230769,0.76953125,0.927978515625,0,13,0.0
pubmed_deepres28_w128,4,13,1,32,102,0.796875,DENSE_XOR,130,0.5271021870286575,0.49387254901960786,0.5588235294117647,0,13,0.0
pubmed_deepres28_w128,4,13,2,32,0,0.0,FIXED_IDS,10,0.0,0.0,0.0,0,13,0.0
pubmed_deepres28_w128,4,13,3,32,0,0.0,FIXED_IDS,10,0.0,0.0,0.0,0,13,0.0
pubmed_deepres28_w128,4,13,0,32,128,1.0,DENSE_XOR,130,0.8634314903846154,0.73681640625,0.913330078125,0,13,0.0
pubmed_deepres28_w128,4,13,1,32,75,0.5859375,DENSE_XOR,130,0.572948717948718,0.5475,0.6041666666666666,0,13,0.0
pubmed_deepres28_w128,4,13,2,32,85,0.6640625,DENSE_XOR,130,0.6164592760180996,0.53125,0.7400735294117647,0,13,0.0
pubmed_deepres28_w128,4,13,3,32,0,0.0,FIXED_IDS,10,0.0,0.0,0.0,0,13,0.0
pubmed_deepres28_w128,4,13,0,32,128,1.0,DENSE_XOR,130,0.9113957331730769,0.791748046875,0.9384765625,0,13,0.0
pubmed_deepres28_w128,4,13,1,32,111,0.8671875,DENSE_XOR,130,0.4772825710325711,0.4456644144144144,0.5087274774774775,0,13,0.0
pubmed_deepres28_w128,4,13,2,32,0,0.0,FIXED_IDS,10,0.0,0.0,0.0,0,13,0.0
pubmed_deepres28_w128,4,13,3,32,0,0.0,FIXED_IDS,10,0.0,0.0,0.0,0,13,0.0
pubmed_deepres28_w128,4,13,0,32,128,1.0,DENSE_XOR,130,0.933349609375,0.805908203125,0.961669921875,0,13,0.0
pubmed_deepres28_w128,4,13,1,32,98,0.765625,DENSE_XOR,130,0.4529287676609105,0.4139030612244898,0.48788265306122447,0,13,0.0
pubmed_deepres28_w128,4,13,2,32,84,0.65625,DENSE_XOR,130,0.5114468864468864,0.4192708333333333,0.6253720238095238,0,13,0.0
pubmed_deepres28_w128,4,13,3,32,0,0.0,FIXED_IDS,10,0.0,0.0,0.0,0,13,0.0
pubmed_deepres28_w128,4,13,0,32,128,1.0,DENSE_XOR,130,0.8449519230769231,0.730712890625,0.888916015625,0,13,0.0
pubmed_deepres28_w128,4,13,1,32,79,0.6171875,DENSE_XOR,130,0.6322419668938656,0.5969145569620253,0.6677215189873418,0,13,0.0
pubmed_deepres28_w128,4,13,2,32,73,0.5703125,DENSE_XOR,130,0.6489396733403582,0.559931506849315,0.7761130136986302,0,13,0.0
pubmed_deepres28_w128,4,13,3,32,0,0.0,FIXED_IDS,10,0.0,0.0,0.0,0,13,0.0
pubmed_deepres28_w128,4,13,0,32,128,1.0,DENSE_XOR,130,0.917724609375,0.80322265625,0.95166015625,0,13,0.0
pubmed_deepres28_w128,4,13,1,32,0,0.0,FIXED_IDS,10,0.0,0.0,0.0,0,13,0.0
pubmed_deepres28_w128,4,13,2,32,92,0.71875,DENSE_XOR,130,0.6459291387959867,0.5604619565217391,0.7618885869565217,0,13,0.0
pubmed_deepres28_w128,4,13,3,32,0,0.0,FIXED_IDS,10,0.0,0.0,0.0,0,13,0.0
pubmed_deepres28_w128,4,13,0,32,128,1.0,DENSE_XOR,130,0.9344764122596154,0.817138671875,0.961669921875,0,13,0.0
pubmed_deepres28_w128,4,13,1,32,0,0.0,FIXED_IDS,10,0.0,0.0,0.0,0,13,0.0
pubmed_deepres28_w128,4,13,2,32,92,0.71875,DENSE_XOR,130,0.5047293060200667,0.4116847826086957,0.615828804347826,0,13,0.0
pubmed_deepres28_w128,4,13,3,32,0,0.0,FIXED_IDS,10,0.0,0.0,0.0,0,13,0.0
pubmed_deepres28_w128,4,13,0,32,128,1.0,DENSE_XOR,130,0.8524076021634616,0.712158203125,0.8837890625,0,13,0.0
pubmed_deepres28_w128,4,13,1,32,113,0.8828125,DENSE_XOR,130,0.5978556841388699,0.5685840707964602,0.629424778761062,0,13,0.0
pubmed_deepres28_w128,4,13,2,32,0,0.0,FIXED_IDS,10,0.0,0.0,0.0,0,13,0.0
pubmed_deepres28_w128,4,13,3,32,0,0.0,FIXED_IDS,10,0.0,0.0,0.0,0,13,0.0
pubmed_deepres28_w128,4,13,0,32,128,1.0,DENSE_XOR,130,0.8384728064903846,0.71142578125,0.868896484375,0,13,0.0
pubmed_deepres28_w128,4,13,1,32,109,0.8515625,DENSE_XOR,130,0.6202364149611855,0.5897362385321101,0.6496559633027523,0,13,0.0
pubmed_deepres28_w128,4,13,2,32,0,0.0,FIXED_IDS,10,0.0,0.0,0.0,0,13,0.0
pubmed_deepres28_w128,4,13,3,32,0,0.0,FIXED_IDS,10,0.0,0.0,0.0,0,13,0.0
pubmed_deepres28_w128,4,13,0,32,128,1.0,DENSE_XOR,130,0.7093411959134616,0.62060546875,0.74951171875,0,13,0.0
pubmed_deepres28_w128,4,13,1,32,103,0.8046875,DENSE_XOR,130,0.7651932412247946,0.7233009708737864,0.7882281553398058,0,13,0.0
pubmed_deepres28_w128,4,13,2,32,0,0.0,FIXED_IDS,10,0.0,0.0,0.0,0,13,0.0
pubmed_deepres28_w128,4,13,3,32,0,0.0,FIXED_IDS,10,0.0,0.0,0.0,0,13,0.0
pubmed_deepres28_w128,4,13,0,32,128,1.0,DENSE_XOR,130,0.7180926983173077,0.627197265625,0.752685546875,0,13,0.0
pubmed_deepres28_w128,4,13,1,32,114,0.890625,DENSE_XOR,130,0.7733215249662617,0.7195723684210527,0.7993421052631579,0,13,0.0
pubmed_deepres28_w128,4,13,2,32,0,0.0,FIXED_IDS,10,0.0,0.0,0.0,0,13,0.0
pubmed_deepres28_w128,4,13,3,32,0,0.0,FIXED_IDS,10,0.0,0.0,0.0,0,13,0.0
pubmed_deepres28_w128,4,13,0,32,128,1.0,DENSE_XOR,130,0.5240384615384616,0.44970703125,0.576904296875,0,13,0.0
pubmed_deepres28_w128,4,13,1,32,125,0.9765625,DENSE_XOR,130,0.9256923076923076,0.86325,0.94725,0,13,0.0
pubmed_deepres28_w128,4,13,2,32,0,0.0,FIXED_IDS,10,0.0,0.0,0.0,0,13,0.0
pubmed_deepres28_w128,4,13,3,32,0,0.0,FIXED_IDS,10,0.0,0.0,0.0,0,13,0.0
pubmed_deepres28_w128,4,13,0,32,128,1.0,DENSE_XOR,130,0.46910682091346156,0.393798828125,0.5302734375,0,13,0.0
pubmed_deepres28_w128,4,13,1,32,126,0.984375,DENSE_XOR,130,0.9445779914529915,0.8908730158730159,0.9680059523809523,0,13,0.0
pubmed_deepres28_w128,4,13,2,32,0,0.0,FIXED_IDS,10,0.0,0.0,0.0,0,13,0.0
pubmed_deepres28_w128,4,13,3,32,0,0.0,FIXED_IDS,10,0.0,0.0,0.0,0,13,0.0
pubmed_deepres28_w128,4,13,0,32,128,1.0,DENSE_XOR,130,0.6725886418269231,0.585693359375,0.712890625,0,13,0.0
pubmed_deepres28_w128,4,13,1,32,118,0.921875,DENSE_XOR,130,0.7986880704041722,0.7444385593220338,0.824947033898305,0,13,0.0
pubmed_deepres28_w128,4,13,2,32,0,0.0,FIXED_IDS,10,0.0,0.0,0.0,0,13,0.0
pubmed_deepres28_w128,4,13,3,32,0,0.0,FIXED_IDS,10,0.0,0.0,0.0,0,13,0.0
pubmed_deepres28_w128,4,13,0,32,128,1.0,DENSE_XOR,130,0.6016376201923077,0.536376953125,0.647216796875,0,13,0.0
pubmed_deepres28_w128,4,13,1,32,122,0.953125,DENSE_XOR,130,0.8453459962168979,0.7948258196721312,0.8709016393442623,0,13,0.0
pubmed_deepres28_w128,4,13,2,32,0,0.0,FIXED_IDS,10,0.0,0.0,0.0,0,13,0.0
pubmed_deepres28_w128,4,13,3,32,0,0.0,FIXED_IDS,10,0.0,0.0,0.0,0,13,0.0
pubmed_deepres28_w128,4,13,0,32,128,1.0,DENSE_XOR,130,0.476806640625,0.406005859375,0.532958984375,0,13,0.0
pubmed_deepres28_w128,4,13,1,32,124,0.96875,DENSE_XOR,130,0.9398456885856079,0.8855846774193549,0.9647177419354839,0,13,0.0
pubmed_deepres28_w128,4,13,2,32,0,0.0,FIXED_IDS,10,0.0,0.0,0.0,0,13,0.0
pubmed_deepres28_w128,4,13,3,32,0,0.0,FIXED_IDS,10,0.0,0.0,0.0,0,13,0.0
pubmed_deepres28_w128,4,13,0,32,128,1.0,DENSE_XOR,130,0.826904296875,0.73779296875,0.88427734375,0,13,0.0
pubmed_deepres28_w128,4,13,1,32,0,0.0,FIXED_IDS,10,0.0,0.0,0.0,0,13,0.0
pubmed_deepres28_w128,4,13,2,32,103,0.8046875,DENSE_XOR,130,0.7257748319641523,0.6401699029126213,0.8561893203883495,0,13,0.0
pubmed_deepres28_w128,4,13,3,32,0,0.0,FIXED_IDS,10,0.0,0.0,0.0,0,13,0.0
pubmed_deepres28_w128,4,13,0,32,128,1.0,DENSE_XOR,130,0.9059682992788461,0.79931640625,0.96533203125,0,13,0.0
pubmed_deepres28_w128,4,13,1,32,0,0.0,FIXED_IDS,10,0.0,0.0,0.0,0,13,0.0
pubmed_deepres28_w128,4,13,2,32,119,0.9296875,DENSE_XOR,130,0.711922268907563,0.6239495798319328,0.8379726890756303,0,13,0.0
pubmed_deepres28_w128,4,13,3,32,0,0.0,FIXED_IDS,10,0.0,0.0,0.0,0,13,0.0
pubmed_deepres28_w128,4,13,0,32,128,1.0,DENSE_XOR,130,0.9134803185096154,0.810791015625,0.978759765625,0,13,0.0
pubmed_deepres28_w128,4,13,1,32,0,0.0,FIXED_IDS,10,0.0,0.0,0.0,0,13,0.0
pubmed_deepres28_w128,4,13,2,32,121,0.9453125,DENSE_XOR,130,0.7519071837253656,0.6601239669421488,0.8850723140495868,0,13,0.0
pubmed_deepres28_w128,4,13,3,32,0,0.0,FIXED_IDS,10,0.0,0.0,0.0,0,13,0.0
pubmed_deepres28_w128,4,13,0,32,128,1.0,DENSE_XOR,130,0.9181189903846154,0.801025390625,0.963623046875,0,13,0.0
pubmed_deepres28_w128,4,13,1,32,0,0.0,FIXED_IDS,10,0.0,0.0,0.0,0,13,0.0
pubmed_deepres28_w128,4,13,2,32,95,0.7421875,DENSE_XOR,130,0.6579453441295547,0.5723684210526315,0.7898026315789474,0,13,0.0
pubmed_deepres28_w128,4,13,3,32,0,0.0,FIXED_IDS,10,0.0,0.0,0.0,0,13,0.0
pubmed_deepres28_w128,4,13,0,32,128,1.0,DENSE_XOR,130,0.8606144831730769,0.739990234375,0.89453125,0,13,0.0
pubmed_deepres28_w128,4,13,1,32,92,0.71875,DENSE_XOR,130,0.5954222408026756,0.5662364130434783,0.6287364130434783,0,13,0.0
pubmed_deepres28_w128,4,13,2,32,67,0.5234375,DENSE_XOR,130,0.5898033869115958,0.5060634328358209,0.7047574626865671,0,13,0.0
pubmed_deepres28_w128,4,13,3,32,0,0.0,FIXED_IDS,10,0.0,0.0,0.0,0,13,0.0
pubmed_deepres28_w128,4,13,0,32,128,1.0,DENSE_XOR,130,0.951904296875,0.841064453125,0.98583984375,0,13,0.0
pubmed_deepres28_w128,4,13,1,32,0,0.0,FIXED_IDS,10,0.0,0.0,0.0,0,13,0.0
pubmed_deepres28_w128,4,13,2,32,109,0.8515625,DENSE_XOR,130,0.6125396965419901,0.5355504587155964,0.7244839449541285,0,13,0.0
pubmed_deepres28_w128,4,13,3,32,0,0.0,FIXED_IDS,10,0.0,0.0,0.0,0,13,0.0
pubmed_deepres28_w128,4,13,0,32,128,1.0,DENSE_XOR,130,0.8476374699519231,0.743408203125,0.890380859375,0,13,0.0
pubmed_deepres28_w128,4,13,1,32,80,0.625,DENSE_XOR,130,0.5762319711538462,0.5375,0.6109375,0,13,0.0
pubmed_deepres28_w128,4,13,2,32,68,0.53125,DENSE_XOR,130,0.6479779411764706,0.5680147058823529,0.7748161764705882,0,13,0.0
pubmed_deepres28_w128,4,13,3,32,0,0.0,FIXED_IDS,10,0.0,0.0,0.0,0,13,0.0
pubmed_deepres28_w128,4,13,0,32,128,1.0,DENSE_XOR,130,0.8322941706730769,0.731201171875,0.869384765625,0,13,0.0
pubmed_deepres28_w128,4,13,1,32,72,0.5625,DENSE_XOR,130,0.6770499465811965,0.6480034722222222,0.7126736111111112,0,13,0.0
pubmed_deepres28_w128,4,13,2,32,77,0.6015625,DENSE_XOR,130,0.6370504495504495,0.5527597402597403,0.7617694805194806,0,13,0.0
pubmed_deepres28_w128,4,13,3,32,0,0.0,FIXED_IDS,10,0.0,0.0,0.0,0,13,0.0
pubmed_deepres28_w128,4,13,0,32,128,1.0,DENSE_XOR,130,0.9256310096153846,0.823974609375,0.96044921875,0,13,0.0
pubmed_deepres28_w128,4,13,1,32,0,0.0,FIXED_IDS,10,0.0,0.0,0.0,0,13,0.0
pubmed_deepres28_w128,4,13,2,32,109,0.8515625,DENSE_XOR,130,0.6808618560338745,0.5911697247706422,0.8056192660550459,0,13,0.0
pubmed_deepres28_w128,4,13,3,32,0,0.0,FIXED_IDS,10,0.0,0.0,0.0,0,13,0.0
pubmed_deepres28_w128,4,13,0,32,128,1.0,DENSE_XOR,130,0.9083158052884616,0.8095703125,0.948486328125,0,13,0.0
pubmed_deepres28_w128,4,13,1,32,0,0.0,FIXED_IDS,10,0.0,0.0,0.0,0,13,0.0
pubmed_deepres28_w128,4,13,2,32,107,0.8359375,DENSE_XOR,130,0.6812095614665709,0.5914135514018691,0.8098714953271028,0,13,0.0
pubmed_deepres28_w128,4,13,3,32,0,0.0,FIXED_IDS,10,0.0,0.0,0.0,0,13,0.0
pubmed_deepres28_w128,4,13,0,32,128,1.0,DENSE_XOR,130,0.8540978064903846,0.747802734375,0.88916015625,0,13,0.0
pubmed_deepres28_w128,4,13,1,32,62,0.484375,DENSE_XOR,130,0.7055288461538461,0.6643145161290323,0.7348790322580645,0,13,0.0
pubmed_deepres28_w128,4,13,2,32,84,0.65625,DENSE_XOR,130,0.6690418956043958,0.5866815476190477,0.7920386904761905,0,13,0.0
pubmed_deepres28_w128,4,13,3,32,0,0.0,FIXED_IDS,10,0.0,0.0,0.0,0,13,0.0
pubmed_deepres28_w128,4,13,0,32,128,1.0,DENSE_XOR,130,0.8893479567307693,0.783935546875,0.92724609375,0,13,0.0
pubmed_deepres28_w128,4,13,1,32,56,0.4375,DENSE_XOR,130,0.6273609203296704,0.5870535714285714,0.6529017857142857,0,13,0.0
pubmed_deepres28_w128,4,13,2,32,95,0.7421875,DENSE_XOR,130,0.657667004048583,0.5717105263157894,0.7868421052631579,0,13,0.0
pubmed_deepres28_w128,4,13,3,32,0,0.0,FIXED_IDS,10,0.0,0.0,0.0,0,13,0.0
pubmed_deepres28_w128,4,13,0,32,128,1.0,DENSE_XOR,130,0.8704927884615384,0.760498046875,0.908447265625,0,13,0.0
pubmed_deepres28_w128,4,13,1,32,61,0.4765625,DENSE_XOR,130,0.6373344892812105,0.6014344262295082,0.6675204918032787,0,13,0.0
pubmed_deepres28_w128,4,13,2,32,94,0.734375,DENSE_XOR,130,0.645049099836334,0.5538563829787234,0.770279255319149,0,13,0.0
pubmed_deepres28_w128,4,13,3,32,0,0.0,FIXED_IDS,10,0.0,0.0,0.0,0,13,0.0
pubmed_deepres28_w128,4,13,0,32,128,1.0,DENSE_XOR,130,0.9288799579326923,0.819091796875,0.982177734375,0,13,0.0
pubmed_deepres28_w128,4,13,1,32,0,0.0,FIXED_IDS,10,0.0,0.0,0.0,0,13,0.0
pubmed_deepres28_w128,4,13,2,32,122,0.953125,DENSE_XOR,130,0.7047998108448928,0.6206454918032787,0.8363217213114754,0,13,0.0
pubmed_deepres28_w128,4,13,3,32,0,0.0,FIXED_IDS,10,0.0,0.0,0.0,0,13,0.0
pubmed_deepres28_w128,4,13,0,32,128,1.0,DENSE_XOR,130,0.9412372295673077,0.8359375,0.982421875,0,13,0.0
pubmed_deepres28_w128,4,13,1,32,0,0.0,FIXED_IDS,10,0.0,0.0,0.0,0,13,0.0
pubmed_deepres28_w128,4,13,2,32,118,0.921875,DENSE_XOR,130,0.645636408083442,0.5569385593220338,0.7661546610169492,0,13,0.0
pubmed_deepres28_w128,4,13,3,32,0,0.0,FIXED_IDS,10,0.0,0.0,0.0,0,13,0.0
pubmed_deepres28_w128,4,13,0,32,128,1.0,DENSE_XOR,130,0.9439227764423077,0.8408203125,0.986083984375,0,13,0.0
pubmed_deepres28_w128,4,13,1,32,0,0.0,FIXED_IDS,10,0.0,0.0,0.0,0,13,0.0
pubmed_deepres28_w128,4,13,2,32,120,0.9375,DENSE_XOR,130,0.7317508012820514,0.6388020833333333,0.8591145833333333,0,13,0.0
pubmed_deepres28_w128,4,13,3,32,0,0.0,FIXED_IDS,10,0.0,0.0,0.0,0,13,0.0
pubmed_deepres28_w128,4,13,0,32,128,1.0,DENSE_XOR,130,0.9239595853365384,0.81396484375,0.978759765625,0,13,0.0
pubmed_deepres28_w128,4,13,1,32,0,0.0,FIXED_IDS,10,0.0,0.0,0.0,0,13,0.0
pubmed_deepres28_w128,4,13,2,32,119,0.9296875,DENSE_XOR,130,0.7385463800904978,0.6483718487394958,0.8705357142857143,0,13,0.0
pubmed_deepres28_w128,4,13,3,32,0,0.0,FIXED_IDS,10,0.0,0.0,0.0,0,13,0.0
pubmed_deepres28_w128,4,13,0,32,128,1.0,DENSE_XOR,130,0.8760516826923077,0.751708984375,0.9130859375,0,13,0.0
pubmed_deepres28_w128,4,13,1,32,88,0.6875,DENSE_XOR,130,0.5644394667832168,0.5291193181818182,0.6001420454545454,0,13,0.0
pubmed_deepres28_w128,4,13,2,32,63,0.4921875,DENSE_XOR,130,0.607905982905983,0.5233134920634921,0.7390873015873016,0,13,0.0
pubmed_deepres28_w128,4,13,3,32,0,0.0,FIXED_IDS,10,0.0,0.0,0.0,0,13,0.0
pubmed_deepres28_w128,4,13,0,32,128,1.0,DENSE_XOR,130,0.7324594350961539,0.65185546875,0.772216796875,0,13,0.0
pubmed_deepres28_w128,4,13,1,32,87,0.6796875,DENSE_XOR,130,0.8104277188328913,0.7629310344827587,0.8397988505747126,0,13,0.0
pubmed_deepres28_w128,4,13,2,32,59,0.4609375,DENSE_XOR,130,0.6470013037809649,0.551906779661017,0.7786016949152542,0,13,0.0
pubmed_deepres28_w128,4,13,3,32,0,0.0,FIXED_IDS,10,0.0,0.0,0.0,0,13,0.0
pubmed_deepres28_w128,4,13,0,32,128,1.0,DENSE_XOR,130,0.8500037560096154,0.73828125,0.883056640625,0,13,0.0
pubmed_deepres28_w128,4,13,1,32,122,0.953125,DENSE_XOR,130,0.5364517654476672,0.5074282786885246,0.569672131147541,0,13,0.0
pubmed_deepres28_w128,4,13,2,32,0,0.0,FIXED_IDS,10,0.0,0.0,0.0,0,13,0.0
pubmed_deepres28_w128,4,13,3,32,0,0.0,FIXED_IDS,10,0.0,0.0,0.0,0,13,0.0
pubmed_deepres28_w128,4,13,0,32,128,1.0,DENSE_XOR,130,0.9486553485576923,0.83349609375,0.97705078125,0,13,0.0
pubmed_deepres28_w128,4,13,1,32,0,0.0,FIXED_IDS,10,0.0,0.0,0.0,0,13,0.0
pubmed_deepres28_w128,4,13,2,32,87,0.6796875,DENSE_XOR,130,0.5144230769230769,0.42420977011494254,0.6267959770114943,0,13,0.0
pubmed_deepres28_w128,4,13,3,32,0,0.0,FIXED_IDS,10,0.0,0.0,0.0,0,13,0.0
pubmed_deepres28_w128,4,13,0,32,128,1.0,DENSE_XOR,130,0.9153771033653846,0.781005859375,0.949462890625,0,13,0.0
pubmed_deepres28_w128,4,13,1,32,106,0.828125,DENSE_XOR,130,0.4844430333817126,0.44457547169811323,0.5206367924528302,0,13,0.0
pubmed_deepres28_w128,4,13,2,32,0,0.0,FIXED_IDS,10,0.0,0.0,0.0,0,13,0.0
pubmed_deepres28_w128,4,13,3,32,0,0.0,FIXED_IDS,10,0.0,0.0,0.0,0,13,0.0
pubmed_deepres28_w128,4,13,0,32,128,1.0,DENSE_XOR,130,0.9518291766826923,0.834228515625,0.97705078125,0,13,0.0
pubmed_deepres28_w128,4,13,1,32,0,0.0,FIXED_IDS,10,0.0,0.0,0.0,0,13,0.0
pubmed_deepres28_w128,4,13,2,32,89,0.6953125,DENSE_XOR,130,0.4958675453759722,0.41151685393258425,0.6042837078651685,0,13,0.0
pubmed_deepres28_w128,4,13,3,32,0,0.0,FIXED_IDS,10,0.0,0.0,0.0,0,13,0.0
pubmed_deepres28_w128,4,13,0,32,128,1.0,DENSE_XOR,130,0.9288048377403846,0.808837890625,0.960205078125,0,13,0.0
pubmed_deepres28_w128,4,13,1,32,0,0.0,FIXED_IDS,10,0.0,0.0,0.0,0,13,0.0
pubmed_deepres28_w128,4,13,2,32,87,0.6796875,DENSE_XOR,130,0.5127928824049512,0.4227729885057471,0.6293103448275862,0,13,0.0
pubmed_deepres28_w128,4,13,3,32,0,0.0,FIXED_IDS,10,0.0,0.0,0.0,0,13,0.0
pubmed_deepres28_w128,4,13,0,32,128,1.0,DENSE_XOR,130,0.8901742788461539,0.7724609375,0.92138671875,0,13,0.0
pubmed_deepres28_w128,4,13,1,32,93,0.7265625,DENSE_XOR,130,0.5240384615384615,0.48756720430107525,0.5631720430107527,0,13,0.0
pubmed_deepres28_w128,4,13,2,32,72,0.5625,DENSE_XOR,130,0.5396968482905983,0.44921875,0.6566840277777778,0,13,0.0
pubmed_deepres28_w128,4,13,3,32,0,0.0,FIXED_IDS,10,0.0,0.0,0.0,0,13,0.0
pubmed_deepres28_w128,4,13,0,32,128,1.0,DENSE_XOR,130,0.9596792367788461,0.8583984375,0.988525390625,0,13,0.0
pubmed_deepres28_w128,4,13,1,32,0,0.0,FIXED_IDS,10,0.0,0.0,0.0,0,13,0.0
pubmed_deepres28_w128,4,13,2,32,110,0.859375,DENSE_XOR,130,0.5871722027972028,0.5036931818181818,0.7039772727272727,0,13,0.0
pubmed_deepres28_w128,4,13,3,32,0,0.0,FIXED_IDS,10,0.0,0.0,0.0,0,13,0.0
pubmed_deepres28_w128,4,13,0,32,128,1.0,DENSE_XOR,130,0.8738356370192307,0.744384765625,0.907958984375,0,13,0.0
pubmed_deepres28_w128,4,13,1,32,110,0.859375,DENSE_XOR,130,0.5390734265734266,0.4960227272727273,0.5673295454545455,0,13,0.0
pubmed_deepres28_w128,4,13,2,32,0,0.0,FIXED_IDS,10,0.0,0.0,0.0,0,13,0.0
pubmed_deepres28_w128,4,13,3,32,0,0.0,FIXED_IDS,10,0.0,0.0,0.0,0,13,0.0
pubmed_deepres28_w128,4,13,0,32,128,1.0,DENSE_XOR,130,0.6497708834134616,0.57177734375,0.69189453125,0,13,0.0
pubmed_deepres28_w128,4,13,1,32,114,0.890625,DENSE_XOR,130,0.8108763495276653,0.7628837719298246,0.8336074561403509,0,13,0.0
pubmed_deepres28_w128,4,13,2,32,0,0.0,FIXED_IDS,10,0.0,0.0,0.0,0,13,0.0
pubmed_deepres28_w128,4,13,3,32,0,0.0,FIXED_IDS,10,0.0,0.0,0.0,0,13,0.0
pubmed_deepres28_w128,4,13,0,32,128,1.0,DENSE_XOR,130,0.47427133413461536,0.393798828125,0.53515625,0,13,0.0
pubmed_deepres28_w128,4,13,1,32,121,0.9453125,DENSE_XOR,130,0.9503138906547997,0.893853305785124,0.974948347107438,0,13,0.0
pubmed_deepres28_w128,4,13,2,32,0,0.0,FIXED_IDS,10,0.0,0.0,0.0,0,13,0.0
pubmed_deepres28_w128,4,13,3,32,0,0.0,FIXED_IDS,10,0.0,0.0,0.0,0,13,0.0
pubmed_deepres28_w128,4,13,0,32,128,1.0,DENSE_XOR,130,0.5799842247596154,0.510498046875,0.62841796875,0,13,0.0
pubmed_deepres28_w128,4,13,1,32,127,0.9921875,DENSE_XOR,130,0.8499583585705632,0.796505905511811,0.87623031496063,0,13,0.0
pubmed_deepres28_w128,4,13,2,32,0,0.0,FIXED_IDS,10,0.0,0.0,0.0,0,13,0.0
pubmed_deepres28_w128,4,13,3,32,0,0.0,FIXED_IDS,10,0.0,0.0,0.0,0,13,0.0
pubmed_deepres28_w128,4,13,0,32,128,1.0,DENSE_XOR,130,0.46469350961538464,0.381103515625,0.521240234375,0,13,0.0
pubmed_deepres28_w128,4,13,1,32,128,1.0,DENSE_XOR,130,0.9466834435096154,0.890625,0.9697265625,0,13,0.0
pubmed_deepres28_w128,4,13,2,32,0,0.0,FIXED_IDS,10,0.0,0.0,0.0,0,13,0.0
pubmed_deepres28_w128,4,13,3,32,0,0.0,FIXED_IDS,10,0.0,0.0,0.0,0,13,0.0
pubmed_deepres28_w128,4,13,0,32,128,1.0,DENSE_XOR,130,0.7671461838942307,0.687744140625,0.8095703125,0,13,0.0
pubmed_deepres28_w128,4,13,1,32,67,0.5234375,DENSE_XOR,130,0.797538748564868,0.7588619402985075,0.824160447761194,0,13,0.0
pubmed_deepres28_w128,4,13,2,32,74,0.578125,DENSE_XOR,130,0.6972128378378378,0.6038851351351351,0.828125,0,13,0.0
pubmed_deepres28_w128,4,13,3,32,0,0.0,FIXED_IDS,10,0.0,0.0,0.0,0,13,0.0
pubmed_deepres28_w128,4,13,0,32,128,1.0,DENSE_XOR,130,0.9167104867788461,0.8076171875,0.951416015625,0,13,0.0
pubmed_deepres28_w128,4,13,1,32,0,0.0,FIXED_IDS,10,0.0,0.0,0.0,0,13,0.0
pubmed_deepres28_w128,4,13,2,32,105,0.8203125,DENSE_XOR,130,0.6568681318681319,0.562202380952381,0.7752976190476191,0,13,0.0
pubmed_deepres28_w128,4,13,3,32,0,0.0,FIXED_IDS,10,0.0,0.0,0.0,0,13,0.0
pubmed_deepres28_w128,4,13,0,32,128,1.0,DENSE_XOR,130,0.8633939302884616,0.769775390625,0.897705078125,0,13,0.0
pubmed_deepres28_w128,4,13,1,32,63,0.4921875,DENSE_XOR,130,0.6197725885225884,0.5987103174603174,0.6537698412698413,0,13,0.0
pubmed_deepres28_w128,4,13,2,32,94,0.734375,DENSE_XOR,130,0.6491407528641571,0.5608377659574468,0.7716090425531915,0,13,0.0
pubmed_deepres28_w128,4,13,3,32,0,0.0,FIXED_IDS,10,0.0,0.0,0.0,0,13,0.0
pubmed_deepres28_w128,4,13,0,32,128,1.0,DENSE_XOR,130,0.7926682692307693,0.708984375,0.821533203125,0,13,0.0
pubmed_deepres28_w128,4,13,1,32,104,0.8125,DENSE_XOR,130,0.6488304363905324,0.6222956730769231,0.6802884615384616,0,13,0.0
pubmed_deepres28_w128,4,13,2,32,0,0.0,FIXED_IDS,10,0.0,0.0,0.0,0,13,0.0
pubmed_deepres28_w128,4,13,3,32,0,0.0,FIXED_IDS,10,0.0,0.0,0.0,0,13,0.0
pubmed_deepres28_w128,4,13,0,32,128,1.0,DENSE_XOR,130,0.6757061298076923,0.60888671875,0.72216796875,0,13,0.0
pubmed_deepres28_w128,4,13,1,32,77,0.6015625,DENSE_XOR,130,0.8969155844155843,0.8522727272727273,0.921672077922078,0,13,0.0
pubmed_deepres28_w128,4,13,2,32,58,0.453125,DENSE_XOR,130,0.7250082891246685,0.6303879310344828,0.8582974137931034,0,13,0.0
pubmed_deepres28_w128,4,13,3,32,0,0.0,FIXED_IDS,10,0.0,0.0,0.0,0,13,0.0
pubmed_deepres28_w128,4,13,0,32,128,1.0,DENSE_XOR,130,0.7240647536057693,0.65625,0.76513671875,0,13,0.0
pubmed_deepres28_w128,4,13,1,32,82,0.640625,DENSE_XOR,130,0.7938848499061912,0.756859756097561,0.8170731707317073,0,13,0.0
pubmed_deepres28_w128,4,13,2,32,68,0.53125,DENSE_XOR,130,0.6490738122171945,0.5620404411764706,0.7748161764705882,0,13,0.0
pubmed_deepres28_w128,4,13,3,32,0,0.0,FIXED_IDS,10,0.0,0.0,0.0,0,13,0.0
pubmed_deepres28_w128,4,13,0,32,0,0.0,FIXED_IDS,5,0.0,0.0,0.0,0,13,0.0
pubmed_deepres28_w128,4,13,1,32,0,0.0,FIXED_IDS,5,0.0,0.0,0.0,0,13,0.0
pubmed_deepres28_w128,4,13,2,32,0,0.0,FIXED_IDS,5,0.0,0.0,0.0,0,13,0.0
pubmed_deepres28_w128,4,13,3,32,0,0.0,FIXED_IDS,5,0.0,0.0,0.0,0,13,0.0
pubmed_deepres28_w128,17,12,0,32,127,0.9921875,DENSE_XOR,130,0.6060326443569554,0.59375,0.6168799212598425,0,12,0.0
pubmed_deepres28_w128,17,12,1,32,111,0.8671875,DENSE_XOR,130,0.7346565315315315,0.6722972972972973,0.7759009009009009,0,12,0.0
pubmed_deepres28_w128,17,12,2,32,0,0.0,FIXED_IDS,10,0.0,0.0,0.0,0,12,0.0
pubmed_deepres28_w128,17,12,3,32,0,0.0,FIXED_IDS,10,0.0,0.0,0.0,0,12,0.0
pubmed_deepres28_w128,17,12,0,32,127,0.9921875,DENSE_XOR,130,0.7666707677165353,0.7509842519685039,0.7785433070866141,0,12,0.0
pubmed_deepres28_w128,17,12,1,32,85,0.6640625,DENSE_XOR,130,0.7037683823529411,0.6330882352941176,0.7455882352941177,0,12,0.0
pubmed_deepres28_w128,17,12,2,32,0,0.0,FIXED_IDS,10,0.0,0.0,0.0,0,12,0.0
pubmed_deepres28_w128,17,12,3,32,0,0.0,FIXED_IDS,10,0.0,0.0,0.0,0,12,0.0
pubmed_deepres28_w128,17,12,0,32,127,0.9921875,DENSE_XOR,130,0.7361179461942258,0.71998031496063,0.750738188976378,0,12,0.0
pubmed_deepres28_w128,17,12,1,32,109,0.8515625,DENSE_XOR,130,0.6383314220183486,0.5891628440366973,0.6680045871559633,0,12,0.0
pubmed_deepres28_w128,17,12,2,32,0,0.0,FIXED_IDS,10,0.0,0.0,0.0,0,12,0.0
pubmed_deepres28_w128,17,12,3,32,0,0.0,FIXED_IDS,10,0.0,0.0,0.0,0,12,0.0
pubmed_deepres28_w128,17,12,0,32,127,0.9921875,DENSE_XOR,130,0.7243274278215224,0.7076771653543307,0.7384350393700787,0,12,0.0
pubmed_deepres28_w128,17,12,1,32,93,0.7265625,DENSE_XOR,130,0.6999327956989246,0.6391129032258065,0.7419354838709677,0,12,0.0
pubmed_deepres28_w128,17,12,2,32,0,0.0,FIXED_IDS,10,0.0,0.0,0.0,0,12,0.0
pubmed_deepres28_w128,17,12,3,32,0,0.0,FIXED_IDS,10,0.0,0.0,0.0,0,12,0.0
pubmed_deepres28_w128,17,12,0,32,127,0.9921875,DENSE_XOR,130,0.7500205052493437,0.734498031496063,0.764763779527559,0,12,0.0
pubmed_deepres28_w128,17,12,1,32,76,0.59375,DENSE_XOR,130,0.6937362938596491,0.634046052631579,0.7306743421052632,0,12,0.0
pubmed_deepres28_w128,17,12,2,32,64,0.5,DENSE_XOR,130,0.5697021484375,0.51318359375,0.6376953125,0,12,0.0
pubmed_deepres28_w128,17,12,3,32,0,0.0,FIXED_IDS,10,0.0,0.0,0.0,0,12,0.0
pubmed_deepres28_w128,17,12,0,32,128,1.0,DENSE_XOR,130,0.76470947265625,0.745361328125,0.7822265625,0,12,0.0
pubmed_deepres28_w128,17,12,1,32,80,0.625,DENSE_XOR,130,0.7125325520833333,0.641015625,0.76484375,0,12,0.0
pubmed_deepres28_w128,17,12,2,32,0,0.0,FIXED_IDS,10,0.0,0.0,0.0,0,12,0.0
pubmed_deepres28_w128,17,12,3,32,0,0.0,FIXED_IDS,10,0.0,0.0,0.0,0,12,0.0
pubmed_deepres28_w128,17,12,0,32,127,0.9921875,DENSE_XOR,130,0.6788877952755904,0.6641240157480315,0.6894685039370079,0,12,0.0
pubmed_deepres28_w128,17,12,1,32,76,0.59375,DENSE_XOR,130,0.818325109649123,0.7438322368421053,0.8614309210526315,0,12,0.0
pubmed_deepres28_w128,17,12,2,32,0,0.0,FIXED_IDS,10,0.0,0.0,0.0,0,12,0.0
pubmed_deepres28_w128,17,12,3,32,0,0.0,FIXED_IDS,10,0.0,0.0,0.0,0,12,0.0
pubmed_deepres28_w128,17,12,0,32,128,1.0,DENSE_XOR,130,0.8019002278645834,0.7802734375,0.821044921875,0,12,0.0
pubmed_deepres28_w128,17,12,1,32,78,0.609375,DENSE_XOR,130,0.6385216346153846,0.5745192307692307,0.6887019230769231,0,12,0.0
pubmed_deepres28_w128,17,12,2,32,76,0.59375,DENSE_XOR,130,0.536047149122807,0.49629934210526316,0.5986842105263158,0,12,0.0
pubmed_deepres28_w128,17,12,3,32,0,0.0,FIXED_IDS,10,0.0,0.0,0.0,0,12,0.0
pubmed_deepres28_w128,17,12,0,32,127,0.9921875,DENSE_XOR,130,0.8123974737532809,0.7906003937007874,0.8321850393700787,0,12,0.0
pubmed_deepres28_w128,17,12,1,32,81,0.6328125,DENSE_XOR,130,0.6331661522633744,0.5721450617283951,0.6832561728395061,0,12,0.0
pubmed_deepres28_w128,17,12,2,32,65,0.5078125,DENSE_XOR,130,0.5546073717948717,0.5149038461538461,0.6134615384615385,0,12,0.0
pubmed_deepres28_w128,17,12,3,32,0,0.0,FIXED_IDS,10,0.0,0.0,0.0,0,12,0.0
pubmed_deepres28_w128,17,12,0,32,128,1.0,DENSE_XOR,130,0.84857177734375,0.826416015625,0.8671875,0,12,0.0
pubmed_deepres28_w128,17,12,1,32,79,0.6171875,DENSE_XOR,130,0.5651700949367089,0.5213607594936709,0.5969145569620253,0,12,0.0
pubmed_deepres28_w128,17,12,2,32,69,0.5390625,DENSE_XOR,130,0.5423082729468599,0.49592391304347827,0.613677536231884,0,12,0.0
pubmed_deepres28_w128,17,12,3,32,0,0.0,FIXED_IDS,10,0.0,0.0,0.0,0,12,0.0
pubmed_deepres28_w128,17,12,0,32,127,0.9921875,DENSE_XOR,130,0.8197588582677163,0.7992125984251969,0.8368602362204725,0,12,0.0
pubmed_deepres28_w128,17,12,1,32,90,0.703125,DENSE_XOR,130,0.62890625,0.5628472222222223,0.6697916666666667,0,12,0.0
pubmed_deepres28_w128,17,12,2,32,0,0.0,FIXED_IDS,10,0.0,0.0,0.0,0,12,0.0
pubmed_deepres28_w128,17,12,3,32,0,0.0,FIXED_IDS,10,0.0,0.0,0.0,0,12,0.0
pubmed_deepres28_w128,17,12,0,32,127,0.9921875,DENSE_XOR,130,0.6535843175853019,0.6422244094488189,0.6653543307086615,0,12,0.0
pubmed_deepres28_w128,17,12,1,32,98,0.765625,DENSE_XOR,130,0.7558460884353742,0.6865433673469388,0.7978316326530612,0,12,0.0
pubmed_deepres28_w128,17,12,2,32,0,0.0,FIXED_IDS,10,0.0,0.0,0.0,0,12,0.0
pubmed_deepres28_w128,17,12,3,32,0,0.0,FIXED_IDS,10,0.0,0.0,0.0,0,12,0.0
pubmed_deepres28_w128,17,12,0,32,127,0.9921875,DENSE_XOR,130,0.6604535761154856,0.6459153543307087,0.6739665354330708,0,12,0.0
pubmed_deepres28_w128,17,12,1,32,122,0.953125,DENSE_XOR,130,0.6971909153005464,0.6306352459016393,0.7471823770491803,0,12,0.0
pubmed_deepres28_w128,17,12,2,32,0,0.0,FIXED_IDS,10,0.0,0.0,0.0,0,12,0.0
pubmed_deepres28_w128,17,12,3,32,0,0.0,FIXED_IDS,10,0.0,0.0,0.0,0,12,0.0
pubmed_deepres28_w128,17,12,0,32,127,0.9921875,DENSE_XOR,130,0.5415641404199475,0.5270669291338582,0.5551181102362205,0,12,0.0
pubmed_deepres28_w128,17,12,1,32,122,0.953125,DENSE_XOR,130,0.7627006489071039,0.6982581967213115,0.8084016393442623,0,12,0.0
pubmed_deepres28_w128,17,12,2,32,0,0.0,FIXED_IDS,10,0.0,0.0,0.0,0,12,0.0
pubmed_deepres28_w128,17,12,3,32,0,0.0,FIXED_IDS,10,0.0,0.0,0.0,0,12,0.0
pubmed_deepres28_w128,17,12,0,32,128,1.0,DENSE_XOR,130,0.8187662760416666,0.796630859375,0.83935546875,0,12,0.0
pubmed_deepres28_w128,17,12,1,32,52,0.40625,DENSE_XOR,130,0.6860977564102565,0.6207932692307693,0.7397836538461539,0,12,0.0
pubmed_deepres28_w128,17,12,2,32,93,0.7265625,DENSE_XOR,130,0.554043458781362,0.5063844086021505,0.6202956989247311,0,12,0.0
pubmed_deepres28_w128,17,12,3,32,0,0.0,FIXED_IDS,10,0.0,0.0,0.0,0,12,0.0
pubmed_deepres28_w128,17,12,0,32,128,1.0,DENSE_XOR,130,0.9031982421875,0.879150390625,0.9248046875,0,12,0.0
pubmed_deepres28_w128,17,12,1,32,0,0.0,FIXED_IDS,10,0.0,0.0,0.0,0,12,0.0
pubmed_deepres28_w128,17,12,2,32,113,0.8828125,DENSE_XOR,130,0.5887260324483775,0.5293141592920354,0.6637168141592921,0,12,0.0
pubmed_deepres28_w128,17,12,3,32,0,0.0,FIXED_IDS,10,0.0,0.0,0.0,0,12,0.0
pubmed_deepres28_w128,17,12,0,32,128,1.0,DENSE_XOR,130,0.95037841796875,0.93310546875,0.966064453125,0,12,0.0
pubmed_deepres28_w128,17,12,1,32,0,0.0,FIXED_IDS,10,0.0,0.0,0.0,0,12,0.0
pubmed_deepres28_w128,17,12,2,32,119,0.9296875,DENSE_XOR,130,0.5595019257703081,0.5144432773109243,0.6247373949579832,0,12,0.0
pubmed_deepres28_w128,17,12,3,32,0,0.0,FIXED_IDS,10,0.0,0.0,0.0,0,12,0.0
pubmed_deepres28_w128,17,12,0,32,128,1.0,DENSE_XOR,130,0.92999267578125,0.900390625,0.959228515625,0,12,0.0
pubmed_deepres28_w128,17,12,1,32,0,0.0,FIXED_IDS,10,0.0,0.0,0.0,0,12,0.0
pubmed_deepres28_w128,17,12,2,32,119,0.9296875,DENSE_XOR,130,0.6002932422969188,0.5320378151260504,0.6751575630252101,0,12,0.0
pubmed_deepres28_w128,17,12,3,32,0,0.0,FIXED_IDS,10,0.0,0.0,0.0,0,12,0.0
pubmed_deepres28_w128,17,12,0,32,128,1.0,DENSE_XOR,130,0.8175862630208334,0.80224609375,0.8310546875,0,12,0.0
pubmed_deepres28_w128,17,12,1,32,62,0.484375,DENSE_XOR,130,0.7063172043010751,0.6340725806451613,0.7540322580645161,0,12,0.0
pubmed_deepres28_w128,17,12,2,32,76,0.59375,DENSE_XOR,130,0.5702439692982456,0.5201480263157895,0.6422697368421053,0,12,0.0
pubmed_deepres28_w128,17,12,3,32,0,0.0,FIXED_IDS,10,0.0,0.0,0.0,0,12,0.0
pubmed_deepres28_w128,17,12,0,32,127,0.9921875,DENSE_XOR,130,0.86815124671916,0.8484251968503937,0.8855807086614174,0,12,0.0
pubmed_deepres28_w128,17,12,1,32,0,0.0,FIXED_IDS,10,0.0,0.0,0.0,0,12,0.0
pubmed_deepres28_w128,17,12,2,32,86,0.671875,DENSE_XOR,130,0.5758539244186046,0.5192587209302325,0.6482558139534884,0,12,0.0
pubmed_deepres28_w128,17,12,3,32,0,0.0,FIXED_IDS,10,0.0,0.0,0.0,0,12,0.0
pubmed_deepres28_w128,17,12,0,32,127,0.9921875,DENSE_XOR,130,0.7762262139107611,0.7662401574803149,0.7856791338582677,0,12,0.0
pubmed_deepres28_w128,17,12,1,32,72,0.5625,DENSE_XOR,130,0.6937572337962963,0.6345486111111112,0.7291666666666666,0,12,0.0
pubmed_deepres28_w128,17,12,2,32,68,0.53125,DENSE_XOR,130,0.5407092524509804,0.5036764705882353,0.6167279411764706,0,12,0.0
pubmed_deepres28_w128,17,12,3,32,0,0.0,FIXED_IDS,10,0.0,0.0,0.0,0,12,0.0
pubmed_deepres28_w128,17,12,0,32,127,0.9921875,DENSE_XOR,130,0.7584481627296586,0.7455708661417323,0.7684547244094488,0,12,0.0
pubmed_deepres28_w128,17,12,1,32,66,0.515625,DENSE_XOR,130,0.7495265151515151,0.6841856060606061,0.7902462121212122,0,12,0.0
pubmed_deepres28_w128,17,12,2,32,74,0.578125,DENSE_XOR,130,0.5611627252252251,0.5135135135135135,0.6321790540540541,0,12,0.0
pubmed_deepres28_w128,17,12,3,32,0,0.0,FIXED_IDS,10,0.0,0.0,0.0,0,12,0.0
pubmed_deepres28_w128,17,12,0,32,128,1.0,DENSE_XOR,130,0.90692138671875,0.8876953125,0.923828125,0,12,0.0
pubmed_deepres28_w128,17,12,1,32,0,0.0,FIXED_IDS,10,0.0,0.0,0.0,0,12,0.0
pubmed_deepres28_w128,17,12,2,32,115,0.8984375,DENSE_XOR,130,0.5769248188405797,0.5206521739130435,0.6486413043478261,0,12,0.0
pubmed_deepres28_w128,17,12,3,32,0,0.0,FIXED_IDS,10,0.0,0.0,0.0,0,12,0.0
pubmed_deepres28_w128,17,12,0,32,128,1.0,DENSE_XOR,130,0.8679606119791666,0.849609375,0.884033203125,0,12,0.0
pubmed_deepres28_w128,17,12,1,32,75,0.5859375,DENSE_XOR,130,0.5855902777777778,0.5329166666666667,0.6254166666666666,0,12,0.0
pubmed_deepres28_w128,17,12,2,32,77,0.6015625,DENSE_XOR,130,0.529592803030303,0.4926948051948052,0.59375,0,12,0.0
pubmed_deepres28_w128,17,12,3,32,0,0.0,FIXED_IDS,10,0.0,0.0,0.0,0,12,0.0
pubmed_deepres28_w128,17,12,0,32,128,1.0,DENSE_XOR,130,0.9390055338541666,0.920654296875,0.9541015625,0,12,0.0
pubmed_deepres28_w128,17,12,1,32,0,0.0,FIXED_IDS,10,0.0,0.0,0.0,0,12,0.0
pubmed_deepres28_w128,17,12,2,32,97,0.7578125,DENSE_XOR,130,0.5609965635738832,0.5183634020618557,0.6259664948453608,0,12,0.0
pubmed_deepres28_w128,17,12,3,32,0,0.0,FIXED_IDS,10,0.0,0.0,0.0,0,12,0.0
pubmed_deepres28_w128,17,12,0,32,128,1.0,DENSE_XOR,130,0.8993937174479166,0.871337890625,0.920654296875,0,12,0.0
pubmed_deepres28_w128,17,12,1,32,0,0.0,FIXED_IDS,10,0.0,0.0,0.0,0,12,0.0
pubmed_deepres28_w128,17,12,2,32,76,0.59375,DENSE_XOR,130,0.5618146929824561,0.5106907894736842,0.6324013157894737,0,12,0.0
pubmed_deepres28_w128,17,12,3,32,0,0.0,FIXED_IDS,10,0.0,0.0,0.0,0,12,0.0
pubmed_deepres28_w128,17,12,0,32,128,1.0,DENSE_XOR,130,0.9363606770833334,0.918701171875,0.949951171875,0,12,0.0
pubmed_deepres28_w128,17,12,1,32,0,0.0,FIXED_IDS,10,0.0,0.0,0.0,0,12,0.0
pubmed_deepres28_w128,17,12,2,32,98,0.765625,DENSE_XOR,130,0.5350765306122448,0.4917091836734694,0.6061862244897959,0,12,0.0
pubmed_deepres28_w128,17,12,3,32,0,0.0,FIXED_IDS,10,0.0,0.0,0.0,0,12,0.0
pubmed_deepres28_w128,17,12,0,32,128,1.0,DENSE_XOR,130,0.84967041015625,0.83447265625,0.864013671875,0,12,0.0
pubmed_deepres28_w128,17,12,1,32,61,0.4765625,DENSE_XOR,130,0.5967810792349727,0.5389344262295082,0.641905737704918,0,12,0.0
pubmed_deepres28_w128,17,12,2,32,88,0.6875,DENSE_XOR,130,0.5470229640151515,0.5081676136363636,0.6175426136363636,0,12,0.0
pubmed_deepres28_w128,17,12,3,32,0,0.0,FIXED_IDS,10,0.0,0.0,0.0,0,12,0.0
pubmed_deepres28_w128,17,12,0,32,128,1.0,DENSE_XOR,130,0.9264322916666666,0.8984375,0.94970703125,0,12,0.0
pubmed_deepres28_w128,17,12,1,32,0,0.0,FIXED_IDS,10,0.0,0.0,0.0,0,12,0.0
pubmed_deepres28_w128,17,12,2,32,128,1.0,DENSE_XOR,130,0.5997721354166666,0.532470703125,0.671630859375,0,12,0.0
pubmed_deepres28_w128,17,12,3,32,0,0.0,FIXED_IDS,10,0.0,0.0,0.0,0,12,0.0
pubmed_deepres28_w128,17,12,0,32,128,1.0,DENSE_XOR,130,0.9116617838541666,0.888427734375,0.93212890625,0,12,0.0
pubmed_deepres28_w128,17,12,1,32,0,0.0,FIXED_IDS,10,0.0,0.0,0.0,0,12,0.0
pubmed_deepres28_w128,17,12,2,32,104,0.8125,DENSE_XOR,130,0.5800280448717948,0.5219350961538461,0.6520432692307693,0,12,0.0
pubmed_deepres28_w128,17,12,3,32,0,0.0,FIXED_IDS,10,0.0,0.0,0.0,0,12,0.0
pubmed_deepres28_w128,17,12,0,32,128,1.0,DENSE_XOR,130,0.6663004557291666,0.645751953125,0.692626953125,0,12,0.0
pubmed_deepres28_w128,17,12,1,32,100,0.78125,DENSE_XOR,130,0.7545833333333333,0.6721875,0.81125,0,12,0.0
pubmed_deepres28_w128,17,12,2,32,0,0.0,FIXED_IDS,10,0.0,0.0,0.0,0,12,0.0
pubmed_deepres28_w128,17,12,3,32,0,0.0,FIXED_IDS,10,0.0,0.0,0.0,0,12,0.0
pubmed_deepres28_w128,17,12,0,32,127,0.9921875,DENSE_XOR,130,0.6357857611548556,0.6220472440944882,0.6471456692913385,0,12,0.0
pubmed_deepres28_w128,17,12,1,32,98,0.765625,DENSE_XOR,130,0.7794961734693877,0.7114158163265306,0.8195153061224489,0,12,0.0
pubmed_deepres28_w128,17,12,2,32,0,0.0,FIXED_IDS,10,0.0,0.0,0.0,0,12,0.0
pubmed_deepres28_w128,17,12,3,32,0,0.0,FIXED_IDS,10,0.0,0.0,0.0,0,12,0.0
pubmed_deepres28_w128,17,12,0,32,128,1.0,DENSE_XOR,130,0.8271687825520834,0.795654296875,0.858642578125,0,12,0.0
pubmed_deepres28_w128,17,12,1,32,61,0.4765625,DENSE_XOR,130,0.695099043715847,0.6265368852459017,0.7520491803278688,0,12,0.0
pubmed_deepres28_w128,17,12,2,32,83,0.6484375,DENSE_XOR,130,0.5617156124497993,0.5173192771084337,0.629894578313253,0,12,0.0
pubmed_deepres28_w128,17,12,3,32,0,0.0,FIXED_IDS,10,0.0,0.0,0.0,0,12,0.0
pubmed_deepres28_w128,17,12,0,32,127,0.9921875,DENSE_XOR,130,0.7282234251968503,0.7069389763779528,0.7475393700787402,0,12,0.0
pubmed_deepres28_w128,17,12,1,32,88,0.6875,DENSE_XOR,130,0.7272727272727272,0.6576704545454546,0.7791193181818182,0,12,0.0
pubmed_deepres28_w128,17,12,2,32,0,0.0,FIXED_IDS,10,0.0,0.0,0.0,0,12,0.0
pubmed_deepres28_w128,17,12,3,32,0,0.0,FIXED_IDS,10,0.0,0.0,0.0,0,12,0.0
pubmed_deepres28_w128,17,12,0,32,128,1.0,DENSE_XOR,130,0.76177978515625,0.736083984375,0.785400390625,0,12,0.0
pubmed_deepres28_w128,17,12,1,32,98,0.765625,DENSE_XOR,130,0.6485969387755103,0.5889668367346939,0.6839923469387755,0,12,0.0
pubmed_deepres28_w128,17,12,2,32,0,0.0,FIXED_IDS,10,0.0,0.0,0.0,0,12,0.0
pubmed_deepres28_w128,17,12,3,32,0,0.0,FIXED_IDS,10,0.0,0.0,0.0,0,12,0.0
pubmed_deepres28_w128,17,12,0,32,128,1.0,DENSE_XOR,130,0.942138671875,0.92431640625,0.956298828125,0,12,0.0
pubmed_deepres28_w128,17,12,1,32,0,0.0,FIXED_IDS,10,0.0,0.0,0.0,0,12,0.0
pubmed_deepres28_w128,17,12,2,32,85,0.6640625,DENSE_XOR,130,0.5023897058823529,0.4647058823529412,0.5613970588235294,0,12,0.0
pubmed_deepres28_w128,17,12,3,32,0,0.0,FIXED_IDS,10,0.0,0.0,0.0,0,12,0.0
pubmed_deepres28_w128,17,12,0,32,128,1.0,DENSE_XOR,130,0.7584025065104166,0.72900390625,0.78955078125,0,12,0.0
pubmed_deepres28_w128,17,12,1,32,105,0.8203125,DENSE_XOR,130,0.6592261904761904,0.5877976190476191,0.7065476190476191,0,12,0.0
pubmed_deepres28_w128,17,12,2,32,0,0.0,FIXED_IDS,10,0.0,0.0,0.0,0,12,0.0
pubmed_deepres28_w128,17,12,3,32,0,0.0,FIXED_IDS,10,0.0,0.0,0.0,0,12,0.0
pubmed_deepres28_w128,17,12,0,32,128,1.0,DENSE_XOR,130,0.7257486979166666,0.698974609375,0.753173828125,0,12,0.0
pubmed_deepres28_w128,17,12,1,32,107,0.8359375,DENSE_XOR,130,0.6624805295950155,0.5987149532710281,0.7079439252336449,0,12,0.0
pubmed_deepres28_w128,17,12,2,32,0,0.0,FIXED_IDS,10,0.0,0.0,0.0,0,12,0.0
pubmed_deepres28_w128,17,12,3,32,0,0.0,FIXED_IDS,10,0.0,0.0,0.0,0,12,0.0
pubmed_deepres28_w128,17,12,0,32,128,1.0,DENSE_XOR,130,0.8673909505208334,0.84033203125,0.8935546875,0,12,0.0
pubmed_deepres28_w128,17,12,1,32,106,0.828125,DENSE_XOR,130,0.5320852987421384,0.49174528301886794,0.5642688679245284,0,12,0.0
pubmed_deepres28_w128,17,12,2,32,0,0.0,FIXED_IDS,10,0.0,0.0,0.0,0,12,0.0
pubmed_deepres28_w128,17,12,3,32,0,0.0,FIXED_IDS,10,0.0,0.0,0.0,0,12,0.0
pubmed_deepres28_w128,17,12,0,32,128,1.0,DENSE_XOR,130,0.9043375651041666,0.88037109375,0.921142578125,0,12,0.0
pubmed_deepres28_w128,17,12,1,32,93,0.7265625,DENSE_XOR,130,0.5161570340501793,0.47143817204301075,0.5426747311827957,0,12,0.0
pubmed_deepres28_w128,17,12,2,32,0,0.0,FIXED_IDS,10,0.0,0.0,0.0,0,12,0.0
pubmed_deepres28_w128,17,12,3,32,0,0.0,FIXED_IDS,10,0.0,0.0,0.0,0,12,0.0
pubmed_deepres28_w128,17,12,0,32,128,1.0,DENSE_XOR,130,0.8276774088541666,0.80810546875,0.84765625,0,12,0.0
pubmed_deepres28_w128,17,12,1,32,61,0.4765625,DENSE_XOR,130,0.6986424180327867,0.6183401639344263,0.7612704918032787,0,12,0.0
pubmed_deepres28_w128,17,12,2,32,78,0.609375,DENSE_XOR,130,0.5644030448717948,0.5212339743589743,0.6334134615384616,0,12,0.0
pubmed_deepres28_w128,17,12,3,32,0,0.0,FIXED_IDS,10,0.0,0.0,0.0,0,12,0.0
pubmed_deepres28_w128,17,12,0,32,128,1.0,DENSE_XOR,130,0.89434814453125,0.871337890625,0.912353515625,0,12,0.0
pubmed_deepres28_w128,17,12,1,32,0,0.0,FIXED_IDS,10,0.0,0.0,0.0,0,12,0.0
pubmed_deepres28_w128,17,12,2,32,111,0.8671875,DENSE_XOR,130,0.5940784534534534,0.53125,0.6694819819819819,0,12,0.0
pubmed_deepres28_w128,17,12,3,32,0,0.0,FIXED_IDS,10,0.0,0.0,0.0,0,12,0.0
pubmed_deepres28_w128,17,12,0,32,128,1.0,DENSE_XOR,130,0.9173787434895834,0.893798828125,0.937255859375,0,12,0.0
pubmed_deepres28_w128,17,12,1,32,0,0.0,FIXED_IDS,10,0.0,0.0,0.0,0,12,0.0
pubmed_deepres28_w128,17,12,2,32,122,0.953125,DENSE_XOR,130,0.5943049863387978,0.5276639344262295,0.6698258196721312,0,12,0.0
pubmed_deepres28_w128,17,12,3,32,0,0.0,FIXED_IDS,10,0.0,0.0,0.0,0,12,0.0
pubmed_deepres28_w128,17,12,0,32,128,1.0,DENSE_XOR,130,0.8841959635416666,0.850341796875,0.91015625,0,12,0.0
pubmed_deepres28_w128,17,12,1,32,98,0.765625,DENSE_XOR,130,0.5317017431972789,0.4897959183673469,0.5554846938775511,0,12,0.0
pubmed_deepres28_w128,17,12,2,32,0,0.0,FIXED_IDS,10,0.0,0.0,0.0,0,12,0.0
pubmed_deepres28_w128,17,12,3,32,0,0.0,FIXED_IDS,10,0.0,0.0,0.0,0,12,0.0
pubmed_deepres28_w128,17,12,0,32,127,0.9921875,DENSE_XOR,130,0.842171095800525,0.8176673228346457,0.8646653543307087,0,12,0.0
pubmed_deepres28_w128,17,12,1,32,105,0.8203125,DENSE_XOR,130,0.5562251984126985,0.5113095238095238,0.5860119047619048,0,12,0.0
pubmed_deepres28_w128,17,12,2,32,0,0.0,FIXED_IDS,10,0.0,0.0,0.0,0,12,0.0
pubmed_deepres28_w128,17,12,3,32,0,0.0,FIXED_IDS,10,0.0,0.0,0.0,0,12,0.0
pubmed_deepres28_w128,17,12,0,32,128,1.0,DENSE_XOR,130,0.9033406575520834,0.883544921875,0.9189453125,0,12,0.0
pubmed_deepres28_w128,17,12,1,32,91,0.7109375,DENSE_XOR,130,0.5174565018315018,0.46291208791208793,0.5480769230769231,0,12,0.0
pubmed_deepres28_w128,17,12,2,32,0,0.0,FIXED_IDS,10,0.0,0.0,0.0,0,12,0.0
pubmed_deepres28_w128,17,12,3,32,0,0.0,FIXED_IDS,10,0.0,0.0,0.0,0,12,0.0
pubmed_deepres28_w128,17,12,0,32,128,1.0,DENSE_XOR,130,0.91278076171875,0.882080078125,0.935546875,0,12,0.0
pubmed_deepres28_w128,17,12,1,32,110,0.859375,DENSE_XOR,130,0.47791193181818176,0.44375,0.5,0,12,0.0
pubmed_deepres28_w128,17,12,2,32,0,0.0,FIXED_IDS,10,0.0,0.0,0.0,0,12,0.0
pubmed_deepres28_w128,17,12,3,32,0,0.0,FIXED_IDS,10,0.0,0.0,0.0,0,12,0.0
pubmed_deepres28_w128,17,12,0,32,128,1.0,DENSE_XOR,130,0.8537190755208334,0.827392578125,0.87646484375,0,12,0.0
pubmed_deepres28_w128,17,12,1,32,94,0.734375,DENSE_XOR,130,0.5641345301418439,0.5123005319148937,0.5957446808510638,0,12,0.0
pubmed_deepres28_w128,17,12,2,32,0,0.0,FIXED_IDS,10,0.0,0.0,0.0,0,12,0.0
pubmed_deepres28_w128,17,12,3,32,0,0.0,FIXED_IDS,10,0.0,0.0,0.0,0,12,0.0
pubmed_deepres28_w128,17,12,0,32,128,1.0,DENSE_XOR,130,0.9615071614583334,0.94140625,0.97802734375,0,12,0.0
pubmed_deepres28_w128,17,12,1,32,0,0.0,FIXED_IDS,10,0.0,0.0,0.0,0,12,0.0
pubmed_deepres28_w128,17,12,2,32,125,0.9765625,DENSE_XOR,130,0.59475,0.52925,0.6745,0,12,0.0
pubmed_deepres28_w128,17,12,3,32,0,0.0,FIXED_IDS,10,0.0,0.0,0.0,0,12,0.0
pubmed_deepres28_w128,17,12,0,32,128,1.0,DENSE_XOR,130,0.9414265950520834,0.926025390625,0.953857421875,0,12,0.0
pubmed_deepres28_w128,17,12,1,32,0,0.0,FIXED_IDS,10,0.0,0.0,0.0,0,12,0.0
pubmed_deepres28_w128,17,12,2,32,92,0.71875,DENSE_XOR,130,0.5238903985507246,0.48233695652173914,0.5947690217391305,0,12,0.0
pubmed_deepres28_w128,17,12,3,32,0,0.0,FIXED_IDS,10,0.0,0.0,0.0,0,12,0.0
pubmed_deepres28_w128,17,12,0,32,128,1.0,DENSE_XOR,130,0.85528564453125,0.82177734375,0.880859375,0,12,0.0
pubmed_deepres28_w128,17,12,1,32,108,0.84375,DENSE_XOR,130,0.5526620370370371,0.5063657407407407,0.5784143518518519,0,12,0.0
pubmed_deepres28_w128,17,12,2,32,0,0.0,FIXED_IDS,10,0.0,0.0,0.0,0,12,0.0
pubmed_deepres28_w128,17,12,3,32,0,0.0,FIXED_IDS,10,0.0,0.0,0.0,0,12,0.0
pubmed_deepres28_w128,17,12,0,32,128,1.0,DENSE_XOR,130,0.919921875,0.89990234375,0.934814453125,0,12,0.0
pubmed_deepres28_w128,17,12,1,32,79,0.6171875,DENSE_XOR,130,0.5268328059071731,0.4774525316455696,0.5597310126582279,0,12,0.0
pubmed_deepres28_w128,17,12,2,32,79,0.6171875,DENSE_XOR,130,0.5049446202531646,0.46716772151898733,0.5743670886075949,0,12,0.0
pubmed_deepres28_w128,17,12,3,32,0,0.0,FIXED_IDS,10,0.0,0.0,0.0,0,12,0.0
pubmed_deepres28_w128,17,12,0,32,128,1.0,DENSE_XOR,130,0.8257649739583334,0.806640625,0.844970703125,0,12,0.0
pubmed_deepres28_w128,17,12,1,32,92,0.71875,DENSE_XOR,130,0.607025588768116,0.545516304347826,0.6440217391304348,0,12,0.0
pubmed_deepres28_w128,17,12,2,32,0,0.0,FIXED_IDS,10,0.0,0.0,0.0,0,12,0.0
pubmed_deepres28_w128,17,12,3,32,0,0.0,FIXED_IDS,10,0.0,0.0,0.0,0,12,0.0
pubmed_deepres28_w128,17,12,0,32,127,0.9921875,DENSE_XOR,130,0.8337639435695537,0.8070866141732284,0.8607283464566929,0,12,0.0
pubmed_deepres28_w128,17,12,1,32,114,0.890625,DENSE_XOR,130,0.539610745614035,0.5032894736842105,0.5663377192982456,0,12,0.0
pubmed_deepres28_w128,17,12,2,32,0,0.0,FIXED_IDS,10,0.0,0.0,0.0,0,12,0.0
pubmed_deepres28_w128,17,12,3,32,0,0.0,FIXED_IDS,10,0.0,0.0,0.0,0,12,0.0
pubmed_deepres28_w128,17,12,0,32,128,1.0,DENSE_XOR,130,0.94317626953125,0.920654296875,0.956787109375,0,12,0.0
pubmed_deepres28_w128,17,12,1,32,0,0.0,FIXED_IDS,10,0.0,0.0,0.0,0,12,0.0
pubmed_deepres28_w128,17,12,2,32,75,0.5859375,DENSE_XOR,130,0.5218402777777778,0.48333333333333334,0.5870833333333333,0,12,0.0
pubmed_deepres28_w128,17,12,3,32,0,0.0,FIXED_IDS,10,0.0,0.0,0.0,0,12,0.0
pubmed_deepres28_w128,17,12,0,32,128,1.0,DENSE_XOR,130,0.8718058268229166,0.84033203125,0.900146484375,0,12,0.0
pubmed_deepres28_w128,17,12,1,32,125,0.9765625,DENSE_XOR,130,0.49327083333333327,0.45875,0.518,0,12,0.0
pubmed_deepres28_w128,17,12,2,32,0,0.0,FIXED_IDS,10,0.0,0.0,0.0,0,12,0.0
pubmed_deepres28_w128,17,12,3,32,0,0.0,FIXED_IDS,10,0.0,0.0,0.0,0,12,0.0
pubmed_deepres28_w128,17,12,0,32,128,1.0,DENSE_XOR,130,0.8119710286458334,0.781494140625,0.84228515625,0,12,0.0
pubmed_deepres28_w128,17,12,1,32,112,0.875,DENSE_XOR,130,0.5857979910714285,0.5393415178571429,0.6194196428571429,0,12,0.0
pubmed_deepres28_w128,17,12,2,32,0,0.0,FIXED_IDS,10,0.0,0.0,0.0,0,12,0.0
pubmed_deepres28_w128,17,12,3,32,0,0.0,FIXED_IDS,10,0.0,0.0,0.0,0,12,0.0
pubmed_deepres28_w128,17,12,0,32,128,1.0,DENSE_XOR,130,0.8271077473958334,0.7939453125,0.85791015625,0,12,0.0
pubmed_deepres28_w128,17,12,1,32,111,0.8671875,DENSE_XOR,130,0.6060200825825824,0.5470157657657657,0.6483671171171171,0,12,0.0
pubmed_deepres28_w128,17,12,2,32,0,0.0,FIXED_IDS,10,0.0,0.0,0.0,0,12,0.0
pubmed_deepres28_w128,17,12,3,32,0,0.0,FIXED_IDS,10,0.0,0.0,0.0,0,12,0.0
pubmed_deepres28_w128,17,12,0,32,128,1.0,DENSE_XOR,130,0.80999755859375,0.7744140625,0.841064453125,0,12,0.0
pubmed_deepres28_w128,17,12,1,32,122,0.953125,DENSE_XOR,130,0.5672173838797814,0.5276639344262295,0.5945184426229508,0,12,0.0
pubmed_deepres28_w128,17,12,2,32,0,0.0,FIXED_IDS,10,0.0,0.0,0.0,0,12,0.0
pubmed_deepres28_w128,17,12,3,32,0,0.0,FIXED_IDS,10,0.0,0.0,0.0,0,12,0.0
pubmed_deepres28_w128,17,12,0,32,128,1.0,DENSE_XOR,130,0.80303955078125,0.76953125,0.83740234375,0,12,0.0
pubmed_deepres28_w128,17,12,1,32,128,1.0,DENSE_XOR,130,0.57537841796875,0.5224609375,0.612060546875,0,12,0.0
pubmed_deepres28_w128,17,12,2,32,0,0.0,FIXED_IDS,10,0.0,0.0,0.0,0,12,0.0
pubmed_deepres28_w128,17,12,3,32,0,0.0,FIXED_IDS,10,0.0,0.0,0.0,0,12,0.0
pubmed_deepres28_w128,17,12,0,32,128,1.0,DENSE_XOR,130,0.8909708658854166,0.8681640625,0.90869140625,0,12,0.0
pubmed_deepres28_w128,17,12,1,32,101,0.7890625,DENSE_XOR,130,0.5245719884488448,0.4811262376237624,0.5529084158415841,0,12,0.0
pubmed_deepres28_w128,17,12,2,32,0,0.0,FIXED_IDS,10,0.0,0.0,0.0,0,12,0.0
pubmed_deepres28_w128,17,12,3,32,0,0.0,FIXED_IDS,10,0.0,0.0,0.0,0,12,0.0
pubmed_deepres28_w128,17,12,0,32,127,0.9921875,DENSE_XOR,130,0.6127378608923885,0.5927657480314961,0.6341043307086615,0,12,0.0
pubmed_deepres28_w128,17,12,1,32,121,0.9453125,DENSE_XOR,130,0.7416924931129475,0.6712293388429752,0.7889979338842975,0,12,0.0
pubmed_deepres28_w128,17,12,2,32,0,0.0,FIXED_IDS,10,0.0,0.0,0.0,0,12,0.0
pubmed_deepres28_w128,17,12,3,32,0,0.0,FIXED_IDS,10,0.0,0.0,0.0,0,12,0.0
pubmed_deepres28_w128,17,12,0,32,127,0.9921875,DENSE_XOR,130,0.7518044619422573,0.7253937007874016,0.7785433070866141,0,12,0.0
pubmed_deepres28_w128,17,12,1,32,116,0.90625,DENSE_XOR,130,0.6780486709770116,0.6107219827586207,0.7262931034482759,0,12,0.0
pubmed_deepres28_w128,17,12,2,32,0,0.0,FIXED_IDS,10,0.0,0.0,0.0,0,12,0.0
pubmed_deepres28_w128,17,12,3,32,0,0.0,FIXED_IDS,10,0.0,0.0,0.0,0,12,0.0
pubmed_deepres28_w128,17,12,0,32,127,0.9921875,DENSE_XOR,130,0.4881479658792651,0.46973425196850394,0.5044291338582677,0,12,0.0
pubmed_deepres28_w128,17,12,1,32,119,0.9296875,DENSE_XOR,130,0.8470106792717087,0.7597163865546218,0.9046743697478992,0,12,0.0
pubmed_deepres28_w128,17,12,2,32,0,0.0,FIXED_IDS,10,0.0,0.0,0.0,0,12,0.0
pubmed_deepres28_w128,17,12,3,32,0,0.0,FIXED_IDS,10,0.0,0.0,0.0,0,12,0.0
pubmed_deepres28_w128,17,12,0,32,127,0.9921875,DENSE_XOR,130,0.4865485564304462,0.47268700787401574,0.4968011811023622,0,12,0.0
pubmed_deepres28_w128,17,12,1,32,124,0.96875,DENSE_XOR,130,0.8012432795698925,0.7358870967741935,0.8500504032258065,0,12,0.0
pubmed_deepres28_w128,17,12,2,32,0,0.0,FIXED_IDS,10,0.0,0.0,0.0,0,12,0.0
pubmed_deepres28_w128,17,12,3,32,0,0.0,FIXED_IDS,10,0.0,0.0,0.0,0,12,0.0
pubmed_deepres28_w128,17,12,0,32,128,1.0,DENSE_XOR,130,0.86480712890625,0.8251953125,0.899169921875,0,12,0.0
pubmed_deepres28_w128,17,12,1,32,115,0.8984375,DENSE_XOR,130,0.4998867753623189,0.4752717391304348,0.51875,0,12,0.0
pubmed_deepres28_w128,17,12,2,32,0,0.0,FIXED_IDS,10,0.0,0.0,0.0,0,12,0.0
pubmed_deepres28_w128,17,12,3,32,0,0.0,FIXED_IDS,10,0.0,0.0,0.0,0,12,0.0
pubmed_deepres28_w128,17,12,0,32,127,0.9921875,DENSE_XOR,130,0.6502419619422573,0.6277066929133859,0.671505905511811,0,12,0.0
pubmed_deepres28_w128,17,12,1,32,127,0.9921875,DENSE_XOR,130,0.7051140091863517,0.6377952755905512,0.7470472440944882,0,12,0.0
pubmed_deepres28_w128,17,12,2,32,0,0.0,FIXED_IDS,10,0.0,0.0,0.0,0,12,0.0
pubmed_deepres28_w128,17,12,3,32,0,0.0,FIXED_IDS,10,0.0,0.0,0.0,0,12,0.0
pubmed_deepres28_w128,17,12,0,32,127,0.9921875,DENSE_XOR,130,0.6099286417322834,0.5964566929133859,0.624261811023622,0,12,0.0
pubmed_deepres28_w128,17,12,1,32,108,0.84375,DENSE_XOR,130,0.7913773148148149,0.7141203703703703,0.8463541666666666,0,12,0.0
pubmed_deepres28_w128,17,12,2,32,0,0.0,FIXED_IDS,10,0.0,0.0,0.0,0,12,0.0
pubmed_deepres28_w128,17,12,3,32,0,0.0,FIXED_IDS,10,0.0,0.0,0.0,0,12,0.0
pubmed_deepres28_w128,17,12,0,32,127,0.9921875,DENSE_XOR,130,0.5090223097112861,0.49163385826771655,0.5275590551181102,0,12,0.0
pubmed_deepres28_w128,17,12,1,32,127,0.9921875,DENSE_XOR,130,0.8471128608923885,0.7534448818897638,0.90748031496063,0,12,0.0
pubmed_deepres28_w128,17,12,2,32,0,0.0,FIXED_IDS,10,0.0,0.0,0.0,0,12,0.0
pubmed_deepres28_w128,17,12,3,32,0,0.0,FIXED_IDS,10,0.0,0.0,0.0,0,12,0.0
pubmed_deepres28_w128,17,12,0,32,127,0.9921875,DENSE_XOR,130,0.425422408136483,0.4111712598425197,0.4360236220472441,0,12,0.0
pubmed_deepres28_w128,17,12,1,32,121,0.9453125,DENSE_XOR,130,0.8528107782369148,0.78099173553719,0.9003099173553719,0,12,0.0
pubmed_deepres28_w128,17,12,2,32,0,0.0,FIXED_IDS,10,0.0,0.0,0.0,0,12,0.0
pubmed_deepres28_w128,17,12,3,32,0,0.0,FIXED_IDS,10,0.0,0.0,0.0,0,12,0.0
pubmed_deepres28_w128,17,12,0,32,128,1.0,DENSE_XOR,130,0.7632853190104166,0.75439453125,0.773681640625,0,12,0.0
pubmed_deepres28_w128,17,12,1,32,67,0.5234375,DENSE_XOR,130,0.7812111318407959,0.6977611940298507,0.835820895522388,0,12,0.0
pubmed_deepres28_w128,17,12,2,32,73,0.5703125,DENSE_XOR,130,0.5459831621004565,0.5089897260273972,0.6198630136986302,0,12,0.0
pubmed_deepres28_w128,17,12,3,32,0,0.0,FIXED_IDS,10,0.0,0.0,0.0,0,12,0.0
pubmed_deepres28_w128,17,12,0,32,128,1.0,DENSE_XOR,130,0.9158121744791666,0.898193359375,0.935791015625,0,12,0.0
pubmed_deepres28_w128,17,12,1,32,0,0.0,FIXED_IDS,10,0.0,0.0,0.0,0,12,0.0
pubmed_deepres28_w128,17,12,2,32,122,0.953125,DENSE_XOR,130,0.5922771516393442,0.5289446721311475,0.6688012295081968,0,12,0.0
pubmed_deepres28_w128,17,12,3,32,0,0.0,FIXED_IDS,10,0.0,0.0,0.0,0,12,0.0
pubmed_deepres28_w128,17,12,0,32,128,1.0,DENSE_XOR,130,0.92840576171875,0.91259765625,0.94580078125,0,12,0.0
pubmed_deepres28_w128,17,12,1,32,0,0.0,FIXED_IDS,10,0.0,0.0,0.0,0,12,0.0
pubmed_deepres28_w128,17,12,2,32,122,0.953125,DENSE_XOR,130,0.5733862704918034,0.5225409836065574,0.6470286885245902,0,12,0.0
pubmed_deepres28_w128,17,12,3,32,0,0.0,FIXED_IDS,10,0.0,0.0,0.0,0,12,0.0
pubmed_deepres28_w128,17,12,0,32,128,1.0,DENSE_XOR,130,0.88623046875,0.855224609375,0.908935546875,0,12,0.0
pubmed_deepres28_w128,17,12,1,32,93,0.7265625,DENSE_XOR,130,0.5206093189964157,0.478494623655914,0.5473790322580645,0,12,0.0
pubmed_deepres28_w128,17,12,2,32,0,0.0,FIXED_IDS,10,0.0,0.0,0.0,0,12,0.0
pubmed_deepres28_w128,17,12,3,32,0,0.0,FIXED_IDS,10,0.0,0.0,0.0,0,12,0.0
pubmed_deepres28_w128,17,12,0,32,128,1.0,DENSE_XOR,130,0.9594930013020834,0.94189453125,0.9716796875,0,12,0.0
pubmed_deepres28_w128,17,12,1,32,0,0.0,FIXED_IDS,10,0.0,0.0,0.0,0,12,0.0
pubmed_deepres28_w128,17,12,2,32,0,0.0,FIXED_IDS,10,0.0,0.0,0.0,0,12,0.0
pubmed_deepres28_w128,17,12,3,32,0,0.0,FIXED_IDS,10,0.0,0.0,0.0,0,12,0.0
pubmed_deepres28_w128,17,12,0,32,128,1.0,DENSE_XOR,130,0.9294230143229166,0.915283203125,0.941650390625,0,12,0.0
pubmed_deepres28_w128,17,12,1,32,0,0.0,FIXED_IDS,10,0.0,0.0,0.0,0,12,0.0
pubmed_deepres28_w128,17,12,2,32,91,0.7109375,DENSE_XOR,130,0.5074977106227107,0.4639423076923077,0.5769230769230769,0,12,0.0
pubmed_deepres28_w128,17,12,3,32,0,0.0,FIXED_IDS,10,0.0,0.0,0.0,0,12,0.0
pubmed_deepres28_w128,17,12,0,32,128,1.0,DENSE_XOR,130,0.9012858072916666,0.885498046875,0.927978515625,0,12,0.0
pubmed_deepres28_w128,17,12,1,32,0,0.0,FIXED_IDS,10,0.0,0.0,0.0,0,12,0.0
pubmed_deepres28_w128,17,12,2,32,121,0.9453125,DENSE_XOR,130,0.5761019283746557,0.5271177685950413,0.6526342975206612,0,12,0.0
pubmed_deepres28_w128,17,12,3,32,0,0.0,FIXED_IDS,10,0.0,0.0,0.0,0,12,0.0
pubmed_deepres28_w128,17,12,0,32,128,1.0,DENSE_XOR,130,0.9297688802083334,0.908203125,0.94970703125,0,12,0.0
pubmed_deepres28_w128,17,12,1,32,0,0.0,FIXED_IDS,10,0.0,0.0,0.0,0,12,0.0
pubmed_deepres28_w128,17,12,2,32,113,0.8828125,DENSE_XOR,130,0.5726401179941002,0.5218473451327433,0.6432522123893806,0,12,0.0
pubmed_deepres28_w128,17,12,3,32,0,0.0,FIXED_IDS,10,0.0,0.0,0.0,0,12,0.0
pubmed_deepres28_w128,17,12,0,32,128,1.0,DENSE_XOR,130,0.96112060546875,0.942626953125,0.973876953125,0,12,0.0
pubmed_deepres28_w128,17,12,1,32,0,0.0,FIXED_IDS,10,0.0,0.0,0.0,0,12,0.0
pubmed_deepres28_w128,17,12,2,32,127,0.9921875,DENSE_XOR,130,0.5824516076115485,0.5275590551181102,0.6579724409448819,0,12,0.0
pubmed_deepres28_w128,17,12,3,32,0,0.0,FIXED_IDS,10,0.0,0.0,0.0,0,12,0.0
pubmed_deepres28_w128,17,12,0,32,128,1.0,DENSE_XOR,130,0.962646484375,0.943603515625,0.97705078125,0,12,0.0
pubmed_deepres28_w128,17,12,1,32,0,0.0,FIXED_IDS,10,0.0,0.0,0.0,0,12,0.0
pubmed_deepres28_w128,17,12,2,32,122,0.953125,DENSE_XOR,130,0.5795551571038251,0.5217725409836066,0.6590676229508197,0,12,0.0
pubmed_deepres28_w128,17,12,3,32,0,0.0,FIXED_IDS,10,0.0,0.0,0.0,0,12,0.0
pubmed_deepres28_w128,17,12,0,32,128,1.0,DENSE_XOR,130,0.8797810872395834,0.856201171875,0.900146484375,0,12,0.0
pubmed_deepres28_w128,17,12,1,32,64,0.5,DENSE_XOR,130,0.6033528645833334,0.5380859375,0.65283203125,0,12,0.0
pubmed_deepres28_w128,17,12,2,32,83,0.6484375,DENSE_XOR,130,0.555628765060241,0.5071536144578314,0.6265060240963856,0,12,0.0
pubmed_deepres28_w128,17,12,3,32,0,0.0,FIXED_IDS,10,0.0,0.0,0.0,0,12,0.0
pubmed_deepres28_w128,17,12,0,32,127,0.9921875,DENSE_XOR,130,0.734969652230971,0.7244094488188977,0.7428641732283464,0,12,0.0
pubmed_deepres28_w128,17,12,1,32,83,0.6484375,DENSE_XOR,130,0.692300451807229,0.6374246987951807,0.728539156626506,0,12,0.0
pubmed_deepres28_w128,17,12,2,32,0,0.0,FIXED_IDS,10,0.0,0.0,0.0,0,12,0.0
pubmed_deepres28_w128,17,12,3,32,0,0.0,FIXED_IDS,10,0.0,0.0,0.0,0,12,0.0
pubmed_deepres28_w128,17,12,0,32,128,1.0,DENSE_XOR,130,0.8393758138020834,0.82568359375,0.853759765625,0,12,0.0
pubmed_deepres28_w128,17,12,1,32,86,0.671875,DENSE_XOR,130,0.6144016472868217,0.5537790697674418,0.6555232558139535,0,12,0.0
pubmed_deepres28_w128,17,12,2,32,0,0.0,FIXED_IDS,10,0.0,0.0,0.0,0,12,0.0
pubmed_deepres28_w128,17,12,3,32,0,0.0,FIXED_IDS,10,0.0,0.0,0.0,0,12,0.0
pubmed_deepres28_w128,17,12,0,32,127,0.9921875,DENSE_XOR,130,0.7774155183727034,0.7662401574803149,0.7859251968503937,0,12,0.0
pubmed_deepres28_w128,17,12,1,32,90,0.703125,DENSE_XOR,130,0.6432002314814815,0.5850694444444444,0.6795138888888889,0,12,0.0
pubmed_deepres28_w128,17,12,2,32,0,0.0,FIXED_IDS,10,0.0,0.0,0.0,0,12,0.0
pubmed_deepres28_w128,17,12,3,32,0,0.0,FIXED_IDS,10,0.0,0.0,0.0,0,12,0.0
pubmed_deepres28_w128,17,12,0,32,128,1.0,DENSE_XOR,130,0.80792236328125,0.79150390625,0.821533203125,0,12,0.0
pubmed_deepres28_w128,17,12,1,32,49,0.3828125,DENSE_XOR,130,0.737935799319728,0.6600765306122449,0.7971938775510204,0,12,0.0
pubmed_deepres28_w128,17,12,2,32,90,0.703125,DENSE_XOR,130,0.5673900462962964,0.5201388888888889,0.6447916666666667,0,12,0.0
pubmed_deepres28_w128,17,12,3,32,0,0.0,FIXED_IDS,10,0.0,0.0,0.0,0,12,0.0
pubmed_deepres28_w128,17,12,0,32,127,0.9921875,DENSE_XOR,130,0.9093873031496065,0.8964074803149606,0.9187992125984252,0,12,0.0
pubmed_deepres28_w128,17,12,1,32,69,0.5390625,DENSE_XOR,130,0.5390247584541062,0.485054347826087,0.5788043478260869,0,12,0.0
pubmed_deepres28_w128,17,12,2,32,87,0.6796875,DENSE_XOR,130,0.5273587164750957,0.4931752873563218,0.59375,0,12,0.0
pubmed_deepres28_w128,17,12,3,32,0,0.0,FIXED_IDS,10,0.0,0.0,0.0,0,12,0.0
pubmed_deepres28_w128,17,12,0,32,128,1.0,DENSE_XOR,130,0.8822428385416666,0.862060546875,0.897705078125,0,12,0.0
pubmed_deepres28_w128,17,12,1,32,93,0.7265625,DENSE_XOR,130,0.5442428315412186,0.49227150537634407,0.5816532258064516,0,12,0.0
pubmed_deepres28_w128,17,12,2,32,0,0.0,FIXED_IDS,10,0.0,0.0,0.0,0,12,0.0
pubmed_deepres28_w128,17,12,3,32,0,0.0,FIXED_IDS,10,0.0,0.0,0.0,0,12,0.0
pubmed_deepres28_w128,17,12,0,32,128,1.0,DENSE_XOR,130,0.9674479166666666,0.9501953125,0.976806640625,0,12,0.0
pubmed_deepres28_w128,17,12,1,32,0,0.0,FIXED_IDS,10,0.0,0.0,0.0,0,12,0.0
pubmed_deepres28_w128,17,12,2,32,95,0.7421875,DENSE_XOR,130,0.51875,0.4799342105263158,0.5838815789473685,0,12,0.0
pubmed_deepres28_w128,17,12,3,32,0,0.0,FIXED_IDS,10,0.0,0.0,0.0,0,12,0.0
pubmed_deepres28_w128,17,12,0,32,128,1.0,DENSE_XOR,130,0.9397176106770834,0.917236328125,0.95703125,0,12,0.0
pubmed_deepres28_w128,17,12,1,32,0,0.0,FIXED_IDS,10,0.0,0.0,0.0,0,12,0.0
pubmed_deepres28_w128,17,12,2,32,82,0.640625,DENSE_XOR,130,0.5521150914634146,0.508765243902439,0.6204268292682927,0,12,0.0
pubmed_deepres28_w128,17,12,3,32,0,0.0,FIXED_IDS,10,0.0,0.0,0.0,0,12,0.0
pubmed_deepres28_w128,17,12,0,32,128,1.0,DENSE_XOR,130,0.9454549153645834,0.9150390625,0.965576171875,0,12,0.0
pubmed_deepres28_w128,17,12,1,32,0,0.0,FIXED_IDS,10,0.0,0.0,0.0,0,12,0.0
pubmed_deepres28_w128,17,12,2,32,0,0.0,FIXED_IDS,10,0.0,0.0,0.0,0,12,0.0
pubmed_deepres28_w128,17,12,3,32,0,0.0,FIXED_IDS,10,0.0,0.0,0.0,0,12,0.0
pubmed_deepres28_w128,17,12,0,32,128,1.0,DENSE_XOR,130,0.9678955078125,0.9521484375,0.97705078125,0,12,0.0
pubmed_deepres28_w128,17,12,1,32,0,0.0,FIXED_IDS,10,0.0,0.0,0.0,0,12,0.0
pubmed_deepres28_w128,17,12,2,32,93,0.7265625,DENSE_XOR,130,0.49616375448028677,0.4549731182795699,0.5658602150537635,0,12,0.0
pubmed_deepres28_w128,17,12,3,32,0,0.0,FIXED_IDS,10,0.0,0.0,0.0,0,12,0.0
pubmed_deepres28_w128,17,12,0,32,128,1.0,DENSE_XOR,130,0.8829142252604166,0.8681640625,0.89453125,0,12,0.0
pubmed_deepres28_w128,17,12,1,32,0,0.0,FIXED_IDS,10,0.0,0.0,0.0,0,12,0.0
pubmed_deepres28_w128,17,12,2,32,100,0.78125,DENSE_XOR,130,0.573359375,0.5215625,0.654375,0,12,0.0
pubmed_deepres28_w128,17,12,3,32,0,0.0,FIXED_IDS,10,0.0,0.0,0.0,0,12,0.0
pubmed_deepres28_w128,17,12,0,32,128,1.0,DENSE_XOR,130,0.9211629231770834,0.90771484375,0.935302734375,0,12,0.0
pubmed_deepres28_w128,17,12,1,32,0,0.0,FIXED_IDS,10,0.0,0.0,0.0,0,12,0.0
pubmed_deepres28_w128,17,12,2,32,107,0.8359375,DENSE_XOR,130,0.5502823208722741,0.5102219626168224,0.6220794392523364,0,12,0.0
pubmed_deepres28_w128,17,12,3,32,0,0.0,FIXED_IDS,10,0.0,0.0,0.0,0,12,0.0
pubmed_deepres28_w128,17,12,0,32,127,0.9921875,DENSE_XOR,130,0.835424868766404,0.8188976377952756,0.8476870078740157,0,12,0.0
pubmed_deepres28_w128,17,12,1,32,61,0.4765625,DENSE_XOR,130,0.6214993169398908,0.5645491803278688,0.6552254098360656,0,12,0.0
pubmed_deepres28_w128,17,12,2,32,81,0.6328125,DENSE_XOR,130,0.5615676440329218,0.5115740740740741,0.6396604938271605,0,12,0.0
pubmed_deepres28_w128,17,12,3,32,0,0.0,FIXED_IDS,10,0.0,0.0,0.0,0,12,0.0
pubmed_deepres28_w128,17,12,0,32,128,1.0,DENSE_XOR,130,0.850341796875,0.823974609375,0.876220703125,0,12,0.0
pubmed_deepres28_w128,17,12,1,32,62,0.484375,DENSE_XOR,130,0.6748991935483871,0.5987903225806451,0.7258064516129032,0,12,0.0
pubmed_deepres28_w128,17,12,2,32,73,0.5703125,DENSE_XOR,130,0.5733447488584476,0.5205479452054794,0.646832191780822,0,12,0.0
pubmed_deepres28_w128,17,12,3,32,0,0.0,FIXED_IDS,10,0.0,0.0,0.0,0,12,0.0
pubmed_deepres28_w128,17,12,0,32,127,0.9921875,DENSE_XOR,130,0.7909079724409449,0.7674704724409449,0.8100393700787402,0,12,0.0
pubmed_deepres28_w128,17,12,1,32,100,0.78125,DENSE_XOR,130,0.6180208333333334,0.559375,0.6534375,0,12,0.0
pubmed_deepres28_w128,17,12,2,32,0,0.0,FIXED_IDS,10,0.0,0.0,0.0,0,12,0.0
pubmed_deepres28_w128,17,12,3,32,0,0.0,FIXED_IDS,10,0.0,0.0,0.0,0,12,0.0
pubmed_deepres28_w128,17,12,0,32,127,0.9921875,DENSE_XOR,130,0.7637590223097113,0.7428641732283464,0.780511811023622,0,12,0.0
pubmed_deepres28_w128,17,12,1,32,83,0.6484375,DENSE_XOR,130,0.7153928212851407,0.6528614457831325,0.759789156626506,0,12,0.0
pubmed_deepres28_w128,17,12,2,32,0,0.0,FIXED_IDS,10,0.0,0.0,0.0,0,12,0.0
pubmed_deepres28_w128,17,12,3,32,0,0.0,FIXED_IDS,10,0.0,0.0,0.0,0,12,0.0
pubmed_deepres28_w128,17,12,0,32,127,0.9921875,DENSE_XOR,130,0.8743438320209975,0.8508858267716536,0.890748031496063,0,12,0.0
pubmed_deepres28_w128,17,12,1,32,109,0.8515625,DENSE_XOR,130,0.5085292431192661,0.46588302752293576,0.5361238532110092,0,12,0.0
pubmed_deepres28_w128,17,12,2,32,0,0.0,FIXED_IDS,10,0.0,0.0,0.0,0,12,0.0
pubmed_deepres28_w128,17,12,3,32,0,0.0,FIXED_IDS,10,0.0,0.0,0.0,0,12,0.0
pubmed_deepres28_w128,17,12,0,32,128,1.0,DENSE_XOR,130,0.93017578125,0.902099609375,0.949462890625,0,12,0.0
pubmed_deepres28_w128,17,12,1,32,101,0.7890625,DENSE_XOR,130,0.4680538366336635,0.43657178217821785,0.4910272277227723,0,12,0.0
pubmed_deepres28_w128,17,12,2,32,0,0.0,FIXED_IDS,10,0.0,0.0,0.0,0,12,0.0
pubmed_deepres28_w128,17,12,3,32,0,0.0,FIXED_IDS,10,0.0,0.0,0.0,0,12,0.0
pubmed_deepres28_w128,17,12,0,32,128,1.0,DENSE_XOR,130,0.9458821614583334,0.91552734375,0.96533203125,0,12,0.0
pubmed_deepres28_w128,17,12,1,32,111,0.8671875,DENSE_XOR,130,0.43243243243243246,0.40709459459459457,0.45045045045045046,0,12,0.0
pubmed_deepres28_w128,17,12,2,32,0,0.0,FIXED_IDS,10,0.0,0.0,0.0,0,12,0.0
pubmed_deepres28_w128,17,12,3,32,0,0.0,FIXED_IDS,10,0.0,0.0,0.0,0,12,0.0
pubmed_deepres28_w128,17,12,0,32,128,1.0,DENSE_XOR,130,0.7966105143229166,0.767578125,0.83056640625,0,12,0.0
pubmed_deepres28_w128,17,12,1,32,123,0.9609375,DENSE_XOR,130,0.6135459010840109,0.5485264227642277,0.6544715447154471,0,12,0.0
pubmed_deepres28_w128,17,12,2,32,0,0.0,FIXED_IDS,10,0.0,0.0,0.0,0,12,0.0
pubmed_deepres28_w128,17,12,3,32,0,0.0,FIXED_IDS,10,0.0,0.0,0.0,0,12,0.0
pubmed_deepres28_w128,17,12,0,32,128,1.0,DENSE_XOR,130,0.8891194661458334,0.858154296875,0.91455078125,0,12,0.0
pubmed_deepres28_w128,17,12,1,32,118,0.921875,DENSE_XOR,130,0.5243423375706214,0.4798728813559322,0.5513771186440678,0,12,0.0
pubmed_deepres28_w128,17,12,2,32,0,0.0,FIXED_IDS,10,0.0,0.0,0.0,0,12,0.0
pubmed_deepres28_w128,17,12,3,32,0,0.0,FIXED_IDS,10,0.0,0.0,0.0,0,12,0.0
pubmed_deepres28_w128,17,12,0,32,128,1.0,DENSE_XOR,130,0.88323974609375,0.8583984375,0.904052734375,0,12,0.0
pubmed_deepres28_w128,17,12,1,32,83,0.6484375,DENSE_XOR,130,0.5522088353413653,0.49134036144578314,0.588855421686747,0,12,0.0
pubmed_deepres28_w128,17,12,2,32,0,0.0,FIXED_IDS,10,0.0,0.0,0.0,0,12,0.0
pubmed_deepres28_w128,17,12,3,32,0,0.0,FIXED_IDS,10,0.0,0.0,0.0,0,12,0.0
pubmed_deepres28_w128,17,12,0,32,128,1.0,DENSE_XOR,130,0.90374755859375,0.869140625,0.9267578125,0,12,0.0
pubmed_deepres28_w128,17,12,1,32,124,0.96875,DENSE_XOR,130,0.49699680779569894,0.45892137096774194,0.5226814516129032,0,12,0.0
pubmed_deepres28_w128,17,12,2,32,0,0.0,FIXED_IDS,10,0.0,0.0,0.0,0,12,0.0
pubmed_deepres28_w128,17,12,3,32,0,0.0,FIXED_IDS,10,0.0,0.0,0.0,0,12,0.0
pubmed_deepres28_w128,17,12,0,32,128,1.0,DENSE_XOR,130,0.9343058268229166,0.904052734375,0.954833984375,0,12,0.0
pubmed_deepres28_w128,17,12,1,32,117,0.9140625,DENSE_XOR,130,0.4704415954415955,0.43536324786324787,0.4954594017094017,0,12,0.0
pubmed_deepres28_w128,17,12,2,32,0,0.0,FIXED_IDS,10,0.0,0.0,0.0,0,12,0.0
pubmed_deepres28_w128,17,12,3,32,0,0.0,FIXED_IDS,10,0.0,0.0,0.0,0,12,0.0
pubmed_deepres28_w128,17,12,0,32,128,1.0,DENSE_XOR,130,0.84954833984375,0.831298828125,0.867431640625,0,12,0.0
pubmed_deepres28_w128,17,12,1,32,85,0.6640625,DENSE_XOR,130,0.6068321078431372,0.5466911764705882,0.6444852941176471,0,12,0.0
pubmed_deepres28_w128,17,12,2,32,0,0.0,FIXED_IDS,10,0.0,0.0,0.0,0,12,0.0
pubmed_deepres28_w128,17,12,3,32,0,0.0,FIXED_IDS,10,0.0,0.0,0.0,0,12,0.0
pubmed_deepres28_w128,17,12,0,32,128,1.0,DENSE_XOR,130,0.9293212890625,0.911376953125,0.9423828125,0,12,0.0
pubmed_deepres28_w128,17,12,1,32,0,0.0,FIXED_IDS,10,0.0,0.0,0.0,0,12,0.0
pubmed_deepres28_w128,17,12,2,32,0,0.0,FIXED_IDS,10,0.0,0.0,0.0,0,12,0.0
pubmed_deepres28_w128,17,12,3,32,0,0.0,FIXED_IDS,10,0.0,0.0,0.0,0,12,0.0
pubmed_deepres28_w128,17,12,0,32,128,1.0,DENSE_XOR,130,0.9368082682291666,0.9130859375,0.9501953125,0,12,0.0
pubmed_deepres28_w128,17,12,1,32,116,0.90625,DENSE_XOR,130,0.46356411637931033,0.42322198275862066,0.49030172413793105,0,12,0.0
pubmed_deepres28_w128,17,12,2,32,0,0.0,FIXED_IDS,10,0.0,0.0,0.0,0,12,0.0
pubmed_deepres28_w128,17,12,3,32,0,0.0,FIXED_IDS,10,0.0,0.0,0.0,0,12,0.0
pubmed_deepres28_w128,17,12,0,32,128,1.0,DENSE_XOR,130,0.8330078125,0.80029296875,0.863525390625,0,12,0.0
pubmed_deepres28_w128,17,12,1,32,123,0.9609375,DENSE_XOR,130,0.5845613143631436,0.5315040650406504,0.6191565040650406,0,12,0.0
pubmed_deepres28_w128,17,12,2,32,0,0.0,FIXED_IDS,10,0.0,0.0,0.0,0,12,0.0
pubmed_deepres28_w128,17,12,3,32,0,0.0,FIXED_IDS,10,0.0,0.0,0.0,0,12,0.0
pubmed_deepres28_w128,17,12,0,32,128,1.0,DENSE_XOR,130,0.81866455078125,0.791015625,0.84375,0,12,0.0
pubmed_deepres28_w128,17,12,1,32,118,0.921875,DENSE_XOR,130,0.6014742231638418,0.5384004237288136,0.6427436440677966,0,12,0.0
pubmed_deepres28_w128,17,12,2,32,0,0.0,FIXED_IDS,10,0.0,0.0,0.0,0,12,0.0
pubmed_deepres28_w128,17,12,3,32,0,0.0,FIXED_IDS,10,0.0,0.0,0.0,0,12,0.0
pubmed_deepres28_w128,17,12,0,32,127,0.9921875,DENSE_XOR,130,0.6864952427821523,0.6702755905511811,0.6990649606299213,0,12,0.0
pubmed_deepres28_w128,17,12,1,32,113,0.8828125,DENSE_XOR,130,0.6946902654867259,0.6363384955752213,0.7428097345132744,0,12,0.0
pubmed_deepres28_w128,17,12,2,32,0,0.0,FIXED_IDS,10,0.0,0.0,0.0,0,12,0.0
pubmed_deepres28_w128,17,12,3,32,0,0.0,FIXED_IDS,10,0.0,0.0,0.0,0,12,0.0
pubmed_deepres28_w128,17,12,0,32,128,1.0,DENSE_XOR,130,0.66876220703125,0.647216796875,0.69189453125,0,12,0.0
pubmed_deepres28_w128,17,12,1,32,119,0.9296875,DENSE_XOR,130,0.7297575280112044,0.6517857142857143,0.7807247899159664,0,12,0.0
pubmed_deepres28_w128,17,12,2,32,0,0.0,FIXED_IDS,10,0.0,0.0,0.0,0,12,0.0
pubmed_deepres28_w128,17,12,3,32,0,0.0,FIXED_IDS,10,0.0,0.0,0.0,0,12,0.0
pubmed_deepres28_w128,17,12,0,32,127,0.9921875,DENSE_XOR,130,0.4418676181102363,0.4254429133858268,0.45595472440944884,0,12,0.0
pubmed_deepres28_w128,17,12,1,32,125,0.9765625,DENSE_XOR,130,0.8595,0.773,0.91875,0,12,0.0
pubmed_deepres28_w128,17,12,2,32,0,0.0,FIXED_IDS,10,0.0,0.0,0.0,0,12,0.0
pubmed_deepres28_w128,17,12,3,32,0,0.0,FIXED_IDS,10,0.0,0.0,0.0,0,12,0.0
pubmed_deepres28_w128,17,12,0,32,0,0.0,FIXED_IDS,10,0.0,0.0,0.0,0,12,0.0
pubmed_deepres28_w128,17,12,1,32,126,0.984375,DENSE_XOR,130,0.8752066798941799,0.8005952380952381,0.9250992063492064,0,12,0.0
pubmed_deepres28_w128,17,12,2,32,0,0.0,FIXED_IDS,10,0.0,0.0,0.0,0,12,0.0
pubmed_deepres28_w128,17,12,3,32,0,0.0,FIXED_IDS,10,0.0,0.0,0.0,0,12,0.0
pubmed_deepres28_w128,17,12,0,32,127,0.9921875,DENSE_XOR,130,0.6253280839895013,0.6067913385826772,0.6429625984251969,0,12,0.0
pubmed_deepres28_w128,17,12,1,32,121,0.9453125,DENSE_XOR,130,0.7520015495867769,0.6735537190082644,0.8060433884297521,0,12,0.0
pubmed_deepres28_w128,17,12,2,32,0,0.0,FIXED_IDS,10,0.0,0.0,0.0,0,12,0.0
pubmed_deepres28_w128,17,12,3,32,0,0.0,FIXED_IDS,10,0.0,0.0,0.0,0,12,0.0
pubmed_deepres28_w128,17,12,0,32,127,0.9921875,DENSE_XOR,130,0.5398211942257217,0.5209153543307087,0.5563484251968503,0,12,0.0
pubmed_deepres28_w128,17,12,1,32,125,0.9765625,DENSE_XOR,130,0.7856875,0.71025,0.833,0,12,0.0
pubmed_deepres28_w128,17,12,2,32,0,0.0,FIXED_IDS,10,0.0,0.0,0.0,0,12,0.0
pubmed_deepres28_w128,17,12,3,32,0,0.0,FIXED_IDS,10,0.0,0.0,0.0,0,12,0.0
pubmed_deepres28_w128,17,12,0,32,0,0.0,FIXED_IDS,10,0.0,0.0,0.0,0,12,0.0
pubmed_deepres28_w128,17,12,1,32,123,0.9609375,DENSE_XOR,130,0.8715277777777778,0.7980182926829268,0.9214939024390244,0,12,0.0
pubmed_deepres28_w128,17,12,2,32,0,0.0,FIXED_IDS,10,0.0,0.0,0.0,0,12,0.0
pubmed_deepres28_w128,17,12,3,32,0,0.0,FIXED_IDS,10,0.0,0.0,0.0,0,12,0.0
pubmed_deepres28_w128,17,12,0,32,127,0.9921875,DENSE_XOR,130,0.8646243438320211,0.8531003937007874,0.87376968503937,0,12,0.0
pubmed_deepres28_w128,17,12,1,32,0,0.0,FIXED_IDS,10,0.0,0.0,0.0,0,12,0.0
pubmed_deepres28_w128,17,12,2,32,98,0.765625,DENSE_XOR,130,0.5657419217687075,0.5178571428571429,0.6371173469387755,0,12,0.0
pubmed_deepres28_w128,17,12,3,32,0,0.0,FIXED_IDS,10,0.0,0.0,0.0,0,12,0.0
pubmed_deepres28_w128,17,12,0,32,128,1.0,DENSE_XOR,130,0.95977783203125,0.94287109375,0.97314453125,0,12,0.0
pubmed_deepres28_w128,17,12,1,32,0,0.0,FIXED_IDS,10,0.0,0.0,0.0,0,12,0.0
pubmed_deepres28_w128,17,12,2,32,111,0.8671875,DENSE_XOR,130,0.5532329204204204,0.5053490990990991,0.6269707207207207,0,12,0.0
pubmed_deepres28_w128,17,12,3,32,0,0.0,FIXED_IDS,10,0.0,0.0,0.0,0,12,0.0
pubmed_deepres28_w128,17,12,0,32,128,1.0,DENSE_XOR,130,0.97235107421875,0.950439453125,0.9873046875,0,12,0.0
pubmed_deepres28_w128,17,12,1,32,0,0.0,FIXED_IDS,10,0.0,0.0,0.0,0,12,0.0
pubmed_deepres28_w128,17,12,2,32,116,0.90625,DENSE_XOR,130,0.5840741738505747,0.5258620689655172,0.6616379310344828,0,12,0.0
pubmed_deepres28_w128,17,12,3,32,0,0.0,FIXED_IDS,10,0.0,0.0,0.0,0,12,0.0
pubmed_deepres28_w128,17,12,0,32,128,1.0,DENSE_XOR,130,0.9401041666666666,0.918212890625,0.954833984375,0,12,0.0
pubmed_deepres28_w128,17,12,1,32,0,0.0,FIXED_IDS,10,0.0,0.0,0.0,0,12,0.0
pubmed_deepres28_w128,17,12,2,32,80,0.625,DENSE_XOR,130,0.5306640625,0.490625,0.605078125,0,12,0.0
pubmed_deepres28_w128,17,12,3,32,0,0.0,FIXED_IDS,10,0.0,0.0,0.0,0,12,0.0
pubmed_deepres28_w128,17,12,0,32,128,1.0,DENSE_XOR,130,0.849853515625,0.824951171875,0.87060546875,0,12,0.0
pubmed_deepres28_w128,17,12,1,32,103,0.8046875,DENSE_XOR,130,0.5763298948220065,0.5209344660194175,0.6074029126213593,0,12,0.0
pubmed_deepres28_w128,17,12,2,32,0,0.0,FIXED_IDS,10,0.0,0.0,0.0,0,12,0.0
pubmed_deepres28_w128,17,12,3,32,0,0.0,FIXED_IDS,10,0.0,0.0,0.0,0,12,0.0
pubmed_deepres28_w128,17,12,0,32,128,1.0,DENSE_XOR,130,0.974365234375,0.958251953125,0.983154296875,0,12,0.0
pubmed_deepres28_w128,17,12,1,32,0,0.0,FIXED_IDS,10,0.0,0.0,0.0,0,12,0.0
pubmed_deepres28_w128,17,12,2,32,0,0.0,FIXED_IDS,10,0.0,0.0,0.0,0,12,0.0
pubmed_deepres28_w128,17,12,3,32,0,0.0,FIXED_IDS,10,0.0,0.0,0.0,0,12,0.0
pubmed_deepres28_w128,17,12,0,32,127,0.9921875,DENSE_XOR,130,0.8433398950131236,0.8193897637795275,0.8636811023622047,0,12,0.0
pubmed_deepres28_w128,17,12,1,32,86,0.671875,DENSE_XOR,130,0.5710392441860465,0.5363372093023255,0.5944767441860465,0,12,0.0
pubmed_deepres28_w128,17,12,2,32,0,0.0,FIXED_IDS,10,0.0,0.0,0.0,0,12,0.0
pubmed_deepres28_w128,17,12,3,32,0,0.0,FIXED_IDS,10,0.0,0.0,0.0,0,12,0.0
pubmed_deepres28_w128,17,12,0,32,127,0.9921875,DENSE_XOR,130,0.8322055446194226,0.8171751968503937,0.843996062992126,0,12,0.0
pubmed_deepres28_w128,17,12,1,32,92,0.71875,DENSE_XOR,130,0.5861073369565217,0.5363451086956522,0.6188858695652174,0,12,0.0
pubmed_deepres28_w128,17,12,2,32,0,0.0,FIXED_IDS,10,0.0,0.0,0.0,0,12,0.0
pubmed_deepres28_w128,17,12,3,32,0,0.0,FIXED_IDS,10,0.0,0.0,0.0,0,12,0.0
pubmed_deepres28_w128,17,12,0,32,128,1.0,DENSE_XOR,130,0.9471435546875,0.938720703125,0.953857421875,0,12,0.0
pubmed_deepres28_w128,17,12,1,32,0,0.0,FIXED_IDS,10,0.0,0.0,0.0,0,12,0.0
pubmed_deepres28_w128,17,12,2,32,95,0.7421875,DENSE_XOR,130,0.5064967105263157,0.4680921052631579,0.5756578947368421,0,12,0.0
pubmed_deepres28_w128,17,12,3,32,0,0.0,FIXED_IDS,10,0.0,0.0,0.0,0,12,0.0
pubmed_deepres28_w128,17,12,0,32,128,1.0,DENSE_XOR,130,0.9332682291666666,0.9189453125,0.945068359375,0,12,0.0
pubmed_deepres28_w128,17,12,1,32,0,0.0,FIXED_IDS,10,0.0,0.0,0.0,0,12,0.0
pubmed_deepres28_w128,17,12,2,32,96,0.75,DENSE_XOR,130,0.516574435763889,0.4794921875,0.5836588541666666,0,12,0.0
pubmed_deepres28_w128,17,12,3,32,0,0.0,FIXED_IDS,10,0.0,0.0,0.0,0,12,0.0
pubmed_deepres28_w128,17,12,0,32,128,1.0,DENSE_XOR,130,0.8591512044270834,0.843994140625,0.8720703125,0,12,0.0
pubmed_deepres28_w128,17,12,1,32,83,0.6484375,DENSE_XOR,130,0.5960090361445783,0.53125,0.6336596385542169,0,12,0.0
pubmed_deepres28_w128,17,12,2,32,0,0.0,FIXED_IDS,10,0.0,0.0,0.0,0,12,0.0
pubmed_deepres28_w128,17,12,3,32,0,0.0,FIXED_IDS,10,0.0,0.0,0.0,0,12,0.0
pubmed_deepres28_w128,17,12,0,32,128,1.0,DENSE_XOR,130,0.8988037109375,0.885498046875,0.90869140625,0,12,0.0
pubmed_deepres28_w128,17,12,1,32,76,0.59375,DENSE_XOR,130,0.5482798793859649,0.4954769736842105,0.5851151315789473,0,12,0.0
pubmed_deepres28_w128,17,12,2,32,84,0.65625,DENSE_XOR,130,0.49813988095238093,0.4609375,0.5688244047619048,0,12,0.0
pubmed_deepres28_w128,17,12,3,32,0,0.0,FIXED_IDS,10,0.0,0.0,0.0,0,12,0.0
pubmed_deepres28_w128,17,12,0,32,128,1.0,DENSE_XOR,130,0.8804524739583334,0.868896484375,0.889892578125,0,12,0.0
pubmed_deepres28_w128,17,12,1,32,82,0.640625,DENSE_XOR,130,0.5477959857723578,0.49123475609756095,0.5819359756097561,0,12,0.0
pubmed_deepres28_w128,17,12,2,32,77,0.6015625,DENSE_XOR,130,0.5129193722943725,0.47564935064935066,0.5738636363636364,0,12,0.0
pubmed_deepres28_w128,17,12,3,32,0,0.0,FIXED_IDS,10,0.0,0.0,0.0,0,12,0.0
pubmed_deepres28_w128,17,12,0,32,128,1.0,DENSE_XOR,130,0.9820556640625,0.964599609375,0.991455078125,0,12,0.0
pubmed_deepres28_w128,17,12,1,32,0,0.0,FIXED_IDS,10,0.0,0.0,0.0,0,12,0.0
pubmed_deepres28_w128,17,12,2,32,111,0.8671875,DENSE_XOR,130,0.5523648648648649,0.5112612612612613,0.6179617117117117,0,12,0.0
pubmed_deepres28_w128,17,12,3,32,0,0.0,FIXED_IDS,10,0.0,0.0,0.0,0,12,0.0
pubmed_deepres28_w128,17,12,0,32,128,1.0,DENSE_XOR,130,0.9740193684895834,0.9580078125,0.983154296875,0,12,0.0
pubmed_deepres28_w128,17,12,1,32,0,0.0,FIXED_IDS,10,0.0,0.0,0.0,0,12,0.0
pubmed_deepres28_w128,17,12,2,32,92,0.71875,DENSE_XOR,130,0.5280514039855072,0.4867527173913043,0.5940896739130435,0,12,0.0
pubmed_deepres28_w128,17,12,3,32,0,0.0,FIXED_IDS,10,0.0,0.0,0.0,0,12,0.0
pubmed_deepres28_w128,17,12,0,32,128,1.0,DENSE_XOR,130,0.9866129557291666,0.9765625,0.990478515625,0,12,0.0
pubmed_deepres28_w128,17,12,1,32,0,0.0,FIXED_IDS,10,0.0,0.0,0.0,0,12,0.0
pubmed_deepres28_w128,17,12,2,32,115,0.8984375,DENSE_XOR,130,0.5348052536231883,0.4994565217391304,0.602445652173913,0,12,0.0
pubmed_deepres28_w128,17,12,3,32,0,0.0,FIXED_IDS,10,0.0,0.0,0.0,0,12,0.0
pubmed_deepres28_w128,17,12,0,32,128,1.0,DENSE_XOR,130,0.97613525390625,0.9609375,0.986328125,0,12,0.0
pubmed_deepres28_w128,17,12,1,32,0,0.0,FIXED_IDS,10,0.0,0.0,0.0,0,12,0.0
pubmed_deepres28_w128,17,12,2,32,116,0.90625,DENSE_XOR,130,0.5563263290229885,0.5126616379310345,0.6236530172413793,0,12,0.0
pubmed_deepres28_w128,17,12,3,32,0,0.0,FIXED_IDS,10,0.0,0.0,0.0,0,12,0.0
pubmed_deepres28_w128,17,12,0,32,128,1.0,DENSE_XOR,130,0.86981201171875,0.84033203125,0.893798828125,0,12,0.0
pubmed_deepres28_w128,17,12,1,32,104,0.8125,DENSE_XOR,130,0.5331780849358974,0.4879807692307692,0.5628004807692307,0,12,0.0
pubmed_deepres28_w128,17,12,2,32,0,0.0,FIXED_IDS,10,0.0,0.0,0.0,0,12,0.0
pubmed_deepres28_w128,17,12,3,32,0,0.0,FIXED_IDS,10,0.0,0.0,0.0,0,12,0.0
pubmed_deepres28_w128,17,12,0,32,127,0.9921875,DENSE_XOR,130,0.7134186351706037,0.6995570866141733,0.7271161417322834,0,12,0.0
pubmed_deepres28_w128,17,12,1,32,96,0.75,DENSE_XOR,130,0.7256944444444445,0.6516927083333334,0.7724609375,0,12,0.0
pubmed_deepres28_w128,17,12,2,32,0,0.0,FIXED_IDS,10,0.0,0.0,0.0,0,12,0.0
pubmed_deepres28_w128,17,12,3,32,0,0.0,FIXED_IDS,10,0.0,0.0,0.0,0,12,0.0
pubmed_deepres28_w128,17,12,0,32,127,0.9921875,DENSE_XOR,130,0.8294373359580053,0.7933070866141733,0.858513779527559,0,12,0.0
pubmed_deepres28_w128,17,12,1,32,127,0.9921875,DENSE_XOR,130,0.5539083005249343,0.5167322834645669,0.5770177165354331,0,12,0.0
pubmed_deepres28_w128,17,12,2,32,0,0.0,FIXED_IDS,10,0.0,0.0,0.0,0,12,0.0
pubmed_deepres28_w128,17,12,3,32,0,0.0,FIXED_IDS,10,0.0,0.0,0.0,0,12,0.0
pubmed_deepres28_w128,17,12,0,32,128,1.0,DENSE_XOR,130,0.9428914388020834,0.90771484375,0.967041015625,0,12,0.0
pubmed_deepres28_w128,17,12,1,32,118,0.921875,DENSE_XOR,130,0.4337703036723164,0.4104872881355932,0.4536546610169492,0,12,0.0
pubmed_deepres28_w128,17,12,2,32,0,0.0,FIXED_IDS,10,0.0,0.0,0.0,0,12,0.0
pubmed_deepres28_w128,17,12,3,32,0,0.0,FIXED_IDS,10,0.0,0.0,0.0,0,12,0.0
pubmed_deepres28_w128,17,12,0,32,128,1.0,DENSE_XOR,130,0.9026692708333334,0.8642578125,0.93212890625,0,12,0.0
pubmed_deepres28_w128,17,12,1,32,122,0.953125,DENSE_XOR,130,0.4912909836065574,0.4561987704918033,0.5125512295081968,0,12,0.0
pubmed_deepres28_w128,17,12,2,32,0,0.0,FIXED_IDS,10,0.0,0.0,0.0,0,12,0.0
pubmed_deepres28_w128,17,12,3,32,0,0.0,FIXED_IDS,10,0.0,0.0,0.0,0,12,0.0
pubmed_deepres28_w128,17,12,0,32,128,1.0,DENSE_XOR,130,0.9530029296875,0.9228515625,0.972900390625,0,12,0.0
pubmed_deepres28_w128,17,12,1,32,124,0.96875,DENSE_XOR,130,0.4318086357526882,0.4039818548387097,0.45110887096774194,0,12,0.0
pubmed_deepres28_w128,17,12,2,32,0,0.0,FIXED_IDS,10,0.0,0.0,0.0,0,12,0.0
pubmed_deepres28_w128,17,12,3,32,0,0.0,FIXED_IDS,10,0.0,0.0,0.0,0,12,0.0
pubmed_deepres28_w128,17,12,0,32,128,1.0,DENSE_XOR,130,0.9336344401041666,0.898681640625,0.95263671875,0,12,0.0
pubmed_deepres28_w128,17,12,1,32,110,0.859375,DENSE_XOR,130,0.47672821969696977,0.446875,0.5,0,12,0.0
pubmed_deepres28_w128,17,12,2,32,0,0.0,FIXED_IDS,10,0.0,0.0,0.0,0,12,0.0
pubmed_deepres28_w128,17,12,3,32,0,0.0,FIXED_IDS,10,0.0,0.0,0.0,0,12,0.0
pubmed_deepres28_w128,17,12,0,32,128,1.0,DENSE_XOR,130,0.8781534830729166,0.84814453125,0.9013671875,0,12,0.0
pubmed_deepres28_w128,17,12,1,32,118,0.921875,DENSE_XOR,130,0.49702065677966095,0.461864406779661,0.5219809322033898,0,12,0.0
pubmed_deepres28_w128,17,12,2,32,0,0.0,FIXED_IDS,10,0.0,0.0,0.0,0,12,0.0
pubmed_deepres28_w128,17,12,3,32,0,0.0,FIXED_IDS,10,0.0,0.0,0.0,0,12,0.0
pubmed_deepres28_w128,17,12,0,32,128,1.0,DENSE_XOR,130,0.9745076497395834,0.954833984375,0.986328125,0,12,0.0
pubmed_deepres28_w128,17,12,1,32,0,0.0,FIXED_IDS,10,0.0,0.0,0.0,0,12,0.0
pubmed_deepres28_w128,17,12,2,32,0,0.0,FIXED_IDS,10,0.0,0.0,0.0,0,12,0.0
pubmed_deepres28_w128,17,12,3,32,0,0.0,FIXED_IDS,10,0.0,0.0,0.0,0,12,0.0
pubmed_deepres28_w128,17,12,0,32,128,1.0,DENSE_XOR,130,0.8528645833333334,0.822265625,0.886962890625,0,12,0.0
pubmed_deepres28_w128,17,12,1,32,124,0.96875,DENSE_XOR,130,0.5269237231182796,0.48689516129032256,0.5551915322580645,0,12,0.0
pubmed_deepres28_w128,17,12,2,32,0,0.0,FIXED_IDS,10,0.0,0.0,0.0,0,12,0.0
pubmed_deepres28_w128,17,12,3,32,0,0.0,FIXED_IDS,10,0.0,0.0,0.0,0,12,0.0
pubmed_deepres28_w128,17,12,0,32,127,0.9921875,DENSE_XOR,130,0.6006192585301836,0.5821850393700787,0.6146653543307087,0,12,0.0
pubmed_deepres28_w128,17,12,1,32,121,0.9453125,DENSE_XOR,130,0.7396478994490359,0.6722623966942148,0.7892561983471075,0,12,0.0
pubmed_deepres28_w128,17,12,2,32,0,0.0,FIXED_IDS,10,0.0,0.0,0.0,0,12,0.0
pubmed_deepres28_w128,17,12,3,32,0,0.0,FIXED_IDS,10,0.0,0.0,0.0,0,12,0.0
pubmed_deepres28_w128,17,12,0,32,0,0.0,FIXED_IDS,10,0.0,0.0,0.0,0,12,0.0
pubmed_deepres28_w128,17,12,1,32,121,0.9453125,DENSE_XOR,130,0.8773674242424242,0.8047520661157025,0.9333677685950413,0,12,0.0
pubmed_deepres28_w128,17,12,2,32,0,0.0,FIXED_IDS,10,0.0,0.0,0.0,0,12,0.0
pubmed_deepres28_w128,17,12,3,32,0,0.0,FIXED_IDS,10,0.0,0.0,0.0,0,12,0.0
pubmed_deepres28_w128,17,12,0,32,127,0.9921875,DENSE_XOR,130,0.5104781824146981,0.4938484251968504,0.5253444881889764,0,12,0.0
pubmed_deepres28_w128,17,12,1,32,128,1.0,DENSE_XOR,130,0.79595947265625,0.718505859375,0.850830078125,0,12,0.0
pubmed_deepres28_w128,17,12,2,32,0,0.0,FIXED_IDS,10,0.0,0.0,0.0,0,12,0.0
pubmed_deepres28_w128,17,12,3,32,0,0.0,FIXED_IDS,10,0.0,0.0,0.0,0,12,0.0
pubmed_deepres28_w128,17,12,0,32,0,0.0,FIXED_IDS,10,0.0,0.0,0.0,0,12,0.0
pubmed_deepres28_w128,17,12,1,32,128,1.0,DENSE_XOR,130,0.8711751302083334,0.79296875,0.92822265625,0,12,0.0
pubmed_deepres28_w128,17,12,2,32,0,0.0,FIXED_IDS,10,0.0,0.0,0.0,0,12,0.0
pubmed_deepres28_w128,17,12,3,32,0,0.0,FIXED_IDS,10,0.0,0.0,0.0,0,12,0.0
pubmed_deepres28_w128,17,12,0,32,127,0.9921875,DENSE_XOR,130,0.7620160761154855,0.750492125984252,0.7718996062992126,0,12,0.0
pubmed_deepres28_w128,17,12,1,32,75,0.5859375,DENSE_XOR,130,0.7113194444444444,0.6470833333333333,0.7575,0,12,0.0
pubmed_deepres28_w128,17,12,2,32,66,0.515625,DENSE_XOR,130,0.5458885732323232,0.49952651515151514,0.6141098484848485,0,12,0.0
pubmed_deepres28_w128,17,12,3,32,0,0.0,FIXED_IDS,10,0.0,0.0,0.0,0,12,0.0
pubmed_deepres28_w128,17,12,0,32,128,1.0,DENSE_XOR,130,0.93707275390625,0.923583984375,0.9443359375,0,12,0.0
pubmed_deepres28_w128,17,12,1,32,0,0.0,FIXED_IDS,10,0.0,0.0,0.0,0,12,0.0
pubmed_deepres28_w128,17,12,2,32,86,0.671875,DENSE_XOR,130,0.5093568313953488,0.47238372093023256,0.5759447674418605,0,12,0.0
pubmed_deepres28_w128,17,12,3,32,0,0.0,FIXED_IDS,10,0.0,0.0,0.0,0,12,0.0
pubmed_deepres28_w128,17,12,0,32,127,0.9921875,DENSE_XOR,130,0.8729699803149606,0.8614665354330708,0.8799212598425197,0,12,0.0
pubmed_deepres28_w128,17,12,1,32,82,0.640625,DENSE_XOR,130,0.546557418699187,0.5,0.5758384146341463,0,12,0.0
pubmed_deepres28_w128,17,12,2,32,77,0.6015625,DENSE_XOR,130,0.5183306277056277,0.4809253246753247,0.5787337662337663,0,12,0.0
pubmed_deepres28_w128,17,12,3,32,0,0.0,FIXED_IDS,10,0.0,0.0,0.0,0,12,0.0
pubmed_deepres28_w128,17,12,0,32,128,1.0,DENSE_XOR,130,0.7614339192708334,0.740234375,0.778564453125,0,12,0.0
pubmed_deepres28_w128,17,12,1,32,120,0.9375,DENSE_XOR,130,0.6042317708333333,0.5505208333333333,0.6393229166666666,0,12,0.0
pubmed_deepres28_w128,17,12,2,32,0,0.0,FIXED_IDS,10,0.0,0.0,0.0,0,12,0.0
pubmed_deepres28_w128,17,12,3,32,0,0.0,FIXED_IDS,10,0.0,0.0,0.0,0,12,0.0
pubmed_deepres28_w128,17,12,0,32,127,0.9921875,DENSE_XOR,130,0.6479043635170604,0.6412401574803149,0.6545275590551181,0,12,0.0
pubmed_deepres28_w128,17,12,1,32,86,0.671875,DENSE_XOR,130,0.7731952519379844,0.7140261627906976,0.8186773255813954,0,12,0.0
pubmed_deepres28_w128,17,12,2,32,0,0.0,FIXED_IDS,10,0.0,0.0,0.0,0,12,0.0
pubmed_deepres28_w128,17,12,3,32,0,0.0,FIXED_IDS,10,0.0,0.0,0.0,0,12,0.0
pubmed_deepres28_w128,17,12,0,32,127,0.9921875,DENSE_XOR,130,0.7014230643044619,0.6921751968503937,0.7096456692913385,0,12,0.0
pubmed_deepres28_w128,17,12,1,32,92,0.71875,DENSE_XOR,130,0.7060971467391304,0.6494565217391305,0.7510190217391305,0,12,0.0
pubmed_deepres28_w128,17,12,2,32,0,0.0,FIXED_IDS,10,0.0,0.0,0.0,0,12,0.0
pubmed_deepres28_w128,17,12,3,32,0,0.0,FIXED_IDS,10,0.0,0.0,0.0,0,12,0.0
pubmed_deepres28_w128,17,12,0,32,0,0.0,FIXED_IDS,5,0.0,0.0,0.0,0,12,0.0
pubmed_deepres28_w128,17,12,1,32,0,0.0,FIXED_IDS,5,0.0,0.0,0.0,0,12,0.0
pubmed_deepres28_w128,17,12,2,32,0,0.0,FIXED_IDS,5,0.0,0.0,0.0,0,12,0.0
pubmed_deepres28_w128,17,12,3,32,0,0.0,FIXED_IDS,5,0.0,0.0,0.0,0,12,0.0
