config_id,segment_start,layer_offset,panel_builder,panel_id,M,K,N,array_height,array_width,dataflow,scalesim_cycles,scalesim_utilization,execution_count,dense_baseline_cycles,shape_cache_hit,scalesim_run_success,error_message
cora_gcnii16,4,0,P3_COST_AWARE,0,126,8,64,32,32,ws,953.0,14.350797266514808,13,52446.0,True,True,
cora_gcnii16,4,0,P3_COST_AWARE,2,108,8,64,32,32,ws,881.0,13.399503722084368,13,52446.0,True,True,
cora_gcnii16,4,0,P3_COST_AWARE,3,116,8,64,32,32,ws,913.0,13.842482100238664,13,52446.0,True,True,
cora_gcnii16,4,0,P3_COST_AWARE,4,111,8,64,32,32,ws,893.0,13.569682151589245,13,52446.0,True,True,
cora_gcnii16,4,0,P3_COST_AWARE,5,119,8,64,32,32,ws,925.0,14.0,13,52446.0,True,True,
cora_gcnii16,4,0,P3_COST_AWARE,0,116,8,64,32,32,ws,913.0,13.842482100238664,13,52446.0,True,True,
cora_gcnii16,4,0,P3_COST_AWARE,2,112,8,64,32,32,ws,897.0,13.62530413625304,13,52446.0,True,True,
cora_gcnii16,4,0,P3_COST_AWARE,3,104,8,64,32,32,ws,865.0,13.164556962025316,13,52446.0,True,True,
cora_gcnii16,4,0,P3_COST_AWARE,4,122,8,64,32,32,ws,937.0,14.153132250580049,13,52446.0,True,True,
cora_gcnii16,4,0,P3_COST_AWARE,5,120,8,64,32,32,ws,929.0,14.05152224824356,13,52446.0,True,True,
cora_gcnii16,4,0,P3_COST_AWARE,0,127,8,64,32,32,ws,957.0,14.399092970521542,13,52446.0,True,True,
cora_gcnii16,4,0,P3_COST_AWARE,2,111,8,64,32,32,ws,893.0,13.569682151589245,13,52446.0,True,True,
cora_gcnii16,4,0,P3_COST_AWARE,3,109,8,64,32,32,ws,885.0,13.45679012345679,13,52446.0,True,True,
cora_gcnii16,4,0,P3_COST_AWARE,4,116,8,64,32,32,ws,913.0,13.842482100238664,13,52446.0,True,True,
cora_gcnii16,4,0,P3_COST_AWARE,5,119,8,64,32,32,ws,925.0,14.0,13,52446.0,True,True,
cora_gcnii16,4,0,P3_COST_AWARE,0,127,8,64,32,32,ws,957.0,14.399092970521542,13,52446.0,True,True,
cora_gcnii16,4,0,P3_COST_AWARE,2,114,8,64,32,32,ws,905.0,13.734939759036145,13,52446.0,True,True,
cora_gcnii16,4,0,P3_COST_AWARE,4,120,8,64,32,32,ws,929.0,14.05152224824356,13,52446.0,True,True,
cora_gcnii16,4,0,P3_COST_AWARE,5,120,8,64,32,32,ws,929.0,14.05152224824356,13,52446.0,True,True,
cora_gcnii16,4,0,P3_COST_AWARE,0,128,8,64,32,32,ws,961.0,14.446952595936796,13,52446.0,True,True,
cora_gcnii16,4,0,P3_COST_AWARE,2,103,8,64,32,32,ws,861.0,13.104325699745548,13,52446.0,True,True,
cora_gcnii16,4,0,P3_COST_AWARE,4,105,8,64,32,32,ws,869.0,13.224181360201513,13,52446.0,True,True,
cora_gcnii16,4,0,P3_COST_AWARE,5,104,8,64,32,32,ws,865.0,13.164556962025316,13,52446.0,True,True,
cora_gcnii16,4,0,P3_COST_AWARE,0,128,8,64,32,32,ws,961.0,14.446952595936796,13,52446.0,True,True,
cora_gcnii16,4,0,P3_COST_AWARE,1,110,8,64,32,32,ws,889.0,13.513513513513514,13,52446.0,True,True,
cora_gcnii16,4,0,P3_COST_AWARE,2,99,8,64,32,32,ws,845.0,12.857142857142858,13,52446.0,True,True,
cora_gcnii16,4,0,P3_COST_AWARE,4,116,8,64,32,32,ws,913.0,13.842482100238664,13,52446.0,True,True,
cora_gcnii16,4,0,P3_COST_AWARE,5,119,8,64,32,32,ws,925.0,14.0,13,52446.0,True,True,
cora_gcnii16,4,0,P3_COST_AWARE,7,108,8,64,32,32,ws,881.0,13.399503722084368,13,52446.0,True,True,
cora_gcnii16,4,0,P3_COST_AWARE,0,128,8,64,32,32,ws,961.0,14.446952595936796,13,52446.0,True,True,
cora_gcnii16,4,0,P3_COST_AWARE,1,108,8,64,32,32,ws,881.0,13.399503722084368,13,52446.0,True,True,
cora_gcnii16,4,0,P3_COST_AWARE,2,111,8,64,32,32,ws,893.0,13.569682151589245,13,52446.0,True,True,
cora_gcnii16,4,0,P3_COST_AWARE,4,118,8,64,32,32,ws,921.0,13.947990543735225,13,52446.0,True,True,
cora_gcnii16,4,0,P3_COST_AWARE,5,116,8,64,32,32,ws,913.0,13.842482100238664,13,52446.0,True,True,
cora_gcnii16,4,0,P3_COST_AWARE,0,128,8,64,32,32,ws,961.0,14.446952595936796,13,52446.0,True,True,
cora_gcnii16,4,0,P3_COST_AWARE,2,128,8,64,32,32,ws,961.0,14.446952595936796,13,52446.0,True,True,
cora_gcnii16,4,0,P3_COST_AWARE,3,128,8,64,32,32,ws,961.0,14.446952595936796,13,52446.0,True,True,
cora_gcnii16,4,0,P3_COST_AWARE,4,126,8,64,32,32,ws,953.0,14.350797266514808,13,52446.0,True,True,
cora_gcnii16,4,0,P3_COST_AWARE,5,126,8,64,32,32,ws,953.0,14.350797266514808,13,52446.0,True,True,
cora_gcnii16,4,0,P3_COST_AWARE,0,128,8,64,32,32,ws,961.0,14.446952595936796,13,52446.0,True,True,
cora_gcnii16,4,0,P3_COST_AWARE,1,125,8,64,32,32,ws,949.0,14.302059496567503,13,52446.0,True,True,
cora_gcnii16,4,0,P3_COST_AWARE,2,95,8,64,32,32,ws,829.0,12.59946949602122,13,52446.0,True,True,
cora_gcnii16,4,0,P3_COST_AWARE,4,92,8,64,32,32,ws,817.0,12.398921832884096,13,52446.0,True,True,
cora_gcnii16,4,0,P3_COST_AWARE,7,86,8,64,32,32,ws,793.0,11.977715877437326,13,52446.0,True,True,
cora_gcnii16,4,0,P3_COST_AWARE,0,127,8,64,32,32,ws,957.0,14.399092970521542,13,52446.0,True,True,
cora_gcnii16,4,0,P3_COST_AWARE,1,120,8,64,32,32,ws,929.0,14.05152224824356,13,52446.0,True,True,
cora_gcnii16,4,0,P3_COST_AWARE,2,112,8,64,32,32,ws,897.0,13.62530413625304,13,52446.0,True,True,
cora_gcnii16,4,0,P3_COST_AWARE,4,123,8,64,32,32,ws,941.0,14.20323325635104,13,52446.0,True,True,
cora_gcnii16,4,0,P3_COST_AWARE,5,120,8,64,32,32,ws,929.0,14.05152224824356,13,52446.0,True,True,
cora_gcnii16,4,0,P3_COST_AWARE,7,120,8,64,32,32,ws,929.0,14.05152224824356,13,52446.0,True,True,
cora_gcnii16,4,0,P3_COST_AWARE,0,128,8,64,32,32,ws,961.0,14.446952595936796,13,52446.0,True,True,
cora_gcnii16,4,0,P3_COST_AWARE,1,124,8,64,32,32,ws,945.0,14.25287356321839,13,52446.0,True,True,
cora_gcnii16,4,0,P3_COST_AWARE,2,124,8,64,32,32,ws,945.0,14.25287356321839,13,52446.0,True,True,
cora_gcnii16,4,0,P3_COST_AWARE,4,123,8,64,32,32,ws,941.0,14.20323325635104,13,52446.0,True,True,
cora_gcnii16,4,0,P3_COST_AWARE,5,124,8,64,32,32,ws,945.0,14.25287356321839,13,52446.0,True,True,
cora_gcnii16,4,0,P3_COST_AWARE,7,96,8,64,32,32,ws,833.0,12.66490765171504,13,52446.0,True,True,
cora_gcnii16,4,0,P3_COST_AWARE,0,128,8,64,32,32,ws,961.0,14.446952595936796,13,52446.0,True,True,
cora_gcnii16,4,0,P3_COST_AWARE,1,120,8,64,32,32,ws,929.0,14.05152224824356,13,52446.0,True,True,
cora_gcnii16,4,0,P3_COST_AWARE,2,123,8,64,32,32,ws,941.0,14.20323325635104,13,52446.0,True,True,
cora_gcnii16,4,0,P3_COST_AWARE,3,122,8,64,32,32,ws,937.0,14.153132250580049,13,52446.0,True,True,
cora_gcnii16,4,0,P3_COST_AWARE,4,104,8,64,32,32,ws,865.0,13.164556962025316,13,52446.0,True,True,
cora_gcnii16,4,0,P3_COST_AWARE,0,128,8,64,32,32,ws,961.0,14.446952595936796,13,52446.0,True,True,
cora_gcnii16,4,0,P3_COST_AWARE,1,116,8,64,32,32,ws,913.0,13.842482100238664,13,52446.0,True,True,
cora_gcnii16,4,0,P3_COST_AWARE,2,128,8,64,32,32,ws,961.0,14.446952595936796,13,52446.0,True,True,
cora_gcnii16,4,0,P3_COST_AWARE,3,128,8,64,32,32,ws,961.0,14.446952595936796,13,52446.0,True,True,
cora_gcnii16,4,0,P3_COST_AWARE,4,121,8,64,32,32,ws,933.0,14.102564102564102,13,52446.0,True,True,
cora_gcnii16,4,0,P3_COST_AWARE,5,124,8,64,32,32,ws,945.0,14.25287356321839,13,52446.0,True,True,
cora_gcnii16,4,0,P3_COST_AWARE,0,128,8,64,32,32,ws,961.0,14.446952595936796,13,52446.0,True,True,
cora_gcnii16,4,0,P3_COST_AWARE,1,128,8,64,32,32,ws,961.0,14.446952595936796,13,52446.0,True,True,
cora_gcnii16,4,0,P3_COST_AWARE,2,121,8,64,32,32,ws,933.0,14.102564102564102,13,52446.0,True,True,
cora_gcnii16,4,0,P3_COST_AWARE,3,122,8,64,32,32,ws,937.0,14.153132250580049,13,52446.0,True,True,
cora_gcnii16,4,0,P3_COST_AWARE,4,98,8,64,32,32,ws,841.0,12.79373368146214,13,52446.0,True,True,
cora_gcnii16,4,0,P3_COST_AWARE,6,128,8,64,32,32,ws,961.0,14.446952595936796,12,52446.0,True,True,
cora_gcnii16,4,0,P3_COST_AWARE,0,120,8,64,32,32,ws,929.0,14.05152224824356,13,52446.0,True,True,
cora_gcnii16,4,0,P3_COST_AWARE,1,128,8,64,32,32,ws,961.0,14.446952595936796,13,52446.0,True,True,
cora_gcnii16,4,0,P3_COST_AWARE,2,100,8,64,32,32,ws,849.0,12.919896640826874,13,52446.0,True,True,
cora_gcnii16,4,0,P3_COST_AWARE,4,103,8,64,32,32,ws,861.0,13.104325699745548,13,52446.0,True,True,
cora_gcnii16,4,0,P3_COST_AWARE,5,124,8,64,32,32,ws,945.0,14.25287356321839,13,52446.0,True,True,
cora_gcnii16,4,0,P3_COST_AWARE,6,116,8,64,32,32,ws,913.0,13.842482100238664,13,52446.0,True,True,
cora_gcnii16,4,0,P3_COST_AWARE,7,112,8,64,32,32,ws,897.0,13.62530413625304,13,52446.0,True,True,
cora_gcnii16,4,0,P3_COST_AWARE,0,126,8,64,32,32,ws,953.0,14.350797266514808,13,52446.0,True,True,
cora_gcnii16,4,0,P3_COST_AWARE,1,128,8,64,32,32,ws,961.0,14.446952595936796,13,52446.0,True,True,
cora_gcnii16,4,0,P3_COST_AWARE,2,124,8,64,32,32,ws,945.0,14.25287356321839,13,52446.0,True,True,
cora_gcnii16,4,0,P3_COST_AWARE,3,126,8,64,32,32,ws,953.0,14.350797266514808,13,52446.0,True,True,
cora_gcnii16,4,0,P3_COST_AWARE,4,104,8,64,32,32,ws,865.0,13.164556962025316,13,52446.0,True,True,
cora_gcnii16,4,0,P3_COST_AWARE,5,112,8,64,32,32,ws,897.0,13.62530413625304,13,52446.0,True,True,
cora_gcnii16,4,0,P3_COST_AWARE,6,127,8,64,32,32,ws,957.0,14.399092970521542,13,52446.0,True,True,
cora_gcnii16,4,0,P3_COST_AWARE,0,128,8,64,32,32,ws,961.0,14.446952595936796,13,52446.0,True,True,
cora_gcnii16,4,0,P3_COST_AWARE,1,124,8,64,32,32,ws,945.0,14.25287356321839,13,52446.0,True,True,
cora_gcnii16,4,0,P3_COST_AWARE,2,127,8,64,32,32,ws,957.0,14.399092970521542,13,52446.0,True,True,
cora_gcnii16,4,0,P3_COST_AWARE,3,128,8,64,32,32,ws,961.0,14.446952595936796,13,52446.0,True,True,
cora_gcnii16,4,0,P3_COST_AWARE,4,108,8,64,32,32,ws,881.0,13.399503722084368,13,52446.0,True,True,
cora_gcnii16,4,0,P3_COST_AWARE,0,124,8,64,32,32,ws,945.0,14.25287356321839,13,52446.0,True,True,
cora_gcnii16,4,0,P3_COST_AWARE,1,127,8,64,32,32,ws,957.0,14.399092970521542,13,52446.0,True,True,
cora_gcnii16,4,0,P3_COST_AWARE,2,111,8,64,32,32,ws,893.0,13.569682151589245,13,52446.0,True,True,
cora_gcnii16,4,0,P3_COST_AWARE,3,122,8,64,32,32,ws,937.0,14.153132250580049,13,52446.0,True,True,
cora_gcnii16,4,0,P3_COST_AWARE,6,124,8,64,32,32,ws,945.0,14.25287356321839,13,52446.0,True,True,
cora_gcnii16,4,0,P3_COST_AWARE,0,116,8,64,32,32,ws,913.0,13.842482100238664,13,52446.0,True,True,
cora_gcnii16,4,0,P3_COST_AWARE,1,128,8,64,32,32,ws,961.0,14.446952595936796,13,52446.0,True,True,
cora_gcnii16,4,0,P3_COST_AWARE,2,123,8,64,32,32,ws,941.0,14.20323325635104,13,52446.0,True,True,
cora_gcnii16,4,0,P3_COST_AWARE,6,127,8,64,32,32,ws,957.0,14.399092970521542,13,52446.0,True,True,
cora_gcnii16,4,0,P3_COST_AWARE,0,120,8,64,32,32,ws,929.0,14.05152224824356,13,52446.0,True,True,
cora_gcnii16,4,0,P3_COST_AWARE,1,128,8,64,32,32,ws,961.0,14.446952595936796,13,52446.0,True,True,
cora_gcnii16,4,0,P3_COST_AWARE,2,124,8,64,32,32,ws,945.0,14.25287356321839,13,52446.0,True,True,
cora_gcnii16,4,0,P3_COST_AWARE,3,127,8,64,32,32,ws,957.0,14.399092970521542,13,52446.0,True,True,
cora_gcnii16,4,0,P3_COST_AWARE,6,127,8,64,32,32,ws,957.0,14.399092970521542,13,52446.0,True,True,
cora_gcnii16,4,0,P3_COST_AWARE,1,124,8,64,32,32,ws,945.0,14.25287356321839,13,52446.0,True,True,
cora_gcnii16,4,0,P3_COST_AWARE,2,120,8,64,32,32,ws,929.0,14.05152224824356,12,52446.0,True,True,
cora_gcnii16,4,0,P3_COST_AWARE,6,128,8,64,32,32,ws,961.0,14.446952595936796,13,52446.0,True,True,
cora_gcnii16,4,0,P3_COST_AWARE,0,126,16,64,32,32,ws,953.0,28.701594533029613,13,52446.0,True,True,
cora_gcnii16,4,0,P3_COST_AWARE,1,100,16,64,32,32,ws,849.0,25.839793281653748,13,52446.0,True,True,
cora_gcnii16,4,0,P3_COST_AWARE,2,126,16,64,32,32,ws,953.0,28.701594533029613,13,52446.0,True,True,
cora_gcnii16,4,0,P3_COST_AWARE,3,108,16,64,32,32,ws,881.0,26.799007444168733,13,52446.0,True,True,
cora_gcnii16,4,0,P3_COST_AWARE,0,116,16,64,32,32,ws,913.0,27.684964200477328,13,52446.0,True,True,
cora_gcnii16,4,0,P3_COST_AWARE,1,100,16,64,32,32,ws,849.0,25.839793281653748,13,52446.0,True,True,
cora_gcnii16,4,0,P3_COST_AWARE,2,128,16,64,32,32,ws,961.0,28.89390519187359,13,52446.0,True,True,
cora_gcnii16,4,0,P3_COST_AWARE,3,106,16,64,32,32,ws,873.0,26.56641604010025,13,52446.0,True,True,
cora_gcnii16,4,0,P3_COST_AWARE,0,126,16,64,32,32,ws,953.0,28.701594533029613,13,52446.0,True,True,
cora_gcnii16,4,0,P3_COST_AWARE,1,104,16,64,32,32,ws,865.0,26.329113924050635,13,52446.0,True,True,
cora_gcnii16,4,0,P3_COST_AWARE,2,128,16,64,32,32,ws,961.0,28.89390519187359,13,52446.0,True,True,
cora_gcnii16,4,0,P3_COST_AWARE,3,124,16,64,32,32,ws,945.0,28.50574712643678,13,52446.0,True,True,
cora_gcnii16,4,0,P3_COST_AWARE,0,126,16,64,32,32,ws,953.0,28.701594533029613,13,52446.0,True,True,
cora_gcnii16,4,0,P3_COST_AWARE,1,114,16,64,32,32,ws,905.0,27.46987951807229,13,52446.0,True,True,
cora_gcnii16,4,0,P3_COST_AWARE,2,128,16,64,32,32,ws,961.0,28.89390519187359,13,52446.0,True,True,
cora_gcnii16,4,0,P3_COST_AWARE,3,122,16,64,32,32,ws,937.0,28.306264501160094,13,52446.0,True,True,
cora_gcnii16,4,0,P3_COST_AWARE,0,124,16,64,32,32,ws,945.0,28.50574712643678,13,52446.0,True,True,
cora_gcnii16,4,0,P3_COST_AWARE,1,112,16,64,32,32,ws,897.0,27.25060827250608,13,52446.0,True,True,
cora_gcnii16,4,0,P3_COST_AWARE,2,128,16,64,32,32,ws,961.0,28.89390519187359,13,52446.0,True,True,
cora_gcnii16,4,0,P3_COST_AWARE,3,114,16,64,32,32,ws,905.0,27.46987951807229,13,52446.0,True,True,
cora_gcnii16,4,0,P3_COST_AWARE,0,128,16,64,32,32,ws,961.0,28.89390519187359,13,52446.0,True,True,
cora_gcnii16,4,0,P3_COST_AWARE,1,124,16,64,32,32,ws,945.0,28.50574712643678,13,52446.0,True,True,
cora_gcnii16,4,0,P3_COST_AWARE,2,128,16,64,32,32,ws,961.0,28.89390519187359,13,52446.0,True,True,
cora_gcnii16,4,0,P3_COST_AWARE,3,126,16,64,32,32,ws,953.0,28.701594533029613,13,52446.0,True,True,
cora_gcnii16,4,0,P3_COST_AWARE,0,128,16,64,32,32,ws,961.0,28.89390519187359,13,52446.0,True,True,
cora_gcnii16,4,0,P3_COST_AWARE,1,120,16,64,32,32,ws,929.0,28.10304449648712,13,52446.0,True,True,
cora_gcnii16,4,0,P3_COST_AWARE,2,128,16,64,32,32,ws,961.0,28.89390519187359,13,52446.0,True,True,
cora_gcnii16,4,0,P3_COST_AWARE,3,122,16,64,32,32,ws,937.0,28.306264501160094,13,52446.0,True,True,
cora_gcnii16,4,0,P3_COST_AWARE,0,128,16,64,32,32,ws,961.0,28.89390519187359,13,52446.0,True,True,
cora_gcnii16,4,0,P3_COST_AWARE,1,120,16,64,32,32,ws,929.0,28.10304449648712,13,52446.0,True,True,
cora_gcnii16,4,0,P3_COST_AWARE,2,127,16,64,32,32,ws,957.0,28.798185941043084,13,52446.0,True,True,
cora_gcnii16,4,0,P3_COST_AWARE,3,124,16,64,32,32,ws,945.0,28.50574712643678,8,52446.0,True,True,
cora_gcnii16,4,0,P3_COST_AWARE,0,126,16,64,32,32,ws,953.0,28.701594533029613,13,52446.0,True,True,
cora_gcnii16,4,0,P3_COST_AWARE,1,128,16,64,32,32,ws,961.0,28.89390519187359,13,52446.0,True,True,
cora_gcnii16,4,0,P3_COST_AWARE,2,126,16,64,32,32,ws,953.0,28.701594533029613,13,52446.0,True,True,
cora_gcnii16,4,0,P3_COST_AWARE,3,116,16,64,32,32,ws,913.0,27.684964200477328,13,52446.0,True,True,
cora_gcnii16,4,0,P3_COST_AWARE,0,128,16,64,32,32,ws,961.0,28.89390519187359,13,52446.0,True,True,
cora_gcnii16,4,0,P3_COST_AWARE,1,128,16,64,32,32,ws,961.0,28.89390519187359,13,52446.0,True,True,
cora_gcnii16,4,0,P3_COST_AWARE,2,127,16,64,32,32,ws,957.0,28.798185941043084,13,52446.0,True,True,
cora_gcnii16,4,0,P3_COST_AWARE,3,126,16,64,32,32,ws,953.0,28.701594533029613,13,52446.0,True,True,
cora_gcnii16,4,0,P3_COST_AWARE,0,128,16,64,32,32,ws,961.0,28.89390519187359,13,52446.0,True,True,
cora_gcnii16,4,0,P3_COST_AWARE,1,128,16,64,32,32,ws,961.0,28.89390519187359,13,52446.0,True,True,
cora_gcnii16,4,0,P3_COST_AWARE,2,128,16,64,32,32,ws,961.0,28.89390519187359,13,52446.0,True,True,
cora_gcnii16,4,0,P3_COST_AWARE,3,126,16,64,32,32,ws,953.0,28.701594533029613,13,52446.0,True,True,
cora_gcnii16,4,0,P3_COST_AWARE,0,128,16,64,32,32,ws,961.0,28.89390519187359,13,52446.0,True,True,
cora_gcnii16,4,0,P3_COST_AWARE,1,128,16,64,32,32,ws,961.0,28.89390519187359,13,52446.0,True,True,
cora_gcnii16,4,0,P3_COST_AWARE,2,127,16,64,32,32,ws,957.0,28.798185941043084,13,52446.0,True,True,
cora_gcnii16,4,0,P3_COST_AWARE,3,110,16,64,32,32,ws,889.0,27.027027027027028,13,52446.0,True,True,
cora_gcnii16,4,0,P3_COST_AWARE,0,128,16,64,32,32,ws,961.0,28.89390519187359,13,52446.0,True,True,
cora_gcnii16,4,0,P3_COST_AWARE,1,128,16,64,32,32,ws,961.0,28.89390519187359,13,52446.0,True,True,
cora_gcnii16,4,0,P3_COST_AWARE,2,126,16,64,32,32,ws,953.0,28.701594533029613,13,52446.0,True,True,
cora_gcnii16,4,0,P3_COST_AWARE,3,124,16,64,32,32,ws,945.0,28.50574712643678,8,52446.0,True,True,
cora_gcnii16,4,0,P3_COST_AWARE,0,128,16,64,32,32,ws,961.0,28.89390519187359,13,52446.0,True,True,
cora_gcnii16,4,0,P3_COST_AWARE,1,128,16,64,32,32,ws,961.0,28.89390519187359,13,52446.0,True,True,
cora_gcnii16,4,0,P3_COST_AWARE,2,126,16,64,32,32,ws,953.0,28.701594533029613,13,52446.0,True,True,
cora_gcnii16,4,0,P3_COST_AWARE,3,118,16,64,32,32,ws,921.0,27.89598108747045,13,52446.0,True,True,
cora_gcnii16,4,0,P3_COST_AWARE,0,128,16,64,32,32,ws,961.0,28.89390519187359,13,52446.0,True,True,
cora_gcnii16,4,0,P3_COST_AWARE,1,128,16,64,32,32,ws,961.0,28.89390519187359,13,52446.0,True,True,
cora_gcnii16,4,0,P3_COST_AWARE,2,114,16,64,32,32,ws,905.0,27.46987951807229,13,52446.0,True,True,
cora_gcnii16,4,0,P3_COST_AWARE,3,128,16,64,32,32,ws,961.0,28.89390519187359,13,52446.0,True,True,
cora_gcnii16,4,0,P3_COST_AWARE,0,128,16,64,32,32,ws,961.0,28.89390519187359,13,52446.0,True,True,
cora_gcnii16,4,0,P3_COST_AWARE,1,128,16,64,32,32,ws,961.0,28.89390519187359,13,52446.0,True,True,
cora_gcnii16,4,0,P3_COST_AWARE,2,112,16,64,32,32,ws,897.0,27.25060827250608,13,52446.0,True,True,
cora_gcnii16,4,0,P3_COST_AWARE,3,126,16,64,32,32,ws,953.0,28.701594533029613,13,52446.0,True,True,
cora_gcnii16,4,0,P3_COST_AWARE,0,128,16,64,32,32,ws,961.0,28.89390519187359,13,52446.0,True,True,
cora_gcnii16,4,0,P3_COST_AWARE,1,128,16,64,32,32,ws,961.0,28.89390519187359,13,52446.0,True,True,
cora_gcnii16,4,0,P3_COST_AWARE,2,116,16,64,32,32,ws,913.0,27.684964200477328,13,52446.0,True,True,
cora_gcnii16,4,0,P3_COST_AWARE,3,122,16,64,32,32,ws,937.0,28.306264501160094,13,52446.0,True,True,
cora_gcnii16,4,0,P3_COST_AWARE,0,128,16,64,32,32,ws,961.0,28.89390519187359,13,52446.0,True,True,
cora_gcnii16,4,0,P3_COST_AWARE,1,128,16,64,32,32,ws,961.0,28.89390519187359,13,52446.0,True,True,
cora_gcnii16,4,0,P3_COST_AWARE,2,82,16,64,32,32,ws,777.0,23.36182336182336,13,52446.0,True,True,
cora_gcnii16,4,0,P3_COST_AWARE,3,116,16,64,32,32,ws,913.0,27.684964200477328,13,52446.0,True,True,
cora_gcnii16,4,0,P3_COST_AWARE,0,128,16,64,32,32,ws,961.0,28.89390519187359,13,52446.0,True,True,
cora_gcnii16,4,0,P3_COST_AWARE,1,128,16,64,32,32,ws,961.0,28.89390519187359,13,52446.0,True,True,
cora_gcnii16,4,0,P3_COST_AWARE,2,60,16,64,32,32,ws,689.0,19.54397394136808,13,52446.0,True,True,
cora_gcnii16,4,0,P3_COST_AWARE,3,128,16,64,32,32,ws,961.0,28.89390519187359,13,52446.0,True,True,
cora_gcnii16,4,0,P3_COST_AWARE,0,128,16,64,32,32,ws,961.0,28.89390519187359,13,52446.0,True,True,
cora_gcnii16,4,0,P3_COST_AWARE,1,128,16,64,32,32,ws,961.0,28.89390519187359,13,52446.0,True,True,
cora_gcnii16,4,0,P3_COST_AWARE,2,68,16,64,32,32,ws,721.0,21.05263157894737,13,52446.0,True,True,
cora_gcnii16,4,0,P3_COST_AWARE,3,118,16,64,32,32,ws,921.0,27.89598108747045,13,52446.0,True,True,
cora_gcnii16,4,0,P3_COST_AWARE,0,128,16,64,32,32,ws,961.0,28.89390519187359,13,52446.0,True,True,
cora_gcnii16,4,0,P3_COST_AWARE,1,128,16,64,32,32,ws,961.0,28.89390519187359,13,52446.0,True,True,
cora_gcnii16,4,0,P3_COST_AWARE,3,128,16,64,32,32,ws,961.0,28.89390519187359,13,52446.0,True,True,
cora_gcnii16,4,0,P3_COST_AWARE,0,128,32,64,32,32,ws,1223.0,57.78781038374718,13,52446.0,True,True,
cora_gcnii16,4,0,P3_COST_AWARE,1,128,32,64,32,32,ws,1223.0,57.78781038374718,13,52446.0,True,True,
cora_gcnii16,4,0,P3_COST_AWARE,0,128,32,64,32,32,ws,1223.0,57.78781038374718,13,52446.0,True,True,
cora_gcnii16,4,0,P3_COST_AWARE,1,128,32,64,32,32,ws,1223.0,57.78781038374718,13,52446.0,True,True,
cora_gcnii16,4,0,P3_COST_AWARE,0,128,32,64,32,32,ws,1223.0,57.78781038374718,13,52446.0,True,True,
cora_gcnii16,4,0,P3_COST_AWARE,1,128,32,64,32,32,ws,1223.0,57.78781038374718,13,52446.0,True,True,
cora_gcnii16,4,0,P3_COST_AWARE,0,128,32,64,32,32,ws,1223.0,57.78781038374718,13,52446.0,True,True,
cora_gcnii16,4,0,P3_COST_AWARE,1,128,32,64,32,32,ws,1223.0,57.78781038374718,13,52446.0,True,True,
cora_gcnii16,4,0,P3_COST_AWARE,0,128,32,64,32,32,ws,1223.0,57.78781038374718,13,52446.0,True,True,
cora_gcnii16,4,0,P3_COST_AWARE,1,128,32,64,32,32,ws,1223.0,57.78781038374718,13,52446.0,True,True,
cora_gcnii16,4,0,P3_COST_AWARE,0,128,32,64,32,32,ws,1223.0,57.78781038374718,13,52446.0,True,True,
cora_gcnii16,4,0,P3_COST_AWARE,1,128,32,64,32,32,ws,1223.0,57.78781038374718,13,52446.0,True,True,
cora_gcnii16,4,0,P3_COST_AWARE,0,128,32,64,32,32,ws,1223.0,57.78781038374718,13,52446.0,True,True,
cora_gcnii16,4,0,P3_COST_AWARE,1,128,32,64,32,32,ws,1223.0,57.78781038374718,13,52446.0,True,True,
cora_gcnii16,4,0,P3_COST_AWARE,0,128,32,64,32,32,ws,1223.0,57.78781038374718,13,52446.0,True,True,
cora_gcnii16,4,0,P3_COST_AWARE,1,128,32,64,32,32,ws,1223.0,57.78781038374718,13,52446.0,True,True,
cora_gcnii16,4,0,P3_COST_AWARE,0,128,32,64,32,32,ws,1223.0,57.78781038374718,13,52446.0,True,True,
cora_gcnii16,4,0,P3_COST_AWARE,1,128,32,64,32,32,ws,1223.0,57.78781038374718,13,52446.0,True,True,
cora_gcnii16,4,0,P3_COST_AWARE,0,128,32,64,32,32,ws,1223.0,57.78781038374718,13,52446.0,True,True,
cora_gcnii16,4,0,P3_COST_AWARE,1,128,32,64,32,32,ws,1223.0,57.78781038374718,13,52446.0,True,True,
cora_gcnii16,4,0,P3_COST_AWARE,0,128,32,64,32,32,ws,1223.0,57.78781038374718,13,52446.0,True,True,
cora_gcnii16,4,0,P3_COST_AWARE,1,128,32,64,32,32,ws,1223.0,57.78781038374718,13,52446.0,True,True,
cora_gcnii16,4,0,P3_COST_AWARE,0,128,32,64,32,32,ws,1223.0,57.78781038374718,13,52446.0,True,True,
cora_gcnii16,4,0,P3_COST_AWARE,1,128,32,64,32,32,ws,1223.0,57.78781038374718,13,52446.0,True,True,
cora_gcnii16,4,0,P3_COST_AWARE,0,128,32,64,32,32,ws,1223.0,57.78781038374718,13,52446.0,True,True,
cora_gcnii16,4,0,P3_COST_AWARE,1,128,32,64,32,32,ws,1223.0,57.78781038374718,13,52446.0,True,True,
cora_gcnii16,4,0,P3_COST_AWARE,0,128,32,64,32,32,ws,1223.0,57.78781038374718,13,52446.0,True,True,
cora_gcnii16,4,0,P3_COST_AWARE,1,128,32,64,32,32,ws,1223.0,57.78781038374718,13,52446.0,True,True,
cora_gcnii16,4,0,P3_COST_AWARE,0,128,32,64,32,32,ws,1223.0,57.78781038374718,13,52446.0,True,True,
cora_gcnii16,4,0,P3_COST_AWARE,1,128,32,64,32,32,ws,1223.0,57.78781038374718,13,52446.0,True,True,
cora_gcnii16,4,0,P3_COST_AWARE,0,128,32,64,32,32,ws,1223.0,57.78781038374718,13,52446.0,True,True,
cora_gcnii16,4,0,P3_COST_AWARE,1,128,32,64,32,32,ws,1223.0,57.78781038374718,13,52446.0,True,True,
cora_gcnii16,4,0,P3_COST_AWARE,0,128,32,64,32,32,ws,1223.0,57.78781038374718,13,52446.0,True,True,
cora_gcnii16,4,0,P3_COST_AWARE,1,128,32,64,32,32,ws,1223.0,57.78781038374718,13,52446.0,True,True,
cora_gcnii16,4,0,P3_COST_AWARE,0,128,32,64,32,32,ws,1223.0,57.78781038374718,13,52446.0,True,True,
cora_gcnii16,4,0,P3_COST_AWARE,1,128,32,64,32,32,ws,1223.0,57.78781038374718,13,52446.0,True,True,
cora_gcnii16,4,0,P3_COST_AWARE,0,128,32,64,32,32,ws,1223.0,57.78781038374718,13,52446.0,True,True,
cora_gcnii16,4,0,P3_COST_AWARE,1,128,32,64,32,32,ws,1223.0,57.78781038374718,13,52446.0,True,True,
cora_gcnii16,4,0,P3_COST_AWARE,0,128,32,64,32,32,ws,1223.0,57.78781038374718,13,52446.0,True,True,
cora_gcnii16,4,0,P3_COST_AWARE,1,128,32,64,32,32,ws,1223.0,57.78781038374718,13,52446.0,True,True,
cora_gcnii16,4,0,P3_COST_AWARE,0,128,32,64,32,32,ws,1223.0,57.78781038374718,13,52446.0,True,True,
cora_gcnii16,4,0,P3_COST_AWARE,1,128,32,64,32,32,ws,1223.0,57.78781038374718,13,52446.0,True,True,
cora_gcnii16,4,0,P3_COST_AWARE,1,20,32,64,32,32,ws,529.0,17.621145374449338,13,52446.0,True,True,
pubmed_gcnii16,4,0,P3_COST_AWARE,1,116,8,64,32,32,ws,913.0,13.842482100238664,13,377777.0,True,True,
pubmed_gcnii16,4,0,P3_COST_AWARE,2,122,8,64,32,32,ws,937.0,14.153132250580049,13,377777.0,True,True,
pubmed_gcnii16,4,0,P3_COST_AWARE,5,92,8,64,32,32,ws,817.0,12.398921832884096,13,377777.0,True,True,
pubmed_gcnii16,4,0,P3_COST_AWARE,6,84,8,64,32,32,ws,785.0,11.830985915492958,13,377777.0,True,True,
pubmed_gcnii16,4,0,P3_COST_AWARE,7,80,8,64,32,32,ws,769.0,11.527377521613833,13,377777.0,True,True,
pubmed_gcnii16,4,0,P3_COST_AWARE,0,102,8,64,32,32,ws,857.0,13.043478260869565,13,377777.0,True,True,
pubmed_gcnii16,4,0,P3_COST_AWARE,1,99,8,64,32,32,ws,845.0,12.857142857142858,13,377777.0,True,True,
pubmed_gcnii16,4,0,P3_COST_AWARE,2,100,8,64,32,32,ws,849.0,12.919896640826874,13,377777.0,True,True,
pubmed_gcnii16,4,0,P3_COST_AWARE,0,92,8,64,32,32,ws,817.0,12.398921832884096,13,377777.0,True,True,
pubmed_gcnii16,4,0,P3_COST_AWARE,1,118,8,64,32,32,ws,921.0,13.947990543735225,13,377777.0,True,True,
pubmed_gcnii16,4,0,P3_COST_AWARE,2,124,8,64,32,32,ws,945.0,14.25287356321839,13,377777.0,True,True,
pubmed_gcnii16,4,0,P3_COST_AWARE,1,103,8,64,32,32,ws,861.0,13.104325699745548,13,377777.0,True,True,
pubmed_gcnii16,4,0,P3_COST_AWARE,2,94,8,64,32,32,ws,825.0,12.533333333333331,13,377777.0,True,True,
pubmed_gcnii16,4,0,P3_COST_AWARE,5,96,8,64,32,32,ws,833.0,12.66490765171504,13,377777.0,True,True,
pubmed_gcnii16,4,0,P3_COST_AWARE,6,88,8,64,32,32,ws,801.0,12.12121212121212,13,377777.0,True,True,
pubmed_gcnii16,4,0,P3_COST_AWARE,0,112,8,64,32,32,ws,897.0,13.62530413625304,13,377777.0,True,True,
pubmed_gcnii16,4,0,P3_COST_AWARE,1,105,8,64,32,32,ws,869.0,13.224181360201513,13,377777.0,True,True,
pubmed_gcnii16,4,0,P3_COST_AWARE,5,92,8,64,32,32,ws,817.0,12.398921832884096,13,377777.0,True,True,
pubmed_gcnii16,4,0,P3_COST_AWARE,1,92,8,64,32,32,ws,817.0,12.398921832884096,13,377777.0,True,True,
pubmed_gcnii16,4,0,P3_COST_AWARE,5,110,8,64,32,32,ws,889.0,13.513513513513514,13,377777.0,True,True,
pubmed_gcnii16,4,0,P3_COST_AWARE,6,95,8,64,32,32,ws,829.0,12.59946949602122,13,377777.0,True,True,
pubmed_gcnii16,4,0,P3_COST_AWARE,7,87,8,64,32,32,ws,797.0,12.049861495844876,13,377777.0,True,True,
pubmed_gcnii16,4,0,P3_COST_AWARE,1,100,8,64,32,32,ws,849.0,12.919896640826874,13,377777.0,True,True,
pubmed_gcnii16,4,0,P3_COST_AWARE,3,112,8,64,32,32,ws,897.0,13.62530413625304,13,377777.0,True,True,
pubmed_gcnii16,4,0,P3_COST_AWARE,5,96,8,64,32,32,ws,833.0,12.66490765171504,13,377777.0,True,True,
pubmed_gcnii16,4,0,P3_COST_AWARE,6,78,8,64,32,32,ws,761.0,11.370262390670554,13,377777.0,True,True,
pubmed_gcnii16,4,0,P3_COST_AWARE,0,116,8,64,32,32,ws,913.0,13.842482100238664,13,377777.0,True,True,
pubmed_gcnii16,4,0,P3_COST_AWARE,1,96,8,64,32,32,ws,833.0,12.66490765171504,13,377777.0,True,True,
pubmed_gcnii16,4,0,P3_COST_AWARE,3,92,8,64,32,32,ws,817.0,12.398921832884096,13,377777.0,True,True,
pubmed_gcnii16,4,0,P3_COST_AWARE,0,116,8,64,32,32,ws,913.0,13.842482100238664,13,377777.0,True,True,
pubmed_gcnii16,4,0,P3_COST_AWARE,1,104,8,64,32,32,ws,865.0,13.164556962025316,13,377777.0,True,True,
pubmed_gcnii16,4,0,P3_COST_AWARE,2,88,8,64,32,32,ws,801.0,12.12121212121212,13,377777.0,True,True,
pubmed_gcnii16,4,0,P3_COST_AWARE,3,100,8,64,32,32,ws,849.0,12.919896640826874,13,377777.0,True,True,
pubmed_gcnii16,4,0,P3_COST_AWARE,0,112,8,64,32,32,ws,897.0,13.62530413625304,13,377777.0,True,True,
pubmed_gcnii16,4,0,P3_COST_AWARE,1,104,8,64,32,32,ws,865.0,13.164556962025316,13,377777.0,True,True,
pubmed_gcnii16,4,0,P3_COST_AWARE,2,106,8,64,32,32,ws,873.0,13.283208020050123,13,377777.0,True,True,
pubmed_gcnii16,4,0,P3_COST_AWARE,0,95,8,64,32,32,ws,829.0,12.59946949602122,13,377777.0,True,True,
pubmed_gcnii16,4,0,P3_COST_AWARE,1,117,8,64,32,32,ws,917.0,13.895486935866984,13,377777.0,True,True,
pubmed_gcnii16,4,0,P3_COST_AWARE,2,124,8,64,32,32,ws,945.0,14.25287356321839,13,377777.0,True,True,
pubmed_gcnii16,4,0,P3_COST_AWARE,0,108,8,64,32,32,ws,881.0,13.399503722084368,13,377777.0,True,True,
pubmed_gcnii16,4,0,P3_COST_AWARE,1,127,8,64,32,32,ws,957.0,14.399092970521542,13,377777.0,True,True,
pubmed_gcnii16,4,0,P3_COST_AWARE,2,128,8,64,32,32,ws,961.0,14.446952595936796,13,377777.0,True,True,
pubmed_gcnii16,4,0,P3_COST_AWARE,5,100,8,64,32,32,ws,849.0,12.919896640826874,13,377777.0,True,True,
pubmed_gcnii16,4,0,P3_COST_AWARE,6,100,8,64,32,32,ws,849.0,12.919896640826874,13,377777.0,True,True,
pubmed_gcnii16,4,0,P3_COST_AWARE,7,97,8,64,32,32,ws,837.0,12.729658792650918,13,377777.0,True,True,
pubmed_gcnii16,4,0,P3_COST_AWARE,1,127,8,64,32,32,ws,957.0,14.399092970521542,13,377777.0,True,True,
pubmed_gcnii16,4,0,P3_COST_AWARE,2,126,8,64,32,32,ws,953.0,14.350797266514808,13,377777.0,True,True,
pubmed_gcnii16,4,0,P3_COST_AWARE,5,99,8,64,32,32,ws,845.0,12.857142857142858,13,377777.0,True,True,
pubmed_gcnii16,4,0,P3_COST_AWARE,6,99,8,64,32,32,ws,845.0,12.857142857142858,13,377777.0,True,True,
pubmed_gcnii16,4,0,P3_COST_AWARE,7,98,8,64,32,32,ws,841.0,12.79373368146214,13,377777.0,True,True,
pubmed_gcnii16,4,0,P3_COST_AWARE,1,108,8,64,32,32,ws,881.0,13.399503722084368,13,377777.0,True,True,
pubmed_gcnii16,4,0,P3_COST_AWARE,3,110,8,64,32,32,ws,889.0,13.513513513513514,13,377777.0,True,True,
pubmed_gcnii16,4,0,P3_COST_AWARE,5,101,8,64,32,32,ws,853.0,12.982005141388177,13,377777.0,True,True,
pubmed_gcnii16,4,0,P3_COST_AWARE,6,96,8,64,32,32,ws,833.0,12.66490765171504,13,377777.0,True,True,
pubmed_gcnii16,4,0,P3_COST_AWARE,7,92,8,64,32,32,ws,817.0,12.398921832884096,13,377777.0,True,True,
pubmed_gcnii16,4,0,P3_COST_AWARE,3,128,8,64,32,32,ws,961.0,14.446952595936796,13,377777.0,True,True,
pubmed_gcnii16,4,0,P3_COST_AWARE,5,126,8,64,32,32,ws,953.0,14.350797266514808,12,377777.0,True,True,
pubmed_gcnii16,4,0,P3_COST_AWARE,6,84,8,64,32,32,ws,785.0,11.830985915492958,13,377777.0,True,True,
pubmed_gcnii16,4,0,P3_COST_AWARE,7,82,8,64,32,32,ws,777.0,11.68091168091168,13,377777.0,True,True,
pubmed_gcnii16,4,0,P3_COST_AWARE,0,120,8,64,32,32,ws,929.0,14.05152224824356,13,377777.0,True,True,
pubmed_gcnii16,4,0,P3_COST_AWARE,3,128,8,64,32,32,ws,961.0,14.446952595936796,13,377777.0,True,True,
pubmed_gcnii16,4,0,P3_COST_AWARE,5,110,8,64,32,32,ws,889.0,13.513513513513514,10,377777.0,True,True,
pubmed_gcnii16,4,0,P3_COST_AWARE,0,124,8,64,32,32,ws,945.0,14.25287356321839,13,377777.0,True,True,
pubmed_gcnii16,4,0,P3_COST_AWARE,3,128,8,64,32,32,ws,961.0,14.446952595936796,13,377777.0,True,True,
pubmed_gcnii16,4,0,P3_COST_AWARE,5,124,8,64,32,32,ws,945.0,14.25287356321839,10,377777.0,True,True,
pubmed_gcnii16,4,0,P3_COST_AWARE,0,112,8,64,32,32,ws,897.0,13.62530413625304,13,377777.0,True,True,
pubmed_gcnii16,4,0,P3_COST_AWARE,3,104,8,64,32,32,ws,865.0,13.164556962025316,13,377777.0,True,True,
pubmed_gcnii16,4,0,P3_COST_AWARE,5,109,8,64,32,32,ws,885.0,13.45679012345679,9,377777.0,True,True,
pubmed_gcnii16,4,0,P3_COST_AWARE,0,124,8,64,32,32,ws,945.0,14.25287356321839,13,377777.0,True,True,
pubmed_gcnii16,4,0,P3_COST_AWARE,3,108,8,64,32,32,ws,881.0,13.399503722084368,13,377777.0,True,True,
pubmed_gcnii16,4,0,P3_COST_AWARE,5,100,8,64,32,32,ws,849.0,12.919896640826874,11,377777.0,True,True,
pubmed_gcnii16,4,0,P3_COST_AWARE,0,100,8,64,32,32,ws,849.0,12.919896640826874,13,377777.0,True,True,
pubmed_gcnii16,4,0,P3_COST_AWARE,1,104,8,64,32,32,ws,865.0,13.164556962025316,13,377777.0,True,True,
pubmed_gcnii16,4,0,P3_COST_AWARE,2,112,8,64,32,32,ws,897.0,13.62530413625304,13,377777.0,True,True,
pubmed_gcnii16,4,0,P3_COST_AWARE,3,115,8,64,32,32,ws,909.0,13.788968824940047,13,377777.0,True,True,
pubmed_gcnii16,4,0,P3_COST_AWARE,1,88,8,64,32,32,ws,801.0,12.12121212121212,13,377777.0,True,True,
pubmed_gcnii16,4,0,P3_COST_AWARE,3,100,8,64,32,32,ws,849.0,12.919896640826874,13,377777.0,True,True,
pubmed_gcnii16,4,0,P3_COST_AWARE,5,115,8,64,32,32,ws,909.0,13.788968824940047,12,377777.0,True,True,
pubmed_gcnii16,4,0,P3_COST_AWARE,0,120,8,64,32,32,ws,929.0,14.05152224824356,13,377777.0,True,True,
pubmed_gcnii16,4,0,P3_COST_AWARE,3,123,8,64,32,32,ws,941.0,14.20323325635104,13,377777.0,True,True,
pubmed_gcnii16,4,0,P3_COST_AWARE,5,114,8,64,32,32,ws,905.0,13.734939759036145,11,377777.0,True,True,
pubmed_gcnii16,4,0,P3_COST_AWARE,0,127,8,64,32,32,ws,957.0,14.399092970521542,13,377777.0,True,True,
pubmed_gcnii16,4,0,P3_COST_AWARE,1,94,8,64,32,32,ws,825.0,12.533333333333331,13,377777.0,True,True,
pubmed_gcnii16,4,0,P3_COST_AWARE,2,95,8,64,32,32,ws,829.0,12.59946949602122,13,377777.0,True,True,
pubmed_gcnii16,4,0,P3_COST_AWARE,3,120,8,64,32,32,ws,929.0,14.05152224824356,13,377777.0,True,True,
pubmed_gcnii16,4,0,P3_COST_AWARE,0,124,8,64,32,32,ws,945.0,14.25287356321839,13,377777.0,True,True,
pubmed_gcnii16,4,0,P3_COST_AWARE,3,122,8,64,32,32,ws,937.0,14.153132250580049,13,377777.0,True,True,
pubmed_gcnii16,4,0,P3_COST_AWARE,5,100,8,64,32,32,ws,849.0,12.919896640826874,10,377777.0,True,True,
pubmed_gcnii16,4,0,P3_COST_AWARE,0,126,8,64,32,32,ws,953.0,14.350797266514808,13,377777.0,True,True,
pubmed_gcnii16,4,0,P3_COST_AWARE,2,95,8,64,32,32,ws,829.0,12.59946949602122,13,377777.0,True,True,
pubmed_gcnii16,4,0,P3_COST_AWARE,3,96,8,64,32,32,ws,833.0,12.66490765171504,13,377777.0,True,True,
pubmed_gcnii16,4,0,P3_COST_AWARE,0,124,8,64,32,32,ws,945.0,14.25287356321839,13,377777.0,True,True,
pubmed_gcnii16,4,0,P3_COST_AWARE,3,116,8,64,32,32,ws,913.0,13.842482100238664,13,377777.0,True,True,
pubmed_gcnii16,4,0,P3_COST_AWARE,0,100,8,64,32,32,ws,849.0,12.919896640826874,13,377777.0,True,True,
pubmed_gcnii16,4,0,P3_COST_AWARE,1,111,8,64,32,32,ws,893.0,13.569682151589245,13,377777.0,True,True,
pubmed_gcnii16,4,0,P3_COST_AWARE,3,116,8,64,32,32,ws,913.0,13.842482100238664,13,377777.0,True,True,
pubmed_gcnii16,4,0,P3_COST_AWARE,5,92,8,64,32,32,ws,817.0,12.398921832884096,12,377777.0,True,True,
pubmed_gcnii16,4,0,P3_COST_AWARE,3,128,8,64,32,32,ws,961.0,14.446952595936796,13,377777.0,True,True,
pubmed_gcnii16,4,0,P3_COST_AWARE,5,127,8,64,32,32,ws,957.0,14.399092970521542,12,377777.0,True,True,
pubmed_gcnii16,4,0,P3_COST_AWARE,6,96,8,64,32,32,ws,833.0,12.66490765171504,10,377777.0,True,True,
pubmed_gcnii16,4,0,P3_COST_AWARE,0,128,8,64,32,32,ws,961.0,14.446952595936796,13,377777.0,True,True,
pubmed_gcnii16,4,0,P3_COST_AWARE,3,120,8,64,32,32,ws,929.0,14.05152224824356,13,377777.0,True,True,
pubmed_gcnii16,4,0,P3_COST_AWARE,1,117,8,64,32,32,ws,917.0,13.895486935866984,13,377777.0,True,True,
pubmed_gcnii16,4,0,P3_COST_AWARE,2,110,8,64,32,32,ws,889.0,13.513513513513514,13,377777.0,True,True,
pubmed_gcnii16,4,0,P3_COST_AWARE,5,104,8,64,32,32,ws,865.0,13.164556962025316,13,377777.0,True,True,
pubmed_gcnii16,4,0,P3_COST_AWARE,6,99,8,64,32,32,ws,845.0,12.857142857142858,13,377777.0,True,True,
pubmed_gcnii16,4,0,P3_COST_AWARE,7,87,8,64,32,32,ws,797.0,12.049861495844876,13,377777.0,True,True,
pubmed_gcnii16,4,0,P3_COST_AWARE,1,108,8,64,32,32,ws,881.0,13.399503722084368,13,377777.0,True,True,
pubmed_gcnii16,4,0,P3_COST_AWARE,2,110,8,64,32,32,ws,889.0,13.513513513513514,13,377777.0,True,True,
pubmed_gcnii16,4,0,P3_COST_AWARE,5,108,8,64,32,32,ws,881.0,13.399503722084368,13,377777.0,True,True,
pubmed_gcnii16,4,0,P3_COST_AWARE,6,98,8,64,32,32,ws,841.0,12.79373368146214,13,377777.0,True,True,
pubmed_gcnii16,4,0,P3_COST_AWARE,7,92,8,64,32,32,ws,817.0,12.398921832884096,13,377777.0,True,True,
pubmed_gcnii16,4,0,P3_COST_AWARE,1,107,8,64,32,32,ws,877.0,13.341645885286782,13,377777.0,True,True,
pubmed_gcnii16,4,0,P3_COST_AWARE,3,128,8,64,32,32,ws,961.0,14.446952595936796,13,377777.0,True,True,
pubmed_gcnii16,4,0,P3_COST_AWARE,5,128,8,64,32,32,ws,961.0,14.446952595936796,13,377777.0,True,True,
pubmed_gcnii16,4,0,P3_COST_AWARE,6,127,8,64,32,32,ws,957.0,14.399092970521542,13,377777.0,True,True,
pubmed_gcnii16,4,0,P3_COST_AWARE,7,125,8,64,32,32,ws,949.0,14.302059496567503,13,377777.0,True,True,
pubmed_gcnii16,4,0,P3_COST_AWARE,1,112,8,64,32,32,ws,897.0,13.62530413625304,13,377777.0,True,True,
pubmed_gcnii16,4,0,P3_COST_AWARE,3,104,8,64,32,32,ws,865.0,13.164556962025316,13,377777.0,True,True,
pubmed_gcnii16,4,0,P3_COST_AWARE,5,116,8,64,32,32,ws,913.0,13.842482100238664,13,377777.0,True,True,
pubmed_gcnii16,4,0,P3_COST_AWARE,6,112,8,64,32,32,ws,897.0,13.62530413625304,13,377777.0,True,True,
pubmed_gcnii16,4,0,P3_COST_AWARE,7,103,8,64,32,32,ws,861.0,13.104325699745548,13,377777.0,True,True,
pubmed_gcnii16,4,0,P3_COST_AWARE,0,112,8,64,32,32,ws,897.0,13.62530413625304,13,377777.0,True,True,
pubmed_gcnii16,4,0,P3_COST_AWARE,1,108,8,64,32,32,ws,881.0,13.399503722084368,13,377777.0,True,True,
pubmed_gcnii16,4,0,P3_COST_AWARE,2,112,8,64,32,32,ws,897.0,13.62530413625304,13,377777.0,True,True,
pubmed_gcnii16,4,0,P3_COST_AWARE,0,124,8,64,32,32,ws,945.0,14.25287356321839,13,377777.0,True,True,
pubmed_gcnii16,4,0,P3_COST_AWARE,1,116,8,64,32,32,ws,913.0,13.842482100238664,13,377777.0,True,True,
pubmed_gcnii16,4,0,P3_COST_AWARE,2,114,8,64,32,32,ws,905.0,13.734939759036145,13,377777.0,True,True,
pubmed_gcnii16,4,0,P3_COST_AWARE,3,98,8,64,32,32,ws,841.0,12.79373368146214,13,377777.0,True,True,
pubmed_gcnii16,4,0,P3_COST_AWARE,0,120,8,64,32,32,ws,929.0,14.05152224824356,13,377777.0,True,True,
pubmed_gcnii16,4,0,P3_COST_AWARE,1,126,8,64,32,32,ws,953.0,14.350797266514808,13,377777.0,True,True,
pubmed_gcnii16,4,0,P3_COST_AWARE,2,114,8,64,32,32,ws,905.0,13.734939759036145,13,377777.0,True,True,
pubmed_gcnii16,4,0,P3_COST_AWARE,5,104,8,64,32,32,ws,865.0,13.164556962025316,13,377777.0,True,True,
pubmed_gcnii16,4,0,P3_COST_AWARE,6,105,8,64,32,32,ws,869.0,13.224181360201513,13,377777.0,True,True,
pubmed_gcnii16,4,0,P3_COST_AWARE,7,96,8,64,32,32,ws,833.0,12.66490765171504,13,377777.0,True,True,
pubmed_gcnii16,4,0,P3_COST_AWARE,0,110,8,64,32,32,ws,889.0,13.513513513513514,13,377777.0,True,True,
pubmed_gcnii16,4,0,P3_COST_AWARE,1,112,8,64,32,32,ws,897.0,13.62530413625304,13,377777.0,True,True,
pubmed_gcnii16,4,0,P3_COST_AWARE,2,111,8,64,32,32,ws,893.0,13.569682151589245,13,377777.0,True,True,
pubmed_gcnii16,4,0,P3_COST_AWARE,5,100,8,64,32,32,ws,849.0,12.919896640826874,13,377777.0,True,True,
pubmed_gcnii16,4,0,P3_COST_AWARE,6,96,8,64,32,32,ws,833.0,12.66490765171504,13,377777.0,True,True,
pubmed_gcnii16,4,0,P3_COST_AWARE,0,127,8,64,32,32,ws,957.0,14.399092970521542,13,377777.0,True,True,
pubmed_gcnii16,4,0,P3_COST_AWARE,1,123,8,64,32,32,ws,941.0,14.20323325635104,13,377777.0,True,True,
pubmed_gcnii16,4,0,P3_COST_AWARE,2,120,8,64,32,32,ws,929.0,14.05152224824356,13,377777.0,True,True,
pubmed_gcnii16,4,0,P3_COST_AWARE,0,126,8,64,32,32,ws,953.0,14.350797266514808,13,377777.0,True,True,
pubmed_gcnii16,4,0,P3_COST_AWARE,1,123,8,64,32,32,ws,941.0,14.20323325635104,13,377777.0,True,True,
pubmed_gcnii16,4,0,P3_COST_AWARE,2,124,8,64,32,32,ws,945.0,14.25287356321839,13,377777.0,True,True,
pubmed_gcnii16,4,0,P3_COST_AWARE,3,107,8,64,32,32,ws,877.0,13.341645885286782,13,377777.0,True,True,
pubmed_gcnii16,4,0,P3_COST_AWARE,0,119,8,64,32,32,ws,925.0,14.0,13,377777.0,True,True,
pubmed_gcnii16,4,0,P3_COST_AWARE,1,115,8,64,32,32,ws,909.0,13.788968824940047,13,377777.0,True,True,
pubmed_gcnii16,4,0,P3_COST_AWARE,3,99,8,64,32,32,ws,845.0,12.857142857142858,13,377777.0,True,True,
pubmed_gcnii16,4,0,P3_COST_AWARE,5,103,8,64,32,32,ws,861.0,13.104325699745548,13,377777.0,True,True,
pubmed_gcnii16,4,0,P3_COST_AWARE,6,100,8,64,32,32,ws,849.0,12.919896640826874,13,377777.0,True,True,
pubmed_gcnii16,4,0,P3_COST_AWARE,7,96,8,64,32,32,ws,833.0,12.66490765171504,13,377777.0,True,True,
pubmed_gcnii16,4,0,P3_COST_AWARE,3,128,8,64,32,32,ws,961.0,14.446952595936796,13,377777.0,True,True,
pubmed_gcnii16,4,0,P3_COST_AWARE,5,127,8,64,32,32,ws,957.0,14.399092970521542,12,377777.0,True,True,
pubmed_gcnii16,4,0,P3_COST_AWARE,6,104,8,64,32,32,ws,865.0,13.164556962025316,11,377777.0,True,True,
pubmed_gcnii16,4,0,P3_COST_AWARE,3,128,8,64,32,32,ws,961.0,14.446952595936796,13,377777.0,True,True,
pubmed_gcnii16,4,0,P3_COST_AWARE,5,128,8,64,32,32,ws,961.0,14.446952595936796,12,377777.0,True,True,
pubmed_gcnii16,4,0,P3_COST_AWARE,6,100,8,64,32,32,ws,849.0,12.919896640826874,12,377777.0,True,True,
pubmed_gcnii16,4,0,P3_COST_AWARE,0,128,8,64,32,32,ws,961.0,14.446952595936796,13,377777.0,True,True,
pubmed_gcnii16,4,0,P3_COST_AWARE,1,108,8,64,32,32,ws,881.0,13.399503722084368,13,377777.0,True,True,
pubmed_gcnii16,4,0,P3_COST_AWARE,2,107,8,64,32,32,ws,877.0,13.341645885286782,13,377777.0,True,True,
pubmed_gcnii16,4,0,P3_COST_AWARE,0,124,8,64,32,32,ws,945.0,14.25287356321839,13,377777.0,True,True,
pubmed_gcnii16,4,0,P3_COST_AWARE,1,125,8,64,32,32,ws,949.0,14.302059496567503,13,377777.0,True,True,
pubmed_gcnii16,4,0,P3_COST_AWARE,2,125,8,64,32,32,ws,949.0,14.302059496567503,13,377777.0,True,True,
pubmed_gcnii16,4,0,P3_COST_AWARE,0,127,8,64,32,32,ws,957.0,14.399092970521542,13,377777.0,True,True,
pubmed_gcnii16,4,0,P3_COST_AWARE,1,120,8,64,32,32,ws,929.0,14.05152224824356,13,377777.0,True,True,
pubmed_gcnii16,4,0,P3_COST_AWARE,2,125,8,64,32,32,ws,949.0,14.302059496567503,13,377777.0,True,True,
pubmed_gcnii16,4,0,P3_COST_AWARE,3,112,8,64,32,32,ws,897.0,13.62530413625304,13,377777.0,True,True,
pubmed_gcnii16,4,0,P3_COST_AWARE,0,128,8,64,32,32,ws,961.0,14.446952595936796,13,377777.0,True,True,
pubmed_gcnii16,4,0,P3_COST_AWARE,1,128,8,64,32,32,ws,961.0,14.446952595936796,13,377777.0,True,True,
pubmed_gcnii16,4,0,P3_COST_AWARE,2,128,8,64,32,32,ws,961.0,14.446952595936796,13,377777.0,True,True,
pubmed_gcnii16,4,0,P3_COST_AWARE,0,128,8,64,32,32,ws,961.0,14.446952595936796,13,377777.0,True,True,
pubmed_gcnii16,4,0,P3_COST_AWARE,1,100,8,64,32,32,ws,849.0,12.919896640826874,13,377777.0,True,True,
pubmed_gcnii16,4,0,P3_COST_AWARE,2,99,8,64,32,32,ws,845.0,12.857142857142858,13,377777.0,True,True,
pubmed_gcnii16,4,0,P3_COST_AWARE,0,126,8,64,32,32,ws,953.0,14.350797266514808,13,377777.0,True,True,
pubmed_gcnii16,4,0,P3_COST_AWARE,3,128,8,64,32,32,ws,961.0,14.446952595936796,13,377777.0,True,True,
pubmed_gcnii16,4,0,P3_COST_AWARE,5,128,8,64,32,32,ws,961.0,14.446952595936796,9,377777.0,True,True,
pubmed_gcnii16,4,0,P3_COST_AWARE,0,128,8,64,32,32,ws,961.0,14.446952595936796,13,377777.0,True,True,
pubmed_gcnii16,4,0,P3_COST_AWARE,1,106,8,64,32,32,ws,873.0,13.283208020050123,13,377777.0,True,True,
pubmed_gcnii16,4,0,P3_COST_AWARE,2,103,8,64,32,32,ws,861.0,13.104325699745548,13,377777.0,True,True,
pubmed_gcnii16,4,0,P3_COST_AWARE,3,124,8,64,32,32,ws,945.0,14.25287356321839,13,377777.0,True,True,
pubmed_gcnii16,4,0,P3_COST_AWARE,0,124,8,64,32,32,ws,945.0,14.25287356321839,13,377777.0,True,True,
pubmed_gcnii16,4,0,P3_COST_AWARE,1,119,8,64,32,32,ws,925.0,14.0,13,377777.0,True,True,
pubmed_gcnii16,4,0,P3_COST_AWARE,2,116,8,64,32,32,ws,913.0,13.842482100238664,13,377777.0,True,True,
pubmed_gcnii16,4,0,P3_COST_AWARE,0,128,8,64,32,32,ws,961.0,14.446952595936796,13,377777.0,True,True,
pubmed_gcnii16,4,0,P3_COST_AWARE,1,104,8,64,32,32,ws,865.0,13.164556962025316,13,377777.0,True,True,
pubmed_gcnii16,4,0,P3_COST_AWARE,2,112,8,64,32,32,ws,897.0,13.62530413625304,13,377777.0,True,True,
pubmed_gcnii16,4,0,P3_COST_AWARE,3,104,8,64,32,32,ws,865.0,13.164556962025316,13,377777.0,True,True,
pubmed_gcnii16,4,0,P3_COST_AWARE,0,127,8,64,32,32,ws,957.0,14.399092970521542,13,377777.0,True,True,
pubmed_gcnii16,4,0,P3_COST_AWARE,1,112,8,64,32,32,ws,897.0,13.62530413625304,13,377777.0,True,True,
pubmed_gcnii16,4,0,P3_COST_AWARE,2,112,8,64,32,32,ws,897.0,13.62530413625304,13,377777.0,True,True,
pubmed_gcnii16,4,0,P3_COST_AWARE,0,115,8,64,32,32,ws,909.0,13.788968824940047,13,377777.0,True,True,
pubmed_gcnii16,4,0,P3_COST_AWARE,1,126,8,64,32,32,ws,953.0,14.350797266514808,13,377777.0,True,True,
pubmed_gcnii16,4,0,P3_COST_AWARE,2,128,8,64,32,32,ws,961.0,14.446952595936796,13,377777.0,True,True,
pubmed_gcnii16,4,0,P3_COST_AWARE,0,127,8,64,32,32,ws,957.0,14.399092970521542,13,377777.0,True,True,
pubmed_gcnii16,4,0,P3_COST_AWARE,1,108,8,64,32,32,ws,881.0,13.399503722084368,13,377777.0,True,True,
pubmed_gcnii16,4,0,P3_COST_AWARE,2,107,8,64,32,32,ws,877.0,13.341645885286782,13,377777.0,True,True,
pubmed_gcnii16,4,0,P3_COST_AWARE,3,114,8,64,32,32,ws,905.0,13.734939759036145,13,377777.0,True,True,
pubmed_gcnii16,4,0,P3_COST_AWARE,0,128,8,64,32,32,ws,961.0,14.446952595936796,13,377777.0,True,True,
pubmed_gcnii16,4,0,P3_COST_AWARE,1,128,8,64,32,32,ws,961.0,14.446952595936796,13,377777.0,True,True,
pubmed_gcnii16,4,0,P3_COST_AWARE,2,128,8,64,32,32,ws,961.0,14.446952595936796,13,377777.0,True,True,
pubmed_gcnii16,4,0,P3_COST_AWARE,0,128,8,64,32,32,ws,961.0,14.446952595936796,13,377777.0,True,True,
pubmed_gcnii16,4,0,P3_COST_AWARE,1,127,8,64,32,32,ws,957.0,14.399092970521542,13,377777.0,True,True,
pubmed_gcnii16,4,0,P3_COST_AWARE,2,128,8,64,32,32,ws,961.0,14.446952595936796,13,377777.0,True,True,
pubmed_gcnii16,4,0,P3_COST_AWARE,0,128,8,64,32,32,ws,961.0,14.446952595936796,13,377777.0,True,True,
pubmed_gcnii16,4,0,P3_COST_AWARE,1,128,8,64,32,32,ws,961.0,14.446952595936796,13,377777.0,True,True,
pubmed_gcnii16,4,0,P3_COST_AWARE,2,128,8,64,32,32,ws,961.0,14.446952595936796,13,377777.0,True,True,
pubmed_gcnii16,4,0,P3_COST_AWARE,0,128,8,64,32,32,ws,961.0,14.446952595936796,13,377777.0,True,True,
pubmed_gcnii16,4,0,P3_COST_AWARE,1,128,8,64,32,32,ws,961.0,14.446952595936796,13,377777.0,True,True,
pubmed_gcnii16,4,0,P3_COST_AWARE,2,128,8,64,32,32,ws,961.0,14.446952595936796,13,377777.0,True,True,
pubmed_gcnii16,4,0,P3_COST_AWARE,0,128,8,64,32,32,ws,961.0,14.446952595936796,13,377777.0,True,True,
pubmed_gcnii16,4,0,P3_COST_AWARE,1,128,8,64,32,32,ws,961.0,14.446952595936796,13,377777.0,True,True,
pubmed_gcnii16,4,0,P3_COST_AWARE,2,128,8,64,32,32,ws,961.0,14.446952595936796,13,377777.0,True,True,
pubmed_gcnii16,4,0,P3_COST_AWARE,4,128,8,64,32,32,ws,961.0,14.446952595936796,13,377777.0,True,True,
pubmed_gcnii16,4,0,P3_COST_AWARE,0,128,8,64,32,32,ws,961.0,14.446952595936796,13,377777.0,True,True,
pubmed_gcnii16,4,0,P3_COST_AWARE,1,128,8,64,32,32,ws,961.0,14.446952595936796,13,377777.0,True,True,
pubmed_gcnii16,4,0,P3_COST_AWARE,2,128,8,64,32,32,ws,961.0,14.446952595936796,13,377777.0,True,True,
pubmed_gcnii16,4,0,P3_COST_AWARE,3,116,8,64,32,32,ws,913.0,13.842482100238664,13,377777.0,True,True,
pubmed_gcnii16,4,0,P3_COST_AWARE,0,100,8,64,32,32,ws,849.0,12.919896640826874,13,377777.0,True,True,
pubmed_gcnii16,4,0,P3_COST_AWARE,1,128,8,64,32,32,ws,961.0,14.446952595936796,13,377777.0,True,True,
pubmed_gcnii16,4,0,P3_COST_AWARE,2,127,8,64,32,32,ws,957.0,14.399092970521542,13,377777.0,True,True,
pubmed_gcnii16,4,0,P3_COST_AWARE,5,107,8,64,32,32,ws,877.0,13.341645885286782,13,377777.0,True,True,
pubmed_gcnii16,4,0,P3_COST_AWARE,6,104,8,64,32,32,ws,865.0,13.164556962025316,13,377777.0,True,True,
pubmed_gcnii16,4,0,P3_COST_AWARE,7,94,8,64,32,32,ws,825.0,12.533333333333331,13,377777.0,True,True,
pubmed_gcnii16,4,0,P3_COST_AWARE,0,126,8,64,32,32,ws,953.0,14.350797266514808,13,377777.0,True,True,
pubmed_gcnii16,4,0,P3_COST_AWARE,1,120,8,64,32,32,ws,929.0,14.05152224824356,13,377777.0,True,True,
pubmed_gcnii16,4,0,P3_COST_AWARE,2,120,8,64,32,32,ws,929.0,14.05152224824356,13,377777.0,True,True,
pubmed_gcnii16,4,0,P3_COST_AWARE,1,123,8,64,32,32,ws,941.0,14.20323325635104,13,377777.0,True,True,
pubmed_gcnii16,4,0,P3_COST_AWARE,2,123,8,64,32,32,ws,941.0,14.20323325635104,13,377777.0,True,True,
pubmed_gcnii16,4,0,P3_COST_AWARE,5,120,8,64,32,32,ws,929.0,14.05152224824356,13,377777.0,True,True,
pubmed_gcnii16,4,0,P3_COST_AWARE,6,119,8,64,32,32,ws,925.0,14.0,13,377777.0,True,True,
pubmed_gcnii16,4,0,P3_COST_AWARE,7,119,8,64,32,32,ws,925.0,14.0,13,377777.0,True,True,
pubmed_gcnii16,4,0,P3_COST_AWARE,1,125,8,64,32,32,ws,949.0,14.302059496567503,13,377777.0,True,True,
pubmed_gcnii16,4,0,P3_COST_AWARE,2,126,8,64,32,32,ws,953.0,14.350797266514808,13,377777.0,True,True,
pubmed_gcnii16,4,0,P3_COST_AWARE,5,119,8,64,32,32,ws,925.0,14.0,13,377777.0,True,True,
pubmed_gcnii16,4,0,P3_COST_AWARE,6,119,8,64,32,32,ws,925.0,14.0,13,377777.0,True,True,
pubmed_gcnii16,4,0,P3_COST_AWARE,7,110,8,64,32,32,ws,889.0,13.513513513513514,13,377777.0,True,True,
pubmed_gcnii16,4,0,P3_COST_AWARE,0,128,8,64,32,32,ws,961.0,14.446952595936796,13,377777.0,True,True,
pubmed_gcnii16,4,0,P3_COST_AWARE,1,128,8,64,32,32,ws,961.0,14.446952595936796,13,377777.0,True,True,
pubmed_gcnii16,4,0,P3_COST_AWARE,2,128,8,64,32,32,ws,961.0,14.446952595936796,13,377777.0,True,True,
pubmed_gcnii16,4,0,P3_COST_AWARE,0,108,8,64,32,32,ws,881.0,13.399503722084368,13,377777.0,True,True,
pubmed_gcnii16,4,0,P3_COST_AWARE,1,128,8,64,32,32,ws,961.0,14.446952595936796,13,377777.0,True,True,
pubmed_gcnii16,4,0,P3_COST_AWARE,2,128,8,64,32,32,ws,961.0,14.446952595936796,13,377777.0,True,True,
pubmed_gcnii16,4,0,P3_COST_AWARE,5,80,8,64,32,32,ws,769.0,11.527377521613833,13,377777.0,True,True,
pubmed_gcnii16,4,0,P3_COST_AWARE,6,83,8,64,32,32,ws,781.0,11.756373937677054,13,377777.0,True,True,
pubmed_gcnii16,4,0,P3_COST_AWARE,0,98,8,64,32,32,ws,841.0,12.79373368146214,13,377777.0,True,True,
pubmed_gcnii16,4,0,P3_COST_AWARE,1,127,8,64,32,32,ws,957.0,14.399092970521542,13,377777.0,True,True,
pubmed_gcnii16,4,0,P3_COST_AWARE,2,126,8,64,32,32,ws,953.0,14.350797266514808,13,377777.0,True,True,
pubmed_gcnii16,4,0,P3_COST_AWARE,5,115,8,64,32,32,ws,909.0,13.788968824940047,13,377777.0,True,True,
pubmed_gcnii16,4,0,P3_COST_AWARE,6,112,8,64,32,32,ws,897.0,13.62530413625304,13,377777.0,True,True,
pubmed_gcnii16,4,0,P3_COST_AWARE,7,108,8,64,32,32,ws,881.0,13.399503722084368,13,377777.0,True,True,
pubmed_gcnii16,4,0,P3_COST_AWARE,0,121,8,64,32,32,ws,933.0,14.102564102564102,13,377777.0,True,True,
pubmed_gcnii16,4,0,P3_COST_AWARE,1,128,8,64,32,32,ws,961.0,14.446952595936796,13,377777.0,True,True,
pubmed_gcnii16,4,0,P3_COST_AWARE,2,128,8,64,32,32,ws,961.0,14.446952595936796,13,377777.0,True,True,
pubmed_gcnii16,4,0,P3_COST_AWARE,4,124,8,64,32,32,ws,945.0,14.25287356321839,13,377777.0,True,True,
pubmed_gcnii16,4,0,P3_COST_AWARE,5,127,8,64,32,32,ws,957.0,14.399092970521542,13,377777.0,True,True,
pubmed_gcnii16,4,0,P3_COST_AWARE,6,127,8,64,32,32,ws,957.0,14.399092970521542,13,377777.0,True,True,
pubmed_gcnii16,4,0,P3_COST_AWARE,7,126,8,64,32,32,ws,953.0,14.350797266514808,13,377777.0,True,True,
pubmed_gcnii16,4,0,P3_COST_AWARE,1,128,8,64,32,32,ws,961.0,14.446952595936796,13,377777.0,True,True,
pubmed_gcnii16,4,0,P3_COST_AWARE,2,122,8,64,32,32,ws,937.0,14.153132250580049,13,377777.0,True,True,
pubmed_gcnii16,4,0,P3_COST_AWARE,5,128,8,64,32,32,ws,961.0,14.446952595936796,13,377777.0,True,True,
pubmed_gcnii16,4,0,P3_COST_AWARE,6,128,8,64,32,32,ws,961.0,14.446952595936796,13,377777.0,True,True,
pubmed_gcnii16,4,0,P3_COST_AWARE,7,128,8,64,32,32,ws,961.0,14.446952595936796,13,377777.0,True,True,
pubmed_gcnii16,4,0,P3_COST_AWARE,0,120,8,64,32,32,ws,929.0,14.05152224824356,13,377777.0,True,True,
pubmed_gcnii16,4,0,P3_COST_AWARE,1,105,8,64,32,32,ws,869.0,13.224181360201513,13,377777.0,True,True,
pubmed_gcnii16,4,0,P3_COST_AWARE,2,99,8,64,32,32,ws,845.0,12.857142857142858,13,377777.0,True,True,
pubmed_gcnii16,4,0,P3_COST_AWARE,3,128,8,64,32,32,ws,961.0,14.446952595936796,13,377777.0,True,True,
pubmed_gcnii16,4,0,P3_COST_AWARE,5,128,8,64,32,32,ws,961.0,14.446952595936796,13,377777.0,True,True,
pubmed_gcnii16,4,0,P3_COST_AWARE,6,127,8,64,32,32,ws,957.0,14.399092970521542,13,377777.0,True,True,
pubmed_gcnii16,4,0,P3_COST_AWARE,7,120,8,64,32,32,ws,929.0,14.05152224824356,13,377777.0,True,True,
pubmed_gcnii16,4,0,P3_COST_AWARE,3,128,8,64,32,32,ws,961.0,14.446952595936796,13,377777.0,True,True,
pubmed_gcnii16,4,0,P3_COST_AWARE,5,127,8,64,32,32,ws,957.0,14.399092970521542,13,377777.0,True,True,
pubmed_gcnii16,4,0,P3_COST_AWARE,6,104,8,64,32,32,ws,865.0,13.164556962025316,13,377777.0,True,True,
pubmed_gcnii16,4,0,P3_COST_AWARE,7,99,8,64,32,32,ws,845.0,12.857142857142858,13,377777.0,True,True,
pubmed_gcnii16,4,0,P3_COST_AWARE,0,128,8,64,32,32,ws,961.0,14.446952595936796,13,377777.0,True,True,
pubmed_gcnii16,4,0,P3_COST_AWARE,1,108,8,64,32,32,ws,881.0,13.399503722084368,13,377777.0,True,True,
pubmed_gcnii16,4,0,P3_COST_AWARE,2,97,8,64,32,32,ws,837.0,12.729658792650918,13,377777.0,True,True,
pubmed_gcnii16,4,0,P3_COST_AWARE,3,96,8,64,32,32,ws,833.0,12.66490765171504,13,377777.0,True,True,
pubmed_gcnii16,4,0,P3_COST_AWARE,0,128,8,64,32,32,ws,961.0,14.446952595936796,13,377777.0,True,True,
pubmed_gcnii16,4,0,P3_COST_AWARE,1,128,8,64,32,32,ws,961.0,14.446952595936796,13,377777.0,True,True,
pubmed_gcnii16,4,0,P3_COST_AWARE,2,128,8,64,32,32,ws,961.0,14.446952595936796,13,377777.0,True,True,
pubmed_gcnii16,4,0,P3_COST_AWARE,3,112,8,64,32,32,ws,897.0,13.62530413625304,13,377777.0,True,True,
pubmed_gcnii16,4,0,P3_COST_AWARE,0,122,8,64,32,32,ws,937.0,14.153132250580049,13,377777.0,True,True,
pubmed_gcnii16,4,0,P3_COST_AWARE,1,124,8,64,32,32,ws,945.0,14.25287356321839,13,377777.0,True,True,
pubmed_gcnii16,4,0,P3_COST_AWARE,2,121,8,64,32,32,ws,933.0,14.102564102564102,13,377777.0,True,True,
pubmed_gcnii16,4,0,P3_COST_AWARE,3,116,8,64,32,32,ws,913.0,13.842482100238664,13,377777.0,True,True,
pubmed_gcnii16,4,0,P3_COST_AWARE,3,128,8,64,32,32,ws,961.0,14.446952595936796,13,377777.0,True,True,
pubmed_gcnii16,4,0,P3_COST_AWARE,5,128,8,64,32,32,ws,961.0,14.446952595936796,13,377777.0,True,True,
pubmed_gcnii16,4,0,P3_COST_AWARE,6,128,8,64,32,32,ws,961.0,14.446952595936796,13,377777.0,True,True,
pubmed_gcnii16,4,0,P3_COST_AWARE,7,128,8,64,32,32,ws,961.0,14.446952595936796,13,377777.0,True,True,
pubmed_gcnii16,4,0,P3_COST_AWARE,3,128,8,64,32,32,ws,961.0,14.446952595936796,13,377777.0,True,True,
pubmed_gcnii16,4,0,P3_COST_AWARE,5,123,8,64,32,32,ws,941.0,14.20323325635104,12,377777.0,True,True,
pubmed_gcnii16,4,0,P3_COST_AWARE,6,90,8,64,32,32,ws,809.0,12.26158038147139,13,377777.0,True,True,
pubmed_gcnii16,4,0,P3_COST_AWARE,0,112,8,64,32,32,ws,897.0,13.62530413625304,13,377777.0,True,True,
pubmed_gcnii16,4,0,P3_COST_AWARE,3,128,8,64,32,32,ws,961.0,14.446952595936796,13,377777.0,True,True,
pubmed_gcnii16,4,0,P3_COST_AWARE,5,124,8,64,32,32,ws,945.0,14.25287356321839,11,377777.0,True,True,
pubmed_gcnii16,4,0,P3_COST_AWARE,0,127,8,64,32,32,ws,957.0,14.399092970521542,13,377777.0,True,True,
pubmed_gcnii16,4,0,P3_COST_AWARE,3,128,8,64,32,32,ws,961.0,14.446952595936796,13,377777.0,True,True,
pubmed_gcnii16,4,0,P3_COST_AWARE,5,119,8,64,32,32,ws,925.0,14.0,10,377777.0,True,True,
pubmed_gcnii16,4,0,P3_COST_AWARE,0,126,8,64,32,32,ws,953.0,14.350797266514808,13,377777.0,True,True,
pubmed_gcnii16,4,0,P3_COST_AWARE,3,112,8,64,32,32,ws,897.0,13.62530413625304,13,377777.0,True,True,
pubmed_gcnii16,4,0,P3_COST_AWARE,5,96,8,64,32,32,ws,833.0,12.66490765171504,11,377777.0,True,True,
pubmed_gcnii16,4,0,P3_COST_AWARE,0,103,8,64,32,32,ws,861.0,13.104325699745548,13,377777.0,True,True,
pubmed_gcnii16,4,0,P3_COST_AWARE,1,100,8,64,32,32,ws,849.0,12.919896640826874,13,377777.0,True,True,
pubmed_gcnii16,4,0,P3_COST_AWARE,2,100,8,64,32,32,ws,849.0,12.919896640826874,13,377777.0,True,True,
pubmed_gcnii16,4,0,P3_COST_AWARE,3,100,8,64,32,32,ws,849.0,12.919896640826874,13,377777.0,True,True,
pubmed_gcnii16,4,0,P3_COST_AWARE,0,120,8,64,32,32,ws,929.0,14.05152224824356,13,377777.0,True,True,
pubmed_gcnii16,4,0,P3_COST_AWARE,1,124,8,64,32,32,ws,945.0,14.25287356321839,13,377777.0,True,True,
pubmed_gcnii16,4,0,P3_COST_AWARE,2,126,8,64,32,32,ws,953.0,14.350797266514808,13,377777.0,True,True,
pubmed_gcnii16,4,0,P3_COST_AWARE,3,119,8,64,32,32,ws,925.0,14.0,13,377777.0,True,True,
pubmed_gcnii16,4,0,P3_COST_AWARE,0,112,8,64,32,32,ws,897.0,13.62530413625304,13,377777.0,True,True,
pubmed_gcnii16,4,0,P3_COST_AWARE,1,122,8,64,32,32,ws,937.0,14.153132250580049,13,377777.0,True,True,
pubmed_gcnii16,4,0,P3_COST_AWARE,2,122,8,64,32,32,ws,937.0,14.153132250580049,13,377777.0,True,True,
pubmed_gcnii16,4,0,P3_COST_AWARE,3,100,8,64,32,32,ws,849.0,12.919896640826874,13,377777.0,True,True,
pubmed_gcnii16,4,0,P3_COST_AWARE,0,119,8,64,32,32,ws,925.0,14.0,13,377777.0,True,True,
pubmed_gcnii16,4,0,P3_COST_AWARE,3,115,8,64,32,32,ws,909.0,13.788968824940047,13,377777.0,True,True,
pubmed_gcnii16,4,0,P3_COST_AWARE,5,112,8,64,32,32,ws,897.0,13.62530413625304,13,377777.0,True,True,
pubmed_gcnii16,4,0,P3_COST_AWARE,6,88,8,64,32,32,ws,801.0,12.12121212121212,13,377777.0,True,True,
pubmed_gcnii16,4,0,P3_COST_AWARE,0,127,8,64,32,32,ws,957.0,14.399092970521542,13,377777.0,True,True,
pubmed_gcnii16,4,0,P3_COST_AWARE,1,111,8,64,32,32,ws,893.0,13.569682151589245,13,377777.0,True,True,
pubmed_gcnii16,4,0,P3_COST_AWARE,2,111,8,64,32,32,ws,893.0,13.569682151589245,13,377777.0,True,True,
pubmed_gcnii16,4,0,P3_COST_AWARE,3,119,8,64,32,32,ws,925.0,14.0,13,377777.0,True,True,
pubmed_gcnii16,4,0,P3_COST_AWARE,0,128,8,64,32,32,ws,961.0,14.446952595936796,13,377777.0,True,True,
pubmed_gcnii16,4,0,P3_COST_AWARE,1,124,8,64,32,32,ws,945.0,14.25287356321839,13,377777.0,True,True,
pubmed_gcnii16,4,0,P3_COST_AWARE,2,127,8,64,32,32,ws,957.0,14.399092970521542,13,377777.0,True,True,
pubmed_gcnii16,4,0,P3_COST_AWARE,3,124,8,64,32,32,ws,945.0,14.25287356321839,13,377777.0,True,True,
pubmed_gcnii16,4,0,P3_COST_AWARE,0,126,8,64,32,32,ws,953.0,14.350797266514808,13,377777.0,True,True,
pubmed_gcnii16,4,0,P3_COST_AWARE,1,115,8,64,32,32,ws,909.0,13.788968824940047,12,377777.0,True,True,
pubmed_gcnii16,4,0,P3_COST_AWARE,2,107,8,64,32,32,ws,877.0,13.341645885286782,13,377777.0,True,True,
pubmed_gcnii16,4,0,P3_COST_AWARE,3,126,8,64,32,32,ws,953.0,14.350797266514808,13,377777.0,True,True,
pubmed_gcnii16,4,0,P3_COST_AWARE,0,127,8,64,32,32,ws,957.0,14.399092970521542,13,377777.0,True,True,
pubmed_gcnii16,4,0,P3_COST_AWARE,2,84,8,64,32,32,ws,785.0,11.830985915492958,13,377777.0,True,True,
pubmed_gcnii16,4,0,P3_COST_AWARE,3,124,8,64,32,32,ws,945.0,14.25287356321839,13,377777.0,True,True,
pubmed_gcnii16,4,0,P3_COST_AWARE,0,128,8,64,32,32,ws,961.0,14.446952595936796,13,377777.0,True,True,
pubmed_gcnii16,4,0,P3_COST_AWARE,1,120,8,64,32,32,ws,929.0,14.05152224824356,13,377777.0,True,True,
pubmed_gcnii16,4,0,P3_COST_AWARE,2,128,8,64,32,32,ws,961.0,14.446952595936796,13,377777.0,True,True,
pubmed_gcnii16,4,0,P3_COST_AWARE,3,108,8,64,32,32,ws,881.0,13.399503722084368,13,377777.0,True,True,
pubmed_gcnii16,4,0,P3_COST_AWARE,0,127,8,64,32,32,ws,957.0,14.399092970521542,13,377777.0,True,True,
pubmed_gcnii16,4,0,P3_COST_AWARE,1,124,8,64,32,32,ws,945.0,14.25287356321839,13,377777.0,True,True,
pubmed_gcnii16,4,0,P3_COST_AWARE,2,105,8,64,32,32,ws,869.0,13.224181360201513,13,377777.0,True,True,
pubmed_gcnii16,4,0,P3_COST_AWARE,3,120,8,64,32,32,ws,929.0,14.05152224824356,13,377777.0,True,True,
pubmed_gcnii16,4,0,P3_COST_AWARE,0,126,8,64,32,32,ws,953.0,14.350797266514808,13,377777.0,True,True,
pubmed_gcnii16,4,0,P3_COST_AWARE,3,123,8,64,32,32,ws,941.0,14.20323325635104,13,377777.0,True,True,
pubmed_gcnii16,4,0,P3_COST_AWARE,5,104,8,64,32,32,ws,865.0,13.164556962025316,11,377777.0,True,True,
pubmed_gcnii16,4,0,P3_COST_AWARE,0,124,8,64,32,32,ws,945.0,14.25287356321839,13,377777.0,True,True,
pubmed_gcnii16,4,0,P3_COST_AWARE,1,124,8,64,32,32,ws,945.0,14.25287356321839,13,377777.0,True,True,
pubmed_gcnii16,4,0,P3_COST_AWARE,3,128,8,64,32,32,ws,961.0,14.446952595936796,13,377777.0,True,True,
pubmed_gcnii16,4,0,P3_COST_AWARE,5,108,8,64,32,32,ws,881.0,13.399503722084368,13,377777.0,True,True,
pubmed_gcnii16,4,0,P3_COST_AWARE,6,104,8,64,32,32,ws,865.0,13.164556962025316,13,377777.0,True,True,
pubmed_gcnii16,4,0,P3_COST_AWARE,7,102,8,64,32,32,ws,857.0,13.043478260869565,13,377777.0,True,True,
pubmed_gcnii16,4,0,P3_COST_AWARE,0,112,8,64,32,32,ws,897.0,13.62530413625304,13,377777.0,True,True,
pubmed_gcnii16,4,0,P3_COST_AWARE,1,96,8,64,32,32,ws,833.0,12.66490765171504,13,377777.0,True,True,
pubmed_gcnii16,4,0,P3_COST_AWARE,3,120,8,64,32,32,ws,929.0,14.05152224824356,13,377777.0,True,True,
pubmed_gcnii16,4,0,P3_COST_AWARE,5,88,8,64,32,32,ws,801.0,12.12121212121212,12,377777.0,True,True,
pubmed_gcnii16,4,0,P3_COST_AWARE,0,117,8,64,32,32,ws,917.0,13.895486935866984,13,377777.0,True,True,
pubmed_gcnii16,4,0,P3_COST_AWARE,3,104,8,64,32,32,ws,865.0,13.164556962025316,13,377777.0,True,True,
pubmed_gcnii16,4,0,P3_COST_AWARE,0,111,8,64,32,32,ws,893.0,13.569682151589245,13,377777.0,True,True,
pubmed_gcnii16,4,0,P3_COST_AWARE,1,115,8,64,32,32,ws,909.0,13.788968824940047,13,377777.0,True,True,
pubmed_gcnii16,4,0,P3_COST_AWARE,2,114,8,64,32,32,ws,905.0,13.734939759036145,13,377777.0,True,True,
pubmed_gcnii16,4,0,P3_COST_AWARE,1,112,8,64,32,32,ws,897.0,13.62530413625304,13,377777.0,True,True,
pubmed_gcnii16,4,0,P3_COST_AWARE,3,104,8,64,32,32,ws,865.0,13.164556962025316,13,377777.0,True,True,
pubmed_gcnii16,4,0,P3_COST_AWARE,5,117,8,64,32,32,ws,917.0,13.895486935866984,13,377777.0,True,True,
pubmed_gcnii16,4,0,P3_COST_AWARE,6,110,8,64,32,32,ws,889.0,13.513513513513514,13,377777.0,True,True,
pubmed_gcnii16,4,0,P3_COST_AWARE,7,110,8,64,32,32,ws,889.0,13.513513513513514,13,377777.0,True,True,
pubmed_gcnii16,4,0,P3_COST_AWARE,0,120,8,64,32,32,ws,929.0,14.05152224824356,13,377777.0,True,True,
pubmed_gcnii16,4,0,P3_COST_AWARE,1,127,8,64,32,32,ws,957.0,14.399092970521542,13,377777.0,True,True,
pubmed_gcnii16,4,0,P3_COST_AWARE,2,128,8,64,32,32,ws,961.0,14.446952595936796,13,377777.0,True,True,
pubmed_gcnii16,4,0,P3_COST_AWARE,3,94,8,64,32,32,ws,825.0,12.533333333333331,13,377777.0,True,True,
pubmed_gcnii16,4,0,P3_COST_AWARE,0,128,8,64,32,32,ws,961.0,14.446952595936796,13,377777.0,True,True,
pubmed_gcnii16,4,0,P3_COST_AWARE,1,127,8,64,32,32,ws,957.0,14.399092970521542,13,377777.0,True,True,
pubmed_gcnii16,4,0,P3_COST_AWARE,2,126,8,64,32,32,ws,953.0,14.350797266514808,13,377777.0,True,True,
pubmed_gcnii16,4,0,P3_COST_AWARE,0,128,8,64,32,32,ws,961.0,14.446952595936796,13,377777.0,True,True,
pubmed_gcnii16,4,0,P3_COST_AWARE,1,128,8,64,32,32,ws,961.0,14.446952595936796,13,377777.0,True,True,
pubmed_gcnii16,4,0,P3_COST_AWARE,2,128,8,64,32,32,ws,961.0,14.446952595936796,13,377777.0,True,True,
pubmed_gcnii16,4,0,P3_COST_AWARE,0,124,8,64,32,32,ws,945.0,14.25287356321839,13,377777.0,True,True,
pubmed_gcnii16,4,0,P3_COST_AWARE,1,128,8,64,32,32,ws,961.0,14.446952595936796,13,377777.0,True,True,
pubmed_gcnii16,4,0,P3_COST_AWARE,2,126,8,64,32,32,ws,953.0,14.350797266514808,13,377777.0,True,True,
pubmed_gcnii16,4,0,P3_COST_AWARE,4,123,8,64,32,32,ws,941.0,14.20323325635104,13,377777.0,True,True,
pubmed_gcnii16,4,0,P3_COST_AWARE,0,128,8,64,32,32,ws,961.0,14.446952595936796,13,377777.0,True,True,
pubmed_gcnii16,4,0,P3_COST_AWARE,1,128,8,64,32,32,ws,961.0,14.446952595936796,13,377777.0,True,True,
pubmed_gcnii16,4,0,P3_COST_AWARE,2,127,8,64,32,32,ws,957.0,14.399092970521542,13,377777.0,True,True,
pubmed_gcnii16,4,0,P3_COST_AWARE,0,116,8,64,32,32,ws,913.0,13.842482100238664,13,377777.0,True,True,
pubmed_gcnii16,4,0,P3_COST_AWARE,1,116,8,64,32,32,ws,913.0,13.842482100238664,13,377777.0,True,True,
pubmed_gcnii16,4,0,P3_COST_AWARE,2,90,8,64,32,32,ws,809.0,12.26158038147139,13,377777.0,True,True,
pubmed_gcnii16,4,0,P3_COST_AWARE,3,104,8,64,32,32,ws,865.0,13.164556962025316,13,377777.0,True,True,
pubmed_gcnii16,4,0,P3_COST_AWARE,0,127,8,64,32,32,ws,957.0,14.399092970521542,13,377777.0,True,True,
pubmed_gcnii16,4,0,P3_COST_AWARE,1,127,8,64,32,32,ws,957.0,14.399092970521542,13,377777.0,True,True,
pubmed_gcnii16,4,0,P3_COST_AWARE,2,128,8,64,32,32,ws,961.0,14.446952595936796,13,377777.0,True,True,
pubmed_gcnii16,4,0,P3_COST_AWARE,0,128,8,64,32,32,ws,961.0,14.446952595936796,13,377777.0,True,True,
pubmed_gcnii16,4,0,P3_COST_AWARE,1,127,8,64,32,32,ws,957.0,14.399092970521542,13,377777.0,True,True,
pubmed_gcnii16,4,0,P3_COST_AWARE,2,128,8,64,32,32,ws,961.0,14.446952595936796,13,377777.0,True,True,
pubmed_gcnii16,4,0,P3_COST_AWARE,0,124,8,64,32,32,ws,945.0,14.25287356321839,13,377777.0,True,True,
pubmed_gcnii16,4,0,P3_COST_AWARE,1,108,8,64,32,32,ws,881.0,13.399503722084368,13,377777.0,True,True,
pubmed_gcnii16,4,0,P3_COST_AWARE,2,104,8,64,32,32,ws,865.0,13.164556962025316,13,377777.0,True,True,
pubmed_gcnii16,4,0,P3_COST_AWARE,3,108,8,64,32,32,ws,881.0,13.399503722084368,13,377777.0,True,True,
pubmed_gcnii16,4,0,P3_COST_AWARE,0,128,8,64,32,32,ws,961.0,14.446952595936796,13,377777.0,True,True,
pubmed_gcnii16,4,0,P3_COST_AWARE,1,116,8,64,32,32,ws,913.0,13.842482100238664,13,377777.0,True,True,
pubmed_gcnii16,4,0,P3_COST_AWARE,2,122,8,64,32,32,ws,937.0,14.153132250580049,13,377777.0,True,True,
pubmed_gcnii16,4,0,P3_COST_AWARE,3,100,8,64,32,32,ws,849.0,12.919896640826874,13,377777.0,True,True,
pubmed_gcnii16,4,0,P3_COST_AWARE,0,127,8,64,32,32,ws,957.0,14.399092970521542,13,377777.0,True,True,
pubmed_gcnii16,4,0,P3_COST_AWARE,1,127,8,64,32,32,ws,957.0,14.399092970521542,13,377777.0,True,True,
pubmed_gcnii16,4,0,P3_COST_AWARE,2,127,8,64,32,32,ws,957.0,14.399092970521542,13,377777.0,True,True,
pubmed_gcnii16,4,0,P3_COST_AWARE,0,128,8,64,32,32,ws,961.0,14.446952595936796,13,377777.0,True,True,
pubmed_gcnii16,4,0,P3_COST_AWARE,1,128,8,64,32,32,ws,961.0,14.446952595936796,13,377777.0,True,True,
pubmed_gcnii16,4,0,P3_COST_AWARE,2,128,8,64,32,32,ws,961.0,14.446952595936796,13,377777.0,True,True,
pubmed_gcnii16,4,0,P3_COST_AWARE,4,128,8,64,32,32,ws,961.0,14.446952595936796,13,377777.0,True,True,
pubmed_gcnii16,4,0,P3_COST_AWARE,0,128,8,64,32,32,ws,961.0,14.446952595936796,13,377777.0,True,True,
pubmed_gcnii16,4,0,P3_COST_AWARE,1,128,8,64,32,32,ws,961.0,14.446952595936796,13,377777.0,True,True,
pubmed_gcnii16,4,0,P3_COST_AWARE,2,128,8,64,32,32,ws,961.0,14.446952595936796,13,377777.0,True,True,
pubmed_gcnii16,4,0,P3_COST_AWARE,4,128,8,64,32,32,ws,961.0,14.446952595936796,13,377777.0,True,True,
pubmed_gcnii16,4,0,P3_COST_AWARE,0,100,8,64,32,32,ws,849.0,12.919896640826874,13,377777.0,True,True,
pubmed_gcnii16,4,0,P3_COST_AWARE,1,127,8,64,32,32,ws,957.0,14.399092970521542,13,377777.0,True,True,
pubmed_gcnii16,4,0,P3_COST_AWARE,2,120,8,64,32,32,ws,929.0,14.05152224824356,13,377777.0,True,True,
pubmed_gcnii16,4,0,P3_COST_AWARE,5,92,8,64,32,32,ws,817.0,12.398921832884096,13,377777.0,True,True,
pubmed_gcnii16,4,0,P3_COST_AWARE,6,88,8,64,32,32,ws,801.0,12.12121212121212,13,377777.0,True,True,
pubmed_gcnii16,4,0,P3_COST_AWARE,7,87,8,64,32,32,ws,797.0,12.049861495844876,13,377777.0,True,True,
pubmed_gcnii16,4,0,P3_COST_AWARE,0,120,8,64,32,32,ws,929.0,14.05152224824356,13,377777.0,True,True,
pubmed_gcnii16,4,0,P3_COST_AWARE,1,126,8,64,32,32,ws,953.0,14.350797266514808,13,377777.0,True,True,
pubmed_gcnii16,4,0,P3_COST_AWARE,2,124,8,64,32,32,ws,945.0,14.25287356321839,13,377777.0,True,True,
pubmed_gcnii16,4,0,P3_COST_AWARE,4,124,8,64,32,32,ws,945.0,14.25287356321839,13,377777.0,True,True,
pubmed_gcnii16,4,0,P3_COST_AWARE,5,111,8,64,32,32,ws,893.0,13.569682151589245,13,377777.0,True,True,
pubmed_gcnii16,4,0,P3_COST_AWARE,6,109,8,64,32,32,ws,885.0,13.45679012345679,13,377777.0,True,True,
pubmed_gcnii16,4,0,P3_COST_AWARE,7,96,8,64,32,32,ws,833.0,12.66490765171504,13,377777.0,True,True,
pubmed_gcnii16,4,0,P3_COST_AWARE,0,108,8,64,32,32,ws,881.0,13.399503722084368,13,377777.0,True,True,
pubmed_gcnii16,4,0,P3_COST_AWARE,1,127,8,64,32,32,ws,957.0,14.399092970521542,13,377777.0,True,True,
pubmed_gcnii16,4,0,P3_COST_AWARE,2,127,8,64,32,32,ws,957.0,14.399092970521542,13,377777.0,True,True,
pubmed_gcnii16,4,0,P3_COST_AWARE,4,120,8,64,32,32,ws,929.0,14.05152224824356,13,377777.0,True,True,
pubmed_gcnii16,4,0,P3_COST_AWARE,5,127,8,64,32,32,ws,957.0,14.399092970521542,13,377777.0,True,True,
pubmed_gcnii16,4,0,P3_COST_AWARE,6,126,8,64,32,32,ws,953.0,14.350797266514808,13,377777.0,True,True,
pubmed_gcnii16,4,0,P3_COST_AWARE,7,125,8,64,32,32,ws,949.0,14.302059496567503,13,377777.0,True,True,
pubmed_gcnii16,4,0,P3_COST_AWARE,1,128,8,64,32,32,ws,961.0,14.446952595936796,13,377777.0,True,True,
pubmed_gcnii16,4,0,P3_COST_AWARE,2,127,8,64,32,32,ws,957.0,14.399092970521542,13,377777.0,True,True,
pubmed_gcnii16,4,0,P3_COST_AWARE,5,128,8,64,32,32,ws,961.0,14.446952595936796,13,377777.0,True,True,
pubmed_gcnii16,4,0,P3_COST_AWARE,6,128,8,64,32,32,ws,961.0,14.446952595936796,13,377777.0,True,True,
pubmed_gcnii16,4,0,P3_COST_AWARE,7,128,8,64,32,32,ws,961.0,14.446952595936796,13,377777.0,True,True,
pubmed_gcnii16,4,0,P3_COST_AWARE,0,111,8,64,32,32,ws,893.0,13.569682151589245,13,377777.0,True,True,
pubmed_gcnii16,4,0,P3_COST_AWARE,1,128,8,64,32,32,ws,961.0,14.446952595936796,13,377777.0,True,True,
pubmed_gcnii16,4,0,P3_COST_AWARE,2,126,8,64,32,32,ws,953.0,14.350797266514808,13,377777.0,True,True,
pubmed_gcnii16,4,0,P3_COST_AWARE,5,100,8,64,32,32,ws,849.0,12.919896640826874,13,377777.0,True,True,
pubmed_gcnii16,4,0,P3_COST_AWARE,6,102,8,64,32,32,ws,857.0,13.043478260869565,13,377777.0,True,True,
pubmed_gcnii16,4,0,P3_COST_AWARE,7,98,8,64,32,32,ws,841.0,12.79373368146214,13,377777.0,True,True,
pubmed_gcnii16,4,0,P3_COST_AWARE,0,104,8,64,32,32,ws,865.0,13.164556962025316,13,377777.0,True,True,
pubmed_gcnii16,4,0,P3_COST_AWARE,1,128,8,64,32,32,ws,961.0,14.446952595936796,13,377777.0,True,True,
pubmed_gcnii16,4,0,P3_COST_AWARE,2,128,8,64,32,32,ws,961.0,14.446952595936796,13,377777.0,True,True,
pubmed_gcnii16,4,0,P3_COST_AWARE,4,108,8,64,32,32,ws,881.0,13.399503722084368,13,377777.0,True,True,
pubmed_gcnii16,4,0,P3_COST_AWARE,5,127,8,64,32,32,ws,957.0,14.399092970521542,13,377777.0,True,True,
pubmed_gcnii16,4,0,P3_COST_AWARE,6,127,8,64,32,32,ws,957.0,14.399092970521542,13,377777.0,True,True,
pubmed_gcnii16,4,0,P3_COST_AWARE,7,124,8,64,32,32,ws,945.0,14.25287356321839,13,377777.0,True,True,
pubmed_gcnii16,4,0,P3_COST_AWARE,1,128,8,64,32,32,ws,961.0,14.446952595936796,13,377777.0,True,True,
pubmed_gcnii16,4,0,P3_COST_AWARE,2,128,8,64,32,32,ws,961.0,14.446952595936796,13,377777.0,True,True,
pubmed_gcnii16,4,0,P3_COST_AWARE,5,128,8,64,32,32,ws,961.0,14.446952595936796,13,377777.0,True,True,
pubmed_gcnii16,4,0,P3_COST_AWARE,6,128,8,64,32,32,ws,961.0,14.446952595936796,13,377777.0,True,True,
pubmed_gcnii16,4,0,P3_COST_AWARE,7,128,8,64,32,32,ws,961.0,14.446952595936796,13,377777.0,True,True,
pubmed_gcnii16,4,0,P3_COST_AWARE,0,120,8,64,32,32,ws,929.0,14.05152224824356,13,377777.0,True,True,
pubmed_gcnii16,4,0,P3_COST_AWARE,3,112,8,64,32,32,ws,897.0,13.62530413625304,13,377777.0,True,True,
pubmed_gcnii16,4,0,P3_COST_AWARE,0,116,8,64,32,32,ws,913.0,13.842482100238664,13,377777.0,True,True,
pubmed_gcnii16,4,0,P3_COST_AWARE,3,124,8,64,32,32,ws,945.0,14.25287356321839,13,377777.0,True,True,
pubmed_gcnii16,4,0,P3_COST_AWARE,0,128,8,64,32,32,ws,961.0,14.446952595936796,13,377777.0,True,True,
pubmed_gcnii16,4,0,P3_COST_AWARE,3,119,8,64,32,32,ws,925.0,14.0,13,377777.0,True,True,
pubmed_gcnii16,4,0,P3_COST_AWARE,0,128,8,64,32,32,ws,961.0,14.446952595936796,13,377777.0,True,True,
pubmed_gcnii16,4,0,P3_COST_AWARE,2,92,8,64,32,32,ws,817.0,12.398921832884096,13,377777.0,True,True,
pubmed_gcnii16,4,0,P3_COST_AWARE,3,111,8,64,32,32,ws,893.0,13.569682151589245,13,377777.0,True,True,
pubmed_gcnii16,4,0,P3_COST_AWARE,0,128,8,64,32,32,ws,961.0,14.446952595936796,13,377777.0,True,True,
pubmed_gcnii16,4,0,P3_COST_AWARE,1,128,8,64,32,32,ws,961.0,14.446952595936796,13,377777.0,True,True,
pubmed_gcnii16,4,0,P3_COST_AWARE,2,128,8,64,32,32,ws,961.0,14.446952595936796,13,377777.0,True,True,
pubmed_gcnii16,4,0,P3_COST_AWARE,3,100,8,64,32,32,ws,849.0,12.919896640826874,13,377777.0,True,True,
pubmed_gcnii16,4,0,P3_COST_AWARE,0,128,8,64,32,32,ws,961.0,14.446952595936796,13,377777.0,True,True,
pubmed_gcnii16,4,0,P3_COST_AWARE,1,116,8,64,32,32,ws,913.0,13.842482100238664,13,377777.0,True,True,
pubmed_gcnii16,4,0,P3_COST_AWARE,2,123,8,64,32,32,ws,941.0,14.20323325635104,13,377777.0,True,True,
pubmed_gcnii16,4,0,P3_COST_AWARE,3,128,8,64,32,32,ws,961.0,14.446952595936796,13,377777.0,True,True,
pubmed_gcnii16,4,0,P3_COST_AWARE,0,112,8,64,32,32,ws,897.0,13.62530413625304,13,377777.0,True,True,
pubmed_gcnii16,4,0,P3_COST_AWARE,1,112,8,64,32,32,ws,897.0,13.62530413625304,13,377777.0,True,True,
pubmed_gcnii16,4,0,P3_COST_AWARE,2,119,8,64,32,32,ws,925.0,14.0,13,377777.0,True,True,
pubmed_gcnii16,4,0,P3_COST_AWARE,3,120,8,64,32,32,ws,929.0,14.05152224824356,13,377777.0,True,True,
pubmed_gcnii16,4,0,P3_COST_AWARE,0,111,8,64,32,32,ws,893.0,13.569682151589245,13,377777.0,True,True,
pubmed_gcnii16,4,0,P3_COST_AWARE,1,127,8,64,32,32,ws,957.0,14.399092970521542,13,377777.0,True,True,
pubmed_gcnii16,4,0,P3_COST_AWARE,2,128,8,64,32,32,ws,961.0,14.446952595936796,13,377777.0,True,True,
pubmed_gcnii16,4,0,P3_COST_AWARE,3,108,8,64,32,32,ws,881.0,13.399503722084368,13,377777.0,True,True,
pubmed_gcnii16,4,0,P3_COST_AWARE,0,127,8,64,32,32,ws,957.0,14.399092970521542,13,377777.0,True,True,
pubmed_gcnii16,4,0,P3_COST_AWARE,1,124,8,64,32,32,ws,945.0,14.25287356321839,13,377777.0,True,True,
pubmed_gcnii16,4,0,P3_COST_AWARE,2,128,8,64,32,32,ws,961.0,14.446952595936796,13,377777.0,True,True,
pubmed_gcnii16,4,0,P3_COST_AWARE,3,127,8,64,32,32,ws,957.0,14.399092970521542,13,377777.0,True,True,
pubmed_gcnii16,4,0,P3_COST_AWARE,0,128,8,64,32,32,ws,961.0,14.446952595936796,13,377777.0,True,True,
pubmed_gcnii16,4,0,P3_COST_AWARE,1,112,8,64,32,32,ws,897.0,13.62530413625304,13,377777.0,True,True,
pubmed_gcnii16,4,0,P3_COST_AWARE,2,115,8,64,32,32,ws,909.0,13.788968824940047,13,377777.0,True,True,
pubmed_gcnii16,4,0,P3_COST_AWARE,3,124,8,64,32,32,ws,945.0,14.25287356321839,13,377777.0,True,True,
pubmed_gcnii16,4,0,P3_COST_AWARE,0,118,8,64,32,32,ws,921.0,13.947990543735225,13,377777.0,True,True,
pubmed_gcnii16,4,0,P3_COST_AWARE,1,124,8,64,32,32,ws,945.0,14.25287356321839,13,377777.0,True,True,
pubmed_gcnii16,4,0,P3_COST_AWARE,2,123,8,64,32,32,ws,941.0,14.20323325635104,13,377777.0,True,True,
pubmed_gcnii16,4,0,P3_COST_AWARE,3,114,8,64,32,32,ws,905.0,13.734939759036145,13,377777.0,True,True,
pubmed_gcnii16,4,0,P3_COST_AWARE,0,128,8,64,32,32,ws,961.0,14.446952595936796,13,377777.0,True,True,
pubmed_gcnii16,4,0,P3_COST_AWARE,1,121,8,64,32,32,ws,933.0,14.102564102564102,13,377777.0,True,True,
pubmed_gcnii16,4,0,P3_COST_AWARE,2,123,8,64,32,32,ws,941.0,14.20323325635104,13,377777.0,True,True,
pubmed_gcnii16,4,0,P3_COST_AWARE,3,125,8,64,32,32,ws,949.0,14.302059496567503,13,377777.0,True,True,
pubmed_gcnii16,4,0,P3_COST_AWARE,0,115,8,64,32,32,ws,909.0,13.788968824940047,13,377777.0,True,True,
pubmed_gcnii16,4,0,P3_COST_AWARE,1,116,8,64,32,32,ws,913.0,13.842482100238664,13,377777.0,True,True,
pubmed_gcnii16,4,0,P3_COST_AWARE,2,117,8,64,32,32,ws,917.0,13.895486935866984,13,377777.0,True,True,
pubmed_gcnii16,4,0,P3_COST_AWARE,3,127,8,64,32,32,ws,957.0,14.399092970521542,13,377777.0,True,True,
pubmed_gcnii16,4,0,P3_COST_AWARE,0,128,8,64,32,32,ws,961.0,14.446952595936796,13,377777.0,True,True,
pubmed_gcnii16,4,0,P3_COST_AWARE,2,112,8,64,32,32,ws,897.0,13.62530413625304,13,377777.0,True,True,
pubmed_gcnii16,4,0,P3_COST_AWARE,3,128,8,64,32,32,ws,961.0,14.446952595936796,13,377777.0,True,True,
pubmed_gcnii16,4,0,P3_COST_AWARE,0,128,8,64,32,32,ws,961.0,14.446952595936796,13,377777.0,True,True,
pubmed_gcnii16,4,0,P3_COST_AWARE,1,96,8,64,32,32,ws,833.0,12.66490765171504,13,377777.0,True,True,
pubmed_gcnii16,4,0,P3_COST_AWARE,2,116,8,64,32,32,ws,913.0,13.842482100238664,13,377777.0,True,True,
pubmed_gcnii16,4,0,P3_COST_AWARE,3,127,8,64,32,32,ws,957.0,14.399092970521542,13,377777.0,True,True,
pubmed_gcnii16,4,0,P3_COST_AWARE,0,127,8,64,32,32,ws,957.0,14.399092970521542,13,377777.0,True,True,
pubmed_gcnii16,4,0,P3_COST_AWARE,2,120,8,64,32,32,ws,929.0,14.05152224824356,13,377777.0,True,True,
pubmed_gcnii16,4,0,P3_COST_AWARE,3,128,8,64,32,32,ws,961.0,14.446952595936796,13,377777.0,True,True,
pubmed_gcnii16,4,0,P3_COST_AWARE,0,128,8,64,32,32,ws,961.0,14.446952595936796,13,377777.0,True,True,
pubmed_gcnii16,4,0,P3_COST_AWARE,3,126,8,64,32,32,ws,953.0,14.350797266514808,13,377777.0,True,True,
pubmed_gcnii16,4,0,P3_COST_AWARE,0,127,8,64,32,32,ws,957.0,14.399092970521542,13,377777.0,True,True,
pubmed_gcnii16,4,0,P3_COST_AWARE,1,118,8,64,32,32,ws,921.0,13.947990543735225,13,377777.0,True,True,
pubmed_gcnii16,4,0,P3_COST_AWARE,2,119,8,64,32,32,ws,925.0,14.0,13,377777.0,True,True,
pubmed_gcnii16,4,0,P3_COST_AWARE,3,112,8,64,32,32,ws,897.0,13.62530413625304,13,377777.0,True,True,
pubmed_gcnii16,4,0,P3_COST_AWARE,0,104,8,64,32,32,ws,865.0,13.164556962025316,13,377777.0,True,True,
pubmed_gcnii16,4,0,P3_COST_AWARE,1,116,8,64,32,32,ws,913.0,13.842482100238664,13,377777.0,True,True,
pubmed_gcnii16,4,0,P3_COST_AWARE,2,118,8,64,32,32,ws,921.0,13.947990543735225,13,377777.0,True,True,
pubmed_gcnii16,4,0,P3_COST_AWARE,3,104,8,64,32,32,ws,865.0,13.164556962025316,13,377777.0,True,True,
pubmed_gcnii16,4,0,P3_COST_AWARE,5,102,8,64,32,32,ws,857.0,13.043478260869565,13,377777.0,True,True,
pubmed_gcnii16,4,0,P3_COST_AWARE,6,96,8,64,32,32,ws,833.0,12.66490765171504,13,377777.0,True,True,
pubmed_gcnii16,4,0,P3_COST_AWARE,7,88,8,64,32,32,ws,801.0,12.12121212121212,13,377777.0,True,True,
pubmed_gcnii16,4,0,P3_COST_AWARE,0,120,8,64,32,32,ws,929.0,14.05152224824356,13,377777.0,True,True,
pubmed_gcnii16,4,0,P3_COST_AWARE,1,128,8,64,32,32,ws,961.0,14.446952595936796,13,377777.0,True,True,
pubmed_gcnii16,4,0,P3_COST_AWARE,2,128,8,64,32,32,ws,961.0,14.446952595936796,13,377777.0,True,True,
pubmed_gcnii16,4,0,P3_COST_AWARE,0,128,8,64,32,32,ws,961.0,14.446952595936796,13,377777.0,True,True,
pubmed_gcnii16,4,0,P3_COST_AWARE,1,128,8,64,32,32,ws,961.0,14.446952595936796,13,377777.0,True,True,
pubmed_gcnii16,4,0,P3_COST_AWARE,2,128,8,64,32,32,ws,961.0,14.446952595936796,13,377777.0,True,True,
pubmed_gcnii16,4,0,P3_COST_AWARE,0,128,8,64,32,32,ws,961.0,14.446952595936796,13,377777.0,True,True,
pubmed_gcnii16,4,0,P3_COST_AWARE,1,128,8,64,32,32,ws,961.0,14.446952595936796,13,377777.0,True,True,
pubmed_gcnii16,4,0,P3_COST_AWARE,2,128,8,64,32,32,ws,961.0,14.446952595936796,13,377777.0,True,True,
pubmed_gcnii16,4,0,P3_COST_AWARE,0,128,8,64,32,32,ws,961.0,14.446952595936796,13,377777.0,True,True,
pubmed_gcnii16,4,0,P3_COST_AWARE,1,128,8,64,32,32,ws,961.0,14.446952595936796,13,377777.0,True,True,
pubmed_gcnii16,4,0,P3_COST_AWARE,2,128,8,64,32,32,ws,961.0,14.446952595936796,13,377777.0,True,True,
pubmed_gcnii16,4,0,P3_COST_AWARE,3,112,8,64,32,32,ws,897.0,13.62530413625304,13,377777.0,True,True,
pubmed_gcnii16,4,0,P3_COST_AWARE,0,128,8,64,32,32,ws,961.0,14.446952595936796,13,377777.0,True,True,
pubmed_gcnii16,4,0,P3_COST_AWARE,1,122,8,64,32,32,ws,937.0,14.153132250580049,13,377777.0,True,True,
pubmed_gcnii16,4,0,P3_COST_AWARE,2,119,8,64,32,32,ws,925.0,14.0,13,377777.0,True,True,
pubmed_gcnii16,4,0,P3_COST_AWARE,0,128,8,64,32,32,ws,961.0,14.446952595936796,13,377777.0,True,True,
pubmed_gcnii16,4,0,P3_COST_AWARE,1,127,8,64,32,32,ws,957.0,14.399092970521542,13,377777.0,True,True,
pubmed_gcnii16,4,0,P3_COST_AWARE,2,127,8,64,32,32,ws,957.0,14.399092970521542,13,377777.0,True,True,
pubmed_gcnii16,4,0,P3_COST_AWARE,0,128,8,64,32,32,ws,961.0,14.446952595936796,13,377777.0,True,True,
pubmed_gcnii16,4,0,P3_COST_AWARE,1,128,8,64,32,32,ws,961.0,14.446952595936796,13,377777.0,True,True,
pubmed_gcnii16,4,0,P3_COST_AWARE,2,128,8,64,32,32,ws,961.0,14.446952595936796,13,377777.0,True,True,
pubmed_gcnii16,4,0,P3_COST_AWARE,3,116,8,64,32,32,ws,913.0,13.842482100238664,13,377777.0,True,True,
pubmed_gcnii16,4,0,P3_COST_AWARE,0,128,8,64,32,32,ws,961.0,14.446952595936796,13,377777.0,True,True,
pubmed_gcnii16,4,0,P3_COST_AWARE,1,127,8,64,32,32,ws,957.0,14.399092970521542,13,377777.0,True,True,
pubmed_gcnii16,4,0,P3_COST_AWARE,2,128,8,64,32,32,ws,961.0,14.446952595936796,13,377777.0,True,True,
pubmed_gcnii16,4,0,P3_COST_AWARE,0,100,8,64,32,32,ws,849.0,12.919896640826874,13,377777.0,True,True,
pubmed_gcnii16,4,0,P3_COST_AWARE,1,128,8,64,32,32,ws,961.0,14.446952595936796,13,377777.0,True,True,
pubmed_gcnii16,4,0,P3_COST_AWARE,2,128,8,64,32,32,ws,961.0,14.446952595936796,13,377777.0,True,True,
pubmed_gcnii16,4,0,P3_COST_AWARE,5,102,8,64,32,32,ws,857.0,13.043478260869565,13,377777.0,True,True,
pubmed_gcnii16,4,0,P3_COST_AWARE,6,100,8,64,32,32,ws,849.0,12.919896640826874,13,377777.0,True,True,
pubmed_gcnii16,4,0,P3_COST_AWARE,7,96,8,64,32,32,ws,833.0,12.66490765171504,13,377777.0,True,True,
pubmed_gcnii16,4,0,P3_COST_AWARE,1,128,8,64,32,32,ws,961.0,14.446952595936796,13,377777.0,True,True,
pubmed_gcnii16,4,0,P3_COST_AWARE,2,128,8,64,32,32,ws,961.0,14.446952595936796,13,377777.0,True,True,
pubmed_gcnii16,4,0,P3_COST_AWARE,5,128,8,64,32,32,ws,961.0,14.446952595936796,13,377777.0,True,True,
pubmed_gcnii16,4,0,P3_COST_AWARE,6,128,8,64,32,32,ws,961.0,14.446952595936796,13,377777.0,True,True,
pubmed_gcnii16,4,0,P3_COST_AWARE,7,128,8,64,32,32,ws,961.0,14.446952595936796,13,377777.0,True,True,
pubmed_gcnii16,4,0,P3_COST_AWARE,1,128,8,64,32,32,ws,961.0,14.446952595936796,13,377777.0,True,True,
pubmed_gcnii16,4,0,P3_COST_AWARE,2,128,8,64,32,32,ws,961.0,14.446952595936796,13,377777.0,True,True,
pubmed_gcnii16,4,0,P3_COST_AWARE,5,120,8,64,32,32,ws,929.0,14.05152224824356,13,377777.0,True,True,
pubmed_gcnii16,4,0,P3_COST_AWARE,6,121,8,64,32,32,ws,933.0,14.102564102564102,13,377777.0,True,True,
pubmed_gcnii16,4,0,P3_COST_AWARE,7,119,8,64,32,32,ws,925.0,14.0,13,377777.0,True,True,
pubmed_gcnii16,4,0,P3_COST_AWARE,1,128,8,64,32,32,ws,961.0,14.446952595936796,13,377777.0,True,True,
pubmed_gcnii16,4,0,P3_COST_AWARE,2,128,8,64,32,32,ws,961.0,14.446952595936796,13,377777.0,True,True,
pubmed_gcnii16,4,0,P3_COST_AWARE,5,128,8,64,32,32,ws,961.0,14.446952595936796,13,377777.0,True,True,
pubmed_gcnii16,4,0,P3_COST_AWARE,6,128,8,64,32,32,ws,961.0,14.446952595936796,13,377777.0,True,True,
pubmed_gcnii16,4,0,P3_COST_AWARE,7,128,8,64,32,32,ws,961.0,14.446952595936796,13,377777.0,True,True,
pubmed_gcnii16,4,0,P3_COST_AWARE,0,111,8,64,32,32,ws,893.0,13.569682151589245,13,377777.0,True,True,
pubmed_gcnii16,4,0,P3_COST_AWARE,1,96,8,64,32,32,ws,833.0,12.66490765171504,13,377777.0,True,True,
pubmed_gcnii16,4,0,P3_COST_AWARE,2,108,8,64,32,32,ws,881.0,13.399503722084368,13,377777.0,True,True,
pubmed_gcnii16,4,0,P3_COST_AWARE,3,100,8,64,32,32,ws,849.0,12.919896640826874,13,377777.0,True,True,
pubmed_gcnii16,4,0,P3_COST_AWARE,0,124,8,64,32,32,ws,945.0,14.25287356321839,13,377777.0,True,True,
pubmed_gcnii16,4,0,P3_COST_AWARE,1,124,8,64,32,32,ws,945.0,14.25287356321839,13,377777.0,True,True,
pubmed_gcnii16,4,0,P3_COST_AWARE,2,124,8,64,32,32,ws,945.0,14.25287356321839,13,377777.0,True,True,
pubmed_gcnii16,4,0,P3_COST_AWARE,3,127,8,64,32,32,ws,957.0,14.399092970521542,13,377777.0,True,True,
pubmed_gcnii16,4,0,P3_COST_AWARE,0,118,8,64,32,32,ws,921.0,13.947990543735225,13,377777.0,True,True,
pubmed_gcnii16,4,0,P3_COST_AWARE,1,115,8,64,32,32,ws,909.0,13.788968824940047,13,377777.0,True,True,
pubmed_gcnii16,4,0,P3_COST_AWARE,2,124,8,64,32,32,ws,945.0,14.25287356321839,13,377777.0,True,True,
pubmed_gcnii16,4,0,P3_COST_AWARE,3,110,8,64,32,32,ws,889.0,13.513513513513514,13,377777.0,True,True,
pubmed_gcnii16,4,0,P3_COST_AWARE,0,108,8,64,32,32,ws,881.0,13.399503722084368,13,377777.0,True,True,
pubmed_gcnii16,4,0,P3_COST_AWARE,1,128,8,64,32,32,ws,961.0,14.446952595936796,13,377777.0,True,True,
pubmed_gcnii16,4,0,P3_COST_AWARE,2,128,8,64,32,32,ws,961.0,14.446952595936796,13,377777.0,True,True,
pubmed_gcnii16,4,0,P3_COST_AWARE,1,99,8,64,32,32,ws,845.0,12.857142857142858,13,377777.0,True,True,
pubmed_gcnii16,4,0,P3_COST_AWARE,2,126,8,64,32,32,ws,953.0,14.350797266514808,13,377777.0,True,True,
pubmed_gcnii16,4,0,P3_COST_AWARE,1,112,8,64,32,32,ws,897.0,13.62530413625304,13,377777.0,True,True,
pubmed_gcnii16,4,0,P3_COST_AWARE,2,124,8,64,32,32,ws,945.0,14.25287356321839,13,377777.0,True,True,
pubmed_gcnii16,4,0,P3_COST_AWARE,0,128,16,64,32,32,ws,961.0,28.89390519187359,13,377777.0,True,True,
pubmed_gcnii16,4,0,P3_COST_AWARE,1,120,16,64,32,32,ws,929.0,28.10304449648712,13,377777.0,True,True,
pubmed_gcnii16,4,0,P3_COST_AWARE,2,100,16,64,32,32,ws,849.0,25.839793281653748,13,377777.0,True,True,
pubmed_gcnii16,4,0,P3_COST_AWARE,3,106,16,64,32,32,ws,873.0,26.56641604010025,13,377777.0,True,True,
pubmed_gcnii16,4,0,P3_COST_AWARE,0,128,16,64,32,32,ws,961.0,28.89390519187359,13,377777.0,True,True,
pubmed_gcnii16,4,0,P3_COST_AWARE,1,101,16,64,32,32,ws,853.0,25.96401028277635,13,377777.0,True,True,
pubmed_gcnii16,4,0,P3_COST_AWARE,2,82,16,64,32,32,ws,777.0,23.36182336182336,13,377777.0,True,True,
pubmed_gcnii16,4,0,P3_COST_AWARE,3,100,16,64,32,32,ws,849.0,25.839793281653748,13,377777.0,True,True,
pubmed_gcnii16,4,0,P3_COST_AWARE,0,128,16,64,32,32,ws,961.0,28.89390519187359,13,377777.0,True,True,
pubmed_gcnii16,4,0,P3_COST_AWARE,1,123,16,64,32,32,ws,941.0,28.40646651270208,13,377777.0,True,True,
pubmed_gcnii16,4,0,P3_COST_AWARE,2,66,16,64,32,32,ws,713.0,20.689655172413797,13,377777.0,True,True,
pubmed_gcnii16,4,0,P3_COST_AWARE,3,84,16,64,32,32,ws,785.0,23.66197183098592,13,377777.0,True,True,
pubmed_gcnii16,4,0,P3_COST_AWARE,0,128,16,64,32,32,ws,961.0,28.89390519187359,13,377777.0,True,True,
pubmed_gcnii16,4,0,P3_COST_AWARE,1,104,16,64,32,32,ws,865.0,26.329113924050635,13,377777.0,True,True,
pubmed_gcnii16,4,0,P3_COST_AWARE,2,110,16,64,32,32,ws,889.0,27.027027027027028,13,377777.0,True,True,
pubmed_gcnii16,4,0,P3_COST_AWARE,3,114,16,64,32,32,ws,905.0,27.46987951807229,13,377777.0,True,True,
pubmed_gcnii16,4,0,P3_COST_AWARE,0,128,16,64,32,32,ws,961.0,28.89390519187359,13,377777.0,True,True,
pubmed_gcnii16,4,0,P3_COST_AWARE,1,84,16,64,32,32,ws,785.0,23.66197183098592,13,377777.0,True,True,
pubmed_gcnii16,4,0,P3_COST_AWARE,2,100,16,64,32,32,ws,849.0,25.839793281653748,13,377777.0,True,True,
pubmed_gcnii16,4,0,P3_COST_AWARE,3,114,16,64,32,32,ws,905.0,27.46987951807229,13,377777.0,True,True,
pubmed_gcnii16,4,0,P3_COST_AWARE,0,128,16,64,32,32,ws,961.0,28.89390519187359,13,377777.0,True,True,
pubmed_gcnii16,4,0,P3_COST_AWARE,1,107,16,64,32,32,ws,877.0,26.683291770573565,13,377777.0,True,True,
pubmed_gcnii16,4,0,P3_COST_AWARE,2,102,16,64,32,32,ws,857.0,26.08695652173913,13,377777.0,True,True,
pubmed_gcnii16,4,0,P3_COST_AWARE,3,110,16,64,32,32,ws,889.0,27.027027027027028,13,377777.0,True,True,
pubmed_gcnii16,4,0,P3_COST_AWARE,0,128,16,64,32,32,ws,961.0,28.89390519187359,13,377777.0,True,True,
pubmed_gcnii16,4,0,P3_COST_AWARE,1,92,16,64,32,32,ws,817.0,24.797843665768195,13,377777.0,True,True,
pubmed_gcnii16,4,0,P3_COST_AWARE,2,118,16,64,32,32,ws,921.0,27.89598108747045,13,377777.0,True,True,
pubmed_gcnii16,4,0,P3_COST_AWARE,3,124,16,64,32,32,ws,945.0,28.50574712643678,13,377777.0,True,True,
pubmed_gcnii16,4,0,P3_COST_AWARE,0,128,16,64,32,32,ws,961.0,28.89390519187359,13,377777.0,True,True,
pubmed_gcnii16,4,0,P3_COST_AWARE,1,108,16,64,32,32,ws,881.0,26.799007444168733,13,377777.0,True,True,
pubmed_gcnii16,4,0,P3_COST_AWARE,2,96,16,64,32,32,ws,833.0,25.32981530343008,13,377777.0,True,True,
pubmed_gcnii16,4,0,P3_COST_AWARE,3,100,16,64,32,32,ws,849.0,25.839793281653748,13,377777.0,True,True,
pubmed_gcnii16,4,0,P3_COST_AWARE,0,128,16,64,32,32,ws,961.0,28.89390519187359,13,377777.0,True,True,
pubmed_gcnii16,4,0,P3_COST_AWARE,1,100,16,64,32,32,ws,849.0,25.839793281653748,13,377777.0,True,True,
pubmed_gcnii16,4,0,P3_COST_AWARE,2,86,16,64,32,32,ws,793.0,23.95543175487465,13,377777.0,True,True,
pubmed_gcnii16,4,0,P3_COST_AWARE,3,94,16,64,32,32,ws,825.0,25.066666666666663,13,377777.0,True,True,
pubmed_gcnii16,4,0,P3_COST_AWARE,0,128,16,64,32,32,ws,961.0,28.89390519187359,13,377777.0,True,True,
pubmed_gcnii16,4,0,P3_COST_AWARE,1,106,16,64,32,32,ws,873.0,26.56641604010025,13,377777.0,True,True,
pubmed_gcnii16,4,0,P3_COST_AWARE,2,84,16,64,32,32,ws,785.0,23.66197183098592,13,377777.0,True,True,
pubmed_gcnii16,4,0,P3_COST_AWARE,3,108,16,64,32,32,ws,881.0,26.799007444168733,13,377777.0,True,True,
pubmed_gcnii16,4,0,P3_COST_AWARE,0,128,16,64,32,32,ws,961.0,28.89390519187359,13,377777.0,True,True,
pubmed_gcnii16,4,0,P3_COST_AWARE,1,108,16,64,32,32,ws,881.0,26.799007444168733,13,377777.0,True,True,
pubmed_gcnii16,4,0,P3_COST_AWARE,2,90,16,64,32,32,ws,809.0,24.52316076294278,13,377777.0,True,True,
pubmed_gcnii16,4,0,P3_COST_AWARE,3,108,16,64,32,32,ws,881.0,26.799007444168733,13,377777.0,True,True,
pubmed_gcnii16,4,0,P3_COST_AWARE,0,128,16,64,32,32,ws,961.0,28.89390519187359,13,377777.0,True,True,
pubmed_gcnii16,4,0,P3_COST_AWARE,1,122,16,64,32,32,ws,937.0,28.306264501160094,13,377777.0,True,True,
pubmed_gcnii16,4,0,P3_COST_AWARE,2,88,16,64,32,32,ws,801.0,24.24242424242424,13,377777.0,True,True,
pubmed_gcnii16,4,0,P3_COST_AWARE,3,124,16,64,32,32,ws,945.0,28.50574712643678,13,377777.0,True,True,
pubmed_gcnii16,4,0,P3_COST_AWARE,0,128,16,64,32,32,ws,961.0,28.89390519187359,13,377777.0,True,True,
pubmed_gcnii16,4,0,P3_COST_AWARE,1,128,16,64,32,32,ws,961.0,28.89390519187359,13,377777.0,True,True,
pubmed_gcnii16,4,0,P3_COST_AWARE,2,101,16,64,32,32,ws,853.0,25.96401028277635,13,377777.0,True,True,
pubmed_gcnii16,4,0,P3_COST_AWARE,3,104,16,64,32,32,ws,865.0,26.329113924050635,13,377777.0,True,True,
pubmed_gcnii16,4,0,P3_COST_AWARE,0,128,16,64,32,32,ws,961.0,28.89390519187359,13,377777.0,True,True,
pubmed_gcnii16,4,0,P3_COST_AWARE,1,128,16,64,32,32,ws,961.0,28.89390519187359,13,377777.0,True,True,
pubmed_gcnii16,4,0,P3_COST_AWARE,2,102,16,64,32,32,ws,857.0,26.08695652173913,13,377777.0,True,True,
pubmed_gcnii16,4,0,P3_COST_AWARE,3,108,16,64,32,32,ws,881.0,26.799007444168733,13,377777.0,True,True,
pubmed_gcnii16,4,0,P3_COST_AWARE,0,128,16,64,32,32,ws,961.0,28.89390519187359,13,377777.0,True,True,
pubmed_gcnii16,4,0,P3_COST_AWARE,1,110,16,64,32,32,ws,889.0,27.027027027027028,13,377777.0,True,True,
pubmed_gcnii16,4,0,P3_COST_AWARE,2,101,16,64,32,32,ws,853.0,25.96401028277635,13,377777.0,True,True,
pubmed_gcnii16,4,0,P3_COST_AWARE,3,126,16,64,32,32,ws,953.0,28.701594533029613,13,377777.0,True,True,
pubmed_gcnii16,4,0,P3_COST_AWARE,0,128,16,64,32,32,ws,961.0,28.89390519187359,13,377777.0,True,True,
pubmed_gcnii16,4,0,P3_COST_AWARE,1,84,16,64,32,32,ws,785.0,23.66197183098592,13,377777.0,True,True,
pubmed_gcnii16,4,0,P3_COST_AWARE,2,128,16,64,32,32,ws,961.0,28.89390519187359,13,377777.0,True,True,
pubmed_gcnii16,4,0,P3_COST_AWARE,3,124,16,64,32,32,ws,945.0,28.50574712643678,13,377777.0,True,True,
pubmed_gcnii16,4,0,P3_COST_AWARE,0,128,16,64,32,32,ws,961.0,28.89390519187359,13,377777.0,True,True,
pubmed_gcnii16,4,0,P3_COST_AWARE,1,84,16,64,32,32,ws,785.0,23.66197183098592,13,377777.0,True,True,
pubmed_gcnii16,4,0,P3_COST_AWARE,2,110,16,64,32,32,ws,889.0,27.027027027027028,13,377777.0,True,True,
pubmed_gcnii16,4,0,P3_COST_AWARE,3,122,16,64,32,32,ws,937.0,28.306264501160094,13,377777.0,True,True,
pubmed_gcnii16,4,0,P3_COST_AWARE,0,128,16,64,32,32,ws,961.0,28.89390519187359,13,377777.0,True,True,
pubmed_gcnii16,4,0,P3_COST_AWARE,2,124,16,64,32,32,ws,945.0,28.50574712643678,12,377777.0,True,True,
pubmed_gcnii16,4,0,P3_COST_AWARE,3,123,16,64,32,32,ws,941.0,28.40646651270208,13,377777.0,True,True,
pubmed_gcnii16,4,0,P3_COST_AWARE,0,128,16,64,32,32,ws,961.0,28.89390519187359,13,377777.0,True,True,
pubmed_gcnii16,4,0,P3_COST_AWARE,1,87,16,64,32,32,ws,797.0,24.099722991689752,13,377777.0,True,True,
pubmed_gcnii16,4,0,P3_COST_AWARE,2,108,16,64,32,32,ws,881.0,26.799007444168733,13,377777.0,True,True,
pubmed_gcnii16,4,0,P3_COST_AWARE,3,122,16,64,32,32,ws,937.0,28.306264501160094,13,377777.0,True,True,
pubmed_gcnii16,4,0,P3_COST_AWARE,0,128,16,64,32,32,ws,961.0,28.89390519187359,13,377777.0,True,True,
pubmed_gcnii16,4,0,P3_COST_AWARE,1,94,16,64,32,32,ws,825.0,25.066666666666663,13,377777.0,True,True,
pubmed_gcnii16,4,0,P3_COST_AWARE,2,104,16,64,32,32,ws,865.0,26.329113924050635,13,377777.0,True,True,
pubmed_gcnii16,4,0,P3_COST_AWARE,3,116,16,64,32,32,ws,913.0,27.684964200477328,13,377777.0,True,True,
pubmed_gcnii16,4,0,P3_COST_AWARE,0,128,16,64,32,32,ws,961.0,28.89390519187359,13,377777.0,True,True,
pubmed_gcnii16,4,0,P3_COST_AWARE,1,114,16,64,32,32,ws,905.0,27.46987951807229,13,377777.0,True,True,
pubmed_gcnii16,4,0,P3_COST_AWARE,2,72,16,64,32,32,ws,737.0,21.75226586102719,13,377777.0,True,True,
pubmed_gcnii16,4,0,P3_COST_AWARE,3,106,16,64,32,32,ws,873.0,26.56641604010025,13,377777.0,True,True,
pubmed_gcnii16,4,0,P3_COST_AWARE,0,128,16,64,32,32,ws,961.0,28.89390519187359,13,377777.0,True,True,
pubmed_gcnii16,4,0,P3_COST_AWARE,1,96,16,64,32,32,ws,833.0,25.32981530343008,13,377777.0,True,True,
pubmed_gcnii16,4,0,P3_COST_AWARE,2,115,16,64,32,32,ws,909.0,27.57793764988009,13,377777.0,True,True,
pubmed_gcnii16,4,0,P3_COST_AWARE,3,123,16,64,32,32,ws,941.0,28.40646651270208,13,377777.0,True,True,
pubmed_gcnii16,4,0,P3_COST_AWARE,0,128,16,64,32,32,ws,961.0,28.89390519187359,13,377777.0,True,True,
pubmed_gcnii16,4,0,P3_COST_AWARE,1,66,16,64,32,32,ws,713.0,20.689655172413797,13,377777.0,True,True,
pubmed_gcnii16,4,0,P3_COST_AWARE,2,116,16,64,32,32,ws,913.0,27.684964200477328,13,377777.0,True,True,
pubmed_gcnii16,4,0,P3_COST_AWARE,3,126,16,64,32,32,ws,953.0,28.701594533029613,13,377777.0,True,True,
pubmed_gcnii16,4,0,P3_COST_AWARE,0,128,16,64,32,32,ws,961.0,28.89390519187359,13,377777.0,True,True,
pubmed_gcnii16,4,0,P3_COST_AWARE,1,96,16,64,32,32,ws,833.0,25.32981530343008,13,377777.0,True,True,
pubmed_gcnii16,4,0,P3_COST_AWARE,2,82,16,64,32,32,ws,777.0,23.36182336182336,13,377777.0,True,True,
pubmed_gcnii16,4,0,P3_COST_AWARE,3,118,16,64,32,32,ws,921.0,27.89598108747045,13,377777.0,True,True,
pubmed_gcnii16,4,0,P3_COST_AWARE,0,128,16,64,32,32,ws,961.0,28.89390519187359,13,377777.0,True,True,
pubmed_gcnii16,4,0,P3_COST_AWARE,1,78,16,64,32,32,ws,761.0,22.740524781341108,13,377777.0,True,True,
pubmed_gcnii16,4,0,P3_COST_AWARE,2,108,16,64,32,32,ws,881.0,26.799007444168733,13,377777.0,True,True,
pubmed_gcnii16,4,0,P3_COST_AWARE,3,122,16,64,32,32,ws,937.0,28.306264501160094,13,377777.0,True,True,
pubmed_gcnii16,4,0,P3_COST_AWARE,0,128,16,64,32,32,ws,961.0,28.89390519187359,13,377777.0,True,True,
pubmed_gcnii16,4,0,P3_COST_AWARE,1,94,16,64,32,32,ws,825.0,25.066666666666663,13,377777.0,True,True,
pubmed_gcnii16,4,0,P3_COST_AWARE,2,52,16,64,32,32,ws,657.0,17.869415807560138,12,377777.0,True,True,
pubmed_gcnii16,4,0,P3_COST_AWARE,0,128,16,64,32,32,ws,961.0,28.89390519187359,13,377777.0,True,True,
pubmed_gcnii16,4,0,P3_COST_AWARE,1,110,16,64,32,32,ws,889.0,27.027027027027028,13,377777.0,True,True,
pubmed_gcnii16,4,0,P3_COST_AWARE,2,62,16,64,32,32,ws,697.0,19.935691318327976,13,377777.0,True,True,
pubmed_gcnii16,4,0,P3_COST_AWARE,3,82,16,64,32,32,ws,777.0,23.36182336182336,13,377777.0,True,True,
pubmed_gcnii16,4,0,P3_COST_AWARE,0,128,16,64,32,32,ws,961.0,28.89390519187359,13,377777.0,True,True,
pubmed_gcnii16,4,0,P3_COST_AWARE,1,112,16,64,32,32,ws,897.0,27.25060827250608,13,377777.0,True,True,
pubmed_gcnii16,4,0,P3_COST_AWARE,2,96,16,64,32,32,ws,833.0,25.32981530343008,13,377777.0,True,True,
pubmed_gcnii16,4,0,P3_COST_AWARE,3,102,16,64,32,32,ws,857.0,26.08695652173913,13,377777.0,True,True,
pubmed_gcnii16,4,0,P3_COST_AWARE,0,128,16,64,32,32,ws,961.0,28.89390519187359,13,377777.0,True,True,
pubmed_gcnii16,4,0,P3_COST_AWARE,2,128,16,64,32,32,ws,961.0,28.89390519187359,13,377777.0,True,True,
pubmed_gcnii16,4,0,P3_COST_AWARE,3,126,16,64,32,32,ws,953.0,28.701594533029613,13,377777.0,True,True,
pubmed_gcnii16,4,0,P3_COST_AWARE,0,128,16,64,32,32,ws,961.0,28.89390519187359,13,377777.0,True,True,
pubmed_gcnii16,4,0,P3_COST_AWARE,1,50,16,64,32,32,ws,649.0,17.421602787456447,13,377777.0,True,True,
pubmed_gcnii16,4,0,P3_COST_AWARE,2,108,16,64,32,32,ws,881.0,26.799007444168733,12,377777.0,True,True,
pubmed_gcnii16,4,0,P3_COST_AWARE,3,126,16,64,32,32,ws,953.0,28.701594533029613,13,377777.0,True,True,
pubmed_gcnii16,4,0,P3_COST_AWARE,0,128,16,64,32,32,ws,961.0,28.89390519187359,13,377777.0,True,True,
pubmed_gcnii16,4,0,P3_COST_AWARE,1,118,16,64,32,32,ws,921.0,27.89598108747045,13,377777.0,True,True,
pubmed_gcnii16,4,0,P3_COST_AWARE,2,114,16,64,32,32,ws,905.0,27.46987951807229,13,377777.0,True,True,
pubmed_gcnii16,4,0,P3_COST_AWARE,3,118,16,64,32,32,ws,921.0,27.89598108747045,13,377777.0,True,True,
pubmed_gcnii16,4,0,P3_COST_AWARE,0,128,16,64,32,32,ws,961.0,28.89390519187359,13,377777.0,True,True,
pubmed_gcnii16,4,0,P3_COST_AWARE,1,113,16,64,32,32,ws,901.0,27.360774818401936,13,377777.0,True,True,
pubmed_gcnii16,4,0,P3_COST_AWARE,2,120,16,64,32,32,ws,929.0,28.10304449648712,13,377777.0,True,True,
pubmed_gcnii16,4,0,P3_COST_AWARE,3,124,16,64,32,32,ws,945.0,28.50574712643678,13,377777.0,True,True,
pubmed_gcnii16,4,0,P3_COST_AWARE,0,128,16,64,32,32,ws,961.0,28.89390519187359,13,377777.0,True,True,
pubmed_gcnii16,4,0,P3_COST_AWARE,1,106,16,64,32,32,ws,873.0,26.56641604010025,13,377777.0,True,True,
pubmed_gcnii16,4,0,P3_COST_AWARE,2,128,16,64,32,32,ws,961.0,28.89390519187359,13,377777.0,True,True,
pubmed_gcnii16,4,0,P3_COST_AWARE,3,128,16,64,32,32,ws,961.0,28.89390519187359,13,377777.0,True,True,
pubmed_gcnii16,4,0,P3_COST_AWARE,0,128,16,64,32,32,ws,961.0,28.89390519187359,13,377777.0,True,True,
pubmed_gcnii16,4,0,P3_COST_AWARE,1,114,16,64,32,32,ws,905.0,27.46987951807229,13,377777.0,True,True,
pubmed_gcnii16,4,0,P3_COST_AWARE,2,122,16,64,32,32,ws,937.0,28.306264501160094,13,377777.0,True,True,
pubmed_gcnii16,4,0,P3_COST_AWARE,3,122,16,64,32,32,ws,937.0,28.306264501160094,13,377777.0,True,True,
pubmed_gcnii16,4,0,P3_COST_AWARE,0,128,16,64,32,32,ws,961.0,28.89390519187359,13,377777.0,True,True,
pubmed_gcnii16,4,0,P3_COST_AWARE,1,111,16,64,32,32,ws,893.0,27.139364303178485,13,377777.0,True,True,
pubmed_gcnii16,4,0,P3_COST_AWARE,2,76,16,64,32,32,ws,753.0,22.4188790560472,13,377777.0,True,True,
pubmed_gcnii16,4,0,P3_COST_AWARE,3,92,16,64,32,32,ws,817.0,24.797843665768195,13,377777.0,True,True,
pubmed_gcnii16,4,0,P3_COST_AWARE,0,128,16,64,32,32,ws,961.0,28.89390519187359,13,377777.0,True,True,
pubmed_gcnii16,4,0,P3_COST_AWARE,1,126,16,64,32,32,ws,953.0,28.701594533029613,13,377777.0,True,True,
pubmed_gcnii16,4,0,P3_COST_AWARE,0,128,16,64,32,32,ws,961.0,28.89390519187359,13,377777.0,True,True,
pubmed_gcnii16,4,0,P3_COST_AWARE,1,126,16,64,32,32,ws,953.0,28.701594533029613,13,377777.0,True,True,
pubmed_gcnii16,4,0,P3_COST_AWARE,2,106,16,64,32,32,ws,873.0,26.56641604010025,13,377777.0,True,True,
pubmed_gcnii16,4,0,P3_COST_AWARE,3,116,16,64,32,32,ws,913.0,27.684964200477328,13,377777.0,True,True,
pubmed_gcnii16,4,0,P3_COST_AWARE,0,128,16,64,32,32,ws,961.0,28.89390519187359,13,377777.0,True,True,
pubmed_gcnii16,4,0,P3_COST_AWARE,1,112,16,64,32,32,ws,897.0,27.25060827250608,13,377777.0,True,True,
pubmed_gcnii16,4,0,P3_COST_AWARE,2,104,16,64,32,32,ws,865.0,26.329113924050635,13,377777.0,True,True,
pubmed_gcnii16,4,0,P3_COST_AWARE,3,108,16,64,32,32,ws,881.0,26.799007444168733,13,377777.0,True,True,
pubmed_gcnii16,4,0,P3_COST_AWARE,0,128,16,64,32,32,ws,961.0,28.89390519187359,13,377777.0,True,True,
pubmed_gcnii16,4,0,P3_COST_AWARE,1,126,16,64,32,32,ws,953.0,28.701594533029613,13,377777.0,True,True,
pubmed_gcnii16,4,0,P3_COST_AWARE,2,54,16,64,32,32,ws,665.0,18.305084745762716,13,377777.0,True,True,
pubmed_gcnii16,4,0,P3_COST_AWARE,3,86,16,64,32,32,ws,793.0,23.95543175487465,13,377777.0,True,True,
pubmed_gcnii16,4,0,P3_COST_AWARE,0,128,16,64,32,32,ws,961.0,28.89390519187359,13,377777.0,True,True,
pubmed_gcnii16,4,0,P3_COST_AWARE,1,124,16,64,32,32,ws,945.0,28.50574712643678,13,377777.0,True,True,
pubmed_gcnii16,4,0,P3_COST_AWARE,2,52,16,64,32,32,ws,657.0,17.869415807560138,13,377777.0,True,True,
pubmed_gcnii16,4,0,P3_COST_AWARE,3,66,16,64,32,32,ws,713.0,20.689655172413797,13,377777.0,True,True,
pubmed_gcnii16,4,0,P3_COST_AWARE,0,128,16,64,32,32,ws,961.0,28.89390519187359,13,377777.0,True,True,
pubmed_gcnii16,4,0,P3_COST_AWARE,1,116,16,64,32,32,ws,913.0,27.684964200477328,13,377777.0,True,True,
pubmed_gcnii16,4,0,P3_COST_AWARE,2,117,16,64,32,32,ws,917.0,27.790973871733968,13,377777.0,True,True,
pubmed_gcnii16,4,0,P3_COST_AWARE,3,122,16,64,32,32,ws,937.0,28.306264501160094,13,377777.0,True,True,
pubmed_gcnii16,4,0,P3_COST_AWARE,0,128,16,64,32,32,ws,961.0,28.89390519187359,13,377777.0,True,True,
pubmed_gcnii16,4,0,P3_COST_AWARE,1,76,16,64,32,32,ws,753.0,22.4188790560472,13,377777.0,True,True,
pubmed_gcnii16,4,0,P3_COST_AWARE,2,128,16,64,32,32,ws,961.0,28.89390519187359,13,377777.0,True,True,
pubmed_gcnii16,4,0,P3_COST_AWARE,3,126,16,64,32,32,ws,953.0,28.701594533029613,13,377777.0,True,True,
pubmed_gcnii16,4,0,P3_COST_AWARE,0,128,16,64,32,32,ws,961.0,28.89390519187359,13,377777.0,True,True,
pubmed_gcnii16,4,0,P3_COST_AWARE,2,128,16,64,32,32,ws,961.0,28.89390519187359,13,377777.0,True,True,
pubmed_gcnii16,4,0,P3_COST_AWARE,3,126,16,64,32,32,ws,953.0,28.701594533029613,13,377777.0,True,True,
pubmed_gcnii16,4,0,P3_COST_AWARE,0,128,16,64,32,32,ws,961.0,28.89390519187359,13,377777.0,True,True,
pubmed_gcnii16,4,0,P3_COST_AWARE,1,108,16,64,32,32,ws,881.0,26.799007444168733,13,377777.0,True,True,
pubmed_gcnii16,4,0,P3_COST_AWARE,2,66,16,64,32,32,ws,713.0,20.689655172413797,13,377777.0,True,True,
pubmed_gcnii16,4,0,P3_COST_AWARE,3,92,16,64,32,32,ws,817.0,24.797843665768195,13,377777.0,True,True,
pubmed_gcnii16,4,0,P3_COST_AWARE,0,128,16,64,32,32,ws,961.0,28.89390519187359,13,377777.0,True,True,
pubmed_gcnii16,4,0,P3_COST_AWARE,1,127,16,64,32,32,ws,957.0,28.798185941043084,13,377777.0,True,True,
pubmed_gcnii16,4,0,P3_COST_AWARE,2,46,16,64,32,32,ws,633.0,16.487455197132615,13,377777.0,True,True,
pubmed_gcnii16,4,0,P3_COST_AWARE,0,128,16,64,32,32,ws,961.0,28.89390519187359,13,377777.0,True,True,
pubmed_gcnii16,4,0,P3_COST_AWARE,1,125,16,64,32,32,ws,949.0,28.60411899313501,13,377777.0,True,True,
pubmed_gcnii16,4,0,P3_COST_AWARE,2,50,16,64,32,32,ws,649.0,17.421602787456447,13,377777.0,True,True,
pubmed_gcnii16,4,0,P3_COST_AWARE,3,65,16,64,32,32,ws,709.0,20.50473186119874,13,377777.0,True,True,
pubmed_gcnii16,4,0,P3_COST_AWARE,0,128,16,64,32,32,ws,961.0,28.89390519187359,13,377777.0,True,True,
pubmed_gcnii16,4,0,P3_COST_AWARE,1,128,16,64,32,32,ws,961.0,28.89390519187359,13,377777.0,True,True,
pubmed_gcnii16,4,0,P3_COST_AWARE,0,128,16,64,32,32,ws,961.0,28.89390519187359,13,377777.0,True,True,
pubmed_gcnii16,4,0,P3_COST_AWARE,1,100,16,64,32,32,ws,849.0,25.839793281653748,13,377777.0,True,True,
pubmed_gcnii16,4,0,P3_COST_AWARE,2,74,16,64,32,32,ws,745.0,22.08955223880597,13,377777.0,True,True,
pubmed_gcnii16,4,0,P3_COST_AWARE,3,96,16,64,32,32,ws,833.0,25.32981530343008,13,377777.0,True,True,
pubmed_gcnii16,4,0,P3_COST_AWARE,0,128,16,64,32,32,ws,961.0,28.89390519187359,13,377777.0,True,True,
pubmed_gcnii16,4,0,P3_COST_AWARE,2,128,16,64,32,32,ws,961.0,28.89390519187359,11,377777.0,True,True,
pubmed_gcnii16,4,0,P3_COST_AWARE,3,113,16,64,32,32,ws,901.0,27.360774818401936,13,377777.0,True,True,
pubmed_gcnii16,4,0,P3_COST_AWARE,0,128,16,64,32,32,ws,961.0,28.89390519187359,13,377777.0,True,True,
pubmed_gcnii16,4,0,P3_COST_AWARE,1,111,16,64,32,32,ws,893.0,27.139364303178485,13,377777.0,True,True,
pubmed_gcnii16,4,0,P3_COST_AWARE,2,70,16,64,32,32,ws,729.0,21.406727828746178,13,377777.0,True,True,
pubmed_gcnii16,4,0,P3_COST_AWARE,3,60,16,64,32,32,ws,689.0,19.54397394136808,13,377777.0,True,True,
pubmed_gcnii16,4,0,P3_COST_AWARE,0,128,16,64,32,32,ws,961.0,28.89390519187359,13,377777.0,True,True,
pubmed_gcnii16,4,0,P3_COST_AWARE,1,119,16,64,32,32,ws,925.0,28.0,13,377777.0,True,True,
pubmed_gcnii16,4,0,P3_COST_AWARE,2,56,16,64,32,32,ws,673.0,18.72909698996656,13,377777.0,True,True,
pubmed_gcnii16,4,0,P3_COST_AWARE,3,68,16,64,32,32,ws,721.0,21.05263157894737,13,377777.0,True,True,
pubmed_gcnii16,4,0,P3_COST_AWARE,0,128,16,64,32,32,ws,961.0,28.89390519187359,13,377777.0,True,True,
pubmed_gcnii16,4,0,P3_COST_AWARE,1,108,16,64,32,32,ws,881.0,26.799007444168733,13,377777.0,True,True,
pubmed_gcnii16,4,0,P3_COST_AWARE,0,128,16,64,32,32,ws,961.0,28.89390519187359,13,377777.0,True,True,
pubmed_gcnii16,4,0,P3_COST_AWARE,1,112,16,64,32,32,ws,897.0,27.25060827250608,13,377777.0,True,True,
pubmed_gcnii16,4,0,P3_COST_AWARE,2,72,16,64,32,32,ws,737.0,21.75226586102719,13,377777.0,True,True,
pubmed_gcnii16,4,0,P3_COST_AWARE,3,112,16,64,32,32,ws,897.0,27.25060827250608,13,377777.0,True,True,
pubmed_gcnii16,4,0,P3_COST_AWARE,0,128,16,64,32,32,ws,961.0,28.89390519187359,13,377777.0,True,True,
pubmed_gcnii16,4,0,P3_COST_AWARE,1,128,16,64,32,32,ws,961.0,28.89390519187359,13,377777.0,True,True,
pubmed_gcnii16,4,0,P3_COST_AWARE,2,56,16,64,32,32,ws,673.0,18.72909698996656,13,377777.0,True,True,
pubmed_gcnii16,4,0,P3_COST_AWARE,3,66,16,64,32,32,ws,713.0,20.689655172413797,13,377777.0,True,True,
pubmed_gcnii16,4,0,P3_COST_AWARE,0,128,16,64,32,32,ws,961.0,28.89390519187359,13,377777.0,True,True,
pubmed_gcnii16,4,0,P3_COST_AWARE,1,111,16,64,32,32,ws,893.0,27.139364303178485,13,377777.0,True,True,
pubmed_gcnii16,4,0,P3_COST_AWARE,2,48,16,64,32,32,ws,641.0,16.96113074204947,10,377777.0,True,True,
pubmed_gcnii16,4,0,P3_COST_AWARE,0,128,16,64,32,32,ws,961.0,28.89390519187359,13,377777.0,True,True,
pubmed_gcnii16,4,0,P3_COST_AWARE,1,128,16,64,32,32,ws,961.0,28.89390519187359,13,377777.0,True,True,
pubmed_gcnii16,4,0,P3_COST_AWARE,0,128,16,64,32,32,ws,961.0,28.89390519187359,13,377777.0,True,True,
pubmed_gcnii16,4,0,P3_COST_AWARE,1,128,16,64,32,32,ws,961.0,28.89390519187359,13,377777.0,True,True,
pubmed_gcnii16,4,0,P3_COST_AWARE,2,74,16,64,32,32,ws,745.0,22.08955223880597,13,377777.0,True,True,
pubmed_gcnii16,4,0,P3_COST_AWARE,3,98,16,64,32,32,ws,841.0,25.587467362924283,13,377777.0,True,True,
pubmed_gcnii16,4,0,P3_COST_AWARE,0,128,16,64,32,32,ws,961.0,28.89390519187359,13,377777.0,True,True,
pubmed_gcnii16,4,0,P3_COST_AWARE,1,128,16,64,32,32,ws,961.0,28.89390519187359,13,377777.0,True,True,
pubmed_gcnii16,4,0,P3_COST_AWARE,2,60,16,64,32,32,ws,689.0,19.54397394136808,13,377777.0,True,True,
pubmed_gcnii16,4,0,P3_COST_AWARE,3,92,16,64,32,32,ws,817.0,24.797843665768195,13,377777.0,True,True,
pubmed_gcnii16,4,0,P3_COST_AWARE,0,128,16,64,32,32,ws,961.0,28.89390519187359,13,377777.0,True,True,
pubmed_gcnii16,4,0,P3_COST_AWARE,1,128,16,64,32,32,ws,961.0,28.89390519187359,13,377777.0,True,True,
pubmed_gcnii16,4,0,P3_COST_AWARE,2,50,16,64,32,32,ws,649.0,17.421602787456447,13,377777.0,True,True,
pubmed_gcnii16,4,0,P3_COST_AWARE,3,64,16,64,32,32,ws,705.0,20.31746031746032,13,377777.0,True,True,
pubmed_gcnii16,4,0,P3_COST_AWARE,0,128,16,64,32,32,ws,961.0,28.89390519187359,13,377777.0,True,True,
pubmed_gcnii16,4,0,P3_COST_AWARE,1,128,16,64,32,32,ws,961.0,28.89390519187359,13,377777.0,True,True,
pubmed_gcnii16,4,0,P3_COST_AWARE,2,62,16,64,32,32,ws,697.0,19.935691318327976,13,377777.0,True,True,
pubmed_gcnii16,4,0,P3_COST_AWARE,0,128,16,64,32,32,ws,961.0,28.89390519187359,13,377777.0,True,True,
pubmed_gcnii16,4,0,P3_COST_AWARE,1,128,16,64,32,32,ws,961.0,28.89390519187359,13,377777.0,True,True,
pubmed_gcnii16,4,0,P3_COST_AWARE,2,46,16,64,32,32,ws,633.0,16.487455197132615,13,377777.0,True,True,
pubmed_gcnii16,4,0,P3_COST_AWARE,0,128,16,64,32,32,ws,961.0,28.89390519187359,13,377777.0,True,True,
pubmed_gcnii16,4,0,P3_COST_AWARE,1,128,16,64,32,32,ws,961.0,28.89390519187359,13,377777.0,True,True,
pubmed_gcnii16,4,0,P3_COST_AWARE,2,114,16,64,32,32,ws,905.0,27.46987951807229,13,377777.0,True,True,
pubmed_gcnii16,4,0,P3_COST_AWARE,3,118,16,64,32,32,ws,921.0,27.89598108747045,13,377777.0,True,True,
pubmed_gcnii16,4,0,P3_COST_AWARE,0,128,16,64,32,32,ws,961.0,28.89390519187359,13,377777.0,True,True,
pubmed_gcnii16,4,0,P3_COST_AWARE,1,120,16,64,32,32,ws,929.0,28.10304449648712,13,377777.0,True,True,
pubmed_gcnii16,4,0,P3_COST_AWARE,2,85,16,64,32,32,ws,789.0,23.80952380952381,13,377777.0,True,True,
pubmed_gcnii16,4,0,P3_COST_AWARE,3,86,16,64,32,32,ws,793.0,23.95543175487465,13,377777.0,True,True,
pubmed_gcnii16,4,0,P3_COST_AWARE,0,128,16,64,32,32,ws,961.0,28.89390519187359,13,377777.0,True,True,
pubmed_gcnii16,4,0,P3_COST_AWARE,1,123,16,64,32,32,ws,941.0,28.40646651270208,13,377777.0,True,True,
pubmed_gcnii16,4,0,P3_COST_AWARE,2,120,16,64,32,32,ws,929.0,28.10304449648712,13,377777.0,True,True,
pubmed_gcnii16,4,0,P3_COST_AWARE,3,126,16,64,32,32,ws,953.0,28.701594533029613,13,377777.0,True,True,
pubmed_gcnii16,4,0,P3_COST_AWARE,0,128,16,64,32,32,ws,961.0,28.89390519187359,13,377777.0,True,True,
pubmed_gcnii16,4,0,P3_COST_AWARE,1,126,16,64,32,32,ws,953.0,28.701594533029613,13,377777.0,True,True,
pubmed_gcnii16,4,0,P3_COST_AWARE,2,121,16,64,32,32,ws,933.0,28.205128205128204,13,377777.0,True,True,
pubmed_gcnii16,4,0,P3_COST_AWARE,3,127,16,64,32,32,ws,957.0,28.798185941043084,13,377777.0,True,True,
pubmed_gcnii16,4,0,P3_COST_AWARE,0,128,16,64,32,32,ws,961.0,28.89390519187359,13,377777.0,True,True,
pubmed_gcnii16,4,0,P3_COST_AWARE,1,128,16,64,32,32,ws,961.0,28.89390519187359,13,377777.0,True,True,
pubmed_gcnii16,4,0,P3_COST_AWARE,0,128,16,64,32,32,ws,961.0,28.89390519187359,13,377777.0,True,True,
pubmed_gcnii16,4,0,P3_COST_AWARE,1,128,16,64,32,32,ws,961.0,28.89390519187359,13,377777.0,True,True,
pubmed_gcnii16,4,0,P3_COST_AWARE,2,85,16,64,32,32,ws,789.0,23.80952380952381,13,377777.0,True,True,
pubmed_gcnii16,4,0,P3_COST_AWARE,3,88,16,64,32,32,ws,801.0,24.24242424242424,13,377777.0,True,True,
pubmed_gcnii16,4,0,P3_COST_AWARE,0,128,16,64,32,32,ws,961.0,28.89390519187359,13,377777.0,True,True,
pubmed_gcnii16,4,0,P3_COST_AWARE,1,128,16,64,32,32,ws,961.0,28.89390519187359,13,377777.0,True,True,
pubmed_gcnii16,4,0,P3_COST_AWARE,2,117,16,64,32,32,ws,917.0,27.790973871733968,13,377777.0,True,True,
pubmed_gcnii16,4,0,P3_COST_AWARE,3,124,16,64,32,32,ws,945.0,28.50574712643678,13,377777.0,True,True,
pubmed_gcnii16,4,0,P3_COST_AWARE,0,128,16,64,32,32,ws,961.0,28.89390519187359,13,377777.0,True,True,
pubmed_gcnii16,4,0,P3_COST_AWARE,1,128,16,64,32,32,ws,961.0,28.89390519187359,13,377777.0,True,True,
pubmed_gcnii16,4,0,P3_COST_AWARE,2,128,16,64,32,32,ws,961.0,28.89390519187359,13,377777.0,True,True,
pubmed_gcnii16,4,0,P3_COST_AWARE,3,128,16,64,32,32,ws,961.0,28.89390519187359,13,377777.0,True,True,
pubmed_gcnii16,4,0,P3_COST_AWARE,0,128,16,64,32,32,ws,961.0,28.89390519187359,13,377777.0,True,True,
pubmed_gcnii16,4,0,P3_COST_AWARE,1,128,16,64,32,32,ws,961.0,28.89390519187359,13,377777.0,True,True,
pubmed_gcnii16,4,0,P3_COST_AWARE,2,128,16,64,32,32,ws,961.0,28.89390519187359,13,377777.0,True,True,
pubmed_gcnii16,4,0,P3_COST_AWARE,3,128,16,64,32,32,ws,961.0,28.89390519187359,13,377777.0,True,True,
pubmed_gcnii16,4,0,P3_COST_AWARE,0,128,16,64,32,32,ws,961.0,28.89390519187359,13,377777.0,True,True,
pubmed_gcnii16,4,0,P3_COST_AWARE,1,106,16,64,32,32,ws,873.0,26.56641604010025,13,377777.0,True,True,
pubmed_gcnii16,4,0,P3_COST_AWARE,2,86,16,64,32,32,ws,793.0,23.95543175487465,13,377777.0,True,True,
pubmed_gcnii16,4,0,P3_COST_AWARE,3,102,16,64,32,32,ws,857.0,26.08695652173913,13,377777.0,True,True,
pubmed_gcnii16,4,0,P3_COST_AWARE,0,128,16,64,32,32,ws,961.0,28.89390519187359,13,377777.0,True,True,
pubmed_gcnii16,4,0,P3_COST_AWARE,2,128,16,64,32,32,ws,961.0,28.89390519187359,13,377777.0,True,True,
pubmed_gcnii16,4,0,P3_COST_AWARE,3,128,16,64,32,32,ws,961.0,28.89390519187359,13,377777.0,True,True,
pubmed_gcnii16,4,0,P3_COST_AWARE,0,128,16,64,32,32,ws,961.0,28.89390519187359,13,377777.0,True,True,
pubmed_gcnii16,4,0,P3_COST_AWARE,1,94,16,64,32,32,ws,825.0,25.066666666666663,13,377777.0,True,True,
pubmed_gcnii16,4,0,P3_COST_AWARE,2,127,16,64,32,32,ws,957.0,28.798185941043084,13,377777.0,True,True,
pubmed_gcnii16,4,0,P3_COST_AWARE,3,128,16,64,32,32,ws,961.0,28.89390519187359,13,377777.0,True,True,
pubmed_gcnii16,4,0,P3_COST_AWARE,0,128,16,64,32,32,ws,961.0,28.89390519187359,13,377777.0,True,True,
pubmed_gcnii16,4,0,P3_COST_AWARE,1,106,16,64,32,32,ws,873.0,26.56641604010025,13,377777.0,True,True,
pubmed_gcnii16,4,0,P3_COST_AWARE,2,84,16,64,32,32,ws,785.0,23.66197183098592,13,377777.0,True,True,
pubmed_gcnii16,4,0,P3_COST_AWARE,3,106,16,64,32,32,ws,873.0,26.56641604010025,13,377777.0,True,True,
pubmed_gcnii16,4,0,P3_COST_AWARE,0,128,16,64,32,32,ws,961.0,28.89390519187359,13,377777.0,True,True,
pubmed_gcnii16,4,0,P3_COST_AWARE,1,128,16,64,32,32,ws,961.0,28.89390519187359,13,377777.0,True,True,
pubmed_gcnii16,4,0,P3_COST_AWARE,0,128,16,64,32,32,ws,961.0,28.89390519187359,13,377777.0,True,True,
pubmed_gcnii16,4,0,P3_COST_AWARE,1,128,16,64,32,32,ws,961.0,28.89390519187359,13,377777.0,True,True,
pubmed_gcnii16,4,0,P3_COST_AWARE,2,34,16,64,32,32,ws,585.0,13.333333333333334,13,377777.0,True,True,
pubmed_gcnii16,4,0,P3_COST_AWARE,0,128,16,64,32,32,ws,961.0,28.89390519187359,13,377777.0,True,True,
pubmed_gcnii16,4,0,P3_COST_AWARE,1,126,16,64,32,32,ws,953.0,28.701594533029613,11,377777.0,True,True,
pubmed_gcnii16,4,0,P3_COST_AWARE,2,128,16,64,32,32,ws,961.0,28.89390519187359,13,377777.0,True,True,
pubmed_gcnii16,4,0,P3_COST_AWARE,3,128,16,64,32,32,ws,961.0,28.89390519187359,13,377777.0,True,True,
pubmed_gcnii16,4,0,P3_COST_AWARE,0,128,16,64,32,32,ws,961.0,28.89390519187359,13,377777.0,True,True,
pubmed_gcnii16,4,0,P3_COST_AWARE,1,89,16,64,32,32,ws,805.0,24.383561643835616,13,377777.0,True,True,
pubmed_gcnii16,4,0,P3_COST_AWARE,2,126,16,64,32,32,ws,953.0,28.701594533029613,13,377777.0,True,True,
pubmed_gcnii16,4,0,P3_COST_AWARE,3,128,16,64,32,32,ws,961.0,28.89390519187359,13,377777.0,True,True,
pubmed_gcnii16,4,0,P3_COST_AWARE,0,128,16,64,32,32,ws,961.0,28.89390519187359,13,377777.0,True,True,
pubmed_gcnii16,4,0,P3_COST_AWARE,2,126,16,64,32,32,ws,953.0,28.701594533029613,13,377777.0,True,True,
pubmed_gcnii16,4,0,P3_COST_AWARE,3,128,16,64,32,32,ws,961.0,28.89390519187359,13,377777.0,True,True,
pubmed_gcnii16,4,0,P3_COST_AWARE,0,128,16,64,32,32,ws,961.0,28.89390519187359,13,377777.0,True,True,
pubmed_gcnii16,4,0,P3_COST_AWARE,1,60,16,64,32,32,ws,689.0,19.54397394136808,13,377777.0,True,True,
pubmed_gcnii16,4,0,P3_COST_AWARE,2,119,16,64,32,32,ws,925.0,28.0,12,377777.0,True,True,
pubmed_gcnii16,4,0,P3_COST_AWARE,3,127,16,64,32,32,ws,957.0,28.798185941043084,13,377777.0,True,True,
pubmed_gcnii16,4,0,P3_COST_AWARE,0,128,16,64,32,32,ws,961.0,28.89390519187359,13,377777.0,True,True,
pubmed_gcnii16,4,0,P3_COST_AWARE,1,92,16,64,32,32,ws,817.0,24.797843665768195,13,377777.0,True,True,
pubmed_gcnii16,4,0,P3_COST_AWARE,2,98,16,64,32,32,ws,841.0,25.587467362924283,13,377777.0,True,True,
pubmed_gcnii16,4,0,P3_COST_AWARE,3,114,16,64,32,32,ws,905.0,27.46987951807229,13,377777.0,True,True,
pubmed_gcnii16,4,0,P3_COST_AWARE,0,128,16,64,32,32,ws,961.0,28.89390519187359,13,377777.0,True,True,
pubmed_gcnii16,4,0,P3_COST_AWARE,1,108,16,64,32,32,ws,881.0,26.799007444168733,13,377777.0,True,True,
pubmed_gcnii16,4,0,P3_COST_AWARE,2,98,16,64,32,32,ws,841.0,25.587467362924283,13,377777.0,True,True,
pubmed_gcnii16,4,0,P3_COST_AWARE,3,122,16,64,32,32,ws,937.0,28.306264501160094,13,377777.0,True,True,
pubmed_gcnii16,4,0,P3_COST_AWARE,0,128,16,64,32,32,ws,961.0,28.89390519187359,13,377777.0,True,True,
pubmed_gcnii16,4,0,P3_COST_AWARE,1,128,16,64,32,32,ws,961.0,28.89390519187359,13,377777.0,True,True,
pubmed_gcnii16,4,0,P3_COST_AWARE,2,66,16,64,32,32,ws,713.0,20.689655172413797,13,377777.0,True,True,
pubmed_gcnii16,4,0,P3_COST_AWARE,3,118,16,64,32,32,ws,921.0,27.89598108747045,13,377777.0,True,True,
pubmed_gcnii16,4,0,P3_COST_AWARE,0,128,16,64,32,32,ws,961.0,28.89390519187359,13,377777.0,True,True,
pubmed_gcnii16,4,0,P3_COST_AWARE,1,122,16,64,32,32,ws,937.0,28.306264501160094,13,377777.0,True,True,
pubmed_gcnii16,4,0,P3_COST_AWARE,2,84,16,64,32,32,ws,785.0,23.66197183098592,13,377777.0,True,True,
pubmed_gcnii16,4,0,P3_COST_AWARE,3,126,16,64,32,32,ws,953.0,28.701594533029613,13,377777.0,True,True,
pubmed_gcnii16,4,0,P3_COST_AWARE,0,128,16,64,32,32,ws,961.0,28.89390519187359,13,377777.0,True,True,
pubmed_gcnii16,4,0,P3_COST_AWARE,1,98,16,64,32,32,ws,841.0,25.587467362924283,13,377777.0,True,True,
pubmed_gcnii16,4,0,P3_COST_AWARE,2,115,16,64,32,32,ws,909.0,27.57793764988009,13,377777.0,True,True,
pubmed_gcnii16,4,0,P3_COST_AWARE,3,122,16,64,32,32,ws,937.0,28.306264501160094,13,377777.0,True,True,
pubmed_gcnii16,4,0,P3_COST_AWARE,0,128,16,64,32,32,ws,961.0,28.89390519187359,13,377777.0,True,True,
pubmed_gcnii16,4,0,P3_COST_AWARE,1,113,16,64,32,32,ws,901.0,27.360774818401936,13,377777.0,True,True,
pubmed_gcnii16,4,0,P3_COST_AWARE,2,70,16,64,32,32,ws,729.0,21.406727828746178,13,377777.0,True,True,
pubmed_gcnii16,4,0,P3_COST_AWARE,3,116,16,64,32,32,ws,913.0,27.684964200477328,13,377777.0,True,True,
pubmed_gcnii16,4,0,P3_COST_AWARE,0,128,16,64,32,32,ws,961.0,28.89390519187359,13,377777.0,True,True,
pubmed_gcnii16,4,0,P3_COST_AWARE,1,127,16,64,32,32,ws,957.0,28.798185941043084,13,377777.0,True,True,
pubmed_gcnii16,4,0,P3_COST_AWARE,2,67,16,64,32,32,ws,717.0,20.87227414330218,13,377777.0,True,True,
pubmed_gcnii16,4,0,P3_COST_AWARE,3,88,16,64,32,32,ws,801.0,24.24242424242424,13,377777.0,True,True,
pubmed_gcnii16,4,0,P3_COST_AWARE,0,128,16,64,32,32,ws,961.0,28.89390519187359,13,377777.0,True,True,
pubmed_gcnii16,4,0,P3_COST_AWARE,1,116,16,64,32,32,ws,913.0,27.684964200477328,13,377777.0,True,True,
pubmed_gcnii16,4,0,P3_COST_AWARE,2,54,16,64,32,32,ws,665.0,18.305084745762716,11,377777.0,True,True,
pubmed_gcnii16,4,0,P3_COST_AWARE,0,128,16,64,32,32,ws,961.0,28.89390519187359,13,377777.0,True,True,
pubmed_gcnii16,4,0,P3_COST_AWARE,1,92,16,64,32,32,ws,817.0,24.797843665768195,13,377777.0,True,True,
pubmed_gcnii16,4,0,P3_COST_AWARE,2,76,16,64,32,32,ws,753.0,22.4188790560472,12,377777.0,True,True,
pubmed_gcnii16,4,0,P3_COST_AWARE,3,116,16,64,32,32,ws,913.0,27.684964200477328,13,377777.0,True,True,
pubmed_gcnii16,4,0,P3_COST_AWARE,0,128,16,64,32,32,ws,961.0,28.89390519187359,13,377777.0,True,True,
pubmed_gcnii16,4,0,P3_COST_AWARE,1,128,16,64,32,32,ws,961.0,28.89390519187359,13,377777.0,True,True,
pubmed_gcnii16,4,0,P3_COST_AWARE,0,128,16,64,32,32,ws,961.0,28.89390519187359,13,377777.0,True,True,
pubmed_gcnii16,4,0,P3_COST_AWARE,1,124,16,64,32,32,ws,945.0,28.50574712643678,13,377777.0,True,True,
pubmed_gcnii16,4,0,P3_COST_AWARE,2,38,16,64,32,32,ws,601.0,14.448669201520913,13,377777.0,True,True,
pubmed_gcnii16,4,0,P3_COST_AWARE,3,58,16,64,32,32,ws,681.0,19.141914191419144,13,377777.0,True,True,
pubmed_gcnii16,4,0,P3_COST_AWARE,0,128,16,64,32,32,ws,961.0,28.89390519187359,13,377777.0,True,True,
pubmed_gcnii16,4,0,P3_COST_AWARE,1,78,16,64,32,32,ws,761.0,22.740524781341108,13,377777.0,True,True,
pubmed_gcnii16,4,0,P3_COST_AWARE,2,106,16,64,32,32,ws,873.0,26.56641604010025,13,377777.0,True,True,
pubmed_gcnii16,4,0,P3_COST_AWARE,3,117,16,64,32,32,ws,917.0,27.790973871733968,13,377777.0,True,True,
pubmed_gcnii16,4,0,P3_COST_AWARE,0,128,16,64,32,32,ws,961.0,28.89390519187359,13,377777.0,True,True,
pubmed_gcnii16,4,0,P3_COST_AWARE,1,126,16,64,32,32,ws,953.0,28.701594533029613,13,377777.0,True,True,
pubmed_gcnii16,4,0,P3_COST_AWARE,2,112,16,64,32,32,ws,897.0,27.25060827250608,13,377777.0,True,True,
pubmed_gcnii16,4,0,P3_COST_AWARE,3,126,16,64,32,32,ws,953.0,28.701594533029613,13,377777.0,True,True,
pubmed_gcnii16,4,0,P3_COST_AWARE,0,128,16,64,32,32,ws,961.0,28.89390519187359,13,377777.0,True,True,
pubmed_gcnii16,4,0,P3_COST_AWARE,1,106,16,64,32,32,ws,873.0,26.56641604010025,13,377777.0,True,True,
pubmed_gcnii16,4,0,P3_COST_AWARE,2,92,16,64,32,32,ws,817.0,24.797843665768195,13,377777.0,True,True,
pubmed_gcnii16,4,0,P3_COST_AWARE,3,124,16,64,32,32,ws,945.0,28.50574712643678,13,377777.0,True,True,
pubmed_gcnii16,4,0,P3_COST_AWARE,0,128,16,64,32,32,ws,961.0,28.89390519187359,13,377777.0,True,True,
pubmed_gcnii16,4,0,P3_COST_AWARE,1,88,16,64,32,32,ws,801.0,24.24242424242424,13,377777.0,True,True,
pubmed_gcnii16,4,0,P3_COST_AWARE,2,96,16,64,32,32,ws,833.0,25.32981530343008,13,377777.0,True,True,
pubmed_gcnii16,4,0,P3_COST_AWARE,3,112,16,64,32,32,ws,897.0,27.25060827250608,13,377777.0,True,True,
pubmed_gcnii16,4,0,P3_COST_AWARE,0,128,16,64,32,32,ws,961.0,28.89390519187359,13,377777.0,True,True,
pubmed_gcnii16,4,0,P3_COST_AWARE,1,114,16,64,32,32,ws,905.0,27.46987951807229,13,377777.0,True,True,
pubmed_gcnii16,4,0,P3_COST_AWARE,2,94,16,64,32,32,ws,825.0,25.066666666666663,13,377777.0,True,True,
pubmed_gcnii16,4,0,P3_COST_AWARE,3,126,16,64,32,32,ws,953.0,28.701594533029613,13,377777.0,True,True,
pubmed_gcnii16,4,0,P3_COST_AWARE,0,128,16,64,32,32,ws,961.0,28.89390519187359,13,377777.0,True,True,
pubmed_gcnii16,4,0,P3_COST_AWARE,1,114,16,64,32,32,ws,905.0,27.46987951807229,13,377777.0,True,True,
pubmed_gcnii16,4,0,P3_COST_AWARE,2,118,16,64,32,32,ws,921.0,27.89598108747045,13,377777.0,True,True,
pubmed_gcnii16,4,0,P3_COST_AWARE,3,118,16,64,32,32,ws,921.0,27.89598108747045,13,377777.0,True,True,
pubmed_gcnii16,4,0,P3_COST_AWARE,0,128,16,64,32,32,ws,961.0,28.89390519187359,13,377777.0,True,True,
pubmed_gcnii16,4,0,P3_COST_AWARE,1,128,16,64,32,32,ws,961.0,28.89390519187359,13,377777.0,True,True,
pubmed_gcnii16,4,0,P3_COST_AWARE,2,40,16,64,32,32,ws,609.0,14.9812734082397,13,377777.0,True,True,
pubmed_gcnii16,4,0,P3_COST_AWARE,0,128,16,64,32,32,ws,961.0,28.89390519187359,13,377777.0,True,True,
pubmed_gcnii16,4,0,P3_COST_AWARE,1,127,16,64,32,32,ws,957.0,28.798185941043084,13,377777.0,True,True,
pubmed_gcnii16,4,0,P3_COST_AWARE,0,128,16,64,32,32,ws,961.0,28.89390519187359,13,377777.0,True,True,
pubmed_gcnii16,4,0,P3_COST_AWARE,1,128,16,64,32,32,ws,961.0,28.89390519187359,13,377777.0,True,True,
pubmed_gcnii16,4,0,P3_COST_AWARE,0,128,16,64,32,32,ws,961.0,28.89390519187359,13,377777.0,True,True,
pubmed_gcnii16,4,0,P3_COST_AWARE,1,128,16,64,32,32,ws,961.0,28.89390519187359,13,377777.0,True,True,
pubmed_gcnii16,4,0,P3_COST_AWARE,2,80,16,64,32,32,ws,769.0,23.054755043227665,13,377777.0,True,True,
pubmed_gcnii16,4,0,P3_COST_AWARE,3,90,16,64,32,32,ws,809.0,24.52316076294278,13,377777.0,True,True,
pubmed_gcnii16,4,0,P3_COST_AWARE,0,128,16,64,32,32,ws,961.0,28.89390519187359,13,377777.0,True,True,
pubmed_gcnii16,4,0,P3_COST_AWARE,1,128,16,64,32,32,ws,961.0,28.89390519187359,13,377777.0,True,True,
pubmed_gcnii16,4,0,P3_COST_AWARE,2,42,16,64,32,32,ws,617.0,15.498154981549815,13,377777.0,True,True,
pubmed_gcnii16,4,0,P3_COST_AWARE,0,128,16,64,32,32,ws,961.0,28.89390519187359,13,377777.0,True,True,
pubmed_gcnii16,4,0,P3_COST_AWARE,1,116,16,64,32,32,ws,913.0,27.684964200477328,13,377777.0,True,True,
pubmed_gcnii16,4,0,P3_COST_AWARE,2,86,16,64,32,32,ws,793.0,23.95543175487465,13,377777.0,True,True,
pubmed_gcnii16,4,0,P3_COST_AWARE,3,116,16,64,32,32,ws,913.0,27.684964200477328,13,377777.0,True,True,
pubmed_gcnii16,4,0,P3_COST_AWARE,0,128,16,64,32,32,ws,961.0,28.89390519187359,13,377777.0,True,True,
pubmed_gcnii16,4,0,P3_COST_AWARE,1,128,16,64,32,32,ws,961.0,28.89390519187359,13,377777.0,True,True,
pubmed_gcnii16,4,0,P3_COST_AWARE,2,62,16,64,32,32,ws,697.0,19.935691318327976,13,377777.0,True,True,
pubmed_gcnii16,4,0,P3_COST_AWARE,3,84,16,64,32,32,ws,785.0,23.66197183098592,13,377777.0,True,True,
pubmed_gcnii16,4,0,P3_COST_AWARE,0,128,16,64,32,32,ws,961.0,28.89390519187359,13,377777.0,True,True,
pubmed_gcnii16,4,0,P3_COST_AWARE,1,128,16,64,32,32,ws,961.0,28.89390519187359,13,377777.0,True,True,
pubmed_gcnii16,4,0,P3_COST_AWARE,0,128,16,64,32,32,ws,961.0,28.89390519187359,13,377777.0,True,True,
pubmed_gcnii16,4,0,P3_COST_AWARE,1,112,16,64,32,32,ws,897.0,27.25060827250608,13,377777.0,True,True,
pubmed_gcnii16,4,0,P3_COST_AWARE,2,84,16,64,32,32,ws,785.0,23.66197183098592,13,377777.0,True,True,
pubmed_gcnii16,4,0,P3_COST_AWARE,3,110,16,64,32,32,ws,889.0,27.027027027027028,13,377777.0,True,True,
pubmed_gcnii16,4,0,P3_COST_AWARE,0,128,16,64,32,32,ws,961.0,28.89390519187359,13,377777.0,True,True,
pubmed_gcnii16,4,0,P3_COST_AWARE,1,122,16,64,32,32,ws,937.0,28.306264501160094,13,377777.0,True,True,
pubmed_gcnii16,4,0,P3_COST_AWARE,2,39,16,64,32,32,ws,605.0,14.716981132075473,13,377777.0,True,True,
pubmed_gcnii16,4,0,P3_COST_AWARE,0,128,16,64,32,32,ws,961.0,28.89390519187359,13,377777.0,True,True,
pubmed_gcnii16,4,0,P3_COST_AWARE,1,128,16,64,32,32,ws,961.0,28.89390519187359,13,377777.0,True,True,
pubmed_gcnii16,4,0,P3_COST_AWARE,0,128,16,64,32,32,ws,961.0,28.89390519187359,13,377777.0,True,True,
pubmed_gcnii16,4,0,P3_COST_AWARE,1,128,16,64,32,32,ws,961.0,28.89390519187359,13,377777.0,True,True,
pubmed_gcnii16,4,0,P3_COST_AWARE,2,54,16,64,32,32,ws,665.0,18.305084745762716,13,377777.0,True,True,
pubmed_gcnii16,4,0,P3_COST_AWARE,0,128,16,64,32,32,ws,961.0,28.89390519187359,13,377777.0,True,True,
pubmed_gcnii16,4,0,P3_COST_AWARE,1,128,16,64,32,32,ws,961.0,28.89390519187359,13,377777.0,True,True,
pubmed_gcnii16,4,0,P3_COST_AWARE,2,90,16,64,32,32,ws,809.0,24.52316076294278,13,377777.0,True,True,
pubmed_gcnii16,4,0,P3_COST_AWARE,3,112,16,64,32,32,ws,897.0,27.25060827250608,13,377777.0,True,True,
pubmed_gcnii16,4,0,P3_COST_AWARE,0,128,16,64,32,32,ws,961.0,28.89390519187359,13,377777.0,True,True,
pubmed_gcnii16,4,0,P3_COST_AWARE,1,127,16,64,32,32,ws,957.0,28.798185941043084,13,377777.0,True,True,
pubmed_gcnii16,4,0,P3_COST_AWARE,2,99,16,64,32,32,ws,845.0,25.714285714285715,13,377777.0,True,True,
pubmed_gcnii16,4,0,P3_COST_AWARE,3,122,16,64,32,32,ws,937.0,28.306264501160094,13,377777.0,True,True,
pubmed_gcnii16,4,0,P3_COST_AWARE,0,128,16,64,32,32,ws,961.0,28.89390519187359,13,377777.0,True,True,
pubmed_gcnii16,4,0,P3_COST_AWARE,1,126,16,64,32,32,ws,953.0,28.701594533029613,13,377777.0,True,True,
pubmed_gcnii16,4,0,P3_COST_AWARE,2,116,16,64,32,32,ws,913.0,27.684964200477328,13,377777.0,True,True,
pubmed_gcnii16,4,0,P3_COST_AWARE,3,126,16,64,32,32,ws,953.0,28.701594533029613,13,377777.0,True,True,
pubmed_gcnii16,4,0,P3_COST_AWARE,0,128,16,64,32,32,ws,961.0,28.89390519187359,13,377777.0,True,True,
pubmed_gcnii16,4,0,P3_COST_AWARE,1,127,16,64,32,32,ws,957.0,28.798185941043084,13,377777.0,True,True,
pubmed_gcnii16,4,0,P3_COST_AWARE,2,128,16,64,32,32,ws,961.0,28.89390519187359,13,377777.0,True,True,
pubmed_gcnii16,4,0,P3_COST_AWARE,3,128,16,64,32,32,ws,961.0,28.89390519187359,13,377777.0,True,True,
pubmed_gcnii16,4,0,P3_COST_AWARE,0,128,16,64,32,32,ws,961.0,28.89390519187359,13,377777.0,True,True,
pubmed_gcnii16,4,0,P3_COST_AWARE,1,128,16,64,32,32,ws,961.0,28.89390519187359,13,377777.0,True,True,
pubmed_gcnii16,4,0,P3_COST_AWARE,2,128,16,64,32,32,ws,961.0,28.89390519187359,13,377777.0,True,True,
pubmed_gcnii16,4,0,P3_COST_AWARE,3,128,16,64,32,32,ws,961.0,28.89390519187359,13,377777.0,True,True,
pubmed_gcnii16,4,0,P3_COST_AWARE,0,128,16,64,32,32,ws,961.0,28.89390519187359,13,377777.0,True,True,
pubmed_gcnii16,4,0,P3_COST_AWARE,1,128,16,64,32,32,ws,961.0,28.89390519187359,13,377777.0,True,True,
pubmed_gcnii16,4,0,P3_COST_AWARE,2,106,16,64,32,32,ws,873.0,26.56641604010025,13,377777.0,True,True,
pubmed_gcnii16,4,0,P3_COST_AWARE,3,114,16,64,32,32,ws,905.0,27.46987951807229,13,377777.0,True,True,
pubmed_gcnii16,4,0,P3_COST_AWARE,0,128,16,64,32,32,ws,961.0,28.89390519187359,13,377777.0,True,True,
pubmed_gcnii16,4,0,P3_COST_AWARE,1,128,16,64,32,32,ws,961.0,28.89390519187359,13,377777.0,True,True,
pubmed_gcnii16,4,0,P3_COST_AWARE,2,128,16,64,32,32,ws,961.0,28.89390519187359,13,377777.0,True,True,
pubmed_gcnii16,4,0,P3_COST_AWARE,3,128,16,64,32,32,ws,961.0,28.89390519187359,13,377777.0,True,True,
pubmed_gcnii16,4,0,P3_COST_AWARE,0,128,16,64,32,32,ws,961.0,28.89390519187359,13,377777.0,True,True,
pubmed_gcnii16,4,0,P3_COST_AWARE,1,128,16,64,32,32,ws,961.0,28.89390519187359,13,377777.0,True,True,
pubmed_gcnii16,4,0,P3_COST_AWARE,2,128,16,64,32,32,ws,961.0,28.89390519187359,13,377777.0,True,True,
pubmed_gcnii16,4,0,P3_COST_AWARE,3,128,16,64,32,32,ws,961.0,28.89390519187359,13,377777.0,True,True,
pubmed_gcnii16,4,0,P3_COST_AWARE,0,128,16,64,32,32,ws,961.0,28.89390519187359,13,377777.0,True,True,
pubmed_gcnii16,4,0,P3_COST_AWARE,1,96,16,64,32,32,ws,833.0,25.32981530343008,13,377777.0,True,True,
pubmed_gcnii16,4,0,P3_COST_AWARE,2,80,16,64,32,32,ws,769.0,23.054755043227665,13,377777.0,True,True,
pubmed_gcnii16,4,0,P3_COST_AWARE,3,116,16,64,32,32,ws,913.0,27.684964200477328,13,377777.0,True,True,
pubmed_gcnii16,4,0,P3_COST_AWARE,0,128,16,64,32,32,ws,961.0,28.89390519187359,13,377777.0,True,True,
pubmed_gcnii16,4,0,P3_COST_AWARE,1,88,16,64,32,32,ws,801.0,24.24242424242424,13,377777.0,True,True,
pubmed_gcnii16,4,0,P3_COST_AWARE,2,76,16,64,32,32,ws,753.0,22.4188790560472,13,377777.0,True,True,
pubmed_gcnii16,4,0,P3_COST_AWARE,3,124,16,64,32,32,ws,945.0,28.50574712643678,13,377777.0,True,True,
pubmed_gcnii16,4,0,P3_COST_AWARE,0,128,16,64,32,32,ws,961.0,28.89390519187359,13,377777.0,True,True,
pubmed_gcnii16,4,0,P3_COST_AWARE,1,60,16,64,32,32,ws,689.0,19.54397394136808,13,377777.0,True,True,
pubmed_gcnii16,4,0,P3_COST_AWARE,2,98,16,64,32,32,ws,841.0,25.587467362924283,10,377777.0,True,True,
pubmed_gcnii16,4,0,P3_COST_AWARE,0,128,16,64,32,32,ws,961.0,28.89390519187359,13,377777.0,True,True,
pubmed_gcnii16,4,0,P3_COST_AWARE,1,90,16,64,32,32,ws,809.0,24.52316076294278,13,377777.0,True,True,
pubmed_gcnii16,4,0,P3_COST_AWARE,2,74,16,64,32,32,ws,745.0,22.08955223880597,9,377777.0,True,True,
pubmed_gcnii16,4,0,P3_COST_AWARE,0,128,16,64,32,32,ws,961.0,28.89390519187359,13,377777.0,True,True,
pubmed_gcnii16,4,0,P3_COST_AWARE,1,128,16,64,32,32,ws,961.0,28.89390519187359,13,377777.0,True,True,
pubmed_gcnii16,4,0,P3_COST_AWARE,2,64,16,64,32,32,ws,705.0,20.31746031746032,13,377777.0,True,True,
pubmed_gcnii16,4,0,P3_COST_AWARE,3,78,16,64,32,32,ws,761.0,22.740524781341108,13,377777.0,True,True,
pubmed_gcnii16,4,0,P3_COST_AWARE,0,128,16,64,32,32,ws,961.0,28.89390519187359,13,377777.0,True,True,
pubmed_gcnii16,4,0,P3_COST_AWARE,1,122,16,64,32,32,ws,937.0,28.306264501160094,13,377777.0,True,True,
pubmed_gcnii16,4,0,P3_COST_AWARE,0,128,16,64,32,32,ws,961.0,28.89390519187359,13,377777.0,True,True,
pubmed_gcnii16,4,0,P3_COST_AWARE,1,120,16,64,32,32,ws,929.0,28.10304449648712,13,377777.0,True,True,
pubmed_gcnii16,4,0,P3_COST_AWARE,2,80,16,64,32,32,ws,769.0,23.054755043227665,13,377777.0,True,True,
pubmed_gcnii16,4,0,P3_COST_AWARE,3,118,16,64,32,32,ws,921.0,27.89598108747045,13,377777.0,True,True,
pubmed_gcnii16,4,0,P3_COST_AWARE,0,128,16,64,32,32,ws,961.0,28.89390519187359,13,377777.0,True,True,
pubmed_gcnii16,4,0,P3_COST_AWARE,1,128,16,64,32,32,ws,961.0,28.89390519187359,13,377777.0,True,True,
pubmed_gcnii16,4,0,P3_COST_AWARE,2,59,16,64,32,32,ws,685.0,19.34426229508197,13,377777.0,True,True,
pubmed_gcnii16,4,0,P3_COST_AWARE,3,76,16,64,32,32,ws,753.0,22.4188790560472,13,377777.0,True,True,
pubmed_gcnii16,4,0,P3_COST_AWARE,0,128,16,64,32,32,ws,961.0,28.89390519187359,13,377777.0,True,True,
pubmed_gcnii16,4,0,P3_COST_AWARE,1,128,16,64,32,32,ws,961.0,28.89390519187359,13,377777.0,True,True,
pubmed_gcnii16,4,0,P3_COST_AWARE,0,128,16,64,32,32,ws,961.0,28.89390519187359,13,377777.0,True,True,
pubmed_gcnii16,4,0,P3_COST_AWARE,1,116,16,64,32,32,ws,913.0,27.684964200477328,13,377777.0,True,True,
pubmed_gcnii16,4,0,P3_COST_AWARE,2,66,16,64,32,32,ws,713.0,20.689655172413797,13,377777.0,True,True,
pubmed_gcnii16,4,0,P3_COST_AWARE,3,126,16,64,32,32,ws,953.0,28.701594533029613,13,377777.0,True,True,
pubmed_gcnii16,4,0,P3_COST_AWARE,0,128,16,64,32,32,ws,961.0,28.89390519187359,13,377777.0,True,True,
pubmed_gcnii16,4,0,P3_COST_AWARE,1,124,16,64,32,32,ws,945.0,28.50574712643678,13,377777.0,True,True,
pubmed_gcnii16,4,0,P3_COST_AWARE,2,73,16,64,32,32,ws,741.0,21.92192192192192,13,377777.0,True,True,
pubmed_gcnii16,4,0,P3_COST_AWARE,3,86,16,64,32,32,ws,793.0,23.95543175487465,13,377777.0,True,True,
pubmed_gcnii16,4,0,P3_COST_AWARE,0,128,16,64,32,32,ws,961.0,28.89390519187359,13,377777.0,True,True,
pubmed_gcnii16,4,0,P3_COST_AWARE,1,123,16,64,32,32,ws,941.0,28.40646651270208,13,377777.0,True,True,
pubmed_gcnii16,4,0,P3_COST_AWARE,2,54,16,64,32,32,ws,665.0,18.305084745762716,13,377777.0,True,True,
pubmed_gcnii16,4,0,P3_COST_AWARE,3,124,16,64,32,32,ws,945.0,28.50574712643678,13,377777.0,True,True,
pubmed_gcnii16,4,0,P3_COST_AWARE,0,128,16,64,32,32,ws,961.0,28.89390519187359,13,377777.0,True,True,
pubmed_gcnii16,4,0,P3_COST_AWARE,1,118,16,64,32,32,ws,921.0,27.89598108747045,13,377777.0,True,True,
pubmed_gcnii16,4,0,P3_COST_AWARE,2,84,16,64,32,32,ws,785.0,23.66197183098592,13,377777.0,True,True,
pubmed_gcnii16,4,0,P3_COST_AWARE,3,126,16,64,32,32,ws,953.0,28.701594533029613,13,377777.0,True,True,
pubmed_gcnii16,4,0,P3_COST_AWARE,0,128,16,64,32,32,ws,961.0,28.89390519187359,13,377777.0,True,True,
pubmed_gcnii16,4,0,P3_COST_AWARE,1,108,16,64,32,32,ws,881.0,26.799007444168733,13,377777.0,True,True,
pubmed_gcnii16,4,0,P3_COST_AWARE,0,128,16,64,32,32,ws,961.0,28.89390519187359,13,377777.0,True,True,
pubmed_gcnii16,4,0,P3_COST_AWARE,1,112,16,64,32,32,ws,897.0,27.25060827250608,13,377777.0,True,True,
pubmed_gcnii16,4,0,P3_COST_AWARE,0,128,16,64,32,32,ws,961.0,28.89390519187359,13,377777.0,True,True,
pubmed_gcnii16,4,0,P3_COST_AWARE,1,120,16,64,32,32,ws,929.0,28.10304449648712,13,377777.0,True,True,
pubmed_gcnii16,4,0,P3_COST_AWARE,0,128,16,64,32,32,ws,961.0,28.89390519187359,13,377777.0,True,True,
pubmed_gcnii16,4,0,P3_COST_AWARE,1,68,16,64,32,32,ws,721.0,21.05263157894737,13,377777.0,True,True,
pubmed_gcnii16,4,0,P3_COST_AWARE,0,128,16,64,32,32,ws,961.0,28.89390519187359,13,377777.0,True,True,
pubmed_gcnii16,4,0,P3_COST_AWARE,1,118,16,64,32,32,ws,921.0,27.89598108747045,13,377777.0,True,True,
pubmed_gcnii16,4,0,P3_COST_AWARE,2,70,16,64,32,32,ws,729.0,21.406727828746178,13,377777.0,True,True,
pubmed_gcnii16,4,0,P3_COST_AWARE,3,92,16,64,32,32,ws,817.0,24.797843665768195,13,377777.0,True,True,
pubmed_gcnii16,4,0,P3_COST_AWARE,0,128,16,64,32,32,ws,961.0,28.89390519187359,13,377777.0,True,True,
pubmed_gcnii16,4,0,P3_COST_AWARE,1,124,16,64,32,32,ws,945.0,28.50574712643678,13,377777.0,True,True,
pubmed_gcnii16,4,0,P3_COST_AWARE,2,112,16,64,32,32,ws,897.0,27.25060827250608,13,377777.0,True,True,
pubmed_gcnii16,4,0,P3_COST_AWARE,3,122,16,64,32,32,ws,937.0,28.306264501160094,13,377777.0,True,True,
pubmed_gcnii16,4,0,P3_COST_AWARE,0,128,16,64,32,32,ws,961.0,28.89390519187359,13,377777.0,True,True,
pubmed_gcnii16,4,0,P3_COST_AWARE,1,128,16,64,32,32,ws,961.0,28.89390519187359,13,377777.0,True,True,
pubmed_gcnii16,4,0,P3_COST_AWARE,2,58,16,64,32,32,ws,681.0,19.141914191419144,13,377777.0,True,True,
pubmed_gcnii16,4,0,P3_COST_AWARE,3,68,16,64,32,32,ws,721.0,21.05263157894737,13,377777.0,True,True,
pubmed_gcnii16,4,0,P3_COST_AWARE,0,128,16,64,32,32,ws,961.0,28.89390519187359,13,377777.0,True,True,
pubmed_gcnii16,4,0,P3_COST_AWARE,1,128,16,64,32,32,ws,961.0,28.89390519187359,13,377777.0,True,True,
pubmed_gcnii16,4,0,P3_COST_AWARE,0,128,16,64,32,32,ws,961.0,28.89390519187359,13,377777.0,True,True,
pubmed_gcnii16,4,0,P3_COST_AWARE,1,128,16,64,32,32,ws,961.0,28.89390519187359,13,377777.0,True,True,
pubmed_gcnii16,4,0,P3_COST_AWARE,2,46,16,64,32,32,ws,633.0,16.487455197132615,12,377777.0,True,True,
pubmed_gcnii16,4,0,P3_COST_AWARE,0,128,16,64,32,32,ws,961.0,28.89390519187359,13,377777.0,True,True,
pubmed_gcnii16,4,0,P3_COST_AWARE,1,128,16,64,32,32,ws,961.0,28.89390519187359,13,377777.0,True,True,
pubmed_gcnii16,4,0,P3_COST_AWARE,0,128,16,64,32,32,ws,961.0,28.89390519187359,13,377777.0,True,True,
pubmed_gcnii16,4,0,P3_COST_AWARE,1,122,16,64,32,32,ws,937.0,28.306264501160094,13,377777.0,True,True,
pubmed_gcnii16,4,0,P3_COST_AWARE,2,54,16,64,32,32,ws,665.0,18.305084745762716,13,377777.0,True,True,
pubmed_gcnii16,4,0,P3_COST_AWARE,0,128,16,64,32,32,ws,961.0,28.89390519187359,13,377777.0,True,True,
pubmed_gcnii16,4,0,P3_COST_AWARE,1,127,16,64,32,32,ws,957.0,28.798185941043084,13,377777.0,True,True,
pubmed_gcnii16,4,0,P3_COST_AWARE,2,44,16,64,32,32,ws,625.0,16.0,13,377777.0,True,True,
pubmed_gcnii16,4,0,P3_COST_AWARE,0,128,16,64,32,32,ws,961.0,28.89390519187359,13,377777.0,True,True,
pubmed_gcnii16,4,0,P3_COST_AWARE,1,128,16,64,32,32,ws,961.0,28.89390519187359,13,377777.0,True,True,
pubmed_gcnii16,4,0,P3_COST_AWARE,0,128,16,64,32,32,ws,961.0,28.89390519187359,13,377777.0,True,True,
pubmed_gcnii16,4,0,P3_COST_AWARE,1,128,16,64,32,32,ws,961.0,28.89390519187359,13,377777.0,True,True,
pubmed_gcnii16,4,0,P3_COST_AWARE,0,128,16,64,32,32,ws,961.0,28.89390519187359,13,377777.0,True,True,
pubmed_gcnii16,4,0,P3_COST_AWARE,1,128,16,64,32,32,ws,961.0,28.89390519187359,13,377777.0,True,True,
pubmed_gcnii16,4,0,P3_COST_AWARE,2,104,16,64,32,32,ws,865.0,26.329113924050635,13,377777.0,True,True,
pubmed_gcnii16,4,0,P3_COST_AWARE,3,104,16,64,32,32,ws,865.0,26.329113924050635,13,377777.0,True,True,
pubmed_gcnii16,4,0,P3_COST_AWARE,0,128,16,64,32,32,ws,961.0,28.89390519187359,13,377777.0,True,True,
pubmed_gcnii16,4,0,P3_COST_AWARE,1,128,16,64,32,32,ws,961.0,28.89390519187359,13,377777.0,True,True,
pubmed_gcnii16,4,0,P3_COST_AWARE,2,128,16,64,32,32,ws,961.0,28.89390519187359,13,377777.0,True,True,
pubmed_gcnii16,4,0,P3_COST_AWARE,3,128,16,64,32,32,ws,961.0,28.89390519187359,13,377777.0,True,True,
pubmed_gcnii16,4,0,P3_COST_AWARE,0,128,16,64,32,32,ws,961.0,28.89390519187359,13,377777.0,True,True,
pubmed_gcnii16,4,0,P3_COST_AWARE,1,128,16,64,32,32,ws,961.0,28.89390519187359,13,377777.0,True,True,
pubmed_gcnii16,4,0,P3_COST_AWARE,2,123,16,64,32,32,ws,941.0,28.40646651270208,13,377777.0,True,True,
pubmed_gcnii16,4,0,P3_COST_AWARE,3,126,16,64,32,32,ws,953.0,28.701594533029613,13,377777.0,True,True,
pubmed_gcnii16,4,0,P3_COST_AWARE,0,128,16,64,32,32,ws,961.0,28.89390519187359,13,377777.0,True,True,
pubmed_gcnii16,4,0,P3_COST_AWARE,1,128,16,64,32,32,ws,961.0,28.89390519187359,13,377777.0,True,True,
pubmed_gcnii16,4,0,P3_COST_AWARE,2,128,16,64,32,32,ws,961.0,28.89390519187359,13,377777.0,True,True,
pubmed_gcnii16,4,0,P3_COST_AWARE,3,128,16,64,32,32,ws,961.0,28.89390519187359,13,377777.0,True,True,
pubmed_gcnii16,4,0,P3_COST_AWARE,0,128,16,64,32,32,ws,961.0,28.89390519187359,13,377777.0,True,True,
pubmed_gcnii16,4,0,P3_COST_AWARE,1,106,16,64,32,32,ws,873.0,26.56641604010025,13,377777.0,True,True,
pubmed_gcnii16,4,0,P3_COST_AWARE,2,76,16,64,32,32,ws,753.0,22.4188790560472,13,377777.0,True,True,
pubmed_gcnii16,4,0,P3_COST_AWARE,3,122,16,64,32,32,ws,937.0,28.306264501160094,13,377777.0,True,True,
pubmed_gcnii16,4,0,P3_COST_AWARE,0,128,16,64,32,32,ws,961.0,28.89390519187359,13,377777.0,True,True,
pubmed_gcnii16,4,0,P3_COST_AWARE,1,126,16,64,32,32,ws,953.0,28.701594533029613,13,377777.0,True,True,
pubmed_gcnii16,4,0,P3_COST_AWARE,2,70,16,64,32,32,ws,729.0,21.406727828746178,13,377777.0,True,True,
pubmed_gcnii16,4,0,P3_COST_AWARE,3,127,16,64,32,32,ws,957.0,28.798185941043084,13,377777.0,True,True,
pubmed_gcnii16,4,0,P3_COST_AWARE,0,128,16,64,32,32,ws,961.0,28.89390519187359,13,377777.0,True,True,
pubmed_gcnii16,4,0,P3_COST_AWARE,1,124,16,64,32,32,ws,945.0,28.50574712643678,13,377777.0,True,True,
pubmed_gcnii16,4,0,P3_COST_AWARE,2,64,16,64,32,32,ws,705.0,20.31746031746032,13,377777.0,True,True,
pubmed_gcnii16,4,0,P3_COST_AWARE,3,80,16,64,32,32,ws,769.0,23.054755043227665,13,377777.0,True,True,
pubmed_gcnii16,4,0,P3_COST_AWARE,0,128,16,64,32,32,ws,961.0,28.89390519187359,13,377777.0,True,True,
pubmed_gcnii16,4,0,P3_COST_AWARE,1,128,16,64,32,32,ws,961.0,28.89390519187359,13,377777.0,True,True,
pubmed_gcnii16,4,0,P3_COST_AWARE,2,63,16,64,32,32,ws,701.0,20.12779552715655,13,377777.0,True,True,
pubmed_gcnii16,4,0,P3_COST_AWARE,3,90,16,64,32,32,ws,809.0,24.52316076294278,13,377777.0,True,True,
pubmed_gcnii16,4,0,P3_COST_AWARE,0,128,16,64,32,32,ws,961.0,28.89390519187359,13,377777.0,True,True,
pubmed_gcnii16,4,0,P3_COST_AWARE,1,122,16,64,32,32,ws,937.0,28.306264501160094,13,377777.0,True,True,
pubmed_gcnii16,4,0,P3_COST_AWARE,2,82,16,64,32,32,ws,777.0,23.36182336182336,13,377777.0,True,True,
pubmed_gcnii16,4,0,P3_COST_AWARE,3,78,16,64,32,32,ws,761.0,22.740524781341108,13,377777.0,True,True,
pubmed_gcnii16,4,0,P3_COST_AWARE,0,128,16,64,32,32,ws,961.0,28.89390519187359,13,377777.0,True,True,
pubmed_gcnii16,4,0,P3_COST_AWARE,1,119,16,64,32,32,ws,925.0,28.0,13,377777.0,True,True,
pubmed_gcnii16,4,0,P3_COST_AWARE,2,80,16,64,32,32,ws,769.0,23.054755043227665,13,377777.0,True,True,
pubmed_gcnii16,4,0,P3_COST_AWARE,3,118,16,64,32,32,ws,921.0,27.89598108747045,13,377777.0,True,True,
pubmed_gcnii16,4,0,P3_COST_AWARE,0,128,32,64,32,32,ws,1223.0,57.78781038374718,13,377777.0,True,True,
pubmed_gcnii16,4,0,P3_COST_AWARE,1,116,32,64,32,32,ws,1175.0,55.369928400954656,13,377777.0,True,True,
pubmed_gcnii16,4,0,P3_COST_AWARE,0,128,32,64,32,32,ws,1223.0,57.78781038374718,13,377777.0,True,True,
pubmed_gcnii16,4,0,P3_COST_AWARE,1,81,32,64,32,32,ws,773.0,46.41833810888252,13,377777.0,True,True,
pubmed_gcnii16,4,0,P3_COST_AWARE,0,128,32,64,32,32,ws,1223.0,57.78781038374718,13,377777.0,True,True,
pubmed_gcnii16,4,0,P3_COST_AWARE,1,81,32,64,32,32,ws,773.0,46.41833810888252,13,377777.0,True,True,
pubmed_gcnii16,4,0,P3_COST_AWARE,0,128,32,64,32,32,ws,1223.0,57.78781038374718,13,377777.0,True,True,
pubmed_gcnii16,4,0,P3_COST_AWARE,1,117,32,64,32,32,ws,1179.0,55.581947743467936,13,377777.0,True,True,
pubmed_gcnii16,4,0,P3_COST_AWARE,0,128,32,64,32,32,ws,1223.0,57.78781038374718,13,377777.0,True,True,
pubmed_gcnii16,4,0,P3_COST_AWARE,1,81,32,64,32,32,ws,773.0,46.41833810888252,13,377777.0,True,True,
pubmed_gcnii16,4,0,P3_COST_AWARE,0,128,32,64,32,32,ws,1223.0,57.78781038374718,13,377777.0,True,True,
pubmed_gcnii16,4,0,P3_COST_AWARE,1,81,32,64,32,32,ws,773.0,46.41833810888252,13,377777.0,True,True,
pubmed_gcnii16,4,0,P3_COST_AWARE,0,128,32,64,32,32,ws,1223.0,57.78781038374718,13,377777.0,True,True,
pubmed_gcnii16,4,0,P3_COST_AWARE,1,125,32,64,32,32,ws,1211.0,57.20823798627002,13,377777.0,True,True,
pubmed_gcnii16,4,0,P3_COST_AWARE,0,128,32,64,32,32,ws,1223.0,57.78781038374718,13,377777.0,True,True,
pubmed_gcnii16,4,0,P3_COST_AWARE,1,81,32,64,32,32,ws,773.0,46.41833810888252,13,377777.0,True,True,
pubmed_gcnii16,4,0,P3_COST_AWARE,0,128,32,64,32,32,ws,1223.0,57.78781038374718,13,377777.0,True,True,
pubmed_gcnii16,4,0,P3_COST_AWARE,1,81,32,64,32,32,ws,773.0,46.41833810888252,13,377777.0,True,True,
pubmed_gcnii16,4,0,P3_COST_AWARE,0,128,32,64,32,32,ws,1223.0,57.78781038374718,13,377777.0,True,True,
pubmed_gcnii16,4,0,P3_COST_AWARE,1,81,32,64,32,32,ws,773.0,46.41833810888252,13,377777.0,True,True,
pubmed_gcnii16,4,0,P3_COST_AWARE,0,128,32,64,32,32,ws,1223.0,57.78781038374718,13,377777.0,True,True,
pubmed_gcnii16,4,0,P3_COST_AWARE,1,81,32,64,32,32,ws,773.0,46.41833810888252,13,377777.0,True,True,
pubmed_gcnii16,4,0,P3_COST_AWARE,0,128,32,64,32,32,ws,1223.0,57.78781038374718,13,377777.0,True,True,
pubmed_gcnii16,4,0,P3_COST_AWARE,1,81,32,64,32,32,ws,773.0,46.41833810888252,13,377777.0,True,True,
pubmed_gcnii16,4,0,P3_COST_AWARE,0,128,32,64,32,32,ws,1223.0,57.78781038374718,13,377777.0,True,True,
pubmed_gcnii16,4,0,P3_COST_AWARE,1,107,32,64,32,32,ws,1139.0,53.36658354114713,13,377777.0,True,True,
pubmed_gcnii16,4,0,P3_COST_AWARE,0,128,32,64,32,32,ws,1223.0,57.78781038374718,13,377777.0,True,True,
pubmed_gcnii16,4,0,P3_COST_AWARE,1,107,32,64,32,32,ws,1139.0,53.36658354114713,13,377777.0,True,True,
pubmed_gcnii16,4,0,P3_COST_AWARE,0,128,32,64,32,32,ws,1223.0,57.78781038374718,13,377777.0,True,True,
pubmed_gcnii16,4,0,P3_COST_AWARE,1,126,32,64,32,32,ws,1215.0,57.40318906605923,13,377777.0,True,True,
pubmed_gcnii16,4,0,P3_COST_AWARE,0,128,32,64,32,32,ws,1223.0,57.78781038374718,13,377777.0,True,True,
pubmed_gcnii16,4,0,P3_COST_AWARE,1,128,32,64,32,32,ws,1223.0,57.78781038374718,13,377777.0,True,True,
pubmed_gcnii16,4,0,P3_COST_AWARE,0,128,32,64,32,32,ws,1223.0,57.78781038374718,13,377777.0,True,True,
pubmed_gcnii16,4,0,P3_COST_AWARE,1,128,32,64,32,32,ws,1223.0,57.78781038374718,13,377777.0,True,True,
pubmed_gcnii16,4,0,P3_COST_AWARE,0,128,32,64,32,32,ws,1223.0,57.78781038374718,13,377777.0,True,True,
pubmed_gcnii16,4,0,P3_COST_AWARE,1,126,32,64,32,32,ws,1215.0,57.40318906605923,13,377777.0,True,True,
pubmed_gcnii16,4,0,P3_COST_AWARE,0,128,32,64,32,32,ws,1223.0,57.78781038374718,13,377777.0,True,True,
pubmed_gcnii16,4,0,P3_COST_AWARE,1,81,32,64,32,32,ws,773.0,46.41833810888252,13,377777.0,True,True,
pubmed_gcnii16,4,0,P3_COST_AWARE,0,128,32,64,32,32,ws,1223.0,57.78781038374718,13,377777.0,True,True,
pubmed_gcnii16,4,0,P3_COST_AWARE,1,121,32,64,32,32,ws,1195.0,56.41025641025641,13,377777.0,True,True,
pubmed_gcnii16,4,0,P3_COST_AWARE,0,128,32,64,32,32,ws,1223.0,57.78781038374718,13,377777.0,True,True,
pubmed_gcnii16,4,0,P3_COST_AWARE,1,81,32,64,32,32,ws,773.0,46.41833810888252,13,377777.0,True,True,
pubmed_gcnii16,4,0,P3_COST_AWARE,0,128,32,64,32,32,ws,1223.0,57.78781038374718,13,377777.0,True,True,
pubmed_gcnii16,4,0,P3_COST_AWARE,1,127,32,64,32,32,ws,1219.0,57.59637188208617,13,377777.0,True,True,
pubmed_gcnii16,4,0,P3_COST_AWARE,0,128,32,64,32,32,ws,1223.0,57.78781038374718,13,377777.0,True,True,
pubmed_gcnii16,4,0,P3_COST_AWARE,1,125,32,64,32,32,ws,1211.0,57.20823798627002,13,377777.0,True,True,
pubmed_gcnii16,4,0,P3_COST_AWARE,0,128,32,64,32,32,ws,1223.0,57.78781038374718,13,377777.0,True,True,
pubmed_gcnii16,4,0,P3_COST_AWARE,1,81,32,64,32,32,ws,773.0,46.41833810888252,13,377777.0,True,True,
pubmed_gcnii16,4,0,P3_COST_AWARE,0,128,32,64,32,32,ws,1223.0,57.78781038374718,13,377777.0,True,True,
pubmed_gcnii16,4,0,P3_COST_AWARE,1,126,32,64,32,32,ws,1215.0,57.40318906605923,13,377777.0,True,True,
pubmed_gcnii16,4,0,P3_COST_AWARE,0,128,32,64,32,32,ws,1223.0,57.78781038374718,13,377777.0,True,True,
pubmed_gcnii16,4,0,P3_COST_AWARE,1,81,32,64,32,32,ws,773.0,46.41833810888252,13,377777.0,True,True,
pubmed_gcnii16,4,0,P3_COST_AWARE,0,128,32,64,32,32,ws,1223.0,57.78781038374718,13,377777.0,True,True,
pubmed_gcnii16,4,0,P3_COST_AWARE,1,81,32,64,32,32,ws,773.0,46.41833810888252,13,377777.0,True,True,
pubmed_gcnii16,4,0,P3_COST_AWARE,0,128,32,64,32,32,ws,1223.0,57.78781038374718,13,377777.0,True,True,
pubmed_gcnii16,4,0,P3_COST_AWARE,1,81,32,64,32,32,ws,773.0,46.41833810888252,13,377777.0,True,True,
pubmed_gcnii16,4,0,P3_COST_AWARE,0,128,32,64,32,32,ws,1223.0,57.78781038374718,13,377777.0,True,True,
pubmed_gcnii16,4,0,P3_COST_AWARE,1,128,32,64,32,32,ws,1223.0,57.78781038374718,13,377777.0,True,True,
pubmed_gcnii16,4,0,P3_COST_AWARE,0,128,32,64,32,32,ws,1223.0,57.78781038374718,13,377777.0,True,True,
pubmed_gcnii16,4,0,P3_COST_AWARE,1,126,32,64,32,32,ws,1215.0,57.40318906605923,13,377777.0,True,True,
pubmed_gcnii16,4,0,P3_COST_AWARE,0,128,32,64,32,32,ws,1223.0,57.78781038374718,13,377777.0,True,True,
pubmed_gcnii16,4,0,P3_COST_AWARE,1,124,32,64,32,32,ws,1207.0,57.01149425287356,13,377777.0,True,True,
pubmed_gcnii16,4,0,P3_COST_AWARE,0,128,32,64,32,32,ws,1223.0,57.78781038374718,13,377777.0,True,True,
pubmed_gcnii16,4,0,P3_COST_AWARE,1,127,32,64,32,32,ws,1219.0,57.59637188208617,13,377777.0,True,True,
pubmed_gcnii16,4,0,P3_COST_AWARE,0,128,32,64,32,32,ws,1223.0,57.78781038374718,13,377777.0,True,True,
pubmed_gcnii16,4,0,P3_COST_AWARE,1,128,32,64,32,32,ws,1223.0,57.78781038374718,13,377777.0,True,True,
pubmed_gcnii16,4,0,P3_COST_AWARE,0,128,32,64,32,32,ws,1223.0,57.78781038374718,13,377777.0,True,True,
pubmed_gcnii16,4,0,P3_COST_AWARE,1,128,32,64,32,32,ws,1223.0,57.78781038374718,13,377777.0,True,True,
pubmed_gcnii16,4,0,P3_COST_AWARE,0,128,32,64,32,32,ws,1223.0,57.78781038374718,13,377777.0,True,True,
pubmed_gcnii16,4,0,P3_COST_AWARE,1,81,32,64,32,32,ws,773.0,46.41833810888252,13,377777.0,True,True,
pubmed_gcnii16,4,0,P3_COST_AWARE,0,128,32,64,32,32,ws,1223.0,57.78781038374718,13,377777.0,True,True,
pubmed_gcnii16,4,0,P3_COST_AWARE,1,81,32,64,32,32,ws,773.0,46.41833810888252,13,377777.0,True,True,
pubmed_gcnii16,4,0,P3_COST_AWARE,0,128,32,64,32,32,ws,1223.0,57.78781038374718,13,377777.0,True,True,
pubmed_gcnii16,4,0,P3_COST_AWARE,1,115,32,64,32,32,ws,1171.0,55.15587529976019,13,377777.0,True,True,
pubmed_gcnii16,4,0,P3_COST_AWARE,0,128,32,64,32,32,ws,1223.0,57.78781038374718,13,377777.0,True,True,
pubmed_gcnii16,4,0,P3_COST_AWARE,1,115,32,64,32,32,ws,1171.0,55.15587529976019,13,377777.0,True,True,
pubmed_gcnii16,4,0,P3_COST_AWARE,0,128,32,64,32,32,ws,1223.0,57.78781038374718,13,377777.0,True,True,
pubmed_gcnii16,4,0,P3_COST_AWARE,1,81,32,64,32,32,ws,773.0,46.41833810888252,13,377777.0,True,True,
pubmed_gcnii16,4,0,P3_COST_AWARE,0,128,32,64,32,32,ws,1223.0,57.78781038374718,13,377777.0,True,True,
pubmed_gcnii16,4,0,P3_COST_AWARE,1,81,32,64,32,32,ws,773.0,46.41833810888252,13,377777.0,True,True,
pubmed_gcnii16,4,0,P3_COST_AWARE,0,128,32,64,32,32,ws,1223.0,57.78781038374718,13,377777.0,True,True,
pubmed_gcnii16,4,0,P3_COST_AWARE,1,126,32,64,32,32,ws,1215.0,57.40318906605923,13,377777.0,True,True,
pubmed_gcnii16,4,0,P3_COST_AWARE,0,128,32,64,32,32,ws,1223.0,57.78781038374718,13,377777.0,True,True,
pubmed_gcnii16,4,0,P3_COST_AWARE,1,128,32,64,32,32,ws,1223.0,57.78781038374718,13,377777.0,True,True,
pubmed_gcnii16,4,0,P3_COST_AWARE,0,128,32,64,32,32,ws,1223.0,57.78781038374718,13,377777.0,True,True,
pubmed_gcnii16,4,0,P3_COST_AWARE,1,128,32,64,32,32,ws,1223.0,57.78781038374718,13,377777.0,True,True,
pubmed_gcnii16,4,0,P3_COST_AWARE,0,128,32,64,32,32,ws,1223.0,57.78781038374718,13,377777.0,True,True,
pubmed_gcnii16,4,0,P3_COST_AWARE,1,81,32,64,32,32,ws,773.0,46.41833810888252,13,377777.0,True,True,
pubmed_gcnii16,4,0,P3_COST_AWARE,0,128,32,64,32,32,ws,1223.0,57.78781038374718,13,377777.0,True,True,
pubmed_gcnii16,4,0,P3_COST_AWARE,1,81,32,64,32,32,ws,773.0,46.41833810888252,13,377777.0,True,True,
pubmed_gcnii16,4,0,P3_COST_AWARE,0,128,32,64,32,32,ws,1223.0,57.78781038374718,13,377777.0,True,True,
pubmed_gcnii16,4,0,P3_COST_AWARE,1,81,32,64,32,32,ws,773.0,46.41833810888252,13,377777.0,True,True,
pubmed_gcnii16,4,0,P3_COST_AWARE,0,128,32,64,32,32,ws,1223.0,57.78781038374718,13,377777.0,True,True,
pubmed_gcnii16,4,0,P3_COST_AWARE,1,74,32,64,32,32,ws,745.0,44.17910447761194,13,377777.0,True,True,
pubmed_gcnii16,4,0,P3_COST_AWARE,0,128,32,64,32,32,ws,1223.0,57.78781038374718,13,377777.0,True,True,
pubmed_gcnii16,4,0,P3_COST_AWARE,1,81,32,64,32,32,ws,773.0,46.41833810888252,13,377777.0,True,True,
pubmed_gcnii16,4,0,P3_COST_AWARE,0,128,32,64,32,32,ws,1223.0,57.78781038374718,13,377777.0,True,True,
pubmed_gcnii16,4,0,P3_COST_AWARE,1,128,32,64,32,32,ws,1223.0,57.78781038374718,13,377777.0,True,True,
pubmed_gcnii16,4,0,P3_COST_AWARE,0,128,32,64,32,32,ws,1223.0,57.78781038374718,13,377777.0,True,True,
pubmed_gcnii16,4,0,P3_COST_AWARE,1,81,32,64,32,32,ws,773.0,46.41833810888252,13,377777.0,True,True,
pubmed_gcnii16,4,0,P3_COST_AWARE,0,128,32,64,32,32,ws,1223.0,57.78781038374718,13,377777.0,True,True,
pubmed_gcnii16,4,0,P3_COST_AWARE,1,81,32,64,32,32,ws,773.0,46.41833810888252,13,377777.0,True,True,
pubmed_gcnii16,4,0,P3_COST_AWARE,0,128,32,64,32,32,ws,1223.0,57.78781038374718,13,377777.0,True,True,
pubmed_gcnii16,4,0,P3_COST_AWARE,1,81,32,64,32,32,ws,773.0,46.41833810888252,13,377777.0,True,True,
pubmed_gcnii16,4,0,P3_COST_AWARE,0,128,32,64,32,32,ws,1223.0,57.78781038374718,13,377777.0,True,True,
pubmed_gcnii16,4,0,P3_COST_AWARE,1,81,32,64,32,32,ws,773.0,46.41833810888252,13,377777.0,True,True,
pubmed_gcnii16,4,0,P3_COST_AWARE,0,128,32,64,32,32,ws,1223.0,57.78781038374718,13,377777.0,True,True,
pubmed_gcnii16,4,0,P3_COST_AWARE,1,81,32,64,32,32,ws,773.0,46.41833810888252,13,377777.0,True,True,
pubmed_gcnii16,4,0,P3_COST_AWARE,0,128,32,64,32,32,ws,1223.0,57.78781038374718,13,377777.0,True,True,
pubmed_gcnii16,4,0,P3_COST_AWARE,1,81,32,64,32,32,ws,773.0,46.41833810888252,13,377777.0,True,True,
pubmed_gcnii16,4,0,P3_COST_AWARE,0,128,32,64,32,32,ws,1223.0,57.78781038374718,13,377777.0,True,True,
pubmed_gcnii16,4,0,P3_COST_AWARE,1,81,32,64,32,32,ws,773.0,46.41833810888252,13,377777.0,True,True,
pubmed_gcnii16,4,0,P3_COST_AWARE,0,128,32,64,32,32,ws,1223.0,57.78781038374718,13,377777.0,True,True,
pubmed_gcnii16,4,0,P3_COST_AWARE,1,81,32,64,32,32,ws,773.0,46.41833810888252,13,377777.0,True,True,
pubmed_gcnii16,4,0,P3_COST_AWARE,0,128,32,64,32,32,ws,1223.0,57.78781038374718,13,377777.0,True,True,
pubmed_gcnii16,4,0,P3_COST_AWARE,1,81,32,64,32,32,ws,773.0,46.41833810888252,13,377777.0,True,True,
pubmed_gcnii16,4,0,P3_COST_AWARE,0,128,32,64,32,32,ws,1223.0,57.78781038374718,13,377777.0,True,True,
pubmed_gcnii16,4,0,P3_COST_AWARE,1,77,32,64,32,32,ws,757.0,45.16129032258065,13,377777.0,True,True,
pubmed_gcnii16,4,0,P3_COST_AWARE,0,128,32,64,32,32,ws,1223.0,57.78781038374718,13,377777.0,True,True,
pubmed_gcnii16,4,0,P3_COST_AWARE,1,78,32,64,32,32,ws,761.0,45.481049562682216,13,377777.0,True,True,
pubmed_gcnii16,4,0,P3_COST_AWARE,0,128,32,64,32,32,ws,1223.0,57.78781038374718,13,377777.0,True,True,
pubmed_gcnii16,4,0,P3_COST_AWARE,1,81,32,64,32,32,ws,773.0,46.41833810888252,13,377777.0,True,True,
pubmed_gcnii16,4,0,P3_COST_AWARE,0,128,32,64,32,32,ws,1223.0,57.78781038374718,13,377777.0,True,True,
pubmed_gcnii16,4,0,P3_COST_AWARE,1,118,32,64,32,32,ws,1183.0,55.7919621749409,13,377777.0,True,True,
pubmed_gcnii16,4,0,P3_COST_AWARE,0,128,32,64,32,32,ws,1223.0,57.78781038374718,13,377777.0,True,True,
pubmed_gcnii16,4,0,P3_COST_AWARE,1,81,32,64,32,32,ws,773.0,46.41833810888252,13,377777.0,True,True,
pubmed_gcnii16,4,0,P3_COST_AWARE,0,128,32,64,32,32,ws,1223.0,57.78781038374718,13,377777.0,True,True,
pubmed_gcnii16,4,0,P3_COST_AWARE,1,128,32,64,32,32,ws,1223.0,57.78781038374718,13,377777.0,True,True,
pubmed_gcnii16,4,0,P3_COST_AWARE,0,128,32,64,32,32,ws,1223.0,57.78781038374718,13,377777.0,True,True,
pubmed_gcnii16,4,0,P3_COST_AWARE,1,127,32,64,32,32,ws,1219.0,57.59637188208617,13,377777.0,True,True,
pubmed_gcnii16,4,0,P3_COST_AWARE,0,128,32,64,32,32,ws,1223.0,57.78781038374718,13,377777.0,True,True,
pubmed_gcnii16,4,0,P3_COST_AWARE,1,64,32,64,32,32,ws,705.0,40.63492063492063,13,377777.0,True,True,
pubmed_gcnii16,4,0,P3_COST_AWARE,0,128,32,64,32,32,ws,1223.0,57.78781038374718,13,377777.0,True,True,
pubmed_gcnii16,4,0,P3_COST_AWARE,1,81,32,64,32,32,ws,773.0,46.41833810888252,13,377777.0,True,True,
pubmed_gcnii16,4,0,P3_COST_AWARE,0,128,32,64,32,32,ws,1223.0,57.78781038374718,13,377777.0,True,True,
pubmed_gcnii16,4,0,P3_COST_AWARE,1,128,32,64,32,32,ws,1223.0,57.78781038374718,13,377777.0,True,True,
pubmed_gcnii16,4,0,P3_COST_AWARE,0,128,32,64,32,32,ws,1223.0,57.78781038374718,13,377777.0,True,True,
pubmed_gcnii16,4,0,P3_COST_AWARE,1,128,32,64,32,32,ws,1223.0,57.78781038374718,13,377777.0,True,True,
pubmed_gcnii16,4,0,P3_COST_AWARE,0,128,32,64,32,32,ws,1223.0,57.78781038374718,13,377777.0,True,True,
pubmed_gcnii16,4,0,P3_COST_AWARE,1,128,32,64,32,32,ws,1223.0,57.78781038374718,13,377777.0,True,True,
pubmed_gcnii16,4,0,P3_COST_AWARE,0,128,32,64,32,32,ws,1223.0,57.78781038374718,13,377777.0,True,True,
pubmed_gcnii16,4,0,P3_COST_AWARE,1,81,32,64,32,32,ws,773.0,46.41833810888252,13,377777.0,True,True,
pubmed_gcnii16,4,0,P3_COST_AWARE,0,128,32,64,32,32,ws,1223.0,57.78781038374718,13,377777.0,True,True,
pubmed_gcnii16,4,0,P3_COST_AWARE,1,128,32,64,32,32,ws,1223.0,57.78781038374718,13,377777.0,True,True,
pubmed_gcnii16,4,0,P3_COST_AWARE,0,128,32,64,32,32,ws,1223.0,57.78781038374718,13,377777.0,True,True,
pubmed_gcnii16,4,0,P3_COST_AWARE,1,128,32,64,32,32,ws,1223.0,57.78781038374718,13,377777.0,True,True,
pubmed_gcnii16,4,0,P3_COST_AWARE,0,128,32,64,32,32,ws,1223.0,57.78781038374718,13,377777.0,True,True,
pubmed_gcnii16,4,0,P3_COST_AWARE,1,81,32,64,32,32,ws,773.0,46.41833810888252,13,377777.0,True,True,
pubmed_gcnii16,4,0,P3_COST_AWARE,0,128,32,64,32,32,ws,1223.0,57.78781038374718,13,377777.0,True,True,
pubmed_gcnii16,4,0,P3_COST_AWARE,1,81,32,64,32,32,ws,773.0,46.41833810888252,13,377777.0,True,True,
pubmed_gcnii16,4,0,P3_COST_AWARE,0,128,32,64,32,32,ws,1223.0,57.78781038374718,13,377777.0,True,True,
pubmed_gcnii16,4,0,P3_COST_AWARE,1,81,32,64,32,32,ws,773.0,46.41833810888252,13,377777.0,True,True,
pubmed_gcnii16,4,0,P3_COST_AWARE,0,128,32,64,32,32,ws,1223.0,57.78781038374718,13,377777.0,True,True,
pubmed_gcnii16,4,0,P3_COST_AWARE,1,128,32,64,32,32,ws,1223.0,57.78781038374718,13,377777.0,True,True,
pubmed_gcnii16,4,0,P3_COST_AWARE,0,128,32,64,32,32,ws,1223.0,57.78781038374718,13,377777.0,True,True,
pubmed_gcnii16,4,0,P3_COST_AWARE,1,127,32,64,32,32,ws,1219.0,57.59637188208617,13,377777.0,True,True,
pubmed_gcnii16,4,0,P3_COST_AWARE,0,128,32,64,32,32,ws,1223.0,57.78781038374718,13,377777.0,True,True,
pubmed_gcnii16,4,0,P3_COST_AWARE,1,128,32,64,32,32,ws,1223.0,57.78781038374718,13,377777.0,True,True,
pubmed_gcnii16,4,0,P3_COST_AWARE,0,128,32,64,32,32,ws,1223.0,57.78781038374718,13,377777.0,True,True,
pubmed_gcnii16,4,0,P3_COST_AWARE,1,125,32,64,32,32,ws,1211.0,57.20823798627002,13,377777.0,True,True,
pubmed_gcnii16,4,0,P3_COST_AWARE,0,128,32,64,32,32,ws,1223.0,57.78781038374718,13,377777.0,True,True,
pubmed_gcnii16,4,0,P3_COST_AWARE,1,81,32,64,32,32,ws,773.0,46.41833810888252,13,377777.0,True,True,
pubmed_gcnii16,4,0,P3_COST_AWARE,0,128,32,64,32,32,ws,1223.0,57.78781038374718,13,377777.0,True,True,
pubmed_gcnii16,4,0,P3_COST_AWARE,1,81,32,64,32,32,ws,773.0,46.41833810888252,13,377777.0,True,True,
pubmed_gcnii16,4,0,P3_COST_AWARE,0,128,32,64,32,32,ws,1223.0,57.78781038374718,13,377777.0,True,True,
pubmed_gcnii16,4,0,P3_COST_AWARE,1,81,32,64,32,32,ws,773.0,46.41833810888252,13,377777.0,True,True,
pubmed_gcnii16,4,0,P3_COST_AWARE,0,128,32,64,32,32,ws,1223.0,57.78781038374718,13,377777.0,True,True,
pubmed_gcnii16,4,0,P3_COST_AWARE,1,81,32,64,32,32,ws,773.0,46.41833810888252,13,377777.0,True,True,
pubmed_gcnii16,4,0,P3_COST_AWARE,0,128,32,64,32,32,ws,1223.0,57.78781038374718,13,377777.0,True,True,
pubmed_gcnii16,4,0,P3_COST_AWARE,1,127,32,64,32,32,ws,1219.0,57.59637188208617,13,377777.0,True,True,
pubmed_gcnii16,4,0,P3_COST_AWARE,0,128,32,64,32,32,ws,1223.0,57.78781038374718,13,377777.0,True,True,
pubmed_gcnii16,4,0,P3_COST_AWARE,1,81,32,64,32,32,ws,773.0,46.41833810888252,13,377777.0,True,True,
pubmed_gcnii16,4,0,P3_COST_AWARE,0,128,32,64,32,32,ws,1223.0,57.78781038374718,13,377777.0,True,True,
pubmed_gcnii16,4,0,P3_COST_AWARE,1,81,32,64,32,32,ws,773.0,46.41833810888252,13,377777.0,True,True,
pubmed_gcnii16,4,0,P3_COST_AWARE,0,128,32,64,32,32,ws,1223.0,57.78781038374718,13,377777.0,True,True,
pubmed_gcnii16,4,0,P3_COST_AWARE,1,81,32,64,32,32,ws,773.0,46.41833810888252,13,377777.0,True,True,
pubmed_gcnii16,4,0,P3_COST_AWARE,0,128,32,64,32,32,ws,1223.0,57.78781038374718,13,377777.0,True,True,
pubmed_gcnii16,4,0,P3_COST_AWARE,1,81,32,64,32,32,ws,773.0,46.41833810888252,13,377777.0,True,True,
pubmed_gcnii16,4,0,P3_COST_AWARE,0,128,32,64,32,32,ws,1223.0,57.78781038374718,13,377777.0,True,True,
pubmed_gcnii16,4,0,P3_COST_AWARE,1,81,32,64,32,32,ws,773.0,46.41833810888252,13,377777.0,True,True,
pubmed_gcnii16,4,0,P3_COST_AWARE,0,128,32,64,32,32,ws,1223.0,57.78781038374718,13,377777.0,True,True,
pubmed_gcnii16,4,0,P3_COST_AWARE,1,81,32,64,32,32,ws,773.0,46.41833810888252,13,377777.0,True,True,
pubmed_gcnii16,4,0,P3_COST_AWARE,0,128,32,64,32,32,ws,1223.0,57.78781038374718,13,377777.0,True,True,
pubmed_gcnii16,4,0,P3_COST_AWARE,1,128,32,64,32,32,ws,1223.0,57.78781038374718,13,377777.0,True,True,
pubmed_gcnii16,4,0,P3_COST_AWARE,0,128,32,64,32,32,ws,1223.0,57.78781038374718,13,377777.0,True,True,
pubmed_gcnii16,4,0,P3_COST_AWARE,1,128,32,64,32,32,ws,1223.0,57.78781038374718,13,377777.0,True,True,
pubmed_gcnii16,4,0,P3_COST_AWARE,0,128,32,64,32,32,ws,1223.0,57.78781038374718,13,377777.0,True,True,
pubmed_gcnii16,4,0,P3_COST_AWARE,1,81,32,64,32,32,ws,773.0,46.41833810888252,13,377777.0,True,True,
pubmed_gcnii16,4,0,P3_COST_AWARE,0,128,32,64,32,32,ws,1223.0,57.78781038374718,13,377777.0,True,True,
pubmed_gcnii16,4,0,P3_COST_AWARE,1,81,32,64,32,32,ws,773.0,46.41833810888252,13,377777.0,True,True,
pubmed_gcnii16,4,0,P3_COST_AWARE,0,128,32,64,32,32,ws,1223.0,57.78781038374718,13,377777.0,True,True,
pubmed_gcnii16,4,0,P3_COST_AWARE,1,81,32,64,32,32,ws,773.0,46.41833810888252,13,377777.0,True,True,
pubmed_gcnii16,4,0,P3_COST_AWARE,0,128,32,64,32,32,ws,1223.0,57.78781038374718,13,377777.0,True,True,
pubmed_gcnii16,4,0,P3_COST_AWARE,1,128,32,64,32,32,ws,1223.0,57.78781038374718,13,377777.0,True,True,
pubmed_gcnii16,4,0,P3_COST_AWARE,0,128,32,64,32,32,ws,1223.0,57.78781038374718,13,377777.0,True,True,
pubmed_gcnii16,4,0,P3_COST_AWARE,1,81,32,64,32,32,ws,773.0,46.41833810888252,13,377777.0,True,True,
pubmed_gcnii16,4,0,P3_COST_AWARE,0,128,32,64,32,32,ws,1223.0,57.78781038374718,13,377777.0,True,True,
pubmed_gcnii16,4,0,P3_COST_AWARE,1,74,32,64,32,32,ws,745.0,44.17910447761194,13,377777.0,True,True,
pubmed_gcnii16,4,0,P3_COST_AWARE,0,128,32,64,32,32,ws,1223.0,57.78781038374718,13,377777.0,True,True,
pubmed_gcnii16,4,0,P3_COST_AWARE,0,128,32,64,32,32,ws,1223.0,57.78781038374718,13,377777.0,True,True,
pubmed_gcnii16,4,0,P3_COST_AWARE,1,81,32,64,32,32,ws,773.0,46.41833810888252,13,377777.0,True,True,
pubmed_gcnii16,4,0,P3_COST_AWARE,0,128,32,64,32,32,ws,1223.0,57.78781038374718,13,377777.0,True,True,
pubmed_gcnii16,4,0,P3_COST_AWARE,1,81,32,64,32,32,ws,773.0,46.41833810888252,13,377777.0,True,True,
pubmed_gcnii16,4,0,P3_COST_AWARE,0,128,32,64,32,32,ws,1223.0,57.78781038374718,13,377777.0,True,True,
pubmed_gcnii16,4,0,P3_COST_AWARE,1,81,32,64,32,32,ws,773.0,46.41833810888252,13,377777.0,True,True,
pubmed_gcnii16,4,0,P3_COST_AWARE,0,128,32,64,32,32,ws,1223.0,57.78781038374718,13,377777.0,True,True,
pubmed_gcnii16,4,0,P3_COST_AWARE,1,81,32,64,32,32,ws,773.0,46.41833810888252,13,377777.0,True,True,
pubmed_gcnii16,4,0,P3_COST_AWARE,0,128,32,64,32,32,ws,1223.0,57.78781038374718,13,377777.0,True,True,
pubmed_gcnii16,4,0,P3_COST_AWARE,1,73,32,64,32,32,ws,741.0,43.84384384384384,13,377777.0,True,True,
pubmed_gcnii16,4,0,P3_COST_AWARE,0,128,32,64,32,32,ws,1223.0,57.78781038374718,13,377777.0,True,True,
pubmed_gcnii16,4,0,P3_COST_AWARE,1,81,32,64,32,32,ws,773.0,46.41833810888252,13,377777.0,True,True,
pubmed_gcnii16,4,0,P3_COST_AWARE,0,128,32,64,32,32,ws,1223.0,57.78781038374718,13,377777.0,True,True,
pubmed_gcnii16,4,0,P3_COST_AWARE,1,81,32,64,32,32,ws,773.0,46.41833810888252,13,377777.0,True,True,
pubmed_gcnii16,4,0,P3_COST_AWARE,0,128,32,64,32,32,ws,1223.0,57.78781038374718,13,377777.0,True,True,
pubmed_gcnii16,4,0,P3_COST_AWARE,1,71,32,64,32,32,ws,733.0,43.161094224924014,13,377777.0,True,True,
pubmed_gcnii16,4,0,P3_COST_AWARE,0,128,32,64,32,32,ws,1223.0,57.78781038374718,13,377777.0,True,True,
pubmed_gcnii16,4,0,P3_COST_AWARE,1,80,32,64,32,32,ws,769.0,46.10951008645533,13,377777.0,True,True,
pubmed_gcnii16,4,0,P3_COST_AWARE,0,128,32,64,32,32,ws,1223.0,57.78781038374718,13,377777.0,True,True,
pubmed_gcnii16,4,0,P3_COST_AWARE,1,81,32,64,32,32,ws,773.0,46.41833810888252,13,377777.0,True,True,
pubmed_gcnii16,4,0,P3_COST_AWARE,0,128,32,64,32,32,ws,1223.0,57.78781038374718,13,377777.0,True,True,
pubmed_gcnii16,4,0,P3_COST_AWARE,1,121,32,64,32,32,ws,1195.0,56.41025641025641,13,377777.0,True,True,
pubmed_gcnii16,4,0,P3_COST_AWARE,0,128,32,64,32,32,ws,1223.0,57.78781038374718,13,377777.0,True,True,
pubmed_gcnii16,4,0,P3_COST_AWARE,1,127,32,64,32,32,ws,1219.0,57.59637188208617,13,377777.0,True,True,
pubmed_gcnii16,4,0,P3_COST_AWARE,0,128,32,64,32,32,ws,1223.0,57.78781038374718,13,377777.0,True,True,
pubmed_gcnii16,4,0,P3_COST_AWARE,1,128,32,64,32,32,ws,1223.0,57.78781038374718,13,377777.0,True,True,
pubmed_gcnii16,4,0,P3_COST_AWARE,0,128,32,64,32,32,ws,1223.0,57.78781038374718,13,377777.0,True,True,
pubmed_gcnii16,4,0,P3_COST_AWARE,1,128,32,64,32,32,ws,1223.0,57.78781038374718,13,377777.0,True,True,
pubmed_gcnii16,4,0,P3_COST_AWARE,0,128,32,64,32,32,ws,1223.0,57.78781038374718,13,377777.0,True,True,
pubmed_gcnii16,4,0,P3_COST_AWARE,1,116,32,64,32,32,ws,1175.0,55.369928400954656,13,377777.0,True,True,
pubmed_gcnii16,4,0,P3_COST_AWARE,0,128,32,64,32,32,ws,1223.0,57.78781038374718,13,377777.0,True,True,
pubmed_gcnii16,4,0,P3_COST_AWARE,1,128,32,64,32,32,ws,1223.0,57.78781038374718,13,377777.0,True,True,
pubmed_gcnii16,4,0,P3_COST_AWARE,0,128,32,64,32,32,ws,1223.0,57.78781038374718,13,377777.0,True,True,
pubmed_gcnii16,4,0,P3_COST_AWARE,1,128,32,64,32,32,ws,1223.0,57.78781038374718,13,377777.0,True,True,
pubmed_gcnii16,4,0,P3_COST_AWARE,0,128,32,64,32,32,ws,1223.0,57.78781038374718,13,377777.0,True,True,
pubmed_gcnii16,4,0,P3_COST_AWARE,1,81,32,64,32,32,ws,773.0,46.41833810888252,13,377777.0,True,True,
pubmed_gcnii16,4,0,P3_COST_AWARE,0,128,32,64,32,32,ws,1223.0,57.78781038374718,13,377777.0,True,True,
pubmed_gcnii16,4,0,P3_COST_AWARE,1,81,32,64,32,32,ws,773.0,46.41833810888252,13,377777.0,True,True,
pubmed_gcnii16,4,0,P3_COST_AWARE,0,128,32,64,32,32,ws,1223.0,57.78781038374718,13,377777.0,True,True,
pubmed_gcnii16,4,0,P3_COST_AWARE,1,81,32,64,32,32,ws,773.0,46.41833810888252,13,377777.0,True,True,
pubmed_gcnii16,4,0,P3_COST_AWARE,0,128,32,64,32,32,ws,1223.0,57.78781038374718,13,377777.0,True,True,
pubmed_gcnii16,4,0,P3_COST_AWARE,1,81,32,64,32,32,ws,773.0,46.41833810888252,13,377777.0,True,True,
pubmed_gcnii16,4,0,P3_COST_AWARE,0,128,32,64,32,32,ws,1223.0,57.78781038374718,13,377777.0,True,True,
pubmed_gcnii16,4,0,P3_COST_AWARE,1,81,32,64,32,32,ws,773.0,46.41833810888252,13,377777.0,True,True,
pubmed_gcnii16,4,0,P3_COST_AWARE,0,128,32,64,32,32,ws,1223.0,57.78781038374718,13,377777.0,True,True,
pubmed_gcnii16,4,0,P3_COST_AWARE,1,81,32,64,32,32,ws,773.0,46.41833810888252,13,377777.0,True,True,
pubmed_gcnii16,4,0,P3_COST_AWARE,0,128,32,64,32,32,ws,1223.0,57.78781038374718,13,377777.0,True,True,
pubmed_gcnii16,4,0,P3_COST_AWARE,1,81,32,64,32,32,ws,773.0,46.41833810888252,13,377777.0,True,True,
pubmed_gcnii16,4,0,P3_COST_AWARE,0,128,32,64,32,32,ws,1223.0,57.78781038374718,13,377777.0,True,True,
pubmed_gcnii16,4,0,P3_COST_AWARE,1,81,32,64,32,32,ws,773.0,46.41833810888252,13,377777.0,True,True,
pubmed_gcnii16,4,0,P3_COST_AWARE,0,128,32,64,32,32,ws,1223.0,57.78781038374718,13,377777.0,True,True,
pubmed_gcnii16,4,0,P3_COST_AWARE,1,81,32,64,32,32,ws,773.0,46.41833810888252,13,377777.0,True,True,
pubmed_gcnii16,4,0,P3_COST_AWARE,0,128,32,64,32,32,ws,1223.0,57.78781038374718,13,377777.0,True,True,
pubmed_gcnii16,4,0,P3_COST_AWARE,1,81,32,64,32,32,ws,773.0,46.41833810888252,13,377777.0,True,True,
pubmed_gcnii16,4,0,P3_COST_AWARE,0,128,32,64,32,32,ws,1223.0,57.78781038374718,13,377777.0,True,True,
pubmed_gcnii16,4,0,P3_COST_AWARE,1,81,32,64,32,32,ws,773.0,46.41833810888252,13,377777.0,True,True,
pubmed_gcnii16,4,0,P3_COST_AWARE,0,128,32,64,32,32,ws,1223.0,57.78781038374718,13,377777.0,True,True,
pubmed_gcnii16,4,0,P3_COST_AWARE,1,81,32,64,32,32,ws,773.0,46.41833810888252,13,377777.0,True,True,
pubmed_gcnii16,4,0,P3_COST_AWARE,0,128,32,64,32,32,ws,1223.0,57.78781038374718,13,377777.0,True,True,
pubmed_gcnii16,4,0,P3_COST_AWARE,1,81,32,64,32,32,ws,773.0,46.41833810888252,13,377777.0,True,True,
pubmed_gcnii16,4,0,P3_COST_AWARE,0,128,32,64,32,32,ws,1223.0,57.78781038374718,13,377777.0,True,True,
pubmed_gcnii16,4,0,P3_COST_AWARE,1,81,32,64,32,32,ws,773.0,46.41833810888252,13,377777.0,True,True,
pubmed_gcnii16,4,0,P3_COST_AWARE,0,128,32,64,32,32,ws,1223.0,57.78781038374718,13,377777.0,True,True,
pubmed_gcnii16,4,0,P3_COST_AWARE,1,81,32,64,32,32,ws,773.0,46.41833810888252,13,377777.0,True,True,
pubmed_gcnii16,4,0,P3_COST_AWARE,0,128,32,64,32,32,ws,1223.0,57.78781038374718,13,377777.0,True,True,
pubmed_gcnii16,4,0,P3_COST_AWARE,1,81,32,64,32,32,ws,773.0,46.41833810888252,13,377777.0,True,True,
pubmed_gcnii16,4,0,P3_COST_AWARE,0,128,32,64,32,32,ws,1223.0,57.78781038374718,13,377777.0,True,True,
pubmed_gcnii16,4,0,P3_COST_AWARE,1,81,32,64,32,32,ws,773.0,46.41833810888252,13,377777.0,True,True,
pubmed_gcnii16,4,0,P3_COST_AWARE,0,128,32,64,32,32,ws,1223.0,57.78781038374718,13,377777.0,True,True,
pubmed_gcnii16,4,0,P3_COST_AWARE,1,81,32,64,32,32,ws,773.0,46.41833810888252,13,377777.0,True,True,
pubmed_gcnii16,4,0,P3_COST_AWARE,0,128,32,64,32,32,ws,1223.0,57.78781038374718,13,377777.0,True,True,
pubmed_gcnii16,4,0,P3_COST_AWARE,1,128,32,64,32,32,ws,1223.0,57.78781038374718,13,377777.0,True,True,
pubmed_gcnii16,4,0,P3_COST_AWARE,0,128,32,64,32,32,ws,1223.0,57.78781038374718,13,377777.0,True,True,
pubmed_gcnii16,4,0,P3_COST_AWARE,1,74,32,64,32,32,ws,745.0,44.17910447761194,13,377777.0,True,True,
pubmed_gcnii16,4,0,P3_COST_AWARE,0,128,32,64,32,32,ws,1223.0,57.78781038374718,13,377777.0,True,True,
pubmed_gcnii16,4,0,P3_COST_AWARE,0,128,32,64,32,32,ws,1223.0,57.78781038374718,13,377777.0,True,True,
pubmed_gcnii16,4,0,P3_COST_AWARE,1,81,32,64,32,32,ws,773.0,46.41833810888252,13,377777.0,True,True,
pubmed_gcnii16,4,0,P3_COST_AWARE,0,128,32,64,32,32,ws,1223.0,57.78781038374718,13,377777.0,True,True,
pubmed_gcnii16,4,0,P3_COST_AWARE,1,71,32,64,32,32,ws,733.0,43.161094224924014,12,377777.0,True,True,
pubmed_gcnii16,4,0,P3_COST_AWARE,0,128,32,64,32,32,ws,1223.0,57.78781038374718,13,377777.0,True,True,
pubmed_gcnii16,4,0,P3_COST_AWARE,1,81,32,64,32,32,ws,773.0,46.41833810888252,13,377777.0,True,True,
pubmed_gcnii16,4,0,P3_COST_AWARE,0,128,32,64,32,32,ws,1223.0,57.78781038374718,13,377777.0,True,True,
pubmed_gcnii16,4,0,P3_COST_AWARE,1,72,32,64,32,32,ws,737.0,43.50453172205438,13,377777.0,True,True,
pubmed_gcnii16,4,0,P3_COST_AWARE,0,128,32,64,32,32,ws,1223.0,57.78781038374718,13,377777.0,True,True,
pubmed_gcnii16,4,0,P3_COST_AWARE,1,81,32,64,32,32,ws,773.0,46.41833810888252,13,377777.0,True,True,
pubmed_gcnii16,4,0,P3_COST_AWARE,0,128,32,64,32,32,ws,1223.0,57.78781038374718,13,377777.0,True,True,
pubmed_gcnii16,4,0,P3_COST_AWARE,1,65,32,64,32,32,ws,709.0,41.00946372239748,13,377777.0,True,True,
pubmed_gcnii16,4,0,P3_COST_AWARE,0,128,32,64,32,32,ws,1223.0,57.78781038374718,13,377777.0,True,True,
pubmed_gcnii16,4,0,P3_COST_AWARE,1,115,32,64,32,32,ws,1171.0,55.15587529976019,13,377777.0,True,True,
pubmed_gcnii16,4,0,P3_COST_AWARE,0,128,32,64,32,32,ws,1223.0,57.78781038374718,13,377777.0,True,True,
pubmed_gcnii16,4,0,P3_COST_AWARE,1,128,32,64,32,32,ws,1223.0,57.78781038374718,13,377777.0,True,True,
pubmed_gcnii16,4,0,P3_COST_AWARE,0,128,32,64,32,32,ws,1223.0,57.78781038374718,13,377777.0,True,True,
pubmed_gcnii16,4,0,P3_COST_AWARE,1,127,32,64,32,32,ws,1219.0,57.59637188208617,13,377777.0,True,True,
pubmed_gcnii16,4,0,P3_COST_AWARE,0,128,32,64,32,32,ws,1223.0,57.78781038374718,13,377777.0,True,True,
pubmed_gcnii16,4,0,P3_COST_AWARE,1,128,32,64,32,32,ws,1223.0,57.78781038374718,13,377777.0,True,True,
pubmed_gcnii16,4,0,P3_COST_AWARE,0,128,32,64,32,32,ws,1223.0,57.78781038374718,13,377777.0,True,True,
pubmed_gcnii16,4,0,P3_COST_AWARE,1,81,32,64,32,32,ws,773.0,46.41833810888252,13,377777.0,True,True,
pubmed_gcnii16,4,0,P3_COST_AWARE,0,128,32,64,32,32,ws,1223.0,57.78781038374718,13,377777.0,True,True,
pubmed_gcnii16,4,0,P3_COST_AWARE,1,81,32,64,32,32,ws,773.0,46.41833810888252,13,377777.0,True,True,
pubmed_gcnii16,4,0,P3_COST_AWARE,0,128,32,64,32,32,ws,1223.0,57.78781038374718,13,377777.0,True,True,
pubmed_gcnii16,4,0,P3_COST_AWARE,1,81,32,64,32,32,ws,773.0,46.41833810888252,13,377777.0,True,True,
pubmed_gcnii16,4,0,P3_COST_AWARE,0,128,32,64,32,32,ws,1223.0,57.78781038374718,13,377777.0,True,True,
pubmed_gcnii16,4,0,P3_COST_AWARE,1,81,32,64,32,32,ws,773.0,46.41833810888252,13,377777.0,True,True,
pubmed_gcnii16,4,0,P3_COST_AWARE,0,128,32,64,32,32,ws,1223.0,57.78781038374718,13,377777.0,True,True,
pubmed_gcnii16,4,0,P3_COST_AWARE,1,81,32,64,32,32,ws,773.0,46.41833810888252,13,377777.0,True,True,
pubmed_gcnii16,4,0,P3_COST_AWARE,0,128,32,64,32,32,ws,1223.0,57.78781038374718,13,377777.0,True,True,
pubmed_gcnii16,4,0,P3_COST_AWARE,1,81,32,64,32,32,ws,773.0,46.41833810888252,13,377777.0,True,True,
cora_deepres28_w128,4,0,P3_COST_AWARE,0,109,16,128,32,32,ws,1509.0,26.88039457459926,13,160070.0,True,True,
cora_deepres28_w128,4,0,P3_COST_AWARE,1,96,16,128,32,32,ws,1405.0,25.296442687747035,13,160070.0,True,True,
cora_deepres28_w128,4,0,P3_COST_AWARE,0,106,16,128,32,32,ws,1485.0,26.53316645807259,13,160070.0,True,True,
cora_deepres28_w128,4,0,P3_COST_AWARE,1,96,16,128,32,32,ws,1405.0,25.296442687747035,13,160070.0,True,True,
cora_deepres28_w128,4,0,P3_COST_AWARE,0,108,16,128,32,32,ws,1501.0,26.765799256505577,13,160070.0,True,True,
cora_deepres28_w128,4,0,P3_COST_AWARE,1,98,16,128,32,32,ws,1421.0,25.554106910039117,13,160070.0,True,True,
cora_deepres28_w128,4,0,P3_COST_AWARE,0,112,16,128,32,32,ws,1533.0,27.217496962332927,13,160070.0,True,True,
cora_deepres28_w128,4,0,P3_COST_AWARE,1,74,16,128,32,32,ws,1229.0,22.056631892697467,13,160070.0,True,True,
cora_deepres28_w128,4,0,P3_COST_AWARE,2,96,16,128,32,32,ws,1405.0,25.296442687747035,13,160070.0,True,True,
cora_deepres28_w128,4,0,P3_COST_AWARE,0,110,16,128,32,32,ws,1517.0,26.993865030674847,13,160070.0,True,True,
cora_deepres28_w128,4,0,P3_COST_AWARE,0,102,16,128,32,32,ws,1453.0,26.05363984674329,13,160070.0,True,True,
cora_deepres28_w128,4,0,P3_COST_AWARE,0,110,16,128,32,32,ws,1517.0,26.993865030674847,13,160070.0,True,True,
cora_deepres28_w128,4,0,P3_COST_AWARE,2,100,16,128,32,32,ws,1437.0,25.806451612903224,13,160070.0,True,True,
cora_deepres28_w128,4,0,P3_COST_AWARE,0,128,16,128,32,32,ws,1661.0,28.86133032694476,13,160070.0,True,True,
cora_deepres28_w128,4,0,P3_COST_AWARE,1,86,16,128,32,32,ws,1325.0,23.9221140472879,13,160070.0,True,True,
cora_deepres28_w128,4,0,P3_COST_AWARE,0,98,16,128,32,32,ws,1421.0,25.554106910039117,13,160070.0,True,True,
cora_deepres28_w128,4,0,P3_COST_AWARE,0,108,16,128,32,32,ws,1501.0,26.765799256505577,13,160070.0,True,True,
cora_deepres28_w128,4,0,P3_COST_AWARE,2,86,16,128,32,32,ws,1325.0,23.9221140472879,13,160070.0,True,True,
cora_deepres28_w128,4,0,P3_COST_AWARE,0,118,16,128,32,32,ws,1581.0,27.863046044864227,13,160070.0,True,True,
cora_deepres28_w128,4,0,P3_COST_AWARE,0,124,16,128,32,32,ws,1629.0,28.47301951779564,13,160070.0,True,True,
cora_deepres28_w128,4,0,P3_COST_AWARE,1,88,16,128,32,32,ws,1341.0,24.20907840440165,13,160070.0,True,True,
cora_deepres28_w128,4,0,P3_COST_AWARE,2,108,16,128,32,32,ws,1501.0,26.765799256505577,13,160070.0,True,True,
cora_deepres28_w128,4,0,P3_COST_AWARE,0,124,16,128,32,32,ws,1629.0,28.47301951779564,13,160070.0,True,True,
cora_deepres28_w128,4,0,P3_COST_AWARE,3,98,16,128,32,32,ws,1421.0,25.554106910039117,13,160070.0,True,True,
cora_deepres28_w128,4,0,P3_COST_AWARE,0,122,16,128,32,32,ws,1613.0,28.27346465816918,13,160070.0,True,True,
cora_deepres28_w128,4,0,P3_COST_AWARE,0,100,16,128,32,32,ws,1437.0,25.806451612903224,13,160070.0,True,True,
cora_deepres28_w128,4,0,P3_COST_AWARE,0,114,16,128,32,32,ws,1549.0,27.43682310469314,13,160070.0,True,True,
cora_deepres28_w128,4,0,P3_COST_AWARE,2,96,16,128,32,32,ws,1405.0,25.296442687747035,13,160070.0,True,True,
cora_deepres28_w128,4,0,P3_COST_AWARE,0,116,16,128,32,32,ws,1565.0,27.65196662693683,13,160070.0,True,True,
cora_deepres28_w128,4,0,P3_COST_AWARE,1,102,16,128,32,32,ws,1453.0,26.05363984674329,13,160070.0,True,True,
cora_deepres28_w128,4,0,P3_COST_AWARE,1,88,16,128,32,32,ws,1341.0,24.20907840440165,13,160070.0,True,True,
cora_deepres28_w128,4,0,P3_COST_AWARE,1,110,16,128,32,32,ws,1517.0,26.993865030674847,13,160070.0,True,True,
cora_deepres28_w128,4,0,P3_COST_AWARE,5,92,16,128,32,32,ws,1373.0,24.764468371467025,13,160070.0,True,True,
cora_deepres28_w128,4,0,P3_COST_AWARE,1,102,16,128,32,32,ws,1453.0,26.05363984674329,13,160070.0,True,True,
cora_deepres28_w128,4,0,P3_COST_AWARE,5,88,16,128,32,32,ws,1341.0,24.20907840440165,13,160070.0,True,True,
cora_deepres28_w128,4,0,P3_COST_AWARE,1,126,16,128,32,32,ws,1645.0,28.668941979522184,13,160070.0,True,True,
cora_deepres28_w128,4,0,P3_COST_AWARE,5,124,16,128,32,32,ws,1629.0,28.47301951779564,13,160070.0,True,True,
cora_deepres28_w128,4,0,P3_COST_AWARE,0,128,32,128,32,32,ws,1923.0,57.72266065388951,13,160070.0,True,True,
cora_deepres28_w128,4,0,P3_COST_AWARE,1,119,32,128,32,32,ws,1851.0,55.93419506462985,13,160070.0,True,True,
cora_deepres28_w128,4,0,P3_COST_AWARE,2,81,32,128,32,32,ws,1547.0,46.351931330472105,13,160070.0,True,True,
cora_deepres28_w128,4,0,P3_COST_AWARE,0,128,32,128,32,32,ws,1923.0,57.72266065388951,13,160070.0,True,True,
cora_deepres28_w128,4,0,P3_COST_AWARE,1,113,32,128,32,32,ws,1803.0,54.65538089480049,13,160070.0,True,True,
cora_deepres28_w128,4,0,P3_COST_AWARE,2,93,32,128,32,32,ws,1643.0,49.7991967871486,13,160070.0,True,True,
cora_deepres28_w128,4,0,P3_COST_AWARE,0,128,32,128,32,32,ws,1923.0,57.72266065388951,13,160070.0,True,True,
cora_deepres28_w128,4,0,P3_COST_AWARE,1,103,32,128,32,32,ws,1723.0,52.35069885641677,13,160070.0,True,True,
cora_deepres28_w128,4,0,P3_COST_AWARE,2,96,32,128,32,32,ws,1667.0,50.59288537549407,13,160070.0,True,True,
cora_deepres28_w128,4,0,P3_COST_AWARE,0,128,32,128,32,32,ws,1923.0,57.72266065388951,13,160070.0,True,True,
cora_deepres28_w128,4,0,P3_COST_AWARE,1,118,32,128,32,32,ws,1843.0,55.72609208972845,13,160070.0,True,True,
cora_deepres28_w128,4,0,P3_COST_AWARE,2,96,32,128,32,32,ws,1667.0,50.59288537549407,13,160070.0,True,True,
cora_deepres28_w128,4,0,P3_COST_AWARE,0,128,32,128,32,32,ws,1923.0,57.72266065388951,13,160070.0,True,True,
cora_deepres28_w128,4,0,P3_COST_AWARE,1,119,32,128,32,32,ws,1851.0,55.93419506462985,13,160070.0,True,True,
cora_deepres28_w128,4,0,P3_COST_AWARE,2,92,32,128,32,32,ws,1635.0,49.52893674293405,13,160070.0,True,True,
cora_deepres28_w128,4,0,P3_COST_AWARE,0,128,32,128,32,32,ws,1923.0,57.72266065388951,13,160070.0,True,True,
cora_deepres28_w128,4,0,P3_COST_AWARE,1,127,32,128,32,32,ws,1915.0,57.53114382785957,13,160070.0,True,True,
cora_deepres28_w128,4,0,P3_COST_AWARE,0,128,32,128,32,32,ws,1923.0,57.72266065388951,13,160070.0,True,True,
cora_deepres28_w128,4,0,P3_COST_AWARE,1,117,32,128,32,32,ws,1835.0,55.51601423487544,13,160070.0,True,True,
cora_deepres28_w128,4,0,P3_COST_AWARE,2,103,32,128,32,32,ws,1723.0,52.35069885641677,13,160070.0,True,True,
cora_deepres28_w128,4,0,P3_COST_AWARE,0,128,32,128,32,32,ws,1923.0,57.72266065388951,13,160070.0,True,True,
cora_deepres28_w128,4,0,P3_COST_AWARE,1,125,32,128,32,32,ws,1899.0,57.142857142857146,13,160070.0,True,True,
cora_deepres28_w128,4,0,P3_COST_AWARE,2,80,32,128,32,32,ws,1539.0,46.0431654676259,13,160070.0,True,True,
cora_deepres28_w128,4,0,P3_COST_AWARE,0,128,32,128,32,32,ws,1923.0,57.72266065388951,13,160070.0,True,True,
cora_deepres28_w128,4,0,P3_COST_AWARE,1,116,32,128,32,32,ws,1827.0,55.30393325387366,13,160070.0,True,True,
cora_deepres28_w128,4,0,P3_COST_AWARE,0,128,32,128,32,32,ws,1923.0,57.72266065388951,13,160070.0,True,True,
cora_deepres28_w128,4,0,P3_COST_AWARE,1,121,32,128,32,32,ws,1867.0,56.344586728754365,13,160070.0,True,True,
cora_deepres28_w128,4,0,P3_COST_AWARE,0,128,32,128,32,32,ws,1923.0,57.72266065388951,13,160070.0,True,True,
cora_deepres28_w128,4,0,P3_COST_AWARE,1,126,32,128,32,32,ws,1907.0,57.33788395904437,13,160070.0,True,True,
cora_deepres28_w128,4,0,P3_COST_AWARE,0,128,32,128,32,32,ws,1923.0,57.72266065388951,13,160070.0,True,True,
cora_deepres28_w128,4,0,P3_COST_AWARE,1,104,32,128,32,32,ws,1731.0,52.59165613147914,13,160070.0,True,True,
cora_deepres28_w128,4,0,P3_COST_AWARE,2,103,32,128,32,32,ws,1723.0,52.35069885641677,13,160070.0,True,True,
cora_deepres28_w128,4,0,P3_COST_AWARE,0,128,32,128,32,32,ws,1923.0,57.72266065388951,13,160070.0,True,True,
cora_deepres28_w128,4,0,P3_COST_AWARE,1,121,32,128,32,32,ws,1867.0,56.344586728754365,13,160070.0,True,True,
cora_deepres28_w128,4,0,P3_COST_AWARE,0,128,32,128,32,32,ws,1923.0,57.72266065388951,13,160070.0,True,True,
cora_deepres28_w128,4,0,P3_COST_AWARE,1,93,32,128,32,32,ws,1643.0,49.7991967871486,13,160070.0,True,True,
cora_deepres28_w128,4,0,P3_COST_AWARE,2,78,32,128,32,32,ws,1523.0,45.414847161572055,13,160070.0,True,True,
cora_deepres28_w128,4,0,P3_COST_AWARE,0,128,32,128,32,32,ws,1923.0,57.72266065388951,13,160070.0,True,True,
cora_deepres28_w128,4,0,P3_COST_AWARE,1,117,32,128,32,32,ws,1835.0,55.51601423487544,13,160070.0,True,True,
cora_deepres28_w128,4,0,P3_COST_AWARE,0,128,32,128,32,32,ws,1923.0,57.72266065388951,13,160070.0,True,True,
cora_deepres28_w128,4,0,P3_COST_AWARE,1,103,32,128,32,32,ws,1723.0,52.35069885641677,13,160070.0,True,True,
cora_deepres28_w128,4,0,P3_COST_AWARE,2,78,32,128,32,32,ws,1523.0,45.414847161572055,13,160070.0,True,True,
cora_deepres28_w128,4,0,P3_COST_AWARE,0,128,32,128,32,32,ws,1923.0,57.72266065388951,13,160070.0,True,True,
cora_deepres28_w128,4,0,P3_COST_AWARE,1,108,32,128,32,32,ws,1763.0,53.531598513011154,13,160070.0,True,True,
cora_deepres28_w128,4,0,P3_COST_AWARE,2,73,32,128,32,32,ws,1483.0,43.77811094452774,13,160070.0,True,True,
cora_deepres28_w128,4,0,P3_COST_AWARE,0,128,32,128,32,32,ws,1923.0,57.72266065388951,13,160070.0,True,True,
cora_deepres28_w128,4,0,P3_COST_AWARE,1,90,32,128,32,32,ws,1619.0,48.97959183673469,13,160070.0,True,True,
cora_deepres28_w128,4,0,P3_COST_AWARE,2,98,32,128,32,32,ws,1683.0,51.10821382007823,13,160070.0,True,True,
cora_deepres28_w128,4,0,P3_COST_AWARE,0,128,32,128,32,32,ws,1923.0,57.72266065388951,13,160070.0,True,True,
cora_deepres28_w128,4,0,P3_COST_AWARE,2,107,32,128,32,32,ws,1755.0,53.300124533001245,13,160070.0,True,True,
cora_deepres28_w128,4,0,P3_COST_AWARE,0,128,32,128,32,32,ws,1923.0,57.72266065388951,13,160070.0,True,True,
cora_deepres28_w128,4,0,P3_COST_AWARE,1,84,32,128,32,32,ws,1571.0,47.25738396624472,13,160070.0,True,True,
cora_deepres28_w128,4,0,P3_COST_AWARE,2,94,32,128,32,32,ws,1651.0,50.06657789613848,13,160070.0,True,True,
cora_deepres28_w128,4,0,P3_COST_AWARE,0,128,32,128,32,32,ws,1923.0,57.72266065388951,13,160070.0,True,True,
cora_deepres28_w128,4,0,P3_COST_AWARE,2,120,32,128,32,32,ws,1859.0,56.14035087719298,13,160070.0,True,True,
cora_deepres28_w128,17,0,P3_COST_AWARE,0,116,16,128,32,32,ws,1565.0,27.65196662693683,12,160070.0,True,True,
cora_deepres28_w128,17,0,P3_COST_AWARE,1,96,16,128,32,32,ws,1405.0,25.296442687747035,12,160070.0,True,True,
cora_deepres28_w128,17,0,P3_COST_AWARE,0,124,16,128,32,32,ws,1629.0,28.47301951779564,12,160070.0,True,True,
cora_deepres28_w128,17,0,P3_COST_AWARE,1,102,16,128,32,32,ws,1453.0,26.05363984674329,12,160070.0,True,True,
cora_deepres28_w128,17,0,P3_COST_AWARE,3,71,16,128,32,32,ws,1205.0,21.547799696509863,12,160070.0,True,True,
cora_deepres28_w128,17,0,P3_COST_AWARE,0,113,16,128,32,32,ws,1541.0,27.327690447400244,12,160070.0,True,True,
cora_deepres28_w128,17,0,P3_COST_AWARE,1,97,16,128,32,32,ws,1413.0,25.4259501965924,12,160070.0,True,True,
cora_deepres28_w128,17,0,P3_COST_AWARE,3,80,16,128,32,32,ws,1277.0,23.02158273381295,12,160070.0,True,True,
cora_deepres28_w128,17,0,P3_COST_AWARE,0,97,16,128,32,32,ws,1413.0,25.4259501965924,12,160070.0,True,True,
cora_deepres28_w128,17,0,P3_COST_AWARE,1,102,16,128,32,32,ws,1453.0,26.05363984674329,12,160070.0,True,True,
cora_deepres28_w128,17,0,P3_COST_AWARE,0,90,16,128,32,32,ws,1357.0,24.489795918367346,12,160070.0,True,True,
cora_deepres28_w128,17,0,P3_COST_AWARE,1,96,16,128,32,32,ws,1405.0,25.296442687747035,12,160070.0,True,True,
cora_deepres28_w128,17,0,P3_COST_AWARE,1,84,16,128,32,32,ws,1309.0,23.62869198312236,12,160070.0,True,True,
cora_deepres28_w128,17,0,P3_COST_AWARE,1,90,16,128,32,32,ws,1357.0,24.489795918367346,12,160070.0,True,True,
cora_deepres28_w128,17,0,P3_COST_AWARE,0,123,16,128,32,32,ws,1621.0,28.37370242214533,12,160070.0,True,True,
cora_deepres28_w128,17,0,P3_COST_AWARE,1,120,16,128,32,32,ws,1597.0,28.07017543859649,12,160070.0,True,True,
cora_deepres28_w128,17,0,P3_COST_AWARE,1,70,16,128,32,32,ws,1197.0,21.37404580152672,12,160070.0,True,True,
cora_deepres28_w128,17,0,P3_COST_AWARE,1,86,16,128,32,32,ws,1325.0,23.9221140472879,12,160070.0,True,True,
cora_deepres28_w128,17,0,P3_COST_AWARE,0,88,16,128,32,32,ws,1341.0,24.20907840440165,12,160070.0,True,True,
cora_deepres28_w128,17,0,P3_COST_AWARE,1,108,16,128,32,32,ws,1501.0,26.765799256505577,12,160070.0,True,True,
cora_deepres28_w128,17,0,P3_COST_AWARE,1,94,16,128,32,32,ws,1389.0,25.03328894806924,12,160070.0,True,True,
cora_deepres28_w128,17,0,P3_COST_AWARE,3,84,16,128,32,32,ws,1309.0,23.62869198312236,12,160070.0,True,True,
cora_deepres28_w128,17,0,P3_COST_AWARE,0,122,16,128,32,32,ws,1613.0,28.27346465816918,12,160070.0,True,True,
cora_deepres28_w128,17,0,P3_COST_AWARE,1,112,16,128,32,32,ws,1533.0,27.217496962332927,12,160070.0,True,True,
cora_deepres28_w128,17,0,P3_COST_AWARE,2,94,16,128,32,32,ws,1389.0,25.03328894806924,12,160070.0,True,True,
cora_deepres28_w128,17,0,P3_COST_AWARE,1,70,16,128,32,32,ws,1197.0,21.37404580152672,12,160070.0,True,True,
cora_deepres28_w128,17,0,P3_COST_AWARE,1,92,16,128,32,32,ws,1373.0,24.764468371467025,12,160070.0,True,True,
cora_deepres28_w128,17,0,P3_COST_AWARE,0,106,16,128,32,32,ws,1485.0,26.53316645807259,12,160070.0,True,True,
cora_deepres28_w128,17,0,P3_COST_AWARE,1,88,16,128,32,32,ws,1341.0,24.20907840440165,12,160070.0,True,True,
cora_deepres28_w128,17,0,P3_COST_AWARE,0,96,16,128,32,32,ws,1405.0,25.296442687747035,12,160070.0,True,True,
cora_deepres28_w128,17,0,P3_COST_AWARE,0,114,16,128,32,32,ws,1549.0,27.43682310469314,12,160070.0,True,True,
cora_deepres28_w128,17,0,P3_COST_AWARE,3,100,16,128,32,32,ws,1437.0,25.806451612903224,12,160070.0,True,True,
cora_deepres28_w128,17,0,P3_COST_AWARE,4,96,16,128,32,32,ws,1405.0,25.296442687747035,12,160070.0,True,True,
cora_deepres28_w128,17,0,P3_COST_AWARE,0,126,16,128,32,32,ws,1645.0,28.668941979522184,12,160070.0,True,True,
cora_deepres28_w128,17,0,P3_COST_AWARE,4,88,16,128,32,32,ws,1341.0,24.20907840440165,12,160070.0,True,True,
cora_deepres28_w128,17,0,P3_COST_AWARE,0,126,16,128,32,32,ws,1645.0,28.668941979522184,12,160070.0,True,True,
cora_deepres28_w128,17,0,P3_COST_AWARE,3,116,16,128,32,32,ws,1565.0,27.65196662693683,12,160070.0,True,True,
cora_deepres28_w128,17,0,P3_COST_AWARE,4,117,16,128,32,32,ws,1573.0,27.75800711743772,12,160070.0,True,True,
cora_deepres28_w128,17,0,P3_COST_AWARE,0,125,32,128,32,32,ws,1899.0,57.142857142857146,12,160070.0,True,True,
cora_deepres28_w128,17,0,P3_COST_AWARE,1,82,32,128,32,32,ws,1555.0,46.65718349928876,12,160070.0,True,True,
cora_deepres28_w128,17,0,P3_COST_AWARE,2,75,32,128,32,32,ws,1499.0,44.44444444444444,12,160070.0,True,True,
cora_deepres28_w128,17,0,P3_COST_AWARE,0,128,32,128,32,32,ws,1923.0,57.72266065388951,12,160070.0,True,True,
cora_deepres28_w128,17,0,P3_COST_AWARE,1,66,32,128,32,32,ws,1427.0,41.31455399061033,12,160070.0,True,True,
cora_deepres28_w128,17,0,P3_COST_AWARE,2,78,32,128,32,32,ws,1523.0,45.414847161572055,12,160070.0,True,True,
cora_deepres28_w128,17,0,P3_COST_AWARE,0,120,32,128,32,32,ws,1859.0,56.14035087719298,12,160070.0,True,True,
cora_deepres28_w128,17,0,P3_COST_AWARE,1,53,32,128,32,32,ws,1323.0,36.11584327086882,12,160070.0,True,True,
cora_deepres28_w128,17,0,P3_COST_AWARE,2,85,32,128,32,32,ws,1579.0,47.55244755244755,12,160070.0,True,True,
cora_deepres28_w128,17,0,P3_COST_AWARE,0,121,32,128,32,32,ws,1867.0,56.344586728754365,12,160070.0,True,True,
cora_deepres28_w128,17,0,P3_COST_AWARE,1,73,32,128,32,32,ws,1483.0,43.77811094452774,12,160070.0,True,True,
cora_deepres28_w128,17,0,P3_COST_AWARE,2,85,32,128,32,32,ws,1579.0,47.55244755244755,12,160070.0,True,True,
cora_deepres28_w128,17,0,P3_COST_AWARE,0,107,32,128,32,32,ws,1755.0,53.300124533001245,12,160070.0,True,True,
cora_deepres28_w128,17,0,P3_COST_AWARE,1,77,32,128,32,32,ws,1515.0,45.095168374816986,12,160070.0,True,True,
cora_deepres28_w128,17,0,P3_COST_AWARE,2,72,32,128,32,32,ws,1475.0,43.43891402714932,12,160070.0,True,True,
cora_deepres28_w128,17,0,P3_COST_AWARE,0,115,32,128,32,32,ws,1819.0,55.08982035928144,12,160070.0,True,True,
cora_deepres28_w128,17,0,P3_COST_AWARE,1,113,32,128,32,32,ws,1803.0,54.65538089480049,12,160070.0,True,True,
cora_deepres28_w128,17,0,P3_COST_AWARE,0,120,32,128,32,32,ws,1859.0,56.14035087719298,12,160070.0,True,True,
cora_deepres28_w128,17,0,P3_COST_AWARE,1,87,32,128,32,32,ws,1595.0,48.13278008298755,12,160070.0,True,True,
cora_deepres28_w128,17,0,P3_COST_AWARE,2,87,32,128,32,32,ws,1595.0,48.13278008298755,12,160070.0,True,True,
cora_deepres28_w128,17,0,P3_COST_AWARE,0,128,32,128,32,32,ws,1923.0,57.72266065388951,12,160070.0,True,True,
cora_deepres28_w128,17,0,P3_COST_AWARE,2,79,32,128,32,32,ws,1531.0,45.73082489146165,12,160070.0,True,True,
cora_deepres28_w128,17,0,P3_COST_AWARE,0,104,32,128,32,32,ws,1731.0,52.59165613147914,12,160070.0,True,True,
cora_deepres28_w128,17,0,P3_COST_AWARE,1,107,32,128,32,32,ws,1755.0,53.300124533001245,12,160070.0,True,True,
cora_deepres28_w128,17,0,P3_COST_AWARE,0,125,32,128,32,32,ws,1899.0,57.142857142857146,12,160070.0,True,True,
cora_deepres28_w128,17,0,P3_COST_AWARE,1,117,32,128,32,32,ws,1835.0,55.51601423487544,12,160070.0,True,True,
cora_deepres28_w128,17,0,P3_COST_AWARE,0,123,32,128,32,32,ws,1883.0,56.74740484429066,12,160070.0,True,True,
cora_deepres28_w128,17,0,P3_COST_AWARE,1,107,32,128,32,32,ws,1755.0,53.300124533001245,12,160070.0,True,True,
cora_deepres28_w128,17,0,P3_COST_AWARE,0,124,32,128,32,32,ws,1891.0,56.94603903559128,12,160070.0,True,True,
cora_deepres28_w128,17,0,P3_COST_AWARE,2,101,32,128,32,32,ws,1707.0,51.86136071887034,12,160070.0,True,True,
cora_deepres28_w128,17,0,P3_COST_AWARE,0,128,32,128,32,32,ws,1923.0,57.72266065388951,12,160070.0,True,True,
cora_deepres28_w128,17,0,P3_COST_AWARE,1,105,32,128,32,32,ws,1739.0,52.83018867924528,12,160070.0,True,True,
cora_deepres28_w128,17,0,P3_COST_AWARE,0,124,32,128,32,32,ws,1891.0,56.94603903559128,12,160070.0,True,True,
cora_deepres28_w128,17,0,P3_COST_AWARE,1,83,32,128,32,32,ws,1563.0,46.95898161244696,12,160070.0,True,True,
cora_deepres28_w128,17,0,P3_COST_AWARE,2,65,32,128,32,32,ws,1419.0,40.94488188976378,12,160070.0,True,True,
cora_deepres28_w128,17,0,P3_COST_AWARE,0,117,32,128,32,32,ws,1835.0,55.51601423487544,12,160070.0,True,True,
cora_deepres28_w128,17,0,P3_COST_AWARE,1,122,32,128,32,32,ws,1875.0,56.54692931633836,12,160070.0,True,True,
cora_deepres28_w128,17,0,P3_COST_AWARE,0,127,32,128,32,32,ws,1915.0,57.53114382785957,12,160070.0,True,True,
cora_deepres28_w128,17,0,P3_COST_AWARE,1,95,32,128,32,32,ws,1659.0,50.33112582781457,12,160070.0,True,True,
cora_deepres28_w128,17,0,P3_COST_AWARE,2,80,32,128,32,32,ws,1539.0,46.0431654676259,12,160070.0,True,True,
cora_deepres28_w128,17,0,P3_COST_AWARE,0,128,32,128,32,32,ws,1923.0,57.72266065388951,12,160070.0,True,True,
cora_deepres28_w128,17,0,P3_COST_AWARE,1,93,32,128,32,32,ws,1643.0,49.7991967871486,12,160070.0,True,True,
cora_deepres28_w128,17,0,P3_COST_AWARE,2,71,32,128,32,32,ws,1467.0,43.095599393019725,12,160070.0,True,True,
cora_deepres28_w128,17,0,P3_COST_AWARE,0,127,32,128,32,32,ws,1915.0,57.53114382785957,12,160070.0,True,True,
cora_deepres28_w128,17,0,P3_COST_AWARE,1,97,32,128,32,32,ws,1675.0,50.8519003931848,12,160070.0,True,True,
cora_deepres28_w128,17,0,P3_COST_AWARE,2,85,32,128,32,32,ws,1579.0,47.55244755244755,12,160070.0,True,True,
cora_deepres28_w128,17,0,P3_COST_AWARE,0,128,32,128,32,32,ws,1923.0,57.72266065388951,12,160070.0,True,True,
cora_deepres28_w128,17,0,P3_COST_AWARE,2,106,32,128,32,32,ws,1747.0,53.06633291614518,12,160070.0,True,True,
cora_deepres28_w128,17,0,P3_COST_AWARE,0,128,32,128,32,32,ws,1923.0,57.72266065388951,12,160070.0,True,True,
cora_deepres28_w128,17,0,P3_COST_AWARE,2,91,32,128,32,32,ws,1627.0,49.25575101488498,12,160070.0,True,True,
cora_deepres28_w128,17,0,P3_COST_AWARE,0,128,32,128,32,32,ws,1923.0,57.72266065388951,12,160070.0,True,True,
cora_deepres28_w128,17,0,P3_COST_AWARE,2,119,32,128,32,32,ws,1851.0,55.93419506462985,12,160070.0,True,True,
chameleon_gcnii16,4,0,P3_COST_AWARE,0,128,8,64,32,32,ws,961.0,14.446952595936796,13,43568.0,True,True,
chameleon_gcnii16,4,0,P3_COST_AWARE,1,126,8,64,32,32,ws,953.0,14.350797266514808,13,43568.0,True,True,
chameleon_gcnii16,4,0,P3_COST_AWARE,2,116,8,64,32,32,ws,913.0,13.842482100238664,13,43568.0,True,True,
chameleon_gcnii16,4,0,P3_COST_AWARE,3,127,8,64,32,32,ws,957.0,14.399092970521542,9,43568.0,True,True,
chameleon_gcnii16,4,0,P3_COST_AWARE,0,128,8,64,32,32,ws,961.0,14.446952595936796,13,43568.0,True,True,
chameleon_gcnii16,4,0,P3_COST_AWARE,1,125,8,64,32,32,ws,949.0,14.302059496567503,13,43568.0,True,True,
chameleon_gcnii16,4,0,P3_COST_AWARE,2,112,8,64,32,32,ws,897.0,13.62530413625304,13,43568.0,True,True,
chameleon_gcnii16,4,0,P3_COST_AWARE,3,128,8,64,32,32,ws,961.0,14.446952595936796,9,43568.0,True,True,
chameleon_gcnii16,4,0,P3_COST_AWARE,0,128,8,64,32,32,ws,961.0,14.446952595936796,13,43568.0,True,True,
chameleon_gcnii16,4,0,P3_COST_AWARE,1,126,8,64,32,32,ws,953.0,14.350797266514808,13,43568.0,True,True,
chameleon_gcnii16,4,0,P3_COST_AWARE,0,128,8,64,32,32,ws,961.0,14.446952595936796,13,43568.0,True,True,
chameleon_gcnii16,4,0,P3_COST_AWARE,1,128,8,64,32,32,ws,961.0,14.446952595936796,13,43568.0,True,True,
chameleon_gcnii16,4,0,P3_COST_AWARE,2,124,8,64,32,32,ws,945.0,14.25287356321839,13,43568.0,True,True,
chameleon_gcnii16,4,0,P3_COST_AWARE,3,128,8,64,32,32,ws,961.0,14.446952595936796,9,43568.0,True,True,
chameleon_gcnii16,4,0,P3_COST_AWARE,0,128,8,64,32,32,ws,961.0,14.446952595936796,13,43568.0,True,True,
chameleon_gcnii16,4,0,P3_COST_AWARE,1,119,8,64,32,32,ws,925.0,14.0,13,43568.0,True,True,
chameleon_gcnii16,4,0,P3_COST_AWARE,2,112,8,64,32,32,ws,897.0,13.62530413625304,13,43568.0,True,True,
chameleon_gcnii16,4,0,P3_COST_AWARE,3,127,8,64,32,32,ws,957.0,14.399092970521542,9,43568.0,True,True,
chameleon_gcnii16,4,0,P3_COST_AWARE,0,128,8,64,32,32,ws,961.0,14.446952595936796,13,43568.0,True,True,
chameleon_gcnii16,4,0,P3_COST_AWARE,1,126,8,64,32,32,ws,953.0,14.350797266514808,13,43568.0,True,True,
chameleon_gcnii16,4,0,P3_COST_AWARE,2,116,8,64,32,32,ws,913.0,13.842482100238664,13,43568.0,True,True,
chameleon_gcnii16,4,0,P3_COST_AWARE,0,128,8,64,32,32,ws,961.0,14.446952595936796,13,43568.0,True,True,
chameleon_gcnii16,4,0,P3_COST_AWARE,1,128,8,64,32,32,ws,961.0,14.446952595936796,13,43568.0,True,True,
chameleon_gcnii16,4,0,P3_COST_AWARE,2,112,8,64,32,32,ws,897.0,13.62530413625304,13,43568.0,True,True,
chameleon_gcnii16,4,0,P3_COST_AWARE,3,128,8,64,32,32,ws,961.0,14.446952595936796,9,43568.0,True,True,
chameleon_gcnii16,4,0,P3_COST_AWARE,0,128,8,64,32,32,ws,961.0,14.446952595936796,13,43568.0,True,True,
chameleon_gcnii16,4,0,P3_COST_AWARE,1,120,8,64,32,32,ws,929.0,14.05152224824356,13,43568.0,True,True,
chameleon_gcnii16,4,0,P3_COST_AWARE,2,116,8,64,32,32,ws,913.0,13.842482100238664,13,43568.0,True,True,
chameleon_gcnii16,4,0,P3_COST_AWARE,3,128,8,64,32,32,ws,961.0,14.446952595936796,9,43568.0,True,True,
chameleon_gcnii16,4,0,P3_COST_AWARE,0,128,8,64,32,32,ws,961.0,14.446952595936796,13,43568.0,True,True,
chameleon_gcnii16,4,0,P3_COST_AWARE,1,124,8,64,32,32,ws,945.0,14.25287356321839,13,43568.0,True,True,
chameleon_gcnii16,4,0,P3_COST_AWARE,0,128,8,64,32,32,ws,961.0,14.446952595936796,13,43568.0,True,True,
chameleon_gcnii16,4,0,P3_COST_AWARE,1,104,8,64,32,32,ws,865.0,13.164556962025316,12,43568.0,True,True,
chameleon_gcnii16,4,0,P3_COST_AWARE,2,112,8,64,32,32,ws,897.0,13.62530413625304,13,43568.0,True,True,
chameleon_gcnii16,4,0,P3_COST_AWARE,3,127,8,64,32,32,ws,957.0,14.399092970521542,9,43568.0,True,True,
chameleon_gcnii16,4,0,P3_COST_AWARE,5,99,8,64,32,32,ws,845.0,12.857142857142858,13,43568.0,True,True,
chameleon_gcnii16,4,0,P3_COST_AWARE,0,128,8,64,32,32,ws,961.0,14.446952595936796,13,43568.0,True,True,
chameleon_gcnii16,4,0,P3_COST_AWARE,1,124,8,64,32,32,ws,945.0,14.25287356321839,13,43568.0,True,True,
chameleon_gcnii16,4,0,P3_COST_AWARE,0,128,8,64,32,32,ws,961.0,14.446952595936796,13,43568.0,True,True,
chameleon_gcnii16,4,0,P3_COST_AWARE,1,124,8,64,32,32,ws,945.0,14.25287356321839,11,43568.0,True,True,
chameleon_gcnii16,4,0,P3_COST_AWARE,2,120,8,64,32,32,ws,929.0,14.05152224824356,13,43568.0,True,True,
chameleon_gcnii16,4,0,P3_COST_AWARE,3,128,8,64,32,32,ws,961.0,14.446952595936796,12,43568.0,True,True,
chameleon_gcnii16,4,0,P3_COST_AWARE,5,92,8,64,32,32,ws,817.0,12.398921832884096,13,43568.0,True,True,
chameleon_gcnii16,4,0,P3_COST_AWARE,0,128,8,64,32,32,ws,961.0,14.446952595936796,13,43568.0,True,True,
chameleon_gcnii16,4,0,P3_COST_AWARE,1,111,8,64,32,32,ws,893.0,13.569682151589245,11,43568.0,True,True,
chameleon_gcnii16,4,0,P3_COST_AWARE,2,107,8,64,32,32,ws,877.0,13.341645885286782,13,43568.0,True,True,
chameleon_gcnii16,4,0,P3_COST_AWARE,3,127,8,64,32,32,ws,957.0,14.399092970521542,12,43568.0,True,True,
chameleon_gcnii16,4,0,P3_COST_AWARE,5,100,8,64,32,32,ws,849.0,12.919896640826874,13,43568.0,True,True,
chameleon_gcnii16,4,0,P3_COST_AWARE,0,128,8,64,32,32,ws,961.0,14.446952595936796,13,43568.0,True,True,
chameleon_gcnii16,4,0,P3_COST_AWARE,2,120,8,64,32,32,ws,929.0,14.05152224824356,13,43568.0,True,True,
chameleon_gcnii16,4,0,P3_COST_AWARE,3,127,8,64,32,32,ws,957.0,14.399092970521542,12,43568.0,True,True,
chameleon_gcnii16,4,0,P3_COST_AWARE,5,116,8,64,32,32,ws,913.0,13.842482100238664,13,43568.0,True,True,
chameleon_gcnii16,4,0,P3_COST_AWARE,6,111,8,64,32,32,ws,893.0,13.569682151589245,13,43568.0,True,True,
chameleon_gcnii16,4,0,P3_COST_AWARE,0,128,8,64,32,32,ws,961.0,14.446952595936796,13,43568.0,True,True,
chameleon_gcnii16,4,0,P3_COST_AWARE,1,123,8,64,32,32,ws,941.0,14.20323325635104,13,43568.0,True,True,
chameleon_gcnii16,4,0,P3_COST_AWARE,0,128,8,64,32,32,ws,961.0,14.446952595936796,13,43568.0,True,True,
chameleon_gcnii16,4,0,P3_COST_AWARE,2,112,8,64,32,32,ws,897.0,13.62530413625304,13,43568.0,True,True,
chameleon_gcnii16,4,0,P3_COST_AWARE,5,97,8,64,32,32,ws,837.0,12.729658792650918,13,43568.0,True,True,
chameleon_gcnii16,4,0,P3_COST_AWARE,0,128,8,64,32,32,ws,961.0,14.446952595936796,13,43568.0,True,True,
chameleon_gcnii16,4,0,P3_COST_AWARE,1,108,8,64,32,32,ws,881.0,13.399503722084368,11,43568.0,True,True,
chameleon_gcnii16,4,0,P3_COST_AWARE,2,120,8,64,32,32,ws,929.0,14.05152224824356,13,43568.0,True,True,
chameleon_gcnii16,4,0,P3_COST_AWARE,3,128,8,64,32,32,ws,961.0,14.446952595936796,12,43568.0,True,True,
chameleon_gcnii16,4,0,P3_COST_AWARE,5,114,8,64,32,32,ws,905.0,13.734939759036145,13,43568.0,True,True,
chameleon_gcnii16,4,0,P3_COST_AWARE,6,108,8,64,32,32,ws,881.0,13.399503722084368,13,43568.0,True,True,
chameleon_gcnii16,4,0,P3_COST_AWARE,0,100,8,64,32,32,ws,849.0,12.919896640826874,13,43568.0,True,True,
chameleon_gcnii16,4,0,P3_COST_AWARE,2,95,8,64,32,32,ws,829.0,12.59946949602122,13,43568.0,True,True,
chameleon_gcnii16,4,0,P3_COST_AWARE,5,88,8,64,32,32,ws,801.0,12.12121212121212,13,43568.0,True,True,
chameleon_gcnii16,4,0,P3_COST_AWARE,0,128,16,64,32,32,ws,961.0,28.89390519187359,13,43568.0,True,True,
chameleon_gcnii16,4,0,P3_COST_AWARE,1,124,16,64,32,32,ws,945.0,28.50574712643678,13,43568.0,True,True,
chameleon_gcnii16,4,0,P3_COST_AWARE,2,128,16,64,32,32,ws,961.0,28.89390519187359,13,43568.0,True,True,
chameleon_gcnii16,4,0,P3_COST_AWARE,3,84,16,64,32,32,ws,785.0,23.66197183098592,13,43568.0,True,True,
chameleon_gcnii16,4,0,P3_COST_AWARE,0,128,16,64,32,32,ws,961.0,28.89390519187359,13,43568.0,True,True,
chameleon_gcnii16,4,0,P3_COST_AWARE,1,123,16,64,32,32,ws,941.0,28.40646651270208,13,43568.0,True,True,
chameleon_gcnii16,4,0,P3_COST_AWARE,2,128,16,64,32,32,ws,961.0,28.89390519187359,12,43568.0,True,True,
chameleon_gcnii16,4,0,P3_COST_AWARE,3,80,16,64,32,32,ws,769.0,23.054755043227665,10,43568.0,True,True,
chameleon_gcnii16,4,0,P3_COST_AWARE,0,128,16,64,32,32,ws,961.0,28.89390519187359,13,43568.0,True,True,
chameleon_gcnii16,4,0,P3_COST_AWARE,1,116,16,64,32,32,ws,913.0,27.684964200477328,13,43568.0,True,True,
chameleon_gcnii16,4,0,P3_COST_AWARE,2,128,16,64,32,32,ws,961.0,28.89390519187359,12,43568.0,True,True,
chameleon_gcnii16,4,0,P3_COST_AWARE,0,128,16,64,32,32,ws,961.0,28.89390519187359,13,43568.0,True,True,
chameleon_gcnii16,4,0,P3_COST_AWARE,1,127,16,64,32,32,ws,957.0,28.798185941043084,13,43568.0,True,True,
chameleon_gcnii16,4,0,P3_COST_AWARE,2,128,16,64,32,32,ws,961.0,28.89390519187359,10,43568.0,True,True,
chameleon_gcnii16,4,0,P3_COST_AWARE,0,128,16,64,32,32,ws,961.0,28.89390519187359,13,43568.0,True,True,
chameleon_gcnii16,4,0,P3_COST_AWARE,1,122,16,64,32,32,ws,937.0,28.306264501160094,13,43568.0,True,True,
chameleon_gcnii16,4,0,P3_COST_AWARE,2,128,16,64,32,32,ws,961.0,28.89390519187359,13,43568.0,True,True,
chameleon_gcnii16,4,0,P3_COST_AWARE,3,97,16,64,32,32,ws,837.0,25.45931758530184,13,43568.0,True,True,
chameleon_gcnii16,4,0,P3_COST_AWARE,0,128,16,64,32,32,ws,961.0,28.89390519187359,13,43568.0,True,True,
chameleon_gcnii16,4,0,P3_COST_AWARE,1,122,16,64,32,32,ws,937.0,28.306264501160094,13,43568.0,True,True,
chameleon_gcnii16,4,0,P3_COST_AWARE,2,128,16,64,32,32,ws,961.0,28.89390519187359,12,43568.0,True,True,
chameleon_gcnii16,4,0,P3_COST_AWARE,3,70,16,64,32,32,ws,729.0,21.406727828746178,8,43568.0,True,True,
chameleon_gcnii16,4,0,P3_COST_AWARE,0,128,16,64,32,32,ws,961.0,28.89390519187359,13,43568.0,True,True,
chameleon_gcnii16,4,0,P3_COST_AWARE,1,122,16,64,32,32,ws,937.0,28.306264501160094,13,43568.0,True,True,
chameleon_gcnii16,4,0,P3_COST_AWARE,2,128,16,64,32,32,ws,961.0,28.89390519187359,12,43568.0,True,True,
chameleon_gcnii16,4,0,P3_COST_AWARE,3,78,16,64,32,32,ws,761.0,22.740524781341108,8,43568.0,True,True,
chameleon_gcnii16,4,0,P3_COST_AWARE,0,128,16,64,32,32,ws,961.0,28.89390519187359,13,43568.0,True,True,
chameleon_gcnii16,4,0,P3_COST_AWARE,1,126,16,64,32,32,ws,953.0,28.701594533029613,13,43568.0,True,True,
chameleon_gcnii16,4,0,P3_COST_AWARE,2,128,16,64,32,32,ws,961.0,28.89390519187359,13,43568.0,True,True,
chameleon_gcnii16,4,0,P3_COST_AWARE,3,76,16,64,32,32,ws,753.0,22.4188790560472,13,43568.0,True,True,
chameleon_gcnii16,4,0,P3_COST_AWARE,0,128,16,64,32,32,ws,961.0,28.89390519187359,13,43568.0,True,True,
chameleon_gcnii16,4,0,P3_COST_AWARE,1,106,16,64,32,32,ws,873.0,26.56641604010025,13,43568.0,True,True,
chameleon_gcnii16,4,0,P3_COST_AWARE,2,128,16,64,32,32,ws,961.0,28.89390519187359,13,43568.0,True,True,
chameleon_gcnii16,4,0,P3_COST_AWARE,3,68,16,64,32,32,ws,721.0,21.05263157894737,13,43568.0,True,True,
chameleon_gcnii16,4,0,P3_COST_AWARE,0,128,16,64,32,32,ws,961.0,28.89390519187359,13,43568.0,True,True,
chameleon_gcnii16,4,0,P3_COST_AWARE,1,122,16,64,32,32,ws,937.0,28.306264501160094,13,43568.0,True,True,
chameleon_gcnii16,4,0,P3_COST_AWARE,2,128,16,64,32,32,ws,961.0,28.89390519187359,13,43568.0,True,True,
chameleon_gcnii16,4,0,P3_COST_AWARE,3,100,16,64,32,32,ws,849.0,25.839793281653748,13,43568.0,True,True,
chameleon_gcnii16,4,0,P3_COST_AWARE,0,128,16,64,32,32,ws,961.0,28.89390519187359,13,43568.0,True,True,
chameleon_gcnii16,4,0,P3_COST_AWARE,1,114,16,64,32,32,ws,905.0,27.46987951807229,13,43568.0,True,True,
chameleon_gcnii16,4,0,P3_COST_AWARE,2,128,16,64,32,32,ws,961.0,28.89390519187359,12,43568.0,True,True,
chameleon_gcnii16,4,0,P3_COST_AWARE,3,60,16,64,32,32,ws,689.0,19.54397394136808,11,43568.0,True,True,
chameleon_gcnii16,4,0,P3_COST_AWARE,0,128,16,64,32,32,ws,961.0,28.89390519187359,13,43568.0,True,True,
chameleon_gcnii16,4,0,P3_COST_AWARE,1,124,16,64,32,32,ws,945.0,28.50574712643678,13,43568.0,True,True,
chameleon_gcnii16,4,0,P3_COST_AWARE,2,128,16,64,32,32,ws,961.0,28.89390519187359,13,43568.0,True,True,
chameleon_gcnii16,4,0,P3_COST_AWARE,3,94,16,64,32,32,ws,825.0,25.066666666666663,13,43568.0,True,True,
chameleon_gcnii16,4,0,P3_COST_AWARE,0,128,16,64,32,32,ws,961.0,28.89390519187359,13,43568.0,True,True,
chameleon_gcnii16,4,0,P3_COST_AWARE,1,123,16,64,32,32,ws,941.0,28.40646651270208,13,43568.0,True,True,
chameleon_gcnii16,4,0,P3_COST_AWARE,2,128,16,64,32,32,ws,961.0,28.89390519187359,13,43568.0,True,True,
chameleon_gcnii16,4,0,P3_COST_AWARE,3,110,16,64,32,32,ws,889.0,27.027027027027028,13,43568.0,True,True,
chameleon_gcnii16,4,0,P3_COST_AWARE,0,128,16,64,32,32,ws,961.0,28.89390519187359,13,43568.0,True,True,
chameleon_gcnii16,4,0,P3_COST_AWARE,1,126,16,64,32,32,ws,953.0,28.701594533029613,13,43568.0,True,True,
chameleon_gcnii16,4,0,P3_COST_AWARE,2,128,16,64,32,32,ws,961.0,28.89390519187359,13,43568.0,True,True,
chameleon_gcnii16,4,0,P3_COST_AWARE,3,120,16,64,32,32,ws,929.0,28.10304449648712,13,43568.0,True,True,
chameleon_gcnii16,4,0,P3_COST_AWARE,0,128,16,64,32,32,ws,961.0,28.89390519187359,13,43568.0,True,True,
chameleon_gcnii16,4,0,P3_COST_AWARE,1,120,16,64,32,32,ws,929.0,28.10304449648712,13,43568.0,True,True,
chameleon_gcnii16,4,0,P3_COST_AWARE,2,128,16,64,32,32,ws,961.0,28.89390519187359,11,43568.0,True,True,
chameleon_gcnii16,4,0,P3_COST_AWARE,3,62,16,64,32,32,ws,697.0,19.935691318327976,8,43568.0,True,True,
chameleon_gcnii16,4,0,P3_COST_AWARE,0,128,16,64,32,32,ws,961.0,28.89390519187359,13,43568.0,True,True,
chameleon_gcnii16,4,0,P3_COST_AWARE,1,120,16,64,32,32,ws,929.0,28.10304449648712,13,43568.0,True,True,
chameleon_gcnii16,4,0,P3_COST_AWARE,2,128,16,64,32,32,ws,961.0,28.89390519187359,13,43568.0,True,True,
chameleon_gcnii16,4,0,P3_COST_AWARE,3,102,16,64,32,32,ws,857.0,26.08695652173913,13,43568.0,True,True,
chameleon_gcnii16,4,0,P3_COST_AWARE,0,128,16,64,32,32,ws,961.0,28.89390519187359,13,43568.0,True,True,
chameleon_gcnii16,4,0,P3_COST_AWARE,1,126,16,64,32,32,ws,953.0,28.701594533029613,13,43568.0,True,True,
chameleon_gcnii16,4,0,P3_COST_AWARE,2,128,16,64,32,32,ws,961.0,28.89390519187359,13,43568.0,True,True,
chameleon_gcnii16,4,0,P3_COST_AWARE,3,116,16,64,32,32,ws,913.0,27.684964200477328,13,43568.0,True,True,
chameleon_gcnii16,4,0,P3_COST_AWARE,0,101,16,64,32,32,ws,853.0,25.96401028277635,13,43568.0,True,True,
chameleon_gcnii16,4,0,P3_COST_AWARE,1,95,16,64,32,32,ws,829.0,25.19893899204244,13,43568.0,True,True,
chameleon_gcnii16,4,0,P3_COST_AWARE,2,101,16,64,32,32,ws,853.0,25.96401028277635,13,43568.0,True,True,
chameleon_gcnii16,4,0,P3_COST_AWARE,3,89,16,64,32,32,ws,805.0,24.383561643835616,13,43568.0,True,True,
chameleon_gcnii16,4,0,P3_COST_AWARE,0,128,32,64,32,32,ws,1223.0,57.78781038374718,13,43568.0,True,True,
chameleon_gcnii16,4,0,P3_COST_AWARE,1,81,32,64,32,32,ws,773.0,46.41833810888252,13,43568.0,True,True,
chameleon_gcnii16,4,0,P3_COST_AWARE,0,128,32,64,32,32,ws,1223.0,57.78781038374718,13,43568.0,True,True,
chameleon_gcnii16,4,0,P3_COST_AWARE,1,81,32,64,32,32,ws,773.0,46.41833810888252,13,43568.0,True,True,
chameleon_gcnii16,4,0,P3_COST_AWARE,0,128,32,64,32,32,ws,1223.0,57.78781038374718,13,43568.0,True,True,
chameleon_gcnii16,4,0,P3_COST_AWARE,1,81,32,64,32,32,ws,773.0,46.41833810888252,13,43568.0,True,True,
chameleon_gcnii16,4,0,P3_COST_AWARE,0,128,32,64,32,32,ws,1223.0,57.78781038374718,13,43568.0,True,True,
chameleon_gcnii16,4,0,P3_COST_AWARE,1,81,32,64,32,32,ws,773.0,46.41833810888252,12,43568.0,True,True,
chameleon_gcnii16,4,0,P3_COST_AWARE,0,128,32,64,32,32,ws,1223.0,57.78781038374718,13,43568.0,True,True,
chameleon_gcnii16,4,0,P3_COST_AWARE,1,114,32,64,32,32,ws,1167.0,54.93975903614458,13,43568.0,True,True,
chameleon_gcnii16,4,0,P3_COST_AWARE,0,128,32,64,32,32,ws,1223.0,57.78781038374718,13,43568.0,True,True,
chameleon_gcnii16,4,0,P3_COST_AWARE,1,81,32,64,32,32,ws,773.0,46.41833810888252,13,43568.0,True,True,
chameleon_gcnii16,4,0,P3_COST_AWARE,0,128,32,64,32,32,ws,1223.0,57.78781038374718,13,43568.0,True,True,
chameleon_gcnii16,4,0,P3_COST_AWARE,1,81,32,64,32,32,ws,773.0,46.41833810888252,13,43568.0,True,True,
chameleon_gcnii16,4,0,P3_COST_AWARE,0,128,32,64,32,32,ws,1223.0,57.78781038374718,13,43568.0,True,True,
chameleon_gcnii16,4,0,P3_COST_AWARE,1,81,32,64,32,32,ws,773.0,46.41833810888252,13,43568.0,True,True,
chameleon_gcnii16,4,0,P3_COST_AWARE,0,128,32,64,32,32,ws,1223.0,57.78781038374718,13,43568.0,True,True,
chameleon_gcnii16,4,0,P3_COST_AWARE,1,81,32,64,32,32,ws,773.0,46.41833810888252,13,43568.0,True,True,
chameleon_gcnii16,4,0,P3_COST_AWARE,0,128,32,64,32,32,ws,1223.0,57.78781038374718,13,43568.0,True,True,
chameleon_gcnii16,4,0,P3_COST_AWARE,1,113,32,64,32,32,ws,1163.0,54.72154963680387,13,43568.0,True,True,
chameleon_gcnii16,4,0,P3_COST_AWARE,0,128,32,64,32,32,ws,1223.0,57.78781038374718,13,43568.0,True,True,
chameleon_gcnii16,4,0,P3_COST_AWARE,1,81,32,64,32,32,ws,773.0,46.41833810888252,13,43568.0,True,True,
chameleon_gcnii16,4,0,P3_COST_AWARE,0,128,32,64,32,32,ws,1223.0,57.78781038374718,13,43568.0,True,True,
chameleon_gcnii16,4,0,P3_COST_AWARE,1,116,32,64,32,32,ws,1175.0,55.369928400954656,13,43568.0,True,True,
chameleon_gcnii16,4,0,P3_COST_AWARE,0,128,32,64,32,32,ws,1223.0,57.78781038374718,13,43568.0,True,True,
chameleon_gcnii16,4,0,P3_COST_AWARE,1,120,32,64,32,32,ws,1191.0,56.20608899297424,13,43568.0,True,True,
chameleon_gcnii16,4,0,P3_COST_AWARE,0,128,32,64,32,32,ws,1223.0,57.78781038374718,13,43568.0,True,True,
chameleon_gcnii16,4,0,P3_COST_AWARE,1,125,32,64,32,32,ws,1211.0,57.20823798627002,13,43568.0,True,True,
chameleon_gcnii16,4,0,P3_COST_AWARE,0,128,32,64,32,32,ws,1223.0,57.78781038374718,13,43568.0,True,True,
chameleon_gcnii16,4,0,P3_COST_AWARE,1,81,32,64,32,32,ws,773.0,46.41833810888252,13,43568.0,True,True,
chameleon_gcnii16,4,0,P3_COST_AWARE,0,128,32,64,32,32,ws,1223.0,57.78781038374718,13,43568.0,True,True,
chameleon_gcnii16,4,0,P3_COST_AWARE,1,119,32,64,32,32,ws,1187.0,56.0,13,43568.0,True,True,
chameleon_gcnii16,4,0,P3_COST_AWARE,0,128,32,64,32,32,ws,1223.0,57.78781038374718,13,43568.0,True,True,
chameleon_gcnii16,4,0,P3_COST_AWARE,1,124,32,64,32,32,ws,1207.0,57.01149425287356,13,43568.0,True,True,
chameleon_gcnii16,4,0,P3_COST_AWARE,0,101,32,64,32,32,ws,1115.0,51.9280205655527,13,43568.0,True,True,
chameleon_gcnii16,4,0,P3_COST_AWARE,1,81,32,64,32,32,ws,773.0,46.41833810888252,13,43568.0,True,True,
cora_resgcn16,4,0,P3_COST_AWARE,0,128,16,64,32,32,ws,961.0,28.89390519187359,13,52446.0,True,True,
cora_resgcn16,4,0,P3_COST_AWARE,0,128,16,64,32,32,ws,961.0,28.89390519187359,13,52446.0,True,True,
cora_resgcn16,4,0,P3_COST_AWARE,0,128,16,64,32,32,ws,961.0,28.89390519187359,13,52446.0,True,True,
cora_resgcn16,4,0,P3_COST_AWARE,0,128,16,64,32,32,ws,961.0,28.89390519187359,13,52446.0,True,True,
cora_resgcn16,4,0,P3_COST_AWARE,0,128,16,64,32,32,ws,961.0,28.89390519187359,13,52446.0,True,True,
cora_resgcn16,4,0,P3_COST_AWARE,0,128,16,64,32,32,ws,961.0,28.89390519187359,13,52446.0,True,True,
cora_resgcn16,4,0,P3_COST_AWARE,0,128,16,64,32,32,ws,961.0,28.89390519187359,13,52446.0,True,True,
cora_resgcn16,4,0,P3_COST_AWARE,0,128,16,64,32,32,ws,961.0,28.89390519187359,13,52446.0,True,True,
cora_resgcn16,4,0,P3_COST_AWARE,0,128,16,64,32,32,ws,961.0,28.89390519187359,13,52446.0,True,True,
cora_resgcn16,4,0,P3_COST_AWARE,0,128,16,64,32,32,ws,961.0,28.89390519187359,13,52446.0,True,True,
cora_resgcn16,4,0,P3_COST_AWARE,0,128,16,64,32,32,ws,961.0,28.89390519187359,13,52446.0,True,True,
cora_resgcn16,4,0,P3_COST_AWARE,0,128,16,64,32,32,ws,961.0,28.89390519187359,13,52446.0,True,True,
cora_resgcn16,4,0,P3_COST_AWARE,0,128,16,64,32,32,ws,961.0,28.89390519187359,13,52446.0,True,True,
cora_resgcn16,4,0,P3_COST_AWARE,0,128,16,64,32,32,ws,961.0,28.89390519187359,13,52446.0,True,True,
cora_resgcn16,4,0,P3_COST_AWARE,0,128,16,64,32,32,ws,961.0,28.89390519187359,13,52446.0,True,True,
cora_resgcn16,4,0,P3_COST_AWARE,0,128,16,64,32,32,ws,961.0,28.89390519187359,13,52446.0,True,True,
cora_resgcn16,4,0,P3_COST_AWARE,0,128,16,64,32,32,ws,961.0,28.89390519187359,13,52446.0,True,True,
cora_resgcn16,4,0,P3_COST_AWARE,0,128,16,64,32,32,ws,961.0,28.89390519187359,13,52446.0,True,True,
cora_resgcn16,4,0,P3_COST_AWARE,0,128,16,64,32,32,ws,961.0,28.89390519187359,13,52446.0,True,True,
cora_resgcn16,4,0,P3_COST_AWARE,1,128,16,64,32,32,ws,961.0,28.89390519187359,5,52446.0,True,True,
cora_resgcn16,4,0,P3_COST_AWARE,0,128,16,64,32,32,ws,961.0,28.89390519187359,13,52446.0,True,True,
cora_resgcn16,4,0,P3_COST_AWARE,1,128,16,64,32,32,ws,961.0,28.89390519187359,5,52446.0,True,True,
cora_resgcn16,4,0,P3_COST_AWARE,0,128,16,64,32,32,ws,961.0,28.89390519187359,12,52446.0,True,True,
cora_resgcn16,4,0,P3_COST_AWARE,1,128,16,64,32,32,ws,961.0,28.89390519187359,5,52446.0,True,True,
cora_resgcn16,4,0,P3_COST_AWARE,0,128,32,64,32,32,ws,1223.0,57.78781038374718,13,52446.0,True,True,
cora_resgcn16,4,0,P3_COST_AWARE,0,128,32,64,32,32,ws,1223.0,57.78781038374718,13,52446.0,True,True,
cora_resgcn16,4,0,P3_COST_AWARE,0,128,32,64,32,32,ws,1223.0,57.78781038374718,13,52446.0,True,True,
cora_resgcn16,4,0,P3_COST_AWARE,0,128,32,64,32,32,ws,1223.0,57.78781038374718,13,52446.0,True,True,
cora_resgcn16,4,0,P3_COST_AWARE,0,128,32,64,32,32,ws,1223.0,57.78781038374718,13,52446.0,True,True,
cora_resgcn16,4,0,P3_COST_AWARE,0,128,32,64,32,32,ws,1223.0,57.78781038374718,13,52446.0,True,True,
cora_resgcn16,4,0,P3_COST_AWARE,0,128,32,64,32,32,ws,1223.0,57.78781038374718,13,52446.0,True,True,
cora_resgcn16,4,0,P3_COST_AWARE,0,128,32,64,32,32,ws,1223.0,57.78781038374718,13,52446.0,True,True,
cora_resgcn16,4,0,P3_COST_AWARE,0,128,32,64,32,32,ws,1223.0,57.78781038374718,13,52446.0,True,True,
cora_resgcn16,4,0,P3_COST_AWARE,0,128,32,64,32,32,ws,1223.0,57.78781038374718,13,52446.0,True,True,
cora_resgcn16,4,0,P3_COST_AWARE,0,128,32,64,32,32,ws,1223.0,57.78781038374718,13,52446.0,True,True,
cora_resgcn16,4,0,P3_COST_AWARE,0,128,32,64,32,32,ws,1223.0,57.78781038374718,13,52446.0,True,True,
cora_resgcn16,4,0,P3_COST_AWARE,0,128,32,64,32,32,ws,1223.0,57.78781038374718,13,52446.0,True,True,
cora_resgcn16,4,0,P3_COST_AWARE,0,128,32,64,32,32,ws,1223.0,57.78781038374718,13,52446.0,True,True,
cora_resgcn16,4,0,P3_COST_AWARE,0,128,32,64,32,32,ws,1223.0,57.78781038374718,13,52446.0,True,True,
cora_resgcn16,4,0,P3_COST_AWARE,0,128,32,64,32,32,ws,1223.0,57.78781038374718,13,52446.0,True,True,
cora_resgcn16,4,0,P3_COST_AWARE,0,128,32,64,32,32,ws,1223.0,57.78781038374718,13,52446.0,True,True,
cora_resgcn16,4,0,P3_COST_AWARE,0,128,32,64,32,32,ws,1223.0,57.78781038374718,13,52446.0,True,True,
cora_resgcn16,4,0,P3_COST_AWARE,0,128,32,64,32,32,ws,1223.0,57.78781038374718,13,52446.0,True,True,
cora_resgcn16,4,0,P3_COST_AWARE,0,128,32,64,32,32,ws,1223.0,57.78781038374718,13,52446.0,True,True,
cora_resgcn16,4,0,P3_COST_AWARE,0,128,32,64,32,32,ws,1223.0,57.78781038374718,13,52446.0,True,True,
cora_resgcn16,4,0,P3_COST_AWARE,1,128,32,64,32,32,ws,1223.0,57.78781038374718,8,52446.0,True,True,
pubmed_deepres28_w128,4,0,P3_COST_AWARE,0,128,32,128,32,32,ws,1923.0,57.72266065388951,13,1148179.0,True,True,
pubmed_deepres28_w128,4,0,P3_COST_AWARE,1,105,32,128,32,32,ws,1739.0,52.83018867924528,13,1148179.0,True,True,
pubmed_deepres28_w128,4,0,P3_COST_AWARE,0,128,32,128,32,32,ws,1923.0,57.72266065388951,13,1148179.0,True,True,
pubmed_deepres28_w128,4,0,P3_COST_AWARE,1,81,32,128,32,32,ws,1547.0,46.351931330472105,13,1148179.0,True,True,
pubmed_deepres28_w128,4,0,P3_COST_AWARE,2,64,32,128,32,32,ws,1411.0,40.57052297939778,13,1148179.0,True,True,
pubmed_deepres28_w128,4,0,P3_COST_AWARE,0,128,32,128,32,32,ws,1923.0,57.72266065388951,13,1148179.0,True,True,
pubmed_deepres28_w128,4,0,P3_COST_AWARE,1,95,32,128,32,32,ws,1659.0,50.33112582781457,13,1148179.0,True,True,
pubmed_deepres28_w128,4,0,P3_COST_AWARE,0,128,32,128,32,32,ws,1923.0,57.72266065388951,13,1148179.0,True,True,
pubmed_deepres28_w128,4,0,P3_COST_AWARE,1,89,32,128,32,32,ws,1611.0,48.700410396716826,13,1148179.0,True,True,
pubmed_deepres28_w128,4,0,P3_COST_AWARE,2,62,32,128,32,32,ws,1395.0,39.807383627608345,13,1148179.0,True,True,
pubmed_deepres28_w128,4,0,P3_COST_AWARE,0,128,32,128,32,32,ws,1923.0,57.72266065388951,13,1148179.0,True,True,
pubmed_deepres28_w128,4,0,P3_COST_AWARE,1,68,32,128,32,32,ws,1443.0,42.04018547140649,13,1148179.0,True,True,
pubmed_deepres28_w128,4,0,P3_COST_AWARE,2,76,32,128,32,32,ws,1507.0,44.77172312223858,13,1148179.0,True,True,
pubmed_deepres28_w128,4,0,P3_COST_AWARE,0,128,32,128,32,32,ws,1923.0,57.72266065388951,13,1148179.0,True,True,
pubmed_deepres28_w128,4,0,P3_COST_AWARE,1,78,32,128,32,32,ws,1523.0,45.414847161572055,13,1148179.0,True,True,
pubmed_deepres28_w128,4,0,P3_COST_AWARE,2,69,32,128,32,32,ws,1451.0,42.3963133640553,13,1148179.0,True,True,
pubmed_deepres28_w128,4,0,P3_COST_AWARE,0,128,32,128,32,32,ws,1923.0,57.72266065388951,13,1148179.0,True,True,
pubmed_deepres28_w128,4,0,P3_COST_AWARE,1,75,32,128,32,32,ws,1499.0,44.44444444444444,13,1148179.0,True,True,
pubmed_deepres28_w128,4,0,P3_COST_AWARE,2,63,32,128,32,32,ws,1403.0,40.19138755980861,13,1148179.0,True,True,
pubmed_deepres28_w128,4,0,P3_COST_AWARE,0,128,32,128,32,32,ws,1923.0,57.72266065388951,13,1148179.0,True,True,
pubmed_deepres28_w128,4,0,P3_COST_AWARE,1,68,32,128,32,32,ws,1443.0,42.04018547140649,13,1148179.0,True,True,
pubmed_deepres28_w128,4,0,P3_COST_AWARE,2,84,32,128,32,32,ws,1571.0,47.25738396624472,13,1148179.0,True,True,
pubmed_deepres28_w128,4,0,P3_COST_AWARE,0,128,32,128,32,32,ws,1923.0,57.72266065388951,13,1148179.0,True,True,
pubmed_deepres28_w128,4,0,P3_COST_AWARE,1,76,32,128,32,32,ws,1507.0,44.77172312223858,13,1148179.0,True,True,
pubmed_deepres28_w128,4,0,P3_COST_AWARE,2,70,32,128,32,32,ws,1459.0,42.74809160305343,13,1148179.0,True,True,
pubmed_deepres28_w128,4,0,P3_COST_AWARE,0,128,32,128,32,32,ws,1923.0,57.72266065388951,13,1148179.0,True,True,
pubmed_deepres28_w128,4,0,P3_COST_AWARE,1,68,32,128,32,32,ws,1443.0,42.04018547140649,13,1148179.0,True,True,
pubmed_deepres28_w128,4,0,P3_COST_AWARE,2,80,32,128,32,32,ws,1539.0,46.0431654676259,13,1148179.0,True,True,
pubmed_deepres28_w128,4,0,P3_COST_AWARE,0,128,32,128,32,32,ws,1923.0,57.72266065388951,13,1148179.0,True,True,
pubmed_deepres28_w128,4,0,P3_COST_AWARE,1,85,32,128,32,32,ws,1579.0,47.55244755244755,13,1148179.0,True,True,
pubmed_deepres28_w128,4,0,P3_COST_AWARE,2,73,32,128,32,32,ws,1483.0,43.77811094452774,13,1148179.0,True,True,
pubmed_deepres28_w128,4,0,P3_COST_AWARE,0,128,32,128,32,32,ws,1923.0,57.72266065388951,13,1148179.0,True,True,
pubmed_deepres28_w128,4,0,P3_COST_AWARE,1,93,32,128,32,32,ws,1643.0,49.7991967871486,13,1148179.0,True,True,
pubmed_deepres28_w128,4,0,P3_COST_AWARE,0,128,32,128,32,32,ws,1923.0,57.72266065388951,13,1148179.0,True,True,
pubmed_deepres28_w128,4,0,P3_COST_AWARE,1,116,32,128,32,32,ws,1827.0,55.30393325387366,13,1148179.0,True,True,
pubmed_deepres28_w128,4,0,P3_COST_AWARE,0,128,32,128,32,32,ws,1923.0,57.72266065388951,13,1148179.0,True,True,
pubmed_deepres28_w128,4,0,P3_COST_AWARE,1,117,32,128,32,32,ws,1835.0,55.51601423487544,13,1148179.0,True,True,
pubmed_deepres28_w128,4,0,P3_COST_AWARE,0,128,32,128,32,32,ws,1923.0,57.72266065388951,13,1148179.0,True,True,
pubmed_deepres28_w128,4,0,P3_COST_AWARE,1,50,32,128,32,32,ws,1299.0,34.78260869565217,13,1148179.0,True,True,
pubmed_deepres28_w128,4,0,P3_COST_AWARE,2,96,32,128,32,32,ws,1667.0,50.59288537549407,13,1148179.0,True,True,
pubmed_deepres28_w128,4,0,P3_COST_AWARE,0,128,32,128,32,32,ws,1923.0,57.72266065388951,13,1148179.0,True,True,
pubmed_deepres28_w128,4,0,P3_COST_AWARE,2,113,32,128,32,32,ws,1803.0,54.65538089480049,13,1148179.0,True,True,
pubmed_deepres28_w128,4,0,P3_COST_AWARE,0,128,32,128,32,32,ws,1923.0,57.72266065388951,13,1148179.0,True,True,
pubmed_deepres28_w128,4,0,P3_COST_AWARE,2,121,32,128,32,32,ws,1867.0,56.344586728754365,13,1148179.0,True,True,
pubmed_deepres28_w128,4,0,P3_COST_AWARE,0,128,32,128,32,32,ws,1923.0,57.72266065388951,13,1148179.0,True,True,
pubmed_deepres28_w128,4,0,P3_COST_AWARE,2,121,32,128,32,32,ws,1867.0,56.344586728754365,13,1148179.0,True,True,
pubmed_deepres28_w128,4,0,P3_COST_AWARE,0,128,32,128,32,32,ws,1923.0,57.72266065388951,13,1148179.0,True,True,
pubmed_deepres28_w128,4,0,P3_COST_AWARE,1,55,32,128,32,32,ws,1339.0,36.97478991596638,13,1148179.0,True,True,
pubmed_deepres28_w128,4,0,P3_COST_AWARE,2,82,32,128,32,32,ws,1555.0,46.65718349928876,13,1148179.0,True,True,
pubmed_deepres28_w128,4,0,P3_COST_AWARE,0,128,32,128,32,32,ws,1923.0,57.72266065388951,13,1148179.0,True,True,
pubmed_deepres28_w128,4,0,P3_COST_AWARE,2,94,32,128,32,32,ws,1651.0,50.06657789613848,13,1148179.0,True,True,
pubmed_deepres28_w128,4,0,P3_COST_AWARE,0,128,32,128,32,32,ws,1923.0,57.72266065388951,13,1148179.0,True,True,
pubmed_deepres28_w128,4,0,P3_COST_AWARE,1,65,32,128,32,32,ws,1419.0,40.94488188976378,13,1148179.0,True,True,
pubmed_deepres28_w128,4,0,P3_COST_AWARE,2,78,32,128,32,32,ws,1523.0,45.414847161572055,13,1148179.0,True,True,
pubmed_deepres28_w128,4,0,P3_COST_AWARE,0,128,32,128,32,32,ws,1923.0,57.72266065388951,13,1148179.0,True,True,
pubmed_deepres28_w128,4,0,P3_COST_AWARE,1,64,32,128,32,32,ws,1411.0,40.57052297939778,13,1148179.0,True,True,
pubmed_deepres28_w128,4,0,P3_COST_AWARE,2,80,32,128,32,32,ws,1539.0,46.0431654676259,13,1148179.0,True,True,
pubmed_deepres28_w128,4,0,P3_COST_AWARE,0,128,32,128,32,32,ws,1923.0,57.72266065388951,13,1148179.0,True,True,
pubmed_deepres28_w128,4,0,P3_COST_AWARE,2,118,32,128,32,32,ws,1843.0,55.72609208972845,13,1148179.0,True,True,
pubmed_deepres28_w128,4,0,P3_COST_AWARE,0,128,32,128,32,32,ws,1923.0,57.72266065388951,13,1148179.0,True,True,
pubmed_deepres28_w128,4,0,P3_COST_AWARE,1,64,32,128,32,32,ws,1411.0,40.57052297939778,13,1148179.0,True,True,
pubmed_deepres28_w128,4,0,P3_COST_AWARE,2,88,32,128,32,32,ws,1603.0,48.4181568088033,13,1148179.0,True,True,
pubmed_deepres28_w128,4,0,P3_COST_AWARE,0,128,32,128,32,32,ws,1923.0,57.72266065388951,13,1148179.0,True,True,
pubmed_deepres28_w128,4,0,P3_COST_AWARE,2,111,32,128,32,32,ws,1787.0,54.21245421245421,13,1148179.0,True,True,
pubmed_deepres28_w128,4,0,P3_COST_AWARE,0,128,32,128,32,32,ws,1923.0,57.72266065388951,13,1148179.0,True,True,
pubmed_deepres28_w128,4,0,P3_COST_AWARE,2,85,32,128,32,32,ws,1579.0,47.55244755244755,13,1148179.0,True,True,
pubmed_deepres28_w128,4,0,P3_COST_AWARE,0,128,32,128,32,32,ws,1923.0,57.72266065388951,13,1148179.0,True,True,
pubmed_deepres28_w128,4,0,P3_COST_AWARE,2,105,32,128,32,32,ws,1739.0,52.83018867924528,13,1148179.0,True,True,
pubmed_deepres28_w128,4,0,P3_COST_AWARE,0,128,32,128,32,32,ws,1923.0,57.72266065388951,13,1148179.0,True,True,
pubmed_deepres28_w128,4,0,P3_COST_AWARE,1,53,32,128,32,32,ws,1323.0,36.11584327086882,13,1148179.0,True,True,
pubmed_deepres28_w128,4,0,P3_COST_AWARE,2,97,32,128,32,32,ws,1675.0,50.8519003931848,13,1148179.0,True,True,
pubmed_deepres28_w128,4,0,P3_COST_AWARE,0,128,32,128,32,32,ws,1923.0,57.72266065388951,13,1148179.0,True,True,
pubmed_deepres28_w128,4,0,P3_COST_AWARE,2,128,32,128,32,32,ws,1923.0,57.72266065388951,13,1148179.0,True,True,
pubmed_deepres28_w128,4,0,P3_COST_AWARE,0,128,32,128,32,32,ws,1923.0,57.72266065388951,13,1148179.0,True,True,
pubmed_deepres28_w128,4,0,P3_COST_AWARE,2,106,32,128,32,32,ws,1747.0,53.06633291614518,13,1148179.0,True,True,
pubmed_deepres28_w128,4,0,P3_COST_AWARE,0,128,32,128,32,32,ws,1923.0,57.72266065388951,13,1148179.0,True,True,
pubmed_deepres28_w128,4,0,P3_COST_AWARE,1,100,32,128,32,32,ws,1699.0,51.61290322580645,13,1148179.0,True,True,
pubmed_deepres28_w128,4,0,P3_COST_AWARE,0,128,32,128,32,32,ws,1923.0,57.72266065388951,13,1148179.0,True,True,
pubmed_deepres28_w128,4,0,P3_COST_AWARE,1,96,32,128,32,32,ws,1667.0,50.59288537549407,13,1148179.0,True,True,
pubmed_deepres28_w128,4,0,P3_COST_AWARE,0,128,32,128,32,32,ws,1923.0,57.72266065388951,13,1148179.0,True,True,
pubmed_deepres28_w128,4,0,P3_COST_AWARE,1,67,32,128,32,32,ws,1435.0,41.6796267496112,13,1148179.0,True,True,
pubmed_deepres28_w128,4,0,P3_COST_AWARE,2,96,32,128,32,32,ws,1667.0,50.59288537549407,13,1148179.0,True,True,
pubmed_deepres28_w128,4,0,P3_COST_AWARE,0,128,32,128,32,32,ws,1923.0,57.72266065388951,13,1148179.0,True,True,
pubmed_deepres28_w128,4,0,P3_COST_AWARE,1,86,32,128,32,32,ws,1587.0,47.8442280945758,13,1148179.0,True,True,
pubmed_deepres28_w128,4,0,P3_COST_AWARE,2,68,32,128,32,32,ws,1443.0,42.04018547140649,13,1148179.0,True,True,
pubmed_deepres28_w128,4,0,P3_COST_AWARE,0,128,32,128,32,32,ws,1923.0,57.72266065388951,13,1148179.0,True,True,
pubmed_deepres28_w128,4,0,P3_COST_AWARE,1,91,32,128,32,32,ws,1627.0,49.25575101488498,13,1148179.0,True,True,
pubmed_deepres28_w128,4,0,P3_COST_AWARE,2,51,32,128,32,32,ws,1307.0,35.233160621761655,13,1148179.0,True,True,
pubmed_deepres28_w128,4,0,P3_COST_AWARE,0,128,32,128,32,32,ws,1923.0,57.72266065388951,13,1148179.0,True,True,
pubmed_deepres28_w128,4,0,P3_COST_AWARE,2,97,32,128,32,32,ws,1675.0,50.8519003931848,13,1148179.0,True,True,
pubmed_deepres28_w128,4,0,P3_COST_AWARE,0,128,32,128,32,32,ws,1923.0,57.72266065388951,13,1148179.0,True,True,
pubmed_deepres28_w128,4,0,P3_COST_AWARE,1,99,32,128,32,32,ws,1691.0,51.36186770428016,13,1148179.0,True,True,
pubmed_deepres28_w128,4,0,P3_COST_AWARE,0,128,32,128,32,32,ws,1923.0,57.72266065388951,13,1148179.0,True,True,
pubmed_deepres28_w128,4,0,P3_COST_AWARE,1,102,32,128,32,32,ws,1715.0,52.10727969348659,13,1148179.0,True,True,
pubmed_deepres28_w128,4,0,P3_COST_AWARE,0,128,32,128,32,32,ws,1923.0,57.72266065388951,13,1148179.0,True,True,
pubmed_deepres28_w128,4,0,P3_COST_AWARE,1,91,32,128,32,32,ws,1627.0,49.25575101488498,13,1148179.0,True,True,
pubmed_deepres28_w128,4,0,P3_COST_AWARE,2,65,32,128,32,32,ws,1419.0,40.94488188976378,13,1148179.0,True,True,
pubmed_deepres28_w128,4,0,P3_COST_AWARE,0,128,32,128,32,32,ws,1923.0,57.72266065388951,13,1148179.0,True,True,
pubmed_deepres28_w128,4,0,P3_COST_AWARE,1,80,32,128,32,32,ws,1539.0,46.0431654676259,13,1148179.0,True,True,
pubmed_deepres28_w128,4,0,P3_COST_AWARE,2,83,32,128,32,32,ws,1563.0,46.95898161244696,13,1148179.0,True,True,
pubmed_deepres28_w128,4,0,P3_COST_AWARE,0,128,32,128,32,32,ws,1923.0,57.72266065388951,13,1148179.0,True,True,
pubmed_deepres28_w128,4,0,P3_COST_AWARE,1,63,32,128,32,32,ws,1403.0,40.19138755980861,13,1148179.0,True,True,
pubmed_deepres28_w128,4,0,P3_COST_AWARE,2,81,32,128,32,32,ws,1547.0,46.351931330472105,13,1148179.0,True,True,
pubmed_deepres28_w128,4,0,P3_COST_AWARE,0,128,32,128,32,32,ws,1923.0,57.72266065388951,13,1148179.0,True,True,
pubmed_deepres28_w128,4,0,P3_COST_AWARE,2,113,32,128,32,32,ws,1803.0,54.65538089480049,13,1148179.0,True,True,
pubmed_deepres28_w128,4,0,P3_COST_AWARE,0,128,32,128,32,32,ws,1923.0,57.72266065388951,13,1148179.0,True,True,
pubmed_deepres28_w128,4,0,P3_COST_AWARE,2,123,32,128,32,32,ws,1883.0,56.74740484429066,13,1148179.0,True,True,
pubmed_deepres28_w128,4,0,P3_COST_AWARE,0,128,32,128,32,32,ws,1923.0,57.72266065388951,13,1148179.0,True,True,
pubmed_deepres28_w128,4,0,P3_COST_AWARE,1,94,32,128,32,32,ws,1651.0,50.06657789613848,13,1148179.0,True,True,
pubmed_deepres28_w128,4,0,P3_COST_AWARE,2,71,32,128,32,32,ws,1467.0,43.095599393019725,13,1148179.0,True,True,
pubmed_deepres28_w128,4,0,P3_COST_AWARE,0,128,32,128,32,32,ws,1923.0,57.72266065388951,13,1148179.0,True,True,
pubmed_deepres28_w128,4,0,P3_COST_AWARE,1,88,32,128,32,32,ws,1603.0,48.4181568088033,13,1148179.0,True,True,
pubmed_deepres28_w128,4,0,P3_COST_AWARE,2,66,32,128,32,32,ws,1427.0,41.31455399061033,13,1148179.0,True,True,
pubmed_deepres28_w128,4,0,P3_COST_AWARE,0,128,32,128,32,32,ws,1923.0,57.72266065388951,13,1148179.0,True,True,
pubmed_deepres28_w128,4,0,P3_COST_AWARE,1,74,32,128,32,32,ws,1491.0,44.113263785394935,13,1148179.0,True,True,
pubmed_deepres28_w128,4,0,P3_COST_AWARE,2,82,32,128,32,32,ws,1555.0,46.65718349928876,13,1148179.0,True,True,
pubmed_deepres28_w128,4,0,P3_COST_AWARE,0,128,32,128,32,32,ws,1923.0,57.72266065388951,13,1148179.0,True,True,
pubmed_deepres28_w128,4,0,P3_COST_AWARE,1,94,32,128,32,32,ws,1651.0,50.06657789613848,13,1148179.0,True,True,
pubmed_deepres28_w128,4,0,P3_COST_AWARE,2,70,32,128,32,32,ws,1459.0,42.74809160305343,13,1148179.0,True,True,
pubmed_deepres28_w128,4,0,P3_COST_AWARE,0,128,32,128,32,32,ws,1923.0,57.72266065388951,13,1148179.0,True,True,
pubmed_deepres28_w128,4,0,P3_COST_AWARE,1,80,32,128,32,32,ws,1539.0,46.0431654676259,13,1148179.0,True,True,
pubmed_deepres28_w128,4,0,P3_COST_AWARE,2,76,32,128,32,32,ws,1507.0,44.77172312223858,13,1148179.0,True,True,
pubmed_deepres28_w128,4,0,P3_COST_AWARE,0,128,32,128,32,32,ws,1923.0,57.72266065388951,13,1148179.0,True,True,
pubmed_deepres28_w128,4,0,P3_COST_AWARE,2,127,32,128,32,32,ws,1915.0,57.53114382785957,13,1148179.0,True,True,
pubmed_deepres28_w128,4,0,P3_COST_AWARE,0,128,32,128,32,32,ws,1923.0,57.72266065388951,13,1148179.0,True,True,
pubmed_deepres28_w128,4,0,P3_COST_AWARE,2,104,32,128,32,32,ws,1731.0,52.59165613147914,13,1148179.0,True,True,
pubmed_deepres28_w128,4,0,P3_COST_AWARE,0,128,32,128,32,32,ws,1923.0,57.72266065388951,13,1148179.0,True,True,
pubmed_deepres28_w128,4,0,P3_COST_AWARE,1,97,32,128,32,32,ws,1675.0,50.8519003931848,13,1148179.0,True,True,
pubmed_deepres28_w128,4,0,P3_COST_AWARE,0,128,32,128,32,32,ws,1923.0,57.72266065388951,13,1148179.0,True,True,
pubmed_deepres28_w128,4,0,P3_COST_AWARE,1,65,32,128,32,32,ws,1419.0,40.94488188976378,13,1148179.0,True,True,
pubmed_deepres28_w128,4,0,P3_COST_AWARE,2,94,32,128,32,32,ws,1651.0,50.06657789613848,13,1148179.0,True,True,
pubmed_deepres28_w128,4,0,P3_COST_AWARE,0,128,32,128,32,32,ws,1923.0,57.72266065388951,13,1148179.0,True,True,
pubmed_deepres28_w128,4,0,P3_COST_AWARE,1,82,32,128,32,32,ws,1555.0,46.65718349928876,13,1148179.0,True,True,
pubmed_deepres28_w128,4,0,P3_COST_AWARE,2,71,32,128,32,32,ws,1467.0,43.095599393019725,13,1148179.0,True,True,
pubmed_deepres28_w128,4,0,P3_COST_AWARE,0,128,32,128,32,32,ws,1923.0,57.72266065388951,13,1148179.0,True,True,
pubmed_deepres28_w128,4,0,P3_COST_AWARE,1,102,32,128,32,32,ws,1715.0,52.10727969348659,13,1148179.0,True,True,
pubmed_deepres28_w128,4,0,P3_COST_AWARE,0,128,32,128,32,32,ws,1923.0,57.72266065388951,13,1148179.0,True,True,
pubmed_deepres28_w128,4,0,P3_COST_AWARE,2,100,32,128,32,32,ws,1699.0,51.61290322580645,13,1148179.0,True,True,
pubmed_deepres28_w128,4,0,P3_COST_AWARE,0,128,32,128,32,32,ws,1923.0,57.72266065388951,13,1148179.0,True,True,
pubmed_deepres28_w128,4,0,P3_COST_AWARE,1,108,32,128,32,32,ws,1763.0,53.531598513011154,13,1148179.0,True,True,
pubmed_deepres28_w128,4,0,P3_COST_AWARE,0,128,32,128,32,32,ws,1923.0,57.72266065388951,13,1148179.0,True,True,
pubmed_deepres28_w128,4,0,P3_COST_AWARE,1,102,32,128,32,32,ws,1715.0,52.10727969348659,13,1148179.0,True,True,
pubmed_deepres28_w128,4,0,P3_COST_AWARE,0,128,32,128,32,32,ws,1923.0,57.72266065388951,13,1148179.0,True,True,
pubmed_deepres28_w128,4,0,P3_COST_AWARE,1,109,32,128,32,32,ws,1771.0,53.76078914919852,13,1148179.0,True,True,
pubmed_deepres28_w128,4,0,P3_COST_AWARE,0,128,32,128,32,32,ws,1923.0,57.72266065388951,13,1148179.0,True,True,
pubmed_deepres28_w128,4,0,P3_COST_AWARE,1,112,32,128,32,32,ws,1795.0,54.434993924665854,13,1148179.0,True,True,
pubmed_deepres28_w128,4,0,P3_COST_AWARE,0,128,32,128,32,32,ws,1923.0,57.72266065388951,13,1148179.0,True,True,
pubmed_deepres28_w128,4,0,P3_COST_AWARE,1,119,32,128,32,32,ws,1851.0,55.93419506462985,13,1148179.0,True,True,
pubmed_deepres28_w128,4,0,P3_COST_AWARE,0,128,32,128,32,32,ws,1923.0,57.72266065388951,13,1148179.0,True,True,
pubmed_deepres28_w128,4,0,P3_COST_AWARE,1,84,32,128,32,32,ws,1571.0,47.25738396624472,13,1148179.0,True,True,
pubmed_deepres28_w128,4,0,P3_COST_AWARE,2,79,32,128,32,32,ws,1531.0,45.73082489146165,13,1148179.0,True,True,
pubmed_deepres28_w128,4,0,P3_COST_AWARE,0,128,32,128,32,32,ws,1923.0,57.72266065388951,13,1148179.0,True,True,
pubmed_deepres28_w128,4,0,P3_COST_AWARE,1,119,32,128,32,32,ws,1851.0,55.93419506462985,13,1148179.0,True,True,
pubmed_deepres28_w128,4,0,P3_COST_AWARE,0,128,32,128,32,32,ws,1923.0,57.72266065388951,13,1148179.0,True,True,
pubmed_deepres28_w128,4,0,P3_COST_AWARE,1,112,32,128,32,32,ws,1795.0,54.434993924665854,13,1148179.0,True,True,
pubmed_deepres28_w128,4,0,P3_COST_AWARE,0,128,32,128,32,32,ws,1923.0,57.72266065388951,13,1148179.0,True,True,
pubmed_deepres28_w128,4,0,P3_COST_AWARE,1,118,32,128,32,32,ws,1843.0,55.72609208972845,13,1148179.0,True,True,
pubmed_deepres28_w128,4,0,P3_COST_AWARE,0,128,32,128,32,32,ws,1923.0,57.72266065388951,13,1148179.0,True,True,
pubmed_deepres28_w128,4,0,P3_COST_AWARE,1,120,32,128,32,32,ws,1859.0,56.14035087719298,13,1148179.0,True,True,
pubmed_deepres28_w128,4,0,P3_COST_AWARE,0,128,32,128,32,32,ws,1923.0,57.72266065388951,13,1148179.0,True,True,
pubmed_deepres28_w128,4,0,P3_COST_AWARE,1,103,32,128,32,32,ws,1723.0,52.35069885641677,13,1148179.0,True,True,
pubmed_deepres28_w128,4,0,P3_COST_AWARE,0,128,32,128,32,32,ws,1923.0,57.72266065388951,13,1148179.0,True,True,
pubmed_deepres28_w128,4,0,P3_COST_AWARE,1,123,32,128,32,32,ws,1883.0,56.74740484429066,13,1148179.0,True,True,
pubmed_deepres28_w128,4,0,P3_COST_AWARE,0,128,32,128,32,32,ws,1923.0,57.72266065388951,13,1148179.0,True,True,
pubmed_deepres28_w128,4,0,P3_COST_AWARE,1,105,32,128,32,32,ws,1739.0,52.83018867924528,13,1148179.0,True,True,
pubmed_deepres28_w128,4,0,P3_COST_AWARE,0,128,32,128,32,32,ws,1923.0,57.72266065388951,13,1148179.0,True,True,
pubmed_deepres28_w128,4,0,P3_COST_AWARE,1,126,32,128,32,32,ws,1907.0,57.33788395904437,13,1148179.0,True,True,
pubmed_deepres28_w128,4,0,P3_COST_AWARE,0,128,32,128,32,32,ws,1923.0,57.72266065388951,13,1148179.0,True,True,
pubmed_deepres28_w128,4,0,P3_COST_AWARE,1,120,32,128,32,32,ws,1859.0,56.14035087719298,13,1148179.0,True,True,
pubmed_deepres28_w128,4,0,P3_COST_AWARE,0,128,32,128,32,32,ws,1923.0,57.72266065388951,13,1148179.0,True,True,
pubmed_deepres28_w128,4,0,P3_COST_AWARE,1,60,32,128,32,32,ws,1379.0,39.02439024390244,13,1148179.0,True,True,
pubmed_deepres28_w128,4,0,P3_COST_AWARE,2,74,32,128,32,32,ws,1491.0,44.113263785394935,13,1148179.0,True,True,
pubmed_deepres28_w128,4,0,P3_COST_AWARE,0,128,32,128,32,32,ws,1923.0,57.72266065388951,13,1148179.0,True,True,
pubmed_deepres28_w128,4,0,P3_COST_AWARE,2,122,32,128,32,32,ws,1875.0,56.54692931633836,13,1148179.0,True,True,
pubmed_deepres28_w128,4,0,P3_COST_AWARE,0,128,32,128,32,32,ws,1923.0,57.72266065388951,13,1148179.0,True,True,
pubmed_deepres28_w128,4,0,P3_COST_AWARE,2,123,32,128,32,32,ws,1883.0,56.74740484429066,13,1148179.0,True,True,
pubmed_deepres28_w128,4,0,P3_COST_AWARE,0,128,32,128,32,32,ws,1923.0,57.72266065388951,13,1148179.0,True,True,
pubmed_deepres28_w128,4,0,P3_COST_AWARE,1,77,32,128,32,32,ws,1515.0,45.095168374816986,13,1148179.0,True,True,
pubmed_deepres28_w128,4,0,P3_COST_AWARE,2,76,32,128,32,32,ws,1507.0,44.77172312223858,13,1148179.0,True,True,
pubmed_deepres28_w128,4,0,P3_COST_AWARE,0,128,32,128,32,32,ws,1923.0,57.72266065388951,13,1148179.0,True,True,
pubmed_deepres28_w128,4,0,P3_COST_AWARE,2,101,32,128,32,32,ws,1707.0,51.86136071887034,13,1148179.0,True,True,
pubmed_deepres28_w128,4,0,P3_COST_AWARE,0,128,32,128,32,32,ws,1923.0,57.72266065388951,13,1148179.0,True,True,
pubmed_deepres28_w128,4,0,P3_COST_AWARE,2,100,32,128,32,32,ws,1699.0,51.61290322580645,13,1148179.0,True,True,
pubmed_deepres28_w128,4,0,P3_COST_AWARE,0,128,32,128,32,32,ws,1923.0,57.72266065388951,13,1148179.0,True,True,
pubmed_deepres28_w128,4,0,P3_COST_AWARE,2,122,32,128,32,32,ws,1875.0,56.54692931633836,13,1148179.0,True,True,
pubmed_deepres28_w128,4,0,P3_COST_AWARE,0,128,32,128,32,32,ws,1923.0,57.72266065388951,13,1148179.0,True,True,
pubmed_deepres28_w128,4,0,P3_COST_AWARE,2,116,32,128,32,32,ws,1827.0,55.30393325387366,13,1148179.0,True,True,
pubmed_deepres28_w128,4,0,P3_COST_AWARE,0,128,32,128,32,32,ws,1923.0,57.72266065388951,13,1148179.0,True,True,
pubmed_deepres28_w128,4,0,P3_COST_AWARE,2,126,32,128,32,32,ws,1907.0,57.33788395904437,13,1148179.0,True,True,
pubmed_deepres28_w128,4,0,P3_COST_AWARE,0,128,32,128,32,32,ws,1923.0,57.72266065388951,13,1148179.0,True,True,
pubmed_deepres28_w128,4,0,P3_COST_AWARE,2,123,32,128,32,32,ws,1883.0,56.74740484429066,13,1148179.0,True,True,
pubmed_deepres28_w128,4,0,P3_COST_AWARE,0,128,32,128,32,32,ws,1923.0,57.72266065388951,13,1148179.0,True,True,
pubmed_deepres28_w128,4,0,P3_COST_AWARE,1,55,32,128,32,32,ws,1339.0,36.97478991596638,13,1148179.0,True,True,
pubmed_deepres28_w128,4,0,P3_COST_AWARE,2,91,32,128,32,32,ws,1627.0,49.25575101488498,13,1148179.0,True,True,
pubmed_deepres28_w128,4,0,P3_COST_AWARE,0,128,32,128,32,32,ws,1923.0,57.72266065388951,13,1148179.0,True,True,
pubmed_deepres28_w128,4,0,P3_COST_AWARE,1,79,32,128,32,32,ws,1531.0,45.73082489146165,13,1148179.0,True,True,
pubmed_deepres28_w128,4,0,P3_COST_AWARE,2,68,32,128,32,32,ws,1443.0,42.04018547140649,13,1148179.0,True,True,
pubmed_deepres28_w128,4,0,P3_COST_AWARE,0,128,32,128,32,32,ws,1923.0,57.72266065388951,13,1148179.0,True,True,
pubmed_deepres28_w128,4,0,P3_COST_AWARE,1,70,32,128,32,32,ws,1459.0,42.74809160305343,13,1148179.0,True,True,
pubmed_deepres28_w128,4,0,P3_COST_AWARE,2,80,32,128,32,32,ws,1539.0,46.0431654676259,13,1148179.0,True,True,
pubmed_deepres28_w128,4,0,P3_COST_AWARE,0,128,32,128,32,32,ws,1923.0,57.72266065388951,13,1148179.0,True,True,
pubmed_deepres28_w128,4,0,P3_COST_AWARE,1,73,32,128,32,32,ws,1483.0,43.77811094452774,13,1148179.0,True,True,
pubmed_deepres28_w128,4,0,P3_COST_AWARE,2,75,32,128,32,32,ws,1499.0,44.44444444444444,13,1148179.0,True,True,
pubmed_deepres28_w128,4,0,P3_COST_AWARE,0,128,32,128,32,32,ws,1923.0,57.72266065388951,13,1148179.0,True,True,
pubmed_deepres28_w128,4,0,P3_COST_AWARE,1,52,32,128,32,32,ws,1315.0,35.677530017152655,13,1148179.0,True,True,
pubmed_deepres28_w128,4,0,P3_COST_AWARE,2,92,32,128,32,32,ws,1635.0,49.52893674293405,13,1148179.0,True,True,
pubmed_deepres28_w128,4,0,P3_COST_AWARE,0,128,32,128,32,32,ws,1923.0,57.72266065388951,13,1148179.0,True,True,
pubmed_deepres28_w128,4,0,P3_COST_AWARE,1,54,32,128,32,32,ws,1331.0,36.54822335025381,13,1148179.0,True,True,
pubmed_deepres28_w128,4,0,P3_COST_AWARE,2,97,32,128,32,32,ws,1675.0,50.8519003931848,13,1148179.0,True,True,
pubmed_deepres28_w128,4,0,P3_COST_AWARE,0,128,32,128,32,32,ws,1923.0,57.72266065388951,13,1148179.0,True,True,
pubmed_deepres28_w128,4,0,P3_COST_AWARE,1,75,32,128,32,32,ws,1499.0,44.44444444444444,13,1148179.0,True,True,
pubmed_deepres28_w128,4,0,P3_COST_AWARE,2,83,32,128,32,32,ws,1563.0,46.95898161244696,13,1148179.0,True,True,
pubmed_deepres28_w128,4,0,P3_COST_AWARE,0,128,32,128,32,32,ws,1923.0,57.72266065388951,13,1148179.0,True,True,
pubmed_deepres28_w128,4,0,P3_COST_AWARE,2,116,32,128,32,32,ws,1827.0,55.30393325387366,13,1148179.0,True,True,
pubmed_deepres28_w128,4,0,P3_COST_AWARE,0,128,32,128,32,32,ws,1923.0,57.72266065388951,13,1148179.0,True,True,
pubmed_deepres28_w128,4,0,P3_COST_AWARE,2,105,32,128,32,32,ws,1739.0,52.83018867924528,13,1148179.0,True,True,
pubmed_deepres28_w128,4,0,P3_COST_AWARE,0,128,32,128,32,32,ws,1923.0,57.72266065388951,13,1148179.0,True,True,
pubmed_deepres28_w128,4,0,P3_COST_AWARE,2,88,32,128,32,32,ws,1603.0,48.4181568088033,13,1148179.0,True,True,
pubmed_deepres28_w128,4,0,P3_COST_AWARE,0,128,32,128,32,32,ws,1923.0,57.72266065388951,13,1148179.0,True,True,
pubmed_deepres28_w128,4,0,P3_COST_AWARE,2,112,32,128,32,32,ws,1795.0,54.434993924665854,13,1148179.0,True,True,
pubmed_deepres28_w128,4,0,P3_COST_AWARE,0,128,32,128,32,32,ws,1923.0,57.72266065388951,13,1148179.0,True,True,
pubmed_deepres28_w128,4,0,P3_COST_AWARE,2,105,32,128,32,32,ws,1739.0,52.83018867924528,13,1148179.0,True,True,
pubmed_deepres28_w128,4,0,P3_COST_AWARE,0,128,32,128,32,32,ws,1923.0,57.72266065388951,13,1148179.0,True,True,
pubmed_deepres28_w128,4,0,P3_COST_AWARE,2,113,32,128,32,32,ws,1803.0,54.65538089480049,13,1148179.0,True,True,
pubmed_deepres28_w128,4,0,P3_COST_AWARE,0,128,32,128,32,32,ws,1923.0,57.72266065388951,13,1148179.0,True,True,
pubmed_deepres28_w128,4,0,P3_COST_AWARE,1,50,32,128,32,32,ws,1299.0,34.78260869565217,13,1148179.0,True,True,
pubmed_deepres28_w128,4,0,P3_COST_AWARE,2,87,32,128,32,32,ws,1595.0,48.13278008298755,13,1148179.0,True,True,
pubmed_deepres28_w128,4,0,P3_COST_AWARE,0,128,32,128,32,32,ws,1923.0,57.72266065388951,13,1148179.0,True,True,
pubmed_deepres28_w128,4,0,P3_COST_AWARE,1,58,32,128,32,32,ws,1363.0,38.22075782537068,13,1148179.0,True,True,
pubmed_deepres28_w128,4,0,P3_COST_AWARE,2,79,32,128,32,32,ws,1531.0,45.73082489146165,13,1148179.0,True,True,
pubmed_deepres28_w128,4,0,P3_COST_AWARE,0,128,32,128,32,32,ws,1923.0,57.72266065388951,13,1148179.0,True,True,
pubmed_deepres28_w128,4,0,P3_COST_AWARE,1,88,32,128,32,32,ws,1603.0,48.4181568088033,13,1148179.0,True,True,
pubmed_deepres28_w128,4,0,P3_COST_AWARE,2,54,32,128,32,32,ws,1331.0,36.54822335025381,13,1148179.0,True,True,
pubmed_deepres28_w128,4,0,P3_COST_AWARE,0,128,32,128,32,32,ws,1923.0,57.72266065388951,13,1148179.0,True,True,
pubmed_deepres28_w128,4,0,P3_COST_AWARE,1,81,32,128,32,32,ws,1547.0,46.351931330472105,13,1148179.0,True,True,
pubmed_deepres28_w128,4,0,P3_COST_AWARE,2,74,32,128,32,32,ws,1491.0,44.113263785394935,13,1148179.0,True,True,
pubmed_deepres28_w128,4,0,P3_COST_AWARE,0,128,32,128,32,32,ws,1923.0,57.72266065388951,13,1148179.0,True,True,
pubmed_deepres28_w128,4,0,P3_COST_AWARE,1,85,32,128,32,32,ws,1579.0,47.55244755244755,13,1148179.0,True,True,
pubmed_deepres28_w128,4,0,P3_COST_AWARE,2,80,32,128,32,32,ws,1539.0,46.0431654676259,13,1148179.0,True,True,
pubmed_deepres28_w128,4,0,P3_COST_AWARE,0,128,32,128,32,32,ws,1923.0,57.72266065388951,13,1148179.0,True,True,
pubmed_deepres28_w128,4,0,P3_COST_AWARE,2,82,32,128,32,32,ws,1555.0,46.65718349928876,13,1148179.0,True,True,
pubmed_deepres28_w128,4,0,P3_COST_AWARE,0,128,32,128,32,32,ws,1923.0,57.72266065388951,13,1148179.0,True,True,
pubmed_deepres28_w128,4,0,P3_COST_AWARE,2,89,32,128,32,32,ws,1611.0,48.700410396716826,13,1148179.0,True,True,
pubmed_deepres28_w128,4,0,P3_COST_AWARE,0,128,32,128,32,32,ws,1923.0,57.72266065388951,13,1148179.0,True,True,
pubmed_deepres28_w128,4,0,P3_COST_AWARE,1,117,32,128,32,32,ws,1835.0,55.51601423487544,13,1148179.0,True,True,
pubmed_deepres28_w128,4,0,P3_COST_AWARE,0,128,32,128,32,32,ws,1923.0,57.72266065388951,13,1148179.0,True,True,
pubmed_deepres28_w128,4,0,P3_COST_AWARE,1,102,32,128,32,32,ws,1715.0,52.10727969348659,13,1148179.0,True,True,
pubmed_deepres28_w128,4,0,P3_COST_AWARE,0,128,32,128,32,32,ws,1923.0,57.72266065388951,13,1148179.0,True,True,
pubmed_deepres28_w128,4,0,P3_COST_AWARE,1,75,32,128,32,32,ws,1499.0,44.44444444444444,13,1148179.0,True,True,
pubmed_deepres28_w128,4,0,P3_COST_AWARE,2,85,32,128,32,32,ws,1579.0,47.55244755244755,13,1148179.0,True,True,
pubmed_deepres28_w128,4,0,P3_COST_AWARE,0,128,32,128,32,32,ws,1923.0,57.72266065388951,13,1148179.0,True,True,
pubmed_deepres28_w128,4,0,P3_COST_AWARE,1,111,32,128,32,32,ws,1787.0,54.21245421245421,13,1148179.0,True,True,
pubmed_deepres28_w128,4,0,P3_COST_AWARE,0,128,32,128,32,32,ws,1923.0,57.72266065388951,13,1148179.0,True,True,
pubmed_deepres28_w128,4,0,P3_COST_AWARE,1,98,32,128,32,32,ws,1683.0,51.10821382007823,13,1148179.0,True,True,
pubmed_deepres28_w128,4,0,P3_COST_AWARE,2,84,32,128,32,32,ws,1571.0,47.25738396624472,13,1148179.0,True,True,
pubmed_deepres28_w128,4,0,P3_COST_AWARE,0,128,32,128,32,32,ws,1923.0,57.72266065388951,13,1148179.0,True,True,
pubmed_deepres28_w128,4,0,P3_COST_AWARE,1,79,32,128,32,32,ws,1531.0,45.73082489146165,13,1148179.0,True,True,
pubmed_deepres28_w128,4,0,P3_COST_AWARE,2,73,32,128,32,32,ws,1483.0,43.77811094452774,13,1148179.0,True,True,
pubmed_deepres28_w128,4,0,P3_COST_AWARE,0,128,32,128,32,32,ws,1923.0,57.72266065388951,13,1148179.0,True,True,
pubmed_deepres28_w128,4,0,P3_COST_AWARE,2,92,32,128,32,32,ws,1635.0,49.52893674293405,13,1148179.0,True,True,
pubmed_deepres28_w128,4,0,P3_COST_AWARE,0,128,32,128,32,32,ws,1923.0,57.72266065388951,13,1148179.0,True,True,
pubmed_deepres28_w128,4,0,P3_COST_AWARE,2,92,32,128,32,32,ws,1635.0,49.52893674293405,13,1148179.0,True,True,
pubmed_deepres28_w128,4,0,P3_COST_AWARE,0,128,32,128,32,32,ws,1923.0,57.72266065388951,13,1148179.0,True,True,
pubmed_deepres28_w128,4,0,P3_COST_AWARE,1,113,32,128,32,32,ws,1803.0,54.65538089480049,13,1148179.0,True,True,
pubmed_deepres28_w128,4,0,P3_COST_AWARE,0,128,32,128,32,32,ws,1923.0,57.72266065388951,13,1148179.0,True,True,
pubmed_deepres28_w128,4,0,P3_COST_AWARE,1,109,32,128,32,32,ws,1771.0,53.76078914919852,13,1148179.0,True,True,
pubmed_deepres28_w128,4,0,P3_COST_AWARE,0,128,32,128,32,32,ws,1923.0,57.72266065388951,13,1148179.0,True,True,
pubmed_deepres28_w128,4,0,P3_COST_AWARE,1,103,32,128,32,32,ws,1723.0,52.35069885641677,13,1148179.0,True,True,
pubmed_deepres28_w128,4,0,P3_COST_AWARE,0,128,32,128,32,32,ws,1923.0,57.72266065388951,13,1148179.0,True,True,
pubmed_deepres28_w128,4,0,P3_COST_AWARE,1,114,32,128,32,32,ws,1811.0,54.87364620938628,13,1148179.0,True,True,
pubmed_deepres28_w128,4,0,P3_COST_AWARE,0,128,32,128,32,32,ws,1923.0,57.72266065388951,13,1148179.0,True,True,
pubmed_deepres28_w128,4,0,P3_COST_AWARE,1,125,32,128,32,32,ws,1899.0,57.142857142857146,13,1148179.0,True,True,
pubmed_deepres28_w128,4,0,P3_COST_AWARE,0,128,32,128,32,32,ws,1923.0,57.72266065388951,13,1148179.0,True,True,
pubmed_deepres28_w128,4,0,P3_COST_AWARE,1,126,32,128,32,32,ws,1907.0,57.33788395904437,13,1148179.0,True,True,
pubmed_deepres28_w128,4,0,P3_COST_AWARE,0,128,32,128,32,32,ws,1923.0,57.72266065388951,13,1148179.0,True,True,
pubmed_deepres28_w128,4,0,P3_COST_AWARE,1,118,32,128,32,32,ws,1843.0,55.72609208972845,13,1148179.0,True,True,
pubmed_deepres28_w128,4,0,P3_COST_AWARE,0,128,32,128,32,32,ws,1923.0,57.72266065388951,13,1148179.0,True,True,
pubmed_deepres28_w128,4,0,P3_COST_AWARE,1,122,32,128,32,32,ws,1875.0,56.54692931633836,13,1148179.0,True,True,
pubmed_deepres28_w128,4,0,P3_COST_AWARE,0,128,32,128,32,32,ws,1923.0,57.72266065388951,13,1148179.0,True,True,
pubmed_deepres28_w128,4,0,P3_COST_AWARE,1,124,32,128,32,32,ws,1891.0,56.94603903559128,13,1148179.0,True,True,
pubmed_deepres28_w128,4,0,P3_COST_AWARE,0,128,32,128,32,32,ws,1923.0,57.72266065388951,13,1148179.0,True,True,
pubmed_deepres28_w128,4,0,P3_COST_AWARE,2,103,32,128,32,32,ws,1723.0,52.35069885641677,13,1148179.0,True,True,
pubmed_deepres28_w128,4,0,P3_COST_AWARE,0,128,32,128,32,32,ws,1923.0,57.72266065388951,13,1148179.0,True,True,
pubmed_deepres28_w128,4,0,P3_COST_AWARE,2,119,32,128,32,32,ws,1851.0,55.93419506462985,13,1148179.0,True,True,
pubmed_deepres28_w128,4,0,P3_COST_AWARE,0,128,32,128,32,32,ws,1923.0,57.72266065388951,13,1148179.0,True,True,
pubmed_deepres28_w128,4,0,P3_COST_AWARE,2,121,32,128,32,32,ws,1867.0,56.344586728754365,13,1148179.0,True,True,
pubmed_deepres28_w128,4,0,P3_COST_AWARE,0,128,32,128,32,32,ws,1923.0,57.72266065388951,13,1148179.0,True,True,
pubmed_deepres28_w128,4,0,P3_COST_AWARE,2,95,32,128,32,32,ws,1659.0,50.33112582781457,13,1148179.0,True,True,
pubmed_deepres28_w128,4,0,P3_COST_AWARE,0,128,32,128,32,32,ws,1923.0,57.72266065388951,13,1148179.0,True,True,
pubmed_deepres28_w128,4,0,P3_COST_AWARE,1,92,32,128,32,32,ws,1635.0,49.52893674293405,13,1148179.0,True,True,
pubmed_deepres28_w128,4,0,P3_COST_AWARE,2,67,32,128,32,32,ws,1435.0,41.6796267496112,13,1148179.0,True,True,
pubmed_deepres28_w128,4,0,P3_COST_AWARE,0,128,32,128,32,32,ws,1923.0,57.72266065388951,13,1148179.0,True,True,
pubmed_deepres28_w128,4,0,P3_COST_AWARE,2,109,32,128,32,32,ws,1771.0,53.76078914919852,13,1148179.0,True,True,
pubmed_deepres28_w128,4,0,P3_COST_AWARE,0,128,32,128,32,32,ws,1923.0,57.72266065388951,13,1148179.0,True,True,
pubmed_deepres28_w128,4,0,P3_COST_AWARE,1,80,32,128,32,32,ws,1539.0,46.0431654676259,13,1148179.0,True,True,
pubmed_deepres28_w128,4,0,P3_COST_AWARE,2,68,32,128,32,32,ws,1443.0,42.04018547140649,13,1148179.0,True,True,
pubmed_deepres28_w128,4,0,P3_COST_AWARE,0,128,32,128,32,32,ws,1923.0,57.72266065388951,13,1148179.0,True,True,
pubmed_deepres28_w128,4,0,P3_COST_AWARE,1,72,32,128,32,32,ws,1475.0,43.43891402714932,13,1148179.0,True,True,
pubmed_deepres28_w128,4,0,P3_COST_AWARE,2,77,32,128,32,32,ws,1515.0,45.095168374816986,13,1148179.0,True,True,
pubmed_deepres28_w128,4,0,P3_COST_AWARE,0,128,32,128,32,32,ws,1923.0,57.72266065388951,13,1148179.0,True,True,
pubmed_deepres28_w128,4,0,P3_COST_AWARE,2,109,32,128,32,32,ws,1771.0,53.76078914919852,13,1148179.0,True,True,
pubmed_deepres28_w128,4,0,P3_COST_AWARE,0,128,32,128,32,32,ws,1923.0,57.72266065388951,13,1148179.0,True,True,
pubmed_deepres28_w128,4,0,P3_COST_AWARE,2,107,32,128,32,32,ws,1755.0,53.300124533001245,13,1148179.0,True,True,
pubmed_deepres28_w128,4,0,P3_COST_AWARE,0,128,32,128,32,32,ws,1923.0,57.72266065388951,13,1148179.0,True,True,
pubmed_deepres28_w128,4,0,P3_COST_AWARE,1,62,32,128,32,32,ws,1395.0,39.807383627608345,13,1148179.0,True,True,
pubmed_deepres28_w128,4,0,P3_COST_AWARE,2,84,32,128,32,32,ws,1571.0,47.25738396624472,13,1148179.0,True,True,
pubmed_deepres28_w128,4,0,P3_COST_AWARE,0,128,32,128,32,32,ws,1923.0,57.72266065388951,13,1148179.0,True,True,
pubmed_deepres28_w128,4,0,P3_COST_AWARE,1,56,32,128,32,32,ws,1347.0,37.39565943238731,13,1148179.0,True,True,
pubmed_deepres28_w128,4,0,P3_COST_AWARE,2,95,32,128,32,32,ws,1659.0,50.33112582781457,13,1148179.0,True,True,
pubmed_deepres28_w128,4,0,P3_COST_AWARE,0,128,32,128,32,32,ws,1923.0,57.72266065388951,13,1148179.0,True,True,
pubmed_deepres28_w128,4,0,P3_COST_AWARE,1,61,32,128,32,32,ws,1387.0,39.41841680129241,13,1148179.0,True,True,
pubmed_deepres28_w128,4,0,P3_COST_AWARE,2,94,32,128,32,32,ws,1651.0,50.06657789613848,13,1148179.0,True,True,
pubmed_deepres28_w128,4,0,P3_COST_AWARE,0,128,32,128,32,32,ws,1923.0,57.72266065388951,13,1148179.0,True,True,
pubmed_deepres28_w128,4,0,P3_COST_AWARE,2,122,32,128,32,32,ws,1875.0,56.54692931633836,13,1148179.0,True,True,
pubmed_deepres28_w128,4,0,P3_COST_AWARE,0,128,32,128,32,32,ws,1923.0,57.72266065388951,13,1148179.0,True,True,
pubmed_deepres28_w128,4,0,P3_COST_AWARE,2,118,32,128,32,32,ws,1843.0,55.72609208972845,13,1148179.0,True,True,
pubmed_deepres28_w128,4,0,P3_COST_AWARE,0,128,32,128,32,32,ws,1923.0,57.72266065388951,13,1148179.0,True,True,
pubmed_deepres28_w128,4,0,P3_COST_AWARE,2,120,32,128,32,32,ws,1859.0,56.14035087719298,13,1148179.0,True,True,
pubmed_deepres28_w128,4,0,P3_COST_AWARE,0,128,32,128,32,32,ws,1923.0,57.72266065388951,13,1148179.0,True,True,
pubmed_deepres28_w128,4,0,P3_COST_AWARE,2,119,32,128,32,32,ws,1851.0,55.93419506462985,13,1148179.0,True,True,
pubmed_deepres28_w128,4,0,P3_COST_AWARE,0,128,32,128,32,32,ws,1923.0,57.72266065388951,13,1148179.0,True,True,
pubmed_deepres28_w128,4,0,P3_COST_AWARE,1,88,32,128,32,32,ws,1603.0,48.4181568088033,13,1148179.0,True,True,
pubmed_deepres28_w128,4,0,P3_COST_AWARE,2,63,32,128,32,32,ws,1403.0,40.19138755980861,13,1148179.0,True,True,
pubmed_deepres28_w128,4,0,P3_COST_AWARE,0,128,32,128,32,32,ws,1923.0,57.72266065388951,13,1148179.0,True,True,
pubmed_deepres28_w128,4,0,P3_COST_AWARE,1,87,32,128,32,32,ws,1595.0,48.13278008298755,13,1148179.0,True,True,
pubmed_deepres28_w128,4,0,P3_COST_AWARE,2,59,32,128,32,32,ws,1371.0,38.62520458265139,13,1148179.0,True,True,
pubmed_deepres28_w128,4,0,P3_COST_AWARE,0,128,32,128,32,32,ws,1923.0,57.72266065388951,13,1148179.0,True,True,
pubmed_deepres28_w128,4,0,P3_COST_AWARE,1,122,32,128,32,32,ws,1875.0,56.54692931633836,13,1148179.0,True,True,
pubmed_deepres28_w128,4,0,P3_COST_AWARE,0,128,32,128,32,32,ws,1923.0,57.72266065388951,13,1148179.0,True,True,
pubmed_deepres28_w128,4,0,P3_COST_AWARE,2,87,32,128,32,32,ws,1595.0,48.13278008298755,13,1148179.0,True,True,
pubmed_deepres28_w128,4,0,P3_COST_AWARE,0,128,32,128,32,32,ws,1923.0,57.72266065388951,13,1148179.0,True,True,
pubmed_deepres28_w128,4,0,P3_COST_AWARE,1,106,32,128,32,32,ws,1747.0,53.06633291614518,13,1148179.0,True,True,
pubmed_deepres28_w128,4,0,P3_COST_AWARE,0,128,32,128,32,32,ws,1923.0,57.72266065388951,13,1148179.0,True,True,
pubmed_deepres28_w128,4,0,P3_COST_AWARE,2,89,32,128,32,32,ws,1611.0,48.700410396716826,13,1148179.0,True,True,
pubmed_deepres28_w128,4,0,P3_COST_AWARE,0,128,32,128,32,32,ws,1923.0,57.72266065388951,13,1148179.0,True,True,
pubmed_deepres28_w128,4,0,P3_COST_AWARE,2,87,32,128,32,32,ws,1595.0,48.13278008298755,13,1148179.0,True,True,
pubmed_deepres28_w128,4,0,P3_COST_AWARE,0,128,32,128,32,32,ws,1923.0,57.72266065388951,13,1148179.0,True,True,
pubmed_deepres28_w128,4,0,P3_COST_AWARE,1,93,32,128,32,32,ws,1643.0,49.7991967871486,13,1148179.0,True,True,
pubmed_deepres28_w128,4,0,P3_COST_AWARE,2,72,32,128,32,32,ws,1475.0,43.43891402714932,13,1148179.0,True,True,
pubmed_deepres28_w128,4,0,P3_COST_AWARE,0,128,32,128,32,32,ws,1923.0,57.72266065388951,13,1148179.0,True,True,
pubmed_deepres28_w128,4,0,P3_COST_AWARE,2,110,32,128,32,32,ws,1779.0,53.987730061349694,13,1148179.0,True,True,
pubmed_deepres28_w128,4,0,P3_COST_AWARE,0,128,32,128,32,32,ws,1923.0,57.72266065388951,13,1148179.0,True,True,
pubmed_deepres28_w128,4,0,P3_COST_AWARE,1,110,32,128,32,32,ws,1779.0,53.987730061349694,13,1148179.0,True,True,
pubmed_deepres28_w128,4,0,P3_COST_AWARE,0,128,32,128,32,32,ws,1923.0,57.72266065388951,13,1148179.0,True,True,
pubmed_deepres28_w128,4,0,P3_COST_AWARE,1,114,32,128,32,32,ws,1811.0,54.87364620938628,13,1148179.0,True,True,
pubmed_deepres28_w128,4,0,P3_COST_AWARE,0,128,32,128,32,32,ws,1923.0,57.72266065388951,13,1148179.0,True,True,
pubmed_deepres28_w128,4,0,P3_COST_AWARE,1,121,32,128,32,32,ws,1867.0,56.344586728754365,13,1148179.0,True,True,
pubmed_deepres28_w128,4,0,P3_COST_AWARE,0,128,32,128,32,32,ws,1923.0,57.72266065388951,13,1148179.0,True,True,
pubmed_deepres28_w128,4,0,P3_COST_AWARE,1,127,32,128,32,32,ws,1915.0,57.53114382785957,13,1148179.0,True,True,
pubmed_deepres28_w128,4,0,P3_COST_AWARE,0,128,32,128,32,32,ws,1923.0,57.72266065388951,13,1148179.0,True,True,
pubmed_deepres28_w128,4,0,P3_COST_AWARE,1,128,32,128,32,32,ws,1923.0,57.72266065388951,13,1148179.0,True,True,
pubmed_deepres28_w128,4,0,P3_COST_AWARE,0,128,32,128,32,32,ws,1923.0,57.72266065388951,13,1148179.0,True,True,
pubmed_deepres28_w128,4,0,P3_COST_AWARE,1,67,32,128,32,32,ws,1435.0,41.6796267496112,13,1148179.0,True,True,
pubmed_deepres28_w128,4,0,P3_COST_AWARE,2,74,32,128,32,32,ws,1491.0,44.113263785394935,13,1148179.0,True,True,
pubmed_deepres28_w128,4,0,P3_COST_AWARE,0,128,32,128,32,32,ws,1923.0,57.72266065388951,13,1148179.0,True,True,
pubmed_deepres28_w128,4,0,P3_COST_AWARE,2,105,32,128,32,32,ws,1739.0,52.83018867924528,13,1148179.0,True,True,
pubmed_deepres28_w128,4,0,P3_COST_AWARE,0,128,32,128,32,32,ws,1923.0,57.72266065388951,13,1148179.0,True,True,
pubmed_deepres28_w128,4,0,P3_COST_AWARE,1,63,32,128,32,32,ws,1403.0,40.19138755980861,13,1148179.0,True,True,
pubmed_deepres28_w128,4,0,P3_COST_AWARE,2,94,32,128,32,32,ws,1651.0,50.06657789613848,13,1148179.0,True,True,
pubmed_deepres28_w128,4,0,P3_COST_AWARE,0,128,32,128,32,32,ws,1923.0,57.72266065388951,13,1148179.0,True,True,
pubmed_deepres28_w128,4,0,P3_COST_AWARE,1,104,32,128,32,32,ws,1731.0,52.59165613147914,13,1148179.0,True,True,
pubmed_deepres28_w128,4,0,P3_COST_AWARE,0,128,32,128,32,32,ws,1923.0,57.72266065388951,13,1148179.0,True,True,
pubmed_deepres28_w128,4,0,P3_COST_AWARE,1,77,32,128,32,32,ws,1515.0,45.095168374816986,13,1148179.0,True,True,
pubmed_deepres28_w128,4,0,P3_COST_AWARE,2,58,32,128,32,32,ws,1363.0,38.22075782537068,13,1148179.0,True,True,
pubmed_deepres28_w128,4,0,P3_COST_AWARE,0,128,32,128,32,32,ws,1923.0,57.72266065388951,13,1148179.0,True,True,
pubmed_deepres28_w128,4,0,P3_COST_AWARE,1,82,32,128,32,32,ws,1555.0,46.65718349928876,13,1148179.0,True,True,
pubmed_deepres28_w128,4,0,P3_COST_AWARE,2,68,32,128,32,32,ws,1443.0,42.04018547140649,13,1148179.0,True,True,
pubmed_deepres28_w128,17,0,P3_COST_AWARE,0,127,32,128,32,32,ws,1915.0,57.53114382785957,12,1148179.0,True,True,
pubmed_deepres28_w128,17,0,P3_COST_AWARE,1,111,32,128,32,32,ws,1787.0,54.21245421245421,12,1148179.0,True,True,
pubmed_deepres28_w128,17,0,P3_COST_AWARE,0,127,32,128,32,32,ws,1915.0,57.53114382785957,12,1148179.0,True,True,
pubmed_deepres28_w128,17,0,P3_COST_AWARE,1,85,32,128,32,32,ws,1579.0,47.55244755244755,12,1148179.0,True,True,
pubmed_deepres28_w128,17,0,P3_COST_AWARE,0,127,32,128,32,32,ws,1915.0,57.53114382785957,12,1148179.0,True,True,
pubmed_deepres28_w128,17,0,P3_COST_AWARE,1,109,32,128,32,32,ws,1771.0,53.76078914919852,12,1148179.0,True,True,
pubmed_deepres28_w128,17,0,P3_COST_AWARE,0,127,32,128,32,32,ws,1915.0,57.53114382785957,12,1148179.0,True,True,
pubmed_deepres28_w128,17,0,P3_COST_AWARE,1,93,32,128,32,32,ws,1643.0,49.7991967871486,12,1148179.0,True,True,
pubmed_deepres28_w128,17,0,P3_COST_AWARE,0,127,32,128,32,32,ws,1915.0,57.53114382785957,12,1148179.0,True,True,
pubmed_deepres28_w128,17,0,P3_COST_AWARE,1,76,32,128,32,32,ws,1507.0,44.77172312223858,12,1148179.0,True,True,
pubmed_deepres28_w128,17,0,P3_COST_AWARE,2,64,32,128,32,32,ws,1411.0,40.57052297939778,12,1148179.0,True,True,
pubmed_deepres28_w128,17,0,P3_COST_AWARE,0,128,32,128,32,32,ws,1923.0,57.72266065388951,12,1148179.0,True,True,
pubmed_deepres28_w128,17,0,P3_COST_AWARE,1,80,32,128,32,32,ws,1539.0,46.0431654676259,12,1148179.0,True,True,
pubmed_deepres28_w128,17,0,P3_COST_AWARE,0,127,32,128,32,32,ws,1915.0,57.53114382785957,12,1148179.0,True,True,
pubmed_deepres28_w128,17,0,P3_COST_AWARE,1,76,32,128,32,32,ws,1507.0,44.77172312223858,12,1148179.0,True,True,
pubmed_deepres28_w128,17,0,P3_COST_AWARE,0,128,32,128,32,32,ws,1923.0,57.72266065388951,12,1148179.0,True,True,
pubmed_deepres28_w128,17,0,P3_COST_AWARE,1,78,32,128,32,32,ws,1523.0,45.414847161572055,12,1148179.0,True,True,
pubmed_deepres28_w128,17,0,P3_COST_AWARE,2,76,32,128,32,32,ws,1507.0,44.77172312223858,12,1148179.0,True,True,
pubmed_deepres28_w128,17,0,P3_COST_AWARE,0,127,32,128,32,32,ws,1915.0,57.53114382785957,12,1148179.0,True,True,
pubmed_deepres28_w128,17,0,P3_COST_AWARE,1,81,32,128,32,32,ws,1547.0,46.351931330472105,12,1148179.0,True,True,
pubmed_deepres28_w128,17,0,P3_COST_AWARE,2,65,32,128,32,32,ws,1419.0,40.94488188976378,12,1148179.0,True,True,
pubmed_deepres28_w128,17,0,P3_COST_AWARE,0,128,32,128,32,32,ws,1923.0,57.72266065388951,12,1148179.0,True,True,
pubmed_deepres28_w128,17,0,P3_COST_AWARE,1,79,32,128,32,32,ws,1531.0,45.73082489146165,12,1148179.0,True,True,
pubmed_deepres28_w128,17,0,P3_COST_AWARE,2,69,32,128,32,32,ws,1451.0,42.3963133640553,12,1148179.0,True,True,
pubmed_deepres28_w128,17,0,P3_COST_AWARE,0,127,32,128,32,32,ws,1915.0,57.53114382785957,12,1148179.0,True,True,
pubmed_deepres28_w128,17,0,P3_COST_AWARE,1,90,32,128,32,32,ws,1619.0,48.97959183673469,12,1148179.0,True,True,
pubmed_deepres28_w128,17,0,P3_COST_AWARE,0,127,32,128,32,32,ws,1915.0,57.53114382785957,12,1148179.0,True,True,
pubmed_deepres28_w128,17,0,P3_COST_AWARE,1,98,32,128,32,32,ws,1683.0,51.10821382007823,12,1148179.0,True,True,
pubmed_deepres28_w128,17,0,P3_COST_AWARE,0,127,32,128,32,32,ws,1915.0,57.53114382785957,12,1148179.0,True,True,
pubmed_deepres28_w128,17,0,P3_COST_AWARE,1,122,32,128,32,32,ws,1875.0,56.54692931633836,12,1148179.0,True,True,
pubmed_deepres28_w128,17,0,P3_COST_AWARE,0,127,32,128,32,32,ws,1915.0,57.53114382785957,12,1148179.0,True,True,
pubmed_deepres28_w128,17,0,P3_COST_AWARE,1,122,32,128,32,32,ws,1875.0,56.54692931633836,12,1148179.0,True,True,
pubmed_deepres28_w128,17,0,P3_COST_AWARE,0,128,32,128,32,32,ws,1923.0,57.72266065388951,12,1148179.0,True,True,
pubmed_deepres28_w128,17,0,P3_COST_AWARE,1,52,32,128,32,32,ws,1315.0,35.677530017152655,12,1148179.0,True,True,
pubmed_deepres28_w128,17,0,P3_COST_AWARE,2,93,32,128,32,32,ws,1643.0,49.7991967871486,12,1148179.0,True,True,
pubmed_deepres28_w128,17,0,P3_COST_AWARE,0,128,32,128,32,32,ws,1923.0,57.72266065388951,12,1148179.0,True,True,
pubmed_deepres28_w128,17,0,P3_COST_AWARE,2,113,32,128,32,32,ws,1803.0,54.65538089480049,12,1148179.0,True,True,
pubmed_deepres28_w128,17,0,P3_COST_AWARE,0,128,32,128,32,32,ws,1923.0,57.72266065388951,12,1148179.0,True,True,
pubmed_deepres28_w128,17,0,P3_COST_AWARE,2,119,32,128,32,32,ws,1851.0,55.93419506462985,12,1148179.0,True,True,
pubmed_deepres28_w128,17,0,P3_COST_AWARE,0,128,32,128,32,32,ws,1923.0,57.72266065388951,12,1148179.0,True,True,
pubmed_deepres28_w128,17,0,P3_COST_AWARE,2,119,32,128,32,32,ws,1851.0,55.93419506462985,12,1148179.0,True,True,
pubmed_deepres28_w128,17,0,P3_COST_AWARE,0,128,32,128,32,32,ws,1923.0,57.72266065388951,12,1148179.0,True,True,
pubmed_deepres28_w128,17,0,P3_COST_AWARE,1,62,32,128,32,32,ws,1395.0,39.807383627608345,12,1148179.0,True,True,
pubmed_deepres28_w128,17,0,P3_COST_AWARE,2,76,32,128,32,32,ws,1507.0,44.77172312223858,12,1148179.0,True,True,
pubmed_deepres28_w128,17,0,P3_COST_AWARE,0,127,32,128,32,32,ws,1915.0,57.53114382785957,12,1148179.0,True,True,
pubmed_deepres28_w128,17,0,P3_COST_AWARE,2,86,32,128,32,32,ws,1587.0,47.8442280945758,12,1148179.0,True,True,
pubmed_deepres28_w128,17,0,P3_COST_AWARE,0,127,32,128,32,32,ws,1915.0,57.53114382785957,12,1148179.0,True,True,
pubmed_deepres28_w128,17,0,P3_COST_AWARE,1,72,32,128,32,32,ws,1475.0,43.43891402714932,12,1148179.0,True,True,
pubmed_deepres28_w128,17,0,P3_COST_AWARE,2,68,32,128,32,32,ws,1443.0,42.04018547140649,12,1148179.0,True,True,
pubmed_deepres28_w128,17,0,P3_COST_AWARE,0,127,32,128,32,32,ws,1915.0,57.53114382785957,12,1148179.0,True,True,
pubmed_deepres28_w128,17,0,P3_COST_AWARE,1,66,32,128,32,32,ws,1427.0,41.31455399061033,12,1148179.0,True,True,
pubmed_deepres28_w128,17,0,P3_COST_AWARE,2,74,32,128,32,32,ws,1491.0,44.113263785394935,12,1148179.0,True,True,
pubmed_deepres28_w128,17,0,P3_COST_AWARE,0,128,32,128,32,32,ws,1923.0,57.72266065388951,12,1148179.0,True,True,
pubmed_deepres28_w128,17,0,P3_COST_AWARE,2,115,32,128,32,32,ws,1819.0,55.08982035928144,12,1148179.0,True,True,
pubmed_deepres28_w128,17,0,P3_COST_AWARE,0,128,32,128,32,32,ws,1923.0,57.72266065388951,12,1148179.0,True,True,
pubmed_deepres28_w128,17,0,P3_COST_AWARE,1,75,32,128,32,32,ws,1499.0,44.44444444444444,12,1148179.0,True,True,
pubmed_deepres28_w128,17,0,P3_COST_AWARE,2,77,32,128,32,32,ws,1515.0,45.095168374816986,12,1148179.0,True,True,
pubmed_deepres28_w128,17,0,P3_COST_AWARE,0,128,32,128,32,32,ws,1923.0,57.72266065388951,12,1148179.0,True,True,
pubmed_deepres28_w128,17,0,P3_COST_AWARE,2,97,32,128,32,32,ws,1675.0,50.8519003931848,12,1148179.0,True,True,
pubmed_deepres28_w128,17,0,P3_COST_AWARE,0,128,32,128,32,32,ws,1923.0,57.72266065388951,12,1148179.0,True,True,
pubmed_deepres28_w128,17,0,P3_COST_AWARE,2,76,32,128,32,32,ws,1507.0,44.77172312223858,12,1148179.0,True,True,
pubmed_deepres28_w128,17,0,P3_COST_AWARE,0,128,32,128,32,32,ws,1923.0,57.72266065388951,12,1148179.0,True,True,
pubmed_deepres28_w128,17,0,P3_COST_AWARE,2,98,32,128,32,32,ws,1683.0,51.10821382007823,12,1148179.0,True,True,
pubmed_deepres28_w128,17,0,P3_COST_AWARE,0,128,32,128,32,32,ws,1923.0,57.72266065388951,12,1148179.0,True,True,
pubmed_deepres28_w128,17,0,P3_COST_AWARE,1,61,32,128,32,32,ws,1387.0,39.41841680129241,12,1148179.0,True,True,
pubmed_deepres28_w128,17,0,P3_COST_AWARE,2,88,32,128,32,32,ws,1603.0,48.4181568088033,12,1148179.0,True,True,
pubmed_deepres28_w128,17,0,P3_COST_AWARE,0,128,32,128,32,32,ws,1923.0,57.72266065388951,12,1148179.0,True,True,
pubmed_deepres28_w128,17,0,P3_COST_AWARE,2,128,32,128,32,32,ws,1923.0,57.72266065388951,12,1148179.0,True,True,
pubmed_deepres28_w128,17,0,P3_COST_AWARE,0,128,32,128,32,32,ws,1923.0,57.72266065388951,12,1148179.0,True,True,
pubmed_deepres28_w128,17,0,P3_COST_AWARE,2,104,32,128,32,32,ws,1731.0,52.59165613147914,12,1148179.0,True,True,
pubmed_deepres28_w128,17,0,P3_COST_AWARE,0,128,32,128,32,32,ws,1923.0,57.72266065388951,12,1148179.0,True,True,
pubmed_deepres28_w128,17,0,P3_COST_AWARE,1,100,32,128,32,32,ws,1699.0,51.61290322580645,12,1148179.0,True,True,
pubmed_deepres28_w128,17,0,P3_COST_AWARE,0,127,32,128,32,32,ws,1915.0,57.53114382785957,12,1148179.0,True,True,
pubmed_deepres28_w128,17,0,P3_COST_AWARE,1,98,32,128,32,32,ws,1683.0,51.10821382007823,12,1148179.0,True,True,
pubmed_deepres28_w128,17,0,P3_COST_AWARE,0,128,32,128,32,32,ws,1923.0,57.72266065388951,12,1148179.0,True,True,
pubmed_deepres28_w128,17,0,P3_COST_AWARE,1,61,32,128,32,32,ws,1387.0,39.41841680129241,12,1148179.0,True,True,
pubmed_deepres28_w128,17,0,P3_COST_AWARE,2,83,32,128,32,32,ws,1563.0,46.95898161244696,12,1148179.0,True,True,
pubmed_deepres28_w128,17,0,P3_COST_AWARE,0,127,32,128,32,32,ws,1915.0,57.53114382785957,12,1148179.0,True,True,
pubmed_deepres28_w128,17,0,P3_COST_AWARE,1,88,32,128,32,32,ws,1603.0,48.4181568088033,12,1148179.0,True,True,
pubmed_deepres28_w128,17,0,P3_COST_AWARE,0,128,32,128,32,32,ws,1923.0,57.72266065388951,12,1148179.0,True,True,
pubmed_deepres28_w128,17,0,P3_COST_AWARE,1,98,32,128,32,32,ws,1683.0,51.10821382007823,12,1148179.0,True,True,
pubmed_deepres28_w128,17,0,P3_COST_AWARE,0,128,32,128,32,32,ws,1923.0,57.72266065388951,12,1148179.0,True,True,
pubmed_deepres28_w128,17,0,P3_COST_AWARE,2,85,32,128,32,32,ws,1579.0,47.55244755244755,12,1148179.0,True,True,
pubmed_deepres28_w128,17,0,P3_COST_AWARE,0,128,32,128,32,32,ws,1923.0,57.72266065388951,12,1148179.0,True,True,
pubmed_deepres28_w128,17,0,P3_COST_AWARE,1,105,32,128,32,32,ws,1739.0,52.83018867924528,12,1148179.0,True,True,
pubmed_deepres28_w128,17,0,P3_COST_AWARE,0,128,32,128,32,32,ws,1923.0,57.72266065388951,12,1148179.0,True,True,
pubmed_deepres28_w128,17,0,P3_COST_AWARE,1,107,32,128,32,32,ws,1755.0,53.300124533001245,12,1148179.0,True,True,
pubmed_deepres28_w128,17,0,P3_COST_AWARE,0,128,32,128,32,32,ws,1923.0,57.72266065388951,12,1148179.0,True,True,
pubmed_deepres28_w128,17,0,P3_COST_AWARE,1,106,32,128,32,32,ws,1747.0,53.06633291614518,12,1148179.0,True,True,
pubmed_deepres28_w128,17,0,P3_COST_AWARE,0,128,32,128,32,32,ws,1923.0,57.72266065388951,12,1148179.0,True,True,
pubmed_deepres28_w128,17,0,P3_COST_AWARE,1,93,32,128,32,32,ws,1643.0,49.7991967871486,12,1148179.0,True,True,
pubmed_deepres28_w128,17,0,P3_COST_AWARE,0,128,32,128,32,32,ws,1923.0,57.72266065388951,12,1148179.0,True,True,
pubmed_deepres28_w128,17,0,P3_COST_AWARE,1,61,32,128,32,32,ws,1387.0,39.41841680129241,12,1148179.0,True,True,
pubmed_deepres28_w128,17,0,P3_COST_AWARE,2,78,32,128,32,32,ws,1523.0,45.414847161572055,12,1148179.0,True,True,
pubmed_deepres28_w128,17,0,P3_COST_AWARE,0,128,32,128,32,32,ws,1923.0,57.72266065388951,12,1148179.0,True,True,
pubmed_deepres28_w128,17,0,P3_COST_AWARE,2,111,32,128,32,32,ws,1787.0,54.21245421245421,12,1148179.0,True,True,
pubmed_deepres28_w128,17,0,P3_COST_AWARE,0,128,32,128,32,32,ws,1923.0,57.72266065388951,12,1148179.0,True,True,
pubmed_deepres28_w128,17,0,P3_COST_AWARE,2,122,32,128,32,32,ws,1875.0,56.54692931633836,12,1148179.0,True,True,
pubmed_deepres28_w128,17,0,P3_COST_AWARE,0,128,32,128,32,32,ws,1923.0,57.72266065388951,12,1148179.0,True,True,
pubmed_deepres28_w128,17,0,P3_COST_AWARE,1,98,32,128,32,32,ws,1683.0,51.10821382007823,12,1148179.0,True,True,
pubmed_deepres28_w128,17,0,P3_COST_AWARE,0,127,32,128,32,32,ws,1915.0,57.53114382785957,12,1148179.0,True,True,
pubmed_deepres28_w128,17,0,P3_COST_AWARE,1,105,32,128,32,32,ws,1739.0,52.83018867924528,12,1148179.0,True,True,
pubmed_deepres28_w128,17,0,P3_COST_AWARE,0,128,32,128,32,32,ws,1923.0,57.72266065388951,12,1148179.0,True,True,
pubmed_deepres28_w128,17,0,P3_COST_AWARE,1,91,32,128,32,32,ws,1627.0,49.25575101488498,12,1148179.0,True,True,
pubmed_deepres28_w128,17,0,P3_COST_AWARE,0,128,32,128,32,32,ws,1923.0,57.72266065388951,12,1148179.0,True,True,
pubmed_deepres28_w128,17,0,P3_COST_AWARE,1,110,32,128,32,32,ws,1779.0,53.987730061349694,12,1148179.0,True,True,
pubmed_deepres28_w128,17,0,P3_COST_AWARE,0,128,32,128,32,32,ws,1923.0,57.72266065388951,12,1148179.0,True,True,
pubmed_deepres28_w128,17,0,P3_COST_AWARE,1,94,32,128,32,32,ws,1651.0,50.06657789613848,12,1148179.0,True,True,
pubmed_deepres28_w128,17,0,P3_COST_AWARE,0,128,32,128,32,32,ws,1923.0,57.72266065388951,12,1148179.0,True,True,
pubmed_deepres28_w128,17,0,P3_COST_AWARE,2,125,32,128,32,32,ws,1899.0,57.142857142857146,12,1148179.0,True,True,
pubmed_deepres28_w128,17,0,P3_COST_AWARE,0,128,32,128,32,32,ws,1923.0,57.72266065388951,12,1148179.0,True,True,
pubmed_deepres28_w128,17,0,P3_COST_AWARE,2,92,32,128,32,32,ws,1635.0,49.52893674293405,12,1148179.0,True,True,
pubmed_deepres28_w128,17,0,P3_COST_AWARE,0,128,32,128,32,32,ws,1923.0,57.72266065388951,12,1148179.0,True,True,
pubmed_deepres28_w128,17,0,P3_COST_AWARE,1,108,32,128,32,32,ws,1763.0,53.531598513011154,12,1148179.0,True,True,
pubmed_deepres28_w128,17,0,P3_COST_AWARE,0,128,32,128,32,32,ws,1923.0,57.72266065388951,12,1148179.0,True,True,
pubmed_deepres28_w128,17,0,P3_COST_AWARE,1,79,32,128,32,32,ws,1531.0,45.73082489146165,12,1148179.0,True,True,
pubmed_deepres28_w128,17,0,P3_COST_AWARE,2,79,32,128,32,32,ws,1531.0,45.73082489146165,12,1148179.0,True,True,
pubmed_deepres28_w128,17,0,P3_COST_AWARE,0,128,32,128,32,32,ws,1923.0,57.72266065388951,12,1148179.0,True,True,
pubmed_deepres28_w128,17,0,P3_COST_AWARE,1,92,32,128,32,32,ws,1635.0,49.52893674293405,12,1148179.0,True,True,
pubmed_deepres28_w128,17,0,P3_COST_AWARE,0,127,32,128,32,32,ws,1915.0,57.53114382785957,12,1148179.0,True,True,
pubmed_deepres28_w128,17,0,P3_COST_AWARE,1,114,32,128,32,32,ws,1811.0,54.87364620938628,12,1148179.0,True,True,
pubmed_deepres28_w128,17,0,P3_COST_AWARE,0,128,32,128,32,32,ws,1923.0,57.72266065388951,12,1148179.0,True,True,
pubmed_deepres28_w128,17,0,P3_COST_AWARE,2,75,32,128,32,32,ws,1499.0,44.44444444444444,12,1148179.0,True,True,
pubmed_deepres28_w128,17,0,P3_COST_AWARE,0,128,32,128,32,32,ws,1923.0,57.72266065388951,12,1148179.0,True,True,
pubmed_deepres28_w128,17,0,P3_COST_AWARE,1,125,32,128,32,32,ws,1899.0,57.142857142857146,12,1148179.0,True,True,
pubmed_deepres28_w128,17,0,P3_COST_AWARE,0,128,32,128,32,32,ws,1923.0,57.72266065388951,12,1148179.0,True,True,
pubmed_deepres28_w128,17,0,P3_COST_AWARE,1,112,32,128,32,32,ws,1795.0,54.434993924665854,12,1148179.0,True,True,
pubmed_deepres28_w128,17,0,P3_COST_AWARE,0,128,32,128,32,32,ws,1923.0,57.72266065388951,12,1148179.0,True,True,
pubmed_deepres28_w128,17,0,P3_COST_AWARE,1,111,32,128,32,32,ws,1787.0,54.21245421245421,12,1148179.0,True,True,
pubmed_deepres28_w128,17,0,P3_COST_AWARE,0,128,32,128,32,32,ws,1923.0,57.72266065388951,12,1148179.0,True,True,
pubmed_deepres28_w128,17,0,P3_COST_AWARE,1,122,32,128,32,32,ws,1875.0,56.54692931633836,12,1148179.0,True,True,
pubmed_deepres28_w128,17,0,P3_COST_AWARE,0,128,32,128,32,32,ws,1923.0,57.72266065388951,12,1148179.0,True,True,
pubmed_deepres28_w128,17,0,P3_COST_AWARE,1,128,32,128,32,32,ws,1923.0,57.72266065388951,12,1148179.0,True,True,
pubmed_deepres28_w128,17,0,P3_COST_AWARE,0,128,32,128,32,32,ws,1923.0,57.72266065388951,12,1148179.0,True,True,
pubmed_deepres28_w128,17,0,P3_COST_AWARE,1,101,32,128,32,32,ws,1707.0,51.86136071887034,12,1148179.0,True,True,
pubmed_deepres28_w128,17,0,P3_COST_AWARE,0,127,32,128,32,32,ws,1915.0,57.53114382785957,12,1148179.0,True,True,
pubmed_deepres28_w128,17,0,P3_COST_AWARE,1,121,32,128,32,32,ws,1867.0,56.344586728754365,12,1148179.0,True,True,
pubmed_deepres28_w128,17,0,P3_COST_AWARE,0,127,32,128,32,32,ws,1915.0,57.53114382785957,12,1148179.0,True,True,
pubmed_deepres28_w128,17,0,P3_COST_AWARE,1,116,32,128,32,32,ws,1827.0,55.30393325387366,12,1148179.0,True,True,
pubmed_deepres28_w128,17,0,P3_COST_AWARE,0,127,32,128,32,32,ws,1915.0,57.53114382785957,12,1148179.0,True,True,
pubmed_deepres28_w128,17,0,P3_COST_AWARE,1,119,32,128,32,32,ws,1851.0,55.93419506462985,12,1148179.0,True,True,
pubmed_deepres28_w128,17,0,P3_COST_AWARE,0,127,32,128,32,32,ws,1915.0,57.53114382785957,12,1148179.0,True,True,
pubmed_deepres28_w128,17,0,P3_COST_AWARE,1,124,32,128,32,32,ws,1891.0,56.94603903559128,12,1148179.0,True,True,
pubmed_deepres28_w128,17,0,P3_COST_AWARE,0,128,32,128,32,32,ws,1923.0,57.72266065388951,12,1148179.0,True,True,
pubmed_deepres28_w128,17,0,P3_COST_AWARE,1,115,32,128,32,32,ws,1819.0,55.08982035928144,12,1148179.0,True,True,
pubmed_deepres28_w128,17,0,P3_COST_AWARE,0,127,32,128,32,32,ws,1915.0,57.53114382785957,12,1148179.0,True,True,
pubmed_deepres28_w128,17,0,P3_COST_AWARE,1,127,32,128,32,32,ws,1915.0,57.53114382785957,12,1148179.0,True,True,
pubmed_deepres28_w128,17,0,P3_COST_AWARE,0,127,32,128,32,32,ws,1915.0,57.53114382785957,12,1148179.0,True,True,
pubmed_deepres28_w128,17,0,P3_COST_AWARE,1,108,32,128,32,32,ws,1763.0,53.531598513011154,12,1148179.0,True,True,
pubmed_deepres28_w128,17,0,P3_COST_AWARE,0,127,32,128,32,32,ws,1915.0,57.53114382785957,12,1148179.0,True,True,
pubmed_deepres28_w128,17,0,P3_COST_AWARE,1,127,32,128,32,32,ws,1915.0,57.53114382785957,12,1148179.0,True,True,
pubmed_deepres28_w128,17,0,P3_COST_AWARE,0,127,32,128,32,32,ws,1915.0,57.53114382785957,12,1148179.0,True,True,
pubmed_deepres28_w128,17,0,P3_COST_AWARE,1,121,32,128,32,32,ws,1867.0,56.344586728754365,12,1148179.0,True,True,
pubmed_deepres28_w128,17,0,P3_COST_AWARE,0,128,32,128,32,32,ws,1923.0,57.72266065388951,12,1148179.0,True,True,
pubmed_deepres28_w128,17,0,P3_COST_AWARE,1,67,32,128,32,32,ws,1435.0,41.6796267496112,12,1148179.0,True,True,
pubmed_deepres28_w128,17,0,P3_COST_AWARE,2,73,32,128,32,32,ws,1483.0,43.77811094452774,12,1148179.0,True,True,
pubmed_deepres28_w128,17,0,P3_COST_AWARE,0,128,32,128,32,32,ws,1923.0,57.72266065388951,12,1148179.0,True,True,
pubmed_deepres28_w128,17,0,P3_COST_AWARE,2,122,32,128,32,32,ws,1875.0,56.54692931633836,12,1148179.0,True,True,
pubmed_deepres28_w128,17,0,P3_COST_AWARE,0,128,32,128,32,32,ws,1923.0,57.72266065388951,12,1148179.0,True,True,
pubmed_deepres28_w128,17,0,P3_COST_AWARE,2,122,32,128,32,32,ws,1875.0,56.54692931633836,12,1148179.0,True,True,
pubmed_deepres28_w128,17,0,P3_COST_AWARE,0,128,32,128,32,32,ws,1923.0,57.72266065388951,12,1148179.0,True,True,
pubmed_deepres28_w128,17,0,P3_COST_AWARE,1,93,32,128,32,32,ws,1643.0,49.7991967871486,12,1148179.0,True,True,
pubmed_deepres28_w128,17,0,P3_COST_AWARE,0,128,32,128,32,32,ws,1923.0,57.72266065388951,12,1148179.0,True,True,
pubmed_deepres28_w128,17,0,P3_COST_AWARE,0,128,32,128,32,32,ws,1923.0,57.72266065388951,12,1148179.0,True,True,
pubmed_deepres28_w128,17,0,P3_COST_AWARE,2,91,32,128,32,32,ws,1627.0,49.25575101488498,12,1148179.0,True,True,
pubmed_deepres28_w128,17,0,P3_COST_AWARE,0,128,32,128,32,32,ws,1923.0,57.72266065388951,12,1148179.0,True,True,
pubmed_deepres28_w128,17,0,P3_COST_AWARE,2,121,32,128,32,32,ws,1867.0,56.344586728754365,12,1148179.0,True,True,
pubmed_deepres28_w128,17,0,P3_COST_AWARE,0,128,32,128,32,32,ws,1923.0,57.72266065388951,12,1148179.0,True,True,
pubmed_deepres28_w128,17,0,P3_COST_AWARE,2,113,32,128,32,32,ws,1803.0,54.65538089480049,12,1148179.0,True,True,
pubmed_deepres28_w128,17,0,P3_COST_AWARE,0,128,32,128,32,32,ws,1923.0,57.72266065388951,12,1148179.0,True,True,
pubmed_deepres28_w128,17,0,P3_COST_AWARE,2,127,32,128,32,32,ws,1915.0,57.53114382785957,12,1148179.0,True,True,
pubmed_deepres28_w128,17,0,P3_COST_AWARE,0,128,32,128,32,32,ws,1923.0,57.72266065388951,12,1148179.0,True,True,
pubmed_deepres28_w128,17,0,P3_COST_AWARE,2,122,32,128,32,32,ws,1875.0,56.54692931633836,12,1148179.0,True,True,
pubmed_deepres28_w128,17,0,P3_COST_AWARE,0,128,32,128,32,32,ws,1923.0,57.72266065388951,12,1148179.0,True,True,
pubmed_deepres28_w128,17,0,P3_COST_AWARE,1,64,32,128,32,32,ws,1411.0,40.57052297939778,12,1148179.0,True,True,
pubmed_deepres28_w128,17,0,P3_COST_AWARE,2,83,32,128,32,32,ws,1563.0,46.95898161244696,12,1148179.0,True,True,
pubmed_deepres28_w128,17,0,P3_COST_AWARE,0,127,32,128,32,32,ws,1915.0,57.53114382785957,12,1148179.0,True,True,
pubmed_deepres28_w128,17,0,P3_COST_AWARE,1,83,32,128,32,32,ws,1563.0,46.95898161244696,12,1148179.0,True,True,
pubmed_deepres28_w128,17,0,P3_COST_AWARE,0,128,32,128,32,32,ws,1923.0,57.72266065388951,12,1148179.0,True,True,
pubmed_deepres28_w128,17,0,P3_COST_AWARE,1,86,32,128,32,32,ws,1587.0,47.8442280945758,12,1148179.0,True,True,
pubmed_deepres28_w128,17,0,P3_COST_AWARE,0,127,32,128,32,32,ws,1915.0,57.53114382785957,12,1148179.0,True,True,
pubmed_deepres28_w128,17,0,P3_COST_AWARE,1,90,32,128,32,32,ws,1619.0,48.97959183673469,12,1148179.0,True,True,
pubmed_deepres28_w128,17,0,P3_COST_AWARE,0,128,32,128,32,32,ws,1923.0,57.72266065388951,12,1148179.0,True,True,
pubmed_deepres28_w128,17,0,P3_COST_AWARE,1,49,32,128,32,32,ws,1291.0,34.32574430823117,12,1148179.0,True,True,
pubmed_deepres28_w128,17,0,P3_COST_AWARE,2,90,32,128,32,32,ws,1619.0,48.97959183673469,12,1148179.0,True,True,
pubmed_deepres28_w128,17,0,P3_COST_AWARE,0,127,32,128,32,32,ws,1915.0,57.53114382785957,12,1148179.0,True,True,
pubmed_deepres28_w128,17,0,P3_COST_AWARE,1,69,32,128,32,32,ws,1451.0,42.3963133640553,12,1148179.0,True,True,
pubmed_deepres28_w128,17,0,P3_COST_AWARE,2,87,32,128,32,32,ws,1595.0,48.13278008298755,12,1148179.0,True,True,
pubmed_deepres28_w128,17,0,P3_COST_AWARE,0,128,32,128,32,32,ws,1923.0,57.72266065388951,12,1148179.0,True,True,
pubmed_deepres28_w128,17,0,P3_COST_AWARE,1,93,32,128,32,32,ws,1643.0,49.7991967871486,12,1148179.0,True,True,
pubmed_deepres28_w128,17,0,P3_COST_AWARE,0,128,32,128,32,32,ws,1923.0,57.72266065388951,12,1148179.0,True,True,
pubmed_deepres28_w128,17,0,P3_COST_AWARE,2,95,32,128,32,32,ws,1659.0,50.33112582781457,12,1148179.0,True,True,
pubmed_deepres28_w128,17,0,P3_COST_AWARE,0,128,32,128,32,32,ws,1923.0,57.72266065388951,12,1148179.0,True,True,
pubmed_deepres28_w128,17,0,P3_COST_AWARE,2,82,32,128,32,32,ws,1555.0,46.65718349928876,12,1148179.0,True,True,
pubmed_deepres28_w128,17,0,P3_COST_AWARE,0,128,32,128,32,32,ws,1923.0,57.72266065388951,12,1148179.0,True,True,
pubmed_deepres28_w128,17,0,P3_COST_AWARE,0,128,32,128,32,32,ws,1923.0,57.72266065388951,12,1148179.0,True,True,
pubmed_deepres28_w128,17,0,P3_COST_AWARE,2,93,32,128,32,32,ws,1643.0,49.7991967871486,12,1148179.0,True,True,
pubmed_deepres28_w128,17,0,P3_COST_AWARE,0,128,32,128,32,32,ws,1923.0,57.72266065388951,12,1148179.0,True,True,
pubmed_deepres28_w128,17,0,P3_COST_AWARE,2,100,32,128,32,32,ws,1699.0,51.61290322580645,12,1148179.0,True,True,
pubmed_deepres28_w128,17,0,P3_COST_AWARE,0,128,32,128,32,32,ws,1923.0,57.72266065388951,12,1148179.0,True,True,
pubmed_deepres28_w128,17,0,P3_COST_AWARE,2,107,32,128,32,32,ws,1755.0,53.300124533001245,12,1148179.0,True,True,
pubmed_deepres28_w128,17,0,P3_COST_AWARE,0,127,32,128,32,32,ws,1915.0,57.53114382785957,12,1148179.0,True,True,
pubmed_deepres28_w128,17,0,P3_COST_AWARE,1,61,32,128,32,32,ws,1387.0,39.41841680129241,12,1148179.0,True,True,
pubmed_deepres28_w128,17,0,P3_COST_AWARE,2,81,32,128,32,32,ws,1547.0,46.351931330472105,12,1148179.0,True,True,
pubmed_deepres28_w128,17,0,P3_COST_AWARE,0,128,32,128,32,32,ws,1923.0,57.72266065388951,12,1148179.0,True,True,
pubmed_deepres28_w128,17,0,P3_COST_AWARE,1,62,32,128,32,32,ws,1395.0,39.807383627608345,12,1148179.0,True,True,
pubmed_deepres28_w128,17,0,P3_COST_AWARE,2,73,32,128,32,32,ws,1483.0,43.77811094452774,12,1148179.0,True,True,
pubmed_deepres28_w128,17,0,P3_COST_AWARE,0,127,32,128,32,32,ws,1915.0,57.53114382785957,12,1148179.0,True,True,
pubmed_deepres28_w128,17,0,P3_COST_AWARE,1,100,32,128,32,32,ws,1699.0,51.61290322580645,12,1148179.0,True,True,
pubmed_deepres28_w128,17,0,P3_COST_AWARE,0,127,32,128,32,32,ws,1915.0,57.53114382785957,12,1148179.0,True,True,
pubmed_deepres28_w128,17,0,P3_COST_AWARE,1,83,32,128,32,32,ws,1563.0,46.95898161244696,12,1148179.0,True,True,
pubmed_deepres28_w128,17,0,P3_COST_AWARE,0,127,32,128,32,32,ws,1915.0,57.53114382785957,12,1148179.0,True,True,
pubmed_deepres28_w128,17,0,P3_COST_AWARE,1,109,32,128,32,32,ws,1771.0,53.76078914919852,12,1148179.0,True,True,
pubmed_deepres28_w128,17,0,P3_COST_AWARE,0,128,32,128,32,32,ws,1923.0,57.72266065388951,12,1148179.0,True,True,
pubmed_deepres28_w128,17,0,P3_COST_AWARE,1,101,32,128,32,32,ws,1707.0,51.86136071887034,12,1148179.0,True,True,
pubmed_deepres28_w128,17,0,P3_COST_AWARE,0,128,32,128,32,32,ws,1923.0,57.72266065388951,12,1148179.0,True,True,
pubmed_deepres28_w128,17,0,P3_COST_AWARE,1,111,32,128,32,32,ws,1787.0,54.21245421245421,12,1148179.0,True,True,
pubmed_deepres28_w128,17,0,P3_COST_AWARE,0,128,32,128,32,32,ws,1923.0,57.72266065388951,12,1148179.0,True,True,
pubmed_deepres28_w128,17,0,P3_COST_AWARE,1,123,32,128,32,32,ws,1883.0,56.74740484429066,12,1148179.0,True,True,
pubmed_deepres28_w128,17,0,P3_COST_AWARE,0,128,32,128,32,32,ws,1923.0,57.72266065388951,12,1148179.0,True,True,
pubmed_deepres28_w128,17,0,P3_COST_AWARE,1,118,32,128,32,32,ws,1843.0,55.72609208972845,12,1148179.0,True,True,
pubmed_deepres28_w128,17,0,P3_COST_AWARE,0,128,32,128,32,32,ws,1923.0,57.72266065388951,12,1148179.0,True,True,
pubmed_deepres28_w128,17,0,P3_COST_AWARE,1,83,32,128,32,32,ws,1563.0,46.95898161244696,12,1148179.0,True,True,
pubmed_deepres28_w128,17,0,P3_COST_AWARE,0,128,32,128,32,32,ws,1923.0,57.72266065388951,12,1148179.0,True,True,
pubmed_deepres28_w128,17,0,P3_COST_AWARE,1,124,32,128,32,32,ws,1891.0,56.94603903559128,12,1148179.0,True,True,
pubmed_deepres28_w128,17,0,P3_COST_AWARE,0,128,32,128,32,32,ws,1923.0,57.72266065388951,12,1148179.0,True,True,
pubmed_deepres28_w128,17,0,P3_COST_AWARE,1,117,32,128,32,32,ws,1835.0,55.51601423487544,12,1148179.0,True,True,
pubmed_deepres28_w128,17,0,P3_COST_AWARE,0,128,32,128,32,32,ws,1923.0,57.72266065388951,12,1148179.0,True,True,
pubmed_deepres28_w128,17,0,P3_COST_AWARE,1,85,32,128,32,32,ws,1579.0,47.55244755244755,12,1148179.0,True,True,
pubmed_deepres28_w128,17,0,P3_COST_AWARE,0,128,32,128,32,32,ws,1923.0,57.72266065388951,12,1148179.0,True,True,
pubmed_deepres28_w128,17,0,P3_COST_AWARE,0,128,32,128,32,32,ws,1923.0,57.72266065388951,12,1148179.0,True,True,
pubmed_deepres28_w128,17,0,P3_COST_AWARE,1,116,32,128,32,32,ws,1827.0,55.30393325387366,12,1148179.0,True,True,
pubmed_deepres28_w128,17,0,P3_COST_AWARE,0,128,32,128,32,32,ws,1923.0,57.72266065388951,12,1148179.0,True,True,
pubmed_deepres28_w128,17,0,P3_COST_AWARE,1,123,32,128,32,32,ws,1883.0,56.74740484429066,12,1148179.0,True,True,
pubmed_deepres28_w128,17,0,P3_COST_AWARE,0,128,32,128,32,32,ws,1923.0,57.72266065388951,12,1148179.0,True,True,
pubmed_deepres28_w128,17,0,P3_COST_AWARE,1,118,32,128,32,32,ws,1843.0,55.72609208972845,12,1148179.0,True,True,
pubmed_deepres28_w128,17,0,P3_COST_AWARE,0,127,32,128,32,32,ws,1915.0,57.53114382785957,12,1148179.0,True,True,
pubmed_deepres28_w128,17,0,P3_COST_AWARE,1,113,32,128,32,32,ws,1803.0,54.65538089480049,12,1148179.0,True,True,
pubmed_deepres28_w128,17,0,P3_COST_AWARE,0,128,32,128,32,32,ws,1923.0,57.72266065388951,12,1148179.0,True,True,
pubmed_deepres28_w128,17,0,P3_COST_AWARE,1,119,32,128,32,32,ws,1851.0,55.93419506462985,12,1148179.0,True,True,
pubmed_deepres28_w128,17,0,P3_COST_AWARE,0,127,32,128,32,32,ws,1915.0,57.53114382785957,12,1148179.0,True,True,
pubmed_deepres28_w128,17,0,P3_COST_AWARE,1,125,32,128,32,32,ws,1899.0,57.142857142857146,12,1148179.0,True,True,
pubmed_deepres28_w128,17,0,P3_COST_AWARE,1,126,32,128,32,32,ws,1907.0,57.33788395904437,12,1148179.0,True,True,
pubmed_deepres28_w128,17,0,P3_COST_AWARE,0,127,32,128,32,32,ws,1915.0,57.53114382785957,12,1148179.0,True,True,
pubmed_deepres28_w128,17,0,P3_COST_AWARE,1,121,32,128,32,32,ws,1867.0,56.344586728754365,12,1148179.0,True,True,
pubmed_deepres28_w128,17,0,P3_COST_AWARE,0,127,32,128,32,32,ws,1915.0,57.53114382785957,12,1148179.0,True,True,
pubmed_deepres28_w128,17,0,P3_COST_AWARE,1,125,32,128,32,32,ws,1899.0,57.142857142857146,12,1148179.0,True,True,
pubmed_deepres28_w128,17,0,P3_COST_AWARE,1,123,32,128,32,32,ws,1883.0,56.74740484429066,12,1148179.0,True,True,
pubmed_deepres28_w128,17,0,P3_COST_AWARE,0,127,32,128,32,32,ws,1915.0,57.53114382785957,12,1148179.0,True,True,
pubmed_deepres28_w128,17,0,P3_COST_AWARE,2,98,32,128,32,32,ws,1683.0,51.10821382007823,12,1148179.0,True,True,
pubmed_deepres28_w128,17,0,P3_COST_AWARE,0,128,32,128,32,32,ws,1923.0,57.72266065388951,12,1148179.0,True,True,
pubmed_deepres28_w128,17,0,P3_COST_AWARE,2,111,32,128,32,32,ws,1787.0,54.21245421245421,12,1148179.0,True,True,
pubmed_deepres28_w128,17,0,P3_COST_AWARE,0,128,32,128,32,32,ws,1923.0,57.72266065388951,12,1148179.0,True,True,
pubmed_deepres28_w128,17,0,P3_COST_AWARE,2,116,32,128,32,32,ws,1827.0,55.30393325387366,12,1148179.0,True,True,
pubmed_deepres28_w128,17,0,P3_COST_AWARE,0,128,32,128,32,32,ws,1923.0,57.72266065388951,12,1148179.0,True,True,
pubmed_deepres28_w128,17,0,P3_COST_AWARE,2,80,32,128,32,32,ws,1539.0,46.0431654676259,12,1148179.0,True,True,
pubmed_deepres28_w128,17,0,P3_COST_AWARE,0,128,32,128,32,32,ws,1923.0,57.72266065388951,12,1148179.0,True,True,
pubmed_deepres28_w128,17,0,P3_COST_AWARE,1,103,32,128,32,32,ws,1723.0,52.35069885641677,12,1148179.0,True,True,
pubmed_deepres28_w128,17,0,P3_COST_AWARE,0,128,32,128,32,32,ws,1923.0,57.72266065388951,12,1148179.0,True,True,
pubmed_deepres28_w128,17,0,P3_COST_AWARE,0,127,32,128,32,32,ws,1915.0,57.53114382785957,12,1148179.0,True,True,
pubmed_deepres28_w128,17,0,P3_COST_AWARE,1,86,32,128,32,32,ws,1587.0,47.8442280945758,12,1148179.0,True,True,
pubmed_deepres28_w128,17,0,P3_COST_AWARE,0,127,32,128,32,32,ws,1915.0,57.53114382785957,12,1148179.0,True,True,
pubmed_deepres28_w128,17,0,P3_COST_AWARE,1,92,32,128,32,32,ws,1635.0,49.52893674293405,12,1148179.0,True,True,
pubmed_deepres28_w128,17,0,P3_COST_AWARE,0,128,32,128,32,32,ws,1923.0,57.72266065388951,12,1148179.0,True,True,
pubmed_deepres28_w128,17,0,P3_COST_AWARE,2,95,32,128,32,32,ws,1659.0,50.33112582781457,12,1148179.0,True,True,
pubmed_deepres28_w128,17,0,P3_COST_AWARE,0,128,32,128,32,32,ws,1923.0,57.72266065388951,12,1148179.0,True,True,
pubmed_deepres28_w128,17,0,P3_COST_AWARE,2,96,32,128,32,32,ws,1667.0,50.59288537549407,12,1148179.0,True,True,
pubmed_deepres28_w128,17,0,P3_COST_AWARE,0,128,32,128,32,32,ws,1923.0,57.72266065388951,12,1148179.0,True,True,
pubmed_deepres28_w128,17,0,P3_COST_AWARE,1,83,32,128,32,32,ws,1563.0,46.95898161244696,12,1148179.0,True,True,
pubmed_deepres28_w128,17,0,P3_COST_AWARE,0,128,32,128,32,32,ws,1923.0,57.72266065388951,12,1148179.0,True,True,
pubmed_deepres28_w128,17,0,P3_COST_AWARE,1,76,32,128,32,32,ws,1507.0,44.77172312223858,12,1148179.0,True,True,
pubmed_deepres28_w128,17,0,P3_COST_AWARE,2,84,32,128,32,32,ws,1571.0,47.25738396624472,12,1148179.0,True,True,
pubmed_deepres28_w128,17,0,P3_COST_AWARE,0,128,32,128,32,32,ws,1923.0,57.72266065388951,12,1148179.0,True,True,
pubmed_deepres28_w128,17,0,P3_COST_AWARE,1,82,32,128,32,32,ws,1555.0,46.65718349928876,12,1148179.0,True,True,
pubmed_deepres28_w128,17,0,P3_COST_AWARE,2,77,32,128,32,32,ws,1515.0,45.095168374816986,12,1148179.0,True,True,
pubmed_deepres28_w128,17,0,P3_COST_AWARE,0,128,32,128,32,32,ws,1923.0,57.72266065388951,12,1148179.0,True,True,
pubmed_deepres28_w128,17,0,P3_COST_AWARE,2,111,32,128,32,32,ws,1787.0,54.21245421245421,12,1148179.0,True,True,
pubmed_deepres28_w128,17,0,P3_COST_AWARE,0,128,32,128,32,32,ws,1923.0,57.72266065388951,12,1148179.0,True,True,
pubmed_deepres28_w128,17,0,P3_COST_AWARE,2,92,32,128,32,32,ws,1635.0,49.52893674293405,12,1148179.0,True,True,
pubmed_deepres28_w128,17,0,P3_COST_AWARE,0,128,32,128,32,32,ws,1923.0,57.72266065388951,12,1148179.0,True,True,
pubmed_deepres28_w128,17,0,P3_COST_AWARE,2,115,32,128,32,32,ws,1819.0,55.08982035928144,12,1148179.0,True,True,
pubmed_deepres28_w128,17,0,P3_COST_AWARE,0,128,32,128,32,32,ws,1923.0,57.72266065388951,12,1148179.0,True,True,
pubmed_deepres28_w128,17,0,P3_COST_AWARE,2,116,32,128,32,32,ws,1827.0,55.30393325387366,12,1148179.0,True,True,
pubmed_deepres28_w128,17,0,P3_COST_AWARE,0,128,32,128,32,32,ws,1923.0,57.72266065388951,12,1148179.0,True,True,
pubmed_deepres28_w128,17,0,P3_COST_AWARE,1,104,32,128,32,32,ws,1731.0,52.59165613147914,12,1148179.0,True,True,
pubmed_deepres28_w128,17,0,P3_COST_AWARE,0,127,32,128,32,32,ws,1915.0,57.53114382785957,12,1148179.0,True,True,
pubmed_deepres28_w128,17,0,P3_COST_AWARE,1,96,32,128,32,32,ws,1667.0,50.59288537549407,12,1148179.0,True,True,
pubmed_deepres28_w128,17,0,P3_COST_AWARE,0,127,32,128,32,32,ws,1915.0,57.53114382785957,12,1148179.0,True,True,
pubmed_deepres28_w128,17,0,P3_COST_AWARE,1,127,32,128,32,32,ws,1915.0,57.53114382785957,12,1148179.0,True,True,
pubmed_deepres28_w128,17,0,P3_COST_AWARE,0,128,32,128,32,32,ws,1923.0,57.72266065388951,12,1148179.0,True,True,
pubmed_deepres28_w128,17,0,P3_COST_AWARE,1,118,32,128,32,32,ws,1843.0,55.72609208972845,12,1148179.0,True,True,
pubmed_deepres28_w128,17,0,P3_COST_AWARE,0,128,32,128,32,32,ws,1923.0,57.72266065388951,12,1148179.0,True,True,
pubmed_deepres28_w128,17,0,P3_COST_AWARE,1,122,32,128,32,32,ws,1875.0,56.54692931633836,12,1148179.0,True,True,
pubmed_deepres28_w128,17,0,P3_COST_AWARE,0,128,32,128,32,32,ws,1923.0,57.72266065388951,12,1148179.0,True,True,
pubmed_deepres28_w128,17,0,P3_COST_AWARE,1,124,32,128,32,32,ws,1891.0,56.94603903559128,12,1148179.0,True,True,
pubmed_deepres28_w128,17,0,P3_COST_AWARE,0,128,32,128,32,32,ws,1923.0,57.72266065388951,12,1148179.0,True,True,
pubmed_deepres28_w128,17,0,P3_COST_AWARE,1,110,32,128,32,32,ws,1779.0,53.987730061349694,12,1148179.0,True,True,
pubmed_deepres28_w128,17,0,P3_COST_AWARE,0,128,32,128,32,32,ws,1923.0,57.72266065388951,12,1148179.0,True,True,
pubmed_deepres28_w128,17,0,P3_COST_AWARE,1,118,32,128,32,32,ws,1843.0,55.72609208972845,12,1148179.0,True,True,
pubmed_deepres28_w128,17,0,P3_COST_AWARE,0,128,32,128,32,32,ws,1923.0,57.72266065388951,12,1148179.0,True,True,
pubmed_deepres28_w128,17,0,P3_COST_AWARE,0,128,32,128,32,32,ws,1923.0,57.72266065388951,12,1148179.0,True,True,
pubmed_deepres28_w128,17,0,P3_COST_AWARE,1,124,32,128,32,32,ws,1891.0,56.94603903559128,12,1148179.0,True,True,
pubmed_deepres28_w128,17,0,P3_COST_AWARE,0,127,32,128,32,32,ws,1915.0,57.53114382785957,12,1148179.0,True,True,
pubmed_deepres28_w128,17,0,P3_COST_AWARE,1,121,32,128,32,32,ws,1867.0,56.344586728754365,12,1148179.0,True,True,
pubmed_deepres28_w128,17,0,P3_COST_AWARE,1,121,32,128,32,32,ws,1867.0,56.344586728754365,12,1148179.0,True,True,
pubmed_deepres28_w128,17,0,P3_COST_AWARE,0,127,32,128,32,32,ws,1915.0,57.53114382785957,12,1148179.0,True,True,
pubmed_deepres28_w128,17,0,P3_COST_AWARE,1,128,32,128,32,32,ws,1923.0,57.72266065388951,12,1148179.0,True,True,
pubmed_deepres28_w128,17,0,P3_COST_AWARE,1,128,32,128,32,32,ws,1923.0,57.72266065388951,12,1148179.0,True,True,
pubmed_deepres28_w128,17,0,P3_COST_AWARE,0,127,32,128,32,32,ws,1915.0,57.53114382785957,12,1148179.0,True,True,
pubmed_deepres28_w128,17,0,P3_COST_AWARE,1,75,32,128,32,32,ws,1499.0,44.44444444444444,12,1148179.0,True,True,
pubmed_deepres28_w128,17,0,P3_COST_AWARE,2,66,32,128,32,32,ws,1427.0,41.31455399061033,12,1148179.0,True,True,
pubmed_deepres28_w128,17,0,P3_COST_AWARE,0,128,32,128,32,32,ws,1923.0,57.72266065388951,12,1148179.0,True,True,
pubmed_deepres28_w128,17,0,P3_COST_AWARE,2,86,32,128,32,32,ws,1587.0,47.8442280945758,12,1148179.0,True,True,
pubmed_deepres28_w128,17,0,P3_COST_AWARE,0,127,32,128,32,32,ws,1915.0,57.53114382785957,12,1148179.0,True,True,
pubmed_deepres28_w128,17,0,P3_COST_AWARE,1,82,32,128,32,32,ws,1555.0,46.65718349928876,12,1148179.0,True,True,
pubmed_deepres28_w128,17,0,P3_COST_AWARE,2,77,32,128,32,32,ws,1515.0,45.095168374816986,12,1148179.0,True,True,
pubmed_deepres28_w128,17,0,P3_COST_AWARE,0,128,32,128,32,32,ws,1923.0,57.72266065388951,12,1148179.0,True,True,
pubmed_deepres28_w128,17,0,P3_COST_AWARE,1,120,32,128,32,32,ws,1859.0,56.14035087719298,12,1148179.0,True,True,
pubmed_deepres28_w128,17,0,P3_COST_AWARE,0,127,32,128,32,32,ws,1915.0,57.53114382785957,12,1148179.0,True,True,
pubmed_deepres28_w128,17,0,P3_COST_AWARE,1,86,32,128,32,32,ws,1587.0,47.8442280945758,12,1148179.0,True,True,
pubmed_deepres28_w128,17,0,P3_COST_AWARE,0,127,32,128,32,32,ws,1915.0,57.53114382785957,12,1148179.0,True,True,
pubmed_deepres28_w128,17,0,P3_COST_AWARE,1,92,32,128,32,32,ws,1635.0,49.52893674293405,12,1148179.0,True,True,
