/home/rishabh/HPCA2/mosaic_delta_phase1/.scalesim-python -m mosaic_validation.scalesim_smoke_runner -c /home/rishabh/HPCA2/mosaic_delta_phase1/artifacts_phase3a/scalesim/array_8/scale.cfg -t /home/rishabh/HPCA2/mosaic_delta_phase1/artifacts_phase3a/scalesim/array_8/topology.csv -l /home/rishabh/HPCA2/mosaic_delta_phase1/artifacts_phase3a/scalesim/array_8/layout.csv -p /home/rishabh/HPCA2/mosaic_delta_phase1/artifacts_phase3a/scalesim/array_8/reports
====================================================
******************* SCALE SIM **********************
====================================================
Array Size: 	8x8
SRAM IFMAP (kB): 	256
SRAM Filter (kB): 	256
SRAM OFMAP (kB): 	256
Dataflow: 	Weight Stationary
topology file path: 	/home/rishabh/HPCA2/mosaic_delta_phase1/artifacts_phase3a/scalesim/array_8/topology.csv
layout file path: 	/home/rishabh/HPCA2/mosaic_delta_phase1/artifacts_phase3a/scalesim/array_8/layout.csv
Working in ESTIMATE BANDWIDTH mode.
====================================================

Running Layer 0
Total cycles: 2059
Compute cycles: 1471
Stall cycles: 0
Overall utilization: 4.35%
Mapping efficiency: 100.00%
Average IFMAP SRAM BW: 0.348 words/cycle
Average Filter SRAM BW: 2.785 words/cycle
Average OFMAP SRAM BW: 0.348 words/cycle
Average IFMAP DRAM BW: 0.243 words/cycle
Average Filter DRAM BW: 7.802 words/cycle
Average OFMAP DRAM BW: 8.000 words/cycle

Running Layer 1
Total cycles: 7977
Compute cycles: 5887
Stall cycles: 0
Overall utilization: 4.35%
Mapping efficiency: 100.00%
Average IFMAP SRAM BW: 0.348 words/cycle
Average Filter SRAM BW: 2.783 words/cycle
Average OFMAP SRAM BW: 0.348 words/cycle
Average IFMAP DRAM BW: 0.487 words/cycle
Average Filter DRAM BW: 8.929 words/cycle
Average OFMAP DRAM BW: 8.000 words/cycle

Running Layer 2
Total cycles: 2187
Compute cycles: 1535
Stall cycles: 0
Overall utilization: 8.34%
Mapping efficiency: 100.00%
Average IFMAP SRAM BW: 0.667 words/cycle
Average Filter SRAM BW: 2.668 words/cycle
Average OFMAP SRAM BW: 0.667 words/cycle
Average IFMAP DRAM BW: 0.487 words/cycle
Average Filter DRAM BW: 7.802 words/cycle
Average OFMAP DRAM BW: 8.000 words/cycle

Running Layer 3
Total cycles: 8489
Compute cycles: 6143
Stall cycles: 0
Overall utilization: 8.33%
Mapping efficiency: 100.00%
Average IFMAP SRAM BW: 0.667 words/cycle
Average Filter SRAM BW: 2.667 words/cycle
Average OFMAP SRAM BW: 0.667 words/cycle
Average IFMAP DRAM BW: 0.973 words/cycle
Average Filter DRAM BW: 8.929 words/cycle
Average OFMAP DRAM BW: 8.000 words/cycle

Running Layer 4
Total cycles: 2315
Compute cycles: 1599
Stall cycles: 0
Overall utilization: 12.01%
Mapping efficiency: 100.00%
Average IFMAP SRAM BW: 0.961 words/cycle
Average Filter SRAM BW: 2.562 words/cycle
Average OFMAP SRAM BW: 0.961 words/cycle
Average IFMAP DRAM BW: 0.730 words/cycle
Average Filter DRAM BW: 7.802 words/cycle
Average OFMAP DRAM BW: 8.000 words/cycle

Running Layer 5
Total cycles: 9001
Compute cycles: 6399
Stall cycles: 0
Overall utilization: 12.00%
Mapping efficiency: 100.00%
Average IFMAP SRAM BW: 0.960 words/cycle
Average Filter SRAM BW: 2.560 words/cycle
Average OFMAP SRAM BW: 0.960 words/cycle
Average IFMAP DRAM BW: 1.460 words/cycle
Average Filter DRAM BW: 8.929 words/cycle
Average OFMAP DRAM BW: 8.000 words/cycle

Running Layer 6
Total cycles: 2443
Compute cycles: 1663
Stall cycles: 0
Overall utilization: 15.39%
Mapping efficiency: 100.00%
Average IFMAP SRAM BW: 1.232 words/cycle
Average Filter SRAM BW: 2.463 words/cycle
Average OFMAP SRAM BW: 1.232 words/cycle
Average IFMAP DRAM BW: 0.973 words/cycle
Average Filter DRAM BW: 7.802 words/cycle
Average OFMAP DRAM BW: 8.000 words/cycle

Running Layer 7
Total cycles: 9513
Compute cycles: 6655
Stall cycles: 0
Overall utilization: 15.39%
Mapping efficiency: 100.00%
Average IFMAP SRAM BW: 1.231 words/cycle
Average Filter SRAM BW: 2.462 words/cycle
Average OFMAP SRAM BW: 1.231 words/cycle
Average IFMAP DRAM BW: 1.947 words/cycle
Average Filter DRAM BW: 8.929 words/cycle
Average OFMAP DRAM BW: 8.000 words/cycle

Running Layer 8
Total cycles: 2571
Compute cycles: 1727
Stall cycles: 0
Overall utilization: 18.53%
Mapping efficiency: 100.00%
Average IFMAP SRAM BW: 1.482 words/cycle
Average Filter SRAM BW: 2.372 words/cycle
Average OFMAP SRAM BW: 1.482 words/cycle
Average IFMAP DRAM BW: 1.217 words/cycle
Average Filter DRAM BW: 7.802 words/cycle
Average OFMAP DRAM BW: 8.000 words/cycle

Running Layer 9
Total cycles: 10025
Compute cycles: 6911
Stall cycles: 0
Overall utilization: 18.52%
Mapping efficiency: 100.00%
Average IFMAP SRAM BW: 1.482 words/cycle
Average Filter SRAM BW: 2.371 words/cycle
Average OFMAP SRAM BW: 1.482 words/cycle
Average IFMAP DRAM BW: 2.433 words/cycle
Average Filter DRAM BW: 8.929 words/cycle
Average OFMAP DRAM BW: 8.000 words/cycle

Running Layer 10
Total cycles: 2699
Compute cycles: 1791
Stall cycles: 0
Overall utilization: 21.44%
Mapping efficiency: 100.00%
Average IFMAP SRAM BW: 1.715 words/cycle
Average Filter SRAM BW: 2.287 words/cycle
Average OFMAP SRAM BW: 1.715 words/cycle
Average IFMAP DRAM BW: 1.460 words/cycle
Average Filter DRAM BW: 7.802 words/cycle
Average OFMAP DRAM BW: 8.000 words/cycle

Running Layer 11
Total cycles: 10537
Compute cycles: 7167
Stall cycles: 0
Overall utilization: 21.43%
Mapping efficiency: 100.00%
Average IFMAP SRAM BW: 1.715 words/cycle
Average Filter SRAM BW: 2.286 words/cycle
Average OFMAP SRAM BW: 1.715 words/cycle
Average IFMAP DRAM BW: 2.920 words/cycle
Average Filter DRAM BW: 8.929 words/cycle
Average OFMAP DRAM BW: 8.000 words/cycle

Running Layer 12
Total cycles: 2827
Compute cycles: 1855
Stall cycles: 0
Overall utilization: 24.15%
Mapping efficiency: 100.00%
Average IFMAP SRAM BW: 1.932 words/cycle
Average Filter SRAM BW: 2.208 words/cycle
Average OFMAP SRAM BW: 1.932 words/cycle
Average IFMAP DRAM BW: 1.703 words/cycle
Average Filter DRAM BW: 7.802 words/cycle
Average OFMAP DRAM BW: 8.000 words/cycle

Running Layer 13
Total cycles: 11049
Compute cycles: 7423
Stall cycles: 0
Overall utilization: 24.14%
Mapping efficiency: 100.00%
Average IFMAP SRAM BW: 1.931 words/cycle
Average Filter SRAM BW: 2.207 words/cycle
Average OFMAP SRAM BW: 1.931 words/cycle
Average IFMAP DRAM BW: 3.407 words/cycle
Average Filter DRAM BW: 8.929 words/cycle
Average OFMAP DRAM BW: 8.000 words/cycle

Running Layer 14
Total cycles: 2955
Compute cycles: 1919
Stall cycles: 0
Overall utilization: 26.68%
Mapping efficiency: 100.00%
Average IFMAP SRAM BW: 2.134 words/cycle
Average Filter SRAM BW: 2.134 words/cycle
Average OFMAP SRAM BW: 2.134 words/cycle
Average IFMAP DRAM BW: 1.947 words/cycle
Average Filter DRAM BW: 7.802 words/cycle
Average OFMAP DRAM BW: 8.000 words/cycle

Running Layer 15
Total cycles: 11561
Compute cycles: 7679
Stall cycles: 0
Overall utilization: 26.67%
Mapping efficiency: 100.00%
Average IFMAP SRAM BW: 2.134 words/cycle
Average Filter SRAM BW: 2.134 words/cycle
Average OFMAP SRAM BW: 2.134 words/cycle
Average IFMAP DRAM BW: 3.894 words/cycle
Average Filter DRAM BW: 8.929 words/cycle
Average OFMAP DRAM BW: 8.000 words/cycle

Running Layer 16
Total cycles: 3083
Compute cycles: 1983
Stall cycles: 0
Overall utilization: 29.05%
Mapping efficiency: 100.00%
Average IFMAP SRAM BW: 2.324 words/cycle
Average Filter SRAM BW: 2.066 words/cycle
Average OFMAP SRAM BW: 2.324 words/cycle
Average IFMAP DRAM BW: 2.190 words/cycle
Average Filter DRAM BW: 7.802 words/cycle
Average OFMAP DRAM BW: 8.000 words/cycle

Running Layer 17
Total cycles: 12073
Compute cycles: 7935
Stall cycles: 0
Overall utilization: 29.04%
Mapping efficiency: 100.00%
Average IFMAP SRAM BW: 2.323 words/cycle
Average Filter SRAM BW: 2.065 words/cycle
Average OFMAP SRAM BW: 2.323 words/cycle
Average IFMAP DRAM BW: 4.380 words/cycle
Average Filter DRAM BW: 8.929 words/cycle
Average OFMAP DRAM BW: 8.000 words/cycle

Running Layer 18
Total cycles: 3211
Compute cycles: 2047
Stall cycles: 0
Overall utilization: 31.27%
Mapping efficiency: 100.00%
Average IFMAP SRAM BW: 2.501 words/cycle
Average Filter SRAM BW: 2.001 words/cycle
Average OFMAP SRAM BW: 2.501 words/cycle
Average IFMAP DRAM BW: 2.433 words/cycle
Average Filter DRAM BW: 7.802 words/cycle
Average OFMAP DRAM BW: 8.000 words/cycle

Running Layer 19
Total cycles: 12585
Compute cycles: 8191
Stall cycles: 0
Overall utilization: 31.25%
Mapping efficiency: 100.00%
Average IFMAP SRAM BW: 2.500 words/cycle
Average Filter SRAM BW: 2.000 words/cycle
Average OFMAP SRAM BW: 2.500 words/cycle
Average IFMAP DRAM BW: 4.867 words/cycle
Average Filter DRAM BW: 8.929 words/cycle
Average OFMAP DRAM BW: 8.000 words/cycle

Running Layer 20
Total cycles: 3339
Compute cycles: 2111
Stall cycles: 0
Overall utilization: 33.35%
Mapping efficiency: 100.00%
Average IFMAP SRAM BW: 2.668 words/cycle
Average Filter SRAM BW: 1.940 words/cycle
Average OFMAP SRAM BW: 2.668 words/cycle
Average IFMAP DRAM BW: 2.677 words/cycle
Average Filter DRAM BW: 7.802 words/cycle
Average OFMAP DRAM BW: 8.000 words/cycle

Running Layer 21
Total cycles: 13097
Compute cycles: 8447
Stall cycles: 0
Overall utilization: 33.34%
Mapping efficiency: 100.00%
Average IFMAP SRAM BW: 2.667 words/cycle
Average Filter SRAM BW: 1.940 words/cycle
Average OFMAP SRAM BW: 2.667 words/cycle
Average IFMAP DRAM BW: 5.354 words/cycle
Average Filter DRAM BW: 8.929 words/cycle
Average OFMAP DRAM BW: 8.000 words/cycle

Running Layer 22
Total cycles: 3467
Compute cycles: 2175
Stall cycles: 0
Overall utilization: 35.31%
Mapping efficiency: 100.00%
Average IFMAP SRAM BW: 2.825 words/cycle
Average Filter SRAM BW: 1.883 words/cycle
Average OFMAP SRAM BW: 2.825 words/cycle
Average IFMAP DRAM BW: 2.920 words/cycle
Average Filter DRAM BW: 7.802 words/cycle
Average OFMAP DRAM BW: 8.000 words/cycle

Running Layer 23
Total cycles: 13609
Compute cycles: 8703
Stall cycles: 0
Overall utilization: 35.30%
Mapping efficiency: 100.00%
Average IFMAP SRAM BW: 2.824 words/cycle
Average Filter SRAM BW: 1.883 words/cycle
Average OFMAP SRAM BW: 2.824 words/cycle
Average IFMAP DRAM BW: 5.840 words/cycle
Average Filter DRAM BW: 8.929 words/cycle
Average OFMAP DRAM BW: 8.000 words/cycle

Running Layer 24
Total cycles: 3595
Compute cycles: 2239
Stall cycles: 0
Overall utilization: 37.16%
Mapping efficiency: 100.00%
Average IFMAP SRAM BW: 2.973 words/cycle
Average Filter SRAM BW: 1.829 words/cycle
Average OFMAP SRAM BW: 2.973 words/cycle
Average IFMAP DRAM BW: 3.163 words/cycle
Average Filter DRAM BW: 7.802 words/cycle
Average OFMAP DRAM BW: 8.000 words/cycle

Running Layer 25
Total cycles: 14121
Compute cycles: 8959
Stall cycles: 0
Overall utilization: 37.15%
Mapping efficiency: 100.00%
Average IFMAP SRAM BW: 2.972 words/cycle
Average Filter SRAM BW: 1.829 words/cycle
Average OFMAP SRAM BW: 2.972 words/cycle
Average IFMAP DRAM BW: 6.327 words/cycle
Average Filter DRAM BW: 8.929 words/cycle
Average OFMAP DRAM BW: 8.000 words/cycle

Running Layer 26
Total cycles: 3723
Compute cycles: 2303
Stall cycles: 0
Overall utilization: 38.91%
Mapping efficiency: 100.00%
Average IFMAP SRAM BW: 3.112 words/cycle
Average Filter SRAM BW: 1.779 words/cycle
Average OFMAP SRAM BW: 3.112 words/cycle
Average IFMAP DRAM BW: 3.407 words/cycle
Average Filter DRAM BW: 7.802 words/cycle
Average OFMAP DRAM BW: 8.000 words/cycle

Running Layer 27
Total cycles: 14633
Compute cycles: 9215
Stall cycles: 0
Overall utilization: 38.89%
Mapping efficiency: 100.00%
Average IFMAP SRAM BW: 3.111 words/cycle
Average Filter SRAM BW: 1.778 words/cycle
Average OFMAP SRAM BW: 3.111 words/cycle
Average IFMAP DRAM BW: 6.814 words/cycle
Average Filter DRAM BW: 8.929 words/cycle
Average OFMAP DRAM BW: 8.000 words/cycle

Running Layer 28
Total cycles: 3851
Compute cycles: 2367
Stall cycles: 0
Overall utilization: 40.56%
Mapping efficiency: 100.00%
Average IFMAP SRAM BW: 3.245 words/cycle
Average Filter SRAM BW: 1.730 words/cycle
Average OFMAP SRAM BW: 3.245 words/cycle
Average IFMAP DRAM BW: 3.650 words/cycle
Average Filter DRAM BW: 7.802 words/cycle
Average OFMAP DRAM BW: 8.000 words/cycle

Running Layer 29
Total cycles: 15145
Compute cycles: 9471
Stall cycles: 0
Overall utilization: 40.54%
Mapping efficiency: 100.00%
Average IFMAP SRAM BW: 3.244 words/cycle
Average Filter SRAM BW: 1.730 words/cycle
Average OFMAP SRAM BW: 3.244 words/cycle
Average IFMAP DRAM BW: 7.300 words/cycle
Average Filter DRAM BW: 8.929 words/cycle
Average OFMAP DRAM BW: 8.000 words/cycle

Running Layer 30
Total cycles: 3979
Compute cycles: 2431
Stall cycles: 0
Overall utilization: 42.12%
Mapping efficiency: 100.00%
Average IFMAP SRAM BW: 3.370 words/cycle
Average Filter SRAM BW: 1.685 words/cycle
Average OFMAP SRAM BW: 3.370 words/cycle
Average IFMAP DRAM BW: 3.894 words/cycle
Average Filter DRAM BW: 7.802 words/cycle
Average OFMAP DRAM BW: 8.000 words/cycle

Running Layer 31
Total cycles: 15657
Compute cycles: 9727
Stall cycles: 0
Overall utilization: 42.11%
Mapping efficiency: 100.00%
Average IFMAP SRAM BW: 3.369 words/cycle
Average Filter SRAM BW: 1.684 words/cycle
Average OFMAP SRAM BW: 3.369 words/cycle
Average IFMAP DRAM BW: 7.787 words/cycle
Average Filter DRAM BW: 8.929 words/cycle
Average OFMAP DRAM BW: 8.000 words/cycle

Running Layer 32
Total cycles: 4107
Compute cycles: 2495
Stall cycles: 0
Overall utilization: 43.61%
Mapping efficiency: 100.00%
Average IFMAP SRAM BW: 3.489 words/cycle
Average Filter SRAM BW: 1.642 words/cycle
Average OFMAP SRAM BW: 3.489 words/cycle
Average IFMAP DRAM BW: 4.137 words/cycle
Average Filter DRAM BW: 7.802 words/cycle
Average OFMAP DRAM BW: 8.000 words/cycle

Running Layer 33
Total cycles: 16169
Compute cycles: 9983
Stall cycles: 0
Overall utilization: 43.59%
Mapping efficiency: 100.00%
Average IFMAP SRAM BW: 3.488 words/cycle
Average Filter SRAM BW: 1.641 words/cycle
Average OFMAP SRAM BW: 3.488 words/cycle
Average IFMAP DRAM BW: 8.274 words/cycle
Average Filter DRAM BW: 8.929 words/cycle
Average OFMAP DRAM BW: 8.000 words/cycle

Running Layer 34
Total cycles: 4235
Compute cycles: 2559
Stall cycles: 0
Overall utilization: 45.02%
Mapping efficiency: 100.00%
Average IFMAP SRAM BW: 3.601 words/cycle
Average Filter SRAM BW: 1.601 words/cycle
Average OFMAP SRAM BW: 3.601 words/cycle
Average IFMAP DRAM BW: 4.380 words/cycle
Average Filter DRAM BW: 7.802 words/cycle
Average OFMAP DRAM BW: 8.000 words/cycle

Running Layer 35
Total cycles: 16681
Compute cycles: 10239
Stall cycles: 0
Overall utilization: 45.00%
Mapping efficiency: 100.00%
Average IFMAP SRAM BW: 3.600 words/cycle
Average Filter SRAM BW: 1.600 words/cycle
Average OFMAP SRAM BW: 3.600 words/cycle
Average IFMAP DRAM BW: 8.760 words/cycle
Average Filter DRAM BW: 8.929 words/cycle
Average OFMAP DRAM BW: 8.000 words/cycle

Running Layer 36
Total cycles: 4363
Compute cycles: 2623
Stall cycles: 0
Overall utilization: 46.36%
Mapping efficiency: 100.00%
Average IFMAP SRAM BW: 3.709 words/cycle
Average Filter SRAM BW: 1.562 words/cycle
Average OFMAP SRAM BW: 3.709 words/cycle
Average IFMAP DRAM BW: 4.624 words/cycle
Average Filter DRAM BW: 7.802 words/cycle
Average OFMAP DRAM BW: 8.000 words/cycle

Running Layer 37
Total cycles: 17193
Compute cycles: 10495
Stall cycles: 0
Overall utilization: 46.35%
Mapping efficiency: 100.00%
Average IFMAP SRAM BW: 3.708 words/cycle
Average Filter SRAM BW: 1.561 words/cycle
Average OFMAP SRAM BW: 3.708 words/cycle
Average IFMAP DRAM BW: 9.247 words/cycle
Average Filter DRAM BW: 8.929 words/cycle
Average OFMAP DRAM BW: 8.000 words/cycle

Running Layer 38
Total cycles: 2245
Compute cycles: 1343
Stall cycles: 0
Overall utilization: 47.65%
Mapping efficiency: 100.00%
Average IFMAP SRAM BW: 3.812 words/cycle
Average Filter SRAM BW: 1.525 words/cycle
Average OFMAP SRAM BW: 3.812 words/cycle
Average IFMAP DRAM BW: 2.433 words/cycle
Average Filter DRAM BW: 7.787 words/cycle
Average OFMAP DRAM BW: 8.000 words/cycle

Running Layer 39
Total cycles: 4491
Compute cycles: 2687
Stall cycles: 0
Overall utilization: 47.64%
Mapping efficiency: 100.00%
Average IFMAP SRAM BW: 3.811 words/cycle
Average Filter SRAM BW: 1.524 words/cycle
Average OFMAP SRAM BW: 3.811 words/cycle
Average IFMAP DRAM BW: 4.867 words/cycle
Average Filter DRAM BW: 7.802 words/cycle
Average OFMAP DRAM BW: 8.000 words/cycle

Running Layer 40
Total cycles: 17705
Compute cycles: 10751
Stall cycles: 0
Overall utilization: 47.62%
Mapping efficiency: 100.00%
Average IFMAP SRAM BW: 3.810 words/cycle
Average Filter SRAM BW: 1.524 words/cycle
Average OFMAP SRAM BW: 3.810 words/cycle
Average IFMAP DRAM BW: 9.734 words/cycle
Average Filter DRAM BW: 8.929 words/cycle
Average OFMAP DRAM BW: 8.000 words/cycle

Running Layer 41
Total cycles: 4619
Compute cycles: 2751
Stall cycles: 0
Overall utilization: 48.85%
Mapping efficiency: 100.00%
Average IFMAP SRAM BW: 3.908 words/cycle
Average Filter SRAM BW: 1.489 words/cycle
Average OFMAP SRAM BW: 3.908 words/cycle
Average IFMAP DRAM BW: 5.110 words/cycle
Average Filter DRAM BW: 7.802 words/cycle
Average OFMAP DRAM BW: 8.000 words/cycle

Running Layer 42
Total cycles: 18217
Compute cycles: 11007
Stall cycles: 0
Overall utilization: 48.84%
Mapping efficiency: 100.00%
Average IFMAP SRAM BW: 3.907 words/cycle
Average Filter SRAM BW: 1.489 words/cycle
Average OFMAP SRAM BW: 3.907 words/cycle
Average IFMAP DRAM BW: 5.120 words/cycle
Average Filter DRAM BW: 8.929 words/cycle
Average OFMAP DRAM BW: 8.000 words/cycle

Running Layer 43
Total cycles: 4747
Compute cycles: 2815
Stall cycles: 0
Overall utilization: 50.02%
Mapping efficiency: 100.00%
Average IFMAP SRAM BW: 4.001 words/cycle
Average Filter SRAM BW: 1.455 words/cycle
Average OFMAP SRAM BW: 4.001 words/cycle
Average IFMAP DRAM BW: 5.354 words/cycle
Average Filter DRAM BW: 7.802 words/cycle
Average OFMAP DRAM BW: 8.000 words/cycle

Running Layer 44
Total cycles: 18729
Compute cycles: 11263
Stall cycles: 0
Overall utilization: 50.00%
Mapping efficiency: 100.00%
Average IFMAP SRAM BW: 4.000 words/cycle
Average Filter SRAM BW: 1.455 words/cycle
Average OFMAP SRAM BW: 4.000 words/cycle
Average IFMAP DRAM BW: 5.364 words/cycle
Average Filter DRAM BW: 8.929 words/cycle
Average OFMAP DRAM BW: 8.000 words/cycle

Running Layer 45
Total cycles: 4875
Compute cycles: 2879
Stall cycles: 0
Overall utilization: 51.13%
Mapping efficiency: 100.00%
Average IFMAP SRAM BW: 4.090 words/cycle
Average Filter SRAM BW: 1.423 words/cycle
Average OFMAP SRAM BW: 4.090 words/cycle
Average IFMAP DRAM BW: 5.597 words/cycle
Average Filter DRAM BW: 7.802 words/cycle
Average OFMAP DRAM BW: 8.000 words/cycle

Running Layer 46
Total cycles: 19241
Compute cycles: 11519
Stall cycles: 0
Overall utilization: 51.12%
Mapping efficiency: 100.00%
Average IFMAP SRAM BW: 4.089 words/cycle
Average Filter SRAM BW: 1.422 words/cycle
Average OFMAP SRAM BW: 4.089 words/cycle
Average IFMAP DRAM BW: 5.608 words/cycle
Average Filter DRAM BW: 8.929 words/cycle
Average OFMAP DRAM BW: 8.000 words/cycle

Running Layer 47
Total cycles: 5003
Compute cycles: 2943
Stall cycles: 0
Overall utilization: 52.19%
Mapping efficiency: 100.00%
Average IFMAP SRAM BW: 4.175 words/cycle
Average Filter SRAM BW: 1.392 words/cycle
Average OFMAP SRAM BW: 4.175 words/cycle
Average IFMAP DRAM BW: 5.840 words/cycle
Average Filter DRAM BW: 7.802 words/cycle
Average OFMAP DRAM BW: 8.000 words/cycle

Running Layer 48
Total cycles: 19753
Compute cycles: 11775
Stall cycles: 0
Overall utilization: 52.18%
Mapping efficiency: 100.00%
Average IFMAP SRAM BW: 4.174 words/cycle
Average Filter SRAM BW: 1.391 words/cycle
Average OFMAP SRAM BW: 4.174 words/cycle
Average IFMAP DRAM BW: 5.851 words/cycle
Average Filter DRAM BW: 8.929 words/cycle
Average OFMAP DRAM BW: 8.000 words/cycle

Running Layer 49
Total cycles: 5131
Compute cycles: 3007
Stall cycles: 0
Overall utilization: 53.21%
Mapping efficiency: 100.00%
Average IFMAP SRAM BW: 4.257 words/cycle
Average Filter SRAM BW: 1.362 words/cycle
Average OFMAP SRAM BW: 4.257 words/cycle
Average IFMAP DRAM BW: 6.084 words/cycle
Average Filter DRAM BW: 7.802 words/cycle
Average OFMAP DRAM BW: 8.000 words/cycle

Running Layer 50
Total cycles: 20265
Compute cycles: 12031
Stall cycles: 0
Overall utilization: 53.20%
Mapping efficiency: 100.00%
Average IFMAP SRAM BW: 4.256 words/cycle
Average Filter SRAM BW: 1.362 words/cycle
Average OFMAP SRAM BW: 4.256 words/cycle
Average IFMAP DRAM BW: 6.095 words/cycle
Average Filter DRAM BW: 8.929 words/cycle
Average OFMAP DRAM BW: 8.000 words/cycle

Running Layer 51
Total cycles: 5259
Compute cycles: 3071
Stall cycles: 0
Overall utilization: 54.18%
Mapping efficiency: 100.00%
Average IFMAP SRAM BW: 4.335 words/cycle
Average Filter SRAM BW: 1.334 words/cycle
Average OFMAP SRAM BW: 4.335 words/cycle
Average IFMAP DRAM BW: 6.327 words/cycle
Average Filter DRAM BW: 7.802 words/cycle
Average OFMAP DRAM BW: 8.000 words/cycle

Running Layer 52
Total cycles: 20777
Compute cycles: 12287
Stall cycles: 0
Overall utilization: 54.17%
Mapping efficiency: 100.00%
Average IFMAP SRAM BW: 4.334 words/cycle
Average Filter SRAM BW: 1.333 words/cycle
Average OFMAP SRAM BW: 4.334 words/cycle
Average IFMAP DRAM BW: 6.339 words/cycle
Average Filter DRAM BW: 8.929 words/cycle
Average OFMAP DRAM BW: 8.000 words/cycle

Running Layer 53
Total cycles: 5387
Compute cycles: 3135
Stall cycles: 0
Overall utilization: 55.12%
Mapping efficiency: 100.00%
Average IFMAP SRAM BW: 4.410 words/cycle
Average Filter SRAM BW: 1.307 words/cycle
Average OFMAP SRAM BW: 4.410 words/cycle
Average IFMAP DRAM BW: 6.570 words/cycle
Average Filter DRAM BW: 7.802 words/cycle
Average OFMAP DRAM BW: 8.000 words/cycle

Running Layer 54
Total cycles: 21289
Compute cycles: 12543
Stall cycles: 0
Overall utilization: 55.11%
Mapping efficiency: 100.00%
Average IFMAP SRAM BW: 4.409 words/cycle
Average Filter SRAM BW: 1.306 words/cycle
Average OFMAP SRAM BW: 4.409 words/cycle
Average IFMAP DRAM BW: 6.583 words/cycle
Average Filter DRAM BW: 8.929 words/cycle
Average OFMAP DRAM BW: 8.000 words/cycle

Running Layer 55
Total cycles: 5515
Compute cycles: 3199
Stall cycles: 0
Overall utilization: 56.02%
Mapping efficiency: 100.00%
Average IFMAP SRAM BW: 4.481 words/cycle
Average Filter SRAM BW: 1.280 words/cycle
Average OFMAP SRAM BW: 4.481 words/cycle
Average IFMAP DRAM BW: 6.814 words/cycle
Average Filter DRAM BW: 7.802 words/cycle
Average OFMAP DRAM BW: 8.000 words/cycle

Running Layer 56
Total cycles: 21801
Compute cycles: 12799
Stall cycles: 0
Overall utilization: 56.00%
Mapping efficiency: 100.00%
Average IFMAP SRAM BW: 4.480 words/cycle
Average Filter SRAM BW: 1.280 words/cycle
Average OFMAP SRAM BW: 4.480 words/cycle
Average IFMAP DRAM BW: 6.827 words/cycle
Average Filter DRAM BW: 8.929 words/cycle
Average OFMAP DRAM BW: 8.000 words/cycle

Running Layer 57
Total cycles: 5643
Compute cycles: 3263
Stall cycles: 0
Overall utilization: 56.88%
Mapping efficiency: 100.00%
Average IFMAP SRAM BW: 4.550 words/cycle
Average Filter SRAM BW: 1.255 words/cycle
Average OFMAP SRAM BW: 4.550 words/cycle
Average IFMAP DRAM BW: 7.057 words/cycle
Average Filter DRAM BW: 7.802 words/cycle
Average OFMAP DRAM BW: 8.000 words/cycle

Running Layer 58
Total cycles: 22313
Compute cycles: 13055
Stall cycles: 0
Overall utilization: 56.87%
Mapping efficiency: 100.00%
Average IFMAP SRAM BW: 4.549 words/cycle
Average Filter SRAM BW: 1.255 words/cycle
Average OFMAP SRAM BW: 4.549 words/cycle
Average IFMAP DRAM BW: 7.070 words/cycle
Average Filter DRAM BW: 8.929 words/cycle
Average OFMAP DRAM BW: 8.000 words/cycle

Running Layer 59
Total cycles: 5771
Compute cycles: 3327
Stall cycles: 0
Overall utilization: 57.71%
Mapping efficiency: 100.00%
Average IFMAP SRAM BW: 4.617 words/cycle
Average Filter SRAM BW: 1.231 words/cycle
Average OFMAP SRAM BW: 4.617 words/cycle
Average IFMAP DRAM BW: 7.300 words/cycle
Average Filter DRAM BW: 7.802 words/cycle
Average OFMAP DRAM BW: 8.000 words/cycle

Running Layer 60
Total cycles: 22825
Compute cycles: 13311
Stall cycles: 0
Overall utilization: 57.70%
Mapping efficiency: 100.00%
Average IFMAP SRAM BW: 4.616 words/cycle
Average Filter SRAM BW: 1.231 words/cycle
Average OFMAP SRAM BW: 4.616 words/cycle
Average IFMAP DRAM BW: 7.314 words/cycle
Average Filter DRAM BW: 8.929 words/cycle
Average OFMAP DRAM BW: 8.000 words/cycle

Running Layer 61
Total cycles: 5899
Compute cycles: 3391
Stall cycles: 0
Overall utilization: 58.51%
Mapping efficiency: 100.00%
Average IFMAP SRAM BW: 4.681 words/cycle
Average Filter SRAM BW: 1.208 words/cycle
Average OFMAP SRAM BW: 4.681 words/cycle
Average IFMAP DRAM BW: 7.544 words/cycle
Average Filter DRAM BW: 7.802 words/cycle
Average OFMAP DRAM BW: 8.000 words/cycle

Running Layer 62
Total cycles: 23337
Compute cycles: 13567
Stall cycles: 0
Overall utilization: 58.49%
Mapping efficiency: 100.00%
Average IFMAP SRAM BW: 4.680 words/cycle
Average Filter SRAM BW: 1.208 words/cycle
Average OFMAP SRAM BW: 4.680 words/cycle
Average IFMAP DRAM BW: 7.558 words/cycle
Average Filter DRAM BW: 8.929 words/cycle
Average OFMAP DRAM BW: 8.000 words/cycle

Running Layer 63
Total cycles: 6027
Compute cycles: 3455
Stall cycles: 0
Overall utilization: 59.28%
Mapping efficiency: 100.00%
Average IFMAP SRAM BW: 4.742 words/cycle
Average Filter SRAM BW: 1.186 words/cycle
Average OFMAP SRAM BW: 4.742 words/cycle
Average IFMAP DRAM BW: 7.787 words/cycle
Average Filter DRAM BW: 7.802 words/cycle
Average OFMAP DRAM BW: 8.000 words/cycle

Running Layer 64
Total cycles: 23849
Compute cycles: 13823
Stall cycles: 0
Overall utilization: 59.26%
Mapping efficiency: 100.00%
Average IFMAP SRAM BW: 4.741 words/cycle
Average Filter SRAM BW: 1.185 words/cycle
Average OFMAP SRAM BW: 4.741 words/cycle
Average IFMAP DRAM BW: 7.802 words/cycle
Average Filter DRAM BW: 8.929 words/cycle
Average OFMAP DRAM BW: 8.000 words/cycle

Running Layer 65
Total cycles: 6155
Compute cycles: 3519
Stall cycles: 0
Overall utilization: 60.02%
Mapping efficiency: 100.00%
Average IFMAP SRAM BW: 4.801 words/cycle
Average Filter SRAM BW: 1.164 words/cycle
Average OFMAP SRAM BW: 4.801 words/cycle
Average IFMAP DRAM BW: 8.030 words/cycle
Average Filter DRAM BW: 7.802 words/cycle
Average OFMAP DRAM BW: 8.000 words/cycle

Running Layer 66
Total cycles: 24361
Compute cycles: 14079
Stall cycles: 0
Overall utilization: 60.00%
Mapping efficiency: 100.00%
Average IFMAP SRAM BW: 4.800 words/cycle
Average Filter SRAM BW: 1.164 words/cycle
Average OFMAP SRAM BW: 4.800 words/cycle
Average IFMAP DRAM BW: 8.046 words/cycle
Average Filter DRAM BW: 8.929 words/cycle
Average OFMAP DRAM BW: 8.000 words/cycle

Running Layer 67
Total cycles: 1701
Compute cycles: 895
Stall cycles: 0
Overall utilization: 60.78%
Mapping efficiency: 100.00%
Average IFMAP SRAM BW: 4.863 words/cycle
Average Filter SRAM BW: 1.144 words/cycle
Average OFMAP SRAM BW: 4.863 words/cycle
Average IFMAP DRAM BW: 2.068 words/cycle
Average Filter DRAM BW: 3.894 words/cycle
Average OFMAP DRAM BW: 8.000 words/cycle

Running Layer 68
Total cycles: 6283
Compute cycles: 3583
Stall cycles: 0
Overall utilization: 60.73%
Mapping efficiency: 100.00%
Average IFMAP SRAM BW: 4.858 words/cycle
Average Filter SRAM BW: 1.143 words/cycle
Average OFMAP SRAM BW: 4.858 words/cycle
Average IFMAP DRAM BW: 8.274 words/cycle
Average Filter DRAM BW: 7.802 words/cycle
Average OFMAP DRAM BW: 8.000 words/cycle

Running Layer 69
Total cycles: 24873
Compute cycles: 14335
Stall cycles: 0
Overall utilization: 60.72%
Mapping efficiency: 100.00%
Average IFMAP SRAM BW: 4.857 words/cycle
Average Filter SRAM BW: 1.143 words/cycle
Average OFMAP SRAM BW: 4.857 words/cycle
Average IFMAP DRAM BW: 8.290 words/cycle
Average Filter DRAM BW: 8.929 words/cycle
Average OFMAP DRAM BW: 8.000 words/cycle

Running Layer 70
Total cycles: 6411
Compute cycles: 3647
Stall cycles: 0
Overall utilization: 61.42%
Mapping efficiency: 100.00%
Average IFMAP SRAM BW: 4.914 words/cycle
Average Filter SRAM BW: 1.123 words/cycle
Average OFMAP SRAM BW: 4.914 words/cycle
Average IFMAP DRAM BW: 8.517 words/cycle
Average Filter DRAM BW: 7.802 words/cycle
Average OFMAP DRAM BW: 8.000 words/cycle

Running Layer 71
Total cycles: 25385
Compute cycles: 14591
Stall cycles: 0
Overall utilization: 61.41%
Mapping efficiency: 100.00%
Average IFMAP SRAM BW: 4.913 words/cycle
Average Filter SRAM BW: 1.123 words/cycle
Average OFMAP SRAM BW: 4.913 words/cycle
Average IFMAP DRAM BW: 8.533 words/cycle
Average Filter DRAM BW: 8.929 words/cycle
Average OFMAP DRAM BW: 8.000 words/cycle

Running Layer 72
Total cycles: 6539
Compute cycles: 3711
Stall cycles: 0
Overall utilization: 62.09%
Mapping efficiency: 100.00%
Average IFMAP SRAM BW: 4.967 words/cycle
Average Filter SRAM BW: 1.104 words/cycle
Average OFMAP SRAM BW: 4.967 words/cycle
Average IFMAP DRAM BW: 8.760 words/cycle
Average Filter DRAM BW: 7.802 words/cycle
Average OFMAP DRAM BW: 8.000 words/cycle

Running Layer 73
Total cycles: 25897
Compute cycles: 14847
Stall cycles: 0
Overall utilization: 62.07%
Mapping efficiency: 100.00%
Average IFMAP SRAM BW: 4.966 words/cycle
Average Filter SRAM BW: 1.104 words/cycle
Average OFMAP SRAM BW: 4.966 words/cycle
Average IFMAP DRAM BW: 8.777 words/cycle
Average Filter DRAM BW: 8.929 words/cycle
Average OFMAP DRAM BW: 8.000 words/cycle

Running Layer 74
Total cycles: 6667
Compute cycles: 3775
Stall cycles: 0
Overall utilization: 62.73%
Mapping efficiency: 100.00%
Average IFMAP SRAM BW: 5.018 words/cycle
Average Filter SRAM BW: 1.085 words/cycle
Average OFMAP SRAM BW: 5.018 words/cycle
Average IFMAP DRAM BW: 9.004 words/cycle
Average Filter DRAM BW: 7.802 words/cycle
Average OFMAP DRAM BW: 8.000 words/cycle

Running Layer 75
Total cycles: 26409
Compute cycles: 15103
Stall cycles: 0
Overall utilization: 62.72%
Mapping efficiency: 100.00%
Average IFMAP SRAM BW: 5.017 words/cycle
Average Filter SRAM BW: 1.085 words/cycle
Average OFMAP SRAM BW: 5.017 words/cycle
Average IFMAP DRAM BW: 9.021 words/cycle
Average Filter DRAM BW: 8.929 words/cycle
Average OFMAP DRAM BW: 8.000 words/cycle

Running Layer 76
Total cycles: 1829
Compute cycles: 959
Stall cycles: 0
Overall utilization: 63.40%
Mapping efficiency: 100.00%
Average IFMAP SRAM BW: 5.072 words/cycle
Average Filter SRAM BW: 1.068 words/cycle
Average OFMAP SRAM BW: 5.072 words/cycle
Average IFMAP DRAM BW: 2.312 words/cycle
Average Filter DRAM BW: 3.894 words/cycle
Average OFMAP DRAM BW: 8.000 words/cycle

Running Layer 77
Total cycles: 6795
Compute cycles: 3839
Stall cycles: 0
Overall utilization: 63.35%
Mapping efficiency: 100.00%
Average IFMAP SRAM BW: 5.068 words/cycle
Average Filter SRAM BW: 1.067 words/cycle
Average OFMAP SRAM BW: 5.068 words/cycle
Average IFMAP DRAM BW: 9.247 words/cycle
Average Filter DRAM BW: 7.802 words/cycle
Average OFMAP DRAM BW: 8.000 words/cycle

Running Layer 78
Total cycles: 26921
Compute cycles: 15359
Stall cycles: 0
Overall utilization: 63.34%
Mapping efficiency: 100.00%
Average IFMAP SRAM BW: 5.067 words/cycle
Average Filter SRAM BW: 1.067 words/cycle
Average OFMAP SRAM BW: 5.067 words/cycle
Average IFMAP DRAM BW: 9.265 words/cycle
Average Filter DRAM BW: 8.929 words/cycle
Average OFMAP DRAM BW: 8.000 words/cycle

Running Layer 79
Total cycles: 1861
Compute cycles: 975
Stall cycles: 0
Overall utilization: 64.00%
Mapping efficiency: 100.00%
Average IFMAP SRAM BW: 5.120 words/cycle
Average Filter SRAM BW: 1.050 words/cycle
Average OFMAP SRAM BW: 5.120 words/cycle
Average IFMAP DRAM BW: 2.373 words/cycle
Average Filter DRAM BW: 3.894 words/cycle
Average OFMAP DRAM BW: 8.000 words/cycle

Running Layer 80
Total cycles: 6923
Compute cycles: 3903
Stall cycles: 0
Overall utilization: 63.95%
Mapping efficiency: 100.00%
Average IFMAP SRAM BW: 5.116 words/cycle
Average Filter SRAM BW: 1.049 words/cycle
Average OFMAP SRAM BW: 5.116 words/cycle
Average IFMAP DRAM BW: 9.490 words/cycle
Average Filter DRAM BW: 7.802 words/cycle
Average OFMAP DRAM BW: 8.000 words/cycle

Running Layer 81
Total cycles: 27433
Compute cycles: 15615
Stall cycles: 0
Overall utilization: 63.94%
Mapping efficiency: 100.00%
Average IFMAP SRAM BW: 5.115 words/cycle
Average Filter SRAM BW: 1.049 words/cycle
Average OFMAP SRAM BW: 5.115 words/cycle
Average IFMAP DRAM BW: 9.509 words/cycle
Average Filter DRAM BW: 8.929 words/cycle
Average OFMAP DRAM BW: 8.000 words/cycle

Running Layer 82
Total cycles: 1893
Compute cycles: 991
Stall cycles: 0
Overall utilization: 64.58%
Mapping efficiency: 100.00%
Average IFMAP SRAM BW: 5.166 words/cycle
Average Filter SRAM BW: 1.033 words/cycle
Average OFMAP SRAM BW: 5.166 words/cycle
Average IFMAP DRAM BW: 2.433 words/cycle
Average Filter DRAM BW: 3.894 words/cycle
Average OFMAP DRAM BW: 8.000 words/cycle

Running Layer 83
Total cycles: 7051
Compute cycles: 3967
Stall cycles: 0
Overall utilization: 64.53%
Mapping efficiency: 100.00%
Average IFMAP SRAM BW: 5.163 words/cycle
Average Filter SRAM BW: 1.033 words/cycle
Average OFMAP SRAM BW: 5.163 words/cycle
Average IFMAP DRAM BW: 9.734 words/cycle
Average Filter DRAM BW: 7.802 words/cycle
Average OFMAP DRAM BW: 8.000 words/cycle

Running Layer 84
Total cycles: 27945
Compute cycles: 15871
Stall cycles: 0
Overall utilization: 64.52%
Mapping efficiency: 100.00%
Average IFMAP SRAM BW: 5.162 words/cycle
Average Filter SRAM BW: 1.032 words/cycle
Average OFMAP SRAM BW: 5.162 words/cycle
Average IFMAP DRAM BW: 9.752 words/cycle
Average Filter DRAM BW: 8.929 words/cycle
Average OFMAP DRAM BW: 8.000 words/cycle

Running Layer 85
Total cycles: 7179
Compute cycles: 4031
Stall cycles: 0
Overall utilization: 65.10%
Mapping efficiency: 100.00%
Average IFMAP SRAM BW: 5.208 words/cycle
Average Filter SRAM BW: 1.016 words/cycle
Average OFMAP SRAM BW: 5.208 words/cycle
Average IFMAP DRAM BW: 4.998 words/cycle
Average Filter DRAM BW: 7.802 words/cycle
Average OFMAP DRAM BW: 8.000 words/cycle

Running Layer 86
Total cycles: 28457
Compute cycles: 16127
Stall cycles: 0
Overall utilization: 65.08%
Mapping efficiency: 100.00%
Average IFMAP SRAM BW: 5.207 words/cycle
Average Filter SRAM BW: 1.016 words/cycle
Average OFMAP SRAM BW: 5.207 words/cycle
Average IFMAP DRAM BW: 6.668 words/cycle
Average Filter DRAM BW: 8.929 words/cycle
Average OFMAP DRAM BW: 8.000 words/cycle

Running Layer 87
Total cycles: 1957
Compute cycles: 1023
Stall cycles: 0
Overall utilization: 65.69%
Mapping efficiency: 100.00%
Average IFMAP SRAM BW: 5.255 words/cycle
Average Filter SRAM BW: 1.001 words/cycle
Average OFMAP SRAM BW: 5.255 words/cycle
Average IFMAP DRAM BW: 2.555 words/cycle
Average Filter DRAM BW: 3.894 words/cycle
Average OFMAP DRAM BW: 8.000 words/cycle

Running Layer 88
Total cycles: 7307
Compute cycles: 4095
Stall cycles: 0
Overall utilization: 65.64%
Mapping efficiency: 100.00%
Average IFMAP SRAM BW: 5.251 words/cycle
Average Filter SRAM BW: 1.000 words/cycle
Average OFMAP SRAM BW: 5.251 words/cycle
Average IFMAP DRAM BW: 5.120 words/cycle
Average Filter DRAM BW: 7.802 words/cycle
Average OFMAP DRAM BW: 8.000 words/cycle

Running Layer 89
Total cycles: 28969
Compute cycles: 16383
Stall cycles: 0
Overall utilization: 65.63%
Mapping efficiency: 100.00%
Average IFMAP SRAM BW: 5.250 words/cycle
Average Filter SRAM BW: 1.000 words/cycle
Average OFMAP SRAM BW: 5.250 words/cycle
Average IFMAP DRAM BW: 6.831 words/cycle
Average Filter DRAM BW: 8.929 words/cycle
Average OFMAP DRAM BW: 8.000 words/cycle

Running Layer 90
Total cycles: 7435
Compute cycles: 4159
Stall cycles: 0
Overall utilization: 66.17%
Mapping efficiency: 100.00%
Average IFMAP SRAM BW: 5.294 words/cycle
Average Filter SRAM BW: 0.985 words/cycle
Average OFMAP SRAM BW: 5.294 words/cycle
Average IFMAP DRAM BW: 5.242 words/cycle
Average Filter DRAM BW: 7.802 words/cycle
Average OFMAP DRAM BW: 8.000 words/cycle

Running Layer 91
Total cycles: 29481
Compute cycles: 16639
Stall cycles: 0
Overall utilization: 66.16%
Mapping efficiency: 100.00%
Average IFMAP SRAM BW: 5.293 words/cycle
Average Filter SRAM BW: 0.985 words/cycle
Average OFMAP SRAM BW: 5.293 words/cycle
Average IFMAP DRAM BW: 6.994 words/cycle
Average Filter DRAM BW: 8.929 words/cycle
Average OFMAP DRAM BW: 8.000 words/cycle

Running Layer 92
Total cycles: 2021
Compute cycles: 1055
Stall cycles: 0
Overall utilization: 66.73%
Mapping efficiency: 100.00%
Average IFMAP SRAM BW: 5.338 words/cycle
Average Filter SRAM BW: 0.971 words/cycle
Average OFMAP SRAM BW: 5.338 words/cycle
Average IFMAP DRAM BW: 2.677 words/cycle
Average Filter DRAM BW: 3.894 words/cycle
Average OFMAP DRAM BW: 8.000 words/cycle

Running Layer 93
Total cycles: 7563
Compute cycles: 4223
Stall cycles: 0
Overall utilization: 66.68%
Mapping efficiency: 100.00%
Average IFMAP SRAM BW: 5.335 words/cycle
Average Filter SRAM BW: 0.970 words/cycle
Average OFMAP SRAM BW: 5.335 words/cycle
Average IFMAP DRAM BW: 5.364 words/cycle
Average Filter DRAM BW: 7.802 words/cycle
Average OFMAP DRAM BW: 8.000 words/cycle

Running Layer 94
Total cycles: 29993
Compute cycles: 16895
Stall cycles: 0
Overall utilization: 66.67%
Mapping efficiency: 100.00%
Average IFMAP SRAM BW: 5.334 words/cycle
Average Filter SRAM BW: 0.970 words/cycle
Average OFMAP SRAM BW: 5.334 words/cycle
Average IFMAP DRAM BW: 7.156 words/cycle
Average Filter DRAM BW: 8.929 words/cycle
Average OFMAP DRAM BW: 8.000 words/cycle

Running Layer 95
Total cycles: 7691
Compute cycles: 4287
Stall cycles: 0
Overall utilization: 67.18%
Mapping efficiency: 100.00%
Average IFMAP SRAM BW: 5.374 words/cycle
Average Filter SRAM BW: 0.955 words/cycle
Average OFMAP SRAM BW: 5.374 words/cycle
Average IFMAP DRAM BW: 5.486 words/cycle
Average Filter DRAM BW: 7.802 words/cycle
Average OFMAP DRAM BW: 8.000 words/cycle

Running Layer 96
Total cycles: 30505
Compute cycles: 17151
Stall cycles: 0
Overall utilization: 67.17%
Mapping efficiency: 100.00%
Average IFMAP SRAM BW: 5.373 words/cycle
Average Filter SRAM BW: 0.955 words/cycle
Average OFMAP SRAM BW: 5.373 words/cycle
Average IFMAP DRAM BW: 7.319 words/cycle
Average Filter DRAM BW: 8.929 words/cycle
Average OFMAP DRAM BW: 8.000 words/cycle

Running Layer 97
Total cycles: 2085
Compute cycles: 1087
Stall cycles: 0
Overall utilization: 67.71%
Mapping efficiency: 100.00%
Average IFMAP SRAM BW: 5.417 words/cycle
Average Filter SRAM BW: 0.942 words/cycle
Average OFMAP SRAM BW: 5.417 words/cycle
Average IFMAP DRAM BW: 2.798 words/cycle
Average Filter DRAM BW: 3.894 words/cycle
Average OFMAP DRAM BW: 8.000 words/cycle

Running Layer 98
Total cycles: 7819
Compute cycles: 4351
Stall cycles: 0
Overall utilization: 67.66%
Mapping efficiency: 100.00%
Average IFMAP SRAM BW: 5.413 words/cycle
Average Filter SRAM BW: 0.941 words/cycle
Average OFMAP SRAM BW: 5.413 words/cycle
Average IFMAP DRAM BW: 5.608 words/cycle
Average Filter DRAM BW: 7.802 words/cycle
Average OFMAP DRAM BW: 8.000 words/cycle

Running Layer 99
Total cycles: 31017
Compute cycles: 17407
Stall cycles: 0
Overall utilization: 67.65%
Mapping efficiency: 100.00%
Average IFMAP SRAM BW: 5.412 words/cycle
Average Filter SRAM BW: 0.941 words/cycle
Average OFMAP SRAM BW: 5.412 words/cycle
Average IFMAP DRAM BW: 7.482 words/cycle
Average Filter DRAM BW: 8.929 words/cycle
Average OFMAP DRAM BW: 8.000 words/cycle

Running Layer 100
Total cycles: 7947
Compute cycles: 4415
Stall cycles: 0
Overall utilization: 68.13%
Mapping efficiency: 100.00%
Average IFMAP SRAM BW: 5.451 words/cycle
Average Filter SRAM BW: 0.928 words/cycle
Average OFMAP SRAM BW: 5.451 words/cycle
Average IFMAP DRAM BW: 5.730 words/cycle
Average Filter DRAM BW: 7.802 words/cycle
Average OFMAP DRAM BW: 8.000 words/cycle

Running Layer 101
Total cycles: 31529
Compute cycles: 17663
Stall cycles: 0
Overall utilization: 68.12%
Mapping efficiency: 100.00%
Average IFMAP SRAM BW: 5.450 words/cycle
Average Filter SRAM BW: 0.928 words/cycle
Average OFMAP SRAM BW: 5.450 words/cycle
Average IFMAP DRAM BW: 7.644 words/cycle
Average Filter DRAM BW: 8.929 words/cycle
Average OFMAP DRAM BW: 8.000 words/cycle

Running Layer 102
Total cycles: 2149
Compute cycles: 1119
Stall cycles: 0
Overall utilization: 68.63%
Mapping efficiency: 100.00%
Average IFMAP SRAM BW: 5.491 words/cycle
Average Filter SRAM BW: 0.915 words/cycle
Average OFMAP SRAM BW: 5.491 words/cycle
Average IFMAP DRAM BW: 2.920 words/cycle
Average Filter DRAM BW: 3.894 words/cycle
Average OFMAP DRAM BW: 8.000 words/cycle

Running Layer 103
Total cycles: 8075
Compute cycles: 4479
Stall cycles: 0
Overall utilization: 68.59%
Mapping efficiency: 100.00%
Average IFMAP SRAM BW: 5.487 words/cycle
Average Filter SRAM BW: 0.914 words/cycle
Average OFMAP SRAM BW: 5.487 words/cycle
Average IFMAP DRAM BW: 5.851 words/cycle
Average Filter DRAM BW: 7.802 words/cycle
Average OFMAP DRAM BW: 8.000 words/cycle

Running Layer 104
Total cycles: 32041
Compute cycles: 17919
Stall cycles: 0
Overall utilization: 68.58%
Mapping efficiency: 100.00%
Average IFMAP SRAM BW: 5.486 words/cycle
Average Filter SRAM BW: 0.914 words/cycle
Average OFMAP SRAM BW: 5.486 words/cycle
Average IFMAP DRAM BW: 7.807 words/cycle
Average Filter DRAM BW: 8.929 words/cycle
Average OFMAP DRAM BW: 8.000 words/cycle

Running Layer 105
Total cycles: 8203
Compute cycles: 4543
Stall cycles: 0
Overall utilization: 69.03%
Mapping efficiency: 100.00%
Average IFMAP SRAM BW: 5.522 words/cycle
Average Filter SRAM BW: 0.902 words/cycle
Average OFMAP SRAM BW: 5.522 words/cycle
Average IFMAP DRAM BW: 5.962 words/cycle
Average Filter DRAM BW: 7.802 words/cycle
Average OFMAP DRAM BW: 8.000 words/cycle

Running Layer 106
Total cycles: 8203
Compute cycles: 4543
Stall cycles: 0
Overall utilization: 69.03%
Mapping efficiency: 100.00%
Average IFMAP SRAM BW: 5.522 words/cycle
Average Filter SRAM BW: 0.902 words/cycle
Average OFMAP SRAM BW: 5.522 words/cycle
Average IFMAP DRAM BW: 5.973 words/cycle
Average Filter DRAM BW: 7.802 words/cycle
Average OFMAP DRAM BW: 8.000 words/cycle

Running Layer 107
Total cycles: 32553
Compute cycles: 18175
Stall cycles: 0
Overall utilization: 69.02%
Mapping efficiency: 100.00%
Average IFMAP SRAM BW: 5.521 words/cycle
Average Filter SRAM BW: 0.901 words/cycle
Average OFMAP SRAM BW: 5.521 words/cycle
Average IFMAP DRAM BW: 7.970 words/cycle
Average Filter DRAM BW: 8.929 words/cycle
Average OFMAP DRAM BW: 8.000 words/cycle

Running Layer 108
Total cycles: 2213
Compute cycles: 1151
Stall cycles: 0
Overall utilization: 69.50%
Mapping efficiency: 100.00%
Average IFMAP SRAM BW: 5.560 words/cycle
Average Filter SRAM BW: 0.890 words/cycle
Average OFMAP SRAM BW: 5.560 words/cycle
Average IFMAP DRAM BW: 3.042 words/cycle
Average Filter DRAM BW: 3.894 words/cycle
Average OFMAP DRAM BW: 8.000 words/cycle

Running Layer 109
Total cycles: 8331
Compute cycles: 4607
Stall cycles: 0
Overall utilization: 69.46%
Mapping efficiency: 100.00%
Average IFMAP SRAM BW: 5.557 words/cycle
Average Filter SRAM BW: 0.889 words/cycle
Average OFMAP SRAM BW: 5.557 words/cycle
Average IFMAP DRAM BW: 6.084 words/cycle
Average Filter DRAM BW: 7.802 words/cycle
Average OFMAP DRAM BW: 8.000 words/cycle

Running Layer 110
Total cycles: 8331
Compute cycles: 4607
Stall cycles: 0
Overall utilization: 69.46%
Mapping efficiency: 100.00%
Average IFMAP SRAM BW: 5.557 words/cycle
Average Filter SRAM BW: 0.889 words/cycle
Average OFMAP SRAM BW: 5.557 words/cycle
Average IFMAP DRAM BW: 6.095 words/cycle
Average Filter DRAM BW: 7.802 words/cycle
Average OFMAP DRAM BW: 8.000 words/cycle

Running Layer 111
Total cycles: 33065
Compute cycles: 18431
Stall cycles: 0
Overall utilization: 69.45%
Mapping efficiency: 100.00%
Average IFMAP SRAM BW: 5.556 words/cycle
Average Filter SRAM BW: 0.889 words/cycle
Average OFMAP SRAM BW: 5.556 words/cycle
Average IFMAP DRAM BW: 8.132 words/cycle
Average Filter DRAM BW: 8.929 words/cycle
Average OFMAP DRAM BW: 8.000 words/cycle

Running Layer 112
Total cycles: 8459
Compute cycles: 4671
Stall cycles: 0
Overall utilization: 69.88%
Mapping efficiency: 100.00%
Average IFMAP SRAM BW: 5.590 words/cycle
Average Filter SRAM BW: 0.877 words/cycle
Average OFMAP SRAM BW: 5.590 words/cycle
Average IFMAP DRAM BW: 6.205 words/cycle
Average Filter DRAM BW: 7.802 words/cycle
Average OFMAP DRAM BW: 8.000 words/cycle

Running Layer 113
Total cycles: 8459
Compute cycles: 4671
Stall cycles: 0
Overall utilization: 69.88%
Mapping efficiency: 100.00%
Average IFMAP SRAM BW: 5.590 words/cycle
Average Filter SRAM BW: 0.877 words/cycle
Average OFMAP SRAM BW: 5.590 words/cycle
Average IFMAP DRAM BW: 6.217 words/cycle
Average Filter DRAM BW: 7.802 words/cycle
Average OFMAP DRAM BW: 8.000 words/cycle

Running Layer 114
Total cycles: 33577
Compute cycles: 18687
Stall cycles: 0
Overall utilization: 69.87%
Mapping efficiency: 100.00%
Average IFMAP SRAM BW: 5.589 words/cycle
Average Filter SRAM BW: 0.877 words/cycle
Average OFMAP SRAM BW: 5.589 words/cycle
Average IFMAP DRAM BW: 8.295 words/cycle
Average Filter DRAM BW: 8.929 words/cycle
Average OFMAP DRAM BW: 8.000 words/cycle

Running Layer 115
Total cycles: 2277
Compute cycles: 1183
Stall cycles: 0
Overall utilization: 70.33%
Mapping efficiency: 100.00%
Average IFMAP SRAM BW: 5.626 words/cycle
Average Filter SRAM BW: 0.866 words/cycle
Average OFMAP SRAM BW: 5.626 words/cycle
Average IFMAP DRAM BW: 3.163 words/cycle
Average Filter DRAM BW: 3.894 words/cycle
Average OFMAP DRAM BW: 8.000 words/cycle

Running Layer 116
Total cycles: 8587
Compute cycles: 4735
Stall cycles: 0
Overall utilization: 70.29%
Mapping efficiency: 100.00%
Average IFMAP SRAM BW: 5.623 words/cycle
Average Filter SRAM BW: 0.865 words/cycle
Average OFMAP SRAM BW: 5.623 words/cycle
Average IFMAP DRAM BW: 6.327 words/cycle
Average Filter DRAM BW: 7.802 words/cycle
Average OFMAP DRAM BW: 8.000 words/cycle

Running Layer 117
Total cycles: 8587
Compute cycles: 4735
Stall cycles: 0
Overall utilization: 70.29%
Mapping efficiency: 100.00%
Average IFMAP SRAM BW: 5.623 words/cycle
Average Filter SRAM BW: 0.865 words/cycle
Average OFMAP SRAM BW: 5.623 words/cycle
Average IFMAP DRAM BW: 6.339 words/cycle
Average Filter DRAM BW: 7.802 words/cycle
Average OFMAP DRAM BW: 8.000 words/cycle

Running Layer 118
Total cycles: 34089
Compute cycles: 18943
Stall cycles: 0
Overall utilization: 70.27%
Mapping efficiency: 100.00%
Average IFMAP SRAM BW: 5.622 words/cycle
Average Filter SRAM BW: 0.865 words/cycle
Average OFMAP SRAM BW: 5.622 words/cycle
Average IFMAP DRAM BW: 8.457 words/cycle
Average Filter DRAM BW: 8.929 words/cycle
Average OFMAP DRAM BW: 8.000 words/cycle

Running Layer 119
Total cycles: 8715
Compute cycles: 4799
Stall cycles: 0
Overall utilization: 70.68%
Mapping efficiency: 100.00%
Average IFMAP SRAM BW: 5.655 words/cycle
Average Filter SRAM BW: 0.854 words/cycle
Average OFMAP SRAM BW: 5.655 words/cycle
Average IFMAP DRAM BW: 6.449 words/cycle
Average Filter DRAM BW: 7.802 words/cycle
Average OFMAP DRAM BW: 8.000 words/cycle

Running Layer 120
Total cycles: 8715
Compute cycles: 4799
Stall cycles: 0
Overall utilization: 70.68%
Mapping efficiency: 100.00%
Average IFMAP SRAM BW: 5.655 words/cycle
Average Filter SRAM BW: 0.854 words/cycle
Average OFMAP SRAM BW: 5.655 words/cycle
Average IFMAP DRAM BW: 6.461 words/cycle
Average Filter DRAM BW: 7.802 words/cycle
Average OFMAP DRAM BW: 8.000 words/cycle

Running Layer 121
Total cycles: 34601
Compute cycles: 19199
Stall cycles: 0
Overall utilization: 70.67%
Mapping efficiency: 100.00%
Average IFMAP SRAM BW: 5.654 words/cycle
Average Filter SRAM BW: 0.853 words/cycle
Average OFMAP SRAM BW: 5.654 words/cycle
Average IFMAP DRAM BW: 8.620 words/cycle
Average Filter DRAM BW: 8.929 words/cycle
Average OFMAP DRAM BW: 8.000 words/cycle

Running Layer 122
Total cycles: 2341
Compute cycles: 1215
Stall cycles: 0
Overall utilization: 71.11%
Mapping efficiency: 100.00%
Average IFMAP SRAM BW: 5.689 words/cycle
Average Filter SRAM BW: 0.843 words/cycle
Average OFMAP SRAM BW: 5.689 words/cycle
Average IFMAP DRAM BW: 3.285 words/cycle
Average Filter DRAM BW: 3.894 words/cycle
Average OFMAP DRAM BW: 8.000 words/cycle

Running Layer 123
Total cycles: 8843
Compute cycles: 4863
Stall cycles: 0
Overall utilization: 71.07%
Mapping efficiency: 100.00%
Average IFMAP SRAM BW: 5.685 words/cycle
Average Filter SRAM BW: 0.842 words/cycle
Average OFMAP SRAM BW: 5.685 words/cycle
Average IFMAP DRAM BW: 6.570 words/cycle
Average Filter DRAM BW: 7.802 words/cycle
Average OFMAP DRAM BW: 8.000 words/cycle

Running Layer 124
Total cycles: 8843
Compute cycles: 4863
Stall cycles: 0
Overall utilization: 71.07%
Mapping efficiency: 100.00%
Average IFMAP SRAM BW: 5.685 words/cycle
Average Filter SRAM BW: 0.842 words/cycle
Average OFMAP SRAM BW: 5.685 words/cycle
Average IFMAP DRAM BW: 6.583 words/cycle
Average Filter DRAM BW: 7.802 words/cycle
Average OFMAP DRAM BW: 8.000 words/cycle

Running Layer 125
Total cycles: 35113
Compute cycles: 19455
Stall cycles: 0
Overall utilization: 71.06%
Mapping efficiency: 100.00%
Average IFMAP SRAM BW: 5.685 words/cycle
Average Filter SRAM BW: 0.842 words/cycle
Average OFMAP SRAM BW: 5.685 words/cycle
Average IFMAP DRAM BW: 8.783 words/cycle
Average Filter DRAM BW: 8.929 words/cycle
Average OFMAP DRAM BW: 8.000 words/cycle

Running Layer 126
Total cycles: 8971
Compute cycles: 4927
Stall cycles: 0
Overall utilization: 71.44%
Mapping efficiency: 100.00%
Average IFMAP SRAM BW: 5.715 words/cycle
Average Filter SRAM BW: 0.831 words/cycle
Average OFMAP SRAM BW: 5.715 words/cycle
Average IFMAP DRAM BW: 6.692 words/cycle
Average Filter DRAM BW: 7.802 words/cycle
Average OFMAP DRAM BW: 8.000 words/cycle

Running Layer 127
Total cycles: 8971
Compute cycles: 4927
Stall cycles: 0
Overall utilization: 71.44%
Mapping efficiency: 100.00%
Average IFMAP SRAM BW: 5.715 words/cycle
Average Filter SRAM BW: 0.831 words/cycle
Average OFMAP SRAM BW: 5.715 words/cycle
Average IFMAP DRAM BW: 6.705 words/cycle
Average Filter DRAM BW: 7.802 words/cycle
Average OFMAP DRAM BW: 8.000 words/cycle

Running Layer 128
Total cycles: 35625
Compute cycles: 19711
Stall cycles: 0
Overall utilization: 71.43%
Mapping efficiency: 100.00%
Average IFMAP SRAM BW: 5.715 words/cycle
Average Filter SRAM BW: 0.831 words/cycle
Average OFMAP SRAM BW: 5.715 words/cycle
Average IFMAP DRAM BW: 8.945 words/cycle
Average Filter DRAM BW: 8.929 words/cycle
Average OFMAP DRAM BW: 8.000 words/cycle

Running Layer 129
Total cycles: 2405
Compute cycles: 1247
Stall cycles: 0
Overall utilization: 71.85%
Mapping efficiency: 100.00%
Average IFMAP SRAM BW: 5.748 words/cycle
Average Filter SRAM BW: 0.821 words/cycle
Average OFMAP SRAM BW: 5.748 words/cycle
Average IFMAP DRAM BW: 3.407 words/cycle
Average Filter DRAM BW: 3.894 words/cycle
Average OFMAP DRAM BW: 8.000 words/cycle

Running Layer 130
Total cycles: 9099
Compute cycles: 4991
Stall cycles: 0
Overall utilization: 71.81%
Mapping efficiency: 100.00%
Average IFMAP SRAM BW: 5.745 words/cycle
Average Filter SRAM BW: 0.821 words/cycle
Average OFMAP SRAM BW: 5.745 words/cycle
Average IFMAP DRAM BW: 6.814 words/cycle
Average Filter DRAM BW: 7.802 words/cycle
Average OFMAP DRAM BW: 8.000 words/cycle

Running Layer 131
Total cycles: 9099
Compute cycles: 4991
Stall cycles: 0
Overall utilization: 71.81%
Mapping efficiency: 100.00%
Average IFMAP SRAM BW: 5.745 words/cycle
Average Filter SRAM BW: 0.821 words/cycle
Average OFMAP SRAM BW: 5.745 words/cycle
Average IFMAP DRAM BW: 6.827 words/cycle
Average Filter DRAM BW: 7.802 words/cycle
Average OFMAP DRAM BW: 8.000 words/cycle

Running Layer 132
Total cycles: 36137
Compute cycles: 19967
Stall cycles: 0
Overall utilization: 71.80%
Mapping efficiency: 100.00%
Average IFMAP SRAM BW: 5.744 words/cycle
Average Filter SRAM BW: 0.821 words/cycle
Average OFMAP SRAM BW: 5.744 words/cycle
Average IFMAP DRAM BW: 9.108 words/cycle
Average Filter DRAM BW: 8.929 words/cycle
Average OFMAP DRAM BW: 8.000 words/cycle

Running Layer 133
Total cycles: 9227
Compute cycles: 5055
Stall cycles: 0
Overall utilization: 72.17%
Mapping efficiency: 100.00%
Average IFMAP SRAM BW: 5.773 words/cycle
Average Filter SRAM BW: 0.810 words/cycle
Average OFMAP SRAM BW: 5.773 words/cycle
Average IFMAP DRAM BW: 6.949 words/cycle
Average Filter DRAM BW: 7.802 words/cycle
Average OFMAP DRAM BW: 8.000 words/cycle

Running Layer 134
Total cycles: 36649
Compute cycles: 20223
Stall cycles: 0
Overall utilization: 72.16%
Mapping efficiency: 100.00%
Average IFMAP SRAM BW: 5.772 words/cycle
Average Filter SRAM BW: 0.810 words/cycle
Average OFMAP SRAM BW: 5.772 words/cycle
Average IFMAP DRAM BW: 9.271 words/cycle
Average Filter DRAM BW: 8.929 words/cycle
Average OFMAP DRAM BW: 8.000 words/cycle

Running Layer 135
Total cycles: 2469
Compute cycles: 1279
Stall cycles: 0
Overall utilization: 72.56%
Mapping efficiency: 100.00%
Average IFMAP SRAM BW: 5.805 words/cycle
Average Filter SRAM BW: 0.801 words/cycle
Average OFMAP SRAM BW: 5.805 words/cycle
Average IFMAP DRAM BW: 3.529 words/cycle
Average Filter DRAM BW: 3.894 words/cycle
Average OFMAP DRAM BW: 8.000 words/cycle

Running Layer 136
Total cycles: 9355
Compute cycles: 5119
Stall cycles: 0
Overall utilization: 72.51%
Mapping efficiency: 100.00%
Average IFMAP SRAM BW: 5.801 words/cycle
Average Filter SRAM BW: 0.800 words/cycle
Average OFMAP SRAM BW: 5.801 words/cycle
Average IFMAP DRAM BW: 7.057 words/cycle
Average Filter DRAM BW: 7.802 words/cycle
Average OFMAP DRAM BW: 8.000 words/cycle

Running Layer 137
Total cycles: 9355
Compute cycles: 5119
Stall cycles: 0
Overall utilization: 72.51%
Mapping efficiency: 100.00%
Average IFMAP SRAM BW: 5.801 words/cycle
Average Filter SRAM BW: 0.800 words/cycle
Average OFMAP SRAM BW: 5.801 words/cycle
Average IFMAP DRAM BW: 7.070 words/cycle
Average Filter DRAM BW: 7.802 words/cycle
Average OFMAP DRAM BW: 8.000 words/cycle

Running Layer 138
Total cycles: 37161
Compute cycles: 20479
Stall cycles: 0
Overall utilization: 72.50%
Mapping efficiency: 100.00%
Average IFMAP SRAM BW: 5.800 words/cycle
Average Filter SRAM BW: 0.800 words/cycle
Average OFMAP SRAM BW: 5.800 words/cycle
Average IFMAP DRAM BW: 9.433 words/cycle
Average Filter DRAM BW: 8.929 words/cycle
Average OFMAP DRAM BW: 8.000 words/cycle

Running Layer 139
Total cycles: 2501
Compute cycles: 1295
Stall cycles: 0
Overall utilization: 72.90%
Mapping efficiency: 100.00%
Average IFMAP SRAM BW: 5.832 words/cycle
Average Filter SRAM BW: 0.791 words/cycle
Average OFMAP SRAM BW: 5.832 words/cycle
Average IFMAP DRAM BW: 3.589 words/cycle
Average Filter DRAM BW: 3.894 words/cycle
Average OFMAP DRAM BW: 8.000 words/cycle

Running Layer 140
Total cycles: 9483
Compute cycles: 5183
Stall cycles: 0
Overall utilization: 72.85%
Mapping efficiency: 100.00%
Average IFMAP SRAM BW: 5.828 words/cycle
Average Filter SRAM BW: 0.790 words/cycle
Average OFMAP SRAM BW: 5.828 words/cycle
Average IFMAP DRAM BW: 7.179 words/cycle
Average Filter DRAM BW: 7.802 words/cycle
Average OFMAP DRAM BW: 8.000 words/cycle

Running Layer 141
Total cycles: 9483
Compute cycles: 5183
Stall cycles: 0
Overall utilization: 72.85%
Mapping efficiency: 100.00%
Average IFMAP SRAM BW: 5.828 words/cycle
Average Filter SRAM BW: 0.790 words/cycle
Average OFMAP SRAM BW: 5.828 words/cycle
Average IFMAP DRAM BW: 7.192 words/cycle
Average Filter DRAM BW: 7.802 words/cycle
Average OFMAP DRAM BW: 8.000 words/cycle

Running Layer 142
Total cycles: 37673
Compute cycles: 20735
Stall cycles: 0
Overall utilization: 72.84%
Mapping efficiency: 100.00%
Average IFMAP SRAM BW: 5.827 words/cycle
Average Filter SRAM BW: 0.790 words/cycle
Average OFMAP SRAM BW: 5.827 words/cycle
Average IFMAP DRAM BW: 9.596 words/cycle
Average Filter DRAM BW: 8.929 words/cycle
Average OFMAP DRAM BW: 8.000 words/cycle

Running Layer 143
Total cycles: 2533
Compute cycles: 1311
Stall cycles: 0
Overall utilization: 73.23%
Mapping efficiency: 100.00%
Average IFMAP SRAM BW: 5.858 words/cycle
Average Filter SRAM BW: 0.781 words/cycle
Average OFMAP SRAM BW: 5.858 words/cycle
Average IFMAP DRAM BW: 3.650 words/cycle
Average Filter DRAM BW: 3.894 words/cycle
Average OFMAP DRAM BW: 8.000 words/cycle

Running Layer 144
Total cycles: 9611
Compute cycles: 5247
Stall cycles: 0
Overall utilization: 73.18%
Mapping efficiency: 100.00%
Average IFMAP SRAM BW: 5.855 words/cycle
Average Filter SRAM BW: 0.781 words/cycle
Average OFMAP SRAM BW: 5.855 words/cycle
Average IFMAP DRAM BW: 7.300 words/cycle
Average Filter DRAM BW: 7.802 words/cycle
Average OFMAP DRAM BW: 8.000 words/cycle

Running Layer 145
Total cycles: 9611
Compute cycles: 5247
Stall cycles: 0
Overall utilization: 73.18%
Mapping efficiency: 100.00%
Average IFMAP SRAM BW: 5.855 words/cycle
Average Filter SRAM BW: 0.781 words/cycle
Average OFMAP SRAM BW: 5.855 words/cycle
Average IFMAP DRAM BW: 7.314 words/cycle
Average Filter DRAM BW: 7.802 words/cycle
Average OFMAP DRAM BW: 8.000 words/cycle

Running Layer 146
Total cycles: 38185
Compute cycles: 20991
Stall cycles: 0
Overall utilization: 73.17%
Mapping efficiency: 100.00%
Average IFMAP SRAM BW: 5.854 words/cycle
Average Filter SRAM BW: 0.781 words/cycle
Average OFMAP SRAM BW: 5.854 words/cycle
Average IFMAP DRAM BW: 9.759 words/cycle
Average Filter DRAM BW: 8.929 words/cycle
Average OFMAP DRAM BW: 8.000 words/cycle

Running Layer 147
Total cycles: 9739
Compute cycles: 5311
Stall cycles: 0
Overall utilization: 73.51%
Mapping efficiency: 100.00%
Average IFMAP SRAM BW: 5.881 words/cycle
Average Filter SRAM BW: 0.771 words/cycle
Average OFMAP SRAM BW: 5.881 words/cycle
Average IFMAP DRAM BW: 7.422 words/cycle
Average Filter DRAM BW: 7.802 words/cycle
Average OFMAP DRAM BW: 8.000 words/cycle

Running Layer 148
Total cycles: 9739
Compute cycles: 5311
Stall cycles: 0
Overall utilization: 73.51%
Mapping efficiency: 100.00%
Average IFMAP SRAM BW: 5.881 words/cycle
Average Filter SRAM BW: 0.771 words/cycle
Average OFMAP SRAM BW: 5.881 words/cycle
Average IFMAP DRAM BW: 7.436 words/cycle
Average Filter DRAM BW: 7.802 words/cycle
Average OFMAP DRAM BW: 8.000 words/cycle

Running Layer 149
Total cycles: 38697
Compute cycles: 21247
Stall cycles: 0
Overall utilization: 73.50%
Mapping efficiency: 100.00%
Average IFMAP SRAM BW: 5.880 words/cycle
Average Filter SRAM BW: 0.771 words/cycle
Average OFMAP SRAM BW: 5.880 words/cycle
Average IFMAP DRAM BW: 9.921 words/cycle
Average Filter DRAM BW: 8.929 words/cycle
Average OFMAP DRAM BW: 8.000 words/cycle

Running Layer 150
Total cycles: 2597
Compute cycles: 1343
Stall cycles: 0
Overall utilization: 73.86%
Mapping efficiency: 100.00%
Average IFMAP SRAM BW: 5.909 words/cycle
Average Filter SRAM BW: 0.762 words/cycle
Average OFMAP SRAM BW: 5.909 words/cycle
Average IFMAP DRAM BW: 3.772 words/cycle
Average Filter DRAM BW: 3.894 words/cycle
Average OFMAP DRAM BW: 8.000 words/cycle

Running Layer 151
Total cycles: 9867
Compute cycles: 5375
Stall cycles: 0
Overall utilization: 73.82%
Mapping efficiency: 100.00%
Average IFMAP SRAM BW: 5.906 words/cycle
Average Filter SRAM BW: 0.762 words/cycle
Average OFMAP SRAM BW: 5.906 words/cycle
Average IFMAP DRAM BW: 7.544 words/cycle
Average Filter DRAM BW: 7.802 words/cycle
Average OFMAP DRAM BW: 8.000 words/cycle

Running Layer 152
Total cycles: 9867
Compute cycles: 5375
Stall cycles: 0
Overall utilization: 73.82%
Mapping efficiency: 100.00%
Average IFMAP SRAM BW: 5.906 words/cycle
Average Filter SRAM BW: 0.762 words/cycle
Average OFMAP SRAM BW: 5.906 words/cycle
Average IFMAP DRAM BW: 7.558 words/cycle
Average Filter DRAM BW: 7.802 words/cycle
Average OFMAP DRAM BW: 8.000 words/cycle

Running Layer 153
Total cycles: 39209
Compute cycles: 21503
Stall cycles: 0
Overall utilization: 73.81%
Mapping efficiency: 100.00%
Average IFMAP SRAM BW: 5.905 words/cycle
Average Filter SRAM BW: 0.762 words/cycle
Average OFMAP SRAM BW: 5.905 words/cycle
Average IFMAP DRAM BW: 7.565 words/cycle
Average Filter DRAM BW: 8.929 words/cycle
Average OFMAP DRAM BW: 8.000 words/cycle

Running Layer 154
Total cycles: 2629
Compute cycles: 1359
Stall cycles: 0
Overall utilization: 74.17%
Mapping efficiency: 100.00%
Average IFMAP SRAM BW: 5.934 words/cycle
Average Filter SRAM BW: 0.753 words/cycle
Average OFMAP SRAM BW: 5.934 words/cycle
Average IFMAP DRAM BW: 3.833 words/cycle
Average Filter DRAM BW: 3.894 words/cycle
Average OFMAP DRAM BW: 8.000 words/cycle

Running Layer 155
Total cycles: 9995
Compute cycles: 5439
Stall cycles: 0
Overall utilization: 74.13%
Mapping efficiency: 100.00%
Average IFMAP SRAM BW: 5.931 words/cycle
Average Filter SRAM BW: 0.753 words/cycle
Average OFMAP SRAM BW: 5.931 words/cycle
Average IFMAP DRAM BW: 7.665 words/cycle
Average Filter DRAM BW: 7.802 words/cycle
Average OFMAP DRAM BW: 8.000 words/cycle

Running Layer 156
Total cycles: 9995
Compute cycles: 5439
Stall cycles: 0
Overall utilization: 74.13%
Mapping efficiency: 100.00%
Average IFMAP SRAM BW: 5.931 words/cycle
Average Filter SRAM BW: 0.753 words/cycle
Average OFMAP SRAM BW: 5.931 words/cycle
Average IFMAP DRAM BW: 7.680 words/cycle
Average Filter DRAM BW: 7.802 words/cycle
Average OFMAP DRAM BW: 8.000 words/cycle

Running Layer 157
Total cycles: 39721
Compute cycles: 21759
Stall cycles: 0
Overall utilization: 74.12%
Mapping efficiency: 100.00%
Average IFMAP SRAM BW: 5.930 words/cycle
Average Filter SRAM BW: 0.753 words/cycle
Average OFMAP SRAM BW: 5.930 words/cycle
Average IFMAP DRAM BW: 7.687 words/cycle
Average Filter DRAM BW: 8.929 words/cycle
Average OFMAP DRAM BW: 8.000 words/cycle

Running Layer 158
Total cycles: 2661
Compute cycles: 1375
Stall cycles: 0
Overall utilization: 74.47%
Mapping efficiency: 100.00%
Average IFMAP SRAM BW: 5.958 words/cycle
Average Filter SRAM BW: 0.745 words/cycle
Average OFMAP SRAM BW: 5.958 words/cycle
Average IFMAP DRAM BW: 3.894 words/cycle
Average Filter DRAM BW: 3.894 words/cycle
Average OFMAP DRAM BW: 8.000 words/cycle

Running Layer 159
Total cycles: 5061
Compute cycles: 2751
Stall cycles: 0
Overall utilization: 74.45%
Mapping efficiency: 100.00%
Average IFMAP SRAM BW: 5.956 words/cycle
Average Filter SRAM BW: 0.744 words/cycle
Average OFMAP SRAM BW: 5.956 words/cycle
Average IFMAP DRAM BW: 7.787 words/cycle
Average Filter DRAM BW: 7.787 words/cycle
Average OFMAP DRAM BW: 8.000 words/cycle

Running Layer 160
Total cycles: 10123
Compute cycles: 5503
Stall cycles: 0
Overall utilization: 74.43%
Mapping efficiency: 100.00%
Average IFMAP SRAM BW: 5.955 words/cycle
Average Filter SRAM BW: 0.744 words/cycle
Average OFMAP SRAM BW: 5.955 words/cycle
Average IFMAP DRAM BW: 7.787 words/cycle
Average Filter DRAM BW: 7.802 words/cycle
Average OFMAP DRAM BW: 8.000 words/cycle

Running Layer 161
Total cycles: 10123
Compute cycles: 5503
Stall cycles: 0
Overall utilization: 74.43%
Mapping efficiency: 100.00%
Average IFMAP SRAM BW: 5.955 words/cycle
Average Filter SRAM BW: 0.744 words/cycle
Average OFMAP SRAM BW: 5.955 words/cycle
Average IFMAP DRAM BW: 7.802 words/cycle
Average Filter DRAM BW: 7.802 words/cycle
Average OFMAP DRAM BW: 8.000 words/cycle

Running Layer 162
Total cycles: 40233
Compute cycles: 22015
Stall cycles: 0
Overall utilization: 74.42%
Mapping efficiency: 100.00%
Average IFMAP SRAM BW: 5.954 words/cycle
Average Filter SRAM BW: 0.744 words/cycle
Average OFMAP SRAM BW: 5.954 words/cycle
Average IFMAP DRAM BW: 7.809 words/cycle
Average Filter DRAM BW: 8.929 words/cycle
Average OFMAP DRAM BW: 8.000 words/cycle

Running Layer 163
Total cycles: 2693
Compute cycles: 1391
Stall cycles: 0
Overall utilization: 74.77%
Mapping efficiency: 100.00%
Average IFMAP SRAM BW: 5.981 words/cycle
Average Filter SRAM BW: 0.736 words/cycle
Average OFMAP SRAM BW: 5.981 words/cycle
Average IFMAP DRAM BW: 3.954 words/cycle
Average Filter DRAM BW: 3.894 words/cycle
Average OFMAP DRAM BW: 8.000 words/cycle

Running Layer 164
Total cycles: 5125
Compute cycles: 2783
Stall cycles: 0
Overall utilization: 74.74%
Mapping efficiency: 100.00%
Average IFMAP SRAM BW: 5.979 words/cycle
Average Filter SRAM BW: 0.736 words/cycle
Average OFMAP SRAM BW: 5.979 words/cycle
Average IFMAP DRAM BW: 7.909 words/cycle
Average Filter DRAM BW: 7.787 words/cycle
Average OFMAP DRAM BW: 8.000 words/cycle

Running Layer 165
Total cycles: 10251
Compute cycles: 5567
Stall cycles: 0
Overall utilization: 74.73%
Mapping efficiency: 100.00%
Average IFMAP SRAM BW: 5.978 words/cycle
Average Filter SRAM BW: 0.736 words/cycle
Average OFMAP SRAM BW: 5.978 words/cycle
Average IFMAP DRAM BW: 7.909 words/cycle
Average Filter DRAM BW: 7.802 words/cycle
Average OFMAP DRAM BW: 8.000 words/cycle

Running Layer 166
Total cycles: 10251
Compute cycles: 5567
Stall cycles: 0
Overall utilization: 74.73%
Mapping efficiency: 100.00%
Average IFMAP SRAM BW: 5.978 words/cycle
Average Filter SRAM BW: 0.736 words/cycle
Average OFMAP SRAM BW: 5.978 words/cycle
Average IFMAP DRAM BW: 7.924 words/cycle
Average Filter DRAM BW: 7.802 words/cycle
Average OFMAP DRAM BW: 8.000 words/cycle

Running Layer 167
Total cycles: 40164
Compute cycles: 22271
Stall cycles: 0
Overall utilization: 74.72%
Mapping efficiency: 100.00%
Average IFMAP SRAM BW: 5.977 words/cycle
Average Filter SRAM BW: 0.736 words/cycle
Average OFMAP SRAM BW: 5.977 words/cycle
Average IFMAP DRAM BW: 7.931 words/cycle
Average Filter DRAM BW: 8.929 words/cycle
Average OFMAP DRAM BW: 8.125 words/cycle

Running Layer 168
Total cycles: 2725
Compute cycles: 1407
Stall cycles: 0
Overall utilization: 75.05%
Mapping efficiency: 100.00%
Average IFMAP SRAM BW: 6.004 words/cycle
Average Filter SRAM BW: 0.728 words/cycle
Average OFMAP SRAM BW: 6.004 words/cycle
Average IFMAP DRAM BW: 4.015 words/cycle
Average Filter DRAM BW: 3.894 words/cycle
Average OFMAP DRAM BW: 8.000 words/cycle

Running Layer 169
Total cycles: 10379
Compute cycles: 5631
Stall cycles: 0
Overall utilization: 75.01%
Mapping efficiency: 100.00%
Average IFMAP SRAM BW: 6.001 words/cycle
Average Filter SRAM BW: 0.727 words/cycle
Average OFMAP SRAM BW: 6.001 words/cycle
Average IFMAP DRAM BW: 8.030 words/cycle
Average Filter DRAM BW: 7.802 words/cycle
Average OFMAP DRAM BW: 8.000 words/cycle

Running Layer 170
Total cycles: 10379
Compute cycles: 5631
Stall cycles: 0
Overall utilization: 75.01%
Mapping efficiency: 100.00%
Average IFMAP SRAM BW: 6.001 words/cycle
Average Filter SRAM BW: 0.727 words/cycle
Average OFMAP SRAM BW: 6.001 words/cycle
Average IFMAP DRAM BW: 8.046 words/cycle
Average Filter DRAM BW: 7.802 words/cycle
Average OFMAP DRAM BW: 8.000 words/cycle

Running Layer 171
Total cycles: 40076
Compute cycles: 22527
Stall cycles: 0
Overall utilization: 75.00%
Mapping efficiency: 100.00%
Average IFMAP SRAM BW: 6.000 words/cycle
Average Filter SRAM BW: 0.727 words/cycle
Average OFMAP SRAM BW: 6.000 words/cycle
Average IFMAP DRAM BW: 8.053 words/cycle
Average Filter DRAM BW: 8.929 words/cycle
Average OFMAP DRAM BW: 8.250 words/cycle

Running Layer 172
Total cycles: 2757
Compute cycles: 1423
Stall cycles: 0
Overall utilization: 75.33%
Mapping efficiency: 100.00%
Average IFMAP SRAM BW: 6.027 words/cycle
Average Filter SRAM BW: 0.720 words/cycle
Average OFMAP SRAM BW: 6.027 words/cycle
Average IFMAP DRAM BW: 4.076 words/cycle
Average Filter DRAM BW: 3.894 words/cycle
Average OFMAP DRAM BW: 8.000 words/cycle

Running Layer 173
Total cycles: 10507
Compute cycles: 5695
Stall cycles: 0
Overall utilization: 75.29%
Mapping efficiency: 100.00%
Average IFMAP SRAM BW: 6.024 words/cycle
Average Filter SRAM BW: 0.719 words/cycle
Average OFMAP SRAM BW: 6.024 words/cycle
Average IFMAP DRAM BW: 8.152 words/cycle
Average Filter DRAM BW: 7.802 words/cycle
Average OFMAP DRAM BW: 8.000 words/cycle

Running Layer 174
Total cycles: 10507
Compute cycles: 5695
Stall cycles: 0
Overall utilization: 75.29%
Mapping efficiency: 100.00%
Average IFMAP SRAM BW: 6.024 words/cycle
Average Filter SRAM BW: 0.719 words/cycle
Average OFMAP SRAM BW: 6.024 words/cycle
Average IFMAP DRAM BW: 8.168 words/cycle
Average Filter DRAM BW: 7.802 words/cycle
Average OFMAP DRAM BW: 8.000 words/cycle

Running Layer 175
Total cycles: 39988
Compute cycles: 22783
Stall cycles: 0
Overall utilization: 75.28%
Mapping efficiency: 100.00%
Average IFMAP SRAM BW: 6.023 words/cycle
Average Filter SRAM BW: 0.719 words/cycle
Average OFMAP SRAM BW: 6.023 words/cycle
Average IFMAP DRAM BW: 8.175 words/cycle
Average Filter DRAM BW: 8.929 words/cycle
Average OFMAP DRAM BW: 8.375 words/cycle

Running Layer 176
Total cycles: 2789
Compute cycles: 1439
Stall cycles: 0
Overall utilization: 75.61%
Mapping efficiency: 100.00%
Average IFMAP SRAM BW: 6.049 words/cycle
Average Filter SRAM BW: 0.712 words/cycle
Average OFMAP SRAM BW: 6.049 words/cycle
Average IFMAP DRAM BW: 4.137 words/cycle
Average Filter DRAM BW: 3.894 words/cycle
Average OFMAP DRAM BW: 8.000 words/cycle

Running Layer 177
Total cycles: 10635
Compute cycles: 5759
Stall cycles: 0
Overall utilization: 75.57%
Mapping efficiency: 100.00%
Average IFMAP SRAM BW: 6.045 words/cycle
Average Filter SRAM BW: 0.711 words/cycle
Average OFMAP SRAM BW: 6.045 words/cycle
Average IFMAP DRAM BW: 8.274 words/cycle
Average Filter DRAM BW: 7.802 words/cycle
Average OFMAP DRAM BW: 8.000 words/cycle

Running Layer 178
Total cycles: 10635
Compute cycles: 5759
Stall cycles: 0
Overall utilization: 75.57%
Mapping efficiency: 100.00%
Average IFMAP SRAM BW: 6.045 words/cycle
Average Filter SRAM BW: 0.711 words/cycle
Average OFMAP SRAM BW: 6.045 words/cycle
Average IFMAP DRAM BW: 8.290 words/cycle
Average Filter DRAM BW: 7.802 words/cycle
Average OFMAP DRAM BW: 8.000 words/cycle

Running Layer 179
Total cycles: 39900
Compute cycles: 23039
Stall cycles: 0
Overall utilization: 75.56%
Mapping efficiency: 100.00%
Average IFMAP SRAM BW: 6.045 words/cycle
Average Filter SRAM BW: 0.711 words/cycle
Average OFMAP SRAM BW: 6.045 words/cycle
Average IFMAP DRAM BW: 8.297 words/cycle
Average Filter DRAM BW: 8.929 words/cycle
Average OFMAP DRAM BW: 8.500 words/cycle

Running Layer 180
Total cycles: 10763
Compute cycles: 5823
Stall cycles: 0
Overall utilization: 75.84%
Mapping efficiency: 100.00%
Average IFMAP SRAM BW: 6.067 words/cycle
Average Filter SRAM BW: 0.703 words/cycle
Average OFMAP SRAM BW: 6.067 words/cycle
Average IFMAP DRAM BW: 8.395 words/cycle
Average Filter DRAM BW: 7.802 words/cycle
Average OFMAP DRAM BW: 8.000 words/cycle

Running Layer 181
Total cycles: 10763
Compute cycles: 5823
Stall cycles: 0
Overall utilization: 75.84%
Mapping efficiency: 100.00%
Average IFMAP SRAM BW: 6.067 words/cycle
Average Filter SRAM BW: 0.703 words/cycle
Average OFMAP SRAM BW: 6.067 words/cycle
Average IFMAP DRAM BW: 8.411 words/cycle
Average Filter DRAM BW: 7.802 words/cycle
Average OFMAP DRAM BW: 8.000 words/cycle

Running Layer 182
Total cycles: 39834
Compute cycles: 23295
Stall cycles: 0
Overall utilization: 75.83%
Mapping efficiency: 100.00%
Average IFMAP SRAM BW: 6.066 words/cycle
Average Filter SRAM BW: 0.703 words/cycle
Average OFMAP SRAM BW: 6.066 words/cycle
Average IFMAP DRAM BW: 8.419 words/cycle
Average Filter DRAM BW: 8.929 words/cycle
Average OFMAP DRAM BW: 8.625 words/cycle

Running Layer 183
Total cycles: 2853
Compute cycles: 1471
Stall cycles: 0
Overall utilization: 76.14%
Mapping efficiency: 100.00%
Average IFMAP SRAM BW: 6.091 words/cycle
Average Filter SRAM BW: 0.696 words/cycle
Average OFMAP SRAM BW: 6.091 words/cycle
Average IFMAP DRAM BW: 4.259 words/cycle
Average Filter DRAM BW: 3.894 words/cycle
Average OFMAP DRAM BW: 8.000 words/cycle

Running Layer 184
Total cycles: 5445
Compute cycles: 2943
Stall cycles: 0
Overall utilization: 76.11%
Mapping efficiency: 100.00%
Average IFMAP SRAM BW: 6.089 words/cycle
Average Filter SRAM BW: 0.696 words/cycle
Average OFMAP SRAM BW: 6.089 words/cycle
Average IFMAP DRAM BW: 4.259 words/cycle
Average Filter DRAM BW: 7.787 words/cycle
Average OFMAP DRAM BW: 8.000 words/cycle

Running Layer 185
Total cycles: 10891
Compute cycles: 5887
Stall cycles: 0
Overall utilization: 76.10%
Mapping efficiency: 100.00%
Average IFMAP SRAM BW: 6.088 words/cycle
Average Filter SRAM BW: 0.696 words/cycle
Average OFMAP SRAM BW: 6.088 words/cycle
Average IFMAP DRAM BW: 8.517 words/cycle
Average Filter DRAM BW: 7.802 words/cycle
Average OFMAP DRAM BW: 8.000 words/cycle

Running Layer 186
Total cycles: 10891
Compute cycles: 5887
Stall cycles: 0
Overall utilization: 76.10%
Mapping efficiency: 100.00%
Average IFMAP SRAM BW: 6.088 words/cycle
Average Filter SRAM BW: 0.696 words/cycle
Average OFMAP SRAM BW: 6.088 words/cycle
Average IFMAP DRAM BW: 8.533 words/cycle
Average Filter DRAM BW: 7.802 words/cycle
Average OFMAP DRAM BW: 8.000 words/cycle

Running Layer 187
Total cycles: 39768
Compute cycles: 23551
Stall cycles: 0
Overall utilization: 76.09%
Mapping efficiency: 100.00%
Average IFMAP SRAM BW: 6.087 words/cycle
Average Filter SRAM BW: 0.696 words/cycle
Average OFMAP SRAM BW: 6.087 words/cycle
Average IFMAP DRAM BW: 8.541 words/cycle
Average Filter DRAM BW: 8.929 words/cycle
Average OFMAP DRAM BW: 8.750 words/cycle

Running Layer 188
Total cycles: 5509
Compute cycles: 2975
Stall cycles: 0
Overall utilization: 76.37%
Mapping efficiency: 100.00%
Average IFMAP SRAM BW: 6.110 words/cycle
Average Filter SRAM BW: 0.688 words/cycle
Average OFMAP SRAM BW: 6.110 words/cycle
Average IFMAP DRAM BW: 4.319 words/cycle
Average Filter DRAM BW: 7.787 words/cycle
Average OFMAP DRAM BW: 8.000 words/cycle

Running Layer 189
Total cycles: 5509
Compute cycles: 2975
Stall cycles: 0
Overall utilization: 76.37%
Mapping efficiency: 100.00%
Average IFMAP SRAM BW: 6.110 words/cycle
Average Filter SRAM BW: 0.688 words/cycle
Average OFMAP SRAM BW: 6.110 words/cycle
Average IFMAP DRAM BW: 8.639 words/cycle
Average Filter DRAM BW: 7.787 words/cycle
Average OFMAP DRAM BW: 8.000 words/cycle

Running Layer 190
Total cycles: 11019
Compute cycles: 5951
Stall cycles: 0
Overall utilization: 76.36%
Mapping efficiency: 100.00%
Average IFMAP SRAM BW: 6.109 words/cycle
Average Filter SRAM BW: 0.688 words/cycle
Average OFMAP SRAM BW: 6.109 words/cycle
Average IFMAP DRAM BW: 8.639 words/cycle
Average Filter DRAM BW: 7.802 words/cycle
Average OFMAP DRAM BW: 8.000 words/cycle

Running Layer 191
Total cycles: 11019
Compute cycles: 5951
Stall cycles: 0
Overall utilization: 76.36%
Mapping efficiency: 100.00%
Average IFMAP SRAM BW: 6.109 words/cycle
Average Filter SRAM BW: 0.688 words/cycle
Average OFMAP SRAM BW: 6.109 words/cycle
Average IFMAP DRAM BW: 8.655 words/cycle
Average Filter DRAM BW: 7.802 words/cycle
Average OFMAP DRAM BW: 8.000 words/cycle

Running Layer 192
Total cycles: 39680
Compute cycles: 23807
Stall cycles: 0
Overall utilization: 76.35%
Mapping efficiency: 100.00%
Average IFMAP SRAM BW: 6.108 words/cycle
Average Filter SRAM BW: 0.688 words/cycle
Average OFMAP SRAM BW: 6.108 words/cycle
Average IFMAP DRAM BW: 8.663 words/cycle
Average Filter DRAM BW: 8.929 words/cycle
Average OFMAP DRAM BW: 8.875 words/cycle

Running Layer 193
Total cycles: 2917
Compute cycles: 1503
Stall cycles: 0
Overall utilization: 76.65%
Mapping efficiency: 100.00%
Average IFMAP SRAM BW: 6.132 words/cycle
Average Filter SRAM BW: 0.681 words/cycle
Average OFMAP SRAM BW: 6.132 words/cycle
Average IFMAP DRAM BW: 4.380 words/cycle
Average Filter DRAM BW: 3.894 words/cycle
Average OFMAP DRAM BW: 8.000 words/cycle

Running Layer 194
Total cycles: 5573
Compute cycles: 3007
Stall cycles: 0
Overall utilization: 76.62%
Mapping efficiency: 100.00%
Average IFMAP SRAM BW: 6.130 words/cycle
Average Filter SRAM BW: 0.681 words/cycle
Average OFMAP SRAM BW: 6.130 words/cycle
Average IFMAP DRAM BW: 8.760 words/cycle
Average Filter DRAM BW: 7.787 words/cycle
Average OFMAP DRAM BW: 8.000 words/cycle

Running Layer 195
Total cycles: 11147
Compute cycles: 6015
Stall cycles: 0
Overall utilization: 76.61%
Mapping efficiency: 100.00%
Average IFMAP SRAM BW: 6.129 words/cycle
Average Filter SRAM BW: 0.681 words/cycle
Average OFMAP SRAM BW: 6.129 words/cycle
Average IFMAP DRAM BW: 8.760 words/cycle
Average Filter DRAM BW: 7.802 words/cycle
Average OFMAP DRAM BW: 8.000 words/cycle

Running Layer 196
Total cycles: 11147
Compute cycles: 6015
Stall cycles: 0
Overall utilization: 76.61%
Mapping efficiency: 100.00%
Average IFMAP SRAM BW: 6.129 words/cycle
Average Filter SRAM BW: 0.681 words/cycle
Average OFMAP SRAM BW: 6.129 words/cycle
Average IFMAP DRAM BW: 8.777 words/cycle
Average Filter DRAM BW: 7.802 words/cycle
Average OFMAP DRAM BW: 8.000 words/cycle

Running Layer 197
Total cycles: 39614
Compute cycles: 24063
Stall cycles: 0
Overall utilization: 76.60%
Mapping efficiency: 100.00%
Average IFMAP SRAM BW: 6.128 words/cycle
Average Filter SRAM BW: 0.681 words/cycle
Average OFMAP SRAM BW: 6.128 words/cycle
Average IFMAP DRAM BW: 8.786 words/cycle
Average Filter DRAM BW: 8.929 words/cycle
Average OFMAP DRAM BW: 9.000 words/cycle

Running Layer 198
Total cycles: 2949
Compute cycles: 1519
Stall cycles: 0
Overall utilization: 76.89%
Mapping efficiency: 100.00%
Average IFMAP SRAM BW: 6.151 words/cycle
Average Filter SRAM BW: 0.674 words/cycle
Average OFMAP SRAM BW: 6.151 words/cycle
Average IFMAP DRAM BW: 4.441 words/cycle
Average Filter DRAM BW: 3.894 words/cycle
Average OFMAP DRAM BW: 8.000 words/cycle

Running Layer 199
Total cycles: 5637
Compute cycles: 3039
Stall cycles: 0
Overall utilization: 76.87%
Mapping efficiency: 100.00%
Average IFMAP SRAM BW: 6.149 words/cycle
Average Filter SRAM BW: 0.674 words/cycle
Average OFMAP SRAM BW: 6.149 words/cycle
Average IFMAP DRAM BW: 8.882 words/cycle
Average Filter DRAM BW: 7.787 words/cycle
Average OFMAP DRAM BW: 8.000 words/cycle

Running Layer 200
Total cycles: 11275
Compute cycles: 6079
Stall cycles: 0
Overall utilization: 76.85%
Mapping efficiency: 100.00%
Average IFMAP SRAM BW: 6.148 words/cycle
Average Filter SRAM BW: 0.674 words/cycle
Average OFMAP SRAM BW: 6.148 words/cycle
Average IFMAP DRAM BW: 8.882 words/cycle
Average Filter DRAM BW: 7.802 words/cycle
Average OFMAP DRAM BW: 8.000 words/cycle

Running Layer 201
Total cycles: 11275
Compute cycles: 6079
Stall cycles: 0
Overall utilization: 76.85%
Mapping efficiency: 100.00%
Average IFMAP SRAM BW: 6.148 words/cycle
Average Filter SRAM BW: 0.674 words/cycle
Average OFMAP SRAM BW: 6.148 words/cycle
Average IFMAP DRAM BW: 8.899 words/cycle
Average Filter DRAM BW: 7.802 words/cycle
Average OFMAP DRAM BW: 8.000 words/cycle

Running Layer 202
Total cycles: 39548
Compute cycles: 24319
Stall cycles: 0
Overall utilization: 76.85%
Mapping efficiency: 100.00%
Average IFMAP SRAM BW: 6.148 words/cycle
Average Filter SRAM BW: 0.674 words/cycle
Average OFMAP SRAM BW: 6.148 words/cycle
Average IFMAP DRAM BW: 8.908 words/cycle
Average Filter DRAM BW: 8.929 words/cycle
Average OFMAP DRAM BW: 9.125 words/cycle

Running Layer 203
Total cycles: 2981
Compute cycles: 1535
Stall cycles: 0
Overall utilization: 77.13%
Mapping efficiency: 100.00%
Average IFMAP SRAM BW: 6.171 words/cycle
Average Filter SRAM BW: 0.667 words/cycle
Average OFMAP SRAM BW: 6.171 words/cycle
Average IFMAP DRAM BW: 4.502 words/cycle
Average Filter DRAM BW: 3.894 words/cycle
Average OFMAP DRAM BW: 8.000 words/cycle

Running Layer 204
Total cycles: 5701
Compute cycles: 3071
Stall cycles: 0
Overall utilization: 77.11%
Mapping efficiency: 100.00%
Average IFMAP SRAM BW: 6.169 words/cycle
Average Filter SRAM BW: 0.667 words/cycle
Average OFMAP SRAM BW: 6.169 words/cycle
Average IFMAP DRAM BW: 4.502 words/cycle
Average Filter DRAM BW: 7.787 words/cycle
Average OFMAP DRAM BW: 8.000 words/cycle

Running Layer 205
Total cycles: 5701
Compute cycles: 3071
Stall cycles: 0
Overall utilization: 77.11%
Mapping efficiency: 100.00%
Average IFMAP SRAM BW: 6.169 words/cycle
Average Filter SRAM BW: 0.667 words/cycle
Average OFMAP SRAM BW: 6.169 words/cycle
Average IFMAP DRAM BW: 9.004 words/cycle
Average Filter DRAM BW: 7.787 words/cycle
Average OFMAP DRAM BW: 8.000 words/cycle

Running Layer 206
Total cycles: 11403
Compute cycles: 6143
Stall cycles: 0
Overall utilization: 77.10%
Mapping efficiency: 100.00%
Average IFMAP SRAM BW: 6.168 words/cycle
Average Filter SRAM BW: 0.667 words/cycle
Average OFMAP SRAM BW: 6.168 words/cycle
Average IFMAP DRAM BW: 9.004 words/cycle
Average Filter DRAM BW: 7.802 words/cycle
Average OFMAP DRAM BW: 8.000 words/cycle

Running Layer 207
Total cycles: 11403
Compute cycles: 6143
Stall cycles: 0
Overall utilization: 77.10%
Mapping efficiency: 100.00%
Average IFMAP SRAM BW: 6.168 words/cycle
Average Filter SRAM BW: 0.667 words/cycle
Average OFMAP SRAM BW: 6.168 words/cycle
Average IFMAP DRAM BW: 9.021 words/cycle
Average Filter DRAM BW: 7.802 words/cycle
Average OFMAP DRAM BW: 8.000 words/cycle

Running Layer 208
Total cycles: 39482
Compute cycles: 24575
Stall cycles: 0
Overall utilization: 77.09%
Mapping efficiency: 100.00%
Average IFMAP SRAM BW: 6.167 words/cycle
Average Filter SRAM BW: 0.667 words/cycle
Average OFMAP SRAM BW: 6.167 words/cycle
Average IFMAP DRAM BW: 9.030 words/cycle
Average Filter DRAM BW: 8.929 words/cycle
Average OFMAP DRAM BW: 9.250 words/cycle

Running Layer 209
Total cycles: 11531
Compute cycles: 6207
Stall cycles: 0
Overall utilization: 77.33%
Mapping efficiency: 100.00%
Average IFMAP SRAM BW: 6.187 words/cycle
Average Filter SRAM BW: 0.660 words/cycle
Average OFMAP SRAM BW: 6.187 words/cycle
Average IFMAP DRAM BW: 9.125 words/cycle
Average Filter DRAM BW: 7.802 words/cycle
Average OFMAP DRAM BW: 8.000 words/cycle

Running Layer 210
Total cycles: 11531
Compute cycles: 6207
Stall cycles: 0
Overall utilization: 77.33%
Mapping efficiency: 100.00%
Average IFMAP SRAM BW: 6.187 words/cycle
Average Filter SRAM BW: 0.660 words/cycle
Average OFMAP SRAM BW: 6.187 words/cycle
Average IFMAP DRAM BW: 9.143 words/cycle
Average Filter DRAM BW: 7.802 words/cycle
Average OFMAP DRAM BW: 8.000 words/cycle

Running Layer 211
Total cycles: 39416
Compute cycles: 24831
Stall cycles: 0
Overall utilization: 77.32%
Mapping efficiency: 100.00%
Average IFMAP SRAM BW: 6.186 words/cycle
Average Filter SRAM BW: 0.660 words/cycle
Average OFMAP SRAM BW: 6.186 words/cycle
Average IFMAP DRAM BW: 9.152 words/cycle
Average Filter DRAM BW: 8.929 words/cycle
Average OFMAP DRAM BW: 9.375 words/cycle

Running Layer 212
Total cycles: 3045
Compute cycles: 1567
Stall cycles: 0
Overall utilization: 77.60%
Mapping efficiency: 100.00%
Average IFMAP SRAM BW: 6.208 words/cycle
Average Filter SRAM BW: 0.653 words/cycle
Average OFMAP SRAM BW: 6.208 words/cycle
Average IFMAP DRAM BW: 4.624 words/cycle
Average Filter DRAM BW: 3.894 words/cycle
Average OFMAP DRAM BW: 8.000 words/cycle

Running Layer 213
Total cycles: 11659
Compute cycles: 6271
Stall cycles: 0
Overall utilization: 77.56%
Mapping efficiency: 100.00%
Average IFMAP SRAM BW: 6.205 words/cycle
Average Filter SRAM BW: 0.653 words/cycle
Average OFMAP SRAM BW: 6.205 words/cycle
Average IFMAP DRAM BW: 9.247 words/cycle
Average Filter DRAM BW: 7.802 words/cycle
Average OFMAP DRAM BW: 8.000 words/cycle

Running Layer 214
Total cycles: 11659
Compute cycles: 6271
Stall cycles: 0
Overall utilization: 77.56%
Mapping efficiency: 100.00%
Average IFMAP SRAM BW: 6.205 words/cycle
Average Filter SRAM BW: 0.653 words/cycle
Average OFMAP SRAM BW: 6.205 words/cycle
Average IFMAP DRAM BW: 9.265 words/cycle
Average Filter DRAM BW: 7.802 words/cycle
Average OFMAP DRAM BW: 8.000 words/cycle

Running Layer 215
Total cycles: 39350
Compute cycles: 25087
Stall cycles: 0
Overall utilization: 77.55%
Mapping efficiency: 100.00%
Average IFMAP SRAM BW: 6.204 words/cycle
Average Filter SRAM BW: 0.653 words/cycle
Average OFMAP SRAM BW: 6.204 words/cycle
Average IFMAP DRAM BW: 9.274 words/cycle
Average Filter DRAM BW: 8.929 words/cycle
Average OFMAP DRAM BW: 9.500 words/cycle

Running Layer 216
Total cycles: 5893
Compute cycles: 3167
Stall cycles: 0
Overall utilization: 77.80%
Mapping efficiency: 100.00%
Average IFMAP SRAM BW: 6.224 words/cycle
Average Filter SRAM BW: 0.647 words/cycle
Average OFMAP SRAM BW: 6.224 words/cycle
Average IFMAP DRAM BW: 9.369 words/cycle
Average Filter DRAM BW: 7.787 words/cycle
Average OFMAP DRAM BW: 8.000 words/cycle

Running Layer 217
Total cycles: 11787
Compute cycles: 6335
Stall cycles: 0
Overall utilization: 77.79%
Mapping efficiency: 100.00%
Average IFMAP SRAM BW: 6.223 words/cycle
Average Filter SRAM BW: 0.647 words/cycle
Average OFMAP SRAM BW: 6.223 words/cycle
Average IFMAP DRAM BW: 9.369 words/cycle
Average Filter DRAM BW: 7.802 words/cycle
Average OFMAP DRAM BW: 8.000 words/cycle

Running Layer 218
Total cycles: 11787
Compute cycles: 6335
Stall cycles: 0
Overall utilization: 77.79%
Mapping efficiency: 100.00%
Average IFMAP SRAM BW: 6.223 words/cycle
Average Filter SRAM BW: 0.647 words/cycle
Average OFMAP SRAM BW: 6.223 words/cycle
Average IFMAP DRAM BW: 9.387 words/cycle
Average Filter DRAM BW: 7.802 words/cycle
Average OFMAP DRAM BW: 8.000 words/cycle

Running Layer 219
Total cycles: 39284
Compute cycles: 25343
Stall cycles: 0
Overall utilization: 77.78%
Mapping efficiency: 100.00%
Average IFMAP SRAM BW: 6.222 words/cycle
Average Filter SRAM BW: 0.646 words/cycle
Average OFMAP SRAM BW: 6.222 words/cycle
Average IFMAP DRAM BW: 9.396 words/cycle
Average Filter DRAM BW: 8.929 words/cycle
Average OFMAP DRAM BW: 9.625 words/cycle

Running Layer 220
Total cycles: 1685
Compute cycles: 799
Stall cycles: 0
Overall utilization: 78.10%
Mapping efficiency: 100.00%
Average IFMAP SRAM BW: 6.248 words/cycle
Average Filter SRAM BW: 0.641 words/cycle
Average OFMAP SRAM BW: 6.248 words/cycle
Average IFMAP DRAM BW: 2.373 words/cycle
Average Filter DRAM BW: 1.947 words/cycle
Average OFMAP DRAM BW: 8.000 words/cycle

Running Layer 221
Total cycles: 3109
Compute cycles: 1599
Stall cycles: 0
Overall utilization: 78.05%
Mapping efficiency: 100.00%
Average IFMAP SRAM BW: 6.244 words/cycle
Average Filter SRAM BW: 0.640 words/cycle
Average OFMAP SRAM BW: 6.244 words/cycle
Average IFMAP DRAM BW: 4.745 words/cycle
Average Filter DRAM BW: 3.894 words/cycle
Average OFMAP DRAM BW: 8.000 words/cycle

Running Layer 222
Total cycles: 5957
Compute cycles: 3199
Stall cycles: 0
Overall utilization: 78.02%
Mapping efficiency: 100.00%
Average IFMAP SRAM BW: 6.242 words/cycle
Average Filter SRAM BW: 0.640 words/cycle
Average OFMAP SRAM BW: 6.242 words/cycle
Average IFMAP DRAM BW: 9.490 words/cycle
Average Filter DRAM BW: 7.787 words/cycle
Average OFMAP DRAM BW: 8.000 words/cycle

Running Layer 223
Total cycles: 11915
Compute cycles: 6399
Stall cycles: 0
Overall utilization: 78.01%
Mapping efficiency: 100.00%
Average IFMAP SRAM BW: 6.241 words/cycle
Average Filter SRAM BW: 0.640 words/cycle
Average OFMAP SRAM BW: 6.241 words/cycle
Average IFMAP DRAM BW: 9.490 words/cycle
Average Filter DRAM BW: 7.802 words/cycle
Average OFMAP DRAM BW: 8.000 words/cycle

Running Layer 224
Total cycles: 11915
Compute cycles: 6399
Stall cycles: 0
Overall utilization: 78.01%
Mapping efficiency: 100.00%
Average IFMAP SRAM BW: 6.241 words/cycle
Average Filter SRAM BW: 0.640 words/cycle
Average OFMAP SRAM BW: 6.241 words/cycle
Average IFMAP DRAM BW: 9.509 words/cycle
Average Filter DRAM BW: 7.802 words/cycle
Average OFMAP DRAM BW: 8.000 words/cycle

Running Layer 225
Total cycles: 39240
Compute cycles: 25599
Stall cycles: 0
Overall utilization: 78.00%
Mapping efficiency: 100.00%
Average IFMAP SRAM BW: 6.240 words/cycle
Average Filter SRAM BW: 0.640 words/cycle
Average OFMAP SRAM BW: 6.240 words/cycle
Average IFMAP DRAM BW: 9.518 words/cycle
Average Filter DRAM BW: 8.929 words/cycle
Average OFMAP DRAM BW: 9.750 words/cycle

Running Layer 226
Total cycles: 12043
Compute cycles: 6463
Stall cycles: 0
Overall utilization: 78.23%
Mapping efficiency: 100.00%
Average IFMAP SRAM BW: 6.258 words/cycle
Average Filter SRAM BW: 0.634 words/cycle
Average OFMAP SRAM BW: 6.258 words/cycle
Average IFMAP DRAM BW: 9.612 words/cycle
Average Filter DRAM BW: 7.802 words/cycle
Average OFMAP DRAM BW: 8.000 words/cycle

Running Layer 227
Total cycles: 12043
Compute cycles: 6463
Stall cycles: 0
Overall utilization: 78.23%
Mapping efficiency: 100.00%
Average IFMAP SRAM BW: 6.258 words/cycle
Average Filter SRAM BW: 0.634 words/cycle
Average OFMAP SRAM BW: 6.258 words/cycle
Average IFMAP DRAM BW: 9.630 words/cycle
Average Filter DRAM BW: 7.802 words/cycle
Average OFMAP DRAM BW: 8.000 words/cycle

Running Layer 228
Total cycles: 39174
Compute cycles: 25855
Stall cycles: 0
Overall utilization: 78.22%
Mapping efficiency: 100.00%
Average IFMAP SRAM BW: 6.258 words/cycle
Average Filter SRAM BW: 0.634 words/cycle
Average OFMAP SRAM BW: 6.258 words/cycle
Average IFMAP DRAM BW: 9.640 words/cycle
Average Filter DRAM BW: 8.929 words/cycle
Average OFMAP DRAM BW: 9.875 words/cycle

Running Layer 229
Total cycles: 1717
Compute cycles: 815
Stall cycles: 0
Overall utilization: 78.53%
Mapping efficiency: 100.00%
Average IFMAP SRAM BW: 6.282 words/cycle
Average Filter SRAM BW: 0.628 words/cycle
Average OFMAP SRAM BW: 6.282 words/cycle
Average IFMAP DRAM BW: 2.433 words/cycle
Average Filter DRAM BW: 1.947 words/cycle
Average OFMAP DRAM BW: 8.000 words/cycle

Running Layer 230
Total cycles: 3173
Compute cycles: 1631
Stall cycles: 0
Overall utilization: 78.48%
Mapping efficiency: 100.00%
Average IFMAP SRAM BW: 6.278 words/cycle
Average Filter SRAM BW: 0.628 words/cycle
Average OFMAP SRAM BW: 6.278 words/cycle
Average IFMAP DRAM BW: 4.867 words/cycle
Average Filter DRAM BW: 3.894 words/cycle
Average OFMAP DRAM BW: 8.000 words/cycle

Running Layer 231
Total cycles: 6085
Compute cycles: 3263
Stall cycles: 0
Overall utilization: 78.46%
Mapping efficiency: 100.00%
Average IFMAP SRAM BW: 6.276 words/cycle
Average Filter SRAM BW: 0.628 words/cycle
Average OFMAP SRAM BW: 6.276 words/cycle
Average IFMAP DRAM BW: 4.867 words/cycle
Average Filter DRAM BW: 7.787 words/cycle
Average OFMAP DRAM BW: 8.000 words/cycle

Running Layer 232
Total cycles: 6085
Compute cycles: 3263
Stall cycles: 0
Overall utilization: 78.46%
Mapping efficiency: 100.00%
Average IFMAP SRAM BW: 6.276 words/cycle
Average Filter SRAM BW: 0.628 words/cycle
Average OFMAP SRAM BW: 6.276 words/cycle
Average IFMAP DRAM BW: 9.734 words/cycle
Average Filter DRAM BW: 7.787 words/cycle
Average OFMAP DRAM BW: 8.000 words/cycle

Running Layer 233
Total cycles: 12171
Compute cycles: 6527
Stall cycles: 0
Overall utilization: 78.44%
Mapping efficiency: 100.00%
Average IFMAP SRAM BW: 6.275 words/cycle
Average Filter SRAM BW: 0.628 words/cycle
Average OFMAP SRAM BW: 6.275 words/cycle
Average IFMAP DRAM BW: 9.734 words/cycle
Average Filter DRAM BW: 7.802 words/cycle
Average OFMAP DRAM BW: 8.000 words/cycle

Running Layer 234
Total cycles: 12171
Compute cycles: 6527
Stall cycles: 0
Overall utilization: 78.44%
Mapping efficiency: 100.00%
Average IFMAP SRAM BW: 6.275 words/cycle
Average Filter SRAM BW: 0.628 words/cycle
Average OFMAP SRAM BW: 6.275 words/cycle
Average IFMAP DRAM BW: 9.752 words/cycle
Average Filter DRAM BW: 7.802 words/cycle
Average OFMAP DRAM BW: 8.000 words/cycle

Running Layer 235
Total cycles: 39108
Compute cycles: 26111
Stall cycles: 0
Overall utilization: 78.43%
Mapping efficiency: 100.00%
Average IFMAP SRAM BW: 6.275 words/cycle
Average Filter SRAM BW: 0.627 words/cycle
Average OFMAP SRAM BW: 6.275 words/cycle
Average IFMAP DRAM BW: 9.762 words/cycle
Average Filter DRAM BW: 8.929 words/cycle
Average OFMAP DRAM BW: 10.000 words/cycle

Running Layer 236
Total cycles: 6149
Compute cycles: 3295
Stall cycles: 0
Overall utilization: 78.66%
Mapping efficiency: 100.00%
Average IFMAP SRAM BW: 6.293 words/cycle
Average Filter SRAM BW: 0.622 words/cycle
Average OFMAP SRAM BW: 6.293 words/cycle
Average IFMAP DRAM BW: 9.856 words/cycle
Average Filter DRAM BW: 7.787 words/cycle
Average OFMAP DRAM BW: 8.000 words/cycle

Running Layer 237
Total cycles: 12299
Compute cycles: 6591
Stall cycles: 0
Overall utilization: 78.65%
Mapping efficiency: 100.00%
Average IFMAP SRAM BW: 6.292 words/cycle
Average Filter SRAM BW: 0.621 words/cycle
Average OFMAP SRAM BW: 6.292 words/cycle
Average IFMAP DRAM BW: 9.856 words/cycle
Average Filter DRAM BW: 7.802 words/cycle
Average OFMAP DRAM BW: 8.000 words/cycle

Running Layer 238
Total cycles: 12299
Compute cycles: 6591
Stall cycles: 0
Overall utilization: 78.65%
Mapping efficiency: 100.00%
Average IFMAP SRAM BW: 6.292 words/cycle
Average Filter SRAM BW: 0.621 words/cycle
Average OFMAP SRAM BW: 6.292 words/cycle
Average IFMAP DRAM BW: 9.874 words/cycle
Average Filter DRAM BW: 7.802 words/cycle
Average OFMAP DRAM BW: 8.000 words/cycle

Running Layer 239
Total cycles: 39064
Compute cycles: 26367
Stall cycles: 0
Overall utilization: 78.64%
Mapping efficiency: 100.00%
Average IFMAP SRAM BW: 6.292 words/cycle
Average Filter SRAM BW: 0.621 words/cycle
Average OFMAP SRAM BW: 6.292 words/cycle
Average IFMAP DRAM BW: 9.884 words/cycle
Average Filter DRAM BW: 8.929 words/cycle
Average OFMAP DRAM BW: 10.125 words/cycle

Running Layer 240
Total cycles: 1749
Compute cycles: 831
Stall cycles: 0
Overall utilization: 78.94%
Mapping efficiency: 100.00%
Average IFMAP SRAM BW: 6.315 words/cycle
Average Filter SRAM BW: 0.616 words/cycle
Average OFMAP SRAM BW: 6.315 words/cycle
Average IFMAP DRAM BW: 2.494 words/cycle
Average Filter DRAM BW: 1.947 words/cycle
Average OFMAP DRAM BW: 8.000 words/cycle

Running Layer 241
Total cycles: 3237
Compute cycles: 1663
Stall cycles: 0
Overall utilization: 78.89%
Mapping efficiency: 100.00%
Average IFMAP SRAM BW: 6.311 words/cycle
Average Filter SRAM BW: 0.616 words/cycle
Average OFMAP SRAM BW: 6.311 words/cycle
Average IFMAP DRAM BW: 4.989 words/cycle
Average Filter DRAM BW: 3.894 words/cycle
Average OFMAP DRAM BW: 8.000 words/cycle

Running Layer 242
Total cycles: 12427
Compute cycles: 6655
Stall cycles: 0
Overall utilization: 78.86%
Mapping efficiency: 100.00%
Average IFMAP SRAM BW: 6.309 words/cycle
Average Filter SRAM BW: 0.615 words/cycle
Average OFMAP SRAM BW: 6.309 words/cycle
Average IFMAP DRAM BW: 4.998 words/cycle
Average Filter DRAM BW: 7.802 words/cycle
Average OFMAP DRAM BW: 8.000 words/cycle

Running Layer 243
Total cycles: 12689
Compute cycles: 6655
Stall cycles: 0
Overall utilization: 78.86%
Mapping efficiency: 100.00%
Average IFMAP SRAM BW: 6.309 words/cycle
Average Filter SRAM BW: 0.615 words/cycle
Average OFMAP SRAM BW: 6.309 words/cycle
Average IFMAP DRAM BW: 6.668 words/cycle
Average Filter DRAM BW: 7.802 words/cycle
Average OFMAP DRAM BW: 8.000 words/cycle

Running Layer 244
Total cycles: 38998
Compute cycles: 26623
Stall cycles: 0
Overall utilization: 78.85%
Mapping efficiency: 100.00%
Average IFMAP SRAM BW: 6.308 words/cycle
Average Filter SRAM BW: 0.615 words/cycle
Average OFMAP SRAM BW: 6.308 words/cycle
Average IFMAP DRAM BW: 8.006 words/cycle
Average Filter DRAM BW: 8.929 words/cycle
Average OFMAP DRAM BW: 10.250 words/cycle

Running Layer 245
Total cycles: 1765
Compute cycles: 839
Stall cycles: 0
Overall utilization: 79.14%
Mapping efficiency: 100.00%
Average IFMAP SRAM BW: 6.331 words/cycle
Average Filter SRAM BW: 0.610 words/cycle
Average OFMAP SRAM BW: 6.331 words/cycle
Average IFMAP DRAM BW: 2.525 words/cycle
Average Filter DRAM BW: 1.947 words/cycle
Average OFMAP DRAM BW: 8.000 words/cycle

Running Layer 246
Total cycles: 12555
Compute cycles: 6719
Stall cycles: 0
Overall utilization: 79.06%
Mapping efficiency: 100.00%
Average IFMAP SRAM BW: 6.325 words/cycle
Average Filter SRAM BW: 0.610 words/cycle
Average OFMAP SRAM BW: 6.325 words/cycle
Average IFMAP DRAM BW: 5.059 words/cycle
Average Filter DRAM BW: 7.802 words/cycle
Average OFMAP DRAM BW: 8.000 words/cycle

Running Layer 247
Total cycles: 12817
Compute cycles: 6719
Stall cycles: 0
Overall utilization: 79.06%
Mapping efficiency: 100.00%
Average IFMAP SRAM BW: 6.325 words/cycle
Average Filter SRAM BW: 0.610 words/cycle
Average OFMAP SRAM BW: 6.325 words/cycle
Average IFMAP DRAM BW: 6.750 words/cycle
Average Filter DRAM BW: 7.802 words/cycle
Average OFMAP DRAM BW: 8.000 words/cycle

Running Layer 248
Total cycles: 38954
Compute cycles: 26879
Stall cycles: 0
Overall utilization: 79.05%
Mapping efficiency: 100.00%
Average IFMAP SRAM BW: 6.324 words/cycle
Average Filter SRAM BW: 0.610 words/cycle
Average OFMAP SRAM BW: 6.324 words/cycle
Average IFMAP DRAM BW: 8.104 words/cycle
Average Filter DRAM BW: 8.929 words/cycle
Average OFMAP DRAM BW: 10.375 words/cycle

Running Layer 249
Total cycles: 1781
Compute cycles: 847
Stall cycles: 0
Overall utilization: 79.34%
Mapping efficiency: 100.00%
Average IFMAP SRAM BW: 6.347 words/cycle
Average Filter SRAM BW: 0.604 words/cycle
Average OFMAP SRAM BW: 6.347 words/cycle
Average IFMAP DRAM BW: 2.555 words/cycle
Average Filter DRAM BW: 1.947 words/cycle
Average OFMAP DRAM BW: 8.000 words/cycle

Running Layer 250
Total cycles: 3301
Compute cycles: 1695
Stall cycles: 0
Overall utilization: 79.29%
Mapping efficiency: 100.00%
Average IFMAP SRAM BW: 6.343 words/cycle
Average Filter SRAM BW: 0.604 words/cycle
Average OFMAP SRAM BW: 6.343 words/cycle
Average IFMAP DRAM BW: 5.110 words/cycle
Average Filter DRAM BW: 3.894 words/cycle
Average OFMAP DRAM BW: 8.000 words/cycle

Running Layer 251
Total cycles: 6341
Compute cycles: 3391
Stall cycles: 0
Overall utilization: 79.27%
Mapping efficiency: 100.00%
Average IFMAP SRAM BW: 6.341 words/cycle
Average Filter SRAM BW: 0.604 words/cycle
Average OFMAP SRAM BW: 6.341 words/cycle
Average IFMAP DRAM BW: 5.110 words/cycle
Average Filter DRAM BW: 7.787 words/cycle
Average OFMAP DRAM BW: 8.000 words/cycle

Running Layer 252
Total cycles: 12683
Compute cycles: 6783
Stall cycles: 0
Overall utilization: 79.26%
Mapping efficiency: 100.00%
Average IFMAP SRAM BW: 6.341 words/cycle
Average Filter SRAM BW: 0.604 words/cycle
Average OFMAP SRAM BW: 6.341 words/cycle
Average IFMAP DRAM BW: 5.120 words/cycle
Average Filter DRAM BW: 7.802 words/cycle
Average OFMAP DRAM BW: 8.000 words/cycle

Running Layer 253
Total cycles: 12945
Compute cycles: 6783
Stall cycles: 0
Overall utilization: 79.26%
Mapping efficiency: 100.00%
Average IFMAP SRAM BW: 6.341 words/cycle
Average Filter SRAM BW: 0.604 words/cycle
Average OFMAP SRAM BW: 6.341 words/cycle
Average IFMAP DRAM BW: 6.831 words/cycle
Average Filter DRAM BW: 7.802 words/cycle
Average OFMAP DRAM BW: 8.000 words/cycle

Running Layer 254
Total cycles: 38910
Compute cycles: 27135
Stall cycles: 0
Overall utilization: 79.25%
Mapping efficiency: 100.00%
Average IFMAP SRAM BW: 6.340 words/cycle
Average Filter SRAM BW: 0.604 words/cycle
Average OFMAP SRAM BW: 6.340 words/cycle
Average IFMAP DRAM BW: 8.201 words/cycle
Average Filter DRAM BW: 8.929 words/cycle
Average OFMAP DRAM BW: 10.500 words/cycle

Running Layer 255
Total cycles: 3333
Compute cycles: 1711
Stall cycles: 0
Overall utilization: 79.49%
Mapping efficiency: 100.00%
Average IFMAP SRAM BW: 6.359 words/cycle
Average Filter SRAM BW: 0.598 words/cycle
Average OFMAP SRAM BW: 6.359 words/cycle
Average IFMAP DRAM BW: 5.171 words/cycle
Average Filter DRAM BW: 3.894 words/cycle
Average OFMAP DRAM BW: 8.000 words/cycle

Running Layer 256
Total cycles: 12811
Compute cycles: 6847
Stall cycles: 0
Overall utilization: 79.45%
Mapping efficiency: 100.00%
Average IFMAP SRAM BW: 6.356 words/cycle
Average Filter SRAM BW: 0.598 words/cycle
Average OFMAP SRAM BW: 6.356 words/cycle
Average IFMAP DRAM BW: 5.181 words/cycle
Average Filter DRAM BW: 7.802 words/cycle
Average OFMAP DRAM BW: 8.000 words/cycle

Running Layer 257
Total cycles: 13073
Compute cycles: 6847
Stall cycles: 0
Overall utilization: 79.45%
Mapping efficiency: 100.00%
Average IFMAP SRAM BW: 6.356 words/cycle
Average Filter SRAM BW: 0.598 words/cycle
Average OFMAP SRAM BW: 6.356 words/cycle
Average IFMAP DRAM BW: 6.912 words/cycle
Average Filter DRAM BW: 7.802 words/cycle
Average OFMAP DRAM BW: 8.000 words/cycle

Running Layer 258
Total cycles: 38844
Compute cycles: 27391
Stall cycles: 0
Overall utilization: 79.44%
Mapping efficiency: 100.00%
Average IFMAP SRAM BW: 6.355 words/cycle
Average Filter SRAM BW: 0.598 words/cycle
Average OFMAP SRAM BW: 6.355 words/cycle
Average IFMAP DRAM BW: 8.299 words/cycle
Average Filter DRAM BW: 8.929 words/cycle
Average OFMAP DRAM BW: 10.625 words/cycle

Running Layer 259
Total cycles: 1813
Compute cycles: 863
Stall cycles: 0
Overall utilization: 79.72%
Mapping efficiency: 100.00%
Average IFMAP SRAM BW: 6.378 words/cycle
Average Filter SRAM BW: 0.593 words/cycle
Average OFMAP SRAM BW: 6.378 words/cycle
Average IFMAP DRAM BW: 2.616 words/cycle
Average Filter DRAM BW: 1.947 words/cycle
Average OFMAP DRAM BW: 8.000 words/cycle

Running Layer 260
Total cycles: 3365
Compute cycles: 1727
Stall cycles: 0
Overall utilization: 79.68%
Mapping efficiency: 100.00%
Average IFMAP SRAM BW: 6.374 words/cycle
Average Filter SRAM BW: 0.593 words/cycle
Average OFMAP SRAM BW: 6.374 words/cycle
Average IFMAP DRAM BW: 5.232 words/cycle
Average Filter DRAM BW: 3.894 words/cycle
Average OFMAP DRAM BW: 8.000 words/cycle

Running Layer 261
Total cycles: 6469
Compute cycles: 3455
Stall cycles: 0
Overall utilization: 79.65%
Mapping efficiency: 100.00%
Average IFMAP SRAM BW: 6.372 words/cycle
Average Filter SRAM BW: 0.593 words/cycle
Average OFMAP SRAM BW: 6.372 words/cycle
Average IFMAP DRAM BW: 5.232 words/cycle
Average Filter DRAM BW: 7.787 words/cycle
Average OFMAP DRAM BW: 8.000 words/cycle

Running Layer 262
Total cycles: 12939
Compute cycles: 6911
Stall cycles: 0
Overall utilization: 79.64%
Mapping efficiency: 100.00%
Average IFMAP SRAM BW: 6.371 words/cycle
Average Filter SRAM BW: 0.593 words/cycle
Average OFMAP SRAM BW: 6.371 words/cycle
Average IFMAP DRAM BW: 5.242 words/cycle
Average Filter DRAM BW: 7.802 words/cycle
Average OFMAP DRAM BW: 8.000 words/cycle

Running Layer 263
Total cycles: 13201
Compute cycles: 6911
Stall cycles: 0
Overall utilization: 79.64%
Mapping efficiency: 100.00%
Average IFMAP SRAM BW: 6.371 words/cycle
Average Filter SRAM BW: 0.593 words/cycle
Average OFMAP SRAM BW: 6.371 words/cycle
Average IFMAP DRAM BW: 6.994 words/cycle
Average Filter DRAM BW: 7.802 words/cycle
Average OFMAP DRAM BW: 8.000 words/cycle

Running Layer 264
Total cycles: 38800
Compute cycles: 27647
Stall cycles: 0
Overall utilization: 79.63%
Mapping efficiency: 100.00%
Average IFMAP SRAM BW: 6.371 words/cycle
Average Filter SRAM BW: 0.593 words/cycle
Average OFMAP SRAM BW: 6.371 words/cycle
Average IFMAP DRAM BW: 8.397 words/cycle
Average Filter DRAM BW: 8.929 words/cycle
Average OFMAP DRAM BW: 10.750 words/cycle

Running Layer 265
Total cycles: 1829
Compute cycles: 871
Stall cycles: 0
Overall utilization: 79.91%
Mapping efficiency: 100.00%
Average IFMAP SRAM BW: 6.393 words/cycle
Average Filter SRAM BW: 0.588 words/cycle
Average OFMAP SRAM BW: 6.393 words/cycle
Average IFMAP DRAM BW: 2.646 words/cycle
Average Filter DRAM BW: 1.947 words/cycle
Average OFMAP DRAM BW: 8.000 words/cycle

Running Layer 266
Total cycles: 3397
Compute cycles: 1743
Stall cycles: 0
Overall utilization: 79.86%
Mapping efficiency: 100.00%
Average IFMAP SRAM BW: 6.389 words/cycle
Average Filter SRAM BW: 0.587 words/cycle
Average OFMAP SRAM BW: 6.389 words/cycle
Average IFMAP DRAM BW: 5.293 words/cycle
Average Filter DRAM BW: 3.894 words/cycle
Average OFMAP DRAM BW: 8.000 words/cycle

Running Layer 267
Total cycles: 13067
Compute cycles: 6975
Stall cycles: 0
Overall utilization: 79.83%
Mapping efficiency: 100.00%
Average IFMAP SRAM BW: 6.386 words/cycle
Average Filter SRAM BW: 0.587 words/cycle
Average OFMAP SRAM BW: 6.386 words/cycle
Average IFMAP DRAM BW: 5.303 words/cycle
Average Filter DRAM BW: 7.802 words/cycle
Average OFMAP DRAM BW: 8.000 words/cycle

Running Layer 268
Total cycles: 13329
Compute cycles: 6975
Stall cycles: 0
Overall utilization: 79.83%
Mapping efficiency: 100.00%
Average IFMAP SRAM BW: 6.386 words/cycle
Average Filter SRAM BW: 0.587 words/cycle
Average OFMAP SRAM BW: 6.386 words/cycle
Average IFMAP DRAM BW: 7.075 words/cycle
Average Filter DRAM BW: 7.802 words/cycle
Average OFMAP DRAM BW: 8.000 words/cycle

Running Layer 269
Total cycles: 38756
Compute cycles: 27903
Stall cycles: 0
Overall utilization: 79.82%
Mapping efficiency: 100.00%
Average IFMAP SRAM BW: 6.386 words/cycle
Average Filter SRAM BW: 0.587 words/cycle
Average OFMAP SRAM BW: 6.386 words/cycle
Average IFMAP DRAM BW: 8.494 words/cycle
Average Filter DRAM BW: 8.929 words/cycle
Average OFMAP DRAM BW: 10.875 words/cycle

Running Layer 270
Total cycles: 1845
Compute cycles: 879
Stall cycles: 0
Overall utilization: 80.09%
Mapping efficiency: 100.00%
Average IFMAP SRAM BW: 6.407 words/cycle
Average Filter SRAM BW: 0.582 words/cycle
Average OFMAP SRAM BW: 6.407 words/cycle
Average IFMAP DRAM BW: 2.677 words/cycle
Average Filter DRAM BW: 1.947 words/cycle
Average OFMAP DRAM BW: 8.000 words/cycle

Running Layer 271
Total cycles: 3429
Compute cycles: 1759
Stall cycles: 0
Overall utilization: 80.05%
Mapping efficiency: 100.00%
Average IFMAP SRAM BW: 6.404 words/cycle
Average Filter SRAM BW: 0.582 words/cycle
Average OFMAP SRAM BW: 6.404 words/cycle
Average IFMAP DRAM BW: 5.354 words/cycle
Average Filter DRAM BW: 3.894 words/cycle
Average OFMAP DRAM BW: 8.000 words/cycle

Running Layer 272
Total cycles: 6597
Compute cycles: 3519
Stall cycles: 0
Overall utilization: 80.02%
Mapping efficiency: 100.00%
Average IFMAP SRAM BW: 6.402 words/cycle
Average Filter SRAM BW: 0.582 words/cycle
Average OFMAP SRAM BW: 6.402 words/cycle
Average IFMAP DRAM BW: 5.354 words/cycle
Average Filter DRAM BW: 7.787 words/cycle
Average OFMAP DRAM BW: 8.000 words/cycle

Running Layer 273
Total cycles: 13195
Compute cycles: 7039
Stall cycles: 0
Overall utilization: 80.01%
Mapping efficiency: 100.00%
Average IFMAP SRAM BW: 6.401 words/cycle
Average Filter SRAM BW: 0.582 words/cycle
Average OFMAP SRAM BW: 6.401 words/cycle
Average IFMAP DRAM BW: 5.364 words/cycle
Average Filter DRAM BW: 7.802 words/cycle
Average OFMAP DRAM BW: 8.000 words/cycle

Running Layer 274
Total cycles: 13457
Compute cycles: 7039
Stall cycles: 0
Overall utilization: 80.01%
Mapping efficiency: 100.00%
Average IFMAP SRAM BW: 6.401 words/cycle
Average Filter SRAM BW: 0.582 words/cycle
Average OFMAP SRAM BW: 6.401 words/cycle
Average IFMAP DRAM BW: 7.156 words/cycle
Average Filter DRAM BW: 7.802 words/cycle
Average OFMAP DRAM BW: 8.000 words/cycle

Running Layer 275
Total cycles: 38712
Compute cycles: 28159
Stall cycles: 0
Overall utilization: 80.00%
Mapping efficiency: 100.00%
Average IFMAP SRAM BW: 6.400 words/cycle
Average Filter SRAM BW: 0.582 words/cycle
Average OFMAP SRAM BW: 6.400 words/cycle
Average IFMAP DRAM BW: 8.592 words/cycle
Average Filter DRAM BW: 8.929 words/cycle
Average OFMAP DRAM BW: 11.000 words/cycle

Running Layer 276
Total cycles: 3461
Compute cycles: 1775
Stall cycles: 0
Overall utilization: 80.23%
Mapping efficiency: 100.00%
Average IFMAP SRAM BW: 6.418 words/cycle
Average Filter SRAM BW: 0.577 words/cycle
Average OFMAP SRAM BW: 6.418 words/cycle
Average IFMAP DRAM BW: 5.414 words/cycle
Average Filter DRAM BW: 3.894 words/cycle
Average OFMAP DRAM BW: 8.000 words/cycle

Running Layer 277
Total cycles: 13323
Compute cycles: 7103
Stall cycles: 0
Overall utilization: 80.19%
Mapping efficiency: 100.00%
Average IFMAP SRAM BW: 6.415 words/cycle
Average Filter SRAM BW: 0.577 words/cycle
Average OFMAP SRAM BW: 6.415 words/cycle
Average IFMAP DRAM BW: 5.425 words/cycle
Average Filter DRAM BW: 7.802 words/cycle
Average OFMAP DRAM BW: 8.000 words/cycle

Running Layer 278
Total cycles: 13585
Compute cycles: 7103
Stall cycles: 0
Overall utilization: 80.19%
Mapping efficiency: 100.00%
Average IFMAP SRAM BW: 6.415 words/cycle
Average Filter SRAM BW: 0.577 words/cycle
Average OFMAP SRAM BW: 6.415 words/cycle
Average IFMAP DRAM BW: 7.238 words/cycle
Average Filter DRAM BW: 7.802 words/cycle
Average OFMAP DRAM BW: 8.000 words/cycle

Running Layer 279
Total cycles: 38668
Compute cycles: 28415
Stall cycles: 0
Overall utilization: 80.18%
Mapping efficiency: 100.00%
Average IFMAP SRAM BW: 6.415 words/cycle
Average Filter SRAM BW: 0.577 words/cycle
Average OFMAP SRAM BW: 6.415 words/cycle
Average IFMAP DRAM BW: 8.690 words/cycle
Average Filter DRAM BW: 8.929 words/cycle
Average OFMAP DRAM BW: 11.125 words/cycle

Running Layer 280
Total cycles: 1877
Compute cycles: 895
Stall cycles: 0
Overall utilization: 80.45%
Mapping efficiency: 100.00%
Average IFMAP SRAM BW: 6.436 words/cycle
Average Filter SRAM BW: 0.572 words/cycle
Average OFMAP SRAM BW: 6.436 words/cycle
Average IFMAP DRAM BW: 2.738 words/cycle
Average Filter DRAM BW: 1.947 words/cycle
Average OFMAP DRAM BW: 8.000 words/cycle

Running Layer 281
Total cycles: 3493
Compute cycles: 1791
Stall cycles: 0
Overall utilization: 80.40%
Mapping efficiency: 100.00%
Average IFMAP SRAM BW: 6.432 words/cycle
Average Filter SRAM BW: 0.572 words/cycle
Average OFMAP SRAM BW: 6.432 words/cycle
Average IFMAP DRAM BW: 5.475 words/cycle
Average Filter DRAM BW: 3.894 words/cycle
Average OFMAP DRAM BW: 8.000 words/cycle

Running Layer 282
Total cycles: 6725
Compute cycles: 3583
Stall cycles: 0
Overall utilization: 80.38%
Mapping efficiency: 100.00%
Average IFMAP SRAM BW: 6.430 words/cycle
Average Filter SRAM BW: 0.572 words/cycle
Average OFMAP SRAM BW: 6.430 words/cycle
Average IFMAP DRAM BW: 5.475 words/cycle
Average Filter DRAM BW: 7.787 words/cycle
Average OFMAP DRAM BW: 8.000 words/cycle

Running Layer 283
Total cycles: 13451
Compute cycles: 7167
Stall cycles: 0
Overall utilization: 80.37%
Mapping efficiency: 100.00%
Average IFMAP SRAM BW: 6.429 words/cycle
Average Filter SRAM BW: 0.572 words/cycle
Average OFMAP SRAM BW: 6.429 words/cycle
Average IFMAP DRAM BW: 5.486 words/cycle
Average Filter DRAM BW: 7.802 words/cycle
Average OFMAP DRAM BW: 8.000 words/cycle

Running Layer 284
Total cycles: 13713
Compute cycles: 7167
Stall cycles: 0
Overall utilization: 80.37%
Mapping efficiency: 100.00%
Average IFMAP SRAM BW: 6.429 words/cycle
Average Filter SRAM BW: 0.572 words/cycle
Average OFMAP SRAM BW: 6.429 words/cycle
Average IFMAP DRAM BW: 7.319 words/cycle
Average Filter DRAM BW: 7.802 words/cycle
Average OFMAP DRAM BW: 8.000 words/cycle

Running Layer 285
Total cycles: 38624
Compute cycles: 28671
Stall cycles: 0
Overall utilization: 80.36%
Mapping efficiency: 100.00%
Average IFMAP SRAM BW: 6.429 words/cycle
Average Filter SRAM BW: 0.571 words/cycle
Average OFMAP SRAM BW: 6.429 words/cycle
Average IFMAP DRAM BW: 8.787 words/cycle
Average Filter DRAM BW: 8.929 words/cycle
Average OFMAP DRAM BW: 11.250 words/cycle

Running Layer 286
Total cycles: 13579
Compute cycles: 7231
Stall cycles: 0
Overall utilization: 80.54%
Mapping efficiency: 100.00%
Average IFMAP SRAM BW: 6.443 words/cycle
Average Filter SRAM BW: 0.566 words/cycle
Average OFMAP SRAM BW: 6.443 words/cycle
Average IFMAP DRAM BW: 5.547 words/cycle
Average Filter DRAM BW: 7.802 words/cycle
Average OFMAP DRAM BW: 8.000 words/cycle

Running Layer 287
Total cycles: 13841
Compute cycles: 7231
Stall cycles: 0
Overall utilization: 80.54%
Mapping efficiency: 100.00%
Average IFMAP SRAM BW: 6.443 words/cycle
Average Filter SRAM BW: 0.566 words/cycle
Average OFMAP SRAM BW: 6.443 words/cycle
Average IFMAP DRAM BW: 7.400 words/cycle
Average Filter DRAM BW: 7.802 words/cycle
Average OFMAP DRAM BW: 8.000 words/cycle

Running Layer 288
Total cycles: 38580
Compute cycles: 28927
Stall cycles: 0
Overall utilization: 80.53%
Mapping efficiency: 100.00%
Average IFMAP SRAM BW: 6.443 words/cycle
Average Filter SRAM BW: 0.566 words/cycle
Average OFMAP SRAM BW: 6.443 words/cycle
Average IFMAP DRAM BW: 8.885 words/cycle
Average Filter DRAM BW: 8.929 words/cycle
Average OFMAP DRAM BW: 11.375 words/cycle

Running Layer 289
Total cycles: 1909
Compute cycles: 911
Stall cycles: 0
Overall utilization: 80.79%
Mapping efficiency: 100.00%
Average IFMAP SRAM BW: 6.463 words/cycle
Average Filter SRAM BW: 0.562 words/cycle
Average OFMAP SRAM BW: 6.463 words/cycle
Average IFMAP DRAM BW: 2.798 words/cycle
Average Filter DRAM BW: 1.947 words/cycle
Average OFMAP DRAM BW: 8.000 words/cycle

Running Layer 290
Total cycles: 3557
Compute cycles: 1823
Stall cycles: 0
Overall utilization: 80.75%
Mapping efficiency: 100.00%
Average IFMAP SRAM BW: 6.460 words/cycle
Average Filter SRAM BW: 0.562 words/cycle
Average OFMAP SRAM BW: 6.460 words/cycle
Average IFMAP DRAM BW: 5.597 words/cycle
Average Filter DRAM BW: 3.894 words/cycle
Average OFMAP DRAM BW: 8.000 words/cycle

Running Layer 291
Total cycles: 6853
Compute cycles: 3647
Stall cycles: 0
Overall utilization: 80.72%
Mapping efficiency: 100.00%
Average IFMAP SRAM BW: 6.458 words/cycle
Average Filter SRAM BW: 0.562 words/cycle
Average OFMAP SRAM BW: 6.458 words/cycle
Average IFMAP DRAM BW: 5.597 words/cycle
Average Filter DRAM BW: 7.787 words/cycle
Average OFMAP DRAM BW: 8.000 words/cycle

Running Layer 292
Total cycles: 13707
Compute cycles: 7295
Stall cycles: 0
Overall utilization: 80.71%
Mapping efficiency: 100.00%
Average IFMAP SRAM BW: 6.457 words/cycle
Average Filter SRAM BW: 0.561 words/cycle
Average OFMAP SRAM BW: 6.457 words/cycle
Average IFMAP DRAM BW: 5.608 words/cycle
Average Filter DRAM BW: 7.802 words/cycle
Average OFMAP DRAM BW: 8.000 words/cycle

Running Layer 293
Total cycles: 13969
Compute cycles: 7295
Stall cycles: 0
Overall utilization: 80.71%
Mapping efficiency: 100.00%
Average IFMAP SRAM BW: 6.457 words/cycle
Average Filter SRAM BW: 0.561 words/cycle
Average OFMAP SRAM BW: 6.457 words/cycle
Average IFMAP DRAM BW: 7.482 words/cycle
Average Filter DRAM BW: 7.802 words/cycle
Average OFMAP DRAM BW: 8.000 words/cycle

Running Layer 294
Total cycles: 38536
Compute cycles: 29183
Stall cycles: 0
Overall utilization: 80.70%
Mapping efficiency: 100.00%
Average IFMAP SRAM BW: 6.456 words/cycle
Average Filter SRAM BW: 0.561 words/cycle
Average OFMAP SRAM BW: 6.456 words/cycle
Average IFMAP DRAM BW: 8.982 words/cycle
Average Filter DRAM BW: 8.929 words/cycle
Average OFMAP DRAM BW: 11.500 words/cycle

Running Layer 295
Total cycles: 13835
Compute cycles: 7359
Stall cycles: 0
Overall utilization: 80.88%
Mapping efficiency: 100.00%
Average IFMAP SRAM BW: 6.470 words/cycle
Average Filter SRAM BW: 0.557 words/cycle
Average OFMAP SRAM BW: 6.470 words/cycle
Average IFMAP DRAM BW: 5.669 words/cycle
Average Filter DRAM BW: 7.802 words/cycle
Average OFMAP DRAM BW: 8.000 words/cycle

Running Layer 296
Total cycles: 14097
Compute cycles: 7359
Stall cycles: 0
Overall utilization: 80.88%
Mapping efficiency: 100.00%
Average IFMAP SRAM BW: 6.470 words/cycle
Average Filter SRAM BW: 0.557 words/cycle
Average OFMAP SRAM BW: 6.470 words/cycle
Average IFMAP DRAM BW: 7.563 words/cycle
Average Filter DRAM BW: 7.802 words/cycle
Average OFMAP DRAM BW: 8.000 words/cycle

Running Layer 297
Total cycles: 38698
Compute cycles: 29439
Stall cycles: 0
Overall utilization: 80.87%
Mapping efficiency: 100.00%
Average IFMAP SRAM BW: 6.470 words/cycle
Average Filter SRAM BW: 0.557 words/cycle
Average OFMAP SRAM BW: 6.470 words/cycle
Average IFMAP DRAM BW: 9.080 words/cycle
Average Filter DRAM BW: 8.929 words/cycle
Average OFMAP DRAM BW: 11.481 words/cycle

Running Layer 298
Total cycles: 1941
Compute cycles: 927
Stall cycles: 0
Overall utilization: 81.12%
Mapping efficiency: 100.00%
Average IFMAP SRAM BW: 6.490 words/cycle
Average Filter SRAM BW: 0.552 words/cycle
Average OFMAP SRAM BW: 6.490 words/cycle
Average IFMAP DRAM BW: 2.859 words/cycle
Average Filter DRAM BW: 1.947 words/cycle
Average OFMAP DRAM BW: 8.000 words/cycle

Running Layer 299
Total cycles: 3621
Compute cycles: 1855
Stall cycles: 0
Overall utilization: 81.08%
Mapping efficiency: 100.00%
Average IFMAP SRAM BW: 6.486 words/cycle
Average Filter SRAM BW: 0.552 words/cycle
Average OFMAP SRAM BW: 6.486 words/cycle
Average IFMAP DRAM BW: 5.719 words/cycle
Average Filter DRAM BW: 3.894 words/cycle
Average OFMAP DRAM BW: 8.000 words/cycle

Running Layer 300
Total cycles: 6981
Compute cycles: 3711
Stall cycles: 0
Overall utilization: 81.06%
Mapping efficiency: 100.00%
Average IFMAP SRAM BW: 6.485 words/cycle
Average Filter SRAM BW: 0.552 words/cycle
Average OFMAP SRAM BW: 6.485 words/cycle
Average IFMAP DRAM BW: 5.719 words/cycle
Average Filter DRAM BW: 7.787 words/cycle
Average OFMAP DRAM BW: 8.000 words/cycle

Running Layer 301
Total cycles: 13963
Compute cycles: 7423
Stall cycles: 0
Overall utilization: 81.05%
Mapping efficiency: 100.00%
Average IFMAP SRAM BW: 6.484 words/cycle
Average Filter SRAM BW: 0.552 words/cycle
Average OFMAP SRAM BW: 6.484 words/cycle
Average IFMAP DRAM BW: 5.730 words/cycle
Average Filter DRAM BW: 7.802 words/cycle
Average OFMAP DRAM BW: 8.000 words/cycle

Running Layer 302
Total cycles: 14225
Compute cycles: 7423
Stall cycles: 0
Overall utilization: 81.05%
Mapping efficiency: 100.00%
Average IFMAP SRAM BW: 6.484 words/cycle
Average Filter SRAM BW: 0.552 words/cycle
Average OFMAP SRAM BW: 6.484 words/cycle
Average IFMAP DRAM BW: 7.644 words/cycle
Average Filter DRAM BW: 7.802 words/cycle
Average OFMAP DRAM BW: 8.000 words/cycle

Running Layer 303
Total cycles: 39210
Compute cycles: 29695
Stall cycles: 0
Overall utilization: 81.04%
Mapping efficiency: 100.00%
Average IFMAP SRAM BW: 6.483 words/cycle
Average Filter SRAM BW: 0.552 words/cycle
Average OFMAP SRAM BW: 6.483 words/cycle
Average IFMAP DRAM BW: 9.178 words/cycle
Average Filter DRAM BW: 8.929 words/cycle
Average OFMAP DRAM BW: 11.228 words/cycle

Running Layer 304
Total cycles: 1957
Compute cycles: 935
Stall cycles: 0
Overall utilization: 81.28%
Mapping efficiency: 100.00%
Average IFMAP SRAM BW: 6.503 words/cycle
Average Filter SRAM BW: 0.548 words/cycle
Average OFMAP SRAM BW: 6.503 words/cycle
Average IFMAP DRAM BW: 2.890 words/cycle
Average Filter DRAM BW: 1.947 words/cycle
Average OFMAP DRAM BW: 8.000 words/cycle

Running Layer 305
Total cycles: 3653
Compute cycles: 1871
Stall cycles: 0
Overall utilization: 81.24%
Mapping efficiency: 100.00%
Average IFMAP SRAM BW: 6.499 words/cycle
Average Filter SRAM BW: 0.547 words/cycle
Average OFMAP SRAM BW: 6.499 words/cycle
Average IFMAP DRAM BW: 5.779 words/cycle
Average Filter DRAM BW: 3.894 words/cycle
Average OFMAP DRAM BW: 8.000 words/cycle

Running Layer 306
Total cycles: 14091
Compute cycles: 7487
Stall cycles: 0
Overall utilization: 81.21%
Mapping efficiency: 100.00%
Average IFMAP SRAM BW: 6.497 words/cycle
Average Filter SRAM BW: 0.547 words/cycle
Average OFMAP SRAM BW: 6.497 words/cycle
Average IFMAP DRAM BW: 5.790 words/cycle
Average Filter DRAM BW: 7.802 words/cycle
Average OFMAP DRAM BW: 8.000 words/cycle

Running Layer 307
Total cycles: 14353
Compute cycles: 7487
Stall cycles: 0
Overall utilization: 81.21%
Mapping efficiency: 100.00%
Average IFMAP SRAM BW: 6.497 words/cycle
Average Filter SRAM BW: 0.547 words/cycle
Average OFMAP SRAM BW: 6.497 words/cycle
Average IFMAP DRAM BW: 7.726 words/cycle
Average Filter DRAM BW: 7.802 words/cycle
Average OFMAP DRAM BW: 8.000 words/cycle

Running Layer 308
Total cycles: 39722
Compute cycles: 29951
Stall cycles: 0
Overall utilization: 81.20%
Mapping efficiency: 100.00%
Average IFMAP SRAM BW: 6.496 words/cycle
Average Filter SRAM BW: 0.547 words/cycle
Average OFMAP SRAM BW: 6.496 words/cycle
Average IFMAP DRAM BW: 9.275 words/cycle
Average Filter DRAM BW: 8.929 words/cycle
Average OFMAP DRAM BW: 10.991 words/cycle

Running Layer 309
Total cycles: 1973
Compute cycles: 943
Stall cycles: 0
Overall utilization: 81.44%
Mapping efficiency: 100.00%
Average IFMAP SRAM BW: 6.515 words/cycle
Average Filter SRAM BW: 0.543 words/cycle
Average OFMAP SRAM BW: 6.515 words/cycle
Average IFMAP DRAM BW: 2.920 words/cycle
Average Filter DRAM BW: 1.947 words/cycle
Average OFMAP DRAM BW: 8.000 words/cycle

Running Layer 310
Total cycles: 3685
Compute cycles: 1887
Stall cycles: 0
Overall utilization: 81.40%
Mapping efficiency: 100.00%
Average IFMAP SRAM BW: 6.512 words/cycle
Average Filter SRAM BW: 0.543 words/cycle
Average OFMAP SRAM BW: 6.512 words/cycle
Average IFMAP DRAM BW: 5.840 words/cycle
Average Filter DRAM BW: 3.894 words/cycle
Average OFMAP DRAM BW: 8.000 words/cycle

Running Layer 311
Total cycles: 7109
Compute cycles: 3775
Stall cycles: 0
Overall utilization: 81.38%
Mapping efficiency: 100.00%
Average IFMAP SRAM BW: 6.510 words/cycle
Average Filter SRAM BW: 0.543 words/cycle
Average OFMAP SRAM BW: 6.510 words/cycle
Average IFMAP DRAM BW: 5.840 words/cycle
Average Filter DRAM BW: 7.787 words/cycle
Average OFMAP DRAM BW: 8.000 words/cycle

Running Layer 312
Total cycles: 14219
Compute cycles: 7551
Stall cycles: 0
Overall utilization: 81.37%
Mapping efficiency: 100.00%
Average IFMAP SRAM BW: 6.509 words/cycle
Average Filter SRAM BW: 0.542 words/cycle
Average OFMAP SRAM BW: 6.509 words/cycle
Average IFMAP DRAM BW: 5.851 words/cycle
Average Filter DRAM BW: 7.802 words/cycle
Average OFMAP DRAM BW: 8.000 words/cycle

Running Layer 313
Total cycles: 14481
Compute cycles: 7551
Stall cycles: 0
Overall utilization: 81.37%
Mapping efficiency: 100.00%
Average IFMAP SRAM BW: 6.509 words/cycle
Average Filter SRAM BW: 0.542 words/cycle
Average OFMAP SRAM BW: 6.509 words/cycle
Average IFMAP DRAM BW: 7.807 words/cycle
Average Filter DRAM BW: 7.802 words/cycle
Average OFMAP DRAM BW: 8.000 words/cycle

Running Layer 314
Total cycles: 40234
Compute cycles: 30207
Stall cycles: 0
Overall utilization: 81.36%
Mapping efficiency: 100.00%
Average IFMAP SRAM BW: 6.509 words/cycle
Average Filter SRAM BW: 0.542 words/cycle
Average OFMAP SRAM BW: 6.509 words/cycle
Average IFMAP DRAM BW: 9.373 words/cycle
Average Filter DRAM BW: 8.929 words/cycle
Average OFMAP DRAM BW: 10.769 words/cycle

Running Layer 315
Total cycles: 1989
Compute cycles: 951
Stall cycles: 0
Overall utilization: 81.60%
Mapping efficiency: 100.00%
Average IFMAP SRAM BW: 6.528 words/cycle
Average Filter SRAM BW: 0.538 words/cycle
Average OFMAP SRAM BW: 6.528 words/cycle
Average IFMAP DRAM BW: 2.951 words/cycle
Average Filter DRAM BW: 1.947 words/cycle
Average OFMAP DRAM BW: 8.000 words/cycle

Running Layer 316
Total cycles: 3717
Compute cycles: 1903
Stall cycles: 0
Overall utilization: 81.56%
Mapping efficiency: 100.00%
Average IFMAP SRAM BW: 6.524 words/cycle
Average Filter SRAM BW: 0.538 words/cycle
Average OFMAP SRAM BW: 6.524 words/cycle
Average IFMAP DRAM BW: 5.901 words/cycle
Average Filter DRAM BW: 3.894 words/cycle
Average OFMAP DRAM BW: 8.000 words/cycle

Running Layer 317
Total cycles: 7173
Compute cycles: 3807
Stall cycles: 0
Overall utilization: 81.53%
Mapping efficiency: 100.00%
Average IFMAP SRAM BW: 6.523 words/cycle
Average Filter SRAM BW: 0.538 words/cycle
Average OFMAP SRAM BW: 6.523 words/cycle
Average IFMAP DRAM BW: 5.901 words/cycle
Average Filter DRAM BW: 7.787 words/cycle
Average OFMAP DRAM BW: 8.000 words/cycle

Running Layer 318
Total cycles: 14347
Compute cycles: 7615
Stall cycles: 0
Overall utilization: 81.52%
Mapping efficiency: 100.00%
Average IFMAP SRAM BW: 6.522 words/cycle
Average Filter SRAM BW: 0.538 words/cycle
Average OFMAP SRAM BW: 6.522 words/cycle
Average IFMAP DRAM BW: 5.912 words/cycle
Average Filter DRAM BW: 7.802 words/cycle
Average OFMAP DRAM BW: 8.000 words/cycle

Running Layer 319
Total cycles: 14609
Compute cycles: 7615
Stall cycles: 0
Overall utilization: 81.52%
Mapping efficiency: 100.00%
Average IFMAP SRAM BW: 6.522 words/cycle
Average Filter SRAM BW: 0.538 words/cycle
Average OFMAP SRAM BW: 6.522 words/cycle
Average IFMAP DRAM BW: 7.888 words/cycle
Average Filter DRAM BW: 7.802 words/cycle
Average OFMAP DRAM BW: 8.000 words/cycle

Running Layer 320
Total cycles: 40746
Compute cycles: 30463
Stall cycles: 0
Overall utilization: 81.52%
Mapping efficiency: 100.00%
Average IFMAP SRAM BW: 6.521 words/cycle
Average Filter SRAM BW: 0.538 words/cycle
Average OFMAP SRAM BW: 6.521 words/cycle
Average IFMAP DRAM BW: 9.471 words/cycle
Average Filter DRAM BW: 8.929 words/cycle
Average OFMAP DRAM BW: 10.559 words/cycle

Running Layer 321
Total cycles: 2005
Compute cycles: 959
Stall cycles: 0
Overall utilization: 81.75%
Mapping efficiency: 100.00%
Average IFMAP SRAM BW: 6.540 words/cycle
Average Filter SRAM BW: 0.534 words/cycle
Average OFMAP SRAM BW: 6.540 words/cycle
Average IFMAP DRAM BW: 2.981 words/cycle
Average Filter DRAM BW: 1.947 words/cycle
Average OFMAP DRAM BW: 8.000 words/cycle

Running Layer 322
Total cycles: 3749
Compute cycles: 1919
Stall cycles: 0
Overall utilization: 81.71%
Mapping efficiency: 100.00%
Average IFMAP SRAM BW: 6.537 words/cycle
Average Filter SRAM BW: 0.534 words/cycle
Average OFMAP SRAM BW: 6.537 words/cycle
Average IFMAP DRAM BW: 5.962 words/cycle
Average Filter DRAM BW: 3.894 words/cycle
Average OFMAP DRAM BW: 8.000 words/cycle

Running Layer 323
Total cycles: 7237
Compute cycles: 3839
Stall cycles: 0
Overall utilization: 81.69%
Mapping efficiency: 100.00%
Average IFMAP SRAM BW: 6.535 words/cycle
Average Filter SRAM BW: 0.533 words/cycle
Average OFMAP SRAM BW: 6.535 words/cycle
Average IFMAP DRAM BW: 5.962 words/cycle
Average Filter DRAM BW: 7.787 words/cycle
Average OFMAP DRAM BW: 8.000 words/cycle

Running Layer 324
Total cycles: 14475
Compute cycles: 7679
Stall cycles: 0
Overall utilization: 81.68%
Mapping efficiency: 100.00%
Average IFMAP SRAM BW: 6.534 words/cycle
Average Filter SRAM BW: 0.533 words/cycle
Average OFMAP SRAM BW: 6.534 words/cycle
Average IFMAP DRAM BW: 5.973 words/cycle
Average Filter DRAM BW: 7.802 words/cycle
Average OFMAP DRAM BW: 8.000 words/cycle

Running Layer 325
Total cycles: 14737
Compute cycles: 7679
Stall cycles: 0
Overall utilization: 81.68%
Mapping efficiency: 100.00%
Average IFMAP SRAM BW: 6.534 words/cycle
Average Filter SRAM BW: 0.533 words/cycle
Average OFMAP SRAM BW: 6.534 words/cycle
Average IFMAP DRAM BW: 7.970 words/cycle
Average Filter DRAM BW: 7.802 words/cycle
Average OFMAP DRAM BW: 8.000 words/cycle

Running Layer 326
Total cycles: 41258
Compute cycles: 30719
Stall cycles: 0
Overall utilization: 81.67%
Mapping efficiency: 100.00%
Average IFMAP SRAM BW: 6.534 words/cycle
Average Filter SRAM BW: 0.533 words/cycle
Average OFMAP SRAM BW: 6.534 words/cycle
Average IFMAP DRAM BW: 9.568 words/cycle
Average Filter DRAM BW: 8.929 words/cycle
Average OFMAP DRAM BW: 10.374 words/cycle

Running Layer 327
Total cycles: 2021
Compute cycles: 967
Stall cycles: 0
Overall utilization: 81.90%
Mapping efficiency: 100.00%
Average IFMAP SRAM BW: 6.552 words/cycle
Average Filter SRAM BW: 0.529 words/cycle
Average OFMAP SRAM BW: 6.552 words/cycle
Average IFMAP DRAM BW: 3.011 words/cycle
Average Filter DRAM BW: 1.947 words/cycle
Average OFMAP DRAM BW: 8.000 words/cycle

Running Layer 328
Total cycles: 3781
Compute cycles: 1935
Stall cycles: 0
Overall utilization: 81.86%
Mapping efficiency: 100.00%
Average IFMAP SRAM BW: 6.549 words/cycle
Average Filter SRAM BW: 0.529 words/cycle
Average OFMAP SRAM BW: 6.549 words/cycle
Average IFMAP DRAM BW: 6.023 words/cycle
Average Filter DRAM BW: 3.894 words/cycle
Average OFMAP DRAM BW: 8.000 words/cycle

Running Layer 329
Total cycles: 14603
Compute cycles: 7743
Stall cycles: 0
Overall utilization: 81.83%
Mapping efficiency: 100.00%
Average IFMAP SRAM BW: 6.546 words/cycle
Average Filter SRAM BW: 0.529 words/cycle
Average OFMAP SRAM BW: 6.546 words/cycle
Average IFMAP DRAM BW: 6.034 words/cycle
Average Filter DRAM BW: 7.802 words/cycle
Average OFMAP DRAM BW: 8.000 words/cycle

Running Layer 330
Total cycles: 14865
Compute cycles: 7743
Stall cycles: 0
Overall utilization: 81.83%
Mapping efficiency: 100.00%
Average IFMAP SRAM BW: 6.546 words/cycle
Average Filter SRAM BW: 0.529 words/cycle
Average OFMAP SRAM BW: 6.546 words/cycle
Average IFMAP DRAM BW: 8.051 words/cycle
Average Filter DRAM BW: 7.802 words/cycle
Average OFMAP DRAM BW: 8.000 words/cycle

Running Layer 331
Total cycles: 41770
Compute cycles: 30975
Stall cycles: 0
Overall utilization: 81.82%
Mapping efficiency: 100.00%
Average IFMAP SRAM BW: 6.546 words/cycle
Average Filter SRAM BW: 0.529 words/cycle
Average OFMAP SRAM BW: 6.546 words/cycle
Average IFMAP DRAM BW: 9.666 words/cycle
Average Filter DRAM BW: 8.929 words/cycle
Average OFMAP DRAM BW: 10.187 words/cycle

Running Layer 332
Total cycles: 2037
Compute cycles: 975
Stall cycles: 0
Overall utilization: 82.05%
Mapping efficiency: 100.00%
Average IFMAP SRAM BW: 6.564 words/cycle
Average Filter SRAM BW: 0.525 words/cycle
Average OFMAP SRAM BW: 6.564 words/cycle
Average IFMAP DRAM BW: 3.042 words/cycle
Average Filter DRAM BW: 1.947 words/cycle
Average OFMAP DRAM BW: 8.000 words/cycle

Running Layer 333
Total cycles: 3813
Compute cycles: 1951
Stall cycles: 0
Overall utilization: 82.01%
Mapping efficiency: 100.00%
Average IFMAP SRAM BW: 6.561 words/cycle
Average Filter SRAM BW: 0.525 words/cycle
Average OFMAP SRAM BW: 6.561 words/cycle
Average IFMAP DRAM BW: 6.084 words/cycle
Average Filter DRAM BW: 3.894 words/cycle
Average OFMAP DRAM BW: 8.000 words/cycle

Running Layer 334
Total cycles: 7365
Compute cycles: 3903
Stall cycles: 0
Overall utilization: 81.99%
Mapping efficiency: 100.00%
Average IFMAP SRAM BW: 6.559 words/cycle
Average Filter SRAM BW: 0.525 words/cycle
Average OFMAP SRAM BW: 6.559 words/cycle
Average IFMAP DRAM BW: 6.084 words/cycle
Average Filter DRAM BW: 7.787 words/cycle
Average OFMAP DRAM BW: 8.000 words/cycle

Running Layer 335
Total cycles: 14731
Compute cycles: 7807
Stall cycles: 0
Overall utilization: 81.98%
Mapping efficiency: 100.00%
Average IFMAP SRAM BW: 6.558 words/cycle
Average Filter SRAM BW: 0.525 words/cycle
Average OFMAP SRAM BW: 6.558 words/cycle
Average IFMAP DRAM BW: 6.095 words/cycle
Average Filter DRAM BW: 7.802 words/cycle
Average OFMAP DRAM BW: 8.000 words/cycle

Running Layer 336
Total cycles: 14993
Compute cycles: 7807
Stall cycles: 0
Overall utilization: 81.98%
Mapping efficiency: 100.00%
Average IFMAP SRAM BW: 6.558 words/cycle
Average Filter SRAM BW: 0.525 words/cycle
Average OFMAP SRAM BW: 6.558 words/cycle
Average IFMAP DRAM BW: 8.132 words/cycle
Average Filter DRAM BW: 7.802 words/cycle
Average OFMAP DRAM BW: 8.000 words/cycle

Running Layer 337
Total cycles: 42282
Compute cycles: 31231
Stall cycles: 0
Overall utilization: 81.97%
Mapping efficiency: 100.00%
Average IFMAP SRAM BW: 6.558 words/cycle
Average Filter SRAM BW: 0.525 words/cycle
Average OFMAP SRAM BW: 6.558 words/cycle
Average IFMAP DRAM BW: 9.764 words/cycle
Average Filter DRAM BW: 8.929 words/cycle
Average OFMAP DRAM BW: 10.010 words/cycle

Running Layer 338
Total cycles: 2053
Compute cycles: 983
Stall cycles: 0
Overall utilization: 82.20%
Mapping efficiency: 100.00%
Average IFMAP SRAM BW: 6.576 words/cycle
Average Filter SRAM BW: 0.521 words/cycle
Average OFMAP SRAM BW: 6.576 words/cycle
Average IFMAP DRAM BW: 3.072 words/cycle
Average Filter DRAM BW: 1.947 words/cycle
Average OFMAP DRAM BW: 8.000 words/cycle

Running Layer 339
Total cycles: 3845
Compute cycles: 1967
Stall cycles: 0
Overall utilization: 82.16%
Mapping efficiency: 100.00%
Average IFMAP SRAM BW: 6.572 words/cycle
Average Filter SRAM BW: 0.521 words/cycle
Average OFMAP SRAM BW: 6.572 words/cycle
Average IFMAP DRAM BW: 6.144 words/cycle
Average Filter DRAM BW: 3.894 words/cycle
Average OFMAP DRAM BW: 8.000 words/cycle

Running Layer 340
Total cycles: 7691
Compute cycles: 3935
Stall cycles: 0
Overall utilization: 82.13%
Mapping efficiency: 100.00%
Average IFMAP SRAM BW: 6.571 words/cycle
Average Filter SRAM BW: 0.520 words/cycle
Average OFMAP SRAM BW: 6.571 words/cycle
Average IFMAP DRAM BW: 6.156 words/cycle
Average Filter DRAM BW: 7.787 words/cycle
Average OFMAP DRAM BW: 8.000 words/cycle

Running Layer 341
Total cycles: 14859
Compute cycles: 7871
Stall cycles: 0
Overall utilization: 82.12%
Mapping efficiency: 100.00%
Average IFMAP SRAM BW: 6.570 words/cycle
Average Filter SRAM BW: 0.520 words/cycle
Average OFMAP SRAM BW: 6.570 words/cycle
Average IFMAP DRAM BW: 6.156 words/cycle
Average Filter DRAM BW: 7.802 words/cycle
Average OFMAP DRAM BW: 8.000 words/cycle

Running Layer 342
Total cycles: 15121
Compute cycles: 7871
Stall cycles: 0
Overall utilization: 82.12%
Mapping efficiency: 100.00%
Average IFMAP SRAM BW: 6.570 words/cycle
Average Filter SRAM BW: 0.520 words/cycle
Average OFMAP SRAM BW: 6.570 words/cycle
Average IFMAP DRAM BW: 8.213 words/cycle
Average Filter DRAM BW: 7.802 words/cycle
Average OFMAP DRAM BW: 8.000 words/cycle

Running Layer 343
Total cycles: 42794
Compute cycles: 31487
Stall cycles: 0
Overall utilization: 82.12%
Mapping efficiency: 100.00%
Average IFMAP SRAM BW: 6.569 words/cycle
Average Filter SRAM BW: 0.520 words/cycle
Average OFMAP SRAM BW: 6.569 words/cycle
Average IFMAP DRAM BW: 9.861 words/cycle
Average Filter DRAM BW: 8.929 words/cycle
Average OFMAP DRAM BW: 9.853 words/cycle

Running Layer 344
Total cycles: 2069
Compute cycles: 991
Stall cycles: 0
Overall utilization: 82.34%
Mapping efficiency: 100.00%
Average IFMAP SRAM BW: 6.587 words/cycle
Average Filter SRAM BW: 0.517 words/cycle
Average OFMAP SRAM BW: 6.587 words/cycle
Average IFMAP DRAM BW: 3.103 words/cycle
Average Filter DRAM BW: 1.947 words/cycle
Average OFMAP DRAM BW: 8.000 words/cycle

Running Layer 345
Total cycles: 3877
Compute cycles: 1983
Stall cycles: 0
Overall utilization: 82.30%
Mapping efficiency: 100.00%
Average IFMAP SRAM BW: 6.584 words/cycle
Average Filter SRAM BW: 0.516 words/cycle
Average OFMAP SRAM BW: 6.584 words/cycle
Average IFMAP DRAM BW: 6.205 words/cycle
Average Filter DRAM BW: 3.894 words/cycle
Average OFMAP DRAM BW: 8.000 words/cycle

Running Layer 346
Total cycles: 7493
Compute cycles: 3967
Stall cycles: 0
Overall utilization: 82.28%
Mapping efficiency: 100.00%
Average IFMAP SRAM BW: 6.582 words/cycle
Average Filter SRAM BW: 0.516 words/cycle
Average OFMAP SRAM BW: 6.582 words/cycle
Average IFMAP DRAM BW: 6.205 words/cycle
Average Filter DRAM BW: 7.787 words/cycle
Average OFMAP DRAM BW: 8.000 words/cycle

Running Layer 347
Total cycles: 14987
Compute cycles: 7935
Stall cycles: 0
Overall utilization: 82.27%
Mapping efficiency: 100.00%
Average IFMAP SRAM BW: 6.581 words/cycle
Average Filter SRAM BW: 0.516 words/cycle
Average OFMAP SRAM BW: 6.581 words/cycle
Average IFMAP DRAM BW: 6.217 words/cycle
Average Filter DRAM BW: 7.802 words/cycle
Average OFMAP DRAM BW: 8.000 words/cycle

Running Layer 348
Total cycles: 15249
Compute cycles: 7935
Stall cycles: 0
Overall utilization: 82.27%
Mapping efficiency: 100.00%
Average IFMAP SRAM BW: 6.581 words/cycle
Average Filter SRAM BW: 0.516 words/cycle
Average OFMAP SRAM BW: 6.581 words/cycle
Average IFMAP DRAM BW: 8.295 words/cycle
Average Filter DRAM BW: 7.802 words/cycle
Average OFMAP DRAM BW: 8.000 words/cycle

Running Layer 349
Total cycles: 43306
Compute cycles: 31743
Stall cycles: 0
Overall utilization: 82.26%
Mapping efficiency: 100.00%
Average IFMAP SRAM BW: 6.581 words/cycle
Average Filter SRAM BW: 0.516 words/cycle
Average OFMAP SRAM BW: 6.581 words/cycle
Average IFMAP DRAM BW: 9.959 words/cycle
Average Filter DRAM BW: 8.929 words/cycle
Average OFMAP DRAM BW: 9.694 words/cycle

Running Layer 350
Total cycles: 2085
Compute cycles: 999
Stall cycles: 0
Overall utilization: 82.48%
Mapping efficiency: 100.00%
Average IFMAP SRAM BW: 6.599 words/cycle
Average Filter SRAM BW: 0.513 words/cycle
Average OFMAP SRAM BW: 6.599 words/cycle
Average IFMAP DRAM BW: 3.133 words/cycle
Average Filter DRAM BW: 1.947 words/cycle
Average OFMAP DRAM BW: 8.000 words/cycle

Running Layer 351
Total cycles: 15115
Compute cycles: 7999
Stall cycles: 0
Overall utilization: 82.41%
Mapping efficiency: 100.00%
Average IFMAP SRAM BW: 6.593 words/cycle
Average Filter SRAM BW: 0.512 words/cycle
Average OFMAP SRAM BW: 6.593 words/cycle
Average IFMAP DRAM BW: 6.278 words/cycle
Average Filter DRAM BW: 7.802 words/cycle
Average OFMAP DRAM BW: 8.000 words/cycle

Running Layer 352
Total cycles: 15377
Compute cycles: 7999
Stall cycles: 0
Overall utilization: 82.41%
Mapping efficiency: 100.00%
Average IFMAP SRAM BW: 6.593 words/cycle
Average Filter SRAM BW: 0.512 words/cycle
Average OFMAP SRAM BW: 6.593 words/cycle
Average IFMAP DRAM BW: 8.376 words/cycle
Average Filter DRAM BW: 7.802 words/cycle
Average OFMAP DRAM BW: 8.000 words/cycle

Running Layer 353
Total cycles: 43818
Compute cycles: 31999
Stall cycles: 0
Overall utilization: 82.40%
Mapping efficiency: 100.00%
Average IFMAP SRAM BW: 6.592 words/cycle
Average Filter SRAM BW: 0.512 words/cycle
Average OFMAP SRAM BW: 6.592 words/cycle
Average IFMAP DRAM BW: 8.381 words/cycle
Average Filter DRAM BW: 8.929 words/cycle
Average OFMAP DRAM BW: 9.552 words/cycle

Running Layer 354
Total cycles: 2101
Compute cycles: 1007
Stall cycles: 0
Overall utilization: 82.62%
Mapping efficiency: 100.00%
Average IFMAP SRAM BW: 6.610 words/cycle
Average Filter SRAM BW: 0.508 words/cycle
Average OFMAP SRAM BW: 6.610 words/cycle
Average IFMAP DRAM BW: 3.163 words/cycle
Average Filter DRAM BW: 1.947 words/cycle
Average OFMAP DRAM BW: 8.000 words/cycle

Running Layer 355
Total cycles: 3941
Compute cycles: 2015
Stall cycles: 0
Overall utilization: 82.58%
Mapping efficiency: 100.00%
Average IFMAP SRAM BW: 6.606 words/cycle
Average Filter SRAM BW: 0.508 words/cycle
Average OFMAP SRAM BW: 6.606 words/cycle
Average IFMAP DRAM BW: 6.327 words/cycle
Average Filter DRAM BW: 3.894 words/cycle
Average OFMAP DRAM BW: 8.000 words/cycle

Running Layer 356
Total cycles: 15243
Compute cycles: 8063
Stall cycles: 0
Overall utilization: 82.55%
Mapping efficiency: 100.00%
Average IFMAP SRAM BW: 6.604 words/cycle
Average Filter SRAM BW: 0.508 words/cycle
Average OFMAP SRAM BW: 6.604 words/cycle
Average IFMAP DRAM BW: 6.339 words/cycle
Average Filter DRAM BW: 7.802 words/cycle
Average OFMAP DRAM BW: 8.000 words/cycle

Running Layer 357
Total cycles: 15505
Compute cycles: 8063
Stall cycles: 0
Overall utilization: 82.55%
Mapping efficiency: 100.00%
Average IFMAP SRAM BW: 6.604 words/cycle
Average Filter SRAM BW: 0.508 words/cycle
Average OFMAP SRAM BW: 6.604 words/cycle
Average IFMAP DRAM BW: 8.457 words/cycle
Average Filter DRAM BW: 7.802 words/cycle
Average OFMAP DRAM BW: 8.000 words/cycle

Running Layer 358
Total cycles: 44330
Compute cycles: 32255
Stall cycles: 0
Overall utilization: 82.54%
Mapping efficiency: 100.00%
Average IFMAP SRAM BW: 6.603 words/cycle
Average Filter SRAM BW: 0.508 words/cycle
Average OFMAP SRAM BW: 6.603 words/cycle
Average IFMAP DRAM BW: 8.463 words/cycle
Average Filter DRAM BW: 8.929 words/cycle
Average OFMAP DRAM BW: 9.408 words/cycle

Running Layer 359
Total cycles: 2117
Compute cycles: 1015
Stall cycles: 0
Overall utilization: 82.76%
Mapping efficiency: 100.00%
Average IFMAP SRAM BW: 6.621 words/cycle
Average Filter SRAM BW: 0.504 words/cycle
Average OFMAP SRAM BW: 6.621 words/cycle
Average IFMAP DRAM BW: 3.194 words/cycle
Average Filter DRAM BW: 1.947 words/cycle
Average OFMAP DRAM BW: 8.000 words/cycle

Running Layer 360
Total cycles: 15371
Compute cycles: 8127
Stall cycles: 0
Overall utilization: 82.69%
Mapping efficiency: 100.00%
Average IFMAP SRAM BW: 6.615 words/cycle
Average Filter SRAM BW: 0.504 words/cycle
Average OFMAP SRAM BW: 6.615 words/cycle
Average IFMAP DRAM BW: 6.400 words/cycle
Average Filter DRAM BW: 7.802 words/cycle
Average OFMAP DRAM BW: 8.000 words/cycle

Running Layer 361
Total cycles: 15633
Compute cycles: 8127
Stall cycles: 0
Overall utilization: 82.69%
Mapping efficiency: 100.00%
Average IFMAP SRAM BW: 6.615 words/cycle
Average Filter SRAM BW: 0.504 words/cycle
Average OFMAP SRAM BW: 6.615 words/cycle
Average IFMAP DRAM BW: 8.539 words/cycle
Average Filter DRAM BW: 7.802 words/cycle
Average OFMAP DRAM BW: 8.000 words/cycle

Running Layer 362
Total cycles: 44842
Compute cycles: 32511
Stall cycles: 0
Overall utilization: 82.68%
Mapping efficiency: 100.00%
Average IFMAP SRAM BW: 6.614 words/cycle
Average Filter SRAM BW: 0.504 words/cycle
Average OFMAP SRAM BW: 6.614 words/cycle
Average IFMAP DRAM BW: 8.544 words/cycle
Average Filter DRAM BW: 8.929 words/cycle
Average OFMAP DRAM BW: 9.280 words/cycle

Running Layer 363
Total cycles: 2133
Compute cycles: 1023
Stall cycles: 0
Overall utilization: 82.89%
Mapping efficiency: 100.00%
Average IFMAP SRAM BW: 6.631 words/cycle
Average Filter SRAM BW: 0.500 words/cycle
Average OFMAP SRAM BW: 6.631 words/cycle
Average IFMAP DRAM BW: 3.224 words/cycle
Average Filter DRAM BW: 1.947 words/cycle
Average OFMAP DRAM BW: 8.000 words/cycle

Running Layer 364
Total cycles: 4005
Compute cycles: 2047
Stall cycles: 0
Overall utilization: 82.85%
Mapping efficiency: 100.00%
Average IFMAP SRAM BW: 6.628 words/cycle
Average Filter SRAM BW: 0.500 words/cycle
Average OFMAP SRAM BW: 6.628 words/cycle
Average IFMAP DRAM BW: 6.449 words/cycle
Average Filter DRAM BW: 3.894 words/cycle
Average OFMAP DRAM BW: 8.000 words/cycle

Running Layer 365
Total cycles: 7749
Compute cycles: 4095
Stall cycles: 0
Overall utilization: 82.83%
Mapping efficiency: 100.00%
Average IFMAP SRAM BW: 6.627 words/cycle
Average Filter SRAM BW: 0.500 words/cycle
Average OFMAP SRAM BW: 6.627 words/cycle
Average IFMAP DRAM BW: 6.449 words/cycle
Average Filter DRAM BW: 7.787 words/cycle
Average OFMAP DRAM BW: 8.000 words/cycle

Running Layer 366
Total cycles: 15499
Compute cycles: 8191
Stall cycles: 0
Overall utilization: 82.82%
Mapping efficiency: 100.00%
Average IFMAP SRAM BW: 6.626 words/cycle
Average Filter SRAM BW: 0.500 words/cycle
Average OFMAP SRAM BW: 6.626 words/cycle
Average IFMAP DRAM BW: 6.461 words/cycle
Average Filter DRAM BW: 7.802 words/cycle
Average OFMAP DRAM BW: 8.000 words/cycle

Running Layer 367
Total cycles: 15761
Compute cycles: 8191
Stall cycles: 0
Overall utilization: 82.82%
Mapping efficiency: 100.00%
Average IFMAP SRAM BW: 6.626 words/cycle
Average Filter SRAM BW: 0.500 words/cycle
Average OFMAP SRAM BW: 6.626 words/cycle
Average IFMAP DRAM BW: 8.620 words/cycle
Average Filter DRAM BW: 7.802 words/cycle
Average OFMAP DRAM BW: 8.000 words/cycle

Running Layer 368
Total cycles: 45354
Compute cycles: 32767
Stall cycles: 0
Overall utilization: 82.82%
Mapping efficiency: 100.00%
Average IFMAP SRAM BW: 6.625 words/cycle
Average Filter SRAM BW: 0.500 words/cycle
Average OFMAP SRAM BW: 6.625 words/cycle
Average IFMAP DRAM BW: 8.626 words/cycle
Average Filter DRAM BW: 8.929 words/cycle
Average OFMAP DRAM BW: 9.149 words/cycle

Running Layer 369
Total cycles: 2149
Compute cycles: 1031
Stall cycles: 0
Overall utilization: 83.03%
Mapping efficiency: 100.00%
Average IFMAP SRAM BW: 6.642 words/cycle
Average Filter SRAM BW: 0.497 words/cycle
Average OFMAP SRAM BW: 6.642 words/cycle
Average IFMAP DRAM BW: 3.255 words/cycle
Average Filter DRAM BW: 1.947 words/cycle
Average OFMAP DRAM BW: 8.000 words/cycle

Running Layer 370
Total cycles: 4037
Compute cycles: 2063
Stall cycles: 0
Overall utilization: 82.99%
Mapping efficiency: 100.00%
Average IFMAP SRAM BW: 6.639 words/cycle
Average Filter SRAM BW: 0.496 words/cycle
Average OFMAP SRAM BW: 6.639 words/cycle
Average IFMAP DRAM BW: 6.510 words/cycle
Average Filter DRAM BW: 3.894 words/cycle
Average OFMAP DRAM BW: 8.000 words/cycle

Running Layer 371
Total cycles: 8075
Compute cycles: 4127
Stall cycles: 0
Overall utilization: 82.97%
Mapping efficiency: 100.00%
Average IFMAP SRAM BW: 6.637 words/cycle
Average Filter SRAM BW: 0.496 words/cycle
Average OFMAP SRAM BW: 6.637 words/cycle
Average IFMAP DRAM BW: 6.522 words/cycle
Average Filter DRAM BW: 7.787 words/cycle
Average OFMAP DRAM BW: 8.000 words/cycle

Running Layer 372
Total cycles: 15627
Compute cycles: 8255
Stall cycles: 0
Overall utilization: 82.96%
Mapping efficiency: 100.00%
Average IFMAP SRAM BW: 6.636 words/cycle
Average Filter SRAM BW: 0.496 words/cycle
Average OFMAP SRAM BW: 6.636 words/cycle
Average IFMAP DRAM BW: 6.522 words/cycle
Average Filter DRAM BW: 7.802 words/cycle
Average OFMAP DRAM BW: 8.000 words/cycle

Running Layer 373
Total cycles: 15889
Compute cycles: 8255
Stall cycles: 0
Overall utilization: 82.96%
Mapping efficiency: 100.00%
Average IFMAP SRAM BW: 6.636 words/cycle
Average Filter SRAM BW: 0.496 words/cycle
Average OFMAP SRAM BW: 6.636 words/cycle
Average IFMAP DRAM BW: 8.701 words/cycle
Average Filter DRAM BW: 7.802 words/cycle
Average OFMAP DRAM BW: 8.000 words/cycle

Running Layer 374
Total cycles: 45866
Compute cycles: 33023
Stall cycles: 0
Overall utilization: 82.95%
Mapping efficiency: 100.00%
Average IFMAP SRAM BW: 6.636 words/cycle
Average Filter SRAM BW: 0.496 words/cycle
Average OFMAP SRAM BW: 6.636 words/cycle
Average IFMAP DRAM BW: 8.707 words/cycle
Average Filter DRAM BW: 8.929 words/cycle
Average OFMAP DRAM BW: 9.032 words/cycle

Running Layer 375
Total cycles: 2165
Compute cycles: 1039
Stall cycles: 0
Overall utilization: 83.16%
Mapping efficiency: 100.00%
Average IFMAP SRAM BW: 6.653 words/cycle
Average Filter SRAM BW: 0.493 words/cycle
Average OFMAP SRAM BW: 6.653 words/cycle
Average IFMAP DRAM BW: 3.285 words/cycle
Average Filter DRAM BW: 1.947 words/cycle
Average OFMAP DRAM BW: 8.000 words/cycle

Running Layer 376
Total cycles: 4069
Compute cycles: 2079
Stall cycles: 0
Overall utilization: 83.12%
Mapping efficiency: 100.00%
Average IFMAP SRAM BW: 6.649 words/cycle
Average Filter SRAM BW: 0.493 words/cycle
Average OFMAP SRAM BW: 6.649 words/cycle
Average IFMAP DRAM BW: 6.570 words/cycle
Average Filter DRAM BW: 3.894 words/cycle
Average OFMAP DRAM BW: 8.000 words/cycle

Running Layer 377
Total cycles: 7877
Compute cycles: 4159
Stall cycles: 0
Overall utilization: 83.10%
Mapping efficiency: 100.00%
Average IFMAP SRAM BW: 6.648 words/cycle
Average Filter SRAM BW: 0.492 words/cycle
Average OFMAP SRAM BW: 6.648 words/cycle
Average IFMAP DRAM BW: 6.570 words/cycle
Average Filter DRAM BW: 7.787 words/cycle
Average OFMAP DRAM BW: 8.000 words/cycle

Running Layer 378
Total cycles: 15755
Compute cycles: 8319
Stall cycles: 0
Overall utilization: 83.09%
Mapping efficiency: 100.00%
Average IFMAP SRAM BW: 6.647 words/cycle
Average Filter SRAM BW: 0.492 words/cycle
Average OFMAP SRAM BW: 6.647 words/cycle
Average IFMAP DRAM BW: 6.583 words/cycle
Average Filter DRAM BW: 7.802 words/cycle
Average OFMAP DRAM BW: 8.000 words/cycle

Running Layer 379
Total cycles: 16017
Compute cycles: 8319
Stall cycles: 0
Overall utilization: 83.09%
Mapping efficiency: 100.00%
Average IFMAP SRAM BW: 6.647 words/cycle
Average Filter SRAM BW: 0.492 words/cycle
Average OFMAP SRAM BW: 6.647 words/cycle
Average IFMAP DRAM BW: 8.783 words/cycle
Average Filter DRAM BW: 7.802 words/cycle
Average OFMAP DRAM BW: 8.000 words/cycle

Running Layer 380
Total cycles: 46378
Compute cycles: 33279
Stall cycles: 0
Overall utilization: 83.08%
Mapping efficiency: 100.00%
Average IFMAP SRAM BW: 6.646 words/cycle
Average Filter SRAM BW: 0.492 words/cycle
Average OFMAP SRAM BW: 6.646 words/cycle
Average IFMAP DRAM BW: 8.788 words/cycle
Average Filter DRAM BW: 8.929 words/cycle
Average OFMAP DRAM BW: 8.912 words/cycle

Running Layer 381
Total cycles: 2181
Compute cycles: 1047
Stall cycles: 0
Overall utilization: 83.29%
Mapping efficiency: 100.00%
Average IFMAP SRAM BW: 6.663 words/cycle
Average Filter SRAM BW: 0.489 words/cycle
Average OFMAP SRAM BW: 6.663 words/cycle
Average IFMAP DRAM BW: 3.316 words/cycle
Average Filter DRAM BW: 1.947 words/cycle
Average OFMAP DRAM BW: 8.000 words/cycle

Running Layer 382
Total cycles: 7941
Compute cycles: 4191
Stall cycles: 0
Overall utilization: 83.23%
Mapping efficiency: 100.00%
Average IFMAP SRAM BW: 6.658 words/cycle
Average Filter SRAM BW: 0.489 words/cycle
Average OFMAP SRAM BW: 6.658 words/cycle
Average IFMAP DRAM BW: 6.631 words/cycle
Average Filter DRAM BW: 7.787 words/cycle
Average OFMAP DRAM BW: 8.000 words/cycle

Running Layer 383
Total cycles: 15883
Compute cycles: 8383
Stall cycles: 0
Overall utilization: 83.22%
Mapping efficiency: 100.00%
Average IFMAP SRAM BW: 6.657 words/cycle
Average Filter SRAM BW: 0.489 words/cycle
Average OFMAP SRAM BW: 6.657 words/cycle
Average IFMAP DRAM BW: 6.644 words/cycle
Average Filter DRAM BW: 7.802 words/cycle
Average OFMAP DRAM BW: 8.000 words/cycle

Running Layer 384
Total cycles: 16145
Compute cycles: 8383
Stall cycles: 0
Overall utilization: 83.22%
Mapping efficiency: 100.00%
Average IFMAP SRAM BW: 6.657 words/cycle
Average Filter SRAM BW: 0.489 words/cycle
Average OFMAP SRAM BW: 6.657 words/cycle
Average IFMAP DRAM BW: 8.864 words/cycle
Average Filter DRAM BW: 7.802 words/cycle
Average OFMAP DRAM BW: 8.000 words/cycle

Running Layer 385
Total cycles: 46890
Compute cycles: 33535
Stall cycles: 0
Overall utilization: 83.21%
Mapping efficiency: 100.00%
Average IFMAP SRAM BW: 6.657 words/cycle
Average Filter SRAM BW: 0.489 words/cycle
Average OFMAP SRAM BW: 6.657 words/cycle
Average IFMAP DRAM BW: 8.870 words/cycle
Average Filter DRAM BW: 8.929 words/cycle
Average OFMAP DRAM BW: 8.805 words/cycle

Running Layer 386
Total cycles: 2197
Compute cycles: 1055
Stall cycles: 0
Overall utilization: 83.41%
Mapping efficiency: 100.00%
Average IFMAP SRAM BW: 6.673 words/cycle
Average Filter SRAM BW: 0.485 words/cycle
Average OFMAP SRAM BW: 6.673 words/cycle
Average IFMAP DRAM BW: 3.346 words/cycle
Average Filter DRAM BW: 1.947 words/cycle
Average OFMAP DRAM BW: 8.000 words/cycle

Running Layer 387
Total cycles: 4133
Compute cycles: 2111
Stall cycles: 0
Overall utilization: 83.37%
Mapping efficiency: 100.00%
Average IFMAP SRAM BW: 6.670 words/cycle
Average Filter SRAM BW: 0.485 words/cycle
Average OFMAP SRAM BW: 6.670 words/cycle
Average IFMAP DRAM BW: 6.692 words/cycle
Average Filter DRAM BW: 3.894 words/cycle
Average OFMAP DRAM BW: 8.000 words/cycle

Running Layer 388
Total cycles: 8005
Compute cycles: 4223
Stall cycles: 0
Overall utilization: 83.35%
Mapping efficiency: 100.00%
Average IFMAP SRAM BW: 6.668 words/cycle
Average Filter SRAM BW: 0.485 words/cycle
Average OFMAP SRAM BW: 6.668 words/cycle
Average IFMAP DRAM BW: 6.692 words/cycle
Average Filter DRAM BW: 7.787 words/cycle
Average OFMAP DRAM BW: 8.000 words/cycle

Running Layer 389
Total cycles: 16011
Compute cycles: 8447
Stall cycles: 0
Overall utilization: 83.34%
Mapping efficiency: 100.00%
Average IFMAP SRAM BW: 6.667 words/cycle
Average Filter SRAM BW: 0.485 words/cycle
Average OFMAP SRAM BW: 6.667 words/cycle
Average IFMAP DRAM BW: 6.705 words/cycle
Average Filter DRAM BW: 7.802 words/cycle
Average OFMAP DRAM BW: 8.000 words/cycle

Running Layer 390
Total cycles: 16273
Compute cycles: 8447
Stall cycles: 0
Overall utilization: 83.34%
Mapping efficiency: 100.00%
Average IFMAP SRAM BW: 6.667 words/cycle
Average Filter SRAM BW: 0.485 words/cycle
Average OFMAP SRAM BW: 6.667 words/cycle
Average IFMAP DRAM BW: 8.945 words/cycle
Average Filter DRAM BW: 7.802 words/cycle
Average OFMAP DRAM BW: 8.000 words/cycle

Running Layer 391
Total cycles: 47402
Compute cycles: 33791
Stall cycles: 0
Overall utilization: 83.34%
Mapping efficiency: 100.00%
Average IFMAP SRAM BW: 6.667 words/cycle
Average Filter SRAM BW: 0.485 words/cycle
Average OFMAP SRAM BW: 6.667 words/cycle
Average IFMAP DRAM BW: 8.951 words/cycle
Average Filter DRAM BW: 8.929 words/cycle
Average OFMAP DRAM BW: 8.695 words/cycle

Running Layer 392
Total cycles: 2213
Compute cycles: 1063
Stall cycles: 0
Overall utilization: 83.54%
Mapping efficiency: 100.00%
Average IFMAP SRAM BW: 6.683 words/cycle
Average Filter SRAM BW: 0.482 words/cycle
Average OFMAP SRAM BW: 6.683 words/cycle
Average IFMAP DRAM BW: 3.376 words/cycle
Average Filter DRAM BW: 1.947 words/cycle
Average OFMAP DRAM BW: 8.000 words/cycle

Running Layer 393
Total cycles: 4165
Compute cycles: 2127
Stall cycles: 0
Overall utilization: 83.50%
Mapping efficiency: 100.00%
Average IFMAP SRAM BW: 6.680 words/cycle
Average Filter SRAM BW: 0.481 words/cycle
Average OFMAP SRAM BW: 6.680 words/cycle
Average IFMAP DRAM BW: 6.753 words/cycle
Average Filter DRAM BW: 3.894 words/cycle
Average OFMAP DRAM BW: 8.000 words/cycle

Running Layer 394
Total cycles: 16139
Compute cycles: 8511
Stall cycles: 0
Overall utilization: 83.47%
Mapping efficiency: 100.00%
Average IFMAP SRAM BW: 6.677 words/cycle
Average Filter SRAM BW: 0.481 words/cycle
Average OFMAP SRAM BW: 6.677 words/cycle
Average IFMAP DRAM BW: 6.766 words/cycle
Average Filter DRAM BW: 7.802 words/cycle
Average OFMAP DRAM BW: 8.000 words/cycle

Running Layer 395
Total cycles: 16401
Compute cycles: 8511
Stall cycles: 0
Overall utilization: 83.47%
Mapping efficiency: 100.00%
Average IFMAP SRAM BW: 6.677 words/cycle
Average Filter SRAM BW: 0.481 words/cycle
Average OFMAP SRAM BW: 6.677 words/cycle
Average IFMAP DRAM BW: 9.027 words/cycle
Average Filter DRAM BW: 7.802 words/cycle
Average OFMAP DRAM BW: 8.000 words/cycle

Running Layer 396
Total cycles: 47914
Compute cycles: 34047
Stall cycles: 0
Overall utilization: 83.46%
Mapping efficiency: 100.00%
Average IFMAP SRAM BW: 6.677 words/cycle
Average Filter SRAM BW: 0.481 words/cycle
Average OFMAP SRAM BW: 6.677 words/cycle
Average IFMAP DRAM BW: 9.032 words/cycle
Average Filter DRAM BW: 8.929 words/cycle
Average OFMAP DRAM BW: 8.597 words/cycle

Running Layer 397
Total cycles: 2229
Compute cycles: 1071
Stall cycles: 0
Overall utilization: 83.66%
Mapping efficiency: 100.00%
Average IFMAP SRAM BW: 6.693 words/cycle
Average Filter SRAM BW: 0.478 words/cycle
Average OFMAP SRAM BW: 6.693 words/cycle
Average IFMAP DRAM BW: 3.407 words/cycle
Average Filter DRAM BW: 1.947 words/cycle
Average OFMAP DRAM BW: 8.000 words/cycle

Running Layer 398
Total cycles: 4197
Compute cycles: 2143
Stall cycles: 0
Overall utilization: 83.62%
Mapping efficiency: 100.00%
Average IFMAP SRAM BW: 6.690 words/cycle
Average Filter SRAM BW: 0.478 words/cycle
Average OFMAP SRAM BW: 6.690 words/cycle
Average IFMAP DRAM BW: 6.814 words/cycle
Average Filter DRAM BW: 3.894 words/cycle
Average OFMAP DRAM BW: 8.000 words/cycle

Running Layer 399
Total cycles: 8133
Compute cycles: 4287
Stall cycles: 0
Overall utilization: 83.60%
Mapping efficiency: 100.00%
Average IFMAP SRAM BW: 6.688 words/cycle
Average Filter SRAM BW: 0.478 words/cycle
Average OFMAP SRAM BW: 6.688 words/cycle
Average IFMAP DRAM BW: 6.814 words/cycle
Average Filter DRAM BW: 7.787 words/cycle
Average OFMAP DRAM BW: 8.000 words/cycle

Running Layer 400
Total cycles: 16267
Compute cycles: 8575
Stall cycles: 0
Overall utilization: 83.59%
Mapping efficiency: 100.00%
Average IFMAP SRAM BW: 6.687 words/cycle
Average Filter SRAM BW: 0.478 words/cycle
Average OFMAP SRAM BW: 6.687 words/cycle
Average IFMAP DRAM BW: 6.827 words/cycle
Average Filter DRAM BW: 7.802 words/cycle
Average OFMAP DRAM BW: 8.000 words/cycle

Running Layer 401
Total cycles: 16529
Compute cycles: 8575
Stall cycles: 0
Overall utilization: 83.59%
Mapping efficiency: 100.00%
Average IFMAP SRAM BW: 6.687 words/cycle
Average Filter SRAM BW: 0.478 words/cycle
Average OFMAP SRAM BW: 6.687 words/cycle
Average IFMAP DRAM BW: 9.108 words/cycle
Average Filter DRAM BW: 7.802 words/cycle
Average OFMAP DRAM BW: 8.000 words/cycle

Running Layer 402
Total cycles: 48426
Compute cycles: 34303
Stall cycles: 0
Overall utilization: 83.58%
Mapping efficiency: 100.00%
Average IFMAP SRAM BW: 6.687 words/cycle
Average Filter SRAM BW: 0.478 words/cycle
Average OFMAP SRAM BW: 6.687 words/cycle
Average IFMAP DRAM BW: 9.114 words/cycle
Average Filter DRAM BW: 8.929 words/cycle
Average OFMAP DRAM BW: 8.503 words/cycle

Running Layer 403
Total cycles: 4229
Compute cycles: 2159
Stall cycles: 0
Overall utilization: 83.74%
Mapping efficiency: 100.00%
Average IFMAP SRAM BW: 6.699 words/cycle
Average Filter SRAM BW: 0.474 words/cycle
Average OFMAP SRAM BW: 6.699 words/cycle
Average IFMAP DRAM BW: 6.875 words/cycle
Average Filter DRAM BW: 3.894 words/cycle
Average OFMAP DRAM BW: 8.000 words/cycle

Running Layer 404
Total cycles: 8197
Compute cycles: 4319
Stall cycles: 0
Overall utilization: 83.72%
Mapping efficiency: 100.00%
Average IFMAP SRAM BW: 6.698 words/cycle
Average Filter SRAM BW: 0.474 words/cycle
Average OFMAP SRAM BW: 6.698 words/cycle
Average IFMAP DRAM BW: 6.875 words/cycle
Average Filter DRAM BW: 7.787 words/cycle
Average OFMAP DRAM BW: 8.000 words/cycle

Running Layer 405
Total cycles: 8459
Compute cycles: 4319
Stall cycles: 0
Overall utilization: 83.72%
Mapping efficiency: 100.00%
Average IFMAP SRAM BW: 6.698 words/cycle
Average Filter SRAM BW: 0.474 words/cycle
Average OFMAP SRAM BW: 6.698 words/cycle
Average IFMAP DRAM BW: 6.888 words/cycle
Average Filter DRAM BW: 7.787 words/cycle
Average OFMAP DRAM BW: 8.000 words/cycle

Running Layer 406
Total cycles: 16395
Compute cycles: 8639
Stall cycles: 0
Overall utilization: 83.71%
Mapping efficiency: 100.00%
Average IFMAP SRAM BW: 6.697 words/cycle
Average Filter SRAM BW: 0.474 words/cycle
Average OFMAP SRAM BW: 6.697 words/cycle
Average IFMAP DRAM BW: 6.888 words/cycle
Average Filter DRAM BW: 7.802 words/cycle
Average OFMAP DRAM BW: 8.000 words/cycle

Running Layer 407
Total cycles: 16657
Compute cycles: 8639
Stall cycles: 0
Overall utilization: 83.71%
Mapping efficiency: 100.00%
Average IFMAP SRAM BW: 6.697 words/cycle
Average Filter SRAM BW: 0.474 words/cycle
Average OFMAP SRAM BW: 6.697 words/cycle
Average IFMAP DRAM BW: 9.189 words/cycle
Average Filter DRAM BW: 7.802 words/cycle
Average OFMAP DRAM BW: 8.000 words/cycle

Running Layer 408
Total cycles: 48938
Compute cycles: 34559
Stall cycles: 0
Overall utilization: 83.71%
Mapping efficiency: 100.00%
Average IFMAP SRAM BW: 6.696 words/cycle
Average Filter SRAM BW: 0.474 words/cycle
Average OFMAP SRAM BW: 6.696 words/cycle
Average IFMAP DRAM BW: 9.195 words/cycle
Average Filter DRAM BW: 8.929 words/cycle
Average OFMAP DRAM BW: 8.406 words/cycle

Running Layer 409
Total cycles: 2261
Compute cycles: 1087
Stall cycles: 0
Overall utilization: 83.90%
Mapping efficiency: 100.00%
Average IFMAP SRAM BW: 6.712 words/cycle
Average Filter SRAM BW: 0.471 words/cycle
Average OFMAP SRAM BW: 6.712 words/cycle
Average IFMAP DRAM BW: 3.468 words/cycle
Average Filter DRAM BW: 1.947 words/cycle
Average OFMAP DRAM BW: 8.000 words/cycle

Running Layer 410
Total cycles: 4261
Compute cycles: 2175
Stall cycles: 0
Overall utilization: 83.86%
Mapping efficiency: 100.00%
Average IFMAP SRAM BW: 6.709 words/cycle
Average Filter SRAM BW: 0.471 words/cycle
Average OFMAP SRAM BW: 6.709 words/cycle
Average IFMAP DRAM BW: 6.935 words/cycle
Average Filter DRAM BW: 3.894 words/cycle
Average OFMAP DRAM BW: 8.000 words/cycle

Running Layer 411
Total cycles: 8261
Compute cycles: 4351
Stall cycles: 0
Overall utilization: 83.84%
Mapping efficiency: 100.00%
Average IFMAP SRAM BW: 6.707 words/cycle
Average Filter SRAM BW: 0.471 words/cycle
Average OFMAP SRAM BW: 6.707 words/cycle
Average IFMAP DRAM BW: 6.935 words/cycle
Average Filter DRAM BW: 7.787 words/cycle
Average OFMAP DRAM BW: 8.000 words/cycle

Running Layer 412
Total cycles: 8523
Compute cycles: 4351
Stall cycles: 0
Overall utilization: 83.84%
Mapping efficiency: 100.00%
Average IFMAP SRAM BW: 6.707 words/cycle
Average Filter SRAM BW: 0.471 words/cycle
Average OFMAP SRAM BW: 6.707 words/cycle
Average IFMAP DRAM BW: 6.949 words/cycle
Average Filter DRAM BW: 7.787 words/cycle
Average OFMAP DRAM BW: 8.000 words/cycle

Running Layer 413
Total cycles: 16523
Compute cycles: 8703
Stall cycles: 0
Overall utilization: 83.83%
Mapping efficiency: 100.00%
Average IFMAP SRAM BW: 6.707 words/cycle
Average Filter SRAM BW: 0.471 words/cycle
Average OFMAP SRAM BW: 6.707 words/cycle
Average IFMAP DRAM BW: 6.949 words/cycle
Average Filter DRAM BW: 7.802 words/cycle
Average OFMAP DRAM BW: 8.000 words/cycle

Running Layer 414
Total cycles: 16785
Compute cycles: 8703
Stall cycles: 0
Overall utilization: 83.83%
Mapping efficiency: 100.00%
Average IFMAP SRAM BW: 6.707 words/cycle
Average Filter SRAM BW: 0.471 words/cycle
Average OFMAP SRAM BW: 6.707 words/cycle
Average IFMAP DRAM BW: 9.271 words/cycle
Average Filter DRAM BW: 7.802 words/cycle
Average OFMAP DRAM BW: 8.000 words/cycle

Running Layer 415
Total cycles: 49450
Compute cycles: 34815
Stall cycles: 0
Overall utilization: 83.83%
Mapping efficiency: 100.00%
Average IFMAP SRAM BW: 6.706 words/cycle
Average Filter SRAM BW: 0.471 words/cycle
Average OFMAP SRAM BW: 6.706 words/cycle
Average IFMAP DRAM BW: 9.277 words/cycle
Average Filter DRAM BW: 8.929 words/cycle
Average OFMAP DRAM BW: 8.318 words/cycle

Running Layer 416
Total cycles: 2277
Compute cycles: 1095
Stall cycles: 0
Overall utilization: 84.02%
Mapping efficiency: 100.00%
Average IFMAP SRAM BW: 6.721 words/cycle
Average Filter SRAM BW: 0.468 words/cycle
Average OFMAP SRAM BW: 6.721 words/cycle
Average IFMAP DRAM BW: 3.498 words/cycle
Average Filter DRAM BW: 1.947 words/cycle
Average OFMAP DRAM BW: 8.000 words/cycle

Running Layer 417
Total cycles: 4293
Compute cycles: 2191
Stall cycles: 0
Overall utilization: 83.98%
Mapping efficiency: 100.00%
Average IFMAP SRAM BW: 6.718 words/cycle
Average Filter SRAM BW: 0.467 words/cycle
Average OFMAP SRAM BW: 6.718 words/cycle
Average IFMAP DRAM BW: 6.996 words/cycle
Average Filter DRAM BW: 3.894 words/cycle
Average OFMAP DRAM BW: 8.000 words/cycle

Running Layer 418
Total cycles: 8587
Compute cycles: 4383
Stall cycles: 0
Overall utilization: 83.96%
Mapping efficiency: 100.00%
Average IFMAP SRAM BW: 6.717 words/cycle
Average Filter SRAM BW: 0.467 words/cycle
Average OFMAP SRAM BW: 6.717 words/cycle
Average IFMAP DRAM BW: 7.010 words/cycle
Average Filter DRAM BW: 7.787 words/cycle
Average OFMAP DRAM BW: 8.000 words/cycle

Running Layer 419
Total cycles: 16651
Compute cycles: 8767
Stall cycles: 0
Overall utilization: 83.95%
Mapping efficiency: 100.00%
Average IFMAP SRAM BW: 6.716 words/cycle
Average Filter SRAM BW: 0.467 words/cycle
Average OFMAP SRAM BW: 6.716 words/cycle
Average IFMAP DRAM BW: 7.010 words/cycle
Average Filter DRAM BW: 7.802 words/cycle
Average OFMAP DRAM BW: 8.000 words/cycle

Running Layer 420
Total cycles: 16913
Compute cycles: 8767
Stall cycles: 0
Overall utilization: 83.95%
Mapping efficiency: 100.00%
Average IFMAP SRAM BW: 6.716 words/cycle
Average Filter SRAM BW: 0.467 words/cycle
Average OFMAP SRAM BW: 6.716 words/cycle
Average IFMAP DRAM BW: 9.352 words/cycle
Average Filter DRAM BW: 7.802 words/cycle
Average OFMAP DRAM BW: 8.000 words/cycle

Running Layer 421
Total cycles: 49962
Compute cycles: 35071
Stall cycles: 0
Overall utilization: 83.94%
Mapping efficiency: 100.00%
Average IFMAP SRAM BW: 6.716 words/cycle
Average Filter SRAM BW: 0.467 words/cycle
Average OFMAP SRAM BW: 6.716 words/cycle
Average IFMAP DRAM BW: 9.358 words/cycle
Average Filter DRAM BW: 8.929 words/cycle
Average OFMAP DRAM BW: 8.235 words/cycle

Running Layer 422
Total cycles: 2293
Compute cycles: 1103
Stall cycles: 0
Overall utilization: 84.13%
Mapping efficiency: 100.00%
Average IFMAP SRAM BW: 6.731 words/cycle
Average Filter SRAM BW: 0.464 words/cycle
Average OFMAP SRAM BW: 6.731 words/cycle
Average IFMAP DRAM BW: 3.529 words/cycle
Average Filter DRAM BW: 1.947 words/cycle
Average OFMAP DRAM BW: 8.000 words/cycle

Running Layer 423
Total cycles: 4325
Compute cycles: 2207
Stall cycles: 0
Overall utilization: 84.10%
Mapping efficiency: 100.00%
Average IFMAP SRAM BW: 6.728 words/cycle
Average Filter SRAM BW: 0.464 words/cycle
Average OFMAP SRAM BW: 6.728 words/cycle
Average IFMAP DRAM BW: 7.057 words/cycle
Average Filter DRAM BW: 3.894 words/cycle
Average OFMAP DRAM BW: 8.000 words/cycle

Running Layer 424
Total cycles: 8389
Compute cycles: 4415
Stall cycles: 0
Overall utilization: 84.08%
Mapping efficiency: 100.00%
Average IFMAP SRAM BW: 6.726 words/cycle
Average Filter SRAM BW: 0.464 words/cycle
Average OFMAP SRAM BW: 6.726 words/cycle
Average IFMAP DRAM BW: 7.057 words/cycle
Average Filter DRAM BW: 7.787 words/cycle
Average OFMAP DRAM BW: 8.000 words/cycle

Running Layer 425
Total cycles: 8651
Compute cycles: 4415
Stall cycles: 0
Overall utilization: 84.08%
Mapping efficiency: 100.00%
Average IFMAP SRAM BW: 6.726 words/cycle
Average Filter SRAM BW: 0.464 words/cycle
Average OFMAP SRAM BW: 6.726 words/cycle
Average IFMAP DRAM BW: 7.070 words/cycle
Average Filter DRAM BW: 7.787 words/cycle
Average OFMAP DRAM BW: 8.000 words/cycle

Running Layer 426
Total cycles: 16779
Compute cycles: 8831
Stall cycles: 0
Overall utilization: 84.07%
Mapping efficiency: 100.00%
Average IFMAP SRAM BW: 6.725 words/cycle
Average Filter SRAM BW: 0.464 words/cycle
Average OFMAP SRAM BW: 6.725 words/cycle
Average IFMAP DRAM BW: 7.070 words/cycle
Average Filter DRAM BW: 7.802 words/cycle
Average OFMAP DRAM BW: 8.000 words/cycle

Running Layer 427
Total cycles: 17041
Compute cycles: 8831
Stall cycles: 0
Overall utilization: 84.07%
Mapping efficiency: 100.00%
Average IFMAP SRAM BW: 6.725 words/cycle
Average Filter SRAM BW: 0.464 words/cycle
Average OFMAP SRAM BW: 6.725 words/cycle
Average IFMAP DRAM BW: 9.433 words/cycle
Average Filter DRAM BW: 7.802 words/cycle
Average OFMAP DRAM BW: 8.000 words/cycle

Running Layer 428
Total cycles: 50474
Compute cycles: 35327
Stall cycles: 0
Overall utilization: 84.06%
Mapping efficiency: 100.00%
Average IFMAP SRAM BW: 6.725 words/cycle
Average Filter SRAM BW: 0.464 words/cycle
Average OFMAP SRAM BW: 6.725 words/cycle
Average IFMAP DRAM BW: 9.439 words/cycle
Average Filter DRAM BW: 8.929 words/cycle
Average OFMAP DRAM BW: 8.154 words/cycle

Running Layer 429
Total cycles: 2309
Compute cycles: 1111
Stall cycles: 0
Overall utilization: 84.25%
Mapping efficiency: 100.00%
Average IFMAP SRAM BW: 6.740 words/cycle
Average Filter SRAM BW: 0.461 words/cycle
Average OFMAP SRAM BW: 6.740 words/cycle
Average IFMAP DRAM BW: 3.559 words/cycle
Average Filter DRAM BW: 1.947 words/cycle
Average OFMAP DRAM BW: 8.000 words/cycle

Running Layer 430
Total cycles: 4357
Compute cycles: 2223
Stall cycles: 0
Overall utilization: 84.21%
Mapping efficiency: 100.00%
Average IFMAP SRAM BW: 6.737 words/cycle
Average Filter SRAM BW: 0.461 words/cycle
Average OFMAP SRAM BW: 6.737 words/cycle
Average IFMAP DRAM BW: 7.118 words/cycle
Average Filter DRAM BW: 3.894 words/cycle
Average OFMAP DRAM BW: 8.000 words/cycle

Running Layer 431
Total cycles: 8453
Compute cycles: 4447
Stall cycles: 0
Overall utilization: 84.19%
Mapping efficiency: 100.00%
Average IFMAP SRAM BW: 6.735 words/cycle
Average Filter SRAM BW: 0.461 words/cycle
Average OFMAP SRAM BW: 6.735 words/cycle
Average IFMAP DRAM BW: 7.118 words/cycle
Average Filter DRAM BW: 7.787 words/cycle
Average OFMAP DRAM BW: 8.000 words/cycle

Running Layer 432
Total cycles: 8715
Compute cycles: 4447
Stall cycles: 0
Overall utilization: 84.19%
Mapping efficiency: 100.00%
Average IFMAP SRAM BW: 6.735 words/cycle
Average Filter SRAM BW: 0.461 words/cycle
Average OFMAP SRAM BW: 6.735 words/cycle
Average IFMAP DRAM BW: 7.131 words/cycle
Average Filter DRAM BW: 7.787 words/cycle
Average OFMAP DRAM BW: 8.000 words/cycle

Running Layer 433
Total cycles: 16907
Compute cycles: 8895
Stall cycles: 0
Overall utilization: 84.18%
Mapping efficiency: 100.00%
Average IFMAP SRAM BW: 6.735 words/cycle
Average Filter SRAM BW: 0.460 words/cycle
Average OFMAP SRAM BW: 6.735 words/cycle
Average IFMAP DRAM BW: 7.131 words/cycle
Average Filter DRAM BW: 7.802 words/cycle
Average OFMAP DRAM BW: 8.000 words/cycle

Running Layer 434
Total cycles: 17169
Compute cycles: 8895
Stall cycles: 0
Overall utilization: 84.18%
Mapping efficiency: 100.00%
Average IFMAP SRAM BW: 6.735 words/cycle
Average Filter SRAM BW: 0.460 words/cycle
Average OFMAP SRAM BW: 6.735 words/cycle
Average IFMAP DRAM BW: 9.515 words/cycle
Average Filter DRAM BW: 7.802 words/cycle
Average OFMAP DRAM BW: 8.000 words/cycle

Running Layer 435
Total cycles: 50986
Compute cycles: 35583
Stall cycles: 0
Overall utilization: 84.18%
Mapping efficiency: 100.00%
Average IFMAP SRAM BW: 6.734 words/cycle
Average Filter SRAM BW: 0.460 words/cycle
Average OFMAP SRAM BW: 6.734 words/cycle
Average IFMAP DRAM BW: 9.521 words/cycle
Average Filter DRAM BW: 8.929 words/cycle
Average OFMAP DRAM BW: 8.076 words/cycle

Running Layer 436
Total cycles: 2325
Compute cycles: 1119
Stall cycles: 0
Overall utilization: 84.36%
Mapping efficiency: 100.00%
Average IFMAP SRAM BW: 6.749 words/cycle
Average Filter SRAM BW: 0.458 words/cycle
Average OFMAP SRAM BW: 6.749 words/cycle
Average IFMAP DRAM BW: 3.589 words/cycle
Average Filter DRAM BW: 1.947 words/cycle
Average OFMAP DRAM BW: 8.000 words/cycle

Running Layer 437
Total cycles: 4389
Compute cycles: 2239
Stall cycles: 0
Overall utilization: 84.32%
Mapping efficiency: 100.00%
Average IFMAP SRAM BW: 6.746 words/cycle
Average Filter SRAM BW: 0.457 words/cycle
Average OFMAP SRAM BW: 6.746 words/cycle
Average IFMAP DRAM BW: 7.179 words/cycle
Average Filter DRAM BW: 3.894 words/cycle
Average OFMAP DRAM BW: 8.000 words/cycle

Running Layer 438
Total cycles: 8517
Compute cycles: 4479
Stall cycles: 0
Overall utilization: 84.30%
Mapping efficiency: 100.00%
Average IFMAP SRAM BW: 6.744 words/cycle
Average Filter SRAM BW: 0.457 words/cycle
Average OFMAP SRAM BW: 6.744 words/cycle
Average IFMAP DRAM BW: 7.179 words/cycle
Average Filter DRAM BW: 7.787 words/cycle
Average OFMAP DRAM BW: 8.000 words/cycle

Running Layer 439
Total cycles: 8779
Compute cycles: 4479
Stall cycles: 0
Overall utilization: 84.30%
Mapping efficiency: 100.00%
Average IFMAP SRAM BW: 6.744 words/cycle
Average Filter SRAM BW: 0.457 words/cycle
Average OFMAP SRAM BW: 6.744 words/cycle
Average IFMAP DRAM BW: 7.192 words/cycle
Average Filter DRAM BW: 7.787 words/cycle
Average OFMAP DRAM BW: 8.000 words/cycle

Running Layer 440
Total cycles: 17035
Compute cycles: 8959
Stall cycles: 0
Overall utilization: 84.30%
Mapping efficiency: 100.00%
Average IFMAP SRAM BW: 6.744 words/cycle
Average Filter SRAM BW: 0.457 words/cycle
Average OFMAP SRAM BW: 6.744 words/cycle
Average IFMAP DRAM BW: 7.192 words/cycle
Average Filter DRAM BW: 7.802 words/cycle
Average OFMAP DRAM BW: 8.000 words/cycle

Running Layer 441
Total cycles: 17297
Compute cycles: 8959
Stall cycles: 0
Overall utilization: 84.30%
Mapping efficiency: 100.00%
Average IFMAP SRAM BW: 6.744 words/cycle
Average Filter SRAM BW: 0.457 words/cycle
Average OFMAP SRAM BW: 6.744 words/cycle
Average IFMAP DRAM BW: 9.596 words/cycle
Average Filter DRAM BW: 7.802 words/cycle
Average OFMAP DRAM BW: 8.000 words/cycle

Running Layer 442
Total cycles: 51498
Compute cycles: 35839
Stall cycles: 0
Overall utilization: 84.29%
Mapping efficiency: 100.00%
Average IFMAP SRAM BW: 6.743 words/cycle
Average Filter SRAM BW: 0.457 words/cycle
Average OFMAP SRAM BW: 6.743 words/cycle
Average IFMAP DRAM BW: 9.602 words/cycle
Average Filter DRAM BW: 8.929 words/cycle
Average OFMAP DRAM BW: 7.995 words/cycle

Running Layer 443
Total cycles: 2341
Compute cycles: 1127
Stall cycles: 0
Overall utilization: 84.47%
Mapping efficiency: 100.00%
Average IFMAP SRAM BW: 6.758 words/cycle
Average Filter SRAM BW: 0.454 words/cycle
Average OFMAP SRAM BW: 6.758 words/cycle
Average IFMAP DRAM BW: 3.620 words/cycle
Average Filter DRAM BW: 1.947 words/cycle
Average OFMAP DRAM BW: 8.000 words/cycle

Running Layer 444
Total cycles: 4421
Compute cycles: 2255
Stall cycles: 0
Overall utilization: 84.43%
Mapping efficiency: 100.00%
Average IFMAP SRAM BW: 6.755 words/cycle
Average Filter SRAM BW: 0.454 words/cycle
Average OFMAP SRAM BW: 6.755 words/cycle
Average IFMAP DRAM BW: 7.240 words/cycle
Average Filter DRAM BW: 3.894 words/cycle
Average OFMAP DRAM BW: 8.000 words/cycle

Running Layer 445
Total cycles: 8843
Compute cycles: 4511
Stall cycles: 0
Overall utilization: 84.42%
Mapping efficiency: 100.00%
Average IFMAP SRAM BW: 6.753 words/cycle
Average Filter SRAM BW: 0.454 words/cycle
Average OFMAP SRAM BW: 6.753 words/cycle
Average IFMAP DRAM BW: 7.253 words/cycle
Average Filter DRAM BW: 7.787 words/cycle
Average OFMAP DRAM BW: 8.000 words/cycle

Running Layer 446
Total cycles: 17163
Compute cycles: 9023
Stall cycles: 0
Overall utilization: 84.41%
Mapping efficiency: 100.00%
Average IFMAP SRAM BW: 6.753 words/cycle
Average Filter SRAM BW: 0.454 words/cycle
Average OFMAP SRAM BW: 6.753 words/cycle
Average IFMAP DRAM BW: 7.253 words/cycle
Average Filter DRAM BW: 7.802 words/cycle
Average OFMAP DRAM BW: 8.000 words/cycle

Running Layer 447
Total cycles: 17425
Compute cycles: 9023
Stall cycles: 0
Overall utilization: 84.41%
Mapping efficiency: 100.00%
Average IFMAP SRAM BW: 6.753 words/cycle
Average Filter SRAM BW: 0.454 words/cycle
Average OFMAP SRAM BW: 6.753 words/cycle
Average IFMAP DRAM BW: 9.677 words/cycle
Average Filter DRAM BW: 7.802 words/cycle
Average OFMAP DRAM BW: 8.000 words/cycle

Running Layer 448
Total cycles: 52010
Compute cycles: 36095
Stall cycles: 0
Overall utilization: 84.40%
Mapping efficiency: 100.00%
Average IFMAP SRAM BW: 6.752 words/cycle
Average Filter SRAM BW: 0.454 words/cycle
Average OFMAP SRAM BW: 6.752 words/cycle
Average IFMAP DRAM BW: 9.683 words/cycle
Average Filter DRAM BW: 8.929 words/cycle
Average OFMAP DRAM BW: 7.923 words/cycle

Running Layer 449
Total cycles: 2357
Compute cycles: 1135
Stall cycles: 0
Overall utilization: 84.58%
Mapping efficiency: 100.00%
Average IFMAP SRAM BW: 6.767 words/cycle
Average Filter SRAM BW: 0.451 words/cycle
Average OFMAP SRAM BW: 6.767 words/cycle
Average IFMAP DRAM BW: 3.650 words/cycle
Average Filter DRAM BW: 1.947 words/cycle
Average OFMAP DRAM BW: 8.000 words/cycle

Running Layer 450
Total cycles: 4453
Compute cycles: 2271
Stall cycles: 0
Overall utilization: 84.54%
Mapping efficiency: 100.00%
Average IFMAP SRAM BW: 6.764 words/cycle
Average Filter SRAM BW: 0.451 words/cycle
Average OFMAP SRAM BW: 6.764 words/cycle
Average IFMAP DRAM BW: 7.300 words/cycle
Average Filter DRAM BW: 3.894 words/cycle
Average OFMAP DRAM BW: 8.000 words/cycle

Running Layer 451
Total cycles: 8645
Compute cycles: 4543
Stall cycles: 0
Overall utilization: 84.53%
Mapping efficiency: 100.00%
Average IFMAP SRAM BW: 6.762 words/cycle
Average Filter SRAM BW: 0.451 words/cycle
Average OFMAP SRAM BW: 6.762 words/cycle
Average IFMAP DRAM BW: 7.300 words/cycle
Average Filter DRAM BW: 7.787 words/cycle
Average OFMAP DRAM BW: 8.000 words/cycle

Running Layer 452
Total cycles: 8907
Compute cycles: 4543
Stall cycles: 0
Overall utilization: 84.53%
Mapping efficiency: 100.00%
Average IFMAP SRAM BW: 6.762 words/cycle
Average Filter SRAM BW: 0.451 words/cycle
Average OFMAP SRAM BW: 6.762 words/cycle
Average IFMAP DRAM BW: 7.314 words/cycle
Average Filter DRAM BW: 7.787 words/cycle
Average OFMAP DRAM BW: 8.000 words/cycle

Running Layer 453
Total cycles: 17291
Compute cycles: 9087
Stall cycles: 0
Overall utilization: 84.52%
Mapping efficiency: 100.00%
Average IFMAP SRAM BW: 6.761 words/cycle
Average Filter SRAM BW: 0.451 words/cycle
Average OFMAP SRAM BW: 6.761 words/cycle
Average IFMAP DRAM BW: 7.314 words/cycle
Average Filter DRAM BW: 7.802 words/cycle
Average OFMAP DRAM BW: 8.000 words/cycle

Running Layer 454
Total cycles: 17553
Compute cycles: 9087
Stall cycles: 0
Overall utilization: 84.52%
Mapping efficiency: 100.00%
Average IFMAP SRAM BW: 6.761 words/cycle
Average Filter SRAM BW: 0.451 words/cycle
Average OFMAP SRAM BW: 6.761 words/cycle
Average IFMAP DRAM BW: 9.759 words/cycle
Average Filter DRAM BW: 7.802 words/cycle
Average OFMAP DRAM BW: 8.000 words/cycle

Running Layer 455
Total cycles: 52522
Compute cycles: 36351
Stall cycles: 0
Overall utilization: 84.51%
Mapping efficiency: 100.00%
Average IFMAP SRAM BW: 6.761 words/cycle
Average Filter SRAM BW: 0.451 words/cycle
Average OFMAP SRAM BW: 6.761 words/cycle
Average IFMAP DRAM BW: 9.765 words/cycle
Average Filter DRAM BW: 8.929 words/cycle
Average OFMAP DRAM BW: 7.853 words/cycle

Running Layer 456
Total cycles: 2373
Compute cycles: 1143
Stall cycles: 0
Overall utilization: 84.69%
Mapping efficiency: 100.00%
Average IFMAP SRAM BW: 6.775 words/cycle
Average Filter SRAM BW: 0.448 words/cycle
Average OFMAP SRAM BW: 6.775 words/cycle
Average IFMAP DRAM BW: 3.681 words/cycle
Average Filter DRAM BW: 1.947 words/cycle
Average OFMAP DRAM BW: 8.000 words/cycle

Running Layer 457
Total cycles: 4485
Compute cycles: 2287
Stall cycles: 0
Overall utilization: 84.65%
Mapping efficiency: 100.00%
Average IFMAP SRAM BW: 6.772 words/cycle
Average Filter SRAM BW: 0.448 words/cycle
Average OFMAP SRAM BW: 6.772 words/cycle
Average IFMAP DRAM BW: 7.361 words/cycle
Average Filter DRAM BW: 3.894 words/cycle
Average OFMAP DRAM BW: 8.000 words/cycle

Running Layer 458
Total cycles: 8971
Compute cycles: 4575
Stall cycles: 0
Overall utilization: 84.63%
Mapping efficiency: 100.00%
Average IFMAP SRAM BW: 6.771 words/cycle
Average Filter SRAM BW: 0.448 words/cycle
Average OFMAP SRAM BW: 6.771 words/cycle
Average IFMAP DRAM BW: 7.375 words/cycle
Average Filter DRAM BW: 7.787 words/cycle
Average OFMAP DRAM BW: 8.000 words/cycle

Running Layer 459
Total cycles: 17419
Compute cycles: 9151
Stall cycles: 0
Overall utilization: 84.62%
Mapping efficiency: 100.00%
Average IFMAP SRAM BW: 6.770 words/cycle
Average Filter SRAM BW: 0.448 words/cycle
Average OFMAP SRAM BW: 6.770 words/cycle
Average IFMAP DRAM BW: 7.375 words/cycle
Average Filter DRAM BW: 7.802 words/cycle
Average OFMAP DRAM BW: 8.000 words/cycle

Running Layer 460
Total cycles: 17681
Compute cycles: 9151
Stall cycles: 0
Overall utilization: 84.62%
Mapping efficiency: 100.00%
Average IFMAP SRAM BW: 6.770 words/cycle
Average Filter SRAM BW: 0.448 words/cycle
Average OFMAP SRAM BW: 6.770 words/cycle
Average IFMAP DRAM BW: 9.840 words/cycle
Average Filter DRAM BW: 7.802 words/cycle
Average OFMAP DRAM BW: 8.000 words/cycle

Running Layer 461
Total cycles: 53034
Compute cycles: 36607
Stall cycles: 0
Overall utilization: 84.62%
Mapping efficiency: 100.00%
Average IFMAP SRAM BW: 6.769 words/cycle
Average Filter SRAM BW: 0.448 words/cycle
Average OFMAP SRAM BW: 6.769 words/cycle
Average IFMAP DRAM BW: 9.846 words/cycle
Average Filter DRAM BW: 8.929 words/cycle
Average OFMAP DRAM BW: 7.786 words/cycle

Running Layer 462
Total cycles: 2389
Compute cycles: 1151
Stall cycles: 0
Overall utilization: 84.80%
Mapping efficiency: 100.00%
Average IFMAP SRAM BW: 6.784 words/cycle
Average Filter SRAM BW: 0.445 words/cycle
Average OFMAP SRAM BW: 6.784 words/cycle
Average IFMAP DRAM BW: 3.711 words/cycle
Average Filter DRAM BW: 1.947 words/cycle
Average OFMAP DRAM BW: 8.000 words/cycle

Running Layer 463
Total cycles: 4517
Compute cycles: 2303
Stall cycles: 0
Overall utilization: 84.76%
Mapping efficiency: 100.00%
Average IFMAP SRAM BW: 6.781 words/cycle
Average Filter SRAM BW: 0.445 words/cycle
Average OFMAP SRAM BW: 6.781 words/cycle
Average IFMAP DRAM BW: 7.422 words/cycle
Average Filter DRAM BW: 3.894 words/cycle
Average OFMAP DRAM BW: 8.000 words/cycle

Running Layer 464
Total cycles: 8773
Compute cycles: 4607
Stall cycles: 0
Overall utilization: 84.74%
Mapping efficiency: 100.00%
Average IFMAP SRAM BW: 6.779 words/cycle
Average Filter SRAM BW: 0.445 words/cycle
Average OFMAP SRAM BW: 6.779 words/cycle
Average IFMAP DRAM BW: 7.422 words/cycle
Average Filter DRAM BW: 7.787 words/cycle
Average OFMAP DRAM BW: 8.000 words/cycle

Running Layer 465
Total cycles: 17547
Compute cycles: 9215
Stall cycles: 0
Overall utilization: 84.73%
Mapping efficiency: 100.00%
Average IFMAP SRAM BW: 6.779 words/cycle
Average Filter SRAM BW: 0.444 words/cycle
Average OFMAP SRAM BW: 6.779 words/cycle
Average IFMAP DRAM BW: 7.436 words/cycle
Average Filter DRAM BW: 7.802 words/cycle
Average OFMAP DRAM BW: 8.000 words/cycle

Running Layer 466
Total cycles: 17809
Compute cycles: 9215
Stall cycles: 0
Overall utilization: 84.73%
Mapping efficiency: 100.00%
Average IFMAP SRAM BW: 6.779 words/cycle
Average Filter SRAM BW: 0.444 words/cycle
Average OFMAP SRAM BW: 6.779 words/cycle
Average IFMAP DRAM BW: 9.921 words/cycle
Average Filter DRAM BW: 7.802 words/cycle
Average OFMAP DRAM BW: 8.000 words/cycle

Running Layer 467
Total cycles: 53546
Compute cycles: 36863
Stall cycles: 0
Overall utilization: 84.72%
Mapping efficiency: 100.00%
Average IFMAP SRAM BW: 6.778 words/cycle
Average Filter SRAM BW: 0.444 words/cycle
Average OFMAP SRAM BW: 6.778 words/cycle
Average IFMAP DRAM BW: 9.928 words/cycle
Average Filter DRAM BW: 8.929 words/cycle
Average OFMAP DRAM BW: 7.721 words/cycle

Running Layer 468
Total cycles: 2405
Compute cycles: 1159
Stall cycles: 0
Overall utilization: 84.90%
Mapping efficiency: 100.00%
Average IFMAP SRAM BW: 6.792 words/cycle
Average Filter SRAM BW: 0.442 words/cycle
Average OFMAP SRAM BW: 6.792 words/cycle
Average IFMAP DRAM BW: 3.741 words/cycle
Average Filter DRAM BW: 1.947 words/cycle
Average OFMAP DRAM BW: 8.000 words/cycle

Running Layer 469
Total cycles: 4549
Compute cycles: 2319
Stall cycles: 0
Overall utilization: 84.86%
Mapping efficiency: 100.00%
Average IFMAP SRAM BW: 6.789 words/cycle
Average Filter SRAM BW: 0.442 words/cycle
Average OFMAP SRAM BW: 6.789 words/cycle
Average IFMAP DRAM BW: 7.483 words/cycle
Average Filter DRAM BW: 3.894 words/cycle
Average OFMAP DRAM BW: 8.000 words/cycle

Running Layer 470
Total cycles: 8837
Compute cycles: 4639
Stall cycles: 0
Overall utilization: 84.85%
Mapping efficiency: 100.00%
Average IFMAP SRAM BW: 6.788 words/cycle
Average Filter SRAM BW: 0.441 words/cycle
Average OFMAP SRAM BW: 6.788 words/cycle
Average IFMAP DRAM BW: 7.483 words/cycle
Average Filter DRAM BW: 7.787 words/cycle
Average OFMAP DRAM BW: 8.000 words/cycle

Running Layer 471
Total cycles: 17675
Compute cycles: 9279
Stall cycles: 0
Overall utilization: 84.84%
Mapping efficiency: 100.00%
Average IFMAP SRAM BW: 6.787 words/cycle
Average Filter SRAM BW: 0.441 words/cycle
Average OFMAP SRAM BW: 6.787 words/cycle
Average IFMAP DRAM BW: 7.497 words/cycle
Average Filter DRAM BW: 7.802 words/cycle
Average OFMAP DRAM BW: 8.000 words/cycle

Running Layer 472
Total cycles: 18199
Compute cycles: 9279
Stall cycles: 0
Overall utilization: 84.84%
Mapping efficiency: 100.00%
Average IFMAP SRAM BW: 6.787 words/cycle
Average Filter SRAM BW: 0.441 words/cycle
Average OFMAP SRAM BW: 6.787 words/cycle
Average IFMAP DRAM BW: 7.504 words/cycle
Average Filter DRAM BW: 7.802 words/cycle
Average OFMAP DRAM BW: 8.000 words/cycle

Running Layer 473
Total cycles: 54058
Compute cycles: 37119
Stall cycles: 0
Overall utilization: 84.83%
Mapping efficiency: 100.00%
Average IFMAP SRAM BW: 6.786 words/cycle
Average Filter SRAM BW: 0.441 words/cycle
Average OFMAP SRAM BW: 6.786 words/cycle
Average IFMAP DRAM BW: 8.580 words/cycle
Average Filter DRAM BW: 8.929 words/cycle
Average OFMAP DRAM BW: 7.658 words/cycle

Running Layer 474
Total cycles: 2421
Compute cycles: 1167
Stall cycles: 0
Overall utilization: 85.00%
Mapping efficiency: 100.00%
Average IFMAP SRAM BW: 6.800 words/cycle
Average Filter SRAM BW: 0.439 words/cycle
Average OFMAP SRAM BW: 6.800 words/cycle
Average IFMAP DRAM BW: 3.772 words/cycle
Average Filter DRAM BW: 1.947 words/cycle
Average OFMAP DRAM BW: 8.000 words/cycle

Running Layer 475
Total cycles: 4581
Compute cycles: 2335
Stall cycles: 0
Overall utilization: 84.97%
Mapping efficiency: 100.00%
Average IFMAP SRAM BW: 6.797 words/cycle
Average Filter SRAM BW: 0.439 words/cycle
Average OFMAP SRAM BW: 6.797 words/cycle
Average IFMAP DRAM BW: 7.544 words/cycle
Average Filter DRAM BW: 3.894 words/cycle
Average OFMAP DRAM BW: 8.000 words/cycle

Running Layer 476
Total cycles: 8901
Compute cycles: 4671
Stall cycles: 0
Overall utilization: 84.95%
Mapping efficiency: 100.00%
Average IFMAP SRAM BW: 6.796 words/cycle
Average Filter SRAM BW: 0.438 words/cycle
Average OFMAP SRAM BW: 6.796 words/cycle
Average IFMAP DRAM BW: 7.544 words/cycle
Average Filter DRAM BW: 7.787 words/cycle
Average OFMAP DRAM BW: 8.000 words/cycle

Running Layer 477
Total cycles: 9163
Compute cycles: 4671
Stall cycles: 0
Overall utilization: 84.95%
Mapping efficiency: 100.00%
Average IFMAP SRAM BW: 6.796 words/cycle
Average Filter SRAM BW: 0.438 words/cycle
Average OFMAP SRAM BW: 6.796 words/cycle
Average IFMAP DRAM BW: 7.558 words/cycle
Average Filter DRAM BW: 7.787 words/cycle
Average OFMAP DRAM BW: 8.000 words/cycle

Running Layer 478
Total cycles: 17803
Compute cycles: 9343
Stall cycles: 0
Overall utilization: 84.94%
Mapping efficiency: 100.00%
Average IFMAP SRAM BW: 6.795 words/cycle
Average Filter SRAM BW: 0.438 words/cycle
Average OFMAP SRAM BW: 6.795 words/cycle
Average IFMAP DRAM BW: 7.558 words/cycle
Average Filter DRAM BW: 7.802 words/cycle
Average OFMAP DRAM BW: 8.000 words/cycle

Running Layer 479
Total cycles: 18327
Compute cycles: 9343
Stall cycles: 0
Overall utilization: 84.94%
Mapping efficiency: 100.00%
Average IFMAP SRAM BW: 6.795 words/cycle
Average Filter SRAM BW: 0.438 words/cycle
Average OFMAP SRAM BW: 6.795 words/cycle
Average IFMAP DRAM BW: 7.565 words/cycle
Average Filter DRAM BW: 7.802 words/cycle
Average OFMAP DRAM BW: 8.000 words/cycle

Running Layer 480
Total cycles: 54570
Compute cycles: 37375
Stall cycles: 0
Overall utilization: 84.93%
Mapping efficiency: 100.00%
Average IFMAP SRAM BW: 6.795 words/cycle
Average Filter SRAM BW: 0.438 words/cycle
Average OFMAP SRAM BW: 6.795 words/cycle
Average IFMAP DRAM BW: 8.650 words/cycle
Average Filter DRAM BW: 8.929 words/cycle
Average OFMAP DRAM BW: 7.597 words/cycle

Running Layer 481
Total cycles: 2437
Compute cycles: 1175
Stall cycles: 0
Overall utilization: 85.11%
Mapping efficiency: 100.00%
Average IFMAP SRAM BW: 6.809 words/cycle
Average Filter SRAM BW: 0.436 words/cycle
Average OFMAP SRAM BW: 6.809 words/cycle
Average IFMAP DRAM BW: 3.802 words/cycle
Average Filter DRAM BW: 1.947 words/cycle
Average OFMAP DRAM BW: 8.000 words/cycle

Running Layer 482
Total cycles: 4613
Compute cycles: 2351
Stall cycles: 0
Overall utilization: 85.07%
Mapping efficiency: 100.00%
Average IFMAP SRAM BW: 6.806 words/cycle
Average Filter SRAM BW: 0.436 words/cycle
Average OFMAP SRAM BW: 6.806 words/cycle
Average IFMAP DRAM BW: 7.605 words/cycle
Average Filter DRAM BW: 3.894 words/cycle
Average OFMAP DRAM BW: 8.000 words/cycle

Running Layer 483
Total cycles: 9227
Compute cycles: 4703
Stall cycles: 0
Overall utilization: 85.05%
Mapping efficiency: 100.00%
Average IFMAP SRAM BW: 6.804 words/cycle
Average Filter SRAM BW: 0.435 words/cycle
Average OFMAP SRAM BW: 6.804 words/cycle
Average IFMAP DRAM BW: 7.619 words/cycle
Average Filter DRAM BW: 7.787 words/cycle
Average OFMAP DRAM BW: 8.000 words/cycle

Running Layer 484
Total cycles: 17931
Compute cycles: 9407
Stall cycles: 0
Overall utilization: 85.04%
Mapping efficiency: 100.00%
Average IFMAP SRAM BW: 6.803 words/cycle
Average Filter SRAM BW: 0.435 words/cycle
Average OFMAP SRAM BW: 6.803 words/cycle
Average IFMAP DRAM BW: 7.619 words/cycle
Average Filter DRAM BW: 7.802 words/cycle
Average OFMAP DRAM BW: 8.000 words/cycle

Running Layer 485
Total cycles: 18455
Compute cycles: 9407
Stall cycles: 0
Overall utilization: 85.04%
Mapping efficiency: 100.00%
Average IFMAP SRAM BW: 6.803 words/cycle
Average Filter SRAM BW: 0.435 words/cycle
Average OFMAP SRAM BW: 6.803 words/cycle
Average IFMAP DRAM BW: 7.626 words/cycle
Average Filter DRAM BW: 7.802 words/cycle
Average OFMAP DRAM BW: 8.000 words/cycle

Running Layer 486
Total cycles: 55082
Compute cycles: 37631
Stall cycles: 0
Overall utilization: 85.04%
Mapping efficiency: 100.00%
Average IFMAP SRAM BW: 6.803 words/cycle
Average Filter SRAM BW: 0.435 words/cycle
Average OFMAP SRAM BW: 6.803 words/cycle
Average IFMAP DRAM BW: 8.719 words/cycle
Average Filter DRAM BW: 8.929 words/cycle
Average OFMAP DRAM BW: 7.538 words/cycle

Running Layer 487
Total cycles: 2453
Compute cycles: 1183
Stall cycles: 0
Overall utilization: 85.21%
Mapping efficiency: 100.00%
Average IFMAP SRAM BW: 6.817 words/cycle
Average Filter SRAM BW: 0.433 words/cycle
Average OFMAP SRAM BW: 6.817 words/cycle
Average IFMAP DRAM BW: 3.833 words/cycle
Average Filter DRAM BW: 1.947 words/cycle
Average OFMAP DRAM BW: 8.000 words/cycle

Running Layer 488
Total cycles: 4645
Compute cycles: 2367
Stall cycles: 0
Overall utilization: 85.17%
Mapping efficiency: 100.00%
Average IFMAP SRAM BW: 6.814 words/cycle
Average Filter SRAM BW: 0.433 words/cycle
Average OFMAP SRAM BW: 6.814 words/cycle
Average IFMAP DRAM BW: 7.665 words/cycle
Average Filter DRAM BW: 3.894 words/cycle
Average OFMAP DRAM BW: 8.000 words/cycle

Running Layer 489
Total cycles: 9029
Compute cycles: 4735
Stall cycles: 0
Overall utilization: 85.15%
Mapping efficiency: 100.00%
Average IFMAP SRAM BW: 6.812 words/cycle
Average Filter SRAM BW: 0.433 words/cycle
Average OFMAP SRAM BW: 6.812 words/cycle
Average IFMAP DRAM BW: 7.665 words/cycle
Average Filter DRAM BW: 7.787 words/cycle
Average OFMAP DRAM BW: 8.000 words/cycle

Running Layer 490
Total cycles: 9291
Compute cycles: 4735
Stall cycles: 0
Overall utilization: 85.15%
Mapping efficiency: 100.00%
Average IFMAP SRAM BW: 6.812 words/cycle
Average Filter SRAM BW: 0.433 words/cycle
Average OFMAP SRAM BW: 6.812 words/cycle
Average IFMAP DRAM BW: 7.680 words/cycle
Average Filter DRAM BW: 7.787 words/cycle
Average OFMAP DRAM BW: 8.000 words/cycle

Running Layer 491
Total cycles: 18059
Compute cycles: 9471
Stall cycles: 0
Overall utilization: 85.14%
Mapping efficiency: 100.00%
Average IFMAP SRAM BW: 6.812 words/cycle
Average Filter SRAM BW: 0.432 words/cycle
Average OFMAP SRAM BW: 6.812 words/cycle
Average IFMAP DRAM BW: 7.680 words/cycle
Average Filter DRAM BW: 7.802 words/cycle
Average OFMAP DRAM BW: 8.000 words/cycle

Running Layer 492
Total cycles: 18583
Compute cycles: 9471
Stall cycles: 0
Overall utilization: 85.14%
Mapping efficiency: 100.00%
Average IFMAP SRAM BW: 6.812 words/cycle
Average Filter SRAM BW: 0.432 words/cycle
Average OFMAP SRAM BW: 6.812 words/cycle
Average IFMAP DRAM BW: 7.687 words/cycle
Average Filter DRAM BW: 7.802 words/cycle
Average OFMAP DRAM BW: 8.000 words/cycle

Running Layer 493
Total cycles: 55594
Compute cycles: 37887
Stall cycles: 0
Overall utilization: 85.14%
Mapping efficiency: 100.00%
Average IFMAP SRAM BW: 6.811 words/cycle
Average Filter SRAM BW: 0.432 words/cycle
Average OFMAP SRAM BW: 6.811 words/cycle
Average IFMAP DRAM BW: 8.789 words/cycle
Average Filter DRAM BW: 8.929 words/cycle
Average OFMAP DRAM BW: 7.480 words/cycle

Running Layer 494
Total cycles: 2469
Compute cycles: 1191
Stall cycles: 0
Overall utilization: 85.31%
Mapping efficiency: 100.00%
Average IFMAP SRAM BW: 6.825 words/cycle
Average Filter SRAM BW: 0.430 words/cycle
Average OFMAP SRAM BW: 6.825 words/cycle
Average IFMAP DRAM BW: 3.863 words/cycle
Average Filter DRAM BW: 1.947 words/cycle
Average OFMAP DRAM BW: 8.000 words/cycle

Running Layer 495
Total cycles: 4677
Compute cycles: 2383
Stall cycles: 0
Overall utilization: 85.27%
Mapping efficiency: 100.00%
Average IFMAP SRAM BW: 6.822 words/cycle
Average Filter SRAM BW: 0.430 words/cycle
Average OFMAP SRAM BW: 6.822 words/cycle
Average IFMAP DRAM BW: 7.726 words/cycle
Average Filter DRAM BW: 3.894 words/cycle
Average OFMAP DRAM BW: 8.000 words/cycle

Running Layer 496
Total cycles: 9355
Compute cycles: 4767
Stall cycles: 0
Overall utilization: 85.25%
Mapping efficiency: 100.00%
Average IFMAP SRAM BW: 6.820 words/cycle
Average Filter SRAM BW: 0.430 words/cycle
Average OFMAP SRAM BW: 6.820 words/cycle
Average IFMAP DRAM BW: 7.741 words/cycle
Average Filter DRAM BW: 7.787 words/cycle
Average OFMAP DRAM BW: 8.000 words/cycle

Running Layer 497
Total cycles: 18187
Compute cycles: 9535
Stall cycles: 0
Overall utilization: 85.24%
Mapping efficiency: 100.00%
Average IFMAP SRAM BW: 6.820 words/cycle
Average Filter SRAM BW: 0.430 words/cycle
Average OFMAP SRAM BW: 6.820 words/cycle
Average IFMAP DRAM BW: 7.741 words/cycle
Average Filter DRAM BW: 7.802 words/cycle
Average OFMAP DRAM BW: 8.000 words/cycle

Running Layer 498
Total cycles: 18711
Compute cycles: 9535
Stall cycles: 0
Overall utilization: 85.24%
Mapping efficiency: 100.00%
Average IFMAP SRAM BW: 6.820 words/cycle
Average Filter SRAM BW: 0.430 words/cycle
Average OFMAP SRAM BW: 6.820 words/cycle
Average IFMAP DRAM BW: 7.748 words/cycle
Average Filter DRAM BW: 7.802 words/cycle
Average OFMAP DRAM BW: 8.000 words/cycle

Running Layer 499
Total cycles: 56106
Compute cycles: 38143
Stall cycles: 0
Overall utilization: 85.24%
Mapping efficiency: 100.00%
Average IFMAP SRAM BW: 6.819 words/cycle
Average Filter SRAM BW: 0.430 words/cycle
Average OFMAP SRAM BW: 6.819 words/cycle
Average IFMAP DRAM BW: 8.859 words/cycle
Average Filter DRAM BW: 8.929 words/cycle
Average OFMAP DRAM BW: 7.425 words/cycle

Running Layer 500
Total cycles: 2485
Compute cycles: 1199
Stall cycles: 0
Overall utilization: 85.40%
Mapping efficiency: 100.00%
Average IFMAP SRAM BW: 6.832 words/cycle
Average Filter SRAM BW: 0.427 words/cycle
Average OFMAP SRAM BW: 6.832 words/cycle
Average IFMAP DRAM BW: 3.894 words/cycle
Average Filter DRAM BW: 1.947 words/cycle
Average OFMAP DRAM BW: 8.000 words/cycle

Running Layer 501
Total cycles: 4709
Compute cycles: 2399
Stall cycles: 0
Overall utilization: 85.37%
Mapping efficiency: 100.00%
Average IFMAP SRAM BW: 6.830 words/cycle
Average Filter SRAM BW: 0.427 words/cycle
Average OFMAP SRAM BW: 6.830 words/cycle
Average IFMAP DRAM BW: 7.787 words/cycle
Average Filter DRAM BW: 3.894 words/cycle
Average OFMAP DRAM BW: 8.000 words/cycle

Running Layer 502
Total cycles: 9157
Compute cycles: 4799
Stall cycles: 0
Overall utilization: 85.35%
Mapping efficiency: 100.00%
Average IFMAP SRAM BW: 6.828 words/cycle
Average Filter SRAM BW: 0.427 words/cycle
Average OFMAP SRAM BW: 6.828 words/cycle
Average IFMAP DRAM BW: 7.787 words/cycle
Average Filter DRAM BW: 7.787 words/cycle
Average OFMAP DRAM BW: 8.000 words/cycle

Running Layer 503
Total cycles: 9419
Compute cycles: 4799
Stall cycles: 0
Overall utilization: 85.35%
Mapping efficiency: 100.00%
Average IFMAP SRAM BW: 6.828 words/cycle
Average Filter SRAM BW: 0.427 words/cycle
Average OFMAP SRAM BW: 6.828 words/cycle
Average IFMAP DRAM BW: 7.802 words/cycle
Average Filter DRAM BW: 7.787 words/cycle
Average OFMAP DRAM BW: 8.000 words/cycle

Running Layer 504
Total cycles: 18315
Compute cycles: 9599
Stall cycles: 0
Overall utilization: 85.34%
Mapping efficiency: 100.00%
Average IFMAP SRAM BW: 6.827 words/cycle
Average Filter SRAM BW: 0.427 words/cycle
Average OFMAP SRAM BW: 6.827 words/cycle
Average IFMAP DRAM BW: 7.802 words/cycle
Average Filter DRAM BW: 7.802 words/cycle
Average OFMAP DRAM BW: 8.000 words/cycle

Running Layer 505
Total cycles: 18839
Compute cycles: 9599
Stall cycles: 0
Overall utilization: 85.34%
Mapping efficiency: 100.00%
Average IFMAP SRAM BW: 6.827 words/cycle
Average Filter SRAM BW: 0.427 words/cycle
Average OFMAP SRAM BW: 6.827 words/cycle
Average IFMAP DRAM BW: 7.809 words/cycle
Average Filter DRAM BW: 7.802 words/cycle
Average OFMAP DRAM BW: 8.000 words/cycle

Running Layer 506
Total cycles: 56618
Compute cycles: 38399
Stall cycles: 0
Overall utilization: 85.34%
Mapping efficiency: 100.00%
Average IFMAP SRAM BW: 6.827 words/cycle
Average Filter SRAM BW: 0.427 words/cycle
Average OFMAP SRAM BW: 6.827 words/cycle
Average IFMAP DRAM BW: 8.929 words/cycle
Average Filter DRAM BW: 8.929 words/cycle
Average OFMAP DRAM BW: 7.370 words/cycle
************ SCALE SIM Run Complete ****************

  0%|          | 0/1472 [00:00<?, ?it/s]
100%|██████████| 1472/1472 [00:00<00:00, 21699.07it/s]

  0%|          | 0/5888 [00:00<?, ?it/s]
 40%|████      | 2356/5888 [00:00<00:00, 23553.96it/s]
 80%|████████  | 4712/5888 [00:00<00:00, 20672.94it/s]
100%|██████████| 5888/5888 [00:00<00:00, 20020.27it/s]

  0%|          | 0/1536 [00:00<?, ?it/s]
100%|██████████| 1536/1536 [00:00<00:00, 24053.72it/s]

  0%|          | 0/6144 [00:00<?, ?it/s]
 34%|███▍      | 2111/6144 [00:00<00:00, 21102.83it/s]
 69%|██████▊   | 4222/6144 [00:00<00:00, 19538.89it/s]
100%|██████████| 6144/6144 [00:00<00:00, 20628.95it/s]

  0%|          | 0/1600 [00:00<?, ?it/s]
100%|██████████| 1600/1600 [00:00<00:00, 22315.17it/s]

  0%|          | 0/6400 [00:00<?, ?it/s]
 33%|███▎      | 2092/6400 [00:00<00:00, 20918.67it/s]
 65%|██████▌   | 4184/6400 [00:00<00:00, 16857.82it/s]
100%|██████████| 6400/6400 [00:00<00:00, 19726.88it/s]

  0%|          | 0/1664 [00:00<?, ?it/s]
100%|██████████| 1664/1664 [00:00<00:00, 23282.49it/s]

  0%|          | 0/6656 [00:00<?, ?it/s]
 30%|██▉       | 1978/6656 [00:00<00:00, 19767.11it/s]
 59%|█████▉    | 3955/6656 [00:00<00:00, 19764.94it/s]
 89%|████████▉ | 5932/6656 [00:00<00:00, 18306.50it/s]
100%|██████████| 6656/6656 [00:00<00:00, 17906.39it/s]

  0%|          | 0/1728 [00:00<?, ?it/s]
 96%|█████████▌| 1655/1728 [00:00<00:00, 16546.70it/s]
100%|██████████| 1728/1728 [00:00<00:00, 16472.14it/s]

  0%|          | 0/6912 [00:00<?, ?it/s]
 23%|██▎       | 1603/6912 [00:00<00:00, 16026.16it/s]
 48%|████▊     | 3316/6912 [00:00<00:00, 16666.94it/s]
 80%|███████▉  | 5499/6912 [00:00<00:00, 19022.72it/s]
100%|██████████| 6912/6912 [00:00<00:00, 18282.58it/s]

  0%|          | 0/1792 [00:00<?, ?it/s]
100%|██████████| 1792/1792 [00:00<00:00, 20699.66it/s]

  0%|          | 0/7168 [00:00<?, ?it/s]
 29%|██▊       | 2051/7168 [00:00<00:00, 20508.99it/s]
 57%|█████▋    | 4102/7168 [00:00<00:00, 19612.01it/s]
 85%|████████▍ | 6066/7168 [00:00<00:00, 18522.05it/s]
100%|██████████| 7168/7168 [00:00<00:00, 18648.84it/s]

  0%|          | 0/1856 [00:00<?, ?it/s]
100%|██████████| 1856/1856 [00:00<00:00, 24134.04it/s]

  0%|          | 0/7424 [00:00<?, ?it/s]
 27%|██▋       | 2033/7424 [00:00<00:00, 20323.24it/s]
 55%|█████▍    | 4066/7424 [00:00<00:00, 18939.82it/s]
 83%|████████▎ | 6184/7424 [00:00<00:00, 19920.03it/s]
100%|██████████| 7424/7424 [00:00<00:00, 19077.94it/s]

  0%|          | 0/1920 [00:00<?, ?it/s]
 95%|█████████▌| 1828/1920 [00:00<00:00, 18276.92it/s]
100%|██████████| 1920/1920 [00:00<00:00, 17896.29it/s]

  0%|          | 0/7680 [00:00<?, ?it/s]
 25%|██▌       | 1943/7680 [00:00<00:00, 19417.52it/s]
 51%|█████     | 3885/7680 [00:00<00:00, 18299.62it/s]
 74%|███████▍  | 5720/7680 [00:00<00:00, 18278.95it/s]
 98%|█████████▊| 7551/7680 [00:00<00:00, 18158.39it/s]
100%|██████████| 7680/7680 [00:00<00:00, 18230.80it/s]

  0%|          | 0/1984 [00:00<?, ?it/s]
100%|██████████| 1984/1984 [00:00<00:00, 22921.34it/s]

  0%|          | 0/7936 [00:00<?, ?it/s]
 26%|██▌       | 2061/7936 [00:00<00:00, 20601.82it/s]
 52%|█████▏    | 4122/7936 [00:00<00:00, 19204.77it/s]
 76%|███████▌  | 6050/7936 [00:00<00:00, 19236.57it/s]
100%|██████████| 7936/7936 [00:00<00:00, 19560.68it/s]

  0%|          | 0/2048 [00:00<?, ?it/s]
100%|█████████▉| 2045/2048 [00:00<00:00, 20432.38it/s]
100%|██████████| 2048/2048 [00:00<00:00, 20364.56it/s]

  0%|          | 0/8192 [00:00<?, ?it/s]
 24%|██▍       | 1973/8192 [00:00<00:00, 19706.01it/s]
 48%|████▊     | 3944/8192 [00:00<00:00, 16860.66it/s]
 69%|██████▉   | 5657/8192 [00:00<00:00, 16205.39it/s]
 91%|█████████ | 7435/8192 [00:00<00:00, 16775.91it/s]
100%|██████████| 8192/8192 [00:00<00:00, 17319.39it/s]

  0%|          | 0/2112 [00:00<?, ?it/s]
 94%|█████████▍| 1985/2112 [00:00<00:00, 19848.98it/s]
100%|██████████| 2112/2112 [00:00<00:00, 19040.72it/s]

  0%|          | 0/8448 [00:00<?, ?it/s]
 24%|██▍       | 2014/8448 [00:00<00:00, 20133.49it/s]
 48%|████▊     | 4060/8448 [00:00<00:00, 20320.53it/s]
 72%|███████▏  | 6093/8448 [00:00<00:00, 18425.55it/s]
 94%|█████████▍| 7955/8448 [00:00<00:00, 18472.57it/s]
100%|██████████| 8448/8448 [00:00<00:00, 18722.40it/s]

  0%|          | 0/2176 [00:00<?, ?it/s]
 95%|█████████▍| 2057/2176 [00:00<00:00, 20567.03it/s]
100%|██████████| 2176/2176 [00:00<00:00, 20750.00it/s]

  0%|          | 0/8704 [00:00<?, ?it/s]
 25%|██▍       | 2147/8704 [00:00<00:00, 21465.57it/s]
 50%|█████     | 4390/8704 [00:00<00:00, 22028.09it/s]
 76%|███████▌  | 6593/8704 [00:00<00:00, 20653.17it/s]
100%|█████████▉| 8668/8704 [00:00<00:00, 18730.25it/s]
100%|██████████| 8704/8704 [00:00<00:00, 19586.64it/s]

  0%|          | 0/2240 [00:00<?, ?it/s]
 95%|█████████▌| 2128/2240 [00:00<00:00, 21277.48it/s]
100%|██████████| 2240/2240 [00:00<00:00, 21167.89it/s]

  0%|          | 0/8960 [00:00<?, ?it/s]
 20%|█▉        | 1755/8960 [00:00<00:00, 17541.07it/s]
 39%|███▉      | 3510/8960 [00:00<00:00, 17459.25it/s]
 59%|█████▊    | 5256/8960 [00:00<00:00, 16955.95it/s]
 82%|████████▏ | 7309/8960 [00:00<00:00, 18338.78it/s]
100%|██████████| 8960/8960 [00:00<00:00, 18772.84it/s]

  0%|          | 0/2304 [00:00<?, ?it/s]
 67%|██████▋   | 1535/2304 [00:00<00:00, 15344.49it/s]
100%|██████████| 2304/2304 [00:00<00:00, 16423.99it/s]

  0%|          | 0/9216 [00:00<?, ?it/s]
 21%|██        | 1911/9216 [00:00<00:00, 19104.55it/s]
 41%|████▏     | 3822/9216 [00:00<00:00, 17336.74it/s]
 62%|██████▏   | 5721/9216 [00:00<00:00, 18047.63it/s]
 82%|████████▏ | 7549/9216 [00:00<00:00, 18135.96it/s]
100%|██████████| 9216/9216 [00:00<00:00, 17274.88it/s]

  0%|          | 0/2368 [00:00<?, ?it/s]
 75%|███████▌  | 1781/2368 [00:00<00:00, 17807.34it/s]
100%|██████████| 2368/2368 [00:00<00:00, 17421.79it/s]

  0%|          | 0/9472 [00:00<?, ?it/s]
 19%|█▉        | 1812/9472 [00:00<00:00, 18118.98it/s]
 38%|███▊      | 3624/9472 [00:00<00:00, 18025.83it/s]
 57%|█████▋    | 5427/9472 [00:00<00:00, 17119.66it/s]
 79%|███████▊  | 7444/9472 [00:00<00:00, 18282.56it/s]
 98%|█████████▊| 9280/9472 [00:00<00:00, 17837.42it/s]
100%|██████████| 9472/9472 [00:00<00:00, 17804.55it/s]

  0%|          | 0/2432 [00:00<?, ?it/s]
 84%|████████▍ | 2050/2432 [00:00<00:00, 20493.13it/s]
100%|██████████| 2432/2432 [00:00<00:00, 19406.99it/s]

  0%|          | 0/9728 [00:00<?, ?it/s]
 22%|██▏       | 2114/9728 [00:00<00:00, 21120.73it/s]
 43%|████▎     | 4227/9728 [00:00<00:00, 19219.05it/s]
 64%|██████▍   | 6226/9728 [00:00<00:00, 19549.66it/s]
 84%|████████▍ | 8189/9728 [00:00<00:00, 19038.60it/s]
100%|██████████| 9728/9728 [00:00<00:00, 18812.09it/s]

  0%|          | 0/2496 [00:00<?, ?it/s]
 72%|███████▏  | 1802/2496 [00:00<00:00, 18011.13it/s]
100%|██████████| 2496/2496 [00:00<00:00, 18292.18it/s]

  0%|          | 0/9984 [00:00<?, ?it/s]
 16%|█▌        | 1612/9984 [00:00<00:00, 16109.95it/s]
 33%|███▎      | 3335/9984 [00:00<00:00, 16761.50it/s]
 51%|█████     | 5077/9984 [00:00<00:00, 17060.19it/s]
 71%|███████▏  | 7121/9984 [00:00<00:00, 18390.76it/s]
 90%|████████▉ | 8961/9984 [00:00<00:00, 17583.49it/s]
100%|██████████| 9984/9984 [00:00<00:00, 17224.71it/s]

  0%|          | 0/2560 [00:00<?, ?it/s]
 78%|███████▊  | 1988/2560 [00:00<00:00, 19876.46it/s]
100%|██████████| 2560/2560 [00:00<00:00, 19093.94it/s]

  0%|          | 0/10240 [00:00<?, ?it/s]
 18%|█▊        | 1890/10240 [00:00<00:00, 18895.56it/s]
 39%|███▉      | 3974/10240 [00:00<00:00, 20036.83it/s]
 58%|█████▊    | 5978/10240 [00:00<00:00, 19713.25it/s]
 79%|███████▊  | 8054/10240 [00:00<00:00, 20120.55it/s]
 98%|█████████▊| 10068/10240 [00:00<00:00, 20126.60it/s]
100%|██████████| 10240/10240 [00:00<00:00, 19994.65it/s]

  0%|          | 0/2624 [00:00<?, ?it/s]
 71%|███████   | 1869/2624 [00:00<00:00, 18686.85it/s]
100%|██████████| 2624/2624 [00:00<00:00, 19370.91it/s]

  0%|          | 0/10496 [00:00<?, ?it/s]
 15%|█▍        | 1565/10496 [00:00<00:00, 15649.23it/s]
 33%|███▎      | 3513/10496 [00:00<00:00, 17901.71it/s]
 62%|██████▏   | 6480/10496 [00:00<00:00, 23273.24it/s]
 93%|█████████▎| 9763/10496 [00:00<00:00, 27044.38it/s]
100%|██████████| 10496/10496 [00:00<00:00, 24879.79it/s]

  0%|          | 0/1344 [00:00<?, ?it/s]
100%|██████████| 1344/1344 [00:00<00:00, 20557.46it/s]

  0%|          | 0/2688 [00:00<?, ?it/s]
100%|██████████| 2688/2688 [00:00<00:00, 34698.88it/s]

  0%|          | 0/10752 [00:00<?, ?it/s]
 26%|██▋       | 2844/10752 [00:00<00:00, 28437.45it/s]
 56%|█████▌    | 6038/10752 [00:00<00:00, 30493.44it/s]
 86%|████████▌ | 9271/10752 [00:00<00:00, 31328.61it/s]
100%|██████████| 10752/10752 [00:00<00:00, 31129.42it/s]

  0%|          | 0/2752 [00:00<?, ?it/s]
100%|██████████| 2752/2752 [00:00<00:00, 32773.21it/s]

  0%|          | 0/11008 [00:00<?, ?it/s]
 27%|██▋       | 2933/11008 [00:00<00:00, 29326.88it/s]
 53%|█████▎    | 5866/11008 [00:00<00:00, 27933.03it/s]
 79%|███████▊  | 8664/11008 [00:00<00:00, 26617.80it/s]
100%|██████████| 11008/11008 [00:00<00:00, 26864.71it/s]

  0%|          | 0/2816 [00:00<?, ?it/s]
100%|██████████| 2816/2816 [00:00<00:00, 28730.07it/s]

  0%|          | 0/11264 [00:00<?, ?it/s]
 25%|██▍       | 2814/11264 [00:00<00:00, 28136.27it/s]
 50%|████▉     | 5628/11264 [00:00<00:00, 24822.02it/s]
 75%|███████▌  | 8464/11264 [00:00<00:00, 26323.98it/s]
 99%|█████████▊| 11121/11264 [00:00<00:00, 22509.53it/s]
100%|██████████| 11264/11264 [00:00<00:00, 23415.41it/s]

  0%|          | 0/2880 [00:00<?, ?it/s]
 54%|█████▍    | 1568/2880 [00:00<00:00, 15675.08it/s]
100%|██████████| 2880/2880 [00:00<00:00, 17791.06it/s]

  0%|          | 0/11520 [00:00<?, ?it/s]
 14%|█▍        | 1592/11520 [00:00<00:00, 15909.20it/s]
 28%|██▊       | 3183/11520 [00:00<00:00, 13872.59it/s]
 40%|███▉      | 4587/11520 [00:00<00:00, 12614.66it/s]
 51%|█████     | 5864/11520 [00:00<00:00, 11706.32it/s]
 63%|██████▎   | 7270/11520 [00:00<00:00, 12454.25it/s]
 80%|███████▉  | 9213/11520 [00:00<00:00, 14631.44it/s]
 94%|█████████▍| 10871/11520 [00:00<00:00, 15229.87it/s]
100%|██████████| 11520/11520 [00:00<00:00, 14307.00it/s]

  0%|          | 0/2944 [00:00<?, ?it/s]
 61%|██████    | 1789/2944 [00:00<00:00, 17887.80it/s]
100%|██████████| 2944/2944 [00:00<00:00, 18965.43it/s]

  0%|          | 0/11776 [00:00<?, ?it/s]
 17%|█▋        | 1967/11776 [00:00<00:00, 19665.66it/s]
 33%|███▎      | 3934/11776 [00:00<00:00, 16093.40it/s]
 49%|████▉     | 5782/11776 [00:00<00:00, 17065.51it/s]
 64%|██████▍   | 7525/11776 [00:00<00:00, 17198.22it/s]
 79%|███████▉  | 9314/11776 [00:00<00:00, 17433.77it/s]
 95%|█████████▍| 11130/11776 [00:00<00:00, 17672.63it/s]
100%|██████████| 11776/11776 [00:00<00:00, 17067.83it/s]

  0%|          | 0/3008 [00:00<?, ?it/s]
 48%|████▊     | 1450/3008 [00:00<00:00, 14494.80it/s]
100%|██████████| 3008/3008 [00:00<00:00, 16494.87it/s]

  0%|          | 0/12032 [00:00<?, ?it/s]
 14%|█▍        | 1662/12032 [00:00<00:00, 16618.15it/s]
 30%|███       | 3638/12032 [00:00<00:00, 18462.24it/s]
 46%|████▌     | 5485/12032 [00:00<00:00, 18382.69it/s]
 62%|██████▏   | 7489/12032 [00:00<00:00, 19032.80it/s]
 78%|███████▊  | 9393/12032 [00:00<00:00, 17726.71it/s]
 93%|█████████▎| 11180/12032 [00:00<00:00, 16920.31it/s]
100%|██████████| 12032/12032 [00:00<00:00, 17368.73it/s]

  0%|          | 0/3072 [00:00<?, ?it/s]
 60%|██████    | 1847/3072 [00:00<00:00, 18464.87it/s]
100%|██████████| 3072/3072 [00:00<00:00, 17735.14it/s]

  0%|          | 0/12288 [00:00<?, ?it/s]
 17%|█▋        | 2073/12288 [00:00<00:00, 20728.19it/s]
 34%|███▎      | 4146/12288 [00:00<00:00, 17728.19it/s]
 48%|████▊     | 5947/12288 [00:00<00:00, 16534.51it/s]
 62%|██████▏   | 7617/12288 [00:00<00:00, 15016.48it/s]
 75%|███████▍  | 9182/12288 [00:00<00:00, 15216.05it/s]
 89%|████████▉ | 10906/12288 [00:00<00:00, 15844.37it/s]
100%|██████████| 12288/12288 [00:00<00:00, 16487.97it/s]

  0%|          | 0/3136 [00:00<?, ?it/s]
 62%|██████▏   | 1948/3136 [00:00<00:00, 19471.62it/s]
100%|██████████| 3136/3136 [00:00<00:00, 19463.13it/s]

  0%|          | 0/12544 [00:00<?, ?it/s]
 13%|█▎        | 1683/12544 [00:00<00:00, 16823.64it/s]
 30%|██▉       | 3719/12544 [00:00<00:00, 18901.18it/s]
 45%|████▌     | 5706/12544 [00:00<00:00, 19336.05it/s]
 61%|██████    | 7640/12544 [00:00<00:00, 18397.97it/s]
 76%|███████▌  | 9487/12544 [00:00<00:00, 18273.98it/s]
 92%|█████████▏| 11540/12544 [00:00<00:00, 19017.48it/s]
100%|██████████| 12544/12544 [00:00<00:00, 18674.99it/s]

  0%|          | 0/3200 [00:00<?, ?it/s]
 56%|█████▋    | 1800/3200 [00:00<00:00, 17993.75it/s]
100%|██████████| 3200/3200 [00:00<00:00, 19596.95it/s]

  0%|          | 0/12800 [00:00<?, ?it/s]
 17%|█▋        | 2122/12800 [00:00<00:00, 21214.71it/s]
 33%|███▎      | 4244/12800 [00:00<00:00, 19512.93it/s]
 48%|████▊     | 6205/12800 [00:00<00:00, 18063.02it/s]
 63%|██████▎   | 8023/12800 [00:00<00:00, 18032.88it/s]
 77%|███████▋  | 9834/12800 [00:00<00:00, 17906.40it/s]
 93%|█████████▎| 11946/12800 [00:00<00:00, 18951.70it/s]
100%|██████████| 12800/12800 [00:00<00:00, 18735.35it/s]

  0%|          | 0/3264 [00:00<?, ?it/s]
 49%|████▉     | 1598/3264 [00:00<00:00, 15978.61it/s]
100%|██████████| 3264/3264 [00:00<00:00, 16960.39it/s]

  0%|          | 0/13056 [00:00<?, ?it/s]
 13%|█▎        | 1670/13056 [00:00<00:00, 16693.77it/s]
 26%|██▋       | 3447/13056 [00:00<00:00, 17323.84it/s]
 41%|████      | 5335/13056 [00:00<00:00, 18033.50it/s]
 56%|█████▌    | 7256/13056 [00:00<00:00, 18496.22it/s]
 70%|██████▉   | 9106/13056 [00:00<00:00, 18362.75it/s]
 84%|████████▍ | 10943/13056 [00:00<00:00, 17570.69it/s]
 97%|█████████▋| 12707/13056 [00:00<00:00, 17127.04it/s]
100%|██████████| 13056/13056 [00:00<00:00, 17487.04it/s]

  0%|          | 0/3328 [00:00<?, ?it/s]
 52%|█████▏    | 1727/3328 [00:00<00:00, 17263.68it/s]
100%|██████████| 3328/3328 [00:00<00:00, 16782.99it/s]

  0%|          | 0/13312 [00:00<?, ?it/s]
 13%|█▎        | 1701/13312 [00:00<00:00, 16997.94it/s]
 26%|██▌       | 3401/13312 [00:00<00:00, 16648.08it/s]
 38%|███▊      | 5067/13312 [00:00<00:00, 16485.60it/s]
 50%|█████     | 6716/13312 [00:00<00:00, 15635.13it/s]
 63%|██████▎   | 8373/13312 [00:00<00:00, 15954.35it/s]
 77%|███████▋  | 10284/13312 [00:00<00:00, 16995.20it/s]
 90%|█████████ | 11990/13312 [00:00<00:00, 17010.89it/s]
100%|██████████| 13312/13312 [00:00<00:00, 16735.57it/s]

  0%|          | 0/3392 [00:00<?, ?it/s]
 47%|████▋     | 1608/3392 [00:00<00:00, 16075.30it/s]
100%|██████████| 3392/3392 [00:00<00:00, 17024.11it/s]

  0%|          | 0/13568 [00:00<?, ?it/s]
 15%|█▌        | 2045/13568 [00:00<00:00, 20447.53it/s]
 30%|███       | 4090/13568 [00:00<00:00, 17736.98it/s]
 43%|████▎     | 5887/13568 [00:00<00:00, 15157.70it/s]
 57%|█████▋    | 7753/13568 [00:00<00:00, 16341.36it/s]
 70%|██████▉   | 9431/13568 [00:00<00:00, 16343.98it/s]
 82%|████████▏ | 11170/13568 [00:00<00:00, 16671.62it/s]
 95%|█████████▌| 12901/13568 [00:00<00:00, 16868.91it/s]
100%|██████████| 13568/13568 [00:00<00:00, 16836.56it/s]

  0%|          | 0/3456 [00:00<?, ?it/s]
 40%|███▉      | 1381/3456 [00:00<00:00, 13809.45it/s]
 83%|████████▎ | 2856/3456 [00:00<00:00, 14360.72it/s]
100%|██████████| 3456/3456 [00:00<00:00, 14601.11it/s]

  0%|          | 0/13824 [00:00<?, ?it/s]
 14%|█▎        | 1887/13824 [00:00<00:00, 18863.27it/s]
 28%|██▊       | 3810/13824 [00:00<00:00, 19077.74it/s]
 41%|████▏     | 5718/13824 [00:00<00:00, 18961.09it/s]
 55%|█████▌    | 7635/13824 [00:00<00:00, 19035.25it/s]
 70%|███████   | 9684/13824 [00:00<00:00, 19556.80it/s]
 85%|████████▌ | 11773/13824 [00:00<00:00, 20005.99it/s]
100%|█████████▉| 13774/13824 [00:00<00:00, 16243.76it/s]
100%|██████████| 13824/13824 [00:00<00:00, 17780.99it/s]

  0%|          | 0/3520 [00:00<?, ?it/s]
 65%|██████▌   | 2297/3520 [00:00<00:00, 22959.89it/s]
100%|██████████| 3520/3520 [00:00<00:00, 21797.47it/s]

  0%|          | 0/14080 [00:00<?, ?it/s]
 15%|█▍        | 2104/14080 [00:00<00:00, 21038.31it/s]
 30%|██▉       | 4208/14080 [00:00<00:00, 20389.42it/s]
 46%|████▌     | 6437/14080 [00:00<00:00, 21241.17it/s]
 61%|██████    | 8564/14080 [00:00<00:00, 20266.46it/s]
 76%|███████▌  | 10725/14080 [00:00<00:00, 20731.36it/s]
 91%|█████████ | 12806/14080 [00:00<00:00, 20757.13it/s]
100%|██████████| 14080/14080 [00:00<00:00, 20064.47it/s]

  0%|          | 0/896 [00:00<?, ?it/s]
100%|██████████| 896/896 [00:00<00:00, 17289.73it/s]

  0%|          | 0/3584 [00:00<?, ?it/s]
 49%|████▉     | 1769/3584 [00:00<00:00, 17684.28it/s]
100%|██████████| 3584/3584 [00:00<00:00, 18812.73it/s]

  0%|          | 0/14336 [00:00<?, ?it/s]
 15%|█▌        | 2209/14336 [00:00<00:00, 22078.81it/s]
 31%|███       | 4417/14336 [00:00<00:00, 21939.21it/s]
 46%|████▌     | 6628/14336 [00:00<00:00, 22015.26it/s]
 62%|██████▏   | 8891/14336 [00:00<00:00, 22254.06it/s]
 78%|███████▊  | 11117/14336 [00:00<00:00, 21483.66it/s]
 93%|█████████▎| 13270/14336 [00:00<00:00, 21488.91it/s]
100%|██████████| 14336/14336 [00:00<00:00, 21571.17it/s]

  0%|          | 0/3648 [00:00<?, ?it/s]
 56%|█████▌    | 2034/3648 [00:00<00:00, 20331.92it/s]
100%|██████████| 3648/3648 [00:00<00:00, 20721.95it/s]

  0%|          | 0/14592 [00:00<?, ?it/s]
 10%|▉         | 1411/14592 [00:00<00:00, 14104.83it/s]
 24%|██▍       | 3530/14592 [00:00<00:00, 18269.76it/s]
 37%|███▋      | 5395/14592 [00:00<00:00, 18439.25it/s]
 51%|█████     | 7406/14592 [00:00<00:00, 19098.47it/s]
 65%|██████▍   | 9443/14592 [00:00<00:00, 19556.16it/s]
 78%|███████▊  | 11399/14592 [00:00<00:00, 19181.27it/s]
 92%|█████████▏| 13399/14592 [00:00<00:00, 19443.51it/s]
100%|██████████| 14592/14592 [00:00<00:00, 18824.91it/s]

  0%|          | 0/3712 [00:00<?, ?it/s]
 51%|█████▏    | 1908/3712 [00:00<00:00, 19070.56it/s]
100%|██████████| 3712/3712 [00:00<00:00, 18635.06it/s]

  0%|          | 0/14848 [00:00<?, ?it/s]
 11%|█         | 1603/14848 [00:00<00:00, 16023.94it/s]
 23%|██▎       | 3412/14848 [00:00<00:00, 17236.60it/s]
 35%|███▍      | 5136/14848 [00:00<00:00, 17071.26it/s]
 49%|████▉     | 7250/14848 [00:00<00:00, 18666.07it/s]
 63%|██████▎   | 9416/14848 [00:00<00:00, 19740.44it/s]
 77%|███████▋  | 11392/14848 [00:00<00:00, 19223.58it/s]
 91%|█████████ | 13496/14848 [00:00<00:00, 19803.32it/s]
100%|██████████| 14848/14848 [00:00<00:00, 19280.68it/s]

  0%|          | 0/3776 [00:00<?, ?it/s]
 54%|█████▍    | 2031/3776 [00:00<00:00, 20305.71it/s]
100%|██████████| 3776/3776 [00:00<00:00, 23031.22it/s]

  0%|          | 0/15104 [00:00<?, ?it/s]
 15%|█▌        | 2273/15104 [00:00<00:00, 22728.50it/s]
 32%|███▏      | 4806/15104 [00:00<00:00, 24257.34it/s]
 50%|█████     | 7588/15104 [00:00<00:00, 25878.76it/s]
 69%|██████▉   | 10399/15104 [00:00<00:00, 26756.46it/s]
 89%|████████▉ | 13411/15104 [00:00<00:00, 27966.73it/s]
100%|██████████| 15104/15104 [00:00<00:00, 27218.04it/s]

  0%|          | 0/960 [00:00<?, ?it/s]
100%|██████████| 960/960 [00:00<00:00, 33573.46it/s]

  0%|          | 0/3840 [00:00<?, ?it/s]
 90%|█████████ | 3459/3840 [00:00<00:00, 34581.13it/s]
100%|██████████| 3840/3840 [00:00<00:00, 34383.50it/s]

  0%|          | 0/15360 [00:00<?, ?it/s]
 19%|█▉        | 2898/15360 [00:00<00:00, 28972.08it/s]
 38%|███▊      | 5796/15360 [00:00<00:00, 27365.51it/s]
 56%|█████▌    | 8539/15360 [00:00<00:00, 27328.39it/s]
 73%|███████▎  | 11275/15360 [00:00<00:00, 26366.87it/s]
 91%|█████████ | 13917/15360 [00:00<00:00, 24964.23it/s]
100%|██████████| 15360/15360 [00:00<00:00, 25761.33it/s]

  0%|          | 0/976 [00:00<?, ?it/s]
100%|██████████| 976/976 [00:00<00:00, 34875.11it/s]

  0%|          | 0/3904 [00:00<?, ?it/s]
 80%|███████▉  | 3111/3904 [00:00<00:00, 31108.47it/s]
100%|██████████| 3904/3904 [00:00<00:00, 30143.08it/s]

  0%|          | 0/15616 [00:00<?, ?it/s]
 12%|█▏        | 1803/15616 [00:00<00:00, 18023.01it/s]
 23%|██▎       | 3647/15616 [00:00<00:00, 18267.76it/s]
 36%|███▋      | 5670/15616 [00:00<00:00, 19160.42it/s]
 49%|████▊     | 7587/15616 [00:00<00:00, 18820.46it/s]
 61%|██████    | 9470/15616 [00:00<00:00, 18657.84it/s]
 73%|███████▎  | 11337/15616 [00:00<00:00, 18233.12it/s]
 84%|████████▍ | 13163/15616 [00:00<00:00, 17106.31it/s]
 96%|█████████▌| 14940/15616 [00:00<00:00, 17304.78it/s]
100%|██████████| 15616/15616 [00:00<00:00, 17949.61it/s]

  0%|          | 0/992 [00:00<?, ?it/s]
100%|██████████| 992/992 [00:00<00:00, 12166.08it/s]

  0%|          | 0/3968 [00:00<?, ?it/s]
 48%|████▊     | 1895/3968 [00:00<00:00, 18942.48it/s]
100%|██████████| 3968/3968 [00:00<00:00, 20261.62it/s]

  0%|          | 0/15872 [00:00<?, ?it/s]
 10%|█         | 1646/15872 [00:00<00:00, 16457.98it/s]
 21%|██        | 3292/15872 [00:00<00:00, 16437.99it/s]
 33%|███▎      | 5311/15872 [00:00<00:00, 18146.60it/s]
 45%|████▍     | 7126/15872 [00:00<00:00, 17788.83it/s]
 58%|█████▊    | 9160/15872 [00:00<00:00, 18695.81it/s]
 71%|███████   | 11236/15872 [00:00<00:00, 19390.28it/s]
 83%|████████▎ | 13177/15872 [00:03<00:01, 1844.34it/s] 
 96%|█████████▌| 15273/15872 [00:03<00:00, 2652.47it/s]
100%|██████████| 15872/15872 [00:03<00:00, 4214.35it/s]

  0%|          | 0/4032 [00:00<?, ?it/s]
 48%|████▊     | 1933/4032 [00:00<00:00, 19316.20it/s]
 96%|█████████▌| 3875/4032 [00:00<00:00, 19367.56it/s]
100%|██████████| 4032/4032 [00:00<00:00, 19392.04it/s]

  0%|          | 0/16128 [00:00<?, ?it/s]
 12%|█▏        | 1862/16128 [00:00<00:00, 18586.30it/s]
 23%|██▎       | 3745/16128 [00:00<00:00, 18725.70it/s]
 35%|███▍      | 5618/16128 [00:00<00:00, 18720.38it/s]
 47%|████▋     | 7637/16128 [00:00<00:00, 19297.55it/s]
 59%|█████▉    | 9567/16128 [00:00<00:00, 19092.33it/s]
 71%|███████   | 11477/16128 [00:00<00:00, 18911.30it/s]
 83%|████████▎ | 13369/16128 [00:00<00:00, 18596.92it/s]
 94%|█████████▍| 15230/16128 [00:00<00:00, 17552.36it/s]
100%|██████████| 16128/16128 [00:00<00:00, 18039.51it/s]

  0%|          | 0/1024 [00:00<?, ?it/s]
100%|██████████| 1024/1024 [00:00<00:00, 16474.50it/s]

  0%|          | 0/4096 [00:00<?, ?it/s]
 48%|████▊     | 1952/4096 [00:00<00:00, 19510.85it/s]
 95%|█████████▌| 3904/4096 [00:00<00:00, 18767.76it/s]
100%|██████████| 4096/4096 [00:00<00:00, 18915.06it/s]

  0%|          | 0/16384 [00:00<?, ?it/s]
 11%|█▏        | 1875/16384 [00:00<00:00, 18736.66it/s]
 23%|██▎       | 3749/16384 [00:00<00:00, 17152.28it/s]
 33%|███▎      | 5474/16384 [00:00<00:00, 16731.07it/s]
 44%|████▎     | 7152/16384 [00:00<00:00, 15855.19it/s]
 53%|█████▎    | 8744/16384 [00:00<00:00, 15824.86it/s]
 63%|██████▎   | 10330/16384 [00:00<00:00, 15763.40it/s]
 74%|███████▍  | 12126/16384 [00:00<00:00, 16454.15it/s]
 85%|████████▌ | 14005/16384 [00:00<00:00, 17177.85it/s]
 96%|█████████▌| 15737/16384 [00:00<00:00, 17217.97it/s]
100%|██████████| 16384/16384 [00:00<00:00, 16820.57it/s]

  0%|          | 0/4160 [00:00<?, ?it/s]
 43%|████▎     | 1804/4160 [00:00<00:00, 18035.80it/s]
 89%|████████▉ | 3721/4160 [00:00<00:00, 18699.59it/s]
100%|██████████| 4160/4160 [00:00<00:00, 18213.53it/s]

  0%|          | 0/16640 [00:00<?, ?it/s]
 11%|█         | 1859/16640 [00:00<00:00, 18581.78it/s]
 22%|██▏       | 3718/16640 [00:00<00:00, 17608.73it/s]
 34%|███▎      | 5576/16640 [00:00<00:00, 18037.76it/s]
 45%|████▍     | 7435/16640 [00:00<00:00, 18247.48it/s]
 58%|█████▊    | 9618/16640 [00:00<00:00, 19522.63it/s]
 72%|███████▏  | 12028/16640 [00:00<00:00, 21062.95it/s]
 88%|████████▊ | 14675/16640 [00:00<00:00, 22818.30it/s]
100%|██████████| 16640/16640 [00:00<00:00, 20830.30it/s]

  0%|          | 0/1056 [00:00<?, ?it/s]
100%|██████████| 1056/1056 [00:00<00:00, 30768.06it/s]

  0%|          | 0/4224 [00:00<?, ?it/s]
 60%|██████    | 2541/4224 [00:00<00:00, 25405.72it/s]
100%|██████████| 4224/4224 [00:00<00:00, 27124.57it/s]

  0%|          | 0/16896 [00:00<?, ?it/s]
 17%|█▋        | 2791/16896 [00:00<00:00, 27908.90it/s]
 35%|███▍      | 5889/16896 [00:00<00:00, 29711.54it/s]
 52%|█████▏    | 8861/16896 [00:00<00:00, 28579.28it/s]
 69%|██████▉   | 11724/16896 [00:00<00:00, 28591.11it/s]
 86%|████████▋ | 14587/16896 [00:00<00:00, 27589.50it/s]
100%|██████████| 16896/16896 [00:00<00:00, 27684.96it/s]

  0%|          | 0/4288 [00:00<?, ?it/s]
 69%|██████▉   | 2972/4288 [00:00<00:00, 29710.75it/s]
100%|██████████| 4288/4288 [00:00<00:00, 29803.92it/s]

  0%|          | 0/17152 [00:00<?, ?it/s]
 15%|█▌        | 2584/17152 [00:00<00:00, 25838.42it/s]
 32%|███▏      | 5491/17152 [00:00<00:00, 27736.60it/s]
 50%|████▉     | 8532/17152 [00:00<00:00, 28956.91it/s]
 67%|██████▋   | 11428/17152 [00:00<00:00, 24397.65it/s]
 81%|████████▏ | 13957/17152 [00:00<00:00, 20396.52it/s]
 94%|█████████▍| 16126/17152 [00:00<00:00, 18594.94it/s]
100%|██████████| 17152/17152 [00:00<00:00, 20791.59it/s]

  0%|          | 0/1088 [00:00<?, ?it/s]
100%|██████████| 1088/1088 [00:00<00:00, 15924.05it/s]

  0%|          | 0/4352 [00:00<?, ?it/s]
 35%|███▌      | 1544/4352 [00:00<00:00, 15429.60it/s]
 71%|███████   | 3087/4352 [00:00<00:00, 15160.74it/s]
100%|██████████| 4352/4352 [00:00<00:00, 15276.85it/s]

  0%|          | 0/17408 [00:00<?, ?it/s]
  9%|▉         | 1548/17408 [00:00<00:01, 15470.06it/s]
 18%|█▊        | 3096/17408 [00:00<00:01, 13150.75it/s]
 30%|██▉       | 5201/17408 [00:00<00:00, 16439.36it/s]
 41%|████      | 7169/17408 [00:00<00:00, 17641.58it/s]
 52%|█████▏    | 8967/17408 [00:00<00:00, 17050.11it/s]
 61%|██████▏   | 10696/17408 [00:00<00:00, 17030.68it/s]
 71%|███████▏  | 12415/17408 [00:00<00:00, 16929.15it/s]
 81%|████████  | 14119/17408 [00:00<00:00, 16203.38it/s]
 93%|█████████▎| 16266/17408 [00:00<00:00, 17760.68it/s]
100%|██████████| 17408/17408 [00:01<00:00, 16914.31it/s]

  0%|          | 0/4416 [00:00<?, ?it/s]
 44%|████▍     | 1963/4416 [00:00<00:00, 19619.26it/s]
 89%|████████▉ | 3925/4416 [00:00<00:00, 18843.70it/s]
100%|██████████| 4416/4416 [00:00<00:00, 18573.64it/s]

  0%|          | 0/17664 [00:00<?, ?it/s]
  9%|▉         | 1573/17664 [00:00<00:01, 15728.74it/s]
 18%|█▊        | 3146/17664 [00:00<00:00, 15437.48it/s]
 28%|██▊       | 4985/17664 [00:00<00:00, 16770.93it/s]
 38%|███▊      | 6800/17664 [00:00<00:00, 17310.79it/s]
 48%|████▊     | 8533/17664 [00:00<00:00, 16233.97it/s]
 58%|█████▊    | 10329/17664 [00:00<00:00, 16787.73it/s]
 68%|██████▊   | 12018/17664 [00:00<00:00, 16817.90it/s]
 80%|███████▉  | 14056/17664 [00:00<00:00, 17923.26it/s]
 90%|████████▉ | 15856/17664 [00:00<00:00, 17910.22it/s]
100%|█████████▉| 17652/17664 [00:01<00:00, 17208.77it/s]
100%|██████████| 17664/17664 [00:01<00:00, 17023.75it/s]

  0%|          | 0/1120 [00:00<?, ?it/s]
100%|██████████| 1120/1120 [00:00<00:00, 13832.28it/s]

  0%|          | 0/4480 [00:00<?, ?it/s]
 40%|████      | 1807/4480 [00:00<00:00, 18062.27it/s]
 81%|████████  | 3614/4480 [00:00<00:00, 17411.32it/s]
100%|██████████| 4480/4480 [00:00<00:00, 17765.25it/s]

  0%|          | 0/17920 [00:00<?, ?it/s]
  9%|▉         | 1641/17920 [00:00<00:00, 16406.42it/s]
 20%|█▉        | 3540/17920 [00:00<00:00, 17919.84it/s]
 31%|███       | 5507/17920 [00:00<00:00, 18716.98it/s]
 41%|████      | 7379/17920 [00:00<00:00, 18377.98it/s]
 51%|█████▏    | 9218/17920 [00:00<00:00, 17889.86it/s]
 62%|██████▏   | 11182/17920 [00:00<00:00, 18469.04it/s]
 73%|███████▎  | 13032/17920 [00:00<00:00, 17577.30it/s]
 83%|████████▎ | 14799/17920 [00:00<00:00, 17129.02it/s]
 94%|█████████▍| 16828/17920 [00:00<00:00, 18065.94it/s]
100%|██████████| 17920/17920 [00:01<00:00, 17779.26it/s]

  0%|          | 0/4544 [00:00<?, ?it/s]
 37%|███▋      | 1691/4544 [00:00<00:00, 16902.60it/s]
 86%|████████▌ | 3914/4544 [00:00<00:00, 20035.08it/s]
100%|██████████| 4544/4544 [00:00<00:00, 18216.98it/s]

  0%|          | 0/4544 [00:00<?, ?it/s]
 44%|████▎     | 1981/4544 [00:00<00:00, 19802.13it/s]
 87%|████████▋ | 3962/4544 [00:00<00:00, 17001.92it/s]
100%|██████████| 4544/4544 [00:00<00:00, 17182.67it/s]

  0%|          | 0/18176 [00:00<?, ?it/s]
 10%|▉         | 1816/18176 [00:00<00:00, 18156.29it/s]
 20%|█▉        | 3632/18176 [00:00<00:00, 17632.54it/s]
 30%|██▉       | 5416/18176 [00:00<00:00, 17724.80it/s]
 40%|████      | 7314/18176 [00:00<00:00, 18212.53it/s]
 50%|█████     | 9137/18176 [00:00<00:00, 17387.07it/s]
 60%|██████    | 10978/18176 [00:00<00:00, 17722.15it/s]
 70%|███████   | 12756/18176 [00:00<00:00, 17408.16it/s]
 82%|████████▏ | 14953/18176 [00:00<00:00, 18817.55it/s]
 93%|█████████▎| 16939/18176 [00:00<00:00, 19136.40it/s]
100%|██████████| 18176/18176 [00:00<00:00, 18548.23it/s]

  0%|          | 0/1152 [00:00<?, ?it/s]
100%|██████████| 1152/1152 [00:00<00:00, 16014.42it/s]

  0%|          | 0/4608 [00:00<?, ?it/s]
 42%|████▏     | 1952/4608 [00:00<00:00, 19518.67it/s]
 89%|████████▊ | 4083/4608 [00:00<00:00, 20564.36it/s]
100%|██████████| 4608/4608 [00:00<00:00, 20562.02it/s]

  0%|          | 0/4608 [00:00<?, ?it/s]
 42%|████▏     | 1946/4608 [00:00<00:00, 19453.02it/s]
 84%|████████▍ | 3892/4608 [00:00<00:00, 19189.16it/s]
100%|██████████| 4608/4608 [00:00<00:00, 18678.07it/s]

  0%|          | 0/18432 [00:00<?, ?it/s]
 10%|▉         | 1801/18432 [00:00<00:00, 18000.32it/s]
 20%|█▉        | 3602/18432 [00:00<00:00, 17663.30it/s]
 29%|██▉       | 5369/18432 [00:00<00:00, 16841.54it/s]
 40%|████      | 7426/18432 [00:00<00:00, 18261.34it/s]
 51%|█████     | 9366/18432 [00:00<00:00, 18660.35it/s]
 63%|██████▎   | 11580/18432 [00:00<00:00, 19823.64it/s]
 78%|███████▊  | 14323/18432 [00:00<00:00, 22283.27it/s]
 90%|█████████ | 16631/18432 [00:00<00:00, 22534.31it/s]
100%|██████████| 18432/18432 [00:00<00:00, 20754.52it/s]

  0%|          | 0/4672 [00:00<?, ?it/s]
 56%|█████▌    | 2616/4672 [00:00<00:00, 26156.10it/s]
100%|██████████| 4672/4672 [00:00<00:00, 26545.04it/s]

  0%|          | 0/4672 [00:00<?, ?it/s]
 54%|█████▍    | 2544/4672 [00:00<00:00, 25435.84it/s]
100%|██████████| 4672/4672 [00:00<00:00, 24452.80it/s]

  0%|          | 0/18688 [00:00<?, ?it/s]
 16%|█▋        | 3070/18688 [00:00<00:00, 30696.52it/s]
 33%|███▎      | 6140/18688 [00:00<00:00, 29957.90it/s]
 49%|████▉     | 9138/18688 [00:00<00:00, 28164.62it/s]
 64%|██████▍   | 11966/18688 [00:00<00:00, 27439.62it/s]
 79%|███████▉  | 14758/18688 [00:00<00:00, 27604.48it/s]
 94%|█████████▍| 17524/18688 [00:00<00:00, 27558.96it/s]
100%|██████████| 18688/18688 [00:00<00:00, 28206.10it/s]

  0%|          | 0/1184 [00:00<?, ?it/s]
100%|██████████| 1184/1184 [00:00<00:00, 32671.21it/s]

  0%|          | 0/4736 [00:00<?, ?it/s]
 62%|██████▏   | 2928/4736 [00:00<00:00, 29276.75it/s]
100%|██████████| 4736/4736 [00:00<00:00, 25255.78it/s]

  0%|          | 0/4736 [00:00<?, ?it/s]
 26%|██▌       | 1223/4736 [00:00<00:00, 12219.99it/s]
 61%|██████    | 2870/4736 [00:00<00:00, 14717.84it/s]
100%|██████████| 4736/4736 [00:00<00:00, 16030.06it/s]

  0%|          | 0/18944 [00:00<?, ?it/s]
  9%|▉         | 1780/18944 [00:00<00:00, 17796.16it/s]
 20%|██        | 3813/18944 [00:00<00:00, 19283.31it/s]
 30%|███       | 5742/18944 [00:00<00:00, 17684.02it/s]
 40%|███▉      | 7525/18944 [00:00<00:00, 17135.27it/s]
 49%|████▉     | 9248/18944 [00:00<00:00, 17016.53it/s]
 58%|█████▊    | 10955/18944 [00:00<00:00, 16991.82it/s]
 67%|██████▋   | 12716/18944 [00:00<00:00, 17185.13it/s]
 77%|███████▋  | 14574/18944 [00:00<00:00, 17618.89it/s]
 87%|████████▋ | 16523/18944 [00:00<00:00, 18194.57it/s]
 97%|█████████▋| 18346/18944 [00:01<00:00, 16308.50it/s]
100%|██████████| 18944/18944 [00:01<00:00, 17214.22it/s]

  0%|          | 0/4800 [00:00<?, ?it/s]
 35%|███▌      | 1690/4800 [00:00<00:00, 16895.02it/s]
 73%|███████▎  | 3489/4800 [00:00<00:00, 17529.23it/s]
100%|██████████| 4800/4800 [00:00<00:00, 17165.65it/s]

  0%|          | 0/4800 [00:00<?, ?it/s]
 40%|████      | 1938/4800 [00:00<00:00, 19369.72it/s]
 81%|████████  | 3875/4800 [00:00<00:00, 17564.81it/s]
100%|██████████| 4800/4800 [00:00<00:00, 17416.61it/s]

  0%|          | 0/19200 [00:00<?, ?it/s]
  8%|▊         | 1602/19200 [00:00<00:01, 16009.02it/s]
 17%|█▋        | 3238/19200 [00:00<00:00, 16213.50it/s]
 25%|██▌       | 4860/19200 [00:00<00:00, 15978.30it/s]
 34%|███▎      | 6459/19200 [00:00<00:00, 15871.35it/s]
 44%|████▍     | 8497/19200 [00:00<00:00, 17477.94it/s]
 53%|█████▎    | 10247/19200 [00:00<00:00, 16858.09it/s]
 62%|██████▏   | 11938/19200 [00:00<00:00, 15552.81it/s]
 72%|███████▏  | 13835/19200 [00:00<00:00, 16557.58it/s]
 81%|████████  | 15512/19200 [00:00<00:00, 16262.36it/s]
 90%|█████████ | 17330/19200 [00:01<00:00, 16822.08it/s]
100%|██████████| 19200/19200 [00:01<00:00, 16743.21it/s]

  0%|          | 0/1216 [00:00<?, ?it/s]
100%|██████████| 1216/1216 [00:00<00:00, 19471.52it/s]

  0%|          | 0/4864 [00:00<?, ?it/s]
 33%|███▎      | 1583/4864 [00:00<00:00, 15829.15it/s]
 69%|██████▊   | 3341/4864 [00:00<00:00, 16855.90it/s]
100%|██████████| 4864/4864 [00:00<00:00, 15903.54it/s]

  0%|          | 0/4864 [00:00<?, ?it/s]
 30%|██▉       | 1441/4864 [00:00<00:00, 14405.58it/s]
 59%|█████▉    | 2882/4864 [00:00<00:00, 13786.23it/s]
 95%|█████████▌| 4639/4864 [00:00<00:00, 15470.47it/s]
100%|██████████| 4864/4864 [00:00<00:00, 15209.27it/s]

  0%|          | 0/19456 [00:00<?, ?it/s]
  8%|▊         | 1556/19456 [00:00<00:01, 15559.05it/s]
 17%|█▋        | 3292/19456 [00:00<00:00, 16614.34it/s]
 26%|██▌       | 5038/19456 [00:00<00:00, 16997.23it/s]
 35%|███▍      | 6738/19456 [00:00<00:00, 16187.49it/s]
 44%|████▍     | 8618/19456 [00:00<00:00, 17099.53it/s]
 55%|█████▍    | 10641/19456 [00:00<00:00, 18139.28it/s]
 64%|██████▍   | 12462/19456 [00:00<00:00, 17822.97it/s]
 74%|███████▍  | 14414/19456 [00:00<00:00, 18349.12it/s]
 84%|████████▎ | 16254/19456 [00:00<00:00, 16926.03it/s]
 94%|█████████▍| 18240/19456 [00:01<00:00, 17770.98it/s]
100%|██████████| 19456/19456 [00:01<00:00, 17480.16it/s]

  0%|          | 0/4928 [00:00<?, ?it/s]
 40%|████      | 1974/4928 [00:00<00:00, 19733.53it/s]
 80%|████████  | 3948/4928 [00:00<00:00, 18876.46it/s]
100%|██████████| 4928/4928 [00:00<00:00, 19035.33it/s]

  0%|          | 0/4928 [00:00<?, ?it/s]
 43%|████▎     | 2106/4928 [00:00<00:00, 21050.89it/s]
 85%|████████▌ | 4212/4928 [00:00<00:00, 20693.86it/s]
100%|██████████| 4928/4928 [00:00<00:00, 20906.74it/s]

  0%|          | 0/19712 [00:00<?, ?it/s]
  8%|▊         | 1657/19712 [00:00<00:01, 16567.01it/s]
 18%|█▊        | 3599/19712 [00:00<00:00, 18242.82it/s]
 28%|██▊       | 5496/19712 [00:00<00:00, 18574.48it/s]
 38%|███▊      | 7519/19712 [00:00<00:00, 19226.69it/s]
 49%|████▉     | 9636/19712 [00:00<00:00, 19926.72it/s]
 60%|██████    | 11897/19712 [00:00<00:00, 20838.49it/s]
 75%|███████▌  | 14793/19712 [00:00<00:00, 23492.98it/s]
 87%|████████▋ | 17143/19712 [00:00<00:00, 22188.53it/s]
100%|██████████| 19712/19712 [00:00<00:00, 21576.44it/s]

  0%|          | 0/1248 [00:00<?, ?it/s]
100%|██████████| 1248/1248 [00:00<00:00, 27298.81it/s]

  0%|          | 0/4992 [00:00<?, ?it/s]
 62%|██████▏   | 3104/4992 [00:00<00:00, 31033.22it/s]
100%|██████████| 4992/4992 [00:00<00:00, 30505.67it/s]

  0%|          | 0/4992 [00:00<?, ?it/s]
 59%|█████▉    | 2949/4992 [00:00<00:00, 29487.57it/s]
100%|██████████| 4992/4992 [00:00<00:00, 30394.74it/s]

  0%|          | 0/19968 [00:00<?, ?it/s]
 15%|█▌        | 3025/19968 [00:00<00:00, 30248.95it/s]
 30%|███       | 6087/19968 [00:00<00:00, 30461.97it/s]
 46%|████▌     | 9134/19968 [00:00<00:00, 29075.80it/s]
 60%|██████    | 12049/19968 [00:00<00:00, 28566.87it/s]
 75%|███████▍  | 14911/19968 [00:00<00:00, 28396.58it/s]
 89%|████████▉ | 17754/19968 [00:00<00:00, 27927.31it/s]
100%|██████████| 19968/19968 [00:00<00:00, 28359.64it/s]

  0%|          | 0/5056 [00:00<?, ?it/s]
 46%|████▌     | 2305/5056 [00:00<00:00, 23043.21it/s]
 91%|█████████ | 4610/5056 [00:00<00:00, 18923.57it/s]
100%|██████████| 5056/5056 [00:00<00:00, 19135.55it/s]

  0%|          | 0/20224 [00:00<?, ?it/s]
 10%|▉         | 1971/20224 [00:00<00:00, 19705.04it/s]
 19%|█▉        | 3942/20224 [00:00<00:01, 15941.95it/s]
 28%|██▊       | 5589/20224 [00:00<00:00, 16153.72it/s]
 36%|███▌      | 7232/20224 [00:00<00:00, 15843.40it/s]
 44%|████▎     | 8832/20224 [00:00<00:00, 15594.29it/s]
 51%|█████▏    | 10401/20224 [00:00<00:00, 13505.53it/s]
 59%|█████▉    | 12010/20224 [00:00<00:00, 14238.74it/s]
 68%|██████▊   | 13723/20224 [00:00<00:00, 15069.98it/s]
 77%|███████▋  | 15507/20224 [00:01<00:00, 15877.66it/s]
 87%|████████▋ | 17560/20224 [00:01<00:00, 17245.15it/s]
 97%|█████████▋| 19587/20224 [00:01<00:00, 18138.21it/s]
100%|██████████| 20224/20224 [00:01<00:00, 16372.74it/s]

  0%|          | 0/1280 [00:00<?, ?it/s]
100%|██████████| 1280/1280 [00:00<00:00, 13191.48it/s]

  0%|          | 0/5120 [00:00<?, ?it/s]
 31%|███▏      | 1612/5120 [00:00<00:00, 16118.56it/s]
 68%|██████▊   | 3497/5120 [00:00<00:00, 17724.37it/s]
100%|██████████| 5120/5120 [00:00<00:00, 17300.53it/s]

  0%|          | 0/5120 [00:00<?, ?it/s]
 34%|███▍      | 1731/5120 [00:00<00:00, 17308.16it/s]
 69%|██████▊   | 3511/5120 [00:00<00:00, 17596.04it/s]
100%|██████████| 5120/5120 [00:00<00:00, 17941.66it/s]

  0%|          | 0/20480 [00:00<?, ?it/s]
  6%|▌         | 1201/20480 [00:00<00:01, 12006.81it/s]
 15%|█▍        | 3030/20480 [00:00<00:01, 15698.07it/s]
 23%|██▎       | 4659/20480 [00:00<00:00, 15963.74it/s]
 31%|███       | 6296/20480 [00:00<00:00, 16122.02it/s]
 39%|███▊      | 7909/20480 [00:00<00:00, 16025.17it/s]
 47%|████▋     | 9598/20480 [00:00<00:00, 16316.84it/s]
 56%|█████▌    | 11516/20480 [00:00<00:00, 17248.21it/s]
 66%|██████▌   | 13454/20480 [00:00<00:00, 17924.62it/s]
 74%|███████▍  | 15247/20480 [00:00<00:00, 17524.19it/s]
 83%|████████▎ | 17002/20480 [00:01<00:00, 16896.83it/s]
 92%|█████████▏| 18821/20480 [00:01<00:00, 17274.55it/s]
100%|██████████| 20480/20480 [00:01<00:00, 16614.03it/s]

  0%|          | 0/1296 [00:00<?, ?it/s]
100%|██████████| 1296/1296 [00:00<00:00, 19022.59it/s]

  0%|          | 0/5184 [00:00<?, ?it/s]
 38%|███▊      | 1984/5184 [00:00<00:00, 19834.77it/s]
 80%|███████▉  | 4124/5184 [00:00<00:00, 20749.96it/s]
100%|██████████| 5184/5184 [00:00<00:00, 20481.91it/s]

  0%|          | 0/5184 [00:00<?, ?it/s]
 35%|███▍      | 1795/5184 [00:00<00:00, 17947.02it/s]
 71%|███████   | 3655/5184 [00:00<00:00, 18328.85it/s]
100%|██████████| 5184/5184 [00:00<00:00, 18251.73it/s]

  0%|          | 0/20736 [00:00<?, ?it/s]
  9%|▉         | 1876/20736 [00:00<00:01, 18757.60it/s]
 18%|█▊        | 3752/20736 [00:00<00:00, 18159.56it/s]
 27%|██▋       | 5570/20736 [00:00<00:00, 16092.68it/s]
 35%|███▌      | 7264/20736 [00:00<00:00, 16398.39it/s]
 43%|████▎     | 8921/20736 [00:00<00:00, 16390.18it/s]
 52%|█████▏    | 10843/20736 [00:00<00:00, 17314.16it/s]
 61%|██████    | 12698/20736 [00:00<00:00, 17704.88it/s]
 70%|██████▉   | 14477/20736 [00:00<00:00, 17579.72it/s]
 78%|███████▊  | 16273/20736 [00:00<00:00, 17695.44it/s]
 87%|████████▋ | 18138/20736 [00:01<00:00, 17981.37it/s]
 96%|█████████▌| 19940/20736 [00:01<00:00, 16637.66it/s]
100%|██████████| 20736/20736 [00:01<00:00, 16842.43it/s]

  0%|          | 0/1312 [00:00<?, ?it/s]
100%|██████████| 1312/1312 [00:00<00:00, 18879.91it/s]

  0%|          | 0/5248 [00:00<?, ?it/s]
 28%|██▊       | 1459/5248 [00:00<00:00, 14586.15it/s]
 60%|██████    | 3175/5248 [00:00<00:00, 16099.05it/s]
 98%|█████████▊| 5138/5248 [00:00<00:00, 17707.27it/s]
100%|██████████| 5248/5248 [00:00<00:00, 17168.87it/s]

  0%|          | 0/5248 [00:00<?, ?it/s]
 35%|███▌      | 1838/5248 [00:00<00:00, 18377.83it/s]
 70%|███████   | 3676/5248 [00:00<00:00, 17644.55it/s]
100%|██████████| 5248/5248 [00:00<00:00, 16971.08it/s]

  0%|          | 0/20992 [00:00<?, ?it/s]
  9%|▉         | 1880/20992 [00:00<00:01, 18796.07it/s]
 18%|█▊        | 3833/20992 [00:00<00:00, 19224.37it/s]
 27%|██▋       | 5756/20992 [00:00<00:00, 18915.73it/s]
 36%|███▋      | 7649/20992 [00:00<00:00, 18357.68it/s]
 45%|████▌     | 9535/20992 [00:00<00:00, 18531.10it/s]
 54%|█████▍    | 11391/20992 [00:00<00:00, 18518.87it/s]
 63%|██████▎   | 13326/20992 [00:00<00:00, 18784.87it/s]
 73%|███████▎  | 15247/20992 [00:00<00:00, 18917.97it/s]
 82%|████████▏ | 17140/20992 [00:00<00:00, 18568.26it/s]
 91%|█████████ | 19032/20992 [00:01<00:00, 18673.09it/s]
100%|█████████▉| 20901/20992 [00:01<00:00, 18363.08it/s]
100%|██████████| 20992/20992 [00:01<00:00, 18595.83it/s]

  0%|          | 0/5312 [00:00<?, ?it/s]
 34%|███▍      | 1804/5312 [00:00<00:00, 18038.99it/s]
 68%|██████▊   | 3608/5312 [00:00<00:00, 17505.14it/s]
100%|██████████| 5312/5312 [00:00<00:00, 17804.16it/s]

  0%|          | 0/5312 [00:00<?, ?it/s]
 33%|███▎      | 1731/5312 [00:00<00:00, 17295.71it/s]
 65%|██████▌   | 3478/5312 [00:00<00:00, 17393.28it/s]
 99%|█████████▊| 5237/5312 [00:00<00:00, 17479.03it/s]
100%|██████████| 5312/5312 [00:00<00:00, 17404.24it/s]

  0%|          | 0/21248 [00:00<?, ?it/s]
  8%|▊         | 1764/21248 [00:00<00:01, 17627.58it/s]
 17%|█▋        | 3527/21248 [00:00<00:01, 16155.83it/s]
 24%|██▍       | 5151/21248 [00:03<00:13, 1177.89it/s] 
 30%|███       | 6442/21248 [00:03<00:08, 1685.22it/s]
 36%|███▋      | 7716/21248 [00:03<00:05, 2328.37it/s]
 43%|████▎     | 9104/21248 [00:03<00:03, 3214.75it/s]
 49%|████▊     | 10326/21248 [00:03<00:02, 4096.32it/s]
 54%|█████▍    | 11540/21248 [00:03<00:01, 4961.51it/s]
 61%|██████    | 12913/21248 [00:03<00:01, 6247.12it/s]
 67%|██████▋   | 14224/21248 [00:03<00:00, 7435.91it/s]
 75%|███████▍  | 15902/21248 [00:04<00:00, 9286.71it/s]
 81%|████████▏ | 17280/21248 [00:04<00:00, 10227.39it/s]
 88%|████████▊ | 18649/21248 [00:04<00:00, 10686.64it/s]
 94%|█████████▍| 19966/21248 [00:04<00:00, 10865.34it/s]
100%|██████████| 21248/21248 [00:04<00:00, 4738.87it/s] 

  0%|          | 0/1344 [00:00<?, ?it/s]
100%|██████████| 1344/1344 [00:00<00:00, 17294.67it/s]

  0%|          | 0/5376 [00:00<?, ?it/s]
 26%|██▋       | 1419/5376 [00:00<00:00, 14183.12it/s]
 60%|█████▉    | 3212/5376 [00:00<00:00, 16381.38it/s]
 91%|█████████ | 4866/5376 [00:00<00:00, 16446.94it/s]
100%|██████████| 5376/5376 [00:00<00:00, 16246.05it/s]

  0%|          | 0/5376 [00:00<?, ?it/s]
 33%|███▎      | 1791/5376 [00:00<00:00, 17906.56it/s]
 67%|██████▋   | 3582/5376 [00:00<00:00, 16420.92it/s]
 97%|█████████▋| 5233/5376 [00:00<00:00, 16386.52it/s]
100%|██████████| 5376/5376 [00:00<00:00, 16438.09it/s]

  0%|          | 0/21504 [00:00<?, ?it/s]
  6%|▌         | 1285/21504 [00:00<00:01, 12848.91it/s]
 13%|█▎        | 2807/21504 [00:00<00:01, 14241.09it/s]
 21%|██        | 4429/21504 [00:00<00:01, 15140.16it/s]
 29%|██▊       | 6153/21504 [00:00<00:00, 15967.76it/s]
 36%|███▌      | 7750/21504 [00:00<00:00, 15227.19it/s]
 45%|████▍     | 9613/21504 [00:00<00:00, 16345.93it/s]
 53%|█████▎    | 11468/21504 [00:00<00:00, 17050.37it/s]
 61%|██████▏   | 13180/21504 [00:00<00:00, 16371.92it/s]
 69%|██████▉   | 14827/21504 [00:00<00:00, 15239.77it/s]
 77%|███████▋  | 16542/21504 [00:01<00:00, 15783.29it/s]
 84%|████████▍ | 18138/21504 [00:01<00:00, 15681.72it/s]
 92%|█████████▏| 19747/21504 [00:01<00:00, 15798.79it/s]
100%|██████████| 21504/21504 [00:01<00:00, 15863.20it/s]

  0%|          | 0/1360 [00:00<?, ?it/s]
100%|██████████| 1360/1360 [00:00<00:00, 18147.63it/s]

  0%|          | 0/5440 [00:00<?, ?it/s]
 30%|██▉       | 1628/5440 [00:00<00:00, 16273.34it/s]
 61%|██████▏   | 3333/5440 [00:00<00:00, 16726.26it/s]
 96%|█████████▌| 5232/5440 [00:00<00:00, 17754.25it/s]
100%|██████████| 5440/5440 [00:00<00:00, 17473.88it/s]

  0%|          | 0/5440 [00:00<?, ?it/s]
 35%|███▍      | 1880/5440 [00:00<00:00, 18798.81it/s]
 69%|██████▉   | 3760/5440 [00:00<00:00, 17402.13it/s]
100%|██████████| 5440/5440 [00:00<00:00, 17704.34it/s]

  0%|          | 0/21760 [00:00<?, ?it/s]
  8%|▊         | 1807/21760 [00:00<00:01, 18062.91it/s]
 17%|█▋        | 3652/21760 [00:00<00:00, 18280.66it/s]
 25%|██▌       | 5481/21760 [00:00<00:00, 17872.82it/s]
 33%|███▎      | 7270/21760 [00:00<00:00, 17801.91it/s]
 42%|████▏     | 9153/21760 [00:00<00:00, 18167.40it/s]
 50%|█████     | 10971/21760 [00:00<00:00, 17938.58it/s]
 59%|█████▉    | 12887/21760 [00:00<00:00, 18331.49it/s]
 68%|██████▊   | 14722/21760 [00:00<00:00, 17247.67it/s]
 76%|███████▌  | 16460/21760 [00:00<00:00, 16344.36it/s]
 83%|████████▎ | 18145/21760 [00:01<00:00, 16487.76it/s]
 91%|█████████ | 19806/21760 [00:01<00:00, 15753.44it/s]
 98%|█████████▊| 21394/21760 [00:01<00:00, 14613.87it/s]
100%|██████████| 21760/21760 [00:01<00:00, 16408.24it/s]

  0%|          | 0/1376 [00:00<?, ?it/s]
100%|██████████| 1376/1376 [00:00<00:00, 15604.39it/s]

  0%|          | 0/2752 [00:00<?, ?it/s]
 46%|████▌     | 1253/2752 [00:00<00:00, 12517.09it/s]
100%|██████████| 2752/2752 [00:00<00:00, 14681.85it/s]

  0%|          | 0/5504 [00:00<?, ?it/s]
 28%|██▊       | 1522/5504 [00:00<00:00, 15217.58it/s]
 57%|█████▋    | 3130/5504 [00:00<00:00, 15724.11it/s]
 85%|████████▌ | 4703/5504 [00:00<00:00, 14944.20it/s]
100%|██████████| 5504/5504 [00:00<00:00, 15189.00it/s]

  0%|          | 0/5504 [00:00<?, ?it/s]
 26%|██▌       | 1442/5504 [00:00<00:00, 14414.89it/s]
 55%|█████▌    | 3047/5504 [00:00<00:00, 15376.22it/s]
 83%|████████▎ | 4585/5504 [00:00<00:00, 15050.66it/s]
100%|██████████| 5504/5504 [00:00<00:00, 15067.25it/s]

  0%|          | 0/22016 [00:00<?, ?it/s]
  5%|▌         | 1193/22016 [00:00<00:01, 11926.66it/s]
 13%|█▎        | 2784/22016 [00:00<00:01, 14267.26it/s]
 20%|█▉        | 4296/22016 [00:00<00:01, 14655.50it/s]
 27%|██▋       | 5840/22016 [00:00<00:01, 14964.12it/s]
 34%|███▍      | 7462/22016 [00:00<00:00, 15414.56it/s]
 41%|████      | 9004/22016 [00:00<00:00, 14278.37it/s]
 47%|████▋     | 10447/22016 [00:00<00:00, 14123.20it/s]
 55%|█████▌    | 12151/22016 [00:00<00:00, 15008.05it/s]
 62%|██████▏   | 13663/22016 [00:00<00:00, 14897.26it/s]
 69%|██████▉   | 15160/22016 [00:01<00:00, 14904.55it/s]
 76%|███████▌  | 16756/22016 [00:01<00:00, 15219.59it/s]
 83%|████████▎ | 18283/22016 [00:01<00:00, 14470.88it/s]
 91%|█████████ | 20059/22016 [00:01<00:00, 15421.56it/s]
 98%|█████████▊| 21613/22016 [00:01<00:00, 15251.32it/s]
100%|██████████| 22016/22016 [00:01<00:00, 14810.82it/s]

  0%|          | 0/1392 [00:00<?, ?it/s]
 95%|█████████▍| 1322/1392 [00:00<00:00, 13214.22it/s]
100%|██████████| 1392/1392 [00:00<00:00, 13403.78it/s]

  0%|          | 0/2784 [00:00<?, ?it/s]
 63%|██████▎   | 1759/2784 [00:00<00:00, 17585.45it/s]
100%|██████████| 2784/2784 [00:00<00:00, 16012.15it/s]

  0%|          | 0/5568 [00:00<?, ?it/s]
 25%|██▍       | 1383/5568 [00:00<00:00, 13822.96it/s]
 51%|█████     | 2835/5568 [00:00<00:00, 14230.09it/s]
 83%|████████▎ | 4602/5568 [00:00<00:00, 15799.94it/s]
100%|██████████| 5568/5568 [00:00<00:00, 15645.14it/s]

  0%|          | 0/5568 [00:00<?, ?it/s]
 30%|██▉       | 1643/5568 [00:00<00:00, 16418.39it/s]
 59%|█████▉    | 3285/5568 [00:00<00:00, 15464.41it/s]
 87%|████████▋ | 4839/5568 [00:00<00:00, 15495.42it/s]
100%|██████████| 5568/5568 [00:00<00:00, 15860.51it/s]

  0%|          | 0/22272 [00:00<?, ?it/s]
  7%|▋         | 1461/22272 [00:00<00:01, 14606.25it/s]
 14%|█▍        | 3112/22272 [00:00<00:01, 15725.49it/s]
 21%|██▏       | 4756/22272 [00:00<00:01, 16045.02it/s]
 29%|██▉       | 6404/22272 [00:00<00:00, 16214.83it/s]
 36%|███▌      | 8026/22272 [00:00<00:00, 16011.34it/s]
 43%|████▎     | 9628/22272 [00:00<00:00, 16005.22it/s]
 51%|█████     | 11357/22272 [00:00<00:00, 16421.77it/s]
 58%|█████▊    | 13000/22272 [00:00<00:00, 16415.25it/s]
 66%|██████▌   | 14744/22272 [00:00<00:00, 16733.77it/s]
 74%|███████▎  | 16418/22272 [00:01<00:00, 15848.57it/s]
 81%|████████  | 18013/22272 [00:01<00:00, 14857.36it/s]
 89%|████████▊ | 19757/22272 [00:01<00:00, 15578.98it/s]
 96%|█████████▌| 21332/22272 [00:01<00:00, 15298.29it/s]
100%|██████████| 22272/22272 [00:01<00:00, 15695.45it/s]

  0%|          | 0/1408 [00:00<?, ?it/s]
100%|██████████| 1408/1408 [00:00<00:00, 17968.72it/s]

  0%|          | 0/5632 [00:00<?, ?it/s]
 29%|██▉       | 1641/5632 [00:00<00:00, 16403.45it/s]
 64%|██████▎   | 3577/5632 [00:00<00:00, 18141.63it/s]
 96%|█████████▌| 5392/5632 [00:00<00:00, 17650.47it/s]
100%|██████████| 5632/5632 [00:00<00:00, 17601.72it/s]

  0%|          | 0/5632 [00:00<?, ?it/s]
 27%|██▋       | 1497/5632 [00:00<00:00, 14959.49it/s]
 53%|█████▎    | 2994/5632 [00:00<00:00, 14965.45it/s]
 90%|████████▉ | 5055/5632 [00:00<00:00, 17542.20it/s]
100%|██████████| 5632/5632 [00:00<00:00, 16697.74it/s]

  0%|          | 0/22528 [00:00<?, ?it/s]
  7%|▋         | 1647/22528 [00:00<00:01, 16455.85it/s]
 15%|█▍        | 3293/22528 [00:00<00:01, 16082.79it/s]
 22%|██▏       | 4919/22528 [00:00<00:01, 16162.39it/s]
 29%|██▉       | 6536/22528 [00:00<00:01, 15789.89it/s]
 36%|███▌      | 8117/22528 [00:00<00:00, 15737.10it/s]
 43%|████▎     | 9692/22528 [00:00<00:00, 15492.00it/s]
 51%|█████     | 11386/22528 [00:00<00:00, 15954.30it/s]
 58%|█████▊    | 13138/22528 [00:00<00:00, 16442.69it/s]
 66%|██████▌   | 14785/22528 [00:00<00:00, 15905.81it/s]
 73%|███████▎  | 16380/22528 [00:01<00:00, 15802.00it/s]
 80%|███████▉  | 17964/22528 [00:01<00:00, 15595.81it/s]
 87%|████████▋ | 19526/22528 [00:01<00:00, 14733.17it/s]
 95%|█████████▍| 21360/22528 [00:01<00:00, 15759.81it/s]
100%|██████████| 22528/22528 [00:01<00:00, 15581.85it/s]

  0%|          | 0/1424 [00:00<?, ?it/s]
100%|██████████| 1424/1424 [00:00<00:00, 16804.55it/s]

  0%|          | 0/5696 [00:00<?, ?it/s]
 29%|██▉       | 1641/5696 [00:00<00:00, 16396.84it/s]
 58%|█████▊    | 3281/5696 [00:00<00:00, 15146.28it/s]
 85%|████████▌ | 4852/5696 [00:00<00:00, 15391.88it/s]
100%|██████████| 5696/5696 [00:00<00:00, 15257.07it/s]

  0%|          | 0/5696 [00:00<?, ?it/s]
 24%|██▍       | 1368/5696 [00:00<00:00, 13674.37it/s]
 59%|█████▉    | 3353/5696 [00:00<00:00, 17301.42it/s]
 90%|█████████ | 5135/5696 [00:00<00:00, 17535.95it/s]
100%|██████████| 5696/5696 [00:00<00:00, 16816.27it/s]

  0%|          | 0/22784 [00:00<?, ?it/s]
  7%|▋         | 1598/22784 [00:00<00:01, 15976.93it/s]
 15%|█▍        | 3324/22784 [00:00<00:01, 16730.20it/s]
 22%|██▏       | 5089/22784 [00:00<00:01, 17148.47it/s]
 30%|██▉       | 6804/22784 [00:00<00:00, 16789.74it/s]
 37%|███▋      | 8505/22784 [00:00<00:00, 16867.33it/s]
 45%|████▍     | 10193/22784 [00:00<00:00, 16462.79it/s]
 52%|█████▏    | 11842/22784 [00:00<00:00, 15929.43it/s]
 59%|█████▉    | 13528/22784 [00:00<00:00, 16211.30it/s]
 67%|██████▋   | 15222/22784 [00:00<00:00, 16430.00it/s]
 74%|███████▍  | 16869/22784 [00:01<00:00, 16430.60it/s]
 82%|████████▏ | 18637/22784 [00:01<00:00, 16802.85it/s]
 89%|████████▉ | 20320/22784 [00:01<00:00, 16652.34it/s]
 97%|█████████▋| 21987/22784 [00:01<00:00, 16157.39it/s]
100%|██████████| 22784/22784 [00:01<00:00, 16500.58it/s]

  0%|          | 0/1440 [00:00<?, ?it/s]
100%|██████████| 1440/1440 [00:00<00:00, 16222.02it/s]

  0%|          | 0/5760 [00:00<?, ?it/s]
 27%|██▋       | 1566/5760 [00:00<00:00, 15654.68it/s]
 54%|█████▍    | 3132/5760 [00:00<00:00, 14828.29it/s]
 81%|████████  | 4645/5760 [00:00<00:00, 14948.19it/s]
100%|██████████| 5760/5760 [00:00<00:00, 15521.80it/s]

  0%|          | 0/5760 [00:00<?, ?it/s]
 27%|██▋       | 1580/5760 [00:00<00:00, 15799.30it/s]
 59%|█████▉    | 3396/5760 [00:00<00:00, 17183.62it/s]
 89%|████████▉ | 5115/5760 [00:00<00:00, 17087.25it/s]
100%|██████████| 5760/5760 [00:00<00:00, 17186.31it/s]

  0%|          | 0/23040 [00:00<?, ?it/s]
  6%|▌         | 1372/23040 [00:00<00:01, 13709.78it/s]
 13%|█▎        | 3056/23040 [00:00<00:01, 15545.41it/s]
 20%|██        | 4611/23040 [00:00<00:01, 13875.40it/s]
 26%|██▋       | 6059/23040 [00:00<00:01, 14093.54it/s]
 33%|███▎      | 7572/23040 [00:00<00:01, 14449.98it/s]
 39%|███▉      | 9060/23040 [00:00<00:00, 14590.95it/s]
 46%|████▌     | 10597/23040 [00:00<00:00, 14838.95it/s]
 53%|█████▎    | 12182/23040 [00:00<00:00, 15154.28it/s]
 60%|██████    | 13851/23040 [00:00<00:00, 15627.63it/s]
 67%|██████▋   | 15451/23040 [00:01<00:00, 15740.30it/s]
 74%|███████▍  | 17028/23040 [00:01<00:00, 15274.33it/s]
 81%|████████  | 18578/23040 [00:01<00:00, 15339.20it/s]
 87%|████████▋ | 20116/23040 [00:01<00:00, 15282.41it/s]
 94%|█████████▍| 21647/23040 [00:01<00:00, 14587.09it/s]
100%|██████████| 23040/23040 [00:01<00:00, 14931.38it/s]

  0%|          | 0/5824 [00:00<?, ?it/s]
 23%|██▎       | 1334/5824 [00:00<00:00, 13318.71it/s]
 46%|████▌     | 2692/5824 [00:00<00:00, 13467.16it/s]
 74%|███████▍  | 4323/5824 [00:00<00:00, 14758.13it/s]
100%|██████████| 5824/5824 [00:00<00:00, 14549.14it/s]

  0%|          | 0/5824 [00:00<?, ?it/s]
 31%|███       | 1778/5824 [00:00<00:00, 17777.39it/s]
 61%|██████    | 3556/5824 [00:00<00:00, 16290.76it/s]
 89%|████████▉ | 5194/5824 [00:00<00:00, 15769.01it/s]
100%|██████████| 5824/5824 [00:00<00:00, 15844.91it/s]

  0%|          | 0/23296 [00:00<?, ?it/s]
  5%|▍         | 1113/23296 [00:00<00:01, 11129.69it/s]
 10%|▉         | 2226/23296 [00:00<00:02, 10519.25it/s]
 14%|█▍        | 3281/23296 [00:00<00:01, 10468.54it/s]
 22%|██▏       | 5105/23296 [00:00<00:01, 13467.01it/s]
 29%|██▉       | 6791/23296 [00:00<00:01, 14672.11it/s]
 37%|███▋      | 8531/23296 [00:00<00:00, 15578.48it/s]
 43%|████▎     | 10094/23296 [00:00<00:00, 15515.32it/s]
 51%|█████     | 11909/23296 [00:00<00:00, 16346.59it/s]
 58%|█████▊    | 13547/23296 [00:00<00:00, 15464.47it/s]
 65%|██████▍   | 15105/23296 [00:01<00:00, 14970.95it/s]
 71%|███████▏  | 16612/23296 [00:01<00:00, 14291.25it/s]
 78%|███████▊  | 18192/23296 [00:01<00:00, 14717.11it/s]
 85%|████████▌ | 19858/23296 [00:01<00:00, 15275.02it/s]
 93%|█████████▎| 21617/23296 [00:01<00:00, 15875.86it/s]
100%|█████████▉| 23214/23296 [00:01<00:00, 15644.95it/s]
100%|██████████| 23296/23296 [00:01<00:00, 14783.76it/s]

  0%|          | 0/1472 [00:00<?, ?it/s]
100%|██████████| 1472/1472 [00:00<00:00, 16958.65it/s]

  0%|          | 0/2944 [00:00<?, ?it/s]
 53%|█████▎    | 1554/2944 [00:00<00:00, 15535.31it/s]
100%|██████████| 2944/2944 [00:00<00:00, 14733.56it/s]

  0%|          | 0/5888 [00:00<?, ?it/s]
 24%|██▎       | 1385/5888 [00:00<00:00, 13846.81it/s]
 51%|█████▏    | 3031/5888 [00:00<00:00, 15376.94it/s]
 78%|███████▊  | 4569/5888 [00:00<00:00, 14697.60it/s]
100%|██████████| 5888/5888 [00:00<00:00, 15659.11it/s]

  0%|          | 0/5888 [00:00<?, ?it/s]
 27%|██▋       | 1605/5888 [00:00<00:00, 16048.60it/s]
 55%|█████▍    | 3210/5888 [00:00<00:00, 14777.11it/s]
 83%|████████▎ | 4909/5888 [00:00<00:00, 15741.44it/s]
100%|██████████| 5888/5888 [00:00<00:00, 15625.87it/s]

  0%|          | 0/23552 [00:00<?, ?it/s]
  6%|▌         | 1367/23552 [00:00<00:01, 13659.75it/s]
 12%|█▏        | 2768/23552 [00:00<00:01, 13863.61it/s]
 20%|█▉        | 4607/23552 [00:00<00:01, 15928.47it/s]
 26%|██▋       | 6200/23552 [00:00<00:01, 14061.72it/s]
 32%|███▏      | 7635/23552 [00:00<00:01, 12380.17it/s]
 39%|███▊      | 9080/23552 [00:00<00:01, 12985.99it/s]
 46%|████▋     | 10942/23552 [00:00<00:00, 14648.87it/s]
 53%|█████▎    | 12450/23552 [00:00<00:00, 14144.32it/s]
 59%|█████▉    | 13985/23552 [00:00<00:00, 14490.15it/s]
 66%|██████▌   | 15458/23552 [00:01<00:00, 14320.72it/s]
 72%|███████▏  | 16907/23552 [00:01<00:00, 13843.60it/s]
 79%|███████▉  | 18558/23552 [00:01<00:00, 14603.40it/s]
 85%|████████▌ | 20033/23552 [00:01<00:00, 14526.84it/s]
 92%|█████████▏| 21740/23552 [00:01<00:00, 15267.25it/s]
 99%|█████████▉| 23277/23552 [00:01<00:00, 14476.25it/s]
100%|██████████| 23552/23552 [00:01<00:00, 14264.73it/s]

  0%|          | 0/2976 [00:00<?, ?it/s]
 63%|██████▎   | 1862/2976 [00:00<00:00, 18601.97it/s]
100%|██████████| 2976/2976 [00:00<00:00, 16980.09it/s]

  0%|          | 0/2976 [00:00<?, ?it/s]
 48%|████▊     | 1442/2976 [00:00<00:00, 14419.19it/s]
100%|██████████| 2976/2976 [00:00<00:00, 15199.14it/s]

  0%|          | 0/5952 [00:00<?, ?it/s]
 31%|███       | 1817/5952 [00:00<00:00, 18162.14it/s]
 61%|██████    | 3634/5952 [00:00<00:00, 17291.34it/s]
 90%|█████████ | 5366/5952 [00:00<00:00, 15358.69it/s]
100%|██████████| 5952/5952 [00:00<00:00, 15635.86it/s]

  0%|          | 0/5952 [00:00<?, ?it/s]
 24%|██▍       | 1429/5952 [00:00<00:00, 14286.54it/s]
 49%|████▉     | 2925/5952 [00:00<00:00, 14676.24it/s]
 74%|███████▍  | 4393/5952 [00:00<00:00, 14587.89it/s]
 98%|█████████▊| 5852/5952 [00:00<00:00, 13899.79it/s]
100%|██████████| 5952/5952 [00:00<00:00, 14105.14it/s]

  0%|          | 0/23808 [00:00<?, ?it/s]
  7%|▋         | 1625/23808 [00:00<00:01, 16197.73it/s]
 14%|█▎        | 3245/23808 [00:00<00:01, 14284.46it/s]
 20%|█▉        | 4688/23808 [00:00<00:01, 13300.89it/s]
 25%|██▌       | 6029/23808 [00:00<00:01, 13233.61it/s]
 31%|███       | 7358/23808 [00:00<00:01, 13142.07it/s]
 37%|███▋      | 8770/23808 [00:00<00:01, 13456.02it/s]
 43%|████▎     | 10120/23808 [00:00<00:01, 12917.73it/s]
 48%|████▊     | 11417/23808 [00:00<00:00, 12682.24it/s]
 55%|█████▌    | 13151/23808 [00:00<00:00, 14067.67it/s]
 63%|██████▎   | 15030/23808 [00:01<00:00, 15474.56it/s]
 70%|██████▉   | 16589/23808 [00:01<00:00, 14720.92it/s]
 76%|███████▌  | 18090/23808 [00:01<00:00, 14795.78it/s]
 82%|████████▏ | 19580/23808 [00:01<00:00, 14728.49it/s]
 89%|████████▉ | 21143/23808 [00:01<00:00, 14990.64it/s]
 96%|█████████▌| 22740/23808 [00:01<00:00, 15277.55it/s]
100%|██████████| 23808/23808 [00:01<00:00, 14380.85it/s]

  0%|          | 0/1504 [00:00<?, ?it/s]
100%|██████████| 1504/1504 [00:00<00:00, 16022.25it/s]

  0%|          | 0/3008 [00:00<?, ?it/s]
 44%|████▍     | 1318/3008 [00:00<00:00, 13172.00it/s]
 89%|████████▉ | 2687/3008 [00:00<00:00, 13475.39it/s]
100%|██████████| 3008/3008 [00:00<00:00, 13166.90it/s]

  0%|          | 0/6016 [00:00<?, ?it/s]
 29%|██▉       | 1731/6016 [00:00<00:00, 17301.02it/s]
 58%|█████▊    | 3462/6016 [00:00<00:00, 17156.97it/s]
 86%|████████▌ | 5178/6016 [00:00<00:00, 16928.69it/s]
100%|██████████| 6016/6016 [00:00<00:00, 15832.01it/s]

  0%|          | 0/6016 [00:00<?, ?it/s]
 24%|██▍       | 1453/6016 [00:00<00:00, 14527.90it/s]
 57%|█████▋    | 3416/6016 [00:00<00:00, 17524.99it/s]
 86%|████████▌ | 5169/6016 [00:00<00:00, 16588.84it/s]
100%|██████████| 6016/6016 [00:00<00:00, 15917.55it/s]

  0%|          | 0/24064 [00:00<?, ?it/s]
  4%|▎         | 876/24064 [00:00<00:02, 8758.38it/s]
  8%|▊         | 1875/24064 [00:00<00:02, 9479.94it/s]
 13%|█▎        | 3010/24064 [00:00<00:02, 10331.18it/s]
 19%|█▉        | 4531/24064 [00:00<00:01, 12253.04it/s]
 26%|██▌       | 6141/24064 [00:00<00:01, 13639.44it/s]
 32%|███▏      | 7661/24064 [00:00<00:01, 14168.19it/s]
 38%|███▊      | 9078/24064 [00:00<00:01, 13794.75it/s]
 43%|████▎     | 10460/24064 [00:00<00:00, 13671.80it/s]
 49%|████▉     | 11833/24064 [00:00<00:00, 13686.67it/s]
 55%|█████▌    | 13238/24064 [00:01<00:00, 13791.97it/s]
 62%|██████▏   | 14858/24064 [00:01<00:00, 14518.52it/s]
 68%|██████▊   | 16312/24064 [00:01<00:00, 14091.22it/s]
 74%|███████▍  | 17822/24064 [00:01<00:00, 14387.94it/s]
 81%|████████  | 19431/24064 [00:01<00:00, 14890.98it/s]
 87%|████████▋ | 20924/24064 [00:01<00:00, 14608.81it/s]
 94%|█████████▎| 22556/24064 [00:01<00:00, 15110.60it/s]
100%|██████████| 24064/24064 [00:01<00:00, 14010.28it/s]

  0%|          | 0/1520 [00:00<?, ?it/s]
100%|██████████| 1520/1520 [00:00<00:00, 15530.94it/s]

  0%|          | 0/3040 [00:00<?, ?it/s]
 53%|█████▎    | 1619/3040 [00:00<00:00, 16180.76it/s]
100%|██████████| 3040/3040 [00:00<00:00, 16242.12it/s]

  0%|          | 0/6080 [00:00<?, ?it/s]
 27%|██▋       | 1634/6080 [00:00<00:00, 16335.73it/s]
 54%|█████▍    | 3268/6080 [00:00<00:00, 15368.52it/s]
 79%|███████▉  | 4809/6080 [00:00<00:00, 14887.70it/s]
100%|██████████| 6080/6080 [00:00<00:00, 14880.41it/s]

  0%|          | 0/6080 [00:00<?, ?it/s]
 23%|██▎       | 1421/6080 [00:00<00:00, 14207.54it/s]
 47%|████▋     | 2842/6080 [00:00<00:00, 12967.93it/s]
 74%|███████▎  | 4475/6080 [00:00<00:00, 14426.33it/s]
 99%|█████████▉| 6015/6080 [00:00<00:00, 14798.48it/s]
100%|██████████| 6080/6080 [00:00<00:00, 14470.32it/s]

  0%|          | 0/24320 [00:00<?, ?it/s]
  6%|▌         | 1467/24320 [00:00<00:01, 14659.35it/s]
 12%|█▏        | 3026/24320 [00:00<00:01, 15198.20it/s]
 19%|█▊        | 4546/24320 [00:00<00:01, 12928.27it/s]
 24%|██▍       | 5874/24320 [00:00<00:01, 12271.05it/s]
 30%|██▉       | 7224/24320 [00:00<00:01, 12668.61it/s]
 37%|███▋      | 8914/24320 [00:00<00:01, 14006.50it/s]
 43%|████▎     | 10337/24320 [00:03<00:09, 1399.39it/s]
 49%|████▉     | 11946/24320 [00:03<00:06, 2021.25it/s]
 55%|█████▍    | 13286/24320 [00:03<00:04, 2670.09it/s]
 60%|█████▉    | 14513/24320 [00:03<00:02, 3389.81it/s]
 65%|██████▍   | 15795/24320 [00:04<00:01, 4304.99it/s]
 71%|███████   | 17279/24320 [00:04<00:01, 5587.05it/s]
 76%|███████▋  | 18593/24320 [00:04<00:00, 6690.88it/s]
 82%|████████▏ | 19961/24320 [00:04<00:00, 7908.99it/s]
 89%|████████▊ | 21543/24320 [00:04<00:00, 9485.64it/s]
 96%|█████████▌| 23309/24320 [00:04<00:00, 11297.63it/s]
100%|██████████| 24320/24320 [00:04<00:00, 5251.19it/s] 

  0%|          | 0/1536 [00:00<?, ?it/s]
100%|██████████| 1536/1536 [00:00<00:00, 17134.91it/s]

  0%|          | 0/3072 [00:00<?, ?it/s]
 43%|████▎     | 1336/3072 [00:00<00:00, 13349.16it/s]
 87%|████████▋ | 2677/3072 [00:00<00:00, 13381.96it/s]
100%|██████████| 3072/3072 [00:00<00:00, 13472.97it/s]

  0%|          | 0/3072 [00:00<?, ?it/s]
 54%|█████▎    | 1649/3072 [00:00<00:00, 16488.48it/s]
100%|██████████| 3072/3072 [00:00<00:00, 14785.35it/s]

  0%|          | 0/6144 [00:00<?, ?it/s]
 25%|██▌       | 1539/6144 [00:00<00:00, 15387.85it/s]
 50%|█████     | 3078/6144 [00:00<00:00, 14668.07it/s]
 75%|███████▌  | 4632/6144 [00:00<00:00, 15053.66it/s]
100%|█████████▉| 6140/6144 [00:00<00:00, 14926.95it/s]
100%|██████████| 6144/6144 [00:00<00:00, 14933.88it/s]

  0%|          | 0/6144 [00:00<?, ?it/s]
 24%|██▍       | 1487/6144 [00:00<00:00, 14860.91it/s]
 48%|████▊     | 2974/6144 [00:00<00:00, 13098.99it/s]
 77%|███████▋  | 4709/6144 [00:00<00:00, 14906.38it/s]
100%|██████████| 6144/6144 [00:00<00:00, 15398.42it/s]

  0%|          | 0/24576 [00:00<?, ?it/s]
  6%|▌         | 1479/24576 [00:00<00:01, 14783.42it/s]
 12%|█▏        | 2958/24576 [00:00<00:01, 14580.36it/s]
 18%|█▊        | 4417/24576 [00:00<00:01, 14331.51it/s]
 24%|██▍       | 5851/24576 [00:00<00:01, 14182.31it/s]
 30%|██▉       | 7273/24576 [00:00<00:01, 14193.68it/s]
 36%|███▌      | 8903/24576 [00:00<00:01, 14894.48it/s]
 42%|████▏     | 10394/24576 [00:00<00:01, 13518.26it/s]
 50%|████▉     | 12230/24576 [00:00<00:00, 14947.88it/s]
 56%|█████▌    | 13751/24576 [00:00<00:00, 14299.06it/s]
 62%|██████▏   | 15355/24576 [00:01<00:00, 14799.05it/s]
 69%|██████▊   | 16854/24576 [00:01<00:00, 14035.45it/s]
 74%|███████▍  | 18276/24576 [00:01<00:00, 13758.08it/s]
 80%|████████  | 19665/24576 [00:01<00:00, 13476.93it/s]
 86%|████████▌ | 21129/24576 [00:01<00:00, 13805.75it/s]
 92%|█████████▏| 22518/24576 [00:01<00:00, 13012.75it/s]
 97%|█████████▋| 23832/24576 [00:01<00:00, 12875.69it/s]
100%|██████████| 24576/24576 [00:01<00:00, 13482.26it/s]

  0%|          | 0/6208 [00:00<?, ?it/s]
 27%|██▋       | 1646/6208 [00:00<00:00, 16455.78it/s]
 53%|█████▎    | 3292/6208 [00:00<00:00, 12443.05it/s]
 86%|████████▋ | 5357/6208 [00:00<00:00, 15630.50it/s]
100%|██████████| 6208/6208 [00:00<00:00, 14920.99it/s]

  0%|          | 0/6208 [00:00<?, ?it/s]
 27%|██▋       | 1652/6208 [00:00<00:00, 16516.59it/s]
 59%|█████▊    | 3633/6208 [00:00<00:00, 18443.34it/s]
 88%|████████▊ | 5478/6208 [00:00<00:00, 16585.54it/s]
100%|██████████| 6208/6208 [00:00<00:00, 16563.98it/s]

  0%|          | 0/24832 [00:00<?, ?it/s]
  6%|▌         | 1530/24832 [00:00<00:01, 15298.19it/s]
 13%|█▎        | 3135/24832 [00:00<00:01, 15738.10it/s]
 19%|█▉        | 4709/24832 [00:00<00:01, 15681.04it/s]
 26%|██▌       | 6432/24832 [00:00<00:01, 16287.13it/s]
 32%|███▏      | 8061/24832 [00:00<00:01, 16113.17it/s]
 39%|███▉      | 9673/24832 [00:00<00:00, 15461.33it/s]
 45%|████▌     | 11224/24832 [00:00<00:00, 14074.27it/s]
 51%|█████     | 12672/24832 [00:00<00:00, 14190.52it/s]
 58%|█████▊    | 14386/24832 [00:00<00:00, 15054.41it/s]
 64%|██████▍   | 15908/24832 [00:01<00:00, 14747.55it/s]
 70%|███████   | 17395/24832 [00:01<00:00, 14411.72it/s]
 77%|███████▋  | 19071/24832 [00:01<00:00, 15088.68it/s]
 83%|████████▎ | 20719/24832 [00:01<00:00, 15485.38it/s]
 90%|████████▉ | 22276/24832 [00:01<00:00, 14575.22it/s]
 96%|█████████▌| 23749/24832 [00:01<00:00, 14513.12it/s]
100%|██████████| 24832/24832 [00:01<00:00, 14992.42it/s]

  0%|          | 0/1568 [00:00<?, ?it/s]
100%|██████████| 1568/1568 [00:00<00:00, 17170.07it/s]

  0%|          | 0/6272 [00:00<?, ?it/s]
 27%|██▋       | 1669/6272 [00:00<00:00, 16683.29it/s]
 53%|█████▎    | 3338/6272 [00:00<00:00, 15396.54it/s]
 84%|████████▍ | 5295/6272 [00:00<00:00, 17218.34it/s]
100%|██████████| 6272/6272 [00:00<00:00, 17462.79it/s]

  0%|          | 0/6272 [00:00<?, ?it/s]
 24%|██▍       | 1515/6272 [00:00<00:00, 15141.35it/s]
 48%|████▊     | 3030/6272 [00:00<00:00, 14557.61it/s]
 77%|███████▋  | 4829/6272 [00:00<00:00, 16086.45it/s]
100%|██████████| 6272/6272 [00:00<00:00, 15825.71it/s]

  0%|          | 0/25088 [00:00<?, ?it/s]
  5%|▍         | 1231/25088 [00:00<00:01, 12301.98it/s]
 12%|█▏        | 2927/25088 [00:00<00:01, 15035.47it/s]
 18%|█▊        | 4431/25088 [00:00<00:01, 14728.35it/s]
 24%|██▍       | 5964/25088 [00:00<00:01, 14962.17it/s]
 31%|███       | 7776/25088 [00:00<00:01, 16087.46it/s]
 37%|███▋      | 9387/25088 [00:00<00:01, 15579.45it/s]
 44%|████▎     | 10949/25088 [00:00<00:00, 15224.43it/s]
 50%|████▉     | 12475/25088 [00:00<00:00, 15084.48it/s]
 57%|█████▋    | 14393/25088 [00:00<00:00, 16324.28it/s]
 64%|██████▍   | 16055/25088 [00:01<00:00, 16412.53it/s]
 71%|███████   | 17774/25088 [00:01<00:00, 16646.32it/s]
 78%|███████▊  | 19645/25088 [00:01<00:00, 17266.99it/s]
 86%|████████▌ | 21504/25088 [00:01<00:00, 17663.94it/s]
 93%|█████████▎| 23273/25088 [00:01<00:00, 17464.56it/s]
100%|█████████▉| 25031/25088 [00:01<00:00, 17492.89it/s]
100%|██████████| 25088/25088 [00:01<00:00, 16325.76it/s]

  0%|          | 0/3168 [00:00<?, ?it/s]
 52%|█████▏    | 1652/3168 [00:00<00:00, 16513.91it/s]
100%|██████████| 3168/3168 [00:00<00:00, 16878.12it/s]

  0%|          | 0/6336 [00:00<?, ?it/s]
 24%|██▍       | 1520/6336 [00:00<00:00, 15196.64it/s]
 48%|████▊     | 3040/6336 [00:00<00:00, 14854.46it/s]
 71%|███████▏  | 4526/6336 [00:00<00:00, 14819.03it/s]
 97%|█████████▋| 6148/6336 [00:00<00:00, 15366.60it/s]
100%|██████████| 6336/6336 [00:00<00:00, 15112.86it/s]

  0%|          | 0/6336 [00:00<?, ?it/s]
 22%|██▏       | 1395/6336 [00:00<00:00, 13945.56it/s]
 51%|█████     | 3232/6336 [00:00<00:00, 16546.19it/s]
 77%|███████▋  | 4887/6336 [00:00<00:00, 14600.11it/s]
100%|██████████| 6336/6336 [00:00<00:00, 14971.18it/s]

  0%|          | 0/25344 [00:00<?, ?it/s]
  7%|▋         | 1816/25344 [00:00<00:01, 18156.90it/s]
 14%|█▍        | 3632/25344 [00:00<00:01, 17450.30it/s]
 22%|██▏       | 5577/25344 [00:00<00:01, 18337.58it/s]
 29%|██▉       | 7414/25344 [00:00<00:01, 17311.55it/s]
 36%|███▌      | 9155/25344 [00:00<00:00, 16989.96it/s]
 43%|████▎     | 10860/25344 [00:00<00:00, 16589.83it/s]
 49%|████▉     | 12523/25344 [00:00<00:00, 16525.66it/s]
 56%|█████▋    | 14294/25344 [00:00<00:00, 16889.18it/s]
 64%|██████▎   | 16119/25344 [00:00<00:00, 17302.66it/s]
 70%|███████   | 17853/25344 [00:01<00:00, 16691.27it/s]
 77%|███████▋  | 19528/25344 [00:01<00:00, 16076.19it/s]
 83%|████████▎ | 21143/25344 [00:01<00:00, 15604.20it/s]
 90%|████████▉ | 22782/25344 [00:01<00:00, 15827.69it/s]
 96%|█████████▌| 24371/25344 [00:01<00:00, 15811.80it/s]
100%|██████████| 25344/25344 [00:01<00:00, 16569.11it/s]

  0%|          | 0/800 [00:00<?, ?it/s]
100%|██████████| 800/800 [00:00<00:00, 19609.06it/s]

  0%|          | 0/1600 [00:00<?, ?it/s]
100%|██████████| 1600/1600 [00:00<00:00, 19971.63it/s]

  0%|          | 0/3200 [00:00<?, ?it/s]
 49%|████▉     | 1567/3200 [00:00<00:00, 15653.33it/s]
100%|██████████| 3200/3200 [00:00<00:00, 16968.92it/s]

  0%|          | 0/6400 [00:00<?, ?it/s]
 28%|██▊       | 1795/6400 [00:00<00:00, 17934.67it/s]
 58%|█████▊    | 3729/6400 [00:00<00:00, 18754.69it/s]
 88%|████████▊ | 5605/6400 [00:00<00:00, 17343.43it/s]
100%|██████████| 6400/6400 [00:00<00:00, 17704.49it/s]

  0%|          | 0/6400 [00:00<?, ?it/s]
 29%|██▊       | 1826/6400 [00:00<00:00, 18234.41it/s]
 60%|█████▉    | 3829/6400 [00:00<00:00, 19285.34it/s]
 90%|████████▉ | 5758/6400 [00:00<00:00, 17735.45it/s]
100%|██████████| 6400/6400 [00:00<00:00, 18201.27it/s]

  0%|          | 0/25600 [00:00<?, ?it/s]
  7%|▋         | 1813/25600 [00:00<00:01, 18121.59it/s]
 14%|█▍        | 3674/25600 [00:00<00:01, 18405.78it/s]
 22%|██▏       | 5619/25600 [00:00<00:01, 18876.07it/s]
 29%|██▉       | 7507/25600 [00:00<00:01, 18083.11it/s]
 36%|███▋      | 9321/25600 [00:00<00:00, 17452.54it/s]
 43%|████▎     | 11072/25600 [00:00<00:00, 16950.71it/s]
 50%|████▉     | 12772/25600 [00:00<00:00, 16730.46it/s]
 57%|█████▋    | 14506/25600 [00:00<00:00, 16915.11it/s]
 64%|██████▍   | 16323/25600 [00:00<00:00, 17292.75it/s]
 71%|███████   | 18056/25600 [00:01<00:00, 17257.17it/s]
 78%|███████▊  | 19879/25600 [00:01<00:00, 17547.89it/s]
 85%|████████▍ | 21648/25600 [00:01<00:00, 17588.75it/s]
 92%|█████████▏| 23439/25600 [00:01<00:00, 17681.96it/s]
 98%|█████████▊| 25209/25600 [00:01<00:00, 16850.63it/s]
100%|██████████| 25600/25600 [00:01<00:00, 17316.86it/s]

  0%|          | 0/6464 [00:00<?, ?it/s]
 26%|██▌       | 1657/6464 [00:00<00:00, 16566.97it/s]
 51%|█████▏    | 3314/6464 [00:00<00:00, 13844.63it/s]
 73%|███████▎  | 4727/6464 [00:00<00:00, 13219.09it/s]
 94%|█████████▍| 6063/6464 [00:00<00:00, 11991.96it/s]
100%|██████████| 6464/6464 [00:00<00:00, 12660.25it/s]

  0%|          | 0/6464 [00:00<?, ?it/s]
 18%|█▊        | 1167/6464 [00:00<00:00, 11666.73it/s]
 43%|████▎     | 2752/6464 [00:00<00:00, 14124.03it/s]
 68%|██████▊   | 4410/6464 [00:00<00:00, 15243.87it/s]
 96%|█████████▌| 6180/6464 [00:00<00:00, 16207.16it/s]
100%|██████████| 6464/6464 [00:00<00:00, 15278.30it/s]

  0%|          | 0/25856 [00:00<?, ?it/s]
  7%|▋         | 1771/25856 [00:00<00:01, 17706.98it/s]
 14%|█▎        | 3542/25856 [00:00<00:01, 17017.22it/s]
 21%|██▏       | 5506/25856 [00:00<00:01, 18185.15it/s]
 28%|██▊       | 7329/25856 [00:00<00:01, 17811.47it/s]
 35%|███▌      | 9114/25856 [00:00<00:01, 16708.78it/s]
 42%|████▏     | 10796/25856 [00:00<00:00, 15963.78it/s]
 48%|████▊     | 12403/25856 [00:00<00:00, 14698.83it/s]
 54%|█████▎    | 13892/25856 [00:00<00:00, 13405.95it/s]
 60%|█████▉    | 15472/25856 [00:01<00:00, 14052.62it/s]
 67%|██████▋   | 17304/25856 [00:01<00:00, 15239.91it/s]
 73%|███████▎  | 18981/25856 [00:01<00:00, 15674.77it/s]
 80%|███████▉  | 20574/25856 [00:01<00:00, 15448.90it/s]
 86%|████████▌ | 22137/25856 [00:01<00:00, 14245.39it/s]
 91%|█████████ | 23589/25856 [00:01<00:00, 14215.95it/s]
 98%|█████████▊| 25259/25856 [00:01<00:00, 14911.37it/s]
100%|██████████| 25856/25856 [00:01<00:00, 15360.97it/s]

  0%|          | 0/816 [00:00<?, ?it/s]
100%|██████████| 816/816 [00:00<00:00, 20757.46it/s]

  0%|          | 0/1632 [00:00<?, ?it/s]
100%|██████████| 1632/1632 [00:00<00:00, 19805.12it/s]

  0%|          | 0/3264 [00:00<?, ?it/s]
 63%|██████▎   | 2065/3264 [00:00<00:00, 20636.59it/s]
100%|██████████| 3264/3264 [00:00<00:00, 20698.11it/s]

  0%|          | 0/3264 [00:00<?, ?it/s]
 65%|██████▍   | 2113/3264 [00:00<00:00, 21127.90it/s]
100%|██████████| 3264/3264 [00:00<00:00, 19731.96it/s]

  0%|          | 0/6528 [00:00<?, ?it/s]
 28%|██▊       | 1848/6528 [00:00<00:00, 18476.10it/s]
 60%|██████    | 3920/6528 [00:00<00:00, 19792.41it/s]
 90%|█████████ | 5900/6528 [00:00<00:00, 19063.94it/s]
100%|██████████| 6528/6528 [00:00<00:00, 19134.82it/s]

  0%|          | 0/6528 [00:00<?, ?it/s]
 30%|███       | 1986/6528 [00:00<00:00, 19858.60it/s]
 61%|██████    | 3972/6528 [00:00<00:00, 19732.36it/s]
 91%|█████████▏| 5972/6528 [00:00<00:00, 19852.94it/s]
100%|██████████| 6528/6528 [00:00<00:00, 19935.23it/s]

  0%|          | 0/26112 [00:00<?, ?it/s]
  8%|▊         | 1963/26112 [00:00<00:01, 19624.97it/s]
 15%|█▌        | 3926/26112 [00:00<00:01, 17339.68it/s]
 23%|██▎       | 5893/26112 [00:00<00:01, 18329.10it/s]
 30%|██▉       | 7790/26112 [00:00<00:00, 18569.69it/s]
 37%|███▋      | 9725/26112 [00:00<00:00, 18840.90it/s]
 45%|████▍     | 11728/26112 [00:00<00:00, 19236.66it/s]
 52%|█████▏    | 13658/26112 [00:00<00:00, 18978.98it/s]
 60%|█████▉    | 15561/26112 [00:00<00:00, 18703.60it/s]
 67%|██████▋   | 17573/26112 [00:00<00:00, 19134.09it/s]
 75%|███████▍  | 19574/26112 [00:01<00:00, 19398.66it/s]
 82%|████████▏ | 21517/26112 [00:01<00:00, 19390.68it/s]
 90%|████████▉ | 23458/26112 [00:01<00:00, 18325.99it/s]
 97%|█████████▋| 25304/26112 [00:01<00:00, 17362.60it/s]
100%|██████████| 26112/26112 [00:01<00:00, 18394.89it/s]

  0%|          | 0/3296 [00:00<?, ?it/s]
 47%|████▋     | 1562/3296 [00:00<00:00, 15618.90it/s]
100%|██████████| 3296/3296 [00:00<00:00, 17167.04it/s]

  0%|          | 0/6592 [00:00<?, ?it/s]
 30%|███       | 1997/6592 [00:00<00:00, 19962.02it/s]
 61%|██████    | 3994/6592 [00:00<00:00, 17823.95it/s]
 90%|█████████ | 5942/6592 [00:00<00:00, 18531.68it/s]
100%|██████████| 6592/6592 [00:00<00:00, 17919.06it/s]

  0%|          | 0/6592 [00:00<?, ?it/s]
 29%|██▉       | 1913/6592 [00:00<00:00, 19113.48it/s]
 58%|█████▊    | 3825/6592 [00:00<00:00, 17982.89it/s]
 87%|████████▋ | 5709/6592 [00:00<00:00, 18351.12it/s]
100%|██████████| 6592/6592 [00:00<00:00, 18190.99it/s]

  0%|          | 0/26368 [00:00<?, ?it/s]
  7%|▋         | 1737/26368 [00:00<00:01, 17368.73it/s]
 14%|█▎        | 3605/26368 [00:00<00:01, 18135.76it/s]
 21%|██        | 5419/26368 [00:00<00:01, 17211.82it/s]
 27%|██▋       | 7199/26368 [00:00<00:01, 17435.83it/s]
 34%|███▍      | 8947/26368 [00:00<00:01, 16824.12it/s]
 40%|████      | 10635/26368 [00:00<00:00, 16364.82it/s]
 47%|████▋     | 12349/26368 [00:00<00:00, 16606.19it/s]
 54%|█████▍    | 14218/26368 [00:00<00:00, 17247.65it/s]
 60%|██████    | 15948/26368 [00:00<00:00, 17235.97it/s]
 67%|██████▋   | 17675/26368 [00:01<00:00, 16919.65it/s]
 73%|███████▎  | 19371/26368 [00:01<00:00, 16564.72it/s]
 80%|███████▉  | 21031/26368 [00:01<00:00, 15624.48it/s]
 86%|████████▌ | 22689/26368 [00:01<00:00, 15894.15it/s]
 94%|█████████▍| 24744/26368 [00:01<00:00, 17237.23it/s]
100%|██████████| 26368/26368 [00:01<00:00, 16924.94it/s]

  0%|          | 0/832 [00:00<?, ?it/s]
100%|██████████| 832/832 [00:00<00:00, 13407.64it/s]

  0%|          | 0/1664 [00:00<?, ?it/s]
100%|██████████| 1664/1664 [00:00<00:00, 17059.85it/s]

  0%|          | 0/6656 [00:00<?, ?it/s]
 26%|██▋       | 1754/6656 [00:00<00:00, 17534.87it/s]
 53%|█████▎    | 3508/6656 [00:00<00:00, 17091.30it/s]
 82%|████████▏ | 5431/6656 [00:00<00:00, 18053.56it/s]
100%|██████████| 6656/6656 [00:00<00:00, 17174.44it/s]

  0%|          | 0/6656 [00:00<?, ?it/s]
 29%|██▊       | 1904/6656 [00:00<00:00, 19038.70it/s]
 58%|█████▊    | 3885/6656 [00:00<00:00, 19487.24it/s]
 88%|████████▊ | 5888/6656 [00:00<00:00, 19730.96it/s]
100%|██████████| 6656/6656 [00:00<00:00, 19509.13it/s]

  0%|          | 0/26624 [00:00<?, ?it/s]
  6%|▌         | 1615/26624 [00:00<00:01, 16139.43it/s]
 12%|█▏        | 3229/26624 [00:00<00:01, 15143.49it/s]
 18%|█▊        | 4748/26624 [00:00<00:01, 14880.62it/s]
 24%|██▍       | 6411/26624 [00:00<00:01, 15546.79it/s]
 30%|███       | 7991/26624 [00:00<00:01, 15634.39it/s]
 36%|███▌      | 9557/26624 [00:00<00:01, 15272.54it/s]
 43%|████▎     | 11562/26624 [00:00<00:00, 16784.46it/s]
 50%|████▉     | 13247/26624 [00:00<00:00, 16528.61it/s]
 56%|█████▌    | 14905/26624 [00:00<00:00, 15501.89it/s]
 62%|██████▏   | 16564/26624 [00:01<00:00, 15816.20it/s]
 69%|██████▉   | 18367/26624 [00:01<00:00, 16463.83it/s]
 76%|███████▌  | 20204/26624 [00:01<00:00, 17021.62it/s]
 82%|████████▏ | 21916/26624 [00:01<00:00, 16696.26it/s]
 89%|████████▊ | 23593/26624 [00:01<00:00, 16500.59it/s]
 95%|█████████▍| 25249/26624 [00:01<00:00, 15870.40it/s]
100%|██████████| 26624/26624 [00:01<00:00, 16077.82it/s]

  0%|          | 0/840 [00:00<?, ?it/s]
100%|██████████| 840/840 [00:00<00:00, 15186.73it/s]

  0%|          | 0/6720 [00:00<?, ?it/s]
 22%|██▏       | 1483/6720 [00:00<00:00, 14822.35it/s]
 45%|████▍     | 3010/6720 [00:00<00:00, 15084.80it/s]
 67%|██████▋   | 4534/6720 [00:00<00:00, 15152.35it/s]
 90%|█████████ | 6050/6720 [00:00<00:00, 14960.81it/s]
100%|██████████| 6720/6720 [00:00<00:00, 15103.87it/s]

  0%|          | 0/6720 [00:00<?, ?it/s]
 25%|██▍       | 1677/6720 [00:00<00:00, 16765.98it/s]
 50%|████▉     | 3354/6720 [00:00<00:00, 15433.65it/s]
 74%|███████▎  | 4940/6720 [00:00<00:00, 15616.80it/s]
 99%|█████████▉| 6652/6720 [00:00<00:00, 16190.75it/s]
100%|██████████| 6720/6720 [00:00<00:00, 16037.69it/s]

  0%|          | 0/26880 [00:00<?, ?it/s]
  5%|▌         | 1350/26880 [00:00<00:01, 13499.40it/s]
 10%|█         | 2700/26880 [00:00<00:01, 12782.60it/s]
 16%|█▌        | 4228/26880 [00:00<00:01, 13885.28it/s]
 21%|██        | 5706/26880 [00:00<00:01, 14230.72it/s]
 27%|██▋       | 7133/26880 [00:00<00:01, 13813.85it/s]
 32%|███▏      | 8519/26880 [00:00<00:01, 13423.03it/s]
 37%|███▋      | 9936/26880 [00:00<00:01, 13656.07it/s]
 43%|████▎     | 11651/26880 [00:00<00:01, 14737.11it/s]
 49%|████▉     | 13131/26880 [00:00<00:00, 14752.04it/s]
 55%|█████▌    | 14881/26880 [00:01<00:00, 15586.64it/s]
 62%|██████▏   | 16573/26880 [00:01<00:00, 15989.20it/s]
 68%|██████▊   | 18258/26880 [00:01<00:00, 16246.82it/s]
 74%|███████▍  | 19885/26880 [00:01<00:00, 16015.17it/s]
 81%|████████  | 21652/26880 [00:01<00:00, 16504.99it/s]
 87%|████████▋ | 23305/26880 [00:01<00:00, 15219.10it/s]
 93%|█████████▎| 24908/26880 [00:01<00:00, 15446.71it/s]
100%|█████████▉| 26821/26880 [00:01<00:00, 16503.58it/s]
100%|██████████| 26880/26880 [00:01<00:00, 15220.97it/s]

  0%|          | 0/848 [00:00<?, ?it/s]
100%|██████████| 848/848 [00:00<00:00, 16606.06it/s]

  0%|          | 0/1696 [00:00<?, ?it/s]
 82%|████████▏ | 1386/1696 [00:00<00:00, 13839.19it/s]
100%|██████████| 1696/1696 [00:00<00:00, 13741.11it/s]

  0%|          | 0/3392 [00:00<?, ?it/s]
 49%|████▊     | 1652/3392 [00:00<00:00, 16516.59it/s]
 97%|█████████▋| 3304/3392 [00:00<00:00, 15794.65it/s]
100%|██████████| 3392/3392 [00:00<00:00, 15781.90it/s]

  0%|          | 0/6784 [00:00<?, ?it/s]
 23%|██▎       | 1531/6784 [00:00<00:00, 15304.10it/s]
 46%|████▌     | 3088/6784 [00:00<00:00, 15457.01it/s]
 72%|███████▏  | 4866/6784 [00:00<00:00, 16516.12it/s]
 96%|█████████▌| 6518/6784 [00:00<00:00, 16090.28it/s]
100%|██████████| 6784/6784 [00:00<00:00, 16053.44it/s]

  0%|          | 0/6784 [00:00<?, ?it/s]
 21%|██        | 1439/6784 [00:00<00:00, 14383.16it/s]
 47%|████▋     | 3188/6784 [00:00<00:00, 16205.25it/s]
 71%|███████   | 4809/6784 [00:00<00:00, 15518.04it/s]
 95%|█████████▍| 6442/6784 [00:00<00:00, 15829.28it/s]
100%|██████████| 6784/6784 [00:00<00:00, 15734.00it/s]

  0%|          | 0/27136 [00:00<?, ?it/s]
  6%|▌         | 1543/27136 [00:00<00:01, 15424.65it/s]
 13%|█▎        | 3471/27136 [00:00<00:01, 17684.65it/s]
 19%|█▉        | 5240/27136 [00:00<00:01, 17648.61it/s]
 26%|██▌       | 7005/27136 [00:00<00:01, 16587.21it/s]
 32%|███▏      | 8673/27136 [00:00<00:01, 16094.54it/s]
 38%|███▊      | 10345/27136 [00:00<00:01, 16269.42it/s]
 44%|████▍     | 11978/27136 [00:00<00:00, 15606.38it/s]
 50%|█████     | 13669/27136 [00:00<00:00, 15998.54it/s]
 56%|█████▋    | 15276/27136 [00:00<00:00, 15925.79it/s]
 64%|██████▎   | 17272/27136 [00:01<00:00, 17134.50it/s]
 71%|███████   | 19135/27136 [00:01<00:00, 17578.09it/s]
 77%|███████▋  | 20899/27136 [00:01<00:00, 16876.55it/s]
 83%|████████▎ | 22596/27136 [00:04<00:02, 1763.21it/s] 
 90%|█████████ | 24428/27136 [00:04<00:01, 2451.61it/s]
 97%|█████████▋| 26221/27136 [00:04<00:00, 3319.45it/s]
100%|██████████| 27136/27136 [00:04<00:00, 5955.30it/s]

  0%|          | 0/1712 [00:00<?, ?it/s]
100%|██████████| 1712/1712 [00:00<00:00, 19002.91it/s]

  0%|          | 0/6848 [00:00<?, ?it/s]
 21%|██▏       | 1467/6848 [00:00<00:00, 14659.70it/s]
 46%|████▌     | 3155/6848 [00:00<00:00, 15959.35it/s]
 70%|██████▉   | 4764/6848 [00:00<00:00, 16017.62it/s]
 93%|█████████▎| 6366/6848 [00:00<00:00, 15320.98it/s]
100%|██████████| 6848/6848 [00:00<00:00, 15145.65it/s]

  0%|          | 0/6848 [00:00<?, ?it/s]
 21%|██▏       | 1464/6848 [00:00<00:00, 14630.87it/s]
 50%|████▉     | 3408/6848 [00:00<00:00, 17457.51it/s]
 76%|███████▌  | 5171/6848 [00:00<00:00, 17478.51it/s]
100%|██████████| 6848/6848 [00:00<00:00, 17350.31it/s]

  0%|          | 0/27392 [00:00<?, ?it/s]
  6%|▌         | 1583/27392 [00:00<00:01, 15816.89it/s]
 12%|█▏        | 3324/27392 [00:00<00:01, 16750.56it/s]
 18%|█▊        | 5000/27392 [00:00<00:01, 16589.99it/s]
 24%|██▍       | 6660/27392 [00:00<00:01, 15397.73it/s]
 30%|██▉       | 8212/27392 [00:00<00:01, 14625.12it/s]
 35%|███▌      | 9686/27392 [00:00<00:01, 14584.07it/s]
 41%|████      | 11152/27392 [00:00<00:01, 14267.01it/s]
 47%|████▋     | 12827/27392 [00:00<00:00, 15016.67it/s]
 52%|█████▏    | 14336/27392 [00:00<00:00, 14883.74it/s]
 59%|█████▉    | 16169/27392 [00:01<00:00, 15912.87it/s]
 65%|██████▌   | 17821/27392 [00:01<00:00, 16092.92it/s]
 71%|███████   | 19478/27392 [00:01<00:00, 16234.50it/s]
 77%|███████▋  | 21106/27392 [00:01<00:00, 15619.61it/s]
 83%|████████▎ | 22676/27392 [00:01<00:00, 15449.28it/s]
 88%|████████▊ | 24226/27392 [00:01<00:00, 12451.68it/s]
 96%|█████████▌| 26175/27392 [00:01<00:00, 14218.07it/s]
100%|██████████| 27392/27392 [00:01<00:00, 15064.35it/s]

  0%|          | 0/864 [00:00<?, ?it/s]
100%|██████████| 864/864 [00:00<00:00, 16378.45it/s]

  0%|          | 0/1728 [00:00<?, ?it/s]
 73%|███████▎  | 1261/1728 [00:00<00:00, 12601.51it/s]
100%|██████████| 1728/1728 [00:00<00:00, 12727.67it/s]

  0%|          | 0/3456 [00:00<?, ?it/s]
 42%|████▏     | 1458/3456 [00:00<00:00, 14132.09it/s]
 92%|█████████▏| 3187/3456 [00:00<00:00, 15963.16it/s]
100%|██████████| 3456/3456 [00:00<00:00, 16058.59it/s]

  0%|          | 0/6912 [00:00<?, ?it/s]
 24%|██▍       | 1685/6912 [00:00<00:00, 16838.21it/s]
 49%|████▉     | 3386/6912 [00:00<00:00, 16936.42it/s]
 79%|███████▊  | 5437/6912 [00:00<00:00, 18566.14it/s]
100%|██████████| 6912/6912 [00:00<00:00, 18334.86it/s]

  0%|          | 0/6912 [00:00<?, ?it/s]
 26%|██▌       | 1778/6912 [00:00<00:00, 17762.48it/s]
 51%|█████▏    | 3555/6912 [00:00<00:00, 16041.85it/s]
 75%|███████▍  | 5171/6912 [00:00<00:00, 15668.72it/s]
100%|██████████| 6912/6912 [00:00<00:00, 16810.10it/s]

  0%|          | 0/27648 [00:00<?, ?it/s]
  6%|▌         | 1674/27648 [00:00<00:01, 16737.66it/s]
 13%|█▎        | 3574/27648 [00:00<00:01, 18066.91it/s]
 19%|█▉        | 5381/27648 [00:00<00:01, 18016.81it/s]
 26%|██▌       | 7183/27648 [00:00<00:01, 17763.73it/s]
 32%|███▏      | 8960/27648 [00:00<00:01, 16742.29it/s]
 38%|███▊      | 10644/27648 [00:00<00:01, 16216.01it/s]
 45%|████▍     | 12339/27648 [00:00<00:00, 16427.79it/s]
 51%|█████     | 13988/27648 [00:00<00:00, 15556.13it/s]
 56%|█████▋    | 15555/27648 [00:00<00:00, 14241.45it/s]
 62%|██████▏   | 17004/27648 [00:01<00:00, 14308.39it/s]
 68%|██████▊   | 18909/27648 [00:01<00:00, 15650.38it/s]
 76%|███████▌  | 20880/27648 [00:01<00:00, 16817.79it/s]
 82%|████████▏ | 22679/27648 [00:01<00:00, 17158.69it/s]
 88%|████████▊ | 24412/27648 [00:01<00:00, 16953.31it/s]
 95%|█████████▍| 26141/27648 [00:01<00:00, 17049.99it/s]
100%|██████████| 27648/27648 [00:01<00:00, 16249.98it/s]

  0%|          | 0/872 [00:00<?, ?it/s]
100%|██████████| 872/872 [00:00<00:00, 18285.98it/s]

  0%|          | 0/1744 [00:00<?, ?it/s]
 87%|████████▋ | 1521/1744 [00:00<00:00, 15203.27it/s]
100%|██████████| 1744/1744 [00:00<00:00, 14680.50it/s]

  0%|          | 0/6976 [00:00<?, ?it/s]
 24%|██▍       | 1675/6976 [00:00<00:00, 16747.18it/s]
 48%|████▊     | 3350/6976 [00:00<00:00, 15924.93it/s]
 71%|███████   | 4946/6976 [00:00<00:00, 15922.89it/s]
 94%|█████████▍| 6540/6976 [00:00<00:00, 15188.57it/s]
100%|██████████| 6976/6976 [00:00<00:00, 15722.31it/s]

  0%|          | 0/6976 [00:00<?, ?it/s]
 29%|██▉       | 2046/6976 [00:00<00:00, 20442.67it/s]
 59%|█████▊    | 4091/6976 [00:00<00:00, 17888.73it/s]
 85%|████████▍ | 5901/6976 [00:00<00:00, 17315.71it/s]
100%|██████████| 6976/6976 [00:00<00:00, 17778.38it/s]

  0%|          | 0/27904 [00:00<?, ?it/s]
  6%|▋         | 1792/27904 [00:00<00:01, 17917.62it/s]
 13%|█▎        | 3667/27904 [00:00<00:01, 18405.90it/s]
 20%|█▉        | 5508/27904 [00:00<00:01, 17203.20it/s]
 26%|██▌       | 7238/27904 [00:00<00:01, 16250.68it/s]
 32%|███▏      | 8873/27904 [00:00<00:01, 15130.90it/s]
 38%|███▊      | 10508/27904 [00:00<00:01, 15507.95it/s]
 44%|████▎     | 12164/27904 [00:00<00:00, 15829.57it/s]
 49%|████▉     | 13805/27904 [00:00<00:00, 16003.90it/s]
 56%|█████▌    | 15647/27904 [00:00<00:00, 16736.24it/s]
 63%|██████▎   | 17484/27904 [00:01<00:00, 17228.64it/s]
 69%|██████▉   | 19214/27904 [00:01<00:00, 17090.71it/s]
 75%|███████▌  | 20928/27904 [00:01<00:00, 16692.22it/s]
 81%|████████▏ | 22693/27904 [00:01<00:00, 16970.33it/s]
 87%|████████▋ | 24395/27904 [00:01<00:00, 16665.57it/s]
 93%|█████████▎| 26066/27904 [00:01<00:00, 16543.90it/s]
 99%|█████████▉| 27751/27904 [00:01<00:00, 16632.03it/s]
100%|██████████| 27904/27904 [00:01<00:00, 16571.25it/s]

  0%|          | 0/880 [00:00<?, ?it/s]
100%|██████████| 880/880 [00:00<00:00, 19467.23it/s]

  0%|          | 0/1760 [00:00<?, ?it/s]
 97%|█████████▋| 1700/1760 [00:00<00:00, 16992.40it/s]
100%|██████████| 1760/1760 [00:00<00:00, 17075.77it/s]

  0%|          | 0/3520 [00:00<?, ?it/s]
 48%|████▊     | 1679/3520 [00:00<00:00, 16783.53it/s]
 97%|█████████▋| 3399/3520 [00:00<00:00, 17021.32it/s]
100%|██████████| 3520/3520 [00:00<00:00, 16771.16it/s]

  0%|          | 0/7040 [00:00<?, ?it/s]
 20%|██        | 1411/7040 [00:00<00:00, 14099.02it/s]
 49%|████▉     | 3441/7040 [00:00<00:00, 17741.37it/s]
 77%|███████▋  | 5401/7040 [00:00<00:00, 18579.58it/s]
100%|██████████| 7040/7040 [00:00<00:00, 18280.03it/s]

  0%|          | 0/7040 [00:00<?, ?it/s]
 25%|██▍       | 1728/7040 [00:00<00:00, 17276.19it/s]
 49%|████▉     | 3456/7040 [00:00<00:00, 15728.40it/s]
 73%|███████▎  | 5170/7040 [00:00<00:00, 16336.87it/s]
100%|██████████| 7040/7040 [00:00<00:00, 17104.82it/s]

  0%|          | 0/28160 [00:00<?, ?it/s]
  5%|▍         | 1378/28160 [00:00<00:01, 13764.06it/s]
 11%|█▏        | 3177/28160 [00:00<00:01, 16244.48it/s]
 17%|█▋        | 4809/28160 [00:00<00:01, 16253.56it/s]
 23%|██▎       | 6503/28160 [00:00<00:01, 16519.67it/s]
 29%|██▉       | 8156/28160 [00:00<00:01, 16397.62it/s]
 35%|███▌      | 9900/28160 [00:00<00:01, 16748.29it/s]
 41%|████▏     | 11633/28160 [00:00<00:00, 16936.92it/s]
 48%|████▊     | 13409/28160 [00:00<00:00, 17196.44it/s]
 54%|█████▎    | 15129/28160 [00:00<00:00, 17109.64it/s]
 60%|██████    | 17007/28160 [00:01<00:00, 17620.42it/s]
 67%|██████▋   | 18936/28160 [00:01<00:00, 18128.36it/s]
 74%|███████▎  | 20750/28160 [00:01<00:00, 16815.41it/s]
 80%|███████▉  | 22451/28160 [00:01<00:00, 16819.51it/s]
 86%|████████▌ | 24147/28160 [00:01<00:00, 16233.69it/s]
 92%|█████████▏| 25783/28160 [00:01<00:00, 15718.18it/s]
 97%|█████████▋| 27434/28160 [00:01<00:00, 15938.50it/s]
100%|██████████| 28160/28160 [00:01<00:00, 16486.69it/s]

  0%|          | 0/1776 [00:00<?, ?it/s]
 82%|████████▏ | 1449/1776 [00:00<00:00, 14483.94it/s]
100%|██████████| 1776/1776 [00:00<00:00, 15322.23it/s]

  0%|          | 0/7104 [00:00<?, ?it/s]
 26%|██▌       | 1841/7104 [00:00<00:00, 18400.37it/s]
 52%|█████▏    | 3682/7104 [00:00<00:00, 18346.05it/s]
 78%|███████▊  | 5517/7104 [00:00<00:00, 17123.53it/s]
100%|██████████| 7104/7104 [00:00<00:00, 17604.36it/s]

  0%|          | 0/7104 [00:00<?, ?it/s]
 26%|██▌       | 1816/7104 [00:00<00:00, 18143.19it/s]
 51%|█████     | 3631/7104 [00:00<00:00, 17635.67it/s]
 76%|███████▌  | 5396/7104 [00:00<00:00, 17197.09it/s]
100%|██████████| 7104/7104 [00:00<00:00, 16034.12it/s]

  0%|          | 0/28416 [00:00<?, ?it/s]
  6%|▌         | 1623/28416 [00:00<00:01, 16226.69it/s]
 11%|█▏        | 3246/28416 [00:00<00:01, 13817.38it/s]
 16%|█▋        | 4661/28416 [00:00<00:01, 13955.41it/s]
 22%|██▏       | 6142/28416 [00:00<00:01, 14272.60it/s]
 27%|██▋       | 7618/28416 [00:00<00:01, 14441.17it/s]
 32%|███▏      | 9152/28416 [00:00<00:01, 14737.40it/s]
 38%|███▊      | 10933/28416 [00:00<00:01, 15722.51it/s]
 44%|████▍     | 12511/28416 [00:00<00:01, 15516.16it/s]
 51%|█████     | 14407/28416 [00:00<00:00, 16570.82it/s]
 57%|█████▋    | 16306/28416 [00:01<00:00, 17305.05it/s]
 64%|██████▍   | 18143/28416 [00:01<00:00, 17625.55it/s]
 70%|███████   | 19909/28416 [00:01<00:00, 16904.34it/s]
 77%|███████▋  | 21807/28416 [00:01<00:00, 17511.77it/s]
 83%|████████▎ | 23699/28416 [00:01<00:00, 17925.34it/s]
 90%|████████▉ | 25510/28416 [00:01<00:00, 17977.65it/s]
 96%|█████████▌| 27313/28416 [00:01<00:00, 17814.29it/s]
100%|██████████| 28416/28416 [00:01<00:00, 16596.27it/s]

  0%|          | 0/896 [00:00<?, ?it/s]
100%|██████████| 896/896 [00:00<00:00, 20382.56it/s]

  0%|          | 0/1792 [00:00<?, ?it/s]
100%|██████████| 1792/1792 [00:00<00:00, 19969.11it/s]

  0%|          | 0/3584 [00:00<?, ?it/s]
 50%|█████     | 1806/3584 [00:00<00:00, 18056.49it/s]
100%|██████████| 3584/3584 [00:00<00:00, 18174.63it/s]

  0%|          | 0/7168 [00:00<?, ?it/s]
 26%|██▌       | 1843/7168 [00:00<00:00, 18427.47it/s]
 52%|█████▏    | 3717/7168 [00:00<00:00, 18609.41it/s]
 78%|███████▊  | 5578/7168 [00:00<00:00, 18288.66it/s]
100%|██████████| 7168/7168 [00:00<00:00, 18578.06it/s]

  0%|          | 0/7168 [00:00<?, ?it/s]
 22%|██▏       | 1604/7168 [00:00<00:00, 16028.78it/s]
 48%|████▊     | 3452/7168 [00:00<00:00, 17465.62it/s]
 74%|███████▍  | 5319/7168 [00:00<00:00, 18010.39it/s]
 99%|█████████▉| 7121/7168 [00:00<00:00, 17904.35it/s]
100%|██████████| 7168/7168 [00:00<00:00, 17673.93it/s]

  0%|          | 0/28672 [00:00<?, ?it/s]
  6%|▌         | 1716/28672 [00:00<00:01, 17145.10it/s]
 12%|█▏        | 3431/28672 [00:00<00:01, 16094.06it/s]
 18%|█▊        | 5160/28672 [00:00<00:01, 16614.15it/s]
 24%|██▍       | 6826/28672 [00:00<00:01, 16469.27it/s]
 30%|███       | 8683/28672 [00:00<00:01, 17207.99it/s]
 37%|███▋      | 10491/28672 [00:00<00:01, 17499.30it/s]
 43%|████▎     | 12244/28672 [00:00<00:00, 16975.59it/s]
 49%|████▉     | 13998/28672 [00:00<00:00, 17145.78it/s]
 55%|█████▍    | 15716/28672 [00:00<00:00, 16503.21it/s]
 61%|██████    | 17373/28672 [00:01<00:00, 16040.11it/s]
 66%|██████▌   | 18983/28672 [00:01<00:00, 15425.28it/s]
 72%|███████▏  | 20597/28672 [00:01<00:00, 15628.49it/s]
 77%|███████▋  | 22166/28672 [00:01<00:00, 15494.29it/s]
 83%|████████▎ | 23800/28672 [00:01<00:00, 15739.35it/s]
 89%|████████▉ | 25648/28672 [00:01<00:00, 16543.15it/s]
 95%|█████████▌| 27380/28672 [00:01<00:00, 16771.19it/s]
100%|██████████| 28672/28672 [00:01<00:00, 16408.36it/s]

  0%|          | 0/7232 [00:00<?, ?it/s]
 25%|██▍       | 1782/7232 [00:00<00:00, 17818.87it/s]
 49%|████▉     | 3564/7232 [00:00<00:00, 16987.84it/s]
 73%|███████▎  | 5266/7232 [00:00<00:00, 16582.80it/s]
 96%|█████████▌| 6952/7232 [00:00<00:00, 16686.84it/s]
100%|██████████| 7232/7232 [00:00<00:00, 16558.75it/s]

  0%|          | 0/7232 [00:00<?, ?it/s]
 28%|██▊       | 2009/7232 [00:00<00:00, 20079.06it/s]
 56%|█████▌    | 4017/7232 [00:00<00:00, 17195.75it/s]
 80%|███████▉  | 5763/7232 [00:00<00:00, 16172.58it/s]
100%|██████████| 7232/7232 [00:00<00:00, 17033.84it/s]

  0%|          | 0/28928 [00:00<?, ?it/s]
  5%|▍         | 1360/28928 [00:00<00:02, 13596.29it/s]
 11%|█▏        | 3267/28928 [00:00<00:01, 16811.59it/s]
 17%|█▋        | 4949/28928 [00:00<00:01, 16750.24it/s]
 23%|██▎       | 6625/28928 [00:00<00:01, 16320.34it/s]
 30%|██▉       | 8582/28928 [00:00<00:01, 17467.76it/s]
 36%|███▌      | 10332/28928 [00:00<00:01, 17046.44it/s]
 42%|████▏     | 12041/28928 [00:00<00:00, 16984.37it/s]
 48%|████▊     | 13742/28928 [00:00<00:00, 16053.67it/s]
 53%|█████▎    | 15445/28928 [00:00<00:00, 16336.05it/s]
 59%|█████▉    | 17087/28928 [00:01<00:00, 15762.24it/s]
 65%|██████▌   | 18910/28928 [00:01<00:00, 16477.76it/s]
 71%|███████   | 20568/28928 [00:01<00:00, 16014.28it/s]
 77%|███████▋  | 22366/28928 [00:01<00:00, 16581.98it/s]
 83%|████████▎ | 24125/28928 [00:01<00:00, 16876.25it/s]
 89%|████████▉ | 25821/28928 [00:01<00:00, 16899.29it/s]
 95%|█████████▌| 27516/28928 [00:01<00:00, 16090.73it/s]
100%|██████████| 28928/28928 [00:01<00:00, 16463.84it/s]

  0%|          | 0/912 [00:00<?, ?it/s]
100%|██████████| 912/912 [00:00<00:00, 18013.26it/s]

  0%|          | 0/1824 [00:00<?, ?it/s]
100%|██████████| 1824/1824 [00:00<00:00, 21171.39it/s]

  0%|          | 0/3648 [00:00<?, ?it/s]
 56%|█████▌    | 2027/3648 [00:00<00:00, 20261.76it/s]
100%|██████████| 3648/3648 [00:00<00:00, 19834.77it/s]

  0%|          | 0/7296 [00:00<?, ?it/s]
 25%|██▌       | 1858/7296 [00:00<00:00, 18578.33it/s]
 51%|█████     | 3716/7296 [00:00<00:00, 15979.55it/s]
 73%|███████▎  | 5338/7296 [00:00<00:00, 14658.68it/s]
 93%|█████████▎| 6821/7296 [00:00<00:00, 14299.12it/s]
100%|██████████| 7296/7296 [00:00<00:00, 15080.11it/s]

  0%|          | 0/7296 [00:00<?, ?it/s]
 20%|██        | 1485/7296 [00:00<00:00, 14844.88it/s]
 41%|████      | 2970/7296 [00:00<00:00, 14551.78it/s]
 62%|██████▏   | 4530/7296 [00:00<00:00, 15023.39it/s]
 83%|████████▎ | 6034/7296 [00:00<00:00, 14922.43it/s]
100%|██████████| 7296/7296 [00:00<00:00, 14677.00it/s]

  0%|          | 0/29184 [00:00<?, ?it/s]
  5%|▌         | 1530/29184 [00:00<00:01, 15296.95it/s]
 10%|█         | 3060/29184 [00:00<00:01, 14257.19it/s]
 16%|█▌        | 4608/29184 [00:00<00:01, 14792.04it/s]
 21%|██▏       | 6261/29184 [00:00<00:01, 15458.31it/s]
 27%|██▋       | 7814/29184 [00:00<00:01, 15481.40it/s]
 32%|███▏      | 9454/29184 [00:00<00:01, 15780.92it/s]
 38%|███▊      | 11035/29184 [00:00<00:01, 15020.07it/s]
 43%|████▎     | 12545/29184 [00:00<00:01, 14719.78it/s]
 48%|████▊     | 14023/29184 [00:00<00:01, 13108.46it/s]
 54%|█████▍    | 15743/29184 [00:01<00:00, 14235.17it/s]
 59%|█████▉    | 17202/29184 [00:01<00:00, 14103.30it/s]
 64%|██████▍   | 18753/29184 [00:01<00:00, 14500.19it/s]
 71%|███████   | 20641/29184 [00:01<00:00, 15762.06it/s]
 76%|███████▌  | 22237/29184 [00:01<00:00, 15368.44it/s]
 82%|████████▏ | 24039/29184 [00:01<00:00, 16129.21it/s]
 89%|████████▉ | 26020/29184 [00:01<00:00, 17202.80it/s]
 95%|█████████▌| 27754/29184 [00:01<00:00, 15626.73it/s]
100%|██████████| 29184/29184 [00:01<00:00, 15106.55it/s]

  0%|          | 0/7360 [00:00<?, ?it/s]
 21%|██        | 1509/7360 [00:00<00:00, 15078.51it/s]
 42%|████▏     | 3091/7360 [00:00<00:00, 15505.47it/s]
 63%|██████▎   | 4642/7360 [00:00<00:00, 15131.64it/s]
 84%|████████▍ | 6194/7360 [00:00<00:00, 15278.70it/s]
100%|██████████| 7360/7360 [00:00<00:00, 15261.79it/s]

  0%|          | 0/7360 [00:00<?, ?it/s]
 20%|█▉        | 1464/7360 [00:00<00:00, 14634.61it/s]
 40%|████      | 2945/7360 [00:00<00:00, 14732.52it/s]
 61%|██████▏   | 4516/7360 [00:00<00:00, 15177.16it/s]
 85%|████████▌ | 6268/7360 [00:00<00:00, 16101.15it/s]
100%|██████████| 7360/7360 [00:00<00:00, 15753.22it/s]

  0%|          | 0/29440 [00:00<?, ?it/s]
  5%|▌         | 1594/29440 [00:00<00:01, 15893.48it/s]
 11%|█         | 3184/29440 [00:00<00:01, 15764.12it/s]
 16%|█▌        | 4761/29440 [00:00<00:01, 15701.76it/s]
 22%|██▏       | 6468/29440 [00:00<00:01, 16235.47it/s]
 28%|██▊       | 8350/29440 [00:00<00:01, 17162.92it/s]
 34%|███▍      | 10067/29440 [00:00<00:01, 16410.03it/s]
 40%|███▉      | 11715/29440 [00:00<00:01, 16406.11it/s]
 45%|████▌     | 13386/29440 [00:00<00:00, 16499.14it/s]
 51%|█████     | 15039/29440 [00:00<00:00, 15768.72it/s]
 56%|█████▋    | 16624/29440 [00:01<00:00, 15112.24it/s]
 62%|██████▏   | 18145/29440 [00:01<00:00, 14539.31it/s]
 67%|██████▋   | 19696/29440 [00:01<00:00, 14809.31it/s]
 72%|███████▏  | 21185/29440 [00:01<00:00, 14400.08it/s]
 77%|███████▋  | 22726/29440 [00:01<00:00, 14685.04it/s]
 82%|████████▏ | 24228/29440 [00:01<00:00, 14781.07it/s]
 87%|████████▋ | 25711/29440 [00:01<00:00, 14753.86it/s]
 93%|█████████▎| 27349/29440 [00:01<00:00, 15231.01it/s]
 98%|█████████▊| 28929/29440 [00:01<00:00, 15395.86it/s]
100%|██████████| 29440/29440 [00:01<00:00, 15459.09it/s]

  0%|          | 0/928 [00:00<?, ?it/s]
100%|██████████| 928/928 [00:00<00:00, 19341.65it/s]

  0%|          | 0/1856 [00:00<?, ?it/s]
 99%|█████████▉| 1840/1856 [00:00<00:00, 18398.57it/s]
100%|██████████| 1856/1856 [00:00<00:00, 18364.56it/s]

  0%|          | 0/3712 [00:00<?, ?it/s]
 47%|████▋     | 1732/3712 [00:00<00:00, 17319.03it/s]
 93%|█████████▎| 3464/3712 [00:00<00:00, 12589.58it/s]
100%|██████████| 3712/3712 [00:00<00:00, 13205.77it/s]

  0%|          | 0/7424 [00:00<?, ?it/s]
 14%|█▎        | 1018/7424 [00:00<00:00, 10173.17it/s]
 35%|███▍      | 2586/7424 [00:00<00:00, 13410.73it/s]
 58%|█████▊    | 4316/7424 [00:00<00:00, 15183.92it/s]
 81%|████████  | 6018/7424 [00:00<00:00, 15906.20it/s]
100%|██████████| 7424/7424 [00:00<00:00, 14987.49it/s]

  0%|          | 0/7424 [00:00<?, ?it/s]
 22%|██▏       | 1619/7424 [00:00<00:00, 16187.35it/s]
 45%|████▍     | 3307/7424 [00:00<00:00, 16588.98it/s]
 68%|██████▊   | 5034/7424 [00:00<00:00, 16895.29it/s]
 91%|█████████ | 6724/7424 [00:00<00:00, 16616.53it/s]
100%|██████████| 7424/7424 [00:00<00:00, 16570.09it/s]

  0%|          | 0/29696 [00:00<?, ?it/s]
  5%|▌         | 1574/29696 [00:00<00:01, 15737.58it/s]
 11%|█▏        | 3364/29696 [00:00<00:01, 17007.99it/s]
 17%|█▋        | 5065/29696 [00:00<00:01, 15617.62it/s]
 23%|██▎       | 6724/29696 [00:00<00:01, 15981.51it/s]
 28%|██▊       | 8446/29696 [00:00<00:01, 16411.45it/s]
 34%|███▍      | 10095/29696 [00:00<00:01, 16003.78it/s]
 39%|███▉      | 11702/29696 [00:00<00:01, 15851.46it/s]
 45%|████▍     | 13342/29696 [00:00<00:01, 16020.46it/s]
 50%|█████     | 14995/29696 [00:00<00:00, 16175.50it/s]
 56%|█████▌    | 16634/29696 [00:01<00:00, 16235.24it/s]
 61%|██████▏   | 18260/29696 [00:01<00:00, 14938.79it/s]
 67%|██████▋   | 19962/29696 [00:01<00:00, 15529.92it/s]
 73%|███████▎  | 21534/29696 [00:01<00:00, 14872.07it/s]
 78%|███████▊  | 23062/29696 [00:01<00:00, 14983.02it/s]
 83%|████████▎ | 24573/29696 [00:01<00:00, 15005.44it/s]
 88%|████████▊ | 26083/29696 [00:01<00:00, 14890.19it/s]
 94%|█████████▎| 27805/29696 [00:01<00:00, 15520.14it/s]
 99%|█████████▉| 29507/29696 [00:01<00:00, 15959.43it/s]
100%|██████████| 29696/29696 [00:01<00:00, 15687.04it/s]

  0%|          | 0/936 [00:00<?, ?it/s]
100%|██████████| 936/936 [00:00<00:00, 18353.93it/s]

  0%|          | 0/1872 [00:00<?, ?it/s]
 96%|█████████▋| 1805/1872 [00:00<00:00, 18045.24it/s]
100%|██████████| 1872/1872 [00:00<00:00, 17931.38it/s]

  0%|          | 0/7488 [00:00<?, ?it/s]
 24%|██▍       | 1780/7488 [00:00<00:00, 17784.67it/s]
 48%|████▊     | 3559/7488 [00:03<00:04, 973.34it/s]  
 70%|███████   | 5245/7488 [00:03<00:01, 1671.48it/s]
 95%|█████████▍| 7087/7488 [00:03<00:00, 2660.74it/s]
100%|██████████| 7488/7488 [00:03<00:00, 2228.58it/s]

  0%|          | 0/7488 [00:00<?, ?it/s]
 23%|██▎       | 1712/7488 [00:00<00:00, 17117.85it/s]
 46%|████▌     | 3441/7488 [00:00<00:00, 17216.75it/s]
 69%|██████▉   | 5163/7488 [00:00<00:00, 16570.01it/s]
 92%|█████████▏| 6868/7488 [00:00<00:00, 16751.64it/s]
100%|██████████| 7488/7488 [00:00<00:00, 16591.99it/s]

  0%|          | 0/29952 [00:00<?, ?it/s]
  6%|▌         | 1806/29952 [00:00<00:01, 18055.24it/s]
 12%|█▏        | 3612/29952 [00:00<00:01, 16245.73it/s]
 18%|█▊        | 5249/29952 [00:00<00:01, 15976.09it/s]
 23%|██▎       | 6853/29952 [00:00<00:01, 15825.67it/s]
 28%|██▊       | 8439/29952 [00:00<00:01, 15829.40it/s]
 34%|███▍      | 10218/29952 [00:00<00:01, 16475.63it/s]
 40%|███▉      | 11944/29952 [00:00<00:01, 16726.24it/s]
 45%|████▌     | 13620/29952 [00:00<00:01, 15937.80it/s]
 51%|█████     | 15222/29952 [00:00<00:00, 15803.70it/s]
 57%|█████▋    | 17025/29952 [00:01<00:00, 16465.27it/s]
 63%|██████▎   | 18865/29952 [00:01<00:00, 17040.83it/s]
 69%|██████▊   | 20575/29952 [00:01<00:00, 16735.98it/s]
 75%|███████▍  | 22421/29952 [00:01<00:00, 17244.63it/s]
 81%|████████  | 24151/29952 [00:01<00:00, 16697.92it/s]
 86%|████████▌ | 25830/29952 [00:01<00:00, 16722.42it/s]
 92%|█████████▏| 27507/29952 [00:01<00:00, 16669.82it/s]
 97%|█████████▋| 29199/29952 [00:01<00:00, 16742.28it/s]
100%|██████████| 29952/29952 [00:01<00:00, 16526.96it/s]

  0%|          | 0/944 [00:00<?, ?it/s]
100%|██████████| 944/944 [00:00<00:00, 15889.17it/s]

  0%|          | 0/1888 [00:00<?, ?it/s]
 78%|███████▊  | 1477/1888 [00:00<00:00, 14766.88it/s]
100%|██████████| 1888/1888 [00:00<00:00, 15845.93it/s]

  0%|          | 0/3776 [00:00<?, ?it/s]
 56%|█████▌    | 2096/3776 [00:00<00:00, 20946.14it/s]
100%|██████████| 3776/3776 [00:00<00:00, 20040.74it/s]

  0%|          | 0/7552 [00:00<?, ?it/s]
 26%|██▌       | 1962/7552 [00:00<00:00, 19614.69it/s]
 52%|█████▏    | 3924/7552 [00:00<00:00, 18401.74it/s]
 76%|███████▋  | 5770/7552 [00:00<00:00, 18002.56it/s]
100%|██████████| 7552/7552 [00:00<00:00, 18417.76it/s]

  0%|          | 0/7552 [00:00<?, ?it/s]
 26%|██▌       | 1975/7552 [00:00<00:00, 19749.27it/s]
 52%|█████▏    | 3950/7552 [00:00<00:00, 18747.20it/s]
 80%|███████▉  | 6033/7552 [00:00<00:00, 19668.69it/s]
100%|██████████| 7552/7552 [00:00<00:00, 19617.01it/s]

  0%|          | 0/30208 [00:00<?, ?it/s]
  7%|▋         | 2051/30208 [00:00<00:01, 20504.20it/s]
 14%|█▎        | 4102/30208 [00:00<00:01, 17535.98it/s]
 19%|█▉        | 5883/30208 [00:00<00:01, 17300.19it/s]
 26%|██▌       | 7715/30208 [00:00<00:01, 17667.09it/s]
 32%|███▏      | 9535/30208 [00:00<00:01, 17848.87it/s]
 38%|███▊      | 11328/30208 [00:00<00:01, 17788.93it/s]
 43%|████▎     | 13112/30208 [00:00<00:00, 17309.96it/s]
 50%|████▉     | 14997/30208 [00:00<00:00, 17782.98it/s]
 56%|█████▌    | 16781/30208 [00:00<00:00, 17770.96it/s]
 61%|██████▏   | 18562/30208 [00:01<00:00, 17635.11it/s]
 67%|██████▋   | 20328/30208 [00:01<00:00, 17411.89it/s]
 73%|███████▎  | 22072/30208 [00:01<00:00, 16561.34it/s]
 79%|███████▉  | 23794/30208 [00:01<00:00, 16749.18it/s]
 84%|████████▍ | 25486/30208 [00:01<00:00, 16798.54it/s]
 90%|████████▉ | 27187/30208 [00:01<00:00, 16858.63it/s]
 96%|█████████▌| 28877/30208 [00:01<00:00, 16765.55it/s]
100%|██████████| 30208/30208 [00:01<00:00, 17302.22it/s]

  0%|          | 0/952 [00:00<?, ?it/s]
100%|██████████| 952/952 [00:00<00:00, 21049.13it/s]

  0%|          | 0/1904 [00:00<?, ?it/s]
100%|██████████| 1904/1904 [00:00<00:00, 20312.95it/s]

  0%|          | 0/3808 [00:00<?, ?it/s]
 51%|█████     | 1932/3808 [00:00<00:00, 19301.79it/s]
100%|██████████| 3808/3808 [00:00<00:00, 19432.13it/s]

  0%|          | 0/7616 [00:00<?, ?it/s]
 27%|██▋       | 2066/7616 [00:00<00:00, 20639.89it/s]
 54%|█████▍    | 4130/7616 [00:00<00:00, 19931.66it/s]
 80%|████████  | 6125/7616 [00:00<00:00, 17731.91it/s]
100%|██████████| 7616/7616 [00:00<00:00, 18409.35it/s]

  0%|          | 0/7616 [00:00<?, ?it/s]
 25%|██▍       | 1892/7616 [00:00<00:00, 18915.55it/s]
 50%|████▉     | 3784/7616 [00:00<00:00, 17494.41it/s]
 73%|███████▎  | 5541/7616 [00:00<00:00, 17259.14it/s]
 95%|█████████▌| 7271/7616 [00:00<00:00, 15936.79it/s]
100%|██████████| 7616/7616 [00:00<00:00, 16627.97it/s]

  0%|          | 0/30464 [00:00<?, ?it/s]
  5%|▌         | 1654/30464 [00:00<00:01, 16533.28it/s]
 11%|█         | 3308/30464 [00:00<00:01, 15007.36it/s]
 16%|█▌        | 4818/30464 [00:00<00:01, 13965.00it/s]
 21%|██        | 6392/30464 [00:00<00:01, 14610.44it/s]
 26%|██▌       | 7864/30464 [00:00<00:01, 14619.42it/s]
 31%|███       | 9378/30464 [00:00<00:01, 14787.21it/s]
 36%|███▋      | 11048/30464 [00:00<00:01, 15394.59it/s]
 42%|████▏     | 12711/30464 [00:00<00:01, 15779.70it/s]
 47%|████▋     | 14459/30464 [00:00<00:00, 16302.95it/s]
 54%|█████▎    | 16348/30464 [00:01<00:00, 17094.91it/s]
 59%|█████▉    | 18102/30464 [00:01<00:00, 17228.79it/s]
 65%|██████▌   | 19828/30464 [00:01<00:00, 15299.70it/s]
 70%|███████   | 21399/30464 [00:01<00:00, 14971.39it/s]
 75%|███████▌  | 22924/30464 [00:01<00:00, 14271.23it/s]
 80%|████████  | 24374/30464 [00:01<00:00, 13911.30it/s]
 86%|████████▌ | 26129/30464 [00:01<00:00, 14910.92it/s]
 91%|█████████ | 27735/30464 [00:01<00:00, 15234.50it/s]
 96%|█████████▌| 29275/30464 [00:01<00:00, 15244.98it/s]
100%|██████████| 30464/30464 [00:01<00:00, 15276.04it/s]

  0%|          | 0/960 [00:00<?, ?it/s]
100%|██████████| 960/960 [00:00<00:00, 18976.78it/s]

  0%|          | 0/1920 [00:00<?, ?it/s]
 88%|████████▊ | 1691/1920 [00:00<00:00, 16908.93it/s]
100%|██████████| 1920/1920 [00:00<00:00, 16850.87it/s]

  0%|          | 0/3840 [00:00<?, ?it/s]
 43%|████▎     | 1637/3840 [00:00<00:00, 16368.69it/s]
 86%|████████▌ | 3296/3840 [00:00<00:00, 16480.76it/s]
100%|██████████| 3840/3840 [00:00<00:00, 16567.62it/s]

  0%|          | 0/7680 [00:00<?, ?it/s]
 25%|██▍       | 1883/7680 [00:00<00:00, 18825.26it/s]
 50%|████▉     | 3825/7680 [00:00<00:00, 19163.69it/s]
 75%|███████▍  | 5742/7680 [00:00<00:00, 17682.30it/s]
 98%|█████████▊| 7523/7680 [00:00<00:00, 17135.42it/s]
100%|██████████| 7680/7680 [00:00<00:00, 17592.02it/s]

  0%|          | 0/7680 [00:00<?, ?it/s]
 24%|██▍       | 1837/7680 [00:00<00:00, 18362.57it/s]
 48%|████▊     | 3674/7680 [00:00<00:00, 18165.85it/s]
 72%|███████▏  | 5554/7680 [00:00<00:00, 18450.69it/s]
 97%|█████████▋| 7415/7680 [00:00<00:00, 18511.17it/s]
100%|██████████| 7680/7680 [00:00<00:00, 18306.89it/s]

  0%|          | 0/30720 [00:00<?, ?it/s]
  6%|▌         | 1709/30720 [00:00<00:01, 17080.93it/s]
 11%|█         | 3418/30720 [00:00<00:01, 16544.78it/s]
 17%|█▋        | 5074/30720 [00:00<00:01, 16286.11it/s]
 22%|██▏       | 6763/30720 [00:00<00:01, 16516.86it/s]
 28%|██▊       | 8723/30720 [00:00<00:01, 17611.14it/s]
 34%|███▍      | 10487/30720 [00:00<00:01, 17608.92it/s]
 40%|███▉      | 12250/30720 [00:00<00:01, 17149.01it/s]
 46%|████▌     | 14098/30720 [00:00<00:00, 17559.36it/s]
 52%|█████▏    | 15857/30720 [00:00<00:00, 17483.19it/s]
 57%|█████▋    | 17608/30720 [00:01<00:00, 17116.44it/s]
 63%|██████▎   | 19323/30720 [00:01<00:00, 16136.02it/s]
 69%|██████▊   | 21070/30720 [00:01<00:00, 16514.57it/s]
 74%|███████▍  | 22732/30720 [00:01<00:00, 15675.59it/s]
 79%|███████▉  | 24314/30720 [00:01<00:00, 15233.45it/s]
 85%|████████▍ | 26008/30720 [00:01<00:00, 15711.68it/s]
 90%|█████████ | 27777/30720 [00:01<00:00, 16276.19it/s]
 96%|█████████▌| 29494/30720 [00:01<00:00, 16534.64it/s]
100%|██████████| 30720/30720 [00:01<00:00, 16508.70it/s]

  0%|          | 0/968 [00:00<?, ?it/s]
100%|██████████| 968/968 [00:00<00:00, 13841.97it/s]

  0%|          | 0/1936 [00:00<?, ?it/s]
 96%|█████████▋| 1868/1936 [00:00<00:00, 18647.83it/s]
100%|██████████| 1936/1936 [00:00<00:00, 18405.70it/s]

  0%|          | 0/7744 [00:00<?, ?it/s]
 17%|█▋        | 1302/7744 [00:00<00:00, 12995.23it/s]
 37%|███▋      | 2896/7744 [00:00<00:00, 14723.56it/s]
 58%|█████▊    | 4477/7744 [00:00<00:00, 15216.73it/s]
 77%|███████▋  | 5999/7744 [00:00<00:00, 15092.37it/s]
100%|█████████▉| 7720/7744 [00:00<00:00, 15850.73it/s]
100%|██████████| 7744/7744 [00:00<00:00, 15366.13it/s]

  0%|          | 0/7744 [00:00<?, ?it/s]
 21%|██        | 1596/7744 [00:00<00:00, 15958.53it/s]
 44%|████▍     | 3438/7744 [00:00<00:00, 17401.26it/s]
 67%|██████▋   | 5179/7744 [00:00<00:00, 17322.92it/s]
 91%|█████████ | 7045/7744 [00:00<00:00, 17844.66it/s]
100%|██████████| 7744/7744 [00:00<00:00, 17603.44it/s]

  0%|          | 0/30976 [00:00<?, ?it/s]
  6%|▌         | 1890/30976 [00:00<00:01, 18893.22it/s]
 12%|█▏        | 3780/30976 [00:00<00:01, 17833.51it/s]
 18%|█▊        | 5568/30976 [00:00<00:01, 17483.54it/s]
 24%|██▍       | 7393/30976 [00:00<00:01, 17776.01it/s]
 30%|██▉       | 9173/30976 [00:00<00:01, 17317.88it/s]
 35%|███▌      | 10994/30976 [00:00<00:01, 17608.31it/s]
 42%|████▏     | 13060/30976 [00:00<00:00, 18579.34it/s]
 48%|████▊     | 14922/30976 [00:00<00:00, 18261.90it/s]
 54%|█████▍    | 16752/30976 [00:00<00:00, 18160.03it/s]
 60%|█████▉    | 18571/30976 [00:01<00:00, 18065.10it/s]
 66%|██████▌   | 20379/30976 [00:01<00:00, 16597.16it/s]
 72%|███████▏  | 22182/30976 [00:01<00:00, 16999.47it/s]
 78%|███████▊  | 24039/30976 [00:01<00:00, 17444.49it/s]
 83%|████████▎ | 25799/30976 [00:01<00:00, 17385.35it/s]
 89%|████████▉ | 27631/30976 [00:01<00:00, 17658.21it/s]
 96%|█████████▌| 29612/30976 [00:01<00:00, 18290.14it/s]
100%|██████████| 30976/30976 [00:01<00:00, 17758.25it/s]

  0%|          | 0/976 [00:00<?, ?it/s]
100%|██████████| 976/976 [00:00<00:00, 20915.80it/s]

  0%|          | 0/1952 [00:00<?, ?it/s]
 98%|█████████▊| 1921/1952 [00:00<00:00, 19203.24it/s]
100%|██████████| 1952/1952 [00:00<00:00, 19198.33it/s]

  0%|          | 0/3904 [00:00<?, ?it/s]
 51%|█████     | 1985/3904 [00:00<00:00, 19842.73it/s]
100%|██████████| 3904/3904 [00:00<00:00, 19817.06it/s]

  0%|          | 0/7808 [00:00<?, ?it/s]
 25%|██▌       | 1960/7808 [00:00<00:00, 19590.63it/s]
 50%|█████     | 3920/7808 [00:00<00:00, 19536.84it/s]
 76%|███████▌  | 5947/7808 [00:00<00:00, 19866.48it/s]
100%|██████████| 7808/7808 [00:00<00:00, 19861.74it/s]

  0%|          | 0/7808 [00:00<?, ?it/s]
 23%|██▎       | 1810/7808 [00:00<00:00, 18095.23it/s]
 46%|████▋     | 3620/7808 [00:00<00:00, 17980.07it/s]
 70%|██████▉   | 5462/7808 [00:00<00:00, 18179.58it/s]
 93%|█████████▎| 7281/7808 [00:00<00:00, 18174.15it/s]
100%|██████████| 7808/7808 [00:00<00:00, 18114.50it/s]

  0%|          | 0/31232 [00:00<?, ?it/s]
  6%|▌         | 1833/31232 [00:00<00:01, 18324.25it/s]
 12%|█▏        | 3666/31232 [00:00<00:01, 16820.39it/s]
 17%|█▋        | 5420/31232 [00:00<00:01, 17131.24it/s]
 23%|██▎       | 7280/31232 [00:00<00:01, 17692.29it/s]
 29%|██▉       | 9074/31232 [00:00<00:01, 17779.23it/s]
 35%|███▌      | 10970/31232 [00:00<00:01, 18174.61it/s]
 41%|████      | 12791/31232 [00:00<00:01, 18098.29it/s]
 47%|████▋     | 14793/31232 [00:00<00:00, 18703.46it/s]
 53%|█████▎    | 16666/31232 [00:00<00:00, 18283.82it/s]
 59%|█████▉    | 18498/31232 [00:01<00:00, 18233.40it/s]
 65%|██████▌   | 20324/31232 [00:01<00:00, 18237.36it/s]
 72%|███████▏  | 22353/31232 [00:01<00:00, 18853.93it/s]
 78%|███████▊  | 24241/31232 [00:01<00:00, 18675.75it/s]
 84%|████████▍ | 26217/31232 [00:01<00:00, 18998.81it/s]
 90%|█████████ | 28119/31232 [00:01<00:00, 18837.44it/s]
 96%|█████████▌| 30039/31232 [00:01<00:00, 18944.67it/s]
100%|██████████| 31232/31232 [00:01<00:00, 18336.67it/s]

  0%|          | 0/984 [00:00<?, ?it/s]
100%|██████████| 984/984 [00:00<00:00, 20262.64it/s]

  0%|          | 0/1968 [00:00<?, ?it/s]
 80%|███████▉  | 1574/1968 [00:00<00:00, 15728.28it/s]
100%|██████████| 1968/1968 [00:00<00:00, 15338.63it/s]

  0%|          | 0/3936 [00:00<?, ?it/s]
 46%|████▋     | 1825/3936 [00:00<00:00, 18248.32it/s]
 93%|█████████▎| 3650/3936 [00:00<00:00, 18247.12it/s]
100%|██████████| 3936/3936 [00:00<00:00, 18102.55it/s]

  0%|          | 0/7872 [00:00<?, ?it/s]
 21%|██        | 1652/7872 [00:00<00:00, 16512.30it/s]
 45%|████▍     | 3526/7872 [00:00<00:00, 17817.65it/s]
 67%|██████▋   | 5308/7872 [00:00<00:00, 17741.32it/s]
 92%|█████████▏| 7251/7872 [00:00<00:00, 18405.17it/s]
100%|██████████| 7872/7872 [00:00<00:00, 18197.82it/s]

  0%|          | 0/7872 [00:00<?, ?it/s]
 24%|██▎       | 1865/7872 [00:00<00:00, 18586.30it/s]
 47%|████▋     | 3724/7872 [00:00<00:00, 18007.21it/s]
 70%|███████   | 5526/7872 [00:00<00:00, 17682.27it/s]
 93%|█████████▎| 7295/7872 [00:00<00:00, 17626.47it/s]
100%|██████████| 7872/7872 [00:00<00:00, 17833.81it/s]

  0%|          | 0/31488 [00:00<?, ?it/s]
  5%|▌         | 1727/31488 [00:00<00:01, 17265.32it/s]
 11%|█         | 3528/31488 [00:00<00:01, 17679.33it/s]
 17%|█▋        | 5465/31488 [00:00<00:01, 18448.75it/s]
 23%|██▎       | 7350/31488 [00:00<00:01, 18603.70it/s]
 29%|██▉       | 9211/31488 [00:00<00:01, 18347.07it/s]
 35%|███▌      | 11047/31488 [00:00<00:01, 18061.56it/s]
 41%|████      | 12924/31488 [00:00<00:01, 18287.84it/s]
 47%|████▋     | 14902/31488 [00:00<00:00, 18753.92it/s]
 53%|█████▎    | 16779/31488 [00:00<00:00, 18377.30it/s]
 59%|█████▉    | 18660/31488 [00:01<00:00, 18505.57it/s]
 65%|██████▌   | 20573/31488 [00:01<00:00, 18693.37it/s]
 71%|███████▏  | 22444/31488 [00:01<00:00, 18184.74it/s]
 77%|███████▋  | 24267/31488 [00:01<00:00, 17720.74it/s]
 83%|████████▎ | 26044/31488 [00:01<00:00, 17684.38it/s]
 88%|████████▊ | 27848/31488 [00:01<00:00, 17786.04it/s]
 94%|█████████▍| 29629/31488 [00:01<00:00, 17475.06it/s]
100%|█████████▉| 31379/31488 [00:01<00:00, 17077.96it/s]
100%|██████████| 31488/31488 [00:01<00:00, 17888.47it/s]

  0%|          | 0/992 [00:00<?, ?it/s]
100%|██████████| 992/992 [00:00<00:00, 19532.38it/s]

  0%|          | 0/1984 [00:00<?, ?it/s]
 84%|████████▎ | 1661/1984 [00:00<00:00, 16606.33it/s]
100%|██████████| 1984/1984 [00:00<00:00, 17022.95it/s]

  0%|          | 0/3968 [00:00<?, ?it/s]
 51%|█████     | 2028/3968 [00:00<00:00, 20270.60it/s]
100%|██████████| 3968/3968 [00:00<00:00, 18901.59it/s]

  0%|          | 0/7936 [00:00<?, ?it/s]
 23%|██▎       | 1863/7936 [00:00<00:00, 18626.38it/s]
 48%|████▊     | 3818/7936 [00:00<00:00, 19167.55it/s]
 73%|███████▎  | 5787/7936 [00:00<00:00, 19402.61it/s]
 98%|█████████▊| 7742/7936 [00:00<00:00, 19460.38it/s]
100%|██████████| 7936/7936 [00:00<00:00, 19387.77it/s]

  0%|          | 0/7936 [00:00<?, ?it/s]
 25%|██▍       | 1981/7936 [00:00<00:00, 19809.22it/s]
 50%|████▉     | 3962/7936 [00:00<00:00, 18338.05it/s]
 73%|███████▎  | 5804/7936 [00:00<00:00, 16622.89it/s]
 94%|█████████▍| 7483/7936 [00:00<00:00, 16284.61it/s]
100%|██████████| 7936/7936 [00:00<00:00, 16428.02it/s]

  0%|          | 0/31744 [00:00<?, ?it/s]
  6%|▌         | 1907/31744 [00:00<00:01, 19064.79it/s]
 12%|█▏        | 3834/31744 [00:00<00:01, 19182.84it/s]
 18%|█▊        | 5753/31744 [00:00<00:01, 17863.12it/s]
 24%|██▍       | 7550/31744 [00:00<00:01, 15024.45it/s]
 30%|███       | 9571/31744 [00:00<00:01, 16639.03it/s]
 36%|███▌      | 11296/31744 [00:00<00:01, 16788.18it/s]
 42%|████▏     | 13328/31744 [00:00<00:01, 17864.89it/s]
 48%|████▊     | 15151/31744 [00:00<00:00, 17623.48it/s]
 54%|█████▎    | 17052/31744 [00:00<00:00, 18036.99it/s]
 59%|█████▉    | 18875/31744 [00:01<00:00, 18061.10it/s]
 66%|██████▌   | 20849/31744 [00:01<00:00, 18562.34it/s]
 72%|███████▏  | 22716/31744 [00:01<00:00, 18070.28it/s]
 77%|███████▋  | 24533/31744 [00:01<00:00, 18001.45it/s]
 83%|████████▎ | 26340/31744 [00:01<00:00, 17081.73it/s]
 88%|████████▊ | 28061/31744 [00:01<00:00, 16232.44it/s]
 94%|█████████▍| 29792/31744 [00:01<00:00, 16528.42it/s]
 99%|█████████▉| 31458/31744 [00:01<00:00, 15848.13it/s]
100%|██████████| 31744/31744 [00:01<00:00, 17085.84it/s]

  0%|          | 0/1000 [00:00<?, ?it/s]
100%|██████████| 1000/1000 [00:00<00:00, 17385.64it/s]

  0%|          | 0/8000 [00:00<?, ?it/s]
 23%|██▎       | 1833/8000 [00:00<00:00, 18321.32it/s]
 46%|████▌     | 3666/8000 [00:00<00:00, 18277.77it/s]
 69%|██████▊   | 5494/8000 [00:00<00:00, 18083.82it/s]
 91%|█████████▏| 7303/8000 [00:00<00:00, 17856.34it/s]
100%|██████████| 8000/8000 [00:00<00:00, 18110.50it/s]

  0%|          | 0/8000 [00:00<?, ?it/s]
 19%|█▉        | 1559/8000 [00:00<00:00, 15579.17it/s]
 44%|████▍     | 3515/8000 [00:00<00:00, 17917.96it/s]
 67%|██████▋   | 5327/8000 [00:00<00:00, 18004.66it/s]
 90%|████████▉ | 7198/8000 [00:00<00:00, 18282.23it/s]
100%|██████████| 8000/8000 [00:00<00:00, 17677.86it/s]

  0%|          | 0/32000 [00:00<?, ?it/s]
  6%|▌         | 1837/32000 [00:00<00:01, 18363.36it/s]
 11%|█▏        | 3674/32000 [00:00<00:01, 18304.67it/s]
 17%|█▋        | 5505/32000 [00:00<00:01, 17452.11it/s]
 23%|██▎       | 7338/32000 [00:00<00:01, 17786.61it/s]
 29%|██▊       | 9121/32000 [00:00<00:01, 16840.08it/s]
 34%|███▍      | 10815/32000 [00:00<00:01, 16496.29it/s]
 39%|███▉      | 12471/32000 [00:00<00:01, 16197.82it/s]
 44%|████▍     | 14095/32000 [00:00<00:01, 16208.42it/s]
 49%|████▉     | 15719/32000 [00:00<00:01, 16202.28it/s]
 54%|█████▍    | 17415/32000 [00:01<00:00, 16422.06it/s]
 60%|█████▉    | 19091/32000 [00:01<00:00, 16523.43it/s]
 65%|██████▍   | 20745/32000 [00:01<00:00, 15905.11it/s]
 71%|███████   | 22601/32000 [00:01<00:00, 16680.99it/s]
 76%|███████▌  | 24276/32000 [00:01<00:00, 16303.26it/s]
 81%|████████  | 25958/32000 [00:01<00:00, 16453.38it/s]
 86%|████████▋ | 27646/32000 [00:01<00:00, 16576.29it/s]
 92%|█████████▏| 29311/32000 [00:01<00:00, 16597.47it/s]
 97%|█████████▋| 31102/32000 [00:01<00:00, 16986.09it/s]
100%|██████████| 32000/32000 [00:01<00:00, 16668.56it/s]

  0%|          | 0/1008 [00:00<?, ?it/s]
100%|██████████| 1008/1008 [00:00<00:00, 21252.89it/s]

  0%|          | 0/2016 [00:00<?, ?it/s]
 87%|████████▋ | 1745/2016 [00:00<00:00, 17445.77it/s]
100%|██████████| 2016/2016 [00:00<00:00, 17461.25it/s]

  0%|          | 0/8064 [00:00<?, ?it/s]
 15%|█▍        | 1170/8064 [00:00<00:00, 11698.67it/s]
 33%|███▎      | 2667/8064 [00:00<00:00, 13617.46it/s]
 50%|█████     | 4054/8064 [00:00<00:00, 13728.16it/s]
 67%|██████▋   | 5427/8064 [00:00<00:00, 12965.57it/s]
 90%|█████████ | 7262/8064 [00:00<00:00, 14833.15it/s]
100%|██████████| 8064/8064 [00:00<00:00, 14218.56it/s]

  0%|          | 0/8064 [00:00<?, ?it/s]
 16%|█▌        | 1307/8064 [00:00<00:00, 13066.90it/s]
 39%|███▊      | 3115/8064 [00:00<00:00, 16008.72it/s]
 59%|█████▉    | 4767/8064 [00:00<00:00, 16239.90it/s]
 79%|███████▉  | 6391/8064 [00:00<00:00, 14455.53it/s]
100%|██████████| 8064/8064 [00:00<00:00, 15379.86it/s]

  0%|          | 0/32256 [00:00<?, ?it/s]
  5%|▌         | 1677/32256 [00:00<00:01, 16768.06it/s]
 10%|█         | 3354/32256 [00:00<00:01, 15750.84it/s]
 16%|█▌        | 5146/32256 [00:00<00:01, 16705.51it/s]
 21%|██        | 6823/32256 [00:00<00:01, 16100.13it/s]
 26%|██▌       | 8439/32256 [00:00<00:01, 14420.70it/s]
 31%|███       | 9907/32256 [00:00<00:01, 14186.79it/s]
 36%|███▌      | 11687/32256 [00:00<00:01, 15270.03it/s]
 42%|████▏     | 13521/32256 [00:00<00:01, 16189.37it/s]
 48%|████▊     | 15375/32256 [00:00<00:00, 16894.30it/s]
 54%|█████▍    | 17338/32256 [00:01<00:00, 17713.81it/s]
 60%|█████▉    | 19259/32256 [00:01<00:00, 18161.22it/s]
 66%|██████▌   | 21151/32256 [00:01<00:00, 18387.79it/s]
 71%|███████▏  | 22998/32256 [00:01<00:00, 18342.30it/s]
 77%|███████▋  | 24838/32256 [00:04<00:03, 1865.58it/s] 
 83%|████████▎ | 26715/32256 [00:04<00:02, 2569.19it/s]
 89%|████████▉ | 28629/32256 [00:04<00:01, 3499.20it/s]
 95%|█████████▌| 30653/32256 [00:04<00:00, 4741.80it/s]
100%|██████████| 32256/32256 [00:04<00:00, 6717.44it/s]

  0%|          | 0/1016 [00:00<?, ?it/s]
100%|██████████| 1016/1016 [00:00<00:00, 17231.06it/s]

  0%|          | 0/8128 [00:00<?, ?it/s]
 24%|██▍       | 1985/8128 [00:00<00:00, 19845.48it/s]
 49%|████▉     | 4011/8128 [00:00<00:00, 20084.01it/s]
 74%|███████▍  | 6020/8128 [00:00<00:00, 19852.36it/s]
 98%|█████████▊| 8006/8128 [00:00<00:00, 19791.41it/s]
100%|██████████| 8128/8128 [00:00<00:00, 19849.14it/s]

  0%|          | 0/8128 [00:00<?, ?it/s]
 24%|██▎       | 1925/8128 [00:00<00:00, 19245.57it/s]
 48%|████▊     | 3867/8128 [00:00<00:00, 19342.67it/s]
 72%|███████▏  | 5849/8128 [00:00<00:00, 19558.08it/s]
 96%|█████████▌| 7805/8128 [00:00<00:00, 17889.48it/s]
100%|██████████| 8128/8128 [00:00<00:00, 18460.26it/s]

  0%|          | 0/32512 [00:00<?, ?it/s]
  6%|▌         | 1873/32512 [00:00<00:01, 18728.10it/s]
 12%|█▏        | 3746/32512 [00:00<00:01, 16555.61it/s]
 17%|█▋        | 5477/32512 [00:00<00:01, 16875.21it/s]
 23%|██▎       | 7347/32512 [00:00<00:01, 17562.75it/s]
 29%|██▊       | 9338/32512 [00:00<00:01, 18385.53it/s]
 35%|███▍      | 11283/32512 [00:00<00:01, 18740.78it/s]
 41%|████      | 13244/32512 [00:00<00:01, 19019.22it/s]
 47%|████▋     | 15176/32512 [00:00<00:00, 19110.14it/s]
 53%|█████▎    | 17091/32512 [00:00<00:00, 18652.34it/s]
 58%|█████▊    | 18961/32512 [00:01<00:00, 18635.49it/s]
 64%|██████▍   | 20828/32512 [00:01<00:00, 18486.18it/s]
 70%|██████▉   | 22679/32512 [00:01<00:00, 18081.57it/s]
 75%|███████▌  | 24490/32512 [00:01<00:00, 17992.50it/s]
 81%|████████▏ | 26474/32512 [00:01<00:00, 18536.80it/s]
 88%|████████▊ | 28469/32512 [00:01<00:00, 18952.62it/s]
 93%|█████████▎| 30367/32512 [00:01<00:00, 18861.27it/s]
 99%|█████████▉| 32281/32512 [00:01<00:00, 18943.77it/s]
100%|██████████| 32512/32512 [00:01<00:00, 18479.29it/s]

  0%|          | 0/1024 [00:00<?, ?it/s]
100%|██████████| 1024/1024 [00:00<00:00, 21322.49it/s]

  0%|          | 0/2048 [00:00<?, ?it/s]
100%|██████████| 2048/2048 [00:00<00:00, 21406.39it/s]

  0%|          | 0/4096 [00:00<?, ?it/s]
 49%|████▉     | 2020/4096 [00:00<00:00, 20188.85it/s]
100%|█████████▉| 4091/4096 [00:00<00:00, 20494.12it/s]
100%|██████████| 4096/4096 [00:00<00:00, 20424.89it/s]

  0%|          | 0/8192 [00:00<?, ?it/s]
 24%|██▍       | 1972/8192 [00:00<00:00, 19716.78it/s]
 48%|████▊     | 3944/8192 [00:00<00:00, 19496.56it/s]
 73%|███████▎  | 5977/8192 [00:00<00:00, 19872.67it/s]
 97%|█████████▋| 7965/8192 [00:00<00:00, 19798.43it/s]
100%|██████████| 8192/8192 [00:00<00:00, 19734.04it/s]

  0%|          | 0/8192 [00:00<?, ?it/s]
 16%|█▌        | 1274/8192 [00:00<00:00, 12720.81it/s]
 35%|███▌      | 2877/8192 [00:00<00:00, 14661.86it/s]
 55%|█████▌    | 4508/8192 [00:00<00:00, 15413.18it/s]
 77%|███████▋  | 6308/8192 [00:00<00:00, 16431.31it/s]
 97%|█████████▋| 7952/8192 [00:00<00:00, 16224.32it/s]
100%|██████████| 8192/8192 [00:00<00:00, 15830.43it/s]

  0%|          | 0/32768 [00:00<?, ?it/s]
  5%|▍         | 1506/32768 [00:00<00:02, 15045.24it/s]
  9%|▉         | 3034/32768 [00:00<00:01, 15175.90it/s]
 14%|█▍        | 4552/32768 [00:00<00:02, 13692.60it/s]
 18%|█▊        | 5937/32768 [00:00<00:02, 12439.69it/s]
 23%|██▎       | 7417/32768 [00:00<00:01, 13188.78it/s]
 28%|██▊       | 9069/32768 [00:00<00:01, 14240.79it/s]
 32%|███▏      | 10574/32768 [00:00<00:01, 14490.24it/s]
 37%|███▋      | 12234/32768 [00:00<00:01, 15137.34it/s]
 42%|████▏     | 13761/32768 [00:00<00:01, 15077.73it/s]
 47%|████▋     | 15443/32768 [00:01<00:01, 15602.20it/s]
 52%|█████▏    | 17011/32768 [00:01<00:01, 15518.39it/s]
 57%|█████▋    | 18568/32768 [00:01<00:00, 15102.19it/s]
 62%|██████▏   | 20256/32768 [00:01<00:00, 15622.81it/s]
 67%|██████▋   | 21824/32768 [00:01<00:00, 15569.23it/s]
 71%|███████▏  | 23385/32768 [00:01<00:00, 14900.82it/s]
 76%|███████▌  | 24883/32768 [00:01<00:00, 14848.37it/s]
 81%|████████  | 26503/32768 [00:01<00:00, 15240.18it/s]
 86%|████████▌ | 28243/32768 [00:01<00:00, 15872.44it/s]
 92%|█████████▏| 29988/32768 [00:01<00:00, 16334.53it/s]
 97%|█████████▋| 31729/32768 [00:02<00:00, 16651.09it/s]
100%|██████████| 32768/32768 [00:02<00:00, 15285.78it/s]

  0%|          | 0/1032 [00:00<?, ?it/s]
100%|██████████| 1032/1032 [00:00<00:00, 16363.07it/s]

  0%|          | 0/2064 [00:00<?, ?it/s]
 84%|████████▍ | 1732/2064 [00:00<00:00, 17319.44it/s]
100%|██████████| 2064/2064 [00:00<00:00, 17429.82it/s]

  0%|          | 0/4128 [00:00<?, ?it/s]
 43%|████▎     | 1771/4128 [00:00<00:00, 17707.02it/s]
 86%|████████▌ | 3542/4128 [00:00<00:00, 16990.59it/s]
100%|██████████| 4128/4128 [00:00<00:00, 16687.46it/s]

  0%|          | 0/8256 [00:00<?, ?it/s]
 18%|█▊        | 1486/8256 [00:00<00:00, 14846.95it/s]
 39%|███▉      | 3256/8256 [00:00<00:00, 16515.70it/s]
 59%|█████▉    | 4908/8256 [00:00<00:00, 16410.60it/s]
 81%|████████  | 6666/8256 [00:00<00:00, 16868.96it/s]
100%|██████████| 8256/8256 [00:00<00:00, 16800.68it/s]

  0%|          | 0/8256 [00:00<?, ?it/s]
 21%|██        | 1708/8256 [00:00<00:00, 17071.02it/s]
 41%|████▏     | 3416/8256 [00:00<00:00, 16221.78it/s]
 64%|██████▍   | 5275/8256 [00:00<00:00, 17268.78it/s]
 85%|████████▍ | 7007/8256 [00:00<00:00, 16668.42it/s]
100%|██████████| 8256/8256 [00:00<00:00, 16642.58it/s]

  0%|          | 0/33024 [00:00<?, ?it/s]
  5%|▍         | 1567/33024 [00:00<00:02, 15667.92it/s]
  9%|▉         | 3134/33024 [00:00<00:01, 14993.42it/s]
 14%|█▍        | 4636/33024 [00:00<00:02, 12424.55it/s]
 19%|█▉        | 6304/33024 [00:00<00:01, 13893.39it/s]
 24%|██▍       | 7901/33024 [00:00<00:01, 14577.17it/s]
 29%|██▉       | 9524/33024 [00:00<00:01, 15105.74it/s]
 34%|███▎      | 11101/33024 [00:00<00:01, 15313.56it/s]
 39%|███▊      | 12735/33024 [00:00<00:01, 15627.04it/s]
 43%|████▎     | 14362/33024 [00:00<00:01, 15823.21it/s]
 48%|████▊     | 15955/33024 [00:01<00:01, 15769.10it/s]
 53%|█████▎    | 17539/33024 [00:01<00:01, 14968.28it/s]
 58%|█████▊    | 19049/33024 [00:01<00:00, 14332.60it/s]
 62%|██████▏   | 20500/33024 [00:01<00:00, 14381.76it/s]
 67%|██████▋   | 22049/33024 [00:01<00:00, 14696.33it/s]
 72%|███████▏  | 23708/33024 [00:01<00:00, 15248.20it/s]
 77%|███████▋  | 25381/33024 [00:01<00:00, 15683.00it/s]
 82%|████████▏ | 27088/33024 [00:01<00:00, 16092.01it/s]
 87%|████████▋ | 28703/33024 [00:01<00:00, 16092.84it/s]
 92%|█████████▏| 30316/33024 [00:02<00:00, 15554.76it/s]
 97%|█████████▋| 31878/33024 [00:02<00:00, 15329.12it/s]
100%|██████████| 33024/33024 [00:02<00:00, 15098.35it/s]

  0%|          | 0/1040 [00:00<?, ?it/s]
100%|██████████| 1040/1040 [00:00<00:00, 18115.69it/s]

  0%|          | 0/2080 [00:00<?, ?it/s]
 83%|████████▎ | 1731/2080 [00:00<00:00, 17308.20it/s]
100%|██████████| 2080/2080 [00:00<00:00, 17369.72it/s]

  0%|          | 0/4160 [00:00<?, ?it/s]
 39%|███▊      | 1607/4160 [00:00<00:00, 16061.48it/s]
 79%|███████▊  | 3269/4160 [00:00<00:00, 16385.34it/s]
100%|██████████| 4160/4160 [00:00<00:00, 15257.28it/s]

  0%|          | 0/8320 [00:00<?, ?it/s]
 19%|█▉        | 1591/8320 [00:00<00:00, 15897.62it/s]
 39%|███▊      | 3215/8320 [00:00<00:00, 16098.51it/s]
 60%|█████▉    | 4967/8320 [00:00<00:00, 16744.45it/s]
 80%|███████▉  | 6642/8320 [00:00<00:00, 16741.59it/s]
100%|█████████▉| 8317/8320 [00:00<00:00, 15926.25it/s]
100%|██████████| 8320/8320 [00:00<00:00, 16153.85it/s]

  0%|          | 0/8320 [00:00<?, ?it/s]
 22%|██▏       | 1800/8320 [00:00<00:00, 17996.03it/s]
 43%|████▎     | 3600/8320 [00:00<00:00, 16399.89it/s]
 64%|██████▎   | 5286/8320 [00:00<00:00, 16597.10it/s]
 84%|████████▎ | 6952/8320 [00:00<00:00, 14507.00it/s]
100%|██████████| 8320/8320 [00:00<00:00, 15094.21it/s]

  0%|          | 0/33280 [00:00<?, ?it/s]
  5%|▌         | 1668/33280 [00:00<00:01, 16675.72it/s]
 10%|█         | 3336/33280 [00:00<00:01, 15224.49it/s]
 15%|█▍        | 4870/33280 [00:00<00:01, 15273.31it/s]
 20%|█▉        | 6524/33280 [00:00<00:01, 15756.58it/s]
 25%|██▌       | 8333/33280 [00:00<00:01, 16578.24it/s]
 30%|███       | 9996/33280 [00:00<00:01, 15740.66it/s]
 35%|███▍      | 11580/33280 [00:00<00:01, 14999.79it/s]
 39%|███▉      | 13091/33280 [00:00<00:01, 14562.75it/s]
 45%|████▍     | 14871/33280 [00:00<00:01, 15507.21it/s]
 49%|████▉     | 16434/33280 [00:01<00:01, 15454.00it/s]
 54%|█████▍    | 17988/33280 [00:01<00:00, 15294.16it/s]
 59%|█████▊    | 19523/33280 [00:01<00:00, 15072.24it/s]
 63%|██████▎   | 21035/33280 [00:01<00:00, 14865.36it/s]
 68%|██████▊   | 22648/33280 [00:01<00:00, 15230.08it/s]
 73%|███████▎  | 24175/33280 [00:01<00:00, 14478.45it/s]
 77%|███████▋  | 25632/33280 [00:01<00:00, 14157.57it/s]
 81%|████████▏ | 27121/33280 [00:01<00:00, 14365.10it/s]
 86%|████████▌ | 28563/33280 [00:01<00:00, 14320.30it/s]
 90%|█████████ | 29999/33280 [00:02<00:00, 13758.80it/s]
 95%|█████████▌| 31684/33280 [00:02<00:00, 14638.89it/s]
100%|█████████▉| 33228/33280 [00:02<00:00, 14869.70it/s]
100%|██████████| 33280/33280 [00:02<00:00, 14976.90it/s]

  0%|          | 0/1048 [00:00<?, ?it/s]
100%|██████████| 1048/1048 [00:00<00:00, 13389.88it/s]

  0%|          | 0/4192 [00:00<?, ?it/s]
 29%|██▉       | 1235/4192 [00:00<00:00, 12344.01it/s]
 70%|██████▉   | 2919/4192 [00:00<00:00, 14985.88it/s]
100%|██████████| 4192/4192 [00:00<00:00, 15580.06it/s]

  0%|          | 0/8384 [00:00<?, ?it/s]
 21%|██        | 1733/8384 [00:00<00:00, 17329.27it/s]
 41%|████▏     | 3466/8384 [00:00<00:00, 15369.78it/s]
 60%|█████▉    | 5018/8384 [00:00<00:00, 14957.75it/s]
 78%|███████▊  | 6521/8384 [00:00<00:00, 14708.93it/s]
 97%|█████████▋| 8118/8384 [00:00<00:00, 15140.65it/s]
100%|██████████| 8384/8384 [00:00<00:00, 15175.49it/s]

  0%|          | 0/8384 [00:00<?, ?it/s]
 14%|█▎        | 1145/8384 [00:00<00:00, 11442.59it/s]
 31%|███       | 2563/8384 [00:00<00:00, 13050.82it/s]
 50%|█████     | 4194/8384 [00:00<00:00, 14537.58it/s]
 67%|██████▋   | 5648/8384 [00:00<00:00, 14529.20it/s]
 85%|████████▍ | 7101/8384 [00:00<00:00, 14184.61it/s]
100%|██████████| 8384/8384 [00:00<00:00, 14215.03it/s]

  0%|          | 0/33536 [00:00<?, ?it/s]
  4%|▍         | 1414/33536 [00:00<00:02, 14133.68it/s]
  9%|▊         | 2914/33536 [00:00<00:02, 14639.85it/s]
 13%|█▎        | 4378/33536 [00:00<00:02, 13233.92it/s]
 17%|█▋        | 5813/33536 [00:00<00:02, 13646.03it/s]
 22%|██▏       | 7427/33536 [00:00<00:01, 14508.33it/s]
 27%|██▋       | 9086/33536 [00:00<00:01, 15195.83it/s]
 32%|███▏      | 10615/33536 [00:00<00:01, 14946.49it/s]
 36%|███▌      | 12120/33536 [00:00<00:01, 14976.94it/s]
 41%|████      | 13623/33536 [00:00<00:01, 14941.75it/s]
 46%|████▌     | 15486/33536 [00:01<00:01, 16062.54it/s]
 51%|█████     | 17122/33536 [00:01<00:01, 16151.91it/s]
 56%|█████▌    | 18794/33536 [00:01<00:00, 16320.87it/s]
 61%|██████    | 20429/33536 [00:01<00:00, 16069.79it/s]
 66%|██████▌   | 22039/33536 [00:01<00:00, 15552.92it/s]
 70%|███████   | 23599/33536 [00:01<00:00, 15051.32it/s]
 75%|███████▌  | 25260/33536 [00:01<00:00, 15496.44it/s]
 80%|████████  | 26968/33536 [00:01<00:00, 15956.21it/s]
 85%|████████▌ | 28570/33536 [00:01<00:00, 15483.00it/s]
 90%|████████▉ | 30125/33536 [00:01<00:00, 15345.42it/s]
 94%|█████████▍| 31664/33536 [00:02<00:00, 14956.67it/s]
 99%|█████████▉| 33231/33536 [00:02<00:00, 15159.95it/s]
100%|██████████| 33536/33536 [00:02<00:00, 15248.38it/s]

  0%|          | 0/1056 [00:00<?, ?it/s]
100%|██████████| 1056/1056 [00:00<00:00, 17920.68it/s]

  0%|          | 0/2112 [00:00<?, ?it/s]
 76%|███████▌  | 1610/2112 [00:00<00:00, 16086.82it/s]
100%|██████████| 2112/2112 [00:00<00:00, 15269.73it/s]

  0%|          | 0/4224 [00:00<?, ?it/s]
 39%|███▉      | 1651/4224 [00:00<00:00, 16498.37it/s]
 78%|███████▊  | 3301/4224 [00:00<00:00, 15821.46it/s]
100%|██████████| 4224/4224 [00:00<00:00, 14952.20it/s]

  0%|          | 0/8448 [00:00<?, ?it/s]
 20%|█▉        | 1663/8448 [00:00<00:00, 16619.32it/s]
 39%|███▉      | 3325/8448 [00:00<00:00, 14104.59it/s]
 56%|█████▋    | 4760/8448 [00:00<00:00, 13952.11it/s]
 76%|███████▌  | 6415/8448 [00:00<00:00, 14909.16it/s]
 94%|█████████▍| 7932/8448 [00:00<00:00, 14997.65it/s]
100%|██████████| 8448/8448 [00:00<00:00, 14703.41it/s]

  0%|          | 0/8448 [00:00<?, ?it/s]
 13%|█▎        | 1131/8448 [00:00<00:00, 11308.31it/s]
 37%|███▋      | 3117/8448 [00:00<00:00, 16333.70it/s]
 56%|█████▌    | 4751/8448 [00:00<00:00, 14690.40it/s]
 74%|███████▍  | 6238/8448 [00:00<00:00, 14303.37it/s]
 96%|█████████▌| 8094/8448 [00:00<00:00, 15743.90it/s]
100%|██████████| 8448/8448 [00:00<00:00, 15087.10it/s]

  0%|          | 0/33792 [00:00<?, ?it/s]
  5%|▍         | 1594/33792 [00:00<00:02, 15935.84it/s]
  9%|▉         | 3188/33792 [00:00<00:01, 15383.87it/s]
 14%|█▍        | 4728/33792 [00:00<00:01, 14906.87it/s]
 19%|█▉        | 6385/33792 [00:00<00:01, 15540.12it/s]
 24%|██▎       | 7954/33792 [00:00<00:01, 15588.53it/s]
 28%|██▊       | 9515/33792 [00:00<00:01, 14711.06it/s]
 33%|███▎      | 11026/33792 [00:00<00:01, 14834.96it/s]
 37%|███▋      | 12517/33792 [00:00<00:01, 14439.29it/s]
 42%|████▏     | 14160/33792 [00:00<00:01, 15034.04it/s]
 46%|████▋     | 15670/33792 [00:01<00:01, 14962.60it/s]
 51%|█████     | 17171/33792 [00:01<00:01, 14593.47it/s]
 55%|█████▌    | 18661/33792 [00:01<00:01, 14682.09it/s]
 60%|█████▉    | 20133/33792 [00:01<00:01, 13534.85it/s]
 65%|██████▍   | 21958/33792 [00:01<00:00, 14854.21it/s]
 70%|███████   | 23744/33792 [00:01<00:00, 15710.93it/s]
 76%|███████▌  | 25526/33792 [00:01<00:00, 16321.67it/s]
 80%|████████  | 27176/33792 [00:01<00:00, 14405.29it/s]
 86%|████████▌ | 28955/33792 [00:01<00:00, 15315.46it/s]
 91%|█████████ | 30627/33792 [00:02<00:00, 15704.41it/s]
 95%|█████████▌| 32233/33792 [00:02<00:00, 14966.45it/s]
100%|██████████| 33792/33792 [00:02<00:00, 15117.22it/s]

  0%|          | 0/1064 [00:00<?, ?it/s]
100%|██████████| 1064/1064 [00:00<00:00, 16508.85it/s]

  0%|          | 0/2128 [00:00<?, ?it/s]
 88%|████████▊ | 1879/2128 [00:00<00:00, 18786.48it/s]
100%|██████████| 2128/2128 [00:00<00:00, 18809.17it/s]

  0%|          | 0/8512 [00:00<?, ?it/s]
 19%|█▊        | 1594/8512 [00:00<00:00, 15930.86it/s]
 41%|████      | 3500/8512 [00:00<00:00, 17761.64it/s]
 62%|██████▏   | 5303/8512 [00:00<00:00, 17880.83it/s]
 86%|████████▌ | 7303/8512 [00:00<00:00, 18715.54it/s]
100%|██████████| 8512/8512 [00:00<00:00, 18473.90it/s]

  0%|          | 0/8512 [00:00<?, ?it/s]
 23%|██▎       | 1964/8512 [00:00<00:00, 19636.23it/s]
 46%|████▌     | 3928/8512 [00:00<00:00, 19430.23it/s]
 69%|██████▉   | 5899/8512 [00:00<00:00, 19545.71it/s]
 92%|█████████▏| 7854/8512 [00:00<00:00, 17565.64it/s]
100%|██████████| 8512/8512 [00:00<00:00, 17788.02it/s]

  0%|          | 0/34048 [00:00<?, ?it/s]
  5%|▌         | 1724/34048 [00:00<00:01, 17237.92it/s]
 11%|█         | 3597/34048 [00:00<00:01, 18114.16it/s]
 16%|█▌        | 5409/34048 [00:00<00:01, 17931.43it/s]
 22%|██▏       | 7334/34048 [00:00<00:01, 18445.58it/s]
 27%|██▋       | 9180/34048 [00:00<00:01, 18429.35it/s]
 33%|███▎      | 11083/34048 [00:00<00:01, 18631.53it/s]
 38%|███▊      | 12947/34048 [00:00<00:01, 17565.00it/s]
 43%|████▎     | 14715/34048 [00:00<00:01, 17094.27it/s]
 48%|████▊     | 16482/34048 [00:00<00:01, 17260.83it/s]
 53%|█████▎    | 18215/34048 [00:01<00:00, 16628.62it/s]
 58%|█████▊    | 19886/34048 [00:01<00:00, 16595.64it/s]
 64%|██████▍   | 21760/34048 [00:01<00:00, 17220.85it/s]
 69%|██████▉   | 23582/34048 [00:01<00:00, 17500.17it/s]
 74%|███████▍  | 25337/34048 [00:01<00:00, 17417.36it/s]
 80%|███████▉  | 27083/34048 [00:01<00:00, 16465.76it/s]
 85%|████████▍ | 28889/34048 [00:01<00:00, 16906.61it/s]
 90%|████████▉ | 30594/34048 [00:01<00:00, 16947.79it/s]
 95%|█████████▌| 32466/34048 [00:01<00:00, 17466.08it/s]
100%|██████████| 34048/34048 [00:01<00:00, 17412.95it/s]

  0%|          | 0/1072 [00:00<?, ?it/s]
100%|██████████| 1072/1072 [00:00<00:00, 19607.59it/s]

  0%|          | 0/2144 [00:00<?, ?it/s]
 86%|████████▌ | 1844/2144 [00:00<00:00, 18429.78it/s]
100%|██████████| 2144/2144 [00:00<00:00, 18246.06it/s]

  0%|          | 0/4288 [00:00<?, ?it/s]
 35%|███▍      | 1494/4288 [00:00<00:00, 14932.64it/s]
 77%|███████▋  | 3296/4288 [00:00<00:00, 16735.56it/s]
100%|██████████| 4288/4288 [00:00<00:00, 17038.69it/s]

  0%|          | 0/8576 [00:00<?, ?it/s]
 19%|█▉        | 1655/8576 [00:00<00:00, 16493.59it/s]
 39%|███▉      | 3330/8576 [00:00<00:00, 16643.47it/s]
 59%|█████▉    | 5041/8576 [00:00<00:00, 16842.49it/s]
 80%|████████  | 6876/8576 [00:00<00:00, 17436.19it/s]
100%|██████████| 8576/8576 [00:00<00:00, 17337.64it/s]

  0%|          | 0/8576 [00:00<?, ?it/s]
 20%|██        | 1718/8576 [00:00<00:00, 17176.54it/s]
 40%|████      | 3436/8576 [00:00<00:00, 16905.66it/s]
 60%|██████    | 5170/8576 [00:00<00:00, 17098.94it/s]
 80%|████████  | 6881/8576 [00:00<00:00, 16414.83it/s]
100%|██████████| 8576/8576 [00:00<00:00, 16784.10it/s]

  0%|          | 0/34304 [00:00<?, ?it/s]
  4%|▍         | 1401/34304 [00:00<00:02, 14005.37it/s]
  8%|▊         | 2842/34304 [00:00<00:02, 14242.67it/s]
 13%|█▎        | 4509/34304 [00:00<00:01, 15349.53it/s]
 18%|█▊        | 6341/34304 [00:00<00:01, 16519.50it/s]
 23%|██▎       | 7993/34304 [00:00<00:01, 16191.37it/s]
 28%|██▊       | 9614/34304 [00:00<00:01, 15694.81it/s]
 33%|███▎      | 11187/34304 [00:00<00:01, 14279.51it/s]
 38%|███▊      | 12892/34304 [00:00<00:01, 15086.98it/s]
 42%|████▏     | 14523/34304 [00:00<00:01, 15445.57it/s]
 47%|████▋     | 16140/34304 [00:01<00:01, 15658.95it/s]
 52%|█████▏    | 17719/34304 [00:01<00:01, 15444.14it/s]
 56%|█████▌    | 19273/34304 [00:01<00:00, 15166.86it/s]
 61%|██████    | 20797/34304 [00:01<00:00, 15088.66it/s]
 65%|██████▌   | 22311/34304 [00:01<00:00, 14681.41it/s]
 69%|██████▉   | 23784/34304 [00:01<00:00, 12734.83it/s]
 75%|███████▍  | 25622/34304 [00:01<00:00, 14222.33it/s]
 79%|███████▉  | 27097/34304 [00:01<00:00, 13992.27it/s]
 83%|████████▎ | 28533/34304 [00:01<00:00, 14020.68it/s]
 88%|████████▊ | 30117/34304 [00:02<00:00, 14530.12it/s]
 92%|█████████▏| 31592/34304 [00:02<00:00, 14450.65it/s]
 96%|█████████▋| 33052/34304 [00:02<00:00, 14322.88it/s]
100%|██████████| 34304/34304 [00:02<00:00, 14654.39it/s]

  0%|          | 0/2160 [00:00<?, ?it/s]
 68%|██████▊   | 1465/2160 [00:00<00:00, 14633.58it/s]
100%|██████████| 2160/2160 [00:00<00:00, 14586.53it/s]

  0%|          | 0/4320 [00:00<?, ?it/s]
 32%|███▏      | 1384/4320 [00:00<00:00, 13837.97it/s]
 71%|███████   | 3052/4320 [00:00<00:00, 15508.62it/s]
100%|██████████| 4320/4320 [00:00<00:00, 16343.92it/s]

  0%|          | 0/4320 [00:00<?, ?it/s]
 38%|███▊      | 1652/4320 [00:00<00:00, 16506.64it/s]
 76%|███████▋  | 3304/4320 [00:00<00:00, 16513.86it/s]
100%|██████████| 4320/4320 [00:00<00:00, 16354.26it/s]

  0%|          | 0/8640 [00:00<?, ?it/s]
 22%|██▏       | 1869/8640 [00:00<00:00, 18688.59it/s]
 43%|████▎     | 3738/8640 [00:03<00:04, 1026.49it/s] 
 62%|██████▏   | 5343/8640 [00:03<00:01, 1689.24it/s]
 83%|████████▎ | 7173/8640 [00:03<00:00, 2673.96it/s]
100%|██████████| 8640/8640 [00:03<00:00, 2530.20it/s]

  0%|          | 0/8640 [00:00<?, ?it/s]
 20%|██        | 1736/8640 [00:00<00:00, 17351.21it/s]
 40%|████      | 3472/8640 [00:00<00:00, 16504.79it/s]
 59%|█████▉    | 5126/8640 [00:00<00:00, 16211.07it/s]
 78%|███████▊  | 6749/8640 [00:00<00:00, 16198.54it/s]
 97%|█████████▋| 8370/8640 [00:00<00:00, 16090.62it/s]
100%|██████████| 8640/8640 [00:00<00:00, 16068.75it/s]

  0%|          | 0/34560 [00:00<?, ?it/s]
  5%|▍         | 1708/34560 [00:00<00:01, 17073.34it/s]
 10%|▉         | 3416/34560 [00:00<00:01, 16018.87it/s]
 15%|█▍        | 5089/34560 [00:00<00:01, 16331.45it/s]
 19%|█▉        | 6726/34560 [00:00<00:01, 16068.21it/s]
 24%|██▍       | 8336/34560 [00:00<00:01, 15938.68it/s]
 29%|██▉       | 10055/34560 [00:00<00:01, 16350.57it/s]
 34%|███▍      | 11692/34560 [00:00<00:01, 16077.81it/s]
 39%|███▉      | 13412/34560 [00:00<00:01, 16425.15it/s]
 44%|████▍     | 15366/34560 [00:00<00:01, 17381.98it/s]
 50%|████▉     | 17263/34560 [00:01<00:00, 17866.56it/s]
 55%|█████▌    | 19053/34560 [00:01<00:00, 17556.96it/s]
 60%|██████    | 20812/34560 [00:01<00:00, 17138.79it/s]
 66%|██████▌   | 22661/34560 [00:01<00:00, 17533.38it/s]
 71%|███████   | 24418/34560 [00:01<00:00, 17091.64it/s]
 76%|███████▋  | 26372/34560 [00:01<00:00, 17804.27it/s]
 81%|████████▏ | 28158/34560 [00:01<00:00, 17742.69it/s]
 87%|████████▋ | 30032/34560 [00:01<00:00, 18036.07it/s]
 92%|█████████▏| 31958/34560 [00:01<00:00, 18397.20it/s]
 98%|█████████▊| 33801/34560 [00:01<00:00, 17938.97it/s]
100%|██████████| 34560/34560 [00:02<00:00, 17245.23it/s]

  0%|          | 0/1088 [00:00<?, ?it/s]
100%|██████████| 1088/1088 [00:00<00:00, 19397.60it/s]

  0%|          | 0/2176 [00:00<?, ?it/s]
 86%|████████▋ | 1878/2176 [00:00<00:00, 18774.06it/s]
100%|██████████| 2176/2176 [00:00<00:00, 18865.22it/s]

  0%|          | 0/4352 [00:00<?, ?it/s]
 42%|████▏     | 1833/4352 [00:00<00:00, 18329.62it/s]
 85%|████████▌ | 3717/4352 [00:00<00:00, 18626.51it/s]
100%|██████████| 4352/4352 [00:00<00:00, 18993.27it/s]

  0%|          | 0/4352 [00:00<?, ?it/s]
 37%|███▋      | 1592/4352 [00:00<00:00, 15915.92it/s]
 73%|███████▎  | 3193/4352 [00:00<00:00, 15966.61it/s]
100%|██████████| 4352/4352 [00:00<00:00, 16297.69it/s]

  0%|          | 0/8704 [00:00<?, ?it/s]
 18%|█▊        | 1572/8704 [00:00<00:00, 15705.37it/s]
 38%|███▊      | 3306/8704 [00:00<00:00, 16661.89it/s]
 57%|█████▋    | 4973/8704 [00:00<00:00, 16256.45it/s]
 78%|███████▊  | 6783/8704 [00:00<00:00, 16969.27it/s]
100%|█████████▉| 8693/8704 [00:00<00:00, 17716.61it/s]
100%|██████████| 8704/8704 [00:00<00:00, 17157.62it/s]

  0%|          | 0/8704 [00:00<?, ?it/s]
 18%|█▊        | 1578/8704 [00:00<00:00, 15770.43it/s]
 36%|███▋      | 3156/8704 [00:00<00:00, 15643.39it/s]
 56%|█████▌    | 4848/8704 [00:00<00:00, 16220.20it/s]
 74%|███████▍  | 6471/8704 [00:00<00:00, 15218.64it/s]
 95%|█████████▍| 8235/8704 [00:00<00:00, 16051.86it/s]
100%|██████████| 8704/8704 [00:00<00:00, 15920.69it/s]

  0%|          | 0/34816 [00:00<?, ?it/s]
  5%|▍         | 1605/34816 [00:00<00:02, 16040.11it/s]
 10%|▉         | 3441/34816 [00:00<00:01, 17400.39it/s]
 15%|█▍        | 5192/34816 [00:00<00:01, 17446.09it/s]
 20%|█▉        | 6937/34816 [00:00<00:01, 16789.12it/s]
 25%|██▍       | 8642/34816 [00:00<00:01, 16879.10it/s]
 30%|██▉       | 10333/34816 [00:00<00:01, 16538.33it/s]
 34%|███▍      | 11990/34816 [00:00<00:01, 16335.66it/s]
 39%|███▉      | 13638/34816 [00:00<00:01, 16380.26it/s]
 44%|████▍     | 15492/34816 [00:00<00:01, 17040.36it/s]
 50%|████▉     | 17386/34816 [00:01<00:00, 17618.52it/s]
 55%|█████▌    | 19151/34816 [00:01<00:00, 16882.78it/s]
 60%|█████▉    | 20847/34816 [00:01<00:00, 16683.66it/s]
 65%|██████▍   | 22521/34816 [00:01<00:00, 16414.53it/s]
 69%|██████▉   | 24167/34816 [00:01<00:00, 16374.56it/s]
 75%|███████▌  | 26222/34816 [00:01<00:00, 17597.41it/s]
 80%|████████  | 27987/34816 [00:01<00:00, 17500.78it/s]
 86%|████████▌ | 29780/34816 [00:01<00:00, 17625.65it/s]
 92%|█████████▏| 31857/34816 [00:01<00:00, 18557.89it/s]
 97%|█████████▋| 33716/34816 [00:01<00:00, 18307.17it/s]
100%|██████████| 34816/34816 [00:02<00:00, 17262.77it/s]

  0%|          | 0/1096 [00:00<?, ?it/s]
100%|██████████| 1096/1096 [00:00<00:00, 16718.58it/s]

  0%|          | 0/2192 [00:00<?, ?it/s]
 86%|████████▌ | 1883/2192 [00:00<00:00, 18824.32it/s]
100%|██████████| 2192/2192 [00:00<00:00, 19105.59it/s]

  0%|          | 0/4384 [00:00<?, ?it/s]
 28%|██▊       | 1208/4384 [00:00<00:00, 11601.44it/s]
 62%|██████▏   | 2705/4384 [00:00<00:00, 13546.96it/s]
100%|██████████| 4384/4384 [00:00<00:00, 14905.27it/s]

  0%|          | 0/8768 [00:00<?, ?it/s]
 21%|██        | 1829/8768 [00:00<00:00, 18260.54it/s]
 42%|████▏     | 3656/8768 [00:00<00:00, 17995.02it/s]
 62%|██████▏   | 5456/8768 [00:00<00:00, 17788.43it/s]
 84%|████████▍ | 7356/8768 [00:00<00:00, 18254.93it/s]
100%|██████████| 8768/8768 [00:00<00:00, 18306.80it/s]

  0%|          | 0/8768 [00:00<?, ?it/s]
 21%|██        | 1858/8768 [00:00<00:00, 18574.39it/s]
 42%|████▏     | 3716/8768 [00:00<00:00, 18060.94it/s]
 63%|██████▎   | 5524/8768 [00:00<00:00, 17969.41it/s]
 84%|████████▎ | 7336/8768 [00:00<00:00, 18024.43it/s]
100%|██████████| 8768/8768 [00:00<00:00, 17774.15it/s]

  0%|          | 0/35072 [00:00<?, ?it/s]
  5%|▍         | 1593/35072 [00:00<00:02, 15920.53it/s]
  9%|▉         | 3228/35072 [00:00<00:01, 16172.83it/s]
 14%|█▍        | 4869/35072 [00:00<00:01, 16277.97it/s]
 19%|█▉        | 6665/35072 [00:00<00:01, 16939.88it/s]
 24%|██▍       | 8359/35072 [00:00<00:01, 16513.74it/s]
 29%|██▊       | 10013/35072 [00:00<00:01, 16137.28it/s]
 33%|███▎      | 11632/35072 [00:00<00:01, 16149.70it/s]
 38%|███▊      | 13356/35072 [00:00<00:01, 16489.68it/s]
 43%|████▎     | 15007/35072 [00:00<00:01, 15367.18it/s]
 48%|████▊     | 16806/35072 [00:01<00:01, 16129.78it/s]
 53%|█████▎    | 18714/35072 [00:01<00:00, 16992.61it/s]
 58%|█████▊    | 20453/35072 [00:01<00:00, 17108.21it/s]
 64%|██████▎   | 22278/35072 [00:01<00:00, 17444.51it/s]
 69%|██████▊   | 24055/35072 [00:01<00:00, 17538.91it/s]
 74%|███████▎  | 25815/35072 [00:01<00:00, 17452.36it/s]
 79%|███████▊  | 27565/35072 [00:01<00:00, 17269.46it/s]
 84%|████████▎ | 29295/35072 [00:01<00:00, 17135.16it/s]
 88%|████████▊ | 31011/35072 [00:01<00:00, 16600.23it/s]
 93%|█████████▎| 32726/35072 [00:01<00:00, 16759.46it/s]
 98%|█████████▊| 34406/35072 [00:02<00:00, 16650.62it/s]
100%|██████████| 35072/35072 [00:02<00:00, 16695.70it/s]

  0%|          | 0/1104 [00:00<?, ?it/s]
100%|██████████| 1104/1104 [00:00<00:00, 17685.79it/s]

  0%|          | 0/2208 [00:00<?, ?it/s]
 70%|██████▉   | 1537/2208 [00:00<00:00, 15365.40it/s]
100%|██████████| 2208/2208 [00:00<00:00, 14109.58it/s]

  0%|          | 0/4416 [00:00<?, ?it/s]
 41%|████      | 1819/4416 [00:00<00:00, 18185.38it/s]
 82%|████████▏ | 3638/4416 [00:00<00:00, 17100.86it/s]
100%|██████████| 4416/4416 [00:00<00:00, 17470.20it/s]

  0%|          | 0/4416 [00:00<?, ?it/s]
 38%|███▊      | 1670/4416 [00:00<00:00, 16672.11it/s]
 76%|███████▌  | 3338/4416 [00:00<00:00, 16374.81it/s]
100%|██████████| 4416/4416 [00:00<00:00, 16646.91it/s]

  0%|          | 0/8832 [00:00<?, ?it/s]
 20%|█▉        | 1749/8832 [00:00<00:00, 17481.18it/s]
 40%|███▉      | 3498/8832 [00:00<00:00, 17284.61it/s]
 59%|█████▉    | 5227/8832 [00:00<00:00, 15886.52it/s]
 80%|███████▉  | 7032/8832 [00:00<00:00, 16690.18it/s]
 99%|█████████▊| 8721/8832 [00:00<00:00, 16752.58it/s]
100%|██████████| 8832/8832 [00:00<00:00, 16672.22it/s]

  0%|          | 0/8832 [00:00<?, ?it/s]
 20%|█▉        | 1752/8832 [00:00<00:00, 17513.34it/s]
 40%|███▉      | 3504/8832 [00:00<00:00, 17313.29it/s]
 60%|██████    | 5325/8832 [00:00<00:00, 17718.64it/s]
 80%|████████  | 7098/8832 [00:00<00:00, 17699.15it/s]
100%|██████████| 8832/8832 [00:00<00:00, 17759.59it/s]

  0%|          | 0/35328 [00:00<?, ?it/s]
  5%|▍         | 1692/35328 [00:00<00:01, 16909.33it/s]
 10%|▉         | 3383/35328 [00:00<00:01, 16140.41it/s]
 14%|█▍        | 5000/35328 [00:00<00:01, 15666.14it/s]
 19%|█▊        | 6569/35328 [00:00<00:01, 14841.68it/s]
 23%|██▎       | 8059/35328 [00:00<00:01, 14339.35it/s]
 27%|██▋       | 9582/35328 [00:00<00:01, 14607.15it/s]
 32%|███▏      | 11296/35328 [00:00<00:01, 15395.18it/s]
 37%|███▋      | 13011/35328 [00:00<00:01, 15931.25it/s]
 41%|████▏     | 14610/35328 [00:00<00:01, 15667.49it/s]
 46%|████▌     | 16273/35328 [00:01<00:01, 15954.99it/s]
 51%|█████     | 17943/35328 [00:01<00:01, 16177.61it/s]
 55%|█████▌    | 19564/35328 [00:01<00:00, 16169.15it/s]
 61%|██████    | 21378/35328 [00:01<00:00, 16758.32it/s]
 65%|██████▌   | 23056/35328 [00:01<00:00, 16164.79it/s]
 70%|███████   | 24755/35328 [00:01<00:00, 16404.08it/s]
 75%|███████▍  | 26401/35328 [00:01<00:00, 16084.13it/s]
 80%|███████▉  | 28160/35328 [00:01<00:00, 16523.08it/s]
 84%|████████▍ | 29817/35328 [00:01<00:00, 16153.23it/s]
 89%|████████▉ | 31531/35328 [00:01<00:00, 16439.50it/s]
 94%|█████████▍| 33179/35328 [00:02<00:00, 15978.74it/s]
 98%|█████████▊| 34782/35328 [00:02<00:00, 15810.14it/s]
100%|██████████| 35328/35328 [00:02<00:00, 15897.51it/s]

  0%|          | 0/1112 [00:00<?, ?it/s]
100%|██████████| 1112/1112 [00:00<00:00, 16466.89it/s]

  0%|          | 0/2224 [00:00<?, ?it/s]
 81%|████████▏ | 1812/2224 [00:00<00:00, 18116.39it/s]
100%|██████████| 2224/2224 [00:00<00:00, 17276.43it/s]

  0%|          | 0/4448 [00:00<?, ?it/s]
 38%|███▊      | 1693/4448 [00:00<00:00, 16925.98it/s]
 82%|████████▏ | 3640/4448 [00:00<00:00, 18419.23it/s]
100%|██████████| 4448/4448 [00:00<00:00, 18371.00it/s]

  0%|          | 0/4448 [00:00<?, ?it/s]
 35%|███▍      | 1551/4448 [00:00<00:00, 15501.51it/s]
 70%|██████▉   | 3102/4448 [00:00<00:00, 15294.06it/s]
100%|██████████| 4448/4448 [00:00<00:00, 16426.24it/s]

  0%|          | 0/8896 [00:00<?, ?it/s]
 18%|█▊        | 1642/8896 [00:00<00:00, 16415.75it/s]
 37%|███▋      | 3284/8896 [00:00<00:00, 15980.40it/s]
 55%|█████▍    | 4883/8896 [00:00<00:00, 15970.28it/s]
 74%|███████▍  | 6563/8896 [00:00<00:00, 16293.46it/s]
 93%|█████████▎| 8279/8896 [00:00<00:00, 16601.61it/s]
100%|██████████| 8896/8896 [00:00<00:00, 16293.28it/s]

  0%|          | 0/8896 [00:00<?, ?it/s]
 16%|█▌        | 1381/8896 [00:00<00:00, 13805.08it/s]
 33%|███▎      | 2958/8896 [00:00<00:00, 14956.89it/s]
 50%|█████     | 4454/8896 [00:00<00:00, 11955.05it/s]
 65%|██████▍   | 5772/8896 [00:00<00:00, 12374.00it/s]
 81%|████████▏ | 7235/8896 [00:00<00:00, 13113.93it/s]
 96%|█████████▋| 8581/8896 [00:00<00:00, 12846.39it/s]
100%|██████████| 8896/8896 [00:00<00:00, 12837.61it/s]

  0%|          | 0/35584 [00:00<?, ?it/s]
  4%|▍         | 1514/35584 [00:00<00:02, 15138.21it/s]
  9%|▊         | 3028/35584 [00:00<00:02, 12408.22it/s]
 12%|█▏        | 4300/35584 [00:00<00:02, 12347.13it/s]
 16%|█▋        | 5833/35584 [00:00<00:02, 13433.19it/s]
 20%|██        | 7214/35584 [00:00<00:02, 13555.97it/s]
 25%|██▍       | 8832/35584 [00:00<00:01, 14416.77it/s]
 29%|██▉       | 10386/35584 [00:00<00:01, 14771.41it/s]
 33%|███▎      | 11872/35584 [00:00<00:01, 14015.21it/s]
 38%|███▊      | 13416/35584 [00:00<00:01, 14437.95it/s]
 42%|████▏     | 14871/35584 [00:01<00:01, 13874.21it/s]
 46%|████▌     | 16270/35584 [00:01<00:01, 13879.22it/s]
 50%|█████     | 17896/35584 [00:01<00:01, 14573.18it/s]
 54%|█████▍    | 19362/35584 [00:01<00:01, 14444.31it/s]
 58%|█████▊    | 20812/35584 [00:01<00:01, 14118.90it/s]
 63%|██████▎   | 22406/35584 [00:01<00:00, 14644.90it/s]
 67%|██████▋   | 23876/35584 [00:01<00:00, 13977.65it/s]
 72%|███████▏  | 25546/35584 [00:01<00:00, 14754.76it/s]
 77%|███████▋  | 27468/35584 [00:01<00:00, 16047.89it/s]
 82%|████████▏ | 29085/35584 [00:02<00:00, 15010.38it/s]
 86%|████████▌ | 30607/35584 [00:02<00:00, 14337.96it/s]
 91%|█████████ | 32454/35584 [00:02<00:00, 15474.29it/s]
 96%|█████████▌| 34024/35584 [00:02<00:00, 14639.18it/s]
100%|██████████| 35584/35584 [00:02<00:00, 14452.09it/s]

  0%|          | 0/1120 [00:00<?, ?it/s]
100%|██████████| 1120/1120 [00:00<00:00, 17833.40it/s]

  0%|          | 0/2240 [00:00<?, ?it/s]
 70%|███████   | 1576/2240 [00:00<00:00, 15754.57it/s]
100%|██████████| 2240/2240 [00:00<00:00, 15540.60it/s]

  0%|          | 0/4480 [00:00<?, ?it/s]
 41%|████▏     | 1857/4480 [00:00<00:00, 18552.10it/s]
 83%|████████▎ | 3713/4480 [00:00<00:00, 15598.58it/s]
100%|██████████| 4480/4480 [00:00<00:00, 15569.62it/s]

  0%|          | 0/4480 [00:00<?, ?it/s]
 32%|███▏      | 1454/4480 [00:00<00:00, 14534.33it/s]
 75%|███████▌  | 3360/4480 [00:00<00:00, 17194.29it/s]
100%|██████████| 4480/4480 [00:00<00:00, 16085.99it/s]

  0%|          | 0/8960 [00:00<?, ?it/s]
 19%|█▉        | 1706/8960 [00:00<00:00, 17055.71it/s]
 38%|███▊      | 3412/8960 [00:00<00:00, 15381.88it/s]
 55%|█████▌    | 4961/8960 [00:00<00:00, 14535.35it/s]
 75%|███████▍  | 6714/8960 [00:00<00:00, 15634.45it/s]
 94%|█████████▍| 8419/8960 [00:00<00:00, 16105.20it/s]
100%|██████████| 8960/8960 [00:00<00:00, 15656.87it/s]

  0%|          | 0/8960 [00:00<?, ?it/s]
 18%|█▊        | 1575/8960 [00:00<00:00, 15743.75it/s]
 36%|███▋      | 3250/8960 [00:00<00:00, 16334.34it/s]
 55%|█████▍    | 4884/8960 [00:00<00:00, 15467.40it/s]
 72%|███████▏  | 6436/8960 [00:00<00:00, 15421.08it/s]
 90%|████████▉ | 8053/8960 [00:00<00:00, 15682.21it/s]
100%|██████████| 8960/8960 [00:00<00:00, 15898.77it/s]

  0%|          | 0/35840 [00:00<?, ?it/s]
  5%|▍         | 1668/35840 [00:00<00:02, 16671.71it/s]
  9%|▉         | 3336/35840 [00:00<00:02, 15583.75it/s]
 14%|█▎        | 4900/35840 [00:00<00:02, 14457.58it/s]
 18%|█▊        | 6355/35840 [00:00<00:02, 13856.18it/s]
 22%|██▏       | 7956/35840 [00:00<00:01, 14574.50it/s]
 27%|██▋       | 9563/35840 [00:00<00:01, 15056.25it/s]
 32%|███▏      | 11424/35840 [00:00<00:01, 16177.94it/s]
 36%|███▋      | 13052/35840 [00:00<00:01, 14783.09it/s]
 41%|████      | 14557/35840 [00:00<00:01, 14254.89it/s]
 45%|████▌     | 16133/35840 [00:01<00:01, 14680.90it/s]
 50%|████▉     | 17889/35840 [00:01<00:01, 15508.31it/s]
 54%|█████▍    | 19457/35840 [00:01<00:01, 15296.50it/s]
 59%|█████▉    | 21082/35840 [00:01<00:00, 15571.25it/s]
 64%|██████▎   | 22796/35840 [00:01<00:00, 16029.60it/s]
 68%|██████▊   | 24424/35840 [00:01<00:00, 16101.41it/s]
 73%|███████▎  | 26086/35840 [00:01<00:00, 16254.70it/s]
 77%|███████▋  | 27770/35840 [00:01<00:00, 16426.77it/s]
 82%|████████▏ | 29416/35840 [00:01<00:00, 16049.98it/s]
 87%|████████▋ | 31025/35840 [00:02<00:00, 15811.29it/s]
 91%|█████████ | 32610/35840 [00:02<00:00, 15129.65it/s]
 95%|█████████▌| 34151/35840 [00:02<00:00, 15207.72it/s]
100%|█████████▉| 35732/35840 [00:02<00:00, 15380.62it/s]
100%|██████████| 35840/35840 [00:02<00:00, 15381.05it/s]

  0%|          | 0/1128 [00:00<?, ?it/s]
100%|██████████| 1128/1128 [00:00<00:00, 16933.82it/s]

  0%|          | 0/2256 [00:00<?, ?it/s]
 55%|█████▍    | 1237/2256 [00:00<00:00, 12367.03it/s]
100%|██████████| 2256/2256 [00:00<00:00, 14710.02it/s]

  0%|          | 0/4512 [00:00<?, ?it/s]
 35%|███▍      | 1557/4512 [00:00<00:00, 15564.75it/s]
 73%|███████▎  | 3276/4512 [00:00<00:00, 16519.73it/s]
100%|██████████| 4512/4512 [00:00<00:00, 15896.10it/s]

  0%|          | 0/9024 [00:00<?, ?it/s]
 19%|█▊        | 1679/9024 [00:00<00:00, 16784.49it/s]
 37%|███▋      | 3358/9024 [00:00<00:00, 15340.09it/s]
 54%|█████▍    | 4901/9024 [00:00<00:00, 14867.48it/s]
 71%|███████▏  | 6451/9024 [00:00<00:00, 15103.52it/s]
 88%|████████▊ | 7966/9024 [00:00<00:00, 15070.96it/s]
100%|██████████| 9024/9024 [00:00<00:00, 14945.00it/s]

  0%|          | 0/9024 [00:00<?, ?it/s]
 16%|█▌        | 1434/9024 [00:00<00:00, 14326.04it/s]
 32%|███▏      | 2867/9024 [00:00<00:00, 12489.07it/s]
 46%|████▌     | 4134/9024 [00:00<00:00, 12562.23it/s]
 65%|██████▍   | 5859/9024 [00:00<00:00, 14325.85it/s]
 84%|████████▍ | 7576/9024 [00:00<00:00, 15317.19it/s]
100%|██████████| 9024/9024 [00:00<00:00, 14501.68it/s]

  0%|          | 0/36096 [00:00<?, ?it/s]
  4%|▍         | 1470/36096 [00:00<00:02, 14685.52it/s]
  8%|▊         | 3059/36096 [00:00<00:02, 15388.86it/s]
 13%|█▎        | 4712/36096 [00:00<00:01, 15908.14it/s]
 17%|█▋        | 6303/36096 [00:00<00:01, 15470.93it/s]
 22%|██▏       | 7852/36096 [00:00<00:01, 14667.45it/s]
 26%|██▌       | 9326/36096 [00:00<00:01, 14535.39it/s]
 30%|██▉       | 10784/36096 [00:00<00:01, 14225.52it/s]
 34%|███▍      | 12210/36096 [00:00<00:01, 13599.11it/s]
 38%|███▊      | 13857/36096 [00:00<00:01, 14438.81it/s]
 42%|████▏     | 15310/36096 [00:01<00:01, 14129.83it/s]
 46%|████▋     | 16730/36096 [00:01<00:01, 13871.25it/s]
 51%|█████     | 18410/36096 [00:01<00:01, 14720.27it/s]
 55%|█████▌    | 19890/36096 [00:01<00:01, 14256.12it/s]
 60%|█████▉    | 21651/36096 [00:01<00:00, 15222.39it/s]
 65%|██████▍   | 23296/36096 [00:01<00:00, 15575.41it/s]
 69%|██████▉   | 25028/36096 [00:01<00:00, 16086.42it/s]
 74%|███████▍  | 26644/36096 [00:01<00:00, 14919.74it/s]
 78%|███████▊  | 28318/36096 [00:01<00:00, 15427.42it/s]
 83%|████████▎ | 29879/36096 [00:02<00:00, 15215.92it/s]
 87%|████████▋ | 31413/36096 [00:02<00:00, 13759.33it/s]
 91%|█████████ | 32821/36096 [00:02<00:00, 13730.52it/s]
 96%|█████████▌| 34492/36096 [00:02<00:00, 14553.10it/s]
100%|█████████▉| 36054/36096 [00:02<00:00, 14853.69it/s]
100%|██████████| 36096/36096 [00:02<00:00, 14718.07it/s]

  0%|          | 0/1136 [00:00<?, ?it/s]
100%|██████████| 1136/1136 [00:00<00:00, 14195.57it/s]

  0%|          | 0/2272 [00:00<?, ?it/s]
 75%|███████▌  | 1714/2272 [00:00<00:00, 17134.91it/s]
100%|██████████| 2272/2272 [00:00<00:00, 17746.43it/s]

  0%|          | 0/4544 [00:00<?, ?it/s]
 32%|███▏      | 1448/4544 [00:00<00:00, 14474.08it/s]
 68%|██████▊   | 3079/4544 [00:00<00:00, 15552.11it/s]
100%|██████████| 4544/4544 [00:00<00:00, 16303.12it/s]

  0%|          | 0/4544 [00:00<?, ?it/s]
 35%|███▌      | 1595/4544 [00:00<00:00, 15948.49it/s]
 71%|███████   | 3210/4544 [00:00<00:00, 16066.02it/s]
100%|██████████| 4544/4544 [00:00<00:00, 16191.46it/s]

  0%|          | 0/9088 [00:00<?, ?it/s]
 19%|█▉        | 1741/9088 [00:00<00:00, 17405.91it/s]
 38%|███▊      | 3482/9088 [00:00<00:00, 16407.38it/s]
 56%|█████▋    | 5127/9088 [00:00<00:00, 14773.20it/s]
 77%|███████▋  | 6991/9088 [00:00<00:00, 16172.04it/s]
 95%|█████████▍| 8631/9088 [00:00<00:00, 15886.55it/s]
100%|██████████| 9088/9088 [00:00<00:00, 15832.74it/s]

  0%|          | 0/9088 [00:00<?, ?it/s]
 17%|█▋        | 1527/9088 [00:00<00:00, 15266.12it/s]
 34%|███▎      | 3054/9088 [00:00<00:00, 14087.36it/s]
 52%|█████▏    | 4756/9088 [00:00<00:00, 15364.36it/s]
 69%|██████▉   | 6302/9088 [00:00<00:00, 15210.32it/s]
 86%|████████▌ | 7829/9088 [00:00<00:00, 14866.44it/s]
100%|██████████| 9088/9088 [00:00<00:00, 14421.43it/s]

  0%|          | 0/36352 [00:00<?, ?it/s]
  5%|▍         | 1658/36352 [00:00<00:02, 16575.16it/s]
  9%|▉         | 3316/36352 [00:03<00:36, 906.53it/s]  
 12%|█▏        | 4533/36352 [00:03<00:22, 1401.29it/s]
 17%|█▋        | 6097/36352 [00:03<00:13, 2242.05it/s]
 22%|██▏       | 7871/36352 [00:03<00:08, 3447.60it/s]
 26%|██▌       | 9440/36352 [00:03<00:05, 4671.70it/s]
 30%|██▉       | 10897/36352 [00:03<00:04, 5899.26it/s]
 34%|███▍      | 12540/36352 [00:03<00:03, 7492.29it/s]
 39%|███▊      | 14062/36352 [00:03<00:02, 8865.15it/s]
 43%|████▎     | 15577/36352 [00:03<00:02, 10099.47it/s]
 47%|████▋     | 17201/36352 [00:04<00:01, 11472.93it/s]
 52%|█████▏    | 18782/36352 [00:04<00:01, 12522.67it/s]
 56%|█████▌    | 20362/36352 [00:04<00:01, 13362.41it/s]
 60%|██████    | 21924/36352 [00:04<00:01, 13738.14it/s]
 65%|██████▌   | 23662/36352 [00:04<00:00, 14735.21it/s]
 69%|██████▉   | 25258/36352 [00:04<00:00, 14053.13it/s]
 74%|███████▎  | 26797/36352 [00:04<00:00, 14417.20it/s]
 79%|███████▉  | 28702/36352 [00:04<00:00, 15714.58it/s]
 83%|████████▎ | 30331/36352 [00:04<00:00, 15199.39it/s]
 88%|████████▊ | 31894/36352 [00:04<00:00, 15062.32it/s]
 92%|█████████▏| 33542/36352 [00:05<00:00, 15460.32it/s]
 97%|█████████▋| 35111/36352 [00:05<00:00, 15019.79it/s]
100%|██████████| 36352/36352 [00:05<00:00, 6888.56it/s] 

  0%|          | 0/1144 [00:00<?, ?it/s]
100%|██████████| 1144/1144 [00:00<00:00, 18781.08it/s]

  0%|          | 0/2288 [00:00<?, ?it/s]
 72%|███████▏  | 1637/2288 [00:00<00:00, 16367.48it/s]
100%|██████████| 2288/2288 [00:00<00:00, 16326.50it/s]

  0%|          | 0/4576 [00:00<?, ?it/s]
 37%|███▋      | 1715/4576 [00:00<00:00, 17149.24it/s]
 75%|███████▍  | 3430/4576 [00:00<00:00, 17042.83it/s]
100%|██████████| 4576/4576 [00:00<00:00, 16941.13it/s]

  0%|          | 0/9152 [00:00<?, ?it/s]
 14%|█▎        | 1253/9152 [00:00<00:00, 12527.32it/s]
 30%|██▉       | 2718/9152 [00:00<00:00, 13775.66it/s]
 48%|████▊     | 4382/9152 [00:00<00:00, 15080.39it/s]
 67%|██████▋   | 6146/9152 [00:00<00:00, 16089.11it/s]
 85%|████████▍ | 7755/9152 [00:00<00:00, 15151.36it/s]
100%|██████████| 9152/9152 [00:00<00:00, 14973.42it/s]

  0%|          | 0/9152 [00:00<?, ?it/s]
 18%|█▊        | 1682/9152 [00:00<00:00, 16815.25it/s]
 37%|███▋      | 3364/9152 [00:00<00:00, 16594.58it/s]
 55%|█████▍    | 5024/9152 [00:00<00:00, 15487.83it/s]
 72%|███████▏  | 6581/9152 [00:00<00:00, 15362.11it/s]
 89%|████████▉ | 8139/9152 [00:00<00:00, 15437.02it/s]
100%|██████████| 9152/9152 [00:00<00:00, 15541.97it/s]

  0%|          | 0/36608 [00:00<?, ?it/s]
  4%|▍         | 1513/36608 [00:00<00:02, 15124.43it/s]
  8%|▊         | 3026/36608 [00:00<00:02, 15088.04it/s]
 13%|█▎        | 4665/36608 [00:00<00:02, 15680.90it/s]
 17%|█▋        | 6234/36608 [00:00<00:02, 14234.26it/s]
 21%|██        | 7676/36608 [00:00<00:02, 13746.96it/s]
 25%|██▍       | 9136/36608 [00:00<00:01, 14017.23it/s]
 29%|██▉       | 10642/36608 [00:00<00:01, 14340.85it/s]
 33%|███▎      | 12182/36608 [00:00<00:01, 14667.14it/s]
 37%|███▋      | 13656/36608 [00:00<00:01, 14462.06it/s]
 41%|████▏     | 15108/36608 [00:01<00:01, 14350.33it/s]
 45%|████▌     | 16547/36608 [00:01<00:01, 14055.70it/s]
 49%|████▉     | 17956/36608 [00:01<00:01, 13900.97it/s]
 53%|█████▎    | 19349/36608 [00:01<00:01, 13082.60it/s]
 57%|█████▋    | 20715/36608 [00:01<00:01, 13245.51it/s]
 61%|██████    | 22263/36608 [00:01<00:01, 13885.23it/s]
 65%|██████▍   | 23718/36608 [00:01<00:00, 14078.61it/s]
 69%|██████▊   | 25146/36608 [00:01<00:00, 14137.50it/s]
 73%|███████▎  | 26790/36608 [00:01<00:00, 14817.15it/s]
 77%|███████▋  | 28359/36608 [00:01<00:00, 15075.07it/s]
 82%|████████▏ | 30023/36608 [00:02<00:00, 15540.27it/s]
 86%|████████▋ | 31592/36608 [00:02<00:00, 15584.09it/s]
 91%|█████████ | 33153/36608 [00:02<00:00, 14934.39it/s]
 95%|█████████▌| 34826/36608 [00:02<00:00, 15453.90it/s]
100%|█████████▉| 36482/36608 [00:02<00:00, 15777.27it/s]
100%|██████████| 36608/36608 [00:02<00:00, 14625.42it/s]

  0%|          | 0/1152 [00:00<?, ?it/s]
100%|██████████| 1152/1152 [00:00<00:00, 15907.23it/s]

  0%|          | 0/2304 [00:00<?, ?it/s]
 55%|█████▍    | 1257/2304 [00:00<00:00, 12568.54it/s]
100%|██████████| 2304/2304 [00:00<00:00, 15251.39it/s]

  0%|          | 0/4608 [00:00<?, ?it/s]
 29%|██▉       | 1347/4608 [00:00<00:00, 13456.31it/s]
 68%|██████▊   | 3118/4608 [00:00<00:00, 15946.98it/s]
100%|██████████| 4608/4608 [00:00<00:00, 15444.25it/s]

  0%|          | 0/9216 [00:00<?, ?it/s]
 17%|█▋        | 1531/9216 [00:00<00:00, 15309.43it/s]
 34%|███▍      | 3175/9216 [00:00<00:00, 15968.33it/s]
 52%|█████▏    | 4772/9216 [00:00<00:00, 15859.01it/s]
 70%|██████▉   | 6410/9216 [00:00<00:00, 16060.81it/s]
 89%|████████▊ | 8171/9216 [00:00<00:00, 16607.15it/s]
100%|██████████| 9216/9216 [00:00<00:00, 15941.12it/s]

  0%|          | 0/9216 [00:00<?, ?it/s]
 17%|█▋        | 1564/9216 [00:00<00:00, 15638.34it/s]
 34%|███▍      | 3156/9216 [00:00<00:00, 15800.70it/s]
 51%|█████▏    | 4737/9216 [00:00<00:00, 14692.19it/s]
 67%|██████▋   | 6215/9216 [00:00<00:00, 13720.28it/s]
 85%|████████▌ | 7876/9216 [00:00<00:00, 14685.97it/s]
100%|██████████| 9216/9216 [00:00<00:00, 14540.29it/s]

  0%|          | 0/36864 [00:00<?, ?it/s]
  4%|▍         | 1632/36864 [00:00<00:02, 16312.08it/s]
  9%|▉         | 3264/36864 [00:00<00:02, 16050.62it/s]
 13%|█▎        | 4870/36864 [00:00<00:02, 14015.77it/s]
 18%|█▊        | 6496/36864 [00:00<00:02, 14823.24it/s]
 22%|██▏       | 8121/36864 [00:00<00:01, 15306.37it/s]
 26%|██▋       | 9685/36864 [00:00<00:01, 15395.72it/s]
 31%|███       | 11345/36864 [00:00<00:01, 15776.95it/s]
 35%|███▌      | 12932/36864 [00:00<00:01, 15604.51it/s]
 40%|███▉      | 14566/36864 [00:00<00:01, 15827.16it/s]
 44%|████▍     | 16386/36864 [00:01<00:01, 16544.98it/s]
 49%|████▉     | 18045/36864 [00:01<00:01, 15584.68it/s]
 54%|█████▍    | 19921/36864 [00:01<00:01, 16499.63it/s]
 59%|█████▊    | 21586/36864 [00:01<00:00, 15824.22it/s]
 63%|██████▎   | 23183/36864 [00:01<00:00, 15798.81it/s]
 67%|██████▋   | 24773/36864 [00:01<00:00, 15707.73it/s]
 71%|███████▏  | 26351/36864 [00:01<00:00, 15309.15it/s]
 76%|███████▌  | 27890/36864 [00:01<00:00, 15331.42it/s]
 80%|████████  | 29548/36864 [00:01<00:00, 15693.17it/s]
 84%|████████▍ | 31122/36864 [00:01<00:00, 15278.28it/s]
 89%|████████▊ | 32655/36864 [00:02<00:00, 15013.12it/s]
 93%|█████████▎| 34434/36864 [00:02<00:00, 15815.30it/s]
 98%|█████████▊| 36043/36864 [00:02<00:00, 15893.81it/s]
100%|██████████| 36864/36864 [00:02<00:00, 15578.93it/s]

  0%|          | 0/1160 [00:00<?, ?it/s]
100%|██████████| 1160/1160 [00:00<00:00, 16032.69it/s]

  0%|          | 0/2320 [00:00<?, ?it/s]
 71%|███████▏  | 1656/2320 [00:00<00:00, 16544.04it/s]
100%|██████████| 2320/2320 [00:00<00:00, 14565.04it/s]

  0%|          | 0/4640 [00:00<?, ?it/s]
 37%|███▋      | 1706/4640 [00:00<00:00, 17053.10it/s]
 74%|███████▎  | 3412/4640 [00:00<00:00, 16375.23it/s]
100%|██████████| 4640/4640 [00:00<00:00, 17248.17it/s]

  0%|          | 0/9280 [00:00<?, ?it/s]
 19%|█▉        | 1741/9280 [00:00<00:00, 17405.41it/s]
 38%|███▊      | 3482/9280 [00:00<00:00, 16360.30it/s]
 55%|█████▌    | 5123/9280 [00:00<00:00, 15614.80it/s]
 74%|███████▍  | 6863/9280 [00:00<00:00, 16254.74it/s]
 92%|█████████▏| 8495/9280 [00:00<00:00, 15579.87it/s]
100%|██████████| 9280/9280 [00:00<00:00, 15830.21it/s]

  0%|          | 0/9280 [00:00<?, ?it/s]
 15%|█▍        | 1350/9280 [00:00<00:00, 13458.62it/s]
 29%|██▉       | 2696/9280 [00:00<00:00, 13191.50it/s]
 48%|████▊     | 4467/9280 [00:00<00:00, 15229.14it/s]
 65%|██████▍   | 5993/9280 [00:00<00:00, 14644.24it/s]
 83%|████████▎ | 7687/9280 [00:00<00:00, 15444.85it/s]
100%|█████████▉| 9237/9280 [00:00<00:00, 14839.73it/s]
100%|██████████| 9280/9280 [00:00<00:00, 14734.22it/s]

  0%|          | 0/37120 [00:00<?, ?it/s]
  3%|▎         | 1251/37120 [00:00<00:02, 12505.72it/s]
  7%|▋         | 2715/37120 [00:00<00:02, 13758.15it/s]
 12%|█▏        | 4392/37120 [00:00<00:02, 15132.86it/s]
 16%|█▌        | 5906/37120 [00:00<00:02, 14446.55it/s]
 20%|█▉        | 7356/37120 [00:00<00:02, 13865.15it/s]
 24%|██▎       | 8748/37120 [00:00<00:02, 13275.78it/s]
 28%|██▊       | 10240/37120 [00:00<00:01, 13779.02it/s]
 31%|███▏      | 11631/37120 [00:00<00:01, 13818.14it/s]
 35%|███▌      | 13054/37120 [00:00<00:01, 13942.30it/s]
 39%|███▉      | 14453/37120 [00:01<00:01, 13606.90it/s]
 43%|████▎     | 15818/37120 [00:01<00:01, 13553.46it/s]
 46%|████▋     | 17176/37120 [00:01<00:01, 13371.49it/s]
 51%|█████     | 18779/37120 [00:01<00:01, 14150.56it/s]
 54%|█████▍    | 20198/37120 [00:01<00:01, 14097.80it/s]
 59%|█████▉    | 21958/37120 [00:01<00:01, 15133.97it/s]
 63%|██████▎   | 23550/37120 [00:01<00:00, 15365.92it/s]
 68%|██████▊   | 25211/37120 [00:01<00:00, 15733.49it/s]
 72%|███████▏  | 26886/37120 [00:01<00:00, 16036.11it/s]
 77%|███████▋  | 28508/37120 [00:01<00:00, 16090.48it/s]
 81%|████████  | 30119/37120 [00:02<00:00, 15918.08it/s]
 85%|████████▌ | 31713/37120 [00:02<00:00, 14866.90it/s]
 90%|█████████ | 33467/37120 [00:02<00:00, 15624.49it/s]
 94%|█████████▍| 35044/37120 [00:02<00:00, 14942.48it/s]
 98%|█████████▊| 36553/37120 [00:02<00:00, 14389.58it/s]
100%|██████████| 37120/37120 [00:02<00:00, 14540.19it/s]

  0%|          | 0/1168 [00:00<?, ?it/s]
100%|██████████| 1168/1168 [00:00<00:00, 16450.46it/s]

  0%|          | 0/2336 [00:00<?, ?it/s]
 78%|███████▊  | 1825/2336 [00:00<00:00, 18240.41it/s]
100%|██████████| 2336/2336 [00:00<00:00, 18666.50it/s]

  0%|          | 0/4672 [00:00<?, ?it/s]
 37%|███▋      | 1727/4672 [00:00<00:00, 17268.25it/s]
 74%|███████▍  | 3466/4672 [00:00<00:00, 17334.89it/s]
100%|██████████| 4672/4672 [00:00<00:00, 17430.81it/s]

  0%|          | 0/4672 [00:00<?, ?it/s]
 35%|███▍      | 1625/4672 [00:00<00:00, 16244.67it/s]
 70%|██████▉   | 3250/4672 [00:00<00:00, 15927.29it/s]
100%|██████████| 4672/4672 [00:00<00:00, 15218.63it/s]

  0%|          | 0/9344 [00:00<?, ?it/s]
 17%|█▋        | 1558/9344 [00:00<00:00, 15573.18it/s]
 33%|███▎      | 3116/9344 [00:00<00:00, 14436.08it/s]
 50%|████▉     | 4648/9344 [00:00<00:00, 14821.37it/s]
 66%|██████▌   | 6135/9344 [00:00<00:00, 13984.66it/s]
 84%|████████▍ | 7840/9344 [00:00<00:00, 15030.39it/s]
100%|██████████| 9344/9344 [00:00<00:00, 15533.30it/s]

  0%|          | 0/9344 [00:00<?, ?it/s]
 18%|█▊        | 1664/9344 [00:00<00:00, 16621.63it/s]
 36%|███▌      | 3327/9344 [00:00<00:00, 14468.27it/s]
 53%|█████▎    | 4949/9344 [00:00<00:00, 15206.79it/s]
 70%|███████   | 6561/9344 [00:00<00:00, 15546.90it/s]
 87%|████████▋ | 8127/9344 [00:00<00:00, 14841.53it/s]
100%|██████████| 9344/9344 [00:00<00:00, 15578.24it/s]

  0%|          | 0/37376 [00:00<?, ?it/s]
  4%|▍         | 1569/37376 [00:00<00:02, 15688.82it/s]
  8%|▊         | 3138/37376 [00:00<00:02, 15208.68it/s]
 12%|█▏        | 4660/37376 [00:00<00:02, 14733.71it/s]
 16%|█▋        | 6135/37376 [00:00<00:02, 13714.16it/s]
 20%|██        | 7586/37376 [00:00<00:02, 13980.92it/s]
 25%|██▍       | 9275/37376 [00:00<00:01, 14922.61it/s]
 29%|██▉       | 10777/37376 [00:00<00:01, 14773.11it/s]
 33%|███▎      | 12261/37376 [00:00<00:01, 14337.66it/s]
 37%|███▋      | 13701/37376 [00:00<00:01, 14068.88it/s]
 41%|████      | 15284/37376 [00:01<00:01, 14588.09it/s]
 46%|████▌     | 17039/37376 [00:01<00:01, 15464.47it/s]
 50%|████▉     | 18592/37376 [00:01<00:01, 15256.25it/s]
 54%|█████▍    | 20296/37376 [00:01<00:01, 15780.48it/s]
 59%|█████▉    | 21981/37376 [00:01<00:00, 16096.68it/s]
 63%|██████▎   | 23595/37376 [00:01<00:00, 14658.34it/s]
 68%|██████▊   | 25437/37376 [00:01<00:00, 15703.12it/s]
 72%|███████▏  | 27034/37376 [00:01<00:00, 14675.84it/s]
 76%|███████▋  | 28582/37376 [00:01<00:00, 14891.08it/s]
 81%|████████  | 30260/37376 [00:02<00:00, 15422.85it/s]
 85%|████████▌ | 31842/37376 [00:02<00:00, 15535.03it/s]
 89%|████████▉ | 33441/37376 [00:02<00:00, 15667.01it/s]
 94%|█████████▎| 35018/37376 [00:02<00:00, 15413.90it/s]
 98%|█████████▊| 36615/37376 [00:02<00:00, 15575.13it/s]
100%|██████████| 37376/37376 [00:02<00:00, 15112.17it/s]

  0%|          | 0/1176 [00:00<?, ?it/s]
100%|██████████| 1176/1176 [00:00<00:00, 16056.16it/s]

  0%|          | 0/2352 [00:00<?, ?it/s]
 71%|███████▏  | 1676/2352 [00:00<00:00, 16754.54it/s]
100%|██████████| 2352/2352 [00:00<00:00, 17167.51it/s]

  0%|          | 0/4704 [00:00<?, ?it/s]
 35%|███▍      | 1625/4704 [00:00<00:00, 16243.82it/s]
 70%|███████   | 3309/4704 [00:00<00:00, 16590.89it/s]
100%|██████████| 4704/4704 [00:00<00:00, 16731.23it/s]

  0%|          | 0/9408 [00:00<?, ?it/s]
 17%|█▋        | 1605/9408 [00:00<00:00, 16047.60it/s]
 34%|███▍      | 3210/9408 [00:00<00:00, 14517.31it/s]
 52%|█████▏    | 4890/9408 [00:00<00:00, 15494.33it/s]
 70%|███████   | 6615/9408 [00:00<00:00, 16162.20it/s]
 88%|████████▊ | 8241/9408 [00:00<00:00, 15798.54it/s]
100%|██████████| 9408/9408 [00:00<00:00, 15421.61it/s]

  0%|          | 0/9408 [00:00<?, ?it/s]
 18%|█▊        | 1715/9408 [00:00<00:00, 17148.42it/s]
 36%|███▋      | 3430/9408 [00:00<00:00, 16816.36it/s]
 54%|█████▍    | 5113/9408 [00:00<00:00, 16154.23it/s]
 72%|███████▏  | 6732/9408 [00:00<00:00, 15973.10it/s]
 89%|████████▊ | 8331/9408 [00:00<00:00, 15917.15it/s]
100%|██████████| 9408/9408 [00:00<00:00, 16258.47it/s]

  0%|          | 0/37632 [00:00<?, ?it/s]
  4%|▍         | 1502/37632 [00:00<00:02, 15014.11it/s]
  9%|▊         | 3200/37632 [00:00<00:02, 16165.31it/s]
 13%|█▎        | 4817/37632 [00:00<00:02, 15952.90it/s]
 17%|█▋        | 6413/37632 [00:00<00:02, 15557.11it/s]
 21%|██        | 7971/37632 [00:00<00:02, 14759.83it/s]
 25%|██▌       | 9477/37632 [00:00<00:01, 14855.98it/s]
 29%|██▉       | 10968/37632 [00:00<00:01, 14768.31it/s]
 33%|███▎      | 12510/37632 [00:00<00:01, 14969.26it/s]
 38%|███▊      | 14183/37632 [00:00<00:01, 15507.48it/s]
 42%|████▏     | 15737/37632 [00:01<00:01, 15032.14it/s]
 46%|████▌     | 17245/37632 [00:01<00:01, 14806.50it/s]
 50%|████▉     | 18735/37632 [00:01<00:01, 14832.31it/s]
 54%|█████▍    | 20252/37632 [00:01<00:01, 14930.87it/s]
 58%|█████▊    | 21814/37632 [00:01<00:01, 15134.50it/s]
 62%|██████▏   | 23330/37632 [00:01<00:00, 14890.85it/s]
 66%|██████▌   | 24821/37632 [00:01<00:00, 13954.24it/s]
 70%|██████▉   | 26229/37632 [00:01<00:00, 13523.39it/s]
 74%|███████▍  | 27807/37632 [00:01<00:00, 14156.13it/s]
 78%|███████▊  | 29442/37632 [00:01<00:00, 14783.12it/s]
 82%|████████▏ | 30931/37632 [00:02<00:00, 14780.81it/s]
 86%|████████▌ | 32417/37632 [00:02<00:00, 14657.93it/s]
 90%|█████████ | 33888/37632 [00:02<00:00, 14671.90it/s]
 94%|█████████▍| 35421/37632 [00:02<00:00, 14864.64it/s]
 98%|█████████▊| 37022/37632 [00:02<00:00, 15203.80it/s]
100%|██████████| 37632/37632 [00:02<00:00, 14872.09it/s]

  0%|          | 0/1184 [00:00<?, ?it/s]
100%|██████████| 1184/1184 [00:00<00:00, 12908.74it/s]

  0%|          | 0/2368 [00:00<?, ?it/s]
 68%|██████▊   | 1603/2368 [00:00<00:00, 16029.63it/s]
100%|██████████| 2368/2368 [00:00<00:00, 16685.95it/s]

  0%|          | 0/4736 [00:00<?, ?it/s]
 41%|████▏     | 1955/4736 [00:00<00:00, 19543.87it/s]
 84%|████████▎ | 3958/4736 [00:00<00:00, 19827.66it/s]
100%|██████████| 4736/4736 [00:00<00:00, 19818.46it/s]

  0%|          | 0/4736 [00:00<?, ?it/s]
 30%|███       | 1429/4736 [00:00<00:00, 14275.79it/s]
 68%|██████▊   | 3203/4736 [00:00<00:00, 16310.84it/s]
100%|██████████| 4736/4736 [00:00<00:00, 16714.51it/s]

  0%|          | 0/9472 [00:00<?, ?it/s]
 16%|█▌        | 1522/9472 [00:00<00:00, 15215.92it/s]
 32%|███▏      | 3044/9472 [00:00<00:00, 14719.99it/s]
 51%|█████     | 4834/9472 [00:00<00:00, 16145.55it/s]
 68%|██████▊   | 6452/9472 [00:00<00:00, 16133.60it/s]
 85%|████████▌ | 8068/9472 [00:00<00:00, 15795.49it/s]
100%|██████████| 9472/9472 [00:00<00:00, 16097.63it/s]

  0%|          | 0/9472 [00:00<?, ?it/s]
 16%|█▌        | 1529/9472 [00:00<00:00, 15283.09it/s]
 37%|███▋      | 3464/9472 [00:00<00:00, 17673.17it/s]
 55%|█████▌    | 5232/9472 [00:00<00:00, 16617.17it/s]
 73%|███████▎  | 6912/9472 [00:00<00:00, 16681.83it/s]
 92%|█████████▏| 8724/9472 [00:00<00:00, 17186.40it/s]
100%|██████████| 9472/9472 [00:00<00:00, 17049.83it/s]

  0%|          | 0/37888 [00:00<?, ?it/s]
  5%|▍         | 1745/37888 [00:00<00:02, 17442.66it/s]
  9%|▉         | 3490/37888 [00:00<00:01, 17241.13it/s]
 14%|█▍        | 5228/37888 [00:00<00:01, 17298.46it/s]
 18%|█▊        | 6958/37888 [00:00<00:01, 16702.35it/s]
 23%|██▎       | 8632/37888 [00:00<00:01, 16069.61it/s]
 28%|██▊       | 10449/37888 [00:00<00:01, 16749.63it/s]
 32%|███▏      | 12197/37888 [00:00<00:01, 16980.48it/s]
 37%|███▋      | 14001/37888 [00:00<00:01, 17309.55it/s]
 42%|████▏     | 15834/37888 [00:00<00:01, 17623.17it/s]
 46%|████▋     | 17600/37888 [00:01<00:01, 17453.02it/s]
 51%|█████     | 19348/37888 [00:01<00:01, 16514.64it/s]
 56%|█████▌    | 21093/37888 [00:01<00:01, 16782.15it/s]
 60%|██████    | 22831/37888 [00:01<00:00, 16956.90it/s]
 65%|██████▍   | 24611/37888 [00:01<00:00, 17201.57it/s]
 70%|██████▉   | 26337/37888 [00:01<00:00, 16003.68it/s]
 74%|███████▍  | 28059/37888 [00:01<00:00, 16344.57it/s]
 79%|███████▉  | 29981/37888 [00:01<00:00, 17169.55it/s]
 84%|████████▎ | 31721/37888 [00:01<00:00, 17234.77it/s]
 88%|████████▊ | 33455/37888 [00:01<00:00, 17071.73it/s]
 93%|█████████▎| 35170/37888 [00:02<00:00, 16747.53it/s]
 98%|█████████▊| 36982/37888 [00:02<00:00, 17144.21it/s]
100%|██████████| 37888/37888 [00:02<00:00, 16945.84it/s]

  0%|          | 0/1192 [00:00<?, ?it/s]
100%|██████████| 1192/1192 [00:00<00:00, 19165.51it/s]

  0%|          | 0/2384 [00:00<?, ?it/s]
 85%|████████▌ | 2034/2384 [00:00<00:00, 20331.10it/s]
100%|██████████| 2384/2384 [00:00<00:00, 20013.01it/s]

  0%|          | 0/4768 [00:00<?, ?it/s]
 35%|███▍      | 1646/4768 [00:00<00:00, 16455.82it/s]
 74%|███████▎  | 3509/4768 [00:00<00:00, 17729.78it/s]
100%|██████████| 4768/4768 [00:00<00:00, 17698.21it/s]

  0%|          | 0/9536 [00:00<?, ?it/s]
 19%|█▉        | 1818/9536 [00:00<00:00, 18174.56it/s]
 38%|███▊      | 3636/9536 [00:00<00:00, 16292.35it/s]
 55%|█████▌    | 5278/9536 [00:00<00:00, 15765.72it/s]
 72%|███████▏  | 6875/9536 [00:00<00:00, 15841.03it/s]
 91%|█████████ | 8634/9536 [00:00<00:00, 16443.99it/s]
100%|██████████| 9536/9536 [00:00<00:00, 16396.14it/s]

  0%|          | 0/9536 [00:00<?, ?it/s]
 19%|█▉        | 1820/9536 [00:00<00:00, 18196.89it/s]
 39%|███▉      | 3721/9536 [00:00<00:00, 18672.73it/s]
 59%|█████▊    | 5589/9536 [00:00<00:00, 17683.28it/s]
 77%|███████▋  | 7364/9536 [00:00<00:00, 17479.36it/s]
 97%|█████████▋| 9231/9536 [00:00<00:00, 17895.02it/s]
100%|██████████| 9536/9536 [00:00<00:00, 17894.77it/s]

  0%|          | 0/38144 [00:00<?, ?it/s]
  4%|▍         | 1619/38144 [00:00<00:02, 16174.24it/s]
  8%|▊         | 3237/38144 [00:03<00:39, 886.11it/s]  
 13%|█▎        | 4919/38144 [00:03<00:20, 1586.96it/s]
 17%|█▋        | 6425/38144 [00:03<00:13, 2383.41it/s]
 21%|██        | 8065/38144 [00:03<00:08, 3474.94it/s]
 25%|██▍       | 9480/38144 [00:03<00:06, 4504.12it/s]
 29%|██▉       | 11067/38144 [00:03<00:04, 5915.11it/s]
 33%|███▎      | 12742/38144 [00:03<00:03, 7546.56it/s]
 37%|███▋      | 14303/38144 [00:03<00:02, 8971.89it/s]
 42%|████▏     | 15918/38144 [00:03<00:02, 10419.57it/s]
 46%|████▋     | 17660/38144 [00:04<00:01, 11986.23it/s]
 51%|█████     | 19274/38144 [00:04<00:01, 12645.44it/s]
 55%|█████▍    | 20838/38144 [00:04<00:01, 12886.06it/s]
 59%|█████▉    | 22512/38144 [00:04<00:01, 13876.51it/s]
 63%|██████▎   | 24064/38144 [00:04<00:00, 14252.07it/s]
 67%|██████▋   | 25729/38144 [00:04<00:00, 14913.63it/s]
 72%|███████▏  | 27325/38144 [00:04<00:00, 15209.61it/s]
 76%|███████▌  | 28910/38144 [00:04<00:00, 14584.59it/s]
 80%|███████▉  | 30418/38144 [00:04<00:00, 13433.31it/s]
 84%|████████▎ | 31943/38144 [00:05<00:00, 13919.14it/s]
 88%|████████▊ | 33552/38144 [00:05<00:00, 14519.38it/s]
 92%|█████████▏| 35273/38144 [00:05<00:00, 15280.80it/s]
 97%|█████████▋| 37190/38144 [00:05<00:00, 16398.73it/s]
100%|██████████| 38144/38144 [00:05<00:00, 7078.44it/s] 

  0%|          | 0/1200 [00:00<?, ?it/s]
100%|██████████| 1200/1200 [00:00<00:00, 17496.19it/s]

  0%|          | 0/2400 [00:00<?, ?it/s]
 67%|██████▋   | 1611/2400 [00:00<00:00, 16102.76it/s]
100%|██████████| 2400/2400 [00:00<00:00, 16727.20it/s]

  0%|          | 0/4800 [00:00<?, ?it/s]
 35%|███▍      | 1677/4800 [00:00<00:00, 16765.18it/s]
 71%|███████   | 3391/4800 [00:00<00:00, 16982.14it/s]
100%|██████████| 4800/4800 [00:00<00:00, 16462.16it/s]

  0%|          | 0/4800 [00:00<?, ?it/s]
 38%|███▊      | 1804/4800 [00:00<00:00, 18012.36it/s]
 75%|███████▌  | 3606/4800 [00:00<00:00, 15293.03it/s]
100%|██████████| 4800/4800 [00:00<00:00, 15437.90it/s]

  0%|          | 0/9600 [00:00<?, ?it/s]
 15%|█▌        | 1450/9600 [00:00<00:00, 14493.34it/s]
 32%|███▏      | 3080/9600 [00:00<00:00, 15553.40it/s]
 50%|█████     | 4808/9600 [00:00<00:00, 16340.68it/s]
 68%|██████▊   | 6482/9600 [00:00<00:00, 16496.19it/s]
 85%|████████▍ | 8132/9600 [00:00<00:00, 16323.70it/s]
100%|██████████| 9600/9600 [00:00<00:00, 16157.90it/s]

  0%|          | 0/9600 [00:00<?, ?it/s]
 15%|█▍        | 1425/9600 [00:00<00:00, 14243.56it/s]
 30%|██▉       | 2865/9600 [00:00<00:00, 14334.07it/s]
 45%|████▌     | 4367/9600 [00:00<00:00, 14646.33it/s]
 61%|██████    | 5832/9600 [00:00<00:00, 14396.72it/s]
 79%|███████▉  | 7572/9600 [00:00<00:00, 15465.62it/s]
 97%|█████████▋| 9334/9600 [00:00<00:00, 16190.56it/s]
100%|██████████| 9600/9600 [00:00<00:00, 15457.99it/s]

  0%|          | 0/38400 [00:00<?, ?it/s]
  4%|▍         | 1669/38400 [00:00<00:02, 16684.45it/s]
  9%|▊         | 3338/38400 [00:00<00:02, 15845.40it/s]
 13%|█▎        | 4984/38400 [00:00<00:02, 16116.85it/s]
 18%|█▊        | 6769/38400 [00:00<00:01, 16787.50it/s]
 22%|██▏       | 8488/38400 [00:00<00:01, 16930.53it/s]
 27%|██▋       | 10183/38400 [00:00<00:01, 15741.26it/s]
 31%|███       | 11923/38400 [00:00<00:01, 16251.53it/s]
 35%|███▌      | 13562/38400 [00:00<00:01, 15375.97it/s]
 40%|███▉      | 15263/38400 [00:00<00:01, 15851.70it/s]
 44%|████▍     | 16863/38400 [00:01<00:01, 15248.53it/s]
 48%|████▊     | 18401/38400 [00:01<00:01, 15177.02it/s]
 52%|█████▏    | 19928/38400 [00:01<00:01, 14851.77it/s]
 56%|█████▌    | 21588/38400 [00:01<00:01, 15353.76it/s]
 60%|██████    | 23131/38400 [00:01<00:01, 15005.56it/s]
 64%|██████▍   | 24638/38400 [00:01<00:00, 15014.70it/s]
 68%|██████▊   | 26144/38400 [00:01<00:00, 14739.18it/s]
 72%|███████▏  | 27688/38400 [00:01<00:00, 14941.46it/s]
 76%|███████▋  | 29318/38400 [00:01<00:00, 15336.45it/s]
 80%|████████  | 30855/38400 [00:02<00:00, 14789.97it/s]
 84%|████████▍ | 32340/38400 [00:02<00:00, 14569.99it/s]
 89%|████████▊ | 33987/38400 [00:02<00:00, 15117.59it/s]
 93%|█████████▎| 35718/38400 [00:02<00:00, 15756.31it/s]
 97%|█████████▋| 37299/38400 [00:02<00:00, 15213.57it/s]
100%|██████████| 38400/38400 [00:02<00:00, 15411.89it/s]
